hci(W/m2K), hri(W/m2K), Taire interior(ºC), Tradiante interior(ºC), Carga sensible del espacio(W), hce(W/m2K), hre(W/m2K), Taire exterior(ºC), Tradiante exterior(ºC), Radiación Directa(W/m2), Radiación difusa(W/m2), Angulo Radiación Directa con la normal, Azimuth, Zenit, Caudal de aire (m3/s), Delta T ext-int (ºC)
2.00, 5.70, 19.59, 19.59, -1452.20, 20.00, 4.63, 2.22, 1.40, 0.00, 0.00, 0.00, 0.00, 90.00, 0, 0
2.00, 5.70, 19.50, 19.50, -1181.19, 20.00, 4.63, 9.44, 8.74, 0.00, 0.00, 0.00, 0.00, 90.00, 0, 0
2.00, 5.70, 19.46, 19.46, -1107.37, 20.00, 4.63, 11.67, 10.99, 0.00, 0.00, 0.00, 0.00, 90.00, 0, 0
2.00, 5.70, 19.41, 19.41, -1149.95, 20.00, 4.63, 11.11, 10.43, 0.00, 0.00, 0.00, 0.00, 90.00, 0, 0
2.00, 5.70, 19.34, 19.34, -1193.15, 20.00, 4.63, 10.56, 9.88, 0.00, 0.00, 0.00, 0.00, 90.00, 0, 0
2.00, 5.70, 19.26, 19.26, -1236.99, 20.00, 4.63, 10.00, 9.32, 0.00, 0.00, 0.00, 0.00, 90.00, 0, 0
2.00, 5.70, 19.19, 19.19, -1255.97, 20.00, 4.63, 10.00, 9.32, 0.00, 0.00, 0.00, 0.00, 90.00, 0, 0
2.00, 5.70, 20.00, 20.00, -1206.74, 20.00, 4.63, 9.44, 8.75, 0.00, 0.00, 0.00, 0.00, 90.00, 0, 0
2.00, 5.70, 20.00, 20.00, -1210.11, 20.00, 4.63, 9.44, 8.75, 0.00, 1.58, 0.00, 0.00, 90.00, 0, 0
2.00, 5.70, 20.00, 20.00, -1106.53, 20.00, 4.63, 10.56, 9.86, 0.00, 17.42, 11.41, -51.34, 83.01, 0, 0
2.00, 5.70, 20.26, 20.26, -88.00, 20.00, 4.63, 11.67, 10.99, 425.74, 42.54, 15.30, -39.97, 74.87, 0, 0
2.00, 5.70, 20.47, 20.47, -46.22, 20.00, 4.63, 13.33, 12.65, 293.41, 59.23, 26.10, -27.02, 68.58, 0, 0
2.00, 5.70, 20.41, 20.41, -454.94, 20.00, 4.63, 13.89, 13.21, 53.47, 44.41, 38.25, -12.58, 64.72, 0, 0
2.00, 5.70, 20.26, 20.26, -683.63, 20.00, 4.63, 13.33, 12.65, 0.00, 26.93, 50.66, 2.71, 63.74, 0, 0
2.00, 5.70, 20.08, 20.08, -849.91, 20.00, 4.63, 12.22, 11.54, 0.00, 8.71, 62.97, 17.81, 65.77, 0, 0
2.00, 5.70, 20.00, 20.00, -822.36, 20.00, 4.63, 12.22, 11.54, 0.41, 18.94, 75.00, 31.77, 70.55, 0, 0
2.00, 5.70, 20.00, 20.00, -829.60, 20.00, 4.63, 12.22, 11.54, 0.86, 20.20, 86.53, 44.15, 77.56, 0, 0
2.00, 5.70, 20.00, 20.00, -922.66, 20.00, 4.63, 11.67, 10.97, 0.00, 7.13, 0.00, 55.01, 86.22, 0, 0
2.00, 5.70, 20.00, 20.00, -910.13, 20.00, 4.63, 11.11, 10.43, 0.00, 0.79, 0.00, 0.00, 90.00, 0, 0
2.00, 5.70, 20.00, 20.00, -732.29, 20.00, 4.63, 11.11, 10.43, 0.00, 0.00, 0.00, 0.00, 90.00, 0, 0
2.00, 5.70, 20.00, 20.00, -748.83, 20.00, 4.63, 10.56, 9.86, 0.00, 0.00, 0.00, 0.00, 90.00, 0, 0
2.00, 5.70, 20.00, 20.00, -745.83, 20.00, 4.63, 10.56, 9.86, 0.00, 0.00, 0.00, 0.00, 90.00, 0, 0
2.00, 5.70, 20.00, 20.00, -768.17, 20.00, 4.63, 10.00, 9.30, 0.00, 0.00, 0.00, 0.00, 90.00, 0, 0
2.00, 5.70, 19.85, 19.85, -924.36, 20.00, 4.63, 10.00, 9.30, 0.00, 0.00, 0.00, 0.00, 90.00, 0, 0
2.00, 5.70, 19.66, 19.66, -1110.62, 20.00, 4.63, 10.00, 9.30, 0.00, 0.00, 0.00, 0.00, 90.00, 0, 0
2.00, 5.70, 19.49, 19.49, -1178.08, 20.00, 4.63, 9.44, 8.74, 0.00, 0.00, 0.00, 0.00, 90.00, 0, 0
2.00, 5.70, 19.34, 19.34, -1239.88, 20.00, 4.63, 8.89, 8.19, 0.00, 0.00, 0.00, 0.00, 90.00, 0, 0
2.00, 5.70, 19.19, 19.19, -1298.70, 20.00, 4.63, 8.33, 7.63, 0.00, 0.00, 0.00, 0.00, 90.00, 0, 0
2.00, 5.70, 19.06, 19.06, -1355.87, 20.00, 4.63, 7.78, 7.07, 0.00, 0.00, 0.00, 0.00, 90.00, 0, 0
2.00, 5.70, 18.94, 18.94, -1386.15, 20.00, 4.63, 7.78, 7.07, 0.00, 0.00, 0.00, 0.00, 90.00, 0, 0
2.00, 5.70, 18.82, 18.82, -1439.81, 20.00, 4.63, 7.22, 6.50, 0.00, 0.00, 0.00, 0.00, 90.00, 0, 0
2.00, 5.70, 20.00, 20.00, -1342.31, 20.00, 4.63, 6.67, 5.96, 0.00, 0.00, 0.00, 0.00, 90.00, 0, 0
2.00, 5.70, 20.00, 20.00, -1351.40, 20.00, 4.63, 6.67, 5.96, 0.00, 1.58, 0.00, 0.00, 90.00, 0, 0
2.00, 5.70, 20.00, 20.00, -1259.00, 20.00, 4.63, 7.78, 7.07, 0.00, 15.84, 11.51, -51.47, 83.01, 0, 0
2.00, 5.70, 20.00, 20.00, -547.20, 20.00, 4.63, 9.44, 8.74, 282.80, 37.88, 15.30, -40.11, 74.86, 0, 0
2.00, 5.70, 20.07, 20.07, -391.03, 20.00, 4.63, 11.11, 10.41, 237.56, 56.01, 26.05, -27.16, 68.55, 0, 0
2.00, 5.70, 20.00, 20.00, -709.62, 20.00, 4.63, 11.67, 10.96, 49.53, 42.99, 38.20, -12.71, 64.66, 0, 0
2.00, 5.70, 20.00, 20.00, -723.78, 20.00, 4.63, 11.67, 10.97, 27.13, 49.60, 50.60, 2.60, 63.65, 0, 0
2.00, 5.70, 20.00, 20.00, -721.63, 20.00, 4.63, 12.22, 11.52, 16.61, 48.86, 62.92, 17.73, 65.67, 0, 0
2.00, 5.70, 20.00, 20.00, -619.30, 20.00, 4.63, 12.22, 11.52, 36.60, 49.37, 74.96, 31.71, 70.43, 0, 0
2.00, 5.70, 20.00, 20.00, -740.79, 20.00, 4.63, 12.22, 11.52, 7.40, 29.89, 86.50, 44.11, 77.43, 0, 0
2.00, 5.70, 20.00, 20.00, -936.87, 20.00, 4.63, 11.11, 10.41, 0.00, 7.92, 0.00, 54.99, 86.09, 0, 0
2.00, 5.70, 20.00, 20.00, -934.53, 20.00, 4.63, 10.56, 9.86, 0.00, 0.79, 0.00, 0.00, 90.00, 0, 0
2.00, 5.70, 20.00, 20.00, -762.61, 20.00, 4.63, 10.56, 9.85, 0.00, 0.00, 0.00, 0.00, 90.00, 0, 0
2.00, 5.70, 20.00, 20.00, -781.74, 20.00, 4.63, 10.00, 9.30, 0.00, 0.00, 0.00, 0.00, 90.00, 0, 0
2.00, 5.70, 20.00, 20.00, -780.50, 20.00, 4.63, 10.00, 9.30, 0.00, 0.00, 0.00, 0.00, 90.00, 0, 0
2.00, 5.70, 20.00, 20.00, -804.50, 20.00, 4.63, 9.44, 8.74, 0.00, 0.00, 0.00, 0.00, 90.00, 0, 0
2.00, 5.70, 19.80, 19.80, -970.83, 20.00, 4.63, 9.44, 8.74, 0.00, 0.00, 0.00, 0.00, 90.00, 0, 0
2.00, 5.70, 19.55, 19.55, -1190.09, 20.00, 4.63, 8.89, 8.19, 0.00, 0.00, 0.00, 0.00, 90.00, 0, 0
2.00, 5.70, 19.36, 19.36, -1239.52, 20.00, 4.63, 8.89, 8.17, 0.00, 0.00, 0.00, 0.00, 90.00, 0, 0
2.00, 5.70, 19.18, 19.18, -1305.01, 20.00, 4.63, 8.33, 7.63, 0.00, 0.00, 0.00, 0.00, 90.00, 0, 0
2.00, 5.70, 19.04, 19.04, -1340.72, 20.00, 4.63, 8.33, 7.63, 0.00, 0.00, 0.00, 0.00, 90.00, 0, 0
2.00, 5.70, 18.91, 18.91, -1371.68, 20.00, 4.63, 8.33, 7.63, 0.00, 0.00, 0.00, 0.00, 90.00, 0, 0
2.00, 5.70, 18.79, 18.79, -1425.24, 20.00, 4.63, 7.78, 7.07, 0.00, 0.00, 0.00, 0.00, 90.00, 0, 0
2.00, 5.70, 18.68, 18.68, -1452.60, 20.00, 4.63, 7.78, 7.07, 0.00, 0.00, 0.00, 0.00, 90.00, 0, 0
2.00, 5.70, 20.00, 20.00, -1306.91, 20.00, 4.63, 7.78, 7.07, 0.00, 0.00, 0.00, 0.00, 90.00, 0, 0
2.00, 5.70, 20.00, 20.00, -1313.09, 20.00, 4.63, 7.78, 7.07, 0.00, 1.58, 0.00, 0.00, 90.00, 0, 0
2.00, 5.70, 20.00, 20.00, -1248.70, 20.00, 4.63, 8.33, 7.63, 0.00, 14.26, 11.62, -51.61, 83.01, 0, 0
2.00, 5.70, 20.00, 20.00, -928.83, 20.00, 4.63, 10.00, 9.30, 91.22, 32.48, 15.30, -40.24, 74.84, 0, 0
2.00, 5.70, 20.00, 20.00, -831.30, 20.00, 4.63, 11.11, 10.41, 72.11, 45.53, 26.01, -27.29, 68.50, 0, 0
2.00, 5.70, 20.00, 20.00, -878.63, 20.00, 4.63, 11.67, 10.97, 19.82, 43.49, 38.14, -12.84, 64.59, 0, 0
2.00, 5.70, 20.00, 20.00, -739.98, 20.00, 4.63, 12.22, 11.52, 38.73, 55.13, 50.55, 2.49, 63.56, 0, 0
2.00, 5.70, 20.00, 20.00, -745.45, 20.00, 4.63, 12.78, 12.09, 18.83, 51.77, 62.87, 17.64, 65.56, 0, 0
2.00, 5.70, 20.00, 20.00, -869.69, 20.00, 4.63, 12.22, 11.52, 2.43, 27.31, 74.91, 31.65, 70.31, 0, 0
2.00, 5.70, 20.00, 20.00, -958.14, 20.00, 4.63, 11.67, 10.97, 0.00, 13.46, 86.47, 44.08, 77.30, 0, 0
2.00, 5.70, 20.00, 20.00, -1026.55, 20.00, 4.63, 11.11, 10.41, 0.00, 4.75, 0.00, 54.97, 85.96, 0, 0
2.00, 5.70, 20.00, 20.00, -1006.52, 20.00, 4.63, 10.56, 9.86, 0.00, 0.00, 0.00, 0.00, 90.00, 0, 0
2.00, 5.70, 20.00, 20.00, -824.58, 20.00, 4.63, 10.56, 9.86, 0.00, 0.00, 0.00, 0.00, 90.00, 0, 0
2.00, 5.70, 20.00, 20.00, -838.26, 20.00, 4.63, 10.00, 9.30, 0.00, 0.00, 0.00, 0.00, 90.00, 0, 0
2.00, 5.70, 20.00, 20.00, -832.58, 20.00, 4.63, 10.00, 9.30, 0.00, 0.00, 0.00, 0.00, 90.00, 0, 0
2.00, 5.70, 20.00, 20.00, -828.68, 20.00, 4.63, 10.00, 9.30, 0.00, 0.00, 0.00, 0.00, 90.00, 0, 0
2.00, 5.70, 19.76, 19.76, -1022.94, 20.00, 4.63, 9.44, 8.74, 0.00, 0.00, 0.00, 0.00, 90.00, 0, 0
2.00, 5.70, 19.50, 19.50, -1219.07, 20.00, 4.63, 9.44, 8.74, 0.00, 0.00, 0.00, 0.00, 90.00, 0, 0
2.00, 5.70, 19.28, 19.28, -1292.86, 20.00, 4.63, 8.89, 8.19, 0.00, 0.00, 0.00, 0.00, 90.00, 0, 0
2.00, 5.70, 19.10, 19.10, -1333.10, 20.00, 4.63, 8.89, 8.17, 0.00, 0.00, 0.00, 0.00, 90.00, 0, 0
2.00, 5.70, 18.94, 18.94, -1392.02, 20.00, 4.63, 8.33, 7.63, 0.00, 0.00, 0.00, 0.00, 90.00, 0, 0
2.00, 5.70, 18.81, 18.81, -1422.63, 20.00, 4.63, 8.33, 7.63, 0.00, 0.00, 0.00, 0.00, 90.00, 0, 0
2.00, 5.70, 18.68, 18.68, -1475.45, 20.00, 4.63, 7.78, 7.07, 0.00, 0.00, 0.00, 0.00, 90.00, 0, 0
2.00, 5.70, 18.57, 18.57, -1501.89, 20.00, 4.63, 7.78, 7.07, 0.00, 0.00, 0.00, 0.00, 90.00, 0, 0
2.00, 5.70, 20.00, 20.00, -1357.07, 20.00, 4.63, 7.22, 6.52, 0.00, 0.00, 0.00, 0.00, 90.00, 0, 0
2.00, 5.70, 20.00, 20.00, -1366.24, 20.00, 4.63, 7.22, 6.52, 0.00, 0.79, 0.00, 0.00, 90.00, 0, 0
2.00, 5.70, 20.00, 20.00, -1327.57, 20.00, 4.63, 7.78, 7.08, 0.00, 7.13, 11.73, -51.74, 83.01, 0, 0
2.00, 5.70, 20.00, 20.00, -1289.93, 20.00, 4.63, 8.33, 7.63, 0.00, 11.88, 15.31, -40.38, 74.81, 0, 0
2.00, 5.70, 20.00, 20.00, -1156.32, 20.00, 4.63, 8.89, 8.19, 16.03, 32.03, 25.97, -27.43, 68.45, 0, 0
2.00, 5.70, 20.00, 20.00, -1068.16, 20.00, 4.63, 10.00, 9.30, 7.93, 41.63, 38.10, -12.97, 64.52, 0, 0
2.00, 5.70, 20.00, 20.00, -1048.63, 20.00, 4.63, 10.56, 9.85, 1.29, 39.51, 50.50, 2.38, 63.46, 0, 0
2.00, 5.70, 20.00, 20.00, -1096.21, 20.00, 4.63, 10.56, 9.85, 0.00, 25.34, 62.83, 17.56, 65.44, 0, 0
2.00, 5.70, 20.00, 20.00, -1089.92, 20.00, 4.63, 10.56, 9.85, 0.00, 20.59, 74.88, 31.60, 70.18, 0, 0
2.00, 5.70, 20.00, 20.00, -1143.24, 20.00, 4.63, 10.00, 9.30, 0.00, 12.67, 86.44, 44.05, 77.17, 0, 0
2.00, 5.70, 20.00, 20.00, -1181.35, 20.00, 4.63, 10.00, 9.30, 0.00, 3.96, 0.00, 54.96, 85.82, 0, 0
2.00, 5.70, 20.00, 20.00, -1150.03, 20.00, 4.63, 9.44, 8.74, 0.00, 0.79, 0.00, 0.00, 90.00, 0, 0
2.00, 5.70, 20.00, 20.00, -990.57, 20.00, 4.63, 8.89, 8.19, 0.00, 0.00, 0.00, 0.00, 90.00, 0, 0
2.00, 5.70, 20.00, 20.00, -977.99, 20.00, 4.63, 8.89, 8.17, 0.00, 0.00, 0.00, 0.00, 90.00, 0, 0
2.00, 5.70, 20.00, 20.00, -993.65, 20.00, 4.63, 8.33, 7.63, 0.00, 0.00, 0.00, 0.00, 90.00, 0, 0
2.00, 5.70, 20.00, 20.00, -988.61, 20.00, 4.63, 8.33, 7.61, 0.00, 0.00, 0.00, 0.00, 90.00, 0, 0
2.00, 5.70, 19.67, 19.67, -1196.18, 20.00, 4.63, 7.78, 7.07, 0.00, 0.00, 0.00, 0.00, 90.00, 0, 0
2.00, 5.70, 19.34, 19.34, -1401.72, 20.00, 4.63, 7.78, 7.05, 0.00, 0.00, 0.00, 0.00, 90.00, 0, 0
2.00, 5.70, 19.07, 19.07, -1482.41, 20.00, 4.63, 7.22, 6.50, 0.00, 0.00, 0.00, 0.00, 90.00, 0, 0
2.00, 5.70, 18.84, 18.84, -1553.63, 20.00, 4.63, 6.67, 5.94, 0.00, 0.00, 0.00, 0.00, 90.00, 0, 0
2.00, 5.70, 18.65, 18.65, -1592.81, 20.00, 4.63, 6.67, 5.94, 0.00, 0.00, 0.00, 0.00, 90.00, 0, 0
2.00, 5.70, 18.48, 18.48, -1652.13, 20.00, 4.63, 6.11, 5.39, 0.00, 0.00, 0.00, 0.00, 90.00, 0, 0
2.00, 5.70, 18.32, 18.32, -1709.79, 20.00, 4.63, 5.56, 4.83, 0.00, 0.00, 0.00, 0.00, 90.00, 0, 0
2.00, 5.70, 18.18, 18.18, -1740.08, 20.00, 4.63, 5.56, 4.83, 0.00, 0.00, 0.00, 0.00, 90.00, 0, 0
2.00, 5.70, 20.00, 20.00, -1543.17, 20.00, 4.63, 5.00, 4.27, 0.00, 0.00, 0.00, 0.00, 90.00, 0, 0
2.00, 5.70, 20.00, 20.00, -1563.21, 20.00, 4.63, 5.00, 4.27, 0.00, 1.58, 0.00, 0.00, 90.00, 0, 0
2.00, 5.70, 20.00, 20.00, -1155.26, 20.00, 4.63, 6.11, 5.38, 160.54, 15.35, 11.86, -51.89, 82.99, 0, 0
2.00, 5.70, 20.00, 20.00, -1189.23, 20.00, 4.63, 7.22, 6.50, 69.90, 29.67, 15.32, -40.53, 74.78, 0, 0
2.00, 5.70, 20.00, 20.00, -1057.63, 20.00, 4.63, 8.33, 7.61, 72.19, 45.52, 25.94, -27.57, 68.40, 0, 0
2.00, 5.70, 20.00, 20.00, -757.02, 20.00, 4.63, 10.00, 9.28, 126.83, 63.34, 38.05, -13.10, 64.44, 0, 0
2.00, 5.70, 20.07, 20.07, -297.62, 20.00, 4.63, 11.11, 10.39, 207.19, 83.67, 50.45, 2.28, 63.36, 0, 0
2.00, 5.70, 20.02, 20.02, -515.12, 20.00, 4.63, 11.67, 10.96, 86.80, 69.45, 62.79, 17.48, 65.32, 0, 0
2.00, 5.70, 20.00, 20.00, -778.38, 20.00, 4.63, 11.67, 10.96, 15.69, 43.26, 74.84, 31.55, 70.05, 0, 0
2.00, 5.70, 20.00, 20.00, -893.51, 20.00, 4.63, 11.11, 10.39, 4.46, 28.81, 86.42, 44.02, 77.03, 0, 0
2.00, 5.70, 20.00, 20.00, -1024.28, 20.00, 4.63, 10.56, 9.83, 0.00, 11.09, 0.00, 54.96, 85.68, 0, 0
2.00, 5.70, 20.00, 20.00, -1035.08, 20.00, 4.63, 10.00, 9.28, 0.00, 0.79, 0.00, 0.00, 90.00, 0, 0
2.00, 5.70, 20.00, 20.00, -879.31, 20.00, 4.63, 9.44, 8.72, 0.00, 0.00, 0.00, 0.00, 90.00, 0, 0
2.00, 5.70, 20.00, 20.00, -874.74, 20.00, 4.63, 9.44, 8.72, 0.00, 0.00, 0.00, 0.00, 90.00, 0, 0
2.00, 5.70, 20.00, 20.00, -896.55, 20.00, 4.63, 8.89, 8.17, 0.00, 0.00, 0.00, 0.00, 90.00, 0, 0
2.00, 5.70, 20.00, 20.00, -896.41, 20.00, 4.63, 8.89, 8.16, 0.00, 0.00, 0.00, 0.00, 90.00, 0, 0
2.00, 5.70, 19.70, 19.70, -1103.56, 20.00, 4.63, 8.33, 7.61, 0.00, 0.00, 0.00, 0.00, 90.00, 0, 0
2.00, 5.70, 19.40, 19.40, -1309.21, 20.00, 4.63, 8.33, 7.61, 0.00, 0.00, 0.00, 0.00, 90.00, 0, 0
2.00, 5.70, 19.15, 19.15, -1390.52, 20.00, 4.63, 7.78, 7.05, 0.00, 0.00, 0.00, 0.00, 90.00, 0, 0
2.00, 5.70, 18.95, 18.95, -1436.35, 20.00, 4.63, 7.78, 7.05, 0.00, 0.00, 0.00, 0.00, 90.00, 0, 0
2.00, 5.70, 18.77, 18.77, -1500.11, 20.00, 4.63, 7.22, 6.49, 0.00, 0.00, 0.00, 0.00, 90.00, 0, 0
2.00, 5.70, 18.60, 18.60, -1560.57, 20.00, 4.63, 6.67, 5.94, 0.00, 0.00, 0.00, 0.00, 90.00, 0, 0
2.00, 5.70, 18.46, 18.46, -1592.97, 20.00, 4.63, 6.67, 5.94, 0.00, 0.00, 0.00, 0.00, 90.00, 0, 0
2.00, 5.70, 18.32, 18.32, -1648.13, 20.00, 4.63, 6.11, 5.38, 0.00, 0.00, 0.00, 0.00, 90.00, 0, 0
2.00, 5.70, 20.00, 20.00, -1374.59, 20.00, 4.63, 6.11, 5.38, 0.00, 0.00, 0.00, 0.00, 90.00, 0, 0
2.00, 5.70, 20.00, 20.00, -1390.95, 20.00, 4.63, 6.11, 5.38, 0.00, 0.79, 0.00, 0.00, 90.00, 0, 0
2.00, 5.70, 20.00, 20.00, -1374.89, 20.00, 4.63, 6.11, 5.39, 0.00, 7.13, 11.98, -52.03, 82.97, 0, 0
2.00, 5.70, 20.00, 20.00, -1289.17, 20.00, 4.63, 7.22, 6.50, 0.00, 17.42, 15.35, -40.67, 74.74, 0, 0
2.00, 5.70, 20.00, 20.00, -1273.68, 20.00, 4.63, 7.22, 6.50, 0.00, 20.59, 25.92, -27.72, 68.34, 0, 0
2.00, 5.70, 20.00, 20.00, -1245.66, 20.00, 4.63, 7.78, 7.07, 0.00, 20.59, 38.01, -13.23, 64.35, 0, 0
2.00, 5.70, 20.00, 20.00, -1239.19, 20.00, 4.63, 7.78, 7.07, 0.00, 21.38, 50.41, 2.17, 63.25, 0, 0
2.00, 5.70, 20.00, 20.00, -1248.78, 20.00, 4.63, 7.78, 7.07, 0.00, 18.22, 62.75, 17.41, 65.19, 0, 0
2.00, 5.70, 20.00, 20.00, -1213.82, 20.00, 4.63, 8.33, 7.63, 0.00, 20.59, 74.81, 31.50, 69.91, 0, 0
2.00, 5.70, 20.00, 20.00, -1257.46, 20.00, 4.63, 7.78, 7.07, 0.00, 15.05, 86.40, 44.00, 76.88, 0, 0
2.00, 5.70, 20.00, 20.00, -1297.22, 20.00, 4.63, 7.78, 7.07, 0.00, 5.54, 0.00, 54.96, 85.53, 0, 0
2.00, 5.70, 20.00, 20.00, -1272.45, 20.00, 4.63, 7.22, 6.52, 0.00, 0.79, 0.00, 0.00, 90.00, 0, 0
2.00, 5.70, 20.00, 20.00, -1078.28, 20.00, 4.63, 7.22, 6.52, 0.00, 0.00, 0.00, 0.00, 90.00, 0, 0
2.00, 5.70, 20.00, 20.00, -1063.64, 20.00, 4.63, 7.22, 6.52, 0.00, 0.00, 0.00, 0.00, 90.00, 0, 0
2.00, 5.70, 20.00, 20.00, -1053.58, 20.00, 4.63, 7.22, 6.52, 0.00, 0.00, 0.00, 0.00, 90.00, 0, 0
2.00, 5.70, 20.00, 20.00, -1045.99, 20.00, 4.63, 7.22, 6.52, 0.00, 0.00, 0.00, 0.00, 90.00, 0, 0
2.00, 5.70, 19.60, 19.60, -1308.76, 20.00, 4.63, 6.67, 5.96, 0.00, 0.00, 0.00, 0.00, 90.00, 0, 0
2.00, 5.70, 19.22, 19.22, -1523.96, 20.00, 4.63, 6.67, 5.96, 0.00, 0.00, 0.00, 0.00, 90.00, 0, 0
2.00, 5.70, 18.93, 18.93, -1585.41, 20.00, 4.63, 6.67, 5.96, 0.00, 0.00, 0.00, 0.00, 90.00, 0, 0
2.00, 5.70, 18.69, 18.69, -1632.87, 20.00, 4.63, 6.67, 5.96, 0.00, 0.00, 0.00, 0.00, 90.00, 0, 0
2.00, 5.70, 18.51, 18.51, -1645.06, 20.00, 4.63, 7.22, 6.50, 0.00, 0.00, 0.00, 0.00, 90.00, 0, 0
2.00, 5.70, 18.36, 18.36, -1674.54, 20.00, 4.63, 7.22, 6.50, 0.00, 0.00, 0.00, 0.00, 90.00, 0, 0
2.00, 5.70, 18.23, 18.23, -1699.66, 20.00, 4.63, 7.22, 6.52, 0.00, 0.00, 0.00, 0.00, 90.00, 0, 0
2.00, 5.70, 18.12, 18.12, -1721.71, 20.00, 4.63, 7.22, 6.52, 0.00, 0.00, 0.00, 0.00, 90.00, 0, 0
2.00, 5.70, 20.00, 20.00, -1409.84, 20.00, 4.63, 7.22, 6.52, 0.00, 0.00, 0.00, 0.00, 90.00, 0, 0
2.00, 5.70, 20.00, 20.00, -1418.77, 20.00, 4.63, 7.22, 6.52, 0.00, 0.79, 0.00, 0.00, 90.00, 0, 0
2.00, 5.70, 20.00, 20.00, -1421.71, 20.00, 4.63, 7.22, 6.52, 0.00, 0.79, 12.12, -52.18, 82.95, 0, 0
2.00, 5.70, 20.00, 20.00, -1342.84, 20.00, 4.63, 7.78, 7.08, 0.00, 15.05, 15.38, -40.82, 74.69, 0, 0
2.00, 5.70, 20.00, 20.00, -1181.92, 20.00, 4.63, 8.89, 8.19, 10.70, 36.13, 25.90, -27.86, 68.27, 0, 0
2.00, 5.70, 20.00, 20.00, -1043.86, 20.00, 4.63, 10.00, 9.30, 17.82, 48.32, 37.98, -13.36, 64.25, 0, 0
2.00, 5.70, 20.00, 20.00, -1071.80, 20.00, 4.63, 10.56, 9.85, 5.12, 33.69, 50.38, 2.06, 63.13, 0, 0
2.00, 5.70, 20.00, 20.00, -1109.43, 20.00, 4.63, 10.56, 9.85, 0.00, 23.76, 62.72, 17.33, 65.05, 0, 0
2.00, 5.70, 20.00, 20.00, -1124.81, 20.00, 4.63, 10.56, 9.85, 0.00, 18.22, 74.79, 31.46, 69.76, 0, 0
2.00, 5.70, 20.00, 20.00, -1179.64, 20.00, 4.63, 10.00, 9.30, 0.00, 9.50, 86.39, 43.99, 76.73, 0, 0
2.00, 5.70, 20.00, 20.00, -1206.31, 20.00, 4.63, 10.00, 9.28, 0.00, 3.17, 0.00, 54.96, 85.38, 0, 0
2.00, 5.70, 20.00, 20.00, -1168.37, 20.00, 4.63, 9.44, 8.74, 0.00, 0.79, 0.00, 0.00, 90.00, 0, 0
2.00, 5.70, 20.00, 20.00, -970.95, 20.00, 4.63, 9.44, 8.74, 0.00, 0.00, 0.00, 0.00, 90.00, 0, 0
2.00, 5.70, 20.00, 20.00, -976.24, 20.00, 4.63, 8.89, 8.17, 0.00, 0.00, 0.00, 0.00, 90.00, 0, 0
2.00, 5.70, 20.00, 20.00, -963.14, 20.00, 4.63, 8.89, 8.17, 0.00, 0.00, 0.00, 0.00, 90.00, 0, 0
2.00, 5.70, 20.00, 20.00, -976.93, 20.00, 4.63, 8.33, 7.61, 0.00, 0.00, 0.00, 0.00, 90.00, 0, 0
2.00, 5.70, 19.65, 19.65, -1210.51, 20.00, 4.63, 8.33, 7.61, 0.00, 0.00, 0.00, 0.00, 90.00, 0, 0
2.00, 5.70, 19.30, 19.30, -1420.57, 20.00, 4.63, 8.33, 7.59, 0.00, 0.00, 0.00, 0.00, 90.00, 0, 0
2.00, 5.70, 19.00, 19.00, -1529.17, 20.00, 4.63, 7.22, 6.50, 0.00, 0.00, 0.00, 0.00, 90.00, 0, 0
2.00, 5.70, 18.76, 18.76, -1603.15, 20.00, 4.63, 6.67, 5.94, 0.00, 0.00, 0.00, 0.00, 90.00, 0, 0
2.00, 5.70, 18.54, 18.54, -1670.04, 20.00, 4.63, 6.11, 5.38, 0.00, 0.00, 0.00, 0.00, 90.00, 0, 0
2.00, 5.70, 18.35, 18.35, -1732.64, 20.00, 4.63, 5.56, 4.81, 0.00, 0.00, 0.00, 0.00, 90.00, 0, 0
2.00, 5.70, 18.18, 18.18, -1792.66, 20.00, 4.63, 5.00, 4.25, 0.00, 0.00, 0.00, 0.00, 90.00, 0, 0
2.00, 5.70, 18.01, 18.01, -1851.09, 20.00, 4.63, 4.44, 3.71, 0.00, 0.00, 0.00, 0.00, 90.00, 0, 0
2.00, 5.70, 20.00, 20.00, -1621.55, 20.00, 4.63, 3.89, 3.14, 0.00, 0.00, 0.00, 0.00, 90.00, 0, 0
2.00, 5.70, 20.00, 20.00, -1668.87, 20.00, 4.63, 3.33, 2.60, 0.00, 1.58, 0.00, 0.00, 90.00, 0, 0
2.00, 5.70, 20.00, 20.00, -720.85, 20.00, 4.63, 5.00, 4.25, 416.15, 18.83, 12.26, -52.34, 82.92, 0, 0
2.00, 5.70, 20.12, 20.12, -135.92, 20.00, 4.63, 7.22, 6.49, 555.57, 48.06, 15.41, -40.97, 74.64, 0, 0
2.00, 5.70, 20.21, 20.21, -136.64, 20.00, 4.63, 9.44, 8.70, 393.35, 66.62, 25.88, -28.01, 68.19, 0, 0
2.00, 5.70, 20.09, 20.09, -517.53, 20.00, 4.63, 10.00, 9.27, 132.56, 64.61, 37.95, -13.49, 64.15, 0, 0
2.00, 5.70, 20.00, 20.00, -665.36, 20.00, 4.63, 10.56, 9.81, 44.69, 62.54, 50.34, 1.96, 63.01, 0, 0
2.00, 5.70, 20.00, 20.00, -605.17, 20.00, 4.63, 11.11, 10.38, 53.12, 64.34, 62.69, 17.26, 64.91, 0, 0
2.00, 5.70, 20.00, 20.00, -676.85, 20.00, 4.63, 11.11, 10.36, 30.82, 52.35, 74.77, 31.43, 69.61, 0, 0
2.00, 5.70, 20.00, 20.00, -816.87, 20.00, 4.63, 10.56, 9.81, 8.36, 33.95, 86.38, 43.98, 76.58, 0, 0
2.00, 5.70, 20.00, 20.00, -1004.90, 20.00, 4.63, 9.44, 8.70, 0.00, 13.46, 0.00, 54.97, 85.22, 0, 0
2.00, 5.70, 20.00, 20.00, -1032.37, 20.00, 4.63, 8.89, 8.14, 0.00, 0.79, 0.00, 0.00, 90.00, 0, 0
2.00, 5.70, 20.00, 20.00, -883.05, 20.00, 4.63, 8.33, 7.59, 0.00, 0.00, 0.00, 0.00, 90.00, 0, 0
2.00, 5.70, 20.00, 20.00, -909.01, 20.00, 4.63, 7.78, 7.03, 0.00, 0.00, 0.00, 0.00, 90.00, 0, 0
2.00, 5.70, 20.00, 20.00, -937.78, 20.00, 4.63, 7.22, 6.47, 0.00, 0.00, 0.00, 0.00, 90.00, 0, 0
2.00, 5.70, 20.00, 20.00, -943.60, 20.00, 4.63, 7.22, 6.47, 0.00, 0.00, 0.00, 0.00, 90.00, 0, 0
2.00, 5.70, 19.67, 19.67, -1165.29, 20.00, 4.63, 6.67, 5.90, 0.00, 0.00, 0.00, 0.00, 90.00, 0, 0
2.00, 5.70, 19.32, 19.32, -1408.58, 20.00, 4.63, 6.11, 5.36, 0.00, 0.00, 0.00, 0.00, 90.00, 0, 0
2.00, 5.70, 19.03, 19.03, -1502.22, 20.00, 4.63, 5.56, 4.80, 0.00, 0.00, 0.00, 0.00, 90.00, 0, 0
2.00, 5.70, 18.79, 18.79, -1584.71, 20.00, 4.63, 5.00, 4.25, 0.00, 0.00, 0.00, 0.00, 90.00, 0, 0
2.00, 5.70, 18.58, 18.58, -1634.16, 20.00, 4.63, 5.00, 4.23, 0.00, 0.00, 0.00, 0.00, 90.00, 0, 0
2.00, 5.70, 18.40, 18.40, -1703.02, 20.00, 4.63, 4.44, 3.69, 0.00, 0.00, 0.00, 0.00, 90.00, 0, 0
2.00, 5.70, 18.22, 18.22, -1769.57, 20.00, 4.63, 3.89, 3.13, 0.00, 0.00, 0.00, 0.00, 90.00, 0, 0
2.00, 5.70, 18.07, 18.07, -1807.95, 20.00, 4.63, 3.89, 3.13, 0.00, 0.00, 0.00, 0.00, 90.00, 0, 0
2.00, 5.70, 20.00, 20.00, -1592.01, 20.00, 4.63, 3.33, 2.56, 0.00, 0.00, 0.00, 0.00, 90.00, 0, 0
2.00, 5.70, 20.00, 20.00, -1612.38, 20.00, 4.63, 3.33, 2.56, 0.00, 3.17, 0.00, 0.00, 90.00, 0, 0
2.00, 5.70, 20.00, 20.00, -911.68, 20.00, 4.63, 5.00, 4.23, 292.68, 19.81, 12.41, -52.49, 82.88, 0, 0
2.00, 5.70, 20.00, 20.00, -600.05, 20.00, 4.63, 6.67, 5.92, 339.84, 41.53, 15.46, -41.13, 74.59, 0, 0
2.00, 5.70, 20.00, 20.00, -804.51, 20.00, 4.63, 7.78, 7.03, 149.87, 49.65, 25.87, -28.15, 68.11, 0, 0
2.00, 5.70, 20.00, 20.00, -1005.27, 20.00, 4.63, 8.33, 7.58, 23.72, 45.67, 37.93, -13.62, 64.05, 0, 0
2.00, 5.70, 20.00, 20.00, -996.76, 20.00, 4.63, 8.89, 8.14, 10.18, 49.96, 50.32, 1.86, 62.88, 0, 0
2.00, 5.70, 20.00, 20.00, -963.88, 20.00, 4.63, 8.89, 8.14, 16.87, 53.47, 62.67, 17.20, 64.76, 0, 0
2.00, 5.70, 20.00, 20.00, -917.97, 20.00, 4.63, 9.44, 8.70, 21.57, 47.59, 74.76, 31.39, 69.46, 0, 0
2.00, 5.70, 20.00, 20.00, -992.24, 20.00, 4.63, 8.89, 8.16, 8.40, 37.02, 86.38, 43.97, 76.42, 0, 0
2.00, 5.70, 20.00, 20.00, -1143.24, 20.00, 4.63, 8.33, 7.59, 0.00, 16.63, 0.00, 54.99, 85.07, 0, 0
2.00, 5.70, 20.00, 20.00, -1170.65, 20.00, 4.63, 7.78, 7.03, 0.00, 1.58, 0.00, 0.00, 90.00, 0, 0
2.00, 5.70, 20.00, 20.00, -993.71, 20.00, 4.63, 7.78, 7.03, 0.00, 0.00, 0.00, 0.00, 90.00, 0, 0
2.00, 5.70, 20.00, 20.00, -1014.35, 20.00, 4.63, 7.22, 6.49, 0.00, 0.00, 0.00, 0.00, 90.00, 0, 0
2.00, 5.70, 20.00, 20.00, -1038.81, 20.00, 4.63, 6.67, 5.92, 0.00, 0.00, 0.00, 0.00, 90.00, 0, 0
2.00, 5.70, 20.00, 20.00, -1040.88, 20.00, 4.63, 6.67, 5.92, 0.00, 0.00, 0.00, 0.00, 90.00, 0, 0
2.00, 5.70, 19.62, 19.62, -1265.46, 20.00, 4.63, 6.11, 5.38, 0.00, 0.00, 0.00, 0.00, 90.00, 0, 0
2.00, 5.70, 19.25, 19.25, -1484.18, 20.00, 4.63, 6.11, 5.38, 0.00, 0.00, 0.00, 0.00, 90.00, 0, 0
2.00, 5.70, 18.94, 18.94, -1576.09, 20.00, 4.63, 5.56, 4.81, 0.00, 0.00, 0.00, 0.00, 90.00, 0, 0
2.00, 5.70, 18.70, 18.70, -1630.31, 20.00, 4.63, 5.56, 4.81, 0.00, 0.00, 0.00, 0.00, 90.00, 0, 0
2.00, 5.70, 18.50, 18.50, -1675.01, 20.00, 4.63, 5.56, 4.81, 0.00, 0.00, 0.00, 0.00, 90.00, 0, 0
2.00, 5.70, 18.32, 18.32, -1739.51, 20.00, 4.63, 5.00, 4.25, 0.00, 0.00, 0.00, 0.00, 90.00, 0, 0
2.00, 5.70, 18.16, 18.16, -1775.22, 20.00, 4.63, 5.00, 4.25, 0.00, 0.00, 0.00, 0.00, 90.00, 0, 0
2.00, 5.70, 18.02, 18.02, -1807.08, 20.00, 4.63, 5.00, 4.25, 0.00, 0.00, 0.00, 0.00, 90.00, 0, 0
2.00, 5.70, 20.00, 20.00, -1555.21, 20.00, 4.63, 5.00, 4.25, 0.00, 0.00, 0.00, 0.00, 90.00, 0, 0
2.00, 5.70, 20.00, 20.00, -1574.95, 20.00, 4.63, 5.00, 4.27, 0.00, 1.58, 0.00, 0.00, 90.00, 0, 0
2.00, 5.70, 20.00, 20.00, -1528.20, 20.00, 4.63, 5.56, 4.83, 0.00, 10.30, 12.56, -52.65, 82.84, 0, 0
2.00, 5.70, 20.00, 20.00, -1486.80, 20.00, 4.63, 6.11, 5.38, 0.00, 15.84, 15.51, -41.29, 74.52, 0, 0
2.00, 5.70, 20.00, 20.00, -1450.69, 20.00, 4.63, 6.67, 5.94, 0.00, 19.01, 25.87, -28.30, 68.02, 0, 0
2.00, 5.70, 20.00, 20.00, -1377.35, 20.00, 4.63, 7.22, 6.50, 0.00, 30.89, 37.91, -13.75, 63.93, 0, 0
2.00, 5.70, 20.00, 20.00, -1260.92, 20.00, 4.63, 7.78, 7.05, 8.87, 46.08, 50.30, 1.76, 62.74, 0, 0
2.00, 5.70, 20.00, 20.00, -1146.20, 20.00, 4.63, 8.89, 8.16, 16.03, 51.96, 62.65, 17.13, 64.61, 0, 0
2.00, 5.70, 20.00, 20.00, -1064.39, 20.00, 4.63, 9.44, 8.72, 22.94, 48.86, 74.75, 31.36, 69.29, 0, 0
2.00, 5.70, 20.00, 20.00, -1190.02, 20.00, 4.63, 8.89, 8.17, 4.07, 28.04, 86.38, 43.97, 76.25, 0, 0
2.00, 5.70, 20.00, 20.00, -1317.18, 20.00, 4.63, 8.33, 7.61, 0.00, 7.13, 0.00, 55.01, 84.90, 0, 0
2.00, 5.70, 20.00, 20.00, -1279.13, 20.00, 4.63, 8.33, 7.61, 0.00, 0.79, 0.00, 0.00, 90.00, 0, 0
2.00, 5.70, 20.00, 20.00, -1112.42, 20.00, 4.63, 7.78, 7.07, 0.00, 0.00, 0.00, 0.00, 90.00, 0, 0
2.00, 5.70, 20.00, 20.00, -1100.12, 20.00, 4.63, 7.78, 7.07, 0.00, 0.00, 0.00, 0.00, 90.00, 0, 0
2.00, 5.70, 20.00, 20.00, -1091.64, 20.00, 4.63, 7.78, 7.05, 0.00, 0.00, 0.00, 0.00, 90.00, 0, 0
2.00, 5.70, 20.00, 20.00, -1109.43, 20.00, 4.63, 7.22, 6.50, 0.00, 0.00, 0.00, 0.00, 90.00, 0, 0
2.00, 5.70, 19.60, 19.60, -1306.87, 20.00, 4.63, 7.22, 6.50, 0.00, 0.00, 0.00, 0.00, 90.00, 0, 0
2.00, 5.70, 19.21, 19.21, -1520.64, 20.00, 4.63, 7.22, 6.50, 0.00, 0.00, 0.00, 0.00, 90.00, 0, 0
2.00, 5.70, 18.92, 18.92, -1580.86, 20.00, 4.63, 7.22, 6.49, 0.00, 0.00, 0.00, 0.00, 90.00, 0, 0
2.00, 5.70, 18.67, 18.67, -1652.93, 20.00, 4.63, 6.67, 5.94, 0.00, 0.00, 0.00, 0.00, 90.00, 0, 0
2.00, 5.70, 18.46, 18.46, -1692.00, 20.00, 4.63, 6.67, 5.94, 0.00, 0.00, 0.00, 0.00, 90.00, 0, 0
2.00, 5.70, 18.28, 18.28, -1750.42, 20.00, 4.63, 6.11, 5.39, 0.00, 0.00, 0.00, 0.00, 90.00, 0, 0
2.00, 5.70, 18.13, 18.13, -1780.51, 20.00, 4.63, 6.11, 5.38, 0.00, 0.00, 0.00, 0.00, 90.00, 0, 0
2.00, 5.70, 17.99, 17.99, -1806.77, 20.00, 4.63, 6.11, 5.38, 0.00, 0.00, 0.00, 0.00, 90.00, 0, 0
2.00, 5.70, 20.00, 20.00, -1568.02, 20.00, 4.63, 5.56, 4.83, 0.00, 0.00, 0.00, 0.00, 90.00, 0, 0
2.00, 5.70, 20.00, 20.00, -1559.12, 20.00, 4.63, 6.11, 5.38, 0.00, 1.58, 0.00, 0.00, 90.00, 0, 0
2.00, 5.70, 20.00, 20.00, -1552.03, 20.00, 4.63, 6.11, 5.39, 0.00, 5.54, 12.72, -52.81, 82.79, 0, 0
2.00, 5.70, 20.00, 20.00, -1501.23, 20.00, 4.63, 6.67, 5.94, 0.00, 13.46, 15.57, -41.44, 74.45, 0, 0
2.00, 5.70, 20.00, 20.00, -1498.26, 20.00, 4.63, 7.22, 6.49, 0.00, 7.92, 25.87, -28.45, 67.93, 0, 0
2.00, 5.70, 20.00, 20.00, -1119.93, 20.00, 4.63, 8.33, 7.61, 90.71, 43.43, 37.89, -13.88, 63.81, 0, 0
2.00, 5.70, 20.00, 20.00, -932.96, 20.00, 4.63, 9.44, 8.72, 73.21, 67.49, 50.28, 1.66, 62.60, 0, 0
2.00, 5.70, 20.00, 20.00, -1010.51, 20.00, 4.63, 10.56, 9.83, 20.26, 54.59, 62.63, 17.07, 64.45, 0, 0
2.00, 5.70, 20.00, 20.00, -1045.67, 20.00, 4.63, 10.56, 9.83, 8.09, 42.85, 74.74, 31.34, 69.13, 0, 0
2.00, 5.70, 20.00, 20.00, -1096.22, 20.00, 4.63, 10.56, 9.83, 2.62, 29.53, 86.39, 43.98, 76.09, 0, 0
2.00, 5.70, 20.00, 20.00, -1207.80, 20.00, 4.63, 10.00, 9.27, 0.00, 10.30, 0.00, 55.04, 84.74, 0, 0
2.00, 5.70, 20.00, 20.00, -1203.58, 20.00, 4.63, 9.44, 8.72, 0.00, 0.79, 0.00, 0.00, 90.00, 0, 0
2.00, 5.70, 20.00, 20.00, -1037.56, 20.00, 4.63, 8.89, 8.16, 0.00, 0.00, 0.00, 0.00, 90.00, 0, 0
2.00, 5.70, 20.00, 20.00, -1024.82, 20.00, 4.63, 8.89, 8.16, 0.00, 0.00, 0.00, 0.00, 90.00, 0, 0
2.00, 5.70, 20.00, 20.00, -1039.92, 20.00, 4.63, 8.33, 7.59, 0.00, 0.00, 0.00, 0.00, 90.00, 0, 0
2.00, 5.70, 20.00, 20.00, -1058.13, 20.00, 4.63, 7.78, 7.03, 0.00, 0.00, 0.00, 0.00, 90.00, 0, 0
2.00, 5.70, 19.61, 19.61, -1280.03, 20.00, 4.63, 7.22, 6.49, 0.00, 0.00, 0.00, 0.00, 90.00, 0, 0
2.00, 5.70, 19.23, 19.23, -1495.12, 20.00, 4.63, 7.22, 6.47, 0.00, 0.00, 0.00, 0.00, 90.00, 0, 0
2.00, 5.70, 18.93, 18.93, -1582.40, 20.00, 4.63, 6.67, 5.92, 0.00, 0.00, 0.00, 0.00, 90.00, 0, 0
2.00, 5.70, 18.67, 18.67, -1658.16, 20.00, 4.63, 6.11, 5.36, 0.00, 0.00, 0.00, 0.00, 90.00, 0, 0
2.00, 5.70, 18.44, 18.44, -1753.01, 20.00, 4.63, 5.00, 4.25, 0.00, 0.00, 0.00, 0.00, 90.00, 0, 0
2.00, 5.70, 18.23, 18.23, -1819.58, 20.00, 4.63, 4.44, 3.69, 0.00, 0.00, 0.00, 0.00, 90.00, 0, 0
2.00, 5.70, 18.04, 18.04, -1883.12, 20.00, 4.63, 3.89, 3.13, 0.00, 0.00, 0.00, 0.00, 90.00, 0, 0
2.00, 5.70, 17.86, 17.86, -1944.82, 20.00, 4.63, 3.33, 2.58, 0.00, 0.00, 0.00, 0.00, 90.00, 0, 0
2.00, 5.70, 20.00, 20.00, -1693.99, 20.00, 4.63, 2.78, 2.02, 0.00, 0.00, 0.00, 0.00, 90.00, 0, 0
2.00, 5.70, 20.00, 20.00, -1718.36, 20.00, 4.63, 2.78, 2.02, 0.00, 1.58, 0.00, 0.00, 90.00, 0, 0
2.00, 5.70, 20.00, 20.00, -1674.59, 20.00, 4.63, 3.33, 2.56, 0.00, 10.30, 12.89, -52.98, 82.74, 0, 0
2.00, 5.70, 20.00, 20.00, -1573.45, 20.00, 4.63, 4.44, 3.67, 3.03, 23.71, 15.64, -41.61, 74.38, 0, 0
2.00, 5.70, 20.00, 20.00, -1515.17, 20.00, 4.63, 5.00, 4.23, 2.68, 31.61, 25.88, -28.60, 67.83, 0, 0
2.00, 5.70, 20.00, 20.00, -1535.68, 20.00, 4.63, 5.00, 4.25, 0.00, 26.14, 37.88, -14.01, 63.68, 0, 0
2.00, 5.70, 20.00, 20.00, -1579.64, 20.00, 4.63, 5.00, 4.25, 0.00, 15.05, 50.26, 1.56, 62.45, 0, 0
2.00, 5.70, 20.00, 20.00, -1527.32, 20.00, 4.63, 5.00, 4.25, 2.15, 28.25, 62.63, 17.01, 64.29, 0, 0
2.00, 5.70, 20.00, 20.00, -1459.60, 20.00, 4.63, 5.56, 4.80, 0.76, 33.12, 74.74, 31.32, 68.96, 0, 0
2.00, 5.70, 20.00, 20.00, -1550.95, 20.00, 4.63, 5.00, 4.25, 0.00, 15.05, 86.40, 43.99, 75.91, 0, 0
2.00, 5.70, 20.00, 20.00, -1629.91, 20.00, 4.63, 4.44, 3.69, 0.00, 3.17, 0.00, 55.07, 84.57, 0, 0
2.00, 5.70, 20.00, 20.00, -1576.93, 20.00, 4.63, 4.44, 3.69, 0.00, 0.79, 0.00, 0.00, 90.00, 0, 0
2.00, 5.70, 20.00, 20.00, -1408.17, 20.00, 4.63, 3.89, 3.13, 0.00, 0.00, 0.00, 0.00, 90.00, 0, 0
2.00, 5.70, 20.00, 20.00, -1396.88, 20.00, 4.63, 3.89, 3.13, 0.00, 0.00, 0.00, 0.00, 90.00, 0, 0
2.00, 5.70, 20.00, 20.00, -1414.84, 20.00, 4.63, 3.33, 2.58, 0.00, 0.00, 0.00, 0.00, 90.00, 0, 0
2.00, 5.70, 20.00, 20.00, -1411.56, 20.00, 4.63, 3.33, 2.56, 0.00, 0.00, 0.00, 0.00, 90.00, 0, 0
2.00, 5.70, 19.42, 19.42, -1660.81, 20.00, 4.63, 2.78, 2.02, 0.00, 0.00, 0.00, 0.00, 90.00, 0, 0
2.00, 5.70, 18.90, 18.90, -1896.11, 20.00, 4.63, 2.78, 2.00, 0.00, 0.00, 0.00, 0.00, 90.00, 0, 0
2.00, 5.70, 18.49, 18.49, -1999.66, 20.00, 4.63, 2.22, 1.46, 0.00, 0.00, 0.00, 0.00, 90.00, 0, 0
2.00, 5.70, 18.16, 18.16, -2061.73, 20.00, 4.63, 2.22, 1.46, 0.00, 0.00, 0.00, 0.00, 90.00, 0, 0
2.00, 5.70, 17.89, 17.89, -2112.10, 20.00, 4.63, 2.22, 1.44, 0.00, 0.00, 0.00, 0.00, 90.00, 0, 0
2.00, 5.70, 17.65, 17.65, -2180.91, 20.00, 4.63, 1.67, 0.89, 0.00, 0.00, 0.00, 0.00, 90.00, 0, 0
2.00, 5.70, 17.45, 17.45, -2219.52, 20.00, 4.63, 1.67, 0.89, 0.00, 0.00, 0.00, 0.00, 90.00, 0, 0
2.00, 5.70, 17.28, 17.28, -2253.56, 20.00, 4.63, 1.67, 0.89, 0.00, 0.00, 0.00, 0.00, 90.00, 0, 0
2.00, 5.70, 20.00, 20.00, -1856.63, 20.00, 4.63, 1.11, 0.35, 0.00, 0.00, 0.00, 0.00, 90.00, 0, 0
2.00, 5.70, 20.00, 20.00, -1843.82, 20.00, 4.63, 1.67, 0.89, 0.00, 2.38, 0.00, 0.00, 90.00, 0, 0
2.00, 5.70, 20.00, 20.00, -839.12, 20.00, 4.63, 3.33, 2.56, 439.43, 20.09, 13.06, -53.15, 82.68, 0, 0
2.00, 5.70, 20.00, 20.00, -415.55, 20.00, 4.63, 5.56, 4.80, 499.23, 47.24, 15.71, -41.77, 74.30, 0, 0
2.00, 5.70, 20.00, 20.00, -585.79, 20.00, 4.63, 7.22, 6.45, 280.93, 60.89, 25.89, -28.76, 67.72, 0, 0
2.00, 5.70, 20.00, 20.00, -930.92, 20.00, 4.63, 7.78, 7.01, 62.90, 52.57, 37.88, -14.14, 63.55, 0, 0
2.00, 5.70, 20.00, 20.00, -905.45, 20.00, 4.63, 8.33, 7.56, 42.49, 59.39, 50.26, 1.46, 62.29, 0, 0
2.00, 5.70, 20.00, 20.00, -890.47, 20.00, 4.63, 8.33, 7.58, 34.17, 63.89, 62.62, 16.96, 64.12, 0, 0
2.00, 5.70, 20.00, 20.00, -879.82, 20.00, 4.63, 8.89, 8.12, 33.97, 56.01, 74.74, 31.30, 68.78, 0, 0
2.00, 5.70, 20.00, 20.00, -997.94, 20.00, 4.63, 8.33, 7.58, 11.69, 38.00, 86.42, 44.00, 75.74, 0, 0
2.00, 5.70, 20.00, 20.00, -1175.61, 20.00, 4.63, 7.78, 7.01, 0.00, 15.84, 0.00, 55.11, 84.39, 0, 0
2.00, 5.70, 20.00, 20.00, -1227.19, 20.00, 4.63, 6.67, 5.90, 0.00, 1.58, 0.00, 0.00, 90.00, 0, 0
2.00, 5.70, 20.00, 20.00, -1050.77, 20.00, 4.63, 6.67, 5.88, 0.00, 0.00, 0.00, 0.00, 90.00, 0, 0
2.00, 5.70, 20.00, 20.00, -1071.59, 20.00, 4.63, 6.11, 5.34, 0.00, 0.00, 0.00, 0.00, 90.00, 0, 0
2.00, 5.70, 20.00, 20.00, -1095.68, 20.00, 4.63, 5.56, 4.78, 0.00, 0.00, 0.00, 0.00, 90.00, 0, 0
2.00, 5.70, 20.00, 20.00, -1121.63, 20.00, 4.63, 5.00, 4.21, 0.00, 0.00, 0.00, 0.00, 90.00, 0, 0
2.00, 5.70, 19.53, 19.53, -1407.95, 20.00, 4.63, 4.44, 3.67, 0.00, 0.00, 0.00, 0.00, 90.00, 0, 0
2.00, 5.70, 19.08, 19.08, -1668.01, 20.00, 4.63, 3.89, 3.11, 0.00, 0.00, 0.00, 0.00, 90.00, 0, 0
2.00, 5.70, 18.71, 18.71, -1773.21, 20.00, 4.63, 3.33, 2.56, 0.00, 0.00, 0.00, 0.00, 90.00, 0, 0
2.00, 5.70, 18.42, 18.42, -1837.69, 20.00, 4.63, 3.33, 2.54, 0.00, 0.00, 0.00, 0.00, 90.00, 0, 0
2.00, 5.70, 18.16, 18.16, -1917.29, 20.00, 4.63, 2.78, 1.98, 0.00, 0.00, 0.00, 0.00, 90.00, 0, 0
2.00, 5.70, 17.94, 17.94, -1991.24, 20.00, 4.63, 2.22, 1.44, 0.00, 0.00, 0.00, 0.00, 90.00, 0, 0
2.00, 5.70, 17.73, 17.73, -2061.67, 20.00, 4.63, 1.67, 0.87, 0.00, 0.00, 0.00, 0.00, 90.00, 0, 0
2.00, 5.70, 17.53, 17.53, -2129.72, 20.00, 4.63, 1.11, 0.33, 0.00, 0.00, 0.00, 0.00, 90.00, 0, 0
2.00, 5.70, 20.00, 20.00, -1770.05, 20.00, 4.63, 0.56, -0.23, 0.00, 0.00, 0.00, 0.00, 90.00, 0, 0
2.00, 5.70, 20.00, 20.00, -1761.30, 20.00, 4.63, 1.11, 0.31, 0.00, 3.17, 0.00, 0.00, 90.00, 0, 0
2.00, 5.70, 20.00, 20.00, -1056.37, 20.00, 4.63, 2.22, 1.44, 304.00, 20.41, 13.24, -53.32, 82.62, 0, 0
2.00, 5.70, 20.05, 20.05, -217.03, 20.00, 4.63, 5.00, 4.21, 574.34, 52.95, 15.80, -41.94, 74.21, 0, 0
2.00, 5.70, 20.22, 20.22, 45.23, 20.00, 4.63, 7.22, 6.43, 532.29, 75.02, 25.91, -28.91, 67.61, 0, 0
2.00, 5.70, 20.44, 20.44, 226.28, 20.00, 4.63, 8.89, 8.10, 425.75, 88.95, 37.88, -14.27, 63.41, 0, 0
2.00, 5.70, 20.48, 20.48, -19.33, 20.00, 4.63, 10.00, 9.21, 196.35, 84.92, 50.25, 1.37, 62.13, 0, 0
2.00, 5.70, 20.36, 20.36, -347.06, 20.00, 4.63, 10.00, 9.21, 73.37, 70.79, 62.62, 16.91, 63.94, 0, 0
2.00, 5.70, 20.18, 20.18, -562.10, 20.00, 4.63, 10.00, 9.21, 29.47, 54.39, 74.75, 31.29, 68.60, 0, 0
2.00, 5.70, 20.00, 20.00, -782.95, 20.00, 4.63, 8.89, 8.10, 6.56, 35.14, 86.44, 44.02, 75.55, 0, 0
2.00, 5.70, 20.00, 20.00, -970.56, 20.00, 4.63, 7.78, 6.99, 0.00, 16.63, 0.00, 55.15, 84.22, 0, 0
2.00, 5.70, 20.00, 20.00, -1013.59, 20.00, 4.63, 7.22, 6.43, 0.00, 2.38, 0.00, 0.00, 90.00, 0, 0
2.00, 5.70, 20.00, 20.00, -877.56, 20.00, 4.63, 6.67, 5.86, 0.00, 0.00, 0.00, 0.00, 90.00, 0, 0
2.00, 5.70, 20.00, 20.00, -910.57, 20.00, 4.63, 6.11, 5.32, 0.00, 0.00, 0.00, 0.00, 90.00, 0, 0
2.00, 5.70, 20.00, 20.00, -945.14, 20.00, 4.63, 5.56, 4.76, 0.00, 0.00, 0.00, 0.00, 90.00, 0, 0
2.00, 5.70, 20.00, 20.00, -980.37, 20.00, 4.63, 5.00, 4.19, 0.00, 0.00, 0.00, 0.00, 90.00, 0, 0
2.00, 5.70, 19.61, 19.61, -1263.29, 20.00, 4.63, 4.44, 3.65, 0.00, 0.00, 0.00, 0.00, 90.00, 0, 0
2.00, 5.70, 19.22, 19.22, -1523.05, 20.00, 4.63, 3.89, 3.09, 0.00, 0.00, 0.00, 0.00, 90.00, 0, 0
2.00, 5.70, 18.89, 18.89, -1630.06, 20.00, 4.63, 3.33, 2.52, 0.00, 0.00, 0.00, 0.00, 90.00, 0, 0
2.00, 5.70, 18.61, 18.61, -1723.88, 20.00, 4.63, 2.78, 1.98, 0.00, 0.00, 0.00, 0.00, 90.00, 0, 0
2.00, 5.70, 18.37, 18.37, -1809.55, 20.00, 4.63, 2.22, 1.42, 0.00, 0.00, 0.00, 0.00, 90.00, 0, 0
2.00, 5.70, 18.14, 18.14, -1889.81, 20.00, 4.63, 1.67, 0.86, 0.00, 0.00, 0.00, 0.00, 90.00, 0, 0
2.00, 5.70, 17.93, 17.93, -1966.53, 20.00, 4.63, 1.11, 0.29, 0.00, 0.00, 0.00, 0.00, 90.00, 0, 0
2.00, 5.70, 17.72, 17.72, -2067.91, 20.00, 4.63, 0.00, -0.81, 0.00, 0.00, 0.00, 0.00, 90.00, 0, 0
2.00, 5.70, 20.00, 20.00, -1810.70, 20.00, 4.63, -0.56, -1.36, 0.00, 0.00, 0.00, 0.00, 90.00, 0, 0
2.00, 5.70, 20.00, 20.00, -1847.41, 20.00, 4.63, -0.56, -1.38, 0.00, 1.58, 0.00, 0.00, 90.00, 0, 0
2.00, 5.70, 20.00, 20.00, -1770.78, 20.00, 4.63, 0.00, -0.81, 18.41, 11.72, 13.42, -53.49, 82.54, 0, 0
2.00, 5.70, 20.00, 20.00, -1225.25, 20.00, 4.63, 1.11, 0.31, 229.50, 37.79, 15.89, -42.10, 74.11, 0, 0
2.00, 5.70, 20.00, 20.00, -883.99, 20.00, 4.63, 2.78, 1.98, 294.14, 61.22, 25.94, -29.06, 67.49, 0, 0
2.00, 5.70, 20.00, 20.00, -695.83, 20.00, 4.63, 3.89, 3.09, 262.35, 77.36, 37.88, -14.40, 63.26, 0, 0
2.00, 5.70, 20.00, 20.00, -461.57, 20.00, 4.63, 5.00, 4.21, 235.91, 89.63, 50.25, 1.28, 61.96, 0, 0
2.00, 5.70, 20.00, 20.00, -628.43, 20.00, 4.63, 5.56, 4.76, 129.95, 81.65, 62.63, 16.86, 63.76, 0, 0
2.00, 5.70, 20.00, 20.00, -886.42, 20.00, 4.63, 5.56, 4.76, 50.10, 61.20, 74.77, 31.29, 68.41, 0, 0
2.00, 5.70, 20.00, 20.00, -1050.34, 20.00, 4.63, 5.56, 4.76, 11.22, 43.44, 86.47, 44.05, 75.37, 0, 0
2.00, 5.70, 20.00, 20.00, -1269.13, 20.00, 4.63, 4.44, 3.65, 0.00, 22.18, 0.00, 55.20, 84.04, 0, 0
2.00, 5.70, 20.00, 20.00, -1331.99, 20.00, 4.63, 3.89, 3.09, 0.00, 3.17, 0.00, 0.00, 90.00, 0, 0
2.00, 5.70, 20.00, 20.00, -1200.25, 20.00, 4.63, 3.33, 2.54, 0.00, 0.00, 0.00, 0.00, 90.00, 0, 0
2.00, 5.70, 20.00, 20.00, -1236.78, 20.00, 4.63, 2.78, 1.98, 0.00, 0.00, 0.00, 0.00, 90.00, 0, 0
2.00, 5.70, 20.00, 20.00, -1249.53, 20.00, 4.63, 2.78, 1.98, 0.00, 0.00, 0.00, 0.00, 90.00, 0, 0
2.00, 5.70, 20.00, 20.00, -1286.81, 20.00, 4.63, 2.22, 1.42, 0.00, 0.00, 0.00, 0.00, 90.00, 0, 0
2.00, 5.70, 19.47, 19.47, -1540.47, 20.00, 4.63, 1.67, 0.87, 0.00, 0.00, 0.00, 0.00, 90.00, 0, 0
2.00, 5.70, 18.98, 18.98, -1809.13, 20.00, 4.63, 1.11, 0.31, 0.00, 0.00, 0.00, 0.00, 90.00, 0, 0
2.00, 5.70, 18.59, 18.59, -1896.31, 20.00, 4.63, 1.11, 0.31, 0.00, 0.00, 0.00, 0.00, 90.00, 0, 0
2.00, 5.70, 18.28, 18.28, -1966.64, 20.00, 4.63, 1.11, 0.31, 0.00, 0.00, 0.00, 0.00, 90.00, 0, 0
2.00, 5.70, 18.02, 18.02, -2025.55, 20.00, 4.63, 1.11, 0.31, 0.00, 0.00, 0.00, 0.00, 90.00, 0, 0
2.00, 5.70, 17.80, 17.80, -2076.33, 20.00, 4.63, 1.11, 0.31, 0.00, 0.00, 0.00, 0.00, 90.00, 0, 0
2.00, 5.70, 17.60, 17.60, -2121.15, 20.00, 4.63, 1.11, 0.31, 0.00, 0.00, 0.00, 0.00, 90.00, 0, 0
2.00, 5.70, 17.43, 17.43, -2161.52, 20.00, 4.63, 1.11, 0.31, 0.00, 0.00, 0.00, 0.00, 90.00, 0, 0
2.00, 5.70, 20.00, 20.00, -1840.88, 20.00, 4.63, 1.11, 0.31, 0.00, 0.00, 0.00, 0.00, 90.00, 0, 0
2.00, 5.70, 20.00, 20.00, -1838.72, 20.00, 4.63, 1.67, 0.87, 0.00, 2.38, 0.00, 0.00, 90.00, 0, 0
2.00, 5.70, 20.00, 20.00, -1052.23, 20.00, 4.63, 2.78, 2.00, 346.46, 19.99, 13.61, -53.67, 82.47, 0, 0
2.00, 5.70, 20.05, 20.05, -200.64, 20.00, 4.63, 5.56, 4.78, 621.39, 51.15, 15.99, -42.27, 74.01, 0, 0
2.00, 5.70, 20.39, 20.39, 369.07, 20.00, 4.63, 8.33, 7.56, 705.65, 78.54, 25.97, -29.22, 67.36, 0, 0
2.00, 5.70, 20.66, 20.66, 448.98, 20.00, 4.63, 10.00, 9.23, 509.84, 91.07, 37.89, -14.53, 63.11, 0, 0
2.00, 5.70, 20.89, 20.89, 490.11, 20.00, 4.63, 11.67, 10.90, 332.52, 97.75, 50.26, 1.19, 61.79, 0, 0
2.00, 5.70, 20.98, 20.98, 313.35, 20.00, 4.63, 12.22, 11.47, 199.82, 92.90, 62.64, 16.82, 63.57, 0, 0
2.00, 5.70, 20.91, 20.91, 29.50, 20.00, 4.63, 12.78, 12.01, 87.95, 76.96, 74.79, 31.29, 68.22, 0, 0
2.00, 5.70, 20.67, 20.67, -395.11, 20.00, 4.63, 11.67, 10.90, 10.65, 42.77, 86.50, 44.08, 75.18, 0, 0
2.00, 5.70, 20.34, 20.34, -745.05, 20.00, 4.63, 10.00, 9.25, 0.00, 14.26, 0.00, 55.25, 83.85, 0, 0
2.00, 5.70, 20.08, 20.08, -837.51, 20.00, 4.63, 9.44, 8.68, 0.00, 3.17, 0.00, 0.00, 90.00, 0, 0
2.00, 5.70, 20.00, 20.00, -699.72, 20.00, 4.63, 9.44, 8.68, 0.00, 0.00, 0.00, 0.00, 90.00, 0, 0
2.00, 5.70, 20.00, 20.00, -737.91, 20.00, 4.63, 8.89, 8.14, 0.00, 0.00, 0.00, 0.00, 90.00, 0, 0
2.00, 5.70, 20.00, 20.00, -751.54, 20.00, 4.63, 8.89, 8.14, 0.00, 0.00, 0.00, 0.00, 90.00, 0, 0
2.00, 5.70, 20.00, 20.00, -763.36, 20.00, 4.63, 8.89, 8.14, 0.00, 0.00, 0.00, 0.00, 90.00, 0, 0
2.00, 5.70, 19.79, 19.79, -948.86, 20.00, 4.63, 8.89, 8.14, 0.00, 0.00, 0.00, 0.00, 90.00, 0, 0
2.00, 5.70, 19.53, 19.53, -1182.97, 20.00, 4.63, 8.33, 7.59, 0.00, 0.00, 0.00, 0.00, 90.00, 0, 0
2.00, 5.70, 19.32, 19.32, -1243.97, 20.00, 4.63, 8.33, 7.59, 0.00, 0.00, 0.00, 0.00, 90.00, 0, 0
2.00, 5.70, 19.15, 19.15, -1293.22, 20.00, 4.63, 8.33, 7.58, 0.00, 0.00, 0.00, 0.00, 90.00, 0, 0
2.00, 5.70, 18.99, 18.99, -1360.36, 20.00, 4.63, 7.78, 7.03, 0.00, 0.00, 0.00, 0.00, 90.00, 0, 0
2.00, 5.70, 18.85, 18.85, -1398.35, 20.00, 4.63, 7.78, 7.03, 0.00, 0.00, 0.00, 0.00, 90.00, 0, 0
2.00, 5.70, 18.73, 18.73, -1431.89, 20.00, 4.63, 7.78, 7.03, 0.00, 0.00, 0.00, 0.00, 90.00, 0, 0
2.00, 5.70, 18.60, 18.60, -1488.14, 20.00, 4.63, 7.22, 6.49, 0.00, 0.00, 0.00, 0.00, 90.00, 0, 0
2.00, 5.70, 20.00, 20.00, -1309.27, 20.00, 4.63, 7.22, 6.49, 0.00, 0.00, 0.00, 0.00, 90.00, 0, 0
2.00, 5.70, 20.00, 20.00, -1332.75, 20.00, 4.63, 7.22, 6.50, 0.00, 0.79, 0.00, 0.00, 90.00, 0, 0
2.00, 5.70, 20.00, 20.00, -1010.88, 20.00, 4.63, 8.33, 7.61, 116.41, 15.62, 13.81, -53.85, 82.38, 0, 0
2.00, 5.70, 20.00, 20.00, -467.02, 20.00, 4.63, 10.00, 9.28, 298.27, 41.20, 16.09, -42.45, 73.91, 0, 0
2.00, 5.70, 20.14, 20.14, -166.64, 20.00, 4.63, 12.22, 11.50, 309.92, 63.82, 26.01, -29.38, 67.23, 0, 0
2.00, 5.70, 20.09, 20.09, -482.83, 20.00, 4.63, 12.78, 12.07, 91.58, 55.89, 37.91, -14.66, 62.95, 0, 0
2.00, 5.70, 20.00, 20.00, -732.01, 20.00, 4.63, 12.78, 12.07, 1.22, 39.51, 50.27, 1.10, 61.60, 0, 0
2.00, 5.70, 20.00, 20.00, -725.64, 20.00, 4.63, 12.78, 12.07, 4.10, 43.02, 62.65, 16.78, 63.38, 0, 0
2.00, 5.70, 20.00, 20.00, -730.13, 20.00, 4.63, 12.78, 12.07, 2.15, 38.36, 74.81, 31.29, 68.02, 0, 0
2.00, 5.70, 20.00, 20.00, -816.68, 20.00, 4.63, 12.22, 11.52, 0.17, 24.45, 86.54, 44.12, 74.99, 0, 0
2.00, 5.70, 20.00, 20.00, -908.02, 20.00, 4.63, 11.67, 10.96, 0.00, 10.30, 0.00, 55.32, 83.67, 0, 0
2.00, 5.70, 20.00, 20.00, -907.60, 20.00, 4.63, 11.11, 10.41, 0.00, 1.58, 0.00, 0.00, 90.00, 0, 0
2.00, 5.70, 20.00, 20.00, -752.35, 20.00, 4.63, 10.56, 9.86, 0.00, 0.00, 0.00, 0.00, 90.00, 0, 0
2.00, 5.70, 20.00, 20.00, -746.69, 20.00, 4.63, 10.56, 9.86, 0.00, 0.00, 0.00, 0.00, 90.00, 0, 0
2.00, 5.70, 20.00, 20.00, -744.14, 20.00, 4.63, 10.56, 9.85, 0.00, 0.00, 0.00, 0.00, 90.00, 0, 0
2.00, 5.70, 20.00, 20.00, -766.95, 20.00, 4.63, 10.00, 9.30, 0.00, 0.00, 0.00, 0.00, 90.00, 0, 0
2.00, 5.70, 19.79, 19.79, -944.59, 20.00, 4.63, 10.00, 9.30, 0.00, 0.00, 0.00, 0.00, 90.00, 0, 0
2.00, 5.70, 19.54, 19.54, -1171.16, 20.00, 4.63, 9.44, 8.75, 0.00, 0.00, 0.00, 0.00, 90.00, 0, 0
2.00, 5.70, 19.34, 19.34, -1225.42, 20.00, 4.63, 9.44, 8.74, 0.00, 0.00, 0.00, 0.00, 90.00, 0, 0
2.00, 5.70, 19.17, 19.17, -1268.25, 20.00, 4.63, 9.44, 8.74, 0.00, 0.00, 0.00, 0.00, 90.00, 0, 0
2.00, 5.70, 19.03, 19.03, -1303.65, 20.00, 4.63, 9.44, 8.74, 0.00, 0.00, 0.00, 0.00, 90.00, 0, 0
2.00, 5.70, 18.90, 18.90, -1359.58, 20.00, 4.63, 8.89, 8.19, 0.00, 0.00, 0.00, 0.00, 90.00, 0, 0
2.00, 5.70, 18.78, 18.78, -1388.35, 20.00, 4.63, 8.89, 8.19, 0.00, 0.00, 0.00, 0.00, 90.00, 0, 0
2.00, 5.70, 18.68, 18.68, -1414.01, 20.00, 4.63, 8.89, 8.19, 0.00, 0.00, 0.00, 0.00, 90.00, 0, 0
2.00, 5.70, 20.00, 20.00, -1259.62, 20.00, 4.63, 8.33, 7.64, 0.00, 0.00, 0.00, 0.00, 90.00, 0, 0
2.00, 5.70, 20.00, 20.00, -1242.08, 20.00, 4.63, 8.89, 8.19, 0.00, 3.96, 0.00, 0.00, 90.00, 0, 0
2.00, 5.70, 20.03, 20.03, -378.97, 20.00, 4.63, 10.56, 9.86, 373.42, 20.47, 14.01, -54.03, 82.30, 0, 0
2.00, 5.70, 20.22, 20.22, -47.07, 20.00, 4.63, 12.22, 11.54, 406.21, 43.89, 16.21, -42.62, 73.80, 0, 0
2.00, 5.70, 20.49, 20.49, 223.12, 20.00, 4.63, 13.89, 13.20, 400.54, 66.65, 26.06, -29.54, 67.09, 0, 0
2.00, 5.70, 20.62, 20.62, 84.56, 20.00, 4.63, 15.00, 14.31, 200.17, 73.68, 37.93, -14.79, 62.79, 0, 0
2.00, 5.70, 20.56, 20.56, -232.55, 20.00, 4.63, 15.56, 14.87, 38.69, 59.49, 50.29, 1.02, 61.42, 0, 0
2.00, 5.70, 20.43, 20.43, -433.51, 20.00, 4.63, 15.00, 14.32, 3.38, 44.69, 62.67, 16.74, 63.18, 0, 0
2.00, 5.70, 20.33, 20.33, -469.93, 20.00, 4.63, 15.00, 14.31, 3.53, 38.05, 74.84, 31.30, 67.82, 0, 0
2.00, 5.70, 20.18, 20.18, -643.18, 20.00, 4.63, 13.89, 13.21, 0.83, 16.10, 86.58, 44.16, 74.79, 0, 0
2.00, 5.70, 20.01, 20.01, -776.68, 20.00, 4.63, 12.78, 12.10, 0.00, 1.58, 0.00, 55.38, 83.48, 0, 0
2.00, 5.70, 20.00, 20.00, -752.23, 20.00, 4.63, 12.22, 11.54, 0.00, 1.58, 0.00, 0.00, 90.00, 0, 0
2.00, 5.70, 20.00, 20.00, -577.36, 20.00, 4.63, 12.22, 11.54, 0.00, 0.00, 0.00, 0.00, 90.00, 0, 0
2.00, 5.70, 20.00, 20.00, -597.88, 20.00, 4.63, 11.67, 10.99, 0.00, 0.00, 0.00, 0.00, 90.00, 0, 0
2.00, 5.70, 20.00, 20.00, -598.47, 20.00, 4.63, 11.67, 10.97, 0.00, 0.00, 0.00, 0.00, 90.00, 0, 0
2.00, 5.70, 20.00, 20.00, -623.85, 20.00, 4.63, 11.11, 10.43, 0.00, 0.00, 0.00, 0.00, 90.00, 0, 0
2.00, 5.70, 19.89, 19.89, -793.60, 20.00, 4.63, 11.11, 10.43, 0.00, 0.00, 0.00, 0.00, 90.00, 0, 0
2.00, 5.70, 19.71, 19.71, -989.31, 20.00, 4.63, 11.11, 10.41, 0.00, 0.00, 0.00, 0.00, 90.00, 0, 0
2.00, 5.70, 19.55, 19.55, -1063.15, 20.00, 4.63, 10.56, 9.86, 0.00, 0.00, 0.00, 0.00, 90.00, 0, 0
2.00, 5.70, 19.40, 19.40, -1129.68, 20.00, 4.63, 10.00, 9.30, 0.00, 0.00, 0.00, 0.00, 90.00, 0, 0
2.00, 5.70, 19.27, 19.27, -1191.80, 20.00, 4.63, 9.44, 8.75, 0.00, 0.00, 0.00, 0.00, 90.00, 0, 0
2.00, 5.70, 19.15, 19.15, -1225.75, 20.00, 4.63, 9.44, 8.74, 0.00, 0.00, 0.00, 0.00, 90.00, 0, 0
2.00, 5.70, 19.03, 19.03, -1281.50, 20.00, 4.63, 8.89, 8.19, 0.00, 0.00, 0.00, 0.00, 90.00, 0, 0
2.00, 5.70, 18.92, 18.92, -1336.85, 20.00, 4.63, 8.33, 7.64, 0.00, 0.00, 0.00, 0.00, 90.00, 0, 0
2.00, 5.70, 20.00, 20.00, -1189.87, 20.00, 4.63, 8.33, 7.63, 0.00, 0.00, 0.00, 0.00, 90.00, 0, 0
2.00, 5.70, 20.00, 20.00, -1203.49, 20.00, 4.63, 8.33, 7.63, 0.00, 3.17, 0.00, 0.00, 90.00, 0, 0
2.00, 5.70, 20.00, 20.00, -1130.68, 20.00, 4.63, 9.44, 8.74, 0.00, 12.67, 14.21, -54.22, 82.20, 0, 0
2.00, 5.70, 20.00, 20.00, -847.80, 20.00, 4.63, 10.56, 9.86, 84.13, 32.47, 16.33, -42.79, 73.68, 0, 0
2.00, 5.70, 20.14, 20.14, -220.02, 20.00, 4.63, 12.78, 12.09, 282.88, 62.13, 26.11, -29.69, 66.94, 0, 0
2.00, 5.70, 20.50, 20.50, 293.63, 20.00, 4.63, 14.44, 13.76, 352.68, 83.73, 37.96, -14.92, 62.61, 0, 0
2.00, 5.70, 20.88, 20.88, 563.40, 20.00, 4.63, 16.11, 15.42, 278.28, 92.35, 50.31, 0.93, 61.23, 0, 0
2.00, 5.70, 21.11, 21.11, 468.31, 20.00, 4.63, 17.22, 16.53, 158.16, 87.61, 62.70, 16.71, 62.98, 0, 0
2.00, 5.70, 21.16, 21.16, 240.07, 20.00, 4.63, 17.78, 17.08, 65.26, 67.16, 74.88, 31.31, 67.62, 0, 0
2.00, 5.70, 21.09, 21.09, -19.82, 20.00, 4.63, 17.22, 16.53, 10.72, 41.99, 86.63, 44.21, 74.59, 0, 0
2.00, 5.70, 20.92, 20.92, -275.94, 20.00, 4.63, 16.11, 15.42, 0.00, 19.80, 0.00, 55.45, 83.28, 0, 0
2.00, 5.70, 20.77, 20.77, -378.37, 20.00, 4.63, 15.00, 14.31, 0.00, 3.17, 0.00, 0.00, 90.00, 0, 0
2.00, 5.70, 20.73, 20.73, -258.50, 20.00, 4.63, 14.44, 13.74, 0.00, 0.00, 0.00, 0.00, 90.00, 0, 0
2.00, 5.70, 20.69, 20.69, -296.63, 20.00, 4.63, 13.89, 13.20, 0.00, 0.00, 0.00, 0.00, 90.00, 0, 0
2.00, 5.70, 20.65, 20.65, -334.29, 20.00, 4.63, 13.33, 12.63, 0.00, 0.00, 0.00, 0.00, 90.00, 0, 0
2.00, 5.70, 20.61, 20.61, -371.61, 20.00, 4.63, 12.78, 12.07, 0.00, 0.00, 0.00, 0.00, 90.00, 0, 0
2.00, 5.70, 20.48, 20.48, -562.09, 20.00, 4.63, 12.22, 11.50, 0.00, 0.00, 0.00, 0.00, 90.00, 0, 0
2.00, 5.70, 20.29, 20.29, -782.73, 20.00, 4.63, 11.67, 10.96, 0.00, 0.00, 0.00, 0.00, 90.00, 0, 0
2.00, 5.70, 20.12, 20.12, -859.48, 20.00, 4.63, 11.11, 10.39, 0.00, 0.00, 0.00, 0.00, 90.00, 0, 0
2.00, 5.70, 19.97, 19.97, -929.00, 20.00, 4.63, 10.56, 9.85, 0.00, 0.00, 0.00, 0.00, 90.00, 0, 0
2.00, 5.70, 19.82, 19.82, -1020.16, 20.00, 4.63, 9.44, 8.74, 0.00, 0.00, 0.00, 0.00, 90.00, 0, 0
2.00, 5.70, 19.67, 19.67, -1085.58, 20.00, 4.63, 8.89, 8.17, 0.00, 0.00, 0.00, 0.00, 90.00, 0, 0
2.00, 5.70, 19.54, 19.54, -1149.25, 20.00, 4.63, 8.33, 7.61, 0.00, 0.00, 0.00, 0.00, 90.00, 0, 0
2.00, 5.70, 19.39, 19.39, -1237.96, 20.00, 4.63, 7.22, 6.50, 0.00, 0.00, 0.00, 0.00, 90.00, 0, 0
2.00, 5.70, 20.00, 20.00, -1116.58, 20.00, 4.63, 6.67, 5.94, 0.00, 0.00, 0.00, 0.00, 90.00, 0, 0
2.00, 5.70, 20.00, 20.00, -1132.77, 20.00, 4.63, 6.67, 5.94, 0.00, 3.17, 0.00, 0.00, 90.00, 0, 0
2.00, 5.70, 20.17, 20.17, -284.97, 20.00, 4.63, 8.33, 7.61, 357.46, 20.52, 14.42, -54.41, 82.10, 0, 0
2.00, 5.70, 20.46, 20.46, 65.05, 20.00, 4.63, 10.00, 9.28, 396.04, 44.75, 16.46, -42.97, 73.55, 0, 0
2.00, 5.70, 20.83, 20.83, 405.70, 20.00, 4.63, 12.22, 11.50, 416.03, 66.03, 26.17, -29.85, 66.79, 0, 0
2.00, 5.70, 21.18, 21.18, 585.33, 20.00, 4.63, 13.89, 13.18, 322.62, 81.86, 38.00, -15.04, 62.44, 0, 0
2.00, 5.70, 21.35, 21.35, 401.18, 20.00, 4.63, 14.44, 13.74, 139.14, 82.05, 50.34, 0.85, 61.03, 0, 0
2.00, 5.70, 21.33, 21.33, 118.42, 20.00, 4.63, 15.00, 14.29, 34.90, 64.81, 62.73, 16.68, 62.77, 0, 0
2.00, 5.70, 21.30, 21.30, 43.61, 20.00, 4.63, 14.44, 13.74, 32.07, 56.88, 74.92, 31.33, 67.40, 0, 0
2.00, 5.70, 21.24, 21.24, -44.67, 20.00, 4.63, 14.44, 13.74, 11.28, 43.68, 86.69, 44.26, 74.38, 0, 0
2.00, 5.70, 21.09, 21.09, -303.30, 20.00, 4.63, 13.33, 12.63, 0.00, 19.01, 0.00, 55.53, 83.09, 0, 0
2.00, 5.70, 20.94, 20.94, -403.91, 20.00, 4.63, 12.22, 11.52, 0.00, 2.38, 0.00, 0.00, 90.00, 0, 0
2.00, 5.70, 20.91, 20.91, -254.58, 20.00, 4.63, 12.22, 11.50, 0.00, 0.00, 0.00, 0.00, 90.00, 0, 0
2.00, 5.70, 20.88, 20.88, -292.98, 20.00, 4.63, 11.67, 10.96, 0.00, 0.00, 0.00, 0.00, 90.00, 0, 0
2.00, 5.70, 20.84, 20.84, -332.68, 20.00, 4.63, 11.11, 10.41, 0.00, 0.00, 0.00, 0.00, 90.00, 0, 0
2.00, 5.70, 20.80, 20.80, -373.20, 20.00, 4.63, 10.56, 9.85, 0.00, 0.00, 0.00, 0.00, 90.00, 0, 0
2.00, 5.70, 20.66, 20.66, -591.22, 20.00, 4.63, 10.56, 9.85, 0.00, 0.00, 0.00, 0.00, 90.00, 0, 0
2.00, 5.70, 20.45, 20.45, -820.31, 20.00, 4.63, 10.00, 9.28, 0.00, 0.00, 0.00, 0.00, 90.00, 0, 0
2.00, 5.70, 20.27, 20.27, -904.27, 20.00, 4.63, 9.44, 8.74, 0.00, 0.00, 0.00, 0.00, 90.00, 0, 0
2.00, 5.70, 20.11, 20.11, -954.78, 20.00, 4.63, 9.44, 8.72, 0.00, 0.00, 0.00, 0.00, 90.00, 0, 0
2.00, 5.70, 19.97, 19.97, -1023.86, 20.00, 4.63, 8.89, 8.17, 0.00, 0.00, 0.00, 0.00, 90.00, 0, 0
2.00, 5.70, 19.84, 19.84, -1064.54, 20.00, 4.63, 8.89, 8.17, 0.00, 0.00, 0.00, 0.00, 90.00, 0, 0
2.00, 5.70, 19.71, 19.71, -1126.98, 20.00, 4.63, 8.33, 7.63, 0.00, 0.00, 0.00, 0.00, 90.00, 0, 0
2.00, 5.70, 19.60, 19.60, -1162.90, 20.00, 4.63, 8.33, 7.63, 0.00, 0.00, 0.00, 0.00, 90.00, 0, 0
2.00, 5.70, 20.00, 20.00, -1043.70, 20.00, 4.63, 8.33, 7.61, 0.00, 0.00, 0.00, 0.00, 90.00, 0, 0
2.00, 5.70, 20.00, 20.00, -1055.15, 20.00, 4.63, 8.33, 7.63, 0.00, 3.17, 0.00, 0.00, 90.00, 0, 0
2.00, 5.70, 20.14, 20.14, -425.09, 20.00, 4.63, 10.00, 9.30, 247.23, 19.90, 14.64, -54.59, 81.99, 0, 0
2.00, 5.70, 20.52, 20.52, 134.99, 20.00, 4.63, 12.22, 11.52, 386.42, 44.86, 16.60, -43.15, 73.42, 0, 0
2.00, 5.70, 20.90, 20.90, 375.34, 20.00, 4.63, 13.89, 13.20, 362.43, 65.17, 26.24, -30.01, 66.63, 0, 0
2.00, 5.70, 21.23, 21.23, 515.08, 20.00, 4.63, 15.56, 14.86, 263.81, 79.03, 38.04, -15.17, 62.25, 0, 0
2.00, 5.70, 21.51, 21.51, 581.13, 20.00, 4.63, 16.67, 15.97, 166.17, 85.16, 50.37, 0.77, 60.82, 0, 0
2.00, 5.70, 21.66, 21.66, 479.55, 20.00, 4.63, 17.22, 16.53, 89.61, 78.27, 62.77, 16.66, 62.55, 0, 0
2.00, 5.70, 21.69, 21.69, 304.96, 20.00, 4.63, 17.22, 16.53, 39.86, 61.99, 74.96, 31.35, 67.19, 0, 0
2.00, 5.70, 21.63, 21.63, 117.30, 20.00, 4.63, 16.67, 15.98, 8.13, 40.85, 86.75, 44.32, 74.18, 0, 0
2.00, 5.70, 21.52, 21.52, -61.01, 20.00, 4.63, 15.56, 14.87, 0.00, 17.58, 0.00, 55.61, 82.89, 0, 0
2.00, 5.70, 21.39, 21.39, -168.68, 20.00, 4.63, 15.00, 14.31, 0.00, 2.38, 0.00, 0.00, 90.00, 0, 0
2.00, 5.70, 21.38, 21.38, -44.01, 20.00, 4.63, 14.44, 13.76, 0.00, 0.00, 0.00, 0.00, 90.00, 0, 0
2.00, 5.70, 21.36, 21.36, -81.14, 20.00, 4.63, 13.89, 13.21, 0.00, 0.00, 0.00, 0.00, 90.00, 0, 0
2.00, 5.70, 21.34, 21.34, -93.33, 20.00, 4.63, 13.89, 13.20, 0.00, 0.00, 0.00, 0.00, 90.00, 0, 0
2.00, 5.70, 21.32, 21.32, -128.35, 20.00, 4.63, 13.33, 12.65, 0.00, 0.00, 0.00, 0.00, 90.00, 0, 0
2.00, 5.70, 21.19, 21.19, -366.49, 20.00, 4.63, 12.78, 12.09, 0.00, 0.00, 0.00, 0.00, 90.00, 0, 0
2.00, 5.70, 21.00, 21.00, -566.93, 20.00, 4.63, 12.78, 12.09, 0.00, 0.00, 0.00, 0.00, 90.00, 0, 0
2.00, 5.70, 20.84, 20.84, -645.09, 20.00, 4.63, 12.22, 11.52, 0.00, 0.00, 0.00, 0.00, 90.00, 0, 0
2.00, 5.70, 20.69, 20.69, -715.59, 20.00, 4.63, 11.67, 10.97, 0.00, 0.00, 0.00, 0.00, 90.00, 0, 0
2.00, 5.70, 20.55, 20.55, -781.72, 20.00, 4.63, 11.11, 10.41, 0.00, 0.00, 0.00, 0.00, 90.00, 0, 0
2.00, 5.70, 20.42, 20.42, -845.04, 20.00, 4.63, 10.56, 9.86, 0.00, 0.00, 0.00, 0.00, 90.00, 0, 0
2.00, 5.70, 20.31, 20.31, -881.16, 20.00, 4.63, 10.56, 9.86, 0.00, 0.00, 0.00, 0.00, 90.00, 0, 0
2.00, 5.70, 20.19, 20.19, -939.68, 20.00, 4.63, 10.00, 9.30, 0.00, 0.00, 0.00, 0.00, 90.00, 0, 0
2.00, 5.70, 20.08, 20.08, -988.89, 20.00, 4.63, 9.44, 8.75, 0.00, 0.00, 0.00, 0.00, 90.00, 0, 0
2.00, 5.70, 20.00, 20.00, -985.52, 20.00, 4.63, 10.00, 9.30, 0.00, 2.38, 0.00, 0.00, 90.00, 0, 0
2.00, 5.70, 20.00, 20.00, -923.10, 20.00, 4.63, 10.56, 9.86, 6.10, 13.41, 14.86, -54.79, 81.88, 0, 0
2.00, 5.70, 20.02, 20.02, -801.60, 20.00, 4.63, 11.67, 10.97, 14.95, 28.22, 16.75, -43.33, 73.28, 0, 0
2.00, 5.70, 20.03, 20.03, -790.40, 20.00, 4.63, 12.22, 11.54, 5.33, 27.56, 26.31, -30.18, 66.47, 0, 0
2.00, 5.70, 20.07, 20.07, -711.94, 20.00, 4.63, 12.78, 12.09, 7.68, 37.64, 38.08, -15.30, 62.06, 0, 0
2.00, 5.70, 20.18, 20.18, -542.79, 20.00, 4.63, 13.89, 13.20, 16.34, 54.85, 50.41, 0.70, 60.61, 0, 0
2.00, 5.70, 20.37, 20.37, -305.44, 20.00, 4.63, 14.44, 13.76, 49.90, 68.74, 62.81, 16.64, 62.33, 0, 0
2.00, 5.70, 20.55, 20.55, -199.16, 20.00, 4.63, 15.56, 14.86, 38.11, 66.10, 75.01, 31.38, 66.97, 0, 0
2.00, 5.70, 20.56, 20.56, -423.82, 20.00, 4.63, 15.00, 14.31, 4.11, 30.15, 86.81, 44.38, 73.96, 0, 0
2.00, 5.70, 20.49, 20.49, -593.93, 20.00, 4.63, 14.44, 13.74, 0.00, 6.34, 0.00, 55.70, 82.69, 0, 0
2.00, 5.70, 20.44, 20.44, -591.42, 20.00, 4.63, 13.89, 13.20, 0.00, 2.38, 0.00, 0.00, 90.00, 0, 0
2.00, 5.70, 20.48, 20.48, -438.93, 20.00, 4.63, 13.33, 12.63, 0.00, 0.00, 0.00, 0.00, 90.00, 0, 0
2.00, 5.70, 20.50, 20.50, -457.17, 20.00, 4.63, 12.78, 12.07, 0.00, 0.00, 0.00, 0.00, 90.00, 0, 0
2.00, 5.70, 20.50, 20.50, -480.87, 20.00, 4.63, 12.22, 11.50, 0.00, 0.00, 0.00, 0.00, 90.00, 0, 0
2.00, 5.70, 20.49, 20.49, -508.19, 20.00, 4.63, 11.67, 10.96, 0.00, 0.00, 0.00, 0.00, 90.00, 0, 0
2.00, 5.70, 20.39, 20.39, -691.42, 20.00, 4.63, 11.11, 10.39, 0.00, 0.00, 0.00, 0.00, 90.00, 0, 0
2.00, 5.70, 20.21, 20.21, -906.85, 20.00, 4.63, 10.56, 9.83, 0.00, 0.00, 0.00, 0.00, 90.00, 0, 0
2.00, 5.70, 20.04, 20.04, -1005.37, 20.00, 4.63, 9.44, 8.72, 0.00, 0.00, 0.00, 0.00, 90.00, 0, 0
2.00, 5.70, 19.89, 19.89, -1074.44, 20.00, 4.63, 8.89, 8.17, 0.00, 0.00, 0.00, 0.00, 90.00, 0, 0
2.00, 5.70, 19.73, 19.73, -1165.83, 20.00, 4.63, 7.78, 7.07, 0.00, 0.00, 0.00, 0.00, 90.00, 0, 0
2.00, 5.70, 19.58, 19.58, -1231.69, 20.00, 4.63, 7.22, 6.50, 0.00, 0.00, 0.00, 0.00, 90.00, 0, 0
2.00, 5.70, 19.43, 19.43, -1296.09, 20.00, 4.63, 6.67, 5.94, 0.00, 0.00, 0.00, 0.00, 90.00, 0, 0
2.00, 5.70, 19.28, 19.28, -1385.97, 20.00, 4.63, 5.56, 4.83, 0.00, 0.00, 0.00, 0.00, 90.00, 0, 0
2.00, 5.70, 20.00, 20.00, -1337.76, 20.00, 4.63, 5.00, 4.27, 0.00, 0.00, 0.00, 0.00, 90.00, 0, 0
2.00, 5.70, 20.00, 20.00, -1326.57, 20.00, 4.63, 5.56, 4.81, 0.00, 5.54, 0.00, 0.00, 90.00, 0, 0
2.00, 5.70, 20.11, 20.11, -455.45, 20.00, 4.63, 7.22, 6.49, 368.55, 24.23, 15.08, -54.98, 81.76, 0, 0
2.00, 5.70, 20.32, 20.32, -187.88, 20.00, 4.63, 9.44, 8.70, 355.21, 47.70, 16.90, -43.51, 73.14, 0, 0
2.00, 5.70, 20.70, 20.70, 276.88, 20.00, 4.63, 11.11, 10.38, 452.29, 72.57, 26.39, -30.34, 66.30, 0, 0
2.00, 5.70, 21.21, 21.21, 786.97, 20.00, 4.63, 13.33, 12.60, 466.52, 96.42, 38.13, -15.42, 61.86, 0, 0
2.00, 5.70, 21.62, 21.62, 869.41, 20.00, 4.63, 15.00, 14.25, 294.63, 100.56, 50.46, 0.62, 60.39, 0, 0
2.00, 5.70, 21.81, 21.81, 668.05, 20.00, 4.63, 16.11, 15.36, 151.79, 91.35, 62.85, 16.62, 62.11, 0, 0
2.00, 5.70, 21.87, 21.87, 479.49, 20.00, 4.63, 16.11, 15.36, 78.22, 78.10, 75.07, 31.41, 66.75, 0, 0
2.00, 5.70, 21.80, 21.80, 240.73, 20.00, 4.63, 16.11, 15.34, 15.80, 53.17, 86.88, 44.45, 73.75, 0, 0
2.00, 5.70, 21.65, 21.65, -21.28, 20.00, 4.63, 14.44, 13.69, 0.00, 22.03, 0.00, 55.80, 82.48, 0, 0
2.00, 5.70, 21.45, 21.45, -225.66, 20.00, 4.63, 13.33, 12.58, 0.00, 3.96, 0.00, 0.00, 90.00, 0, 0
2.00, 5.70, 21.36, 21.36, -159.98, 20.00, 4.63, 12.22, 11.47, 0.00, 0.00, 0.00, 0.00, 90.00, 0, 0
2.00, 5.70, 21.26, 21.26, -247.32, 20.00, 4.63, 11.11, 10.34, 0.00, 0.00, 0.00, 0.00, 90.00, 0, 0
2.00, 5.70, 21.16, 21.16, -306.54, 20.00, 4.63, 10.56, 9.77, 0.00, 0.00, 0.00, 0.00, 90.00, 0, 0
2.00, 5.70, 21.06, 21.06, -387.78, 20.00, 4.63, 9.44, 8.66, 0.00, 0.00, 0.00, 0.00, 90.00, 0, 0
2.00, 5.70, 20.87, 20.87, -622.28, 20.00, 4.63, 8.33, 7.56, 0.00, 0.00, 0.00, 0.00, 90.00, 0, 0
2.00, 5.70, 20.62, 20.62, -887.75, 20.00, 4.63, 7.22, 6.43, 0.00, 0.00, 0.00, 0.00, 90.00, 0, 0
2.00, 5.70, 20.39, 20.39, -983.73, 20.00, 4.63, 6.67, 5.88, 0.00, 0.00, 0.00, 0.00, 90.00, 0, 0
2.00, 5.70, 20.17, 20.17, -1097.37, 20.00, 4.63, 5.56, 4.78, 0.00, 0.00, 0.00, 0.00, 90.00, 0, 0
2.00, 5.70, 19.94, 19.94, -1234.89, 20.00, 4.63, 3.89, 3.11, 0.00, 0.00, 0.00, 0.00, 90.00, 0, 0
2.00, 5.70, 19.72, 19.72, -1347.42, 20.00, 4.63, 2.78, 1.98, 0.00, 0.00, 0.00, 0.00, 90.00, 0, 0
2.00, 5.70, 19.51, 19.51, -1459.43, 20.00, 4.63, 1.67, 0.87, 0.00, 0.00, 0.00, 0.00, 90.00, 0, 0
2.00, 5.70, 19.29, 19.29, -1572.00, 20.00, 4.63, 0.56, -0.25, 0.00, 0.00, 0.00, 0.00, 90.00, 0, 0
2.00, 5.70, 20.00, 20.00, -1549.01, 20.00, 4.63, 0.00, -0.81, 0.00, 0.00, 0.00, 0.00, 90.00, 0, 0
2.00, 5.70, 20.00, 20.00, -1605.00, 20.00, 4.63, -0.56, -1.36, 0.00, 5.54, 0.00, 0.00, 90.00, 0, 0
2.00, 5.70, 20.00, 20.00, -1158.49, 20.00, 4.63, 0.00, -0.81, 200.81, 21.04, 15.32, -55.18, 81.64, 0, 0
2.00, 5.70, 20.21, 20.21, -330.07, 20.00, 4.63, 1.67, 0.86, 500.51, 52.67, 17.06, -43.70, 72.99, 0, 0
2.00, 5.70, 20.66, 20.66, 289.98, 20.00, 4.63, 3.33, 2.52, 653.89, 79.74, 26.48, -30.50, 66.12, 0, 0
2.00, 5.70, 21.06, 21.06, 456.31, 20.00, 4.63, 4.44, 3.65, 512.34, 92.30, 38.19, -15.55, 61.66, 0, 0
2.00, 5.70, 21.33, 21.33, 441.45, 20.00, 4.63, 5.56, 4.76, 312.07, 97.79, 50.51, 0.55, 60.17, 0, 0
2.00, 5.70, 21.38, 21.38, 154.46, 20.00, 4.63, 5.56, 4.76, 164.17, 91.27, 62.91, 16.61, 61.88, 0, 0
2.00, 5.70, 21.29, 21.29, -123.58, 20.00, 4.63, 5.56, 4.76, 78.13, 75.14, 75.13, 31.45, 66.52, 0, 0
2.00, 5.70, 21.08, 21.08, -443.82, 20.00, 4.63, 5.00, 4.19, 14.45, 49.67, 86.96, 44.53, 73.53, 0, 0
2.00, 5.70, 20.81, 20.81, -713.98, 20.00, 4.63, 3.89, 3.09, 0.00, 21.45, 0.00, 55.90, 82.27, 0, 0
2.00, 5.70, 20.51, 20.51, -943.84, 20.00, 4.63, 2.78, 1.98, 0.00, 3.96, 0.00, 0.00, 90.00, 0, 0
2.00, 5.70, 20.34, 20.34, -873.92, 20.00, 4.63, 2.22, 1.42, 0.00, 0.00, 0.00, 0.00, 90.00, 0, 0
2.00, 5.70, 20.18, 20.18, -959.44, 20.00, 4.63, 1.67, 0.87, 0.00, 0.00, 0.00, 0.00, 90.00, 0, 0
2.00, 5.70, 20.02, 20.02, -1039.41, 20.00, 4.63, 1.11, 0.31, 0.00, 0.00, 0.00, 0.00, 90.00, 0, 0
2.00, 5.70, 20.00, 20.00, -1114.14, 20.00, 4.63, 0.56, -0.25, 0.00, 0.00, 0.00, 0.00, 90.00, 0, 0
2.00, 5.70, 19.73, 19.73, -1340.75, 20.00, 4.63, 0.00, -0.81, 0.00, 0.00, 0.00, 0.00, 90.00, 0, 0
2.00, 5.70, 19.40, 19.40, -1623.21, 20.00, 4.63, -1.11, -1.92, 0.00, 0.00, 0.00, 0.00, 90.00, 0, 0
2.00, 5.70, 19.14, 19.14, -1680.98, 20.00, 4.63, -0.56, -1.38, 0.00, 0.00, 0.00, 0.00, 90.00, 0, 0
2.00, 5.70, 18.90, 18.90, -1751.87, 20.00, 4.63, -0.56, -1.36, 0.00, 0.00, 0.00, 0.00, 90.00, 0, 0
2.00, 5.70, 18.70, 18.70, -1815.33, 20.00, 4.63, -0.56, -1.36, 0.00, 0.00, 0.00, 0.00, 90.00, 0, 0
2.00, 5.70, 18.52, 18.52, -1845.99, 20.00, 4.63, 0.00, -0.81, 0.00, 0.00, 0.00, 0.00, 90.00, 0, 0
2.00, 5.70, 18.36, 18.36, -1896.82, 20.00, 4.63, 0.00, -0.81, 0.00, 0.00, 0.00, 0.00, 90.00, 0, 0
2.00, 5.70, 18.22, 18.22, -1917.26, 20.00, 4.63, 0.56, -0.25, 0.00, 0.00, 0.00, 0.00, 90.00, 0, 0
2.00, 5.70, 20.00, 20.00, -1749.28, 20.00, 4.63, 0.56, -0.25, 0.00, 0.00, 0.00, 0.00, 90.00, 0, 0
2.00, 5.70, 20.00, 20.00, -1716.21, 20.00, 4.63, 1.67, 0.87, 0.00, 5.54, 0.00, 0.00, 90.00, 0, 0
2.00, 5.70, 20.00, 20.00, -1467.54, 20.00, 4.63, 2.78, 1.98, 85.10, 18.18, 15.55, -55.37, 81.51, 0, 0
2.00, 5.70, 20.00, 20.00, -940.06, 20.00, 4.63, 4.44, 3.67, 264.61, 43.82, 17.23, -43.88, 72.84, 0, 0
2.00, 5.70, 20.00, 20.00, -907.13, 20.00, 4.63, 6.11, 5.34, 177.92, 58.65, 26.58, -30.66, 65.94, 0, 0
2.00, 5.70, 20.00, 20.00, -1113.55, 20.00, 4.63, 6.67, 5.90, 28.45, 56.37, 38.26, -15.67, 61.45, 0, 0
2.00, 5.70, 20.00, 20.00, -1080.61, 20.00, 4.63, 7.22, 6.45, 20.33, 59.17, 50.56, 0.48, 59.95, 0, 0
2.00, 5.70, 20.00, 20.00, -845.08, 20.00, 4.63, 7.78, 7.03, 62.10, 74.99, 62.96, 16.60, 61.64, 0, 0
2.00, 5.70, 20.00, 20.00, -877.90, 20.00, 4.63, 8.33, 7.58, 33.26, 64.12, 75.20, 31.50, 66.29, 0, 0
2.00, 5.70, 20.00, 20.00, -1084.04, 20.00, 4.63, 7.78, 7.03, 3.33, 38.24, 87.04, 44.61, 73.31, 0, 0
2.00, 5.70, 20.00, 20.00, -1212.41, 20.00, 4.63, 6.67, 5.92, 0.00, 18.84, 0.00, 56.01, 82.06, 0, 0
2.00, 5.70, 20.00, 20.00, -1246.85, 20.00, 4.63, 6.67, 5.92, 0.00, 3.17, 0.00, 0.00, 90.00, 0, 0
2.00, 5.70, 20.00, 20.00, -1077.87, 20.00, 4.63, 6.67, 5.92, 0.00, 0.00, 0.00, 0.00, 90.00, 0, 0
2.00, 5.70, 20.00, 20.00, -1052.02, 20.00, 4.63, 7.22, 6.49, 0.00, 0.00, 0.00, 0.00, 90.00, 0, 0
2.00, 5.70, 20.00, 20.00, -1051.22, 20.00, 4.63, 7.22, 6.50, 0.00, 0.00, 0.00, 0.00, 90.00, 0, 0
2.00, 5.70, 20.00, 20.00, -1026.85, 20.00, 4.63, 7.78, 7.05, 0.00, 0.00, 0.00, 0.00, 90.00, 0, 0
2.00, 5.70, 19.71, 19.71, -1175.56, 20.00, 4.63, 8.33, 7.61, 0.00, 0.00, 0.00, 0.00, 90.00, 0, 0
2.00, 5.70, 19.41, 19.41, -1372.42, 20.00, 4.63, 8.33, 7.63, 0.00, 0.00, 0.00, 0.00, 90.00, 0, 0
2.00, 5.70, 19.18, 19.18, -1421.31, 20.00, 4.63, 8.33, 7.61, 0.00, 0.00, 0.00, 0.00, 90.00, 0, 0
2.00, 5.70, 19.00, 19.00, -1433.72, 20.00, 4.63, 8.89, 8.16, 0.00, 0.00, 0.00, 0.00, 90.00, 0, 0
2.00, 5.70, 18.86, 18.86, -1462.64, 20.00, 4.63, 8.89, 8.16, 0.00, 0.00, 0.00, 0.00, 90.00, 0, 0
2.00, 5.70, 18.73, 18.73, -1487.02, 20.00, 4.63, 8.89, 8.16, 0.00, 0.00, 0.00, 0.00, 90.00, 0, 0
2.00, 5.70, 18.63, 18.63, -1507.94, 20.00, 4.63, 8.89, 8.17, 0.00, 0.00, 0.00, 0.00, 90.00, 0, 0
2.00, 5.70, 18.53, 18.53, -1526.41, 20.00, 4.63, 8.89, 8.19, 0.00, 0.00, 0.00, 0.00, 90.00, 0, 0
2.00, 5.70, 20.00, 20.00, -1331.11, 20.00, 4.63, 9.44, 8.75, 0.00, 0.00, 0.00, 0.00, 90.00, 0, 0
2.00, 5.70, 20.00, 20.00, -1341.98, 20.00, 4.63, 9.44, 8.75, 0.00, 0.79, 0.00, 0.00, 90.00, 0, 0
2.00, 5.70, 20.00, 20.00, -1337.29, 20.00, 4.63, 9.44, 8.75, 0.00, 3.17, 15.79, -55.57, 81.37, 0, 0
2.00, 5.70, 20.00, 20.00, -1299.70, 20.00, 4.63, 10.00, 9.30, 0.00, 7.13, 17.41, -44.07, 72.68, 0, 0
2.00, 5.70, 20.00, 20.00, -1255.16, 20.00, 4.63, 10.56, 9.86, 0.00, 11.88, 26.68, -30.82, 65.75, 0, 0
2.00, 5.70, 20.00, 20.00, -1225.11, 20.00, 4.63, 10.56, 9.86, 0.00, 18.22, 38.33, -15.79, 61.24, 0, 0
2.00, 5.70, 20.00, 20.00, -1177.03, 20.00, 4.63, 11.11, 10.43, 0.00, 22.18, 50.62, 0.42, 59.71, 0, 0
2.00, 5.70, 20.00, 20.00, -1185.88, 20.00, 4.63, 11.11, 10.43, 0.00, 17.42, 63.03, 16.60, 61.40, 0, 0
2.00, 5.70, 20.00, 20.00, -1179.07, 20.00, 4.63, 11.11, 10.43, 0.00, 11.88, 75.27, 31.54, 66.05, 0, 0
2.00, 5.70, 20.00, 20.00, -1190.61, 20.00, 4.63, 11.11, 10.43, 0.00, 7.92, 87.13, 44.70, 73.08, 0, 0
2.00, 5.70, 20.00, 20.00, -1204.67, 20.00, 4.63, 11.11, 10.43, 0.00, 3.96, 0.00, 56.12, 81.85, 0, 0
2.00, 5.70, 20.00, 20.00, -1139.08, 20.00, 4.63, 11.11, 10.41, 0.00, 1.58, 0.00, 0.00, 90.00, 0, 0
2.00, 5.70, 20.00, 20.00, -966.45, 20.00, 4.63, 10.56, 9.86, 0.00, 0.00, 0.00, 0.00, 90.00, 0, 0
2.00, 5.70, 20.00, 20.00, -946.32, 20.00, 4.63, 10.56, 9.86, 0.00, 0.00, 0.00, 0.00, 90.00, 0, 0
2.00, 5.70, 20.00, 20.00, -931.05, 20.00, 4.63, 10.56, 9.86, 0.00, 0.00, 0.00, 0.00, 90.00, 0, 0
2.00, 5.70, 20.00, 20.00, -942.75, 20.00, 4.63, 10.00, 9.30, 0.00, 0.00, 0.00, 0.00, 90.00, 0, 0
2.00, 5.70, 19.71, 19.71, -1114.88, 20.00, 4.63, 10.00, 9.30, 0.00, 0.00, 0.00, 0.00, 90.00, 0, 0
2.00, 5.70, 19.42, 19.42, -1309.75, 20.00, 4.63, 10.00, 9.30, 0.00, 0.00, 0.00, 0.00, 90.00, 0, 0
2.00, 5.70, 19.18, 19.18, -1381.06, 20.00, 4.63, 9.44, 8.74, 0.00, 0.00, 0.00, 0.00, 90.00, 0, 0
2.00, 5.70, 18.98, 18.98, -1443.68, 20.00, 4.63, 8.89, 8.17, 0.00, 0.00, 0.00, 0.00, 90.00, 0, 0
2.00, 5.70, 18.80, 18.80, -1501.07, 20.00, 4.63, 8.33, 7.63, 0.00, 0.00, 0.00, 0.00, 90.00, 0, 0
2.00, 5.70, 18.63, 18.63, -1581.56, 20.00, 4.63, 7.22, 6.52, 0.00, 0.00, 0.00, 0.00, 90.00, 0, 0
2.00, 5.70, 18.47, 18.47, -1636.88, 20.00, 4.63, 6.67, 5.96, 0.00, 0.00, 0.00, 0.00, 90.00, 0, 0
2.00, 5.70, 18.32, 18.32, -1691.15, 20.00, 4.63, 6.11, 5.39, 0.00, 0.00, 0.00, 0.00, 90.00, 0, 0
2.00, 5.70, 20.00, 20.00, -1436.83, 20.00, 4.63, 5.56, 4.83, 0.00, 0.00, 0.00, 0.00, 90.00, 0, 0
2.00, 5.70, 20.00, 20.00, -1436.68, 20.00, 4.63, 5.56, 4.85, 0.00, 4.75, 0.00, 0.00, 90.00, 0, 0
2.00, 5.70, 20.00, 20.00, -657.90, 20.00, 4.63, 7.78, 7.05, 315.31, 22.15, 16.04, -55.78, 81.23, 0, 0
2.00, 5.70, 20.00, 20.00, -552.85, 20.00, 4.63, 9.44, 8.72, 245.68, 44.87, 17.60, -44.26, 72.51, 0, 0
2.00, 5.70, 20.00, 20.00, -603.45, 20.00, 4.63, 10.56, 9.85, 129.84, 60.07, 26.79, -30.99, 65.56, 0, 0
2.00, 5.70, 20.00, 20.00, -620.41, 20.00, 4.63, 11.67, 10.94, 58.30, 63.51, 38.41, -15.91, 61.02, 0, 0
2.00, 5.70, 20.08, 20.08, -292.99, 20.00, 4.63, 12.78, 12.05, 109.67, 79.27, 50.69, 0.36, 59.47, 0, 0
2.00, 5.70, 20.21, 20.21, -163.73, 20.00, 4.63, 13.89, 13.16, 85.04, 87.29, 63.10, 16.60, 61.16, 0, 0
2.00, 5.70, 20.20, 20.20, -371.59, 20.00, 4.63, 13.89, 13.16, 26.69, 64.57, 75.35, 31.60, 65.81, 0, 0
2.00, 5.70, 20.10, 20.10, -576.26, 20.00, 4.63, 13.33, 12.60, 2.32, 38.08, 87.22, 44.79, 72.85, 0, 0
2.00, 5.70, 20.00, 20.00, -778.84, 20.00, 4.63, 12.22, 11.49, 0.00, 12.44, 0.00, 56.24, 81.64, 0, 0
2.00, 5.70, 20.00, 20.00, -825.31, 20.00, 4.63, 11.11, 10.38, 0.00, 0.79, 0.00, 0.00, 90.00, 0, 0
2.00, 5.70, 20.00, 20.00, -672.96, 20.00, 4.63, 10.56, 9.81, 0.00, 0.00, 0.00, 0.00, 90.00, 0, 0
2.00, 5.70, 20.00, 20.00, -694.57, 20.00, 4.63, 10.00, 9.25, 0.00, 0.00, 0.00, 0.00, 90.00, 0, 0
2.00, 5.70, 20.00, 20.00, -743.34, 20.00, 4.63, 8.89, 8.14, 0.00, 0.00, 0.00, 0.00, 90.00, 0, 0
2.00, 5.70, 20.00, 20.00, -770.98, 20.00, 4.63, 8.33, 7.58, 0.00, 0.00, 0.00, 0.00, 90.00, 0, 0
2.00, 5.70, 19.75, 19.75, -1024.31, 20.00, 4.63, 7.78, 7.01, 0.00, 0.00, 0.00, 0.00, 90.00, 0, 0
2.00, 5.70, 19.45, 19.45, -1287.55, 20.00, 4.63, 6.67, 5.90, 0.00, 0.00, 0.00, 0.00, 90.00, 0, 0
2.00, 5.70, 19.20, 19.20, -1379.29, 20.00, 4.63, 6.11, 5.34, 0.00, 0.00, 0.00, 0.00, 90.00, 0, 0
2.00, 5.70, 18.96, 18.96, -1487.31, 20.00, 4.63, 5.00, 4.23, 0.00, 0.00, 0.00, 0.00, 90.00, 0, 0
2.00, 5.70, 18.74, 18.74, -1591.90, 20.00, 4.63, 3.89, 3.13, 0.00, 0.00, 0.00, 0.00, 90.00, 0, 0
2.00, 5.70, 18.54, 18.54, -1668.39, 20.00, 4.63, 3.33, 2.56, 0.00, 0.00, 0.00, 0.00, 90.00, 0, 0
2.00, 5.70, 18.34, 18.34, -1768.64, 20.00, 4.63, 2.22, 1.46, 0.00, 0.00, 0.00, 0.00, 90.00, 0, 0
2.00, 5.70, 18.15, 18.15, -1843.06, 20.00, 4.63, 1.67, 0.87, 0.00, 0.00, 0.00, 0.00, 90.00, 0, 0
2.00, 5.70, 20.00, 20.00, -1607.26, 20.00, 4.63, 0.56, -0.23, 0.00, 0.00, 0.00, 0.00, 90.00, 0, 0
2.00, 5.70, 20.00, 20.00, -1596.60, 20.00, 4.63, 1.11, 0.31, 0.00, 5.54, 0.00, 0.00, 90.00, 0, 0
2.00, 5.70, 20.06, 20.06, -266.87, 20.00, 4.63, 3.33, 2.54, 590.47, 26.38, 16.28, -55.98, 81.08, 0, 0
2.00, 5.70, 20.41, 20.41, 319.38, 20.00, 4.63, 6.11, 5.32, 679.16, 59.60, 17.79, -44.45, 72.34, 0, 0
2.00, 5.70, 20.61, 20.61, 232.00, 20.00, 4.63, 8.33, 7.56, 457.89, 78.93, 26.90, -31.15, 65.36, 0, 0
2.00, 5.70, 20.83, 20.83, 379.43, 20.00, 4.63, 9.44, 8.66, 366.87, 92.41, 38.49, -16.03, 60.79, 0, 0
2.00, 5.70, 21.12, 21.12, 625.69, 20.00, 4.63, 11.11, 10.34, 284.94, 101.90, 50.76, 0.30, 59.23, 0, 0
2.00, 5.70, 21.28, 21.28, 500.54, 20.00, 4.63, 12.22, 11.45, 160.94, 100.10, 63.17, 16.60, 60.91, 0, 0
2.00, 5.70, 21.28, 21.28, 255.27, 20.00, 4.63, 12.22, 11.45, 79.40, 85.35, 75.43, 31.66, 65.57, 0, 0
2.00, 5.70, 21.14, 21.14, -46.17, 20.00, 4.63, 11.67, 10.90, 13.68, 56.73, 87.32, 44.89, 72.62, 0, 0
2.00, 5.70, 20.94, 20.94, -299.81, 20.00, 4.63, 10.56, 9.77, 0.00, 24.32, 0.00, 56.36, 81.42, 0, 0
2.00, 5.70, 20.70, 20.70, -525.15, 20.00, 4.63, 9.44, 8.66, 0.00, 4.75, 0.00, 0.00, 90.00, 0, 0
2.00, 5.70, 20.58, 20.58, -444.91, 20.00, 4.63, 8.89, 8.12, 0.00, 0.00, 0.00, 0.00, 90.00, 0, 0
2.00, 5.70, 20.47, 20.47, -512.91, 20.00, 4.63, 8.33, 7.56, 0.00, 0.00, 0.00, 0.00, 90.00, 0, 0
2.00, 5.70, 20.37, 20.37, -574.69, 20.00, 4.63, 7.78, 7.01, 0.00, 0.00, 0.00, 0.00, 90.00, 0, 0
2.00, 5.70, 20.27, 20.27, -632.46, 20.00, 4.63, 7.22, 6.45, 0.00, 0.00, 0.00, 0.00, 90.00, 0, 0
2.00, 5.70, 20.07, 20.07, -890.65, 20.00, 4.63, 6.67, 5.88, 0.00, 0.00, 0.00, 0.00, 90.00, 0, 0
2.00, 5.70, 19.81, 19.81, -1134.35, 20.00, 4.63, 6.11, 5.34, 0.00, 0.00, 0.00, 0.00, 90.00, 0, 0
2.00, 5.70, 19.59, 19.59, -1231.24, 20.00, 4.63, 5.56, 4.78, 0.00, 0.00, 0.00, 0.00, 90.00, 0, 0
2.00, 5.70, 19.38, 19.38, -1318.80, 20.00, 4.63, 5.00, 4.23, 0.00, 0.00, 0.00, 0.00, 90.00, 0, 0
2.00, 5.70, 19.20, 19.20, -1374.44, 20.00, 4.63, 5.00, 4.21, 0.00, 0.00, 0.00, 0.00, 90.00, 0, 0
2.00, 5.70, 19.03, 19.03, -1450.11, 20.00, 4.63, 4.44, 3.67, 0.00, 0.00, 0.00, 0.00, 90.00, 0, 0
2.00, 5.70, 18.86, 18.86, -1523.78, 20.00, 4.63, 3.89, 3.11, 0.00, 0.00, 0.00, 0.00, 90.00, 0, 0
2.00, 5.70, 18.71, 18.71, -1569.39, 20.00, 4.63, 3.89, 3.11, 0.00, 0.00, 0.00, 0.00, 90.00, 0, 0
2.00, 5.70, 20.00, 20.00, -1457.70, 20.00, 4.63, 3.33, 2.56, 0.00, 0.00, 0.00, 0.00, 90.00, 0, 0
2.00, 5.70, 20.00, 20.00, -1453.30, 20.00, 4.63, 3.89, 3.11, 0.00, 4.75, 0.00, 0.00, 90.00, 0, 0
2.00, 5.70, 20.00, 20.00, -739.65, 20.00, 4.63, 5.56, 4.80, 299.38, 23.78, 16.54, -56.19, 80.93, 0, 0
2.00, 5.70, 20.00, 20.00, -719.42, 20.00, 4.63, 7.78, 7.01, 188.51, 42.78, 17.99, -44.64, 72.16, 0, 0
2.00, 5.70, 20.00, 20.00, -780.71, 20.00, 4.63, 8.89, 8.12, 84.59, 55.90, 27.03, -31.32, 65.15, 0, 0
2.00, 5.70, 20.00, 20.00, -607.97, 20.00, 4.63, 10.00, 9.23, 91.28, 72.77, 38.58, -16.15, 60.56, 0, 0
2.00, 5.70, 20.10, 20.10, -344.95, 20.00, 4.63, 11.67, 10.90, 99.77, 85.29, 50.84, 0.24, 58.98, 0, 0
2.00, 5.70, 20.25, 20.25, -193.32, 20.00, 4.63, 12.78, 12.01, 91.17, 87.77, 63.25, 16.61, 60.65, 0, 0
2.00, 5.70, 20.35, 20.35, -205.75, 20.00, 4.63, 13.33, 12.56, 57.78, 76.76, 75.52, 31.72, 65.32, 0, 0
2.00, 5.70, 20.35, 20.35, -349.60, 20.00, 4.63, 13.33, 12.56, 10.95, 56.42, 87.42, 44.99, 72.39, 0, 0
2.00, 5.70, 20.27, 20.27, -514.27, 20.00, 4.63, 12.22, 11.45, 0.00, 28.06, 0.00, 56.49, 81.20, 0, 0
2.00, 5.70, 20.13, 20.13, -705.96, 20.00, 4.63, 11.11, 10.34, 0.00, 6.34, 0.00, 0.00, 90.00, 0, 0
2.00, 5.70, 20.09, 20.09, -603.06, 20.00, 4.63, 10.56, 9.79, 0.00, 0.00, 0.00, 0.00, 90.00, 0, 0
2.00, 5.70, 20.03, 20.03, -648.74, 20.00, 4.63, 10.00, 9.23, 0.00, 0.00, 0.00, 0.00, 90.00, 0, 0
2.00, 5.70, 20.00, 20.00, -718.22, 20.00, 4.63, 8.89, 8.12, 0.00, 0.00, 0.00, 0.00, 90.00, 0, 0
2.00, 5.70, 20.00, 20.00, -762.95, 20.00, 4.63, 8.33, 7.56, 0.00, 0.00, 0.00, 0.00, 90.00, 0, 0
2.00, 5.70, 19.82, 19.82, -961.25, 20.00, 4.63, 7.78, 6.99, 0.00, 0.00, 0.00, 0.00, 90.00, 0, 0
2.00, 5.70, 19.58, 19.58, -1189.76, 20.00, 4.63, 7.22, 6.45, 0.00, 0.00, 0.00, 0.00, 90.00, 0, 0
2.00, 5.70, 19.36, 19.36, -1300.39, 20.00, 4.63, 6.11, 5.34, 0.00, 0.00, 0.00, 0.00, 90.00, 0, 0
2.00, 5.70, 19.16, 19.16, -1380.03, 20.00, 4.63, 5.56, 4.78, 0.00, 0.00, 0.00, 0.00, 90.00, 0, 0
2.00, 5.70, 18.96, 18.96, -1481.32, 20.00, 4.63, 4.44, 3.67, 0.00, 0.00, 0.00, 0.00, 90.00, 0, 0
2.00, 5.70, 18.78, 18.78, -1555.84, 20.00, 4.63, 3.89, 3.11, 0.00, 0.00, 0.00, 0.00, 90.00, 0, 0
2.00, 5.70, 18.59, 18.59, -1654.81, 20.00, 4.63, 2.78, 2.00, 0.00, 0.00, 0.00, 0.00, 90.00, 0, 0
2.00, 5.70, 18.42, 18.42, -1728.41, 20.00, 4.63, 2.22, 1.44, 0.00, 0.00, 0.00, 0.00, 90.00, 0, 0
2.00, 5.70, 20.00, 20.00, -1588.97, 20.00, 4.63, 1.67, 0.87, 0.00, 0.00, 0.00, 0.00, 90.00, 0, 0
2.00, 5.70, 20.00, 20.00, -1605.24, 20.00, 4.63, 1.67, 0.89, 0.00, 6.34, 0.00, 0.00, 90.00, 0, 0
2.00, 5.70, 20.11, 20.11, -245.38, 20.00, 4.63, 4.44, 3.67, 588.90, 27.76, 16.80, -56.39, 80.77, 0, 0
2.00, 5.70, 20.52, 20.52, 418.68, 20.00, 4.63, 7.22, 6.45, 716.77, 60.04, 18.20, -44.83, 71.97, 0, 0
2.00, 5.70, 20.83, 20.83, 465.92, 20.00, 4.63, 9.44, 8.66, 554.45, 81.88, 27.16, -31.48, 64.94, 0, 0
2.00, 5.70, 21.11, 21.11, 565.20, 20.00, 4.63, 11.11, 10.34, 400.33, 95.68, 38.68, -16.27, 60.32, 0, 0
2.00, 5.70, 21.37, 21.37, 671.74, 20.00, 4.63, 12.22, 11.45, 266.98, 103.92, 50.93, 0.18, 58.72, 0, 0
2.00, 5.70, 21.50, 21.50, 536.96, 20.00, 4.63, 13.33, 12.56, 145.87, 103.53, 63.34, 16.62, 60.39, 0, 0
2.00, 5.70, 21.49, 21.49, 320.58, 20.00, 4.63, 13.89, 13.12, 66.37, 86.83, 75.61, 31.80, 65.07, 0, 0
2.00, 5.70, 21.34, 21.34, -14.86, 20.00, 4.63, 12.78, 12.01, 9.41, 55.78, 87.53, 45.10, 72.15, 0, 0
2.00, 5.70, 21.13, 21.13, -267.29, 20.00, 4.63, 11.67, 10.90, 0.00, 24.56, 0.00, 56.63, 80.98, 0, 0
2.00, 5.70, 20.89, 20.89, -468.45, 20.00, 4.63, 10.56, 9.77, 0.00, 5.54, 0.00, 0.00, 90.00, 0, 0
2.00, 5.70, 20.77, 20.77, -414.21, 20.00, 4.63, 9.44, 8.68, 0.00, 0.00, 0.00, 0.00, 90.00, 0, 0
2.00, 5.70, 20.65, 20.65, -483.06, 20.00, 4.63, 8.89, 8.12, 0.00, 0.00, 0.00, 0.00, 90.00, 0, 0
2.00, 5.70, 20.54, 20.54, -546.16, 20.00, 4.63, 8.33, 7.58, 0.00, 0.00, 0.00, 0.00, 90.00, 0, 0
2.00, 5.70, 20.43, 20.43, -605.59, 20.00, 4.63, 7.78, 7.01, 0.00, 0.00, 0.00, 0.00, 90.00, 0, 0
2.00, 5.70, 20.26, 20.26, -816.11, 20.00, 4.63, 7.22, 6.45, 0.00, 0.00, 0.00, 0.00, 90.00, 0, 0
2.00, 5.70, 20.02, 20.02, -1055.20, 20.00, 4.63, 6.67, 5.88, 0.00, 0.00, 0.00, 0.00, 90.00, 0, 0
2.00, 5.70, 19.80, 19.80, -1148.77, 20.00, 4.63, 6.11, 5.34, 0.00, 0.00, 0.00, 0.00, 90.00, 0, 0
2.00, 5.70, 19.60, 19.60, -1234.21, 20.00, 4.63, 5.56, 4.78, 0.00, 0.00, 0.00, 0.00, 90.00, 0, 0
2.00, 5.70, 19.42, 19.42, -1314.42, 20.00, 4.63, 5.00, 4.23, 0.00, 0.00, 0.00, 0.00, 90.00, 0, 0
2.00, 5.70, 19.24, 19.24, -1391.46, 20.00, 4.63, 4.44, 3.67, 0.00, 0.00, 0.00, 0.00, 90.00, 0, 0
2.00, 5.70, 19.08, 19.08, -1466.36, 20.00, 4.63, 3.89, 3.11, 0.00, 0.00, 0.00, 0.00, 90.00, 0, 0
2.00, 5.70, 18.91, 18.91, -1539.72, 20.00, 4.63, 3.33, 2.56, 0.00, 0.00, 0.00, 0.00, 90.00, 0, 0
2.00, 5.70, 20.00, 20.00, -1462.53, 20.00, 4.63, 2.78, 2.00, 0.00, 0.00, 0.00, 0.00, 90.00, 0, 0
2.00, 5.70, 20.00, 20.00, -1425.57, 20.00, 4.63, 3.89, 3.11, 0.00, 7.13, 0.00, 0.00, 90.00, 0, 0
2.00, 5.70, 20.26, 20.26, -73.48, 20.00, 4.63, 6.11, 5.34, 588.08, 28.44, 17.06, -56.60, 80.60, 0, 0
2.00, 5.70, 20.79, 20.79, 641.34, 20.00, 4.63, 8.89, 8.12, 738.21, 59.38, 18.41, -45.02, 71.78, 0, 0
2.00, 5.70, 21.31, 21.31, 917.29, 20.00, 4.63, 11.11, 10.36, 680.28, 84.73, 27.30, -31.64, 64.72, 0, 0
2.00, 5.70, 21.75, 21.75, 1073.65, 20.00, 4.63, 13.33, 12.56, 495.96, 100.49, 38.78, -16.39, 60.08, 0, 0
2.00, 5.70, 22.07, 22.07, 1076.42, 20.00, 4.63, 14.44, 13.69, 286.68, 109.90, 51.02, 0.13, 58.46, 0, 0
2.00, 5.70, 22.19, 22.19, 824.77, 20.00, 4.63, 15.56, 14.80, 135.53, 103.03, 63.43, 16.64, 60.13, 0, 0
2.00, 5.70, 22.14, 22.14, 515.49, 20.00, 4.63, 15.56, 14.80, 51.03, 80.71, 75.71, 31.87, 64.81, 0, 0
2.00, 5.70, 21.96, 21.96, 163.94, 20.00, 4.63, 14.44, 13.69, 5.32, 48.38, 87.64, 45.22, 71.91, 0, 0
2.00, 5.70, 21.69, 21.69, -145.28, 20.00, 4.63, 12.78, 12.03, 0.00, 18.64, 0.00, 56.77, 80.75, 0, 0
2.00, 5.70, 21.45, 21.45, -294.74, 20.00, 4.63, 11.67, 10.92, 0.00, 3.17, 0.00, 0.00, 90.00, 0, 0
2.00, 5.70, 21.34, 21.34, -202.32, 20.00, 4.63, 11.11, 10.36, 0.00, 0.00, 0.00, 0.00, 90.00, 0, 0
2.00, 5.70, 21.23, 21.23, -265.50, 20.00, 4.63, 10.56, 9.81, 0.00, 0.00, 0.00, 0.00, 90.00, 0, 0
2.00, 5.70, 21.15, 21.15, -299.48, 20.00, 4.63, 10.56, 9.79, 0.00, 0.00, 0.00, 0.00, 90.00, 0, 0
2.00, 5.70, 21.07, 21.07, -353.76, 20.00, 4.63, 10.00, 9.25, 0.00, 0.00, 0.00, 0.00, 90.00, 0, 0
2.00, 5.70, 20.91, 20.91, -559.90, 20.00, 4.63, 9.44, 8.68, 0.00, 0.00, 0.00, 0.00, 90.00, 0, 0
2.00, 5.70, 20.68, 20.68, -794.93, 20.00, 4.63, 8.89, 8.14, 0.00, 0.00, 0.00, 0.00, 90.00, 0, 0
2.00, 5.70, 20.48, 20.48, -884.94, 20.00, 4.63, 8.33, 7.59, 0.00, 0.00, 0.00, 0.00, 90.00, 0, 0
2.00, 5.70, 20.30, 20.30, -967.10, 20.00, 4.63, 7.78, 7.03, 0.00, 0.00, 0.00, 0.00, 90.00, 0, 0
2.00, 5.70, 20.14, 20.14, -1018.33, 20.00, 4.63, 7.78, 7.03, 0.00, 0.00, 0.00, 0.00, 90.00, 0, 0
2.00, 5.70, 19.99, 19.99, -1090.10, 20.00, 4.63, 7.22, 6.47, 0.00, 0.00, 0.00, 0.00, 90.00, 0, 0
2.00, 5.70, 19.84, 19.84, -1160.04, 20.00, 4.63, 6.67, 5.92, 0.00, 0.00, 0.00, 0.00, 90.00, 0, 0
2.00, 5.70, 19.70, 19.70, -1228.84, 20.00, 4.63, 6.11, 5.38, 0.00, 0.00, 0.00, 0.00, 90.00, 0, 0
2.00, 5.70, 20.00, 20.00, -1214.15, 20.00, 4.63, 6.11, 5.38, 0.00, 0.00, 0.00, 0.00, 90.00, 0, 0
2.00, 5.70, 20.00, 20.00, -1244.79, 20.00, 4.63, 6.11, 5.38, 0.00, 1.58, 0.00, 0.00, 90.00, 0, 0
2.00, 5.70, 20.00, 20.00, -1148.74, 20.00, 4.63, 7.22, 6.49, 12.05, 13.33, 17.33, -56.81, 80.43, 0, 0
2.00, 5.70, 20.01, 20.01, -761.58, 20.00, 4.63, 8.89, 8.16, 125.60, 38.45, 18.63, -45.22, 71.59, 0, 0
2.00, 5.70, 20.44, 20.44, 95.53, 20.00, 4.63, 11.67, 10.92, 400.24, 76.32, 27.44, -31.81, 64.49, 0, 0
2.00, 5.70, 20.88, 20.88, 400.51, 20.00, 4.63, 13.89, 13.14, 320.36, 95.45, 38.89, -16.51, 59.83, 0, 0
2.00, 5.70, 21.13, 21.13, 279.86, 20.00, 4.63, 15.56, 14.80, 126.54, 91.17, 51.12, 0.08, 58.20, 0, 0
2.00, 5.70, 21.31, 21.31, 297.58, 20.00, 4.63, 16.11, 15.36, 84.67, 91.44, 63.52, 16.67, 59.86, 0, 0
2.00, 5.70, 21.45, 21.45, 291.36, 20.00, 4.63, 16.67, 15.91, 54.23, 83.66, 75.82, 31.95, 64.56, 0, 0
2.00, 5.70, 21.43, 21.43, 40.18, 20.00, 4.63, 16.11, 15.36, 6.50, 52.40, 87.76, 45.34, 71.67, 0, 0
2.00, 5.70, 21.30, 21.30, -219.74, 20.00, 4.63, 15.00, 14.25, 0.00, 19.30, 0.00, 56.92, 80.53, 0, 0
2.00, 5.70, 21.16, 21.16, -331.71, 20.00, 4.63, 13.89, 13.14, 0.00, 4.75, 0.00, 0.00, 90.00, 0, 0
2.00, 5.70, 21.13, 21.13, -219.68, 20.00, 4.63, 13.33, 12.60, 0.00, 0.00, 0.00, 0.00, 90.00, 0, 0
2.00, 5.70, 21.09, 21.09, -261.71, 20.00, 4.63, 12.78, 12.03, 0.00, 0.00, 0.00, 0.00, 90.00, 0, 0
2.00, 5.70, 21.04, 21.04, -303.25, 20.00, 4.63, 12.22, 11.47, 0.00, 0.00, 0.00, 0.00, 90.00, 0, 0
2.00, 5.70, 20.99, 20.99, -344.38, 20.00, 4.63, 11.67, 10.92, 0.00, 0.00, 0.00, 0.00, 90.00, 0, 0
2.00, 5.70, 20.85, 20.85, -564.23, 20.00, 4.63, 10.56, 9.81, 0.00, 0.00, 0.00, 0.00, 90.00, 0, 0
2.00, 5.70, 20.64, 20.64, -791.24, 20.00, 4.63, 10.00, 9.25, 0.00, 0.00, 0.00, 0.00, 90.00, 0, 0
2.00, 5.70, 20.46, 20.46, -873.93, 20.00, 4.63, 9.44, 8.68, 0.00, 0.00, 0.00, 0.00, 90.00, 0, 0
2.00, 5.70, 20.28, 20.28, -975.14, 20.00, 4.63, 8.33, 7.58, 0.00, 0.00, 0.00, 0.00, 90.00, 0, 0
2.00, 5.70, 20.11, 20.11, -1048.66, 20.00, 4.63, 7.78, 7.01, 0.00, 0.00, 0.00, 0.00, 90.00, 0, 0
2.00, 5.70, 19.94, 19.94, -1145.25, 20.00, 4.63, 6.67, 5.90, 0.00, 0.00, 0.00, 0.00, 90.00, 0, 0
2.00, 5.70, 19.78, 19.78, -1216.47, 20.00, 4.63, 6.11, 5.34, 0.00, 0.00, 0.00, 0.00, 90.00, 0, 0
2.00, 5.70, 19.62, 19.62, -1286.33, 20.00, 4.63, 5.56, 4.78, 0.00, 0.00, 0.00, 0.00, 90.00, 0, 0
2.00, 5.70, 20.00, 20.00, -1315.53, 20.00, 4.63, 4.44, 3.69, 0.00, 0.00, 0.00, 0.00, 90.00, 0, 0
2.00, 5.70, 20.00, 20.00, -1305.35, 20.00, 4.63, 5.00, 4.23, 0.00, 6.34, 0.00, 0.00, 90.00, 0, 0
2.00, 5.70, 20.36, 20.36, -54.48, 20.00, 4.63, 7.22, 6.47, 532.23, 27.23, 17.60, -57.02, 80.25, 0, 0
2.00, 5.70, 20.97, 20.97, 670.49, 20.00, 4.63, 10.00, 9.25, 690.13, 58.42, 18.86, -45.41, 71.39, 0, 0
2.00, 5.70, 21.56, 21.56, 1016.19, 20.00, 4.63, 12.78, 12.01, 657.35, 84.27, 27.60, -31.97, 64.27, 0, 0
2.00, 5.70, 21.89, 21.89, 834.21, 20.00, 4.63, 14.44, 13.67, 338.30, 93.98, 39.00, -16.62, 59.57, 0, 0
2.00, 5.70, 22.06, 22.06, 701.21, 20.00, 4.63, 15.00, 14.23, 164.36, 95.40, 51.22, 0.04, 57.93, 0, 0
2.00, 5.70, 22.15, 22.15, 605.29, 20.00, 4.63, 16.11, 15.32, 90.05, 91.46, 63.63, 16.69, 59.59, 0, 0
2.00, 5.70, 22.16, 22.16, 469.49, 20.00, 4.63, 16.11, 15.32, 43.37, 81.96, 75.93, 32.04, 64.29, 0, 0
2.00, 5.70, 22.08, 22.08, 248.84, 20.00, 4.63, 15.56, 14.78, 6.59, 56.93, 87.89, 45.47, 71.42, 0, 0
2.00, 5.70, 21.89, 21.89, -43.58, 20.00, 4.63, 13.89, 13.12, 0.00, 22.08, 0.00, 57.08, 80.30, 0, 0
2.00, 5.70, 21.69, 21.69, -201.49, 20.00, 4.63, 12.78, 12.01, 0.00, 4.75, 0.00, 0.00, 90.00, 0, 0
2.00, 5.70, 21.61, 21.61, -107.94, 20.00, 4.63, 12.22, 11.45, 0.00, 0.00, 0.00, 0.00, 90.00, 0, 0
2.00, 5.70, 21.52, 21.52, -190.97, 20.00, 4.63, 11.11, 10.34, 0.00, 0.00, 0.00, 0.00, 90.00, 0, 0
2.00, 5.70, 21.43, 21.43, -247.92, 20.00, 4.63, 10.56, 9.79, 0.00, 0.00, 0.00, 0.00, 90.00, 0, 0
2.00, 5.70, 21.34, 21.34, -328.26, 20.00, 4.63, 9.44, 8.68, 0.00, 0.00, 0.00, 0.00, 90.00, 0, 0
2.00, 5.70, 21.17, 21.17, -536.98, 20.00, 4.63, 8.89, 8.12, 0.00, 0.00, 0.00, 0.00, 90.00, 0, 0
2.00, 5.70, 20.92, 20.92, -800.54, 20.00, 4.63, 7.78, 6.99, 0.00, 0.00, 0.00, 0.00, 90.00, 0, 0
2.00, 5.70, 20.70, 20.70, -895.33, 20.00, 4.63, 7.22, 6.45, 0.00, 0.00, 0.00, 0.00, 90.00, 0, 0
2.00, 5.70, 20.50, 20.50, -981.95, 20.00, 4.63, 6.67, 5.88, 0.00, 0.00, 0.00, 0.00, 90.00, 0, 0
2.00, 5.70, 20.32, 20.32, -1063.53, 20.00, 4.63, 6.11, 5.32, 0.00, 0.00, 0.00, 0.00, 90.00, 0, 0
2.00, 5.70, 20.13, 20.13, -1168.09, 20.00, 4.63, 5.00, 4.21, 0.00, 0.00, 0.00, 0.00, 90.00, 0, 0
2.00, 5.70, 19.95, 19.95, -1246.69, 20.00, 4.63, 4.44, 3.65, 0.00, 0.00, 0.00, 0.00, 90.00, 0, 0
2.00, 5.70, 19.78, 19.78, -1323.44, 20.00, 4.63, 3.89, 3.11, 0.00, 0.00, 0.00, 0.00, 90.00, 0, 0
2.00, 5.70, 20.00, 20.00, -1307.33, 20.00, 4.63, 2.78, 2.00, 0.00, 0.00, 0.00, 0.00, 90.00, 0, 0
2.00, 5.70, 20.00, 20.00, -1296.57, 20.00, 4.63, 3.33, 2.56, 0.00, 6.34, 0.00, 0.00, 90.00, 0, 0
2.00, 5.70, 20.37, 20.37, -148.51, 20.00, 4.63, 6.11, 5.34, 459.36, 30.33, 17.87, -57.24, 80.07, 0, 0
2.00, 5.70, 20.78, 20.78, 195.23, 20.00, 4.63, 8.89, 8.10, 441.20, 57.45, 19.10, -45.61, 71.18, 0, 0
2.00, 5.70, 21.18, 21.18, 421.90, 20.00, 4.63, 10.56, 9.77, 420.08, 76.18, 27.76, -32.14, 64.03, 0, 0
2.00, 5.70, 21.57, 21.57, 647.03, 20.00, 4.63, 12.22, 11.45, 330.65, 92.35, 39.13, -16.73, 59.31, 0, 0
2.00, 5.70, 21.91, 21.91, 773.85, 20.00, 4.63, 13.89, 13.10, 207.18, 101.18, 51.33, -0.00, 57.65, 0, 0
2.00, 5.70, 22.10, 22.10, 664.53, 20.00, 4.63, 15.00, 14.19, 108.14, 96.71, 63.73, 16.73, 59.31, 0, 0
2.00, 5.70, 22.14, 22.14, 436.86, 20.00, 4.63, 15.00, 14.19, 44.94, 78.29, 76.04, 32.14, 64.03, 0, 0
2.00, 5.70, 22.07, 22.07, 223.83, 20.00, 4.63, 14.44, 13.64, 6.51, 56.02, 88.02, 45.60, 71.18, 0, 0
2.00, 5.70, 21.94, 21.94, 26.70, 20.00, 4.63, 13.33, 12.53, 0.00, 28.61, 0.00, 57.24, 80.07, 0, 0
2.00, 5.70, 21.76, 21.76, -189.26, 20.00, 4.63, 11.67, 10.88, 0.00, 7.92, 0.00, 0.00, 90.00, 0, 0
2.00, 5.70, 21.68, 21.68, -109.11, 20.00, 4.63, 11.11, 10.32, 0.00, 0.00, 0.00, 0.00, 90.00, 0, 0
2.00, 5.70, 21.58, 21.58, -194.58, 20.00, 4.63, 10.00, 9.21, 0.00, 0.00, 0.00, 0.00, 90.00, 0, 0
2.00, 5.70, 21.50, 21.50, -253.07, 20.00, 4.63, 9.44, 8.64, 0.00, 0.00, 0.00, 0.00, 90.00, 0, 0
2.00, 5.70, 21.40, 21.40, -334.46, 20.00, 4.63, 8.33, 7.53, 0.00, 0.00, 0.00, 0.00, 90.00, 0, 0
2.00, 5.70, 21.20, 21.20, -593.25, 20.00, 4.63, 7.78, 6.97, 0.00, 0.00, 0.00, 0.00, 90.00, 0, 0
2.00, 5.70, 20.93, 20.93, -863.84, 20.00, 4.63, 6.67, 5.86, 0.00, 0.00, 0.00, 0.00, 90.00, 0, 0
2.00, 5.70, 20.69, 20.69, -964.13, 20.00, 4.63, 6.11, 5.30, 0.00, 0.00, 0.00, 0.00, 90.00, 0, 0
2.00, 5.70, 20.47, 20.47, -1081.36, 20.00, 4.63, 5.00, 4.19, 0.00, 0.00, 0.00, 0.00, 90.00, 0, 0
2.00, 5.70, 20.24, 20.24, -1195.48, 20.00, 4.63, 3.89, 3.09, 0.00, 0.00, 0.00, 0.00, 90.00, 0, 0
2.00, 5.70, 20.04, 20.04, -1281.60, 20.00, 4.63, 3.33, 2.52, 0.00, 0.00, 0.00, 0.00, 90.00, 0, 0
2.00, 5.70, 19.83, 19.83, -1391.43, 20.00, 4.63, 2.22, 1.42, 0.00, 0.00, 0.00, 0.00, 90.00, 0, 0
2.00, 5.70, 19.63, 19.63, -1475.13, 20.00, 4.63, 1.67, 0.86, 0.00, 0.00, 0.00, 0.00, 90.00, 0, 0
2.00, 5.70, 20.00, 20.00, -1452.00, 20.00, 4.63, 0.56, -0.25, 0.00, 0.00, 0.00, 0.00, 90.00, 0, 0
2.00, 5.70, 20.00, 20.00, -1442.52, 20.00, 4.63, 1.11, 0.31, 0.00, 7.13, 0.00, -67.73, 89.98, 0, 0
2.00, 5.70, 20.15, 20.15, -597.53, 20.00, 4.63, 2.78, 1.98, 353.71, 25.92, 18.15, -57.45, 79.88, 0, 0
2.00, 5.70, 20.41, 20.41, -261.48, 20.00, 4.63, 4.44, 3.65, 384.76, 51.46, 19.34, -45.80, 70.96, 0, 0
2.00, 5.70, 20.57, 20.57, -292.82, 20.00, 4.63, 6.11, 5.32, 243.80, 69.35, 27.93, -32.30, 63.79, 0, 0
2.00, 5.70, 20.62, 20.62, -415.39, 20.00, 4.63, 7.22, 6.43, 88.06, 75.50, 39.26, -16.84, 59.04, 0, 0
2.00, 5.70, 20.57, 20.57, -575.69, 20.00, 4.63, 7.22, 6.43, 24.50, 63.71, 51.44, -0.04, 57.37, 0, 0
2.00, 5.70, 20.39, 20.39, -874.40, 20.00, 4.63, 6.11, 5.32, 1.96, 26.51, 63.85, 16.77, 59.03, 0, 0
2.00, 5.70, 20.19, 20.19, -1043.87, 20.00, 4.63, 5.00, 4.21, 0.00, 15.05, 76.16, 32.23, 63.76, 0, 0
2.00, 5.70, 20.04, 20.04, -1045.24, 20.00, 4.63, 4.44, 3.67, 1.02, 31.29, 88.15, 45.74, 70.93, 0, 0
2.00, 5.70, 20.00, 20.00, -1097.07, 20.00, 4.63, 3.89, 3.11, 0.00, 25.13, 0.00, 57.40, 79.84, 0, 0
2.00, 5.70, 20.00, 20.00, -1162.55, 20.00, 4.63, 3.89, 3.11, 0.00, 7.92, 0.00, 67.68, 89.93, 0, 0
2.00, 5.70, 20.00, 20.00, -1021.56, 20.00, 4.63, 3.89, 3.13, 0.00, 0.00, 0.00, 0.00, 90.00, 0, 0
2.00, 5.70, 20.00, 20.00, -1008.09, 20.00, 4.63, 4.44, 3.67, 0.00, 0.00, 0.00, 0.00, 90.00, 0, 0
2.00, 5.70, 20.00, 20.00, -1017.03, 20.00, 4.63, 4.44, 3.69, 0.00, 0.00, 0.00, 0.00, 90.00, 0, 0
2.00, 5.70, 20.00, 20.00, -1026.46, 20.00, 4.63, 4.44, 3.69, 0.00, 0.00, 0.00, 0.00, 90.00, 0, 0
2.00, 5.70, 19.77, 19.77, -1246.90, 20.00, 4.63, 4.44, 3.69, 0.00, 0.00, 0.00, 0.00, 90.00, 0, 0
2.00, 5.70, 19.51, 19.51, -1427.45, 20.00, 4.63, 5.00, 4.25, 0.00, 0.00, 0.00, 0.00, 90.00, 0, 0
2.00, 5.70, 19.30, 19.30, -1485.28, 20.00, 4.63, 5.00, 4.23, 0.00, 0.00, 0.00, 0.00, 90.00, 0, 0
2.00, 5.70, 19.13, 19.13, -1507.36, 20.00, 4.63, 5.56, 4.78, 0.00, 0.00, 0.00, 0.00, 90.00, 0, 0
2.00, 5.70, 18.98, 18.98, -1546.81, 20.00, 4.63, 5.56, 4.80, 0.00, 0.00, 0.00, 0.00, 90.00, 0, 0
2.00, 5.70, 18.85, 18.85, -1582.10, 20.00, 4.63, 5.56, 4.80, 0.00, 0.00, 0.00, 0.00, 90.00, 0, 0
2.00, 5.70, 18.74, 18.74, -1587.79, 20.00, 4.63, 6.11, 5.36, 0.00, 0.00, 0.00, 0.00, 90.00, 0, 0
2.00, 5.70, 18.64, 18.64, -1614.75, 20.00, 4.63, 6.11, 5.38, 0.00, 0.00, 0.00, 0.00, 90.00, 0, 0
2.00, 5.70, 20.00, 20.00, -1470.78, 20.00, 4.63, 6.11, 5.38, 0.00, 0.00, 0.00, 0.00, 90.00, 0, 0
2.00, 5.70, 20.00, 20.00, -1464.01, 20.00, 4.63, 6.67, 5.94, 0.00, 1.58, 0.00, -67.96, 89.80, 0, 0
2.00, 5.70, 20.00, 20.00, -1424.81, 20.00, 4.63, 7.22, 6.50, 0.00, 7.92, 18.44, -57.67, 79.69, 0, 0
2.00, 5.70, 20.00, 20.00, -1357.64, 20.00, 4.63, 7.78, 7.05, 0.00, 19.80, 19.59, -46.00, 70.75, 0, 0
2.00, 5.70, 20.00, 20.00, -1270.12, 20.00, 4.63, 8.89, 8.16, 0.00, 28.51, 28.10, -32.47, 63.54, 0, 0
2.00, 5.70, 20.00, 20.00, -1245.57, 20.00, 4.63, 9.44, 8.70, 0.00, 26.14, 39.39, -16.95, 58.77, 0, 0
2.00, 5.70, 20.00, 20.00, -1235.07, 20.00, 4.63, 9.44, 8.70, 0.00, 26.93, 51.56, -0.08, 57.08, 0, 0
2.00, 5.70, 20.00, 20.00, -1224.81, 20.00, 4.63, 9.44, 8.70, 0.00, 27.72, 63.97, 16.81, 58.74, 0, 0
2.00, 5.70, 20.00, 20.00, -1242.31, 20.00, 4.63, 9.44, 8.70, 0.00, 15.84, 76.29, 32.34, 63.49, 0, 0
2.00, 5.70, 20.00, 20.00, -1273.01, 20.00, 4.63, 9.44, 8.70, 0.00, 7.92, 88.29, 45.89, 70.67, 0, 0
2.00, 5.70, 20.00, 20.00, -1310.37, 20.00, 4.63, 8.89, 8.16, 0.00, 5.54, 0.00, 57.57, 79.61, 0, 0
2.00, 5.70, 20.00, 20.00, -1255.60, 20.00, 4.63, 8.89, 8.14, 0.00, 1.58, 0.00, 67.87, 89.71, 0, 0
2.00, 5.70, 20.00, 20.00, -1086.65, 20.00, 4.63, 8.33, 7.59, 0.00, 0.00, 0.00, 0.00, 90.00, 0, 0
2.00, 5.70, 20.00, 20.00, -1070.90, 20.00, 4.63, 8.33, 7.59, 0.00, 0.00, 0.00, 0.00, 90.00, 0, 0
2.00, 5.70, 20.00, 20.00, -1084.03, 20.00, 4.63, 7.78, 7.05, 0.00, 0.00, 0.00, 0.00, 90.00, 0, 0
2.00, 5.70, 20.00, 20.00, -1076.70, 20.00, 4.63, 7.78, 7.03, 0.00, 0.00, 0.00, 0.00, 90.00, 0, 0
2.00, 5.70, 19.67, 19.67, -1254.26, 20.00, 4.63, 7.78, 7.03, 0.00, 0.00, 0.00, 0.00, 90.00, 0, 0
2.00, 5.70, 19.34, 19.34, -1480.54, 20.00, 4.63, 7.22, 6.49, 0.00, 0.00, 0.00, 0.00, 90.00, 0, 0
2.00, 5.70, 19.06, 19.06, -1559.85, 20.00, 4.63, 6.67, 5.92, 0.00, 0.00, 0.00, 0.00, 90.00, 0, 0
2.00, 5.70, 18.83, 18.83, -1629.98, 20.00, 4.63, 6.11, 5.36, 0.00, 0.00, 0.00, 0.00, 90.00, 0, 0
2.00, 5.70, 18.62, 18.62, -1694.53, 20.00, 4.63, 5.56, 4.81, 0.00, 0.00, 0.00, 0.00, 90.00, 0, 0
2.00, 5.70, 18.44, 18.44, -1755.89, 20.00, 4.63, 5.00, 4.25, 0.00, 0.00, 0.00, 0.00, 90.00, 0, 0
2.00, 5.70, 18.26, 18.26, -1815.35, 20.00, 4.63, 4.44, 3.69, 0.00, 0.00, 0.00, 0.00, 90.00, 0, 0
2.00, 5.70, 18.10, 18.10, -1873.66, 20.00, 4.63, 3.89, 3.14, 0.00, 0.00, 0.00, 0.00, 90.00, 0, 0
2.00, 5.70, 20.00, 20.00, -1672.43, 20.00, 4.63, 3.33, 2.58, 0.00, 0.00, 0.00, 0.00, 90.00, 0, 0
2.00, 5.70, 20.00, 20.00, -1688.47, 20.00, 4.63, 3.33, 2.58, 0.00, 3.17, 0.00, -68.19, 89.63, 0, 0
2.00, 5.70, 20.00, 20.00, -1413.34, 20.00, 4.63, 5.00, 4.25, 77.68, 18.85, 18.72, -57.89, 79.49, 0, 0
2.00, 5.70, 20.00, 20.00, -1367.31, 20.00, 4.63, 6.11, 5.38, 40.21, 31.53, 19.85, -46.20, 70.52, 0, 0
2.00, 5.70, 20.00, 20.00, -1113.53, 20.00, 4.63, 7.22, 6.49, 101.91, 52.70, 28.28, -32.63, 63.29, 0, 0
2.00, 5.70, 20.00, 20.00, -729.92, 20.00, 4.63, 9.44, 8.70, 142.77, 82.03, 39.54, -17.06, 58.50, 0, 0
2.00, 5.70, 20.00, 20.00, -763.76, 20.00, 4.63, 10.56, 9.81, 56.63, 79.38, 51.69, -0.11, 56.79, 0, 0
2.00, 5.70, 20.00, 20.00, -902.53, 20.00, 4.63, 10.56, 9.81, 11.68, 65.48, 64.09, 16.86, 58.45, 0, 0
2.00, 5.70, 20.00, 20.00, -961.07, 20.00, 4.63, 10.56, 9.81, 2.95, 48.63, 76.42, 32.45, 63.21, 0, 0
2.00, 5.70, 20.00, 20.00, -1059.16, 20.00, 4.63, 10.00, 9.25, 0.17, 31.28, 88.44, 46.04, 70.42, 0, 0
2.00, 5.70, 20.00, 20.00, -1171.29, 20.00, 4.63, 8.89, 8.14, 0.00, 16.30, 0.00, 57.75, 79.37, 0, 0
2.00, 5.70, 20.00, 20.00, -1192.58, 20.00, 4.63, 8.33, 7.59, 0.00, 2.38, 0.00, 68.07, 89.49, 0, 0
2.00, 5.70, 20.00, 20.00, -1038.77, 20.00, 4.63, 7.78, 7.05, 0.00, 0.00, 0.00, 0.00, 90.00, 0, 0
2.00, 5.70, 20.00, 20.00, -1032.57, 20.00, 4.63, 7.78, 7.05, 0.00, 0.00, 0.00, 0.00, 90.00, 0, 0
2.00, 5.70, 20.00, 20.00, -1029.18, 20.00, 4.63, 7.78, 7.03, 0.00, 0.00, 0.00, 0.00, 90.00, 0, 0
2.00, 5.70, 20.00, 20.00, -1051.32, 20.00, 4.63, 7.22, 6.49, 0.00, 0.00, 0.00, 0.00, 90.00, 0, 0
2.00, 5.70, 19.65, 19.65, -1242.03, 20.00, 4.63, 7.22, 6.49, 0.00, 0.00, 0.00, 0.00, 90.00, 0, 0
2.00, 5.70, 19.29, 19.29, -1478.35, 20.00, 4.63, 6.67, 5.92, 0.00, 0.00, 0.00, 0.00, 90.00, 0, 0
2.00, 5.70, 19.00, 19.00, -1539.21, 20.00, 4.63, 6.67, 5.92, 0.00, 0.00, 0.00, 0.00, 90.00, 0, 0
2.00, 5.70, 18.78, 18.78, -1586.92, 20.00, 4.63, 6.67, 5.92, 0.00, 0.00, 0.00, 0.00, 90.00, 0, 0
2.00, 5.70, 18.58, 18.58, -1652.20, 20.00, 4.63, 6.11, 5.36, 0.00, 0.00, 0.00, 0.00, 90.00, 0, 0
2.00, 5.70, 18.41, 18.41, -1687.58, 20.00, 4.63, 6.11, 5.36, 0.00, 0.00, 0.00, 0.00, 90.00, 0, 0
2.00, 5.70, 18.27, 18.27, -1718.27, 20.00, 4.63, 6.11, 5.36, 0.00, 0.00, 0.00, 0.00, 90.00, 0, 0
2.00, 5.70, 18.14, 18.14, -1745.48, 20.00, 4.63, 6.11, 5.38, 0.00, 0.00, 0.00, 0.00, 90.00, 0, 0
2.00, 5.70, 20.00, 20.00, -1536.69, 20.00, 4.63, 5.56, 4.83, 0.00, 0.00, 0.00, 0.00, 90.00, 0, 0
2.00, 5.70, 20.00, 20.00, -1526.24, 20.00, 4.63, 6.11, 5.38, 0.00, 2.38, 0.00, -68.42, 89.44, 0, 0
2.00, 5.70, 20.00, 20.00, -1485.76, 20.00, 4.63, 6.67, 5.94, 0.00, 8.71, 19.02, -58.11, 79.29, 0, 0
2.00, 5.70, 20.00, 20.00, -1458.77, 20.00, 4.63, 7.22, 6.49, 0.00, 10.30, 20.11, -46.40, 70.29, 0, 0
2.00, 5.70, 20.00, 20.00, -1157.70, 20.00, 4.63, 8.33, 7.59, 78.27, 39.24, 28.47, -32.80, 63.03, 0, 0
2.00, 5.70, 20.00, 20.00, -948.85, 20.00, 4.63, 10.00, 9.27, 58.52, 66.67, 39.68, -17.17, 58.21, 0, 0
2.00, 5.70, 20.00, 20.00, -780.42, 20.00, 4.63, 11.67, 10.92, 47.32, 76.37, 51.82, -0.14, 56.50, 0, 0
2.00, 5.70, 20.00, 20.00, -816.09, 20.00, 4.63, 12.22, 11.49, 21.83, 65.39, 64.22, 16.91, 58.16, 0, 0
2.00, 5.70, 20.00, 20.00, -944.62, 20.00, 4.63, 12.22, 11.47, 0.20, 37.93, 76.56, 32.57, 62.94, 0, 0
2.00, 5.70, 20.00, 20.00, -1000.40, 20.00, 4.63, 11.67, 10.92, 0.05, 29.17, 88.59, 46.20, 70.16, 0, 0
2.00, 5.70, 20.00, 20.00, -1096.79, 20.00, 4.63, 11.11, 10.36, 0.00, 11.09, 0.00, 57.93, 79.14, 0, 0
2.00, 5.70, 20.00, 20.00, -1092.27, 20.00, 4.63, 10.56, 9.81, 0.00, 1.58, 0.00, 68.27, 89.28, 0, 0
2.00, 5.70, 20.00, 20.00, -930.02, 20.00, 4.63, 10.00, 9.27, 0.00, 0.00, 0.00, 0.00, 90.00, 0, 0
2.00, 5.70, 20.00, 20.00, -942.13, 20.00, 4.63, 9.44, 8.70, 0.00, 0.00, 0.00, 0.00, 90.00, 0, 0
2.00, 5.70, 20.00, 20.00, -934.57, 20.00, 4.63, 9.44, 8.70, 0.00, 0.00, 0.00, 0.00, 90.00, 0, 0
2.00, 5.70, 20.00, 20.00, -953.01, 20.00, 4.63, 8.89, 8.14, 0.00, 0.00, 0.00, 0.00, 90.00, 0, 0
2.00, 5.70, 19.67, 19.67, -1163.90, 20.00, 4.63, 8.33, 7.59, 0.00, 0.00, 0.00, 0.00, 90.00, 0, 0
2.00, 5.70, 19.35, 19.35, -1371.42, 20.00, 4.63, 8.33, 7.58, 0.00, 0.00, 0.00, 0.00, 90.00, 0, 0
2.00, 5.70, 19.07, 19.07, -1479.27, 20.00, 4.63, 7.22, 6.47, 0.00, 0.00, 0.00, 0.00, 90.00, 0, 0
2.00, 5.70, 18.83, 18.83, -1553.30, 20.00, 4.63, 6.67, 5.92, 0.00, 0.00, 0.00, 0.00, 90.00, 0, 0
2.00, 5.70, 18.62, 18.62, -1620.95, 20.00, 4.63, 6.11, 5.36, 0.00, 0.00, 0.00, 0.00, 90.00, 0, 0
2.00, 5.70, 18.44, 18.44, -1684.67, 20.00, 4.63, 5.56, 4.80, 0.00, 0.00, 0.00, 0.00, 90.00, 0, 0
2.00, 5.70, 18.26, 18.26, -1746.02, 20.00, 4.63, 5.00, 4.23, 0.00, 0.00, 0.00, 0.00, 90.00, 0, 0
2.00, 5.70, 18.09, 18.09, -1832.30, 20.00, 4.63, 3.89, 3.14, 0.00, 0.00, 0.00, 0.00, 90.00, 0, 0
2.00, 5.70, 20.00, 20.00, -1617.26, 20.00, 4.63, 3.33, 2.58, 0.00, 0.00, 0.00, 0.00, 90.00, 0, 0
2.00, 5.70, 20.00, 20.00, -1607.52, 20.00, 4.63, 3.89, 3.13, 0.00, 3.96, 0.00, -68.66, 89.25, 0, 0
2.00, 5.70, 20.00, 20.00, -1581.17, 20.00, 4.63, 4.44, 3.69, 0.00, 7.92, 19.31, -58.33, 79.08, 0, 0
2.00, 5.70, 20.00, 20.00, -1572.71, 20.00, 4.63, 4.44, 3.69, 0.00, 12.67, 20.38, -46.60, 70.06, 0, 0
2.00, 5.70, 20.00, 20.00, -1320.21, 20.00, 4.63, 6.11, 5.36, 41.67, 40.50, 28.67, -32.96, 62.77, 0, 0
2.00, 5.70, 20.00, 20.00, -1205.67, 20.00, 4.63, 7.22, 6.47, 25.44, 55.31, 39.84, -17.28, 57.93, 0, 0
2.00, 5.70, 20.00, 20.00, -1217.70, 20.00, 4.63, 7.78, 7.03, 3.41, 51.03, 51.96, -0.16, 56.20, 0, 0
2.00, 5.70, 20.00, 20.00, -1057.49, 20.00, 4.63, 8.89, 8.12, 15.48, 65.16, 64.36, 16.97, 57.86, 0, 0
2.00, 5.70, 20.00, 20.00, -939.40, 20.00, 4.63, 9.44, 8.68, 16.77, 72.74, 76.70, 32.69, 62.65, 0, 0
2.00, 5.70, 20.00, 20.00, -1017.65, 20.00, 4.63, 10.00, 9.23, 1.55, 48.01, 88.75, 46.36, 69.90, 0, 0
2.00, 5.70, 20.00, 20.00, -1187.39, 20.00, 4.63, 8.89, 8.14, 0.00, 19.22, 0.00, 58.12, 78.90, 0, 0
2.00, 5.70, 20.00, 20.00, -1207.84, 20.00, 4.63, 8.33, 7.58, 0.00, 5.54, 0.00, 68.47, 89.06, 0, 0
2.00, 5.70, 20.00, 20.00, -1063.64, 20.00, 4.63, 7.78, 7.03, 0.00, 0.00, 0.00, 0.00, 90.00, 0, 0
2.00, 5.70, 20.00, 20.00, -1056.53, 20.00, 4.63, 7.78, 7.01, 0.00, 0.00, 0.00, 0.00, 90.00, 0, 0
2.00, 5.70, 20.00, 20.00, -1076.14, 20.00, 4.63, 7.22, 6.47, 0.00, 0.00, 0.00, 0.00, 90.00, 0, 0
2.00, 5.70, 20.00, 20.00, -1098.25, 20.00, 4.63, 6.67, 5.92, 0.00, 0.00, 0.00, 0.00, 90.00, 0, 0
2.00, 5.70, 19.60, 19.60, -1297.25, 20.00, 4.63, 6.67, 5.90, 0.00, 0.00, 0.00, 0.00, 90.00, 0, 0
2.00, 5.70, 19.21, 19.21, -1539.30, 20.00, 4.63, 6.11, 5.34, 0.00, 0.00, 0.00, 0.00, 90.00, 0, 0
2.00, 5.70, 18.90, 18.90, -1630.33, 20.00, 4.63, 5.56, 4.80, 0.00, 0.00, 0.00, 0.00, 90.00, 0, 0
2.00, 5.70, 18.63, 18.63, -1709.70, 20.00, 4.63, 5.00, 4.23, 0.00, 0.00, 0.00, 0.00, 90.00, 0, 0
2.00, 5.70, 18.41, 18.41, -1755.33, 20.00, 4.63, 5.00, 4.23, 0.00, 0.00, 0.00, 0.00, 90.00, 0, 0
2.00, 5.70, 18.21, 18.21, -1820.41, 20.00, 4.63, 4.44, 3.67, 0.00, 0.00, 0.00, 0.00, 90.00, 0, 0
2.00, 5.70, 18.03, 18.03, -1882.83, 20.00, 4.63, 3.89, 3.13, 0.00, 0.00, 0.00, 0.00, 90.00, 0, 0
2.00, 5.70, 17.86, 17.86, -1943.83, 20.00, 4.63, 3.33, 2.56, 0.00, 0.00, 0.00, 0.00, 90.00, 0, 0
2.00, 5.70, 20.00, 20.00, -1674.04, 20.00, 4.63, 3.33, 2.56, 0.00, 0.00, 0.00, 0.00, 90.00, 0, 0
2.00, 5.70, 20.00, 20.00, -1687.02, 20.00, 4.63, 3.33, 2.58, 0.00, 3.96, 0.00, -68.89, 89.06, 0, 0
2.00, 5.70, 20.00, 20.00, -1563.04, 20.00, 4.63, 5.00, 4.23, 5.94, 16.55, 19.61, -58.55, 78.86, 0, 0
2.00, 5.70, 20.00, 20.00, -1460.05, 20.00, 4.63, 6.11, 5.36, 5.68, 29.96, 20.66, -46.80, 69.82, 0, 0
2.00, 5.70, 20.00, 20.00, -1438.36, 20.00, 4.63, 6.67, 5.90, 2.60, 28.42, 28.87, -33.13, 62.50, 0, 0
2.00, 5.70, 20.00, 20.00, -1355.28, 20.00, 4.63, 7.22, 6.47, 7.77, 38.27, 40.00, -17.38, 57.63, 0, 0
2.00, 5.70, 20.00, 20.00, -1152.52, 20.00, 4.63, 8.33, 7.58, 16.61, 65.06, 52.11, -0.18, 55.89, 0, 0
2.00, 5.70, 20.00, 20.00, -1150.78, 20.00, 4.63, 8.89, 8.12, 7.30, 56.77, 64.50, 17.03, 57.56, 0, 0
2.00, 5.70, 20.00, 20.00, -1194.71, 20.00, 4.63, 8.89, 8.12, 0.55, 40.11, 76.85, 32.82, 62.37, 0, 0
2.00, 5.70, 20.00, 20.00, -1189.31, 20.00, 4.63, 8.89, 8.12, 0.40, 38.06, 88.91, 46.53, 69.64, 0, 0
2.00, 5.70, 20.00, 20.00, -1222.13, 20.00, 4.63, 8.89, 8.12, 0.00, 24.47, 0.00, 58.32, 78.66, 0, 0
2.00, 5.70, 20.00, 20.00, -1282.00, 20.00, 4.63, 7.78, 7.01, 0.00, 7.13, 0.00, 68.68, 88.84, 0, 0
2.00, 5.70, 20.00, 20.00, -1115.66, 20.00, 4.63, 7.78, 7.01, 0.00, 0.00, 0.00, 0.00, 90.00, 0, 0
2.00, 5.70, 20.00, 20.00, -1129.44, 20.00, 4.63, 7.22, 6.47, 0.00, 0.00, 0.00, 0.00, 90.00, 0, 0
2.00, 5.70, 20.00, 20.00, -1147.45, 20.00, 4.63, 6.67, 5.90, 0.00, 0.00, 0.00, 0.00, 90.00, 0, 0
2.00, 5.70, 20.00, 20.00, -1168.07, 20.00, 4.63, 6.11, 5.36, 0.00, 0.00, 0.00, 0.00, 90.00, 0, 0
2.00, 5.70, 19.55, 19.55, -1398.78, 20.00, 4.63, 5.56, 4.80, 0.00, 0.00, 0.00, 0.00, 90.00, 0, 0
2.00, 5.70, 19.12, 19.12, -1646.98, 20.00, 4.63, 5.00, 4.23, 0.00, 0.00, 0.00, 0.00, 90.00, 0, 0
2.00, 5.70, 18.77, 18.77, -1742.63, 20.00, 4.63, 4.44, 3.69, 0.00, 0.00, 0.00, 0.00, 90.00, 0, 0
2.00, 5.70, 18.49, 18.49, -1799.21, 20.00, 4.63, 4.44, 3.67, 0.00, 0.00, 0.00, 0.00, 90.00, 0, 0
2.00, 5.70, 18.25, 18.25, -1871.68, 20.00, 4.63, 3.89, 3.13, 0.00, 0.00, 0.00, 0.00, 90.00, 0, 0
2.00, 5.70, 18.03, 18.03, -1939.52, 20.00, 4.63, 3.33, 2.56, 0.00, 0.00, 0.00, 0.00, 90.00, 0, 0
2.00, 5.70, 17.85, 17.85, -1977.63, 20.00, 4.63, 3.33, 2.56, 0.00, 0.00, 0.00, 0.00, 90.00, 0, 0
2.00, 5.70, 17.67, 17.67, -2038.17, 20.00, 4.63, 2.78, 2.00, 0.00, 0.00, 0.00, 0.00, 90.00, 0, 0
2.00, 5.70, 20.00, 20.00, -1697.47, 20.00, 4.63, 2.22, 1.46, 0.00, 0.00, 0.00, 0.00, 90.00, 0, 0
2.00, 5.70, 20.00, 20.00, -1635.66, 20.00, 4.63, 3.33, 2.58, 0.00, 8.71, 0.00, -69.13, 88.86, 0, 0
2.00, 5.70, 20.00, 20.00, -1398.86, 20.00, 4.63, 5.00, 4.25, 59.32, 21.38, 19.92, -58.77, 78.64, 0, 0
2.00, 5.70, 20.00, 20.00, -1429.44, 20.00, 4.63, 5.56, 4.80, 8.48, 26.72, 20.94, -47.00, 69.57, 0, 0
2.00, 5.70, 20.00, 20.00, -1204.02, 20.00, 4.63, 6.67, 5.90, 57.09, 47.83, 29.09, -33.29, 62.23, 0, 0
2.00, 5.70, 20.00, 20.00, -863.93, 20.00, 4.63, 8.89, 8.12, 80.41, 79.78, 40.17, -17.48, 57.34, 0, 0
2.00, 5.70, 20.00, 20.00, -722.86, 20.00, 4.63, 10.56, 9.79, 50.01, 88.78, 52.26, -0.20, 55.58, 0, 0
2.00, 5.70, 20.00, 20.00, -594.17, 20.00, 4.63, 11.67, 10.90, 49.17, 90.90, 64.65, 17.10, 57.26, 0, 0
2.00, 5.70, 20.00, 20.00, -539.67, 20.00, 4.63, 12.22, 11.45, 36.19, 87.41, 77.00, 32.95, 62.09, 0, 0
2.00, 5.70, 20.00, 20.00, -655.22, 20.00, 4.63, 12.22, 11.45, 3.04, 64.74, 89.07, 46.71, 69.38, 0, 0
2.00, 5.70, 20.00, 20.00, -830.28, 20.00, 4.63, 11.67, 10.90, 0.00, 29.61, 0.00, 58.52, 78.42, 0, 0
2.00, 5.70, 20.00, 20.00, -963.88, 20.00, 4.63, 10.56, 9.79, 0.00, 3.96, 0.00, 68.90, 88.61, 0, 0
2.00, 5.70, 20.00, 20.00, -820.97, 20.00, 4.63, 10.00, 9.23, 0.00, 0.00, 0.00, 0.00, 90.00, 0, 0
2.00, 5.70, 20.00, 20.00, -839.77, 20.00, 4.63, 9.44, 8.68, 0.00, 0.00, 0.00, 0.00, 90.00, 0, 0
2.00, 5.70, 20.00, 20.00, -860.86, 20.00, 4.63, 8.89, 8.12, 0.00, 0.00, 0.00, 0.00, 90.00, 0, 0
2.00, 5.70, 20.00, 20.00, -883.40, 20.00, 4.63, 8.33, 7.58, 0.00, 0.00, 0.00, 0.00, 90.00, 0, 0
2.00, 5.70, 19.67, 19.67, -1144.49, 20.00, 4.63, 7.78, 7.01, 0.00, 0.00, 0.00, 0.00, 90.00, 0, 0
2.00, 5.70, 19.32, 19.32, -1385.43, 20.00, 4.63, 7.22, 6.45, 0.00, 0.00, 0.00, 0.00, 90.00, 0, 0
2.00, 5.70, 19.04, 19.04, -1475.71, 20.00, 4.63, 6.67, 5.90, 0.00, 0.00, 0.00, 0.00, 90.00, 0, 0
2.00, 5.70, 18.80, 18.80, -1554.74, 20.00, 4.63, 6.11, 5.34, 0.00, 0.00, 0.00, 0.00, 90.00, 0, 0
2.00, 5.70, 18.58, 18.58, -1626.79, 20.00, 4.63, 5.56, 4.78, 0.00, 0.00, 0.00, 0.00, 90.00, 0, 0
2.00, 5.70, 18.39, 18.39, -1694.45, 20.00, 4.63, 5.00, 4.21, 0.00, 0.00, 0.00, 0.00, 90.00, 0, 0
2.00, 5.70, 18.22, 18.22, -1759.23, 20.00, 4.63, 4.44, 3.67, 0.00, 0.00, 0.00, 0.00, 90.00, 0, 0
2.00, 5.70, 18.04, 18.04, -1848.98, 20.00, 4.63, 3.33, 2.56, 0.00, 0.00, 0.00, 0.00, 90.00, 0, 0
2.00, 5.70, 20.00, 20.00, -1560.75, 20.00, 4.63, 2.78, 2.02, 0.00, 0.00, 0.00, 0.00, 90.00, 0, 0
2.00, 5.70, 20.00, 20.00, -1506.14, 20.00, 4.63, 3.89, 3.13, 0.00, 7.92, 0.00, -69.36, 88.65, 0, 0
2.00, 5.70, 20.00, 20.00, -1251.47, 20.00, 4.63, 5.56, 4.80, 68.08, 22.04, 20.22, -58.99, 78.42, 0, 0
2.00, 5.70, 20.00, 20.00, -1186.99, 20.00, 4.63, 6.67, 5.90, 36.58, 36.30, 21.23, -47.20, 69.32, 0, 0
2.00, 5.70, 20.00, 20.00, -606.96, 20.00, 4.63, 8.89, 8.12, 230.54, 69.19, 29.30, -33.46, 61.95, 0, 0
2.00, 5.70, 20.06, 20.06, -287.14, 20.00, 4.63, 11.11, 10.34, 184.94, 95.60, 40.35, -17.58, 57.03, 0, 0
2.00, 5.70, 20.13, 20.13, -222.96, 20.00, 4.63, 12.78, 12.01, 96.27, 98.35, 52.42, -0.21, 55.27, 0, 0
2.00, 5.70, 20.18, 20.18, -253.52, 20.00, 4.63, 13.33, 12.56, 53.71, 93.11, 64.80, 17.17, 56.95, 0, 0
2.00, 5.70, 20.16, 20.16, -366.02, 20.00, 4.63, 13.89, 13.12, 18.75, 75.58, 77.16, 33.10, 61.80, 0, 0
2.00, 5.70, 20.07, 20.07, -525.94, 20.00, 4.63, 13.33, 12.56, 0.99, 52.58, 89.25, 46.89, 69.12, 0, 0
2.00, 5.70, 20.00, 20.00, -708.60, 20.00, 4.63, 12.22, 11.45, 0.00, 26.82, 0.00, 58.72, 78.18, 0, 0
2.00, 5.70, 20.00, 20.00, -800.11, 20.00, 4.63, 11.11, 10.34, 0.00, 7.92, 0.00, 69.12, 88.39, 0, 0
2.00, 5.70, 20.00, 20.00, -674.92, 20.00, 4.63, 10.56, 9.79, 0.00, 0.00, 0.00, 0.00, 90.00, 0, 0
2.00, 5.70, 20.00, 20.00, -698.92, 20.00, 4.63, 10.00, 9.23, 0.00, 0.00, 0.00, 0.00, 90.00, 0, 0
2.00, 5.70, 20.00, 20.00, -748.78, 20.00, 4.63, 8.89, 8.14, 0.00, 0.00, 0.00, 0.00, 90.00, 0, 0
2.00, 5.70, 20.00, 20.00, -777.06, 20.00, 4.63, 8.33, 7.58, 0.00, 0.00, 0.00, 0.00, 90.00, 0, 0
2.00, 5.70, 19.73, 19.73, -1034.32, 20.00, 4.63, 7.78, 7.01, 0.00, 0.00, 0.00, 0.00, 90.00, 0, 0
2.00, 5.70, 19.43, 19.43, -1274.13, 20.00, 4.63, 7.22, 6.45, 0.00, 0.00, 0.00, 0.00, 90.00, 0, 0
2.00, 5.70, 19.18, 19.18, -1365.16, 20.00, 4.63, 6.67, 5.88, 0.00, 0.00, 0.00, 0.00, 90.00, 0, 0
2.00, 5.70, 18.96, 18.96, -1445.76, 20.00, 4.63, 6.11, 5.34, 0.00, 0.00, 0.00, 0.00, 90.00, 0, 0
2.00, 5.70, 18.76, 18.76, -1520.18, 20.00, 4.63, 5.56, 4.78, 0.00, 0.00, 0.00, 0.00, 90.00, 0, 0
2.00, 5.70, 18.58, 18.58, -1590.63, 20.00, 4.63, 5.00, 4.21, 0.00, 0.00, 0.00, 0.00, 90.00, 0, 0
2.00, 5.70, 18.41, 18.41, -1658.42, 20.00, 4.63, 4.44, 3.67, 0.00, 0.00, 0.00, 0.00, 90.00, 0, 0
2.00, 5.70, 18.23, 18.23, -1751.29, 20.00, 4.63, 3.33, 2.56, 0.00, 0.00, 0.00, 0.00, 90.00, 0, 0
2.00, 5.70, 20.00, 20.00, -1562.64, 20.00, 4.63, 2.78, 2.02, 0.00, 0.00, 0.00, 0.00, 90.00, 0, 0
2.00, 5.70, 20.00, 20.00, -1520.74, 20.00, 4.63, 3.89, 3.11, 0.00, 7.13, 0.00, -69.60, 88.44, 0, 0
2.00, 5.70, 20.00, 20.00, -660.17, 20.00, 4.63, 6.11, 5.34, 354.50, 30.69, 20.53, -59.22, 78.19, 0, 0
2.00, 5.70, 20.17, 20.17, -63.86, 20.00, 4.63, 8.33, 7.58, 504.20, 62.29, 21.52, -47.41, 69.06, 0, 0
2.00, 5.70, 20.34, 20.34, 34.91, 20.00, 4.63, 10.56, 9.79, 405.92, 83.21, 29.53, -33.62, 61.67, 0, 0
2.00, 5.70, 20.51, 20.51, 121.50, 20.00, 4.63, 12.22, 11.47, 229.15, 102.03, 40.53, -17.68, 56.73, 0, 0
2.00, 5.70, 20.58, 20.58, 16.42, 20.00, 4.63, 13.33, 12.56, 97.84, 99.13, 52.58, -0.23, 54.95, 0, 0
2.00, 5.70, 20.45, 20.45, -376.43, 20.00, 4.63, 12.78, 12.01, 13.68, 67.41, 64.96, 17.25, 56.64, 0, 0
2.00, 5.70, 20.28, 20.28, -549.71, 20.00, 4.63, 12.22, 11.45, 0.94, 46.95, 77.32, 33.24, 61.51, 0, 0
2.00, 5.70, 20.10, 20.10, -701.97, 20.00, 4.63, 11.11, 10.36, 0.04, 34.56, 89.42, 47.08, 68.85, 0, 0
2.00, 5.70, 20.00, 20.00, -839.53, 20.00, 4.63, 10.00, 9.23, 0.00, 19.46, 0.00, 58.94, 77.94, 0, 0
2.00, 5.70, 20.00, 20.00, -896.71, 20.00, 4.63, 8.89, 8.14, 0.00, 6.34, 0.00, 69.35, 88.17, 0, 0
2.00, 5.70, 20.00, 20.00, -748.31, 20.00, 4.63, 8.89, 8.14, 0.00, 0.00, 0.00, 0.00, 90.00, 0, 0
2.00, 5.70, 20.00, 20.00, -779.42, 20.00, 4.63, 8.33, 7.59, 0.00, 0.00, 0.00, 0.00, 90.00, 0, 0
2.00, 5.70, 20.00, 20.00, -788.46, 20.00, 4.63, 8.33, 7.58, 0.00, 0.00, 0.00, 0.00, 90.00, 0, 0
2.00, 5.70, 20.00, 20.00, -821.56, 20.00, 4.63, 7.78, 7.03, 0.00, 0.00, 0.00, 0.00, 90.00, 0, 0
2.00, 5.70, 19.76, 19.76, -1009.52, 20.00, 4.63, 7.78, 7.03, 0.00, 0.00, 0.00, 0.00, 90.00, 0, 0
2.00, 5.70, 19.48, 19.48, -1245.95, 20.00, 4.63, 7.22, 6.49, 0.00, 0.00, 0.00, 0.00, 90.00, 0, 0
2.00, 5.70, 19.26, 19.26, -1309.19, 20.00, 4.63, 7.22, 6.47, 0.00, 0.00, 0.00, 0.00, 90.00, 0, 0
2.00, 5.70, 19.06, 19.06, -1386.47, 20.00, 4.63, 6.67, 5.92, 0.00, 0.00, 0.00, 0.00, 90.00, 0, 0
2.00, 5.70, 18.89, 18.89, -1432.31, 20.00, 4.63, 6.67, 5.90, 0.00, 0.00, 0.00, 0.00, 90.00, 0, 0
2.00, 5.70, 18.74, 18.74, -1472.10, 20.00, 4.63, 6.67, 5.90, 0.00, 0.00, 0.00, 0.00, 90.00, 0, 0
2.00, 5.70, 18.60, 18.60, -1533.70, 20.00, 4.63, 6.11, 5.36, 0.00, 0.00, 0.00, 0.00, 90.00, 0, 0
2.00, 5.70, 18.48, 18.48, -1568.29, 20.00, 4.63, 6.11, 5.36, 0.00, 0.00, 0.00, 0.00, 90.00, 0, 0
2.00, 5.70, 20.00, 20.00, -1402.82, 20.00, 4.63, 5.56, 4.81, 0.00, 0.00, 0.00, 0.00, 90.00, 0, 0
2.00, 5.70, 20.00, 20.00, -1364.39, 20.00, 4.63, 6.67, 5.92, 0.00, 4.75, 0.00, -69.84, 88.23, 0, 0
2.00, 5.70, 20.00, 20.00, -1324.36, 20.00, 4.63, 7.22, 6.49, 0.00, 11.88, 20.85, -59.44, 77.95, 0, 0
2.00, 5.70, 20.00, 20.00, -914.41, 20.00, 4.63, 8.89, 8.16, 125.45, 39.49, 21.82, -47.61, 68.80, 0, 0
2.00, 5.70, 20.00, 20.00, -601.20, 20.00, 4.63, 11.67, 10.92, 152.25, 68.76, 29.76, -33.79, 61.38, 0, 0
2.00, 5.70, 20.00, 20.00, -677.23, 20.00, 4.63, 12.78, 12.03, 36.46, 66.80, 40.72, -17.78, 56.41, 0, 0
2.00, 5.70, 20.00, 20.00, -689.33, 20.00, 4.63, 13.33, 12.58, 10.27, 64.11, 52.75, -0.23, 54.63, 0, 0
2.00, 5.70, 20.00, 20.00, -555.16, 20.00, 4.63, 14.44, 13.67, 15.87, 75.30, 65.12, 17.34, 56.33, 0, 0
2.00, 5.70, 20.00, 20.00, -486.90, 20.00, 4.63, 15.00, 14.23, 9.77, 74.39, 77.49, 33.40, 61.21, 0, 0
2.00, 5.70, 20.00, 20.00, -576.06, 20.00, 4.63, 15.00, 14.21, 0.31, 51.54, 89.61, 47.28, 68.59, 0, 0
2.00, 5.70, 20.00, 20.00, -719.16, 20.00, 4.63, 13.89, 13.12, 0.00, 26.26, 0.00, 59.15, 77.70, 0, 0
2.00, 5.70, 20.00, 20.00, -761.41, 20.00, 4.63, 13.33, 12.56, 0.00, 7.92, 0.00, 69.59, 87.95, 0, 0
2.00, 5.70, 20.00, 20.00, -653.24, 20.00, 4.63, 12.22, 11.45, 0.00, 0.00, 0.00, 0.00, 90.00, 0, 0
2.00, 5.70, 20.00, 20.00, -695.92, 20.00, 4.63, 11.11, 10.34, 0.00, 0.00, 0.00, 0.00, 90.00, 0, 0
2.00, 5.70, 20.00, 20.00, -742.81, 20.00, 4.63, 10.00, 9.23, 0.00, 0.00, 0.00, 0.00, 90.00, 0, 0
2.00, 5.70, 20.00, 20.00, -769.08, 20.00, 4.63, 9.44, 8.64, 0.00, 0.00, 0.00, 0.00, 90.00, 0, 0
2.00, 5.70, 19.76, 19.76, -999.52, 20.00, 4.63, 8.33, 7.53, 0.00, 0.00, 0.00, 0.00, 90.00, 0, 0
2.00, 5.70, 19.47, 19.47, -1258.71, 20.00, 4.63, 7.22, 6.43, 0.00, 0.00, 0.00, 0.00, 90.00, 0, 0
2.00, 5.70, 19.21, 19.21, -1373.50, 20.00, 4.63, 6.11, 5.32, 0.00, 0.00, 0.00, 0.00, 90.00, 0, 0
2.00, 5.70, 18.98, 18.98, -1481.66, 20.00, 4.63, 5.00, 4.19, 0.00, 0.00, 0.00, 0.00, 90.00, 0, 0
2.00, 5.70, 18.75, 18.75, -1586.53, 20.00, 4.63, 3.89, 3.07, 0.00, 0.00, 0.00, 0.00, 90.00, 0, 0
2.00, 5.70, 18.52, 18.52, -1716.52, 20.00, 4.63, 2.22, 1.42, 0.00, 0.00, 0.00, 0.00, 90.00, 0, 0
2.00, 5.70, 18.30, 18.30, -1822.37, 20.00, 4.63, 1.11, 0.29, 0.00, 0.00, 0.00, 0.00, 90.00, 0, 0
2.00, 5.70, 18.06, 18.06, -1955.57, 20.00, 4.63, -0.56, -1.38, 0.00, 0.00, 0.00, 0.00, 90.00, 0, 0
2.00, 5.70, 20.00, 20.00, -1779.63, 20.00, 4.63, -1.67, -2.50, 0.00, 0.00, 0.00, 0.00, 90.00, 0, 0
2.00, 5.70, 20.00, 20.00, -1794.21, 20.00, 4.63, -1.67, -2.48, 0.00, 8.71, 0.00, -70.08, 88.00, 0, 0
2.00, 5.70, 20.00, 20.00, -924.66, 20.00, 4.63, 0.56, -0.25, 364.78, 31.91, 21.17, -59.67, 77.71, 0, 0
2.00, 5.70, 20.03, 20.03, -340.34, 20.00, 4.63, 2.78, 1.96, 515.99, 65.50, 22.13, -47.81, 68.54, 0, 0
2.00, 5.70, 20.18, 20.18, -114.33, 20.00, 4.63, 5.00, 4.17, 486.76, 91.69, 30.00, -33.95, 61.08, 0, 0
2.00, 5.70, 20.18, 20.18, -325.09, 20.00, 4.63, 6.11, 5.28, 188.04, 98.55, 40.91, -17.88, 56.10, 0, 0
2.00, 5.70, 20.07, 20.07, -553.86, 20.00, 4.63, 6.67, 5.84, 58.86, 92.42, 52.92, -0.24, 54.30, 0, 0
2.00, 5.70, 20.00, 20.00, -739.75, 20.00, 4.63, 6.67, 5.84, 18.60, 80.59, 65.29, 17.43, 56.01, 0, 0
2.00, 5.70, 20.00, 20.00, -777.54, 20.00, 4.63, 6.67, 5.84, 10.99, 73.85, 77.67, 33.55, 60.92, 0, 0
2.00, 5.70, 20.00, 20.00, -897.07, 20.00, 4.63, 6.11, 5.28, 0.29, 57.80, 89.79, 47.48, 68.32, 0, 0
2.00, 5.70, 20.00, 20.00, -1111.24, 20.00, 4.63, 4.44, 3.63, 0.00, 28.83, 0.00, 59.38, 77.45, 0, 0
2.00, 5.70, 20.00, 20.00, -1221.87, 20.00, 4.63, 3.33, 2.52, 0.00, 8.71, 0.00, 69.82, 87.72, 0, 0
2.00, 5.70, 20.00, 20.00, -1115.40, 20.00, 4.63, 2.78, 1.96, 0.00, 0.00, 0.00, 0.00, 90.00, 0, 0
2.00, 5.70, 20.00, 20.00, -1158.92, 20.00, 4.63, 2.22, 1.40, 0.00, 0.00, 0.00, 0.00, 90.00, 0, 0
2.00, 5.70, 20.00, 20.00, -1228.38, 20.00, 4.63, 1.11, 0.29, 0.00, 0.00, 0.00, 0.00, 90.00, 0, 0
2.00, 5.70, 20.00, 20.00, -1274.02, 20.00, 4.63, 0.56, -0.25, 0.00, 0.00, 0.00, 0.00, 90.00, 0, 0
2.00, 5.70, 19.50, 19.50, -1530.02, 20.00, 4.63, 0.00, -0.81, 0.00, 0.00, 0.00, 0.00, 90.00, 0, 0
2.00, 5.70, 19.00, 19.00, -1830.24, 20.00, 4.63, -1.11, -1.94, 0.00, 0.00, 0.00, 0.00, 90.00, 0, 0
2.00, 5.70, 18.61, 18.61, -1925.11, 20.00, 4.63, -1.11, -1.94, 0.00, 0.00, 0.00, 0.00, 90.00, 0, 0
2.00, 5.70, 18.29, 18.29, -2003.50, 20.00, 4.63, -1.11, -1.94, 0.00, 0.00, 0.00, 0.00, 90.00, 0, 0
2.00, 5.70, 18.02, 18.02, -2070.71, 20.00, 4.63, -1.11, -1.94, 0.00, 0.00, 0.00, 0.00, 90.00, 0, 0
2.00, 5.70, 17.78, 17.78, -2129.81, 20.00, 4.63, -1.11, -1.94, 0.00, 0.00, 0.00, 0.00, 90.00, 0, 0
2.00, 5.70, 17.58, 17.58, -2182.88, 20.00, 4.63, -1.11, -1.94, 0.00, 0.00, 0.00, 0.00, 90.00, 0, 0
2.00, 5.70, 17.38, 17.38, -2258.53, 20.00, 4.63, -1.67, -2.48, 0.00, 0.00, 0.00, 0.00, 90.00, 0, 0
2.00, 5.70, 20.00, 20.00, -1948.67, 20.00, 4.63, -1.67, -2.48, 0.00, 0.00, 0.00, 0.00, 90.00, 0, 0
2.00, 5.70, 20.00, 20.00, -1836.68, 20.00, 4.63, 0.56, -0.27, 0.00, 12.67, 28.11, -70.33, 87.78, 0, 0
2.00, 5.70, 20.00, 20.00, -793.94, 20.00, 4.63, 3.33, 2.52, 434.43, 36.30, 21.49, -59.89, 77.47, 0, 0
2.00, 5.70, 20.03, 20.03, -267.26, 20.00, 4.63, 6.11, 5.30, 529.93, 68.05, 22.44, -48.02, 68.27, 0, 0
2.00, 5.70, 20.13, 20.13, -125.47, 20.00, 4.63, 8.33, 7.51, 457.51, 91.01, 30.24, -34.11, 60.79, 0, 0
2.00, 5.70, 20.24, 20.24, -74.06, 20.00, 4.63, 10.00, 9.18, 241.98, 106.00, 41.11, -17.97, 55.78, 0, 0
2.00, 5.70, 20.41, 20.41, 105.26, 20.00, 4.63, 11.67, 10.86, 164.18, 118.09, 53.10, -0.24, 53.97, 0, 0
2.00, 5.70, 20.46, 20.46, -44.65, 20.00, 4.63, 12.78, 11.97, 76.26, 110.01, 65.47, 17.52, 55.69, 0, 0
2.00, 5.70, 20.39, 20.39, -280.15, 20.00, 4.63, 12.78, 11.94, 18.89, 86.26, 77.85, 33.72, 60.62, 0, 0
2.00, 5.70, 20.27, 20.27, -458.70, 20.00, 4.63, 12.22, 11.40, 0.03, 63.72, 89.98, 47.68, 68.05, 0, 0
2.00, 5.70, 20.09, 20.09, -656.93, 20.00, 4.63, 10.56, 9.75, 0.00, 35.75, 0.00, 59.61, 77.21, 0, 0
2.00, 5.70, 20.00, 20.00, -858.74, 20.00, 4.63, 9.44, 8.64, 0.00, 8.71, 0.00, 70.07, 87.50, 0, 0
2.00, 5.70, 20.00, 20.00, -762.16, 20.00, 4.63, 8.89, 8.08, 0.00, 0.00, 0.00, 0.00, 90.00, 0, 0
2.00, 5.70, 20.00, 20.00, -798.72, 20.00, 4.63, 8.33, 7.53, 0.00, 0.00, 0.00, 0.00, 90.00, 0, 0
2.00, 5.70, 20.00, 20.00, -835.08, 20.00, 4.63, 7.78, 6.97, 0.00, 0.00, 0.00, 0.00, 90.00, 0, 0
2.00, 5.70, 20.00, 20.00, -871.07, 20.00, 4.63, 7.22, 6.43, 0.00, 0.00, 0.00, 0.00, 90.00, 0, 0
2.00, 5.70, 19.71, 19.71, -1088.87, 20.00, 4.63, 6.67, 5.86, 0.00, 0.00, 0.00, 0.00, 90.00, 0, 0
2.00, 5.70, 19.39, 19.39, -1331.04, 20.00, 4.63, 6.11, 5.30, 0.00, 0.00, 0.00, 0.00, 90.00, 0, 0
2.00, 5.70, 19.12, 19.12, -1424.95, 20.00, 4.63, 5.56, 4.76, 0.00, 0.00, 0.00, 0.00, 90.00, 0, 0
2.00, 5.70, 18.89, 18.89, -1508.94, 20.00, 4.63, 5.00, 4.19, 0.00, 0.00, 0.00, 0.00, 90.00, 0, 0
2.00, 5.70, 18.68, 18.68, -1586.69, 20.00, 4.63, 4.44, 3.63, 0.00, 0.00, 0.00, 0.00, 90.00, 0, 0
2.00, 5.70, 18.47, 18.47, -1686.77, 20.00, 4.63, 3.33, 2.54, 0.00, 0.00, 0.00, 0.00, 90.00, 0, 0
2.00, 5.70, 18.28, 18.28, -1760.35, 20.00, 4.63, 2.78, 1.98, 0.00, 0.00, 0.00, 0.00, 90.00, 0, 0
2.00, 5.70, 18.10, 18.10, -1832.00, 20.00, 4.63, 2.22, 1.42, 0.00, 0.00, 0.00, 0.00, 90.00, 0, 0
2.00, 5.70, 20.00, 20.00, -1636.00, 20.00, 4.63, 1.67, 0.87, 0.00, 0.00, 0.00, 0.00, 90.00, 0, 0
2.00, 5.70, 20.00, 20.00, -1548.49, 20.00, 4.63, 3.33, 2.54, 0.00, 12.67, 28.37, -70.57, 87.55, 0, 0
2.00, 5.70, 20.15, 20.15, -72.49, 20.00, 4.63, 6.67, 5.88, 632.61, 38.69, 21.81, -60.12, 77.22, 0, 0
2.00, 5.70, 20.56, 20.56, 526.98, 20.00, 4.63, 9.44, 8.66, 713.84, 74.63, 22.75, -48.22, 67.99, 0, 0
2.00, 5.70, 21.00, 21.00, 838.06, 20.00, 4.63, 12.22, 11.45, 690.00, 101.62, 30.49, -34.28, 60.48, 0, 0
2.00, 5.70, 21.31, 21.31, 793.38, 20.00, 4.63, 14.44, 13.64, 326.78, 115.03, 41.32, -18.06, 55.45, 0, 0
2.00, 5.70, 21.55, 21.55, 822.84, 20.00, 4.63, 16.11, 15.32, 177.22, 126.28, 53.29, -0.23, 53.63, 0, 0
2.00, 5.70, 21.70, 21.70, 743.10, 20.00, 4.63, 17.22, 16.43, 98.77, 126.57, 65.65, 17.62, 55.36, 0, 0
2.00, 5.70, 21.70, 21.70, 496.02, 20.00, 4.63, 17.22, 16.43, 30.86, 101.40, 78.03, 33.89, 60.32, 0, 0
2.00, 5.70, 21.57, 21.57, 205.32, 20.00, 4.63, 16.11, 15.32, 0.00, 67.56, 0.00, 47.90, 67.78, 0, 0
2.00, 5.70, 21.37, 21.37, -70.00, 20.00, 4.63, 14.44, 13.67, 0.00, 31.80, 0.00, 59.84, 76.97, 0, 0
2.00, 5.70, 21.12, 21.12, -309.79, 20.00, 4.63, 12.78, 11.99, 0.00, 4.75, 0.00, 70.32, 87.28, 0, 0
2.00, 5.70, 21.01, 21.01, -226.90, 20.00, 4.63, 12.22, 11.45, 0.00, 0.00, 0.00, 0.00, 90.00, 0, 0
2.00, 5.70, 20.90, 20.90, -290.67, 20.00, 4.63, 11.67, 10.88, 0.00, 0.00, 0.00, 0.00, 90.00, 0, 0
2.00, 5.70, 20.79, 20.79, -374.23, 20.00, 4.63, 10.56, 9.77, 0.00, 0.00, 0.00, 0.00, 90.00, 0, 0
2.00, 5.70, 20.70, 20.70, -430.67, 20.00, 4.63, 10.00, 9.23, 0.00, 0.00, 0.00, 0.00, 90.00, 0, 0
2.00, 5.70, 20.53, 20.53, -637.90, 20.00, 4.63, 9.44, 8.66, 0.00, 0.00, 0.00, 0.00, 90.00, 0, 0
2.00, 5.70, 20.28, 20.28, -899.37, 20.00, 4.63, 8.33, 7.56, 0.00, 0.00, 0.00, 0.00, 90.00, 0, 0
2.00, 5.70, 20.07, 20.07, -992.04, 20.00, 4.63, 7.78, 6.99, 0.00, 0.00, 0.00, 0.00, 90.00, 0, 0
2.00, 5.70, 19.87, 19.87, -1076.13, 20.00, 4.63, 7.22, 6.43, 0.00, 0.00, 0.00, 0.00, 90.00, 0, 0
2.00, 5.70, 19.68, 19.68, -1181.11, 20.00, 4.63, 6.11, 5.32, 0.00, 0.00, 0.00, 0.00, 90.00, 0, 0
2.00, 5.70, 19.50, 19.50, -1258.89, 20.00, 4.63, 5.56, 4.78, 0.00, 0.00, 0.00, 0.00, 90.00, 0, 0
2.00, 5.70, 19.34, 19.34, -1334.26, 20.00, 4.63, 5.00, 4.21, 0.00, 0.00, 0.00, 0.00, 90.00, 0, 0
2.00, 5.70, 19.17, 19.17, -1408.05, 20.00, 4.63, 4.44, 3.65, 0.00, 0.00, 0.00, 0.00, 90.00, 0, 0
2.00, 5.70, 20.00, 20.00, -1301.98, 20.00, 4.63, 3.33, 2.56, 0.00, 0.00, 0.00, 0.00, 90.00, 0, 0
2.00, 5.70, 20.00, 20.00, -1247.79, 20.00, 4.63, 4.44, 3.67, 0.00, 10.30, 28.63, -70.81, 87.31, 0, 0
2.00, 5.70, 20.19, 20.19, -248.48, 20.00, 4.63, 7.78, 6.99, 385.70, 35.19, 22.14, -60.35, 76.96, 0, 0
2.00, 5.70, 20.72, 20.72, 565.79, 20.00, 4.63, 10.56, 9.79, 592.54, 75.30, 23.07, -48.43, 67.71, 0, 0
2.00, 5.70, 21.39, 21.39, 1159.53, 20.00, 4.63, 13.89, 13.12, 693.69, 107.50, 30.75, -34.44, 60.18, 0, 0
2.00, 5.70, 21.84, 21.84, 1125.75, 20.00, 4.63, 16.11, 15.32, 317.46, 117.04, 41.53, -18.15, 55.12, 0, 0
2.00, 5.70, 22.14, 22.14, 1054.44, 20.00, 4.63, 17.22, 16.43, 153.91, 120.44, 53.48, -0.22, 53.30, 0, 0
2.00, 5.70, 22.27, 22.27, 866.29, 20.00, 4.63, 18.33, 17.54, 65.66, 110.54, 65.83, 17.73, 55.04, 0, 0
2.00, 5.70, 22.28, 22.28, 650.89, 20.00, 4.63, 18.33, 17.54, 17.93, 90.92, 78.22, 34.07, 60.02, 0, 0
2.00, 5.70, 22.19, 22.19, 426.64, 20.00, 4.63, 17.22, 16.43, 0.00, 63.89, 0.00, 48.11, 67.51, 0, 0
2.00, 5.70, 22.02, 22.02, 157.37, 20.00, 4.63, 15.56, 14.78, 0.00, 29.65, 0.00, 60.08, 76.72, 0, 0
2.00, 5.70, 21.82, 21.82, -33.66, 20.00, 4.63, 13.89, 13.10, 0.00, 7.13, 0.00, 70.57, 87.05, 0, 0
2.00, 5.70, 21.74, 21.74, 51.03, 20.00, 4.63, 13.33, 12.56, 0.00, 0.00, 0.00, 0.00, 90.00, 0, 0
2.00, 5.70, 21.65, 21.65, -31.19, 20.00, 4.63, 12.22, 11.45, 0.00, 0.00, 0.00, 0.00, 90.00, 0, 0
2.00, 5.70, 21.55, 21.55, -112.21, 20.00, 4.63, 11.11, 10.34, 0.00, 0.00, 0.00, 0.00, 90.00, 0, 0
2.00, 5.70, 21.47, 21.47, -167.41, 20.00, 4.63, 10.56, 9.77, 0.00, 0.00, 0.00, 0.00, 90.00, 0, 0
2.00, 5.70, 21.27, 21.27, -448.74, 20.00, 4.63, 9.44, 8.66, 0.00, 0.00, 0.00, 0.00, 90.00, 0, 0
2.00, 5.70, 21.01, 21.01, -718.58, 20.00, 4.63, 8.33, 7.56, 0.00, 0.00, 0.00, 0.00, 90.00, 0, 0
2.00, 5.70, 20.77, 20.77, -818.05, 20.00, 4.63, 7.78, 6.99, 0.00, 0.00, 0.00, 0.00, 90.00, 0, 0
2.00, 5.70, 20.55, 20.55, -934.10, 20.00, 4.63, 6.67, 5.88, 0.00, 0.00, 0.00, 0.00, 90.00, 0, 0
2.00, 5.70, 20.34, 20.34, -1046.91, 20.00, 4.63, 5.56, 4.78, 0.00, 0.00, 0.00, 0.00, 90.00, 0, 0
2.00, 5.70, 20.13, 20.13, -1158.33, 20.00, 4.63, 4.44, 3.65, 0.00, 0.00, 0.00, 0.00, 90.00, 0, 0
2.00, 5.70, 19.94, 19.94, -1242.74, 20.00, 4.63, 3.89, 3.09, 0.00, 0.00, 0.00, 0.00, 90.00, 0, 0
2.00, 5.70, 19.74, 19.74, -1351.42, 20.00, 4.63, 2.78, 1.98, 0.00, 0.00, 0.00, 0.00, 90.00, 0, 0
2.00, 5.70, 20.00, 20.00, -1320.41, 20.00, 4.63, 1.67, 0.87, 0.00, 0.00, 0.00, 0.00, 90.00, 0, 0
2.00, 5.70, 20.00, 20.00, -1279.84, 20.00, 4.63, 2.78, 1.98, 0.00, 8.71, 28.89, -71.06, 87.07, 0, 0
2.00, 5.70, 20.09, 20.09, -662.61, 20.00, 4.63, 5.56, 4.78, 212.80, 31.47, 22.47, -60.58, 76.70, 0, 0
2.00, 5.70, 20.50, 20.50, 44.45, 20.00, 4.63, 8.33, 7.56, 407.29, 64.44, 23.40, -48.63, 67.43, 0, 0
2.00, 5.70, 21.01, 21.01, 503.53, 20.00, 4.63, 10.56, 9.77, 488.76, 92.16, 31.01, -34.60, 59.86, 0, 0
2.00, 5.70, 21.42, 21.42, 621.93, 20.00, 4.63, 12.78, 11.99, 243.22, 108.70, 41.75, -18.24, 54.79, 0, 0
2.00, 5.70, 21.74, 21.74, 687.25, 20.00, 4.63, 14.44, 13.67, 131.28, 115.57, 53.68, -0.21, 52.95, 0, 0
2.00, 5.70, 21.95, 21.95, 634.73, 20.00, 4.63, 15.56, 14.75, 71.73, 111.84, 66.02, 17.84, 54.71, 0, 0
2.00, 5.70, 22.03, 22.03, 489.31, 20.00, 4.63, 15.56, 14.78, 25.95, 97.40, 78.42, 34.25, 59.72, 0, 0
2.00, 5.70, 22.04, 22.04, 348.63, 20.00, 4.63, 15.56, 14.78, 0.00, 74.51, 0.00, 48.34, 67.23, 0, 0
2.00, 5.70, 21.96, 21.96, 151.94, 20.00, 4.63, 13.89, 13.12, 0.00, 41.42, 0.00, 60.33, 76.48, 0, 0
2.00, 5.70, 21.79, 21.79, -88.50, 20.00, 4.63, 12.78, 11.99, 0.00, 11.88, 0.00, 70.83, 86.83, 0, 0
2.00, 5.70, 21.72, 21.72, -26.15, 20.00, 4.63, 12.22, 11.45, 0.00, 0.00, 0.00, 0.00, 90.00, 0, 0
2.00, 5.70, 21.64, 21.64, -113.30, 20.00, 4.63, 11.11, 10.36, 0.00, 0.00, 0.00, 0.00, 90.00, 0, 0
2.00, 5.70, 21.56, 21.56, -172.12, 20.00, 4.63, 10.56, 9.79, 0.00, 0.00, 0.00, 0.00, 90.00, 0, 0
2.00, 5.70, 21.48, 21.48, -227.22, 20.00, 4.63, 10.00, 9.23, 0.00, 0.00, 0.00, 0.00, 90.00, 0, 0
2.00, 5.70, 21.30, 21.30, -482.32, 20.00, 4.63, 9.44, 8.68, 0.00, 0.00, 0.00, 0.00, 90.00, 0, 0
2.00, 5.70, 21.04, 21.04, -749.06, 20.00, 4.63, 8.33, 7.58, 0.00, 0.00, 0.00, 0.00, 90.00, 0, 0
2.00, 5.70, 20.82, 20.82, -845.66, 20.00, 4.63, 7.78, 7.01, 0.00, 0.00, 0.00, 0.00, 90.00, 0, 0
2.00, 5.70, 20.63, 20.63, -907.02, 20.00, 4.63, 7.78, 6.99, 0.00, 0.00, 0.00, 0.00, 90.00, 0, 0
2.00, 5.70, 20.46, 20.46, -986.09, 20.00, 4.63, 7.22, 6.45, 0.00, 0.00, 0.00, 0.00, 90.00, 0, 0
2.00, 5.70, 20.29, 20.29, -1061.93, 20.00, 4.63, 6.67, 5.88, 0.00, 0.00, 0.00, 0.00, 90.00, 0, 0
2.00, 5.70, 20.13, 20.13, -1135.38, 20.00, 4.63, 6.11, 5.34, 0.00, 0.00, 0.00, 0.00, 90.00, 0, 0
2.00, 5.70, 19.98, 19.98, -1207.36, 20.00, 4.63, 5.56, 4.80, 0.00, 0.00, 0.00, 0.00, 90.00, 0, 0
2.00, 5.70, 20.00, 20.00, -1256.27, 20.00, 4.63, 5.00, 4.25, 0.00, 0.00, 0.00, 0.00, 90.00, 0, 0
2.00, 5.70, 20.00, 20.00, -1208.72, 20.00, 4.63, 6.11, 5.36, 0.00, 9.50, 29.16, -71.30, 86.83, 0, 0
2.00, 5.70, 20.25, 20.25, -409.97, 20.00, 4.63, 9.44, 8.68, 279.17, 33.48, 22.81, -60.81, 76.44, 0, 0
2.00, 5.70, 20.51, 20.51, -204.78, 20.00, 4.63, 11.67, 10.92, 232.16, 58.22, 23.73, -48.84, 67.14, 0, 0
2.00, 5.70, 20.61, 20.61, -366.09, 20.00, 4.63, 12.78, 12.03, 76.76, 60.99, 31.28, -34.76, 59.55, 0, 0
2.00, 5.70, 20.61, 20.61, -502.67, 20.00, 4.63, 12.78, 12.03, 5.78, 52.48, 41.98, -18.33, 54.45, 0, 0
2.00, 5.70, 20.67, 20.67, -374.81, 20.00, 4.63, 13.33, 12.58, 14.55, 68.23, 53.88, -0.19, 52.61, 0, 0
2.00, 5.70, 20.75, 20.75, -311.01, 20.00, 4.63, 13.89, 13.14, 9.56, 74.66, 66.22, 17.96, 54.37, 0, 0
2.00, 5.70, 20.79, 20.79, -332.78, 20.00, 4.63, 13.89, 13.14, 2.75, 62.97, 78.61, 34.44, 59.41, 0, 0
2.00, 5.70, 20.82, 20.82, -327.00, 20.00, 4.63, 13.89, 13.14, 0.00, 58.01, 0.00, 48.57, 66.96, 0, 0
2.00, 5.70, 20.81, 20.81, -401.80, 20.00, 4.63, 13.33, 12.60, 0.00, 35.84, 0.00, 60.58, 76.23, 0, 0
2.00, 5.70, 20.73, 20.73, -551.01, 20.00, 4.63, 12.22, 11.49, 0.00, 8.71, 0.00, 71.09, 86.60, 0, 0
2.00, 5.70, 20.73, 20.73, -438.83, 20.00, 4.63, 11.67, 10.94, 0.00, 0.00, 0.00, 0.00, 90.00, 0, 0
2.00, 5.70, 20.71, 20.71, -472.51, 20.00, 4.63, 11.11, 10.39, 0.00, 0.00, 0.00, 0.00, 90.00, 0, 0
2.00, 5.70, 20.69, 20.69, -482.92, 20.00, 4.63, 11.11, 10.38, 0.00, 0.00, 0.00, 0.00, 90.00, 0, 0
2.00, 5.70, 20.66, 20.66, -517.96, 20.00, 4.63, 10.56, 9.83, 0.00, 0.00, 0.00, 0.00, 90.00, 0, 0
2.00, 5.70, 20.55, 20.55, -707.92, 20.00, 4.63, 10.00, 9.27, 0.00, 0.00, 0.00, 0.00, 90.00, 0, 0
2.00, 5.70, 20.34, 20.34, -954.86, 20.00, 4.63, 8.89, 8.17, 0.00, 0.00, 0.00, 0.00, 90.00, 0, 0
2.00, 5.70, 20.17, 20.17, -1009.54, 20.00, 4.63, 8.89, 8.16, 0.00, 0.00, 0.00, 0.00, 90.00, 0, 0
2.00, 5.70, 20.03, 20.03, -1054.81, 20.00, 4.63, 8.89, 8.16, 0.00, 0.00, 0.00, 0.00, 90.00, 0, 0
2.00, 5.70, 19.89, 19.89, -1119.96, 20.00, 4.63, 8.33, 7.59, 0.00, 0.00, 0.00, 0.00, 90.00, 0, 0
2.00, 5.70, 19.77, 19.77, -1157.20, 20.00, 4.63, 8.33, 7.59, 0.00, 0.00, 0.00, 0.00, 90.00, 0, 0
2.00, 5.70, 19.65, 19.65, -1190.85, 20.00, 4.63, 8.33, 7.59, 0.00, 0.00, 0.00, 0.00, 90.00, 0, 0
2.00, 5.70, 19.54, 19.54, -1247.58, 20.00, 4.63, 7.78, 7.07, 0.00, 0.00, 0.00, 0.00, 90.00, 0, 0
2.00, 5.70, 20.00, 20.00, -1212.32, 20.00, 4.63, 7.78, 7.07, 0.00, 0.00, 0.00, 0.00, 90.00, 0, 0
2.00, 5.70, 20.00, 20.00, -1149.84, 20.00, 4.63, 8.89, 8.17, 0.00, 10.30, 29.43, -71.55, 86.58, 0, 0
2.00, 5.70, 20.00, 20.00, -834.28, 20.00, 4.63, 10.56, 9.85, 92.82, 27.76, 23.14, -61.04, 76.17, 0, 0
2.00, 5.70, 20.11, 20.11, -525.00, 20.00, 4.63, 12.22, 11.52, 142.22, 52.83, 24.06, -49.05, 66.85, 0, 0
2.00, 5.70, 20.34, 20.34, -215.67, 20.00, 4.63, 13.89, 13.20, 176.59, 79.60, 31.56, -34.93, 59.23, 0, 0
2.00, 5.70, 20.46, 20.46, -285.67, 20.00, 4.63, 15.00, 14.29, 44.51, 76.06, 42.21, -18.41, 54.10, 0, 0
2.00, 5.70, 20.48, 20.48, -402.45, 20.00, 4.63, 15.00, 14.29, 5.01, 63.04, 54.09, -0.17, 52.26, 0, 0
2.00, 5.70, 20.45, 20.45, -517.69, 20.00, 4.63, 14.44, 13.74, 1.43, 42.97, 66.42, 18.08, 54.04, 0, 0
2.00, 5.70, 20.38, 20.38, -613.56, 20.00, 4.63, 13.89, 13.18, 0.00, 24.55, 78.82, 34.64, 59.10, 0, 0
2.00, 5.70, 20.27, 20.27, -722.32, 20.00, 4.63, 12.78, 12.07, 0.00, 15.84, 0.00, 48.80, 66.69, 0, 0
2.00, 5.70, 20.17, 20.17, -799.75, 20.00, 4.63, 12.22, 11.52, 0.00, 9.36, 0.00, 60.83, 75.98, 0, 0
2.00, 5.70, 20.10, 20.10, -783.35, 20.00, 4.63, 11.67, 10.96, 0.00, 7.13, 0.00, 71.36, 86.38, 0, 0
2.00, 5.70, 20.13, 20.13, -619.26, 20.00, 4.63, 11.67, 10.97, 0.00, 0.00, 0.00, 0.00, 90.00, 0, 0
2.00, 5.70, 20.15, 20.15, -611.10, 20.00, 4.63, 11.67, 10.97, 0.00, 0.00, 0.00, 0.00, 90.00, 0, 0
2.00, 5.70, 20.15, 20.15, -632.51, 20.00, 4.63, 11.11, 10.41, 0.00, 0.00, 0.00, 0.00, 90.00, 0, 0
2.00, 5.70, 20.15, 20.15, -632.92, 20.00, 4.63, 11.11, 10.41, 0.00, 0.00, 0.00, 0.00, 90.00, 0, 0
2.00, 5.70, 20.07, 20.07, -787.45, 20.00, 4.63, 11.11, 10.41, 0.00, 0.00, 0.00, 0.00, 90.00, 0, 0
2.00, 5.70, 19.92, 19.92, -972.47, 20.00, 4.63, 11.11, 10.41, 0.00, 0.00, 0.00, 0.00, 90.00, 0, 0
2.00, 5.70, 19.79, 19.79, -1038.83, 20.00, 4.63, 10.56, 9.85, 0.00, 0.00, 0.00, 0.00, 90.00, 0, 0
2.00, 5.70, 19.67, 19.67, -1074.12, 20.00, 4.63, 10.56, 9.85, 0.00, 0.00, 0.00, 0.00, 90.00, 0, 0
2.00, 5.70, 19.55, 19.55, -1129.66, 20.00, 4.63, 10.00, 9.30, 0.00, 0.00, 0.00, 0.00, 90.00, 0, 0
2.00, 5.70, 19.45, 19.45, -1158.27, 20.00, 4.63, 10.00, 9.30, 0.00, 0.00, 0.00, 0.00, 90.00, 0, 0
2.00, 5.70, 19.36, 19.36, -1183.87, 20.00, 4.63, 10.00, 9.30, 0.00, 0.00, 0.00, 0.00, 90.00, 0, 0
2.00, 5.70, 19.27, 19.27, -1232.94, 20.00, 4.63, 9.44, 8.75, 0.00, 0.00, 0.00, 0.00, 90.00, 0, 0
2.00, 5.70, 20.00, 20.00, -1155.03, 20.00, 4.63, 9.44, 8.75, 0.00, 0.00, 0.00, 0.00, 90.00, 0, 0
2.00, 5.70, 20.00, 20.00, -1127.23, 20.00, 4.63, 10.00, 9.32, 0.00, 6.34, 29.70, -71.79, 86.32, 0, 0
2.00, 5.70, 20.00, 20.00, -1011.39, 20.00, 4.63, 11.67, 10.97, 0.00, 19.01, 23.48, -61.27, 75.90, 0, 0
2.00, 5.70, 20.00, 20.00, -964.64, 20.00, 4.63, 12.22, 11.54, 0.00, 23.76, 24.41, -49.25, 66.55, 0, 0
2.00, 5.70, 20.11, 20.11, -388.35, 20.00, 4.63, 13.89, 13.20, 181.80, 63.27, 31.84, -35.09, 58.90, 0, 0
2.00, 5.70, 20.40, 20.40, 31.54, 20.00, 4.63, 16.67, 15.98, 125.13, 104.08, 42.45, -18.50, 53.76, 0, 0
2.00, 5.70, 20.52, 20.52, -128.66, 20.00, 4.63, 17.78, 17.08, 27.04, 83.16, 54.30, -0.15, 51.91, 0, 0
2.00, 5.70, 20.55, 20.55, -262.61, 20.00, 4.63, 17.78, 17.08, 2.45, 63.08, 66.63, 18.21, 53.70, 0, 0
2.00, 5.70, 20.58, 20.58, -233.38, 20.00, 4.63, 17.78, 17.08, 1.83, 61.28, 79.03, 34.84, 58.80, 0, 0
2.00, 5.70, 20.55, 20.55, -351.11, 20.00, 4.63, 17.22, 16.53, 0.00, 36.41, 0.00, 49.05, 66.41, 0, 0
2.00, 5.70, 20.45, 20.45, -533.33, 20.00, 4.63, 16.11, 15.42, 0.00, 8.71, 0.00, 61.09, 75.74, 0, 0
2.00, 5.70, 20.38, 20.38, -539.01, 20.00, 4.63, 15.56, 14.86, 0.00, 1.58, 0.00, 71.63, 86.15, 0, 0
2.00, 5.70, 20.41, 20.41, -381.38, 20.00, 4.63, 15.00, 14.31, 0.00, 0.00, 0.00, 0.00, 90.00, 0, 0
2.00, 5.70, 20.42, 20.42, -395.55, 20.00, 4.63, 14.44, 13.76, 0.00, 0.00, 0.00, 0.00, 90.00, 0, 0
2.00, 5.70, 20.43, 20.43, -415.03, 20.00, 4.63, 13.89, 13.20, 0.00, 0.00, 0.00, 0.00, 90.00, 0, 0
2.00, 5.70, 20.42, 20.42, -437.98, 20.00, 4.63, 13.33, 12.65, 0.00, 0.00, 0.00, 0.00, 90.00, 0, 0
2.00, 5.70, 20.33, 20.33, -616.72, 20.00, 4.63, 12.78, 12.09, 0.00, 0.00, 0.00, 0.00, 90.00, 0, 0
2.00, 5.70, 20.17, 20.17, -802.19, 20.00, 4.63, 12.78, 12.09, 0.00, 0.00, 0.00, 0.00, 90.00, 0, 0
2.00, 5.70, 20.03, 20.03, -868.08, 20.00, 4.63, 12.22, 11.52, 0.00, 0.00, 0.00, 0.00, 90.00, 0, 0
2.00, 5.70, 19.89, 19.89, -953.69, 20.00, 4.63, 11.11, 10.41, 0.00, 0.00, 0.00, 0.00, 90.00, 0, 0
2.00, 5.70, 19.76, 19.76, -1013.09, 20.00, 4.63, 10.56, 9.85, 0.00, 0.00, 0.00, 0.00, 90.00, 0, 0
2.00, 5.70, 19.64, 19.64, -1070.36, 20.00, 4.63, 10.00, 9.30, 0.00, 0.00, 0.00, 0.00, 90.00, 0, 0
2.00, 5.70, 19.52, 19.52, -1126.75, 20.00, 4.63, 9.44, 8.74, 0.00, 0.00, 0.00, 0.00, 90.00, 0, 0
2.00, 5.70, 19.40, 19.40, -1182.63, 20.00, 4.63, 8.89, 8.19, 0.00, 0.00, 0.00, 0.00, 90.00, 0, 0
2.00, 5.70, 20.00, 20.00, -1143.00, 20.00, 4.63, 8.33, 7.63, 0.00, 0.00, 0.00, 0.00, 90.00, 0, 0
2.00, 5.70, 20.00, 20.00, -1077.54, 20.00, 4.63, 9.44, 8.75, 0.00, 11.09, 29.97, -72.04, 86.07, 0, 0
2.00, 5.70, 20.00, 20.00, -700.53, 20.00, 4.63, 11.67, 10.97, 112.54, 29.73, 23.83, -61.50, 75.62, 0, 0
2.00, 5.70, 20.21, 20.21, -208.73, 20.00, 4.63, 13.89, 13.20, 230.54, 59.47, 24.75, -49.46, 66.25, 0, 0
2.00, 5.70, 20.55, 20.55, 201.49, 20.00, 4.63, 16.11, 15.42, 280.87, 88.57, 32.13, -35.25, 58.57, 0, 0
2.00, 5.70, 20.85, 20.85, 325.53, 20.00, 4.63, 17.78, 17.10, 129.24, 103.68, 42.69, -18.58, 53.41, 0, 0
2.00, 5.70, 21.02, 21.02, 216.93, 20.00, 4.63, 18.89, 18.19, 40.85, 91.24, 54.52, -0.12, 51.55, 0, 0
2.00, 5.70, 21.08, 21.08, 88.63, 20.00, 4.63, 18.89, 18.19, 10.12, 77.68, 66.84, 18.35, 53.36, 0, 0
2.00, 5.70, 21.12, 21.12, 77.54, 20.00, 4.63, 18.89, 18.19, 3.63, 70.82, 79.24, 35.05, 58.49, 0, 0
2.00, 5.70, 21.11, 21.11, -21.98, 20.00, 4.63, 18.33, 17.63, 0.00, 52.43, 0.00, 49.29, 66.13, 0, 0
2.00, 5.70, 21.06, 21.06, -131.20, 20.00, 4.63, 17.22, 16.53, 0.00, 34.75, 0.00, 61.36, 75.49, 0, 0
2.00, 5.70, 20.98, 20.98, -245.95, 20.00, 4.63, 16.11, 15.42, 0.00, 11.09, 0.00, 71.91, 85.93, 0, 0
2.00, 5.70, 20.98, 20.98, -140.53, 20.00, 4.63, 15.56, 14.87, 0.00, 0.00, 0.00, 0.00, 90.00, 0, 0
2.00, 5.70, 20.98, 20.98, -170.10, 20.00, 4.63, 15.00, 14.31, 0.00, 0.00, 0.00, 0.00, 90.00, 0, 0
2.00, 5.70, 20.96, 20.96, -200.86, 20.00, 4.63, 14.44, 13.76, 0.00, 0.00, 0.00, 0.00, 90.00, 0, 0
2.00, 5.70, 20.94, 20.94, -232.77, 20.00, 4.63, 13.89, 13.21, 0.00, 0.00, 0.00, 0.00, 90.00, 0, 0
2.00, 5.70, 20.85, 20.85, -393.58, 20.00, 4.63, 13.89, 13.20, 0.00, 0.00, 0.00, 0.00, 90.00, 0, 0
2.00, 5.70, 20.67, 20.67, -633.37, 20.00, 4.63, 12.78, 12.09, 0.00, 0.00, 0.00, 0.00, 90.00, 0, 0
2.00, 5.70, 20.53, 20.53, -681.76, 20.00, 4.63, 12.78, 12.09, 0.00, 0.00, 0.00, 0.00, 90.00, 0, 0
2.00, 5.70, 20.39, 20.39, -746.31, 20.00, 4.63, 12.22, 11.52, 0.00, 0.00, 0.00, 0.00, 90.00, 0, 0
2.00, 5.70, 20.27, 20.27, -807.24, 20.00, 4.63, 11.67, 10.97, 0.00, 0.00, 0.00, 0.00, 90.00, 0, 0
2.00, 5.70, 20.17, 20.17, -840.71, 20.00, 4.63, 11.67, 10.96, 0.00, 0.00, 0.00, 0.00, 90.00, 0, 0
2.00, 5.70, 20.06, 20.06, -895.96, 20.00, 4.63, 11.11, 10.41, 0.00, 0.00, 0.00, 0.00, 90.00, 0, 0
2.00, 5.70, 19.96, 19.96, -950.96, 20.00, 4.63, 10.56, 9.86, 0.00, 0.00, 0.00, 0.00, 90.00, 0, 0
2.00, 5.70, 20.00, 20.00, -977.05, 20.00, 4.63, 10.00, 9.32, 0.00, 0.00, 0.00, 0.00, 90.00, 0, 0
2.00, 5.70, 20.00, 20.00, -998.53, 20.00, 4.63, 10.00, 9.32, 0.00, 1.58, 30.25, -72.29, 85.80, 0, 0
2.00, 5.70, 20.00, 20.00, -979.33, 20.00, 4.63, 10.56, 9.86, 0.00, 4.75, 24.17, -61.74, 75.34, 0, 0
2.00, 5.70, 20.00, 20.00, -993.14, 20.00, 4.63, 10.56, 9.86, 0.00, 4.75, 25.10, -49.67, 65.94, 0, 0
2.00, 5.70, 20.00, 20.00, -956.81, 20.00, 4.63, 11.11, 10.41, 0.00, 11.09, 32.42, -35.41, 58.24, 0, 0
2.00, 5.70, 20.00, 20.00, -860.80, 20.00, 4.63, 11.67, 10.97, 0.00, 30.89, 42.94, -18.66, 53.05, 0, 0
2.00, 5.70, 20.00, 20.00, -821.59, 20.00, 4.63, 12.22, 11.52, 0.00, 33.27, 54.75, -0.09, 51.19, 0, 0
2.00, 5.70, 20.00, 20.00, -770.27, 20.00, 4.63, 12.78, 12.09, 0.49, 37.77, 67.05, 18.49, 53.02, 0, 0
2.00, 5.70, 20.00, 20.00, -698.02, 20.00, 4.63, 13.33, 12.63, 0.16, 40.97, 79.46, 35.26, 58.18, 0, 0
2.00, 5.70, 20.00, 20.00, -768.91, 20.00, 4.63, 13.33, 12.63, 0.00, 21.38, 0.00, 49.55, 65.86, 0, 0
2.00, 5.70, 20.00, 20.00, -818.93, 20.00, 4.63, 13.33, 12.62, 0.00, 10.30, 0.00, 61.63, 75.24, 0, 0
2.00, 5.70, 20.00, 20.00, -800.52, 20.00, 4.63, 12.78, 12.07, 0.00, 3.96, 0.00, 72.19, 85.70, 0, 0
2.00, 5.70, 20.02, 20.02, -643.61, 20.00, 4.63, 12.22, 11.52, 0.00, 0.00, 0.00, 0.00, 90.00, 0, 0
2.00, 5.70, 20.03, 20.03, -655.67, 20.00, 4.63, 11.67, 10.96, 0.00, 0.00, 0.00, 0.00, 90.00, 0, 0
2.00, 5.70, 20.03, 20.03, -649.31, 20.00, 4.63, 11.67, 10.96, 0.00, 0.00, 0.00, 0.00, 90.00, 0, 0
2.00, 5.70, 20.02, 20.02, -670.98, 20.00, 4.63, 11.11, 10.39, 0.00, 0.00, 0.00, 0.00, 90.00, 0, 0
2.00, 5.70, 19.93, 19.93, -849.53, 20.00, 4.63, 10.56, 9.85, 0.00, 0.00, 0.00, 0.00, 90.00, 0, 0
2.00, 5.70, 19.76, 19.76, -1035.52, 20.00, 4.63, 10.56, 9.83, 0.00, 0.00, 0.00, 0.00, 90.00, 0, 0
2.00, 5.70, 19.60, 19.60, -1128.18, 20.00, 4.63, 9.44, 8.74, 0.00, 0.00, 0.00, 0.00, 90.00, 0, 0
2.00, 5.70, 19.46, 19.46, -1192.30, 20.00, 4.63, 8.89, 8.17, 0.00, 0.00, 0.00, 0.00, 90.00, 0, 0
2.00, 5.70, 19.31, 19.31, -1279.08, 20.00, 4.63, 7.78, 7.07, 0.00, 0.00, 0.00, 0.00, 90.00, 0, 0
2.00, 5.70, 19.16, 19.16, -1340.84, 20.00, 4.63, 7.22, 6.49, 0.00, 0.00, 0.00, 0.00, 90.00, 0, 0
2.00, 5.70, 19.01, 19.01, -1427.33, 20.00, 4.63, 6.11, 5.39, 0.00, 0.00, 0.00, 0.00, 90.00, 0, 0
2.00, 5.70, 18.87, 18.87, -1489.90, 20.00, 4.63, 5.56, 4.81, 0.00, 0.00, 0.00, 0.00, 90.00, 0, 0
2.00, 5.70, 20.00, 20.00, -1346.54, 20.00, 4.63, 4.44, 3.71, 0.00, 0.00, 0.00, 0.00, 90.00, 0, 0
2.00, 5.70, 20.00, 20.00, -1283.79, 20.00, 4.63, 5.56, 4.83, 0.00, 10.30, 30.53, -72.53, 85.54, 0, 0
2.00, 5.70, 20.00, 20.00, -958.50, 20.00, 4.63, 8.33, 7.61, 71.75, 28.80, 24.52, -61.97, 75.05, 0, 0
2.00, 5.70, 20.00, 20.00, -740.54, 20.00, 4.63, 10.00, 9.27, 88.90, 51.82, 25.45, -49.88, 65.63, 0, 0
2.00, 5.70, 20.23, 20.23, -96.38, 20.00, 4.63, 12.22, 11.50, 270.60, 87.32, 32.72, -35.57, 57.90, 0, 0
2.00, 5.70, 20.66, 20.66, 444.26, 20.00, 4.63, 15.00, 14.27, 213.69, 120.28, 43.19, -18.73, 52.69, 0, 0
2.00, 5.70, 21.03, 21.03, 578.53, 20.00, 4.63, 17.22, 16.50, 109.91, 129.08, 54.98, -0.05, 50.83, 0, 0
2.00, 5.70, 21.22, 21.22, 419.87, 20.00, 4.63, 18.33, 17.61, 40.24, 113.64, 67.27, 18.63, 52.67, 0, 0
2.00, 5.70, 21.27, 21.27, 229.34, 20.00, 4.63, 18.33, 17.61, 7.52, 86.92, 79.68, 35.48, 57.87, 0, 0
2.00, 5.70, 21.27, 21.27, 134.24, 20.00, 4.63, 17.78, 17.04, 0.00, 69.67, 0.00, 49.80, 65.58, 0, 0
2.00, 5.70, 21.24, 21.24, 62.64, 20.00, 4.63, 16.67, 15.95, 0.00, 46.01, 0.00, 61.91, 75.00, 0, 0
2.00, 5.70, 21.14, 21.14, -145.00, 20.00, 4.63, 15.56, 14.84, 0.00, 16.63, 0.00, 72.48, 85.48, 0, 0
2.00, 5.70, 21.11, 21.11, -77.49, 20.00, 4.63, 15.00, 14.29, 0.00, 0.00, 0.00, 0.00, 90.00, 0, 0
2.00, 5.70, 21.07, 21.07, -120.00, 20.00, 4.63, 14.44, 13.73, 0.00, 0.00, 0.00, 0.00, 90.00, 0, 0
2.00, 5.70, 21.03, 21.03, -183.98, 20.00, 4.63, 13.33, 12.63, 0.00, 0.00, 0.00, 0.00, 90.00, 0, 0
2.00, 5.70, 20.98, 20.98, -223.41, 20.00, 4.63, 12.78, 12.07, 0.00, 0.00, 0.00, 0.00, 90.00, 0, 0
2.00, 5.70, 20.83, 20.83, -464.06, 20.00, 4.63, 12.22, 11.50, 0.00, 0.00, 0.00, 0.00, 90.00, 0, 0
2.00, 5.70, 20.62, 20.62, -691.27, 20.00, 4.63, 11.67, 10.96, 0.00, 0.00, 0.00, 0.00, 90.00, 0, 0
2.00, 5.70, 20.44, 20.44, -772.59, 20.00, 4.63, 11.11, 10.39, 0.00, 0.00, 0.00, 0.00, 90.00, 0, 0
2.00, 5.70, 20.28, 20.28, -845.61, 20.00, 4.63, 10.56, 9.83, 0.00, 0.00, 0.00, 0.00, 90.00, 0, 0
2.00, 5.70, 20.14, 20.14, -887.97, 20.00, 4.63, 10.56, 9.83, 0.00, 0.00, 0.00, 0.00, 90.00, 0, 0
2.00, 5.70, 20.01, 20.01, -950.46, 20.00, 4.63, 10.00, 9.28, 0.00, 0.00, 0.00, 0.00, 90.00, 0, 0
2.00, 5.70, 19.88, 19.88, -1011.41, 20.00, 4.63, 9.44, 8.74, 0.00, 0.00, 0.00, 0.00, 90.00, 0, 0
2.00, 5.70, 19.78, 19.78, -1045.67, 20.00, 4.63, 9.44, 8.74, 0.00, 0.00, 0.00, 0.00, 90.00, 0, 0
2.00, 5.70, 20.00, 20.00, -991.86, 20.00, 4.63, 8.89, 8.17, 0.00, 0.00, 0.00, 0.00, 90.00, 0, 0
2.00, 5.70, 20.00, 20.00, -978.28, 20.00, 4.63, 9.44, 8.74, 0.00, 3.17, 30.81, -72.78, 85.27, 0, 0
2.00, 5.70, 20.00, 20.00, -884.55, 20.00, 4.63, 10.56, 9.85, 0.00, 17.42, 24.88, -62.20, 74.76, 0, 0
2.00, 5.70, 20.00, 20.00, -757.57, 20.00, 4.63, 11.67, 10.96, 2.60, 34.77, 25.81, -50.09, 65.32, 0, 0
2.00, 5.70, 20.01, 20.01, -678.86, 20.00, 4.63, 12.78, 12.07, 2.12, 37.91, 33.02, -35.73, 57.56, 0, 0
2.00, 5.70, 20.07, 20.07, -565.99, 20.00, 4.63, 13.33, 12.62, 4.46, 51.66, 43.45, -18.81, 52.33, 0, 0
2.00, 5.70, 20.17, 20.17, -460.18, 20.00, 4.63, 14.44, 13.73, 2.56, 57.84, 55.21, -0.01, 50.46, 0, 0
2.00, 5.70, 20.18, 20.18, -562.03, 20.00, 4.63, 13.89, 13.16, 0.22, 34.73, 67.50, 18.78, 52.33, 0, 0
2.00, 5.70, 20.18, 20.18, -572.28, 20.00, 4.63, 13.89, 13.16, 0.14, 31.46, 79.90, 35.71, 57.55, 0, 0
2.00, 5.70, 20.18, 20.18, -590.38, 20.00, 4.63, 13.89, 13.16, 0.00, 26.76, 0.00, 50.07, 65.31, 0, 0
2.00, 5.70, 20.11, 20.11, -721.82, 20.00, 4.63, 12.78, 12.05, 0.00, 8.71, 0.00, 62.19, 74.75, 0, 0
2.00, 5.70, 20.06, 20.06, -711.74, 20.00, 4.63, 12.22, 11.50, 0.00, 3.17, 0.00, 72.77, 85.25, 0, 0
2.00, 5.70, 20.12, 20.12, -527.92, 20.00, 4.63, 12.22, 11.49, 0.00, 0.00, 0.00, 0.00, 90.00, 0, 0
2.00, 5.70, 20.16, 20.16, -538.75, 20.00, 4.63, 11.67, 10.94, 0.00, 0.00, 0.00, 0.00, 90.00, 0, 0
2.00, 5.70, 20.17, 20.17, -557.14, 20.00, 4.63, 11.11, 10.38, 0.00, 0.00, 0.00, 0.00, 90.00, 0, 0
2.00, 5.70, 20.17, 20.17, -580.42, 20.00, 4.63, 10.56, 9.83, 0.00, 0.00, 0.00, 0.00, 90.00, 0, 0
2.00, 5.70, 20.05, 20.05, -809.97, 20.00, 4.63, 10.00, 9.27, 0.00, 0.00, 0.00, 0.00, 90.00, 0, 0
2.00, 5.70, 19.86, 19.86, -1029.51, 20.00, 4.63, 9.44, 8.70, 0.00, 0.00, 0.00, 0.00, 90.00, 0, 0
2.00, 5.70, 19.69, 19.69, -1105.23, 20.00, 4.63, 8.89, 8.16, 0.00, 0.00, 0.00, 0.00, 90.00, 0, 0
2.00, 5.70, 19.52, 19.52, -1200.24, 20.00, 4.63, 7.78, 7.05, 0.00, 0.00, 0.00, 0.00, 90.00, 0, 0
2.00, 5.70, 19.36, 19.36, -1268.01, 20.00, 4.63, 7.22, 6.49, 0.00, 0.00, 0.00, 0.00, 90.00, 0, 0
2.00, 5.70, 19.21, 19.21, -1333.28, 20.00, 4.63, 6.67, 5.92, 0.00, 0.00, 0.00, 0.00, 90.00, 0, 0
2.00, 5.70, 19.06, 19.06, -1423.38, 20.00, 4.63, 5.56, 4.81, 0.00, 0.00, 0.00, 0.00, 90.00, 0, 0
2.00, 5.70, 18.91, 18.91, -1489.01, 20.00, 4.63, 5.00, 4.25, 0.00, 0.00, 0.00, 0.00, 90.00, 0, 0
2.00, 5.70, 20.00, 20.00, -1428.47, 20.00, 4.63, 3.89, 3.14, 0.00, 0.00, 0.00, 0.00, 90.00, 0, 0
2.00, 5.70, 20.00, 20.00, -1326.93, 20.00, 4.63, 5.56, 4.81, 0.00, 15.84, 31.10, -73.03, 84.99, 0, 0
2.00, 5.70, 20.00, 20.00, -882.19, 20.00, 4.63, 8.33, 7.59, 138.77, 33.00, 25.23, -62.44, 74.47, 0, 0
2.00, 5.70, 20.00, 20.00, -586.18, 20.00, 4.63, 10.00, 9.27, 180.47, 59.78, 26.17, -50.30, 65.00, 0, 0
2.00, 5.70, 20.11, 20.11, -348.50, 20.00, 4.63, 12.22, 11.49, 160.64, 82.58, 33.33, -35.89, 57.22, 0, 0
2.00, 5.70, 20.29, 20.29, -143.09, 20.00, 4.63, 13.89, 13.14, 88.15, 101.15, 43.71, -18.89, 51.97, 0, 0
2.00, 5.70, 20.56, 20.56, 140.97, 20.00, 4.63, 15.56, 14.80, 70.46, 120.62, 55.45, 0.03, 50.09, 0, 0
2.00, 5.70, 20.76, 20.76, 156.56, 20.00, 4.63, 16.67, 15.91, 39.89, 115.70, 67.73, 18.94, 51.98, 0, 0
2.00, 5.70, 20.86, 20.86, 66.10, 20.00, 4.63, 17.22, 16.46, 9.70, 94.40, 80.13, 35.94, 57.24, 0, 0
2.00, 5.70, 20.86, 20.86, -101.12, 20.00, 4.63, 16.67, 15.91, 0.00, 63.52, 0.00, 50.34, 65.03, 0, 0
2.00, 5.70, 20.74, 20.74, -339.64, 20.00, 4.63, 15.00, 14.23, 0.00, 28.27, 0.00, 62.47, 74.50, 0, 0
2.00, 5.70, 20.60, 20.60, -493.47, 20.00, 4.63, 13.33, 12.58, 0.00, 5.54, 0.00, 73.06, 85.03, 0, 0
2.00, 5.70, 20.56, 20.56, -379.77, 20.00, 4.63, 12.78, 12.03, 0.00, 0.00, 0.00, 0.00, 90.00, 0, 0
2.00, 5.70, 20.51, 20.51, -443.61, 20.00, 4.63, 11.67, 10.92, 0.00, 0.00, 0.00, 0.00, 90.00, 0, 0
2.00, 5.70, 20.45, 20.45, -484.47, 20.00, 4.63, 11.11, 10.36, 0.00, 0.00, 0.00, 0.00, 90.00, 0, 0
2.00, 5.70, 20.40, 20.40, -525.14, 20.00, 4.63, 10.56, 9.79, 0.00, 0.00, 0.00, 0.00, 90.00, 0, 0
2.00, 5.70, 20.25, 20.25, -744.67, 20.00, 4.63, 9.44, 8.68, 0.00, 0.00, 0.00, 0.00, 90.00, 0, 0
2.00, 5.70, 20.04, 20.04, -971.29, 20.00, 4.63, 8.89, 8.12, 0.00, 0.00, 0.00, 0.00, 90.00, 0, 0
2.00, 5.70, 19.83, 19.83, -1079.53, 20.00, 4.63, 7.78, 7.01, 0.00, 0.00, 0.00, 0.00, 90.00, 0, 0
2.00, 5.70, 19.65, 19.65, -1157.10, 20.00, 4.63, 7.22, 6.45, 0.00, 0.00, 0.00, 0.00, 90.00, 0, 0
2.00, 5.70, 19.47, 19.47, -1256.19, 20.00, 4.63, 6.11, 5.34, 0.00, 0.00, 0.00, 0.00, 90.00, 0, 0
2.00, 5.70, 19.30, 19.30, -1328.71, 20.00, 4.63, 5.56, 4.80, 0.00, 0.00, 0.00, 0.00, 90.00, 0, 0
2.00, 5.70, 19.14, 19.14, -1399.32, 20.00, 4.63, 5.00, 4.23, 0.00, 0.00, 0.00, 0.00, 90.00, 0, 0
2.00, 5.70, 18.97, 18.97, -1495.18, 20.00, 4.63, 3.89, 3.13, 0.00, 0.00, 0.00, 0.00, 90.00, 0, 0
2.00, 5.70, 20.00, 20.00, -1401.43, 20.00, 4.63, 3.89, 3.11, 0.00, 0.00, 0.00, 0.00, 90.00, 0, 0
2.00, 5.70, 20.00, 20.00, -1307.65, 20.00, 4.63, 5.00, 4.23, 0.00, 20.59, 31.38, -73.28, 84.71, 0, 0
2.00, 5.70, 20.43, 20.43, 281.74, 20.00, 4.63, 8.33, 7.58, 669.12, 50.29, 25.59, -62.67, 74.18, 0, 0
2.00, 5.70, 21.00, 21.00, 836.86, 20.00, 4.63, 11.67, 10.90, 701.23, 84.12, 26.53, -50.51, 64.68, 0, 0
2.00, 5.70, 21.49, 21.49, 1008.16, 20.00, 4.63, 14.44, 13.69, 528.76, 108.65, 33.65, -36.06, 56.87, 0, 0
2.00, 5.70, 21.82, 21.82, 962.09, 20.00, 4.63, 16.67, 15.89, 202.20, 123.71, 43.98, -18.96, 51.60, 0, 0
2.00, 5.70, 22.06, 22.06, 943.87, 20.00, 4.63, 18.33, 17.57, 95.09, 129.30, 55.70, 0.08, 49.72, 0, 0
2.00, 5.70, 22.23, 22.23, 900.52, 20.00, 4.63, 20.00, 19.22, 50.70, 128.53, 67.96, 19.10, 51.63, 0, 0
2.00, 5.70, 22.28, 22.28, 745.45, 20.00, 4.63, 20.00, 19.22, 14.29, 109.12, 80.37, 36.18, 56.92, 0, 0
2.00, 5.70, 22.26, 22.26, 580.36, 20.00, 4.63, 19.44, 18.68, 0.00, 81.12, 0.00, 50.61, 64.75, 0, 0
2.00, 5.70, 22.22, 22.22, 475.77, 20.00, 4.63, 18.89, 18.11, 0.00, 49.65, 0.00, 62.76, 74.26, 0, 0
2.00, 5.70, 22.06, 22.06, 195.05, 20.00, 4.63, 17.22, 16.46, 0.00, 15.84, 0.00, 73.36, 84.80, 0, 0
2.00, 5.70, 21.98, 21.98, 217.55, 20.00, 4.63, 16.11, 15.34, 0.00, 0.00, 0.00, 0.00, 90.00, 0, 0
2.00, 5.70, 21.90, 21.90, 131.26, 20.00, 4.63, 15.00, 14.23, 0.00, 0.00, 0.00, 0.00, 90.00, 0, 0
2.00, 5.70, 21.81, 21.81, 49.68, 20.00, 4.63, 13.89, 13.12, 0.00, 0.00, 0.00, 0.00, 90.00, 0, 0
2.00, 5.70, 21.73, 21.73, -4.35, 20.00, 4.63, 13.33, 12.58, 0.00, 0.00, 0.00, 0.00, 90.00, 0, 0
2.00, 5.70, 21.56, 21.56, -233.51, 20.00, 4.63, 12.22, 11.47, 0.00, 0.00, 0.00, 0.00, 90.00, 0, 0
2.00, 5.70, 21.34, 21.34, -467.78, 20.00, 4.63, 11.67, 10.90, 0.00, 0.00, 0.00, 0.00, 90.00, 0, 0
2.00, 5.70, 21.13, 21.13, -581.83, 20.00, 4.63, 10.56, 9.77, 0.00, 0.00, 0.00, 0.00, 90.00, 0, 0
2.00, 5.70, 20.94, 20.94, -689.90, 20.00, 4.63, 9.44, 8.66, 0.00, 0.00, 0.00, 0.00, 90.00, 0, 0
2.00, 5.70, 20.75, 20.75, -795.11, 20.00, 4.63, 8.33, 7.56, 0.00, 0.00, 0.00, 0.00, 90.00, 0, 0
2.00, 5.70, 20.56, 20.56, -899.17, 20.00, 4.63, 7.22, 6.45, 0.00, 0.00, 0.00, 0.00, 90.00, 0, 0
2.00, 5.70, 20.38, 20.38, -1003.16, 20.00, 4.63, 6.11, 5.34, 0.00, 0.00, 0.00, 0.00, 90.00, 0, 0
2.00, 5.70, 20.19, 20.19, -1107.89, 20.00, 4.63, 5.00, 4.21, 0.00, 0.00, 0.00, 0.00, 90.00, 0, 0
2.00, 5.70, 20.02, 20.02, -1177.67, 20.00, 4.63, 4.44, 3.67, 0.00, 0.00, 0.00, 0.00, 90.00, 0, 0
2.00, 5.70, 20.00, 20.00, -1096.44, 20.00, 4.63, 5.56, 4.80, 0.00, 20.59, 31.67, -73.53, 84.43, 0, 0
2.00, 5.70, 20.72, 20.72, 529.31, 20.00, 4.63, 8.89, 8.12, 666.89, 53.96, 25.95, -62.91, 73.88, 0, 0
2.00, 5.70, 21.42, 21.42, 963.60, 20.00, 4.63, 12.22, 11.45, 632.45, 86.01, 26.90, -50.72, 64.36, 0, 0
2.00, 5.70, 22.00, 22.00, 1171.26, 20.00, 4.63, 14.44, 13.69, 493.40, 109.37, 33.96, -36.22, 56.52, 0, 0
2.00, 5.70, 22.40, 22.40, 1128.92, 20.00, 4.63, 16.67, 15.91, 183.20, 123.13, 44.26, -19.03, 51.23, 0, 0
2.00, 5.70, 22.65, 22.65, 1042.86, 20.00, 4.63, 18.33, 17.57, 73.88, 124.26, 55.94, 0.13, 49.35, 0, 0
2.00, 5.70, 22.82, 22.82, 997.24, 20.00, 4.63, 19.44, 18.68, 42.59, 121.38, 68.20, 19.27, 51.28, 0, 0
2.00, 5.70, 22.91, 22.91, 920.83, 20.00, 4.63, 20.00, 19.22, 14.98, 107.73, 80.61, 36.43, 56.61, 0, 0
2.00, 5.70, 22.94, 22.94, 783.87, 20.00, 4.63, 20.00, 19.22, 0.00, 79.73, 0.00, 50.89, 64.47, 0, 0
2.00, 5.70, 22.85, 22.85, 551.49, 20.00, 4.63, 18.33, 17.57, 0.00, 41.66, 0.00, 63.06, 74.01, 0, 0
2.00, 5.70, 22.69, 22.69, 303.43, 20.00, 4.63, 16.67, 15.91, 0.00, 10.30, 0.00, 73.66, 84.58, 0, 0
2.00, 5.70, 22.62, 22.62, 345.70, 20.00, 4.63, 15.56, 14.80, 0.00, 0.00, 0.00, 0.00, 90.00, 0, 0
2.00, 5.70, 22.54, 22.54, 283.66, 20.00, 4.63, 15.00, 14.25, 0.00, 0.00, 0.00, 0.00, 90.00, 0, 0
2.00, 5.70, 22.48, 22.48, 227.08, 20.00, 4.63, 14.44, 13.69, 0.00, 0.00, 0.00, 0.00, 90.00, 0, 0
2.00, 5.70, 22.40, 22.40, 148.98, 20.00, 4.63, 13.33, 12.60, 0.00, 0.00, 0.00, 0.00, 90.00, 0, 0
2.00, 5.70, 22.25, 22.25, -57.15, 20.00, 4.63, 12.78, 12.03, 0.00, 0.00, 0.00, 0.00, 90.00, 0, 0
2.00, 5.70, 22.04, 22.04, -291.53, 20.00, 4.63, 12.22, 11.47, 0.00, 0.00, 0.00, 0.00, 90.00, 0, 0
2.00, 5.70, 21.85, 21.85, -380.55, 20.00, 4.63, 11.67, 10.90, 0.00, 0.00, 0.00, 0.00, 90.00, 0, 0
2.00, 5.70, 21.66, 21.66, -486.79, 20.00, 4.63, 10.56, 9.81, 0.00, 0.00, 0.00, 0.00, 90.00, 0, 0
2.00, 5.70, 21.50, 21.50, -565.06, 20.00, 4.63, 10.00, 9.25, 0.00, 0.00, 0.00, 0.00, 90.00, 0, 0
2.00, 5.70, 21.33, 21.33, -665.60, 20.00, 4.63, 8.89, 8.14, 0.00, 0.00, 0.00, 0.00, 90.00, 0, 0
2.00, 5.70, 21.16, 21.16, -766.53, 20.00, 4.63, 7.78, 7.03, 0.00, 0.00, 0.00, 0.00, 90.00, 0, 0
2.00, 5.70, 21.00, 21.00, -842.30, 20.00, 4.63, 7.22, 6.47, 0.00, 0.00, 0.00, 0.00, 90.00, 0, 0
2.00, 5.70, 20.84, 20.84, -914.83, 20.00, 4.63, 6.67, 5.92, 0.00, 1.58, 0.00, 0.00, 90.00, 0, 0
2.00, 5.70, 20.79, 20.79, -788.62, 20.00, 4.63, 8.33, 7.59, 0.00, 22.97, 31.96, -73.78, 84.15, 0, 0
2.00, 5.70, 21.29, 21.29, 314.46, 20.00, 4.63, 10.56, 9.81, 445.78, 49.44, 26.31, -63.15, 73.57, 0, 0
2.00, 5.70, 21.48, 21.48, 13.96, 20.00, 4.63, 11.67, 10.94, 178.94, 55.52, 27.27, -50.93, 64.03, 0, 0
2.00, 5.70, 21.49, 21.49, -226.06, 20.00, 4.63, 12.22, 11.49, 20.45, 54.21, 34.29, -36.38, 56.17, 0, 0
2.00, 5.70, 21.51, 21.51, -197.12, 20.00, 4.63, 12.78, 12.05, 7.11, 62.09, 44.54, -19.10, 50.85, 0, 0
2.00, 5.70, 21.54, 21.54, -178.21, 20.00, 4.63, 13.33, 12.60, 3.23, 62.83, 56.20, 0.19, 48.97, 0, 0
2.00, 5.70, 21.60, 21.60, -101.11, 20.00, 4.63, 13.89, 13.14, 5.35, 71.31, 68.44, 19.45, 50.92, 0, 0
2.00, 5.70, 21.65, 21.65, -73.13, 20.00, 4.63, 13.89, 13.14, 2.59, 70.10, 80.85, 36.68, 56.29, 0, 0
2.00, 5.70, 21.72, 21.72, -8.24, 20.00, 4.63, 14.44, 13.71, 0.00, 70.79, 0.00, 51.18, 64.20, 0, 0
2.00, 5.70, 21.78, 21.78, -0.34, 20.00, 4.63, 14.44, 13.71, 0.00, 50.73, 0.00, 63.36, 73.76, 0, 0
2.00, 5.70, 21.71, 21.71, -219.56, 20.00, 4.63, 13.33, 12.60, 0.00, 12.67, 0.00, 73.97, 84.35, 0, 0
2.00, 5.70, 21.70, 21.70, -161.43, 20.00, 4.63, 12.22, 11.49, 0.00, 0.79, 0.00, 0.00, 90.00, 0, 0
2.00, 5.70, 21.67, 21.67, -200.53, 20.00, 4.63, 11.67, 10.94, 0.00, 0.00, 0.00, 0.00, 90.00, 0, 0
2.00, 5.70, 21.63, 21.63, -243.53, 20.00, 4.63, 11.11, 10.38, 0.00, 0.00, 0.00, 0.00, 90.00, 0, 0
2.00, 5.70, 21.58, 21.58, -286.92, 20.00, 4.63, 10.56, 9.83, 0.00, 0.00, 0.00, 0.00, 90.00, 0, 0
2.00, 5.70, 21.45, 21.45, -483.90, 20.00, 4.63, 10.00, 9.27, 0.00, 0.00, 0.00, 0.00, 90.00, 0, 0
2.00, 5.70, 21.24, 21.24, -711.44, 20.00, 4.63, 9.44, 8.70, 0.00, 0.00, 0.00, 0.00, 90.00, 0, 0
2.00, 5.70, 21.06, 21.06, -795.21, 20.00, 4.63, 8.89, 8.14, 0.00, 0.00, 0.00, 0.00, 90.00, 0, 0
2.00, 5.70, 20.89, 20.89, -871.86, 20.00, 4.63, 8.33, 7.59, 0.00, 0.00, 0.00, 0.00, 90.00, 0, 0
2.00, 5.70, 20.73, 20.73, -944.53, 20.00, 4.63, 7.78, 7.03, 0.00, 0.00, 0.00, 0.00, 90.00, 0, 0
2.00, 5.70, 20.59, 20.59, -988.61, 20.00, 4.63, 7.78, 7.03, 0.00, 0.00, 0.00, 0.00, 90.00, 0, 0
2.00, 5.70, 20.45, 20.45, -1054.67, 20.00, 4.63, 7.22, 6.49, 0.00, 0.00, 0.00, 0.00, 90.00, 0, 0
2.00, 5.70, 20.31, 20.31, -1120.14, 20.00, 4.63, 6.67, 5.94, 0.00, 0.00, 0.00, 0.00, 90.00, 0, 0
2.00, 5.70, 20.19, 20.19, -1159.82, 20.00, 4.63, 6.67, 5.94, 0.00, 0.79, 0.00, 0.00, 90.00, 0, 0
2.00, 5.70, 20.13, 20.13, -1070.04, 20.00, 4.63, 7.78, 7.05, 0.00, 17.42, 32.26, -74.03, 83.86, 0, 0
2.00, 5.70, 20.49, 20.49, -242.83, 20.00, 4.63, 10.00, 9.27, 310.40, 42.55, 26.68, -63.38, 73.27, 0, 0
2.00, 5.70, 20.67, 20.67, -375.74, 20.00, 4.63, 11.11, 10.38, 135.02, 54.58, 27.65, -51.14, 63.70, 0, 0
2.00, 5.70, 20.73, 20.73, -463.66, 20.00, 4.63, 12.22, 11.49, 26.87, 58.50, 34.62, -36.54, 55.81, 0, 0
2.00, 5.70, 20.75, 20.75, -514.88, 20.00, 4.63, 12.22, 11.49, 5.99, 51.91, 44.82, -19.17, 50.48, 0, 0
2.00, 5.70, 20.79, 20.79, -474.76, 20.00, 4.63, 12.78, 12.03, 2.97, 56.49, 56.46, 0.25, 48.60, 0, 0
2.00, 5.70, 20.85, 20.85, -382.72, 20.00, 4.63, 13.33, 12.58, 2.73, 69.90, 68.69, 19.63, 50.57, 0, 0
2.00, 5.70, 20.89, 20.89, -385.65, 20.00, 4.63, 13.33, 12.60, 0.79, 60.09, 81.09, 36.93, 55.98, 0, 0
2.00, 5.70, 20.87, 20.87, -485.13, 20.00, 4.63, 13.33, 12.58, 0.00, 34.93, 0.00, 51.47, 63.92, 0, 0
2.00, 5.70, 20.78, 20.78, -643.29, 20.00, 4.63, 12.22, 11.49, 0.00, 13.46, 0.00, 63.66, 73.52, 0, 0
2.00, 5.70, 20.70, 20.70, -661.38, 20.00, 4.63, 11.67, 10.92, 0.00, 3.96, 0.00, 74.28, 84.13, 0, 0
2.00, 5.70, 20.72, 20.72, -517.82, 20.00, 4.63, 11.11, 10.36, 0.00, 0.00, 0.00, 0.00, 90.00, 0, 0
2.00, 5.70, 20.72, 20.72, -541.26, 20.00, 4.63, 10.56, 9.81, 0.00, 0.00, 0.00, 0.00, 90.00, 0, 0
2.00, 5.70, 20.68, 20.68, -595.95, 20.00, 4.63, 9.44, 8.70, 0.00, 0.00, 0.00, 0.00, 90.00, 0, 0
2.00, 5.70, 20.64, 20.64, -631.12, 20.00, 4.63, 8.89, 8.14, 0.00, 0.00, 0.00, 0.00, 90.00, 0, 0
2.00, 5.70, 20.51, 20.51, -821.75, 20.00, 4.63, 8.33, 7.58, 0.00, 0.00, 0.00, 0.00, 90.00, 0, 0
2.00, 5.70, 20.31, 20.31, -1044.35, 20.00, 4.63, 7.78, 7.01, 0.00, 0.00, 0.00, 0.00, 90.00, 0, 0
2.00, 5.70, 20.13, 20.13, -1123.99, 20.00, 4.63, 7.22, 6.47, 0.00, 0.00, 0.00, 0.00, 90.00, 0, 0
2.00, 5.70, 19.96, 19.96, -1197.44, 20.00, 4.63, 6.67, 5.90, 0.00, 0.00, 0.00, 0.00, 90.00, 0, 0
2.00, 5.70, 19.78, 19.78, -1293.49, 20.00, 4.63, 5.56, 4.80, 0.00, 0.00, 0.00, 0.00, 90.00, 0, 0
2.00, 5.70, 19.62, 19.62, -1363.68, 20.00, 4.63, 5.00, 4.23, 0.00, 0.00, 0.00, 0.00, 90.00, 0, 0
2.00, 5.70, 19.46, 19.46, -1432.35, 20.00, 4.63, 4.44, 3.67, 0.00, 0.00, 0.00, 0.00, 90.00, 0, 0
2.00, 5.70, 19.29, 19.29, -1526.72, 20.00, 4.63, 3.33, 2.56, 0.00, 0.00, 0.00, 0.00, 90.00, 0, 0
2.00, 5.70, 20.00, 20.00, -1415.15, 20.00, 4.63, 3.33, 2.56, 0.00, 0.00, 0.00, 0.00, 90.00, 0, 0
2.00, 5.70, 20.00, 20.00, -1440.57, 20.00, 4.63, 3.33, 2.56, 0.00, 1.58, 32.55, -74.28, 83.56, 0, 0
2.00, 5.70, 20.00, 20.00, -1389.86, 20.00, 4.63, 3.89, 3.13, 0.00, 12.67, 27.04, -63.62, 72.96, 0, 0
2.00, 5.70, 20.00, 20.00, -1085.02, 20.00, 4.63, 5.56, 4.80, 62.00, 44.47, 28.03, -51.35, 63.36, 0, 0
2.00, 5.70, 20.00, 20.00, -819.33, 20.00, 4.63, 7.78, 7.01, 65.48, 70.11, 34.95, -36.70, 55.45, 0, 0
2.00, 5.70, 20.03, 20.03, -703.88, 20.00, 4.63, 8.89, 8.12, 25.43, 81.83, 45.11, -19.23, 50.09, 0, 0
2.00, 5.70, 20.07, 20.07, -652.53, 20.00, 4.63, 10.00, 9.23, 8.96, 81.11, 56.72, 0.31, 48.21, 0, 0
2.00, 5.70, 20.14, 20.14, -558.31, 20.00, 4.63, 11.11, 10.34, 7.76, 83.59, 68.94, 19.82, 50.21, 0, 0
2.00, 5.70, 20.23, 20.23, -482.82, 20.00, 4.63, 11.67, 10.88, 4.96, 86.85, 81.34, 37.20, 55.66, 0, 0
2.00, 5.70, 20.26, 20.26, -536.02, 20.00, 4.63, 11.67, 10.90, 0.00, 66.05, 0.00, 51.77, 63.64, 0, 0
2.00, 5.70, 20.25, 20.25, -588.45, 20.00, 4.63, 11.67, 10.88, 0.00, 41.34, 0.00, 63.97, 73.27, 0, 0
2.00, 5.70, 20.19, 20.19, -708.49, 20.00, 4.63, 10.56, 9.79, 0.00, 20.59, 0.00, 74.60, 83.91, 0, 0
2.00, 5.70, 20.18, 20.18, -639.05, 20.00, 4.63, 10.00, 9.23, 0.00, 1.58, 0.00, 0.00, 90.00, 0, 0
2.00, 5.70, 20.14, 20.14, -695.90, 20.00, 4.63, 8.89, 8.12, 0.00, 0.00, 0.00, 0.00, 90.00, 0, 0
2.00, 5.70, 20.10, 20.10, -732.56, 20.00, 4.63, 8.33, 7.56, 0.00, 0.00, 0.00, 0.00, 90.00, 0, 0
2.00, 5.70, 20.05, 20.05, -769.71, 20.00, 4.63, 7.78, 7.01, 0.00, 0.00, 0.00, 0.00, 90.00, 0, 0
2.00, 5.70, 19.89, 19.89, -1010.62, 20.00, 4.63, 7.22, 6.45, 0.00, 0.00, 0.00, 0.00, 90.00, 0, 0
2.00, 5.70, 19.65, 19.65, -1265.77, 20.00, 4.63, 6.11, 5.34, 0.00, 0.00, 0.00, 0.00, 90.00, 0, 0
2.00, 5.70, 19.43, 19.43, -1352.23, 20.00, 4.63, 5.56, 4.78, 0.00, 0.00, 0.00, 0.00, 90.00, 0, 0
2.00, 5.70, 19.24, 19.24, -1430.68, 20.00, 4.63, 5.00, 4.21, 0.00, 0.00, 0.00, 0.00, 90.00, 0, 0
2.00, 5.70, 19.05, 19.05, -1530.86, 20.00, 4.63, 3.89, 3.11, 0.00, 0.00, 0.00, 0.00, 90.00, 0, 0
2.00, 5.70, 18.87, 18.87, -1604.19, 20.00, 4.63, 3.33, 2.54, 0.00, 0.00, 0.00, 0.00, 90.00, 0, 0
2.00, 5.70, 18.69, 18.69, -1675.45, 20.00, 4.63, 2.78, 1.98, 0.00, 0.00, 0.00, 0.00, 90.00, 0, 0
2.00, 5.70, 18.51, 18.51, -1772.24, 20.00, 4.63, 1.67, 0.87, 0.00, 0.00, 0.00, 0.00, 90.00, 0, 0
2.00, 5.70, 20.00, 20.00, -1575.39, 20.00, 4.63, 1.67, 0.87, 0.00, 2.38, 0.00, 0.00, 90.00, 0, 0
2.00, 5.70, 20.00, 20.00, -1479.35, 20.00, 4.63, 2.78, 2.00, 0.00, 18.22, 32.85, -74.53, 83.27, 0, 0
2.00, 5.70, 20.00, 20.00, -990.10, 20.00, 4.63, 4.44, 3.67, 178.33, 38.80, 27.41, -63.86, 72.64, 0, 0
2.00, 5.70, 20.00, 20.00, -778.63, 20.00, 4.63, 6.11, 5.34, 169.68, 65.77, 28.41, -51.57, 63.03, 0, 0
2.00, 5.70, 20.00, 20.00, -561.60, 20.00, 4.63, 8.33, 7.56, 129.12, 86.84, 35.28, -36.86, 55.08, 0, 0
2.00, 5.70, 20.04, 20.04, -486.88, 20.00, 4.63, 9.44, 8.66, 45.38, 98.22, 45.40, -19.30, 49.71, 0, 0
2.00, 5.70, 20.06, 20.06, -506.40, 20.00, 4.63, 10.56, 9.77, 13.55, 92.36, 56.98, 0.38, 47.83, 0, 0
2.00, 5.70, 20.04, 20.04, -574.60, 20.00, 4.63, 10.56, 9.77, 5.24, 80.61, 69.19, 20.01, 49.86, 0, 0
2.00, 5.70, 20.01, 20.01, -620.33, 20.00, 4.63, 10.56, 9.77, 1.90, 70.55, 81.60, 37.46, 55.34, 0, 0
2.00, 5.70, 20.00, 20.00, -592.25, 20.00, 4.63, 10.56, 9.77, 0.00, 70.13, 0.00, 52.07, 63.37, 0, 0
2.00, 5.70, 20.00, 20.00, -588.74, 20.00, 4.63, 10.56, 9.77, 0.00, 49.38, 0.00, 64.28, 73.03, 0, 0
2.00, 5.70, 20.00, 20.00, -829.70, 20.00, 4.63, 8.89, 8.12, 0.00, 14.26, 0.00, 74.91, 83.68, 0, 0
2.00, 5.70, 20.00, 20.00, -750.83, 20.00, 4.63, 8.33, 7.56, 0.00, 1.58, 0.00, 0.00, 90.00, 0, 0
2.00, 5.70, 20.00, 20.00, -788.62, 20.00, 4.63, 7.78, 7.01, 0.00, 0.00, 0.00, 0.00, 90.00, 0, 0
2.00, 5.70, 20.00, 20.00, -829.08, 20.00, 4.63, 7.22, 6.47, 0.00, 0.00, 0.00, 0.00, 90.00, 0, 0
2.00, 5.70, 20.00, 20.00, -869.45, 20.00, 4.63, 6.67, 5.90, 0.00, 0.00, 0.00, 0.00, 90.00, 0, 0
2.00, 5.70, 19.75, 19.75, -1088.14, 20.00, 4.63, 6.67, 5.90, 0.00, 0.00, 0.00, 0.00, 90.00, 0, 0
2.00, 5.70, 19.45, 19.45, -1345.11, 20.00, 4.63, 5.56, 4.80, 0.00, 0.00, 0.00, 0.00, 90.00, 0, 0
2.00, 5.70, 19.21, 19.21, -1407.21, 20.00, 4.63, 5.56, 4.78, 0.00, 0.00, 0.00, 0.00, 90.00, 0, 0
2.00, 5.70, 19.01, 19.01, -1458.58, 20.00, 4.63, 5.56, 4.78, 0.00, 0.00, 0.00, 0.00, 90.00, 0, 0
2.00, 5.70, 18.83, 18.83, -1529.18, 20.00, 4.63, 5.00, 4.23, 0.00, 0.00, 0.00, 0.00, 90.00, 0, 0
2.00, 5.70, 18.67, 18.67, -1570.82, 20.00, 4.63, 5.00, 4.23, 0.00, 0.00, 0.00, 0.00, 90.00, 0, 0
2.00, 5.70, 18.53, 18.53, -1608.47, 20.00, 4.63, 5.00, 4.21, 0.00, 0.00, 0.00, 0.00, 90.00, 0, 0
2.00, 5.70, 18.39, 18.39, -1669.09, 20.00, 4.63, 4.44, 3.69, 0.00, 0.00, 0.00, 0.00, 90.00, 0, 0
2.00, 5.70, 20.00, 20.00, -1519.25, 20.00, 4.63, 4.44, 3.69, 0.00, 0.79, 0.00, 0.00, 90.00, 0, 0
2.00, 5.70, 20.00, 20.00, -1500.81, 20.00, 4.63, 5.00, 4.23, 0.00, 3.96, 33.15, -74.78, 82.97, 0, 0
2.00, 5.70, 20.00, 20.00, -1499.72, 20.00, 4.63, 5.00, 4.25, 0.00, 7.92, 27.79, -64.10, 72.33, 0, 0
2.00, 5.70, 20.00, 20.00, -1413.83, 20.00, 4.63, 6.11, 5.36, 0.00, 19.80, 28.79, -51.78, 62.69, 0, 0
2.00, 5.70, 20.00, 20.00, -1305.54, 20.00, 4.63, 6.67, 5.92, 3.18, 39.37, 35.62, -37.02, 54.72, 0, 0
2.00, 5.70, 20.00, 20.00, -1179.18, 20.00, 4.63, 7.78, 7.03, 2.64, 54.79, 45.70, -19.36, 49.33, 0, 0
2.00, 5.70, 20.00, 20.00, -1110.88, 20.00, 4.63, 8.89, 8.12, 1.11, 55.55, 57.25, 0.45, 47.45, 0, 0
2.00, 5.70, 20.00, 20.00, -1165.33, 20.00, 4.63, 8.89, 8.14, 0.25, 38.55, 69.45, 20.21, 49.50, 0, 0
2.00, 5.70, 20.00, 20.00, -1071.13, 20.00, 4.63, 9.44, 8.68, 1.04, 47.92, 81.85, 37.74, 55.03, 0, 0
2.00, 5.70, 20.00, 20.00, -971.07, 20.00, 4.63, 10.00, 9.23, 0.00, 61.31, 0.00, 52.38, 63.09, 0, 0
2.00, 5.70, 20.00, 20.00, -1049.40, 20.00, 4.63, 10.00, 9.23, 0.00, 31.63, 0.00, 64.60, 72.79, 0, 0
2.00, 5.70, 20.00, 20.00, -1151.18, 20.00, 4.63, 8.89, 8.14, 0.00, 5.54, 0.00, 75.23, 83.46, 0, 0
2.00, 5.70, 20.00, 20.00, -990.78, 20.00, 4.63, 8.89, 8.14, 0.00, 0.79, 0.00, 0.00, 90.00, 0, 0
2.00, 5.70, 20.00, 20.00, -1000.62, 20.00, 4.63, 8.33, 7.58, 0.00, 0.00, 0.00, 0.00, 90.00, 0, 0
2.00, 5.70, 20.00, 20.00, -1019.86, 20.00, 4.63, 7.78, 7.03, 0.00, 0.00, 0.00, 0.00, 90.00, 0, 0
2.00, 5.70, 20.00, 20.00, -1017.33, 20.00, 4.63, 7.78, 7.03, 0.00, 0.00, 0.00, 0.00, 90.00, 0, 0
2.00, 5.70, 19.66, 19.66, -1222.91, 20.00, 4.63, 7.22, 6.47, 0.00, 0.00, 0.00, 0.00, 90.00, 0, 0
2.00, 5.70, 19.32, 19.32, -1427.70, 20.00, 4.63, 7.22, 6.47, 0.00, 0.00, 0.00, 0.00, 90.00, 0, 0
2.00, 5.70, 19.05, 19.05, -1508.85, 20.00, 4.63, 6.67, 5.90, 0.00, 0.00, 0.00, 0.00, 90.00, 0, 0
2.00, 5.70, 18.81, 18.81, -1580.81, 20.00, 4.63, 6.11, 5.36, 0.00, 0.00, 0.00, 0.00, 90.00, 0, 0
2.00, 5.70, 18.61, 18.61, -1647.38, 20.00, 4.63, 5.56, 4.80, 0.00, 0.00, 0.00, 0.00, 90.00, 0, 0
2.00, 5.70, 18.42, 18.42, -1710.45, 20.00, 4.63, 5.00, 4.25, 0.00, 0.00, 0.00, 0.00, 90.00, 0, 0
2.00, 5.70, 18.27, 18.27, -1745.31, 20.00, 4.63, 5.00, 4.23, 0.00, 0.00, 0.00, 0.00, 90.00, 0, 0
2.00, 5.70, 18.11, 18.11, -1802.83, 20.00, 4.63, 4.44, 3.69, 0.00, 0.00, 0.00, 0.00, 90.00, 0, 0
2.00, 5.70, 20.00, 20.00, -1593.98, 20.00, 4.63, 4.44, 3.69, 0.00, 1.58, 0.00, 0.00, 90.00, 0, 0
2.00, 5.70, 20.00, 20.00, -1530.70, 20.00, 4.63, 5.00, 4.25, 7.75, 11.01, 33.46, -75.03, 82.67, 0, 0
2.00, 5.70, 20.00, 20.00, -1246.37, 20.00, 4.63, 6.67, 5.92, 74.35, 33.11, 28.16, -64.33, 72.01, 0, 0
2.00, 5.70, 20.00, 20.00, -755.47, 20.00, 4.63, 8.89, 8.14, 203.00, 67.39, 29.18, -51.99, 62.35, 0, 0
2.00, 5.70, 20.00, 20.00, -622.56, 20.00, 4.63, 10.56, 9.81, 126.15, 86.09, 35.97, -37.18, 54.35, 0, 0
2.00, 5.70, 20.00, 20.00, -689.14, 20.00, 4.63, 11.67, 10.92, 22.70, 85.66, 46.00, -19.42, 48.94, 0, 0
2.00, 5.70, 20.00, 20.00, -665.54, 20.00, 4.63, 12.78, 12.01, 7.08, 84.56, 57.53, 0.53, 47.06, 0, 0
2.00, 5.70, 20.00, 20.00, -594.40, 20.00, 4.63, 13.33, 12.56, 6.86, 90.44, 69.71, 20.41, 49.14, 0, 0
2.00, 5.70, 20.00, 20.00, -554.76, 20.00, 4.63, 13.89, 13.12, 2.86, 84.41, 82.11, 38.02, 54.71, 0, 0
2.00, 5.70, 20.00, 20.00, -677.78, 20.00, 4.63, 13.33, 12.58, 0.00, 56.24, 0.00, 52.69, 62.81, 0, 0
2.00, 5.70, 20.00, 20.00, -746.50, 20.00, 4.63, 12.78, 12.01, 0.00, 38.29, 0.00, 64.92, 72.54, 0, 0
2.00, 5.70, 20.00, 20.00, -793.82, 20.00, 4.63, 12.22, 11.45, 0.00, 21.38, 0.00, 75.56, 83.24, 0, 0
2.00, 5.70, 20.00, 20.00, -737.20, 20.00, 4.63, 11.11, 10.34, 0.00, 1.58, 0.00, 0.00, 90.00, 0, 0
2.00, 5.70, 20.00, 20.00, -758.38, 20.00, 4.63, 10.56, 9.77, 0.00, 0.00, 0.00, 0.00, 90.00, 0, 0
2.00, 5.70, 20.00, 20.00, -806.66, 20.00, 4.63, 9.44, 8.68, 0.00, 0.00, 0.00, 0.00, 90.00, 0, 0
2.00, 5.70, 20.00, 20.00, -833.54, 20.00, 4.63, 8.89, 8.12, 0.00, 0.00, 0.00, 0.00, 90.00, 0, 0
2.00, 5.70, 19.72, 19.72, -1063.92, 20.00, 4.63, 7.78, 7.01, 0.00, 0.00, 0.00, 0.00, 90.00, 0, 0
2.00, 5.70, 19.42, 19.42, -1297.33, 20.00, 4.63, 7.22, 6.43, 0.00, 0.00, 0.00, 0.00, 90.00, 0, 0
2.00, 5.70, 19.15, 19.15, -1409.61, 20.00, 4.63, 6.11, 5.34, 0.00, 0.00, 0.00, 0.00, 90.00, 0, 0
2.00, 5.70, 18.92, 18.92, -1489.26, 20.00, 4.63, 5.56, 4.78, 0.00, 0.00, 0.00, 0.00, 90.00, 0, 0
2.00, 5.70, 18.71, 18.71, -1589.57, 20.00, 4.63, 4.44, 3.65, 0.00, 0.00, 0.00, 0.00, 90.00, 0, 0
2.00, 5.70, 18.50, 18.50, -1688.76, 20.00, 4.63, 3.33, 2.54, 0.00, 0.00, 0.00, 0.00, 90.00, 0, 0
2.00, 5.70, 18.30, 18.30, -1761.33, 20.00, 4.63, 2.78, 1.98, 0.00, 0.00, 0.00, 0.00, 90.00, 0, 0
2.00, 5.70, 18.11, 18.11, -1858.79, 20.00, 4.63, 1.67, 0.87, 0.00, 0.00, 0.00, 0.00, 90.00, 0, 0
2.00, 5.70, 20.00, 20.00, -1657.00, 20.00, 4.63, 1.67, 0.87, 0.00, 0.79, 0.00, 0.00, 90.00, 0, 0
2.00, 5.70, 20.00, 20.00, -1535.61, 20.00, 4.63, 2.22, 1.44, 38.51, 12.27, 33.76, -75.29, 82.37, 0, 0
2.00, 5.70, 20.00, 20.00, -1020.70, 20.00, 4.63, 4.44, 3.65, 200.00, 41.13, 28.54, -64.57, 71.69, 0, 0
2.00, 5.70, 20.00, 20.00, -392.09, 20.00, 4.63, 6.67, 5.88, 378.40, 80.90, 29.57, -52.21, 62.00, 0, 0
2.00, 5.70, 20.13, 20.13, -159.47, 20.00, 4.63, 8.89, 8.10, 257.08, 108.14, 36.32, -37.34, 53.98, 0, 0
2.00, 5.70, 20.34, 20.34, 73.66, 20.00, 4.63, 11.11, 10.32, 101.03, 135.53, 46.30, -19.48, 48.55, 0, 0
2.00, 5.70, 20.59, 20.59, 278.16, 20.00, 4.63, 13.33, 12.53, 51.09, 156.96, 57.81, 0.61, 46.67, 0, 0
2.00, 5.70, 20.73, 20.73, 185.30, 20.00, 4.63, 14.44, 13.64, 28.55, 143.17, 69.97, 20.62, 48.78, 0, 0
2.00, 5.70, 20.77, 20.77, 44.45, 20.00, 4.63, 15.00, 14.19, 8.36, 113.13, 82.37, 38.30, 54.39, 0, 0
2.00, 5.70, 20.76, 20.76, -41.84, 20.00, 4.63, 15.00, 14.19, 0.00, 88.35, 0.00, 53.00, 62.54, 0, 0
2.00, 5.70, 20.70, 20.70, -176.70, 20.00, 4.63, 13.89, 13.08, 0.00, 52.65, 0.00, 65.25, 72.30, 0, 0
2.00, 5.70, 20.53, 20.53, -455.03, 20.00, 4.63, 12.22, 11.42, 0.00, 19.01, 0.00, 75.89, 83.02, 0, 0
2.00, 5.70, 20.43, 20.43, -439.60, 20.00, 4.63, 11.11, 10.32, 0.00, 2.38, 0.00, 0.00, 90.00, 0, 0
2.00, 5.70, 20.33, 20.33, -528.13, 20.00, 4.63, 10.00, 9.21, 0.00, 0.00, 0.00, 0.00, 90.00, 0, 0
2.00, 5.70, 20.23, 20.23, -586.07, 20.00, 4.63, 9.44, 8.64, 0.00, 0.00, 0.00, 0.00, 90.00, 0, 0
2.00, 5.70, 20.12, 20.12, -665.42, 20.00, 4.63, 8.33, 7.53, 0.00, 0.00, 0.00, 0.00, 90.00, 0, 0
2.00, 5.70, 19.95, 19.95, -872.30, 20.00, 4.63, 7.78, 6.97, 0.00, 0.00, 0.00, 0.00, 90.00, 0, 0
2.00, 5.70, 19.69, 19.69, -1133.48, 20.00, 4.63, 6.67, 5.86, 0.00, 0.00, 0.00, 0.00, 90.00, 0, 0
2.00, 5.70, 19.46, 19.46, -1251.83, 20.00, 4.63, 5.56, 4.76, 0.00, 0.00, 0.00, 0.00, 90.00, 0, 0
2.00, 5.70, 19.24, 19.24, -1364.26, 20.00, 4.63, 4.44, 3.65, 0.00, 0.00, 0.00, 0.00, 90.00, 0, 0
2.00, 5.70, 19.04, 19.04, -1447.32, 20.00, 4.63, 3.89, 3.09, 0.00, 0.00, 0.00, 0.00, 90.00, 0, 0
2.00, 5.70, 18.83, 18.83, -1553.32, 20.00, 4.63, 2.78, 1.96, 0.00, 0.00, 0.00, 0.00, 90.00, 0, 0
2.00, 5.70, 18.64, 18.64, -1632.68, 20.00, 4.63, 2.22, 1.40, 0.00, 0.00, 0.00, 0.00, 90.00, 0, 0
2.00, 5.70, 18.45, 18.45, -1736.92, 20.00, 4.63, 1.11, 0.29, 0.00, 0.00, 0.00, 0.00, 90.00, 0, 0
2.00, 5.70, 20.00, 20.00, -1587.89, 20.00, 4.63, 1.11, 0.29, 0.00, 3.17, 0.00, 0.00, 90.00, 0, 0
2.00, 5.70, 20.00, 20.00, -1131.64, 20.00, 4.63, 2.22, 1.42, 191.35, 18.51, 34.07, -75.54, 82.06, 0, 0
2.00, 5.70, 20.00, 20.00, -1176.31, 20.00, 4.63, 3.33, 2.52, 93.87, 34.91, 28.91, -64.81, 71.37, 0, 0
2.00, 5.70, 20.00, 20.00, -1057.62, 20.00, 4.63, 4.44, 3.65, 83.05, 56.85, 29.96, -52.42, 61.66, 0, 0
2.00, 5.70, 20.00, 20.00, -509.48, 20.00, 4.63, 6.67, 5.86, 174.54, 98.20, 36.67, -37.50, 53.61, 0, 0
2.00, 5.70, 20.00, 20.00, -607.35, 20.00, 4.63, 7.78, 6.97, 35.66, 96.28, 46.61, -19.54, 48.15, 0, 0
2.00, 5.70, 20.00, 20.00, -823.16, 20.00, 4.63, 8.33, 7.51, 1.92, 72.64, 58.09, 0.69, 46.28, 0, 0
2.00, 5.70, 20.00, 20.00, -828.79, 20.00, 4.63, 8.33, 7.51, 2.20, 74.54, 70.24, 20.83, 48.42, 0, 0
2.00, 5.70, 20.00, 20.00, -970.41, 20.00, 4.63, 7.78, 6.97, 0.62, 41.43, 82.64, 38.60, 54.08, 0, 0
2.00, 5.70, 20.00, 20.00, -1077.02, 20.00, 4.63, 7.22, 6.41, 0.00, 25.48, 0.00, 53.33, 62.26, 0, 0
2.00, 5.70, 20.00, 20.00, -1163.25, 20.00, 4.63, 6.11, 5.30, 0.00, 20.83, 0.00, 65.58, 72.06, 0, 0
2.00, 5.70, 20.00, 20.00, -1209.51, 20.00, 4.63, 5.56, 4.76, 0.00, 3.17, 0.00, 76.22, 82.80, 0, 0
2.00, 5.70, 20.00, 20.00, -1078.97, 20.00, 4.63, 5.00, 4.19, 0.00, 0.79, 0.00, 0.00, 90.00, 0, 0
2.00, 5.70, 20.00, 20.00, -1100.17, 20.00, 4.63, 4.44, 3.65, 0.00, 0.00, 0.00, 0.00, 90.00, 0, 0
2.00, 5.70, 20.00, 20.00, -1132.95, 20.00, 4.63, 3.89, 3.09, 0.00, 0.00, 0.00, 0.00, 90.00, 0, 0
2.00, 5.70, 20.00, 20.00, -1167.66, 20.00, 4.63, 3.33, 2.54, 0.00, 0.00, 0.00, 0.00, 90.00, 0, 0
2.00, 5.70, 19.59, 19.59, -1371.40, 20.00, 4.63, 3.33, 2.52, 0.00, 0.00, 0.00, 0.00, 90.00, 0, 0
2.00, 5.70, 19.18, 19.18, -1621.51, 20.00, 4.63, 2.78, 1.98, 0.00, 0.00, 0.00, 0.00, 90.00, 0, 0
2.00, 5.70, 18.85, 18.85, -1722.56, 20.00, 4.63, 2.22, 1.42, 0.00, 0.00, 0.00, 0.00, 90.00, 0, 0
2.00, 5.70, 18.57, 18.57, -1786.02, 20.00, 4.63, 2.22, 1.40, 0.00, 0.00, 0.00, 0.00, 90.00, 0, 0
2.00, 5.70, 18.33, 18.33, -1866.76, 20.00, 4.63, 1.67, 0.86, 0.00, 0.00, 0.00, 0.00, 90.00, 0, 0
2.00, 5.70, 18.11, 18.11, -1943.50, 20.00, 4.63, 1.11, 0.29, 0.00, 0.00, 0.00, 0.00, 90.00, 0, 0
2.00, 5.70, 17.92, 17.92, -1990.48, 20.00, 4.63, 1.11, 0.29, 0.00, 0.00, 0.00, 0.00, 90.00, 0, 0
2.00, 5.70, 17.74, 17.74, -2060.11, 20.00, 4.63, 0.56, -0.25, 0.00, 0.00, 0.00, 0.00, 90.00, 0, 0
2.00, 5.70, 20.00, 20.00, -1811.02, 20.00, 4.63, 0.56, -0.25, 0.00, 2.38, 0.00, 0.00, 90.00, 0, 0
2.00, 5.70, 20.00, 20.00, -935.74, 20.00, 4.63, 2.22, 1.42, 377.73, 23.41, 34.38, -75.79, 81.75, 0, 0
2.00, 5.70, 20.00, 20.00, -713.43, 20.00, 4.63, 4.44, 3.65, 340.96, 52.35, 29.29, -65.05, 71.04, 0, 0
2.00, 5.70, 20.00, 20.00, -800.66, 20.00, 4.63, 6.11, 5.32, 185.69, 69.19, 30.35, -52.64, 61.31, 0, 0
2.00, 5.70, 20.00, 20.00, -587.69, 20.00, 4.63, 7.78, 6.97, 139.75, 95.73, 37.02, -37.66, 53.23, 0, 0
2.00, 5.70, 20.00, 20.00, -550.98, 20.00, 4.63, 9.44, 8.64, 34.30, 106.98, 46.93, -19.60, 47.76, 0, 0
2.00, 5.70, 20.00, 20.00, -644.02, 20.00, 4.63, 10.00, 9.21, 7.44, 99.30, 58.37, 0.78, 45.89, 0, 0
2.00, 5.70, 20.00, 20.00, -706.36, 20.00, 4.63, 10.56, 9.75, 3.51, 84.77, 70.51, 21.05, 48.05, 0, 0
2.00, 5.70, 20.00, 20.00, -837.30, 20.00, 4.63, 10.00, 9.18, 0.48, 55.24, 82.91, 38.89, 53.76, 0, 0
2.00, 5.70, 20.00, 20.00, -894.31, 20.00, 4.63, 9.44, 8.64, 0.00, 48.08, 0.00, 53.65, 61.99, 0, 0
2.00, 5.70, 20.00, 20.00, -894.31, 20.00, 4.63, 8.89, 8.08, 0.00, 43.93, 0.00, 65.91, 71.82, 0, 0
2.00, 5.70, 20.00, 20.00, -883.84, 20.00, 4.63, 7.78, 6.97, 0.00, 19.21, 0.00, 76.55, 82.58, 0, 0
2.00, 5.70, 20.00, 20.00, -918.06, 20.00, 4.63, 7.22, 6.41, 0.00, 3.17, 0.00, 0.00, 90.00, 0, 0
2.00, 5.70, 20.00, 20.00, -954.57, 20.00, 4.63, 6.67, 5.86, 0.00, 0.00, 0.00, 0.00, 90.00, 0, 0
2.00, 5.70, 20.00, 20.00, -1013.90, 20.00, 4.63, 5.56, 4.76, 0.00, 0.00, 0.00, 0.00, 90.00, 0, 0
2.00, 5.70, 20.00, 20.00, -1049.94, 20.00, 4.63, 5.00, 4.19, 0.00, 0.00, 0.00, 0.00, 90.00, 0, 0
2.00, 5.70, 19.61, 19.61, -1278.36, 20.00, 4.63, 4.44, 3.63, 0.00, 0.00, 0.00, 0.00, 90.00, 0, 0
2.00, 5.70, 19.22, 19.22, -1528.73, 20.00, 4.63, 3.89, 3.07, 0.00, 0.00, 0.00, 0.00, 90.00, 0, 0
2.00, 5.70, 18.90, 18.90, -1629.20, 20.00, 4.63, 3.33, 2.52, 0.00, 0.00, 0.00, 0.00, 90.00, 0, 0
2.00, 5.70, 18.61, 18.61, -1745.26, 20.00, 4.63, 2.22, 1.42, 0.00, 0.00, 0.00, 0.00, 90.00, 0, 0
2.00, 5.70, 18.36, 18.36, -1830.12, 20.00, 4.63, 1.67, 0.86, 0.00, 0.00, 0.00, 0.00, 90.00, 0, 0
2.00, 5.70, 18.13, 18.13, -1910.08, 20.00, 4.63, 1.11, 0.29, 0.00, 0.00, 0.00, 0.00, 90.00, 0, 0
2.00, 5.70, 17.91, 17.91, -2013.88, 20.00, 4.63, 0.00, -0.81, 0.00, 0.00, 0.00, 0.00, 90.00, 0, 0
2.00, 5.70, 17.70, 17.70, -2091.14, 20.00, 4.63, -0.56, -1.38, 0.00, 0.00, 0.00, 0.00, 90.00, 0, 0
2.00, 5.70, 20.00, 20.00, -1757.25, 20.00, 4.63, -0.56, -1.38, 0.00, 4.75, 0.00, 0.00, 90.00, 0, 0
2.00, 5.70, 20.00, 20.00, -453.36, 20.00, 4.63, 1.11, 0.31, 591.81, 27.80, 34.69, -76.04, 81.44, 0, 0
2.00, 5.70, 20.27, 20.27, 212.27, 20.00, 4.63, 3.89, 3.07, 706.06, 67.18, 29.67, -65.30, 70.71, 0, 0
2.00, 5.70, 20.69, 20.69, 658.03, 20.00, 4.63, 6.11, 5.30, 714.63, 109.38, 30.75, -52.86, 60.95, 0, 0
2.00, 5.70, 21.12, 21.12, 923.92, 20.00, 4.63, 8.89, 8.08, 438.14, 145.15, 37.38, -37.82, 52.85, 0, 0
2.00, 5.70, 21.42, 21.42, 882.98, 20.00, 4.63, 10.56, 9.73, 112.38, 165.34, 47.24, -19.65, 47.36, 0, 0
2.00, 5.70, 21.61, 21.61, 802.11, 20.00, 4.63, 12.22, 11.40, 37.54, 172.14, 58.66, 0.87, 45.49, 0, 0
2.00, 5.70, 21.70, 21.70, 683.79, 20.00, 4.63, 13.33, 12.51, 28.29, 164.21, 70.79, 21.28, 47.69, 0, 0
2.00, 5.70, 21.69, 21.69, 488.52, 20.00, 4.63, 13.33, 12.51, 10.09, 141.57, 83.18, 39.19, 53.44, 0, 0
2.00, 5.70, 21.63, 21.63, 338.43, 20.00, 4.63, 13.33, 12.51, 0.00, 103.93, 0.00, 53.98, 61.72, 0, 0
2.00, 5.70, 21.53, 21.53, 186.86, 20.00, 4.63, 11.67, 10.86, 0.00, 63.26, 0.00, 66.24, 71.58, 0, 0
2.00, 5.70, 21.43, 21.43, 102.87, 20.00, 4.63, 10.00, 9.18, 0.00, 23.84, 0.00, 76.89, 82.36, 0, 0
2.00, 5.70, 21.25, 21.25, -159.70, 20.00, 4.63, 8.89, 8.08, 0.00, 2.38, 0.00, 0.00, 90.00, 0, 0
2.00, 5.70, 21.07, 21.07, -292.67, 20.00, 4.63, 7.78, 6.97, 0.00, 0.00, 0.00, 0.00, 90.00, 0, 0
2.00, 5.70, 20.90, 20.90, -410.25, 20.00, 4.63, 6.67, 5.86, 0.00, 0.00, 0.00, 0.00, 90.00, 0, 0
2.00, 5.70, 20.73, 20.73, -518.70, 20.00, 4.63, 5.56, 4.76, 0.00, 0.00, 0.00, 0.00, 90.00, 0, 0
2.00, 5.70, 20.48, 20.48, -798.78, 20.00, 4.63, 5.00, 4.17, 0.00, 0.00, 0.00, 0.00, 90.00, 0, 0
2.00, 5.70, 20.16, 20.16, -1087.00, 20.00, 4.63, 3.89, 3.07, 0.00, 0.00, 0.00, 0.00, 90.00, 0, 0
2.00, 5.70, 19.88, 19.88, -1201.71, 20.00, 4.63, 3.33, 2.50, 0.00, 0.00, 0.00, 0.00, 90.00, 0, 0
2.00, 5.70, 19.63, 19.63, -1304.84, 20.00, 4.63, 2.78, 1.96, 0.00, 0.00, 0.00, 0.00, 90.00, 0, 0
2.00, 5.70, 19.41, 19.41, -1400.80, 20.00, 4.63, 2.22, 1.40, 0.00, 0.00, 0.00, 0.00, 90.00, 0, 0
2.00, 5.70, 19.19, 19.19, -1491.84, 20.00, 4.63, 1.67, 0.83, 0.00, 0.00, 0.00, 0.00, 90.00, 0, 0
2.00, 5.70, 18.99, 18.99, -1579.31, 20.00, 4.63, 1.11, 0.29, 0.00, 0.00, 0.00, 0.00, 90.00, 0, 0
2.00, 5.70, 18.80, 18.80, -1664.52, 20.00, 4.63, 0.56, -0.27, 0.00, 0.00, 0.00, 0.00, 90.00, 0, 0
2.00, 5.70, 20.00, 20.00, -1468.81, 20.00, 4.63, 1.11, 0.29, 0.00, 3.96, 0.00, 0.00, 90.00, 0, 0
2.00, 5.70, 20.00, 20.00, -987.99, 20.00, 4.63, 2.22, 1.40, 200.09, 20.48, 35.00, -76.29, 81.12, 0, 0
2.00, 5.70, 20.25, 20.25, -89.19, 20.00, 4.63, 5.00, 4.19, 483.81, 59.95, 30.06, -65.54, 70.38, 0, 0
2.00, 5.70, 20.74, 20.74, 549.01, 20.00, 4.63, 7.78, 6.97, 594.64, 100.43, 31.14, -53.08, 60.60, 0, 0
2.00, 5.70, 21.24, 21.24, 847.27, 20.00, 4.63, 10.56, 9.73, 354.52, 134.40, 37.74, -37.99, 52.47, 0, 0
2.00, 5.70, 21.66, 21.66, 982.71, 20.00, 4.63, 13.33, 12.51, 88.17, 159.44, 47.56, -19.71, 46.96, 0, 0
2.00, 5.70, 21.96, 21.96, 979.72, 20.00, 4.63, 15.00, 14.16, 28.25, 168.15, 58.95, 0.97, 45.10, 0, 0
2.00, 5.70, 22.15, 22.15, 894.97, 20.00, 4.63, 16.11, 15.27, 23.77, 161.29, 71.06, 21.51, 47.33, 0, 0
2.00, 5.70, 22.23, 22.23, 748.54, 20.00, 4.63, 16.67, 15.84, 8.94, 137.05, 83.45, 39.50, 53.13, 0, 0
2.00, 5.70, 22.25, 22.25, 632.77, 20.00, 4.63, 16.67, 15.84, 0.00, 101.61, 0.00, 54.32, 61.44, 0, 0
2.00, 5.70, 22.23, 22.23, 543.46, 20.00, 4.63, 15.56, 14.73, 0.00, 64.44, 0.00, 66.58, 71.34, 0, 0
2.00, 5.70, 22.22, 22.22, 489.01, 20.00, 4.63, 13.89, 13.05, 0.00, 25.05, 0.00, 77.23, 82.14, 0, 0
2.00, 5.70, 22.08, 22.08, 202.78, 20.00, 4.63, 12.22, 11.40, 0.00, 3.17, 0.00, 0.00, 90.00, 0, 0
2.00, 5.70, 21.93, 21.93, 72.79, 20.00, 4.63, 11.11, 10.29, 0.00, 0.00, 0.00, 0.00, 90.00, 0, 0
2.00, 5.70, 21.79, 21.79, -37.93, 20.00, 4.63, 10.00, 9.18, 0.00, 0.00, 0.00, 0.00, 90.00, 0, 0
2.00, 5.70, 21.66, 21.66, -114.34, 20.00, 4.63, 9.44, 8.62, 0.00, 0.00, 0.00, 0.00, 90.00, 0, 0
2.00, 5.70, 21.43, 21.43, -411.65, 20.00, 4.63, 8.33, 7.51, 0.00, 0.00, 0.00, 0.00, 90.00, 0, 0
2.00, 5.70, 21.14, 21.14, -693.85, 20.00, 4.63, 7.22, 6.41, 0.00, 0.00, 0.00, 0.00, 90.00, 0, 0
2.00, 5.70, 20.87, 20.87, -829.17, 20.00, 4.63, 6.11, 5.30, 0.00, 0.00, 0.00, 0.00, 90.00, 0, 0
2.00, 5.70, 20.62, 20.62, -956.10, 20.00, 4.63, 5.00, 4.17, 0.00, 0.00, 0.00, 0.00, 90.00, 0, 0
2.00, 5.70, 20.38, 20.38, -1078.19, 20.00, 4.63, 3.89, 3.07, 0.00, 0.00, 0.00, 0.00, 90.00, 0, 0
2.00, 5.70, 20.15, 20.15, -1197.73, 20.00, 4.63, 2.78, 1.96, 0.00, 0.00, 0.00, 0.00, 90.00, 0, 0
2.00, 5.70, 19.93, 19.93, -1289.39, 20.00, 4.63, 2.22, 1.40, 0.00, 0.00, 0.00, 0.00, 90.00, 0, 0
2.00, 5.70, 19.72, 19.72, -1404.96, 20.00, 4.63, 1.11, 0.29, 0.00, 0.00, 0.00, 0.00, 90.00, 0, 0
2.00, 5.70, 20.00, 20.00, -1434.69, 20.00, 4.63, 1.11, 0.29, 0.00, 3.17, 0.00, 0.00, 90.00, 0, 0
2.00, 5.70, 20.00, 20.00, -1272.85, 20.00, 4.63, 2.22, 1.40, 49.67, 15.99, 35.31, -76.55, 80.81, 0, 0
2.00, 5.70, 20.00, 20.00, -959.81, 20.00, 4.63, 3.89, 3.07, 120.37, 41.85, 30.44, -65.78, 70.05, 0, 0
2.00, 5.70, 20.31, 20.31, -221.66, 20.00, 4.63, 6.11, 5.30, 344.51, 83.91, 31.54, -53.29, 60.25, 0, 0
2.00, 5.70, 20.75, 20.75, 234.40, 20.00, 4.63, 8.89, 8.08, 245.27, 121.01, 38.10, -38.15, 52.09, 0, 0
2.00, 5.70, 21.18, 21.18, 506.92, 20.00, 4.63, 11.67, 10.86, 58.60, 154.11, 47.88, -19.76, 46.56, 0, 0
2.00, 5.70, 21.47, 21.47, 490.53, 20.00, 4.63, 13.33, 12.51, 17.99, 155.39, 59.25, 1.07, 44.70, 0, 0
2.00, 5.70, 21.60, 21.60, 323.62, 20.00, 4.63, 13.89, 13.08, 11.15, 130.30, 71.34, 21.75, 46.97, 0, 0
2.00, 5.70, 21.68, 21.68, 279.40, 20.00, 4.63, 14.44, 13.62, 5.18, 115.17, 83.73, 39.81, 52.81, 0, 0
2.00, 5.70, 21.73, 21.73, 233.21, 20.00, 4.63, 14.44, 13.62, 0.00, 93.53, 0.00, 54.65, 61.17, 0, 0
2.00, 5.70, 21.72, 21.72, 135.31, 20.00, 4.63, 13.33, 12.53, 0.00, 57.52, 0.00, 66.93, 71.10, 0, 0
2.00, 5.70, 21.68, 21.68, 36.04, 20.00, 4.63, 11.67, 10.86, 0.00, 21.21, 0.00, 77.57, 81.92, 0, 0
2.00, 5.70, 21.57, 21.57, -125.85, 20.00, 4.63, 10.56, 9.77, 0.00, 3.17, 0.00, 0.00, 90.00, 0, 0
2.00, 5.70, 21.47, 21.47, -212.58, 20.00, 4.63, 10.00, 9.21, 0.00, 0.00, 0.00, 0.00, 90.00, 0, 0
2.00, 5.70, 21.37, 21.37, -284.66, 20.00, 4.63, 9.44, 8.66, 0.00, 0.00, 0.00, 0.00, 90.00, 0, 0
2.00, 5.70, 21.25, 21.25, -375.74, 20.00, 4.63, 8.33, 7.56, 0.00, 0.00, 0.00, 0.00, 90.00, 0, 0
2.00, 5.70, 21.07, 21.07, -592.24, 20.00, 4.63, 7.78, 6.99, 0.00, 0.00, 0.00, 0.00, 90.00, 0, 0
2.00, 5.70, 20.82, 20.82, -835.68, 20.00, 4.63, 7.22, 6.43, 0.00, 0.00, 0.00, 0.00, 90.00, 0, 0
2.00, 5.70, 20.60, 20.60, -932.66, 20.00, 4.63, 6.67, 5.88, 0.00, 0.00, 0.00, 0.00, 90.00, 0, 0
2.00, 5.70, 20.40, 20.40, -1020.94, 20.00, 4.63, 6.11, 5.32, 0.00, 0.00, 0.00, 0.00, 90.00, 0, 0
2.00, 5.70, 20.22, 20.22, -1103.75, 20.00, 4.63, 5.56, 4.76, 0.00, 0.00, 0.00, 0.00, 90.00, 0, 0
2.00, 5.70, 20.04, 20.04, -1182.86, 20.00, 4.63, 5.00, 4.21, 0.00, 0.00, 0.00, 0.00, 90.00, 0, 0
2.00, 5.70, 19.88, 19.88, -1233.29, 20.00, 4.63, 5.00, 4.21, 0.00, 0.00, 0.00, 0.00, 90.00, 0, 0
2.00, 5.70, 19.73, 19.73, -1306.19, 20.00, 4.63, 4.44, 3.65, 0.00, 0.00, 0.00, 0.00, 90.00, 0, 0
2.00, 5.70, 20.00, 20.00, -1369.41, 20.00, 4.63, 3.89, 3.13, 0.00, 0.79, 0.00, 0.00, 90.00, 0, 0
2.00, 5.70, 20.00, 20.00, -1316.40, 20.00, 4.63, 5.00, 4.23, 0.00, 8.71, 35.63, -76.80, 80.49, 0, 0
2.00, 5.70, 20.00, 20.00, -1166.66, 20.00, 4.63, 6.11, 5.34, 17.37, 29.61, 30.82, -66.02, 69.72, 0, 0
2.00, 5.70, 20.00, 20.00, -977.07, 20.00, 4.63, 7.78, 7.01, 26.95, 51.06, 31.94, -53.51, 59.89, 0, 0
2.00, 5.70, 20.10, 20.10, -630.39, 20.00, 4.63, 9.44, 8.68, 56.95, 81.18, 38.47, -38.31, 51.71, 0, 0
2.00, 5.70, 20.32, 20.32, -321.44, 20.00, 4.63, 11.67, 10.90, 16.21, 109.23, 48.21, -19.81, 46.16, 0, 0
2.00, 5.70, 20.51, 20.51, -235.36, 20.00, 4.63, 13.33, 12.56, 5.68, 110.51, 59.54, 1.17, 44.30, 0, 0
2.00, 5.70, 20.62, 20.62, -273.01, 20.00, 4.63, 13.89, 13.12, 2.56, 94.18, 71.63, 21.99, 46.60, 0, 0
2.00, 5.70, 20.69, 20.69, -272.05, 20.00, 4.63, 14.44, 13.67, 0.91, 78.93, 84.00, 40.13, 52.50, 0, 0
2.00, 5.70, 20.74, 20.74, -288.13, 20.00, 4.63, 14.44, 13.67, 0.00, 67.68, 0.00, 55.00, 60.90, 0, 0
2.00, 5.70, 20.77, 20.77, -294.69, 20.00, 4.63, 13.89, 13.12, 0.00, 51.02, 0.00, 67.27, 70.86, 0, 0
2.00, 5.70, 20.82, 20.82, -255.45, 20.00, 4.63, 12.78, 12.01, 0.00, 23.04, 0.00, 77.91, 81.71, 0, 0
2.00, 5.70, 20.81, 20.81, -343.88, 20.00, 4.63, 12.22, 11.47, 0.00, 3.17, 0.00, 0.00, 90.00, 0, 0
2.00, 5.70, 20.76, 20.76, -422.72, 20.00, 4.63, 11.11, 10.36, 0.00, 0.00, 0.00, 0.00, 90.00, 0, 0
2.00, 5.70, 20.71, 20.71, -470.02, 20.00, 4.63, 10.56, 9.81, 0.00, 0.00, 0.00, 0.00, 90.00, 0, 0
2.00, 5.70, 20.66, 20.66, -515.06, 20.00, 4.63, 10.00, 9.25, 0.00, 0.00, 0.00, 0.00, 90.00, 0, 0
2.00, 5.70, 20.52, 20.52, -712.21, 20.00, 4.63, 9.44, 8.68, 0.00, 0.00, 0.00, 0.00, 90.00, 0, 0
2.00, 5.70, 20.31, 20.31, -938.99, 20.00, 4.63, 8.89, 8.12, 0.00, 0.00, 0.00, 0.00, 90.00, 0, 0
2.00, 5.70, 20.13, 20.13, -1021.21, 20.00, 4.63, 8.33, 7.58, 0.00, 0.00, 0.00, 0.00, 90.00, 0, 0
2.00, 5.70, 19.94, 19.94, -1122.09, 20.00, 4.63, 7.22, 6.47, 0.00, 0.00, 0.00, 0.00, 90.00, 0, 0
2.00, 5.70, 19.78, 19.78, -1195.10, 20.00, 4.63, 6.67, 5.90, 0.00, 0.00, 0.00, 0.00, 90.00, 0, 0
2.00, 5.70, 19.62, 19.62, -1265.16, 20.00, 4.63, 6.11, 5.34, 0.00, 0.00, 0.00, 0.00, 90.00, 0, 0
2.00, 5.70, 19.46, 19.46, -1333.35, 20.00, 4.63, 5.56, 4.80, 0.00, 0.00, 0.00, 0.00, 90.00, 0, 0
2.00, 5.70, 19.31, 19.31, -1400.48, 20.00, 4.63, 5.00, 4.25, 0.00, 0.00, 0.00, 0.00, 90.00, 0, 0
2.00, 5.70, 20.00, 20.00, -1339.61, 20.00, 4.63, 5.56, 4.80, 0.00, 3.96, 0.00, 0.00, 90.00, 0, 0
2.00, 5.70, 20.00, 20.00, -1253.42, 20.00, 4.63, 6.67, 5.90, 9.79, 13.33, 35.95, -77.05, 80.17, 0, 0
2.00, 5.70, 20.00, 20.00, -1197.31, 20.00, 4.63, 7.22, 6.47, 2.46, 26.86, 31.21, -66.27, 69.38, 0, 0
2.00, 5.70, 20.00, 20.00, -930.34, 20.00, 4.63, 8.89, 8.14, 48.01, 53.20, 32.35, -53.73, 59.53, 0, 0
2.00, 5.70, 20.08, 20.08, -551.14, 20.00, 4.63, 11.11, 10.36, 61.37, 88.03, 38.84, -38.48, 51.32, 0, 0
2.00, 5.70, 20.22, 20.22, -365.98, 20.00, 4.63, 12.78, 12.03, 9.35, 105.75, 48.54, -19.86, 45.76, 0, 0
2.00, 5.70, 20.42, 20.42, -154.71, 20.00, 4.63, 14.44, 13.69, 7.83, 121.70, 59.84, 1.28, 43.91, 0, 0
2.00, 5.70, 20.61, 20.61, -66.83, 20.00, 4.63, 15.56, 14.80, 5.76, 122.13, 71.91, 22.24, 46.24, 0, 0
2.00, 5.70, 20.70, 20.70, -140.98, 20.00, 4.63, 16.11, 15.34, 1.54, 88.70, 84.28, 40.46, 52.18, 0, 0
2.00, 5.70, 20.71, 20.71, -256.00, 20.00, 4.63, 15.56, 14.80, 0.00, 61.49, 0.00, 55.34, 60.63, 0, 0
2.00, 5.70, 20.70, 20.70, -300.70, 20.00, 4.63, 15.00, 14.23, 0.00, 44.75, 0.00, 67.62, 70.62, 0, 0
2.00, 5.70, 20.71, 20.71, -286.08, 20.00, 4.63, 13.89, 13.14, 0.00, 20.05, 0.00, 78.26, 81.49, 0, 0
2.00, 5.70, 20.69, 20.69, -343.18, 20.00, 4.63, 12.78, 12.03, 0.00, 3.96, 0.00, 0.00, 90.00, 0, 0
2.00, 5.70, 20.66, 20.66, -395.52, 20.00, 4.63, 12.22, 11.47, 0.00, 0.00, 0.00, 0.00, 90.00, 0, 0
2.00, 5.70, 20.60, 20.60, -463.02, 20.00, 4.63, 11.11, 10.36, 0.00, 0.00, 0.00, 0.00, 90.00, 0, 0
2.00, 5.70, 20.54, 20.54, -505.95, 20.00, 4.63, 10.56, 9.79, 0.00, 0.00, 0.00, 0.00, 90.00, 0, 0
2.00, 5.70, 20.41, 20.41, -700.95, 20.00, 4.63, 10.00, 9.25, 0.00, 0.00, 0.00, 0.00, 90.00, 0, 0
2.00, 5.70, 20.19, 20.19, -951.58, 20.00, 4.63, 8.89, 8.14, 0.00, 0.00, 0.00, 0.00, 90.00, 0, 0
2.00, 5.70, 20.00, 20.00, -1034.61, 20.00, 4.63, 8.33, 7.58, 0.00, 0.00, 0.00, 0.00, 90.00, 0, 0
2.00, 5.70, 19.82, 19.82, -1110.02, 20.00, 4.63, 7.78, 7.01, 0.00, 0.00, 0.00, 0.00, 90.00, 0, 0
2.00, 5.70, 19.65, 19.65, -1207.04, 20.00, 4.63, 6.67, 5.90, 0.00, 0.00, 0.00, 0.00, 90.00, 0, 0
2.00, 5.70, 19.49, 19.49, -1277.74, 20.00, 4.63, 6.11, 5.34, 0.00, 0.00, 0.00, 0.00, 90.00, 0, 0
2.00, 5.70, 19.32, 19.32, -1372.75, 20.00, 4.63, 5.00, 4.23, 0.00, 0.00, 0.00, 0.00, 90.00, 0, 0
2.00, 5.70, 19.15, 19.15, -1442.85, 20.00, 4.63, 4.44, 3.67, 0.00, 0.00, 0.00, 0.00, 90.00, 0, 0
2.00, 5.70, 20.00, 20.00, -1383.28, 20.00, 4.63, 4.44, 3.67, 0.00, 3.96, 0.00, 0.00, 90.00, 0, 0
2.00, 5.70, 20.01, 20.01, -613.38, 20.00, 4.63, 6.11, 5.36, 315.65, 25.48, 36.27, -77.31, 79.85, 0, 0
2.00, 5.70, 20.22, 20.22, -227.75, 20.00, 4.63, 8.33, 7.58, 347.43, 57.02, 31.60, -66.51, 69.05, 0, 0
2.00, 5.70, 20.62, 20.62, 299.22, 20.00, 4.63, 11.11, 10.36, 419.58, 93.62, 32.75, -53.95, 59.17, 0, 0
2.00, 5.70, 21.03, 21.03, 552.38, 20.00, 4.63, 13.33, 12.58, 217.54, 123.83, 39.21, -38.64, 50.94, 0, 0
2.00, 5.70, 21.36, 21.36, 635.87, 20.00, 4.63, 15.56, 14.80, 19.88, 145.06, 48.87, -19.91, 45.35, 0, 0
2.00, 5.70, 21.65, 21.65, 733.49, 20.00, 4.63, 17.22, 16.46, 18.28, 159.38, 60.15, 1.39, 43.51, 0, 0
2.00, 5.70, 21.86, 21.86, 725.79, 20.00, 4.63, 18.33, 17.57, 10.62, 155.10, 72.20, 22.49, 45.88, 0, 0
2.00, 5.70, 21.99, 21.99, 665.27, 20.00, 4.63, 18.89, 18.13, 5.56, 134.36, 84.57, 40.78, 51.87, 0, 0
2.00, 5.70, 22.03, 22.03, 528.05, 20.00, 4.63, 18.33, 17.59, 0.00, 95.41, 0.00, 55.69, 60.36, 0, 0
2.00, 5.70, 21.96, 21.96, 278.68, 20.00, 4.63, 17.22, 16.48, 0.00, 45.60, 0.00, 67.97, 70.39, 0, 0
2.00, 5.70, 21.80, 21.80, 51.13, 20.00, 4.63, 15.56, 14.80, 0.00, 13.13, 0.00, 78.61, 81.27, 0, 0
2.00, 5.70, 21.73, 21.73, 77.50, 20.00, 4.63, 14.44, 13.71, 0.00, 2.38, 0.00, 0.00, 90.00, 0, 0
2.00, 5.70, 21.65, 21.65, 13.83, 20.00, 4.63, 13.89, 13.14, 0.00, 0.00, 0.00, 0.00, 90.00, 0, 0
2.00, 5.70, 21.58, 21.58, -40.81, 20.00, 4.63, 13.33, 12.60, 0.00, 0.00, 0.00, 0.00, 90.00, 0, 0
2.00, 5.70, 21.51, 21.51, -91.73, 20.00, 4.63, 12.78, 12.03, 0.00, 0.00, 0.00, 0.00, 90.00, 0, 0
2.00, 5.70, 21.37, 21.37, -293.06, 20.00, 4.63, 12.22, 11.49, 0.00, 0.00, 0.00, 0.00, 90.00, 0, 0
2.00, 5.70, 21.15, 21.15, -548.47, 20.00, 4.63, 11.11, 10.38, 0.00, 0.00, 0.00, 0.00, 90.00, 0, 0
2.00, 5.70, 20.97, 20.97, -610.13, 20.00, 4.63, 11.11, 10.36, 0.00, 0.00, 0.00, 0.00, 90.00, 0, 0
2.00, 5.70, 20.81, 20.81, -686.48, 20.00, 4.63, 10.56, 9.81, 0.00, 0.00, 0.00, 0.00, 90.00, 0, 0
2.00, 5.70, 20.66, 20.66, -758.19, 20.00, 4.63, 10.00, 9.27, 0.00, 0.00, 0.00, 0.00, 90.00, 0, 0
2.00, 5.70, 20.52, 20.52, -827.03, 20.00, 4.63, 9.44, 8.70, 0.00, 0.00, 0.00, 0.00, 90.00, 0, 0
2.00, 5.70, 20.39, 20.39, -893.90, 20.00, 4.63, 8.89, 8.16, 0.00, 0.00, 0.00, 0.00, 90.00, 0, 0
2.00, 5.70, 20.27, 20.27, -933.83, 20.00, 4.63, 8.89, 8.16, 0.00, 0.00, 0.00, 0.00, 90.00, 0, 0
2.00, 5.70, 20.16, 20.16, -959.04, 20.00, 4.63, 8.89, 8.16, 0.00, 3.17, 0.00, 0.00, 90.00, 0, 0
2.00, 5.70, 20.55, 20.55, -24.82, 20.00, 4.63, 11.11, 10.38, 363.71, 27.74, 36.59, -77.56, 79.53, 0, 0
2.00, 5.70, 21.00, 21.00, 345.80, 20.00, 4.63, 13.33, 12.62, 365.27, 60.96, 31.99, -66.76, 68.71, 0, 0
2.00, 5.70, 21.52, 21.52, 782.79, 20.00, 4.63, 16.11, 15.38, 378.39, 97.24, 33.16, -54.18, 58.81, 0, 0
2.00, 5.70, 21.76, 21.76, 530.31, 20.00, 4.63, 17.22, 16.50, 89.66, 95.99, 39.58, -38.80, 50.55, 0, 0
2.00, 5.70, 21.75, 21.75, 159.20, 20.00, 4.63, 17.22, 16.50, 0.70, 59.35, 49.20, -19.96, 44.95, 0, 0
2.00, 5.70, 21.74, 21.74, 124.24, 20.00, 4.63, 17.22, 16.50, 0.59, 61.89, 60.45, 1.51, 43.11, 0, 0
2.00, 5.70, 21.77, 21.77, 181.79, 20.00, 4.63, 17.78, 17.04, 0.48, 72.56, 72.49, 22.75, 45.51, 0, 0
2.00, 5.70, 21.89, 21.89, 350.01, 20.00, 4.63, 18.33, 17.61, 1.71, 96.03, 84.85, 41.12, 51.56, 0, 0
2.00, 5.70, 21.97, 21.97, 341.53, 20.00, 4.63, 18.33, 17.61, 0.00, 79.94, 0.00, 56.05, 60.10, 0, 0
2.00, 5.70, 21.91, 21.91, 94.29, 20.00, 4.63, 17.22, 16.50, 0.00, 30.83, 0.00, 68.32, 70.15, 0, 0
2.00, 5.70, 21.83, 21.83, -20.52, 20.00, 4.63, 16.11, 15.38, 0.00, 8.71, 0.00, 78.96, 81.06, 0, 0
2.00, 5.70, 21.82, 21.82, 65.67, 20.00, 4.63, 15.00, 14.29, 0.00, 2.38, 0.00, 0.00, 90.00, 0, 0
2.00, 5.70, 21.80, 21.80, 24.86, 20.00, 4.63, 14.44, 13.73, 0.00, 0.00, 0.00, 0.00, 90.00, 0, 0
2.00, 5.70, 21.77, 21.77, -13.81, 20.00, 4.63, 13.89, 13.16, 0.00, 0.00, 0.00, 0.00, 90.00, 0, 0
2.00, 5.70, 21.73, 21.73, -78.36, 20.00, 4.63, 12.78, 12.07, 0.00, 0.00, 0.00, 0.00, 90.00, 0, 0
2.00, 5.70, 21.60, 21.60, -273.83, 20.00, 4.63, 12.22, 11.50, 0.00, 0.00, 0.00, 0.00, 90.00, 0, 0
2.00, 5.70, 21.41, 21.41, -499.68, 20.00, 4.63, 11.67, 10.94, 0.00, 0.00, 0.00, 0.00, 90.00, 0, 0
2.00, 5.70, 21.22, 21.22, -607.21, 20.00, 4.63, 10.56, 9.83, 0.00, 0.00, 0.00, 0.00, 90.00, 0, 0
2.00, 5.70, 21.05, 21.05, -684.58, 20.00, 4.63, 10.00, 9.27, 0.00, 0.00, 0.00, 0.00, 90.00, 0, 0
2.00, 5.70, 20.90, 20.90, -757.37, 20.00, 4.63, 9.44, 8.72, 0.00, 0.00, 0.00, 0.00, 90.00, 0, 0
2.00, 5.70, 20.75, 20.75, -827.57, 20.00, 4.63, 8.89, 8.16, 0.00, 0.00, 0.00, 0.00, 90.00, 0, 0
2.00, 5.70, 20.61, 20.61, -896.10, 20.00, 4.63, 8.33, 7.59, 0.00, 0.00, 0.00, 0.00, 90.00, 0, 0
2.00, 5.70, 20.47, 20.47, -963.49, 20.00, 4.63, 7.78, 7.05, 0.00, 0.00, 0.00, 0.00, 90.00, 0, 0
2.00, 5.70, 20.41, 20.41, -876.14, 20.00, 4.63, 8.33, 7.61, 0.00, 7.13, 0.00, 0.00, 90.00, 0, 0
2.00, 5.70, 20.85, 20.85, 93.11, 20.00, 4.63, 10.00, 9.28, 387.01, 31.91, 36.91, -77.81, 79.21, 0, 0
2.00, 5.70, 21.59, 21.59, 1002.99, 20.00, 4.63, 12.78, 12.07, 613.08, 75.10, 32.38, -67.00, 68.37, 0, 0
2.00, 5.70, 22.40, 22.40, 1606.42, 20.00, 4.63, 15.56, 14.84, 642.18, 117.35, 33.56, -54.40, 58.45, 0, 0
2.00, 5.70, 23.06, 23.06, 1793.61, 20.00, 4.63, 18.33, 17.61, 274.89, 151.25, 39.95, -38.97, 50.16, 0, 0
2.00, 5.70, 23.53, 23.53, 1769.84, 20.00, 4.63, 20.00, 19.29, 14.40, 171.53, 49.54, -20.01, 44.54, 0, 0
2.00, 5.70, 23.86, 23.86, 1740.19, 20.00, 4.63, 21.67, 20.95, 20.94, 177.16, 60.76, 1.63, 42.71, 0, 0
2.00, 5.70, 24.08, 24.08, 1677.45, 20.00, 4.63, 22.78, 22.06, 6.65, 170.01, 72.78, 23.02, 45.15, 0, 0
2.00, 5.70, 24.20, 24.20, 1540.12, 20.00, 4.63, 22.78, 22.06, 5.02, 145.30, 85.13, 41.46, 51.24, 0, 0
2.00, 5.70, 24.27, 24.27, 1457.92, 20.00, 4.63, 22.78, 22.06, 0.00, 109.83, 0.00, 56.41, 59.83, 0, 0
2.00, 5.70, 24.28, 24.28, 1333.41, 20.00, 4.63, 22.22, 21.51, 0.00, 63.79, 0.00, 68.68, 69.92, 0, 0
2.00, 5.70, 24.20, 24.20, 1098.62, 20.00, 4.63, 20.56, 19.83, 0.00, 17.84, 0.00, 79.31, 80.85, 0, 0
2.00, 5.70, 24.11, 24.11, 997.83, 20.00, 4.63, 19.44, 18.74, 0.00, 0.79, 0.00, 0.00, 90.00, 0, 0
2.00, 5.70, 24.04, 24.04, 918.55, 20.00, 4.63, 18.89, 18.17, 0.00, 0.00, 0.00, 0.00, 90.00, 0, 0
2.00, 5.70, 23.97, 23.97, 852.97, 20.00, 4.63, 18.33, 17.63, 0.00, 0.00, 0.00, 0.00, 90.00, 0, 0
2.00, 5.70, 23.91, 23.91, 795.33, 20.00, 4.63, 17.78, 17.08, 0.00, 0.00, 0.00, 0.00, 90.00, 0, 0
2.00, 5.70, 23.75, 23.75, 540.25, 20.00, 4.63, 17.22, 16.51, 0.00, 0.00, 0.00, 0.00, 90.00, 0, 0
2.00, 5.70, 23.54, 23.54, 301.44, 20.00, 4.63, 16.67, 15.97, 0.00, 0.00, 0.00, 0.00, 90.00, 0, 0
2.00, 5.70, 23.35, 23.35, 210.54, 20.00, 4.63, 16.11, 15.40, 0.00, 0.00, 0.00, 0.00, 90.00, 0, 0
2.00, 5.70, 23.18, 23.18, 104.50, 20.00, 4.63, 15.00, 14.29, 0.00, 0.00, 0.00, 0.00, 90.00, 0, 0
2.00, 5.70, 23.03, 23.03, 27.08, 20.00, 4.63, 14.44, 13.73, 0.00, 0.00, 0.00, 0.00, 90.00, 0, 0
2.00, 5.70, 22.87, 22.87, -71.31, 20.00, 4.63, 13.33, 12.62, 0.00, 0.00, 0.00, 0.00, 90.00, 0, 0
2.00, 5.70, 22.73, 22.73, -144.13, 20.00, 4.63, 12.78, 12.07, 0.00, 0.00, 0.00, 0.00, 90.00, 0, 0
2.00, 5.70, 22.59, 22.59, -240.38, 20.00, 4.63, 11.67, 10.96, 0.00, 0.00, 0.00, 0.00, 90.00, 0, 0
2.00, 5.70, 22.52, 22.52, -161.20, 20.00, 4.63, 12.22, 11.52, 0.00, 6.34, 0.00, 0.00, 90.00, 0, 0
2.00, 5.70, 22.96, 22.96, 809.18, 20.00, 4.63, 13.89, 13.20, 388.48, 32.44, 37.23, -78.07, 78.88, 0, 0
2.00, 5.70, 23.27, 23.27, 850.06, 20.00, 4.63, 15.56, 14.86, 253.72, 56.81, 32.77, -67.25, 68.03, 0, 0
2.00, 5.70, 23.45, 23.45, 758.09, 20.00, 4.63, 17.22, 16.51, 100.50, 68.92, 33.97, -54.62, 58.09, 0, 0
2.00, 5.70, 23.61, 23.61, 821.50, 20.00, 4.63, 18.33, 17.63, 31.68, 83.91, 40.33, -39.14, 49.77, 0, 0
2.00, 5.70, 23.73, 23.73, 829.43, 20.00, 4.63, 18.89, 18.17, 1.19, 87.39, 49.87, -20.06, 44.13, 0, 0
2.00, 5.70, 23.91, 23.91, 991.51, 20.00, 4.63, 20.00, 19.29, 3.51, 105.96, 61.07, 1.75, 42.31, 0, 0
2.00, 5.70, 23.98, 23.98, 875.54, 20.00, 4.63, 20.00, 19.29, 0.65, 75.94, 73.07, 23.29, 44.79, 0, 0
2.00, 5.70, 23.91, 23.91, 596.39, 20.00, 4.63, 18.89, 18.17, 0.03, 24.30, 85.42, 41.80, 50.93, 0, 0
2.00, 5.70, 23.80, 23.80, 456.93, 20.00, 4.63, 17.78, 17.06, 0.00, 13.46, 0.00, 56.77, 59.57, 0, 0
2.00, 5.70, 23.73, 23.73, 446.09, 20.00, 4.63, 17.22, 16.50, 0.00, 23.36, 0.00, 69.04, 69.69, 0, 0
2.00, 5.70, 23.68, 23.68, 436.55, 20.00, 4.63, 16.11, 15.40, 0.00, 13.40, 0.00, 79.66, 80.63, 0, 0
2.00, 5.70, 23.69, 23.69, 504.17, 20.00, 4.63, 15.56, 14.84, 0.00, 0.00, 0.00, 0.00, 90.00, 0, 0
2.00, 5.70, 23.68, 23.68, 468.84, 20.00, 4.63, 15.00, 14.29, 0.00, 0.00, 0.00, 0.00, 90.00, 0, 0
2.00, 5.70, 23.66, 23.66, 430.75, 20.00, 4.63, 14.44, 13.73, 0.00, 0.00, 0.00, 0.00, 90.00, 0, 0
2.00, 5.70, 23.63, 23.63, 390.62, 20.00, 4.63, 13.89, 13.16, 0.00, 0.00, 0.00, 0.00, 90.00, 0, 0
2.00, 5.70, 23.48, 23.48, 121.27, 20.00, 4.63, 12.78, 12.05, 0.00, 0.00, 0.00, 0.00, 90.00, 0, 0
2.00, 5.70, 23.26, 23.26, -113.46, 20.00, 4.63, 12.22, 11.50, 0.00, 0.00, 0.00, 0.00, 90.00, 0, 0
2.00, 5.70, 23.07, 23.07, -203.04, 20.00, 4.63, 11.67, 10.94, 0.00, 0.00, 0.00, 0.00, 90.00, 0, 0
2.00, 5.70, 22.88, 22.88, -310.29, 20.00, 4.63, 10.56, 9.83, 0.00, 0.00, 0.00, 0.00, 90.00, 0, 0
2.00, 5.70, 22.69, 22.69, -415.52, 20.00, 4.63, 9.44, 8.70, 0.00, 0.00, 0.00, 0.00, 90.00, 0, 0
2.00, 5.70, 22.51, 22.51, -519.91, 20.00, 4.63, 8.33, 7.59, 0.00, 0.00, 0.00, 0.00, 90.00, 0, 0
2.00, 5.70, 22.32, 22.32, -624.52, 20.00, 4.63, 7.22, 6.49, 0.00, 0.00, 0.00, 0.00, 90.00, 0, 0
2.00, 5.70, 22.13, 22.13, -729.93, 20.00, 4.63, 6.11, 5.38, 0.00, 0.00, 0.00, 0.00, 90.00, 0, 0
2.00, 5.70, 22.01, 22.01, -695.94, 20.00, 4.63, 7.22, 6.49, 0.00, 9.50, 0.00, -90.00, 89.84, 0, 0
2.00, 5.70, 22.60, 22.60, 684.38, 20.00, 4.63, 9.44, 8.70, 572.97, 38.56, 37.56, -78.32, 78.56, 0, 0
2.00, 5.70, 23.30, 23.30, 1314.57, 20.00, 4.63, 12.22, 11.49, 643.21, 77.83, 33.16, -67.49, 67.69, 0, 0
2.00, 5.70, 24.00, 24.00, 1731.60, 20.00, 4.63, 15.00, 14.27, 582.10, 116.25, 34.38, -54.85, 57.73, 0, 0
2.00, 5.70, 24.54, 24.54, 1837.41, 20.00, 4.63, 17.78, 17.04, 216.72, 144.84, 40.71, -39.30, 49.39, 0, 0
2.00, 5.70, 24.87, 24.87, 1735.73, 20.00, 4.63, 19.44, 18.70, 11.41, 159.37, 50.21, -20.11, 43.72, 0, 0
2.00, 5.70, 25.12, 25.12, 1719.49, 20.00, 4.63, 21.11, 20.36, 16.42, 166.83, 61.38, 1.87, 41.91, 0, 0
2.00, 5.70, 25.28, 25.28, 1659.65, 20.00, 4.63, 22.22, 21.47, 4.27, 158.39, 73.36, 23.56, 44.43, 0, 0
2.00, 5.70, 25.37, 25.37, 1567.32, 20.00, 4.63, 22.22, 21.47, 3.22, 137.45, 85.71, 42.14, 50.62, 0, 0
2.00, 5.70, 25.38, 25.38, 1412.99, 20.00, 4.63, 21.67, 20.90, 0.00, 96.07, 0.00, 57.13, 59.30, 0, 0
2.00, 5.70, 25.34, 25.34, 1279.58, 20.00, 4.63, 20.56, 19.79, 0.00, 58.11, 0.00, 69.40, 69.46, 0, 0
2.00, 5.70, 25.33, 25.33, 1271.58, 20.00, 4.63, 18.89, 18.13, 0.00, 26.47, 0.00, 80.02, 80.42, 0, 0
2.00, 5.70, 25.21, 25.21, 1024.70, 20.00, 4.63, 17.22, 16.48, 0.00, 5.54, 0.00, 0.00, 90.00, 0, 0
2.00, 5.70, 25.09, 25.09, 891.50, 20.00, 4.63, 16.11, 15.36, 0.00, 0.00, 0.00, 0.00, 90.00, 0, 0
2.00, 5.70, 24.96, 24.96, 785.46, 20.00, 4.63, 15.00, 14.25, 0.00, 0.00, 0.00, 0.00, 90.00, 0, 0
2.00, 5.70, 24.83, 24.83, 686.34, 20.00, 4.63, 13.89, 13.14, 0.00, 0.00, 0.00, 0.00, 90.00, 0, 0
2.00, 5.70, 24.62, 24.62, 437.95, 20.00, 4.63, 12.78, 12.01, 0.00, 0.00, 0.00, 0.00, 90.00, 0, 0
2.00, 5.70, 24.35, 24.35, 161.61, 20.00, 4.63, 11.67, 10.90, 0.00, 0.00, 0.00, 0.00, 90.00, 0, 0
2.00, 5.70, 24.10, 24.10, 30.35, 20.00, 4.63, 10.56, 9.79, 0.00, 0.00, 0.00, 0.00, 90.00, 0, 0
2.00, 5.70, 23.86, 23.86, -93.42, 20.00, 4.63, 9.44, 8.68, 0.00, 0.00, 0.00, 0.00, 90.00, 0, 0
2.00, 5.70, 23.64, 23.64, -213.28, 20.00, 4.63, 8.33, 7.56, 0.00, 0.00, 0.00, 0.00, 90.00, 0, 0
2.00, 5.70, 23.42, 23.42, -330.90, 20.00, 4.63, 7.22, 6.45, 0.00, 0.00, 0.00, 0.00, 90.00, 0, 0
2.00, 5.70, 23.19, 23.19, -473.80, 20.00, 4.63, 5.56, 4.80, 0.00, 0.00, 0.00, 0.00, 90.00, 0, 0
2.00, 5.70, 22.96, 22.96, -593.08, 20.00, 4.63, 4.44, 3.67, 0.00, 0.00, 0.00, 0.00, 90.00, 0, 0
2.00, 5.70, 22.77, 22.77, -653.52, 20.00, 4.63, 4.44, 3.67, 0.00, 3.17, 0.00, -90.00, 89.52, 0, 0
2.00, 5.70, 22.70, 22.70, -490.69, 20.00, 4.63, 5.56, 4.78, 48.87, 18.94, 37.89, -78.58, 78.23, 0, 0
2.00, 5.70, 22.73, 22.73, -299.93, 20.00, 4.63, 7.22, 6.45, 64.25, 42.18, 33.55, -67.74, 67.35, 0, 0
2.00, 5.70, 22.99, 22.99, 201.77, 20.00, 4.63, 9.44, 8.68, 168.45, 80.19, 34.79, -55.08, 57.36, 0, 0
2.00, 5.70, 23.35, 23.35, 589.77, 20.00, 4.63, 11.67, 10.90, 93.98, 116.80, 41.08, -39.47, 49.00, 0, 0
2.00, 5.70, 23.55, 23.55, 499.63, 20.00, 4.63, 12.78, 12.01, 3.65, 114.80, 50.55, -20.15, 43.31, 0, 0
2.00, 5.70, 23.63, 23.63, 376.57, 20.00, 4.63, 13.33, 12.58, 2.21, 94.59, 61.69, 2.00, 41.50, 0, 0
2.00, 5.70, 23.75, 23.75, 512.53, 20.00, 4.63, 14.44, 13.69, 1.41, 112.25, 73.66, 23.84, 44.07, 0, 0
2.00, 5.70, 23.81, 23.81, 463.45, 20.00, 4.63, 14.44, 13.69, 0.91, 92.46, 86.00, 42.50, 50.32, 0, 0
2.00, 5.70, 23.71, 23.71, 177.28, 20.00, 4.63, 13.33, 12.58, 0.00, 36.36, 0.00, 57.50, 59.04, 0, 0
2.00, 5.70, 23.52, 23.52, -70.65, 20.00, 4.63, 11.67, 10.92, 0.00, 8.71, 0.00, 69.76, 69.23, 0, 0
2.00, 5.70, 23.39, 23.39, -77.56, 20.00, 4.63, 10.56, 9.81, 0.00, 8.85, 0.00, 80.38, 80.21, 0, 0
2.00, 5.70, 23.35, 23.35, 14.60, 20.00, 4.63, 10.00, 9.27, 0.00, 5.54, 0.00, 0.00, 90.00, 0, 0
2.00, 5.70, 23.29, 23.29, -19.20, 20.00, 4.63, 10.00, 9.27, 0.00, 0.00, 0.00, 0.00, 90.00, 0, 0
2.00, 5.70, 23.23, 23.23, -67.74, 20.00, 4.63, 9.44, 8.72, 0.00, 0.00, 0.00, 0.00, 90.00, 0, 0
2.00, 5.70, 23.17, 23.17, -91.82, 20.00, 4.63, 9.44, 8.72, 0.00, 0.00, 0.00, 0.00, 90.00, 0, 0
2.00, 5.70, 23.04, 23.04, -267.44, 20.00, 4.63, 9.44, 8.70, 0.00, 0.00, 0.00, 0.00, 90.00, 0, 0
2.00, 5.70, 22.82, 22.82, -497.29, 20.00, 4.63, 8.89, 8.16, 0.00, 0.00, 0.00, 0.00, 90.00, 0, 0
2.00, 5.70, 22.64, 22.64, -558.00, 20.00, 4.63, 8.89, 8.16, 0.00, 0.00, 0.00, 0.00, 90.00, 0, 0
2.00, 5.70, 22.48, 22.48, -609.64, 20.00, 4.63, 8.89, 8.14, 0.00, 0.00, 0.00, 0.00, 90.00, 0, 0
2.00, 5.70, 22.34, 22.34, -655.07, 20.00, 4.63, 8.89, 8.14, 0.00, 0.00, 0.00, 0.00, 90.00, 0, 0
2.00, 5.70, 22.21, 22.21, -695.95, 20.00, 4.63, 8.89, 8.16, 0.00, 0.00, 0.00, 0.00, 90.00, 0, 0
2.00, 5.70, 22.07, 22.07, -759.39, 20.00, 4.63, 8.33, 7.61, 0.00, 0.00, 0.00, 0.00, 90.00, 0, 0
2.00, 5.70, 21.95, 21.95, -796.73, 20.00, 4.63, 8.33, 7.61, 0.00, 0.00, 0.00, 0.00, 90.00, 0, 0
2.00, 5.70, 21.85, 21.85, -806.71, 20.00, 4.63, 8.89, 8.17, 0.00, 0.79, 0.00, -90.00, 89.20, 0, 0
2.00, 5.70, 21.75, 21.75, -827.48, 20.00, 4.63, 8.89, 8.17, 0.00, 3.17, 38.21, -78.83, 77.90, 0, 0
2.00, 5.70, 21.69, 21.69, -787.14, 20.00, 4.63, 9.44, 8.74, 0.00, 12.67, 33.95, -67.99, 67.01, 0, 0
2.00, 5.70, 21.69, 21.69, -681.05, 20.00, 4.63, 10.56, 9.85, 0.00, 28.51, 35.20, -55.30, 57.00, 0, 0
2.00, 5.70, 21.68, 21.68, -665.92, 20.00, 4.63, 11.11, 10.41, 0.00, 25.34, 41.46, -39.64, 48.60, 0, 0
2.00, 5.70, 21.64, 21.64, -719.30, 20.00, 4.63, 11.11, 10.41, 0.00, 13.46, 50.89, -20.20, 42.90, 0, 0
2.00, 5.70, 21.60, 21.60, -705.84, 20.00, 4.63, 11.11, 10.41, 0.00, 19.80, 62.00, 2.14, 41.10, 0, 0
2.00, 5.70, 21.59, 21.59, -661.27, 20.00, 4.63, 11.11, 10.41, 0.00, 31.68, 73.96, 24.12, 43.71, 0, 0
2.00, 5.70, 21.63, 21.63, -534.46, 20.00, 4.63, 11.67, 10.97, 0.05, 48.33, 86.29, 42.85, 50.01, 0, 0
2.00, 5.70, 21.69, 21.69, -455.93, 20.00, 4.63, 12.22, 11.54, 0.00, 54.15, 0.00, 57.87, 58.78, 0, 0
2.00, 5.70, 21.71, 21.71, -473.51, 20.00, 4.63, 12.78, 12.09, 0.00, 35.93, 0.00, 70.13, 69.00, 0, 0
2.00, 5.70, 21.71, 21.71, -496.67, 20.00, 4.63, 12.22, 11.54, 0.00, 15.42, 0.00, 80.73, 80.00, 0, 0
2.00, 5.70, 21.76, 21.76, -366.24, 20.00, 4.63, 12.22, 11.54, 0.00, 3.96, 0.00, 0.00, 90.00, 0, 0
2.00, 5.70, 21.80, 21.80, -364.84, 20.00, 4.63, 12.22, 11.54, 0.00, 0.00, 0.00, 0.00, 90.00, 0, 0
2.00, 5.70, 21.80, 21.80, -385.04, 20.00, 4.63, 11.67, 10.99, 0.00, 0.00, 0.00, 0.00, 90.00, 0, 0
2.00, 5.70, 21.80, 21.80, -383.89, 20.00, 4.63, 11.67, 10.99, 0.00, 0.00, 0.00, 0.00, 90.00, 0, 0
2.00, 5.70, 21.72, 21.72, -536.41, 20.00, 4.63, 11.67, 10.99, 0.00, 0.00, 0.00, 0.00, 90.00, 0, 0
2.00, 5.70, 21.57, 21.57, -719.36, 20.00, 4.63, 11.67, 10.99, 0.00, 0.00, 0.00, 0.00, 90.00, 0, 0
2.00, 5.70, 21.44, 21.44, -758.07, 20.00, 4.63, 11.67, 10.99, 0.00, 0.00, 0.00, 0.00, 90.00, 0, 0
2.00, 5.70, 21.33, 21.33, -789.14, 20.00, 4.63, 11.67, 10.99, 0.00, 0.00, 0.00, 0.00, 90.00, 0, 0
2.00, 5.70, 21.23, 21.23, -815.35, 20.00, 4.63, 11.67, 10.99, 0.00, 0.00, 0.00, 0.00, 90.00, 0, 0
2.00, 5.70, 21.14, 21.14, -838.21, 20.00, 4.63, 11.67, 10.99, 0.00, 0.00, 0.00, 0.00, 90.00, 0, 0
2.00, 5.70, 21.05, 21.05, -858.67, 20.00, 4.63, 11.67, 10.99, 0.00, 0.00, 0.00, 0.00, 90.00, 0, 0
2.00, 5.70, 20.98, 20.98, -877.23, 20.00, 4.63, 11.67, 11.01, 0.00, 0.00, 0.00, 0.00, 90.00, 0, 0
2.00, 5.70, 20.93, 20.93, -850.06, 20.00, 4.63, 12.22, 11.57, 0.00, 4.75, 0.00, -90.00, 88.88, 0, 0
2.00, 5.70, 20.98, 20.98, -646.44, 20.00, 4.63, 13.33, 12.68, 43.40, 21.35, 38.54, -79.08, 77.58, 0, 0
2.00, 5.70, 21.07, 21.07, -533.62, 20.00, 4.63, 15.00, 14.34, 20.15, 34.92, 34.34, -68.24, 66.67, 0, 0
2.00, 5.70, 21.14, 21.14, -496.35, 20.00, 4.63, 15.56, 14.89, 3.38, 38.59, 35.61, -55.53, 56.64, 0, 0
2.00, 5.70, 21.21, 21.21, -422.32, 20.00, 4.63, 16.11, 15.44, 0.99, 44.88, 41.85, -39.81, 48.21, 0, 0
2.00, 5.70, 21.39, 21.39, -151.61, 20.00, 4.63, 17.22, 16.55, 1.04, 80.79, 51.24, -20.25, 42.49, 0, 0
2.00, 5.70, 21.50, 21.50, -190.08, 20.00, 4.63, 17.22, 16.55, 0.93, 62.53, 62.32, 2.27, 40.70, 0, 0
2.00, 5.70, 21.52, 21.52, -271.18, 20.00, 4.63, 17.22, 16.55, 0.01, 38.66, 74.25, 24.41, 43.35, 0, 0
2.00, 5.70, 21.55, 21.55, -255.48, 20.00, 4.63, 17.22, 16.53, 0.00, 34.85, 86.58, 43.21, 49.70, 0, 0
2.00, 5.70, 21.53, 21.53, -332.64, 20.00, 4.63, 16.67, 15.98, 0.00, 20.59, 0.00, 58.24, 58.52, 0, 0
2.00, 5.70, 21.47, 21.47, -414.16, 20.00, 4.63, 16.11, 15.42, 0.00, 8.71, 0.00, 70.50, 68.77, 0, 0
2.00, 5.70, 21.44, 21.44, -400.54, 20.00, 4.63, 15.56, 14.87, 0.00, 2.38, 0.00, 81.09, 79.79, 0, 0
2.00, 5.70, 21.50, 21.50, -235.18, 20.00, 4.63, 15.00, 14.31, 0.00, 0.00, 0.00, 0.00, 90.00, 0, 0
2.00, 5.70, 21.53, 21.53, -242.08, 20.00, 4.63, 14.44, 13.76, 0.00, 0.00, 0.00, 0.00, 90.00, 0, 0
2.00, 5.70, 21.55, 21.55, -256.39, 20.00, 4.63, 13.89, 13.20, 0.00, 0.00, 0.00, 0.00, 90.00, 0, 0
2.00, 5.70, 21.55, 21.55, -275.69, 20.00, 4.63, 13.33, 12.65, 0.00, 0.00, 0.00, 0.00, 90.00, 0, 0
2.00, 5.70, 21.47, 21.47, -426.56, 20.00, 4.63, 13.33, 12.63, 0.00, 0.00, 0.00, 0.00, 90.00, 0, 0
2.00, 5.70, 21.31, 21.31, -633.19, 20.00, 4.63, 12.78, 12.07, 0.00, 0.00, 0.00, 0.00, 90.00, 0, 0
2.00, 5.70, 21.16, 21.16, -723.51, 20.00, 4.63, 11.67, 10.96, 0.00, 0.00, 0.00, 0.00, 90.00, 0, 0
2.00, 5.70, 21.00, 21.00, -810.92, 20.00, 4.63, 10.56, 9.85, 0.00, 0.00, 0.00, 0.00, 90.00, 0, 0
2.00, 5.70, 20.85, 20.85, -897.73, 20.00, 4.63, 9.44, 8.74, 0.00, 0.00, 0.00, 0.00, 90.00, 0, 0
2.00, 5.70, 20.70, 20.70, -959.38, 20.00, 4.63, 8.89, 8.17, 0.00, 0.00, 0.00, 0.00, 90.00, 0, 0
2.00, 5.70, 20.55, 20.55, -1045.82, 20.00, 4.63, 7.78, 7.05, 0.00, 0.00, 0.00, 0.00, 90.00, 0, 0
2.00, 5.70, 20.39, 20.39, -1134.24, 20.00, 4.63, 6.67, 5.94, 0.00, 0.00, 0.00, 0.00, 90.00, 0, 0
2.00, 5.70, 20.28, 20.28, -1120.75, 20.00, 4.63, 7.22, 6.49, 0.00, 7.13, 0.00, -90.00, 88.55, 0, 0
2.00, 5.70, 20.36, 20.36, -772.86, 20.00, 4.63, 8.89, 8.16, 104.06, 25.68, 38.87, -79.34, 77.25, 0, 0
2.00, 5.70, 20.75, 20.75, -78.82, 20.00, 4.63, 11.67, 10.94, 280.84, 64.97, 34.73, -68.49, 66.33, 0, 0
2.00, 5.70, 20.98, 20.98, -139.06, 20.00, 4.63, 13.33, 12.62, 120.91, 73.30, 36.02, -55.76, 56.27, 0, 0
2.00, 5.70, 21.12, 21.12, -183.58, 20.00, 4.63, 14.44, 13.71, 14.40, 78.70, 42.23, -39.99, 47.82, 0, 0
2.00, 5.70, 21.26, 21.26, -70.66, 20.00, 4.63, 15.56, 14.82, 1.15, 92.68, 51.58, -20.29, 42.08, 0, 0
2.00, 5.70, 21.48, 21.48, 155.52, 20.00, 4.63, 16.67, 15.93, 4.16, 120.23, 62.64, 2.41, 40.30, 0, 0
2.00, 5.70, 21.67, 21.67, 243.22, 20.00, 4.63, 17.78, 17.04, 1.06, 119.47, 74.55, 24.71, 42.99, 0, 0
2.00, 5.70, 21.82, 21.82, 263.29, 20.00, 4.63, 18.33, 17.59, 0.58, 101.60, 86.87, 43.58, 49.40, 0, 0
2.00, 5.70, 21.96, 21.96, 310.59, 20.00, 4.63, 18.33, 17.59, 0.00, 91.82, 0.00, 58.62, 58.26, 0, 0
2.00, 5.70, 22.07, 22.07, 343.98, 20.00, 4.63, 17.78, 17.04, 0.00, 64.49, 0.00, 70.87, 68.55, 0, 0
2.00, 5.70, 22.12, 22.12, 252.58, 20.00, 4.63, 16.67, 15.93, 0.00, 24.43, 0.00, 81.45, 79.58, 0, 0
2.00, 5.70, 22.09, 22.09, 117.43, 20.00, 4.63, 15.00, 14.27, 0.00, 3.96, 0.00, 0.00, 90.00, 0, 0
2.00, 5.70, 22.03, 22.03, 26.77, 20.00, 4.63, 13.89, 13.16, 0.00, 0.00, 0.00, 0.00, 90.00, 0, 0
2.00, 5.70, 21.97, 21.97, -25.41, 20.00, 4.63, 13.33, 12.60, 0.00, 0.00, 0.00, 0.00, 90.00, 0, 0
2.00, 5.70, 21.90, 21.90, -98.74, 20.00, 4.63, 12.22, 11.47, 0.00, 0.00, 0.00, 0.00, 90.00, 0, 0
2.00, 5.70, 21.75, 21.75, -325.09, 20.00, 4.63, 11.11, 10.36, 0.00, 0.00, 0.00, 0.00, 90.00, 0, 0
2.00, 5.70, 21.51, 21.51, -582.33, 20.00, 4.63, 10.00, 9.25, 0.00, 0.00, 0.00, 0.00, 90.00, 0, 0
2.00, 5.70, 21.29, 21.29, -696.66, 20.00, 4.63, 8.89, 8.14, 0.00, 0.00, 0.00, 0.00, 90.00, 0, 0
2.00, 5.70, 21.10, 21.10, -779.32, 20.00, 4.63, 8.33, 7.58, 0.00, 0.00, 0.00, 0.00, 90.00, 0, 0
2.00, 5.70, 20.91, 20.91, -882.63, 20.00, 4.63, 7.22, 6.47, 0.00, 0.00, 0.00, 0.00, 90.00, 0, 0
2.00, 5.70, 20.72, 20.72, -985.23, 20.00, 4.63, 6.11, 5.36, 0.00, 0.00, 0.00, 0.00, 90.00, 0, 0
2.00, 5.70, 20.55, 20.55, -1061.73, 20.00, 4.63, 5.56, 4.80, 0.00, 0.00, 0.00, 0.00, 90.00, 0, 0
2.00, 5.70, 20.36, 20.36, -1162.76, 20.00, 4.63, 4.44, 3.69, 0.00, 0.00, 0.00, 0.00, 90.00, 0, 0
2.00, 5.70, 20.30, 20.30, -1009.89, 20.00, 4.63, 6.11, 5.34, 0.00, 12.67, 0.00, -90.00, 88.23, 0, 0
2.00, 5.70, 20.68, 20.68, -156.65, 20.00, 4.63, 8.33, 7.58, 320.30, 36.25, 39.20, -79.59, 76.92, 0, 0
2.00, 5.70, 21.25, 21.25, 512.49, 20.00, 4.63, 10.56, 9.81, 460.67, 73.00, 35.12, -68.74, 65.99, 0, 0
2.00, 5.70, 21.83, 21.83, 884.86, 20.00, 4.63, 13.33, 12.58, 379.85, 109.03, 36.43, -55.99, 55.91, 0, 0
2.00, 5.70, 22.27, 22.27, 960.44, 20.00, 4.63, 15.56, 14.80, 87.13, 134.20, 42.61, -40.16, 47.43, 0, 0
2.00, 5.70, 22.65, 22.65, 1082.77, 20.00, 4.63, 17.78, 17.02, 8.11, 159.47, 51.93, -20.34, 41.67, 0, 0
2.00, 5.70, 22.95, 22.95, 1138.27, 20.00, 4.63, 19.44, 18.68, 11.43, 167.13, 62.95, 2.55, 39.90, 0, 0
2.00, 5.70, 23.18, 23.18, 1136.77, 20.00, 4.63, 20.56, 19.79, 2.69, 158.10, 74.85, 25.01, 42.63, 0, 0
2.00, 5.70, 23.31, 23.31, 1048.01, 20.00, 4.63, 20.56, 19.79, 1.24, 132.30, 87.16, 43.94, 49.10, 0, 0
2.00, 5.70, 23.40, 23.40, 1006.28, 20.00, 4.63, 20.56, 19.79, 0.00, 101.88, 0.00, 59.00, 58.01, 0, 0
2.00, 5.70, 23.40, 23.40, 850.89, 20.00, 4.63, 18.89, 18.13, 0.00, 60.35, 0.00, 71.24, 68.32, 0, 0
2.00, 5.70, 23.32, 23.32, 644.83, 20.00, 4.63, 17.22, 16.48, 0.00, 22.40, 0.00, 81.81, 79.37, 0, 0
2.00, 5.70, 23.25, 23.25, 587.19, 20.00, 4.63, 16.11, 15.36, 0.00, 4.75, 0.00, 0.00, 90.00, 0, 0
2.00, 5.70, 23.17, 23.17, 481.70, 20.00, 4.63, 15.00, 14.25, 0.00, 0.00, 0.00, 0.00, 90.00, 0, 0
2.00, 5.70, 23.08, 23.08, 394.37, 20.00, 4.63, 13.89, 13.14, 0.00, 0.00, 0.00, 0.00, 90.00, 0, 0
2.00, 5.70, 23.00, 23.00, 335.71, 20.00, 4.63, 13.33, 12.58, 0.00, 0.00, 0.00, 0.00, 90.00, 0, 0
2.00, 5.70, 22.81, 22.81, 53.25, 20.00, 4.63, 12.22, 11.47, 0.00, 0.00, 0.00, 0.00, 90.00, 0, 0
2.00, 5.70, 22.55, 22.55, -216.45, 20.00, 4.63, 11.11, 10.36, 0.00, 0.00, 0.00, 0.00, 90.00, 0, 0
2.00, 5.70, 22.33, 22.33, -315.20, 20.00, 4.63, 10.56, 9.81, 0.00, 0.00, 0.00, 0.00, 90.00, 0, 0
2.00, 5.70, 22.13, 22.13, -404.13, 20.00, 4.63, 10.00, 9.25, 0.00, 0.00, 0.00, 0.00, 90.00, 0, 0
2.00, 5.70, 21.95, 21.95, -486.95, 20.00, 4.63, 9.44, 8.68, 0.00, 0.00, 0.00, 0.00, 90.00, 0, 0
2.00, 5.70, 21.77, 21.77, -591.56, 20.00, 4.63, 8.33, 7.58, 0.00, 0.00, 0.00, 0.00, 90.00, 0, 0
2.00, 5.70, 21.61, 21.61, -669.97, 20.00, 4.63, 7.78, 7.03, 0.00, 0.00, 0.00, 0.00, 90.00, 0, 0
2.00, 5.70, 21.44, 21.44, -746.42, 20.00, 4.63, 7.22, 6.47, 0.00, 0.00, 0.00, 0.00, 90.00, 0, 0
2.00, 5.70, 21.39, 21.39, -625.51, 20.00, 4.63, 8.33, 7.59, 0.00, 11.09, 47.73, -90.00, 87.91, 0, 0
2.00, 5.70, 21.40, 21.40, -502.48, 20.00, 4.63, 9.44, 8.70, 31.04, 17.56, 39.54, -79.85, 76.59, 0, 0
2.00, 5.70, 21.51, 21.51, -268.40, 20.00, 4.63, 11.11, 10.36, 56.03, 42.19, 35.52, -68.99, 65.65, 0, 0
2.00, 5.70, 21.69, 21.69, -57.05, 20.00, 4.63, 12.78, 12.03, 50.13, 65.94, 36.84, -56.23, 55.55, 0, 0
2.00, 5.70, 21.82, 21.82, -36.62, 20.00, 4.63, 13.89, 13.14, 4.83, 65.26, 42.99, -40.34, 47.04, 0, 0
2.00, 5.70, 21.96, 21.96, 73.39, 20.00, 4.63, 14.44, 13.71, 0.65, 79.68, 52.28, -20.38, 41.26, 0, 0
2.00, 5.70, 22.16, 22.16, 283.25, 20.00, 4.63, 16.11, 15.36, 1.92, 101.37, 63.27, 2.70, 39.50, 0, 0
2.00, 5.70, 22.30, 22.30, 284.58, 20.00, 4.63, 16.67, 15.91, 0.29, 86.17, 75.15, 25.31, 42.28, 0, 0
2.00, 5.70, 22.40, 22.40, 268.95, 20.00, 4.63, 16.67, 15.91, 0.13, 75.09, 87.45, 44.31, 48.80, 0, 0
2.00, 5.70, 22.53, 22.53, 394.11, 20.00, 4.63, 17.22, 16.46, 0.00, 84.42, 0.00, 59.38, 57.75, 0, 0
2.00, 5.70, 22.69, 22.69, 529.61, 20.00, 4.63, 17.22, 16.46, 0.00, 70.25, 0.00, 71.61, 68.10, 0, 0
2.00, 5.70, 22.80, 22.80, 497.80, 20.00, 4.63, 16.11, 15.36, 0.00, 30.27, 0.00, 82.18, 79.17, 0, 0
2.00, 5.70, 22.80, 22.80, 335.12, 20.00, 4.63, 15.00, 14.25, 0.00, 4.75, 0.00, 0.00, 90.00, 0, 0
2.00, 5.70, 22.76, 22.76, 242.11, 20.00, 4.63, 13.89, 13.14, 0.00, 0.00, 0.00, 0.00, 90.00, 0, 0
2.00, 5.70, 22.70, 22.70, 164.73, 20.00, 4.63, 12.78, 12.03, 0.00, 0.00, 0.00, 0.00, 90.00, 0, 0
2.00, 5.70, 22.63, 22.63, 88.87, 20.00, 4.63, 11.67, 10.92, 0.00, 0.00, 0.00, 0.00, 90.00, 0, 0
2.00, 5.70, 22.46, 22.46, -164.04, 20.00, 4.63, 11.11, 10.36, 0.00, 0.00, 0.00, 0.00, 90.00, 0, 0
2.00, 5.70, 22.20, 22.20, -453.89, 20.00, 4.63, 9.44, 8.68, 0.00, 0.00, 0.00, 0.00, 90.00, 0, 0
2.00, 5.70, 21.98, 21.98, -550.35, 20.00, 4.63, 8.89, 8.14, 0.00, 0.00, 0.00, 0.00, 90.00, 0, 0
2.00, 5.70, 21.76, 21.76, -663.42, 20.00, 4.63, 7.78, 7.01, 0.00, 0.00, 0.00, 0.00, 90.00, 0, 0
2.00, 5.70, 21.57, 21.57, -747.22, 20.00, 4.63, 7.22, 6.45, 0.00, 0.00, 0.00, 0.00, 90.00, 0, 0
2.00, 5.70, 21.37, 21.37, -853.13, 20.00, 4.63, 6.11, 5.34, 0.00, 0.00, 0.00, 0.00, 90.00, 0, 0
2.00, 5.70, 21.18, 21.18, -958.92, 20.00, 4.63, 5.00, 4.25, 0.00, 0.00, 0.00, 0.00, 90.00, 0, 0
2.00, 5.70, 20.99, 20.99, -1039.14, 20.00, 4.63, 4.44, 3.67, 0.00, 0.00, 0.00, 0.00, 90.00, 0, 0
2.00, 5.70, 20.83, 20.83, -1081.73, 20.00, 4.63, 4.44, 3.69, 0.00, 3.96, 47.75, -90.00, 87.59, 0, 0
2.00, 5.70, 20.86, 20.86, -771.19, 20.00, 4.63, 6.11, 5.36, 87.76, 25.81, 39.87, -80.10, 76.27, 0, 0
2.00, 5.70, 21.00, 21.00, -512.53, 20.00, 4.63, 8.33, 7.59, 95.70, 54.03, 35.91, -69.24, 65.31, 0, 0
2.00, 5.70, 21.23, 21.23, -222.04, 20.00, 4.63, 10.56, 9.81, 96.56, 81.12, 37.25, -56.46, 55.19, 0, 0
2.00, 5.70, 21.45, 21.45, -83.75, 20.00, 4.63, 12.22, 11.49, 16.78, 98.21, 43.38, -40.51, 46.65, 0, 0
2.00, 5.70, 21.69, 21.69, 107.15, 20.00, 4.63, 13.89, 13.14, 2.58, 118.59, 52.62, -20.43, 40.85, 0, 0
2.00, 5.70, 21.93, 21.93, 265.63, 20.00, 4.63, 15.56, 14.80, 4.29, 130.78, 63.59, 2.85, 39.10, 0, 0
2.00, 5.70, 22.19, 22.19, 443.38, 20.00, 4.63, 16.67, 15.93, 1.80, 148.56, 75.45, 25.62, 41.92, 0, 0
2.00, 5.70, 22.44, 22.44, 577.21, 20.00, 4.63, 17.78, 17.02, 0.97, 147.56, 87.75, 44.69, 48.50, 0, 0
2.00, 5.70, 22.57, 22.57, 490.75, 20.00, 4.63, 17.78, 17.04, 0.00, 97.17, 0.00, 59.76, 57.50, 0, 0
2.00, 5.70, 22.57, 22.57, 275.03, 20.00, 4.63, 16.67, 15.93, 0.00, 48.93, 0.00, 71.98, 67.88, 0, 0
2.00, 5.70, 22.53, 22.53, 188.17, 20.00, 4.63, 15.00, 14.27, 0.00, 23.90, 0.00, 82.54, 78.96, 0, 0
2.00, 5.70, 22.49, 22.49, 148.82, 20.00, 4.63, 13.89, 13.16, 0.00, 6.34, 0.00, 0.00, 90.00, 0, 0
2.00, 5.70, 22.44, 22.44, 76.35, 20.00, 4.63, 13.33, 12.62, 0.00, 0.00, 0.00, 0.00, 90.00, 0, 0
2.00, 5.70, 22.39, 22.39, 49.92, 20.00, 4.63, 13.33, 12.62, 0.00, 0.00, 0.00, 0.00, 90.00, 0, 0
2.00, 5.70, 22.34, 22.34, 3.75, 20.00, 4.63, 12.78, 12.05, 0.00, 0.00, 0.00, 0.00, 90.00, 0, 0
2.00, 5.70, 22.21, 22.21, -193.78, 20.00, 4.63, 12.22, 11.50, 0.00, 0.00, 0.00, 0.00, 90.00, 0, 0
2.00, 5.70, 22.01, 22.01, -420.59, 20.00, 4.63, 11.67, 10.94, 0.00, 0.00, 0.00, 0.00, 90.00, 0, 0
2.00, 5.70, 21.83, 21.83, -502.60, 20.00, 4.63, 11.11, 10.39, 0.00, 0.00, 0.00, 0.00, 90.00, 0, 0
2.00, 5.70, 21.68, 21.68, -551.64, 20.00, 4.63, 11.11, 10.38, 0.00, 0.00, 0.00, 0.00, 90.00, 0, 0
2.00, 5.70, 21.54, 21.54, -619.21, 20.00, 4.63, 10.56, 9.83, 0.00, 0.00, 0.00, 0.00, 90.00, 0, 0
2.00, 5.70, 21.41, 21.41, -684.35, 20.00, 4.63, 10.00, 9.28, 0.00, 0.00, 0.00, 0.00, 90.00, 0, 0
2.00, 5.70, 21.29, 21.29, -722.42, 20.00, 4.63, 10.00, 9.27, 0.00, 0.00, 0.00, 0.00, 90.00, 0, 0
2.00, 5.70, 21.17, 21.17, -782.69, 20.00, 4.63, 9.44, 8.74, 0.00, 0.00, 0.00, 0.00, 90.00, 0, 0
2.00, 5.70, 21.11, 21.11, -717.10, 20.00, 4.63, 10.56, 9.85, 0.00, 11.88, 47.76, -90.00, 87.26, 0, 0
2.00, 5.70, 21.55, 21.55, 260.45, 20.00, 4.63, 13.33, 12.63, 360.34, 39.40, 40.20, -80.36, 75.94, 0, 0
2.00, 5.70, 21.86, 21.86, 296.96, 20.00, 4.63, 15.00, 14.31, 218.23, 64.00, 36.31, -69.50, 64.97, 0, 0
2.00, 5.70, 22.27, 22.27, 691.67, 20.00, 4.63, 17.22, 16.53, 211.14, 100.61, 37.65, -56.70, 54.82, 0, 0
2.00, 5.70, 22.46, 22.46, 504.77, 20.00, 4.63, 18.33, 17.64, 17.57, 89.03, 43.76, -40.69, 46.26, 0, 0
2.00, 5.70, 22.66, 22.66, 631.48, 20.00, 4.63, 19.44, 18.74, 2.58, 113.77, 52.97, -20.47, 40.45, 0, 0
2.00, 5.70, 22.81, 22.81, 618.36, 20.00, 4.63, 20.00, 19.30, 2.40, 106.70, 63.91, 3.00, 38.70, 0, 0
2.00, 5.70, 22.81, 22.81, 394.83, 20.00, 4.63, 19.44, 18.74, 0.10, 58.24, 75.75, 25.93, 41.57, 0, 0
2.00, 5.70, 22.78, 22.78, 316.72, 20.00, 4.63, 18.33, 17.64, 0.01, 49.36, 88.04, 45.07, 48.20, 0, 0
2.00, 5.70, 22.75, 22.75, 277.09, 20.00, 4.63, 17.78, 17.08, 0.00, 48.45, 0.00, 60.15, 57.25, 0, 0
2.00, 5.70, 22.68, 22.68, 160.91, 20.00, 4.63, 17.22, 16.53, 0.00, 29.08, 0.00, 72.35, 67.66, 0, 0
2.00, 5.70, 22.60, 22.60, 97.22, 20.00, 4.63, 16.11, 15.42, 0.00, 13.46, 0.00, 82.90, 78.75, 0, 0
2.00, 5.70, 22.61, 22.61, 204.36, 20.00, 4.63, 15.56, 14.87, 0.00, 3.17, 0.00, 0.00, 90.00, 0, 0
2.00, 5.70, 22.60, 22.60, 167.53, 20.00, 4.63, 15.00, 14.32, 0.00, 0.00, 0.00, 0.00, 90.00, 0, 0
2.00, 5.70, 22.59, 22.59, 159.06, 20.00, 4.63, 15.00, 14.32, 0.00, 0.00, 0.00, 0.00, 90.00, 0, 0
2.00, 5.70, 22.58, 22.58, 125.96, 20.00, 4.63, 14.44, 13.76, 0.00, 0.00, 0.00, 0.00, 90.00, 0, 0
2.00, 5.70, 22.47, 22.47, -61.78, 20.00, 4.63, 13.89, 13.21, 0.00, 0.00, 0.00, 0.00, 90.00, 0, 0
2.00, 5.70, 22.31, 22.31, -255.82, 20.00, 4.63, 13.89, 13.20, 0.00, 0.00, 0.00, 0.00, 90.00, 0, 0
2.00, 5.70, 22.16, 22.16, -329.35, 20.00, 4.63, 13.33, 12.65, 0.00, 0.00, 0.00, 0.00, 90.00, 0, 0
2.00, 5.70, 22.02, 22.02, -396.75, 20.00, 4.63, 12.78, 12.09, 0.00, 0.00, 0.00, 0.00, 90.00, 0, 0
2.00, 5.70, 21.91, 21.91, -435.16, 20.00, 4.63, 12.78, 12.09, 0.00, 0.00, 0.00, 0.00, 90.00, 0, 0
2.00, 5.70, 21.79, 21.79, -494.38, 20.00, 4.63, 12.22, 11.54, 0.00, 0.00, 0.00, 0.00, 90.00, 0, 0
2.00, 5.70, 21.69, 21.69, -527.35, 20.00, 4.63, 12.22, 11.54, 0.00, 0.00, 0.00, 0.00, 90.00, 0, 0
2.00, 5.70, 21.59, 21.59, -582.85, 20.00, 4.63, 11.67, 10.99, 0.00, 0.00, 0.00, 0.00, 90.00, 0, 0
2.00, 5.70, 21.52, 21.52, -568.69, 20.00, 4.63, 12.22, 11.55, 0.00, 4.75, 47.77, -90.00, 86.94, 0, 0
2.00, 5.70, 21.48, 21.48, -540.94, 20.00, 4.63, 12.78, 12.10, 0.00, 10.30, 40.54, -80.62, 75.61, 0, 0
2.00, 5.70, 21.47, 21.47, -498.08, 20.00, 4.63, 13.33, 12.66, 0.00, 17.42, 36.70, -69.75, 64.63, 0, 0
2.00, 5.70, 21.55, 21.55, -301.32, 20.00, 4.63, 14.44, 13.78, 13.53, 44.77, 38.06, -56.94, 54.46, 0, 0
2.00, 5.70, 21.63, 21.63, -240.38, 20.00, 4.63, 15.56, 14.87, 0.95, 45.10, 44.14, -40.87, 45.88, 0, 0
2.00, 5.70, 21.62, 21.62, -357.69, 20.00, 4.63, 15.56, 14.87, 0.02, 15.69, 53.32, -20.52, 40.04, 0, 0
2.00, 5.70, 21.59, 21.59, -408.45, 20.00, 4.63, 15.00, 14.31, 0.00, 12.67, 64.23, 3.15, 38.30, 0, 0
2.00, 5.70, 21.62, 21.62, -288.25, 20.00, 4.63, 15.56, 14.86, 0.03, 37.41, 76.06, 26.25, 41.21, 0, 0
2.00, 5.70, 21.73, 21.73, -100.57, 20.00, 4.63, 16.11, 15.40, 0.05, 65.80, 88.33, 45.45, 47.91, 0, 0
2.00, 5.70, 21.83, 21.83, -53.66, 20.00, 4.63, 16.67, 15.97, 0.00, 59.26, 0.00, 60.53, 57.00, 0, 0
2.00, 5.70, 21.83, 21.83, -190.15, 20.00, 4.63, 16.11, 15.42, 0.00, 26.39, 0.00, 72.73, 67.44, 0, 0
2.00, 5.70, 21.80, 21.80, -241.82, 20.00, 4.63, 15.56, 14.86, 0.00, 4.75, 0.00, 83.26, 78.55, 0, 0
2.00, 5.70, 21.86, 21.86, -94.89, 20.00, 4.63, 15.00, 14.29, 0.00, 0.00, 0.00, 93.11, 89.91, 0, 0
2.00, 5.70, 21.89, 21.89, -109.77, 20.00, 4.63, 14.44, 13.74, 0.00, 0.00, 0.00, 0.00, 90.00, 0, 0
2.00, 5.70, 21.90, 21.90, -130.51, 20.00, 4.63, 13.89, 13.18, 0.00, 0.00, 0.00, 0.00, 90.00, 0, 0
2.00, 5.70, 21.89, 21.89, -155.42, 20.00, 4.63, 13.33, 12.62, 0.00, 0.00, 0.00, 0.00, 90.00, 0, 0
2.00, 5.70, 21.80, 21.80, -336.39, 20.00, 4.63, 12.78, 12.05, 0.00, 0.00, 0.00, 0.00, 90.00, 0, 0
2.00, 5.70, 21.63, 21.63, -549.82, 20.00, 4.63, 12.22, 11.49, 0.00, 0.00, 0.00, 0.00, 90.00, 0, 0
2.00, 5.70, 21.46, 21.46, -646.32, 20.00, 4.63, 11.11, 10.38, 0.00, 0.00, 0.00, 0.00, 90.00, 0, 0
2.00, 5.70, 21.30, 21.30, -739.49, 20.00, 4.63, 10.00, 9.27, 0.00, 0.00, 0.00, 0.00, 90.00, 0, 0
2.00, 5.70, 21.12, 21.12, -857.52, 20.00, 4.63, 8.33, 7.61, 0.00, 0.00, 0.00, 0.00, 90.00, 0, 0
2.00, 5.70, 20.94, 20.94, -952.69, 20.00, 4.63, 7.22, 6.49, 0.00, 0.00, 0.00, 0.00, 90.00, 0, 0
2.00, 5.70, 20.76, 20.76, -1048.55, 20.00, 4.63, 6.11, 5.38, 0.00, 0.00, 0.00, 0.00, 90.00, 0, 0
2.00, 5.70, 20.58, 20.58, -1145.92, 20.00, 4.63, 5.00, 4.25, 0.00, 0.00, 0.00, 0.00, 90.00, 0, 0
2.00, 5.70, 20.48, 20.48, -1080.22, 20.00, 4.63, 6.11, 5.38, 0.00, 15.05, 47.79, -90.00, 86.62, 0, 0
2.00, 5.70, 20.84, 20.84, -182.82, 20.00, 4.63, 8.89, 8.16, 326.95, 41.23, 40.87, -80.87, 75.29, 0, 0
2.00, 5.70, 21.19, 21.19, 35.04, 20.00, 4.63, 11.11, 10.38, 263.33, 68.72, 37.09, -70.01, 64.29, 0, 0
2.00, 5.70, 21.45, 21.45, 89.13, 20.00, 4.63, 12.78, 12.05, 129.94, 91.16, 38.47, -57.17, 54.10, 0, 0
2.00, 5.70, 21.64, 21.64, 126.98, 20.00, 4.63, 14.44, 13.71, 7.57, 103.89, 44.53, -41.05, 45.49, 0, 0
2.00, 5.70, 21.86, 21.86, 288.62, 20.00, 4.63, 16.11, 15.36, 2.37, 123.58, 53.67, -20.57, 39.63, 0, 0
2.00, 5.70, 22.05, 22.05, 362.77, 20.00, 4.63, 17.22, 16.46, 3.05, 126.04, 64.55, 3.31, 37.91, 0, 0
2.00, 5.70, 22.21, 22.21, 409.91, 20.00, 4.63, 17.78, 17.02, 0.72, 123.77, 76.36, 26.57, 40.86, 0, 0
2.00, 5.70, 22.33, 22.33, 398.60, 20.00, 4.63, 17.78, 17.02, 0.14, 105.63, 88.62, 45.83, 47.61, 0, 0
2.00, 5.70, 22.41, 22.41, 383.79, 20.00, 4.63, 17.78, 17.02, 0.00, 86.29, 0.00, 60.92, 56.75, 0, 0
2.00, 5.70, 22.51, 22.51, 452.92, 20.00, 4.63, 17.22, 16.46, 0.00, 68.65, 0.00, 73.10, 67.22, 0, 0
2.00, 5.70, 22.61, 22.61, 504.34, 20.00, 4.63, 15.56, 14.80, 0.00, 34.92, 0.00, 83.62, 78.35, 0, 0
2.00, 5.70, 22.57, 22.57, 258.61, 20.00, 4.63, 14.44, 13.69, 0.00, 8.71, 0.00, 93.46, 89.71, 0, 0
2.00, 5.70, 22.49, 22.49, 136.83, 20.00, 4.63, 13.33, 12.58, 0.00, 0.00, 0.00, 0.00, 90.00, 0, 0
2.00, 5.70, 22.39, 22.39, 47.31, 20.00, 4.63, 12.22, 11.47, 0.00, 0.00, 0.00, 0.00, 90.00, 0, 0
2.00, 5.70, 22.29, 22.29, -37.89, 20.00, 4.63, 11.11, 10.36, 0.00, 0.00, 0.00, 0.00, 90.00, 0, 0
2.00, 5.70, 22.11, 22.11, -274.44, 20.00, 4.63, 10.00, 9.23, 0.00, 0.00, 0.00, 0.00, 90.00, 0, 0
2.00, 5.70, 21.84, 21.84, -566.32, 20.00, 4.63, 8.33, 7.58, 0.00, 0.00, 0.00, 0.00, 90.00, 0, 0
2.00, 5.70, 21.61, 21.61, -665.10, 20.00, 4.63, 7.78, 7.01, 0.00, 0.00, 0.00, 0.00, 90.00, 0, 0
2.00, 5.70, 21.40, 21.40, -754.48, 20.00, 4.63, 7.22, 6.45, 0.00, 0.00, 0.00, 0.00, 90.00, 0, 0
2.00, 5.70, 21.20, 21.20, -864.27, 20.00, 4.63, 6.11, 5.34, 0.00, 0.00, 0.00, 0.00, 90.00, 0, 0
2.00, 5.70, 21.01, 21.01, -946.66, 20.00, 4.63, 5.56, 4.78, 0.00, 0.00, 0.00, 0.00, 90.00, 0, 0
2.00, 5.70, 20.82, 20.82, -1052.60, 20.00, 4.63, 4.44, 3.67, 0.00, 0.00, 0.00, 0.00, 90.00, 0, 0
2.00, 5.70, 20.63, 20.63, -1132.86, 20.00, 4.63, 3.89, 3.11, 0.00, 0.00, 0.00, 0.00, 90.00, 0, 0
2.00, 5.70, 20.51, 20.51, -1090.81, 20.00, 4.63, 5.00, 4.23, 0.00, 11.09, 47.81, -90.00, 86.30, 0, 0
2.00, 5.70, 21.04, 21.04, 159.82, 20.00, 4.63, 8.33, 7.58, 461.48, 50.28, 41.21, -81.13, 74.96, 0, 0
2.00, 5.70, 21.85, 21.85, 1071.46, 20.00, 4.63, 12.22, 11.47, 627.96, 98.34, 37.48, -70.26, 63.95, 0, 0
2.00, 5.70, 22.51, 22.51, 1298.84, 20.00, 4.63, 15.00, 14.23, 400.16, 134.43, 38.88, -57.41, 53.74, 0, 0
2.00, 5.70, 22.98, 22.98, 1297.05, 20.00, 4.63, 17.22, 16.48, 16.39, 155.95, 44.91, -41.24, 45.10, 0, 0
2.00, 5.70, 23.27, 23.27, 1207.70, 20.00, 4.63, 18.89, 18.13, 6.46, 168.13, 54.02, -20.61, 39.22, 0, 0
2.00, 5.70, 23.51, 23.51, 1245.61, 20.00, 4.63, 20.56, 19.79, 8.23, 176.22, 64.87, 3.47, 37.51, 0, 0
2.00, 5.70, 23.67, 23.67, 1201.64, 20.00, 4.63, 21.11, 20.36, 1.55, 162.19, 76.66, 26.89, 40.51, 0, 0
2.00, 5.70, 23.79, 23.79, 1165.15, 20.00, 4.63, 21.67, 20.90, 0.24, 135.69, 88.91, 46.22, 47.32, 0, 0
2.00, 5.70, 23.83, 23.83, 1038.39, 20.00, 4.63, 20.56, 19.81, 0.00, 97.53, 0.00, 61.31, 56.50, 0, 0
2.00, 5.70, 23.83, 23.83, 944.92, 20.00, 4.63, 19.44, 18.70, 0.00, 63.75, 0.00, 73.48, 67.00, 0, 0
2.00, 5.70, 23.79, 23.79, 840.23, 20.00, 4.63, 17.22, 16.48, 0.00, 29.72, 0.00, 83.99, 78.14, 0, 0
2.00, 5.70, 23.70, 23.70, 668.58, 20.00, 4.63, 16.11, 15.38, 0.00, 6.34, 0.00, 93.82, 89.50, 0, 0
2.00, 5.70, 23.60, 23.60, 569.31, 20.00, 4.63, 15.56, 14.82, 0.00, 0.00, 0.00, 0.00, 90.00, 0, 0
2.00, 5.70, 23.50, 23.50, 474.18, 20.00, 4.63, 14.44, 13.73, 0.00, 0.00, 0.00, 0.00, 90.00, 0, 0
2.00, 5.70, 23.40, 23.40, 409.16, 20.00, 4.63, 13.89, 13.16, 0.00, 0.00, 0.00, 0.00, 90.00, 0, 0
2.00, 5.70, 23.24, 23.24, 196.27, 20.00, 4.63, 13.33, 12.60, 0.00, 0.00, 0.00, 0.00, 90.00, 0, 0
2.00, 5.70, 23.00, 23.00, -68.53, 20.00, 4.63, 12.22, 11.50, 0.00, 0.00, 0.00, 0.00, 90.00, 0, 0
2.00, 5.70, 22.81, 22.81, -138.67, 20.00, 4.63, 12.22, 11.49, 0.00, 0.00, 0.00, 0.00, 90.00, 0, 0
2.00, 5.70, 22.63, 22.63, -222.56, 20.00, 4.63, 11.67, 10.92, 0.00, 0.00, 0.00, 0.00, 90.00, 0, 0
2.00, 5.70, 22.47, 22.47, -300.94, 20.00, 4.63, 11.11, 10.38, 0.00, 0.00, 0.00, 0.00, 90.00, 0, 0
2.00, 5.70, 22.34, 22.34, -350.24, 20.00, 4.63, 11.11, 10.38, 0.00, 0.00, 0.00, 0.00, 90.00, 0, 0
2.00, 5.70, 22.20, 22.20, -420.30, 20.00, 4.63, 10.56, 9.83, 0.00, 0.00, 0.00, 0.00, 90.00, 0, 0
2.00, 5.70, 22.07, 22.07, -489.14, 20.00, 4.63, 10.00, 9.28, 0.00, 0.00, 0.00, 0.00, 90.00, 0, 0
2.00, 5.70, 22.05, 22.05, -337.70, 20.00, 4.63, 11.67, 10.96, 0.00, 10.30, 47.83, -90.00, 85.98, 0, 0
2.00, 5.70, 22.13, 22.13, -125.17, 20.00, 4.63, 13.33, 12.62, 37.13, 26.76, 41.54, -81.38, 74.64, 0, 0
2.00, 5.70, 22.28, 22.28, 69.12, 20.00, 4.63, 15.00, 14.29, 39.68, 48.11, 37.87, -70.52, 63.62, 0, 0
2.00, 5.70, 22.52, 22.52, 352.54, 20.00, 4.63, 16.67, 15.97, 52.57, 75.50, 39.28, -57.66, 53.39, 0, 0
2.00, 5.70, 22.69, 22.69, 372.12, 20.00, 4.63, 17.78, 17.06, 0.88, 72.89, 45.29, -41.43, 44.72, 0, 0
2.00, 5.70, 22.79, 22.79, 327.60, 20.00, 4.63, 17.78, 17.06, 0.10, 60.99, 54.36, -20.66, 38.82, 0, 0
2.00, 5.70, 22.93, 22.93, 474.23, 20.00, 4.63, 18.89, 18.17, 0.36, 78.54, 65.19, 3.63, 37.11, 0, 0
2.00, 5.70, 23.09, 23.09, 584.08, 20.00, 4.63, 19.44, 18.72, 0.14, 89.30, 76.96, 27.22, 40.17, 0, 0
2.00, 5.70, 23.18, 23.18, 523.08, 20.00, 4.63, 19.44, 18.72, 0.01, 64.47, 89.20, 46.61, 47.03, 0, 0
2.00, 5.70, 23.18, 23.18, 395.27, 20.00, 4.63, 18.89, 18.15, 0.00, 36.21, 0.00, 61.70, 56.26, 0, 0
2.00, 5.70, 23.27, 23.27, 563.04, 20.00, 4.63, 18.33, 17.61, 0.00, 56.21, 0.00, 73.85, 66.79, 0, 0
2.00, 5.70, 23.49, 23.49, 856.99, 20.00, 4.63, 18.33, 17.61, 0.00, 41.40, 0.00, 84.35, 77.94, 0, 0
2.00, 5.70, 23.53, 23.53, 615.66, 20.00, 4.63, 17.22, 16.50, 0.00, 11.09, 0.00, 94.17, 89.30, 0, 0
2.00, 5.70, 23.51, 23.51, 504.73, 20.00, 4.63, 16.11, 15.40, 0.00, 0.00, 0.00, 0.00, 90.00, 0, 0
2.00, 5.70, 23.47, 23.47, 431.16, 20.00, 4.63, 15.00, 14.29, 0.00, 0.00, 0.00, 0.00, 90.00, 0, 0
2.00, 5.70, 23.41, 23.41, 358.98, 20.00, 4.63, 13.89, 13.16, 0.00, 0.00, 0.00, 0.00, 90.00, 0, 0
2.00, 5.70, 23.24, 23.24, 84.14, 20.00, 4.63, 12.78, 12.05, 0.00, 0.00, 0.00, 0.00, 90.00, 0, 0
2.00, 5.70, 23.01, 23.01, -153.63, 20.00, 4.63, 12.22, 11.49, 0.00, 0.00, 0.00, 0.00, 90.00, 0, 0
2.00, 5.70, 22.80, 22.80, -270.48, 20.00, 4.63, 11.11, 10.31, 0.00, 0.00, 0.00, 0.00, 90.00, 0, 0
2.00, 5.70, 22.62, 22.62, -329.36, 20.00, 4.63, 11.11, 10.31, 0.00, 0.00, 0.00, 0.00, 90.00, 0, 0
2.00, 5.70, 22.44, 22.44, -431.29, 20.00, 4.63, 10.00, 9.20, 0.00, 0.00, 0.00, 0.00, 90.00, 0, 0
2.00, 5.70, 22.26, 22.26, -532.62, 20.00, 4.63, 8.89, 8.07, 0.00, 0.00, 0.00, 0.00, 90.00, 0, 0
2.00, 5.70, 22.08, 22.08, -633.93, 20.00, 4.63, 7.78, 6.96, 0.00, 0.00, 0.00, 0.00, 90.00, 0, 0
2.00, 5.70, 21.91, 21.91, -709.83, 20.00, 4.63, 7.22, 6.42, 0.00, 0.00, 0.00, 0.00, 90.00, 0, 0
2.00, 5.70, 21.78, 21.78, -729.75, 20.00, 4.63, 6.11, 5.29, 0.00, 0.00, 0.00, 0.00, 90.00, 0, 0
2.00, 5.70, 21.70, 21.70, -677.06, 20.00, 4.63, 7.22, 6.40, 0.00, 11.88, 47.85, -90.00, 85.66, 0, 0
2.00, 5.70, 21.71, 21.71, -530.07, 20.00, 4.63, 8.33, 7.53, 32.45, 23.68, 41.88, -81.64, 74.32, 0, 0
2.00, 5.70, 21.71, 21.71, -506.48, 20.00, 4.63, 8.89, 8.07, 7.82, 34.49, 38.27, -70.78, 63.28, 0, 0
2.00, 5.70, 21.84, 21.84, -246.66, 20.00, 4.63, 10.00, 9.18, 37.74, 64.12, 39.69, -57.90, 53.03, 0, 0
2.00, 5.70, 22.05, 22.05, 17.27, 20.00, 4.63, 11.67, 10.86, 2.41, 95.11, 45.67, -41.61, 44.33, 0, 0
2.00, 5.70, 22.16, 22.16, -41.42, 20.00, 4.63, 12.22, 11.40, 0.61, 79.06, 54.71, -20.71, 38.41, 0, 0
2.00, 5.70, 22.29, 22.29, 91.56, 20.00, 4.63, 12.78, 11.96, 1.45, 99.45, 65.51, 3.80, 36.72, 0, 0
2.00, 5.70, 22.48, 22.48, 281.17, 20.00, 4.63, 13.89, 13.05, 0.53, 123.97, 77.26, 27.55, 39.82, 0, 0
2.00, 5.70, 22.52, 22.52, 93.50, 20.00, 4.63, 13.89, 13.05, 0.02, 66.38, 89.49, 47.00, 46.74, 0, 0
2.00, 5.70, 22.52, 22.52, 36.68, 20.00, 4.63, 13.33, 12.51, 0.00, 55.58, 0.00, 62.10, 56.02, 0, 0
2.00, 5.70, 22.63, 22.63, 256.13, 20.00, 4.63, 13.33, 12.51, 0.00, 60.16, 0.00, 74.23, 66.57, 0, 0
2.00, 5.70, 22.82, 22.82, 476.13, 20.00, 4.63, 12.78, 11.94, 0.00, 31.69, 0.00, 84.71, 77.74, 0, 0
2.00, 5.70, 22.78, 22.78, 126.99, 20.00, 4.63, 11.67, 10.84, 0.00, 7.92, 0.00, 94.53, 89.10, 0, 0
2.00, 5.70, 22.71, 22.71, 39.56, 20.00, 4.63, 11.11, 10.29, 0.00, 0.00, 0.00, 0.00, 90.00, 0, 0
2.00, 5.70, 22.64, 22.64, -19.60, 20.00, 4.63, 10.56, 9.73, 0.00, 0.00, 0.00, 0.00, 90.00, 0, 0
2.00, 5.70, 22.45, 22.45, -301.82, 20.00, 4.63, 9.44, 8.62, 0.00, 0.00, 0.00, 0.00, 90.00, 0, 0
2.00, 5.70, 22.20, 22.20, -545.14, 20.00, 4.63, 8.89, 8.05, 0.00, 0.00, 0.00, 0.00, 90.00, 0, 0
2.00, 5.70, 21.97, 21.97, -666.51, 20.00, 4.63, 7.78, 6.95, 0.00, 0.00, 0.00, 0.00, 90.00, 0, 0
2.00, 5.70, 21.76, 21.76, -754.87, 20.00, 4.63, 7.22, 6.38, 0.00, 0.00, 0.00, 0.00, 90.00, 0, 0
2.00, 5.70, 21.56, 21.56, -836.94, 20.00, 4.63, 6.67, 5.84, 0.00, 0.00, 0.00, 0.00, 90.00, 0, 0
2.00, 5.70, 21.38, 21.38, -915.25, 20.00, 4.63, 6.11, 5.27, 0.00, 0.00, 0.00, 0.00, 90.00, 0, 0
2.00, 5.70, 21.21, 21.21, -991.03, 20.00, 4.63, 5.56, 4.71, 0.00, 0.00, 0.00, 0.00, 90.00, 0, 0
2.00, 5.70, 21.04, 21.04, -1065.18, 20.00, 4.63, 5.00, 4.15, 0.00, 0.00, 0.00, 0.00, 90.00, 0, 0
2.00, 5.70, 20.86, 20.86, -1157.91, 20.00, 4.63, 3.89, 3.06, 0.00, 0.00, 0.00, 0.00, 90.00, 0, 0
2.00, 5.70, 20.74, 20.74, -1125.17, 20.00, 4.63, 5.00, 4.17, 0.00, 9.50, 47.87, -90.00, 85.34, 0, 0
2.00, 5.70, 21.04, 21.04, -343.62, 20.00, 4.63, 7.22, 6.38, 273.13, 41.50, 42.21, -81.90, 74.00, 0, 0
2.00, 5.70, 21.60, 21.60, 414.42, 20.00, 4.63, 9.44, 8.60, 443.15, 87.44, 38.66, -71.04, 62.95, 0, 0
2.00, 5.70, 22.13, 22.13, 710.70, 20.00, 4.63, 12.22, 11.36, 282.19, 125.32, 40.09, -58.15, 52.68, 0, 0
2.00, 5.70, 22.44, 22.44, 612.41, 20.00, 4.63, 13.89, 13.03, 7.98, 137.47, 46.05, -41.80, 43.95, 0, 0
2.00, 5.70, 22.64, 22.64, 573.32, 20.00, 4.63, 15.00, 14.14, 3.40, 146.63, 55.06, -20.76, 38.01, 0, 0
2.00, 5.70, 22.84, 22.84, 673.41, 20.00, 4.63, 16.11, 15.23, 4.83, 163.10, 65.82, 3.96, 36.33, 0, 0
2.00, 5.70, 22.99, 22.99, 665.98, 20.00, 4.63, 16.67, 15.80, 0.78, 144.99, 77.56, 27.89, 39.48, 0, 0
2.00, 5.70, 23.11, 23.11, 700.17, 20.00, 4.63, 17.22, 16.34, 0.03, 138.79, 89.78, 47.40, 46.46, 0, 0
2.00, 5.70, 23.20, 23.20, 665.14, 20.00, 4.63, 16.67, 15.80, 0.00, 107.69, 0.00, 62.49, 55.78, 0, 0
2.00, 5.70, 23.26, 23.26, 655.56, 20.00, 4.63, 16.11, 15.23, 0.00, 65.42, 0.00, 74.60, 66.36, 0, 0
2.00, 5.70, 23.35, 23.35, 722.29, 20.00, 4.63, 14.44, 13.58, 0.00, 32.41, 0.00, 85.07, 77.54, 0, 0
2.00, 5.70, 23.24, 23.24, 366.89, 20.00, 4.63, 13.33, 12.47, 0.00, 8.71, 0.00, 94.88, 88.91, 0, 0
2.00, 5.70, 23.11, 23.11, 229.65, 20.00, 4.63, 12.22, 11.36, 0.00, 0.00, 0.00, 0.00, 90.00, 0, 0
2.00, 5.70, 22.98, 22.98, 127.07, 20.00, 4.63, 11.11, 10.23, 0.00, 0.00, 0.00, 0.00, 90.00, 0, 0
2.00, 5.70, 22.77, 22.77, -121.70, 20.00, 4.63, 10.00, 9.12, 0.00, 0.00, 0.00, 0.00, 90.00, 0, 0
2.00, 5.70, 22.50, 22.50, -397.23, 20.00, 4.63, 8.89, 7.99, 0.00, 0.00, 0.00, 0.00, 90.00, 0, 0
2.00, 5.70, 22.23, 22.23, -552.71, 20.00, 4.63, 7.22, 6.34, 0.00, 0.00, 0.00, 0.00, 90.00, 0, 0
2.00, 5.70, 21.98, 21.98, -676.83, 20.00, 4.63, 6.11, 5.23, 0.00, 0.00, 0.00, 0.00, 90.00, 0, 0
2.00, 5.70, 21.74, 21.74, -796.38, 20.00, 4.63, 5.00, 4.13, 0.00, 0.00, 0.00, 0.00, 90.00, 0, 0
2.00, 5.70, 21.51, 21.51, -913.78, 20.00, 4.63, 3.89, 3.00, 0.00, 0.00, 0.00, 0.00, 90.00, 0, 0
2.00, 5.70, 21.28, 21.28, -1030.06, 20.00, 4.63, 2.78, 1.90, 0.00, 0.00, 0.00, 0.00, 90.00, 0, 0
2.00, 5.70, 21.06, 21.06, -1146.36, 20.00, 4.63, 1.67, 0.77, 0.00, 0.00, 0.00, 0.00, 90.00, 0, 0
2.00, 5.70, 20.82, 20.82, -1283.28, 20.00, 4.63, 0.00, -0.88, 0.00, 0.00, 0.00, 0.00, 90.00, 0, 0
2.00, 5.70, 20.65, 20.65, -1259.16, 20.00, 4.63, 1.11, 0.23, 0.00, 11.88, 47.90, -90.00, 85.02, 0, 0
2.00, 5.70, 20.99, 20.99, -324.35, 20.00, 4.63, 3.33, 2.44, 346.79, 46.22, 42.55, -82.15, 73.68, 0, 0
2.00, 5.70, 21.32, 21.32, -92.59, 20.00, 4.63, 5.00, 4.13, 299.90, 76.45, 39.04, -71.29, 62.62, 0, 0
2.00, 5.70, 21.58, 21.58, -4.19, 20.00, 4.63, 6.67, 5.80, 155.67, 102.84, 40.50, -58.39, 52.32, 0, 0
2.00, 5.70, 21.81, 21.81, 116.57, 20.00, 4.63, 8.33, 7.45, 6.49, 129.22, 46.43, -42.00, 43.57, 0, 0
2.00, 5.70, 21.95, 21.95, 66.70, 20.00, 4.63, 9.44, 8.55, 2.29, 131.80, 55.40, -20.81, 37.60, 0, 0
2.00, 5.70, 21.97, 21.97, -76.51, 20.00, 4.63, 9.44, 8.57, 1.30, 105.99, 66.14, 4.13, 35.94, 0, 0
2.00, 5.70, 21.97, 21.97, -120.46, 20.00, 4.63, 9.44, 8.57, 0.17, 93.23, 77.85, 28.23, 39.14, 0, 0
2.00, 5.70, 21.98, 21.98, -91.78, 20.00, 4.63, 9.44, 8.57, 0.00, 102.01, 0.00, 47.80, 46.17, 0, 0
2.00, 5.70, 22.00, 22.00, -77.82, 20.00, 4.63, 9.44, 8.57, 0.00, 91.77, 0.00, 62.88, 55.54, 0, 0
2.00, 5.70, 22.04, 22.04, -29.85, 20.00, 4.63, 8.89, 8.01, 0.00, 63.05, 0.00, 74.98, 66.15, 0, 0
2.00, 5.70, 22.08, 22.08, -0.68, 20.00, 4.63, 7.78, 6.92, 0.00, 28.41, 0.00, 85.43, 77.34, 0, 0
2.00, 5.70, 21.96, 21.96, -304.41, 20.00, 4.63, 6.67, 5.82, 0.00, 6.34, 0.00, 95.23, 88.71, 0, 0
2.00, 5.70, 21.84, 21.84, -376.04, 20.00, 4.63, 6.67, 5.82, 0.00, 0.00, 0.00, 0.00, 90.00, 0, 0
2.00, 5.70, 21.72, 21.72, -449.99, 20.00, 4.63, 6.11, 5.27, 0.00, 0.00, 0.00, 0.00, 90.00, 0, 0
2.00, 5.70, 21.54, 21.54, -644.91, 20.00, 4.63, 6.11, 5.27, 0.00, 0.00, 0.00, 0.00, 90.00, 0, 0
2.00, 5.70, 21.29, 21.29, -889.90, 20.00, 4.63, 5.56, 4.73, 0.00, 0.00, 0.00, 0.00, 90.00, 0, 0
2.00, 5.70, 21.07, 21.07, -988.62, 20.00, 4.63, 5.00, 4.17, 0.00, 0.00, 0.00, 0.00, 90.00, 0, 0
2.00, 5.70, 20.88, 20.88, -1025.71, 20.00, 4.63, 5.56, 4.71, 0.00, 0.00, 0.00, 0.00, 90.00, 0, 0
2.00, 5.70, 20.73, 20.73, -1052.57, 20.00, 4.63, 6.11, 5.25, 0.00, 0.00, 0.00, 0.00, 90.00, 0, 0
2.00, 5.70, 20.60, 20.60, -1097.73, 20.00, 4.63, 6.11, 5.27, 0.00, 0.00, 0.00, 0.00, 90.00, 0, 0
2.00, 5.70, 20.48, 20.48, -1113.05, 20.00, 4.63, 6.67, 5.82, 0.00, 0.00, 0.00, 0.00, 90.00, 0, 0
2.00, 5.70, 20.38, 20.38, -1122.86, 20.00, 4.63, 7.22, 6.38, 0.00, 0.00, 0.00, 0.00, 90.00, 0, 0
2.00, 5.70, 20.29, 20.29, -1146.18, 20.00, 4.63, 7.22, 6.40, 0.00, 0.00, 0.00, 0.00, 90.00, 0, 0
2.00, 5.70, 20.30, 20.30, -980.87, 20.00, 4.63, 9.44, 8.64, 0.00, 22.97, 47.92, -90.00, 84.71, 0, 0
2.00, 5.70, 20.58, 20.58, -390.12, 20.00, 4.63, 11.11, 10.31, 205.98, 41.35, 42.88, -82.41, 73.36, 0, 0
2.00, 5.70, 20.83, 20.83, -262.61, 20.00, 4.63, 12.78, 11.96, 136.47, 64.45, 39.43, -71.55, 62.29, 0, 0
2.00, 5.70, 21.01, 21.01, -220.34, 20.00, 4.63, 13.89, 13.08, 50.83, 78.42, 40.90, -58.64, 51.97, 0, 0
2.00, 5.70, 21.16, 21.16, -171.63, 20.00, 4.63, 14.44, 13.64, 1.60, 88.38, 46.81, -42.19, 43.19, 0, 0
2.00, 5.70, 21.34, 21.34, -19.06, 20.00, 4.63, 15.56, 14.75, 1.05, 107.59, 55.75, -20.87, 37.20, 0, 0
2.00, 5.70, 21.58, 21.58, 210.50, 20.00, 4.63, 16.67, 15.86, 2.67, 139.56, 66.46, 4.30, 35.55, 0, 0
2.00, 5.70, 21.73, 21.73, 175.60, 20.00, 4.63, 17.22, 16.41, 0.29, 104.98, 78.15, 28.57, 38.80, 0, 0
2.00, 5.70, 21.71, 21.71, -70.64, 20.00, 4.63, 16.11, 15.32, 0.00, 49.01, 0.00, 48.20, 45.89, 0, 0
2.00, 5.70, 21.69, 21.69, -105.43, 20.00, 4.63, 15.56, 14.75, 0.00, 48.51, 0.00, 63.28, 55.30, 0, 0
2.00, 5.70, 21.72, 21.72, -24.72, 20.00, 4.63, 15.00, 14.20, 0.00, 46.37, 0.00, 75.36, 65.94, 0, 0
2.00, 5.70, 21.79, 21.79, 59.96, 20.00, 4.63, 14.44, 13.64, 0.00, 20.92, 0.00, 85.79, 77.15, 0, 0
2.00, 5.70, 21.77, 21.77, -76.03, 20.00, 4.63, 13.89, 13.09, 0.00, 3.17, 0.00, 95.58, 88.51, 0, 0
2.00, 5.70, 21.74, 21.74, -123.41, 20.00, 4.63, 13.33, 12.55, 0.00, 0.00, 0.00, 0.00, 90.00, 0, 0
2.00, 5.70, 21.71, 21.71, -137.99, 20.00, 4.63, 13.33, 12.55, 0.00, 0.00, 0.00, 0.00, 90.00, 0, 0
2.00, 5.70, 21.60, 21.60, -327.31, 20.00, 4.63, 12.78, 12.00, 0.00, 0.00, 0.00, 0.00, 90.00, 0, 0
2.00, 5.70, 21.42, 21.42, -546.78, 20.00, 4.63, 12.22, 11.44, 0.00, 0.00, 0.00, 0.00, 90.00, 0, 0
2.00, 5.70, 21.27, 21.27, -596.67, 20.00, 4.63, 12.22, 11.44, 0.00, 0.00, 0.00, 0.00, 90.00, 0, 0
2.00, 5.70, 21.13, 21.13, -662.57, 20.00, 4.63, 11.67, 10.87, 0.00, 0.00, 0.00, 0.00, 90.00, 0, 0
2.00, 5.70, 21.01, 21.01, -699.16, 20.00, 4.63, 11.67, 10.87, 0.00, 0.00, 0.00, 0.00, 90.00, 0, 0
2.00, 5.70, 20.90, 20.90, -756.67, 20.00, 4.63, 11.11, 10.31, 0.00, 0.00, 0.00, 0.00, 90.00, 0, 0
2.00, 5.70, 20.79, 20.79, -813.14, 20.00, 4.63, 10.56, 9.76, 0.00, 0.00, 0.00, 0.00, 90.00, 0, 0
2.00, 5.70, 20.67, 20.67, -869.17, 20.00, 4.63, 10.00, 9.22, 0.00, 0.00, 0.00, 0.00, 90.00, 0, 0
2.00, 5.70, 20.58, 20.58, -892.40, 20.00, 4.63, 10.00, 9.22, 0.00, 0.00, 0.00, 0.00, 90.00, 0, 0
2.00, 5.70, 20.56, 20.56, -771.86, 20.00, 4.63, 11.67, 10.89, 0.00, 18.22, 50.50, -92.57, 84.40, 0, 0
2.00, 5.70, 20.80, 20.80, -246.60, 20.00, 4.63, 13.33, 12.56, 170.19, 39.86, 43.22, -82.67, 73.04, 0, 0
2.00, 5.70, 21.26, 21.26, 358.18, 20.00, 4.63, 15.56, 14.79, 290.87, 79.29, 39.82, -71.82, 61.96, 0, 0
2.00, 5.70, 21.59, 21.59, 383.78, 20.00, 4.63, 17.22, 16.45, 114.91, 98.92, 41.30, -58.89, 51.62, 0, 0
2.00, 5.70, 21.91, 21.91, 574.53, 20.00, 4.63, 18.33, 17.56, 6.20, 129.02, 47.19, -42.39, 42.81, 0, 0
2.00, 5.70, 22.15, 22.15, 582.11, 20.00, 4.63, 19.44, 18.67, 2.01, 133.79, 56.09, -20.92, 36.80, 0, 0
2.00, 5.70, 22.36, 22.36, 654.78, 20.00, 4.63, 20.56, 19.78, 2.14, 135.28, 66.77, 4.48, 35.16, 0, 0
2.00, 5.70, 22.53, 22.53, 692.16, 20.00, 4.63, 21.11, 20.33, 0.32, 122.04, 78.45, 28.92, 38.46, 0, 0
2.00, 5.70, 22.67, 22.67, 710.26, 20.00, 4.63, 21.11, 20.33, 0.00, 114.66, 0.00, 48.60, 45.61, 0, 0
2.00, 5.70, 22.79, 22.79, 721.89, 20.00, 4.63, 21.11, 20.33, 0.00, 93.83, 0.00, 63.67, 55.07, 0, 0
2.00, 5.70, 22.88, 22.88, 713.91, 20.00, 4.63, 20.00, 19.23, 0.00, 59.97, 0.00, 75.73, 65.73, 0, 0
2.00, 5.70, 22.95, 22.95, 695.01, 20.00, 4.63, 18.89, 18.12, 0.00, 22.46, 0.00, 86.15, 76.95, 0, 0
2.00, 5.70, 22.90, 22.90, 486.06, 20.00, 4.63, 17.78, 17.03, 0.00, 3.17, 0.00, 95.93, 88.31, 0, 0
2.00, 5.70, 22.85, 22.85, 420.56, 20.00, 4.63, 17.22, 16.46, 0.00, 0.00, 0.00, 0.00, 90.00, 0, 0
2.00, 5.70, 22.81, 22.81, 370.61, 20.00, 4.63, 16.67, 15.92, 0.00, 0.00, 0.00, 0.00, 90.00, 0, 0
2.00, 5.70, 22.69, 22.69, 172.28, 20.00, 4.63, 16.11, 15.37, 0.00, 0.00, 0.00, 0.00, 90.00, 0, 0
2.00, 5.70, 22.50, 22.50, -53.51, 20.00, 4.63, 15.56, 14.80, 0.00, 0.00, 0.00, 0.00, 90.00, 0, 0
2.00, 5.70, 22.34, 22.34, -133.33, 20.00, 4.63, 15.00, 14.26, 0.00, 0.00, 0.00, 0.00, 90.00, 0, 0
2.00, 5.70, 22.20, 22.20, -179.87, 20.00, 4.63, 15.00, 14.24, 0.00, 0.00, 0.00, 0.00, 90.00, 0, 0
2.00, 5.70, 22.08, 22.08, -243.96, 20.00, 4.63, 14.44, 13.69, 0.00, 0.00, 0.00, 0.00, 90.00, 0, 0
2.00, 5.70, 21.98, 21.98, -280.28, 20.00, 4.63, 14.44, 13.68, 0.00, 0.00, 0.00, 0.00, 90.00, 0, 0
2.00, 5.70, 21.88, 21.88, -337.48, 20.00, 4.63, 13.89, 13.13, 0.00, 0.00, 0.00, 0.00, 90.00, 0, 0
2.00, 5.70, 21.79, 21.79, -368.83, 20.00, 4.63, 13.89, 13.13, 0.00, 0.00, 0.00, 0.00, 90.00, 0, 0
2.00, 5.70, 21.71, 21.71, -415.99, 20.00, 4.63, 13.33, 12.58, 0.00, 0.00, 0.00, 0.00, 90.00, 0, 0
2.00, 5.70, 21.67, 21.67, -355.22, 20.00, 4.63, 14.44, 13.71, 0.00, 10.30, 50.77, -92.82, 84.08, 0, 0
2.00, 5.70, 21.70, 21.70, -258.02, 20.00, 4.63, 15.56, 14.82, 7.43, 20.35, 43.55, -82.93, 72.73, 0, 0
2.00, 5.70, 21.81, 21.81, -51.86, 20.00, 4.63, 16.67, 15.92, 32.59, 43.42, 40.20, -72.08, 61.64, 0, 0
2.00, 5.70, 21.86, 21.86, -104.76, 20.00, 4.63, 16.67, 15.93, 6.33, 34.76, 41.69, -59.15, 51.28, 0, 0
2.00, 5.70, 21.93, 21.93, -25.53, 20.00, 4.63, 17.22, 16.48, 0.16, 47.72, 47.56, -42.59, 42.44, 0, 0
2.00, 5.70, 21.99, 21.99, 2.41, 20.00, 4.63, 17.78, 17.03, 0.03, 44.82, 56.43, -20.97, 36.41, 0, 0
2.00, 5.70, 22.04, 22.04, -5.77, 20.00, 4.63, 17.78, 17.03, 0.00, 39.60, 67.09, 4.65, 34.77, 0, 0
2.00, 5.70, 22.05, 22.05, -35.75, 20.00, 4.63, 17.22, 16.46, 0.00, 30.89, 78.74, 29.26, 38.13, 0, 0
2.00, 5.70, 22.04, 22.04, -86.50, 20.00, 4.63, 17.22, 16.46, 0.00, 19.01, 0.00, 49.00, 45.34, 0, 0
2.00, 5.70, 22.02, 22.02, -110.36, 20.00, 4.63, 16.67, 15.92, 0.00, 21.38, 0.00, 64.07, 54.83, 0, 0
2.00, 5.70, 22.05, 22.05, -17.53, 20.00, 4.63, 16.67, 15.92, 0.00, 25.18, 0.00, 76.10, 65.52, 0, 0
2.00, 5.70, 22.14, 22.14, 113.54, 20.00, 4.63, 16.11, 15.35, 0.00, 12.63, 0.00, 86.50, 76.75, 0, 0
2.00, 5.70, 22.19, 22.19, 87.09, 20.00, 4.63, 16.11, 15.35, 0.00, 2.38, 0.00, 96.28, 88.11, 0, 0
2.00, 5.70, 22.22, 22.22, 62.49, 20.00, 4.63, 15.56, 14.80, 0.00, 0.00, 0.00, 0.00, 90.00, 0, 0
2.00, 5.70, 22.22, 22.22, 37.95, 20.00, 4.63, 15.00, 14.24, 0.00, 0.00, 0.00, 0.00, 90.00, 0, 0
2.00, 5.70, 22.14, 22.14, -142.20, 20.00, 4.63, 14.44, 13.69, 0.00, 0.00, 0.00, 0.00, 90.00, 0, 0
2.00, 5.70, 21.98, 21.98, -354.73, 20.00, 4.63, 13.89, 13.13, 0.00, 0.00, 0.00, 0.00, 90.00, 0, 0
2.00, 5.70, 21.84, 21.84, -424.71, 20.00, 4.63, 13.33, 12.58, 0.00, 0.00, 0.00, 0.00, 90.00, 0, 0
2.00, 5.70, 21.71, 21.71, -488.82, 20.00, 4.63, 12.78, 12.02, 0.00, 0.00, 0.00, 0.00, 90.00, 0, 0
2.00, 5.70, 21.58, 21.58, -549.67, 20.00, 4.63, 12.22, 11.45, 0.00, 0.00, 0.00, 0.00, 90.00, 0, 0
2.00, 5.70, 21.46, 21.46, -608.71, 20.00, 4.63, 11.67, 10.89, 0.00, 0.00, 0.00, 0.00, 90.00, 0, 0
2.00, 5.70, 21.33, 21.33, -692.20, 20.00, 4.63, 10.56, 9.80, 0.00, 0.00, 0.00, 0.00, 90.00, 0, 0
2.00, 5.70, 21.21, 21.21, -752.29, 20.00, 4.63, 10.00, 9.23, 0.00, 0.00, 0.00, 0.00, 90.00, 0, 0
2.00, 5.70, 21.12, 21.12, -731.00, 20.00, 4.63, 9.44, 8.69, 0.00, 0.00, 0.00, 0.00, 90.00, 0, 0
2.00, 5.70, 21.14, 21.14, -556.68, 20.00, 4.63, 11.67, 10.91, 0.00, 23.76, 51.05, -93.07, 83.77, 0, 0
2.00, 5.70, 21.71, 21.71, 561.27, 20.00, 4.63, 13.89, 13.13, 415.74, 54.24, 43.88, -83.18, 72.42, 0, 0
2.00, 5.70, 22.32, 22.32, 1032.16, 20.00, 4.63, 16.11, 15.35, 426.05, 91.64, 40.59, -72.34, 61.31, 0, 0
2.00, 5.70, 22.76, 22.76, 1054.22, 20.00, 4.63, 17.78, 17.01, 181.17, 118.95, 42.09, -59.40, 50.93, 0, 0
2.00, 5.70, 23.11, 23.11, 1123.18, 20.00, 4.63, 19.44, 18.69, 8.43, 142.10, 47.94, -42.80, 42.07, 0, 0
2.00, 5.70, 23.37, 23.37, 1146.83, 20.00, 4.63, 21.11, 20.33, 2.70, 155.57, 56.78, -21.03, 36.01, 0, 0
2.00, 5.70, 23.62, 23.62, 1236.47, 20.00, 4.63, 22.22, 21.44, 3.12, 164.74, 67.40, 4.83, 34.39, 0, 0
2.00, 5.70, 23.84, 23.84, 1308.10, 20.00, 4.63, 22.78, 21.99, 0.62, 165.67, 79.03, 29.62, 37.79, 0, 0
2.00, 5.70, 23.99, 23.99, 1258.67, 20.00, 4.63, 22.78, 21.99, 0.00, 134.77, 0.00, 49.40, 45.06, 0, 0
2.00, 5.70, 24.14, 24.14, 1326.07, 20.00, 4.63, 22.78, 21.99, 0.00, 117.06, 0.00, 64.46, 54.60, 0, 0
2.00, 5.70, 24.38, 24.38, 1547.02, 20.00, 4.63, 22.22, 21.44, 0.00, 88.08, 0.00, 76.48, 65.32, 0, 0
2.00, 5.70, 24.66, 24.66, 1727.71, 20.00, 4.63, 20.56, 19.78, 0.00, 45.60, 0.00, 86.86, 76.56, 0, 0
2.00, 5.70, 24.58, 24.58, 1154.36, 20.00, 4.63, 19.44, 18.67, 0.00, 12.67, 0.00, 96.62, 87.92, 0, 0
2.00, 5.70, 24.48, 24.48, 1011.80, 20.00, 4.63, 18.89, 18.12, 0.00, 0.00, 0.00, 0.00, 90.00, 0, 0
2.00, 5.70, 24.38, 24.38, 906.85, 20.00, 4.63, 17.78, 17.01, 0.00, 0.00, 0.00, 0.00, 90.00, 0, 0
2.00, 5.70, 24.18, 24.18, 610.77, 20.00, 4.63, 16.67, 15.90, 0.00, 0.00, 0.00, 0.00, 90.00, 0, 0
2.00, 5.70, 23.93, 23.93, 358.69, 20.00, 4.63, 16.11, 15.33, 0.00, 0.00, 0.00, 0.00, 90.00, 0, 0
2.00, 5.70, 23.71, 23.71, 233.43, 20.00, 4.63, 15.00, 14.22, 0.00, 0.00, 0.00, 0.00, 90.00, 0, 0
2.00, 5.70, 23.51, 23.51, 143.11, 20.00, 4.63, 14.44, 13.68, 0.00, 0.00, 0.00, 0.00, 90.00, 0, 0
2.00, 5.70, 23.34, 23.34, 60.73, 20.00, 4.63, 13.89, 13.11, 0.00, 0.00, 0.00, 0.00, 90.00, 0, 0
2.00, 5.70, 23.19, 23.19, -16.46, 20.00, 4.63, 13.33, 12.55, 0.00, 0.00, 0.00, 0.00, 90.00, 0, 0
2.00, 5.70, 23.05, 23.05, -90.06, 20.00, 4.63, 12.78, 12.00, 0.00, 0.00, 0.00, 0.00, 90.00, 0, 0
2.00, 5.70, 22.91, 22.91, -161.31, 20.00, 4.63, 12.22, 11.45, 0.00, 0.00, 0.00, 0.00, 90.00, 0, 0
2.00, 5.70, 22.82, 22.82, -150.20, 20.00, 4.63, 11.67, 10.89, 0.00, 0.00, 0.00, 0.00, 90.00, 0, 0
2.00, 5.70, 22.78, 22.78, -94.83, 20.00, 4.63, 12.78, 12.00, 0.00, 10.30, 51.32, -93.32, 83.47, 0, 0
2.00, 5.70, 22.84, 22.84, 88.08, 20.00, 4.63, 14.44, 13.68, 21.48, 28.56, 44.22, -83.44, 72.11, 0, 0
2.00, 5.70, 22.94, 22.94, 216.15, 20.00, 4.63, 15.56, 14.79, 20.88, 43.97, 40.97, -72.60, 60.99, 0, 0
2.00, 5.70, 22.99, 22.99, 188.16, 20.00, 4.63, 15.56, 14.79, 3.26, 39.88, 42.48, -59.66, 50.59, 0, 0
2.00, 5.70, 23.15, 23.15, 434.33, 20.00, 4.63, 16.67, 15.90, 1.28, 75.82, 48.31, -43.00, 41.70, 0, 0
2.00, 5.70, 23.37, 23.37, 666.50, 20.00, 4.63, 18.33, 17.56, 0.71, 105.98, 57.12, -21.09, 35.62, 0, 0
2.00, 5.70, 23.63, 23.63, 856.70, 20.00, 4.63, 19.44, 18.67, 1.27, 127.12, 67.71, 5.01, 34.01, 0, 0
2.00, 5.70, 23.84, 23.84, 931.42, 20.00, 4.63, 20.56, 19.76, 0.20, 116.93, 79.32, 29.97, 37.46, 0, 0
2.00, 5.70, 24.00, 24.00, 929.67, 20.00, 4.63, 20.56, 19.76, 0.00, 101.18, 0.00, 49.81, 44.79, 0, 0
2.00, 5.70, 24.10, 24.10, 888.24, 20.00, 4.63, 20.56, 19.78, 0.00, 75.80, 0.00, 64.86, 54.37, 0, 0
2.00, 5.70, 24.21, 24.21, 952.41, 20.00, 4.63, 20.56, 19.76, 0.00, 54.52, 0.00, 76.85, 65.11, 0, 0
2.00, 5.70, 24.39, 24.39, 1141.06, 20.00, 4.63, 19.44, 18.67, 0.00, 33.41, 0.00, 87.21, 76.37, 0, 0
2.00, 5.70, 24.40, 24.40, 887.53, 20.00, 4.63, 18.89, 18.10, 0.00, 9.50, 0.00, 96.96, 87.72, 0, 0
2.00, 5.70, 24.36, 24.36, 778.67, 20.00, 4.63, 17.78, 17.01, 0.00, 0.00, 0.00, 0.00, 90.00, 0, 0
2.00, 5.70, 24.33, 24.33, 728.23, 20.00, 4.63, 17.22, 16.45, 0.00, 0.00, 0.00, 0.00, 90.00, 0, 0
2.00, 5.70, 24.17, 24.17, 455.18, 20.00, 4.63, 16.11, 15.33, 0.00, 0.00, 0.00, 0.00, 90.00, 0, 0
2.00, 5.70, 23.96, 23.96, 219.96, 20.00, 4.63, 15.56, 14.79, 0.00, 0.00, 0.00, 0.00, 90.00, 0, 0
2.00, 5.70, 23.76, 23.76, 107.14, 20.00, 4.63, 14.44, 13.68, 0.00, 0.00, 0.00, 0.00, 90.00, 0, 0
2.00, 5.70, 23.59, 23.59, 26.28, 20.00, 4.63, 13.89, 13.11, 0.00, 0.00, 0.00, 0.00, 90.00, 0, 0
2.00, 5.70, 23.43, 23.43, -48.63, 20.00, 4.63, 13.33, 12.55, 0.00, 0.00, 0.00, 0.00, 90.00, 0, 0
2.00, 5.70, 23.29, 23.29, -119.82, 20.00, 4.63, 12.78, 11.98, 0.00, 0.00, 0.00, 0.00, 90.00, 0, 0
2.00, 5.70, 23.13, 23.13, -213.87, 20.00, 4.63, 11.67, 10.89, 0.00, 0.00, 0.00, 0.00, 90.00, 0, 0
2.00, 5.70, 22.99, 22.99, -283.53, 20.00, 4.63, 11.11, 10.33, 0.00, 0.00, 0.00, 0.00, 90.00, 0, 0
2.00, 5.70, 22.84, 22.84, -370.80, 20.00, 4.63, 10.00, 9.23, 0.00, 0.00, 0.00, 0.00, 90.00, 0, 0
2.00, 5.70, 22.78, 22.78, -277.38, 20.00, 4.63, 11.67, 10.89, 0.00, 15.84, 51.59, -93.57, 83.16, 0, 0
2.00, 5.70, 23.16, 23.16, 597.77, 20.00, 4.63, 13.89, 13.13, 298.65, 52.67, 44.55, -83.70, 71.80, 0, 0
2.00, 5.70, 23.30, 23.30, 349.27, 20.00, 4.63, 15.00, 14.24, 93.80, 53.19, 41.35, -72.87, 60.68, 0, 0
2.00, 5.70, 23.38, 23.38, 329.19, 20.00, 4.63, 15.56, 14.79, 20.07, 67.14, 42.87, -59.92, 50.26, 0, 0
2.00, 5.70, 23.50, 23.50, 467.91, 20.00, 4.63, 16.67, 15.90, 1.46, 86.92, 48.68, -43.21, 41.33, 0, 0
2.00, 5.70, 23.67, 23.67, 628.16, 20.00, 4.63, 17.78, 17.01, 0.73, 110.32, 57.45, -21.15, 35.23, 0, 0
2.00, 5.70, 23.80, 23.80, 645.05, 20.00, 4.63, 18.33, 17.56, 0.51, 100.79, 68.02, 5.18, 33.63, 0, 0
2.00, 5.70, 23.87, 23.87, 598.66, 20.00, 4.63, 18.33, 17.56, 0.04, 76.46, 79.61, 30.33, 37.14, 0, 0
2.00, 5.70, 24.01, 24.01, 774.03, 20.00, 4.63, 18.89, 18.12, 0.00, 109.57, 0.00, 50.21, 44.52, 0, 0
2.00, 5.70, 24.13, 24.13, 813.52, 20.00, 4.63, 18.89, 18.12, 0.00, 93.53, 0.00, 65.25, 54.15, 0, 0
2.00, 5.70, 24.13, 24.13, 625.86, 20.00, 4.63, 17.78, 17.03, 0.00, 34.77, 0.00, 77.22, 64.91, 0, 0
2.00, 5.70, 24.15, 24.15, 653.46, 20.00, 4.63, 16.67, 15.92, 0.00, 15.41, 0.00, 90.00, 76.17, 0, 0
2.00, 5.70, 24.12, 24.12, 555.65, 20.00, 4.63, 16.11, 15.37, 0.00, 4.75, 0.00, 97.30, 87.52, 0, 0
2.00, 5.70, 24.07, 24.07, 493.65, 20.00, 4.63, 15.56, 14.82, 0.00, 0.00, 0.00, 0.00, 90.00, 0, 0
2.00, 5.70, 24.04, 24.04, 471.13, 20.00, 4.63, 15.56, 14.80, 0.00, 0.00, 0.00, 0.00, 90.00, 0, 0
2.00, 5.70, 23.92, 23.92, 275.01, 20.00, 4.63, 15.00, 14.26, 0.00, 0.00, 0.00, 0.00, 90.00, 0, 0
2.00, 5.70, 23.73, 23.73, 49.48, 20.00, 4.63, 14.44, 13.71, 0.00, 0.00, 0.00, 0.00, 90.00, 0, 0
2.00, 5.70, 23.56, 23.56, -31.56, 20.00, 4.63, 13.89, 13.14, 0.00, 0.00, 0.00, 0.00, 90.00, 0, 0
2.00, 5.70, 23.42, 23.42, -79.83, 20.00, 4.63, 13.89, 13.14, 0.00, 0.00, 0.00, 0.00, 90.00, 0, 0
2.00, 5.70, 23.30, 23.30, -121.27, 20.00, 4.63, 13.89, 13.14, 0.00, 0.00, 0.00, 0.00, 90.00, 0, 0
2.00, 5.70, 23.19, 23.19, -157.89, 20.00, 4.63, 13.89, 13.14, 0.00, 0.00, 0.00, 0.00, 90.00, 0, 0
2.00, 5.70, 23.09, 23.09, -190.91, 20.00, 4.63, 13.89, 13.14, 0.00, 0.00, 0.00, 0.00, 90.00, 0, 0
2.00, 5.70, 23.01, 23.01, -221.12, 20.00, 4.63, 13.89, 13.14, 0.00, 0.00, 0.00, 0.00, 90.00, 0, 0
2.00, 5.70, 22.93, 22.93, -242.35, 20.00, 4.63, 13.89, 13.16, 0.00, 0.00, 0.00, 0.00, 90.00, 0, 0
2.00, 5.70, 22.99, 22.99, -1.65, 20.00, 4.63, 15.00, 14.27, 76.15, 13.92, 51.87, -93.81, 82.86, 0, 0
2.00, 5.70, 23.13, 23.13, 212.13, 20.00, 4.63, 16.67, 15.95, 84.47, 36.47, 44.88, -83.95, 71.50, 0, 0
2.00, 5.70, 23.46, 23.46, 691.78, 20.00, 4.63, 18.33, 17.61, 178.78, 74.09, 41.73, -73.13, 60.36, 0, 0
2.00, 5.70, 23.76, 23.76, 829.17, 20.00, 4.63, 20.00, 19.27, 72.26, 98.05, 43.26, -60.18, 49.92, 0, 0
2.00, 5.70, 24.04, 24.04, 983.43, 20.00, 4.63, 21.11, 20.38, 4.49, 122.24, 49.05, -43.42, 40.96, 0, 0
2.00, 5.70, 24.34, 24.34, 1195.55, 20.00, 4.63, 22.78, 22.04, 1.87, 155.55, 57.79, -21.21, 34.84, 0, 0
2.00, 5.70, 24.47, 24.47, 1008.79, 20.00, 4.63, 22.78, 22.04, 0.71, 100.17, 68.33, 5.36, 33.25, 0, 0
2.00, 5.70, 24.52, 24.52, 912.39, 20.00, 4.63, 22.78, 22.04, 0.02, 65.08, 79.90, 30.68, 36.81, 0, 0
2.00, 5.70, 24.50, 24.50, 785.52, 20.00, 4.63, 21.67, 20.93, 0.00, 46.44, 0.00, 50.62, 44.25, 0, 0
2.00, 5.70, 24.47, 24.47, 708.97, 20.00, 4.63, 21.11, 20.38, 0.00, 37.11, 0.00, 65.65, 53.92, 0, 0
2.00, 5.70, 24.45, 24.45, 712.86, 20.00, 4.63, 20.56, 19.83, 0.00, 28.51, 0.00, 77.59, 64.71, 0, 0
2.00, 5.70, 24.49, 24.49, 799.45, 20.00, 4.63, 19.44, 18.72, 0.00, 15.05, 0.00, 90.00, 75.98, 0, 0
2.00, 5.70, 24.49, 24.49, 729.22, 20.00, 4.63, 18.89, 18.17, 0.00, 3.17, 0.00, 97.64, 87.33, 0, 0
2.00, 5.70, 24.49, 24.49, 711.00, 20.00, 4.63, 18.89, 18.17, 0.00, 0.00, 0.00, 0.00, 90.00, 0, 0
2.00, 5.70, 24.48, 24.48, 678.55, 20.00, 4.63, 18.33, 17.62, 0.00, 0.00, 0.00, 0.00, 90.00, 0, 0
2.00, 5.70, 24.39, 24.39, 517.06, 20.00, 4.63, 18.33, 17.61, 0.00, 0.00, 0.00, 0.00, 90.00, 0, 0
2.00, 5.70, 24.24, 24.24, 302.72, 20.00, 4.63, 17.78, 17.06, 0.00, 0.00, 0.00, 0.00, 90.00, 0, 0
2.00, 5.70, 24.11, 24.11, 256.39, 20.00, 4.63, 17.78, 17.06, 0.00, 0.00, 0.00, 0.00, 90.00, 0, 0
2.00, 5.70, 23.99, 23.99, 194.28, 20.00, 4.63, 17.22, 16.49, 0.00, 0.00, 0.00, 0.00, 90.00, 0, 0
2.00, 5.70, 23.88, 23.88, 135.72, 20.00, 4.63, 16.67, 15.95, 0.00, 0.00, 0.00, 0.00, 90.00, 0, 0
2.00, 5.70, 23.77, 23.77, 79.10, 20.00, 4.63, 16.11, 15.38, 0.00, 0.00, 0.00, 0.00, 90.00, 0, 0
2.00, 5.70, 23.68, 23.68, 48.56, 20.00, 4.63, 16.11, 15.38, 0.00, 0.00, 0.00, 0.00, 90.00, 0, 0
2.00, 5.70, 23.59, 23.59, -4.00, 20.00, 4.63, 15.56, 14.83, 0.00, 0.00, 0.00, 0.00, 90.00, 0, 0
2.00, 5.70, 23.50, 23.50, -50.11, 20.00, 4.63, 15.00, 14.29, 0.00, 0.00, 0.00, 0.00, 90.00, 0, 0
2.00, 5.70, 23.48, 23.48, 43.06, 20.00, 4.63, 16.11, 15.40, 15.01, 10.06, 52.14, -94.06, 82.56, 0, 0
2.00, 5.70, 23.81, 23.81, 749.12, 20.00, 4.63, 18.89, 18.17, 213.08, 48.06, 45.21, -84.21, 71.20, 0, 0
2.00, 5.70, 24.13, 24.13, 947.74, 20.00, 4.63, 20.56, 19.83, 162.02, 76.38, 42.10, -73.40, 60.05, 0, 0
2.00, 5.70, 24.39, 24.39, 1006.63, 20.00, 4.63, 22.22, 21.49, 51.00, 90.93, 43.65, -60.44, 49.59, 0, 0
2.00, 5.70, 24.53, 24.53, 932.85, 20.00, 4.63, 22.78, 22.04, 1.09, 81.90, 49.41, -43.64, 40.60, 0, 0
2.00, 5.70, 24.58, 24.58, 818.13, 20.00, 4.63, 22.78, 22.04, 0.05, 54.61, 58.12, -21.28, 34.45, 0, 0
2.00, 5.70, 24.63, 24.63, 830.31, 20.00, 4.63, 22.78, 22.03, 0.04, 56.97, 68.63, 5.55, 32.88, 0, 0
2.00, 5.70, 24.73, 24.73, 958.71, 20.00, 4.63, 22.78, 22.03, 0.02, 78.83, 80.19, 31.04, 36.49, 0, 0
2.00, 5.70, 24.89, 24.89, 1108.14, 20.00, 4.63, 23.33, 22.57, 0.00, 100.23, 0.00, 51.03, 43.99, 0, 0
2.00, 5.70, 25.04, 25.04, 1182.37, 20.00, 4.63, 23.33, 22.59, 0.00, 91.94, 0.00, 66.04, 53.70, 0, 0
2.00, 5.70, 25.22, 25.22, 1318.77, 20.00, 4.63, 23.33, 22.57, 0.00, 66.54, 0.00, 77.96, 64.51, 0, 0
2.00, 5.70, 25.49, 25.49, 1576.00, 20.00, 4.63, 22.78, 22.03, 0.00, 38.23, 0.00, 90.00, 75.79, 0, 0
2.00, 5.70, 25.49, 25.49, 1188.85, 20.00, 4.63, 21.67, 20.91, 0.00, 10.30, 0.00, 97.98, 87.14, 0, 0
2.00, 5.70, 25.44, 25.44, 1067.37, 20.00, 4.63, 20.56, 19.80, 0.00, 0.00, 0.00, 0.00, 90.00, 0, 0
2.00, 5.70, 25.39, 25.39, 987.97, 20.00, 4.63, 19.44, 18.69, 0.00, 0.00, 0.00, 0.00, 90.00, 0, 0
2.00, 5.70, 25.24, 25.24, 760.02, 20.00, 4.63, 18.33, 17.57, 0.00, 0.00, 0.00, 0.00, 90.00, 0, 0
2.00, 5.70, 25.03, 25.03, 503.66, 20.00, 4.63, 17.22, 16.46, 0.00, 0.00, 0.00, 0.00, 90.00, 0, 0
2.00, 5.70, 24.83, 24.83, 391.67, 20.00, 4.63, 16.11, 15.33, 0.00, 0.00, 0.00, 0.00, 90.00, 0, 0
2.00, 5.70, 24.64, 24.64, 286.73, 20.00, 4.63, 15.00, 14.24, 0.00, 0.00, 0.00, 0.00, 90.00, 0, 0
2.00, 5.70, 24.47, 24.47, 185.09, 20.00, 4.63, 13.89, 13.13, 0.00, 0.00, 0.00, 0.00, 90.00, 0, 0
2.00, 5.70, 24.29, 24.29, 84.81, 20.00, 4.63, 12.78, 12.00, 0.00, 0.00, 0.00, 0.00, 90.00, 0, 0
2.00, 5.70, 24.12, 24.12, -15.08, 20.00, 4.63, 11.67, 10.89, 0.00, 0.00, 0.00, 0.00, 90.00, 0, 0
2.00, 5.70, 23.94, 23.94, -115.44, 20.00, 4.63, 10.56, 9.78, 0.00, 0.00, 0.00, 0.00, 90.00, 0, 0
2.00, 5.70, 23.77, 23.77, -210.11, 20.00, 4.63, 9.44, 8.67, 0.00, 0.00, 0.00, 0.00, 90.00, 0, 0
2.00, 5.70, 23.77, 23.77, 38.93, 20.00, 4.63, 10.56, 9.78, 92.07, 14.32, 52.41, -94.31, 82.26, 0, 0
2.00, 5.70, 24.15, 24.15, 829.73, 20.00, 4.63, 13.33, 12.55, 311.82, 57.31, 45.54, -84.47, 70.90, 0, 0
2.00, 5.70, 24.65, 24.65, 1329.61, 20.00, 4.63, 15.56, 14.77, 361.11, 95.77, 42.48, -73.67, 59.74, 0, 0
2.00, 5.70, 24.98, 24.98, 1293.77, 20.00, 4.63, 17.22, 16.45, 118.20, 119.44, 44.03, -60.70, 49.26, 0, 0
2.00, 5.70, 25.10, 25.10, 1067.53, 20.00, 4.63, 18.33, 17.56, 2.89, 105.23, 49.77, -43.85, 40.24, 0, 0
2.00, 5.70, 25.19, 25.19, 1050.22, 20.00, 4.63, 18.89, 18.10, 0.47, 107.71, 58.45, -21.35, 34.07, 0, 0
2.00, 5.70, 25.25, 25.25, 1033.84, 20.00, 4.63, 18.89, 18.10, 0.34, 103.69, 68.94, 5.73, 32.50, 0, 0
2.00, 5.70, 25.26, 25.26, 964.11, 20.00, 4.63, 18.89, 18.09, 0.02, 78.49, 80.47, 31.41, 36.17, 0, 0
2.00, 5.70, 25.20, 25.20, 796.34, 20.00, 4.63, 17.78, 16.99, 0.00, 51.55, 0.00, 51.44, 43.73, 0, 0
2.00, 5.70, 25.16, 25.16, 792.18, 20.00, 4.63, 17.22, 16.43, 0.00, 59.41, 0.00, 66.43, 53.48, 0, 0
2.00, 5.70, 25.23, 25.23, 973.61, 20.00, 4.63, 16.67, 15.88, 0.00, 62.91, 0.00, 78.32, 64.31, 0, 0
2.00, 5.70, 25.40, 25.40, 1209.55, 20.00, 4.63, 16.11, 15.33, 0.00, 37.34, 0.00, 90.00, 75.60, 0, 0
2.00, 5.70, 25.35, 25.35, 853.43, 20.00, 4.63, 15.56, 14.77, 0.00, 9.50, 0.00, 98.31, 86.94, 0, 0
2.00, 5.70, 25.25, 25.25, 725.00, 20.00, 4.63, 14.44, 13.68, 0.00, 0.00, 0.00, 0.00, 90.00, 0, 0
2.00, 5.70, 25.16, 25.16, 656.11, 20.00, 4.63, 13.89, 13.11, 0.00, 0.00, 0.00, 0.00, 90.00, 0, 0
2.00, 5.70, 25.00, 25.00, 440.60, 20.00, 4.63, 13.33, 12.55, 0.00, 0.00, 0.00, 0.00, 90.00, 0, 0
2.00, 5.70, 24.75, 24.75, 173.47, 20.00, 4.63, 12.22, 11.44, 0.00, 0.00, 0.00, 0.00, 90.00, 0, 0
2.00, 5.70, 24.53, 24.53, 75.90, 20.00, 4.63, 11.67, 10.87, 0.00, 0.00, 0.00, 0.00, 90.00, 0, 0
2.00, 5.70, 24.34, 24.34, -12.20, 20.00, 4.63, 11.11, 10.33, 0.00, 0.00, 0.00, 0.00, 90.00, 0, 0
2.00, 5.70, 24.16, 24.16, -94.70, 20.00, 4.63, 10.56, 9.76, 0.00, 0.00, 0.00, 0.00, 90.00, 0, 0
2.00, 5.70, 24.00, 24.00, -147.77, 20.00, 4.63, 10.56, 9.76, 0.00, 0.00, 0.00, 0.00, 90.00, 0, 0
2.00, 5.70, 23.84, 23.84, -221.66, 20.00, 4.63, 10.00, 9.20, 0.00, 0.00, 0.00, 0.00, 90.00, 0, 0
2.00, 5.70, 23.69, 23.69, -294.10, 20.00, 4.63, 9.44, 8.65, 0.00, 0.00, 0.00, 0.00, 90.00, 0, 0
2.00, 5.70, 23.56, 23.56, -333.20, 20.00, 4.63, 9.44, 8.65, 0.00, 0.00, 0.00, 0.00, 90.00, 0, 0
2.00, 5.70, 23.76, 23.76, 277.26, 20.00, 4.63, 10.56, 9.78, 239.77, 23.55, 52.69, -94.55, 81.96, 0, 0
2.00, 5.70, 23.82, 23.82, 152.54, 20.00, 4.63, 12.22, 11.44, 79.70, 37.12, 45.87, -84.73, 70.60, 0, 0
2.00, 5.70, 24.31, 24.31, 1066.24, 20.00, 4.63, 14.44, 13.68, 318.02, 104.04, 42.85, -73.93, 59.44, 0, 0
2.00, 5.70, 24.63, 24.63, 1032.84, 20.00, 4.63, 16.67, 15.88, 92.24, 117.84, 44.42, -60.97, 48.93, 0, 0
2.00, 5.70, 24.87, 24.87, 1066.59, 20.00, 4.63, 18.33, 17.54, 4.93, 129.62, 50.13, -44.08, 39.89, 0, 0
2.00, 5.70, 24.98, 24.98, 949.36, 20.00, 4.63, 18.89, 18.10, 0.50, 109.79, 58.78, -21.42, 33.69, 0, 0
2.00, 5.70, 24.99, 24.99, 817.21, 20.00, 4.63, 18.89, 18.10, 0.10, 76.30, 69.24, 5.91, 32.13, 0, 0
2.00, 5.70, 24.95, 24.95, 680.52, 20.00, 4.63, 18.33, 17.54, 0.00, 46.24, 80.75, 31.77, 35.85, 0, 0
2.00, 5.70, 24.89, 24.89, 623.75, 20.00, 4.63, 17.78, 16.97, 0.00, 44.71, 0.00, 51.84, 43.47, 0, 0
2.00, 5.70, 24.87, 24.87, 647.88, 20.00, 4.63, 17.22, 16.43, 0.00, 57.97, 0.00, 66.82, 53.26, 0, 0
2.00, 5.70, 24.96, 24.96, 845.77, 20.00, 4.63, 17.22, 16.45, 0.00, 61.26, 0.00, 78.69, 64.12, 0, 0
2.00, 5.70, 25.09, 25.09, 985.42, 20.00, 4.63, 16.67, 15.88, 0.00, 32.12, 0.00, 90.00, 75.41, 0, 0
2.00, 5.70, 25.04, 25.04, 700.62, 20.00, 4.63, 15.56, 14.79, 0.00, 6.34, 0.00, 98.64, 86.75, 0, 0
2.00, 5.70, 24.98, 24.98, 621.15, 20.00, 4.63, 15.00, 14.22, 0.00, 0.00, 0.00, 0.00, 90.00, 0, 0
2.00, 5.70, 24.91, 24.91, 565.06, 20.00, 4.63, 14.44, 13.66, 0.00, 0.00, 0.00, 0.00, 90.00, 0, 0
2.00, 5.70, 24.75, 24.75, 334.76, 20.00, 4.63, 13.33, 12.56, 0.00, 0.00, 0.00, 0.00, 90.00, 0, 0
2.00, 5.70, 24.52, 24.52, 99.22, 20.00, 4.63, 12.78, 12.00, 0.00, 0.00, 0.00, 0.00, 90.00, 0, 0
2.00, 5.70, 24.32, 24.32, 9.50, 20.00, 4.63, 12.22, 11.44, 0.00, 0.00, 0.00, 0.00, 90.00, 0, 0
2.00, 5.70, 24.14, 24.14, -71.76, 20.00, 4.63, 11.67, 10.89, 0.00, 0.00, 0.00, 0.00, 90.00, 0, 0
2.00, 5.70, 23.97, 23.97, -148.07, 20.00, 4.63, 11.11, 10.33, 0.00, 0.00, 0.00, 0.00, 90.00, 0, 0
2.00, 5.70, 23.81, 23.81, -221.20, 20.00, 4.63, 10.56, 9.76, 0.00, 0.00, 0.00, 0.00, 90.00, 0, 0
2.00, 5.70, 23.66, 23.66, -292.17, 20.00, 4.63, 10.00, 9.22, 0.00, 0.00, 0.00, 0.00, 90.00, 0, 0
2.00, 5.70, 23.52, 23.52, -336.17, 20.00, 4.63, 10.00, 9.22, 0.00, 0.00, 0.00, 0.00, 90.00, 0, 0
2.00, 5.70, 23.42, 23.42, -321.72, 20.00, 4.63, 9.44, 8.67, 0.00, 0.00, 0.00, 0.00, 90.00, 0, 0
2.00, 5.70, 23.34, 23.34, -315.24, 20.00, 4.63, 10.00, 9.22, 0.00, 4.75, 52.96, -94.80, 81.67, 0, 0
2.00, 5.70, 23.30, 23.30, -262.24, 20.00, 4.63, 10.56, 9.78, 0.00, 16.63, 46.20, -84.98, 70.31, 0, 0
2.00, 5.70, 23.33, 23.33, -140.66, 20.00, 4.63, 11.67, 10.89, 3.00, 33.85, 43.22, -74.20, 59.13, 0, 0
2.00, 5.70, 23.47, 23.47, 142.80, 20.00, 4.63, 13.33, 12.55, 15.48, 68.48, 44.79, -61.24, 48.61, 0, 0
2.00, 5.70, 23.60, 23.60, 223.70, 20.00, 4.63, 14.44, 13.66, 0.75, 71.98, 50.49, -44.30, 39.54, 0, 0
2.00, 5.70, 23.82, 23.82, 495.32, 20.00, 4.63, 16.11, 15.32, 0.52, 111.68, 59.11, -21.49, 33.31, 0, 0
2.00, 5.70, 24.01, 24.01, 577.60, 20.00, 4.63, 17.22, 16.41, 0.26, 104.98, 69.54, 6.09, 31.77, 0, 0
2.00, 5.70, 24.22, 24.22, 748.07, 20.00, 4.63, 18.33, 17.52, 0.08, 122.24, 81.03, 32.14, 35.54, 0, 0
2.00, 5.70, 24.35, 24.35, 708.25, 20.00, 4.63, 18.89, 18.06, 0.00, 87.70, 0.00, 52.25, 43.21, 0, 0
2.00, 5.70, 24.38, 24.38, 584.28, 20.00, 4.63, 18.33, 17.52, 0.00, 54.90, 0.00, 67.21, 53.04, 0, 0
2.00, 5.70, 24.42, 24.42, 612.76, 20.00, 4.63, 18.33, 17.52, 0.00, 40.03, 0.00, 79.05, 63.92, 0, 0
2.00, 5.70, 24.48, 24.48, 662.10, 20.00, 4.63, 17.22, 16.41, 0.00, 15.48, 0.00, 90.00, 75.22, 0, 0
2.00, 5.70, 24.47, 24.47, 570.91, 20.00, 4.63, 16.67, 15.84, 0.00, 1.58, 0.00, 98.97, 86.56, 0, 0
2.00, 5.70, 24.45, 24.45, 509.24, 20.00, 4.63, 15.56, 14.73, 0.00, 0.00, 0.00, 0.00, 90.00, 0, 0
2.00, 5.70, 24.40, 24.40, 447.40, 20.00, 4.63, 14.44, 13.62, 0.00, 0.00, 0.00, 0.00, 90.00, 0, 0
2.00, 5.70, 24.23, 24.23, 180.80, 20.00, 4.63, 13.33, 12.51, 0.00, 0.00, 0.00, 0.00, 90.00, 0, 0
2.00, 5.70, 23.98, 23.98, -100.88, 20.00, 4.63, 11.67, 10.86, 0.00, 0.00, 0.00, 0.00, 90.00, 0, 0
2.00, 5.70, 23.76, 23.76, -191.01, 20.00, 4.63, 11.11, 10.27, 0.00, 0.00, 0.00, 0.00, 90.00, 0, 0
2.00, 5.70, 23.54, 23.54, -323.50, 20.00, 4.63, 9.44, 8.62, 0.00, 0.00, 0.00, 0.00, 90.00, 0, 0
2.00, 5.70, 23.32, 23.32, -456.26, 20.00, 4.63, 7.78, 6.95, 0.00, 0.00, 0.00, 0.00, 90.00, 0, 0
2.00, 5.70, 23.10, 23.10, -564.23, 20.00, 4.63, 6.67, 5.84, 0.00, 0.00, 0.00, 0.00, 90.00, 0, 0
2.00, 5.70, 22.87, 22.87, -698.22, 20.00, 4.63, 5.00, 4.17, 0.00, 0.00, 0.00, 0.00, 90.00, 0, 0
2.00, 5.70, 22.63, 22.63, -835.45, 20.00, 4.63, 3.33, 2.50, 0.00, 0.00, 0.00, 0.00, 90.00, 0, 0
2.00, 5.70, 22.46, 22.46, -820.17, 20.00, 4.63, 3.33, 2.50, 0.00, 2.38, 0.00, 0.00, 90.00, 0, 0
2.00, 5.70, 22.79, 22.79, 104.92, 20.00, 4.63, 5.00, 4.17, 369.47, 26.97, 53.23, -95.04, 81.38, 0, 0
2.00, 5.70, 23.34, 23.34, 785.20, 20.00, 4.63, 7.22, 6.38, 483.01, 71.41, 46.53, -85.24, 70.02, 0, 0
2.00, 5.70, 23.99, 23.99, 1350.27, 20.00, 4.63, 10.00, 9.16, 505.62, 116.59, 43.59, -74.47, 58.84, 0, 0
2.00, 5.70, 24.49, 24.49, 1469.99, 20.00, 4.63, 12.78, 11.94, 191.67, 157.30, 45.17, -61.51, 48.29, 0, 0
2.00, 5.70, 24.80, 24.80, 1373.69, 20.00, 4.63, 15.00, 14.14, 11.19, 176.25, 50.85, -44.53, 39.19, 0, 0
2.00, 5.70, 25.00, 25.00, 1333.54, 20.00, 4.63, 16.67, 15.82, 1.80, 191.50, 59.43, -21.57, 32.94, 0, 0
2.00, 5.70, 25.20, 25.20, 1413.60, 20.00, 4.63, 17.78, 16.93, 1.31, 203.03, 69.83, 6.28, 31.40, 0, 0
2.00, 5.70, 25.38, 25.38, 1475.01, 20.00, 4.63, 18.89, 18.04, 0.25, 194.45, 81.30, 32.50, 35.23, 0, 0
2.00, 5.70, 25.53, 25.53, 1481.94, 20.00, 4.63, 19.44, 18.59, 0.00, 165.98, 0.00, 52.66, 42.96, 0, 0
2.00, 5.70, 25.69, 25.69, 1567.13, 20.00, 4.63, 19.44, 18.59, 0.00, 136.89, 0.00, 67.60, 52.83, 0, 0
2.00, 5.70, 25.83, 25.83, 1604.99, 20.00, 4.63, 18.33, 17.50, 0.00, 88.25, 0.00, 79.41, 63.73, 0, 0
2.00, 5.70, 26.00, 26.00, 1718.38, 20.00, 4.63, 16.67, 15.84, 0.00, 45.69, 0.00, 90.00, 75.04, 0, 0
2.00, 5.70, 25.85, 25.85, 1145.09, 20.00, 4.63, 15.00, 14.17, 0.00, 14.26, 0.00, 99.30, 86.36, 0, 0
2.00, 5.70, 25.67, 25.67, 953.67, 20.00, 4.63, 13.89, 13.05, 0.00, 0.79, 0.00, 0.00, 90.00, 0, 0
2.00, 5.70, 25.50, 25.50, 832.55, 20.00, 4.63, 12.78, 11.96, 0.00, 0.00, 0.00, 0.00, 90.00, 0, 0
2.00, 5.70, 25.25, 25.25, 543.92, 20.00, 4.63, 12.22, 11.40, 0.00, 0.00, 0.00, 0.00, 90.00, 0, 0
2.00, 5.70, 24.94, 24.94, 252.38, 20.00, 4.63, 11.11, 10.29, 0.00, 0.00, 0.00, 0.00, 90.00, 0, 0
2.00, 5.70, 24.67, 24.67, 136.14, 20.00, 4.63, 10.56, 9.73, 0.00, 0.00, 0.00, 0.00, 90.00, 0, 0
2.00, 5.70, 24.44, 24.44, 33.16, 20.00, 4.63, 10.00, 9.18, 0.00, 0.00, 0.00, 0.00, 90.00, 0, 0
2.00, 5.70, 24.22, 24.22, -61.55, 20.00, 4.63, 9.44, 8.62, 0.00, 0.00, 0.00, 0.00, 90.00, 0, 0
2.00, 5.70, 24.04, 24.04, -124.76, 20.00, 4.63, 9.44, 8.62, 0.00, 0.00, 0.00, 0.00, 90.00, 0, 0
2.00, 5.70, 23.86, 23.86, -207.53, 20.00, 4.63, 8.89, 8.05, 0.00, 0.00, 0.00, 0.00, 90.00, 0, 0
2.00, 5.70, 23.69, 23.69, -287.80, 20.00, 4.63, 8.33, 7.51, 0.00, 0.00, 0.00, 0.00, 90.00, 0, 0
2.00, 5.70, 23.54, 23.54, -341.82, 20.00, 4.63, 8.33, 7.53, 0.00, 0.79, 0.00, 0.00, 90.00, 0, 0
2.00, 5.70, 23.42, 23.42, -330.50, 20.00, 4.63, 8.89, 8.09, 0.00, 8.71, 53.51, -95.29, 81.10, 0, 0
2.00, 5.70, 23.45, 23.45, -93.94, 20.00, 4.63, 10.56, 9.75, 41.36, 32.97, 46.85, -85.50, 69.74, 0, 0
2.00, 5.70, 23.52, 23.52, 23.07, 20.00, 4.63, 12.22, 11.42, 22.55, 49.01, 43.95, -74.74, 58.54, 0, 0
2.00, 5.70, 23.52, 23.52, -56.72, 20.00, 4.63, 12.22, 11.42, 1.50, 36.82, 45.54, -61.78, 47.98, 0, 0
2.00, 5.70, 23.44, 23.44, -180.11, 20.00, 4.63, 12.22, 11.40, 0.00, 11.88, 51.20, -44.76, 38.84, 0, 0
2.00, 5.70, 23.42, 23.42, -110.55, 20.00, 4.63, 12.22, 11.40, 0.01, 35.30, 59.76, -21.65, 32.57, 0, 0
2.00, 5.70, 23.44, 23.44, -16.43, 20.00, 4.63, 12.78, 11.96, 0.01, 52.55, 70.13, 6.46, 31.04, 0, 0
2.00, 5.70, 23.52, 23.52, 122.60, 20.00, 4.63, 13.33, 12.51, 0.01, 71.05, 81.58, 32.87, 34.92, 0, 0
2.00, 5.70, 23.62, 23.62, 224.46, 20.00, 4.63, 14.44, 13.62, 0.00, 76.09, 0.00, 53.07, 42.71, 0, 0
2.00, 5.70, 23.77, 23.77, 396.38, 20.00, 4.63, 15.00, 14.17, 0.00, 91.22, 0.00, 67.99, 52.61, 0, 0
2.00, 5.70, 23.96, 23.96, 580.89, 20.00, 4.63, 15.00, 14.19, 0.00, 72.26, 0.00, 79.77, 63.53, 0, 0
2.00, 5.70, 24.17, 24.17, 753.69, 20.00, 4.63, 15.00, 14.19, 0.00, 37.09, 0.00, 90.00, 74.85, 0, 0
2.00, 5.70, 24.17, 24.17, 440.25, 20.00, 4.63, 14.44, 13.62, 0.00, 10.30, 0.00, 99.62, 86.17, 0, 0
2.00, 5.70, 24.11, 24.11, 318.95, 20.00, 4.63, 13.33, 12.53, 0.00, 0.79, 0.00, 0.00, 90.00, 0, 0
2.00, 5.70, 24.04, 24.04, 265.33, 20.00, 4.63, 12.78, 11.96, 0.00, 0.00, 0.00, 0.00, 90.00, 0, 0
2.00, 5.70, 23.88, 23.88, 35.36, 20.00, 4.63, 11.67, 10.86, 0.00, 0.00, 0.00, 0.00, 90.00, 0, 0
2.00, 5.70, 23.64, 23.64, -224.53, 20.00, 4.63, 10.56, 9.75, 0.00, 0.00, 0.00, 0.00, 90.00, 0, 0
2.00, 5.70, 23.43, 23.43, -315.24, 20.00, 4.63, 10.00, 9.18, 0.00, 0.00, 0.00, 0.00, 90.00, 0, 0
2.00, 5.70, 23.22, 23.22, -422.95, 20.00, 4.63, 8.89, 8.07, 0.00, 0.00, 0.00, 0.00, 90.00, 0, 0
2.00, 5.70, 23.02, 23.02, -528.04, 20.00, 4.63, 7.78, 6.96, 0.00, 0.00, 0.00, 0.00, 90.00, 0, 0
2.00, 5.70, 22.83, 22.83, -606.09, 20.00, 4.63, 7.22, 6.40, 0.00, 0.00, 0.00, 0.00, 90.00, 0, 0
2.00, 5.70, 22.64, 22.64, -707.74, 20.00, 4.63, 6.11, 5.29, 0.00, 0.00, 0.00, 0.00, 90.00, 0, 0
2.00, 5.70, 22.45, 22.45, -810.43, 20.00, 4.63, 5.00, 4.19, 0.00, 0.00, 0.00, 0.00, 90.00, 0, 0
2.00, 5.70, 22.27, 22.27, -858.78, 20.00, 4.63, 5.00, 4.19, 0.00, 2.38, 0.00, 0.00, 90.00, 0, 0
2.00, 5.70, 22.64, 22.64, 155.60, 20.00, 4.63, 6.67, 5.86, 405.54, 30.26, 53.78, -95.53, 80.81, 0, 0
2.00, 5.70, 23.22, 23.22, 826.48, 20.00, 4.63, 9.44, 8.64, 487.86, 76.82, 47.18, -85.75, 69.45, 0, 0
2.00, 5.70, 23.84, 23.84, 1292.99, 20.00, 4.63, 12.22, 11.40, 464.57, 119.21, 44.32, -75.01, 58.25, 0, 0
2.00, 5.70, 24.31, 24.31, 1381.47, 20.00, 4.63, 14.44, 13.62, 164.48, 155.81, 45.91, -62.05, 47.67, 0, 0
2.00, 5.70, 24.61, 24.61, 1329.66, 20.00, 4.63, 16.67, 15.84, 11.47, 180.38, 51.55, -44.99, 38.50, 0, 0
2.00, 5.70, 24.81, 24.81, 1279.85, 20.00, 4.63, 18.33, 17.50, 1.35, 193.93, 60.07, -21.73, 32.20, 0, 0
2.00, 5.70, 25.01, 25.01, 1364.04, 20.00, 4.63, 20.00, 19.15, 0.56, 196.79, 70.42, 6.65, 30.68, 0, 0
2.00, 5.70, 25.18, 25.18, 1403.05, 20.00, 4.63, 20.56, 19.72, 0.13, 179.32, 81.85, 33.24, 34.61, 0, 0
2.00, 5.70, 25.33, 25.33, 1436.86, 20.00, 4.63, 21.11, 20.27, 0.00, 160.41, 0.00, 53.47, 42.46, 0, 0
2.00, 5.70, 25.51, 25.51, 1562.27, 20.00, 4.63, 21.11, 20.27, 0.00, 138.90, 0.00, 68.37, 52.40, 0, 0
2.00, 5.70, 25.61, 25.61, 1494.22, 20.00, 4.63, 20.00, 19.15, 0.00, 79.73, 0.00, 80.12, 63.34, 0, 0
2.00, 5.70, 25.70, 25.70, 1479.65, 20.00, 4.63, 18.33, 17.50, 0.00, 37.70, 0.00, 90.00, 74.67, 0, 0
2.00, 5.70, 25.57, 25.57, 1074.60, 20.00, 4.63, 16.67, 15.84, 0.00, 12.67, 0.00, 99.94, 85.98, 0, 0
2.00, 5.70, 25.42, 25.42, 907.05, 20.00, 4.63, 15.56, 14.73, 0.00, 0.79, 0.00, 0.00, 90.00, 0, 0
2.00, 5.70, 25.27, 25.27, 797.74, 20.00, 4.63, 14.44, 13.62, 0.00, 0.00, 0.00, 0.00, 90.00, 0, 0
2.00, 5.70, 25.04, 25.04, 517.84, 20.00, 4.63, 12.78, 11.96, 0.00, 0.00, 0.00, 0.00, 90.00, 0, 0
2.00, 5.70, 24.74, 24.74, 235.73, 20.00, 4.63, 11.67, 10.84, 0.00, 0.00, 0.00, 0.00, 90.00, 0, 0
2.00, 5.70, 24.48, 24.48, 101.14, 20.00, 4.63, 10.56, 9.73, 0.00, 0.00, 0.00, 0.00, 90.00, 0, 0
2.00, 5.70, 24.25, 24.25, 1.14, 20.00, 4.63, 10.00, 9.16, 0.00, 0.00, 0.00, 0.00, 90.00, 0, 0
2.00, 5.70, 24.02, 24.02, -116.99, 20.00, 4.63, 8.89, 8.05, 0.00, 0.00, 0.00, 0.00, 90.00, 0, 0
2.00, 5.70, 23.81, 23.81, -232.66, 20.00, 4.63, 7.78, 6.95, 0.00, 0.00, 0.00, 0.00, 90.00, 0, 0
2.00, 5.70, 23.61, 23.61, -321.12, 20.00, 4.63, 7.22, 6.38, 0.00, 0.00, 0.00, 0.00, 90.00, 0, 0
2.00, 5.70, 23.40, 23.40, -432.84, 20.00, 4.63, 6.11, 5.27, 0.00, 0.00, 0.00, 0.00, 90.00, 0, 0
2.00, 5.70, 23.22, 23.22, -492.46, 20.00, 4.63, 6.11, 5.27, 0.00, 1.58, 0.00, 0.00, 90.00, 0, 0
2.00, 5.70, 23.06, 23.06, -544.77, 20.00, 4.63, 6.11, 5.29, 0.00, 2.38, 54.05, -95.77, 80.53, 0, 0
2.00, 5.70, 22.93, 22.93, -556.11, 20.00, 4.63, 6.67, 5.84, 0.00, 5.54, 47.50, -86.01, 69.17, 0, 0
2.00, 5.70, 22.89, 22.89, -425.27, 20.00, 4.63, 7.78, 6.95, 3.97, 31.36, 44.67, -75.28, 57.96, 0, 0
2.00, 5.70, 22.94, 22.94, -250.00, 20.00, 4.63, 8.89, 8.05, 3.91, 60.55, 46.28, -62.33, 47.36, 0, 0
2.00, 5.70, 23.05, 23.05, -65.82, 20.00, 4.63, 10.56, 9.73, 0.56, 82.06, 51.89, -45.23, 38.17, 0, 0
2.00, 5.70, 23.15, 23.15, 12.71, 20.00, 4.63, 11.67, 10.84, 0.05, 83.14, 60.39, -21.81, 31.83, 0, 0
2.00, 5.70, 23.16, 23.16, -104.32, 20.00, 4.63, 12.22, 11.38, 0.00, 43.66, 70.71, 6.83, 30.33, 0, 0
2.00, 5.70, 23.18, 23.18, -55.92, 20.00, 4.63, 12.22, 11.38, 0.00, 51.61, 82.11, 33.61, 34.31, 0, 0
2.00, 5.70, 23.21, 23.21, -20.19, 20.00, 4.63, 12.22, 11.38, 0.00, 59.15, 0.00, 53.88, 42.21, 0, 0
2.00, 5.70, 23.26, 23.26, 54.70, 20.00, 4.63, 12.78, 11.94, 0.00, 64.83, 0.00, 68.75, 52.20, 0, 0
2.00, 5.70, 23.35, 23.35, 176.94, 20.00, 4.63, 12.78, 11.94, 0.00, 57.30, 0.00, 80.48, 63.15, 0, 0
2.00, 5.70, 23.52, 23.52, 396.06, 20.00, 4.63, 12.22, 11.40, 0.00, 35.33, 0.00, 90.00, 74.48, 0, 0
2.00, 5.70, 23.50, 23.50, 140.76, 20.00, 4.63, 11.67, 10.84, 0.00, 11.09, 0.00, 100.25, 85.79, 0, 0
2.00, 5.70, 23.44, 23.44, 47.03, 20.00, 4.63, 11.11, 10.29, 0.00, 0.79, 0.00, 0.00, 90.00, 0, 0
2.00, 5.70, 23.37, 23.37, -26.77, 20.00, 4.63, 10.00, 9.18, 0.00, 0.00, 0.00, 0.00, 90.00, 0, 0
2.00, 5.70, 23.21, 23.21, -232.01, 20.00, 4.63, 9.44, 8.62, 0.00, 0.00, 0.00, 0.00, 90.00, 0, 0
2.00, 5.70, 22.98, 22.98, -465.73, 20.00, 4.63, 8.89, 8.05, 0.00, 0.00, 0.00, 0.00, 90.00, 0, 0
2.00, 5.70, 22.76, 22.76, -580.17, 20.00, 4.63, 7.78, 6.96, 0.00, 0.00, 0.00, 0.00, 90.00, 0, 0
2.00, 5.70, 22.56, 22.56, -663.45, 20.00, 4.63, 7.22, 6.40, 0.00, 0.00, 0.00, 0.00, 90.00, 0, 0
2.00, 5.70, 22.37, 22.37, -741.78, 20.00, 4.63, 6.67, 5.84, 0.00, 0.00, 0.00, 0.00, 90.00, 0, 0
2.00, 5.70, 22.19, 22.19, -817.09, 20.00, 4.63, 6.11, 5.27, 0.00, 0.00, 0.00, 0.00, 90.00, 0, 0
2.00, 5.70, 22.02, 22.02, -890.49, 20.00, 4.63, 5.56, 4.71, 0.00, 0.00, 0.00, 0.00, 90.00, 0, 0
2.00, 5.70, 21.85, 21.85, -962.57, 20.00, 4.63, 5.00, 4.17, 0.00, 0.00, 0.00, 0.00, 90.00, 0, 0
2.00, 5.70, 21.68, 21.68, -1038.55, 20.00, 4.63, 4.44, 3.62, 0.00, 0.79, 0.00, 0.00, 90.00, 0, 0
2.00, 5.70, 21.73, 21.73, -671.30, 20.00, 4.63, 6.11, 5.29, 116.71, 20.28, 54.32, -96.01, 80.26, 0, 0
2.00, 5.70, 21.72, 21.72, -732.43, 20.00, 4.63, 7.22, 6.40, 27.37, 31.10, 47.82, -86.27, 68.90, 0, 0
2.00, 5.70, 21.72, 21.72, -677.59, 20.00, 4.63, 8.33, 7.51, 7.70, 42.12, 45.03, -75.55, 57.68, 0, 0
2.00, 5.70, 21.67, 21.67, -751.15, 20.00, 4.63, 8.33, 7.51, 0.40, 28.38, 46.64, -62.60, 47.06, 0, 0
2.00, 5.70, 21.69, 21.69, -631.97, 20.00, 4.63, 8.89, 8.07, 0.16, 53.06, 52.23, -45.47, 37.83, 0, 0
2.00, 5.70, 21.72, 21.72, -564.59, 20.00, 4.63, 9.44, 8.62, 0.01, 60.92, 60.70, -21.90, 31.47, 0, 0
2.00, 5.70, 21.73, 21.73, -556.19, 20.00, 4.63, 10.00, 9.16, 0.00, 53.33, 70.99, 7.01, 29.98, 0, 0
2.00, 5.70, 21.80, 21.80, -431.77, 20.00, 4.63, 10.56, 9.73, 0.00, 68.99, 82.38, 33.98, 34.01, 0, 0
2.00, 5.70, 21.90, 21.90, -282.36, 20.00, 4.63, 11.11, 10.27, 0.00, 92.50, 0.00, 54.28, 41.97, 0, 0
2.00, 5.70, 22.00, 22.00, -232.83, 20.00, 4.63, 11.67, 10.84, 0.00, 79.43, 0.00, 69.13, 51.99, 0, 0
2.00, 5.70, 22.01, 22.01, -309.48, 20.00, 4.63, 11.11, 10.29, 0.00, 41.55, 0.00, 80.83, 62.97, 0, 0
2.00, 5.70, 22.05, 22.05, -263.43, 20.00, 4.63, 10.56, 9.73, 0.00, 16.52, 0.00, 90.00, 74.30, 0, 0
2.00, 5.70, 22.02, 22.02, -350.94, 20.00, 4.63, 10.00, 9.18, 0.00, 3.17, 0.00, 100.56, 85.60, 0, 0
2.00, 5.70, 21.96, 21.96, -420.62, 20.00, 4.63, 8.89, 8.07, 0.00, 0.00, 0.00, 0.00, 90.00, 0, 0
2.00, 5.70, 21.90, 21.90, -463.92, 20.00, 4.63, 8.33, 7.51, 0.00, 0.00, 0.00, 0.00, 90.00, 0, 0
2.00, 5.70, 21.75, 21.75, -660.01, 20.00, 4.63, 7.78, 6.96, 0.00, 0.00, 0.00, 0.00, 90.00, 0, 0
2.00, 5.70, 21.53, 21.53, -886.65, 20.00, 4.63, 7.22, 6.40, 0.00, 0.00, 0.00, 0.00, 90.00, 0, 0
2.00, 5.70, 21.33, 21.33, -969.52, 20.00, 4.63, 6.67, 5.84, 0.00, 0.00, 0.00, 0.00, 90.00, 0, 0
2.00, 5.70, 21.14, 21.14, -1045.32, 20.00, 4.63, 6.11, 5.29, 0.00, 0.00, 0.00, 0.00, 90.00, 0, 0
2.00, 5.70, 20.97, 20.97, -1117.22, 20.00, 4.63, 5.56, 4.73, 0.00, 0.00, 0.00, 0.00, 90.00, 0, 0
2.00, 5.70, 20.80, 20.80, -1186.73, 20.00, 4.63, 5.00, 4.17, 0.00, 0.00, 0.00, 0.00, 90.00, 0, 0
2.00, 5.70, 20.65, 20.65, -1228.38, 20.00, 4.63, 5.00, 4.17, 0.00, 0.00, 0.00, 0.00, 90.00, 0, 0
2.00, 5.70, 20.49, 20.49, -1293.27, 20.00, 4.63, 4.44, 3.60, 0.00, 0.00, 0.00, 0.00, 90.00, 0, 0
2.00, 5.70, 20.36, 20.36, -1322.22, 20.00, 4.63, 4.44, 3.62, 0.00, 3.96, 0.00, 0.00, 90.00, 0, 0
2.00, 5.70, 20.55, 20.55, -718.52, 20.00, 4.63, 6.11, 5.29, 218.08, 25.64, 54.59, -96.25, 79.99, 0, 0
2.00, 5.70, 20.91, 20.91, -226.77, 20.00, 4.63, 8.33, 7.51, 279.33, 63.09, 48.14, -86.52, 68.63, 0, 0
2.00, 5.70, 21.19, 21.19, -135.59, 20.00, 4.63, 10.00, 9.18, 176.72, 86.76, 45.38, -75.82, 57.40, 0, 0
2.00, 5.70, 21.38, 21.38, -119.33, 20.00, 4.63, 11.67, 10.84, 37.84, 103.15, 47.00, -62.88, 46.76, 0, 0
2.00, 5.70, 21.50, 21.50, -158.05, 20.00, 4.63, 12.78, 11.94, 1.80, 100.19, 52.57, -45.71, 37.51, 0, 0
2.00, 5.70, 21.50, 21.50, -308.73, 20.00, 4.63, 12.78, 11.94, 0.03, 66.32, 61.01, -22.00, 31.12, 0, 0
2.00, 5.70, 21.53, 21.53, -248.11, 20.00, 4.63, 12.78, 11.94, 0.00, 82.12, 71.27, 7.20, 29.63, 0, 0
2.00, 5.70, 21.64, 21.64, -83.88, 20.00, 4.63, 13.33, 12.49, 0.01, 107.96, 82.64, 34.35, 33.71, 0, 0
2.00, 5.70, 21.76, 21.76, 26.14, 20.00, 4.63, 13.89, 13.03, 0.00, 116.15, 0.00, 54.68, 41.73, 0, 0
2.00, 5.70, 21.78, 21.78, -113.95, 20.00, 4.63, 13.89, 13.03, 0.00, 64.47, 0.00, 69.51, 51.78, 0, 0
2.00, 5.70, 21.73, 21.73, -236.93, 20.00, 4.63, 12.78, 11.92, 0.00, 32.10, 0.00, 81.17, 62.78, 0, 0
2.00, 5.70, 21.75, 21.75, -145.83, 20.00, 4.63, 12.22, 11.36, 0.00, 18.22, 0.00, 90.00, 74.12, 0, 0
2.00, 5.70, 21.70, 21.70, -257.79, 20.00, 4.63, 11.11, 10.25, 0.00, 4.75, 0.00, 100.87, 85.41, 0, 0
2.00, 5.70, 21.63, 21.63, -344.77, 20.00, 4.63, 10.00, 9.14, 0.00, 0.79, 0.00, 0.00, 90.00, 0, 0
2.00, 5.70, 21.55, 21.55, -411.74, 20.00, 4.63, 8.89, 8.03, 0.00, 0.00, 0.00, 0.00, 90.00, 0, 0
2.00, 5.70, 21.38, 21.38, -638.44, 20.00, 4.63, 7.78, 6.92, 0.00, 0.00, 0.00, 0.00, 90.00, 0, 0
2.00, 5.70, 21.13, 21.13, -897.27, 20.00, 4.63, 6.67, 5.82, 0.00, 0.00, 0.00, 0.00, 90.00, 0, 0
2.00, 5.70, 20.89, 20.89, -1014.15, 20.00, 4.63, 5.56, 4.69, 0.00, 0.00, 0.00, 0.00, 90.00, 0, 0
2.00, 5.70, 20.68, 20.68, -1099.30, 20.00, 4.63, 5.00, 4.13, 0.00, 0.00, 0.00, 0.00, 90.00, 0, 0
2.00, 5.70, 20.47, 20.47, -1205.87, 20.00, 4.63, 3.89, 3.02, 0.00, 0.00, 0.00, 0.00, 90.00, 0, 0
2.00, 5.70, 20.26, 20.26, -1312.12, 20.00, 4.63, 2.78, 1.90, 0.00, 0.00, 0.00, 0.00, 90.00, 0, 0
2.00, 5.70, 20.04, 20.04, -1445.36, 20.00, 4.63, 1.11, 0.25, 0.00, 0.00, 0.00, 0.00, 90.00, 0, 0
2.00, 5.70, 19.83, 19.83, -1528.30, 20.00, 4.63, 0.56, -0.31, 0.00, 0.00, 0.00, 0.00, 90.00, 0, 0
2.00, 5.70, 20.00, 20.00, -1497.97, 20.00, 4.63, 0.56, -0.31, 0.00, 3.96, 0.00, 0.00, 90.00, 0, 0
2.00, 5.70, 20.05, 20.05, -971.84, 20.00, 4.63, 1.67, 0.81, 195.99, 25.17, 54.85, -96.49, 79.72, 0, 0
2.00, 5.70, 20.29, 20.29, -531.48, 20.00, 4.63, 3.89, 3.02, 244.50, 60.51, 48.45, -86.78, 68.36, 0, 0
2.00, 5.70, 20.74, 20.74, 81.62, 20.00, 4.63, 6.11, 5.25, 322.00, 111.00, 45.73, -76.09, 57.13, 0, 0
2.00, 5.70, 21.20, 21.20, 367.17, 20.00, 4.63, 8.89, 8.01, 110.14, 154.79, 47.35, -63.16, 46.47, 0, 0
2.00, 5.70, 21.53, 21.53, 419.26, 20.00, 4.63, 11.11, 10.25, 10.78, 187.00, 52.91, -45.96, 37.18, 0, 0
2.00, 5.70, 21.77, 21.77, 421.25, 20.00, 4.63, 12.78, 11.92, 0.49, 206.03, 61.32, -22.09, 30.76, 0, 0
2.00, 5.70, 22.01, 22.01, 552.28, 20.00, 4.63, 14.44, 13.58, 0.00, 210.72, 71.55, 7.38, 29.28, 0, 0
2.00, 5.70, 22.24, 22.24, 654.38, 20.00, 4.63, 15.56, 14.69, 0.05, 203.19, 82.89, 34.72, 33.42, 0, 0
2.00, 5.70, 22.45, 22.45, 740.76, 20.00, 4.63, 16.11, 15.23, 0.00, 185.37, 0.00, 55.08, 41.49, 0, 0
2.00, 5.70, 22.68, 22.68, 884.40, 20.00, 4.63, 16.11, 15.23, 0.00, 150.16, 0.00, 69.89, 51.58, 0, 0
2.00, 5.70, 22.88, 22.88, 935.37, 20.00, 4.63, 15.56, 14.69, 0.00, 94.70, 0.00, 81.52, 62.59, 0, 0
2.00, 5.70, 23.03, 23.03, 938.25, 20.00, 4.63, 13.89, 13.03, 0.00, 45.87, 0.00, 90.00, 73.94, 0, 0
2.00, 5.70, 22.88, 22.88, 393.29, 20.00, 4.63, 11.67, 10.81, 0.00, 15.05, 0.00, 101.18, 85.23, 0, 0
2.00, 5.70, 22.72, 22.72, 232.04, 20.00, 4.63, 11.11, 10.27, 0.00, 1.58, 0.00, 0.00, 90.00, 0, 0
2.00, 5.70, 22.56, 22.56, 115.58, 20.00, 4.63, 10.00, 9.16, 0.00, 0.00, 0.00, 0.00, 90.00, 0, 0
2.00, 5.70, 22.32, 22.32, -167.60, 20.00, 4.63, 9.44, 8.62, 0.00, 0.00, 0.00, 0.00, 90.00, 0, 0
2.00, 5.70, 22.03, 22.03, -428.79, 20.00, 4.63, 8.89, 8.05, 0.00, 0.00, 0.00, 0.00, 90.00, 0, 0
2.00, 5.70, 21.77, 21.77, -563.98, 20.00, 4.63, 7.78, 6.95, 0.00, 0.00, 0.00, 0.00, 90.00, 0, 0
2.00, 5.70, 21.55, 21.55, -637.12, 20.00, 4.63, 7.78, 6.95, 0.00, 0.00, 0.00, 0.00, 90.00, 0, 0
2.00, 5.70, 21.36, 21.36, -699.71, 20.00, 4.63, 7.78, 6.92, 0.00, 0.00, 0.00, 0.00, 90.00, 0, 0
2.00, 5.70, 21.20, 21.20, -754.63, 20.00, 4.63, 7.78, 6.92, 0.00, 0.00, 0.00, 0.00, 90.00, 0, 0
2.00, 5.70, 21.06, 21.06, -803.89, 20.00, 4.63, 7.78, 6.92, 0.00, 0.00, 0.00, 0.00, 90.00, 0, 0
2.00, 5.70, 20.92, 20.92, -874.75, 20.00, 4.63, 7.22, 6.38, 0.00, 0.00, 0.00, 0.00, 90.00, 0, 0
2.00, 5.70, 20.84, 20.84, -813.24, 20.00, 4.63, 7.78, 6.95, 0.00, 2.38, 0.00, 0.00, 90.00, 0, 0
2.00, 5.70, 20.80, 20.80, -776.33, 20.00, 4.63, 8.33, 7.51, 0.00, 11.09, 55.12, -96.73, 79.46, 0, 0
2.00, 5.70, 20.94, 20.94, -409.42, 20.00, 4.63, 10.00, 9.18, 77.09, 42.45, 48.77, -87.03, 68.10, 0, 0
2.00, 5.70, 21.04, 21.04, -384.21, 20.00, 4.63, 11.11, 10.29, 24.54, 51.55, 46.08, -76.36, 56.86, 0, 0
2.00, 5.70, 21.17, 21.17, -253.70, 20.00, 4.63, 12.22, 11.40, 5.93, 69.42, 47.71, -63.44, 46.18, 0, 0
2.00, 5.70, 21.24, 21.24, -282.55, 20.00, 4.63, 12.78, 11.96, 0.21, 54.31, 53.24, -46.21, 36.86, 0, 0
2.00, 5.70, 21.34, 21.34, -176.98, 20.00, 4.63, 13.33, 12.51, 0.01, 70.68, 61.62, -22.19, 30.41, 0, 0
2.00, 5.70, 21.47, 21.47, -68.42, 20.00, 4.63, 14.44, 13.62, 0.00, 77.44, 71.82, 7.56, 28.94, 0, 0
2.00, 5.70, 21.49, 21.49, -183.63, 20.00, 4.63, 14.44, 13.62, 0.00, 42.26, 83.15, 35.09, 33.13, 0, 0
2.00, 5.70, 21.51, 21.51, -197.14, 20.00, 4.63, 13.89, 13.05, 0.00, 45.18, 0.00, 55.48, 41.25, 0, 0
2.00, 5.70, 21.63, 21.63, 23.30, 20.00, 4.63, 14.44, 13.62, 0.00, 79.48, 0.00, 70.26, 51.38, 0, 0
2.00, 5.70, 21.71, 21.71, 31.23, 20.00, 4.63, 14.44, 13.62, 0.00, 48.08, 0.00, 81.86, 62.41, 0, 0
2.00, 5.70, 21.76, 21.76, -1.19, 20.00, 4.63, 13.33, 12.51, 0.00, 11.66, 0.00, 90.00, 73.76, 0, 0
2.00, 5.70, 21.76, 21.76, -71.66, 20.00, 4.63, 12.78, 11.96, 0.00, 3.17, 0.00, 101.48, 85.04, 0, 0
2.00, 5.70, 21.74, 21.74, -118.44, 20.00, 4.63, 12.22, 11.40, 0.00, 0.79, 0.00, 0.00, 90.00, 0, 0
2.00, 5.70, 21.70, 21.70, -176.77, 20.00, 4.63, 11.11, 10.29, 0.00, 0.00, 0.00, 0.00, 90.00, 0, 0
2.00, 5.70, 21.56, 21.56, -418.51, 20.00, 4.63, 10.56, 9.75, 0.00, 0.00, 0.00, 0.00, 90.00, 0, 0
2.00, 5.70, 21.33, 21.33, -673.52, 20.00, 4.63, 9.44, 8.64, 0.00, 0.00, 0.00, 0.00, 90.00, 0, 0
2.00, 5.70, 21.14, 21.14, -759.99, 20.00, 4.63, 8.89, 8.07, 0.00, 0.00, 0.00, 0.00, 90.00, 0, 0
2.00, 5.70, 20.96, 20.96, -838.29, 20.00, 4.63, 8.33, 7.51, 0.00, 0.00, 0.00, 0.00, 90.00, 0, 0
2.00, 5.70, 20.78, 20.78, -937.76, 20.00, 4.63, 7.22, 6.40, 0.00, 0.00, 0.00, 0.00, 90.00, 0, 0
2.00, 5.70, 20.61, 20.61, -1010.75, 20.00, 4.63, 6.67, 5.84, 0.00, 0.00, 0.00, 0.00, 90.00, 0, 0
2.00, 5.70, 20.45, 20.45, -1081.47, 20.00, 4.63, 6.11, 5.29, 0.00, 0.00, 0.00, 0.00, 90.00, 0, 0
2.00, 5.70, 20.28, 20.28, -1177.32, 20.00, 4.63, 5.00, 4.19, 0.00, 0.00, 0.00, 0.00, 90.00, 0, 0
2.00, 5.70, 20.15, 20.15, -1181.35, 20.00, 4.63, 5.56, 4.75, 0.00, 4.75, 0.00, 0.00, 90.00, 0, 0
2.00, 5.70, 20.13, 20.13, -1034.43, 20.00, 4.63, 6.67, 5.86, 31.84, 18.93, 55.39, -96.97, 79.20, 0, 0
2.00, 5.70, 20.19, 20.19, -839.92, 20.00, 4.63, 8.33, 7.53, 41.04, 41.21, 49.08, -87.29, 67.84, 0, 0
2.00, 5.70, 20.34, 20.34, -598.39, 20.00, 4.63, 10.00, 9.18, 54.34, 65.96, 46.43, -76.64, 56.59, 0, 0
2.00, 5.70, 20.54, 20.54, -396.36, 20.00, 4.63, 11.67, 10.86, 17.06, 90.59, 48.05, -63.72, 45.89, 0, 0
2.00, 5.70, 20.89, 20.89, 42.26, 20.00, 4.63, 13.89, 13.08, 5.98, 155.97, 53.56, -46.46, 36.55, 0, 0
2.00, 5.70, 21.20, 21.20, 198.47, 20.00, 4.63, 16.11, 15.28, 0.03, 176.93, 61.91, -22.30, 30.07, 0, 0
2.00, 5.70, 21.50, 21.50, 367.41, 20.00, 4.63, 17.78, 16.95, 0.00, 178.20, 72.09, 7.74, 28.60, 0, 0
2.00, 5.70, 21.80, 21.80, 533.90, 20.00, 4.63, 18.89, 18.04, 0.01, 178.91, 83.39, 35.46, 32.85, 0, 0
2.00, 5.70, 22.04, 22.04, 591.51, 20.00, 4.63, 19.44, 18.61, 0.00, 151.97, 0.00, 55.88, 41.02, 0, 0
2.00, 5.70, 22.31, 22.31, 785.61, 20.00, 4.63, 20.00, 19.15, 0.00, 134.65, 0.00, 70.63, 51.18, 0, 0
2.00, 5.70, 22.57, 22.57, 893.05, 20.00, 4.63, 19.44, 18.61, 0.00, 90.19, 0.00, 82.19, 62.23, 0, 0
2.00, 5.70, 22.70, 22.70, 772.49, 20.00, 4.63, 18.33, 17.50, 0.00, 34.19, 0.00, 90.00, 73.58, 0, 0
2.00, 5.70, 22.63, 22.63, 425.14, 20.00, 4.63, 16.67, 15.82, 0.00, 7.92, 0.00, 101.77, 84.85, 0, 0
2.00, 5.70, 22.53, 22.53, 271.19, 20.00, 4.63, 15.00, 14.17, 0.00, 0.79, 0.00, 0.00, 90.00, 0, 0
2.00, 5.70, 22.42, 22.42, 179.96, 20.00, 4.63, 13.89, 13.05, 0.00, 0.00, 0.00, 0.00, 90.00, 0, 0
2.00, 5.70, 22.24, 22.24, -59.36, 20.00, 4.63, 12.78, 11.94, 0.00, 0.00, 0.00, 0.00, 90.00, 0, 0
2.00, 5.70, 21.99, 21.99, -325.26, 20.00, 4.63, 11.67, 10.84, 0.00, 0.00, 0.00, 0.00, 90.00, 0, 0
2.00, 5.70, 21.76, 21.76, -445.54, 20.00, 4.63, 10.56, 9.71, 0.00, 0.00, 0.00, 0.00, 90.00, 0, 0
2.00, 5.70, 21.55, 21.55, -557.92, 20.00, 4.63, 9.44, 8.60, 0.00, 0.00, 0.00, 0.00, 90.00, 0, 0
2.00, 5.70, 21.34, 21.34, -692.09, 20.00, 4.63, 7.78, 6.95, 0.00, 0.00, 0.00, 0.00, 90.00, 0, 0
2.00, 5.70, 21.13, 21.13, -801.08, 20.00, 4.63, 6.67, 5.82, 0.00, 0.00, 0.00, 0.00, 90.00, 0, 0
2.00, 5.70, 20.93, 20.93, -909.00, 20.00, 4.63, 5.56, 4.71, 0.00, 0.00, 0.00, 0.00, 90.00, 0, 0
2.00, 5.70, 20.73, 20.73, -1016.97, 20.00, 4.63, 4.44, 3.60, 0.00, 0.00, 0.00, 0.00, 90.00, 0, 0
2.00, 5.70, 20.57, 20.57, -1059.65, 20.00, 4.63, 4.44, 3.60, 0.00, 4.75, 0.00, 0.00, 90.00, 0, 0
2.00, 5.70, 20.67, 20.67, -587.10, 20.00, 4.63, 6.11, 5.27, 157.96, 28.78, 55.65, -97.21, 78.94, 0, 0
2.00, 5.70, 20.67, 20.67, -714.99, 20.00, 4.63, 7.22, 6.38, 34.99, 36.51, 51.52, -90.00, 67.59, 0, 0
2.00, 5.70, 20.70, 20.70, -638.91, 20.00, 4.63, 8.33, 7.49, 15.35, 53.09, 46.77, -76.91, 56.33, 0, 0
2.00, 5.70, 20.78, 20.78, -515.99, 20.00, 4.63, 9.44, 8.60, 4.38, 70.47, 48.40, -64.01, 45.61, 0, 0
2.00, 5.70, 20.81, 20.81, -544.54, 20.00, 4.63, 10.00, 9.16, 0.22, 58.10, 53.89, -46.72, 36.24, 0, 0
2.00, 5.70, 20.95, 20.95, -282.95, 20.00, 4.63, 11.11, 10.27, 0.00, 112.64, 62.21, -22.41, 29.73, 0, 0
2.00, 5.70, 21.18, 21.18, -15.80, 20.00, 4.63, 12.78, 11.92, 0.00, 151.43, 72.36, 7.92, 28.26, 0, 0
2.00, 5.70, 21.39, 21.39, 84.75, 20.00, 4.63, 13.89, 13.05, 0.00, 135.66, 83.64, 35.82, 32.56, 0, 0
2.00, 5.70, 21.56, 21.56, 126.55, 20.00, 4.63, 14.44, 13.60, 0.00, 119.00, 0.00, 56.27, 40.79, 0, 0
2.00, 5.70, 21.75, 21.75, 282.92, 20.00, 4.63, 15.00, 14.17, 0.00, 112.90, 0.00, 70.99, 50.99, 0, 0
2.00, 5.70, 21.89, 21.89, 281.12, 20.00, 4.63, 14.44, 13.60, 0.00, 70.95, 0.00, 82.53, 62.05, 0, 0
2.00, 5.70, 22.08, 22.08, 461.05, 20.00, 4.63, 13.89, 13.05, 0.00, 42.42, 0.00, 90.00, 73.40, 0, 0
2.00, 5.70, 22.05, 22.05, 113.43, 20.00, 4.63, 12.78, 11.94, 0.00, 17.42, 0.00, 102.07, 84.67, 0, 0
2.00, 5.70, 21.96, 21.96, -43.19, 20.00, 4.63, 11.67, 10.84, 0.00, 1.58, 0.00, 0.00, 90.00, 0, 0
2.00, 5.70, 21.87, 21.87, -109.57, 20.00, 4.63, 11.11, 10.29, 0.00, 0.00, 0.00, 0.00, 90.00, 0, 0
2.00, 5.70, 21.70, 21.70, -348.16, 20.00, 4.63, 10.00, 9.18, 0.00, 0.00, 0.00, 0.00, 90.00, 0, 0
2.00, 5.70, 21.46, 21.46, -589.07, 20.00, 4.63, 9.44, 8.62, 0.00, 0.00, 0.00, 0.00, 90.00, 0, 0
2.00, 5.70, 21.24, 21.24, -708.35, 20.00, 4.63, 8.33, 7.51, 0.00, 0.00, 0.00, 0.00, 90.00, 0, 0
2.00, 5.70, 21.04, 21.04, -794.87, 20.00, 4.63, 7.78, 6.95, 0.00, 0.00, 0.00, 0.00, 90.00, 0, 0
2.00, 5.70, 20.86, 20.86, -875.33, 20.00, 4.63, 7.22, 6.38, 0.00, 0.00, 0.00, 0.00, 90.00, 0, 0
2.00, 5.70, 20.69, 20.69, -951.82, 20.00, 4.63, 6.67, 5.84, 0.00, 0.00, 0.00, 0.00, 90.00, 0, 0
2.00, 5.70, 20.53, 20.53, -1025.93, 20.00, 4.63, 6.11, 5.27, 0.00, 0.00, 0.00, 0.00, 90.00, 0, 0
2.00, 5.70, 20.37, 20.37, -1098.30, 20.00, 4.63, 5.56, 4.73, 0.00, 0.00, 0.00, 0.00, 90.00, 0, 0
2.00, 5.70, 20.24, 20.24, -1128.82, 20.00, 4.63, 5.56, 4.73, 0.00, 4.75, 0.00, -107.01, 89.79, 0, 0
2.00, 5.70, 20.42, 20.42, -565.17, 20.00, 4.63, 7.22, 6.40, 195.51, 29.08, 55.91, -97.44, 78.69, 0, 0
2.00, 5.70, 20.86, 20.86, 101.52, 20.00, 4.63, 10.00, 9.18, 301.96, 77.88, 51.61, -90.00, 67.34, 0, 0
2.00, 5.70, 21.40, 21.40, 594.51, 20.00, 4.63, 12.78, 11.96, 310.21, 119.25, 47.10, -77.18, 56.07, 0, 0
2.00, 5.70, 21.73, 21.73, 510.08, 20.00, 4.63, 14.44, 13.64, 50.52, 135.47, 48.74, -64.29, 45.34, 0, 0
2.00, 5.70, 21.94, 21.94, 462.16, 20.00, 4.63, 16.11, 15.30, 4.32, 143.57, 54.21, -46.98, 35.93, 0, 0
2.00, 5.70, 22.12, 22.12, 511.69, 20.00, 4.63, 17.22, 16.41, 0.00, 155.67, 62.50, -22.52, 29.39, 0, 0
2.00, 5.70, 22.25, 22.25, 485.58, 20.00, 4.63, 17.78, 16.95, 0.00, 127.01, 72.62, 8.10, 27.93, 0, 0
2.00, 5.70, 22.38, 22.38, 570.98, 20.00, 4.63, 18.33, 17.50, 0.00, 129.33, 83.88, 36.19, 32.28, 0, 0
2.00, 5.70, 22.51, 22.51, 612.36, 20.00, 4.63, 18.33, 17.52, 0.00, 125.18, 0.00, 56.66, 40.56, 0, 0
2.00, 5.70, 22.56, 22.56, 496.91, 20.00, 4.63, 17.78, 16.97, 0.00, 82.30, 0.00, 71.35, 50.79, 0, 0
2.00, 5.70, 22.65, 22.65, 604.48, 20.00, 4.63, 17.22, 16.41, 0.00, 69.04, 0.00, 82.86, 61.87, 0, 0
2.00, 5.70, 22.71, 22.71, 563.69, 20.00, 4.63, 16.11, 15.30, 0.00, 26.46, 0.00, 92.84, 73.22, 0, 0
2.00, 5.70, 22.63, 22.63, 301.30, 20.00, 4.63, 14.44, 13.64, 0.00, 4.75, 0.00, 102.36, 84.49, 0, 0
2.00, 5.70, 22.53, 22.53, 191.96, 20.00, 4.63, 13.33, 12.55, 0.00, 0.79, 0.00, 0.00, 90.00, 0, 0
2.00, 5.70, 22.45, 22.45, 132.46, 20.00, 4.63, 12.78, 11.98, 0.00, 0.00, 0.00, 0.00, 90.00, 0, 0
2.00, 5.70, 22.29, 22.29, -77.69, 20.00, 4.63, 12.22, 11.42, 0.00, 0.00, 0.00, 0.00, 90.00, 0, 0
2.00, 5.70, 22.07, 22.07, -314.49, 20.00, 4.63, 11.67, 10.87, 0.00, 0.00, 0.00, 0.00, 90.00, 0, 0
2.00, 5.70, 21.86, 21.86, -430.53, 20.00, 4.63, 10.56, 9.76, 0.00, 0.00, 0.00, 0.00, 90.00, 0, 0
2.00, 5.70, 21.68, 21.68, -514.66, 20.00, 4.63, 10.00, 9.20, 0.00, 0.00, 0.00, 0.00, 90.00, 0, 0
2.00, 5.70, 21.52, 21.52, -567.44, 20.00, 4.63, 10.00, 9.18, 0.00, 0.00, 0.00, 0.00, 90.00, 0, 0
2.00, 5.70, 21.38, 21.38, -639.75, 20.00, 4.63, 9.44, 8.64, 0.00, 0.00, 0.00, 0.00, 90.00, 0, 0
2.00, 5.70, 21.23, 21.23, -710.01, 20.00, 4.63, 8.89, 8.09, 0.00, 0.00, 0.00, 0.00, 90.00, 0, 0
2.00, 5.70, 21.10, 21.10, -778.88, 20.00, 4.63, 8.33, 7.55, 0.00, 0.00, 0.00, 0.00, 90.00, 0, 0
2.00, 5.70, 21.01, 21.01, -745.76, 20.00, 4.63, 9.44, 8.65, 0.00, 6.34, 0.00, -107.23, 89.54, 0, 0
2.00, 5.70, 20.97, 20.97, -686.10, 20.00, 4.63, 10.00, 9.22, 9.22, 16.35, 56.18, -97.68, 78.44, 0, 0
2.00, 5.70, 20.96, 20.96, -645.16, 20.00, 4.63, 10.56, 9.78, 1.14, 26.85, 51.69, -90.00, 67.09, 0, 0
2.00, 5.70, 21.01, 21.01, -509.56, 20.00, 4.63, 11.67, 10.89, 7.20, 44.35, 47.44, -77.45, 55.82, 0, 0
2.00, 5.70, 21.22, 21.22, -136.71, 20.00, 4.63, 13.89, 13.09, 12.01, 89.17, 49.07, -64.58, 45.07, 0, 0
2.00, 5.70, 21.47, 21.47, 89.01, 20.00, 4.63, 15.56, 14.77, 2.36, 119.91, 54.52, -47.24, 35.63, 0, 0
2.00, 5.70, 21.68, 21.68, 156.40, 20.00, 4.63, 16.67, 15.88, 0.00, 116.07, 62.78, -22.64, 29.06, 0, 0
2.00, 5.70, 21.74, 21.74, -8.06, 20.00, 4.63, 16.67, 15.88, 0.00, 60.51, 72.88, 8.27, 27.61, 0, 0
2.00, 5.70, 21.82, 21.82, 57.98, 20.00, 4.63, 16.67, 15.88, 0.00, 68.72, 84.12, 36.56, 32.01, 0, 0
2.00, 5.70, 21.81, 21.81, -76.16, 20.00, 4.63, 16.11, 15.32, 0.00, 38.04, 0.00, 57.05, 40.34, 0, 0
2.00, 5.70, 21.84, 21.84, -24.03, 20.00, 4.63, 16.11, 15.32, 0.00, 49.84, 0.00, 71.71, 50.60, 0, 0
2.00, 5.70, 21.93, 21.93, 117.16, 20.00, 4.63, 16.11, 15.32, 0.00, 52.51, 0.00, 83.18, 61.69, 0, 0
2.00, 5.70, 22.07, 22.07, 280.72, 20.00, 4.63, 15.56, 14.77, 0.00, 32.94, 0.00, 93.15, 73.05, 0, 0
2.00, 5.70, 22.08, 22.08, 78.72, 20.00, 4.63, 14.44, 13.66, 0.00, 9.50, 0.00, 102.64, 84.30, 0, 0
2.00, 5.70, 22.05, 22.05, 2.84, 20.00, 4.63, 13.89, 13.09, 0.00, 0.79, 0.00, 0.00, 90.00, 0, 0
2.00, 5.70, 22.02, 22.02, -36.68, 20.00, 4.63, 13.33, 12.55, 0.00, 0.00, 0.00, 0.00, 90.00, 0, 0
2.00, 5.70, 21.89, 21.89, -255.74, 20.00, 4.63, 12.22, 11.44, 0.00, 0.00, 0.00, 0.00, 90.00, 0, 0
2.00, 5.70, 21.69, 21.69, -481.43, 20.00, 4.63, 11.67, 10.87, 0.00, 0.00, 0.00, 0.00, 90.00, 0, 0
2.00, 5.70, 21.51, 21.51, -562.46, 20.00, 4.63, 11.11, 10.31, 0.00, 0.00, 0.00, 0.00, 90.00, 0, 0
2.00, 5.70, 21.34, 21.34, -661.50, 20.00, 4.63, 10.00, 9.22, 0.00, 0.00, 0.00, 0.00, 90.00, 0, 0
2.00, 5.70, 21.18, 21.18, -733.10, 20.00, 4.63, 9.44, 8.65, 0.00, 0.00, 0.00, 0.00, 90.00, 0, 0
2.00, 5.70, 21.03, 21.03, -801.75, 20.00, 4.63, 8.89, 8.09, 0.00, 0.00, 0.00, 0.00, 90.00, 0, 0
2.00, 5.70, 20.89, 20.89, -868.66, 20.00, 4.63, 8.33, 7.53, 0.00, 0.00, 0.00, 0.00, 90.00, 0, 0
2.00, 5.70, 20.74, 20.74, -960.39, 20.00, 4.63, 7.22, 6.44, 0.00, 0.00, 0.00, 0.00, 90.00, 0, 0
2.00, 5.70, 20.62, 20.62, -963.84, 20.00, 4.63, 7.78, 7.00, 0.00, 3.96, 0.00, -107.45, 89.28, 0, 0
2.00, 5.70, 20.69, 20.69, -657.73, 20.00, 4.63, 9.44, 8.65, 84.15, 22.67, 56.43, -97.91, 78.20, 0, 0
2.00, 5.70, 20.71, 20.71, -672.78, 20.00, 4.63, 10.56, 9.76, 18.01, 33.58, 51.77, -90.00, 66.85, 0, 0
2.00, 5.70, 20.72, 20.72, -678.26, 20.00, 4.63, 11.11, 10.33, 1.00, 33.94, 47.76, -77.72, 55.57, 0, 0
2.00, 5.70, 20.82, 20.82, -471.98, 20.00, 4.63, 12.22, 11.44, 2.98, 65.97, 49.40, -64.87, 44.81, 0, 0
2.00, 5.70, 20.94, 20.94, -357.17, 20.00, 4.63, 13.33, 12.55, 0.30, 76.44, 54.83, -47.51, 35.34, 0, 0
2.00, 5.70, 21.08, 21.08, -225.86, 20.00, 4.63, 14.44, 13.64, 0.00, 88.26, 63.07, -22.76, 28.73, 0, 0
2.00, 5.70, 21.27, 21.27, -33.95, 20.00, 4.63, 15.56, 14.75, 0.00, 114.50, 73.14, 8.44, 27.28, 0, 0
2.00, 5.70, 21.54, 21.54, 249.07, 20.00, 4.63, 17.22, 16.41, 0.00, 151.19, 84.35, 36.92, 31.73, 0, 0
2.00, 5.70, 21.75, 21.75, 279.85, 20.00, 4.63, 17.78, 16.97, 0.00, 120.10, 0.00, 57.44, 40.12, 0, 0
2.00, 5.70, 21.91, 21.91, 315.06, 20.00, 4.63, 18.33, 17.52, 0.00, 92.87, 0.00, 72.07, 50.41, 0, 0
2.00, 5.70, 22.11, 22.11, 474.19, 20.00, 4.63, 17.78, 16.97, 0.00, 75.07, 0.00, 83.51, 61.52, 0, 0
2.00, 5.70, 22.39, 22.39, 742.73, 20.00, 4.63, 17.22, 16.43, 0.00, 46.27, 0.00, 93.44, 72.87, 0, 0
2.00, 5.70, 22.39, 22.39, 323.93, 20.00, 4.63, 16.11, 15.32, 0.00, 17.42, 0.00, 102.92, 84.12, 0, 0
2.00, 5.70, 22.32, 22.32, 177.94, 20.00, 4.63, 15.00, 14.20, 0.00, 2.38, 0.00, 0.00, 90.00, 0, 0
2.00, 5.70, 22.24, 22.24, 88.68, 20.00, 4.63, 13.89, 13.09, 0.00, 0.00, 0.00, 0.00, 90.00, 0, 0
2.00, 5.70, 22.08, 22.08, -144.85, 20.00, 4.63, 12.78, 11.96, 0.00, 0.00, 0.00, 0.00, 90.00, 0, 0
2.00, 5.70, 21.84, 21.84, -405.79, 20.00, 4.63, 11.67, 10.86, 0.00, 0.00, 0.00, 0.00, 90.00, 0, 0
2.00, 5.70, 21.63, 21.63, -521.71, 20.00, 4.63, 10.56, 9.75, 0.00, 0.00, 0.00, 0.00, 90.00, 0, 0
2.00, 5.70, 21.43, 21.43, -630.47, 20.00, 4.63, 9.44, 8.64, 0.00, 0.00, 0.00, 0.00, 90.00, 0, 0
2.00, 5.70, 21.23, 21.23, -735.61, 20.00, 4.63, 8.33, 7.53, 0.00, 0.00, 0.00, 0.00, 90.00, 0, 0
2.00, 5.70, 21.04, 21.04, -839.27, 20.00, 4.63, 7.22, 6.40, 0.00, 0.00, 0.00, 0.00, 90.00, 0, 0
2.00, 5.70, 20.85, 20.85, -942.45, 20.00, 4.63, 6.11, 5.29, 0.00, 0.00, 0.00, 0.00, 90.00, 0, 0
2.00, 5.70, 20.67, 20.67, -1019.79, 20.00, 4.63, 5.56, 4.73, 0.00, 0.00, 0.00, 0.00, 90.00, 0, 0
2.00, 5.70, 20.56, 20.56, -987.83, 20.00, 4.63, 5.56, 4.73, 0.00, 3.17, 0.00, -107.66, 89.04, 0, 0
2.00, 5.70, 20.57, 20.57, -790.18, 20.00, 4.63, 6.67, 5.86, 44.55, 22.29, 56.69, -98.14, 77.96, 0, 0
2.00, 5.70, 20.66, 20.66, -582.71, 20.00, 4.63, 8.33, 7.51, 48.95, 47.17, 51.85, -90.00, 66.62, 0, 0
2.00, 5.70, 20.90, 20.90, -235.07, 20.00, 4.63, 10.56, 9.73, 78.19, 79.43, 48.09, -77.99, 55.33, 0, 0
2.00, 5.70, 21.17, 21.17, 19.79, 20.00, 4.63, 12.22, 11.40, 22.30, 112.74, 49.73, -65.15, 44.55, 0, 0
2.00, 5.70, 21.38, 21.38, 58.59, 20.00, 4.63, 13.89, 13.05, 1.77, 113.10, 55.14, -47.78, 35.05, 0, 0
2.00, 5.70, 21.54, 21.54, 89.47, 20.00, 4.63, 14.44, 13.60, 0.00, 108.72, 63.34, -22.88, 28.40, 0, 0
2.00, 5.70, 21.77, 21.77, 311.42, 20.00, 4.63, 16.11, 15.25, 0.00, 138.95, 73.39, 8.62, 26.96, 0, 0
2.00, 5.70, 21.99, 21.99, 442.06, 20.00, 4.63, 16.67, 15.82, 0.00, 150.62, 84.58, 37.28, 31.47, 0, 0
2.00, 5.70, 22.19, 22.19, 518.03, 20.00, 4.63, 17.22, 16.36, 0.00, 136.85, 0.00, 57.82, 39.90, 0, 0
2.00, 5.70, 22.27, 22.27, 378.95, 20.00, 4.63, 17.22, 16.36, 0.00, 77.27, 0.00, 72.42, 50.22, 0, 0
2.00, 5.70, 22.29, 22.29, 291.71, 20.00, 4.63, 16.11, 15.25, 0.00, 47.58, 0.00, 83.82, 61.34, 0, 0
2.00, 5.70, 22.45, 22.45, 573.04, 20.00, 4.63, 15.56, 14.69, 0.00, 38.11, 0.00, 93.74, 72.70, 0, 0
2.00, 5.70, 22.43, 22.43, 289.13, 20.00, 4.63, 14.44, 13.58, 0.00, 14.26, 0.00, 103.20, 83.94, 0, 0
2.00, 5.70, 22.35, 22.35, 133.24, 20.00, 4.63, 12.78, 11.92, 0.00, 1.58, 0.00, 0.00, 90.00, 0, 0
2.00, 5.70, 22.26, 22.26, 49.81, 20.00, 4.63, 11.67, 10.81, 0.00, 0.00, 0.00, 0.00, 90.00, 0, 0
2.00, 5.70, 22.06, 22.06, -259.54, 20.00, 4.63, 10.00, 9.14, 0.00, 0.00, 0.00, 0.00, 90.00, 0, 0
2.00, 5.70, 21.78, 21.78, -532.05, 20.00, 4.63, 8.89, 8.03, 0.00, 0.00, 0.00, 0.00, 90.00, 0, 0
2.00, 5.70, 21.52, 21.52, -684.76, 20.00, 4.63, 7.22, 6.36, 0.00, 0.00, 0.00, 0.00, 90.00, 0, 0
2.00, 5.70, 21.28, 21.28, -806.20, 20.00, 4.63, 6.11, 5.25, 0.00, 0.00, 0.00, 0.00, 90.00, 0, 0
2.00, 5.70, 21.03, 21.03, -949.74, 20.00, 4.63, 4.44, 3.58, 0.00, 0.00, 0.00, 0.00, 90.00, 0, 0
2.00, 5.70, 20.80, 20.80, -1067.34, 20.00, 4.63, 3.33, 2.46, 0.00, 0.00, 0.00, 0.00, 90.00, 0, 0
2.00, 5.70, 20.56, 20.56, -1210.38, 20.00, 4.63, 1.67, 0.81, 0.00, 0.00, 0.00, 0.00, 90.00, 0, 0
2.00, 5.70, 20.32, 20.32, -1329.21, 20.00, 4.63, 0.56, -0.31, 0.00, 0.00, 0.00, 0.00, 90.00, 0, 0
2.00, 5.70, 20.17, 20.17, -1270.97, 20.00, 4.63, 1.11, 0.23, 0.00, 7.13, 0.00, -107.88, 88.79, 0, 0
2.00, 5.70, 20.26, 20.26, -856.53, 20.00, 4.63, 2.22, 1.35, 145.13, 28.30, 56.95, -98.37, 77.73, 0, 0
2.00, 5.70, 20.50, 20.50, -480.36, 20.00, 4.63, 4.44, 3.56, 173.78, 63.29, 51.93, -90.00, 66.39, 0, 0
2.00, 5.70, 20.75, 20.75, -272.01, 20.00, 4.63, 6.11, 5.23, 133.71, 92.82, 48.41, -78.26, 55.10, 0, 0
2.00, 5.70, 21.06, 21.06, 9.62, 20.00, 4.63, 8.33, 7.47, 38.18, 133.03, 50.05, -65.44, 44.29, 0, 0
2.00, 5.70, 21.33, 21.33, 148.12, 20.00, 4.63, 10.56, 9.66, 5.44, 166.42, 55.44, -48.05, 34.76, 0, 0
2.00, 5.70, 21.55, 21.55, 203.89, 20.00, 4.63, 12.22, 11.33, 0.00, 169.42, 63.62, -23.01, 28.09, 0, 0
2.00, 5.70, 21.77, 21.77, 321.19, 20.00, 4.63, 13.33, 12.44, 0.00, 172.74, 73.64, 8.78, 26.65, 0, 0
2.00, 5.70, 21.94, 21.94, 367.67, 20.00, 4.63, 13.89, 12.99, 0.00, 159.01, 84.81, 37.64, 31.20, 0, 0
2.00, 5.70, 22.09, 22.09, 406.22, 20.00, 4.63, 13.89, 12.99, 0.00, 145.95, 0.00, 58.20, 39.68, 0, 0
2.00, 5.70, 22.22, 22.22, 431.06, 20.00, 4.63, 13.89, 12.99, 0.00, 112.12, 0.00, 72.76, 50.03, 0, 0
2.00, 5.70, 22.36, 22.36, 525.55, 20.00, 4.63, 13.33, 12.44, 0.00, 81.31, 0.00, 84.14, 61.17, 0, 0
2.00, 5.70, 22.48, 22.48, 558.25, 20.00, 4.63, 12.22, 11.33, 0.00, 42.09, 0.00, 94.02, 72.53, 0, 0
2.00, 5.70, 22.38, 22.38, 154.61, 20.00, 4.63, 10.56, 9.66, 0.00, 13.46, 0.00, 103.47, 83.76, 0, 0
2.00, 5.70, 22.23, 22.23, -32.08, 20.00, 4.63, 8.89, 8.01, 0.00, 1.58, 0.00, 0.00, 90.00, 0, 0
2.00, 5.70, 22.08, 22.08, -138.14, 20.00, 4.63, 7.78, 6.90, 0.00, 0.00, 0.00, 0.00, 90.00, 0, 0
2.00, 5.70, 21.83, 21.83, -442.59, 20.00, 4.63, 6.67, 5.78, 0.00, 0.00, 0.00, 0.00, 90.00, 0, 0
2.00, 5.70, 21.52, 21.52, -730.35, 20.00, 4.63, 5.56, 4.67, 0.00, 0.00, 0.00, 0.00, 90.00, 0, 0
2.00, 5.70, 21.23, 21.23, -870.41, 20.00, 4.63, 4.44, 3.56, 0.00, 0.00, 0.00, 0.00, 90.00, 0, 0
2.00, 5.70, 20.97, 20.97, -1001.51, 20.00, 4.63, 3.33, 2.44, 0.00, 0.00, 0.00, 0.00, 90.00, 0, 0
2.00, 5.70, 20.73, 20.73, -1100.59, 20.00, 4.63, 2.78, 1.90, 0.00, 0.00, 0.00, 0.00, 90.00, 0, 0
2.00, 5.70, 20.49, 20.49, -1221.07, 20.00, 4.63, 1.67, 0.79, 0.00, 0.00, 0.00, 0.00, 90.00, 0, 0
2.00, 5.70, 20.27, 20.27, -1313.62, 20.00, 4.63, 1.11, 0.23, 0.00, 0.00, 0.00, 0.00, 90.00, 0, 0
2.00, 5.70, 20.05, 20.05, -1430.39, 20.00, 4.63, 0.00, -0.90, 0.00, 0.00, 0.00, 0.00, 90.00, 0, 0
2.00, 5.70, 20.00, 20.00, -1453.13, 20.00, 4.63, 0.56, -0.34, 0.00, 4.75, 0.00, -108.09, 88.55, 0, 0
2.00, 5.70, 20.11, 20.11, -863.40, 20.00, 4.63, 1.67, 0.79, 217.67, 32.68, 57.20, -98.60, 77.50, 0, 0
2.00, 5.70, 20.28, 20.28, -649.65, 20.00, 4.63, 3.89, 3.02, 166.37, 63.58, 52.01, -90.00, 66.16, 0, 0
2.00, 5.70, 20.57, 20.57, -279.55, 20.00, 4.63, 5.56, 4.69, 182.03, 103.43, 48.73, -78.53, 54.86, 0, 0
2.00, 5.70, 20.83, 20.83, -145.62, 20.00, 4.63, 7.22, 6.36, 39.73, 136.07, 50.37, -65.73, 44.04, 0, 0
2.00, 5.70, 21.04, 21.04, -68.89, 20.00, 4.63, 9.44, 8.57, 4.75, 160.90, 55.74, -48.33, 34.48, 0, 0
2.00, 5.70, 21.23, 21.23, 15.17, 20.00, 4.63, 10.56, 9.68, 0.00, 182.88, 63.89, -23.15, 27.77, 0, 0
2.00, 5.70, 21.42, 21.42, 137.65, 20.00, 4.63, 11.67, 10.79, 0.00, 189.32, 73.88, 8.95, 26.34, 0, 0
2.00, 5.70, 21.59, 21.59, 199.52, 20.00, 4.63, 12.22, 11.36, 0.00, 171.81, 85.03, 38.00, 30.94, 0, 0
2.00, 5.70, 21.74, 21.74, 249.90, 20.00, 4.63, 12.78, 11.90, 0.00, 152.09, 0.00, 58.57, 39.47, 0, 0
2.00, 5.70, 21.84, 21.84, 238.86, 20.00, 4.63, 12.22, 11.36, 0.00, 114.04, 0.00, 73.11, 49.85, 0, 0
2.00, 5.70, 21.95, 21.95, 298.73, 20.00, 4.63, 11.67, 10.81, 0.00, 80.52, 0.00, 84.45, 61.00, 0, 0
2.00, 5.70, 22.04, 22.04, 308.11, 20.00, 4.63, 10.56, 9.71, 0.00, 41.11, 0.00, 94.31, 72.36, 0, 0
2.00, 5.70, 21.91, 21.91, -89.62, 20.00, 4.63, 8.89, 8.03, 0.00, 11.88, 0.00, 103.74, 83.58, 0, 0
2.00, 5.70, 21.75, 21.75, -252.97, 20.00, 4.63, 7.78, 6.95, 0.00, 0.79, 0.00, 0.00, 90.00, 0, 0
2.00, 5.70, 21.61, 21.61, -305.42, 20.00, 4.63, 7.78, 6.95, 0.00, 0.00, 0.00, 0.00, 90.00, 0, 0
2.00, 5.70, 21.41, 21.41, -531.26, 20.00, 4.63, 7.22, 6.38, 0.00, 0.00, 0.00, 0.00, 90.00, 0, 0
2.00, 5.70, 21.15, 21.15, -781.42, 20.00, 4.63, 6.67, 5.84, 0.00, 0.00, 0.00, 0.00, 90.00, 0, 0
2.00, 5.70, 20.92, 20.92, -883.63, 20.00, 4.63, 6.11, 5.27, 0.00, 0.00, 0.00, 0.00, 90.00, 0, 0
2.00, 5.70, 20.74, 20.74, -923.41, 20.00, 4.63, 6.67, 5.82, 0.00, 0.00, 0.00, 0.00, 90.00, 0, 0
2.00, 5.70, 20.57, 20.57, -978.20, 20.00, 4.63, 6.67, 5.82, 0.00, 0.00, 0.00, 0.00, 90.00, 0, 0
2.00, 5.70, 20.44, 20.44, -1000.88, 20.00, 4.63, 7.22, 6.38, 0.00, 0.00, 0.00, 0.00, 90.00, 0, 0
2.00, 5.70, 20.34, 20.34, -1016.83, 20.00, 4.63, 7.78, 6.92, 0.00, 0.00, 0.00, 0.00, 90.00, 0, 0
2.00, 5.70, 20.23, 20.23, -1052.99, 20.00, 4.63, 7.78, 6.95, 0.00, 0.00, 0.00, 0.00, 90.00, 0, 0
2.00, 5.70, 20.16, 20.16, -1039.93, 20.00, 4.63, 8.33, 7.51, 0.00, 5.54, 0.00, -108.30, 88.32, 0, 0
2.00, 5.70, 20.12, 20.12, -998.74, 20.00, 4.63, 8.89, 8.07, 2.42, 13.38, 57.45, -98.83, 77.27, 0, 0
2.00, 5.70, 20.08, 20.08, -997.95, 20.00, 4.63, 9.44, 8.62, 0.00, 11.88, 52.08, -90.00, 65.94, 0, 0
2.00, 5.70, 20.06, 20.06, -964.22, 20.00, 4.63, 9.44, 8.64, 0.00, 22.97, 49.04, -78.80, 54.64, 0, 0
2.00, 5.70, 20.19, 20.19, -658.31, 20.00, 4.63, 11.11, 10.29, 4.87, 69.88, 50.68, -66.02, 43.80, 0, 0
2.00, 5.70, 20.46, 20.46, -264.39, 20.00, 4.63, 13.33, 12.51, 2.33, 131.37, 56.03, -48.61, 34.21, 0, 0
2.00, 5.70, 20.75, 20.75, -60.04, 20.00, 4.63, 15.00, 14.19, 0.00, 154.77, 64.15, -23.29, 27.46, 0, 0
2.00, 5.70, 21.00, 21.00, 50.97, 20.00, 4.63, 16.11, 15.30, 0.00, 143.98, 74.12, 9.11, 26.03, 0, 0
2.00, 5.70, 21.15, 21.15, 4.60, 20.00, 4.63, 16.67, 15.84, 0.00, 95.76, 85.25, 38.35, 30.68, 0, 0
2.00, 5.70, 21.17, 21.17, -163.26, 20.00, 4.63, 16.11, 15.30, 0.00, 51.34, 0.00, 58.95, 39.26, 0, 0
2.00, 5.70, 21.20, 21.20, -159.08, 20.00, 4.63, 16.11, 15.30, 0.00, 52.15, 0.00, 73.44, 49.67, 0, 0
2.00, 5.70, 21.23, 21.23, -128.75, 20.00, 4.63, 15.56, 14.75, 0.00, 43.47, 0.00, 84.75, 60.83, 0, 0
2.00, 5.70, 21.39, 21.39, 130.53, 20.00, 4.63, 15.00, 14.20, 0.00, 36.03, 0.00, 94.59, 72.19, 0, 0
2.00, 5.70, 21.42, 21.42, -43.38, 20.00, 4.63, 14.44, 13.66, 0.00, 16.63, 0.00, 104.00, 83.40, 0, 0
2.00, 5.70, 21.40, 21.40, -134.44, 20.00, 4.63, 13.89, 13.09, 0.00, 2.38, 0.00, 0.00, 90.00, 0, 0
2.00, 5.70, 21.37, 21.37, -177.86, 20.00, 4.63, 13.33, 12.55, 0.00, 0.00, 0.00, 0.00, 90.00, 0, 0
2.00, 5.70, 21.27, 21.27, -344.19, 20.00, 4.63, 13.33, 12.55, 0.00, 0.00, 0.00, 0.00, 90.00, 0, 0
2.00, 5.70, 21.09, 21.09, -562.38, 20.00, 4.63, 12.78, 12.00, 0.00, 0.00, 0.00, 0.00, 90.00, 0, 0
2.00, 5.70, 20.95, 20.95, -610.95, 20.00, 4.63, 12.78, 12.00, 0.00, 0.00, 0.00, 0.00, 90.00, 0, 0
2.00, 5.70, 20.82, 20.82, -675.40, 20.00, 4.63, 12.22, 11.42, 0.00, 0.00, 0.00, 0.00, 90.00, 0, 0
2.00, 5.70, 20.70, 20.70, -735.79, 20.00, 4.63, 11.67, 10.87, 0.00, 0.00, 0.00, 0.00, 90.00, 0, 0
2.00, 5.70, 20.58, 20.58, -793.87, 20.00, 4.63, 11.11, 10.33, 0.00, 0.00, 0.00, 0.00, 90.00, 0, 0
2.00, 5.70, 20.47, 20.47, -850.85, 20.00, 4.63, 10.56, 9.76, 0.00, 0.00, 0.00, 0.00, 90.00, 0, 0
2.00, 5.70, 20.35, 20.35, -907.14, 20.00, 4.63, 10.00, 9.22, 0.00, 0.00, 0.00, 0.00, 90.00, 0, 0
2.00, 5.70, 20.28, 20.28, -893.34, 20.00, 4.63, 10.56, 9.78, 0.00, 4.75, 0.00, -108.51, 88.09, 0, 0
2.00, 5.70, 20.41, 20.41, -494.68, 20.00, 4.63, 11.67, 10.91, 119.98, 30.29, 57.70, -99.05, 77.05, 0, 0
2.00, 5.70, 20.49, 20.49, -509.78, 20.00, 4.63, 12.78, 12.02, 36.15, 43.12, 52.16, -90.00, 65.72, 0, 0
2.00, 5.70, 20.53, 20.53, -543.91, 20.00, 4.63, 13.33, 12.58, 5.10, 39.69, 49.35, -79.07, 54.42, 0, 0
2.00, 5.70, 20.67, 20.67, -289.19, 20.00, 4.63, 14.44, 13.68, 5.91, 80.08, 50.99, -66.31, 43.56, 0, 0
2.00, 5.70, 20.92, 20.92, -2.77, 20.00, 4.63, 16.11, 15.35, 1.81, 124.36, 56.31, -48.89, 33.94, 0, 0
2.00, 5.70, 21.14, 21.14, 113.96, 20.00, 4.63, 17.22, 16.46, 0.00, 128.69, 64.41, -23.44, 27.16, 0, 0
2.00, 5.70, 21.38, 21.38, 272.41, 20.00, 4.63, 18.33, 17.56, 0.00, 139.70, 74.35, 9.27, 25.72, 0, 0
2.00, 5.70, 21.61, 21.61, 410.85, 20.00, 4.63, 19.44, 18.67, 0.00, 136.73, 85.46, 38.70, 30.43, 0, 0
2.00, 5.70, 21.78, 21.78, 392.42, 20.00, 4.63, 19.44, 18.67, 0.00, 107.68, 0.00, 59.31, 39.05, 0, 0
2.00, 5.70, 21.90, 21.90, 406.50, 20.00, 4.63, 19.44, 18.67, 0.00, 89.32, 0.00, 73.78, 49.49, 0, 0
2.00, 5.70, 21.98, 21.98, 354.20, 20.00, 4.63, 18.89, 18.12, 0.00, 54.56, 0.00, 85.05, 60.66, 0, 0
2.00, 5.70, 22.10, 22.10, 467.23, 20.00, 4.63, 18.33, 17.56, 0.00, 32.13, 0.00, 94.86, 72.02, 0, 0
2.00, 5.70, 22.11, 22.11, 313.39, 20.00, 4.63, 17.22, 16.45, 0.00, 16.63, 0.00, 104.26, 83.22, 0, 0
2.00, 5.70, 22.09, 22.09, 221.52, 20.00, 4.63, 16.67, 15.90, 0.00, 3.17, 0.00, 0.00, 90.00, 0, 0
2.00, 5.70, 22.05, 22.05, 145.50, 20.00, 4.63, 15.56, 14.79, 0.00, 0.00, 0.00, 0.00, 90.00, 0, 0
2.00, 5.70, 21.93, 21.93, -50.60, 20.00, 4.63, 15.00, 14.22, 0.00, 0.00, 0.00, 0.00, 90.00, 0, 0
2.00, 5.70, 21.73, 21.73, -299.53, 20.00, 4.63, 13.89, 13.11, 0.00, 0.00, 0.00, 0.00, 90.00, 0, 0
2.00, 5.70, 21.56, 21.56, -380.32, 20.00, 4.63, 13.33, 12.55, 0.00, 0.00, 0.00, 0.00, 90.00, 0, 0
2.00, 5.70, 21.41, 21.41, -452.67, 20.00, 4.63, 12.78, 12.00, 0.00, 0.00, 0.00, 0.00, 90.00, 0, 0
2.00, 5.70, 21.27, 21.27, -520.25, 20.00, 4.63, 12.22, 11.44, 0.00, 0.00, 0.00, 0.00, 90.00, 0, 0
2.00, 5.70, 21.13, 21.13, -610.27, 20.00, 4.63, 11.11, 10.33, 0.00, 0.00, 0.00, 0.00, 90.00, 0, 0
2.00, 5.70, 20.99, 20.99, -675.30, 20.00, 4.63, 10.56, 9.78, 0.00, 0.00, 0.00, 0.00, 90.00, 0, 0
2.00, 5.70, 20.87, 20.87, -739.06, 20.00, 4.63, 10.00, 9.22, 0.00, 0.00, 0.00, 0.00, 90.00, 0, 0
2.00, 5.70, 20.76, 20.76, -773.07, 20.00, 4.63, 10.00, 9.22, 0.00, 1.58, 66.44, -108.72, 87.86, 0, 0
2.00, 5.70, 20.94, 20.94, -251.29, 20.00, 4.63, 11.67, 10.89, 163.44, 30.81, 57.95, -99.28, 76.84, 0, 0
2.00, 5.70, 21.17, 21.17, -22.74, 20.00, 4.63, 13.33, 12.56, 131.47, 63.22, 52.23, -90.00, 65.51, 0, 0
2.00, 5.70, 21.31, 21.31, -45.23, 20.00, 4.63, 14.44, 13.68, 44.45, 72.84, 49.65, -79.34, 54.20, 0, 0
2.00, 5.70, 21.43, 21.43, 0.01, 20.00, 4.63, 15.56, 14.77, 4.37, 81.23, 51.29, -66.60, 43.33, 0, 0
2.00, 5.70, 21.62, 21.62, 199.73, 20.00, 4.63, 16.67, 15.88, 1.31, 114.37, 56.60, -49.17, 33.68, 0, 0
2.00, 5.70, 21.89, 21.89, 479.26, 20.00, 4.63, 18.33, 17.54, 0.00, 168.40, 64.66, -23.59, 26.86, 0, 0
2.00, 5.70, 22.08, 22.08, 469.30, 20.00, 4.63, 18.89, 18.09, 0.00, 128.20, 74.58, 9.43, 25.43, 0, 0
2.00, 5.70, 22.20, 22.20, 440.25, 20.00, 4.63, 19.44, 18.63, 0.00, 91.31, 85.67, 39.05, 30.17, 0, 0
2.00, 5.70, 22.17, 22.17, 195.12, 20.00, 4.63, 18.33, 17.52, 0.00, 38.03, 0.00, 59.67, 38.85, 0, 0
2.00, 5.70, 22.18, 22.18, 223.45, 20.00, 4.63, 17.78, 16.97, 0.00, 53.08, 0.00, 74.11, 49.31, 0, 0
2.00, 5.70, 22.31, 22.31, 456.29, 20.00, 4.63, 17.78, 16.97, 0.00, 65.72, 0.00, 85.34, 60.49, 0, 0
2.00, 5.70, 22.49, 22.49, 622.12, 20.00, 4.63, 17.22, 16.41, 0.00, 41.17, 0.00, 95.13, 71.85, 0, 0
2.00, 5.70, 22.49, 22.49, 367.69, 20.00, 4.63, 16.11, 15.32, 0.00, 17.42, 0.00, 104.51, 83.05, 0, 0
2.00, 5.70, 22.45, 22.45, 260.19, 20.00, 4.63, 15.56, 14.75, 0.00, 2.38, 0.00, 0.00, 90.00, 0, 0
2.00, 5.70, 22.40, 22.40, 179.84, 20.00, 4.63, 14.44, 13.64, 0.00, 0.00, 0.00, 0.00, 90.00, 0, 0
2.00, 5.70, 22.25, 22.25, -48.11, 20.00, 4.63, 13.33, 12.53, 0.00, 0.00, 0.00, 0.00, 90.00, 0, 0
2.00, 5.70, 22.03, 22.03, -305.89, 20.00, 4.63, 12.22, 11.42, 0.00, 0.00, 0.00, 0.00, 90.00, 0, 0
2.00, 5.70, 21.83, 21.83, -420.27, 20.00, 4.63, 11.11, 10.29, 0.00, 0.00, 0.00, 0.00, 90.00, 0, 0
2.00, 5.70, 21.64, 21.64, -502.62, 20.00, 4.63, 10.56, 9.75, 0.00, 0.00, 0.00, 0.00, 90.00, 0, 0
2.00, 5.70, 21.47, 21.47, -605.17, 20.00, 4.63, 9.44, 8.64, 0.00, 0.00, 0.00, 0.00, 90.00, 0, 0
2.00, 5.70, 21.29, 21.29, -706.81, 20.00, 4.63, 8.33, 7.53, 0.00, 0.00, 0.00, 0.00, 90.00, 0, 0
2.00, 5.70, 21.11, 21.11, -808.60, 20.00, 4.63, 7.22, 6.40, 0.00, 0.00, 0.00, 0.00, 90.00, 0, 0
2.00, 5.70, 20.93, 20.93, -910.97, 20.00, 4.63, 6.11, 5.29, 0.00, 0.00, 0.00, 0.00, 90.00, 0, 0
2.00, 5.70, 20.78, 20.78, -951.33, 20.00, 4.63, 6.11, 5.29, 0.00, 3.96, 66.65, -108.92, 87.64, 0, 0
2.00, 5.70, 20.80, 20.80, -675.25, 20.00, 4.63, 7.78, 6.96, 66.54, 26.60, 58.20, -99.50, 76.63, 0, 0
2.00, 5.70, 21.04, 21.04, -208.84, 20.00, 4.63, 9.44, 8.64, 152.95, 66.83, 52.30, -90.00, 65.31, 0, 0
2.00, 5.70, 21.48, 21.48, 366.23, 20.00, 4.63, 12.22, 11.40, 205.78, 116.77, 49.95, -79.60, 53.99, 0, 0
2.00, 5.70, 21.89, 21.89, 584.72, 20.00, 4.63, 14.44, 13.64, 55.11, 155.24, 51.59, -66.89, 43.10, 0, 0
2.00, 5.70, 22.19, 22.19, 618.72, 20.00, 4.63, 16.67, 15.84, 5.80, 183.32, 56.87, -49.46, 33.42, 0, 0
2.00, 5.70, 22.45, 22.45, 702.21, 20.00, 4.63, 18.33, 17.50, 0.00, 201.28, 64.91, -23.74, 26.57, 0, 0
2.00, 5.70, 22.72, 22.72, 868.29, 20.00, 4.63, 20.00, 19.15, 0.00, 207.24, 74.80, 9.58, 25.13, 0, 0
2.00, 5.70, 22.97, 22.97, 966.51, 20.00, 4.63, 20.56, 19.72, 0.00, 191.96, 85.87, 39.40, 29.93, 0, 0
2.00, 5.70, 23.20, 23.20, 1067.99, 20.00, 4.63, 21.11, 20.29, 0.00, 172.08, 0.00, 60.03, 38.64, 0, 0
2.00, 5.70, 23.48, 23.48, 1261.21, 20.00, 4.63, 21.11, 20.29, 0.00, 142.65, 0.00, 74.43, 49.13, 0, 0
2.00, 5.70, 23.76, 23.76, 1409.87, 20.00, 4.63, 20.56, 19.72, 0.00, 101.09, 0.00, 85.63, 60.33, 0, 0
2.00, 5.70, 23.99, 23.99, 1444.30, 20.00, 4.63, 19.44, 18.61, 0.00, 52.45, 0.00, 95.40, 71.69, 0, 0
2.00, 5.70, 24.06, 24.06, 1225.42, 20.00, 4.63, 17.78, 16.95, 0.00, 17.55, 0.00, 104.76, 82.87, 0, 0
2.00, 5.70, 23.92, 23.92, 791.68, 20.00, 4.63, 16.67, 15.84, 0.00, 2.38, 0.00, 0.00, 90.00, 0, 0
2.00, 5.70, 23.77, 23.77, 659.93, 20.00, 4.63, 15.56, 14.73, 0.00, 0.00, 0.00, 0.00, 90.00, 0, 0
2.00, 5.70, 23.56, 23.56, 396.86, 20.00, 4.63, 14.44, 13.62, 0.00, 0.00, 0.00, 0.00, 90.00, 0, 0
2.00, 5.70, 23.28, 23.28, 113.42, 20.00, 4.63, 13.33, 12.51, 0.00, 0.00, 0.00, 0.00, 90.00, 0, 0
2.00, 5.70, 23.04, 23.04, -20.17, 20.00, 4.63, 12.22, 11.40, 0.00, 0.00, 0.00, 0.00, 90.00, 0, 0
2.00, 5.70, 22.81, 22.81, -143.22, 20.00, 4.63, 11.11, 10.29, 0.00, 0.00, 0.00, 0.00, 90.00, 0, 0
2.00, 5.70, 22.61, 22.61, -234.64, 20.00, 4.63, 10.56, 9.73, 0.00, 0.00, 0.00, 0.00, 90.00, 0, 0
2.00, 5.70, 22.42, 22.42, -345.63, 20.00, 4.63, 9.44, 8.64, 0.00, 0.00, 0.00, 0.00, 90.00, 0, 0
2.00, 5.70, 22.24, 22.24, -429.50, 20.00, 4.63, 8.89, 8.07, 0.00, 0.00, 0.00, 0.00, 90.00, 0, 0
2.00, 5.70, 22.06, 22.06, -536.21, 20.00, 4.63, 7.78, 6.96, 0.00, 0.00, 0.00, 0.00, 90.00, 0, 0
2.00, 5.70, 21.98, 21.98, -424.80, 20.00, 4.63, 8.89, 8.07, 0.00, 10.30, 66.85, -109.13, 87.43, 0, 0
2.00, 5.70, 22.13, 22.13, -3.40, 20.00, 4.63, 10.00, 9.20, 138.67, 32.99, 58.44, -99.72, 76.42, 0, 0
2.00, 5.70, 22.52, 22.52, 581.45, 20.00, 4.63, 12.22, 11.42, 238.84, 76.96, 52.38, -90.00, 65.10, 0, 0
2.00, 5.70, 22.99, 22.99, 991.76, 20.00, 4.63, 15.00, 14.19, 215.64, 118.08, 50.25, -79.87, 53.78, 0, 0
2.00, 5.70, 23.42, 23.42, 1197.01, 20.00, 4.63, 17.22, 16.41, 56.47, 160.44, 51.88, -67.18, 42.88, 0, 0
2.00, 5.70, 23.74, 23.74, 1235.47, 20.00, 4.63, 19.44, 18.63, 5.65, 192.23, 57.15, -49.74, 33.17, 0, 0
2.00, 5.70, 24.01, 24.01, 1301.63, 20.00, 4.63, 21.11, 20.29, 0.00, 202.50, 65.16, -23.90, 26.28, 0, 0
2.00, 5.70, 24.28, 24.28, 1430.52, 20.00, 4.63, 22.22, 21.40, 0.00, 206.60, 75.02, 9.73, 24.84, 0, 0
2.00, 5.70, 24.51, 24.51, 1503.06, 20.00, 4.63, 22.78, 21.97, 0.00, 192.62, 86.07, 39.74, 29.68, 0, 0
2.00, 5.70, 24.75, 24.75, 1609.83, 20.00, 4.63, 23.33, 22.52, 0.00, 174.47, 0.00, 60.39, 38.45, 0, 0
2.00, 5.70, 25.01, 25.01, 1766.95, 20.00, 4.63, 23.33, 22.52, 0.00, 141.05, 0.00, 74.75, 48.96, 0, 0
2.00, 5.70, 25.25, 25.25, 1846.47, 20.00, 4.63, 22.22, 21.42, 0.00, 95.93, 0.00, 85.92, 60.16, 0, 0
2.00, 5.70, 25.49, 25.49, 1928.42, 20.00, 4.63, 21.11, 20.31, 0.00, 51.30, 0.00, 95.66, 71.52, 0, 0
2.00, 5.70, 25.57, 25.57, 1726.05, 20.00, 4.63, 19.44, 18.65, 0.00, 18.11, 0.00, 105.00, 82.70, 0, 0
2.00, 5.70, 25.43, 25.43, 1280.54, 20.00, 4.63, 18.33, 17.56, 0.00, 3.17, 0.00, 0.00, 90.00, 0, 0
2.00, 5.70, 25.29, 25.29, 1143.22, 20.00, 4.63, 17.22, 16.45, 0.00, 0.00, 0.00, 0.00, 90.00, 0, 0
2.00, 5.70, 25.06, 25.06, 853.82, 20.00, 4.63, 16.67, 15.88, 0.00, 0.00, 0.00, 0.00, 90.00, 0, 0
2.00, 5.70, 24.78, 24.78, 564.80, 20.00, 4.63, 15.56, 14.77, 0.00, 0.00, 0.00, 0.00, 90.00, 0, 0
2.00, 5.70, 24.53, 24.53, 427.11, 20.00, 4.63, 14.44, 13.66, 0.00, 0.00, 0.00, 0.00, 90.00, 0, 0
2.00, 5.70, 24.33, 24.33, 351.35, 20.00, 4.63, 14.44, 13.66, 0.00, 0.00, 0.00, 0.00, 90.00, 0, 0
2.00, 5.70, 24.15, 24.15, 262.05, 20.00, 4.63, 13.89, 13.09, 0.00, 0.00, 0.00, 0.00, 90.00, 0, 0
2.00, 5.70, 23.98, 23.98, 178.71, 20.00, 4.63, 13.33, 12.55, 0.00, 0.00, 0.00, 0.00, 90.00, 0, 0
2.00, 5.70, 23.83, 23.83, 99.45, 20.00, 4.63, 12.78, 12.00, 0.00, 0.00, 0.00, 0.00, 90.00, 0, 0
2.00, 5.70, 23.69, 23.69, 22.86, 20.00, 4.63, 12.22, 11.44, 0.00, 0.00, 0.00, 0.00, 90.00, 0, 0
2.00, 5.70, 23.60, 23.60, 49.66, 20.00, 4.63, 12.22, 11.45, 0.00, 0.79, 67.06, -109.33, 87.22, 0, 0
2.00, 5.70, 23.53, 23.53, 53.78, 20.00, 4.63, 12.78, 12.00, 0.00, 3.96, 58.68, -99.94, 76.22, 0, 0
2.00, 5.70, 23.55, 23.55, 181.43, 20.00, 4.63, 13.89, 13.11, 1.02, 27.64, 52.45, -90.00, 64.91, 0, 0
2.00, 5.70, 23.64, 23.64, 358.61, 20.00, 4.63, 15.00, 14.22, 7.49, 53.45, 50.54, -80.13, 53.58, 0, 0
2.00, 5.70, 23.86, 23.86, 676.37, 20.00, 4.63, 16.67, 15.90, 9.60, 96.40, 52.17, -67.47, 42.67, 0, 0
2.00, 5.70, 24.09, 24.09, 837.95, 20.00, 4.63, 18.33, 17.56, 0.88, 113.30, 57.41, -50.04, 32.92, 0, 0
2.00, 5.70, 24.23, 24.23, 778.60, 20.00, 4.63, 18.89, 18.10, 0.00, 78.86, 65.40, -24.07, 26.00, 0, 0
2.00, 5.70, 24.34, 24.34, 817.91, 20.00, 4.63, 19.44, 18.65, 0.00, 75.79, 75.24, 9.88, 24.56, 0, 0
2.00, 5.70, 24.58, 24.58, 1114.70, 20.00, 4.63, 20.56, 19.76, 0.00, 139.74, 86.26, 40.07, 29.44, 0, 0
2.00, 5.70, 24.79, 24.79, 1216.67, 20.00, 4.63, 21.11, 20.33, 0.00, 130.40, 0.00, 60.73, 38.25, 0, 0
2.00, 5.70, 25.01, 25.01, 1316.66, 20.00, 4.63, 21.67, 20.88, 0.00, 109.87, 0.00, 75.06, 48.79, 0, 0
2.00, 5.70, 25.13, 25.13, 1250.87, 20.00, 4.63, 21.11, 20.33, 0.00, 64.54, 0.00, 86.20, 60.00, 0, 0
2.00, 5.70, 25.21, 25.21, 1222.56, 20.00, 4.63, 20.56, 19.76, 0.00, 26.09, 0.00, 95.91, 71.36, 0, 0
2.00, 5.70, 25.20, 25.20, 1061.93, 20.00, 4.63, 19.44, 18.67, 0.00, 6.34, 0.00, 105.24, 82.53, 0, 0
2.00, 5.70, 25.18, 25.18, 989.74, 20.00, 4.63, 18.89, 18.10, 0.00, 0.79, 0.00, 0.00, 90.00, 0, 0
2.00, 5.70, 25.13, 25.13, 917.33, 20.00, 4.63, 17.78, 16.99, 0.00, 0.00, 0.00, 0.00, 90.00, 0, 0
2.00, 5.70, 24.97, 24.97, 643.58, 20.00, 4.63, 16.67, 15.88, 0.00, 0.00, 0.00, 0.00, 90.00, 0, 0
2.00, 5.70, 24.74, 24.74, 382.29, 20.00, 4.63, 15.56, 14.77, 0.00, 0.00, 0.00, 0.00, 90.00, 0, 0
2.00, 5.70, 24.53, 24.53, 265.77, 20.00, 4.63, 14.44, 13.66, 0.00, 0.00, 0.00, 0.00, 90.00, 0, 0
2.00, 5.70, 24.34, 24.34, 156.23, 20.00, 4.63, 13.33, 12.55, 0.00, 0.00, 0.00, 0.00, 90.00, 0, 0
2.00, 5.70, 24.15, 24.15, 50.06, 20.00, 4.63, 12.22, 11.42, 0.00, 0.00, 0.00, 0.00, 90.00, 0, 0
2.00, 5.70, 23.95, 23.95, -79.94, 20.00, 4.63, 10.56, 9.76, 0.00, 0.00, 0.00, 0.00, 90.00, 0, 0
2.00, 5.70, 23.75, 23.75, -186.51, 20.00, 4.63, 9.44, 8.65, 0.00, 0.00, 0.00, 0.00, 90.00, 0, 0
2.00, 5.70, 23.56, 23.56, -293.13, 20.00, 4.63, 8.33, 7.55, 0.00, 0.00, 0.00, 0.00, 90.00, 0, 0
2.00, 5.70, 23.39, 23.39, -346.52, 20.00, 4.63, 8.33, 7.55, 0.00, 1.58, 67.27, -109.53, 87.01, 0, 0
2.00, 5.70, 23.28, 23.28, -326.61, 20.00, 4.63, 8.89, 8.09, 0.00, 11.88, 58.92, -100.16, 76.03, 0, 0
2.00, 5.70, 23.21, 23.21, -270.81, 20.00, 4.63, 9.44, 8.65, 0.00, 26.93, 52.52, -90.00, 64.72, 0, 0
2.00, 5.70, 23.19, 23.19, -213.83, 20.00, 4.63, 10.56, 9.76, 0.00, 32.47, 50.82, -80.40, 53.39, 0, 0
2.00, 5.70, 23.24, 23.24, -66.52, 20.00, 4.63, 11.11, 10.33, 1.38, 61.38, 52.45, -67.76, 42.46, 0, 0
2.00, 5.70, 23.38, 23.38, 190.18, 20.00, 4.63, 12.78, 11.98, 0.57, 101.90, 57.67, -50.33, 32.69, 0, 0
2.00, 5.70, 23.54, 23.54, 315.86, 20.00, 4.63, 13.89, 13.09, 0.00, 111.18, 65.63, -24.24, 25.72, 0, 0
2.00, 5.70, 23.64, 23.64, 294.73, 20.00, 4.63, 14.44, 13.64, 0.00, 86.86, 75.44, 10.02, 24.28, 0, 0
2.00, 5.70, 23.83, 23.83, 568.64, 20.00, 4.63, 15.56, 14.75, 0.00, 137.49, 86.45, 40.41, 29.21, 0, 0
2.00, 5.70, 24.07, 24.07, 763.66, 20.00, 4.63, 16.67, 15.86, 0.00, 149.98, 0.00, 61.08, 38.06, 0, 0
2.00, 5.70, 24.31, 24.31, 932.53, 20.00, 4.63, 17.22, 16.41, 0.00, 127.53, 0.00, 75.37, 48.62, 0, 0
2.00, 5.70, 24.50, 24.50, 956.71, 20.00, 4.63, 17.22, 16.41, 0.00, 80.37, 0.00, 86.47, 59.84, 0, 0
2.00, 5.70, 24.68, 24.68, 1049.47, 20.00, 4.63, 16.67, 15.86, 0.00, 44.67, 0.00, 96.16, 71.20, 0, 0
2.00, 5.70, 24.71, 24.71, 842.80, 20.00, 4.63, 16.11, 15.30, 0.00, 12.97, 0.00, 105.47, 82.36, 0, 0
2.00, 5.70, 24.62, 24.62, 603.17, 20.00, 4.63, 15.00, 14.20, 0.00, 1.58, 0.00, 0.00, 90.00, 0, 0
2.00, 5.70, 24.52, 24.52, 504.92, 20.00, 4.63, 13.89, 13.09, 0.00, 0.00, 0.00, 0.00, 90.00, 0, 0
2.00, 5.70, 24.33, 24.33, 261.83, 20.00, 4.63, 12.78, 11.98, 0.00, 0.00, 0.00, 0.00, 90.00, 0, 0
2.00, 5.70, 24.09, 24.09, 17.61, 20.00, 4.63, 12.22, 11.42, 0.00, 0.00, 0.00, 0.00, 90.00, 0, 0
2.00, 5.70, 23.86, 23.86, -103.89, 20.00, 4.63, 11.11, 10.29, 0.00, 0.00, 0.00, 0.00, 90.00, 0, 0
2.00, 5.70, 23.64, 23.64, -217.85, 20.00, 4.63, 10.00, 9.18, 0.00, 0.00, 0.00, 0.00, 90.00, 0, 0
2.00, 5.70, 23.43, 23.43, -327.88, 20.00, 4.63, 8.89, 8.07, 0.00, 0.00, 0.00, 0.00, 90.00, 0, 0
2.00, 5.70, 23.24, 23.24, -410.17, 20.00, 4.63, 8.33, 7.51, 0.00, 0.00, 0.00, 0.00, 90.00, 0, 0
2.00, 5.70, 23.05, 23.05, -515.25, 20.00, 4.63, 7.22, 6.40, 0.00, 0.00, 0.00, 0.00, 90.00, 0, 0
2.00, 5.70, 22.85, 22.85, -620.87, 20.00, 4.63, 6.11, 5.29, 0.00, 0.00, 0.00, 0.00, 90.00, 0, 0
2.00, 5.70, 22.68, 22.68, -667.73, 20.00, 4.63, 6.11, 5.29, 0.00, 3.17, 67.47, -109.73, 86.81, 0, 0
2.00, 5.70, 22.66, 22.66, -449.64, 20.00, 4.63, 7.78, 6.96, 42.79, 24.96, 59.15, -100.37, 75.84, 0, 0
2.00, 5.70, 22.77, 22.77, -158.73, 20.00, 4.63, 9.44, 8.64, 73.88, 56.95, 52.58, -90.00, 64.53, 0, 0
2.00, 5.70, 22.79, 22.79, -253.74, 20.00, 4.63, 10.00, 9.18, 12.67, 50.89, 51.10, -80.66, 53.20, 0, 0
2.00, 5.70, 22.88, 22.88, -89.45, 20.00, 4.63, 11.11, 10.29, 4.41, 78.50, 52.72, -68.05, 42.26, 0, 0
2.00, 5.70, 22.99, 22.99, 35.92, 20.00, 4.63, 12.22, 11.40, 0.24, 94.36, 57.93, -50.62, 32.45, 0, 0
2.00, 5.70, 23.09, 23.09, 93.07, 20.00, 4.63, 12.78, 11.94, 0.00, 95.18, 65.86, -24.41, 25.45, 0, 0
2.00, 5.70, 23.22, 23.22, 235.29, 20.00, 4.63, 13.33, 12.51, 0.00, 119.59, 75.65, 10.15, 24.00, 0, 0
2.00, 5.70, 23.38, 23.38, 364.35, 20.00, 4.63, 14.44, 13.60, 0.00, 120.11, 86.63, 40.73, 28.98, 0, 0
2.00, 5.70, 23.43, 23.43, 262.02, 20.00, 4.63, 14.44, 13.62, 0.00, 79.35, 0.00, 61.41, 37.87, 0, 0
2.00, 5.70, 23.53, 23.53, 382.79, 20.00, 4.63, 14.44, 13.62, 0.00, 92.94, 0.00, 75.67, 48.45, 0, 0
2.00, 5.70, 23.59, 23.59, 383.23, 20.00, 4.63, 14.44, 13.62, 0.00, 61.45, 0.00, 86.74, 59.68, 0, 0
2.00, 5.70, 23.71, 23.71, 521.33, 20.00, 4.63, 13.33, 12.51, 0.00, 39.31, 0.00, 96.41, 71.04, 0, 0
2.00, 5.70, 23.80, 23.80, 534.10, 20.00, 4.63, 12.78, 11.96, 0.00, 18.24, 0.00, 105.70, 82.19, 0, 0
2.00, 5.70, 23.71, 23.71, 215.07, 20.00, 4.63, 11.67, 10.86, 0.00, 3.17, 0.00, 0.00, 90.00, 0, 0
2.00, 5.70, 23.61, 23.61, 139.52, 20.00, 4.63, 11.11, 10.29, 0.00, 0.00, 0.00, 0.00, 90.00, 0, 0
2.00, 5.70, 23.42, 23.42, -101.93, 20.00, 4.63, 10.00, 9.18, 0.00, 0.00, 0.00, 0.00, 90.00, 0, 0
2.00, 5.70, 23.17, 23.17, -345.41, 20.00, 4.63, 9.44, 8.62, 0.00, 0.00, 0.00, 0.00, 90.00, 0, 0
2.00, 5.70, 22.94, 22.94, -467.20, 20.00, 4.63, 8.33, 7.51, 0.00, 0.00, 0.00, 0.00, 90.00, 0, 0
2.00, 5.70, 22.72, 22.72, -556.18, 20.00, 4.63, 7.78, 6.95, 0.00, 0.00, 0.00, 0.00, 90.00, 0, 0
2.00, 5.70, 22.53, 22.53, -639.06, 20.00, 4.63, 7.22, 6.38, 0.00, 0.00, 0.00, 0.00, 90.00, 0, 0
2.00, 5.70, 22.34, 22.34, -717.94, 20.00, 4.63, 6.67, 5.84, 0.00, 0.00, 0.00, 0.00, 90.00, 0, 0
2.00, 5.70, 22.17, 22.17, -794.39, 20.00, 4.63, 6.11, 5.27, 0.00, 0.00, 0.00, 0.00, 90.00, 0, 0
2.00, 5.70, 21.99, 21.99, -869.07, 20.00, 4.63, 5.56, 4.73, 0.00, 0.00, 0.00, 0.00, 90.00, 0, 0
2.00, 5.70, 21.87, 21.87, -851.86, 20.00, 4.63, 6.11, 5.29, 0.00, 10.30, 67.67, -109.93, 86.62, 0, 0
2.00, 5.70, 21.83, 21.83, -731.01, 20.00, 4.63, 7.22, 6.40, 22.08, 22.71, 59.38, -100.59, 75.66, 0, 0
2.00, 5.70, 21.89, 21.89, -529.68, 20.00, 4.63, 8.33, 7.51, 38.56, 49.67, 52.65, -90.00, 64.35, 0, 0
2.00, 5.70, 21.93, 21.93, -508.24, 20.00, 4.63, 9.44, 8.62, 8.19, 52.40, 51.38, -80.92, 53.02, 0, 0
2.00, 5.70, 21.98, 21.98, -435.39, 20.00, 4.63, 10.00, 9.18, 1.17, 63.90, 53.00, -68.34, 42.06, 0, 0
2.00, 5.70, 22.02, 22.02, -390.58, 20.00, 4.63, 10.56, 9.73, 0.06, 65.68, 58.18, -50.92, 32.23, 0, 0
2.00, 5.70, 22.14, 22.14, -200.42, 20.00, 4.63, 11.67, 10.81, 0.00, 97.25, 66.09, -24.59, 25.18, 0, 0
2.00, 5.70, 22.25, 22.25, -127.05, 20.00, 4.63, 12.22, 11.38, 0.00, 97.08, 75.85, 10.29, 23.73, 0, 0
2.00, 5.70, 22.37, 22.37, -29.87, 20.00, 4.63, 12.78, 11.92, 0.00, 99.60, 86.81, 41.06, 28.75, 0, 0
2.00, 5.70, 22.45, 22.45, -18.73, 20.00, 4.63, 12.78, 11.92, 0.00, 90.89, 0.00, 61.75, 37.68, 0, 0
2.00, 5.70, 22.57, 22.57, 118.04, 20.00, 4.63, 13.33, 12.49, 0.00, 96.72, 0.00, 75.97, 48.29, 0, 0
2.00, 5.70, 22.74, 22.74, 278.84, 20.00, 4.63, 13.33, 12.49, 0.00, 78.72, 0.00, 87.01, 59.53, 0, 0
2.00, 5.70, 22.88, 22.88, 342.24, 20.00, 4.63, 12.78, 11.92, 0.00, 41.85, 0.00, 96.65, 70.88, 0, 0
2.00, 5.70, 22.91, 22.91, 191.99, 20.00, 4.63, 12.22, 11.38, 0.00, 14.72, 0.00, 105.92, 82.02, 0, 0
2.00, 5.70, 22.82, 22.82, -23.95, 20.00, 4.63, 11.11, 10.27, 0.00, 2.38, 0.00, 0.00, 90.00, 0, 0
2.00, 5.70, 22.72, 22.72, -115.08, 20.00, 4.63, 10.00, 9.16, 0.00, 0.00, 0.00, 0.00, 90.00, 0, 0
2.00, 5.70, 22.53, 22.53, -353.62, 20.00, 4.63, 8.89, 8.05, 0.00, 0.00, 0.00, 0.00, 90.00, 0, 0
2.00, 5.70, 22.28, 22.28, -594.63, 20.00, 4.63, 8.33, 7.49, 0.00, 0.00, 0.00, 0.00, 90.00, 0, 0
2.00, 5.70, 22.04, 22.04, -714.67, 20.00, 4.63, 7.22, 6.36, 0.00, 0.00, 0.00, 0.00, 90.00, 0, 0
2.00, 5.70, 21.82, 21.82, -827.87, 20.00, 4.63, 6.11, 5.27, 0.00, 0.00, 0.00, 0.00, 90.00, 0, 0
2.00, 5.70, 21.61, 21.61, -911.77, 20.00, 4.63, 5.56, 4.69, 0.00, 0.00, 0.00, 0.00, 90.00, 0, 0
2.00, 5.70, 21.41, 21.41, -1017.88, 20.00, 4.63, 4.44, 3.58, 0.00, 0.00, 0.00, 0.00, 90.00, 0, 0
2.00, 5.70, 21.21, 21.21, -1097.42, 20.00, 4.63, 3.89, 3.04, 0.00, 0.00, 0.00, 0.00, 90.00, 0, 0
2.00, 5.70, 21.01, 21.01, -1201.80, 20.00, 4.63, 2.78, 1.92, 0.00, 0.00, 0.00, 0.00, 90.00, 0, 0
2.00, 5.70, 20.85, 20.85, -1218.92, 20.00, 4.63, 3.33, 2.48, 0.00, 3.96, 67.87, -110.12, 86.43, 0, 0
2.00, 5.70, 20.74, 20.74, -1181.22, 20.00, 4.63, 3.89, 3.04, 0.00, 16.63, 59.61, -100.80, 75.48, 0, 0
2.00, 5.70, 20.83, 20.83, -812.68, 20.00, 4.63, 5.56, 4.71, 65.60, 55.11, 52.71, -90.00, 64.18, 0, 0
2.00, 5.70, 20.89, 20.89, -782.06, 20.00, 4.63, 6.67, 5.82, 17.88, 64.83, 51.65, -81.17, 52.84, 0, 0
2.00, 5.70, 21.05, 21.05, -526.09, 20.00, 4.63, 8.33, 7.49, 10.41, 99.85, 53.26, -68.63, 41.87, 0, 0
2.00, 5.70, 21.27, 21.27, -278.85, 20.00, 4.63, 10.00, 9.16, 1.63, 145.07, 58.43, -51.21, 32.01, 0, 0
2.00, 5.70, 21.47, 21.47, -164.93, 20.00, 4.63, 11.67, 10.81, 0.00, 141.61, 66.31, -24.78, 24.92, 0, 0
2.00, 5.70, 21.66, 21.66, -35.26, 20.00, 4.63, 12.78, 11.92, 0.00, 145.77, 76.04, 10.41, 23.46, 0, 0
2.00, 5.70, 21.84, 21.84, 50.75, 20.00, 4.63, 13.33, 12.47, 0.00, 135.87, 86.98, 41.37, 28.52, 0, 0
2.00, 5.70, 22.03, 22.03, 197.96, 20.00, 4.63, 13.89, 13.03, 0.00, 147.37, 0.00, 62.07, 37.49, 0, 0
2.00, 5.70, 22.15, 22.15, 151.86, 20.00, 4.63, 13.89, 13.03, 0.00, 99.41, 0.00, 76.26, 48.12, 0, 0
2.00, 5.70, 22.34, 22.34, 382.92, 20.00, 4.63, 13.33, 12.49, 0.00, 88.84, 0.00, 87.27, 59.37, 0, 0
2.00, 5.70, 22.58, 22.58, 580.53, 20.00, 4.63, 12.78, 11.94, 0.00, 54.57, 0.00, 96.88, 70.72, 0, 0
2.00, 5.70, 22.60, 22.60, 265.42, 20.00, 4.63, 11.67, 10.84, 0.00, 14.75, 0.00, 106.14, 81.86, 0, 0
2.00, 5.70, 22.46, 22.46, -32.23, 20.00, 4.63, 10.56, 9.73, 0.00, 1.58, 0.00, 0.00, 90.00, 0, 0
2.00, 5.70, 22.34, 22.34, -113.44, 20.00, 4.63, 10.00, 9.18, 0.00, 0.00, 0.00, 0.00, 90.00, 0, 0
2.00, 5.70, 22.15, 22.15, -336.91, 20.00, 4.63, 9.44, 8.62, 0.00, 0.00, 0.00, 0.00, 90.00, 0, 0
2.00, 5.70, 21.90, 21.90, -582.86, 20.00, 4.63, 8.89, 8.07, 0.00, 0.00, 0.00, 0.00, 90.00, 0, 0
2.00, 5.70, 21.67, 21.67, -679.94, 20.00, 4.63, 8.33, 7.51, 0.00, 0.00, 0.00, 0.00, 90.00, 0, 0
2.00, 5.70, 21.47, 21.47, -766.54, 20.00, 4.63, 7.78, 6.95, 0.00, 0.00, 0.00, 0.00, 90.00, 0, 0
2.00, 5.70, 21.30, 21.30, -820.57, 20.00, 4.63, 7.78, 6.95, 0.00, 0.00, 0.00, 0.00, 90.00, 0, 0
2.00, 5.70, 21.14, 21.14, -893.93, 20.00, 4.63, 7.22, 6.40, 0.00, 0.00, 0.00, 0.00, 90.00, 0, 0
2.00, 5.70, 20.99, 20.99, -939.00, 20.00, 4.63, 7.22, 6.38, 0.00, 0.00, 0.00, 0.00, 90.00, 0, 0
2.00, 5.70, 20.85, 20.85, -1005.97, 20.00, 4.63, 6.67, 5.84, 0.00, 0.00, 0.00, 0.00, 90.00, 0, 0
2.00, 5.70, 20.73, 20.73, -1015.51, 20.00, 4.63, 7.22, 6.40, 0.00, 2.38, 68.06, -110.32, 86.25, 0, 0
2.00, 5.70, 20.64, 20.64, -1015.21, 20.00, 4.63, 7.22, 6.42, 0.00, 10.30, 59.84, -101.01, 75.30, 0, 0
2.00, 5.70, 20.69, 20.69, -769.29, 20.00, 4.63, 8.89, 8.07, 23.28, 42.24, 52.77, -90.00, 64.01, 0, 0
2.00, 5.70, 20.86, 20.86, -472.89, 20.00, 4.63, 10.56, 9.75, 35.99, 79.49, 51.92, -81.43, 52.67, 0, 0
2.00, 5.70, 21.06, 21.06, -269.64, 20.00, 4.63, 12.22, 11.40, 11.09, 103.82, 53.52, -68.91, 41.68, 0, 0
2.00, 5.70, 21.32, 21.32, -18.06, 20.00, 4.63, 14.44, 13.62, 1.27, 141.31, 58.67, -51.51, 31.79, 0, 0
2.00, 5.70, 21.55, 21.55, 89.76, 20.00, 4.63, 15.56, 14.73, 0.00, 140.90, 66.52, -24.97, 24.67, 0, 0
2.00, 5.70, 21.75, 21.75, 167.15, 20.00, 4.63, 16.11, 15.30, 0.00, 134.33, 76.23, 10.53, 23.20, 0, 0
2.00, 5.70, 21.88, 21.88, 156.41, 20.00, 4.63, 16.67, 15.84, 0.00, 98.00, 87.15, 41.69, 28.30, 0, 0
2.00, 5.70, 21.91, 21.91, 20.34, 20.00, 4.63, 16.11, 15.28, 0.00, 61.61, 0.00, 62.39, 37.31, 0, 0
2.00, 5.70, 21.93, 21.93, 5.03, 20.00, 4.63, 15.56, 14.73, 0.00, 60.93, 0.00, 76.54, 47.96, 0, 0
2.00, 5.70, 22.07, 22.07, 257.45, 20.00, 4.63, 15.56, 14.73, 0.00, 71.51, 0.00, 90.00, 59.22, 0, 0
2.00, 5.70, 22.19, 22.19, 299.33, 20.00, 4.63, 15.00, 14.17, 0.00, 35.73, 0.00, 97.11, 70.57, 0, 0
2.00, 5.70, 22.23, 22.23, 199.11, 20.00, 4.63, 13.89, 13.08, 0.00, 15.53, 0.00, 106.35, 81.69, 0, 0
2.00, 5.70, 22.18, 22.18, 24.23, 20.00, 4.63, 13.33, 12.51, 0.00, 3.17, 0.00, 0.00, 90.00, 0, 0
2.00, 5.70, 22.11, 22.11, -60.49, 20.00, 4.63, 12.22, 11.40, 0.00, 0.00, 0.00, 0.00, 90.00, 0, 0
2.00, 5.70, 21.95, 21.95, -290.45, 20.00, 4.63, 11.11, 10.29, 0.00, 0.00, 0.00, 0.00, 90.00, 0, 0
2.00, 5.70, 21.73, 21.73, -524.13, 20.00, 4.63, 10.56, 9.73, 0.00, 0.00, 0.00, 0.00, 90.00, 0, 0
2.00, 5.70, 21.52, 21.52, -637.10, 20.00, 4.63, 9.44, 8.62, 0.00, 0.00, 0.00, 0.00, 90.00, 0, 0
2.00, 5.70, 21.32, 21.32, -744.01, 20.00, 4.63, 8.33, 7.51, 0.00, 0.00, 0.00, 0.00, 90.00, 0, 0
2.00, 5.70, 21.12, 21.12, -847.99, 20.00, 4.63, 7.22, 6.40, 0.00, 0.00, 0.00, 0.00, 90.00, 0, 0
2.00, 5.70, 20.93, 20.93, -951.01, 20.00, 4.63, 6.11, 5.27, 0.00, 0.00, 0.00, 0.00, 90.00, 0, 0
2.00, 5.70, 20.74, 20.74, -1053.91, 20.00, 4.63, 5.00, 4.17, 0.00, 0.00, 0.00, 0.00, 90.00, 0, 0
2.00, 5.70, 20.56, 20.56, -1131.09, 20.00, 4.63, 4.44, 3.60, 0.00, 0.00, 0.00, 0.00, 90.00, 0, 0
2.00, 5.70, 20.44, 20.44, -1082.75, 20.00, 4.63, 4.44, 3.62, 0.00, 7.13, 68.26, -110.51, 86.07, 0, 0
2.00, 5.70, 20.48, 20.48, -840.85, 20.00, 4.63, 6.11, 5.29, 45.92, 28.51, 60.06, -101.21, 75.14, 0, 0
2.00, 5.70, 20.51, 20.51, -793.46, 20.00, 4.63, 7.22, 6.40, 13.46, 39.94, 52.83, -90.00, 63.85, 0, 0
2.00, 5.70, 20.51, 20.51, -817.94, 20.00, 4.63, 7.22, 6.40, 1.87, 38.44, 52.18, -81.68, 52.50, 0, 0
2.00, 5.70, 20.61, 20.61, -580.75, 20.00, 4.63, 8.33, 7.51, 4.35, 78.30, 53.78, -69.20, 41.50, 0, 0
2.00, 5.70, 20.73, 20.73, -474.48, 20.00, 4.63, 9.44, 8.62, 0.15, 86.75, 58.90, -51.81, 31.58, 0, 0
2.00, 5.70, 20.79, 20.79, -521.65, 20.00, 4.63, 9.44, 8.64, 0.00, 66.59, 66.73, -25.16, 24.42, 0, 0
2.00, 5.70, 20.80, 20.80, -547.64, 20.00, 4.63, 9.44, 8.62, 0.00, 57.45, 76.42, 10.65, 22.94, 0, 0
2.00, 5.70, 20.89, 20.89, -396.90, 20.00, 4.63, 10.00, 9.18, 0.00, 86.40, 87.32, 41.99, 28.09, 0, 0
2.00, 5.70, 20.95, 20.95, -372.98, 20.00, 4.63, 10.56, 9.73, 0.00, 77.44, 0.00, 62.70, 37.13, 0, 0
2.00, 5.70, 20.99, 20.99, -393.53, 20.00, 4.63, 10.56, 9.73, 0.00, 65.56, 0.00, 76.82, 47.80, 0, 0
2.00, 5.70, 21.09, 21.09, -239.96, 20.00, 4.63, 10.56, 9.73, 0.00, 64.21, 0.00, 90.00, 59.06, 0, 0
2.00, 5.70, 21.19, 21.19, -169.23, 20.00, 4.63, 10.00, 9.18, 0.00, 34.27, 0.00, 97.34, 70.42, 0, 0
2.00, 5.70, 21.16, 21.16, -360.87, 20.00, 4.63, 8.89, 8.09, 0.00, 6.89, 0.00, 106.56, 81.53, 0, 0
2.00, 5.70, 21.10, 21.10, -446.21, 20.00, 4.63, 8.33, 7.53, 0.00, 0.00, 0.00, 0.00, 90.00, 0, 0
2.00, 5.70, 21.04, 21.04, -497.26, 20.00, 4.63, 7.78, 6.98, 0.00, 0.00, 0.00, 0.00, 90.00, 0, 0
2.00, 5.70, 20.88, 20.88, -722.43, 20.00, 4.63, 7.78, 6.98, 0.00, 0.00, 0.00, 0.00, 90.00, 0, 0
2.00, 5.70, 20.65, 20.65, -957.37, 20.00, 4.63, 7.22, 6.42, 0.00, 0.00, 0.00, 0.00, 90.00, 0, 0
2.00, 5.70, 20.45, 20.45, -1046.30, 20.00, 4.63, 6.67, 5.86, 0.00, 0.00, 0.00, 0.00, 90.00, 0, 0
2.00, 5.70, 20.28, 20.28, -1100.54, 20.00, 4.63, 6.67, 5.86, 0.00, 0.00, 0.00, 0.00, 90.00, 0, 0
2.00, 5.70, 20.12, 20.12, -1147.29, 20.00, 4.63, 6.67, 5.86, 0.00, 0.00, 0.00, 0.00, 90.00, 0, 0
2.00, 5.70, 19.99, 19.99, -1188.78, 20.00, 4.63, 6.67, 5.86, 0.00, 0.00, 0.00, 0.00, 90.00, 0, 0
2.00, 5.70, 19.86, 19.86, -1226.33, 20.00, 4.63, 6.67, 5.86, 0.00, 0.00, 0.00, 0.00, 90.00, 0, 0
2.00, 5.70, 19.75, 19.75, -1260.72, 20.00, 4.63, 6.67, 5.87, 0.00, 0.00, 0.00, 0.00, 90.00, 0, 0
2.00, 5.70, 20.00, 20.00, -1122.87, 20.00, 4.63, 7.78, 6.98, 0.00, 10.30, 68.45, -110.69, 85.89, 0, 0
2.00, 5.70, 20.00, 20.00, -940.67, 20.00, 4.63, 8.89, 8.11, 30.42, 26.10, 60.28, -101.41, 74.97, 0, 0
2.00, 5.70, 20.03, 20.03, -829.67, 20.00, 4.63, 10.00, 9.22, 12.38, 43.19, 52.89, -90.00, 63.69, 0, 0
2.00, 5.70, 20.16, 20.16, -588.09, 20.00, 4.63, 11.11, 10.33, 23.63, 73.61, 52.43, -81.93, 52.34, 0, 0
2.00, 5.70, 20.31, 20.31, -457.07, 20.00, 4.63, 12.22, 11.44, 5.25, 86.88, 54.02, -69.48, 41.33, 0, 0
2.00, 5.70, 20.45, 20.45, -367.24, 20.00, 4.63, 13.33, 12.55, 0.12, 88.50, 59.13, -52.11, 31.38, 0, 0
2.00, 5.70, 20.60, 20.60, -255.17, 20.00, 4.63, 13.89, 13.09, 0.00, 99.77, 66.93, -25.36, 24.18, 0, 0
2.00, 5.70, 20.68, 20.68, -314.02, 20.00, 4.63, 13.89, 13.09, 0.00, 71.38, 76.59, 10.76, 22.69, 0, 0
2.00, 5.70, 20.76, 20.76, -257.59, 20.00, 4.63, 14.44, 13.64, 0.00, 73.28, 87.48, 42.29, 27.87, 0, 0
2.00, 5.70, 20.93, 20.93, -41.07, 20.00, 4.63, 15.00, 14.19, 0.00, 112.74, 0.00, 63.01, 36.96, 0, 0
2.00, 5.70, 21.11, 21.11, 85.58, 20.00, 4.63, 15.00, 14.20, 0.00, 107.00, 0.00, 77.09, 47.65, 0, 0
2.00, 5.70, 21.27, 21.27, 149.72, 20.00, 4.63, 15.00, 14.20, 0.00, 75.80, 0.00, 90.00, 58.91, 0, 0
2.00, 5.70, 21.41, 21.41, 202.14, 20.00, 4.63, 14.44, 13.64, 0.00, 40.23, 0.00, 97.55, 70.26, 0, 0
2.00, 5.70, 21.47, 21.47, 115.15, 20.00, 4.63, 13.89, 13.09, 0.00, 15.36, 0.00, 106.76, 81.37, 0, 0
2.00, 5.70, 21.42, 21.42, -95.41, 20.00, 4.63, 12.78, 11.98, 0.00, 2.38, 0.00, 0.00, 90.00, 0, 0
2.00, 5.70, 21.37, 21.37, -151.78, 20.00, 4.63, 12.22, 11.42, 0.00, 0.00, 0.00, 0.00, 90.00, 0, 0
2.00, 5.70, 21.20, 21.20, -427.53, 20.00, 4.63, 11.11, 10.31, 0.00, 0.00, 0.00, 0.00, 90.00, 0, 0
2.00, 5.70, 20.97, 20.97, -663.80, 20.00, 4.63, 10.56, 9.76, 0.00, 0.00, 0.00, 0.00, 90.00, 0, 0
2.00, 5.70, 20.77, 20.77, -752.05, 20.00, 4.63, 10.00, 9.20, 0.00, 0.00, 0.00, 0.00, 90.00, 0, 0
2.00, 5.70, 20.59, 20.59, -830.65, 20.00, 4.63, 9.44, 8.64, 0.00, 0.00, 0.00, 0.00, 90.00, 0, 0
2.00, 5.70, 20.43, 20.43, -903.42, 20.00, 4.63, 8.89, 8.07, 0.00, 0.00, 0.00, 0.00, 90.00, 0, 0
2.00, 5.70, 20.27, 20.27, -972.39, 20.00, 4.63, 8.33, 7.53, 0.00, 0.00, 0.00, 0.00, 90.00, 0, 0
2.00, 5.70, 20.12, 20.12, -1065.14, 20.00, 4.63, 7.22, 6.42, 0.00, 0.00, 0.00, 0.00, 90.00, 0, 0
2.00, 5.70, 19.97, 19.97, -1132.98, 20.00, 4.63, 6.67, 5.86, 0.00, 0.00, 0.00, 0.00, 90.00, 0, 0
2.00, 5.70, 20.00, 20.00, -1136.48, 20.00, 4.63, 7.22, 6.42, 0.00, 3.17, 68.64, -110.88, 85.73, 0, 0
2.00, 5.70, 20.00, 20.00, -1113.46, 20.00, 4.63, 7.78, 6.96, 0.00, 9.50, 60.50, -101.62, 74.82, 0, 0
2.00, 5.70, 20.00, 20.00, -1113.69, 20.00, 4.63, 7.78, 6.98, 0.00, 14.26, 52.95, -90.00, 63.54, 0, 0
2.00, 5.70, 20.01, 20.01, -806.52, 20.00, 4.63, 9.44, 8.65, 16.48, 61.49, 52.68, -82.18, 52.19, 0, 0
2.00, 5.70, 20.06, 20.06, -731.08, 20.00, 4.63, 10.56, 9.76, 1.73, 65.65, 54.27, -69.76, 41.16, 0, 0
2.00, 5.70, 20.11, 20.11, -673.14, 20.00, 4.63, 11.11, 10.33, 0.04, 68.04, 59.35, -52.41, 31.19, 0, 0
2.00, 5.70, 20.16, 20.16, -626.27, 20.00, 4.63, 11.67, 10.87, 0.00, 67.19, 67.13, -25.57, 23.94, 0, 0
2.00, 5.70, 20.26, 20.26, -495.02, 20.00, 4.63, 12.22, 11.44, 0.00, 87.92, 76.77, 10.87, 22.45, 0, 0
2.00, 5.70, 20.31, 20.31, -513.39, 20.00, 4.63, 12.22, 11.44, 0.00, 67.48, 87.63, 42.59, 27.66, 0, 0
2.00, 5.70, 20.36, 20.36, -493.73, 20.00, 4.63, 12.78, 11.98, 0.00, 60.97, 0.00, 63.31, 36.78, 0, 0
2.00, 5.70, 20.34, 20.34, -593.60, 20.00, 4.63, 12.22, 11.44, 0.00, 40.12, 0.00, 77.36, 47.49, 0, 0
2.00, 5.70, 20.40, 20.40, -449.20, 20.00, 4.63, 12.22, 11.44, 0.00, 49.08, 0.00, 90.00, 58.77, 0, 0
2.00, 5.70, 20.58, 20.58, -170.34, 20.00, 4.63, 12.22, 11.44, 0.00, 41.10, 0.00, 97.77, 70.11, 0, 0
2.00, 5.70, 20.70, 20.70, -180.31, 20.00, 4.63, 11.67, 10.89, 0.00, 16.89, 0.00, 106.95, 81.21, 0, 0
2.00, 5.70, 20.67, 20.67, -416.14, 20.00, 4.63, 11.11, 10.34, 0.00, 3.17, 0.00, 0.00, 90.00, 0, 0
2.00, 5.70, 20.63, 20.63, -445.75, 20.00, 4.63, 11.11, 10.34, 0.00, 0.00, 0.00, 0.00, 90.00, 0, 0
2.00, 5.70, 20.51, 20.51, -642.80, 20.00, 4.63, 10.56, 9.80, 0.00, 0.00, 0.00, 0.00, 90.00, 0, 0
2.00, 5.70, 20.33, 20.33, -842.13, 20.00, 4.63, 10.56, 9.80, 0.00, 0.00, 0.00, 0.00, 90.00, 0, 0
2.00, 5.70, 20.18, 20.18, -893.66, 20.00, 4.63, 10.56, 9.80, 0.00, 0.00, 0.00, 0.00, 90.00, 0, 0
2.00, 5.70, 20.05, 20.05, -935.29, 20.00, 4.63, 10.56, 9.78, 0.00, 0.00, 0.00, 0.00, 90.00, 0, 0
2.00, 5.70, 19.94, 19.94, -970.23, 20.00, 4.63, 10.56, 9.78, 0.00, 0.00, 0.00, 0.00, 90.00, 0, 0
2.00, 5.70, 19.85, 19.85, -1000.55, 20.00, 4.63, 10.56, 9.78, 0.00, 0.00, 0.00, 0.00, 90.00, 0, 0
2.00, 5.70, 19.76, 19.76, -1027.38, 20.00, 4.63, 10.56, 9.80, 0.00, 0.00, 0.00, 0.00, 90.00, 0, 0
2.00, 5.70, 19.69, 19.69, -1026.25, 20.00, 4.63, 11.11, 10.34, 0.00, 0.00, 0.00, 0.00, 90.00, 0, 0
2.00, 5.70, 20.00, 20.00, -1030.05, 20.00, 4.63, 11.11, 10.36, 0.00, 3.17, 68.83, -111.06, 85.56, 0, 0
2.00, 5.70, 20.00, 20.00, -824.30, 20.00, 4.63, 12.78, 12.03, 23.68, 24.01, 60.71, -101.81, 74.66, 0, 0
2.00, 5.70, 20.16, 20.16, -386.66, 20.00, 4.63, 15.00, 14.26, 84.29, 63.96, 53.01, -90.00, 63.39, 0, 0
2.00, 5.70, 20.26, 20.26, -409.45, 20.00, 4.63, 16.11, 15.37, 17.16, 62.02, 52.92, -82.42, 52.04, 0, 0
2.00, 5.70, 20.30, 20.30, -454.35, 20.00, 4.63, 16.11, 15.37, 0.78, 50.72, 54.50, -70.04, 41.00, 0, 0
2.00, 5.70, 20.32, 20.32, -486.15, 20.00, 4.63, 16.11, 15.37, 0.01, 39.43, 59.57, -52.71, 31.00, 0, 0
2.00, 5.70, 20.36, 20.36, -423.50, 20.00, 4.63, 16.11, 15.37, 0.00, 51.90, 67.32, -25.78, 23.72, 0, 0
2.00, 5.70, 20.49, 20.49, -222.17, 20.00, 4.63, 17.22, 16.46, 0.00, 83.53, 76.94, 10.96, 22.20, 0, 0
2.00, 5.70, 20.67, 20.67, -49.84, 20.00, 4.63, 17.78, 17.01, 0.00, 101.38, 87.78, 42.88, 27.46, 0, 0
2.00, 5.70, 20.87, 20.87, 95.88, 20.00, 4.63, 18.33, 17.57, 0.00, 113.63, 0.00, 63.60, 36.61, 0, 0
2.00, 5.70, 21.21, 21.21, 502.11, 20.00, 4.63, 19.44, 18.69, 0.00, 143.35, 0.00, 77.62, 47.34, 0, 0
2.00, 5.70, 21.60, 21.60, 786.50, 20.00, 4.63, 20.00, 19.23, 0.00, 107.16, 0.00, 90.00, 58.62, 0, 0
2.00, 5.70, 21.87, 21.87, 766.80, 20.00, 4.63, 19.44, 18.69, 0.00, 50.50, 0.00, 97.97, 69.96, 0, 0
2.00, 5.70, 21.92, 21.92, 478.17, 20.00, 4.63, 18.89, 18.12, 0.00, 13.13, 0.00, 107.14, 81.06, 0, 0
2.00, 5.70, 21.88, 21.88, 271.47, 20.00, 4.63, 17.78, 17.03, 0.00, 1.58, 0.00, 0.00, 90.00, 0, 0
2.00, 5.70, 21.81, 21.81, 184.40, 20.00, 4.63, 16.67, 15.92, 0.00, 0.00, 0.00, 0.00, 90.00, 0, 0
2.00, 5.70, 21.68, 21.68, -20.35, 20.00, 4.63, 16.11, 15.35, 0.00, 0.00, 0.00, 0.00, 90.00, 0, 0
2.00, 5.70, 21.48, 21.48, -273.74, 20.00, 4.63, 15.00, 14.24, 0.00, 0.00, 0.00, 0.00, 90.00, 0, 0
2.00, 5.70, 21.29, 21.29, -381.64, 20.00, 4.63, 13.89, 13.13, 0.00, 0.00, 0.00, 0.00, 90.00, 0, 0
2.00, 5.70, 21.12, 21.12, -482.07, 20.00, 4.63, 12.78, 12.02, 0.00, 0.00, 0.00, 0.00, 90.00, 0, 0
2.00, 5.70, 20.97, 20.97, -553.37, 20.00, 4.63, 12.22, 11.45, 0.00, 0.00, 0.00, 0.00, 90.00, 0, 0
2.00, 5.70, 20.81, 20.81, -645.96, 20.00, 4.63, 11.11, 10.34, 0.00, 0.00, 0.00, 0.00, 90.00, 0, 0
2.00, 5.70, 20.66, 20.66, -738.54, 20.00, 4.63, 10.00, 9.23, 0.00, 0.00, 0.00, 0.00, 90.00, 0, 0
2.00, 5.70, 20.51, 20.51, -831.78, 20.00, 4.63, 8.89, 8.12, 0.00, 0.00, 0.00, 0.00, 90.00, 0, 0
2.00, 5.70, 20.43, 20.43, -767.20, 20.00, 4.63, 10.00, 9.23, 0.00, 13.46, 69.01, -111.24, 85.41, 0, 0
2.00, 5.70, 20.44, 20.44, -624.25, 20.00, 4.63, 11.11, 10.34, 27.00, 26.16, 60.92, -102.01, 74.52, 0, 0
2.00, 5.70, 20.47, 20.47, -576.56, 20.00, 4.63, 11.67, 10.91, 9.58, 38.51, 55.36, -92.77, 63.25, 0, 0
2.00, 5.70, 20.72, 20.72, -99.45, 20.00, 4.63, 13.89, 13.13, 60.05, 94.29, 53.16, -82.67, 51.90, 0, 0
2.00, 5.70, 20.98, 20.98, 94.20, 20.00, 4.63, 15.56, 14.79, 17.64, 121.08, 54.74, -70.32, 40.84, 0, 0
2.00, 5.70, 21.19, 21.19, 144.74, 20.00, 4.63, 16.67, 15.90, 0.36, 122.81, 59.78, -53.01, 30.82, 0, 0
2.00, 5.70, 21.35, 21.35, 160.58, 20.00, 4.63, 17.22, 16.45, 0.00, 105.40, 67.51, -25.99, 23.49, 0, 0
2.00, 5.70, 21.45, 21.45, 140.07, 20.00, 4.63, 17.22, 16.45, 0.00, 88.47, 77.10, 11.06, 21.97, 0, 0
2.00, 5.70, 21.53, 21.53, 152.58, 20.00, 4.63, 17.22, 16.45, 0.00, 78.74, 87.92, 43.16, 27.26, 0, 0
2.00, 5.70, 21.62, 21.62, 188.44, 20.00, 4.63, 17.22, 16.45, 0.00, 81.85, 0.00, 63.89, 36.45, 0, 0
2.00, 5.70, 21.69, 21.69, 207.18, 20.00, 4.63, 17.22, 16.45, 0.00, 76.30, 0.00, 77.87, 47.19, 0, 0
2.00, 5.70, 21.79, 21.79, 285.86, 20.00, 4.63, 16.67, 15.90, 0.00, 65.86, 0.00, 90.00, 58.48, 0, 0
2.00, 5.70, 21.96, 21.96, 468.15, 20.00, 4.63, 16.11, 15.35, 0.00, 44.80, 0.00, 98.17, 69.82, 0, 0
2.00, 5.70, 22.02, 22.02, 335.98, 20.00, 4.63, 15.00, 14.24, 0.00, 16.78, 0.00, 107.33, 80.90, 0, 0
2.00, 5.70, 21.97, 21.97, 134.50, 20.00, 4.63, 14.44, 13.68, 0.00, 2.38, 0.00, 0.00, 90.00, 0, 0
2.00, 5.70, 21.90, 21.90, 48.05, 20.00, 4.63, 13.33, 12.56, 0.00, 0.00, 0.00, 0.00, 90.00, 0, 0
2.00, 5.70, 21.76, 21.76, -159.22, 20.00, 4.63, 12.78, 12.02, 0.00, 0.00, 0.00, 0.00, 90.00, 0, 0
2.00, 5.70, 21.54, 21.54, -418.22, 20.00, 4.63, 11.67, 10.91, 0.00, 0.00, 0.00, 0.00, 90.00, 0, 0
2.00, 5.70, 21.35, 21.35, -507.93, 20.00, 4.63, 11.11, 10.33, 0.00, 0.00, 0.00, 0.00, 90.00, 0, 0
2.00, 5.70, 21.18, 21.18, -588.35, 20.00, 4.63, 10.56, 9.78, 0.00, 0.00, 0.00, 0.00, 90.00, 0, 0
2.00, 5.70, 21.03, 21.03, -663.29, 20.00, 4.63, 10.00, 9.23, 0.00, 0.00, 0.00, 0.00, 90.00, 0, 0
2.00, 5.70, 20.89, 20.89, -709.18, 20.00, 4.63, 10.00, 9.22, 0.00, 0.00, 0.00, 0.00, 90.00, 0, 0
2.00, 5.70, 20.76, 20.76, -775.99, 20.00, 4.63, 9.44, 8.67, 0.00, 0.00, 0.00, 0.00, 90.00, 0, 0
2.00, 5.70, 20.65, 20.65, -815.93, 20.00, 4.63, 9.44, 8.67, 0.00, 0.00, 0.00, 0.00, 90.00, 0, 0
2.00, 5.70, 20.57, 20.57, -806.15, 20.00, 4.63, 10.00, 9.23, 0.00, 5.54, 69.19, -111.42, 85.26, 0, 0
2.00, 5.70, 20.53, 20.53, -759.46, 20.00, 4.63, 10.56, 9.78, 0.00, 16.63, 61.12, -102.20, 74.38, 0, 0
2.00, 5.70, 20.54, 20.54, -666.41, 20.00, 4.63, 11.67, 10.89, 0.00, 29.30, 55.59, -92.98, 63.11, 0, 0
2.00, 5.70, 20.65, 20.65, -452.82, 20.00, 4.63, 12.78, 12.00, 8.65, 61.37, 53.40, -82.91, 51.76, 0, 0
2.00, 5.70, 20.77, 20.77, -338.54, 20.00, 4.63, 13.89, 13.11, 1.52, 71.34, 54.96, -70.59, 40.70, 0, 0
2.00, 5.70, 20.88, 20.88, -291.57, 20.00, 4.63, 14.44, 13.66, 0.02, 69.45, 59.98, -53.31, 30.64, 0, 0
2.00, 5.70, 21.02, 21.02, -141.79, 20.00, 4.63, 15.56, 14.77, 0.00, 87.33, 67.69, -26.21, 23.28, 0, 0
2.00, 5.70, 21.20, 21.20, 8.51, 20.00, 4.63, 16.11, 15.32, 0.00, 108.90, 77.26, 11.14, 21.74, 0, 0
2.00, 5.70, 21.33, 21.33, 29.77, 20.00, 4.63, 16.67, 15.86, 0.00, 85.40, 88.06, 43.43, 27.06, 0, 0
2.00, 5.70, 21.42, 21.42, 15.51, 20.00, 4.63, 16.67, 15.86, 0.00, 72.36, 0.00, 64.17, 36.28, 0, 0
2.00, 5.70, 21.57, 21.57, 177.40, 20.00, 4.63, 17.22, 16.43, 0.00, 89.29, 0.00, 78.12, 47.04, 0, 0
2.00, 5.70, 21.74, 21.74, 308.82, 20.00, 4.63, 17.22, 16.43, 0.00, 73.33, 0.00, 90.00, 58.33, 0, 0
2.00, 5.70, 21.86, 21.86, 307.13, 20.00, 4.63, 16.67, 15.86, 0.00, 33.10, 0.00, 98.37, 69.67, 0, 0
2.00, 5.70, 21.88, 21.88, 163.03, 20.00, 4.63, 16.11, 15.32, 0.00, 11.85, 0.00, 107.50, 80.75, 0, 0
2.00, 5.70, 21.85, 21.85, 54.39, 20.00, 4.63, 15.00, 14.20, 0.00, 1.58, 0.00, 0.00, 90.00, 0, 0
2.00, 5.70, 21.80, 21.80, -16.30, 20.00, 4.63, 13.89, 13.08, 0.00, 0.00, 0.00, 0.00, 90.00, 0, 0
2.00, 5.70, 21.67, 21.67, -238.71, 20.00, 4.63, 12.78, 11.96, 0.00, 0.00, 0.00, 0.00, 90.00, 0, 0
2.00, 5.70, 21.44, 21.44, -517.36, 20.00, 4.63, 11.11, 10.31, 0.00, 0.00, 0.00, 0.00, 90.00, 0, 0
2.00, 5.70, 21.23, 21.23, -630.31, 20.00, 4.63, 10.00, 9.18, 0.00, 0.00, 0.00, 0.00, 90.00, 0, 0
2.00, 5.70, 21.03, 21.03, -737.14, 20.00, 4.63, 8.89, 8.07, 0.00, 0.00, 0.00, 0.00, 90.00, 0, 0
2.00, 5.70, 20.84, 20.84, -841.20, 20.00, 4.63, 7.78, 6.96, 0.00, 0.00, 0.00, 0.00, 90.00, 0, 0
2.00, 5.70, 20.65, 20.65, -944.35, 20.00, 4.63, 6.67, 5.84, 0.00, 0.00, 0.00, 0.00, 90.00, 0, 0
2.00, 5.70, 20.45, 20.45, -1073.65, 20.00, 4.63, 5.00, 4.19, 0.00, 0.00, 0.00, 0.00, 90.00, 0, 0
2.00, 5.70, 20.25, 20.25, -1179.88, 20.00, 4.63, 3.89, 3.08, 0.00, 0.00, 0.00, 0.00, 90.00, 0, 0
2.00, 5.70, 20.11, 20.11, -1172.54, 20.00, 4.63, 4.44, 3.62, 0.00, 9.50, 69.37, -111.59, 85.11, 0, 0
2.00, 5.70, 20.26, 20.26, -649.35, 20.00, 4.63, 6.67, 5.84, 144.93, 42.68, 61.32, -102.39, 74.24, 0, 0
2.00, 5.70, 20.60, 20.60, -151.78, 20.00, 4.63, 8.89, 8.07, 198.91, 85.51, 55.81, -93.19, 62.98, 0, 0
2.00, 5.70, 20.95, 20.95, 101.86, 20.00, 4.63, 11.11, 10.29, 137.91, 121.69, 53.62, -83.14, 51.63, 0, 0
2.00, 5.70, 21.27, 21.27, 278.86, 20.00, 4.63, 13.33, 12.51, 43.18, 158.69, 55.18, -70.87, 40.55, 0, 0
2.00, 5.70, 21.53, 21.53, 333.75, 20.00, 4.63, 15.56, 14.73, 0.93, 189.89, 60.18, -53.61, 30.47, 0, 0
2.00, 5.70, 21.78, 21.78, 465.27, 20.00, 4.63, 17.22, 16.39, 0.00, 207.03, 67.86, -26.43, 23.07, 0, 0
2.00, 5.70, 22.02, 22.02, 593.89, 20.00, 4.63, 18.33, 17.50, 0.00, 208.71, 77.41, 11.22, 21.51, 0, 0
2.00, 5.70, 22.26, 22.26, 710.02, 20.00, 4.63, 18.89, 18.06, 0.00, 196.65, 88.19, 43.69, 26.87, 0, 0
2.00, 5.70, 22.49, 22.49, 830.23, 20.00, 4.63, 19.44, 18.61, 0.00, 172.48, 0.00, 64.44, 36.12, 0, 0
2.00, 5.70, 22.77, 22.77, 1025.22, 20.00, 4.63, 19.44, 18.61, 0.00, 144.92, 0.00, 78.36, 46.90, 0, 0
2.00, 5.70, 23.07, 23.07, 1227.44, 20.00, 4.63, 18.89, 18.04, 0.00, 107.03, 0.00, 90.00, 58.19, 0, 0
2.00, 5.70, 23.31, 23.31, 1242.25, 20.00, 4.63, 17.22, 16.39, 0.00, 58.41, 0.00, 98.56, 69.53, 0, 0
2.00, 5.70, 23.39, 23.39, 1047.33, 20.00, 4.63, 15.56, 14.73, 0.00, 24.04, 0.00, 107.68, 80.60, 0, 0
2.00, 5.70, 23.23, 23.23, 556.40, 20.00, 4.63, 14.44, 13.62, 0.00, 3.96, 0.00, 0.00, 90.00, 0, 0
2.00, 5.70, 23.06, 23.06, 412.91, 20.00, 4.63, 13.33, 12.51, 0.00, 0.00, 0.00, 0.00, 90.00, 0, 0
2.00, 5.70, 22.83, 22.83, 143.55, 20.00, 4.63, 12.22, 11.40, 0.00, 0.00, 0.00, 0.00, 90.00, 0, 0
2.00, 5.70, 22.54, 22.54, -145.24, 20.00, 4.63, 11.11, 10.29, 0.00, 0.00, 0.00, 0.00, 90.00, 0, 0
2.00, 5.70, 22.27, 22.27, -283.58, 20.00, 4.63, 10.00, 9.18, 0.00, 0.00, 0.00, 0.00, 90.00, 0, 0
2.00, 5.70, 22.05, 22.05, -385.22, 20.00, 4.63, 9.44, 8.62, 0.00, 0.00, 0.00, 0.00, 90.00, 0, 0
2.00, 5.70, 21.84, 21.84, -477.79, 20.00, 4.63, 8.89, 8.07, 0.00, 0.00, 0.00, 0.00, 90.00, 0, 0
2.00, 5.70, 21.66, 21.66, -564.57, 20.00, 4.63, 8.33, 7.51, 0.00, 0.00, 0.00, 0.00, 90.00, 0, 0
2.00, 5.70, 21.49, 21.49, -647.31, 20.00, 4.63, 7.78, 6.95, 0.00, 0.00, 0.00, 0.00, 90.00, 0, 0
2.00, 5.70, 21.32, 21.32, -727.13, 20.00, 4.63, 7.22, 6.40, 0.00, 0.00, 0.00, 0.00, 90.00, 0, 0
2.00, 5.70, 21.26, 21.26, -605.82, 20.00, 4.63, 8.33, 7.51, 0.00, 11.88, 69.55, -111.77, 84.97, 0, 0
2.00, 5.70, 21.39, 21.39, -243.56, 20.00, 4.63, 10.00, 9.18, 93.86, 36.13, 61.52, -102.58, 74.11, 0, 0
2.00, 5.70, 21.63, 21.63, 75.48, 20.00, 4.63, 11.67, 10.87, 104.91, 72.68, 56.02, -93.39, 62.86, 0, 0
2.00, 5.70, 22.03, 22.03, 535.42, 20.00, 4.63, 13.89, 13.09, 127.62, 121.65, 53.85, -83.38, 51.50, 0, 0
2.00, 5.70, 22.41, 22.41, 764.51, 20.00, 4.63, 16.67, 15.86, 42.57, 157.96, 55.39, -71.13, 40.42, 0, 0
2.00, 5.70, 22.70, 22.70, 799.09, 20.00, 4.63, 18.33, 17.54, 0.60, 186.26, 60.38, -53.91, 30.31, 0, 0
2.00, 5.70, 22.98, 22.98, 945.75, 20.00, 4.63, 20.00, 19.20, 0.00, 203.20, 68.03, -26.65, 22.86, 0, 0
2.00, 5.70, 23.27, 23.27, 1122.61, 20.00, 4.63, 21.67, 20.88, 0.00, 209.10, 77.55, 11.29, 21.29, 0, 0
2.00, 5.70, 23.54, 23.54, 1220.61, 20.00, 4.63, 22.22, 21.42, 0.00, 197.09, 88.32, 43.95, 26.68, 0, 0
2.00, 5.70, 23.80, 23.80, 1348.79, 20.00, 4.63, 22.78, 21.99, 0.00, 174.06, 0.00, 64.70, 35.96, 0, 0
2.00, 5.70, 24.10, 24.10, 1559.56, 20.00, 4.63, 22.78, 21.99, 0.00, 146.87, 0.00, 78.59, 46.76, 0, 0
2.00, 5.70, 24.44, 24.44, 1769.84, 20.00, 4.63, 22.22, 21.44, 0.00, 111.09, 0.00, 90.00, 58.05, 0, 0
2.00, 5.70, 24.67, 24.67, 1721.46, 20.00, 4.63, 20.56, 19.80, 0.00, 57.86, 0.00, 98.74, 69.39, 0, 0
2.00, 5.70, 24.76, 24.76, 1529.83, 20.00, 4.63, 18.89, 18.14, 0.00, 23.74, 0.00, 107.84, 80.45, 0, 0
2.00, 5.70, 24.63, 24.63, 1111.79, 20.00, 4.63, 18.33, 17.59, 0.00, 4.75, 0.00, 0.00, 90.00, 0, 0
2.00, 5.70, 24.52, 24.52, 998.38, 20.00, 4.63, 17.78, 17.03, 0.00, 0.00, 0.00, 0.00, 90.00, 0, 0
2.00, 5.70, 24.31, 24.31, 715.65, 20.00, 4.63, 17.22, 16.48, 0.00, 0.00, 0.00, 0.00, 90.00, 0, 0
2.00, 5.70, 24.06, 24.06, 457.82, 20.00, 4.63, 16.67, 15.93, 0.00, 0.00, 0.00, 0.00, 90.00, 0, 0
2.00, 5.70, 23.85, 23.85, 353.56, 20.00, 4.63, 16.11, 15.38, 0.00, 0.00, 0.00, 0.00, 90.00, 0, 0
2.00, 5.70, 23.68, 23.68, 287.60, 20.00, 4.63, 16.11, 15.37, 0.00, 0.00, 0.00, 0.00, 90.00, 0, 0
2.00, 5.70, 23.54, 23.54, 232.70, 20.00, 4.63, 16.11, 15.37, 0.00, 0.00, 0.00, 0.00, 90.00, 0, 0
2.00, 5.70, 23.42, 23.42, 185.53, 20.00, 4.63, 16.11, 15.37, 0.00, 0.00, 0.00, 0.00, 90.00, 0, 0
2.00, 5.70, 23.32, 23.32, 144.07, 20.00, 4.63, 16.11, 15.37, 0.00, 0.00, 0.00, 0.00, 90.00, 0, 0
2.00, 5.70, 23.25, 23.25, 131.91, 20.00, 4.63, 16.67, 15.93, 0.00, 0.00, 0.00, 0.00, 90.00, 0, 0
2.00, 5.70, 23.27, 23.27, 275.57, 20.00, 4.63, 17.78, 17.07, 0.00, 11.09, 69.72, -111.94, 84.83, 0, 0
2.00, 5.70, 23.44, 23.44, 581.58, 20.00, 4.63, 19.44, 18.73, 59.24, 35.82, 61.71, -102.76, 73.99, 0, 0
2.00, 5.70, 23.75, 23.75, 983.53, 20.00, 4.63, 21.11, 20.41, 106.46, 72.96, 56.23, -93.59, 62.74, 0, 0
2.00, 5.70, 24.10, 24.10, 1242.45, 20.00, 4.63, 23.33, 22.62, 72.41, 103.75, 54.06, -83.60, 51.38, 0, 0
2.00, 5.70, 24.44, 24.44, 1411.10, 20.00, 4.63, 25.00, 24.29, 21.14, 128.36, 55.60, -71.40, 40.28, 0, 0
2.00, 5.70, 24.74, 24.74, 1538.49, 20.00, 4.63, 26.67, 25.95, 0.14, 149.79, 60.56, -54.20, 30.15, 0, 0
2.00, 5.70, 25.05, 25.05, 1705.81, 20.00, 4.63, 27.78, 27.06, 0.00, 171.97, 68.19, -26.88, 22.66, 0, 0
2.00, 5.70, 25.33, 25.33, 1801.52, 20.00, 4.63, 28.89, 28.16, 0.00, 151.92, 77.69, 11.36, 21.08, 0, 0
2.00, 5.70, 25.56, 25.56, 1843.18, 20.00, 4.63, 28.89, 28.16, 0.00, 136.03, 88.44, 44.20, 26.49, 0, 0
2.00, 5.70, 25.78, 25.78, 1914.09, 20.00, 4.63, 29.44, 28.71, 0.00, 124.65, 0.00, 64.96, 35.81, 0, 0
2.00, 5.70, 26.05, 26.05, 2111.22, 20.00, 4.63, 29.44, 28.71, 0.00, 125.23, 0.00, 78.82, 46.62, 0, 0
2.00, 5.70, 26.38, 26.38, 2345.76, 20.00, 4.63, 29.44, 28.71, 0.00, 96.75, 0.00, 90.00, 57.92, 0, 0
2.00, 5.70, 26.69, 26.69, 2461.59, 20.00, 4.63, 28.33, 27.61, 0.00, 54.61, 0.00, 98.92, 69.25, 0, 0
2.00, 5.70, 26.85, 26.85, 2296.83, 20.00, 4.63, 27.22, 26.50, 0.00, 20.89, 0.00, 108.00, 80.30, 0, 0
2.00, 5.70, 26.78, 26.78, 1887.84, 20.00, 4.63, 25.56, 24.83, 0.00, 3.96, 0.00, 0.00, 90.00, 0, 0
2.00, 5.70, 26.70, 26.70, 1767.63, 20.00, 4.63, 24.44, 23.72, 0.00, 0.00, 0.00, 0.00, 90.00, 0, 0
2.00, 5.70, 26.52, 26.52, 1450.15, 20.00, 4.63, 22.78, 22.06, 0.00, 0.00, 0.00, 0.00, 90.00, 0, 0
2.00, 5.70, 26.27, 26.27, 1174.87, 20.00, 4.63, 21.67, 20.94, 0.00, 0.00, 0.00, 0.00, 90.00, 0, 0
2.00, 5.70, 26.05, 26.05, 1025.37, 20.00, 4.63, 20.00, 19.27, 0.00, 0.00, 0.00, 0.00, 90.00, 0, 0
2.00, 5.70, 25.85, 25.85, 908.49, 20.00, 4.63, 18.89, 18.16, 0.00, 0.00, 0.00, 0.00, 90.00, 0, 0
2.00, 5.70, 25.65, 25.65, 773.24, 20.00, 4.63, 17.22, 16.49, 0.00, 0.00, 0.00, 0.00, 90.00, 0, 0
2.00, 5.70, 25.47, 25.47, 663.71, 20.00, 4.63, 16.11, 15.38, 0.00, 0.00, 0.00, 0.00, 90.00, 0, 0
2.00, 5.70, 25.29, 25.29, 556.26, 20.00, 4.63, 15.00, 14.27, 0.00, 0.00, 0.00, 0.00, 90.00, 0, 0
2.00, 5.70, 25.11, 25.11, 424.32, 20.00, 4.63, 13.33, 12.60, 0.00, 0.00, 0.00, 0.00, 90.00, 0, 0
2.00, 5.70, 25.00, 25.00, 461.15, 20.00, 4.63, 14.44, 13.71, 0.00, 10.30, 69.89, -112.10, 84.70, 0, 0
2.00, 5.70, 25.02, 25.02, 652.25, 20.00, 4.63, 15.56, 14.82, 41.15, 31.37, 61.90, -102.94, 73.87, 0, 0
2.00, 5.70, 25.27, 25.27, 1143.25, 20.00, 4.63, 17.78, 17.04, 120.89, 76.32, 56.44, -93.79, 62.62, 0, 0
2.00, 5.70, 25.65, 25.65, 1539.51, 20.00, 4.63, 20.56, 19.82, 116.35, 119.58, 54.27, -83.83, 51.27, 0, 0
2.00, 5.70, 25.99, 25.99, 1701.08, 20.00, 4.63, 22.78, 22.04, 34.73, 150.93, 55.80, -71.66, 40.16, 0, 0
2.00, 5.70, 26.26, 26.26, 1759.71, 20.00, 4.63, 24.44, 23.70, 0.00, 179.07, 60.74, -54.50, 30.00, 0, 0
2.00, 5.70, 26.53, 26.53, 1907.93, 20.00, 4.63, 26.11, 25.37, 0.00, 193.05, 68.35, -27.11, 22.47, 0, 0
2.00, 5.70, 26.80, 26.80, 2041.29, 20.00, 4.63, 27.22, 26.46, 0.00, 194.19, 77.83, 11.41, 20.87, 0, 0
2.00, 5.70, 27.08, 27.08, 2179.35, 20.00, 4.63, 28.33, 27.56, 0.00, 183.95, 88.56, 44.44, 26.31, 0, 0
2.00, 5.70, 27.34, 27.34, 2281.14, 20.00, 4.63, 28.33, 27.58, 0.00, 168.96, 0.00, 65.21, 35.65, 0, 0
2.00, 5.70, 27.63, 27.63, 2464.64, 20.00, 4.63, 28.33, 27.56, 0.00, 141.53, 0.00, 79.03, 46.48, 0, 0
2.00, 5.70, 27.93, 27.93, 2632.01, 20.00, 4.63, 27.78, 27.01, 0.00, 102.13, 0.00, 90.00, 57.78, 0, 0
2.00, 5.70, 28.26, 28.26, 2808.55, 20.00, 4.63, 26.67, 25.91, 0.00, 61.25, 0.00, 99.09, 69.11, 0, 0
2.00, 5.70, 28.42, 28.42, 2644.01, 20.00, 4.63, 25.00, 24.25, 0.00, 26.03, 0.00, 108.16, 80.16, 0, 0
2.00, 5.70, 28.29, 28.29, 2094.50, 20.00, 4.63, 23.89, 23.12, 0.00, 4.75, 0.00, 0.00, 90.00, 0, 0
2.00, 5.70, 28.14, 28.14, 1918.02, 20.00, 4.63, 22.22, 21.46, 0.00, 0.00, 0.00, 0.00, 90.00, 0, 0
2.00, 5.70, 27.91, 27.91, 1623.24, 20.00, 4.63, 20.56, 19.80, 0.00, 0.00, 0.00, 0.00, 90.00, 0, 0
2.00, 5.70, 27.62, 27.62, 1307.75, 20.00, 4.63, 18.89, 18.12, 0.00, 0.00, 0.00, 0.00, 90.00, 0, 0
2.00, 5.70, 27.35, 27.35, 1141.30, 20.00, 4.63, 17.22, 16.46, 0.00, 0.00, 0.00, 0.00, 90.00, 0, 0
2.00, 5.70, 27.10, 27.10, 1009.10, 20.00, 4.63, 16.11, 15.35, 0.00, 0.00, 0.00, 0.00, 90.00, 0, 0
2.00, 5.70, 26.87, 26.87, 859.08, 20.00, 4.63, 14.44, 13.68, 0.00, 0.00, 0.00, 0.00, 90.00, 0, 0
2.00, 5.70, 26.64, 26.64, 736.06, 20.00, 4.63, 13.33, 12.56, 0.00, 0.00, 0.00, 0.00, 90.00, 0, 0
2.00, 5.70, 26.43, 26.43, 615.82, 20.00, 4.63, 12.22, 11.45, 0.00, 0.00, 0.00, 0.00, 90.00, 0, 0
2.00, 5.70, 26.21, 26.21, 471.47, 20.00, 4.63, 10.56, 9.80, 0.00, 0.00, 0.00, 0.00, 90.00, 0, 0
2.00, 5.70, 26.07, 26.07, 506.12, 20.00, 4.63, 11.67, 10.89, 0.00, 12.67, 70.06, -112.27, 84.58, 0, 0
2.00, 5.70, 26.14, 26.14, 859.01, 20.00, 4.63, 13.33, 12.56, 98.76, 38.55, 62.09, -103.12, 73.75, 0, 0
2.00, 5.70, 26.43, 26.43, 1353.11, 20.00, 4.63, 16.11, 15.35, 153.09, 84.38, 56.64, -93.99, 62.52, 0, 0
2.00, 5.70, 26.80, 26.80, 1692.41, 20.00, 4.63, 18.33, 17.57, 132.02, 126.46, 54.48, -84.05, 51.16, 0, 0
2.00, 5.70, 27.10, 27.10, 1784.46, 20.00, 4.63, 20.00, 19.23, 38.29, 155.41, 56.00, -71.92, 40.04, 0, 0
2.00, 5.70, 27.33, 27.33, 1826.20, 20.00, 4.63, 22.22, 21.44, 0.00, 177.67, 60.92, -54.79, 29.86, 0, 0
2.00, 5.70, 27.56, 27.56, 1938.77, 20.00, 4.63, 23.33, 22.56, 0.00, 190.65, 68.50, -27.35, 22.29, 0, 0
2.00, 5.70, 27.78, 27.78, 2054.11, 20.00, 4.63, 24.44, 23.67, 0.00, 187.89, 77.96, 11.46, 20.66, 0, 0
2.00, 5.70, 28.00, 28.00, 2152.57, 20.00, 4.63, 25.00, 24.22, 0.00, 178.03, 88.67, 44.68, 26.14, 0, 0
2.00, 5.70, 28.22, 28.22, 2261.07, 20.00, 4.63, 25.56, 24.78, 0.00, 164.78, 0.00, 65.45, 35.50, 0, 0
2.00, 5.70, 28.47, 28.47, 2438.05, 20.00, 4.63, 25.56, 24.78, 0.00, 142.90, 0.00, 79.24, 46.34, 0, 0
2.00, 5.70, 28.65, 28.65, 2401.46, 20.00, 4.63, 24.44, 23.67, 0.00, 92.78, 0.00, 90.00, 57.65, 0, 0
2.00, 5.70, 28.91, 28.91, 2640.56, 20.00, 4.63, 23.33, 22.57, 0.00, 64.76, 0.00, 99.25, 68.98, 0, 0
2.00, 5.70, 28.98, 28.98, 2394.76, 20.00, 4.63, 22.22, 21.46, 0.00, 22.19, 0.00, 108.31, 80.01, 0, 0
2.00, 5.70, 28.83, 28.83, 1935.85, 20.00, 4.63, 20.56, 19.80, 0.00, 3.17, 0.00, 0.00, 90.00, 0, 0
2.00, 5.70, 28.67, 28.67, 1794.19, 20.00, 4.63, 19.44, 18.69, 0.00, 0.00, 0.00, 0.00, 90.00, 0, 0
2.00, 5.70, 28.45, 28.45, 1525.75, 20.00, 4.63, 18.33, 17.59, 0.00, 0.00, 0.00, 0.00, 90.00, 0, 0
2.00, 5.70, 28.16, 28.16, 1236.56, 20.00, 4.63, 17.22, 16.48, 0.00, 0.00, 0.00, 0.00, 90.00, 0, 0
2.00, 5.70, 27.90, 27.90, 1096.99, 20.00, 4.63, 16.11, 15.35, 0.00, 0.00, 0.00, 0.00, 90.00, 0, 0
2.00, 5.70, 27.67, 27.67, 993.17, 20.00, 4.63, 15.56, 14.80, 0.00, 0.00, 0.00, 0.00, 90.00, 0, 0
2.00, 5.70, 27.47, 27.47, 897.96, 20.00, 4.63, 15.00, 14.24, 0.00, 0.00, 0.00, 0.00, 90.00, 0, 0
2.00, 5.70, 27.29, 27.29, 808.56, 20.00, 4.63, 14.44, 13.68, 0.00, 0.00, 0.00, 0.00, 90.00, 0, 0
2.00, 5.70, 27.11, 27.11, 723.31, 20.00, 4.63, 13.89, 13.13, 0.00, 0.00, 0.00, 0.00, 90.00, 0, 0
2.00, 5.70, 26.95, 26.95, 640.93, 20.00, 4.63, 13.33, 12.58, 0.00, 0.00, 0.00, 0.00, 90.00, 0, 0
2.00, 5.70, 26.83, 26.83, 648.63, 20.00, 4.63, 13.89, 13.14, 0.00, 8.71, 70.22, -112.43, 84.46, 0, 0
2.00, 5.70, 26.87, 26.87, 893.40, 20.00, 4.63, 15.56, 14.82, 48.21, 33.14, 62.27, -103.29, 73.64, 0, 0
2.00, 5.70, 27.05, 27.05, 1231.97, 20.00, 4.63, 17.78, 17.04, 75.41, 69.04, 56.83, -94.18, 62.41, 0, 0
2.00, 5.70, 27.21, 27.21, 1307.79, 20.00, 4.63, 18.89, 18.16, 31.52, 84.85, 54.67, -84.27, 51.05, 0, 0
2.00, 5.70, 27.43, 27.43, 1525.09, 20.00, 4.63, 20.56, 19.82, 13.84, 117.13, 56.18, -72.17, 39.93, 0, 0
2.00, 5.70, 27.65, 27.65, 1673.02, 20.00, 4.63, 22.22, 21.48, 0.00, 141.64, 61.09, -55.08, 29.72, 0, 0
2.00, 5.70, 27.90, 27.90, 1858.04, 20.00, 4.63, 23.89, 23.14, 0.00, 168.52, 68.65, -27.58, 22.11, 0, 0
2.00, 5.70, 28.13, 28.13, 1968.34, 20.00, 4.63, 25.00, 24.23, 0.00, 158.66, 78.08, 11.51, 20.47, 0, 0
2.00, 5.70, 28.33, 28.33, 2045.14, 20.00, 4.63, 25.56, 24.80, 0.00, 141.70, 88.78, 44.90, 25.97, 0, 0
2.00, 5.70, 28.50, 28.50, 2069.88, 20.00, 4.63, 25.56, 24.80, 0.00, 124.89, 0.00, 65.68, 35.36, 0, 0
2.00, 5.70, 28.68, 28.68, 2188.70, 20.00, 4.63, 25.56, 24.80, 0.00, 116.91, 0.00, 79.45, 46.21, 0, 0
2.00, 5.70, 28.93, 28.93, 2408.50, 20.00, 4.63, 25.00, 24.25, 0.00, 97.64, 0.00, 90.00, 57.52, 0, 0
2.00, 5.70, 29.18, 29.18, 2520.12, 20.00, 4.63, 24.44, 23.70, 0.00, 55.70, 0.00, 99.41, 68.84, 0, 0
2.00, 5.70, 29.29, 29.29, 2388.38, 20.00, 4.63, 23.33, 22.59, 0.00, 23.79, 0.00, 108.45, 79.87, 0, 0
2.00, 5.70, 29.19, 29.19, 1978.94, 20.00, 4.63, 22.22, 21.48, 0.00, 4.75, 0.00, 0.00, 90.00, 0, 0
2.00, 5.70, 29.05, 29.05, 1823.45, 20.00, 4.63, 20.56, 19.82, 0.00, 0.00, 0.00, 0.00, 90.00, 0, 0
2.00, 5.70, 28.85, 28.85, 1566.18, 20.00, 4.63, 19.44, 18.70, 0.00, 0.00, 0.00, 0.00, 90.00, 0, 0
2.00, 5.70, 28.58, 28.58, 1286.74, 20.00, 4.63, 18.33, 17.59, 0.00, 0.00, 0.00, 0.00, 90.00, 0, 0
2.00, 5.70, 28.33, 28.33, 1155.80, 20.00, 4.63, 17.22, 16.48, 0.00, 0.00, 0.00, 0.00, 90.00, 0, 0
2.00, 5.70, 28.11, 28.11, 1034.50, 20.00, 4.63, 16.11, 15.37, 0.00, 0.00, 0.00, 0.00, 90.00, 0, 0
2.00, 5.70, 27.91, 27.91, 943.62, 20.00, 4.63, 15.56, 14.80, 0.00, 0.00, 0.00, 0.00, 90.00, 0, 0
2.00, 5.70, 27.71, 27.71, 833.37, 20.00, 4.63, 14.44, 13.71, 0.00, 0.00, 0.00, 0.00, 90.00, 0, 0
2.00, 5.70, 27.51, 27.51, 724.21, 20.00, 4.63, 13.33, 12.60, 0.00, 0.00, 0.00, 0.00, 90.00, 0, 0
2.00, 5.70, 27.33, 27.33, 640.70, 20.00, 4.63, 12.78, 12.03, 0.00, 0.00, 0.00, 0.00, 90.00, 0, 0
2.00, 5.70, 27.22, 27.22, 683.26, 20.00, 4.63, 13.89, 13.14, 0.00, 11.09, 70.38, -112.58, 84.35, 0, 0
2.00, 5.70, 27.17, 27.17, 749.57, 20.00, 4.63, 14.44, 13.71, 10.65, 23.81, 62.45, -103.46, 73.54, 0, 0
2.00, 5.70, 27.11, 27.11, 728.89, 20.00, 4.63, 15.00, 14.27, 1.36, 21.99, 57.02, -94.37, 62.32, 0, 0
2.00, 5.70, 27.27, 27.27, 1147.01, 20.00, 4.63, 16.67, 15.95, 38.49, 85.05, 54.87, -84.48, 50.96, 0, 0
2.00, 5.70, 27.39, 27.39, 1181.22, 20.00, 4.63, 17.78, 17.04, 5.39, 86.63, 56.37, -72.42, 39.82, 0, 0
2.00, 5.70, 27.45, 27.45, 1144.45, 20.00, 4.63, 18.33, 17.61, 0.00, 68.91, 61.25, -55.37, 29.59, 0, 0
2.00, 5.70, 27.45, 27.45, 1060.53, 20.00, 4.63, 18.33, 17.61, 0.00, 46.96, 68.79, -27.83, 21.94, 0, 0
2.00, 5.70, 27.53, 27.53, 1241.66, 20.00, 4.63, 18.89, 18.16, 0.00, 90.39, 78.20, 11.54, 20.27, 0, 0
2.00, 5.70, 27.68, 27.68, 1425.77, 20.00, 4.63, 19.44, 18.70, 0.00, 115.89, 88.88, 45.12, 25.80, 0, 0
2.00, 5.70, 27.85, 27.85, 1562.49, 20.00, 4.63, 20.00, 19.27, 0.00, 127.20, 0.00, 65.90, 35.21, 0, 0
2.00, 5.70, 28.09, 28.09, 1812.85, 20.00, 4.63, 21.11, 20.36, 0.00, 129.49, 0.00, 79.64, 46.08, 0, 0
2.00, 5.70, 28.21, 28.21, 1721.09, 20.00, 4.63, 20.56, 19.83, 0.00, 74.19, 0.00, 90.00, 57.39, 0, 0
2.00, 5.70, 28.26, 28.26, 1621.97, 20.00, 4.63, 20.00, 19.27, 0.00, 25.98, 0.00, 99.56, 68.71, 0, 0
2.00, 5.70, 28.21, 28.21, 1462.06, 20.00, 4.63, 18.89, 18.17, 0.00, 9.50, 0.00, 108.59, 79.74, 0, 0
2.00, 5.70, 28.14, 28.14, 1371.50, 20.00, 4.63, 18.33, 17.61, 0.00, 1.58, 0.00, 0.00, 90.00, 0, 0
2.00, 5.70, 28.07, 28.07, 1311.01, 20.00, 4.63, 17.78, 17.06, 0.00, 0.00, 0.00, 0.00, 90.00, 0, 0
2.00, 5.70, 27.92, 27.92, 1104.41, 20.00, 4.63, 17.22, 16.51, 0.00, 0.00, 0.00, 0.00, 90.00, 0, 0
2.00, 5.70, 27.70, 27.70, 870.26, 20.00, 4.63, 16.67, 15.95, 0.00, 0.00, 0.00, 0.00, 90.00, 0, 0
2.00, 5.70, 27.51, 27.51, 781.94, 20.00, 4.63, 16.11, 15.38, 0.00, 0.00, 0.00, 0.00, 90.00, 0, 0
2.00, 5.70, 27.33, 27.33, 702.10, 20.00, 4.63, 15.56, 14.83, 0.00, 0.00, 0.00, 0.00, 90.00, 0, 0
2.00, 5.70, 27.17, 27.17, 627.26, 20.00, 4.63, 15.00, 14.27, 0.00, 0.00, 0.00, 0.00, 90.00, 0, 0
2.00, 5.70, 27.02, 27.02, 580.76, 20.00, 4.63, 15.00, 14.27, 0.00, 0.00, 0.00, 0.00, 90.00, 0, 0
2.00, 5.70, 26.88, 26.88, 513.67, 20.00, 4.63, 14.44, 13.72, 0.00, 0.00, 0.00, 0.00, 90.00, 0, 0
2.00, 5.70, 26.74, 26.74, 447.55, 20.00, 4.63, 13.89, 13.17, 0.00, 0.00, 0.00, 0.00, 90.00, 0, 0
2.00, 5.70, 26.64, 26.64, 456.59, 20.00, 4.63, 14.44, 13.74, 0.00, 5.54, 70.54, -112.74, 84.24, 0, 0
2.00, 5.70, 26.59, 26.59, 521.81, 20.00, 4.63, 15.56, 14.83, 0.00, 15.84, 62.62, -103.63, 73.44, 0, 0
2.00, 5.70, 26.61, 26.61, 650.53, 20.00, 4.63, 16.67, 15.96, 2.00, 36.15, 57.20, -94.55, 62.22, 0, 0
2.00, 5.70, 26.65, 26.65, 730.18, 20.00, 4.63, 17.22, 16.51, 1.77, 47.01, 55.05, -84.69, 50.86, 0, 0
2.00, 5.70, 26.67, 26.67, 722.65, 20.00, 4.63, 17.78, 17.06, 0.14, 37.07, 56.54, -72.67, 39.72, 0, 0
2.00, 5.70, 26.67, 26.67, 726.15, 20.00, 4.63, 17.78, 17.06, 0.00, 37.67, 61.40, -55.65, 29.47, 0, 0
2.00, 5.70, 26.83, 26.83, 1059.53, 20.00, 4.63, 19.44, 18.72, 0.00, 104.89, 68.92, -28.07, 21.78, 0, 0
2.00, 5.70, 27.04, 27.04, 1257.79, 20.00, 4.63, 20.56, 19.83, 0.00, 126.46, 78.32, 11.57, 20.09, 0, 0
2.00, 5.70, 27.26, 27.26, 1435.32, 20.00, 4.63, 21.67, 20.94, 0.00, 135.48, 88.97, 45.32, 25.63, 0, 0
2.00, 5.70, 27.44, 27.44, 1483.97, 20.00, 4.63, 22.22, 21.49, 0.00, 114.86, 0.00, 66.11, 35.07, 0, 0
2.00, 5.70, 27.63, 27.63, 1597.30, 20.00, 4.63, 22.78, 22.06, 0.00, 105.31, 0.00, 79.83, 45.95, 0, 0
2.00, 5.70, 27.81, 27.81, 1714.28, 20.00, 4.63, 22.78, 22.06, 0.00, 81.23, 0.00, 90.00, 57.27, 0, 0
2.00, 5.70, 27.95, 27.95, 1718.33, 20.00, 4.63, 22.22, 21.51, 0.00, 40.47, 0.00, 99.71, 68.59, 0, 0
2.00, 5.70, 28.01, 28.01, 1627.40, 20.00, 4.63, 21.67, 20.94, 0.00, 17.77, 0.00, 108.72, 79.60, 0, 0
2.00, 5.70, 27.95, 27.95, 1428.20, 20.00, 4.63, 20.56, 19.85, 0.00, 3.17, 0.00, 0.00, 90.00, 0, 0
2.00, 5.70, 27.89, 27.89, 1362.80, 20.00, 4.63, 20.00, 19.28, 0.00, 0.00, 0.00, 0.00, 90.00, 0, 0
2.00, 5.70, 27.74, 27.74, 1136.09, 20.00, 4.63, 18.89, 18.17, 0.00, 0.00, 0.00, 0.00, 90.00, 0, 0
2.00, 5.70, 27.53, 27.53, 905.39, 20.00, 4.63, 18.33, 17.61, 0.00, 0.00, 0.00, 0.00, 90.00, 0, 0
2.00, 5.70, 27.33, 27.33, 796.80, 20.00, 4.63, 17.22, 16.49, 0.00, 0.00, 0.00, 0.00, 90.00, 0, 0
2.00, 5.70, 27.14, 27.14, 694.57, 20.00, 4.63, 16.11, 15.38, 0.00, 0.00, 0.00, 0.00, 90.00, 0, 0
2.00, 5.70, 26.97, 26.97, 620.40, 20.00, 4.63, 15.56, 14.82, 0.00, 0.00, 0.00, 0.00, 90.00, 0, 0
2.00, 5.70, 26.80, 26.80, 525.06, 20.00, 4.63, 14.44, 13.72, 0.00, 0.00, 0.00, 0.00, 90.00, 0, 0
2.00, 5.70, 26.62, 26.62, 429.40, 20.00, 4.63, 13.33, 12.61, 0.00, 0.00, 0.00, 0.00, 90.00, 0, 0
2.00, 5.70, 26.45, 26.45, 332.94, 20.00, 4.63, 12.22, 11.50, 0.00, 0.00, 0.00, 0.00, 90.00, 0, 0
2.00, 5.70, 26.38, 26.38, 468.97, 20.00, 4.63, 13.33, 12.61, 0.00, 13.46, 70.69, -112.89, 84.14, 0, 0
2.00, 5.70, 26.63, 26.63, 1078.23, 20.00, 4.63, 15.56, 14.83, 171.06, 50.17, 62.79, -103.79, 73.35, 0, 0
2.00, 5.70, 27.04, 27.04, 1576.01, 20.00, 4.63, 18.33, 17.61, 196.26, 92.95, 57.38, -94.73, 62.14, 0, 0
2.00, 5.70, 27.44, 27.44, 1816.05, 20.00, 4.63, 20.56, 19.83, 127.32, 128.89, 55.23, -84.90, 50.78, 0, 0
2.00, 5.70, 27.75, 27.75, 1899.73, 20.00, 4.63, 22.22, 21.51, 34.13, 155.61, 56.71, -72.91, 39.62, 0, 0
2.00, 5.70, 27.99, 27.99, 1939.39, 20.00, 4.63, 23.89, 23.16, 0.00, 172.33, 61.55, -55.93, 29.35, 0, 0
2.00, 5.70, 28.25, 28.25, 2098.41, 20.00, 4.63, 25.56, 24.82, 0.00, 191.60, 69.05, -28.31, 21.62, 0, 0
2.00, 5.70, 28.51, 28.51, 2240.10, 20.00, 4.63, 26.67, 25.93, 0.00, 201.48, 78.42, 11.59, 19.91, 0, 0
2.00, 5.70, 28.75, 28.75, 2337.36, 20.00, 4.63, 27.22, 26.48, 0.00, 188.03, 89.06, 45.52, 25.47, 0, 0
2.00, 5.70, 28.97, 28.97, 2416.82, 20.00, 4.63, 27.22, 26.48, 0.00, 162.54, 0.00, 66.32, 34.94, 0, 0
2.00, 5.70, 29.21, 29.21, 2562.34, 20.00, 4.63, 27.22, 26.48, 0.00, 135.90, 0.00, 80.01, 45.82, 0, 0
2.00, 5.70, 29.45, 29.45, 2685.07, 20.00, 4.63, 26.67, 25.93, 0.00, 98.05, 0.00, 90.00, 57.14, 0, 0
2.00, 5.70, 29.65, 29.65, 2706.94, 20.00, 4.63, 25.00, 24.27, 0.00, 55.24, 0.00, 99.85, 68.46, 0, 0
2.00, 5.70, 29.77, 29.77, 2627.53, 20.00, 4.63, 23.89, 23.16, 0.00, 24.59, 0.00, 108.84, 79.47, 0, 0
2.00, 5.70, 29.63, 29.63, 2150.66, 20.00, 4.63, 22.22, 21.49, 0.00, 4.75, 0.00, 118.23, 89.89, 0, 0
2.00, 5.70, 29.49, 29.49, 2012.80, 20.00, 4.63, 21.11, 20.40, 0.00, 0.00, 0.00, 0.00, 90.00, 0, 0
2.00, 5.70, 29.25, 29.25, 1704.33, 20.00, 4.63, 20.00, 19.28, 0.00, 0.00, 0.00, 0.00, 90.00, 0, 0
2.00, 5.70, 28.96, 28.96, 1417.66, 20.00, 4.63, 18.89, 18.16, 0.00, 0.00, 0.00, 0.00, 90.00, 0, 0
2.00, 5.70, 28.70, 28.70, 1282.04, 20.00, 4.63, 17.78, 17.04, 0.00, 0.00, 0.00, 0.00, 90.00, 0, 0
2.00, 5.70, 28.48, 28.48, 1182.51, 20.00, 4.63, 17.22, 16.49, 0.00, 0.00, 0.00, 0.00, 90.00, 0, 0
2.00, 5.70, 28.28, 28.28, 1091.92, 20.00, 4.63, 16.67, 15.93, 0.00, 0.00, 0.00, 0.00, 90.00, 0, 0
2.00, 5.70, 28.10, 28.10, 1007.28, 20.00, 4.63, 16.11, 15.37, 0.00, 0.00, 0.00, 0.00, 90.00, 0, 0
2.00, 5.70, 27.92, 27.92, 901.86, 20.00, 4.63, 15.00, 14.27, 0.00, 0.00, 0.00, 0.00, 90.00, 0, 0
2.00, 5.70, 27.75, 27.75, 821.84, 20.00, 4.63, 14.44, 13.72, 0.00, 0.00, 0.00, 0.00, 90.00, 0, 0
2.00, 5.70, 27.68, 27.68, 925.38, 20.00, 4.63, 15.56, 14.82, 0.00, 7.13, 70.84, -113.03, 84.04, 0, 0
2.00, 5.70, 27.65, 27.65, 988.09, 20.00, 4.63, 16.11, 15.38, 1.57, 21.27, 62.95, -103.95, 73.27, 0, 0
2.00, 5.70, 27.82, 27.82, 1385.48, 20.00, 4.63, 18.33, 17.61, 53.34, 64.24, 57.56, -94.91, 62.06, 0, 0
2.00, 5.70, 28.14, 28.14, 1783.51, 20.00, 4.63, 20.56, 19.83, 71.23, 109.25, 55.41, -85.10, 50.70, 0, 0
2.00, 5.70, 28.46, 28.46, 2001.62, 20.00, 4.63, 22.78, 22.06, 25.02, 141.10, 56.87, -73.15, 39.53, 0, 0
2.00, 5.70, 28.75, 28.75, 2147.71, 20.00, 4.63, 25.00, 24.27, 0.00, 170.52, 61.70, -56.21, 29.24, 0, 0
2.00, 5.70, 29.05, 29.05, 2321.47, 20.00, 4.63, 26.67, 25.93, 0.00, 186.12, 69.17, -28.56, 21.47, 0, 0
2.00, 5.70, 29.34, 29.34, 2470.89, 20.00, 4.63, 27.78, 27.05, 0.00, 190.65, 78.53, 11.60, 19.73, 0, 0
2.00, 5.70, 29.61, 29.61, 2603.26, 20.00, 4.63, 28.89, 28.14, 0.00, 187.05, 89.15, 45.71, 25.32, 0, 0
2.00, 5.70, 29.86, 29.86, 2687.02, 20.00, 4.63, 28.89, 28.14, 0.00, 161.98, 0.00, 66.52, 34.80, 0, 0
2.00, 5.70, 30.14, 30.14, 2863.80, 20.00, 4.63, 29.44, 28.71, 0.00, 136.11, 0.00, 80.19, 45.70, 0, 0
2.00, 5.70, 30.46, 30.46, 3095.68, 20.00, 4.63, 28.89, 28.16, 0.00, 106.96, 0.00, 90.00, 57.02, 0, 0
2.00, 5.70, 30.78, 30.78, 3246.42, 20.00, 4.63, 27.78, 27.06, 0.00, 63.52, 0.00, 99.98, 68.34, 0, 0
2.00, 5.70, 30.88, 30.88, 2958.83, 20.00, 4.63, 26.11, 25.40, 0.00, 23.51, 0.00, 108.96, 79.34, 0, 0
2.00, 5.70, 30.76, 30.76, 2530.85, 20.00, 4.63, 25.00, 24.29, 0.00, 3.96, 0.00, 118.34, 89.75, 0, 0
2.00, 5.70, 30.63, 30.63, 2394.01, 20.00, 4.63, 23.89, 23.17, 0.00, 0.00, 0.00, 0.00, 90.00, 0, 0
2.00, 5.70, 30.41, 30.41, 2086.70, 20.00, 4.63, 22.78, 22.07, 0.00, 0.00, 0.00, 0.00, 90.00, 0, 0
2.00, 5.70, 30.13, 30.13, 1801.87, 20.00, 4.63, 21.67, 20.96, 0.00, 0.00, 0.00, 0.00, 90.00, 0, 0
2.00, 5.70, 29.88, 29.88, 1668.40, 20.00, 4.63, 20.56, 19.85, 0.00, 0.00, 0.00, 0.00, 90.00, 0, 0
2.00, 5.70, 29.65, 29.65, 1546.28, 20.00, 4.63, 19.44, 18.72, 0.00, 0.00, 0.00, 0.00, 90.00, 0, 0
2.00, 5.70, 29.44, 29.44, 1430.88, 20.00, 4.63, 18.33, 17.61, 0.00, 0.00, 0.00, 0.00, 90.00, 0, 0
2.00, 5.70, 29.26, 29.26, 1344.10, 20.00, 4.63, 17.78, 17.06, 0.00, 0.00, 0.00, 0.00, 90.00, 0, 0
2.00, 5.70, 29.07, 29.07, 1236.99, 20.00, 4.63, 16.67, 15.95, 0.00, 0.00, 0.00, 0.00, 90.00, 0, 0
2.00, 5.70, 28.89, 28.89, 1130.43, 20.00, 4.63, 15.56, 14.83, 0.00, 0.00, 0.00, 0.00, 90.00, 0, 0
2.00, 5.70, 28.81, 28.81, 1237.19, 20.00, 4.63, 17.22, 16.51, 0.00, 19.80, 70.99, -113.18, 83.95, 0, 0
2.00, 5.70, 29.06, 29.06, 1860.55, 20.00, 4.63, 18.89, 18.19, 205.17, 51.88, 63.11, -104.10, 73.18, 0, 0
2.00, 5.70, 29.43, 29.43, 2260.98, 20.00, 4.63, 21.11, 20.41, 194.55, 96.00, 57.72, -95.08, 61.98, 0, 0
2.00, 5.70, 29.81, 29.81, 2521.32, 20.00, 4.63, 23.33, 22.62, 136.67, 135.38, 55.57, -85.29, 50.62, 0, 0
2.00, 5.70, 30.13, 30.13, 2620.53, 20.00, 4.63, 25.00, 24.29, 43.09, 169.84, 57.03, -73.38, 39.45, 0, 0
2.00, 5.70, 30.36, 30.36, 2636.32, 20.00, 4.63, 26.67, 25.95, 0.00, 200.33, 61.83, -56.48, 29.13, 0, 0
2.00, 5.70, 30.60, 30.60, 2753.86, 20.00, 4.63, 28.33, 27.61, 0.00, 213.70, 69.29, -28.80, 21.33, 0, 0
2.00, 5.70, 30.83, 30.83, 2871.14, 20.00, 4.63, 29.44, 28.73, 0.00, 214.12, 78.62, 11.60, 19.56, 0, 0
2.00, 5.70, 31.07, 31.07, 2991.96, 20.00, 4.63, 30.00, 29.28, 0.00, 204.82, 89.23, 45.89, 25.17, 0, 0
2.00, 5.70, 31.33, 31.33, 3150.34, 20.00, 4.63, 30.56, 29.82, 0.00, 186.60, 0.00, 66.70, 34.67, 0, 0
2.00, 5.70, 31.64, 31.64, 3370.15, 20.00, 4.63, 30.56, 29.82, 0.00, 155.43, 0.00, 80.35, 45.58, 0, 0
2.00, 5.70, 31.97, 31.97, 3578.38, 20.00, 4.63, 30.00, 29.28, 0.00, 114.97, 0.00, 90.00, 56.90, 0, 0
2.00, 5.70, 32.30, 32.30, 3728.20, 20.00, 4.63, 29.44, 28.73, 0.00, 70.28, 0.00, 100.11, 68.21, 0, 0
2.00, 5.70, 32.32, 32.32, 3264.84, 20.00, 4.63, 27.78, 27.06, 0.00, 20.63, 0.00, 109.08, 79.21, 0, 0
2.00, 5.70, 32.17, 32.17, 2885.98, 20.00, 4.63, 26.67, 25.95, 0.00, 2.38, 0.00, 118.44, 89.62, 0, 0
2.00, 5.70, 32.03, 32.03, 2744.56, 20.00, 4.63, 25.56, 24.85, 0.00, 0.00, 0.00, 0.00, 90.00, 0, 0
2.00, 5.70, 31.82, 31.82, 2502.75, 20.00, 4.63, 25.00, 24.29, 0.00, 0.00, 0.00, 0.00, 90.00, 0, 0
2.00, 5.70, 31.56, 31.56, 2220.18, 20.00, 4.63, 23.89, 23.17, 0.00, 0.00, 0.00, 0.00, 90.00, 0, 0
2.00, 5.70, 31.32, 31.32, 2087.90, 20.00, 4.63, 22.78, 22.06, 0.00, 0.00, 0.00, 0.00, 90.00, 0, 0
2.00, 5.70, 31.11, 31.11, 1966.60, 20.00, 4.63, 21.67, 20.94, 0.00, 0.00, 0.00, 0.00, 90.00, 0, 0
2.00, 5.70, 30.91, 30.91, 1851.65, 20.00, 4.63, 20.56, 19.83, 0.00, 0.00, 0.00, 0.00, 90.00, 0, 0
2.00, 5.70, 30.71, 30.71, 1715.85, 20.00, 4.63, 18.89, 18.17, 0.00, 0.00, 0.00, 0.00, 90.00, 0, 0
2.00, 5.70, 30.51, 30.51, 1604.02, 20.00, 4.63, 17.78, 17.06, 0.00, 0.00, 0.00, 0.00, 90.00, 0, 0
2.00, 5.70, 30.30, 30.30, 1468.42, 20.00, 4.63, 16.11, 15.40, 0.00, 0.00, 0.00, 0.00, 90.00, 0, 0
2.00, 5.70, 30.16, 30.16, 1462.98, 20.00, 4.63, 16.67, 15.95, 0.00, 7.13, 71.13, -113.32, 83.87, 0, 0
2.00, 5.70, 30.05, 30.05, 1469.99, 20.00, 4.63, 17.22, 16.51, 0.00, 14.26, 63.26, -104.26, 73.11, 0, 0
2.00, 5.70, 30.00, 30.00, 1519.06, 20.00, 4.63, 17.78, 17.06, 0.00, 28.51, 57.89, -95.24, 61.91, 0, 0
2.00, 5.70, 30.01, 30.01, 1620.52, 20.00, 4.63, 18.89, 18.17, 0.81, 44.89, 55.73, -85.48, 50.55, 0, 0
2.00, 5.70, 30.07, 30.07, 1759.87, 20.00, 4.63, 20.00, 19.27, 0.75, 66.39, 57.18, -73.60, 39.37, 0, 0
2.00, 5.70, 30.20, 30.20, 1923.64, 20.00, 4.63, 21.11, 20.38, 0.00, 90.99, 61.96, -56.75, 29.04, 0, 0
2.00, 5.70, 30.27, 30.27, 1910.23, 20.00, 4.63, 21.67, 20.93, 0.00, 74.16, 69.40, -29.05, 21.19, 0, 0
2.00, 5.70, 30.28, 30.28, 1831.03, 20.00, 4.63, 21.67, 20.93, 0.00, 51.70, 78.71, 11.59, 19.40, 0, 0
2.00, 5.70, 30.32, 30.32, 1894.71, 20.00, 4.63, 21.67, 20.93, 0.00, 62.63, 89.30, 46.05, 25.02, 0, 0
2.00, 5.70, 30.36, 30.36, 1931.86, 20.00, 4.63, 21.67, 20.93, 0.00, 69.33, 0.00, 66.88, 34.54, 0, 0
2.00, 5.70, 30.45, 30.45, 2042.36, 20.00, 4.63, 22.22, 21.48, 0.00, 80.68, 0.00, 80.51, 45.46, 0, 0
2.00, 5.70, 30.47, 30.47, 1955.44, 20.00, 4.63, 21.67, 20.93, 0.00, 42.81, 0.00, 90.00, 56.79, 0, 0
2.00, 5.70, 30.50, 30.50, 1998.02, 20.00, 4.63, 21.11, 20.38, 0.00, 17.42, 0.00, 100.23, 68.10, 0, 0
2.00, 5.70, 30.48, 30.48, 1911.95, 20.00, 4.63, 20.56, 19.82, 0.00, 4.75, 0.00, 109.18, 79.09, 0, 0
2.00, 5.70, 30.43, 30.43, 1825.33, 20.00, 4.63, 19.44, 18.70, 0.00, 0.79, 0.00, 118.53, 89.48, 0, 0
2.00, 5.70, 30.37, 30.37, 1774.86, 20.00, 4.63, 18.89, 18.16, 0.00, 0.00, 0.00, 0.00, 90.00, 0, 0
2.00, 5.70, 30.21, 30.21, 1547.87, 20.00, 4.63, 17.78, 17.03, 0.00, 0.00, 0.00, 0.00, 90.00, 0, 0
2.00, 5.70, 29.98, 29.98, 1288.60, 20.00, 4.63, 16.67, 15.92, 0.00, 0.00, 0.00, 0.00, 90.00, 0, 0
2.00, 5.70, 29.75, 29.75, 1171.37, 20.00, 4.63, 15.56, 14.80, 0.00, 0.00, 0.00, 0.00, 90.00, 0, 0
2.00, 5.70, 29.53, 29.53, 1059.43, 20.00, 4.63, 14.44, 13.69, 0.00, 0.00, 0.00, 0.00, 90.00, 0, 0
2.00, 5.70, 29.31, 29.31, 924.67, 20.00, 4.63, 12.78, 12.03, 0.00, 0.00, 0.00, 0.00, 90.00, 0, 0
2.00, 5.70, 29.09, 29.09, 813.44, 20.00, 4.63, 11.67, 10.91, 0.00, 0.00, 0.00, 0.00, 90.00, 0, 0
2.00, 5.70, 28.86, 28.86, 676.95, 20.00, 4.63, 10.00, 9.25, 0.00, 0.00, 0.00, 0.00, 90.00, 0, 0
2.00, 5.70, 28.61, 28.61, 537.14, 20.00, 4.63, 8.33, 7.58, 0.00, 0.00, 0.00, 0.00, 90.00, 0, 0
2.00, 5.70, 28.48, 28.48, 635.92, 20.00, 4.63, 10.00, 9.25, 0.00, 20.59, 71.27, -113.45, 83.79, 0, 0
2.00, 5.70, 28.68, 28.68, 1265.13, 20.00, 4.63, 12.22, 11.47, 199.25, 52.60, 63.41, -104.40, 73.04, 0, 0
2.00, 5.70, 29.00, 29.00, 1656.72, 20.00, 4.63, 14.44, 13.69, 188.23, 95.87, 58.04, -95.41, 61.85, 0, 0
2.00, 5.70, 29.36, 29.36, 1961.17, 20.00, 4.63, 17.22, 16.46, 135.53, 138.73, 55.89, -85.67, 50.48, 0, 0
2.00, 5.70, 29.66, 29.66, 2083.95, 20.00, 4.63, 19.44, 18.69, 42.75, 173.72, 57.32, -73.82, 39.30, 0, 0
2.00, 5.70, 29.86, 29.86, 2067.34, 20.00, 4.63, 21.11, 20.35, 0.00, 195.73, 62.09, -57.01, 28.94, 0, 0
2.00, 5.70, 30.05, 30.05, 2163.78, 20.00, 4.63, 22.22, 21.46, 0.00, 208.29, 69.50, -29.30, 21.06, 0, 0
2.00, 5.70, 30.24, 30.24, 2281.76, 20.00, 4.63, 23.33, 22.57, 0.00, 210.31, 78.80, 11.58, 19.24, 0, 0
2.00, 5.70, 30.45, 30.45, 2421.51, 20.00, 4.63, 24.44, 23.69, 0.00, 201.08, 89.37, 46.21, 24.88, 0, 0
2.00, 5.70, 30.66, 30.66, 2537.85, 20.00, 4.63, 24.44, 23.69, 0.00, 180.12, 0.00, 67.05, 34.42, 0, 0
2.00, 5.70, 30.90, 30.90, 2710.20, 20.00, 4.63, 24.44, 23.69, 0.00, 147.90, 0.00, 80.66, 45.34, 0, 0
2.00, 5.70, 31.10, 31.10, 2757.27, 20.00, 4.63, 23.33, 22.57, 0.00, 103.08, 0.00, 90.00, 56.67, 0, 0
2.00, 5.70, 31.38, 31.38, 3032.42, 20.00, 4.63, 22.22, 21.46, 0.00, 68.62, 0.00, 100.34, 67.98, 0, 0
2.00, 5.70, 31.56, 31.56, 2954.42, 20.00, 4.63, 20.56, 19.80, 0.00, 30.56, 0.00, 109.28, 78.97, 0, 0
2.00, 5.70, 31.35, 31.35, 2277.47, 20.00, 4.63, 19.44, 18.70, 0.00, 6.34, 0.00, 118.62, 89.36, 0, 0
2.00, 5.70, 31.14, 31.14, 2104.17, 20.00, 4.63, 18.33, 17.59, 0.00, 0.00, 0.00, 0.00, 90.00, 0, 0
2.00, 5.70, 30.87, 30.87, 1820.86, 20.00, 4.63, 17.22, 16.48, 0.00, 0.00, 0.00, 0.00, 90.00, 0, 0
2.00, 5.70, 30.55, 30.55, 1546.00, 20.00, 4.63, 16.67, 15.93, 0.00, 0.00, 0.00, 0.00, 90.00, 0, 0
2.00, 5.70, 30.26, 30.26, 1400.99, 20.00, 4.63, 15.56, 14.82, 0.00, 0.00, 0.00, 0.00, 90.00, 0, 0
2.00, 5.70, 30.02, 30.02, 1317.95, 20.00, 4.63, 15.56, 14.80, 0.00, 0.00, 0.00, 0.00, 90.00, 0, 0
2.00, 5.70, 29.82, 29.82, 1247.10, 20.00, 4.63, 15.56, 14.80, 0.00, 0.00, 0.00, 0.00, 90.00, 0, 0
2.00, 5.70, 29.64, 29.64, 1184.84, 20.00, 4.63, 15.56, 14.80, 0.00, 0.00, 0.00, 0.00, 90.00, 0, 0
2.00, 5.70, 29.46, 29.46, 1104.03, 20.00, 4.63, 15.00, 14.26, 0.00, 0.00, 0.00, 0.00, 90.00, 0, 0
2.00, 5.70, 29.31, 29.31, 1050.83, 20.00, 4.63, 15.00, 14.26, 0.00, 0.00, 0.00, 0.00, 90.00, 0, 0
2.00, 5.70, 29.18, 29.18, 1034.63, 20.00, 4.63, 15.56, 14.82, 0.00, 1.58, 71.40, -113.59, 83.72, 0, 0
2.00, 5.70, 29.11, 29.11, 1076.63, 20.00, 4.63, 16.11, 15.37, 0.00, 15.05, 63.56, -104.54, 72.97, 0, 0
2.00, 5.70, 29.09, 29.09, 1172.21, 20.00, 4.63, 17.22, 16.48, 0.60, 30.79, 58.19, -95.56, 61.79, 0, 0
2.00, 5.70, 29.12, 29.12, 1288.81, 20.00, 4.63, 18.33, 17.59, 1.18, 47.14, 56.04, -85.85, 50.42, 0, 0
2.00, 5.70, 29.15, 29.15, 1311.91, 20.00, 4.63, 18.89, 18.14, 0.12, 44.99, 57.46, -74.04, 39.23, 0, 0
2.00, 5.70, 29.16, 29.16, 1305.31, 20.00, 4.63, 18.89, 18.14, 0.00, 42.59, 62.21, -57.27, 28.86, 0, 0
2.00, 5.70, 29.22, 29.22, 1444.83, 20.00, 4.63, 20.00, 19.23, 0.00, 64.42, 69.60, -29.54, 20.94, 0, 0
2.00, 5.70, 29.26, 29.26, 1442.02, 20.00, 4.63, 20.00, 19.23, 0.00, 58.04, 78.88, 11.56, 19.09, 0, 0
2.00, 5.70, 29.27, 29.27, 1424.38, 20.00, 4.63, 20.00, 19.22, 0.00, 45.57, 89.44, 46.36, 24.74, 0, 0
2.00, 5.70, 29.33, 29.33, 1536.47, 20.00, 4.63, 20.56, 19.76, 0.00, 65.37, 0.00, 67.21, 34.30, 0, 0
2.00, 5.70, 29.42, 29.42, 1650.73, 20.00, 4.63, 21.11, 20.33, 0.00, 76.82, 0.00, 80.80, 45.23, 0, 0
2.00, 5.70, 29.50, 29.50, 1688.11, 20.00, 4.63, 21.11, 20.33, 0.00, 57.40, 0.00, 90.00, 56.56, 0, 0
2.00, 5.70, 29.61, 29.61, 1807.82, 20.00, 4.63, 21.11, 20.31, 0.00, 35.03, 0.00, 100.45, 67.87, 0, 0
2.00, 5.70, 29.64, 29.64, 1717.45, 20.00, 4.63, 20.56, 19.76, 0.00, 15.68, 0.00, 109.38, 78.85, 0, 0
2.00, 5.70, 29.61, 29.61, 1598.01, 20.00, 4.63, 19.44, 18.65, 0.00, 2.38, 0.00, 118.70, 89.23, 0, 0
2.00, 5.70, 29.54, 29.54, 1522.39, 20.00, 4.63, 18.33, 17.54, 0.00, 0.00, 0.00, 0.00, 90.00, 0, 0
2.00, 5.70, 29.39, 29.39, 1298.93, 20.00, 4.63, 17.22, 16.43, 0.00, 0.00, 0.00, 0.00, 90.00, 0, 0
2.00, 5.70, 27.00, 27.00, -971.71, 20.00, 4.63, 16.11, 15.30, 0.00, 0.00, 0.00, 0.00, 90.00, 0, 0
2.00, 5.70, 25.75, 25.75, -1641.67, 20.00, 4.63, 14.44, 13.64, 0.00, 0.00, 0.00, 0.00, 90.00, 0, 0
2.00, 5.70, 24.65, 24.65, -2311.88, 20.00, 4.63, 12.78, 11.96, 0.00, 0.00, 0.00, 0.00, 90.00, 0, 0
2.00, 5.70, 23.64, 23.64, -2985.25, 20.00, 4.63, 11.11, 10.29, 0.00, 0.00, 0.00, 0.00, 90.00, 0, 0
2.00, 5.70, 22.68, 22.68, -3663.99, 20.00, 4.63, 9.44, 8.64, 0.00, 0.00, 0.00, 0.00, 90.00, 0, 0
2.00, 5.70, 21.65, 21.65, -4541.16, 20.00, 4.63, 7.22, 6.40, 0.00, 0.00, 0.00, 0.00, 90.00, 0, 0
2.00, 5.70, 20.56, 20.56, -5439.75, 20.00, 4.63, 5.00, 4.17, 0.00, 0.00, 0.00, 0.00, 90.00, 0, 0
2.00, 5.70, 20.07, 20.07, -4903.06, 20.00, 4.63, 6.67, 5.84, 0.00, 21.38, 71.53, -113.71, 83.65, 0, 0
2.00, 5.70, 21.75, 21.75, -33.32, 20.00, 4.63, 8.89, 8.05, 175.42, 50.07, 63.70, -104.68, 72.91, 0, 0
2.00, 5.70, 22.98, 22.98, 289.81, 20.00, 4.63, 11.11, 10.27, 117.34, 80.91, 58.34, -95.72, 61.73, 0, 0
2.00, 5.70, 23.93, 23.93, 584.67, 20.00, 4.63, 12.78, 11.94, 86.88, 117.62, 56.18, -86.02, 50.37, 0, 0
2.00, 5.70, 24.66, 24.66, 809.63, 20.00, 4.63, 15.00, 14.14, 28.43, 150.24, 57.59, -74.24, 39.17, 0, 0
2.00, 5.70, 25.21, 25.21, 919.74, 20.00, 4.63, 16.67, 15.82, 0.00, 166.04, 62.32, -57.52, 28.78, 0, 0
2.00, 5.70, 25.64, 25.64, 1050.61, 20.00, 4.63, 17.78, 16.93, 0.00, 175.94, 69.69, -29.79, 20.83, 0, 0
2.00, 5.70, 26.01, 26.01, 1187.75, 20.00, 4.63, 18.89, 18.02, 0.00, 182.24, 78.95, 11.53, 18.95, 0, 0
2.00, 5.70, 25.00, 25.00, 940.32, 20.00, 4.63, 19.44, 18.56, 0.00, 169.55, 89.50, 46.49, 24.61, 0, 0
2.00, 5.70, 25.00, 25.00, 920.39, 20.00, 4.63, 19.44, 18.59, 0.00, 130.37, 0.00, 67.36, 34.18, 0, 0
2.00, 5.70, 25.00, 25.00, 1003.30, 20.00, 4.63, 19.44, 18.56, 0.00, 121.09, 0.00, 80.93, 45.12, 0, 0
2.00, 5.70, 25.00, 25.00, 1136.72, 20.00, 4.63, 18.89, 18.02, 0.00, 98.60, 0.00, 90.00, 56.45, 0, 0
2.00, 5.70, 25.00, 25.00, 1318.31, 20.00, 4.63, 17.78, 16.91, 0.00, 63.65, 0.00, 100.55, 67.76, 0, 0
2.00, 5.70, 25.00, 25.00, 1020.95, 20.00, 4.63, 15.56, 14.71, 0.00, 21.72, 0.00, 109.47, 78.73, 0, 0
2.00, 5.70, 25.00, 25.00, 733.36, 20.00, 4.63, 14.44, 13.60, 0.00, 2.38, 0.00, 118.78, 89.11, 0, 0
2.00, 5.70, 25.00, 25.00, 609.63, 20.00, 4.63, 12.78, 11.92, 0.00, 0.00, 0.00, 0.00, 90.00, 0, 0
2.00, 5.70, 25.12, 25.12, 449.42, 20.00, 4.63, 11.67, 10.81, 0.00, 0.00, 0.00, 0.00, 90.00, 0, 0
2.00, 5.70, 23.22, 23.22, -3329.56, 20.00, 4.63, 10.00, 9.14, 0.00, 0.00, 0.00, 0.00, 90.00, 0, 0
2.00, 5.70, 21.72, 21.72, -4090.83, 20.00, 4.63, 8.33, 7.49, 0.00, 0.00, 0.00, 0.00, 90.00, 0, 0
2.00, 5.70, 20.62, 20.62, -4448.98, 20.00, 4.63, 7.78, 6.92, 0.00, 0.00, 0.00, 0.00, 90.00, 0, 0
2.00, 5.70, 19.76, 19.76, -4776.86, 20.00, 4.63, 7.22, 6.36, 0.00, 0.00, 0.00, 0.00, 90.00, 0, 0
2.00, 5.70, 19.05, 19.05, -5085.66, 20.00, 4.63, 6.67, 5.82, 0.00, 0.00, 0.00, 0.00, 90.00, 0, 0
2.00, 5.70, 18.43, 18.43, -5382.64, 20.00, 4.63, 6.11, 5.25, 0.00, 0.00, 0.00, 0.00, 90.00, 0, 0
2.00, 5.70, 17.86, 17.86, -5672.11, 20.00, 4.63, 5.56, 4.69, 0.00, 0.00, 0.00, 0.00, 90.00, 0, 0
2.00, 5.70, 17.65, 17.65, -5235.20, 20.00, 4.63, 6.67, 5.82, 0.00, 14.26, 71.66, -113.84, 83.58, 0, 0
2.00, 5.70, 19.18, 19.18, -424.22, 20.00, 4.63, 8.89, 8.03, 134.85, 45.25, 63.83, -104.82, 72.86, 0, 0
2.00, 5.70, 20.39, 20.39, -2.87, 20.00, 4.63, 11.11, 10.25, 130.84, 83.94, 58.48, -95.86, 61.68, 0, 0
2.00, 5.70, 21.36, 21.36, 370.46, 20.00, 4.63, 13.89, 13.01, 99.55, 125.51, 56.31, -86.19, 50.32, 0, 0
2.00, 5.70, 22.13, 22.13, 600.18, 20.00, 4.63, 16.11, 15.23, 31.26, 159.30, 57.71, -74.45, 39.12, 0, 0
2.00, 5.70, 22.71, 22.71, 720.80, 20.00, 4.63, 17.78, 16.91, 0.00, 178.84, 62.42, -57.77, 28.71, 0, 0
2.00, 5.70, 23.21, 23.21, 900.22, 20.00, 4.63, 19.44, 18.56, 0.00, 192.25, 69.78, -30.04, 20.72, 0, 0
2.00, 5.70, 23.65, 23.65, 1087.45, 20.00, 4.63, 21.11, 20.22, 0.00, 204.57, 79.02, 11.49, 18.81, 0, 0
2.00, 5.70, 23.97, 23.97, 1098.72, 20.00, 4.63, 21.67, 20.76, 0.00, 181.01, 89.55, 46.62, 24.48, 0, 0
2.00, 5.70, 24.21, 24.21, 1117.87, 20.00, 4.63, 21.67, 20.76, 0.00, 151.34, 0.00, 67.50, 34.07, 0, 0
2.00, 5.70, 24.43, 24.43, 1199.97, 20.00, 4.63, 21.67, 20.76, 0.00, 129.52, 0.00, 81.05, 45.01, 0, 0
2.00, 5.70, 24.64, 24.64, 1264.05, 20.00, 4.63, 20.56, 19.65, 0.00, 96.60, 0.00, 90.00, 56.35, 0, 0
2.00, 5.70, 24.87, 24.87, 1427.94, 20.00, 4.63, 19.44, 18.56, 0.00, 61.94, 0.00, 100.64, 67.65, 0, 0
2.00, 5.70, 24.94, 24.94, 1209.97, 20.00, 4.63, 17.78, 16.88, 0.00, 22.88, 0.00, 109.55, 78.62, 0, 0
2.00, 5.70, 24.85, 24.85, 891.32, 20.00, 4.63, 16.11, 15.23, 0.00, 3.96, 0.00, 118.85, 88.99, 0, 0
2.00, 5.70, 24.75, 24.75, 792.57, 20.00, 4.63, 15.00, 14.12, 0.00, 0.00, 0.00, 0.00, 90.00, 0, 0
2.00, 5.70, 24.56, 24.56, 509.80, 20.00, 4.63, 13.33, 12.44, 0.00, 0.00, 0.00, 0.00, 90.00, 0, 0
2.00, 5.70, 22.83, 22.83, -2628.44, 20.00, 4.63, 12.22, 11.33, 0.00, 0.00, 0.00, 0.00, 90.00, 0, 0
2.00, 5.70, 21.45, 21.45, -3372.39, 20.00, 4.63, 10.56, 9.66, 0.00, 0.00, 0.00, 0.00, 90.00, 0, 0
2.00, 5.70, 20.36, 20.36, -3906.70, 20.00, 4.63, 9.44, 8.55, 0.00, 0.00, 0.00, 0.00, 90.00, 0, 0
2.00, 5.70, 19.44, 19.44, -4420.85, 20.00, 4.63, 8.33, 7.45, 0.00, 0.00, 0.00, 0.00, 90.00, 0, 0
2.00, 5.70, 18.62, 18.62, -4924.10, 20.00, 4.63, 7.22, 6.34, 0.00, 0.00, 0.00, 0.00, 90.00, 0, 0
2.00, 5.70, 17.85, 17.85, -5422.17, 20.00, 4.63, 6.11, 5.23, 0.00, 0.00, 0.00, 0.00, 90.00, 0, 0
2.00, 5.70, 17.04, 17.04, -6113.42, 20.00, 4.63, 4.44, 3.56, 0.00, 0.00, 0.00, 0.00, 90.00, 0, 0
2.00, 5.70, 16.76, 16.76, -5493.40, 20.00, 4.63, 6.11, 5.23, 0.00, 17.42, 71.78, -113.96, 83.53, 0, 0
2.00, 5.70, 18.21, 18.21, -546.68, 20.00, 4.63, 8.33, 7.45, 134.86, 45.90, 63.96, -104.95, 72.81, 0, 0
2.00, 5.70, 19.41, 19.41, -4.65, 20.00, 4.63, 11.11, 10.20, 169.94, 96.92, 58.61, -96.01, 61.64, 0, 0
2.00, 5.70, 20.38, 20.38, 341.17, 20.00, 4.63, 13.89, 12.99, 114.53, 138.03, 56.44, -86.36, 50.28, 0, 0
2.00, 5.70, 21.11, 21.11, 499.83, 20.00, 4.63, 16.11, 15.18, 29.89, 157.35, 57.83, -74.64, 39.07, 0, 0
2.00, 5.70, 21.67, 21.67, 622.67, 20.00, 4.63, 17.78, 16.86, 0.00, 180.22, 62.52, -58.01, 28.64, 0, 0
2.00, 5.70, 22.16, 22.16, 803.50, 20.00, 4.63, 19.44, 18.51, 0.00, 201.65, 69.86, -30.28, 20.62, 0, 0
2.00, 5.70, 22.57, 22.57, 944.48, 20.00, 4.63, 20.56, 19.62, 0.00, 199.28, 79.08, 11.44, 18.68, 0, 0
2.00, 5.70, 22.92, 22.92, 1033.74, 20.00, 4.63, 21.11, 20.19, 0.00, 185.47, 89.60, 46.73, 24.35, 0, 0
2.00, 5.70, 23.22, 23.22, 1130.09, 20.00, 4.63, 21.67, 20.73, 0.00, 162.38, 0.00, 67.63, 33.95, 0, 0
2.00, 5.70, 23.49, 23.49, 1218.98, 20.00, 4.63, 21.11, 20.16, 0.00, 134.39, 0.00, 81.17, 44.91, 0, 0
2.00, 5.70, 23.77, 23.77, 1361.53, 20.00, 4.63, 20.56, 19.62, 0.00, 105.64, 0.00, 90.00, 56.25, 0, 0
2.00, 5.70, 23.97, 23.97, 1351.45, 20.00, 4.63, 18.89, 17.97, 0.00, 54.56, 0.00, 100.73, 67.54, 0, 0
2.00, 5.70, 24.07, 24.07, 1220.47, 20.00, 4.63, 17.22, 16.29, 0.00, 25.09, 0.00, 109.63, 78.51, 0, 0
2.00, 5.70, 23.99, 23.99, 886.57, 20.00, 4.63, 15.56, 14.64, 0.00, 5.54, 0.00, 118.92, 88.87, 0, 0
2.00, 5.70, 23.89, 23.89, 742.86, 20.00, 4.63, 13.89, 12.96, 0.00, 0.00, 0.00, 0.00, 90.00, 0, 0
2.00, 5.70, 23.67, 23.67, 419.48, 20.00, 4.63, 12.22, 11.28, 0.00, 0.00, 0.00, 0.00, 90.00, 0, 0
2.00, 5.70, 21.81, 21.81, -3243.44, 20.00, 4.63, 10.56, 9.64, 0.00, 0.00, 0.00, 0.00, 90.00, 0, 0
2.00, 5.70, 20.33, 20.33, -4023.35, 20.00, 4.63, 8.89, 7.96, 0.00, 0.00, 0.00, 0.00, 90.00, 0, 0
2.00, 5.70, 19.09, 19.09, -4772.90, 20.00, 4.63, 7.22, 6.32, 0.00, 0.00, 0.00, 0.00, 90.00, 0, 0
2.00, 5.70, 18.07, 18.07, -5315.08, 20.00, 4.63, 6.11, 5.19, 0.00, 0.00, 0.00, 0.00, 90.00, 0, 0
2.00, 5.70, 17.09, 17.09, -6035.28, 20.00, 4.63, 4.44, 3.52, 0.00, 0.00, 0.00, 0.00, 90.00, 0, 0
2.00, 5.70, 16.13, 16.13, -6758.28, 20.00, 4.63, 2.78, 1.87, 0.00, 0.00, 0.00, 0.00, 90.00, 0, 0
2.00, 5.70, 15.18, 15.18, -7487.24, 20.00, 4.63, 1.11, 0.20, 0.00, 0.00, 0.00, 0.00, 90.00, 0, 0
2.00, 5.70, 14.78, 14.78, -6930.26, 20.00, 4.63, 2.78, 1.87, 0.00, 21.38, 71.90, -114.08, 83.48, 0, 0
2.00, 5.70, 16.31, 16.31, -1102.09, 20.00, 4.63, 4.44, 3.52, 111.38, 43.76, 64.09, -105.07, 72.77, 0, 0
2.00, 5.70, 17.47, 17.47, -728.94, 20.00, 4.63, 6.11, 5.21, 111.43, 81.02, 58.74, -96.14, 61.60, 0, 0
2.00, 5.70, 18.41, 18.41, -382.66, 20.00, 4.63, 8.33, 7.42, 90.41, 123.68, 56.57, -86.51, 50.24, 0, 0
2.00, 5.70, 19.16, 19.16, -119.29, 20.00, 4.63, 10.56, 9.64, 34.48, 168.66, 57.94, -74.83, 39.02, 0, 0
2.00, 5.70, 19.73, 19.73, -2.07, 20.00, 4.63, 12.22, 11.31, 0.00, 201.59, 62.61, -58.24, 28.58, 0, 0
2.00, 5.70, 20.20, 20.20, 159.40, 20.00, 4.63, 13.89, 12.96, 0.00, 216.21, 69.93, -30.52, 20.52, 0, 0
2.00, 5.70, 20.61, 20.61, 297.50, 20.00, 4.63, 15.00, 14.07, 0.00, 218.38, 79.14, 11.39, 18.55, 0, 0
2.00, 5.70, 20.96, 20.96, 423.13, 20.00, 4.63, 15.56, 14.64, 0.00, 213.30, 89.64, 46.83, 24.23, 0, 0
2.00, 5.70, 21.28, 21.28, 557.49, 20.00, 4.63, 16.11, 15.18, 0.00, 190.83, 0.00, 67.75, 33.85, 0, 0
2.00, 5.70, 21.58, 21.58, 689.71, 20.00, 4.63, 15.56, 14.64, 0.00, 156.97, 0.00, 81.28, 44.80, 0, 0
2.00, 5.70, 21.90, 21.90, 891.19, 20.00, 4.63, 15.00, 14.09, 0.00, 122.62, 0.00, 90.00, 56.14, 0, 0
2.00, 5.70, 22.21, 22.21, 1027.74, 20.00, 4.63, 13.89, 12.99, 0.00, 71.52, 0.00, 100.81, 67.44, 0, 0
2.00, 5.70, 22.31, 22.31, 754.88, 20.00, 4.63, 11.67, 10.79, 0.00, 26.77, 0.00, 109.70, 78.40, 0, 0
2.00, 5.70, 22.19, 22.19, 333.06, 20.00, 4.63, 10.56, 9.68, 0.00, 4.75, 0.00, 118.98, 88.76, 0, 0
2.00, 5.70, 22.06, 22.06, 205.21, 20.00, 4.63, 10.00, 9.14, 0.00, 0.00, 0.00, 0.00, 90.00, 0, 0
2.00, 5.70, 21.87, 21.87, -37.96, 20.00, 4.63, 9.44, 8.57, 0.00, 0.00, 0.00, 0.00, 90.00, 0, 0
2.00, 5.70, 19.95, 19.95, -4306.84, 20.00, 4.63, 8.33, 7.49, 0.00, 0.00, 0.00, 0.00, 90.00, 0, 0
2.00, 5.70, 18.53, 18.53, -4911.34, 20.00, 4.63, 7.22, 6.38, 0.00, 0.00, 0.00, 0.00, 90.00, 0, 0
2.00, 5.70, 17.66, 17.66, -4896.35, 20.00, 4.63, 7.78, 6.90, 0.00, 0.00, 0.00, 0.00, 90.00, 0, 0
2.00, 5.70, 17.12, 17.12, -4829.75, 20.00, 4.63, 8.33, 7.47, 0.00, 0.00, 0.00, 0.00, 90.00, 0, 0
2.00, 5.70, 16.72, 16.72, -4919.50, 20.00, 4.63, 8.33, 7.47, 0.00, 0.00, 0.00, 0.00, 90.00, 0, 0
2.00, 5.70, 16.49, 16.49, -4804.40, 20.00, 4.63, 8.89, 8.03, 0.00, 0.00, 0.00, 0.00, 90.00, 0, 0
2.00, 5.70, 16.36, 16.36, -4671.71, 20.00, 4.63, 9.44, 8.60, 0.00, 0.00, 0.00, 0.00, 90.00, 0, 0
2.00, 5.70, 16.42, 16.42, -4295.87, 20.00, 4.63, 10.56, 9.73, 0.00, 7.92, 72.01, -114.19, 83.43, 0, 0
2.00, 5.70, 17.31, 17.31, -911.54, 20.00, 4.63, 12.22, 11.40, 5.66, 21.70, 64.21, -105.19, 72.73, 0, 0
2.00, 5.70, 17.92, 17.92, -840.64, 20.00, 4.63, 12.22, 11.40, 1.12, 20.40, 58.86, -96.28, 61.56, 0, 0
2.00, 5.70, 18.37, 18.37, -738.09, 20.00, 4.63, 12.78, 11.96, 0.00, 28.51, 56.68, -86.66, 50.21, 0, 0
2.00, 5.70, 18.77, 18.77, -550.36, 20.00, 4.63, 13.89, 13.08, 0.90, 56.57, 58.04, -75.01, 38.99, 0, 0
2.00, 5.70, 19.07, 19.07, -483.97, 20.00, 4.63, 14.44, 13.62, 0.00, 54.56, 62.70, -58.47, 28.52, 0, 0
2.00, 5.70, 19.27, 19.27, -509.27, 20.00, 4.63, 14.44, 13.62, 0.00, 36.06, 70.00, -30.76, 20.43, 0, 0
2.00, 5.70, 19.46, 19.46, -400.86, 20.00, 4.63, 15.00, 14.17, 0.00, 57.08, 79.19, 11.32, 18.43, 0, 0
2.00, 5.70, 19.66, 19.66, -288.35, 20.00, 4.63, 15.56, 14.73, 0.00, 66.83, 89.68, 46.92, 24.12, 0, 0
2.00, 5.70, 19.83, 19.83, -224.90, 20.00, 4.63, 16.11, 15.28, 0.00, 67.40, 0.00, 67.86, 33.74, 0, 0
2.00, 5.70, 19.95, 19.95, -225.52, 20.00, 4.63, 16.11, 15.28, 0.00, 56.67, 0.00, 81.38, 44.71, 0, 0
2.00, 5.70, 20.07, 20.07, -184.04, 20.00, 4.63, 16.11, 15.28, 0.00, 39.04, 0.00, 90.00, 56.05, 0, 0
2.00, 5.70, 20.21, 20.21, -73.97, 20.00, 4.63, 15.56, 14.73, 0.00, 15.76, 0.00, 100.89, 67.34, 0, 0
2.00, 5.70, 20.30, 20.30, -105.82, 20.00, 4.63, 15.00, 14.19, 0.00, 7.92, 0.00, 109.77, 78.30, 0, 0
2.00, 5.70, 20.35, 20.35, -143.49, 20.00, 4.63, 14.44, 13.62, 0.00, 1.58, 0.00, 119.04, 88.65, 0, 0
2.00, 5.70, 20.36, 20.36, -206.10, 20.00, 4.63, 13.33, 12.51, 0.00, 0.00, 0.00, 0.00, 90.00, 0, 0
2.00, 5.70, 20.29, 20.29, -391.04, 20.00, 4.63, 12.78, 11.96, 0.00, 0.00, 0.00, 0.00, 90.00, 0, 0
2.00, 5.70, 19.08, 19.08, -3619.81, 20.00, 4.63, 11.67, 10.86, 0.00, 0.00, 0.00, 0.00, 90.00, 0, 0
2.00, 5.70, 18.21, 18.21, -3944.71, 20.00, 4.63, 11.11, 10.29, 0.00, 0.00, 0.00, 0.00, 90.00, 0, 0
2.00, 5.70, 17.46, 17.46, -4424.59, 20.00, 4.63, 10.00, 9.18, 0.00, 0.00, 0.00, 0.00, 90.00, 0, 0
2.00, 5.70, 16.86, 16.86, -4706.37, 20.00, 4.63, 9.44, 8.62, 0.00, 0.00, 0.00, 0.00, 90.00, 0, 0
2.00, 5.70, 16.27, 16.27, -5164.09, 20.00, 4.63, 8.33, 7.51, 0.00, 0.00, 0.00, 0.00, 90.00, 0, 0
2.00, 5.70, 15.67, 15.67, -5623.84, 20.00, 4.63, 7.22, 6.40, 0.00, 0.00, 0.00, 0.00, 90.00, 0, 0
2.00, 5.70, 15.16, 15.16, -5894.35, 20.00, 4.63, 6.67, 5.86, 0.00, 0.00, 0.00, 0.00, 90.00, 0, 0
2.00, 5.70, 14.98, 14.98, -5521.92, 20.00, 4.63, 7.78, 6.96, 0.00, 12.67, 72.12, -114.30, 83.39, 0, 0
2.00, 5.70, 15.82, 15.82, -1491.12, 20.00, 4.63, 7.78, 6.96, 4.91, 11.46, 64.32, -105.31, 72.69, 0, 0
2.00, 5.70, 16.44, 16.44, -1309.71, 20.00, 4.63, 8.89, 8.07, 2.77, 30.41, 58.97, -96.40, 61.53, 0, 0
2.00, 5.70, 16.97, 16.97, -1070.73, 20.00, 4.63, 10.00, 9.18, 11.87, 63.86, 56.79, -86.81, 50.18, 0, 0
2.00, 5.70, 17.54, 17.54, -619.49, 20.00, 4.63, 12.78, 11.96, 20.81, 140.84, 58.14, -75.19, 38.95, 0, 0
2.00, 5.70, 17.99, 17.99, -510.44, 20.00, 4.63, 14.44, 13.62, 0.00, 137.86, 62.78, -58.68, 28.48, 0, 0
2.00, 5.70, 18.36, 18.36, -382.56, 20.00, 4.63, 15.56, 14.73, 0.00, 139.41, 70.06, -31.00, 20.35, 0, 0
2.00, 5.70, 18.71, 18.71, -192.05, 20.00, 4.63, 17.22, 16.39, 0.00, 163.32, 79.24, 11.25, 18.32, 0, 0
2.00, 5.70, 18.98, 18.98, -153.11, 20.00, 4.63, 17.78, 16.93, 0.00, 119.98, 89.72, 47.00, 24.01, 0, 0
2.00, 5.70, 19.10, 19.10, -309.75, 20.00, 4.63, 16.67, 15.82, 0.00, 61.30, 0.00, 67.97, 33.64, 0, 0
2.00, 5.70, 19.19, 19.19, -335.18, 20.00, 4.63, 16.11, 15.28, 0.00, 55.38, 0.00, 81.47, 44.61, 0, 0
2.00, 5.70, 19.23, 19.23, -388.41, 20.00, 4.63, 15.56, 14.71, 0.00, 21.50, 0.00, 90.00, 55.95, 0, 0
2.00, 5.70, 19.33, 19.33, -270.16, 20.00, 4.63, 14.44, 13.60, 0.00, 15.05, 0.00, 100.96, 67.24, 0, 0
2.00, 5.70, 19.39, 19.39, -304.33, 20.00, 4.63, 13.33, 12.51, 0.00, 12.47, 0.00, 109.82, 78.20, 0, 0
2.00, 5.70, 19.42, 19.42, -367.66, 20.00, 4.63, 12.78, 11.94, 0.00, 2.38, 0.00, 119.09, 88.55, 0, 0
2.00, 5.70, 19.40, 19.40, -441.56, 20.00, 4.63, 11.67, 10.84, 0.00, 0.00, 0.00, 0.00, 90.00, 0, 0
2.00, 5.70, 19.31, 19.31, -633.27, 20.00, 4.63, 11.11, 10.27, 0.00, 0.00, 0.00, 0.00, 90.00, 0, 0
2.00, 5.70, 18.08, 18.08, -4146.73, 20.00, 4.63, 10.56, 9.73, 0.00, 0.00, 0.00, 0.00, 90.00, 0, 0
2.00, 5.70, 17.11, 17.11, -4663.86, 20.00, 4.63, 9.44, 8.62, 0.00, 0.00, 0.00, 0.00, 90.00, 0, 0
2.00, 5.70, 16.38, 16.38, -4968.59, 20.00, 4.63, 8.89, 8.05, 0.00, 0.00, 0.00, 0.00, 90.00, 0, 0
2.00, 5.70, 15.79, 15.79, -5251.60, 20.00, 4.63, 8.33, 7.49, 0.00, 0.00, 0.00, 0.00, 90.00, 0, 0
2.00, 5.70, 15.20, 15.20, -5712.60, 20.00, 4.63, 7.22, 6.38, 0.00, 0.00, 0.00, 0.00, 90.00, 0, 0
2.00, 5.70, 14.69, 14.69, -5983.56, 20.00, 4.63, 6.67, 5.82, 0.00, 0.00, 0.00, 0.00, 90.00, 0, 0
2.00, 5.70, 14.15, 14.15, -6440.93, 20.00, 4.63, 5.56, 4.73, 0.00, 0.00, 0.00, 0.00, 90.00, 0, 0
2.00, 5.70, 13.94, 13.94, -6084.11, 20.00, 4.63, 6.67, 5.84, 0.00, 7.92, 72.23, -114.40, 83.35, 0, 0
2.00, 5.70, 14.87, 14.87, -1570.56, 20.00, 4.63, 8.33, 7.49, 21.54, 27.44, 64.43, -105.42, 72.66, 0, 0
2.00, 5.70, 15.69, 15.69, -1118.95, 20.00, 4.63, 10.56, 9.71, 79.58, 73.99, 59.08, -96.53, 61.51, 0, 0
2.00, 5.70, 16.30, 16.30, -980.99, 20.00, 4.63, 12.22, 11.38, 27.75, 81.81, 56.89, -86.95, 50.15, 0, 0
2.00, 5.70, 16.79, 16.79, -832.68, 20.00, 4.63, 13.33, 12.49, 7.01, 96.90, 58.23, -75.36, 38.92, 0, 0
2.00, 5.70, 17.18, 17.18, -706.73, 20.00, 4.63, 14.44, 13.58, 0.00, 105.63, 62.85, -58.90, 28.43, 0, 0
2.00, 5.70, 17.52, 17.52, -583.88, 20.00, 4.63, 15.56, 14.69, 0.00, 109.96, 70.11, -31.23, 20.28, 0, 0
2.00, 5.70, 17.80, 17.80, -493.56, 20.00, 4.63, 16.11, 15.23, 0.00, 111.42, 79.28, 11.17, 18.21, 0, 0
2.00, 5.70, 18.00, 18.00, -500.08, 20.00, 4.63, 16.11, 15.23, 0.00, 80.27, 89.75, 47.07, 23.90, 0, 0
2.00, 5.70, 18.17, 18.17, -468.85, 20.00, 4.63, 16.11, 15.23, 0.00, 77.77, 0.00, 68.06, 33.54, 0, 0
2.00, 5.70, 18.34, 18.34, -377.91, 20.00, 4.63, 16.11, 15.23, 0.00, 86.79, 0.00, 81.55, 44.52, 0, 0
2.00, 5.70, 18.47, 18.47, -384.72, 20.00, 4.63, 15.56, 14.69, 0.00, 54.99, 0.00, 90.00, 55.86, 0, 0
2.00, 5.70, 18.61, 18.61, -305.16, 20.00, 4.63, 14.44, 13.58, 0.00, 31.69, 0.00, 101.02, 67.15, 0, 0
2.00, 5.70, 18.67, 18.67, -399.65, 20.00, 4.63, 13.33, 12.47, 0.00, 14.09, 0.00, 109.88, 78.10, 0, 0
2.00, 5.70, 18.68, 18.68, -496.94, 20.00, 4.63, 12.22, 11.36, 0.00, 2.38, 0.00, 119.13, 88.45, 0, 0
2.00, 5.70, 18.65, 18.65, -577.37, 20.00, 4.63, 11.11, 10.23, 0.00, 0.00, 0.00, 0.00, 90.00, 0, 0
2.00, 5.70, 18.54, 18.54, -799.37, 20.00, 4.63, 10.00, 9.12, 0.00, 0.00, 0.00, 0.00, 90.00, 0, 0
2.00, 5.70, 17.09, 17.09, -5007.14, 20.00, 4.63, 8.33, 7.47, 0.00, 0.00, 0.00, 0.00, 90.00, 0, 0
2.00, 5.70, 15.89, 15.89, -5744.11, 20.00, 4.63, 6.67, 5.80, 0.00, 0.00, 0.00, 0.00, 90.00, 0, 0
2.00, 5.70, 15.00, 15.00, -6076.83, 20.00, 4.63, 6.11, 5.23, 0.00, 0.00, 0.00, 0.00, 90.00, 0, 0
2.00, 5.70, 14.22, 14.22, -6575.82, 20.00, 4.63, 5.00, 4.13, 0.00, 0.00, 0.00, 0.00, 90.00, 0, 0
2.00, 5.70, 13.50, 13.50, -7068.41, 20.00, 4.63, 3.89, 3.00, 0.00, 0.00, 0.00, 0.00, 90.00, 0, 0
2.00, 5.70, 12.81, 12.81, -7558.68, 20.00, 4.63, 2.78, 1.90, 0.00, 0.00, 0.00, 0.00, 90.00, 0, 0
2.00, 5.70, 12.04, 12.04, -8248.74, 20.00, 4.63, 1.11, 0.25, 0.00, 0.00, 0.00, 0.00, 90.00, 0, 0
2.00, 5.70, 11.79, 11.79, -7668.02, 20.00, 4.63, 2.78, 1.90, 0.00, 19.01, 72.33, -114.50, 83.32, 0, 0
2.00, 5.70, 13.06, 13.06, -1765.24, 20.00, 4.63, 4.44, 3.56, 159.94, 50.21, 64.53, -105.52, 72.64, 0, 0
2.00, 5.70, 14.08, 14.08, -1381.52, 20.00, 4.63, 6.67, 5.78, 136.88, 89.83, 59.19, -96.64, 61.49, 0, 0
2.00, 5.70, 14.89, 14.89, -1109.45, 20.00, 4.63, 8.33, 7.45, 93.66, 127.24, 56.99, -87.08, 50.13, 0, 0
2.00, 5.70, 15.51, 15.51, -942.38, 20.00, 4.63, 10.00, 9.12, 27.32, 155.34, 58.31, -75.52, 38.90, 0, 0
2.00, 5.70, 15.97, 15.97, -875.88, 20.00, 4.63, 11.11, 10.23, 0.00, 162.40, 62.92, -59.10, 28.40, 0, 0
2.00, 5.70, 16.37, 16.37, -725.39, 20.00, 4.63, 12.22, 11.33, 0.00, 184.83, 70.16, -31.46, 20.21, 0, 0
2.00, 5.70, 16.72, 16.72, -590.68, 20.00, 4.63, 13.33, 12.42, 0.00, 190.90, 79.31, 11.08, 18.11, 0, 0
2.00, 5.70, 17.04, 17.04, -465.95, 20.00, 4.63, 13.89, 12.99, 0.00, 186.55, 89.77, 47.13, 23.80, 0, 0
2.00, 5.70, 17.32, 17.32, -369.93, 20.00, 4.63, 13.89, 12.99, 0.00, 170.95, 0.00, 68.14, 33.45, 0, 0
2.00, 5.70, 17.60, 17.60, -228.25, 20.00, 4.63, 13.89, 12.99, 0.00, 145.57, 0.00, 81.63, 44.43, 0, 0
2.00, 5.70, 17.88, 17.88, -77.33, 20.00, 4.63, 13.33, 12.42, 0.00, 111.19, 0.00, 90.00, 55.77, 0, 0
2.00, 5.70, 18.09, 18.09, -87.49, 20.00, 4.63, 11.67, 10.77, 0.00, 56.41, 0.00, 101.07, 67.06, 0, 0
2.00, 5.70, 18.10, 18.10, -409.73, 20.00, 4.63, 10.00, 9.12, 0.00, 15.92, 0.00, 109.92, 78.01, 0, 0
2.00, 5.70, 18.02, 18.02, -613.03, 20.00, 4.63, 8.89, 8.01, 0.00, 2.38, 0.00, 119.17, 88.35, 0, 0
2.00, 5.70, 17.92, 17.92, -734.26, 20.00, 4.63, 7.78, 6.88, 0.00, 0.00, 0.00, 0.00, 90.00, 0, 0
2.00, 5.70, 17.75, 17.75, -986.18, 20.00, 4.63, 6.67, 5.78, 0.00, 0.00, 0.00, 0.00, 90.00, 0, 0
2.00, 5.70, 16.00, 16.00, -6005.84, 20.00, 4.63, 5.56, 4.67, 0.00, 0.00, 0.00, 0.00, 90.00, 0, 0
2.00, 5.70, 14.61, 14.61, -6790.07, 20.00, 4.63, 3.89, 3.00, 0.00, 0.00, 0.00, 0.00, 90.00, 0, 0
2.00, 5.70, 13.68, 13.68, -6957.40, 20.00, 4.63, 3.89, 3.00, 0.00, 0.00, 0.00, 0.00, 90.00, 0, 0
2.00, 5.70, 13.03, 13.03, -7082.23, 20.00, 4.63, 3.89, 3.00, 0.00, 0.00, 0.00, 0.00, 90.00, 0, 0
2.00, 5.70, 12.55, 12.55, -7179.86, 20.00, 4.63, 3.89, 3.00, 0.00, 0.00, 0.00, 0.00, 90.00, 0, 0
2.00, 5.70, 12.10, 12.10, -7455.68, 20.00, 4.63, 3.33, 2.46, 0.00, 0.00, 0.00, 0.00, 90.00, 0, 0
2.00, 5.70, 11.76, 11.76, -7531.26, 20.00, 4.63, 3.33, 2.46, 0.00, 0.00, 0.00, 0.00, 90.00, 0, 0
2.00, 5.70, 11.70, 11.70, -7082.54, 20.00, 4.63, 4.44, 3.56, 0.00, 7.92, 72.42, -114.60, 83.30, 0, 0
2.00, 5.70, 12.76, 12.76, -1904.28, 20.00, 4.63, 6.11, 5.23, 26.01, 29.40, 64.63, -105.62, 72.62, 0, 0
2.00, 5.70, 13.59, 13.59, -1625.63, 20.00, 4.63, 7.78, 6.90, 26.90, 55.39, 59.28, -96.75, 61.47, 0, 0
2.00, 5.70, 14.24, 14.24, -1416.98, 20.00, 4.63, 9.44, 8.55, 15.35, 71.15, 57.08, -87.21, 50.12, 0, 0
2.00, 5.70, 14.85, 14.85, -1059.32, 20.00, 4.63, 11.67, 10.77, 16.44, 126.50, 58.38, -75.67, 38.88, 0, 0
2.00, 5.70, 15.38, 15.38, -849.49, 20.00, 4.63, 13.89, 12.99, 0.00, 151.44, 62.98, -59.30, 28.36, 0, 0
2.00, 5.70, 15.82, 15.82, -712.22, 20.00, 4.63, 15.00, 14.09, 0.00, 149.25, 70.21, -31.68, 20.15, 0, 0
2.00, 5.70, 16.20, 16.20, -560.42, 20.00, 4.63, 16.11, 15.20, 0.00, 158.79, 79.34, 10.99, 18.02, 0, 0
2.00, 5.70, 16.50, 16.50, -523.58, 20.00, 4.63, 16.67, 15.77, 0.00, 124.51, 89.79, 47.17, 23.70, 0, 0
2.00, 5.70, 16.79, 16.79, -409.56, 20.00, 4.63, 17.22, 16.31, 0.00, 127.01, 0.00, 68.21, 33.36, 0, 0
2.00, 5.70, 17.07, 17.07, -266.24, 20.00, 4.63, 17.22, 16.31, 0.00, 122.62, 0.00, 81.69, 44.34, 0, 0
2.00, 5.70, 17.36, 17.36, -100.73, 20.00, 4.63, 16.67, 15.77, 0.00, 98.14, 0.00, 90.00, 55.68, 0, 0
2.00, 5.70, 17.67, 17.67, 52.52, 20.00, 4.63, 16.11, 15.23, 0.00, 57.09, 0.00, 101.12, 66.97, 0, 0
2.00, 5.70, 17.79, 17.79, -163.23, 20.00, 4.63, 14.44, 13.58, 0.00, 21.06, 0.00, 109.97, 77.92, 0, 0
2.00, 5.70, 17.78, 17.78, -395.23, 20.00, 4.63, 13.33, 12.47, 0.00, 3.96, 0.00, 119.20, 88.26, 0, 0
2.00, 5.70, 17.75, 17.75, -497.43, 20.00, 4.63, 12.22, 11.36, 0.00, 0.00, 0.00, 0.00, 90.00, 0, 0
2.00, 5.70, 17.62, 17.62, -753.76, 20.00, 4.63, 11.67, 10.79, 0.00, 0.00, 0.00, 0.00, 90.00, 0, 0
2.00, 5.70, 16.57, 16.57, -4280.48, 20.00, 4.63, 10.56, 9.68, 0.00, 0.00, 0.00, 0.00, 90.00, 0, 0
2.00, 5.70, 15.71, 15.71, -4792.00, 20.00, 4.63, 9.44, 8.57, 0.00, 0.00, 0.00, 0.00, 90.00, 0, 0
2.00, 5.70, 15.06, 15.06, -5093.73, 20.00, 4.63, 8.89, 8.01, 0.00, 0.00, 0.00, 0.00, 90.00, 0, 0
2.00, 5.70, 14.45, 14.45, -5565.56, 20.00, 4.63, 7.78, 6.90, 0.00, 0.00, 0.00, 0.00, 90.00, 0, 0
2.00, 5.70, 13.93, 13.93, -5843.50, 20.00, 4.63, 7.22, 6.36, 0.00, 0.00, 0.00, 0.00, 90.00, 0, 0
2.00, 5.70, 13.48, 13.48, -6112.17, 20.00, 4.63, 6.67, 5.80, 0.00, 0.00, 0.00, 0.00, 90.00, 0, 0
2.00, 5.70, 12.98, 12.98, -6568.54, 20.00, 4.63, 5.56, 4.69, 0.00, 0.00, 0.00, 0.00, 90.00, 0, 0
2.00, 5.70, 12.76, 12.76, -6337.48, 20.00, 4.63, 6.11, 5.25, 0.00, 5.54, 72.51, -114.69, 83.28, 0, 0
2.00, 5.70, 13.59, 13.59, -1693.81, 20.00, 4.63, 7.78, 6.92, 14.95, 24.02, 64.72, -105.72, 72.61, 0, 0
2.00, 5.70, 14.25, 14.25, -1455.41, 20.00, 4.63, 9.44, 8.60, 15.47, 47.11, 59.37, -96.86, 61.46, 0, 0
2.00, 5.70, 14.76, 14.76, -1299.57, 20.00, 4.63, 10.56, 9.71, 6.23, 60.25, 57.16, -87.33, 50.11, 0, 0
2.00, 5.70, 15.21, 15.21, -1095.90, 20.00, 4.63, 12.22, 11.36, 3.52, 81.16, 58.45, -75.82, 38.87, 0, 0
2.00, 5.70, 15.60, 15.60, -934.17, 20.00, 4.63, 13.33, 12.47, 0.00, 100.97, 63.03, -59.48, 28.34, 0, 0
2.00, 5.70, 15.99, 15.99, -714.31, 20.00, 4.63, 15.00, 14.12, 0.00, 137.19, 70.25, -31.90, 20.10, 0, 0
2.00, 5.70, 16.37, 16.37, -492.73, 20.00, 4.63, 16.67, 15.80, 0.00, 171.08, 79.37, 10.89, 17.93, 0, 0
2.00, 5.70, 16.73, 16.73, -344.33, 20.00, 4.63, 17.78, 16.91, 0.00, 171.64, 89.80, 47.21, 23.61, 0, 0
2.00, 5.70, 17.03, 17.03, -252.00, 20.00, 4.63, 18.33, 17.45, 0.00, 144.71, 0.00, 68.27, 33.27, 0, 0
2.00, 5.70, 17.24, 17.24, -287.27, 20.00, 4.63, 18.33, 17.45, 0.00, 94.16, 0.00, 81.75, 44.26, 0, 0
2.00, 5.70, 17.42, 17.42, -269.65, 20.00, 4.63, 17.78, 16.91, 0.00, 66.16, 0.00, 90.00, 55.60, 0, 0
2.00, 5.70, 17.70, 17.70, 11.61, 20.00, 4.63, 17.22, 16.34, 0.00, 52.76, 0.00, 101.16, 66.89, 0, 0
2.00, 5.70, 17.96, 17.96, 108.90, 20.00, 4.63, 16.11, 15.25, 0.00, 29.15, 0.00, 110.00, 77.84, 0, 0
2.00, 5.70, 17.98, 17.98, -266.56, 20.00, 4.63, 15.00, 14.14, 0.00, 7.13, 0.00, 119.23, 88.17, 0, 0
2.00, 5.70, 17.96, 17.96, -374.82, 20.00, 4.63, 13.89, 13.03, 0.00, 0.00, 0.00, 0.00, 90.00, 0, 0
2.00, 5.70, 17.83, 17.83, -654.36, 20.00, 4.63, 12.78, 11.92, 0.00, 0.00, 0.00, 0.00, 90.00, 0, 0
2.00, 5.70, 16.98, 16.98, -3674.81, 20.00, 4.63, 12.22, 11.36, 0.00, 0.00, 0.00, 0.00, 90.00, 0, 0
2.00, 5.70, 16.25, 16.25, -4163.39, 20.00, 4.63, 11.11, 10.25, 0.00, 0.00, 0.00, 0.00, 90.00, 0, 0
2.00, 5.70, 15.61, 15.61, -4637.16, 20.00, 4.63, 10.00, 9.14, 0.00, 0.00, 0.00, 0.00, 90.00, 0, 0
2.00, 5.70, 15.09, 15.09, -4915.34, 20.00, 4.63, 9.44, 8.57, 0.00, 0.00, 0.00, 0.00, 90.00, 0, 0
2.00, 5.70, 14.56, 14.56, -5370.99, 20.00, 4.63, 8.33, 7.47, 0.00, 0.00, 0.00, 0.00, 90.00, 0, 0
2.00, 5.70, 14.02, 14.02, -5829.38, 20.00, 4.63, 7.22, 6.38, 0.00, 0.00, 0.00, 0.00, 90.00, 0, 0
2.00, 5.70, 13.55, 13.55, -6099.26, 20.00, 4.63, 6.67, 5.82, 0.00, 0.00, 0.00, 0.00, 90.00, 0, 0
2.00, 5.70, 13.31, 13.31, -5943.82, 20.00, 4.63, 7.22, 6.38, 0.00, 4.75, 72.60, -114.78, 83.26, 0, 0
2.00, 5.70, 14.07, 14.07, -1594.56, 20.00, 4.63, 8.89, 8.03, 31.08, 28.12, 64.81, -105.81, 72.60, 0, 0
2.00, 5.70, 14.76, 14.76, -1203.11, 20.00, 4.63, 11.11, 10.27, 70.38, 71.16, 59.46, -96.96, 61.46, 0, 0
2.00, 5.70, 15.40, 15.40, -823.98, 20.00, 4.63, 13.89, 13.03, 65.86, 122.34, 58.91, -90.00, 50.11, 0, 0
2.00, 5.70, 15.94, 15.94, -627.80, 20.00, 4.63, 16.11, 15.25, 21.06, 141.46, 58.52, -75.96, 38.86, 0, 0
2.00, 5.70, 16.40, 16.40, -465.57, 20.00, 4.63, 18.33, 17.48, 0.00, 162.20, 63.08, -59.66, 28.32, 0, 0
2.00, 5.70, 16.80, 16.80, -320.08, 20.00, 4.63, 19.44, 18.59, 0.00, 175.51, 70.28, -32.12, 20.05, 0, 0
2.00, 5.70, 17.18, 17.18, -143.47, 20.00, 4.63, 21.11, 20.24, 0.00, 182.95, 79.39, 10.78, 17.85, 0, 0
2.00, 5.70, 17.52, 17.52, -22.86, 20.00, 4.63, 21.67, 20.79, 0.00, 170.58, 89.81, 47.23, 23.52, 0, 0
2.00, 5.70, 17.83, 17.83, 92.44, 20.00, 4.63, 22.22, 21.36, 0.00, 154.75, 0.00, 68.32, 33.19, 0, 0
2.00, 5.70, 18.15, 18.15, 262.99, 20.00, 4.63, 22.22, 21.36, 0.00, 141.67, 0.00, 81.80, 44.18, 0, 0
2.00, 5.70, 18.43, 18.43, 334.33, 20.00, 4.63, 21.67, 20.79, 0.00, 97.26, 0.00, 90.00, 55.52, 0, 0
2.00, 5.70, 18.80, 18.80, 623.77, 20.00, 4.63, 20.56, 19.70, 0.00, 70.86, 0.00, 101.20, 66.81, 0, 0
2.00, 5.70, 18.98, 18.98, 444.24, 20.00, 4.63, 18.89, 18.04, 0.00, 27.80, 0.00, 110.03, 77.75, 0, 0
2.00, 5.70, 18.96, 18.96, 79.83, 20.00, 4.63, 17.78, 16.93, 0.00, 3.96, 0.00, 119.25, 88.09, 0, 0
2.00, 5.70, 18.91, 18.91, -55.36, 20.00, 4.63, 16.11, 15.28, 0.00, 0.00, 0.00, 0.00, 90.00, 0, 0
2.00, 5.70, 18.77, 18.77, -296.16, 20.00, 4.63, 15.00, 14.17, 0.00, 0.00, 0.00, 0.00, 90.00, 0, 0
2.00, 5.70, 18.00, 18.00, -2879.60, 20.00, 4.63, 13.89, 13.03, 0.00, 0.00, 0.00, 0.00, 90.00, 0, 0
2.00, 5.70, 17.26, 17.26, -3543.76, 20.00, 4.63, 12.22, 11.38, 0.00, 0.00, 0.00, 0.00, 90.00, 0, 0
2.00, 5.70, 16.68, 16.68, -3834.04, 20.00, 4.63, 11.67, 10.81, 0.00, 0.00, 0.00, 0.00, 90.00, 0, 0
2.00, 5.70, 16.12, 16.12, -4293.78, 20.00, 4.63, 10.56, 9.71, 0.00, 0.00, 0.00, 0.00, 90.00, 0, 0
2.00, 5.70, 15.57, 15.57, -4753.12, 20.00, 4.63, 9.44, 8.60, 0.00, 0.00, 0.00, 0.00, 90.00, 0, 0
2.00, 5.70, 15.10, 15.10, -5024.43, 20.00, 4.63, 8.89, 8.05, 0.00, 0.00, 0.00, 0.00, 90.00, 0, 0
2.00, 5.70, 14.60, 14.60, -5479.10, 20.00, 4.63, 7.78, 6.95, 0.00, 0.00, 0.00, 0.00, 90.00, 0, 0
2.00, 5.70, 14.43, 14.43, -5124.24, 20.00, 4.63, 8.89, 8.05, 0.00, 10.30, 72.68, -114.86, 83.25, 0, 0
2.00, 5.70, 15.18, 15.18, -1217.90, 20.00, 4.63, 10.56, 9.73, 47.03, 35.38, 64.89, -105.90, 72.60, 0, 0
2.00, 5.70, 15.79, 15.79, -956.26, 20.00, 4.63, 12.78, 11.94, 37.83, 62.77, 59.53, -97.05, 61.46, 0, 0
2.00, 5.70, 16.34, 16.34, -684.00, 20.00, 4.63, 14.44, 13.62, 39.40, 99.91, 58.91, -90.00, 50.11, 0, 0
2.00, 5.70, 16.83, 16.83, -455.28, 20.00, 4.63, 16.67, 15.84, 15.68, 127.12, 58.57, -76.09, 38.86, 0, 0
2.00, 5.70, 17.25, 17.25, -305.92, 20.00, 4.63, 18.33, 17.50, 0.00, 146.16, 63.12, -59.83, 28.31, 0, 0
2.00, 5.70, 17.63, 17.63, -145.40, 20.00, 4.63, 19.44, 18.61, 0.00, 171.37, 70.30, -32.33, 20.01, 0, 0
2.00, 5.70, 17.99, 17.99, 29.83, 20.00, 4.63, 21.11, 20.27, 0.00, 181.90, 79.40, 10.66, 17.78, 0, 0
2.00, 5.70, 18.30, 18.30, 116.25, 20.00, 4.63, 21.67, 20.81, 0.00, 153.84, 89.82, 47.24, 23.44, 0, 0
2.00, 5.70, 18.55, 18.55, 148.79, 20.00, 4.63, 21.67, 20.83, 0.00, 127.24, 0.00, 68.36, 33.11, 0, 0
2.00, 5.70, 18.74, 18.74, 129.59, 20.00, 4.63, 21.11, 20.27, 0.00, 96.65, 0.00, 81.84, 44.10, 0, 0
2.00, 5.70, 18.91, 18.91, 174.56, 20.00, 4.63, 20.56, 19.72, 0.00, 73.02, 0.00, 90.00, 55.45, 0, 0
2.00, 5.70, 19.17, 19.17, 408.61, 20.00, 4.63, 19.44, 18.63, 0.00, 53.82, 0.00, 101.23, 66.73, 0, 0
2.00, 5.70, 19.39, 19.39, 465.60, 20.00, 4.63, 18.33, 17.52, 0.00, 28.66, 0.00, 110.05, 77.67, 0, 0
2.00, 5.70, 19.39, 19.39, 98.82, 20.00, 4.63, 17.22, 16.41, 0.00, 7.13, 0.00, 119.27, 88.01, 0, 0
2.00, 5.70, 19.36, 19.36, -13.43, 20.00, 4.63, 16.11, 15.30, 0.00, 0.00, 0.00, 0.00, 90.00, 0, 0
2.00, 5.70, 19.26, 19.26, -222.93, 20.00, 4.63, 15.56, 14.75, 0.00, 0.00, 0.00, 0.00, 90.00, 0, 0
2.00, 5.70, 18.51, 18.51, -2648.18, 20.00, 4.63, 14.44, 13.64, 0.00, 0.00, 0.00, 0.00, 90.00, 0, 0
2.00, 5.70, 17.87, 17.87, -3120.31, 20.00, 4.63, 13.33, 12.53, 0.00, 0.00, 0.00, 0.00, 90.00, 0, 0
2.00, 5.70, 17.44, 17.44, -3213.14, 20.00, 4.63, 13.33, 12.53, 0.00, 0.00, 0.00, 0.00, 90.00, 0, 0
2.00, 5.70, 17.06, 17.06, -3467.79, 20.00, 4.63, 12.78, 11.96, 0.00, 0.00, 0.00, 0.00, 90.00, 0, 0
2.00, 5.70, 16.71, 16.71, -3716.27, 20.00, 4.63, 12.22, 11.42, 0.00, 0.00, 0.00, 0.00, 90.00, 0, 0
2.00, 5.70, 16.38, 16.38, -3961.44, 20.00, 4.63, 11.67, 10.86, 0.00, 0.00, 0.00, 0.00, 90.00, 0, 0
2.00, 5.70, 16.06, 16.06, -4204.74, 20.00, 4.63, 11.11, 10.31, 0.00, 0.00, 0.00, 0.00, 90.00, 0, 0
2.00, 5.70, 16.10, 16.10, -3651.99, 20.00, 4.63, 12.78, 11.98, 0.00, 11.09, 72.76, -114.94, 83.25, 0, 0
2.00, 5.70, 16.75, 16.75, -696.86, 20.00, 4.63, 15.00, 14.20, 100.95, 43.97, 64.97, -105.98, 72.60, 0, 0
2.00, 5.70, 17.43, 17.43, -195.88, 20.00, 4.63, 17.78, 16.99, 148.80, 100.10, 59.61, -97.14, 61.46, 0, 0
2.00, 5.70, 18.02, 18.02, 68.33, 20.00, 4.63, 20.56, 19.76, 87.09, 137.60, 58.91, -90.00, 50.11, 0, 0
2.00, 5.70, 18.51, 18.51, 198.07, 20.00, 4.63, 22.22, 21.42, 24.81, 152.92, 58.62, -76.21, 38.86, 0, 0
2.00, 5.70, 18.89, 18.89, 272.97, 20.00, 4.63, 23.89, 23.08, 0.00, 149.75, 63.15, -59.99, 28.30, 0, 0
2.00, 5.70, 19.22, 19.22, 367.53, 20.00, 4.63, 24.44, 23.65, 0.00, 151.45, 70.32, -32.53, 19.98, 0, 0
2.00, 5.70, 19.51, 19.51, 449.35, 20.00, 4.63, 25.00, 24.20, 0.00, 141.16, 79.41, 10.54, 17.71, 0, 0
2.00, 5.70, 19.77, 19.77, 533.90, 20.00, 4.63, 25.56, 24.74, 0.00, 130.26, 89.82, 47.23, 23.37, 0, 0
2.00, 5.70, 20.01, 20.01, 613.05, 20.00, 4.63, 25.56, 24.76, 0.00, 129.72, 0.00, 68.39, 33.04, 0, 0
2.00, 5.70, 20.25, 20.25, 700.82, 20.00, 4.63, 25.56, 24.74, 0.00, 114.23, 0.00, 81.87, 44.03, 0, 0
2.00, 5.70, 20.46, 20.46, 740.49, 20.00, 4.63, 25.00, 24.20, 0.00, 79.52, 0.00, 90.00, 55.37, 0, 0
2.00, 5.70, 20.63, 20.63, 742.84, 20.00, 4.63, 23.33, 22.54, 0.00, 38.95, 0.00, 101.25, 66.66, 0, 0
2.00, 5.70, 20.70, 20.70, 591.01, 20.00, 4.63, 21.67, 20.88, 0.00, 16.82, 0.00, 110.07, 77.60, 0, 0
2.00, 5.70, 20.71, 20.71, 464.58, 20.00, 4.63, 20.56, 19.78, 0.00, 3.17, 0.00, 119.28, 87.93, 0, 0
2.00, 5.70, 20.70, 20.70, 384.42, 20.00, 4.63, 19.44, 18.67, 0.00, 0.00, 0.00, 0.00, 90.00, 0, 0
2.00, 5.70, 20.60, 20.60, 162.71, 20.00, 4.63, 18.33, 17.56, 0.00, 0.00, 0.00, 0.00, 90.00, 0, 0
2.00, 5.70, 20.05, 20.05, -1494.76, 20.00, 4.63, 17.22, 16.45, 0.00, 0.00, 0.00, 0.00, 90.00, 0, 0
2.00, 5.70, 19.53, 19.53, -1939.56, 20.00, 4.63, 16.11, 15.33, 0.00, 0.00, 0.00, 0.00, 90.00, 0, 0
2.00, 5.70, 19.10, 19.10, -2198.92, 20.00, 4.63, 15.56, 14.77, 0.00, 0.00, 0.00, 0.00, 90.00, 0, 0
2.00, 5.70, 18.66, 18.66, -2630.27, 20.00, 4.63, 14.44, 13.68, 0.00, 0.00, 0.00, 0.00, 90.00, 0, 0
2.00, 5.70, 18.27, 18.27, -2882.52, 20.00, 4.63, 13.89, 13.11, 0.00, 0.00, 0.00, 0.00, 90.00, 0, 0
2.00, 5.70, 17.92, 17.92, -3129.45, 20.00, 4.63, 13.33, 12.56, 0.00, 0.00, 0.00, 0.00, 90.00, 0, 0
2.00, 5.70, 17.58, 17.58, -3373.69, 20.00, 4.63, 12.78, 12.00, 0.00, 0.00, 0.00, 0.00, 90.00, 0, 0
2.00, 5.70, 17.61, 17.61, -2822.56, 20.00, 4.63, 14.44, 13.68, 0.00, 13.46, 72.83, -115.01, 83.25, 0, 0
2.00, 5.70, 18.05, 18.05, -674.61, 20.00, 4.63, 14.44, 13.68, 7.32, 13.59, 65.04, -106.05, 72.60, 0, 0
2.00, 5.70, 18.38, 18.38, -600.76, 20.00, 4.63, 15.00, 14.24, 0.00, 23.76, 59.67, -97.22, 61.47, 0, 0
2.00, 5.70, 18.64, 18.64, -514.89, 20.00, 4.63, 15.56, 14.80, 0.29, 35.51, 58.90, -90.00, 50.12, 0, 0
2.00, 5.70, 18.89, 18.89, -371.12, 20.00, 4.63, 16.67, 15.90, 0.73, 56.72, 58.66, -76.33, 38.87, 0, 0
2.00, 5.70, 19.14, 19.14, -236.06, 20.00, 4.63, 17.78, 17.01, 0.00, 73.47, 63.18, -60.15, 28.29, 0, 0
2.00, 5.70, 19.32, 19.32, -211.72, 20.00, 4.63, 18.33, 17.56, 0.00, 61.02, 70.34, -32.72, 19.95, 0, 0
2.00, 5.70, 19.48, 19.48, -171.27, 20.00, 4.63, 18.89, 18.10, 0.00, 58.44, 79.42, 10.41, 17.65, 0, 0
2.00, 5.70, 19.64, 19.64, -89.60, 20.00, 4.63, 18.89, 18.10, 0.00, 69.01, 89.81, 47.22, 23.29, 0, 0
2.00, 5.70, 19.77, 19.77, -68.91, 20.00, 4.63, 19.44, 18.65, 0.00, 58.39, 0.00, 68.41, 32.97, 0, 0
2.00, 5.70, 19.83, 19.83, -144.73, 20.00, 4.63, 18.89, 18.10, 0.00, 36.94, 0.00, 81.89, 43.96, 0, 0
2.00, 5.70, 19.95, 19.95, -32.49, 20.00, 4.63, 18.89, 18.12, 0.00, 41.96, 0.00, 90.00, 55.30, 0, 0
2.00, 5.70, 20.10, 20.10, 102.77, 20.00, 4.63, 18.33, 17.56, 0.00, 23.91, 0.00, 101.27, 66.59, 0, 0
2.00, 5.70, 20.21, 20.21, 71.94, 20.00, 4.63, 17.78, 17.01, 0.00, 13.16, 0.00, 110.08, 77.53, 0, 0
2.00, 5.70, 20.25, 20.25, -12.90, 20.00, 4.63, 16.67, 15.90, 0.00, 3.17, 0.00, 119.28, 87.86, 0, 0
2.00, 5.70, 20.27, 20.27, -57.08, 20.00, 4.63, 16.11, 15.35, 0.00, 0.00, 0.00, 0.00, 90.00, 0, 0
2.00, 5.70, 20.20, 20.20, -242.85, 20.00, 4.63, 15.56, 14.79, 0.00, 0.00, 0.00, 0.00, 90.00, 0, 0
2.00, 5.70, 19.37, 19.37, -2662.61, 20.00, 4.63, 14.44, 13.68, 0.00, 0.00, 0.00, 0.00, 90.00, 0, 0
2.00, 5.70, 18.74, 18.74, -2946.78, 20.00, 4.63, 13.89, 13.11, 0.00, 0.00, 0.00, 0.00, 90.00, 0, 0
2.00, 5.70, 18.24, 18.24, -3211.09, 20.00, 4.63, 13.33, 12.56, 0.00, 0.00, 0.00, 0.00, 90.00, 0, 0
2.00, 5.70, 17.82, 17.82, -3464.14, 20.00, 4.63, 12.78, 12.00, 0.00, 0.00, 0.00, 0.00, 90.00, 0, 0
2.00, 5.70, 17.35, 17.35, -3895.86, 20.00, 4.63, 11.67, 10.91, 0.00, 0.00, 0.00, 0.00, 90.00, 0, 0
2.00, 5.70, 16.94, 16.94, -4147.17, 20.00, 4.63, 11.11, 10.34, 0.00, 0.00, 0.00, 0.00, 90.00, 0, 0
2.00, 5.70, 16.56, 16.56, -4394.44, 20.00, 4.63, 10.56, 9.80, 0.00, 0.00, 0.00, 0.00, 90.00, 0, 0
2.00, 5.70, 16.56, 16.56, -3838.66, 20.00, 4.63, 12.22, 11.45, 0.00, 11.88, 72.90, -115.08, 83.25, 0, 0
2.00, 5.70, 17.21, 17.21, -900.29, 20.00, 4.63, 13.89, 13.13, 27.19, 30.80, 65.10, -106.12, 72.61, 0, 0
2.00, 5.70, 17.76, 17.76, -667.72, 20.00, 4.63, 15.56, 14.79, 27.39, 55.89, 59.73, -97.29, 61.48, 0, 0
2.00, 5.70, 18.21, 18.21, -485.46, 20.00, 4.63, 17.22, 16.45, 14.76, 73.54, 58.90, -90.00, 50.13, 0, 0
2.00, 5.70, 18.55, 18.55, -438.59, 20.00, 4.63, 17.78, 17.01, 1.87, 66.08, 58.70, -76.43, 38.88, 0, 0
2.00, 5.70, 18.76, 18.76, -470.33, 20.00, 4.63, 17.78, 17.01, 0.00, 43.82, 63.20, -60.29, 28.30, 0, 0
2.00, 5.70, 18.96, 18.96, -386.21, 20.00, 4.63, 17.78, 17.01, 0.00, 63.66, 70.35, -32.91, 19.93, 0, 0
2.00, 5.70, 19.17, 19.17, -252.55, 20.00, 4.63, 18.33, 17.56, 0.00, 88.66, 79.41, 10.27, 17.59, 0, 0
2.00, 5.70, 19.41, 19.41, -79.45, 20.00, 4.63, 19.44, 18.65, 0.00, 107.78, 89.80, 47.19, 23.23, 0, 0
2.00, 5.70, 19.65, 19.65, 66.89, 20.00, 4.63, 20.00, 19.22, 0.00, 124.76, 0.00, 68.42, 32.90, 0, 0
2.00, 5.70, 19.87, 19.87, 147.06, 20.00, 4.63, 20.56, 19.76, 0.00, 103.64, 0.00, 81.91, 43.89, 0, 0
2.00, 5.70, 20.07, 20.07, 208.85, 20.00, 4.63, 20.56, 19.76, 0.00, 72.29, 0.00, 90.00, 55.24, 0, 0
2.00, 5.70, 20.43, 20.43, 618.92, 20.00, 4.63, 20.00, 19.22, 0.00, 66.11, 0.00, 101.28, 66.52, 0, 0
2.00, 5.70, 20.69, 20.69, 618.03, 20.00, 4.63, 19.44, 18.65, 0.00, 31.50, 0.00, 110.09, 77.46, 0, 0
2.00, 5.70, 20.69, 20.69, 234.81, 20.00, 4.63, 18.33, 17.56, 0.00, 5.54, 0.00, 119.28, 87.79, 0, 0
2.00, 5.70, 20.67, 20.67, 132.41, 20.00, 4.63, 17.22, 16.45, 0.00, 0.00, 0.00, 0.00, 90.00, 0, 0
2.00, 5.70, 20.55, 20.55, -97.12, 20.00, 4.63, 16.11, 15.33, 0.00, 0.00, 0.00, 0.00, 90.00, 0, 0
2.00, 5.70, 19.71, 19.71, -2379.25, 20.00, 4.63, 15.00, 14.22, 0.00, 0.00, 0.00, 0.00, 90.00, 0, 0
2.00, 5.70, 19.01, 19.01, -2852.50, 20.00, 4.63, 13.89, 13.11, 0.00, 0.00, 0.00, 0.00, 90.00, 0, 0
2.00, 5.70, 18.45, 18.45, -3129.49, 20.00, 4.63, 13.33, 12.55, 0.00, 0.00, 0.00, 0.00, 90.00, 0, 0
2.00, 5.70, 17.91, 17.91, -3576.17, 20.00, 4.63, 12.22, 11.44, 0.00, 0.00, 0.00, 0.00, 90.00, 0, 0
2.00, 5.70, 17.45, 17.45, -3837.66, 20.00, 4.63, 11.67, 10.89, 0.00, 0.00, 0.00, 0.00, 90.00, 0, 0
2.00, 5.70, 17.04, 17.04, -4092.00, 20.00, 4.63, 11.11, 10.33, 0.00, 0.00, 0.00, 0.00, 90.00, 0, 0
2.00, 5.70, 16.66, 16.66, -4342.16, 20.00, 4.63, 10.56, 9.78, 0.00, 0.00, 0.00, 0.00, 90.00, 0, 0
2.00, 5.70, 16.60, 16.60, -3908.24, 20.00, 4.63, 11.67, 10.89, 0.00, 9.50, 72.96, -115.14, 83.26, 0, 0
2.00, 5.70, 17.22, 17.22, -962.25, 20.00, 4.63, 12.22, 11.44, 1.98, 10.12, 65.16, -106.19, 72.63, 0, 0
2.00, 5.70, 17.65, 17.65, -907.82, 20.00, 4.63, 12.22, 11.44, 0.00, 13.46, 59.78, -97.36, 61.50, 0, 0
2.00, 5.70, 17.99, 17.99, -814.70, 20.00, 4.63, 12.78, 12.00, 0.00, 24.55, 58.89, -90.00, 50.15, 0, 0
2.00, 5.70, 18.33, 18.33, -579.60, 20.00, 4.63, 14.44, 13.66, 1.35, 62.91, 58.73, -76.53, 38.89, 0, 0
2.00, 5.70, 18.68, 18.68, -342.29, 20.00, 4.63, 16.11, 15.32, 0.00, 102.37, 63.22, -60.42, 28.30, 0, 0
2.00, 5.70, 19.05, 19.05, -90.59, 20.00, 4.63, 18.33, 17.52, 0.00, 141.16, 70.35, -33.09, 19.92, 0, 0
2.00, 5.70, 19.35, 19.35, 2.67, 20.00, 4.63, 19.44, 18.63, 0.00, 122.21, 79.41, 10.13, 17.55, 0, 0
2.00, 5.70, 19.62, 19.62, 90.25, 20.00, 4.63, 20.56, 19.72, 0.00, 109.18, 89.79, 47.16, 23.17, 0, 0
2.00, 5.70, 19.89, 19.89, 242.29, 20.00, 4.63, 21.11, 20.29, 0.00, 128.76, 0.00, 68.41, 32.83, 0, 0
2.00, 5.70, 20.08, 20.08, 216.46, 20.00, 4.63, 21.11, 20.29, 0.00, 86.68, 0.00, 81.92, 43.83, 0, 0
2.00, 5.70, 20.20, 20.20, 169.47, 20.00, 4.63, 20.56, 19.74, 0.00, 48.29, 0.00, 90.00, 55.17, 0, 0
2.00, 5.70, 20.42, 20.42, 402.45, 20.00, 4.63, 20.00, 19.18, 0.00, 40.41, 0.00, 101.28, 66.46, 0, 0
2.00, 5.70, 20.65, 20.65, 522.23, 20.00, 4.63, 19.44, 18.63, 0.00, 26.32, 0.00, 110.09, 77.40, 0, 0
2.00, 5.70, 20.68, 20.68, 250.66, 20.00, 4.63, 18.33, 17.52, 0.00, 7.13, 0.00, 119.28, 87.73, 0, 0
2.00, 5.70, 20.68, 20.68, 160.23, 20.00, 4.63, 17.22, 16.41, 0.00, 0.00, 0.00, 0.00, 90.00, 0, 0
2.00, 5.70, 20.57, 20.57, -108.08, 20.00, 4.63, 16.11, 15.28, 0.00, 0.00, 0.00, 0.00, 90.00, 0, 0
2.00, 5.70, 19.64, 19.64, -2571.01, 20.00, 4.63, 14.44, 13.62, 0.00, 0.00, 0.00, 0.00, 90.00, 0, 0
2.00, 5.70, 18.88, 18.88, -3052.26, 20.00, 4.63, 13.33, 12.51, 0.00, 0.00, 0.00, 0.00, 90.00, 0, 0
2.00, 5.70, 18.21, 18.21, -3519.27, 20.00, 4.63, 12.22, 11.40, 0.00, 0.00, 0.00, 0.00, 90.00, 0, 0
2.00, 5.70, 17.50, 17.50, -4166.60, 20.00, 4.63, 10.56, 9.75, 0.00, 0.00, 0.00, 0.00, 90.00, 0, 0
2.00, 5.70, 16.85, 16.85, -4634.61, 20.00, 4.63, 9.44, 8.62, 0.00, 0.00, 0.00, 0.00, 90.00, 0, 0
2.00, 5.70, 16.15, 16.15, -5291.40, 20.00, 4.63, 7.78, 6.96, 0.00, 0.00, 0.00, 0.00, 90.00, 0, 0
2.00, 5.70, 15.48, 15.48, -5768.57, 20.00, 4.63, 6.67, 5.84, 0.00, 0.00, 0.00, 0.00, 90.00, 0, 0
2.00, 5.70, 15.14, 15.14, -5543.44, 20.00, 4.63, 7.22, 6.40, 0.00, 9.50, 73.02, -115.20, 83.28, 0, 0
2.00, 5.70, 16.13, 16.13, -1061.57, 20.00, 4.63, 9.44, 8.62, 75.84, 38.24, 65.21, -106.25, 72.65, 0, 0
2.00, 5.70, 16.94, 16.94, -724.52, 20.00, 4.63, 11.67, 10.84, 75.99, 72.12, 59.83, -97.43, 61.52, 0, 0
2.00, 5.70, 17.63, 17.63, -424.73, 20.00, 4.63, 13.89, 13.05, 57.00, 111.46, 58.88, -90.00, 50.17, 0, 0
2.00, 5.70, 18.20, 18.20, -199.03, 20.00, 4.63, 16.11, 15.28, 19.78, 138.77, 58.75, -76.62, 38.91, 0, 0
2.00, 5.70, 18.68, 18.68, -32.95, 20.00, 4.63, 17.78, 16.95, 0.00, 169.39, 63.22, -60.54, 28.32, 0, 0
2.00, 5.70, 19.11, 19.11, 151.15, 20.00, 4.63, 19.44, 18.61, 0.00, 189.37, 70.35, -33.27, 19.91, 0, 0
2.00, 5.70, 19.52, 19.52, 341.48, 20.00, 4.63, 21.11, 20.27, 0.00, 205.82, 79.39, 9.98, 17.51, 0, 0
2.00, 5.70, 19.89, 19.89, 488.66, 20.00, 4.63, 22.22, 21.38, 0.00, 206.19, 89.77, 47.11, 23.11, 0, 0
2.00, 5.70, 20.23, 20.23, 637.31, 20.00, 4.63, 22.78, 21.95, 0.00, 185.46, 0.00, 68.40, 32.78, 0, 0
2.00, 5.70, 20.54, 20.54, 727.22, 20.00, 4.63, 22.22, 21.40, 0.00, 144.64, 0.00, 81.91, 43.77, 0, 0
2.00, 5.70, 20.86, 20.86, 915.11, 20.00, 4.63, 21.67, 20.86, 0.00, 112.82, 0.00, 90.00, 55.11, 0, 0
2.00, 5.70, 21.27, 21.27, 1236.63, 20.00, 4.63, 20.56, 19.74, 0.00, 77.69, 0.00, 101.28, 66.40, 0, 0
2.00, 5.70, 21.55, 21.55, 1184.60, 20.00, 4.63, 18.89, 18.09, 0.00, 36.27, 0.00, 110.08, 77.34, 0, 0
2.00, 5.70, 21.49, 21.49, 617.92, 20.00, 4.63, 17.78, 16.99, 0.00, 8.71, 0.00, 119.27, 87.67, 0, 0
2.00, 5.70, 21.42, 21.42, 496.89, 20.00, 4.63, 17.22, 16.43, 0.00, 0.00, 0.00, 0.00, 90.00, 0, 0
2.00, 5.70, 21.26, 21.26, 220.10, 20.00, 4.63, 16.67, 15.86, 0.00, 0.00, 0.00, 0.00, 90.00, 0, 0
2.00, 5.70, 20.37, 20.37, -1937.49, 20.00, 4.63, 15.56, 14.77, 0.00, 0.00, 0.00, 0.00, 90.00, 0, 0
2.00, 5.70, 19.63, 19.63, -2426.63, 20.00, 4.63, 14.44, 13.66, 0.00, 0.00, 0.00, 0.00, 90.00, 0, 0
2.00, 5.70, 19.13, 19.13, -2533.58, 20.00, 4.63, 14.44, 13.64, 0.00, 0.00, 0.00, 0.00, 90.00, 0, 0
2.00, 5.70, 18.78, 18.78, -2614.53, 20.00, 4.63, 14.44, 13.64, 0.00, 0.00, 0.00, 0.00, 90.00, 0, 0
2.00, 5.70, 18.54, 18.54, -2678.74, 20.00, 4.63, 14.44, 13.64, 0.00, 0.00, 0.00, 0.00, 90.00, 0, 0
2.00, 5.70, 18.35, 18.35, -2731.70, 20.00, 4.63, 14.44, 13.64, 0.00, 0.00, 0.00, 0.00, 90.00, 0, 0
2.00, 5.70, 18.12, 18.12, -2959.34, 20.00, 4.63, 13.89, 13.11, 0.00, 0.00, 0.00, 0.00, 90.00, 0, 0
2.00, 5.70, 18.13, 18.13, -2607.51, 20.00, 4.63, 15.00, 14.22, 0.00, 6.34, 73.07, -115.25, 83.30, 0, 0
2.00, 5.70, 18.58, 18.58, -535.03, 20.00, 4.63, 16.11, 15.35, 0.00, 17.42, 65.26, -106.30, 72.67, 0, 0
2.00, 5.70, 18.92, 18.92, -467.13, 20.00, 4.63, 16.67, 15.90, 0.00, 20.59, 59.87, -97.48, 61.55, 0, 0
2.00, 5.70, 19.19, 19.19, -372.54, 20.00, 4.63, 17.22, 16.46, 0.30, 33.93, 58.86, -90.00, 50.20, 0, 0
2.00, 5.70, 19.45, 19.45, -228.79, 20.00, 4.63, 18.33, 17.57, 0.52, 53.87, 58.76, -76.70, 38.94, 0, 0
2.00, 5.70, 19.71, 19.71, -78.09, 20.00, 4.63, 19.44, 18.69, 0.00, 74.26, 63.23, -60.66, 28.33, 0, 0
2.00, 5.70, 19.95, 19.95, 23.03, 20.00, 4.63, 20.56, 19.78, 0.00, 76.52, 70.34, -33.43, 19.91, 0, 0
2.00, 5.70, 20.14, 20.14, 63.03, 20.00, 4.63, 21.11, 20.33, 0.00, 68.57, 79.38, 9.83, 17.48, 0, 0
2.00, 5.70, 20.35, 20.35, 202.30, 20.00, 4.63, 21.67, 20.89, 0.00, 87.66, 89.74, 47.05, 23.06, 0, 0
2.00, 5.70, 20.56, 20.56, 311.53, 20.00, 4.63, 22.22, 21.44, 0.00, 97.49, 0.00, 68.38, 32.72, 0, 0
2.00, 5.70, 20.76, 20.76, 401.36, 20.00, 4.63, 22.78, 22.01, 0.00, 90.98, 0.00, 81.90, 43.71, 0, 0
2.00, 5.70, 20.95, 20.95, 467.54, 20.00, 4.63, 22.78, 22.01, 0.00, 65.40, 0.00, 90.00, 55.06, 0, 0
2.00, 5.70, 21.13, 21.13, 538.58, 20.00, 4.63, 22.22, 21.46, 0.00, 28.80, 0.00, 101.27, 66.34, 0, 0
2.00, 5.70, 21.26, 21.26, 507.00, 20.00, 4.63, 21.67, 20.91, 0.00, 15.13, 0.00, 110.07, 77.28, 0, 0
2.00, 5.70, 21.31, 21.31, 405.00, 20.00, 4.63, 20.56, 19.82, 0.00, 3.96, 0.00, 119.25, 87.61, 0, 0
2.00, 5.70, 21.35, 21.35, 362.81, 20.00, 4.63, 20.00, 19.25, 0.00, 0.00, 0.00, 0.00, 90.00, 0, 0
2.00, 5.70, 21.28, 21.28, 155.76, 20.00, 4.63, 18.89, 18.16, 0.00, 0.00, 0.00, 0.00, 90.00, 0, 0
2.00, 5.70, 20.81, 20.81, -1168.92, 20.00, 4.63, 18.33, 17.59, 0.00, 0.00, 0.00, 0.00, 90.00, 0, 0
2.00, 5.70, 20.42, 20.42, -1416.84, 20.00, 4.63, 17.78, 17.03, 0.00, 0.00, 0.00, 0.00, 90.00, 0, 0
2.00, 5.70, 20.01, 20.01, -1833.14, 20.00, 4.63, 16.67, 15.92, 0.00, 0.00, 0.00, 0.00, 90.00, 0, 0
2.00, 5.70, 19.65, 19.65, -2072.53, 20.00, 4.63, 16.11, 15.35, 0.00, 0.00, 0.00, 0.00, 90.00, 0, 0
2.00, 5.70, 19.32, 19.32, -2306.74, 20.00, 4.63, 15.56, 14.80, 0.00, 0.00, 0.00, 0.00, 90.00, 0, 0
2.00, 5.70, 19.01, 19.01, -2538.41, 20.00, 4.63, 15.00, 14.26, 0.00, 0.00, 0.00, 0.00, 90.00, 0, 0
2.00, 5.70, 18.63, 18.63, -2951.63, 20.00, 4.63, 13.89, 13.16, 0.00, 0.00, 0.00, 0.00, 90.00, 0, 0
2.00, 5.70, 18.64, 18.64, -2392.12, 20.00, 4.63, 15.56, 14.82, 0.00, 16.63, 73.12, -115.30, 83.32, 0, 0
2.00, 5.70, 19.26, 19.26, -113.44, 20.00, 4.63, 17.78, 17.04, 145.31, 51.71, 65.30, -106.35, 72.70, 0, 0
2.00, 5.70, 19.89, 19.89, 318.21, 20.00, 4.63, 20.00, 19.27, 165.84, 102.01, 59.90, -97.53, 61.58, 0, 0
2.00, 5.70, 20.45, 20.45, 582.66, 20.00, 4.63, 22.22, 21.49, 107.75, 146.88, 58.85, -90.00, 50.23, 0, 0
2.00, 5.70, 20.93, 20.93, 749.50, 20.00, 4.63, 23.89, 23.16, 36.27, 180.43, 58.77, -76.77, 38.97, 0, 0
2.00, 5.70, 21.31, 21.31, 819.54, 20.00, 4.63, 25.56, 24.82, 0.00, 195.70, 63.22, -60.76, 28.36, 0, 0
2.00, 5.70, 21.66, 21.66, 976.77, 20.00, 4.63, 27.22, 26.46, 0.00, 209.96, 70.32, -33.59, 19.91, 0, 0
2.00, 5.70, 22.00, 22.00, 1126.00, 20.00, 4.63, 28.33, 27.58, 0.00, 220.96, 79.36, 9.67, 17.45, 0, 0
2.00, 5.70, 22.31, 22.31, 1231.95, 20.00, 4.63, 28.33, 27.58, 0.00, 208.58, 89.72, 46.97, 23.01, 0, 0
2.00, 5.70, 22.60, 22.60, 1348.35, 20.00, 4.63, 28.33, 27.58, 0.00, 187.49, 0.00, 68.35, 32.67, 0, 0
2.00, 5.70, 22.93, 22.93, 1536.83, 20.00, 4.63, 28.33, 27.58, 0.00, 161.74, 0.00, 81.88, 43.66, 0, 0
2.00, 5.70, 23.27, 23.27, 1732.89, 20.00, 4.63, 28.89, 28.13, 0.00, 117.45, 0.00, 90.00, 55.01, 0, 0
2.00, 5.70, 23.68, 23.68, 2002.26, 20.00, 4.63, 28.33, 27.58, 0.00, 77.01, 0.00, 101.26, 66.29, 0, 0
2.00, 5.70, 23.93, 23.93, 1901.70, 20.00, 4.63, 27.22, 26.48, 0.00, 33.79, 0.00, 110.05, 77.23, 0, 0
2.00, 5.70, 23.91, 23.91, 1435.35, 20.00, 4.63, 26.11, 25.37, 0.00, 7.13, 0.00, 119.23, 87.57, 0, 0
2.00, 5.70, 23.88, 23.88, 1340.56, 20.00, 4.63, 25.56, 24.82, 0.00, 0.00, 0.00, 0.00, 90.00, 0, 0
2.00, 5.70, 23.79, 23.79, 1127.66, 20.00, 4.63, 25.00, 24.25, 0.00, 0.00, 0.00, 0.00, 90.00, 0, 0
2.00, 5.70, 23.73, 23.73, 1398.82, 20.00, 4.63, 24.44, 23.70, 0.00, 0.00, 0.00, 0.00, 90.00, 0, 0
2.00, 5.70, 23.62, 23.62, 1181.30, 20.00, 4.63, 23.89, 23.14, 0.00, 0.00, 0.00, 0.00, 90.00, 0, 0
2.00, 5.70, 23.32, 23.32, 621.69, 20.00, 4.63, 22.22, 21.48, 0.00, 0.00, 0.00, 0.00, 90.00, 0, 0
2.00, 5.70, 22.98, 22.98, 218.23, 20.00, 4.63, 21.11, 20.36, 0.00, 0.00, 0.00, 0.00, 90.00, 0, 0
2.00, 5.70, 22.52, 22.52, -366.46, 20.00, 4.63, 19.44, 18.70, 0.00, 0.00, 0.00, 0.00, 90.00, 0, 0
2.00, 5.70, 22.06, 22.06, -789.21, 20.00, 4.63, 18.33, 17.59, 0.00, 0.00, 0.00, 0.00, 90.00, 0, 0
2.00, 5.70, 21.51, 21.51, -1394.55, 20.00, 4.63, 16.67, 15.93, 0.00, 0.00, 0.00, 0.00, 90.00, 0, 0
2.00, 5.70, 21.32, 21.32, -1061.08, 20.00, 4.63, 17.78, 17.04, 0.00, 12.67, 73.16, -115.34, 83.35, 0, 0
2.00, 5.70, 21.83, 21.83, 537.57, 20.00, 4.63, 20.00, 19.27, 106.46, 44.96, 65.34, -106.39, 72.73, 0, 0
2.00, 5.70, 22.31, 22.31, 820.32, 20.00, 4.63, 22.22, 21.48, 94.67, 79.71, 59.93, -97.58, 61.61, 0, 0
2.00, 5.70, 22.69, 22.69, 927.24, 20.00, 4.63, 23.89, 23.16, 37.00, 95.84, 58.83, -90.00, 50.27, 0, 0
2.00, 5.70, 22.98, 22.98, 964.18, 20.00, 4.63, 25.00, 24.25, 5.50, 89.12, 58.77, -76.83, 39.00, 0, 0
2.00, 5.70, 23.23, 23.23, 1034.95, 20.00, 4.63, 25.56, 24.80, 0.00, 96.67, 63.21, -60.85, 28.38, 0, 0
2.00, 5.70, 23.46, 23.46, 1144.06, 20.00, 4.63, 26.11, 25.37, 0.00, 115.36, 70.30, -33.74, 19.93, 0, 0
2.00, 5.70, 23.66, 23.66, 1186.81, 20.00, 4.63, 26.67, 25.91, 0.00, 103.61, 79.33, 9.51, 17.43, 0, 0
2.00, 5.70, 23.78, 23.78, 1105.63, 20.00, 4.63, 26.11, 25.37, 0.00, 62.72, 89.68, 46.89, 22.97, 0, 0
2.00, 5.70, 23.86, 23.86, 1069.75, 20.00, 4.63, 25.56, 24.80, 0.00, 54.59, 0.00, 68.31, 32.62, 0, 0
2.00, 5.70, 23.96, 23.96, 1128.09, 20.00, 4.63, 25.56, 24.80, 0.00, 66.70, 0.00, 81.86, 43.61, 0, 0
2.00, 5.70, 24.09, 24.09, 1200.40, 20.00, 4.63, 25.00, 24.25, 0.00, 59.66, 0.00, 90.00, 54.96, 0, 0
2.00, 5.70, 24.25, 24.25, 1327.05, 20.00, 4.63, 24.44, 23.70, 0.00, 37.27, 0.00, 101.24, 66.24, 0, 0
2.00, 5.70, 24.36, 24.36, 1274.92, 20.00, 4.63, 23.33, 22.59, 0.00, 19.39, 0.00, 110.03, 77.19, 0, 0
2.00, 5.70, 24.38, 24.38, 1134.19, 20.00, 4.63, 22.22, 21.49, 0.00, 4.75, 0.00, 119.20, 87.52, 0, 0
2.00, 5.70, 24.37, 24.37, 1053.67, 20.00, 4.63, 21.11, 20.38, 0.00, 0.00, 0.00, 0.00, 90.00, 0, 0
2.00, 5.70, 24.29, 24.29, 857.52, 20.00, 4.63, 20.56, 19.82, 0.00, 0.00, 0.00, 0.00, 90.00, 0, 0
2.00, 5.70, 23.56, 23.56, -236.56, 20.00, 4.63, 19.44, 18.72, 0.00, 0.00, 0.00, 0.00, 90.00, 0, 0
2.00, 5.70, 22.93, 22.93, -687.52, 20.00, 4.63, 18.33, 17.59, 0.00, 0.00, 0.00, 0.00, 90.00, 0, 0
2.00, 5.70, 22.43, 22.43, -952.27, 20.00, 4.63, 17.78, 17.04, 0.00, 0.00, 0.00, 0.00, 90.00, 0, 0
2.00, 5.70, 22.01, 22.01, -1205.38, 20.00, 4.63, 17.22, 16.48, 0.00, 0.00, 0.00, 0.00, 90.00, 0, 0
2.00, 5.70, 21.55, 21.55, -1631.47, 20.00, 4.63, 16.11, 15.38, 0.00, 0.00, 0.00, 0.00, 90.00, 0, 0
2.00, 5.70, 21.15, 21.15, -1882.02, 20.00, 4.63, 15.56, 14.82, 0.00, 0.00, 0.00, 0.00, 90.00, 0, 0
2.00, 5.70, 20.78, 20.78, -2128.28, 20.00, 4.63, 15.00, 14.27, 0.00, 0.00, 0.00, 0.00, 90.00, 0, 0
2.00, 5.70, 20.76, 20.76, -1596.49, 20.00, 4.63, 16.67, 15.93, 0.00, 11.88, 73.19, -115.38, 83.38, 0, 0
2.00, 5.70, 21.39, 21.39, 175.15, 20.00, 4.63, 18.33, 17.61, 43.37, 34.87, 65.37, -106.43, 72.77, 0, 0
2.00, 5.70, 21.91, 21.91, 379.55, 20.00, 4.63, 20.00, 19.27, 31.23, 58.32, 59.95, -97.61, 61.65, 0, 0
2.00, 5.70, 22.36, 22.36, 600.88, 20.00, 4.63, 21.67, 20.93, 26.01, 87.15, 58.81, -90.00, 50.30, 0, 0
2.00, 5.70, 22.77, 22.77, 784.75, 20.00, 4.63, 23.33, 22.59, 9.78, 108.85, 58.77, -76.89, 39.04, 0, 0
2.00, 5.70, 23.09, 23.09, 863.20, 20.00, 4.63, 24.44, 23.70, 0.00, 105.54, 63.20, -60.93, 28.42, 0, 0
2.00, 5.70, 23.34, 23.34, 899.21, 20.00, 4.63, 25.00, 24.25, 0.00, 89.33, 70.28, -33.87, 19.95, 0, 0
2.00, 5.70, 23.56, 23.56, 978.26, 20.00, 4.63, 25.56, 24.80, 0.00, 93.00, 79.30, 9.35, 17.42, 0, 0
2.00, 5.70, 23.77, 23.77, 1063.28, 20.00, 4.63, 25.56, 24.80, 0.00, 99.64, 89.65, 46.80, 22.94, 0, 0
2.00, 5.70, 23.98, 23.98, 1183.62, 20.00, 4.63, 26.11, 25.35, 0.00, 114.62, 0.00, 68.25, 32.58, 0, 0
2.00, 5.70, 24.27, 24.27, 1424.34, 20.00, 4.63, 26.67, 25.90, 0.00, 133.10, 0.00, 81.82, 43.57, 0, 0
2.00, 5.70, 24.55, 24.55, 1550.55, 20.00, 4.63, 26.67, 25.90, 0.00, 96.40, 0.00, 90.00, 54.91, 0, 0
2.00, 5.70, 24.76, 24.76, 1563.20, 20.00, 4.63, 25.56, 24.80, 0.00, 47.13, 0.00, 101.21, 66.20, 0, 0
2.00, 5.70, 24.83, 24.83, 1355.21, 20.00, 4.63, 24.44, 23.69, 0.00, 11.07, 0.00, 110.00, 77.14, 0, 0
2.00, 5.70, 24.82, 24.82, 1202.50, 20.00, 4.63, 22.78, 22.03, 0.00, 0.79, 0.00, 119.17, 87.48, 0, 0
2.00, 5.70, 24.79, 24.79, 1127.18, 20.00, 4.63, 21.67, 20.91, 0.00, 0.00, 0.00, 0.00, 90.00, 0, 0
2.00, 5.70, 24.67, 24.67, 878.82, 20.00, 4.63, 20.00, 19.25, 0.00, 0.00, 0.00, 0.00, 90.00, 0, 0
2.00, 5.70, 23.80, 23.80, -379.76, 20.00, 4.63, 18.89, 18.12, 0.00, 0.00, 0.00, 0.00, 90.00, 0, 0
2.00, 5.70, 23.00, 23.00, -1023.87, 20.00, 4.63, 17.22, 16.46, 0.00, 0.00, 0.00, 0.00, 90.00, 0, 0
2.00, 5.70, 22.31, 22.31, -1486.58, 20.00, 4.63, 16.11, 15.35, 0.00, 0.00, 0.00, 0.00, 90.00, 0, 0
2.00, 5.70, 21.68, 21.68, -1942.31, 20.00, 4.63, 15.00, 14.24, 0.00, 0.00, 0.00, 0.00, 90.00, 0, 0
2.00, 5.70, 21.07, 21.07, -2395.70, 20.00, 4.63, 13.89, 13.13, 0.00, 0.00, 0.00, 0.00, 90.00, 0, 0
2.00, 5.70, 20.48, 20.48, -2849.49, 20.00, 4.63, 12.78, 12.02, 0.00, 0.00, 0.00, 0.00, 90.00, 0, 0
2.00, 5.70, 19.90, 19.90, -3305.39, 20.00, 4.63, 11.67, 10.91, 0.00, 0.00, 0.00, 0.00, 90.00, 0, 0
2.00, 5.70, 19.75, 19.75, -2758.61, 20.00, 4.63, 13.33, 12.56, 0.00, 19.01, 73.22, -115.41, 83.42, 0, 0
2.00, 5.70, 20.69, 20.69, 119.40, 20.00, 4.63, 15.56, 14.79, 140.73, 48.25, 65.39, -106.46, 72.81, 0, 0
2.00, 5.70, 21.51, 21.51, 517.02, 20.00, 4.63, 17.78, 17.01, 143.05, 93.75, 59.96, -97.65, 61.69, 0, 0
2.00, 5.70, 22.16, 22.16, 741.66, 20.00, 4.63, 20.00, 19.23, 81.84, 127.80, 58.79, -90.00, 50.35, 0, 0
2.00, 5.70, 22.69, 22.69, 909.11, 20.00, 4.63, 21.67, 20.89, 27.25, 155.62, 58.76, -76.93, 39.08, 0, 0
2.00, 5.70, 23.12, 23.12, 1030.58, 20.00, 4.63, 23.33, 22.56, 0.00, 183.56, 63.17, -61.00, 28.45, 0, 0
2.00, 5.70, 23.51, 23.51, 1189.53, 20.00, 4.63, 25.00, 24.22, 0.00, 195.68, 70.25, -34.00, 19.97, 0, 0
2.00, 5.70, 23.86, 23.86, 1328.30, 20.00, 4.63, 26.11, 25.33, 0.00, 201.33, 79.26, 9.18, 17.41, 0, 0
2.00, 5.70, 24.18, 24.18, 1459.31, 20.00, 4.63, 26.67, 25.88, 0.00, 200.21, 89.61, 46.69, 22.91, 0, 0
2.00, 5.70, 24.49, 24.49, 1604.21, 20.00, 4.63, 27.22, 26.44, 0.00, 187.02, 0.00, 68.19, 32.54, 0, 0
2.00, 5.70, 24.79, 24.79, 1723.91, 20.00, 4.63, 27.22, 26.44, 0.00, 149.49, 0.00, 81.78, 43.53, 0, 0
2.00, 5.70, 25.00, 25.00, 1886.76, 20.00, 4.63, 26.67, 25.90, 0.00, 119.82, 0.00, 90.00, 54.87, 0, 0
2.00, 5.70, 25.00, 25.00, 2091.78, 20.00, 4.63, 25.56, 24.78, 0.00, 77.11, 0.00, 101.18, 66.16, 0, 0
2.00, 5.70, 25.00, 25.00, 2011.50, 20.00, 4.63, 24.44, 23.67, 0.00, 36.10, 0.00, 109.97, 77.11, 0, 0
2.00, 5.70, 25.00, 25.00, 1504.72, 20.00, 4.63, 23.33, 22.57, 0.00, 9.50, 0.00, 119.14, 87.45, 0, 0
2.00, 5.70, 25.00, 25.00, 1385.37, 20.00, 4.63, 22.22, 21.46, 0.00, 0.00, 0.00, 0.00, 90.00, 0, 0
2.00, 5.70, 24.98, 24.98, 1152.15, 20.00, 4.63, 21.11, 20.35, 0.00, 0.00, 0.00, 0.00, 90.00, 0, 0
2.00, 5.70, 24.35, 24.35, 360.36, 20.00, 4.63, 20.56, 19.80, 0.00, 0.00, 0.00, 0.00, 90.00, 0, 0
2.00, 5.70, 23.78, 23.78, -92.94, 20.00, 4.63, 19.44, 18.69, 0.00, 0.00, 0.00, 0.00, 90.00, 0, 0
2.00, 5.70, 23.32, 23.32, -360.92, 20.00, 4.63, 18.89, 18.12, 0.00, 0.00, 0.00, 0.00, 90.00, 0, 0
2.00, 5.70, 22.92, 22.92, -616.64, 20.00, 4.63, 18.33, 17.56, 0.00, 0.00, 0.00, 0.00, 90.00, 0, 0
2.00, 5.70, 22.56, 22.56, -864.93, 20.00, 4.63, 17.78, 17.01, 0.00, 0.00, 0.00, 0.00, 90.00, 0, 0
2.00, 5.70, 22.14, 22.14, -1288.30, 20.00, 4.63, 16.67, 15.90, 0.00, 0.00, 0.00, 0.00, 90.00, 0, 0
2.00, 5.70, 21.76, 21.76, -1538.03, 20.00, 4.63, 16.11, 15.35, 0.00, 0.00, 0.00, 0.00, 90.00, 0, 0
2.00, 5.70, 21.61, 21.61, -1316.92, 20.00, 4.63, 16.67, 15.92, 0.00, 6.34, 73.25, -115.44, 83.47, 0, 0
2.00, 5.70, 22.21, 22.21, 373.40, 20.00, 4.63, 18.33, 17.57, 4.61, 21.76, 65.41, -106.48, 72.85, 0, 0
2.00, 5.70, 22.68, 22.68, 522.79, 20.00, 4.63, 19.44, 18.69, 4.63, 37.16, 59.96, -97.67, 61.74, 0, 0
2.00, 5.70, 23.12, 23.12, 762.99, 20.00, 4.63, 21.11, 20.36, 13.78, 69.47, 58.77, -90.00, 50.39, 0, 0
2.00, 5.70, 23.44, 23.44, 824.65, 20.00, 4.63, 21.67, 20.91, 2.31, 67.85, 58.74, -76.97, 39.12, 0, 0
2.00, 5.70, 23.70, 23.70, 877.46, 20.00, 4.63, 22.22, 21.48, 0.00, 64.50, 63.14, -61.06, 28.50, 0, 0
2.00, 5.70, 23.98, 23.98, 1058.01, 20.00, 4.63, 23.33, 22.57, 0.00, 102.44, 70.21, -34.12, 20.00, 0, 0
2.00, 5.70, 24.19, 24.19, 1087.74, 20.00, 4.63, 23.89, 23.12, 0.00, 83.93, 79.22, 9.01, 17.42, 0, 0
2.00, 5.70, 24.36, 24.36, 1109.43, 20.00, 4.63, 23.89, 23.12, 0.00, 76.18, 89.56, 46.57, 22.89, 0, 0
2.00, 5.70, 24.48, 24.48, 1088.84, 20.00, 4.63, 23.89, 23.12, 0.00, 60.42, 0.00, 68.12, 32.51, 0, 0
2.00, 5.70, 24.59, 24.59, 1119.84, 20.00, 4.63, 23.89, 23.12, 0.00, 62.46, 0.00, 81.72, 43.49, 0, 0
2.00, 5.70, 24.70, 24.70, 1150.45, 20.00, 4.63, 23.89, 23.12, 0.00, 41.73, 0.00, 90.00, 54.84, 0, 0
2.00, 5.70, 24.83, 24.83, 1242.97, 20.00, 4.63, 22.78, 22.03, 0.00, 22.18, 0.00, 101.14, 66.12, 0, 0
2.00, 5.70, 24.91, 24.91, 1184.63, 20.00, 4.63, 22.22, 21.48, 0.00, 6.34, 0.00, 109.93, 77.07, 0, 0
2.00, 5.70, 24.94, 24.94, 1120.39, 20.00, 4.63, 21.11, 20.36, 0.00, 0.79, 0.00, 119.09, 87.42, 0, 0
2.00, 5.70, 24.95, 24.95, 1061.52, 20.00, 4.63, 20.00, 19.25, 0.00, 0.00, 0.00, 0.00, 90.00, 0, 0
2.00, 5.70, 24.85, 24.85, 824.87, 20.00, 4.63, 19.44, 18.70, 0.00, 0.00, 0.00, 0.00, 90.00, 0, 0
2.00, 5.70, 23.91, 23.91, -585.80, 20.00, 4.63, 18.33, 17.59, 0.00, 0.00, 0.00, 0.00, 90.00, 0, 0
2.00, 5.70, 23.14, 23.14, -1056.97, 20.00, 4.63, 17.22, 16.48, 0.00, 0.00, 0.00, 0.00, 90.00, 0, 0
2.00, 5.70, 22.54, 22.54, -1334.64, 20.00, 4.63, 16.67, 15.92, 0.00, 0.00, 0.00, 0.00, 90.00, 0, 0
2.00, 5.70, 22.04, 22.04, -1596.59, 20.00, 4.63, 16.11, 15.37, 0.00, 0.00, 0.00, 0.00, 90.00, 0, 0
2.00, 5.70, 21.53, 21.53, -2030.63, 20.00, 4.63, 15.00, 14.26, 0.00, 0.00, 0.00, 0.00, 90.00, 0, 0
2.00, 5.70, 21.09, 21.09, -2286.26, 20.00, 4.63, 14.44, 13.69, 0.00, 0.00, 0.00, 0.00, 90.00, 0, 0
2.00, 5.70, 20.68, 20.68, -2536.64, 20.00, 4.63, 13.89, 13.14, 0.00, 0.00, 0.00, 0.00, 90.00, 0, 0
2.00, 5.70, 20.59, 20.59, -2114.63, 20.00, 4.63, 15.00, 14.26, 0.00, 10.30, 73.27, -115.46, 83.51, 0, 0
2.00, 5.70, 21.37, 21.37, 122.48, 20.00, 4.63, 16.67, 15.93, 39.59, 33.67, 65.42, -106.50, 72.90, 0, 0
2.00, 5.70, 21.98, 21.98, 348.04, 20.00, 4.63, 18.33, 17.59, 31.45, 55.97, 59.96, -97.69, 61.79, 0, 0
2.00, 5.70, 22.58, 22.58, 727.61, 20.00, 4.63, 20.56, 19.82, 54.89, 107.86, 58.74, -90.00, 50.44, 0, 0
2.00, 5.70, 23.15, 23.15, 1037.72, 20.00, 4.63, 22.78, 22.04, 26.15, 159.29, 58.71, -77.00, 39.17, 0, 0
2.00, 5.70, 23.52, 23.52, 1003.24, 20.00, 4.63, 23.89, 23.14, 0.00, 117.13, 63.11, -61.11, 28.54, 0, 0
2.00, 5.70, 23.77, 23.77, 978.14, 20.00, 4.63, 23.89, 23.14, 0.00, 81.57, 70.17, -34.23, 20.04, 0, 0
2.00, 5.70, 24.02, 24.02, 1091.89, 20.00, 4.63, 24.44, 23.69, 0.00, 101.83, 79.17, 8.84, 17.42, 0, 0
2.00, 5.70, 24.24, 24.24, 1181.58, 20.00, 4.63, 24.44, 23.70, 0.00, 116.43, 89.51, 46.45, 22.87, 0, 0
2.00, 5.70, 24.43, 24.43, 1208.90, 20.00, 4.63, 25.00, 24.25, 0.00, 95.15, 0.00, 68.04, 32.48, 0, 0
2.00, 5.70, 24.52, 24.52, 1105.88, 20.00, 4.63, 23.89, 23.14, 0.00, 63.25, 0.00, 81.66, 43.46, 0, 0
2.00, 5.70, 24.60, 24.60, 1109.64, 20.00, 4.63, 23.33, 22.59, 0.00, 44.22, 0.00, 90.00, 54.80, 0, 0
2.00, 5.70, 24.81, 24.81, 1388.30, 20.00, 4.63, 22.78, 22.03, 0.00, 43.80, 0.00, 101.09, 66.09, 0, 0
2.00, 5.70, 24.95, 24.95, 1353.56, 20.00, 4.63, 21.67, 20.93, 0.00, 22.00, 0.00, 109.88, 77.04, 0, 0
2.00, 5.70, 24.95, 24.95, 1130.27, 20.00, 4.63, 20.56, 19.83, 0.00, 3.96, 0.00, 119.05, 87.39, 0, 0
2.00, 5.70, 24.94, 24.94, 1075.63, 20.00, 4.63, 20.00, 19.27, 0.00, 0.00, 0.00, 0.00, 90.00, 0, 0
2.00, 5.70, 24.81, 24.81, 808.47, 20.00, 4.63, 18.89, 18.16, 0.00, 0.00, 0.00, 0.00, 90.00, 0, 0
2.00, 5.70, 23.87, 23.87, -583.16, 20.00, 4.63, 18.33, 17.61, 0.00, 0.00, 0.00, 0.00, 90.00, 0, 0
2.00, 5.70, 23.10, 23.10, -1056.40, 20.00, 4.63, 17.22, 16.49, 0.00, 0.00, 0.00, 0.00, 90.00, 0, 0
2.00, 5.70, 22.50, 22.50, -1335.52, 20.00, 4.63, 16.67, 15.93, 0.00, 0.00, 0.00, 0.00, 90.00, 0, 0
2.00, 5.70, 22.08, 22.08, -1418.49, 20.00, 4.63, 16.67, 15.93, 0.00, 0.00, 0.00, 0.00, 90.00, 0, 0
2.00, 5.70, 21.70, 21.70, -1663.72, 20.00, 4.63, 16.11, 15.37, 0.00, 0.00, 0.00, 0.00, 90.00, 0, 0
2.00, 5.70, 21.34, 21.34, -1905.29, 20.00, 4.63, 15.56, 14.82, 0.00, 0.00, 0.00, 0.00, 90.00, 0, 0
2.00, 5.70, 21.00, 21.00, -2144.93, 20.00, 4.63, 15.00, 14.27, 0.00, 0.00, 0.00, 0.00, 90.00, 0, 0
2.00, 5.70, 21.00, 21.00, -1607.80, 20.00, 4.63, 16.67, 15.95, 0.00, 11.88, 73.28, -115.48, 83.57, 0, 0
2.00, 5.70, 21.64, 21.64, 115.25, 20.00, 4.63, 18.33, 17.61, 21.17, 26.62, 65.42, -106.51, 72.95, 0, 0
2.00, 5.70, 22.23, 22.23, 464.19, 20.00, 4.63, 20.00, 19.27, 62.63, 68.50, 59.96, -97.70, 61.84, 0, 0
2.00, 5.70, 22.69, 22.69, 594.97, 20.00, 4.63, 21.67, 20.93, 22.68, 79.36, 58.72, -90.00, 50.50, 0, 0
2.00, 5.70, 23.05, 23.05, 689.26, 20.00, 4.63, 22.78, 22.04, 3.82, 81.51, 58.68, -77.01, 39.23, 0, 0
2.00, 5.70, 23.39, 23.39, 856.48, 20.00, 4.63, 23.89, 23.16, 0.00, 109.86, 63.07, -61.15, 28.60, 0, 0
2.00, 5.70, 23.68, 23.68, 975.08, 20.00, 4.63, 25.00, 24.25, 0.00, 112.96, 70.12, -34.33, 20.08, 0, 0
2.00, 5.70, 23.88, 23.88, 932.07, 20.00, 4.63, 25.00, 24.25, 0.00, 76.97, 79.12, 8.66, 17.44, 0, 0
2.00, 5.70, 24.13, 24.13, 1154.20, 20.00, 4.63, 26.11, 25.35, 0.00, 121.48, 89.46, 46.31, 22.86, 0, 0
2.00, 5.70, 24.32, 24.32, 1155.78, 20.00, 4.63, 26.11, 25.35, 0.00, 93.00, 0.00, 67.94, 32.46, 0, 0
2.00, 5.70, 24.49, 24.49, 1217.63, 20.00, 4.63, 26.11, 25.35, 0.00, 87.54, 0.00, 81.60, 43.43, 0, 0
2.00, 5.70, 24.65, 24.65, 1267.65, 20.00, 4.63, 25.56, 24.78, 0.00, 65.57, 0.00, 90.00, 54.77, 0, 0
2.00, 5.70, 24.83, 24.83, 1374.72, 20.00, 4.63, 25.00, 24.23, 0.00, 38.57, 0.00, 101.04, 66.06, 0, 0
2.00, 5.70, 24.92, 24.92, 1268.55, 20.00, 4.63, 23.89, 23.12, 0.00, 16.66, 0.00, 109.83, 77.02, 0, 0
2.00, 5.70, 24.94, 24.94, 1149.85, 20.00, 4.63, 22.78, 22.01, 0.00, 2.38, 0.00, 119.00, 87.37, 0, 0
2.00, 5.70, 24.92, 24.92, 1062.61, 20.00, 4.63, 21.11, 20.35, 0.00, 0.00, 0.00, 0.00, 90.00, 0, 0
2.00, 5.70, 24.81, 24.81, 823.83, 20.00, 4.63, 19.44, 18.69, 0.00, 0.00, 0.00, 0.00, 90.00, 0, 0
2.00, 5.70, 23.86, 23.86, -586.37, 20.00, 4.63, 18.33, 17.56, 0.00, 0.00, 0.00, 0.00, 90.00, 0, 0
2.00, 5.70, 23.01, 23.01, -1236.52, 20.00, 4.63, 16.67, 15.90, 0.00, 0.00, 0.00, 0.00, 90.00, 0, 0
2.00, 5.70, 22.28, 22.28, -1702.87, 20.00, 4.63, 15.56, 14.79, 0.00, 0.00, 0.00, 0.00, 90.00, 0, 0
2.00, 5.70, 21.54, 21.54, -2343.72, 20.00, 4.63, 13.89, 13.13, 0.00, 0.00, 0.00, 0.00, 90.00, 0, 0
2.00, 5.70, 20.86, 20.86, -2808.09, 20.00, 4.63, 12.78, 12.00, 0.00, 0.00, 0.00, 0.00, 90.00, 0, 0
2.00, 5.70, 20.14, 20.14, -3456.31, 20.00, 4.63, 11.11, 10.34, 0.00, 0.00, 0.00, 0.00, 90.00, 0, 0
2.00, 5.70, 19.46, 19.46, -3928.27, 20.00, 4.63, 10.00, 9.23, 0.00, 0.00, 0.00, 0.00, 90.00, 0, 0
2.00, 5.70, 19.25, 19.25, -3371.92, 20.00, 4.63, 11.67, 10.89, 0.00, 22.18, 73.29, -115.49, 83.62, 0, 0
2.00, 5.70, 20.35, 20.35, 46.72, 20.00, 4.63, 14.44, 13.66, 167.87, 52.44, 65.42, -106.52, 73.01, 0, 0
2.00, 5.70, 21.17, 21.17, 272.34, 20.00, 4.63, 16.11, 15.33, 100.37, 79.91, 59.94, -97.70, 61.90, 0, 0
2.00, 5.70, 21.82, 21.82, 470.63, 20.00, 4.63, 17.78, 16.99, 56.37, 108.45, 58.69, -90.00, 50.56, 0, 0
2.00, 5.70, 22.35, 22.35, 649.97, 20.00, 4.63, 19.44, 18.65, 18.80, 133.35, 58.64, -77.02, 39.29, 0, 0
2.00, 5.70, 22.77, 22.77, 779.20, 20.00, 4.63, 21.11, 20.31, 0.00, 151.25, 63.02, -61.17, 28.65, 0, 0
2.00, 5.70, 23.16, 23.16, 954.96, 20.00, 4.63, 22.78, 21.97, 0.00, 174.03, 70.07, -34.41, 20.13, 0, 0
2.00, 5.70, 23.49, 23.49, 1050.09, 20.00, 4.63, 23.33, 22.54, 0.00, 168.95, 79.06, 8.49, 17.46, 0, 0
2.00, 5.70, 23.77, 23.77, 1140.54, 20.00, 4.63, 23.89, 23.08, 0.00, 152.27, 89.40, 46.16, 22.85, 0, 0
2.00, 5.70, 24.03, 24.03, 1252.81, 20.00, 4.63, 24.44, 23.63, 0.00, 149.65, 0.00, 67.84, 32.44, 0, 0
2.00, 5.70, 24.29, 24.29, 1368.29, 20.00, 4.63, 24.44, 23.63, 0.00, 131.23, 0.00, 81.52, 43.41, 0, 0
2.00, 5.70, 24.54, 24.54, 1479.49, 20.00, 4.63, 23.89, 23.08, 0.00, 98.98, 0.00, 90.00, 54.75, 0, 0
2.00, 5.70, 24.83, 24.83, 1688.52, 20.00, 4.63, 22.78, 21.97, 0.00, 67.52, 0.00, 100.98, 66.04, 0, 0
2.00, 5.70, 25.00, 25.00, 1645.71, 20.00, 4.63, 21.11, 20.31, 0.00, 35.74, 0.00, 109.78, 77.00, 0, 0
2.00, 5.70, 24.94, 24.94, 1171.39, 20.00, 4.63, 19.44, 18.65, 0.00, 9.50, 0.00, 118.94, 87.35, 0, 0
2.00, 5.70, 24.85, 24.85, 1047.31, 20.00, 4.63, 18.33, 17.54, 0.00, 0.00, 0.00, 0.00, 90.00, 0, 0
2.00, 5.70, 24.69, 24.69, 805.22, 20.00, 4.63, 17.22, 16.43, 0.00, 0.00, 0.00, 0.00, 90.00, 0, 0
2.00, 5.70, 23.37, 23.37, -1420.05, 20.00, 4.63, 15.56, 14.77, 0.00, 0.00, 0.00, 0.00, 90.00, 0, 0
2.00, 5.70, 22.35, 22.35, -1941.55, 20.00, 4.63, 14.44, 13.64, 0.00, 0.00, 0.00, 0.00, 90.00, 0, 0
2.00, 5.70, 21.58, 21.58, -2254.87, 20.00, 4.63, 13.89, 13.09, 0.00, 0.00, 0.00, 0.00, 90.00, 0, 0
2.00, 5.70, 20.97, 20.97, -2545.42, 20.00, 4.63, 13.33, 12.53, 0.00, 0.00, 0.00, 0.00, 90.00, 0, 0
2.00, 5.70, 20.44, 20.44, -2821.74, 20.00, 4.63, 12.78, 11.98, 0.00, 0.00, 0.00, 0.00, 90.00, 0, 0
2.00, 5.70, 19.98, 19.98, -3089.48, 20.00, 4.63, 12.22, 11.42, 0.00, 0.00, 0.00, 0.00, 90.00, 0, 0
2.00, 5.70, 19.55, 19.55, -3351.81, 20.00, 4.63, 11.67, 10.87, 0.00, 0.00, 0.00, 0.00, 90.00, 0, 0
2.00, 5.70, 19.32, 19.32, -3200.19, 20.00, 4.63, 12.22, 11.44, 0.00, 7.13, 73.30, -115.49, 83.68, 0, 0
2.00, 5.70, 20.14, 20.14, -341.90, 20.00, 4.63, 13.33, 12.55, 0.00, 17.42, 65.42, -106.52, 73.07, 0, 0
2.00, 5.70, 20.75, 20.75, -178.27, 20.00, 4.63, 14.44, 13.66, 2.61, 32.79, 59.92, -97.70, 61.96, 0, 0
2.00, 5.70, 21.30, 21.30, 139.31, 20.00, 4.63, 16.11, 15.32, 26.84, 79.43, 58.66, -90.00, 50.62, 0, 0
2.00, 5.70, 21.74, 21.74, 270.03, 20.00, 4.63, 17.78, 16.99, 4.85, 84.07, 58.59, -77.02, 39.35, 0, 0
2.00, 5.70, 22.10, 22.10, 410.64, 20.00, 4.63, 18.89, 18.09, 0.00, 101.00, 62.96, -61.19, 28.71, 0, 0
2.00, 5.70, 22.45, 22.45, 598.97, 20.00, 4.63, 20.56, 19.74, 0.00, 126.88, 70.01, -34.49, 20.19, 0, 0
2.00, 5.70, 22.78, 22.78, 760.13, 20.00, 4.63, 21.67, 20.86, 0.00, 148.25, 79.00, 8.31, 17.49, 0, 0
2.00, 5.70, 23.04, 23.04, 814.71, 20.00, 4.63, 22.22, 21.42, 0.00, 118.96, 89.34, 46.00, 22.85, 0, 0
2.00, 5.70, 23.29, 23.29, 924.29, 20.00, 4.63, 22.78, 21.97, 0.00, 124.04, 0.00, 67.73, 32.43, 0, 0
2.00, 5.70, 23.47, 23.47, 924.67, 20.00, 4.63, 22.78, 21.97, 0.00, 92.63, 0.00, 81.43, 43.39, 0, 0
2.00, 5.70, 23.59, 23.59, 890.37, 20.00, 4.63, 22.22, 21.42, 0.00, 56.26, 0.00, 90.00, 54.73, 0, 0
2.00, 5.70, 23.79, 23.79, 1085.96, 20.00, 4.63, 21.67, 20.86, 0.00, 42.96, 0.00, 100.92, 66.02, 0, 0
2.00, 5.70, 23.91, 23.91, 1019.76, 20.00, 4.63, 20.56, 19.76, 0.00, 21.06, 0.00, 109.72, 76.98, 0, 0
2.00, 5.70, 23.91, 23.91, 843.31, 20.00, 4.63, 19.44, 18.65, 0.00, 3.96, 0.00, 118.88, 87.34, 0, 0
2.00, 5.70, 23.89, 23.89, 759.10, 20.00, 4.63, 18.33, 17.56, 0.00, 0.00, 0.00, 0.00, 90.00, 0, 0
2.00, 5.70, 23.78, 23.78, 535.69, 20.00, 4.63, 17.22, 16.45, 0.00, 0.00, 0.00, 0.00, 90.00, 0, 0
2.00, 5.70, 22.68, 22.68, -1484.28, 20.00, 4.63, 16.11, 15.33, 0.00, 0.00, 0.00, 0.00, 90.00, 0, 0
2.00, 5.70, 21.89, 21.89, -1796.51, 20.00, 4.63, 15.56, 14.77, 0.00, 0.00, 0.00, 0.00, 90.00, 0, 0
2.00, 5.70, 21.19, 21.19, -2262.29, 20.00, 4.63, 14.44, 13.66, 0.00, 0.00, 0.00, 0.00, 90.00, 0, 0
2.00, 5.70, 20.54, 20.54, -2720.81, 20.00, 4.63, 13.33, 12.55, 0.00, 0.00, 0.00, 0.00, 90.00, 0, 0
2.00, 5.70, 19.93, 19.93, -3176.77, 20.00, 4.63, 12.22, 11.44, 0.00, 0.00, 0.00, 0.00, 90.00, 0, 0
2.00, 5.70, 19.41, 19.41, -3447.10, 20.00, 4.63, 11.67, 10.87, 0.00, 0.00, 0.00, 0.00, 90.00, 0, 0
2.00, 5.70, 18.87, 18.87, -3896.53, 20.00, 4.63, 10.56, 9.76, 0.00, 0.00, 0.00, 0.00, 90.00, 0, 0
2.00, 5.70, 18.74, 18.74, -3351.09, 20.00, 4.63, 12.22, 11.44, 0.00, 15.05, 73.29, -115.49, 83.75, 0, 0
2.00, 5.70, 19.59, 19.59, -423.75, 20.00, 4.63, 13.33, 12.56, 31.44, 28.94, 65.40, -106.52, 73.14, 0, 0
2.00, 5.70, 20.30, 20.30, -74.74, 20.00, 4.63, 15.56, 14.77, 57.90, 64.85, 59.90, -97.69, 62.03, 0, 0
2.00, 5.70, 20.87, 20.87, 115.59, 20.00, 4.63, 17.22, 16.43, 28.35, 86.85, 58.62, -90.00, 50.68, 0, 0
2.00, 5.70, 21.35, 21.35, 303.15, 20.00, 4.63, 18.89, 18.09, 9.88, 107.02, 58.54, -77.01, 39.41, 0, 0
2.00, 5.70, 21.72, 21.72, 378.35, 20.00, 4.63, 19.44, 18.65, 0.00, 109.88, 62.90, -61.19, 28.78, 0, 0
2.00, 5.70, 22.04, 22.04, 517.84, 20.00, 4.63, 20.56, 19.74, 0.00, 125.07, 69.95, -34.56, 20.25, 0, 0
2.00, 5.70, 22.29, 22.29, 559.30, 20.00, 4.63, 21.11, 20.29, 0.00, 106.83, 78.94, 8.13, 17.53, 0, 0
2.00, 5.70, 22.54, 22.54, 682.51, 20.00, 4.63, 21.67, 20.86, 0.00, 119.01, 89.28, 45.84, 22.86, 0, 0
2.00, 5.70, 22.72, 22.72, 677.17, 20.00, 4.63, 21.67, 20.86, 0.00, 92.60, 0.00, 67.61, 32.42, 0, 0
2.00, 5.70, 22.85, 22.85, 667.91, 20.00, 4.63, 21.67, 20.83, 0.00, 73.87, 0.00, 81.34, 43.37, 0, 0
2.00, 5.70, 23.00, 23.00, 766.26, 20.00, 4.63, 21.11, 20.29, 0.00, 68.28, 0.00, 90.00, 54.71, 0, 0
2.00, 5.70, 23.19, 23.19, 922.29, 20.00, 4.63, 20.00, 19.18, 0.00, 47.69, 0.00, 100.85, 66.01, 0, 0
2.00, 5.70, 23.35, 23.35, 933.57, 20.00, 4.63, 18.89, 18.09, 0.00, 26.28, 0.00, 109.65, 76.97, 0, 0
2.00, 5.70, 23.34, 23.34, 683.67, 20.00, 4.63, 17.78, 16.97, 0.00, 7.92, 0.00, 118.82, 87.34, 0, 0
2.00, 5.70, 23.30, 23.30, 578.88, 20.00, 4.63, 16.67, 15.84, 0.00, 0.00, 0.00, 0.00, 90.00, 0, 0
2.00, 5.70, 23.16, 23.16, 323.22, 20.00, 4.63, 15.00, 14.19, 0.00, 0.00, 0.00, 0.00, 90.00, 0, 0
2.00, 5.70, 21.84, 21.84, -2321.93, 20.00, 4.63, 13.89, 13.05, 0.00, 0.00, 0.00, 0.00, 90.00, 0, 0
2.00, 5.70, 20.74, 20.74, -3027.56, 20.00, 4.63, 12.22, 11.40, 0.00, 0.00, 0.00, 0.00, 90.00, 0, 0
2.00, 5.70, 19.83, 19.83, -3532.71, 20.00, 4.63, 11.11, 10.29, 0.00, 0.00, 0.00, 0.00, 90.00, 0, 0
2.00, 5.70, 19.04, 19.04, -4022.51, 20.00, 4.63, 10.00, 9.18, 0.00, 0.00, 0.00, 0.00, 90.00, 0, 0
2.00, 5.70, 18.32, 18.32, -4504.74, 20.00, 4.63, 8.89, 8.07, 0.00, 0.00, 0.00, 0.00, 90.00, 0, 0
2.00, 5.70, 17.63, 17.63, -4984.10, 20.00, 4.63, 7.78, 6.96, 0.00, 0.00, 0.00, 0.00, 90.00, 0, 0
2.00, 5.70, 16.97, 16.97, -5463.51, 20.00, 4.63, 6.67, 5.86, 0.00, 0.00, 0.00, 0.00, 90.00, 0, 0
2.00, 5.70, 16.67, 16.67, -5120.05, 20.00, 4.63, 7.78, 6.95, 0.00, 11.09, 73.29, -115.49, 83.82, 0, 0
2.00, 5.70, 17.83, 17.83, -737.58, 20.00, 4.63, 10.00, 9.16, 99.50, 41.29, 65.38, -106.51, 73.21, 0, 0
2.00, 5.70, 18.83, 18.83, -225.21, 20.00, 4.63, 12.78, 11.94, 140.48, 93.04, 59.86, -97.68, 62.10, 0, 0
2.00, 5.70, 19.64, 19.64, 72.31, 20.00, 4.63, 15.56, 14.73, 86.48, 130.47, 58.59, -90.00, 50.75, 0, 0
2.00, 5.70, 20.25, 20.25, 202.31, 20.00, 4.63, 17.22, 16.39, 22.26, 141.90, 58.48, -76.99, 39.48, 0, 0
2.00, 5.70, 20.71, 20.71, 272.65, 20.00, 4.63, 18.33, 17.50, 0.00, 143.21, 62.84, -61.19, 28.85, 0, 0
2.00, 5.70, 21.09, 21.09, 386.95, 20.00, 4.63, 19.44, 18.59, 0.00, 140.09, 69.88, -34.61, 20.31, 0, 0
2.00, 5.70, 21.40, 21.40, 478.23, 20.00, 4.63, 20.00, 19.15, 0.00, 139.93, 78.87, 7.96, 17.58, 0, 0
2.00, 5.70, 21.68, 21.68, 584.23, 20.00, 4.63, 20.56, 19.70, 0.00, 141.16, 89.21, 45.66, 22.87, 0, 0
2.00, 5.70, 21.91, 21.91, 631.06, 20.00, 4.63, 20.56, 19.70, 0.00, 128.39, 0.00, 67.48, 32.41, 0, 0
2.00, 5.70, 22.12, 22.12, 704.50, 20.00, 4.63, 20.56, 19.70, 0.00, 113.73, 0.00, 81.24, 43.36, 0, 0
2.00, 5.70, 22.31, 22.31, 748.79, 20.00, 4.63, 20.00, 19.15, 0.00, 81.47, 0.00, 90.00, 54.70, 0, 0
2.00, 5.70, 22.59, 22.59, 1018.25, 20.00, 4.63, 18.89, 18.04, 0.00, 62.00, 0.00, 100.77, 66.00, 0, 0
2.00, 5.70, 22.83, 22.83, 1101.08, 20.00, 4.63, 17.22, 16.39, 0.00, 36.24, 0.00, 109.58, 76.97, 0, 0
2.00, 5.70, 22.79, 22.79, 627.23, 20.00, 4.63, 16.11, 15.28, 0.00, 10.30, 0.00, 118.75, 87.34, 0, 0
2.00, 5.70, 22.71, 22.71, 487.51, 20.00, 4.63, 15.00, 14.17, 0.00, 0.00, 0.00, 0.00, 90.00, 0, 0
2.00, 5.70, 22.53, 22.53, 212.11, 20.00, 4.63, 13.33, 12.51, 0.00, 0.00, 0.00, 0.00, 90.00, 0, 0
2.00, 5.70, 21.06, 21.06, -2914.80, 20.00, 4.63, 12.22, 11.40, 0.00, 0.00, 0.00, 0.00, 90.00, 0, 0
2.00, 5.70, 19.84, 19.84, -3648.65, 20.00, 4.63, 10.56, 9.73, 0.00, 0.00, 0.00, 0.00, 90.00, 0, 0
2.00, 5.70, 18.95, 18.95, -3985.87, 20.00, 4.63, 10.00, 9.18, 0.00, 0.00, 0.00, 0.00, 90.00, 0, 0
2.00, 5.70, 18.24, 18.24, -4294.27, 20.00, 4.63, 9.44, 8.62, 0.00, 0.00, 0.00, 0.00, 90.00, 0, 0
2.00, 5.70, 17.65, 17.65, -4584.93, 20.00, 4.63, 8.89, 8.05, 0.00, 0.00, 0.00, 0.00, 90.00, 0, 0
2.00, 5.70, 17.05, 17.05, -5054.70, 20.00, 4.63, 7.78, 6.96, 0.00, 0.00, 0.00, 0.00, 90.00, 0, 0
2.00, 5.70, 16.53, 16.53, -5336.20, 20.00, 4.63, 7.22, 6.40, 0.00, 0.00, 0.00, 0.00, 90.00, 0, 0
2.00, 5.70, 16.46, 16.46, -4684.25, 20.00, 4.63, 8.89, 8.07, 0.00, 21.38, 73.27, -115.48, 83.89, 0, 0
2.00, 5.70, 17.65, 17.65, -507.37, 20.00, 4.63, 11.67, 10.86, 151.43, 48.80, 65.36, -106.49, 73.28, 0, 0
2.00, 5.70, 18.64, 18.64, -70.89, 20.00, 4.63, 13.89, 13.08, 154.43, 94.01, 59.82, -97.66, 62.17, 0, 0
2.00, 5.70, 19.47, 19.47, 252.42, 20.00, 4.63, 16.67, 15.84, 104.51, 136.45, 58.55, -90.00, 50.82, 0, 0
2.00, 5.70, 20.14, 20.14, 473.48, 20.00, 4.63, 18.89, 18.06, 35.01, 169.53, 58.42, -76.97, 39.55, 0, 0
2.00, 5.70, 20.66, 20.66, 567.45, 20.00, 4.63, 20.56, 19.72, 0.00, 184.47, 62.77, -61.17, 28.92, 0, 0
2.00, 5.70, 21.10, 21.10, 723.58, 20.00, 4.63, 22.22, 21.38, 0.00, 191.43, 69.80, -34.66, 20.39, 0, 0
2.00, 5.70, 21.50, 21.50, 871.18, 20.00, 4.63, 23.33, 22.49, 0.00, 195.15, 78.79, 7.78, 17.63, 0, 0
2.00, 5.70, 21.85, 21.85, 992.06, 20.00, 4.63, 23.89, 23.04, 0.00, 198.52, 89.13, 45.47, 22.89, 0, 0
2.00, 5.70, 22.18, 22.18, 1119.70, 20.00, 4.63, 24.44, 23.58, 0.00, 179.82, 0.00, 67.34, 32.41, 0, 0
2.00, 5.70, 22.52, 22.52, 1309.13, 20.00, 4.63, 24.44, 23.58, 0.00, 159.30, 0.00, 81.13, 43.36, 0, 0
2.00, 5.70, 22.89, 22.89, 1521.92, 20.00, 4.63, 23.89, 23.04, 0.00, 123.44, 0.00, 90.00, 54.70, 0, 0
2.00, 5.70, 23.24, 23.24, 1669.02, 20.00, 4.63, 22.78, 21.92, 0.00, 72.40, 0.00, 100.69, 65.99, 0, 0
2.00, 5.70, 23.44, 23.44, 1541.09, 20.00, 4.63, 20.56, 19.72, 0.00, 33.94, 0.00, 109.50, 76.97, 0, 0
2.00, 5.70, 23.39, 23.39, 1085.06, 20.00, 4.63, 19.44, 18.61, 0.00, 9.50, 0.00, 118.67, 87.34, 0, 0
2.00, 5.70, 23.30, 23.30, 918.34, 20.00, 4.63, 17.78, 16.95, 0.00, 0.00, 0.00, 0.00, 90.00, 0, 0
2.00, 5.70, 23.11, 23.11, 614.03, 20.00, 4.63, 16.67, 15.84, 0.00, 0.00, 0.00, 0.00, 90.00, 0, 0
2.00, 5.70, 21.89, 21.89, -1762.90, 20.00, 4.63, 15.00, 14.17, 0.00, 0.00, 0.00, 0.00, 90.00, 0, 0
2.00, 5.70, 20.94, 20.94, -2287.22, 20.00, 4.63, 13.89, 13.05, 0.00, 0.00, 0.00, 0.00, 90.00, 0, 0
2.00, 5.70, 20.13, 20.13, -2785.89, 20.00, 4.63, 12.78, 11.94, 0.00, 0.00, 0.00, 0.00, 90.00, 0, 0
2.00, 5.70, 19.50, 19.50, -3085.55, 20.00, 4.63, 12.22, 11.38, 0.00, 0.00, 0.00, 0.00, 90.00, 0, 0
2.00, 5.70, 18.97, 18.97, -3368.69, 20.00, 4.63, 11.67, 10.81, 0.00, 0.00, 0.00, 0.00, 90.00, 0, 0
2.00, 5.70, 18.42, 18.42, -3828.36, 20.00, 4.63, 10.56, 9.71, 0.00, 0.00, 0.00, 0.00, 90.00, 0, 0
2.00, 5.70, 17.94, 17.94, -4103.38, 20.00, 4.63, 10.00, 9.16, 0.00, 0.00, 0.00, 0.00, 90.00, 0, 0
2.00, 5.70, 17.71, 17.71, -3885.25, 20.00, 4.63, 10.56, 9.71, 0.00, 6.34, 73.26, -115.46, 83.97, 0, 0
2.00, 5.70, 18.60, 18.60, -451.49, 20.00, 4.63, 12.22, 11.38, 31.97, 28.18, 65.32, -106.47, 73.36, 0, 0
2.00, 5.70, 19.28, 19.28, -261.86, 20.00, 4.63, 13.89, 13.03, 15.63, 44.01, 59.77, -97.63, 62.24, 0, 0
2.00, 5.70, 19.85, 19.85, -9.39, 20.00, 4.63, 15.56, 14.71, 21.63, 74.78, 58.52, -90.00, 50.90, 0, 0
2.00, 5.70, 20.26, 20.26, 37.11, 20.00, 4.63, 16.11, 15.25, 3.70, 67.75, 58.34, -76.93, 39.63, 0, 0
2.00, 5.70, 20.63, 20.63, 201.10, 20.00, 4.63, 17.22, 16.36, 0.00, 95.12, 62.69, -61.14, 29.00, 0, 0
2.00, 5.70, 21.00, 21.00, 421.44, 20.00, 4.63, 18.89, 18.02, 0.00, 134.22, 69.72, -34.69, 20.47, 0, 0
2.00, 5.70, 21.32, 21.32, 535.98, 20.00, 4.63, 20.00, 19.13, 0.00, 130.65, 78.72, 7.60, 17.69, 0, 0
2.00, 5.70, 21.61, 21.61, 653.39, 20.00, 4.63, 21.11, 20.22, 0.00, 131.94, 89.06, 45.28, 22.91, 0, 0
2.00, 5.70, 21.84, 21.84, 686.96, 20.00, 4.63, 21.11, 20.24, 0.00, 114.31, 0.00, 67.20, 32.42, 0, 0
2.00, 5.70, 22.02, 22.02, 686.86, 20.00, 4.63, 21.11, 20.24, 0.00, 88.34, 0.00, 81.02, 43.36, 0, 0
2.00, 5.70, 22.15, 22.15, 675.05, 20.00, 4.63, 20.56, 19.67, 0.00, 57.49, 0.00, 90.00, 54.69, 0, 0
2.00, 5.70, 22.31, 22.31, 779.96, 20.00, 4.63, 20.00, 19.13, 0.00, 33.87, 0.00, 100.60, 65.99, 0, 0
2.00, 5.70, 22.39, 22.39, 692.30, 20.00, 4.63, 18.89, 18.02, 0.00, 16.27, 0.00, 109.42, 76.97, 0, 0
2.00, 5.70, 22.42, 22.42, 587.80, 20.00, 4.63, 17.78, 16.91, 0.00, 3.96, 0.00, 118.59, 87.35, 0, 0
2.00, 5.70, 22.41, 22.41, 507.57, 20.00, 4.63, 16.67, 15.80, 0.00, 0.00, 0.00, 0.00, 90.00, 0, 0
2.00, 5.70, 22.29, 22.29, 237.50, 20.00, 4.63, 15.56, 14.69, 0.00, 0.00, 0.00, 0.00, 90.00, 0, 0
2.00, 5.70, 21.16, 21.16, -2235.27, 20.00, 4.63, 14.44, 13.58, 0.00, 0.00, 0.00, 0.00, 90.00, 0, 0
2.00, 5.70, 20.25, 20.25, -2739.18, 20.00, 4.63, 13.33, 12.47, 0.00, 0.00, 0.00, 0.00, 90.00, 0, 0
2.00, 5.70, 19.49, 19.49, -3222.81, 20.00, 4.63, 12.22, 11.36, 0.00, 0.00, 0.00, 0.00, 90.00, 0, 0
2.00, 5.70, 18.80, 18.80, -3696.18, 20.00, 4.63, 11.11, 10.25, 0.00, 0.00, 0.00, 0.00, 90.00, 0, 0
2.00, 5.70, 18.15, 18.15, -4165.14, 20.00, 4.63, 10.00, 9.14, 0.00, 0.00, 0.00, 0.00, 90.00, 0, 0
2.00, 5.70, 17.52, 17.52, -4633.28, 20.00, 4.63, 8.89, 8.03, 0.00, 0.00, 0.00, 0.00, 90.00, 0, 0
2.00, 5.70, 16.98, 16.98, -4912.60, 20.00, 4.63, 8.33, 7.47, 0.00, 0.00, 0.00, 0.00, 90.00, 0, 0
2.00, 5.70, 16.69, 16.69, -4757.22, 20.00, 4.63, 8.89, 8.03, 0.00, 8.71, 73.23, -115.44, 84.05, 0, 0
2.00, 5.70, 17.67, 17.67, -770.23, 20.00, 4.63, 11.11, 10.25, 65.73, 34.09, 65.29, -106.44, 73.44, 0, 0
2.00, 5.70, 18.53, 18.53, -322.18, 20.00, 4.63, 13.33, 12.49, 114.26, 80.15, 59.72, -97.59, 62.32, 0, 0
2.00, 5.70, 19.26, 19.26, 4.93, 20.00, 4.63, 16.11, 15.25, 84.44, 121.32, 58.48, -90.00, 50.97, 0, 0
2.00, 5.70, 19.84, 19.84, 182.30, 20.00, 4.63, 17.78, 16.93, 26.65, 146.55, 58.27, -76.88, 39.71, 0, 0
2.00, 5.70, 20.32, 20.32, 339.57, 20.00, 4.63, 20.00, 19.13, 0.00, 173.81, 62.61, -61.10, 29.08, 0, 0
2.00, 5.70, 20.74, 20.74, 496.41, 20.00, 4.63, 21.67, 20.79, 0.00, 180.51, 69.64, -34.71, 20.55, 0, 0
2.00, 5.70, 21.11, 21.11, 634.49, 20.00, 4.63, 22.78, 21.90, 0.00, 185.38, 78.63, 7.43, 17.75, 0, 0
2.00, 5.70, 21.43, 21.43, 744.81, 20.00, 4.63, 23.33, 22.47, 0.00, 171.73, 88.98, 45.08, 22.94, 0, 0
2.00, 5.70, 21.74, 21.74, 885.59, 20.00, 4.63, 23.89, 23.01, 0.00, 168.92, 0.00, 67.04, 32.43, 0, 0
2.00, 5.70, 22.07, 22.07, 1076.93, 20.00, 4.63, 23.89, 23.01, 0.00, 153.29, 0.00, 80.89, 43.36, 0, 0
2.00, 5.70, 22.38, 22.38, 1194.53, 20.00, 4.63, 23.33, 22.47, 0.00, 109.09, 0.00, 90.00, 54.70, 0, 0
2.00, 5.70, 22.60, 22.60, 1159.38, 20.00, 4.63, 21.67, 20.83, 0.00, 52.77, 0.00, 100.51, 66.00, 0, 0
2.00, 5.70, 22.68, 22.68, 979.00, 20.00, 4.63, 20.00, 19.18, 0.00, 23.41, 0.00, 109.34, 76.98, 0, 0
2.00, 5.70, 22.65, 22.65, 750.85, 20.00, 4.63, 18.89, 18.06, 0.00, 7.13, 0.00, 118.51, 87.37, 0, 0
2.00, 5.70, 22.61, 22.61, 662.24, 20.00, 4.63, 18.33, 17.50, 0.00, 0.00, 0.00, 0.00, 90.00, 0, 0
2.00, 5.70, 22.48, 22.48, 426.62, 20.00, 4.63, 17.22, 16.41, 0.00, 0.00, 0.00, 0.00, 90.00, 0, 0
2.00, 5.70, 21.53, 21.53, -1584.07, 20.00, 4.63, 16.11, 15.30, 0.00, 0.00, 0.00, 0.00, 90.00, 0, 0
2.00, 5.70, 20.75, 20.75, -2071.79, 20.00, 4.63, 15.00, 14.19, 0.00, 0.00, 0.00, 0.00, 90.00, 0, 0
2.00, 5.70, 20.23, 20.23, -2178.48, 20.00, 4.63, 15.00, 14.17, 0.00, 0.00, 0.00, 0.00, 90.00, 0, 0
2.00, 5.70, 19.78, 19.78, -2441.02, 20.00, 4.63, 14.44, 13.62, 0.00, 0.00, 0.00, 0.00, 90.00, 0, 0
2.00, 5.70, 19.39, 19.39, -2695.10, 20.00, 4.63, 13.89, 13.08, 0.00, 0.00, 0.00, 0.00, 90.00, 0, 0
2.00, 5.70, 19.10, 19.10, -2760.90, 20.00, 4.63, 13.89, 13.08, 0.00, 0.00, 0.00, 0.00, 90.00, 0, 0
2.00, 5.70, 18.80, 18.80, -2998.83, 20.00, 4.63, 13.33, 12.53, 0.00, 0.00, 0.00, 0.00, 90.00, 0, 0
2.00, 5.70, 18.75, 18.75, -2652.69, 20.00, 4.63, 14.44, 13.64, 0.00, 6.34, 73.20, -115.41, 84.14, 0, 0
2.00, 5.70, 19.33, 19.33, -409.39, 20.00, 4.63, 15.56, 14.75, 1.38, 18.10, 65.24, -106.40, 73.52, 0, 0
2.00, 5.70, 19.79, 19.79, -249.19, 20.00, 4.63, 16.67, 15.86, 4.40, 35.69, 59.66, -97.55, 62.40, 0, 0
2.00, 5.70, 20.16, 20.16, -112.30, 20.00, 4.63, 17.78, 16.97, 2.68, 48.88, 58.44, -90.00, 51.05, 0, 0
2.00, 5.70, 20.49, 20.49, 32.46, 20.00, 4.63, 18.89, 18.06, 1.26, 64.83, 58.18, -76.83, 39.79, 0, 0
2.00, 5.70, 20.78, 20.78, 168.50, 20.00, 4.63, 20.00, 19.18, 0.00, 78.50, 62.52, -61.05, 29.17, 0, 0
2.00, 5.70, 21.06, 21.06, 310.21, 20.00, 4.63, 21.11, 20.27, 0.00, 95.35, 69.55, -34.72, 20.64, 0, 0
2.00, 5.70, 21.29, 21.29, 366.11, 20.00, 4.63, 21.67, 20.83, 0.00, 87.68, 78.55, 7.25, 17.82, 0, 0
2.00, 5.70, 21.46, 21.46, 376.43, 20.00, 4.63, 21.67, 20.81, 0.00, 67.84, 88.89, 44.87, 22.98, 0, 0
2.00, 5.70, 21.57, 21.57, 332.82, 20.00, 4.63, 21.67, 20.81, 0.00, 45.43, 0.00, 66.87, 32.45, 0, 0
2.00, 5.70, 21.65, 21.65, 315.89, 20.00, 4.63, 21.11, 20.27, 0.00, 43.48, 0.00, 80.76, 43.37, 0, 0
2.00, 5.70, 21.85, 21.85, 581.25, 20.00, 4.63, 21.67, 20.81, 0.00, 68.68, 0.00, 90.00, 54.70, 0, 0
2.00, 5.70, 22.07, 22.07, 730.40, 20.00, 4.63, 21.11, 20.27, 0.00, 41.13, 0.00, 100.41, 66.01, 0, 0
2.00, 5.70, 22.15, 22.15, 543.11, 20.00, 4.63, 20.00, 19.15, 0.00, 7.92, 0.00, 109.25, 76.99, 0, 0
2.00, 5.70, 22.18, 22.18, 468.65, 20.00, 4.63, 18.89, 18.04, 0.00, 0.79, 0.00, 118.42, 87.39, 0, 0
2.00, 5.70, 22.18, 22.18, 404.83, 20.00, 4.63, 17.78, 16.91, 0.00, 0.00, 0.00, 0.00, 90.00, 0, 0
2.00, 5.70, 22.08, 22.08, 165.51, 20.00, 4.63, 16.11, 15.25, 0.00, 0.00, 0.00, 0.00, 90.00, 0, 0
2.00, 5.70, 21.06, 21.06, -2137.06, 20.00, 4.63, 15.00, 14.14, 0.00, 0.00, 0.00, 0.00, 90.00, 0, 0
2.00, 5.70, 20.23, 20.23, -2624.49, 20.00, 4.63, 13.89, 13.01, 0.00, 0.00, 0.00, 0.00, 90.00, 0, 0
2.00, 5.70, 19.43, 19.43, -3280.12, 20.00, 4.63, 12.22, 11.36, 0.00, 0.00, 0.00, 0.00, 90.00, 0, 0
2.00, 5.70, 18.64, 18.64, -3939.15, 20.00, 4.63, 10.56, 9.71, 0.00, 0.00, 0.00, 0.00, 90.00, 0, 0
2.00, 5.70, 17.85, 17.85, -4604.73, 20.00, 4.63, 8.89, 8.03, 0.00, 0.00, 0.00, 0.00, 90.00, 0, 0
2.00, 5.70, 17.04, 17.04, -5278.40, 20.00, 4.63, 7.22, 6.38, 0.00, 0.00, 0.00, 0.00, 90.00, 0, 0
2.00, 5.70, 16.21, 16.21, -5961.74, 20.00, 4.63, 5.56, 4.69, 0.00, 0.00, 0.00, 0.00, 90.00, 0, 0
2.00, 5.70, 15.83, 15.83, -5606.27, 20.00, 4.63, 6.67, 5.80, 0.00, 17.42, 73.16, -115.38, 84.23, 0, 0
2.00, 5.70, 16.94, 16.94, -968.97, 20.00, 4.63, 8.89, 8.01, 84.10, 37.48, 65.19, -106.36, 73.61, 0, 0
2.00, 5.70, 17.80, 17.80, -685.74, 20.00, 4.63, 10.56, 9.68, 73.90, 66.04, 59.59, -97.50, 62.49, 0, 0
2.00, 5.70, 18.52, 18.52, -367.68, 20.00, 4.63, 12.78, 11.90, 64.28, 107.47, 58.40, -90.00, 51.14, 0, 0
2.00, 5.70, 19.15, 19.15, -72.22, 20.00, 4.63, 15.00, 14.12, 30.84, 153.88, 58.09, -76.76, 39.88, 0, 0
2.00, 5.70, 19.66, 19.66, 75.52, 20.00, 4.63, 17.22, 16.34, 0.00, 183.22, 62.42, -60.99, 29.26, 0, 0
2.00, 5.70, 20.09, 20.09, 243.73, 20.00, 4.63, 18.89, 17.99, 0.00, 195.92, 69.45, -34.72, 20.73, 0, 0
2.00, 5.70, 20.47, 20.47, 382.21, 20.00, 4.63, 20.00, 19.10, 0.00, 196.52, 78.46, 7.08, 17.90, 0, 0
2.00, 5.70, 20.81, 20.81, 506.81, 20.00, 4.63, 20.56, 19.65, 0.00, 189.89, 88.81, 44.65, 23.02, 0, 0
2.00, 5.70, 21.11, 21.11, 616.00, 20.00, 4.63, 21.11, 20.22, 0.00, 168.31, 0.00, 66.70, 32.47, 0, 0
2.00, 5.70, 21.40, 21.40, 746.28, 20.00, 4.63, 21.11, 20.22, 0.00, 141.97, 0.00, 80.63, 43.38, 0, 0
2.00, 5.70, 21.67, 21.67, 853.71, 20.00, 4.63, 20.56, 19.65, 0.00, 103.09, 0.00, 90.00, 54.71, 0, 0
2.00, 5.70, 21.90, 21.90, 898.14, 20.00, 4.63, 18.89, 17.99, 0.00, 57.64, 0.00, 100.31, 66.02, 0, 0
2.00, 5.70, 21.96, 21.96, 676.47, 20.00, 4.63, 17.22, 16.34, 0.00, 22.67, 0.00, 109.15, 77.01, 0, 0
2.00, 5.70, 21.92, 21.92, 439.27, 20.00, 4.63, 16.11, 15.23, 0.00, 4.75, 0.00, 118.33, 87.42, 0, 0
2.00, 5.70, 21.83, 21.83, 300.25, 20.00, 4.63, 14.44, 13.58, 0.00, 0.00, 0.00, 0.00, 90.00, 0, 0
2.00, 5.70, 21.67, 21.67, 55.13, 20.00, 4.63, 13.33, 12.47, 0.00, 0.00, 0.00, 0.00, 90.00, 0, 0
2.00, 5.70, 20.31, 20.31, -3053.20, 20.00, 4.63, 12.22, 11.33, 0.00, 0.00, 0.00, 0.00, 90.00, 0, 0
2.00, 5.70, 19.17, 19.17, -3774.39, 20.00, 4.63, 10.56, 9.68, 0.00, 0.00, 0.00, 0.00, 90.00, 0, 0
2.00, 5.70, 18.33, 18.33, -4103.02, 20.00, 4.63, 10.00, 9.12, 0.00, 0.00, 0.00, 0.00, 90.00, 0, 0
2.00, 5.70, 17.58, 17.58, -4593.86, 20.00, 4.63, 8.89, 8.01, 0.00, 0.00, 0.00, 0.00, 90.00, 0, 0
2.00, 5.70, 16.97, 16.97, -4888.19, 20.00, 4.63, 8.33, 7.45, 0.00, 0.00, 0.00, 0.00, 90.00, 0, 0
2.00, 5.70, 16.35, 16.35, -5361.12, 20.00, 4.63, 7.22, 6.36, 0.00, 0.00, 0.00, 0.00, 90.00, 0, 0
2.00, 5.70, 15.82, 15.82, -5644.43, 20.00, 4.63, 6.67, 5.80, 0.00, 0.00, 0.00, 0.00, 90.00, 0, 0
2.00, 5.70, 15.62, 15.62, -5283.77, 20.00, 4.63, 7.78, 6.92, 0.00, 12.67, 73.12, -115.34, 84.32, 0, 0
2.00, 5.70, 16.68, 16.68, -964.21, 20.00, 4.63, 10.00, 9.14, 78.50, 35.65, 65.13, -106.31, 73.70, 0, 0
2.00, 5.70, 17.56, 17.56, -569.40, 20.00, 4.63, 12.22, 11.36, 103.41, 74.02, 59.52, -97.45, 62.58, 0, 0
2.00, 5.70, 18.29, 18.29, -281.47, 20.00, 4.63, 14.44, 13.58, 72.87, 111.74, 58.35, -90.00, 51.23, 0, 0
2.00, 5.70, 18.90, 18.90, -44.71, 20.00, 4.63, 16.67, 15.77, 27.26, 143.34, 57.99, -76.69, 39.96, 0, 0
2.00, 5.70, 19.38, 19.38, 82.42, 20.00, 4.63, 18.33, 17.45, 0.00, 168.29, 62.32, -60.92, 29.35, 0, 0
2.00, 5.70, 19.81, 19.81, 251.88, 20.00, 4.63, 20.00, 19.10, 0.00, 181.87, 69.36, -34.70, 20.84, 0, 0
2.00, 5.70, 20.17, 20.17, 377.38, 20.00, 4.63, 21.11, 20.19, 0.00, 177.80, 78.36, 6.91, 17.99, 0, 0
2.00, 5.70, 20.49, 20.49, 484.61, 20.00, 4.63, 21.67, 20.76, 0.00, 164.81, 88.72, 44.43, 23.07, 0, 0
2.00, 5.70, 20.79, 20.79, 596.13, 20.00, 4.63, 22.22, 21.30, 0.00, 154.59, 0.00, 66.52, 32.50, 0, 0
2.00, 5.70, 21.07, 21.07, 709.39, 20.00, 4.63, 22.22, 21.30, 0.00, 131.49, 0.00, 80.48, 43.40, 0, 0
2.00, 5.70, 21.31, 21.31, 785.48, 20.00, 4.63, 21.67, 20.73, 0.00, 92.26, 0.00, 90.00, 54.73, 0, 0
2.00, 5.70, 21.61, 21.61, 995.26, 20.00, 4.63, 20.56, 19.65, 0.00, 61.75, 0.00, 100.20, 66.04, 0, 0
2.00, 5.70, 21.84, 21.84, 1004.65, 20.00, 4.63, 18.89, 17.97, 0.00, 32.49, 0.00, 109.05, 77.03, 0, 0
2.00, 5.70, 21.80, 21.80, 549.02, 20.00, 4.63, 17.22, 16.31, 0.00, 9.50, 0.00, 118.24, 87.45, 0, 0
2.00, 5.70, 21.71, 21.71, 388.90, 20.00, 4.63, 15.56, 14.66, 0.00, 0.00, 0.00, 0.00, 90.00, 0, 0
2.00, 5.70, 21.55, 21.55, 138.85, 20.00, 4.63, 14.44, 13.53, 0.00, 0.00, 0.00, 0.00, 90.00, 0, 0
2.00, 5.70, 20.27, 20.27, -2836.61, 20.00, 4.63, 12.78, 11.88, 0.00, 0.00, 0.00, 0.00, 90.00, 0, 0
2.00, 5.70, 19.18, 19.18, -3552.81, 20.00, 4.63, 11.11, 10.20, 0.00, 0.00, 0.00, 0.00, 90.00, 0, 0
2.00, 5.70, 18.29, 18.29, -4065.97, 20.00, 4.63, 10.00, 9.10, 0.00, 0.00, 0.00, 0.00, 90.00, 0, 0
2.00, 5.70, 17.51, 17.51, -4563.11, 20.00, 4.63, 8.89, 7.99, 0.00, 0.00, 0.00, 0.00, 90.00, 0, 0
2.00, 5.70, 16.71, 16.71, -5243.28, 20.00, 4.63, 7.22, 6.32, 0.00, 0.00, 0.00, 0.00, 90.00, 0, 0
2.00, 5.70, 15.98, 15.98, -5738.41, 20.00, 4.63, 6.11, 5.21, 0.00, 0.00, 0.00, 0.00, 90.00, 0, 0
2.00, 5.70, 15.20, 15.20, -6425.87, 20.00, 4.63, 4.44, 3.54, 0.00, 0.00, 0.00, 0.00, 90.00, 0, 0
2.00, 5.70, 14.84, 14.84, -6068.26, 20.00, 4.63, 5.56, 4.65, 0.00, 17.42, 73.07, -115.29, 84.42, 0, 0
2.00, 5.70, 16.07, 16.07, -964.47, 20.00, 4.63, 7.78, 6.86, 164.05, 46.36, 65.07, -106.26, 73.79, 0, 0
2.00, 5.70, 17.07, 17.07, -558.04, 20.00, 4.63, 10.00, 9.10, 160.42, 87.98, 59.44, -97.38, 62.67, 0, 0
2.00, 5.70, 17.85, 17.85, -328.68, 20.00, 4.63, 11.67, 10.77, 98.28, 125.83, 58.31, -90.00, 51.32, 0, 0
2.00, 5.70, 18.45, 18.45, -179.10, 20.00, 4.63, 13.33, 12.42, 29.23, 147.72, 57.89, -76.61, 40.06, 0, 0
2.00, 5.70, 18.91, 18.91, -70.53, 20.00, 4.63, 15.00, 14.09, 0.00, 172.91, 62.21, -60.83, 29.45, 0, 0
2.00, 5.70, 19.31, 19.31, 58.05, 20.00, 4.63, 16.11, 15.20, 0.00, 185.57, 69.25, -34.68, 20.94, 0, 0
2.00, 5.70, 19.65, 19.65, 185.72, 20.00, 4.63, 17.22, 16.31, 0.00, 189.29, 78.26, 6.75, 18.08, 0, 0
2.00, 5.70, 19.96, 19.96, 291.84, 20.00, 4.63, 17.78, 16.86, 0.00, 181.70, 88.62, 44.19, 23.13, 0, 0
2.00, 5.70, 20.22, 20.22, 370.93, 20.00, 4.63, 17.78, 16.86, 0.00, 165.91, 0.00, 66.33, 32.53, 0, 0
2.00, 5.70, 20.50, 20.50, 526.88, 20.00, 4.63, 17.78, 16.88, 0.00, 148.92, 0.00, 80.33, 43.42, 0, 0
2.00, 5.70, 20.82, 20.82, 757.08, 20.00, 4.63, 17.22, 16.31, 0.00, 122.05, 0.00, 90.00, 54.75, 0, 0
2.00, 5.70, 21.15, 21.15, 927.64, 20.00, 4.63, 16.11, 15.23, 0.00, 75.43, 0.00, 100.09, 66.06, 0, 0
2.00, 5.70, 21.26, 21.26, 636.56, 20.00, 4.63, 14.44, 13.58, 0.00, 28.17, 0.00, 108.94, 77.06, 0, 0
2.00, 5.70, 21.17, 21.17, 273.21, 20.00, 4.63, 13.33, 12.47, 0.00, 4.75, 0.00, 118.14, 87.48, 0, 0
2.00, 5.70, 21.07, 21.07, 134.40, 20.00, 4.63, 12.22, 11.36, 0.00, 0.00, 0.00, 0.00, 90.00, 0, 0
2.00, 5.70, 20.88, 20.88, -126.07, 20.00, 4.63, 11.11, 10.25, 0.00, 0.00, 0.00, 0.00, 90.00, 0, 0
2.00, 5.70, 19.40, 19.40, -3690.91, 20.00, 4.63, 10.56, 9.71, 0.00, 0.00, 0.00, 0.00, 90.00, 0, 0
2.00, 5.70, 18.18, 18.18, -4435.21, 20.00, 4.63, 8.89, 8.05, 0.00, 0.00, 0.00, 0.00, 90.00, 0, 0
2.00, 5.70, 17.45, 17.45, -4400.19, 20.00, 4.63, 9.44, 8.57, 0.00, 0.00, 0.00, 0.00, 90.00, 0, 0
2.00, 5.70, 16.93, 16.93, -4508.02, 20.00, 4.63, 9.44, 8.57, 0.00, 0.00, 0.00, 0.00, 90.00, 0, 0
2.00, 5.70, 16.63, 16.63, -4405.39, 20.00, 4.63, 10.00, 9.14, 0.00, 0.00, 0.00, 0.00, 90.00, 0, 0
2.00, 5.70, 16.40, 16.40, -4468.32, 20.00, 4.63, 10.00, 9.14, 0.00, 0.00, 0.00, 0.00, 90.00, 0, 0
2.00, 5.70, 16.20, 16.20, -4523.16, 20.00, 4.63, 10.00, 9.16, 0.00, 0.00, 0.00, 0.00, 90.00, 0, 0
2.00, 5.70, 16.32, 16.32, -3895.66, 20.00, 4.63, 11.67, 10.84, 0.00, 7.92, 73.02, -115.24, 84.52, 0, 0
2.00, 5.70, 17.06, 17.06, -918.06, 20.00, 4.63, 12.22, 11.40, 4.28, 11.55, 65.00, -106.20, 73.89, 0, 0
2.00, 5.70, 17.57, 17.57, -854.31, 20.00, 4.63, 12.22, 11.40, 0.00, 14.26, 59.35, -97.31, 62.76, 0, 0
2.00, 5.70, 18.00, 18.00, -671.55, 20.00, 4.63, 13.33, 12.51, 2.45, 40.31, 58.26, -90.00, 51.41, 0, 0
2.00, 5.70, 18.40, 18.40, -449.15, 20.00, 4.63, 15.00, 14.19, 1.95, 69.61, 57.78, -76.52, 40.15, 0, 0
2.00, 5.70, 18.75, 18.75, -309.72, 20.00, 4.63, 16.11, 15.30, 0.00, 80.53, 62.10, -60.74, 29.55, 0, 0
2.00, 5.70, 19.08, 19.08, -121.97, 20.00, 4.63, 17.78, 16.95, 0.00, 103.22, 69.14, -34.64, 21.05, 0, 0
2.00, 5.70, 19.44, 19.44, 106.47, 20.00, 4.63, 19.44, 18.61, 0.00, 146.86, 78.16, 6.58, 18.18, 0, 0
2.00, 5.70, 19.80, 19.80, 331.63, 20.00, 4.63, 21.11, 20.27, 0.00, 177.32, 88.53, 43.96, 23.19, 0, 0
2.00, 5.70, 20.12, 20.12, 437.78, 20.00, 4.63, 22.22, 21.38, 0.00, 143.70, 0.00, 66.14, 32.57, 0, 0
2.00, 5.70, 20.36, 20.36, 437.83, 20.00, 4.63, 22.22, 21.38, 0.00, 100.31, 0.00, 80.17, 43.45, 0, 0
2.00, 5.70, 20.60, 20.60, 563.29, 20.00, 4.63, 22.22, 21.40, 0.00, 78.89, 0.00, 90.00, 54.78, 0, 0
2.00, 5.70, 20.93, 20.93, 838.34, 20.00, 4.63, 21.67, 20.83, 0.00, 56.93, 0.00, 99.97, 66.09, 0, 0
2.00, 5.70, 21.20, 21.20, 884.19, 20.00, 4.63, 20.56, 19.74, 0.00, 30.48, 0.00, 108.83, 77.10, 0, 0
2.00, 5.70, 21.24, 21.24, 544.99, 20.00, 4.63, 20.00, 19.20, 0.00, 8.71, 0.00, 118.03, 87.53, 0, 0
2.00, 5.70, 21.25, 21.25, 466.22, 20.00, 4.63, 19.44, 18.63, 0.00, 0.00, 0.00, 0.00, 90.00, 0, 0
2.00, 5.70, 21.15, 21.15, 220.09, 20.00, 4.63, 18.89, 18.09, 0.00, 0.00, 0.00, 0.00, 90.00, 0, 0
2.00, 5.70, 20.60, 20.60, -1299.97, 20.00, 4.63, 17.78, 16.97, 0.00, 0.00, 0.00, 0.00, 90.00, 0, 0
2.00, 5.70, 20.15, 20.15, -1566.83, 20.00, 4.63, 17.22, 16.43, 0.00, 0.00, 0.00, 0.00, 90.00, 0, 0
2.00, 5.70, 19.78, 19.78, -1816.91, 20.00, 4.63, 16.67, 15.86, 0.00, 0.00, 0.00, 0.00, 90.00, 0, 0
2.00, 5.70, 19.36, 19.36, -2238.07, 20.00, 4.63, 15.56, 14.75, 0.00, 0.00, 0.00, 0.00, 90.00, 0, 0
2.00, 5.70, 19.00, 19.00, -2481.59, 20.00, 4.63, 15.00, 14.19, 0.00, 0.00, 0.00, 0.00, 90.00, 0, 0
2.00, 5.70, 18.67, 18.67, -2720.06, 20.00, 4.63, 14.44, 13.64, 0.00, 0.00, 0.00, 0.00, 90.00, 0, 0
2.00, 5.70, 18.27, 18.27, -3139.42, 20.00, 4.63, 13.33, 12.53, 0.00, 0.00, 0.00, 0.00, 90.00, 0, 0
2.00, 5.70, 18.03, 18.03, -3107.94, 20.00, 4.63, 13.33, 12.55, 0.00, 0.79, 72.96, -115.18, 84.62, 0, 0
2.00, 5.70, 18.53, 18.53, -577.62, 20.00, 4.63, 14.44, 13.66, 0.00, 11.88, 64.92, -106.13, 73.99, 0, 0
2.00, 5.70, 18.98, 18.98, -332.78, 20.00, 4.63, 16.11, 15.33, 17.52, 41.60, 59.26, -97.24, 62.86, 0, 0
2.00, 5.70, 19.37, 19.37, -141.10, 20.00, 4.63, 17.78, 16.99, 12.05, 62.27, 58.21, -90.00, 51.51, 0, 0
2.00, 5.70, 19.80, 19.80, 166.66, 20.00, 4.63, 20.00, 19.20, 13.23, 107.11, 57.66, -76.41, 40.25, 0, 0
2.00, 5.70, 20.18, 20.18, 335.78, 20.00, 4.63, 21.67, 20.88, 0.00, 129.13, 61.98, -60.63, 29.66, 0, 0
2.00, 5.70, 20.54, 20.54, 508.77, 20.00, 4.63, 23.33, 22.54, 0.00, 140.58, 69.03, -34.60, 21.17, 0, 0
2.00, 5.70, 20.90, 20.90, 708.63, 20.00, 4.63, 25.00, 24.20, 0.00, 167.58, 78.05, 6.42, 18.29, 0, 0
2.00, 5.70, 21.21, 21.21, 792.79, 20.00, 4.63, 25.56, 24.74, 0.00, 149.00, 88.43, 43.71, 23.26, 0, 0
2.00, 5.70, 21.46, 21.46, 827.23, 20.00, 4.63, 26.11, 25.29, 0.00, 113.89, 0.00, 65.93, 32.61, 0, 0
2.00, 5.70, 21.68, 21.68, 896.47, 20.00, 4.63, 26.11, 25.31, 0.00, 101.52, 0.00, 80.01, 43.48, 0, 0
2.00, 5.70, 21.87, 21.87, 920.58, 20.00, 4.63, 25.56, 24.74, 0.00, 67.47, 0.00, 90.00, 54.81, 0, 0
2.00, 5.70, 22.07, 22.07, 1010.52, 20.00, 4.63, 24.44, 23.65, 0.00, 39.12, 0.00, 99.84, 66.12, 0, 0
2.00, 5.70, 22.18, 22.18, 916.56, 20.00, 4.63, 23.33, 22.54, 0.00, 16.44, 0.00, 108.72, 77.14, 0, 0
2.00, 5.70, 22.22, 22.22, 792.01, 20.00, 4.63, 22.22, 21.42, 0.00, 3.17, 0.00, 117.92, 87.58, 0, 0
2.00, 5.70, 22.24, 22.24, 724.14, 20.00, 4.63, 21.11, 20.33, 0.00, 0.00, 0.00, 0.00, 90.00, 0, 0
2.00, 5.70, 22.14, 22.14, 462.96, 20.00, 4.63, 20.00, 19.22, 0.00, 0.00, 0.00, 0.00, 90.00, 0, 0
2.00, 5.70, 21.60, 21.60, -758.32, 20.00, 4.63, 18.89, 18.10, 0.00, 0.00, 0.00, 0.00, 90.00, 0, 0
2.00, 5.70, 21.09, 21.09, -1196.96, 20.00, 4.63, 17.78, 16.99, 0.00, 0.00, 0.00, 0.00, 90.00, 0, 0
2.00, 5.70, 20.67, 20.67, -1451.41, 20.00, 4.63, 17.22, 16.43, 0.00, 0.00, 0.00, 0.00, 90.00, 0, 0
2.00, 5.70, 20.23, 20.23, -1875.71, 20.00, 4.63, 16.11, 15.32, 0.00, 0.00, 0.00, 0.00, 90.00, 0, 0
2.00, 5.70, 19.77, 19.77, -2303.85, 20.00, 4.63, 15.00, 14.20, 0.00, 0.00, 0.00, 0.00, 90.00, 0, 0
2.00, 5.70, 19.29, 19.29, -2736.24, 20.00, 4.63, 13.89, 13.11, 0.00, 0.00, 0.00, 0.00, 90.00, 0, 0
2.00, 5.70, 18.87, 18.87, -2989.61, 20.00, 4.63, 13.33, 12.55, 0.00, 0.00, 0.00, 0.00, 90.00, 0, 0
2.00, 5.70, 18.76, 18.76, -2629.02, 20.00, 4.63, 14.44, 13.66, 0.00, 13.46, 72.90, -115.12, 84.73, 0, 0
2.00, 5.70, 19.47, 19.47, -39.58, 20.00, 4.63, 16.67, 15.88, 155.85, 46.79, 64.84, -106.06, 74.09, 0, 0
2.00, 5.70, 20.17, 20.17, 410.35, 20.00, 4.63, 19.44, 18.65, 179.97, 93.35, 59.16, -97.15, 62.96, 0, 0
2.00, 5.70, 20.78, 20.78, 685.65, 20.00, 4.63, 21.67, 20.88, 125.18, 137.72, 58.17, -90.00, 51.61, 0, 0
2.00, 5.70, 21.31, 21.31, 907.89, 20.00, 4.63, 23.89, 23.10, 45.89, 176.84, 57.54, -76.30, 40.35, 0, 0
2.00, 5.70, 21.74, 21.74, 992.46, 20.00, 4.63, 26.11, 25.31, 0.00, 204.34, 61.86, -60.52, 29.77, 0, 0
2.00, 5.70, 22.13, 22.13, 1152.79, 20.00, 4.63, 27.78, 26.97, 0.00, 223.06, 68.91, -34.54, 21.29, 0, 0
2.00, 5.70, 22.50, 22.50, 1321.72, 20.00, 4.63, 29.44, 28.61, 0.00, 228.93, 77.94, 6.27, 18.40, 0, 0
2.00, 5.70, 22.85, 22.85, 1458.09, 20.00, 4.63, 30.00, 29.18, 0.00, 219.75, 88.32, 43.46, 23.34, 0, 0
2.00, 5.70, 23.19, 23.19, 1608.22, 20.00, 4.63, 30.56, 29.73, 0.00, 199.09, 0.00, 65.72, 32.66, 0, 0
2.00, 5.70, 23.54, 23.54, 1794.85, 20.00, 4.63, 30.56, 29.73, 0.00, 164.97, 0.00, 79.84, 43.52, 0, 0
2.00, 5.70, 23.91, 23.91, 1984.21, 20.00, 4.63, 30.00, 29.18, 0.00, 120.86, 0.00, 90.00, 54.85, 0, 0
2.00, 5.70, 24.29, 24.29, 2183.56, 20.00, 4.63, 28.89, 28.06, 0.00, 76.04, 0.00, 99.71, 66.16, 0, 0
2.00, 5.70, 24.46, 24.46, 1926.59, 20.00, 4.63, 27.22, 26.40, 0.00, 28.34, 0.00, 108.60, 77.18, 0, 0
2.00, 5.70, 24.42, 24.42, 1529.96, 20.00, 4.63, 25.56, 24.74, 0.00, 3.96, 0.00, 117.81, 87.63, 0, 0
2.00, 5.70, 24.35, 24.35, 1393.70, 20.00, 4.63, 23.89, 23.08, 0.00, 0.00, 0.00, 0.00, 90.00, 0, 0
2.00, 5.70, 24.21, 24.21, 1149.25, 20.00, 4.63, 22.78, 21.97, 0.00, 0.00, 0.00, 0.00, 90.00, 0, 0
2.00, 5.70, 23.66, 23.66, 463.52, 20.00, 4.63, 21.11, 20.29, 0.00, 0.00, 0.00, 0.00, 90.00, 0, 0
2.00, 5.70, 23.06, 23.06, -158.71, 20.00, 4.63, 19.44, 18.63, 0.00, 0.00, 0.00, 0.00, 90.00, 0, 0
2.00, 5.70, 22.51, 22.51, -606.70, 20.00, 4.63, 18.33, 17.52, 0.00, 0.00, 0.00, 0.00, 90.00, 0, 0
2.00, 5.70, 21.90, 21.90, -1229.92, 20.00, 4.63, 16.67, 15.86, 0.00, 0.00, 0.00, 0.00, 90.00, 0, 0
2.00, 5.70, 21.33, 21.33, -1682.18, 20.00, 4.63, 15.56, 14.75, 0.00, 0.00, 0.00, 0.00, 90.00, 0, 0
2.00, 5.70, 20.69, 20.69, -2316.58, 20.00, 4.63, 13.89, 13.08, 0.00, 0.00, 0.00, 0.00, 90.00, 0, 0
2.00, 5.70, 20.08, 20.08, -2778.75, 20.00, 4.63, 12.78, 11.96, 0.00, 0.00, 0.00, 0.00, 90.00, 0, 0
2.00, 5.70, 19.76, 19.76, -2624.55, 20.00, 4.63, 13.33, 12.53, 0.00, 14.26, 72.83, -115.05, 84.84, 0, 0
2.00, 5.70, 20.58, 20.58, 226.29, 20.00, 4.63, 15.56, 14.75, 142.82, 41.63, 64.75, -105.98, 74.19, 0, 0
2.00, 5.70, 21.32, 21.32, 630.28, 20.00, 4.63, 18.33, 17.52, 154.35, 84.27, 59.05, -97.06, 63.06, 0, 0
2.00, 5.70, 21.92, 21.92, 826.27, 20.00, 4.63, 20.56, 19.74, 85.70, 115.49, 58.12, -90.00, 51.71, 0, 0
2.00, 5.70, 22.42, 22.42, 1002.55, 20.00, 4.63, 22.22, 21.40, 29.93, 144.73, 57.41, -76.19, 40.46, 0, 0
2.00, 5.70, 22.81, 22.81, 1076.30, 20.00, 4.63, 23.89, 23.06, 0.00, 157.19, 61.73, -60.39, 29.88, 0, 0
2.00, 5.70, 23.15, 23.15, 1196.40, 20.00, 4.63, 25.00, 24.17, 0.00, 167.79, 68.79, -34.47, 21.42, 0, 0
2.00, 5.70, 23.46, 23.46, 1305.00, 20.00, 4.63, 26.11, 25.27, 0.00, 166.23, 77.83, 6.12, 18.53, 0, 0
2.00, 5.70, 23.76, 23.76, 1437.82, 20.00, 4.63, 26.67, 25.83, 0.00, 174.96, 88.22, 43.21, 23.42, 0, 0
2.00, 5.70, 24.04, 24.04, 1544.66, 20.00, 4.63, 27.22, 26.38, 0.00, 162.66, 0.00, 65.50, 32.72, 0, 0
2.00, 5.70, 24.28, 24.28, 1603.93, 20.00, 4.63, 27.22, 26.38, 0.00, 125.57, 0.00, 79.66, 43.57, 0, 0
2.00, 5.70, 24.48, 24.48, 1619.17, 20.00, 4.63, 26.67, 25.81, 0.00, 82.96, 0.00, 90.00, 54.89, 0, 0
2.00, 5.70, 24.71, 24.71, 1752.19, 20.00, 4.63, 25.00, 24.17, 0.00, 54.26, 0.00, 99.58, 66.21, 0, 0
2.00, 5.70, 24.84, 24.84, 1649.66, 20.00, 4.63, 23.89, 23.06, 0.00, 24.03, 0.00, 108.48, 77.23, 0, 0
2.00, 5.70, 24.81, 24.81, 1353.77, 20.00, 4.63, 22.22, 21.38, 0.00, 3.96, 0.00, 117.70, 87.69, 0, 0
2.00, 5.70, 24.75, 24.75, 1225.66, 20.00, 4.63, 20.56, 19.72, 0.00, 0.00, 0.00, 0.00, 90.00, 0, 0
2.00, 5.70, 24.60, 24.60, 959.85, 20.00, 4.63, 18.89, 18.06, 0.00, 0.00, 0.00, 0.00, 90.00, 0, 0
2.00, 5.70, 23.58, 23.58, -619.53, 20.00, 4.63, 17.78, 16.95, 0.00, 0.00, 0.00, 0.00, 90.00, 0, 0
2.00, 5.70, 22.68, 22.68, -1290.55, 20.00, 4.63, 16.11, 15.28, 0.00, 0.00, 0.00, 0.00, 90.00, 0, 0
2.00, 5.70, 21.92, 21.92, -1773.54, 20.00, 4.63, 15.00, 14.17, 0.00, 0.00, 0.00, 0.00, 90.00, 0, 0
2.00, 5.70, 21.24, 21.24, -2246.10, 20.00, 4.63, 13.89, 13.05, 0.00, 0.00, 0.00, 0.00, 90.00, 0, 0
2.00, 5.70, 20.60, 20.60, -2714.04, 20.00, 4.63, 12.78, 11.94, 0.00, 0.00, 0.00, 0.00, 90.00, 0, 0
2.00, 5.70, 19.98, 19.98, -3180.68, 20.00, 4.63, 11.67, 10.86, 0.00, 0.00, 0.00, 0.00, 90.00, 0, 0
2.00, 5.70, 19.37, 19.37, -3648.46, 20.00, 4.63, 10.56, 9.75, 0.00, 0.00, 0.00, 0.00, 90.00, 0, 0
2.00, 5.70, 19.11, 19.11, -3319.53, 20.00, 4.63, 11.67, 10.86, 0.00, 10.30, 72.75, -114.98, 84.95, 0, 0
2.00, 5.70, 20.01, 20.01, -205.02, 20.00, 4.63, 13.33, 12.51, 36.48, 29.01, 64.65, -105.90, 74.30, 0, 0
2.00, 5.70, 20.72, 20.72, 67.16, 20.00, 4.63, 15.00, 14.19, 50.60, 57.40, 58.93, -96.97, 63.16, 0, 0
2.00, 5.70, 21.38, 21.38, 434.04, 20.00, 4.63, 17.22, 16.41, 69.14, 107.28, 58.06, -90.00, 51.81, 0, 0
2.00, 5.70, 21.95, 21.95, 689.73, 20.00, 4.63, 19.44, 18.61, 29.30, 142.99, 57.27, -76.06, 40.57, 0, 0
2.00, 5.70, 22.41, 22.41, 838.00, 20.00, 4.63, 21.67, 20.83, 0.00, 172.80, 61.60, -60.25, 30.00, 0, 0
2.00, 5.70, 22.84, 22.84, 1040.85, 20.00, 4.63, 23.89, 23.04, 0.00, 198.30, 68.66, -34.39, 21.55, 0, 0
2.00, 5.70, 23.22, 23.22, 1178.64, 20.00, 4.63, 25.00, 24.15, 0.00, 198.16, 77.71, 5.97, 18.65, 0, 0
2.00, 5.70, 23.56, 23.56, 1302.64, 20.00, 4.63, 26.11, 25.27, 0.00, 177.23, 88.11, 42.95, 23.51, 0, 0
2.00, 5.70, 23.84, 23.84, 1370.21, 20.00, 4.63, 26.11, 25.27, 0.00, 156.85, 0.00, 65.28, 32.78, 0, 0
2.00, 5.70, 24.14, 24.14, 1522.92, 20.00, 4.63, 26.11, 25.27, 0.00, 141.82, 0.00, 79.48, 43.62, 0, 0
2.00, 5.70, 24.47, 24.47, 1751.41, 20.00, 4.63, 26.11, 25.27, 0.00, 111.89, 0.00, 90.00, 54.93, 0, 0
2.00, 5.70, 24.83, 24.83, 1959.66, 20.00, 4.63, 25.00, 24.15, 0.00, 74.69, 0.00, 99.44, 66.25, 0, 0
2.00, 5.70, 25.00, 25.00, 1776.74, 20.00, 4.63, 23.33, 22.49, 0.00, 31.54, 0.00, 108.35, 77.29, 0, 0
2.00, 5.70, 24.94, 24.94, 1339.30, 20.00, 4.63, 21.67, 20.83, 0.00, 6.34, 0.00, 117.58, 87.75, 0, 0
2.00, 5.70, 24.86, 24.86, 1222.76, 20.00, 4.63, 20.56, 19.72, 0.00, 0.00, 0.00, 0.00, 90.00, 0, 0
2.00, 5.70, 24.70, 24.70, 955.56, 20.00, 4.63, 18.89, 18.06, 0.00, 0.00, 0.00, 0.00, 90.00, 0, 0
2.00, 5.70, 23.67, 23.67, -626.52, 20.00, 4.63, 17.78, 16.95, 0.00, 0.00, 0.00, 0.00, 90.00, 0, 0
2.00, 5.70, 22.76, 22.76, -1299.01, 20.00, 4.63, 16.11, 15.28, 0.00, 0.00, 0.00, 0.00, 90.00, 0, 0
2.00, 5.70, 21.99, 21.99, -1782.67, 20.00, 4.63, 15.00, 14.17, 0.00, 0.00, 0.00, 0.00, 90.00, 0, 0
2.00, 5.70, 21.30, 21.30, -2255.39, 20.00, 4.63, 13.89, 13.05, 0.00, 0.00, 0.00, 0.00, 90.00, 0, 0
2.00, 5.70, 20.73, 20.73, -2539.07, 20.00, 4.63, 13.33, 12.51, 0.00, 0.00, 0.00, 0.00, 90.00, 0, 0
2.00, 5.70, 20.16, 20.16, -2996.41, 20.00, 4.63, 12.22, 11.40, 0.00, 0.00, 0.00, 0.00, 90.00, 0, 0
2.00, 5.70, 19.59, 19.59, -3456.74, 20.00, 4.63, 11.11, 10.29, 0.00, 0.00, 0.00, 0.00, 90.00, 0, 0
2.00, 5.70, 19.35, 19.35, -3130.17, 20.00, 4.63, 12.22, 11.40, 0.00, 8.71, 72.67, -114.90, 85.07, 0, 0
2.00, 5.70, 20.22, 20.22, -174.20, 20.00, 4.63, 13.89, 13.08, 33.90, 26.87, 64.55, -105.81, 74.41, 0, 0
2.00, 5.70, 20.95, 20.95, 187.59, 20.00, 4.63, 15.56, 14.73, 83.58, 65.39, 58.81, -96.86, 63.27, 0, 0
2.00, 5.70, 21.63, 21.63, 563.38, 20.00, 4.63, 18.33, 17.50, 91.83, 109.35, 56.19, -87.32, 51.92, 0, 0
2.00, 5.70, 22.21, 22.21, 793.61, 20.00, 4.63, 20.56, 19.72, 32.37, 144.90, 57.13, -75.92, 40.68, 0, 0
2.00, 5.70, 22.66, 22.66, 917.67, 20.00, 4.63, 22.78, 21.95, 0.24, 166.40, 61.46, -60.10, 30.12, 0, 0
2.00, 5.70, 23.06, 23.06, 1049.36, 20.00, 4.63, 23.89, 23.06, 0.00, 177.52, 68.53, -34.30, 21.69, 0, 0
2.00, 5.70, 23.41, 23.41, 1196.66, 20.00, 4.63, 25.56, 24.72, 0.00, 178.05, 77.59, 5.83, 18.79, 0, 0
2.00, 5.70, 23.73, 23.73, 1304.23, 20.00, 4.63, 26.11, 25.27, 0.00, 166.04, 88.00, 42.69, 23.60, 0, 0
2.00, 5.70, 24.01, 24.01, 1405.69, 20.00, 4.63, 26.67, 25.81, 0.00, 153.48, 0.00, 65.05, 32.84, 0, 0
2.00, 5.70, 24.28, 24.28, 1521.45, 20.00, 4.63, 26.67, 25.81, 0.00, 131.69, 0.00, 79.29, 43.67, 0, 0
2.00, 5.70, 24.59, 24.59, 1723.48, 20.00, 4.63, 26.11, 25.27, 0.00, 109.95, 0.00, 90.00, 54.98, 0, 0
2.00, 5.70, 24.91, 24.91, 1881.15, 20.00, 4.63, 25.00, 24.17, 0.00, 69.73, 0.00, 99.30, 66.31, 0, 0
2.00, 5.70, 25.00, 25.00, 1747.22, 20.00, 4.63, 23.33, 22.52, 0.00, 30.96, 0.00, 108.22, 77.35, 0, 0
2.00, 5.70, 24.98, 24.98, 1356.78, 20.00, 4.63, 22.22, 21.40, 0.00, 8.71, 0.00, 117.45, 87.82, 0, 0
2.00, 5.70, 24.92, 24.92, 1220.50, 20.00, 4.63, 20.56, 19.74, 0.00, 0.00, 0.00, 0.00, 90.00, 0, 0
2.00, 5.70, 24.78, 24.78, 983.27, 20.00, 4.63, 19.44, 18.63, 0.00, 0.00, 0.00, 0.00, 90.00, 0, 0
2.00, 5.70, 23.82, 23.82, -441.64, 20.00, 4.63, 18.33, 17.52, 0.00, 0.00, 0.00, 0.00, 90.00, 0, 0
2.00, 5.70, 22.96, 22.96, -1103.68, 20.00, 4.63, 16.67, 15.86, 0.00, 0.00, 0.00, 0.00, 90.00, 0, 0
2.00, 5.70, 22.22, 22.22, -1579.90, 20.00, 4.63, 15.56, 14.75, 0.00, 0.00, 0.00, 0.00, 90.00, 0, 0
2.00, 5.70, 21.64, 21.64, -1864.73, 20.00, 4.63, 15.00, 14.19, 0.00, 0.00, 0.00, 0.00, 90.00, 0, 0
2.00, 5.70, 21.06, 21.06, -2318.50, 20.00, 4.63, 13.89, 13.08, 0.00, 0.00, 0.00, 0.00, 90.00, 0, 0
2.00, 5.70, 20.57, 20.57, -2589.54, 20.00, 4.63, 13.33, 12.53, 0.00, 0.00, 0.00, 0.00, 90.00, 0, 0
2.00, 5.70, 20.05, 20.05, -3038.15, 20.00, 4.63, 12.22, 11.42, 0.00, 0.00, 0.00, 0.00, 90.00, 0, 0
2.00, 5.70, 19.86, 19.86, -2686.48, 20.00, 4.63, 13.33, 12.55, 0.00, 15.05, 72.58, -114.81, 85.19, 0, 0
2.00, 5.70, 20.82, 20.82, 243.46, 20.00, 4.63, 16.11, 15.32, 163.16, 43.15, 64.44, -105.71, 74.53, 0, 0
2.00, 5.70, 21.61, 21.61, 578.48, 20.00, 4.63, 18.33, 17.52, 145.94, 78.86, 58.69, -96.75, 63.38, 0, 0
2.00, 5.70, 22.24, 22.24, 787.41, 20.00, 4.63, 20.00, 19.20, 96.35, 108.67, 56.05, -87.19, 52.03, 0, 0
2.00, 5.70, 22.77, 22.77, 977.08, 20.00, 4.63, 22.22, 21.40, 29.48, 137.84, 56.98, -75.78, 40.79, 0, 0
2.00, 5.70, 23.20, 23.20, 1087.39, 20.00, 4.63, 23.89, 23.06, 0.44, 162.01, 61.31, -59.95, 30.25, 0, 0
2.00, 5.70, 23.59, 23.59, 1252.01, 20.00, 4.63, 25.56, 24.72, 0.00, 181.38, 68.39, -34.20, 21.83, 0, 0
2.00, 5.70, 23.93, 23.93, 1381.14, 20.00, 4.63, 26.67, 25.81, 0.00, 184.10, 77.46, 5.70, 18.93, 0, 0
2.00, 5.70, 24.23, 24.23, 1461.99, 20.00, 4.63, 27.22, 26.36, 0.00, 157.95, 87.88, 42.42, 23.71, 0, 0
2.00, 5.70, 24.49, 24.49, 1542.73, 20.00, 4.63, 27.78, 26.90, 0.00, 143.25, 0.00, 64.81, 32.92, 0, 0
2.00, 5.70, 24.72, 24.72, 1601.94, 20.00, 4.63, 27.22, 26.36, 0.00, 126.42, 0.00, 79.09, 43.73, 0, 0
2.00, 5.70, 24.94, 24.94, 1669.63, 20.00, 4.63, 26.67, 25.81, 0.00, 92.41, 0.00, 90.00, 55.04, 0, 0
2.00, 5.70, 25.00, 25.00, 1716.52, 20.00, 4.63, 25.56, 24.70, 0.00, 52.12, 0.00, 99.15, 66.37, 0, 0
2.00, 5.70, 25.00, 25.00, 1608.65, 20.00, 4.63, 23.89, 23.04, 0.00, 24.78, 0.00, 108.08, 77.41, 0, 0
2.00, 5.70, 25.00, 25.00, 1337.54, 20.00, 4.63, 22.22, 21.36, 0.00, 7.92, 0.00, 117.33, 87.90, 0, 0
2.00, 5.70, 24.99, 24.99, 1215.93, 20.00, 4.63, 20.56, 19.70, 0.00, 0.00, 0.00, 0.00, 90.00, 0, 0
2.00, 5.70, 24.86, 24.86, 941.45, 20.00, 4.63, 18.33, 17.48, 0.00, 0.00, 0.00, 0.00, 90.00, 0, 0
2.00, 5.70, 23.69, 23.69, -967.89, 20.00, 4.63, 16.67, 15.80, 0.00, 0.00, 0.00, 0.00, 90.00, 0, 0
2.00, 5.70, 22.60, 22.60, -1836.00, 20.00, 4.63, 14.44, 13.58, 0.00, 0.00, 0.00, 0.00, 90.00, 0, 0
2.00, 5.70, 21.63, 21.63, -2522.94, 20.00, 4.63, 12.78, 11.92, 0.00, 0.00, 0.00, 0.00, 90.00, 0, 0
2.00, 5.70, 20.72, 20.72, -3206.83, 20.00, 4.63, 11.11, 10.25, 0.00, 0.00, 0.00, 0.00, 90.00, 0, 0
2.00, 5.70, 19.84, 19.84, -3892.76, 20.00, 4.63, 9.44, 8.57, 0.00, 0.00, 0.00, 0.00, 90.00, 0, 0
2.00, 5.70, 18.97, 18.97, -4583.70, 20.00, 4.63, 7.78, 6.92, 0.00, 0.00, 0.00, 0.00, 90.00, 0, 0
2.00, 5.70, 18.00, 18.00, -5475.03, 20.00, 4.63, 5.56, 4.71, 0.00, 0.00, 0.00, 0.00, 90.00, 0, 0
2.00, 5.70, 17.54, 17.54, -5091.03, 20.00, 4.63, 6.67, 5.80, 0.00, 11.09, 72.48, -114.72, 85.32, 0, 0
2.00, 5.70, 18.89, 18.89, -314.57, 20.00, 4.63, 8.89, 8.01, 143.60, 42.36, 64.33, -105.61, 74.65, 0, 0
2.00, 5.70, 19.92, 19.92, 2.46, 20.00, 4.63, 11.11, 10.23, 111.90, 72.98, 58.55, -96.64, 63.50, 0, 0
2.00, 5.70, 20.76, 20.76, 307.96, 20.00, 4.63, 13.33, 12.44, 91.97, 108.09, 55.90, -87.06, 52.14, 0, 0
2.00, 5.70, 21.44, 21.44, 554.68, 20.00, 4.63, 15.56, 14.66, 33.10, 145.64, 56.83, -75.62, 40.91, 0, 0
2.00, 5.70, 21.96, 21.96, 675.02, 20.00, 4.63, 17.22, 16.34, 0.80, 175.18, 61.16, -59.78, 30.38, 0, 0
2.00, 5.70, 22.42, 22.42, 841.64, 20.00, 4.63, 18.89, 17.99, 0.00, 197.29, 68.25, -34.08, 21.98, 0, 0
2.00, 5.70, 22.82, 22.82, 1005.68, 20.00, 4.63, 20.56, 19.65, 0.00, 204.65, 77.33, 5.56, 19.08, 0, 0
2.00, 5.70, 23.15, 23.15, 1091.35, 20.00, 4.63, 21.11, 20.19, 0.00, 189.21, 87.76, 42.16, 23.81, 0, 0
2.00, 5.70, 23.45, 23.45, 1188.12, 20.00, 4.63, 21.67, 20.76, 0.00, 169.60, 0.00, 64.57, 33.00, 0, 0
2.00, 5.70, 23.74, 23.74, 1335.51, 20.00, 4.63, 21.67, 20.76, 0.00, 147.37, 0.00, 78.89, 43.80, 0, 0
2.00, 5.70, 24.08, 24.08, 1565.07, 20.00, 4.63, 21.11, 20.19, 0.00, 118.51, 0.00, 90.00, 55.10, 0, 0
2.00, 5.70, 24.45, 24.45, 1808.08, 20.00, 4.63, 20.00, 19.10, 0.00, 79.05, 0.00, 99.00, 66.43, 0, 0
2.00, 5.70, 24.68, 24.68, 1700.70, 20.00, 4.63, 18.33, 17.43, 0.00, 36.43, 0.00, 107.94, 77.48, 0, 0
2.00, 5.70, 24.58, 24.58, 1128.21, 20.00, 4.63, 16.67, 15.77, 0.00, 9.50, 0.00, 117.19, 87.98, 0, 0
2.00, 5.70, 24.44, 24.44, 952.78, 20.00, 4.63, 15.00, 14.12, 0.00, 0.00, 0.00, 0.00, 90.00, 0, 0
2.00, 5.70, 24.20, 24.20, 614.89, 20.00, 4.63, 13.33, 12.44, 0.00, 0.00, 0.00, 0.00, 90.00, 0, 0
2.00, 5.70, 22.48, 22.48, -2550.70, 20.00, 4.63, 12.22, 11.33, 0.00, 0.00, 0.00, 0.00, 90.00, 0, 0
2.00, 5.70, 21.03, 21.03, -3500.42, 20.00, 4.63, 10.00, 9.12, 0.00, 0.00, 0.00, 0.00, 90.00, 0, 0
2.00, 5.70, 19.97, 19.97, -3868.20, 20.00, 4.63, 9.44, 8.55, 0.00, 0.00, 0.00, 0.00, 90.00, 0, 0
2.00, 5.70, 19.06, 19.06, -4390.01, 20.00, 4.63, 8.33, 7.45, 0.00, 0.00, 0.00, 0.00, 90.00, 0, 0
2.00, 5.70, 18.25, 18.25, -4899.78, 20.00, 4.63, 7.22, 6.34, 0.00, 0.00, 0.00, 0.00, 90.00, 0, 0
2.00, 5.70, 17.50, 17.50, -5403.65, 20.00, 4.63, 6.11, 5.21, 0.00, 0.00, 0.00, 0.00, 90.00, 0, 0
2.00, 5.70, 16.77, 16.77, -5905.17, 20.00, 4.63, 5.00, 4.11, 0.00, 0.00, 0.00, 0.00, 90.00, 0, 0
2.00, 5.70, 16.38, 16.38, -5682.73, 20.00, 4.63, 5.56, 4.67, 0.00, 13.46, 72.38, -114.62, 85.44, 0, 0
2.00, 5.70, 17.77, 17.77, -599.56, 20.00, 4.63, 7.78, 6.90, 140.77, 39.58, 64.21, -105.50, 74.77, 0, 0
2.00, 5.70, 18.89, 18.89, -166.09, 20.00, 4.63, 10.00, 9.12, 156.07, 80.69, 58.41, -96.51, 63.61, 0, 0
2.00, 5.70, 19.80, 19.80, 190.77, 20.00, 4.63, 12.22, 11.33, 134.38, 124.36, 55.75, -86.92, 52.26, 0, 0
2.00, 5.70, 20.53, 20.53, 413.46, 20.00, 4.63, 14.44, 13.55, 43.48, 161.36, 56.67, -75.46, 41.03, 0, 0
2.00, 5.70, 21.06, 21.06, 479.76, 20.00, 4.63, 16.11, 15.23, 1.06, 175.59, 61.01, -59.60, 30.51, 0, 0
2.00, 5.70, 21.51, 21.51, 634.29, 20.00, 4.63, 17.78, 16.88, 0.00, 190.69, 68.11, -33.96, 22.14, 0, 0
2.00, 5.70, 21.90, 21.90, 769.44, 20.00, 4.63, 18.89, 17.99, 0.00, 199.83, 77.20, 5.44, 19.23, 0, 0
2.00, 5.70, 22.23, 22.23, 855.84, 20.00, 4.63, 19.44, 18.56, 0.00, 188.64, 87.64, 41.88, 23.93, 0, 0
2.00, 5.70, 22.50, 22.50, 927.69, 20.00, 4.63, 20.00, 19.10, 0.00, 160.61, 0.00, 64.32, 33.08, 0, 0
2.00, 5.70, 22.73, 22.73, 954.62, 20.00, 4.63, 19.44, 18.56, 0.00, 124.56, 0.00, 78.68, 43.87, 0, 0
2.00, 5.70, 22.95, 22.95, 1056.82, 20.00, 4.63, 18.89, 17.99, 0.00, 94.27, 0.00, 90.00, 55.17, 0, 0
2.00, 5.70, 23.14, 23.14, 1093.41, 20.00, 4.63, 17.22, 16.34, 0.00, 52.23, 0.00, 98.84, 66.50, 0, 0
2.00, 5.70, 23.19, 23.19, 884.12, 20.00, 4.63, 15.56, 14.69, 0.00, 20.76, 0.00, 107.80, 77.56, 0, 0
2.00, 5.70, 23.13, 23.13, 667.72, 20.00, 4.63, 14.44, 13.58, 0.00, 6.34, 0.00, 117.06, 88.07, 0, 0
2.00, 5.70, 23.07, 23.07, 570.26, 20.00, 4.63, 13.89, 13.03, 0.00, 0.00, 0.00, 0.00, 90.00, 0, 0
2.00, 5.70, 22.89, 22.89, 275.18, 20.00, 4.63, 12.78, 11.92, 0.00, 0.00, 0.00, 0.00, 90.00, 0, 0
2.00, 5.70, 21.29, 21.29, -3020.03, 20.00, 4.63, 11.67, 10.81, 0.00, 0.00, 0.00, 0.00, 90.00, 0, 0
2.00, 5.70, 20.09, 20.09, -3580.35, 20.00, 4.63, 10.56, 9.73, 0.00, 0.00, 0.00, 0.00, 90.00, 0, 0
2.00, 5.70, 19.27, 19.27, -3731.60, 20.00, 4.63, 10.56, 9.71, 0.00, 0.00, 0.00, 0.00, 90.00, 0, 0
2.00, 5.70, 18.70, 18.70, -3845.74, 20.00, 4.63, 10.56, 9.68, 0.00, 0.00, 0.00, 0.00, 90.00, 0, 0
2.00, 5.70, 18.20, 18.20, -4123.14, 20.00, 4.63, 10.00, 9.14, 0.00, 0.00, 0.00, 0.00, 90.00, 0, 0
2.00, 5.70, 17.82, 17.82, -4204.99, 20.00, 4.63, 10.00, 9.14, 0.00, 0.00, 0.00, 0.00, 90.00, 0, 0
2.00, 5.70, 17.45, 17.45, -4461.89, 20.00, 4.63, 9.44, 8.60, 0.00, 0.00, 0.00, 0.00, 90.00, 0, 0
2.00, 5.70, 17.34, 17.34, -4110.37, 20.00, 4.63, 10.56, 9.73, 0.00, 7.92, 72.28, -114.52, 85.57, 0, 0
2.00, 5.70, 18.21, 18.21, -759.34, 20.00, 4.63, 11.67, 10.84, 11.89, 19.81, 64.08, -105.38, 74.89, 0, 0
2.00, 5.70, 18.86, 18.86, -606.95, 20.00, 4.63, 12.78, 11.94, 3.97, 31.94, 58.26, -96.38, 63.73, 0, 0
2.00, 5.70, 19.35, 19.35, -457.66, 20.00, 4.63, 13.89, 13.05, 2.85, 45.20, 55.59, -86.77, 52.37, 0, 0
2.00, 5.70, 19.77, 19.77, -275.26, 20.00, 4.63, 15.00, 14.17, 3.59, 69.08, 56.50, -75.29, 41.15, 0, 0
2.00, 5.70, 20.21, 20.21, 34.20, 20.00, 4.63, 17.22, 16.39, 0.70, 132.02, 60.85, -59.41, 30.64, 0, 0
2.00, 5.70, 20.59, 20.59, 187.15, 20.00, 4.63, 18.89, 18.04, 0.00, 133.34, 67.96, -33.83, 22.29, 0, 0
2.00, 5.70, 20.91, 20.91, 273.43, 20.00, 4.63, 19.44, 18.61, 0.00, 127.65, 77.07, 5.32, 19.39, 0, 0
2.00, 5.70, 21.18, 21.18, 374.53, 20.00, 4.63, 20.56, 19.72, 0.00, 112.64, 87.52, 41.61, 24.05, 0, 0
2.00, 5.70, 21.38, 21.38, 380.16, 20.00, 4.63, 20.56, 19.72, 0.00, 91.47, 0.00, 64.07, 33.17, 0, 0
2.00, 5.70, 21.54, 21.54, 391.85, 20.00, 4.63, 20.56, 19.72, 0.00, 77.36, 0.00, 78.47, 43.95, 0, 0
2.00, 5.70, 21.70, 21.70, 463.98, 20.00, 4.63, 20.00, 19.18, 0.00, 64.42, 0.00, 90.00, 55.24, 0, 0
2.00, 5.70, 21.91, 21.91, 643.85, 20.00, 4.63, 19.44, 18.63, 0.00, 44.94, 0.00, 98.68, 66.58, 0, 0
2.00, 5.70, 22.02, 22.02, 541.34, 20.00, 4.63, 18.33, 17.52, 0.00, 19.21, 0.00, 107.65, 77.64, 0, 0
2.00, 5.70, 22.04, 22.04, 410.39, 20.00, 4.63, 17.78, 16.97, 0.00, 3.17, 0.00, 116.92, 88.16, 0, 0
2.00, 5.70, 22.04, 22.04, 331.68, 20.00, 4.63, 16.67, 15.86, 0.00, 0.00, 0.00, 0.00, 90.00, 0, 0
2.00, 5.70, 21.95, 21.95, 137.36, 20.00, 4.63, 16.11, 15.32, 0.00, 0.00, 0.00, 0.00, 90.00, 0, 0
2.00, 5.70, 21.03, 21.03, -1984.55, 20.00, 4.63, 15.56, 14.75, 0.00, 0.00, 0.00, 0.00, 90.00, 0, 0
2.00, 5.70, 20.35, 20.35, -2280.50, 20.00, 4.63, 15.00, 14.20, 0.00, 0.00, 0.00, 0.00, 90.00, 0, 0
2.00, 5.70, 19.81, 19.81, -2552.17, 20.00, 4.63, 14.44, 13.64, 0.00, 0.00, 0.00, 0.00, 90.00, 0, 0
2.00, 5.70, 19.36, 19.36, -2809.53, 20.00, 4.63, 13.89, 13.08, 0.00, 0.00, 0.00, 0.00, 90.00, 0, 0
2.00, 5.70, 18.95, 18.95, -3058.37, 20.00, 4.63, 13.33, 12.53, 0.00, 0.00, 0.00, 0.00, 90.00, 0, 0
2.00, 5.70, 18.58, 18.58, -3302.44, 20.00, 4.63, 12.78, 11.98, 0.00, 0.00, 0.00, 0.00, 90.00, 0, 0
2.00, 5.70, 18.23, 18.23, -3544.02, 20.00, 4.63, 12.22, 11.44, 0.00, 0.00, 0.00, 0.00, 90.00, 0, 0
2.00, 5.70, 18.14, 18.14, -3189.32, 20.00, 4.63, 13.33, 12.55, 0.00, 7.92, 72.16, -114.41, 85.71, 0, 0
2.00, 5.70, 18.81, 18.81, -554.23, 20.00, 4.63, 15.00, 14.22, 28.12, 24.31, 63.95, -105.26, 75.01, 0, 0
2.00, 5.70, 19.33, 19.33, -377.23, 20.00, 4.63, 16.11, 15.33, 20.87, 43.98, 58.11, -96.25, 63.85, 0, 0
2.00, 5.70, 19.80, 19.80, -129.21, 20.00, 4.63, 17.78, 16.99, 29.62, 72.51, 55.42, -86.61, 52.49, 0, 0
2.00, 5.70, 20.22, 20.22, 73.33, 20.00, 4.63, 19.44, 18.67, 11.00, 96.36, 56.33, -75.11, 41.27, 0, 0
2.00, 5.70, 20.53, 20.53, 120.79, 20.00, 4.63, 20.00, 19.22, 0.23, 90.23, 60.68, -59.21, 30.78, 0, 0
2.00, 5.70, 20.81, 20.81, 234.12, 20.00, 4.63, 21.11, 20.33, 0.00, 94.63, 67.81, -33.68, 22.46, 0, 0
2.00, 5.70, 21.11, 21.11, 425.00, 20.00, 4.63, 22.22, 21.42, 0.00, 132.27, 76.93, 5.21, 19.56, 0, 0
2.00, 5.70, 21.37, 21.37, 520.05, 20.00, 4.63, 22.78, 21.99, 0.00, 120.74, 87.40, 41.33, 24.18, 0, 0
2.00, 5.70, 21.56, 21.56, 511.34, 20.00, 4.63, 22.78, 21.99, 0.00, 91.59, 0.00, 63.81, 33.27, 0, 0
2.00, 5.70, 21.66, 21.66, 418.33, 20.00, 4.63, 22.22, 21.44, 0.00, 54.92, 0.00, 78.25, 44.03, 0, 0
2.00, 5.70, 21.80, 21.80, 546.21, 20.00, 4.63, 21.67, 20.89, 0.00, 57.39, 0.00, 90.00, 55.32, 0, 0
2.00, 5.70, 22.08, 22.08, 866.52, 20.00, 4.63, 21.11, 20.35, 0.00, 53.39, 0.00, 98.52, 66.66, 0, 0
2.00, 5.70, 22.26, 22.26, 827.03, 20.00, 4.63, 20.56, 19.78, 0.00, 23.96, 0.00, 107.50, 77.73, 0, 0
2.00, 5.70, 22.28, 22.28, 574.35, 20.00, 4.63, 19.44, 18.69, 0.00, 4.75, 0.00, 116.78, 88.26, 0, 0
2.00, 5.70, 22.28, 22.28, 511.92, 20.00, 4.63, 18.89, 18.14, 0.00, 0.00, 0.00, 0.00, 90.00, 0, 0
2.00, 5.70, 22.20, 22.20, 317.40, 20.00, 4.63, 18.33, 17.57, 0.00, 0.00, 0.00, 0.00, 90.00, 0, 0
2.00, 5.70, 21.54, 21.54, -1186.68, 20.00, 4.63, 17.78, 17.03, 0.00, 0.00, 0.00, 0.00, 90.00, 0, 0
2.00, 5.70, 21.02, 21.02, -1458.15, 20.00, 4.63, 17.22, 16.46, 0.00, 0.00, 0.00, 0.00, 90.00, 0, 0
2.00, 5.70, 20.59, 20.59, -1711.37, 20.00, 4.63, 16.67, 15.92, 0.00, 0.00, 0.00, 0.00, 90.00, 0, 0
2.00, 5.70, 20.30, 20.30, -1774.44, 20.00, 4.63, 16.67, 15.90, 0.00, 0.00, 0.00, 0.00, 90.00, 0, 0
2.00, 5.70, 20.01, 20.01, -2003.27, 20.00, 4.63, 16.11, 15.35, 0.00, 0.00, 0.00, 0.00, 90.00, 0, 0
2.00, 5.70, 19.81, 19.81, -2050.51, 20.00, 4.63, 16.11, 15.35, 0.00, 0.00, 0.00, 0.00, 90.00, 0, 0
2.00, 5.70, 19.57, 19.57, -2269.95, 20.00, 4.63, 15.56, 14.80, 0.00, 0.00, 0.00, 0.00, 90.00, 0, 0
2.00, 5.70, 19.58, 19.58, -1908.83, 20.00, 4.63, 16.67, 15.92, 0.00, 8.71, 72.05, -114.30, 85.84, 0, 0
2.00, 5.70, 20.08, 20.08, -128.59, 20.00, 4.63, 18.33, 17.59, 56.21, 29.70, 63.81, -105.13, 75.14, 0, 0
2.00, 5.70, 20.51, 20.51, 74.97, 20.00, 4.63, 20.00, 19.25, 42.50, 53.13, 57.95, -96.10, 63.97, 0, 0
2.00, 5.70, 20.89, 20.89, 249.42, 20.00, 4.63, 21.11, 20.36, 32.28, 75.21, 55.24, -86.45, 52.61, 0, 0
2.00, 5.70, 21.27, 21.27, 490.04, 20.00, 4.63, 22.78, 22.04, 17.09, 110.30, 56.15, -74.92, 41.40, 0, 0
2.00, 5.70, 21.65, 21.65, 706.79, 20.00, 4.63, 25.00, 24.25, 1.31, 149.56, 60.51, -59.01, 30.92, 0, 0
2.00, 5.70, 21.98, 21.98, 829.42, 20.00, 4.63, 26.11, 25.35, 0.00, 150.88, 67.65, -33.53, 22.62, 0, 0
2.00, 5.70, 22.27, 22.27, 923.39, 20.00, 4.63, 27.22, 26.46, 0.00, 134.92, 76.79, 5.10, 19.73, 0, 0
2.00, 5.70, 22.48, 22.48, 913.86, 20.00, 4.63, 27.22, 26.46, 0.00, 94.28, 87.27, 41.06, 24.32, 0, 0
2.00, 5.70, 22.59, 22.59, 799.43, 20.00, 4.63, 26.11, 25.35, 0.00, 56.47, 0.00, 63.55, 33.38, 0, 0
2.00, 5.70, 22.70, 22.70, 824.14, 20.00, 4.63, 25.56, 24.80, 0.00, 63.13, 0.00, 78.03, 44.12, 0, 0
2.00, 5.70, 22.87, 22.87, 978.57, 20.00, 4.63, 25.56, 24.80, 0.00, 64.99, 0.00, 90.00, 55.41, 0, 0
2.00, 5.70, 23.04, 23.04, 1061.59, 20.00, 4.63, 24.44, 23.69, 0.00, 33.26, 0.00, 98.35, 66.75, 0, 0
2.00, 5.70, 23.11, 23.11, 929.65, 20.00, 4.63, 23.33, 22.59, 0.00, 11.09, 0.00, 107.35, 77.82, 0, 0
2.00, 5.70, 23.16, 23.16, 878.93, 20.00, 4.63, 22.78, 22.03, 0.00, 2.38, 0.00, 116.64, 88.36, 0, 0
2.00, 5.70, 23.18, 23.18, 819.09, 20.00, 4.63, 21.67, 20.93, 0.00, 0.00, 0.00, 0.00, 90.00, 0, 0
2.00, 5.70, 23.12, 23.12, 635.24, 20.00, 4.63, 21.11, 20.36, 0.00, 0.00, 0.00, 0.00, 90.00, 0, 0
2.00, 5.70, 22.69, 22.69, -111.43, 20.00, 4.63, 20.56, 19.82, 0.00, 0.00, 0.00, 0.00, 90.00, 0, 0
2.00, 5.70, 22.26, 22.26, -530.53, 20.00, 4.63, 19.44, 18.70, 0.00, 0.00, 0.00, 0.00, 90.00, 0, 0
2.00, 5.70, 21.90, 21.90, -771.25, 20.00, 4.63, 18.89, 18.16, 0.00, 0.00, 0.00, 0.00, 90.00, 0, 0
2.00, 5.70, 21.57, 21.57, -1004.58, 20.00, 4.63, 18.33, 17.59, 0.00, 0.00, 0.00, 0.00, 90.00, 0, 0
2.00, 5.70, 21.27, 21.27, -1233.96, 20.00, 4.63, 17.78, 17.03, 0.00, 0.00, 0.00, 0.00, 90.00, 0, 0
2.00, 5.70, 20.98, 20.98, -1461.31, 20.00, 4.63, 17.22, 16.48, 0.00, 0.00, 0.00, 0.00, 90.00, 0, 0
2.00, 5.70, 20.69, 20.69, -1688.00, 20.00, 4.63, 16.67, 15.93, 0.00, 0.00, 0.00, 0.00, 90.00, 0, 0
2.00, 5.70, 20.58, 20.58, -1517.39, 20.00, 4.63, 17.22, 16.49, 0.00, 7.92, 71.92, -114.18, 85.98, 0, 0
2.00, 5.70, 21.01, 21.01, 5.99, 20.00, 4.63, 18.89, 18.16, 10.74, 19.14, 63.66, -105.00, 75.27, 0, 0
2.00, 5.70, 21.36, 21.36, 153.22, 20.00, 4.63, 20.00, 19.27, 10.47, 36.70, 57.78, -95.95, 64.10, 0, 0
2.00, 5.70, 21.62, 21.62, 191.94, 20.00, 4.63, 20.56, 19.82, 2.54, 32.66, 55.06, -86.28, 52.74, 0, 0
2.00, 5.70, 21.86, 21.86, 319.57, 20.00, 4.63, 21.11, 20.36, 1.69, 55.37, 55.97, -74.73, 41.53, 0, 0
2.00, 5.70, 22.09, 22.09, 438.77, 20.00, 4.63, 22.22, 21.46, 0.09, 67.01, 60.34, -58.79, 31.07, 0, 0
2.00, 5.70, 22.31, 22.31, 554.72, 20.00, 4.63, 23.33, 22.57, 0.00, 76.23, 67.49, -33.37, 22.80, 0, 0
2.00, 5.70, 22.56, 22.56, 729.62, 20.00, 4.63, 24.44, 23.67, 0.00, 107.41, 76.64, 5.00, 19.92, 0, 0
2.00, 5.70, 22.83, 22.83, 910.65, 20.00, 4.63, 25.56, 24.78, 0.00, 125.70, 87.14, 40.78, 24.46, 0, 0
2.00, 5.70, 23.10, 23.10, 1048.17, 20.00, 4.63, 26.67, 25.88, 0.00, 126.83, 0.00, 63.28, 33.49, 0, 0
2.00, 5.70, 23.39, 23.39, 1231.46, 20.00, 4.63, 27.22, 26.42, 0.00, 125.44, 0.00, 77.81, 44.21, 0, 0
2.00, 5.70, 23.68, 23.68, 1393.10, 20.00, 4.63, 27.22, 26.42, 0.00, 93.52, 0.00, 90.00, 55.50, 0, 0
2.00, 5.70, 24.01, 24.01, 1592.45, 20.00, 4.63, 26.67, 25.88, 0.00, 58.85, 0.00, 98.17, 66.84, 0, 0
2.00, 5.70, 24.29, 24.29, 1661.39, 20.00, 4.63, 26.11, 25.33, 0.00, 31.36, 0.00, 107.19, 77.92, 0, 0
2.00, 5.70, 24.32, 24.32, 1287.88, 20.00, 4.63, 25.00, 24.22, 0.00, 9.50, 0.00, 116.49, 88.47, 0, 0
2.00, 5.70, 24.30, 24.30, 1159.52, 20.00, 4.63, 23.33, 22.56, 0.00, 0.00, 0.00, 0.00, 90.00, 0, 0
2.00, 5.70, 24.18, 24.18, 907.98, 20.00, 4.63, 21.67, 20.88, 0.00, 0.00, 0.00, 0.00, 90.00, 0, 0
2.00, 5.70, 23.50, 23.50, -68.45, 20.00, 4.63, 20.00, 19.22, 0.00, 0.00, 0.00, 0.00, 90.00, 0, 0
2.00, 5.70, 22.91, 22.91, -518.91, 20.00, 4.63, 18.89, 18.09, 0.00, 0.00, 0.00, 0.00, 90.00, 0, 0
2.00, 5.70, 22.27, 22.27, -1138.77, 20.00, 4.63, 17.22, 16.43, 0.00, 0.00, 0.00, 0.00, 90.00, 0, 0
2.00, 5.70, 21.61, 21.61, -1766.22, 20.00, 4.63, 15.56, 14.77, 0.00, 0.00, 0.00, 0.00, 90.00, 0, 0
2.00, 5.70, 20.91, 20.91, -2402.68, 20.00, 4.63, 13.89, 13.09, 0.00, 0.00, 0.00, 0.00, 90.00, 0, 0
2.00, 5.70, 20.19, 20.19, -3048.71, 20.00, 4.63, 12.22, 11.44, 0.00, 0.00, 0.00, 0.00, 90.00, 0, 0
2.00, 5.70, 19.44, 19.44, -3705.01, 20.00, 4.63, 10.56, 9.76, 0.00, 0.00, 0.00, 0.00, 90.00, 0, 0
2.00, 5.70, 19.01, 19.01, -3558.51, 20.00, 4.63, 11.11, 10.33, 0.00, 13.46, 71.79, -114.05, 86.12, 0, 0
2.00, 5.70, 19.97, 19.97, -84.74, 20.00, 4.63, 13.33, 12.53, 147.54, 37.80, 63.51, -104.86, 75.40, 0, 0
2.00, 5.70, 20.76, 20.76, 275.89, 20.00, 4.63, 15.56, 14.75, 152.92, 74.63, 57.61, -95.80, 64.22, 0, 0
2.00, 5.70, 21.45, 21.45, 594.35, 20.00, 4.63, 17.78, 16.97, 131.06, 115.89, 54.88, -86.10, 52.86, 0, 0
2.00, 5.70, 21.99, 21.99, 731.12, 20.00, 4.63, 19.44, 18.65, 35.89, 140.58, 55.78, -74.52, 41.66, 0, 0
2.00, 5.70, 22.40, 22.40, 819.53, 20.00, 4.63, 21.11, 20.31, 2.14, 161.08, 60.16, -58.56, 31.22, 0, 0
2.00, 5.70, 22.77, 22.77, 949.53, 20.00, 4.63, 22.78, 21.97, 0.00, 168.89, 67.33, -33.20, 22.97, 0, 0
2.00, 5.70, 23.08, 23.08, 1049.42, 20.00, 4.63, 23.33, 22.54, 0.00, 175.15, 76.50, 4.91, 20.10, 0, 0
2.00, 5.70, 23.37, 23.37, 1184.35, 20.00, 4.63, 24.44, 23.65, 0.00, 171.98, 87.01, 40.50, 24.61, 0, 0
2.00, 5.70, 23.63, 23.63, 1254.62, 20.00, 4.63, 24.44, 23.65, 0.00, 158.18, 0.00, 63.01, 33.60, 0, 0
2.00, 5.70, 23.86, 23.86, 1320.13, 20.00, 4.63, 24.44, 23.65, 0.00, 124.55, 0.00, 77.57, 44.31, 0, 0
2.00, 5.70, 24.05, 24.05, 1351.13, 20.00, 4.63, 23.33, 22.56, 0.00, 86.01, 0.00, 90.00, 55.59, 0, 0
2.00, 5.70, 24.29, 24.29, 1525.58, 20.00, 4.63, 22.22, 21.44, 0.00, 56.99, 0.00, 98.00, 66.93, 0, 0
2.00, 5.70, 24.47, 24.47, 1501.35, 20.00, 4.63, 20.56, 19.80, 0.00, 29.58, 0.00, 107.03, 78.03, 0, 0
2.00, 5.70, 24.44, 24.44, 1149.17, 20.00, 4.63, 20.00, 19.23, 0.00, 8.71, 0.00, 116.34, 88.59, 0, 0
2.00, 5.70, 24.39, 24.39, 1047.96, 20.00, 4.63, 19.44, 18.69, 0.00, 0.00, 0.00, 0.00, 90.00, 0, 0
2.00, 5.70, 24.26, 24.26, 830.86, 20.00, 4.63, 18.89, 18.14, 0.00, 0.00, 0.00, 0.00, 90.00, 0, 0
2.00, 5.70, 23.39, 23.39, -563.59, 20.00, 4.63, 18.33, 17.59, 0.00, 0.00, 0.00, 0.00, 90.00, 0, 0
2.00, 5.70, 22.73, 22.73, -860.78, 20.00, 4.63, 17.78, 17.04, 0.00, 0.00, 0.00, 0.00, 90.00, 0, 0
2.00, 5.70, 22.37, 22.37, -777.64, 20.00, 4.63, 18.33, 17.57, 0.00, 0.00, 0.00, 0.00, 90.00, 0, 0
2.00, 5.70, 22.19, 22.19, -665.21, 20.00, 4.63, 18.89, 18.12, 0.00, 0.00, 0.00, 0.00, 90.00, 0, 0
2.00, 5.70, 22.05, 22.05, -710.05, 20.00, 4.63, 18.89, 18.14, 0.00, 0.00, 0.00, 0.00, 90.00, 0, 0
2.00, 5.70, 22.02, 22.02, -571.90, 20.00, 4.63, 19.44, 18.69, 0.00, 0.00, 0.00, 0.00, 90.00, 0, 0
2.00, 5.70, 22.05, 22.05, -422.16, 20.00, 4.63, 20.00, 19.25, 0.00, 0.00, 0.00, 0.00, 90.00, 0, 0
2.00, 5.70, 22.18, 22.18, -171.23, 20.00, 4.63, 20.56, 19.82, 0.00, 3.17, 71.66, -113.92, 86.26, 0, 0
2.00, 5.70, 22.58, 22.58, 558.24, 20.00, 4.63, 22.22, 21.49, 39.98, 22.98, 63.35, -104.71, 75.54, 0, 0
2.00, 5.70, 22.96, 22.96, 789.51, 20.00, 4.63, 23.89, 23.16, 43.49, 51.00, 57.43, -95.63, 64.35, 0, 0
2.00, 5.70, 23.31, 23.31, 947.67, 20.00, 4.63, 25.56, 24.82, 23.96, 65.83, 54.68, -85.92, 52.99, 0, 0
2.00, 5.70, 23.65, 23.65, 1128.75, 20.00, 4.63, 27.22, 26.48, 8.66, 85.35, 55.59, -74.31, 41.80, 0, 0
2.00, 5.70, 23.92, 23.92, 1184.58, 20.00, 4.63, 27.78, 27.05, 0.32, 82.14, 59.98, -58.33, 31.37, 0, 0
2.00, 5.70, 24.12, 24.12, 1202.45, 20.00, 4.63, 28.33, 27.60, 0.00, 63.28, 67.16, -33.02, 23.16, 0, 0
2.00, 5.70, 24.32, 24.32, 1283.56, 20.00, 4.63, 28.33, 27.60, 0.00, 78.22, 76.35, 4.82, 20.30, 0, 0
2.00, 5.70, 24.56, 24.56, 1442.31, 20.00, 4.63, 29.44, 28.69, 0.00, 100.89, 86.87, 40.22, 24.77, 0, 0
2.00, 5.70, 24.77, 24.77, 1503.71, 20.00, 4.63, 30.00, 29.24, 0.00, 91.01, 0.00, 62.73, 33.72, 0, 0
2.00, 5.70, 24.93, 24.93, 1514.44, 20.00, 4.63, 30.00, 29.24, 0.00, 77.63, 0.00, 77.34, 44.42, 0, 0
2.00, 5.70, 25.00, 25.00, 1522.92, 20.00, 4.63, 29.44, 28.69, 0.00, 51.36, 0.00, 90.00, 55.69, 0, 0
2.00, 5.70, 25.00, 25.00, 1678.41, 20.00, 4.63, 28.89, 28.14, 0.00, 35.35, 0.00, 97.81, 67.04, 0, 0
2.00, 5.70, 25.00, 25.00, 1729.07, 20.00, 4.63, 28.33, 27.58, 0.00, 22.41, 0.00, 106.86, 78.14, 0, 0
2.00, 5.70, 25.00, 25.00, 1532.80, 20.00, 4.63, 27.22, 26.48, 0.00, 6.34, 0.00, 116.19, 88.71, 0, 0
2.00, 5.70, 25.00, 25.00, 1443.49, 20.00, 4.63, 25.56, 24.82, 0.00, 0.00, 0.00, 0.00, 90.00, 0, 0
2.00, 5.70, 25.05, 25.05, 1207.91, 20.00, 4.63, 24.44, 23.70, 0.00, 0.00, 0.00, 0.00, 90.00, 0, 0
2.00, 5.70, 24.78, 24.78, 1164.36, 20.00, 4.63, 23.33, 22.59, 0.00, 0.00, 0.00, 0.00, 90.00, 0, 0
2.00, 5.70, 24.46, 24.46, 762.61, 20.00, 4.63, 22.22, 21.48, 0.00, 0.00, 0.00, 0.00, 90.00, 0, 0
2.00, 5.70, 24.01, 24.01, 182.50, 20.00, 4.63, 20.56, 19.82, 0.00, 0.00, 0.00, 0.00, 90.00, 0, 0
2.00, 5.70, 23.55, 23.55, -236.19, 20.00, 4.63, 19.44, 18.70, 0.00, 0.00, 0.00, 0.00, 90.00, 0, 0
2.00, 5.70, 23.08, 23.08, -657.94, 20.00, 4.63, 18.33, 17.59, 0.00, 0.00, 0.00, 0.00, 90.00, 0, 0
2.00, 5.70, 22.60, 22.60, -1083.69, 20.00, 4.63, 17.22, 16.48, 0.00, 0.00, 0.00, 0.00, 90.00, 0, 0
2.00, 5.70, 22.11, 22.11, -1513.91, 20.00, 4.63, 16.11, 15.37, 0.00, 0.00, 0.00, 0.00, 90.00, 0, 0
2.00, 5.70, 21.89, 21.89, -1278.39, 20.00, 4.63, 16.67, 15.93, 0.00, 12.67, 71.51, -113.78, 86.41, 0, 0
2.00, 5.70, 22.59, 22.59, 616.28, 20.00, 4.63, 18.33, 17.61, 123.49, 34.85, 63.19, -104.56, 75.67, 0, 0
2.00, 5.70, 23.26, 23.26, 1038.70, 20.00, 4.63, 20.56, 19.82, 171.42, 77.29, 57.25, -95.47, 64.48, 0, 0
2.00, 5.70, 23.89, 23.89, 1399.90, 20.00, 4.63, 22.78, 22.04, 162.55, 123.98, 54.48, -85.73, 53.12, 0, 0
2.00, 5.70, 24.43, 24.43, 1599.02, 20.00, 4.63, 25.00, 24.25, 52.02, 160.02, 55.39, -74.09, 41.94, 0, 0
2.00, 5.70, 24.85, 24.85, 1670.90, 20.00, 4.63, 26.67, 25.91, 3.93, 189.12, 59.79, -58.08, 31.53, 0, 0
2.00, 5.70, 25.22, 25.22, 1814.46, 20.00, 4.63, 28.33, 27.58, 0.00, 209.96, 66.99, -32.83, 23.34, 0, 0
2.00, 5.70, 25.58, 25.58, 1962.95, 20.00, 4.63, 30.00, 29.22, 0.00, 207.27, 76.19, 4.74, 20.49, 0, 0
2.00, 5.70, 25.00, 25.00, 1893.96, 20.00, 4.63, 30.56, 29.77, 0.00, 194.64, 86.74, 39.94, 24.93, 0, 0
2.00, 5.70, 25.00, 25.00, 1976.49, 20.00, 4.63, 31.11, 30.34, 0.00, 183.92, 0.00, 62.46, 33.85, 0, 0
2.00, 5.70, 25.00, 25.00, 2108.26, 20.00, 4.63, 31.11, 30.34, 0.00, 157.32, 0.00, 77.10, 44.53, 0, 0
2.00, 5.70, 25.00, 25.00, 2181.62, 20.00, 4.63, 30.56, 29.77, 0.00, 107.14, 0.00, 90.00, 55.80, 0, 0
2.00, 5.70, 25.00, 25.00, 2246.83, 20.00, 4.63, 29.44, 28.65, 0.00, 60.20, 0.00, 97.63, 67.14, 0, 0
2.00, 5.70, 25.00, 25.00, 2156.78, 20.00, 4.63, 28.33, 27.56, 0.00, 26.82, 0.00, 106.69, 78.25, 0, 0
2.00, 5.70, 25.00, 25.00, 1793.00, 20.00, 4.63, 26.67, 25.90, 0.00, 7.13, 0.00, 116.03, 88.84, 0, 0
2.00, 5.70, 25.00, 25.00, 1695.51, 20.00, 4.63, 25.56, 24.78, 0.00, 0.00, 0.00, 0.00, 90.00, 0, 0
2.00, 5.70, 25.29, 25.29, 1476.49, 20.00, 4.63, 24.44, 23.67, 0.00, 0.00, 0.00, 0.00, 90.00, 0, 0
2.00, 5.70, 25.15, 25.15, 1434.28, 20.00, 4.63, 23.33, 22.56, 0.00, 0.00, 0.00, 0.00, 90.00, 0, 0
2.00, 5.70, 24.81, 24.81, 855.28, 20.00, 4.63, 21.67, 20.89, 0.00, 0.00, 0.00, 0.00, 90.00, 0, 0
2.00, 5.70, 24.43, 24.43, 434.83, 20.00, 4.63, 20.56, 19.78, 0.00, 0.00, 0.00, 0.00, 90.00, 0, 0
2.00, 5.70, 23.93, 23.93, -166.39, 20.00, 4.63, 18.89, 18.12, 0.00, 0.00, 0.00, 0.00, 90.00, 0, 0
2.00, 5.70, 23.43, 23.43, -604.30, 20.00, 4.63, 17.78, 16.99, 0.00, 0.00, 0.00, 0.00, 90.00, 0, 0
2.00, 5.70, 22.84, 22.84, -1224.58, 20.00, 4.63, 16.11, 15.33, 0.00, 0.00, 0.00, 0.00, 90.00, 0, 0
2.00, 5.70, 22.27, 22.27, -1677.23, 20.00, 4.63, 15.00, 14.22, 0.00, 0.00, 0.00, 0.00, 90.00, 0, 0
2.00, 5.70, 21.97, 21.97, -1530.07, 20.00, 4.63, 15.56, 14.79, 0.00, 12.67, 71.37, -113.63, 86.56, 0, 0
2.00, 5.70, 22.84, 22.84, 833.57, 20.00, 4.63, 17.78, 16.99, 210.44, 42.01, 63.02, -104.40, 75.81, 0, 0
2.00, 5.70, 23.57, 23.57, 1138.76, 20.00, 4.63, 20.00, 19.22, 178.55, 76.96, 57.05, -95.29, 64.62, 0, 0
2.00, 5.70, 24.17, 24.17, 1352.95, 20.00, 4.63, 21.67, 20.88, 128.55, 109.31, 54.28, -85.53, 53.26, 0, 0
2.00, 5.70, 24.68, 24.68, 1541.53, 20.00, 4.63, 23.89, 23.10, 40.49, 142.18, 55.18, -73.86, 42.08, 0, 0
2.00, 5.70, 25.09, 25.09, 1647.23, 20.00, 4.63, 25.56, 24.76, 3.69, 176.68, 59.60, -57.83, 31.69, 0, 0
2.00, 5.70, 25.46, 25.46, 1786.13, 20.00, 4.63, 27.22, 26.42, 0.00, 198.90, 66.82, -32.63, 23.54, 0, 0
2.00, 5.70, 25.81, 25.81, 1936.85, 20.00, 4.63, 28.89, 28.06, 0.00, 205.57, 76.04, 4.66, 20.70, 0, 0
2.00, 5.70, 25.00, 25.00, 1872.46, 20.00, 4.63, 30.00, 29.18, 0.00, 201.74, 86.60, 39.66, 25.10, 0, 0
2.00, 5.70, 25.00, 25.00, 1937.79, 20.00, 4.63, 30.56, 29.73, 0.00, 181.80, 0.00, 62.18, 33.99, 0, 0
2.00, 5.70, 25.00, 25.00, 2011.15, 20.00, 4.63, 30.00, 29.18, 0.00, 147.82, 0.00, 76.86, 44.65, 0, 0
2.00, 5.70, 25.00, 25.00, 2157.01, 20.00, 4.63, 29.44, 28.63, 0.00, 110.85, 0.00, 90.00, 55.91, 0, 0
2.00, 5.70, 25.00, 25.00, 2306.30, 20.00, 4.63, 28.33, 27.54, 0.00, 68.76, 0.00, 97.44, 67.26, 0, 0
2.00, 5.70, 25.00, 25.00, 2177.34, 20.00, 4.63, 27.22, 26.42, 0.00, 28.50, 0.00, 106.52, 78.37, 0, 0
2.00, 5.70, 25.00, 25.00, 1739.85, 20.00, 4.63, 25.56, 24.76, 0.00, 7.13, 0.00, 115.87, 88.97, 0, 0
2.00, 5.70, 25.00, 25.00, 1631.28, 20.00, 4.63, 24.44, 23.65, 0.00, 0.00, 0.00, 0.00, 90.00, 0, 0
2.00, 5.70, 25.34, 25.34, 1463.32, 20.00, 4.63, 23.33, 22.54, 0.00, 0.00, 0.00, 0.00, 90.00, 0, 0
2.00, 5.70, 25.08, 25.08, 1127.71, 20.00, 4.63, 22.22, 21.42, 0.00, 0.00, 0.00, 0.00, 90.00, 0, 0
2.00, 5.70, 24.67, 24.67, 534.91, 20.00, 4.63, 20.56, 19.76, 0.00, 0.00, 0.00, 0.00, 90.00, 0, 0
2.00, 5.70, 24.31, 24.31, 279.50, 20.00, 4.63, 20.00, 19.20, 0.00, 0.00, 0.00, 0.00, 90.00, 0, 0
2.00, 5.70, 23.90, 23.90, -146.21, 20.00, 4.63, 18.89, 18.09, 0.00, 0.00, 0.00, 0.00, 90.00, 0, 0
2.00, 5.70, 23.45, 23.45, -577.63, 20.00, 4.63, 17.78, 16.97, 0.00, 0.00, 0.00, 0.00, 90.00, 0, 0
2.00, 5.70, 22.98, 22.98, -1014.14, 20.00, 4.63, 16.67, 15.88, 0.00, 0.00, 0.00, 0.00, 90.00, 0, 0
2.00, 5.70, 22.48, 22.48, -1455.80, 20.00, 4.63, 15.56, 14.77, 0.00, 0.00, 0.00, 0.00, 90.00, 0, 0
2.00, 5.70, 22.21, 22.21, -1327.48, 20.00, 4.63, 16.11, 15.33, 0.00, 5.54, 71.21, -113.48, 86.71, 0, 0
2.00, 5.70, 22.93, 22.93, 602.47, 20.00, 4.63, 17.78, 16.99, 56.99, 26.18, 62.84, -104.23, 75.95, 0, 0
2.00, 5.70, 23.51, 23.51, 813.35, 20.00, 4.63, 19.44, 18.67, 48.41, 50.82, 56.86, -95.11, 64.75, 0, 0
2.00, 5.70, 24.02, 24.02, 1075.11, 20.00, 4.63, 21.11, 20.33, 59.01, 83.47, 54.07, -85.32, 53.39, 0, 0
2.00, 5.70, 24.50, 24.50, 1326.01, 20.00, 4.63, 23.33, 22.54, 25.29, 118.26, 54.97, -73.63, 42.22, 0, 0
2.00, 5.70, 24.93, 24.93, 1519.20, 20.00, 4.63, 25.56, 24.76, 2.96, 156.77, 59.40, -57.57, 31.85, 0, 0
2.00, 5.70, 25.27, 25.27, 1583.30, 20.00, 4.63, 26.67, 25.86, 0.00, 141.44, 66.64, -32.42, 23.73, 0, 0
2.00, 5.70, 25.54, 25.54, 1625.44, 20.00, 4.63, 27.22, 26.42, 0.00, 121.14, 75.88, 4.59, 20.91, 0, 0
2.00, 5.70, 25.00, 25.00, 1508.32, 20.00, 4.63, 27.78, 26.95, 0.00, 103.18, 86.46, 39.38, 25.28, 0, 0
2.00, 5.70, 25.00, 25.00, 1503.26, 20.00, 4.63, 27.78, 26.95, 0.00, 93.21, 0.00, 61.89, 34.13, 0, 0
2.00, 5.70, 25.00, 25.00, 1587.13, 20.00, 4.63, 27.78, 26.97, 0.00, 101.86, 0.00, 76.61, 44.77, 0, 0
2.00, 5.70, 25.00, 25.00, 1729.65, 20.00, 4.63, 27.22, 26.42, 0.00, 88.69, 0.00, 90.00, 56.03, 0, 0
2.00, 5.70, 25.00, 25.00, 1847.71, 20.00, 4.63, 26.67, 25.86, 0.00, 53.20, 0.00, 97.25, 67.38, 0, 0
2.00, 5.70, 25.00, 25.00, 1747.39, 20.00, 4.63, 25.00, 24.22, 0.00, 24.42, 0.00, 106.35, 78.50, 0, 0
2.00, 5.70, 25.00, 25.00, 1474.61, 20.00, 4.63, 23.89, 23.10, 0.00, 7.13, 0.00, 115.71, 89.11, 0, 0
2.00, 5.70, 25.00, 25.00, 1357.88, 20.00, 4.63, 22.22, 21.44, 0.00, 0.00, 0.00, 0.00, 90.00, 0, 0
2.00, 5.70, 25.21, 25.21, 1185.77, 20.00, 4.63, 21.11, 20.33, 0.00, 0.00, 0.00, 0.00, 90.00, 0, 0
2.00, 5.70, 24.62, 24.62, 249.57, 20.00, 4.63, 20.00, 19.20, 0.00, 0.00, 0.00, 0.00, 90.00, 0, 0
2.00, 5.70, 23.99, 23.99, -371.09, 20.00, 4.63, 18.33, 17.54, 0.00, 0.00, 0.00, 0.00, 90.00, 0, 0
2.00, 5.70, 23.41, 23.41, -820.74, 20.00, 4.63, 17.22, 16.43, 0.00, 0.00, 0.00, 0.00, 90.00, 0, 0
2.00, 5.70, 22.84, 22.84, -1268.90, 20.00, 4.63, 16.11, 15.32, 0.00, 0.00, 0.00, 0.00, 90.00, 0, 0
2.00, 5.70, 22.29, 22.29, -1718.01, 20.00, 4.63, 15.00, 14.20, 0.00, 0.00, 0.00, 0.00, 90.00, 0, 0
2.00, 5.70, 21.81, 21.81, -1986.77, 20.00, 4.63, 14.44, 13.66, 0.00, 0.00, 0.00, 0.00, 90.00, 0, 0
2.00, 5.70, 21.29, 21.29, -2432.48, 20.00, 4.63, 13.33, 12.55, 0.00, 0.00, 0.00, 0.00, 90.00, 0, 0
2.00, 5.70, 21.02, 21.02, -2280.47, 20.00, 4.63, 13.89, 13.11, 0.00, 11.09, 71.05, -113.32, 86.86, 0, 0
2.00, 5.70, 22.00, 22.00, 511.80, 20.00, 4.63, 16.11, 15.33, 188.14, 39.04, 62.66, -104.06, 76.10, 0, 0
2.00, 5.70, 22.77, 22.77, 767.82, 20.00, 4.63, 18.33, 17.54, 136.38, 67.50, 56.65, -94.92, 64.89, 0, 0
2.00, 5.70, 23.38, 23.38, 959.71, 20.00, 4.63, 20.00, 19.20, 89.29, 93.48, 53.85, -85.11, 53.53, 0, 0
2.00, 5.70, 23.89, 23.89, 1156.76, 20.00, 4.63, 21.67, 20.88, 31.20, 124.94, 54.75, -73.38, 42.36, 0, 0
2.00, 5.70, 24.31, 24.31, 1268.31, 20.00, 4.63, 23.33, 22.54, 2.81, 146.85, 59.20, -57.30, 32.02, 0, 0
2.00, 5.70, 24.67, 24.67, 1409.82, 20.00, 4.63, 25.00, 24.20, 0.00, 163.33, 66.46, -32.21, 23.93, 0, 0
2.00, 5.70, 25.00, 25.00, 1538.68, 20.00, 4.63, 26.11, 25.29, 0.00, 172.06, 75.72, 4.53, 21.13, 0, 0
2.00, 5.70, 25.00, 25.00, 1535.82, 20.00, 4.63, 27.22, 26.38, 0.00, 161.58, 86.32, 39.11, 25.47, 0, 0
2.00, 5.70, 25.00, 25.00, 1578.19, 20.00, 4.63, 27.22, 26.40, 0.00, 154.44, 0.00, 61.61, 34.28, 0, 0
2.00, 5.70, 25.00, 25.00, 1622.08, 20.00, 4.63, 27.22, 26.40, 0.00, 123.67, 0.00, 76.36, 44.90, 0, 0
2.00, 5.70, 25.00, 25.00, 1743.10, 20.00, 4.63, 26.67, 25.83, 0.00, 95.91, 0.00, 90.00, 56.15, 0, 0
2.00, 5.70, 25.00, 25.00, 1941.20, 20.00, 4.63, 26.11, 25.29, 0.00, 63.00, 0.00, 97.06, 67.50, 0, 0
2.00, 5.70, 25.00, 25.00, 1723.26, 20.00, 4.63, 24.44, 23.63, 0.00, 23.51, 0.00, 106.17, 78.63, 0, 0
2.00, 5.70, 25.00, 25.00, 1404.13, 20.00, 4.63, 22.78, 21.97, 0.00, 3.17, 0.00, 115.55, 89.25, 0, 0
2.00, 5.70, 25.00, 25.00, 1314.31, 20.00, 4.63, 21.67, 20.86, 0.00, 0.00, 0.00, 0.00, 90.00, 0, 0
2.00, 5.70, 25.12, 25.12, 1107.11, 20.00, 4.63, 20.00, 19.18, 0.00, 0.00, 0.00, 0.00, 90.00, 0, 0
2.00, 5.70, 24.35, 24.35, -140.54, 20.00, 4.63, 18.89, 18.06, 0.00, 0.00, 0.00, 0.00, 90.00, 0, 0
2.00, 5.70, 23.60, 23.60, -781.30, 20.00, 4.63, 17.22, 16.41, 0.00, 0.00, 0.00, 0.00, 90.00, 0, 0
2.00, 5.70, 22.94, 22.94, -1244.95, 20.00, 4.63, 16.11, 15.30, 0.00, 0.00, 0.00, 0.00, 90.00, 0, 0
2.00, 5.70, 22.32, 22.32, -1703.97, 20.00, 4.63, 15.00, 14.19, 0.00, 0.00, 0.00, 0.00, 90.00, 0, 0
2.00, 5.70, 21.72, 21.72, -2161.92, 20.00, 4.63, 13.89, 13.08, 0.00, 0.00, 0.00, 0.00, 90.00, 0, 0
2.00, 5.70, 21.13, 21.13, -2620.92, 20.00, 4.63, 12.78, 11.96, 0.00, 0.00, 0.00, 0.00, 90.00, 0, 0
2.00, 5.70, 20.63, 20.63, -2897.00, 20.00, 4.63, 12.22, 11.40, 0.00, 0.00, 0.00, 0.00, 90.00, 0, 0
2.00, 5.70, 20.18, 20.18, -3145.51, 20.00, 4.63, 11.67, 10.86, 0.00, 1.58, 70.89, -113.16, 87.02, 0, 0
2.00, 5.70, 21.00, 21.00, -180.25, 20.00, 4.63, 12.22, 11.40, 0.00, 7.92, 62.47, -103.89, 76.24, 0, 0
2.00, 5.70, 21.60, 21.60, -37.68, 20.00, 4.63, 13.33, 12.51, 0.80, 21.30, 56.44, -94.72, 65.03, 0, 0
2.00, 5.70, 22.11, 22.11, 210.93, 20.00, 4.63, 15.00, 14.19, 18.07, 53.45, 53.62, -84.89, 53.67, 0, 0
2.00, 5.70, 22.57, 22.57, 435.97, 20.00, 4.63, 16.67, 15.84, 9.39, 84.16, 54.53, -73.13, 42.51, 0, 0
2.00, 5.70, 22.97, 22.97, 626.45, 20.00, 4.63, 18.33, 17.52, 1.42, 113.20, 58.99, -57.02, 32.19, 0, 0
2.00, 5.70, 23.32, 23.32, 768.60, 20.00, 4.63, 20.00, 19.18, 0.00, 120.13, 66.28, -31.98, 24.14, 0, 0
2.00, 5.70, 23.62, 23.62, 888.71, 20.00, 4.63, 21.11, 20.29, 0.00, 126.48, 75.56, 4.48, 21.35, 0, 0
2.00, 5.70, 23.87, 23.87, 945.82, 20.00, 4.63, 21.67, 20.83, 0.00, 107.37, 86.17, 38.83, 25.66, 0, 0
2.00, 5.70, 24.08, 24.08, 1005.93, 20.00, 4.63, 22.22, 21.40, 0.00, 101.80, 0.00, 61.32, 34.43, 0, 0
2.00, 5.70, 24.25, 24.25, 1037.86, 20.00, 4.63, 22.22, 21.40, 0.00, 88.11, 0.00, 76.11, 45.03, 0, 0
2.00, 5.70, 24.38, 24.38, 1035.26, 20.00, 4.63, 21.67, 20.86, 0.00, 60.25, 0.00, 87.27, 56.28, 0, 0
2.00, 5.70, 24.57, 24.57, 1205.05, 20.00, 4.63, 21.11, 20.31, 0.00, 42.77, 0.00, 96.86, 67.63, 0, 0
2.00, 5.70, 24.67, 24.67, 1126.51, 20.00, 4.63, 20.00, 19.20, 0.00, 17.53, 0.00, 105.99, 78.77, 0, 0
2.00, 5.70, 24.66, 24.66, 934.67, 20.00, 4.63, 18.89, 18.10, 0.00, 2.38, 0.00, 115.38, 89.40, 0, 0
2.00, 5.70, 24.64, 24.64, 882.16, 20.00, 4.63, 18.33, 17.54, 0.00, 0.00, 0.00, 0.00, 90.00, 0, 0
2.00, 5.70, 24.54, 24.54, 691.89, 20.00, 4.63, 17.78, 16.99, 0.00, 0.00, 0.00, 0.00, 90.00, 0, 0
2.00, 5.70, 23.51, 23.51, -999.07, 20.00, 4.63, 17.22, 16.43, 0.00, 0.00, 0.00, 0.00, 90.00, 0, 0
2.00, 5.70, 22.68, 22.68, -1480.79, 20.00, 4.63, 16.11, 15.33, 0.00, 0.00, 0.00, 0.00, 90.00, 0, 0
2.00, 5.70, 22.04, 22.04, -1765.42, 20.00, 4.63, 15.56, 14.77, 0.00, 0.00, 0.00, 0.00, 90.00, 0, 0
2.00, 5.70, 21.59, 21.59, -1851.57, 20.00, 4.63, 15.56, 14.75, 0.00, 0.00, 0.00, 0.00, 90.00, 0, 0
2.00, 5.70, 21.19, 21.19, -2100.27, 20.00, 4.63, 15.00, 14.20, 0.00, 0.00, 0.00, 0.00, 90.00, 0, 0
2.00, 5.70, 20.81, 20.81, -2344.97, 20.00, 4.63, 14.44, 13.66, 0.00, 0.00, 0.00, 0.00, 90.00, 0, 0
2.00, 5.70, 20.45, 20.45, -2587.48, 20.00, 4.63, 13.89, 13.11, 0.00, 0.00, 0.00, 0.00, 90.00, 0, 0
2.00, 5.70, 20.28, 20.28, -2422.75, 20.00, 4.63, 14.44, 13.68, 0.00, 7.92, 70.72, -112.99, 87.18, 0, 0
2.00, 5.70, 21.00, 21.00, -91.29, 20.00, 4.63, 16.11, 15.35, 30.82, 20.61, 62.28, -103.70, 76.39, 0, 0
2.00, 5.70, 21.64, 21.64, 253.22, 20.00, 4.63, 17.78, 17.01, 83.24, 54.74, 56.22, -94.52, 65.17, 0, 0
2.00, 5.70, 22.16, 22.16, 452.86, 20.00, 4.63, 19.44, 18.69, 55.63, 77.21, 53.40, -84.67, 53.81, 0, 0
2.00, 5.70, 22.62, 22.62, 647.04, 20.00, 4.63, 21.11, 20.35, 18.15, 101.91, 54.31, -72.87, 42.66, 0, 0
2.00, 5.70, 23.02, 23.02, 829.44, 20.00, 4.63, 22.78, 22.01, 2.42, 133.23, 58.78, -56.74, 32.36, 0, 0
2.00, 5.70, 23.40, 23.40, 1020.92, 20.00, 4.63, 24.44, 23.67, 0.00, 164.79, 66.09, -31.75, 24.35, 0, 0
2.00, 5.70, 23.76, 23.76, 1213.07, 20.00, 4.63, 26.11, 25.33, 0.00, 183.49, 75.40, 4.43, 21.58, 0, 0
2.00, 5.70, 24.10, 24.10, 1364.36, 20.00, 4.63, 27.22, 26.42, 0.00, 176.55, 86.03, 38.56, 25.85, 0, 0
2.00, 5.70, 24.37, 24.37, 1402.50, 20.00, 4.63, 27.78, 26.99, 0.00, 145.33, 0.00, 61.03, 34.59, 0, 0
2.00, 5.70, 24.56, 24.56, 1369.96, 20.00, 4.63, 27.22, 26.44, 0.00, 104.29, 0.00, 75.85, 45.18, 0, 0
2.00, 5.70, 24.74, 24.74, 1440.15, 20.00, 4.63, 26.67, 25.88, 0.00, 80.31, 0.00, 87.04, 56.41, 0, 0
2.00, 5.70, 24.92, 24.92, 1496.76, 20.00, 4.63, 25.56, 24.78, 0.00, 41.96, 0.00, 96.66, 67.77, 0, 0
2.00, 5.70, 24.96, 24.96, 1292.38, 20.00, 4.63, 24.44, 23.67, 0.00, 11.69, 0.00, 105.80, 78.91, 0, 0
2.00, 5.70, 24.96, 24.96, 1201.07, 20.00, 4.63, 23.33, 22.56, 0.00, 2.38, 0.00, 115.21, 89.56, 0, 0
2.00, 5.70, 24.94, 24.94, 1136.35, 20.00, 4.63, 22.22, 21.46, 0.00, 0.00, 0.00, 0.00, 90.00, 0, 0
2.00, 5.70, 24.86, 24.86, 963.58, 20.00, 4.63, 21.67, 20.89, 0.00, 0.00, 0.00, 0.00, 90.00, 0, 0
2.00, 5.70, 24.21, 24.21, 173.18, 20.00, 4.63, 20.56, 19.80, 0.00, 0.00, 0.00, 0.00, 90.00, 0, 0
2.00, 5.70, 23.71, 23.71, -86.48, 20.00, 4.63, 20.00, 19.23, 0.00, 0.00, 0.00, 0.00, 90.00, 0, 0
2.00, 5.70, 23.29, 23.29, -332.21, 20.00, 4.63, 19.44, 18.67, 0.00, 0.00, 0.00, 0.00, 90.00, 0, 0
2.00, 5.70, 22.93, 22.93, -570.06, 20.00, 4.63, 18.89, 18.10, 0.00, 0.00, 0.00, 0.00, 90.00, 0, 0
2.00, 5.70, 22.52, 22.52, -981.29, 20.00, 4.63, 17.78, 17.01, 0.00, 0.00, 0.00, 0.00, 90.00, 0, 0
2.00, 5.70, 22.15, 22.15, -1220.49, 20.00, 4.63, 17.22, 16.45, 0.00, 0.00, 0.00, 0.00, 90.00, 0, 0
2.00, 5.70, 21.81, 21.81, -1456.49, 20.00, 4.63, 16.67, 15.90, 0.00, 0.00, 0.00, 0.00, 90.00, 0, 0
2.00, 5.70, 21.68, 21.68, -1233.43, 20.00, 4.63, 17.22, 16.46, 0.00, 3.96, 70.54, -112.82, 87.34, 0, 0
2.00, 5.70, 22.18, 22.18, 197.91, 20.00, 4.63, 17.22, 16.46, 0.00, 8.71, 62.08, -103.51, 76.54, 0, 0
2.00, 5.70, 22.61, 22.61, 396.08, 20.00, 4.63, 18.89, 18.12, 9.99, 29.88, 56.00, -94.32, 65.31, 0, 0
2.00, 5.70, 23.02, 23.02, 648.57, 20.00, 4.63, 20.56, 19.80, 24.74, 61.91, 53.16, -84.43, 53.95, 0, 0
2.00, 5.70, 23.38, 23.38, 818.06, 20.00, 4.63, 22.22, 21.46, 7.60, 77.25, 54.08, -72.61, 42.81, 0, 0
2.00, 5.70, 23.67, 23.67, 891.67, 20.00, 4.63, 22.78, 22.01, 0.56, 80.62, 58.57, -56.45, 32.53, 0, 0
2.00, 5.70, 24.01, 24.01, 1166.98, 20.00, 4.63, 25.00, 24.22, 0.00, 136.18, 65.90, -31.52, 24.56, 0, 0
2.00, 5.70, 24.37, 24.37, 1383.12, 20.00, 4.63, 26.67, 25.88, 0.00, 164.82, 75.23, 4.38, 21.82, 0, 0
2.00, 5.70, 24.62, 24.62, 1379.60, 20.00, 4.63, 27.22, 26.44, 0.00, 125.94, 85.88, 38.29, 26.06, 0, 0
2.00, 5.70, 24.81, 24.81, 1380.62, 20.00, 4.63, 27.78, 26.99, 0.00, 98.58, 0.00, 60.73, 34.76, 0, 0
2.00, 5.70, 24.98, 24.98, 1422.25, 20.00, 4.63, 27.78, 26.99, 0.00, 91.86, 0.00, 75.59, 45.32, 0, 0
2.00, 5.70, 25.00, 25.00, 1606.50, 20.00, 4.63, 27.78, 26.99, 0.00, 86.65, 0.00, 86.82, 56.55, 0, 0
2.00, 5.70, 25.00, 25.00, 1731.33, 20.00, 4.63, 27.22, 26.44, 0.00, 49.34, 0.00, 96.45, 67.91, 0, 0
2.00, 5.70, 25.00, 25.00, 1507.11, 20.00, 4.63, 26.11, 25.33, 0.00, 14.21, 0.00, 105.62, 79.06, 0, 0
2.00, 5.70, 25.00, 25.00, 1384.90, 20.00, 4.63, 25.00, 24.23, 0.00, 2.38, 0.00, 115.04, 89.72, 0, 0
2.00, 5.70, 25.00, 25.00, 1322.85, 20.00, 4.63, 23.89, 23.12, 0.00, 0.00, 0.00, 0.00, 90.00, 0, 0
2.00, 5.70, 25.04, 25.04, 1097.05, 20.00, 4.63, 22.78, 22.01, 0.00, 0.00, 0.00, 0.00, 90.00, 0, 0
2.00, 5.70, 24.57, 24.57, 610.73, 20.00, 4.63, 21.67, 20.91, 0.00, 0.00, 0.00, 0.00, 90.00, 0, 0
2.00, 5.70, 24.11, 24.11, 190.34, 20.00, 4.63, 20.56, 19.80, 0.00, 0.00, 0.00, 0.00, 90.00, 0, 0
2.00, 5.70, 23.72, 23.72, -53.91, 20.00, 4.63, 20.00, 19.23, 0.00, 0.00, 0.00, 0.00, 90.00, 0, 0
2.00, 5.70, 23.30, 23.30, -467.73, 20.00, 4.63, 18.89, 18.12, 0.00, 0.00, 0.00, 0.00, 90.00, 0, 0
2.00, 5.70, 22.93, 22.93, -708.92, 20.00, 4.63, 18.33, 17.57, 0.00, 0.00, 0.00, 0.00, 90.00, 0, 0
2.00, 5.70, 22.51, 22.51, -1124.70, 20.00, 4.63, 17.22, 16.46, 0.00, 0.00, 0.00, 0.00, 90.00, 0, 0
2.00, 5.70, 22.13, 22.13, -1367.82, 20.00, 4.63, 16.67, 15.92, 0.00, 0.00, 0.00, 0.00, 90.00, 0, 0
2.00, 5.70, 21.90, 21.90, -1331.91, 20.00, 4.63, 16.67, 15.92, 0.00, 3.17, 70.36, -112.64, 87.50, 0, 0
2.00, 5.70, 22.51, 22.51, 401.18, 20.00, 4.63, 17.78, 17.03, 42.45, 20.93, 61.87, -103.32, 76.69, 0, 0
2.00, 5.70, 23.10, 23.10, 796.90, 20.00, 4.63, 20.00, 19.25, 107.97, 59.07, 55.77, -94.10, 65.46, 0, 0
2.00, 5.70, 23.64, 23.64, 1082.08, 20.00, 4.63, 22.22, 21.46, 95.70, 91.15, 52.92, -84.19, 54.10, 0, 0
2.00, 5.70, 24.09, 24.09, 1229.68, 20.00, 4.63, 23.89, 23.12, 24.54, 110.53, 53.84, -72.34, 42.97, 0, 0
2.00, 5.70, 24.48, 24.48, 1383.76, 20.00, 4.63, 25.56, 24.78, 3.13, 138.02, 58.35, -56.15, 32.71, 0, 0
2.00, 5.70, 24.84, 24.84, 1553.32, 20.00, 4.63, 27.22, 26.44, 0.00, 163.14, 65.71, -31.27, 24.78, 0, 0
2.00, 5.70, 25.19, 25.19, 1720.75, 20.00, 4.63, 28.89, 28.11, 0.00, 172.51, 75.06, 4.35, 22.06, 0, 0
2.00, 5.70, 25.00, 25.00, 1713.09, 20.00, 4.63, 30.00, 29.20, 0.00, 170.95, 85.73, 38.02, 26.27, 0, 0
2.00, 5.70, 25.00, 25.00, 1777.85, 20.00, 4.63, 30.56, 29.77, 0.00, 159.21, 0.00, 60.44, 34.94, 0, 0
2.00, 5.70, 25.00, 25.00, 1840.19, 20.00, 4.63, 30.56, 29.77, 0.00, 128.05, 0.00, 75.33, 45.48, 0, 0
2.00, 5.70, 25.00, 25.00, 1888.01, 20.00, 4.63, 30.00, 29.20, 0.00, 87.67, 0.00, 86.59, 56.70, 0, 0
2.00, 5.70, 25.00, 25.00, 2063.45, 20.00, 4.63, 28.89, 28.11, 0.00, 58.00, 0.00, 96.25, 68.06, 0, 0
2.00, 5.70, 25.00, 25.00, 2049.30, 20.00, 4.63, 27.78, 26.99, 0.00, 27.88, 0.00, 105.43, 79.22, 0, 0
2.00, 5.70, 25.00, 25.00, 1654.32, 20.00, 4.63, 26.11, 25.33, 0.00, 7.13, 0.00, 114.86, 89.89, 0, 0
2.00, 5.70, 25.00, 25.00, 1562.16, 20.00, 4.63, 25.00, 24.23, 0.00, 0.00, 0.00, 0.00, 90.00, 0, 0
2.00, 5.70, 25.23, 25.23, 1347.74, 20.00, 4.63, 23.89, 23.12, 0.00, 0.00, 0.00, 0.00, 90.00, 0, 0
2.00, 5.70, 24.98, 24.98, 1161.59, 20.00, 4.63, 22.78, 22.01, 0.00, 0.00, 0.00, 0.00, 90.00, 0, 0
2.00, 5.70, 24.66, 24.66, 753.32, 20.00, 4.63, 21.67, 20.88, 0.00, 0.00, 0.00, 0.00, 90.00, 0, 0
2.00, 5.70, 24.29, 24.29, 340.32, 20.00, 4.63, 20.56, 19.78, 0.00, 0.00, 0.00, 0.00, 90.00, 0, 0
2.00, 5.70, 23.88, 23.88, -78.09, 20.00, 4.63, 19.44, 18.67, 0.00, 0.00, 0.00, 0.00, 90.00, 0, 0
2.00, 5.70, 23.44, 23.44, -501.75, 20.00, 4.63, 18.33, 17.56, 0.00, 0.00, 0.00, 0.00, 90.00, 0, 0
2.00, 5.70, 22.97, 22.97, -930.55, 20.00, 4.63, 17.22, 16.45, 0.00, 0.00, 0.00, 0.00, 90.00, 0, 0
2.00, 5.70, 22.48, 22.48, -1364.44, 20.00, 4.63, 16.11, 15.33, 0.00, 0.00, 0.00, 0.00, 90.00, 0, 0
2.00, 5.70, 22.14, 22.14, -1424.03, 20.00, 4.63, 16.11, 15.33, 0.00, 1.58, 70.17, -112.46, 87.66, 0, 0
2.00, 5.70, 22.71, 22.71, 335.53, 20.00, 4.63, 16.67, 15.90, 1.96, 12.58, 61.66, -103.12, 76.84, 0, 0
2.00, 5.70, 23.19, 23.19, 547.42, 20.00, 4.63, 18.33, 17.57, 19.09, 36.19, 55.54, -93.88, 65.60, 0, 0
2.00, 5.70, 23.65, 23.65, 846.10, 20.00, 4.63, 20.56, 19.78, 44.78, 70.53, 52.67, -83.95, 54.24, 0, 0
2.00, 5.70, 24.08, 24.08, 1067.02, 20.00, 4.63, 22.22, 21.46, 19.18, 100.73, 53.60, -72.06, 43.13, 0, 0
2.00, 5.70, 24.41, 24.41, 1143.01, 20.00, 4.63, 23.89, 23.12, 1.26, 97.91, 58.13, -55.84, 32.90, 0, 0
2.00, 5.70, 24.68, 24.68, 1206.10, 20.00, 4.63, 24.44, 23.67, 0.00, 96.64, 65.51, -31.02, 25.00, 0, 0
2.00, 5.70, 24.86, 24.86, 1182.73, 20.00, 4.63, 24.44, 23.67, 0.00, 75.52, 74.89, 4.32, 22.31, 0, 0
2.00, 5.70, 25.00, 25.00, 1226.99, 20.00, 4.63, 25.00, 24.22, 0.00, 93.23, 85.58, 37.75, 26.48, 0, 0
2.00, 5.70, 25.00, 25.00, 1220.64, 20.00, 4.63, 25.00, 24.23, 0.00, 81.62, 0.00, 60.15, 35.12, 0, 0
2.00, 5.70, 25.00, 25.00, 1209.50, 20.00, 4.63, 25.00, 24.23, 0.00, 67.80, 0.00, 75.07, 45.64, 0, 0
2.00, 5.70, 25.00, 25.00, 1414.34, 20.00, 4.63, 25.00, 24.23, 0.00, 77.43, 0.00, 86.35, 56.85, 0, 0
2.00, 5.70, 25.00, 25.00, 1668.74, 20.00, 4.63, 24.44, 23.69, 0.00, 57.51, 0.00, 96.04, 68.21, 0, 0
2.00, 5.70, 25.00, 25.00, 1535.57, 20.00, 4.63, 23.89, 23.14, 0.00, 21.06, 0.00, 105.24, 79.38, 0, 0
2.00, 5.70, 25.00, 25.00, 1277.78, 20.00, 4.63, 22.78, 22.03, 0.00, 3.17, 0.00, 0.00, 90.00, 0, 0
2.00, 5.70, 25.00, 25.00, 1199.24, 20.00, 4.63, 21.67, 20.93, 0.00, 0.00, 0.00, 0.00, 90.00, 0, 0
2.00, 5.70, 25.10, 25.10, 1042.30, 20.00, 4.63, 21.11, 20.38, 0.00, 0.00, 0.00, 0.00, 90.00, 0, 0
2.00, 5.70, 24.54, 24.54, 281.41, 20.00, 4.63, 20.56, 19.82, 0.00, 0.00, 0.00, 0.00, 90.00, 0, 0
2.00, 5.70, 24.01, 24.01, -151.09, 20.00, 4.63, 19.44, 18.70, 0.00, 0.00, 0.00, 0.00, 90.00, 0, 0
2.00, 5.70, 23.58, 23.58, -404.27, 20.00, 4.63, 18.89, 18.16, 0.00, 0.00, 0.00, 0.00, 90.00, 0, 0
2.00, 5.70, 23.27, 23.27, -471.84, 20.00, 4.63, 18.89, 18.14, 0.00, 0.00, 0.00, 0.00, 90.00, 0, 0
2.00, 5.70, 22.97, 22.97, -703.72, 20.00, 4.63, 18.33, 17.59, 0.00, 0.00, 0.00, 0.00, 90.00, 0, 0
2.00, 5.70, 22.75, 22.75, -757.06, 20.00, 4.63, 18.33, 17.59, 0.00, 0.00, 0.00, 0.00, 90.00, 0, 0
2.00, 5.70, 22.50, 22.50, -980.19, 20.00, 4.63, 17.78, 17.04, 0.00, 0.00, 0.00, 0.00, 90.00, 0, 0
2.00, 5.70, 22.49, 22.49, -634.88, 20.00, 4.63, 18.89, 18.17, 0.00, 7.92, 69.98, -112.27, 87.83, 0, 0
2.00, 5.70, 23.04, 23.04, 541.65, 20.00, 4.63, 20.00, 19.28, 65.81, 24.73, 61.44, -102.91, 76.99, 0, 0
2.00, 5.70, 23.49, 23.49, 695.78, 20.00, 4.63, 21.67, 20.94, 35.45, 42.63, 55.30, -93.66, 65.75, 0, 0
2.00, 5.70, 23.84, 23.84, 812.59, 20.00, 4.63, 22.78, 22.04, 15.10, 56.03, 52.42, -83.70, 54.39, 0, 0
2.00, 5.70, 24.14, 24.14, 915.49, 20.00, 4.63, 23.89, 23.14, 2.83, 62.89, 53.35, -71.77, 43.29, 0, 0
2.00, 5.70, 24.42, 24.42, 1072.48, 20.00, 4.63, 25.00, 24.25, 0.78, 86.14, 57.90, -55.52, 33.08, 0, 0
2.00, 5.70, 24.65, 24.65, 1118.32, 20.00, 4.63, 25.56, 24.80, 0.00, 78.61, 65.31, -30.76, 25.23, 0, 0
2.00, 5.70, 24.83, 24.83, 1152.77, 20.00, 4.63, 26.11, 25.35, 0.00, 68.26, 74.72, 4.30, 22.56, 0, 0
2.00, 5.70, 25.00, 25.00, 1274.80, 20.00, 4.63, 26.67, 25.90, 0.00, 111.11, 85.43, 37.49, 26.71, 0, 0
2.00, 5.70, 25.00, 25.00, 1430.11, 20.00, 4.63, 27.78, 26.99, 0.00, 138.88, 0.00, 59.85, 35.30, 0, 0
2.00, 5.70, 25.00, 25.00, 1480.36, 20.00, 4.63, 28.33, 27.54, 0.00, 108.37, 0.00, 74.80, 45.80, 0, 0
2.00, 5.70, 25.00, 25.00, 1551.68, 20.00, 4.63, 28.33, 27.54, 0.00, 77.68, 0.00, 86.12, 57.01, 0, 0
2.00, 5.70, 25.00, 25.00, 1655.73, 20.00, 4.63, 27.78, 26.99, 0.00, 43.24, 0.00, 95.83, 68.37, 0, 0
2.00, 5.70, 25.00, 25.00, 1468.88, 20.00, 4.63, 26.67, 25.88, 0.00, 11.22, 0.00, 105.04, 79.54, 0, 0
2.00, 5.70, 25.00, 25.00, 1335.16, 20.00, 4.63, 25.00, 24.22, 0.00, 0.79, 0.00, 0.00, 90.00, 0, 0
2.00, 5.70, 25.00, 25.00, 1277.03, 20.00, 4.63, 23.89, 23.10, 0.00, 0.00, 0.00, 0.00, 90.00, 0, 0
2.00, 5.70, 25.13, 25.13, 1085.28, 20.00, 4.63, 22.22, 21.42, 0.00, 0.00, 0.00, 0.00, 90.00, 0, 0
2.00, 5.70, 24.56, 24.56, 281.76, 20.00, 4.63, 20.56, 19.76, 0.00, 0.00, 0.00, 0.00, 90.00, 0, 0
2.00, 5.70, 24.03, 24.03, -150.04, 20.00, 4.63, 19.44, 18.63, 0.00, 0.00, 0.00, 0.00, 90.00, 0, 0
2.00, 5.70, 23.43, 23.43, -757.88, 20.00, 4.63, 17.78, 16.99, 0.00, 0.00, 0.00, 0.00, 90.00, 0, 0
2.00, 5.70, 22.79, 22.79, -1377.89, 20.00, 4.63, 16.11, 15.33, 0.00, 0.00, 0.00, 0.00, 90.00, 0, 0
2.00, 5.70, 22.18, 22.18, -1827.59, 20.00, 4.63, 15.00, 14.22, 0.00, 0.00, 0.00, 0.00, 90.00, 0, 0
2.00, 5.70, 21.51, 21.51, -2461.04, 20.00, 4.63, 13.33, 12.55, 0.00, 0.00, 0.00, 0.00, 90.00, 0, 0
2.00, 5.70, 20.80, 20.80, -3107.72, 20.00, 4.63, 11.67, 10.87, 0.00, 0.00, 0.00, 0.00, 90.00, 0, 0
2.00, 5.70, 20.39, 20.39, -2978.95, 20.00, 4.63, 12.22, 11.42, 0.00, 7.92, 69.78, -112.07, 87.99, 0, 0
2.00, 5.70, 21.35, 21.35, 146.63, 20.00, 4.63, 13.89, 13.08, 134.84, 30.48, 61.22, -102.70, 77.15, 0, 0
2.00, 5.70, 22.16, 22.16, 516.94, 20.00, 4.63, 16.11, 15.30, 159.26, 64.73, 55.05, -93.43, 65.90, 0, 0
2.00, 5.70, 22.85, 22.85, 838.40, 20.00, 4.63, 18.33, 17.52, 145.93, 101.75, 52.16, -83.44, 54.54, 0, 0
2.00, 5.70, 23.43, 23.43, 1049.32, 20.00, 4.63, 20.56, 19.74, 45.39, 133.08, 53.10, -71.48, 43.45, 0, 0
2.00, 5.70, 23.88, 23.88, 1160.13, 20.00, 4.63, 22.78, 21.95, 4.96, 153.65, 57.67, -55.20, 33.27, 0, 0
2.00, 5.70, 24.26, 24.26, 1278.11, 20.00, 4.63, 24.44, 23.61, 0.00, 161.69, 65.11, -30.50, 25.46, 0, 0
2.00, 5.70, 24.58, 24.58, 1382.92, 20.00, 4.63, 25.56, 24.72, 0.00, 156.90, 74.54, 4.28, 22.82, 0, 0
2.00, 5.70, 24.84, 24.84, 1425.19, 20.00, 4.63, 26.11, 25.27, 0.00, 158.20, 85.28, 37.23, 26.94, 0, 0
2.00, 5.70, 25.00, 25.00, 1432.73, 20.00, 4.63, 26.11, 25.27, 0.00, 139.11, 0.00, 59.56, 35.50, 0, 0
2.00, 5.70, 25.00, 25.00, 1426.45, 20.00, 4.63, 26.11, 25.27, 0.00, 105.04, 0.00, 74.53, 45.97, 0, 0
2.00, 5.70, 25.00, 25.00, 1561.55, 20.00, 4.63, 25.56, 24.72, 0.00, 90.63, 0.00, 85.88, 57.17, 0, 0
2.00, 5.70, 25.00, 25.00, 1796.46, 20.00, 4.63, 24.44, 23.61, 0.00, 62.86, 0.00, 95.61, 68.53, 0, 0
2.00, 5.70, 25.00, 25.00, 1688.53, 20.00, 4.63, 22.78, 21.95, 0.00, 26.50, 0.00, 104.85, 79.71, 0, 0
2.00, 5.70, 25.00, 25.00, 1304.57, 20.00, 4.63, 21.67, 20.83, 0.00, 6.34, 0.00, 0.00, 90.00, 0, 0
2.00, 5.70, 25.00, 25.00, 1179.95, 20.00, 4.63, 20.00, 19.18, 0.00, 0.00, 0.00, 0.00, 90.00, 0, 0
2.00, 5.70, 25.02, 25.02, 979.60, 20.00, 4.63, 18.89, 18.06, 0.00, 0.00, 0.00, 0.00, 90.00, 0, 0
2.00, 5.70, 23.98, 23.98, -760.05, 20.00, 4.63, 17.22, 16.41, 0.00, 0.00, 0.00, 0.00, 90.00, 0, 0
2.00, 5.70, 23.07, 23.07, -1429.55, 20.00, 4.63, 15.56, 14.73, 0.00, 0.00, 0.00, 0.00, 90.00, 0, 0
2.00, 5.70, 22.37, 22.37, -1730.63, 20.00, 4.63, 15.00, 14.17, 0.00, 0.00, 0.00, 0.00, 90.00, 0, 0
2.00, 5.70, 21.72, 21.72, -2195.48, 20.00, 4.63, 13.89, 13.05, 0.00, 0.00, 0.00, 0.00, 90.00, 0, 0
2.00, 5.70, 21.09, 21.09, -2658.32, 20.00, 4.63, 12.78, 11.96, 0.00, 0.00, 0.00, 0.00, 90.00, 0, 0
2.00, 5.70, 20.57, 20.57, -2936.45, 20.00, 4.63, 12.22, 11.40, 0.00, 0.00, 0.00, 0.00, 90.00, 0, 0
2.00, 5.70, 20.01, 20.01, -3392.84, 20.00, 4.63, 11.11, 10.29, 0.00, 0.00, 0.00, 0.00, 90.00, 0, 0
2.00, 5.70, 19.61, 19.61, -3458.82, 20.00, 4.63, 11.11, 10.29, 0.00, 1.58, 0.00, -111.87, 88.16, 0, 0
2.00, 5.70, 20.55, 20.55, -172.38, 20.00, 4.63, 12.78, 11.94, 46.40, 20.19, 60.99, -102.49, 77.31, 0, 0
2.00, 5.70, 21.22, 21.22, -52.34, 20.00, 4.63, 13.89, 13.05, 15.71, 31.08, 54.80, -93.19, 66.05, 0, 0
2.00, 5.70, 21.78, 21.78, 185.58, 20.00, 4.63, 15.56, 14.71, 27.52, 58.15, 51.90, -83.18, 54.69, 0, 0
2.00, 5.70, 22.26, 22.26, 416.50, 20.00, 4.63, 17.22, 16.39, 12.59, 88.52, 52.84, -71.18, 43.61, 0, 0
2.00, 5.70, 22.70, 22.70, 641.48, 20.00, 4.63, 19.44, 18.59, 2.43, 119.93, 57.44, -54.88, 33.46, 0, 0
2.00, 5.70, 23.13, 23.13, 887.76, 20.00, 4.63, 21.67, 20.81, 0.00, 162.54, 64.91, -30.23, 25.70, 0, 0
2.00, 5.70, 23.51, 23.51, 1045.14, 20.00, 4.63, 23.33, 22.47, 0.00, 164.05, 74.36, 4.27, 23.08, 0, 0
2.00, 5.70, 23.83, 23.83, 1136.50, 20.00, 4.63, 23.89, 23.01, 0.00, 147.63, 85.13, 36.98, 27.17, 0, 0
2.00, 5.70, 24.09, 24.09, 1206.04, 20.00, 4.63, 24.44, 23.58, 0.00, 132.31, 0.00, 59.26, 35.70, 0, 0
2.00, 5.70, 24.31, 24.31, 1250.68, 20.00, 4.63, 25.00, 24.13, 0.00, 104.95, 0.00, 74.26, 46.15, 0, 0
2.00, 5.70, 24.47, 24.47, 1232.33, 20.00, 4.63, 24.44, 23.56, 0.00, 66.05, 0.00, 85.64, 57.34, 0, 0
2.00, 5.70, 24.68, 24.68, 1398.64, 20.00, 4.63, 23.33, 22.47, 0.00, 45.18, 0.00, 95.40, 68.70, 0, 0
2.00, 5.70, 24.86, 24.86, 1435.60, 20.00, 4.63, 22.22, 21.36, 0.00, 24.53, 0.00, 104.65, 79.89, 0, 0
2.00, 5.70, 24.83, 24.83, 1094.49, 20.00, 4.63, 20.56, 19.70, 0.00, 5.54, 0.00, 0.00, 90.00, 0, 0
2.00, 5.70, 24.78, 24.78, 981.81, 20.00, 4.63, 18.89, 18.02, 0.00, 0.00, 0.00, 0.00, 90.00, 0, 0
2.00, 5.70, 24.63, 24.63, 737.46, 20.00, 4.63, 17.22, 16.36, 0.00, 0.00, 0.00, 0.00, 90.00, 0, 0
2.00, 5.70, 23.41, 23.41, -1295.62, 20.00, 4.63, 16.11, 15.23, 0.00, 0.00, 0.00, 0.00, 90.00, 0, 0
2.00, 5.70, 22.38, 22.38, -1981.71, 20.00, 4.63, 14.44, 13.55, 0.00, 0.00, 0.00, 0.00, 90.00, 0, 0
2.00, 5.70, 21.44, 21.44, -2658.14, 20.00, 4.63, 12.78, 11.90, 0.00, 0.00, 0.00, 0.00, 90.00, 0, 0
2.00, 5.70, 20.55, 20.55, -3332.93, 20.00, 4.63, 11.11, 10.25, 0.00, 0.00, 0.00, 0.00, 90.00, 0, 0
2.00, 5.70, 19.69, 19.69, -4010.95, 20.00, 4.63, 9.44, 8.57, 0.00, 0.00, 0.00, 0.00, 90.00, 0, 0
2.00, 5.70, 18.83, 18.83, -4694.74, 20.00, 4.63, 7.78, 6.92, 0.00, 0.00, 0.00, 0.00, 90.00, 0, 0
2.00, 5.70, 17.96, 17.96, -5386.57, 20.00, 4.63, 6.11, 5.23, 0.00, 0.00, 0.00, 0.00, 90.00, 0, 0
2.00, 5.70, 17.35, 17.35, -5463.71, 20.00, 4.63, 6.11, 5.23, 0.00, 6.34, 0.00, -111.66, 88.33, 0, 0
2.00, 5.70, 18.68, 18.68, -480.25, 20.00, 4.63, 8.33, 7.47, 186.64, 34.99, 60.75, -102.26, 77.46, 0, 0
2.00, 5.70, 19.80, 19.80, 64.99, 20.00, 4.63, 11.11, 10.23, 257.65, 77.61, 54.54, -92.95, 66.20, 0, 0
2.00, 5.70, 20.76, 20.76, 491.99, 20.00, 4.63, 13.89, 13.01, 239.59, 123.45, 51.63, -82.91, 54.85, 0, 0
2.00, 5.70, 21.51, 21.51, 705.95, 20.00, 4.63, 16.11, 15.23, 70.84, 161.24, 52.58, -70.87, 43.78, 0, 0
2.00, 5.70, 22.05, 22.05, 768.07, 20.00, 4.63, 18.33, 17.45, 8.55, 184.55, 57.21, -54.54, 33.66, 0, 0
2.00, 5.70, 22.50, 22.50, 902.55, 20.00, 4.63, 20.56, 19.65, 0.00, 203.62, 64.70, -29.96, 25.94, 0, 0
2.00, 5.70, 22.89, 22.89, 1024.95, 20.00, 4.63, 21.67, 20.76, 0.00, 205.19, 74.19, 4.26, 23.35, 0, 0
2.00, 5.70, 23.23, 23.23, 1151.25, 20.00, 4.63, 22.78, 21.84, 0.00, 193.81, 84.97, 36.72, 27.42, 0, 0
2.00, 5.70, 23.51, 23.51, 1196.70, 20.00, 4.63, 22.78, 21.87, 0.00, 167.10, 0.00, 58.96, 35.90, 0, 0
2.00, 5.70, 23.75, 23.75, 1273.78, 20.00, 4.63, 22.78, 21.87, 0.00, 131.93, 0.00, 73.99, 46.33, 0, 0
2.00, 5.70, 24.02, 24.02, 1418.23, 20.00, 4.63, 21.67, 20.76, 0.00, 104.33, 0.00, 85.40, 57.52, 0, 0
2.00, 5.70, 24.31, 24.31, 1608.57, 20.00, 4.63, 20.56, 19.65, 0.00, 66.97, 0.00, 95.18, 68.88, 0, 0
2.00, 5.70, 24.47, 24.47, 1472.29, 20.00, 4.63, 18.89, 17.99, 0.00, 26.05, 0.00, 104.45, 80.07, 0, 0
2.00, 5.70, 24.37, 24.37, 1016.30, 20.00, 4.63, 17.22, 16.31, 0.00, 5.54, 0.00, 0.00, 90.00, 0, 0
2.00, 5.70, 24.26, 24.26, 864.93, 20.00, 4.63, 15.56, 14.66, 0.00, 0.00, 0.00, 0.00, 90.00, 0, 0
2.00, 5.70, 24.05, 24.05, 585.80, 20.00, 4.63, 13.89, 13.01, 0.00, 0.00, 0.00, 0.00, 90.00, 0, 0
2.00, 5.70, 22.36, 22.36, -2594.15, 20.00, 4.63, 12.22, 11.33, 0.00, 0.00, 0.00, 0.00, 90.00, 0, 0
2.00, 5.70, 21.01, 21.01, -3350.14, 20.00, 4.63, 10.56, 9.68, 0.00, 0.00, 0.00, 0.00, 90.00, 0, 0
2.00, 5.70, 20.02, 20.02, -3704.64, 20.00, 4.63, 10.00, 9.12, 0.00, 0.00, 0.00, 0.00, 90.00, 0, 0
2.00, 5.70, 19.16, 19.16, -4215.67, 20.00, 4.63, 8.89, 8.01, 0.00, 0.00, 0.00, 0.00, 90.00, 0, 0
2.00, 5.70, 18.39, 18.39, -4716.60, 20.00, 4.63, 7.78, 6.90, 0.00, 0.00, 0.00, 0.00, 90.00, 0, 0
2.00, 5.70, 17.74, 17.74, -5021.12, 20.00, 4.63, 7.22, 6.34, 0.00, 0.00, 0.00, 0.00, 90.00, 0, 0
2.00, 5.70, 17.09, 17.09, -5506.66, 20.00, 4.63, 6.11, 5.23, 0.00, 0.00, 0.00, 0.00, 90.00, 0, 0
2.00, 5.70, 16.65, 16.65, -5503.68, 20.00, 4.63, 6.11, 5.23, 0.00, 3.17, 0.00, -111.45, 88.51, 0, 0
2.00, 5.70, 17.86, 17.86, -806.37, 20.00, 4.63, 7.22, 6.34, 47.99, 21.03, 60.51, -102.04, 77.62, 0, 0
2.00, 5.70, 18.80, 18.80, -464.07, 20.00, 4.63, 9.44, 8.57, 68.44, 50.50, 54.28, -92.70, 66.35, 0, 0
2.00, 5.70, 19.54, 19.54, -217.14, 20.00, 4.63, 11.11, 10.25, 57.34, 75.29, 51.36, -82.63, 55.00, 0, 0
2.00, 5.70, 20.14, 20.14, -23.70, 20.00, 4.63, 12.78, 11.90, 16.82, 95.32, 52.32, -70.56, 43.95, 0, 0
2.00, 5.70, 20.65, 20.65, 201.88, 20.00, 4.63, 15.00, 14.12, 3.25, 127.42, 56.97, -54.20, 33.86, 0, 0
2.00, 5.70, 21.07, 21.07, 334.75, 20.00, 4.63, 16.11, 15.23, 0.00, 138.89, 64.49, -29.68, 26.19, 0, 0
2.00, 5.70, 21.43, 21.43, 451.65, 20.00, 4.63, 17.22, 16.34, 0.00, 139.69, 74.01, 4.26, 23.62, 0, 0
2.00, 5.70, 21.75, 21.75, 593.08, 20.00, 4.63, 18.33, 17.45, 0.00, 155.78, 84.81, 36.47, 27.67, 0, 0
2.00, 5.70, 22.05, 22.05, 716.24, 20.00, 4.63, 19.44, 18.56, 0.00, 150.68, 0.00, 58.67, 36.11, 0, 0
2.00, 5.70, 22.30, 22.30, 784.48, 20.00, 4.63, 19.44, 18.56, 0.00, 119.54, 0.00, 73.71, 46.52, 0, 0
2.00, 5.70, 22.54, 22.54, 878.17, 20.00, 4.63, 18.89, 18.02, 0.00, 86.57, 0.00, 85.15, 57.70, 0, 0
2.00, 5.70, 22.82, 22.82, 1092.03, 20.00, 4.63, 17.78, 16.93, 0.00, 58.18, 0.00, 94.96, 69.06, 0, 0
2.00, 5.70, 22.99, 22.99, 996.36, 20.00, 4.63, 16.67, 15.82, 0.00, 23.43, 0.00, 104.24, 80.26, 0, 0
2.00, 5.70, 22.96, 22.96, 654.80, 20.00, 4.63, 15.56, 14.71, 0.00, 3.17, 0.00, 0.00, 90.00, 0, 0
2.00, 5.70, 22.91, 22.91, 567.75, 20.00, 4.63, 15.00, 14.17, 0.00, 0.00, 0.00, 0.00, 90.00, 0, 0
2.00, 5.70, 22.76, 22.76, 302.76, 20.00, 4.63, 14.44, 13.62, 0.00, 0.00, 0.00, 0.00, 90.00, 0, 0
2.00, 5.70, 21.41, 21.41, -2509.05, 20.00, 4.63, 13.33, 12.51, 0.00, 0.00, 0.00, 0.00, 90.00, 0, 0
2.00, 5.70, 20.44, 20.44, -2857.95, 20.00, 4.63, 12.78, 11.96, 0.00, 0.00, 0.00, 0.00, 90.00, 0, 0
2.00, 5.70, 19.71, 19.71, -3168.66, 20.00, 4.63, 12.22, 11.40, 0.00, 0.00, 0.00, 0.00, 90.00, 0, 0
2.00, 5.70, 19.20, 19.20, -3270.83, 20.00, 4.63, 12.22, 11.40, 0.00, 0.00, 0.00, 0.00, 90.00, 0, 0
2.00, 5.70, 18.83, 18.83, -3350.66, 20.00, 4.63, 12.22, 11.38, 0.00, 0.00, 0.00, 0.00, 90.00, 0, 0
2.00, 5.70, 18.46, 18.46, -3600.74, 20.00, 4.63, 11.67, 10.86, 0.00, 0.00, 0.00, 0.00, 90.00, 0, 0
2.00, 5.70, 18.19, 18.19, -3663.33, 20.00, 4.63, 11.67, 10.86, 0.00, 0.00, 0.00, 0.00, 90.00, 0, 0
2.00, 5.70, 18.09, 18.09, -3423.64, 20.00, 4.63, 12.22, 11.42, 0.00, 5.54, 0.00, -111.23, 88.68, 0, 0
2.00, 5.70, 18.87, 18.87, -515.41, 20.00, 4.63, 13.33, 12.55, 22.78, 17.32, 60.26, -101.80, 77.78, 0, 0
2.00, 5.70, 19.44, 19.44, -398.64, 20.00, 4.63, 14.44, 13.64, 5.53, 22.57, 51.89, -90.00, 66.51, 0, 0
2.00, 5.70, 19.92, 19.92, -181.09, 20.00, 4.63, 15.56, 14.75, 20.43, 49.28, 51.08, -82.35, 55.16, 0, 0
2.00, 5.70, 20.30, 20.30, -66.38, 20.00, 4.63, 16.67, 15.86, 3.40, 56.30, 52.05, -70.25, 44.12, 0, 0
2.00, 5.70, 20.60, 20.60, 13.62, 20.00, 4.63, 17.22, 16.43, 0.20, 60.61, 56.72, -53.85, 34.06, 0, 0
2.00, 5.70, 20.92, 20.92, 226.84, 20.00, 4.63, 18.89, 18.06, 0.00, 93.73, 64.28, -29.39, 26.43, 0, 0
2.00, 5.70, 21.24, 21.24, 410.90, 20.00, 4.63, 20.00, 19.20, 0.00, 121.08, 73.83, 4.27, 23.90, 0, 0
2.00, 5.70, 21.52, 21.52, 522.01, 20.00, 4.63, 21.11, 20.29, 0.00, 117.16, 84.66, 36.23, 27.92, 0, 0
2.00, 5.70, 21.73, 21.73, 532.88, 20.00, 4.63, 21.67, 20.83, 0.00, 88.09, 0.00, 58.37, 36.33, 0, 0
2.00, 5.70, 21.90, 21.90, 541.17, 20.00, 4.63, 21.67, 20.83, 0.00, 72.79, 0.00, 73.44, 46.72, 0, 0
2.00, 5.70, 22.06, 22.06, 612.92, 20.00, 4.63, 21.67, 20.83, 0.00, 54.86, 0.00, 84.90, 57.88, 0, 0
2.00, 5.70, 22.29, 22.29, 821.23, 20.00, 4.63, 21.11, 20.29, 0.00, 38.70, 0.00, 94.73, 69.24, 0, 0
2.00, 5.70, 22.45, 22.45, 796.22, 20.00, 4.63, 20.00, 19.20, 0.00, 17.73, 0.00, 104.04, 80.45, 0, 0
2.00, 5.70, 22.49, 22.49, 605.70, 20.00, 4.63, 18.89, 18.09, 0.00, 2.38, 0.00, 0.00, 90.00, 0, 0
2.00, 5.70, 22.49, 22.49, 533.17, 20.00, 4.63, 17.78, 16.97, 0.00, 0.00, 0.00, 0.00, 90.00, 0, 0
2.00, 5.70, 22.38, 22.38, 267.92, 20.00, 4.63, 16.67, 15.86, 0.00, 0.00, 0.00, 0.00, 90.00, 0, 0
2.00, 5.70, 21.38, 21.38, -1891.31, 20.00, 4.63, 15.56, 14.75, 0.00, 0.00, 0.00, 0.00, 90.00, 0, 0
2.00, 5.70, 20.57, 20.57, -2379.28, 20.00, 4.63, 14.44, 13.64, 0.00, 0.00, 0.00, 0.00, 90.00, 0, 0
2.00, 5.70, 19.94, 19.94, -2666.25, 20.00, 4.63, 13.89, 13.08, 0.00, 0.00, 0.00, 0.00, 90.00, 0, 0
2.00, 5.70, 19.35, 19.35, -3118.92, 20.00, 4.63, 12.78, 11.96, 0.00, 0.00, 0.00, 0.00, 90.00, 0, 0
2.00, 5.70, 18.77, 18.77, -3570.45, 20.00, 4.63, 11.67, 10.86, 0.00, 0.00, 0.00, 0.00, 90.00, 0, 0
2.00, 5.70, 18.19, 18.19, -4023.23, 20.00, 4.63, 10.56, 9.75, 0.00, 0.00, 0.00, 0.00, 90.00, 0, 0
2.00, 5.70, 17.53, 17.53, -4667.61, 20.00, 4.63, 8.89, 8.09, 0.00, 0.00, 0.00, 0.00, 90.00, 0, 0
2.00, 5.70, 17.16, 17.16, -4531.29, 20.00, 4.63, 9.44, 8.64, 0.00, 5.54, 0.00, -111.00, 88.86, 0, 0
2.00, 5.70, 18.09, 18.09, -680.60, 20.00, 4.63, 11.11, 10.29, 111.43, 25.06, 60.01, -101.56, 77.95, 0, 0
2.00, 5.70, 18.92, 18.92, -208.58, 20.00, 4.63, 13.33, 12.53, 196.30, 63.58, 51.83, -90.00, 66.67, 0, 0
2.00, 5.70, 19.56, 19.56, -25.81, 20.00, 4.63, 15.56, 14.73, 109.03, 87.49, 50.79, -82.06, 55.32, 0, 0
2.00, 5.70, 20.08, 20.08, 140.09, 20.00, 4.63, 17.22, 16.39, 26.97, 110.94, 51.78, -69.92, 44.29, 0, 0
2.00, 5.70, 20.49, 20.49, 242.22, 20.00, 4.63, 18.89, 18.04, 3.09, 121.13, 56.48, -53.50, 34.26, 0, 0
2.00, 5.70, 20.83, 20.83, 347.59, 20.00, 4.63, 20.00, 19.15, 0.00, 129.83, 64.07, -29.10, 26.69, 0, 0
2.00, 5.70, 21.13, 21.13, 468.02, 20.00, 4.63, 21.11, 20.27, 0.00, 135.69, 73.64, 4.28, 24.19, 0, 0
2.00, 5.70, 21.43, 21.43, 608.71, 20.00, 4.63, 21.67, 20.81, 0.00, 149.71, 84.50, 35.99, 28.18, 0, 0
2.00, 5.70, 21.70, 21.70, 729.83, 20.00, 4.63, 22.78, 21.92, 0.00, 144.61, 0.00, 58.08, 36.56, 0, 0
2.00, 5.70, 21.91, 21.91, 726.49, 20.00, 4.63, 22.22, 21.36, 0.00, 105.92, 0.00, 73.16, 46.92, 0, 0
2.00, 5.70, 22.06, 22.06, 708.62, 20.00, 4.63, 21.67, 20.81, 0.00, 64.83, 0.00, 84.66, 58.07, 0, 0
2.00, 5.70, 22.28, 22.28, 908.55, 20.00, 4.63, 20.56, 19.70, 0.00, 45.13, 0.00, 94.51, 69.43, 0, 0
2.00, 5.70, 22.47, 22.47, 947.65, 20.00, 4.63, 19.44, 18.59, 0.00, 21.85, 0.00, 103.83, 80.65, 0, 0
2.00, 5.70, 22.45, 22.45, 601.75, 20.00, 4.63, 17.78, 16.93, 0.00, 4.75, 0.00, 0.00, 90.00, 0, 0
2.00, 5.70, 22.40, 22.40, 496.95, 20.00, 4.63, 16.67, 15.82, 0.00, 0.00, 0.00, 0.00, 90.00, 0, 0
2.00, 5.70, 22.27, 22.27, 261.70, 20.00, 4.63, 15.56, 14.71, 0.00, 0.00, 0.00, 0.00, 90.00, 0, 0
2.00, 5.70, 21.06, 21.06, -2399.26, 20.00, 4.63, 13.89, 13.03, 0.00, 0.00, 0.00, 0.00, 90.00, 0, 0
2.00, 5.70, 20.10, 20.10, -2915.70, 20.00, 4.63, 12.78, 11.92, 0.00, 0.00, 0.00, 0.00, 90.00, 0, 0
2.00, 5.70, 19.29, 19.29, -3408.53, 20.00, 4.63, 11.67, 10.81, 0.00, 0.00, 0.00, 0.00, 90.00, 0, 0
2.00, 5.70, 18.57, 18.57, -3889.05, 20.00, 4.63, 10.56, 9.71, 0.00, 0.00, 0.00, 0.00, 90.00, 0, 0
2.00, 5.70, 17.82, 17.82, -4552.82, 20.00, 4.63, 8.89, 8.03, 0.00, 0.00, 0.00, 0.00, 90.00, 0, 0
2.00, 5.70, 17.12, 17.12, -5035.18, 20.00, 4.63, 7.78, 6.92, 0.00, 0.00, 0.00, 0.00, 90.00, 0, 0
2.00, 5.70, 16.45, 16.45, -5516.20, 20.00, 4.63, 6.67, 5.82, 0.00, 0.00, 0.00, 0.00, 90.00, 0, 0
2.00, 5.70, 15.98, 15.98, -5585.06, 20.00, 4.63, 6.67, 5.82, 0.00, 2.38, 0.00, -110.77, 89.03, 0, 0
2.00, 5.70, 17.05, 17.05, -948.18, 20.00, 4.63, 8.33, 7.47, 103.24, 24.70, 59.75, -101.32, 78.11, 0, 0
2.00, 5.70, 17.85, 17.85, -725.30, 20.00, 4.63, 10.00, 9.14, 76.44, 46.88, 51.78, -90.00, 66.82, 0, 0
2.00, 5.70, 18.51, 18.51, -464.68, 20.00, 4.63, 12.22, 11.36, 63.10, 73.70, 50.50, -81.77, 55.48, 0, 0
2.00, 5.70, 19.06, 19.06, -235.42, 20.00, 4.63, 13.89, 13.03, 21.81, 102.70, 51.50, -69.59, 44.47, 0, 0
2.00, 5.70, 19.51, 19.51, -91.92, 20.00, 4.63, 15.56, 14.71, 3.07, 120.25, 56.23, -53.15, 34.47, 0, 0
2.00, 5.70, 19.90, 19.90, 69.38, 20.00, 4.63, 17.22, 16.36, 0.00, 139.06, 63.86, -28.81, 26.95, 0, 0
2.00, 5.70, 20.25, 20.25, 227.38, 20.00, 4.63, 18.33, 17.48, 0.00, 158.50, 73.46, 4.30, 24.48, 0, 0
2.00, 5.70, 20.57, 20.57, 360.86, 20.00, 4.63, 19.44, 18.59, 0.00, 153.99, 84.34, 35.75, 28.45, 0, 0
2.00, 5.70, 20.86, 20.86, 463.27, 20.00, 4.63, 20.00, 19.13, 0.00, 150.04, 0.00, 57.79, 36.79, 0, 0
2.00, 5.70, 21.11, 21.11, 540.04, 20.00, 4.63, 20.00, 19.15, 0.00, 121.66, 0.00, 72.89, 47.13, 0, 0
2.00, 5.70, 21.34, 21.34, 635.18, 20.00, 4.63, 20.00, 19.15, 0.00, 83.85, 0.00, 84.41, 58.27, 0, 0
2.00, 5.70, 21.58, 21.58, 747.85, 20.00, 4.63, 18.89, 18.04, 0.00, 47.24, 0.00, 94.28, 69.63, 0, 0
2.00, 5.70, 21.66, 21.66, 545.03, 20.00, 4.63, 17.22, 16.39, 0.00, 14.14, 0.00, 103.62, 80.85, 0, 0
2.00, 5.70, 21.64, 21.64, 345.64, 20.00, 4.63, 16.11, 15.30, 0.00, 1.58, 0.00, 0.00, 90.00, 0, 0
2.00, 5.70, 21.60, 21.60, 276.63, 20.00, 4.63, 15.56, 14.75, 0.00, 0.00, 0.00, 0.00, 90.00, 0, 0
2.00, 5.70, 21.49, 21.49, 70.26, 20.00, 4.63, 15.00, 14.19, 0.00, 0.00, 0.00, 0.00, 90.00, 0, 0
2.00, 5.70, 20.48, 20.48, -2367.54, 20.00, 4.63, 14.44, 13.64, 0.00, 0.00, 0.00, 0.00, 90.00, 0, 0
2.00, 5.70, 19.73, 19.73, -2679.16, 20.00, 4.63, 13.89, 13.08, 0.00, 0.00, 0.00, 0.00, 90.00, 0, 0
2.00, 5.70, 19.23, 19.23, -2779.44, 20.00, 4.63, 13.89, 13.08, 0.00, 0.00, 0.00, 0.00, 90.00, 0, 0
2.00, 5.70, 18.80, 18.80, -3038.17, 20.00, 4.63, 13.33, 12.51, 0.00, 0.00, 0.00, 0.00, 90.00, 0, 0
2.00, 5.70, 18.49, 18.49, -3105.07, 20.00, 4.63, 13.33, 12.51, 0.00, 0.00, 0.00, 0.00, 90.00, 0, 0
2.00, 5.70, 18.26, 18.26, -3158.98, 20.00, 4.63, 13.33, 12.53, 0.00, 0.00, 0.00, 0.00, 90.00, 0, 0
2.00, 5.70, 18.08, 18.08, -3204.45, 20.00, 4.63, 13.33, 12.53, 0.00, 0.00, 0.00, 0.00, 90.00, 0, 0
2.00, 5.70, 18.02, 18.02, -3036.04, 20.00, 4.63, 13.89, 13.09, 0.00, 3.17, 0.00, -110.54, 89.21, 0, 0
2.00, 5.70, 18.66, 18.66, -478.30, 20.00, 4.63, 15.56, 14.77, 74.19, 23.48, 59.49, -101.07, 78.28, 0, 0
2.00, 5.70, 19.11, 19.11, -408.02, 20.00, 4.63, 16.67, 15.88, 22.66, 29.31, 51.73, -90.00, 66.98, 0, 0
2.00, 5.70, 19.40, 19.40, -431.10, 20.00, 4.63, 16.67, 15.88, 0.00, 19.01, 50.21, -81.47, 55.64, 0, 0
2.00, 5.70, 19.61, 19.61, -408.68, 20.00, 4.63, 16.67, 15.86, 0.00, 19.80, 51.22, -69.26, 44.64, 0, 0
2.00, 5.70, 19.78, 19.78, -359.99, 20.00, 4.63, 16.67, 15.86, 0.03, 29.93, 55.98, -52.78, 34.68, 0, 0
2.00, 5.70, 19.98, 19.98, -196.27, 20.00, 4.63, 17.78, 16.97, 0.00, 59.81, 63.64, -28.51, 27.21, 0, 0
2.00, 5.70, 20.23, 20.23, 20.82, 20.00, 4.63, 18.89, 18.09, 0.00, 103.32, 73.28, 4.32, 24.77, 0, 0
2.00, 5.70, 20.52, 20.52, 243.59, 20.00, 4.63, 20.56, 19.74, 0.00, 125.88, 84.18, 35.52, 28.72, 0, 0
2.00, 5.70, 20.71, 20.71, 200.72, 20.00, 4.63, 21.11, 20.29, 0.00, 76.88, 0.00, 57.49, 37.02, 0, 0
2.00, 5.70, 20.81, 20.81, 130.47, 20.00, 4.63, 21.11, 20.29, 0.00, 42.88, 0.00, 72.61, 47.34, 0, 0
2.00, 5.70, 20.97, 20.97, 273.30, 20.00, 4.63, 21.11, 20.29, 0.00, 49.49, 0.00, 84.16, 58.47, 0, 0
2.00, 5.70, 21.20, 21.20, 495.28, 20.00, 4.63, 21.11, 20.29, 0.00, 35.89, 0.00, 94.05, 69.83, 0, 0
2.00, 5.70, 21.32, 21.32, 389.24, 20.00, 4.63, 20.00, 19.18, 0.00, 11.35, 0.00, 103.41, 81.06, 0, 0
2.00, 5.70, 21.37, 21.37, 290.18, 20.00, 4.63, 18.89, 18.06, 0.00, 1.58, 0.00, 0.00, 90.00, 0, 0
2.00, 5.70, 21.38, 21.38, 229.47, 20.00, 4.63, 17.78, 16.95, 0.00, 0.00, 0.00, 0.00, 90.00, 0, 0
2.00, 5.70, 21.30, 21.30, 20.41, 20.00, 4.63, 16.67, 15.84, 0.00, 0.00, 0.00, 0.00, 90.00, 0, 0
2.00, 5.70, 20.46, 20.46, -2109.93, 20.00, 4.63, 15.56, 14.73, 0.00, 0.00, 0.00, 0.00, 90.00, 0, 0
2.00, 5.70, 19.75, 19.75, -2578.22, 20.00, 4.63, 14.44, 13.60, 0.00, 0.00, 0.00, 0.00, 90.00, 0, 0
2.00, 5.70, 19.04, 19.04, -3218.16, 20.00, 4.63, 12.78, 11.94, 0.00, 0.00, 0.00, 0.00, 90.00, 0, 0
2.00, 5.70, 18.30, 18.30, -3864.16, 20.00, 4.63, 11.11, 10.29, 0.00, 0.00, 0.00, 0.00, 90.00, 0, 0
2.00, 5.70, 17.55, 17.55, -4518.45, 20.00, 4.63, 9.44, 8.62, 0.00, 0.00, 0.00, 0.00, 90.00, 0, 0
2.00, 5.70, 16.78, 16.78, -5182.20, 20.00, 4.63, 7.78, 6.95, 0.00, 0.00, 0.00, 0.00, 90.00, 0, 0
2.00, 5.70, 15.99, 15.99, -5856.02, 20.00, 4.63, 6.11, 5.29, 0.00, 0.00, 0.00, 0.00, 90.00, 0, 0
2.00, 5.70, 15.53, 15.53, -5722.52, 20.00, 4.63, 6.67, 5.84, 0.00, 7.13, 0.00, -110.30, 89.39, 0, 0
2.00, 5.70, 16.67, 16.67, -859.75, 20.00, 4.63, 8.33, 7.51, 247.30, 32.59, 59.22, -100.82, 78.44, 0, 0
2.00, 5.70, 17.68, 17.68, -297.93, 20.00, 4.63, 11.11, 10.27, 326.54, 75.84, 51.67, -90.00, 67.14, 0, 0
2.00, 5.70, 18.56, 18.56, 101.16, 20.00, 4.63, 13.89, 13.05, 286.07, 119.93, 49.91, -81.17, 55.81, 0, 0
2.00, 5.70, 19.26, 19.26, 313.06, 20.00, 4.63, 16.11, 15.28, 76.38, 159.39, 50.93, -68.92, 44.82, 0, 0
2.00, 5.70, 19.80, 19.80, 413.91, 20.00, 4.63, 18.89, 18.04, 11.60, 190.19, 55.72, -52.42, 34.89, 0, 0
2.00, 5.70, 20.22, 20.22, 497.71, 20.00, 4.63, 20.56, 19.70, 0.00, 208.39, 63.42, -28.21, 27.47, 0, 0
2.00, 5.70, 20.60, 20.60, 649.15, 20.00, 4.63, 22.22, 21.36, 0.00, 213.19, 73.09, 4.35, 25.07, 0, 0
2.00, 5.70, 20.95, 20.95, 783.74, 20.00, 4.63, 23.33, 22.47, 0.00, 203.42, 84.02, 35.29, 29.00, 0, 0
2.00, 5.70, 21.25, 21.25, 851.76, 20.00, 4.63, 23.33, 22.47, 0.00, 183.09, 0.00, 57.20, 37.26, 0, 0
2.00, 5.70, 21.55, 21.55, 1002.15, 20.00, 4.63, 23.33, 22.47, 0.00, 151.37, 0.00, 72.33, 47.56, 0, 0
2.00, 5.70, 21.87, 21.87, 1176.10, 20.00, 4.63, 22.78, 21.92, 0.00, 109.69, 0.00, 83.90, 58.68, 0, 0
2.00, 5.70, 22.16, 22.16, 1277.65, 20.00, 4.63, 21.11, 20.27, 0.00, 60.50, 0.00, 93.82, 70.04, 0, 0
2.00, 5.70, 22.26, 22.26, 1013.63, 20.00, 4.63, 19.44, 18.59, 0.00, 15.62, 0.00, 103.20, 81.28, 0, 0
2.00, 5.70, 22.18, 22.18, 669.04, 20.00, 4.63, 17.78, 16.93, 0.00, 0.79, 0.00, 0.00, 90.00, 0, 0
2.00, 5.70, 22.10, 22.10, 554.69, 20.00, 4.63, 16.67, 15.82, 0.00, 0.00, 0.00, 0.00, 90.00, 0, 0
2.00, 5.70, 21.94, 21.94, 304.85, 20.00, 4.63, 15.56, 14.71, 0.00, 0.00, 0.00, 0.00, 90.00, 0, 0
2.00, 5.70, 20.83, 20.83, -2177.86, 20.00, 4.63, 14.44, 13.60, 0.00, 0.00, 0.00, 0.00, 90.00, 0, 0
2.00, 5.70, 19.86, 19.86, -2873.43, 20.00, 4.63, 12.78, 11.94, 0.00, 0.00, 0.00, 0.00, 90.00, 0, 0
2.00, 5.70, 19.13, 19.13, -3187.01, 20.00, 4.63, 12.22, 11.38, 0.00, 0.00, 0.00, 0.00, 90.00, 0, 0
2.00, 5.70, 18.54, 18.54, -3477.41, 20.00, 4.63, 11.67, 10.81, 0.00, 0.00, 0.00, 0.00, 90.00, 0, 0
2.00, 5.70, 18.04, 18.04, -3753.58, 20.00, 4.63, 11.11, 10.27, 0.00, 0.00, 0.00, 0.00, 90.00, 0, 0
2.00, 5.70, 17.60, 17.60, -4021.27, 20.00, 4.63, 10.56, 9.71, 0.00, 0.00, 0.00, 0.00, 90.00, 0, 0
2.00, 5.70, 17.19, 17.19, -4283.63, 20.00, 4.63, 10.00, 9.16, 0.00, 0.00, 0.00, 0.00, 90.00, 0, 0
2.00, 5.70, 16.98, 16.98, -4126.78, 20.00, 4.63, 10.56, 9.71, 0.00, 7.13, 0.00, -110.05, 89.57, 0, 0
2.00, 5.70, 17.92, 17.92, -443.31, 20.00, 4.63, 12.22, 11.38, 205.49, 29.51, 58.95, -100.56, 78.61, 0, 0
2.00, 5.70, 18.70, 18.70, -120.08, 20.00, 4.63, 14.44, 13.60, 194.47, 60.53, 51.62, -90.00, 67.31, 0, 0
2.00, 5.70, 19.39, 19.39, 228.46, 20.00, 4.63, 16.67, 15.82, 191.27, 98.87, 49.61, -80.86, 55.97, 0, 0
2.00, 5.70, 19.98, 19.98, 446.05, 20.00, 4.63, 18.89, 18.04, 50.55, 133.07, 50.64, -68.57, 45.01, 0, 0
2.00, 5.70, 20.43, 20.43, 523.30, 20.00, 4.63, 20.56, 19.72, 7.03, 152.79, 55.47, -52.04, 35.11, 0, 0
2.00, 5.70, 20.82, 20.82, 673.23, 20.00, 4.63, 22.78, 21.92, 0.00, 172.95, 63.20, -27.90, 27.74, 0, 0
2.00, 5.70, 21.19, 21.19, 824.21, 20.00, 4.63, 23.89, 23.04, 0.00, 190.13, 72.90, 4.38, 25.37, 0, 0
2.00, 5.70, 21.53, 21.53, 969.52, 20.00, 4.63, 25.00, 24.15, 0.00, 188.70, 83.86, 35.07, 29.28, 0, 0
2.00, 5.70, 21.83, 21.83, 1045.01, 20.00, 4.63, 25.56, 24.70, 0.00, 164.53, 0.00, 56.91, 37.51, 0, 0
2.00, 5.70, 22.09, 22.09, 1115.69, 20.00, 4.63, 25.56, 24.70, 0.00, 126.76, 0.00, 72.05, 47.78, 0, 0
2.00, 5.70, 22.36, 22.36, 1249.89, 20.00, 4.63, 25.00, 24.15, 0.00, 93.75, 0.00, 83.65, 58.89, 0, 0
2.00, 5.70, 22.63, 22.63, 1354.48, 20.00, 4.63, 23.89, 23.04, 0.00, 50.64, 0.00, 93.59, 70.25, 0, 0
2.00, 5.70, 22.72, 22.72, 1122.11, 20.00, 4.63, 22.22, 21.38, 0.00, 15.58, 0.00, 102.99, 81.50, 0, 0
2.00, 5.70, 22.69, 22.69, 879.68, 20.00, 4.63, 20.56, 19.72, 0.00, 2.38, 0.00, 0.00, 90.00, 0, 0
2.00, 5.70, 22.65, 22.65, 782.24, 20.00, 4.63, 19.44, 18.61, 0.00, 0.00, 0.00, 0.00, 90.00, 0, 0
2.00, 5.70, 22.52, 22.52, 546.72, 20.00, 4.63, 18.33, 17.50, 0.00, 0.00, 0.00, 0.00, 90.00, 0, 0
2.00, 5.70, 21.71, 21.71, -1154.76, 20.00, 4.63, 17.22, 16.41, 0.00, 0.00, 0.00, 0.00, 90.00, 0, 0
2.00, 5.70, 21.02, 21.02, -1629.36, 20.00, 4.63, 16.11, 15.30, 0.00, 0.00, 0.00, 0.00, 90.00, 0, 0
2.00, 5.70, 20.48, 20.48, -1909.60, 20.00, 4.63, 15.56, 14.73, 0.00, 0.00, 0.00, 0.00, 90.00, 0, 0
2.00, 5.70, 19.95, 19.95, -2356.33, 20.00, 4.63, 14.44, 13.62, 0.00, 0.00, 0.00, 0.00, 90.00, 0, 0
2.00, 5.70, 19.50, 19.50, -2620.27, 20.00, 4.63, 13.89, 13.05, 0.00, 0.00, 0.00, 0.00, 90.00, 0, 0
2.00, 5.70, 19.02, 19.02, -3060.60, 20.00, 4.63, 12.78, 11.94, 0.00, 0.00, 0.00, 0.00, 90.00, 0, 0
2.00, 5.70, 18.59, 18.59, -3320.85, 20.00, 4.63, 12.22, 11.40, 0.00, 0.00, 0.00, 0.00, 90.00, 0, 0
2.00, 5.70, 18.32, 18.32, -3294.33, 20.00, 4.63, 12.22, 11.40, 0.00, 2.38, 0.00, -109.80, 89.75, 0, 0
2.00, 5.70, 19.06, 19.06, -304.09, 20.00, 4.63, 13.33, 12.53, 80.48, 20.34, 58.67, -100.29, 78.78, 0, 0
2.00, 5.70, 19.84, 19.84, 297.60, 20.00, 4.63, 16.11, 15.30, 236.59, 65.84, 51.56, -90.00, 67.47, 0, 0
2.00, 5.70, 20.61, 20.61, 790.51, 20.00, 4.63, 18.89, 18.06, 272.75, 114.33, 49.30, -80.55, 56.14, 0, 0
2.00, 5.70, 21.26, 21.26, 1014.57, 20.00, 4.63, 21.67, 20.83, 72.36, 149.03, 50.35, -68.22, 45.19, 0, 0
2.00, 5.70, 21.76, 21.76, 1106.21, 20.00, 4.63, 23.89, 23.06, 10.65, 176.68, 55.21, -51.67, 35.33, 0, 0
2.00, 5.70, 22.18, 22.18, 1219.88, 20.00, 4.63, 26.11, 25.27, 0.00, 193.49, 62.98, -27.59, 28.01, 0, 0
2.00, 5.70, 22.56, 22.56, 1352.45, 20.00, 4.63, 27.22, 26.38, 0.00, 198.04, 72.72, 4.42, 25.68, 0, 0
2.00, 5.70, 22.90, 22.90, 1466.96, 20.00, 4.63, 28.33, 27.50, 0.00, 191.15, 83.70, 34.85, 29.57, 0, 0
2.00, 5.70, 23.19, 23.19, 1535.55, 20.00, 4.63, 28.89, 28.04, 0.00, 164.83, 0.00, 56.62, 37.77, 0, 0
2.00, 5.70, 23.48, 23.48, 1649.91, 20.00, 4.63, 28.89, 28.04, 0.00, 135.34, 0.00, 71.78, 48.01, 0, 0
2.00, 5.70, 23.79, 23.79, 1806.95, 20.00, 4.63, 28.33, 27.50, 0.00, 99.36, 0.00, 83.40, 59.11, 0, 0
2.00, 5.70, 24.05, 24.05, 1862.65, 20.00, 4.63, 26.67, 25.83, 0.00, 51.80, 0.00, 93.36, 70.47, 0, 0
2.00, 5.70, 24.14, 24.14, 1608.09, 20.00, 4.63, 25.00, 24.17, 0.00, 13.25, 0.00, 102.77, 81.72, 0, 0
2.00, 5.70, 24.12, 24.12, 1366.04, 20.00, 4.63, 23.33, 22.52, 0.00, 0.79, 0.00, 0.00, 90.00, 0, 0
2.00, 5.70, 24.08, 24.08, 1275.91, 20.00, 4.63, 22.22, 21.40, 0.00, 0.00, 0.00, 0.00, 90.00, 0, 0
2.00, 5.70, 23.94, 23.94, 993.08, 20.00, 4.63, 21.11, 20.29, 0.00, 0.00, 0.00, 0.00, 90.00, 0, 0
2.00, 5.70, 23.21, 23.21, -143.89, 20.00, 4.63, 19.44, 18.63, 0.00, 0.00, 0.00, 0.00, 90.00, 0, 0
2.00, 5.70, 22.58, 22.58, -608.82, 20.00, 4.63, 18.33, 17.52, 0.00, 0.00, 0.00, 0.00, 90.00, 0, 0
2.00, 5.70, 22.00, 22.00, -1062.27, 20.00, 4.63, 17.22, 16.41, 0.00, 0.00, 0.00, 0.00, 90.00, 0, 0
2.00, 5.70, 21.45, 21.45, -1510.95, 20.00, 4.63, 16.11, 15.30, 0.00, 0.00, 0.00, 0.00, 90.00, 0, 0
2.00, 5.70, 20.91, 20.91, -1958.57, 20.00, 4.63, 15.00, 14.19, 0.00, 0.00, 0.00, 0.00, 90.00, 0, 0
2.00, 5.70, 20.37, 20.37, -2407.40, 20.00, 4.63, 13.89, 13.08, 0.00, 0.00, 0.00, 0.00, 90.00, 0, 0
2.00, 5.70, 19.90, 19.90, -2674.73, 20.00, 4.63, 13.33, 12.53, 0.00, 0.00, 0.00, 0.00, 90.00, 0, 0
2.00, 5.70, 19.62, 19.62, -2645.02, 20.00, 4.63, 13.33, 12.53, 0.00, 5.54, 0.00, -109.55, 89.93, 0, 0
2.00, 5.70, 20.39, 20.39, 113.30, 20.00, 4.63, 15.00, 14.20, 112.40, 23.38, 58.39, -100.02, 78.95, 0, 0
2.00, 5.70, 21.12, 21.12, 558.55, 20.00, 4.63, 17.22, 16.41, 197.54, 59.91, 51.51, -90.00, 67.63, 0, 0
2.00, 5.70, 21.81, 21.81, 945.58, 20.00, 4.63, 19.44, 18.63, 214.64, 100.80, 48.98, -80.23, 56.31, 0, 0
2.00, 5.70, 22.44, 22.44, 1250.02, 20.00, 4.63, 22.22, 21.40, 71.51, 144.37, 50.05, -67.87, 45.38, 0, 0
2.00, 5.70, 22.94, 22.94, 1371.03, 20.00, 4.63, 24.44, 23.63, 10.86, 176.99, 54.95, -51.29, 35.56, 0, 0
2.00, 5.70, 23.35, 23.35, 1478.44, 20.00, 4.63, 26.67, 25.83, 0.00, 192.84, 62.76, -27.28, 28.29, 0, 0
2.00, 5.70, 23.73, 23.73, 1608.25, 20.00, 4.63, 27.78, 26.95, 0.00, 196.97, 72.53, 4.46, 26.00, 0, 0
2.00, 5.70, 24.06, 24.06, 1717.17, 20.00, 4.63, 28.89, 28.04, 0.00, 189.73, 83.54, 34.64, 29.87, 0, 0
2.00, 5.70, 24.36, 24.36, 1806.24, 20.00, 4.63, 29.44, 28.61, 0.00, 173.22, 0.00, 56.34, 38.03, 0, 0
2.00, 5.70, 24.65, 24.65, 1915.62, 20.00, 4.63, 30.00, 29.16, 0.00, 140.50, 0.00, 71.50, 48.25, 0, 0
2.00, 5.70, 24.87, 24.87, 1891.30, 20.00, 4.63, 28.89, 28.04, 0.00, 85.86, 0.00, 83.14, 59.34, 0, 0
2.00, 5.70, 25.00, 25.00, 1863.36, 20.00, 4.63, 27.22, 26.38, 0.00, 40.48, 0.00, 93.12, 70.69, 0, 0
2.00, 5.70, 25.00, 25.00, 1682.92, 20.00, 4.63, 25.56, 24.72, 0.00, 12.39, 0.00, 102.55, 81.95, 0, 0
2.00, 5.70, 25.00, 25.00, 1505.41, 20.00, 4.63, 23.89, 23.06, 0.00, 1.58, 0.00, 0.00, 90.00, 0, 0
2.00, 5.70, 24.98, 24.98, 1408.25, 20.00, 4.63, 22.22, 21.38, 0.00, 0.00, 0.00, 0.00, 90.00, 0, 0
2.00, 5.70, 24.84, 24.84, 1110.33, 20.00, 4.63, 20.56, 19.72, 0.00, 0.00, 0.00, 0.00, 90.00, 0, 0
2.00, 5.70, 23.93, 23.93, -186.32, 20.00, 4.63, 18.89, 18.06, 0.00, 0.00, 0.00, 0.00, 90.00, 0, 0
2.00, 5.70, 23.10, 23.10, -843.36, 20.00, 4.63, 17.22, 16.39, 0.00, 0.00, 0.00, 0.00, 90.00, 0, 0
2.00, 5.70, 22.39, 22.39, -1316.68, 20.00, 4.63, 16.11, 15.28, 0.00, 0.00, 0.00, 0.00, 90.00, 0, 0
2.00, 5.70, 21.67, 21.67, -1963.47, 20.00, 4.63, 14.44, 13.62, 0.00, 0.00, 0.00, 0.00, 90.00, 0, 0
2.00, 5.70, 20.92, 20.92, -2617.99, 20.00, 4.63, 12.78, 11.94, 0.00, 0.00, 0.00, 0.00, 90.00, 0, 0
2.00, 5.70, 20.16, 20.16, -3280.97, 20.00, 4.63, 11.11, 10.29, 0.00, 0.00, 0.00, 0.00, 90.00, 0, 0
2.00, 5.70, 19.45, 19.45, -3765.33, 20.00, 4.63, 10.00, 9.16, 0.00, 0.00, 0.00, 0.00, 90.00, 0, 0
2.00, 5.70, 18.96, 18.96, -3832.56, 20.00, 4.63, 10.00, 9.16, 0.00, 6.34, 0.00, 0.00, 90.00, 0, 0
2.00, 5.70, 20.01, 20.01, -31.22, 20.00, 4.63, 11.67, 10.84, 183.91, 27.64, 58.10, -99.75, 79.12, 0, 0
2.00, 5.70, 20.91, 20.91, 400.45, 20.00, 4.63, 13.89, 13.05, 239.15, 63.75, 51.46, -90.00, 67.80, 0, 0
2.00, 5.70, 21.68, 21.68, 746.30, 20.00, 4.63, 16.11, 15.28, 226.60, 102.62, 48.66, -79.91, 56.48, 0, 0
2.00, 5.70, 22.36, 22.36, 1051.78, 20.00, 4.63, 18.89, 18.04, 77.88, 148.27, 49.75, -67.51, 45.57, 0, 0
2.00, 5.70, 22.89, 22.89, 1183.40, 20.00, 4.63, 21.11, 20.27, 12.27, 186.00, 54.68, -50.90, 35.78, 0, 0
2.00, 5.70, 23.32, 23.32, 1279.24, 20.00, 4.63, 23.33, 22.49, 0.00, 206.06, 62.53, -26.96, 28.57, 0, 0
2.00, 5.70, 23.70, 23.70, 1426.19, 20.00, 4.63, 25.00, 24.15, 0.00, 210.89, 72.34, 4.50, 26.31, 0, 0
2.00, 5.70, 24.05, 24.05, 1556.43, 20.00, 4.63, 26.11, 25.27, 0.00, 201.84, 83.37, 34.43, 30.17, 0, 0
2.00, 5.70, 24.34, 24.34, 1612.79, 20.00, 4.63, 26.67, 25.81, 0.00, 173.72, 0.00, 56.05, 38.29, 0, 0
2.00, 5.70, 24.61, 24.61, 1692.92, 20.00, 4.63, 26.67, 25.81, 0.00, 142.50, 0.00, 71.22, 48.49, 0, 0
2.00, 5.70, 24.85, 24.85, 1773.01, 20.00, 4.63, 25.56, 24.72, 0.00, 100.74, 0.00, 82.88, 59.57, 0, 0
2.00, 5.70, 25.00, 25.00, 1883.75, 20.00, 4.63, 24.44, 23.61, 0.00, 56.01, 0.00, 92.89, 70.92, 0, 0
2.00, 5.70, 25.00, 25.00, 1674.77, 20.00, 4.63, 22.22, 21.40, 0.00, 17.55, 0.00, 102.34, 82.18, 0, 0
2.00, 5.70, 24.98, 24.98, 1335.55, 20.00, 4.63, 21.11, 20.29, 0.00, 1.58, 0.00, 0.00, 90.00, 0, 0
2.00, 5.70, 24.94, 24.94, 1241.76, 20.00, 4.63, 20.00, 19.18, 0.00, 0.00, 0.00, 0.00, 90.00, 0, 0
2.00, 5.70, 24.82, 24.82, 1007.86, 20.00, 4.63, 18.89, 18.09, 0.00, 0.00, 0.00, 0.00, 90.00, 0, 0
2.00, 5.70, 23.80, 23.80, -570.83, 20.00, 4.63, 17.78, 16.97, 0.00, 0.00, 0.00, 0.00, 90.00, 0, 0
2.00, 5.70, 22.97, 22.97, -1061.98, 20.00, 4.63, 16.67, 15.86, 0.00, 0.00, 0.00, 0.00, 90.00, 0, 0
2.00, 5.70, 22.34, 22.34, -1356.07, 20.00, 4.63, 16.11, 15.30, 0.00, 0.00, 0.00, 0.00, 90.00, 0, 0
2.00, 5.70, 21.82, 21.82, -1632.44, 20.00, 4.63, 15.56, 14.73, 0.00, 0.00, 0.00, 0.00, 90.00, 0, 0
2.00, 5.70, 21.37, 21.37, -1897.84, 20.00, 4.63, 15.00, 14.19, 0.00, 0.00, 0.00, 0.00, 90.00, 0, 0
2.00, 5.70, 20.96, 20.96, -2156.61, 20.00, 4.63, 14.44, 13.64, 0.00, 0.00, 0.00, 0.00, 90.00, 0, 0
2.00, 5.70, 20.58, 20.58, -2411.56, 20.00, 4.63, 13.89, 13.08, 0.00, 0.00, 0.00, 0.00, 90.00, 0, 0
2.00, 5.70, 20.30, 20.30, -2456.17, 20.00, 4.63, 13.89, 13.09, 0.00, 3.17, 0.00, 0.00, 90.00, 0, 0
2.00, 5.70, 21.03, 21.03, 32.97, 20.00, 4.63, 15.56, 14.75, 44.23, 16.91, 57.81, -99.47, 79.29, 0, 0
2.00, 5.70, 21.70, 21.70, 409.42, 20.00, 4.63, 17.22, 16.43, 125.86, 50.60, 51.40, -90.00, 67.96, 0, 0
2.00, 5.70, 22.40, 22.40, 920.58, 20.00, 4.63, 20.00, 19.20, 211.84, 97.93, 48.34, -79.58, 56.65, 0, 0
2.00, 5.70, 22.97, 22.97, 1115.75, 20.00, 4.63, 22.22, 21.42, 59.92, 127.97, 49.45, -67.14, 45.76, 0, 0
2.00, 5.70, 23.44, 23.44, 1249.25, 20.00, 4.63, 24.44, 23.63, 7.79, 154.27, 54.42, -50.52, 36.01, 0, 0
2.00, 5.70, 23.82, 23.82, 1338.28, 20.00, 4.63, 26.11, 25.29, 0.00, 161.68, 62.31, -26.65, 28.86, 0, 0
2.00, 5.70, 24.14, 24.14, 1431.30, 20.00, 4.63, 27.22, 26.40, 0.00, 152.75, 72.15, 4.55, 26.64, 0, 0
2.00, 5.70, 24.43, 24.43, 1515.05, 20.00, 4.63, 27.78, 26.95, 0.00, 142.84, 83.21, 34.22, 30.48, 0, 0
2.00, 5.70, 24.66, 24.66, 1544.86, 20.00, 4.63, 28.33, 27.50, 0.00, 129.88, 0.00, 55.77, 38.56, 0, 0
2.00, 5.70, 24.82, 24.82, 1516.92, 20.00, 4.63, 27.78, 26.95, 0.00, 99.83, 0.00, 70.94, 48.74, 0, 0
2.00, 5.70, 24.99, 24.99, 1580.61, 20.00, 4.63, 27.22, 26.40, 0.00, 74.36, 0.00, 82.63, 59.80, 0, 0
2.00, 5.70, 25.00, 25.00, 1756.99, 20.00, 4.63, 26.11, 25.29, 0.00, 47.40, 0.00, 92.65, 71.15, 0, 0
2.00, 5.70, 25.00, 25.00, 1661.49, 20.00, 4.63, 25.00, 24.17, 0.00, 15.98, 0.00, 102.12, 82.42, 0, 0
2.00, 5.70, 25.00, 25.00, 1364.96, 20.00, 4.63, 23.33, 22.54, 0.00, 2.38, 0.00, 0.00, 90.00, 0, 0
2.00, 5.70, 25.00, 25.00, 1285.51, 20.00, 4.63, 22.22, 21.42, 0.00, 0.00, 0.00, 0.00, 90.00, 0, 0
2.00, 5.70, 24.96, 24.96, 1076.82, 20.00, 4.63, 21.11, 20.31, 0.00, 0.00, 0.00, 0.00, 90.00, 0, 0
2.00, 5.70, 24.17, 24.17, -51.78, 20.00, 4.63, 19.44, 18.65, 0.00, 0.00, 0.00, 0.00, 90.00, 0, 0
2.00, 5.70, 23.50, 23.50, -512.27, 20.00, 4.63, 18.33, 17.54, 0.00, 0.00, 0.00, 0.00, 90.00, 0, 0
2.00, 5.70, 22.89, 22.89, -963.62, 20.00, 4.63, 17.22, 16.41, 0.00, 0.00, 0.00, 0.00, 90.00, 0, 0
2.00, 5.70, 22.31, 22.31, -1411.36, 20.00, 4.63, 16.11, 15.30, 0.00, 0.00, 0.00, 0.00, 90.00, 0, 0
2.00, 5.70, 21.75, 21.75, -1858.79, 20.00, 4.63, 15.00, 14.19, 0.00, 0.00, 0.00, 0.00, 90.00, 0, 0
2.00, 5.70, 21.11, 21.11, -2491.12, 20.00, 4.63, 13.33, 12.53, 0.00, 0.00, 0.00, 0.00, 90.00, 0, 0
2.00, 5.70, 20.49, 20.49, -2952.06, 20.00, 4.63, 12.22, 11.42, 0.00, 0.00, 0.00, 0.00, 90.00, 0, 0
2.00, 5.70, 20.06, 20.06, -3017.20, 20.00, 4.63, 12.22, 11.42, 0.00, 3.17, 0.00, 0.00, 90.00, 0, 0
2.00, 5.70, 20.96, 20.96, 86.00, 20.00, 4.63, 13.89, 13.09, 136.23, 22.23, 57.51, -99.19, 79.46, 0, 0
2.00, 5.70, 21.71, 21.71, 432.04, 20.00, 4.63, 15.56, 14.77, 173.52, 55.65, 51.35, -90.00, 68.13, 0, 0
2.00, 5.70, 22.43, 22.43, 867.40, 20.00, 4.63, 18.33, 17.54, 215.76, 96.67, 48.02, -79.25, 56.82, 0, 0
2.00, 5.70, 23.02, 23.02, 1070.43, 20.00, 4.63, 20.56, 19.74, 65.61, 128.67, 49.14, -66.78, 45.95, 0, 0
2.00, 5.70, 23.50, 23.50, 1202.63, 20.00, 4.63, 22.78, 21.97, 8.52, 156.53, 54.15, -50.12, 36.24, 0, 0
2.00, 5.70, 23.89, 23.89, 1312.88, 20.00, 4.63, 24.44, 23.63, 0.00, 178.06, 62.08, -26.33, 29.15, 0, 0
2.00, 5.70, 24.24, 24.24, 1447.80, 20.00, 4.63, 26.11, 25.29, 0.00, 176.16, 71.96, 4.61, 26.96, 0, 0
2.00, 5.70, 24.53, 24.53, 1504.91, 20.00, 4.63, 26.67, 25.83, 0.01, 158.65, 83.05, 34.02, 30.79, 0, 0
2.00, 5.70, 24.76, 24.76, 1528.91, 20.00, 4.63, 27.22, 26.40, 0.00, 143.36, 0.00, 55.49, 38.84, 0, 0
2.00, 5.70, 24.95, 24.95, 1540.29, 20.00, 4.63, 27.22, 26.38, 0.00, 111.39, 0.00, 70.66, 48.99, 0, 0
2.00, 5.70, 25.00, 25.00, 1607.44, 20.00, 4.63, 26.11, 25.29, 0.00, 83.38, 0.00, 82.37, 60.04, 0, 0
2.00, 5.70, 25.00, 25.00, 1762.80, 20.00, 4.63, 25.00, 24.17, 0.00, 50.75, 0.00, 90.00, 71.39, 0, 0
2.00, 5.70, 25.00, 25.00, 1638.32, 20.00, 4.63, 23.33, 22.52, 0.00, 18.02, 0.00, 101.89, 82.66, 0, 0
2.00, 5.70, 25.00, 25.00, 1328.97, 20.00, 4.63, 22.22, 21.42, 0.00, 3.17, 0.00, 0.00, 90.00, 0, 0
2.00, 5.70, 25.00, 25.00, 1240.95, 20.00, 4.63, 21.11, 20.31, 0.00, 0.00, 0.00, 0.00, 90.00, 0, 0
2.00, 5.70, 24.97, 24.97, 1030.43, 20.00, 4.63, 20.00, 19.20, 0.00, 0.00, 0.00, 0.00, 90.00, 0, 0
2.00, 5.70, 24.04, 24.04, -405.57, 20.00, 4.63, 18.33, 17.54, 0.00, 0.00, 0.00, 0.00, 90.00, 0, 0
2.00, 5.70, 23.28, 23.28, -882.16, 20.00, 4.63, 17.22, 16.41, 0.00, 0.00, 0.00, 0.00, 90.00, 0, 0
2.00, 5.70, 22.60, 22.60, -1345.96, 20.00, 4.63, 16.11, 15.30, 0.00, 0.00, 0.00, 0.00, 90.00, 0, 0
2.00, 5.70, 22.06, 22.06, -1622.68, 20.00, 4.63, 15.56, 14.75, 0.00, 0.00, 0.00, 0.00, 90.00, 0, 0
2.00, 5.70, 21.51, 21.51, -2070.11, 20.00, 4.63, 14.44, 13.64, 0.00, 0.00, 0.00, 0.00, 90.00, 0, 0
2.00, 5.70, 20.96, 20.96, -2520.33, 20.00, 4.63, 13.33, 12.53, 0.00, 0.00, 0.00, 0.00, 90.00, 0, 0
2.00, 5.70, 20.40, 20.40, -2974.02, 20.00, 4.63, 12.22, 11.42, 0.00, 0.00, 0.00, 0.00, 90.00, 0, 0
2.00, 5.70, 20.09, 20.09, -2844.68, 20.00, 4.63, 12.78, 11.98, 0.00, 4.75, 0.00, 0.00, 90.00, 0, 0
2.00, 5.70, 20.91, 20.91, -65.41, 20.00, 4.63, 13.89, 13.09, 48.35, 17.67, 57.21, -98.90, 79.63, 0, 0
2.00, 5.70, 21.59, 21.59, 247.07, 20.00, 4.63, 15.56, 14.75, 95.28, 46.39, 51.29, -90.00, 68.30, 0, 0
2.00, 5.70, 22.16, 22.16, 469.62, 20.00, 4.63, 17.22, 16.43, 83.20, 71.44, 47.68, -78.91, 57.00, 0, 0
2.00, 5.70, 22.66, 22.66, 724.43, 20.00, 4.63, 19.44, 18.65, 34.39, 102.15, 48.83, -66.40, 46.15, 0, 0
2.00, 5.70, 23.10, 23.10, 894.51, 20.00, 4.63, 21.11, 20.31, 5.09, 129.25, 53.88, -49.73, 36.48, 0, 0
2.00, 5.70, 23.47, 23.47, 1039.82, 20.00, 4.63, 22.78, 21.97, 0.00, 151.12, 61.85, -26.01, 29.44, 0, 0
2.00, 5.70, 23.83, 23.83, 1212.11, 20.00, 4.63, 24.44, 23.63, 0.00, 164.95, 71.76, 4.67, 27.29, 0, 0
2.00, 5.70, 24.16, 24.16, 1357.52, 20.00, 4.63, 25.56, 24.74, 0.02, 165.72, 82.88, 33.82, 31.10, 0, 0
2.00, 5.70, 24.44, 24.44, 1430.78, 20.00, 4.63, 26.11, 25.31, 0.00, 158.36, 0.00, 55.21, 39.12, 0, 0
2.00, 5.70, 24.70, 24.70, 1533.64, 20.00, 4.63, 26.67, 25.86, 0.00, 133.48, 0.00, 70.39, 49.25, 0, 0
2.00, 5.70, 24.94, 24.94, 1601.51, 20.00, 4.63, 26.11, 25.31, 0.00, 90.41, 0.00, 82.11, 60.29, 0, 0
2.00, 5.70, 25.00, 25.00, 1621.70, 20.00, 4.63, 25.00, 24.20, 0.00, 44.28, 0.00, 90.00, 71.63, 0, 0
2.00, 5.70, 25.00, 25.00, 1417.42, 20.00, 4.63, 23.33, 22.54, 0.00, 12.15, 0.00, 101.67, 82.91, 0, 0
2.00, 5.70, 25.00, 25.00, 1237.84, 20.00, 4.63, 22.22, 21.44, 0.00, 0.79, 0.00, 0.00, 90.00, 0, 0
2.00, 5.70, 25.00, 25.00, 1188.23, 20.00, 4.63, 21.67, 20.88, 0.00, 0.00, 0.00, 0.00, 90.00, 0, 0
2.00, 5.70, 24.93, 24.93, 982.74, 20.00, 4.63, 20.56, 19.78, 0.00, 0.00, 0.00, 0.00, 90.00, 0, 0
2.00, 5.70, 24.13, 24.13, -118.93, 20.00, 4.63, 19.44, 18.67, 0.00, 0.00, 0.00, 0.00, 90.00, 0, 0
2.00, 5.70, 23.54, 23.54, -397.94, 20.00, 4.63, 18.89, 18.10, 0.00, 0.00, 0.00, 0.00, 90.00, 0, 0
2.00, 5.70, 23.06, 23.06, -658.81, 20.00, 4.63, 18.33, 17.54, 0.00, 0.00, 0.00, 0.00, 90.00, 0, 0
2.00, 5.70, 22.64, 22.64, -908.95, 20.00, 4.63, 17.78, 16.99, 0.00, 0.00, 0.00, 0.00, 90.00, 0, 0
2.00, 5.70, 22.19, 22.19, -1332.21, 20.00, 4.63, 16.67, 15.88, 0.00, 0.00, 0.00, 0.00, 90.00, 0, 0
2.00, 5.70, 21.80, 21.80, -1580.70, 20.00, 4.63, 16.11, 15.33, 0.00, 0.00, 0.00, 0.00, 90.00, 0, 0
2.00, 5.70, 21.43, 21.43, -1825.21, 20.00, 4.63, 15.56, 14.79, 0.00, 0.00, 0.00, 0.00, 90.00, 0, 0
2.00, 5.70, 21.25, 21.25, -1677.55, 20.00, 4.63, 16.11, 15.35, 0.00, 4.75, 0.00, 0.00, 90.00, 0, 0
2.00, 5.70, 22.05, 22.05, 543.50, 20.00, 4.63, 17.78, 17.03, 240.51, 29.19, 56.91, -98.61, 79.81, 0, 0
2.00, 5.70, 22.72, 22.72, 833.01, 20.00, 4.63, 20.00, 19.23, 210.29, 60.08, 51.24, -90.00, 68.47, 0, 0
2.00, 5.70, 23.24, 23.24, 965.33, 20.00, 4.63, 21.67, 20.91, 130.53, 80.47, 47.35, -78.57, 57.17, 0, 0
2.00, 5.70, 23.65, 23.65, 1082.55, 20.00, 4.63, 23.33, 22.57, 32.31, 99.91, 48.52, -66.03, 46.34, 0, 0
2.00, 5.70, 24.02, 24.02, 1232.22, 20.00, 4.63, 25.00, 24.23, 4.36, 123.21, 53.60, -49.33, 36.72, 0, 0
2.00, 5.70, 24.36, 24.36, 1382.17, 20.00, 4.63, 26.67, 25.90, 0.00, 148.12, 61.62, -25.68, 29.73, 0, 0
2.00, 5.70, 24.68, 24.68, 1529.21, 20.00, 4.63, 27.78, 27.01, 0.00, 161.99, 71.57, 4.73, 27.63, 0, 0
2.00, 5.70, 24.93, 24.93, 1549.91, 20.00, 4.63, 28.89, 28.11, 0.02, 138.58, 82.72, 33.63, 31.42, 0, 0
2.00, 5.70, 25.00, 25.00, 1537.72, 20.00, 4.63, 28.89, 28.11, 0.00, 118.02, 0.00, 54.94, 39.41, 0, 0
2.00, 5.70, 25.00, 25.00, 1489.39, 20.00, 4.63, 28.33, 27.56, 0.00, 87.63, 0.00, 70.11, 49.51, 0, 0
2.00, 5.70, 25.00, 25.00, 1550.96, 20.00, 4.63, 27.78, 27.01, 0.00, 66.92, 0.00, 81.85, 60.54, 0, 0
2.00, 5.70, 25.00, 25.00, 1781.56, 20.00, 4.63, 27.22, 26.44, 0.00, 46.84, 0.00, 90.00, 71.88, 0, 0
2.00, 5.70, 25.00, 25.00, 1487.65, 20.00, 4.63, 25.56, 24.80, 0.00, 19.80, 0.00, 101.45, 83.17, 0, 0
2.00, 5.70, 25.00, 25.00, 1377.55, 20.00, 4.63, 24.44, 23.69, 0.00, 2.38, 0.00, 0.00, 90.00, 0, 0
2.00, 5.70, 25.00, 25.00, 1309.31, 20.00, 4.63, 23.33, 22.57, 0.00, 0.00, 0.00, 0.00, 90.00, 0, 0
2.00, 5.70, 25.06, 25.06, 1123.18, 20.00, 4.63, 22.22, 21.48, 0.00, 0.00, 0.00, 0.00, 90.00, 0, 0
2.00, 5.70, 24.62, 24.62, 659.36, 20.00, 4.63, 21.67, 20.91, 0.00, 0.00, 0.00, 0.00, 90.00, 0, 0
2.00, 5.70, 24.17, 24.17, 238.64, 20.00, 4.63, 20.56, 19.80, 0.00, 0.00, 0.00, 0.00, 90.00, 0, 0
2.00, 5.70, 23.71, 23.71, -182.66, 20.00, 4.63, 19.44, 18.69, 0.00, 0.00, 0.00, 0.00, 90.00, 0, 0
2.00, 5.70, 23.32, 23.32, -429.12, 20.00, 4.63, 18.89, 18.14, 0.00, 0.00, 0.00, 0.00, 90.00, 0, 0
2.00, 5.70, 22.96, 22.96, -669.92, 20.00, 4.63, 18.33, 17.57, 0.00, 0.00, 0.00, 0.00, 90.00, 0, 0
2.00, 5.70, 22.55, 22.55, -1086.19, 20.00, 4.63, 17.22, 16.46, 0.00, 0.00, 0.00, 0.00, 90.00, 0, 0
2.00, 5.70, 22.18, 22.18, -1330.27, 20.00, 4.63, 16.67, 15.92, 0.00, 0.00, 0.00, 0.00, 90.00, 0, 0
2.00, 5.70, 21.96, 21.96, -1290.10, 20.00, 4.63, 16.67, 15.93, 0.00, 4.75, 0.00, 0.00, 90.00, 0, 0
2.00, 5.70, 22.61, 22.61, 521.45, 20.00, 4.63, 18.33, 17.59, 82.41, 20.83, 56.60, -98.31, 79.98, 0, 0
2.00, 5.70, 23.20, 23.20, 840.72, 20.00, 4.63, 20.00, 19.25, 129.86, 49.25, 51.19, -90.00, 68.64, 0, 0
2.00, 5.70, 23.69, 23.69, 1030.55, 20.00, 4.63, 21.67, 20.93, 98.13, 71.33, 47.01, -78.22, 57.35, 0, 0
2.00, 5.70, 24.14, 24.14, 1252.26, 20.00, 4.63, 23.33, 22.59, 39.08, 102.78, 48.20, -65.65, 46.54, 0, 0
2.00, 5.70, 24.51, 24.51, 1351.88, 20.00, 4.63, 25.00, 24.25, 3.45, 112.24, 53.33, -48.93, 36.96, 0, 0
2.00, 5.70, 24.86, 24.86, 1530.61, 20.00, 4.63, 26.67, 25.91, 0.01, 143.52, 61.39, -25.36, 30.03, 0, 0
2.00, 5.70, 25.20, 25.20, 1692.51, 20.00, 4.63, 27.78, 27.03, 0.00, 161.48, 71.38, 4.79, 27.97, 0, 0
2.00, 5.70, 25.00, 25.00, 1737.13, 20.00, 4.63, 29.44, 28.69, 0.04, 176.90, 82.56, 33.45, 31.75, 0, 0
2.00, 5.70, 25.00, 25.00, 1762.31, 20.00, 4.63, 30.00, 29.24, 0.00, 153.06, 0.00, 54.66, 39.70, 0, 0
2.00, 5.70, 25.00, 25.00, 1681.48, 20.00, 4.63, 29.44, 28.69, 0.00, 97.00, 0.00, 69.83, 49.78, 0, 0
2.00, 5.70, 25.00, 25.00, 1681.07, 20.00, 4.63, 28.89, 28.14, 0.00, 62.53, 0.00, 81.59, 60.79, 0, 0
2.00, 5.70, 25.00, 25.00, 1714.88, 20.00, 4.63, 27.78, 27.03, 0.00, 25.92, 0.00, 90.00, 72.13, 0, 0
2.00, 5.70, 25.00, 25.00, 1543.52, 20.00, 4.63, 26.11, 25.38, 0.00, 5.54, 0.00, 101.22, 83.42, 0, 0
2.00, 5.70, 25.00, 25.00, 1473.44, 20.00, 4.63, 25.00, 24.27, 0.00, 0.79, 0.00, 0.00, 90.00, 0, 0
2.00, 5.70, 25.00, 25.00, 1438.10, 20.00, 4.63, 24.44, 23.72, 0.00, 0.00, 0.00, 0.00, 90.00, 0, 0
2.00, 5.70, 25.18, 25.18, 1250.27, 20.00, 4.63, 23.89, 23.17, 0.00, 0.00, 0.00, 0.00, 90.00, 0, 0
2.00, 5.70, 25.00, 25.00, 1241.78, 20.00, 4.63, 23.33, 22.61, 0.00, 0.00, 0.00, 0.00, 90.00, 0, 0
2.00, 5.70, 24.79, 24.79, 1020.11, 20.00, 4.63, 22.78, 22.06, 0.00, 0.00, 0.00, 0.00, 90.00, 0, 0
2.00, 5.70, 24.58, 24.58, 800.24, 20.00, 4.63, 22.22, 21.49, 0.00, 0.00, 0.00, 0.00, 90.00, 0, 0
2.00, 5.70, 24.35, 24.35, 580.76, 20.00, 4.63, 21.67, 20.93, 0.00, 0.00, 0.00, 0.00, 90.00, 0, 0
2.00, 5.70, 24.11, 24.11, 361.12, 20.00, 4.63, 21.11, 20.38, 0.00, 0.00, 0.00, 0.00, 90.00, 0, 0
2.00, 5.70, 23.87, 23.87, 140.84, 20.00, 4.63, 20.56, 19.83, 0.00, 0.00, 0.00, 0.00, 90.00, 0, 0
2.00, 5.70, 23.62, 23.62, -80.34, 20.00, 4.63, 20.00, 19.28, 0.00, 0.00, 0.00, 0.00, 90.00, 0, 0
2.00, 5.70, 23.48, 23.48, -38.48, 20.00, 4.63, 20.00, 19.28, 0.00, 1.58, 0.00, 0.00, 90.00, 0, 0
2.00, 5.70, 23.85, 23.85, 674.84, 20.00, 4.63, 20.56, 19.85, 0.00, 7.13, 56.28, -98.01, 80.16, 0, 0
2.00, 5.70, 24.18, 24.18, 844.07, 20.00, 4.63, 21.67, 20.96, 18.52, 27.42, 51.13, -90.00, 68.81, 0, 0
2.00, 5.70, 24.56, 24.56, 1160.14, 20.00, 4.63, 23.33, 22.62, 73.07, 63.68, 46.67, -77.87, 57.53, 0, 0
2.00, 5.70, 24.93, 24.93, 1386.54, 20.00, 4.63, 25.56, 24.83, 28.10, 90.24, 47.88, -65.26, 46.75, 0, 0
2.00, 5.70, 25.19, 25.19, 1358.58, 20.00, 4.63, 26.11, 25.40, 1.16, 72.81, 53.05, -48.53, 37.20, 0, 0
2.00, 5.70, 25.40, 25.40, 1425.24, 20.00, 4.63, 26.67, 25.95, 0.01, 77.21, 61.16, -25.03, 30.34, 0, 0
2.00, 5.70, 25.64, 25.64, 1569.00, 20.00, 4.63, 27.78, 27.05, 0.00, 96.14, 71.19, 4.86, 28.31, 0, 0
2.00, 5.70, 25.00, 25.00, 1366.87, 20.00, 4.63, 27.78, 27.05, 0.00, 62.22, 82.39, 33.27, 32.08, 0, 0
2.00, 5.70, 25.00, 25.00, 1291.01, 20.00, 4.63, 27.22, 26.50, 0.00, 40.88, 0.00, 54.39, 40.00, 0, 0
2.00, 5.70, 25.00, 25.00, 1283.95, 20.00, 4.63, 27.22, 26.50, 0.00, 38.42, 0.00, 69.56, 50.05, 0, 0
2.00, 5.70, 25.00, 25.00, 1299.40, 20.00, 4.63, 26.67, 25.95, 0.00, 26.04, 0.00, 81.33, 61.05, 0, 0
2.00, 5.70, 25.00, 25.00, 1432.21, 20.00, 4.63, 26.11, 25.40, 0.00, 15.05, 0.00, 90.00, 72.39, 0, 0
2.00, 5.70, 25.00, 25.00, 1366.87, 20.00, 4.63, 25.00, 24.29, 0.00, 4.75, 0.00, 101.00, 83.68, 0, 0
2.00, 5.70, 25.00, 25.00, 1333.54, 20.00, 4.63, 24.44, 23.74, 0.00, 0.79, 0.00, 0.00, 90.00, 0, 0
2.00, 5.70, 25.00, 25.00, 1307.25, 20.00, 4.63, 23.89, 23.19, 0.00, 0.00, 0.00, 0.00, 90.00, 0, 0
2.00, 5.70, 25.20, 25.20, 1127.73, 20.00, 4.63, 23.33, 22.62, 0.00, 0.00, 0.00, 0.00, 90.00, 0, 0
2.00, 5.70, 24.95, 24.95, 977.77, 20.00, 4.63, 22.78, 22.07, 0.00, 0.00, 0.00, 0.00, 90.00, 0, 0
2.00, 5.70, 24.71, 24.71, 755.46, 20.00, 4.63, 22.22, 21.51, 0.00, 0.00, 0.00, 0.00, 90.00, 0, 0
2.00, 5.70, 24.47, 24.47, 535.84, 20.00, 4.63, 21.67, 20.94, 0.00, 0.00, 0.00, 0.00, 90.00, 0, 0
2.00, 5.70, 24.14, 24.14, 142.37, 20.00, 4.63, 20.56, 19.85, 0.00, 0.00, 0.00, 0.00, 90.00, 0, 0
2.00, 5.70, 23.84, 23.84, -84.53, 20.00, 4.63, 20.00, 19.28, 0.00, 0.00, 0.00, 0.00, 90.00, 0, 0
2.00, 5.70, 23.55, 23.55, -309.90, 20.00, 4.63, 19.44, 18.73, 0.00, 0.00, 0.00, 0.00, 90.00, 0, 0
2.00, 5.70, 23.26, 23.26, -534.96, 20.00, 4.63, 18.89, 18.19, 0.00, 0.00, 0.00, 0.00, 90.00, 0, 0
2.00, 5.70, 23.05, 23.05, -576.41, 20.00, 4.63, 18.89, 18.19, 0.00, 0.00, 0.00, 0.00, 90.00, 0, 0
2.00, 5.70, 23.44, 23.44, 388.13, 20.00, 4.63, 18.89, 18.19, 0.00, 1.58, 55.96, -97.70, 80.33, 0, 0
2.00, 5.70, 23.71, 23.71, 409.88, 20.00, 4.63, 18.89, 18.19, 0.00, 3.17, 51.08, -90.00, 68.99, 0, 0
2.00, 5.70, 23.96, 23.96, 572.24, 20.00, 4.63, 20.00, 19.30, 9.54, 30.03, 46.32, -77.52, 57.71, 0, 0
2.00, 5.70, 24.22, 24.22, 761.36, 20.00, 4.63, 21.67, 20.96, 4.34, 57.10, 47.56, -64.88, 46.95, 0, 0
2.00, 5.70, 24.47, 24.47, 885.77, 20.00, 4.63, 23.33, 22.61, 0.31, 62.88, 52.78, -48.12, 37.45, 0, 0
2.00, 5.70, 24.72, 24.72, 1048.30, 20.00, 4.63, 24.44, 23.72, 0.03, 87.47, 60.93, -24.71, 30.64, 0, 0
2.00, 5.70, 24.98, 24.98, 1209.88, 20.00, 4.63, 25.56, 24.82, 0.00, 108.55, 71.00, 4.93, 28.66, 0, 0
2.00, 5.70, 25.00, 25.00, 1301.89, 20.00, 4.63, 27.22, 26.48, 0.02, 118.38, 82.23, 33.09, 32.42, 0, 0
2.00, 5.70, 25.00, 25.00, 1311.97, 20.00, 4.63, 27.78, 27.03, 0.00, 98.40, 0.00, 54.13, 40.30, 0, 0
2.00, 5.70, 25.00, 25.00, 1258.43, 20.00, 4.63, 27.78, 27.03, 0.00, 65.97, 0.00, 69.28, 50.33, 0, 0
2.00, 5.70, 25.00, 25.00, 1284.22, 20.00, 4.63, 27.78, 27.03, 0.00, 43.31, 0.00, 81.07, 61.31, 0, 0
2.00, 5.70, 25.00, 25.00, 1343.21, 20.00, 4.63, 26.67, 25.93, 0.00, 12.80, 0.00, 90.00, 72.65, 0, 0
2.00, 5.70, 25.00, 25.00, 1260.90, 20.00, 4.63, 25.56, 24.82, 0.00, 1.58, 0.00, 100.77, 83.95, 0, 0
2.00, 5.70, 25.00, 25.00, 1236.28, 20.00, 4.63, 25.00, 24.25, 0.00, 0.79, 0.00, 0.00, 90.00, 0, 0
2.00, 5.70, 25.00, 25.00, 1189.13, 20.00, 4.63, 23.89, 23.16, 0.00, 0.00, 0.00, 0.00, 90.00, 0, 0
2.00, 5.70, 25.14, 25.14, 1026.83, 20.00, 4.63, 22.78, 22.04, 0.00, 0.00, 0.00, 0.00, 90.00, 0, 0
2.00, 5.70, 24.72, 24.72, 554.92, 20.00, 4.63, 21.67, 20.93, 0.00, 0.00, 0.00, 0.00, 90.00, 0, 0
2.00, 5.70, 24.37, 24.37, 319.40, 20.00, 4.63, 21.11, 20.35, 0.00, 0.00, 0.00, 0.00, 90.00, 0, 0
2.00, 5.70, 23.90, 23.90, -260.62, 20.00, 4.63, 19.44, 18.70, 0.00, 0.00, 0.00, 0.00, 90.00, 0, 0
2.00, 5.70, 23.42, 23.42, -679.46, 20.00, 4.63, 18.33, 17.59, 0.00, 0.00, 0.00, 0.00, 90.00, 0, 0
2.00, 5.70, 22.93, 22.93, -1102.13, 20.00, 4.63, 17.22, 16.48, 0.00, 0.00, 0.00, 0.00, 90.00, 0, 0
2.00, 5.70, 22.34, 22.34, -1709.92, 20.00, 4.63, 15.56, 14.82, 0.00, 0.00, 0.00, 0.00, 90.00, 0, 0
2.00, 5.70, 21.78, 21.78, -2151.00, 20.00, 4.63, 14.44, 13.69, 0.00, 0.00, 0.00, 0.00, 90.00, 0, 0
2.00, 5.70, 21.38, 21.38, -2207.60, 20.00, 4.63, 14.44, 13.69, 0.00, 2.38, 0.00, 0.00, 90.00, 0, 0
2.00, 5.70, 22.13, 22.13, 188.87, 20.00, 4.63, 15.56, 14.80, 92.23, 18.43, 55.64, -97.39, 80.51, 0, 0
2.00, 5.70, 22.63, 22.63, 230.65, 20.00, 4.63, 16.67, 15.92, 20.07, 25.78, 51.02, -90.00, 69.16, 0, 0
2.00, 5.70, 23.09, 23.09, 510.23, 20.00, 4.63, 17.78, 17.03, 71.11, 59.53, 45.97, -77.16, 57.90, 0, 0
2.00, 5.70, 23.53, 23.53, 757.42, 20.00, 4.63, 20.00, 19.23, 30.31, 91.38, 47.24, -64.48, 47.16, 0, 0
2.00, 5.70, 23.91, 23.91, 913.64, 20.00, 4.63, 21.67, 20.89, 3.25, 109.54, 52.50, -47.72, 37.70, 0, 0
2.00, 5.70, 24.25, 24.25, 1087.36, 20.00, 4.63, 23.33, 22.56, 0.18, 135.23, 60.70, -24.38, 30.95, 0, 0
2.00, 5.70, 24.59, 24.59, 1266.14, 20.00, 4.63, 25.00, 24.20, 0.00, 152.84, 70.80, 5.00, 29.01, 0, 0
2.00, 5.70, 24.85, 24.85, 1311.45, 20.00, 4.63, 26.11, 25.31, 0.04, 137.98, 82.06, 32.91, 32.76, 0, 0
2.00, 5.70, 25.00, 25.00, 1283.46, 20.00, 4.63, 26.11, 25.31, 0.00, 110.95, 0.00, 53.86, 40.61, 0, 0
2.00, 5.70, 25.00, 25.00, 1264.35, 20.00, 4.63, 26.11, 25.31, 0.00, 85.99, 0.00, 69.01, 50.61, 0, 0
2.00, 5.70, 25.00, 25.00, 1282.58, 20.00, 4.63, 25.56, 24.74, 0.00, 59.80, 0.00, 80.81, 61.58, 0, 0
2.00, 5.70, 25.00, 25.00, 1357.57, 20.00, 4.63, 24.44, 23.65, 0.00, 31.57, 0.00, 90.00, 72.92, 0, 0
2.00, 5.70, 25.00, 25.00, 1211.86, 20.00, 4.63, 23.33, 22.54, 0.00, 11.09, 0.00, 100.54, 84.22, 0, 0
2.00, 5.70, 25.00, 25.00, 1130.49, 20.00, 4.63, 22.22, 21.42, 0.00, 1.58, 0.00, 0.00, 90.00, 0, 0
2.00, 5.70, 25.00, 25.00, 1044.95, 20.00, 4.63, 20.56, 19.76, 0.00, 0.00, 0.00, 0.00, 90.00, 0, 0
2.00, 5.70, 25.00, 25.00, 855.87, 20.00, 4.63, 19.44, 18.63, 0.00, 0.00, 0.00, 0.00, 90.00, 0, 0
2.00, 5.70, 24.02, 24.02, -719.15, 20.00, 4.63, 17.78, 16.97, 0.00, 0.00, 0.00, 0.00, 90.00, 0, 0
2.00, 5.70, 23.22, 23.22, -1191.57, 20.00, 4.63, 16.67, 15.86, 0.00, 0.00, 0.00, 0.00, 90.00, 0, 0
2.00, 5.70, 22.53, 22.53, -1651.88, 20.00, 4.63, 15.56, 14.75, 0.00, 0.00, 0.00, 0.00, 90.00, 0, 0
2.00, 5.70, 21.80, 21.80, -2289.45, 20.00, 4.63, 13.89, 13.09, 0.00, 0.00, 0.00, 0.00, 90.00, 0, 0
2.00, 5.70, 21.14, 21.14, -2752.15, 20.00, 4.63, 12.78, 11.96, 0.00, 0.00, 0.00, 0.00, 90.00, 0, 0
2.00, 5.70, 20.50, 20.50, -3213.64, 20.00, 4.63, 11.67, 10.86, 0.00, 0.00, 0.00, 0.00, 90.00, 0, 0
2.00, 5.70, 19.79, 19.79, -3863.75, 20.00, 4.63, 10.00, 9.20, 0.00, 0.00, 0.00, 0.00, 90.00, 0, 0
2.00, 5.70, 19.29, 19.29, -3933.60, 20.00, 4.63, 10.00, 9.20, 0.00, 3.17, 0.00, 0.00, 90.00, 0, 0
2.00, 5.70, 20.44, 20.44, -17.79, 20.00, 4.63, 11.67, 10.86, 246.58, 26.90, 55.31, -97.08, 80.69, 0, 0
2.00, 5.70, 21.33, 21.33, 294.97, 20.00, 4.63, 13.89, 13.08, 221.86, 56.09, 48.66, -87.39, 69.34, 0, 0
2.00, 5.70, 21.98, 21.98, 408.52, 20.00, 4.63, 15.56, 14.73, 127.31, 73.20, 45.62, -76.81, 58.08, 0, 0
2.00, 5.70, 22.58, 22.58, 749.21, 20.00, 4.63, 17.78, 16.95, 76.82, 116.97, 46.91, -64.09, 47.37, 0, 0
2.00, 5.70, 23.08, 23.08, 908.10, 20.00, 4.63, 19.44, 18.61, 8.30, 147.87, 52.22, -47.31, 37.95, 0, 0
2.00, 5.70, 23.46, 23.46, 986.77, 20.00, 4.63, 21.11, 20.27, 0.39, 156.35, 60.47, -24.05, 31.27, 0, 0
2.00, 5.70, 23.81, 23.81, 1138.25, 20.00, 4.63, 22.78, 21.92, 0.00, 167.13, 70.61, 5.08, 29.36, 0, 0
2.00, 5.70, 24.10, 24.10, 1199.12, 20.00, 4.63, 23.33, 22.49, 0.06, 146.24, 81.90, 32.75, 33.10, 0, 0
2.00, 5.70, 24.33, 24.33, 1239.82, 20.00, 4.63, 23.89, 23.04, 0.00, 135.83, 0.00, 53.60, 40.92, 0, 0
2.00, 5.70, 24.52, 24.52, 1276.61, 20.00, 4.63, 23.89, 23.04, 0.00, 114.15, 0.00, 68.74, 50.90, 0, 0
2.00, 5.70, 24.65, 24.65, 1228.10, 20.00, 4.63, 22.78, 21.95, 0.00, 66.69, 0.00, 80.55, 61.86, 0, 0
2.00, 5.70, 24.79, 24.79, 1313.17, 20.00, 4.63, 21.67, 20.83, 0.00, 35.88, 0.00, 90.00, 73.19, 0, 0
2.00, 5.70, 24.79, 24.79, 1072.44, 20.00, 4.63, 20.00, 19.18, 0.00, 11.88, 0.00, 100.32, 84.49, 0, 0
2.00, 5.70, 24.75, 24.75, 968.19, 20.00, 4.63, 18.89, 18.06, 0.00, 0.00, 0.00, 0.00, 90.00, 0, 0
2.00, 5.70, 24.71, 24.71, 899.85, 20.00, 4.63, 17.78, 16.95, 0.00, 0.00, 0.00, 0.00, 90.00, 0, 0
2.00, 5.70, 24.58, 24.58, 678.48, 20.00, 4.63, 16.67, 15.84, 0.00, 0.00, 0.00, 0.00, 90.00, 0, 0
2.00, 5.70, 23.31, 23.31, -1509.22, 20.00, 4.63, 15.56, 14.73, 0.00, 0.00, 0.00, 0.00, 90.00, 0, 0
2.00, 5.70, 22.31, 22.31, -2019.43, 20.00, 4.63, 14.44, 13.62, 0.00, 0.00, 0.00, 0.00, 90.00, 0, 0
2.00, 5.70, 21.56, 21.56, -2324.33, 20.00, 4.63, 13.89, 13.05, 0.00, 0.00, 0.00, 0.00, 90.00, 0, 0
2.00, 5.70, 20.88, 20.88, -2791.92, 20.00, 4.63, 12.78, 11.94, 0.00, 0.00, 0.00, 0.00, 90.00, 0, 0
2.00, 5.70, 20.31, 20.31, -3070.83, 20.00, 4.63, 12.22, 11.40, 0.00, 0.00, 0.00, 0.00, 90.00, 0, 0
2.00, 5.70, 19.74, 19.74, -3525.84, 20.00, 4.63, 11.11, 10.29, 0.00, 0.00, 0.00, 0.00, 90.00, 0, 0
2.00, 5.70, 19.23, 19.23, -3797.32, 20.00, 4.63, 10.56, 9.73, 0.00, 0.00, 0.00, 0.00, 90.00, 0, 0
2.00, 5.70, 18.87, 18.87, -3850.99, 20.00, 4.63, 10.56, 9.75, 0.00, 2.38, 0.00, 0.00, 90.00, 0, 0
2.00, 5.70, 19.81, 19.81, -402.40, 20.00, 4.63, 11.67, 10.86, 71.80, 18.23, 54.98, -96.76, 80.87, 0, 0
2.00, 5.70, 20.63, 20.63, 8.38, 20.00, 4.63, 13.33, 12.51, 166.19, 48.85, 48.30, -87.05, 69.51, 0, 0
2.00, 5.70, 21.33, 21.33, 351.78, 20.00, 4.63, 15.56, 14.73, 181.41, 81.01, 45.26, -76.44, 58.27, 0, 0
2.00, 5.70, 21.99, 21.99, 711.29, 20.00, 4.63, 17.78, 16.95, 100.39, 127.86, 46.58, -63.70, 47.58, 0, 0
2.00, 5.70, 22.51, 22.51, 854.94, 20.00, 4.63, 20.00, 19.18, 9.05, 152.90, 51.93, -46.90, 38.21, 0, 0
2.00, 5.70, 22.92, 22.92, 942.08, 20.00, 4.63, 21.67, 20.83, 0.58, 165.57, 60.23, -23.72, 31.58, 0, 0
2.00, 5.70, 23.27, 23.27, 1057.46, 20.00, 4.63, 23.33, 22.49, 0.00, 161.71, 70.42, 5.16, 29.72, 0, 0
2.00, 5.70, 23.57, 23.57, 1159.37, 20.00, 4.63, 23.89, 23.06, 0.10, 158.26, 81.73, 32.58, 33.45, 0, 0
2.00, 5.70, 23.80, 23.80, 1171.06, 20.00, 4.63, 24.44, 23.61, 0.00, 126.56, 0.00, 53.34, 41.24, 0, 0
2.00, 5.70, 23.98, 23.98, 1158.37, 20.00, 4.63, 23.89, 23.06, 0.00, 98.06, 0.00, 68.47, 51.19, 0, 0
2.00, 5.70, 24.12, 24.12, 1164.70, 20.00, 4.63, 23.33, 22.49, 0.00, 61.32, 0.00, 80.29, 62.13, 0, 0
2.00, 5.70, 24.23, 24.23, 1155.31, 20.00, 4.63, 21.67, 20.86, 0.00, 25.38, 0.00, 90.00, 73.46, 0, 0
2.00, 5.70, 24.24, 24.24, 1006.12, 20.00, 4.63, 20.56, 19.74, 0.00, 4.75, 0.00, 100.09, 84.77, 0, 0
2.00, 5.70, 24.23, 24.23, 920.30, 20.00, 4.63, 19.44, 18.63, 0.00, 0.00, 0.00, 0.00, 90.00, 0, 0
2.00, 5.70, 24.20, 24.20, 849.83, 20.00, 4.63, 18.33, 17.52, 0.00, 0.00, 0.00, 0.00, 90.00, 0, 0
2.00, 5.70, 24.10, 24.10, 651.50, 20.00, 4.63, 17.78, 16.97, 0.00, 0.00, 0.00, 0.00, 90.00, 0, 0
2.00, 5.70, 23.04, 23.04, -1219.11, 20.00, 4.63, 16.67, 15.86, 0.00, 0.00, 0.00, 0.00, 90.00, 0, 0
2.00, 5.70, 22.26, 22.26, -1529.08, 20.00, 4.63, 16.11, 15.30, 0.00, 0.00, 0.00, 0.00, 90.00, 0, 0
2.00, 5.70, 21.66, 21.66, -1811.07, 20.00, 4.63, 15.56, 14.75, 0.00, 0.00, 0.00, 0.00, 90.00, 0, 0
2.00, 5.70, 21.16, 21.16, -2076.68, 20.00, 4.63, 15.00, 14.19, 0.00, 0.00, 0.00, 0.00, 90.00, 0, 0
2.00, 5.70, 20.64, 20.64, -2514.97, 20.00, 4.63, 13.89, 13.08, 0.00, 0.00, 0.00, 0.00, 90.00, 0, 0
2.00, 5.70, 20.19, 20.19, -2773.03, 20.00, 4.63, 13.33, 12.53, 0.00, 0.00, 0.00, 0.00, 90.00, 0, 0
2.00, 5.70, 19.78, 19.78, -3025.68, 20.00, 4.63, 12.78, 11.98, 0.00, 0.00, 0.00, 0.00, 90.00, 0, 0
2.00, 5.70, 19.48, 19.48, -3068.07, 20.00, 4.63, 12.78, 11.98, 0.00, 2.38, 0.00, 0.00, 90.00, 0, 0
2.00, 5.70, 20.35, 20.35, -59.08, 20.00, 4.63, 14.44, 13.66, 169.71, 21.77, 54.65, -96.44, 81.05, 0, 0
2.00, 5.70, 20.94, 20.94, -3.75, 20.00, 4.63, 15.56, 14.77, 65.77, 36.46, 47.94, -86.71, 69.69, 0, 0
2.00, 5.70, 21.40, 21.40, 114.68, 20.00, 4.63, 16.67, 15.88, 35.96, 51.81, 44.90, -76.08, 58.45, 0, 0
2.00, 5.70, 21.78, 21.78, 279.09, 20.00, 4.63, 18.33, 17.54, 13.95, 68.94, 46.25, -63.30, 47.79, 0, 0
2.00, 5.70, 22.14, 22.14, 468.00, 20.00, 4.63, 19.44, 18.67, 2.44, 97.15, 51.65, -46.48, 38.47, 0, 0
2.00, 5.70, 22.51, 22.51, 713.95, 20.00, 4.63, 21.67, 20.88, 0.42, 135.22, 60.00, -23.39, 31.90, 0, 0
2.00, 5.70, 22.86, 22.86, 879.79, 20.00, 4.63, 22.78, 21.99, 0.04, 155.03, 70.22, 5.24, 30.08, 0, 0
2.00, 5.70, 23.15, 23.15, 974.75, 20.00, 4.63, 23.89, 23.10, 0.07, 134.06, 81.57, 32.42, 33.80, 0, 0
2.00, 5.70, 23.37, 23.37, 980.98, 20.00, 4.63, 24.44, 23.65, 0.00, 103.62, 0.00, 53.08, 41.56, 0, 0
2.00, 5.70, 23.58, 23.58, 1066.19, 20.00, 4.63, 24.44, 23.67, 0.00, 99.99, 0.00, 68.20, 51.48, 0, 0
2.00, 5.70, 23.83, 23.83, 1239.71, 20.00, 4.63, 23.89, 23.12, 0.00, 79.56, 0.00, 80.03, 62.42, 0, 0
2.00, 5.70, 24.11, 24.11, 1432.14, 20.00, 4.63, 23.33, 22.56, 0.00, 42.63, 0.00, 90.00, 73.74, 0, 0
2.00, 5.70, 24.17, 24.17, 1116.74, 20.00, 4.63, 22.22, 21.46, 0.00, 14.26, 0.00, 99.86, 85.06, 0, 0
2.00, 5.70, 24.17, 24.17, 1004.78, 20.00, 4.63, 21.11, 20.36, 0.00, 0.79, 0.00, 0.00, 90.00, 0, 0
2.00, 5.70, 24.16, 24.16, 953.98, 20.00, 4.63, 20.56, 19.80, 0.00, 0.00, 0.00, 0.00, 90.00, 0, 0
2.00, 5.70, 24.08, 24.08, 758.75, 20.00, 4.63, 20.00, 19.25, 0.00, 0.00, 0.00, 0.00, 90.00, 0, 0
2.00, 5.70, 23.39, 23.39, -316.83, 20.00, 4.63, 19.44, 18.70, 0.00, 0.00, 0.00, 0.00, 90.00, 0, 0
2.00, 5.70, 22.85, 22.85, -589.87, 20.00, 4.63, 18.89, 18.16, 0.00, 0.00, 0.00, 0.00, 90.00, 0, 0
2.00, 5.70, 22.49, 22.49, -666.76, 20.00, 4.63, 18.89, 18.14, 0.00, 0.00, 0.00, 0.00, 90.00, 0, 0
2.00, 5.70, 22.24, 22.24, -724.66, 20.00, 4.63, 18.89, 18.12, 0.00, 0.00, 0.00, 0.00, 90.00, 0, 0
2.00, 5.70, 21.99, 21.99, -947.49, 20.00, 4.63, 18.33, 17.57, 0.00, 0.00, 0.00, 0.00, 90.00, 0, 0
2.00, 5.70, 21.80, 21.80, -992.28, 20.00, 4.63, 18.33, 17.57, 0.00, 0.00, 0.00, 0.00, 90.00, 0, 0
2.00, 5.70, 21.66, 21.66, -1029.27, 20.00, 4.63, 18.33, 17.59, 0.00, 0.00, 0.00, 0.00, 90.00, 0, 0
2.00, 5.70, 21.58, 21.58, -968.97, 20.00, 4.63, 18.33, 17.61, 0.00, 2.38, 0.00, 0.00, 90.00, 0, 0
2.00, 5.70, 21.99, 21.99, 197.83, 20.00, 4.63, 18.89, 18.17, 0.00, 10.30, 54.31, -96.12, 81.23, 0, 0
2.00, 5.70, 22.34, 22.34, 373.47, 20.00, 4.63, 20.00, 19.28, 19.38, 28.40, 47.58, -86.37, 69.87, 0, 0
2.00, 5.70, 22.72, 22.72, 655.66, 20.00, 4.63, 21.67, 20.94, 61.61, 57.85, 44.53, -75.71, 58.64, 0, 0
2.00, 5.70, 23.10, 23.10, 898.66, 20.00, 4.63, 23.33, 22.61, 35.31, 87.99, 45.92, -62.90, 48.01, 0, 0
2.00, 5.70, 23.42, 23.42, 995.42, 20.00, 4.63, 24.44, 23.70, 2.23, 95.59, 51.37, -46.07, 38.73, 0, 0
2.00, 5.70, 23.64, 23.64, 990.74, 20.00, 4.63, 25.00, 24.25, 0.08, 75.80, 59.77, -23.06, 32.23, 0, 0
2.00, 5.70, 23.84, 23.84, 1053.05, 20.00, 4.63, 25.56, 24.80, 0.01, 75.54, 70.03, 5.32, 30.45, 0, 0
2.00, 5.70, 24.06, 24.06, 1186.03, 20.00, 4.63, 26.11, 25.37, 0.04, 99.76, 81.41, 32.27, 34.16, 0, 0
2.00, 5.70, 24.22, 24.22, 1190.00, 20.00, 4.63, 26.67, 25.91, 0.00, 75.43, 0.00, 52.83, 41.89, 0, 0
2.00, 5.70, 24.26, 24.26, 997.58, 20.00, 4.63, 25.56, 24.80, 0.00, 20.64, 0.00, 67.93, 51.78, 0, 0
2.00, 5.70, 24.30, 24.30, 996.90, 20.00, 4.63, 25.00, 24.23, 0.00, 7.13, 0.00, 79.78, 62.70, 0, 0
2.00, 5.70, 24.42, 24.42, 1152.66, 20.00, 4.63, 23.89, 23.14, 0.00, 8.71, 0.00, 90.00, 74.02, 0, 0
2.00, 5.70, 24.51, 24.51, 1132.56, 20.00, 4.63, 23.33, 22.59, 0.00, 3.17, 0.00, 99.62, 85.34, 0, 0
2.00, 5.70, 24.57, 24.57, 1109.94, 20.00, 4.63, 22.78, 22.03, 0.00, 0.00, 0.00, 0.00, 90.00, 0, 0
2.00, 5.70, 24.61, 24.61, 1067.30, 20.00, 4.63, 21.67, 20.93, 0.00, 0.00, 0.00, 0.00, 90.00, 0, 0
2.00, 5.70, 24.53, 24.53, 841.60, 20.00, 4.63, 21.11, 20.36, 0.00, 0.00, 0.00, 0.00, 90.00, 0, 0
2.00, 5.70, 23.85, 23.85, -103.49, 20.00, 4.63, 20.00, 19.25, 0.00, 0.00, 0.00, 0.00, 90.00, 0, 0
2.00, 5.70, 23.33, 23.33, -369.74, 20.00, 4.63, 19.44, 18.69, 0.00, 0.00, 0.00, 0.00, 90.00, 0, 0
2.00, 5.70, 22.82, 22.82, -796.06, 20.00, 4.63, 18.33, 17.59, 0.00, 0.00, 0.00, 0.00, 90.00, 0, 0
2.00, 5.70, 22.32, 22.32, -1222.22, 20.00, 4.63, 17.22, 16.48, 0.00, 0.00, 0.00, 0.00, 90.00, 0, 0
2.00, 5.70, 21.81, 21.81, -1650.33, 20.00, 4.63, 16.11, 15.37, 0.00, 0.00, 0.00, 0.00, 90.00, 0, 0
2.00, 5.70, 21.29, 21.29, -2081.78, 20.00, 4.63, 15.00, 14.26, 0.00, 0.00, 0.00, 0.00, 90.00, 0, 0
2.00, 5.70, 20.77, 20.77, -2517.39, 20.00, 4.63, 13.89, 13.14, 0.00, 0.00, 0.00, 0.00, 90.00, 0, 0
2.00, 5.70, 20.44, 20.44, -2494.74, 20.00, 4.63, 13.89, 13.14, 0.00, 2.38, 0.00, 0.00, 90.00, 0, 0
2.00, 5.70, 21.25, 21.25, 194.71, 20.00, 4.63, 15.56, 14.80, 164.35, 18.96, 53.97, -95.79, 81.41, 0, 0
2.00, 5.70, 21.88, 21.88, 402.15, 20.00, 4.63, 17.22, 16.46, 126.21, 43.40, 47.21, -86.03, 70.05, 0, 0
2.00, 5.70, 22.50, 22.50, 796.67, 20.00, 4.63, 19.44, 18.69, 181.51, 80.81, 44.17, -75.33, 58.83, 0, 0
2.00, 5.70, 22.91, 22.91, 773.31, 20.00, 4.63, 20.56, 19.80, 33.29, 81.05, 45.58, -62.49, 48.22, 0, 0
2.00, 5.70, 23.20, 23.20, 764.84, 20.00, 4.63, 21.11, 20.35, 0.74, 74.64, 51.08, -45.66, 39.00, 0, 0
2.00, 5.70, 23.41, 23.41, 783.96, 20.00, 4.63, 21.67, 20.89, 0.04, 65.96, 59.53, -22.74, 32.55, 0, 0
2.00, 5.70, 23.63, 23.63, 916.80, 20.00, 4.63, 22.22, 21.46, 0.10, 93.15, 69.84, 5.41, 30.81, 0, 0
2.00, 5.70, 23.82, 23.82, 963.13, 20.00, 4.63, 22.78, 22.01, 0.02, 86.11, 81.24, 32.11, 34.52, 0, 0
2.00, 5.70, 23.97, 23.97, 990.11, 20.00, 4.63, 22.78, 22.01, 0.00, 83.38, 0.00, 52.58, 42.22, 0, 0
2.00, 5.70, 24.15, 24.15, 1097.26, 20.00, 4.63, 23.33, 22.56, 0.00, 88.51, 0.00, 67.66, 52.09, 0, 0
2.00, 5.70, 24.36, 24.36, 1254.31, 20.00, 4.63, 23.33, 22.57, 0.00, 70.36, 0.00, 79.52, 62.99, 0, 0
2.00, 5.70, 24.63, 24.63, 1472.85, 20.00, 4.63, 22.78, 22.01, 0.00, 44.46, 0.00, 90.00, 74.30, 0, 0
2.00, 5.70, 24.68, 24.68, 1182.31, 20.00, 4.63, 21.67, 20.91, 0.00, 15.84, 0.00, 99.39, 85.63, 0, 0
2.00, 5.70, 24.69, 24.69, 1079.40, 20.00, 4.63, 20.56, 19.80, 0.00, 0.79, 0.00, 0.00, 90.00, 0, 0
2.00, 5.70, 24.69, 24.69, 1037.27, 20.00, 4.63, 20.00, 19.25, 0.00, 0.00, 0.00, 0.00, 90.00, 0, 0
2.00, 5.70, 24.57, 24.57, 773.02, 20.00, 4.63, 18.89, 18.14, 0.00, 0.00, 0.00, 0.00, 90.00, 0, 0
2.00, 5.70, 23.66, 23.66, -616.24, 20.00, 4.63, 18.33, 17.59, 0.00, 0.00, 0.00, 0.00, 90.00, 0, 0
2.00, 5.70, 22.91, 22.91, -1087.37, 20.00, 4.63, 17.22, 16.48, 0.00, 0.00, 0.00, 0.00, 90.00, 0, 0
2.00, 5.70, 22.40, 22.40, -1185.34, 20.00, 4.63, 17.22, 16.46, 0.00, 0.00, 0.00, 0.00, 90.00, 0, 0
2.00, 5.70, 22.05, 22.05, -1259.09, 20.00, 4.63, 17.22, 16.46, 0.00, 0.00, 0.00, 0.00, 90.00, 0, 0
2.00, 5.70, 21.71, 21.71, -1496.56, 20.00, 4.63, 16.67, 15.92, 0.00, 0.00, 0.00, 0.00, 90.00, 0, 0
2.00, 5.70, 21.46, 21.46, -1551.92, 20.00, 4.63, 16.67, 15.92, 0.00, 0.00, 0.00, 0.00, 90.00, 0, 0
2.00, 5.70, 21.19, 21.19, -1777.99, 20.00, 4.63, 16.11, 15.37, 0.00, 0.00, 0.00, 0.00, 90.00, 0, 0
2.00, 5.70, 21.00, 21.00, -1808.05, 20.00, 4.63, 16.11, 15.37, 0.00, 1.58, 0.00, 0.00, 90.00, 0, 0
2.00, 5.70, 21.52, 21.52, -60.28, 20.00, 4.63, 16.67, 15.93, 0.00, 7.92, 53.62, -95.46, 81.59, 0, 0
2.00, 5.70, 22.09, 22.09, 414.54, 20.00, 4.63, 18.89, 18.14, 147.31, 43.43, 46.85, -85.68, 70.23, 0, 0
2.00, 5.70, 22.65, 22.65, 774.55, 20.00, 4.63, 21.11, 20.36, 183.63, 77.13, 43.79, -74.96, 59.02, 0, 0
2.00, 5.70, 23.13, 23.13, 979.23, 20.00, 4.63, 22.78, 22.03, 80.22, 106.56, 45.24, -62.09, 48.44, 0, 0
2.00, 5.70, 23.56, 23.56, 1161.45, 20.00, 4.63, 25.00, 24.23, 6.37, 132.68, 50.80, -45.24, 39.26, 0, 0
2.00, 5.70, 23.86, 23.86, 1138.99, 20.00, 4.63, 26.11, 25.33, 0.43, 111.44, 59.30, -22.41, 32.88, 0, 0
2.00, 5.70, 24.09, 24.09, 1182.37, 20.00, 4.63, 26.67, 25.90, 0.18, 104.13, 69.64, 5.50, 31.19, 0, 0
2.00, 5.70, 24.33, 24.33, 1288.57, 20.00, 4.63, 27.22, 26.44, 0.06, 110.21, 81.08, 31.97, 34.88, 0, 0
2.00, 5.70, 24.51, 24.51, 1301.51, 20.00, 4.63, 27.22, 26.44, 0.00, 98.67, 0.00, 52.33, 42.55, 0, 0
2.00, 5.70, 24.61, 24.61, 1222.56, 20.00, 4.63, 27.22, 26.44, 0.00, 59.98, 0.00, 67.39, 52.40, 0, 0
2.00, 5.70, 24.72, 24.72, 1252.25, 20.00, 4.63, 26.11, 25.33, 0.00, 47.66, 0.00, 79.26, 63.29, 0, 0
2.00, 5.70, 24.86, 24.86, 1361.17, 20.00, 4.63, 25.56, 24.78, 0.00, 23.47, 0.00, 90.00, 74.59, 0, 0
2.00, 5.70, 24.91, 24.91, 1231.91, 20.00, 4.63, 24.44, 23.67, 0.00, 5.54, 0.00, 99.16, 85.92, 0, 0
2.00, 5.70, 24.93, 24.93, 1168.13, 20.00, 4.63, 23.33, 22.56, 0.00, 0.79, 0.00, 0.00, 90.00, 0, 0
2.00, 5.70, 24.93, 24.93, 1113.35, 20.00, 4.63, 22.22, 21.44, 0.00, 0.00, 0.00, 0.00, 90.00, 0, 0
2.00, 5.70, 24.85, 24.85, 913.27, 20.00, 4.63, 21.11, 20.33, 0.00, 0.00, 0.00, 0.00, 90.00, 0, 0
2.00, 5.70, 24.13, 24.13, -30.59, 20.00, 4.63, 20.00, 19.22, 0.00, 0.00, 0.00, 0.00, 90.00, 0, 0
2.00, 5.70, 23.50, 23.50, -474.29, 20.00, 4.63, 18.89, 18.10, 0.00, 0.00, 0.00, 0.00, 90.00, 0, 0
2.00, 5.70, 22.92, 22.92, -911.28, 20.00, 4.63, 17.78, 16.99, 0.00, 0.00, 0.00, 0.00, 90.00, 0, 0
2.00, 5.70, 22.37, 22.37, -1346.45, 20.00, 4.63, 16.67, 15.88, 0.00, 0.00, 0.00, 0.00, 90.00, 0, 0
2.00, 5.70, 21.83, 21.83, -1782.56, 20.00, 4.63, 15.56, 14.77, 0.00, 0.00, 0.00, 0.00, 90.00, 0, 0
2.00, 5.70, 21.21, 21.21, -2403.83, 20.00, 4.63, 13.89, 13.11, 0.00, 0.00, 0.00, 0.00, 90.00, 0, 0
2.00, 5.70, 20.61, 20.61, -2855.07, 20.00, 4.63, 12.78, 12.00, 0.00, 0.00, 0.00, 0.00, 90.00, 0, 0
2.00, 5.70, 20.19, 20.19, -2915.65, 20.00, 4.63, 12.78, 12.00, 0.00, 2.38, 0.00, 0.00, 90.00, 0, 0
2.00, 5.70, 21.17, 21.17, 305.93, 20.00, 4.63, 14.44, 13.66, 312.01, 23.62, 53.27, -95.13, 81.77, 0, 0
2.00, 5.70, 22.10, 22.10, 870.85, 20.00, 4.63, 16.67, 15.88, 431.60, 64.73, 46.47, -85.33, 70.41, 0, 0
2.00, 5.70, 22.93, 22.93, 1304.38, 20.00, 4.63, 19.44, 18.65, 435.32, 104.45, 43.42, -74.58, 59.22, 0, 0
2.00, 5.70, 23.55, 23.55, 1383.86, 20.00, 4.63, 21.67, 20.88, 151.65, 132.27, 44.90, -61.68, 48.66, 0, 0
2.00, 5.70, 24.01, 24.01, 1441.96, 20.00, 4.63, 23.33, 22.54, 9.67, 156.33, 50.51, -44.83, 39.53, 0, 0
2.00, 5.70, 24.40, 24.40, 1565.41, 20.00, 4.63, 25.56, 24.74, 1.83, 184.52, 59.07, -22.08, 33.21, 0, 0
2.00, 5.70, 24.76, 24.76, 1704.08, 20.00, 4.63, 27.22, 26.40, 1.54, 198.93, 69.45, 5.59, 31.56, 0, 0
2.00, 5.70, 25.00, 25.00, 1716.14, 20.00, 4.63, 28.33, 27.50, 0.33, 190.61, 80.91, 31.82, 35.25, 0, 0
2.00, 5.70, 25.00, 25.00, 1721.81, 20.00, 4.63, 28.89, 28.06, 0.00, 167.35, 0.00, 52.09, 42.89, 0, 0
2.00, 5.70, 25.00, 25.00, 1750.27, 20.00, 4.63, 28.89, 28.06, 0.00, 128.81, 0.00, 67.13, 52.71, 0, 0
2.00, 5.70, 25.00, 25.00, 1768.23, 20.00, 4.63, 27.78, 26.95, 0.00, 81.49, 0.00, 79.00, 63.59, 0, 0
2.00, 5.70, 25.00, 25.00, 1733.62, 20.00, 4.63, 26.11, 25.29, 0.00, 33.35, 0.00, 90.00, 74.89, 0, 0
2.00, 5.70, 25.00, 25.00, 1465.16, 20.00, 4.63, 24.44, 23.63, 0.00, 7.92, 0.00, 98.93, 86.22, 0, 0
2.00, 5.70, 25.00, 25.00, 1373.50, 20.00, 4.63, 23.33, 22.52, 0.00, 0.79, 0.00, 0.00, 90.00, 0, 0
2.00, 5.70, 25.00, 25.00, 1279.30, 20.00, 4.63, 21.67, 20.86, 0.00, 0.00, 0.00, 0.00, 90.00, 0, 0
2.00, 5.70, 25.02, 25.02, 1083.02, 20.00, 4.63, 20.56, 19.74, 0.00, 0.00, 0.00, 0.00, 90.00, 0, 0
2.00, 5.70, 24.20, 24.20, -192.99, 20.00, 4.63, 18.89, 18.06, 0.00, 0.00, 0.00, 0.00, 90.00, 0, 0
2.00, 5.70, 23.50, 23.50, -658.33, 20.00, 4.63, 17.78, 16.95, 0.00, 0.00, 0.00, 0.00, 90.00, 0, 0
2.00, 5.70, 22.86, 22.86, -1114.44, 20.00, 4.63, 16.67, 15.84, 0.00, 0.00, 0.00, 0.00, 90.00, 0, 0
2.00, 5.70, 22.27, 22.27, -1566.97, 20.00, 4.63, 15.56, 14.73, 0.00, 0.00, 0.00, 0.00, 90.00, 0, 0
2.00, 5.70, 21.61, 21.61, -2201.63, 20.00, 4.63, 13.89, 13.08, 0.00, 0.00, 0.00, 0.00, 90.00, 0, 0
2.00, 5.70, 20.99, 20.99, -2664.21, 20.00, 4.63, 12.78, 11.96, 0.00, 0.00, 0.00, 0.00, 90.00, 0, 0
2.00, 5.70, 20.38, 20.38, -3127.57, 20.00, 4.63, 11.67, 10.84, 0.00, 0.00, 0.00, 0.00, 90.00, 0, 0
2.00, 5.70, 19.85, 19.85, -3399.64, 20.00, 4.63, 11.11, 10.29, 0.00, 0.00, 0.00, 0.00, 90.00, 0, 0
2.00, 5.70, 20.93, 20.93, 241.40, 20.00, 4.63, 12.78, 11.94, 276.56, 22.87, 52.92, -94.79, 81.95, 0, 0
2.00, 5.70, 21.82, 21.82, 644.24, 20.00, 4.63, 15.00, 14.17, 309.44, 56.85, 46.10, -84.97, 70.59, 0, 0
2.00, 5.70, 22.48, 22.48, 759.88, 20.00, 4.63, 16.67, 15.84, 201.49, 76.76, 43.05, -74.20, 59.41, 0, 0
2.00, 5.70, 22.99, 22.99, 876.00, 20.00, 4.63, 18.33, 17.50, 73.22, 99.61, 44.56, -61.27, 48.89, 0, 0
2.00, 5.70, 23.41, 23.41, 1027.40, 20.00, 4.63, 20.00, 19.18, 5.39, 125.99, 50.23, -44.42, 39.81, 0, 0
2.00, 5.70, 23.79, 23.79, 1171.37, 20.00, 4.63, 21.67, 20.83, 1.33, 152.32, 58.83, -21.76, 33.55, 0, 0
2.00, 5.70, 24.13, 24.13, 1323.71, 20.00, 4.63, 23.33, 22.49, 1.28, 167.86, 69.26, 5.68, 31.94, 0, 0
2.00, 5.70, 24.43, 24.43, 1415.77, 20.00, 4.63, 24.44, 23.61, 0.25, 162.82, 80.75, 31.68, 35.62, 0, 0
2.00, 5.70, 24.64, 24.64, 1394.75, 20.00, 4.63, 25.00, 24.15, 0.00, 134.08, 0.00, 51.85, 43.24, 0, 0
2.00, 5.70, 24.80, 24.80, 1373.68, 20.00, 4.63, 24.44, 23.61, 0.00, 105.18, 0.00, 66.87, 53.03, 0, 0
2.00, 5.70, 24.92, 24.92, 1371.60, 20.00, 4.63, 23.89, 23.06, 0.00, 64.87, 0.00, 78.74, 63.89, 0, 0
2.00, 5.70, 25.00, 25.00, 1469.23, 20.00, 4.63, 22.78, 21.95, 0.00, 34.25, 0.00, 90.00, 75.18, 0, 0
2.00, 5.70, 25.00, 25.00, 1207.24, 20.00, 4.63, 21.11, 20.29, 0.00, 9.50, 0.00, 98.69, 86.52, 0, 0
2.00, 5.70, 24.98, 24.98, 1107.93, 20.00, 4.63, 20.00, 19.18, 0.00, 0.00, 0.00, 0.00, 90.00, 0, 0
2.00, 5.70, 24.97, 24.97, 1061.56, 20.00, 4.63, 19.44, 18.63, 0.00, 0.00, 0.00, 0.00, 90.00, 0, 0
2.00, 5.70, 24.86, 24.86, 851.43, 20.00, 4.63, 18.33, 17.52, 0.00, 0.00, 0.00, 0.00, 90.00, 0, 0
2.00, 5.70, 23.86, 23.86, -687.36, 20.00, 4.63, 17.78, 16.97, 0.00, 0.00, 0.00, 0.00, 90.00, 0, 0
2.00, 5.70, 23.05, 23.05, -1165.57, 20.00, 4.63, 16.67, 15.86, 0.00, 0.00, 0.00, 0.00, 90.00, 0, 0
2.00, 5.70, 22.42, 22.42, -1449.65, 20.00, 4.63, 16.11, 15.30, 0.00, 0.00, 0.00, 0.00, 90.00, 0, 0
2.00, 5.70, 21.91, 21.91, -1717.85, 20.00, 4.63, 15.56, 14.73, 0.00, 0.00, 0.00, 0.00, 90.00, 0, 0
2.00, 5.70, 21.46, 21.46, -1976.34, 20.00, 4.63, 15.00, 14.19, 0.00, 0.00, 0.00, 0.00, 90.00, 0, 0
2.00, 5.70, 21.05, 21.05, -2229.09, 20.00, 4.63, 14.44, 13.64, 0.00, 0.00, 0.00, 0.00, 90.00, 0, 0
2.00, 5.70, 20.59, 20.59, -2661.92, 20.00, 4.63, 13.33, 12.53, 0.00, 0.00, 0.00, 0.00, 90.00, 0, 0
2.00, 5.70, 20.25, 20.25, -2727.41, 20.00, 4.63, 13.33, 12.53, 0.00, 0.00, 0.00, 0.00, 90.00, 0, 0
2.00, 5.70, 21.03, 21.03, -52.02, 20.00, 4.63, 14.44, 13.66, 75.07, 14.57, 52.57, -94.45, 82.13, 0, 0
2.00, 5.70, 21.69, 21.69, 257.26, 20.00, 4.63, 16.11, 15.32, 124.85, 40.90, 45.72, -84.62, 70.77, 0, 0
2.00, 5.70, 22.44, 22.44, 894.31, 20.00, 4.63, 18.89, 18.10, 302.64, 91.22, 42.67, -73.82, 59.61, 0, 0
2.00, 5.70, 22.97, 22.97, 938.59, 20.00, 4.63, 20.56, 19.76, 90.40, 107.08, 44.22, -60.86, 49.11, 0, 0
2.00, 5.70, 23.39, 23.39, 1033.48, 20.00, 4.63, 22.22, 21.44, 4.78, 121.90, 49.94, -44.00, 40.08, 0, 0
2.00, 5.70, 23.77, 23.77, 1194.29, 20.00, 4.63, 23.89, 23.10, 1.45, 149.49, 58.60, -21.43, 33.89, 0, 0
2.00, 5.70, 24.12, 24.12, 1349.70, 20.00, 4.63, 25.56, 24.76, 1.47, 163.39, 69.07, 5.77, 32.32, 0, 0
2.00, 5.70, 24.41, 24.41, 1417.70, 20.00, 4.63, 26.67, 25.88, 0.22, 145.36, 80.59, 31.55, 36.00, 0, 0
2.00, 5.70, 24.60, 24.60, 1364.70, 20.00, 4.63, 26.67, 25.88, 0.00, 112.80, 0.00, 51.61, 43.58, 0, 0
2.00, 5.70, 24.75, 24.75, 1373.34, 20.00, 4.63, 26.67, 25.88, 0.00, 94.65, 0.00, 66.60, 53.35, 0, 0
2.00, 5.70, 24.96, 24.96, 1538.96, 20.00, 4.63, 26.11, 25.33, 0.00, 81.30, 0.00, 78.49, 64.19, 0, 0
2.00, 5.70, 25.00, 25.00, 1722.40, 20.00, 4.63, 25.00, 24.23, 0.00, 44.49, 0.00, 90.00, 75.48, 0, 0
2.00, 5.70, 25.00, 25.00, 1319.97, 20.00, 4.63, 23.33, 22.57, 0.00, 11.09, 0.00, 98.46, 86.82, 0, 0
2.00, 5.70, 25.00, 25.00, 1240.70, 20.00, 4.63, 22.78, 22.03, 0.00, 0.00, 0.00, 0.00, 90.00, 0, 0
2.00, 5.70, 25.00, 25.00, 1197.80, 20.00, 4.63, 22.22, 21.46, 0.00, 0.00, 0.00, 0.00, 90.00, 0, 0
2.00, 5.70, 24.96, 24.96, 1025.59, 20.00, 4.63, 21.67, 20.91, 0.00, 0.00, 0.00, 0.00, 90.00, 0, 0
2.00, 5.70, 24.40, 24.40, 408.64, 20.00, 4.63, 21.11, 20.36, 0.00, 0.00, 0.00, 0.00, 90.00, 0, 0
2.00, 5.70, 23.96, 23.96, 155.30, 20.00, 4.63, 20.56, 19.82, 0.00, 0.00, 0.00, 0.00, 90.00, 0, 0
2.00, 5.70, 23.58, 23.58, -86.51, 20.00, 4.63, 20.00, 19.25, 0.00, 0.00, 0.00, 0.00, 90.00, 0, 0
2.00, 5.70, 23.32, 23.32, -145.79, 20.00, 4.63, 20.00, 19.23, 0.00, 0.00, 0.00, 0.00, 90.00, 0, 0
2.00, 5.70, 23.06, 23.06, -369.31, 20.00, 4.63, 19.44, 18.69, 0.00, 0.00, 0.00, 0.00, 90.00, 0, 0
2.00, 5.70, 22.87, 22.87, -416.40, 20.00, 4.63, 19.44, 18.69, 0.00, 0.00, 0.00, 0.00, 90.00, 0, 0
2.00, 5.70, 22.73, 22.73, -455.82, 20.00, 4.63, 19.44, 18.70, 0.00, 0.00, 0.00, 0.00, 90.00, 0, 0
2.00, 5.70, 22.62, 22.62, -483.46, 20.00, 4.63, 19.44, 18.72, 0.00, 0.00, 0.00, 0.00, 90.00, 0, 0
2.00, 5.70, 22.97, 22.97, 373.65, 20.00, 4.63, 20.00, 19.27, 0.00, 6.34, 52.21, -94.11, 82.32, 0, 0
2.00, 5.70, 23.21, 23.21, 382.90, 20.00, 4.63, 20.00, 19.28, 0.00, 3.17, 45.34, -84.26, 70.96, 0, 0
2.00, 5.70, 23.39, 23.39, 444.40, 20.00, 4.63, 20.56, 19.83, 0.00, 11.88, 42.29, -73.44, 59.81, 0, 0
2.00, 5.70, 23.53, 23.53, 467.40, 20.00, 4.63, 20.56, 19.83, 0.00, 15.84, 43.87, -60.45, 49.34, 0, 0
2.00, 5.70, 23.66, 23.66, 517.18, 20.00, 4.63, 21.11, 20.38, 0.00, 21.38, 49.65, -43.59, 40.36, 0, 0
2.00, 5.70, 23.79, 23.79, 617.02, 20.00, 4.63, 21.67, 20.94, 0.02, 40.85, 58.37, -21.11, 34.23, 0, 0
2.00, 5.70, 23.96, 23.96, 763.25, 20.00, 4.63, 22.78, 22.04, 0.06, 63.59, 68.88, 5.86, 32.70, 0, 0
2.00, 5.70, 24.17, 24.17, 932.01, 20.00, 4.63, 23.89, 23.16, 0.04, 82.26, 80.43, 31.41, 36.38, 0, 0
2.00, 5.70, 24.38, 24.38, 1046.20, 20.00, 4.63, 25.00, 24.25, 0.00, 87.36, 0.00, 51.37, 43.93, 0, 0
2.00, 5.70, 24.56, 24.56, 1104.89, 20.00, 4.63, 25.56, 24.82, 0.00, 77.38, 0.00, 66.34, 53.67, 0, 0
2.00, 5.70, 24.80, 24.80, 1327.20, 20.00, 4.63, 26.11, 25.37, 0.00, 75.11, 0.00, 78.23, 64.50, 0, 0
2.00, 5.70, 25.00, 25.00, 1448.39, 20.00, 4.63, 26.11, 25.37, 0.00, 32.53, 0.00, 90.00, 75.79, 0, 0
2.00, 5.70, 25.00, 25.00, 1233.50, 20.00, 4.63, 25.56, 24.82, 0.00, 4.75, 0.00, 98.22, 87.13, 0, 0
2.00, 5.70, 25.00, 25.00, 1171.41, 20.00, 4.63, 24.44, 23.72, 0.00, 0.00, 0.00, 0.00, 90.00, 0, 0
2.00, 5.70, 25.00, 25.00, 1144.87, 20.00, 4.63, 23.89, 23.16, 0.00, 0.00, 0.00, 0.00, 90.00, 0, 0
2.00, 5.70, 25.00, 25.00, 989.06, 20.00, 4.63, 23.33, 22.61, 0.00, 0.00, 0.00, 0.00, 90.00, 0, 0
2.00, 5.70, 24.59, 24.59, 660.16, 20.00, 4.63, 22.22, 21.49, 0.00, 0.00, 0.00, 0.00, 90.00, 0, 0
2.00, 5.70, 24.24, 24.24, 428.19, 20.00, 4.63, 21.67, 20.93, 0.00, 0.00, 0.00, 0.00, 90.00, 0, 0
2.00, 5.70, 23.85, 23.85, 28.91, 20.00, 4.63, 20.56, 19.83, 0.00, 0.00, 0.00, 0.00, 90.00, 0, 0
2.00, 5.70, 23.51, 23.51, -200.14, 20.00, 4.63, 20.00, 19.27, 0.00, 0.00, 0.00, 0.00, 90.00, 0, 0
2.00, 5.70, 23.12, 23.12, -602.11, 20.00, 4.63, 18.89, 18.17, 0.00, 0.00, 0.00, 0.00, 90.00, 0, 0
2.00, 5.70, 22.77, 22.77, -833.96, 20.00, 4.63, 18.33, 17.61, 0.00, 0.00, 0.00, 0.00, 90.00, 0, 0
2.00, 5.70, 22.37, 22.37, -1241.90, 20.00, 4.63, 17.22, 16.49, 0.00, 0.00, 0.00, 0.00, 90.00, 0, 0
2.00, 5.70, 22.04, 22.04, -1397.95, 20.00, 4.63, 16.67, 15.95, 0.00, 0.00, 0.00, 0.00, 90.00, 0, 0
2.00, 5.70, 22.59, 22.59, 338.57, 20.00, 4.63, 17.78, 17.06, 53.78, 14.21, 51.85, -93.76, 82.50, 0, 0
2.00, 5.70, 23.03, 23.03, 486.76, 20.00, 4.63, 19.44, 18.72, 23.88, 32.35, 44.95, -83.90, 71.14, 0, 0
2.00, 5.70, 23.44, 23.44, 732.50, 20.00, 4.63, 21.11, 20.40, 44.65, 59.85, 41.90, -73.05, 60.01, 0, 0
2.00, 5.70, 23.85, 23.85, 996.00, 20.00, 4.63, 22.78, 22.06, 37.87, 91.03, 43.53, -60.04, 49.57, 0, 0
2.00, 5.70, 24.28, 24.28, 1274.09, 20.00, 4.63, 25.00, 24.27, 3.69, 122.71, 49.37, -43.17, 40.64, 0, 0
2.00, 5.70, 24.63, 24.63, 1384.18, 20.00, 4.63, 26.11, 25.38, 0.94, 131.23, 58.14, -20.79, 34.57, 0, 0
2.00, 5.70, 24.87, 24.87, 1351.91, 20.00, 4.63, 26.67, 25.91, 0.28, 94.56, 68.69, 5.95, 33.08, 0, 0
2.00, 5.70, 25.00, 25.00, 1250.23, 20.00, 4.63, 26.11, 25.37, 0.01, 75.54, 80.26, 31.28, 36.76, 0, 0
2.00, 5.70, 25.00, 25.00, 1141.82, 20.00, 4.63, 25.56, 24.80, 0.00, 43.92, 0.00, 51.14, 44.28, 0, 0
2.00, 5.70, 25.00, 25.00, 1160.28, 20.00, 4.63, 25.00, 24.25, 0.00, 55.89, 0.00, 66.08, 54.00, 0, 0
2.00, 5.70, 25.00, 25.00, 1204.54, 20.00, 4.63, 24.44, 23.70, 0.00, 46.09, 0.00, 77.97, 64.81, 0, 0
2.00, 5.70, 25.00, 25.00, 1383.72, 20.00, 4.63, 23.33, 22.59, 0.00, 30.57, 0.00, 90.00, 76.09, 0, 0
2.00, 5.70, 25.00, 25.00, 1226.68, 20.00, 4.63, 22.78, 22.04, 0.00, 8.71, 0.00, 97.99, 87.44, 0, 0
2.00, 5.70, 25.00, 25.00, 1148.37, 20.00, 4.63, 21.67, 20.93, 0.00, 0.00, 0.00, 0.00, 90.00, 0, 0
2.00, 5.70, 25.00, 25.00, 1116.02, 20.00, 4.63, 21.11, 20.36, 0.00, 0.00, 0.00, 0.00, 90.00, 0, 0
2.00, 5.70, 25.00, 25.00, 881.19, 20.00, 4.63, 20.00, 19.25, 0.00, 0.00, 0.00, 0.00, 90.00, 0, 0
2.00, 5.70, 24.17, 24.17, -365.40, 20.00, 4.63, 18.89, 18.14, 0.00, 0.00, 0.00, 0.00, 90.00, 0, 0
2.00, 5.70, 23.54, 23.54, -645.05, 20.00, 4.63, 18.33, 17.57, 0.00, 0.00, 0.00, 0.00, 90.00, 0, 0
2.00, 5.70, 22.96, 22.96, -1084.56, 20.00, 4.63, 17.22, 16.48, 0.00, 0.00, 0.00, 0.00, 90.00, 0, 0
2.00, 5.70, 22.48, 22.48, -1342.86, 20.00, 4.63, 16.67, 15.92, 0.00, 0.00, 0.00, 0.00, 90.00, 0, 0
2.00, 5.70, 21.98, 21.98, -1773.31, 20.00, 4.63, 15.56, 14.80, 0.00, 0.00, 0.00, 0.00, 90.00, 0, 0
2.00, 5.70, 21.55, 21.55, -2026.55, 20.00, 4.63, 15.00, 14.24, 0.00, 0.00, 0.00, 0.00, 90.00, 0, 0
2.00, 5.70, 21.06, 21.06, -2457.48, 20.00, 4.63, 13.89, 13.14, 0.00, 0.00, 0.00, 0.00, 90.00, 0, 0
2.00, 5.70, 20.67, 20.67, -2631.34, 20.00, 4.63, 13.33, 12.58, 0.00, 0.00, 0.00, 0.00, 90.00, 0, 0
2.00, 5.70, 21.49, 21.49, 104.86, 20.00, 4.63, 15.00, 14.24, 92.07, 15.25, 51.49, -93.41, 82.68, 0, 0
2.00, 5.70, 22.23, 22.23, 530.29, 20.00, 4.63, 17.22, 16.46, 182.46, 47.09, 44.57, -83.53, 71.33, 0, 0
2.00, 5.70, 23.02, 23.02, 1107.28, 20.00, 4.63, 20.00, 19.25, 325.87, 87.61, 41.52, -72.67, 60.21, 0, 0
2.00, 5.70, 23.69, 23.69, 1383.29, 20.00, 4.63, 22.78, 22.01, 158.68, 124.14, 43.18, -59.63, 49.81, 0, 0
2.00, 5.70, 24.27, 24.27, 1621.83, 20.00, 4.63, 25.00, 24.23, 9.36, 165.48, 49.08, -42.76, 40.92, 0, 0
2.00, 5.70, 24.73, 24.73, 1714.46, 20.00, 4.63, 27.22, 26.44, 3.06, 176.29, 57.90, -20.47, 34.92, 0, 0
2.00, 5.70, 25.11, 25.11, 1795.24, 20.00, 4.63, 28.33, 27.56, 2.70, 174.37, 68.50, 6.05, 33.47, 0, 0
2.00, 5.70, 25.00, 25.00, 1696.60, 20.00, 4.63, 28.89, 28.11, 0.36, 156.97, 80.10, 31.16, 37.14, 0, 0
2.00, 5.70, 25.00, 25.00, 1697.91, 20.00, 4.63, 29.44, 28.65, 0.00, 138.47, 0.00, 50.91, 44.64, 0, 0
2.00, 5.70, 25.00, 25.00, 1654.53, 20.00, 4.63, 28.89, 28.11, 0.00, 102.39, 0.00, 65.83, 54.33, 0, 0
2.00, 5.70, 25.00, 25.00, 1686.51, 20.00, 4.63, 27.78, 26.99, 0.00, 69.95, 0.00, 77.72, 65.13, 0, 0
2.00, 5.70, 25.00, 25.00, 1776.17, 20.00, 4.63, 26.11, 25.33, 0.00, 34.14, 0.00, 90.00, 76.40, 0, 0
2.00, 5.70, 25.00, 25.00, 1504.69, 20.00, 4.63, 25.00, 24.23, 0.00, 7.92, 0.00, 97.75, 87.75, 0, 0
2.00, 5.70, 25.00, 25.00, 1417.65, 20.00, 4.63, 23.89, 23.12, 0.00, 0.00, 0.00, 0.00, 90.00, 0, 0
2.00, 5.70, 25.00, 25.00, 1354.16, 20.00, 4.63, 22.78, 22.01, 0.00, 0.00, 0.00, 0.00, 90.00, 0, 0
2.00, 5.70, 25.11, 25.11, 1152.47, 20.00, 4.63, 22.22, 21.44, 0.00, 0.00, 0.00, 0.00, 90.00, 0, 0
2.00, 5.70, 24.60, 24.60, 514.84, 20.00, 4.63, 21.11, 20.33, 0.00, 0.00, 0.00, 0.00, 90.00, 0, 0
2.00, 5.70, 24.11, 24.11, 85.10, 20.00, 4.63, 20.00, 19.22, 0.00, 0.00, 0.00, 0.00, 90.00, 0, 0
2.00, 5.70, 23.63, 23.63, -343.53, 20.00, 4.63, 18.89, 18.10, 0.00, 0.00, 0.00, 0.00, 90.00, 0, 0
2.00, 5.70, 23.14, 23.14, -773.70, 20.00, 4.63, 17.78, 16.99, 0.00, 0.00, 0.00, 0.00, 90.00, 0, 0
2.00, 5.70, 22.64, 22.64, -1206.77, 20.00, 4.63, 16.67, 15.88, 0.00, 0.00, 0.00, 0.00, 90.00, 0, 0
2.00, 5.70, 22.12, 22.12, -1643.55, 20.00, 4.63, 15.56, 14.77, 0.00, 0.00, 0.00, 0.00, 90.00, 0, 0
2.00, 5.70, 21.60, 21.60, -2084.53, 20.00, 4.63, 14.44, 13.66, 0.00, 0.00, 0.00, 0.00, 90.00, 0, 0
2.00, 5.70, 21.06, 21.06, -2523.42, 20.00, 4.63, 13.33, 12.55, 0.00, 0.00, 0.00, 0.00, 90.00, 0, 0
2.00, 5.70, 21.95, 21.95, 440.14, 20.00, 4.63, 15.00, 14.22, 249.01, 18.58, 51.12, -93.06, 82.87, 0, 0
2.00, 5.70, 22.77, 22.77, 904.62, 20.00, 4.63, 17.78, 16.99, 323.90, 53.26, 44.18, -83.17, 71.51, 0, 0
2.00, 5.70, 23.61, 23.61, 1492.36, 20.00, 4.63, 20.56, 19.78, 451.52, 98.29, 41.13, -72.28, 60.41, 0, 0
2.00, 5.70, 24.29, 24.29, 1714.95, 20.00, 4.63, 22.78, 22.01, 225.97, 134.39, 42.83, -59.22, 50.04, 0, 0
2.00, 5.70, 24.83, 24.83, 1824.25, 20.00, 4.63, 25.00, 24.22, 10.78, 161.89, 48.79, -42.35, 41.21, 0, 0
2.00, 5.70, 25.24, 25.24, 1873.09, 20.00, 4.63, 27.22, 26.42, 3.79, 176.91, 57.67, -20.15, 35.27, 0, 0
2.00, 5.70, 25.58, 25.58, 1946.74, 20.00, 4.63, 28.33, 27.54, 3.70, 182.76, 68.31, 6.14, 33.86, 0, 0
2.00, 5.70, 25.00, 25.00, 1838.32, 20.00, 4.63, 29.44, 28.65, 0.54, 175.42, 79.94, 31.03, 37.53, 0, 0
2.00, 5.70, 25.00, 25.00, 1786.37, 20.00, 4.63, 29.44, 28.65, 0.00, 145.06, 0.00, 50.68, 45.00, 0, 0
2.00, 5.70, 25.00, 25.00, 1762.78, 20.00, 4.63, 28.89, 28.11, 0.00, 111.89, 0.00, 65.57, 54.67, 0, 0
2.00, 5.70, 25.00, 25.00, 1863.63, 20.00, 4.63, 28.33, 27.54, 0.00, 79.04, 0.00, 77.46, 65.45, 0, 0
2.00, 5.70, 25.00, 25.00, 1936.15, 20.00, 4.63, 26.67, 25.88, 0.00, 37.70, 0.00, 90.00, 76.72, 0, 0
2.00, 5.70, 25.00, 25.00, 1593.65, 20.00, 4.63, 25.56, 24.76, 0.00, 7.92, 0.00, 97.52, 88.06, 0, 0
2.00, 5.70, 25.00, 25.00, 1496.88, 20.00, 4.63, 24.44, 23.67, 0.00, 0.00, 0.00, 0.00, 90.00, 0, 0
2.00, 5.70, 25.00, 25.00, 1425.58, 20.00, 4.63, 23.33, 22.56, 0.00, 0.00, 0.00, 0.00, 90.00, 0, 0
2.00, 5.70, 25.20, 25.20, 1279.67, 20.00, 4.63, 22.78, 21.99, 0.00, 0.00, 0.00, 0.00, 90.00, 0, 0
2.00, 5.70, 24.81, 24.81, 798.33, 20.00, 4.63, 21.67, 20.89, 0.00, 0.00, 0.00, 0.00, 90.00, 0, 0
2.00, 5.70, 24.39, 24.39, 377.77, 20.00, 4.63, 20.56, 19.78, 0.00, 0.00, 0.00, 0.00, 90.00, 0, 0
2.00, 5.70, 23.96, 23.96, -45.50, 20.00, 4.63, 19.44, 18.67, 0.00, 0.00, 0.00, 0.00, 90.00, 0, 0
2.00, 5.70, 23.50, 23.50, -472.59, 20.00, 4.63, 18.33, 17.56, 0.00, 0.00, 0.00, 0.00, 90.00, 0, 0
2.00, 5.70, 23.10, 23.10, -725.37, 20.00, 4.63, 17.78, 16.99, 0.00, 0.00, 0.00, 0.00, 90.00, 0, 0
2.00, 5.70, 22.65, 22.65, -1152.46, 20.00, 4.63, 16.67, 15.88, 0.00, 0.00, 0.00, 0.00, 90.00, 0, 0
2.00, 5.70, 22.18, 22.18, -1586.14, 20.00, 4.63, 15.56, 14.79, 0.00, 0.00, 0.00, 0.00, 90.00, 0, 0
2.00, 5.70, 21.68, 21.68, -2019.32, 20.00, 4.63, 14.44, 13.68, 0.00, 0.00, 0.00, 0.00, 90.00, 0, 0
2.00, 5.70, 22.34, 22.34, 275.83, 20.00, 4.63, 16.11, 15.35, 0.00, 21.38, 50.76, -92.71, 83.05, 0, 0
2.00, 5.70, 23.15, 23.15, 1021.06, 20.00, 4.63, 18.89, 18.12, 322.64, 52.04, 43.79, -82.80, 71.70, 0, 0
2.00, 5.70, 23.99, 23.99, 1630.82, 20.00, 4.63, 21.67, 20.89, 458.22, 97.76, 40.74, -71.89, 60.61, 0, 0
2.00, 5.70, 24.67, 24.67, 1834.90, 20.00, 4.63, 23.89, 23.12, 223.65, 132.56, 42.49, -58.80, 50.28, 0, 0
2.00, 5.70, 25.22, 25.22, 1966.29, 20.00, 4.63, 26.11, 25.33, 9.95, 162.64, 48.50, -41.94, 41.50, 0, 0
2.00, 5.70, 25.62, 25.62, 1993.71, 20.00, 4.63, 27.78, 26.99, 3.90, 175.49, 57.44, -19.83, 35.62, 0, 0
2.00, 5.70, 25.95, 25.95, 2045.13, 20.00, 4.63, 28.89, 28.11, 3.48, 173.74, 68.12, 6.23, 34.25, 0, 0
2.00, 5.70, 25.00, 25.00, 1840.37, 20.00, 4.63, 29.44, 28.67, 0.43, 157.82, 79.78, 30.91, 37.91, 0, 0
2.00, 5.70, 25.00, 25.00, 1786.37, 20.00, 4.63, 29.44, 28.67, 0.00, 131.18, 0.00, 50.46, 45.36, 0, 0
2.00, 5.70, 25.00, 25.00, 1746.45, 20.00, 4.63, 28.89, 28.13, 0.00, 101.30, 0.00, 65.32, 55.00, 0, 0
2.00, 5.70, 25.00, 25.00, 1841.93, 20.00, 4.63, 28.33, 27.56, 0.00, 73.64, 0.00, 77.21, 65.77, 0, 0
2.00, 5.70, 25.00, 25.00, 1969.75, 20.00, 4.63, 26.67, 25.90, 0.00, 37.30, 0.00, 90.00, 77.03, 0, 0
2.00, 5.70, 25.00, 25.00, 1639.77, 20.00, 4.63, 26.11, 25.35, 0.00, 8.71, 0.00, 97.28, 88.38, 0, 0
2.00, 5.70, 25.00, 25.00, 1542.44, 20.00, 4.63, 25.00, 24.25, 0.00, 0.00, 0.00, 0.00, 90.00, 0, 0
2.00, 5.70, 25.00, 25.00, 1494.79, 20.00, 4.63, 24.44, 23.69, 0.00, 0.00, 0.00, 0.00, 90.00, 0, 0
2.00, 5.70, 25.28, 25.28, 1363.35, 20.00, 4.63, 23.89, 23.14, 0.00, 0.00, 0.00, 0.00, 90.00, 0, 0
2.00, 5.70, 25.14, 25.14, 1360.32, 20.00, 4.63, 23.33, 22.57, 0.00, 0.00, 0.00, 0.00, 90.00, 0, 0
2.00, 5.70, 24.96, 24.96, 1139.98, 20.00, 4.63, 22.78, 22.03, 0.00, 0.00, 0.00, 0.00, 90.00, 0, 0
2.00, 5.70, 24.69, 24.69, 745.61, 20.00, 4.63, 21.67, 20.91, 0.00, 0.00, 0.00, 0.00, 90.00, 0, 0
2.00, 5.70, 24.34, 24.34, 341.10, 20.00, 4.63, 20.56, 19.80, 0.00, 0.00, 0.00, 0.00, 90.00, 0, 0
2.00, 5.70, 24.03, 24.03, 104.38, 20.00, 4.63, 20.00, 19.23, 0.00, 0.00, 0.00, 0.00, 90.00, 0, 0
2.00, 5.70, 23.65, 23.65, -306.65, 20.00, 4.63, 18.89, 18.14, 0.00, 0.00, 0.00, 0.00, 90.00, 0, 0
2.00, 5.70, 23.22, 23.22, -726.18, 20.00, 4.63, 17.78, 17.03, 0.00, 0.00, 0.00, 0.00, 90.00, 0, 0
2.00, 5.70, 22.84, 22.84, -966.86, 20.00, 4.63, 17.22, 16.48, 0.00, 0.00, 0.00, 0.00, 90.00, 0, 0
2.00, 5.70, 23.38, 23.38, 568.24, 20.00, 4.63, 18.89, 18.16, 0.00, 19.01, 48.06, -90.00, 83.24, 0, 0
2.00, 5.70, 24.01, 24.01, 1152.46, 20.00, 4.63, 21.67, 20.93, 227.57, 46.89, 43.39, -82.43, 71.89, 0, 0
2.00, 5.70, 24.50, 24.50, 1261.18, 20.00, 4.63, 23.33, 22.61, 126.44, 69.06, 40.35, -71.50, 60.82, 0, 0
2.00, 5.70, 24.94, 24.94, 1479.28, 20.00, 4.63, 25.00, 24.27, 74.62, 98.31, 42.14, -58.39, 50.51, 0, 0
2.00, 5.70, 25.30, 25.30, 1568.51, 20.00, 4.63, 26.11, 25.38, 2.42, 111.05, 48.22, -41.53, 41.79, 0, 0
2.00, 5.70, 25.58, 25.58, 1613.56, 20.00, 4.63, 27.22, 26.48, 0.68, 107.81, 57.21, -19.52, 35.97, 0, 0
2.00, 5.70, 25.79, 25.79, 1617.78, 20.00, 4.63, 27.22, 26.48, 0.33, 98.20, 67.93, 6.33, 34.65, 0, 0
2.00, 5.70, 25.00, 25.00, 1411.09, 20.00, 4.63, 27.22, 26.48, 0.02, 75.40, 79.62, 30.79, 38.31, 0, 0
2.00, 5.70, 25.00, 25.00, 1363.87, 20.00, 4.63, 26.67, 25.93, 0.00, 65.55, 0.00, 50.23, 45.73, 0, 0
2.00, 5.70, 25.00, 25.00, 1331.38, 20.00, 4.63, 26.11, 25.37, 0.00, 60.28, 0.00, 65.07, 55.34, 0, 0
2.00, 5.70, 25.00, 25.00, 1472.22, 20.00, 4.63, 25.56, 24.82, 0.00, 63.81, 0.00, 76.96, 66.09, 0, 0
2.00, 5.70, 25.00, 25.00, 1526.40, 20.00, 4.63, 24.44, 23.72, 0.00, 27.01, 0.00, 87.28, 77.35, 0, 0
2.00, 5.70, 25.00, 25.00, 1359.24, 20.00, 4.63, 23.89, 23.16, 0.00, 3.96, 0.00, 97.04, 88.70, 0, 0
2.00, 5.70, 25.00, 25.00, 1286.87, 20.00, 4.63, 22.78, 22.06, 0.00, 0.00, 0.00, 0.00, 90.00, 0, 0
2.00, 5.70, 25.00, 25.00, 1248.32, 20.00, 4.63, 22.22, 21.51, 0.00, 0.00, 0.00, 0.00, 90.00, 0, 0
2.00, 5.70, 25.20, 25.20, 1111.18, 20.00, 4.63, 21.67, 20.94, 0.00, 0.00, 0.00, 0.00, 90.00, 0, 0
2.00, 5.70, 24.67, 24.67, 336.14, 20.00, 4.63, 20.56, 19.83, 0.00, 0.00, 0.00, 0.00, 90.00, 0, 0
2.00, 5.70, 24.24, 24.24, 83.94, 20.00, 4.63, 20.00, 19.28, 0.00, 0.00, 0.00, 0.00, 90.00, 0, 0
2.00, 5.70, 23.87, 23.87, -159.32, 20.00, 4.63, 19.44, 18.72, 0.00, 0.00, 0.00, 0.00, 90.00, 0, 0
2.00, 5.70, 23.53, 23.53, -397.67, 20.00, 4.63, 18.89, 18.16, 0.00, 0.00, 0.00, 0.00, 90.00, 0, 0
2.00, 5.70, 23.21, 23.21, -633.24, 20.00, 4.63, 18.33, 17.61, 0.00, 0.00, 0.00, 0.00, 90.00, 0, 0
2.00, 5.70, 22.90, 22.90, -867.51, 20.00, 4.63, 17.78, 17.06, 0.00, 0.00, 0.00, 0.00, 90.00, 0, 0
2.00, 5.70, 22.67, 22.67, -922.75, 20.00, 4.63, 17.78, 17.06, 0.00, 0.00, 0.00, 0.00, 90.00, 0, 0
2.00, 5.70, 22.41, 22.41, -1142.01, 20.00, 4.63, 17.22, 16.51, 0.00, 0.00, 0.00, 0.00, 90.00, 0, 0
2.00, 5.70, 22.92, 22.92, 299.53, 20.00, 4.63, 17.78, 17.06, 0.00, 3.17, 48.04, -90.00, 83.42, 0, 0
2.00, 5.70, 23.29, 23.29, 385.80, 20.00, 4.63, 18.33, 17.62, 0.00, 13.46, 43.00, -82.06, 72.08, 0, 0
2.00, 5.70, 23.54, 23.54, 382.34, 20.00, 4.63, 18.33, 17.62, 0.00, 6.34, 39.95, -71.10, 61.02, 0, 0
2.00, 5.70, 23.78, 23.78, 534.88, 20.00, 4.63, 19.44, 18.72, 2.53, 33.67, 41.79, -57.98, 50.76, 0, 0
2.00, 5.70, 24.06, 24.06, 785.28, 20.00, 4.63, 21.11, 20.38, 0.41, 76.32, 47.93, -41.12, 42.08, 0, 0
2.00, 5.70, 24.37, 24.37, 1011.06, 20.00, 4.63, 22.78, 22.04, 0.66, 106.28, 56.98, -19.21, 36.33, 0, 0
2.00, 5.70, 24.72, 24.72, 1276.84, 20.00, 4.63, 25.00, 24.25, 1.93, 139.51, 67.74, 6.42, 35.04, 0, 0
2.00, 5.70, 24.96, 24.96, 1244.85, 20.00, 4.63, 26.11, 25.37, 0.16, 109.39, 79.45, 30.68, 38.70, 0, 0
2.00, 5.70, 25.00, 25.00, 1155.66, 20.00, 4.63, 26.11, 25.37, 0.00, 69.05, 0.00, 50.02, 46.09, 0, 0
2.00, 5.70, 25.00, 25.00, 1034.70, 20.00, 4.63, 25.56, 24.80, 0.00, 33.83, 0.00, 64.82, 55.69, 0, 0
2.00, 5.70, 25.00, 25.00, 1143.23, 20.00, 4.63, 25.00, 24.25, 0.00, 41.91, 0.00, 76.70, 66.42, 0, 0
2.00, 5.70, 25.00, 25.00, 1358.42, 20.00, 4.63, 24.44, 23.70, 0.00, 29.35, 0.00, 87.04, 77.67, 0, 0
2.00, 5.70, 25.00, 25.00, 1184.99, 20.00, 4.63, 23.89, 23.14, 0.00, 6.34, 0.00, 96.80, 89.02, 0, 0
2.00, 5.70, 25.00, 25.00, 1116.14, 20.00, 4.63, 22.78, 22.03, 0.00, 0.00, 0.00, 0.00, 90.00, 0, 0
2.00, 5.70, 25.00, 25.00, 1063.39, 20.00, 4.63, 21.67, 20.91, 0.00, 0.00, 0.00, 0.00, 90.00, 0, 0
2.00, 5.70, 25.04, 25.04, 889.34, 20.00, 4.63, 20.56, 19.80, 0.00, 0.00, 0.00, 0.00, 90.00, 0, 0
2.00, 5.70, 24.38, 24.38, -17.27, 20.00, 4.63, 20.00, 19.23, 0.00, 0.00, 0.00, 0.00, 90.00, 0, 0
2.00, 5.70, 23.80, 23.80, -451.56, 20.00, 4.63, 18.89, 18.12, 0.00, 0.00, 0.00, 0.00, 90.00, 0, 0
2.00, 5.70, 23.24, 23.24, -882.68, 20.00, 4.63, 17.78, 17.01, 0.00, 0.00, 0.00, 0.00, 90.00, 0, 0
2.00, 5.70, 22.62, 22.62, -1493.99, 20.00, 4.63, 16.11, 15.35, 0.00, 0.00, 0.00, 0.00, 90.00, 0, 0
2.00, 5.70, 22.03, 22.03, -1936.61, 20.00, 4.63, 15.00, 14.22, 0.00, 0.00, 0.00, 0.00, 90.00, 0, 0
2.00, 5.70, 21.38, 21.38, -2563.71, 20.00, 4.63, 13.33, 12.56, 0.00, 0.00, 0.00, 0.00, 90.00, 0, 0
2.00, 5.70, 20.75, 20.75, -3019.41, 20.00, 4.63, 12.22, 11.45, 0.00, 0.00, 0.00, 0.00, 90.00, 0, 0
2.00, 5.70, 20.06, 20.06, -3656.98, 20.00, 4.63, 10.56, 9.78, 0.00, 0.00, 0.00, 0.00, 90.00, 0, 0
2.00, 5.70, 20.87, 20.87, -343.91, 20.00, 4.63, 11.67, 10.89, 0.00, 9.50, 48.02, -90.00, 83.61, 0, 0
2.00, 5.70, 21.53, 21.53, -69.39, 20.00, 4.63, 13.33, 12.56, 45.64, 33.38, 42.60, -81.69, 72.27, 0, 0
2.00, 5.70, 22.09, 22.09, 214.98, 20.00, 4.63, 15.56, 14.77, 64.11, 61.55, 39.56, -70.71, 61.23, 0, 0
2.00, 5.70, 22.55, 22.55, 379.98, 20.00, 4.63, 17.22, 16.45, 27.20, 77.65, 41.43, -57.56, 51.00, 0, 0
2.00, 5.70, 22.88, 22.88, 425.84, 20.00, 4.63, 17.78, 16.99, 0.37, 77.27, 47.64, -40.72, 42.38, 0, 0
2.00, 5.70, 23.15, 23.15, 521.43, 20.00, 4.63, 18.33, 17.56, 0.23, 88.03, 56.75, -18.90, 36.68, 0, 0
2.00, 5.70, 23.43, 23.43, 695.77, 20.00, 4.63, 19.44, 18.65, 0.92, 113.41, 67.55, 6.52, 35.44, 0, 0
2.00, 5.70, 23.72, 23.72, 879.26, 20.00, 4.63, 20.56, 19.76, 0.33, 133.03, 79.29, 30.57, 39.09, 0, 0
2.00, 5.70, 23.97, 23.97, 969.81, 20.00, 4.63, 21.67, 20.86, 0.00, 125.89, 0.00, 49.80, 46.46, 0, 0
2.00, 5.70, 24.18, 24.18, 1031.16, 20.00, 4.63, 21.67, 20.88, 0.00, 107.73, 0.00, 64.57, 56.03, 0, 0
2.00, 5.70, 24.31, 24.31, 974.09, 20.00, 4.63, 21.11, 20.31, 0.00, 55.26, 0.00, 76.45, 66.75, 0, 0
2.00, 5.70, 24.44, 24.44, 1038.68, 20.00, 4.63, 20.00, 19.22, 0.00, 26.12, 0.00, 86.79, 77.99, 0, 0
2.00, 5.70, 24.46, 24.46, 872.90, 20.00, 4.63, 18.89, 18.10, 0.00, 6.34, 0.00, 96.56, 89.35, 0, 0
2.00, 5.70, 24.46, 24.46, 812.71, 20.00, 4.63, 18.33, 17.54, 0.00, 0.00, 0.00, 0.00, 90.00, 0, 0
2.00, 5.70, 24.44, 24.44, 748.08, 20.00, 4.63, 17.22, 16.45, 0.00, 0.00, 0.00, 0.00, 90.00, 0, 0
2.00, 5.70, 24.32, 24.32, 528.28, 20.00, 4.63, 16.11, 15.33, 0.00, 0.00, 0.00, 0.00, 90.00, 0, 0
2.00, 5.70, 23.10, 23.10, -1630.21, 20.00, 4.63, 15.56, 14.77, 0.00, 0.00, 0.00, 0.00, 90.00, 0, 0
2.00, 5.70, 22.13, 22.13, -2133.99, 20.00, 4.63, 14.44, 13.66, 0.00, 0.00, 0.00, 0.00, 90.00, 0, 0
2.00, 5.70, 21.40, 21.40, -2432.90, 20.00, 4.63, 13.89, 13.09, 0.00, 0.00, 0.00, 0.00, 90.00, 0, 0
2.00, 5.70, 20.81, 20.81, -2710.93, 20.00, 4.63, 13.33, 12.53, 0.00, 0.00, 0.00, 0.00, 90.00, 0, 0
2.00, 5.70, 20.23, 20.23, -3160.88, 20.00, 4.63, 12.22, 11.44, 0.00, 0.00, 0.00, 0.00, 90.00, 0, 0
2.00, 5.70, 19.73, 19.73, -3427.14, 20.00, 4.63, 11.67, 10.87, 0.00, 0.00, 0.00, 0.00, 90.00, 0, 0
2.00, 5.70, 19.27, 19.27, -3686.90, 20.00, 4.63, 11.11, 10.31, 0.00, 0.00, 0.00, 0.00, 90.00, 0, 0
2.00, 5.70, 18.88, 18.88, -3862.56, 20.00, 4.63, 10.56, 9.76, 0.00, 0.00, 0.00, 0.00, 90.00, 0, 0
2.00, 5.70, 19.78, 19.78, -476.54, 20.00, 4.63, 12.22, 11.44, 0.00, 16.63, 48.00, -90.00, 83.80, 0, 0
2.00, 5.70, 20.81, 20.81, 417.24, 20.00, 4.63, 15.56, 14.77, 363.77, 56.70, 42.20, -81.32, 72.46, 0, 0
2.00, 5.70, 21.57, 21.57, 578.99, 20.00, 4.63, 17.78, 16.99, 228.41, 78.45, 39.16, -70.32, 61.44, 0, 0
2.00, 5.70, 22.18, 22.18, 775.02, 20.00, 4.63, 19.44, 18.65, 118.52, 104.79, 41.08, -57.15, 51.24, 0, 0
2.00, 5.70, 22.71, 22.71, 984.80, 20.00, 4.63, 21.67, 20.86, 3.91, 130.16, 47.36, -40.31, 42.67, 0, 0
2.00, 5.70, 23.17, 23.17, 1164.77, 20.00, 4.63, 23.33, 22.52, 3.68, 156.18, 56.52, -18.60, 37.04, 0, 0
2.00, 5.70, 23.55, 23.55, 1256.50, 20.00, 4.63, 24.44, 23.63, 3.50, 155.85, 67.37, 6.61, 35.84, 0, 0
2.00, 5.70, 23.88, 23.88, 1349.99, 20.00, 4.63, 25.56, 24.74, 0.55, 152.54, 79.13, 30.46, 39.49, 0, 0
2.00, 5.70, 24.10, 24.10, 1324.52, 20.00, 4.63, 25.56, 24.74, 0.00, 123.28, 0.00, 49.58, 46.84, 0, 0
2.00, 5.70, 24.26, 24.26, 1274.80, 20.00, 4.63, 25.00, 24.17, 0.00, 92.44, 0.00, 64.32, 56.38, 0, 0
2.00, 5.70, 24.41, 24.41, 1321.67, 20.00, 4.63, 23.89, 23.08, 0.00, 65.46, 0.00, 76.20, 67.08, 0, 0
2.00, 5.70, 24.57, 24.57, 1406.32, 20.00, 4.63, 22.78, 21.97, 0.00, 29.24, 0.00, 86.54, 78.31, 0, 0
2.00, 5.70, 24.57, 24.57, 1144.09, 20.00, 4.63, 21.11, 20.31, 0.00, 5.54, 0.00, 96.32, 89.67, 0, 0
2.00, 5.70, 24.56, 24.56, 1062.35, 20.00, 4.63, 20.00, 19.20, 0.00, 0.00, 0.00, 0.00, 90.00, 0, 0
2.00, 5.70, 24.53, 24.53, 998.67, 20.00, 4.63, 18.89, 18.09, 0.00, 0.00, 0.00, 0.00, 90.00, 0, 0
2.00, 5.70, 24.40, 24.40, 755.68, 20.00, 4.63, 18.33, 17.52, 0.00, 0.00, 0.00, 0.00, 90.00, 0, 0
2.00, 5.70, 23.36, 23.36, -966.87, 20.00, 4.63, 17.22, 16.41, 0.00, 0.00, 0.00, 0.00, 90.00, 0, 0
2.00, 5.70, 22.44, 22.44, -1635.67, 20.00, 4.63, 15.56, 14.75, 0.00, 0.00, 0.00, 0.00, 90.00, 0, 0
2.00, 5.70, 21.74, 21.74, -1933.16, 20.00, 4.63, 15.00, 14.19, 0.00, 0.00, 0.00, 0.00, 90.00, 0, 0
2.00, 5.70, 21.10, 21.10, -2392.78, 20.00, 4.63, 13.89, 13.08, 0.00, 0.00, 0.00, 0.00, 90.00, 0, 0
2.00, 5.70, 20.57, 20.57, -2665.85, 20.00, 4.63, 13.33, 12.51, 0.00, 0.00, 0.00, 0.00, 90.00, 0, 0
2.00, 5.70, 20.02, 20.02, -3113.85, 20.00, 4.63, 12.22, 11.42, 0.00, 0.00, 0.00, 0.00, 90.00, 0, 0
2.00, 5.70, 19.46, 19.46, -3566.08, 20.00, 4.63, 11.11, 10.31, 0.00, 0.00, 0.00, 0.00, 90.00, 0, 0
2.00, 5.70, 19.01, 19.01, -3755.00, 20.00, 4.63, 10.56, 9.75, 0.00, 0.00, 0.00, 0.00, 90.00, 0, 0
2.00, 5.70, 19.82, 19.82, -495.43, 20.00, 4.63, 10.56, 9.76, 0.00, 4.75, 47.99, -90.00, 83.99, 0, 0
2.00, 5.70, 20.41, 20.41, -340.05, 20.00, 4.63, 11.67, 10.87, 0.00, 19.80, 41.80, -80.94, 72.65, 0, 0
2.00, 5.70, 20.91, 20.91, -127.83, 20.00, 4.63, 13.33, 12.53, 11.29, 42.20, 38.76, -69.93, 61.65, 0, 0
2.00, 5.70, 21.26, 21.26, -81.68, 20.00, 4.63, 13.89, 13.09, 0.95, 37.89, 40.73, -56.74, 51.49, 0, 0
2.00, 5.70, 21.50, 21.50, -64.93, 20.00, 4.63, 13.89, 13.09, 0.00, 34.85, 47.07, -39.91, 42.97, 0, 0
2.00, 5.70, 21.67, 21.67, -54.23, 20.00, 4.63, 13.89, 13.09, 0.00, 33.27, 56.30, -18.29, 37.41, 0, 0
2.00, 5.70, 21.84, 21.84, 48.50, 20.00, 4.63, 14.44, 13.64, 0.06, 53.37, 67.18, 6.71, 36.24, 0, 0
2.00, 5.70, 21.97, 21.97, 85.89, 20.00, 4.63, 15.00, 14.19, 0.01, 51.02, 78.97, 30.35, 39.89, 0, 0
2.00, 5.70, 22.10, 22.10, 150.25, 20.00, 4.63, 15.00, 14.20, 0.00, 65.54, 0.00, 49.37, 47.21, 0, 0
2.00, 5.70, 22.21, 22.21, 178.37, 20.00, 4.63, 15.56, 14.75, 0.00, 58.87, 0.00, 64.08, 56.73, 0, 0
2.00, 5.70, 22.27, 22.27, 152.06, 20.00, 4.63, 15.00, 14.20, 0.00, 30.66, 0.00, 75.95, 67.41, 0, 0
2.00, 5.70, 22.41, 22.41, 333.07, 20.00, 4.63, 14.44, 13.66, 0.00, 19.32, 0.00, 86.30, 78.64, 0, 0
2.00, 5.70, 22.48, 22.48, 265.86, 20.00, 4.63, 14.44, 13.66, 0.00, 4.75, 0.00, 96.08, 90.00, 0, 0
2.00, 5.70, 22.51, 22.51, 216.31, 20.00, 4.63, 13.89, 13.09, 0.00, 0.00, 0.00, 0.00, 90.00, 0, 0
2.00, 5.70, 22.52, 22.52, 182.62, 20.00, 4.63, 13.33, 12.55, 0.00, 0.00, 0.00, 0.00, 90.00, 0, 0
2.00, 5.70, 22.41, 22.41, -55.11, 20.00, 4.63, 12.78, 11.98, 0.00, 0.00, 0.00, 0.00, 90.00, 0, 0
2.00, 5.70, 21.00, 21.00, -3133.47, 20.00, 4.63, 12.22, 11.44, 0.00, 0.00, 0.00, 0.00, 90.00, 0, 0
2.00, 5.70, 20.00, 20.00, -3474.65, 20.00, 4.63, 11.67, 10.87, 0.00, 0.00, 0.00, 0.00, 90.00, 0, 0
2.00, 5.70, 19.24, 19.24, -3778.93, 20.00, 4.63, 11.11, 10.33, 0.00, 0.00, 0.00, 0.00, 90.00, 0, 0
2.00, 5.70, 18.70, 18.70, -3874.53, 20.00, 4.63, 11.11, 10.31, 0.00, 0.00, 0.00, 0.00, 90.00, 0, 0
2.00, 5.70, 18.31, 18.31, -3948.24, 20.00, 4.63, 11.11, 10.31, 0.00, 0.00, 0.00, 0.00, 90.00, 0, 0
2.00, 5.70, 17.93, 17.93, -4194.46, 20.00, 4.63, 10.56, 9.76, 0.00, 0.00, 0.00, 0.00, 90.00, 0, 0
2.00, 5.70, 17.56, 17.56, -4439.60, 20.00, 4.63, 10.00, 9.22, 0.00, 0.00, 0.00, 0.00, 90.00, 0, 0
2.00, 5.70, 17.28, 17.28, -4489.78, 20.00, 4.63, 10.00, 9.22, 0.00, 0.00, 0.00, 0.00, 90.00, 0, 0
2.00, 5.70, 18.09, 18.09, -1011.37, 20.00, 4.63, 11.11, 10.33, 0.00, 7.92, 47.97, -90.00, 84.17, 0, 0
2.00, 5.70, 18.72, 18.72, -775.21, 20.00, 4.63, 12.78, 12.00, 16.02, 28.83, 41.39, -80.57, 72.85, 0, 0
2.00, 5.70, 19.23, 19.23, -580.83, 20.00, 4.63, 13.89, 13.11, 22.89, 48.76, 38.36, -69.53, 61.87, 0, 0
2.00, 5.70, 19.59, 19.59, -533.92, 20.00, 4.63, 14.44, 13.68, 2.95, 43.98, 40.38, -56.33, 51.74, 0, 0
2.00, 5.70, 19.90, 19.90, -402.02, 20.00, 4.63, 15.00, 14.22, 0.21, 62.04, 46.79, -39.51, 43.28, 0, 0
2.00, 5.70, 20.04, 20.04, -541.38, 20.00, 4.63, 14.44, 13.66, 0.06, 17.74, 56.07, -17.99, 37.77, 0, 0
2.00, 5.70, 20.18, 20.18, -438.78, 20.00, 4.63, 14.44, 13.66, 0.06, 47.83, 67.00, 6.80, 36.65, 0, 0
2.00, 5.70, 20.34, 20.34, -335.05, 20.00, 4.63, 15.00, 14.22, 0.01, 57.36, 78.81, 30.25, 40.29, 0, 0
2.00, 5.70, 20.43, 20.43, -373.47, 20.00, 4.63, 15.00, 14.20, 0.00, 37.88, 0.00, 49.16, 47.59, 0, 0
2.00, 5.70, 20.47, 20.47, -413.82, 20.00, 4.63, 14.44, 13.66, 0.00, 30.89, 0.00, 63.83, 57.08, 0, 0
2.00, 5.70, 20.55, 20.55, -313.55, 20.00, 4.63, 14.44, 13.66, 0.00, 32.99, 0.00, 75.70, 67.75, 0, 0
2.00, 5.70, 20.72, 20.72, -84.47, 20.00, 4.63, 14.44, 13.66, 0.00, 22.10, 0.00, 86.05, 78.97, 0, 0
2.00, 5.70, 20.80, 20.80, -185.71, 20.00, 4.63, 13.89, 13.11, 0.00, 4.75, 0.00, 0.00, 90.00, 0, 0
2.00, 5.70, 20.83, 20.83, -230.37, 20.00, 4.63, 13.33, 12.56, 0.00, 0.00, 0.00, 0.00, 90.00, 0, 0
2.00, 5.70, 20.84, 20.84, -259.18, 20.00, 4.63, 12.78, 12.00, 0.00, 0.00, 0.00, 0.00, 90.00, 0, 0
2.00, 5.70, 20.77, 20.77, -416.81, 20.00, 4.63, 12.78, 12.00, 0.00, 0.00, 0.00, 0.00, 90.00, 0, 0
2.00, 5.70, 19.60, 19.60, -3459.80, 20.00, 4.63, 12.22, 11.44, 0.00, 0.00, 0.00, 0.00, 90.00, 0, 0
2.00, 5.70, 18.74, 18.74, -3775.45, 20.00, 4.63, 11.67, 10.89, 0.00, 0.00, 0.00, 0.00, 90.00, 0, 0
2.00, 5.70, 18.08, 18.08, -4060.69, 20.00, 4.63, 11.11, 10.33, 0.00, 0.00, 0.00, 0.00, 90.00, 0, 0
2.00, 5.70, 17.62, 17.62, -4141.08, 20.00, 4.63, 11.11, 10.33, 0.00, 0.00, 0.00, 0.00, 90.00, 0, 0
2.00, 5.70, 17.29, 17.29, -4202.39, 20.00, 4.63, 11.11, 10.33, 0.00, 0.00, 0.00, 0.00, 90.00, 0, 0
2.00, 5.70, 16.95, 16.95, -4438.05, 20.00, 4.63, 10.56, 9.78, 0.00, 0.00, 0.00, 0.00, 90.00, 0, 0
2.00, 5.70, 16.69, 16.69, -4486.66, 20.00, 4.63, 10.56, 9.76, 0.00, 0.00, 0.00, 0.00, 90.00, 0, 0
2.00, 5.70, 16.41, 16.41, -4708.18, 20.00, 4.63, 10.00, 9.22, 0.00, 0.00, 0.00, 0.00, 90.00, 0, 0
2.00, 5.70, 17.11, 17.11, -1244.13, 20.00, 4.63, 11.11, 10.33, 0.00, 6.34, 47.95, -90.00, 84.36, 0, 0
2.00, 5.70, 17.59, 17.59, -1171.44, 20.00, 4.63, 11.11, 10.34, 0.00, 10.30, 40.99, -80.19, 73.04, 0, 0
2.00, 5.70, 17.95, 17.95, -1081.84, 20.00, 4.63, 11.67, 10.89, 0.00, 17.42, 37.96, -69.14, 62.08, 0, 0
2.00, 5.70, 18.19, 18.19, -1052.81, 20.00, 4.63, 11.67, 10.89, 0.00, 16.63, 40.03, -55.92, 51.99, 0, 0
2.00, 5.70, 18.40, 18.40, -967.12, 20.00, 4.63, 12.22, 11.44, 0.00, 28.51, 46.50, -39.12, 43.58, 0, 0
2.00, 5.70, 18.51, 18.51, -1009.94, 20.00, 4.63, 12.22, 11.44, 0.00, 9.50, 55.84, -17.70, 38.13, 0, 0
2.00, 5.70, 18.61, 18.61, -959.43, 20.00, 4.63, 12.22, 11.44, 0.00, 23.76, 66.81, 6.89, 37.05, 0, 0
2.00, 5.70, 18.69, 18.69, -935.93, 20.00, 4.63, 12.22, 11.44, 0.00, 20.59, 78.66, 30.14, 40.70, 0, 0
2.00, 5.70, 18.75, 18.75, -926.36, 20.00, 4.63, 12.22, 11.44, 0.00, 21.38, 0.00, 48.96, 47.97, 0, 0
2.00, 5.70, 18.82, 18.82, -861.00, 20.00, 4.63, 12.78, 11.98, 0.00, 31.68, 0.00, 63.59, 57.43, 0, 0
2.00, 5.70, 18.89, 18.89, -811.33, 20.00, 4.63, 12.78, 11.98, 0.00, 19.01, 0.00, 75.45, 68.08, 0, 0
2.00, 5.70, 19.01, 19.01, -677.87, 20.00, 4.63, 12.22, 11.44, 0.00, 3.17, 0.00, 85.81, 79.29, 0, 0
2.00, 5.70, 19.08, 19.08, -701.39, 20.00, 4.63, 11.67, 10.87, 0.00, 0.00, 0.00, 0.00, 90.00, 0, 0
2.00, 5.70, 19.13, 19.13, -691.61, 20.00, 4.63, 11.67, 10.87, 0.00, 0.00, 0.00, 0.00, 90.00, 0, 0
2.00, 5.70, 19.16, 19.16, -710.37, 20.00, 4.63, 11.11, 10.33, 0.00, 0.00, 0.00, 0.00, 90.00, 0, 0
2.00, 5.70, 19.10, 19.10, -886.51, 20.00, 4.63, 10.56, 9.76, 0.00, 0.00, 0.00, 0.00, 90.00, 0, 0
2.00, 5.70, 17.93, 17.93, -4357.03, 20.00, 4.63, 10.56, 9.76, 0.00, 0.00, 0.00, 0.00, 90.00, 0, 0
2.00, 5.70, 17.08, 17.08, -4670.71, 20.00, 4.63, 10.00, 9.20, 0.00, 0.00, 0.00, 0.00, 90.00, 0, 0
2.00, 5.70, 16.42, 16.42, -4954.52, 20.00, 4.63, 9.44, 8.64, 0.00, 0.00, 0.00, 0.00, 90.00, 0, 0
2.00, 5.70, 15.88, 15.88, -5220.55, 20.00, 4.63, 8.89, 8.09, 0.00, 0.00, 0.00, 0.00, 90.00, 0, 0
2.00, 5.70, 15.41, 15.41, -5476.37, 20.00, 4.63, 8.33, 7.53, 0.00, 0.00, 0.00, 0.00, 90.00, 0, 0
2.00, 5.70, 14.98, 14.98, -5726.24, 20.00, 4.63, 7.78, 6.98, 0.00, 0.00, 0.00, 0.00, 90.00, 0, 0
2.00, 5.70, 14.58, 14.58, -5973.18, 20.00, 4.63, 7.22, 6.42, 0.00, 0.00, 0.00, 0.00, 90.00, 0, 0
2.00, 5.70, 14.20, 14.20, -6212.24, 20.00, 4.63, 6.67, 5.86, 0.00, 0.00, 0.00, 0.00, 90.00, 0, 0
2.00, 5.70, 14.99, 14.99, -1797.33, 20.00, 4.63, 7.78, 6.96, 0.00, 7.92, 47.94, -90.00, 84.55, 0, 0
2.00, 5.70, 15.58, 15.58, -1631.52, 20.00, 4.63, 8.89, 8.07, 0.00, 21.38, 40.58, -79.82, 73.24, 0, 0
2.00, 5.70, 16.11, 16.11, -1332.17, 20.00, 4.63, 10.56, 9.75, 45.04, 50.91, 37.56, -68.74, 62.30, 0, 0
2.00, 5.70, 16.56, 16.56, -1113.38, 20.00, 4.63, 12.22, 11.42, 29.61, 72.58, 39.68, -55.51, 52.24, 0, 0
2.00, 5.70, 16.93, 16.93, -994.06, 20.00, 4.63, 13.33, 12.51, 0.32, 79.90, 46.22, -38.73, 43.89, 0, 0
2.00, 5.70, 17.28, 17.28, -785.77, 20.00, 4.63, 14.44, 13.62, 1.23, 106.65, 55.62, -17.40, 38.50, 0, 0
2.00, 5.70, 17.62, 17.62, -605.12, 20.00, 4.63, 16.11, 15.28, 1.70, 118.69, 66.63, 6.99, 37.46, 0, 0
2.00, 5.70, 17.96, 17.96, -402.53, 20.00, 4.63, 17.22, 16.39, 0.59, 137.66, 78.50, 30.04, 41.10, 0, 0
2.00, 5.70, 18.21, 18.21, -368.61, 20.00, 4.63, 17.78, 16.95, 0.00, 114.61, 0.00, 48.75, 48.35, 0, 0
2.00, 5.70, 18.46, 18.46, -249.99, 20.00, 4.63, 18.33, 17.50, 0.00, 105.73, 0.00, 63.35, 57.79, 0, 0
2.00, 5.70, 18.61, 18.61, -322.38, 20.00, 4.63, 17.22, 16.41, 0.00, 49.79, 0.00, 75.21, 68.42, 0, 0
2.00, 5.70, 18.73, 18.73, -303.99, 20.00, 4.63, 16.11, 15.30, 0.00, 17.67, 0.00, 85.56, 79.63, 0, 0
2.00, 5.70, 18.79, 18.79, -384.71, 20.00, 4.63, 15.56, 14.73, 0.00, 3.17, 0.00, 0.00, 90.00, 0, 0
2.00, 5.70, 18.81, 18.81, -453.92, 20.00, 4.63, 14.44, 13.62, 0.00, 0.00, 0.00, 0.00, 90.00, 0, 0
2.00, 5.70, 18.82, 18.82, -485.56, 20.00, 4.63, 13.89, 13.08, 0.00, 0.00, 0.00, 0.00, 90.00, 0, 0
2.00, 5.70, 18.74, 18.74, -669.42, 20.00, 4.63, 13.33, 12.51, 0.00, 0.00, 0.00, 0.00, 90.00, 0, 0
2.00, 5.70, 17.80, 17.80, -3709.16, 20.00, 4.63, 12.22, 11.40, 0.00, 0.00, 0.00, 0.00, 90.00, 0, 0
2.00, 5.70, 17.10, 17.10, -4007.39, 20.00, 4.63, 11.67, 10.84, 0.00, 0.00, 0.00, 0.00, 90.00, 0, 0
2.00, 5.70, 16.55, 16.55, -4280.31, 20.00, 4.63, 11.11, 10.29, 0.00, 0.00, 0.00, 0.00, 90.00, 0, 0
2.00, 5.70, 16.01, 16.01, -4726.12, 20.00, 4.63, 10.00, 9.18, 0.00, 0.00, 0.00, 0.00, 90.00, 0, 0
2.00, 5.70, 15.55, 15.55, -4984.52, 20.00, 4.63, 9.44, 8.62, 0.00, 0.00, 0.00, 0.00, 90.00, 0, 0
2.00, 5.70, 15.05, 15.05, -5425.52, 20.00, 4.63, 8.33, 7.51, 0.00, 0.00, 0.00, 0.00, 90.00, 0, 0
2.00, 5.70, 14.61, 14.61, -5681.83, 20.00, 4.63, 7.78, 6.95, 0.00, 0.00, 0.00, 0.00, 90.00, 0, 0
2.00, 5.70, 14.21, 14.21, -5927.56, 20.00, 4.63, 7.22, 6.38, 0.00, 0.00, 0.00, 0.00, 90.00, 0, 0
2.00, 5.70, 14.90, 14.90, -1712.93, 20.00, 4.63, 7.78, 6.95, 0.00, 7.92, 47.92, -90.00, 84.74, 0, 0
2.00, 5.70, 15.51, 15.51, -1371.52, 20.00, 4.63, 9.44, 8.62, 86.31, 33.29, 40.18, -79.44, 73.43, 0, 0
2.00, 5.70, 16.08, 16.08, -1023.51, 20.00, 4.63, 11.67, 10.86, 122.99, 67.10, 37.16, -68.35, 62.51, 0, 0
2.00, 5.70, 16.66, 16.66, -644.04, 20.00, 4.63, 13.89, 13.08, 131.54, 101.71, 39.32, -55.10, 52.49, 0, 0
2.00, 5.70, 17.24, 17.24, -257.68, 20.00, 4.63, 16.67, 15.84, 3.37, 140.69, 45.94, -38.34, 44.20, 0, 0
2.00, 5.70, 17.70, 17.70, -158.00, 20.00, 4.63, 18.33, 17.50, 5.26, 150.98, 55.40, -17.11, 38.87, 0, 0
2.00, 5.70, 18.05, 18.05, -118.80, 20.00, 4.63, 19.44, 18.61, 3.41, 139.79, 66.44, 7.08, 37.86, 0, 0
2.00, 5.70, 18.32, 18.32, -90.36, 20.00, 4.63, 20.00, 19.15, 0.32, 119.15, 78.34, 29.94, 41.51, 0, 0
2.00, 5.70, 18.51, 18.51, -101.11, 20.00, 4.63, 20.00, 19.18, 0.00, 101.31, 0.00, 48.55, 48.73, 0, 0
2.00, 5.70, 18.62, 18.62, -196.18, 20.00, 4.63, 18.89, 18.06, 0.00, 71.73, 0.00, 63.11, 58.15, 0, 0
2.00, 5.70, 18.70, 18.70, -221.42, 20.00, 4.63, 17.78, 16.95, 0.00, 44.60, 0.00, 74.96, 68.76, 0, 0
2.00, 5.70, 18.85, 18.85, -63.68, 20.00, 4.63, 16.67, 15.84, 0.00, 25.33, 0.00, 85.31, 79.96, 0, 0
2.00, 5.70, 18.88, 18.88, -241.80, 20.00, 4.63, 15.56, 14.75, 0.00, 4.75, 0.00, 0.00, 90.00, 0, 0
2.00, 5.70, 18.91, 18.91, -275.01, 20.00, 4.63, 15.56, 14.75, 0.00, 0.00, 0.00, 0.00, 90.00, 0, 0
2.00, 5.70, 18.92, 18.92, -310.95, 20.00, 4.63, 15.00, 14.19, 0.00, 0.00, 0.00, 0.00, 90.00, 0, 0
2.00, 5.70, 18.85, 18.85, -498.42, 20.00, 4.63, 14.44, 13.64, 0.00, 0.00, 0.00, 0.00, 90.00, 0, 0
2.00, 5.70, 18.12, 18.12, -3039.98, 20.00, 4.63, 13.89, 13.08, 0.00, 0.00, 0.00, 0.00, 90.00, 0, 0
2.00, 5.70, 17.48, 17.48, -3504.15, 20.00, 4.63, 12.78, 11.98, 0.00, 0.00, 0.00, 0.00, 90.00, 0, 0
2.00, 5.70, 17.05, 17.05, -3588.72, 20.00, 4.63, 12.78, 11.96, 0.00, 0.00, 0.00, 0.00, 90.00, 0, 0
2.00, 5.70, 16.75, 16.75, -3651.48, 20.00, 4.63, 12.78, 11.96, 0.00, 0.00, 0.00, 0.00, 90.00, 0, 0
2.00, 5.70, 16.46, 16.46, -3885.00, 20.00, 4.63, 12.22, 11.42, 0.00, 0.00, 0.00, 0.00, 90.00, 0, 0
2.00, 5.70, 16.25, 16.25, -3932.41, 20.00, 4.63, 12.22, 11.42, 0.00, 0.00, 0.00, 0.00, 90.00, 0, 0
2.00, 5.70, 16.00, 16.00, -4156.74, 20.00, 4.63, 11.67, 10.87, 0.00, 0.00, 0.00, 0.00, 90.00, 0, 0
2.00, 5.70, 15.75, 15.75, -4377.23, 20.00, 4.63, 11.11, 10.33, 0.00, 0.00, 0.00, 0.00, 90.00, 0, 0
2.00, 5.70, 16.25, 16.25, -1205.50, 20.00, 4.63, 12.78, 12.00, 0.00, 12.67, 47.90, -90.00, 84.93, 0, 0
2.00, 5.70, 16.91, 16.91, -532.43, 20.00, 4.63, 15.56, 14.77, 278.13, 43.31, 39.77, -79.06, 73.63, 0, 0
2.00, 5.70, 17.69, 17.69, 142.71, 20.00, 4.63, 18.33, 17.54, 464.06, 89.57, 36.75, -67.96, 62.73, 0, 0
2.00, 5.70, 18.44, 18.44, 558.70, 20.00, 4.63, 21.67, 20.86, 341.81, 126.47, 38.97, -54.70, 52.75, 0, 0
2.00, 5.70, 19.05, 19.05, 713.76, 20.00, 4.63, 23.89, 23.08, 4.40, 152.40, 45.66, -37.95, 44.51, 0, 0
2.00, 5.70, 19.52, 19.52, 782.06, 20.00, 4.63, 26.11, 25.29, 8.35, 169.94, 55.17, -16.83, 39.24, 0, 0
2.00, 5.70, 19.89, 19.89, 825.06, 20.00, 4.63, 27.22, 26.40, 7.44, 167.52, 66.26, 7.17, 38.27, 0, 0
2.00, 5.70, 20.21, 20.21, 905.09, 20.00, 4.63, 28.33, 27.52, 1.20, 160.03, 78.18, 29.84, 41.91, 0, 0
2.00, 5.70, 20.47, 20.47, 927.57, 20.00, 4.63, 28.89, 28.06, 0.00, 140.91, 0.00, 48.35, 49.11, 0, 0
2.00, 5.70, 20.70, 20.70, 954.21, 20.00, 4.63, 28.33, 27.52, 0.00, 108.52, 0.00, 62.87, 58.51, 0, 0
2.00, 5.70, 20.93, 20.93, 1040.11, 20.00, 4.63, 27.22, 26.40, 0.00, 68.01, 0.00, 74.71, 69.10, 0, 0
2.00, 5.70, 21.14, 21.14, 1093.37, 20.00, 4.63, 25.56, 24.72, 0.00, 26.42, 0.00, 85.07, 80.29, 0, 0
2.00, 5.70, 21.16, 21.16, 779.08, 20.00, 4.63, 23.89, 23.08, 0.00, 3.96, 0.00, 0.00, 90.00, 0, 0
2.00, 5.70, 21.17, 21.17, 688.63, 20.00, 4.63, 22.78, 21.97, 0.00, 0.00, 0.00, 0.00, 90.00, 0, 0
2.00, 5.70, 21.16, 21.16, 616.89, 20.00, 4.63, 21.67, 20.86, 0.00, 0.00, 0.00, 0.00, 90.00, 0, 0
2.00, 5.70, 21.06, 21.06, 371.29, 20.00, 4.63, 20.00, 19.20, 0.00, 0.00, 0.00, 0.00, 90.00, 0, 0
2.00, 5.70, 20.64, 20.64, -839.19, 20.00, 4.63, 18.89, 18.06, 0.00, 0.00, 0.00, 0.00, 90.00, 0, 0
2.00, 5.70, 20.22, 20.22, -1271.05, 20.00, 4.63, 17.78, 16.95, 0.00, 0.00, 0.00, 0.00, 90.00, 0, 0
2.00, 5.70, 19.78, 19.78, -1700.53, 20.00, 4.63, 16.67, 15.84, 0.00, 0.00, 0.00, 0.00, 90.00, 0, 0
2.00, 5.70, 19.25, 19.25, -2312.26, 20.00, 4.63, 15.00, 14.19, 0.00, 0.00, 0.00, 0.00, 90.00, 0, 0
2.00, 5.70, 18.73, 18.73, -2754.43, 20.00, 4.63, 13.89, 13.08, 0.00, 0.00, 0.00, 0.00, 90.00, 0, 0
2.00, 5.70, 18.22, 18.22, -3198.27, 20.00, 4.63, 12.78, 11.96, 0.00, 0.00, 0.00, 0.00, 90.00, 0, 0
2.00, 5.70, 17.62, 17.62, -3831.37, 20.00, 4.63, 11.11, 10.29, 0.00, 0.00, 0.00, 0.00, 90.00, 0, 0
2.00, 5.70, 17.07, 17.07, -4211.03, 20.00, 4.63, 10.00, 9.18, 0.00, 0.00, 0.00, 0.00, 90.00, 0, 0
2.00, 5.70, 17.72, 17.72, -686.13, 20.00, 4.63, 12.22, 11.40, 0.00, 18.22, 47.89, -90.00, 85.12, 0, 0
2.00, 5.70, 18.52, 18.52, 82.52, 20.00, 4.63, 14.44, 13.62, 365.24, 46.81, 39.36, -78.69, 73.83, 0, 0
2.00, 5.70, 19.39, 19.39, 742.22, 20.00, 4.63, 17.22, 16.41, 530.90, 91.73, 36.35, -67.57, 62.95, 0, 0
2.00, 5.70, 20.17, 20.17, 1090.19, 20.00, 4.63, 20.00, 19.18, 371.58, 128.83, 38.62, -54.29, 53.01, 0, 0
2.00, 5.70, 20.80, 20.80, 1249.30, 20.00, 4.63, 22.78, 21.95, 3.79, 154.60, 45.38, -37.56, 44.82, 0, 0
2.00, 5.70, 21.25, 21.25, 1249.45, 20.00, 4.63, 24.44, 23.61, 8.80, 168.13, 54.95, -16.55, 39.61, 0, 0
2.00, 5.70, 21.60, 21.60, 1275.74, 20.00, 4.63, 25.56, 24.72, 7.89, 166.68, 66.08, 7.26, 38.68, 0, 0
2.00, 5.70, 21.90, 21.90, 1325.02, 20.00, 4.63, 26.67, 25.83, 1.31, 162.79, 78.02, 29.75, 42.32, 0, 0
2.00, 5.70, 22.12, 22.12, 1296.83, 20.00, 4.63, 26.67, 25.83, 0.00, 140.70, 0.00, 48.15, 49.50, 0, 0
2.00, 5.70, 22.30, 22.30, 1274.01, 20.00, 4.63, 26.11, 25.27, 0.00, 103.30, 0.00, 62.64, 58.87, 0, 0
2.00, 5.70, 22.47, 22.47, 1327.91, 20.00, 4.63, 25.00, 24.15, 0.00, 66.89, 0.00, 74.47, 69.45, 0, 0
2.00, 5.70, 22.61, 22.61, 1299.61, 20.00, 4.63, 22.78, 21.95, 0.00, 24.05, 0.00, 84.82, 80.62, 0, 0
2.00, 5.70, 22.61, 22.61, 1042.52, 20.00, 4.63, 21.67, 20.83, 0.00, 3.17, 0.00, 0.00, 90.00, 0, 0
2.00, 5.70, 22.58, 22.58, 943.28, 20.00, 4.63, 20.56, 19.74, 0.00, 0.00, 0.00, 0.00, 90.00, 0, 0
2.00, 5.70, 22.55, 22.55, 860.78, 20.00, 4.63, 19.44, 18.63, 0.00, 0.00, 0.00, 0.00, 90.00, 0, 0
2.00, 5.70, 22.42, 22.42, 579.37, 20.00, 4.63, 18.33, 17.52, 0.00, 0.00, 0.00, 0.00, 90.00, 0, 0
2.00, 5.70, 21.53, 21.53, -1301.31, 20.00, 4.63, 16.67, 15.84, 0.00, 0.00, 0.00, 0.00, 90.00, 0, 0
2.00, 5.70, 20.79, 20.79, -1785.71, 20.00, 4.63, 15.56, 14.73, 0.00, 0.00, 0.00, 0.00, 90.00, 0, 0
2.00, 5.70, 20.22, 20.22, -2073.78, 20.00, 4.63, 15.00, 14.17, 0.00, 0.00, 0.00, 0.00, 90.00, 0, 0
2.00, 5.70, 19.66, 19.66, -2528.16, 20.00, 4.63, 13.89, 13.05, 0.00, 0.00, 0.00, 0.00, 90.00, 0, 0
2.00, 5.70, 19.12, 19.12, -2982.22, 20.00, 4.63, 12.78, 11.96, 0.00, 0.00, 0.00, 0.00, 90.00, 0, 0
2.00, 5.70, 18.65, 18.65, -3252.77, 20.00, 4.63, 12.22, 11.40, 0.00, 0.00, 0.00, 0.00, 90.00, 0, 0
2.00, 5.70, 18.15, 18.15, -3702.45, 20.00, 4.63, 11.11, 10.29, 0.00, 0.00, 0.00, 0.00, 90.00, 0, 0
2.00, 5.70, 17.66, 17.66, -4077.59, 20.00, 4.63, 10.00, 9.18, 0.00, 0.00, 0.00, 0.00, 90.00, 0, 0
2.00, 5.70, 18.39, 18.39, -594.30, 20.00, 4.63, 11.67, 10.86, 0.00, 10.30, 47.87, -90.00, 85.31, 0, 0
2.00, 5.70, 19.24, 19.24, 146.90, 20.00, 4.63, 13.89, 13.08, 333.51, 44.70, 38.95, -78.31, 74.03, 0, 0
2.00, 5.70, 20.02, 20.02, 576.67, 20.00, 4.63, 16.67, 15.84, 364.47, 79.75, 35.95, -67.17, 63.17, 0, 0
2.00, 5.70, 20.70, 20.70, 873.13, 20.00, 4.63, 18.89, 18.06, 262.88, 111.80, 38.27, -53.89, 53.27, 0, 0
2.00, 5.70, 21.23, 21.23, 964.36, 20.00, 4.63, 21.11, 20.27, 5.00, 130.03, 45.10, -37.18, 45.13, 0, 0
2.00, 5.70, 21.66, 21.66, 1073.71, 20.00, 4.63, 22.78, 21.95, 6.38, 148.66, 54.73, -16.27, 39.98, 0, 0
2.00, 5.70, 22.05, 22.05, 1215.60, 20.00, 4.63, 24.44, 23.61, 7.23, 163.38, 65.90, 7.34, 39.09, 0, 0
2.00, 5.70, 22.33, 22.33, 1196.19, 20.00, 4.63, 25.00, 24.15, 0.91, 141.19, 77.87, 29.65, 42.73, 0, 0
2.00, 5.70, 22.54, 22.54, 1171.05, 20.00, 4.63, 25.00, 24.15, 0.00, 122.07, 0.00, 47.96, 49.88, 0, 0
2.00, 5.70, 22.71, 22.71, 1174.73, 20.00, 4.63, 25.00, 24.15, 0.00, 93.62, 0.00, 62.40, 59.23, 0, 0
2.00, 5.70, 22.84, 22.84, 1138.49, 20.00, 4.63, 23.89, 23.04, 0.00, 53.12, 0.00, 74.22, 69.79, 0, 0
2.00, 5.70, 22.98, 22.98, 1206.35, 20.00, 4.63, 22.22, 21.38, 0.00, 24.27, 0.00, 84.58, 80.96, 0, 0
2.00, 5.70, 22.99, 22.99, 970.37, 20.00, 4.63, 20.56, 19.72, 0.00, 3.96, 0.00, 0.00, 90.00, 0, 0
2.00, 5.70, 22.97, 22.97, 876.35, 20.00, 4.63, 19.44, 18.61, 0.00, 0.00, 0.00, 0.00, 90.00, 0, 0
2.00, 5.70, 22.93, 22.93, 773.40, 20.00, 4.63, 17.78, 16.93, 0.00, 0.00, 0.00, 0.00, 90.00, 0, 0
2.00, 5.70, 22.78, 22.78, 492.15, 20.00, 4.63, 16.67, 15.82, 0.00, 0.00, 0.00, 0.00, 90.00, 0, 0
2.00, 5.70, 21.64, 21.64, -1860.50, 20.00, 4.63, 15.00, 14.17, 0.00, 0.00, 0.00, 0.00, 90.00, 0, 0
2.00, 5.70, 20.73, 20.73, -2369.38, 20.00, 4.63, 13.89, 13.03, 0.00, 0.00, 0.00, 0.00, 90.00, 0, 0
2.00, 5.70, 19.95, 19.95, -2857.75, 20.00, 4.63, 12.78, 11.92, 0.00, 0.00, 0.00, 0.00, 90.00, 0, 0
2.00, 5.70, 19.18, 19.18, -3521.87, 20.00, 4.63, 11.11, 10.25, 0.00, 0.00, 0.00, 0.00, 90.00, 0, 0
2.00, 5.70, 18.39, 18.39, -4192.42, 20.00, 4.63, 9.44, 8.60, 0.00, 0.00, 0.00, 0.00, 90.00, 0, 0
2.00, 5.70, 17.67, 17.67, -4680.99, 20.00, 4.63, 8.33, 7.47, 0.00, 0.00, 0.00, 0.00, 90.00, 0, 0
2.00, 5.70, 16.91, 16.91, -5358.77, 20.00, 4.63, 6.67, 5.82, 0.00, 0.00, 0.00, 0.00, 90.00, 0, 0
2.00, 5.70, 16.27, 16.27, -5654.83, 20.00, 4.63, 6.11, 5.25, 0.00, 0.00, 0.00, 0.00, 90.00, 0, 0
2.00, 5.70, 17.21, 17.21, -1139.79, 20.00, 4.63, 6.11, 5.25, 0.00, 9.50, 47.86, -90.00, 85.50, 0, 0
2.00, 5.70, 18.03, 18.03, -695.04, 20.00, 4.63, 7.22, 6.38, 172.74, 37.76, 38.54, -77.93, 74.22, 0, 0
2.00, 5.70, 18.95, 18.95, 80.28, 20.00, 4.63, 9.44, 8.60, 466.85, 86.72, 35.54, -66.78, 63.39, 0, 0
2.00, 5.70, 19.74, 19.74, 423.90, 20.00, 4.63, 11.11, 10.27, 363.85, 123.81, 37.92, -53.49, 53.53, 0, 0
2.00, 5.70, 20.30, 20.30, 467.89, 20.00, 4.63, 12.78, 11.94, 17.78, 144.41, 44.82, -36.81, 45.45, 0, 0
2.00, 5.70, 20.73, 20.73, 521.32, 20.00, 4.63, 14.44, 13.60, 9.03, 161.55, 54.51, -15.99, 40.36, 0, 0
2.00, 5.70, 21.04, 21.04, 528.68, 20.00, 4.63, 15.00, 14.17, 8.77, 163.74, 65.72, 7.43, 39.50, 0, 0
2.00, 5.70, 21.27, 21.27, 534.73, 20.00, 4.63, 15.56, 14.71, 1.41, 153.57, 77.71, 29.56, 43.14, 0, 0
2.00, 5.70, 21.42, 21.42, 478.03, 20.00, 4.63, 15.56, 14.71, 0.00, 131.48, 0.00, 47.76, 50.27, 0, 0
2.00, 5.70, 21.51, 21.51, 425.91, 20.00, 4.63, 15.00, 14.17, 0.00, 97.32, 0.00, 62.17, 59.59, 0, 0
2.00, 5.70, 21.59, 21.59, 406.65, 20.00, 4.63, 13.89, 13.05, 0.00, 56.86, 0.00, 73.98, 70.13, 0, 0
2.00, 5.70, 21.67, 21.67, 452.52, 20.00, 4.63, 12.22, 11.40, 0.00, 22.11, 0.00, 84.33, 81.29, 0, 0
2.00, 5.70, 21.62, 21.62, 188.40, 20.00, 4.63, 11.67, 10.84, 0.00, 3.17, 0.00, 0.00, 90.00, 0, 0
2.00, 5.70, 21.55, 21.55, 88.66, 20.00, 4.63, 11.11, 10.29, 0.00, 0.00, 0.00, 0.00, 90.00, 0, 0
2.00, 5.70, 21.47, 21.47, 14.14, 20.00, 4.63, 10.56, 9.75, 0.00, 0.00, 0.00, 0.00, 90.00, 0, 0
2.00, 5.70, 21.31, 21.31, -233.54, 20.00, 4.63, 9.44, 8.64, 0.00, 0.00, 0.00, 0.00, 90.00, 0, 0
2.00, 5.70, 19.66, 19.66, -4093.41, 20.00, 4.63, 9.44, 8.64, 0.00, 0.00, 0.00, 0.00, 90.00, 0, 0
2.00, 5.70, 18.41, 18.41, -4659.66, 20.00, 4.63, 8.33, 7.53, 0.00, 0.00, 0.00, 0.00, 90.00, 0, 0
2.00, 5.70, 17.65, 17.65, -4621.70, 20.00, 4.63, 8.89, 8.07, 0.00, 0.00, 0.00, 0.00, 90.00, 0, 0
2.00, 5.70, 17.19, 17.19, -4539.23, 20.00, 4.63, 9.44, 8.64, 0.00, 0.00, 0.00, 0.00, 90.00, 0, 0
2.00, 5.70, 17.01, 17.01, -4240.64, 20.00, 4.63, 10.56, 9.73, 0.00, 0.00, 0.00, 0.00, 90.00, 0, 0
2.00, 5.70, 16.93, 16.93, -4102.89, 20.00, 4.63, 11.11, 10.29, 0.00, 0.00, 0.00, 0.00, 90.00, 0, 0
2.00, 5.70, 16.91, 16.91, -3953.94, 20.00, 4.63, 11.67, 10.86, 0.00, 0.00, 0.00, 0.00, 90.00, 0, 0
2.00, 5.70, 16.94, 16.94, -3790.04, 20.00, 4.63, 12.22, 11.44, 0.00, 0.00, 0.00, 0.00, 90.00, 0, 0
2.00, 5.70, 17.65, 17.65, -900.31, 20.00, 4.63, 13.89, 13.09, 0.00, 11.88, 47.85, -90.00, 85.69, 0, 0
2.00, 5.70, 18.23, 18.23, -662.89, 20.00, 4.63, 15.56, 14.77, 34.17, 27.70, 38.13, -77.56, 74.43, 0, 0
2.00, 5.70, 18.67, 18.67, -534.34, 20.00, 4.63, 16.67, 15.88, 12.65, 40.65, 35.14, -66.40, 63.62, 0, 0
2.00, 5.70, 19.07, 19.07, -339.14, 20.00, 4.63, 17.78, 16.97, 19.53, 63.16, 37.57, -53.09, 53.79, 0, 0
2.00, 5.70, 19.49, 19.49, -55.58, 20.00, 4.63, 19.44, 18.65, 5.52, 95.29, 44.54, -36.43, 45.76, 0, 0
2.00, 5.70, 19.92, 19.92, 223.75, 20.00, 4.63, 21.67, 20.86, 3.59, 123.86, 54.30, -15.72, 40.73, 0, 0
2.00, 5.70, 20.28, 20.28, 337.81, 20.00, 4.63, 22.78, 21.97, 3.18, 125.07, 65.54, 7.51, 39.91, 0, 0
2.00, 5.70, 20.61, 20.61, 466.62, 20.00, 4.63, 23.89, 23.06, 0.61, 123.32, 77.55, 29.47, 43.54, 0, 0
2.00, 5.70, 20.90, 20.90, 567.70, 20.00, 4.63, 25.00, 24.17, 0.04, 119.25, 89.90, 47.57, 50.65, 0, 0
2.00, 5.70, 21.12, 21.12, 589.52, 20.00, 4.63, 25.00, 24.17, 0.00, 89.07, 0.00, 61.94, 59.95, 0, 0
2.00, 5.70, 21.36, 21.36, 708.51, 20.00, 4.63, 24.44, 23.63, 0.00, 58.09, 0.00, 73.73, 70.48, 0, 0
2.00, 5.70, 21.61, 21.61, 857.67, 20.00, 4.63, 23.33, 22.52, 0.00, 24.03, 0.00, 84.09, 81.63, 0, 0
2.00, 5.70, 21.68, 21.68, 597.11, 20.00, 4.63, 22.22, 21.40, 0.00, 3.96, 0.00, 0.00, 90.00, 0, 0
2.00, 5.70, 21.71, 21.71, 520.91, 20.00, 4.63, 21.11, 20.29, 0.00, 0.00, 0.00, 0.00, 90.00, 0, 0
2.00, 5.70, 21.72, 21.72, 459.93, 20.00, 4.63, 20.00, 19.18, 0.00, 0.00, 0.00, 0.00, 90.00, 0, 0
2.00, 5.70, 21.63, 21.63, 246.92, 20.00, 4.63, 18.89, 18.06, 0.00, 0.00, 0.00, 0.00, 90.00, 0, 0
2.00, 5.70, 21.03, 21.03, -1270.17, 20.00, 4.63, 17.78, 16.95, 0.00, 0.00, 0.00, 0.00, 90.00, 0, 0
2.00, 5.70, 20.47, 20.47, -1714.78, 20.00, 4.63, 16.67, 15.82, 0.00, 0.00, 0.00, 0.00, 90.00, 0, 0
2.00, 5.70, 19.86, 19.86, -2333.79, 20.00, 4.63, 15.00, 14.17, 0.00, 0.00, 0.00, 0.00, 90.00, 0, 0
2.00, 5.70, 19.21, 19.21, -2962.13, 20.00, 4.63, 13.33, 12.51, 0.00, 0.00, 0.00, 0.00, 90.00, 0, 0
2.00, 5.70, 18.53, 18.53, -3600.81, 20.00, 4.63, 11.67, 10.84, 0.00, 0.00, 0.00, 0.00, 90.00, 0, 0
2.00, 5.70, 17.81, 17.81, -4250.20, 20.00, 4.63, 10.00, 9.16, 0.00, 0.00, 0.00, 0.00, 90.00, 0, 0
2.00, 5.70, 17.06, 17.06, -4910.42, 20.00, 4.63, 8.33, 7.51, 0.00, 0.00, 0.00, 0.00, 90.00, 0, 0
2.00, 5.70, 16.28, 16.28, -5575.27, 20.00, 4.63, 6.67, 5.84, 0.00, 0.00, 0.00, 0.00, 90.00, 0, 0
2.00, 5.70, 17.10, 17.10, -1131.48, 20.00, 4.63, 8.33, 7.51, 0.00, 15.84, 45.10, -87.26, 85.89, 0, 0
2.00, 5.70, 18.00, 18.00, -372.60, 20.00, 4.63, 10.56, 9.73, 356.22, 44.05, 37.72, -77.18, 74.63, 0, 0
2.00, 5.70, 18.94, 18.94, 304.07, 20.00, 4.63, 13.33, 12.49, 537.70, 86.93, 34.73, -66.01, 63.84, 0, 0
2.00, 5.70, 19.73, 19.73, 617.48, 20.00, 4.63, 16.11, 15.25, 383.45, 119.96, 37.22, -52.70, 54.06, 0, 0
2.00, 5.70, 20.33, 20.33, 740.07, 20.00, 4.63, 18.33, 17.48, 43.74, 143.98, 44.27, -36.07, 46.08, 0, 0
2.00, 5.70, 20.80, 20.80, 805.80, 20.00, 4.63, 20.00, 19.15, 10.59, 166.10, 54.08, -15.46, 41.11, 0, 0
2.00, 5.70, 21.16, 21.16, 857.29, 20.00, 4.63, 21.67, 20.81, 9.70, 165.41, 65.37, 7.60, 40.32, 0, 0
2.00, 5.70, 21.43, 21.43, 852.31, 20.00, 4.63, 22.22, 21.36, 1.39, 149.08, 77.40, 29.38, 43.95, 0, 0
2.00, 5.70, 21.63, 21.63, 829.05, 20.00, 4.63, 22.22, 21.36, 0.16, 133.79, 89.75, 47.38, 51.04, 0, 0
2.00, 5.70, 21.78, 21.78, 801.11, 20.00, 4.63, 21.67, 20.81, 0.00, 98.80, 0.00, 61.71, 60.31, 0, 0
2.00, 5.70, 21.92, 21.92, 840.52, 20.00, 4.63, 20.56, 19.70, 0.00, 62.54, 0.00, 73.49, 70.82, 0, 0
2.00, 5.70, 22.03, 22.03, 814.25, 20.00, 4.63, 18.89, 18.02, 0.00, 20.15, 0.00, 83.84, 81.96, 0, 0
2.00, 5.70, 21.99, 21.99, 550.81, 20.00, 4.63, 17.22, 16.36, 0.00, 2.38, 0.00, 0.00, 90.00, 0, 0
2.00, 5.70, 21.94, 21.94, 444.82, 20.00, 4.63, 16.11, 15.28, 0.00, 0.00, 0.00, 0.00, 90.00, 0, 0
2.00, 5.70, 21.88, 21.88, 355.40, 20.00, 4.63, 15.00, 14.14, 0.00, 0.00, 0.00, 0.00, 90.00, 0, 0
2.00, 5.70, 21.73, 21.73, 116.40, 20.00, 4.63, 13.89, 13.03, 0.00, 0.00, 0.00, 0.00, 90.00, 0, 0
2.00, 5.70, 20.44, 20.44, -2829.00, 20.00, 4.63, 12.78, 11.92, 0.00, 0.00, 0.00, 0.00, 90.00, 0, 0
2.00, 5.70, 19.44, 19.44, -3354.61, 20.00, 4.63, 11.67, 10.81, 0.00, 0.00, 0.00, 0.00, 90.00, 0, 0
2.00, 5.70, 18.60, 18.60, -3856.02, 20.00, 4.63, 10.56, 9.71, 0.00, 0.00, 0.00, 0.00, 90.00, 0, 0
2.00, 5.70, 17.94, 17.94, -4156.55, 20.00, 4.63, 10.00, 9.14, 0.00, 0.00, 0.00, 0.00, 90.00, 0, 0
2.00, 5.70, 17.30, 17.30, -4629.90, 20.00, 4.63, 8.89, 8.03, 0.00, 0.00, 0.00, 0.00, 90.00, 0, 0
2.00, 5.70, 16.76, 16.76, -4913.25, 20.00, 4.63, 8.33, 7.47, 0.00, 0.00, 0.00, 0.00, 90.00, 0, 0
2.00, 5.70, 16.19, 16.19, -5379.46, 20.00, 4.63, 7.22, 6.36, 0.00, 0.00, 0.00, 0.00, 90.00, 0, 0
2.00, 5.70, 15.61, 15.61, -5844.33, 20.00, 4.63, 6.11, 5.25, 0.00, 0.00, 0.00, 0.00, 90.00, 0, 0
2.00, 5.70, 16.55, 16.55, -1229.92, 20.00, 4.63, 7.78, 6.92, 0.00, 15.05, 44.72, -86.89, 86.08, 0, 0
2.00, 5.70, 17.69, 17.69, -152.83, 20.00, 4.63, 10.56, 9.71, 544.74, 47.97, 37.31, -76.81, 74.83, 0, 0
2.00, 5.70, 18.64, 18.64, 233.60, 20.00, 4.63, 12.78, 11.92, 515.85, 81.92, 34.33, -65.62, 64.07, 0, 0
2.00, 5.70, 19.42, 19.42, 505.53, 20.00, 4.63, 15.56, 14.71, 353.03, 115.11, 36.88, -52.31, 54.32, 0, 0
2.00, 5.70, 20.07, 20.07, 715.97, 20.00, 4.63, 17.78, 16.93, 59.06, 145.06, 44.00, -35.70, 46.40, 0, 0
2.00, 5.70, 20.56, 20.56, 776.10, 20.00, 4.63, 19.44, 18.59, 11.63, 165.19, 53.87, -15.20, 41.48, 0, 0
2.00, 5.70, 20.95, 20.95, 842.57, 20.00, 4.63, 21.11, 20.24, 11.20, 168.73, 65.19, 7.68, 40.73, 0, 0
2.00, 5.70, 21.26, 21.26, 880.67, 20.00, 4.63, 22.22, 21.36, 1.80, 159.06, 77.24, 29.29, 44.36, 0, 0
2.00, 5.70, 21.46, 21.46, 818.23, 20.00, 4.63, 22.22, 21.36, 0.28, 131.04, 89.60, 47.19, 51.43, 0, 0
2.00, 5.70, 21.60, 21.60, 762.28, 20.00, 4.63, 21.67, 20.81, 0.00, 93.35, 0.00, 61.48, 60.68, 0, 0
2.00, 5.70, 21.72, 21.72, 749.78, 20.00, 4.63, 20.00, 19.15, 0.00, 58.39, 0.00, 73.25, 71.17, 0, 0
2.00, 5.70, 21.79, 21.79, 681.63, 20.00, 4.63, 18.33, 17.50, 0.00, 14.28, 0.00, 83.60, 82.30, 0, 0
2.00, 5.70, 21.76, 21.76, 497.66, 20.00, 4.63, 17.22, 16.39, 0.00, 0.79, 0.00, 0.00, 90.00, 0, 0
2.00, 5.70, 21.73, 21.73, 427.59, 20.00, 4.63, 16.67, 15.84, 0.00, 0.00, 0.00, 0.00, 90.00, 0, 0
2.00, 5.70, 21.70, 21.70, 370.50, 20.00, 4.63, 16.11, 15.28, 0.00, 0.00, 0.00, 0.00, 90.00, 0, 0
2.00, 5.70, 21.58, 21.58, 139.53, 20.00, 4.63, 15.00, 14.19, 0.00, 0.00, 0.00, 0.00, 90.00, 0, 0
2.00, 5.70, 20.55, 20.55, -2299.15, 20.00, 4.63, 14.44, 13.62, 0.00, 0.00, 0.00, 0.00, 90.00, 0, 0
2.00, 5.70, 19.80, 19.80, -2612.62, 20.00, 4.63, 13.89, 13.08, 0.00, 0.00, 0.00, 0.00, 90.00, 0, 0
2.00, 5.70, 19.21, 19.21, -2899.01, 20.00, 4.63, 13.33, 12.51, 0.00, 0.00, 0.00, 0.00, 90.00, 0, 0
2.00, 5.70, 18.72, 18.72, -3169.19, 20.00, 4.63, 12.78, 11.94, 0.00, 0.00, 0.00, 0.00, 90.00, 0, 0
2.00, 5.70, 18.37, 18.37, -3244.89, 20.00, 4.63, 12.78, 11.94, 0.00, 0.00, 0.00, 0.00, 90.00, 0, 0
2.00, 5.70, 18.03, 18.03, -3491.10, 20.00, 4.63, 12.22, 11.40, 0.00, 0.00, 0.00, 0.00, 90.00, 0, 0
2.00, 5.70, 17.69, 17.69, -3736.23, 20.00, 4.63, 11.67, 10.86, 0.00, 0.00, 0.00, 0.00, 90.00, 0, 0
2.00, 5.70, 17.36, 17.36, -3974.39, 20.00, 4.63, 11.11, 10.31, 0.00, 0.00, 0.00, 0.00, 90.00, 0, 0
2.00, 5.70, 17.99, 17.99, -837.93, 20.00, 4.63, 12.22, 11.42, 0.00, 7.13, 44.35, -86.52, 86.27, 0, 0
2.00, 5.70, 18.55, 18.55, -538.50, 20.00, 4.63, 13.89, 13.09, 76.21, 29.22, 36.90, -76.43, 75.03, 0, 0
2.00, 5.70, 18.98, 18.98, -430.46, 20.00, 4.63, 15.00, 14.20, 37.11, 43.66, 33.92, -65.24, 64.30, 0, 0
2.00, 5.70, 19.23, 19.23, -496.97, 20.00, 4.63, 15.00, 14.20, 2.87, 24.32, 36.53, -51.92, 54.59, 0, 0
2.00, 5.70, 19.51, 19.51, -285.71, 20.00, 4.63, 16.11, 15.32, 3.77, 62.88, 43.72, -35.34, 46.72, 0, 0
2.00, 5.70, 19.88, 19.88, 73.93, 20.00, 4.63, 18.33, 17.52, 3.17, 116.16, 53.65, -14.94, 41.86, 0, 0
2.00, 5.70, 20.13, 20.13, 46.39, 20.00, 4.63, 18.89, 18.09, 1.23, 88.94, 65.01, 7.76, 41.14, 0, 0
2.00, 5.70, 20.43, 20.43, 277.59, 20.00, 4.63, 20.00, 19.20, 0.81, 122.33, 77.08, 29.20, 44.77, 0, 0
2.00, 5.70, 20.68, 20.68, 344.04, 20.00, 4.63, 21.11, 20.29, 0.22, 109.38, 89.45, 47.01, 51.82, 0, 0
2.00, 5.70, 20.85, 20.85, 318.60, 20.00, 4.63, 21.11, 20.31, 0.00, 76.69, 0.00, 61.25, 61.04, 0, 0
2.00, 5.70, 20.96, 20.96, 288.22, 20.00, 4.63, 20.56, 19.74, 0.00, 39.90, 0.00, 73.01, 71.51, 0, 0
2.00, 5.70, 21.09, 21.09, 348.50, 20.00, 4.63, 19.44, 18.65, 0.00, 13.03, 0.00, 83.35, 82.64, 0, 0
2.00, 5.70, 21.16, 21.16, 275.52, 20.00, 4.63, 18.89, 18.09, 0.00, 1.58, 0.00, 0.00, 90.00, 0, 0
2.00, 5.70, 21.18, 21.18, 214.04, 20.00, 4.63, 17.78, 16.99, 0.00, 0.00, 0.00, 0.00, 90.00, 0, 0
2.00, 5.70, 21.20, 21.20, 181.84, 20.00, 4.63, 17.22, 16.43, 0.00, 0.00, 0.00, 0.00, 90.00, 0, 0
2.00, 5.70, 21.14, 21.14, -3.29, 20.00, 4.63, 16.67, 15.88, 0.00, 0.00, 0.00, 0.00, 90.00, 0, 0
2.00, 5.70, 20.32, 20.32, -2128.60, 20.00, 4.63, 15.56, 14.77, 0.00, 0.00, 0.00, 0.00, 90.00, 0, 0
2.00, 5.70, 19.71, 19.71, -2411.92, 20.00, 4.63, 15.00, 14.20, 0.00, 0.00, 0.00, 0.00, 90.00, 0, 0
2.00, 5.70, 19.22, 19.22, -2674.73, 20.00, 4.63, 14.44, 13.64, 0.00, 0.00, 0.00, 0.00, 90.00, 0, 0
2.00, 5.70, 18.80, 18.80, -2925.62, 20.00, 4.63, 13.89, 13.09, 0.00, 0.00, 0.00, 0.00, 90.00, 0, 0
2.00, 5.70, 18.35, 18.35, -3353.82, 20.00, 4.63, 12.78, 11.98, 0.00, 0.00, 0.00, 0.00, 90.00, 0, 0
2.00, 5.70, 17.94, 17.94, -3602.73, 20.00, 4.63, 12.22, 11.42, 0.00, 0.00, 0.00, 0.00, 90.00, 0, 0
2.00, 5.70, 17.49, 17.49, -4033.58, 20.00, 4.63, 11.11, 10.33, 0.00, 0.00, 0.00, 0.00, 90.00, 0, 0
2.00, 5.70, 17.11, 17.11, -4204.72, 20.00, 4.63, 10.56, 9.76, 0.00, 0.00, 0.00, 0.00, 90.00, 0, 0
2.00, 5.70, 17.77, 17.77, -888.06, 20.00, 4.63, 11.67, 10.89, 0.00, 11.88, 43.97, -86.15, 86.46, 0, 0
2.00, 5.70, 18.32, 18.32, -643.99, 20.00, 4.63, 12.78, 12.00, 62.61, 27.18, 36.49, -76.06, 75.24, 0, 0
2.00, 5.70, 18.84, 18.84, -318.08, 20.00, 4.63, 14.44, 13.66, 121.39, 57.81, 33.52, -64.85, 64.53, 0, 0
2.00, 5.70, 19.20, 19.20, -305.19, 20.00, 4.63, 15.56, 14.77, 23.70, 59.92, 36.18, -51.53, 54.86, 0, 0
2.00, 5.70, 19.55, 19.55, -119.93, 20.00, 4.63, 16.67, 15.88, 8.97, 83.01, 43.45, -34.98, 47.04, 0, 0
2.00, 5.70, 19.79, 19.79, -112.18, 20.00, 4.63, 17.22, 16.43, 0.45, 71.23, 53.44, -14.69, 42.24, 0, 0
2.00, 5.70, 19.95, 19.95, -128.20, 20.00, 4.63, 17.22, 16.43, 0.15, 58.01, 64.84, 7.83, 41.55, 0, 0
2.00, 5.70, 20.07, 20.07, -139.83, 20.00, 4.63, 17.22, 16.43, 0.01, 48.96, 76.93, 29.11, 45.18, 0, 0
2.00, 5.70, 20.18, 20.18, -110.40, 20.00, 4.63, 17.22, 16.43, 0.01, 53.91, 89.31, 46.82, 52.20, 0, 0
2.00, 5.70, 20.26, 20.26, -115.11, 20.00, 4.63, 16.67, 15.88, 0.00, 53.22, 0.00, 61.02, 61.40, 0, 0
2.00, 5.70, 20.31, 20.31, -143.80, 20.00, 4.63, 16.11, 15.32, 0.00, 24.97, 0.00, 72.77, 71.86, 0, 0
2.00, 5.70, 20.41, 20.41, -35.26, 20.00, 4.63, 15.56, 14.77, 0.00, 6.34, 0.00, 83.11, 82.97, 0, 0
2.00, 5.70, 20.47, 20.47, -67.94, 20.00, 4.63, 15.00, 14.20, 0.00, 0.79, 0.00, 0.00, 90.00, 0, 0
2.00, 5.70, 20.50, 20.50, -100.01, 20.00, 4.63, 14.44, 13.66, 0.00, 0.00, 0.00, 0.00, 90.00, 0, 0
2.00, 5.70, 20.52, 20.52, -128.08, 20.00, 4.63, 13.89, 13.11, 0.00, 0.00, 0.00, 0.00, 90.00, 0, 0
2.00, 5.70, 20.43, 20.43, -360.96, 20.00, 4.63, 13.33, 12.55, 0.00, 0.00, 0.00, 0.00, 90.00, 0, 0
2.00, 5.70, 19.35, 19.35, -3242.05, 20.00, 4.63, 12.78, 11.98, 0.00, 0.00, 0.00, 0.00, 90.00, 0, 0
2.00, 5.70, 18.56, 18.56, -3551.05, 20.00, 4.63, 12.22, 11.44, 0.00, 0.00, 0.00, 0.00, 90.00, 0, 0
2.00, 5.70, 17.95, 17.95, -3832.91, 20.00, 4.63, 11.67, 10.87, 0.00, 0.00, 0.00, 0.00, 90.00, 0, 0
2.00, 5.70, 17.52, 17.52, -3912.55, 20.00, 4.63, 11.67, 10.87, 0.00, 0.00, 0.00, 0.00, 90.00, 0, 0
2.00, 5.70, 17.13, 17.13, -4160.28, 20.00, 4.63, 11.11, 10.33, 0.00, 0.00, 0.00, 0.00, 90.00, 0, 0
2.00, 5.70, 16.84, 16.84, -4218.00, 20.00, 4.63, 11.11, 10.33, 0.00, 0.00, 0.00, 0.00, 90.00, 0, 0
2.00, 5.70, 16.54, 16.54, -4452.49, 20.00, 4.63, 10.56, 9.76, 0.00, 0.00, 0.00, 0.00, 90.00, 0, 0
2.00, 5.70, 16.26, 16.26, -4608.22, 20.00, 4.63, 10.00, 9.22, 0.00, 0.00, 0.00, 0.00, 90.00, 0, 0
2.00, 5.70, 16.94, 16.94, -1149.06, 20.00, 4.63, 11.11, 10.33, 0.00, 6.34, 43.59, -85.79, 86.66, 0, 0
2.00, 5.70, 17.75, 17.75, -408.79, 20.00, 4.63, 13.33, 12.56, 333.46, 39.00, 36.08, -75.69, 75.44, 0, 0
2.00, 5.70, 18.51, 18.51, 30.99, 20.00, 4.63, 15.56, 14.79, 381.55, 74.02, 33.11, -64.47, 64.76, 0, 0
2.00, 5.70, 19.26, 19.26, 506.66, 20.00, 4.63, 18.33, 17.56, 371.33, 116.17, 35.84, -51.15, 55.13, 0, 0
2.00, 5.70, 19.85, 19.85, 634.33, 20.00, 4.63, 20.56, 19.76, 78.71, 136.16, 43.19, -34.63, 47.37, 0, 0
2.00, 5.70, 20.29, 20.29, 665.81, 20.00, 4.63, 22.22, 21.44, 8.87, 142.13, 53.23, -14.44, 42.62, 0, 0
2.00, 5.70, 20.63, 20.63, 709.27, 20.00, 4.63, 23.33, 22.54, 7.38, 140.44, 64.66, 7.91, 41.97, 0, 0
2.00, 5.70, 20.90, 20.90, 733.02, 20.00, 4.63, 23.89, 23.10, 2.67, 133.56, 76.77, 29.02, 45.59, 0, 0
2.00, 5.70, 21.11, 21.11, 751.49, 20.00, 4.63, 24.44, 23.65, 0.58, 120.88, 89.16, 46.64, 52.59, 0, 0
2.00, 5.70, 21.22, 21.22, 617.88, 20.00, 4.63, 23.33, 22.54, 0.00, 74.05, 0.00, 60.80, 61.77, 0, 0
2.00, 5.70, 21.31, 21.31, 588.94, 20.00, 4.63, 22.22, 21.44, 0.00, 42.84, 0.00, 72.53, 72.21, 0, 0
2.00, 5.70, 21.38, 21.38, 581.97, 20.00, 4.63, 20.56, 19.78, 0.00, 18.22, 0.00, 82.86, 83.31, 0, 0
2.00, 5.70, 21.42, 21.42, 503.27, 20.00, 4.63, 20.00, 19.22, 0.00, 2.38, 0.00, 0.00, 90.00, 0, 0
2.00, 5.70, 21.44, 21.44, 458.49, 20.00, 4.63, 19.44, 18.67, 0.00, 0.00, 0.00, 0.00, 90.00, 0, 0
2.00, 5.70, 21.44, 21.44, 399.22, 20.00, 4.63, 18.33, 17.56, 0.00, 0.00, 0.00, 0.00, 90.00, 0, 0
2.00, 5.70, 21.34, 21.34, 161.43, 20.00, 4.63, 17.78, 17.01, 0.00, 0.00, 0.00, 0.00, 90.00, 0, 0
2.00, 5.70, 20.70, 20.70, -1482.98, 20.00, 4.63, 17.22, 16.45, 0.00, 0.00, 0.00, 0.00, 90.00, 0, 0
2.00, 5.70, 20.21, 20.21, -1752.39, 20.00, 4.63, 16.67, 15.88, 0.00, 0.00, 0.00, 0.00, 90.00, 0, 0
2.00, 5.70, 19.79, 19.79, -2005.15, 20.00, 4.63, 16.11, 15.33, 0.00, 0.00, 0.00, 0.00, 90.00, 0, 0
2.00, 5.70, 19.43, 19.43, -2248.63, 20.00, 4.63, 15.56, 14.77, 0.00, 0.00, 0.00, 0.00, 90.00, 0, 0
2.00, 5.70, 19.10, 19.10, -2486.84, 20.00, 4.63, 15.00, 14.20, 0.00, 0.00, 0.00, 0.00, 90.00, 0, 0
2.00, 5.70, 18.78, 18.78, -2722.12, 20.00, 4.63, 14.44, 13.66, 0.00, 0.00, 0.00, 0.00, 90.00, 0, 0
2.00, 5.70, 18.39, 18.39, -3139.39, 20.00, 4.63, 13.33, 12.56, 0.00, 0.00, 0.00, 0.00, 90.00, 0, 0
2.00, 5.70, 18.04, 18.04, -3374.97, 20.00, 4.63, 12.78, 12.00, 0.00, 0.00, 0.00, 0.00, 90.00, 0, 0
2.00, 5.70, 18.53, 18.53, -703.95, 20.00, 4.63, 13.89, 13.11, 0.00, 9.50, 43.21, -85.42, 86.85, 0, 0
2.00, 5.70, 19.24, 19.24, 81.72, 20.00, 4.63, 16.11, 15.35, 391.09, 39.59, 35.68, -75.32, 75.65, 0, 0
2.00, 5.70, 19.88, 19.88, 406.33, 20.00, 4.63, 18.33, 17.57, 367.61, 72.45, 32.71, -64.10, 64.99, 0, 0
2.00, 5.70, 20.52, 20.52, 808.73, 20.00, 4.63, 21.11, 20.35, 343.52, 109.71, 35.50, -50.77, 55.40, 0, 0
2.00, 5.70, 21.10, 21.10, 1066.33, 20.00, 4.63, 23.33, 22.56, 106.58, 139.23, 42.92, -34.29, 47.69, 0, 0
2.00, 5.70, 21.53, 21.53, 1104.87, 20.00, 4.63, 25.00, 24.23, 11.90, 151.20, 53.02, -14.19, 43.00, 0, 0
2.00, 5.70, 21.89, 21.89, 1192.54, 20.00, 4.63, 26.67, 25.88, 11.45, 157.24, 64.49, 7.98, 42.38, 0, 0
2.00, 5.70, 22.19, 22.19, 1232.75, 20.00, 4.63, 27.22, 26.44, 5.17, 152.64, 76.62, 28.93, 46.00, 0, 0
2.00, 5.70, 22.40, 22.40, 1189.37, 20.00, 4.63, 27.78, 26.99, 0.80, 122.73, 89.01, 46.45, 52.98, 0, 0
2.00, 5.70, 22.55, 22.55, 1140.37, 20.00, 4.63, 27.22, 26.44, 0.00, 86.53, 0.00, 60.57, 62.13, 0, 0
2.00, 5.70, 22.68, 22.68, 1160.79, 20.00, 4.63, 26.11, 25.35, 0.00, 50.06, 0.00, 72.29, 72.55, 0, 0
2.00, 5.70, 22.74, 22.74, 1036.81, 20.00, 4.63, 23.89, 23.14, 0.00, 16.63, 0.00, 82.62, 83.64, 0, 0
2.00, 5.70, 22.77, 22.77, 946.65, 20.00, 4.63, 23.33, 22.57, 0.00, 1.58, 0.00, 0.00, 90.00, 0, 0
2.00, 5.70, 22.78, 22.78, 898.19, 20.00, 4.63, 22.78, 22.03, 0.00, 0.00, 0.00, 0.00, 90.00, 0, 0
2.00, 5.70, 22.79, 22.79, 858.56, 20.00, 4.63, 22.22, 21.48, 0.00, 0.00, 0.00, 0.00, 90.00, 0, 0
2.00, 5.70, 22.72, 22.72, 643.90, 20.00, 4.63, 21.11, 20.36, 0.00, 0.00, 0.00, 0.00, 90.00, 0, 0
2.00, 5.70, 22.33, 22.33, -101.77, 20.00, 4.63, 20.56, 19.82, 0.00, 0.00, 0.00, 0.00, 90.00, 0, 0
2.00, 5.70, 22.00, 22.00, -345.28, 20.00, 4.63, 20.00, 19.25, 0.00, 0.00, 0.00, 0.00, 90.00, 0, 0
2.00, 5.70, 21.71, 21.71, -579.41, 20.00, 4.63, 19.44, 18.69, 0.00, 0.00, 0.00, 0.00, 90.00, 0, 0
2.00, 5.70, 21.43, 21.43, -808.49, 20.00, 4.63, 18.89, 18.14, 0.00, 0.00, 0.00, 0.00, 90.00, 0, 0
2.00, 5.70, 21.16, 21.16, -1035.07, 20.00, 4.63, 18.33, 17.59, 0.00, 0.00, 0.00, 0.00, 90.00, 0, 0
2.00, 5.70, 20.98, 20.98, -1082.81, 20.00, 4.63, 18.33, 17.57, 0.00, 0.00, 0.00, 0.00, 90.00, 0, 0
2.00, 5.70, 20.76, 20.76, -1300.16, 20.00, 4.63, 17.78, 17.03, 0.00, 0.00, 0.00, 0.00, 90.00, 0, 0
2.00, 5.70, 20.53, 20.53, -1513.44, 20.00, 4.63, 17.22, 16.48, 0.00, 0.00, 0.00, 0.00, 90.00, 0, 0
2.00, 5.70, 20.83, 20.83, -86.56, 20.00, 4.63, 17.78, 17.04, 0.00, 7.13, 42.84, -85.06, 87.05, 0, 0
2.00, 5.70, 21.07, 21.07, 20.33, 20.00, 4.63, 18.89, 18.16, 2.48, 19.75, 35.27, -74.95, 75.86, 0, 0
2.00, 5.70, 21.27, 21.27, 82.56, 20.00, 4.63, 19.44, 18.70, 0.00, 26.93, 32.30, -63.72, 65.22, 0, 0
2.00, 5.70, 21.44, 21.44, 149.85, 20.00, 4.63, 20.00, 19.27, 0.00, 34.85, 35.15, -50.39, 55.67, 0, 0
2.00, 5.70, 21.59, 21.59, 202.64, 20.00, 4.63, 20.56, 19.82, 0.00, 38.02, 42.65, -33.94, 48.02, 0, 0
2.00, 5.70, 21.71, 21.71, 228.01, 20.00, 4.63, 20.56, 19.82, 0.05, 40.25, 52.81, -13.95, 43.38, 0, 0
2.00, 5.70, 21.83, 21.83, 279.85, 20.00, 4.63, 21.11, 20.35, 0.04, 44.21, 64.32, 8.05, 42.79, 0, 0
2.00, 5.70, 21.97, 21.97, 387.75, 20.00, 4.63, 21.67, 20.91, 0.09, 56.47, 76.46, 28.85, 46.41, 0, 0
2.00, 5.70, 22.12, 22.12, 473.02, 20.00, 4.63, 22.22, 21.46, 0.09, 66.02, 88.86, 46.27, 53.36, 0, 0
2.00, 5.70, 22.18, 22.18, 376.84, 20.00, 4.63, 21.67, 20.91, 0.00, 35.18, 0.00, 60.35, 62.49, 0, 0
2.00, 5.70, 22.23, 22.23, 360.61, 20.00, 4.63, 21.11, 20.35, 0.00, 13.46, 0.00, 72.05, 72.89, 0, 0
2.00, 5.70, 22.34, 22.34, 503.26, 20.00, 4.63, 20.56, 19.80, 0.00, 3.96, 0.00, 82.37, 83.98, 0, 0
2.00, 5.70, 22.42, 22.42, 479.88, 20.00, 4.63, 20.00, 19.25, 0.00, 0.00, 0.00, 0.00, 90.00, 0, 0
2.00, 5.70, 22.47, 22.47, 462.16, 20.00, 4.63, 19.44, 18.69, 0.00, 0.00, 0.00, 0.00, 90.00, 0, 0
2.00, 5.70, 22.51, 22.51, 440.46, 20.00, 4.63, 18.89, 18.14, 0.00, 0.00, 0.00, 0.00, 90.00, 0, 0
2.00, 5.70, 22.46, 22.46, 262.54, 20.00, 4.63, 18.33, 17.57, 0.00, 0.00, 0.00, 0.00, 90.00, 0, 0
2.00, 5.70, 21.78, 21.78, -1228.49, 20.00, 4.63, 17.78, 17.01, 0.00, 0.00, 0.00, 0.00, 90.00, 0, 0
2.00, 5.70, 21.26, 21.26, -1491.54, 20.00, 4.63, 17.22, 16.45, 0.00, 0.00, 0.00, 0.00, 90.00, 0, 0
2.00, 5.70, 20.75, 20.75, -1919.13, 20.00, 4.63, 16.11, 15.35, 0.00, 0.00, 0.00, 0.00, 90.00, 0, 0
2.00, 5.70, 20.24, 20.24, -2347.95, 20.00, 4.63, 15.00, 14.22, 0.00, 0.00, 0.00, 0.00, 90.00, 0, 0
2.00, 5.70, 19.73, 19.73, -2779.47, 20.00, 4.63, 13.89, 13.11, 0.00, 0.00, 0.00, 0.00, 90.00, 0, 0
2.00, 5.70, 19.13, 19.13, -3399.52, 20.00, 4.63, 12.22, 11.45, 0.00, 0.00, 0.00, 0.00, 90.00, 0, 0
2.00, 5.70, 18.54, 18.54, -3848.56, 20.00, 4.63, 11.11, 10.34, 0.00, 0.00, 0.00, 0.00, 90.00, 0, 0
2.00, 5.70, 17.96, 17.96, -4293.97, 20.00, 4.63, 10.00, 9.22, 0.00, 0.00, 0.00, 0.00, 90.00, 0, 0
2.00, 5.70, 18.66, 18.66, -832.28, 20.00, 4.63, 11.11, 10.34, 0.00, 11.88, 42.47, -84.69, 87.24, 0, 0
2.00, 5.70, 19.54, 19.54, 29.04, 20.00, 4.63, 13.33, 12.56, 439.23, 39.83, 34.86, -74.58, 76.06, 0, 0
2.00, 5.70, 20.26, 20.26, 311.73, 20.00, 4.63, 15.56, 14.79, 375.32, 71.11, 31.90, -63.35, 65.45, 0, 0
2.00, 5.70, 20.81, 20.81, 437.31, 20.00, 4.63, 17.22, 16.45, 235.94, 94.98, 34.81, -50.02, 55.95, 0, 0
2.00, 5.70, 21.26, 21.26, 572.91, 20.00, 4.63, 18.89, 18.10, 69.73, 116.43, 42.39, -33.61, 48.35, 0, 0
2.00, 5.70, 21.63, 21.63, 681.76, 20.00, 4.63, 20.56, 19.76, 7.63, 130.31, 52.61, -13.72, 43.76, 0, 0
2.00, 5.70, 21.90, 21.90, 672.52, 20.00, 4.63, 21.11, 20.33, 4.92, 123.95, 64.14, 8.12, 43.20, 0, 0
2.00, 5.70, 22.09, 22.09, 668.81, 20.00, 4.63, 21.67, 20.88, 2.24, 105.92, 76.31, 28.76, 46.82, 0, 0
2.00, 5.70, 22.25, 22.25, 688.72, 20.00, 4.63, 21.67, 20.88, 0.71, 104.98, 88.70, 46.09, 53.75, 0, 0
2.00, 5.70, 22.39, 22.39, 704.78, 20.00, 4.63, 21.67, 20.88, 0.00, 84.46, 0.00, 60.13, 62.85, 0, 0
2.00, 5.70, 22.53, 22.53, 769.88, 20.00, 4.63, 20.56, 19.76, 0.00, 51.67, 0.00, 71.81, 73.24, 0, 0
2.00, 5.70, 22.59, 22.59, 643.97, 20.00, 4.63, 18.89, 18.10, 0.00, 15.84, 0.00, 82.13, 84.31, 0, 0
2.00, 5.70, 22.59, 22.59, 553.93, 20.00, 4.63, 18.33, 17.56, 0.00, 1.58, 0.00, 0.00, 90.00, 0, 0
2.00, 5.70, 22.58, 22.58, 497.59, 20.00, 4.63, 17.78, 16.99, 0.00, 0.00, 0.00, 0.00, 90.00, 0, 0
2.00, 5.70, 22.56, 22.56, 427.03, 20.00, 4.63, 16.67, 15.90, 0.00, 0.00, 0.00, 0.00, 90.00, 0, 0
2.00, 5.70, 22.45, 22.45, 228.26, 20.00, 4.63, 16.11, 15.33, 0.00, 0.00, 0.00, 0.00, 90.00, 0, 0
2.00, 5.70, 21.47, 21.47, -1898.35, 20.00, 4.63, 15.56, 14.77, 0.00, 0.00, 0.00, 0.00, 90.00, 0, 0
2.00, 5.70, 20.66, 20.66, -2381.09, 20.00, 4.63, 14.44, 13.66, 0.00, 0.00, 0.00, 0.00, 90.00, 0, 0
2.00, 5.70, 20.12, 20.12, -2482.91, 20.00, 4.63, 14.44, 13.66, 0.00, 0.00, 0.00, 0.00, 90.00, 0, 0
2.00, 5.70, 19.66, 19.66, -2742.34, 20.00, 4.63, 13.89, 13.11, 0.00, 0.00, 0.00, 0.00, 90.00, 0, 0
2.00, 5.70, 19.25, 19.25, -2994.13, 20.00, 4.63, 13.33, 12.55, 0.00, 0.00, 0.00, 0.00, 90.00, 0, 0
2.00, 5.70, 18.95, 18.95, -3057.34, 20.00, 4.63, 13.33, 12.55, 0.00, 0.00, 0.00, 0.00, 90.00, 0, 0
2.00, 5.70, 18.64, 18.64, -3293.72, 20.00, 4.63, 12.78, 12.00, 0.00, 0.00, 0.00, 0.00, 90.00, 0, 0
2.00, 5.70, 18.41, 18.41, -3339.94, 20.00, 4.63, 12.78, 12.00, 0.00, 0.00, 0.00, 0.00, 90.00, 0, 0
2.00, 5.70, 19.01, 19.01, -679.19, 20.00, 4.63, 13.33, 12.56, 0.00, 8.71, 42.10, -84.33, 87.44, 0, 0
2.00, 5.70, 19.85, 19.85, 220.55, 20.00, 4.63, 15.56, 14.79, 463.79, 39.57, 34.46, -74.22, 76.27, 0, 0
2.00, 5.70, 20.61, 20.61, 626.63, 20.00, 4.63, 18.33, 17.56, 446.59, 79.13, 31.50, -62.98, 65.69, 0, 0
2.00, 5.70, 20.96, 20.96, 284.39, 20.00, 4.63, 18.89, 18.10, 96.50, 63.43, 34.48, -49.65, 56.22, 0, 0
2.00, 5.70, 21.05, 21.05, -43.14, 20.00, 4.63, 17.22, 16.45, 2.16, 19.27, 42.13, -33.27, 48.67, 0, 0
2.00, 5.70, 21.18, 21.18, 69.64, 20.00, 4.63, 17.78, 16.99, 0.21, 54.86, 52.40, -13.49, 44.13, 0, 0
2.00, 5.70, 21.30, 21.30, 131.58, 20.00, 4.63, 18.33, 17.54, 0.22, 64.22, 63.97, 8.19, 43.60, 0, 0
2.00, 5.70, 21.42, 21.42, 178.41, 20.00, 4.63, 18.89, 18.09, 0.13, 59.65, 76.15, 28.67, 47.22, 0, 0
2.00, 5.70, 21.48, 21.48, 107.08, 20.00, 4.63, 18.33, 17.52, 0.01, 41.86, 88.55, 45.91, 54.14, 0, 0
2.00, 5.70, 21.52, 21.52, 94.84, 20.00, 4.63, 18.33, 17.52, 0.00, 38.45, 0.00, 59.91, 63.22, 0, 0
2.00, 5.70, 21.54, 21.54, 54.73, 20.00, 4.63, 17.78, 16.97, 0.00, 11.03, 0.00, 71.57, 73.58, 0, 0
2.00, 5.70, 21.62, 21.62, 173.15, 20.00, 4.63, 16.67, 15.86, 0.00, 4.75, 0.00, 81.89, 84.64, 0, 0
2.00, 5.70, 21.66, 21.66, 143.22, 20.00, 4.63, 16.11, 15.32, 0.00, 0.79, 0.00, 0.00, 90.00, 0, 0
2.00, 5.70, 21.69, 21.69, 109.50, 20.00, 4.63, 15.56, 14.75, 0.00, 0.00, 0.00, 0.00, 90.00, 0, 0
2.00, 5.70, 21.69, 21.69, 78.56, 20.00, 4.63, 15.00, 14.19, 0.00, 0.00, 0.00, 0.00, 90.00, 0, 0
2.00, 5.70, 21.60, 21.60, -133.17, 20.00, 4.63, 13.89, 13.09, 0.00, 0.00, 0.00, 0.00, 90.00, 0, 0
2.00, 5.70, 20.45, 20.45, -2869.47, 20.00, 4.63, 13.33, 12.53, 0.00, 0.00, 0.00, 0.00, 90.00, 0, 0
2.00, 5.70, 19.61, 19.61, -3182.39, 20.00, 4.63, 12.78, 11.96, 0.00, 0.00, 0.00, 0.00, 90.00, 0, 0
2.00, 5.70, 18.88, 18.88, -3652.73, 20.00, 4.63, 11.67, 10.86, 0.00, 0.00, 0.00, 0.00, 90.00, 0, 0
2.00, 5.70, 18.22, 18.22, -4116.27, 20.00, 4.63, 10.56, 9.75, 0.00, 0.00, 0.00, 0.00, 90.00, 0, 0
2.00, 5.70, 17.58, 17.58, -4577.62, 20.00, 4.63, 9.44, 8.64, 0.00, 0.00, 0.00, 0.00, 90.00, 0, 0
2.00, 5.70, 17.05, 17.05, -4850.15, 20.00, 4.63, 8.89, 8.07, 0.00, 0.00, 0.00, 0.00, 90.00, 0, 0
2.00, 5.70, 16.49, 16.49, -5305.43, 20.00, 4.63, 7.78, 6.96, 0.00, 0.00, 0.00, 0.00, 90.00, 0, 0
2.00, 5.70, 15.91, 15.91, -5760.03, 20.00, 4.63, 6.67, 5.84, 0.00, 0.00, 0.00, 0.00, 90.00, 0, 0
2.00, 5.70, 16.78, 16.78, -1376.30, 20.00, 4.63, 7.22, 6.40, 0.00, 8.71, 41.73, -83.97, 87.63, 0, 0
2.00, 5.70, 17.53, 17.53, -960.42, 20.00, 4.63, 8.89, 8.07, 148.39, 29.74, 34.05, -73.86, 76.48, 0, 0
2.00, 5.70, 17.98, 17.98, -1051.65, 20.00, 4.63, 9.44, 8.64, 9.40, 25.81, 31.10, -62.61, 65.93, 0, 0
2.00, 5.70, 18.40, 18.40, -796.46, 20.00, 4.63, 10.56, 9.75, 46.12, 62.06, 34.14, -49.29, 56.50, 0, 0
2.00, 5.70, 18.73, 18.73, -676.16, 20.00, 4.63, 11.67, 10.86, 11.17, 75.90, 41.87, -32.95, 49.00, 0, 0
2.00, 5.70, 19.14, 19.14, -316.79, 20.00, 4.63, 13.33, 12.53, 6.04, 122.38, 52.20, -13.26, 44.51, 0, 0
2.00, 5.70, 19.53, 19.53, -95.56, 20.00, 4.63, 15.00, 14.19, 8.94, 140.96, 63.80, 8.25, 44.01, 0, 0
2.00, 5.70, 19.80, 19.80, -114.40, 20.00, 4.63, 16.11, 15.30, 3.77, 108.40, 76.00, 28.59, 47.63, 0, 0
2.00, 5.70, 20.00, 20.00, -91.63, 20.00, 4.63, 16.11, 15.32, 1.05, 104.48, 88.40, 45.74, 54.52, 0, 0
2.00, 5.70, 20.16, 20.16, -52.07, 20.00, 4.63, 16.67, 15.86, 0.00, 84.19, 0.00, 59.69, 63.58, 0, 0
2.00, 5.70, 20.23, 20.23, -158.99, 20.00, 4.63, 15.56, 14.75, 0.00, 32.58, 0.00, 71.34, 73.92, 0, 0
2.00, 5.70, 20.29, 20.29, -166.44, 20.00, 4.63, 13.89, 13.09, 0.00, 9.50, 0.00, 81.64, 84.97, 0, 0
2.00, 5.70, 20.32, 20.32, -204.30, 20.00, 4.63, 13.89, 13.09, 0.00, 0.79, 0.00, 0.00, 90.00, 0, 0
2.00, 5.70, 20.34, 20.34, -225.24, 20.00, 4.63, 13.89, 13.11, 0.00, 0.00, 0.00, 0.00, 90.00, 0, 0
2.00, 5.70, 20.34, 20.34, -261.23, 20.00, 4.63, 13.33, 12.56, 0.00, 0.00, 0.00, 0.00, 90.00, 0, 0
2.00, 5.70, 20.27, 20.27, -424.80, 20.00, 4.63, 13.33, 12.55, 0.00, 0.00, 0.00, 0.00, 90.00, 0, 0
2.00, 5.70, 19.30, 19.30, -3116.39, 20.00, 4.63, 13.33, 12.55, 0.00, 0.00, 0.00, 0.00, 90.00, 0, 0
2.00, 5.70, 18.59, 18.59, -3412.89, 20.00, 4.63, 12.78, 12.00, 0.00, 0.00, 0.00, 0.00, 90.00, 0, 0
2.00, 5.70, 18.10, 18.10, -3500.33, 20.00, 4.63, 12.78, 12.00, 0.00, 0.00, 0.00, 0.00, 90.00, 0, 0
2.00, 5.70, 17.85, 17.85, -3381.13, 20.00, 4.63, 13.33, 12.55, 0.00, 0.00, 0.00, 0.00, 90.00, 0, 0
2.00, 5.70, 17.65, 17.65, -3423.69, 20.00, 4.63, 13.33, 12.55, 0.00, 0.00, 0.00, 0.00, 90.00, 0, 0
2.00, 5.70, 17.50, 17.50, -3458.87, 20.00, 4.63, 13.33, 12.55, 0.00, 0.00, 0.00, 0.00, 90.00, 0, 0
2.00, 5.70, 17.37, 17.37, -3488.79, 20.00, 4.63, 13.33, 12.56, 0.00, 0.00, 0.00, 0.00, 90.00, 0, 0
2.00, 5.70, 17.30, 17.30, -3434.79, 20.00, 4.63, 13.33, 12.58, 0.00, 0.00, 0.00, 0.00, 90.00, 0, 0
2.00, 5.70, 17.81, 17.81, -903.13, 20.00, 4.63, 14.44, 13.69, 0.00, 5.54, 41.36, -83.61, 87.83, 0, 0
2.00, 5.70, 18.37, 18.37, -455.41, 20.00, 4.63, 16.11, 15.35, 167.83, 31.04, 33.65, -73.50, 76.69, 0, 0
2.00, 5.70, 18.82, 18.82, -303.36, 20.00, 4.63, 17.78, 17.03, 104.37, 50.28, 30.70, -62.24, 66.16, 0, 0
2.00, 5.70, 19.49, 19.49, 415.47, 20.00, 4.63, 20.00, 19.25, 344.97, 105.08, 33.80, -48.93, 56.78, 0, 0
2.00, 5.70, 19.84, 19.84, 191.29, 20.00, 4.63, 21.11, 20.35, 35.62, 88.49, 41.61, -32.62, 49.33, 0, 0
2.00, 5.70, 20.02, 20.02, 44.71, 20.00, 4.63, 21.11, 20.35, 0.39, 54.44, 51.99, -13.04, 44.89, 0, 0
2.00, 5.70, 20.15, 20.15, 33.51, 20.00, 4.63, 21.11, 20.35, 0.09, 48.03, 63.63, 8.31, 44.42, 0, 0
2.00, 5.70, 20.30, 20.30, 129.73, 20.00, 4.63, 21.11, 20.35, 0.65, 70.85, 75.85, 28.50, 48.03, 0, 0
2.00, 5.70, 20.47, 20.47, 223.62, 20.00, 4.63, 21.67, 20.89, 0.45, 80.50, 88.25, 45.56, 54.90, 0, 0
2.00, 5.70, 20.55, 20.55, 129.08, 20.00, 4.63, 21.11, 20.35, 0.00, 46.63, 0.00, 59.47, 63.93, 0, 0
2.00, 5.70, 20.61, 20.61, 98.88, 20.00, 4.63, 20.56, 19.78, 0.00, 18.90, 0.00, 71.10, 74.26, 0, 0
2.00, 5.70, 20.72, 20.72, 212.61, 20.00, 4.63, 19.44, 18.69, 0.00, 7.13, 0.00, 81.40, 85.30, 0, 0
2.00, 5.70, 20.79, 20.79, 185.48, 20.00, 4.63, 18.89, 18.14, 0.00, 0.79, 0.00, 0.00, 90.00, 0, 0
2.00, 5.70, 20.85, 20.85, 164.27, 20.00, 4.63, 18.33, 17.57, 0.00, 0.00, 0.00, 0.00, 90.00, 0, 0
2.00, 5.70, 20.89, 20.89, 144.90, 20.00, 4.63, 17.78, 17.03, 0.00, 0.00, 0.00, 0.00, 90.00, 0, 0
2.00, 5.70, 20.82, 20.82, -79.29, 20.00, 4.63, 17.22, 16.46, 0.00, 0.00, 0.00, 0.00, 90.00, 0, 0
2.00, 5.70, 20.19, 20.19, -1860.12, 20.00, 4.63, 16.67, 15.92, 0.00, 0.00, 0.00, 0.00, 90.00, 0, 0
2.00, 5.70, 19.70, 19.70, -2122.22, 20.00, 4.63, 16.11, 15.35, 0.00, 0.00, 0.00, 0.00, 90.00, 0, 0
2.00, 5.70, 19.29, 19.29, -2368.83, 20.00, 4.63, 15.56, 14.80, 0.00, 0.00, 0.00, 0.00, 90.00, 0, 0
2.00, 5.70, 18.94, 18.94, -2606.98, 20.00, 4.63, 15.00, 14.24, 0.00, 0.00, 0.00, 0.00, 90.00, 0, 0
2.00, 5.70, 18.60, 18.60, -2840.47, 20.00, 4.63, 14.44, 13.68, 0.00, 0.00, 0.00, 0.00, 90.00, 0, 0
2.00, 5.70, 18.29, 18.29, -3071.54, 20.00, 4.63, 13.89, 13.13, 0.00, 0.00, 0.00, 0.00, 90.00, 0, 0
2.00, 5.70, 17.98, 17.98, -3301.74, 20.00, 4.63, 13.33, 12.58, 0.00, 0.00, 0.00, 0.00, 90.00, 0, 0
2.00, 5.70, 17.71, 17.71, -3451.78, 20.00, 4.63, 12.78, 12.02, 0.00, 0.00, 0.00, 0.00, 90.00, 0, 0
2.00, 5.70, 18.22, 18.22, -766.35, 20.00, 4.63, 13.89, 13.13, 0.00, 9.50, 0.00, -83.25, 88.03, 0, 0
2.00, 5.70, 18.69, 18.69, -488.34, 20.00, 4.63, 15.00, 14.24, 91.18, 26.12, 33.25, -73.14, 76.90, 0, 0
2.00, 5.70, 19.04, 19.04, -420.45, 20.00, 4.63, 16.11, 15.35, 21.55, 40.46, 30.30, -61.88, 66.40, 0, 0
2.00, 5.70, 19.37, 19.37, -227.11, 20.00, 4.63, 17.22, 16.45, 41.30, 60.95, 33.47, -48.57, 57.05, 0, 0
2.00, 5.70, 19.91, 19.91, 384.66, 20.00, 4.63, 19.44, 18.67, 116.38, 120.40, 41.35, -32.31, 49.66, 0, 0
2.00, 5.70, 20.28, 20.28, 378.10, 20.00, 4.63, 21.11, 20.33, 7.84, 114.56, 51.79, -12.83, 45.27, 0, 0
2.00, 5.70, 20.52, 20.52, 335.93, 20.00, 4.63, 21.67, 20.88, 1.94, 94.08, 63.46, 8.37, 44.82, 0, 0
2.00, 5.70, 20.70, 20.70, 325.20, 20.00, 4.63, 21.67, 20.88, 1.41, 82.46, 75.69, 28.41, 48.43, 0, 0
2.00, 5.70, 20.81, 20.81, 260.48, 20.00, 4.63, 21.67, 20.86, 0.06, 56.11, 88.10, 45.38, 55.28, 0, 0
2.00, 5.70, 20.87, 20.87, 198.85, 20.00, 4.63, 21.11, 20.31, 0.00, 41.37, 0.00, 59.25, 64.29, 0, 0
2.00, 5.70, 20.93, 20.93, 200.28, 20.00, 4.63, 20.56, 19.74, 0.00, 24.39, 0.00, 70.86, 74.60, 0, 0
2.00, 5.70, 21.02, 21.02, 287.00, 20.00, 4.63, 19.44, 18.63, 0.00, 4.75, 0.00, 81.15, 85.63, 0, 0
2.00, 5.70, 21.08, 21.08, 231.19, 20.00, 4.63, 18.33, 17.52, 0.00, 0.00, 0.00, 0.00, 90.00, 0, 0
2.00, 5.70, 21.10, 21.10, 183.89, 20.00, 4.63, 17.22, 16.41, 0.00, 0.00, 0.00, 0.00, 90.00, 0, 0
2.00, 5.70, 21.12, 21.12, 157.00, 20.00, 4.63, 16.67, 15.84, 0.00, 0.00, 0.00, 0.00, 90.00, 0, 0
2.00, 5.70, 21.02, 21.02, -99.39, 20.00, 4.63, 15.56, 14.73, 0.00, 0.00, 0.00, 0.00, 90.00, 0, 0
2.00, 5.70, 20.84, 20.84, -340.34, 20.00, 4.63, 14.44, 13.62, 0.00, 0.00, 0.00, 0.00, 90.00, 0, 0
2.00, 5.70, 20.66, 20.66, -468.97, 20.00, 4.63, 12.78, 11.94, 0.00, 0.00, 0.00, 0.00, 90.00, 0, 0
2.00, 5.70, 20.49, 20.49, -569.55, 20.00, 4.63, 11.67, 10.86, 0.00, 0.00, 0.00, 0.00, 90.00, 0, 0
2.00, 5.70, 20.33, 20.33, -667.82, 20.00, 4.63, 10.56, 9.75, 0.00, 0.00, 0.00, 0.00, 90.00, 0, 0
2.00, 5.70, 20.18, 20.18, -765.54, 20.00, 4.63, 9.44, 8.62, 0.00, 0.00, 0.00, 0.00, 90.00, 0, 0
2.00, 5.70, 20.01, 20.01, -889.29, 20.00, 4.63, 7.78, 6.96, 0.00, 0.00, 0.00, 0.00, 90.00, 0, 0
2.00, 5.70, 19.84, 19.84, -990.65, 20.00, 4.63, 6.67, 5.84, 0.00, 0.00, 0.00, 0.00, 90.00, 0, 0
2.00, 5.70, 20.00, 20.00, -1104.33, 20.00, 4.63, 5.00, 4.17, 0.00, 0.00, 0.00, 0.00, 90.00, 0, 0
2.00, 5.70, 20.00, 20.00, -1063.39, 20.00, 4.63, 6.11, 5.27, 0.00, 9.50, 0.00, -82.90, 88.22, 0, 0
2.00, 5.70, 20.34, 20.34, 41.85, 20.00, 4.63, 8.89, 8.05, 441.46, 36.81, 32.85, -72.78, 77.12, 0, 0
2.00, 5.70, 20.93, 20.93, 771.09, 20.00, 4.63, 11.67, 10.84, 582.53, 74.22, 29.91, -61.52, 66.64, 0, 0
2.00, 5.70, 21.49, 21.49, 1081.85, 20.00, 4.63, 14.44, 13.60, 486.35, 108.04, 33.14, -48.22, 57.33, 0, 0
2.00, 5.70, 21.85, 21.85, 987.10, 20.00, 4.63, 16.67, 15.82, 148.81, 123.41, 41.10, -32.00, 49.99, 0, 0
2.00, 5.70, 22.17, 22.17, 1094.29, 20.00, 4.63, 18.33, 17.50, 28.54, 144.08, 51.59, -12.62, 45.65, 0, 0
2.00, 5.70, 22.43, 22.43, 1137.94, 20.00, 4.63, 20.00, 19.15, 16.78, 148.73, 63.29, 8.43, 45.23, 0, 0
2.00, 5.70, 22.60, 22.60, 1072.63, 20.00, 4.63, 20.56, 19.72, 14.50, 137.27, 75.54, 28.32, 48.84, 0, 0
2.00, 5.70, 22.65, 22.65, 900.55, 20.00, 4.63, 20.56, 19.72, 1.62, 104.13, 87.94, 45.21, 55.66, 0, 0
2.00, 5.70, 22.66, 22.66, 787.04, 20.00, 4.63, 20.00, 19.15, 0.00, 75.43, 0.00, 59.04, 64.65, 0, 0
2.00, 5.70, 22.59, 22.59, 602.35, 20.00, 4.63, 18.33, 17.50, 0.00, 34.09, 0.00, 70.63, 74.94, 0, 0
2.00, 5.70, 22.50, 22.50, 484.80, 20.00, 4.63, 16.11, 15.28, 0.00, 6.34, 0.00, 80.91, 85.95, 0, 0
2.00, 5.70, 22.42, 22.42, 391.23, 20.00, 4.63, 15.56, 14.73, 0.00, 0.00, 0.00, 0.00, 90.00, 0, 0
2.00, 5.70, 22.32, 22.32, 299.95, 20.00, 4.63, 14.44, 13.62, 0.00, 0.00, 0.00, 0.00, 90.00, 0, 0
2.00, 5.70, 22.23, 22.23, 212.80, 20.00, 4.63, 13.33, 12.51, 0.00, 0.00, 0.00, 0.00, 90.00, 0, 0
2.00, 5.70, 22.06, 22.06, -25.33, 20.00, 4.63, 12.22, 11.40, 0.00, 0.00, 0.00, 0.00, 90.00, 0, 0
2.00, 5.70, 21.82, 21.82, -267.37, 20.00, 4.63, 11.67, 10.84, 0.00, 0.00, 0.00, 0.00, 90.00, 0, 0
2.00, 5.70, 21.61, 21.61, -388.23, 20.00, 4.63, 10.56, 9.73, 0.00, 0.00, 0.00, 0.00, 90.00, 0, 0
2.00, 5.70, 21.42, 21.42, -476.96, 20.00, 4.63, 10.00, 9.16, 0.00, 0.00, 0.00, 0.00, 90.00, 0, 0
2.00, 5.70, 21.24, 21.24, -585.47, 20.00, 4.63, 8.89, 8.05, 0.00, 0.00, 0.00, 0.00, 90.00, 0, 0
2.00, 5.70, 21.07, 21.07, -666.84, 20.00, 4.63, 8.33, 7.49, 0.00, 0.00, 0.00, 0.00, 90.00, 0, 0
2.00, 5.70, 20.90, 20.90, -771.14, 20.00, 4.63, 7.22, 6.40, 0.00, 0.00, 0.00, 0.00, 90.00, 0, 0
2.00, 5.70, 20.73, 20.73, -850.16, 20.00, 4.63, 6.67, 5.84, 0.00, 0.00, 0.00, 0.00, 90.00, 0, 0
2.00, 5.70, 20.58, 20.58, -919.91, 20.00, 4.63, 6.11, 5.29, 0.00, 0.00, 0.00, 0.00, 90.00, 0, 0
2.00, 5.70, 20.44, 20.44, -967.75, 20.00, 4.63, 6.11, 5.29, 0.00, 3.17, 0.00, -82.55, 88.42, 0, 0
2.00, 5.70, 20.51, 20.51, -618.74, 20.00, 4.63, 8.33, 7.53, 87.44, 28.64, 32.45, -72.43, 77.33, 0, 0
2.00, 5.70, 20.70, 20.70, -326.14, 20.00, 4.63, 10.00, 9.20, 121.97, 57.03, 29.51, -61.17, 66.88, 0, 0
2.00, 5.70, 21.15, 21.15, 336.73, 20.00, 4.63, 12.78, 11.96, 273.69, 96.00, 32.81, -47.88, 57.61, 0, 0
2.00, 5.70, 21.54, 21.54, 494.51, 20.00, 4.63, 14.44, 13.64, 115.67, 114.82, 40.85, -31.69, 50.32, 0, 0
2.00, 5.70, 21.79, 21.79, 464.89, 20.00, 4.63, 16.11, 15.32, 15.38, 119.45, 51.39, -12.42, 46.03, 0, 0
2.00, 5.70, 22.06, 22.06, 641.08, 20.00, 4.63, 17.78, 16.97, 12.49, 132.00, 63.13, 8.48, 45.63, 0, 0
2.00, 5.70, 22.30, 22.30, 719.67, 20.00, 4.63, 18.33, 17.54, 12.80, 134.36, 75.38, 28.24, 49.24, 0, 0
2.00, 5.70, 22.34, 22.34, 450.41, 20.00, 4.63, 18.33, 17.54, 0.49, 74.60, 87.79, 45.04, 56.04, 0, 0
2.00, 5.70, 22.31, 22.31, 312.59, 20.00, 4.63, 17.22, 16.43, 0.00, 55.38, 0.00, 58.82, 65.00, 0, 0
2.00, 5.70, 22.25, 22.25, 182.83, 20.00, 4.63, 16.11, 15.32, 0.00, 24.88, 0.00, 70.39, 75.27, 0, 0
2.00, 5.70, 22.21, 22.21, 187.54, 20.00, 4.63, 14.44, 13.66, 0.00, 7.13, 0.00, 80.67, 86.28, 0, 0
2.00, 5.70, 22.16, 22.16, 111.75, 20.00, 4.63, 13.89, 13.11, 0.00, 0.79, 0.00, 0.00, 90.00, 0, 0
2.00, 5.70, 22.12, 22.12, 89.70, 20.00, 4.63, 13.89, 13.11, 0.00, 0.00, 0.00, 0.00, 90.00, 0, 0
2.00, 5.70, 22.09, 22.09, 69.39, 20.00, 4.63, 13.89, 13.11, 0.00, 0.00, 0.00, 0.00, 90.00, 0, 0
2.00, 5.70, 21.97, 21.97, -125.81, 20.00, 4.63, 13.33, 12.56, 0.00, 0.00, 0.00, 0.00, 90.00, 0, 0
2.00, 5.70, 21.80, 21.80, -325.59, 20.00, 4.63, 13.33, 12.56, 0.00, 0.00, 0.00, 0.00, 90.00, 0, 0
2.00, 5.70, 21.64, 21.64, -403.84, 20.00, 4.63, 12.78, 12.02, 0.00, 0.00, 0.00, 0.00, 90.00, 0, 0
2.00, 5.70, 21.51, 21.51, -449.83, 20.00, 4.63, 12.78, 12.00, 0.00, 0.00, 0.00, 0.00, 90.00, 0, 0
2.00, 5.70, 21.40, 21.40, -489.14, 20.00, 4.63, 12.78, 12.00, 0.00, 0.00, 0.00, 0.00, 90.00, 0, 0
2.00, 5.70, 21.30, 21.30, -549.11, 20.00, 4.63, 12.22, 11.45, 0.00, 0.00, 0.00, 0.00, 90.00, 0, 0
2.00, 5.70, 21.20, 21.20, -582.64, 20.00, 4.63, 12.22, 11.45, 0.00, 0.00, 0.00, 0.00, 90.00, 0, 0
2.00, 5.70, 21.10, 21.10, -638.57, 20.00, 4.63, 11.67, 10.91, 0.00, 0.00, 0.00, 0.00, 90.00, 0, 0
2.00, 5.70, 21.02, 21.02, -662.42, 20.00, 4.63, 11.67, 10.92, 0.00, 0.00, 0.00, 0.00, 90.00, 0, 0
2.00, 5.70, 20.96, 20.96, -655.63, 20.00, 4.63, 12.22, 11.49, 0.00, 3.96, 0.00, -82.19, 88.62, 0, 0
2.00, 5.70, 20.95, 20.95, -573.89, 20.00, 4.63, 13.33, 12.60, 0.00, 15.84, 32.06, -72.08, 77.54, 0, 0
2.00, 5.70, 20.94, 20.94, -582.60, 20.00, 4.63, 13.33, 12.60, 0.00, 15.05, 29.12, -60.82, 67.12, 0, 0
2.00, 5.70, 20.96, 20.96, -509.55, 20.00, 4.63, 13.89, 13.16, 0.00, 27.72, 32.48, -47.53, 57.89, 0, 0
2.00, 5.70, 20.93, 20.93, -587.30, 20.00, 4.63, 13.89, 13.14, 0.00, 8.71, 40.60, -31.39, 50.65, 0, 0
2.00, 5.70, 20.97, 20.97, -448.80, 20.00, 4.63, 14.44, 13.71, 0.00, 38.02, 51.20, -12.22, 46.40, 0, 0
2.00, 5.70, 21.04, 21.04, -365.13, 20.00, 4.63, 15.00, 14.26, 0.19, 47.24, 62.96, 8.53, 46.03, 0, 0
2.00, 5.70, 21.18, 21.18, -155.47, 20.00, 4.63, 16.11, 15.37, 0.92, 71.83, 75.23, 28.15, 49.63, 0, 0
2.00, 5.70, 21.26, 21.26, -197.16, 20.00, 4.63, 16.67, 15.92, 0.03, 46.40, 87.64, 44.86, 56.42, 0, 0
2.00, 5.70, 21.32, 21.32, -202.23, 20.00, 4.63, 16.67, 15.93, 0.00, 40.85, 0.00, 58.60, 65.36, 0, 0
2.00, 5.70, 21.35, 21.35, -201.98, 20.00, 4.63, 16.67, 15.93, 0.00, 19.75, 0.00, 70.16, 75.61, 0, 0
2.00, 5.70, 21.44, 21.44, -81.51, 20.00, 4.63, 16.11, 15.37, 0.00, 6.34, 0.00, 80.42, 86.60, 0, 0
2.00, 5.70, 21.48, 21.48, -114.61, 20.00, 4.63, 15.56, 14.82, 0.00, 0.79, 0.00, 0.00, 90.00, 0, 0
2.00, 5.70, 21.51, 21.51, -131.40, 20.00, 4.63, 15.00, 14.27, 0.00, 0.00, 0.00, 0.00, 90.00, 0, 0
2.00, 5.70, 21.53, 21.53, -128.36, 20.00, 4.63, 15.00, 14.27, 0.00, 0.00, 0.00, 0.00, 90.00, 0, 0
2.00, 5.70, 21.46, 21.46, -303.74, 20.00, 4.63, 14.44, 13.72, 0.00, 0.00, 0.00, 0.00, 90.00, 0, 0
2.00, 5.70, 21.31, 21.31, -511.82, 20.00, 4.63, 13.89, 13.16, 0.00, 0.00, 0.00, 0.00, 90.00, 0, 0
2.00, 5.70, 21.18, 21.18, -552.47, 20.00, 4.63, 13.89, 13.14, 0.00, 0.00, 0.00, 0.00, 90.00, 0, 0
2.00, 5.70, 21.07, 21.07, -610.02, 20.00, 4.63, 13.33, 12.60, 0.00, 0.00, 0.00, 0.00, 90.00, 0, 0
2.00, 5.70, 20.96, 20.96, -664.86, 20.00, 4.63, 12.78, 12.03, 0.00, 0.00, 0.00, 0.00, 90.00, 0, 0
2.00, 5.70, 20.87, 20.87, -692.77, 20.00, 4.63, 12.78, 12.03, 0.00, 0.00, 0.00, 0.00, 90.00, 0, 0
2.00, 5.70, 20.77, 20.77, -742.91, 20.00, 4.63, 12.22, 11.49, 0.00, 0.00, 0.00, 0.00, 90.00, 0, 0
2.00, 5.70, 20.68, 20.68, -793.18, 20.00, 4.63, 11.67, 10.94, 0.00, 0.00, 0.00, 0.00, 90.00, 0, 0
2.00, 5.70, 20.59, 20.59, -837.17, 20.00, 4.63, 11.11, 10.37, 0.00, 0.00, 0.00, 0.00, 90.00, 0, 0
2.00, 5.70, 20.52, 20.52, -831.23, 20.00, 4.63, 11.67, 10.94, 0.00, 3.17, 0.00, -81.85, 88.82, 0, 0
2.00, 5.70, 20.51, 20.51, -733.31, 20.00, 4.63, 12.78, 12.05, 0.00, 18.22, 31.66, -71.73, 77.76, 0, 0
2.00, 5.70, 20.51, 20.51, -714.55, 20.00, 4.63, 13.33, 12.61, 0.00, 16.63, 28.72, -60.47, 67.36, 0, 0
2.00, 5.70, 20.55, 20.55, -618.12, 20.00, 4.63, 13.89, 13.16, 0.00, 33.27, 32.16, -47.20, 58.18, 0, 0
2.00, 5.70, 20.57, 20.57, -612.62, 20.00, 4.63, 14.44, 13.71, 0.00, 25.34, 40.35, -31.10, 50.98, 0, 0
2.00, 5.70, 20.85, 20.85, -83.71, 20.00, 4.63, 16.11, 15.38, 14.81, 100.71, 51.00, -12.02, 46.78, 0, 0
2.00, 5.70, 21.25, 21.25, 360.45, 20.00, 4.63, 18.89, 18.16, 19.69, 136.73, 62.79, 8.58, 46.43, 0, 0
2.00, 5.70, 21.46, 21.46, 213.49, 20.00, 4.63, 19.44, 18.70, 4.18, 93.08, 75.08, 28.06, 50.03, 0, 0
2.00, 5.70, 21.54, 21.54, 78.90, 20.00, 4.63, 19.44, 18.70, 0.11, 56.03, 87.48, 44.69, 56.79, 0, 0
2.00, 5.70, 21.54, 21.54, -51.41, 20.00, 4.63, 18.89, 18.16, 0.00, 30.01, 0.00, 58.39, 65.71, 0, 0
2.00, 5.70, 21.56, 21.56, -14.75, 20.00, 4.63, 18.33, 17.59, 0.00, 24.56, 0.00, 69.93, 75.94, 0, 0
2.00, 5.70, 21.63, 21.63, 81.61, 20.00, 4.63, 17.78, 17.04, 0.00, 8.71, 0.00, 80.18, 86.92, 0, 0
2.00, 5.70, 21.66, 21.66, 34.65, 20.00, 4.63, 17.22, 16.49, 0.00, 0.79, 0.00, 0.00, 90.00, 0, 0
2.00, 5.70, 21.68, 21.68, 13.12, 20.00, 4.63, 16.67, 15.93, 0.00, 0.00, 0.00, 0.00, 90.00, 0, 0
2.00, 5.70, 21.69, 21.69, -10.48, 20.00, 4.63, 16.11, 15.38, 0.00, 0.00, 0.00, 0.00, 90.00, 0, 0
2.00, 5.70, 21.60, 21.60, -188.62, 20.00, 4.63, 15.56, 14.82, 0.00, 0.00, 0.00, 0.00, 90.00, 0, 0
2.00, 5.70, 21.46, 21.46, -373.13, 20.00, 4.63, 15.56, 14.82, 0.00, 0.00, 0.00, 0.00, 90.00, 0, 0
2.00, 5.70, 21.34, 21.34, -437.29, 20.00, 4.63, 15.00, 14.26, 0.00, 0.00, 0.00, 0.00, 90.00, 0, 0
2.00, 5.70, 21.22, 21.22, -495.34, 20.00, 4.63, 14.44, 13.71, 0.00, 0.00, 0.00, 0.00, 90.00, 0, 0
2.00, 5.70, 21.11, 21.11, -550.17, 20.00, 4.63, 13.89, 13.14, 0.00, 0.00, 0.00, 0.00, 90.00, 0, 0
2.00, 5.70, 21.01, 21.01, -603.09, 20.00, 4.63, 13.33, 12.60, 0.00, 0.00, 0.00, 0.00, 90.00, 0, 0
2.00, 5.70, 20.91, 20.91, -655.23, 20.00, 4.63, 12.78, 12.03, 0.00, 0.00, 0.00, 0.00, 90.00, 0, 0
2.00, 5.70, 20.81, 20.81, -706.99, 20.00, 4.63, 12.22, 11.49, 0.00, 0.00, 0.00, 0.00, 90.00, 0, 0
2.00, 5.70, 20.71, 20.71, -752.29, 20.00, 4.63, 11.67, 10.92, 0.00, 0.00, 0.00, 0.00, 90.00, 0, 0
2.00, 5.70, 20.65, 20.65, -733.46, 20.00, 4.63, 12.22, 11.49, 0.00, 6.34, 0.00, -81.50, 89.02, 0, 0
2.00, 5.70, 21.20, 21.20, 462.25, 20.00, 4.63, 14.44, 13.71, 485.33, 35.22, 31.27, -71.38, 77.97, 0, 0
2.00, 5.70, 21.83, 21.83, 981.60, 20.00, 4.63, 16.67, 15.93, 518.37, 73.62, 28.33, -60.12, 67.61, 0, 0
2.00, 5.70, 22.03, 22.03, 499.80, 20.00, 4.63, 18.33, 17.59, 133.11, 78.22, 31.84, -46.86, 58.46, 0, 0
2.00, 5.70, 22.15, 22.15, 449.51, 20.00, 4.63, 18.89, 18.16, 36.15, 85.38, 40.10, -30.81, 51.31, 0, 0
2.00, 5.70, 22.37, 22.37, 706.97, 20.00, 4.63, 20.56, 19.82, 21.92, 111.64, 50.81, -11.83, 47.15, 0, 0
2.00, 5.70, 22.53, 22.53, 693.03, 20.00, 4.63, 21.11, 20.36, 8.53, 106.40, 62.63, 8.62, 46.83, 0, 0
2.00, 5.70, 22.61, 22.61, 595.52, 20.00, 4.63, 21.11, 20.36, 2.34, 80.11, 74.92, 27.97, 50.42, 0, 0
2.00, 5.70, 22.54, 22.54, 340.45, 20.00, 4.63, 20.00, 19.25, 0.04, 32.94, 87.33, 44.52, 57.17, 0, 0
2.00, 5.70, 22.45, 22.45, 201.05, 20.00, 4.63, 18.89, 18.14, 0.00, 19.80, 0.00, 58.18, 66.06, 0, 0
2.00, 5.70, 22.35, 22.35, 120.42, 20.00, 4.63, 17.78, 17.03, 0.00, 2.38, 0.00, 69.69, 76.27, 0, 0
2.00, 5.70, 22.35, 22.35, 231.10, 20.00, 4.63, 16.67, 15.93, 0.00, 0.79, 0.00, 79.94, 87.24, 0, 0
2.00, 5.70, 22.34, 22.34, 202.48, 20.00, 4.63, 16.11, 15.37, 0.00, 0.00, 0.00, 0.00, 90.00, 0, 0
2.00, 5.70, 22.33, 22.33, 195.05, 20.00, 4.63, 16.11, 15.37, 0.00, 0.00, 0.00, 0.00, 90.00, 0, 0
2.00, 5.70, 22.32, 22.32, 163.13, 20.00, 4.63, 15.56, 14.80, 0.00, 0.00, 0.00, 0.00, 90.00, 0, 0
2.00, 5.70, 22.22, 22.22, -23.33, 20.00, 4.63, 15.00, 14.26, 0.00, 0.00, 0.00, 0.00, 90.00, 0, 0
2.00, 5.70, 22.05, 22.05, -241.16, 20.00, 4.63, 14.44, 13.69, 0.00, 0.00, 0.00, 0.00, 90.00, 0, 0
2.00, 5.70, 21.90, 21.90, -315.76, 20.00, 4.63, 13.89, 13.13, 0.00, 0.00, 0.00, 0.00, 90.00, 0, 0
2.00, 5.70, 21.77, 21.77, -383.66, 20.00, 4.63, 13.33, 12.58, 0.00, 0.00, 0.00, 0.00, 90.00, 0, 0
2.00, 5.70, 21.63, 21.63, -473.21, 20.00, 4.63, 12.22, 11.47, 0.00, 0.00, 0.00, 0.00, 90.00, 0, 0
2.00, 5.70, 21.50, 21.50, -537.65, 20.00, 4.63, 11.67, 10.91, 0.00, 0.00, 0.00, 0.00, 90.00, 0, 0
2.00, 5.70, 21.37, 21.37, -600.41, 20.00, 4.63, 11.11, 10.36, 0.00, 0.00, 0.00, 0.00, 90.00, 0, 0
2.00, 5.70, 21.25, 21.25, -662.45, 20.00, 4.63, 10.56, 9.80, 0.00, 0.00, 0.00, 0.00, 90.00, 0, 0
2.00, 5.70, 21.17, 21.17, -643.18, 20.00, 4.63, 10.00, 9.23, 0.00, 0.00, 0.00, 0.00, 90.00, 0, 0
2.00, 5.70, 21.11, 21.11, -631.38, 20.00, 4.63, 10.56, 9.80, 0.00, 4.75, 0.00, -81.15, 89.22, 0, 0
2.00, 5.70, 21.21, 21.21, -344.77, 20.00, 4.63, 11.67, 10.91, 83.93, 24.07, 30.88, -71.04, 78.19, 0, 0
2.00, 5.70, 21.79, 21.79, 701.89, 20.00, 4.63, 15.00, 14.24, 419.20, 67.39, 27.94, -59.78, 67.85, 0, 0
2.00, 5.70, 22.36, 22.36, 1049.09, 20.00, 4.63, 17.78, 17.01, 389.85, 93.97, 31.52, -46.54, 58.74, 0, 0
2.00, 5.70, 22.88, 22.88, 1290.95, 20.00, 4.63, 20.00, 19.23, 200.90, 119.19, 39.86, -30.52, 51.64, 0, 0
2.00, 5.70, 23.24, 23.24, 1268.59, 20.00, 4.63, 21.67, 20.91, 51.50, 126.01, 50.61, -11.65, 47.53, 0, 0
2.00, 5.70, 23.49, 23.49, 1254.65, 20.00, 4.63, 22.78, 22.01, 23.58, 125.03, 62.46, 8.66, 47.23, 0, 0
2.00, 5.70, 23.66, 23.66, 1185.88, 20.00, 4.63, 23.33, 22.57, 11.56, 111.67, 74.77, 27.89, 50.81, 0, 0
2.00, 5.70, 23.74, 23.74, 1088.79, 20.00, 4.63, 23.33, 22.57, 1.64, 90.50, 87.17, 44.35, 57.54, 0, 0
2.00, 5.70, 23.85, 23.85, 1143.21, 20.00, 4.63, 23.33, 22.56, 0.00, 82.21, 0.00, 57.96, 66.40, 0, 0
2.00, 5.70, 23.92, 23.92, 1106.82, 20.00, 4.63, 22.22, 21.46, 0.00, 42.29, 0.00, 69.46, 76.60, 0, 0
2.00, 5.70, 23.91, 23.91, 939.46, 20.00, 4.63, 20.56, 19.80, 0.00, 7.13, 0.00, 79.69, 87.55, 0, 0
2.00, 5.70, 23.86, 23.86, 828.90, 20.00, 4.63, 19.44, 18.69, 0.00, 0.00, 0.00, 0.00, 90.00, 0, 0
2.00, 5.70, 23.82, 23.82, 773.61, 20.00, 4.63, 18.89, 18.12, 0.00, 0.00, 0.00, 0.00, 90.00, 0, 0
2.00, 5.70, 23.77, 23.77, 700.78, 20.00, 4.63, 17.78, 17.03, 0.00, 0.00, 0.00, 0.00, 90.00, 0, 0
2.00, 5.70, 23.62, 23.62, 451.70, 20.00, 4.63, 17.22, 16.46, 0.00, 0.00, 0.00, 0.00, 90.00, 0, 0
2.00, 5.70, 23.40, 23.40, 193.39, 20.00, 4.63, 16.11, 15.35, 0.00, 0.00, 0.00, 0.00, 90.00, 0, 0
2.00, 5.70, 23.20, 23.20, 80.02, 20.00, 4.63, 15.00, 14.24, 0.00, 0.00, 0.00, 0.00, 90.00, 0, 0
2.00, 5.70, 23.03, 23.03, -1.09, 20.00, 4.63, 14.44, 13.68, 0.00, 0.00, 0.00, 0.00, 90.00, 0, 0
2.00, 5.70, 22.87, 22.87, -76.04, 20.00, 4.63, 13.89, 13.11, 0.00, 0.00, 0.00, 0.00, 90.00, 0, 0
2.00, 5.70, 22.72, 22.72, -172.24, 20.00, 4.63, 12.78, 12.02, 0.00, 0.00, 0.00, 0.00, 90.00, 0, 0
2.00, 5.70, 22.58, 22.58, -243.17, 20.00, 4.63, 12.22, 11.45, 0.00, 0.00, 0.00, 0.00, 90.00, 0, 0
2.00, 5.70, 22.44, 22.44, -312.18, 20.00, 4.63, 11.67, 10.89, 0.00, 0.00, 0.00, 0.00, 90.00, 0, 0
2.00, 5.70, 22.34, 22.34, -324.53, 20.00, 4.63, 10.56, 9.80, 0.00, 0.00, 0.00, 0.00, 90.00, 0, 0
2.00, 5.70, 22.28, 22.28, -291.06, 20.00, 4.63, 11.67, 10.91, 0.00, 5.54, 0.00, -80.81, 89.42, 0, 0
2.00, 5.70, 22.76, 22.76, 765.65, 20.00, 4.63, 13.89, 13.13, 410.44, 38.24, 30.50, -70.70, 78.40, 0, 0
2.00, 5.70, 23.14, 23.14, 878.44, 20.00, 4.63, 16.11, 15.35, 290.25, 61.13, 27.56, -59.45, 68.09, 0, 0
2.00, 5.70, 23.53, 23.53, 1134.48, 20.00, 4.63, 18.33, 17.57, 271.05, 86.57, 31.20, -46.21, 59.02, 0, 0
2.00, 5.70, 24.05, 24.05, 1610.68, 20.00, 4.63, 20.56, 19.78, 214.94, 120.47, 39.62, -30.25, 51.97, 0, 0
2.00, 5.70, 24.46, 24.46, 1709.43, 20.00, 4.63, 22.78, 22.01, 72.03, 131.99, 50.42, -11.47, 47.90, 0, 0
2.00, 5.70, 24.75, 24.75, 1663.60, 20.00, 4.63, 23.89, 23.12, 32.09, 129.95, 62.30, 8.70, 47.62, 0, 0
2.00, 5.70, 24.97, 24.97, 1678.08, 20.00, 4.63, 25.00, 24.22, 21.25, 126.50, 74.61, 27.80, 51.20, 0, 0
2.00, 5.70, 25.09, 25.09, 1570.43, 20.00, 4.63, 25.00, 24.22, 3.94, 102.95, 87.01, 44.18, 57.90, 0, 0
2.00, 5.70, 25.16, 25.16, 1492.38, 20.00, 4.63, 25.00, 24.22, 0.00, 73.44, 0.00, 57.75, 66.75, 0, 0
2.00, 5.70, 25.14, 25.14, 1301.63, 20.00, 4.63, 23.33, 22.56, 0.00, 29.78, 0.00, 69.23, 76.92, 0, 0
2.00, 5.70, 25.11, 25.11, 1248.45, 20.00, 4.63, 21.67, 20.89, 0.00, 7.92, 0.00, 79.45, 87.86, 0, 0
2.00, 5.70, 25.06, 25.06, 1137.76, 20.00, 4.63, 20.56, 19.78, 0.00, 0.79, 0.00, 0.00, 90.00, 0, 0
2.00, 5.70, 25.00, 25.00, 1056.39, 20.00, 4.63, 19.44, 18.69, 0.00, 0.00, 0.00, 0.00, 90.00, 0, 0
2.00, 5.70, 24.94, 24.94, 979.69, 20.00, 4.63, 18.33, 17.57, 0.00, 0.00, 0.00, 0.00, 90.00, 0, 0
2.00, 5.70, 24.78, 24.78, 726.66, 20.00, 4.63, 17.78, 17.01, 0.00, 0.00, 0.00, 0.00, 90.00, 0, 0
2.00, 5.70, 24.55, 24.55, 464.39, 20.00, 4.63, 16.67, 15.90, 0.00, 0.00, 0.00, 0.00, 90.00, 0, 0
2.00, 5.70, 24.34, 24.34, 347.10, 20.00, 4.63, 15.56, 14.79, 0.00, 0.00, 0.00, 0.00, 90.00, 0, 0
2.00, 5.70, 24.16, 24.16, 262.08, 20.00, 4.63, 15.00, 14.22, 0.00, 0.00, 0.00, 0.00, 90.00, 0, 0
2.00, 5.70, 23.99, 23.99, 158.25, 20.00, 4.63, 13.89, 13.11, 0.00, 0.00, 0.00, 0.00, 90.00, 0, 0
2.00, 5.70, 23.82, 23.82, 55.90, 20.00, 4.63, 12.78, 12.00, 0.00, 0.00, 0.00, 0.00, 90.00, 0, 0
2.00, 5.70, 23.65, 23.65, -46.05, 20.00, 4.63, 11.67, 10.89, 0.00, 0.00, 0.00, 0.00, 90.00, 0, 0
2.00, 5.70, 23.49, 23.49, -122.82, 20.00, 4.63, 11.11, 10.33, 0.00, 0.00, 0.00, 0.00, 90.00, 0, 0
2.00, 5.70, 23.33, 23.33, -216.85, 20.00, 4.63, 10.00, 9.22, 0.00, 0.00, 0.00, 0.00, 90.00, 0, 0
2.00, 5.70, 23.20, 23.20, -229.92, 20.00, 4.63, 10.56, 9.78, 0.00, 4.75, 0.00, -80.48, 89.62, 0, 0
2.00, 5.70, 23.61, 23.61, 763.62, 20.00, 4.63, 12.78, 12.02, 392.95, 34.67, 30.11, -70.37, 78.62, 0, 0
2.00, 5.70, 24.03, 24.03, 1064.15, 20.00, 4.63, 15.00, 14.24, 364.45, 63.89, 27.17, -59.12, 68.34, 0, 0
2.00, 5.70, 24.58, 24.58, 1591.00, 20.00, 4.63, 17.78, 17.01, 451.51, 98.76, 30.88, -45.90, 59.31, 0, 0
2.00, 5.70, 24.90, 24.90, 1462.40, 20.00, 4.63, 19.44, 18.67, 148.97, 111.19, 39.38, -29.98, 52.30, 0, 0
2.00, 5.70, 25.07, 25.07, 1342.18, 20.00, 4.63, 20.56, 19.78, 31.52, 111.63, 50.23, -11.30, 48.27, 0, 0
2.00, 5.70, 25.21, 25.21, 1354.52, 20.00, 4.63, 21.67, 20.89, 15.26, 112.11, 62.13, 8.74, 48.02, 0, 0
2.00, 5.70, 25.27, 25.27, 1236.25, 20.00, 4.63, 21.67, 20.89, 4.67, 88.25, 74.46, 27.71, 51.59, 0, 0
2.00, 5.70, 25.31, 25.31, 1214.37, 20.00, 4.63, 21.67, 20.89, 1.19, 84.88, 86.86, 44.00, 58.27, 0, 0
2.00, 5.70, 25.31, 25.31, 1122.83, 20.00, 4.63, 21.11, 20.35, 0.00, 62.09, 0.00, 57.54, 67.09, 0, 0
2.00, 5.70, 25.32, 25.32, 1131.29, 20.00, 4.63, 20.00, 19.23, 0.00, 37.82, 0.00, 69.00, 77.24, 0, 0
2.00, 5.70, 25.28, 25.28, 1000.43, 20.00, 4.63, 18.33, 17.57, 0.00, 6.34, 0.00, 79.21, 88.17, 0, 0
2.00, 5.70, 25.22, 25.22, 916.36, 20.00, 4.63, 17.78, 17.03, 0.00, 0.00, 0.00, 0.00, 90.00, 0, 0
2.00, 5.70, 25.16, 25.16, 857.79, 20.00, 4.63, 17.22, 16.46, 0.00, 0.00, 0.00, 0.00, 90.00, 0, 0
2.00, 5.70, 25.10, 25.10, 803.79, 20.00, 4.63, 16.67, 15.92, 0.00, 0.00, 0.00, 0.00, 90.00, 0, 0
2.00, 5.70, 24.95, 24.95, 574.54, 20.00, 4.63, 15.56, 14.80, 0.00, 0.00, 0.00, 0.00, 90.00, 0, 0
2.00, 5.70, 24.74, 24.74, 339.45, 20.00, 4.63, 15.00, 14.24, 0.00, 0.00, 0.00, 0.00, 90.00, 0, 0
2.00, 5.70, 24.55, 24.55, 250.00, 20.00, 4.63, 14.44, 13.68, 0.00, 0.00, 0.00, 0.00, 90.00, 0, 0
2.00, 5.70, 24.38, 24.38, 168.92, 20.00, 4.63, 13.89, 13.13, 0.00, 0.00, 0.00, 0.00, 90.00, 0, 0
2.00, 5.70, 24.22, 24.22, 92.79, 20.00, 4.63, 13.33, 12.56, 0.00, 0.00, 0.00, 0.00, 90.00, 0, 0
2.00, 5.70, 24.07, 24.07, 19.99, 20.00, 4.63, 12.78, 12.02, 0.00, 0.00, 0.00, 0.00, 90.00, 0, 0
2.00, 5.70, 23.93, 23.93, -50.82, 20.00, 4.63, 12.22, 11.45, 0.00, 0.00, 0.00, 0.00, 90.00, 0, 0
2.00, 5.70, 23.79, 23.79, -120.18, 20.00, 4.63, 11.67, 10.91, 0.00, 0.00, 0.00, 0.00, 90.00, 0, 0
2.00, 5.70, 23.67, 23.67, -156.60, 20.00, 4.63, 11.67, 10.91, 0.00, 0.00, 0.00, 0.00, 90.00, 0, 0
2.00, 5.70, 23.58, 23.58, -158.11, 20.00, 4.63, 12.22, 11.47, 0.00, 4.75, 0.00, -80.14, 89.82, 0, 0
2.00, 5.70, 23.88, 23.88, 594.94, 20.00, 4.63, 13.89, 13.14, 293.10, 29.89, 29.73, -70.04, 78.84, 0, 0
2.00, 5.70, 24.12, 24.12, 664.50, 20.00, 4.63, 16.11, 15.37, 175.90, 54.40, 26.79, -58.79, 68.58, 0, 0
2.00, 5.70, 24.57, 24.57, 1243.78, 20.00, 4.63, 18.33, 17.59, 325.05, 90.58, 30.57, -45.59, 59.59, 0, 0
2.00, 5.70, 24.91, 24.91, 1318.25, 20.00, 4.63, 20.56, 19.82, 135.50, 104.81, 39.14, -29.71, 52.63, 0, 0
2.00, 5.70, 25.27, 25.27, 1544.81, 20.00, 4.63, 22.22, 21.48, 66.75, 125.22, 50.04, -11.13, 48.64, 0, 0
2.00, 5.70, 25.61, 25.61, 1708.94, 20.00, 4.63, 23.89, 23.14, 46.33, 135.70, 61.97, 8.77, 48.41, 0, 0
2.00, 5.70, 25.85, 25.85, 1692.74, 20.00, 4.63, 25.00, 24.25, 23.28, 125.07, 74.30, 27.61, 51.97, 0, 0
2.00, 5.70, 25.94, 25.94, 1503.82, 20.00, 4.63, 25.00, 24.25, 2.30, 89.11, 86.70, 43.83, 58.63, 0, 0
2.00, 5.70, 26.00, 26.00, 1471.43, 20.00, 4.63, 24.44, 23.70, 0.00, 74.15, 0.00, 57.33, 67.43, 0, 0
2.00, 5.70, 25.99, 25.99, 1324.41, 20.00, 4.63, 23.33, 22.59, 0.00, 30.06, 0.00, 68.77, 77.56, 0, 0
2.00, 5.70, 25.96, 25.96, 1258.44, 20.00, 4.63, 21.67, 20.93, 0.00, 6.34, 0.00, 78.97, 88.48, 0, 0
2.00, 5.70, 25.91, 25.91, 1178.14, 20.00, 4.63, 21.11, 20.36, 0.00, 0.00, 0.00, 0.00, 90.00, 0, 0
2.00, 5.70, 25.86, 25.86, 1101.90, 20.00, 4.63, 20.00, 19.27, 0.00, 0.00, 0.00, 0.00, 90.00, 0, 0
2.00, 5.70, 25.80, 25.80, 1052.59, 20.00, 4.63, 19.44, 18.70, 0.00, 0.00, 0.00, 0.00, 90.00, 0, 0
2.00, 5.70, 25.68, 25.68, 853.69, 20.00, 4.63, 18.89, 18.16, 0.00, 0.00, 0.00, 0.00, 90.00, 0, 0
2.00, 5.70, 25.47, 25.47, 601.96, 20.00, 4.63, 17.78, 17.04, 0.00, 0.00, 0.00, 0.00, 90.00, 0, 0
2.00, 5.70, 25.29, 25.29, 518.03, 20.00, 4.63, 17.22, 16.49, 0.00, 0.00, 0.00, 0.00, 90.00, 0, 0
2.00, 5.70, 25.14, 25.14, 442.43, 20.00, 4.63, 16.67, 15.93, 0.00, 0.00, 0.00, 0.00, 90.00, 0, 0
2.00, 5.70, 24.99, 24.99, 371.83, 20.00, 4.63, 16.11, 15.37, 0.00, 0.00, 0.00, 0.00, 90.00, 0, 0
2.00, 5.70, 24.86, 24.86, 304.49, 20.00, 4.63, 15.56, 14.82, 0.00, 0.00, 0.00, 0.00, 90.00, 0, 0
2.00, 5.70, 24.73, 24.73, 239.04, 20.00, 4.63, 15.00, 14.26, 0.00, 0.00, 0.00, 0.00, 90.00, 0, 0
2.00, 5.70, 24.60, 24.60, 149.81, 20.00, 4.63, 13.89, 13.16, 0.00, 0.00, 0.00, 0.00, 90.00, 0, 0
2.00, 5.70, 24.47, 24.47, 90.65, 20.00, 4.63, 13.33, 12.61, 0.00, 0.00, 0.00, 0.00, 90.00, 0, 0
2.00, 5.70, 24.37, 24.37, 90.40, 20.00, 4.63, 13.89, 13.16, 0.00, 4.75, 0.00, 0.00, 90.00, 0, 0
2.00, 5.70, 24.72, 24.72, 932.25, 20.00, 4.63, 16.11, 15.38, 324.44, 29.55, 29.36, -69.71, 79.05, 0, 0
2.00, 5.70, 25.43, 25.43, 1882.58, 20.00, 4.63, 18.89, 18.16, 586.49, 73.13, 26.41, -58.47, 68.83, 0, 0
2.00, 5.70, 26.02, 26.02, 2094.03, 20.00, 4.63, 21.11, 20.38, 510.34, 99.16, 30.26, -45.28, 59.88, 0, 0
2.00, 5.70, 26.62, 26.62, 2465.46, 20.00, 4.63, 23.33, 22.61, 330.51, 131.20, 38.90, -29.45, 52.96, 0, 0
2.00, 5.70, 27.10, 27.10, 2558.80, 20.00, 4.63, 25.56, 24.82, 135.43, 143.72, 49.86, -10.96, 49.01, 0, 0
2.00, 5.70, 27.41, 27.41, 2480.48, 20.00, 4.63, 26.67, 25.93, 66.15, 146.06, 61.81, 8.80, 48.79, 0, 0
2.00, 5.70, 27.59, 27.59, 2349.19, 20.00, 4.63, 27.78, 27.05, 29.88, 128.36, 74.15, 27.52, 52.36, 0, 0
2.00, 5.70, 27.62, 27.62, 2115.49, 20.00, 4.63, 26.67, 25.93, 4.68, 99.94, 86.54, 43.66, 58.99, 0, 0
2.00, 5.70, 27.64, 27.64, 2052.06, 20.00, 4.63, 27.22, 26.48, 0.00, 71.10, 0.00, 57.12, 67.76, 0, 0
2.00, 5.70, 27.64, 27.64, 1981.18, 20.00, 4.63, 26.11, 25.38, 0.00, 34.38, 0.00, 68.54, 77.88, 0, 0
2.00, 5.70, 27.58, 27.58, 1818.16, 20.00, 4.63, 24.44, 23.72, 0.00, 5.54, 0.00, 78.72, 88.78, 0, 0
2.00, 5.70, 27.50, 27.50, 1719.51, 20.00, 4.63, 23.89, 23.16, 0.00, 0.00, 0.00, 0.00, 90.00, 0, 0
2.00, 5.70, 27.44, 27.44, 1654.23, 20.00, 4.63, 23.33, 22.61, 0.00, 0.00, 0.00, 0.00, 90.00, 0, 0
2.00, 5.70, 27.38, 27.38, 1597.75, 20.00, 4.63, 22.78, 22.06, 0.00, 0.00, 0.00, 0.00, 90.00, 0, 0
2.00, 5.70, 27.24, 27.24, 1369.58, 20.00, 4.63, 21.67, 20.94, 0.00, 0.00, 0.00, 0.00, 90.00, 0, 0
2.00, 5.70, 27.04, 27.04, 1136.84, 20.00, 4.63, 21.11, 20.40, 0.00, 0.00, 0.00, 0.00, 90.00, 0, 0
2.00, 5.70, 26.87, 26.87, 1050.88, 20.00, 4.63, 20.56, 19.83, 0.00, 0.00, 0.00, 0.00, 90.00, 0, 0
2.00, 5.70, 26.71, 26.71, 949.53, 20.00, 4.63, 19.44, 18.72, 0.00, 0.00, 0.00, 0.00, 90.00, 0, 0
2.00, 5.70, 26.56, 26.56, 875.79, 20.00, 4.63, 18.89, 18.16, 0.00, 0.00, 0.00, 0.00, 90.00, 0, 0
2.00, 5.70, 26.42, 26.42, 781.25, 20.00, 4.63, 17.78, 17.04, 0.00, 0.00, 0.00, 0.00, 90.00, 0, 0
2.00, 5.70, 26.27, 26.27, 686.73, 20.00, 4.63, 16.67, 15.95, 0.00, 0.00, 0.00, 0.00, 90.00, 0, 0
2.00, 5.70, 26.13, 26.13, 616.33, 20.00, 4.63, 16.11, 15.38, 0.00, 0.00, 0.00, 0.00, 90.00, 0, 0
2.00, 5.70, 25.99, 25.99, 529.01, 20.00, 4.63, 15.00, 14.27, 0.00, 0.00, 0.00, 0.00, 90.00, 0, 0
2.00, 5.70, 25.88, 25.88, 517.56, 20.00, 4.63, 15.56, 14.83, 0.00, 3.17, 0.00, 0.00, 90.00, 0, 0
2.00, 5.70, 26.34, 26.34, 1598.45, 20.00, 4.63, 17.22, 16.51, 449.80, 31.12, 28.98, -69.39, 79.27, 0, 0
2.00, 5.70, 27.08, 27.08, 2454.77, 20.00, 4.63, 20.00, 19.28, 656.55, 70.73, 26.03, -58.15, 69.07, 0, 0
2.00, 5.70, 27.84, 27.84, 2943.86, 20.00, 4.63, 22.22, 21.51, 717.55, 104.69, 29.95, -44.98, 60.16, 0, 0
2.00, 5.70, 28.38, 28.38, 2949.71, 20.00, 4.63, 24.44, 23.72, 342.86, 124.45, 38.67, -29.20, 53.28, 0, 0
2.00, 5.70, 28.77, 28.77, 2959.24, 20.00, 4.63, 26.11, 25.38, 138.06, 138.48, 49.67, -10.81, 49.38, 0, 0
2.00, 5.70, 29.04, 29.04, 2889.75, 20.00, 4.63, 27.78, 27.03, 66.71, 142.80, 61.64, 8.83, 49.18, 0, 0
2.00, 5.70, 29.11, 29.11, 2612.12, 20.00, 4.63, 26.67, 25.93, 25.73, 120.61, 74.00, 27.43, 52.73, 0, 0
2.00, 5.70, 29.12, 29.12, 2476.57, 20.00, 4.63, 26.67, 25.93, 5.75, 102.54, 86.38, 43.50, 59.35, 0, 0
2.00, 5.70, 29.09, 29.09, 2337.24, 20.00, 4.63, 26.67, 25.93, 0.00, 68.29, 0.00, 56.91, 68.10, 0, 0
2.00, 5.70, 29.06, 29.06, 2279.46, 20.00, 4.63, 26.67, 25.93, 0.00, 31.83, 0.00, 68.31, 78.19, 0, 0
2.00, 5.70, 29.00, 29.00, 2166.42, 20.00, 4.63, 25.56, 24.82, 0.00, 5.54, 0.00, 78.48, 89.08, 0, 0
2.00, 5.70, 28.92, 28.92, 2042.58, 20.00, 4.63, 24.44, 23.72, 0.00, 0.00, 0.00, 0.00, 90.00, 0, 0
2.00, 5.70, 28.85, 28.85, 1973.03, 20.00, 4.63, 23.89, 23.16, 0.00, 0.00, 0.00, 0.00, 90.00, 0, 0
2.00, 5.70, 28.77, 28.77, 1888.07, 20.00, 4.63, 22.78, 22.04, 0.00, 0.00, 0.00, 0.00, 90.00, 0, 0
2.00, 5.70, 28.63, 28.63, 1677.36, 20.00, 4.63, 22.22, 21.49, 0.00, 0.00, 0.00, 0.00, 90.00, 0, 0
2.00, 5.70, 28.42, 28.42, 1440.36, 20.00, 4.63, 21.67, 20.93, 0.00, 0.00, 0.00, 0.00, 90.00, 0, 0
2.00, 5.70, 28.23, 28.23, 1325.84, 20.00, 4.63, 20.56, 19.82, 0.00, 0.00, 0.00, 0.00, 90.00, 0, 0
2.00, 5.70, 28.05, 28.05, 1217.98, 20.00, 4.63, 19.44, 18.70, 0.00, 0.00, 0.00, 0.00, 90.00, 0, 0
2.00, 5.70, 27.86, 27.86, 1088.83, 20.00, 4.63, 17.78, 17.03, 0.00, 0.00, 0.00, 0.00, 90.00, 0, 0
2.00, 5.70, 27.68, 27.68, 983.53, 20.00, 4.63, 16.67, 15.92, 0.00, 0.00, 0.00, 0.00, 90.00, 0, 0
2.00, 5.70, 27.49, 27.49, 853.99, 20.00, 4.63, 15.00, 14.26, 0.00, 0.00, 0.00, 0.00, 90.00, 0, 0
2.00, 5.70, 27.30, 27.30, 746.78, 20.00, 4.63, 13.89, 13.14, 0.00, 0.00, 0.00, 0.00, 90.00, 0, 0
2.00, 5.70, 27.11, 27.11, 620.41, 20.00, 4.63, 12.22, 11.47, 0.00, 0.00, 0.00, 0.00, 90.00, 0, 0
2.00, 5.70, 26.95, 26.95, 589.07, 20.00, 4.63, 12.78, 12.03, 0.00, 2.38, 0.00, 0.00, 90.00, 0, 0
2.00, 5.70, 27.04, 27.04, 1000.86, 20.00, 4.63, 14.44, 13.69, 144.00, 23.43, 28.61, -69.07, 79.49, 0, 0
2.00, 5.70, 27.54, 27.54, 1908.46, 20.00, 4.63, 16.67, 15.93, 447.08, 63.22, 25.66, -57.84, 69.32, 0, 0
2.00, 5.70, 28.23, 28.23, 2591.64, 20.00, 4.63, 19.44, 18.70, 613.47, 99.02, 29.64, -44.68, 60.44, 0, 0
2.00, 5.70, 28.83, 28.83, 2854.26, 20.00, 4.63, 22.22, 21.48, 365.18, 123.09, 38.44, -28.95, 53.61, 0, 0
2.00, 5.70, 29.25, 29.25, 2838.92, 20.00, 4.63, 24.44, 23.69, 137.49, 135.30, 49.48, -10.66, 49.74, 0, 0
2.00, 5.70, 29.47, 29.47, 2654.69, 20.00, 4.63, 25.56, 24.80, 53.54, 129.66, 61.48, 8.85, 49.56, 0, 0
2.00, 5.70, 29.63, 29.63, 2633.21, 20.00, 4.63, 26.11, 25.35, 33.48, 126.68, 73.84, 27.34, 53.11, 0, 0
2.00, 5.70, 29.70, 29.70, 2522.06, 20.00, 4.63, 26.67, 25.91, 6.78, 107.50, 86.22, 43.33, 59.70, 0, 0
2.00, 5.70, 29.70, 29.70, 2368.04, 20.00, 4.63, 26.11, 25.35, 0.00, 70.09, 0.00, 56.70, 68.42, 0, 0
2.00, 5.70, 29.68, 29.68, 2293.78, 20.00, 4.63, 25.00, 24.25, 0.00, 33.65, 0.00, 68.08, 78.50, 0, 0
2.00, 5.70, 29.59, 29.59, 2093.41, 20.00, 4.63, 22.78, 22.03, 0.00, 4.75, 0.00, 78.24, 89.38, 0, 0
2.00, 5.70, 29.49, 29.49, 1988.06, 20.00, 4.63, 22.22, 21.48, 0.00, 0.00, 0.00, 0.00, 90.00, 0, 0
2.00, 5.70, 29.38, 29.38, 1888.38, 20.00, 4.63, 21.11, 20.36, 0.00, 0.00, 0.00, 0.00, 90.00, 0, 0
2.00, 5.70, 29.28, 29.28, 1819.62, 20.00, 4.63, 20.56, 19.82, 0.00, 0.00, 0.00, 0.00, 90.00, 0, 0
2.00, 5.70, 29.10, 29.10, 1579.42, 20.00, 4.63, 19.44, 18.70, 0.00, 0.00, 0.00, 0.00, 90.00, 0, 0
2.00, 5.70, 28.85, 28.85, 1310.63, 20.00, 4.63, 18.33, 17.59, 0.00, 0.00, 0.00, 0.00, 90.00, 0, 0
2.00, 5.70, 28.64, 28.64, 1211.28, 20.00, 4.63, 17.78, 17.03, 0.00, 0.00, 0.00, 0.00, 90.00, 0, 0
2.00, 5.70, 28.43, 28.43, 1096.89, 20.00, 4.63, 16.67, 15.92, 0.00, 0.00, 0.00, 0.00, 90.00, 0, 0
2.00, 5.70, 28.24, 28.24, 1010.91, 20.00, 4.63, 16.11, 15.35, 0.00, 0.00, 0.00, 0.00, 90.00, 0, 0
2.00, 5.70, 28.06, 28.06, 904.38, 20.00, 4.63, 15.00, 14.26, 0.00, 0.00, 0.00, 0.00, 90.00, 0, 0
2.00, 5.70, 27.89, 27.89, 823.18, 20.00, 4.63, 14.44, 13.69, 0.00, 0.00, 0.00, 0.00, 90.00, 0, 0
2.00, 5.70, 27.71, 27.71, 719.04, 20.00, 4.63, 13.33, 12.58, 0.00, 0.00, 0.00, 0.00, 90.00, 0, 0
2.00, 5.70, 27.58, 27.58, 720.20, 20.00, 4.63, 12.78, 12.03, 0.00, 0.00, 0.00, 0.00, 90.00, 0, 0
2.00, 5.70, 27.47, 27.47, 709.50, 20.00, 4.63, 13.33, 12.58, 0.00, 3.17, 0.00, 0.00, 90.00, 0, 0
2.00, 5.70, 27.62, 27.62, 1179.51, 20.00, 4.63, 15.00, 14.26, 163.95, 24.81, 28.25, -68.75, 79.71, 0, 0
2.00, 5.70, 28.12, 28.12, 1977.34, 20.00, 4.63, 17.22, 16.48, 410.32, 61.25, 25.29, -57.53, 69.57, 0, 0
2.00, 5.70, 28.72, 28.72, 2523.04, 20.00, 4.63, 19.44, 18.70, 530.25, 90.80, 29.34, -44.39, 60.73, 0, 0
2.00, 5.70, 29.18, 29.18, 2600.55, 20.00, 4.63, 21.67, 20.93, 266.18, 111.37, 38.21, -28.71, 53.94, 0, 0
2.00, 5.70, 29.56, 29.56, 2707.40, 20.00, 4.63, 23.89, 23.14, 116.07, 126.56, 49.30, -10.51, 50.10, 0, 0
2.00, 5.70, 29.84, 29.84, 2716.96, 20.00, 4.63, 25.00, 24.25, 63.24, 131.78, 61.32, 8.87, 49.94, 0, 0
2.00, 5.70, 29.98, 29.98, 2587.04, 20.00, 4.63, 26.11, 25.37, 26.84, 114.16, 73.69, 27.24, 53.48, 0, 0
2.00, 5.70, 30.04, 30.04, 2469.01, 20.00, 4.63, 26.11, 25.37, 5.33, 97.11, 86.07, 43.16, 60.05, 0, 0
2.00, 5.70, 29.98, 29.98, 2226.60, 20.00, 4.63, 25.00, 24.27, 0.00, 56.37, 0.00, 56.49, 68.75, 0, 0
2.00, 5.70, 29.92, 29.92, 2156.11, 20.00, 4.63, 23.89, 23.16, 0.00, 27.93, 0.00, 67.85, 78.81, 0, 0
2.00, 5.70, 29.85, 29.85, 2062.23, 20.00, 4.63, 22.22, 21.49, 0.00, 3.96, 0.00, 78.00, 89.67, 0, 0
2.00, 5.70, 29.77, 29.77, 1978.11, 20.00, 4.63, 21.67, 20.94, 0.00, 0.00, 0.00, 0.00, 90.00, 0, 0
2.00, 5.70, 29.69, 29.69, 1915.74, 20.00, 4.63, 21.11, 20.38, 0.00, 0.00, 0.00, 0.00, 90.00, 0, 0
2.00, 5.70, 29.62, 29.62, 1859.15, 20.00, 4.63, 20.56, 19.83, 0.00, 0.00, 0.00, 0.00, 90.00, 0, 0
2.00, 5.70, 29.45, 29.45, 1603.57, 20.00, 4.63, 20.00, 19.27, 0.00, 0.00, 0.00, 0.00, 90.00, 0, 0
2.00, 5.70, 29.20, 29.20, 1338.73, 20.00, 4.63, 18.89, 18.17, 0.00, 0.00, 0.00, 0.00, 90.00, 0, 0
2.00, 5.70, 28.99, 28.99, 1243.26, 20.00, 4.63, 18.33, 17.61, 0.00, 0.00, 0.00, 0.00, 90.00, 0, 0
2.00, 5.70, 28.80, 28.80, 1157.45, 20.00, 4.63, 17.78, 17.04, 0.00, 0.00, 0.00, 0.00, 90.00, 0, 0
2.00, 5.70, 28.63, 28.63, 1077.68, 20.00, 4.63, 17.22, 16.49, 0.00, 0.00, 0.00, 0.00, 90.00, 0, 0
2.00, 5.70, 28.47, 28.47, 1001.67, 20.00, 4.63, 16.67, 15.93, 0.00, 0.00, 0.00, 0.00, 90.00, 0, 0
2.00, 5.70, 28.31, 28.31, 928.31, 20.00, 4.63, 16.11, 15.38, 0.00, 0.00, 0.00, 0.00, 90.00, 0, 0
2.00, 5.70, 28.16, 28.16, 856.66, 20.00, 4.63, 15.56, 14.83, 0.00, 0.00, 0.00, 0.00, 90.00, 0, 0
2.00, 5.70, 28.06, 28.06, 867.04, 20.00, 4.63, 15.00, 14.29, 0.00, 0.00, 0.00, 0.00, 90.00, 0, 0
2.00, 5.70, 27.96, 27.96, 833.18, 20.00, 4.63, 15.00, 14.29, 0.00, 0.00, 0.00, 0.00, 90.00, 0, 0
2.00, 5.70, 28.05, 28.05, 1185.10, 20.00, 4.63, 16.67, 15.96, 105.95, 22.42, 27.89, -68.44, 79.93, 0, 0
2.00, 5.70, 28.24, 28.24, 1442.87, 20.00, 4.63, 18.33, 17.62, 128.78, 47.35, 24.92, -57.22, 69.81, 0, 0
2.00, 5.70, 28.25, 28.25, 1219.74, 20.00, 4.63, 18.89, 18.19, 2.52, 35.54, 29.04, -44.11, 61.01, 0, 0
2.00, 5.70, 28.47, 28.47, 1658.57, 20.00, 4.63, 20.56, 19.85, 69.30, 82.71, 37.98, -28.47, 54.26, 0, 0
2.00, 5.70, 28.73, 28.73, 1873.20, 20.00, 4.63, 22.22, 21.51, 40.61, 99.94, 49.12, -10.37, 50.46, 0, 0
2.00, 5.70, 28.80, 28.80, 1669.13, 20.00, 4.63, 22.78, 22.06, 2.57, 63.79, 61.16, 8.89, 50.32, 0, 0
2.00, 5.70, 28.85, 28.85, 1660.31, 20.00, 4.63, 22.78, 22.06, 0.97, 61.74, 73.53, 27.15, 53.85, 0, 0
2.00, 5.70, 28.89, 28.89, 1669.12, 20.00, 4.63, 22.78, 22.07, 0.62, 61.27, 85.90, 42.99, 60.40, 0, 0
2.00, 5.70, 28.90, 28.90, 1617.44, 20.00, 4.63, 22.78, 22.07, 0.00, 45.65, 0.00, 56.28, 69.07, 0, 0
2.00, 5.70, 28.87, 28.87, 1542.35, 20.00, 4.63, 21.67, 20.96, 0.00, 20.85, 0.00, 67.62, 79.11, 0, 0
2.00, 5.70, 28.89, 28.89, 1604.73, 20.00, 4.63, 21.11, 20.41, 0.00, 0.79, 0.00, 77.75, 89.96, 0, 0
2.00, 5.70, 28.88, 28.88, 1571.19, 20.00, 4.63, 20.56, 19.85, 0.00, 0.00, 0.00, 0.00, 90.00, 0, 0
2.00, 5.70, 28.86, 28.86, 1537.98, 20.00, 4.63, 20.00, 19.30, 0.00, 0.00, 0.00, 0.00, 90.00, 0, 0
2.00, 5.70, 28.83, 28.83, 1503.41, 20.00, 4.63, 19.44, 18.75, 0.00, 0.00, 0.00, 0.00, 90.00, 0, 0
2.00, 5.70, 28.70, 28.70, 1265.05, 20.00, 4.63, 18.89, 18.19, 0.00, 0.00, 0.00, 0.00, 90.00, 0, 0
2.00, 5.70, 28.49, 28.49, 1038.52, 20.00, 4.63, 18.33, 17.64, 0.00, 0.00, 0.00, 0.00, 90.00, 0, 0
2.00, 5.70, 28.31, 28.31, 956.93, 20.00, 4.63, 17.78, 17.09, 0.00, 0.00, 0.00, 0.00, 90.00, 0, 0
2.00, 5.70, 28.14, 28.14, 882.75, 20.00, 4.63, 17.22, 16.51, 0.00, 0.00, 0.00, 0.00, 90.00, 0, 0
2.00, 5.70, 27.99, 27.99, 837.98, 20.00, 4.63, 17.22, 16.51, 0.00, 0.00, 0.00, 0.00, 90.00, 0, 0
2.00, 5.70, 27.86, 27.86, 773.58, 20.00, 4.63, 16.67, 15.96, 0.00, 0.00, 0.00, 0.00, 90.00, 0, 0
2.00, 5.70, 27.72, 27.72, 710.55, 20.00, 4.63, 16.11, 15.41, 0.00, 0.00, 0.00, 0.00, 90.00, 0, 0
2.00, 5.70, 27.60, 27.60, 673.27, 20.00, 4.63, 16.11, 15.41, 0.00, 0.00, 0.00, 0.00, 90.00, 0, 0
2.00, 5.70, 27.48, 27.48, 620.51, 20.00, 4.63, 15.56, 14.86, 0.00, 0.00, 0.00, 0.00, 90.00, 0, 0
2.00, 5.70, 27.37, 27.37, 586.77, 20.00, 4.63, 15.56, 14.86, 0.00, 0.00, 0.00, 0.00, 90.00, 0, 0
2.00, 5.70, 27.35, 27.35, 726.35, 20.00, 4.63, 16.67, 15.97, 25.18, 17.11, 27.53, -68.13, 80.15, 0, 0
2.00, 5.70, 27.33, 27.33, 741.08, 20.00, 4.63, 17.22, 16.54, 0.00, 26.93, 24.55, -56.93, 70.06, 0, 0
2.00, 5.70, 27.96, 27.96, 2054.54, 20.00, 4.63, 20.56, 19.86, 461.37, 98.82, 28.74, -43.83, 61.29, 0, 0
2.00, 5.70, 28.29, 28.29, 1846.73, 20.00, 4.63, 22.22, 21.52, 140.61, 99.21, 37.76, -28.24, 54.59, 0, 0
2.00, 5.70, 28.34, 28.34, 1504.11, 20.00, 4.63, 22.78, 22.07, 6.49, 66.71, 48.94, -10.23, 50.82, 0, 0
2.00, 5.70, 28.38, 28.38, 1505.58, 20.00, 4.63, 22.78, 22.07, 3.34, 69.88, 61.00, 8.90, 50.69, 0, 0
2.00, 5.70, 28.31, 28.31, 1313.70, 20.00, 4.63, 22.22, 21.51, 0.00, 27.72, 73.38, 27.05, 54.22, 0, 0
2.00, 5.70, 28.27, 28.27, 1308.31, 20.00, 4.63, 21.67, 20.94, 0.03, 38.71, 85.74, 42.82, 60.75, 0, 0
2.00, 5.70, 28.18, 28.18, 1186.41, 20.00, 4.63, 21.11, 20.40, 0.00, 19.01, 0.00, 56.08, 69.39, 0, 0
2.00, 5.70, 28.12, 28.12, 1184.14, 20.00, 4.63, 20.56, 19.85, 0.00, 11.88, 0.00, 67.39, 79.41, 0, 0
2.00, 5.70, 28.13, 28.13, 1294.56, 20.00, 4.63, 20.00, 19.28, 0.00, 0.79, 0.00, 0.00, 90.00, 0, 0
2.00, 5.70, 28.12, 28.12, 1268.50, 20.00, 4.63, 19.44, 18.73, 0.00, 0.00, 0.00, 0.00, 90.00, 0, 0
2.00, 5.70, 28.10, 28.10, 1239.19, 20.00, 4.63, 18.89, 18.17, 0.00, 0.00, 0.00, 0.00, 90.00, 0, 0
2.00, 5.70, 28.07, 28.07, 1206.93, 20.00, 4.63, 18.33, 17.61, 0.00, 0.00, 0.00, 0.00, 90.00, 0, 0
2.00, 5.70, 27.95, 27.95, 1019.61, 20.00, 4.63, 17.78, 17.06, 0.00, 0.00, 0.00, 0.00, 90.00, 0, 0
2.00, 5.70, 27.76, 27.76, 800.47, 20.00, 4.63, 17.22, 16.49, 0.00, 0.00, 0.00, 0.00, 90.00, 0, 0
2.00, 5.70, 27.58, 27.58, 724.24, 20.00, 4.63, 16.67, 15.93, 0.00, 0.00, 0.00, 0.00, 90.00, 0, 0
2.00, 5.70, 27.41, 27.41, 629.58, 20.00, 4.63, 15.56, 14.83, 0.00, 0.00, 0.00, 0.00, 90.00, 0, 0
2.00, 5.70, 27.25, 27.25, 560.93, 20.00, 4.63, 15.00, 14.27, 0.00, 0.00, 0.00, 0.00, 90.00, 0, 0
2.00, 5.70, 27.08, 27.08, 469.58, 20.00, 4.63, 13.89, 13.16, 0.00, 0.00, 0.00, 0.00, 90.00, 0, 0
2.00, 5.70, 26.91, 26.91, 377.02, 20.00, 4.63, 12.78, 12.05, 0.00, 0.00, 0.00, 0.00, 90.00, 0, 0
2.00, 5.70, 26.74, 26.74, 282.93, 20.00, 4.63, 11.67, 10.94, 0.00, 0.00, 0.00, 0.00, 90.00, 0, 0
2.00, 5.70, 26.57, 26.57, 219.13, 20.00, 4.63, 11.11, 10.36, 0.00, 0.00, 0.00, 0.00, 90.00, 0, 0
2.00, 5.70, 26.39, 26.39, 124.80, 20.00, 4.63, 10.00, 9.26, 0.00, 0.00, 0.00, 0.00, 90.00, 0, 0
2.00, 5.70, 26.67, 26.67, 953.07, 20.00, 4.63, 13.33, 12.60, 297.48, 26.53, 27.17, -67.83, 80.37, 0, 0
2.00, 5.70, 26.86, 26.86, 973.94, 20.00, 4.63, 15.00, 14.27, 179.47, 47.79, 24.19, -56.63, 70.31, 0, 0
2.00, 5.70, 27.48, 27.48, 1990.34, 20.00, 4.63, 17.78, 17.04, 535.79, 93.92, 28.45, -43.56, 61.58, 0, 0
2.00, 5.70, 28.07, 28.07, 2321.95, 20.00, 4.63, 20.00, 19.25, 374.93, 119.03, 37.54, -28.02, 54.91, 0, 0
2.00, 5.70, 28.39, 28.39, 2152.93, 20.00, 4.63, 21.11, 20.38, 125.81, 123.40, 48.75, -10.10, 51.18, 0, 0
2.00, 5.70, 28.52, 28.52, 1938.82, 20.00, 4.63, 21.67, 20.93, 41.16, 112.90, 60.84, 8.91, 51.06, 0, 0
2.00, 5.70, 28.54, 28.54, 1774.45, 20.00, 4.63, 21.67, 20.93, 11.82, 93.18, 73.22, 26.95, 54.58, 0, 0
2.00, 5.70, 28.51, 28.51, 1677.21, 20.00, 4.63, 21.11, 20.38, 4.02, 81.86, 85.58, 42.65, 61.09, 0, 0
2.00, 5.70, 28.46, 28.46, 1590.22, 20.00, 4.63, 20.56, 19.82, 0.00, 62.39, 0.00, 55.87, 69.71, 0, 0
2.00, 5.70, 28.32, 28.32, 1359.23, 20.00, 4.63, 18.89, 18.16, 0.00, 19.62, 0.00, 67.17, 79.70, 0, 0
2.00, 5.70, 28.24, 28.24, 1376.31, 20.00, 4.63, 18.33, 17.61, 0.00, 0.79, 0.00, 0.00, 90.00, 0, 0
2.00, 5.70, 28.16, 28.16, 1314.25, 20.00, 4.63, 17.78, 17.06, 0.00, 0.00, 0.00, 0.00, 90.00, 0, 0
2.00, 5.70, 28.08, 28.08, 1257.64, 20.00, 4.63, 17.22, 16.51, 0.00, 0.00, 0.00, 0.00, 90.00, 0, 0
2.00, 5.70, 27.99, 27.99, 1204.22, 20.00, 4.63, 16.67, 15.95, 0.00, 0.00, 0.00, 0.00, 90.00, 0, 0
2.00, 5.70, 27.85, 27.85, 1024.86, 20.00, 4.63, 16.67, 15.95, 0.00, 0.00, 0.00, 0.00, 90.00, 0, 0
2.00, 5.70, 27.63, 27.63, 794.22, 20.00, 4.63, 16.11, 15.38, 0.00, 0.00, 0.00, 0.00, 90.00, 0, 0
2.00, 5.70, 27.44, 27.44, 708.47, 20.00, 4.63, 15.56, 14.83, 0.00, 0.00, 0.00, 0.00, 90.00, 0, 0
2.00, 5.70, 27.27, 27.27, 655.38, 20.00, 4.63, 15.56, 14.82, 0.00, 0.00, 0.00, 0.00, 90.00, 0, 0
2.00, 5.70, 27.11, 27.11, 584.47, 20.00, 4.63, 15.00, 14.27, 0.00, 0.00, 0.00, 0.00, 90.00, 0, 0
2.00, 5.70, 26.97, 26.97, 541.22, 20.00, 4.63, 15.00, 14.27, 0.00, 0.00, 0.00, 0.00, 90.00, 0, 0
2.00, 5.70, 26.85, 26.85, 502.05, 20.00, 4.63, 15.00, 14.27, 0.00, 0.00, 0.00, 0.00, 90.00, 0, 0
2.00, 5.70, 26.74, 26.74, 465.97, 20.00, 4.63, 15.00, 14.27, 0.00, 0.00, 0.00, 0.00, 90.00, 0, 0
2.00, 5.70, 26.62, 26.62, 414.10, 20.00, 4.63, 14.44, 13.74, 0.00, 0.00, 0.00, 0.00, 90.00, 0, 0
2.00, 5.70, 26.51, 26.51, 381.17, 20.00, 4.63, 14.44, 13.74, 0.00, 0.00, 0.00, 0.00, 90.00, 0, 0
2.00, 5.70, 26.49, 26.49, 496.70, 20.00, 4.63, 16.11, 15.40, 5.63, 14.98, 26.82, -67.53, 80.59, 0, 0
2.00, 5.70, 26.54, 26.54, 663.09, 20.00, 4.63, 17.22, 16.51, 21.90, 35.90, 23.83, -56.34, 70.56, 0, 0
2.00, 5.70, 26.65, 26.65, 833.91, 20.00, 4.63, 18.33, 17.62, 33.38, 55.00, 28.16, -43.29, 61.86, 0, 0
2.00, 5.70, 26.80, 26.80, 1002.03, 20.00, 4.63, 19.44, 18.73, 31.50, 70.45, 37.31, -27.81, 55.23, 0, 0
2.00, 5.70, 26.93, 26.93, 1076.24, 20.00, 4.63, 20.00, 19.30, 11.15, 77.86, 48.58, -9.97, 51.53, 0, 0
2.00, 5.70, 27.06, 27.06, 1154.90, 20.00, 4.63, 20.56, 19.85, 9.51, 79.65, 60.68, 8.92, 51.43, 0, 0
2.00, 5.70, 27.09, 27.09, 1040.28, 20.00, 4.63, 20.56, 19.85, 0.48, 47.17, 73.07, 26.85, 54.94, 0, 0
2.00, 5.70, 27.04, 27.04, 916.67, 20.00, 4.63, 20.00, 19.28, 0.00, 24.55, 85.42, 42.48, 61.42, 0, 0
2.00, 5.70, 26.94, 26.94, 769.29, 20.00, 4.63, 18.89, 18.19, 0.00, 6.34, 0.00, 55.66, 70.02, 0, 0
2.00, 5.70, 26.87, 26.87, 774.26, 20.00, 4.63, 18.33, 17.62, 0.00, 2.38, 0.00, 66.94, 80.00, 0, 0
2.00, 5.70, 26.89, 26.89, 923.98, 20.00, 4.63, 17.78, 17.09, 0.00, 0.00, 0.00, 0.00, 90.00, 0, 0
2.00, 5.70, 26.90, 26.90, 929.21, 20.00, 4.63, 17.78, 17.09, 0.00, 0.00, 0.00, 0.00, 90.00, 0, 0
2.00, 5.70, 26.91, 26.91, 930.78, 20.00, 4.63, 17.78, 17.09, 0.00, 0.00, 0.00, 0.00, 90.00, 0, 0
2.00, 5.70, 26.91, 26.91, 930.32, 20.00, 4.63, 17.78, 17.09, 0.00, 0.00, 0.00, 0.00, 90.00, 0, 0
2.00, 5.70, 26.82, 26.82, 751.06, 20.00, 4.63, 17.22, 16.52, 0.00, 0.00, 0.00, 0.00, 90.00, 0, 0
2.00, 5.70, 26.66, 26.66, 563.82, 20.00, 4.63, 17.22, 16.52, 0.00, 0.00, 0.00, 0.00, 90.00, 0, 0
2.00, 5.70, 26.52, 26.52, 521.14, 20.00, 4.63, 17.22, 16.52, 0.00, 0.00, 0.00, 0.00, 90.00, 0, 0
2.00, 5.70, 26.39, 26.39, 461.43, 20.00, 4.63, 16.67, 15.96, 0.00, 0.00, 0.00, 0.00, 90.00, 0, 0
2.00, 5.70, 26.28, 26.28, 429.32, 20.00, 4.63, 16.67, 15.96, 0.00, 0.00, 0.00, 0.00, 90.00, 0, 0
2.00, 5.70, 26.18, 26.18, 401.05, 20.00, 4.63, 16.67, 15.96, 0.00, 0.00, 0.00, 0.00, 90.00, 0, 0
2.00, 5.70, 26.08, 26.08, 350.69, 20.00, 4.63, 16.11, 15.41, 0.00, 0.00, 0.00, 0.00, 90.00, 0, 0
2.00, 5.70, 25.99, 25.99, 324.94, 20.00, 4.63, 16.11, 15.41, 0.00, 0.00, 0.00, 0.00, 90.00, 0, 0
2.00, 5.70, 25.89, 25.89, 282.97, 20.00, 4.63, 15.56, 14.88, 0.00, 0.00, 0.00, 0.00, 90.00, 0, 0
2.00, 5.70, 25.80, 25.80, 259.16, 20.00, 4.63, 15.56, 14.86, 0.00, 0.00, 0.00, 0.00, 90.00, 0, 0
2.00, 5.70, 25.79, 25.79, 380.55, 20.00, 4.63, 17.22, 16.54, 5.65, 14.19, 26.48, -67.24, 80.81, 0, 0
2.00, 5.70, 25.78, 25.78, 389.75, 20.00, 4.63, 17.22, 16.54, 0.00, 19.01, 23.47, -56.06, 70.80, 0, 0
2.00, 5.70, 25.79, 25.79, 462.69, 20.00, 4.63, 17.78, 17.10, 0.00, 30.10, 27.87, -43.03, 62.14, 0, 0
2.00, 5.70, 25.88, 25.88, 628.69, 20.00, 4.63, 18.89, 18.20, 6.19, 51.03, 37.10, -27.60, 55.55, 0, 0
2.00, 5.70, 25.90, 25.90, 566.47, 20.00, 4.63, 18.89, 18.20, 0.00, 32.47, 48.40, -9.85, 51.88, 0, 0
2.00, 5.70, 25.88, 25.88, 523.67, 20.00, 4.63, 18.33, 17.65, 0.00, 26.93, 60.52, 8.92, 51.79, 0, 0
2.00, 5.70, 25.88, 25.88, 553.97, 20.00, 4.63, 18.33, 17.65, 0.00, 28.51, 72.91, 26.76, 55.29, 0, 0
2.00, 5.70, 25.88, 25.88, 558.05, 20.00, 4.63, 18.33, 17.65, 0.00, 28.51, 85.26, 42.32, 61.75, 0, 0
2.00, 5.70, 25.83, 25.83, 485.00, 20.00, 4.63, 18.33, 17.64, 0.00, 11.09, 0.00, 55.46, 70.33, 0, 0
2.00, 5.70, 25.80, 25.80, 492.79, 20.00, 4.63, 17.78, 17.09, 0.00, 3.17, 0.00, 66.71, 80.28, 0, 0
2.00, 5.70, 25.85, 25.85, 651.26, 20.00, 4.63, 17.22, 16.54, 0.00, 0.00, 0.00, 0.00, 90.00, 0, 0
2.00, 5.70, 25.88, 25.88, 665.66, 20.00, 4.63, 17.22, 16.54, 0.00, 0.00, 0.00, 0.00, 90.00, 0, 0
2.00, 5.70, 25.91, 25.91, 674.95, 20.00, 4.63, 17.22, 16.54, 0.00, 0.00, 0.00, 0.00, 90.00, 0, 0
2.00, 5.70, 25.91, 25.91, 656.34, 20.00, 4.63, 16.67, 15.99, 0.00, 0.00, 0.00, 0.00, 90.00, 0, 0
2.00, 5.70, 25.83, 25.83, 505.36, 20.00, 4.63, 16.67, 15.99, 0.00, 0.00, 0.00, 0.00, 90.00, 0, 0
2.00, 5.70, 25.67, 25.67, 298.66, 20.00, 4.63, 16.11, 15.42, 0.00, 0.00, 0.00, 0.00, 90.00, 0, 0
2.00, 5.70, 25.54, 25.54, 258.45, 20.00, 4.63, 16.11, 15.42, 0.00, 0.00, 0.00, 0.00, 90.00, 0, 0
2.00, 5.70, 25.42, 25.42, 225.98, 20.00, 4.63, 16.11, 15.42, 0.00, 0.00, 0.00, 0.00, 90.00, 0, 0
2.00, 5.70, 25.31, 25.31, 173.38, 20.00, 4.63, 15.56, 14.86, 0.00, 0.00, 0.00, 0.00, 90.00, 0, 0
2.00, 5.70, 25.21, 25.21, 146.82, 20.00, 4.63, 15.56, 14.86, 0.00, 0.00, 0.00, 0.00, 90.00, 0, 0
2.00, 5.70, 25.12, 25.12, 123.03, 20.00, 4.63, 15.56, 14.86, 0.00, 0.00, 0.00, 0.00, 90.00, 0, 0
2.00, 5.70, 25.02, 25.02, 76.26, 20.00, 4.63, 15.00, 14.31, 0.00, 0.00, 0.00, 0.00, 90.00, 0, 0
2.00, 5.70, 24.94, 24.94, 60.35, 20.00, 4.63, 15.00, 14.31, 0.00, 0.00, 0.00, 0.00, 90.00, 0, 0
2.00, 5.70, 24.86, 24.86, 40.26, 20.00, 4.63, 15.00, 14.31, 0.00, 0.00, 0.00, 0.00, 90.00, 0, 0
2.00, 5.70, 24.79, 24.79, 25.34, 20.00, 4.63, 15.00, 14.33, 0.00, 2.38, 26.14, -66.95, 81.03, 0, 0
2.00, 5.70, 24.72, 24.72, 11.50, 20.00, 4.63, 15.00, 14.33, 0.00, 3.17, 23.11, -55.78, 71.05, 0, 0
2.00, 5.70, 24.65, 24.65, -11.38, 20.00, 4.63, 15.00, 14.33, 0.00, 1.58, 27.58, -42.78, 62.42, 0, 0
2.00, 5.70, 24.61, 24.61, 28.20, 20.00, 4.63, 15.56, 14.88, 0.00, 8.71, 36.88, -27.39, 55.87, 0, 0
2.00, 5.70, 24.59, 24.59, 69.35, 20.00, 4.63, 15.56, 14.88, 0.00, 19.80, 48.22, -9.74, 52.23, 0, 0
2.00, 5.70, 24.59, 24.59, 113.84, 20.00, 4.63, 16.11, 15.42, 0.00, 23.76, 60.36, 8.92, 52.15, 0, 0
2.00, 5.70, 24.58, 24.58, 109.42, 20.00, 4.63, 16.11, 15.42, 0.00, 15.84, 72.76, 26.65, 55.64, 0, 0
2.00, 5.70, 24.57, 24.57, 125.74, 20.00, 4.63, 16.11, 15.42, 0.00, 19.80, 85.10, 42.15, 62.08, 0, 0
2.00, 5.70, 24.56, 24.56, 146.09, 20.00, 4.63, 16.67, 15.99, 0.00, 18.22, 0.00, 55.25, 70.63, 0, 0
2.00, 5.70, 24.55, 24.55, 140.99, 20.00, 4.63, 16.11, 15.44, 0.00, 3.96, 0.00, 66.49, 80.57, 0, 0
2.00, 5.70, 24.62, 24.62, 327.47, 20.00, 4.63, 16.11, 15.44, 0.00, 0.00, 0.00, 0.00, 90.00, 0, 0
2.00, 5.70, 24.68, 24.68, 348.22, 20.00, 4.63, 16.11, 15.44, 0.00, 0.00, 0.00, 0.00, 90.00, 0, 0
2.00, 5.70, 24.71, 24.71, 362.88, 20.00, 4.63, 16.11, 15.44, 0.00, 0.00, 0.00, 0.00, 90.00, 0, 0
2.00, 5.70, 24.74, 24.74, 373.83, 20.00, 4.63, 16.11, 15.45, 0.00, 0.00, 0.00, 0.00, 90.00, 0, 0
2.00, 5.70, 24.68, 24.68, 229.35, 20.00, 4.63, 16.11, 15.45, 0.00, 0.00, 0.00, 0.00, 90.00, 0, 0
2.00, 5.70, 24.55, 24.55, 53.26, 20.00, 4.63, 16.11, 15.44, 0.00, 0.00, 0.00, 0.00, 90.00, 0, 0
2.00, 5.70, 24.44, 24.44, 20.67, 20.00, 4.63, 16.11, 15.44, 0.00, 0.00, 0.00, 0.00, 90.00, 0, 0
2.00, 5.70, 24.34, 24.34, -4.88, 20.00, 4.63, 16.11, 15.44, 0.00, 0.00, 0.00, 0.00, 90.00, 0, 0
2.00, 5.70, 24.26, 24.26, -26.05, 20.00, 4.63, 16.11, 15.44, 0.00, 0.00, 0.00, 0.00, 90.00, 0, 0
2.00, 5.70, 24.19, 24.19, -19.40, 20.00, 4.63, 16.67, 15.99, 0.00, 0.00, 0.00, 0.00, 90.00, 0, 0
2.00, 5.70, 24.13, 24.13, -33.17, 20.00, 4.63, 16.67, 15.99, 0.00, 0.00, 0.00, 0.00, 90.00, 0, 0
2.00, 5.70, 24.08, 24.08, -45.60, 20.00, 4.63, 16.67, 16.00, 0.00, 0.00, 0.00, 0.00, 90.00, 0, 0
2.00, 5.70, 24.06, 24.06, 23.84, 20.00, 4.63, 16.67, 16.00, 0.00, 0.00, 0.00, 0.00, 90.00, 0, 0
2.00, 5.70, 24.04, 24.04, 24.07, 20.00, 4.63, 16.67, 16.00, 0.00, 0.00, 0.00, 0.00, 90.00, 0, 0
2.00, 5.70, 24.06, 24.06, 99.01, 20.00, 4.63, 17.78, 17.11, 0.00, 7.13, 25.80, -66.67, 81.25, 0, 0
2.00, 5.70, 24.10, 24.10, 162.80, 20.00, 4.63, 18.33, 17.66, 0.00, 14.26, 22.76, -55.51, 71.30, 0, 0
2.00, 5.70, 24.16, 24.16, 264.25, 20.00, 4.63, 18.89, 18.23, 0.00, 28.51, 27.30, -42.53, 62.70, 0, 0
2.00, 5.70, 24.26, 24.26, 377.73, 20.00, 4.63, 19.44, 18.78, 1.64, 41.87, 36.66, -27.19, 56.19, 0, 0
2.00, 5.70, 24.31, 24.31, 356.75, 20.00, 4.63, 20.00, 19.33, 0.00, 23.76, 48.04, -9.63, 52.58, 0, 0
2.00, 5.70, 24.42, 24.42, 500.00, 20.00, 4.63, 20.56, 19.88, 0.79, 46.48, 60.20, 8.92, 52.51, 0, 0
2.00, 5.70, 24.51, 24.51, 544.49, 20.00, 4.63, 20.56, 19.88, 0.37, 48.09, 72.60, 26.55, 55.99, 0, 0
2.00, 5.70, 24.60, 24.60, 613.44, 20.00, 4.63, 21.11, 20.42, 0.46, 49.85, 84.93, 41.98, 62.41, 0, 0
2.00, 5.70, 24.59, 24.59, 464.96, 20.00, 4.63, 20.56, 19.88, 0.00, 14.26, 0.00, 55.05, 70.93, 0, 0
2.00, 5.70, 24.59, 24.59, 474.93, 20.00, 4.63, 20.00, 19.31, 0.00, 4.75, 0.00, 66.26, 80.85, 0, 0
2.00, 5.70, 24.69, 24.69, 658.64, 20.00, 4.63, 20.00, 19.31, 0.00, 0.00, 0.00, 0.00, 90.00, 0, 0
2.00, 5.70, 24.75, 24.75, 659.09, 20.00, 4.63, 19.44, 18.75, 0.00, 0.00, 0.00, 0.00, 90.00, 0, 0
2.00, 5.70, 24.79, 24.79, 652.55, 20.00, 4.63, 18.89, 18.20, 0.00, 0.00, 0.00, 0.00, 90.00, 0, 0
2.00, 5.70, 24.82, 24.82, 640.96, 20.00, 4.63, 18.33, 17.65, 0.00, 0.00, 0.00, 0.00, 90.00, 0, 0
2.00, 5.70, 24.74, 24.74, 447.57, 20.00, 4.63, 18.33, 17.64, 0.00, 0.00, 0.00, 0.00, 90.00, 0, 0
2.00, 5.70, 24.59, 24.59, 241.66, 20.00, 4.63, 17.78, 17.07, 0.00, 0.00, 0.00, 0.00, 90.00, 0, 0
2.00, 5.70, 24.46, 24.46, 203.61, 20.00, 4.63, 17.78, 17.07, 0.00, 0.00, 0.00, 0.00, 90.00, 0, 0
2.00, 5.70, 24.33, 24.33, 124.63, 20.00, 4.63, 16.67, 15.96, 0.00, 0.00, 0.00, 0.00, 90.00, 0, 0
2.00, 5.70, 24.20, 24.20, 46.15, 20.00, 4.63, 15.56, 14.85, 0.00, 0.00, 0.00, 0.00, 90.00, 0, 0
2.00, 5.70, 24.07, 24.07, -32.97, 20.00, 4.63, 14.44, 13.74, 0.00, 0.00, 0.00, 0.00, 90.00, 0, 0
2.00, 5.70, 23.95, 23.95, -88.34, 20.00, 4.63, 13.89, 13.17, 0.00, 0.00, 0.00, 0.00, 90.00, 0, 0
2.00, 5.70, 23.81, 23.81, -168.30, 20.00, 4.63, 12.78, 12.06, 0.00, 0.00, 0.00, 0.00, 90.00, 0, 0
2.00, 5.70, 23.71, 23.71, -169.89, 20.00, 4.63, 11.67, 10.94, 0.00, 0.00, 0.00, 0.00, 90.00, 0, 0
2.00, 5.70, 23.61, 23.61, -218.30, 20.00, 4.63, 11.11, 10.37, 0.00, 0.00, 0.00, 0.00, 90.00, 0, 0
2.00, 5.70, 23.71, 23.71, 152.89, 20.00, 4.63, 13.33, 12.61, 108.23, 17.87, 25.47, -66.39, 81.47, 0, 0
2.00, 5.70, 24.16, 24.16, 931.77, 20.00, 4.63, 15.56, 14.83, 353.32, 52.16, 22.41, -55.24, 71.54, 0, 0
2.00, 5.70, 24.83, 24.83, 1652.89, 20.00, 4.63, 18.33, 17.61, 538.67, 85.79, 27.02, -42.29, 62.98, 0, 0
2.00, 5.70, 25.46, 25.46, 1996.58, 20.00, 4.63, 20.00, 19.27, 421.54, 112.40, 36.45, -27.00, 56.50, 0, 0
2.00, 5.70, 25.99, 25.99, 2181.58, 20.00, 4.63, 22.22, 21.48, 223.47, 131.84, 47.87, -9.53, 52.92, 0, 0
2.00, 5.70, 26.31, 26.31, 2046.56, 20.00, 4.63, 23.33, 22.59, 102.87, 124.84, 60.04, 8.91, 52.86, 0, 0
2.00, 5.70, 26.47, 26.47, 1879.48, 20.00, 4.63, 23.89, 23.14, 43.79, 110.77, 72.44, 26.45, 56.33, 0, 0
2.00, 5.70, 26.54, 26.54, 1763.90, 20.00, 4.63, 23.89, 23.14, 15.46, 94.55, 84.77, 41.81, 62.73, 0, 0
2.00, 5.70, 26.53, 26.53, 1588.30, 20.00, 4.63, 22.78, 22.03, 0.00, 64.41, 0.00, 54.84, 71.23, 0, 0
2.00, 5.70, 26.43, 26.43, 1380.72, 20.00, 4.63, 21.11, 20.36, 0.00, 23.77, 0.00, 66.04, 81.12, 0, 0
2.00, 5.70, 26.37, 26.37, 1345.72, 20.00, 4.63, 20.56, 19.80, 0.00, 0.79, 0.00, 0.00, 90.00, 0, 0
2.00, 5.70, 26.29, 26.29, 1253.13, 20.00, 4.63, 19.44, 18.70, 0.00, 0.00, 0.00, 0.00, 90.00, 0, 0
2.00, 5.70, 26.22, 26.22, 1194.07, 20.00, 4.63, 18.89, 18.14, 0.00, 0.00, 0.00, 0.00, 90.00, 0, 0
2.00, 5.70, 26.15, 26.15, 1116.95, 20.00, 4.63, 17.78, 17.03, 0.00, 0.00, 0.00, 0.00, 90.00, 0, 0
2.00, 5.70, 25.97, 25.97, 838.90, 20.00, 4.63, 16.67, 15.92, 0.00, 0.00, 0.00, 0.00, 90.00, 0, 0
2.00, 5.70, 25.72, 25.72, 574.01, 20.00, 4.63, 15.56, 14.80, 0.00, 0.00, 0.00, 0.00, 90.00, 0, 0
2.00, 5.70, 25.50, 25.50, 479.49, 20.00, 4.63, 15.00, 14.24, 0.00, 0.00, 0.00, 0.00, 90.00, 0, 0
2.00, 5.70, 25.30, 25.30, 369.80, 20.00, 4.63, 13.89, 13.13, 0.00, 0.00, 0.00, 0.00, 90.00, 0, 0
2.00, 5.70, 25.12, 25.12, 288.92, 20.00, 4.63, 13.33, 12.56, 0.00, 0.00, 0.00, 0.00, 90.00, 0, 0
2.00, 5.70, 24.96, 24.96, 212.29, 20.00, 4.63, 12.78, 12.00, 0.00, 0.00, 0.00, 0.00, 90.00, 0, 0
2.00, 5.70, 24.79, 24.79, 113.01, 20.00, 4.63, 11.67, 10.89, 0.00, 0.00, 0.00, 0.00, 90.00, 0, 0
2.00, 5.70, 24.63, 24.63, 38.64, 20.00, 4.63, 11.11, 10.34, 0.00, 0.00, 0.00, 0.00, 90.00, 0, 0
2.00, 5.70, 24.47, 24.47, -53.30, 20.00, 4.63, 10.00, 9.23, 0.00, 0.00, 0.00, 0.00, 90.00, 0, 0
2.00, 5.70, 24.31, 24.31, -126.92, 20.00, 4.63, 9.44, 8.67, 0.00, 0.00, 0.00, 0.00, 90.00, 0, 0
2.00, 5.70, 24.36, 24.36, 214.65, 20.00, 4.63, 11.67, 10.89, 102.81, 18.75, 25.14, -66.11, 81.69, 0, 0
2.00, 5.70, 24.66, 24.66, 773.76, 20.00, 4.63, 13.89, 13.11, 259.45, 48.07, 22.07, -54.98, 71.79, 0, 0
2.00, 5.70, 25.27, 25.27, 1588.03, 20.00, 4.63, 16.11, 15.33, 515.15, 87.67, 26.74, -42.05, 63.26, 0, 0
2.00, 5.70, 25.63, 25.63, 1468.82, 20.00, 4.63, 17.78, 17.01, 239.03, 97.26, 36.24, -26.82, 56.82, 0, 0
2.00, 5.70, 25.89, 25.89, 1496.84, 20.00, 4.63, 18.89, 18.10, 111.42, 107.17, 47.70, -9.43, 53.26, 0, 0
2.00, 5.70, 26.17, 26.17, 1677.39, 20.00, 4.63, 20.00, 19.22, 89.34, 120.65, 59.88, 8.91, 53.21, 0, 0
2.00, 5.70, 26.39, 26.39, 1703.84, 20.00, 4.63, 21.11, 20.33, 55.23, 113.61, 72.29, 26.35, 56.67, 0, 0
2.00, 5.70, 26.47, 26.47, 1530.52, 20.00, 4.63, 21.11, 20.33, 14.81, 91.32, 84.60, 41.64, 63.04, 0, 0
2.00, 5.70, 26.43, 26.43, 1312.01, 20.00, 4.63, 20.00, 19.22, 0.00, 54.70, 0.00, 54.64, 71.52, 0, 0
2.00, 5.70, 26.36, 26.36, 1189.67, 20.00, 4.63, 18.89, 18.10, 0.00, 22.36, 0.00, 65.81, 81.39, 0, 0
2.00, 5.70, 26.29, 26.29, 1122.71, 20.00, 4.63, 17.78, 17.01, 0.00, 0.79, 0.00, 0.00, 90.00, 0, 0
2.00, 5.70, 26.21, 26.21, 1052.44, 20.00, 4.63, 17.22, 16.46, 0.00, 0.00, 0.00, 0.00, 90.00, 0, 0
2.00, 5.70, 26.14, 26.14, 990.49, 20.00, 4.63, 16.67, 15.90, 0.00, 0.00, 0.00, 0.00, 90.00, 0, 0
2.00, 5.70, 26.05, 26.05, 908.89, 20.00, 4.63, 15.56, 14.79, 0.00, 0.00, 0.00, 0.00, 90.00, 0, 0
2.00, 5.70, 25.89, 25.89, 700.15, 20.00, 4.63, 15.00, 14.22, 0.00, 0.00, 0.00, 0.00, 90.00, 0, 0
2.00, 5.70, 25.67, 25.67, 463.92, 20.00, 4.63, 14.44, 13.68, 0.00, 0.00, 0.00, 0.00, 90.00, 0, 0
2.00, 5.70, 25.46, 25.46, 348.18, 20.00, 4.63, 13.33, 12.56, 0.00, 0.00, 0.00, 0.00, 90.00, 0, 0
2.00, 5.70, 25.28, 25.28, 288.86, 20.00, 4.63, 13.33, 12.55, 0.00, 0.00, 0.00, 0.00, 90.00, 0, 0
2.00, 5.70, 25.12, 25.12, 212.25, 20.00, 4.63, 12.78, 12.00, 0.00, 0.00, 0.00, 0.00, 90.00, 0, 0
2.00, 5.70, 24.95, 24.95, 113.29, 20.00, 4.63, 11.67, 10.89, 0.00, 0.00, 0.00, 0.00, 90.00, 0, 0
2.00, 5.70, 24.79, 24.79, 39.38, 20.00, 4.63, 11.11, 10.33, 0.00, 0.00, 0.00, 0.00, 90.00, 0, 0
2.00, 5.70, 24.64, 24.64, -32.79, 20.00, 4.63, 10.56, 9.78, 0.00, 0.00, 0.00, 0.00, 90.00, 0, 0
2.00, 5.70, 24.49, 24.49, -97.35, 20.00, 4.63, 10.00, 9.23, 0.00, 0.00, 0.00, 0.00, 90.00, 0, 0
2.00, 5.70, 24.34, 24.34, -167.18, 20.00, 4.63, 9.44, 8.67, 0.00, 0.00, 0.00, 0.00, 90.00, 0, 0
2.00, 5.70, 24.38, 24.38, 127.42, 20.00, 4.63, 11.67, 10.89, 83.03, 16.60, 24.82, -65.84, 81.91, 0, 0
2.00, 5.70, 24.36, 24.36, 79.22, 20.00, 4.63, 12.22, 11.45, 14.18, 29.79, 21.73, -54.73, 72.03, 0, 0
2.00, 5.70, 24.55, 24.55, 487.24, 20.00, 4.63, 14.44, 13.68, 108.88, 61.27, 26.47, -41.82, 63.54, 0, 0
2.00, 5.70, 24.74, 24.74, 629.67, 20.00, 4.63, 15.56, 14.79, 71.11, 79.58, 36.03, -26.64, 57.13, 0, 0
2.00, 5.70, 25.00, 25.00, 904.98, 20.00, 4.63, 17.22, 16.45, 68.12, 97.36, 47.52, -9.33, 53.60, 0, 0
2.00, 5.70, 25.22, 25.22, 998.86, 20.00, 4.63, 17.78, 17.01, 46.10, 101.73, 59.73, 8.89, 53.56, 0, 0
2.00, 5.70, 25.48, 25.48, 1203.27, 20.00, 4.63, 18.89, 18.12, 42.89, 112.05, 72.13, 26.24, 57.00, 0, 0
2.00, 5.70, 25.55, 25.55, 976.27, 20.00, 4.63, 18.89, 18.12, 6.46, 74.04, 84.44, 41.48, 63.35, 0, 0
2.00, 5.70, 25.58, 25.58, 928.28, 20.00, 4.63, 18.89, 18.10, 0.00, 54.41, 0.00, 54.44, 71.81, 0, 0
2.00, 5.70, 25.55, 25.55, 809.29, 20.00, 4.63, 17.78, 16.99, 0.00, 20.04, 0.00, 65.59, 81.66, 0, 0
2.00, 5.70, 25.52, 25.52, 792.13, 20.00, 4.63, 16.67, 15.90, 0.00, 0.00, 0.00, 0.00, 90.00, 0, 0
2.00, 5.70, 25.48, 25.48, 740.68, 20.00, 4.63, 16.11, 15.35, 0.00, 0.00, 0.00, 0.00, 90.00, 0, 0
2.00, 5.70, 25.43, 25.43, 693.26, 20.00, 4.63, 15.56, 14.79, 0.00, 0.00, 0.00, 0.00, 90.00, 0, 0
2.00, 5.70, 25.38, 25.38, 647.96, 20.00, 4.63, 15.00, 14.24, 0.00, 0.00, 0.00, 0.00, 90.00, 0, 0
2.00, 5.70, 25.25, 25.25, 450.66, 20.00, 4.63, 14.44, 13.68, 0.00, 0.00, 0.00, 0.00, 90.00, 0, 0
2.00, 5.70, 25.03, 25.03, 198.64, 20.00, 4.63, 13.33, 12.56, 0.00, 0.00, 0.00, 0.00, 90.00, 0, 0
2.00, 5.70, 24.83, 24.83, 113.95, 20.00, 4.63, 12.78, 12.02, 0.00, 0.00, 0.00, 0.00, 90.00, 0, 0
2.00, 5.70, 24.66, 24.66, 36.86, 20.00, 4.63, 12.22, 11.45, 0.00, 0.00, 0.00, 0.00, 90.00, 0, 0
2.00, 5.70, 24.50, 24.50, -35.75, 20.00, 4.63, 11.67, 10.89, 0.00, 0.00, 0.00, 0.00, 90.00, 0, 0
2.00, 5.70, 24.34, 24.34, -105.59, 20.00, 4.63, 11.11, 10.33, 0.00, 0.00, 0.00, 0.00, 90.00, 0, 0
2.00, 5.70, 24.19, 24.19, -173.61, 20.00, 4.63, 10.56, 9.78, 0.00, 0.00, 0.00, 0.00, 90.00, 0, 0
2.00, 5.70, 24.04, 24.04, -240.71, 20.00, 4.63, 10.00, 9.22, 0.00, 0.00, 0.00, 0.00, 90.00, 0, 0
2.00, 5.70, 23.90, 23.90, -300.51, 20.00, 4.63, 9.44, 8.67, 0.00, 0.00, 0.00, 0.00, 90.00, 0, 0
2.00, 5.70, 23.76, 23.76, -365.81, 20.00, 4.63, 8.89, 8.12, 0.00, 0.00, 0.00, 0.00, 90.00, 0, 0
2.00, 5.70, 24.22, 24.22, 784.73, 20.00, 4.63, 12.22, 11.45, 453.53, 23.36, 24.50, -65.58, 82.13, 0, 0
2.00, 5.70, 24.87, 24.87, 1480.13, 20.00, 4.63, 14.44, 13.68, 598.73, 60.79, 21.39, -54.48, 72.28, 0, 0
2.00, 5.70, 25.25, 25.25, 1341.02, 20.00, 4.63, 16.11, 15.33, 373.66, 78.64, 26.19, -41.59, 63.82, 0, 0
2.00, 5.70, 25.79, 25.79, 1905.44, 20.00, 4.63, 18.33, 17.56, 426.63, 110.86, 35.83, -26.47, 57.44, 0, 0
2.00, 5.70, 26.15, 26.15, 1844.94, 20.00, 4.63, 19.44, 18.67, 196.14, 115.45, 47.35, -9.25, 53.93, 0, 0
2.00, 5.70, 26.43, 26.43, 1900.99, 20.00, 4.63, 20.56, 19.76, 122.93, 123.91, 59.57, 8.88, 53.90, 0, 0
2.00, 5.70, 26.56, 26.56, 1721.04, 20.00, 4.63, 21.11, 20.33, 48.92, 110.08, 71.97, 26.13, 57.33, 0, 0
2.00, 5.70, 26.51, 26.51, 1425.05, 20.00, 4.63, 20.56, 19.76, 9.59, 76.20, 84.28, 41.31, 63.66, 0, 0
2.00, 5.70, 26.41, 26.41, 1233.16, 20.00, 4.63, 19.44, 18.65, 0.00, 50.87, 0.00, 54.23, 72.09, 0, 0
2.00, 5.70, 26.28, 26.28, 1105.98, 20.00, 4.63, 18.33, 17.54, 0.00, 20.76, 0.00, 65.37, 81.92, 0, 0
2.00, 5.70, 26.19, 26.19, 1057.86, 20.00, 4.63, 17.22, 16.45, 0.00, 0.00, 0.00, 0.00, 90.00, 0, 0
2.00, 5.70, 26.09, 26.09, 986.47, 20.00, 4.63, 16.67, 15.88, 0.00, 0.00, 0.00, 0.00, 90.00, 0, 0
2.00, 5.70, 25.99, 25.99, 898.82, 20.00, 4.63, 15.56, 14.79, 0.00, 0.00, 0.00, 0.00, 90.00, 0, 0
2.00, 5.70, 25.90, 25.90, 838.68, 20.00, 4.63, 15.00, 14.22, 0.00, 0.00, 0.00, 0.00, 90.00, 0, 0
2.00, 5.70, 25.73, 25.73, 629.19, 20.00, 4.63, 14.44, 13.66, 0.00, 0.00, 0.00, 0.00, 90.00, 0, 0
2.00, 5.70, 25.49, 25.49, 366.79, 20.00, 4.63, 13.33, 12.55, 0.00, 0.00, 0.00, 0.00, 90.00, 0, 0
2.00, 5.70, 25.28, 25.28, 272.96, 20.00, 4.63, 12.78, 11.98, 0.00, 0.00, 0.00, 0.00, 90.00, 0, 0
2.00, 5.70, 25.07, 25.07, 162.50, 20.00, 4.63, 11.67, 10.87, 0.00, 0.00, 0.00, 0.00, 90.00, 0, 0
2.00, 5.70, 24.89, 24.89, 80.33, 20.00, 4.63, 11.11, 10.31, 0.00, 0.00, 0.00, 0.00, 90.00, 0, 0
2.00, 5.70, 24.71, 24.71, 2.01, 20.00, 4.63, 10.56, 9.76, 0.00, 0.00, 0.00, 0.00, 90.00, 0, 0
2.00, 5.70, 24.53, 24.53, -99.69, 20.00, 4.63, 9.44, 8.65, 0.00, 0.00, 0.00, 0.00, 90.00, 0, 0
2.00, 5.70, 24.36, 24.36, -176.56, 20.00, 4.63, 8.89, 8.09, 0.00, 0.00, 0.00, 0.00, 90.00, 0, 0
2.00, 5.70, 24.19, 24.19, -271.35, 20.00, 4.63, 7.78, 6.98, 0.00, 0.00, 0.00, 0.00, 90.00, 0, 0
2.00, 5.70, 24.01, 24.01, -347.52, 20.00, 4.63, 7.22, 6.44, 0.00, 0.00, 0.00, 0.00, 90.00, 0, 0
2.00, 5.70, 24.03, 24.03, -45.93, 20.00, 4.63, 9.44, 8.65, 89.20, 16.59, 24.19, -65.32, 82.35, 0, 0
2.00, 5.70, 24.25, 24.25, 380.59, 20.00, 4.63, 11.11, 10.31, 200.63, 44.08, 21.06, -54.23, 72.52, 0, 0
2.00, 5.70, 24.84, 24.84, 1311.87, 20.00, 4.63, 13.33, 12.55, 523.01, 85.01, 25.93, -41.38, 64.09, 0, 0
2.00, 5.70, 25.51, 25.51, 1829.11, 20.00, 4.63, 15.56, 14.77, 504.47, 112.75, 35.62, -26.30, 57.74, 0, 0
2.00, 5.70, 25.88, 25.88, 1650.88, 20.00, 4.63, 17.22, 16.43, 190.40, 117.31, 47.18, -9.16, 54.26, 0, 0
2.00, 5.70, 26.02, 26.02, 1415.26, 20.00, 4.63, 17.78, 16.97, 70.62, 106.37, 59.41, 8.86, 54.23, 0, 0
2.00, 5.70, 26.07, 26.07, 1271.01, 20.00, 4.63, 17.78, 16.97, 29.44, 92.81, 71.82, 26.03, 57.66, 0, 0
2.00, 5.70, 26.03, 26.03, 1104.14, 20.00, 4.63, 17.78, 16.97, 8.05, 71.86, 84.11, 41.14, 63.96, 0, 0
2.00, 5.70, 25.90, 25.90, 877.90, 20.00, 4.63, 16.67, 15.86, 0.00, 42.64, 0.00, 54.03, 72.37, 0, 0
2.00, 5.70, 25.71, 25.71, 671.37, 20.00, 4.63, 15.00, 14.20, 0.00, 11.06, 0.00, 65.15, 82.17, 0, 0
2.00, 5.70, 25.63, 25.63, 738.80, 20.00, 4.63, 14.44, 13.66, 0.00, 0.00, 0.00, 0.00, 90.00, 0, 0
2.00, 5.70, 25.54, 25.54, 678.24, 20.00, 4.63, 13.89, 13.11, 0.00, 0.00, 0.00, 0.00, 90.00, 0, 0
2.00, 5.70, 25.46, 25.46, 621.06, 20.00, 4.63, 13.33, 12.56, 0.00, 0.00, 0.00, 0.00, 90.00, 0, 0
2.00, 5.70, 25.37, 25.37, 565.89, 20.00, 4.63, 12.78, 12.00, 0.00, 0.00, 0.00, 0.00, 90.00, 0, 0
2.00, 5.70, 25.21, 25.21, 359.14, 20.00, 4.63, 12.22, 11.44, 0.00, 0.00, 0.00, 0.00, 90.00, 0, 0
2.00, 5.70, 24.98, 24.98, 123.36, 20.00, 4.63, 11.67, 10.89, 0.00, 0.00, 0.00, 0.00, 90.00, 0, 0
2.00, 5.70, 24.78, 24.78, 57.78, 20.00, 4.63, 11.67, 10.87, 0.00, 0.00, 0.00, 0.00, 90.00, 0, 0
2.00, 5.70, 24.60, 24.60, -22.92, 20.00, 4.63, 11.11, 10.33, 0.00, 0.00, 0.00, 0.00, 90.00, 0, 0
2.00, 5.70, 24.43, 24.43, -99.30, 20.00, 4.63, 10.56, 9.76, 0.00, 0.00, 0.00, 0.00, 90.00, 0, 0
2.00, 5.70, 24.28, 24.28, -147.11, 20.00, 4.63, 10.56, 9.76, 0.00, 0.00, 0.00, 0.00, 90.00, 0, 0
2.00, 5.70, 24.13, 24.13, -216.27, 20.00, 4.63, 10.00, 9.22, 0.00, 0.00, 0.00, 0.00, 90.00, 0, 0
2.00, 5.70, 23.99, 23.99, -284.75, 20.00, 4.63, 9.44, 8.65, 0.00, 0.00, 0.00, 0.00, 90.00, 0, 0
2.00, 5.70, 23.84, 23.84, -345.97, 20.00, 4.63, 8.89, 8.11, 0.00, 0.00, 0.00, 0.00, 90.00, 0, 0
2.00, 5.70, 23.71, 23.71, -386.89, 20.00, 4.63, 8.89, 8.11, 0.00, 0.00, 0.00, 0.00, 90.00, 0, 0
2.00, 5.70, 23.70, 23.70, -189.76, 20.00, 4.63, 10.56, 9.78, 51.92, 13.79, 23.89, -65.07, 82.57, 0, 0
2.00, 5.70, 23.71, 23.71, -150.17, 20.00, 4.63, 11.67, 10.89, 14.40, 29.01, 20.73, -53.99, 72.77, 0, 0
2.00, 5.70, 23.67, 23.67, -206.25, 20.00, 4.63, 11.67, 10.89, 0.00, 22.97, 25.66, -41.17, 64.36, 0, 0
2.00, 5.70, 23.73, 23.73, 4.75, 20.00, 4.63, 12.78, 12.00, 15.31, 55.38, 35.42, -26.14, 58.05, 0, 0
2.00, 5.70, 23.74, 23.74, -46.99, 20.00, 4.63, 12.78, 12.00, 0.95, 44.24, 47.01, -9.08, 54.59, 0, 0
2.00, 5.70, 23.79, 23.79, 49.91, 20.00, 4.63, 13.33, 12.55, 3.01, 57.91, 59.25, 8.84, 54.57, 0, 0
2.00, 5.70, 23.85, 23.85, 123.70, 20.00, 4.63, 13.89, 13.11, 2.56, 59.02, 71.66, 25.92, 57.98, 0, 0
2.00, 5.70, 23.91, 23.91, 179.46, 20.00, 4.63, 14.44, 13.66, 3.12, 59.07, 83.94, 40.97, 64.26, 0, 0
2.00, 5.70, 23.94, 23.94, 164.77, 20.00, 4.63, 14.44, 13.66, 0.00, 45.76, 0.00, 53.83, 72.64, 0, 0
2.00, 5.70, 23.87, 23.87, 4.52, 20.00, 4.63, 13.33, 12.55, 0.00, 7.89, 0.00, 64.92, 82.43, 0, 0
2.00, 5.70, 23.88, 23.88, 124.47, 20.00, 4.63, 12.78, 12.00, 0.00, 0.00, 0.00, 0.00, 90.00, 0, 0
2.00, 5.70, 23.88, 23.88, 120.70, 20.00, 4.63, 12.78, 12.00, 0.00, 0.00, 0.00, 0.00, 90.00, 0, 0
2.00, 5.70, 23.86, 23.86, 90.33, 20.00, 4.63, 12.22, 11.44, 0.00, 0.00, 0.00, 0.00, 90.00, 0, 0
2.00, 5.70, 23.83, 23.83, 56.91, 20.00, 4.63, 11.67, 10.87, 0.00, 0.00, 0.00, 0.00, 90.00, 0, 0
2.00, 5.70, 23.70, 23.70, -131.60, 20.00, 4.63, 11.11, 10.33, 0.00, 0.00, 0.00, 0.00, 90.00, 0, 0
2.00, 5.70, 23.50, 23.50, -352.04, 20.00, 4.63, 10.56, 9.76, 0.00, 0.00, 0.00, 0.00, 90.00, 0, 0
2.00, 5.70, 23.32, 23.32, -429.70, 20.00, 4.63, 10.00, 9.20, 0.00, 0.00, 0.00, 0.00, 90.00, 0, 0
2.00, 5.70, 23.15, 23.15, -500.99, 20.00, 4.63, 9.44, 8.65, 0.00, 0.00, 0.00, 0.00, 90.00, 0, 0
2.00, 5.70, 22.99, 22.99, -568.89, 20.00, 4.63, 8.89, 8.09, 0.00, 0.00, 0.00, 0.00, 90.00, 0, 0
2.00, 5.70, 22.83, 22.83, -634.78, 20.00, 4.63, 8.33, 7.53, 0.00, 0.00, 0.00, 0.00, 90.00, 0, 0
2.00, 5.70, 22.68, 22.68, -699.44, 20.00, 4.63, 7.78, 6.98, 0.00, 0.00, 0.00, 0.00, 90.00, 0, 0
2.00, 5.70, 22.53, 22.53, -763.66, 20.00, 4.63, 7.22, 6.42, 0.00, 0.00, 0.00, 0.00, 90.00, 0, 0
2.00, 5.70, 22.42, 22.42, -746.67, 20.00, 4.63, 6.67, 5.87, 0.00, 0.00, 0.00, 0.00, 90.00, 0, 0
2.00, 5.70, 22.30, 22.30, -799.86, 20.00, 4.63, 6.11, 5.31, 0.00, 0.00, 0.00, 0.00, 90.00, 0, 0
2.00, 5.70, 22.52, 22.52, -155.39, 20.00, 4.63, 8.33, 7.55, 239.95, 18.49, 23.59, -64.82, 82.79, 0, 0
2.00, 5.70, 23.11, 23.11, 741.32, 20.00, 4.63, 11.11, 10.33, 506.65, 54.65, 20.40, -53.76, 73.01, 0, 0
2.00, 5.70, 23.55, 23.55, 848.10, 20.00, 4.63, 12.78, 11.98, 406.08, 74.97, 25.40, -40.96, 64.64, 0, 0
2.00, 5.70, 23.96, 23.96, 1057.43, 20.00, 4.63, 14.44, 13.66, 323.07, 95.03, 35.22, -25.99, 58.35, 0, 0
2.00, 5.70, 24.37, 24.37, 1309.06, 20.00, 4.63, 16.11, 15.32, 215.30, 113.14, 46.84, -9.01, 54.92, 0, 0
2.00, 5.70, 24.62, 24.62, 1212.61, 20.00, 4.63, 16.67, 15.86, 107.07, 110.79, 59.10, 8.81, 54.90, 0, 0
2.00, 5.70, 24.74, 24.74, 1097.36, 20.00, 4.63, 17.22, 16.41, 51.71, 100.91, 71.50, 25.81, 58.29, 0, 0
2.00, 5.70, 24.79, 24.79, 999.31, 20.00, 4.63, 17.22, 16.43, 22.10, 90.24, 83.78, 40.81, 64.55, 0, 0
2.00, 5.70, 24.75, 24.75, 831.09, 20.00, 4.63, 16.67, 15.86, 0.00, 57.37, 0.00, 53.63, 72.91, 0, 0
2.00, 5.70, 24.67, 24.67, 695.20, 20.00, 4.63, 15.56, 14.75, 0.00, 21.27, 0.00, 64.70, 82.67, 0, 0
2.00, 5.70, 24.59, 24.59, 616.12, 20.00, 4.63, 14.44, 13.64, 0.00, 0.00, 0.00, 0.00, 90.00, 0, 0
2.00, 5.70, 24.50, 24.50, 543.60, 20.00, 4.63, 13.89, 13.09, 0.00, 0.00, 0.00, 0.00, 90.00, 0, 0
2.00, 5.70, 24.41, 24.41, 481.29, 20.00, 4.63, 13.33, 12.53, 0.00, 0.00, 0.00, 0.00, 90.00, 0, 0
2.00, 5.70, 24.33, 24.33, 425.06, 20.00, 4.63, 12.78, 11.96, 0.00, 0.00, 0.00, 0.00, 90.00, 0, 0
2.00, 5.70, 24.14, 24.14, 144.97, 20.00, 4.63, 11.67, 10.87, 0.00, 0.00, 0.00, 0.00, 90.00, 0, 0
2.00, 5.70, 23.88, 23.88, -97.05, 20.00, 4.63, 11.11, 10.31, 0.00, 0.00, 0.00, 0.00, 90.00, 0, 0
2.00, 5.70, 23.66, 23.66, -191.44, 20.00, 4.63, 10.56, 9.75, 0.00, 0.00, 0.00, 0.00, 90.00, 0, 0
2.00, 5.70, 23.45, 23.45, -302.05, 20.00, 4.63, 9.44, 8.64, 0.00, 0.00, 0.00, 0.00, 90.00, 0, 0
2.00, 5.70, 23.26, 23.26, -383.63, 20.00, 4.63, 8.89, 8.07, 0.00, 0.00, 0.00, 0.00, 90.00, 0, 0
2.00, 5.70, 23.08, 23.08, -461.06, 20.00, 4.63, 8.33, 7.53, 0.00, 0.00, 0.00, 0.00, 90.00, 0, 0
2.00, 5.70, 22.90, 22.90, -536.06, 20.00, 4.63, 7.78, 6.96, 0.00, 0.00, 0.00, 0.00, 90.00, 0, 0
2.00, 5.70, 22.74, 22.74, -609.41, 20.00, 4.63, 7.22, 6.40, 0.00, 0.00, 0.00, 0.00, 90.00, 0, 0
2.00, 5.70, 22.62, 22.62, -600.81, 20.00, 4.63, 6.67, 5.84, 0.00, 0.00, 0.00, 0.00, 90.00, 0, 0
2.00, 5.70, 22.47, 22.47, -687.61, 20.00, 4.63, 5.56, 4.75, 0.00, 0.00, 0.00, 0.00, 90.00, 0, 0
2.00, 5.70, 22.39, 22.39, -645.57, 20.00, 4.63, 6.67, 5.86, 0.00, 9.50, 23.30, -64.58, 83.00, 0, 0
2.00, 5.70, 22.55, 22.55, -163.44, 20.00, 4.63, 8.89, 8.07, 136.73, 38.46, 20.08, -53.54, 73.25, 0, 0
2.00, 5.70, 22.90, 22.90, 333.30, 20.00, 4.63, 10.56, 9.75, 263.77, 70.13, 25.14, -40.76, 64.91, 0, 0
2.00, 5.70, 23.63, 23.63, 1347.61, 20.00, 4.63, 13.33, 12.53, 520.62, 113.74, 35.02, -25.84, 58.65, 0, 0
2.00, 5.70, 24.21, 24.21, 1497.82, 20.00, 4.63, 15.56, 14.73, 281.79, 123.99, 46.67, -8.94, 55.24, 0, 0
2.00, 5.70, 24.49, 24.49, 1239.54, 20.00, 4.63, 16.11, 15.30, 115.09, 110.85, 58.94, 8.79, 55.22, 0, 0
2.00, 5.70, 24.59, 24.59, 1046.81, 20.00, 4.63, 16.67, 15.84, 44.54, 96.96, 71.35, 25.69, 58.60, 0, 0
2.00, 5.70, 24.56, 24.56, 794.93, 20.00, 4.63, 16.11, 15.30, 9.79, 71.28, 83.61, 40.64, 64.84, 0, 0
2.00, 5.70, 24.41, 24.41, 532.39, 20.00, 4.63, 15.00, 14.19, 0.00, 37.21, 0.00, 53.43, 73.17, 0, 0
2.00, 5.70, 24.26, 24.26, 407.06, 20.00, 4.63, 13.33, 12.53, 0.00, 15.46, 0.00, 64.49, 82.91, 0, 0
2.00, 5.70, 24.19, 24.19, 459.16, 20.00, 4.63, 13.33, 12.53, 0.00, 0.00, 0.00, 0.00, 90.00, 0, 0
2.00, 5.70, 24.12, 24.12, 400.24, 20.00, 4.63, 12.78, 11.98, 0.00, 0.00, 0.00, 0.00, 90.00, 0, 0
2.00, 5.70, 24.05, 24.05, 345.84, 20.00, 4.63, 12.22, 11.44, 0.00, 0.00, 0.00, 0.00, 90.00, 0, 0
2.00, 5.70, 23.97, 23.97, 294.09, 20.00, 4.63, 11.67, 10.87, 0.00, 0.00, 0.00, 0.00, 90.00, 0, 0
2.00, 5.70, 23.81, 23.81, 67.16, 20.00, 4.63, 11.67, 10.87, 0.00, 0.00, 0.00, 0.00, 90.00, 0, 0
2.00, 5.70, 23.58, 23.58, -169.08, 20.00, 4.63, 11.11, 10.31, 0.00, 0.00, 0.00, 0.00, 90.00, 0, 0
2.00, 5.70, 23.37, 23.37, -259.08, 20.00, 4.63, 10.56, 9.76, 0.00, 0.00, 0.00, 0.00, 90.00, 0, 0
2.00, 5.70, 23.20, 23.20, -315.00, 20.00, 4.63, 10.56, 9.75, 0.00, 0.00, 0.00, 0.00, 90.00, 0, 0
2.00, 5.70, 23.03, 23.03, -388.81, 20.00, 4.63, 10.00, 9.20, 0.00, 0.00, 0.00, 0.00, 90.00, 0, 0
2.00, 5.70, 22.88, 22.88, -459.78, 20.00, 4.63, 9.44, 8.64, 0.00, 0.00, 0.00, 0.00, 90.00, 0, 0
2.00, 5.70, 22.73, 22.73, -528.72, 20.00, 4.63, 8.89, 8.09, 0.00, 0.00, 0.00, 0.00, 90.00, 0, 0
2.00, 5.70, 22.59, 22.59, -570.68, 20.00, 4.63, 8.89, 8.09, 0.00, 0.00, 0.00, 0.00, 90.00, 0, 0
2.00, 5.70, 22.46, 22.46, -628.72, 20.00, 4.63, 8.33, 7.55, 0.00, 0.00, 0.00, 0.00, 90.00, 0, 0
2.00, 5.70, 22.32, 22.32, -692.52, 20.00, 4.63, 7.78, 7.00, 0.00, 0.00, 0.00, 0.00, 90.00, 0, 0
2.00, 5.70, 22.31, 22.31, -511.20, 20.00, 4.63, 10.56, 9.76, 0.00, 22.97, 23.01, -64.34, 83.22, 0, 0
2.00, 5.70, 22.68, 22.68, 294.86, 20.00, 4.63, 12.22, 11.44, 315.67, 44.51, 19.76, -53.31, 73.49, 0, 0
2.00, 5.70, 23.34, 23.34, 1110.90, 20.00, 4.63, 14.44, 13.66, 557.12, 82.55, 24.88, -40.57, 65.18, 0, 0
2.00, 5.70, 24.06, 24.06, 1664.21, 20.00, 4.63, 16.67, 15.88, 577.11, 106.93, 34.82, -25.70, 58.95, 0, 0
2.00, 5.70, 24.57, 24.57, 1680.36, 20.00, 4.63, 18.33, 17.54, 289.45, 118.02, 46.50, -8.88, 55.55, 0, 0
2.00, 5.70, 24.89, 24.89, 1596.69, 20.00, 4.63, 19.44, 18.65, 145.06, 123.91, 58.78, 8.76, 55.54, 0, 0
2.00, 5.70, 24.96, 24.96, 1241.56, 20.00, 4.63, 19.44, 18.65, 40.12, 96.35, 71.19, 25.58, 58.91, 0, 0
2.00, 5.70, 24.94, 24.94, 1086.96, 20.00, 4.63, 19.44, 18.65, 17.21, 77.08, 83.45, 40.47, 65.12, 0, 0
2.00, 5.70, 24.87, 24.87, 923.57, 20.00, 4.63, 18.33, 17.56, 0.00, 54.88, 0.00, 53.23, 73.43, 0, 0
2.00, 5.70, 24.70, 24.70, 654.20, 20.00, 4.63, 16.67, 15.88, 0.00, 18.22, 0.00, 64.27, 83.15, 0, 0
2.00, 5.70, 24.63, 24.63, 711.76, 20.00, 4.63, 16.67, 15.88, 0.00, 0.00, 0.00, 0.00, 90.00, 0, 0
2.00, 5.70, 24.55, 24.55, 648.19, 20.00, 4.63, 16.11, 15.33, 0.00, 0.00, 0.00, 0.00, 90.00, 0, 0
2.00, 5.70, 24.48, 24.48, 591.61, 20.00, 4.63, 15.56, 14.79, 0.00, 0.00, 0.00, 0.00, 90.00, 0, 0
2.00, 5.70, 24.41, 24.41, 539.27, 20.00, 4.63, 15.00, 14.22, 0.00, 0.00, 0.00, 0.00, 90.00, 0, 0
2.00, 5.70, 24.26, 24.26, 336.85, 20.00, 4.63, 14.44, 13.68, 0.00, 0.00, 0.00, 0.00, 90.00, 0, 0
2.00, 5.70, 24.05, 24.05, 106.03, 20.00, 4.63, 13.89, 13.11, 0.00, 0.00, 0.00, 0.00, 90.00, 0, 0
2.00, 5.70, 23.87, 23.87, 20.66, 20.00, 4.63, 13.33, 12.56, 0.00, 0.00, 0.00, 0.00, 90.00, 0, 0
2.00, 5.70, 23.70, 23.70, -56.73, 20.00, 4.63, 12.78, 12.00, 0.00, 0.00, 0.00, 0.00, 90.00, 0, 0
2.00, 5.70, 23.55, 23.55, -103.84, 20.00, 4.63, 12.78, 12.00, 0.00, 0.00, 0.00, 0.00, 90.00, 0, 0
2.00, 5.70, 23.42, 23.42, -170.92, 20.00, 4.63, 12.22, 11.44, 0.00, 0.00, 0.00, 0.00, 90.00, 0, 0
2.00, 5.70, 23.28, 23.28, -236.28, 20.00, 4.63, 11.67, 10.89, 0.00, 0.00, 0.00, 0.00, 90.00, 0, 0
2.00, 5.70, 23.15, 23.15, -300.61, 20.00, 4.63, 11.11, 10.34, 0.00, 0.00, 0.00, 0.00, 90.00, 0, 0
2.00, 5.70, 23.03, 23.03, -357.76, 20.00, 4.63, 10.56, 9.80, 0.00, 0.00, 0.00, 0.00, 90.00, 0, 0
2.00, 5.70, 22.91, 22.91, -394.96, 20.00, 4.63, 10.56, 9.78, 0.00, 0.00, 0.00, 0.00, 90.00, 0, 0
2.00, 5.70, 22.83, 22.83, -389.41, 20.00, 4.63, 11.11, 10.34, 0.00, 5.54, 22.73, -64.11, 83.44, 0, 0
2.00, 5.70, 22.88, 22.88, -146.41, 20.00, 4.63, 12.78, 12.02, 44.04, 29.25, 19.45, -53.10, 73.73, 0, 0
2.00, 5.70, 23.22, 23.22, 480.34, 20.00, 4.63, 15.00, 14.24, 227.62, 66.71, 24.63, -40.38, 65.44, 0, 0
2.00, 5.70, 23.49, 23.49, 573.93, 20.00, 4.63, 16.67, 15.90, 129.60, 83.11, 34.62, -25.56, 59.24, 0, 0
2.00, 5.70, 23.84, 23.84, 908.37, 20.00, 4.63, 17.78, 17.01, 134.02, 101.51, 46.34, -8.82, 55.86, 0, 0
2.00, 5.70, 23.92, 23.92, 575.38, 20.00, 4.63, 18.33, 17.56, 17.21, 67.10, 58.63, 8.72, 55.85, 0, 0
2.00, 5.70, 24.06, 24.06, 732.83, 20.00, 4.63, 18.89, 18.12, 21.14, 83.73, 71.03, 25.47, 59.21, 0, 0
2.00, 5.70, 24.16, 24.16, 746.37, 20.00, 4.63, 18.89, 18.12, 16.32, 76.46, 83.28, 40.30, 65.40, 0, 0
2.00, 5.70, 24.16, 24.16, 586.79, 20.00, 4.63, 18.33, 17.57, 0.00, 43.84, 0.00, 53.03, 73.68, 0, 0
2.00, 5.70, 24.09, 24.09, 428.59, 20.00, 4.63, 17.22, 16.46, 0.00, 15.05, 0.00, 64.05, 83.38, 0, 0
2.00, 5.70, 24.09, 24.09, 507.32, 20.00, 4.63, 16.67, 15.92, 0.00, 0.00, 0.00, 0.00, 90.00, 0, 0
2.00, 5.70, 24.07, 24.07, 467.85, 20.00, 4.63, 16.11, 15.35, 0.00, 0.00, 0.00, 0.00, 90.00, 0, 0
2.00, 5.70, 24.04, 24.04, 429.38, 20.00, 4.63, 15.56, 14.80, 0.00, 0.00, 0.00, 0.00, 90.00, 0, 0
2.00, 5.70, 24.01, 24.01, 390.95, 20.00, 4.63, 15.00, 14.24, 0.00, 0.00, 0.00, 0.00, 90.00, 0, 0
2.00, 5.70, 23.89, 23.89, 199.50, 20.00, 4.63, 14.44, 13.69, 0.00, 0.00, 0.00, 0.00, 90.00, 0, 0
2.00, 5.70, 23.70, 23.70, -22.44, 20.00, 4.63, 13.89, 13.13, 0.00, 0.00, 0.00, 0.00, 90.00, 0, 0
2.00, 5.70, 23.53, 23.53, -100.56, 20.00, 4.63, 13.33, 12.56, 0.00, 0.00, 0.00, 0.00, 90.00, 0, 0
2.00, 5.70, 23.37, 23.37, -171.59, 20.00, 4.63, 12.78, 12.02, 0.00, 0.00, 0.00, 0.00, 90.00, 0, 0
2.00, 5.70, 23.23, 23.23, -238.70, 20.00, 4.63, 12.22, 11.45, 0.00, 0.00, 0.00, 0.00, 90.00, 0, 0
2.00, 5.70, 23.09, 23.09, -303.42, 20.00, 4.63, 11.67, 10.89, 0.00, 0.00, 0.00, 0.00, 90.00, 0, 0
2.00, 5.70, 22.96, 22.96, -366.62, 20.00, 4.63, 11.11, 10.34, 0.00, 0.00, 0.00, 0.00, 90.00, 0, 0
2.00, 5.70, 22.83, 22.83, -429.16, 20.00, 4.63, 10.56, 9.78, 0.00, 0.00, 0.00, 0.00, 90.00, 0, 0
2.00, 5.70, 22.70, 22.70, -484.62, 20.00, 4.63, 10.00, 9.23, 0.00, 0.00, 0.00, 0.00, 90.00, 0, 0
2.00, 5.70, 22.57, 22.57, -545.77, 20.00, 4.63, 9.44, 8.69, 0.00, 0.00, 0.00, 0.00, 90.00, 0, 0
2.00, 5.70, 22.50, 22.50, -498.45, 20.00, 4.63, 10.56, 9.80, 0.00, 9.50, 22.45, -63.88, 83.66, 0, 0
2.00, 5.70, 23.13, 23.13, 903.71, 20.00, 4.63, 13.89, 13.13, 527.94, 54.99, 19.14, -52.89, 73.97, 0, 0
2.00, 5.70, 23.71, 23.71, 1207.20, 20.00, 4.63, 15.56, 14.79, 512.14, 78.05, 24.38, -40.20, 65.71, 0, 0
2.00, 5.70, 24.07, 24.07, 1139.01, 20.00, 4.63, 17.22, 16.45, 296.59, 89.56, 34.43, -25.43, 59.53, 0, 0
2.00, 5.70, 24.27, 24.27, 1004.55, 20.00, 4.63, 18.33, 17.56, 103.67, 93.22, 46.17, -8.77, 56.17, 0, 0
2.00, 5.70, 24.24, 24.24, 660.74, 20.00, 4.63, 17.78, 16.99, 10.06, 68.58, 58.47, 8.69, 56.17, 0, 0
2.00, 5.70, 24.18, 24.18, 561.95, 20.00, 4.63, 17.78, 16.97, 1.93, 52.35, 70.88, 25.35, 59.51, 0, 0
2.00, 5.70, 24.18, 24.18, 614.24, 20.00, 4.63, 17.78, 16.97, 7.21, 63.18, 83.11, 40.14, 65.67, 0, 0
2.00, 5.70, 24.10, 24.10, 456.03, 20.00, 4.63, 16.67, 15.86, 0.00, 39.31, 0.00, 52.83, 73.93, 0, 0
2.00, 5.70, 23.98, 23.98, 308.11, 20.00, 4.63, 15.56, 14.75, 0.00, 10.30, 0.00, 63.83, 83.61, 0, 0
2.00, 5.70, 23.95, 23.95, 402.50, 20.00, 4.63, 15.00, 14.20, 0.00, 0.00, 0.00, 0.00, 90.00, 0, 0
2.00, 5.70, 23.90, 23.90, 335.40, 20.00, 4.63, 13.89, 13.09, 0.00, 0.00, 0.00, 0.00, 90.00, 0, 0
2.00, 5.70, 23.84, 23.84, 290.67, 20.00, 4.63, 13.33, 12.53, 0.00, 0.00, 0.00, 0.00, 90.00, 0, 0
2.00, 5.70, 23.77, 23.77, 220.53, 20.00, 4.63, 12.22, 11.42, 0.00, 0.00, 0.00, 0.00, 90.00, 0, 0
2.00, 5.70, 23.62, 23.62, 20.05, 20.00, 4.63, 11.67, 10.86, 0.00, 0.00, 0.00, 0.00, 90.00, 0, 0
2.00, 5.70, 23.39, 23.39, -236.13, 20.00, 4.63, 10.56, 9.73, 0.00, 0.00, 0.00, 0.00, 90.00, 0, 0
2.00, 5.70, 23.15, 23.15, -401.83, 20.00, 4.63, 8.33, 7.58, 0.00, 0.00, 0.00, 0.00, 90.00, 0, 0
2.00, 5.70, 22.93, 22.93, -490.30, 20.00, 4.63, 7.78, 7.01, 0.00, 0.00, 0.00, 0.00, 90.00, 0, 0
2.00, 5.70, 22.72, 22.72, -599.43, 20.00, 4.63, 6.67, 5.90, 0.00, 0.00, 0.00, 0.00, 90.00, 0, 0
2.00, 5.70, 22.51, 22.51, -708.04, 20.00, 4.63, 5.56, 4.78, 0.00, 0.00, 0.00, 0.00, 90.00, 0, 0
2.00, 5.70, 22.30, 22.30, -816.67, 20.00, 4.63, 4.44, 3.67, 0.00, 0.00, 0.00, 0.00, 90.00, 0, 0
2.00, 5.70, 22.09, 22.09, -926.14, 20.00, 4.63, 3.33, 2.54, 0.00, 0.00, 0.00, 0.00, 90.00, 0, 0
2.00, 5.70, 21.87, 21.87, -1029.95, 20.00, 4.63, 2.22, 1.44, 0.00, 0.00, 0.00, 0.00, 90.00, 0, 0
2.00, 5.70, 21.74, 21.74, -973.87, 20.00, 4.63, 3.89, 3.11, 0.00, 11.09, 22.18, -63.66, 83.87, 0, 0
2.00, 5.70, 21.90, 21.90, -422.43, 20.00, 4.63, 6.11, 5.32, 180.69, 37.84, 18.83, -52.69, 74.21, 0, 0
2.00, 5.70, 22.36, 22.36, 306.77, 20.00, 4.63, 8.89, 8.10, 395.28, 72.23, 24.13, -40.03, 65.97, 0, 0
2.00, 5.70, 22.52, 22.52, 4.34, 20.00, 4.63, 10.00, 9.23, 119.73, 73.63, 34.24, -25.31, 59.82, 0, 0
2.00, 5.70, 22.82, 22.82, 415.76, 20.00, 4.63, 11.67, 10.88, 150.76, 100.05, 46.01, -8.72, 56.48, 0, 0
2.00, 5.70, 22.96, 22.96, 266.23, 20.00, 4.63, 12.78, 11.99, 43.90, 92.58, 58.32, 8.65, 56.47, 0, 0
2.00, 5.70, 23.00, 23.00, 168.09, 20.00, 4.63, 12.78, 11.99, 17.97, 80.74, 70.72, 25.24, 59.80, 0, 0
2.00, 5.70, 23.01, 23.01, 123.89, 20.00, 4.63, 12.78, 12.01, 12.23, 65.34, 82.94, 39.97, 65.94, 0, 0
2.00, 5.70, 22.95, 22.95, -4.73, 20.00, 4.63, 12.22, 11.45, 0.00, 42.90, 0.00, 52.64, 74.17, 0, 0
2.00, 5.70, 22.79, 22.79, -249.72, 20.00, 4.63, 10.56, 9.79, 0.00, 21.38, 0.00, 63.62, 83.83, 0, 0
2.00, 5.70, 22.64, 22.64, -334.07, 20.00, 4.63, 10.00, 9.23, 0.00, 0.00, 0.00, 0.00, 90.00, 0, 0
2.00, 5.70, 22.60, 22.60, -209.70, 20.00, 4.63, 9.44, 8.66, 0.00, 0.00, 0.00, 0.00, 90.00, 0, 0
2.00, 5.70, 22.53, 22.53, -279.10, 20.00, 4.63, 8.33, 7.56, 0.00, 0.00, 0.00, 0.00, 90.00, 0, 0
2.00, 5.70, 22.45, 22.45, -327.36, 20.00, 4.63, 7.78, 6.99, 0.00, 0.00, 0.00, 0.00, 90.00, 0, 0
2.00, 5.70, 22.35, 22.35, -402.76, 20.00, 4.63, 6.67, 5.88, 0.00, 0.00, 0.00, 0.00, 90.00, 0, 0
2.00, 5.70, 22.18, 22.18, -608.44, 20.00, 4.63, 6.11, 5.32, 0.00, 0.00, 0.00, 0.00, 90.00, 0, 0
2.00, 5.70, 21.93, 21.93, -844.53, 20.00, 4.63, 5.56, 4.76, 0.00, 0.00, 0.00, 0.00, 90.00, 0, 0
2.00, 5.70, 21.70, 21.70, -962.91, 20.00, 4.63, 4.44, 3.67, 0.00, 0.00, 0.00, 0.00, 90.00, 0, 0
2.00, 5.70, 21.49, 21.49, -1023.97, 20.00, 4.63, 4.44, 3.65, 0.00, 0.00, 0.00, 0.00, 90.00, 0, 0
2.00, 5.70, 21.30, 21.30, -1104.40, 20.00, 4.63, 3.89, 3.09, 0.00, 0.00, 0.00, 0.00, 90.00, 0, 0
2.00, 5.70, 21.11, 21.11, -1182.18, 20.00, 4.63, 3.33, 2.54, 0.00, 0.00, 0.00, 0.00, 90.00, 0, 0
2.00, 5.70, 20.93, 20.93, -1258.39, 20.00, 4.63, 2.78, 1.98, 0.00, 0.00, 0.00, 0.00, 90.00, 0, 0
2.00, 5.70, 20.75, 20.75, -1333.57, 20.00, 4.63, 2.22, 1.42, 0.00, 0.00, 0.00, 0.00, 90.00, 0, 0
2.00, 5.70, 20.57, 20.57, -1401.36, 20.00, 4.63, 1.67, 0.87, 0.00, 0.00, 0.00, 0.00, 90.00, 0, 0
2.00, 5.70, 20.45, 20.45, -1372.05, 20.00, 4.63, 2.78, 2.00, 0.00, 8.71, 21.92, -63.45, 84.09, 0, 0
2.00, 5.70, 20.74, 20.74, -566.67, 20.00, 4.63, 5.56, 4.78, 279.62, 40.07, 18.53, -52.49, 74.44, 0, 0
2.00, 5.70, 20.97, 20.97, -485.69, 20.00, 4.63, 7.78, 6.99, 183.13, 59.59, 23.89, -39.86, 66.23, 0, 0
2.00, 5.70, 21.49, 21.49, 277.68, 20.00, 4.63, 10.56, 9.77, 377.51, 96.89, 34.05, -25.19, 60.10, 0, 0
2.00, 5.70, 22.11, 22.11, 821.85, 20.00, 4.63, 13.33, 12.56, 304.93, 130.29, 45.84, -8.68, 56.78, 0, 0
2.00, 5.70, 22.37, 22.37, 471.59, 20.00, 4.63, 14.44, 13.67, 101.04, 104.20, 58.16, 8.60, 56.77, 0, 0
2.00, 5.70, 22.52, 22.52, 412.26, 20.00, 4.63, 15.00, 14.23, 58.14, 95.06, 70.56, 25.12, 60.08, 0, 0
2.00, 5.70, 22.53, 22.53, 216.57, 20.00, 4.63, 15.00, 14.23, 17.04, 69.63, 82.78, 39.80, 66.20, 0, 0
2.00, 5.70, 22.45, 22.45, 2.86, 20.00, 4.63, 13.89, 13.12, 0.00, 40.77, 0.00, 52.44, 74.41, 0, 0
2.00, 5.70, 22.26, 22.26, -274.01, 20.00, 4.63, 12.22, 11.45, 0.00, 15.05, 0.00, 63.40, 84.04, 0, 0
2.00, 5.70, 22.09, 22.09, -342.97, 20.00, 4.63, 11.67, 10.90, 0.00, 0.00, 0.00, 0.00, 90.00, 0, 0
2.00, 5.70, 22.05, 22.05, -219.09, 20.00, 4.63, 11.11, 10.34, 0.00, 0.00, 0.00, 0.00, 90.00, 0, 0
2.00, 5.70, 21.99, 21.99, -261.12, 20.00, 4.63, 10.56, 9.77, 0.00, 0.00, 0.00, 0.00, 90.00, 0, 0
2.00, 5.70, 21.93, 21.93, -303.79, 20.00, 4.63, 10.00, 9.23, 0.00, 0.00, 0.00, 0.00, 90.00, 0, 0
2.00, 5.70, 21.86, 21.86, -347.09, 20.00, 4.63, 9.44, 8.66, 0.00, 0.00, 0.00, 0.00, 90.00, 0, 0
2.00, 5.70, 21.71, 21.71, -569.46, 20.00, 4.63, 8.33, 7.58, 0.00, 0.00, 0.00, 0.00, 90.00, 0, 0
2.00, 5.70, 21.48, 21.48, -799.08, 20.00, 4.63, 7.78, 7.01, 0.00, 0.00, 0.00, 0.00, 90.00, 0, 0
2.00, 5.70, 21.27, 21.27, -884.58, 20.00, 4.63, 7.22, 6.45, 0.00, 0.00, 0.00, 0.00, 90.00, 0, 0
2.00, 5.70, 21.09, 21.09, -962.95, 20.00, 4.63, 6.67, 5.88, 0.00, 0.00, 0.00, 0.00, 90.00, 0, 0
2.00, 5.70, 20.90, 20.90, -1063.30, 20.00, 4.63, 5.56, 4.78, 0.00, 0.00, 0.00, 0.00, 90.00, 0, 0
2.00, 5.70, 20.72, 20.72, -1137.18, 20.00, 4.63, 5.00, 4.23, 0.00, 0.00, 0.00, 0.00, 90.00, 0, 0
2.00, 5.70, 20.55, 20.55, -1209.30, 20.00, 4.63, 4.44, 3.67, 0.00, 0.00, 0.00, 0.00, 90.00, 0, 0
2.00, 5.70, 20.37, 20.37, -1306.86, 20.00, 4.63, 3.33, 2.56, 0.00, 0.00, 0.00, 0.00, 90.00, 0, 0
2.00, 5.70, 20.23, 20.23, -1298.51, 20.00, 4.63, 2.78, 2.00, 0.00, 0.00, 0.00, 0.00, 90.00, 0, 0
2.00, 5.70, 20.12, 20.12, -1300.75, 20.00, 4.63, 3.33, 2.56, 0.00, 4.75, 21.67, -63.24, 84.30, 0, 0
2.00, 5.70, 20.26, 20.26, -840.86, 20.00, 4.63, 5.56, 4.80, 128.43, 32.56, 18.23, -52.30, 74.68, 0, 0
2.00, 5.70, 20.99, 20.99, 472.64, 20.00, 4.63, 9.44, 8.68, 590.37, 80.39, 23.64, -39.70, 66.49, 0, 0
2.00, 5.70, 21.73, 21.73, 958.27, 20.00, 4.63, 12.22, 11.45, 563.16, 106.20, 33.86, -25.08, 60.39, 0, 0
2.00, 5.70, 22.01, 22.01, 513.54, 20.00, 4.63, 13.33, 12.58, 156.42, 98.13, 45.68, -8.64, 57.08, 0, 0
2.00, 5.70, 22.18, 22.18, 428.08, 20.00, 4.63, 14.44, 13.67, 72.93, 92.18, 58.01, 8.56, 57.07, 0, 0
2.00, 5.70, 22.19, 22.19, 205.73, 20.00, 4.63, 14.44, 13.69, 17.82, 73.43, 70.40, 25.00, 60.36, 0, 0
2.00, 5.70, 22.21, 22.21, 206.86, 20.00, 4.63, 14.44, 13.69, 18.03, 71.26, 82.61, 39.64, 66.46, 0, 0
2.00, 5.70, 22.13, 22.13, 12.42, 20.00, 4.63, 13.33, 12.58, 0.00, 42.54, 0.00, 52.25, 74.64, 0, 0
2.00, 5.70, 21.94, 21.94, -289.53, 20.00, 4.63, 11.67, 10.90, 0.00, 10.30, 0.00, 63.19, 84.25, 0, 0
2.00, 5.70, 21.79, 21.79, -338.67, 20.00, 4.63, 11.11, 10.34, 0.00, 0.00, 0.00, 0.00, 90.00, 0, 0
2.00, 5.70, 21.75, 21.75, -211.85, 20.00, 4.63, 10.56, 9.79, 0.00, 0.00, 0.00, 0.00, 90.00, 0, 0
2.00, 5.70, 21.69, 21.69, -277.91, 20.00, 4.63, 9.44, 8.68, 0.00, 0.00, 0.00, 0.00, 90.00, 0, 0
2.00, 5.70, 21.63, 21.63, -322.21, 20.00, 4.63, 8.89, 8.12, 0.00, 0.00, 0.00, 0.00, 90.00, 0, 0
2.00, 5.70, 21.56, 21.56, -367.13, 20.00, 4.63, 8.33, 7.56, 0.00, 0.00, 0.00, 0.00, 90.00, 0, 0
2.00, 5.70, 21.37, 21.37, -641.06, 20.00, 4.63, 7.22, 6.45, 0.00, 0.00, 0.00, 0.00, 90.00, 0, 0
2.00, 5.70, 21.13, 21.13, -879.19, 20.00, 4.63, 6.67, 5.88, 0.00, 0.00, 0.00, 0.00, 90.00, 0, 0
2.00, 5.70, 20.91, 20.91, -971.49, 20.00, 4.63, 6.11, 5.34, 0.00, 0.00, 0.00, 0.00, 90.00, 0, 0
2.00, 5.70, 20.71, 20.71, -1055.77, 20.00, 4.63, 5.56, 4.78, 0.00, 0.00, 0.00, 0.00, 90.00, 0, 0
2.00, 5.70, 20.50, 20.50, -1161.48, 20.00, 4.63, 4.44, 3.67, 0.00, 0.00, 0.00, 0.00, 90.00, 0, 0
2.00, 5.70, 20.32, 20.32, -1240.21, 20.00, 4.63, 3.89, 3.11, 0.00, 0.00, 0.00, 0.00, 90.00, 0, 0
2.00, 5.70, 20.14, 20.14, -1316.65, 20.00, 4.63, 3.33, 2.54, 0.00, 0.00, 0.00, 0.00, 90.00, 0, 0
2.00, 5.70, 19.96, 19.96, -1391.57, 20.00, 4.63, 2.78, 2.00, 0.00, 0.00, 0.00, 0.00, 90.00, 0, 0
2.00, 5.70, 20.00, 20.00, -1408.03, 20.00, 4.63, 1.67, 0.89, 0.00, 0.00, 0.00, 0.00, 90.00, 0, 0
2.00, 5.70, 20.00, 20.00, -1245.41, 20.00, 4.63, 4.44, 3.67, 0.00, 18.22, 21.42, -63.04, 84.51, 0, 0
2.00, 5.70, 20.47, 20.47, -86.54, 20.00, 4.63, 6.67, 5.90, 464.80, 44.94, 17.94, -52.12, 74.91, 0, 0
2.00, 5.70, 21.14, 21.14, 627.10, 20.00, 4.63, 9.44, 8.68, 626.00, 77.23, 23.41, -39.55, 66.75, 0, 0
2.00, 5.70, 21.83, 21.83, 1087.33, 20.00, 4.63, 11.67, 10.90, 610.15, 102.07, 33.67, -24.97, 60.66, 0, 0
2.00, 5.70, 22.30, 22.30, 1074.16, 20.00, 4.63, 13.33, 12.58, 319.45, 111.05, 45.52, -8.61, 57.37, 0, 0
2.00, 5.70, 22.60, 22.60, 984.79, 20.00, 4.63, 15.00, 14.23, 162.48, 111.99, 57.85, 8.51, 57.36, 0, 0
2.00, 5.70, 22.65, 22.65, 642.90, 20.00, 4.63, 15.00, 14.25, 52.70, 92.21, 70.25, 24.88, 60.64, 0, 0
2.00, 5.70, 22.66, 22.66, 563.37, 20.00, 4.63, 15.00, 14.25, 31.71, 85.59, 82.44, 39.47, 66.71, 0, 0
2.00, 5.70, 22.53, 22.53, 258.84, 20.00, 4.63, 13.89, 13.14, 0.00, 44.38, 0.00, 52.05, 74.86, 0, 0
2.00, 5.70, 22.30, 22.30, -65.48, 20.00, 4.63, 12.22, 11.47, 0.00, 15.84, 0.00, 62.98, 84.45, 0, 0
2.00, 5.70, 22.11, 22.11, -156.71, 20.00, 4.63, 11.67, 10.92, 0.00, 0.00, 0.00, 0.00, 90.00, 0, 0
2.00, 5.70, 22.03, 22.03, -47.34, 20.00, 4.63, 11.11, 10.36, 0.00, 0.00, 0.00, 0.00, 90.00, 0, 0
2.00, 5.70, 21.96, 21.96, -100.23, 20.00, 4.63, 10.56, 9.81, 0.00, 0.00, 0.00, 0.00, 90.00, 0, 0
2.00, 5.70, 21.89, 21.89, -151.45, 20.00, 4.63, 10.00, 9.27, 0.00, 0.00, 0.00, 0.00, 90.00, 0, 0
2.00, 5.70, 21.82, 21.82, -201.56, 20.00, 4.63, 9.44, 8.70, 0.00, 0.00, 0.00, 0.00, 90.00, 0, 0
2.00, 5.70, 21.64, 21.64, -453.24, 20.00, 4.63, 8.89, 8.16, 0.00, 0.00, 0.00, 0.00, 90.00, 0, 0
2.00, 5.70, 21.40, 21.40, -691.77, 20.00, 4.63, 8.33, 7.59, 0.00, 0.00, 0.00, 0.00, 90.00, 0, 0
2.00, 5.70, 21.20, 21.20, -758.38, 20.00, 4.63, 8.33, 7.58, 0.00, 0.00, 0.00, 0.00, 90.00, 0, 0
2.00, 5.70, 21.02, 21.02, -839.81, 20.00, 4.63, 7.78, 7.03, 0.00, 0.00, 0.00, 0.00, 90.00, 0, 0
2.00, 5.70, 20.86, 20.86, -890.42, 20.00, 4.63, 7.78, 7.03, 0.00, 0.00, 0.00, 0.00, 90.00, 0, 0
2.00, 5.70, 20.72, 20.72, -935.43, 20.00, 4.63, 7.78, 7.03, 0.00, 0.00, 0.00, 0.00, 90.00, 0, 0
2.00, 5.70, 20.58, 20.58, -1002.28, 20.00, 4.63, 7.22, 6.49, 0.00, 0.00, 0.00, 0.00, 90.00, 0, 0
2.00, 5.70, 20.46, 20.46, -1042.32, 20.00, 4.63, 7.22, 6.49, 0.00, 0.00, 0.00, 0.00, 90.00, 0, 0
2.00, 5.70, 20.33, 20.33, -1097.45, 20.00, 4.63, 6.67, 5.94, 0.00, 0.00, 0.00, 0.00, 90.00, 0, 0
2.00, 5.70, 20.28, 20.28, -1017.84, 20.00, 4.63, 8.33, 7.59, 0.00, 11.09, 21.18, -62.84, 84.72, 0, 0
2.00, 5.70, 20.43, 20.43, -608.61, 20.00, 4.63, 10.00, 9.27, 123.25, 33.52, 17.65, -51.94, 75.14, 0, 0
2.00, 5.70, 20.71, 20.71, -237.14, 20.00, 4.63, 11.67, 10.94, 199.10, 58.57, 23.17, -39.40, 67.00, 0, 0
2.00, 5.70, 21.32, 21.32, 626.75, 20.00, 4.63, 13.89, 13.16, 445.09, 95.38, 33.49, -24.87, 60.94, 0, 0
2.00, 5.70, 21.73, 21.73, 600.75, 20.00, 4.63, 15.56, 14.84, 204.35, 102.83, 45.36, -8.58, 57.65, 0, 0
2.00, 5.70, 21.74, 21.74, 38.63, 20.00, 4.63, 15.56, 14.84, 13.62, 61.21, 57.70, 8.46, 57.64, 0, 0
2.00, 5.70, 21.73, 21.73, -6.54, 20.00, 4.63, 15.56, 14.84, 8.95, 59.13, 70.09, 24.76, 60.91, 0, 0
2.00, 5.70, 21.57, 21.57, -319.08, 20.00, 4.63, 13.89, 13.18, 0.00, 10.30, 82.28, 39.30, 66.95, 0, 0
2.00, 5.70, 21.45, 21.45, -376.39, 20.00, 4.63, 13.33, 12.62, 0.00, 16.63, 0.00, 51.86, 75.08, 0, 0
2.00, 5.70, 21.29, 21.29, -515.58, 20.00, 4.63, 12.22, 11.50, 0.00, 5.54, 0.00, 62.77, 84.65, 0, 0
2.00, 5.70, 21.18, 21.18, -521.11, 20.00, 4.63, 11.67, 10.94, 0.00, 0.00, 0.00, 0.00, 90.00, 0, 0
2.00, 5.70, 21.19, 21.19, -350.05, 20.00, 4.63, 11.67, 10.94, 0.00, 0.00, 0.00, 0.00, 90.00, 0, 0
2.00, 5.70, 21.19, 21.19, -375.28, 20.00, 4.63, 11.11, 10.38, 0.00, 0.00, 0.00, 0.00, 90.00, 0, 0
2.00, 5.70, 21.16, 21.16, -406.01, 20.00, 4.63, 10.56, 9.83, 0.00, 0.00, 0.00, 0.00, 90.00, 0, 0
2.00, 5.70, 21.14, 21.14, -414.73, 20.00, 4.63, 10.56, 9.83, 0.00, 0.00, 0.00, 0.00, 90.00, 0, 0
2.00, 5.70, 21.03, 21.03, -602.28, 20.00, 4.63, 10.00, 9.27, 0.00, 0.00, 0.00, 0.00, 90.00, 0, 0
2.00, 5.70, 20.84, 20.84, -821.97, 20.00, 4.63, 9.44, 8.72, 0.00, 0.00, 0.00, 0.00, 90.00, 0, 0
2.00, 5.70, 20.67, 20.67, -899.11, 20.00, 4.63, 8.89, 8.16, 0.00, 0.00, 0.00, 0.00, 90.00, 0, 0
2.00, 5.70, 20.51, 20.51, -969.98, 20.00, 4.63, 8.33, 7.61, 0.00, 0.00, 0.00, 0.00, 90.00, 0, 0
2.00, 5.70, 20.36, 20.36, -1037.49, 20.00, 4.63, 7.78, 7.05, 0.00, 0.00, 0.00, 0.00, 90.00, 0, 0
2.00, 5.70, 20.22, 20.22, -1103.00, 20.00, 4.63, 7.22, 6.49, 0.00, 0.00, 0.00, 0.00, 90.00, 0, 0
2.00, 5.70, 20.08, 20.08, -1167.27, 20.00, 4.63, 6.67, 5.94, 0.00, 0.00, 0.00, 0.00, 90.00, 0, 0
2.00, 5.70, 19.94, 19.94, -1231.09, 20.00, 4.63, 6.11, 5.38, 0.00, 0.00, 0.00, 0.00, 90.00, 0, 0
2.00, 5.70, 20.00, 20.00, -1283.64, 20.00, 4.63, 5.56, 4.83, 0.00, 0.00, 0.00, 0.00, 90.00, 0, 0
2.00, 5.70, 20.00, 20.00, -1154.95, 20.00, 4.63, 7.78, 7.05, 0.00, 15.84, 20.94, -62.65, 84.94, 0, 0
2.00, 5.70, 20.37, 20.37, -198.09, 20.00, 4.63, 10.00, 9.28, 370.33, 40.48, 17.37, -51.77, 75.37, 0, 0
2.00, 5.70, 20.59, 20.59, -230.68, 20.00, 4.63, 11.67, 10.94, 213.82, 59.03, 22.94, -39.26, 67.25, 0, 0
2.00, 5.70, 20.67, 20.67, -374.36, 20.00, 4.63, 12.78, 12.05, 65.15, 60.55, 33.31, -24.78, 61.21, 0, 0
2.00, 5.70, 20.67, 20.67, -488.69, 20.00, 4.63, 12.78, 12.05, 11.55, 52.10, 45.20, -8.55, 57.94, 0, 0
2.00, 5.70, 20.85, 20.85, -131.46, 20.00, 4.63, 13.89, 13.16, 59.38, 84.37, 57.54, 8.40, 57.92, 0, 0
2.00, 5.70, 21.09, 21.09, 98.22, 20.00, 4.63, 15.00, 14.27, 65.97, 95.41, 69.93, 24.64, 61.17, 0, 0
2.00, 5.70, 21.13, 21.13, -155.46, 20.00, 4.63, 15.00, 14.27, 9.96, 58.61, 82.11, 39.14, 67.19, 0, 0
2.00, 5.70, 21.07, 21.07, -341.53, 20.00, 4.63, 13.89, 13.18, 0.00, 32.60, 0.00, 51.66, 75.30, 0, 0
2.00, 5.70, 20.94, 20.94, -520.61, 20.00, 4.63, 12.78, 12.07, 0.00, 14.26, 0.00, 62.56, 84.85, 0, 0
2.00, 5.70, 20.83, 20.83, -563.24, 20.00, 4.63, 12.22, 11.50, 0.00, 0.00, 0.00, 0.00, 90.00, 0, 0
2.00, 5.70, 20.83, 20.83, -421.99, 20.00, 4.63, 11.67, 10.94, 0.00, 0.00, 0.00, 0.00, 90.00, 0, 0
2.00, 5.70, 20.82, 20.82, -450.90, 20.00, 4.63, 11.11, 10.39, 0.00, 0.00, 0.00, 0.00, 90.00, 0, 0
2.00, 5.70, 20.79, 20.79, -483.61, 20.00, 4.63, 10.56, 9.83, 0.00, 0.00, 0.00, 0.00, 90.00, 0, 0
2.00, 5.70, 20.75, 20.75, -518.81, 20.00, 4.63, 10.00, 9.27, 0.00, 0.00, 0.00, 0.00, 90.00, 0, 0
2.00, 5.70, 20.63, 20.63, -708.70, 20.00, 4.63, 9.44, 8.72, 0.00, 0.00, 0.00, 0.00, 90.00, 0, 0
2.00, 5.70, 20.43, 20.43, -930.17, 20.00, 4.63, 8.89, 8.16, 0.00, 0.00, 0.00, 0.00, 90.00, 0, 0
2.00, 5.70, 20.25, 20.25, -1008.40, 20.00, 4.63, 8.33, 7.61, 0.00, 0.00, 0.00, 0.00, 90.00, 0, 0
2.00, 5.70, 20.09, 20.09, -1080.25, 20.00, 4.63, 7.78, 7.05, 0.00, 0.00, 0.00, 0.00, 90.00, 0, 0
2.00, 5.70, 19.95, 19.95, -1122.46, 20.00, 4.63, 7.78, 7.03, 0.00, 0.00, 0.00, 0.00, 90.00, 0, 0
2.00, 5.70, 19.81, 19.81, -1185.88, 20.00, 4.63, 7.22, 6.49, 0.00, 0.00, 0.00, 0.00, 90.00, 0, 0
2.00, 5.70, 19.68, 19.68, -1248.48, 20.00, 4.63, 6.67, 5.92, 0.00, 0.00, 0.00, 0.00, 90.00, 0, 0
2.00, 5.70, 19.54, 19.54, -1310.46, 20.00, 4.63, 6.11, 5.38, 0.00, 0.00, 0.00, 0.00, 90.00, 0, 0
2.00, 5.70, 20.00, 20.00, -1340.74, 20.00, 4.63, 5.56, 4.81, 0.00, 0.00, 0.00, 0.00, 90.00, 0, 0
2.00, 5.70, 20.00, 20.00, -1257.89, 20.00, 4.63, 7.22, 6.49, 0.00, 10.30, 20.72, -62.46, 85.14, 0, 0
2.00, 5.70, 20.18, 20.18, -430.14, 20.00, 4.63, 9.44, 8.72, 307.57, 36.87, 17.09, -51.60, 75.60, 0, 0
2.00, 5.70, 20.44, 20.44, -127.49, 20.00, 4.63, 11.11, 10.39, 321.76, 61.71, 22.71, -39.12, 67.50, 0, 0
2.00, 5.70, 20.84, 20.84, 295.30, 20.00, 4.63, 13.33, 12.62, 349.76, 88.06, 33.13, -24.69, 61.48, 0, 0
2.00, 5.70, 20.93, 20.93, -58.75, 20.00, 4.63, 14.44, 13.73, 73.49, 78.01, 45.04, -8.53, 58.22, 0, 0
2.00, 5.70, 21.03, 21.03, -21.77, 20.00, 4.63, 15.00, 14.29, 45.12, 84.40, 57.39, 8.35, 58.20, 0, 0
2.00, 5.70, 21.13, 21.13, 38.94, 20.00, 4.63, 15.56, 14.86, 44.11, 79.93, 69.78, 24.52, 61.43, 0, 0
2.00, 5.70, 21.15, 21.15, -65.01, 20.00, 4.63, 15.56, 14.86, 16.56, 61.75, 81.94, 38.97, 67.42, 0, 0
2.00, 5.70, 21.13, 21.13, -162.88, 20.00, 4.63, 15.00, 14.29, 0.00, 42.39, 0.00, 51.47, 75.50, 0, 0
2.00, 5.70, 20.98, 20.98, -448.24, 20.00, 4.63, 13.33, 12.63, 0.00, 12.67, 0.00, 62.35, 85.03, 0, 0
2.00, 5.70, 20.87, 20.87, -470.37, 20.00, 4.63, 13.33, 12.63, 0.00, 0.00, 0.00, 0.00, 90.00, 0, 0
2.00, 5.70, 20.86, 20.86, -332.79, 20.00, 4.63, 12.78, 12.09, 0.00, 0.00, 0.00, 0.00, 90.00, 0, 0
2.00, 5.70, 20.86, 20.86, -338.46, 20.00, 4.63, 12.78, 12.09, 0.00, 0.00, 0.00, 0.00, 90.00, 0, 0
2.00, 5.70, 20.84, 20.84, -369.61, 20.00, 4.63, 12.22, 11.52, 0.00, 0.00, 0.00, 0.00, 90.00, 0, 0
2.00, 5.70, 20.81, 20.81, -402.62, 20.00, 4.63, 11.67, 10.97, 0.00, 0.00, 0.00, 0.00, 90.00, 0, 0
2.00, 5.70, 20.71, 20.71, -564.55, 20.00, 4.63, 11.67, 10.97, 0.00, 0.00, 0.00, 0.00, 90.00, 0, 0
2.00, 5.70, 20.55, 20.55, -755.29, 20.00, 4.63, 11.67, 10.97, 0.00, 0.00, 0.00, 0.00, 90.00, 0, 0
2.00, 5.70, 20.40, 20.40, -826.24, 20.00, 4.63, 11.11, 10.41, 0.00, 0.00, 0.00, 0.00, 90.00, 0, 0
2.00, 5.70, 20.28, 20.28, -865.44, 20.00, 4.63, 11.11, 10.41, 0.00, 0.00, 0.00, 0.00, 90.00, 0, 0
2.00, 5.70, 20.17, 20.17, -898.76, 20.00, 4.63, 11.11, 10.41, 0.00, 0.00, 0.00, 0.00, 90.00, 0, 0
2.00, 5.70, 20.08, 20.08, -928.01, 20.00, 4.63, 11.11, 10.41, 0.00, 0.00, 0.00, 0.00, 90.00, 0, 0
2.00, 5.70, 19.99, 19.99, -954.26, 20.00, 4.63, 11.11, 10.41, 0.00, 0.00, 0.00, 0.00, 90.00, 0, 0
2.00, 5.70, 19.92, 19.92, -978.10, 20.00, 4.63, 11.11, 10.43, 0.00, 0.00, 0.00, 0.00, 90.00, 0, 0
2.00, 5.70, 20.00, 20.00, -989.97, 20.00, 4.63, 11.11, 10.43, 0.00, 0.00, 0.00, 0.00, 90.00, 0, 0
2.00, 5.70, 20.00, 20.00, -873.31, 20.00, 4.63, 12.78, 12.10, 0.00, 15.05, 20.50, -62.28, 85.35, 0, 0
2.00, 5.70, 20.58, 20.58, 375.07, 20.00, 4.63, 15.56, 14.89, 483.16, 45.18, 16.81, -51.44, 75.83, 0, 0
2.00, 5.70, 20.82, 20.82, 81.82, 20.00, 4.63, 16.67, 16.00, 201.02, 54.78, 22.48, -38.99, 67.75, 0, 0
2.00, 5.70, 20.84, 20.84, -228.78, 20.00, 4.63, 16.67, 16.00, 18.13, 47.55, 32.95, -24.61, 61.74, 0, 0
2.00, 5.70, 20.89, 20.89, -159.04, 20.00, 4.63, 17.22, 16.56, 16.10, 57.35, 44.88, -8.52, 58.49, 0, 0
2.00, 5.70, 21.09, 21.09, 158.34, 20.00, 4.63, 18.33, 17.68, 57.24, 81.28, 57.24, 8.29, 58.47, 0, 0
2.00, 5.70, 21.11, 21.11, -101.02, 20.00, 4.63, 18.33, 17.68, 2.94, 45.17, 69.62, 24.40, 61.68, 0, 0
2.00, 5.70, 21.04, 21.04, -266.55, 20.00, 4.63, 17.22, 16.56, 0.00, 16.63, 81.78, 38.80, 67.65, 0, 0
2.00, 5.70, 20.98, 20.98, -308.05, 20.00, 4.63, 16.67, 16.00, 0.00, 19.01, 0.00, 51.28, 75.71, 0, 0
2.00, 5.70, 20.89, 20.89, -431.01, 20.00, 4.63, 15.56, 14.90, 0.00, 6.34, 0.00, 62.14, 85.21, 0, 0
2.00, 5.70, 20.84, 20.84, -400.13, 20.00, 4.63, 15.56, 14.89, 0.00, 0.00, 0.00, 0.00, 90.00, 0, 0
2.00, 5.70, 20.89, 20.89, -238.17, 20.00, 4.63, 15.00, 14.34, 0.00, 0.00, 0.00, 0.00, 90.00, 0, 0
2.00, 5.70, 20.93, 20.93, -226.03, 20.00, 4.63, 15.00, 14.34, 0.00, 0.00, 0.00, 0.00, 90.00, 0, 0
2.00, 5.70, 20.95, 20.95, -243.06, 20.00, 4.63, 14.44, 13.79, 0.00, 0.00, 0.00, 0.00, 90.00, 0, 0
2.00, 5.70, 20.97, 20.97, -239.82, 20.00, 4.63, 14.44, 13.78, 0.00, 0.00, 0.00, 0.00, 90.00, 0, 0
2.00, 5.70, 20.91, 20.91, -390.41, 20.00, 4.63, 14.44, 13.78, 0.00, 0.00, 0.00, 0.00, 90.00, 0, 0
2.00, 5.70, 20.77, 20.77, -596.60, 20.00, 4.63, 13.89, 13.23, 0.00, 0.00, 0.00, 0.00, 90.00, 0, 0
2.00, 5.70, 20.64, 20.64, -661.06, 20.00, 4.63, 13.33, 12.66, 0.00, 0.00, 0.00, 0.00, 90.00, 0, 0
2.00, 5.70, 20.53, 20.53, -694.62, 20.00, 4.63, 13.33, 12.66, 0.00, 0.00, 0.00, 0.00, 90.00, 0, 0
2.00, 5.70, 20.43, 20.43, -748.07, 20.00, 4.63, 12.78, 12.12, 0.00, 0.00, 0.00, 0.00, 90.00, 0, 0
2.00, 5.70, 20.33, 20.33, -800.37, 20.00, 4.63, 12.22, 11.55, 0.00, 0.00, 0.00, 0.00, 90.00, 0, 0
2.00, 5.70, 20.25, 20.25, -826.61, 20.00, 4.63, 12.22, 11.55, 0.00, 0.00, 0.00, 0.00, 90.00, 0, 0
2.00, 5.70, 20.16, 20.16, -875.75, 20.00, 4.63, 11.67, 11.01, 0.00, 0.00, 0.00, 0.00, 90.00, 0, 0
2.00, 5.70, 20.07, 20.07, -917.29, 20.00, 4.63, 11.11, 10.44, 0.00, 0.00, 0.00, 0.00, 90.00, 0, 0
2.00, 5.70, 20.07, 20.07, -783.64, 20.00, 4.63, 13.33, 12.68, 0.00, 14.26, 20.28, -62.11, 85.56, 0, 0
2.00, 5.70, 20.60, 20.60, 283.96, 20.00, 4.63, 15.56, 14.90, 417.31, 40.03, 16.54, -51.29, 76.05, 0, 0
2.00, 5.70, 20.98, 20.98, 330.32, 20.00, 4.63, 17.22, 16.56, 283.97, 61.36, 22.26, -38.87, 67.99, 0, 0
2.00, 5.70, 21.03, 21.03, -104.79, 20.00, 4.63, 17.78, 17.13, 18.21, 47.56, 32.77, -24.53, 62.00, 0, 0
2.00, 5.70, 21.06, 21.06, -111.31, 20.00, 4.63, 17.78, 17.13, 6.85, 51.75, 44.72, -8.51, 58.76, 0, 0
2.00, 5.70, 21.16, 21.16, 22.13, 20.00, 4.63, 18.33, 17.68, 20.28, 64.50, 57.08, 8.22, 58.73, 0, 0
2.00, 5.70, 21.28, 21.28, 120.52, 20.00, 4.63, 18.89, 18.24, 22.41, 69.65, 69.46, 24.27, 61.92, 0, 0
2.00, 5.70, 21.32, 21.32, 17.57, 20.00, 4.63, 18.89, 18.24, 3.83, 45.70, 81.61, 38.64, 67.87, 0, 0
2.00, 5.70, 21.29, 21.29, -129.08, 20.00, 4.63, 17.78, 17.13, 0.00, 24.85, 0.00, 51.09, 75.90, 0, 0
2.00, 5.70, 21.19, 21.19, -292.49, 20.00, 4.63, 16.67, 16.01, 0.00, 3.96, 0.00, 61.94, 85.39, 0, 0
2.00, 5.70, 21.14, 21.14, -258.90, 20.00, 4.63, 16.67, 16.01, 0.00, 0.00, 0.00, 0.00, 90.00, 0, 0
2.00, 5.70, 21.19, 21.19, -99.12, 20.00, 4.63, 16.11, 15.47, 0.00, 0.00, 0.00, 0.00, 90.00, 0, 0
2.00, 5.70, 21.22, 21.22, -113.30, 20.00, 4.63, 15.56, 14.90, 0.00, 0.00, 0.00, 0.00, 90.00, 0, 0
2.00, 5.70, 21.24, 21.24, -133.28, 20.00, 4.63, 15.00, 14.35, 0.00, 0.00, 0.00, 0.00, 90.00, 0, 0
2.00, 5.70, 21.25, 21.25, -132.33, 20.00, 4.63, 15.00, 14.34, 0.00, 0.00, 0.00, 0.00, 90.00, 0, 0
2.00, 5.70, 21.18, 21.18, -309.85, 20.00, 4.63, 14.44, 13.79, 0.00, 0.00, 0.00, 0.00, 90.00, 0, 0
2.00, 5.70, 21.02, 21.02, -520.06, 20.00, 4.63, 13.89, 13.23, 0.00, 0.00, 0.00, 0.00, 90.00, 0, 0
2.00, 5.70, 20.89, 20.89, -587.83, 20.00, 4.63, 13.33, 12.68, 0.00, 0.00, 0.00, 0.00, 90.00, 0, 0
2.00, 5.70, 20.77, 20.77, -624.56, 20.00, 4.63, 13.33, 12.66, 0.00, 0.00, 0.00, 0.00, 90.00, 0, 0
2.00, 5.70, 20.67, 20.67, -680.84, 20.00, 4.63, 12.78, 12.12, 0.00, 0.00, 0.00, 0.00, 90.00, 0, 0
2.00, 5.70, 20.57, 20.57, -710.30, 20.00, 4.63, 12.78, 12.12, 0.00, 0.00, 0.00, 0.00, 90.00, 0, 0
2.00, 5.70, 20.48, 20.48, -762.02, 20.00, 4.63, 12.22, 11.55, 0.00, 0.00, 0.00, 0.00, 90.00, 0, 0
2.00, 5.70, 20.39, 20.39, -813.70, 20.00, 4.63, 11.67, 11.01, 0.00, 0.00, 0.00, 0.00, 90.00, 0, 0
2.00, 5.70, 20.35, 20.35, -758.41, 20.00, 4.63, 11.67, 11.01, 0.00, 0.00, 0.00, 0.00, 90.00, 0, 0
2.00, 5.70, 20.36, 20.36, -654.58, 20.00, 4.63, 13.33, 12.66, 0.00, 11.09, 20.08, -61.94, 85.77, 0, 0
2.00, 5.70, 20.81, 20.81, 225.07, 20.00, 4.63, 15.56, 14.90, 324.01, 36.87, 16.28, -51.14, 76.28, 0, 0
2.00, 5.70, 21.36, 21.36, 731.80, 20.00, 4.63, 17.78, 17.11, 415.79, 62.76, 22.04, -38.75, 68.23, 0, 0
2.00, 5.70, 21.76, 21.76, 769.07, 20.00, 4.63, 19.44, 18.79, 263.01, 77.14, 32.59, -24.46, 62.26, 0, 0
2.00, 5.70, 21.99, 21.99, 641.05, 20.00, 4.63, 20.56, 19.90, 85.31, 81.59, 44.56, -8.50, 59.02, 0, 0
2.00, 5.70, 22.13, 22.13, 594.58, 20.00, 4.63, 21.11, 20.47, 35.36, 76.81, 56.93, 8.16, 58.99, 0, 0
2.00, 5.70, 22.22, 22.22, 545.27, 20.00, 4.63, 21.11, 20.47, 18.02, 68.54, 69.31, 24.15, 62.16, 0, 0
2.00, 5.70, 22.30, 22.30, 535.51, 20.00, 4.63, 21.11, 20.47, 17.11, 58.79, 81.44, 38.47, 68.09, 0, 0
2.00, 5.70, 22.31, 22.31, 433.58, 20.00, 4.63, 20.56, 19.90, 0.00, 37.41, 0.00, 50.90, 76.09, 0, 0
2.00, 5.70, 22.23, 22.23, 219.68, 20.00, 4.63, 19.44, 18.79, 0.00, 14.26, 0.00, 61.73, 85.56, 0, 0
2.00, 5.70, 22.16, 22.16, 178.75, 20.00, 4.63, 18.89, 18.24, 0.00, 0.00, 0.00, 0.00, 90.00, 0, 0
2.00, 5.70, 22.19, 22.19, 302.62, 20.00, 4.63, 17.78, 17.13, 0.00, 0.00, 0.00, 0.00, 90.00, 0, 0
2.00, 5.70, 22.20, 22.20, 279.46, 20.00, 4.63, 17.22, 16.56, 0.00, 0.00, 0.00, 0.00, 90.00, 0, 0
2.00, 5.70, 22.21, 22.21, 253.54, 20.00, 4.63, 16.67, 16.01, 0.00, 0.00, 0.00, 0.00, 90.00, 0, 0
2.00, 5.70, 22.21, 22.21, 225.45, 20.00, 4.63, 16.11, 15.45, 0.00, 0.00, 0.00, 0.00, 90.00, 0, 0
2.00, 5.70, 22.10, 22.10, -6.73, 20.00, 4.63, 15.56, 14.89, 0.00, 0.00, 0.00, 0.00, 90.00, 0, 0
2.00, 5.70, 21.92, 21.92, -227.34, 20.00, 4.63, 15.00, 14.34, 0.00, 0.00, 0.00, 0.00, 90.00, 0, 0
2.00, 5.70, 21.76, 21.76, -303.34, 20.00, 4.63, 14.44, 13.78, 0.00, 0.00, 0.00, 0.00, 90.00, 0, 0
2.00, 5.70, 21.62, 21.62, -371.92, 20.00, 4.63, 13.89, 13.21, 0.00, 0.00, 0.00, 0.00, 90.00, 0, 0
2.00, 5.70, 21.50, 21.50, -436.08, 20.00, 4.63, 13.33, 12.66, 0.00, 0.00, 0.00, 0.00, 90.00, 0, 0
2.00, 5.70, 21.38, 21.38, -497.64, 20.00, 4.63, 12.78, 12.12, 0.00, 0.00, 0.00, 0.00, 90.00, 0, 0
2.00, 5.70, 21.26, 21.26, -557.77, 20.00, 4.63, 12.22, 11.55, 0.00, 0.00, 0.00, 0.00, 90.00, 0, 0
2.00, 5.70, 21.15, 21.15, -617.09, 20.00, 4.63, 11.67, 10.99, 0.00, 0.00, 0.00, 0.00, 90.00, 0, 0
2.00, 5.70, 21.08, 21.08, -595.01, 20.00, 4.63, 11.11, 10.44, 0.00, 0.00, 0.00, 0.00, 90.00, 0, 0
2.00, 5.70, 21.06, 21.06, -533.29, 20.00, 4.63, 12.22, 11.55, 0.00, 9.50, 19.88, -61.78, 85.97, 0, 0
2.00, 5.70, 21.47, 21.47, 346.10, 20.00, 4.63, 14.44, 13.78, 327.47, 36.11, 16.02, -51.00, 76.50, 0, 0
2.00, 5.70, 22.18, 22.18, 1192.21, 20.00, 4.63, 17.22, 16.55, 562.61, 71.77, 21.82, -38.64, 68.47, 0, 0
2.00, 5.70, 23.00, 23.00, 1874.29, 20.00, 4.63, 19.44, 18.77, 659.32, 97.67, 32.42, -24.40, 62.51, 0, 0
2.00, 5.70, 23.64, 23.64, 1973.69, 20.00, 4.63, 21.11, 20.45, 412.35, 108.08, 44.41, -8.50, 59.28, 0, 0
2.00, 5.70, 24.05, 24.05, 1891.31, 20.00, 4.63, 22.22, 21.56, 227.13, 108.84, 56.78, 8.09, 59.24, 0, 0
2.00, 5.70, 24.30, 24.30, 1749.37, 20.00, 4.63, 23.33, 22.68, 122.31, 102.41, 69.15, 24.02, 62.40, 0, 0
2.00, 5.70, 24.34, 24.34, 1444.90, 20.00, 4.63, 23.33, 22.66, 41.29, 78.04, 81.28, 38.31, 68.30, 0, 0
2.00, 5.70, 24.22, 24.22, 1066.58, 20.00, 4.63, 22.22, 21.56, 0.00, 34.94, 0.00, 50.71, 76.28, 0, 0
2.00, 5.70, 24.02, 24.02, 792.36, 20.00, 4.63, 20.56, 19.89, 0.00, 14.26, 0.00, 61.53, 85.72, 0, 0
2.00, 5.70, 23.86, 23.86, 708.09, 20.00, 4.63, 20.00, 19.34, 0.00, 0.00, 0.00, 0.00, 90.00, 0, 0
2.00, 5.70, 23.83, 23.83, 824.96, 20.00, 4.63, 19.44, 18.77, 0.00, 0.00, 0.00, 0.00, 90.00, 0, 0
2.00, 5.70, 23.80, 23.80, 780.04, 20.00, 4.63, 18.89, 18.22, 0.00, 0.00, 0.00, 0.00, 90.00, 0, 0
2.00, 5.70, 23.77, 23.77, 736.98, 20.00, 4.63, 18.33, 17.66, 0.00, 0.00, 0.00, 0.00, 90.00, 0, 0
2.00, 5.70, 23.74, 23.74, 695.42, 20.00, 4.63, 17.78, 17.11, 0.00, 0.00, 0.00, 0.00, 90.00, 0, 0
2.00, 5.70, 23.61, 23.61, 452.16, 20.00, 4.63, 17.22, 16.55, 0.00, 0.00, 0.00, 0.00, 90.00, 0, 0
2.00, 5.70, 23.41, 23.41, 222.17, 20.00, 4.63, 16.67, 15.98, 0.00, 0.00, 0.00, 0.00, 90.00, 0, 0
2.00, 5.70, 23.23, 23.23, 113.44, 20.00, 4.63, 15.56, 14.89, 0.00, 0.00, 0.00, 0.00, 90.00, 0, 0
2.00, 5.70, 23.07, 23.07, 35.58, 20.00, 4.63, 15.00, 14.32, 0.00, 0.00, 0.00, 0.00, 90.00, 0, 0
2.00, 5.70, 22.92, 22.92, -62.01, 20.00, 4.63, 13.89, 13.21, 0.00, 0.00, 0.00, 0.00, 90.00, 0, 0
2.00, 5.70, 22.77, 22.77, -133.54, 20.00, 4.63, 13.33, 12.65, 0.00, 0.00, 0.00, 0.00, 90.00, 0, 0
2.00, 5.70, 22.63, 22.63, -227.96, 20.00, 4.63, 12.22, 11.54, 0.00, 0.00, 0.00, 0.00, 90.00, 0, 0
2.00, 5.70, 22.49, 22.49, -297.97, 20.00, 4.63, 11.67, 10.97, 0.00, 0.00, 0.00, 0.00, 90.00, 0, 0
2.00, 5.70, 22.35, 22.35, -385.64, 20.00, 4.63, 10.56, 9.86, 0.00, 0.00, 0.00, 0.00, 90.00, 0, 0
2.00, 5.70, 22.28, 22.28, -312.96, 20.00, 4.63, 12.22, 11.54, 0.00, 11.09, 19.69, -61.63, 86.17, 0, 0
2.00, 5.70, 22.65, 22.65, 535.87, 20.00, 4.63, 13.89, 13.21, 336.99, 35.26, 15.77, -50.87, 76.71, 0, 0
2.00, 5.70, 22.83, 22.83, 390.09, 20.00, 4.63, 15.56, 14.87, 146.04, 48.54, 21.61, -38.53, 68.71, 0, 0
2.00, 5.70, 22.82, 22.82, 121.04, 20.00, 4.63, 15.56, 14.87, 6.92, 39.32, 32.24, -24.34, 62.76, 0, 0
2.00, 5.70, 22.85, 22.85, 190.59, 20.00, 4.63, 16.11, 15.44, 8.73, 52.45, 44.25, -8.50, 59.54, 0, 0
2.00, 5.70, 22.90, 22.90, 258.31, 20.00, 4.63, 16.67, 15.98, 9.64, 59.76, 56.63, 8.02, 59.49, 0, 0
2.00, 5.70, 22.93, 22.93, 223.01, 20.00, 4.63, 16.67, 16.00, 5.40, 51.07, 69.00, 23.89, 62.63, 0, 0
2.00, 5.70, 22.98, 22.98, 286.81, 20.00, 4.63, 16.67, 15.98, 11.67, 52.23, 81.11, 38.14, 68.50, 0, 0
2.00, 5.70, 22.87, 22.87, -4.22, 20.00, 4.63, 15.56, 14.89, 0.00, 4.66, 0.00, 50.53, 76.46, 0, 0
2.00, 5.70, 22.76, 22.76, -77.56, 20.00, 4.63, 15.00, 14.32, 0.00, 4.75, 0.00, 61.33, 85.88, 0, 0
2.00, 5.70, 22.69, 22.69, -75.33, 20.00, 4.63, 14.44, 13.76, 0.00, 0.00, 0.00, 0.00, 90.00, 0, 0
2.00, 5.70, 22.71, 22.71, 74.90, 20.00, 4.63, 13.89, 13.21, 0.00, 0.00, 0.00, 0.00, 90.00, 0, 0
2.00, 5.70, 22.72, 22.72, 50.53, 20.00, 4.63, 13.33, 12.65, 0.00, 0.00, 0.00, 0.00, 90.00, 0, 0
2.00, 5.70, 22.70, 22.70, 19.89, 20.00, 4.63, 12.78, 12.09, 0.00, 0.00, 0.00, 0.00, 90.00, 0, 0
2.00, 5.70, 22.68, 22.68, -14.76, 20.00, 4.63, 12.22, 11.54, 0.00, 0.00, 0.00, 0.00, 90.00, 0, 0
2.00, 5.70, 22.56, 22.56, -205.38, 20.00, 4.63, 11.67, 10.97, 0.00, 0.00, 0.00, 0.00, 90.00, 0, 0
2.00, 5.70, 22.37, 22.37, -428.17, 20.00, 4.63, 11.11, 10.41, 0.00, 0.00, 0.00, 0.00, 90.00, 0, 0
2.00, 5.70, 22.20, 22.20, -508.15, 20.00, 4.63, 10.56, 9.86, 0.00, 0.00, 0.00, 0.00, 90.00, 0, 0
2.00, 5.70, 22.05, 22.05, -556.26, 20.00, 4.63, 10.56, 9.86, 0.00, 0.00, 0.00, 0.00, 90.00, 0, 0
2.00, 5.70, 21.91, 21.91, -624.09, 20.00, 4.63, 10.00, 9.30, 0.00, 0.00, 0.00, 0.00, 90.00, 0, 0
2.00, 5.70, 21.77, 21.77, -690.09, 20.00, 4.63, 9.44, 8.74, 0.00, 0.00, 0.00, 0.00, 90.00, 0, 0
2.00, 5.70, 21.63, 21.63, -754.88, 20.00, 4.63, 8.89, 8.19, 0.00, 0.00, 0.00, 0.00, 90.00, 0, 0
2.00, 5.70, 21.50, 21.50, -819.19, 20.00, 4.63, 8.33, 7.63, 0.00, 0.00, 0.00, 0.00, 90.00, 0, 0
2.00, 5.70, 21.38, 21.38, -850.65, 20.00, 4.63, 8.33, 7.63, 0.00, 0.00, 0.00, 0.00, 90.00, 0, 0
2.00, 5.70, 21.29, 21.29, -846.40, 20.00, 4.63, 8.89, 8.19, 0.00, 5.54, 19.51, -61.48, 86.37, 0, 0
2.00, 5.70, 21.64, 21.64, 6.76, 20.00, 4.63, 11.11, 10.41, 319.16, 33.24, 15.52, -50.74, 76.93, 0, 0
2.00, 5.70, 21.92, 21.92, 123.49, 20.00, 4.63, 13.33, 12.63, 229.69, 55.20, 21.40, -38.43, 68.94, 0, 0
2.00, 5.70, 22.03, 22.03, -43.31, 20.00, 4.63, 14.44, 13.74, 69.54, 55.87, 32.07, -24.28, 63.01, 0, 0
2.00, 5.70, 22.41, 22.41, 569.69, 20.00, 4.63, 16.11, 15.42, 201.61, 89.97, 44.09, -8.51, 59.79, 0, 0
2.00, 5.70, 22.67, 22.67, 561.33, 20.00, 4.63, 17.22, 16.53, 102.52, 88.69, 56.48, 7.95, 59.73, 0, 0
2.00, 5.70, 22.97, 22.97, 799.80, 20.00, 4.63, 18.33, 17.64, 102.98, 103.79, 68.84, 23.77, 62.85, 0, 0
2.00, 5.70, 22.99, 22.99, 413.01, 20.00, 4.63, 18.33, 17.64, 15.46, 54.12, 80.95, 37.98, 68.70, 0, 0
2.00, 5.70, 22.94, 22.94, 264.04, 20.00, 4.63, 17.22, 16.53, 0.00, 35.04, 0.00, 50.34, 76.63, 0, 0
2.00, 5.70, 22.79, 22.79, 8.30, 20.00, 4.63, 16.11, 15.42, 0.00, 7.13, 0.00, 61.13, 86.03, 0, 0
2.00, 5.70, 22.68, 22.68, -21.94, 20.00, 4.63, 15.56, 14.86, 0.00, 0.00, 0.00, 0.00, 90.00, 0, 0
2.00, 5.70, 22.66, 22.66, 89.33, 20.00, 4.63, 14.44, 13.74, 0.00, 0.00, 0.00, 0.00, 90.00, 0, 0
2.00, 5.70, 22.63, 22.63, 55.06, 20.00, 4.63, 13.89, 13.20, 0.00, 0.00, 0.00, 0.00, 90.00, 0, 0
2.00, 5.70, 22.60, 22.60, 18.68, 20.00, 4.63, 13.33, 12.63, 0.00, 0.00, 0.00, 0.00, 90.00, 0, 0
2.00, 5.70, 22.55, 22.55, -19.13, 20.00, 4.63, 12.78, 12.07, 0.00, 0.00, 0.00, 0.00, 90.00, 0, 0
2.00, 5.70, 22.43, 22.43, -211.00, 20.00, 4.63, 12.22, 11.50, 0.00, 0.00, 0.00, 0.00, 90.00, 0, 0
2.00, 5.70, 22.23, 22.23, -433.68, 20.00, 4.63, 11.67, 10.96, 0.00, 0.00, 0.00, 0.00, 90.00, 0, 0
2.00, 5.70, 22.06, 22.06, -512.97, 20.00, 4.63, 11.11, 10.39, 0.00, 0.00, 0.00, 0.00, 90.00, 0, 0
2.00, 5.70, 21.89, 21.89, -585.49, 20.00, 4.63, 10.56, 9.83, 0.00, 0.00, 0.00, 0.00, 90.00, 0, 0
2.00, 5.70, 21.73, 21.73, -679.78, 20.00, 4.63, 9.44, 8.72, 0.00, 0.00, 0.00, 0.00, 90.00, 0, 0
2.00, 5.70, 21.58, 21.58, -748.36, 20.00, 4.63, 8.89, 8.17, 0.00, 0.00, 0.00, 0.00, 90.00, 0, 0
2.00, 5.70, 21.41, 21.41, -841.25, 20.00, 4.63, 7.78, 7.07, 0.00, 0.00, 0.00, 0.00, 90.00, 0, 0
2.00, 5.70, 21.26, 21.26, -909.79, 20.00, 4.63, 7.22, 6.50, 0.00, 0.00, 0.00, 0.00, 90.00, 0, 0
2.00, 5.70, 21.11, 21.11, -970.91, 20.00, 4.63, 6.67, 5.94, 0.00, 0.00, 0.00, 0.00, 90.00, 0, 0
2.00, 5.70, 21.03, 21.03, -896.23, 20.00, 4.63, 8.33, 7.61, 0.00, 11.09, 19.33, -61.34, 86.57, 0, 0
2.00, 5.70, 21.61, 21.61, 381.96, 20.00, 4.63, 11.11, 10.39, 499.08, 44.13, 15.27, -50.61, 77.14, 0, 0
2.00, 5.70, 22.03, 22.03, 474.90, 20.00, 4.63, 12.78, 12.07, 388.58, 62.41, 21.19, -38.34, 69.17, 0, 0
2.00, 5.70, 22.79, 22.79, 1408.27, 20.00, 4.63, 15.56, 14.84, 619.32, 102.61, 31.90, -24.24, 63.25, 0, 0
2.00, 5.70, 23.31, 23.31, 1394.97, 20.00, 4.63, 17.22, 16.51, 363.53, 105.65, 43.94, -8.52, 60.03, 0, 0
2.00, 5.70, 23.45, 23.45, 938.67, 20.00, 4.63, 17.78, 17.06, 109.67, 88.97, 56.33, 7.87, 59.97, 0, 0
2.00, 5.70, 23.44, 23.44, 686.82, 20.00, 4.63, 17.78, 17.06, 39.07, 73.46, 68.69, 23.64, 63.07, 0, 0
2.00, 5.70, 23.47, 23.47, 727.46, 20.00, 4.63, 17.78, 17.06, 41.52, 72.32, 80.79, 37.82, 68.89, 0, 0
2.00, 5.70, 23.37, 23.37, 447.15, 20.00, 4.63, 16.67, 15.97, 0.00, 37.73, 0.00, 50.16, 76.80, 0, 0
2.00, 5.70, 23.17, 23.17, 167.30, 20.00, 4.63, 15.56, 14.84, 0.00, 11.88, 0.00, 60.93, 86.17, 0, 0
2.00, 5.70, 23.00, 23.00, 76.18, 20.00, 4.63, 14.44, 13.73, 0.00, 0.00, 0.00, 0.00, 90.00, 0, 0
2.00, 5.70, 22.95, 22.95, 193.94, 20.00, 4.63, 13.89, 13.18, 0.00, 0.00, 0.00, 0.00, 90.00, 0, 0
2.00, 5.70, 22.89, 22.89, 146.97, 20.00, 4.63, 13.33, 12.62, 0.00, 0.00, 0.00, 0.00, 90.00, 0, 0
2.00, 5.70, 22.83, 22.83, 100.11, 20.00, 4.63, 12.78, 12.05, 0.00, 0.00, 0.00, 0.00, 90.00, 0, 0
2.00, 5.70, 22.76, 22.76, 28.08, 20.00, 4.63, 11.67, 10.94, 0.00, 0.00, 0.00, 0.00, 90.00, 0, 0
2.00, 5.70, 22.61, 22.61, -173.70, 20.00, 4.63, 11.11, 10.39, 0.00, 0.00, 0.00, 0.00, 90.00, 0, 0
2.00, 5.70, 22.39, 22.39, -405.34, 20.00, 4.63, 10.56, 9.83, 0.00, 0.00, 0.00, 0.00, 90.00, 0, 0
2.00, 5.70, 22.19, 22.19, -492.65, 20.00, 4.63, 10.00, 9.27, 0.00, 0.00, 0.00, 0.00, 90.00, 0, 0
2.00, 5.70, 22.02, 22.02, -572.41, 20.00, 4.63, 9.44, 8.72, 0.00, 0.00, 0.00, 0.00, 90.00, 0, 0
2.00, 5.70, 21.85, 21.85, -647.81, 20.00, 4.63, 8.89, 8.16, 0.00, 0.00, 0.00, 0.00, 90.00, 0, 0
2.00, 5.70, 21.69, 21.69, -720.42, 20.00, 4.63, 8.33, 7.59, 0.00, 0.00, 0.00, 0.00, 90.00, 0, 0
2.00, 5.70, 21.54, 21.54, -791.15, 20.00, 4.63, 7.78, 7.05, 0.00, 0.00, 0.00, 0.00, 90.00, 0, 0
2.00, 5.70, 21.39, 21.39, -860.89, 20.00, 4.63, 7.22, 6.49, 0.00, 0.00, 0.00, 0.00, 90.00, 0, 0
2.00, 5.70, 21.24, 21.24, -923.24, 20.00, 4.63, 6.67, 5.94, 0.00, 0.00, 0.00, 0.00, 90.00, 0, 0
2.00, 5.70, 21.11, 21.11, -967.41, 20.00, 4.63, 6.67, 5.94, 0.00, 2.38, 19.16, -61.20, 86.77, 0, 0
2.00, 5.70, 21.42, 21.42, -141.54, 20.00, 4.63, 8.89, 8.16, 304.66, 32.82, 15.03, -50.50, 77.35, 0, 0
2.00, 5.70, 21.56, 21.56, -243.66, 20.00, 4.63, 10.56, 9.83, 138.50, 47.29, 20.98, -38.25, 69.39, 0, 0
2.00, 5.70, 21.86, 21.86, 167.70, 20.00, 4.63, 12.22, 11.49, 224.51, 72.16, 31.73, -24.19, 63.49, 0, 0
2.00, 5.70, 22.22, 22.22, 467.10, 20.00, 4.63, 13.33, 12.62, 213.49, 89.77, 43.79, -8.54, 60.27, 0, 0
2.00, 5.70, 22.33, 22.33, 214.47, 20.00, 4.63, 13.89, 13.16, 61.46, 77.54, 56.18, 7.80, 60.20, 0, 0
2.00, 5.70, 22.33, 22.33, 40.70, 20.00, 4.63, 14.44, 13.73, 16.22, 56.93, 68.53, 23.51, 63.28, 0, 0
2.00, 5.70, 22.16, 22.16, -296.01, 20.00, 4.63, 12.78, 12.05, 0.20, 7.85, 80.62, 37.65, 69.07, 0, 0
2.00, 5.70, 21.99, 21.99, -421.04, 20.00, 4.63, 11.67, 10.94, 0.00, 6.34, 0.00, 49.98, 76.96, 0, 0
2.00, 5.70, 21.81, 21.81, -552.28, 20.00, 4.63, 10.56, 9.83, 0.00, 0.79, 0.00, 60.74, 86.31, 0, 0
2.00, 5.70, 21.70, 21.70, -518.81, 20.00, 4.63, 10.56, 9.83, 0.00, 0.00, 0.00, 0.00, 90.00, 0, 0
2.00, 5.70, 21.69, 21.69, -374.68, 20.00, 4.63, 10.00, 9.28, 0.00, 0.00, 0.00, 0.00, 90.00, 0, 0
2.00, 5.70, 21.67, 21.67, -379.05, 20.00, 4.63, 10.00, 9.27, 0.00, 0.00, 0.00, 0.00, 90.00, 0, 0
2.00, 5.70, 21.64, 21.64, -412.24, 20.00, 4.63, 9.44, 8.72, 0.00, 0.00, 0.00, 0.00, 90.00, 0, 0
2.00, 5.70, 21.60, 21.60, -449.53, 20.00, 4.63, 8.89, 8.16, 0.00, 0.00, 0.00, 0.00, 90.00, 0, 0
2.00, 5.70, 21.48, 21.48, -616.56, 20.00, 4.63, 8.89, 8.16, 0.00, 0.00, 0.00, 0.00, 90.00, 0, 0
2.00, 5.70, 21.28, 21.28, -839.11, 20.00, 4.63, 8.33, 7.59, 0.00, 0.00, 0.00, 0.00, 90.00, 0, 0
2.00, 5.70, 21.10, 21.10, -919.07, 20.00, 4.63, 7.78, 7.05, 0.00, 0.00, 0.00, 0.00, 90.00, 0, 0
2.00, 5.70, 20.93, 20.93, -992.98, 20.00, 4.63, 7.22, 6.49, 0.00, 0.00, 0.00, 0.00, 90.00, 0, 0
2.00, 5.70, 20.77, 20.77, -1063.44, 20.00, 4.63, 6.67, 5.92, 0.00, 0.00, 0.00, 0.00, 90.00, 0, 0
2.00, 5.70, 20.61, 20.61, -1131.74, 20.00, 4.63, 6.11, 5.38, 0.00, 0.00, 0.00, 0.00, 90.00, 0, 0
2.00, 5.70, 20.46, 20.46, -1198.98, 20.00, 4.63, 5.56, 4.81, 0.00, 0.00, 0.00, 0.00, 90.00, 0, 0
2.00, 5.70, 20.32, 20.32, -1239.22, 20.00, 4.63, 5.56, 4.81, 0.00, 0.00, 0.00, 0.00, 90.00, 0, 0
2.00, 5.70, 20.18, 20.18, -1295.08, 20.00, 4.63, 5.00, 4.25, 0.00, 0.00, 0.00, 0.00, 90.00, 0, 0
2.00, 5.70, 20.06, 20.06, -1304.31, 20.00, 4.63, 5.56, 4.81, 0.00, 3.17, 19.00, -61.07, 86.96, 0, 0
2.00, 5.70, 20.01, 20.01, -1220.12, 20.00, 4.63, 6.67, 5.92, 0.00, 17.42, 14.80, -50.39, 77.56, 0, 0
2.00, 5.70, 20.74, 20.74, 351.35, 20.00, 4.63, 10.00, 9.27, 601.59, 73.32, 20.78, -38.17, 69.62, 0, 0
2.00, 5.70, 21.40, 21.40, 678.52, 20.00, 4.63, 12.22, 11.49, 530.86, 87.56, 31.57, -24.16, 63.72, 0, 0
2.00, 5.70, 21.95, 21.95, 886.35, 20.00, 4.63, 14.44, 13.71, 374.52, 98.67, 43.64, -8.55, 60.50, 0, 0
2.00, 5.70, 22.35, 22.35, 927.21, 20.00, 4.63, 15.56, 14.82, 233.98, 104.74, 56.03, 7.72, 60.42, 0, 0
2.00, 5.70, 22.60, 22.60, 828.76, 20.00, 4.63, 16.67, 15.93, 137.74, 98.34, 68.38, 23.38, 63.48, 0, 0
2.00, 5.70, 22.65, 22.65, 570.69, 20.00, 4.63, 16.67, 15.95, 54.43, 73.91, 80.46, 37.49, 69.25, 0, 0
2.00, 5.70, 22.54, 22.54, 234.05, 20.00, 4.63, 15.56, 14.84, 0.00, 39.56, 0.00, 49.80, 77.11, 0, 0
2.00, 5.70, 22.31, 22.31, -103.15, 20.00, 4.63, 13.89, 13.16, 0.00, 9.50, 0.00, 60.55, 86.45, 0, 0
2.00, 5.70, 22.12, 22.12, -171.07, 20.00, 4.63, 13.33, 12.60, 0.00, 0.00, 0.00, 0.00, 90.00, 0, 0
2.00, 5.70, 22.06, 22.06, -57.39, 20.00, 4.63, 12.78, 12.05, 0.00, 0.00, 0.00, 0.00, 90.00, 0, 0
2.00, 5.70, 22.00, 22.00, -106.47, 20.00, 4.63, 12.22, 11.49, 0.00, 0.00, 0.00, 0.00, 90.00, 0, 0
2.00, 5.70, 21.93, 21.93, -153.93, 20.00, 4.63, 11.67, 10.94, 0.00, 0.00, 0.00, 0.00, 90.00, 0, 0
2.00, 5.70, 21.86, 21.86, -200.42, 20.00, 4.63, 11.11, 10.38, 0.00, 0.00, 0.00, 0.00, 90.00, 0, 0
2.00, 5.70, 21.72, 21.72, -399.23, 20.00, 4.63, 10.56, 9.81, 0.00, 0.00, 0.00, 0.00, 90.00, 0, 0
2.00, 5.70, 21.51, 21.51, -627.62, 20.00, 4.63, 10.00, 9.27, 0.00, 0.00, 0.00, 0.00, 90.00, 0, 0
2.00, 5.70, 21.32, 21.32, -711.74, 20.00, 4.63, 9.44, 8.70, 0.00, 0.00, 0.00, 0.00, 90.00, 0, 0
2.00, 5.70, 21.14, 21.14, -788.47, 20.00, 4.63, 8.89, 8.14, 0.00, 0.00, 0.00, 0.00, 90.00, 0, 0
2.00, 5.70, 20.98, 20.98, -860.67, 20.00, 4.63, 8.33, 7.59, 0.00, 0.00, 0.00, 0.00, 90.00, 0, 0
2.00, 5.70, 20.83, 20.83, -930.28, 20.00, 4.63, 7.78, 7.03, 0.00, 0.00, 0.00, 0.00, 90.00, 0, 0
2.00, 5.70, 20.68, 20.68, -998.24, 20.00, 4.63, 7.22, 6.47, 0.00, 0.00, 0.00, 0.00, 90.00, 0, 0
2.00, 5.70, 20.52, 20.52, -1091.22, 20.00, 4.63, 6.11, 5.38, 0.00, 0.00, 0.00, 0.00, 90.00, 0, 0
2.00, 5.70, 20.41, 20.41, -1077.94, 20.00, 4.63, 5.56, 4.81, 0.00, 0.00, 0.00, 0.00, 90.00, 0, 0
2.00, 5.70, 20.34, 20.34, -1037.38, 20.00, 4.63, 6.67, 5.92, 0.00, 7.13, 18.85, -60.94, 87.15, 0, 0
2.00, 5.70, 21.07, 21.07, 559.51, 20.00, 4.63, 9.44, 8.70, 653.36, 39.18, 14.57, -50.28, 77.77, 0, 0
2.00, 5.70, 21.82, 21.82, 1065.60, 20.00, 4.63, 12.22, 11.49, 681.23, 67.64, 20.58, -38.10, 69.83, 0, 0
2.00, 5.70, 22.32, 22.32, 1031.45, 20.00, 4.63, 13.89, 13.16, 455.33, 82.72, 31.40, -24.12, 63.95, 0, 0
2.00, 5.70, 22.70, 22.70, 1085.32, 20.00, 4.63, 15.00, 14.27, 303.69, 91.69, 43.48, -8.58, 60.73, 0, 0
2.00, 5.70, 23.02, 23.02, 1174.07, 20.00, 4.63, 16.67, 15.93, 203.75, 98.47, 55.88, 7.64, 60.64, 0, 0
2.00, 5.70, 23.20, 23.20, 1065.40, 20.00, 4.63, 17.22, 16.50, 125.52, 90.39, 68.22, 23.25, 63.68, 0, 0
2.00, 5.70, 23.24, 23.24, 830.61, 20.00, 4.63, 17.22, 16.50, 53.90, 71.67, 80.30, 37.33, 69.43, 0, 0
2.00, 5.70, 23.12, 23.12, 517.52, 20.00, 4.63, 16.11, 15.38, 0.00, 38.12, 0.00, 49.62, 77.26, 0, 0
2.00, 5.70, 22.89, 22.89, 170.61, 20.00, 4.63, 14.44, 13.73, 0.00, 9.50, 0.00, 60.35, 86.57, 0, 0
2.00, 5.70, 22.70, 22.70, 99.23, 20.00, 4.63, 13.89, 13.16, 0.00, 0.00, 0.00, 0.00, 90.00, 0, 0
2.00, 5.70, 22.64, 22.64, 209.87, 20.00, 4.63, 13.33, 12.60, 0.00, 0.00, 0.00, 0.00, 90.00, 0, 0
2.00, 5.70, 22.58, 22.58, 158.24, 20.00, 4.63, 12.78, 12.05, 0.00, 0.00, 0.00, 0.00, 90.00, 0, 0
2.00, 5.70, 22.52, 22.52, 108.25, 20.00, 4.63, 12.22, 11.49, 0.00, 0.00, 0.00, 0.00, 90.00, 0, 0
2.00, 5.70, 22.45, 22.45, 59.69, 20.00, 4.63, 11.67, 10.94, 0.00, 0.00, 0.00, 0.00, 90.00, 0, 0
2.00, 5.70, 22.29, 22.29, -190.61, 20.00, 4.63, 11.11, 10.38, 0.00, 0.00, 0.00, 0.00, 90.00, 0, 0
2.00, 5.70, 22.06, 22.06, -427.51, 20.00, 4.63, 10.56, 9.83, 0.00, 0.00, 0.00, 0.00, 90.00, 0, 0
2.00, 5.70, 21.86, 21.86, -518.44, 20.00, 4.63, 10.00, 9.27, 0.00, 0.00, 0.00, 0.00, 90.00, 0, 0
2.00, 5.70, 21.68, 21.68, -600.86, 20.00, 4.63, 9.44, 8.70, 0.00, 0.00, 0.00, 0.00, 90.00, 0, 0
2.00, 5.70, 21.51, 21.51, -678.00, 20.00, 4.63, 8.89, 8.16, 0.00, 0.00, 0.00, 0.00, 90.00, 0, 0
2.00, 5.70, 21.35, 21.35, -751.96, 20.00, 4.63, 8.33, 7.59, 0.00, 0.00, 0.00, 0.00, 90.00, 0, 0
2.00, 5.70, 21.19, 21.19, -823.70, 20.00, 4.63, 7.78, 7.05, 0.00, 0.00, 0.00, 0.00, 90.00, 0, 0
2.00, 5.70, 21.05, 21.05, -894.22, 20.00, 4.63, 7.22, 6.49, 0.00, 0.00, 0.00, 0.00, 90.00, 0, 0
2.00, 5.70, 20.94, 20.94, -882.34, 20.00, 4.63, 6.67, 5.94, 0.00, 0.00, 0.00, 0.00, 90.00, 0, 0
2.00, 5.70, 20.86, 20.86, -879.57, 20.00, 4.63, 7.22, 6.49, 0.00, 4.75, 18.71, -60.83, 87.35, 0, 0
2.00, 5.70, 20.89, 20.89, -670.24, 20.00, 4.63, 8.33, 7.61, 51.95, 22.26, 14.35, -50.18, 77.97, 0, 0
2.00, 5.70, 21.06, 21.06, -366.04, 20.00, 4.63, 10.00, 9.28, 110.40, 45.70, 20.39, -38.03, 70.05, 0, 0
2.00, 5.70, 21.36, 21.36, 20.75, 20.00, 4.63, 11.67, 10.96, 184.82, 67.61, 31.24, -24.10, 64.17, 0, 0
2.00, 5.70, 21.41, 21.41, -281.13, 20.00, 4.63, 12.22, 11.52, 14.16, 49.02, 43.33, -8.61, 60.96, 0, 0
2.00, 5.70, 21.43, 21.43, -304.36, 20.00, 4.63, 12.22, 11.52, 4.51, 48.62, 55.73, 7.55, 60.85, 0, 0
2.00, 5.70, 21.48, 21.48, -235.14, 20.00, 4.63, 12.78, 12.09, 10.67, 53.49, 68.07, 23.12, 63.87, 0, 0
2.00, 5.70, 21.48, 21.48, -295.77, 20.00, 4.63, 12.78, 12.09, 4.42, 40.57, 80.14, 37.17, 69.59, 0, 0
2.00, 5.70, 21.42, 21.42, -419.82, 20.00, 4.63, 12.22, 11.54, 0.00, 21.91, 0.00, 49.44, 77.40, 0, 0
2.00, 5.70, 21.30, 21.30, -569.68, 20.00, 4.63, 11.11, 10.43, 0.00, 5.54, 0.00, 60.16, 86.70, 0, 0
2.00, 5.70, 21.23, 21.23, -541.94, 20.00, 4.63, 11.11, 10.43, 0.00, 0.00, 0.00, 0.00, 90.00, 0, 0
2.00, 5.70, 21.27, 21.27, -362.91, 20.00, 4.63, 11.11, 10.43, 0.00, 0.00, 0.00, 0.00, 90.00, 0, 0
2.00, 5.70, 21.30, 21.30, -356.20, 20.00, 4.63, 11.11, 10.43, 0.00, 0.00, 0.00, 0.00, 90.00, 0, 0
2.00, 5.70, 21.31, 21.31, -353.78, 20.00, 4.63, 11.11, 10.43, 0.00, 0.00, 0.00, 0.00, 90.00, 0, 0
2.00, 5.70, 21.32, 21.32, -353.71, 20.00, 4.63, 11.11, 10.43, 0.00, 0.00, 0.00, 0.00, 90.00, 0, 0
2.00, 5.70, 21.22, 21.22, -557.34, 20.00, 4.63, 11.11, 10.43, 0.00, 0.00, 0.00, 0.00, 90.00, 0, 0
2.00, 5.70, 21.06, 21.06, -748.64, 20.00, 4.63, 11.11, 10.44, 0.00, 0.00, 0.00, 0.00, 90.00, 0, 0
2.00, 5.70, 20.92, 20.92, -794.42, 20.00, 4.63, 11.11, 10.43, 0.00, 0.00, 0.00, 0.00, 90.00, 0, 0
2.00, 5.70, 20.81, 20.81, -806.06, 20.00, 4.63, 11.67, 10.97, 0.00, 0.00, 0.00, 0.00, 90.00, 0, 0
2.00, 5.70, 20.72, 20.72, -835.15, 20.00, 4.63, 11.67, 10.99, 0.00, 0.00, 0.00, 0.00, 90.00, 0, 0
2.00, 5.70, 20.64, 20.64, -835.25, 20.00, 4.63, 12.22, 11.55, 0.00, 0.00, 0.00, 0.00, 90.00, 0, 0
2.00, 5.70, 20.57, 20.57, -855.81, 20.00, 4.63, 12.22, 11.55, 0.00, 0.00, 0.00, 0.00, 90.00, 0, 0
2.00, 5.70, 20.51, 20.51, -874.55, 20.00, 4.63, 12.22, 11.57, 0.00, 0.00, 0.00, 0.00, 90.00, 0, 0
2.00, 5.70, 20.46, 20.46, -859.06, 20.00, 4.63, 12.78, 12.12, 0.00, 0.00, 0.00, 0.00, 90.00, 0, 0
2.00, 5.70, 20.43, 20.43, -846.77, 20.00, 4.63, 13.33, 12.68, 0.00, 1.58, 18.57, -60.71, 87.53, 0, 0
2.00, 5.70, 20.43, 20.43, -789.44, 20.00, 4.63, 13.89, 13.24, 0.00, 11.09, 14.13, -50.09, 78.17, 0, 0
2.00, 5.70, 20.70, 20.70, -220.31, 20.00, 4.63, 16.11, 15.47, 160.13, 45.36, 20.19, -37.97, 70.26, 0, 0
2.00, 5.70, 20.75, 20.75, -483.09, 20.00, 4.63, 16.67, 16.01, 4.76, 27.55, 31.07, -24.07, 64.39, 0, 0
2.00, 5.70, 20.84, 20.84, -373.30, 20.00, 4.63, 17.22, 16.58, 6.36, 43.97, 43.18, -8.64, 61.17, 0, 0
2.00, 5.70, 21.04, 21.04, -91.72, 20.00, 4.63, 18.33, 17.69, 40.37, 66.20, 55.58, 7.47, 61.06, 0, 0
2.00, 5.70, 21.27, 21.27, 116.52, 20.00, 4.63, 19.44, 18.79, 53.59, 72.85, 67.92, 22.99, 64.05, 0, 0
2.00, 5.70, 21.40, 21.40, 41.20, 20.00, 4.63, 20.00, 19.35, 14.58, 52.57, 79.98, 37.01, 69.75, 0, 0
2.00, 5.70, 21.43, 21.43, -83.37, 20.00, 4.63, 19.44, 18.79, 0.00, 28.89, 0.00, 49.26, 77.54, 0, 0
2.00, 5.70, 21.39, 21.39, -222.06, 20.00, 4.63, 18.89, 18.24, 0.00, 7.92, 0.00, 59.98, 86.81, 0, 0
2.00, 5.70, 21.37, 21.37, -218.07, 20.00, 4.63, 18.33, 17.68, 0.00, 0.00, 0.00, 0.00, 90.00, 0, 0
2.00, 5.70, 21.44, 21.44, -50.97, 20.00, 4.63, 17.78, 17.11, 0.00, 0.00, 0.00, 0.00, 90.00, 0, 0
2.00, 5.70, 21.49, 21.49, -57.12, 20.00, 4.63, 17.22, 16.56, 0.00, 0.00, 0.00, 0.00, 90.00, 0, 0
2.00, 5.70, 21.52, 21.52, -69.28, 20.00, 4.63, 16.67, 16.00, 0.00, 0.00, 0.00, 0.00, 90.00, 0, 0
2.00, 5.70, 21.53, 21.53, -85.53, 20.00, 4.63, 16.11, 15.45, 0.00, 0.00, 0.00, 0.00, 90.00, 0, 0
2.00, 5.70, 21.46, 21.46, -258.03, 20.00, 4.63, 15.56, 14.89, 0.00, 0.00, 0.00, 0.00, 90.00, 0, 0
2.00, 5.70, 21.31, 21.31, -463.11, 20.00, 4.63, 15.00, 14.32, 0.00, 0.00, 0.00, 0.00, 90.00, 0, 0
2.00, 5.70, 21.18, 21.18, -525.89, 20.00, 4.63, 14.44, 13.78, 0.00, 0.00, 0.00, 0.00, 90.00, 0, 0
2.00, 5.70, 21.05, 21.05, -608.21, 20.00, 4.63, 13.33, 12.66, 0.00, 0.00, 0.00, 0.00, 90.00, 0, 0
2.00, 5.70, 20.93, 20.93, -664.74, 20.00, 4.63, 12.78, 12.10, 0.00, 0.00, 0.00, 0.00, 90.00, 0, 0
2.00, 5.70, 20.80, 20.80, -744.76, 20.00, 4.63, 11.67, 10.99, 0.00, 0.00, 0.00, 0.00, 90.00, 0, 0
2.00, 5.70, 20.67, 20.67, -826.48, 20.00, 4.63, 10.56, 9.88, 0.00, 0.00, 0.00, 0.00, 90.00, 0, 0
2.00, 5.70, 20.55, 20.55, -884.49, 20.00, 4.63, 10.00, 9.32, 0.00, 0.00, 0.00, 0.00, 90.00, 0, 0
2.00, 5.70, 20.42, 20.42, -960.54, 20.00, 4.63, 8.89, 8.21, 0.00, 0.00, 0.00, 0.00, 90.00, 0, 0
2.00, 5.70, 20.34, 20.34, -917.27, 20.00, 4.63, 10.00, 9.32, 0.00, 7.92, 18.44, -60.61, 87.72, 0, 0
2.00, 5.70, 20.89, 20.89, 312.88, 20.00, 4.63, 12.78, 12.09, 480.72, 37.19, 13.92, -50.01, 78.37, 0, 0
2.00, 5.70, 21.34, 21.34, 470.02, 20.00, 4.63, 14.44, 13.76, 399.70, 57.31, 20.00, -37.91, 70.47, 0, 0
2.00, 5.70, 22.09, 22.09, 1345.54, 20.00, 4.63, 17.22, 16.53, 607.03, 93.70, 30.91, -24.06, 64.60, 0, 0
2.00, 5.70, 22.70, 22.70, 1535.76, 20.00, 4.63, 18.89, 18.21, 438.09, 102.77, 43.03, -8.67, 61.39, 0, 0
2.00, 5.70, 23.04, 23.04, 1331.33, 20.00, 4.63, 20.00, 19.32, 217.36, 97.03, 55.43, 7.38, 61.26, 0, 0
2.00, 5.70, 23.24, 23.24, 1220.26, 20.00, 4.63, 20.56, 19.87, 129.87, 94.81, 67.77, 22.86, 64.23, 0, 0
2.00, 5.70, 23.23, 23.23, 867.48, 20.00, 4.63, 20.00, 19.32, 40.86, 63.20, 79.82, 36.85, 69.91, 0, 0
2.00, 5.70, 23.14, 23.14, 662.61, 20.00, 4.63, 19.44, 18.76, 0.00, 38.69, 0.00, 49.09, 77.67, 0, 0
2.00, 5.70, 22.92, 22.92, 307.10, 20.00, 4.63, 17.78, 17.10, 0.00, 7.13, 0.00, 59.79, 86.92, 0, 0
2.00, 5.70, 22.75, 22.75, 223.27, 20.00, 4.63, 16.67, 15.98, 0.00, 0.00, 0.00, 0.00, 90.00, 0, 0
2.00, 5.70, 22.70, 22.70, 337.66, 20.00, 4.63, 16.11, 15.42, 0.00, 0.00, 0.00, 0.00, 90.00, 0, 0
2.00, 5.70, 22.65, 22.65, 289.61, 20.00, 4.63, 15.56, 14.87, 0.00, 0.00, 0.00, 0.00, 90.00, 0, 0
2.00, 5.70, 22.60, 22.60, 243.02, 20.00, 4.63, 15.00, 14.31, 0.00, 0.00, 0.00, 0.00, 90.00, 0, 0
2.00, 5.70, 22.55, 22.55, 197.61, 20.00, 4.63, 14.44, 13.74, 0.00, 0.00, 0.00, 0.00, 90.00, 0, 0
2.00, 5.70, 22.42, 22.42, -0.02, 20.00, 4.63, 13.89, 13.18, 0.00, 0.00, 0.00, 0.00, 90.00, 0, 0
2.00, 5.70, 22.21, 22.21, -252.50, 20.00, 4.63, 12.78, 12.07, 0.00, 0.00, 0.00, 0.00, 90.00, 0, 0
2.00, 5.70, 22.03, 22.03, -337.56, 20.00, 4.63, 12.22, 11.52, 0.00, 0.00, 0.00, 0.00, 90.00, 0, 0
2.00, 5.70, 21.86, 21.86, -414.92, 20.00, 4.63, 11.67, 10.96, 0.00, 0.00, 0.00, 0.00, 90.00, 0, 0
2.00, 5.70, 21.71, 21.71, -487.56, 20.00, 4.63, 11.11, 10.41, 0.00, 0.00, 0.00, 0.00, 90.00, 0, 0
2.00, 5.70, 21.57, 21.57, -557.40, 20.00, 4.63, 10.56, 9.85, 0.00, 0.00, 0.00, 0.00, 90.00, 0, 0
2.00, 5.70, 21.42, 21.42, -651.09, 20.00, 4.63, 9.44, 8.74, 0.00, 0.00, 0.00, 0.00, 90.00, 0, 0
2.00, 5.70, 21.28, 21.28, -720.41, 20.00, 4.63, 8.89, 8.17, 0.00, 0.00, 0.00, 0.00, 90.00, 0, 0
2.00, 5.70, 21.14, 21.14, -782.15, 20.00, 4.63, 8.33, 7.61, 0.00, 0.00, 0.00, 0.00, 90.00, 0, 0
2.00, 5.70, 21.04, 21.04, -791.05, 20.00, 4.63, 8.89, 8.17, 0.00, 3.96, 18.32, -60.51, 87.90, 0, 0
2.00, 5.70, 21.01, 21.01, -692.56, 20.00, 4.63, 10.00, 9.28, 9.19, 18.10, 13.72, -49.93, 78.56, 0, 0
2.00, 5.70, 21.13, 21.13, -381.85, 20.00, 4.63, 11.11, 10.41, 96.47, 40.57, 19.81, -37.86, 70.67, 0, 0
2.00, 5.70, 21.18, 21.18, -422.30, 20.00, 4.63, 12.22, 11.52, 21.60, 43.58, 30.76, -24.05, 64.81, 0, 0
2.00, 5.70, 21.21, 21.21, -436.77, 20.00, 4.63, 12.78, 12.09, 3.24, 40.20, 42.89, -8.71, 61.59, 0, 0
2.00, 5.70, 21.22, 21.22, -440.72, 20.00, 4.63, 12.78, 12.09, 0.95, 40.30, 55.29, 7.29, 61.45, 0, 0
2.00, 5.70, 21.23, 21.23, -426.46, 20.00, 4.63, 12.78, 12.09, 2.59, 42.33, 67.62, 22.73, 64.41, 0, 0
2.00, 5.70, 21.21, 21.21, -481.91, 20.00, 4.63, 12.78, 12.09, 0.00, 25.34, 79.66, 36.69, 70.05, 0, 0
2.00, 5.70, 21.16, 21.16, -533.69, 20.00, 4.63, 12.22, 11.54, 0.00, 21.00, 0.00, 48.91, 77.79, 0, 0
2.00, 5.70, 21.07, 21.07, -661.14, 20.00, 4.63, 11.67, 10.97, 0.00, 2.38, 0.00, 59.61, 87.02, 0, 0
2.00, 5.70, 21.02, 21.02, -615.78, 20.00, 4.63, 11.67, 10.97, 0.00, 0.00, 0.00, 0.00, 90.00, 0, 0
2.00, 5.70, 21.06, 21.06, -457.08, 20.00, 4.63, 11.11, 10.43, 0.00, 0.00, 0.00, 0.00, 90.00, 0, 0
2.00, 5.70, 21.09, 21.09, -449.35, 20.00, 4.63, 11.11, 10.43, 0.00, 0.00, 0.00, 0.00, 90.00, 0, 0
2.00, 5.70, 21.10, 21.10, -446.73, 20.00, 4.63, 11.11, 10.43, 0.00, 0.00, 0.00, 0.00, 90.00, 0, 0
2.00, 5.70, 21.09, 21.09, -472.61, 20.00, 4.63, 10.56, 9.88, 0.00, 0.00, 0.00, 0.00, 90.00, 0, 0
2.00, 5.70, 21.01, 21.01, -629.90, 20.00, 4.63, 10.56, 9.88, 0.00, 0.00, 0.00, 0.00, 90.00, 0, 0
2.00, 5.70, 20.85, 20.85, -817.73, 20.00, 4.63, 10.56, 9.88, 0.00, 0.00, 0.00, 0.00, 90.00, 0, 0
2.00, 5.70, 20.72, 20.72, -861.52, 20.00, 4.63, 10.56, 9.86, 0.00, 0.00, 0.00, 0.00, 90.00, 0, 0
2.00, 5.70, 20.61, 20.61, -897.54, 20.00, 4.63, 10.56, 9.86, 0.00, 0.00, 0.00, 0.00, 90.00, 0, 0
2.00, 5.70, 20.50, 20.50, -928.48, 20.00, 4.63, 10.56, 9.88, 0.00, 0.00, 0.00, 0.00, 90.00, 0, 0
2.00, 5.70, 20.41, 20.41, -956.02, 20.00, 4.63, 10.56, 9.88, 0.00, 0.00, 0.00, 0.00, 90.00, 0, 0
2.00, 5.70, 20.32, 20.32, -980.98, 20.00, 4.63, 10.56, 9.88, 0.00, 0.00, 0.00, 0.00, 90.00, 0, 0
2.00, 5.70, 20.25, 20.25, -1003.98, 20.00, 4.63, 10.56, 9.88, 0.00, 0.00, 0.00, 0.00, 90.00, 0, 0
2.00, 5.70, 20.19, 20.19, -991.92, 20.00, 4.63, 11.11, 10.44, 0.00, 0.00, 0.00, 0.00, 90.00, 0, 0
2.00, 5.70, 20.13, 20.13, -1013.80, 20.00, 4.63, 11.11, 10.44, 0.00, 0.79, 0.00, -60.41, 88.09, 0, 0
2.00, 5.70, 20.10, 20.10, -966.54, 20.00, 4.63, 11.67, 11.01, 0.00, 9.50, 13.52, -49.85, 78.75, 0, 0
2.00, 5.70, 20.12, 20.12, -858.26, 20.00, 4.63, 12.78, 12.12, 0.00, 23.76, 19.63, -37.81, 70.87, 0, 0
2.00, 5.70, 20.12, 20.12, -888.86, 20.00, 4.63, 12.78, 12.12, 0.00, 14.26, 30.60, -24.04, 65.01, 0, 0
2.00, 5.70, 20.12, 20.12, -845.48, 20.00, 4.63, 12.78, 12.13, 0.00, 24.55, 42.74, -8.75, 61.79, 0, 0
2.00, 5.70, 20.15, 20.15, -795.15, 20.00, 4.63, 13.33, 12.68, 0.00, 28.51, 55.14, 7.19, 61.64, 0, 0
2.00, 5.70, 20.13, 20.13, -853.28, 20.00, 4.63, 13.33, 12.68, 0.00, 12.67, 67.47, 22.59, 64.57, 0, 0
2.00, 5.70, 20.12, 20.12, -834.56, 20.00, 4.63, 13.33, 12.68, 0.00, 12.67, 79.50, 36.54, 70.19, 0, 0
2.00, 5.70, 20.08, 20.08, -882.26, 20.00, 4.63, 12.78, 12.13, 0.00, 7.92, 0.00, 48.74, 77.91, 0, 0
2.00, 5.70, 20.03, 20.03, -914.67, 20.00, 4.63, 12.78, 12.13, 0.00, 2.38, 0.00, 59.43, 87.12, 0, 0
2.00, 5.70, 20.03, 20.03, -848.42, 20.00, 4.63, 12.78, 12.13, 0.00, 0.00, 0.00, 0.00, 90.00, 0, 0
2.00, 5.70, 20.12, 20.12, -646.77, 20.00, 4.63, 12.78, 12.13, 0.00, 0.00, 0.00, 0.00, 90.00, 0, 0
2.00, 5.70, 20.17, 20.17, -646.96, 20.00, 4.63, 12.22, 11.58, 0.00, 0.00, 0.00, 0.00, 90.00, 0, 0
2.00, 5.70, 20.21, 20.21, -631.27, 20.00, 4.63, 12.22, 11.58, 0.00, 0.00, 0.00, 0.00, 90.00, 0, 0
2.00, 5.70, 20.24, 20.24, -619.63, 20.00, 4.63, 12.22, 11.58, 0.00, 0.00, 0.00, 0.00, 90.00, 0, 0
2.00, 5.70, 20.19, 20.19, -763.54, 20.00, 4.63, 12.22, 11.58, 0.00, 0.00, 0.00, 0.00, 90.00, 0, 0
2.00, 5.70, 20.06, 20.06, -939.04, 20.00, 4.63, 12.22, 11.58, 0.00, 0.00, 0.00, 0.00, 90.00, 0, 0
2.00, 5.70, 19.96, 19.96, -971.25, 20.00, 4.63, 12.22, 11.57, 0.00, 0.00, 0.00, 0.00, 90.00, 0, 0
2.00, 5.70, 19.87, 19.87, -996.36, 20.00, 4.63, 12.22, 11.57, 0.00, 0.00, 0.00, 0.00, 90.00, 0, 0
2.00, 5.70, 19.79, 19.79, -1017.07, 20.00, 4.63, 12.22, 11.57, 0.00, 0.00, 0.00, 0.00, 90.00, 0, 0
2.00, 5.70, 19.72, 19.72, -1034.70, 20.00, 4.63, 12.22, 11.58, 0.00, 0.00, 0.00, 0.00, 90.00, 0, 0
2.00, 5.70, 19.66, 19.66, -1050.29, 20.00, 4.63, 12.22, 11.58, 0.00, 0.00, 0.00, 0.00, 90.00, 0, 0
2.00, 5.70, 19.60, 19.60, -1064.33, 20.00, 4.63, 12.22, 11.58, 0.00, 0.00, 0.00, 0.00, 90.00, 0, 0
2.00, 5.70, 20.00, 20.00, -1046.80, 20.00, 4.63, 12.22, 11.58, 0.00, 0.00, 0.00, 0.00, 90.00, 0, 0
2.00, 5.70, 20.00, 20.00, -1029.30, 20.00, 4.63, 12.78, 12.13, 0.00, 1.58, 0.00, -60.33, 88.26, 0, 0
2.00, 5.70, 20.00, 20.00, -990.06, 20.00, 4.63, 13.33, 12.68, 0.00, 6.34, 13.33, -49.79, 78.94, 0, 0
2.00, 5.70, 20.00, 20.00, -910.12, 20.00, 4.63, 13.89, 13.24, 0.00, 19.80, 19.45, -37.77, 71.07, 0, 0
2.00, 5.70, 20.00, 20.00, -846.62, 20.00, 4.63, 14.44, 13.80, 0.00, 26.14, 30.44, -24.04, 65.21, 0, 0
2.00, 5.70, 20.00, 20.00, -788.27, 20.00, 4.63, 15.00, 14.35, 0.00, 30.10, 42.59, -8.80, 61.99, 0, 0
2.00, 5.70, 20.00, 20.00, -780.04, 20.00, 4.63, 15.00, 14.35, 0.00, 27.72, 55.00, 7.10, 61.82, 0, 0
2.00, 5.70, 20.00, 20.00, -828.47, 20.00, 4.63, 15.00, 14.35, 0.00, 13.46, 67.32, 22.46, 64.73, 0, 0
2.00, 5.70, 20.00, 20.00, -860.83, 20.00, 4.63, 14.44, 13.79, 0.00, 6.34, 79.35, 36.38, 70.33, 0, 0
2.00, 5.70, 20.00, 20.00, -889.26, 20.00, 4.63, 14.44, 13.79, 0.00, 0.79, 0.00, 48.57, 78.02, 0, 0
2.00, 5.70, 20.00, 20.00, -917.94, 20.00, 4.63, 13.89, 13.23, 0.00, 0.79, 0.00, 59.25, 87.21, 0, 0
2.00, 5.70, 20.00, 20.00, -842.31, 20.00, 4.63, 13.89, 13.23, 0.00, 0.00, 0.00, 0.00, 90.00, 0, 0
2.00, 5.70, 20.01, 20.01, -638.06, 20.00, 4.63, 13.89, 13.23, 0.00, 0.00, 0.00, 0.00, 90.00, 0, 0
2.00, 5.70, 20.02, 20.02, -635.89, 20.00, 4.63, 13.33, 12.66, 0.00, 0.00, 0.00, 0.00, 90.00, 0, 0
2.00, 5.70, 20.03, 20.03, -617.91, 20.00, 4.63, 13.33, 12.66, 0.00, 0.00, 0.00, 0.00, 90.00, 0, 0
2.00, 5.70, 20.05, 20.05, -604.03, 20.00, 4.63, 13.33, 12.65, 0.00, 0.00, 0.00, 0.00, 90.00, 0, 0
2.00, 5.70, 19.99, 19.99, -745.52, 20.00, 4.63, 13.33, 12.65, 0.00, 0.00, 0.00, 0.00, 90.00, 0, 0
2.00, 5.70, 19.84, 19.84, -943.78, 20.00, 4.63, 12.78, 12.10, 0.00, 0.00, 0.00, 0.00, 90.00, 0, 0
2.00, 5.70, 19.72, 19.72, -1001.12, 20.00, 4.63, 12.22, 11.54, 0.00, 0.00, 0.00, 0.00, 90.00, 0, 0
2.00, 5.70, 19.59, 19.59, -1079.01, 20.00, 4.63, 11.11, 10.43, 0.00, 0.00, 0.00, 0.00, 90.00, 0, 0
2.00, 5.70, 19.45, 19.45, -1157.06, 20.00, 4.63, 10.00, 9.32, 0.00, 0.00, 0.00, 0.00, 90.00, 0, 0
2.00, 5.70, 19.31, 19.31, -1236.27, 20.00, 4.63, 8.89, 8.21, 0.00, 0.00, 0.00, 0.00, 90.00, 0, 0
2.00, 5.70, 19.18, 19.18, -1291.51, 20.00, 4.63, 8.33, 7.63, 0.00, 0.00, 0.00, 0.00, 90.00, 0, 0
2.00, 5.70, 19.05, 19.05, -1372.21, 20.00, 4.63, 7.22, 6.52, 0.00, 0.00, 0.00, 0.00, 90.00, 0, 0
2.00, 5.70, 20.00, 20.00, -1263.28, 20.00, 4.63, 6.11, 5.41, 0.00, 0.00, 0.00, 0.00, 90.00, 0, 0
2.00, 5.70, 20.00, 20.00, -1246.57, 20.00, 4.63, 6.67, 5.96, 0.00, 3.96, 0.00, -60.25, 88.44, 0, 0
2.00, 5.70, 20.00, 20.00, -1160.10, 20.00, 4.63, 7.78, 7.07, 0.00, 15.84, 13.14, -49.72, 79.13, 0, 0
2.00, 5.70, 20.00, 20.00, -1186.94, 20.00, 4.63, 7.78, 7.07, 0.00, 9.50, 19.27, -37.74, 71.26, 0, 0
2.00, 5.70, 20.00, 20.00, -642.22, 20.00, 4.63, 9.44, 8.74, 145.79, 56.75, 30.29, -24.04, 65.41, 0, 0
2.00, 5.70, 20.00, 20.00, -680.93, 20.00, 4.63, 10.56, 9.85, 51.61, 58.86, 42.45, -8.85, 62.18, 0, 0
2.00, 5.70, 20.04, 20.04, -496.61, 20.00, 4.63, 11.67, 10.96, 60.55, 69.47, 54.85, 7.00, 61.99, 0, 0
2.00, 5.70, 20.00, 20.00, -693.53, 20.00, 4.63, 11.67, 10.97, 7.70, 46.32, 67.17, 22.33, 64.88, 0, 0
2.00, 5.70, 20.00, 20.00, -677.22, 20.00, 4.63, 11.67, 10.97, 13.92, 43.95, 79.19, 36.22, 70.46, 0, 0
2.00, 5.70, 20.00, 20.00, -873.10, 20.00, 4.63, 11.11, 10.41, 0.00, 14.05, 0.00, 48.40, 78.12, 0, 0
2.00, 5.70, 20.00, 20.00, -989.90, 20.00, 4.63, 10.00, 9.30, 0.00, 3.17, 0.00, 59.08, 87.29, 0, 0
2.00, 5.70, 20.00, 20.00, -937.33, 20.00, 4.63, 10.00, 9.28, 0.00, 0.00, 0.00, 0.00, 90.00, 0, 0
2.00, 5.70, 20.00, 20.00, -781.69, 20.00, 4.63, 9.44, 8.74, 0.00, 0.00, 0.00, 0.00, 90.00, 0, 0
2.00, 5.70, 20.00, 20.00, -798.68, 20.00, 4.63, 8.89, 8.17, 0.00, 0.00, 0.00, 0.00, 90.00, 0, 0
2.00, 5.70, 20.00, 20.00, -795.86, 20.00, 4.63, 8.89, 8.17, 0.00, 0.00, 0.00, 0.00, 90.00, 0, 0
2.00, 5.70, 20.00, 20.00, -818.83, 20.00, 4.63, 8.33, 7.63, 0.00, 0.00, 0.00, 0.00, 90.00, 0, 0
2.00, 5.70, 19.76, 19.76, -1058.12, 20.00, 4.63, 7.78, 7.07, 0.00, 0.00, 0.00, 0.00, 90.00, 0, 0
2.00, 5.70, 19.50, 19.50, -1259.10, 20.00, 4.63, 7.78, 7.05, 0.00, 0.00, 0.00, 0.00, 90.00, 0, 0
2.00, 5.70, 19.28, 19.28, -1338.11, 20.00, 4.63, 7.22, 6.50, 0.00, 0.00, 0.00, 0.00, 90.00, 0, 0
2.00, 5.70, 19.10, 19.10, -1383.43, 20.00, 4.63, 7.22, 6.50, 0.00, 0.00, 0.00, 0.00, 90.00, 0, 0
2.00, 5.70, 18.93, 18.93, -1447.80, 20.00, 4.63, 6.67, 5.96, 0.00, 0.00, 0.00, 0.00, 90.00, 0, 0
2.00, 5.70, 18.79, 18.79, -1483.75, 20.00, 4.63, 6.67, 5.94, 0.00, 0.00, 0.00, 0.00, 90.00, 0, 0
2.00, 5.70, 18.66, 18.66, -1515.72, 20.00, 4.63, 6.67, 5.94, 0.00, 0.00, 0.00, 0.00, 90.00, 0, 0
2.00, 5.70, 18.54, 18.54, -1570.94, 20.00, 4.63, 6.11, 5.39, 0.00, 0.00, 0.00, 0.00, 90.00, 0, 0
2.00, 5.70, 20.00, 20.00, -1344.50, 20.00, 4.63, 6.11, 5.38, 0.00, 0.00, 0.00, 0.00, 90.00, 0, 0
2.00, 5.70, 20.00, 20.00, -1286.96, 20.00, 4.63, 7.22, 6.50, 0.00, 7.13, 0.00, -60.17, 88.61, 0, 0
2.00, 5.70, 20.33, 20.33, 204.40, 20.00, 4.63, 9.44, 8.72, 636.36, 34.24, 12.96, -49.67, 79.31, 0, 0
2.00, 5.70, 20.89, 20.89, 860.85, 20.00, 4.63, 12.22, 11.50, 742.15, 65.43, 19.10, -37.71, 71.44, 0, 0
2.00, 5.70, 21.30, 21.30, 890.21, 20.00, 4.63, 13.89, 13.18, 544.00, 81.24, 30.14, -24.05, 65.60, 0, 0
2.00, 5.70, 21.56, 21.56, 809.97, 20.00, 4.63, 15.56, 14.84, 319.07, 86.80, 42.30, -8.90, 62.36, 0, 0
2.00, 5.70, 21.82, 21.82, 936.36, 20.00, 4.63, 16.67, 15.95, 244.68, 94.37, 54.71, 6.91, 62.16, 0, 0
2.00, 5.70, 21.91, 21.91, 698.65, 20.00, 4.63, 17.22, 16.50, 120.55, 84.69, 67.03, 22.20, 65.03, 0, 0
2.00, 5.70, 21.78, 21.78, 288.02, 20.00, 4.63, 16.67, 15.95, 27.76, 53.30, 79.04, 36.07, 70.58, 0, 0
2.00, 5.70, 21.64, 21.64, 134.54, 20.00, 4.63, 16.11, 15.38, 0.00, 38.56, 0.00, 48.24, 78.22, 0, 0
2.00, 5.70, 21.40, 21.40, -189.25, 20.00, 4.63, 14.44, 13.73, 0.00, 9.50, 0.00, 58.90, 87.37, 0, 0
2.00, 5.70, 21.21, 21.21, -252.03, 20.00, 4.63, 13.89, 13.16, 0.00, 0.79, 0.00, 0.00, 90.00, 0, 0
2.00, 5.70, 21.16, 21.16, -128.29, 20.00, 4.63, 13.33, 12.60, 0.00, 0.00, 0.00, 0.00, 90.00, 0, 0
2.00, 5.70, 21.09, 21.09, -196.51, 20.00, 4.63, 12.22, 11.49, 0.00, 0.00, 0.00, 0.00, 90.00, 0, 0
2.00, 5.70, 21.03, 21.03, -240.97, 20.00, 4.63, 11.67, 10.94, 0.00, 0.00, 0.00, 0.00, 90.00, 0, 0
2.00, 5.70, 20.96, 20.96, -284.64, 20.00, 4.63, 11.11, 10.38, 0.00, 0.00, 0.00, 0.00, 90.00, 0, 0
2.00, 5.70, 20.80, 20.80, -530.32, 20.00, 4.63, 10.56, 9.81, 0.00, 0.00, 0.00, 0.00, 90.00, 0, 0
2.00, 5.70, 20.58, 20.58, -762.99, 20.00, 4.63, 10.00, 9.25, 0.00, 0.00, 0.00, 0.00, 90.00, 0, 0
2.00, 5.70, 20.37, 20.37, -875.53, 20.00, 4.63, 8.89, 8.14, 0.00, 0.00, 0.00, 0.00, 90.00, 0, 0
2.00, 5.70, 20.18, 20.18, -956.43, 20.00, 4.63, 8.33, 7.58, 0.00, 0.00, 0.00, 0.00, 90.00, 0, 0
2.00, 5.70, 20.00, 20.00, -1057.98, 20.00, 4.63, 7.22, 6.47, 0.00, 0.00, 0.00, 0.00, 90.00, 0, 0
2.00, 5.70, 19.83, 19.83, -1132.73, 20.00, 4.63, 6.67, 5.90, 0.00, 0.00, 0.00, 0.00, 90.00, 0, 0
2.00, 5.70, 19.65, 19.65, -1231.27, 20.00, 4.63, 5.56, 4.80, 0.00, 0.00, 0.00, 0.00, 90.00, 0, 0
2.00, 5.70, 19.49, 19.49, -1304.61, 20.00, 4.63, 5.00, 4.23, 0.00, 0.00, 0.00, 0.00, 90.00, 0, 0
2.00, 5.70, 20.00, 20.00, -1319.75, 20.00, 4.63, 3.89, 3.13, 0.00, 0.00, 0.00, 0.00, 90.00, 0, 0
2.00, 5.70, 20.00, 20.00, -1287.11, 20.00, 4.63, 5.00, 4.23, 0.00, 6.34, 0.00, -60.10, 88.79, 0, 0
2.00, 5.70, 20.32, 20.32, -58.30, 20.00, 4.63, 7.22, 6.47, 513.75, 31.88, 12.79, -49.62, 79.48, 0, 0
2.00, 5.70, 20.90, 20.90, 646.51, 20.00, 4.63, 9.44, 8.68, 672.61, 65.52, 18.92, -37.68, 71.63, 0, 0
2.00, 5.70, 21.34, 21.34, 744.43, 20.00, 4.63, 11.67, 10.90, 509.41, 81.82, 29.99, -24.06, 65.78, 0, 0
2.00, 5.70, 21.86, 21.86, 1145.64, 20.00, 4.63, 13.33, 12.58, 469.11, 101.79, 42.16, -8.95, 62.54, 0, 0
2.00, 5.70, 22.24, 22.24, 1159.97, 20.00, 4.63, 14.44, 13.69, 315.50, 101.78, 54.57, 6.81, 62.33, 0, 0
2.00, 5.70, 22.39, 22.39, 910.81, 20.00, 4.63, 15.00, 14.25, 174.69, 91.34, 66.88, 22.06, 65.17, 0, 0
2.00, 5.70, 22.38, 22.38, 612.74, 20.00, 4.63, 15.00, 14.25, 76.82, 68.61, 78.89, 35.92, 70.69, 0, 0
2.00, 5.70, 22.22, 22.22, 280.48, 20.00, 4.63, 14.44, 13.69, 0.00, 37.17, 0.00, 48.08, 78.31, 0, 0
2.00, 5.70, 21.93, 21.93, -115.08, 20.00, 4.63, 12.78, 12.03, 0.00, 7.13, 0.00, 58.73, 87.44, 0, 0
2.00, 5.70, 21.70, 21.70, -219.37, 20.00, 4.63, 11.67, 10.92, 0.00, 0.00, 0.00, 0.00, 90.00, 0, 0
2.00, 5.70, 21.59, 21.59, -123.83, 20.00, 4.63, 11.11, 10.36, 0.00, 0.00, 0.00, 0.00, 90.00, 0, 0
2.00, 5.70, 21.50, 21.50, -187.98, 20.00, 4.63, 10.56, 9.81, 0.00, 0.00, 0.00, 0.00, 90.00, 0, 0
2.00, 5.70, 21.40, 21.40, -248.69, 20.00, 4.63, 10.00, 9.25, 0.00, 0.00, 0.00, 0.00, 90.00, 0, 0
2.00, 5.70, 21.31, 21.31, -306.73, 20.00, 4.63, 9.44, 8.68, 0.00, 0.00, 0.00, 0.00, 90.00, 0, 0
2.00, 5.70, 21.15, 21.15, -515.77, 20.00, 4.63, 8.89, 8.14, 0.00, 0.00, 0.00, 0.00, 90.00, 0, 0
2.00, 5.70, 20.91, 20.91, -753.71, 20.00, 4.63, 8.33, 7.58, 0.00, 0.00, 0.00, 0.00, 90.00, 0, 0
2.00, 5.70, 20.71, 20.71, -846.52, 20.00, 4.63, 7.78, 7.01, 0.00, 0.00, 0.00, 0.00, 90.00, 0, 0
2.00, 5.70, 20.52, 20.52, -931.15, 20.00, 4.63, 7.22, 6.47, 0.00, 0.00, 0.00, 0.00, 90.00, 0, 0
2.00, 5.70, 20.34, 20.34, -1010.98, 20.00, 4.63, 6.67, 5.90, 0.00, 0.00, 0.00, 0.00, 90.00, 0, 0
2.00, 5.70, 20.18, 20.18, -1087.52, 20.00, 4.63, 6.11, 5.36, 0.00, 0.00, 0.00, 0.00, 90.00, 0, 0
2.00, 5.70, 20.02, 20.02, -1162.11, 20.00, 4.63, 5.56, 4.80, 0.00, 0.00, 0.00, 0.00, 90.00, 0, 0
2.00, 5.70, 19.86, 19.86, -1235.40, 20.00, 4.63, 5.00, 4.23, 0.00, 0.00, 0.00, 0.00, 90.00, 0, 0
2.00, 5.70, 20.00, 20.00, -1282.48, 20.00, 4.63, 4.44, 3.69, 0.00, 0.00, 0.00, 0.00, 90.00, 0, 0
2.00, 5.70, 20.00, 20.00, -1286.87, 20.00, 4.63, 5.00, 4.23, 0.00, 3.17, 0.00, -60.04, 88.95, 0, 0
2.00, 5.70, 20.24, 20.24, -388.30, 20.00, 4.63, 7.22, 6.47, 350.94, 27.56, 12.62, -49.57, 79.66, 0, 0
2.00, 5.70, 20.47, 20.47, -249.42, 20.00, 4.63, 8.89, 8.14, 289.58, 47.70, 18.76, -37.66, 71.81, 0, 0
2.00, 5.70, 20.93, 20.93, 379.41, 20.00, 4.63, 11.11, 10.36, 435.16, 75.77, 29.84, -24.08, 65.96, 0, 0
2.00, 5.70, 21.45, 21.45, 770.92, 20.00, 4.63, 12.78, 12.03, 404.66, 92.17, 42.02, -9.01, 62.71, 0, 0
2.00, 5.70, 21.71, 21.71, 562.97, 20.00, 4.63, 13.89, 13.14, 195.59, 86.17, 54.43, 6.71, 62.48, 0, 0
2.00, 5.70, 21.79, 21.79, 351.59, 20.00, 4.63, 14.44, 13.69, 93.52, 75.95, 66.74, 21.93, 65.30, 0, 0
2.00, 5.70, 21.83, 21.83, 287.65, 20.00, 4.63, 14.44, 13.71, 62.26, 67.01, 78.74, 35.77, 70.80, 0, 0
2.00, 5.70, 21.75, 21.75, 44.16, 20.00, 4.63, 13.89, 13.14, 0.00, 37.39, 0.00, 47.91, 78.40, 0, 0
2.00, 5.70, 21.53, 21.53, -312.94, 20.00, 4.63, 12.22, 11.49, 0.00, 8.71, 0.00, 58.57, 87.51, 0, 0
2.00, 5.70, 21.35, 21.35, -380.35, 20.00, 4.63, 11.67, 10.92, 0.00, 0.79, 0.00, 0.00, 90.00, 0, 0
2.00, 5.70, 21.29, 21.29, -262.16, 20.00, 4.63, 11.11, 10.38, 0.00, 0.00, 0.00, 0.00, 90.00, 0, 0
2.00, 5.70, 21.23, 21.23, -312.24, 20.00, 4.63, 10.56, 9.83, 0.00, 0.00, 0.00, 0.00, 90.00, 0, 0
2.00, 5.70, 21.18, 21.18, -336.31, 20.00, 4.63, 10.56, 9.81, 0.00, 0.00, 0.00, 0.00, 90.00, 0, 0
2.00, 5.70, 21.12, 21.12, -382.88, 20.00, 4.63, 10.00, 9.27, 0.00, 0.00, 0.00, 0.00, 90.00, 0, 0
2.00, 5.70, 20.98, 20.98, -582.59, 20.00, 4.63, 9.44, 8.70, 0.00, 0.00, 0.00, 0.00, 90.00, 0, 0
2.00, 5.70, 20.77, 20.77, -812.24, 20.00, 4.63, 8.89, 8.16, 0.00, 0.00, 0.00, 0.00, 90.00, 0, 0
2.00, 5.70, 20.58, 20.58, -897.83, 20.00, 4.63, 8.33, 7.59, 0.00, 0.00, 0.00, 0.00, 90.00, 0, 0
2.00, 5.70, 20.42, 20.42, -950.25, 20.00, 4.63, 8.33, 7.58, 0.00, 0.00, 0.00, 0.00, 90.00, 0, 0
2.00, 5.70, 20.26, 20.26, -1021.66, 20.00, 4.63, 7.78, 7.03, 0.00, 0.00, 0.00, 0.00, 90.00, 0, 0
2.00, 5.70, 20.11, 20.11, -1090.67, 20.00, 4.63, 7.22, 6.49, 0.00, 0.00, 0.00, 0.00, 90.00, 0, 0
2.00, 5.70, 19.97, 19.97, -1158.26, 20.00, 4.63, 6.67, 5.92, 0.00, 0.00, 0.00, 0.00, 90.00, 0, 0
2.00, 5.70, 19.84, 19.84, -1198.76, 20.00, 4.63, 6.67, 5.92, 0.00, 0.00, 0.00, 0.00, 90.00, 0, 0
2.00, 5.70, 20.00, 20.00, -1244.59, 20.00, 4.63, 6.11, 5.38, 0.00, 0.00, 0.00, 0.00, 90.00, 0, 0
2.00, 5.70, 20.00, 20.00, -1270.39, 20.00, 4.63, 6.11, 5.38, 0.00, 2.38, 0.00, -59.98, 89.12, 0, 0
2.00, 5.70, 20.00, 20.00, -1210.99, 20.00, 4.63, 7.22, 6.49, 0.00, 10.30, 12.46, -49.53, 79.83, 0, 0
2.00, 5.70, 20.00, 20.00, -1240.51, 20.00, 4.63, 7.22, 6.49, 0.00, 6.34, 18.59, -37.65, 71.98, 0, 0
2.00, 5.70, 20.00, 20.00, -1171.56, 20.00, 4.63, 7.78, 7.05, 0.00, 21.38, 29.69, -24.10, 66.13, 0, 0
2.00, 5.70, 20.00, 20.00, -1192.02, 20.00, 4.63, 7.78, 7.05, 0.00, 17.42, 41.88, -9.08, 62.88, 0, 0
2.00, 5.70, 20.00, 20.00, -1159.78, 20.00, 4.63, 8.33, 7.59, 0.00, 21.38, 54.29, 6.60, 62.63, 0, 0
2.00, 5.70, 20.00, 20.00, -970.72, 20.00, 4.63, 8.89, 8.16, 17.72, 48.97, 66.59, 21.80, 65.43, 0, 0
2.00, 5.70, 20.00, 20.00, -949.23, 20.00, 4.63, 9.44, 8.72, 10.14, 40.46, 78.59, 35.62, 70.90, 0, 0
2.00, 5.70, 20.00, 20.00, -1080.82, 20.00, 4.63, 9.44, 8.72, 0.00, 14.89, 0.00, 47.76, 78.48, 0, 0
2.00, 5.70, 20.00, 20.00, -1166.99, 20.00, 4.63, 8.89, 8.16, 0.00, 3.96, 0.00, 58.40, 87.57, 0, 0
2.00, 5.70, 20.00, 20.00, -1137.28, 20.00, 4.63, 8.33, 7.61, 0.00, 0.00, 0.00, 0.00, 90.00, 0, 0
2.00, 5.70, 20.00, 20.00, -956.96, 20.00, 4.63, 8.33, 7.59, 0.00, 0.00, 0.00, 0.00, 90.00, 0, 0
2.00, 5.70, 20.00, 20.00, -972.87, 20.00, 4.63, 7.78, 7.05, 0.00, 0.00, 0.00, 0.00, 90.00, 0, 0
2.00, 5.70, 20.00, 20.00, -969.54, 20.00, 4.63, 7.78, 7.05, 0.00, 0.00, 0.00, 0.00, 90.00, 0, 0
2.00, 5.70, 20.00, 20.00, -992.62, 20.00, 4.63, 7.22, 6.49, 0.00, 0.00, 0.00, 0.00, 90.00, 0, 0
2.00, 5.70, 19.79, 19.79, -1155.52, 20.00, 4.63, 7.22, 6.49, 0.00, 0.00, 0.00, 0.00, 90.00, 0, 0
2.00, 5.70, 19.53, 19.53, -1374.01, 20.00, 4.63, 6.67, 5.94, 0.00, 0.00, 0.00, 0.00, 90.00, 0, 0
2.00, 5.70, 19.32, 19.32, -1423.87, 20.00, 4.63, 6.67, 5.92, 0.00, 0.00, 0.00, 0.00, 90.00, 0, 0
2.00, 5.70, 19.13, 19.13, -1490.97, 20.00, 4.63, 6.11, 5.38, 0.00, 0.00, 0.00, 0.00, 90.00, 0, 0
2.00, 5.70, 18.96, 18.96, -1554.90, 20.00, 4.63, 5.56, 4.81, 0.00, 0.00, 0.00, 0.00, 90.00, 0, 0
2.00, 5.70, 18.81, 18.81, -1590.48, 20.00, 4.63, 5.56, 4.81, 0.00, 0.00, 0.00, 0.00, 90.00, 0, 0
2.00, 5.70, 18.66, 18.66, -1648.83, 20.00, 4.63, 5.00, 4.27, 0.00, 0.00, 0.00, 0.00, 90.00, 0, 0
2.00, 5.70, 18.53, 18.53, -1680.66, 20.00, 4.63, 5.00, 4.27, 0.00, 0.00, 0.00, 0.00, 90.00, 0, 0
2.00, 5.70, 20.00, 20.00, -1551.80, 20.00, 4.63, 4.44, 3.71, 0.00, 0.00, 0.00, 0.00, 90.00, 0, 0
2.00, 5.70, 20.00, 20.00, -1549.18, 20.00, 4.63, 5.00, 4.25, 0.00, 1.58, 0.00, -59.93, 89.28, 0, 0
2.00, 5.70, 20.00, 20.00, -1509.86, 20.00, 4.63, 5.56, 4.81, 0.00, 8.71, 12.30, -49.50, 80.00, 0, 0
2.00, 5.70, 20.00, 20.00, -1454.61, 20.00, 4.63, 6.11, 5.38, 0.00, 18.22, 18.43, -37.64, 72.15, 0, 0
2.00, 5.70, 20.00, 20.00, -1351.99, 20.00, 4.63, 6.67, 5.94, 4.95, 35.48, 29.54, -24.12, 66.30, 0, 0
2.00, 5.70, 20.00, 20.00, -1238.12, 20.00, 4.63, 7.78, 7.05, 10.41, 45.39, 41.74, -9.14, 63.04, 0, 0
2.00, 5.70, 20.00, 20.00, -1215.71, 20.00, 4.63, 8.33, 7.61, 4.25, 43.19, 54.15, 6.50, 62.77, 0, 0
2.00, 5.70, 20.00, 20.00, -1262.85, 20.00, 4.63, 8.33, 7.61, 0.00, 30.89, 66.45, 21.67, 65.55, 0, 0
2.00, 5.70, 20.00, 20.00, -1328.40, 20.00, 4.63, 7.78, 7.05, 0.00, 14.26, 78.44, 35.47, 71.00, 0, 0
2.00, 5.70, 20.00, 20.00, -1400.11, 20.00, 4.63, 7.22, 6.50, 0.00, 3.96, 89.90, 47.60, 78.55, 0, 0
2.00, 5.70, 20.00, 20.00, -1449.03, 20.00, 4.63, 6.67, 5.94, 0.00, 0.79, 0.00, 58.24, 87.62, 0, 0
2.00, 5.70, 20.00, 20.00, -1376.93, 20.00, 4.63, 6.67, 5.94, 0.00, 0.00, 0.00, 0.00, 90.00, 0, 0
2.00, 5.70, 20.00, 20.00, -1190.62, 20.00, 4.63, 6.67, 5.94, 0.00, 0.00, 0.00, 0.00, 90.00, 0, 0
2.00, 5.70, 20.00, 20.00, -1177.45, 20.00, 4.63, 6.67, 5.94, 0.00, 0.00, 0.00, 0.00, 90.00, 0, 0
2.00, 5.70, 20.00, 20.00, -1193.37, 20.00, 4.63, 6.11, 5.38, 0.00, 0.00, 0.00, 0.00, 90.00, 0, 0
2.00, 5.70, 20.00, 20.00, -1188.19, 20.00, 4.63, 6.11, 5.38, 0.00, 0.00, 0.00, 0.00, 90.00, 0, 0
2.00, 5.70, 19.61, 19.61, -1375.40, 20.00, 4.63, 6.11, 5.38, 0.00, 0.00, 0.00, 0.00, 90.00, 0, 0
2.00, 5.70, 19.23, 19.23, -1583.19, 20.00, 4.63, 6.11, 5.38, 0.00, 0.00, 0.00, 0.00, 90.00, 0, 0
2.00, 5.70, 18.93, 18.93, -1666.28, 20.00, 4.63, 5.56, 4.81, 0.00, 0.00, 0.00, 0.00, 90.00, 0, 0
2.00, 5.70, 18.68, 18.68, -1713.05, 20.00, 4.63, 5.56, 4.81, 0.00, 0.00, 0.00, 0.00, 90.00, 0, 0
2.00, 5.70, 18.48, 18.48, -1751.30, 20.00, 4.63, 5.56, 4.81, 0.00, 0.00, 0.00, 0.00, 90.00, 0, 0
2.00, 5.70, 18.30, 18.30, -1809.96, 20.00, 4.63, 5.00, 4.27, 0.00, 0.00, 0.00, 0.00, 90.00, 0, 0
2.00, 5.70, 18.15, 18.15, -1840.64, 20.00, 4.63, 5.00, 4.25, 0.00, 0.00, 0.00, 0.00, 90.00, 0, 0
2.00, 5.70, 18.00, 18.00, -1894.15, 20.00, 4.63, 4.44, 3.71, 0.00, 0.00, 0.00, 0.00, 90.00, 0, 0
2.00, 5.70, 20.00, 20.00, -1655.92, 20.00, 4.63, 4.44, 3.71, 0.00, 0.00, 0.00, 0.00, 90.00, 0, 0
2.00, 5.70, 20.00, 20.00, -1676.51, 20.00, 4.63, 4.44, 3.72, 0.00, 0.79, 0.00, -59.88, 89.44, 0, 0
2.00, 5.70, 20.00, 20.00, -1650.07, 20.00, 4.63, 5.00, 4.27, 0.00, 3.96, 12.16, -49.48, 80.16, 0, 0
2.00, 5.70, 20.00, 20.00, -1445.82, 20.00, 4.63, 6.11, 5.39, 29.69, 30.28, 18.27, -37.64, 72.32, 0, 0
2.00, 5.70, 20.00, 20.00, -1322.58, 20.00, 4.63, 7.78, 7.05, 19.89, 42.13, 29.40, -24.15, 66.46, 0, 0
2.00, 5.70, 20.00, 20.00, -1335.89, 20.00, 4.63, 8.33, 7.61, 1.75, 35.55, 41.60, -9.21, 63.19, 0, 0
2.00, 5.70, 20.00, 20.00, -1304.12, 20.00, 4.63, 8.33, 7.63, 2.15, 40.21, 54.01, 6.40, 62.91, 0, 0
2.00, 5.70, 20.00, 20.00, -1225.82, 20.00, 4.63, 8.89, 8.17, 8.54, 45.57, 66.31, 21.53, 65.66, 0, 0
2.00, 5.70, 20.00, 20.00, -1091.46, 20.00, 4.63, 9.44, 8.74, 25.41, 49.17, 78.30, 35.32, 71.09, 0, 0
2.00, 5.70, 20.00, 20.00, -1258.23, 20.00, 4.63, 8.89, 8.19, 0.19, 21.78, 89.75, 47.44, 78.61, 0, 0
2.00, 5.70, 20.00, 20.00, -1368.08, 20.00, 4.63, 8.33, 7.63, 0.00, 3.96, 0.00, 58.08, 87.67, 0, 0
2.00, 5.70, 20.00, 20.00, -1309.13, 20.00, 4.63, 8.33, 7.63, 0.00, 0.00, 0.00, 0.00, 90.00, 0, 0
2.00, 5.70, 20.00, 20.00, -1122.06, 20.00, 4.63, 8.33, 7.63, 0.00, 0.00, 0.00, 0.00, 90.00, 0, 0
2.00, 5.70, 20.00, 20.00, -1106.84, 20.00, 4.63, 8.33, 7.63, 0.00, 0.00, 0.00, 0.00, 90.00, 0, 0
2.00, 5.70, 20.00, 20.00, -1095.50, 20.00, 4.63, 8.33, 7.63, 0.00, 0.00, 0.00, 0.00, 90.00, 0, 0
2.00, 5.70, 20.00, 20.00, -1110.52, 20.00, 4.63, 7.78, 7.08, 0.00, 0.00, 0.00, 0.00, 90.00, 0, 0
2.00, 5.70, 19.61, 19.61, -1298.65, 20.00, 4.63, 7.78, 7.07, 0.00, 0.00, 0.00, 0.00, 90.00, 0, 0
2.00, 5.70, 19.24, 19.24, -1505.31, 20.00, 4.63, 7.78, 7.07, 0.00, 0.00, 0.00, 0.00, 90.00, 0, 0
2.00, 5.70, 18.96, 18.96, -1559.82, 20.00, 4.63, 7.78, 7.07, 0.00, 0.00, 0.00, 0.00, 90.00, 0, 0
2.00, 5.70, 18.73, 18.73, -1601.13, 20.00, 4.63, 7.78, 7.08, 0.00, 0.00, 0.00, 0.00, 90.00, 0, 0
2.00, 5.70, 18.55, 18.55, -1633.91, 20.00, 4.63, 7.78, 7.08, 0.00, 0.00, 0.00, 0.00, 90.00, 0, 0
2.00, 5.70, 18.40, 18.40, -1660.77, 20.00, 4.63, 7.78, 7.08, 0.00, 0.00, 0.00, 0.00, 90.00, 0, 0
2.00, 5.70, 18.27, 18.27, -1683.54, 20.00, 4.63, 7.78, 7.07, 0.00, 0.00, 0.00, 0.00, 90.00, 0, 0
2.00, 5.70, 18.16, 18.16, -1703.23, 20.00, 4.63, 7.78, 7.07, 0.00, 0.00, 0.00, 0.00, 90.00, 0, 0
2.00, 5.70, 20.00, 20.00, -1398.04, 20.00, 4.63, 7.78, 7.07, 0.00, 0.00, 0.00, 0.00, 90.00, 0, 0
2.00, 5.70, 20.00, 20.00, -1370.33, 20.00, 4.63, 8.33, 7.63, 0.00, 3.17, 0.00, -59.85, 89.60, 0, 0
2.00, 5.70, 20.00, 20.00, -1027.30, 20.00, 4.63, 10.00, 9.28, 98.73, 21.89, 12.02, -49.45, 80.32, 0, 0
2.00, 5.70, 20.00, 20.00, -705.75, 20.00, 4.63, 11.67, 10.96, 160.53, 45.83, 18.11, -37.65, 72.48, 0, 0
2.00, 5.70, 20.11, 20.11, -190.97, 20.00, 4.63, 13.33, 12.62, 294.41, 69.77, 29.26, -24.19, 66.62, 0, 0
2.00, 5.70, 20.00, 20.00, -748.93, 20.00, 4.63, 13.33, 12.62, 19.36, 38.61, 41.47, -9.28, 63.34, 0, 0
2.00, 5.70, 20.00, 20.00, -797.72, 20.00, 4.63, 13.33, 12.62, 0.00, 37.23, 53.87, 6.29, 63.04, 0, 0
2.00, 5.70, 20.00, 20.00, -861.22, 20.00, 4.63, 12.78, 12.07, 0.00, 26.93, 66.17, 21.40, 65.77, 0, 0
2.00, 5.70, 20.00, 20.00, -881.16, 20.00, 4.63, 12.78, 12.05, 0.00, 22.18, 78.15, 35.17, 71.17, 0, 0
2.00, 5.70, 20.00, 20.00, -943.26, 20.00, 4.63, 12.22, 11.50, 0.00, 12.67, 89.60, 47.29, 78.67, 0, 0
2.00, 5.70, 20.00, 20.00, -1013.28, 20.00, 4.63, 11.67, 10.94, 0.00, 2.38, 0.00, 57.93, 87.71, 0, 0
2.00, 5.70, 20.00, 20.00, -972.33, 20.00, 4.63, 11.11, 10.38, 0.00, 0.00, 0.00, 0.00, 90.00, 0, 0
2.00, 5.70, 20.00, 20.00, -808.60, 20.00, 4.63, 10.56, 9.83, 0.00, 0.00, 0.00, 0.00, 90.00, 0, 0
2.00, 5.70, 20.00, 20.00, -794.39, 20.00, 4.63, 10.56, 9.81, 0.00, 0.00, 0.00, 0.00, 90.00, 0, 0
2.00, 5.70, 20.00, 20.00, -808.07, 20.00, 4.63, 10.00, 9.27, 0.00, 0.00, 0.00, 0.00, 90.00, 0, 0
2.00, 5.70, 20.00, 20.00, -825.22, 20.00, 4.63, 9.44, 8.70, 0.00, 0.00, 0.00, 0.00, 90.00, 0, 0
2.00, 5.70, 19.73, 19.73, -1050.57, 20.00, 4.63, 9.44, 8.68, 0.00, 0.00, 0.00, 0.00, 90.00, 0, 0
2.00, 5.70, 19.43, 19.43, -1281.07, 20.00, 4.63, 8.89, 8.14, 0.00, 0.00, 0.00, 0.00, 90.00, 0, 0
2.00, 5.70, 19.17, 19.17, -1388.84, 20.00, 4.63, 7.78, 7.03, 0.00, 0.00, 0.00, 0.00, 90.00, 0, 0
2.00, 5.70, 18.93, 18.93, -1489.07, 20.00, 4.63, 6.67, 5.92, 0.00, 0.00, 0.00, 0.00, 90.00, 0, 0
2.00, 5.70, 18.71, 18.71, -1585.67, 20.00, 4.63, 5.56, 4.80, 0.00, 0.00, 0.00, 0.00, 90.00, 0, 0
2.00, 5.70, 18.50, 18.50, -1680.62, 20.00, 4.63, 4.44, 3.69, 0.00, 0.00, 0.00, 0.00, 90.00, 0, 0
2.00, 5.70, 18.31, 18.31, -1748.91, 20.00, 4.63, 3.89, 3.13, 0.00, 0.00, 0.00, 0.00, 90.00, 0, 0
2.00, 5.70, 18.12, 18.12, -1841.99, 20.00, 4.63, 2.78, 2.00, 0.00, 0.00, 0.00, 0.00, 90.00, 0, 0
2.00, 5.70, 20.00, 20.00, -1591.35, 20.00, 4.63, 1.67, 0.89, 0.00, 0.00, 0.00, 0.00, 90.00, 0, 0
2.00, 5.70, 20.00, 20.00, -1607.34, 20.00, 4.63, 1.67, 0.89, 0.00, 3.96, 0.00, -59.81, 89.75, 0, 0
2.00, 5.70, 20.00, 20.00, -1333.57, 20.00, 4.63, 3.33, 2.56, 77.17, 19.76, 11.88, -49.44, 80.48, 0, 0
2.00, 5.70, 20.06, 20.06, -262.67, 20.00, 4.63, 6.11, 5.34, 485.24, 57.52, 17.96, -37.65, 72.63, 0, 0
2.00, 5.70, 20.43, 20.43, 371.15, 20.00, 4.63, 8.89, 8.12, 593.39, 80.97, 29.12, -24.23, 66.77, 0, 0
2.00, 5.70, 20.75, 20.75, 475.10, 20.00, 4.63, 10.56, 9.81, 423.69, 88.60, 41.33, -9.36, 63.48, 0, 0
2.00, 5.70, 21.00, 21.00, 520.73, 20.00, 4.63, 12.22, 11.47, 288.17, 90.23, 53.74, 6.18, 63.16, 0, 0
2.00, 5.70, 21.07, 21.07, 278.29, 20.00, 4.63, 12.78, 12.03, 145.04, 85.53, 66.03, 21.27, 65.87, 0, 0
2.00, 5.70, 20.94, 20.94, -101.05, 20.00, 4.63, 12.78, 12.03, 45.34, 55.62, 78.01, 35.03, 71.25, 0, 0
2.00, 5.70, 20.72, 20.72, -404.40, 20.00, 4.63, 11.11, 10.38, 1.77, 30.72, 89.45, 47.14, 78.73, 0, 0
2.00, 5.70, 20.42, 20.42, -715.67, 20.00, 4.63, 9.44, 8.70, 0.00, 8.71, 0.00, 57.78, 87.75, 0, 0
2.00, 5.70, 20.20, 20.20, -758.44, 20.00, 4.63, 9.44, 8.70, 0.00, 0.79, 0.00, 0.00, 90.00, 0, 0
2.00, 5.70, 20.11, 20.11, -636.90, 20.00, 4.63, 8.89, 8.16, 0.00, 0.00, 0.00, 0.00, 90.00, 0, 0
2.00, 5.70, 20.04, 20.04, -658.93, 20.00, 4.63, 8.89, 8.16, 0.00, 0.00, 0.00, 0.00, 90.00, 0, 0
2.00, 5.70, 20.00, 20.00, -670.81, 20.00, 4.63, 8.89, 8.14, 0.00, 0.00, 0.00, 0.00, 90.00, 0, 0
2.00, 5.70, 20.00, 20.00, -704.67, 20.00, 4.63, 8.33, 7.59, 0.00, 0.00, 0.00, 0.00, 90.00, 0, 0
2.00, 5.70, 19.83, 19.83, -928.24, 20.00, 4.63, 8.33, 7.59, 0.00, 0.00, 0.00, 0.00, 90.00, 0, 0
2.00, 5.70, 19.59, 19.59, -1161.25, 20.00, 4.63, 7.78, 7.05, 0.00, 0.00, 0.00, 0.00, 90.00, 0, 0
2.00, 5.70, 19.40, 19.40, -1222.15, 20.00, 4.63, 7.78, 7.03, 0.00, 0.00, 0.00, 0.00, 90.00, 0, 0
2.00, 5.70, 19.23, 19.23, -1271.82, 20.00, 4.63, 7.78, 7.03, 0.00, 0.00, 0.00, 0.00, 90.00, 0, 0
2.00, 5.70, 19.09, 19.09, -1314.12, 20.00, 4.63, 7.78, 7.03, 0.00, 0.00, 0.00, 0.00, 90.00, 0, 0
2.00, 5.70, 18.97, 18.97, -1351.15, 20.00, 4.63, 7.78, 7.03, 0.00, 0.00, 0.00, 0.00, 90.00, 0, 0
2.00, 5.70, 18.85, 18.85, -1384.14, 20.00, 4.63, 7.78, 7.05, 0.00, 0.00, 0.00, 0.00, 90.00, 0, 0
2.00, 5.70, 18.75, 18.75, -1414.24, 20.00, 4.63, 7.78, 7.05, 0.00, 0.00, 0.00, 0.00, 90.00, 0, 0
2.00, 5.70, 20.00, 20.00, -1263.99, 20.00, 4.63, 7.78, 7.05, 0.00, 0.00, 0.00, 0.00, 90.00, 0, 0
2.00, 5.70, 20.00, 20.00, -1252.67, 20.00, 4.63, 8.33, 7.61, 0.00, 3.17, 0.00, -59.79, 89.90, 0, 0
2.00, 5.70, 20.00, 20.00, -828.74, 20.00, 4.63, 10.00, 9.28, 148.24, 21.39, 11.76, -49.43, 80.63, 0, 0
2.00, 5.70, 20.00, 20.00, -848.45, 20.00, 4.63, 11.11, 10.39, 65.58, 35.12, 17.81, -37.67, 72.78, 0, 0
2.00, 5.70, 20.10, 20.10, -285.99, 20.00, 4.63, 13.33, 12.63, 228.62, 63.31, 28.98, -24.27, 66.92, 0, 0
2.00, 5.70, 20.26, 20.26, -128.11, 20.00, 4.63, 15.00, 14.29, 173.14, 72.90, 41.20, -9.43, 63.61, 0, 0
2.00, 5.70, 20.38, 20.38, -91.44, 20.00, 4.63, 16.11, 15.40, 107.86, 73.59, 53.60, 6.07, 63.28, 0, 0
2.00, 5.70, 20.52, 20.52, -5.94, 20.00, 4.63, 16.67, 15.97, 96.77, 73.07, 65.90, 21.14, 65.96, 0, 0
2.00, 5.70, 20.61, 20.61, -39.40, 20.00, 4.63, 17.22, 16.53, 57.76, 60.46, 77.87, 34.89, 71.32, 0, 0
2.00, 5.70, 20.54, 20.54, -317.43, 20.00, 4.63, 16.67, 15.97, 1.46, 27.71, 89.31, 47.00, 78.78, 0, 0
2.00, 5.70, 20.38, 20.38, -557.81, 20.00, 4.63, 15.00, 14.31, 0.00, 7.13, 0.00, 57.63, 87.78, 0, 0
2.00, 5.70, 20.27, 20.27, -556.75, 20.00, 4.63, 15.00, 14.31, 0.00, 0.79, 0.00, 0.00, 90.00, 0, 0
2.00, 5.70, 20.28, 20.28, -408.32, 20.00, 4.63, 14.44, 13.76, 0.00, 0.00, 0.00, 0.00, 90.00, 0, 0
2.00, 5.70, 20.29, 20.29, -406.23, 20.00, 4.63, 14.44, 13.76, 0.00, 0.00, 0.00, 0.00, 90.00, 0, 0
2.00, 5.70, 20.30, 20.30, -404.71, 20.00, 4.63, 14.44, 13.76, 0.00, 0.00, 0.00, 0.00, 90.00, 0, 0
2.00, 5.70, 20.29, 20.29, -428.22, 20.00, 4.63, 13.89, 13.21, 0.00, 0.00, 0.00, 0.00, 90.00, 0, 0
2.00, 5.70, 20.22, 20.22, -581.81, 20.00, 4.63, 13.89, 13.21, 0.00, 0.00, 0.00, 0.00, 90.00, 0, 0
2.00, 5.70, 20.07, 20.07, -764.73, 20.00, 4.63, 13.89, 13.21, 0.00, 0.00, 0.00, 0.00, 90.00, 0, 0
2.00, 5.70, 19.95, 19.95, -827.93, 20.00, 4.63, 13.33, 12.65, 0.00, 0.00, 0.00, 0.00, 90.00, 0, 0
2.00, 5.70, 19.83, 19.83, -885.22, 20.00, 4.63, 12.78, 12.10, 0.00, 0.00, 0.00, 0.00, 90.00, 0, 0
2.00, 5.70, 19.73, 19.73, -914.09, 20.00, 4.63, 12.78, 12.09, 0.00, 0.00, 0.00, 0.00, 90.00, 0, 0
2.00, 5.70, 19.63, 19.63, -964.04, 20.00, 4.63, 12.22, 11.54, 0.00, 0.00, 0.00, 0.00, 90.00, 0, 0
2.00, 5.70, 19.55, 19.55, -988.09, 20.00, 4.63, 12.22, 11.54, 0.00, 0.00, 0.00, 0.00, 90.00, 0, 0
2.00, 5.70, 19.47, 19.47, -1034.99, 20.00, 4.63, 11.67, 10.99, 0.00, 0.00, 0.00, 0.00, 90.00, 0, 0
2.00, 5.70, 20.00, 20.00, -968.16, 20.00, 4.63, 11.67, 10.99, 0.00, 0.00, 0.00, 0.00, 90.00, 0, 0
2.00, 5.70, 20.00, 20.00, -979.84, 20.00, 4.63, 11.67, 10.99, 0.00, 0.00, 0.00, 0.00, 90.00, 0, 0
2.00, 5.70, 20.00, 20.00, -995.99, 20.00, 4.63, 11.67, 10.99, 0.00, 0.79, 11.64, -49.42, 80.77, 0, 0
2.00, 5.70, 20.00, 20.00, -984.91, 20.00, 4.63, 11.67, 11.01, 0.00, 6.34, 17.66, -37.68, 72.93, 0, 0
2.00, 5.70, 20.00, 20.00, -979.24, 20.00, 4.63, 11.67, 11.01, 0.00, 9.50, 28.84, -24.32, 67.06, 0, 0
2.00, 5.70, 20.00, 20.00, -969.68, 20.00, 4.63, 12.22, 11.55, 0.00, 7.13, 41.07, -9.51, 63.74, 0, 0
2.00, 5.70, 20.00, 20.00, -1015.41, 20.00, 4.63, 11.67, 11.01, 0.00, 3.17, 53.47, 5.96, 63.39, 0, 0
2.00, 5.70, 20.00, 20.00, -1021.25, 20.00, 4.63, 11.67, 11.01, 0.00, 3.96, 65.76, 21.01, 66.05, 0, 0
2.00, 5.70, 20.00, 20.00, -1018.43, 20.00, 4.63, 11.67, 11.01, 0.00, 0.79, 77.73, 34.74, 71.38, 0, 0
2.00, 5.70, 20.00, 20.00, -1022.37, 20.00, 4.63, 11.67, 11.01, 0.00, 1.58, 89.17, 46.85, 78.82, 0, 0
2.00, 5.70, 20.00, 20.00, -1031.86, 20.00, 4.63, 11.67, 11.01, 0.00, 0.79, 0.00, 57.48, 87.80, 0, 0
2.00, 5.70, 20.00, 20.00, -957.90, 20.00, 4.63, 11.67, 11.01, 0.00, 0.00, 0.00, 0.00, 90.00, 0, 0
2.00, 5.70, 20.00, 20.00, -767.94, 20.00, 4.63, 11.67, 11.01, 0.00, 0.00, 0.00, 0.00, 90.00, 0, 0
2.00, 5.70, 20.00, 20.00, -751.85, 20.00, 4.63, 11.67, 10.99, 0.00, 0.00, 0.00, 0.00, 90.00, 0, 0
2.00, 5.70, 20.00, 20.00, -764.48, 20.00, 4.63, 11.11, 10.44, 0.00, 0.00, 0.00, 0.00, 90.00, 0, 0
2.00, 5.70, 20.00, 20.00, -757.09, 20.00, 4.63, 11.11, 10.44, 0.00, 0.00, 0.00, 0.00, 90.00, 0, 0
2.00, 5.70, 19.83, 19.83, -918.34, 20.00, 4.63, 11.11, 10.44, 0.00, 0.00, 0.00, 0.00, 90.00, 0, 0
2.00, 5.70, 19.63, 19.63, -1106.45, 20.00, 4.63, 11.11, 10.44, 0.00, 0.00, 0.00, 0.00, 90.00, 0, 0
2.00, 5.70, 19.46, 19.46, -1148.03, 20.00, 4.63, 11.11, 10.43, 0.00, 0.00, 0.00, 0.00, 90.00, 0, 0
2.00, 5.70, 19.31, 19.31, -1205.77, 20.00, 4.63, 10.56, 9.88, 0.00, 0.00, 0.00, 0.00, 90.00, 0, 0
2.00, 5.70, 19.18, 19.18, -1260.02, 20.00, 4.63, 10.00, 9.32, 0.00, 0.00, 0.00, 0.00, 90.00, 0, 0
2.00, 5.70, 19.05, 19.05, -1312.18, 20.00, 4.63, 9.44, 8.77, 0.00, 0.00, 0.00, 0.00, 90.00, 0, 0
2.00, 5.70, 18.93, 18.93, -1363.49, 20.00, 4.63, 8.89, 8.21, 0.00, 0.00, 0.00, 0.00, 90.00, 0, 0
2.00, 5.70, 18.82, 18.82, -1388.58, 20.00, 4.63, 8.89, 8.21, 0.00, 0.00, 0.00, 0.00, 90.00, 0, 0
2.00, 5.70, 20.00, 20.00, -1263.80, 20.00, 4.63, 8.33, 7.64, 0.00, 0.00, 0.00, 0.00, 90.00, 0, 0
2.00, 5.70, 20.00, 20.00, -1283.03, 20.00, 4.63, 8.33, 7.64, 0.00, 0.79, 0.00, 0.00, 90.00, 0, 0
2.00, 5.70, 20.00, 20.00, -1288.96, 20.00, 4.63, 8.33, 7.64, 0.00, 2.38, 11.53, -49.43, 80.92, 0, 0
2.00, 5.70, 20.00, 20.00, -1246.20, 20.00, 4.63, 8.89, 8.21, 0.00, 9.50, 17.52, -37.71, 73.07, 0, 0
2.00, 5.70, 20.00, 20.00, -1200.74, 20.00, 4.63, 9.44, 8.75, 0.00, 15.84, 28.71, -24.37, 67.20, 0, 0
2.00, 5.70, 20.00, 20.00, -1206.85, 20.00, 4.63, 9.44, 8.77, 0.00, 14.26, 40.93, -9.60, 63.87, 0, 0
2.00, 5.70, 20.00, 20.00, -1117.55, 20.00, 4.63, 10.00, 9.32, 0.00, 30.89, 53.34, 5.85, 63.49, 0, 0
2.00, 5.70, 20.00, 20.00, -1112.00, 20.00, 4.63, 10.56, 9.88, 0.00, 23.76, 65.63, 20.88, 66.13, 0, 0
2.00, 5.70, 20.00, 20.00, -1094.40, 20.00, 4.63, 10.56, 9.88, 0.00, 21.38, 77.60, 34.61, 71.44, 0, 0
2.00, 5.70, 20.00, 20.00, -1178.05, 20.00, 4.63, 10.00, 9.32, 0.00, 5.54, 89.03, 46.71, 78.85, 0, 0
2.00, 5.70, 20.00, 20.00, -1204.25, 20.00, 4.63, 10.00, 9.32, 0.00, 0.79, 0.00, 57.34, 87.82, 0, 0
2.00, 5.70, 20.00, 20.00, -1154.93, 20.00, 4.63, 9.44, 8.75, 0.00, 0.00, 0.00, 0.00, 90.00, 0, 0
2.00, 5.70, 20.00, 20.00, -966.56, 20.00, 4.63, 9.44, 8.75, 0.00, 0.00, 0.00, 0.00, 90.00, 0, 0
2.00, 5.70, 20.00, 20.00, -975.58, 20.00, 4.63, 8.89, 8.21, 0.00, 0.00, 0.00, 0.00, 90.00, 0, 0
2.00, 5.70, 20.00, 20.00, -966.35, 20.00, 4.63, 8.89, 8.19, 0.00, 0.00, 0.00, 0.00, 90.00, 0, 0
2.00, 5.70, 20.00, 20.00, -959.52, 20.00, 4.63, 8.89, 8.19, 0.00, 0.00, 0.00, 0.00, 90.00, 0, 0
2.00, 5.70, 19.70, 19.70, -1164.91, 20.00, 4.63, 8.33, 7.63, 0.00, 0.00, 0.00, 0.00, 90.00, 0, 0
2.00, 5.70, 19.38, 19.38, -1368.30, 20.00, 4.63, 8.33, 7.63, 0.00, 0.00, 0.00, 0.00, 90.00, 0, 0
2.00, 5.70, 19.13, 19.13, -1447.06, 20.00, 4.63, 7.78, 7.08, 0.00, 0.00, 0.00, 0.00, 90.00, 0, 0
2.00, 5.70, 18.91, 18.91, -1516.50, 20.00, 4.63, 7.22, 6.52, 0.00, 0.00, 0.00, 0.00, 90.00, 0, 0
2.00, 5.70, 18.73, 18.73, -1554.13, 20.00, 4.63, 7.22, 6.52, 0.00, 0.00, 0.00, 0.00, 90.00, 0, 0
2.00, 5.70, 18.57, 18.57, -1612.08, 20.00, 4.63, 6.67, 5.96, 0.00, 0.00, 0.00, 0.00, 90.00, 0, 0
2.00, 5.70, 18.41, 18.41, -1668.39, 20.00, 4.63, 6.11, 5.39, 0.00, 0.00, 0.00, 0.00, 90.00, 0, 0
2.00, 5.70, 18.28, 18.28, -1697.50, 20.00, 4.63, 6.11, 5.39, 0.00, 0.00, 0.00, 0.00, 90.00, 0, 0
2.00, 5.70, 20.00, 20.00, -1504.52, 20.00, 4.63, 5.56, 4.83, 0.00, 0.00, 0.00, 0.00, 90.00, 0, 0
2.00, 5.70, 20.00, 20.00, -1520.18, 20.00, 4.63, 5.56, 4.85, 0.00, 2.38, 0.00, 0.00, 90.00, 0, 0
2.00, 5.70, 20.00, 20.00, -1213.28, 20.00, 4.63, 7.22, 6.50, 92.76, 18.07, 11.42, -49.43, 81.06, 0, 0
2.00, 5.70, 20.00, 20.00, -497.07, 20.00, 4.63, 8.89, 8.17, 359.06, 46.88, 17.38, -37.74, 73.21, 0, 0
2.00, 5.70, 20.00, 20.00, -548.80, 20.00, 4.63, 10.56, 9.85, 202.95, 61.90, 28.58, -24.42, 67.33, 0, 0
2.00, 5.70, 20.00, 20.00, -624.84, 20.00, 4.63, 11.67, 10.96, 89.15, 65.37, 40.81, -9.68, 63.98, 0, 0
2.00, 5.70, 20.00, 20.00, -847.44, 20.00, 4.63, 11.67, 10.96, 9.17, 45.22, 53.21, 5.74, 63.59, 0, 0
2.00, 5.70, 20.00, 20.00, -859.55, 20.00, 4.63, 11.67, 10.96, 6.61, 45.12, 65.50, 20.75, 66.20, 0, 0
2.00, 5.70, 20.00, 20.00, -965.59, 20.00, 4.63, 11.11, 10.41, 0.68, 22.84, 77.46, 34.47, 71.49, 0, 0
2.00, 5.70, 20.00, 20.00, -1087.27, 20.00, 4.63, 10.00, 9.30, 0.00, 7.92, 88.89, 46.57, 78.88, 0, 0
2.00, 5.70, 20.00, 20.00, -1152.08, 20.00, 4.63, 9.44, 8.74, 0.00, 2.38, 0.00, 57.20, 87.83, 0, 0
2.00, 5.70, 20.00, 20.00, -1118.21, 20.00, 4.63, 8.89, 8.19, 0.00, 0.00, 0.00, 0.00, 90.00, 0, 0
2.00, 5.70, 20.00, 20.00, -938.21, 20.00, 4.63, 8.89, 8.19, 0.00, 0.00, 0.00, 0.00, 90.00, 0, 0
2.00, 5.70, 20.00, 20.00, -930.00, 20.00, 4.63, 8.89, 8.17, 0.00, 0.00, 0.00, 0.00, 90.00, 0, 0
2.00, 5.70, 20.00, 20.00, -949.45, 20.00, 4.63, 8.33, 7.63, 0.00, 0.00, 0.00, 0.00, 90.00, 0, 0
2.00, 5.70, 20.00, 20.00, -947.50, 20.00, 4.63, 8.33, 7.63, 0.00, 0.00, 0.00, 0.00, 90.00, 0, 0
2.00, 5.70, 19.69, 19.69, -1134.07, 20.00, 4.63, 8.33, 7.61, 0.00, 0.00, 0.00, 0.00, 90.00, 0, 0
2.00, 5.70, 19.37, 19.37, -1366.77, 20.00, 4.63, 7.78, 7.07, 0.00, 0.00, 0.00, 0.00, 90.00, 0, 0
2.00, 5.70, 19.12, 19.12, -1424.82, 20.00, 4.63, 7.78, 7.07, 0.00, 0.00, 0.00, 0.00, 90.00, 0, 0
2.00, 5.70, 18.91, 18.91, -1470.19, 20.00, 4.63, 7.78, 7.07, 0.00, 0.00, 0.00, 0.00, 90.00, 0, 0
2.00, 5.70, 18.73, 18.73, -1533.35, 20.00, 4.63, 7.22, 6.50, 0.00, 0.00, 0.00, 0.00, 90.00, 0, 0
2.00, 5.70, 18.58, 18.58, -1567.02, 20.00, 4.63, 7.22, 6.50, 0.00, 0.00, 0.00, 0.00, 90.00, 0, 0
2.00, 5.70, 18.44, 18.44, -1596.23, 20.00, 4.63, 7.22, 6.50, 0.00, 0.00, 0.00, 0.00, 90.00, 0, 0
2.00, 5.70, 18.31, 18.31, -1648.28, 20.00, 4.63, 6.67, 5.96, 0.00, 0.00, 0.00, 0.00, 90.00, 0, 0
2.00, 5.70, 20.00, 20.00, -1432.01, 20.00, 4.63, 6.67, 5.96, 0.00, 0.00, 0.00, 0.00, 90.00, 0, 0
2.00, 5.70, 20.00, 20.00, -1427.22, 20.00, 4.63, 7.22, 6.50, 0.00, 0.79, 0.00, 0.00, 90.00, 0, 0
2.00, 5.70, 20.00, 20.00, -1434.89, 20.00, 4.63, 7.22, 6.50, 0.00, 1.58, 11.32, -49.44, 81.19, 0, 0
2.00, 5.70, 20.00, 20.00, -1438.06, 20.00, 4.63, 7.22, 6.50, 0.00, 3.17, 17.25, -37.77, 73.34, 0, 0
2.00, 5.70, 20.00, 20.00, -1150.96, 20.00, 4.63, 8.89, 8.17, 38.17, 40.03, 28.45, -24.48, 67.45, 0, 0
2.00, 5.70, 20.00, 20.00, -981.99, 20.00, 4.63, 10.56, 9.85, 34.77, 56.15, 40.68, -9.77, 64.09, 0, 0
2.00, 5.70, 20.00, 20.00, -931.37, 20.00, 4.63, 11.11, 10.41, 25.46, 56.65, 53.09, 5.63, 63.68, 0, 0
2.00, 5.70, 20.00, 20.00, -761.90, 20.00, 4.63, 12.22, 11.52, 48.18, 63.07, 65.37, 20.62, 66.27, 0, 0
2.00, 5.70, 20.00, 20.00, -920.40, 20.00, 4.63, 12.22, 11.52, 6.53, 35.22, 77.33, 34.33, 71.53, 0, 0
2.00, 5.70, 20.00, 20.00, -1053.76, 20.00, 4.63, 11.67, 10.96, 0.07, 11.01, 88.76, 46.43, 78.91, 0, 0
2.00, 5.70, 20.00, 20.00, -1123.35, 20.00, 4.63, 11.11, 10.39, 0.00, 2.38, 0.00, 57.06, 87.84, 0, 0
2.00, 5.70, 20.00, 20.00, -1084.15, 20.00, 4.63, 10.56, 9.85, 0.00, 0.00, 0.00, 0.00, 90.00, 0, 0
2.00, 5.70, 20.00, 20.00, -898.02, 20.00, 4.63, 10.56, 9.85, 0.00, 0.00, 0.00, 0.00, 90.00, 0, 0
2.00, 5.70, 20.00, 20.00, -907.95, 20.00, 4.63, 10.00, 9.28, 0.00, 0.00, 0.00, 0.00, 90.00, 0, 0
2.00, 5.70, 20.00, 20.00, -922.87, 20.00, 4.63, 9.44, 8.74, 0.00, 0.00, 0.00, 0.00, 90.00, 0, 0
2.00, 5.70, 20.00, 20.00, -916.95, 20.00, 4.63, 9.44, 8.72, 0.00, 0.00, 0.00, 0.00, 90.00, 0, 0
2.00, 5.70, 19.69, 19.69, -1124.47, 20.00, 4.63, 8.89, 8.17, 0.00, 0.00, 0.00, 0.00, 90.00, 0, 0
2.00, 5.70, 19.38, 19.38, -1329.32, 20.00, 4.63, 8.89, 8.16, 0.00, 0.00, 0.00, 0.00, 90.00, 0, 0
2.00, 5.70, 19.13, 19.13, -1408.72, 20.00, 4.63, 8.33, 7.61, 0.00, 0.00, 0.00, 0.00, 90.00, 0, 0
2.00, 5.70, 18.91, 18.91, -1478.36, 20.00, 4.63, 7.78, 7.05, 0.00, 0.00, 0.00, 0.00, 90.00, 0, 0
2.00, 5.70, 18.72, 18.72, -1542.07, 20.00, 4.63, 7.22, 6.49, 0.00, 0.00, 0.00, 0.00, 90.00, 0, 0
2.00, 5.70, 18.55, 18.55, -1602.05, 20.00, 4.63, 6.67, 5.94, 0.00, 0.00, 0.00, 0.00, 90.00, 0, 0
2.00, 5.70, 18.39, 18.39, -1660.04, 20.00, 4.63, 6.11, 5.38, 0.00, 0.00, 0.00, 0.00, 90.00, 0, 0
2.00, 5.70, 18.24, 18.24, -1716.91, 20.00, 4.63, 5.56, 4.81, 0.00, 0.00, 0.00, 0.00, 90.00, 0, 0
2.00, 5.70, 20.00, 20.00, -1446.92, 20.00, 4.63, 5.00, 4.27, 0.00, 0.00, 0.00, 0.00, 90.00, 0, 0
2.00, 5.70, 20.00, 20.00, -1455.72, 20.00, 4.63, 5.00, 4.27, 0.00, 3.17, 0.00, 0.00, 90.00, 0, 0
2.00, 5.70, 20.00, 20.00, -853.04, 20.00, 4.63, 6.67, 5.94, 238.25, 20.63, 11.23, -49.46, 81.32, 0, 0
2.00, 5.70, 20.06, 20.06, -288.16, 20.00, 4.63, 8.89, 8.16, 398.87, 45.44, 17.11, -37.81, 73.47, 0, 0
2.00, 5.70, 20.22, 20.22, -49.28, 20.00, 4.63, 11.11, 10.38, 362.43, 63.54, 28.32, -24.55, 67.57, 0, 0
2.00, 5.70, 20.44, 20.44, 138.33, 20.00, 4.63, 12.78, 12.05, 292.68, 75.56, 40.55, -9.86, 64.20, 0, 0
2.00, 5.70, 20.65, 20.65, 241.94, 20.00, 4.63, 13.89, 13.16, 220.67, 79.01, 52.96, 5.51, 63.76, 0, 0
2.00, 5.70, 20.76, 20.76, 170.45, 20.00, 4.63, 15.00, 14.27, 136.00, 73.25, 65.24, 20.49, 66.33, 0, 0
2.00, 5.70, 20.72, 20.72, -99.78, 20.00, 4.63, 15.00, 14.27, 50.23, 53.40, 77.20, 34.20, 71.57, 0, 0
2.00, 5.70, 20.59, 20.59, -329.15, 20.00, 4.63, 13.89, 13.16, 4.41, 35.00, 88.63, 46.30, 78.92, 0, 0
2.00, 5.70, 20.38, 20.38, -606.38, 20.00, 4.63, 12.78, 12.05, 0.00, 7.92, 0.00, 56.93, 87.84, 0, 0
2.00, 5.70, 20.21, 20.21, -650.79, 20.00, 4.63, 12.22, 11.49, 0.00, 0.79, 0.00, 0.00, 90.00, 0, 0
2.00, 5.70, 20.17, 20.17, -515.48, 20.00, 4.63, 11.67, 10.94, 0.00, 0.00, 0.00, 0.00, 90.00, 0, 0
2.00, 5.70, 20.13, 20.13, -550.15, 20.00, 4.63, 11.11, 10.38, 0.00, 0.00, 0.00, 0.00, 90.00, 0, 0
2.00, 5.70, 20.08, 20.08, -585.46, 20.00, 4.63, 10.56, 9.81, 0.00, 0.00, 0.00, 0.00, 90.00, 0, 0
2.00, 5.70, 20.03, 20.03, -614.55, 20.00, 4.63, 10.00, 9.27, 0.00, 0.00, 0.00, 0.00, 90.00, 0, 0
2.00, 5.70, 19.88, 19.88, -856.35, 20.00, 4.63, 9.44, 8.70, 0.00, 0.00, 0.00, 0.00, 90.00, 0, 0
2.00, 5.70, 19.66, 19.66, -1085.23, 20.00, 4.63, 8.89, 8.14, 0.00, 0.00, 0.00, 0.00, 90.00, 0, 0
2.00, 5.70, 19.47, 19.47, -1168.22, 20.00, 4.63, 8.33, 7.59, 0.00, 0.00, 0.00, 0.00, 90.00, 0, 0
2.00, 5.70, 19.29, 19.29, -1243.09, 20.00, 4.63, 7.78, 7.03, 0.00, 0.00, 0.00, 0.00, 90.00, 0, 0
2.00, 5.70, 19.13, 19.13, -1312.96, 20.00, 4.63, 7.22, 6.49, 0.00, 0.00, 0.00, 0.00, 90.00, 0, 0
2.00, 5.70, 18.98, 18.98, -1379.92, 20.00, 4.63, 6.67, 5.92, 0.00, 0.00, 0.00, 0.00, 90.00, 0, 0
2.00, 5.70, 18.83, 18.83, -1444.93, 20.00, 4.63, 6.11, 5.38, 0.00, 0.00, 0.00, 0.00, 90.00, 0, 0
2.00, 5.70, 18.69, 18.69, -1508.97, 20.00, 4.63, 5.56, 4.81, 0.00, 0.00, 0.00, 0.00, 90.00, 0, 0
2.00, 5.70, 20.00, 20.00, -1307.03, 20.00, 4.63, 5.00, 4.25, 0.00, 0.00, 0.00, 0.00, 90.00, 0, 0
2.00, 5.70, 20.00, 20.00, -1300.99, 20.00, 4.63, 5.56, 4.81, 0.00, 2.38, 0.00, 0.00, 90.00, 0, 0
2.00, 5.70, 20.00, 20.00, -1068.80, 20.00, 4.63, 6.67, 5.92, 68.09, 18.35, 11.15, -49.48, 81.45, 0, 0
2.00, 5.70, 20.00, 20.00, -841.54, 20.00, 4.63, 8.33, 7.59, 105.08, 36.03, 16.99, -37.85, 73.59, 0, 0
2.00, 5.70, 20.00, 20.00, -1033.35, 20.00, 4.63, 8.33, 7.59, 10.24, 25.04, 28.19, -24.61, 67.68, 0, 0
2.00, 5.70, 20.00, 20.00, -985.04, 20.00, 4.63, 8.89, 8.16, 1.85, 36.35, 40.43, -9.95, 64.29, 0, 0
2.00, 5.70, 20.02, 20.02, -456.70, 20.00, 4.63, 10.56, 9.81, 117.76, 72.70, 52.84, 5.40, 63.84, 0, 0
2.00, 5.70, 20.00, 20.00, -537.07, 20.00, 4.63, 11.67, 10.92, 49.92, 63.02, 65.12, 20.36, 66.38, 0, 0
2.00, 5.70, 20.00, 20.00, -701.25, 20.00, 4.63, 11.67, 10.92, 13.45, 41.94, 77.08, 34.07, 71.60, 0, 0
2.00, 5.70, 20.00, 20.00, -806.62, 20.00, 4.63, 11.11, 10.38, 2.32, 25.52, 88.50, 46.17, 78.93, 0, 0
2.00, 5.70, 20.00, 20.00, -970.22, 20.00, 4.63, 10.00, 9.27, 0.00, 5.54, 0.00, 56.80, 87.83, 0, 0
2.00, 5.70, 20.00, 20.00, -953.24, 20.00, 4.63, 9.44, 8.70, 0.00, 0.00, 0.00, 0.00, 90.00, 0, 0
2.00, 5.70, 20.00, 20.00, -776.93, 20.00, 4.63, 9.44, 8.70, 0.00, 0.00, 0.00, 0.00, 90.00, 0, 0
2.00, 5.70, 20.00, 20.00, -795.33, 20.00, 4.63, 8.89, 8.14, 0.00, 0.00, 0.00, 0.00, 90.00, 0, 0
2.00, 5.70, 20.00, 20.00, -817.75, 20.00, 4.63, 8.33, 7.59, 0.00, 0.00, 0.00, 0.00, 90.00, 0, 0
2.00, 5.70, 20.00, 20.00, -842.78, 20.00, 4.63, 7.78, 7.03, 0.00, 0.00, 0.00, 0.00, 90.00, 0, 0
2.00, 5.70, 19.72, 19.72, -1097.19, 20.00, 4.63, 7.22, 6.49, 0.00, 0.00, 0.00, 0.00, 90.00, 0, 0
2.00, 5.70, 19.42, 19.42, -1335.00, 20.00, 4.63, 6.67, 5.92, 0.00, 0.00, 0.00, 0.00, 90.00, 0, 0
2.00, 5.70, 19.16, 19.16, -1424.55, 20.00, 4.63, 6.11, 5.36, 0.00, 0.00, 0.00, 0.00, 90.00, 0, 0
2.00, 5.70, 18.95, 18.95, -1477.91, 20.00, 4.63, 6.11, 5.36, 0.00, 0.00, 0.00, 0.00, 90.00, 0, 0
2.00, 5.70, 18.76, 18.76, -1549.11, 20.00, 4.63, 5.56, 4.80, 0.00, 0.00, 0.00, 0.00, 90.00, 0, 0
2.00, 5.70, 18.58, 18.58, -1616.73, 20.00, 4.63, 5.00, 4.25, 0.00, 0.00, 0.00, 0.00, 90.00, 0, 0
2.00, 5.70, 18.41, 18.41, -1682.26, 20.00, 4.63, 4.44, 3.69, 0.00, 0.00, 0.00, 0.00, 90.00, 0, 0
2.00, 5.70, 18.26, 18.26, -1746.39, 20.00, 4.63, 3.89, 3.14, 0.00, 0.00, 0.00, 0.00, 90.00, 0, 0
2.00, 5.70, 20.00, 20.00, -1561.61, 20.00, 4.63, 3.33, 2.58, 0.00, 0.00, 0.00, 0.00, 90.00, 0, 0
2.00, 5.70, 20.00, 20.00, -1557.83, 20.00, 4.63, 3.89, 3.14, 0.00, 3.17, 0.00, 0.00, 90.00, 0, 0
2.00, 5.70, 20.00, 20.00, -1069.76, 20.00, 4.63, 5.56, 4.80, 182.65, 21.23, 11.08, -49.51, 81.57, 0, 0
2.00, 5.70, 20.15, 20.15, -120.98, 20.00, 4.63, 8.33, 7.58, 519.93, 52.00, 16.86, -37.90, 73.71, 0, 0
2.00, 5.70, 20.40, 20.40, 147.55, 20.00, 4.63, 10.56, 9.81, 477.44, 69.00, 28.07, -24.68, 67.79, 0, 0
2.00, 5.70, 20.73, 20.73, 459.71, 20.00, 4.63, 12.78, 12.01, 424.24, 80.74, 40.31, -10.05, 64.38, 0, 0
2.00, 5.70, 20.91, 20.91, 348.54, 20.00, 4.63, 13.89, 13.14, 243.40, 81.64, 52.71, 5.28, 63.91, 0, 0
2.00, 5.70, 21.00, 21.00, 237.72, 20.00, 4.63, 14.44, 13.69, 156.10, 76.05, 64.99, 20.24, 66.43, 0, 0
2.00, 5.70, 20.98, 20.98, 55.36, 20.00, 4.63, 15.00, 14.23, 74.64, 62.03, 76.95, 33.94, 71.62, 0, 0
2.00, 5.70, 20.81, 20.81, -290.17, 20.00, 4.63, 13.89, 13.14, 5.32, 32.59, 88.37, 46.04, 78.94, 0, 0
2.00, 5.70, 20.55, 20.55, -603.92, 20.00, 4.63, 12.22, 11.47, 0.00, 7.92, 0.00, 56.68, 87.82, 0, 0
2.00, 5.70, 20.35, 20.35, -663.44, 20.00, 4.63, 11.67, 10.90, 0.00, 0.79, 0.00, 0.00, 90.00, 0, 0
2.00, 5.70, 20.26, 20.26, -565.17, 20.00, 4.63, 10.56, 9.81, 0.00, 0.00, 0.00, 0.00, 90.00, 0, 0
2.00, 5.70, 20.18, 20.18, -612.08, 20.00, 4.63, 10.00, 9.25, 0.00, 0.00, 0.00, 0.00, 90.00, 0, 0
2.00, 5.70, 20.10, 20.10, -658.08, 20.00, 4.63, 9.44, 8.68, 0.00, 0.00, 0.00, 0.00, 90.00, 0, 0
2.00, 5.70, 20.03, 20.03, -703.39, 20.00, 4.63, 8.89, 8.12, 0.00, 0.00, 0.00, 0.00, 90.00, 0, 0
2.00, 5.70, 19.87, 19.87, -901.95, 20.00, 4.63, 8.33, 7.56, 0.00, 0.00, 0.00, 0.00, 90.00, 0, 0
2.00, 5.70, 19.65, 19.65, -1130.65, 20.00, 4.63, 7.78, 6.99, 0.00, 0.00, 0.00, 0.00, 90.00, 0, 0
2.00, 5.70, 19.44, 19.44, -1241.00, 20.00, 4.63, 6.67, 5.90, 0.00, 0.00, 0.00, 0.00, 90.00, 0, 0
2.00, 5.70, 19.25, 19.25, -1320.48, 20.00, 4.63, 6.11, 5.34, 0.00, 0.00, 0.00, 0.00, 90.00, 0, 0
2.00, 5.70, 19.06, 19.06, -1421.50, 20.00, 4.63, 5.00, 4.23, 0.00, 0.00, 0.00, 0.00, 90.00, 0, 0
2.00, 5.70, 18.89, 18.89, -1495.81, 20.00, 4.63, 4.44, 3.67, 0.00, 0.00, 0.00, 0.00, 90.00, 0, 0
2.00, 5.70, 18.72, 18.72, -1567.98, 20.00, 4.63, 3.89, 3.11, 0.00, 0.00, 0.00, 0.00, 90.00, 0, 0
2.00, 5.70, 18.54, 18.54, -1665.45, 20.00, 4.63, 2.78, 2.00, 0.00, 0.00, 0.00, 0.00, 90.00, 0, 0
2.00, 5.70, 20.00, 20.00, -1527.84, 20.00, 4.63, 2.22, 1.44, 0.00, 0.00, 0.00, 0.00, 90.00, 0, 0
2.00, 5.70, 20.00, 20.00, -1553.64, 20.00, 4.63, 2.22, 1.46, 0.00, 3.96, 0.00, 0.00, 90.00, 0, 0
2.00, 5.70, 20.00, 20.00, -665.97, 20.00, 4.63, 4.44, 3.67, 362.29, 29.07, 11.01, -49.55, 81.69, 0, 0
2.00, 5.70, 20.10, 20.10, -295.19, 20.00, 4.63, 6.67, 5.90, 418.16, 47.64, 16.74, -37.95, 73.82, 0, 0
2.00, 5.70, 20.30, 20.30, -30.18, 20.00, 4.63, 8.33, 7.58, 409.24, 67.15, 27.95, -24.76, 67.89, 0, 0
2.00, 5.70, 20.20, 20.20, -519.78, 20.00, 4.63, 9.44, 8.68, 91.64, 59.90, 40.19, -10.15, 64.47, 0, 0
2.00, 5.70, 20.09, 20.09, -633.28, 20.00, 4.63, 9.44, 8.68, 38.29, 62.12, 52.59, 5.17, 63.97, 0, 0
2.00, 5.70, 20.00, 20.00, -651.56, 20.00, 4.63, 10.00, 9.25, 32.08, 58.08, 64.87, 20.11, 66.47, 0, 0
2.00, 5.70, 20.00, 20.00, -632.42, 20.00, 4.63, 10.00, 9.25, 37.45, 52.08, 76.83, 33.81, 71.64, 0, 0
2.00, 5.70, 20.00, 20.00, -905.51, 20.00, 4.63, 8.89, 8.14, 1.82, 21.50, 88.25, 45.92, 78.93, 0, 0
2.00, 5.70, 20.00, 20.00, -1069.18, 20.00, 4.63, 7.78, 7.03, 0.00, 4.75, 0.00, 56.56, 87.81, 0, 0
2.00, 5.70, 20.00, 20.00, -1069.90, 20.00, 4.63, 7.22, 6.49, 0.00, 0.79, 0.00, 0.00, 90.00, 0, 0
2.00, 5.70, 20.00, 20.00, -898.12, 20.00, 4.63, 7.22, 6.47, 0.00, 0.00, 0.00, 0.00, 90.00, 0, 0
2.00, 5.70, 20.00, 20.00, -926.71, 20.00, 4.63, 6.67, 5.92, 0.00, 0.00, 0.00, 0.00, 90.00, 0, 0
2.00, 5.70, 20.00, 20.00, -934.05, 20.00, 4.63, 6.67, 5.92, 0.00, 0.00, 0.00, 0.00, 90.00, 0, 0
2.00, 5.70, 20.00, 20.00, -966.39, 20.00, 4.63, 6.11, 5.38, 0.00, 0.00, 0.00, 0.00, 90.00, 0, 0
2.00, 5.70, 19.70, 19.70, -1157.61, 20.00, 4.63, 6.11, 5.38, 0.00, 0.00, 0.00, 0.00, 90.00, 0, 0
2.00, 5.70, 19.39, 19.39, -1371.14, 20.00, 4.63, 6.11, 5.36, 0.00, 0.00, 0.00, 0.00, 90.00, 0, 0
2.00, 5.70, 19.14, 19.14, -1434.55, 20.00, 4.63, 6.11, 5.36, 0.00, 0.00, 0.00, 0.00, 90.00, 0, 0
2.00, 5.70, 18.94, 18.94, -1486.13, 20.00, 4.63, 6.11, 5.36, 0.00, 0.00, 0.00, 0.00, 90.00, 0, 0
2.00, 5.70, 18.76, 18.76, -1529.75, 20.00, 4.63, 6.11, 5.36, 0.00, 0.00, 0.00, 0.00, 90.00, 0, 0
2.00, 5.70, 18.62, 18.62, -1567.58, 20.00, 4.63, 6.11, 5.38, 0.00, 0.00, 0.00, 0.00, 90.00, 0, 0
2.00, 5.70, 18.48, 18.48, -1601.35, 20.00, 4.63, 6.11, 5.38, 0.00, 0.00, 0.00, 0.00, 90.00, 0, 0
2.00, 5.70, 18.36, 18.36, -1631.99, 20.00, 4.63, 6.11, 5.38, 0.00, 0.00, 0.00, 0.00, 90.00, 0, 0
2.00, 5.70, 20.00, 20.00, -1434.45, 20.00, 4.63, 6.11, 5.39, 0.00, 0.00, 0.00, 0.00, 90.00, 0, 0
2.00, 5.70, 20.00, 20.00, -1426.26, 20.00, 4.63, 6.67, 5.94, 0.00, 2.38, 0.00, 0.00, 90.00, 0, 0
2.00, 5.70, 20.00, 20.00, -923.72, 20.00, 4.63, 8.33, 7.61, 185.83, 21.25, 10.95, -49.58, 81.80, 0, 0
2.00, 5.70, 20.00, 20.00, -1044.90, 20.00, 4.63, 9.44, 8.72, 54.20, 30.68, 16.63, -38.00, 73.92, 0, 0
2.00, 5.70, 20.06, 20.06, -332.97, 20.00, 4.63, 11.67, 10.94, 294.19, 62.68, 27.83, -24.84, 67.98, 0, 0
2.00, 5.70, 20.31, 20.31, 83.75, 20.00, 4.63, 13.33, 12.62, 328.86, 77.52, 40.07, -10.25, 64.55, 0, 0
2.00, 5.70, 20.45, 20.45, 2.73, 20.00, 4.63, 14.44, 13.73, 176.02, 78.21, 52.47, 5.05, 64.03, 0, 0
2.00, 5.70, 20.34, 20.34, -421.21, 20.00, 4.63, 14.44, 13.73, 30.25, 51.99, 64.76, 19.99, 66.50, 0, 0
2.00, 5.70, 20.18, 20.18, -623.01, 20.00, 4.63, 13.89, 13.18, 1.84, 30.57, 76.71, 33.69, 71.65, 0, 0
2.00, 5.70, 20.02, 20.02, -732.53, 20.00, 4.63, 13.33, 12.62, 0.82, 19.97, 88.13, 45.80, 78.93, 0, 0
2.00, 5.70, 20.00, 20.00, -868.27, 20.00, 4.63, 12.22, 11.50, 0.00, 6.34, 0.00, 56.44, 87.78, 0, 0
2.00, 5.70, 20.00, 20.00, -862.05, 20.00, 4.63, 11.67, 10.96, 0.00, 0.79, 0.00, 0.00, 90.00, 0, 0
2.00, 5.70, 20.00, 20.00, -683.12, 20.00, 4.63, 11.67, 10.94, 0.00, 0.00, 0.00, 0.00, 90.00, 0, 0
2.00, 5.70, 20.00, 20.00, -701.85, 20.00, 4.63, 11.11, 10.39, 0.00, 0.00, 0.00, 0.00, 90.00, 0, 0
2.00, 5.70, 20.00, 20.00, -700.32, 20.00, 4.63, 11.11, 10.39, 0.00, 0.00, 0.00, 0.00, 90.00, 0, 0
2.00, 5.70, 20.00, 20.00, -723.77, 20.00, 4.63, 10.56, 9.83, 0.00, 0.00, 0.00, 0.00, 90.00, 0, 0
2.00, 5.70, 19.82, 19.82, -893.55, 20.00, 4.63, 10.56, 9.83, 0.00, 0.00, 0.00, 0.00, 90.00, 0, 0
2.00, 5.70, 19.60, 19.60, -1114.48, 20.00, 4.63, 10.00, 9.28, 0.00, 0.00, 0.00, 0.00, 90.00, 0, 0
2.00, 5.70, 19.40, 19.40, -1190.37, 20.00, 4.63, 9.44, 8.72, 0.00, 0.00, 0.00, 0.00, 90.00, 0, 0
2.00, 5.70, 19.22, 19.22, -1258.39, 20.00, 4.63, 8.89, 8.16, 0.00, 0.00, 0.00, 0.00, 90.00, 0, 0
2.00, 5.70, 19.07, 19.07, -1321.69, 20.00, 4.63, 8.33, 7.61, 0.00, 0.00, 0.00, 0.00, 90.00, 0, 0
2.00, 5.70, 18.92, 18.92, -1382.37, 20.00, 4.63, 7.78, 7.05, 0.00, 0.00, 0.00, 0.00, 90.00, 0, 0
2.00, 5.70, 18.78, 18.78, -1441.48, 20.00, 4.63, 7.22, 6.49, 0.00, 0.00, 0.00, 0.00, 90.00, 0, 0
2.00, 5.70, 18.64, 18.64, -1499.66, 20.00, 4.63, 6.67, 5.94, 0.00, 0.00, 0.00, 0.00, 90.00, 0, 0
2.00, 5.70, 20.00, 20.00, -1357.66, 20.00, 4.63, 6.11, 5.38, 0.00, 0.00, 0.00, 0.00, 90.00, 0, 0
2.00, 5.70, 20.00, 20.00, -1384.10, 20.00, 4.63, 6.11, 5.38, 0.00, 0.79, 0.00, 0.00, 90.00, 0, 0
2.00, 5.70, 20.00, 20.00, -1335.69, 20.00, 4.63, 6.67, 5.94, 0.00, 11.09, 10.90, -49.63, 81.91, 0, 0
2.00, 5.70, 20.00, 20.00, -1130.15, 20.00, 4.63, 8.33, 7.61, 33.15, 30.28, 16.51, -38.07, 74.02, 0, 0
2.00, 5.70, 20.00, 20.00, -1115.88, 20.00, 4.63, 8.89, 8.17, 7.76, 36.21, 27.71, -24.92, 68.07, 0, 0
2.00, 5.70, 20.00, 20.00, -1063.87, 20.00, 4.63, 9.44, 8.74, 5.66, 41.72, 39.95, -10.35, 64.62, 0, 0
2.00, 5.70, 20.00, 20.00, -1134.48, 20.00, 4.63, 9.44, 8.74, 1.21, 23.67, 52.36, 4.93, 64.08, 0, 0
2.00, 5.70, 20.00, 20.00, -1193.61, 20.00, 4.63, 8.89, 8.17, 0.00, 16.63, 64.64, 19.86, 66.53, 0, 0
2.00, 5.70, 20.00, 20.00, -1138.40, 20.00, 4.63, 8.89, 8.17, 0.74, 26.01, 76.60, 33.56, 71.65, 0, 0
2.00, 5.70, 20.00, 20.00, -1200.73, 20.00, 4.63, 8.89, 8.17, 0.05, 10.26, 88.02, 45.68, 78.91, 0, 0
2.00, 5.70, 20.00, 20.00, -1265.99, 20.00, 4.63, 8.33, 7.63, 0.00, 2.38, 0.00, 56.33, 87.76, 0, 0
2.00, 5.70, 20.00, 20.00, -1226.64, 20.00, 4.63, 7.78, 7.07, 0.00, 0.00, 0.00, 0.00, 90.00, 0, 0
2.00, 5.70, 20.00, 20.00, -1043.08, 20.00, 4.63, 7.78, 7.07, 0.00, 0.00, 0.00, 0.00, 90.00, 0, 0
2.00, 5.70, 20.00, 20.00, -1032.26, 20.00, 4.63, 7.78, 7.07, 0.00, 0.00, 0.00, 0.00, 90.00, 0, 0
2.00, 5.70, 20.00, 20.00, -1050.10, 20.00, 4.63, 7.22, 6.52, 0.00, 0.00, 0.00, 0.00, 90.00, 0, 0
2.00, 5.70, 20.00, 20.00, -1046.95, 20.00, 4.63, 7.22, 6.52, 0.00, 0.00, 0.00, 0.00, 90.00, 0, 0
2.00, 5.70, 19.65, 19.65, -1237.76, 20.00, 4.63, 7.22, 6.50, 0.00, 0.00, 0.00, 0.00, 90.00, 0, 0
2.00, 5.70, 19.30, 19.30, -1447.87, 20.00, 4.63, 7.22, 6.50, 0.00, 0.00, 0.00, 0.00, 90.00, 0, 0
2.00, 5.70, 19.02, 19.02, -1532.30, 20.00, 4.63, 6.67, 5.96, 0.00, 0.00, 0.00, 0.00, 90.00, 0, 0
2.00, 5.70, 18.79, 18.79, -1580.22, 20.00, 4.63, 6.67, 5.96, 0.00, 0.00, 0.00, 0.00, 90.00, 0, 0
2.00, 5.70, 18.61, 18.61, -1619.34, 20.00, 4.63, 6.67, 5.96, 0.00, 0.00, 0.00, 0.00, 90.00, 0, 0
2.00, 5.70, 18.45, 18.45, -1652.43, 20.00, 4.63, 6.67, 5.96, 0.00, 0.00, 0.00, 0.00, 90.00, 0, 0
2.00, 5.70, 18.31, 18.31, -1681.17, 20.00, 4.63, 6.67, 5.96, 0.00, 0.00, 0.00, 0.00, 90.00, 0, 0
2.00, 5.70, 18.19, 18.19, -1706.73, 20.00, 4.63, 6.67, 5.96, 0.00, 0.00, 0.00, 0.00, 90.00, 0, 0
2.00, 5.70, 20.00, 20.00, -1474.48, 20.00, 4.63, 6.67, 5.96, 0.00, 0.00, 0.00, 0.00, 90.00, 0, 0
2.00, 5.70, 20.00, 20.00, -1483.81, 20.00, 4.63, 6.67, 5.96, 0.00, 0.00, 0.00, 0.00, 90.00, 0, 0
2.00, 5.70, 20.00, 20.00, -1067.16, 20.00, 4.63, 8.33, 7.63, 148.71, 17.67, 10.86, -49.68, 82.01, 0, 0
2.00, 5.70, 20.17, 20.17, -66.25, 20.00, 4.63, 11.11, 10.41, 509.81, 50.09, 16.40, -38.13, 74.12, 0, 0
2.00, 5.70, 20.55, 20.55, 444.88, 20.00, 4.63, 13.33, 12.63, 580.94, 68.75, 27.60, -25.00, 68.16, 0, 0
2.00, 5.70, 20.84, 20.84, 487.57, 20.00, 4.63, 15.00, 14.31, 388.73, 82.14, 39.84, -10.45, 64.68, 0, 0
2.00, 5.70, 20.88, 20.88, 145.50, 20.00, 4.63, 16.11, 15.40, 145.45, 75.87, 52.24, 4.81, 64.12, 0, 0
2.00, 5.70, 20.66, 20.66, -383.59, 20.00, 4.63, 15.00, 14.31, 14.31, 39.58, 64.52, 19.74, 66.55, 0, 0
2.00, 5.70, 20.56, 20.56, -322.87, 20.00, 4.63, 15.00, 14.31, 33.13, 46.69, 76.48, 33.44, 71.65, 0, 0
2.00, 5.70, 20.40, 20.40, -509.58, 20.00, 4.63, 14.44, 13.74, 3.83, 26.74, 87.91, 45.57, 78.89, 0, 0
2.00, 5.70, 20.19, 20.19, -736.74, 20.00, 4.63, 13.33, 12.63, 0.00, 3.96, 0.00, 56.22, 87.72, 0, 0
2.00, 5.70, 20.04, 20.04, -740.05, 20.00, 4.63, 12.78, 12.09, 0.00, 0.00, 0.00, 0.00, 90.00, 0, 0
2.00, 5.70, 20.02, 20.02, -593.28, 20.00, 4.63, 12.22, 11.52, 0.00, 0.00, 0.00, 0.00, 90.00, 0, 0
2.00, 5.70, 20.00, 20.00, -592.32, 20.00, 4.63, 12.22, 11.52, 0.00, 0.00, 0.00, 0.00, 90.00, 0, 0
2.00, 5.70, 20.00, 20.00, -592.90, 20.00, 4.63, 12.22, 11.52, 0.00, 0.00, 0.00, 0.00, 90.00, 0, 0
2.00, 5.70, 20.00, 20.00, -617.79, 20.00, 4.63, 11.67, 10.96, 0.00, 0.00, 0.00, 0.00, 90.00, 0, 0
2.00, 5.70, 19.89, 19.89, -783.02, 20.00, 4.63, 11.67, 10.96, 0.00, 0.00, 0.00, 0.00, 90.00, 0, 0
2.00, 5.70, 19.71, 19.71, -1000.33, 20.00, 4.63, 11.11, 10.41, 0.00, 0.00, 0.00, 0.00, 90.00, 0, 0
2.00, 5.70, 19.54, 19.54, -1073.37, 20.00, 4.63, 10.56, 9.85, 0.00, 0.00, 0.00, 0.00, 90.00, 0, 0
2.00, 5.70, 19.41, 19.41, -1113.35, 20.00, 4.63, 10.56, 9.85, 0.00, 0.00, 0.00, 0.00, 90.00, 0, 0
2.00, 5.70, 19.28, 19.28, -1172.41, 20.00, 4.63, 10.00, 9.28, 0.00, 0.00, 0.00, 0.00, 90.00, 0, 0
2.00, 5.70, 19.16, 19.16, -1229.20, 20.00, 4.63, 9.44, 8.74, 0.00, 0.00, 0.00, 0.00, 90.00, 0, 0
2.00, 5.70, 19.04, 19.04, -1284.86, 20.00, 4.63, 8.89, 8.17, 0.00, 0.00, 0.00, 0.00, 90.00, 0, 0
2.00, 5.70, 18.92, 18.92, -1339.99, 20.00, 4.63, 8.33, 7.61, 0.00, 0.00, 0.00, 0.00, 90.00, 0, 0
2.00, 5.70, 20.00, 20.00, -1155.20, 20.00, 4.63, 7.78, 7.07, 0.00, 0.00, 0.00, 0.00, 90.00, 0, 0
2.00, 5.70, 20.00, 20.00, -1165.45, 20.00, 4.63, 7.78, 7.07, 0.00, 0.00, 0.00, 0.00, 90.00, 0, 0
2.00, 5.70, 20.00, 20.00, -819.99, 20.00, 4.63, 8.89, 8.19, 127.04, 17.08, 10.82, -49.73, 82.11, 0, 0
2.00, 5.70, 20.00, 20.00, -867.78, 20.00, 4.63, 10.00, 9.30, 36.23, 29.44, 16.30, -38.20, 74.21, 0, 0
2.00, 5.70, 20.00, 20.00, -564.62, 20.00, 4.63, 11.67, 10.97, 106.58, 50.80, 27.49, -25.09, 68.23, 0, 0
2.00, 5.70, 20.03, 20.03, -440.04, 20.00, 4.63, 12.78, 12.09, 81.88, 64.42, 39.73, -10.56, 64.74, 0, 0
2.00, 5.70, 20.07, 20.07, -428.40, 20.00, 4.63, 13.89, 13.20, 40.59, 62.05, 52.13, 4.70, 64.16, 0, 0
2.00, 5.70, 20.06, 20.06, -498.27, 20.00, 4.63, 13.89, 13.21, 17.30, 51.94, 64.41, 19.62, 66.56, 0, 0
2.00, 5.70, 20.04, 20.04, -520.82, 20.00, 4.63, 13.89, 13.21, 16.74, 43.15, 76.37, 33.33, 71.64, 0, 0
2.00, 5.70, 20.00, 20.00, -685.11, 20.00, 4.63, 13.33, 12.65, 0.92, 18.43, 87.80, 45.45, 78.87, 0, 0
2.00, 5.70, 20.00, 20.00, -816.61, 20.00, 4.63, 12.22, 11.55, 0.00, 2.38, 0.00, 56.11, 87.68, 0, 0
2.00, 5.70, 20.00, 20.00, -762.64, 20.00, 4.63, 12.22, 11.54, 0.00, 0.00, 0.00, 0.00, 90.00, 0, 0
2.00, 5.70, 20.00, 20.00, -582.25, 20.00, 4.63, 12.22, 11.54, 0.00, 0.00, 0.00, 0.00, 90.00, 0, 0
2.00, 5.70, 20.00, 20.00, -596.71, 20.00, 4.63, 11.67, 11.01, 0.00, 0.00, 0.00, 0.00, 90.00, 0, 0
2.00, 5.70, 20.00, 20.00, -591.92, 20.00, 4.63, 11.67, 10.99, 0.00, 0.00, 0.00, 0.00, 90.00, 0, 0
2.00, 5.70, 20.00, 20.00, -588.55, 20.00, 4.63, 11.67, 10.99, 0.00, 0.00, 0.00, 0.00, 90.00, 0, 0
2.00, 5.70, 19.88, 19.88, -796.19, 20.00, 4.63, 11.67, 10.99, 0.00, 0.00, 0.00, 0.00, 90.00, 0, 0
2.00, 5.70, 19.70, 19.70, -988.81, 20.00, 4.63, 11.67, 10.99, 0.00, 0.00, 0.00, 0.00, 90.00, 0, 0
2.00, 5.70, 19.55, 19.55, -1033.84, 20.00, 4.63, 11.67, 10.99, 0.00, 0.00, 0.00, 0.00, 90.00, 0, 0
2.00, 5.70, 19.43, 19.43, -1069.04, 20.00, 4.63, 11.67, 10.99, 0.00, 0.00, 0.00, 0.00, 90.00, 0, 0
2.00, 5.70, 19.33, 19.33, -1097.87, 20.00, 4.63, 11.67, 10.99, 0.00, 0.00, 0.00, 0.00, 90.00, 0, 0
2.00, 5.70, 19.24, 19.24, -1122.30, 20.00, 4.63, 11.67, 10.99, 0.00, 0.00, 0.00, 0.00, 90.00, 0, 0
2.00, 5.70, 19.16, 19.16, -1143.57, 20.00, 4.63, 11.67, 10.99, 0.00, 0.00, 0.00, 0.00, 90.00, 0, 0
2.00, 5.70, 19.09, 19.09, -1162.40, 20.00, 4.63, 11.67, 11.01, 0.00, 0.00, 0.00, 0.00, 90.00, 0, 0
2.00, 5.70, 20.00, 20.00, -945.49, 20.00, 4.63, 12.22, 11.55, 0.00, 0.00, 0.00, 0.00, 90.00, 0, 0
2.00, 5.70, 20.00, 20.00, -946.63, 20.00, 4.63, 12.22, 11.55, 0.00, 0.00, 0.00, 0.00, 90.00, 0, 0
2.00, 5.70, 20.00, 20.00, -897.51, 20.00, 4.63, 12.78, 12.12, 0.00, 8.71, 10.79, -49.79, 82.21, 0, 0
2.00, 5.70, 20.00, 20.00, -759.98, 20.00, 4.63, 13.89, 13.23, 9.06, 25.97, 16.20, -38.27, 74.29, 0, 0
2.00, 5.70, 20.00, 20.00, -659.46, 20.00, 4.63, 15.00, 14.34, 7.82, 35.42, 27.38, -25.18, 68.30, 0, 0
2.00, 5.70, 20.15, 20.15, -209.16, 20.00, 4.63, 16.67, 16.01, 105.15, 66.57, 39.62, -10.66, 64.79, 0, 0
2.00, 5.70, 20.16, 20.16, -401.86, 20.00, 4.63, 17.22, 16.56, 16.09, 41.63, 52.02, 4.58, 64.19, 0, 0
2.00, 5.70, 20.13, 20.13, -488.39, 20.00, 4.63, 17.22, 16.56, 0.00, 27.72, 64.30, 19.50, 66.57, 0, 0
2.00, 5.70, 20.12, 20.12, -464.27, 20.00, 4.63, 17.22, 16.56, 2.69, 31.24, 76.26, 33.21, 71.63, 0, 0
2.00, 5.70, 20.09, 20.09, -538.95, 20.00, 4.63, 16.67, 16.01, 0.26, 18.85, 87.69, 45.35, 78.84, 0, 0
2.00, 5.70, 20.02, 20.02, -628.68, 20.00, 4.63, 16.11, 15.45, 0.00, 3.17, 0.00, 56.01, 87.64, 0, 0
2.00, 5.70, 20.00, 20.00, -591.43, 20.00, 4.63, 15.56, 14.89, 0.00, 0.00, 0.00, 0.00, 90.00, 0, 0
2.00, 5.70, 20.08, 20.08, -398.35, 20.00, 4.63, 15.56, 14.89, 0.00, 0.00, 0.00, 0.00, 90.00, 0, 0
2.00, 5.70, 20.13, 20.13, -402.23, 20.00, 4.63, 15.00, 14.32, 0.00, 0.00, 0.00, 0.00, 90.00, 0, 0
2.00, 5.70, 20.16, 20.16, -412.66, 20.00, 4.63, 14.44, 13.78, 0.00, 0.00, 0.00, 0.00, 90.00, 0, 0
2.00, 5.70, 20.18, 20.18, -427.75, 20.00, 4.63, 13.89, 13.21, 0.00, 0.00, 0.00, 0.00, 90.00, 0, 0
2.00, 5.70, 20.08, 20.08, -648.70, 20.00, 4.63, 13.33, 12.66, 0.00, 0.00, 0.00, 0.00, 90.00, 0, 0
2.00, 5.70, 19.91, 19.91, -859.69, 20.00, 4.63, 12.78, 12.10, 0.00, 0.00, 0.00, 0.00, 90.00, 0, 0
2.00, 5.70, 19.77, 19.77, -927.07, 20.00, 4.63, 12.22, 11.54, 0.00, 0.00, 0.00, 0.00, 90.00, 0, 0
2.00, 5.70, 19.63, 19.63, -987.74, 20.00, 4.63, 11.67, 10.99, 0.00, 0.00, 0.00, 0.00, 90.00, 0, 0
2.00, 5.70, 19.51, 19.51, -1044.88, 20.00, 4.63, 11.11, 10.43, 0.00, 0.00, 0.00, 0.00, 90.00, 0, 0
2.00, 5.70, 19.38, 19.38, -1125.62, 20.00, 4.63, 10.00, 9.32, 0.00, 0.00, 0.00, 0.00, 90.00, 0, 0
2.00, 5.70, 19.26, 19.26, -1182.14, 20.00, 4.63, 9.44, 8.75, 0.00, 0.00, 0.00, 0.00, 90.00, 0, 0
2.00, 5.70, 19.14, 19.14, -1237.96, 20.00, 4.63, 8.89, 8.19, 0.00, 0.00, 0.00, 0.00, 90.00, 0, 0
2.00, 5.70, 20.00, 20.00, -1149.00, 20.00, 4.63, 8.33, 7.64, 0.00, 0.00, 0.00, 0.00, 90.00, 0, 0
2.00, 5.70, 20.00, 20.00, -1190.66, 20.00, 4.63, 7.78, 7.10, 0.00, 0.00, 0.00, 0.00, 90.00, 0, 0
2.00, 5.70, 20.00, 20.00, -791.22, 20.00, 4.63, 9.44, 8.75, 145.65, 16.95, 10.77, -49.85, 82.29, 0, 0
2.00, 5.70, 20.19, 20.19, -133.38, 20.00, 4.63, 11.11, 10.43, 365.88, 44.92, 16.11, -38.35, 74.37, 0, 0
2.00, 5.70, 20.17, 20.17, -461.88, 20.00, 4.63, 12.22, 11.54, 112.28, 48.29, 27.27, -25.28, 68.37, 0, 0
2.00, 5.70, 20.09, 20.09, -596.58, 20.00, 4.63, 12.78, 12.10, 21.11, 49.75, 39.51, -10.77, 64.84, 0, 0
2.00, 5.70, 20.01, 20.01, -649.98, 20.00, 4.63, 12.78, 12.10, 7.47, 45.41, 51.92, 4.46, 64.21, 0, 0
2.00, 5.70, 20.00, 20.00, -781.35, 20.00, 4.63, 12.22, 11.55, 0.73, 23.68, 64.20, 19.38, 66.57, 0, 0
2.00, 5.70, 20.00, 20.00, -832.68, 20.00, 4.63, 11.67, 10.99, 0.00, 15.84, 76.16, 33.10, 71.61, 0, 0
2.00, 5.70, 20.00, 20.00, -894.79, 20.00, 4.63, 11.11, 10.44, 0.00, 10.30, 87.59, 45.24, 78.80, 0, 0
2.00, 5.70, 20.00, 20.00, -970.79, 20.00, 4.63, 10.56, 9.88, 0.00, 1.58, 0.00, 55.92, 87.59, 0, 0
2.00, 5.70, 20.00, 20.00, -912.86, 20.00, 4.63, 10.56, 9.88, 0.00, 0.00, 0.00, 0.00, 90.00, 0, 0
2.00, 5.70, 20.00, 20.00, -734.17, 20.00, 4.63, 10.56, 9.88, 0.00, 0.00, 0.00, 0.00, 90.00, 0, 0
2.00, 5.70, 20.00, 20.00, -727.47, 20.00, 4.63, 10.56, 9.88, 0.00, 0.00, 0.00, 0.00, 90.00, 0, 0
2.00, 5.70, 20.00, 20.00, -724.42, 20.00, 4.63, 10.56, 9.88, 0.00, 0.00, 0.00, 0.00, 90.00, 0, 0
2.00, 5.70, 20.00, 20.00, -723.13, 20.00, 4.63, 10.56, 9.88, 0.00, 0.00, 0.00, 0.00, 90.00, 0, 0
2.00, 5.70, 19.84, 19.84, -891.28, 20.00, 4.63, 10.56, 9.88, 0.00, 0.00, 0.00, 0.00, 90.00, 0, 0
2.00, 5.70, 19.63, 19.63, -1085.16, 20.00, 4.63, 10.56, 9.88, 0.00, 0.00, 0.00, 0.00, 90.00, 0, 0
2.00, 5.70, 19.47, 19.47, -1131.60, 20.00, 4.63, 10.56, 9.88, 0.00, 0.00, 0.00, 0.00, 90.00, 0, 0
2.00, 5.70, 19.33, 19.33, -1168.20, 20.00, 4.63, 10.56, 9.88, 0.00, 0.00, 0.00, 0.00, 90.00, 0, 0
2.00, 5.70, 19.21, 19.21, -1198.38, 20.00, 4.63, 10.56, 9.88, 0.00, 0.00, 0.00, 0.00, 90.00, 0, 0
2.00, 5.70, 19.11, 19.11, -1224.13, 20.00, 4.63, 10.56, 9.88, 0.00, 0.00, 0.00, 0.00, 90.00, 0, 0
2.00, 5.70, 19.02, 19.02, -1246.68, 20.00, 4.63, 10.56, 9.88, 0.00, 0.00, 0.00, 0.00, 90.00, 0, 0
2.00, 5.70, 18.96, 18.96, -1241.22, 20.00, 4.63, 11.11, 10.44, 0.00, 0.00, 0.00, 0.00, 90.00, 0, 0
2.00, 5.70, 20.00, 20.00, -1101.89, 20.00, 4.63, 11.11, 10.44, 0.00, 0.00, 0.00, 0.00, 90.00, 0, 0
2.00, 5.70, 20.00, 20.00, -1109.61, 20.00, 4.63, 11.11, 10.44, 0.00, 0.00, 0.00, 0.00, 90.00, 0, 0
2.00, 5.70, 20.02, 20.02, -431.45, 20.00, 4.63, 12.78, 12.12, 269.62, 22.23, 10.76, -49.92, 82.38, 0, 0
2.00, 5.70, 20.04, 20.04, -450.36, 20.00, 4.63, 14.44, 13.79, 154.32, 37.64, 16.02, -38.43, 74.45, 0, 0
2.00, 5.70, 20.00, 20.00, -733.06, 20.00, 4.63, 14.44, 13.79, 20.93, 20.79, 27.17, -25.37, 68.43, 0, 0
2.00, 5.70, 20.00, 20.00, -603.53, 20.00, 4.63, 15.56, 14.90, 21.18, 41.83, 39.40, -10.89, 64.88, 0, 0
2.00, 5.70, 20.00, 20.00, -622.19, 20.00, 4.63, 15.56, 14.90, 5.00, 41.63, 51.81, 4.34, 64.23, 0, 0
2.00, 5.70, 20.00, 20.00, -543.14, 20.00, 4.63, 16.11, 15.45, 13.96, 46.79, 64.09, 19.26, 66.56, 0, 0
2.00, 5.70, 20.01, 20.01, -512.06, 20.00, 4.63, 16.67, 16.01, 10.94, 39.40, 76.06, 32.99, 71.58, 0, 0
2.00, 5.70, 20.00, 20.00, -637.76, 20.00, 4.63, 16.11, 15.45, 0.63, 17.07, 87.49, 45.14, 78.75, 0, 0
2.00, 5.70, 20.00, 20.00, -752.23, 20.00, 4.63, 15.00, 14.35, 0.00, 2.38, 0.00, 55.82, 87.53, 0, 0
2.00, 5.70, 20.00, 20.00, -692.65, 20.00, 4.63, 15.00, 14.34, 0.00, 0.00, 0.00, 0.00, 90.00, 0, 0
2.00, 5.70, 20.00, 20.00, -529.64, 20.00, 4.63, 14.44, 13.79, 0.00, 0.00, 0.00, 0.00, 90.00, 0, 0
2.00, 5.70, 20.02, 20.02, -516.16, 20.00, 4.63, 14.44, 13.79, 0.00, 0.00, 0.00, 0.00, 90.00, 0, 0
2.00, 5.70, 20.02, 20.02, -530.08, 20.00, 4.63, 13.89, 13.23, 0.00, 0.00, 0.00, 0.00, 90.00, 0, 0
2.00, 5.70, 20.03, 20.03, -523.53, 20.00, 4.63, 13.89, 13.23, 0.00, 0.00, 0.00, 0.00, 90.00, 0, 0
2.00, 5.70, 19.94, 19.94, -699.34, 20.00, 4.63, 13.33, 12.68, 0.00, 0.00, 0.00, 0.00, 90.00, 0, 0
2.00, 5.70, 19.80, 19.80, -881.53, 20.00, 4.63, 13.33, 12.66, 0.00, 0.00, 0.00, 0.00, 90.00, 0, 0
2.00, 5.70, 19.67, 19.67, -943.51, 20.00, 4.63, 12.78, 12.12, 0.00, 0.00, 0.00, 0.00, 90.00, 0, 0
2.00, 5.70, 19.55, 19.55, -999.66, 20.00, 4.63, 12.22, 11.55, 0.00, 0.00, 0.00, 0.00, 90.00, 0, 0
2.00, 5.70, 19.45, 19.45, -1027.11, 20.00, 4.63, 12.22, 11.55, 0.00, 0.00, 0.00, 0.00, 90.00, 0, 0
2.00, 5.70, 19.35, 19.35, -1075.84, 20.00, 4.63, 11.67, 11.01, 0.00, 0.00, 0.00, 0.00, 90.00, 0, 0
2.00, 5.70, 19.25, 19.25, -1124.21, 20.00, 4.63, 11.11, 10.44, 0.00, 0.00, 0.00, 0.00, 90.00, 0, 0
2.00, 5.70, 19.17, 19.17, -1146.91, 20.00, 4.63, 11.11, 10.44, 0.00, 0.00, 0.00, 0.00, 90.00, 0, 0
2.00, 5.70, 20.00, 20.00, -1059.61, 20.00, 4.63, 10.56, 9.88, 0.00, 0.00, 0.00, 0.00, 90.00, 0, 0
2.00, 5.70, 20.00, 20.00, -1071.50, 20.00, 4.63, 10.56, 9.88, 0.00, 0.00, 0.00, 0.00, 90.00, 0, 0
2.00, 5.70, 20.00, 20.00, -1079.05, 20.00, 4.63, 10.56, 9.89, 0.00, 3.17, 10.76, -49.99, 82.46, 0, 0
2.00, 5.70, 20.00, 20.00, -980.31, 20.00, 4.63, 11.67, 10.99, 0.00, 18.22, 15.93, -38.52, 74.51, 0, 0
2.00, 5.70, 20.00, 20.00, -725.71, 20.00, 4.63, 13.33, 12.66, 47.19, 40.65, 27.07, -25.47, 68.48, 0, 0
2.00, 5.70, 20.00, 20.00, -829.04, 20.00, 4.63, 13.33, 12.66, 7.73, 25.80, 39.30, -11.00, 64.91, 0, 0
2.00, 5.70, 20.00, 20.00, -619.07, 20.00, 4.63, 14.44, 13.78, 32.68, 49.21, 51.71, 4.22, 64.24, 0, 0
2.00, 5.70, 20.05, 20.05, -427.72, 20.00, 4.63, 15.56, 14.89, 52.45, 59.26, 63.99, 19.15, 66.55, 0, 0
2.00, 5.70, 20.01, 20.01, -579.84, 20.00, 4.63, 15.56, 14.89, 9.45, 34.90, 75.96, 32.88, 71.55, 0, 0
2.00, 5.70, 20.00, 20.00, -703.89, 20.00, 4.63, 15.00, 14.32, 0.07, 16.59, 87.40, 45.05, 78.71, 0, 0
2.00, 5.70, 20.00, 20.00, -788.65, 20.00, 4.63, 14.44, 13.76, 0.00, 3.17, 0.00, 55.74, 87.47, 0, 0
2.00, 5.70, 20.00, 20.00, -755.35, 20.00, 4.63, 13.89, 13.21, 0.00, 0.00, 0.00, 0.00, 90.00, 0, 0
2.00, 5.70, 20.00, 20.00, -594.30, 20.00, 4.63, 13.33, 12.65, 0.00, 0.00, 0.00, 0.00, 90.00, 0, 0
2.00, 5.70, 20.00, 20.00, -582.42, 20.00, 4.63, 13.33, 12.65, 0.00, 0.00, 0.00, 0.00, 90.00, 0, 0
2.00, 5.70, 20.00, 20.00, -598.06, 20.00, 4.63, 12.78, 12.09, 0.00, 0.00, 0.00, 0.00, 90.00, 0, 0
2.00, 5.70, 20.00, 20.00, -616.91, 20.00, 4.63, 12.22, 11.52, 0.00, 0.00, 0.00, 0.00, 90.00, 0, 0
2.00, 5.70, 19.88, 19.88, -800.77, 20.00, 4.63, 11.67, 10.97, 0.00, 0.00, 0.00, 0.00, 90.00, 0, 0
2.00, 5.70, 19.69, 19.69, -1014.91, 20.00, 4.63, 11.11, 10.41, 0.00, 0.00, 0.00, 0.00, 90.00, 0, 0
2.00, 5.70, 19.52, 19.52, -1085.23, 20.00, 4.63, 10.56, 9.85, 0.00, 0.00, 0.00, 0.00, 90.00, 0, 0
2.00, 5.70, 19.37, 19.37, -1148.59, 20.00, 4.63, 10.00, 9.30, 0.00, 0.00, 0.00, 0.00, 90.00, 0, 0
2.00, 5.70, 19.22, 19.22, -1233.96, 20.00, 4.63, 8.89, 8.19, 0.00, 0.00, 0.00, 0.00, 90.00, 0, 0
2.00, 5.70, 19.08, 19.08, -1293.86, 20.00, 4.63, 8.33, 7.63, 0.00, 0.00, 0.00, 0.00, 90.00, 0, 0
2.00, 5.70, 18.93, 18.93, -1378.28, 20.00, 4.63, 7.22, 6.52, 0.00, 0.00, 0.00, 0.00, 90.00, 0, 0
2.00, 5.70, 18.79, 18.79, -1438.65, 20.00, 4.63, 6.67, 5.94, 0.00, 0.00, 0.00, 0.00, 90.00, 0, 0
2.00, 5.70, 20.00, 20.00, -1341.48, 20.00, 4.63, 5.56, 4.85, 0.00, 0.00, 0.00, 0.00, 90.00, 0, 0
2.00, 5.70, 20.00, 20.00, -1361.71, 20.00, 4.63, 5.56, 4.83, 0.00, 0.00, 0.00, 0.00, 90.00, 0, 0
2.00, 5.70, 20.05, 20.05, -358.21, 20.00, 4.63, 7.78, 7.07, 430.78, 20.12, 10.76, -50.07, 82.53, 0, 0
2.00, 5.70, 20.48, 20.48, 402.80, 20.00, 4.63, 10.56, 9.83, 633.23, 46.62, 15.85, -38.61, 74.58, 0, 0
2.00, 5.70, 21.00, 21.00, 860.27, 20.00, 4.63, 13.33, 12.62, 646.14, 69.78, 26.97, -25.58, 68.52, 0, 0
2.00, 5.70, 21.48, 21.48, 1070.60, 20.00, 4.63, 15.56, 14.84, 505.90, 84.66, 39.20, -11.11, 64.93, 0, 0
2.00, 5.70, 21.77, 21.77, 947.96, 20.00, 4.63, 16.67, 15.95, 302.98, 84.33, 51.61, 4.11, 64.24, 0, 0
2.00, 5.70, 21.91, 21.91, 802.85, 20.00, 4.63, 17.78, 17.04, 185.58, 78.16, 63.90, 19.03, 66.53, 0, 0
2.00, 5.70, 21.91, 21.91, 552.57, 20.00, 4.63, 17.78, 17.04, 90.74, 62.20, 75.86, 32.78, 71.51, 0, 0
2.00, 5.70, 21.75, 21.75, 180.28, 20.00, 4.63, 16.67, 15.93, 10.73, 33.97, 87.31, 44.95, 78.65, 0, 0
2.00, 5.70, 21.48, 21.48, -167.23, 20.00, 4.63, 15.00, 14.25, 0.00, 7.13, 0.00, 55.65, 87.40, 0, 0
2.00, 5.70, 21.26, 21.26, -255.76, 20.00, 4.63, 13.89, 13.14, 0.00, 0.00, 0.00, 0.00, 90.00, 0, 0
2.00, 5.70, 21.17, 21.17, -171.30, 20.00, 4.63, 12.78, 12.03, 0.00, 0.00, 0.00, 0.00, 90.00, 0, 0
2.00, 5.70, 21.08, 21.08, -225.62, 20.00, 4.63, 12.22, 11.47, 0.00, 0.00, 0.00, 0.00, 90.00, 0, 0
2.00, 5.70, 20.99, 20.99, -302.76, 20.00, 4.63, 11.11, 10.36, 0.00, 0.00, 0.00, 0.00, 90.00, 0, 0
2.00, 5.70, 20.89, 20.89, -380.52, 20.00, 4.63, 10.00, 9.25, 0.00, 0.00, 0.00, 0.00, 90.00, 0, 0
2.00, 5.70, 20.72, 20.72, -586.61, 20.00, 4.63, 9.44, 8.68, 0.00, 0.00, 0.00, 0.00, 90.00, 0, 0
2.00, 5.70, 20.48, 20.48, -847.49, 20.00, 4.63, 8.33, 7.56, 0.00, 0.00, 0.00, 0.00, 90.00, 0, 0
2.00, 5.70, 20.25, 20.25, -965.80, 20.00, 4.63, 7.22, 6.45, 0.00, 0.00, 0.00, 0.00, 90.00, 0, 0
2.00, 5.70, 20.04, 20.04, -1078.43, 20.00, 4.63, 6.11, 5.34, 0.00, 0.00, 0.00, 0.00, 90.00, 0, 0
2.00, 5.70, 19.84, 19.84, -1162.25, 20.00, 4.63, 5.56, 4.76, 0.00, 0.00, 0.00, 0.00, 90.00, 0, 0
2.00, 5.70, 19.65, 19.65, -1268.61, 20.00, 4.63, 4.44, 3.65, 0.00, 0.00, 0.00, 0.00, 90.00, 0, 0
2.00, 5.70, 19.45, 19.45, -1375.19, 20.00, 4.63, 3.33, 2.54, 0.00, 0.00, 0.00, 0.00, 90.00, 0, 0
2.00, 5.70, 19.25, 19.25, -1482.62, 20.00, 4.63, 2.22, 1.42, 0.00, 0.00, 0.00, 0.00, 90.00, 0, 0
2.00, 5.70, 20.00, 20.00, -1461.47, 20.00, 4.63, 1.11, 0.31, 0.00, 0.00, 0.00, 0.00, 90.00, 0, 0
2.00, 5.70, 20.00, 20.00, -1521.36, 20.00, 4.63, 0.56, -0.23, 0.00, 0.00, 0.00, 0.00, 90.00, 0, 0
2.00, 5.70, 20.00, 20.00, -814.05, 20.00, 4.63, 2.78, 1.98, 291.31, 20.53, 10.77, -50.15, 82.60, 0, 0
2.00, 5.70, 20.31, 20.31, -63.17, 20.00, 4.63, 5.56, 4.78, 500.21, 53.76, 15.77, -38.70, 74.63, 0, 0
2.00, 5.70, 20.48, 20.48, -153.48, 20.00, 4.63, 7.22, 6.45, 321.02, 63.10, 26.88, -25.68, 68.56, 0, 0
2.00, 5.70, 20.57, 20.57, -201.59, 20.00, 4.63, 8.33, 7.56, 200.23, 68.05, 39.11, -11.23, 64.95, 0, 0
2.00, 5.70, 20.62, 20.62, -240.15, 20.00, 4.63, 8.89, 8.12, 125.49, 71.33, 51.51, 3.99, 64.23, 0, 0
2.00, 5.70, 20.71, 20.71, -138.41, 20.00, 4.63, 10.00, 9.23, 120.04, 72.61, 63.80, 18.92, 66.50, 0, 0
2.00, 5.70, 20.70, 20.70, -282.11, 20.00, 4.63, 10.00, 9.23, 67.78, 55.64, 75.77, 32.68, 71.46, 0, 0
2.00, 5.70, 20.56, 20.56, -577.72, 20.00, 4.63, 8.89, 8.14, 9.68, 29.91, 87.22, 44.86, 78.59, 0, 0
2.00, 5.70, 20.32, 20.32, -864.07, 20.00, 4.63, 7.78, 7.01, 0.00, 6.34, 0.00, 55.57, 87.33, 0, 0
2.00, 5.70, 20.14, 20.14, -907.85, 20.00, 4.63, 7.22, 6.47, 0.00, 0.00, 0.00, 0.00, 90.00, 0, 0
2.00, 5.70, 20.08, 20.08, -764.82, 20.00, 4.63, 7.22, 6.47, 0.00, 0.00, 0.00, 0.00, 90.00, 0, 0
2.00, 5.70, 20.01, 20.01, -812.33, 20.00, 4.63, 6.67, 5.92, 0.00, 0.00, 0.00, 0.00, 90.00, 0, 0
2.00, 5.70, 20.00, 20.00, -834.74, 20.00, 4.63, 6.67, 5.92, 0.00, 0.00, 0.00, 0.00, 90.00, 0, 0
2.00, 5.70, 20.00, 20.00, -855.04, 20.00, 4.63, 6.67, 5.92, 0.00, 0.00, 0.00, 0.00, 90.00, 0, 0
2.00, 5.70, 19.84, 19.84, -1027.86, 20.00, 4.63, 6.67, 5.92, 0.00, 0.00, 0.00, 0.00, 90.00, 0, 0
2.00, 5.70, 19.61, 19.61, -1255.75, 20.00, 4.63, 6.11, 5.38, 0.00, 0.00, 0.00, 0.00, 90.00, 0, 0
2.00, 5.70, 19.43, 19.43, -1288.09, 20.00, 4.63, 6.67, 5.92, 0.00, 0.00, 0.00, 0.00, 90.00, 0, 0
2.00, 5.70, 19.28, 19.28, -1334.93, 20.00, 4.63, 6.67, 5.92, 0.00, 0.00, 0.00, 0.00, 90.00, 0, 0
2.00, 5.70, 19.16, 19.16, -1349.87, 20.00, 4.63, 7.22, 6.47, 0.00, 0.00, 0.00, 0.00, 90.00, 0, 0
2.00, 5.70, 19.04, 19.04, -1384.02, 20.00, 4.63, 7.22, 6.49, 0.00, 0.00, 0.00, 0.00, 90.00, 0, 0
2.00, 5.70, 18.94, 18.94, -1415.30, 20.00, 4.63, 7.22, 6.49, 0.00, 0.00, 0.00, 0.00, 90.00, 0, 0
2.00, 5.70, 18.85, 18.85, -1418.08, 20.00, 4.63, 7.78, 7.05, 0.00, 0.00, 0.00, 0.00, 90.00, 0, 0
2.00, 5.70, 20.00, 20.00, -1224.49, 20.00, 4.63, 7.78, 7.07, 0.00, 0.00, 0.00, 0.00, 90.00, 0, 0
2.00, 5.70, 20.00, 20.00, -1231.85, 20.00, 4.63, 7.78, 7.07, 0.00, 0.00, 0.00, 0.00, 90.00, 0, 0
2.00, 5.70, 20.00, 20.00, -1141.98, 20.00, 4.63, 8.89, 8.17, 6.20, 11.83, 10.79, -50.24, 82.66, 0, 0
2.00, 5.70, 20.00, 20.00, -1004.91, 20.00, 4.63, 10.56, 9.83, 9.10, 25.98, 15.70, -38.80, 74.68, 0, 0
2.00, 5.70, 20.00, 20.00, -896.64, 20.00, 4.63, 11.67, 10.94, 10.54, 36.93, 26.79, -25.79, 68.60, 0, 0
2.00, 5.70, 20.00, 20.00, -803.22, 20.00, 4.63, 12.22, 11.50, 15.59, 46.05, 39.01, -11.35, 64.97, 0, 0
2.00, 5.70, 20.04, 20.04, -491.54, 20.00, 4.63, 13.89, 13.16, 67.43, 61.89, 51.42, 3.87, 64.22, 0, 0
2.00, 5.70, 20.00, 20.00, -631.88, 20.00, 4.63, 13.89, 13.18, 15.72, 45.04, 63.71, 18.81, 66.47, 0, 0
2.00, 5.70, 20.00, 20.00, -698.26, 20.00, 4.63, 13.89, 13.18, 4.41, 33.35, 75.68, 32.58, 71.41, 0, 0
2.00, 5.70, 20.00, 20.00, -693.56, 20.00, 4.63, 13.89, 13.18, 4.26, 28.77, 87.14, 44.78, 78.52, 0, 0
2.00, 5.70, 20.00, 20.00, -834.12, 20.00, 4.63, 13.33, 12.62, 0.00, 7.13, 0.00, 55.50, 87.26, 0, 0
2.00, 5.70, 20.00, 20.00, -813.15, 20.00, 4.63, 12.78, 12.05, 0.00, 0.00, 0.00, 0.00, 90.00, 0, 0
2.00, 5.70, 20.00, 20.00, -651.17, 20.00, 4.63, 12.22, 11.50, 0.00, 0.00, 0.00, 0.00, 90.00, 0, 0
2.00, 5.70, 20.00, 20.00, -661.74, 20.00, 4.63, 11.67, 10.94, 0.00, 0.00, 0.00, 0.00, 90.00, 0, 0
2.00, 5.70, 20.00, 20.00, -676.99, 20.00, 4.63, 11.11, 10.39, 0.00, 0.00, 0.00, 0.00, 90.00, 0, 0
2.00, 5.70, 20.00, 20.00, -695.45, 20.00, 4.63, 10.56, 9.83, 0.00, 0.00, 0.00, 0.00, 90.00, 0, 0
2.00, 5.70, 19.83, 19.83, -926.70, 20.00, 4.63, 10.00, 9.27, 0.00, 0.00, 0.00, 0.00, 90.00, 0, 0
2.00, 5.70, 19.60, 19.60, -1146.41, 20.00, 4.63, 9.44, 8.72, 0.00, 0.00, 0.00, 0.00, 90.00, 0, 0
2.00, 5.70, 19.41, 19.41, -1221.54, 20.00, 4.63, 8.89, 8.16, 0.00, 0.00, 0.00, 0.00, 90.00, 0, 0
2.00, 5.70, 19.22, 19.22, -1315.18, 20.00, 4.63, 7.78, 7.05, 0.00, 0.00, 0.00, 0.00, 90.00, 0, 0
2.00, 5.70, 19.05, 19.05, -1381.13, 20.00, 4.63, 7.22, 6.49, 0.00, 0.00, 0.00, 0.00, 90.00, 0, 0
2.00, 5.70, 18.90, 18.90, -1444.28, 20.00, 4.63, 6.67, 5.92, 0.00, 0.00, 0.00, 0.00, 90.00, 0, 0
2.00, 5.70, 18.74, 18.74, -1532.08, 20.00, 4.63, 5.56, 4.81, 0.00, 0.00, 0.00, 0.00, 90.00, 0, 0
2.00, 5.70, 18.58, 18.58, -1595.30, 20.00, 4.63, 5.00, 4.25, 0.00, 0.00, 0.00, 0.00, 90.00, 0, 0
2.00, 5.70, 20.00, 20.00, -1414.30, 20.00, 4.63, 3.89, 3.14, 0.00, 0.00, 0.00, 0.00, 90.00, 0, 0
2.00, 5.70, 20.00, 20.00, -1429.13, 20.00, 4.63, 3.89, 3.14, 0.00, 0.00, 0.00, 0.00, 90.00, 0, 0
2.00, 5.70, 20.00, 20.00, -1309.72, 20.00, 4.63, 5.00, 4.25, 27.89, 10.86, 10.82, -50.33, 82.72, 0, 0
2.00, 5.70, 20.00, 20.00, -1318.83, 20.00, 4.63, 5.56, 4.81, 6.07, 13.36, 15.64, -38.90, 74.73, 0, 0
2.00, 5.70, 20.00, 20.00, -1251.34, 20.00, 4.63, 6.11, 5.38, 0.00, 28.51, 26.70, -25.90, 68.62, 0, 0
2.00, 5.70, 20.00, 20.00, -1085.07, 20.00, 4.63, 7.22, 6.49, 19.54, 46.67, 38.92, -11.46, 64.97, 0, 0
2.00, 5.70, 20.00, 20.00, -846.41, 20.00, 4.63, 8.33, 7.59, 59.99, 62.41, 51.33, 3.75, 64.20, 0, 0
2.00, 5.70, 20.00, 20.00, -719.33, 20.00, 4.63, 9.44, 8.70, 66.84, 63.32, 63.62, 18.70, 66.42, 0, 0
2.00, 5.70, 20.00, 20.00, -852.32, 20.00, 4.63, 10.00, 9.25, 21.35, 44.11, 75.60, 32.48, 71.35, 0, 0
2.00, 5.70, 20.00, 20.00, -1013.50, 20.00, 4.63, 9.44, 8.70, 1.16, 20.82, 87.06, 44.70, 78.45, 0, 0
2.00, 5.70, 20.00, 20.00, -1149.38, 20.00, 4.63, 8.33, 7.59, 0.00, 3.96, 0.00, 55.43, 87.17, 0, 0
2.00, 5.70, 20.00, 20.00, -1123.69, 20.00, 4.63, 7.78, 7.03, 0.00, 0.00, 0.00, 0.00, 90.00, 0, 0
2.00, 5.70, 20.00, 20.00, -969.83, 20.00, 4.63, 7.22, 6.47, 0.00, 0.00, 0.00, 0.00, 90.00, 0, 0
2.00, 5.70, 20.00, 20.00, -988.16, 20.00, 4.63, 6.67, 5.90, 0.00, 0.00, 0.00, 0.00, 90.00, 0, 0
2.00, 5.70, 20.00, 20.00, -1010.77, 20.00, 4.63, 6.11, 5.36, 0.00, 0.00, 0.00, 0.00, 90.00, 0, 0
2.00, 5.70, 20.00, 20.00, -1036.21, 20.00, 4.63, 5.56, 4.80, 0.00, 0.00, 0.00, 0.00, 90.00, 0, 0
2.00, 5.70, 19.62, 19.62, -1302.14, 20.00, 4.63, 5.00, 4.23, 0.00, 0.00, 0.00, 0.00, 90.00, 0, 0
2.00, 5.70, 19.24, 19.24, -1548.64, 20.00, 4.63, 4.44, 3.67, 0.00, 0.00, 0.00, 0.00, 90.00, 0, 0
2.00, 5.70, 18.93, 18.93, -1644.99, 20.00, 4.63, 3.89, 3.11, 0.00, 0.00, 0.00, 0.00, 90.00, 0, 0
2.00, 5.70, 18.66, 18.66, -1730.01, 20.00, 4.63, 3.33, 2.56, 0.00, 0.00, 0.00, 0.00, 90.00, 0, 0
2.00, 5.70, 18.43, 18.43, -1808.22, 20.00, 4.63, 2.78, 2.00, 0.00, 0.00, 0.00, 0.00, 90.00, 0, 0
2.00, 5.70, 18.21, 18.21, -1882.01, 20.00, 4.63, 2.22, 1.44, 0.00, 0.00, 0.00, 0.00, 90.00, 0, 0
2.00, 5.70, 18.01, 18.01, -1953.00, 20.00, 4.63, 1.67, 0.87, 0.00, 0.00, 0.00, 0.00, 90.00, 0, 0
2.00, 5.70, 17.83, 17.83, -2022.25, 20.00, 4.63, 1.11, 0.31, 0.00, 0.00, 0.00, 0.00, 90.00, 0, 0
2.00, 5.70, 20.00, 20.00, -1817.42, 20.00, 4.63, 0.00, -0.79, 0.00, 0.00, 0.00, 0.00, 90.00, 0, 0
2.00, 5.70, 20.00, 20.00, -1839.92, 20.00, 4.63, 0.00, -0.79, 0.00, 0.00, 0.00, 0.00, 90.00, 0, 0
2.00, 5.70, 20.00, 20.00, -1452.41, 20.00, 4.63, 1.67, 0.87, 145.61, 15.44, 10.85, -50.42, 82.78, 0, 0
2.00, 5.70, 20.00, 20.00, -553.71, 20.00, 4.63, 4.44, 3.65, 464.50, 49.72, 15.58, -39.01, 74.77, 0, 0
2.00, 5.70, 20.21, 20.21, 8.33, 20.00, 4.63, 6.67, 5.88, 581.67, 70.20, 26.62, -26.02, 68.65, 0, 0
2.00, 5.70, 20.37, 20.37, 29.54, 20.00, 4.63, 8.89, 8.10, 391.72, 77.21, 38.83, -11.58, 64.97, 0, 0
2.00, 5.70, 20.46, 20.46, -17.13, 20.00, 4.63, 10.00, 9.21, 245.81, 81.37, 51.24, 3.63, 64.18, 0, 0
2.00, 5.70, 20.38, 20.38, -325.72, 20.00, 4.63, 10.56, 9.77, 103.19, 68.94, 63.53, 18.59, 66.38, 0, 0
2.00, 5.70, 20.27, 20.27, -463.10, 20.00, 4.63, 10.56, 9.77, 60.67, 56.84, 75.52, 32.39, 71.28, 0, 0
2.00, 5.70, 20.08, 20.08, -710.03, 20.00, 4.63, 10.00, 9.21, 11.44, 32.54, 86.98, 44.62, 78.37, 0, 0
2.00, 5.70, 20.00, 20.00, -1029.67, 20.00, 4.63, 8.33, 7.53, 0.00, 7.92, 0.00, 55.36, 87.09, 0, 0
2.00, 5.70, 20.00, 20.00, -1067.68, 20.00, 4.63, 7.22, 6.43, 0.00, 0.00, 0.00, 0.00, 90.00, 0, 0
2.00, 5.70, 20.00, 20.00, -934.32, 20.00, 4.63, 6.67, 5.88, 0.00, 0.00, 0.00, 0.00, 90.00, 0, 0
2.00, 5.70, 20.00, 20.00, -968.74, 20.00, 4.63, 6.11, 5.32, 0.00, 0.00, 0.00, 0.00, 90.00, 0, 0
2.00, 5.70, 20.00, 20.00, -1004.63, 20.00, 4.63, 5.56, 4.76, 0.00, 0.00, 0.00, 0.00, 90.00, 0, 0
2.00, 5.70, 20.00, 20.00, -1041.14, 20.00, 4.63, 5.00, 4.19, 0.00, 0.00, 0.00, 0.00, 90.00, 0, 0
2.00, 5.70, 19.63, 19.63, -1268.61, 20.00, 4.63, 4.44, 3.65, 0.00, 0.00, 0.00, 0.00, 90.00, 0, 0
2.00, 5.70, 19.25, 19.25, -1518.47, 20.00, 4.63, 3.89, 3.09, 0.00, 0.00, 0.00, 0.00, 90.00, 0, 0
2.00, 5.70, 18.94, 18.94, -1618.84, 20.00, 4.63, 3.33, 2.52, 0.00, 0.00, 0.00, 0.00, 90.00, 0, 0
2.00, 5.70, 18.67, 18.67, -1708.20, 20.00, 4.63, 2.78, 1.96, 0.00, 0.00, 0.00, 0.00, 90.00, 0, 0
2.00, 5.70, 18.43, 18.43, -1790.64, 20.00, 4.63, 2.22, 1.40, 0.00, 0.00, 0.00, 0.00, 90.00, 0, 0
2.00, 5.70, 18.22, 18.22, -1868.43, 20.00, 4.63, 1.67, 0.86, 0.00, 0.00, 0.00, 0.00, 90.00, 0, 0
2.00, 5.70, 18.00, 18.00, -1970.29, 20.00, 4.63, 0.56, -0.25, 0.00, 0.00, 0.00, 0.00, 90.00, 0, 0
2.00, 5.70, 17.80, 17.80, -2045.86, 20.00, 4.63, 0.00, -0.81, 0.00, 0.00, 0.00, 0.00, 90.00, 0, 0
2.00, 5.70, 20.00, 20.00, -1817.76, 20.00, 4.63, -0.56, -1.38, 0.00, 0.00, 0.00, 0.00, 90.00, 0, 0
2.00, 5.70, 20.00, 20.00, -1843.05, 20.00, 4.63, -0.56, -1.38, 0.00, 0.00, 0.00, 0.00, 90.00, 0, 0
2.00, 5.70, 20.00, 20.00, -1321.60, 20.00, 4.63, 0.56, -0.25, 226.13, 16.38, 10.90, -50.52, 82.82, 0, 0
2.00, 5.70, 20.00, 20.00, -622.84, 20.00, 4.63, 2.78, 1.96, 464.68, 41.82, 15.52, -39.11, 74.80, 0, 0
2.00, 5.70, 20.03, 20.03, -339.98, 20.00, 4.63, 4.44, 3.63, 468.65, 62.27, 26.54, -26.14, 68.66, 0, 0
2.00, 5.70, 20.10, 20.10, -239.22, 20.00, 4.63, 6.11, 5.30, 347.40, 77.58, 38.75, -11.71, 64.96, 0, 0
2.00, 5.70, 20.00, 20.00, -643.38, 20.00, 4.63, 6.67, 5.86, 114.23, 68.22, 51.16, 3.52, 64.15, 0, 0
2.00, 5.70, 20.00, 20.00, -713.94, 20.00, 4.63, 7.22, 6.43, 80.03, 63.50, 63.45, 18.49, 66.33, 0, 0
2.00, 5.70, 20.00, 20.00, -832.95, 20.00, 4.63, 7.22, 6.43, 46.67, 50.36, 75.44, 32.30, 71.21, 0, 0
2.00, 5.70, 20.00, 20.00, -1061.35, 20.00, 4.63, 6.11, 5.32, 7.97, 28.71, 86.91, 44.54, 78.29, 0, 0
2.00, 5.70, 20.00, 20.00, -1275.58, 20.00, 4.63, 5.00, 4.21, 0.00, 7.13, 0.00, 55.30, 87.00, 0, 0
2.00, 5.70, 20.00, 20.00, -1282.85, 20.00, 4.63, 4.44, 3.65, 0.00, 0.00, 0.00, 0.00, 90.00, 0, 0
2.00, 5.70, 20.00, 20.00, -1148.63, 20.00, 4.63, 3.89, 3.11, 0.00, 0.00, 0.00, 0.00, 90.00, 0, 0
2.00, 5.70, 20.00, 20.00, -1158.51, 20.00, 4.63, 3.89, 3.09, 0.00, 0.00, 0.00, 0.00, 90.00, 0, 0
2.00, 5.70, 20.00, 20.00, -1194.01, 20.00, 4.63, 3.33, 2.54, 0.00, 0.00, 0.00, 0.00, 90.00, 0, 0
2.00, 5.70, 20.00, 20.00, -1230.66, 20.00, 4.63, 2.78, 1.98, 0.00, 0.00, 0.00, 0.00, 90.00, 0, 0
2.00, 5.70, 19.53, 19.53, -1447.48, 20.00, 4.63, 2.78, 1.98, 0.00, 0.00, 0.00, 0.00, 90.00, 0, 0
2.00, 5.70, 19.08, 19.08, -1706.71, 20.00, 4.63, 2.22, 1.42, 0.00, 0.00, 0.00, 0.00, 90.00, 0, 0
2.00, 5.70, 18.71, 18.71, -1813.79, 20.00, 4.63, 1.67, 0.87, 0.00, 0.00, 0.00, 0.00, 90.00, 0, 0
2.00, 5.70, 18.41, 18.41, -1881.39, 20.00, 4.63, 1.67, 0.86, 0.00, 0.00, 0.00, 0.00, 90.00, 0, 0
2.00, 5.70, 18.16, 18.16, -1938.25, 20.00, 4.63, 1.67, 0.86, 0.00, 0.00, 0.00, 0.00, 90.00, 0, 0
2.00, 5.70, 17.94, 17.94, -2014.39, 20.00, 4.63, 1.11, 0.31, 0.00, 0.00, 0.00, 0.00, 90.00, 0, 0
2.00, 5.70, 17.74, 17.74, -2060.57, 20.00, 4.63, 1.11, 0.31, 0.00, 0.00, 0.00, 0.00, 90.00, 0, 0
2.00, 5.70, 17.57, 17.57, -2102.26, 20.00, 4.63, 1.11, 0.31, 0.00, 0.00, 0.00, 0.00, 90.00, 0, 0
2.00, 5.70, 20.00, 20.00, -1836.61, 20.00, 4.63, 0.56, -0.23, 0.00, 0.00, 0.00, 0.00, 90.00, 0, 0
2.00, 5.70, 20.00, 20.00, -1856.12, 20.00, 4.63, 0.56, -0.23, 0.00, 0.00, 0.00, 0.00, 90.00, 0, 0
2.00, 5.70, 20.00, 20.00, -1699.26, 20.00, 4.63, 1.67, 0.87, 49.55, 10.69, 10.95, -50.63, 82.87, 0, 0
2.00, 5.70, 20.00, 20.00, -1157.18, 20.00, 4.63, 3.33, 2.54, 236.98, 37.07, 15.47, -39.23, 74.83, 0, 0
2.00, 5.70, 20.00, 20.00, -1039.38, 20.00, 4.63, 5.56, 4.78, 172.33, 56.22, 26.47, -26.25, 68.67, 0, 0
2.00, 5.70, 20.00, 20.00, -1084.18, 20.00, 4.63, 6.67, 5.88, 76.69, 61.62, 38.67, -11.83, 64.95, 0, 0
2.00, 5.70, 20.00, 20.00, -1131.58, 20.00, 4.63, 7.22, 6.45, 33.44, 57.12, 51.07, 3.40, 64.11, 0, 0
2.00, 5.70, 20.00, 20.00, -1065.50, 20.00, 4.63, 7.78, 7.01, 41.60, 57.32, 63.37, 18.39, 66.27, 0, 0
2.00, 5.70, 20.00, 20.00, -1014.21, 20.00, 4.63, 7.78, 7.01, 46.39, 55.15, 75.37, 32.21, 71.14, 0, 0
2.00, 5.70, 20.00, 20.00, -1223.10, 20.00, 4.63, 7.22, 6.45, 5.57, 27.50, 86.84, 44.48, 78.20, 0, 0
2.00, 5.70, 20.00, 20.00, -1382.14, 20.00, 4.63, 6.67, 5.88, 0.00, 4.75, 0.00, 55.25, 86.90, 0, 0
2.00, 5.70, 20.00, 20.00, -1362.47, 20.00, 4.63, 6.11, 5.34, 0.00, 0.00, 0.00, 0.00, 90.00, 0, 0
2.00, 5.70, 20.00, 20.00, -1211.41, 20.00, 4.63, 5.56, 4.80, 0.00, 0.00, 0.00, 0.00, 90.00, 0, 0
2.00, 5.70, 20.00, 20.00, -1206.92, 20.00, 4.63, 5.56, 4.80, 0.00, 0.00, 0.00, 0.00, 90.00, 0, 0
2.00, 5.70, 20.00, 20.00, -1205.17, 20.00, 4.63, 5.56, 4.78, 0.00, 0.00, 0.00, 0.00, 90.00, 0, 0
2.00, 5.70, 20.00, 20.00, -1229.11, 20.00, 4.63, 5.00, 4.23, 0.00, 0.00, 0.00, 0.00, 90.00, 0, 0
2.00, 5.70, 19.52, 19.52, -1438.80, 20.00, 4.63, 5.00, 4.23, 0.00, 0.00, 0.00, 0.00, 90.00, 0, 0
2.00, 5.70, 19.08, 19.08, -1662.93, 20.00, 4.63, 5.00, 4.23, 0.00, 0.00, 0.00, 0.00, 90.00, 0, 0
2.00, 5.70, 18.73, 18.73, -1758.45, 20.00, 4.63, 4.44, 3.67, 0.00, 0.00, 0.00, 0.00, 90.00, 0, 0
2.00, 5.70, 18.45, 18.45, -1814.72, 20.00, 4.63, 4.44, 3.67, 0.00, 0.00, 0.00, 0.00, 90.00, 0, 0
2.00, 5.70, 18.21, 18.21, -1886.91, 20.00, 4.63, 3.89, 3.13, 0.00, 0.00, 0.00, 0.00, 90.00, 0, 0
2.00, 5.70, 18.00, 18.00, -1927.81, 20.00, 4.63, 3.89, 3.13, 0.00, 0.00, 0.00, 0.00, 90.00, 0, 0
2.00, 5.70, 17.83, 17.83, -1963.33, 20.00, 4.63, 3.89, 3.11, 0.00, 0.00, 0.00, 0.00, 90.00, 0, 0
2.00, 5.70, 17.66, 17.66, -2021.24, 20.00, 4.63, 3.33, 2.56, 0.00, 0.00, 0.00, 0.00, 90.00, 0, 0
2.00, 5.70, 20.00, 20.00, -1726.12, 20.00, 4.63, 3.33, 2.56, 0.00, 0.00, 0.00, 0.00, 90.00, 0, 0
2.00, 5.70, 20.00, 20.00, -1738.36, 20.00, 4.63, 3.33, 2.56, 0.00, 0.00, 0.00, 0.00, 90.00, 0, 0
2.00, 5.70, 20.00, 20.00, -1047.31, 20.00, 4.63, 5.00, 4.23, 281.79, 21.50, 11.01, -50.74, 82.90, 0, 0
2.00, 5.70, 20.00, 20.00, -1263.13, 20.00, 4.63, 6.11, 5.36, 88.13, 31.74, 15.43, -39.34, 74.85, 0, 0
2.00, 5.70, 20.00, 20.00, -1132.36, 20.00, 4.63, 7.22, 6.47, 90.25, 47.41, 26.39, -26.38, 68.67, 0, 0
2.00, 5.70, 20.00, 20.00, -1170.94, 20.00, 4.63, 7.78, 7.03, 31.52, 50.91, 38.59, -11.95, 64.93, 0, 0
2.00, 5.70, 20.00, 20.00, -1183.56, 20.00, 4.63, 8.33, 7.58, 10.31, 48.40, 51.00, 3.28, 64.06, 0, 0
2.00, 5.70, 20.00, 20.00, -1180.07, 20.00, 4.63, 8.89, 8.12, 5.30, 43.78, 63.30, 18.29, 66.20, 0, 0
2.00, 5.70, 20.00, 20.00, -1289.23, 20.00, 4.63, 8.33, 7.58, 0.82, 18.09, 75.29, 32.13, 71.05, 0, 0
2.00, 5.70, 20.00, 20.00, -1396.15, 20.00, 4.63, 7.22, 6.47, 0.00, 6.34, 86.78, 44.41, 78.11, 0, 0
2.00, 5.70, 20.00, 20.00, -1454.13, 20.00, 4.63, 6.67, 5.90, 0.00, 1.58, 0.00, 55.19, 86.80, 0, 0
2.00, 5.70, 20.00, 20.00, -1411.95, 20.00, 4.63, 6.11, 5.36, 0.00, 0.00, 0.00, 0.00, 90.00, 0, 0
2.00, 5.70, 20.00, 20.00, -1228.68, 20.00, 4.63, 6.11, 5.34, 0.00, 0.00, 0.00, 0.00, 90.00, 0, 0
2.00, 5.70, 20.00, 20.00, -1242.25, 20.00, 4.63, 5.56, 4.80, 0.00, 0.00, 0.00, 0.00, 90.00, 0, 0
2.00, 5.70, 20.00, 20.00, -1261.16, 20.00, 4.63, 5.00, 4.23, 0.00, 0.00, 0.00, 0.00, 90.00, 0, 0
2.00, 5.70, 20.00, 20.00, -1258.45, 20.00, 4.63, 5.00, 4.23, 0.00, 0.00, 0.00, 0.00, 90.00, 0, 0
2.00, 5.70, 19.49, 19.49, -1497.96, 20.00, 4.63, 4.44, 3.67, 0.00, 0.00, 0.00, 0.00, 90.00, 0, 0
2.00, 5.70, 19.03, 19.03, -1726.31, 20.00, 4.63, 4.44, 3.67, 0.00, 0.00, 0.00, 0.00, 90.00, 0, 0
2.00, 5.70, 18.64, 18.64, -1851.25, 20.00, 4.63, 3.33, 2.56, 0.00, 0.00, 0.00, 0.00, 90.00, 0, 0
2.00, 5.70, 18.32, 18.32, -1938.67, 20.00, 4.63, 2.78, 2.00, 0.00, 0.00, 0.00, 0.00, 90.00, 0, 0
2.00, 5.70, 18.05, 18.05, -2017.11, 20.00, 4.63, 2.22, 1.46, 0.00, 0.00, 0.00, 0.00, 90.00, 0, 0
2.00, 5.70, 17.82, 17.82, -2063.35, 20.00, 4.63, 2.22, 1.44, 0.00, 0.00, 0.00, 0.00, 90.00, 0, 0
2.00, 5.70, 17.62, 17.62, -2130.28, 20.00, 4.63, 1.67, 0.87, 0.00, 0.00, 0.00, 0.00, 90.00, 0, 0
2.00, 5.70, 17.42, 17.42, -2195.31, 20.00, 4.63, 1.11, 0.31, 0.00, 0.00, 0.00, 0.00, 90.00, 0, 0
2.00, 5.70, 20.00, 20.00, -1890.87, 20.00, 4.63, 0.56, -0.23, 0.00, 0.00, 0.00, 0.00, 90.00, 0, 0
2.00, 5.70, 20.00, 20.00, -1932.73, 20.00, 4.63, 0.00, -0.77, 0.00, 0.00, 0.00, 0.00, 90.00, 0, 0
2.00, 5.70, 20.00, 20.00, -913.73, 20.00, 4.63, 2.22, 1.44, 442.71, 19.43, 11.07, -50.85, 82.94, 0, 0
2.00, 5.70, 20.00, 20.00, -454.07, 20.00, 4.63, 4.44, 3.67, 528.92, 43.92, 15.39, -39.46, 74.87, 0, 0
2.00, 5.70, 20.14, 20.14, -43.45, 20.00, 4.63, 6.67, 5.88, 574.03, 66.55, 26.33, -26.50, 68.67, 0, 0
2.00, 5.70, 20.38, 20.38, 217.06, 20.00, 4.63, 8.89, 8.12, 479.35, 85.37, 38.51, -12.08, 64.90, 0, 0
2.00, 5.70, 20.57, 20.57, 255.06, 20.00, 4.63, 10.56, 9.77, 331.66, 87.41, 50.92, 3.17, 64.01, 0, 0
2.00, 5.70, 20.62, 20.62, 55.11, 20.00, 4.63, 11.67, 10.88, 187.23, 81.25, 63.23, 18.19, 66.13, 0, 0
2.00, 5.70, 20.50, 20.50, -267.05, 20.00, 4.63, 11.67, 10.88, 77.58, 61.18, 75.23, 32.05, 70.97, 0, 0
2.00, 5.70, 20.27, 20.27, -593.94, 20.00, 4.63, 10.56, 9.79, 13.35, 36.66, 86.72, 44.35, 78.01, 0, 0
2.00, 5.70, 20.00, 20.00, -944.28, 20.00, 4.63, 8.89, 8.12, 0.00, 10.30, 0.00, 55.15, 86.69, 0, 0
2.00, 5.70, 20.00, 20.00, -979.85, 20.00, 4.63, 8.33, 7.56, 0.00, 0.00, 0.00, 0.00, 90.00, 0, 0
2.00, 5.70, 20.00, 20.00, -850.30, 20.00, 4.63, 7.78, 7.01, 0.00, 0.00, 0.00, 0.00, 90.00, 0, 0
2.00, 5.70, 20.00, 20.00, -886.87, 20.00, 4.63, 7.22, 6.45, 0.00, 0.00, 0.00, 0.00, 90.00, 0, 0
2.00, 5.70, 20.00, 20.00, -899.43, 20.00, 4.63, 7.22, 6.43, 0.00, 0.00, 0.00, 0.00, 90.00, 0, 0
2.00, 5.70, 20.00, 20.00, -934.99, 20.00, 4.63, 6.67, 5.88, 0.00, 0.00, 0.00, 0.00, 90.00, 0, 0
2.00, 5.70, 19.67, 19.67, -1162.17, 20.00, 4.63, 6.11, 5.34, 0.00, 0.00, 0.00, 0.00, 90.00, 0, 0
2.00, 5.70, 19.32, 19.32, -1410.63, 20.00, 4.63, 5.56, 4.78, 0.00, 0.00, 0.00, 0.00, 90.00, 0, 0
2.00, 5.70, 19.03, 19.03, -1508.91, 20.00, 4.63, 5.00, 4.21, 0.00, 0.00, 0.00, 0.00, 90.00, 0, 0
2.00, 5.70, 18.77, 18.77, -1595.63, 20.00, 4.63, 4.44, 3.67, 0.00, 0.00, 0.00, 0.00, 90.00, 0, 0
2.00, 5.70, 18.55, 18.55, -1675.32, 20.00, 4.63, 3.89, 3.11, 0.00, 0.00, 0.00, 0.00, 90.00, 0, 0
2.00, 5.70, 18.36, 18.36, -1723.74, 20.00, 4.63, 3.89, 3.11, 0.00, 0.00, 0.00, 0.00, 90.00, 0, 0
2.00, 5.70, 18.18, 18.18, -1793.31, 20.00, 4.63, 3.33, 2.54, 0.00, 0.00, 0.00, 0.00, 90.00, 0, 0
2.00, 5.70, 18.01, 18.01, -1861.29, 20.00, 4.63, 2.78, 1.98, 0.00, 0.00, 0.00, 0.00, 90.00, 0, 0
2.00, 5.70, 20.00, 20.00, -1570.09, 20.00, 4.63, 2.22, 1.44, 0.00, 0.00, 0.00, 0.00, 90.00, 0, 0
2.00, 5.70, 20.00, 20.00, -1585.52, 20.00, 4.63, 2.22, 1.44, 0.00, 0.00, 0.00, 0.00, 90.00, 0, 0
2.00, 5.70, 20.00, 20.00, -659.55, 20.00, 4.63, 3.89, 3.11, 408.55, 18.92, 11.15, -50.96, 82.96, 0, 0
2.00, 5.70, 20.23, 20.23, 88.04, 20.00, 4.63, 6.67, 5.88, 614.15, 47.20, 15.36, -39.58, 74.88, 0, 0
2.00, 5.70, 20.52, 20.52, 344.81, 20.00, 4.63, 8.89, 8.12, 561.34, 66.90, 26.26, -26.63, 68.65, 0, 0
2.00, 5.70, 20.80, 20.80, 462.30, 20.00, 4.63, 10.56, 9.79, 430.58, 77.19, 38.44, -12.20, 64.86, 0, 0
2.00, 5.70, 20.97, 20.97, 400.78, 20.00, 4.63, 11.67, 10.90, 271.28, 78.85, 50.85, 3.05, 63.95, 0, 0
2.00, 5.70, 21.01, 21.01, 218.51, 20.00, 4.63, 12.78, 12.01, 150.13, 71.73, 63.16, 18.09, 66.05, 0, 0
2.00, 5.70, 20.94, 20.94, -12.89, 20.00, 4.63, 12.78, 12.01, 74.36, 59.27, 75.17, 31.98, 70.87, 0, 0
2.00, 5.70, 20.74, 20.74, -339.83, 20.00, 4.63, 11.67, 10.90, 11.87, 33.41, 86.67, 44.29, 77.90, 0, 0
2.00, 5.70, 20.47, 20.47, -646.17, 20.00, 4.63, 10.56, 9.79, 0.00, 7.92, 0.00, 55.11, 86.58, 0, 0
2.00, 5.70, 20.25, 20.25, -729.33, 20.00, 4.63, 9.44, 8.68, 0.00, 0.00, 0.00, 0.00, 90.00, 0, 0
2.00, 5.70, 20.15, 20.15, -616.39, 20.00, 4.63, 8.89, 8.14, 0.00, 0.00, 0.00, 0.00, 90.00, 0, 0
2.00, 5.70, 20.08, 20.08, -638.31, 20.00, 4.63, 8.89, 8.12, 0.00, 0.00, 0.00, 0.00, 90.00, 0, 0
2.00, 5.70, 20.01, 20.01, -674.56, 20.00, 4.63, 8.33, 7.58, 0.00, 0.00, 0.00, 0.00, 90.00, 0, 0
2.00, 5.70, 20.00, 20.00, -711.10, 20.00, 4.63, 7.78, 7.01, 0.00, 0.00, 0.00, 0.00, 90.00, 0, 0
2.00, 5.70, 19.82, 19.82, -941.18, 20.00, 4.63, 7.78, 7.01, 0.00, 0.00, 0.00, 0.00, 90.00, 0, 0
2.00, 5.70, 19.58, 19.58, -1179.59, 20.00, 4.63, 7.22, 6.47, 0.00, 0.00, 0.00, 0.00, 90.00, 0, 0
2.00, 5.70, 19.36, 19.36, -1271.03, 20.00, 4.63, 6.67, 5.90, 0.00, 0.00, 0.00, 0.00, 90.00, 0, 0
2.00, 5.70, 19.16, 19.16, -1353.22, 20.00, 4.63, 6.11, 5.34, 0.00, 0.00, 0.00, 0.00, 90.00, 0, 0
2.00, 5.70, 19.00, 19.00, -1403.42, 20.00, 4.63, 6.11, 5.34, 0.00, 0.00, 0.00, 0.00, 90.00, 0, 0
2.00, 5.70, 18.84, 18.84, -1473.73, 20.00, 4.63, 5.56, 4.80, 0.00, 0.00, 0.00, 0.00, 90.00, 0, 0
2.00, 5.70, 18.68, 18.68, -1542.15, 20.00, 4.63, 5.00, 4.23, 0.00, 0.00, 0.00, 0.00, 90.00, 0, 0
2.00, 5.70, 18.54, 18.54, -1582.83, 20.00, 4.63, 5.00, 4.23, 0.00, 0.00, 0.00, 0.00, 90.00, 0, 0
2.00, 5.70, 20.00, 20.00, -1359.15, 20.00, 4.63, 4.44, 3.69, 0.00, 0.00, 0.00, 0.00, 90.00, 0, 0
2.00, 5.70, 20.00, 20.00, -1382.11, 20.00, 4.63, 4.44, 3.69, 0.00, 1.58, 0.00, 0.00, 90.00, 0, 0
2.00, 5.70, 20.00, 20.00, -783.05, 20.00, 4.63, 6.11, 5.36, 241.35, 17.88, 11.23, -51.08, 82.98, 0, 0
2.00, 5.70, 20.08, 20.08, -305.70, 20.00, 4.63, 8.33, 7.58, 361.85, 39.69, 15.33, -39.71, 74.88, 0, 0
2.00, 5.70, 20.44, 20.44, 290.70, 20.00, 4.63, 10.56, 9.79, 503.29, 63.75, 26.20, -26.76, 68.64, 0, 0
2.00, 5.70, 20.86, 20.86, 641.50, 20.00, 4.63, 12.78, 12.01, 456.75, 78.42, 38.38, -12.33, 64.82, 0, 0
2.00, 5.70, 21.12, 21.12, 541.58, 20.00, 4.63, 14.44, 13.69, 250.78, 81.81, 50.78, 2.94, 63.89, 0, 0
2.00, 5.70, 21.28, 21.28, 490.20, 20.00, 4.63, 15.56, 14.80, 158.43, 83.44, 63.09, 18.00, 65.96, 0, 0
2.00, 5.70, 21.33, 21.33, 313.99, 20.00, 4.63, 15.56, 14.80, 95.18, 66.12, 75.11, 31.90, 70.77, 0, 0
2.00, 5.70, 21.22, 21.22, 14.75, 20.00, 4.63, 15.00, 14.25, 18.58, 37.51, 86.62, 44.24, 77.79, 0, 0
2.00, 5.70, 20.99, 20.99, -337.59, 20.00, 4.63, 13.33, 12.58, 0.00, 12.67, 0.00, 55.07, 86.46, 0, 0
2.00, 5.70, 20.80, 20.80, -417.59, 20.00, 4.63, 12.78, 12.01, 0.00, 0.79, 0.00, 0.00, 90.00, 0, 0
2.00, 5.70, 20.73, 20.73, -323.05, 20.00, 4.63, 11.67, 10.90, 0.00, 0.00, 0.00, 0.00, 90.00, 0, 0
2.00, 5.70, 20.66, 20.66, -371.30, 20.00, 4.63, 11.11, 10.36, 0.00, 0.00, 0.00, 0.00, 90.00, 0, 0
2.00, 5.70, 20.59, 20.59, -417.80, 20.00, 4.63, 10.56, 9.79, 0.00, 0.00, 0.00, 0.00, 90.00, 0, 0
2.00, 5.70, 20.52, 20.52, -463.04, 20.00, 4.63, 10.00, 9.23, 0.00, 0.00, 0.00, 0.00, 90.00, 0, 0
2.00, 5.70, 20.34, 20.34, -736.27, 20.00, 4.63, 8.89, 8.12, 0.00, 0.00, 0.00, 0.00, 90.00, 0, 0
2.00, 5.70, 20.10, 20.10, -973.21, 20.00, 4.63, 8.33, 7.56, 0.00, 0.00, 0.00, 0.00, 90.00, 0, 0
2.00, 5.70, 19.89, 19.89, -1063.73, 20.00, 4.63, 7.78, 7.01, 0.00, 0.00, 0.00, 0.00, 90.00, 0, 0
2.00, 5.70, 19.69, 19.69, -1171.80, 20.00, 4.63, 6.67, 5.90, 0.00, 0.00, 0.00, 0.00, 90.00, 0, 0
2.00, 5.70, 19.49, 19.49, -1277.20, 20.00, 4.63, 5.56, 4.80, 0.00, 0.00, 0.00, 0.00, 90.00, 0, 0
2.00, 5.70, 19.30, 19.30, -1355.19, 20.00, 4.63, 5.00, 4.23, 0.00, 0.00, 0.00, 0.00, 90.00, 0, 0
2.00, 5.70, 19.12, 19.12, -1456.99, 20.00, 4.63, 3.89, 3.13, 0.00, 0.00, 0.00, 0.00, 90.00, 0, 0
2.00, 5.70, 18.94, 18.94, -1533.32, 20.00, 4.63, 3.33, 2.54, 0.00, 0.00, 0.00, 0.00, 90.00, 0, 0
2.00, 5.70, 20.00, 20.00, -1462.19, 20.00, 4.63, 2.22, 1.44, 0.00, 0.00, 0.00, 0.00, 90.00, 0, 0
2.00, 5.70, 20.00, 20.00, -1497.61, 20.00, 4.63, 2.22, 1.46, 0.00, 2.38, 0.00, 0.00, 90.00, 0, 0
2.00, 5.70, 20.00, 20.00, -1015.46, 20.00, 4.63, 3.89, 3.11, 191.78, 16.69, 11.31, -51.21, 83.00, 0, 0
2.00, 5.70, 20.05, 20.05, -482.82, 20.00, 4.63, 5.56, 4.80, 361.87, 40.48, 15.32, -39.84, 74.88, 0, 0
2.00, 5.70, 20.40, 20.40, 140.47, 20.00, 4.63, 8.33, 7.56, 501.07, 67.77, 26.15, -26.89, 68.61, 0, 0
2.00, 5.70, 20.74, 20.74, 332.97, 20.00, 4.63, 10.00, 9.23, 403.71, 79.91, 38.31, -12.45, 64.78, 0, 0
2.00, 5.70, 21.00, 21.00, 376.37, 20.00, 4.63, 11.67, 10.90, 268.94, 84.48, 50.72, 2.83, 63.82, 0, 0
2.00, 5.70, 20.97, 20.97, -53.97, 20.00, 4.63, 12.22, 11.45, 84.07, 66.10, 63.03, 17.90, 65.87, 0, 0
2.00, 5.70, 20.85, 20.85, -292.92, 20.00, 4.63, 11.67, 10.90, 31.43, 48.72, 75.05, 31.84, 70.66, 0, 0
2.00, 5.70, 20.69, 20.69, -463.25, 20.00, 4.63, 11.11, 10.34, 8.44, 34.19, 86.57, 44.19, 77.68, 0, 0
2.00, 5.70, 20.45, 20.45, -741.94, 20.00, 4.63, 9.44, 8.68, 0.00, 12.67, 0.00, 55.04, 86.34, 0, 0
2.00, 5.70, 20.25, 20.25, -814.52, 20.00, 4.63, 8.89, 8.12, 0.00, 0.79, 0.00, 0.00, 90.00, 0, 0
2.00, 5.70, 20.18, 20.18, -690.29, 20.00, 4.63, 8.33, 7.56, 0.00, 0.00, 0.00, 0.00, 90.00, 0, 0
2.00, 5.70, 20.10, 20.10, -737.99, 20.00, 4.63, 7.78, 7.01, 0.00, 0.00, 0.00, 0.00, 90.00, 0, 0
2.00, 5.70, 20.01, 20.01, -809.58, 20.00, 4.63, 6.67, 5.90, 0.00, 0.00, 0.00, 0.00, 90.00, 0, 0
2.00, 5.70, 20.00, 20.00, -849.83, 20.00, 4.63, 6.11, 5.34, 0.00, 0.00, 0.00, 0.00, 90.00, 0, 0
2.00, 5.70, 19.81, 19.81, -1059.45, 20.00, 4.63, 5.56, 4.78, 0.00, 0.00, 0.00, 0.00, 90.00, 0, 0
