hci(W/m2K), hri(W/m2K), Taire interior(ºC), Tradiante interior(ºC), Carga sensible del espacio(W), hce(W/m2K), hre(W/m2K), Taire exterior(ºC), Tradiante exterior(ºC), Radiación Directa(W/m2), Radiación difusa(W/m2), Angulo Radiación Directa con la normal, Azimuth, Zenit, Caudal de aire (m3/s), Delta T ext-int (ºC)
2.00, 5.70, 12.23, 12.23, -927.72, 20.00, 4.63, 2.22, -2.38, 0.00, 0.00, 0.00, 0.00, 90.00, 0, 0
2.00, 5.70, 12.32, 12.32, -890.43, 20.00, 4.63, 9.44, 5.51, 0.00, 0.00, 0.00, 0.00, 90.00, 0, 0
2.00, 5.70, 12.41, 12.41, -862.15, 20.00, 4.63, 11.67, 7.89, 0.00, 0.00, 0.00, 0.00, 90.00, 0, 0
2.00, 5.70, 12.36, 12.36, -865.03, 20.00, 4.63, 11.11, 7.30, 0.00, 0.00, 0.00, 0.00, 90.00, 0, 0
2.00, 5.70, 12.25, 12.25, -879.24, 20.00, 4.63, 10.56, 6.79, 0.00, 0.00, 0.00, 0.00, 90.00, 0, 0
2.00, 5.70, 12.13, 12.13, -896.57, 20.00, 4.63, 10.00, 6.19, 0.00, 0.00, 0.00, 0.00, 90.00, 0, 0
2.00, 5.70, 12.04, 12.04, -906.91, 20.00, 4.63, 10.00, 6.19, 0.00, 0.00, 0.00, 0.00, 90.00, 0, 0
2.00, 5.70, 11.95, 11.95, -914.66, 20.00, 4.63, 9.44, 5.59, 0.00, 0.00, 0.00, 0.00, 90.00, 0, 0
2.00, 5.70, 11.90, 11.90, -916.70, 20.00, 4.63, 9.44, 5.59, 0.00, 3.06, 0.00, 0.00, 90.00, 0, 0
2.00, 5.70, 12.17, 12.17, -850.64, 20.00, 4.63, 10.56, 6.70, 0.00, 33.65, 11.41, -51.34, 83.01, 0, 0
2.00, 5.70, 13.63, 13.63, -543.79, 20.00, 4.63, 11.67, 7.89, 396.68, 55.31, 15.30, -39.97, 74.87, 0, 0
2.00, 5.70, 14.22, 14.22, -449.77, 20.00, 4.63, 13.33, 9.52, 310.72, 84.89, 26.10, -27.02, 68.58, 0, 0
2.00, 5.70, 13.94, 13.94, -541.72, 20.00, 4.63, 13.89, 10.12, 66.74, 77.28, 38.25, -12.58, 64.72, 0, 0
2.00, 5.70, 13.65, 13.65, -619.90, 20.00, 4.63, 13.33, 9.52, 0.00, 52.00, 50.66, 2.71, 63.74, 0, 0
2.00, 5.70, 13.29, 13.29, -702.28, 20.00, 4.63, 12.22, 8.41, 0.00, 16.82, 62.97, 17.81, 65.77, 0, 0
2.00, 5.70, 13.40, 13.40, -678.55, 20.00, 4.63, 12.22, 8.41, 0.82, 36.33, 75.00, 31.77, 70.55, 0, 0
2.00, 5.70, 13.47, 13.47, -668.60, 20.00, 4.63, 12.22, 8.41, 1.33, 37.58, 86.53, 44.15, 77.56, 0, 0
2.00, 5.70, 13.27, 13.27, -712.65, 20.00, 4.63, 11.67, 7.81, 0.00, 13.76, 0.00, 55.01, 86.22, 0, 0
2.00, 5.70, 13.09, 13.09, -749.65, 20.00, 4.63, 11.11, 7.30, 0.00, 1.53, 0.00, 0.00, 90.00, 0, 0
2.00, 5.70, 13.00, 13.00, -764.68, 20.00, 4.63, 11.11, 7.30, 0.00, 0.00, 0.00, 0.00, 90.00, 0, 0
2.00, 5.70, 12.91, 12.91, -780.34, 20.00, 4.63, 10.56, 6.70, 0.00, 0.00, 0.00, 0.00, 90.00, 0, 0
2.00, 5.70, 12.83, 12.83, -790.92, 20.00, 4.63, 10.56, 6.70, 0.00, 0.00, 0.00, 0.00, 90.00, 0, 0
2.00, 5.70, 12.73, 12.73, -807.18, 20.00, 4.63, 10.00, 6.10, 0.00, 0.00, 0.00, 0.00, 90.00, 0, 0
2.00, 5.70, 12.64, 12.64, -820.28, 20.00, 4.63, 10.00, 6.10, 0.00, 0.00, 0.00, 0.00, 90.00, 0, 0
2.00, 5.70, 12.54, 12.54, -832.60, 20.00, 4.63, 10.00, 6.10, 0.00, 0.00, 0.00, 0.00, 90.00, 0, 0
2.00, 5.70, 12.42, 12.42, -850.97, 20.00, 4.63, 9.44, 5.51, 0.00, 0.00, 0.00, 0.00, 90.00, 0, 0
2.00, 5.70, 12.29, 12.29, -871.47, 20.00, 4.63, 8.89, 5.00, 0.00, 0.00, 0.00, 0.00, 90.00, 0, 0
2.00, 5.70, 12.14, 12.14, -893.33, 20.00, 4.63, 8.33, 4.40, 0.00, 0.00, 0.00, 0.00, 90.00, 0, 0
2.00, 5.70, 11.98, 11.98, -916.10, 20.00, 4.63, 7.78, 3.81, 0.00, 0.00, 0.00, 0.00, 90.00, 0, 0
2.00, 5.70, 11.84, 11.84, -932.93, 20.00, 4.63, 7.78, 3.81, 0.00, 0.00, 0.00, 0.00, 90.00, 0, 0
2.00, 5.70, 11.68, 11.68, -954.65, 20.00, 4.63, 7.22, 3.21, 0.00, 0.00, 0.00, 0.00, 90.00, 0, 0
2.00, 5.70, 11.55, 11.55, -969.28, 20.00, 4.63, 6.67, 2.71, 0.00, 0.00, 0.00, 0.00, 90.00, 0, 0
2.00, 5.70, 11.43, 11.43, -980.92, 20.00, 4.63, 6.67, 2.71, 0.00, 3.06, 0.00, 0.00, 90.00, 0, 0
2.00, 5.70, 11.61, 11.61, -930.19, 20.00, 4.63, 7.78, 3.81, 0.00, 30.59, 11.51, -51.47, 83.01, 0, 0
2.00, 5.70, 12.67, 12.67, -703.31, 20.00, 4.63, 9.44, 5.51, 262.86, 55.30, 15.30, -40.11, 74.86, 0, 0
2.00, 5.70, 13.30, 13.30, -587.84, 20.00, 4.63, 11.11, 7.21, 251.49, 84.26, 26.05, -27.16, 68.55, 0, 0
2.00, 5.70, 13.07, 13.07, -659.92, 20.00, 4.63, 11.67, 7.72, 61.84, 75.16, 38.20, -12.71, 64.66, 0, 0
2.00, 5.70, 13.26, 13.26, -632.62, 20.00, 4.63, 11.67, 7.81, 42.05, 88.94, 50.60, 2.60, 63.65, 0, 0
2.00, 5.70, 13.41, 13.41, -614.44, 20.00, 4.63, 12.22, 8.32, 31.59, 87.70, 62.92, 17.73, 65.67, 0, 0
2.00, 5.70, 13.57, 13.57, -594.28, 20.00, 4.63, 12.22, 8.32, 73.69, 73.21, 74.96, 31.71, 70.43, 0, 0
2.00, 5.70, 13.33, 13.33, -658.97, 20.00, 4.63, 12.22, 8.32, 11.50, 45.42, 86.50, 44.11, 77.43, 0, 0
2.00, 5.70, 13.01, 13.01, -733.16, 20.00, 4.63, 11.11, 7.21, 0.00, 15.29, 0.00, 54.99, 86.09, 0, 0
2.00, 5.70, 12.78, 12.78, -778.98, 20.00, 4.63, 10.56, 6.70, 0.00, 1.53, 0.00, 0.00, 90.00, 0, 0
2.00, 5.70, 12.68, 12.68, -793.29, 20.00, 4.63, 10.56, 6.61, 0.00, 0.00, 0.00, 0.00, 90.00, 0, 0
2.00, 5.70, 12.60, 12.60, -805.37, 20.00, 4.63, 10.00, 6.10, 0.00, 0.00, 0.00, 0.00, 90.00, 0, 0
2.00, 5.70, 12.54, 12.54, -813.06, 20.00, 4.63, 10.00, 6.10, 0.00, 0.00, 0.00, 0.00, 90.00, 0, 0
2.00, 5.70, 12.44, 12.44, -827.76, 20.00, 4.63, 9.44, 5.51, 0.00, 0.00, 0.00, 0.00, 90.00, 0, 0
2.00, 5.70, 12.35, 12.35, -840.79, 20.00, 4.63, 9.44, 5.51, 0.00, 0.00, 0.00, 0.00, 90.00, 0, 0
2.00, 5.70, 12.23, 12.23, -860.29, 20.00, 4.63, 8.89, 5.00, 0.00, 0.00, 0.00, 0.00, 90.00, 0, 0
2.00, 5.70, 12.11, 12.11, -875.79, 20.00, 4.63, 8.89, 4.91, 0.00, 0.00, 0.00, 0.00, 90.00, 0, 0
2.00, 5.70, 11.98, 11.98, -896.49, 20.00, 4.63, 8.33, 4.40, 0.00, 0.00, 0.00, 0.00, 90.00, 0, 0
2.00, 5.70, 11.85, 11.85, -912.50, 20.00, 4.63, 8.33, 4.40, 0.00, 0.00, 0.00, 0.00, 90.00, 0, 0
2.00, 5.70, 11.74, 11.74, -926.92, 20.00, 4.63, 8.33, 4.40, 0.00, 0.00, 0.00, 0.00, 90.00, 0, 0
2.00, 5.70, 11.59, 11.59, -947.19, 20.00, 4.63, 7.78, 3.81, 0.00, 0.00, 0.00, 0.00, 90.00, 0, 0
2.00, 5.70, 11.46, 11.46, -962.82, 20.00, 4.63, 7.78, 3.81, 0.00, 0.00, 0.00, 0.00, 90.00, 0, 0
2.00, 5.70, 11.39, 11.39, -966.97, 20.00, 4.63, 7.78, 3.81, 0.00, 0.00, 0.00, 0.00, 90.00, 0, 0
2.00, 5.70, 11.31, 11.31, -973.32, 20.00, 4.63, 7.78, 3.81, 0.00, 3.06, 0.00, 0.00, 90.00, 0, 0
2.00, 5.70, 11.46, 11.46, -930.63, 20.00, 4.63, 8.33, 4.40, 0.00, 27.53, 11.62, -51.61, 83.01, 0, 0
2.00, 5.70, 12.05, 12.05, -801.02, 20.00, 4.63, 10.00, 6.10, 84.57, 56.95, 15.30, -40.24, 74.84, 0, 0
2.00, 5.70, 12.49, 12.49, -717.29, 20.00, 4.63, 11.11, 7.21, 76.32, 80.65, 26.01, -27.29, 68.50, 0, 0
2.00, 5.70, 12.61, 12.61, -706.01, 20.00, 4.63, 11.67, 7.81, 24.75, 80.82, 38.14, -12.84, 64.59, 0, 0
2.00, 5.70, 13.05, 13.05, -627.15, 20.00, 4.63, 12.22, 8.32, 60.14, 96.64, 50.55, 2.49, 63.56, 0, 0
2.00, 5.70, 13.23, 13.23, -608.01, 20.00, 4.63, 12.78, 8.92, 35.96, 92.38, 62.87, 17.64, 65.56, 0, 0
2.00, 5.70, 12.95, 12.95, -682.59, 20.00, 4.63, 12.22, 8.32, 4.93, 51.26, 74.91, 31.65, 70.31, 0, 0
2.00, 5.70, 12.72, 12.72, -738.97, 20.00, 4.63, 11.67, 7.81, 0.00, 26.00, 86.47, 44.08, 77.30, 0, 0
2.00, 5.70, 12.52, 12.52, -783.18, 20.00, 4.63, 11.11, 7.21, 0.00, 9.18, 0.00, 54.97, 85.96, 0, 0
2.00, 5.70, 12.35, 12.35, -814.95, 20.00, 4.63, 10.56, 6.70, 0.00, 0.00, 0.00, 0.00, 90.00, 0, 0
2.00, 5.70, 12.28, 12.28, -824.07, 20.00, 4.63, 10.56, 6.70, 0.00, 0.00, 0.00, 0.00, 90.00, 0, 0
2.00, 5.70, 12.20, 12.20, -836.47, 20.00, 4.63, 10.00, 6.10, 0.00, 0.00, 0.00, 0.00, 90.00, 0, 0
2.00, 5.70, 12.14, 12.14, -844.58, 20.00, 4.63, 10.00, 6.10, 0.00, 0.00, 0.00, 0.00, 90.00, 0, 0
2.00, 5.70, 12.08, 12.08, -852.13, 20.00, 4.63, 10.00, 6.10, 0.00, 0.00, 0.00, 0.00, 90.00, 0, 0
2.00, 5.70, 11.98, 11.98, -868.15, 20.00, 4.63, 9.44, 5.51, 0.00, 0.00, 0.00, 0.00, 90.00, 0, 0
2.00, 5.70, 11.89, 11.89, -880.58, 20.00, 4.63, 9.44, 5.51, 0.00, 0.00, 0.00, 0.00, 90.00, 0, 0
2.00, 5.70, 11.77, 11.77, -898.15, 20.00, 4.63, 8.89, 5.00, 0.00, 0.00, 0.00, 0.00, 90.00, 0, 0
2.00, 5.70, 11.68, 11.68, -911.30, 20.00, 4.63, 8.89, 4.91, 0.00, 0.00, 0.00, 0.00, 90.00, 0, 0
2.00, 5.70, 11.55, 11.55, -929.41, 20.00, 4.63, 8.33, 4.40, 0.00, 0.00, 0.00, 0.00, 90.00, 0, 0
2.00, 5.70, 11.44, 11.44, -942.79, 20.00, 4.63, 8.33, 4.40, 0.00, 0.00, 0.00, 0.00, 90.00, 0, 0
2.00, 5.70, 11.31, 11.31, -961.46, 20.00, 4.63, 7.78, 3.81, 0.00, 0.00, 0.00, 0.00, 90.00, 0, 0
2.00, 5.70, 11.19, 11.19, -975.36, 20.00, 4.63, 7.78, 3.81, 0.00, 0.00, 0.00, 0.00, 90.00, 0, 0
2.00, 5.70, 11.10, 11.10, -983.66, 20.00, 4.63, 7.22, 3.30, 0.00, 0.00, 0.00, 0.00, 90.00, 0, 0
2.00, 5.70, 11.00, 11.00, -994.28, 20.00, 4.63, 7.22, 3.30, 0.00, 1.53, 0.00, 0.00, 90.00, 0, 0
2.00, 5.70, 11.04, 11.04, -975.88, 20.00, 4.63, 7.78, 3.90, 0.00, 13.76, 11.73, -51.74, 83.01, 0, 0
2.00, 5.70, 11.11, 11.11, -954.54, 20.00, 4.63, 8.33, 4.40, 0.00, 22.94, 15.31, -40.38, 74.81, 0, 0
2.00, 5.70, 11.51, 11.51, -865.84, 20.00, 4.63, 8.89, 5.00, 16.96, 60.23, 25.97, -27.43, 68.45, 0, 0
2.00, 5.70, 11.84, 11.84, -800.81, 20.00, 4.63, 10.00, 6.10, 9.91, 79.12, 38.10, -12.97, 64.52, 0, 0
2.00, 5.70, 11.98, 11.98, -779.29, 20.00, 4.63, 10.56, 6.61, 2.01, 75.96, 50.50, 2.38, 63.46, 0, 0
2.00, 5.70, 11.87, 11.87, -812.80, 20.00, 4.63, 10.56, 6.61, 0.00, 48.94, 62.83, 17.56, 65.44, 0, 0
2.00, 5.70, 11.82, 11.82, -826.52, 20.00, 4.63, 10.56, 6.61, 0.00, 39.76, 74.88, 31.60, 70.18, 0, 0
2.00, 5.70, 11.68, 11.68, -858.39, 20.00, 4.63, 10.00, 6.10, 0.00, 24.47, 86.44, 44.05, 77.17, 0, 0
2.00, 5.70, 11.51, 11.51, -892.95, 20.00, 4.63, 10.00, 6.10, 0.00, 7.65, 0.00, 54.96, 85.82, 0, 0
2.00, 5.70, 11.37, 11.37, -917.34, 20.00, 4.63, 9.44, 5.51, 0.00, 1.53, 0.00, 0.00, 90.00, 0, 0
2.00, 5.70, 11.26, 11.26, -934.48, 20.00, 4.63, 8.89, 5.00, 0.00, 0.00, 0.00, 0.00, 90.00, 0, 0
2.00, 5.70, 11.18, 11.18, -942.76, 20.00, 4.63, 8.89, 4.91, 0.00, 0.00, 0.00, 0.00, 90.00, 0, 0
2.00, 5.70, 11.09, 11.09, -955.42, 20.00, 4.63, 8.33, 4.40, 0.00, 0.00, 0.00, 0.00, 90.00, 0, 0
2.00, 5.70, 11.01, 11.01, -964.09, 20.00, 4.63, 8.33, 4.31, 0.00, 0.00, 0.00, 0.00, 90.00, 0, 0
2.00, 5.70, 10.90, 10.90, -980.58, 20.00, 4.63, 7.78, 3.81, 0.00, 0.00, 0.00, 0.00, 90.00, 0, 0
2.00, 5.70, 10.79, 10.79, -993.21, 20.00, 4.63, 7.78, 3.71, 0.00, 0.00, 0.00, 0.00, 90.00, 0, 0
2.00, 5.70, 10.67, 10.67, -1010.82, 20.00, 4.63, 7.22, 3.21, 0.00, 0.00, 0.00, 0.00, 90.00, 0, 0
2.00, 5.70, 10.53, 10.53, -1030.56, 20.00, 4.63, 6.67, 2.61, 0.00, 0.00, 0.00, 0.00, 90.00, 0, 0
2.00, 5.70, 10.41, 10.41, -1044.90, 20.00, 4.63, 6.67, 2.61, 0.00, 0.00, 0.00, 0.00, 90.00, 0, 0
2.00, 5.70, 10.26, 10.26, -1063.98, 20.00, 4.63, 6.11, 2.11, 0.00, 0.00, 0.00, 0.00, 90.00, 0, 0
2.00, 5.70, 10.10, 10.10, -1085.23, 20.00, 4.63, 5.56, 1.52, 0.00, 0.00, 0.00, 0.00, 90.00, 0, 0
2.00, 5.70, 9.96, 9.96, -1101.12, 20.00, 4.63, 5.56, 1.52, 0.00, 0.00, 0.00, 0.00, 90.00, 0, 0
2.00, 5.70, 9.86, 9.86, -1108.61, 20.00, 4.63, 5.00, 0.92, 0.00, 0.00, 0.00, 0.00, 90.00, 0, 0
2.00, 5.70, 9.76, 9.76, -1118.10, 20.00, 4.63, 5.00, 0.92, 0.00, 3.06, 0.00, 0.00, 90.00, 0, 0
2.00, 5.70, 10.22, 10.22, -1007.28, 20.00, 4.63, 6.11, 2.02, 115.09, 24.99, 11.86, -51.89, 82.99, 0, 0
2.00, 5.70, 10.47, 10.47, -956.26, 20.00, 4.63, 7.22, 3.21, 64.49, 52.86, 15.32, -40.53, 74.78, 0, 0
2.00, 5.70, 10.92, 10.92, -863.76, 20.00, 4.63, 8.33, 4.31, 76.36, 80.60, 25.94, -27.57, 68.40, 0, 0
2.00, 5.70, 11.65, 11.65, -723.21, 20.00, 4.63, 10.00, 6.01, 158.61, 102.04, 38.05, -13.10, 64.44, 0, 0
2.00, 5.70, 12.60, 12.60, -548.46, 20.00, 4.63, 11.11, 7.12, 323.38, 108.57, 50.45, 2.28, 63.36, 0, 0
2.00, 5.70, 12.62, 12.62, -581.67, 20.00, 4.63, 11.67, 7.72, 167.34, 98.53, 62.79, 17.48, 65.32, 0, 0
2.00, 5.70, 12.31, 12.31, -672.79, 20.00, 4.63, 11.67, 7.72, 32.17, 73.76, 74.84, 31.55, 70.05, 0, 0
2.00, 5.70, 12.08, 12.08, -735.77, 20.00, 4.63, 11.11, 7.12, 7.05, 48.05, 86.42, 44.02, 77.03, 0, 0
2.00, 5.70, 11.83, 11.83, -794.79, 20.00, 4.63, 10.56, 6.51, 0.00, 21.41, 0.00, 54.96, 85.68, 0, 0
2.00, 5.70, 11.61, 11.61, -843.34, 20.00, 4.63, 10.00, 6.01, 0.00, 1.53, 0.00, 0.00, 90.00, 0, 0
2.00, 5.70, 11.51, 11.51, -861.13, 20.00, 4.63, 9.44, 5.41, 0.00, 0.00, 0.00, 0.00, 90.00, 0, 0
2.00, 5.70, 11.46, 11.46, -867.55, 20.00, 4.63, 9.44, 5.41, 0.00, 0.00, 0.00, 0.00, 90.00, 0, 0
2.00, 5.70, 11.39, 11.39, -879.30, 20.00, 4.63, 8.89, 4.91, 0.00, 0.00, 0.00, 0.00, 90.00, 0, 0
2.00, 5.70, 11.33, 11.33, -888.59, 20.00, 4.63, 8.89, 4.81, 0.00, 0.00, 0.00, 0.00, 90.00, 0, 0
2.00, 5.70, 11.23, 11.23, -906.61, 20.00, 4.63, 8.33, 4.31, 0.00, 0.00, 0.00, 0.00, 90.00, 0, 0
2.00, 5.70, 11.14, 11.14, -921.30, 20.00, 4.63, 8.33, 4.31, 0.00, 0.00, 0.00, 0.00, 90.00, 0, 0
2.00, 5.70, 11.02, 11.02, -941.73, 20.00, 4.63, 7.78, 3.71, 0.00, 0.00, 0.00, 0.00, 90.00, 0, 0
2.00, 5.70, 10.91, 10.91, -957.56, 20.00, 4.63, 7.78, 3.71, 0.00, 0.00, 0.00, 0.00, 90.00, 0, 0
2.00, 5.70, 10.77, 10.77, -978.68, 20.00, 4.63, 7.22, 3.11, 0.00, 0.00, 0.00, 0.00, 90.00, 0, 0
2.00, 5.70, 10.62, 10.62, -1001.49, 20.00, 4.63, 6.67, 2.61, 0.00, 0.00, 0.00, 0.00, 90.00, 0, 0
2.00, 5.70, 10.50, 10.50, -1018.73, 20.00, 4.63, 6.67, 2.61, 0.00, 0.00, 0.00, 0.00, 90.00, 0, 0
2.00, 5.70, 10.34, 10.34, -1040.76, 20.00, 4.63, 6.11, 2.02, 0.00, 0.00, 0.00, 0.00, 90.00, 0, 0
2.00, 5.70, 10.26, 10.26, -1045.51, 20.00, 4.63, 6.11, 2.02, 0.00, 0.00, 0.00, 0.00, 90.00, 0, 0
2.00, 5.70, 10.16, 10.16, -1057.20, 20.00, 4.63, 6.11, 2.02, 0.00, 1.53, 0.00, 0.00, 90.00, 0, 0
2.00, 5.70, 10.16, 10.16, -1046.86, 20.00, 4.63, 6.11, 2.11, 0.00, 13.76, 11.98, -52.03, 82.97, 0, 0
2.00, 5.70, 10.33, 10.33, -1003.07, 20.00, 4.63, 7.22, 3.21, 0.00, 33.65, 15.35, -40.67, 74.74, 0, 0
2.00, 5.70, 10.39, 10.39, -985.23, 20.00, 4.63, 7.22, 3.21, 0.00, 39.76, 25.92, -27.72, 68.34, 0, 0
2.00, 5.70, 10.44, 10.44, -974.59, 20.00, 4.63, 7.78, 3.81, 0.00, 39.76, 38.01, -13.23, 64.35, 0, 0
2.00, 5.70, 10.46, 10.46, -967.40, 20.00, 4.63, 7.78, 3.81, 0.00, 41.29, 50.41, 2.17, 63.25, 0, 0
2.00, 5.70, 10.42, 10.42, -975.05, 20.00, 4.63, 7.78, 3.81, 0.00, 35.17, 62.75, 17.41, 65.19, 0, 0
2.00, 5.70, 10.49, 10.49, -958.79, 20.00, 4.63, 8.33, 4.40, 0.00, 39.76, 74.81, 31.50, 69.91, 0, 0
2.00, 5.70, 10.40, 10.40, -978.55, 20.00, 4.63, 7.78, 3.81, 0.00, 29.06, 86.40, 44.00, 76.88, 0, 0
2.00, 5.70, 10.21, 10.21, -1014.66, 20.00, 4.63, 7.78, 3.81, 0.00, 10.71, 0.00, 54.96, 85.53, 0, 0
2.00, 5.70, 10.03, 10.03, -1045.99, 20.00, 4.63, 7.22, 3.30, 0.00, 1.53, 0.00, 0.00, 90.00, 0, 0
2.00, 5.70, 9.93, 9.93, -1059.41, 20.00, 4.63, 7.22, 3.30, 0.00, 0.00, 0.00, 0.00, 90.00, 0, 0
2.00, 5.70, 9.85, 9.85, -1066.84, 20.00, 4.63, 7.22, 3.30, 0.00, 0.00, 0.00, 0.00, 90.00, 0, 0
2.00, 5.70, 9.78, 9.78, -1072.76, 20.00, 4.63, 7.22, 3.30, 0.00, 0.00, 0.00, 0.00, 90.00, 0, 0
2.00, 5.70, 9.71, 9.71, -1078.30, 20.00, 4.63, 7.22, 3.30, 0.00, 0.00, 0.00, 0.00, 90.00, 0, 0
2.00, 5.70, 9.60, 9.60, -1093.17, 20.00, 4.63, 6.67, 2.71, 0.00, 0.00, 0.00, 0.00, 90.00, 0, 0
2.00, 5.70, 9.51, 9.51, -1103.81, 20.00, 4.63, 6.67, 2.71, 0.00, 0.00, 0.00, 0.00, 90.00, 0, 0
2.00, 5.70, 9.42, 9.42, -1112.59, 20.00, 4.63, 6.67, 2.71, 0.00, 0.00, 0.00, 0.00, 90.00, 0, 0
2.00, 5.70, 9.34, 9.34, -1120.34, 20.00, 4.63, 6.67, 2.71, 0.00, 0.00, 0.00, 0.00, 90.00, 0, 0
2.00, 5.70, 9.29, 9.29, -1120.95, 20.00, 4.63, 7.22, 3.21, 0.00, 0.00, 0.00, 0.00, 90.00, 0, 0
2.00, 5.70, 9.23, 9.23, -1124.93, 20.00, 4.63, 7.22, 3.21, 0.00, 0.00, 0.00, 0.00, 90.00, 0, 0
2.00, 5.70, 9.17, 9.17, -1129.21, 20.00, 4.63, 7.22, 3.30, 0.00, 0.00, 0.00, 0.00, 90.00, 0, 0
2.00, 5.70, 9.11, 9.11, -1133.42, 20.00, 4.63, 7.22, 3.30, 0.00, 0.00, 0.00, 0.00, 90.00, 0, 0
2.00, 5.70, 9.11, 9.11, -1123.56, 20.00, 4.63, 7.22, 3.30, 0.00, 0.00, 0.00, 0.00, 90.00, 0, 0
2.00, 5.70, 9.08, 9.08, -1123.27, 20.00, 4.63, 7.22, 3.30, 0.00, 1.53, 0.00, 0.00, 90.00, 0, 0
2.00, 5.70, 9.05, 9.05, -1124.76, 20.00, 4.63, 7.22, 3.30, 0.00, 1.53, 12.12, -52.18, 82.95, 0, 0
2.00, 5.70, 9.29, 9.29, -1067.76, 20.00, 4.63, 7.78, 3.90, 0.00, 29.06, 15.38, -40.82, 74.69, 0, 0
2.00, 5.70, 9.80, 9.80, -959.48, 20.00, 4.63, 8.89, 5.00, 11.32, 68.69, 25.90, -27.86, 68.27, 0, 0
2.00, 5.70, 10.30, 10.30, -865.49, 20.00, 4.63, 10.00, 6.10, 22.32, 90.43, 37.98, -13.36, 64.25, 0, 0
2.00, 5.70, 10.32, 10.32, -878.07, 20.00, 4.63, 10.56, 6.61, 8.05, 63.73, 50.38, 2.06, 63.13, 0, 0
2.00, 5.70, 10.29, 10.29, -897.97, 20.00, 4.63, 10.56, 6.61, 0.00, 45.88, 62.72, 17.33, 65.05, 0, 0
2.00, 5.70, 10.28, 10.28, -908.59, 20.00, 4.63, 10.56, 6.61, 0.00, 35.17, 74.79, 31.46, 69.76, 0, 0
2.00, 5.70, 10.17, 10.17, -938.25, 20.00, 4.63, 10.00, 6.10, 0.00, 18.35, 86.39, 43.99, 76.73, 0, 0
2.00, 5.70, 10.08, 10.08, -960.30, 20.00, 4.63, 10.00, 6.01, 0.00, 6.12, 0.00, 54.96, 85.38, 0, 0
2.00, 5.70, 10.01, 10.01, -975.69, 20.00, 4.63, 9.44, 5.51, 0.00, 1.53, 0.00, 0.00, 90.00, 0, 0
2.00, 5.70, 9.98, 9.98, -980.59, 20.00, 4.63, 9.44, 5.51, 0.00, 0.00, 0.00, 0.00, 90.00, 0, 0
2.00, 5.70, 9.94, 9.94, -987.90, 20.00, 4.63, 8.89, 4.91, 0.00, 0.00, 0.00, 0.00, 90.00, 0, 0
2.00, 5.70, 9.92, 9.92, -990.86, 20.00, 4.63, 8.89, 4.91, 0.00, 0.00, 0.00, 0.00, 90.00, 0, 0
2.00, 5.70, 9.87, 9.87, -999.87, 20.00, 4.63, 8.33, 4.31, 0.00, 0.00, 0.00, 0.00, 90.00, 0, 0
2.00, 5.70, 9.83, 9.83, -1007.52, 20.00, 4.63, 8.33, 4.31, 0.00, 0.00, 0.00, 0.00, 90.00, 0, 0
2.00, 5.70, 9.78, 9.78, -1014.70, 20.00, 4.63, 8.33, 4.21, 0.00, 0.00, 0.00, 0.00, 90.00, 0, 0
2.00, 5.70, 9.68, 9.68, -1034.35, 20.00, 4.63, 7.22, 3.21, 0.00, 0.00, 0.00, 0.00, 90.00, 0, 0
2.00, 5.70, 9.57, 9.57, -1052.86, 20.00, 4.63, 6.67, 2.61, 0.00, 0.00, 0.00, 0.00, 90.00, 0, 0
2.00, 5.70, 9.45, 9.45, -1072.06, 20.00, 4.63, 6.11, 2.02, 0.00, 0.00, 0.00, 0.00, 90.00, 0, 0
2.00, 5.70, 9.32, 9.32, -1092.20, 20.00, 4.63, 5.56, 1.42, 0.00, 0.00, 0.00, 0.00, 90.00, 0, 0
2.00, 5.70, 9.18, 9.18, -1113.63, 20.00, 4.63, 5.00, 0.82, 0.00, 0.00, 0.00, 0.00, 90.00, 0, 0
2.00, 5.70, 9.03, 9.03, -1136.19, 20.00, 4.63, 4.44, 0.33, 0.00, 0.00, 0.00, 0.00, 90.00, 0, 0
2.00, 5.70, 8.93, 8.93, -1145.52, 20.00, 4.63, 3.89, -0.27, 0.00, 0.00, 0.00, 0.00, 90.00, 0, 0
2.00, 5.70, 8.80, 8.80, -1163.84, 20.00, 4.63, 3.33, -0.76, 0.00, 3.06, 0.00, 0.00, 90.00, 0, 0
2.00, 5.70, 9.79, 9.79, -945.53, 20.00, 4.63, 5.00, 0.82, 295.03, 24.13, 12.26, -52.34, 82.92, 0, 0
2.00, 5.70, 11.04, 11.04, -696.85, 20.00, 4.63, 7.22, 3.11, 508.52, 57.21, 15.41, -40.97, 74.64, 0, 0
2.00, 5.70, 11.69, 11.69, -595.75, 20.00, 4.63, 9.44, 5.31, 415.87, 88.55, 25.88, -28.01, 68.19, 0, 0
2.00, 5.70, 11.63, 11.63, -646.30, 20.00, 4.63, 10.00, 5.91, 166.25, 103.31, 37.95, -13.49, 64.15, 0, 0
2.00, 5.70, 11.71, 11.71, -657.77, 20.00, 4.63, 10.56, 6.41, 70.46, 109.09, 50.34, 1.96, 63.01, 0, 0
2.00, 5.70, 11.99, 11.99, -621.73, 20.00, 4.63, 11.11, 7.02, 104.21, 101.83, 62.69, 17.26, 64.91, 0, 0
2.00, 5.70, 11.97, 11.97, -651.65, 20.00, 4.63, 11.11, 6.91, 64.63, 81.12, 74.77, 31.43, 69.61, 0, 0
2.00, 5.70, 11.70, 11.70, -726.63, 20.00, 4.63, 10.56, 6.41, 13.49, 50.73, 86.38, 43.98, 76.58, 0, 0
2.00, 5.70, 11.43, 11.43, -793.98, 20.00, 4.63, 9.44, 5.31, 0.00, 26.00, 0.00, 54.97, 85.22, 0, 0
2.00, 5.70, 11.14, 11.14, -858.11, 20.00, 4.63, 8.89, 4.71, 0.00, 1.53, 0.00, 0.00, 90.00, 0, 0
2.00, 5.70, 11.01, 11.01, -881.96, 20.00, 4.63, 8.33, 4.21, 0.00, 0.00, 0.00, 0.00, 90.00, 0, 0
2.00, 5.70, 10.92, 10.92, -899.01, 20.00, 4.63, 7.78, 3.61, 0.00, 0.00, 0.00, 0.00, 90.00, 0, 0
2.00, 5.70, 10.81, 10.81, -917.26, 20.00, 4.63, 7.22, 3.01, 0.00, 0.00, 0.00, 0.00, 90.00, 0, 0
2.00, 5.70, 10.73, 10.73, -931.67, 20.00, 4.63, 7.22, 3.01, 0.00, 0.00, 0.00, 0.00, 90.00, 0, 0
2.00, 5.70, 10.59, 10.59, -955.08, 20.00, 4.63, 6.67, 2.41, 0.00, 0.00, 0.00, 0.00, 90.00, 0, 0
2.00, 5.70, 10.44, 10.44, -981.62, 20.00, 4.63, 6.11, 1.92, 0.00, 0.00, 0.00, 0.00, 90.00, 0, 0
2.00, 5.70, 10.27, 10.27, -1009.93, 20.00, 4.63, 5.56, 1.32, 0.00, 0.00, 0.00, 0.00, 90.00, 0, 0
2.00, 5.70, 10.09, 10.09, -1039.04, 20.00, 4.63, 5.00, 0.82, 0.00, 0.00, 0.00, 0.00, 90.00, 0, 0
2.00, 5.70, 9.92, 9.92, -1062.47, 20.00, 4.63, 5.00, 0.72, 0.00, 0.00, 0.00, 0.00, 90.00, 0, 0
2.00, 5.70, 9.74, 9.74, -1090.16, 20.00, 4.63, 4.44, 0.23, 0.00, 0.00, 0.00, 0.00, 90.00, 0, 0
2.00, 5.70, 9.54, 9.54, -1119.56, 20.00, 4.63, 3.89, -0.37, 0.00, 0.00, 0.00, 0.00, 90.00, 0, 0
2.00, 5.70, 9.36, 9.36, -1143.05, 20.00, 4.63, 3.89, -0.37, 0.00, 0.00, 0.00, 0.00, 90.00, 0, 0
2.00, 5.70, 9.22, 9.22, -1156.68, 20.00, 4.63, 3.33, -0.97, 0.00, 0.00, 0.00, 0.00, 90.00, 0, 0
2.00, 5.70, 9.10, 9.10, -1166.76, 20.00, 4.63, 3.33, -0.97, 0.00, 6.12, 0.00, 0.00, 90.00, 0, 0
2.00, 5.70, 9.85, 9.85, -995.91, 20.00, 4.63, 5.00, 0.72, 206.69, 29.60, 12.41, -52.49, 82.88, 0, 0
2.00, 5.70, 10.64, 10.64, -836.12, 20.00, 4.63, 6.67, 2.52, 310.24, 58.33, 15.46, -41.13, 74.59, 0, 0
2.00, 5.70, 10.79, 10.79, -824.55, 20.00, 4.63, 7.78, 3.61, 158.43, 80.55, 25.87, -28.15, 68.11, 0, 0
2.00, 5.70, 10.71, 10.71, -857.76, 20.00, 4.63, 8.33, 4.11, 29.79, 84.33, 37.93, -13.62, 64.05, 0, 0
2.00, 5.70, 10.89, 10.89, -829.12, 20.00, 4.63, 8.89, 4.71, 16.11, 93.78, 50.32, 1.86, 62.88, 0, 0
2.00, 5.70, 11.11, 11.11, -794.67, 20.00, 4.63, 8.89, 4.71, 33.31, 96.04, 62.67, 17.20, 64.76, 0, 0
2.00, 5.70, 11.20, 11.20, -791.23, 20.00, 4.63, 9.44, 5.31, 45.62, 77.73, 74.76, 31.39, 69.46, 0, 0
2.00, 5.70, 11.04, 11.04, -836.39, 20.00, 4.63, 8.89, 4.81, 13.66, 56.32, 86.38, 43.97, 76.42, 0, 0
2.00, 5.70, 10.81, 10.81, -891.41, 20.00, 4.63, 8.33, 4.21, 0.00, 32.12, 0.00, 54.99, 85.07, 0, 0
2.00, 5.70, 10.48, 10.48, -960.45, 20.00, 4.63, 7.78, 3.61, 0.00, 3.06, 0.00, 0.00, 90.00, 0, 0
2.00, 5.70, 10.35, 10.35, -980.95, 20.00, 4.63, 7.78, 3.61, 0.00, 0.00, 0.00, 0.00, 90.00, 0, 0
2.00, 5.70, 10.26, 10.26, -995.13, 20.00, 4.63, 7.22, 3.11, 0.00, 0.00, 0.00, 0.00, 90.00, 0, 0
2.00, 5.70, 10.15, 10.15, -1010.36, 20.00, 4.63, 6.67, 2.52, 0.00, 0.00, 0.00, 0.00, 90.00, 0, 0
2.00, 5.70, 10.07, 10.07, -1021.37, 20.00, 4.63, 6.67, 2.52, 0.00, 0.00, 0.00, 0.00, 90.00, 0, 0
2.00, 5.70, 9.94, 9.94, -1041.05, 20.00, 4.63, 6.11, 2.02, 0.00, 0.00, 0.00, 0.00, 90.00, 0, 0
2.00, 5.70, 9.82, 9.82, -1057.08, 20.00, 4.63, 6.11, 2.02, 0.00, 0.00, 0.00, 0.00, 90.00, 0, 0
2.00, 5.70, 9.68, 9.68, -1078.70, 20.00, 4.63, 5.56, 1.42, 0.00, 0.00, 0.00, 0.00, 90.00, 0, 0
2.00, 5.70, 9.55, 9.55, -1095.64, 20.00, 4.63, 5.56, 1.42, 0.00, 0.00, 0.00, 0.00, 90.00, 0, 0
2.00, 5.70, 9.43, 9.43, -1110.96, 20.00, 4.63, 5.56, 1.42, 0.00, 0.00, 0.00, 0.00, 90.00, 0, 0
2.00, 5.70, 9.27, 9.27, -1132.10, 20.00, 4.63, 5.00, 0.82, 0.00, 0.00, 0.00, 0.00, 90.00, 0, 0
2.00, 5.70, 9.14, 9.14, -1148.55, 20.00, 4.63, 5.00, 0.82, 0.00, 0.00, 0.00, 0.00, 90.00, 0, 0
2.00, 5.70, 9.01, 9.01, -1163.18, 20.00, 4.63, 5.00, 0.82, 0.00, 0.00, 0.00, 0.00, 90.00, 0, 0
2.00, 5.70, 8.96, 8.96, -1162.19, 20.00, 4.63, 5.00, 0.82, 0.00, 0.00, 0.00, 0.00, 90.00, 0, 0
2.00, 5.70, 8.88, 8.88, -1168.00, 20.00, 4.63, 5.00, 0.92, 0.00, 3.06, 0.00, 0.00, 90.00, 0, 0
2.00, 5.70, 8.96, 8.96, -1139.20, 20.00, 4.63, 5.56, 1.52, 0.00, 19.88, 12.56, -52.65, 82.84, 0, 0
2.00, 5.70, 9.06, 9.06, -1111.49, 20.00, 4.63, 6.11, 2.02, 0.00, 30.59, 15.51, -41.29, 74.52, 0, 0
2.00, 5.70, 9.16, 9.16, -1087.73, 20.00, 4.63, 6.67, 2.61, 0.00, 36.70, 25.87, -28.30, 68.02, 0, 0
2.00, 5.70, 9.42, 9.42, -1030.23, 20.00, 4.63, 7.22, 3.21, 0.00, 59.64, 37.91, -13.75, 63.93, 0, 0
2.00, 5.70, 9.84, 9.84, -946.59, 20.00, 4.63, 7.78, 3.71, 14.11, 86.63, 50.30, 1.76, 62.74, 0, 0
2.00, 5.70, 10.21, 10.21, -880.30, 20.00, 4.63, 8.89, 4.81, 31.89, 93.40, 62.65, 17.13, 64.61, 0, 0
2.00, 5.70, 10.39, 10.39, -856.53, 20.00, 4.63, 9.44, 5.41, 48.97, 79.04, 74.75, 31.36, 69.29, 0, 0
2.00, 5.70, 10.15, 10.15, -921.25, 20.00, 4.63, 8.89, 4.91, 6.67, 46.64, 86.38, 43.97, 76.25, 0, 0
2.00, 5.70, 9.85, 9.85, -991.71, 20.00, 4.63, 8.33, 4.31, 0.00, 13.76, 0.00, 55.01, 84.90, 0, 0
2.00, 5.70, 9.68, 9.68, -1024.91, 20.00, 4.63, 8.33, 4.31, 0.00, 1.53, 0.00, 0.00, 90.00, 0, 0
2.00, 5.70, 9.59, 9.59, -1039.56, 20.00, 4.63, 7.78, 3.81, 0.00, 0.00, 0.00, 0.00, 90.00, 0, 0
2.00, 5.70, 9.55, 9.55, -1043.17, 20.00, 4.63, 7.78, 3.81, 0.00, 0.00, 0.00, 0.00, 90.00, 0, 0
2.00, 5.70, 9.52, 9.52, -1045.43, 20.00, 4.63, 7.78, 3.71, 0.00, 0.00, 0.00, 0.00, 90.00, 0, 0
2.00, 5.70, 9.46, 9.46, -1054.53, 20.00, 4.63, 7.22, 3.21, 0.00, 0.00, 0.00, 0.00, 90.00, 0, 0
2.00, 5.70, 9.40, 9.40, -1063.40, 20.00, 4.63, 7.22, 3.21, 0.00, 0.00, 0.00, 0.00, 90.00, 0, 0
2.00, 5.70, 9.33, 9.33, -1071.76, 20.00, 4.63, 7.22, 3.21, 0.00, 0.00, 0.00, 0.00, 90.00, 0, 0
2.00, 5.70, 9.27, 9.27, -1079.82, 20.00, 4.63, 7.22, 3.11, 0.00, 0.00, 0.00, 0.00, 90.00, 0, 0
2.00, 5.70, 9.18, 9.18, -1094.06, 20.00, 4.63, 6.67, 2.61, 0.00, 0.00, 0.00, 0.00, 90.00, 0, 0
2.00, 5.70, 9.10, 9.10, -1104.09, 20.00, 4.63, 6.67, 2.61, 0.00, 0.00, 0.00, 0.00, 90.00, 0, 0
2.00, 5.70, 9.00, 9.00, -1119.29, 20.00, 4.63, 6.11, 2.11, 0.00, 0.00, 0.00, 0.00, 90.00, 0, 0
2.00, 5.70, 8.91, 8.91, -1130.16, 20.00, 4.63, 6.11, 2.02, 0.00, 0.00, 0.00, 0.00, 90.00, 0, 0
2.00, 5.70, 8.83, 8.83, -1139.52, 20.00, 4.63, 6.11, 2.02, 0.00, 0.00, 0.00, 0.00, 90.00, 0, 0
2.00, 5.70, 8.79, 8.79, -1140.06, 20.00, 4.63, 5.56, 1.52, 0.00, 0.00, 0.00, 0.00, 90.00, 0, 0
2.00, 5.70, 8.76, 8.76, -1137.98, 20.00, 4.63, 6.11, 2.02, 0.00, 3.06, 0.00, 0.00, 90.00, 0, 0
2.00, 5.70, 8.78, 8.78, -1128.20, 20.00, 4.63, 6.11, 2.11, 0.00, 10.71, 12.72, -52.81, 82.79, 0, 0
2.00, 5.70, 8.91, 8.91, -1095.00, 20.00, 4.63, 6.67, 2.61, 0.00, 26.00, 15.57, -41.44, 74.45, 0, 0
2.00, 5.70, 8.87, 8.87, -1102.42, 20.00, 4.63, 7.22, 3.11, 0.00, 15.29, 25.87, -28.45, 67.93, 0, 0
2.00, 5.70, 9.73, 9.73, -920.19, 20.00, 4.63, 8.33, 4.31, 114.22, 68.96, 37.89, -13.88, 63.81, 0, 0
2.00, 5.70, 10.47, 10.47, -782.25, 20.00, 4.63, 9.44, 5.41, 116.93, 110.72, 50.28, 1.66, 62.60, 0, 0
2.00, 5.70, 10.58, 10.58, -784.90, 20.00, 4.63, 10.56, 6.51, 40.60, 96.55, 62.63, 17.07, 64.45, 0, 0
2.00, 5.70, 10.59, 10.59, -804.73, 20.00, 4.63, 10.56, 6.51, 17.44, 77.24, 74.74, 31.34, 69.13, 0, 0
2.00, 5.70, 10.49, 10.49, -842.73, 20.00, 4.63, 10.56, 6.51, 4.33, 52.08, 86.39, 43.98, 76.09, 0, 0
2.00, 5.70, 10.25, 10.25, -903.97, 20.00, 4.63, 10.00, 5.91, 0.00, 19.88, 0.00, 55.04, 84.74, 0, 0
2.00, 5.70, 10.06, 10.06, -949.31, 20.00, 4.63, 9.44, 5.41, 0.00, 1.53, 0.00, 0.00, 90.00, 0, 0
2.00, 5.70, 9.98, 9.98, -965.98, 20.00, 4.63, 8.89, 4.81, 0.00, 0.00, 0.00, 0.00, 90.00, 0, 0
2.00, 5.70, 9.95, 9.95, -970.42, 20.00, 4.63, 8.89, 4.81, 0.00, 0.00, 0.00, 0.00, 90.00, 0, 0
2.00, 5.70, 9.91, 9.91, -979.38, 20.00, 4.63, 8.33, 4.21, 0.00, 0.00, 0.00, 0.00, 90.00, 0, 0
2.00, 5.70, 9.84, 9.84, -991.48, 20.00, 4.63, 7.78, 3.61, 0.00, 0.00, 0.00, 0.00, 90.00, 0, 0
2.00, 5.70, 9.75, 9.75, -1008.70, 20.00, 4.63, 7.22, 3.11, 0.00, 0.00, 0.00, 0.00, 90.00, 0, 0
2.00, 5.70, 9.68, 9.68, -1021.59, 20.00, 4.63, 7.22, 3.01, 0.00, 0.00, 0.00, 0.00, 90.00, 0, 0
2.00, 5.70, 9.57, 9.57, -1039.48, 20.00, 4.63, 6.67, 2.52, 0.00, 0.00, 0.00, 0.00, 90.00, 0, 0
2.00, 5.70, 9.45, 9.45, -1059.85, 20.00, 4.63, 6.11, 1.92, 0.00, 0.00, 0.00, 0.00, 90.00, 0, 0
2.00, 5.70, 9.29, 9.29, -1088.47, 20.00, 4.63, 5.00, 0.82, 0.00, 0.00, 0.00, 0.00, 90.00, 0, 0
2.00, 5.70, 9.12, 9.12, -1114.47, 20.00, 4.63, 4.44, 0.23, 0.00, 0.00, 0.00, 0.00, 90.00, 0, 0
2.00, 5.70, 8.95, 8.95, -1140.57, 20.00, 4.63, 3.89, -0.37, 0.00, 0.00, 0.00, 0.00, 90.00, 0, 0
2.00, 5.70, 8.77, 8.77, -1167.16, 20.00, 4.63, 3.33, -0.86, 0.00, 0.00, 0.00, 0.00, 90.00, 0, 0
2.00, 5.70, 8.66, 8.66, -1179.17, 20.00, 4.63, 2.78, -1.46, 0.00, 0.00, 0.00, 0.00, 90.00, 0, 0
2.00, 5.70, 8.53, 8.53, -1194.54, 20.00, 4.63, 2.78, -1.46, 0.00, 3.06, 0.00, 0.00, 90.00, 0, 0
2.00, 5.70, 8.56, 8.56, -1174.45, 20.00, 4.63, 3.33, -0.97, 0.00, 19.88, 12.89, -52.98, 82.74, 0, 0
2.00, 5.70, 8.79, 8.79, -1118.68, 20.00, 4.63, 4.44, 0.12, 2.74, 45.58, 15.64, -41.61, 74.38, 0, 0
2.00, 5.70, 8.98, 8.98, -1076.44, 20.00, 4.63, 5.00, 0.72, 2.83, 60.75, 25.88, -28.60, 67.83, 0, 0
2.00, 5.70, 8.93, 8.93, -1087.26, 20.00, 4.63, 5.00, 0.82, 0.00, 50.47, 37.88, -14.01, 63.68, 0, 0
2.00, 5.70, 8.74, 8.74, -1127.62, 20.00, 4.63, 5.00, 0.82, 0.00, 29.06, 50.26, 1.56, 62.45, 0, 0
2.00, 5.70, 8.90, 8.90, -1088.11, 20.00, 4.63, 5.00, 0.82, 4.35, 53.59, 62.63, 17.01, 64.29, 0, 0
2.00, 5.70, 9.04, 9.04, -1057.62, 20.00, 4.63, 5.56, 1.32, 1.66, 63.43, 74.74, 31.32, 68.96, 0, 0
2.00, 5.70, 8.77, 8.77, -1117.53, 20.00, 4.63, 5.00, 0.82, 0.00, 29.06, 86.40, 43.99, 75.91, 0, 0
2.00, 5.70, 8.46, 8.46, -1176.85, 20.00, 4.63, 4.44, 0.23, 0.00, 6.12, 0.00, 55.07, 84.57, 0, 0
2.00, 5.70, 8.29, 8.29, -1202.75, 20.00, 4.63, 4.44, 0.23, 0.00, 1.53, 0.00, 0.00, 90.00, 0, 0
2.00, 5.70, 8.13, 8.13, -1224.68, 20.00, 4.63, 3.89, -0.37, 0.00, 0.00, 0.00, 0.00, 90.00, 0, 0
2.00, 5.70, 8.01, 8.01, -1237.26, 20.00, 4.63, 3.89, -0.37, 0.00, 0.00, 0.00, 0.00, 90.00, 0, 0
2.00, 5.70, 7.87, 7.87, -1254.06, 20.00, 4.63, 3.33, -0.86, 0.00, 0.00, 0.00, 0.00, 90.00, 0, 0
2.00, 5.70, 7.75, 7.75, -1266.54, 20.00, 4.63, 3.33, -0.97, 0.00, 0.00, 0.00, 0.00, 90.00, 0, 0
2.00, 5.70, 7.59, 7.59, -1288.10, 20.00, 4.63, 2.78, -1.46, 0.00, 0.00, 0.00, 0.00, 90.00, 0, 0
2.00, 5.70, 7.44, 7.44, -1305.00, 20.00, 4.63, 2.78, -1.56, 0.00, 0.00, 0.00, 0.00, 90.00, 0, 0
2.00, 5.70, 7.27, 7.27, -1326.17, 20.00, 4.63, 2.22, -2.05, 0.00, 0.00, 0.00, 0.00, 90.00, 0, 0
2.00, 5.70, 7.13, 7.13, -1342.16, 20.00, 4.63, 2.22, -2.05, 0.00, 0.00, 0.00, 0.00, 90.00, 0, 0
2.00, 5.70, 6.98, 6.98, -1356.56, 20.00, 4.63, 2.22, -2.16, 0.00, 0.00, 0.00, 0.00, 90.00, 0, 0
2.00, 5.70, 6.82, 6.82, -1376.28, 20.00, 4.63, 1.67, -2.65, 0.00, 0.00, 0.00, 0.00, 90.00, 0, 0
2.00, 5.70, 6.67, 6.67, -1391.35, 20.00, 4.63, 1.67, -2.65, 0.00, 0.00, 0.00, 0.00, 90.00, 0, 0
2.00, 5.70, 6.53, 6.53, -1404.70, 20.00, 4.63, 1.67, -2.65, 0.00, 0.00, 0.00, 0.00, 90.00, 0, 0
2.00, 5.70, 6.45, 6.45, -1403.68, 20.00, 4.63, 1.11, -3.13, 0.00, 0.00, 0.00, 0.00, 90.00, 0, 0
2.00, 5.70, 6.39, 6.39, -1401.81, 20.00, 4.63, 1.67, -2.65, 0.00, 4.59, 0.00, 0.00, 90.00, 0, 0
2.00, 5.70, 7.45, 7.45, -1167.23, 20.00, 4.63, 3.33, -0.97, 305.29, 25.42, 13.06, -53.15, 82.68, 0, 0
2.00, 5.70, 8.54, 8.54, -950.27, 20.00, 4.63, 5.56, 1.32, 450.86, 58.43, 15.71, -41.77, 74.30, 0, 0
2.00, 5.70, 8.95, 8.95, -894.23, 20.00, 4.63, 7.22, 2.90, 296.93, 88.35, 25.89, -28.76, 67.72, 0, 0
2.00, 5.70, 8.79, 8.79, -955.41, 20.00, 4.63, 7.78, 3.50, 79.46, 91.05, 37.88, -14.14, 63.55, 0, 0
2.00, 5.70, 9.10, 9.10, -909.94, 20.00, 4.63, 8.33, 3.99, 68.58, 103.06, 50.26, 1.46, 62.29, 0, 0
2.00, 5.70, 9.41, 9.41, -865.86, 20.00, 4.63, 8.33, 4.11, 69.64, 107.99, 62.62, 16.96, 64.12, 0, 0
2.00, 5.70, 9.52, 9.52, -863.77, 20.00, 4.63, 8.89, 4.60, 74.70, 84.23, 74.74, 31.30, 68.78, 0, 0
2.00, 5.70, 9.27, 9.27, -935.95, 20.00, 4.63, 8.33, 4.11, 19.63, 50.22, 86.42, 44.00, 75.74, 0, 0
2.00, 5.70, 9.10, 9.10, -983.50, 20.00, 4.63, 7.78, 3.50, 0.00, 30.59, 0.00, 55.11, 84.39, 0, 0
2.00, 5.70, 8.80, 8.80, -1051.43, 20.00, 4.63, 6.67, 2.41, 0.00, 3.06, 0.00, 0.00, 90.00, 0, 0
2.00, 5.70, 8.71, 8.71, -1068.47, 20.00, 4.63, 6.67, 2.30, 0.00, 0.00, 0.00, 0.00, 90.00, 0, 0
2.00, 5.70, 8.65, 8.65, -1078.56, 20.00, 4.63, 6.11, 1.81, 0.00, 0.00, 0.00, 0.00, 90.00, 0, 0
2.00, 5.70, 8.58, 8.58, -1090.50, 20.00, 4.63, 5.56, 1.21, 0.00, 0.00, 0.00, 0.00, 90.00, 0, 0
2.00, 5.70, 8.50, 8.50, -1106.14, 20.00, 4.63, 5.00, 0.60, 0.00, 0.00, 0.00, 0.00, 90.00, 0, 0
2.00, 5.70, 8.38, 8.38, -1128.05, 20.00, 4.63, 4.44, 0.12, 0.00, 0.00, 0.00, 0.00, 90.00, 0, 0
2.00, 5.70, 8.24, 8.24, -1152.68, 20.00, 4.63, 3.89, -0.48, 0.00, 0.00, 0.00, 0.00, 90.00, 0, 0
2.00, 5.70, 8.08, 8.08, -1178.67, 20.00, 4.63, 3.33, -0.97, 0.00, 0.00, 0.00, 0.00, 90.00, 0, 0
2.00, 5.70, 7.94, 7.94, -1199.59, 20.00, 4.63, 3.33, -1.08, 0.00, 0.00, 0.00, 0.00, 90.00, 0, 0
2.00, 5.70, 7.78, 7.78, -1225.53, 20.00, 4.63, 2.78, -1.67, 0.00, 0.00, 0.00, 0.00, 90.00, 0, 0
2.00, 5.70, 7.59, 7.59, -1253.12, 20.00, 4.63, 2.22, -2.16, 0.00, 0.00, 0.00, 0.00, 90.00, 0, 0
2.00, 5.70, 7.40, 7.40, -1281.95, 20.00, 4.63, 1.67, -2.75, 0.00, 0.00, 0.00, 0.00, 90.00, 0, 0
2.00, 5.70, 7.20, 7.20, -1311.23, 20.00, 4.63, 1.11, -3.24, 0.00, 0.00, 0.00, 0.00, 90.00, 0, 0
2.00, 5.70, 7.07, 7.07, -1322.99, 20.00, 4.63, 0.56, -3.83, 0.00, 0.00, 0.00, 0.00, 90.00, 0, 0
2.00, 5.70, 6.98, 6.98, -1327.65, 20.00, 4.63, 1.11, -3.34, 0.00, 6.12, 0.00, 0.00, 90.00, 0, 0
2.00, 5.70, 7.73, 7.73, -1158.54, 20.00, 4.63, 2.22, -2.16, 210.30, 30.06, 13.24, -53.32, 82.62, 0, 0
2.00, 5.70, 9.20, 9.20, -855.85, 20.00, 4.63, 5.00, 0.60, 517.28, 64.28, 15.80, -41.94, 74.21, 0, 0
2.00, 5.70, 10.22, 10.22, -677.92, 20.00, 4.63, 7.22, 2.78, 562.61, 89.21, 25.91, -28.91, 67.61, 0, 0
2.00, 5.70, 10.96, 10.96, -568.20, 20.00, 4.63, 8.89, 4.48, 538.83, 100.44, 37.88, -14.27, 63.41, 0, 0
2.00, 5.70, 11.08, 11.08, -591.99, 20.00, 4.63, 10.00, 5.58, 318.70, 109.74, 50.25, 1.37, 62.13, 0, 0
2.00, 5.70, 10.96, 10.96, -656.82, 20.00, 4.63, 10.00, 5.58, 150.87, 103.15, 62.62, 16.91, 63.94, 0, 0
2.00, 5.70, 10.80, 10.80, -719.60, 20.00, 4.63, 10.00, 5.58, 65.53, 83.85, 74.75, 31.29, 68.60, 0, 0
2.00, 5.70, 10.48, 10.48, -805.86, 20.00, 4.63, 8.89, 4.48, 11.11, 54.49, 86.44, 44.02, 75.55, 0, 0
2.00, 5.70, 10.24, 10.24, -867.54, 20.00, 4.63, 7.78, 3.39, 0.00, 32.12, 0.00, 55.15, 84.22, 0, 0
2.00, 5.70, 9.94, 9.94, -933.83, 20.00, 4.63, 7.22, 2.78, 0.00, 4.59, 0.00, 0.00, 90.00, 0, 0
2.00, 5.70, 9.80, 9.80, -962.63, 20.00, 4.63, 6.67, 2.18, 0.00, 0.00, 0.00, 0.00, 90.00, 0, 0
2.00, 5.70, 9.70, 9.70, -980.93, 20.00, 4.63, 6.11, 1.69, 0.00, 0.00, 0.00, 0.00, 90.00, 0, 0
2.00, 5.70, 9.60, 9.60, -1000.81, 20.00, 4.63, 5.56, 1.09, 0.00, 0.00, 0.00, 0.00, 90.00, 0, 0
2.00, 5.70, 9.47, 9.47, -1023.95, 20.00, 4.63, 5.00, 0.49, 0.00, 0.00, 0.00, 0.00, 90.00, 0, 0
2.00, 5.70, 9.31, 9.31, -1052.48, 20.00, 4.63, 4.44, 0.01, 0.00, 0.00, 0.00, 0.00, 90.00, 0, 0
2.00, 5.70, 9.13, 9.13, -1083.50, 20.00, 4.63, 3.89, -0.59, 0.00, 0.00, 0.00, 0.00, 90.00, 0, 0
2.00, 5.70, 8.94, 8.94, -1115.86, 20.00, 4.63, 3.33, -1.19, 0.00, 0.00, 0.00, 0.00, 90.00, 0, 0
2.00, 5.70, 8.73, 8.73, -1148.86, 20.00, 4.63, 2.78, -1.67, 0.00, 0.00, 0.00, 0.00, 90.00, 0, 0
2.00, 5.70, 8.52, 8.52, -1182.66, 20.00, 4.63, 2.22, -2.26, 0.00, 0.00, 0.00, 0.00, 90.00, 0, 0
2.00, 5.70, 8.29, 8.29, -1217.03, 20.00, 4.63, 1.67, -2.86, 0.00, 0.00, 0.00, 0.00, 90.00, 0, 0
2.00, 5.70, 8.05, 8.05, -1251.82, 20.00, 4.63, 1.11, -3.46, 0.00, 0.00, 0.00, 0.00, 90.00, 0, 0
2.00, 5.70, 7.77, 7.77, -1293.43, 20.00, 4.63, 0.00, -4.54, 0.00, 0.00, 0.00, 0.00, 90.00, 0, 0
2.00, 5.70, 7.59, 7.59, -1314.23, 20.00, 4.63, -0.56, -5.02, 0.00, 0.00, 0.00, 0.00, 90.00, 0, 0
2.00, 5.70, 7.38, 7.38, -1337.88, 20.00, 4.63, -0.56, -5.14, 0.00, 3.06, 0.00, 0.00, 90.00, 0, 0
2.00, 5.70, 7.41, 7.41, -1312.93, 20.00, 4.63, 0.00, -4.54, 12.68, 22.07, 13.42, -53.49, 82.54, 0, 0
2.00, 5.70, 8.22, 8.22, -1128.88, 20.00, 4.63, 1.11, -3.34, 206.14, 57.69, 15.89, -42.10, 74.11, 0, 0
2.00, 5.70, 9.05, 9.05, -962.02, 20.00, 4.63, 2.78, -1.67, 310.89, 87.28, 25.94, -29.06, 67.49, 0, 0
2.00, 5.70, 9.67, 9.67, -852.64, 20.00, 4.63, 3.89, -0.59, 332.69, 105.11, 37.88, -14.40, 63.26, 0, 0
2.00, 5.70, 10.27, 10.27, -753.24, 20.00, 4.63, 5.00, 0.60, 385.25, 107.16, 50.25, 1.28, 61.96, 0, 0
2.00, 5.70, 10.31, 10.31, -777.40, 20.00, 4.63, 5.56, 1.09, 269.78, 97.28, 62.63, 16.86, 63.76, 0, 0
2.00, 5.70, 10.00, 10.00, -866.69, 20.00, 4.63, 5.56, 1.09, 112.71, 81.44, 74.77, 31.29, 68.41, 0, 0
2.00, 5.70, 9.65, 9.65, -953.59, 20.00, 4.63, 5.56, 1.09, 19.17, 60.32, 86.47, 44.05, 75.37, 0, 0
2.00, 5.70, 9.38, 9.38, -1012.85, 20.00, 4.63, 4.44, 0.01, 0.00, 42.82, 0.00, 55.20, 84.04, 0, 0
2.00, 5.70, 8.96, 8.96, -1098.47, 20.00, 4.63, 3.89, -0.59, 0.00, 6.12, 0.00, 0.00, 90.00, 0, 0
2.00, 5.70, 8.74, 8.74, -1134.55, 20.00, 4.63, 3.33, -1.08, 0.00, 0.00, 0.00, 0.00, 90.00, 0, 0
2.00, 5.70, 8.59, 8.59, -1155.95, 20.00, 4.63, 2.78, -1.67, 0.00, 0.00, 0.00, 0.00, 90.00, 0, 0
2.00, 5.70, 8.46, 8.46, -1171.41, 20.00, 4.63, 2.78, -1.67, 0.00, 0.00, 0.00, 0.00, 90.00, 0, 0
2.00, 5.70, 8.30, 8.30, -1194.08, 20.00, 4.63, 2.22, -2.26, 0.00, 0.00, 0.00, 0.00, 90.00, 0, 0
2.00, 5.70, 8.10, 8.10, -1224.27, 20.00, 4.63, 1.67, -2.75, 0.00, 0.00, 0.00, 0.00, 90.00, 0, 0
2.00, 5.70, 7.88, 7.88, -1257.09, 20.00, 4.63, 1.11, -3.34, 0.00, 0.00, 0.00, 0.00, 90.00, 0, 0
2.00, 5.70, 7.68, 7.68, -1284.18, 20.00, 4.63, 1.11, -3.34, 0.00, 0.00, 0.00, 0.00, 90.00, 0, 0
2.00, 5.70, 7.49, 7.49, -1309.07, 20.00, 4.63, 1.11, -3.34, 0.00, 0.00, 0.00, 0.00, 90.00, 0, 0
2.00, 5.70, 7.29, 7.29, -1332.55, 20.00, 4.63, 1.11, -3.34, 0.00, 0.00, 0.00, 0.00, 90.00, 0, 0
2.00, 5.70, 7.11, 7.11, -1354.85, 20.00, 4.63, 1.11, -3.34, 0.00, 0.00, 0.00, 0.00, 90.00, 0, 0
2.00, 5.70, 6.92, 6.92, -1375.83, 20.00, 4.63, 1.11, -3.34, 0.00, 0.00, 0.00, 0.00, 90.00, 0, 0
2.00, 5.70, 6.74, 6.74, -1395.36, 20.00, 4.63, 1.11, -3.34, 0.00, 0.00, 0.00, 0.00, 90.00, 0, 0
2.00, 5.70, 6.66, 6.66, -1394.69, 20.00, 4.63, 1.11, -3.34, 0.00, 0.00, 0.00, 0.00, 90.00, 0, 0
2.00, 5.70, 6.58, 6.58, -1394.84, 20.00, 4.63, 1.67, -2.75, 0.00, 4.59, 0.00, 0.00, 90.00, 0, 0
2.00, 5.70, 7.41, 7.41, -1205.26, 20.00, 4.63, 2.78, -1.56, 237.56, 27.71, 13.61, -53.67, 82.47, 0, 0
2.00, 5.70, 8.91, 8.91, -895.95, 20.00, 4.63, 5.56, 1.21, 556.60, 57.11, 15.99, -42.27, 74.01, 0, 0
2.00, 5.70, 10.36, 10.36, -626.51, 20.00, 4.63, 8.33, 3.99, 745.87, 77.04, 25.97, -29.22, 67.36, 0, 0
2.00, 5.70, 11.08, 11.08, -532.60, 20.00, 4.63, 10.00, 5.70, 647.86, 89.19, 37.89, -14.53, 63.11, 0, 0
2.00, 5.70, 11.62, 11.62, -473.29, 20.00, 4.63, 11.67, 7.41, 546.53, 94.69, 50.26, 1.19, 61.79, 0, 0
2.00, 5.70, 11.83, 11.83, -481.61, 20.00, 4.63, 12.22, 8.01, 419.03, 84.95, 62.64, 16.82, 63.57, 0, 0
2.00, 5.70, 11.73, 11.73, -548.30, 20.00, 4.63, 12.78, 8.51, 200.32, 82.67, 74.79, 31.29, 68.22, 0, 0
2.00, 5.70, 11.29, 11.29, -675.16, 20.00, 4.63, 11.67, 7.41, 18.37, 59.49, 86.50, 44.08, 75.18, 0, 0
2.00, 5.70, 10.96, 10.96, -761.90, 20.00, 4.63, 10.00, 5.81, 0.00, 27.53, 0.00, 55.25, 83.85, 0, 0
2.00, 5.70, 10.75, 10.75, -814.92, 20.00, 4.63, 9.44, 5.20, 0.00, 6.12, 0.00, 0.00, 90.00, 0, 0
2.00, 5.70, 10.71, 10.71, -828.02, 20.00, 4.63, 9.44, 5.20, 0.00, 0.00, 0.00, 0.00, 90.00, 0, 0
2.00, 5.70, 10.71, 10.71, -833.01, 20.00, 4.63, 8.89, 4.71, 0.00, 0.00, 0.00, 0.00, 90.00, 0, 0
2.00, 5.70, 10.72, 10.72, -836.77, 20.00, 4.63, 8.89, 4.71, 0.00, 0.00, 0.00, 0.00, 90.00, 0, 0
2.00, 5.70, 10.71, 10.71, -844.07, 20.00, 4.63, 8.89, 4.71, 0.00, 0.00, 0.00, 0.00, 90.00, 0, 0
2.00, 5.70, 10.68, 10.68, -856.03, 20.00, 4.63, 8.89, 4.71, 0.00, 0.00, 0.00, 0.00, 90.00, 0, 0
2.00, 5.70, 10.60, 10.60, -877.01, 20.00, 4.63, 8.33, 4.21, 0.00, 0.00, 0.00, 0.00, 90.00, 0, 0
2.00, 5.70, 10.52, 10.52, -894.88, 20.00, 4.63, 8.33, 4.21, 0.00, 0.00, 0.00, 0.00, 90.00, 0, 0
2.00, 5.70, 10.44, 10.44, -912.00, 20.00, 4.63, 8.33, 4.11, 0.00, 0.00, 0.00, 0.00, 90.00, 0, 0
2.00, 5.70, 10.34, 10.34, -934.68, 20.00, 4.63, 7.78, 3.61, 0.00, 0.00, 0.00, 0.00, 90.00, 0, 0
2.00, 5.70, 10.24, 10.24, -952.65, 20.00, 4.63, 7.78, 3.61, 0.00, 0.00, 0.00, 0.00, 90.00, 0, 0
2.00, 5.70, 10.15, 10.15, -968.69, 20.00, 4.63, 7.78, 3.61, 0.00, 0.00, 0.00, 0.00, 90.00, 0, 0
2.00, 5.70, 10.03, 10.03, -989.94, 20.00, 4.63, 7.22, 3.11, 0.00, 0.00, 0.00, 0.00, 90.00, 0, 0
2.00, 5.70, 9.98, 9.98, -996.03, 20.00, 4.63, 7.22, 3.11, 0.00, 0.00, 0.00, 0.00, 90.00, 0, 0
2.00, 5.70, 9.91, 9.91, -1006.64, 20.00, 4.63, 7.22, 3.21, 0.00, 1.53, 0.00, 0.00, 90.00, 0, 0
2.00, 5.70, 10.35, 10.35, -910.80, 20.00, 4.63, 8.33, 4.31, 79.46, 26.46, 13.81, -53.85, 82.38, 0, 0
2.00, 5.70, 11.37, 11.37, -703.99, 20.00, 4.63, 10.00, 6.01, 266.44, 59.41, 16.09, -42.45, 73.91, 0, 0
2.00, 5.70, 12.32, 12.32, -530.83, 20.00, 4.63, 12.22, 8.22, 327.59, 90.27, 26.01, -29.38, 67.23, 0, 0
2.00, 5.70, 12.28, 12.28, -577.73, 20.00, 4.63, 12.78, 8.82, 116.63, 92.23, 37.91, -14.66, 62.95, 0, 0
2.00, 5.70, 12.08, 12.08, -648.34, 20.00, 4.63, 12.78, 8.82, 2.02, 75.93, 50.27, 1.10, 61.60, 0, 0
2.00, 5.70, 12.26, 12.26, -628.55, 20.00, 4.63, 12.78, 8.82, 8.70, 81.09, 62.65, 16.78, 63.38, 0, 0
2.00, 5.70, 12.35, 12.35, -628.51, 20.00, 4.63, 12.78, 8.82, 4.96, 72.42, 74.81, 31.29, 68.02, 0, 0
2.00, 5.70, 12.24, 12.24, -669.20, 20.00, 4.63, 12.22, 8.32, 0.30, 46.83, 86.54, 44.12, 74.99, 0, 0
2.00, 5.70, 12.04, 12.04, -723.69, 20.00, 4.63, 11.67, 7.72, 0.00, 19.88, 0.00, 55.32, 83.67, 0, 0
2.00, 5.70, 11.86, 11.86, -768.94, 20.00, 4.63, 11.11, 7.21, 0.00, 3.06, 0.00, 0.00, 90.00, 0, 0
2.00, 5.70, 11.75, 11.75, -792.26, 20.00, 4.63, 10.56, 6.70, 0.00, 0.00, 0.00, 0.00, 90.00, 0, 0
2.00, 5.70, 11.71, 11.71, -802.31, 20.00, 4.63, 10.56, 6.70, 0.00, 0.00, 0.00, 0.00, 90.00, 0, 0
2.00, 5.70, 11.68, 11.68, -810.15, 20.00, 4.63, 10.56, 6.61, 0.00, 0.00, 0.00, 0.00, 90.00, 0, 0
2.00, 5.70, 11.61, 11.61, -824.21, 20.00, 4.63, 10.00, 6.10, 0.00, 0.00, 0.00, 0.00, 90.00, 0, 0
2.00, 5.70, 11.56, 11.56, -836.17, 20.00, 4.63, 10.00, 6.10, 0.00, 0.00, 0.00, 0.00, 90.00, 0, 0
2.00, 5.70, 11.47, 11.47, -854.15, 20.00, 4.63, 9.44, 5.59, 0.00, 0.00, 0.00, 0.00, 90.00, 0, 0
2.00, 5.70, 11.39, 11.39, -867.80, 20.00, 4.63, 9.44, 5.51, 0.00, 0.00, 0.00, 0.00, 90.00, 0, 0
2.00, 5.70, 11.32, 11.32, -879.87, 20.00, 4.63, 9.44, 5.51, 0.00, 0.00, 0.00, 0.00, 90.00, 0, 0
2.00, 5.70, 11.25, 11.25, -891.05, 20.00, 4.63, 9.44, 5.51, 0.00, 0.00, 0.00, 0.00, 90.00, 0, 0
2.00, 5.70, 11.16, 11.16, -908.23, 20.00, 4.63, 8.89, 5.00, 0.00, 0.00, 0.00, 0.00, 90.00, 0, 0
2.00, 5.70, 11.07, 11.07, -920.99, 20.00, 4.63, 8.89, 5.00, 0.00, 0.00, 0.00, 0.00, 90.00, 0, 0
2.00, 5.70, 11.00, 11.00, -932.10, 20.00, 4.63, 8.89, 5.00, 0.00, 0.00, 0.00, 0.00, 90.00, 0, 0
2.00, 5.70, 10.94, 10.94, -939.07, 20.00, 4.63, 8.33, 4.49, 0.00, 0.00, 0.00, 0.00, 90.00, 0, 0
2.00, 5.70, 10.96, 10.96, -929.79, 20.00, 4.63, 8.89, 5.00, 0.00, 7.65, 0.00, 0.00, 90.00, 0, 0
2.00, 5.70, 11.92, 11.92, -724.77, 20.00, 4.63, 10.56, 6.70, 253.71, 27.51, 14.01, -54.03, 82.30, 0, 0
2.00, 5.70, 12.86, 12.86, -545.23, 20.00, 4.63, 12.22, 8.41, 361.87, 57.10, 16.21, -42.62, 73.80, 0, 0
2.00, 5.70, 13.85, 13.85, -372.66, 20.00, 4.63, 13.89, 10.03, 423.41, 85.82, 26.06, -29.54, 67.09, 0, 0
2.00, 5.70, 14.20, 14.20, -343.48, 20.00, 4.63, 15.00, 11.14, 255.50, 107.68, 37.93, -14.79, 62.79, 0, 0
2.00, 5.70, 14.11, 14.11, -404.52, 20.00, 4.63, 15.56, 11.74, 64.50, 103.62, 50.29, 1.02, 61.42, 0, 0
2.00, 5.70, 14.00, 14.00, -457.48, 20.00, 4.63, 15.00, 11.23, 7.24, 84.64, 62.67, 16.74, 63.18, 0, 0
2.00, 5.70, 14.03, 14.03, -473.15, 20.00, 4.63, 15.00, 11.14, 8.25, 70.70, 74.84, 31.30, 67.82, 0, 0
2.00, 5.70, 13.73, 13.73, -555.13, 20.00, 4.63, 13.89, 10.12, 1.45, 29.17, 86.58, 44.16, 74.79, 0, 0
2.00, 5.70, 13.43, 13.43, -625.75, 20.00, 4.63, 12.78, 9.00, 0.00, 3.06, 0.00, 55.38, 83.48, 0, 0
2.00, 5.70, 13.34, 13.34, -647.96, 20.00, 4.63, 12.22, 8.41, 0.00, 3.06, 0.00, 0.00, 90.00, 0, 0
2.00, 5.70, 13.28, 13.28, -663.40, 20.00, 4.63, 12.22, 8.41, 0.00, 0.00, 0.00, 0.00, 90.00, 0, 0
2.00, 5.70, 13.22, 13.22, -678.19, 20.00, 4.63, 11.67, 7.89, 0.00, 0.00, 0.00, 0.00, 90.00, 0, 0
2.00, 5.70, 13.17, 13.17, -689.31, 20.00, 4.63, 11.67, 7.81, 0.00, 0.00, 0.00, 0.00, 90.00, 0, 0
2.00, 5.70, 13.09, 13.09, -706.65, 20.00, 4.63, 11.11, 7.30, 0.00, 0.00, 0.00, 0.00, 90.00, 0, 0
2.00, 5.70, 13.02, 13.02, -721.13, 20.00, 4.63, 11.11, 7.30, 0.00, 0.00, 0.00, 0.00, 90.00, 0, 0
2.00, 5.70, 12.94, 12.94, -735.43, 20.00, 4.63, 11.11, 7.21, 0.00, 0.00, 0.00, 0.00, 90.00, 0, 0
2.00, 5.70, 12.84, 12.84, -755.58, 20.00, 4.63, 10.56, 6.70, 0.00, 0.00, 0.00, 0.00, 90.00, 0, 0
2.00, 5.70, 12.71, 12.71, -778.11, 20.00, 4.63, 10.00, 6.10, 0.00, 0.00, 0.00, 0.00, 90.00, 0, 0
2.00, 5.70, 12.58, 12.58, -801.63, 20.00, 4.63, 9.44, 5.59, 0.00, 0.00, 0.00, 0.00, 90.00, 0, 0
2.00, 5.70, 12.47, 12.47, -819.40, 20.00, 4.63, 9.44, 5.51, 0.00, 0.00, 0.00, 0.00, 90.00, 0, 0
2.00, 5.70, 12.33, 12.33, -841.56, 20.00, 4.63, 8.89, 5.00, 0.00, 0.00, 0.00, 0.00, 90.00, 0, 0
2.00, 5.70, 12.18, 12.18, -865.37, 20.00, 4.63, 8.33, 4.49, 0.00, 0.00, 0.00, 0.00, 90.00, 0, 0
2.00, 5.70, 12.09, 12.09, -875.78, 20.00, 4.63, 8.33, 4.40, 0.00, 0.00, 0.00, 0.00, 90.00, 0, 0
2.00, 5.70, 12.03, 12.03, -880.10, 20.00, 4.63, 8.33, 4.40, 0.00, 6.12, 0.00, 0.00, 90.00, 0, 0
2.00, 5.70, 12.16, 12.16, -844.38, 20.00, 4.63, 9.44, 5.51, 0.00, 24.47, 14.21, -54.22, 82.20, 0, 0
2.00, 5.70, 12.72, 12.72, -724.09, 20.00, 4.63, 10.56, 6.70, 74.75, 56.92, 16.33, -42.79, 73.68, 0, 0
2.00, 5.70, 13.94, 13.94, -476.88, 20.00, 4.63, 12.78, 8.92, 299.04, 89.49, 26.11, -29.69, 66.94, 0, 0
2.00, 5.70, 15.05, 15.05, -276.35, 20.00, 4.63, 14.44, 10.63, 451.25, 100.21, 37.96, -14.92, 62.61, 0, 0
2.00, 5.70, 15.79, 15.79, -169.96, 20.00, 4.63, 16.11, 12.25, 467.38, 96.34, 50.31, 0.93, 61.23, 0, 0
2.00, 5.70, 16.05, 16.05, -164.90, 20.00, 4.63, 17.22, 13.37, 342.92, 90.11, 62.70, 16.71, 62.98, 0, 0
2.00, 5.70, 15.91, 15.91, -238.25, 20.00, 4.63, 17.78, 13.88, 154.73, 77.12, 74.88, 31.31, 67.62, 0, 0
2.00, 5.70, 15.58, 15.58, -338.01, 20.00, 4.63, 17.22, 13.37, 19.03, 55.13, 86.63, 44.21, 74.59, 0, 0
2.00, 5.70, 15.44, 15.44, -387.66, 20.00, 4.63, 16.11, 12.25, 0.00, 38.23, 0.00, 55.45, 83.28, 0, 0
2.00, 5.70, 15.16, 15.16, -459.70, 20.00, 4.63, 15.00, 11.14, 0.00, 6.12, 0.00, 0.00, 90.00, 0, 0
2.00, 5.70, 15.08, 15.08, -483.41, 20.00, 4.63, 14.44, 10.54, 0.00, 0.00, 0.00, 0.00, 90.00, 0, 0
2.00, 5.70, 15.06, 15.06, -492.90, 20.00, 4.63, 13.89, 10.03, 0.00, 0.00, 0.00, 0.00, 90.00, 0, 0
2.00, 5.70, 15.02, 15.02, -504.84, 20.00, 4.63, 13.33, 9.43, 0.00, 0.00, 0.00, 0.00, 90.00, 0, 0
2.00, 5.70, 14.96, 14.96, -521.80, 20.00, 4.63, 12.78, 8.82, 0.00, 0.00, 0.00, 0.00, 90.00, 0, 0
2.00, 5.70, 14.87, 14.87, -543.93, 20.00, 4.63, 12.22, 8.22, 0.00, 0.00, 0.00, 0.00, 90.00, 0, 0
2.00, 5.70, 14.76, 14.76, -569.86, 20.00, 4.63, 11.67, 7.72, 0.00, 0.00, 0.00, 0.00, 90.00, 0, 0
2.00, 5.70, 14.62, 14.62, -598.37, 20.00, 4.63, 11.11, 7.12, 0.00, 0.00, 0.00, 0.00, 90.00, 0, 0
2.00, 5.70, 14.46, 14.46, -628.48, 20.00, 4.63, 10.56, 6.61, 0.00, 0.00, 0.00, 0.00, 90.00, 0, 0
2.00, 5.70, 14.26, 14.26, -666.57, 20.00, 4.63, 9.44, 5.51, 0.00, 0.00, 0.00, 0.00, 90.00, 0, 0
2.00, 5.70, 14.06, 14.06, -701.82, 20.00, 4.63, 8.89, 4.91, 0.00, 0.00, 0.00, 0.00, 90.00, 0, 0
2.00, 5.70, 13.85, 13.85, -736.81, 20.00, 4.63, 8.33, 4.31, 0.00, 0.00, 0.00, 0.00, 90.00, 0, 0
2.00, 5.70, 13.60, 13.60, -778.60, 20.00, 4.63, 7.22, 3.21, 0.00, 0.00, 0.00, 0.00, 90.00, 0, 0
2.00, 5.70, 13.37, 13.37, -811.90, 20.00, 4.63, 6.67, 2.61, 0.00, 0.00, 0.00, 0.00, 90.00, 0, 0
2.00, 5.70, 13.21, 13.21, -830.63, 20.00, 4.63, 6.67, 2.61, 0.00, 6.12, 0.00, 0.00, 90.00, 0, 0
2.00, 5.70, 14.01, 14.01, -649.83, 20.00, 4.63, 8.33, 4.31, 240.59, 27.82, 14.42, -54.41, 82.10, 0, 0
2.00, 5.70, 14.82, 14.82, -484.87, 20.00, 4.63, 10.00, 6.01, 350.89, 58.96, 16.46, -42.97, 73.55, 0, 0
2.00, 5.70, 15.73, 15.73, -316.04, 20.00, 4.63, 12.22, 8.22, 439.83, 82.36, 26.17, -29.85, 66.79, 0, 0
2.00, 5.70, 16.38, 16.38, -213.27, 20.00, 4.63, 13.89, 9.93, 413.84, 101.32, 38.00, -15.04, 62.44, 0, 0
2.00, 5.70, 16.53, 16.53, -221.94, 20.00, 4.63, 14.44, 10.54, 235.56, 116.81, 50.34, 0.85, 61.03, 0, 0
2.00, 5.70, 16.36, 16.36, -290.25, 20.00, 4.63, 15.00, 11.05, 76.61, 107.34, 62.73, 16.68, 62.77, 0, 0
2.00, 5.70, 16.28, 16.28, -327.35, 20.00, 4.63, 14.44, 10.54, 77.16, 83.32, 74.92, 31.33, 67.40, 0, 0
2.00, 5.70, 16.01, 16.01, -399.89, 20.00, 4.63, 14.44, 10.54, 20.23, 55.88, 86.69, 44.26, 74.38, 0, 0
2.00, 5.70, 15.77, 15.77, -458.53, 20.00, 4.63, 13.33, 9.43, 0.00, 36.70, 0.00, 55.53, 83.09, 0, 0
2.00, 5.70, 15.37, 15.37, -544.13, 20.00, 4.63, 12.22, 8.32, 0.00, 4.59, 0.00, 0.00, 90.00, 0, 0
2.00, 5.70, 15.21, 15.21, -573.12, 20.00, 4.63, 12.22, 8.22, 0.00, 0.00, 0.00, 0.00, 90.00, 0, 0
2.00, 5.70, 15.09, 15.09, -591.87, 20.00, 4.63, 11.67, 7.72, 0.00, 0.00, 0.00, 0.00, 90.00, 0, 0
2.00, 5.70, 14.97, 14.97, -611.67, 20.00, 4.63, 11.11, 7.21, 0.00, 0.00, 0.00, 0.00, 90.00, 0, 0
2.00, 5.70, 14.83, 14.83, -635.00, 20.00, 4.63, 10.56, 6.61, 0.00, 0.00, 0.00, 0.00, 90.00, 0, 0
2.00, 5.70, 14.69, 14.69, -655.32, 20.00, 4.63, 10.56, 6.61, 0.00, 0.00, 0.00, 0.00, 90.00, 0, 0
2.00, 5.70, 14.53, 14.53, -682.40, 20.00, 4.63, 10.00, 6.01, 0.00, 0.00, 0.00, 0.00, 90.00, 0, 0
2.00, 5.70, 14.34, 14.34, -711.82, 20.00, 4.63, 9.44, 5.51, 0.00, 0.00, 0.00, 0.00, 90.00, 0, 0
2.00, 5.70, 14.17, 14.17, -736.20, 20.00, 4.63, 9.44, 5.41, 0.00, 0.00, 0.00, 0.00, 90.00, 0, 0
2.00, 5.70, 13.97, 13.97, -765.00, 20.00, 4.63, 8.89, 4.91, 0.00, 0.00, 0.00, 0.00, 90.00, 0, 0
2.00, 5.70, 13.80, 13.80, -788.60, 20.00, 4.63, 8.89, 4.91, 0.00, 0.00, 0.00, 0.00, 90.00, 0, 0
2.00, 5.70, 13.59, 13.59, -816.71, 20.00, 4.63, 8.33, 4.40, 0.00, 0.00, 0.00, 0.00, 90.00, 0, 0
2.00, 5.70, 13.41, 13.41, -839.50, 20.00, 4.63, 8.33, 4.40, 0.00, 0.00, 0.00, 0.00, 90.00, 0, 0
2.00, 5.70, 13.25, 13.25, -856.87, 20.00, 4.63, 8.33, 4.31, 0.00, 0.00, 0.00, 0.00, 90.00, 0, 0
2.00, 5.70, 13.14, 13.14, -863.65, 20.00, 4.63, 8.33, 4.40, 0.00, 6.12, 0.00, 0.00, 90.00, 0, 0
2.00, 5.70, 13.79, 13.79, -713.07, 20.00, 4.63, 10.00, 6.10, 165.60, 30.15, 14.64, -54.59, 81.99, 0, 0
2.00, 5.70, 14.81, 14.81, -502.11, 20.00, 4.63, 12.22, 8.32, 341.44, 59.60, 16.60, -43.15, 73.42, 0, 0
2.00, 5.70, 15.65, 15.65, -347.65, 20.00, 4.63, 13.89, 10.03, 383.19, 86.24, 26.24, -30.01, 66.63, 0, 0
2.00, 5.70, 16.27, 16.27, -249.81, 20.00, 4.63, 15.56, 11.65, 339.29, 105.77, 38.04, -15.17, 62.25, 0, 0
2.00, 5.70, 16.74, 16.74, -189.24, 20.00, 4.63, 16.67, 12.76, 283.69, 113.97, 50.37, 0.77, 60.82, 0, 0
2.00, 5.70, 16.91, 16.91, -192.02, 20.00, 4.63, 17.22, 13.37, 199.22, 104.44, 62.77, 16.66, 62.55, 0, 0
2.00, 5.70, 16.81, 16.81, -244.48, 20.00, 4.63, 17.22, 13.37, 97.40, 85.83, 74.96, 31.35, 67.19, 0, 0
2.00, 5.70, 16.51, 16.51, -329.44, 20.00, 4.63, 16.67, 12.86, 14.73, 57.46, 86.75, 44.32, 74.18, 0, 0
2.00, 5.70, 16.32, 16.32, -382.38, 20.00, 4.63, 15.56, 11.74, 0.00, 25.86, 0.00, 55.61, 82.89, 0, 0
2.00, 5.70, 16.01, 16.01, -454.24, 20.00, 4.63, 15.00, 11.14, 0.00, 4.59, 0.00, 0.00, 90.00, 0, 0
2.00, 5.70, 15.91, 15.91, -477.67, 20.00, 4.63, 14.44, 10.63, 0.00, 0.00, 0.00, 0.00, 90.00, 0, 0
2.00, 5.70, 15.85, 15.85, -489.24, 20.00, 4.63, 13.89, 10.12, 0.00, 0.00, 0.00, 0.00, 90.00, 0, 0
2.00, 5.70, 15.82, 15.82, -495.22, 20.00, 4.63, 13.89, 10.03, 0.00, 0.00, 0.00, 0.00, 90.00, 0, 0
2.00, 5.70, 15.75, 15.75, -509.10, 20.00, 4.63, 13.33, 9.52, 0.00, 0.00, 0.00, 0.00, 90.00, 0, 0
2.00, 5.70, 15.65, 15.65, -529.11, 20.00, 4.63, 12.78, 8.92, 0.00, 0.00, 0.00, 0.00, 90.00, 0, 0
2.00, 5.70, 15.55, 15.55, -546.58, 20.00, 4.63, 12.78, 8.92, 0.00, 0.00, 0.00, 0.00, 90.00, 0, 0
2.00, 5.70, 15.43, 15.43, -570.37, 20.00, 4.63, 12.22, 8.32, 0.00, 0.00, 0.00, 0.00, 90.00, 0, 0
2.00, 5.70, 15.28, 15.28, -596.65, 20.00, 4.63, 11.67, 7.81, 0.00, 0.00, 0.00, 0.00, 90.00, 0, 0
2.00, 5.70, 15.11, 15.11, -624.62, 20.00, 4.63, 11.11, 7.21, 0.00, 0.00, 0.00, 0.00, 90.00, 0, 0
2.00, 5.70, 14.94, 14.94, -653.34, 20.00, 4.63, 10.56, 6.70, 0.00, 0.00, 0.00, 0.00, 90.00, 0, 0
2.00, 5.70, 14.78, 14.78, -676.06, 20.00, 4.63, 10.56, 6.70, 0.00, 0.00, 0.00, 0.00, 90.00, 0, 0
2.00, 5.70, 14.60, 14.60, -703.42, 20.00, 4.63, 10.00, 6.10, 0.00, 0.00, 0.00, 0.00, 90.00, 0, 0
2.00, 5.70, 14.40, 14.40, -732.17, 20.00, 4.63, 9.44, 5.59, 0.00, 0.00, 0.00, 0.00, 90.00, 0, 0
2.00, 5.70, 14.30, 14.30, -739.87, 20.00, 4.63, 10.00, 6.10, 0.00, 4.59, 0.00, 0.00, 90.00, 0, 0
2.00, 5.70, 14.40, 14.40, -706.34, 20.00, 4.63, 10.56, 6.70, 4.06, 25.68, 14.86, -54.79, 81.88, 0, 0
2.00, 5.70, 14.69, 14.69, -638.24, 20.00, 4.63, 11.67, 7.81, 13.18, 53.44, 16.75, -43.33, 73.28, 0, 0
2.00, 5.70, 14.75, 14.75, -625.13, 20.00, 4.63, 12.22, 8.41, 5.63, 52.63, 26.31, -30.18, 66.47, 0, 0
2.00, 5.70, 15.00, 15.00, -574.41, 20.00, 4.63, 12.78, 8.92, 9.90, 71.30, 38.08, -15.30, 62.06, 0, 0
2.00, 5.70, 15.48, 15.48, -478.80, 20.00, 4.63, 13.89, 10.03, 28.14, 100.87, 50.41, 0.70, 60.61, 0, 0
2.00, 5.70, 16.02, 16.02, -378.49, 20.00, 4.63, 14.44, 10.63, 112.45, 106.14, 62.81, 16.64, 62.33, 0, 0
2.00, 5.70, 16.24, 16.24, -353.66, 20.00, 4.63, 15.56, 11.65, 94.63, 94.32, 75.01, 31.38, 66.97, 0, 0
2.00, 5.70, 15.80, 15.80, -465.78, 20.00, 4.63, 15.00, 11.14, 7.54, 46.86, 86.81, 44.38, 73.96, 0, 0
2.00, 5.70, 15.43, 15.43, -548.56, 20.00, 4.63, 14.44, 10.54, 0.00, 12.23, 0.00, 55.70, 82.69, 0, 0
2.00, 5.70, 15.25, 15.25, -584.44, 20.00, 4.63, 13.89, 10.03, 0.00, 4.59, 0.00, 0.00, 90.00, 0, 0
2.00, 5.70, 15.12, 15.12, -606.78, 20.00, 4.63, 13.33, 9.43, 0.00, 0.00, 0.00, 0.00, 90.00, 0, 0
2.00, 5.70, 15.03, 15.03, -619.70, 20.00, 4.63, 12.78, 8.82, 0.00, 0.00, 0.00, 0.00, 90.00, 0, 0
2.00, 5.70, 14.93, 14.93, -633.77, 20.00, 4.63, 12.22, 8.22, 0.00, 0.00, 0.00, 0.00, 90.00, 0, 0
2.00, 5.70, 14.82, 14.82, -650.29, 20.00, 4.63, 11.67, 7.72, 0.00, 0.00, 0.00, 0.00, 90.00, 0, 0
2.00, 5.70, 14.69, 14.69, -670.21, 20.00, 4.63, 11.11, 7.12, 0.00, 0.00, 0.00, 0.00, 90.00, 0, 0
2.00, 5.70, 14.55, 14.55, -693.09, 20.00, 4.63, 10.56, 6.51, 0.00, 0.00, 0.00, 0.00, 90.00, 0, 0
2.00, 5.70, 14.35, 14.35, -724.42, 20.00, 4.63, 9.44, 5.41, 0.00, 0.00, 0.00, 0.00, 90.00, 0, 0
2.00, 5.70, 14.16, 14.16, -753.23, 20.00, 4.63, 8.89, 4.91, 0.00, 0.00, 0.00, 0.00, 90.00, 0, 0
2.00, 5.70, 13.92, 13.92, -789.05, 20.00, 4.63, 7.78, 3.81, 0.00, 0.00, 0.00, 0.00, 90.00, 0, 0
2.00, 5.70, 13.69, 13.69, -821.92, 20.00, 4.63, 7.22, 3.21, 0.00, 0.00, 0.00, 0.00, 90.00, 0, 0
2.00, 5.70, 13.46, 13.46, -854.87, 20.00, 4.63, 6.67, 2.61, 0.00, 0.00, 0.00, 0.00, 90.00, 0, 0
2.00, 5.70, 13.18, 13.18, -895.05, 20.00, 4.63, 5.56, 1.52, 0.00, 0.00, 0.00, 0.00, 90.00, 0, 0
2.00, 5.70, 12.93, 12.93, -926.26, 20.00, 4.63, 5.00, 0.92, 0.00, 0.00, 0.00, 0.00, 90.00, 0, 0
2.00, 5.70, 12.82, 12.82, -928.90, 20.00, 4.63, 5.56, 1.42, 0.00, 10.71, 0.00, 0.00, 90.00, 0, 0
2.00, 5.70, 13.64, 13.64, -737.68, 20.00, 4.63, 7.22, 3.11, 244.45, 34.06, 15.08, -54.98, 81.76, 0, 0
2.00, 5.70, 14.38, 14.38, -584.29, 20.00, 4.63, 9.44, 5.31, 312.18, 66.77, 16.90, -43.51, 73.14, 0, 0
2.00, 5.70, 15.46, 15.46, -374.40, 20.00, 4.63, 11.11, 7.02, 478.24, 89.96, 26.39, -30.34, 66.30, 0, 0
2.00, 5.70, 16.55, 16.55, -179.78, 20.00, 4.63, 13.33, 9.23, 603.37, 101.72, 38.13, -15.42, 61.86, 0, 0
2.00, 5.70, 17.03, 17.03, -125.35, 20.00, 4.63, 15.00, 10.84, 512.15, 101.69, 50.46, 0.62, 60.39, 0, 0
2.00, 5.70, 17.10, 17.10, -155.04, 20.00, 4.63, 16.11, 11.95, 346.88, 93.60, 62.85, 16.62, 62.11, 0, 0
2.00, 5.70, 16.95, 16.95, -221.70, 20.00, 4.63, 16.11, 11.95, 197.52, 80.37, 75.07, 31.41, 66.75, 0, 0
2.00, 5.70, 16.52, 16.52, -337.37, 20.00, 4.63, 16.11, 11.83, 29.28, 56.85, 86.88, 44.45, 73.75, 0, 0
2.00, 5.70, 16.36, 16.36, -382.11, 20.00, 4.63, 14.44, 10.23, 0.00, 27.54, 0.00, 55.80, 82.48, 0, 0
2.00, 5.70, 15.94, 15.94, -475.70, 20.00, 4.63, 13.33, 9.12, 0.00, 7.65, 0.00, 0.00, 90.00, 0, 0
2.00, 5.70, 15.75, 15.75, -513.58, 20.00, 4.63, 12.22, 8.01, 0.00, 0.00, 0.00, 0.00, 90.00, 0, 0
2.00, 5.70, 15.63, 15.63, -535.11, 20.00, 4.63, 11.11, 6.80, 0.00, 0.00, 0.00, 0.00, 90.00, 0, 0
2.00, 5.70, 15.53, 15.53, -552.46, 20.00, 4.63, 10.56, 6.19, 0.00, 0.00, 0.00, 0.00, 90.00, 0, 0
2.00, 5.70, 15.37, 15.37, -581.22, 20.00, 4.63, 9.44, 5.09, 0.00, 0.00, 0.00, 0.00, 90.00, 0, 0
2.00, 5.70, 15.15, 15.15, -619.23, 20.00, 4.63, 8.33, 3.99, 0.00, 0.00, 0.00, 0.00, 90.00, 0, 0
2.00, 5.70, 14.89, 14.89, -664.71, 20.00, 4.63, 7.22, 2.78, 0.00, 0.00, 0.00, 0.00, 90.00, 0, 0
2.00, 5.70, 14.63, 14.63, -707.94, 20.00, 4.63, 6.67, 2.30, 0.00, 0.00, 0.00, 0.00, 90.00, 0, 0
2.00, 5.70, 14.32, 14.32, -758.58, 20.00, 4.63, 5.56, 1.21, 0.00, 0.00, 0.00, 0.00, 90.00, 0, 0
2.00, 5.70, 13.94, 13.94, -819.85, 20.00, 4.63, 3.89, -0.48, 0.00, 0.00, 0.00, 0.00, 90.00, 0, 0
2.00, 5.70, 13.55, 13.55, -879.95, 20.00, 4.63, 2.78, -1.67, 0.00, 0.00, 0.00, 0.00, 90.00, 0, 0
2.00, 5.70, 13.14, 13.14, -940.63, 20.00, 4.63, 1.67, -2.75, 0.00, 0.00, 0.00, 0.00, 90.00, 0, 0
2.00, 5.70, 12.72, 12.72, -1002.59, 20.00, 4.63, 0.56, -3.94, 0.00, 0.00, 0.00, 0.00, 90.00, 0, 0
2.00, 5.70, 12.33, 12.33, -1052.88, 20.00, 4.63, 0.00, -4.54, 0.00, 0.00, 0.00, 0.00, 90.00, 0, 0
2.00, 5.70, 12.02, 12.02, -1086.11, 20.00, 4.63, -0.56, -5.02, 0.00, 10.71, 0.00, 0.00, 90.00, 0, 0
2.00, 5.70, 12.28, 12.28, -998.87, 20.00, 4.63, 0.00, -4.54, 132.52, 33.57, 15.32, -55.18, 81.64, 0, 0
2.00, 5.70, 13.38, 13.38, -748.48, 20.00, 4.63, 1.67, -2.86, 438.70, 65.63, 17.06, -43.70, 72.99, 0, 0
2.00, 5.70, 14.57, 14.57, -507.43, 20.00, 4.63, 3.33, -1.19, 691.44, 80.87, 26.48, -30.50, 66.12, 0, 0
2.00, 5.70, 15.06, 15.06, -433.18, 20.00, 4.63, 4.44, 0.01, 664.60, 84.48, 38.19, -15.55, 61.66, 0, 0
2.00, 5.70, 15.23, 15.23, -425.55, 20.00, 4.63, 5.56, 1.09, 547.72, 89.14, 50.51, 0.55, 60.17, 0, 0
2.00, 5.70, 15.02, 15.02, -492.94, 20.00, 4.63, 5.56, 1.09, 380.74, 84.53, 62.91, 16.61, 61.88, 0, 0
2.00, 5.70, 14.56, 14.56, -603.89, 20.00, 4.63, 5.56, 1.09, 200.77, 72.55, 75.13, 31.45, 66.52, 0, 0
2.00, 5.70, 13.85, 13.85, -753.42, 20.00, 4.63, 5.00, 0.49, 27.09, 51.79, 86.96, 44.53, 73.53, 0, 0
2.00, 5.70, 13.50, 13.50, -813.26, 20.00, 4.63, 3.89, -0.59, 0.00, 27.20, 0.00, 55.90, 82.27, 0, 0
2.00, 5.70, 12.88, 12.88, -925.50, 20.00, 4.63, 2.78, -1.67, 0.00, 7.65, 0.00, 0.00, 90.00, 0, 0
2.00, 5.70, 12.51, 12.51, -978.26, 20.00, 4.63, 2.22, -2.26, 0.00, 0.00, 0.00, 0.00, 90.00, 0, 0
2.00, 5.70, 12.22, 12.22, -1011.17, 20.00, 4.63, 1.67, -2.75, 0.00, 0.00, 0.00, 0.00, 90.00, 0, 0
2.00, 5.70, 11.94, 11.94, -1043.86, 20.00, 4.63, 1.11, -3.34, 0.00, 0.00, 0.00, 0.00, 90.00, 0, 0
2.00, 5.70, 11.64, 11.64, -1080.37, 20.00, 4.63, 0.56, -3.94, 0.00, 0.00, 0.00, 0.00, 90.00, 0, 0
2.00, 5.70, 11.30, 11.30, -1123.22, 20.00, 4.63, 0.00, -4.54, 0.00, 0.00, 0.00, 0.00, 90.00, 0, 0
2.00, 5.70, 10.91, 10.91, -1176.16, 20.00, 4.63, -1.11, -5.61, 0.00, 0.00, 0.00, 0.00, 90.00, 0, 0
2.00, 5.70, 10.57, 10.57, -1213.56, 20.00, 4.63, -0.56, -5.14, 0.00, 0.00, 0.00, 0.00, 90.00, 0, 0
2.00, 5.70, 10.24, 10.24, -1251.30, 20.00, 4.63, -0.56, -5.02, 0.00, 0.00, 0.00, 0.00, 90.00, 0, 0
2.00, 5.70, 9.91, 9.91, -1288.03, 20.00, 4.63, -0.56, -5.02, 0.00, 0.00, 0.00, 0.00, 90.00, 0, 0
2.00, 5.70, 9.61, 9.61, -1316.78, 20.00, 4.63, 0.00, -4.54, 0.00, 0.00, 0.00, 0.00, 90.00, 0, 0
2.00, 5.70, 9.30, 9.30, -1347.24, 20.00, 4.63, 0.00, -4.54, 0.00, 0.00, 0.00, 0.00, 90.00, 0, 0
2.00, 5.70, 9.03, 9.03, -1369.41, 20.00, 4.63, 0.56, -3.94, 0.00, 0.00, 0.00, 0.00, 90.00, 0, 0
2.00, 5.70, 8.82, 8.82, -1380.16, 20.00, 4.63, 0.56, -3.94, 0.00, 0.00, 0.00, 0.00, 90.00, 0, 0
2.00, 5.70, 8.73, 8.73, -1368.10, 20.00, 4.63, 1.67, -2.75, 0.00, 10.71, 0.00, 0.00, 90.00, 0, 0
2.00, 5.70, 8.96, 8.96, -1290.46, 20.00, 4.63, 2.78, -1.67, 55.87, 32.06, 15.55, -55.37, 81.51, 0, 0
2.00, 5.70, 9.81, 9.81, -1093.28, 20.00, 4.63, 4.44, 0.12, 231.32, 65.33, 17.23, -43.88, 72.84, 0, 0
2.00, 5.70, 10.28, 10.28, -998.11, 20.00, 4.63, 6.11, 1.81, 188.14, 93.20, 26.58, -30.66, 65.94, 0, 0
2.00, 5.70, 10.25, 10.25, -1011.84, 20.00, 4.63, 6.67, 2.41, 37.02, 103.59, 38.26, -15.67, 61.45, 0, 0
2.00, 5.70, 10.45, 10.45, -971.83, 20.00, 4.63, 7.22, 2.90, 36.07, 107.63, 50.56, 0.48, 59.95, 0, 0
2.00, 5.70, 10.98, 10.98, -866.08, 20.00, 4.63, 7.78, 3.61, 146.26, 109.23, 62.96, 16.60, 61.64, 0, 0
2.00, 5.70, 11.01, 11.01, -874.78, 20.00, 4.63, 8.33, 4.11, 87.05, 91.92, 75.20, 31.50, 66.29, 0, 0
2.00, 5.70, 10.70, 10.70, -949.78, 20.00, 4.63, 7.78, 3.61, 6.32, 63.07, 87.04, 44.61, 73.31, 0, 0
2.00, 5.70, 10.42, 10.42, -1006.43, 20.00, 4.63, 6.67, 2.52, 0.00, 29.99, 0.00, 56.01, 82.06, 0, 0
2.00, 5.70, 10.09, 10.09, -1071.23, 20.00, 4.63, 6.67, 2.52, 0.00, 6.12, 0.00, 0.00, 90.00, 0, 0
2.00, 5.70, 9.94, 9.94, -1089.65, 20.00, 4.63, 6.67, 2.52, 0.00, 0.00, 0.00, 0.00, 90.00, 0, 0
2.00, 5.70, 9.91, 9.91, -1085.36, 20.00, 4.63, 7.22, 3.11, 0.00, 0.00, 0.00, 0.00, 90.00, 0, 0
2.00, 5.70, 9.87, 9.87, -1083.05, 20.00, 4.63, 7.22, 3.21, 0.00, 0.00, 0.00, 0.00, 90.00, 0, 0
2.00, 5.70, 9.85, 9.85, -1076.89, 20.00, 4.63, 7.78, 3.71, 0.00, 0.00, 0.00, 0.00, 90.00, 0, 0
2.00, 5.70, 9.84, 9.84, -1072.00, 20.00, 4.63, 8.33, 4.31, 0.00, 0.00, 0.00, 0.00, 90.00, 0, 0
2.00, 5.70, 9.80, 9.80, -1073.02, 20.00, 4.63, 8.33, 4.40, 0.00, 0.00, 0.00, 0.00, 90.00, 0, 0
2.00, 5.70, 9.75, 9.75, -1075.85, 20.00, 4.63, 8.33, 4.31, 0.00, 0.00, 0.00, 0.00, 90.00, 0, 0
2.00, 5.70, 9.74, 9.74, -1072.17, 20.00, 4.63, 8.89, 4.81, 0.00, 0.00, 0.00, 0.00, 90.00, 0, 0
2.00, 5.70, 9.71, 9.71, -1071.83, 20.00, 4.63, 8.89, 4.81, 0.00, 0.00, 0.00, 0.00, 90.00, 0, 0
2.00, 5.70, 9.68, 9.68, -1071.95, 20.00, 4.63, 8.89, 4.81, 0.00, 0.00, 0.00, 0.00, 90.00, 0, 0
2.00, 5.70, 9.65, 9.65, -1071.70, 20.00, 4.63, 8.89, 4.91, 0.00, 0.00, 0.00, 0.00, 90.00, 0, 0
2.00, 5.70, 9.63, 9.63, -1070.94, 20.00, 4.63, 8.89, 5.00, 0.00, 0.00, 0.00, 0.00, 90.00, 0, 0
2.00, 5.70, 9.69, 9.69, -1052.64, 20.00, 4.63, 9.44, 5.59, 0.00, 0.00, 0.00, 0.00, 90.00, 0, 0
2.00, 5.70, 9.71, 9.71, -1045.38, 20.00, 4.63, 9.44, 5.59, 0.00, 1.53, 0.00, 0.00, 90.00, 0, 0
2.00, 5.70, 9.76, 9.76, -1032.70, 20.00, 4.63, 9.44, 5.59, 0.00, 6.12, 15.79, -55.57, 81.37, 0, 0
2.00, 5.70, 9.87, 9.87, -1006.29, 20.00, 4.63, 10.00, 6.10, 0.00, 13.76, 17.41, -44.07, 72.68, 0, 0
2.00, 5.70, 10.04, 10.04, -971.45, 20.00, 4.63, 10.56, 6.70, 0.00, 22.94, 26.68, -30.82, 65.75, 0, 0
2.00, 5.70, 10.25, 10.25, -933.18, 20.00, 4.63, 10.56, 6.70, 0.00, 35.17, 38.33, -15.79, 61.24, 0, 0
2.00, 5.70, 10.46, 10.46, -894.80, 20.00, 4.63, 11.11, 7.30, 0.00, 42.82, 50.62, 0.42, 59.71, 0, 0
2.00, 5.70, 10.52, 10.52, -891.69, 20.00, 4.63, 11.11, 7.30, 0.00, 33.65, 63.03, 16.60, 61.40, 0, 0
2.00, 5.70, 10.52, 10.52, -899.11, 20.00, 4.63, 11.11, 7.30, 0.00, 22.94, 75.27, 31.54, 66.05, 0, 0
2.00, 5.70, 10.52, 10.52, -905.72, 20.00, 4.63, 11.11, 7.30, 0.00, 15.29, 87.13, 44.70, 73.08, 0, 0
2.00, 5.70, 10.50, 10.50, -914.28, 20.00, 4.63, 11.11, 7.30, 0.00, 7.65, 0.00, 56.12, 81.85, 0, 0
2.00, 5.70, 10.49, 10.49, -919.37, 20.00, 4.63, 11.11, 7.21, 0.00, 3.06, 0.00, 0.00, 90.00, 0, 0
2.00, 5.70, 10.46, 10.46, -928.77, 20.00, 4.63, 10.56, 6.70, 0.00, 0.00, 0.00, 0.00, 90.00, 0, 0
2.00, 5.70, 10.46, 10.46, -929.12, 20.00, 4.63, 10.56, 6.70, 0.00, 0.00, 0.00, 0.00, 90.00, 0, 0
2.00, 5.70, 10.47, 10.47, -928.05, 20.00, 4.63, 10.56, 6.70, 0.00, 0.00, 0.00, 0.00, 90.00, 0, 0
2.00, 5.70, 10.45, 10.45, -933.57, 20.00, 4.63, 10.00, 6.10, 0.00, 0.00, 0.00, 0.00, 90.00, 0, 0
2.00, 5.70, 10.44, 10.44, -937.50, 20.00, 4.63, 10.00, 6.10, 0.00, 0.00, 0.00, 0.00, 90.00, 0, 0
2.00, 5.70, 10.42, 10.42, -940.84, 20.00, 4.63, 10.00, 6.10, 0.00, 0.00, 0.00, 0.00, 90.00, 0, 0
2.00, 5.70, 10.38, 10.38, -950.54, 20.00, 4.63, 9.44, 5.51, 0.00, 0.00, 0.00, 0.00, 90.00, 0, 0
2.00, 5.70, 10.31, 10.31, -963.07, 20.00, 4.63, 8.89, 4.91, 0.00, 0.00, 0.00, 0.00, 90.00, 0, 0
2.00, 5.70, 10.24, 10.24, -977.19, 20.00, 4.63, 8.33, 4.40, 0.00, 0.00, 0.00, 0.00, 90.00, 0, 0
2.00, 5.70, 10.12, 10.12, -999.43, 20.00, 4.63, 7.22, 3.30, 0.00, 0.00, 0.00, 0.00, 90.00, 0, 0
2.00, 5.70, 10.00, 10.00, -1019.34, 20.00, 4.63, 6.67, 2.71, 0.00, 0.00, 0.00, 0.00, 90.00, 0, 0
2.00, 5.70, 9.87, 9.87, -1039.80, 20.00, 4.63, 6.11, 2.11, 0.00, 0.00, 0.00, 0.00, 90.00, 0, 0
2.00, 5.70, 9.80, 9.80, -1049.02, 20.00, 4.63, 5.56, 1.52, 0.00, 0.00, 0.00, 0.00, 90.00, 0, 0
2.00, 5.70, 9.77, 9.77, -1047.16, 20.00, 4.63, 5.56, 1.61, 0.00, 9.18, 0.00, 0.00, 90.00, 0, 0
2.00, 5.70, 10.60, 10.60, -867.68, 20.00, 4.63, 7.78, 3.71, 204.90, 31.13, 16.04, -55.78, 81.23, 0, 0
2.00, 5.70, 11.26, 11.26, -741.55, 20.00, 4.63, 9.44, 5.41, 213.65, 68.33, 17.60, -44.26, 72.51, 0, 0
2.00, 5.70, 11.73, 11.73, -666.77, 20.00, 4.63, 10.56, 6.61, 137.31, 101.11, 26.79, -30.99, 65.56, 0, 0
2.00, 5.70, 12.04, 12.04, -628.48, 20.00, 4.63, 11.67, 7.62, 76.35, 111.60, 38.41, -15.91, 61.02, 0, 0
2.00, 5.70, 12.78, 12.78, -499.35, 20.00, 4.63, 12.78, 8.73, 199.84, 115.77, 50.69, 0.36, 59.47, 0, 0
2.00, 5.70, 13.33, 13.33, -421.99, 20.00, 4.63, 13.89, 9.83, 206.98, 117.20, 63.10, 16.60, 61.16, 0, 0
2.00, 5.70, 13.24, 13.24, -480.72, 20.00, 4.63, 13.89, 9.83, 72.62, 97.30, 75.35, 31.60, 65.81, 0, 0
2.00, 5.70, 12.97, 12.97, -565.71, 20.00, 4.63, 13.33, 9.23, 4.51, 65.08, 87.22, 44.79, 72.85, 0, 0
2.00, 5.70, 12.61, 12.61, -656.60, 20.00, 4.63, 12.22, 8.12, 0.00, 23.16, 0.00, 56.24, 81.64, 0, 0
2.00, 5.70, 12.33, 12.33, -723.40, 20.00, 4.63, 11.11, 7.02, 0.00, 1.53, 0.00, 0.00, 90.00, 0, 0
2.00, 5.70, 12.23, 12.23, -746.36, 20.00, 4.63, 10.56, 6.41, 0.00, 0.00, 0.00, 0.00, 90.00, 0, 0
2.00, 5.70, 12.16, 12.16, -761.83, 20.00, 4.63, 10.00, 5.81, 0.00, 0.00, 0.00, 0.00, 90.00, 0, 0
2.00, 5.70, 12.05, 12.05, -784.89, 20.00, 4.63, 8.89, 4.71, 0.00, 0.00, 0.00, 0.00, 90.00, 0, 0
2.00, 5.70, 11.94, 11.94, -807.34, 20.00, 4.63, 8.33, 4.11, 0.00, 0.00, 0.00, 0.00, 90.00, 0, 0
2.00, 5.70, 11.80, 11.80, -833.68, 20.00, 4.63, 7.78, 3.50, 0.00, 0.00, 0.00, 0.00, 90.00, 0, 0
2.00, 5.70, 11.62, 11.62, -869.10, 20.00, 4.63, 6.67, 2.41, 0.00, 0.00, 0.00, 0.00, 90.00, 0, 0
2.00, 5.70, 11.43, 11.43, -902.42, 20.00, 4.63, 6.11, 1.81, 0.00, 0.00, 0.00, 0.00, 90.00, 0, 0
2.00, 5.70, 11.20, 11.20, -942.68, 20.00, 4.63, 5.00, 0.72, 0.00, 0.00, 0.00, 0.00, 90.00, 0, 0
2.00, 5.70, 10.94, 10.94, -986.40, 20.00, 4.63, 3.89, -0.37, 0.00, 0.00, 0.00, 0.00, 90.00, 0, 0
2.00, 5.70, 10.68, 10.68, -1026.13, 20.00, 4.63, 3.33, -0.97, 0.00, 0.00, 0.00, 0.00, 90.00, 0, 0
2.00, 5.70, 10.39, 10.39, -1071.80, 20.00, 4.63, 2.22, -2.05, 0.00, 0.00, 0.00, 0.00, 90.00, 0, 0
2.00, 5.70, 10.10, 10.10, -1114.15, 20.00, 4.63, 1.67, -2.75, 0.00, 0.00, 0.00, 0.00, 90.00, 0, 0
2.00, 5.70, 9.84, 9.84, -1148.39, 20.00, 4.63, 0.56, -3.83, 0.00, 0.00, 0.00, 0.00, 90.00, 0, 0
2.00, 5.70, 9.70, 9.70, -1158.25, 20.00, 4.63, 1.11, -3.34, 0.00, 10.71, 0.00, 0.00, 90.00, 0, 0
2.00, 5.70, 10.86, 10.86, -895.20, 20.00, 4.63, 3.33, -1.08, 381.68, 28.75, 16.28, -55.98, 81.08, 0, 0
2.00, 5.70, 12.14, 12.14, -637.46, 20.00, 4.63, 6.11, 1.69, 589.09, 63.86, 17.79, -44.45, 72.34, 0, 0
2.00, 5.70, 12.80, 12.80, -532.06, 20.00, 4.63, 8.33, 3.99, 484.21, 99.45, 26.90, -31.15, 65.36, 0, 0
2.00, 5.70, 13.43, 13.43, -438.42, 20.00, 4.63, 9.44, 5.09, 482.10, 108.22, 38.49, -16.03, 60.79, 0, 0
2.00, 5.70, 14.05, 14.05, -349.39, 20.00, 4.63, 11.11, 6.80, 526.76, 97.60, 50.76, 0.30, 59.23, 0, 0
2.00, 5.70, 14.24, 14.24, -351.72, 20.00, 4.63, 12.22, 7.90, 398.67, 93.32, 63.17, 16.60, 60.91, 0, 0
2.00, 5.70, 14.06, 14.06, -428.85, 20.00, 4.63, 12.22, 7.90, 220.63, 80.39, 75.43, 31.66, 65.57, 0, 0
2.00, 5.70, 13.52, 13.52, -567.37, 20.00, 4.63, 11.67, 7.41, 26.93, 56.47, 87.32, 44.89, 72.62, 0, 0
2.00, 5.70, 13.40, 13.40, -602.21, 20.00, 4.63, 10.56, 6.19, 0.00, 28.77, 0.00, 56.36, 81.42, 0, 0
2.00, 5.70, 12.95, 12.95, -702.56, 20.00, 4.63, 9.44, 5.09, 0.00, 9.18, 0.00, 0.00, 90.00, 0, 0
2.00, 5.70, 12.77, 12.77, -738.65, 20.00, 4.63, 8.89, 4.60, 0.00, 0.00, 0.00, 0.00, 90.00, 0, 0
2.00, 5.70, 12.69, 12.69, -752.82, 20.00, 4.63, 8.33, 3.99, 0.00, 0.00, 0.00, 0.00, 90.00, 0, 0
2.00, 5.70, 12.60, 12.60, -767.19, 20.00, 4.63, 7.78, 3.50, 0.00, 0.00, 0.00, 0.00, 90.00, 0, 0
2.00, 5.70, 12.48, 12.48, -787.93, 20.00, 4.63, 7.22, 2.90, 0.00, 0.00, 0.00, 0.00, 90.00, 0, 0
2.00, 5.70, 12.33, 12.33, -815.78, 20.00, 4.63, 6.67, 2.30, 0.00, 0.00, 0.00, 0.00, 90.00, 0, 0
2.00, 5.70, 12.14, 12.14, -848.59, 20.00, 4.63, 6.11, 1.81, 0.00, 0.00, 0.00, 0.00, 90.00, 0, 0
2.00, 5.70, 11.93, 11.93, -884.59, 20.00, 4.63, 5.56, 1.21, 0.00, 0.00, 0.00, 0.00, 90.00, 0, 0
2.00, 5.70, 11.70, 11.70, -922.27, 20.00, 4.63, 5.00, 0.72, 0.00, 0.00, 0.00, 0.00, 90.00, 0, 0
2.00, 5.70, 11.49, 11.49, -954.69, 20.00, 4.63, 5.00, 0.60, 0.00, 0.00, 0.00, 0.00, 90.00, 0, 0
2.00, 5.70, 11.25, 11.25, -991.30, 20.00, 4.63, 4.44, 0.12, 0.00, 0.00, 0.00, 0.00, 90.00, 0, 0
2.00, 5.70, 10.99, 10.99, -1029.27, 20.00, 4.63, 3.89, -0.48, 0.00, 0.00, 0.00, 0.00, 90.00, 0, 0
2.00, 5.70, 10.75, 10.75, -1060.82, 20.00, 4.63, 3.89, -0.48, 0.00, 0.00, 0.00, 0.00, 90.00, 0, 0
2.00, 5.70, 10.55, 10.55, -1086.07, 20.00, 4.63, 3.33, -0.97, 0.00, 0.00, 0.00, 0.00, 90.00, 0, 0
2.00, 5.70, 10.43, 10.43, -1090.63, 20.00, 4.63, 3.89, -0.48, 0.00, 9.18, 0.00, 0.00, 90.00, 0, 0
2.00, 5.70, 11.13, 11.13, -927.02, 20.00, 4.63, 5.56, 1.32, 192.49, 34.46, 16.54, -56.19, 80.93, 0, 0
2.00, 5.70, 11.58, 11.58, -833.62, 20.00, 4.63, 7.78, 3.50, 163.09, 68.21, 17.99, -44.64, 72.16, 0, 0
2.00, 5.70, 11.91, 11.91, -774.66, 20.00, 4.63, 8.89, 4.60, 89.45, 98.07, 27.03, -31.32, 65.15, 0, 0
2.00, 5.70, 12.49, 12.49, -665.87, 20.00, 4.63, 10.00, 5.70, 120.36, 122.83, 38.58, -16.15, 60.56, 0, 0
2.00, 5.70, 13.14, 13.14, -549.44, 20.00, 4.63, 11.67, 7.41, 187.24, 129.12, 50.84, 0.24, 58.98, 0, 0
2.00, 5.70, 13.59, 13.59, -486.22, 20.00, 4.63, 12.78, 8.51, 230.02, 111.17, 63.25, 16.61, 60.65, 0, 0
2.00, 5.70, 13.61, 13.61, -513.16, 20.00, 4.63, 13.33, 9.00, 164.10, 84.46, 75.52, 31.72, 65.32, 0, 0
2.00, 5.70, 13.30, 13.30, -600.56, 20.00, 4.63, 13.33, 9.00, 21.85, 63.40, 87.42, 44.99, 72.39, 0, 0
2.00, 5.70, 13.28, 13.28, -617.75, 20.00, 4.63, 12.22, 7.90, 0.00, 35.19, 0.00, 56.49, 81.20, 0, 0
2.00, 5.70, 12.86, 12.86, -716.91, 20.00, 4.63, 11.11, 6.80, 0.00, 12.23, 0.00, 0.00, 90.00, 0, 0
2.00, 5.70, 12.68, 12.68, -754.11, 20.00, 4.63, 10.56, 6.30, 0.00, 0.00, 0.00, 0.00, 90.00, 0, 0
2.00, 5.70, 12.62, 12.62, -763.90, 20.00, 4.63, 10.00, 5.70, 0.00, 0.00, 0.00, 0.00, 90.00, 0, 0
2.00, 5.70, 12.54, 12.54, -778.39, 20.00, 4.63, 8.89, 4.60, 0.00, 0.00, 0.00, 0.00, 90.00, 0, 0
2.00, 5.70, 12.45, 12.45, -793.79, 20.00, 4.63, 8.33, 3.99, 0.00, 0.00, 0.00, 0.00, 90.00, 0, 0
2.00, 5.70, 12.33, 12.33, -815.27, 20.00, 4.63, 7.78, 3.39, 0.00, 0.00, 0.00, 0.00, 90.00, 0, 0
2.00, 5.70, 12.18, 12.18, -841.31, 20.00, 4.63, 7.22, 2.90, 0.00, 0.00, 0.00, 0.00, 90.00, 0, 0
2.00, 5.70, 11.98, 11.98, -877.40, 20.00, 4.63, 6.11, 1.81, 0.00, 0.00, 0.00, 0.00, 90.00, 0, 0
2.00, 5.70, 11.77, 11.77, -912.19, 20.00, 4.63, 5.56, 1.21, 0.00, 0.00, 0.00, 0.00, 90.00, 0, 0
2.00, 5.70, 11.52, 11.52, -954.28, 20.00, 4.63, 4.44, 0.12, 0.00, 0.00, 0.00, 0.00, 90.00, 0, 0
2.00, 5.70, 11.26, 11.26, -993.39, 20.00, 4.63, 3.89, -0.48, 0.00, 0.00, 0.00, 0.00, 90.00, 0, 0
2.00, 5.70, 10.97, 10.97, -1038.87, 20.00, 4.63, 2.78, -1.56, 0.00, 0.00, 0.00, 0.00, 90.00, 0, 0
2.00, 5.70, 10.68, 10.68, -1080.81, 20.00, 4.63, 2.22, -2.16, 0.00, 0.00, 0.00, 0.00, 90.00, 0, 0
2.00, 5.70, 10.44, 10.44, -1110.17, 20.00, 4.63, 1.67, -2.75, 0.00, 0.00, 0.00, 0.00, 90.00, 0, 0
2.00, 5.70, 10.30, 10.30, -1120.42, 20.00, 4.63, 1.67, -2.65, 0.00, 12.23, 0.00, 0.00, 90.00, 0, 0
2.00, 5.70, 11.48, 11.48, -852.91, 20.00, 4.63, 4.44, 0.12, 376.60, 30.63, 16.80, -56.39, 80.77, 0, 0
2.00, 5.70, 12.82, 12.82, -581.17, 20.00, 4.63, 7.22, 2.90, 618.57, 60.49, 18.20, -44.83, 71.97, 0, 0
2.00, 5.70, 13.69, 13.69, -434.45, 20.00, 4.63, 9.44, 5.09, 586.27, 92.79, 27.16, -31.48, 64.94, 0, 0
2.00, 5.70, 14.31, 14.31, -346.33, 20.00, 4.63, 11.11, 6.80, 529.82, 106.23, 38.68, -16.27, 60.32, 0, 0
2.00, 5.70, 14.83, 14.83, -282.09, 20.00, 4.63, 12.22, 7.90, 509.01, 103.08, 50.93, 0.18, 58.72, 0, 0
2.00, 5.70, 15.05, 15.05, -281.11, 20.00, 4.63, 13.33, 9.00, 375.16, 103.78, 63.34, 16.62, 60.39, 0, 0
2.00, 5.70, 14.90, 14.90, -351.49, 20.00, 4.63, 13.89, 9.62, 192.85, 91.54, 75.61, 31.80, 65.07, 0, 0
2.00, 5.70, 14.39, 14.39, -485.61, 20.00, 4.63, 12.78, 8.51, 19.02, 65.62, 87.53, 45.10, 72.15, 0, 0
2.00, 5.70, 14.21, 14.21, -535.28, 20.00, 4.63, 11.67, 7.41, 0.00, 33.04, 0.00, 56.63, 80.98, 0, 0
2.00, 5.70, 13.78, 13.78, -632.16, 20.00, 4.63, 10.56, 6.19, 0.00, 10.71, 0.00, 0.00, 90.00, 0, 0
2.00, 5.70, 13.55, 13.55, -678.25, 20.00, 4.63, 9.44, 5.20, 0.00, 0.00, 0.00, 0.00, 90.00, 0, 0
2.00, 5.70, 13.44, 13.44, -697.15, 20.00, 4.63, 8.89, 4.60, 0.00, 0.00, 0.00, 0.00, 90.00, 0, 0
2.00, 5.70, 13.33, 13.33, -715.13, 20.00, 4.63, 8.33, 4.11, 0.00, 0.00, 0.00, 0.00, 90.00, 0, 0
2.00, 5.70, 13.20, 13.20, -738.41, 20.00, 4.63, 7.78, 3.50, 0.00, 0.00, 0.00, 0.00, 90.00, 0, 0
2.00, 5.70, 13.03, 13.03, -767.96, 20.00, 4.63, 7.22, 2.90, 0.00, 0.00, 0.00, 0.00, 90.00, 0, 0
2.00, 5.70, 12.83, 12.83, -802.35, 20.00, 4.63, 6.67, 2.30, 0.00, 0.00, 0.00, 0.00, 90.00, 0, 0
2.00, 5.70, 12.61, 12.61, -839.21, 20.00, 4.63, 6.11, 1.81, 0.00, 0.00, 0.00, 0.00, 90.00, 0, 0
2.00, 5.70, 12.37, 12.37, -877.91, 20.00, 4.63, 5.56, 1.21, 0.00, 0.00, 0.00, 0.00, 90.00, 0, 0
2.00, 5.70, 12.12, 12.12, -917.34, 20.00, 4.63, 5.00, 0.72, 0.00, 0.00, 0.00, 0.00, 90.00, 0, 0
2.00, 5.70, 11.85, 11.85, -957.39, 20.00, 4.63, 4.44, 0.12, 0.00, 0.00, 0.00, 0.00, 90.00, 0, 0
2.00, 5.70, 11.58, 11.58, -997.68, 20.00, 4.63, 3.89, -0.48, 0.00, 0.00, 0.00, 0.00, 90.00, 0, 0
2.00, 5.70, 11.29, 11.29, -1037.66, 20.00, 4.63, 3.33, -0.97, 0.00, 0.00, 0.00, 0.00, 90.00, 0, 0
2.00, 5.70, 11.04, 11.04, -1069.07, 20.00, 4.63, 2.78, -1.56, 0.00, 0.00, 0.00, 0.00, 90.00, 0, 0
2.00, 5.70, 10.97, 10.97, -1062.05, 20.00, 4.63, 3.89, -0.48, 0.00, 13.76, 0.00, 0.00, 90.00, 0, 0
2.00, 5.70, 12.16, 12.16, -794.84, 20.00, 4.63, 6.11, 1.81, 374.03, 31.53, 17.06, -56.60, 80.60, 0, 0
2.00, 5.70, 13.54, 13.54, -516.45, 20.00, 4.63, 8.89, 4.60, 635.49, 56.82, 18.41, -45.02, 71.78, 0, 0
2.00, 5.70, 14.71, 14.71, -307.73, 20.00, 4.63, 11.11, 6.91, 719.27, 82.72, 27.30, -31.64, 64.72, 0, 0
2.00, 5.70, 15.46, 15.46, -200.04, 20.00, 4.63, 13.33, 9.00, 658.80, 95.53, 38.78, -16.39, 60.08, 0, 0
2.00, 5.70, 15.97, 15.97, -145.41, 20.00, 4.63, 14.44, 10.23, 555.64, 104.69, 51.02, 0.13, 58.46, 0, 0
2.00, 5.70, 16.08, 16.08, -173.23, 20.00, 4.63, 15.56, 11.34, 355.62, 106.80, 63.43, 16.64, 60.13, 0, 0
2.00, 5.70, 15.84, 15.84, -263.97, 20.00, 4.63, 15.56, 11.34, 151.83, 94.91, 75.71, 31.87, 64.81, 0, 0
2.00, 5.70, 15.39, 15.39, -387.26, 20.00, 4.63, 14.44, 10.23, 10.91, 67.65, 87.64, 45.22, 71.91, 0, 0
2.00, 5.70, 15.05, 15.05, -471.70, 20.00, 4.63, 12.78, 8.62, 0.00, 31.74, 0.00, 56.77, 80.75, 0, 0
2.00, 5.70, 14.68, 14.68, -555.22, 20.00, 4.63, 11.67, 7.52, 0.00, 6.12, 0.00, 0.00, 90.00, 0, 0
2.00, 5.70, 14.51, 14.51, -587.89, 20.00, 4.63, 11.11, 6.91, 0.00, 0.00, 0.00, 0.00, 90.00, 0, 0
2.00, 5.70, 14.42, 14.42, -605.62, 20.00, 4.63, 10.56, 6.41, 0.00, 0.00, 0.00, 0.00, 90.00, 0, 0
2.00, 5.70, 14.34, 14.34, -618.91, 20.00, 4.63, 10.56, 6.30, 0.00, 0.00, 0.00, 0.00, 90.00, 0, 0
2.00, 5.70, 14.22, 14.22, -640.77, 20.00, 4.63, 10.00, 5.81, 0.00, 0.00, 0.00, 0.00, 90.00, 0, 0
2.00, 5.70, 14.07, 14.07, -668.84, 20.00, 4.63, 9.44, 5.20, 0.00, 0.00, 0.00, 0.00, 90.00, 0, 0
2.00, 5.70, 13.89, 13.89, -700.82, 20.00, 4.63, 8.89, 4.71, 0.00, 0.00, 0.00, 0.00, 90.00, 0, 0
2.00, 5.70, 13.69, 13.69, -734.67, 20.00, 4.63, 8.33, 4.21, 0.00, 0.00, 0.00, 0.00, 90.00, 0, 0
2.00, 5.70, 13.48, 13.48, -769.91, 20.00, 4.63, 7.78, 3.61, 0.00, 0.00, 0.00, 0.00, 90.00, 0, 0
2.00, 5.70, 13.29, 13.29, -799.14, 20.00, 4.63, 7.78, 3.61, 0.00, 0.00, 0.00, 0.00, 90.00, 0, 0
2.00, 5.70, 13.07, 13.07, -832.78, 20.00, 4.63, 7.22, 3.01, 0.00, 0.00, 0.00, 0.00, 90.00, 0, 0
2.00, 5.70, 12.83, 12.83, -867.45, 20.00, 4.63, 6.67, 2.52, 0.00, 0.00, 0.00, 0.00, 90.00, 0, 0
2.00, 5.70, 12.59, 12.59, -902.45, 20.00, 4.63, 6.11, 2.02, 0.00, 0.00, 0.00, 0.00, 90.00, 0, 0
2.00, 5.70, 12.39, 12.39, -927.85, 20.00, 4.63, 6.11, 2.02, 0.00, 0.00, 0.00, 0.00, 90.00, 0, 0
2.00, 5.70, 12.21, 12.21, -946.82, 20.00, 4.63, 6.11, 2.02, 0.00, 3.06, 0.00, 0.00, 90.00, 0, 0
2.00, 5.70, 12.31, 12.31, -908.97, 20.00, 4.63, 7.22, 3.11, 7.62, 25.25, 17.33, -56.81, 80.43, 0, 0
2.00, 5.70, 12.96, 12.96, -760.75, 20.00, 4.63, 8.89, 4.81, 107.86, 64.27, 18.63, -45.22, 71.59, 0, 0
2.00, 5.70, 14.50, 14.50, -443.92, 20.00, 4.63, 11.67, 7.52, 423.13, 99.31, 27.44, -31.81, 64.49, 0, 0
2.00, 5.70, 15.40, 15.40, -288.55, 20.00, 4.63, 13.89, 9.73, 430.19, 119.35, 38.89, -16.51, 59.83, 0, 0
2.00, 5.70, 15.67, 15.67, -277.47, 20.00, 4.63, 15.56, 11.34, 249.51, 127.30, 51.12, 0.08, 58.20, 0, 0
2.00, 5.70, 15.98, 15.98, -249.62, 20.00, 4.63, 16.11, 11.95, 226.44, 117.20, 63.52, 16.67, 59.86, 0, 0
2.00, 5.70, 16.03, 16.03, -272.69, 20.00, 4.63, 16.67, 12.45, 165.43, 94.03, 75.82, 31.95, 64.56, 0, 0
2.00, 5.70, 15.66, 15.66, -379.38, 20.00, 4.63, 16.11, 11.95, 13.51, 67.01, 87.76, 45.34, 71.67, 0, 0
2.00, 5.70, 15.42, 15.42, -446.01, 20.00, 4.63, 15.00, 10.84, 0.00, 32.55, 0.00, 56.92, 80.53, 0, 0
2.00, 5.70, 15.10, 15.10, -520.15, 20.00, 4.63, 13.89, 9.73, 0.00, 9.18, 0.00, 0.00, 90.00, 0, 0
2.00, 5.70, 14.96, 14.96, -551.16, 20.00, 4.63, 13.33, 9.23, 0.00, 0.00, 0.00, 0.00, 90.00, 0, 0
2.00, 5.70, 14.90, 14.90, -562.26, 20.00, 4.63, 12.78, 8.62, 0.00, 0.00, 0.00, 0.00, 90.00, 0, 0
2.00, 5.70, 14.84, 14.84, -574.35, 20.00, 4.63, 12.22, 8.01, 0.00, 0.00, 0.00, 0.00, 90.00, 0, 0
2.00, 5.70, 14.76, 14.76, -590.82, 20.00, 4.63, 11.67, 7.52, 0.00, 0.00, 0.00, 0.00, 90.00, 0, 0
2.00, 5.70, 14.61, 14.61, -619.22, 20.00, 4.63, 10.56, 6.41, 0.00, 0.00, 0.00, 0.00, 90.00, 0, 0
2.00, 5.70, 14.46, 14.46, -648.09, 20.00, 4.63, 10.00, 5.81, 0.00, 0.00, 0.00, 0.00, 90.00, 0, 0
2.00, 5.70, 14.28, 14.28, -678.62, 20.00, 4.63, 9.44, 5.20, 0.00, 0.00, 0.00, 0.00, 90.00, 0, 0
2.00, 5.70, 14.06, 14.06, -717.28, 20.00, 4.63, 8.33, 4.11, 0.00, 0.00, 0.00, 0.00, 90.00, 0, 0
2.00, 5.70, 13.84, 13.84, -753.54, 20.00, 4.63, 7.78, 3.50, 0.00, 0.00, 0.00, 0.00, 90.00, 0, 0
2.00, 5.70, 13.58, 13.58, -796.43, 20.00, 4.63, 6.67, 2.41, 0.00, 0.00, 0.00, 0.00, 90.00, 0, 0
2.00, 5.70, 13.32, 13.32, -835.96, 20.00, 4.63, 6.11, 1.81, 0.00, 0.00, 0.00, 0.00, 90.00, 0, 0
2.00, 5.70, 13.05, 13.05, -875.11, 20.00, 4.63, 5.56, 1.21, 0.00, 0.00, 0.00, 0.00, 90.00, 0, 0
2.00, 5.70, 12.77, 12.77, -916.95, 20.00, 4.63, 4.44, 0.23, 0.00, 0.00, 0.00, 0.00, 90.00, 0, 0
2.00, 5.70, 12.64, 12.64, -921.87, 20.00, 4.63, 5.00, 0.72, 0.00, 12.23, 0.00, 0.00, 90.00, 0, 0
2.00, 5.70, 13.70, 13.70, -681.73, 20.00, 4.63, 7.22, 3.01, 334.79, 30.59, 17.60, -57.02, 80.25, 0, 0
2.00, 5.70, 15.03, 15.03, -411.23, 20.00, 4.63, 10.00, 5.81, 591.22, 57.27, 18.86, -45.41, 71.39, 0, 0
2.00, 5.70, 16.24, 16.24, -191.23, 20.00, 4.63, 12.78, 8.51, 694.87, 83.02, 27.60, -31.97, 64.27, 0, 0
2.00, 5.70, 16.60, 16.60, -165.97, 20.00, 4.63, 14.44, 10.11, 460.93, 111.20, 39.00, -16.62, 59.57, 0, 0
2.00, 5.70, 16.83, 16.83, -160.12, 20.00, 4.63, 15.00, 10.72, 329.97, 119.10, 51.22, 0.04, 57.93, 0, 0
2.00, 5.70, 16.99, 16.99, -165.10, 20.00, 4.63, 16.11, 11.71, 245.24, 111.56, 63.63, 16.69, 59.59, 0, 0
2.00, 5.70, 16.95, 16.95, -206.09, 20.00, 4.63, 16.11, 11.71, 135.79, 101.89, 75.93, 32.04, 64.29, 0, 0
2.00, 5.70, 16.57, 16.57, -311.74, 20.00, 4.63, 15.56, 11.22, 13.90, 72.04, 87.89, 45.47, 71.42, 0, 0
2.00, 5.70, 16.28, 16.28, -384.45, 20.00, 4.63, 13.89, 9.62, 0.00, 33.60, 0.00, 57.08, 80.30, 0, 0
2.00, 5.70, 15.86, 15.86, -478.31, 20.00, 4.63, 12.78, 8.51, 0.00, 9.18, 0.00, 0.00, 90.00, 0, 0
2.00, 5.70, 15.65, 15.65, -519.42, 20.00, 4.63, 12.22, 7.90, 0.00, 0.00, 0.00, 0.00, 90.00, 0, 0
2.00, 5.70, 15.50, 15.50, -545.49, 20.00, 4.63, 11.11, 6.80, 0.00, 0.00, 0.00, 0.00, 90.00, 0, 0
2.00, 5.70, 15.37, 15.37, -567.41, 20.00, 4.63, 10.56, 6.30, 0.00, 0.00, 0.00, 0.00, 90.00, 0, 0
2.00, 5.70, 15.19, 15.19, -599.42, 20.00, 4.63, 9.44, 5.20, 0.00, 0.00, 0.00, 0.00, 90.00, 0, 0
2.00, 5.70, 14.99, 14.99, -632.45, 20.00, 4.63, 8.89, 4.60, 0.00, 0.00, 0.00, 0.00, 90.00, 0, 0
2.00, 5.70, 14.74, 14.74, -675.40, 20.00, 4.63, 7.78, 3.39, 0.00, 0.00, 0.00, 0.00, 90.00, 0, 0
2.00, 5.70, 14.49, 14.49, -716.13, 20.00, 4.63, 7.22, 2.90, 0.00, 0.00, 0.00, 0.00, 90.00, 0, 0
2.00, 5.70, 14.22, 14.22, -757.49, 20.00, 4.63, 6.67, 2.30, 0.00, 0.00, 0.00, 0.00, 90.00, 0, 0
2.00, 5.70, 13.94, 13.94, -799.55, 20.00, 4.63, 6.11, 1.69, 0.00, 0.00, 0.00, 0.00, 90.00, 0, 0
2.00, 5.70, 13.62, 13.62, -848.72, 20.00, 4.63, 5.00, 0.60, 0.00, 0.00, 0.00, 0.00, 90.00, 0, 0
2.00, 5.70, 13.30, 13.30, -894.31, 20.00, 4.63, 4.44, 0.01, 0.00, 0.00, 0.00, 0.00, 90.00, 0, 0
2.00, 5.70, 12.98, 12.98, -938.62, 20.00, 4.63, 3.89, -0.48, 0.00, 0.00, 0.00, 0.00, 90.00, 0, 0
2.00, 5.70, 12.63, 12.63, -986.35, 20.00, 4.63, 2.78, -1.56, 0.00, 0.00, 0.00, 0.00, 90.00, 0, 0
2.00, 5.70, 12.46, 12.46, -995.16, 20.00, 4.63, 3.33, -0.97, 0.00, 12.23, 0.00, 0.00, 90.00, 0, 0
2.00, 5.70, 13.45, 13.45, -764.16, 20.00, 4.63, 6.11, 1.81, 287.33, 39.20, 17.87, -57.24, 80.07, 0, 0
2.00, 5.70, 14.34, 14.34, -578.44, 20.00, 4.63, 8.89, 4.48, 377.08, 74.92, 19.10, -45.61, 71.18, 0, 0
2.00, 5.70, 15.18, 15.18, -422.04, 20.00, 4.63, 10.56, 6.19, 443.99, 95.66, 27.76, -32.14, 64.03, 0, 0
2.00, 5.70, 15.87, 15.87, -306.69, 20.00, 4.63, 12.22, 7.90, 457.40, 107.88, 39.13, -16.73, 59.31, 0, 0
2.00, 5.70, 16.39, 16.39, -233.84, 20.00, 4.63, 13.89, 9.49, 423.80, 110.91, 51.33, -0.00, 57.65, 0, 0
2.00, 5.70, 16.54, 16.54, -238.07, 20.00, 4.63, 15.00, 10.46, 300.15, 106.17, 63.73, 16.73, 59.31, 0, 0
2.00, 5.70, 16.34, 16.34, -311.80, 20.00, 4.63, 15.00, 10.46, 144.59, 90.08, 76.04, 32.14, 64.03, 0, 0
2.00, 5.70, 15.94, 15.94, -415.32, 20.00, 4.63, 14.44, 9.98, 13.94, 66.94, 88.02, 45.60, 71.18, 0, 0
2.00, 5.70, 15.85, 15.85, -442.23, 20.00, 4.63, 13.33, 8.88, 0.00, 38.28, 0.00, 57.24, 80.07, 0, 0
2.00, 5.70, 15.38, 15.38, -546.75, 20.00, 4.63, 11.67, 7.29, 0.00, 15.29, 0.00, 0.00, 90.00, 0, 0
2.00, 5.70, 15.12, 15.12, -596.66, 20.00, 4.63, 11.11, 6.67, 0.00, 0.00, 0.00, 0.00, 90.00, 0, 0
2.00, 5.70, 14.96, 14.96, -621.83, 20.00, 4.63, 10.00, 5.58, 0.00, 0.00, 0.00, 0.00, 90.00, 0, 0
2.00, 5.70, 14.83, 14.83, -641.59, 20.00, 4.63, 9.44, 4.97, 0.00, 0.00, 0.00, 0.00, 90.00, 0, 0
2.00, 5.70, 14.65, 14.65, -671.52, 20.00, 4.63, 8.33, 3.87, 0.00, 0.00, 0.00, 0.00, 90.00, 0, 0
2.00, 5.70, 14.45, 14.45, -703.31, 20.00, 4.63, 7.78, 3.27, 0.00, 0.00, 0.00, 0.00, 90.00, 0, 0
2.00, 5.70, 14.19, 14.19, -745.33, 20.00, 4.63, 6.67, 2.18, 0.00, 0.00, 0.00, 0.00, 90.00, 0, 0
2.00, 5.70, 13.93, 13.93, -786.03, 20.00, 4.63, 6.11, 1.58, 0.00, 0.00, 0.00, 0.00, 90.00, 0, 0
2.00, 5.70, 13.62, 13.62, -834.16, 20.00, 4.63, 5.00, 0.49, 0.00, 0.00, 0.00, 0.00, 90.00, 0, 0
2.00, 5.70, 13.28, 13.28, -885.84, 20.00, 4.63, 3.89, -0.59, 0.00, 0.00, 0.00, 0.00, 90.00, 0, 0
2.00, 5.70, 12.95, 12.95, -933.38, 20.00, 4.63, 3.33, -1.19, 0.00, 0.00, 0.00, 0.00, 90.00, 0, 0
2.00, 5.70, 12.58, 12.58, -986.49, 20.00, 4.63, 2.22, -2.26, 0.00, 0.00, 0.00, 0.00, 90.00, 0, 0
2.00, 5.70, 12.22, 12.22, -1035.53, 20.00, 4.63, 1.67, -2.86, 0.00, 0.00, 0.00, 0.00, 90.00, 0, 0
2.00, 5.70, 11.84, 11.84, -1086.19, 20.00, 4.63, 0.56, -3.94, 0.00, 0.00, 0.00, 0.00, 90.00, 0, 0
2.00, 5.70, 11.65, 11.65, -1095.77, 20.00, 4.63, 1.11, -3.34, 0.00, 13.76, 0.00, -67.73, 89.98, 0, 0
2.00, 5.70, 12.29, 12.29, -933.49, 20.00, 4.63, 2.78, -1.67, 220.00, 34.84, 18.15, -57.45, 79.88, 0, 0
2.00, 5.70, 13.00, 13.00, -775.00, 20.00, 4.63, 4.44, 0.01, 328.08, 67.51, 19.34, -45.80, 70.96, 0, 0
2.00, 5.70, 13.44, 13.44, -690.68, 20.00, 4.63, 6.11, 1.69, 257.63, 103.74, 27.93, -32.30, 63.79, 0, 0
2.00, 5.70, 13.56, 13.56, -675.90, 20.00, 4.63, 7.22, 2.78, 123.77, 126.53, 39.26, -16.84, 59.04, 0, 0
2.00, 5.70, 13.40, 13.40, -719.34, 20.00, 4.63, 7.22, 2.78, 51.12, 112.72, 51.44, -0.04, 57.37, 0, 0
2.00, 5.70, 12.69, 12.69, -872.07, 20.00, 4.63, 6.11, 1.69, 5.56, 49.69, 63.85, 16.77, 59.03, 0, 0
2.00, 5.70, 12.22, 12.22, -956.75, 20.00, 4.63, 5.00, 0.60, 0.00, 29.06, 76.16, 32.23, 63.76, 0, 0
2.00, 5.70, 12.18, 12.18, -944.11, 20.00, 4.63, 4.44, 0.12, 2.23, 53.22, 88.15, 45.74, 70.93, 0, 0
2.00, 5.70, 12.04, 12.04, -958.35, 20.00, 4.63, 3.89, -0.48, 0.00, 39.06, 0.00, 57.40, 79.84, 0, 0
2.00, 5.70, 11.60, 11.60, -1035.17, 20.00, 4.63, 3.89, -0.48, 0.00, 15.29, 0.00, 67.68, 89.93, 0, 0
2.00, 5.70, 11.24, 11.24, -1087.20, 20.00, 4.63, 3.89, -0.37, 0.00, 0.00, 0.00, 0.00, 90.00, 0, 0
2.00, 5.70, 11.04, 11.04, -1104.92, 20.00, 4.63, 4.44, 0.12, 0.00, 0.00, 0.00, 0.00, 90.00, 0, 0
2.00, 5.70, 10.85, 10.85, -1121.18, 20.00, 4.63, 4.44, 0.23, 0.00, 0.00, 0.00, 0.00, 90.00, 0, 0
2.00, 5.70, 10.66, 10.66, -1137.16, 20.00, 4.63, 4.44, 0.23, 0.00, 0.00, 0.00, 0.00, 90.00, 0, 0
2.00, 5.70, 10.47, 10.47, -1154.67, 20.00, 4.63, 4.44, 0.23, 0.00, 0.00, 0.00, 0.00, 90.00, 0, 0
2.00, 5.70, 10.31, 10.31, -1165.04, 20.00, 4.63, 5.00, 0.82, 0.00, 0.00, 0.00, 0.00, 90.00, 0, 0
2.00, 5.70, 10.14, 10.14, -1178.43, 20.00, 4.63, 5.00, 0.72, 0.00, 0.00, 0.00, 0.00, 90.00, 0, 0
2.00, 5.70, 10.01, 10.01, -1184.95, 20.00, 4.63, 5.56, 1.21, 0.00, 0.00, 0.00, 0.00, 90.00, 0, 0
2.00, 5.70, 9.86, 9.86, -1194.01, 20.00, 4.63, 5.56, 1.32, 0.00, 0.00, 0.00, 0.00, 90.00, 0, 0
2.00, 5.70, 9.72, 9.72, -1202.90, 20.00, 4.63, 5.56, 1.32, 0.00, 0.00, 0.00, 0.00, 90.00, 0, 0
2.00, 5.70, 9.62, 9.62, -1204.12, 20.00, 4.63, 6.11, 1.92, 0.00, 0.00, 0.00, 0.00, 90.00, 0, 0
2.00, 5.70, 9.51, 9.51, -1207.93, 20.00, 4.63, 6.11, 2.02, 0.00, 0.00, 0.00, 0.00, 90.00, 0, 0
2.00, 5.70, 9.46, 9.46, -1201.89, 20.00, 4.63, 6.11, 2.02, 0.00, 0.00, 0.00, 0.00, 90.00, 0, 0
2.00, 5.70, 9.42, 9.42, -1192.31, 20.00, 4.63, 6.67, 2.61, 0.00, 3.06, 0.00, -67.96, 89.80, 0, 0
2.00, 5.70, 9.50, 9.50, -1160.65, 20.00, 4.63, 7.22, 3.21, 0.00, 15.29, 18.44, -57.67, 79.69, 0, 0
2.00, 5.70, 9.73, 9.73, -1101.74, 20.00, 4.63, 7.78, 3.71, 0.00, 38.23, 19.59, -46.00, 70.75, 0, 0
2.00, 5.70, 10.01, 10.01, -1037.64, 20.00, 4.63, 8.89, 4.81, 0.00, 55.06, 28.10, -32.47, 63.54, 0, 0
2.00, 5.70, 10.13, 10.13, -1012.87, 20.00, 4.63, 9.44, 5.31, 0.00, 50.47, 39.39, -16.95, 58.77, 0, 0
2.00, 5.70, 10.26, 10.26, -989.06, 20.00, 4.63, 9.44, 5.31, 0.00, 52.00, 51.56, -0.08, 57.08, 0, 0
2.00, 5.70, 10.37, 10.37, -967.10, 20.00, 4.63, 9.44, 5.31, 0.00, 53.53, 63.97, 16.81, 58.74, 0, 0
2.00, 5.70, 10.27, 10.27, -991.29, 20.00, 4.63, 9.44, 5.31, 0.00, 30.59, 76.29, 32.34, 63.49, 0, 0
2.00, 5.70, 10.17, 10.17, -1012.20, 20.00, 4.63, 9.44, 5.31, 0.00, 15.29, 88.29, 45.89, 70.67, 0, 0
2.00, 5.70, 10.10, 10.10, -1023.53, 20.00, 4.63, 8.89, 4.81, 0.00, 10.71, 0.00, 57.57, 79.61, 0, 0
2.00, 5.70, 10.02, 10.02, -1036.13, 20.00, 4.63, 8.89, 4.71, 0.00, 3.06, 0.00, 67.87, 89.71, 0, 0
2.00, 5.70, 9.94, 9.94, -1047.71, 20.00, 4.63, 8.33, 4.21, 0.00, 0.00, 0.00, 0.00, 90.00, 0, 0
2.00, 5.70, 9.90, 9.90, -1049.67, 20.00, 4.63, 8.33, 4.21, 0.00, 0.00, 0.00, 0.00, 90.00, 0, 0
2.00, 5.70, 9.84, 9.84, -1056.74, 20.00, 4.63, 7.78, 3.71, 0.00, 0.00, 0.00, 0.00, 90.00, 0, 0
2.00, 5.70, 9.80, 9.80, -1060.27, 20.00, 4.63, 7.78, 3.61, 0.00, 0.00, 0.00, 0.00, 90.00, 0, 0
2.00, 5.70, 9.74, 9.74, -1065.43, 20.00, 4.63, 7.78, 3.61, 0.00, 0.00, 0.00, 0.00, 90.00, 0, 0
2.00, 5.70, 9.66, 9.66, -1077.20, 20.00, 4.63, 7.22, 3.11, 0.00, 0.00, 0.00, 0.00, 90.00, 0, 0
2.00, 5.70, 9.55, 9.55, -1091.79, 20.00, 4.63, 6.67, 2.52, 0.00, 0.00, 0.00, 0.00, 90.00, 0, 0
2.00, 5.70, 9.43, 9.43, -1108.15, 20.00, 4.63, 6.11, 1.92, 0.00, 0.00, 0.00, 0.00, 90.00, 0, 0
2.00, 5.70, 9.31, 9.31, -1125.58, 20.00, 4.63, 5.56, 1.42, 0.00, 0.00, 0.00, 0.00, 90.00, 0, 0
2.00, 5.70, 9.17, 9.17, -1144.44, 20.00, 4.63, 5.00, 0.82, 0.00, 0.00, 0.00, 0.00, 90.00, 0, 0
2.00, 5.70, 9.02, 9.02, -1164.75, 20.00, 4.63, 4.44, 0.23, 0.00, 0.00, 0.00, 0.00, 90.00, 0, 0
2.00, 5.70, 8.86, 8.86, -1186.21, 20.00, 4.63, 3.89, -0.27, 0.00, 0.00, 0.00, 0.00, 90.00, 0, 0
2.00, 5.70, 8.75, 8.75, -1195.08, 20.00, 4.63, 3.33, -0.86, 0.00, 0.00, 0.00, 0.00, 90.00, 0, 0
2.00, 5.70, 8.67, 8.67, -1200.15, 20.00, 4.63, 3.33, -0.86, 0.00, 6.12, 0.00, -68.19, 89.63, 0, 0
2.00, 5.70, 9.02, 9.02, -1113.82, 20.00, 4.63, 5.00, 0.82, 47.76, 32.91, 18.72, -57.89, 79.49, 0, 0
2.00, 5.70, 9.32, 9.32, -1049.42, 20.00, 4.63, 6.11, 2.02, 34.14, 57.46, 19.85, -46.20, 70.52, 0, 0
2.00, 5.70, 9.98, 9.98, -914.20, 20.00, 4.63, 7.22, 3.11, 107.64, 88.90, 28.28, -32.63, 63.29, 0, 0
2.00, 5.70, 10.98, 10.98, -720.57, 20.00, 4.63, 9.44, 5.31, 207.61, 125.40, 39.54, -17.06, 58.50, 0, 0
2.00, 5.70, 11.31, 11.31, -682.76, 20.00, 4.63, 10.56, 6.41, 123.19, 127.95, 51.69, -0.11, 56.79, 0, 0
2.00, 5.70, 11.33, 11.33, -708.31, 20.00, 4.63, 10.56, 6.41, 34.46, 116.83, 64.09, 16.86, 58.45, 0, 0
2.00, 5.70, 11.24, 11.24, -749.90, 20.00, 4.63, 10.56, 6.41, 10.37, 89.26, 76.42, 32.45, 63.21, 0, 0
2.00, 5.70, 11.05, 11.05, -806.04, 20.00, 4.63, 10.00, 5.81, 0.37, 58.91, 88.44, 46.04, 70.42, 0, 0
2.00, 5.70, 10.80, 10.80, -867.22, 20.00, 4.63, 8.89, 4.71, 0.00, 30.25, 0.00, 57.75, 79.37, 0, 0
2.00, 5.70, 10.51, 10.51, -931.55, 20.00, 4.63, 8.33, 4.21, 0.00, 4.59, 0.00, 68.07, 89.49, 0, 0
2.00, 5.70, 10.36, 10.36, -959.87, 20.00, 4.63, 7.78, 3.71, 0.00, 0.00, 0.00, 0.00, 90.00, 0, 0
2.00, 5.70, 10.28, 10.28, -970.88, 20.00, 4.63, 7.78, 3.71, 0.00, 0.00, 0.00, 0.00, 90.00, 0, 0
2.00, 5.70, 10.22, 10.22, -979.19, 20.00, 4.63, 7.78, 3.61, 0.00, 0.00, 0.00, 0.00, 90.00, 0, 0
2.00, 5.70, 10.13, 10.13, -993.91, 20.00, 4.63, 7.22, 3.11, 0.00, 0.00, 0.00, 0.00, 90.00, 0, 0
2.00, 5.70, 10.04, 10.04, -1007.87, 20.00, 4.63, 7.22, 3.11, 0.00, 0.00, 0.00, 0.00, 90.00, 0, 0
2.00, 5.70, 9.92, 9.92, -1028.02, 20.00, 4.63, 6.67, 2.52, 0.00, 0.00, 0.00, 0.00, 90.00, 0, 0
2.00, 5.70, 9.81, 9.81, -1043.44, 20.00, 4.63, 6.67, 2.52, 0.00, 0.00, 0.00, 0.00, 90.00, 0, 0
2.00, 5.70, 9.71, 9.71, -1057.21, 20.00, 4.63, 6.67, 2.52, 0.00, 0.00, 0.00, 0.00, 90.00, 0, 0
2.00, 5.70, 9.58, 9.58, -1076.83, 20.00, 4.63, 6.11, 1.92, 0.00, 0.00, 0.00, 0.00, 90.00, 0, 0
2.00, 5.70, 9.47, 9.47, -1091.81, 20.00, 4.63, 6.11, 1.92, 0.00, 0.00, 0.00, 0.00, 90.00, 0, 0
2.00, 5.70, 9.36, 9.36, -1105.04, 20.00, 4.63, 6.11, 1.92, 0.00, 0.00, 0.00, 0.00, 90.00, 0, 0
2.00, 5.70, 9.26, 9.26, -1116.90, 20.00, 4.63, 6.11, 2.02, 0.00, 0.00, 0.00, 0.00, 90.00, 0, 0
2.00, 5.70, 9.19, 9.19, -1121.05, 20.00, 4.63, 5.56, 1.52, 0.00, 0.00, 0.00, 0.00, 90.00, 0, 0
2.00, 5.70, 9.16, 9.16, -1118.45, 20.00, 4.63, 6.11, 2.02, 0.00, 4.59, 0.00, -68.42, 89.44, 0, 0
2.00, 5.70, 9.23, 9.23, -1094.85, 20.00, 4.63, 6.67, 2.61, 0.00, 16.82, 19.02, -58.11, 79.29, 0, 0
2.00, 5.70, 9.28, 9.28, -1081.07, 20.00, 4.63, 7.22, 3.11, 0.00, 19.88, 20.11, -46.40, 70.29, 0, 0
2.00, 5.70, 9.98, 9.98, -930.25, 20.00, 4.63, 8.33, 4.21, 82.64, 65.78, 28.47, -32.80, 63.03, 0, 0
2.00, 5.70, 10.76, 10.76, -778.72, 20.00, 4.63, 10.00, 5.91, 86.66, 114.81, 39.68, -17.17, 58.21, 0, 0
2.00, 5.70, 11.39, 11.39, -671.90, 20.00, 4.63, 11.67, 7.52, 105.28, 125.58, 51.82, -0.14, 56.50, 0, 0
2.00, 5.70, 11.57, 11.57, -665.05, 20.00, 4.63, 12.22, 8.12, 65.85, 107.67, 64.22, 16.91, 58.16, 0, 0
2.00, 5.70, 11.38, 11.38, -733.01, 20.00, 4.63, 12.22, 8.01, 0.73, 72.90, 76.56, 32.57, 62.94, 0, 0
2.00, 5.70, 11.31, 11.31, -763.29, 20.00, 4.63, 11.67, 7.52, 0.11, 55.82, 88.59, 46.20, 70.16, 0, 0
2.00, 5.70, 11.07, 11.07, -826.57, 20.00, 4.63, 11.11, 6.91, 0.00, 21.41, 0.00, 57.93, 79.14, 0, 0
2.00, 5.70, 10.88, 10.88, -870.66, 20.00, 4.63, 10.56, 6.41, 0.00, 3.06, 0.00, 68.27, 89.28, 0, 0
2.00, 5.70, 10.80, 10.80, -889.22, 20.00, 4.63, 10.00, 5.91, 0.00, 0.00, 0.00, 0.00, 90.00, 0, 0
2.00, 5.70, 10.74, 10.74, -900.90, 20.00, 4.63, 9.44, 5.31, 0.00, 0.00, 0.00, 0.00, 90.00, 0, 0
2.00, 5.70, 10.71, 10.71, -906.43, 20.00, 4.63, 9.44, 5.31, 0.00, 0.00, 0.00, 0.00, 90.00, 0, 0
2.00, 5.70, 10.65, 10.65, -917.92, 20.00, 4.63, 8.89, 4.71, 0.00, 0.00, 0.00, 0.00, 90.00, 0, 0
2.00, 5.70, 10.57, 10.57, -934.69, 20.00, 4.63, 8.33, 4.21, 0.00, 0.00, 0.00, 0.00, 90.00, 0, 0
2.00, 5.70, 10.50, 10.50, -947.57, 20.00, 4.63, 8.33, 4.11, 0.00, 0.00, 0.00, 0.00, 90.00, 0, 0
2.00, 5.70, 10.36, 10.36, -972.35, 20.00, 4.63, 7.22, 3.01, 0.00, 0.00, 0.00, 0.00, 90.00, 0, 0
2.00, 5.70, 10.23, 10.23, -995.33, 20.00, 4.63, 6.67, 2.52, 0.00, 0.00, 0.00, 0.00, 90.00, 0, 0
2.00, 5.70, 10.09, 10.09, -1019.01, 20.00, 4.63, 6.11, 1.92, 0.00, 0.00, 0.00, 0.00, 90.00, 0, 0
2.00, 5.70, 9.93, 9.93, -1043.62, 20.00, 4.63, 5.56, 1.32, 0.00, 0.00, 0.00, 0.00, 90.00, 0, 0
2.00, 5.70, 9.77, 9.77, -1069.37, 20.00, 4.63, 5.00, 0.72, 0.00, 0.00, 0.00, 0.00, 90.00, 0, 0
2.00, 5.70, 9.56, 9.56, -1102.53, 20.00, 4.63, 3.89, -0.27, 0.00, 0.00, 0.00, 0.00, 90.00, 0, 0
2.00, 5.70, 9.42, 9.42, -1118.82, 20.00, 4.63, 3.33, -0.86, 0.00, 0.00, 0.00, 0.00, 90.00, 0, 0
2.00, 5.70, 9.36, 9.36, -1120.76, 20.00, 4.63, 3.89, -0.37, 0.00, 7.65, 0.00, -68.66, 89.25, 0, 0
2.00, 5.70, 9.33, 9.33, -1114.13, 20.00, 4.63, 4.44, 0.23, 0.00, 15.29, 19.31, -58.33, 79.08, 0, 0
2.00, 5.70, 9.33, 9.33, -1106.37, 20.00, 4.63, 4.44, 0.23, 0.00, 24.47, 20.38, -46.60, 70.06, 0, 0
2.00, 5.70, 9.91, 9.91, -977.41, 20.00, 4.63, 6.11, 1.92, 43.98, 72.83, 28.67, -32.96, 62.77, 0, 0
2.00, 5.70, 10.36, 10.36, -889.09, 20.00, 4.63, 7.22, 3.01, 38.40, 100.57, 39.84, -17.28, 57.93, 0, 0
2.00, 5.70, 10.48, 10.48, -875.41, 20.00, 4.63, 7.78, 3.61, 7.77, 96.91, 51.96, -0.16, 56.20, 0, 0
2.00, 5.70, 10.94, 10.94, -792.18, 20.00, 4.63, 8.89, 4.60, 47.78, 112.14, 64.36, 16.97, 57.86, 0, 0
2.00, 5.70, 11.26, 11.26, -743.26, 20.00, 4.63, 9.44, 5.20, 63.13, 111.11, 76.70, 32.69, 62.65, 0, 0
2.00, 5.70, 11.07, 11.07, -803.78, 20.00, 4.63, 10.00, 5.70, 3.59, 74.30, 88.75, 46.36, 69.90, 0, 0
2.00, 5.70, 10.77, 10.77, -876.82, 20.00, 4.63, 8.89, 4.71, 0.00, 34.99, 0.00, 58.12, 78.90, 0, 0
2.00, 5.70, 10.46, 10.46, -944.43, 20.00, 4.63, 8.33, 4.11, 0.00, 10.71, 0.00, 68.47, 89.06, 0, 0
2.00, 5.70, 10.26, 10.26, -982.90, 20.00, 4.63, 7.78, 3.61, 0.00, 0.00, 0.00, 0.00, 90.00, 0, 0
2.00, 5.70, 10.19, 10.19, -992.88, 20.00, 4.63, 7.78, 3.50, 0.00, 0.00, 0.00, 0.00, 90.00, 0, 0
2.00, 5.70, 10.10, 10.10, -1004.75, 20.00, 4.63, 7.22, 3.01, 0.00, 0.00, 0.00, 0.00, 90.00, 0, 0
2.00, 5.70, 10.00, 10.00, -1019.19, 20.00, 4.63, 6.67, 2.52, 0.00, 0.00, 0.00, 0.00, 90.00, 0, 0
2.00, 5.70, 9.91, 9.91, -1032.90, 20.00, 4.63, 6.67, 2.41, 0.00, 0.00, 0.00, 0.00, 90.00, 0, 0
2.00, 5.70, 9.78, 9.78, -1052.79, 20.00, 4.63, 6.11, 1.81, 0.00, 0.00, 0.00, 0.00, 90.00, 0, 0
2.00, 5.70, 9.64, 9.64, -1074.82, 20.00, 4.63, 5.56, 1.32, 0.00, 0.00, 0.00, 0.00, 90.00, 0, 0
2.00, 5.70, 9.48, 9.48, -1098.55, 20.00, 4.63, 5.00, 0.72, 0.00, 0.00, 0.00, 0.00, 90.00, 0, 0
2.00, 5.70, 9.34, 9.34, -1116.65, 20.00, 4.63, 5.00, 0.72, 0.00, 0.00, 0.00, 0.00, 90.00, 0, 0
2.00, 5.70, 9.18, 9.18, -1139.70, 20.00, 4.63, 4.44, 0.12, 0.00, 0.00, 0.00, 0.00, 90.00, 0, 0
2.00, 5.70, 9.01, 9.01, -1164.45, 20.00, 4.63, 3.89, -0.37, 0.00, 0.00, 0.00, 0.00, 90.00, 0, 0
2.00, 5.70, 8.82, 8.82, -1190.57, 20.00, 4.63, 3.33, -0.97, 0.00, 0.00, 0.00, 0.00, 90.00, 0, 0
2.00, 5.70, 8.73, 8.73, -1195.07, 20.00, 4.63, 3.33, -0.97, 0.00, 0.00, 0.00, 0.00, 90.00, 0, 0
2.00, 5.70, 8.65, 8.65, -1197.57, 20.00, 4.63, 3.33, -0.86, 0.00, 7.65, 0.00, -68.89, 89.06, 0, 0
2.00, 5.70, 8.85, 8.85, -1143.17, 20.00, 4.63, 5.00, 0.72, 3.59, 31.68, 19.61, -58.55, 78.86, 0, 0
2.00, 5.70, 9.15, 9.15, -1074.54, 20.00, 4.63, 6.11, 1.92, 4.79, 57.34, 20.66, -46.80, 69.82, 0, 0
2.00, 5.70, 9.24, 9.24, -1057.50, 20.00, 4.63, 6.67, 2.41, 2.74, 54.54, 28.87, -33.13, 62.50, 0, 0
2.00, 5.70, 9.51, 9.51, -1002.54, 20.00, 4.63, 7.22, 3.01, 11.96, 71.93, 40.00, -17.38, 57.63, 0, 0
2.00, 5.70, 10.18, 10.18, -868.68, 20.00, 4.63, 8.33, 4.11, 38.74, 117.40, 52.11, -0.18, 55.89, 0, 0
2.00, 5.70, 10.34, 10.34, -852.83, 20.00, 4.63, 8.89, 4.60, 23.09, 102.93, 64.50, 17.03, 57.56, 0, 0
2.00, 5.70, 10.26, 10.26, -886.33, 20.00, 4.63, 8.89, 4.60, 2.15, 76.43, 76.85, 32.82, 62.37, 0, 0
2.00, 5.70, 10.28, 10.28, -892.56, 20.00, 4.63, 8.89, 4.60, 0.94, 67.87, 88.91, 46.53, 69.64, 0, 0
2.00, 5.70, 10.22, 10.22, -914.47, 20.00, 4.63, 8.89, 4.60, 0.00, 41.19, 0.00, 58.32, 78.66, 0, 0
2.00, 5.70, 9.89, 9.89, -988.44, 20.00, 4.63, 7.78, 3.50, 0.00, 13.76, 0.00, 68.68, 88.84, 0, 0
2.00, 5.70, 9.70, 9.70, -1025.74, 20.00, 4.63, 7.78, 3.50, 0.00, 0.00, 0.00, 0.00, 90.00, 0, 0
2.00, 5.70, 9.60, 9.60, -1041.20, 20.00, 4.63, 7.22, 3.01, 0.00, 0.00, 0.00, 0.00, 90.00, 0, 0
2.00, 5.70, 9.51, 9.51, -1054.70, 20.00, 4.63, 6.67, 2.41, 0.00, 0.00, 0.00, 0.00, 90.00, 0, 0
2.00, 5.70, 9.41, 9.41, -1069.22, 20.00, 4.63, 6.11, 1.92, 0.00, 0.00, 0.00, 0.00, 90.00, 0, 0
2.00, 5.70, 9.29, 9.29, -1089.06, 20.00, 4.63, 5.56, 1.32, 0.00, 0.00, 0.00, 0.00, 90.00, 0, 0
2.00, 5.70, 9.15, 9.15, -1110.95, 20.00, 4.63, 5.00, 0.72, 0.00, 0.00, 0.00, 0.00, 90.00, 0, 0
2.00, 5.70, 8.99, 8.99, -1133.94, 20.00, 4.63, 4.44, 0.23, 0.00, 0.00, 0.00, 0.00, 90.00, 0, 0
2.00, 5.70, 8.86, 8.86, -1151.82, 20.00, 4.63, 4.44, 0.12, 0.00, 0.00, 0.00, 0.00, 90.00, 0, 0
2.00, 5.70, 8.70, 8.70, -1174.54, 20.00, 4.63, 3.89, -0.37, 0.00, 0.00, 0.00, 0.00, 90.00, 0, 0
2.00, 5.70, 8.53, 8.53, -1199.52, 20.00, 4.63, 3.33, -0.97, 0.00, 0.00, 0.00, 0.00, 90.00, 0, 0
2.00, 5.70, 8.37, 8.37, -1219.08, 20.00, 4.63, 3.33, -0.97, 0.00, 0.00, 0.00, 0.00, 90.00, 0, 0
2.00, 5.70, 8.19, 8.19, -1243.51, 20.00, 4.63, 2.78, -1.56, 0.00, 0.00, 0.00, 0.00, 90.00, 0, 0
2.00, 5.70, 8.08, 8.08, -1252.38, 20.00, 4.63, 2.22, -2.05, 0.00, 0.00, 0.00, 0.00, 90.00, 0, 0
2.00, 5.70, 8.13, 8.13, -1226.63, 20.00, 4.63, 3.33, -0.86, 0.00, 16.82, 0.00, -69.13, 88.86, 0, 0
2.00, 5.70, 8.45, 8.45, -1149.11, 20.00, 4.63, 5.00, 0.82, 35.63, 38.40, 19.92, -58.77, 78.64, 0, 0
2.00, 5.70, 8.58, 8.58, -1121.84, 20.00, 4.63, 5.56, 1.32, 7.14, 50.82, 20.94, -47.00, 69.57, 0, 0
2.00, 5.70, 9.15, 9.15, -1002.61, 20.00, 4.63, 6.67, 2.41, 60.21, 84.84, 29.09, -33.29, 62.23, 0, 0
2.00, 5.70, 10.11, 10.11, -812.84, 20.00, 4.63, 8.89, 4.60, 126.39, 133.04, 40.17, -17.48, 57.34, 0, 0
2.00, 5.70, 10.75, 10.75, -706.87, 20.00, 4.63, 10.56, 6.30, 119.69, 145.69, 52.26, -0.20, 55.58, 0, 0
2.00, 5.70, 11.23, 11.23, -640.17, 20.00, 4.63, 11.67, 7.41, 159.38, 128.67, 64.65, 17.10, 57.26, 0, 0
2.00, 5.70, 11.39, 11.39, -642.24, 20.00, 4.63, 12.22, 7.90, 146.87, 97.63, 77.00, 32.95, 62.09, 0, 0
2.00, 5.70, 11.14, 11.14, -725.77, 20.00, 4.63, 12.22, 7.90, 7.30, 72.26, 89.07, 46.71, 69.38, 0, 0
2.00, 5.70, 11.19, 11.19, -733.76, 20.00, 4.63, 11.67, 7.41, 0.00, 40.97, 0.00, 58.52, 78.42, 0, 0
2.00, 5.70, 10.75, 10.75, -840.87, 20.00, 4.63, 10.56, 6.30, 0.00, 7.65, 0.00, 68.90, 88.61, 0, 0
2.00, 5.70, 10.64, 10.64, -868.93, 20.00, 4.63, 10.00, 5.70, 0.00, 0.00, 0.00, 0.00, 90.00, 0, 0
2.00, 5.70, 10.63, 10.63, -874.40, 20.00, 4.63, 9.44, 5.20, 0.00, 0.00, 0.00, 0.00, 90.00, 0, 0
2.00, 5.70, 10.62, 10.62, -878.74, 20.00, 4.63, 8.89, 4.60, 0.00, 0.00, 0.00, 0.00, 90.00, 0, 0
2.00, 5.70, 10.59, 10.59, -887.45, 20.00, 4.63, 8.33, 4.11, 0.00, 0.00, 0.00, 0.00, 90.00, 0, 0
2.00, 5.70, 10.52, 10.52, -903.94, 20.00, 4.63, 7.78, 3.50, 0.00, 0.00, 0.00, 0.00, 90.00, 0, 0
2.00, 5.70, 10.43, 10.43, -925.13, 20.00, 4.63, 7.22, 2.90, 0.00, 0.00, 0.00, 0.00, 90.00, 0, 0
2.00, 5.70, 10.31, 10.31, -949.10, 20.00, 4.63, 6.67, 2.41, 0.00, 0.00, 0.00, 0.00, 90.00, 0, 0
2.00, 5.70, 10.17, 10.17, -975.52, 20.00, 4.63, 6.11, 1.81, 0.00, 0.00, 0.00, 0.00, 90.00, 0, 0
2.00, 5.70, 10.02, 10.02, -1003.76, 20.00, 4.63, 5.56, 1.21, 0.00, 0.00, 0.00, 0.00, 90.00, 0, 0
2.00, 5.70, 9.85, 9.85, -1033.38, 20.00, 4.63, 5.00, 0.60, 0.00, 0.00, 0.00, 0.00, 90.00, 0, 0
2.00, 5.70, 9.66, 9.66, -1063.75, 20.00, 4.63, 4.44, 0.12, 0.00, 0.00, 0.00, 0.00, 90.00, 0, 0
2.00, 5.70, 9.44, 9.44, -1101.62, 20.00, 4.63, 3.33, -0.97, 0.00, 0.00, 0.00, 0.00, 90.00, 0, 0
2.00, 5.70, 9.28, 9.28, -1121.51, 20.00, 4.63, 2.78, -1.46, 0.00, 0.00, 0.00, 0.00, 90.00, 0, 0
2.00, 5.70, 9.30, 9.30, -1106.01, 20.00, 4.63, 3.89, -0.37, 0.00, 15.29, 0.00, -69.36, 88.65, 0, 0
2.00, 5.70, 9.62, 9.62, -1028.67, 20.00, 4.63, 5.56, 1.32, 40.65, 39.16, 20.22, -58.99, 78.42, 0, 0
2.00, 5.70, 9.95, 9.95, -960.75, 20.00, 4.63, 6.67, 2.41, 30.74, 66.72, 21.23, -47.20, 69.32, 0, 0
2.00, 5.70, 11.11, 11.11, -724.23, 20.00, 4.63, 8.89, 4.60, 243.03, 102.87, 29.30, -33.46, 61.95, 0, 0
2.00, 5.70, 12.11, 12.11, -543.19, 20.00, 4.63, 11.11, 6.80, 297.09, 134.66, 40.35, -17.58, 57.03, 0, 0
2.00, 5.70, 12.64, 12.64, -473.69, 20.00, 4.63, 12.78, 8.51, 236.61, 138.46, 52.42, -0.21, 55.27, 0, 0
2.00, 5.70, 12.90, 12.90, -461.05, 20.00, 4.63, 13.33, 9.00, 178.63, 126.54, 64.80, 17.17, 56.95, 0, 0
2.00, 5.70, 12.88, 12.88, -502.96, 20.00, 4.63, 13.89, 9.62, 79.21, 106.72, 77.16, 33.10, 61.80, 0, 0
2.00, 5.70, 12.67, 12.67, -576.90, 20.00, 4.63, 13.33, 9.00, 2.43, 79.55, 89.25, 46.89, 69.12, 0, 0
2.00, 5.70, 12.52, 12.52, -628.21, 20.00, 4.63, 12.22, 7.90, 0.00, 45.63, 0.00, 58.72, 78.18, 0, 0
2.00, 5.70, 12.18, 12.18, -713.13, 20.00, 4.63, 11.11, 6.80, 0.00, 15.29, 0.00, 69.12, 88.39, 0, 0
2.00, 5.70, 11.98, 11.98, -758.11, 20.00, 4.63, 10.56, 6.30, 0.00, 0.00, 0.00, 0.00, 90.00, 0, 0
2.00, 5.70, 11.91, 11.91, -773.95, 20.00, 4.63, 10.00, 5.70, 0.00, 0.00, 0.00, 0.00, 90.00, 0, 0
2.00, 5.70, 11.82, 11.82, -794.48, 20.00, 4.63, 8.89, 4.71, 0.00, 0.00, 0.00, 0.00, 90.00, 0, 0
2.00, 5.70, 11.72, 11.72, -814.29, 20.00, 4.63, 8.33, 4.11, 0.00, 0.00, 0.00, 0.00, 90.00, 0, 0
2.00, 5.70, 11.60, 11.60, -838.71, 20.00, 4.63, 7.78, 3.50, 0.00, 0.00, 0.00, 0.00, 90.00, 0, 0
2.00, 5.70, 11.46, 11.46, -866.23, 20.00, 4.63, 7.22, 2.90, 0.00, 0.00, 0.00, 0.00, 90.00, 0, 0
2.00, 5.70, 11.30, 11.30, -895.92, 20.00, 4.63, 6.67, 2.30, 0.00, 0.00, 0.00, 0.00, 90.00, 0, 0
2.00, 5.70, 11.12, 11.12, -927.00, 20.00, 4.63, 6.11, 1.81, 0.00, 0.00, 0.00, 0.00, 90.00, 0, 0
2.00, 5.70, 10.92, 10.92, -959.46, 20.00, 4.63, 5.56, 1.21, 0.00, 0.00, 0.00, 0.00, 90.00, 0, 0
2.00, 5.70, 10.72, 10.72, -992.89, 20.00, 4.63, 5.00, 0.60, 0.00, 0.00, 0.00, 0.00, 90.00, 0, 0
2.00, 5.70, 10.50, 10.50, -1026.70, 20.00, 4.63, 4.44, 0.12, 0.00, 0.00, 0.00, 0.00, 90.00, 0, 0
2.00, 5.70, 10.24, 10.24, -1067.67, 20.00, 4.63, 3.33, -0.97, 0.00, 0.00, 0.00, 0.00, 90.00, 0, 0
2.00, 5.70, 10.05, 10.05, -1091.73, 20.00, 4.63, 2.78, -1.46, 0.00, 0.00, 0.00, 0.00, 90.00, 0, 0
2.00, 5.70, 10.02, 10.02, -1081.91, 20.00, 4.63, 3.89, -0.48, 0.00, 13.76, 0.00, -69.60, 88.44, 0, 0
2.00, 5.70, 10.86, 10.86, -893.62, 20.00, 4.63, 6.11, 1.81, 210.37, 41.23, 20.53, -59.22, 78.19, 0, 0
2.00, 5.70, 12.05, 12.05, -651.64, 20.00, 4.63, 8.33, 4.11, 422.84, 73.06, 21.52, -47.41, 69.06, 0, 0
2.00, 5.70, 12.96, 12.96, -492.38, 20.00, 4.63, 10.56, 6.30, 427.68, 105.96, 29.53, -33.62, 61.67, 0, 0
2.00, 5.70, 13.69, 13.69, -378.94, 20.00, 4.63, 12.22, 8.01, 376.57, 132.97, 40.53, -17.68, 56.73, 0, 0
2.00, 5.70, 13.99, 13.99, -362.94, 20.00, 4.63, 13.33, 9.00, 247.23, 137.02, 52.58, -0.23, 54.95, 0, 0
2.00, 5.70, 13.64, 13.64, -475.87, 20.00, 4.63, 12.78, 8.51, 46.73, 116.03, 64.96, 17.25, 56.64, 0, 0
2.00, 5.70, 13.40, 13.40, -551.38, 20.00, 4.63, 12.22, 7.90, 4.15, 88.55, 77.32, 33.24, 61.51, 0, 0
2.00, 5.70, 13.19, 13.19, -609.22, 20.00, 4.63, 11.11, 6.91, 0.09, 65.67, 89.42, 47.08, 68.85, 0, 0
2.00, 5.70, 12.91, 12.91, -676.18, 20.00, 4.63, 10.00, 5.70, 0.00, 36.36, 0.00, 58.94, 77.94, 0, 0
2.00, 5.70, 12.59, 12.59, -747.77, 20.00, 4.63, 8.89, 4.71, 0.00, 12.23, 0.00, 69.35, 88.17, 0, 0
2.00, 5.70, 12.37, 12.37, -790.20, 20.00, 4.63, 8.89, 4.71, 0.00, 0.00, 0.00, 0.00, 90.00, 0, 0
2.00, 5.70, 12.22, 12.22, -814.70, 20.00, 4.63, 8.33, 4.21, 0.00, 0.00, 0.00, 0.00, 90.00, 0, 0
2.00, 5.70, 12.10, 12.10, -832.68, 20.00, 4.63, 8.33, 4.11, 0.00, 0.00, 0.00, 0.00, 90.00, 0, 0
2.00, 5.70, 11.96, 11.96, -856.05, 20.00, 4.63, 7.78, 3.61, 0.00, 0.00, 0.00, 0.00, 90.00, 0, 0
2.00, 5.70, 11.82, 11.82, -877.26, 20.00, 4.63, 7.78, 3.61, 0.00, 0.00, 0.00, 0.00, 90.00, 0, 0
2.00, 5.70, 11.65, 11.65, -904.30, 20.00, 4.63, 7.22, 3.11, 0.00, 0.00, 0.00, 0.00, 90.00, 0, 0
2.00, 5.70, 11.50, 11.50, -926.76, 20.00, 4.63, 7.22, 3.01, 0.00, 0.00, 0.00, 0.00, 90.00, 0, 0
2.00, 5.70, 11.32, 11.32, -953.76, 20.00, 4.63, 6.67, 2.52, 0.00, 0.00, 0.00, 0.00, 90.00, 0, 0
2.00, 5.70, 11.16, 11.16, -975.75, 20.00, 4.63, 6.67, 2.41, 0.00, 0.00, 0.00, 0.00, 90.00, 0, 0
2.00, 5.70, 11.01, 11.01, -995.46, 20.00, 4.63, 6.67, 2.41, 0.00, 0.00, 0.00, 0.00, 90.00, 0, 0
2.00, 5.70, 10.83, 10.83, -1020.17, 20.00, 4.63, 6.11, 1.92, 0.00, 0.00, 0.00, 0.00, 90.00, 0, 0
2.00, 5.70, 10.67, 10.67, -1039.85, 20.00, 4.63, 6.11, 1.92, 0.00, 0.00, 0.00, 0.00, 90.00, 0, 0
2.00, 5.70, 10.54, 10.54, -1052.65, 20.00, 4.63, 5.56, 1.42, 0.00, 0.00, 0.00, 0.00, 90.00, 0, 0
2.00, 5.70, 10.53, 10.53, -1040.19, 20.00, 4.63, 6.67, 2.52, 0.00, 9.18, 0.00, -69.84, 88.23, 0, 0
2.00, 5.70, 10.60, 10.60, -1013.93, 20.00, 4.63, 7.22, 3.11, 0.00, 22.94, 20.85, -59.44, 77.95, 0, 0
2.00, 5.70, 11.33, 11.33, -853.93, 20.00, 4.63, 8.89, 4.81, 105.02, 64.31, 21.82, -47.61, 68.80, 0, 0
2.00, 5.70, 12.29, 12.29, -662.05, 20.00, 4.63, 11.67, 7.52, 160.32, 112.02, 29.76, -33.79, 61.38, 0, 0
2.00, 5.70, 12.57, 12.57, -629.57, 20.00, 4.63, 12.78, 8.62, 61.35, 118.43, 40.72, -17.78, 56.41, 0, 0
2.00, 5.70, 12.81, 12.81, -602.93, 20.00, 4.63, 13.33, 9.12, 26.73, 117.83, 52.75, -0.23, 54.63, 0, 0
2.00, 5.70, 13.32, 13.32, -519.95, 20.00, 4.63, 14.44, 10.11, 55.73, 128.31, 65.12, 17.34, 56.33, 0, 0
2.00, 5.70, 13.62, 13.62, -485.61, 20.00, 4.63, 15.00, 10.72, 45.08, 120.30, 77.49, 33.40, 61.21, 0, 0
2.00, 5.70, 13.53, 13.53, -533.55, 20.00, 4.63, 15.00, 10.60, 0.79, 85.32, 89.61, 47.28, 68.59, 0, 0
2.00, 5.70, 13.36, 13.36, -588.02, 20.00, 4.63, 13.89, 9.62, 0.00, 45.39, 0.00, 59.15, 77.70, 0, 0
2.00, 5.70, 13.07, 13.07, -662.09, 20.00, 4.63, 13.33, 9.00, 0.00, 15.29, 0.00, 69.59, 87.95, 0, 0
2.00, 5.70, 12.86, 12.86, -709.78, 20.00, 4.63, 12.22, 7.90, 0.00, 0.00, 0.00, 0.00, 90.00, 0, 0
2.00, 5.70, 12.76, 12.76, -731.48, 20.00, 4.63, 11.11, 6.80, 0.00, 0.00, 0.00, 0.00, 90.00, 0, 0
2.00, 5.70, 12.66, 12.66, -752.67, 20.00, 4.63, 10.00, 5.70, 0.00, 0.00, 0.00, 0.00, 90.00, 0, 0
2.00, 5.70, 12.56, 12.56, -771.15, 20.00, 4.63, 9.44, 4.97, 0.00, 0.00, 0.00, 0.00, 90.00, 0, 0
2.00, 5.70, 12.41, 12.41, -799.44, 20.00, 4.63, 8.33, 3.87, 0.00, 0.00, 0.00, 0.00, 90.00, 0, 0
2.00, 5.70, 12.23, 12.23, -833.43, 20.00, 4.63, 7.22, 2.78, 0.00, 0.00, 0.00, 0.00, 90.00, 0, 0
2.00, 5.70, 12.01, 12.01, -871.54, 20.00, 4.63, 6.11, 1.69, 0.00, 0.00, 0.00, 0.00, 90.00, 0, 0
2.00, 5.70, 11.77, 11.77, -913.35, 20.00, 4.63, 5.00, 0.49, 0.00, 0.00, 0.00, 0.00, 90.00, 0, 0
2.00, 5.70, 11.50, 11.50, -958.37, 20.00, 4.63, 3.89, -0.71, 0.00, 0.00, 0.00, 0.00, 90.00, 0, 0
2.00, 5.70, 11.17, 11.17, -1012.45, 20.00, 4.63, 2.22, -2.26, 0.00, 0.00, 0.00, 0.00, 90.00, 0, 0
2.00, 5.70, 10.83, 10.83, -1065.43, 20.00, 4.63, 1.11, -3.46, 0.00, 0.00, 0.00, 0.00, 90.00, 0, 0
2.00, 5.70, 10.44, 10.44, -1126.42, 20.00, 4.63, -0.56, -5.14, 0.00, 0.00, 0.00, 0.00, 90.00, 0, 0
2.00, 5.70, 10.11, 10.11, -1170.64, 20.00, 4.63, -1.67, -6.34, 0.00, 0.00, 0.00, 0.00, 90.00, 0, 0
2.00, 5.70, 9.92, 9.92, -1183.79, 20.00, 4.63, -1.67, -6.21, 0.00, 16.82, 0.00, -70.08, 88.00, 0, 0
2.00, 5.70, 10.60, 10.60, -1016.03, 20.00, 4.63, 0.56, -3.94, 213.86, 42.24, 21.17, -59.67, 77.71, 0, 0
2.00, 5.70, 11.69, 11.69, -785.21, 20.00, 4.63, 2.78, -1.78, 431.19, 76.51, 22.13, -47.81, 68.54, 0, 0
2.00, 5.70, 12.68, 12.68, -595.03, 20.00, 4.63, 5.00, 0.37, 512.23, 109.95, 30.00, -33.95, 61.08, 0, 0
2.00, 5.70, 12.91, 12.91, -580.79, 20.00, 4.63, 6.11, 1.46, 324.42, 133.78, 40.91, -17.88, 56.10, 0, 0
2.00, 5.70, 12.88, 12.88, -614.94, 20.00, 4.63, 6.67, 2.06, 157.82, 142.89, 52.92, -0.24, 54.30, 0, 0
2.00, 5.70, 12.74, 12.74, -663.38, 20.00, 4.63, 6.67, 2.06, 67.24, 134.68, 65.29, 17.43, 56.01, 0, 0
2.00, 5.70, 12.62, 12.62, -700.74, 20.00, 4.63, 6.67, 2.06, 53.23, 114.40, 77.67, 33.55, 60.92, 0, 0
2.00, 5.70, 12.27, 12.27, -783.07, 20.00, 4.63, 6.11, 1.46, 0.75, 85.57, 89.79, 47.48, 68.32, 0, 0
2.00, 5.70, 11.91, 11.91, -857.61, 20.00, 4.63, 4.44, -0.10, 0.00, 48.18, 0.00, 59.38, 77.45, 0, 0
2.00, 5.70, 11.33, 11.33, -971.25, 20.00, 4.63, 3.33, -1.19, 0.00, 16.82, 0.00, 69.82, 87.72, 0, 0
2.00, 5.70, 10.91, 10.91, -1042.41, 20.00, 4.63, 2.78, -1.78, 0.00, 0.00, 0.00, 0.00, 90.00, 0, 0
2.00, 5.70, 10.63, 10.63, -1079.70, 20.00, 4.63, 2.22, -2.38, 0.00, 0.00, 0.00, 0.00, 90.00, 0, 0
2.00, 5.70, 10.33, 10.33, -1119.68, 20.00, 4.63, 1.11, -3.46, 0.00, 0.00, 0.00, 0.00, 90.00, 0, 0
2.00, 5.70, 10.05, 10.05, -1156.76, 20.00, 4.63, 0.56, -3.94, 0.00, 0.00, 0.00, 0.00, 90.00, 0, 0
2.00, 5.70, 9.73, 9.73, -1198.62, 20.00, 4.63, 0.00, -4.54, 0.00, 0.00, 0.00, 0.00, 90.00, 0, 0
2.00, 5.70, 9.37, 9.37, -1248.65, 20.00, 4.63, -1.11, -5.74, 0.00, 0.00, 0.00, 0.00, 90.00, 0, 0
2.00, 5.70, 9.05, 9.05, -1288.49, 20.00, 4.63, -1.11, -5.74, 0.00, 0.00, 0.00, 0.00, 90.00, 0, 0
2.00, 5.70, 8.74, 8.74, -1324.71, 20.00, 4.63, -1.11, -5.74, 0.00, 0.00, 0.00, 0.00, 90.00, 0, 0
2.00, 5.70, 8.44, 8.44, -1358.73, 20.00, 4.63, -1.11, -5.74, 0.00, 0.00, 0.00, 0.00, 90.00, 0, 0
2.00, 5.70, 8.14, 8.14, -1391.08, 20.00, 4.63, -1.11, -5.74, 0.00, 0.00, 0.00, 0.00, 90.00, 0, 0
2.00, 5.70, 7.85, 7.85, -1421.61, 20.00, 4.63, -1.11, -5.74, 0.00, 0.00, 0.00, 0.00, 90.00, 0, 0
2.00, 5.70, 7.54, 7.54, -1456.60, 20.00, 4.63, -1.67, -6.21, 0.00, 0.00, 0.00, 0.00, 90.00, 0, 0
2.00, 5.70, 7.34, 7.34, -1466.40, 20.00, 4.63, -1.67, -6.21, 0.00, 0.00, 0.00, 0.00, 90.00, 0, 0
2.00, 5.70, 7.42, 7.42, -1418.89, 20.00, 4.63, 0.56, -4.06, 0.00, 24.47, 28.11, -70.33, 87.78, 0, 0
2.00, 5.70, 8.39, 8.39, -1194.79, 20.00, 4.63, 3.33, -1.19, 253.13, 46.51, 21.49, -59.89, 77.47, 0, 0
2.00, 5.70, 9.59, 9.59, -943.54, 20.00, 4.63, 6.11, 1.58, 442.09, 79.21, 22.44, -48.02, 68.27, 0, 0
2.00, 5.70, 10.63, 10.63, -750.44, 20.00, 4.63, 8.33, 3.75, 481.12, 111.95, 30.24, -34.11, 60.79, 0, 0
2.00, 5.70, 11.34, 11.34, -639.10, 20.00, 4.63, 10.00, 5.45, 428.53, 129.11, 41.11, -17.97, 55.78, 0, 0
2.00, 5.70, 12.07, 12.07, -529.19, 20.00, 4.63, 11.67, 7.16, 454.43, 124.39, 53.10, -0.24, 53.97, 0, 0
2.00, 5.70, 12.27, 12.27, -532.06, 20.00, 4.63, 12.78, 8.26, 284.22, 122.61, 65.47, 17.52, 55.69, 0, 0
2.00, 5.70, 12.16, 12.16, -595.01, 20.00, 4.63, 12.78, 8.13, 96.29, 114.34, 77.85, 33.72, 60.62, 0, 0
2.00, 5.70, 11.90, 11.90, -675.65, 20.00, 4.63, 12.22, 7.65, 0.08, 86.81, 89.98, 47.68, 68.05, 0, 0
2.00, 5.70, 11.90, 11.90, -693.04, 20.00, 4.63, 10.56, 6.06, 0.00, 49.20, 0.00, 59.61, 77.21, 0, 0
2.00, 5.70, 11.42, 11.42, -806.84, 20.00, 4.63, 9.44, 4.97, 0.00, 16.82, 0.00, 70.07, 87.50, 0, 0
2.00, 5.70, 11.21, 11.21, -853.06, 20.00, 4.63, 8.89, 4.36, 0.00, 0.00, 0.00, 0.00, 90.00, 0, 0
2.00, 5.70, 11.14, 11.14, -865.38, 20.00, 4.63, 8.33, 3.87, 0.00, 0.00, 0.00, 0.00, 90.00, 0, 0
2.00, 5.70, 11.09, 11.09, -876.06, 20.00, 4.63, 7.78, 3.27, 0.00, 0.00, 0.00, 0.00, 90.00, 0, 0
2.00, 5.70, 11.01, 11.01, -891.00, 20.00, 4.63, 7.22, 2.78, 0.00, 0.00, 0.00, 0.00, 90.00, 0, 0
2.00, 5.70, 10.89, 10.89, -913.36, 20.00, 4.63, 6.67, 2.18, 0.00, 0.00, 0.00, 0.00, 90.00, 0, 0
2.00, 5.70, 10.75, 10.75, -940.31, 20.00, 4.63, 6.11, 1.58, 0.00, 0.00, 0.00, 0.00, 90.00, 0, 0
2.00, 5.70, 10.58, 10.58, -969.81, 20.00, 4.63, 5.56, 1.09, 0.00, 0.00, 0.00, 0.00, 90.00, 0, 0
2.00, 5.70, 10.39, 10.39, -1001.41, 20.00, 4.63, 5.00, 0.49, 0.00, 0.00, 0.00, 0.00, 90.00, 0, 0
2.00, 5.70, 10.19, 10.19, -1034.44, 20.00, 4.63, 4.44, -0.10, 0.00, 0.00, 0.00, 0.00, 90.00, 0, 0
2.00, 5.70, 9.95, 9.95, -1074.68, 20.00, 4.63, 3.33, -1.08, 0.00, 0.00, 0.00, 0.00, 90.00, 0, 0
2.00, 5.70, 9.71, 9.71, -1111.85, 20.00, 4.63, 2.78, -1.67, 0.00, 0.00, 0.00, 0.00, 90.00, 0, 0
2.00, 5.70, 9.46, 9.46, -1148.59, 20.00, 4.63, 2.22, -2.26, 0.00, 0.00, 0.00, 0.00, 90.00, 0, 0
2.00, 5.70, 9.27, 9.27, -1170.90, 20.00, 4.63, 1.67, -2.75, 0.00, 0.00, 0.00, 0.00, 90.00, 0, 0
2.00, 5.70, 9.36, 9.36, -1134.11, 20.00, 4.63, 3.33, -1.08, 0.00, 24.47, 28.37, -70.57, 87.55, 0, 0
2.00, 5.70, 10.64, 10.64, -855.48, 20.00, 4.63, 6.67, 2.30, 366.33, 39.61, 21.81, -60.12, 77.22, 0, 0
2.00, 5.70, 12.08, 12.08, -572.05, 20.00, 4.63, 9.44, 5.09, 594.57, 72.58, 22.75, -48.22, 67.99, 0, 0
2.00, 5.70, 13.49, 13.49, -319.54, 20.00, 4.63, 12.22, 7.90, 725.07, 98.92, 30.49, -34.28, 60.48, 0, 0
2.00, 5.70, 14.20, 14.20, -229.98, 20.00, 4.63, 14.44, 9.98, 594.73, 115.94, 41.32, -18.06, 55.45, 0, 0
2.00, 5.70, 14.86, 14.86, -151.89, 20.00, 4.63, 16.11, 11.71, 507.13, 126.75, 53.29, -0.23, 53.63, 0, 0
2.00, 5.70, 15.22, 15.22, -137.67, 20.00, 4.63, 17.22, 12.82, 379.82, 122.54, 65.65, 17.62, 55.36, 0, 0
2.00, 5.70, 15.04, 15.04, -228.33, 20.00, 4.63, 17.22, 12.82, 166.16, 103.46, 78.03, 33.89, 60.32, 0, 0
2.00, 5.70, 14.66, 14.66, -347.49, 20.00, 4.63, 16.11, 11.71, 0.00, 79.37, 0.00, 47.90, 67.78, 0, 0
2.00, 5.70, 14.63, 14.63, -378.15, 20.00, 4.63, 14.44, 10.11, 0.00, 44.52, 0.00, 59.84, 76.97, 0, 0
2.00, 5.70, 14.12, 14.12, -506.25, 20.00, 4.63, 12.78, 8.39, 0.00, 9.18, 0.00, 70.32, 87.28, 0, 0
2.00, 5.70, 13.97, 13.97, -544.56, 20.00, 4.63, 12.22, 7.90, 0.00, 0.00, 0.00, 0.00, 90.00, 0, 0
2.00, 5.70, 13.93, 13.93, -558.62, 20.00, 4.63, 11.67, 7.29, 0.00, 0.00, 0.00, 0.00, 90.00, 0, 0
2.00, 5.70, 13.85, 13.85, -579.46, 20.00, 4.63, 10.56, 6.19, 0.00, 0.00, 0.00, 0.00, 90.00, 0, 0
2.00, 5.70, 13.76, 13.76, -602.06, 20.00, 4.63, 10.00, 5.70, 0.00, 0.00, 0.00, 0.00, 90.00, 0, 0
2.00, 5.70, 13.64, 13.64, -630.33, 20.00, 4.63, 9.44, 5.09, 0.00, 0.00, 0.00, 0.00, 90.00, 0, 0
2.00, 5.70, 13.46, 13.46, -669.94, 20.00, 4.63, 8.33, 3.99, 0.00, 0.00, 0.00, 0.00, 90.00, 0, 0
2.00, 5.70, 13.26, 13.26, -708.76, 20.00, 4.63, 7.78, 3.39, 0.00, 0.00, 0.00, 0.00, 90.00, 0, 0
2.00, 5.70, 13.05, 13.05, -748.57, 20.00, 4.63, 7.22, 2.78, 0.00, 0.00, 0.00, 0.00, 90.00, 0, 0
2.00, 5.70, 12.79, 12.79, -795.78, 20.00, 4.63, 6.11, 1.69, 0.00, 0.00, 0.00, 0.00, 90.00, 0, 0
2.00, 5.70, 12.54, 12.54, -839.52, 20.00, 4.63, 5.56, 1.21, 0.00, 0.00, 0.00, 0.00, 90.00, 0, 0
2.00, 5.70, 12.27, 12.27, -882.75, 20.00, 4.63, 5.00, 0.60, 0.00, 0.00, 0.00, 0.00, 90.00, 0, 0
2.00, 5.70, 11.99, 11.99, -925.80, 20.00, 4.63, 4.44, 0.01, 0.00, 0.00, 0.00, 0.00, 90.00, 0, 0
2.00, 5.70, 11.71, 11.71, -968.20, 20.00, 4.63, 3.33, -0.97, 0.00, 0.00, 0.00, 0.00, 90.00, 0, 0
2.00, 5.70, 11.69, 11.69, -955.20, 20.00, 4.63, 4.44, 0.12, 0.00, 19.88, 28.63, -70.81, 87.31, 0, 0
2.00, 5.70, 12.58, 12.58, -753.08, 20.00, 4.63, 7.78, 3.39, 221.97, 46.08, 22.14, -60.35, 76.96, 0, 0
2.00, 5.70, 14.05, 14.05, -452.75, 20.00, 4.63, 10.56, 6.30, 492.78, 84.98, 23.07, -48.43, 67.71, 0, 0
2.00, 5.70, 15.70, 15.70, -144.99, 20.00, 4.63, 13.89, 9.62, 728.36, 108.62, 30.75, -34.44, 60.18, 0, 0
2.00, 5.70, 16.37, 16.37, -64.85, 20.00, 4.63, 16.11, 11.71, 594.57, 118.52, 41.53, -18.15, 55.12, 0, 0
2.00, 5.70, 16.81, 16.81, -32.69, 20.00, 4.63, 17.22, 12.82, 456.05, 125.94, 53.48, -0.22, 53.30, 0, 0
2.00, 5.70, 16.93, 16.93, -60.92, 20.00, 4.63, 18.33, 13.93, 260.87, 128.46, 65.83, 17.73, 55.04, 0, 0
2.00, 5.70, 16.84, 16.84, -125.43, 20.00, 4.63, 18.33, 13.93, 102.39, 117.23, 78.22, 34.07, 60.02, 0, 0
2.00, 5.70, 16.51, 16.51, -228.69, 20.00, 4.63, 17.22, 12.82, 0.00, 84.89, 0.00, 48.11, 67.51, 0, 0
2.00, 5.70, 16.35, 16.35, -283.40, 20.00, 4.63, 15.56, 11.22, 0.00, 46.97, 0.00, 60.08, 76.72, 0, 0
2.00, 5.70, 15.88, 15.88, -396.94, 20.00, 4.63, 13.89, 9.49, 0.00, 13.76, 0.00, 70.57, 87.05, 0, 0
2.00, 5.70, 15.67, 15.67, -446.68, 20.00, 4.63, 13.33, 9.00, 0.00, 0.00, 0.00, 0.00, 90.00, 0, 0
2.00, 5.70, 15.54, 15.54, -473.41, 20.00, 4.63, 12.22, 7.90, 0.00, 0.00, 0.00, 0.00, 90.00, 0, 0
2.00, 5.70, 15.41, 15.41, -501.94, 20.00, 4.63, 11.11, 6.80, 0.00, 0.00, 0.00, 0.00, 90.00, 0, 0
2.00, 5.70, 15.27, 15.27, -529.95, 20.00, 4.63, 10.56, 6.19, 0.00, 0.00, 0.00, 0.00, 90.00, 0, 0
2.00, 5.70, 15.07, 15.07, -568.55, 20.00, 4.63, 9.44, 5.09, 0.00, 0.00, 0.00, 0.00, 90.00, 0, 0
2.00, 5.70, 14.84, 14.84, -613.66, 20.00, 4.63, 8.33, 3.99, 0.00, 0.00, 0.00, 0.00, 90.00, 0, 0
2.00, 5.70, 14.59, 14.59, -656.44, 20.00, 4.63, 7.78, 3.39, 0.00, 0.00, 0.00, 0.00, 90.00, 0, 0
2.00, 5.70, 14.31, 14.31, -706.08, 20.00, 4.63, 6.67, 2.30, 0.00, 0.00, 0.00, 0.00, 90.00, 0, 0
2.00, 5.70, 13.99, 13.99, -759.10, 20.00, 4.63, 5.56, 1.21, 0.00, 0.00, 0.00, 0.00, 90.00, 0, 0
2.00, 5.70, 13.65, 13.65, -814.72, 20.00, 4.63, 4.44, 0.01, 0.00, 0.00, 0.00, 0.00, 90.00, 0, 0
2.00, 5.70, 13.31, 13.31, -865.34, 20.00, 4.63, 3.89, -0.59, 0.00, 0.00, 0.00, 0.00, 90.00, 0, 0
2.00, 5.70, 12.94, 12.94, -921.12, 20.00, 4.63, 2.78, -1.67, 0.00, 0.00, 0.00, 0.00, 90.00, 0, 0
2.00, 5.70, 12.56, 12.56, -975.95, 20.00, 4.63, 1.67, -2.75, 0.00, 0.00, 0.00, 0.00, 90.00, 0, 0
2.00, 5.70, 12.44, 12.44, -976.12, 20.00, 4.63, 2.78, -1.67, 0.00, 16.82, 28.89, -71.06, 87.07, 0, 0
2.00, 5.70, 12.98, 12.98, -838.35, 20.00, 4.63, 5.56, 1.21, 121.70, 48.43, 22.47, -60.58, 76.70, 0, 0
2.00, 5.70, 14.09, 14.09, -599.80, 20.00, 4.63, 8.33, 3.99, 338.23, 82.16, 23.40, -48.63, 67.43, 0, 0
2.00, 5.70, 15.30, 15.30, -363.21, 20.00, 4.63, 10.56, 6.19, 516.89, 106.82, 31.01, -34.60, 59.86, 0, 0
2.00, 5.70, 16.01, 16.01, -251.65, 20.00, 4.63, 12.78, 8.39, 469.44, 123.94, 41.75, -18.24, 54.79, 0, 0
2.00, 5.70, 16.50, 16.50, -189.54, 20.00, 4.63, 14.44, 10.11, 403.49, 127.61, 53.68, -0.21, 52.95, 0, 0
2.00, 5.70, 16.68, 16.68, -192.56, 20.00, 4.63, 15.56, 11.09, 294.83, 118.40, 66.02, 17.84, 54.71, 0, 0
2.00, 5.70, 16.52, 16.52, -262.22, 20.00, 4.63, 15.56, 11.22, 153.31, 98.47, 78.42, 34.25, 59.72, 0, 0
2.00, 5.70, 16.17, 16.17, -359.00, 20.00, 4.63, 15.56, 11.22, 0.00, 77.67, 0.00, 48.34, 67.23, 0, 0
2.00, 5.70, 16.34, 16.34, -336.19, 20.00, 4.63, 13.89, 9.62, 0.00, 49.07, 0.00, 60.33, 76.48, 0, 0
2.00, 5.70, 15.75, 15.75, -473.19, 20.00, 4.63, 12.78, 8.39, 0.00, 22.94, 0.00, 70.83, 86.83, 0, 0
2.00, 5.70, 15.45, 15.45, -536.57, 20.00, 4.63, 12.22, 7.90, 0.00, 0.00, 0.00, 0.00, 90.00, 0, 0
2.00, 5.70, 15.31, 15.31, -560.82, 20.00, 4.63, 11.11, 6.91, 0.00, 0.00, 0.00, 0.00, 90.00, 0, 0
2.00, 5.70, 15.20, 15.20, -577.78, 20.00, 4.63, 10.56, 6.30, 0.00, 0.00, 0.00, 0.00, 90.00, 0, 0
2.00, 5.70, 15.08, 15.08, -598.44, 20.00, 4.63, 10.00, 5.70, 0.00, 0.00, 0.00, 0.00, 90.00, 0, 0
2.00, 5.70, 14.92, 14.92, -625.01, 20.00, 4.63, 9.44, 5.20, 0.00, 0.00, 0.00, 0.00, 90.00, 0, 0
2.00, 5.70, 14.71, 14.71, -663.46, 20.00, 4.63, 8.33, 4.11, 0.00, 0.00, 0.00, 0.00, 90.00, 0, 0
2.00, 5.70, 14.48, 14.48, -701.39, 20.00, 4.63, 7.78, 3.50, 0.00, 0.00, 0.00, 0.00, 90.00, 0, 0
2.00, 5.70, 14.26, 14.26, -733.94, 20.00, 4.63, 7.78, 3.39, 0.00, 0.00, 0.00, 0.00, 90.00, 0, 0
2.00, 5.70, 14.02, 14.02, -770.98, 20.00, 4.63, 7.22, 2.90, 0.00, 0.00, 0.00, 0.00, 90.00, 0, 0
2.00, 5.70, 13.76, 13.76, -809.90, 20.00, 4.63, 6.67, 2.30, 0.00, 0.00, 0.00, 0.00, 90.00, 0, 0
2.00, 5.70, 13.49, 13.49, -849.33, 20.00, 4.63, 6.11, 1.81, 0.00, 0.00, 0.00, 0.00, 90.00, 0, 0
2.00, 5.70, 13.21, 13.21, -888.69, 20.00, 4.63, 5.56, 1.32, 0.00, 0.00, 0.00, 0.00, 90.00, 0, 0
2.00, 5.70, 12.93, 12.93, -926.60, 20.00, 4.63, 5.00, 0.82, 0.00, 0.00, 0.00, 0.00, 90.00, 0, 0
2.00, 5.70, 12.90, 12.90, -910.28, 20.00, 4.63, 6.11, 1.92, 0.00, 18.35, 29.16, -71.30, 86.83, 0, 0
2.00, 5.70, 13.66, 13.66, -734.06, 20.00, 4.63, 9.44, 5.20, 158.66, 48.13, 22.81, -60.81, 76.44, 0, 0
2.00, 5.70, 14.40, 14.40, -580.92, 20.00, 4.63, 11.67, 7.52, 192.53, 87.88, 23.73, -48.84, 67.14, 0, 0
2.00, 5.70, 14.62, 14.62, -548.48, 20.00, 4.63, 12.78, 8.62, 82.66, 106.23, 31.28, -34.76, 59.55, 0, 0
2.00, 5.70, 14.58, 14.58, -571.91, 20.00, 4.63, 12.78, 8.62, 11.51, 99.20, 41.98, -18.33, 54.45, 0, 0
2.00, 5.70, 15.01, 15.01, -490.72, 20.00, 4.63, 13.33, 9.12, 46.48, 120.59, 53.88, -0.19, 52.61, 0, 0
2.00, 5.70, 15.37, 15.37, -432.65, 20.00, 4.63, 13.89, 9.73, 40.70, 130.47, 66.22, 17.96, 54.37, 0, 0
2.00, 5.70, 15.42, 15.42, -442.47, 20.00, 4.63, 13.89, 9.73, 16.81, 111.50, 78.61, 34.44, 59.41, 0, 0
2.00, 5.70, 15.36, 15.36, -469.02, 20.00, 4.63, 13.89, 9.73, 0.00, 89.59, 0.00, 48.57, 66.96, 0, 0
2.00, 5.70, 15.36, 15.36, -481.31, 20.00, 4.63, 13.33, 9.23, 0.00, 52.60, 0.00, 60.58, 76.23, 0, 0
2.00, 5.70, 14.83, 14.83, -600.36, 20.00, 4.63, 12.22, 8.12, 0.00, 16.82, 0.00, 71.09, 86.60, 0, 0
2.00, 5.70, 14.54, 14.54, -657.09, 20.00, 4.63, 11.67, 7.62, 0.00, 0.00, 0.00, 0.00, 90.00, 0, 0
2.00, 5.70, 14.40, 14.40, -679.36, 20.00, 4.63, 11.11, 7.12, 0.00, 0.00, 0.00, 0.00, 90.00, 0, 0
2.00, 5.70, 14.30, 14.30, -690.54, 20.00, 4.63, 11.11, 7.02, 0.00, 0.00, 0.00, 0.00, 90.00, 0, 0
2.00, 5.70, 14.19, 14.19, -706.74, 20.00, 4.63, 10.56, 6.51, 0.00, 0.00, 0.00, 0.00, 90.00, 0, 0
2.00, 5.70, 14.05, 14.05, -727.48, 20.00, 4.63, 10.00, 5.91, 0.00, 0.00, 0.00, 0.00, 90.00, 0, 0
2.00, 5.70, 13.86, 13.86, -758.11, 20.00, 4.63, 8.89, 4.91, 0.00, 0.00, 0.00, 0.00, 90.00, 0, 0
2.00, 5.70, 13.69, 13.69, -780.45, 20.00, 4.63, 8.89, 4.81, 0.00, 0.00, 0.00, 0.00, 90.00, 0, 0
2.00, 5.70, 13.54, 13.54, -800.37, 20.00, 4.63, 8.89, 4.81, 0.00, 0.00, 0.00, 0.00, 90.00, 0, 0
2.00, 5.70, 13.36, 13.36, -826.14, 20.00, 4.63, 8.33, 4.21, 0.00, 0.00, 0.00, 0.00, 90.00, 0, 0
2.00, 5.70, 13.19, 13.19, -847.50, 20.00, 4.63, 8.33, 4.21, 0.00, 0.00, 0.00, 0.00, 90.00, 0, 0
2.00, 5.70, 13.03, 13.03, -867.17, 20.00, 4.63, 8.33, 4.21, 0.00, 0.00, 0.00, 0.00, 90.00, 0, 0
2.00, 5.70, 12.84, 12.84, -891.93, 20.00, 4.63, 7.78, 3.81, 0.00, 0.00, 0.00, 0.00, 90.00, 0, 0
2.00, 5.70, 12.68, 12.68, -908.05, 20.00, 4.63, 7.78, 3.81, 0.00, 0.00, 0.00, 0.00, 90.00, 0, 0
2.00, 5.70, 12.77, 12.77, -874.81, 20.00, 4.63, 8.89, 4.91, 0.00, 19.88, 29.43, -71.55, 86.58, 0, 0
2.00, 5.70, 13.20, 13.20, -772.60, 20.00, 4.63, 10.56, 6.61, 52.42, 47.99, 23.14, -61.04, 76.17, 0, 0
2.00, 5.70, 13.93, 13.93, -619.48, 20.00, 4.63, 12.22, 8.32, 117.79, 86.71, 24.06, -49.05, 66.85, 0, 0
2.00, 5.70, 14.89, 14.89, -433.35, 20.00, 4.63, 13.89, 10.03, 193.78, 126.28, 31.56, -34.93, 59.23, 0, 0
2.00, 5.70, 15.16, 15.16, -406.03, 20.00, 4.63, 15.00, 11.05, 91.67, 129.65, 42.21, -18.41, 54.10, 0, 0
2.00, 5.70, 15.19, 15.19, -428.31, 20.00, 4.63, 15.00, 11.05, 16.65, 117.69, 54.09, -0.17, 52.26, 0, 0
2.00, 5.70, 15.00, 15.00, -486.78, 20.00, 4.63, 14.44, 10.54, 6.31, 80.82, 66.42, 18.08, 54.04, 0, 0
2.00, 5.70, 14.75, 14.75, -552.77, 20.00, 4.63, 13.89, 9.93, 0.00, 47.41, 78.82, 34.64, 59.10, 0, 0
2.00, 5.70, 14.54, 14.54, -600.48, 20.00, 4.63, 12.78, 8.82, 0.00, 30.59, 0.00, 48.80, 66.69, 0, 0
2.00, 5.70, 14.37, 14.37, -636.53, 20.00, 4.63, 12.22, 8.32, 0.00, 17.54, 0.00, 60.83, 75.98, 0, 0
2.00, 5.70, 14.25, 14.25, -659.31, 20.00, 4.63, 11.67, 7.72, 0.00, 13.76, 0.00, 71.36, 86.38, 0, 0
2.00, 5.70, 14.07, 14.07, -692.44, 20.00, 4.63, 11.67, 7.81, 0.00, 0.00, 0.00, 0.00, 90.00, 0, 0
2.00, 5.70, 13.98, 13.98, -704.08, 20.00, 4.63, 11.67, 7.81, 0.00, 0.00, 0.00, 0.00, 90.00, 0, 0
2.00, 5.70, 13.87, 13.87, -720.70, 20.00, 4.63, 11.11, 7.21, 0.00, 0.00, 0.00, 0.00, 90.00, 0, 0
2.00, 5.70, 13.78, 13.78, -733.22, 20.00, 4.63, 11.11, 7.21, 0.00, 0.00, 0.00, 0.00, 90.00, 0, 0
2.00, 5.70, 13.69, 13.69, -745.32, 20.00, 4.63, 11.11, 7.21, 0.00, 0.00, 0.00, 0.00, 90.00, 0, 0
2.00, 5.70, 13.59, 13.59, -757.48, 20.00, 4.63, 11.11, 7.21, 0.00, 0.00, 0.00, 0.00, 90.00, 0, 0
2.00, 5.70, 13.47, 13.47, -776.01, 20.00, 4.63, 10.56, 6.61, 0.00, 0.00, 0.00, 0.00, 90.00, 0, 0
2.00, 5.70, 13.36, 13.36, -790.06, 20.00, 4.63, 10.56, 6.61, 0.00, 0.00, 0.00, 0.00, 90.00, 0, 0
2.00, 5.70, 13.22, 13.22, -808.96, 20.00, 4.63, 10.00, 6.10, 0.00, 0.00, 0.00, 0.00, 90.00, 0, 0
2.00, 5.70, 13.11, 13.11, -822.94, 20.00, 4.63, 10.00, 6.10, 0.00, 0.00, 0.00, 0.00, 90.00, 0, 0
2.00, 5.70, 13.00, 13.00, -835.20, 20.00, 4.63, 10.00, 6.10, 0.00, 0.00, 0.00, 0.00, 90.00, 0, 0
2.00, 5.70, 12.86, 12.86, -853.08, 20.00, 4.63, 9.44, 5.59, 0.00, 0.00, 0.00, 0.00, 90.00, 0, 0
2.00, 5.70, 12.77, 12.77, -860.87, 20.00, 4.63, 9.44, 5.59, 0.00, 0.00, 0.00, 0.00, 90.00, 0, 0
2.00, 5.70, 12.80, 12.80, -842.42, 20.00, 4.63, 10.00, 6.19, 0.00, 12.23, 29.70, -71.79, 86.32, 0, 0
2.00, 5.70, 13.07, 13.07, -778.73, 20.00, 4.63, 11.67, 7.81, 0.00, 36.70, 23.48, -61.27, 75.90, 0, 0
2.00, 5.70, 13.25, 13.25, -739.90, 20.00, 4.63, 12.22, 8.41, 0.00, 45.88, 24.41, -49.25, 66.55, 0, 0
2.00, 5.70, 14.42, 14.42, -497.12, 20.00, 4.63, 13.89, 10.03, 203.45, 92.98, 31.84, -35.09, 58.90, 0, 0
2.00, 5.70, 15.71, 15.71, -252.15, 20.00, 4.63, 16.67, 12.86, 266.86, 150.19, 42.45, -18.50, 53.76, 0, 0
2.00, 5.70, 15.86, 15.86, -267.12, 20.00, 4.63, 17.78, 13.88, 93.85, 137.48, 54.30, -0.15, 51.91, 0, 0
2.00, 5.70, 15.85, 15.85, -305.23, 20.00, 4.63, 17.78, 13.88, 11.26, 117.89, 66.63, 18.21, 53.70, 0, 0
2.00, 5.70, 16.04, 16.04, -294.31, 20.00, 4.63, 17.78, 13.88, 12.01, 110.71, 79.03, 34.84, 58.80, 0, 0
2.00, 5.70, 15.83, 15.83, -364.21, 20.00, 4.63, 17.22, 13.37, 0.00, 64.42, 0.00, 49.05, 66.41, 0, 0
2.00, 5.70, 15.45, 15.45, -458.84, 20.00, 4.63, 16.11, 12.25, 0.00, 16.82, 0.00, 61.09, 75.74, 0, 0
2.00, 5.70, 15.27, 15.27, -502.67, 20.00, 4.63, 15.56, 11.65, 0.00, 3.06, 0.00, 71.63, 86.15, 0, 0
2.00, 5.70, 15.19, 15.19, -522.31, 20.00, 4.63, 15.00, 11.14, 0.00, 0.00, 0.00, 0.00, 90.00, 0, 0
2.00, 5.70, 15.14, 15.14, -534.14, 20.00, 4.63, 14.44, 10.63, 0.00, 0.00, 0.00, 0.00, 90.00, 0, 0
2.00, 5.70, 15.08, 15.08, -547.11, 20.00, 4.63, 13.89, 10.03, 0.00, 0.00, 0.00, 0.00, 90.00, 0, 0
2.00, 5.70, 15.01, 15.01, -562.46, 20.00, 4.63, 13.33, 9.52, 0.00, 0.00, 0.00, 0.00, 90.00, 0, 0
2.00, 5.70, 14.92, 14.92, -581.11, 20.00, 4.63, 12.78, 8.92, 0.00, 0.00, 0.00, 0.00, 90.00, 0, 0
2.00, 5.70, 14.84, 14.84, -595.80, 20.00, 4.63, 12.78, 8.92, 0.00, 0.00, 0.00, 0.00, 90.00, 0, 0
2.00, 5.70, 14.73, 14.73, -616.29, 20.00, 4.63, 12.22, 8.32, 0.00, 0.00, 0.00, 0.00, 90.00, 0, 0
2.00, 5.70, 14.57, 14.57, -645.99, 20.00, 4.63, 11.11, 7.21, 0.00, 0.00, 0.00, 0.00, 90.00, 0, 0
2.00, 5.70, 14.41, 14.41, -673.53, 20.00, 4.63, 10.56, 6.61, 0.00, 0.00, 0.00, 0.00, 90.00, 0, 0
2.00, 5.70, 14.24, 14.24, -700.94, 20.00, 4.63, 10.00, 6.10, 0.00, 0.00, 0.00, 0.00, 90.00, 0, 0
2.00, 5.70, 14.07, 14.07, -729.08, 20.00, 4.63, 9.44, 5.51, 0.00, 0.00, 0.00, 0.00, 90.00, 0, 0
2.00, 5.70, 13.88, 13.88, -757.98, 20.00, 4.63, 8.89, 5.00, 0.00, 0.00, 0.00, 0.00, 90.00, 0, 0
2.00, 5.70, 13.70, 13.70, -783.06, 20.00, 4.63, 8.33, 4.40, 0.00, 0.00, 0.00, 0.00, 90.00, 0, 0
2.00, 5.70, 13.78, 13.78, -752.73, 20.00, 4.63, 9.44, 5.59, 0.00, 21.41, 29.97, -72.04, 86.07, 0, 0
2.00, 5.70, 14.28, 14.28, -641.04, 20.00, 4.63, 11.67, 7.81, 62.75, 50.30, 23.83, -61.50, 75.62, 0, 0
2.00, 5.70, 15.24, 15.24, -444.66, 20.00, 4.63, 13.89, 10.03, 190.48, 89.11, 24.75, -49.46, 66.25, 0, 0
2.00, 5.70, 16.42, 16.42, -219.08, 20.00, 4.63, 16.11, 12.25, 320.81, 124.32, 32.13, -35.25, 58.57, 0, 0
2.00, 5.70, 17.19, 17.19, -99.33, 20.00, 4.63, 17.78, 13.98, 285.99, 145.05, 42.69, -18.58, 53.41, 0, 0
2.00, 5.70, 17.39, 17.39, -103.22, 20.00, 4.63, 18.89, 15.00, 148.27, 139.19, 54.52, -0.12, 51.55, 0, 0
2.00, 5.70, 17.47, 17.47, -127.62, 20.00, 4.63, 18.89, 15.00, 48.39, 132.91, 66.84, 18.35, 53.36, 0, 0
2.00, 5.70, 17.58, 17.58, -135.19, 20.00, 4.63, 18.89, 15.00, 24.74, 120.63, 79.24, 35.05, 58.49, 0, 0
2.00, 5.70, 17.49, 17.49, -183.53, 20.00, 4.63, 18.33, 14.39, 0.00, 90.24, 0.00, 49.29, 66.13, 0, 0
2.00, 5.70, 17.43, 17.43, -217.67, 20.00, 4.63, 17.22, 13.37, 0.00, 58.09, 0.00, 61.36, 75.49, 0, 0
2.00, 5.70, 17.02, 17.02, -320.26, 20.00, 4.63, 16.11, 12.25, 0.00, 21.41, 0.00, 71.91, 85.93, 0, 0
2.00, 5.70, 16.75, 16.75, -381.67, 20.00, 4.63, 15.56, 11.74, 0.00, 0.00, 0.00, 0.00, 90.00, 0, 0
2.00, 5.70, 16.64, 16.64, -404.66, 20.00, 4.63, 15.00, 11.14, 0.00, 0.00, 0.00, 0.00, 90.00, 0, 0
2.00, 5.70, 16.55, 16.55, -423.70, 20.00, 4.63, 14.44, 10.63, 0.00, 0.00, 0.00, 0.00, 90.00, 0, 0
2.00, 5.70, 16.45, 16.45, -444.10, 20.00, 4.63, 13.89, 10.12, 0.00, 0.00, 0.00, 0.00, 90.00, 0, 0
2.00, 5.70, 16.36, 16.36, -461.35, 20.00, 4.63, 13.89, 10.03, 0.00, 0.00, 0.00, 0.00, 90.00, 0, 0
2.00, 5.70, 16.20, 16.20, -492.11, 20.00, 4.63, 12.78, 8.92, 0.00, 0.00, 0.00, 0.00, 90.00, 0, 0
2.00, 5.70, 16.07, 16.07, -515.06, 20.00, 4.63, 12.78, 8.92, 0.00, 0.00, 0.00, 0.00, 90.00, 0, 0
2.00, 5.70, 15.91, 15.91, -542.67, 20.00, 4.63, 12.22, 8.32, 0.00, 0.00, 0.00, 0.00, 90.00, 0, 0
2.00, 5.70, 15.74, 15.74, -571.79, 20.00, 4.63, 11.67, 7.81, 0.00, 0.00, 0.00, 0.00, 90.00, 0, 0
2.00, 5.70, 15.59, 15.59, -595.55, 20.00, 4.63, 11.67, 7.72, 0.00, 0.00, 0.00, 0.00, 90.00, 0, 0
2.00, 5.70, 15.41, 15.41, -623.62, 20.00, 4.63, 11.11, 7.21, 0.00, 0.00, 0.00, 0.00, 90.00, 0, 0
2.00, 5.70, 15.22, 15.22, -653.06, 20.00, 4.63, 10.56, 6.70, 0.00, 0.00, 0.00, 0.00, 90.00, 0, 0
2.00, 5.70, 15.02, 15.02, -682.17, 20.00, 4.63, 10.00, 6.19, 0.00, 0.00, 0.00, 0.00, 90.00, 0, 0
2.00, 5.70, 14.87, 14.87, -699.63, 20.00, 4.63, 10.00, 6.19, 0.00, 3.06, 30.25, -72.29, 85.80, 0, 0
2.00, 5.70, 14.80, 14.80, -701.03, 20.00, 4.63, 10.56, 6.70, 0.00, 9.18, 24.17, -61.74, 75.34, 0, 0
2.00, 5.70, 14.68, 14.68, -714.04, 20.00, 4.63, 10.56, 6.70, 0.00, 9.18, 25.10, -49.67, 65.94, 0, 0
2.00, 5.70, 14.69, 14.69, -698.64, 20.00, 4.63, 11.11, 7.21, 0.00, 21.41, 32.42, -35.41, 58.24, 0, 0
2.00, 5.70, 14.99, 14.99, -625.70, 20.00, 4.63, 11.67, 7.81, 0.00, 59.64, 42.94, -18.66, 53.05, 0, 0
2.00, 5.70, 15.12, 15.12, -597.93, 20.00, 4.63, 12.22, 8.32, 0.00, 64.23, 54.75, -0.09, 51.19, 0, 0
2.00, 5.70, 15.28, 15.28, -564.67, 20.00, 4.63, 12.78, 8.92, 2.46, 72.06, 67.05, 18.49, 53.02, 0, 0
2.00, 5.70, 15.45, 15.45, -533.61, 20.00, 4.63, 13.33, 9.43, 1.15, 78.34, 79.46, 35.26, 58.18, 0, 0
2.00, 5.70, 15.22, 15.22, -587.95, 20.00, 4.63, 13.33, 9.43, 0.00, 41.29, 0.00, 49.55, 65.86, 0, 0
2.00, 5.70, 15.00, 15.00, -632.04, 20.00, 4.63, 13.33, 9.33, 0.00, 19.88, 0.00, 61.63, 75.24, 0, 0
2.00, 5.70, 14.79, 14.79, -669.59, 20.00, 4.63, 12.78, 8.82, 0.00, 7.65, 0.00, 72.19, 85.70, 0, 0
2.00, 5.70, 14.60, 14.60, -700.69, 20.00, 4.63, 12.22, 8.32, 0.00, 0.00, 0.00, 0.00, 90.00, 0, 0
2.00, 5.70, 14.46, 14.46, -718.80, 20.00, 4.63, 11.67, 7.72, 0.00, 0.00, 0.00, 0.00, 90.00, 0, 0
2.00, 5.70, 14.36, 14.36, -729.07, 20.00, 4.63, 11.67, 7.72, 0.00, 0.00, 0.00, 0.00, 90.00, 0, 0
2.00, 5.70, 14.24, 14.24, -743.98, 20.00, 4.63, 11.11, 7.12, 0.00, 0.00, 0.00, 0.00, 90.00, 0, 0
2.00, 5.70, 14.10, 14.10, -761.57, 20.00, 4.63, 10.56, 6.61, 0.00, 0.00, 0.00, 0.00, 90.00, 0, 0
2.00, 5.70, 13.98, 13.98, -775.03, 20.00, 4.63, 10.56, 6.51, 0.00, 0.00, 0.00, 0.00, 90.00, 0, 0
2.00, 5.70, 13.80, 13.80, -800.03, 20.00, 4.63, 9.44, 5.51, 0.00, 0.00, 0.00, 0.00, 90.00, 0, 0
2.00, 5.70, 13.62, 13.62, -823.54, 20.00, 4.63, 8.89, 4.91, 0.00, 0.00, 0.00, 0.00, 90.00, 0, 0
2.00, 5.70, 13.41, 13.41, -854.25, 20.00, 4.63, 7.78, 3.81, 0.00, 0.00, 0.00, 0.00, 90.00, 0, 0
2.00, 5.70, 13.19, 13.19, -882.24, 20.00, 4.63, 7.22, 3.11, 0.00, 0.00, 0.00, 0.00, 90.00, 0, 0
2.00, 5.70, 12.95, 12.95, -916.59, 20.00, 4.63, 6.11, 2.11, 0.00, 0.00, 0.00, 0.00, 90.00, 0, 0
2.00, 5.70, 12.70, 12.70, -948.25, 20.00, 4.63, 5.56, 1.42, 0.00, 0.00, 0.00, 0.00, 90.00, 0, 0
2.00, 5.70, 12.46, 12.46, -977.75, 20.00, 4.63, 4.44, 0.33, 0.00, 0.00, 0.00, 0.00, 90.00, 0, 0
2.00, 5.70, 12.47, 12.47, -954.44, 20.00, 4.63, 5.56, 1.52, 0.00, 19.88, 30.53, -72.53, 85.54, 0, 0
2.00, 5.70, 12.89, 12.89, -849.96, 20.00, 4.63, 8.33, 4.31, 39.49, 50.87, 24.52, -61.97, 75.05, 0, 0
2.00, 5.70, 13.48, 13.48, -719.29, 20.00, 4.63, 10.00, 5.91, 73.31, 89.77, 25.45, -49.88, 65.63, 0, 0
2.00, 5.70, 14.80, 14.80, -451.47, 20.00, 4.63, 12.22, 8.22, 322.84, 120.23, 32.72, -35.57, 57.90, 0, 0
2.00, 5.70, 16.12, 16.12, -206.08, 20.00, 4.63, 15.00, 10.95, 512.28, 130.80, 43.19, -18.73, 52.69, 0, 0
2.00, 5.70, 16.85, 16.85, -104.89, 20.00, 4.63, 17.22, 13.17, 439.90, 136.55, 54.98, -0.05, 50.83, 0, 0
2.00, 5.70, 17.00, 17.00, -125.26, 20.00, 4.63, 18.33, 14.29, 209.62, 142.86, 67.27, 18.63, 52.67, 0, 0
2.00, 5.70, 16.90, 16.90, -186.27, 20.00, 4.63, 18.33, 14.29, 55.40, 129.57, 79.68, 35.48, 57.87, 0, 0
2.00, 5.70, 16.73, 16.73, -253.39, 20.00, 4.63, 17.78, 13.68, 0.00, 96.90, 0.00, 49.80, 65.58, 0, 0
2.00, 5.70, 16.96, 16.96, -227.47, 20.00, 4.63, 16.67, 12.67, 0.00, 54.43, 0.00, 61.91, 75.00, 0, 0
2.00, 5.70, 16.43, 16.43, -360.01, 20.00, 4.63, 15.56, 11.55, 0.00, 32.12, 0.00, 72.48, 85.48, 0, 0
2.00, 5.70, 16.11, 16.11, -435.03, 20.00, 4.63, 15.00, 11.05, 0.00, 0.00, 0.00, 0.00, 90.00, 0, 0
2.00, 5.70, 16.03, 16.03, -453.29, 20.00, 4.63, 14.44, 10.44, 0.00, 0.00, 0.00, 0.00, 90.00, 0, 0
2.00, 5.70, 15.94, 15.94, -472.08, 20.00, 4.63, 13.33, 9.43, 0.00, 0.00, 0.00, 0.00, 90.00, 0, 0
2.00, 5.70, 15.86, 15.86, -489.95, 20.00, 4.63, 12.78, 8.82, 0.00, 0.00, 0.00, 0.00, 90.00, 0, 0
2.00, 5.70, 15.74, 15.74, -512.34, 20.00, 4.63, 12.22, 8.22, 0.00, 0.00, 0.00, 0.00, 90.00, 0, 0
2.00, 5.70, 15.61, 15.61, -538.82, 20.00, 4.63, 11.67, 7.72, 0.00, 0.00, 0.00, 0.00, 90.00, 0, 0
2.00, 5.70, 15.45, 15.45, -568.47, 20.00, 4.63, 11.11, 7.12, 0.00, 0.00, 0.00, 0.00, 90.00, 0, 0
2.00, 5.70, 15.26, 15.26, -600.42, 20.00, 4.63, 10.56, 6.51, 0.00, 0.00, 0.00, 0.00, 90.00, 0, 0
2.00, 5.70, 15.10, 15.10, -627.11, 20.00, 4.63, 10.56, 6.51, 0.00, 0.00, 0.00, 0.00, 90.00, 0, 0
2.00, 5.70, 14.91, 14.91, -658.52, 20.00, 4.63, 10.00, 6.01, 0.00, 0.00, 0.00, 0.00, 90.00, 0, 0
2.00, 5.70, 14.70, 14.70, -691.53, 20.00, 4.63, 9.44, 5.51, 0.00, 0.00, 0.00, 0.00, 90.00, 0, 0
2.00, 5.70, 14.51, 14.51, -718.65, 20.00, 4.63, 9.44, 5.51, 0.00, 0.00, 0.00, 0.00, 90.00, 0, 0
2.00, 5.70, 14.31, 14.31, -747.74, 20.00, 4.63, 8.89, 4.91, 0.00, 0.00, 0.00, 0.00, 90.00, 0, 0
2.00, 5.70, 14.20, 14.20, -754.57, 20.00, 4.63, 9.44, 5.51, 0.00, 6.12, 30.81, -72.78, 85.27, 0, 0
2.00, 5.70, 14.37, 14.37, -706.74, 20.00, 4.63, 10.56, 6.61, 0.00, 33.65, 24.88, -62.20, 74.76, 0, 0
2.00, 5.70, 14.70, 14.70, -629.44, 20.00, 4.63, 11.67, 7.72, 2.14, 66.82, 25.81, -50.09, 65.32, 0, 0
2.00, 5.70, 14.90, 14.90, -589.03, 20.00, 4.63, 12.78, 8.82, 2.59, 72.81, 33.02, -35.73, 57.56, 0, 0
2.00, 5.70, 15.27, 15.27, -515.42, 20.00, 4.63, 13.33, 9.33, 11.17, 97.50, 43.45, -18.81, 52.33, 0, 0
2.00, 5.70, 15.61, 15.61, -455.09, 20.00, 4.63, 14.44, 10.44, 10.80, 108.88, 55.21, -0.01, 50.46, 0, 0
2.00, 5.70, 15.39, 15.39, -516.54, 20.00, 4.63, 13.89, 9.83, 1.21, 66.60, 67.50, 18.78, 52.33, 0, 0
2.00, 5.70, 15.36, 15.36, -527.62, 20.00, 4.63, 13.89, 9.83, 1.11, 59.97, 79.90, 35.71, 57.55, 0, 0
2.00, 5.70, 15.32, 15.32, -539.72, 20.00, 4.63, 13.89, 9.83, 0.00, 51.06, 0.00, 50.07, 65.31, 0, 0
2.00, 5.70, 14.99, 14.99, -612.64, 20.00, 4.63, 12.78, 8.73, 0.00, 16.82, 0.00, 62.19, 74.75, 0, 0
2.00, 5.70, 14.77, 14.77, -653.01, 20.00, 4.63, 12.22, 8.22, 0.00, 6.12, 0.00, 72.77, 85.25, 0, 0
2.00, 5.70, 14.61, 14.61, -677.45, 20.00, 4.63, 12.22, 8.12, 0.00, 0.00, 0.00, 0.00, 90.00, 0, 0
2.00, 5.70, 14.49, 14.49, -694.50, 20.00, 4.63, 11.67, 7.62, 0.00, 0.00, 0.00, 0.00, 90.00, 0, 0
2.00, 5.70, 14.36, 14.36, -712.43, 20.00, 4.63, 11.11, 7.02, 0.00, 0.00, 0.00, 0.00, 90.00, 0, 0
2.00, 5.70, 14.22, 14.22, -731.76, 20.00, 4.63, 10.56, 6.51, 0.00, 0.00, 0.00, 0.00, 90.00, 0, 0
2.00, 5.70, 14.06, 14.06, -753.51, 20.00, 4.63, 10.00, 5.91, 0.00, 0.00, 0.00, 0.00, 90.00, 0, 0
2.00, 5.70, 13.89, 13.89, -777.29, 20.00, 4.63, 9.44, 5.31, 0.00, 0.00, 0.00, 0.00, 90.00, 0, 0
2.00, 5.70, 13.71, 13.71, -802.04, 20.00, 4.63, 8.89, 4.81, 0.00, 0.00, 0.00, 0.00, 90.00, 0, 0
2.00, 5.70, 13.49, 13.49, -834.63, 20.00, 4.63, 7.78, 3.71, 0.00, 0.00, 0.00, 0.00, 90.00, 0, 0
2.00, 5.70, 13.27, 13.27, -864.53, 20.00, 4.63, 7.22, 3.11, 0.00, 0.00, 0.00, 0.00, 90.00, 0, 0
2.00, 5.70, 13.05, 13.05, -894.47, 20.00, 4.63, 6.67, 2.52, 0.00, 0.00, 0.00, 0.00, 90.00, 0, 0
2.00, 5.70, 12.78, 12.78, -931.62, 20.00, 4.63, 5.56, 1.42, 0.00, 0.00, 0.00, 0.00, 90.00, 0, 0
2.00, 5.70, 12.52, 12.52, -965.84, 20.00, 4.63, 5.00, 0.82, 0.00, 0.00, 0.00, 0.00, 90.00, 0, 0
2.00, 5.70, 12.27, 12.27, -997.92, 20.00, 4.63, 3.89, -0.27, 0.00, 0.00, 0.00, 0.00, 90.00, 0, 0
2.00, 5.70, 12.39, 12.39, -950.05, 20.00, 4.63, 5.56, 1.42, 0.00, 30.59, 31.10, -73.03, 84.99, 0, 0
2.00, 5.70, 12.87, 12.87, -832.56, 20.00, 4.63, 8.33, 4.21, 75.84, 54.09, 25.23, -62.44, 74.47, 0, 0
2.00, 5.70, 13.62, 13.62, -673.33, 20.00, 4.63, 10.00, 5.91, 148.56, 93.71, 26.17, -50.30, 65.00, 0, 0
2.00, 5.70, 14.48, 14.48, -505.05, 20.00, 4.63, 12.22, 8.12, 200.96, 128.45, 33.33, -35.89, 57.22, 0, 0
2.00, 5.70, 15.27, 15.27, -366.94, 20.00, 4.63, 13.89, 9.73, 231.18, 148.27, 43.71, -18.89, 51.97, 0, 0
2.00, 5.70, 16.11, 16.11, -224.95, 20.00, 4.63, 15.56, 11.34, 314.86, 150.01, 55.45, 0.03, 50.09, 0, 0
2.00, 5.70, 16.41, 16.41, -205.03, 20.00, 4.63, 16.67, 12.45, 228.37, 137.04, 67.73, 18.94, 51.98, 0, 0
2.00, 5.70, 16.39, 16.39, -248.13, 20.00, 4.63, 17.22, 12.95, 77.84, 125.07, 80.13, 35.94, 57.24, 0, 0
2.00, 5.70, 16.22, 16.22, -312.55, 20.00, 4.63, 16.67, 12.45, 0.00, 97.23, 0.00, 50.34, 65.03, 0, 0
2.00, 5.70, 15.92, 15.92, -394.89, 20.00, 4.63, 15.00, 10.72, 0.00, 47.91, 0.00, 62.47, 74.50, 0, 0
2.00, 5.70, 15.43, 15.43, -508.94, 20.00, 4.63, 13.33, 9.12, 0.00, 10.71, 0.00, 73.06, 85.03, 0, 0
2.00, 5.70, 15.21, 15.21, -552.73, 20.00, 4.63, 12.78, 8.62, 0.00, 0.00, 0.00, 0.00, 90.00, 0, 0
2.00, 5.70, 15.08, 15.08, -577.35, 20.00, 4.63, 11.67, 7.52, 0.00, 0.00, 0.00, 0.00, 90.00, 0, 0
2.00, 5.70, 14.96, 14.96, -596.92, 20.00, 4.63, 11.11, 6.91, 0.00, 0.00, 0.00, 0.00, 90.00, 0, 0
2.00, 5.70, 14.83, 14.83, -619.07, 20.00, 4.63, 10.56, 6.30, 0.00, 0.00, 0.00, 0.00, 90.00, 0, 0
2.00, 5.70, 14.65, 14.65, -652.06, 20.00, 4.63, 9.44, 5.20, 0.00, 0.00, 0.00, 0.00, 90.00, 0, 0
2.00, 5.70, 14.45, 14.45, -685.04, 20.00, 4.63, 8.89, 4.60, 0.00, 0.00, 0.00, 0.00, 90.00, 0, 0
2.00, 5.70, 14.21, 14.21, -725.95, 20.00, 4.63, 7.78, 3.50, 0.00, 0.00, 0.00, 0.00, 90.00, 0, 0
2.00, 5.70, 13.97, 13.97, -764.35, 20.00, 4.63, 7.22, 2.90, 0.00, 0.00, 0.00, 0.00, 90.00, 0, 0
2.00, 5.70, 13.68, 13.68, -809.46, 20.00, 4.63, 6.11, 1.81, 0.00, 0.00, 0.00, 0.00, 90.00, 0, 0
2.00, 5.70, 13.40, 13.40, -850.95, 20.00, 4.63, 5.56, 1.32, 0.00, 0.00, 0.00, 0.00, 90.00, 0, 0
2.00, 5.70, 13.11, 13.11, -892.14, 20.00, 4.63, 5.00, 0.72, 0.00, 0.00, 0.00, 0.00, 90.00, 0, 0
2.00, 5.70, 12.79, 12.79, -940.00, 20.00, 4.63, 3.89, -0.37, 0.00, 0.00, 0.00, 0.00, 90.00, 0, 0
2.00, 5.70, 12.53, 12.53, -969.66, 20.00, 4.63, 3.89, -0.48, 0.00, 0.00, 0.00, 0.00, 90.00, 0, 0
2.00, 5.70, 12.68, 12.68, -914.45, 20.00, 4.63, 5.00, 0.72, 0.00, 39.76, 31.38, -73.28, 84.71, 0, 0
2.00, 5.70, 13.89, 13.89, -646.66, 20.00, 4.63, 8.33, 4.11, 364.54, 49.46, 25.59, -62.67, 74.18, 0, 0
2.00, 5.70, 15.23, 15.23, -379.11, 20.00, 4.63, 11.67, 7.41, 576.81, 76.39, 26.53, -50.51, 64.68, 0, 0
2.00, 5.70, 16.52, 16.52, -145.32, 20.00, 4.63, 14.44, 10.23, 678.46, 103.46, 33.65, -36.06, 56.87, 0, 0
2.00, 5.70, 17.23, 17.23, -50.22, 20.00, 4.63, 16.67, 12.33, 557.05, 123.96, 43.98, -18.96, 51.60, 0, 0
2.00, 5.70, 17.75, 17.75, 3.62, 20.00, 4.63, 18.33, 14.06, 451.59, 129.11, 55.70, 0.08, 49.72, 0, 0
2.00, 5.70, 18.05, 18.05, 15.25, 20.00, 4.63, 20.00, 15.67, 305.40, 130.60, 67.96, 19.10, 51.63, 0, 0
2.00, 5.70, 17.97, 17.97, -47.90, 20.00, 4.63, 20.00, 15.67, 118.17, 120.56, 80.37, 36.18, 56.92, 0, 0
2.00, 5.70, 17.78, 17.78, -121.78, 20.00, 4.63, 19.44, 15.18, 0.00, 94.31, 0.00, 50.61, 64.75, 0, 0
2.00, 5.70, 18.15, 18.15, -69.19, 20.00, 4.63, 18.89, 14.56, 0.00, 57.42, 0.00, 62.76, 74.26, 0, 0
2.00, 5.70, 17.54, 17.54, -228.16, 20.00, 4.63, 17.22, 12.95, 0.00, 30.59, 0.00, 73.36, 84.80, 0, 0
2.00, 5.70, 17.20, 17.20, -308.61, 20.00, 4.63, 16.11, 11.83, 0.00, 0.00, 0.00, 0.00, 90.00, 0, 0
2.00, 5.70, 17.10, 17.10, -334.17, 20.00, 4.63, 15.00, 10.72, 0.00, 0.00, 0.00, 0.00, 90.00, 0, 0
2.00, 5.70, 17.01, 17.01, -355.96, 20.00, 4.63, 13.89, 9.62, 0.00, 0.00, 0.00, 0.00, 90.00, 0, 0
2.00, 5.70, 16.92, 16.92, -376.33, 20.00, 4.63, 13.33, 9.12, 0.00, 0.00, 0.00, 0.00, 90.00, 0, 0
2.00, 5.70, 16.77, 16.77, -408.50, 20.00, 4.63, 12.22, 8.01, 0.00, 0.00, 0.00, 0.00, 90.00, 0, 0
2.00, 5.70, 16.60, 16.60, -442.20, 20.00, 4.63, 11.67, 7.41, 0.00, 0.00, 0.00, 0.00, 90.00, 0, 0
2.00, 5.70, 16.38, 16.38, -485.44, 20.00, 4.63, 10.56, 6.19, 0.00, 0.00, 0.00, 0.00, 90.00, 0, 0
2.00, 5.70, 16.12, 16.12, -533.46, 20.00, 4.63, 9.44, 5.09, 0.00, 0.00, 0.00, 0.00, 90.00, 0, 0
2.00, 5.70, 15.83, 15.83, -584.73, 20.00, 4.63, 8.33, 3.99, 0.00, 0.00, 0.00, 0.00, 90.00, 0, 0
2.00, 5.70, 15.51, 15.51, -638.36, 20.00, 4.63, 7.22, 2.90, 0.00, 0.00, 0.00, 0.00, 90.00, 0, 0
2.00, 5.70, 15.17, 15.17, -693.94, 20.00, 4.63, 6.11, 1.81, 0.00, 0.00, 0.00, 0.00, 90.00, 0, 0
2.00, 5.70, 14.80, 14.80, -751.52, 20.00, 4.63, 5.00, 0.60, 0.00, 0.00, 0.00, 0.00, 90.00, 0, 0
2.00, 5.70, 14.44, 14.44, -803.63, 20.00, 4.63, 4.44, 0.12, 0.00, 0.00, 0.00, 0.00, 90.00, 0, 0
2.00, 5.70, 14.54, 14.54, -758.58, 20.00, 4.63, 5.56, 1.32, 0.00, 39.76, 31.67, -73.53, 84.43, 0, 0
2.00, 5.70, 15.75, 15.75, -488.43, 20.00, 4.63, 8.89, 4.60, 362.19, 55.45, 25.95, -62.91, 73.88, 0, 0
2.00, 5.70, 16.96, 16.96, -249.41, 20.00, 4.63, 12.22, 7.90, 519.90, 86.97, 26.90, -50.72, 64.36, 0, 0
2.00, 5.70, 18.17, 18.17, -28.57, 20.00, 4.63, 14.44, 10.23, 650.18, 107.51, 33.96, -36.22, 56.52, 0, 0
2.00, 5.70, 18.81, 18.81, 54.32, 20.00, 4.63, 16.67, 12.45, 531.89, 126.50, 44.26, -19.03, 51.23, 0, 0
2.00, 5.70, 19.17, 19.17, 80.24, 20.00, 4.63, 18.33, 14.06, 374.51, 138.54, 55.94, 0.13, 49.35, 0, 0
2.00, 5.70, 19.35, 19.35, 72.71, 20.00, 4.63, 19.44, 15.18, 270.64, 128.29, 68.20, 19.27, 51.28, 0, 0
2.00, 5.70, 19.21, 19.21, 5.27, 20.00, 4.63, 20.00, 15.67, 127.21, 107.00, 80.61, 36.43, 56.61, 0, 0
2.00, 5.70, 19.04, 19.04, -59.12, 20.00, 4.63, 20.00, 15.67, 0.00, 86.56, 0.00, 50.89, 64.47, 0, 0
2.00, 5.70, 19.15, 19.15, -56.15, 20.00, 4.63, 18.33, 14.06, 0.00, 56.17, 0.00, 63.06, 74.01, 0, 0
2.00, 5.70, 18.51, 18.51, -210.57, 20.00, 4.63, 16.67, 12.45, 0.00, 19.88, 0.00, 73.66, 84.58, 0, 0
2.00, 5.70, 18.20, 18.20, -279.50, 20.00, 4.63, 15.56, 11.34, 0.00, 0.00, 0.00, 0.00, 90.00, 0, 0
2.00, 5.70, 18.08, 18.08, -301.36, 20.00, 4.63, 15.00, 10.84, 0.00, 0.00, 0.00, 0.00, 90.00, 0, 0
2.00, 5.70, 17.99, 17.99, -318.80, 20.00, 4.63, 14.44, 10.23, 0.00, 0.00, 0.00, 0.00, 90.00, 0, 0
2.00, 5.70, 17.85, 17.85, -346.48, 20.00, 4.63, 13.33, 9.23, 0.00, 0.00, 0.00, 0.00, 90.00, 0, 0
2.00, 5.70, 17.69, 17.69, -376.36, 20.00, 4.63, 12.78, 8.62, 0.00, 0.00, 0.00, 0.00, 90.00, 0, 0
2.00, 5.70, 17.50, 17.50, -410.21, 20.00, 4.63, 12.22, 8.01, 0.00, 0.00, 0.00, 0.00, 90.00, 0, 0
2.00, 5.70, 17.29, 17.29, -446.70, 20.00, 4.63, 11.67, 7.41, 0.00, 0.00, 0.00, 0.00, 90.00, 0, 0
2.00, 5.70, 17.03, 17.03, -491.39, 20.00, 4.63, 10.56, 6.41, 0.00, 0.00, 0.00, 0.00, 90.00, 0, 0
2.00, 5.70, 16.77, 16.77, -533.60, 20.00, 4.63, 10.00, 5.81, 0.00, 0.00, 0.00, 0.00, 90.00, 0, 0
2.00, 5.70, 16.47, 16.47, -582.13, 20.00, 4.63, 8.89, 4.71, 0.00, 0.00, 0.00, 0.00, 90.00, 0, 0
2.00, 5.70, 16.15, 16.15, -633.40, 20.00, 4.63, 7.78, 3.61, 0.00, 0.00, 0.00, 0.00, 90.00, 0, 0
2.00, 5.70, 15.83, 15.83, -679.97, 20.00, 4.63, 7.22, 3.01, 0.00, 0.00, 0.00, 0.00, 90.00, 0, 0
2.00, 5.70, 15.54, 15.54, -719.22, 20.00, 4.63, 6.67, 2.52, 0.00, 3.06, 0.00, 0.00, 90.00, 0, 0
2.00, 5.70, 15.72, 15.72, -657.68, 20.00, 4.63, 8.33, 4.21, 0.00, 44.35, 31.96, -73.78, 84.15, 0, 0
2.00, 5.70, 16.60, 16.60, -459.55, 20.00, 4.63, 10.56, 6.41, 241.37, 62.04, 26.31, -63.15, 73.57, 0, 0
2.00, 5.70, 16.80, 16.80, -424.69, 20.00, 4.63, 11.67, 7.62, 147.02, 84.37, 27.27, -50.93, 64.03, 0, 0
2.00, 5.70, 16.78, 16.78, -436.86, 20.00, 4.63, 12.22, 8.12, 27.71, 100.17, 34.29, -36.38, 56.17, 0, 0
2.00, 5.70, 16.99, 16.99, -397.57, 20.00, 4.63, 12.78, 8.73, 21.85, 115.26, 44.54, -19.10, 50.85, 0, 0
2.00, 5.70, 17.14, 17.14, -373.91, 20.00, 4.63, 13.33, 9.23, 17.55, 116.50, 56.20, 0.19, 48.97, 0, 0
2.00, 5.70, 17.41, 17.41, -325.36, 20.00, 4.63, 13.89, 9.73, 35.93, 123.34, 68.44, 19.45, 50.92, 0, 0
2.00, 5.70, 17.50, 17.50, -318.41, 20.00, 4.63, 13.89, 9.73, 22.65, 116.62, 80.85, 36.68, 56.29, 0, 0
2.00, 5.70, 17.52, 17.52, -326.83, 20.00, 4.63, 14.44, 10.34, 0.00, 100.26, 0.00, 51.18, 64.20, 0, 0
2.00, 5.70, 17.79, 17.79, -277.85, 20.00, 4.63, 14.44, 10.34, 0.00, 66.35, 0.00, 63.36, 73.76, 0, 0
2.00, 5.70, 17.03, 17.03, -450.43, 20.00, 4.63, 13.33, 9.23, 0.00, 24.47, 0.00, 73.97, 84.35, 0, 0
2.00, 5.70, 16.60, 16.60, -533.56, 20.00, 4.63, 12.22, 8.12, 0.00, 1.53, 0.00, 0.00, 90.00, 0, 0
2.00, 5.70, 16.37, 16.37, -568.10, 20.00, 4.63, 11.67, 7.62, 0.00, 0.00, 0.00, 0.00, 90.00, 0, 0
2.00, 5.70, 16.19, 16.19, -591.51, 20.00, 4.63, 11.11, 7.02, 0.00, 0.00, 0.00, 0.00, 90.00, 0, 0
2.00, 5.70, 16.01, 16.01, -614.50, 20.00, 4.63, 10.56, 6.51, 0.00, 0.00, 0.00, 0.00, 90.00, 0, 0
2.00, 5.70, 15.82, 15.82, -640.79, 20.00, 4.63, 10.00, 5.91, 0.00, 0.00, 0.00, 0.00, 90.00, 0, 0
2.00, 5.70, 15.60, 15.60, -670.42, 20.00, 4.63, 9.44, 5.31, 0.00, 0.00, 0.00, 0.00, 90.00, 0, 0
2.00, 5.70, 15.37, 15.37, -702.12, 20.00, 4.63, 8.89, 4.71, 0.00, 0.00, 0.00, 0.00, 90.00, 0, 0
2.00, 5.70, 15.13, 15.13, -735.05, 20.00, 4.63, 8.33, 4.21, 0.00, 0.00, 0.00, 0.00, 90.00, 0, 0
2.00, 5.70, 14.87, 14.87, -769.15, 20.00, 4.63, 7.78, 3.61, 0.00, 0.00, 0.00, 0.00, 90.00, 0, 0
2.00, 5.70, 14.64, 14.64, -797.24, 20.00, 4.63, 7.78, 3.61, 0.00, 0.00, 0.00, 0.00, 90.00, 0, 0
2.00, 5.70, 14.38, 14.38, -829.57, 20.00, 4.63, 7.22, 3.11, 0.00, 0.00, 0.00, 0.00, 90.00, 0, 0
2.00, 5.70, 14.11, 14.11, -863.20, 20.00, 4.63, 6.67, 2.61, 0.00, 0.00, 0.00, 0.00, 90.00, 0, 0
2.00, 5.70, 13.88, 13.88, -887.92, 20.00, 4.63, 6.67, 2.61, 0.00, 1.53, 0.00, 0.00, 90.00, 0, 0
2.00, 5.70, 14.00, 14.00, -838.25, 20.00, 4.63, 7.78, 3.71, 0.00, 33.65, 32.26, -74.03, 83.86, 0, 0
2.00, 5.70, 14.74, 14.74, -667.10, 20.00, 4.63, 10.00, 5.91, 167.57, 58.28, 26.68, -63.38, 73.27, 0, 0
2.00, 5.70, 15.09, 15.09, -596.25, 20.00, 4.63, 11.11, 7.02, 110.88, 87.83, 27.65, -51.14, 63.70, 0, 0
2.00, 5.70, 15.30, 15.30, -558.34, 20.00, 4.63, 12.22, 8.12, 37.48, 106.76, 34.62, -36.54, 55.81, 0, 0
2.00, 5.70, 15.31, 15.31, -562.76, 20.00, 4.63, 12.22, 8.12, 19.55, 96.03, 44.82, -19.17, 50.48, 0, 0
2.00, 5.70, 15.51, 15.51, -527.17, 20.00, 4.63, 12.78, 8.62, 17.43, 104.21, 56.46, 0.25, 48.60, 0, 0
2.00, 5.70, 15.90, 15.90, -453.36, 20.00, 4.63, 13.33, 9.12, 19.49, 127.04, 68.69, 19.63, 50.57, 0, 0
2.00, 5.70, 15.95, 15.95, -456.29, 20.00, 4.63, 13.33, 9.23, 7.14, 109.86, 81.09, 36.93, 55.98, 0, 0
2.00, 5.70, 15.68, 15.68, -523.13, 20.00, 4.63, 13.33, 9.12, 0.00, 64.87, 0.00, 51.47, 63.92, 0, 0
2.00, 5.70, 15.27, 15.27, -609.92, 20.00, 4.63, 12.22, 8.12, 0.00, 26.00, 0.00, 63.66, 73.52, 0, 0
2.00, 5.70, 14.96, 14.96, -667.12, 20.00, 4.63, 11.67, 7.52, 0.00, 7.65, 0.00, 74.28, 84.13, 0, 0
2.00, 5.70, 14.74, 14.74, -703.86, 20.00, 4.63, 11.11, 6.91, 0.00, 0.00, 0.00, 0.00, 90.00, 0, 0
2.00, 5.70, 14.57, 14.57, -725.19, 20.00, 4.63, 10.56, 6.41, 0.00, 0.00, 0.00, 0.00, 90.00, 0, 0
2.00, 5.70, 14.38, 14.38, -752.33, 20.00, 4.63, 9.44, 5.31, 0.00, 0.00, 0.00, 0.00, 90.00, 0, 0
2.00, 5.70, 14.19, 14.19, -776.97, 20.00, 4.63, 8.89, 4.71, 0.00, 0.00, 0.00, 0.00, 90.00, 0, 0
2.00, 5.70, 13.99, 13.99, -802.94, 20.00, 4.63, 8.33, 4.11, 0.00, 0.00, 0.00, 0.00, 90.00, 0, 0
2.00, 5.70, 13.78, 13.78, -830.78, 20.00, 4.63, 7.78, 3.50, 0.00, 0.00, 0.00, 0.00, 90.00, 0, 0
2.00, 5.70, 13.56, 13.56, -859.69, 20.00, 4.63, 7.22, 3.01, 0.00, 0.00, 0.00, 0.00, 90.00, 0, 0
2.00, 5.70, 13.32, 13.32, -889.96, 20.00, 4.63, 6.67, 2.41, 0.00, 0.00, 0.00, 0.00, 90.00, 0, 0
2.00, 5.70, 13.05, 13.05, -927.86, 20.00, 4.63, 5.56, 1.32, 0.00, 0.00, 0.00, 0.00, 90.00, 0, 0
2.00, 5.70, 12.77, 12.77, -962.80, 20.00, 4.63, 5.00, 0.72, 0.00, 0.00, 0.00, 0.00, 90.00, 0, 0
2.00, 5.70, 12.50, 12.50, -997.45, 20.00, 4.63, 4.44, 0.12, 0.00, 0.00, 0.00, 0.00, 90.00, 0, 0
2.00, 5.70, 12.18, 12.18, -1038.92, 20.00, 4.63, 3.33, -0.97, 0.00, 0.00, 0.00, 0.00, 90.00, 0, 0
2.00, 5.70, 11.93, 11.93, -1064.35, 20.00, 4.63, 3.33, -0.97, 0.00, 0.00, 0.00, 0.00, 90.00, 0, 0
2.00, 5.70, 11.71, 11.71, -1085.68, 20.00, 4.63, 3.33, -0.97, 0.00, 3.06, 32.55, -74.28, 83.56, 0, 0
2.00, 5.70, 11.69, 11.69, -1062.78, 20.00, 4.63, 3.89, -0.37, 0.00, 24.47, 27.04, -63.62, 72.96, 0, 0
2.00, 5.70, 12.25, 12.25, -924.32, 20.00, 4.63, 5.56, 1.32, 50.90, 77.64, 28.03, -51.35, 63.36, 0, 0
2.00, 5.70, 12.96, 12.96, -769.35, 20.00, 4.63, 7.78, 3.50, 94.17, 119.55, 34.95, -36.70, 55.45, 0, 0
2.00, 5.70, 13.44, 13.44, -677.05, 20.00, 4.63, 8.89, 4.60, 88.51, 138.69, 45.11, -19.23, 50.09, 0, 0
2.00, 5.70, 13.71, 13.71, -635.16, 20.00, 4.63, 10.00, 5.70, 57.13, 140.47, 56.72, 0.31, 48.21, 0, 0
2.00, 5.70, 13.98, 13.98, -592.07, 20.00, 4.63, 11.11, 6.80, 58.95, 136.97, 68.94, 19.82, 50.21, 0, 0
2.00, 5.70, 14.14, 14.14, -575.93, 20.00, 4.63, 11.67, 7.29, 45.91, 126.29, 81.34, 37.20, 55.66, 0, 0
2.00, 5.70, 14.04, 14.04, -612.39, 20.00, 4.63, 11.67, 7.41, 0.00, 96.89, 0.00, 51.77, 63.64, 0, 0
2.00, 5.70, 14.09, 14.09, -608.69, 20.00, 4.63, 11.67, 7.29, 0.00, 60.17, 0.00, 63.97, 73.27, 0, 0
2.00, 5.70, 13.65, 13.65, -710.36, 20.00, 4.63, 10.56, 6.30, 0.00, 39.76, 0.00, 74.60, 83.91, 0, 0
2.00, 5.70, 13.23, 13.23, -794.64, 20.00, 4.63, 10.00, 5.70, 0.00, 3.06, 0.00, 0.00, 90.00, 0, 0
2.00, 5.70, 13.01, 13.01, -829.74, 20.00, 4.63, 8.89, 4.60, 0.00, 0.00, 0.00, 0.00, 90.00, 0, 0
2.00, 5.70, 12.85, 12.85, -849.73, 20.00, 4.63, 8.33, 3.99, 0.00, 0.00, 0.00, 0.00, 90.00, 0, 0
2.00, 5.70, 12.70, 12.70, -868.56, 20.00, 4.63, 7.78, 3.50, 0.00, 0.00, 0.00, 0.00, 90.00, 0, 0
2.00, 5.70, 12.54, 12.54, -890.59, 20.00, 4.63, 7.22, 2.90, 0.00, 0.00, 0.00, 0.00, 90.00, 0, 0
2.00, 5.70, 12.32, 12.32, -922.62, 20.00, 4.63, 6.11, 1.81, 0.00, 0.00, 0.00, 0.00, 90.00, 0, 0
2.00, 5.70, 12.10, 12.10, -953.19, 20.00, 4.63, 5.56, 1.21, 0.00, 0.00, 0.00, 0.00, 90.00, 0, 0
2.00, 5.70, 11.87, 11.87, -984.62, 20.00, 4.63, 5.00, 0.60, 0.00, 0.00, 0.00, 0.00, 90.00, 0, 0
2.00, 5.70, 11.59, 11.59, -1023.68, 20.00, 4.63, 3.89, -0.48, 0.00, 0.00, 0.00, 0.00, 90.00, 0, 0
2.00, 5.70, 11.32, 11.32, -1060.02, 20.00, 4.63, 3.33, -1.08, 0.00, 0.00, 0.00, 0.00, 90.00, 0, 0
2.00, 5.70, 11.04, 11.04, -1096.29, 20.00, 4.63, 2.78, -1.67, 0.00, 0.00, 0.00, 0.00, 90.00, 0, 0
2.00, 5.70, 10.73, 10.73, -1139.49, 20.00, 4.63, 1.67, -2.75, 0.00, 0.00, 0.00, 0.00, 90.00, 0, 0
2.00, 5.70, 10.54, 10.54, -1152.66, 20.00, 4.63, 1.67, -2.75, 0.00, 4.59, 0.00, 0.00, 90.00, 0, 0
2.00, 5.70, 10.64, 10.64, -1108.42, 20.00, 4.63, 2.78, -1.56, 0.00, 35.17, 32.85, -74.53, 83.27, 0, 0
2.00, 5.70, 11.11, 11.11, -991.29, 20.00, 4.63, 4.44, 0.12, 95.71, 60.47, 27.41, -63.86, 72.64, 0, 0
2.00, 5.70, 11.79, 11.79, -845.30, 20.00, 4.63, 6.11, 1.81, 139.26, 104.02, 28.41, -51.57, 63.03, 0, 0
2.00, 5.70, 12.58, 12.58, -688.80, 20.00, 4.63, 8.33, 3.99, 191.68, 134.91, 35.28, -36.86, 55.08, 0, 0
2.00, 5.70, 13.12, 13.12, -597.90, 20.00, 4.63, 9.44, 5.09, 169.47, 152.15, 45.40, -19.30, 49.71, 0, 0
2.00, 5.70, 13.35, 13.35, -576.13, 20.00, 4.63, 10.56, 6.19, 94.54, 151.23, 56.98, 0.38, 47.83, 0, 0
2.00, 5.70, 13.38, 13.38, -592.57, 20.00, 4.63, 10.56, 6.19, 42.59, 137.65, 69.19, 20.01, 49.86, 0, 0
2.00, 5.70, 13.35, 13.35, -616.91, 20.00, 4.63, 10.56, 6.19, 18.14, 119.10, 81.60, 37.46, 55.34, 0, 0
2.00, 5.70, 13.31, 13.31, -639.75, 20.00, 4.63, 10.56, 6.19, 0.00, 96.58, 0.00, 52.07, 63.37, 0, 0
2.00, 5.70, 13.62, 13.62, -583.99, 20.00, 4.63, 10.56, 6.19, 0.00, 61.71, 0.00, 64.28, 73.03, 0, 0
2.00, 5.70, 12.88, 12.88, -754.56, 20.00, 4.63, 8.89, 4.60, 0.00, 27.53, 0.00, 74.91, 83.68, 0, 0
2.00, 5.70, 12.49, 12.49, -831.21, 20.00, 4.63, 8.33, 3.99, 0.00, 3.06, 0.00, 0.00, 90.00, 0, 0
2.00, 5.70, 12.28, 12.28, -863.97, 20.00, 4.63, 7.78, 3.50, 0.00, 0.00, 0.00, 0.00, 90.00, 0, 0
2.00, 5.70, 12.13, 12.13, -884.47, 20.00, 4.63, 7.22, 3.01, 0.00, 0.00, 0.00, 0.00, 90.00, 0, 0
2.00, 5.70, 11.98, 11.98, -905.55, 20.00, 4.63, 6.67, 2.41, 0.00, 0.00, 0.00, 0.00, 90.00, 0, 0
2.00, 5.70, 11.83, 11.83, -924.66, 20.00, 4.63, 6.67, 2.41, 0.00, 0.00, 0.00, 0.00, 90.00, 0, 0
2.00, 5.70, 11.61, 11.61, -957.49, 20.00, 4.63, 5.56, 1.32, 0.00, 0.00, 0.00, 0.00, 90.00, 0, 0
2.00, 5.70, 11.43, 11.43, -983.01, 20.00, 4.63, 5.56, 1.21, 0.00, 0.00, 0.00, 0.00, 90.00, 0, 0
2.00, 5.70, 11.24, 11.24, -1006.36, 20.00, 4.63, 5.56, 1.21, 0.00, 0.00, 0.00, 0.00, 90.00, 0, 0
2.00, 5.70, 11.03, 11.03, -1035.04, 20.00, 4.63, 5.00, 0.72, 0.00, 0.00, 0.00, 0.00, 90.00, 0, 0
2.00, 5.70, 10.84, 10.84, -1059.07, 20.00, 4.63, 5.00, 0.72, 0.00, 0.00, 0.00, 0.00, 90.00, 0, 0
2.00, 5.70, 10.65, 10.65, -1081.47, 20.00, 4.63, 5.00, 0.60, 0.00, 0.00, 0.00, 0.00, 90.00, 0, 0
2.00, 5.70, 10.43, 10.43, -1108.48, 20.00, 4.63, 4.44, 0.23, 0.00, 0.00, 0.00, 0.00, 90.00, 0, 0
2.00, 5.70, 10.30, 10.30, -1115.68, 20.00, 4.63, 4.44, 0.23, 0.00, 1.53, 0.00, 0.00, 90.00, 0, 0
2.00, 5.70, 10.22, 10.22, -1115.94, 20.00, 4.63, 5.00, 0.72, 0.00, 7.65, 33.15, -74.78, 82.97, 0, 0
2.00, 5.70, 10.16, 10.16, -1112.73, 20.00, 4.63, 5.00, 0.82, 0.00, 15.29, 27.79, -64.10, 72.33, 0, 0
2.00, 5.70, 10.31, 10.31, -1065.04, 20.00, 4.63, 6.11, 1.92, 0.00, 38.23, 28.79, -51.78, 62.69, 0, 0
2.00, 5.70, 10.68, 10.68, -979.68, 20.00, 4.63, 6.67, 2.52, 4.87, 75.17, 35.62, -37.02, 54.72, 0, 0
2.00, 5.70, 11.11, 11.11, -888.67, 20.00, 4.63, 7.78, 3.61, 10.66, 103.39, 45.70, -19.36, 49.33, 0, 0
2.00, 5.70, 11.37, 11.37, -842.12, 20.00, 4.63, 8.89, 4.60, 8.53, 104.78, 57.25, 0.45, 47.45, 0, 0
2.00, 5.70, 11.26, 11.26, -875.52, 20.00, 4.63, 8.89, 4.71, 2.21, 73.48, 69.45, 20.21, 49.50, 0, 0
2.00, 5.70, 11.45, 11.45, -839.30, 20.00, 4.63, 9.44, 5.20, 10.21, 82.43, 81.85, 37.74, 55.03, 0, 0
2.00, 5.70, 11.75, 11.75, -783.60, 20.00, 4.63, 10.00, 5.70, 0.00, 96.45, 0.00, 52.38, 63.09, 0, 0
2.00, 5.70, 11.70, 11.70, -806.16, 20.00, 4.63, 10.00, 5.70, 0.00, 49.34, 0.00, 64.60, 72.79, 0, 0
2.00, 5.70, 11.18, 11.18, -921.15, 20.00, 4.63, 8.89, 4.71, 0.00, 10.71, 0.00, 75.23, 83.46, 0, 0
2.00, 5.70, 10.99, 10.99, -955.70, 20.00, 4.63, 8.89, 4.71, 0.00, 1.53, 0.00, 0.00, 90.00, 0, 0
2.00, 5.70, 10.87, 10.87, -973.56, 20.00, 4.63, 8.33, 4.11, 0.00, 0.00, 0.00, 0.00, 90.00, 0, 0
2.00, 5.70, 10.77, 10.77, -986.00, 20.00, 4.63, 7.78, 3.61, 0.00, 0.00, 0.00, 0.00, 90.00, 0, 0
2.00, 5.70, 10.69, 10.69, -992.85, 20.00, 4.63, 7.78, 3.61, 0.00, 0.00, 0.00, 0.00, 90.00, 0, 0
2.00, 5.70, 10.58, 10.58, -1008.23, 20.00, 4.63, 7.22, 3.01, 0.00, 0.00, 0.00, 0.00, 90.00, 0, 0
2.00, 5.70, 10.48, 10.48, -1020.19, 20.00, 4.63, 7.22, 3.01, 0.00, 0.00, 0.00, 0.00, 90.00, 0, 0
2.00, 5.70, 10.35, 10.35, -1038.08, 20.00, 4.63, 6.67, 2.41, 0.00, 0.00, 0.00, 0.00, 90.00, 0, 0
2.00, 5.70, 10.21, 10.21, -1058.21, 20.00, 4.63, 6.11, 1.92, 0.00, 0.00, 0.00, 0.00, 90.00, 0, 0
2.00, 5.70, 10.05, 10.05, -1080.09, 20.00, 4.63, 5.56, 1.32, 0.00, 0.00, 0.00, 0.00, 90.00, 0, 0
2.00, 5.70, 9.88, 9.88, -1102.92, 20.00, 4.63, 5.00, 0.82, 0.00, 0.00, 0.00, 0.00, 90.00, 0, 0
2.00, 5.70, 9.73, 9.73, -1120.41, 20.00, 4.63, 5.00, 0.72, 0.00, 0.00, 0.00, 0.00, 90.00, 0, 0
2.00, 5.70, 9.56, 9.56, -1142.58, 20.00, 4.63, 4.44, 0.23, 0.00, 0.00, 0.00, 0.00, 90.00, 0, 0
2.00, 5.70, 9.50, 9.50, -1140.50, 20.00, 4.63, 4.44, 0.23, 0.00, 3.06, 0.00, 0.00, 90.00, 0, 0
2.00, 5.70, 9.57, 9.57, -1112.37, 20.00, 4.63, 5.00, 0.82, 2.60, 20.98, 33.46, -75.03, 82.67, 0, 0
2.00, 5.70, 10.04, 10.04, -1004.37, 20.00, 4.63, 6.67, 2.52, 39.69, 57.58, 28.16, -64.33, 72.01, 0, 0
2.00, 5.70, 11.04, 11.04, -798.25, 20.00, 4.63, 8.89, 4.71, 166.56, 101.50, 29.18, -51.99, 62.35, 0, 0
2.00, 5.70, 11.88, 11.88, -643.21, 20.00, 4.63, 10.56, 6.41, 200.54, 130.72, 35.97, -37.18, 54.35, 0, 0
2.00, 5.70, 12.25, 12.25, -599.65, 20.00, 4.63, 11.67, 7.52, 99.52, 142.73, 46.00, -19.42, 48.94, 0, 0
2.00, 5.70, 12.61, 12.61, -556.74, 20.00, 4.63, 12.78, 8.51, 60.97, 145.27, 57.53, 0.53, 47.06, 0, 0
2.00, 5.70, 13.01, 13.01, -502.70, 20.00, 4.63, 13.33, 9.00, 64.54, 146.29, 69.71, 20.41, 49.14, 0, 0
2.00, 5.70, 13.21, 13.21, -493.93, 20.00, 4.63, 13.89, 9.62, 29.02, 132.87, 82.11, 38.02, 54.71, 0, 0
2.00, 5.70, 13.11, 13.11, -544.68, 20.00, 4.63, 13.33, 9.12, 0.00, 94.17, 0.00, 52.69, 62.81, 0, 0
2.00, 5.70, 13.14, 13.14, -559.22, 20.00, 4.63, 12.78, 8.51, 0.00, 60.50, 0.00, 64.92, 72.54, 0, 0
2.00, 5.70, 12.87, 12.87, -634.96, 20.00, 4.63, 12.22, 7.90, 0.00, 41.29, 0.00, 75.56, 83.24, 0, 0
2.00, 5.70, 12.50, 12.50, -722.33, 20.00, 4.63, 11.11, 6.80, 0.00, 3.06, 0.00, 0.00, 90.00, 0, 0
2.00, 5.70, 12.36, 12.36, -751.47, 20.00, 4.63, 10.56, 6.19, 0.00, 0.00, 0.00, 0.00, 90.00, 0, 0
2.00, 5.70, 12.24, 12.24, -775.80, 20.00, 4.63, 9.44, 5.20, 0.00, 0.00, 0.00, 0.00, 90.00, 0, 0
2.00, 5.70, 12.14, 12.14, -796.26, 20.00, 4.63, 8.89, 4.60, 0.00, 0.00, 0.00, 0.00, 90.00, 0, 0
2.00, 5.70, 11.98, 11.98, -826.60, 20.00, 4.63, 7.78, 3.50, 0.00, 0.00, 0.00, 0.00, 90.00, 0, 0
2.00, 5.70, 11.81, 11.81, -856.08, 20.00, 4.63, 7.22, 2.78, 0.00, 0.00, 0.00, 0.00, 90.00, 0, 0
2.00, 5.70, 11.61, 11.61, -892.70, 20.00, 4.63, 6.11, 1.81, 0.00, 0.00, 0.00, 0.00, 90.00, 0, 0
2.00, 5.70, 11.40, 11.40, -926.91, 20.00, 4.63, 5.56, 1.21, 0.00, 0.00, 0.00, 0.00, 90.00, 0, 0
2.00, 5.70, 11.16, 11.16, -968.38, 20.00, 4.63, 4.44, 0.01, 0.00, 0.00, 0.00, 0.00, 90.00, 0, 0
2.00, 5.70, 10.88, 10.88, -1013.21, 20.00, 4.63, 3.33, -1.08, 0.00, 0.00, 0.00, 0.00, 90.00, 0, 0
2.00, 5.70, 10.61, 10.61, -1054.02, 20.00, 4.63, 2.78, -1.67, 0.00, 0.00, 0.00, 0.00, 90.00, 0, 0
2.00, 5.70, 10.30, 10.30, -1100.72, 20.00, 4.63, 1.67, -2.75, 0.00, 0.00, 0.00, 0.00, 90.00, 0, 0
2.00, 5.70, 10.11, 10.11, -1119.96, 20.00, 4.63, 1.67, -2.75, 0.00, 1.53, 0.00, 0.00, 90.00, 0, 0
2.00, 5.70, 10.13, 10.13, -1097.82, 20.00, 4.63, 2.22, -2.16, 12.87, 22.23, 33.76, -75.29, 82.37, 0, 0
2.00, 5.70, 10.72, 10.72, -958.59, 20.00, 4.63, 4.44, 0.01, 106.48, 61.89, 28.54, -64.57, 71.69, 0, 0
2.00, 5.70, 11.87, 11.87, -717.78, 20.00, 4.63, 6.67, 2.30, 310.47, 101.75, 29.57, -52.21, 62.00, 0, 0
2.00, 5.70, 13.02, 13.02, -502.92, 20.00, 4.63, 8.89, 4.48, 423.99, 132.38, 36.32, -37.34, 53.98, 0, 0
2.00, 5.70, 14.05, 14.05, -326.65, 20.00, 4.63, 11.11, 6.67, 485.87, 149.42, 46.30, -19.48, 48.55, 0, 0
2.00, 5.70, 14.93, 14.93, -194.04, 20.00, 4.63, 13.33, 8.88, 499.18, 153.46, 57.81, 0.61, 46.67, 0, 0
2.00, 5.70, 15.07, 15.07, -222.42, 20.00, 4.63, 14.44, 9.98, 291.66, 145.81, 69.97, 20.62, 48.78, 0, 0
2.00, 5.70, 14.82, 14.82, -321.81, 20.00, 4.63, 15.00, 10.46, 87.79, 122.70, 82.37, 38.30, 54.39, 0, 0
2.00, 5.70, 14.74, 14.74, -367.87, 20.00, 4.63, 15.00, 10.46, 0.00, 97.14, 0.00, 53.00, 62.54, 0, 0
2.00, 5.70, 15.11, 15.11, -315.87, 20.00, 4.63, 13.89, 9.36, 0.00, 62.60, 0.00, 65.25, 72.30, 0, 0
2.00, 5.70, 14.40, 14.40, -494.29, 20.00, 4.63, 12.22, 7.77, 0.00, 36.70, 0.00, 75.89, 83.02, 0, 0
2.00, 5.70, 14.00, 14.00, -584.15, 20.00, 4.63, 11.11, 6.67, 0.00, 4.59, 0.00, 0.00, 90.00, 0, 0
2.00, 5.70, 13.82, 13.82, -623.91, 20.00, 4.63, 10.00, 5.58, 0.00, 0.00, 0.00, 0.00, 90.00, 0, 0
2.00, 5.70, 13.70, 13.70, -645.94, 20.00, 4.63, 9.44, 4.97, 0.00, 0.00, 0.00, 0.00, 90.00, 0, 0
2.00, 5.70, 13.55, 13.55, -675.83, 20.00, 4.63, 8.33, 3.87, 0.00, 0.00, 0.00, 0.00, 90.00, 0, 0
2.00, 5.70, 13.39, 13.39, -707.15, 20.00, 4.63, 7.78, 3.27, 0.00, 0.00, 0.00, 0.00, 90.00, 0, 0
2.00, 5.70, 13.16, 13.16, -749.01, 20.00, 4.63, 6.67, 2.18, 0.00, 0.00, 0.00, 0.00, 90.00, 0, 0
2.00, 5.70, 12.90, 12.90, -796.42, 20.00, 4.63, 5.56, 1.09, 0.00, 0.00, 0.00, 0.00, 90.00, 0, 0
2.00, 5.70, 12.60, 12.60, -847.64, 20.00, 4.63, 4.44, 0.01, 0.00, 0.00, 0.00, 0.00, 90.00, 0, 0
2.00, 5.70, 12.31, 12.31, -895.02, 20.00, 4.63, 3.89, -0.59, 0.00, 0.00, 0.00, 0.00, 90.00, 0, 0
2.00, 5.70, 11.97, 11.97, -948.65, 20.00, 4.63, 2.78, -1.78, 0.00, 0.00, 0.00, 0.00, 90.00, 0, 0
2.00, 5.70, 11.64, 11.64, -998.38, 20.00, 4.63, 2.22, -2.38, 0.00, 0.00, 0.00, 0.00, 90.00, 0, 0
2.00, 5.70, 11.28, 11.28, -1053.72, 20.00, 4.63, 1.11, -3.46, 0.00, 0.00, 0.00, 0.00, 90.00, 0, 0
2.00, 5.70, 11.06, 11.06, -1074.67, 20.00, 4.63, 1.11, -3.46, 0.00, 6.12, 0.00, 0.00, 90.00, 0, 0
2.00, 5.70, 11.22, 11.22, -1018.43, 20.00, 4.63, 2.22, -2.26, 63.73, 28.13, 34.07, -75.54, 82.06, 0, 0
2.00, 5.70, 11.39, 11.39, -967.99, 20.00, 4.63, 3.33, -1.19, 49.84, 58.96, 28.91, -64.81, 71.37, 0, 0
2.00, 5.70, 11.81, 11.81, -871.11, 20.00, 4.63, 4.44, 0.01, 68.15, 97.57, 29.96, -52.42, 61.66, 0, 0
2.00, 5.70, 13.01, 13.01, -621.74, 20.00, 4.63, 6.67, 2.18, 299.21, 134.74, 36.67, -37.50, 53.61, 0, 0
2.00, 5.70, 13.27, 13.27, -591.62, 20.00, 4.63, 7.78, 3.27, 190.10, 141.34, 46.61, -19.54, 48.15, 0, 0
2.00, 5.70, 13.07, 13.07, -657.30, 20.00, 4.63, 8.33, 3.75, 21.68, 133.67, 58.09, 0.69, 46.28, 0, 0
2.00, 5.70, 13.15, 13.15, -651.13, 20.00, 4.63, 8.33, 3.75, 24.53, 132.73, 70.24, 20.83, 48.42, 0, 0
2.00, 5.70, 12.66, 12.66, -765.44, 20.00, 4.63, 7.78, 3.27, 6.75, 72.25, 82.64, 38.60, 54.08, 0, 0
2.00, 5.70, 12.32, 12.32, -835.16, 20.00, 4.63, 7.22, 2.67, 0.00, 46.81, 0.00, 53.33, 62.26, 0, 0
2.00, 5.70, 12.10, 12.10, -874.22, 20.00, 4.63, 6.11, 1.58, 0.00, 38.18, 0.00, 65.58, 72.06, 0, 0
2.00, 5.70, 11.63, 11.63, -961.71, 20.00, 4.63, 5.56, 1.09, 0.00, 6.12, 0.00, 76.22, 82.80, 0, 0
2.00, 5.70, 11.35, 11.35, -1003.34, 20.00, 4.63, 5.00, 0.49, 0.00, 1.53, 0.00, 0.00, 90.00, 0, 0
2.00, 5.70, 11.11, 11.11, -1035.91, 20.00, 4.63, 4.44, 0.01, 0.00, 0.00, 0.00, 0.00, 90.00, 0, 0
2.00, 5.70, 10.88, 10.88, -1065.14, 20.00, 4.63, 3.89, -0.59, 0.00, 0.00, 0.00, 0.00, 90.00, 0, 0
2.00, 5.70, 10.64, 10.64, -1094.71, 20.00, 4.63, 3.33, -1.08, 0.00, 0.00, 0.00, 0.00, 90.00, 0, 0
2.00, 5.70, 10.41, 10.41, -1121.94, 20.00, 4.63, 3.33, -1.19, 0.00, 0.00, 0.00, 0.00, 90.00, 0, 0
2.00, 5.70, 10.16, 10.16, -1153.77, 20.00, 4.63, 2.78, -1.67, 0.00, 0.00, 0.00, 0.00, 90.00, 0, 0
2.00, 5.70, 9.89, 9.89, -1187.07, 20.00, 4.63, 2.22, -2.26, 0.00, 0.00, 0.00, 0.00, 90.00, 0, 0
2.00, 5.70, 9.65, 9.65, -1214.52, 20.00, 4.63, 2.22, -2.38, 0.00, 0.00, 0.00, 0.00, 90.00, 0, 0
2.00, 5.70, 9.39, 9.39, -1245.71, 20.00, 4.63, 1.67, -2.86, 0.00, 0.00, 0.00, 0.00, 90.00, 0, 0
2.00, 5.70, 9.11, 9.11, -1278.14, 20.00, 4.63, 1.11, -3.46, 0.00, 0.00, 0.00, 0.00, 90.00, 0, 0
2.00, 5.70, 8.86, 8.86, -1304.28, 20.00, 4.63, 1.11, -3.46, 0.00, 0.00, 0.00, 0.00, 90.00, 0, 0
2.00, 5.70, 8.60, 8.60, -1334.23, 20.00, 4.63, 0.56, -3.94, 0.00, 0.00, 0.00, 0.00, 90.00, 0, 0
2.00, 5.70, 8.47, 8.47, -1333.42, 20.00, 4.63, 0.56, -3.94, 0.00, 4.59, 0.00, 0.00, 90.00, 0, 0
2.00, 5.70, 8.93, 8.93, -1211.74, 20.00, 4.63, 2.22, -2.26, 125.42, 29.51, 34.38, -75.79, 81.75, 0, 0
2.00, 5.70, 9.59, 9.59, -1063.49, 20.00, 4.63, 4.44, 0.01, 180.58, 69.60, 29.29, -65.05, 71.04, 0, 0
2.00, 5.70, 10.16, 10.16, -949.42, 20.00, 4.63, 6.11, 1.69, 152.40, 105.75, 30.35, -52.64, 61.31, 0, 0
2.00, 5.70, 11.11, 11.11, -763.62, 20.00, 4.63, 7.78, 3.27, 249.52, 138.26, 37.02, -37.66, 53.23, 0, 0
2.00, 5.70, 11.73, 11.73, -661.06, 20.00, 4.63, 9.44, 4.97, 205.37, 157.72, 46.93, -19.60, 47.76, 0, 0
2.00, 5.70, 11.98, 11.98, -641.67, 20.00, 4.63, 10.00, 5.58, 99.26, 161.09, 58.37, 0.78, 45.89, 0, 0
2.00, 5.70, 12.06, 12.06, -654.39, 20.00, 4.63, 10.56, 6.06, 43.14, 143.57, 70.51, 21.05, 48.05, 0, 0
2.00, 5.70, 11.81, 11.81, -731.22, 20.00, 4.63, 10.00, 5.45, 5.37, 100.15, 82.91, 38.89, 53.76, 0, 0
2.00, 5.70, 11.71, 11.71, -764.20, 20.00, 4.63, 9.44, 4.97, 0.00, 80.42, 0.00, 53.65, 61.99, 0, 0
2.00, 5.70, 11.96, 11.96, -720.74, 20.00, 4.63, 8.89, 4.36, 0.00, 63.06, 0.00, 65.91, 71.82, 0, 0
2.00, 5.70, 12.23, 12.23, -677.50, 20.00, 4.63, 7.78, 3.27, 0.00, 26.28, 0.00, 76.55, 82.58, 0, 0
2.00, 5.70, 11.30, 11.30, -888.26, 20.00, 4.63, 7.22, 2.67, 0.00, 6.12, 0.00, 0.00, 90.00, 0, 0
2.00, 5.70, 11.05, 11.05, -933.00, 20.00, 4.63, 6.67, 2.18, 0.00, 0.00, 0.00, 0.00, 90.00, 0, 0
2.00, 5.70, 10.85, 10.85, -965.34, 20.00, 4.63, 5.56, 1.09, 0.00, 0.00, 0.00, 0.00, 90.00, 0, 0
2.00, 5.70, 10.68, 10.68, -990.93, 20.00, 4.63, 5.00, 0.49, 0.00, 0.00, 0.00, 0.00, 90.00, 0, 0
2.00, 5.70, 10.49, 10.49, -1019.99, 20.00, 4.63, 4.44, -0.10, 0.00, 0.00, 0.00, 0.00, 90.00, 0, 0
2.00, 5.70, 10.28, 10.28, -1051.45, 20.00, 4.63, 3.89, -0.71, 0.00, 0.00, 0.00, 0.00, 90.00, 0, 0
2.00, 5.70, 10.06, 10.06, -1084.49, 20.00, 4.63, 3.33, -1.19, 0.00, 0.00, 0.00, 0.00, 90.00, 0, 0
2.00, 5.70, 9.79, 9.79, -1125.67, 20.00, 4.63, 2.22, -2.26, 0.00, 0.00, 0.00, 0.00, 90.00, 0, 0
2.00, 5.70, 9.52, 9.52, -1164.13, 20.00, 4.63, 1.67, -2.86, 0.00, 0.00, 0.00, 0.00, 90.00, 0, 0
2.00, 5.70, 9.25, 9.25, -1202.33, 20.00, 4.63, 1.11, -3.46, 0.00, 0.00, 0.00, 0.00, 90.00, 0, 0
2.00, 5.70, 8.93, 8.93, -1247.19, 20.00, 4.63, 0.00, -4.54, 0.00, 0.00, 0.00, 0.00, 90.00, 0, 0
2.00, 5.70, 8.62, 8.62, -1288.56, 20.00, 4.63, -0.56, -5.14, 0.00, 0.00, 0.00, 0.00, 90.00, 0, 0
2.00, 5.70, 8.51, 8.51, -1288.14, 20.00, 4.63, -0.56, -5.14, 0.00, 9.18, 0.00, 0.00, 90.00, 0, 0
2.00, 5.70, 9.10, 9.10, -1142.62, 20.00, 4.63, 1.11, -3.34, 195.92, 28.00, 34.69, -76.04, 81.44, 0, 0
2.00, 5.70, 10.10, 10.10, -927.77, 20.00, 4.63, 3.89, -0.71, 373.03, 62.79, 29.67, -65.30, 70.71, 0, 0
2.00, 5.70, 11.52, 11.52, -645.83, 20.00, 4.63, 6.11, 1.58, 586.68, 101.78, 30.75, -52.86, 60.95, 0, 0
2.00, 5.70, 13.19, 13.19, -337.69, 20.00, 4.63, 8.89, 4.36, 816.63, 125.09, 37.38, -37.82, 52.85, 0, 0
2.00, 5.70, 14.13, 14.13, -204.61, 20.00, 4.63, 10.56, 5.94, 768.26, 133.76, 47.24, -19.65, 47.36, 0, 0
2.00, 5.70, 14.68, 14.68, -156.72, 20.00, 4.63, 12.22, 7.65, 613.63, 139.91, 58.66, 0.87, 45.49, 0, 0
2.00, 5.70, 14.75, 14.75, -203.81, 20.00, 4.63, 13.33, 8.74, 386.16, 133.25, 70.79, 21.28, 47.69, 0, 0
2.00, 5.70, 14.42, 14.42, -322.46, 20.00, 4.63, 13.33, 8.74, 117.83, 122.50, 83.18, 39.19, 53.44, 0, 0
2.00, 5.70, 14.39, 14.39, -361.95, 20.00, 4.63, 13.33, 8.74, 0.00, 97.36, 0.00, 53.98, 61.72, 0, 0
2.00, 5.70, 15.03, 15.03, -254.24, 20.00, 4.63, 11.67, 7.16, 0.00, 61.12, 0.00, 66.24, 71.58, 0, 0
2.00, 5.70, 15.48, 15.48, -199.24, 20.00, 4.63, 10.00, 5.45, 0.00, 26.12, 0.00, 76.89, 82.36, 0, 0
2.00, 5.70, 13.98, 13.98, -552.29, 20.00, 4.63, 8.89, 4.36, 0.00, 4.59, 0.00, 0.00, 90.00, 0, 0
2.00, 5.70, 13.69, 13.69, -612.23, 20.00, 4.63, 7.78, 3.27, 0.00, 0.00, 0.00, 0.00, 90.00, 0, 0
2.00, 5.70, 13.49, 13.49, -651.40, 20.00, 4.63, 6.67, 2.18, 0.00, 0.00, 0.00, 0.00, 90.00, 0, 0
2.00, 5.70, 13.28, 13.28, -690.63, 20.00, 4.63, 5.56, 1.09, 0.00, 0.00, 0.00, 0.00, 90.00, 0, 0
2.00, 5.70, 13.06, 13.06, -731.27, 20.00, 4.63, 5.00, 0.37, 0.00, 0.00, 0.00, 0.00, 90.00, 0, 0
2.00, 5.70, 12.78, 12.78, -783.26, 20.00, 4.63, 3.89, -0.71, 0.00, 0.00, 0.00, 0.00, 90.00, 0, 0
2.00, 5.70, 12.48, 12.48, -835.09, 20.00, 4.63, 3.33, -1.31, 0.00, 0.00, 0.00, 0.00, 90.00, 0, 0
2.00, 5.70, 12.17, 12.17, -888.05, 20.00, 4.63, 2.78, -1.78, 0.00, 0.00, 0.00, 0.00, 90.00, 0, 0
2.00, 5.70, 11.83, 11.83, -941.99, 20.00, 4.63, 2.22, -2.38, 0.00, 0.00, 0.00, 0.00, 90.00, 0, 0
2.00, 5.70, 11.48, 11.48, -996.26, 20.00, 4.63, 1.67, -2.99, 0.00, 0.00, 0.00, 0.00, 90.00, 0, 0
2.00, 5.70, 11.13, 11.13, -1049.86, 20.00, 4.63, 1.11, -3.46, 0.00, 0.00, 0.00, 0.00, 90.00, 0, 0
2.00, 5.70, 10.76, 10.76, -1102.81, 20.00, 4.63, 0.56, -4.06, 0.00, 0.00, 0.00, 0.00, 90.00, 0, 0
2.00, 5.70, 10.57, 10.57, -1117.40, 20.00, 4.63, 1.11, -3.46, 0.00, 7.65, 0.00, 0.00, 90.00, 0, 0
2.00, 5.70, 10.75, 10.75, -1056.22, 20.00, 4.63, 2.22, -2.38, 66.05, 30.49, 35.00, -76.29, 81.12, 0, 0
2.00, 5.70, 11.66, 11.66, -850.21, 20.00, 4.63, 5.00, 0.49, 255.00, 68.68, 30.06, -65.54, 70.38, 0, 0
2.00, 5.70, 12.99, 12.99, -578.44, 20.00, 4.63, 7.78, 3.27, 488.35, 100.94, 31.14, -53.08, 60.60, 0, 0
2.00, 5.70, 14.50, 14.50, -294.91, 20.00, 4.63, 10.56, 5.94, 691.43, 125.80, 37.74, -37.99, 52.47, 0, 0
2.00, 5.70, 15.57, 15.57, -124.88, 20.00, 4.63, 13.33, 8.74, 703.40, 135.50, 47.56, -19.71, 46.96, 0, 0
2.00, 5.70, 16.18, 16.18, -59.92, 20.00, 4.63, 15.00, 10.33, 595.48, 135.02, 58.95, 0.97, 45.10, 0, 0
2.00, 5.70, 16.30, 16.30, -94.21, 20.00, 4.63, 16.11, 11.43, 364.42, 134.30, 71.06, 21.51, 47.33, 0, 0
2.00, 5.70, 16.00, 16.00, -207.36, 20.00, 4.63, 16.67, 12.06, 108.49, 117.50, 83.45, 39.50, 53.13, 0, 0
2.00, 5.70, 16.01, 16.01, -237.13, 20.00, 4.63, 16.67, 12.06, 0.00, 90.22, 0.00, 54.32, 61.44, 0, 0
2.00, 5.70, 16.81, 16.81, -97.41, 20.00, 4.63, 15.56, 10.95, 0.00, 61.93, 0.00, 66.58, 71.34, 0, 0
2.00, 5.70, 17.36, 17.36, -22.64, 20.00, 4.63, 13.89, 9.23, 0.00, 27.09, 0.00, 77.23, 82.14, 0, 0
2.00, 5.70, 15.84, 15.84, -386.47, 20.00, 4.63, 12.22, 7.65, 0.00, 6.12, 0.00, 0.00, 90.00, 0, 0
2.00, 5.70, 15.56, 15.56, -445.08, 20.00, 4.63, 11.11, 6.55, 0.00, 0.00, 0.00, 0.00, 90.00, 0, 0
2.00, 5.70, 15.40, 15.40, -479.33, 20.00, 4.63, 10.00, 5.45, 0.00, 0.00, 0.00, 0.00, 90.00, 0, 0
2.00, 5.70, 15.27, 15.27, -506.48, 20.00, 4.63, 9.44, 4.84, 0.00, 0.00, 0.00, 0.00, 90.00, 0, 0
2.00, 5.70, 15.08, 15.08, -545.29, 20.00, 4.63, 8.33, 3.75, 0.00, 0.00, 0.00, 0.00, 90.00, 0, 0
2.00, 5.70, 14.83, 14.83, -593.23, 20.00, 4.63, 7.22, 2.67, 0.00, 0.00, 0.00, 0.00, 90.00, 0, 0
2.00, 5.70, 14.54, 14.54, -647.46, 20.00, 4.63, 6.11, 1.58, 0.00, 0.00, 0.00, 0.00, 90.00, 0, 0
2.00, 5.70, 14.21, 14.21, -706.31, 20.00, 4.63, 5.00, 0.37, 0.00, 0.00, 0.00, 0.00, 90.00, 0, 0
2.00, 5.70, 13.85, 13.85, -768.00, 20.00, 4.63, 3.89, -0.71, 0.00, 0.00, 0.00, 0.00, 90.00, 0, 0
2.00, 5.70, 13.46, 13.46, -831.73, 20.00, 4.63, 2.78, -1.78, 0.00, 0.00, 0.00, 0.00, 90.00, 0, 0
2.00, 5.70, 13.08, 13.08, -890.46, 20.00, 4.63, 2.22, -2.38, 0.00, 0.00, 0.00, 0.00, 90.00, 0, 0
2.00, 5.70, 12.66, 12.66, -954.15, 20.00, 4.63, 1.11, -3.46, 0.00, 0.00, 0.00, 0.00, 90.00, 0, 0
2.00, 5.70, 12.35, 12.35, -991.59, 20.00, 4.63, 1.11, -3.46, 0.00, 6.12, 0.00, 0.00, 90.00, 0, 0
2.00, 5.70, 12.33, 12.33, -970.37, 20.00, 4.63, 2.22, -2.38, 16.35, 28.53, 35.31, -76.55, 80.81, 0, 0
2.00, 5.70, 12.69, 12.69, -872.03, 20.00, 4.63, 3.89, -0.71, 63.29, 68.78, 30.44, -65.78, 70.05, 0, 0
2.00, 5.70, 13.76, 13.76, -640.07, 20.00, 4.63, 6.11, 1.58, 283.07, 107.01, 31.54, -53.29, 60.25, 0, 0
2.00, 5.70, 15.11, 15.11, -372.30, 20.00, 4.63, 8.89, 4.36, 501.89, 134.88, 38.10, -38.15, 52.09, 0, 0
2.00, 5.70, 16.25, 16.25, -171.51, 20.00, 4.63, 11.67, 7.16, 562.23, 157.74, 47.88, -19.76, 46.56, 0, 0
2.00, 5.70, 16.72, 16.72, -122.52, 20.00, 4.63, 13.33, 8.74, 417.79, 164.89, 59.25, 1.07, 44.70, 0, 0
2.00, 5.70, 16.62, 16.62, -192.76, 20.00, 4.63, 13.89, 9.36, 194.75, 154.90, 71.34, 21.75, 46.97, 0, 0
2.00, 5.70, 16.36, 16.36, -280.28, 20.00, 4.63, 14.44, 9.85, 65.34, 128.31, 83.73, 39.81, 52.81, 0, 0
2.00, 5.70, 16.29, 16.29, -315.79, 20.00, 4.63, 14.44, 9.85, 0.00, 94.22, 0.00, 54.65, 61.17, 0, 0
2.00, 5.70, 16.80, 16.80, -226.28, 20.00, 4.63, 13.33, 8.88, 0.00, 60.88, 0.00, 66.93, 71.10, 0, 0
2.00, 5.70, 16.90, 16.90, -231.55, 20.00, 4.63, 11.67, 7.16, 0.00, 25.90, 0.00, 77.57, 81.92, 0, 0
2.00, 5.70, 15.69, 15.69, -508.02, 20.00, 4.63, 10.56, 6.19, 0.00, 6.12, 0.00, 0.00, 90.00, 0, 0
2.00, 5.70, 15.40, 15.40, -560.31, 20.00, 4.63, 10.00, 5.58, 0.00, 0.00, 0.00, 0.00, 90.00, 0, 0
2.00, 5.70, 15.22, 15.22, -588.61, 20.00, 4.63, 9.44, 5.09, 0.00, 0.00, 0.00, 0.00, 90.00, 0, 0
2.00, 5.70, 15.02, 15.02, -621.47, 20.00, 4.63, 8.33, 3.99, 0.00, 0.00, 0.00, 0.00, 90.00, 0, 0
2.00, 5.70, 14.81, 14.81, -655.23, 20.00, 4.63, 7.78, 3.39, 0.00, 0.00, 0.00, 0.00, 90.00, 0, 0
2.00, 5.70, 14.57, 14.57, -693.09, 20.00, 4.63, 7.22, 2.78, 0.00, 0.00, 0.00, 0.00, 90.00, 0, 0
2.00, 5.70, 14.32, 14.32, -733.58, 20.00, 4.63, 6.67, 2.30, 0.00, 0.00, 0.00, 0.00, 90.00, 0, 0
2.00, 5.70, 14.04, 14.04, -776.30, 20.00, 4.63, 6.11, 1.69, 0.00, 0.00, 0.00, 0.00, 90.00, 0, 0
2.00, 5.70, 13.75, 13.75, -820.28, 20.00, 4.63, 5.56, 1.09, 0.00, 0.00, 0.00, 0.00, 90.00, 0, 0
2.00, 5.70, 13.44, 13.44, -864.52, 20.00, 4.63, 5.00, 0.60, 0.00, 0.00, 0.00, 0.00, 90.00, 0, 0
2.00, 5.70, 13.16, 13.16, -902.11, 20.00, 4.63, 5.00, 0.60, 0.00, 0.00, 0.00, 0.00, 90.00, 0, 0
2.00, 5.70, 12.86, 12.86, -943.47, 20.00, 4.63, 4.44, 0.01, 0.00, 0.00, 0.00, 0.00, 90.00, 0, 0
2.00, 5.70, 12.57, 12.57, -979.13, 20.00, 4.63, 3.89, -0.37, 0.00, 1.53, 0.00, 0.00, 90.00, 0, 0
2.00, 5.70, 12.49, 12.49, -970.28, 20.00, 4.63, 5.00, 0.72, 0.00, 16.82, 35.63, -76.80, 80.49, 0, 0
2.00, 5.70, 12.74, 12.74, -897.12, 20.00, 4.63, 6.11, 1.81, 9.11, 55.39, 30.82, -66.02, 69.72, 0, 0
2.00, 5.70, 13.18, 13.18, -792.63, 20.00, 4.63, 7.78, 3.50, 22.29, 94.18, 31.94, -53.51, 59.89, 0, 0
2.00, 5.70, 14.01, 14.01, -618.75, 20.00, 4.63, 9.44, 5.20, 122.64, 132.18, 38.47, -38.31, 51.71, 0, 0
2.00, 5.70, 14.92, 14.92, -441.94, 20.00, 4.63, 11.67, 7.41, 195.40, 161.59, 48.21, -19.81, 46.16, 0, 0
2.00, 5.70, 15.41, 15.41, -370.58, 20.00, 4.63, 13.33, 9.00, 135.92, 168.73, 59.54, 1.17, 44.30, 0, 0
2.00, 5.70, 15.51, 15.51, -379.02, 20.00, 4.63, 13.89, 9.62, 51.71, 155.63, 71.63, 21.99, 46.60, 0, 0
2.00, 5.70, 15.53, 15.53, -401.59, 20.00, 4.63, 14.44, 10.11, 11.96, 134.08, 84.00, 40.13, 52.50, 0, 0
2.00, 5.70, 15.54, 15.54, -418.61, 20.00, 4.63, 14.44, 10.11, 0.00, 108.91, 0.00, 55.00, 60.90, 0, 0
2.00, 5.70, 15.79, 15.79, -381.11, 20.00, 4.63, 13.89, 9.62, 0.00, 70.83, 0.00, 67.27, 70.86, 0, 0
2.00, 5.70, 16.14, 16.14, -327.33, 20.00, 4.63, 12.78, 8.51, 0.00, 30.29, 0.00, 77.91, 81.71, 0, 0
2.00, 5.70, 15.04, 15.04, -578.56, 20.00, 4.63, 12.22, 8.01, 0.00, 6.12, 0.00, 0.00, 90.00, 0, 0
2.00, 5.70, 14.76, 14.76, -630.76, 20.00, 4.63, 11.11, 6.91, 0.00, 0.00, 0.00, 0.00, 90.00, 0, 0
2.00, 5.70, 14.59, 14.59, -656.83, 20.00, 4.63, 10.56, 6.41, 0.00, 0.00, 0.00, 0.00, 90.00, 0, 0
2.00, 5.70, 14.45, 14.45, -678.16, 20.00, 4.63, 10.00, 5.81, 0.00, 0.00, 0.00, 0.00, 90.00, 0, 0
2.00, 5.70, 14.29, 14.29, -701.73, 20.00, 4.63, 9.44, 5.20, 0.00, 0.00, 0.00, 0.00, 90.00, 0, 0
2.00, 5.70, 14.11, 14.11, -728.96, 20.00, 4.63, 8.89, 4.60, 0.00, 0.00, 0.00, 0.00, 90.00, 0, 0
2.00, 5.70, 13.91, 13.91, -758.58, 20.00, 4.63, 8.33, 4.11, 0.00, 0.00, 0.00, 0.00, 90.00, 0, 0
2.00, 5.70, 13.67, 13.67, -796.89, 20.00, 4.63, 7.22, 3.01, 0.00, 0.00, 0.00, 0.00, 90.00, 0, 0
2.00, 5.70, 13.43, 13.43, -832.88, 20.00, 4.63, 6.67, 2.41, 0.00, 0.00, 0.00, 0.00, 90.00, 0, 0
2.00, 5.70, 13.18, 13.18, -868.93, 20.00, 4.63, 6.11, 1.81, 0.00, 0.00, 0.00, 0.00, 90.00, 0, 0
2.00, 5.70, 12.92, 12.92, -905.09, 20.00, 4.63, 5.56, 1.32, 0.00, 0.00, 0.00, 0.00, 90.00, 0, 0
2.00, 5.70, 12.65, 12.65, -941.65, 20.00, 4.63, 5.00, 0.82, 0.00, 0.00, 0.00, 0.00, 90.00, 0, 0
2.00, 5.70, 12.53, 12.53, -945.56, 20.00, 4.63, 5.56, 1.32, 0.00, 7.65, 0.00, 0.00, 90.00, 0, 0
2.00, 5.70, 12.56, 12.56, -918.40, 20.00, 4.63, 6.67, 2.41, 3.21, 25.23, 35.95, -77.05, 80.17, 0, 0
2.00, 5.70, 12.72, 12.72, -871.04, 20.00, 4.63, 7.22, 3.01, 1.29, 51.60, 31.21, -66.27, 69.38, 0, 0
2.00, 5.70, 13.28, 13.28, -745.46, 20.00, 4.63, 8.89, 4.71, 40.51, 94.53, 32.35, -53.73, 59.53, 0, 0
2.00, 5.70, 14.26, 14.26, -542.96, 20.00, 4.63, 11.11, 6.91, 139.52, 141.54, 38.84, -38.48, 51.32, 0, 0
2.00, 5.70, 15.02, 15.02, -406.74, 20.00, 4.63, 12.78, 8.62, 151.93, 165.26, 48.54, -19.86, 45.76, 0, 0
2.00, 5.70, 15.75, 15.75, -286.70, 20.00, 4.63, 14.44, 10.23, 193.34, 170.45, 59.84, 1.28, 43.91, 0, 0
2.00, 5.70, 16.13, 16.13, -245.58, 20.00, 4.63, 15.56, 11.34, 138.11, 164.23, 71.91, 22.24, 46.24, 0, 0
2.00, 5.70, 16.05, 16.05, -299.07, 20.00, 4.63, 16.11, 11.83, 21.20, 136.62, 84.28, 40.46, 52.18, 0, 0
2.00, 5.70, 15.95, 15.95, -345.73, 20.00, 4.63, 15.56, 11.34, 0.00, 103.25, 0.00, 55.34, 60.63, 0, 0
2.00, 5.70, 16.05, 16.05, -343.74, 20.00, 4.63, 15.00, 10.72, 0.00, 67.66, 0.00, 67.62, 70.62, 0, 0
2.00, 5.70, 16.24, 16.24, -321.08, 20.00, 4.63, 13.89, 9.73, 0.00, 28.06, 0.00, 78.26, 81.49, 0, 0
2.00, 5.70, 15.38, 15.38, -520.77, 20.00, 4.63, 12.78, 8.62, 0.00, 7.65, 0.00, 0.00, 90.00, 0, 0
2.00, 5.70, 15.15, 15.15, -566.08, 20.00, 4.63, 12.22, 8.01, 0.00, 0.00, 0.00, 0.00, 90.00, 0, 0
2.00, 5.70, 14.98, 14.98, -596.65, 20.00, 4.63, 11.11, 6.91, 0.00, 0.00, 0.00, 0.00, 90.00, 0, 0
2.00, 5.70, 14.83, 14.83, -620.74, 20.00, 4.63, 10.56, 6.30, 0.00, 0.00, 0.00, 0.00, 90.00, 0, 0
2.00, 5.70, 14.68, 14.68, -646.31, 20.00, 4.63, 10.00, 5.81, 0.00, 0.00, 0.00, 0.00, 90.00, 0, 0
2.00, 5.70, 14.47, 14.47, -681.80, 20.00, 4.63, 8.89, 4.71, 0.00, 0.00, 0.00, 0.00, 90.00, 0, 0
2.00, 5.70, 14.26, 14.26, -716.04, 20.00, 4.63, 8.33, 4.11, 0.00, 0.00, 0.00, 0.00, 90.00, 0, 0
2.00, 5.70, 14.03, 14.03, -751.25, 20.00, 4.63, 7.78, 3.50, 0.00, 0.00, 0.00, 0.00, 90.00, 0, 0
2.00, 5.70, 13.76, 13.76, -794.04, 20.00, 4.63, 6.67, 2.41, 0.00, 0.00, 0.00, 0.00, 90.00, 0, 0
2.00, 5.70, 13.49, 13.49, -833.96, 20.00, 4.63, 6.11, 1.81, 0.00, 0.00, 0.00, 0.00, 90.00, 0, 0
2.00, 5.70, 13.19, 13.19, -880.11, 20.00, 4.63, 5.00, 0.72, 0.00, 0.00, 0.00, 0.00, 90.00, 0, 0
2.00, 5.70, 12.89, 12.89, -922.55, 20.00, 4.63, 4.44, 0.12, 0.00, 0.00, 0.00, 0.00, 90.00, 0, 0
2.00, 5.70, 12.72, 12.72, -936.33, 20.00, 4.63, 4.44, 0.12, 0.00, 7.65, 0.00, 0.00, 90.00, 0, 0
2.00, 5.70, 13.09, 13.09, -836.96, 20.00, 4.63, 6.11, 1.92, 103.11, 32.39, 36.27, -77.31, 79.85, 0, 0
2.00, 5.70, 13.78, 13.78, -684.96, 20.00, 4.63, 8.33, 4.11, 181.46, 72.57, 31.60, -66.51, 69.05, 0, 0
2.00, 5.70, 14.95, 14.95, -446.77, 20.00, 4.63, 11.11, 6.91, 361.47, 106.28, 32.75, -53.95, 59.17, 0, 0
2.00, 5.70, 16.24, 16.24, -204.40, 20.00, 4.63, 13.33, 9.12, 523.97, 130.39, 39.21, -38.64, 50.94, 0, 0
2.00, 5.70, 17.17, 17.17, -58.02, 20.00, 4.63, 15.56, 11.34, 497.86, 150.60, 48.87, -19.91, 45.35, 0, 0
2.00, 5.70, 17.87, 17.87, 34.35, 20.00, 4.63, 17.22, 12.95, 466.39, 149.60, 60.15, 1.39, 43.51, 0, 0
2.00, 5.70, 18.04, 18.04, 14.55, 20.00, 4.63, 18.33, 14.06, 311.52, 134.39, 72.20, 22.49, 45.88, 0, 0
2.00, 5.70, 17.82, 17.82, -79.44, 20.00, 4.63, 18.89, 14.68, 79.79, 119.82, 84.57, 40.78, 51.87, 0, 0
2.00, 5.70, 17.98, 17.98, -76.80, 20.00, 4.63, 18.33, 14.18, 0.00, 104.73, 0.00, 55.69, 60.36, 0, 0
2.00, 5.70, 18.01, 18.01, -99.69, 20.00, 4.63, 17.22, 13.06, 0.00, 66.61, 0.00, 67.97, 70.39, 0, 0
2.00, 5.70, 17.40, 17.40, -254.70, 20.00, 4.63, 15.56, 11.34, 0.00, 24.12, 0.00, 78.61, 81.27, 0, 0
2.00, 5.70, 17.03, 17.03, -338.80, 20.00, 4.63, 14.44, 10.34, 0.00, 4.59, 0.00, 0.00, 90.00, 0, 0
2.00, 5.70, 16.89, 16.89, -370.10, 20.00, 4.63, 13.89, 9.73, 0.00, 0.00, 0.00, 0.00, 90.00, 0, 0
2.00, 5.70, 16.80, 16.80, -389.87, 20.00, 4.63, 13.33, 9.23, 0.00, 0.00, 0.00, 0.00, 90.00, 0, 0
2.00, 5.70, 16.69, 16.69, -412.71, 20.00, 4.63, 12.78, 8.62, 0.00, 0.00, 0.00, 0.00, 90.00, 0, 0
2.00, 5.70, 16.55, 16.55, -440.82, 20.00, 4.63, 12.22, 8.12, 0.00, 0.00, 0.00, 0.00, 90.00, 0, 0
2.00, 5.70, 16.34, 16.34, -480.31, 20.00, 4.63, 11.11, 7.02, 0.00, 0.00, 0.00, 0.00, 90.00, 0, 0
2.00, 5.70, 16.16, 16.16, -512.28, 20.00, 4.63, 11.11, 6.91, 0.00, 0.00, 0.00, 0.00, 90.00, 0, 0
2.00, 5.70, 15.96, 15.96, -548.62, 20.00, 4.63, 10.56, 6.41, 0.00, 0.00, 0.00, 0.00, 90.00, 0, 0
2.00, 5.70, 15.73, 15.73, -586.52, 20.00, 4.63, 10.00, 5.91, 0.00, 0.00, 0.00, 0.00, 90.00, 0, 0
2.00, 5.70, 15.49, 15.49, -625.50, 20.00, 4.63, 9.44, 5.31, 0.00, 0.00, 0.00, 0.00, 90.00, 0, 0
2.00, 5.70, 15.24, 15.24, -664.56, 20.00, 4.63, 8.89, 4.81, 0.00, 0.00, 0.00, 0.00, 90.00, 0, 0
2.00, 5.70, 15.01, 15.01, -696.90, 20.00, 4.63, 8.89, 4.81, 0.00, 0.00, 0.00, 0.00, 90.00, 0, 0
2.00, 5.70, 14.85, 14.85, -714.74, 20.00, 4.63, 8.89, 4.81, 0.00, 6.12, 0.00, 0.00, 90.00, 0, 0
2.00, 5.70, 15.37, 15.37, -589.34, 20.00, 4.63, 11.11, 7.02, 118.52, 33.41, 36.59, -77.56, 79.53, 0, 0
2.00, 5.70, 16.16, 16.16, -423.20, 20.00, 4.63, 13.33, 9.33, 190.37, 77.19, 31.99, -66.76, 68.71, 0, 0
2.00, 5.70, 17.38, 17.38, -183.93, 20.00, 4.63, 16.11, 12.06, 333.04, 117.81, 33.16, -54.18, 58.81, 0, 0
2.00, 5.70, 17.89, 17.89, -113.53, 20.00, 4.63, 17.22, 13.17, 229.74, 136.84, 39.58, -38.80, 50.55, 0, 0
2.00, 5.70, 17.51, 17.51, -229.39, 20.00, 4.63, 17.22, 13.17, 33.45, 105.77, 49.20, -19.96, 44.95, 0, 0
2.00, 5.70, 17.65, 17.65, -219.28, 20.00, 4.63, 17.22, 13.17, 15.56, 114.15, 60.45, 1.51, 43.11, 0, 0
2.00, 5.70, 18.02, 18.02, -162.25, 20.00, 4.63, 17.78, 13.68, 18.04, 130.33, 72.49, 22.75, 45.51, 0, 0
2.00, 5.70, 18.40, 18.40, -104.81, 20.00, 4.63, 18.33, 14.29, 25.76, 137.03, 84.85, 41.12, 51.56, 0, 0
2.00, 5.70, 18.61, 18.61, -88.22, 20.00, 4.63, 18.33, 14.29, 0.00, 113.73, 0.00, 56.05, 60.10, 0, 0
2.00, 5.70, 18.27, 18.27, -184.78, 20.00, 4.63, 17.22, 13.17, 0.00, 53.55, 0.00, 68.32, 70.15, 0, 0
2.00, 5.70, 17.78, 17.78, -301.14, 20.00, 4.63, 16.11, 12.06, 0.00, 16.82, 0.00, 78.96, 81.06, 0, 0
2.00, 5.70, 17.50, 17.50, -358.88, 20.00, 4.63, 15.00, 11.05, 0.00, 4.59, 0.00, 0.00, 90.00, 0, 0
2.00, 5.70, 17.33, 17.33, -392.37, 20.00, 4.63, 14.44, 10.44, 0.00, 0.00, 0.00, 0.00, 90.00, 0, 0
2.00, 5.70, 17.20, 17.20, -415.26, 20.00, 4.63, 13.89, 9.83, 0.00, 0.00, 0.00, 0.00, 90.00, 0, 0
2.00, 5.70, 17.03, 17.03, -445.28, 20.00, 4.63, 12.78, 8.82, 0.00, 0.00, 0.00, 0.00, 90.00, 0, 0
2.00, 5.70, 16.86, 16.86, -474.69, 20.00, 4.63, 12.22, 8.22, 0.00, 0.00, 0.00, 0.00, 90.00, 0, 0
2.00, 5.70, 16.67, 16.67, -506.14, 20.00, 4.63, 11.67, 7.62, 0.00, 0.00, 0.00, 0.00, 90.00, 0, 0
2.00, 5.70, 16.43, 16.43, -545.70, 20.00, 4.63, 10.56, 6.51, 0.00, 0.00, 0.00, 0.00, 90.00, 0, 0
2.00, 5.70, 16.20, 16.20, -582.80, 20.00, 4.63, 10.00, 5.91, 0.00, 0.00, 0.00, 0.00, 90.00, 0, 0
2.00, 5.70, 15.95, 15.95, -619.70, 20.00, 4.63, 9.44, 5.41, 0.00, 0.00, 0.00, 0.00, 90.00, 0, 0
2.00, 5.70, 15.70, 15.70, -657.11, 20.00, 4.63, 8.89, 4.81, 0.00, 0.00, 0.00, 0.00, 90.00, 0, 0
2.00, 5.70, 15.43, 15.43, -695.14, 20.00, 4.63, 8.33, 4.21, 0.00, 0.00, 0.00, 0.00, 90.00, 0, 0
2.00, 5.70, 15.16, 15.16, -733.32, 20.00, 4.63, 7.78, 3.71, 0.00, 0.00, 0.00, 0.00, 90.00, 0, 0
2.00, 5.70, 15.07, 15.07, -732.01, 20.00, 4.63, 8.33, 4.31, 0.00, 13.76, 0.00, 0.00, 90.00, 0, 0
2.00, 5.70, 15.58, 15.58, -607.16, 20.00, 4.63, 10.00, 6.01, 125.82, 39.33, 36.91, -77.81, 79.21, 0, 0
2.00, 5.70, 16.66, 16.66, -377.80, 20.00, 4.63, 12.78, 8.82, 318.87, 75.20, 32.38, -67.00, 68.37, 0, 0
2.00, 5.70, 18.18, 18.18, -78.86, 20.00, 4.63, 15.56, 11.55, 577.83, 102.91, 33.56, -54.40, 58.45, 0, 0
2.00, 5.70, 19.79, 19.79, 212.45, 20.00, 4.63, 18.33, 14.29, 752.81, 130.27, 39.95, -38.97, 50.16, 0, 0
2.00, 5.70, 20.78, 20.78, 353.55, 20.00, 4.63, 20.00, 16.02, 704.67, 142.30, 49.54, -20.01, 44.54, 0, 0
2.00, 5.70, 21.36, 21.36, 404.71, 20.00, 4.63, 21.67, 17.65, 571.72, 141.94, 60.76, 1.63, 42.71, 0, 0
2.00, 5.70, 21.48, 21.48, 364.40, 20.00, 4.63, 22.78, 18.77, 345.59, 136.71, 72.78, 23.02, 45.15, 0, 0
2.00, 5.70, 21.15, 21.15, 240.00, 20.00, 4.63, 22.78, 18.77, 79.24, 120.16, 85.13, 41.46, 51.24, 0, 0
2.00, 5.70, 21.43, 21.43, 263.91, 20.00, 4.63, 22.78, 18.77, 0.00, 101.38, 0.00, 56.41, 59.83, 0, 0
2.00, 5.70, 22.10, 22.10, 367.81, 20.00, 4.63, 22.22, 18.26, 0.00, 72.77, 0.00, 68.68, 69.92, 0, 0
2.00, 5.70, 21.72, 21.72, 242.96, 20.00, 4.63, 20.56, 16.53, 0.00, 24.40, 0.00, 79.31, 80.85, 0, 0
2.00, 5.70, 20.89, 20.89, 40.38, 20.00, 4.63, 19.44, 15.51, 0.00, 1.53, 0.00, 0.00, 90.00, 0, 0
2.00, 5.70, 20.76, 20.76, 6.13, 20.00, 4.63, 18.89, 14.90, 0.00, 0.00, 0.00, 0.00, 90.00, 0, 0
2.00, 5.70, 20.69, 20.69, -13.95, 20.00, 4.63, 18.33, 14.39, 0.00, 0.00, 0.00, 0.00, 90.00, 0, 0
2.00, 5.70, 20.61, 20.61, -35.21, 20.00, 4.63, 17.78, 13.88, 0.00, 0.00, 0.00, 0.00, 90.00, 0, 0
2.00, 5.70, 20.50, 20.50, -62.97, 20.00, 4.63, 17.22, 13.27, 0.00, 0.00, 0.00, 0.00, 90.00, 0, 0
2.00, 5.70, 20.36, 20.36, -96.20, 20.00, 4.63, 16.67, 12.76, 0.00, 0.00, 0.00, 0.00, 90.00, 0, 0
2.00, 5.70, 20.18, 20.18, -133.08, 20.00, 4.63, 16.11, 12.16, 0.00, 0.00, 0.00, 0.00, 90.00, 0, 0
2.00, 5.70, 19.96, 19.96, -178.81, 20.00, 4.63, 15.00, 11.05, 0.00, 0.00, 0.00, 0.00, 90.00, 0, 0
2.00, 5.70, 19.73, 19.73, -221.96, 20.00, 4.63, 14.44, 10.44, 0.00, 0.00, 0.00, 0.00, 90.00, 0, 0
2.00, 5.70, 19.46, 19.46, -271.27, 20.00, 4.63, 13.33, 9.33, 0.00, 0.00, 0.00, 0.00, 90.00, 0, 0
2.00, 5.70, 19.19, 19.19, -316.36, 20.00, 4.63, 12.78, 8.82, 0.00, 0.00, 0.00, 0.00, 90.00, 0, 0
2.00, 5.70, 18.89, 18.89, -367.12, 20.00, 4.63, 11.67, 7.72, 0.00, 0.00, 0.00, 0.00, 90.00, 0, 0
2.00, 5.70, 18.76, 18.76, -376.73, 20.00, 4.63, 12.22, 8.32, 0.00, 12.23, 0.00, 0.00, 90.00, 0, 0
2.00, 5.70, 19.27, 19.27, -256.29, 20.00, 4.63, 13.89, 10.03, 126.03, 39.42, 37.23, -78.07, 78.88, 0, 0
2.00, 5.70, 19.79, 19.79, -147.78, 20.00, 4.63, 15.56, 11.65, 131.69, 80.03, 32.77, -67.25, 68.03, 0, 0
2.00, 5.70, 20.26, 20.26, -61.81, 20.00, 4.63, 17.22, 13.27, 92.51, 112.89, 33.97, -54.62, 58.09, 0, 0
2.00, 5.70, 20.81, 20.81, 37.49, 20.00, 4.63, 18.33, 14.39, 93.22, 141.63, 40.33, -39.14, 49.77, 0, 0
2.00, 5.70, 21.16, 21.16, 85.12, 20.00, 4.63, 18.89, 14.90, 60.02, 152.41, 49.87, -20.06, 44.13, 0, 0
2.00, 5.70, 21.77, 21.77, 186.76, 20.00, 4.63, 20.00, 16.02, 99.20, 169.30, 61.07, 1.75, 42.31, 0, 0
2.00, 5.70, 21.60, 21.60, 118.33, 20.00, 4.63, 20.00, 16.02, 41.34, 123.19, 73.07, 23.29, 44.79, 0, 0
2.00, 5.70, 20.90, 20.90, -49.55, 20.00, 4.63, 18.89, 14.90, 0.42, 45.99, 85.42, 41.80, 50.93, 0, 0
2.00, 5.70, 20.53, 20.53, -130.05, 20.00, 4.63, 17.78, 13.78, 0.00, 26.00, 0.00, 56.77, 59.57, 0, 0
2.00, 5.70, 20.58, 20.58, -114.68, 20.00, 4.63, 17.22, 13.17, 0.00, 40.78, 0.00, 69.04, 69.69, 0, 0
2.00, 5.70, 20.48, 20.48, -136.16, 20.00, 4.63, 16.11, 12.16, 0.00, 22.78, 0.00, 79.66, 80.63, 0, 0
2.00, 5.70, 19.97, 19.97, -240.86, 20.00, 4.63, 15.56, 11.55, 0.00, 0.00, 0.00, 0.00, 90.00, 0, 0
2.00, 5.70, 19.75, 19.75, -276.64, 20.00, 4.63, 15.00, 11.05, 0.00, 0.00, 0.00, 0.00, 90.00, 0, 0
2.00, 5.70, 19.54, 19.54, -308.35, 20.00, 4.63, 14.44, 10.44, 0.00, 0.00, 0.00, 0.00, 90.00, 0, 0
2.00, 5.70, 19.32, 19.32, -339.71, 20.00, 4.63, 13.89, 9.83, 0.00, 0.00, 0.00, 0.00, 90.00, 0, 0
2.00, 5.70, 19.06, 19.06, -379.46, 20.00, 4.63, 12.78, 8.73, 0.00, 0.00, 0.00, 0.00, 90.00, 0, 0
2.00, 5.70, 18.81, 18.81, -416.79, 20.00, 4.63, 12.22, 8.22, 0.00, 0.00, 0.00, 0.00, 90.00, 0, 0
2.00, 5.70, 18.54, 18.54, -454.02, 20.00, 4.63, 11.67, 7.62, 0.00, 0.00, 0.00, 0.00, 90.00, 0, 0
2.00, 5.70, 18.24, 18.24, -498.17, 20.00, 4.63, 10.56, 6.51, 0.00, 0.00, 0.00, 0.00, 90.00, 0, 0
2.00, 5.70, 17.91, 17.91, -545.81, 20.00, 4.63, 9.44, 5.31, 0.00, 0.00, 0.00, 0.00, 90.00, 0, 0
2.00, 5.70, 17.56, 17.56, -595.45, 20.00, 4.63, 8.33, 4.21, 0.00, 0.00, 0.00, 0.00, 90.00, 0, 0
2.00, 5.70, 17.19, 17.19, -646.69, 20.00, 4.63, 7.22, 3.11, 0.00, 0.00, 0.00, 0.00, 90.00, 0, 0
2.00, 5.70, 16.80, 16.80, -699.52, 20.00, 4.63, 6.11, 2.02, 0.00, 0.00, 0.00, 0.00, 90.00, 0, 0
2.00, 5.70, 16.68, 16.68, -692.66, 20.00, 4.63, 7.22, 3.11, 0.00, 18.35, 0.00, -90.00, 89.84, 0, 0
2.00, 5.70, 17.29, 17.29, -538.60, 20.00, 4.63, 9.44, 5.31, 185.48, 38.92, 37.56, -78.32, 78.56, 0, 0
2.00, 5.70, 18.22, 18.22, -336.48, 20.00, 4.63, 12.22, 8.12, 333.20, 73.09, 33.16, -67.49, 67.69, 0, 0
2.00, 5.70, 19.56, 19.56, -65.59, 20.00, 4.63, 15.00, 10.95, 548.52, 102.56, 34.38, -54.85, 57.73, 0, 0
2.00, 5.70, 20.94, 20.94, 188.16, 20.00, 4.63, 17.78, 13.68, 689.28, 126.26, 40.71, -39.30, 49.39, 0, 0
2.00, 5.70, 21.72, 21.72, 297.19, 20.00, 4.63, 19.44, 15.30, 593.28, 143.78, 50.21, -20.11, 43.72, 0, 0
2.00, 5.70, 22.25, 22.25, 352.49, 20.00, 4.63, 21.11, 16.92, 482.07, 147.83, 61.38, 1.87, 41.91, 0, 0
2.00, 5.70, 22.33, 22.33, 317.15, 20.00, 4.63, 22.22, 18.04, 283.58, 141.22, 73.36, 23.56, 44.43, 0, 0
2.00, 5.70, 22.08, 22.08, 221.92, 20.00, 4.63, 22.22, 18.04, 56.38, 131.27, 85.71, 42.14, 50.62, 0, 0
2.00, 5.70, 22.26, 22.26, 231.28, 20.00, 4.63, 21.67, 17.42, 0.00, 111.30, 0.00, 57.13, 59.30, 0, 0
2.00, 5.70, 22.65, 22.65, 284.69, 20.00, 4.63, 20.56, 16.30, 0.00, 69.96, 0.00, 69.40, 69.46, 0, 0
2.00, 5.70, 23.13, 23.13, 355.58, 20.00, 4.63, 18.89, 14.68, 0.00, 29.25, 0.00, 80.02, 80.42, 0, 0
2.00, 5.70, 21.70, 21.70, 18.93, 20.00, 4.63, 17.22, 13.06, 0.00, 10.71, 0.00, 0.00, 90.00, 0, 0
2.00, 5.70, 21.34, 21.34, -52.72, 20.00, 4.63, 16.11, 11.95, 0.00, 0.00, 0.00, 0.00, 90.00, 0, 0
2.00, 5.70, 21.11, 21.11, -95.43, 20.00, 4.63, 15.00, 10.84, 0.00, 0.00, 0.00, 0.00, 90.00, 0, 0
2.00, 5.70, 20.88, 20.88, -136.27, 20.00, 4.63, 13.89, 9.73, 0.00, 0.00, 0.00, 0.00, 90.00, 0, 0
2.00, 5.70, 20.61, 20.61, -183.12, 20.00, 4.63, 12.78, 8.51, 0.00, 0.00, 0.00, 0.00, 90.00, 0, 0
2.00, 5.70, 20.30, 20.30, -236.35, 20.00, 4.63, 11.67, 7.41, 0.00, 0.00, 0.00, 0.00, 90.00, 0, 0
2.00, 5.70, 19.96, 19.96, -294.29, 20.00, 4.63, 10.56, 6.30, 0.00, 0.00, 0.00, 0.00, 90.00, 0, 0
2.00, 5.70, 19.58, 19.58, -355.74, 20.00, 4.63, 9.44, 5.20, 0.00, 0.00, 0.00, 0.00, 90.00, 0, 0
2.00, 5.70, 19.17, 19.17, -420.03, 20.00, 4.63, 8.33, 3.99, 0.00, 0.00, 0.00, 0.00, 90.00, 0, 0
2.00, 5.70, 18.74, 18.74, -486.00, 20.00, 4.63, 7.22, 2.90, 0.00, 0.00, 0.00, 0.00, 90.00, 0, 0
2.00, 5.70, 18.26, 18.26, -559.74, 20.00, 4.63, 5.56, 1.32, 0.00, 0.00, 0.00, 0.00, 90.00, 0, 0
2.00, 5.70, 17.77, 17.77, -630.86, 20.00, 4.63, 4.44, 0.12, 0.00, 0.00, 0.00, 0.00, 90.00, 0, 0
2.00, 5.70, 17.38, 17.38, -676.72, 20.00, 4.63, 4.44, 0.12, 0.00, 6.12, 0.00, -90.00, 89.52, 0, 0
2.00, 5.70, 17.33, 17.33, -651.56, 20.00, 4.63, 5.56, 1.21, 15.79, 33.42, 37.89, -78.58, 78.23, 0, 0
2.00, 5.70, 17.57, 17.57, -572.48, 20.00, 4.63, 7.22, 2.90, 33.22, 73.53, 33.55, -67.74, 67.35, 0, 0
2.00, 5.70, 18.37, 18.37, -388.43, 20.00, 4.63, 9.44, 5.20, 162.61, 118.02, 34.79, -55.08, 57.36, 0, 0
2.00, 5.70, 19.44, 19.44, -164.90, 20.00, 4.63, 11.67, 7.41, 325.40, 151.84, 41.08, -39.47, 49.00, 0, 0
2.00, 5.70, 19.72, 19.72, -128.75, 20.00, 4.63, 12.78, 8.51, 196.09, 166.65, 50.55, -20.15, 43.31, 0, 0
2.00, 5.70, 19.61, 19.61, -171.93, 20.00, 4.63, 13.33, 9.12, 67.32, 157.91, 61.69, 2.00, 41.50, 0, 0
2.00, 5.70, 19.87, 19.87, -127.86, 20.00, 4.63, 14.44, 10.23, 98.51, 158.18, 73.66, 23.84, 44.07, 0, 0
2.00, 5.70, 19.68, 19.68, -182.01, 20.00, 4.63, 14.44, 10.23, 16.96, 134.46, 86.00, 42.50, 50.32, 0, 0
2.00, 5.70, 19.06, 19.06, -317.47, 20.00, 4.63, 13.33, 9.12, 0.00, 64.16, 0.00, 57.50, 59.04, 0, 0
2.00, 5.70, 18.35, 18.35, -458.02, 20.00, 4.63, 11.67, 7.52, 0.00, 16.82, 0.00, 69.76, 69.23, 0, 0
2.00, 5.70, 18.15, 18.15, -479.66, 20.00, 4.63, 10.56, 6.41, 0.00, 14.72, 0.00, 80.38, 80.21, 0, 0
2.00, 5.70, 17.74, 17.74, -545.82, 20.00, 4.63, 10.00, 5.91, 0.00, 10.71, 0.00, 0.00, 90.00, 0, 0
2.00, 5.70, 17.42, 17.42, -589.53, 20.00, 4.63, 10.00, 5.91, 0.00, 0.00, 0.00, 0.00, 90.00, 0, 0
2.00, 5.70, 17.15, 17.15, -621.20, 20.00, 4.63, 9.44, 5.41, 0.00, 0.00, 0.00, 0.00, 90.00, 0, 0
2.00, 5.70, 16.91, 16.91, -647.13, 20.00, 4.63, 9.44, 5.41, 0.00, 0.00, 0.00, 0.00, 90.00, 0, 0
2.00, 5.70, 16.67, 16.67, -672.59, 20.00, 4.63, 9.44, 5.31, 0.00, 0.00, 0.00, 0.00, 90.00, 0, 0
2.00, 5.70, 16.40, 16.40, -704.37, 20.00, 4.63, 8.89, 4.81, 0.00, 0.00, 0.00, 0.00, 90.00, 0, 0
2.00, 5.70, 16.14, 16.14, -731.42, 20.00, 4.63, 8.89, 4.81, 0.00, 0.00, 0.00, 0.00, 90.00, 0, 0
2.00, 5.70, 15.90, 15.90, -756.59, 20.00, 4.63, 8.89, 4.71, 0.00, 0.00, 0.00, 0.00, 90.00, 0, 0
2.00, 5.70, 15.66, 15.66, -779.93, 20.00, 4.63, 8.89, 4.71, 0.00, 0.00, 0.00, 0.00, 90.00, 0, 0
2.00, 5.70, 15.43, 15.43, -801.43, 20.00, 4.63, 8.89, 4.81, 0.00, 0.00, 0.00, 0.00, 90.00, 0, 0
2.00, 5.70, 15.18, 15.18, -828.07, 20.00, 4.63, 8.33, 4.31, 0.00, 0.00, 0.00, 0.00, 90.00, 0, 0
2.00, 5.70, 14.94, 14.94, -849.40, 20.00, 4.63, 8.33, 4.31, 0.00, 0.00, 0.00, 0.00, 90.00, 0, 0
2.00, 5.70, 14.77, 14.77, -858.55, 20.00, 4.63, 8.89, 4.91, 0.00, 1.53, 0.00, -90.00, 89.20, 0, 0
2.00, 5.70, 14.62, 14.62, -863.39, 20.00, 4.63, 8.89, 4.91, 0.00, 6.12, 38.21, -78.83, 77.90, 0, 0
2.00, 5.70, 14.65, 14.65, -833.33, 20.00, 4.63, 9.44, 5.51, 0.00, 24.47, 33.95, -67.99, 67.01, 0, 0
2.00, 5.70, 14.89, 14.89, -762.31, 20.00, 4.63, 10.56, 6.61, 0.00, 55.06, 35.20, -55.30, 57.00, 0, 0
2.00, 5.70, 14.89, 14.89, -750.51, 20.00, 4.63, 11.11, 7.21, 0.00, 48.94, 41.46, -39.64, 48.60, 0, 0
2.00, 5.70, 14.67, 14.67, -784.57, 20.00, 4.63, 11.11, 7.21, 0.00, 26.00, 50.89, -20.20, 42.90, 0, 0
2.00, 5.70, 14.70, 14.70, -765.10, 20.00, 4.63, 11.11, 7.21, 0.00, 38.23, 62.00, 2.14, 41.10, 0, 0
2.00, 5.70, 14.87, 14.87, -716.19, 20.00, 4.63, 11.11, 7.21, 0.00, 61.17, 73.96, 24.12, 43.71, 0, 0
2.00, 5.70, 15.21, 15.21, -637.36, 20.00, 4.63, 11.67, 7.81, 0.99, 90.49, 86.29, 42.85, 50.01, 0, 0
2.00, 5.70, 15.47, 15.47, -583.35, 20.00, 4.63, 12.22, 8.41, 0.00, 96.94, 0.00, 57.87, 58.78, 0, 0
2.00, 5.70, 15.44, 15.44, -593.31, 20.00, 4.63, 12.78, 8.92, 0.00, 64.63, 0.00, 70.13, 69.00, 0, 0
2.00, 5.70, 15.16, 15.16, -653.17, 20.00, 4.63, 12.22, 8.41, 0.00, 28.25, 0.00, 80.73, 80.00, 0, 0
2.00, 5.70, 14.83, 14.83, -717.37, 20.00, 4.63, 12.22, 8.41, 0.00, 7.65, 0.00, 0.00, 90.00, 0, 0
2.00, 5.70, 14.65, 14.65, -741.67, 20.00, 4.63, 12.22, 8.41, 0.00, 0.00, 0.00, 0.00, 90.00, 0, 0
2.00, 5.70, 14.52, 14.52, -754.77, 20.00, 4.63, 11.67, 7.89, 0.00, 0.00, 0.00, 0.00, 90.00, 0, 0
2.00, 5.70, 14.43, 14.43, -760.85, 20.00, 4.63, 11.67, 7.89, 0.00, 0.00, 0.00, 0.00, 90.00, 0, 0
2.00, 5.70, 14.34, 14.34, -765.86, 20.00, 4.63, 11.67, 7.89, 0.00, 0.00, 0.00, 0.00, 90.00, 0, 0
2.00, 5.70, 14.26, 14.26, -771.14, 20.00, 4.63, 11.67, 7.89, 0.00, 0.00, 0.00, 0.00, 90.00, 0, 0
2.00, 5.70, 14.17, 14.17, -776.47, 20.00, 4.63, 11.67, 7.89, 0.00, 0.00, 0.00, 0.00, 90.00, 0, 0
2.00, 5.70, 14.09, 14.09, -781.83, 20.00, 4.63, 11.67, 7.89, 0.00, 0.00, 0.00, 0.00, 90.00, 0, 0
2.00, 5.70, 14.01, 14.01, -787.08, 20.00, 4.63, 11.67, 7.89, 0.00, 0.00, 0.00, 0.00, 90.00, 0, 0
2.00, 5.70, 13.93, 13.93, -792.11, 20.00, 4.63, 11.67, 7.89, 0.00, 0.00, 0.00, 0.00, 90.00, 0, 0
2.00, 5.70, 13.85, 13.85, -796.86, 20.00, 4.63, 11.67, 7.89, 0.00, 0.00, 0.00, 0.00, 90.00, 0, 0
2.00, 5.70, 13.78, 13.78, -801.06, 20.00, 4.63, 11.67, 7.98, 0.00, 0.00, 0.00, 0.00, 90.00, 0, 0
2.00, 5.70, 13.82, 13.82, -780.91, 20.00, 4.63, 12.22, 8.57, 0.00, 9.18, 0.00, -90.00, 88.88, 0, 0
2.00, 5.70, 14.16, 14.16, -701.00, 20.00, 4.63, 13.33, 9.69, 13.97, 38.23, 38.54, -79.08, 77.58, 0, 0
2.00, 5.70, 14.59, 14.59, -611.14, 20.00, 4.63, 15.00, 11.32, 10.38, 64.82, 34.34, -68.24, 66.67, 0, 0
2.00, 5.70, 14.88, 14.88, -557.59, 20.00, 4.63, 15.56, 11.83, 3.44, 73.70, 35.61, -55.53, 56.64, 0, 0
2.00, 5.70, 15.22, 15.22, -497.94, 20.00, 4.63, 16.11, 12.35, 4.17, 85.67, 41.85, -39.81, 48.21, 0, 0
2.00, 5.70, 16.14, 16.14, -319.48, 20.00, 4.63, 17.22, 13.46, 59.88, 138.67, 51.24, -20.25, 42.49, 0, 0
2.00, 5.70, 16.26, 16.26, -324.41, 20.00, 4.63, 17.22, 13.46, 30.77, 109.06, 62.32, 2.27, 40.70, 0, 0
2.00, 5.70, 16.15, 16.15, -372.91, 20.00, 4.63, 17.22, 13.46, 0.86, 74.12, 74.25, 24.41, 43.35, 0, 0
2.00, 5.70, 16.22, 16.22, -374.07, 20.00, 4.63, 17.22, 13.37, 0.00, 67.29, 86.58, 43.21, 49.70, 0, 0
2.00, 5.70, 16.09, 16.09, -416.24, 20.00, 4.63, 16.67, 12.86, 0.00, 39.76, 0.00, 58.24, 58.52, 0, 0
2.00, 5.70, 15.91, 15.91, -462.11, 20.00, 4.63, 16.11, 12.25, 0.00, 16.82, 0.00, 70.50, 68.77, 0, 0
2.00, 5.70, 15.77, 15.77, -495.47, 20.00, 4.63, 15.56, 11.74, 0.00, 4.59, 0.00, 81.09, 79.79, 0, 0
2.00, 5.70, 15.67, 15.67, -516.83, 20.00, 4.63, 15.00, 11.14, 0.00, 0.00, 0.00, 0.00, 90.00, 0, 0
2.00, 5.70, 15.61, 15.61, -530.55, 20.00, 4.63, 14.44, 10.63, 0.00, 0.00, 0.00, 0.00, 90.00, 0, 0
2.00, 5.70, 15.53, 15.53, -545.15, 20.00, 4.63, 13.89, 10.03, 0.00, 0.00, 0.00, 0.00, 90.00, 0, 0
2.00, 5.70, 15.44, 15.44, -561.46, 20.00, 4.63, 13.33, 9.52, 0.00, 0.00, 0.00, 0.00, 90.00, 0, 0
2.00, 5.70, 15.37, 15.37, -573.91, 20.00, 4.63, 13.33, 9.43, 0.00, 0.00, 0.00, 0.00, 90.00, 0, 0
2.00, 5.70, 15.26, 15.26, -592.70, 20.00, 4.63, 12.78, 8.82, 0.00, 0.00, 0.00, 0.00, 90.00, 0, 0
2.00, 5.70, 15.10, 15.10, -620.69, 20.00, 4.63, 11.67, 7.72, 0.00, 0.00, 0.00, 0.00, 90.00, 0, 0
2.00, 5.70, 14.91, 14.91, -653.15, 20.00, 4.63, 10.56, 6.61, 0.00, 0.00, 0.00, 0.00, 90.00, 0, 0
2.00, 5.70, 14.70, 14.70, -688.59, 20.00, 4.63, 9.44, 5.51, 0.00, 0.00, 0.00, 0.00, 90.00, 0, 0
2.00, 5.70, 14.50, 14.50, -719.95, 20.00, 4.63, 8.89, 4.91, 0.00, 0.00, 0.00, 0.00, 90.00, 0, 0
2.00, 5.70, 14.25, 14.25, -757.91, 20.00, 4.63, 7.78, 3.71, 0.00, 0.00, 0.00, 0.00, 90.00, 0, 0
2.00, 5.70, 13.98, 13.98, -799.34, 20.00, 4.63, 6.67, 2.61, 0.00, 0.00, 0.00, 0.00, 90.00, 0, 0
2.00, 5.70, 13.91, 13.91, -797.68, 20.00, 4.63, 7.22, 3.11, 0.00, 13.76, 0.00, -90.00, 88.55, 0, 0
2.00, 5.70, 14.19, 14.19, -722.65, 20.00, 4.63, 8.89, 4.81, 33.44, 42.12, 38.87, -79.34, 77.25, 0, 0
2.00, 5.70, 15.07, 15.07, -532.50, 20.00, 4.63, 11.67, 7.62, 144.40, 88.02, 34.73, -68.49, 66.33, 0, 0
2.00, 5.70, 15.62, 15.62, -431.25, 20.00, 4.63, 13.33, 9.33, 126.05, 111.38, 36.02, -55.76, 56.27, 0, 0
2.00, 5.70, 16.05, 16.05, -362.13, 20.00, 4.63, 14.44, 10.34, 68.17, 135.70, 42.23, -39.99, 47.82, 0, 0
2.00, 5.70, 16.62, 16.62, -266.04, 20.00, 4.63, 15.56, 11.45, 68.62, 158.80, 51.58, -20.29, 42.08, 0, 0
2.00, 5.70, 17.43, 17.43, -126.63, 20.00, 4.63, 16.67, 12.56, 143.55, 176.72, 62.64, 2.41, 40.30, 0, 0
2.00, 5.70, 17.85, 17.85, -77.69, 20.00, 4.63, 17.78, 13.68, 86.54, 175.37, 74.55, 24.71, 42.99, 0, 0
2.00, 5.70, 17.92, 17.92, -102.56, 20.00, 4.63, 18.33, 14.18, 12.92, 150.79, 86.87, 43.58, 49.40, 0, 0
2.00, 5.70, 18.12, 18.12, -90.77, 20.00, 4.63, 18.33, 14.18, 0.00, 113.58, 0.00, 58.62, 58.26, 0, 0
2.00, 5.70, 18.85, 18.85, 31.34, 20.00, 4.63, 17.78, 13.68, 0.00, 73.77, 0.00, 70.87, 68.55, 0, 0
2.00, 5.70, 18.73, 18.73, -33.21, 20.00, 4.63, 16.67, 12.56, 0.00, 32.31, 0.00, 81.45, 79.58, 0, 0
2.00, 5.70, 17.63, 17.63, -291.94, 20.00, 4.63, 15.00, 10.95, 0.00, 7.65, 0.00, 0.00, 90.00, 0, 0
2.00, 5.70, 17.33, 17.33, -354.07, 20.00, 4.63, 13.89, 9.83, 0.00, 0.00, 0.00, 0.00, 90.00, 0, 0
2.00, 5.70, 17.17, 17.17, -384.28, 20.00, 4.63, 13.33, 9.23, 0.00, 0.00, 0.00, 0.00, 90.00, 0, 0
2.00, 5.70, 17.00, 17.00, -416.28, 20.00, 4.63, 12.22, 8.01, 0.00, 0.00, 0.00, 0.00, 90.00, 0, 0
2.00, 5.70, 16.79, 16.79, -453.79, 20.00, 4.63, 11.11, 6.91, 0.00, 0.00, 0.00, 0.00, 90.00, 0, 0
2.00, 5.70, 16.55, 16.55, -497.23, 20.00, 4.63, 10.00, 5.81, 0.00, 0.00, 0.00, 0.00, 90.00, 0, 0
2.00, 5.70, 16.28, 16.28, -545.03, 20.00, 4.63, 8.89, 4.71, 0.00, 0.00, 0.00, 0.00, 90.00, 0, 0
2.00, 5.70, 16.00, 16.00, -589.79, 20.00, 4.63, 8.33, 4.11, 0.00, 0.00, 0.00, 0.00, 90.00, 0, 0
2.00, 5.70, 15.69, 15.69, -641.22, 20.00, 4.63, 7.22, 3.01, 0.00, 0.00, 0.00, 0.00, 90.00, 0, 0
2.00, 5.70, 15.34, 15.34, -695.96, 20.00, 4.63, 6.11, 1.92, 0.00, 0.00, 0.00, 0.00, 90.00, 0, 0
2.00, 5.70, 15.00, 15.00, -746.39, 20.00, 4.63, 5.56, 1.32, 0.00, 0.00, 0.00, 0.00, 90.00, 0, 0
2.00, 5.70, 14.63, 14.63, -802.23, 20.00, 4.63, 4.44, 0.23, 0.00, 0.00, 0.00, 0.00, 90.00, 0, 0
2.00, 5.70, 14.61, 14.61, -780.70, 20.00, 4.63, 6.11, 1.81, 0.00, 24.47, 0.00, -90.00, 88.23, 0, 0
2.00, 5.70, 15.03, 15.03, -672.35, 20.00, 4.63, 8.33, 4.11, 102.75, 46.24, 39.20, -79.59, 76.92, 0, 0
2.00, 5.70, 15.83, 15.83, -498.65, 20.00, 4.63, 10.56, 6.41, 236.44, 77.92, 35.12, -68.74, 65.99, 0, 0
2.00, 5.70, 17.02, 17.02, -259.25, 20.00, 4.63, 13.33, 9.12, 406.92, 111.35, 36.43, -55.99, 55.91, 0, 0
2.00, 5.70, 18.16, 18.16, -52.35, 20.00, 4.63, 15.56, 11.34, 470.46, 144.91, 42.61, -40.16, 47.43, 0, 0
2.00, 5.70, 19.16, 19.16, 109.67, 20.00, 4.63, 17.78, 13.56, 499.98, 158.76, 51.93, -20.34, 41.67, 0, 0
2.00, 5.70, 19.76, 19.76, 180.25, 20.00, 4.63, 19.44, 15.18, 411.70, 161.07, 62.95, 2.55, 39.90, 0, 0
2.00, 5.70, 19.91, 19.91, 157.23, 20.00, 4.63, 20.56, 16.30, 230.80, 154.05, 74.85, 25.01, 42.63, 0, 0
2.00, 5.70, 19.69, 19.69, 66.16, 20.00, 4.63, 20.56, 16.30, 29.95, 137.21, 87.16, 43.94, 49.10, 0, 0
2.00, 5.70, 20.04, 20.04, 107.70, 20.00, 4.63, 20.56, 16.30, 0.00, 111.92, 0.00, 59.00, 58.01, 0, 0
2.00, 5.70, 20.44, 20.44, 158.61, 20.00, 4.63, 18.89, 14.68, 0.00, 76.66, 0.00, 71.24, 68.32, 0, 0
2.00, 5.70, 19.95, 19.95, 19.68, 20.00, 4.63, 17.22, 13.06, 0.00, 35.40, 0.00, 81.81, 79.37, 0, 0
2.00, 5.70, 19.21, 19.21, -155.34, 20.00, 4.63, 16.11, 11.95, 0.00, 9.18, 0.00, 0.00, 90.00, 0, 0
2.00, 5.70, 18.94, 18.94, -212.62, 20.00, 4.63, 15.00, 10.84, 0.00, 0.00, 0.00, 0.00, 90.00, 0, 0
2.00, 5.70, 18.75, 18.75, -248.67, 20.00, 4.63, 13.89, 9.73, 0.00, 0.00, 0.00, 0.00, 90.00, 0, 0
2.00, 5.70, 18.59, 18.59, -279.46, 20.00, 4.63, 13.33, 9.12, 0.00, 0.00, 0.00, 0.00, 90.00, 0, 0
2.00, 5.70, 18.37, 18.37, -320.22, 20.00, 4.63, 12.22, 8.01, 0.00, 0.00, 0.00, 0.00, 90.00, 0, 0
2.00, 5.70, 18.11, 18.11, -367.96, 20.00, 4.63, 11.11, 6.91, 0.00, 0.00, 0.00, 0.00, 90.00, 0, 0
2.00, 5.70, 17.85, 17.85, -413.52, 20.00, 4.63, 10.56, 6.41, 0.00, 0.00, 0.00, 0.00, 90.00, 0, 0
2.00, 5.70, 17.57, 17.57, -459.76, 20.00, 4.63, 10.00, 5.81, 0.00, 0.00, 0.00, 0.00, 90.00, 0, 0
2.00, 5.70, 17.28, 17.28, -506.80, 20.00, 4.63, 9.44, 5.20, 0.00, 0.00, 0.00, 0.00, 90.00, 0, 0
2.00, 5.70, 16.94, 16.94, -560.90, 20.00, 4.63, 8.33, 4.11, 0.00, 0.00, 0.00, 0.00, 90.00, 0, 0
2.00, 5.70, 16.60, 16.60, -610.93, 20.00, 4.63, 7.78, 3.61, 0.00, 0.00, 0.00, 0.00, 90.00, 0, 0
2.00, 5.70, 16.26, 16.26, -659.79, 20.00, 4.63, 7.22, 3.01, 0.00, 0.00, 0.00, 0.00, 90.00, 0, 0
2.00, 5.70, 16.21, 16.21, -646.78, 20.00, 4.63, 8.33, 4.21, 0.00, 21.41, 47.73, -90.00, 87.91, 0, 0
2.00, 5.70, 16.20, 16.20, -630.40, 20.00, 4.63, 9.44, 5.31, 9.94, 31.53, 39.54, -79.85, 76.59, 0, 0
2.00, 5.70, 16.58, 16.58, -533.78, 20.00, 4.63, 11.11, 6.91, 28.71, 73.60, 35.52, -68.99, 65.65, 0, 0
2.00, 5.70, 17.15, 17.15, -409.76, 20.00, 4.63, 12.78, 8.62, 55.23, 113.62, 36.84, -56.23, 55.55, 0, 0
2.00, 5.70, 17.39, 17.39, -368.11, 20.00, 4.63, 13.89, 9.73, 30.38, 118.51, 42.99, -40.34, 47.04, 0, 0
2.00, 5.70, 17.82, 17.82, -287.44, 20.00, 4.63, 14.44, 10.34, 41.90, 141.16, 52.28, -20.38, 41.26, 0, 0
2.00, 5.70, 18.47, 18.47, -166.76, 20.00, 4.63, 16.11, 11.95, 72.36, 166.85, 63.27, 2.70, 39.50, 0, 0
2.00, 5.70, 18.59, 18.59, -165.08, 20.00, 4.63, 16.67, 12.45, 26.67, 148.45, 75.15, 25.31, 42.28, 0, 0
2.00, 5.70, 18.61, 18.61, -181.39, 20.00, 4.63, 16.67, 12.45, 3.34, 130.00, 87.45, 44.31, 48.80, 0, 0
2.00, 5.70, 18.89, 18.89, -139.88, 20.00, 4.63, 17.22, 12.95, 0.00, 115.60, 0.00, 59.38, 57.75, 0, 0
2.00, 5.70, 19.79, 19.79, 29.22, 20.00, 4.63, 17.22, 12.95, 0.00, 82.79, 0.00, 71.61, 68.10, 0, 0
2.00, 5.70, 19.88, 19.88, 13.68, 20.00, 4.63, 16.11, 11.95, 0.00, 38.84, 0.00, 82.18, 79.17, 0, 0
2.00, 5.70, 18.53, 18.53, -297.05, 20.00, 4.63, 15.00, 10.84, 0.00, 9.18, 0.00, 0.00, 90.00, 0, 0
2.00, 5.70, 18.15, 18.15, -367.02, 20.00, 4.63, 13.89, 9.73, 0.00, 0.00, 0.00, 0.00, 90.00, 0, 0
2.00, 5.70, 17.91, 17.91, -406.78, 20.00, 4.63, 12.78, 8.62, 0.00, 0.00, 0.00, 0.00, 90.00, 0, 0
2.00, 5.70, 17.69, 17.69, -441.83, 20.00, 4.63, 11.67, 7.52, 0.00, 0.00, 0.00, 0.00, 90.00, 0, 0
2.00, 5.70, 17.48, 17.48, -473.81, 20.00, 4.63, 11.11, 6.91, 0.00, 0.00, 0.00, 0.00, 90.00, 0, 0
2.00, 5.70, 17.18, 17.18, -521.44, 20.00, 4.63, 9.44, 5.20, 0.00, 0.00, 0.00, 0.00, 90.00, 0, 0
2.00, 5.70, 16.90, 16.90, -563.39, 20.00, 4.63, 8.89, 4.71, 0.00, 0.00, 0.00, 0.00, 90.00, 0, 0
2.00, 5.70, 16.58, 16.58, -612.31, 20.00, 4.63, 7.78, 3.50, 0.00, 0.00, 0.00, 0.00, 90.00, 0, 0
2.00, 5.70, 16.26, 16.26, -658.12, 20.00, 4.63, 7.22, 2.90, 0.00, 0.00, 0.00, 0.00, 90.00, 0, 0
2.00, 5.70, 15.90, 15.90, -710.37, 20.00, 4.63, 6.11, 1.81, 0.00, 0.00, 0.00, 0.00, 90.00, 0, 0
2.00, 5.70, 15.52, 15.52, -765.29, 20.00, 4.63, 5.00, 0.82, 0.00, 0.00, 0.00, 0.00, 90.00, 0, 0
2.00, 5.70, 15.14, 15.14, -816.02, 20.00, 4.63, 4.44, 0.12, 0.00, 0.00, 0.00, 0.00, 90.00, 0, 0
2.00, 5.70, 14.87, 14.87, -843.89, 20.00, 4.63, 4.44, 0.23, 0.00, 7.65, 47.75, -90.00, 87.59, 0, 0
2.00, 5.70, 15.05, 15.05, -776.12, 20.00, 4.63, 6.11, 1.92, 28.07, 42.86, 39.87, -80.10, 76.27, 0, 0
2.00, 5.70, 15.54, 15.54, -653.48, 20.00, 4.63, 8.33, 4.21, 48.95, 90.53, 35.91, -69.24, 65.31, 0, 0
2.00, 5.70, 16.26, 16.26, -497.11, 20.00, 4.63, 10.56, 6.41, 109.49, 128.97, 37.25, -56.46, 55.19, 0, 0
2.00, 5.70, 16.92, 16.92, -367.50, 20.00, 4.63, 12.22, 8.12, 126.33, 157.90, 43.38, -40.51, 46.65, 0, 0
2.00, 5.70, 17.65, 17.65, -234.55, 20.00, 4.63, 13.89, 9.73, 171.46, 176.23, 52.62, -20.43, 40.85, 0, 0
2.00, 5.70, 18.25, 18.25, -137.54, 20.00, 4.63, 15.56, 11.34, 169.78, 183.59, 63.59, 2.85, 39.10, 0, 0
2.00, 5.70, 18.63, 18.63, -88.76, 20.00, 4.63, 16.67, 12.56, 173.52, 167.22, 75.45, 25.62, 41.92, 0, 0
2.00, 5.70, 18.55, 18.55, -139.04, 20.00, 4.63, 17.78, 13.56, 27.20, 144.33, 87.75, 44.69, 48.50, 0, 0
2.00, 5.70, 18.91, 18.91, -85.47, 20.00, 4.63, 17.78, 13.68, 0.00, 117.40, 0.00, 59.76, 57.50, 0, 0
2.00, 5.70, 18.82, 18.82, -130.61, 20.00, 4.63, 16.67, 12.56, 0.00, 76.50, 0.00, 71.98, 67.88, 0, 0
2.00, 5.70, 18.63, 18.63, -189.61, 20.00, 4.63, 15.00, 10.95, 0.00, 37.99, 0.00, 82.54, 78.96, 0, 0
2.00, 5.70, 17.88, 17.88, -357.14, 20.00, 4.63, 13.89, 9.83, 0.00, 12.23, 0.00, 0.00, 90.00, 0, 0
2.00, 5.70, 17.60, 17.60, -409.23, 20.00, 4.63, 13.33, 9.33, 0.00, 0.00, 0.00, 0.00, 90.00, 0, 0
2.00, 5.70, 17.47, 17.47, -427.73, 20.00, 4.63, 13.33, 9.33, 0.00, 0.00, 0.00, 0.00, 90.00, 0, 0
2.00, 5.70, 17.33, 17.33, -448.94, 20.00, 4.63, 12.78, 8.73, 0.00, 0.00, 0.00, 0.00, 90.00, 0, 0
2.00, 5.70, 17.16, 17.16, -474.64, 20.00, 4.63, 12.22, 8.22, 0.00, 0.00, 0.00, 0.00, 90.00, 0, 0
2.00, 5.70, 16.97, 16.97, -504.80, 20.00, 4.63, 11.67, 7.62, 0.00, 0.00, 0.00, 0.00, 90.00, 0, 0
2.00, 5.70, 16.76, 16.76, -537.28, 20.00, 4.63, 11.11, 7.12, 0.00, 0.00, 0.00, 0.00, 90.00, 0, 0
2.00, 5.70, 16.56, 16.56, -564.99, 20.00, 4.63, 11.11, 7.02, 0.00, 0.00, 0.00, 0.00, 90.00, 0, 0
2.00, 5.70, 16.34, 16.34, -597.40, 20.00, 4.63, 10.56, 6.51, 0.00, 0.00, 0.00, 0.00, 90.00, 0, 0
2.00, 5.70, 16.10, 16.10, -631.35, 20.00, 4.63, 10.00, 6.01, 0.00, 0.00, 0.00, 0.00, 90.00, 0, 0
2.00, 5.70, 15.89, 15.89, -659.63, 20.00, 4.63, 10.00, 5.91, 0.00, 0.00, 0.00, 0.00, 90.00, 0, 0
2.00, 5.70, 15.65, 15.65, -691.52, 20.00, 4.63, 9.44, 5.51, 0.00, 0.00, 0.00, 0.00, 90.00, 0, 0
2.00, 5.70, 15.70, 15.70, -661.23, 20.00, 4.63, 10.56, 6.61, 0.00, 22.94, 47.76, -90.00, 87.26, 0, 0
2.00, 5.70, 16.29, 16.29, -523.06, 20.00, 4.63, 13.33, 9.43, 115.09, 46.47, 40.20, -80.36, 75.94, 0, 0
2.00, 5.70, 16.92, 16.92, -392.60, 20.00, 4.63, 15.00, 11.14, 111.43, 91.28, 36.31, -69.50, 64.97, 0, 0
2.00, 5.70, 18.06, 18.06, -168.47, 20.00, 4.63, 17.22, 13.37, 246.67, 130.82, 37.65, -56.70, 54.82, 0, 0
2.00, 5.70, 18.42, 18.42, -125.51, 20.00, 4.63, 18.33, 14.49, 164.78, 129.78, 43.76, -40.69, 46.26, 0, 0
2.00, 5.70, 19.21, 19.21, 10.20, 20.00, 4.63, 19.44, 15.51, 178.82, 163.82, 52.97, -20.47, 40.45, 0, 0
2.00, 5.70, 19.56, 19.56, 43.58, 20.00, 4.63, 20.00, 16.12, 99.89, 164.77, 63.91, 3.00, 38.70, 0, 0
2.00, 5.70, 19.18, 19.18, -74.55, 20.00, 4.63, 19.44, 15.51, 10.09, 105.31, 75.75, 25.93, 41.57, 0, 0
2.00, 5.70, 19.10, 19.10, -112.14, 20.00, 4.63, 18.33, 14.49, 0.32, 93.35, 88.04, 45.07, 48.20, 0, 0
2.00, 5.70, 19.16, 19.16, -114.08, 20.00, 4.63, 17.78, 13.88, 0.00, 91.17, 0.00, 60.15, 57.25, 0, 0
2.00, 5.70, 18.95, 18.95, -172.95, 20.00, 4.63, 17.22, 13.37, 0.00, 55.30, 0.00, 72.35, 67.66, 0, 0
2.00, 5.70, 18.64, 18.64, -247.49, 20.00, 4.63, 16.11, 12.25, 0.00, 26.00, 0.00, 82.90, 78.75, 0, 0
2.00, 5.70, 18.36, 18.36, -307.16, 20.00, 4.63, 15.56, 11.74, 0.00, 6.12, 0.00, 0.00, 90.00, 0, 0
2.00, 5.70, 18.15, 18.15, -345.30, 20.00, 4.63, 15.00, 11.23, 0.00, 0.00, 0.00, 0.00, 90.00, 0, 0
2.00, 5.70, 18.03, 18.03, -365.31, 20.00, 4.63, 15.00, 11.23, 0.00, 0.00, 0.00, 0.00, 90.00, 0, 0
2.00, 5.70, 17.88, 17.88, -389.21, 20.00, 4.63, 14.44, 10.63, 0.00, 0.00, 0.00, 0.00, 90.00, 0, 0
2.00, 5.70, 17.72, 17.72, -415.85, 20.00, 4.63, 13.89, 10.12, 0.00, 0.00, 0.00, 0.00, 90.00, 0, 0
2.00, 5.70, 17.57, 17.57, -438.31, 20.00, 4.63, 13.89, 10.03, 0.00, 0.00, 0.00, 0.00, 90.00, 0, 0
2.00, 5.70, 17.40, 17.40, -465.48, 20.00, 4.63, 13.33, 9.52, 0.00, 0.00, 0.00, 0.00, 90.00, 0, 0
2.00, 5.70, 17.21, 17.21, -494.53, 20.00, 4.63, 12.78, 8.92, 0.00, 0.00, 0.00, 0.00, 90.00, 0, 0
2.00, 5.70, 17.04, 17.04, -517.75, 20.00, 4.63, 12.78, 8.92, 0.00, 0.00, 0.00, 0.00, 90.00, 0, 0
2.00, 5.70, 16.85, 16.85, -545.17, 20.00, 4.63, 12.22, 8.41, 0.00, 0.00, 0.00, 0.00, 90.00, 0, 0
2.00, 5.70, 16.68, 16.68, -567.32, 20.00, 4.63, 12.22, 8.41, 0.00, 0.00, 0.00, 0.00, 90.00, 0, 0
2.00, 5.70, 16.48, 16.48, -593.96, 20.00, 4.63, 11.67, 7.89, 0.00, 0.00, 0.00, 0.00, 90.00, 0, 0
2.00, 5.70, 16.42, 16.42, -591.21, 20.00, 4.63, 12.22, 8.49, 0.00, 9.18, 47.77, -90.00, 86.94, 0, 0
2.00, 5.70, 16.42, 16.42, -576.55, 20.00, 4.63, 12.78, 9.00, 0.00, 19.88, 40.54, -80.62, 75.61, 0, 0
2.00, 5.70, 16.50, 16.50, -549.28, 20.00, 4.63, 13.33, 9.60, 0.00, 33.65, 36.70, -69.75, 64.63, 0, 0
2.00, 5.70, 17.02, 17.02, -433.82, 20.00, 4.63, 14.44, 10.72, 16.30, 82.17, 38.06, -56.94, 54.46, 0, 0
2.00, 5.70, 17.24, 17.24, -391.65, 20.00, 4.63, 15.56, 11.74, 11.79, 84.01, 44.14, -40.87, 45.88, 0, 0
2.00, 5.70, 16.87, 16.87, -476.82, 20.00, 4.63, 15.56, 11.74, 1.77, 29.73, 53.32, -20.52, 40.04, 0, 0
2.00, 5.70, 16.73, 16.73, -503.77, 20.00, 4.63, 15.00, 11.14, 0.00, 24.47, 64.23, 3.15, 38.30, 0, 0
2.00, 5.70, 17.11, 17.11, -416.60, 20.00, 4.63, 15.56, 11.65, 3.04, 70.03, 76.06, 26.25, 41.21, 0, 0
2.00, 5.70, 17.68, 17.68, -301.91, 20.00, 4.63, 16.11, 12.16, 1.56, 115.74, 88.33, 45.45, 47.91, 0, 0
2.00, 5.70, 17.94, 17.94, -263.06, 20.00, 4.63, 16.67, 12.76, 0.00, 105.22, 0.00, 60.53, 57.00, 0, 0
2.00, 5.70, 17.62, 17.62, -345.97, 20.00, 4.63, 16.11, 12.25, 0.00, 48.98, 0.00, 72.73, 67.44, 0, 0
2.00, 5.70, 17.18, 17.18, -441.38, 20.00, 4.63, 15.56, 11.65, 0.00, 9.18, 0.00, 83.26, 78.55, 0, 0
2.00, 5.70, 16.95, 16.95, -483.38, 20.00, 4.63, 15.00, 11.05, 0.00, 0.00, 0.00, 93.11, 89.91, 0, 0
2.00, 5.70, 16.82, 16.82, -503.73, 20.00, 4.63, 14.44, 10.54, 0.00, 0.00, 0.00, 0.00, 90.00, 0, 0
2.00, 5.70, 16.69, 16.69, -521.15, 20.00, 4.63, 13.89, 9.93, 0.00, 0.00, 0.00, 0.00, 90.00, 0, 0
2.00, 5.70, 16.56, 16.56, -539.24, 20.00, 4.63, 13.33, 9.33, 0.00, 0.00, 0.00, 0.00, 90.00, 0, 0
2.00, 5.70, 16.42, 16.42, -559.60, 20.00, 4.63, 12.78, 8.73, 0.00, 0.00, 0.00, 0.00, 90.00, 0, 0
2.00, 5.70, 16.26, 16.26, -582.29, 20.00, 4.63, 12.22, 8.12, 0.00, 0.00, 0.00, 0.00, 90.00, 0, 0
2.00, 5.70, 16.06, 16.06, -613.11, 20.00, 4.63, 11.11, 7.02, 0.00, 0.00, 0.00, 0.00, 90.00, 0, 0
2.00, 5.70, 15.82, 15.82, -648.06, 20.00, 4.63, 10.00, 5.91, 0.00, 0.00, 0.00, 0.00, 90.00, 0, 0
2.00, 5.70, 15.54, 15.54, -692.60, 20.00, 4.63, 8.33, 4.31, 0.00, 0.00, 0.00, 0.00, 90.00, 0, 0
2.00, 5.70, 15.24, 15.24, -736.13, 20.00, 4.63, 7.22, 3.11, 0.00, 0.00, 0.00, 0.00, 90.00, 0, 0
2.00, 5.70, 14.93, 14.93, -781.09, 20.00, 4.63, 6.11, 2.02, 0.00, 0.00, 0.00, 0.00, 90.00, 0, 0
2.00, 5.70, 14.59, 14.59, -828.46, 20.00, 4.63, 5.00, 0.82, 0.00, 0.00, 0.00, 0.00, 90.00, 0, 0
2.00, 5.70, 14.62, 14.62, -796.44, 20.00, 4.63, 6.11, 2.02, 0.00, 29.06, 47.79, -90.00, 86.62, 0, 0
2.00, 5.70, 15.11, 15.11, -674.53, 20.00, 4.63, 8.89, 4.81, 104.17, 50.90, 40.87, -80.87, 75.29, 0, 0
2.00, 5.70, 15.75, 15.75, -535.63, 20.00, 4.63, 11.11, 7.02, 134.02, 91.61, 37.09, -70.01, 64.29, 0, 0
2.00, 5.70, 16.52, 16.52, -381.17, 20.00, 4.63, 12.78, 8.73, 161.56, 132.97, 38.47, -57.17, 54.10, 0, 0
2.00, 5.70, 17.20, 17.20, -261.61, 20.00, 4.63, 14.44, 10.34, 140.09, 163.54, 44.53, -41.05, 45.49, 0, 0
2.00, 5.70, 17.97, 17.97, -128.77, 20.00, 4.63, 16.11, 11.95, 178.96, 180.94, 53.67, -20.57, 39.63, 0, 0
2.00, 5.70, 18.46, 18.46, -62.99, 20.00, 4.63, 17.22, 12.95, 141.00, 183.13, 64.55, 3.31, 37.91, 0, 0
2.00, 5.70, 18.74, 18.74, -41.67, 20.00, 4.63, 17.78, 13.56, 84.09, 176.25, 76.36, 26.57, 40.86, 0, 0
2.00, 5.70, 18.74, 18.74, -75.17, 20.00, 4.63, 17.78, 13.56, 5.35, 155.96, 88.62, 45.83, 47.61, 0, 0
2.00, 5.70, 18.93, 18.93, -62.13, 20.00, 4.63, 17.78, 13.56, 0.00, 123.14, 0.00, 60.92, 56.75, 0, 0
2.00, 5.70, 19.67, 19.67, 66.81, 20.00, 4.63, 17.22, 12.95, 0.00, 82.51, 0.00, 73.10, 67.22, 0, 0
2.00, 5.70, 20.25, 20.25, 150.06, 20.00, 4.63, 15.56, 11.34, 0.00, 38.81, 0.00, 83.62, 78.35, 0, 0
2.00, 5.70, 18.61, 18.61, -235.10, 20.00, 4.63, 14.44, 10.23, 0.00, 16.82, 0.00, 93.46, 89.71, 0, 0
2.00, 5.70, 18.16, 18.16, -324.37, 20.00, 4.63, 13.33, 9.12, 0.00, 0.00, 0.00, 0.00, 90.00, 0, 0
2.00, 5.70, 17.90, 17.90, -371.39, 20.00, 4.63, 12.22, 8.01, 0.00, 0.00, 0.00, 0.00, 90.00, 0, 0
2.00, 5.70, 17.65, 17.65, -412.18, 20.00, 4.63, 11.11, 6.91, 0.00, 0.00, 0.00, 0.00, 90.00, 0, 0
2.00, 5.70, 17.39, 17.39, -456.34, 20.00, 4.63, 10.00, 5.70, 0.00, 0.00, 0.00, 0.00, 90.00, 0, 0
2.00, 5.70, 17.06, 17.06, -511.97, 20.00, 4.63, 8.33, 4.11, 0.00, 0.00, 0.00, 0.00, 90.00, 0, 0
2.00, 5.70, 16.75, 16.75, -561.24, 20.00, 4.63, 7.78, 3.50, 0.00, 0.00, 0.00, 0.00, 90.00, 0, 0
2.00, 5.70, 16.43, 16.43, -610.09, 20.00, 4.63, 7.22, 2.90, 0.00, 0.00, 0.00, 0.00, 90.00, 0, 0
2.00, 5.70, 16.06, 16.06, -666.02, 20.00, 4.63, 6.11, 1.81, 0.00, 0.00, 0.00, 0.00, 90.00, 0, 0
2.00, 5.70, 15.69, 15.69, -718.77, 20.00, 4.63, 5.56, 1.21, 0.00, 0.00, 0.00, 0.00, 90.00, 0, 0
2.00, 5.70, 15.29, 15.29, -777.28, 20.00, 4.63, 4.44, 0.12, 0.00, 0.00, 0.00, 0.00, 90.00, 0, 0
2.00, 5.70, 14.90, 14.90, -831.40, 20.00, 4.63, 3.89, -0.48, 0.00, 0.00, 0.00, 0.00, 90.00, 0, 0
2.00, 5.70, 14.79, 14.79, -823.18, 20.00, 4.63, 5.00, 0.72, 0.00, 21.41, 47.81, -90.00, 86.30, 0, 0
2.00, 5.70, 15.45, 15.45, -659.31, 20.00, 4.63, 8.33, 4.11, 146.92, 55.19, 41.21, -81.13, 74.96, 0, 0
2.00, 5.70, 16.53, 16.53, -426.50, 20.00, 4.63, 12.22, 8.01, 319.08, 89.30, 37.48, -70.26, 63.95, 0, 0
2.00, 5.70, 17.91, 17.91, -152.43, 20.00, 4.63, 15.00, 10.72, 514.02, 120.20, 38.88, -57.41, 53.74, 0, 0
2.00, 5.70, 19.12, 19.12, 60.04, 20.00, 4.63, 17.22, 13.06, 591.27, 142.04, 44.91, -41.24, 45.10, 0, 0
2.00, 5.70, 19.89, 19.89, 168.84, 20.00, 4.63, 18.89, 14.68, 509.15, 158.01, 54.02, -20.61, 39.22, 0, 0
2.00, 5.70, 20.46, 20.46, 232.67, 20.00, 4.63, 20.56, 16.30, 401.95, 165.55, 64.87, 3.47, 37.51, 0, 0
2.00, 5.70, 20.57, 20.57, 200.47, 20.00, 4.63, 21.11, 16.92, 192.93, 165.26, 76.66, 26.89, 40.51, 0, 0
2.00, 5.70, 20.38, 20.38, 115.94, 20.00, 4.63, 21.67, 17.42, 10.11, 144.55, 88.91, 46.22, 47.32, 0, 0
2.00, 5.70, 20.74, 20.74, 161.68, 20.00, 4.63, 20.56, 16.41, 0.00, 119.45, 0.00, 61.31, 56.50, 0, 0
2.00, 5.70, 21.20, 21.20, 223.85, 20.00, 4.63, 19.44, 15.30, 0.00, 81.22, 0.00, 73.48, 67.00, 0, 0
2.00, 5.70, 21.25, 21.25, 197.04, 20.00, 4.63, 17.22, 13.06, 0.00, 38.68, 0.00, 83.99, 78.14, 0, 0
2.00, 5.70, 20.04, 20.04, -88.55, 20.00, 4.63, 16.11, 12.06, 0.00, 12.23, 0.00, 93.82, 89.50, 0, 0
2.00, 5.70, 19.72, 19.72, -155.07, 20.00, 4.63, 15.56, 11.45, 0.00, 0.00, 0.00, 0.00, 90.00, 0, 0
2.00, 5.70, 19.51, 19.51, -195.05, 20.00, 4.63, 14.44, 10.44, 0.00, 0.00, 0.00, 0.00, 90.00, 0, 0
2.00, 5.70, 19.33, 19.33, -227.93, 20.00, 4.63, 13.89, 9.83, 0.00, 0.00, 0.00, 0.00, 90.00, 0, 0
2.00, 5.70, 19.13, 19.13, -263.49, 20.00, 4.63, 13.33, 9.23, 0.00, 0.00, 0.00, 0.00, 90.00, 0, 0
2.00, 5.70, 18.88, 18.88, -309.32, 20.00, 4.63, 12.22, 8.22, 0.00, 0.00, 0.00, 0.00, 90.00, 0, 0
2.00, 5.70, 18.65, 18.65, -347.57, 20.00, 4.63, 12.22, 8.12, 0.00, 0.00, 0.00, 0.00, 90.00, 0, 0
2.00, 5.70, 18.39, 18.39, -390.43, 20.00, 4.63, 11.67, 7.52, 0.00, 0.00, 0.00, 0.00, 90.00, 0, 0
2.00, 5.70, 18.11, 18.11, -434.54, 20.00, 4.63, 11.11, 7.02, 0.00, 0.00, 0.00, 0.00, 90.00, 0, 0
2.00, 5.70, 17.85, 17.85, -472.50, 20.00, 4.63, 11.11, 7.02, 0.00, 0.00, 0.00, 0.00, 90.00, 0, 0
2.00, 5.70, 17.57, 17.57, -514.07, 20.00, 4.63, 10.56, 6.51, 0.00, 0.00, 0.00, 0.00, 90.00, 0, 0
2.00, 5.70, 17.28, 17.28, -556.11, 20.00, 4.63, 10.00, 6.01, 0.00, 0.00, 0.00, 0.00, 90.00, 0, 0
2.00, 5.70, 17.29, 17.29, -533.29, 20.00, 4.63, 11.67, 7.72, 0.00, 19.88, 47.83, -90.00, 85.98, 0, 0
2.00, 5.70, 17.53, 17.53, -466.90, 20.00, 4.63, 13.33, 9.33, 11.85, 48.17, 41.54, -81.38, 74.64, 0, 0
2.00, 5.70, 17.99, 17.99, -364.68, 20.00, 4.63, 15.00, 11.05, 20.13, 86.37, 37.87, -70.52, 63.62, 0, 0
2.00, 5.70, 18.71, 18.71, -215.65, 20.00, 4.63, 16.67, 12.76, 69.83, 126.52, 39.28, -57.66, 53.39, 0, 0
2.00, 5.70, 19.03, 19.03, -165.63, 20.00, 4.63, 17.78, 13.78, 41.93, 129.26, 45.29, -41.43, 44.72, 0, 0
2.00, 5.70, 19.07, 19.07, -175.99, 20.00, 4.63, 17.78, 13.78, 8.60, 114.91, 54.36, -20.66, 38.82, 0, 0
2.00, 5.70, 19.57, 19.57, -84.55, 20.00, 4.63, 18.89, 14.90, 18.53, 143.45, 65.19, 3.63, 37.11, 0, 0
2.00, 5.70, 20.04, 20.04, -9.02, 20.00, 4.63, 19.44, 15.41, 19.22, 157.29, 76.96, 27.22, 40.17, 0, 0
2.00, 5.70, 19.98, 19.98, -47.43, 20.00, 4.63, 19.44, 15.41, 0.46, 116.98, 89.20, 46.61, 47.03, 0, 0
2.00, 5.70, 19.70, 19.70, -123.78, 20.00, 4.63, 18.89, 14.79, 0.00, 69.10, 0.00, 61.70, 56.26, 0, 0
2.00, 5.70, 20.47, 20.47, 27.28, 20.00, 4.63, 18.33, 14.29, 0.00, 76.71, 0.00, 73.85, 66.79, 0, 0
2.00, 5.70, 21.71, 21.71, 261.50, 20.00, 4.63, 18.33, 14.29, 0.00, 48.96, 0.00, 84.35, 77.94, 0, 0
2.00, 5.70, 20.06, 20.06, -129.63, 20.00, 4.63, 17.22, 13.17, 0.00, 21.41, 0.00, 94.17, 89.30, 0, 0
2.00, 5.70, 19.61, 19.61, -221.58, 20.00, 4.63, 16.11, 12.16, 0.00, 0.00, 0.00, 0.00, 90.00, 0, 0
2.00, 5.70, 19.35, 19.35, -267.20, 20.00, 4.63, 15.00, 11.05, 0.00, 0.00, 0.00, 0.00, 90.00, 0, 0
2.00, 5.70, 19.13, 19.13, -305.02, 20.00, 4.63, 13.89, 9.83, 0.00, 0.00, 0.00, 0.00, 90.00, 0, 0
2.00, 5.70, 18.89, 18.89, -344.26, 20.00, 4.63, 12.78, 8.73, 0.00, 0.00, 0.00, 0.00, 90.00, 0, 0
2.00, 5.70, 18.65, 18.65, -380.84, 20.00, 4.63, 12.22, 8.12, 0.00, 0.00, 0.00, 0.00, 90.00, 0, 0
2.00, 5.70, 18.37, 18.37, -425.86, 20.00, 4.63, 11.11, 6.64, 0.00, 0.00, 0.00, 0.00, 90.00, 0, 0
2.00, 5.70, 18.12, 18.12, -461.31, 20.00, 4.63, 11.11, 6.64, 0.00, 0.00, 0.00, 0.00, 90.00, 0, 0
2.00, 5.70, 17.82, 17.82, -507.38, 20.00, 4.63, 10.00, 5.54, 0.00, 0.00, 0.00, 0.00, 90.00, 0, 0
2.00, 5.70, 17.48, 17.48, -557.97, 20.00, 4.63, 8.89, 4.34, 0.00, 0.00, 0.00, 0.00, 90.00, 0, 0
2.00, 5.70, 17.12, 17.12, -611.01, 20.00, 4.63, 7.78, 3.24, 0.00, 0.00, 0.00, 0.00, 90.00, 0, 0
2.00, 5.70, 16.77, 16.77, -658.75, 20.00, 4.63, 7.22, 2.74, 0.00, 0.00, 0.00, 0.00, 90.00, 0, 0
2.00, 5.70, 16.39, 16.39, -711.76, 20.00, 4.63, 6.11, 1.55, 0.00, 0.00, 0.00, 0.00, 90.00, 0, 0
2.00, 5.70, 16.32, 16.32, -697.13, 20.00, 4.63, 7.22, 2.64, 0.00, 22.94, 47.85, -90.00, 85.66, 0, 0
2.00, 5.70, 16.37, 16.37, -662.35, 20.00, 4.63, 8.33, 3.84, 10.38, 42.55, 41.88, -81.64, 74.32, 0, 0
2.00, 5.70, 16.45, 16.45, -625.74, 20.00, 4.63, 8.89, 4.34, 3.96, 65.27, 38.27, -70.78, 63.28, 0, 0
2.00, 5.70, 16.97, 16.97, -504.68, 20.00, 4.63, 10.00, 5.44, 51.91, 109.23, 39.69, -57.90, 53.03, 0, 0
2.00, 5.70, 17.73, 17.73, -343.08, 20.00, 4.63, 11.67, 7.14, 113.17, 152.14, 45.67, -41.61, 44.33, 0, 0
2.00, 5.70, 17.75, 17.75, -352.32, 20.00, 4.63, 12.22, 7.64, 52.82, 134.83, 54.71, -20.71, 38.41, 0, 0
2.00, 5.70, 18.19, 18.19, -270.25, 20.00, 4.63, 12.78, 8.25, 79.78, 156.14, 65.51, 3.80, 36.72, 0, 0
2.00, 5.70, 18.68, 18.68, -181.85, 20.00, 4.63, 13.89, 9.24, 76.54, 177.34, 77.26, 27.55, 39.82, 0, 0
2.00, 5.70, 18.19, 18.19, -307.42, 20.00, 4.63, 13.89, 9.24, 0.91, 104.53, 89.49, 47.00, 46.74, 0, 0
2.00, 5.70, 18.12, 18.12, -326.21, 20.00, 4.63, 13.33, 8.74, 0.00, 90.49, 0.00, 62.10, 56.02, 0, 0
2.00, 5.70, 18.76, 18.76, -193.50, 20.00, 4.63, 13.33, 8.74, 0.00, 78.51, 0.00, 74.23, 66.57, 0, 0
2.00, 5.70, 19.17, 19.17, -124.46, 20.00, 4.63, 12.78, 8.13, 0.00, 38.12, 0.00, 84.71, 77.74, 0, 0
2.00, 5.70, 17.75, 17.75, -442.34, 20.00, 4.63, 11.67, 7.03, 0.00, 15.29, 0.00, 94.53, 89.10, 0, 0
2.00, 5.70, 17.30, 17.30, -521.05, 20.00, 4.63, 11.11, 6.54, 0.00, 0.00, 0.00, 0.00, 90.00, 0, 0
2.00, 5.70, 17.02, 17.02, -560.76, 20.00, 4.63, 10.56, 5.93, 0.00, 0.00, 0.00, 0.00, 90.00, 0, 0
2.00, 5.70, 16.74, 16.74, -600.03, 20.00, 4.63, 9.44, 4.83, 0.00, 0.00, 0.00, 0.00, 90.00, 0, 0
2.00, 5.70, 16.47, 16.47, -635.78, 20.00, 4.63, 8.89, 4.23, 0.00, 0.00, 0.00, 0.00, 90.00, 0, 0
2.00, 5.70, 16.16, 16.16, -678.73, 20.00, 4.63, 7.78, 3.13, 0.00, 0.00, 0.00, 0.00, 90.00, 0, 0
2.00, 5.70, 15.85, 15.85, -719.19, 20.00, 4.63, 7.22, 2.53, 0.00, 0.00, 0.00, 0.00, 90.00, 0, 0
2.00, 5.70, 15.54, 15.54, -759.61, 20.00, 4.63, 6.67, 2.04, 0.00, 0.00, 0.00, 0.00, 90.00, 0, 0
2.00, 5.70, 15.22, 15.22, -800.69, 20.00, 4.63, 6.11, 1.44, 0.00, 0.00, 0.00, 0.00, 90.00, 0, 0
2.00, 5.70, 14.89, 14.89, -842.39, 20.00, 4.63, 5.56, 0.84, 0.00, 0.00, 0.00, 0.00, 90.00, 0, 0
2.00, 5.70, 14.55, 14.55, -884.40, 20.00, 4.63, 5.00, 0.24, 0.00, 0.00, 0.00, 0.00, 90.00, 0, 0
2.00, 5.70, 14.17, 14.17, -932.69, 20.00, 4.63, 3.89, -0.73, 0.00, 0.00, 0.00, 0.00, 90.00, 0, 0
2.00, 5.70, 14.06, 14.06, -922.43, 20.00, 4.63, 5.00, 0.35, 0.00, 18.35, 47.87, -90.00, 85.34, 0, 0
2.00, 5.70, 14.51, 14.51, -800.36, 20.00, 4.63, 7.22, 2.53, 87.53, 52.40, 42.21, -81.90, 74.00, 0, 0
2.00, 5.70, 15.38, 15.38, -604.58, 20.00, 4.63, 9.44, 4.72, 224.10, 92.05, 38.66, -71.04, 62.95, 0, 0
2.00, 5.70, 16.64, 16.64, -346.83, 20.00, 4.63, 12.22, 7.40, 402.25, 127.13, 40.09, -58.15, 52.68, 0, 0
2.00, 5.70, 17.52, 17.52, -191.75, 20.00, 4.63, 13.89, 9.12, 371.39, 160.26, 46.05, -41.80, 43.95, 0, 0
2.00, 5.70, 18.15, 18.15, -99.18, 20.00, 4.63, 15.00, 10.22, 310.42, 176.70, 55.06, -20.76, 38.01, 0, 0
2.00, 5.70, 18.75, 18.75, -13.97, 20.00, 4.63, 16.11, 11.19, 284.23, 184.82, 65.82, 3.96, 36.33, 0, 0
2.00, 5.70, 18.85, 18.85, -36.36, 20.00, 4.63, 16.67, 11.82, 121.00, 179.10, 77.56, 27.89, 39.48, 0, 0
2.00, 5.70, 18.68, 18.68, -104.70, 20.00, 4.63, 17.22, 12.30, 1.86, 153.19, 89.78, 47.40, 46.46, 0, 0
2.00, 5.70, 19.15, 19.15, -29.75, 20.00, 4.63, 16.67, 11.82, 0.00, 118.34, 0.00, 62.49, 55.78, 0, 0
2.00, 5.70, 19.58, 19.58, 30.21, 20.00, 4.63, 16.11, 11.19, 0.00, 81.87, 0.00, 74.60, 66.36, 0, 0
2.00, 5.70, 19.66, 19.66, 13.84, 20.00, 4.63, 14.44, 9.60, 0.00, 42.16, 0.00, 85.07, 77.54, 0, 0
2.00, 5.70, 18.36, 18.36, -284.85, 20.00, 4.63, 13.33, 8.50, 0.00, 16.82, 0.00, 94.88, 88.91, 0, 0
2.00, 5.70, 17.93, 17.93, -368.94, 20.00, 4.63, 12.22, 7.40, 0.00, 0.00, 0.00, 0.00, 90.00, 0, 0
2.00, 5.70, 17.66, 17.66, -415.26, 20.00, 4.63, 11.11, 6.18, 0.00, 0.00, 0.00, 0.00, 90.00, 0, 0
2.00, 5.70, 17.39, 17.39, -458.48, 20.00, 4.63, 10.00, 5.08, 0.00, 0.00, 0.00, 0.00, 90.00, 0, 0
2.00, 5.70, 17.10, 17.10, -505.88, 20.00, 4.63, 8.89, 3.87, 0.00, 0.00, 0.00, 0.00, 90.00, 0, 0
2.00, 5.70, 16.75, 16.75, -564.23, 20.00, 4.63, 7.22, 2.30, 0.00, 0.00, 0.00, 0.00, 90.00, 0, 0
2.00, 5.70, 16.38, 16.38, -622.70, 20.00, 4.63, 6.11, 1.21, 0.00, 0.00, 0.00, 0.00, 90.00, 0, 0
2.00, 5.70, 15.98, 15.98, -683.33, 20.00, 4.63, 5.00, 0.13, 0.00, 0.00, 0.00, 0.00, 90.00, 0, 0
2.00, 5.70, 15.56, 15.56, -746.35, 20.00, 4.63, 3.89, -1.07, 0.00, 0.00, 0.00, 0.00, 90.00, 0, 0
2.00, 5.70, 15.12, 15.12, -811.12, 20.00, 4.63, 2.78, -2.14, 0.00, 0.00, 0.00, 0.00, 90.00, 0, 0
2.00, 5.70, 14.65, 14.65, -877.64, 20.00, 4.63, 1.67, -3.35, 0.00, 0.00, 0.00, 0.00, 90.00, 0, 0
2.00, 5.70, 14.13, 14.13, -951.61, 20.00, 4.63, 0.00, -4.90, 0.00, 0.00, 0.00, 0.00, 90.00, 0, 0
2.00, 5.70, 13.95, 13.95, -952.69, 20.00, 4.63, 1.11, -3.82, 0.00, 22.94, 47.90, -90.00, 85.02, 0, 0
2.00, 5.70, 14.32, 14.32, -841.04, 20.00, 4.63, 3.33, -1.67, 111.40, 52.72, 42.55, -82.15, 73.68, 0, 0
2.00, 5.70, 14.82, 14.82, -717.71, 20.00, 4.63, 5.00, 0.13, 151.42, 94.26, 39.04, -71.29, 62.62, 0, 0
2.00, 5.70, 15.56, 15.56, -556.10, 20.00, 4.63, 6.67, 1.81, 230.24, 131.71, 40.50, -58.39, 52.32, 0, 0
2.00, 5.70, 16.40, 16.40, -390.74, 20.00, 4.63, 8.33, 3.39, 299.14, 163.34, 46.43, -42.00, 43.57, 0, 0
2.00, 5.70, 16.79, 16.79, -331.49, 20.00, 4.63, 9.44, 4.47, 220.46, 177.72, 55.40, -20.81, 37.60, 0, 0
2.00, 5.70, 16.66, 16.66, -383.02, 20.00, 4.63, 9.44, 4.60, 81.66, 166.62, 66.14, 4.13, 35.94, 0, 0
2.00, 5.70, 16.54, 16.54, -420.10, 20.00, 4.63, 9.44, 4.60, 27.88, 156.11, 77.85, 28.23, 39.14, 0, 0
2.00, 5.70, 16.49, 16.49, -440.22, 20.00, 4.63, 9.44, 4.60, 0.00, 150.21, 0.00, 47.80, 46.17, 0, 0
2.00, 5.70, 16.68, 16.68, -404.25, 20.00, 4.63, 9.44, 4.60, 0.00, 121.94, 0.00, 62.88, 55.54, 0, 0
2.00, 5.70, 17.02, 17.02, -342.62, 20.00, 4.63, 8.89, 3.99, 0.00, 80.18, 0.00, 74.98, 66.15, 0, 0
2.00, 5.70, 16.70, 16.70, -422.19, 20.00, 4.63, 7.78, 3.02, 0.00, 40.07, 0.00, 85.43, 77.34, 0, 0
2.00, 5.70, 15.49, 15.49, -678.73, 20.00, 4.63, 6.67, 1.93, 0.00, 12.23, 0.00, 95.23, 88.71, 0, 0
2.00, 5.70, 15.04, 15.04, -751.10, 20.00, 4.63, 6.67, 1.93, 0.00, 0.00, 0.00, 0.00, 90.00, 0, 0
2.00, 5.70, 14.71, 14.71, -793.08, 20.00, 4.63, 6.11, 1.44, 0.00, 0.00, 0.00, 0.00, 90.00, 0, 0
2.00, 5.70, 14.44, 14.44, -823.95, 20.00, 4.63, 6.11, 1.44, 0.00, 0.00, 0.00, 0.00, 90.00, 0, 0
2.00, 5.70, 14.15, 14.15, -859.73, 20.00, 4.63, 5.56, 0.95, 0.00, 0.00, 0.00, 0.00, 90.00, 0, 0
2.00, 5.70, 13.84, 13.84, -898.16, 20.00, 4.63, 5.00, 0.35, 0.00, 0.00, 0.00, 0.00, 90.00, 0, 0
2.00, 5.70, 13.58, 13.58, -924.77, 20.00, 4.63, 5.56, 0.84, 0.00, 0.00, 0.00, 0.00, 90.00, 0, 0
2.00, 5.70, 13.35, 13.35, -946.41, 20.00, 4.63, 6.11, 1.33, 0.00, 0.00, 0.00, 0.00, 90.00, 0, 0
2.00, 5.70, 13.11, 13.11, -970.84, 20.00, 4.63, 6.11, 1.44, 0.00, 0.00, 0.00, 0.00, 90.00, 0, 0
2.00, 5.70, 12.90, 12.90, -988.57, 20.00, 4.63, 6.67, 1.93, 0.00, 0.00, 0.00, 0.00, 90.00, 0, 0
2.00, 5.70, 12.71, 12.71, -1001.85, 20.00, 4.63, 7.22, 2.53, 0.00, 0.00, 0.00, 0.00, 90.00, 0, 0
2.00, 5.70, 12.51, 12.51, -1017.73, 20.00, 4.63, 7.22, 2.64, 0.00, 0.00, 0.00, 0.00, 90.00, 0, 0
2.00, 5.70, 12.85, 12.85, -922.41, 20.00, 4.63, 9.44, 4.94, 0.00, 44.35, 47.92, -90.00, 84.71, 0, 0
2.00, 5.70, 13.27, 13.27, -821.49, 20.00, 4.63, 11.11, 6.64, 66.32, 57.35, 42.88, -82.41, 73.36, 0, 0
2.00, 5.70, 13.89, 13.89, -688.72, 20.00, 4.63, 12.78, 8.25, 68.79, 99.52, 39.43, -71.55, 62.29, 0, 0
2.00, 5.70, 14.52, 14.52, -564.42, 20.00, 4.63, 13.89, 9.35, 78.11, 128.36, 40.90, -58.64, 51.97, 0, 0
2.00, 5.70, 15.09, 15.09, -463.45, 20.00, 4.63, 14.44, 9.96, 73.08, 149.24, 46.81, -42.19, 43.19, 0, 0
2.00, 5.70, 15.83, 15.83, -333.38, 20.00, 4.63, 15.56, 11.07, 107.46, 169.73, 55.75, -20.87, 37.20, 0, 0
2.00, 5.70, 16.72, 16.72, -180.68, 20.00, 4.63, 16.67, 12.18, 181.45, 183.47, 66.46, 4.30, 35.55, 0, 0
2.00, 5.70, 16.79, 16.79, -208.83, 20.00, 4.63, 17.22, 12.68, 53.76, 155.23, 78.15, 28.57, 38.80, 0, 0
2.00, 5.70, 16.35, 16.35, -333.91, 20.00, 4.63, 16.11, 11.68, 0.00, 88.50, 0.00, 48.20, 45.89, 0, 0
2.00, 5.70, 16.41, 16.41, -339.51, 20.00, 4.63, 15.56, 11.07, 0.00, 85.73, 0.00, 63.28, 55.30, 0, 0
2.00, 5.70, 16.67, 16.67, -298.84, 20.00, 4.63, 15.00, 10.57, 0.00, 76.66, 0.00, 75.36, 65.94, 0, 0
2.00, 5.70, 16.46, 16.46, -361.51, 20.00, 4.63, 14.44, 9.96, 0.00, 35.83, 0.00, 85.79, 77.15, 0, 0
2.00, 5.70, 15.95, 15.95, -479.69, 20.00, 4.63, 13.89, 9.46, 0.00, 6.12, 0.00, 95.58, 88.51, 0, 0
2.00, 5.70, 15.75, 15.75, -518.71, 20.00, 4.63, 13.33, 8.95, 0.00, 0.00, 0.00, 0.00, 90.00, 0, 0
2.00, 5.70, 15.65, 15.65, -535.85, 20.00, 4.63, 13.33, 8.95, 0.00, 0.00, 0.00, 0.00, 90.00, 0, 0
2.00, 5.70, 15.54, 15.54, -555.94, 20.00, 4.63, 12.78, 8.45, 0.00, 0.00, 0.00, 0.00, 90.00, 0, 0
2.00, 5.70, 15.40, 15.40, -579.18, 20.00, 4.63, 12.22, 7.85, 0.00, 0.00, 0.00, 0.00, 90.00, 0, 0
2.00, 5.70, 15.28, 15.28, -597.83, 20.00, 4.63, 12.22, 7.85, 0.00, 0.00, 0.00, 0.00, 90.00, 0, 0
2.00, 5.70, 15.13, 15.13, -622.03, 20.00, 4.63, 11.67, 7.24, 0.00, 0.00, 0.00, 0.00, 90.00, 0, 0
2.00, 5.70, 15.00, 15.00, -641.67, 20.00, 4.63, 11.67, 7.24, 0.00, 0.00, 0.00, 0.00, 90.00, 0, 0
2.00, 5.70, 14.84, 14.84, -666.57, 20.00, 4.63, 11.11, 6.64, 0.00, 0.00, 0.00, 0.00, 90.00, 0, 0
2.00, 5.70, 14.67, 14.67, -693.03, 20.00, 4.63, 10.56, 6.14, 0.00, 0.00, 0.00, 0.00, 90.00, 0, 0
2.00, 5.70, 14.48, 14.48, -720.31, 20.00, 4.63, 10.00, 5.64, 0.00, 0.00, 0.00, 0.00, 90.00, 0, 0
2.00, 5.70, 14.32, 14.32, -741.44, 20.00, 4.63, 10.00, 5.64, 0.00, 0.00, 0.00, 0.00, 90.00, 0, 0
2.00, 5.70, 14.58, 14.58, -673.79, 20.00, 4.63, 11.67, 7.34, 0.00, 35.17, 50.50, -92.57, 84.40, 0, 0
2.00, 5.70, 15.04, 15.04, -572.55, 20.00, 4.63, 13.33, 9.05, 54.93, 57.70, 43.22, -82.67, 73.04, 0, 0
2.00, 5.70, 15.93, 15.93, -391.30, 20.00, 4.63, 15.56, 11.27, 146.39, 98.58, 39.82, -71.82, 61.96, 0, 0
2.00, 5.70, 16.86, 16.86, -219.34, 20.00, 4.63, 17.22, 12.89, 183.66, 135.86, 41.30, -58.89, 51.62, 0, 0
2.00, 5.70, 17.97, 17.97, -23.41, 20.00, 4.63, 18.33, 14.01, 281.95, 165.12, 47.19, -42.39, 42.81, 0, 0
2.00, 5.70, 18.66, 18.66, 71.04, 20.00, 4.63, 19.44, 15.12, 217.64, 180.16, 56.09, -20.92, 36.80, 0, 0
2.00, 5.70, 19.21, 19.21, 134.49, 20.00, 4.63, 20.56, 16.24, 156.76, 185.59, 66.77, 4.48, 35.16, 0, 0
2.00, 5.70, 19.48, 19.48, 140.01, 20.00, 4.63, 21.11, 16.75, 63.18, 178.17, 78.45, 28.92, 38.46, 0, 0
2.00, 5.70, 19.57, 19.57, 112.60, 20.00, 4.63, 21.11, 16.75, 0.00, 157.21, 0.00, 48.60, 45.61, 0, 0
2.00, 5.70, 20.00, 20.00, 164.05, 20.00, 4.63, 21.11, 16.75, 0.00, 121.91, 0.00, 63.67, 55.07, 0, 0
2.00, 5.70, 20.33, 20.33, 191.78, 20.00, 4.63, 20.00, 15.73, 0.00, 83.20, 0.00, 75.73, 65.73, 0, 0
2.00, 5.70, 19.88, 19.88, 56.20, 20.00, 4.63, 18.89, 14.61, 0.00, 35.75, 0.00, 86.15, 76.95, 0, 0
2.00, 5.70, 19.17, 19.17, -114.20, 20.00, 4.63, 17.78, 13.59, 0.00, 6.12, 0.00, 95.93, 88.31, 0, 0
2.00, 5.70, 18.96, 18.96, -162.69, 20.00, 4.63, 17.22, 12.99, 0.00, 0.00, 0.00, 0.00, 90.00, 0, 0
2.00, 5.70, 18.84, 18.84, -190.31, 20.00, 4.63, 16.67, 12.48, 0.00, 0.00, 0.00, 0.00, 90.00, 0, 0
2.00, 5.70, 18.73, 18.73, -216.36, 20.00, 4.63, 16.11, 11.96, 0.00, 0.00, 0.00, 0.00, 90.00, 0, 0
2.00, 5.70, 18.60, 18.60, -245.40, 20.00, 4.63, 15.56, 11.36, 0.00, 0.00, 0.00, 0.00, 90.00, 0, 0
2.00, 5.70, 18.44, 18.44, -276.97, 20.00, 4.63, 15.00, 10.85, 0.00, 0.00, 0.00, 0.00, 90.00, 0, 0
2.00, 5.70, 18.30, 18.30, -304.16, 20.00, 4.63, 15.00, 10.76, 0.00, 0.00, 0.00, 0.00, 90.00, 0, 0
2.00, 5.70, 18.13, 18.13, -336.45, 20.00, 4.63, 14.44, 10.25, 0.00, 0.00, 0.00, 0.00, 90.00, 0, 0
2.00, 5.70, 17.97, 17.97, -364.16, 20.00, 4.63, 14.44, 10.16, 0.00, 0.00, 0.00, 0.00, 90.00, 0, 0
2.00, 5.70, 17.78, 17.78, -396.37, 20.00, 4.63, 13.89, 9.65, 0.00, 0.00, 0.00, 0.00, 90.00, 0, 0
2.00, 5.70, 17.62, 17.62, -423.09, 20.00, 4.63, 13.89, 9.65, 0.00, 0.00, 0.00, 0.00, 90.00, 0, 0
2.00, 5.70, 17.43, 17.43, -453.91, 20.00, 4.63, 13.33, 9.14, 0.00, 0.00, 0.00, 0.00, 90.00, 0, 0
2.00, 5.70, 17.50, 17.50, -427.94, 20.00, 4.63, 14.44, 10.34, 0.00, 19.88, 50.77, -92.82, 84.08, 0, 0
2.00, 5.70, 17.67, 17.67, -385.90, 20.00, 4.63, 15.56, 11.45, 2.40, 38.43, 43.55, -82.93, 72.73, 0, 0
2.00, 5.70, 18.13, 18.13, -287.71, 20.00, 4.63, 16.67, 12.48, 16.41, 77.57, 40.20, -72.08, 61.64, 0, 0
2.00, 5.70, 18.15, 18.15, -293.11, 20.00, 4.63, 16.67, 12.56, 10.53, 63.90, 41.69, -59.15, 51.28, 0, 0
2.00, 5.70, 18.47, 18.47, -232.93, 20.00, 4.63, 17.22, 13.08, 7.15, 89.97, 47.56, -42.59, 42.44, 0, 0
2.00, 5.70, 18.60, 18.60, -216.96, 20.00, 4.63, 17.78, 13.59, 3.24, 85.36, 56.43, -20.97, 36.41, 0, 0
2.00, 5.70, 18.64, 18.64, -219.13, 20.00, 4.63, 17.78, 13.59, 0.00, 76.47, 67.09, 4.65, 34.77, 0, 0
2.00, 5.70, 18.56, 18.56, -247.08, 20.00, 4.63, 17.22, 12.99, 0.00, 59.64, 78.74, 29.26, 38.13, 0, 0
2.00, 5.70, 18.39, 18.39, -288.89, 20.00, 4.63, 17.22, 12.99, 0.00, 36.70, 0.00, 49.00, 45.34, 0, 0
2.00, 5.70, 18.38, 18.38, -291.64, 20.00, 4.63, 16.67, 12.48, 0.00, 41.29, 0.00, 64.07, 54.83, 0, 0
2.00, 5.70, 18.46, 18.46, -276.38, 20.00, 4.63, 16.67, 12.48, 0.00, 48.01, 0.00, 76.10, 65.52, 0, 0
2.00, 5.70, 18.26, 18.26, -323.09, 20.00, 4.63, 16.11, 11.87, 0.00, 24.21, 0.00, 86.50, 76.75, 0, 0
2.00, 5.70, 18.02, 18.02, -371.70, 20.00, 4.63, 16.11, 11.87, 0.00, 4.59, 0.00, 96.28, 88.11, 0, 0
2.00, 5.70, 17.85, 17.85, -402.13, 20.00, 4.63, 15.56, 11.36, 0.00, 0.00, 0.00, 0.00, 90.00, 0, 0
2.00, 5.70, 17.70, 17.70, -424.58, 20.00, 4.63, 15.00, 10.76, 0.00, 0.00, 0.00, 0.00, 90.00, 0, 0
2.00, 5.70, 17.56, 17.56, -447.03, 20.00, 4.63, 14.44, 10.25, 0.00, 0.00, 0.00, 0.00, 90.00, 0, 0
2.00, 5.70, 17.40, 17.40, -470.80, 20.00, 4.63, 13.89, 9.65, 0.00, 0.00, 0.00, 0.00, 90.00, 0, 0
2.00, 5.70, 17.23, 17.23, -495.34, 20.00, 4.63, 13.33, 9.14, 0.00, 0.00, 0.00, 0.00, 90.00, 0, 0
2.00, 5.70, 17.06, 17.06, -521.05, 20.00, 4.63, 12.78, 8.54, 0.00, 0.00, 0.00, 0.00, 90.00, 0, 0
2.00, 5.70, 16.87, 16.87, -547.88, 20.00, 4.63, 12.22, 7.94, 0.00, 0.00, 0.00, 0.00, 90.00, 0, 0
2.00, 5.70, 16.67, 16.67, -575.73, 20.00, 4.63, 11.67, 7.34, 0.00, 0.00, 0.00, 0.00, 90.00, 0, 0
2.00, 5.70, 16.43, 16.43, -610.85, 20.00, 4.63, 10.56, 6.33, 0.00, 0.00, 0.00, 0.00, 90.00, 0, 0
2.00, 5.70, 16.19, 16.19, -643.09, 20.00, 4.63, 10.00, 5.73, 0.00, 0.00, 0.00, 0.00, 90.00, 0, 0
2.00, 5.70, 15.95, 15.95, -674.68, 20.00, 4.63, 9.44, 5.22, 0.00, 0.00, 0.00, 0.00, 90.00, 0, 0
2.00, 5.70, 16.28, 16.28, -586.80, 20.00, 4.63, 11.67, 7.43, 0.00, 45.88, 51.05, -93.07, 83.77, 0, 0
2.00, 5.70, 16.85, 16.85, -458.48, 20.00, 4.63, 13.89, 9.65, 134.87, 54.18, 43.88, -83.18, 72.42, 0, 0
2.00, 5.70, 17.72, 17.72, -281.83, 20.00, 4.63, 16.11, 11.87, 216.05, 92.37, 40.59, -72.34, 61.31, 0, 0
2.00, 5.70, 18.84, 18.84, -67.34, 20.00, 4.63, 17.78, 13.50, 314.57, 132.07, 42.09, -59.40, 50.93, 0, 0
2.00, 5.70, 19.92, 19.92, 120.68, 20.00, 4.63, 19.44, 15.22, 380.28, 157.21, 47.94, -42.80, 42.07, 0, 0
2.00, 5.70, 20.76, 20.76, 244.98, 20.00, 4.63, 21.11, 16.75, 331.77, 177.47, 56.78, -21.03, 36.01, 0, 0
2.00, 5.70, 21.38, 21.38, 320.18, 20.00, 4.63, 22.22, 17.87, 271.55, 182.39, 67.40, 4.83, 34.39, 0, 0
2.00, 5.70, 21.65, 21.65, 321.13, 20.00, 4.63, 22.78, 18.38, 148.82, 176.01, 79.03, 29.62, 37.79, 0, 0
2.00, 5.70, 21.65, 21.65, 272.35, 20.00, 4.63, 22.78, 18.38, 0.00, 159.63, 0.00, 49.40, 45.06, 0, 0
2.00, 5.70, 22.35, 22.35, 380.15, 20.00, 4.63, 22.78, 18.38, 0.00, 124.40, 0.00, 64.46, 54.60, 0, 0
2.00, 5.70, 23.71, 23.71, 619.34, 20.00, 4.63, 22.22, 17.87, 0.00, 81.17, 0.00, 76.48, 65.32, 0, 0
2.00, 5.70, 24.52, 24.52, 720.40, 20.00, 4.63, 20.56, 16.24, 0.00, 43.52, 0.00, 86.86, 76.56, 0, 0
2.00, 5.70, 22.35, 22.35, 197.79, 20.00, 4.63, 19.44, 15.12, 0.00, 24.47, 0.00, 96.62, 87.92, 0, 0
2.00, 5.70, 21.87, 21.87, 91.05, 20.00, 4.63, 18.89, 14.61, 0.00, 0.00, 0.00, 0.00, 90.00, 0, 0
2.00, 5.70, 21.64, 21.64, 41.05, 20.00, 4.63, 17.78, 13.50, 0.00, 0.00, 0.00, 0.00, 90.00, 0, 0
2.00, 5.70, 21.44, 21.44, -1.48, 20.00, 4.63, 16.67, 12.38, 0.00, 0.00, 0.00, 0.00, 90.00, 0, 0
2.00, 5.70, 21.24, 21.24, -40.69, 20.00, 4.63, 16.11, 11.78, 0.00, 0.00, 0.00, 0.00, 90.00, 0, 0
2.00, 5.70, 20.99, 20.99, -88.65, 20.00, 4.63, 15.00, 10.67, 0.00, 0.00, 0.00, 0.00, 90.00, 0, 0
2.00, 5.70, 20.74, 20.74, -135.19, 20.00, 4.63, 14.44, 10.16, 0.00, 0.00, 0.00, 0.00, 90.00, 0, 0
2.00, 5.70, 20.47, 20.47, -182.82, 20.00, 4.63, 13.89, 9.56, 0.00, 0.00, 0.00, 0.00, 90.00, 0, 0
2.00, 5.70, 20.19, 20.19, -231.27, 20.00, 4.63, 13.33, 8.95, 0.00, 0.00, 0.00, 0.00, 90.00, 0, 0
2.00, 5.70, 19.89, 19.89, -279.84, 20.00, 4.63, 12.78, 8.45, 0.00, 0.00, 0.00, 0.00, 90.00, 0, 0
2.00, 5.70, 19.59, 19.59, -328.15, 20.00, 4.63, 12.22, 7.94, 0.00, 0.00, 0.00, 0.00, 90.00, 0, 0
2.00, 5.70, 19.27, 19.27, -375.87, 20.00, 4.63, 11.67, 7.34, 0.00, 0.00, 0.00, 0.00, 90.00, 0, 0
2.00, 5.70, 19.23, 19.23, -365.34, 20.00, 4.63, 12.78, 8.45, 0.00, 19.88, 51.32, -93.32, 83.47, 0, 0
2.00, 5.70, 19.46, 19.46, -301.73, 20.00, 4.63, 14.44, 10.16, 6.99, 52.45, 44.22, -83.44, 72.11, 0, 0
2.00, 5.70, 19.75, 19.75, -233.29, 20.00, 4.63, 15.56, 11.27, 10.66, 80.64, 40.97, -72.60, 60.99, 0, 0
2.00, 5.70, 19.74, 19.74, -235.39, 20.00, 4.63, 15.56, 11.27, 5.91, 75.14, 42.48, -59.66, 50.59, 0, 0
2.00, 5.70, 20.41, 20.41, -92.78, 20.00, 4.63, 16.67, 12.38, 57.74, 128.32, 48.31, -43.00, 41.70, 0, 0
2.00, 5.70, 21.22, 21.22, 62.78, 20.00, 4.63, 18.33, 14.01, 93.57, 169.42, 57.12, -21.09, 35.62, 0, 0
2.00, 5.70, 21.90, 21.90, 178.14, 20.00, 4.63, 19.44, 15.12, 122.04, 183.38, 67.71, 5.01, 34.01, 0, 0
2.00, 5.70, 22.14, 22.14, 195.86, 20.00, 4.63, 20.56, 16.14, 53.18, 172.75, 79.32, 29.97, 37.46, 0, 0
2.00, 5.70, 22.19, 22.19, 175.37, 20.00, 4.63, 20.56, 16.14, 0.00, 154.20, 0.00, 49.81, 44.79, 0, 0
2.00, 5.70, 22.31, 22.31, 175.13, 20.00, 4.63, 20.56, 16.24, 0.00, 122.42, 0.00, 64.86, 54.37, 0, 0
2.00, 5.70, 22.46, 22.46, 184.62, 20.00, 4.63, 20.56, 16.14, 0.00, 84.57, 0.00, 76.85, 65.11, 0, 0
2.00, 5.70, 22.74, 22.74, 222.32, 20.00, 4.63, 19.44, 15.12, 0.00, 47.73, 0.00, 87.21, 76.37, 0, 0
2.00, 5.70, 21.70, 21.70, -19.91, 20.00, 4.63, 18.89, 14.51, 0.00, 18.35, 0.00, 96.96, 87.72, 0, 0
2.00, 5.70, 21.30, 21.30, -99.36, 20.00, 4.63, 17.78, 13.50, 0.00, 0.00, 0.00, 0.00, 90.00, 0, 0
2.00, 5.70, 21.08, 21.08, -135.74, 20.00, 4.63, 17.22, 12.89, 0.00, 0.00, 0.00, 0.00, 90.00, 0, 0
2.00, 5.70, 20.86, 20.86, -172.41, 20.00, 4.63, 16.11, 11.78, 0.00, 0.00, 0.00, 0.00, 90.00, 0, 0
2.00, 5.70, 20.65, 20.65, -205.27, 20.00, 4.63, 15.56, 11.27, 0.00, 0.00, 0.00, 0.00, 90.00, 0, 0
2.00, 5.70, 20.40, 20.40, -245.51, 20.00, 4.63, 14.44, 10.16, 0.00, 0.00, 0.00, 0.00, 90.00, 0, 0
2.00, 5.70, 20.15, 20.15, -283.40, 20.00, 4.63, 13.89, 9.56, 0.00, 0.00, 0.00, 0.00, 90.00, 0, 0
2.00, 5.70, 19.89, 19.89, -321.71, 20.00, 4.63, 13.33, 8.95, 0.00, 0.00, 0.00, 0.00, 90.00, 0, 0
2.00, 5.70, 19.62, 19.62, -360.73, 20.00, 4.63, 12.78, 8.35, 0.00, 0.00, 0.00, 0.00, 90.00, 0, 0
2.00, 5.70, 19.31, 19.31, -406.76, 20.00, 4.63, 11.67, 7.34, 0.00, 0.00, 0.00, 0.00, 90.00, 0, 0
2.00, 5.70, 19.00, 19.00, -449.50, 20.00, 4.63, 11.11, 6.74, 0.00, 0.00, 0.00, 0.00, 90.00, 0, 0
2.00, 5.70, 18.66, 18.66, -497.83, 20.00, 4.63, 10.00, 5.73, 0.00, 0.00, 0.00, 0.00, 90.00, 0, 0
2.00, 5.70, 18.73, 18.73, -457.75, 20.00, 4.63, 11.67, 7.34, 0.00, 30.59, 51.59, -93.57, 83.16, 0, 0
2.00, 5.70, 19.28, 19.28, -326.35, 20.00, 4.63, 13.89, 9.65, 97.40, 62.73, 44.55, -83.70, 71.80, 0, 0
2.00, 5.70, 19.48, 19.48, -280.15, 20.00, 4.63, 15.00, 10.76, 48.23, 82.92, 41.35, -72.87, 60.68, 0, 0
2.00, 5.70, 19.88, 19.88, -197.12, 20.00, 4.63, 15.56, 11.27, 38.07, 117.44, 42.87, -59.92, 50.26, 0, 0
2.00, 5.70, 20.44, 20.44, -86.99, 20.00, 4.63, 16.67, 12.38, 65.76, 146.89, 48.68, -43.21, 41.33, 0, 0
2.00, 5.70, 21.12, 21.12, 40.30, 20.00, 4.63, 17.78, 13.50, 103.57, 173.44, 57.45, -21.15, 35.23, 0, 0
2.00, 5.70, 21.36, 21.36, 63.77, 20.00, 4.63, 18.33, 14.01, 54.31, 166.50, 68.02, 5.18, 33.63, 0, 0
2.00, 5.70, 21.25, 21.25, 17.64, 20.00, 4.63, 18.33, 14.01, 12.51, 134.77, 79.61, 30.33, 37.14, 0, 0
2.00, 5.70, 21.50, 21.50, 52.97, 20.00, 4.63, 18.89, 14.61, 0.00, 146.14, 0.00, 50.21, 44.52, 0, 0
2.00, 5.70, 21.98, 21.98, 136.00, 20.00, 4.63, 18.89, 14.61, 0.00, 125.98, 0.00, 65.25, 54.15, 0, 0
2.00, 5.70, 21.46, 21.46, 2.60, 20.00, 4.63, 17.78, 13.59, 0.00, 55.31, 0.00, 77.22, 64.91, 0, 0
2.00, 5.70, 20.93, 20.93, -114.38, 20.00, 4.63, 16.67, 12.48, 0.00, 28.17, 0.00, 90.00, 76.17, 0, 0
2.00, 5.70, 20.50, 20.50, -201.02, 20.00, 4.63, 16.11, 11.96, 0.00, 9.18, 0.00, 97.30, 87.52, 0, 0
2.00, 5.70, 20.21, 20.21, -249.60, 20.00, 4.63, 15.56, 11.45, 0.00, 0.00, 0.00, 0.00, 90.00, 0, 0
2.00, 5.70, 20.04, 20.04, -272.98, 20.00, 4.63, 15.56, 11.36, 0.00, 0.00, 0.00, 0.00, 90.00, 0, 0
2.00, 5.70, 19.85, 19.85, -299.67, 20.00, 4.63, 15.00, 10.85, 0.00, 0.00, 0.00, 0.00, 90.00, 0, 0
2.00, 5.70, 19.64, 19.64, -329.25, 20.00, 4.63, 14.44, 10.34, 0.00, 0.00, 0.00, 0.00, 90.00, 0, 0
2.00, 5.70, 19.41, 19.41, -360.95, 20.00, 4.63, 13.89, 9.74, 0.00, 0.00, 0.00, 0.00, 90.00, 0, 0
2.00, 5.70, 19.21, 19.21, -387.16, 20.00, 4.63, 13.89, 9.74, 0.00, 0.00, 0.00, 0.00, 90.00, 0, 0
2.00, 5.70, 19.01, 19.01, -411.34, 20.00, 4.63, 13.89, 9.74, 0.00, 0.00, 0.00, 0.00, 90.00, 0, 0
2.00, 5.70, 18.82, 18.82, -434.27, 20.00, 4.63, 13.89, 9.74, 0.00, 0.00, 0.00, 0.00, 90.00, 0, 0
2.00, 5.70, 18.63, 18.63, -456.11, 20.00, 4.63, 13.89, 9.74, 0.00, 0.00, 0.00, 0.00, 90.00, 0, 0
2.00, 5.70, 18.44, 18.44, -476.71, 20.00, 4.63, 13.89, 9.74, 0.00, 0.00, 0.00, 0.00, 90.00, 0, 0
2.00, 5.70, 18.27, 18.27, -495.65, 20.00, 4.63, 13.89, 9.82, 0.00, 0.00, 0.00, 0.00, 90.00, 0, 0
2.00, 5.70, 18.40, 18.40, -449.50, 20.00, 4.63, 15.00, 10.93, 12.39, 22.77, 51.87, -93.81, 82.86, 0, 0
2.00, 5.70, 18.81, 18.81, -351.17, 20.00, 4.63, 16.67, 12.65, 27.62, 59.00, 44.88, -83.95, 71.50, 0, 0
2.00, 5.70, 19.59, 19.59, -185.38, 20.00, 4.63, 18.33, 14.28, 92.60, 104.21, 41.73, -73.13, 60.36, 0, 0
2.00, 5.70, 20.50, 20.50, -9.85, 20.00, 4.63, 20.00, 15.92, 143.67, 142.52, 43.26, -60.18, 49.92, 0, 0
2.00, 5.70, 21.44, 21.44, 159.74, 20.00, 4.63, 21.11, 17.04, 201.99, 170.63, 49.05, -43.42, 40.96, 0, 0
2.00, 5.70, 22.51, 22.51, 343.72, 20.00, 4.63, 22.78, 18.68, 287.23, 188.88, 57.79, -21.21, 34.84, 0, 0
2.00, 5.70, 22.33, 22.33, 253.48, 20.00, 4.63, 22.78, 18.68, 85.04, 148.61, 68.33, 5.36, 33.25, 0, 0
2.00, 5.70, 22.16, 22.16, 181.68, 20.00, 4.63, 22.78, 18.68, 4.98, 120.37, 79.90, 30.68, 36.81, 0, 0
2.00, 5.70, 21.95, 21.95, 113.65, 20.00, 4.63, 21.67, 17.55, 0.00, 88.62, 0.00, 50.62, 44.25, 0, 0
2.00, 5.70, 21.85, 21.85, 77.19, 20.00, 4.63, 21.11, 17.04, 0.00, 71.22, 0.00, 65.65, 53.92, 0, 0
2.00, 5.70, 21.74, 21.74, 43.73, 20.00, 4.63, 20.56, 16.52, 0.00, 55.06, 0.00, 77.59, 64.71, 0, 0
2.00, 5.70, 21.49, 21.49, -17.70, 20.00, 4.63, 19.44, 15.40, 0.00, 29.06, 0.00, 90.00, 75.98, 0, 0
2.00, 5.70, 21.20, 21.20, -80.25, 20.00, 4.63, 18.89, 14.88, 0.00, 6.12, 0.00, 97.64, 87.33, 0, 0
2.00, 5.70, 21.03, 21.03, -111.83, 20.00, 4.63, 18.89, 14.88, 0.00, 0.00, 0.00, 0.00, 90.00, 0, 0
2.00, 5.70, 20.89, 20.89, -135.70, 20.00, 4.63, 18.33, 14.36, 0.00, 0.00, 0.00, 0.00, 90.00, 0, 0
2.00, 5.70, 20.78, 20.78, -154.39, 20.00, 4.63, 18.33, 14.28, 0.00, 0.00, 0.00, 0.00, 90.00, 0, 0
2.00, 5.70, 20.63, 20.63, -178.80, 20.00, 4.63, 17.78, 13.76, 0.00, 0.00, 0.00, 0.00, 90.00, 0, 0
2.00, 5.70, 20.50, 20.50, -198.71, 20.00, 4.63, 17.78, 13.76, 0.00, 0.00, 0.00, 0.00, 90.00, 0, 0
2.00, 5.70, 20.34, 20.34, -223.94, 20.00, 4.63, 17.22, 13.16, 0.00, 0.00, 0.00, 0.00, 90.00, 0, 0
2.00, 5.70, 20.17, 20.17, -250.81, 20.00, 4.63, 16.67, 12.65, 0.00, 0.00, 0.00, 0.00, 90.00, 0, 0
2.00, 5.70, 19.98, 19.98, -278.71, 20.00, 4.63, 16.11, 12.05, 0.00, 0.00, 0.00, 0.00, 90.00, 0, 0
2.00, 5.70, 19.82, 19.82, -300.35, 20.00, 4.63, 16.11, 12.05, 0.00, 0.00, 0.00, 0.00, 90.00, 0, 0
2.00, 5.70, 19.64, 19.64, -326.20, 20.00, 4.63, 15.56, 11.53, 0.00, 0.00, 0.00, 0.00, 90.00, 0, 0
2.00, 5.70, 19.44, 19.44, -353.48, 20.00, 4.63, 15.00, 11.02, 0.00, 0.00, 0.00, 0.00, 90.00, 0, 0
2.00, 5.70, 19.51, 19.51, -325.13, 20.00, 4.63, 16.11, 12.13, 2.43, 18.57, 52.14, -94.06, 82.56, 0, 0
2.00, 5.70, 20.18, 20.18, -174.98, 20.00, 4.63, 18.89, 14.88, 69.87, 62.97, 45.21, -84.21, 71.20, 0, 0
2.00, 5.70, 20.94, 20.94, -20.79, 20.00, 4.63, 20.56, 16.52, 84.53, 111.19, 42.10, -73.40, 60.05, 0, 0
2.00, 5.70, 21.71, 21.71, 120.80, 20.00, 4.63, 22.22, 18.16, 106.43, 140.35, 43.65, -60.44, 49.59, 0, 0
2.00, 5.70, 22.04, 22.04, 158.42, 20.00, 4.63, 22.78, 18.68, 49.10, 141.97, 49.41, -43.64, 40.60, 0, 0
2.00, 5.70, 21.90, 21.90, 101.52, 20.00, 4.63, 22.78, 18.68, 7.68, 102.42, 58.12, -21.28, 34.45, 0, 0
2.00, 5.70, 22.09, 22.09, 121.84, 20.00, 4.63, 22.78, 18.58, 5.75, 106.92, 68.63, 5.55, 32.88, 0, 0
2.00, 5.70, 22.62, 22.62, 213.12, 20.00, 4.63, 22.78, 18.58, 9.14, 142.17, 80.19, 31.04, 36.49, 0, 0
2.00, 5.70, 23.06, 23.06, 278.44, 20.00, 4.63, 23.33, 19.10, 0.00, 151.81, 0.00, 51.03, 43.99, 0, 0
2.00, 5.70, 23.59, 23.59, 360.35, 20.00, 4.63, 23.33, 19.19, 0.00, 125.81, 0.00, 66.04, 53.70, 0, 0
2.00, 5.70, 24.21, 24.21, 454.19, 20.00, 4.63, 23.33, 19.10, 0.00, 85.19, 0.00, 77.96, 64.51, 0, 0
2.00, 5.70, 24.85, 24.85, 547.78, 20.00, 4.63, 22.78, 18.58, 0.00, 45.70, 0.00, 90.00, 75.79, 0, 0
2.00, 5.70, 23.35, 23.35, 189.10, 20.00, 4.63, 21.67, 17.46, 0.00, 19.88, 0.00, 97.98, 87.14, 0, 0
2.00, 5.70, 22.93, 22.93, 98.05, 20.00, 4.63, 20.56, 16.34, 0.00, 0.00, 0.00, 0.00, 90.00, 0, 0
2.00, 5.70, 22.70, 22.70, 52.57, 20.00, 4.63, 19.44, 15.22, 0.00, 0.00, 0.00, 0.00, 90.00, 0, 0
2.00, 5.70, 22.49, 22.49, 13.58, 20.00, 4.63, 18.33, 14.10, 0.00, 0.00, 0.00, 0.00, 90.00, 0, 0
2.00, 5.70, 22.27, 22.27, -27.19, 20.00, 4.63, 17.22, 12.99, 0.00, 0.00, 0.00, 0.00, 90.00, 0, 0
2.00, 5.70, 22.02, 22.02, -71.72, 20.00, 4.63, 16.11, 11.78, 0.00, 0.00, 0.00, 0.00, 90.00, 0, 0
2.00, 5.70, 21.74, 21.74, -119.54, 20.00, 4.63, 15.00, 10.76, 0.00, 0.00, 0.00, 0.00, 90.00, 0, 0
2.00, 5.70, 21.43, 21.43, -170.57, 20.00, 4.63, 13.89, 9.65, 0.00, 0.00, 0.00, 0.00, 90.00, 0, 0
2.00, 5.70, 21.10, 21.10, -224.59, 20.00, 4.63, 12.78, 8.45, 0.00, 0.00, 0.00, 0.00, 90.00, 0, 0
2.00, 5.70, 20.74, 20.74, -280.80, 20.00, 4.63, 11.67, 7.34, 0.00, 0.00, 0.00, 0.00, 90.00, 0, 0
2.00, 5.70, 20.36, 20.36, -338.88, 20.00, 4.63, 10.56, 6.24, 0.00, 0.00, 0.00, 0.00, 90.00, 0, 0
2.00, 5.70, 19.95, 19.95, -398.58, 20.00, 4.63, 9.44, 5.13, 0.00, 0.00, 0.00, 0.00, 90.00, 0, 0
2.00, 5.70, 19.90, 19.90, -382.58, 20.00, 4.63, 10.56, 6.24, 14.76, 22.12, 52.41, -94.31, 82.26, 0, 0
2.00, 5.70, 20.45, 20.45, -244.48, 20.00, 4.63, 13.33, 8.95, 102.54, 65.49, 45.54, -84.47, 70.90, 0, 0
2.00, 5.70, 21.19, 21.19, -83.76, 20.00, 4.63, 15.56, 11.17, 192.57, 100.94, 42.48, -73.67, 59.74, 0, 0
2.00, 5.70, 22.12, 22.12, 101.02, 20.00, 4.63, 17.22, 12.89, 259.42, 143.42, 44.03, -60.70, 49.26, 0, 0
2.00, 5.70, 22.40, 22.40, 133.57, 20.00, 4.63, 18.33, 14.01, 130.61, 159.48, 49.77, -43.85, 40.24, 0, 0
2.00, 5.70, 22.72, 22.72, 177.22, 20.00, 4.63, 18.89, 14.51, 86.61, 173.32, 58.45, -21.35, 34.07, 0, 0
2.00, 5.70, 22.89, 22.89, 188.82, 20.00, 4.63, 18.89, 14.51, 53.28, 171.12, 68.94, 5.73, 32.50, 0, 0
2.00, 5.70, 22.74, 22.74, 134.47, 20.00, 4.63, 18.89, 14.41, 9.92, 140.30, 80.47, 31.41, 36.17, 0, 0
2.00, 5.70, 22.37, 22.37, 42.53, 20.00, 4.63, 17.78, 13.40, 0.00, 96.88, 0.00, 51.44, 43.73, 0, 0
2.00, 5.70, 22.43, 22.43, 53.72, 20.00, 4.63, 17.22, 12.79, 0.00, 100.29, 0.00, 66.43, 53.48, 0, 0
2.00, 5.70, 23.04, 23.04, 174.90, 20.00, 4.63, 16.67, 12.28, 0.00, 85.20, 0.00, 78.32, 64.31, 0, 0
2.00, 5.70, 23.52, 23.52, 257.16, 20.00, 4.63, 16.11, 11.78, 0.00, 46.54, 0.00, 90.00, 75.60, 0, 0
2.00, 5.70, 22.02, 22.02, -80.47, 20.00, 4.63, 15.56, 11.17, 0.00, 18.35, 0.00, 98.31, 86.94, 0, 0
2.00, 5.70, 21.48, 21.48, -178.97, 20.00, 4.63, 14.44, 10.16, 0.00, 0.00, 0.00, 0.00, 90.00, 0, 0
2.00, 5.70, 21.14, 21.14, -230.07, 20.00, 4.63, 13.89, 9.56, 0.00, 0.00, 0.00, 0.00, 90.00, 0, 0
2.00, 5.70, 20.84, 20.84, -272.00, 20.00, 4.63, 13.33, 8.95, 0.00, 0.00, 0.00, 0.00, 90.00, 0, 0
2.00, 5.70, 20.51, 20.51, -319.36, 20.00, 4.63, 12.22, 7.85, 0.00, 0.00, 0.00, 0.00, 90.00, 0, 0
2.00, 5.70, 20.18, 20.18, -363.55, 20.00, 4.63, 11.67, 7.24, 0.00, 0.00, 0.00, 0.00, 90.00, 0, 0
2.00, 5.70, 19.85, 19.85, -407.37, 20.00, 4.63, 11.11, 6.74, 0.00, 0.00, 0.00, 0.00, 90.00, 0, 0
2.00, 5.70, 19.52, 19.52, -451.52, 20.00, 4.63, 10.56, 6.14, 0.00, 0.00, 0.00, 0.00, 90.00, 0, 0
2.00, 5.70, 19.20, 19.20, -489.13, 20.00, 4.63, 10.56, 6.14, 0.00, 0.00, 0.00, 0.00, 90.00, 0, 0
2.00, 5.70, 18.87, 18.87, -530.73, 20.00, 4.63, 10.00, 5.54, 0.00, 0.00, 0.00, 0.00, 90.00, 0, 0
2.00, 5.70, 18.53, 18.53, -572.92, 20.00, 4.63, 9.44, 5.04, 0.00, 0.00, 0.00, 0.00, 90.00, 0, 0
2.00, 5.70, 18.21, 18.21, -608.33, 20.00, 4.63, 9.44, 5.04, 0.00, 0.00, 0.00, 0.00, 90.00, 0, 0
2.00, 5.70, 18.35, 18.35, -547.46, 20.00, 4.63, 10.56, 6.24, 38.14, 30.29, 52.69, -94.55, 81.96, 0, 0
2.00, 5.70, 18.54, 18.54, -484.65, 20.00, 4.63, 12.22, 7.85, 26.28, 59.72, 45.87, -84.73, 70.60, 0, 0
2.00, 5.70, 19.62, 19.62, -245.08, 20.00, 4.63, 14.44, 10.16, 173.83, 124.00, 42.85, -73.93, 59.44, 0, 0
2.00, 5.70, 20.49, 20.49, -71.22, 20.00, 4.63, 16.67, 12.28, 213.30, 154.70, 44.42, -60.97, 48.93, 0, 0
2.00, 5.70, 21.25, 21.25, 63.22, 20.00, 4.63, 18.33, 13.90, 223.58, 174.25, 50.13, -44.08, 39.89, 0, 0
2.00, 5.70, 21.42, 21.42, 67.20, 20.00, 4.63, 18.89, 14.51, 102.21, 170.45, 58.78, -21.42, 33.69, 0, 0
2.00, 5.70, 21.21, 21.21, -3.05, 20.00, 4.63, 18.89, 14.51, 19.01, 136.77, 69.24, 5.91, 32.13, 0, 0
2.00, 5.70, 20.81, 20.81, -101.17, 20.00, 4.63, 18.33, 13.90, 1.52, 87.50, 80.75, 31.77, 35.85, 0, 0
2.00, 5.70, 20.74, 20.74, -119.21, 20.00, 4.63, 17.78, 13.29, 0.00, 84.73, 0.00, 51.84, 43.47, 0, 0
2.00, 5.70, 20.98, 20.98, -72.05, 20.00, 4.63, 17.22, 12.79, 0.00, 100.96, 0.00, 66.82, 53.26, 0, 0
2.00, 5.70, 21.60, 21.60, 52.49, 20.00, 4.63, 17.22, 12.89, 0.00, 87.52, 0.00, 78.69, 64.12, 0, 0
2.00, 5.70, 21.66, 21.66, 45.80, 20.00, 4.63, 16.67, 12.28, 0.00, 46.31, 0.00, 90.00, 75.41, 0, 0
2.00, 5.70, 20.55, 20.55, -201.77, 20.00, 4.63, 15.56, 11.27, 0.00, 12.23, 0.00, 98.64, 86.75, 0, 0
2.00, 5.70, 20.16, 20.16, -271.90, 20.00, 4.63, 15.00, 10.67, 0.00, 0.00, 0.00, 0.00, 90.00, 0, 0
2.00, 5.70, 19.90, 19.90, -309.70, 20.00, 4.63, 14.44, 10.06, 0.00, 0.00, 0.00, 0.00, 90.00, 0, 0
2.00, 5.70, 19.64, 19.64, -348.10, 20.00, 4.63, 13.33, 9.05, 0.00, 0.00, 0.00, 0.00, 90.00, 0, 0
2.00, 5.70, 19.38, 19.38, -383.04, 20.00, 4.63, 12.78, 8.45, 0.00, 0.00, 0.00, 0.00, 90.00, 0, 0
2.00, 5.70, 19.12, 19.12, -418.30, 20.00, 4.63, 12.22, 7.85, 0.00, 0.00, 0.00, 0.00, 90.00, 0, 0
2.00, 5.70, 18.85, 18.85, -454.30, 20.00, 4.63, 11.67, 7.34, 0.00, 0.00, 0.00, 0.00, 90.00, 0, 0
2.00, 5.70, 18.57, 18.57, -491.44, 20.00, 4.63, 11.11, 6.74, 0.00, 0.00, 0.00, 0.00, 90.00, 0, 0
2.00, 5.70, 18.28, 18.28, -529.41, 20.00, 4.63, 10.56, 6.14, 0.00, 0.00, 0.00, 0.00, 90.00, 0, 0
2.00, 5.70, 17.98, 17.98, -567.61, 20.00, 4.63, 10.00, 5.64, 0.00, 0.00, 0.00, 0.00, 90.00, 0, 0
2.00, 5.70, 17.71, 17.71, -599.34, 20.00, 4.63, 10.00, 5.64, 0.00, 0.00, 0.00, 0.00, 90.00, 0, 0
2.00, 5.70, 17.41, 17.41, -634.65, 20.00, 4.63, 9.44, 5.13, 0.00, 0.00, 0.00, 0.00, 90.00, 0, 0
2.00, 5.70, 17.26, 17.26, -640.52, 20.00, 4.63, 10.00, 5.64, 0.00, 9.18, 52.96, -94.80, 81.67, 0, 0
2.00, 5.70, 17.28, 17.28, -610.78, 20.00, 4.63, 10.56, 6.24, 0.00, 32.12, 46.20, -84.98, 70.31, 0, 0
2.00, 5.70, 17.51, 17.51, -542.66, 20.00, 4.63, 11.67, 7.34, 1.68, 64.61, 43.22, -74.20, 59.13, 0, 0
2.00, 5.70, 18.18, 18.18, -390.20, 20.00, 4.63, 13.33, 8.95, 37.80, 119.12, 44.79, -61.24, 48.61, 0, 0
2.00, 5.70, 18.51, 18.51, -322.95, 20.00, 4.63, 14.44, 10.06, 34.40, 127.10, 50.49, -44.30, 39.54, 0, 0
2.00, 5.70, 19.39, 19.39, -146.81, 20.00, 4.63, 16.11, 11.68, 118.94, 166.55, 59.11, -21.49, 33.31, 0, 0
2.00, 5.70, 19.76, 19.76, -93.29, 20.00, 4.63, 17.22, 12.68, 58.45, 169.62, 69.54, 6.09, 31.77, 0, 0
2.00, 5.70, 20.21, 20.21, -22.30, 20.00, 4.63, 18.33, 13.79, 46.73, 179.29, 81.03, 32.14, 35.54, 0, 0
2.00, 5.70, 20.21, 20.21, -48.96, 20.00, 4.63, 18.89, 14.29, 0.00, 142.60, 0.00, 52.25, 43.21, 0, 0
2.00, 5.70, 20.05, 20.05, -102.44, 20.00, 4.63, 18.33, 13.79, 0.00, 101.16, 0.00, 67.21, 53.04, 0, 0
2.00, 5.70, 19.94, 19.94, -137.33, 20.00, 4.63, 18.33, 13.79, 0.00, 73.11, 0.00, 79.05, 63.92, 0, 0
2.00, 5.70, 19.52, 19.52, -231.08, 20.00, 4.63, 17.22, 12.68, 0.00, 28.58, 0.00, 90.00, 75.22, 0, 0
2.00, 5.70, 19.12, 19.12, -312.75, 20.00, 4.63, 16.67, 12.07, 0.00, 3.06, 0.00, 98.97, 86.56, 0, 0
2.00, 5.70, 18.89, 18.89, -350.46, 20.00, 4.63, 15.56, 10.96, 0.00, 0.00, 0.00, 0.00, 90.00, 0, 0
2.00, 5.70, 18.69, 18.69, -380.95, 20.00, 4.63, 14.44, 9.85, 0.00, 0.00, 0.00, 0.00, 90.00, 0, 0
2.00, 5.70, 18.48, 18.48, -413.41, 20.00, 4.63, 13.33, 8.74, 0.00, 0.00, 0.00, 0.00, 90.00, 0, 0
2.00, 5.70, 18.21, 18.21, -455.96, 20.00, 4.63, 11.67, 7.14, 0.00, 0.00, 0.00, 0.00, 90.00, 0, 0
2.00, 5.70, 17.96, 17.96, -491.73, 20.00, 4.63, 11.11, 6.42, 0.00, 0.00, 0.00, 0.00, 90.00, 0, 0
2.00, 5.70, 17.64, 17.64, -540.04, 20.00, 4.63, 9.44, 4.83, 0.00, 0.00, 0.00, 0.00, 90.00, 0, 0
2.00, 5.70, 17.28, 17.28, -595.00, 20.00, 4.63, 7.78, 3.13, 0.00, 0.00, 0.00, 0.00, 90.00, 0, 0
2.00, 5.70, 16.91, 16.91, -648.14, 20.00, 4.63, 6.67, 2.04, 0.00, 0.00, 0.00, 0.00, 90.00, 0, 0
2.00, 5.70, 16.49, 16.49, -709.33, 20.00, 4.63, 5.00, 0.35, 0.00, 0.00, 0.00, 0.00, 90.00, 0, 0
2.00, 5.70, 16.03, 16.03, -775.34, 20.00, 4.63, 3.33, -1.33, 0.00, 0.00, 0.00, 0.00, 90.00, 0, 0
2.00, 5.70, 15.68, 15.68, -816.28, 20.00, 4.63, 3.33, -1.33, 0.00, 4.59, 0.00, 0.00, 90.00, 0, 0
2.00, 5.70, 15.76, 15.76, -764.53, 20.00, 4.63, 5.00, 0.35, 57.84, 26.22, 53.23, -95.04, 81.38, 0, 0
2.00, 5.70, 16.27, 16.27, -633.37, 20.00, 4.63, 7.22, 2.53, 160.19, 60.37, 46.53, -85.24, 70.02, 0, 0
2.00, 5.70, 17.12, 17.12, -446.36, 20.00, 4.63, 10.00, 5.32, 290.46, 92.92, 43.59, -74.47, 58.84, 0, 0
2.00, 5.70, 18.48, 18.48, -168.87, 20.00, 4.63, 12.78, 8.13, 495.32, 129.36, 45.17, -61.51, 48.29, 0, 0
2.00, 5.70, 19.56, 19.56, 21.95, 20.00, 4.63, 15.00, 10.22, 513.52, 159.94, 50.85, -44.53, 39.19, 0, 0
2.00, 5.70, 20.35, 20.35, 142.23, 20.00, 4.63, 16.67, 11.95, 463.18, 175.68, 59.43, -21.57, 32.94, 0, 0
2.00, 5.70, 20.83, 20.83, 193.48, 20.00, 4.63, 17.78, 13.06, 374.09, 176.48, 69.83, 6.28, 31.40, 0, 0
2.00, 5.70, 20.81, 20.81, 142.21, 20.00, 4.63, 18.89, 14.17, 166.45, 166.16, 81.30, 32.50, 35.23, 0, 0
2.00, 5.70, 20.80, 20.80, 104.89, 20.00, 4.63, 19.44, 14.66, 0.00, 151.79, 0.00, 52.66, 42.96, 0, 0
2.00, 5.70, 21.91, 21.91, 308.80, 20.00, 4.63, 19.44, 14.66, 0.00, 128.14, 0.00, 67.60, 52.83, 0, 0
2.00, 5.70, 22.73, 22.73, 433.51, 20.00, 4.63, 18.33, 13.68, 0.00, 90.78, 0.00, 79.41, 63.73, 0, 0
2.00, 5.70, 23.20, 23.20, 476.51, 20.00, 4.63, 16.67, 12.07, 0.00, 46.90, 0.00, 90.00, 75.04, 0, 0
2.00, 5.70, 21.13, 21.13, -8.11, 20.00, 4.63, 15.00, 10.34, 0.00, 27.53, 0.00, 99.30, 86.36, 0, 0
2.00, 5.70, 20.54, 20.54, -127.57, 20.00, 4.63, 13.89, 9.24, 0.00, 1.53, 0.00, 0.00, 90.00, 0, 0
2.00, 5.70, 20.20, 20.20, -187.65, 20.00, 4.63, 12.78, 8.25, 0.00, 0.00, 0.00, 0.00, 90.00, 0, 0
2.00, 5.70, 19.93, 19.93, -231.26, 20.00, 4.63, 12.22, 7.64, 0.00, 0.00, 0.00, 0.00, 90.00, 0, 0
2.00, 5.70, 19.63, 19.63, -281.54, 20.00, 4.63, 11.11, 6.54, 0.00, 0.00, 0.00, 0.00, 90.00, 0, 0
2.00, 5.70, 19.32, 19.32, -330.92, 20.00, 4.63, 10.56, 5.93, 0.00, 0.00, 0.00, 0.00, 90.00, 0, 0
2.00, 5.70, 19.00, 19.00, -381.76, 20.00, 4.63, 10.00, 5.44, 0.00, 0.00, 0.00, 0.00, 90.00, 0, 0
2.00, 5.70, 18.66, 18.66, -434.01, 20.00, 4.63, 9.44, 4.83, 0.00, 0.00, 0.00, 0.00, 90.00, 0, 0
2.00, 5.70, 18.33, 18.33, -480.10, 20.00, 4.63, 9.44, 4.83, 0.00, 0.00, 0.00, 0.00, 90.00, 0, 0
2.00, 5.70, 17.99, 17.99, -530.10, 20.00, 4.63, 8.89, 4.23, 0.00, 0.00, 0.00, 0.00, 90.00, 0, 0
2.00, 5.70, 17.63, 17.63, -580.27, 20.00, 4.63, 8.33, 3.74, 0.00, 0.00, 0.00, 0.00, 90.00, 0, 0
2.00, 5.70, 17.31, 17.31, -620.00, 20.00, 4.63, 8.33, 3.84, 0.00, 1.53, 0.00, 0.00, 90.00, 0, 0
2.00, 5.70, 17.16, 17.16, -622.43, 20.00, 4.63, 8.89, 4.44, 0.00, 16.82, 53.51, -95.29, 81.10, 0, 0
2.00, 5.70, 17.41, 17.41, -545.10, 20.00, 4.63, 10.56, 6.04, 13.76, 56.79, 46.85, -85.50, 69.74, 0, 0
2.00, 5.70, 17.74, 17.74, -463.21, 20.00, 4.63, 12.22, 7.75, 13.28, 88.50, 43.95, -74.74, 58.54, 0, 0
2.00, 5.70, 17.59, 17.59, -487.23, 20.00, 4.63, 12.22, 7.75, 4.13, 69.62, 45.54, -61.78, 47.98, 0, 0
2.00, 5.70, 17.10, 17.10, -581.40, 20.00, 4.63, 12.22, 7.64, 0.00, 22.94, 51.20, -44.76, 38.84, 0, 0
2.00, 5.70, 17.30, 17.30, -521.03, 20.00, 4.63, 12.22, 7.64, 2.91, 66.93, 59.76, -21.65, 32.57, 0, 0
2.00, 5.70, 17.61, 17.61, -445.73, 20.00, 4.63, 12.78, 8.25, 3.22, 99.58, 70.13, 6.46, 31.04, 0, 0
2.00, 5.70, 18.03, 18.03, -357.20, 20.00, 4.63, 13.33, 8.74, 5.08, 130.57, 81.58, 32.87, 34.92, 0, 0
2.00, 5.70, 18.32, 18.32, -301.58, 20.00, 4.63, 14.44, 9.85, 0.00, 135.60, 0.00, 53.07, 42.71, 0, 0
2.00, 5.70, 18.89, 18.89, -192.64, 20.00, 4.63, 15.00, 10.34, 0.00, 127.55, 0.00, 67.99, 52.61, 0, 0
2.00, 5.70, 19.58, 19.58, -66.00, 20.00, 4.63, 15.00, 10.46, 0.00, 91.10, 0.00, 79.77, 63.53, 0, 0
2.00, 5.70, 19.72, 19.72, -65.16, 20.00, 4.63, 15.00, 10.46, 0.00, 48.01, 0.00, 90.00, 74.85, 0, 0
2.00, 5.70, 18.39, 18.39, -365.40, 20.00, 4.63, 14.44, 9.85, 0.00, 19.88, 0.00, 99.62, 86.17, 0, 0
2.00, 5.70, 17.94, 17.94, -449.68, 20.00, 4.63, 13.33, 8.85, 0.00, 1.53, 0.00, 0.00, 90.00, 0, 0
2.00, 5.70, 17.67, 17.67, -488.21, 20.00, 4.63, 12.78, 8.25, 0.00, 0.00, 0.00, 0.00, 90.00, 0, 0
2.00, 5.70, 17.43, 17.43, -522.20, 20.00, 4.63, 11.67, 7.14, 0.00, 0.00, 0.00, 0.00, 90.00, 0, 0
2.00, 5.70, 17.18, 17.18, -558.20, 20.00, 4.63, 10.56, 6.04, 0.00, 0.00, 0.00, 0.00, 90.00, 0, 0
2.00, 5.70, 16.93, 16.93, -590.87, 20.00, 4.63, 10.00, 5.44, 0.00, 0.00, 0.00, 0.00, 90.00, 0, 0
2.00, 5.70, 16.64, 16.64, -630.68, 20.00, 4.63, 8.89, 4.34, 0.00, 0.00, 0.00, 0.00, 90.00, 0, 0
2.00, 5.70, 16.33, 16.33, -674.54, 20.00, 4.63, 7.78, 3.24, 0.00, 0.00, 0.00, 0.00, 90.00, 0, 0
2.00, 5.70, 16.02, 16.02, -714.97, 20.00, 4.63, 7.22, 2.64, 0.00, 0.00, 0.00, 0.00, 90.00, 0, 0
2.00, 5.70, 15.68, 15.68, -761.71, 20.00, 4.63, 6.11, 1.55, 0.00, 0.00, 0.00, 0.00, 90.00, 0, 0
2.00, 5.70, 15.31, 15.31, -811.63, 20.00, 4.63, 5.00, 0.46, 0.00, 0.00, 0.00, 0.00, 90.00, 0, 0
2.00, 5.70, 15.02, 15.02, -841.89, 20.00, 4.63, 5.00, 0.46, 0.00, 4.59, 0.00, 0.00, 90.00, 0, 0
2.00, 5.70, 15.19, 15.19, -776.62, 20.00, 4.63, 6.67, 2.15, 62.43, 27.25, 53.78, -95.53, 80.81, 0, 0
2.00, 5.70, 15.83, 15.83, -623.88, 20.00, 4.63, 9.44, 4.94, 162.75, 64.60, 47.18, -85.75, 69.45, 0, 0
2.00, 5.70, 16.75, 16.75, -426.60, 20.00, 4.63, 12.22, 7.64, 280.54, 98.83, 44.32, -75.01, 58.25, 0, 0
2.00, 5.70, 18.08, 18.08, -164.41, 20.00, 4.63, 14.44, 9.85, 479.70, 126.83, 45.91, -62.05, 47.67, 0, 0
2.00, 5.70, 19.26, 19.26, 45.15, 20.00, 4.63, 16.67, 12.07, 535.53, 154.11, 51.55, -44.99, 38.50, 0, 0
2.00, 5.70, 20.10, 20.10, 171.02, 20.00, 4.63, 18.33, 13.68, 468.85, 171.94, 60.07, -21.73, 32.20, 0, 0
2.00, 5.70, 20.62, 20.62, 224.13, 20.00, 4.63, 20.00, 15.29, 336.20, 179.20, 70.42, 6.65, 30.68, 0, 0
2.00, 5.70, 20.68, 20.68, 184.38, 20.00, 4.63, 20.56, 15.91, 125.28, 177.06, 81.85, 33.24, 34.61, 0, 0
2.00, 5.70, 20.75, 20.75, 157.17, 20.00, 4.63, 21.11, 16.41, 0.00, 155.37, 0.00, 53.47, 42.46, 0, 0
2.00, 5.70, 21.97, 21.97, 377.46, 20.00, 4.63, 21.11, 16.41, 0.00, 130.70, 0.00, 68.37, 52.40, 0, 0
2.00, 5.70, 22.40, 22.40, 412.84, 20.00, 4.63, 20.00, 15.29, 0.00, 92.36, 0.00, 80.12, 63.34, 0, 0
2.00, 5.70, 22.23, 22.23, 325.46, 20.00, 4.63, 18.33, 13.68, 0.00, 48.52, 0.00, 90.00, 74.67, 0, 0
2.00, 5.70, 20.87, 20.87, 3.56, 20.00, 4.63, 16.67, 12.07, 0.00, 24.47, 0.00, 99.94, 85.98, 0, 0
2.00, 5.70, 20.40, 20.40, -95.57, 20.00, 4.63, 15.56, 10.96, 0.00, 1.53, 0.00, 0.00, 90.00, 0, 0
2.00, 5.70, 20.13, 20.13, -147.16, 20.00, 4.63, 14.44, 9.85, 0.00, 0.00, 0.00, 0.00, 90.00, 0, 0
2.00, 5.70, 19.86, 19.86, -198.78, 20.00, 4.63, 12.78, 8.25, 0.00, 0.00, 0.00, 0.00, 90.00, 0, 0
2.00, 5.70, 19.57, 19.57, -250.49, 20.00, 4.63, 11.67, 7.03, 0.00, 0.00, 0.00, 0.00, 90.00, 0, 0
2.00, 5.70, 19.25, 19.25, -305.82, 20.00, 4.63, 10.56, 5.93, 0.00, 0.00, 0.00, 0.00, 90.00, 0, 0
2.00, 5.70, 18.93, 18.93, -358.38, 20.00, 4.63, 10.00, 5.32, 0.00, 0.00, 0.00, 0.00, 90.00, 0, 0
2.00, 5.70, 18.56, 18.56, -417.98, 20.00, 4.63, 8.89, 4.23, 0.00, 0.00, 0.00, 0.00, 90.00, 0, 0
2.00, 5.70, 18.17, 18.17, -480.99, 20.00, 4.63, 7.78, 3.13, 0.00, 0.00, 0.00, 0.00, 90.00, 0, 0
2.00, 5.70, 17.78, 17.78, -539.51, 20.00, 4.63, 7.22, 2.53, 0.00, 0.00, 0.00, 0.00, 90.00, 0, 0
2.00, 5.70, 17.35, 17.35, -603.04, 20.00, 4.63, 6.11, 1.44, 0.00, 0.00, 0.00, 0.00, 90.00, 0, 0
2.00, 5.70, 17.00, 17.00, -649.21, 20.00, 4.63, 6.11, 1.44, 0.00, 3.06, 0.00, 0.00, 90.00, 0, 0
2.00, 5.70, 16.65, 16.65, -691.89, 20.00, 4.63, 6.11, 1.55, 0.00, 4.59, 54.05, -95.77, 80.53, 0, 0
2.00, 5.70, 16.39, 16.39, -716.13, 20.00, 4.63, 6.67, 2.04, 0.00, 10.71, 47.50, -86.01, 69.17, 0, 0
2.00, 5.70, 16.59, 16.59, -644.36, 20.00, 4.63, 7.78, 3.13, 2.46, 59.39, 44.67, -75.28, 57.96, 0, 0
2.00, 5.70, 17.04, 17.04, -531.37, 20.00, 4.63, 8.89, 4.23, 12.16, 112.44, 46.28, -62.33, 47.36, 0, 0
2.00, 5.70, 17.56, 17.56, -416.96, 20.00, 4.63, 10.56, 5.93, 26.64, 148.63, 51.89, -45.23, 38.17, 0, 0
2.00, 5.70, 17.81, 17.81, -368.14, 20.00, 4.63, 11.67, 7.03, 19.91, 151.81, 60.39, -21.81, 31.83, 0, 0
2.00, 5.70, 17.33, 17.33, -475.87, 20.00, 4.63, 12.22, 7.52, 4.17, 81.76, 70.71, 6.83, 30.33, 0, 0
2.00, 5.70, 17.38, 17.38, -459.44, 20.00, 4.63, 12.22, 7.52, 1.73, 97.22, 82.11, 33.61, 34.31, 0, 0
2.00, 5.70, 17.51, 17.51, -428.68, 20.00, 4.63, 12.22, 7.52, 0.00, 110.41, 0.00, 53.88, 42.21, 0, 0
2.00, 5.70, 17.74, 17.74, -379.64, 20.00, 4.63, 12.78, 8.13, 0.00, 110.33, 0.00, 68.75, 52.20, 0, 0
2.00, 5.70, 18.01, 18.01, -325.73, 20.00, 4.63, 12.78, 8.13, 0.00, 91.40, 0.00, 80.48, 63.15, 0, 0
2.00, 5.70, 18.28, 18.28, -276.21, 20.00, 4.63, 12.22, 7.64, 0.00, 49.75, 0.00, 90.00, 74.48, 0, 0
2.00, 5.70, 17.18, 17.18, -518.52, 20.00, 4.63, 11.67, 7.03, 0.00, 21.41, 0.00, 100.25, 85.79, 0, 0
2.00, 5.70, 16.73, 16.73, -596.31, 20.00, 4.63, 11.11, 6.54, 0.00, 1.53, 0.00, 0.00, 90.00, 0, 0
2.00, 5.70, 16.42, 16.42, -641.56, 20.00, 4.63, 10.00, 5.44, 0.00, 0.00, 0.00, 0.00, 90.00, 0, 0
2.00, 5.70, 16.16, 16.16, -673.91, 20.00, 4.63, 9.44, 4.83, 0.00, 0.00, 0.00, 0.00, 90.00, 0, 0
2.00, 5.70, 15.90, 15.90, -704.55, 20.00, 4.63, 8.89, 4.23, 0.00, 0.00, 0.00, 0.00, 90.00, 0, 0
2.00, 5.70, 15.61, 15.61, -741.97, 20.00, 4.63, 7.78, 3.24, 0.00, 0.00, 0.00, 0.00, 90.00, 0, 0
2.00, 5.70, 15.33, 15.33, -776.97, 20.00, 4.63, 7.22, 2.64, 0.00, 0.00, 0.00, 0.00, 90.00, 0, 0
2.00, 5.70, 15.04, 15.04, -812.28, 20.00, 4.63, 6.67, 2.04, 0.00, 0.00, 0.00, 0.00, 90.00, 0, 0
2.00, 5.70, 14.74, 14.74, -848.27, 20.00, 4.63, 6.11, 1.44, 0.00, 0.00, 0.00, 0.00, 90.00, 0, 0
2.00, 5.70, 14.43, 14.43, -885.03, 20.00, 4.63, 5.56, 0.84, 0.00, 0.00, 0.00, 0.00, 90.00, 0, 0
2.00, 5.70, 14.12, 14.12, -922.12, 20.00, 4.63, 5.00, 0.35, 0.00, 0.00, 0.00, 0.00, 90.00, 0, 0
2.00, 5.70, 13.81, 13.81, -956.62, 20.00, 4.63, 4.44, -0.14, 0.00, 1.53, 0.00, 0.00, 90.00, 0, 0
2.00, 5.70, 13.91, 13.91, -904.47, 20.00, 4.63, 6.11, 1.55, 17.66, 29.34, 54.32, -96.01, 80.26, 0, 0
2.00, 5.70, 14.06, 14.06, -851.99, 20.00, 4.63, 7.22, 2.64, 9.19, 55.02, 47.82, -86.27, 68.90, 0, 0
2.00, 5.70, 14.28, 14.28, -790.13, 20.00, 4.63, 8.33, 3.74, 4.89, 78.98, 45.03, -75.55, 57.68, 0, 0
2.00, 5.70, 14.06, 14.06, -824.62, 20.00, 4.63, 8.33, 3.74, 1.34, 54.29, 46.64, -62.60, 47.06, 0, 0
2.00, 5.70, 14.43, 14.43, -733.94, 20.00, 4.63, 8.89, 4.34, 7.75, 99.56, 52.23, -45.47, 37.83, 0, 0
2.00, 5.70, 14.68, 14.68, -677.20, 20.00, 4.63, 9.44, 4.83, 7.03, 114.50, 60.70, -21.90, 31.47, 0, 0
2.00, 5.70, 14.71, 14.71, -672.47, 20.00, 4.63, 10.00, 5.32, 3.08, 101.08, 70.99, 7.01, 29.98, 0, 0
2.00, 5.70, 15.05, 15.05, -599.12, 20.00, 4.63, 10.56, 5.93, 3.77, 127.73, 82.38, 33.98, 34.01, 0, 0
2.00, 5.70, 15.47, 15.47, -517.64, 20.00, 4.63, 11.11, 6.42, 0.00, 149.13, 0.00, 54.28, 41.97, 0, 0
2.00, 5.70, 15.79, 15.79, -462.79, 20.00, 4.63, 11.67, 7.03, 0.00, 125.35, 0.00, 69.13, 51.99, 0, 0
2.00, 5.70, 15.44, 15.44, -550.33, 20.00, 4.63, 11.11, 6.54, 0.00, 72.88, 0.00, 80.83, 62.97, 0, 0
2.00, 5.70, 14.89, 14.89, -667.95, 20.00, 4.63, 10.56, 5.93, 0.00, 31.51, 0.00, 90.00, 74.30, 0, 0
2.00, 5.70, 14.47, 14.47, -746.33, 20.00, 4.63, 10.00, 5.44, 0.00, 6.12, 0.00, 100.56, 85.60, 0, 0
2.00, 5.70, 14.17, 14.17, -792.46, 20.00, 4.63, 8.89, 4.34, 0.00, 0.00, 0.00, 0.00, 90.00, 0, 0
2.00, 5.70, 13.96, 13.96, -819.65, 20.00, 4.63, 8.33, 3.74, 0.00, 0.00, 0.00, 0.00, 90.00, 0, 0
2.00, 5.70, 13.75, 13.75, -844.67, 20.00, 4.63, 7.78, 3.24, 0.00, 0.00, 0.00, 0.00, 90.00, 0, 0
2.00, 5.70, 13.53, 13.53, -871.05, 20.00, 4.63, 7.22, 2.64, 0.00, 0.00, 0.00, 0.00, 90.00, 0, 0
2.00, 5.70, 13.30, 13.30, -899.03, 20.00, 4.63, 6.67, 2.04, 0.00, 0.00, 0.00, 0.00, 90.00, 0, 0
2.00, 5.70, 13.07, 13.07, -928.28, 20.00, 4.63, 6.11, 1.55, 0.00, 0.00, 0.00, 0.00, 90.00, 0, 0
2.00, 5.70, 12.82, 12.82, -958.92, 20.00, 4.63, 5.56, 0.95, 0.00, 0.00, 0.00, 0.00, 90.00, 0, 0
2.00, 5.70, 12.56, 12.56, -990.65, 20.00, 4.63, 5.00, 0.35, 0.00, 0.00, 0.00, 0.00, 90.00, 0, 0
2.00, 5.70, 12.32, 12.32, -1016.40, 20.00, 4.63, 5.00, 0.35, 0.00, 0.00, 0.00, 0.00, 90.00, 0, 0
2.00, 5.70, 12.06, 12.06, -1046.77, 20.00, 4.63, 4.44, -0.25, 0.00, 0.00, 0.00, 0.00, 90.00, 0, 0
2.00, 5.70, 11.89, 11.89, -1057.22, 20.00, 4.63, 4.44, -0.14, 0.00, 7.65, 0.00, 0.00, 90.00, 0, 0
2.00, 5.70, 12.07, 12.07, -995.57, 20.00, 4.63, 6.11, 1.55, 32.69, 30.36, 54.59, -96.25, 79.99, 0, 0
2.00, 5.70, 12.64, 12.64, -859.88, 20.00, 4.63, 8.33, 3.74, 94.03, 68.85, 48.14, -86.52, 68.63, 0, 0
2.00, 5.70, 13.34, 13.34, -712.27, 20.00, 4.63, 10.00, 5.44, 115.06, 111.37, 45.38, -75.82, 57.40, 0, 0
2.00, 5.70, 14.13, 14.13, -557.81, 20.00, 4.63, 11.67, 7.03, 135.32, 147.87, 47.00, -62.88, 46.76, 0, 0
2.00, 5.70, 14.60, 14.60, -483.30, 20.00, 4.63, 12.78, 8.13, 87.36, 160.27, 52.57, -45.71, 37.51, 0, 0
2.00, 5.70, 14.43, 14.43, -545.35, 20.00, 4.63, 12.78, 8.13, 20.86, 118.63, 61.01, -22.00, 31.12, 0, 0
2.00, 5.70, 14.83, 14.83, -475.81, 20.00, 4.63, 12.78, 8.13, 15.16, 148.99, 71.27, 7.20, 29.63, 0, 0
2.00, 5.70, 15.36, 15.36, -384.96, 20.00, 4.63, 13.33, 8.63, 24.26, 171.82, 82.64, 34.35, 33.71, 0, 0
2.00, 5.70, 15.76, 15.76, -329.17, 20.00, 4.63, 13.89, 9.12, 0.00, 168.38, 0.00, 54.68, 41.73, 0, 0
2.00, 5.70, 15.71, 15.71, -367.67, 20.00, 4.63, 13.89, 9.12, 0.00, 105.40, 0.00, 69.51, 51.78, 0, 0
2.00, 5.70, 15.26, 15.26, -482.36, 20.00, 4.63, 12.78, 8.01, 0.00, 60.65, 0.00, 81.17, 62.78, 0, 0
2.00, 5.70, 14.94, 14.94, -555.66, 20.00, 4.63, 12.22, 7.40, 0.00, 35.17, 0.00, 90.00, 74.12, 0, 0
2.00, 5.70, 14.58, 14.58, -630.55, 20.00, 4.63, 11.11, 6.30, 0.00, 9.18, 0.00, 100.87, 85.41, 0, 0
2.00, 5.70, 14.32, 14.32, -678.70, 20.00, 4.63, 10.00, 5.20, 0.00, 1.53, 0.00, 0.00, 90.00, 0, 0
2.00, 5.70, 14.10, 14.10, -716.67, 20.00, 4.63, 8.89, 4.11, 0.00, 0.00, 0.00, 0.00, 90.00, 0, 0
2.00, 5.70, 13.87, 13.87, -753.93, 20.00, 4.63, 7.78, 3.02, 0.00, 0.00, 0.00, 0.00, 90.00, 0, 0
2.00, 5.70, 13.61, 13.61, -794.42, 20.00, 4.63, 6.67, 1.93, 0.00, 0.00, 0.00, 0.00, 90.00, 0, 0
2.00, 5.70, 13.33, 13.33, -838.34, 20.00, 4.63, 5.56, 0.73, 0.00, 0.00, 0.00, 0.00, 90.00, 0, 0
2.00, 5.70, 13.05, 13.05, -878.66, 20.00, 4.63, 5.00, 0.13, 0.00, 0.00, 0.00, 0.00, 90.00, 0, 0
2.00, 5.70, 12.74, 12.74, -925.51, 20.00, 4.63, 3.89, -0.95, 0.00, 0.00, 0.00, 0.00, 90.00, 0, 0
2.00, 5.70, 12.39, 12.39, -976.08, 20.00, 4.63, 2.78, -2.14, 0.00, 0.00, 0.00, 0.00, 90.00, 0, 0
2.00, 5.70, 11.99, 11.99, -1035.52, 20.00, 4.63, 1.11, -3.70, 0.00, 0.00, 0.00, 0.00, 90.00, 0, 0
2.00, 5.70, 11.62, 11.62, -1086.47, 20.00, 4.63, 0.56, -4.30, 0.00, 0.00, 0.00, 0.00, 90.00, 0, 0
2.00, 5.70, 11.36, 11.36, -1111.75, 20.00, 4.63, 0.56, -4.30, 0.00, 7.65, 0.00, 0.00, 90.00, 0, 0
2.00, 5.70, 11.40, 11.40, -1074.50, 20.00, 4.63, 1.67, -3.11, 29.11, 30.66, 54.85, -96.49, 79.72, 0, 0
2.00, 5.70, 11.83, 11.83, -962.32, 20.00, 4.63, 3.89, -0.95, 82.55, 68.93, 48.45, -86.78, 68.36, 0, 0
2.00, 5.70, 12.70, 12.70, -772.28, 20.00, 4.63, 6.11, 1.33, 214.98, 107.94, 45.73, -76.09, 57.13, 0, 0
2.00, 5.70, 13.99, 13.99, -512.08, 20.00, 4.63, 8.89, 3.99, 424.72, 135.55, 47.35, -63.16, 46.47, 0, 0
2.00, 5.70, 15.20, 15.20, -291.40, 20.00, 4.63, 11.11, 6.30, 530.51, 156.35, 52.91, -45.96, 37.18, 0, 0
2.00, 5.70, 16.09, 16.09, -153.77, 20.00, 4.63, 12.78, 8.01, 496.44, 170.08, 61.32, -22.09, 30.76, 0, 0
2.00, 5.70, 16.57, 16.57, -107.21, 20.00, 4.63, 14.44, 9.60, 362.78, 173.15, 71.55, 7.38, 29.28, 0, 0
2.00, 5.70, 16.59, 16.59, -152.97, 20.00, 4.63, 15.56, 10.71, 142.47, 168.67, 82.89, 34.72, 33.42, 0, 0
2.00, 5.70, 16.75, 16.75, -159.86, 20.00, 4.63, 16.11, 11.19, 0.00, 147.31, 0.00, 55.08, 41.49, 0, 0
2.00, 5.70, 18.27, 18.27, 123.00, 20.00, 4.63, 16.11, 11.19, 0.00, 127.08, 0.00, 69.89, 51.58, 0, 0
2.00, 5.70, 19.11, 19.11, 238.12, 20.00, 4.63, 15.56, 10.71, 0.00, 95.00, 0.00, 81.52, 62.59, 0, 0
2.00, 5.70, 19.11, 19.11, 174.19, 20.00, 4.63, 13.89, 9.12, 0.00, 50.78, 0.00, 90.00, 73.94, 0, 0
2.00, 5.70, 17.26, 17.26, -264.38, 20.00, 4.63, 11.67, 6.91, 0.00, 29.06, 0.00, 101.18, 85.23, 0, 0
2.00, 5.70, 16.73, 16.73, -375.07, 20.00, 4.63, 11.11, 6.42, 0.00, 3.06, 0.00, 0.00, 90.00, 0, 0
2.00, 5.70, 16.43, 16.43, -433.07, 20.00, 4.63, 10.00, 5.32, 0.00, 0.00, 0.00, 0.00, 90.00, 0, 0
2.00, 5.70, 16.20, 16.20, -473.45, 20.00, 4.63, 9.44, 4.83, 0.00, 0.00, 0.00, 0.00, 90.00, 0, 0
2.00, 5.70, 15.97, 15.97, -514.46, 20.00, 4.63, 8.89, 4.23, 0.00, 0.00, 0.00, 0.00, 90.00, 0, 0
2.00, 5.70, 15.68, 15.68, -565.12, 20.00, 4.63, 7.78, 3.13, 0.00, 0.00, 0.00, 0.00, 90.00, 0, 0
2.00, 5.70, 15.42, 15.42, -607.93, 20.00, 4.63, 7.78, 3.13, 0.00, 0.00, 0.00, 0.00, 90.00, 0, 0
2.00, 5.70, 15.16, 15.16, -648.88, 20.00, 4.63, 7.78, 3.02, 0.00, 0.00, 0.00, 0.00, 90.00, 0, 0
2.00, 5.70, 14.90, 14.90, -688.25, 20.00, 4.63, 7.78, 3.02, 0.00, 0.00, 0.00, 0.00, 90.00, 0, 0
2.00, 5.70, 14.64, 14.64, -726.05, 20.00, 4.63, 7.78, 3.02, 0.00, 0.00, 0.00, 0.00, 90.00, 0, 0
2.00, 5.70, 14.35, 14.35, -768.41, 20.00, 4.63, 7.22, 2.53, 0.00, 0.00, 0.00, 0.00, 90.00, 0, 0
2.00, 5.70, 14.16, 14.16, -788.85, 20.00, 4.63, 7.78, 3.13, 0.00, 4.59, 0.00, 0.00, 90.00, 0, 0
2.00, 5.70, 14.12, 14.12, -777.74, 20.00, 4.63, 8.33, 3.74, 0.00, 21.41, 55.12, -96.73, 79.46, 0, 0
2.00, 5.70, 14.54, 14.54, -674.67, 20.00, 4.63, 10.00, 5.44, 26.11, 66.35, 48.77, -87.03, 68.10, 0, 0
2.00, 5.70, 14.86, 14.86, -604.26, 20.00, 4.63, 11.11, 6.54, 16.80, 91.10, 46.08, -76.36, 56.86, 0, 0
2.00, 5.70, 15.36, 15.36, -502.92, 20.00, 4.63, 12.22, 7.64, 24.76, 124.39, 47.71, -63.44, 46.18, 0, 0
2.00, 5.70, 15.36, 15.36, -514.33, 20.00, 4.63, 12.78, 8.25, 10.49, 100.76, 53.24, -46.21, 36.86, 0, 0
2.00, 5.70, 15.78, 15.78, -435.14, 20.00, 4.63, 13.33, 8.74, 10.88, 131.42, 61.62, -22.19, 30.41, 0, 0
2.00, 5.70, 16.17, 16.17, -367.91, 20.00, 4.63, 14.44, 9.85, 9.78, 143.10, 71.82, 7.56, 28.94, 0, 0
2.00, 5.70, 15.86, 15.86, -452.95, 20.00, 4.63, 14.44, 9.85, 1.13, 79.76, 83.15, 35.09, 33.13, 0, 0
2.00, 5.70, 15.92, 15.92, -448.44, 20.00, 4.63, 13.89, 9.24, 0.00, 84.48, 0.00, 55.48, 41.25, 0, 0
2.00, 5.70, 16.68, 16.68, -297.65, 20.00, 4.63, 14.44, 9.85, 0.00, 114.06, 0.00, 70.26, 51.38, 0, 0
2.00, 5.70, 16.69, 16.69, -318.62, 20.00, 4.63, 14.44, 9.85, 0.00, 77.53, 0.00, 81.86, 62.41, 0, 0
2.00, 5.70, 15.97, 15.97, -484.88, 20.00, 4.63, 13.33, 8.74, 0.00, 21.68, 0.00, 90.00, 73.76, 0, 0
2.00, 5.70, 15.63, 15.63, -555.34, 20.00, 4.63, 12.78, 8.25, 0.00, 6.12, 0.00, 101.48, 85.04, 0, 0
2.00, 5.70, 15.42, 15.42, -592.05, 20.00, 4.63, 12.22, 7.64, 0.00, 1.53, 0.00, 0.00, 90.00, 0, 0
2.00, 5.70, 15.22, 15.22, -625.08, 20.00, 4.63, 11.11, 6.54, 0.00, 0.00, 0.00, 0.00, 90.00, 0, 0
2.00, 5.70, 15.04, 15.04, -651.49, 20.00, 4.63, 10.56, 6.04, 0.00, 0.00, 0.00, 0.00, 90.00, 0, 0
2.00, 5.70, 14.83, 14.83, -685.14, 20.00, 4.63, 9.44, 4.94, 0.00, 0.00, 0.00, 0.00, 90.00, 0, 0
2.00, 5.70, 14.62, 14.62, -716.22, 20.00, 4.63, 8.89, 4.34, 0.00, 0.00, 0.00, 0.00, 90.00, 0, 0
2.00, 5.70, 14.40, 14.40, -747.85, 20.00, 4.63, 8.33, 3.74, 0.00, 0.00, 0.00, 0.00, 90.00, 0, 0
2.00, 5.70, 14.14, 14.14, -787.08, 20.00, 4.63, 7.22, 2.64, 0.00, 0.00, 0.00, 0.00, 90.00, 0, 0
2.00, 5.70, 13.88, 13.88, -823.59, 20.00, 4.63, 6.67, 2.04, 0.00, 0.00, 0.00, 0.00, 90.00, 0, 0
2.00, 5.70, 13.61, 13.61, -859.78, 20.00, 4.63, 6.11, 1.55, 0.00, 0.00, 0.00, 0.00, 90.00, 0, 0
2.00, 5.70, 13.31, 13.31, -903.02, 20.00, 4.63, 5.00, 0.46, 0.00, 0.00, 0.00, 0.00, 90.00, 0, 0
2.00, 5.70, 13.16, 13.16, -912.14, 20.00, 4.63, 5.56, 1.05, 0.00, 9.18, 0.00, 0.00, 90.00, 0, 0
2.00, 5.70, 13.24, 13.24, -873.41, 20.00, 4.63, 6.67, 2.15, 4.64, 33.39, 55.39, -96.97, 79.20, 0, 0
2.00, 5.70, 13.60, 13.60, -783.63, 20.00, 4.63, 8.33, 3.84, 13.94, 70.98, 49.08, -87.29, 67.84, 0, 0
2.00, 5.70, 14.14, 14.14, -665.43, 20.00, 4.63, 10.00, 5.44, 38.15, 107.96, 46.43, -76.64, 56.59, 0, 0
2.00, 5.70, 14.86, 14.86, -520.35, 20.00, 4.63, 11.67, 7.14, 77.51, 144.27, 48.05, -63.72, 45.89, 0, 0
2.00, 5.70, 16.26, 16.26, -246.09, 20.00, 4.63, 13.89, 9.35, 305.43, 179.66, 53.56, -46.46, 36.55, 0, 0
2.00, 5.70, 17.26, 17.26, -79.92, 20.00, 4.63, 16.11, 11.45, 309.23, 195.50, 61.91, -22.30, 30.07, 0, 0
2.00, 5.70, 17.86, 17.86, -5.16, 20.00, 4.63, 17.78, 13.18, 215.37, 199.70, 72.09, 7.74, 28.60, 0, 0
2.00, 5.70, 18.08, 18.08, -10.32, 20.00, 4.63, 18.89, 14.17, 93.62, 186.32, 83.39, 35.46, 32.85, 0, 0
2.00, 5.70, 18.38, 18.38, 7.73, 20.00, 4.63, 19.44, 14.79, 0.00, 166.04, 0.00, 55.88, 41.02, 0, 0
2.00, 5.70, 19.62, 19.62, 226.81, 20.00, 4.63, 20.00, 15.29, 0.00, 132.98, 0.00, 70.63, 51.18, 0, 0
2.00, 5.70, 20.49, 20.49, 348.32, 20.00, 4.63, 19.44, 14.79, 0.00, 95.81, 0.00, 82.19, 62.23, 0, 0
2.00, 5.70, 19.78, 19.78, 135.26, 20.00, 4.63, 18.33, 13.68, 0.00, 46.30, 0.00, 90.00, 73.58, 0, 0
2.00, 5.70, 18.60, 18.60, -147.26, 20.00, 4.63, 16.67, 11.95, 0.00, 15.29, 0.00, 101.77, 84.85, 0, 0
2.00, 5.70, 18.21, 18.21, -233.28, 20.00, 4.63, 15.00, 10.34, 0.00, 1.53, 0.00, 0.00, 90.00, 0, 0
2.00, 5.70, 17.98, 17.98, -279.51, 20.00, 4.63, 13.89, 9.24, 0.00, 0.00, 0.00, 0.00, 90.00, 0, 0
2.00, 5.70, 17.78, 17.78, -318.90, 20.00, 4.63, 12.78, 8.13, 0.00, 0.00, 0.00, 0.00, 90.00, 0, 0
2.00, 5.70, 17.56, 17.56, -361.77, 20.00, 4.63, 11.67, 7.03, 0.00, 0.00, 0.00, 0.00, 90.00, 0, 0
2.00, 5.70, 17.30, 17.30, -409.78, 20.00, 4.63, 10.56, 5.81, 0.00, 0.00, 0.00, 0.00, 90.00, 0, 0
2.00, 5.70, 17.01, 17.01, -462.09, 20.00, 4.63, 9.44, 4.72, 0.00, 0.00, 0.00, 0.00, 90.00, 0, 0
2.00, 5.70, 16.66, 16.66, -524.40, 20.00, 4.63, 7.78, 3.13, 0.00, 0.00, 0.00, 0.00, 90.00, 0, 0
2.00, 5.70, 16.29, 16.29, -585.90, 20.00, 4.63, 6.67, 1.93, 0.00, 0.00, 0.00, 0.00, 90.00, 0, 0
2.00, 5.70, 15.91, 15.91, -648.40, 20.00, 4.63, 5.56, 0.84, 0.00, 0.00, 0.00, 0.00, 90.00, 0, 0
2.00, 5.70, 15.50, 15.50, -712.19, 20.00, 4.63, 4.44, -0.25, 0.00, 0.00, 0.00, 0.00, 90.00, 0, 0
2.00, 5.70, 15.21, 15.21, -746.71, 20.00, 4.63, 4.44, -0.25, 0.00, 9.18, 0.00, 0.00, 90.00, 0, 0
2.00, 5.70, 15.31, 15.31, -701.00, 20.00, 4.63, 6.11, 1.44, 22.77, 39.24, 55.65, -97.21, 78.94, 0, 0
2.00, 5.70, 15.38, 15.38, -667.97, 20.00, 4.63, 7.22, 2.53, 11.14, 62.09, 51.52, -90.00, 67.59, 0, 0
2.00, 5.70, 15.66, 15.66, -597.82, 20.00, 4.63, 8.33, 3.62, 11.05, 96.81, 46.77, -76.91, 56.33, 0, 0
2.00, 5.70, 16.04, 16.04, -514.66, 20.00, 4.63, 9.44, 4.72, 21.77, 127.34, 48.40, -64.01, 45.61, 0, 0
2.00, 5.70, 15.98, 15.98, -531.35, 20.00, 4.63, 10.00, 5.32, 11.73, 107.45, 53.89, -46.72, 36.24, 0, 0
2.00, 5.70, 16.85, 16.85, -348.98, 20.00, 4.63, 11.11, 6.42, 100.97, 169.04, 62.21, -22.41, 29.73, 0, 0
2.00, 5.70, 17.67, 17.67, -196.10, 20.00, 4.63, 12.78, 8.01, 134.29, 200.59, 72.36, 7.92, 28.26, 0, 0
2.00, 5.70, 17.87, 17.87, -184.46, 20.00, 4.63, 13.89, 9.24, 41.93, 187.70, 83.64, 35.82, 32.56, 0, 0
2.00, 5.70, 18.02, 18.02, -178.47, 20.00, 4.63, 14.44, 9.73, 0.00, 166.97, 0.00, 56.27, 40.79, 0, 0
2.00, 5.70, 18.77, 18.77, -45.99, 20.00, 4.63, 15.00, 10.34, 0.00, 132.96, 0.00, 70.99, 50.99, 0, 0
2.00, 5.70, 18.93, 18.93, -45.82, 20.00, 4.63, 14.44, 9.73, 0.00, 95.36, 0.00, 82.53, 62.05, 0, 0
2.00, 5.70, 19.16, 19.16, -27.74, 20.00, 4.63, 13.89, 9.24, 0.00, 54.64, 0.00, 90.00, 73.40, 0, 0
2.00, 5.70, 17.82, 17.82, -336.08, 20.00, 4.63, 12.78, 8.13, 0.00, 33.65, 0.00, 102.07, 84.67, 0, 0
2.00, 5.70, 17.26, 17.26, -446.83, 20.00, 4.63, 11.67, 7.03, 0.00, 3.06, 0.00, 0.00, 90.00, 0, 0
2.00, 5.70, 16.96, 16.96, -497.01, 20.00, 4.63, 11.11, 6.54, 0.00, 0.00, 0.00, 0.00, 90.00, 0, 0
2.00, 5.70, 16.68, 16.68, -539.42, 20.00, 4.63, 10.00, 5.44, 0.00, 0.00, 0.00, 0.00, 90.00, 0, 0
2.00, 5.70, 16.42, 16.42, -577.01, 20.00, 4.63, 9.44, 4.83, 0.00, 0.00, 0.00, 0.00, 90.00, 0, 0
2.00, 5.70, 16.13, 16.13, -621.63, 20.00, 4.63, 8.33, 3.74, 0.00, 0.00, 0.00, 0.00, 90.00, 0, 0
2.00, 5.70, 15.84, 15.84, -663.85, 20.00, 4.63, 7.78, 3.13, 0.00, 0.00, 0.00, 0.00, 90.00, 0, 0
2.00, 5.70, 15.53, 15.53, -706.39, 20.00, 4.63, 7.22, 2.53, 0.00, 0.00, 0.00, 0.00, 90.00, 0, 0
2.00, 5.70, 15.22, 15.22, -749.17, 20.00, 4.63, 6.67, 2.04, 0.00, 0.00, 0.00, 0.00, 90.00, 0, 0
2.00, 5.70, 14.90, 14.90, -792.53, 20.00, 4.63, 6.11, 1.44, 0.00, 0.00, 0.00, 0.00, 90.00, 0, 0
2.00, 5.70, 14.57, 14.57, -835.86, 20.00, 4.63, 5.56, 0.95, 0.00, 0.00, 0.00, 0.00, 90.00, 0, 0
2.00, 5.70, 14.35, 14.35, -855.14, 20.00, 4.63, 5.56, 0.95, 0.00, 9.18, 0.00, -107.01, 89.79, 0, 0
2.00, 5.70, 14.49, 14.49, -800.76, 20.00, 4.63, 7.22, 2.64, 27.89, 35.13, 55.91, -97.44, 78.69, 0, 0
2.00, 5.70, 15.07, 15.07, -660.37, 20.00, 4.63, 10.00, 5.44, 97.09, 76.27, 51.61, -90.00, 67.34, 0, 0
2.00, 5.70, 16.04, 16.04, -456.29, 20.00, 4.63, 12.78, 8.25, 228.97, 110.61, 47.10, -77.18, 56.07, 0, 0
2.00, 5.70, 17.03, 17.03, -265.44, 20.00, 4.63, 14.44, 9.96, 276.67, 149.08, 48.74, -64.29, 45.34, 0, 0
2.00, 5.70, 17.84, 17.84, -127.91, 20.00, 4.63, 16.11, 11.57, 230.63, 182.69, 54.21, -46.98, 35.93, 0, 0
2.00, 5.70, 18.56, 18.56, -17.85, 20.00, 4.63, 17.22, 12.68, 210.04, 198.24, 62.50, -22.52, 29.39, 0, 0
2.00, 5.70, 18.75, 18.75, -21.51, 20.00, 4.63, 17.78, 13.18, 77.20, 191.40, 72.62, 8.10, 27.93, 0, 0
2.00, 5.70, 19.00, 19.00, -7.36, 20.00, 4.63, 18.33, 13.68, 33.78, 187.03, 83.88, 36.19, 32.28, 0, 0
2.00, 5.70, 19.27, 19.27, 15.93, 20.00, 4.63, 18.33, 13.79, 0.00, 172.55, 0.00, 56.66, 40.56, 0, 0
2.00, 5.70, 19.44, 19.44, 17.33, 20.00, 4.63, 17.78, 13.29, 0.00, 126.89, 0.00, 71.35, 50.79, 0, 0
2.00, 5.70, 19.91, 19.91, 85.09, 20.00, 4.63, 17.22, 12.68, 0.00, 96.28, 0.00, 82.86, 61.87, 0, 0
2.00, 5.70, 19.35, 19.35, -65.20, 20.00, 4.63, 16.11, 11.57, 0.00, 40.70, 0.00, 92.84, 73.22, 0, 0
2.00, 5.70, 18.47, 18.47, -265.32, 20.00, 4.63, 14.44, 9.96, 0.00, 9.18, 0.00, 102.36, 84.49, 0, 0
2.00, 5.70, 18.12, 18.12, -332.82, 20.00, 4.63, 13.33, 8.95, 0.00, 1.53, 0.00, 0.00, 90.00, 0, 0
2.00, 5.70, 17.89, 17.89, -373.61, 20.00, 4.63, 12.78, 8.35, 0.00, 0.00, 0.00, 0.00, 90.00, 0, 0
2.00, 5.70, 17.68, 17.68, -407.88, 20.00, 4.63, 12.22, 7.75, 0.00, 0.00, 0.00, 0.00, 90.00, 0, 0
2.00, 5.70, 17.46, 17.46, -443.15, 20.00, 4.63, 11.67, 7.24, 0.00, 0.00, 0.00, 0.00, 90.00, 0, 0
2.00, 5.70, 17.20, 17.20, -487.11, 20.00, 4.63, 10.56, 6.14, 0.00, 0.00, 0.00, 0.00, 90.00, 0, 0
2.00, 5.70, 16.93, 16.93, -529.01, 20.00, 4.63, 10.00, 5.54, 0.00, 0.00, 0.00, 0.00, 90.00, 0, 0
2.00, 5.70, 16.68, 16.68, -564.47, 20.00, 4.63, 10.00, 5.44, 0.00, 0.00, 0.00, 0.00, 90.00, 0, 0
2.00, 5.70, 16.41, 16.41, -603.76, 20.00, 4.63, 9.44, 4.94, 0.00, 0.00, 0.00, 0.00, 90.00, 0, 0
2.00, 5.70, 16.13, 16.13, -644.13, 20.00, 4.63, 8.89, 4.44, 0.00, 0.00, 0.00, 0.00, 90.00, 0, 0
2.00, 5.70, 15.84, 15.84, -684.79, 20.00, 4.63, 8.33, 3.94, 0.00, 0.00, 0.00, 0.00, 90.00, 0, 0
2.00, 5.70, 15.75, 15.75, -682.18, 20.00, 4.63, 9.44, 5.04, 0.00, 12.23, 0.00, -107.23, 89.54, 0, 0
2.00, 5.70, 15.77, 15.77, -659.65, 20.00, 4.63, 10.00, 5.64, 1.30, 30.54, 56.18, -97.68, 78.44, 0, 0
2.00, 5.70, 15.87, 15.87, -623.54, 20.00, 4.63, 10.56, 6.24, 0.37, 51.56, 51.69, -90.00, 67.09, 0, 0
2.00, 5.70, 16.17, 16.17, -549.63, 20.00, 4.63, 11.67, 7.34, 5.45, 82.76, 47.44, -77.45, 55.82, 0, 0
2.00, 5.70, 17.08, 17.08, -358.39, 20.00, 4.63, 13.89, 9.46, 72.96, 142.11, 49.07, -64.58, 45.07, 0, 0
2.00, 5.70, 18.00, 18.00, -181.96, 20.00, 4.63, 15.56, 11.17, 129.13, 177.84, 54.52, -47.24, 35.63, 0, 0
2.00, 5.70, 18.49, 18.49, -110.30, 20.00, 4.63, 16.67, 12.28, 84.31, 182.41, 62.78, -22.64, 29.06, 0, 0
2.00, 5.70, 18.04, 18.04, -237.15, 20.00, 4.63, 16.67, 12.28, 14.64, 106.42, 72.88, 8.27, 27.61, 0, 0
2.00, 5.70, 18.22, 18.22, -212.13, 20.00, 4.63, 16.67, 12.28, 4.77, 123.35, 84.12, 36.56, 32.01, 0, 0
2.00, 5.70, 17.89, 17.89, -298.49, 20.00, 4.63, 16.11, 11.68, 0.00, 70.66, 0.00, 57.05, 40.34, 0, 0
2.00, 5.70, 18.13, 18.13, -252.33, 20.00, 4.63, 16.11, 11.68, 0.00, 87.39, 0.00, 71.71, 50.60, 0, 0
2.00, 5.70, 18.50, 18.50, -185.69, 20.00, 4.63, 16.11, 11.68, 0.00, 87.81, 0.00, 83.18, 61.69, 0, 0
2.00, 5.70, 18.56, 18.56, -189.58, 20.00, 4.63, 15.56, 11.17, 0.00, 53.76, 0.00, 93.15, 73.05, 0, 0
2.00, 5.70, 17.81, 17.81, -361.94, 20.00, 4.63, 14.44, 10.06, 0.00, 18.35, 0.00, 102.64, 84.30, 0, 0
2.00, 5.70, 17.46, 17.46, -428.93, 20.00, 4.63, 13.89, 9.46, 0.00, 1.53, 0.00, 0.00, 90.00, 0, 0
2.00, 5.70, 17.25, 17.25, -464.00, 20.00, 4.63, 13.33, 8.95, 0.00, 0.00, 0.00, 0.00, 90.00, 0, 0
2.00, 5.70, 17.03, 17.03, -498.79, 20.00, 4.63, 12.22, 7.85, 0.00, 0.00, 0.00, 0.00, 90.00, 0, 0
2.00, 5.70, 16.82, 16.82, -529.87, 20.00, 4.63, 11.67, 7.24, 0.00, 0.00, 0.00, 0.00, 90.00, 0, 0
2.00, 5.70, 16.61, 16.61, -561.08, 20.00, 4.63, 11.11, 6.64, 0.00, 0.00, 0.00, 0.00, 90.00, 0, 0
2.00, 5.70, 16.35, 16.35, -599.60, 20.00, 4.63, 10.00, 5.64, 0.00, 0.00, 0.00, 0.00, 90.00, 0, 0
2.00, 5.70, 16.10, 16.10, -635.56, 20.00, 4.63, 9.44, 5.04, 0.00, 0.00, 0.00, 0.00, 90.00, 0, 0
2.00, 5.70, 15.84, 15.84, -671.59, 20.00, 4.63, 8.89, 4.44, 0.00, 0.00, 0.00, 0.00, 90.00, 0, 0
2.00, 5.70, 15.57, 15.57, -708.08, 20.00, 4.63, 8.33, 3.84, 0.00, 0.00, 0.00, 0.00, 90.00, 0, 0
2.00, 5.70, 15.27, 15.27, -751.47, 20.00, 4.63, 7.22, 2.84, 0.00, 0.00, 0.00, 0.00, 90.00, 0, 0
2.00, 5.70, 15.10, 15.10, -763.55, 20.00, 4.63, 7.78, 3.44, 0.00, 7.65, 0.00, -107.45, 89.28, 0, 0
2.00, 5.70, 15.24, 15.24, -711.38, 20.00, 4.63, 9.44, 5.04, 11.74, 34.01, 56.43, -97.91, 78.20, 0, 0
2.00, 5.70, 15.45, 15.45, -653.59, 20.00, 4.63, 10.56, 6.14, 5.91, 60.23, 51.77, -90.00, 66.85, 0, 0
2.00, 5.70, 15.52, 15.52, -631.96, 20.00, 4.63, 11.11, 6.74, 0.77, 65.13, 47.76, -77.72, 55.57, 0, 0
2.00, 5.70, 16.11, 16.11, -501.23, 20.00, 4.63, 12.22, 7.85, 18.69, 119.57, 49.40, -64.87, 44.81, 0, 0
2.00, 5.70, 16.57, 16.57, -414.17, 20.00, 4.63, 13.33, 8.95, 17.03, 140.41, 54.83, -47.51, 35.34, 0, 0
2.00, 5.70, 17.07, 17.07, -322.97, 20.00, 4.63, 14.44, 9.96, 20.51, 160.12, 63.07, -22.76, 28.73, 0, 0
2.00, 5.70, 17.74, 17.74, -201.69, 20.00, 4.63, 15.56, 11.07, 49.49, 185.21, 73.14, 8.44, 27.28, 0, 0
2.00, 5.70, 18.27, 18.27, -119.12, 20.00, 4.63, 17.22, 12.68, 50.51, 187.65, 84.35, 36.92, 31.73, 0, 0
2.00, 5.70, 18.63, 18.63, -76.58, 20.00, 4.63, 17.78, 13.29, 0.00, 167.34, 0.00, 57.44, 40.12, 0, 0
2.00, 5.70, 19.09, 19.09, -11.52, 20.00, 4.63, 18.33, 13.79, 0.00, 136.74, 0.00, 72.07, 50.41, 0, 0
2.00, 5.70, 19.74, 19.74, 90.04, 20.00, 4.63, 17.78, 13.29, 0.00, 95.23, 0.00, 83.51, 61.52, 0, 0
2.00, 5.70, 20.44, 20.44, 194.43, 20.00, 4.63, 17.22, 12.79, 0.00, 53.02, 0.00, 93.44, 72.87, 0, 0
2.00, 5.70, 18.84, 18.84, -185.84, 20.00, 4.63, 16.11, 11.68, 0.00, 33.65, 0.00, 102.92, 84.12, 0, 0
2.00, 5.70, 18.34, 18.34, -292.11, 20.00, 4.63, 15.00, 10.57, 0.00, 4.59, 0.00, 0.00, 90.00, 0, 0
2.00, 5.70, 18.05, 18.05, -347.15, 20.00, 4.63, 13.89, 9.46, 0.00, 0.00, 0.00, 0.00, 90.00, 0, 0
2.00, 5.70, 17.82, 17.82, -387.68, 20.00, 4.63, 12.78, 8.25, 0.00, 0.00, 0.00, 0.00, 90.00, 0, 0
2.00, 5.70, 17.58, 17.58, -428.55, 20.00, 4.63, 11.67, 7.14, 0.00, 0.00, 0.00, 0.00, 90.00, 0, 0
2.00, 5.70, 17.31, 17.31, -472.45, 20.00, 4.63, 10.56, 6.04, 0.00, 0.00, 0.00, 0.00, 90.00, 0, 0
2.00, 5.70, 17.02, 17.02, -519.89, 20.00, 4.63, 9.44, 4.94, 0.00, 0.00, 0.00, 0.00, 90.00, 0, 0
2.00, 5.70, 16.70, 16.70, -570.57, 20.00, 4.63, 8.33, 3.84, 0.00, 0.00, 0.00, 0.00, 90.00, 0, 0
2.00, 5.70, 16.36, 16.36, -624.26, 20.00, 4.63, 7.22, 2.64, 0.00, 0.00, 0.00, 0.00, 90.00, 0, 0
2.00, 5.70, 15.99, 15.99, -680.16, 20.00, 4.63, 6.11, 1.55, 0.00, 0.00, 0.00, 0.00, 90.00, 0, 0
2.00, 5.70, 15.63, 15.63, -731.41, 20.00, 4.63, 5.56, 0.95, 0.00, 0.00, 0.00, 0.00, 90.00, 0, 0
2.00, 5.70, 15.35, 15.35, -763.03, 20.00, 4.63, 5.56, 0.95, 0.00, 6.12, 0.00, -107.66, 89.04, 0, 0
2.00, 5.70, 15.41, 15.41, -724.03, 20.00, 4.63, 6.67, 2.15, 6.14, 37.68, 56.69, -98.14, 77.96, 0, 0
2.00, 5.70, 15.73, 15.73, -637.94, 20.00, 4.63, 8.33, 3.74, 16.22, 78.27, 51.85, -90.00, 66.62, 0, 0
2.00, 5.70, 16.34, 16.34, -500.93, 20.00, 4.63, 10.56, 5.93, 62.19, 119.54, 48.09, -77.99, 55.33, 0, 0
2.00, 5.70, 17.19, 17.19, -329.63, 20.00, 4.63, 12.22, 7.64, 140.59, 158.04, 49.73, -65.15, 44.55, 0, 0
2.00, 5.70, 17.70, 17.70, -241.40, 20.00, 4.63, 13.89, 9.24, 102.49, 174.52, 55.14, -47.78, 35.05, 0, 0
2.00, 5.70, 18.02, 18.02, -198.84, 20.00, 4.63, 14.44, 9.73, 60.79, 178.92, 63.34, -22.88, 28.40, 0, 0
2.00, 5.70, 18.69, 18.69, -84.44, 20.00, 4.63, 16.11, 11.33, 92.05, 200.24, 73.39, 8.62, 26.96, 0, 0
2.00, 5.70, 18.98, 18.98, -54.78, 20.00, 4.63, 16.67, 11.95, 44.80, 193.14, 84.58, 37.28, 31.47, 0, 0
2.00, 5.70, 19.31, 19.31, -16.55, 20.00, 4.63, 17.22, 12.44, 0.00, 174.13, 0.00, 57.82, 39.90, 0, 0
2.00, 5.70, 19.35, 19.35, -39.36, 20.00, 4.63, 17.22, 12.44, 0.00, 121.96, 0.00, 72.42, 50.22, 0, 0
2.00, 5.70, 19.02, 19.02, -132.92, 20.00, 4.63, 16.11, 11.33, 0.00, 83.42, 0.00, 83.82, 61.34, 0, 0
2.00, 5.70, 19.56, 19.56, -34.33, 20.00, 4.63, 15.56, 10.71, 0.00, 53.72, 0.00, 93.74, 72.70, 0, 0
2.00, 5.70, 18.51, 18.51, -277.44, 20.00, 4.63, 14.44, 9.60, 0.00, 27.53, 0.00, 103.20, 83.94, 0, 0
2.00, 5.70, 18.02, 18.02, -374.59, 20.00, 4.63, 12.78, 8.01, 0.00, 3.06, 0.00, 0.00, 90.00, 0, 0
2.00, 5.70, 17.71, 17.71, -429.50, 20.00, 4.63, 11.67, 6.91, 0.00, 0.00, 0.00, 0.00, 90.00, 0, 0
2.00, 5.70, 17.39, 17.39, -481.86, 20.00, 4.63, 10.00, 5.20, 0.00, 0.00, 0.00, 0.00, 90.00, 0, 0
2.00, 5.70, 17.08, 17.08, -531.24, 20.00, 4.63, 8.89, 4.11, 0.00, 0.00, 0.00, 0.00, 90.00, 0, 0
2.00, 5.70, 16.71, 16.71, -589.21, 20.00, 4.63, 7.22, 2.41, 0.00, 0.00, 0.00, 0.00, 90.00, 0, 0
2.00, 5.70, 16.34, 16.34, -645.98, 20.00, 4.63, 6.11, 1.33, 0.00, 0.00, 0.00, 0.00, 90.00, 0, 0
2.00, 5.70, 15.91, 15.91, -711.32, 20.00, 4.63, 4.44, -0.36, 0.00, 0.00, 0.00, 0.00, 90.00, 0, 0
2.00, 5.70, 15.48, 15.48, -775.07, 20.00, 4.63, 3.33, -1.55, 0.00, 0.00, 0.00, 0.00, 90.00, 0, 0
2.00, 5.70, 14.99, 14.99, -846.19, 20.00, 4.63, 1.67, -3.11, 0.00, 0.00, 0.00, 0.00, 90.00, 0, 0
2.00, 5.70, 14.50, 14.50, -915.06, 20.00, 4.63, 0.56, -4.30, 0.00, 0.00, 0.00, 0.00, 90.00, 0, 0
2.00, 5.70, 14.21, 14.21, -938.17, 20.00, 4.63, 1.11, -3.82, 0.00, 13.76, 0.00, -107.88, 88.79, 0, 0
2.00, 5.70, 14.16, 14.16, -913.64, 20.00, 4.63, 2.22, -2.62, 19.78, 36.54, 56.95, -98.37, 77.73, 0, 0
2.00, 5.70, 14.48, 14.48, -818.00, 20.00, 4.63, 4.44, -0.47, 58.16, 75.74, 51.93, -90.00, 66.39, 0, 0
2.00, 5.70, 15.06, 15.06, -681.10, 20.00, 4.63, 6.11, 1.21, 109.01, 119.16, 48.41, -78.26, 55.10, 0, 0
2.00, 5.70, 15.98, 15.98, -484.44, 20.00, 4.63, 8.33, 3.50, 241.74, 152.82, 50.05, -65.44, 44.29, 0, 0
2.00, 5.70, 16.97, 16.97, -294.15, 20.00, 4.63, 10.56, 5.57, 325.00, 180.21, 55.44, -48.05, 34.76, 0, 0
2.00, 5.70, 17.58, 17.58, -196.42, 20.00, 4.63, 12.22, 7.27, 251.56, 196.95, 63.62, -23.01, 28.09, 0, 0
2.00, 5.70, 17.96, 17.96, -150.85, 20.00, 4.63, 13.33, 8.37, 175.88, 200.99, 73.64, 8.78, 26.65, 0, 0
2.00, 5.70, 17.99, 17.99, -178.06, 20.00, 4.63, 13.89, 8.85, 50.40, 190.86, 84.81, 37.64, 31.20, 0, 0
2.00, 5.70, 18.16, 18.16, -167.26, 20.00, 4.63, 13.89, 8.85, 0.00, 167.12, 0.00, 58.20, 39.68, 0, 0
2.00, 5.70, 18.82, 18.82, -52.95, 20.00, 4.63, 13.89, 8.85, 0.00, 137.27, 0.00, 72.76, 50.03, 0, 0
2.00, 5.70, 19.34, 19.34, 24.52, 20.00, 4.63, 13.33, 8.37, 0.00, 95.40, 0.00, 84.14, 61.17, 0, 0
2.00, 5.70, 19.14, 19.14, -53.94, 20.00, 4.63, 12.22, 7.27, 0.00, 55.71, 0.00, 94.02, 72.53, 0, 0
2.00, 5.70, 17.67, 17.67, -386.05, 20.00, 4.63, 10.56, 5.57, 0.00, 26.00, 0.00, 103.47, 83.76, 0, 0
2.00, 5.70, 17.06, 17.06, -501.37, 20.00, 4.63, 8.89, 3.99, 0.00, 3.06, 0.00, 0.00, 90.00, 0, 0
2.00, 5.70, 16.65, 16.65, -566.64, 20.00, 4.63, 7.78, 2.90, 0.00, 0.00, 0.00, 0.00, 90.00, 0, 0
2.00, 5.70, 16.30, 16.30, -620.36, 20.00, 4.63, 6.67, 1.69, 0.00, 0.00, 0.00, 0.00, 90.00, 0, 0
2.00, 5.70, 15.93, 15.93, -674.90, 20.00, 4.63, 5.56, 0.61, 0.00, 0.00, 0.00, 0.00, 90.00, 0, 0
2.00, 5.70, 15.53, 15.53, -732.47, 20.00, 4.63, 4.44, -0.47, 0.00, 0.00, 0.00, 0.00, 90.00, 0, 0
2.00, 5.70, 15.11, 15.11, -793.49, 20.00, 4.63, 3.33, -1.67, 0.00, 0.00, 0.00, 0.00, 90.00, 0, 0
2.00, 5.70, 14.70, 14.70, -850.06, 20.00, 4.63, 2.78, -2.14, 0.00, 0.00, 0.00, 0.00, 90.00, 0, 0
2.00, 5.70, 14.25, 14.25, -912.42, 20.00, 4.63, 1.67, -3.22, 0.00, 0.00, 0.00, 0.00, 90.00, 0, 0
2.00, 5.70, 13.81, 13.81, -970.69, 20.00, 4.63, 1.11, -3.82, 0.00, 0.00, 0.00, 0.00, 90.00, 0, 0
2.00, 5.70, 13.33, 13.33, -1034.48, 20.00, 4.63, 0.00, -5.02, 0.00, 0.00, 0.00, 0.00, 90.00, 0, 0
2.00, 5.70, 13.01, 13.01, -1061.47, 20.00, 4.63, 0.56, -4.42, 0.00, 9.18, 0.00, -108.09, 88.55, 0, 0
2.00, 5.70, 13.01, 13.01, -1025.34, 20.00, 4.63, 1.67, -3.22, 29.31, 34.96, 57.20, -98.60, 77.50, 0, 0
2.00, 5.70, 13.35, 13.35, -923.73, 20.00, 4.63, 3.89, -0.95, 56.23, 77.37, 52.01, -90.00, 66.16, 0, 0
2.00, 5.70, 14.01, 14.01, -768.60, 20.00, 4.63, 5.56, 0.73, 152.10, 114.78, 48.73, -78.53, 54.86, 0, 0
2.00, 5.70, 14.91, 14.91, -578.59, 20.00, 4.63, 7.22, 2.41, 252.62, 152.45, 50.37, -65.73, 44.04, 0, 0
2.00, 5.70, 15.80, 15.80, -406.49, 20.00, 4.63, 9.44, 4.60, 294.06, 181.17, 55.74, -48.33, 34.48, 0, 0
2.00, 5.70, 16.56, 16.56, -276.13, 20.00, 4.63, 10.56, 5.69, 291.90, 199.83, 63.89, -23.15, 27.77, 0, 0
2.00, 5.70, 16.97, 16.97, -225.43, 20.00, 4.63, 11.67, 6.78, 214.14, 201.07, 73.88, 8.95, 26.34, 0, 0
2.00, 5.70, 16.95, 16.95, -263.26, 20.00, 4.63, 12.22, 7.40, 58.09, 190.07, 85.03, 38.00, 30.94, 0, 0
2.00, 5.70, 17.18, 17.18, -240.36, 20.00, 4.63, 12.78, 7.88, 0.00, 166.73, 0.00, 58.57, 39.47, 0, 0
2.00, 5.70, 17.84, 17.84, -127.37, 20.00, 4.63, 12.22, 7.40, 0.00, 136.41, 0.00, 73.11, 49.85, 0, 0
2.00, 5.70, 18.26, 18.26, -72.79, 20.00, 4.63, 11.67, 6.91, 0.00, 96.73, 0.00, 84.45, 61.00, 0, 0
2.00, 5.70, 17.97, 17.97, -168.81, 20.00, 4.63, 10.56, 5.81, 0.00, 56.02, 0.00, 94.31, 72.36, 0, 0
2.00, 5.70, 16.54, 16.54, -488.21, 20.00, 4.63, 8.89, 4.11, 0.00, 22.94, 0.00, 103.74, 83.58, 0, 0
2.00, 5.70, 15.97, 15.97, -594.72, 20.00, 4.63, 7.78, 3.13, 0.00, 1.53, 0.00, 0.00, 90.00, 0, 0
2.00, 5.70, 15.65, 15.65, -641.66, 20.00, 4.63, 7.78, 3.13, 0.00, 0.00, 0.00, 0.00, 90.00, 0, 0
2.00, 5.70, 15.36, 15.36, -681.61, 20.00, 4.63, 7.22, 2.53, 0.00, 0.00, 0.00, 0.00, 90.00, 0, 0
2.00, 5.70, 15.07, 15.07, -722.31, 20.00, 4.63, 6.67, 2.04, 0.00, 0.00, 0.00, 0.00, 90.00, 0, 0
2.00, 5.70, 14.76, 14.76, -765.18, 20.00, 4.63, 6.11, 1.44, 0.00, 0.00, 0.00, 0.00, 90.00, 0, 0
2.00, 5.70, 14.50, 14.50, -796.24, 20.00, 4.63, 6.67, 1.93, 0.00, 0.00, 0.00, 0.00, 90.00, 0, 0
2.00, 5.70, 14.24, 14.24, -828.99, 20.00, 4.63, 6.67, 1.93, 0.00, 0.00, 0.00, 0.00, 90.00, 0, 0
2.00, 5.70, 14.01, 14.01, -854.20, 20.00, 4.63, 7.22, 2.53, 0.00, 0.00, 0.00, 0.00, 90.00, 0, 0
2.00, 5.70, 13.79, 13.79, -875.41, 20.00, 4.63, 7.78, 3.02, 0.00, 0.00, 0.00, 0.00, 90.00, 0, 0
2.00, 5.70, 13.57, 13.57, -899.13, 20.00, 4.63, 7.78, 3.13, 0.00, 0.00, 0.00, 0.00, 90.00, 0, 0
2.00, 5.70, 13.48, 13.48, -894.99, 20.00, 4.63, 8.33, 3.74, 0.00, 10.71, 0.00, -108.30, 88.32, 0, 0
2.00, 5.70, 13.48, 13.48, -873.19, 20.00, 4.63, 8.89, 4.34, 0.32, 25.50, 57.45, -98.83, 77.27, 0, 0
2.00, 5.70, 13.39, 13.39, -875.38, 20.00, 4.63, 9.44, 4.83, 0.00, 22.94, 52.08, -90.00, 65.94, 0, 0
2.00, 5.70, 13.49, 13.49, -839.23, 20.00, 4.63, 9.44, 4.94, 0.00, 44.35, 49.04, -78.80, 54.64, 0, 0
2.00, 5.70, 14.32, 14.32, -652.16, 20.00, 4.63, 11.11, 6.54, 31.11, 121.15, 50.68, -66.02, 43.80, 0, 0
2.00, 5.70, 15.64, 15.64, -383.81, 20.00, 4.63, 13.33, 8.74, 149.55, 186.88, 56.03, -48.61, 34.21, 0, 0
2.00, 5.70, 16.61, 16.61, -213.59, 20.00, 4.63, 15.00, 10.46, 171.14, 207.65, 64.15, -23.29, 27.46, 0, 0
2.00, 5.70, 17.11, 17.11, -151.46, 20.00, 4.63, 16.11, 11.57, 89.33, 208.08, 74.12, 9.11, 26.03, 0, 0
2.00, 5.70, 17.03, 17.03, -211.02, 20.00, 4.63, 16.67, 12.07, 9.04, 161.55, 85.25, 38.35, 30.68, 0, 0
2.00, 5.70, 16.65, 16.65, -320.78, 20.00, 4.63, 16.11, 11.57, 0.00, 95.72, 0.00, 58.95, 39.26, 0, 0
2.00, 5.70, 16.75, 16.75, -314.06, 20.00, 4.63, 16.11, 11.57, 0.00, 97.38, 0.00, 73.44, 49.67, 0, 0
2.00, 5.70, 16.77, 16.77, -326.04, 20.00, 4.63, 15.56, 11.07, 0.00, 80.72, 0.00, 84.75, 60.83, 0, 0
2.00, 5.70, 17.21, 17.21, -246.08, 20.00, 4.63, 15.00, 10.57, 0.00, 56.54, 0.00, 94.59, 72.19, 0, 0
2.00, 5.70, 16.55, 16.55, -405.45, 20.00, 4.63, 14.44, 10.06, 0.00, 32.12, 0.00, 104.00, 83.40, 0, 0
2.00, 5.70, 16.20, 16.20, -479.99, 20.00, 4.63, 13.89, 9.46, 0.00, 4.59, 0.00, 0.00, 90.00, 0, 0
2.00, 5.70, 16.00, 16.00, -516.89, 20.00, 4.63, 13.33, 8.95, 0.00, 0.00, 0.00, 0.00, 90.00, 0, 0
2.00, 5.70, 15.88, 15.88, -535.63, 20.00, 4.63, 13.33, 8.95, 0.00, 0.00, 0.00, 0.00, 90.00, 0, 0
2.00, 5.70, 15.75, 15.75, -557.61, 20.00, 4.63, 12.78, 8.45, 0.00, 0.00, 0.00, 0.00, 90.00, 0, 0
2.00, 5.70, 15.63, 15.63, -574.92, 20.00, 4.63, 12.78, 8.45, 0.00, 0.00, 0.00, 0.00, 90.00, 0, 0
2.00, 5.70, 15.49, 15.49, -598.28, 20.00, 4.63, 12.22, 7.75, 0.00, 0.00, 0.00, 0.00, 90.00, 0, 0
2.00, 5.70, 15.32, 15.32, -623.59, 20.00, 4.63, 11.67, 7.24, 0.00, 0.00, 0.00, 0.00, 90.00, 0, 0
2.00, 5.70, 15.15, 15.15, -650.01, 20.00, 4.63, 11.11, 6.74, 0.00, 0.00, 0.00, 0.00, 90.00, 0, 0
2.00, 5.70, 14.97, 14.97, -677.38, 20.00, 4.63, 10.56, 6.14, 0.00, 0.00, 0.00, 0.00, 90.00, 0, 0
2.00, 5.70, 14.77, 14.77, -705.27, 20.00, 4.63, 10.00, 5.64, 0.00, 0.00, 0.00, 0.00, 90.00, 0, 0
2.00, 5.70, 14.72, 14.72, -703.01, 20.00, 4.63, 10.56, 6.24, 0.00, 9.18, 0.00, -108.51, 88.09, 0, 0
2.00, 5.70, 15.00, 15.00, -633.00, 20.00, 4.63, 11.67, 7.43, 15.74, 41.88, 57.70, -99.05, 77.05, 0, 0
2.00, 5.70, 15.36, 15.36, -553.85, 20.00, 4.63, 12.78, 8.54, 12.46, 73.00, 52.16, -90.00, 65.72, 0, 0
2.00, 5.70, 15.51, 15.51, -528.13, 20.00, 4.63, 13.33, 9.14, 4.47, 74.07, 49.35, -79.07, 54.42, 0, 0
2.00, 5.70, 16.32, 16.32, -363.27, 20.00, 4.63, 14.44, 10.16, 37.91, 137.60, 50.99, -66.31, 43.56, 0, 0
2.00, 5.70, 17.41, 17.41, -156.58, 20.00, 4.63, 16.11, 11.87, 121.08, 185.31, 56.31, -48.89, 33.94, 0, 0
2.00, 5.70, 18.10, 18.10, -49.28, 20.00, 4.63, 17.22, 12.99, 88.20, 200.81, 64.41, -23.44, 27.16, 0, 0
2.00, 5.70, 18.74, 18.74, 40.60, 20.00, 4.63, 18.33, 14.01, 74.62, 210.22, 74.35, 9.27, 25.72, 0, 0
2.00, 5.70, 19.10, 19.10, 70.15, 20.00, 4.63, 19.44, 15.12, 23.57, 199.45, 85.46, 38.70, 30.43, 0, 0
2.00, 5.70, 19.36, 19.36, 80.99, 20.00, 4.63, 19.44, 15.12, 0.00, 173.14, 0.00, 59.31, 39.05, 0, 0
2.00, 5.70, 19.69, 19.69, 111.38, 20.00, 4.63, 19.44, 15.12, 0.00, 140.03, 0.00, 73.78, 49.49, 0, 0
2.00, 5.70, 19.52, 19.52, 35.85, 20.00, 4.63, 18.89, 14.61, 0.00, 93.48, 0.00, 85.05, 60.66, 0, 0
2.00, 5.70, 19.38, 19.38, -21.34, 20.00, 4.63, 18.33, 14.01, 0.00, 55.01, 0.00, 94.86, 72.02, 0, 0
2.00, 5.70, 18.86, 18.86, -149.28, 20.00, 4.63, 17.22, 12.89, 0.00, 32.12, 0.00, 104.26, 83.22, 0, 0
2.00, 5.70, 18.53, 18.53, -225.35, 20.00, 4.63, 16.67, 12.38, 0.00, 6.12, 0.00, 0.00, 90.00, 0, 0
2.00, 5.70, 18.30, 18.30, -274.25, 20.00, 4.63, 15.56, 11.27, 0.00, 0.00, 0.00, 0.00, 90.00, 0, 0
2.00, 5.70, 18.13, 18.13, -306.28, 20.00, 4.63, 15.00, 10.67, 0.00, 0.00, 0.00, 0.00, 90.00, 0, 0
2.00, 5.70, 17.94, 17.94, -343.70, 20.00, 4.63, 13.89, 9.56, 0.00, 0.00, 0.00, 0.00, 90.00, 0, 0
2.00, 5.70, 17.75, 17.75, -378.10, 20.00, 4.63, 13.33, 8.95, 0.00, 0.00, 0.00, 0.00, 90.00, 0, 0
2.00, 5.70, 17.55, 17.55, -412.73, 20.00, 4.63, 12.78, 8.45, 0.00, 0.00, 0.00, 0.00, 90.00, 0, 0
2.00, 5.70, 17.33, 17.33, -448.42, 20.00, 4.63, 12.22, 7.85, 0.00, 0.00, 0.00, 0.00, 90.00, 0, 0
2.00, 5.70, 17.08, 17.08, -491.72, 20.00, 4.63, 11.11, 6.74, 0.00, 0.00, 0.00, 0.00, 90.00, 0, 0
2.00, 5.70, 16.82, 16.82, -531.67, 20.00, 4.63, 10.56, 6.24, 0.00, 0.00, 0.00, 0.00, 90.00, 0, 0
2.00, 5.70, 16.56, 16.56, -571.16, 20.00, 4.63, 10.00, 5.64, 0.00, 0.00, 0.00, 0.00, 90.00, 0, 0
2.00, 5.70, 16.36, 16.36, -598.07, 20.00, 4.63, 10.00, 5.64, 0.00, 3.06, 66.44, -108.72, 87.86, 0, 0
2.00, 5.70, 16.58, 16.58, -534.44, 20.00, 4.63, 11.67, 7.34, 21.16, 36.08, 57.95, -99.28, 76.84, 0, 0
2.00, 5.70, 17.12, 17.12, -412.80, 20.00, 4.63, 13.33, 9.05, 45.72, 84.04, 52.23, -90.00, 65.51, 0, 0
2.00, 5.70, 17.62, 17.62, -312.25, 20.00, 4.63, 14.44, 10.16, 39.95, 117.46, 49.65, -79.34, 54.20, 0, 0
2.00, 5.70, 18.12, 18.12, -222.26, 20.00, 4.63, 15.56, 11.17, 28.16, 144.03, 51.29, -66.60, 43.33, 0, 0
2.00, 5.70, 18.93, 18.93, -71.16, 20.00, 4.63, 16.67, 12.28, 91.86, 178.68, 56.60, -49.17, 33.68, 0, 0
2.00, 5.70, 20.07, 20.07, 133.97, 20.00, 4.63, 18.33, 13.90, 212.57, 208.59, 64.66, -23.59, 26.86, 0, 0
2.00, 5.70, 20.29, 20.29, 131.54, 20.00, 4.63, 18.89, 14.41, 64.46, 195.15, 74.58, 9.43, 25.43, 0, 0
2.00, 5.70, 20.23, 20.23, 79.52, 20.00, 4.63, 19.44, 14.91, 5.67, 159.81, 85.67, 39.05, 30.17, 0, 0
2.00, 5.70, 19.58, 19.58, -87.29, 20.00, 4.63, 18.33, 13.79, 0.00, 70.56, 0.00, 59.67, 38.85, 0, 0
2.00, 5.70, 19.79, 19.79, -53.85, 20.00, 4.63, 17.78, 13.29, 0.00, 93.87, 0.00, 74.11, 49.31, 0, 0
2.00, 5.70, 20.53, 20.53, 85.65, 20.00, 4.63, 17.78, 13.29, 0.00, 97.98, 0.00, 85.34, 60.49, 0, 0
2.00, 5.70, 20.69, 20.69, 90.78, 20.00, 4.63, 17.22, 12.68, 0.00, 62.12, 0.00, 95.13, 71.85, 0, 0
2.00, 5.70, 19.74, 19.74, -133.73, 20.00, 4.63, 16.11, 11.68, 0.00, 33.65, 0.00, 104.51, 83.05, 0, 0
2.00, 5.70, 19.29, 19.29, -229.34, 20.00, 4.63, 15.56, 11.07, 0.00, 4.59, 0.00, 0.00, 90.00, 0, 0
2.00, 5.70, 18.98, 18.98, -285.79, 20.00, 4.63, 14.44, 9.96, 0.00, 0.00, 0.00, 0.00, 90.00, 0, 0
2.00, 5.70, 18.72, 18.72, -330.83, 20.00, 4.63, 13.33, 8.85, 0.00, 0.00, 0.00, 0.00, 90.00, 0, 0
2.00, 5.70, 18.45, 18.45, -376.17, 20.00, 4.63, 12.22, 7.75, 0.00, 0.00, 0.00, 0.00, 90.00, 0, 0
2.00, 5.70, 18.16, 18.16, -423.72, 20.00, 4.63, 11.11, 6.54, 0.00, 0.00, 0.00, 0.00, 90.00, 0, 0
2.00, 5.70, 17.88, 17.88, -466.78, 20.00, 4.63, 10.56, 6.04, 0.00, 0.00, 0.00, 0.00, 90.00, 0, 0
2.00, 5.70, 17.56, 17.56, -516.11, 20.00, 4.63, 9.44, 4.94, 0.00, 0.00, 0.00, 0.00, 90.00, 0, 0
2.00, 5.70, 17.21, 17.21, -568.64, 20.00, 4.63, 8.33, 3.84, 0.00, 0.00, 0.00, 0.00, 90.00, 0, 0
2.00, 5.70, 16.84, 16.84, -623.72, 20.00, 4.63, 7.22, 2.64, 0.00, 0.00, 0.00, 0.00, 90.00, 0, 0
2.00, 5.70, 16.45, 16.45, -680.36, 20.00, 4.63, 6.11, 1.55, 0.00, 0.00, 0.00, 0.00, 90.00, 0, 0
2.00, 5.70, 16.17, 16.17, -710.61, 20.00, 4.63, 6.11, 1.55, 0.00, 7.65, 66.65, -108.92, 87.64, 0, 0
2.00, 5.70, 16.29, 16.29, -659.62, 20.00, 4.63, 7.78, 3.24, 8.49, 41.52, 58.20, -99.50, 76.63, 0, 0
2.00, 5.70, 16.73, 16.73, -548.10, 20.00, 4.63, 9.44, 4.94, 53.68, 83.96, 52.30, -90.00, 65.31, 0, 0
2.00, 5.70, 17.56, 17.56, -368.64, 20.00, 4.63, 12.22, 7.64, 189.43, 114.11, 49.95, -79.60, 53.99, 0, 0
2.00, 5.70, 18.64, 18.64, -153.66, 20.00, 4.63, 14.44, 9.96, 356.62, 135.20, 51.59, -66.89, 43.10, 0, 0
2.00, 5.70, 19.69, 19.69, 36.36, 20.00, 4.63, 16.67, 12.07, 425.55, 156.04, 56.87, -49.46, 33.42, 0, 0
2.00, 5.70, 20.49, 20.49, 160.81, 20.00, 4.63, 18.33, 13.68, 399.02, 166.71, 64.91, -23.74, 26.57, 0, 0
2.00, 5.70, 20.97, 20.97, 213.73, 20.00, 4.63, 20.00, 15.29, 269.79, 176.83, 74.80, 9.58, 25.13, 0, 0
2.00, 5.70, 20.94, 20.94, 161.06, 20.00, 4.63, 20.56, 15.91, 65.03, 169.60, 85.87, 39.40, 29.93, 0, 0
2.00, 5.70, 21.39, 21.39, 219.23, 20.00, 4.63, 21.11, 16.53, 0.00, 142.48, 0.00, 60.03, 38.64, 0, 0
2.00, 5.70, 22.90, 22.90, 497.37, 20.00, 4.63, 21.11, 16.53, 0.00, 114.04, 0.00, 74.43, 49.13, 0, 0
2.00, 5.70, 23.97, 23.97, 657.25, 20.00, 4.63, 20.56, 15.91, 0.00, 93.06, 0.00, 85.63, 60.33, 0, 0
2.00, 5.70, 23.99, 23.99, 591.01, 20.00, 4.63, 19.44, 14.79, 0.00, 58.60, 0.00, 95.40, 71.69, 0, 0
2.00, 5.70, 23.54, 23.54, 442.18, 20.00, 4.63, 17.78, 13.18, 0.00, 22.77, 0.00, 104.76, 82.87, 0, 0
2.00, 5.70, 21.86, 21.86, 54.73, 20.00, 4.63, 16.67, 12.07, 0.00, 4.59, 0.00, 0.00, 90.00, 0, 0
2.00, 5.70, 21.44, 21.44, -26.57, 20.00, 4.63, 15.56, 10.96, 0.00, 0.00, 0.00, 0.00, 90.00, 0, 0
2.00, 5.70, 21.12, 21.12, -83.98, 20.00, 4.63, 14.44, 9.85, 0.00, 0.00, 0.00, 0.00, 90.00, 0, 0
2.00, 5.70, 20.82, 20.82, -138.68, 20.00, 4.63, 13.33, 8.74, 0.00, 0.00, 0.00, 0.00, 90.00, 0, 0
2.00, 5.70, 20.48, 20.48, -195.90, 20.00, 4.63, 12.22, 7.64, 0.00, 0.00, 0.00, 0.00, 90.00, 0, 0
2.00, 5.70, 20.13, 20.13, -256.52, 20.00, 4.63, 11.11, 6.54, 0.00, 0.00, 0.00, 0.00, 90.00, 0, 0
2.00, 5.70, 19.77, 19.77, -313.41, 20.00, 4.63, 10.56, 5.93, 0.00, 0.00, 0.00, 0.00, 90.00, 0, 0
2.00, 5.70, 19.38, 19.38, -375.93, 20.00, 4.63, 9.44, 4.94, 0.00, 0.00, 0.00, 0.00, 90.00, 0, 0
2.00, 5.70, 18.99, 18.99, -434.48, 20.00, 4.63, 8.89, 4.34, 0.00, 0.00, 0.00, 0.00, 90.00, 0, 0
2.00, 5.70, 18.56, 18.56, -498.28, 20.00, 4.63, 7.78, 3.24, 0.00, 0.00, 0.00, 0.00, 90.00, 0, 0
2.00, 5.70, 18.42, 18.42, -499.30, 20.00, 4.63, 8.89, 4.34, 0.00, 19.88, 66.85, -109.13, 87.43, 0, 0
2.00, 5.70, 18.46, 18.46, -467.67, 20.00, 4.63, 10.00, 5.54, 17.45, 42.51, 58.44, -99.72, 76.42, 0, 0
2.00, 5.70, 18.89, 18.89, -359.29, 20.00, 4.63, 12.22, 7.75, 84.60, 76.90, 52.38, -90.00, 65.10, 0, 0
2.00, 5.70, 19.67, 19.67, -189.09, 20.00, 4.63, 15.00, 10.46, 203.26, 106.99, 50.25, -79.87, 53.78, 0, 0
2.00, 5.70, 20.82, 20.82, 40.47, 20.00, 4.63, 17.22, 12.68, 366.95, 138.19, 51.88, -67.18, 42.88, 0, 0
2.00, 5.70, 21.96, 21.96, 246.27, 20.00, 4.63, 19.44, 14.91, 436.83, 165.30, 57.15, -49.74, 33.17, 0, 0
2.00, 5.70, 22.73, 22.73, 360.96, 20.00, 4.63, 21.11, 16.53, 380.48, 176.41, 65.16, -23.90, 26.28, 0, 0
2.00, 5.70, 23.14, 23.14, 396.54, 20.00, 4.63, 22.22, 17.65, 260.79, 179.08, 75.02, 9.73, 24.84, 0, 0
2.00, 5.70, 23.09, 23.09, 339.56, 20.00, 4.63, 22.78, 18.27, 61.22, 170.38, 86.07, 39.74, 29.68, 0, 0
2.00, 5.70, 23.61, 23.61, 413.41, 20.00, 4.63, 23.33, 18.77, 0.00, 150.01, 0.00, 60.39, 38.45, 0, 0
2.00, 5.70, 25.02, 25.02, 667.51, 20.00, 4.63, 23.33, 18.77, 0.00, 125.33, 0.00, 74.75, 48.96, 0, 0
2.00, 5.70, 25.84, 25.84, 777.02, 20.00, 4.63, 22.22, 17.76, 0.00, 93.18, 0.00, 85.92, 60.16, 0, 0
2.00, 5.70, 26.02, 26.02, 749.70, 20.00, 4.63, 21.11, 16.64, 0.00, 55.08, 0.00, 95.66, 71.52, 0, 0
2.00, 5.70, 25.64, 25.64, 616.08, 20.00, 4.63, 19.44, 15.02, 0.00, 23.03, 0.00, 105.00, 82.70, 0, 0
2.00, 5.70, 23.90, 23.90, 215.87, 20.00, 4.63, 18.33, 14.01, 0.00, 6.12, 0.00, 0.00, 90.00, 0, 0
2.00, 5.70, 23.46, 23.46, 129.29, 20.00, 4.63, 17.22, 12.89, 0.00, 0.00, 0.00, 0.00, 90.00, 0, 0
2.00, 5.70, 23.15, 23.15, 75.18, 20.00, 4.63, 16.67, 12.28, 0.00, 0.00, 0.00, 0.00, 90.00, 0, 0
2.00, 5.70, 22.84, 22.84, 20.45, 20.00, 4.63, 15.56, 11.17, 0.00, 0.00, 0.00, 0.00, 90.00, 0, 0
2.00, 5.70, 22.51, 22.51, -37.42, 20.00, 4.63, 14.44, 10.06, 0.00, 0.00, 0.00, 0.00, 90.00, 0, 0
2.00, 5.70, 22.21, 22.21, -85.29, 20.00, 4.63, 14.44, 10.06, 0.00, 0.00, 0.00, 0.00, 90.00, 0, 0
2.00, 5.70, 21.88, 21.88, -136.91, 20.00, 4.63, 13.89, 9.46, 0.00, 0.00, 0.00, 0.00, 90.00, 0, 0
2.00, 5.70, 21.54, 21.54, -189.36, 20.00, 4.63, 13.33, 8.95, 0.00, 0.00, 0.00, 0.00, 90.00, 0, 0
2.00, 5.70, 21.20, 21.20, -241.80, 20.00, 4.63, 12.78, 8.45, 0.00, 0.00, 0.00, 0.00, 90.00, 0, 0
2.00, 5.70, 20.84, 20.84, -293.75, 20.00, 4.63, 12.22, 7.85, 0.00, 0.00, 0.00, 0.00, 90.00, 0, 0
2.00, 5.70, 20.53, 20.53, -334.55, 20.00, 4.63, 12.22, 7.94, 0.00, 1.53, 67.06, -109.33, 87.22, 0, 0
2.00, 5.70, 20.30, 20.30, -355.55, 20.00, 4.63, 12.78, 8.45, 0.00, 7.65, 58.68, -99.94, 76.22, 0, 0
2.00, 5.70, 20.51, 20.51, -287.31, 20.00, 4.63, 13.89, 9.56, 0.36, 53.05, 52.45, -90.00, 64.91, 0, 0
2.00, 5.70, 20.92, 20.92, -187.95, 20.00, 4.63, 15.00, 10.67, 7.23, 98.86, 50.54, -80.13, 53.58, 0, 0
2.00, 5.70, 21.74, 21.74, -12.51, 20.00, 4.63, 16.67, 12.38, 62.65, 156.46, 52.17, -67.47, 42.67, 0, 0
2.00, 5.70, 22.42, 22.42, 115.43, 20.00, 4.63, 18.33, 14.01, 72.28, 184.26, 57.41, -50.04, 32.92, 0, 0
2.00, 5.70, 22.30, 22.30, 68.76, 20.00, 4.63, 18.89, 14.51, 17.31, 142.38, 65.40, -24.07, 26.00, 0, 0
2.00, 5.70, 22.41, 22.41, 78.41, 20.00, 4.63, 19.44, 15.02, 7.78, 139.66, 75.24, 9.88, 24.56, 0, 0
2.00, 5.70, 23.07, 23.07, 203.38, 20.00, 4.63, 20.56, 16.14, 23.50, 187.35, 86.26, 40.07, 29.44, 0, 0
2.00, 5.70, 23.62, 23.62, 293.91, 20.00, 4.63, 21.11, 16.75, 0.00, 181.45, 0.00, 60.73, 38.25, 0, 0
2.00, 5.70, 24.29, 24.29, 404.24, 20.00, 4.63, 21.67, 17.26, 0.00, 147.82, 0.00, 75.06, 48.79, 0, 0
2.00, 5.70, 24.11, 24.11, 329.91, 20.00, 4.63, 21.11, 16.75, 0.00, 100.02, 0.00, 86.20, 60.00, 0, 0
2.00, 5.70, 23.35, 23.35, 146.97, 20.00, 4.63, 20.56, 16.14, 0.00, 47.33, 0.00, 95.91, 71.36, 0, 0
2.00, 5.70, 22.73, 22.73, 14.10, 20.00, 4.63, 19.44, 15.12, 0.00, 12.23, 0.00, 105.24, 82.53, 0, 0
2.00, 5.70, 22.41, 22.41, -44.07, 20.00, 4.63, 18.89, 14.51, 0.00, 1.53, 0.00, 0.00, 90.00, 0, 0
2.00, 5.70, 22.17, 22.17, -84.44, 20.00, 4.63, 17.78, 13.40, 0.00, 0.00, 0.00, 0.00, 90.00, 0, 0
2.00, 5.70, 21.92, 21.92, -122.47, 20.00, 4.63, 16.67, 12.28, 0.00, 0.00, 0.00, 0.00, 90.00, 0, 0
2.00, 5.70, 21.66, 21.66, -163.32, 20.00, 4.63, 15.56, 11.17, 0.00, 0.00, 0.00, 0.00, 90.00, 0, 0
2.00, 5.70, 21.37, 21.37, -207.16, 20.00, 4.63, 14.44, 10.06, 0.00, 0.00, 0.00, 0.00, 90.00, 0, 0
2.00, 5.70, 21.06, 21.06, -253.98, 20.00, 4.63, 13.33, 8.95, 0.00, 0.00, 0.00, 0.00, 90.00, 0, 0
2.00, 5.70, 20.73, 20.73, -303.82, 20.00, 4.63, 12.22, 7.75, 0.00, 0.00, 0.00, 0.00, 90.00, 0, 0
2.00, 5.70, 20.34, 20.34, -362.60, 20.00, 4.63, 10.56, 6.14, 0.00, 0.00, 0.00, 0.00, 90.00, 0, 0
2.00, 5.70, 19.94, 19.94, -419.68, 20.00, 4.63, 9.44, 5.04, 0.00, 0.00, 0.00, 0.00, 90.00, 0, 0
2.00, 5.70, 19.53, 19.53, -477.75, 20.00, 4.63, 8.33, 3.94, 0.00, 0.00, 0.00, 0.00, 90.00, 0, 0
2.00, 5.70, 19.19, 19.19, -518.14, 20.00, 4.63, 8.33, 3.94, 0.00, 3.06, 67.27, -109.53, 87.01, 0, 0
2.00, 5.70, 19.05, 19.05, -514.90, 20.00, 4.63, 8.89, 4.44, 0.00, 22.94, 58.92, -100.16, 76.03, 0, 0
2.00, 5.70, 19.08, 19.08, -480.71, 20.00, 4.63, 9.44, 5.04, 0.00, 52.00, 52.52, -90.00, 64.72, 0, 0
2.00, 5.70, 19.07, 19.07, -461.05, 20.00, 4.63, 10.56, 6.14, 0.00, 62.70, 50.82, -80.40, 53.39, 0, 0
2.00, 5.70, 19.46, 19.46, -361.12, 20.00, 4.63, 11.11, 6.74, 9.03, 114.19, 52.45, -67.76, 42.46, 0, 0
2.00, 5.70, 20.22, 20.22, -193.48, 20.00, 4.63, 12.78, 8.35, 49.83, 172.66, 57.67, -50.33, 32.69, 0, 0
2.00, 5.70, 20.68, 20.68, -105.61, 20.00, 4.63, 13.89, 9.46, 47.92, 186.91, 65.63, -24.24, 25.72, 0, 0
2.00, 5.70, 20.60, 20.60, -137.61, 20.00, 4.63, 14.44, 9.96, 17.62, 152.33, 75.44, 10.02, 24.28, 0, 0
2.00, 5.70, 21.08, 21.08, -44.39, 20.00, 4.63, 15.56, 11.07, 20.36, 189.22, 86.45, 40.41, 29.21, 0, 0
2.00, 5.70, 21.57, 21.57, 43.30, 20.00, 4.63, 16.67, 12.18, 0.00, 172.24, 0.00, 61.08, 38.06, 0, 0
2.00, 5.70, 22.59, 22.59, 235.41, 20.00, 4.63, 17.22, 12.68, 0.00, 139.49, 0.00, 75.37, 48.62, 0, 0
2.00, 5.70, 22.79, 22.79, 239.65, 20.00, 4.63, 17.22, 12.68, 0.00, 101.71, 0.00, 86.47, 59.84, 0, 0
2.00, 5.70, 22.64, 22.64, 176.05, 20.00, 4.63, 16.67, 12.18, 0.00, 61.40, 0.00, 96.16, 71.20, 0, 0
2.00, 5.70, 21.84, 21.84, -10.80, 20.00, 4.63, 16.11, 11.57, 0.00, 20.36, 0.00, 105.47, 82.36, 0, 0
2.00, 5.70, 20.88, 20.88, -212.66, 20.00, 4.63, 15.00, 10.57, 0.00, 3.06, 0.00, 0.00, 90.00, 0, 0
2.00, 5.70, 20.49, 20.49, -273.99, 20.00, 4.63, 13.89, 9.46, 0.00, 0.00, 0.00, 0.00, 90.00, 0, 0
2.00, 5.70, 20.17, 20.17, -321.18, 20.00, 4.63, 12.78, 8.35, 0.00, 0.00, 0.00, 0.00, 90.00, 0, 0
2.00, 5.70, 19.88, 19.88, -360.89, 20.00, 4.63, 12.22, 7.75, 0.00, 0.00, 0.00, 0.00, 90.00, 0, 0
2.00, 5.70, 19.55, 19.55, -406.84, 20.00, 4.63, 11.11, 6.54, 0.00, 0.00, 0.00, 0.00, 90.00, 0, 0
2.00, 5.70, 19.19, 19.19, -456.50, 20.00, 4.63, 10.00, 5.44, 0.00, 0.00, 0.00, 0.00, 90.00, 0, 0
2.00, 5.70, 18.82, 18.82, -509.06, 20.00, 4.63, 8.89, 4.34, 0.00, 0.00, 0.00, 0.00, 90.00, 0, 0
2.00, 5.70, 18.45, 18.45, -557.32, 20.00, 4.63, 8.33, 3.74, 0.00, 0.00, 0.00, 0.00, 90.00, 0, 0
2.00, 5.70, 18.05, 18.05, -611.28, 20.00, 4.63, 7.22, 2.64, 0.00, 0.00, 0.00, 0.00, 90.00, 0, 0
2.00, 5.70, 17.62, 17.62, -667.89, 20.00, 4.63, 6.11, 1.55, 0.00, 0.00, 0.00, 0.00, 90.00, 0, 0
2.00, 5.70, 17.30, 17.30, -701.41, 20.00, 4.63, 6.11, 1.55, 0.00, 6.12, 67.47, -109.73, 86.81, 0, 0
2.00, 5.70, 17.37, 17.37, -651.28, 20.00, 4.63, 7.78, 3.24, 5.14, 41.01, 59.15, -100.37, 75.84, 0, 0
2.00, 5.70, 17.75, 17.75, -545.86, 20.00, 4.63, 9.44, 4.94, 26.86, 86.61, 52.58, -90.00, 64.53, 0, 0
2.00, 5.70, 17.79, 17.79, -524.79, 20.00, 4.63, 10.00, 5.44, 12.81, 90.36, 51.10, -80.66, 53.20, 0, 0
2.00, 5.70, 18.28, 18.28, -409.78, 20.00, 4.63, 11.11, 6.54, 29.05, 137.44, 52.72, -68.05, 42.26, 0, 0
2.00, 5.70, 18.77, 18.77, -306.66, 20.00, 4.63, 12.22, 7.64, 22.77, 171.05, 57.93, -50.62, 32.45, 0, 0
2.00, 5.70, 19.03, 19.03, -262.18, 20.00, 4.63, 12.78, 8.13, 23.70, 169.87, 65.86, -24.41, 25.45, 0, 0
2.00, 5.70, 19.51, 19.51, -169.53, 20.00, 4.63, 13.33, 8.74, 42.23, 193.36, 75.65, 10.15, 24.00, 0, 0
2.00, 5.70, 19.80, 19.80, -126.57, 20.00, 4.63, 14.44, 9.73, 9.63, 193.39, 86.63, 40.73, 28.98, 0, 0
2.00, 5.70, 19.62, 19.62, -181.02, 20.00, 4.63, 14.44, 9.85, 0.00, 139.30, 0.00, 61.41, 37.87, 0, 0
2.00, 5.70, 20.11, 20.11, -87.67, 20.00, 4.63, 14.44, 9.85, 0.00, 140.01, 0.00, 75.67, 48.45, 0, 0
2.00, 5.70, 20.01, 20.01, -126.66, 20.00, 4.63, 14.44, 9.85, 0.00, 100.12, 0.00, 86.74, 59.68, 0, 0
2.00, 5.70, 19.99, 19.99, -139.80, 20.00, 4.63, 13.33, 8.74, 0.00, 60.40, 0.00, 96.41, 71.04, 0, 0
2.00, 5.70, 20.13, 20.13, -119.00, 20.00, 4.63, 12.78, 8.25, 0.00, 26.64, 0.00, 105.70, 82.19, 0, 0
2.00, 5.70, 18.81, 18.81, -404.45, 20.00, 4.63, 11.67, 7.14, 0.00, 6.12, 0.00, 0.00, 90.00, 0, 0
2.00, 5.70, 18.39, 18.39, -470.26, 20.00, 4.63, 11.11, 6.54, 0.00, 0.00, 0.00, 0.00, 90.00, 0, 0
2.00, 5.70, 18.04, 18.04, -520.45, 20.00, 4.63, 10.00, 5.44, 0.00, 0.00, 0.00, 0.00, 90.00, 0, 0
2.00, 5.70, 17.72, 17.72, -562.21, 20.00, 4.63, 9.44, 4.83, 0.00, 0.00, 0.00, 0.00, 90.00, 0, 0
2.00, 5.70, 17.38, 17.38, -609.07, 20.00, 4.63, 8.33, 3.74, 0.00, 0.00, 0.00, 0.00, 90.00, 0, 0
2.00, 5.70, 17.04, 17.04, -652.50, 20.00, 4.63, 7.78, 3.13, 0.00, 0.00, 0.00, 0.00, 90.00, 0, 0
2.00, 5.70, 16.70, 16.70, -695.68, 20.00, 4.63, 7.22, 2.53, 0.00, 0.00, 0.00, 0.00, 90.00, 0, 0
2.00, 5.70, 16.35, 16.35, -738.75, 20.00, 4.63, 6.67, 2.04, 0.00, 0.00, 0.00, 0.00, 90.00, 0, 0
2.00, 5.70, 16.00, 16.00, -782.21, 20.00, 4.63, 6.11, 1.44, 0.00, 0.00, 0.00, 0.00, 90.00, 0, 0
2.00, 5.70, 15.64, 15.64, -825.52, 20.00, 4.63, 5.56, 0.95, 0.00, 0.00, 0.00, 0.00, 90.00, 0, 0
2.00, 5.70, 15.51, 15.51, -817.72, 20.00, 4.63, 6.11, 1.55, 0.00, 19.88, 67.67, -109.93, 86.62, 0, 0
2.00, 5.70, 15.52, 15.52, -786.75, 20.00, 4.63, 7.22, 2.64, 2.61, 40.04, 59.38, -100.59, 75.66, 0, 0
2.00, 5.70, 15.85, 15.85, -694.11, 20.00, 4.63, 8.33, 3.74, 14.14, 83.51, 52.65, -90.00, 64.35, 0, 0
2.00, 5.70, 16.02, 16.02, -646.07, 20.00, 4.63, 9.44, 4.83, 8.47, 95.89, 51.38, -80.92, 53.02, 0, 0
2.00, 5.70, 16.29, 16.29, -580.41, 20.00, 4.63, 10.00, 5.44, 7.75, 119.57, 53.00, -68.34, 42.06, 0, 0
2.00, 5.70, 16.44, 16.44, -545.01, 20.00, 4.63, 10.56, 5.93, 6.26, 123.71, 58.18, -50.92, 32.23, 0, 0
2.00, 5.70, 17.08, 17.08, -411.53, 20.00, 4.63, 11.67, 6.91, 30.13, 169.84, 66.09, -24.59, 25.18, 0, 0
2.00, 5.70, 17.41, 17.41, -354.64, 20.00, 4.63, 12.22, 7.52, 14.11, 174.69, 75.85, 10.29, 23.73, 0, 0
2.00, 5.70, 17.66, 17.66, -315.07, 20.00, 4.63, 12.78, 8.01, 4.21, 174.30, 86.81, 41.06, 28.75, 0, 0
2.00, 5.70, 17.80, 17.80, -300.96, 20.00, 4.63, 12.78, 8.01, 0.00, 157.50, 0.00, 61.75, 37.68, 0, 0
2.00, 5.70, 18.34, 18.34, -201.94, 20.00, 4.63, 13.33, 8.63, 0.00, 143.76, 0.00, 75.97, 48.29, 0, 0
2.00, 5.70, 18.89, 18.89, -108.63, 20.00, 4.63, 13.33, 8.63, 0.00, 106.96, 0.00, 87.01, 59.53, 0, 0
2.00, 5.70, 18.60, 18.60, -196.08, 20.00, 4.63, 12.78, 8.01, 0.00, 63.01, 0.00, 96.65, 70.88, 0, 0
2.00, 5.70, 18.01, 18.01, -333.71, 20.00, 4.63, 12.22, 7.52, 0.00, 24.35, 0.00, 105.92, 82.02, 0, 0
2.00, 5.70, 17.14, 17.14, -515.54, 20.00, 4.63, 11.11, 6.42, 0.00, 4.59, 0.00, 0.00, 90.00, 0, 0
2.00, 5.70, 16.76, 16.76, -577.27, 20.00, 4.63, 10.00, 5.32, 0.00, 0.00, 0.00, 0.00, 90.00, 0, 0
2.00, 5.70, 16.43, 16.43, -623.88, 20.00, 4.63, 8.89, 4.23, 0.00, 0.00, 0.00, 0.00, 90.00, 0, 0
2.00, 5.70, 16.14, 16.14, -662.76, 20.00, 4.63, 8.33, 3.62, 0.00, 0.00, 0.00, 0.00, 90.00, 0, 0
2.00, 5.70, 15.82, 15.82, -707.48, 20.00, 4.63, 7.22, 2.41, 0.00, 0.00, 0.00, 0.00, 90.00, 0, 0
2.00, 5.70, 15.48, 15.48, -755.31, 20.00, 4.63, 6.11, 1.44, 0.00, 0.00, 0.00, 0.00, 90.00, 0, 0
2.00, 5.70, 15.14, 15.14, -799.81, 20.00, 4.63, 5.56, 0.73, 0.00, 0.00, 0.00, 0.00, 90.00, 0, 0
2.00, 5.70, 14.76, 14.76, -850.28, 20.00, 4.63, 4.44, -0.36, 0.00, 0.00, 0.00, 0.00, 90.00, 0, 0
2.00, 5.70, 14.40, 14.40, -896.78, 20.00, 4.63, 3.89, -0.84, 0.00, 0.00, 0.00, 0.00, 90.00, 0, 0
2.00, 5.70, 13.99, 13.99, -949.52, 20.00, 4.63, 2.78, -2.03, 0.00, 0.00, 0.00, 0.00, 90.00, 0, 0
2.00, 5.70, 13.73, 13.73, -970.15, 20.00, 4.63, 3.33, -1.44, 0.00, 7.65, 67.87, -110.12, 86.43, 0, 0
2.00, 5.70, 13.68, 13.68, -948.72, 20.00, 4.63, 3.89, -0.84, 0.00, 32.12, 59.61, -100.80, 75.48, 0, 0
2.00, 5.70, 14.10, 14.10, -834.59, 20.00, 4.63, 5.56, 0.84, 24.26, 84.99, 52.71, -90.00, 64.18, 0, 0
2.00, 5.70, 14.41, 14.41, -755.27, 20.00, 4.63, 6.67, 1.93, 18.90, 113.21, 51.65, -81.17, 52.84, 0, 0
2.00, 5.70, 15.12, 15.12, -602.03, 20.00, 4.63, 8.33, 3.62, 69.07, 158.36, 53.26, -68.63, 41.87, 0, 0
2.00, 5.70, 16.07, 16.07, -411.23, 20.00, 4.63, 10.00, 5.32, 177.38, 191.10, 58.43, -51.21, 32.01, 0, 0
2.00, 5.70, 16.61, 16.61, -321.48, 20.00, 4.63, 11.67, 6.91, 115.92, 203.52, 66.31, -24.78, 24.92, 0, 0
2.00, 5.70, 17.05, 17.05, -259.02, 20.00, 4.63, 12.78, 8.01, 78.28, 209.40, 76.04, 10.41, 23.46, 0, 0
2.00, 5.70, 17.22, 17.22, -251.17, 20.00, 4.63, 13.33, 8.50, 13.49, 200.44, 86.98, 41.37, 28.52, 0, 0
2.00, 5.70, 17.61, 17.61, -195.05, 20.00, 4.63, 13.89, 9.12, 0.00, 175.06, 0.00, 62.07, 37.49, 0, 0
2.00, 5.70, 17.99, 17.99, -144.46, 20.00, 4.63, 13.89, 9.12, 0.00, 141.48, 0.00, 76.26, 48.12, 0, 0
2.00, 5.70, 18.90, 18.90, 18.57, 20.00, 4.63, 13.33, 8.63, 0.00, 102.71, 0.00, 87.27, 59.37, 0, 0
2.00, 5.70, 19.33, 19.33, 65.34, 20.00, 4.63, 12.78, 8.13, 0.00, 64.65, 0.00, 96.88, 70.72, 0, 0
2.00, 5.70, 18.26, 18.26, -200.05, 20.00, 4.63, 11.67, 7.03, 0.00, 21.62, 0.00, 106.14, 81.86, 0, 0
2.00, 5.70, 17.07, 17.07, -458.83, 20.00, 4.63, 10.56, 5.93, 0.00, 3.06, 0.00, 0.00, 90.00, 0, 0
2.00, 5.70, 16.68, 16.68, -523.25, 20.00, 4.63, 10.00, 5.44, 0.00, 0.00, 0.00, 0.00, 90.00, 0, 0
2.00, 5.70, 16.39, 16.39, -566.75, 20.00, 4.63, 9.44, 4.83, 0.00, 0.00, 0.00, 0.00, 90.00, 0, 0
2.00, 5.70, 16.12, 16.12, -606.08, 20.00, 4.63, 8.89, 4.34, 0.00, 0.00, 0.00, 0.00, 90.00, 0, 0
2.00, 5.70, 15.84, 15.84, -645.97, 20.00, 4.63, 8.33, 3.74, 0.00, 0.00, 0.00, 0.00, 90.00, 0, 0
2.00, 5.70, 15.55, 15.55, -687.19, 20.00, 4.63, 7.78, 3.13, 0.00, 0.00, 0.00, 0.00, 90.00, 0, 0
2.00, 5.70, 15.28, 15.28, -722.53, 20.00, 4.63, 7.78, 3.13, 0.00, 0.00, 0.00, 0.00, 90.00, 0, 0
2.00, 5.70, 14.98, 14.98, -761.98, 20.00, 4.63, 7.22, 2.64, 0.00, 0.00, 0.00, 0.00, 90.00, 0, 0
2.00, 5.70, 14.71, 14.71, -796.14, 20.00, 4.63, 7.22, 2.53, 0.00, 0.00, 0.00, 0.00, 90.00, 0, 0
2.00, 5.70, 14.42, 14.42, -834.06, 20.00, 4.63, 6.67, 2.04, 0.00, 0.00, 0.00, 0.00, 90.00, 0, 0
2.00, 5.70, 14.22, 14.22, -850.47, 20.00, 4.63, 7.22, 2.64, 0.00, 4.59, 68.06, -110.32, 86.25, 0, 0
2.00, 5.70, 14.13, 14.13, -845.30, 20.00, 4.63, 7.22, 2.74, 0.00, 19.88, 59.84, -101.01, 75.30, 0, 0
2.00, 5.70, 14.55, 14.55, -735.78, 20.00, 4.63, 8.89, 4.34, 8.68, 73.83, 52.77, -90.00, 64.01, 0, 0
2.00, 5.70, 15.25, 15.25, -579.81, 20.00, 4.63, 10.56, 6.04, 38.89, 128.56, 51.92, -81.43, 52.67, 0, 0
2.00, 5.70, 16.00, 16.00, -430.73, 20.00, 4.63, 12.22, 7.64, 73.86, 163.19, 53.52, -68.91, 41.68, 0, 0
2.00, 5.70, 17.00, 17.00, -240.34, 20.00, 4.63, 14.44, 9.85, 151.11, 196.10, 58.67, -51.51, 31.79, 0, 0
2.00, 5.70, 17.62, 17.62, -146.73, 20.00, 4.63, 15.56, 10.96, 109.23, 205.34, 66.52, -24.97, 24.67, 0, 0
2.00, 5.70, 18.00, 18.00, -104.81, 20.00, 4.63, 16.11, 11.57, 59.82, 203.37, 76.23, 10.53, 23.20, 0, 0
2.00, 5.70, 18.02, 18.02, -136.80, 20.00, 4.63, 16.67, 12.07, 3.67, 171.13, 87.15, 41.69, 28.30, 0, 0
2.00, 5.70, 17.74, 17.74, -222.42, 20.00, 4.63, 16.11, 11.45, 0.00, 115.46, 0.00, 62.39, 37.31, 0, 0
2.00, 5.70, 17.83, 17.83, -219.98, 20.00, 4.63, 15.56, 10.96, 0.00, 108.81, 0.00, 76.54, 47.96, 0, 0
2.00, 5.70, 18.66, 18.66, -62.91, 20.00, 4.63, 15.56, 10.96, 0.00, 104.26, 0.00, 90.00, 59.22, 0, 0
2.00, 5.70, 18.31, 18.31, -167.66, 20.00, 4.63, 15.00, 10.34, 0.00, 57.75, 0.00, 97.11, 70.57, 0, 0
2.00, 5.70, 18.03, 18.03, -241.34, 20.00, 4.63, 13.89, 9.35, 0.00, 25.95, 0.00, 106.35, 81.69, 0, 0
2.00, 5.70, 17.29, 17.29, -404.44, 20.00, 4.63, 13.33, 8.74, 0.00, 6.12, 0.00, 0.00, 90.00, 0, 0
2.00, 5.70, 16.97, 16.97, -462.85, 20.00, 4.63, 12.22, 7.64, 0.00, 0.00, 0.00, 0.00, 90.00, 0, 0
2.00, 5.70, 16.71, 16.71, -506.94, 20.00, 4.63, 11.11, 6.54, 0.00, 0.00, 0.00, 0.00, 90.00, 0, 0
2.00, 5.70, 16.47, 16.47, -544.07, 20.00, 4.63, 10.56, 5.93, 0.00, 0.00, 0.00, 0.00, 90.00, 0, 0
2.00, 5.70, 16.20, 16.20, -586.82, 20.00, 4.63, 9.44, 4.83, 0.00, 0.00, 0.00, 0.00, 90.00, 0, 0
2.00, 5.70, 15.90, 15.90, -633.08, 20.00, 4.63, 8.33, 3.74, 0.00, 0.00, 0.00, 0.00, 90.00, 0, 0
2.00, 5.70, 15.58, 15.58, -682.17, 20.00, 4.63, 7.22, 2.64, 0.00, 0.00, 0.00, 0.00, 90.00, 0, 0
2.00, 5.70, 15.24, 15.24, -733.80, 20.00, 4.63, 6.11, 1.44, 0.00, 0.00, 0.00, 0.00, 90.00, 0, 0
2.00, 5.70, 14.87, 14.87, -787.29, 20.00, 4.63, 5.00, 0.35, 0.00, 0.00, 0.00, 0.00, 90.00, 0, 0
2.00, 5.70, 14.52, 14.52, -836.00, 20.00, 4.63, 4.44, -0.25, 0.00, 0.00, 0.00, 0.00, 90.00, 0, 0
2.00, 5.70, 14.32, 14.32, -850.38, 20.00, 4.63, 4.44, -0.14, 0.00, 13.76, 68.26, -110.51, 86.07, 0, 0
2.00, 5.70, 14.44, 14.44, -797.97, 20.00, 4.63, 6.11, 1.55, 5.14, 46.39, 60.06, -101.21, 75.14, 0, 0
2.00, 5.70, 14.62, 14.62, -742.45, 20.00, 4.63, 7.22, 2.64, 5.05, 72.60, 52.83, -90.00, 63.85, 0, 0
2.00, 5.70, 14.58, 14.58, -740.63, 20.00, 4.63, 7.22, 2.64, 2.07, 72.89, 52.18, -81.68, 52.50, 0, 0
2.00, 5.70, 15.21, 15.21, -598.59, 20.00, 4.63, 8.33, 3.74, 29.06, 136.34, 53.78, -69.20, 41.50, 0, 0
2.00, 5.70, 15.62, 15.62, -517.63, 20.00, 4.63, 9.44, 4.83, 19.47, 157.51, 58.90, -51.81, 31.58, 0, 0
2.00, 5.70, 15.50, 15.50, -551.15, 20.00, 4.63, 9.44, 4.94, 4.32, 125.90, 66.73, -25.16, 24.42, 0, 0
2.00, 5.70, 15.40, 15.40, -576.49, 20.00, 4.63, 9.44, 4.83, 1.42, 109.57, 76.42, 10.65, 22.94, 0, 0
2.00, 5.70, 15.88, 15.88, -475.44, 20.00, 4.63, 10.00, 5.44, 1.59, 158.40, 87.32, 41.99, 28.09, 0, 0
2.00, 5.70, 16.01, 16.01, -459.65, 20.00, 4.63, 10.56, 5.93, 0.00, 143.08, 0.00, 62.70, 37.13, 0, 0
2.00, 5.70, 16.01, 16.01, -468.73, 20.00, 4.63, 10.56, 5.93, 0.00, 120.19, 0.00, 76.82, 47.80, 0, 0
2.00, 5.70, 16.37, 16.37, -402.05, 20.00, 4.63, 10.56, 5.93, 0.00, 103.98, 0.00, 90.00, 59.06, 0, 0
2.00, 5.70, 15.99, 15.99, -493.48, 20.00, 4.63, 10.00, 5.44, 0.00, 58.30, 0.00, 97.34, 70.42, 0, 0
2.00, 5.70, 15.23, 15.23, -654.12, 20.00, 4.63, 8.89, 4.44, 0.00, 12.44, 0.00, 106.56, 81.53, 0, 0
2.00, 5.70, 14.73, 14.73, -742.95, 20.00, 4.63, 8.33, 3.84, 0.00, 0.00, 0.00, 0.00, 90.00, 0, 0
2.00, 5.70, 14.44, 14.44, -782.78, 20.00, 4.63, 7.78, 3.34, 0.00, 0.00, 0.00, 0.00, 90.00, 0, 0
2.00, 5.70, 14.21, 14.21, -810.00, 20.00, 4.63, 7.78, 3.34, 0.00, 0.00, 0.00, 0.00, 90.00, 0, 0
2.00, 5.70, 13.96, 13.96, -840.66, 20.00, 4.63, 7.22, 2.74, 0.00, 0.00, 0.00, 0.00, 90.00, 0, 0
2.00, 5.70, 13.71, 13.71, -872.93, 20.00, 4.63, 6.67, 2.15, 0.00, 0.00, 0.00, 0.00, 90.00, 0, 0
2.00, 5.70, 13.47, 13.47, -899.51, 20.00, 4.63, 6.67, 2.15, 0.00, 0.00, 0.00, 0.00, 90.00, 0, 0
2.00, 5.70, 13.24, 13.24, -923.82, 20.00, 4.63, 6.67, 2.15, 0.00, 0.00, 0.00, 0.00, 90.00, 0, 0
2.00, 5.70, 13.02, 13.02, -946.70, 20.00, 4.63, 6.67, 2.15, 0.00, 0.00, 0.00, 0.00, 90.00, 0, 0
2.00, 5.70, 12.81, 12.81, -968.38, 20.00, 4.63, 6.67, 2.15, 0.00, 0.00, 0.00, 0.00, 90.00, 0, 0
2.00, 5.70, 12.60, 12.60, -988.50, 20.00, 4.63, 6.67, 2.25, 0.00, 0.00, 0.00, 0.00, 90.00, 0, 0
2.00, 5.70, 12.65, 12.65, -954.36, 20.00, 4.63, 7.78, 3.34, 0.00, 19.88, 68.45, -110.69, 85.89, 0, 0
2.00, 5.70, 12.85, 12.85, -896.09, 20.00, 4.63, 8.89, 4.54, 3.34, 44.50, 60.28, -101.41, 74.97, 0, 0
2.00, 5.70, 13.22, 13.22, -805.72, 20.00, 4.63, 10.00, 5.64, 4.69, 79.17, 52.89, -90.00, 63.69, 0, 0
2.00, 5.70, 13.87, 13.87, -669.23, 20.00, 4.63, 11.11, 6.74, 26.65, 124.65, 52.43, -81.93, 52.34, 0, 0
2.00, 5.70, 14.46, 14.46, -556.82, 20.00, 4.63, 12.22, 7.85, 35.19, 149.57, 54.02, -69.48, 41.33, 0, 0
2.00, 5.70, 14.93, 14.93, -477.05, 20.00, 4.63, 13.33, 8.95, 18.08, 161.49, 59.13, -52.11, 31.38, 0, 0
2.00, 5.70, 15.45, 15.45, -389.46, 20.00, 4.63, 13.89, 9.46, 27.81, 175.23, 66.93, -25.36, 24.18, 0, 0
2.00, 5.70, 15.40, 15.40, -427.57, 20.00, 4.63, 13.89, 9.46, 5.60, 132.41, 76.59, 10.76, 22.69, 0, 0
2.00, 5.70, 15.64, 15.64, -397.05, 20.00, 4.63, 14.44, 9.96, 1.25, 134.37, 87.48, 42.29, 27.87, 0, 0
2.00, 5.70, 16.37, 16.37, -263.76, 20.00, 4.63, 15.00, 10.46, 0.00, 169.58, 0.00, 63.01, 36.96, 0, 0
2.00, 5.70, 17.17, 17.17, -127.82, 20.00, 4.63, 15.00, 10.57, 0.00, 146.28, 0.00, 77.09, 47.65, 0, 0
2.00, 5.70, 17.48, 17.48, -105.15, 20.00, 4.63, 15.00, 10.57, 0.00, 113.77, 0.00, 90.00, 58.91, 0, 0
2.00, 5.70, 17.14, 17.14, -212.21, 20.00, 4.63, 14.44, 9.96, 0.00, 65.53, 0.00, 97.55, 70.26, 0, 0
2.00, 5.70, 16.87, 16.87, -291.99, 20.00, 4.63, 13.89, 9.46, 0.00, 25.04, 0.00, 106.76, 81.37, 0, 0
2.00, 5.70, 16.08, 16.08, -470.55, 20.00, 4.63, 12.78, 8.35, 0.00, 4.59, 0.00, 0.00, 90.00, 0, 0
2.00, 5.70, 15.82, 15.82, -519.58, 20.00, 4.63, 12.22, 7.75, 0.00, 0.00, 0.00, 0.00, 90.00, 0, 0
2.00, 5.70, 15.59, 15.59, -558.81, 20.00, 4.63, 11.11, 6.64, 0.00, 0.00, 0.00, 0.00, 90.00, 0, 0
2.00, 5.70, 15.40, 15.40, -591.61, 20.00, 4.63, 10.56, 6.14, 0.00, 0.00, 0.00, 0.00, 90.00, 0, 0
2.00, 5.70, 15.19, 15.19, -624.18, 20.00, 4.63, 10.00, 5.54, 0.00, 0.00, 0.00, 0.00, 90.00, 0, 0
2.00, 5.70, 14.98, 14.98, -657.90, 20.00, 4.63, 9.44, 4.94, 0.00, 0.00, 0.00, 0.00, 90.00, 0, 0
2.00, 5.70, 14.75, 14.75, -692.92, 20.00, 4.63, 8.89, 4.34, 0.00, 0.00, 0.00, 0.00, 90.00, 0, 0
2.00, 5.70, 14.51, 14.51, -728.66, 20.00, 4.63, 8.33, 3.84, 0.00, 0.00, 0.00, 0.00, 90.00, 0, 0
2.00, 5.70, 14.23, 14.23, -771.74, 20.00, 4.63, 7.22, 2.74, 0.00, 0.00, 0.00, 0.00, 90.00, 0, 0
2.00, 5.70, 13.96, 13.96, -811.47, 20.00, 4.63, 6.67, 2.15, 0.00, 0.00, 0.00, 0.00, 90.00, 0, 0
2.00, 5.70, 13.80, 13.80, -824.28, 20.00, 4.63, 7.22, 2.74, 0.00, 6.12, 68.64, -110.88, 85.73, 0, 0
2.00, 5.70, 13.75, 13.75, -817.58, 20.00, 4.63, 7.78, 3.24, 0.00, 18.35, 60.50, -101.62, 74.82, 0, 0
2.00, 5.70, 13.68, 13.68, -814.99, 20.00, 4.63, 7.78, 3.34, 0.00, 27.53, 52.95, -90.00, 63.54, 0, 0
2.00, 5.70, 14.40, 14.40, -650.87, 20.00, 4.63, 9.44, 5.04, 18.98, 106.13, 52.68, -82.18, 52.19, 0, 0
2.00, 5.70, 14.75, 14.75, -581.09, 20.00, 4.63, 10.56, 6.14, 11.62, 120.69, 54.27, -69.76, 41.16, 0, 0
2.00, 5.70, 15.02, 15.02, -534.81, 20.00, 4.63, 11.11, 6.74, 5.97, 128.25, 59.35, -52.41, 31.19, 0, 0
2.00, 5.70, 15.20, 15.20, -507.96, 20.00, 4.63, 11.67, 7.24, 5.29, 126.39, 67.13, -25.57, 23.94, 0, 0
2.00, 5.70, 15.69, 15.69, -416.21, 20.00, 4.63, 12.22, 7.85, 11.73, 158.23, 76.77, 10.87, 22.45, 0, 0
2.00, 5.70, 15.65, 15.65, -444.15, 20.00, 4.63, 12.22, 7.85, 0.85, 125.09, 87.63, 42.59, 27.66, 0, 0
2.00, 5.70, 15.74, 15.74, -440.03, 20.00, 4.63, 12.78, 8.35, 0.00, 114.79, 0.00, 63.31, 36.78, 0, 0
2.00, 5.70, 15.50, 15.50, -502.05, 20.00, 4.63, 12.22, 7.85, 0.00, 76.48, 0.00, 77.36, 47.49, 0, 0
2.00, 5.70, 15.79, 15.79, -445.39, 20.00, 4.63, 12.22, 7.85, 0.00, 86.01, 0.00, 90.00, 58.77, 0, 0
2.00, 5.70, 16.20, 16.20, -369.87, 20.00, 4.63, 12.22, 7.85, 0.00, 64.63, 0.00, 97.77, 70.11, 0, 0
2.00, 5.70, 16.27, 16.27, -372.72, 20.00, 4.63, 11.67, 7.34, 0.00, 24.87, 0.00, 106.95, 81.21, 0, 0
2.00, 5.70, 15.24, 15.24, -601.18, 20.00, 4.63, 11.11, 6.83, 0.00, 6.12, 0.00, 0.00, 90.00, 0, 0
2.00, 5.70, 14.97, 14.97, -648.18, 20.00, 4.63, 11.11, 6.83, 0.00, 0.00, 0.00, 0.00, 90.00, 0, 0
2.00, 5.70, 14.76, 14.76, -679.47, 20.00, 4.63, 10.56, 6.33, 0.00, 0.00, 0.00, 0.00, 90.00, 0, 0
2.00, 5.70, 14.59, 14.59, -701.19, 20.00, 4.63, 10.56, 6.33, 0.00, 0.00, 0.00, 0.00, 90.00, 0, 0
2.00, 5.70, 14.44, 14.44, -719.89, 20.00, 4.63, 10.56, 6.33, 0.00, 0.00, 0.00, 0.00, 90.00, 0, 0
2.00, 5.70, 14.29, 14.29, -737.64, 20.00, 4.63, 10.56, 6.24, 0.00, 0.00, 0.00, 0.00, 90.00, 0, 0
2.00, 5.70, 14.15, 14.15, -754.56, 20.00, 4.63, 10.56, 6.24, 0.00, 0.00, 0.00, 0.00, 90.00, 0, 0
2.00, 5.70, 14.01, 14.01, -770.57, 20.00, 4.63, 10.56, 6.24, 0.00, 0.00, 0.00, 0.00, 90.00, 0, 0
2.00, 5.70, 13.88, 13.88, -785.32, 20.00, 4.63, 10.56, 6.33, 0.00, 0.00, 0.00, 0.00, 90.00, 0, 0
2.00, 5.70, 13.78, 13.78, -792.48, 20.00, 4.63, 11.11, 6.83, 0.00, 0.00, 0.00, 0.00, 90.00, 0, 0
2.00, 5.70, 13.74, 13.74, -788.16, 20.00, 4.63, 11.11, 6.92, 0.00, 6.12, 68.83, -111.06, 85.56, 0, 0
2.00, 5.70, 14.07, 14.07, -707.71, 20.00, 4.63, 12.78, 8.63, 2.50, 41.51, 60.71, -101.81, 74.66, 0, 0
2.00, 5.70, 14.81, 14.81, -550.62, 20.00, 4.63, 15.00, 10.85, 32.37, 93.90, 53.01, -90.00, 63.39, 0, 0
2.00, 5.70, 15.26, 15.26, -470.52, 20.00, 4.63, 16.11, 11.96, 20.17, 106.21, 52.92, -82.42, 52.04, 0, 0
2.00, 5.70, 15.41, 15.41, -456.41, 20.00, 4.63, 16.11, 11.96, 5.24, 95.17, 54.50, -70.04, 41.00, 0, 0
2.00, 5.70, 15.43, 15.43, -469.48, 20.00, 4.63, 16.11, 11.96, 1.18, 75.50, 59.57, -52.71, 31.00, 0, 0
2.00, 5.70, 15.78, 15.78, -408.46, 20.00, 4.63, 16.11, 11.96, 2.10, 98.88, 67.32, -25.78, 23.72, 0, 0
2.00, 5.70, 16.56, 16.56, -261.54, 20.00, 4.63, 17.22, 12.99, 10.21, 151.10, 76.94, 10.96, 22.20, 0, 0
2.00, 5.70, 17.22, 17.22, -153.12, 20.00, 4.63, 17.78, 13.50, 3.04, 175.57, 87.78, 42.88, 27.46, 0, 0
2.00, 5.70, 17.84, 17.84, -61.31, 20.00, 4.63, 18.33, 14.10, 0.00, 171.68, 0.00, 63.60, 36.61, 0, 0
2.00, 5.70, 19.48, 19.48, 240.42, 20.00, 4.63, 19.44, 15.22, 0.00, 158.40, 0.00, 77.62, 47.34, 0, 0
2.00, 5.70, 20.82, 20.82, 455.83, 20.00, 4.63, 20.00, 15.73, 0.00, 112.49, 0.00, 90.00, 58.62, 0, 0
2.00, 5.70, 20.45, 20.45, 298.09, 20.00, 4.63, 19.44, 15.22, 0.00, 65.07, 0.00, 97.97, 69.96, 0, 0
2.00, 5.70, 19.38, 19.38, 21.34, 20.00, 4.63, 18.89, 14.61, 0.00, 21.24, 0.00, 107.14, 81.06, 0, 0
2.00, 5.70, 18.63, 18.63, -156.42, 20.00, 4.63, 17.78, 13.59, 0.00, 3.06, 0.00, 0.00, 90.00, 0, 0
2.00, 5.70, 18.38, 18.38, -211.04, 20.00, 4.63, 16.67, 12.48, 0.00, 0.00, 0.00, 0.00, 90.00, 0, 0
2.00, 5.70, 18.23, 18.23, -243.59, 20.00, 4.63, 16.11, 11.87, 0.00, 0.00, 0.00, 0.00, 90.00, 0, 0
2.00, 5.70, 18.06, 18.06, -279.28, 20.00, 4.63, 15.00, 10.76, 0.00, 0.00, 0.00, 0.00, 90.00, 0, 0
2.00, 5.70, 17.87, 17.87, -318.55, 20.00, 4.63, 13.89, 9.65, 0.00, 0.00, 0.00, 0.00, 90.00, 0, 0
2.00, 5.70, 17.65, 17.65, -361.52, 20.00, 4.63, 12.78, 8.54, 0.00, 0.00, 0.00, 0.00, 90.00, 0, 0
2.00, 5.70, 17.43, 17.43, -401.04, 20.00, 4.63, 12.22, 7.94, 0.00, 0.00, 0.00, 0.00, 90.00, 0, 0
2.00, 5.70, 17.17, 17.17, -447.14, 20.00, 4.63, 11.11, 6.83, 0.00, 0.00, 0.00, 0.00, 90.00, 0, 0
2.00, 5.70, 16.89, 16.89, -496.63, 20.00, 4.63, 10.00, 5.73, 0.00, 0.00, 0.00, 0.00, 90.00, 0, 0
2.00, 5.70, 16.58, 16.58, -548.58, 20.00, 4.63, 8.89, 4.63, 0.00, 0.00, 0.00, 0.00, 90.00, 0, 0
2.00, 5.70, 16.60, 16.60, -526.61, 20.00, 4.63, 10.00, 5.73, 0.00, 26.00, 69.01, -111.24, 85.41, 0, 0
2.00, 5.70, 16.70, 16.70, -495.84, 20.00, 4.63, 11.11, 6.83, 2.79, 44.83, 60.92, -102.01, 74.52, 0, 0
2.00, 5.70, 16.89, 16.89, -448.86, 20.00, 4.63, 11.67, 7.43, 3.45, 70.40, 55.36, -92.77, 63.25, 0, 0
2.00, 5.70, 17.75, 17.75, -268.54, 20.00, 4.63, 13.89, 9.65, 72.00, 133.15, 53.16, -82.67, 51.90, 0, 0
2.00, 5.70, 18.60, 18.60, -107.02, 20.00, 4.63, 15.56, 11.27, 119.38, 169.93, 54.74, -70.32, 40.84, 0, 0
2.00, 5.70, 19.22, 19.22, -8.65, 20.00, 4.63, 16.67, 12.38, 85.65, 191.11, 59.78, -53.01, 30.82, 0, 0
2.00, 5.70, 19.45, 19.45, 4.84, 20.00, 4.63, 17.22, 12.89, 35.28, 180.62, 67.51, -25.99, 23.49, 0, 0
2.00, 5.70, 19.51, 19.51, -14.51, 20.00, 4.63, 17.22, 12.89, 9.40, 161.29, 77.10, 11.06, 21.97, 0, 0
2.00, 5.70, 19.58, 19.58, -26.76, 20.00, 4.63, 17.22, 12.89, 0.64, 147.47, 87.92, 43.16, 27.26, 0, 0
2.00, 5.70, 19.82, 19.82, 0.25, 20.00, 4.63, 17.22, 12.89, 0.00, 150.36, 0.00, 63.89, 36.45, 0, 0
2.00, 5.70, 20.03, 20.03, 20.95, 20.00, 4.63, 17.22, 12.89, 0.00, 133.86, 0.00, 77.87, 47.19, 0, 0
2.00, 5.70, 20.25, 20.25, 43.97, 20.00, 4.63, 16.67, 12.38, 0.00, 110.27, 0.00, 90.00, 58.48, 0, 0
2.00, 5.70, 20.38, 20.38, 47.91, 20.00, 4.63, 16.11, 11.87, 0.00, 70.80, 0.00, 98.17, 69.82, 0, 0
2.00, 5.70, 19.98, 19.98, -58.47, 20.00, 4.63, 15.00, 10.76, 0.00, 27.18, 0.00, 107.33, 80.90, 0, 0
2.00, 5.70, 19.10, 19.10, -252.91, 20.00, 4.63, 14.44, 10.16, 0.00, 4.59, 0.00, 0.00, 90.00, 0, 0
2.00, 5.70, 18.74, 18.74, -318.08, 20.00, 4.63, 13.33, 9.05, 0.00, 0.00, 0.00, 0.00, 90.00, 0, 0
2.00, 5.70, 18.48, 18.48, -361.91, 20.00, 4.63, 12.78, 8.54, 0.00, 0.00, 0.00, 0.00, 90.00, 0, 0
2.00, 5.70, 18.19, 18.19, -408.28, 20.00, 4.63, 11.67, 7.43, 0.00, 0.00, 0.00, 0.00, 90.00, 0, 0
2.00, 5.70, 17.92, 17.92, -450.54, 20.00, 4.63, 11.11, 6.74, 0.00, 0.00, 0.00, 0.00, 90.00, 0, 0
2.00, 5.70, 17.64, 17.64, -492.09, 20.00, 4.63, 10.56, 6.24, 0.00, 0.00, 0.00, 0.00, 90.00, 0, 0
2.00, 5.70, 17.35, 17.35, -533.72, 20.00, 4.63, 10.00, 5.73, 0.00, 0.00, 0.00, 0.00, 90.00, 0, 0
2.00, 5.70, 17.08, 17.08, -569.29, 20.00, 4.63, 10.00, 5.64, 0.00, 0.00, 0.00, 0.00, 90.00, 0, 0
2.00, 5.70, 16.80, 16.80, -608.71, 20.00, 4.63, 9.44, 5.13, 0.00, 0.00, 0.00, 0.00, 90.00, 0, 0
2.00, 5.70, 16.53, 16.53, -642.37, 20.00, 4.63, 9.44, 5.13, 0.00, 0.00, 0.00, 0.00, 90.00, 0, 0
2.00, 5.70, 16.40, 16.40, -646.32, 20.00, 4.63, 10.00, 5.73, 0.00, 10.71, 69.19, -111.42, 85.26, 0, 0
2.00, 5.70, 16.43, 16.43, -620.38, 20.00, 4.63, 10.56, 6.24, 0.00, 32.12, 61.12, -102.20, 74.38, 0, 0
2.00, 5.70, 16.59, 16.59, -570.12, 20.00, 4.63, 11.67, 7.34, 0.00, 56.59, 55.59, -92.98, 63.11, 0, 0
2.00, 5.70, 17.15, 17.15, -444.34, 20.00, 4.63, 12.78, 8.45, 10.58, 111.22, 53.40, -82.91, 51.76, 0, 0
2.00, 5.70, 17.56, 17.56, -360.99, 20.00, 4.63, 13.89, 9.56, 10.29, 132.18, 54.96, -70.59, 40.70, 0, 0
2.00, 5.70, 17.78, 17.78, -326.06, 20.00, 4.63, 14.44, 10.06, 6.98, 130.31, 59.98, -53.31, 30.64, 0, 0
2.00, 5.70, 18.29, 18.29, -229.92, 20.00, 4.63, 15.56, 11.17, 16.44, 157.84, 67.69, -26.21, 23.28, 0, 0
2.00, 5.70, 18.88, 18.88, -124.11, 20.00, 4.63, 16.11, 11.68, 23.85, 185.73, 77.26, 11.14, 21.74, 0, 0
2.00, 5.70, 18.97, 18.97, -131.24, 20.00, 4.63, 16.67, 12.18, 1.18, 155.75, 88.06, 43.43, 27.06, 0, 0
2.00, 5.70, 19.03, 19.03, -139.47, 20.00, 4.63, 16.67, 12.18, 0.00, 134.99, 0.00, 64.17, 36.28, 0, 0
2.00, 5.70, 19.64, 19.64, -29.65, 20.00, 4.63, 17.22, 12.79, 0.00, 139.89, 0.00, 78.12, 47.04, 0, 0
2.00, 5.70, 20.07, 20.07, 34.10, 20.00, 4.63, 17.22, 12.79, 0.00, 111.54, 0.00, 90.00, 58.33, 0, 0
2.00, 5.70, 19.47, 19.47, -121.16, 20.00, 4.63, 16.67, 12.18, 0.00, 57.54, 0.00, 98.37, 69.67, 0, 0
2.00, 5.70, 18.85, 18.85, -261.51, 20.00, 4.63, 16.11, 11.68, 0.00, 22.76, 0.00, 107.50, 80.75, 0, 0
2.00, 5.70, 18.45, 18.45, -341.85, 20.00, 4.63, 15.00, 10.57, 0.00, 3.06, 0.00, 0.00, 90.00, 0, 0
2.00, 5.70, 18.18, 18.18, -388.93, 20.00, 4.63, 13.89, 9.35, 0.00, 0.00, 0.00, 0.00, 90.00, 0, 0
2.00, 5.70, 17.93, 17.93, -428.08, 20.00, 4.63, 12.78, 8.25, 0.00, 0.00, 0.00, 0.00, 90.00, 0, 0
2.00, 5.70, 17.65, 17.65, -474.76, 20.00, 4.63, 11.11, 6.64, 0.00, 0.00, 0.00, 0.00, 90.00, 0, 0
2.00, 5.70, 17.35, 17.35, -520.23, 20.00, 4.63, 10.00, 5.44, 0.00, 0.00, 0.00, 0.00, 90.00, 0, 0
2.00, 5.70, 17.04, 17.04, -567.44, 20.00, 4.63, 8.89, 4.34, 0.00, 0.00, 0.00, 0.00, 90.00, 0, 0
2.00, 5.70, 16.71, 16.71, -617.06, 20.00, 4.63, 7.78, 3.24, 0.00, 0.00, 0.00, 0.00, 90.00, 0, 0
2.00, 5.70, 16.35, 16.35, -669.55, 20.00, 4.63, 6.67, 2.04, 0.00, 0.00, 0.00, 0.00, 90.00, 0, 0
2.00, 5.70, 15.94, 15.94, -730.87, 20.00, 4.63, 5.00, 0.46, 0.00, 0.00, 0.00, 0.00, 90.00, 0, 0
2.00, 5.70, 15.52, 15.52, -790.41, 20.00, 4.63, 3.89, -0.63, 0.00, 0.00, 0.00, 0.00, 90.00, 0, 0
2.00, 5.70, 15.34, 15.34, -796.30, 20.00, 4.63, 4.44, -0.14, 0.00, 18.35, 69.37, -111.59, 85.11, 0, 0
2.00, 5.70, 15.49, 15.49, -737.31, 20.00, 4.63, 6.67, 2.04, 14.32, 50.30, 61.32, -102.39, 74.24, 0, 0
2.00, 5.70, 15.87, 15.87, -638.16, 20.00, 4.63, 8.89, 4.34, 71.90, 78.41, 55.81, -93.19, 62.98, 0, 0
2.00, 5.70, 16.64, 16.64, -468.83, 20.00, 4.63, 11.11, 6.54, 171.84, 115.57, 53.62, -83.14, 51.63, 0, 0
2.00, 5.70, 17.65, 17.65, -265.50, 20.00, 4.63, 13.33, 8.74, 293.83, 145.76, 55.18, -70.87, 40.55, 0, 0
2.00, 5.70, 18.69, 18.69, -74.47, 20.00, 4.63, 15.56, 10.96, 364.41, 166.70, 60.18, -53.61, 30.47, 0, 0
2.00, 5.70, 19.45, 19.45, 44.57, 20.00, 4.63, 17.22, 12.56, 342.05, 172.80, 67.86, -26.43, 23.07, 0, 0
2.00, 5.70, 19.81, 19.81, 75.47, 20.00, 4.63, 18.33, 13.68, 219.69, 173.51, 77.41, 11.22, 21.51, 0, 0
2.00, 5.70, 19.76, 19.76, 22.34, 20.00, 4.63, 18.89, 14.29, 25.19, 166.87, 88.19, 43.69, 26.87, 0, 0
2.00, 5.70, 20.59, 20.59, 166.05, 20.00, 4.63, 19.44, 14.79, 0.00, 153.35, 0.00, 64.44, 36.12, 0, 0
2.00, 5.70, 21.99, 21.99, 417.73, 20.00, 4.63, 19.44, 14.79, 0.00, 123.81, 0.00, 78.36, 46.90, 0, 0
2.00, 5.70, 23.20, 23.20, 608.19, 20.00, 4.63, 18.89, 14.17, 0.00, 94.46, 0.00, 90.00, 58.19, 0, 0
2.00, 5.70, 23.20, 23.20, 533.13, 20.00, 4.63, 17.22, 12.56, 0.00, 62.98, 0.00, 98.56, 69.53, 0, 0
2.00, 5.70, 22.84, 22.84, 401.19, 20.00, 4.63, 15.56, 10.96, 0.00, 30.10, 0.00, 107.68, 80.60, 0, 0
2.00, 5.70, 20.91, 20.91, -39.57, 20.00, 4.63, 14.44, 9.85, 0.00, 7.65, 0.00, 0.00, 90.00, 0, 0
2.00, 5.70, 20.41, 20.41, -135.90, 20.00, 4.63, 13.33, 8.74, 0.00, 0.00, 0.00, 0.00, 90.00, 0, 0
2.00, 5.70, 20.04, 20.04, -200.53, 20.00, 4.63, 12.22, 7.64, 0.00, 0.00, 0.00, 0.00, 90.00, 0, 0
2.00, 5.70, 19.69, 19.69, -260.22, 20.00, 4.63, 11.11, 6.54, 0.00, 0.00, 0.00, 0.00, 90.00, 0, 0
2.00, 5.70, 19.32, 19.32, -321.28, 20.00, 4.63, 10.00, 5.44, 0.00, 0.00, 0.00, 0.00, 90.00, 0, 0
2.00, 5.70, 18.96, 18.96, -378.50, 20.00, 4.63, 9.44, 4.83, 0.00, 0.00, 0.00, 0.00, 90.00, 0, 0
2.00, 5.70, 18.59, 18.59, -435.07, 20.00, 4.63, 8.89, 4.34, 0.00, 0.00, 0.00, 0.00, 90.00, 0, 0
2.00, 5.70, 18.21, 18.21, -491.72, 20.00, 4.63, 8.33, 3.74, 0.00, 0.00, 0.00, 0.00, 90.00, 0, 0
2.00, 5.70, 17.82, 17.82, -548.19, 20.00, 4.63, 7.78, 3.13, 0.00, 0.00, 0.00, 0.00, 90.00, 0, 0
2.00, 5.70, 17.42, 17.42, -603.68, 20.00, 4.63, 7.22, 2.64, 0.00, 0.00, 0.00, 0.00, 90.00, 0, 0
2.00, 5.70, 17.33, 17.33, -594.55, 20.00, 4.63, 8.33, 3.74, 0.00, 22.94, 69.55, -111.77, 84.97, 0, 0
2.00, 5.70, 17.42, 17.42, -551.44, 20.00, 4.63, 10.00, 5.44, 9.06, 48.46, 61.52, -102.58, 74.11, 0, 0
2.00, 5.70, 17.85, 17.85, -442.23, 20.00, 4.63, 11.67, 7.24, 37.97, 93.44, 56.02, -93.39, 62.86, 0, 0
2.00, 5.70, 18.60, 18.60, -280.24, 20.00, 4.63, 13.89, 9.46, 161.98, 121.09, 53.85, -83.38, 51.50, 0, 0
2.00, 5.70, 19.61, 19.61, -79.38, 20.00, 4.63, 16.67, 12.18, 290.34, 144.59, 55.39, -71.13, 40.42, 0, 0
2.00, 5.70, 20.61, 20.61, 100.26, 20.00, 4.63, 18.33, 13.90, 353.36, 163.80, 60.38, -53.91, 30.31, 0, 0
2.00, 5.70, 21.39, 21.39, 222.11, 20.00, 4.63, 20.00, 15.52, 324.77, 174.53, 68.03, -26.65, 22.86, 0, 0
2.00, 5.70, 21.86, 21.86, 275.17, 20.00, 4.63, 21.67, 17.26, 209.80, 181.43, 77.55, 11.29, 21.29, 0, 0
2.00, 5.70, 21.83, 21.83, 222.55, 20.00, 4.63, 22.22, 17.76, 22.97, 169.33, 88.32, 43.95, 26.68, 0, 0
2.00, 5.70, 22.67, 22.67, 364.94, 20.00, 4.63, 22.78, 18.38, 0.00, 147.71, 0.00, 64.70, 35.96, 0, 0
2.00, 5.70, 24.16, 24.16, 632.50, 20.00, 4.63, 22.78, 18.38, 0.00, 123.13, 0.00, 78.59, 46.76, 0, 0
2.00, 5.70, 25.42, 25.42, 828.72, 20.00, 4.63, 22.22, 17.87, 0.00, 102.62, 0.00, 90.00, 58.05, 0, 0
2.00, 5.70, 25.16, 25.16, 694.18, 20.00, 4.63, 20.56, 16.34, 0.00, 68.56, 0.00, 98.74, 69.39, 0, 0
2.00, 5.70, 24.79, 24.79, 561.76, 20.00, 4.63, 18.89, 14.71, 0.00, 31.35, 0.00, 107.84, 80.45, 0, 0
2.00, 5.70, 23.11, 23.11, 172.96, 20.00, 4.63, 18.33, 14.19, 0.00, 9.18, 0.00, 0.00, 90.00, 0, 0
2.00, 5.70, 22.69, 22.69, 89.60, 20.00, 4.63, 17.78, 13.59, 0.00, 0.00, 0.00, 0.00, 90.00, 0, 0
2.00, 5.70, 22.42, 22.42, 39.64, 20.00, 4.63, 17.22, 13.08, 0.00, 0.00, 0.00, 0.00, 90.00, 0, 0
2.00, 5.70, 22.17, 22.17, -4.59, 20.00, 4.63, 16.67, 12.56, 0.00, 0.00, 0.00, 0.00, 90.00, 0, 0
2.00, 5.70, 21.92, 21.92, -48.91, 20.00, 4.63, 16.11, 12.05, 0.00, 0.00, 0.00, 0.00, 90.00, 0, 0
2.00, 5.70, 21.68, 21.68, -88.07, 20.00, 4.63, 16.11, 11.96, 0.00, 0.00, 0.00, 0.00, 90.00, 0, 0
2.00, 5.70, 21.45, 21.45, -125.17, 20.00, 4.63, 16.11, 11.96, 0.00, 0.00, 0.00, 0.00, 90.00, 0, 0
2.00, 5.70, 21.22, 21.22, -160.63, 20.00, 4.63, 16.11, 11.96, 0.00, 0.00, 0.00, 0.00, 90.00, 0, 0
2.00, 5.70, 20.99, 20.99, -194.33, 20.00, 4.63, 16.11, 11.96, 0.00, 0.00, 0.00, 0.00, 90.00, 0, 0
2.00, 5.70, 20.80, 20.80, -219.08, 20.00, 4.63, 16.67, 12.56, 0.00, 0.00, 0.00, 0.00, 90.00, 0, 0
2.00, 5.70, 20.86, 20.86, -190.93, 20.00, 4.63, 17.78, 13.85, 0.00, 21.41, 69.72, -111.94, 84.83, 0, 0
2.00, 5.70, 21.18, 21.18, -114.69, 20.00, 4.63, 19.44, 15.48, 5.58, 55.40, 61.71, -102.76, 73.99, 0, 0
2.00, 5.70, 21.73, 21.73, 0.62, 20.00, 4.63, 21.11, 17.21, 38.57, 92.11, 56.23, -93.59, 62.74, 0, 0
2.00, 5.70, 22.59, 22.59, 169.82, 20.00, 4.63, 23.33, 19.37, 93.56, 133.88, 54.06, -83.60, 51.38, 0, 0
2.00, 5.70, 23.54, 23.54, 343.73, 20.00, 4.63, 25.00, 21.01, 144.46, 167.21, 55.60, -71.40, 40.28, 0, 0
2.00, 5.70, 24.54, 24.54, 512.88, 20.00, 4.63, 26.67, 22.66, 164.46, 197.18, 60.56, -54.20, 30.15, 0, 0
2.00, 5.70, 25.41, 25.41, 644.23, 20.00, 4.63, 27.78, 23.79, 186.90, 205.37, 68.19, -26.88, 22.66, 0, 0
2.00, 5.70, 25.92, 25.92, 695.80, 20.00, 4.63, 28.89, 24.83, 78.42, 209.09, 77.69, 11.36, 21.08, 0, 0
2.00, 5.70, 26.25, 26.25, 708.99, 20.00, 4.63, 28.89, 24.83, 5.83, 204.18, 88.44, 44.20, 26.49, 0, 0
2.00, 5.70, 26.74, 26.74, 762.69, 20.00, 4.63, 29.44, 25.35, 0.00, 181.14, 0.00, 64.96, 35.81, 0, 0
2.00, 5.70, 27.82, 27.82, 937.40, 20.00, 4.63, 29.44, 25.35, 0.00, 143.98, 0.00, 78.82, 46.62, 0, 0
2.00, 5.70, 28.96, 28.96, 1112.39, 20.00, 4.63, 29.44, 25.35, 0.00, 100.64, 0.00, 90.00, 57.92, 0, 0
2.00, 5.70, 29.23, 29.23, 1094.19, 20.00, 4.63, 28.33, 24.31, 0.00, 62.02, 0.00, 98.92, 69.25, 0, 0
2.00, 5.70, 28.88, 28.88, 957.17, 20.00, 4.63, 27.22, 23.18, 0.00, 26.98, 0.00, 108.00, 80.30, 0, 0
2.00, 5.70, 27.37, 27.37, 595.54, 20.00, 4.63, 25.56, 21.53, 0.00, 7.65, 0.00, 0.00, 90.00, 0, 0
2.00, 5.70, 26.99, 26.99, 511.59, 20.00, 4.63, 24.44, 20.41, 0.00, 0.00, 0.00, 0.00, 90.00, 0, 0
2.00, 5.70, 26.70, 26.70, 449.79, 20.00, 4.63, 22.78, 18.76, 0.00, 0.00, 0.00, 0.00, 90.00, 0, 0
2.00, 5.70, 26.44, 26.44, 396.15, 20.00, 4.63, 21.67, 17.64, 0.00, 0.00, 0.00, 0.00, 90.00, 0, 0
2.00, 5.70, 26.13, 26.13, 335.18, 20.00, 4.63, 20.00, 15.92, 0.00, 0.00, 0.00, 0.00, 90.00, 0, 0
2.00, 5.70, 25.82, 25.82, 275.53, 20.00, 4.63, 18.89, 14.80, 0.00, 0.00, 0.00, 0.00, 90.00, 0, 0
2.00, 5.70, 25.45, 25.45, 207.57, 20.00, 4.63, 17.22, 13.16, 0.00, 0.00, 0.00, 0.00, 90.00, 0, 0
2.00, 5.70, 25.06, 25.06, 141.47, 20.00, 4.63, 16.11, 12.05, 0.00, 0.00, 0.00, 0.00, 90.00, 0, 0
2.00, 5.70, 24.66, 24.66, 74.53, 20.00, 4.63, 15.00, 10.93, 0.00, 0.00, 0.00, 0.00, 90.00, 0, 0
2.00, 5.70, 24.21, 24.21, -0.41, 20.00, 4.63, 13.33, 9.22, 0.00, 0.00, 0.00, 0.00, 90.00, 0, 0
2.00, 5.70, 24.05, 24.05, -8.26, 20.00, 4.63, 14.44, 10.34, 0.00, 19.88, 69.89, -112.10, 84.70, 0, 0
2.00, 5.70, 24.12, 24.12, 25.87, 20.00, 4.63, 15.56, 11.45, 3.78, 50.78, 61.90, -102.94, 73.87, 0, 0
2.00, 5.70, 24.51, 24.51, 124.23, 20.00, 4.63, 17.78, 13.68, 43.84, 90.65, 56.44, -93.79, 62.62, 0, 0
2.00, 5.70, 25.25, 25.25, 281.06, 20.00, 4.63, 20.56, 16.43, 152.97, 121.10, 54.27, -83.83, 51.27, 0, 0
2.00, 5.70, 26.20, 26.20, 467.35, 20.00, 4.63, 22.78, 18.68, 237.81, 157.32, 55.80, -71.66, 40.16, 0, 0
2.00, 5.70, 27.13, 27.13, 633.29, 20.00, 4.63, 24.44, 20.32, 295.92, 178.55, 60.74, -54.50, 30.00, 0, 0
2.00, 5.70, 27.87, 27.87, 746.39, 20.00, 4.63, 26.11, 21.96, 262.53, 192.98, 68.35, -27.11, 22.47, 0, 0
2.00, 5.70, 28.29, 28.29, 788.25, 20.00, 4.63, 27.22, 22.99, 161.25, 199.34, 77.83, 11.41, 20.87, 0, 0
2.00, 5.70, 28.36, 28.36, 760.64, 20.00, 4.63, 28.33, 24.02, 14.95, 191.32, 88.56, 44.44, 26.31, 0, 0
2.00, 5.70, 29.02, 29.02, 862.38, 20.00, 4.63, 28.33, 24.12, 0.00, 156.83, 0.00, 65.21, 35.65, 0, 0
2.00, 5.70, 30.31, 30.31, 1089.95, 20.00, 4.63, 28.33, 24.02, 0.00, 125.15, 0.00, 79.03, 46.48, 0, 0
2.00, 5.70, 31.32, 31.32, 1237.65, 20.00, 4.63, 27.78, 23.50, 0.00, 93.09, 0.00, 90.00, 57.78, 0, 0
2.00, 5.70, 31.86, 31.86, 1281.13, 20.00, 4.63, 26.67, 22.47, 0.00, 58.58, 0.00, 99.09, 69.11, 0, 0
2.00, 5.70, 31.64, 31.64, 1170.55, 20.00, 4.63, 25.00, 20.83, 0.00, 29.69, 0.00, 108.16, 80.16, 0, 0
2.00, 5.70, 29.44, 29.44, 662.16, 20.00, 4.63, 23.89, 19.61, 0.00, 9.18, 0.00, 0.00, 90.00, 0, 0
2.00, 5.70, 28.86, 28.86, 549.18, 20.00, 4.63, 22.22, 17.97, 0.00, 0.00, 0.00, 0.00, 90.00, 0, 0
2.00, 5.70, 28.43, 28.43, 470.66, 20.00, 4.63, 20.56, 16.34, 0.00, 0.00, 0.00, 0.00, 90.00, 0, 0
2.00, 5.70, 28.01, 28.01, 397.05, 20.00, 4.63, 18.89, 14.61, 0.00, 0.00, 0.00, 0.00, 90.00, 0, 0
2.00, 5.70, 27.56, 27.56, 321.61, 20.00, 4.63, 17.22, 12.99, 0.00, 0.00, 0.00, 0.00, 90.00, 0, 0
2.00, 5.70, 27.11, 27.11, 249.06, 20.00, 4.63, 16.11, 11.87, 0.00, 0.00, 0.00, 0.00, 90.00, 0, 0
2.00, 5.70, 26.61, 26.61, 168.73, 20.00, 4.63, 14.44, 10.16, 0.00, 0.00, 0.00, 0.00, 90.00, 0, 0
2.00, 5.70, 26.11, 26.11, 90.88, 20.00, 4.63, 13.33, 9.05, 0.00, 0.00, 0.00, 0.00, 90.00, 0, 0
2.00, 5.70, 25.59, 25.59, 12.85, 20.00, 4.63, 12.22, 7.94, 0.00, 0.00, 0.00, 0.00, 90.00, 0, 0
2.00, 5.70, 25.01, 25.01, -72.22, 20.00, 4.63, 10.56, 6.33, 0.00, 0.00, 0.00, 0.00, 90.00, 0, 0
2.00, 5.70, 24.79, 24.79, -81.17, 20.00, 4.63, 11.67, 7.34, 0.00, 24.47, 70.06, -112.27, 84.58, 0, 0
2.00, 5.70, 24.74, 24.74, -55.66, 20.00, 4.63, 13.33, 9.05, 8.84, 50.41, 62.09, -103.12, 73.75, 0, 0
2.00, 5.70, 25.09, 25.09, 45.26, 20.00, 4.63, 16.11, 11.87, 55.55, 89.41, 56.64, -93.99, 62.52, 0, 0
2.00, 5.70, 25.73, 25.73, 193.53, 20.00, 4.63, 18.33, 14.10, 176.50, 116.17, 54.48, -84.05, 51.16, 0, 0
2.00, 5.70, 26.55, 26.55, 365.97, 20.00, 4.63, 20.00, 15.73, 262.55, 150.57, 56.00, -71.92, 40.04, 0, 0
2.00, 5.70, 27.41, 27.41, 528.54, 20.00, 4.63, 22.22, 17.87, 286.86, 179.44, 60.92, -54.79, 29.86, 0, 0
2.00, 5.70, 28.04, 28.04, 632.40, 20.00, 4.63, 23.33, 18.99, 247.51, 196.95, 68.50, -27.35, 22.29, 0, 0
2.00, 5.70, 28.39, 28.39, 673.02, 20.00, 4.63, 24.44, 20.12, 140.69, 207.56, 77.96, 11.46, 20.66, 0, 0
2.00, 5.70, 28.39, 28.39, 641.06, 20.00, 4.63, 25.00, 20.63, 12.08, 198.77, 88.67, 44.68, 26.14, 0, 0
2.00, 5.70, 28.97, 28.97, 738.89, 20.00, 4.63, 25.56, 21.25, 0.00, 168.16, 0.00, 65.45, 35.50, 0, 0
2.00, 5.70, 30.16, 30.16, 954.34, 20.00, 4.63, 25.56, 21.25, 0.00, 138.58, 0.00, 79.24, 46.34, 0, 0
2.00, 5.70, 30.36, 30.36, 948.00, 20.00, 4.63, 24.44, 20.12, 0.00, 113.16, 0.00, 90.00, 57.65, 0, 0
2.00, 5.70, 30.99, 30.99, 1037.48, 20.00, 4.63, 23.33, 19.10, 0.00, 75.26, 0.00, 99.25, 68.98, 0, 0
2.00, 5.70, 30.29, 30.29, 842.45, 20.00, 4.63, 22.22, 17.97, 0.00, 28.46, 0.00, 108.31, 80.01, 0, 0
2.00, 5.70, 28.50, 28.50, 446.99, 20.00, 4.63, 20.56, 16.34, 0.00, 6.12, 0.00, 0.00, 90.00, 0, 0
2.00, 5.70, 27.94, 27.94, 350.22, 20.00, 4.63, 19.44, 15.22, 0.00, 0.00, 0.00, 0.00, 90.00, 0, 0
2.00, 5.70, 27.51, 27.51, 282.60, 20.00, 4.63, 18.33, 14.19, 0.00, 0.00, 0.00, 0.00, 90.00, 0, 0
2.00, 5.70, 27.10, 27.10, 220.02, 20.00, 4.63, 17.22, 13.08, 0.00, 0.00, 0.00, 0.00, 90.00, 0, 0
2.00, 5.70, 26.67, 26.67, 156.25, 20.00, 4.63, 16.11, 11.87, 0.00, 0.00, 0.00, 0.00, 90.00, 0, 0
2.00, 5.70, 26.26, 26.26, 97.15, 20.00, 4.63, 15.56, 11.36, 0.00, 0.00, 0.00, 0.00, 90.00, 0, 0
2.00, 5.70, 25.84, 25.84, 38.78, 20.00, 4.63, 15.00, 10.76, 0.00, 0.00, 0.00, 0.00, 90.00, 0, 0
2.00, 5.70, 25.41, 25.41, -19.35, 20.00, 4.63, 14.44, 10.16, 0.00, 0.00, 0.00, 0.00, 90.00, 0, 0
2.00, 5.70, 24.97, 24.97, -76.82, 20.00, 4.63, 13.89, 9.65, 0.00, 0.00, 0.00, 0.00, 90.00, 0, 0
2.00, 5.70, 24.53, 24.53, -133.31, 20.00, 4.63, 13.33, 9.14, 0.00, 0.00, 0.00, 0.00, 90.00, 0, 0
2.00, 5.70, 24.31, 24.31, -143.46, 20.00, 4.63, 13.89, 9.74, 0.00, 16.82, 70.22, -112.43, 84.46, 0, 0
2.00, 5.70, 24.40, 24.40, -90.29, 20.00, 4.63, 15.56, 11.45, 4.20, 52.01, 62.27, -103.29, 73.64, 0, 0
2.00, 5.70, 24.80, 24.80, 19.99, 20.00, 4.63, 17.78, 13.68, 27.38, 96.25, 56.83, -94.18, 62.41, 0, 0
2.00, 5.70, 25.27, 25.27, 129.50, 20.00, 4.63, 18.89, 14.80, 42.83, 132.46, 54.67, -84.27, 51.05, 0, 0
2.00, 5.70, 25.99, 25.99, 281.98, 20.00, 4.63, 20.56, 16.43, 95.99, 171.00, 56.18, -72.17, 39.93, 0, 0
2.00, 5.70, 26.76, 26.76, 431.56, 20.00, 4.63, 22.22, 18.07, 126.25, 200.80, 61.09, -55.08, 29.72, 0, 0
2.00, 5.70, 27.47, 27.47, 555.76, 20.00, 4.63, 23.89, 19.71, 170.45, 206.38, 68.65, -27.58, 22.11, 0, 0
2.00, 5.70, 27.89, 27.89, 614.05, 20.00, 4.63, 25.00, 20.73, 81.86, 214.87, 78.08, 11.51, 20.47, 0, 0
2.00, 5.70, 28.07, 28.07, 619.28, 20.00, 4.63, 25.56, 21.35, 5.06, 206.95, 88.78, 44.90, 25.97, 0, 0
2.00, 5.70, 28.38, 28.38, 658.37, 20.00, 4.63, 25.56, 21.35, 0.00, 182.46, 0.00, 65.68, 35.36, 0, 0
2.00, 5.70, 29.07, 29.07, 774.59, 20.00, 4.63, 25.56, 21.35, 0.00, 149.53, 0.00, 79.45, 46.21, 0, 0
2.00, 5.70, 30.04, 30.04, 939.88, 20.00, 4.63, 25.00, 20.83, 0.00, 108.51, 0.00, 90.00, 57.52, 0, 0
2.00, 5.70, 30.11, 30.11, 905.96, 20.00, 4.63, 24.44, 20.32, 0.00, 68.08, 0.00, 99.41, 68.84, 0, 0
2.00, 5.70, 29.82, 29.82, 807.06, 20.00, 4.63, 23.33, 19.19, 0.00, 31.61, 0.00, 108.45, 79.87, 0, 0
2.00, 5.70, 28.16, 28.16, 435.43, 20.00, 4.63, 22.22, 18.07, 0.00, 9.18, 0.00, 0.00, 90.00, 0, 0
2.00, 5.70, 27.62, 27.62, 337.90, 20.00, 4.63, 20.56, 16.43, 0.00, 0.00, 0.00, 0.00, 90.00, 0, 0
2.00, 5.70, 27.23, 27.23, 274.97, 20.00, 4.63, 19.44, 15.31, 0.00, 0.00, 0.00, 0.00, 90.00, 0, 0
2.00, 5.70, 26.86, 26.86, 218.08, 20.00, 4.63, 18.33, 14.19, 0.00, 0.00, 0.00, 0.00, 90.00, 0, 0
2.00, 5.70, 26.47, 26.47, 160.84, 20.00, 4.63, 17.22, 13.08, 0.00, 0.00, 0.00, 0.00, 90.00, 0, 0
2.00, 5.70, 26.07, 26.07, 101.29, 20.00, 4.63, 16.11, 11.96, 0.00, 0.00, 0.00, 0.00, 90.00, 0, 0
2.00, 5.70, 25.68, 25.68, 46.02, 20.00, 4.63, 15.56, 11.36, 0.00, 0.00, 0.00, 0.00, 90.00, 0, 0
2.00, 5.70, 25.25, 25.25, -14.75, 20.00, 4.63, 14.44, 10.34, 0.00, 0.00, 0.00, 0.00, 90.00, 0, 0
2.00, 5.70, 24.80, 24.80, -78.09, 20.00, 4.63, 13.33, 9.22, 0.00, 0.00, 0.00, 0.00, 90.00, 0, 0
2.00, 5.70, 24.36, 24.36, -136.33, 20.00, 4.63, 12.78, 8.63, 0.00, 0.00, 0.00, 0.00, 90.00, 0, 0
2.00, 5.70, 24.20, 24.20, -132.11, 20.00, 4.63, 13.89, 9.74, 0.00, 21.41, 70.38, -112.58, 84.35, 0, 0
2.00, 5.70, 24.14, 24.14, -114.09, 20.00, 4.63, 14.44, 10.34, 0.90, 43.27, 62.45, -103.46, 73.54, 0, 0
2.00, 5.70, 23.94, 23.94, -129.97, 20.00, 4.63, 15.00, 10.93, 0.49, 41.78, 57.02, -94.37, 62.32, 0, 0
2.00, 5.70, 24.68, 24.68, 51.15, 20.00, 4.63, 16.67, 12.65, 53.11, 124.92, 54.87, -84.48, 50.96, 0, 0
2.00, 5.70, 25.02, 25.02, 128.35, 20.00, 4.63, 17.78, 13.68, 37.91, 145.29, 56.37, -72.42, 39.82, 0, 0
2.00, 5.70, 24.96, 24.96, 115.65, 20.00, 4.63, 18.33, 14.28, 9.89, 127.32, 61.25, -55.37, 29.59, 0, 0
2.00, 5.70, 24.62, 24.62, 46.94, 20.00, 4.63, 18.33, 14.28, 2.90, 88.63, 68.79, -27.83, 21.94, 0, 0
2.00, 5.70, 25.16, 25.16, 171.13, 20.00, 4.63, 18.89, 14.80, 20.09, 151.81, 78.20, 11.54, 20.27, 0, 0
2.00, 5.70, 25.67, 25.67, 275.24, 20.00, 4.63, 19.44, 15.31, 2.32, 190.07, 88.88, 45.12, 25.80, 0, 0
2.00, 5.70, 26.16, 26.16, 365.77, 20.00, 4.63, 20.00, 15.92, 0.00, 183.84, 0.00, 65.90, 35.21, 0, 0
2.00, 5.70, 27.16, 27.16, 558.51, 20.00, 4.63, 21.11, 16.95, 0.00, 153.26, 0.00, 79.64, 46.08, 0, 0
2.00, 5.70, 26.92, 26.92, 473.26, 20.00, 4.63, 20.56, 16.52, 0.00, 107.65, 0.00, 90.00, 57.39, 0, 0
2.00, 5.70, 25.83, 25.83, 226.57, 20.00, 4.63, 20.00, 15.92, 0.00, 46.70, 0.00, 99.56, 68.71, 0, 0
2.00, 5.70, 25.13, 25.13, 89.73, 20.00, 4.63, 18.89, 14.88, 0.00, 18.35, 0.00, 108.59, 79.74, 0, 0
2.00, 5.70, 24.69, 24.69, 15.67, 20.00, 4.63, 18.33, 14.28, 0.00, 3.06, 0.00, 0.00, 90.00, 0, 0
2.00, 5.70, 24.36, 24.36, -28.31, 20.00, 4.63, 17.78, 13.76, 0.00, 0.00, 0.00, 0.00, 90.00, 0, 0
2.00, 5.70, 24.08, 24.08, -63.11, 20.00, 4.63, 17.22, 13.25, 0.00, 0.00, 0.00, 0.00, 90.00, 0, 0
2.00, 5.70, 23.80, 23.80, -97.95, 20.00, 4.63, 16.67, 12.65, 0.00, 0.00, 0.00, 0.00, 90.00, 0, 0
2.00, 5.70, 23.51, 23.51, -133.72, 20.00, 4.63, 16.11, 12.05, 0.00, 0.00, 0.00, 0.00, 90.00, 0, 0
2.00, 5.70, 23.21, 23.21, -170.24, 20.00, 4.63, 15.56, 11.53, 0.00, 0.00, 0.00, 0.00, 90.00, 0, 0
2.00, 5.70, 22.90, 22.90, -207.56, 20.00, 4.63, 15.00, 10.93, 0.00, 0.00, 0.00, 0.00, 90.00, 0, 0
2.00, 5.70, 22.62, 22.62, -238.57, 20.00, 4.63, 15.00, 10.93, 0.00, 0.00, 0.00, 0.00, 90.00, 0, 0
2.00, 5.70, 22.32, 22.32, -273.58, 20.00, 4.63, 14.44, 10.42, 0.00, 0.00, 0.00, 0.00, 90.00, 0, 0
2.00, 5.70, 22.00, 22.00, -309.66, 20.00, 4.63, 13.89, 9.90, 0.00, 0.00, 0.00, 0.00, 90.00, 0, 0
2.00, 5.70, 21.84, 21.84, -312.45, 20.00, 4.63, 14.44, 10.50, 0.00, 10.71, 70.54, -112.74, 84.24, 0, 0
2.00, 5.70, 21.86, 21.86, -280.91, 20.00, 4.63, 15.56, 11.53, 0.00, 30.59, 62.62, -103.63, 73.44, 0, 0
2.00, 5.70, 22.14, 22.14, -200.41, 20.00, 4.63, 16.67, 12.73, 0.73, 68.78, 57.20, -94.55, 62.22, 0, 0
2.00, 5.70, 22.36, 22.36, -141.63, 20.00, 4.63, 17.22, 13.25, 2.48, 88.92, 55.05, -84.69, 50.86, 0, 0
2.00, 5.70, 22.27, 22.27, -152.78, 20.00, 4.63, 17.78, 13.76, 0.97, 71.01, 56.54, -72.67, 39.72, 0, 0
2.00, 5.70, 22.25, 22.25, -146.61, 20.00, 4.63, 17.78, 13.76, 2.18, 71.45, 61.40, -55.65, 29.47, 0, 0
2.00, 5.70, 23.32, 23.32, 86.94, 20.00, 4.63, 19.44, 15.40, 46.97, 169.12, 68.92, -28.07, 21.78, 0, 0
2.00, 5.70, 24.07, 24.07, 228.21, 20.00, 4.63, 20.56, 16.52, 36.14, 202.82, 78.32, 11.57, 20.09, 0, 0
2.00, 5.70, 24.50, 24.50, 293.42, 20.00, 4.63, 21.67, 17.64, 3.59, 204.02, 88.97, 45.32, 25.63, 0, 0
2.00, 5.70, 24.88, 24.88, 347.22, 20.00, 4.63, 22.22, 18.16, 0.00, 178.52, 0.00, 66.11, 35.07, 0, 0
2.00, 5.70, 25.44, 25.44, 438.82, 20.00, 4.63, 22.78, 18.76, 0.00, 151.28, 0.00, 79.83, 45.95, 0, 0
2.00, 5.70, 25.85, 25.85, 491.60, 20.00, 4.63, 22.78, 18.76, 0.00, 115.17, 0.00, 90.00, 57.27, 0, 0
2.00, 5.70, 25.31, 25.31, 344.36, 20.00, 4.63, 22.22, 18.25, 0.00, 66.89, 0.00, 99.71, 68.59, 0, 0
2.00, 5.70, 24.96, 24.96, 259.31, 20.00, 4.63, 21.67, 17.64, 0.00, 29.81, 0.00, 108.72, 79.60, 0, 0
2.00, 5.70, 24.20, 24.20, 94.14, 20.00, 4.63, 20.56, 16.60, 0.00, 6.12, 0.00, 0.00, 90.00, 0, 0
2.00, 5.70, 23.90, 23.90, 43.64, 20.00, 4.63, 20.00, 16.00, 0.00, 0.00, 0.00, 0.00, 90.00, 0, 0
2.00, 5.70, 23.65, 23.65, 5.15, 20.00, 4.63, 18.89, 14.88, 0.00, 0.00, 0.00, 0.00, 90.00, 0, 0
2.00, 5.70, 23.43, 23.43, -27.05, 20.00, 4.63, 18.33, 14.28, 0.00, 0.00, 0.00, 0.00, 90.00, 0, 0
2.00, 5.70, 23.17, 23.17, -65.45, 20.00, 4.63, 17.22, 13.16, 0.00, 0.00, 0.00, 0.00, 90.00, 0, 0
2.00, 5.70, 22.88, 22.88, -107.68, 20.00, 4.63, 16.11, 12.05, 0.00, 0.00, 0.00, 0.00, 90.00, 0, 0
2.00, 5.70, 22.61, 22.61, -146.41, 20.00, 4.63, 15.56, 11.45, 0.00, 0.00, 0.00, 0.00, 90.00, 0, 0
2.00, 5.70, 22.29, 22.29, -191.29, 20.00, 4.63, 14.44, 10.42, 0.00, 0.00, 0.00, 0.00, 90.00, 0, 0
2.00, 5.70, 21.95, 21.95, -239.53, 20.00, 4.63, 13.33, 9.31, 0.00, 0.00, 0.00, 0.00, 90.00, 0, 0
2.00, 5.70, 21.59, 21.59, -290.27, 20.00, 4.63, 12.22, 8.20, 0.00, 0.00, 0.00, 0.00, 90.00, 0, 0
2.00, 5.70, 21.57, 21.57, -266.86, 20.00, 4.63, 13.33, 9.31, 0.00, 26.00, 70.69, -112.89, 84.14, 0, 0
2.00, 5.70, 21.75, 21.75, -208.50, 20.00, 4.63, 15.56, 11.53, 13.68, 51.65, 62.79, -103.79, 73.35, 0, 0
2.00, 5.70, 22.19, 22.19, -102.12, 20.00, 4.63, 18.33, 14.28, 71.30, 76.54, 57.38, -94.73, 62.14, 0, 0
2.00, 5.70, 23.04, 23.04, 79.57, 20.00, 4.63, 20.56, 16.52, 180.84, 112.38, 55.23, -84.90, 50.78, 0, 0
2.00, 5.70, 24.07, 24.07, 279.56, 20.00, 4.63, 22.22, 18.25, 247.21, 154.57, 56.71, -72.91, 39.62, 0, 0
2.00, 5.70, 25.05, 25.05, 453.15, 20.00, 4.63, 23.89, 19.80, 241.54, 190.04, 61.55, -55.93, 29.35, 0, 0
2.00, 5.70, 25.85, 25.85, 579.85, 20.00, 4.63, 25.56, 21.44, 237.81, 199.33, 69.05, -28.31, 21.62, 0, 0
2.00, 5.70, 26.30, 26.30, 625.51, 20.00, 4.63, 26.67, 22.57, 171.10, 190.93, 78.42, 11.59, 19.91, 0, 0
2.00, 5.70, 26.44, 26.44, 608.99, 20.00, 4.63, 27.22, 23.09, 9.86, 188.09, 89.06, 45.52, 25.47, 0, 0
2.00, 5.70, 27.28, 27.28, 746.40, 20.00, 4.63, 27.22, 23.09, 0.00, 173.02, 0.00, 66.32, 34.94, 0, 0
2.00, 5.70, 28.39, 28.39, 929.88, 20.00, 4.63, 27.22, 23.09, 0.00, 137.06, 0.00, 80.01, 45.82, 0, 0
2.00, 5.70, 29.18, 29.18, 1033.76, 20.00, 4.63, 26.67, 22.57, 0.00, 102.09, 0.00, 90.00, 57.14, 0, 0
2.00, 5.70, 29.10, 29.10, 951.87, 20.00, 4.63, 25.00, 20.93, 0.00, 68.39, 0.00, 99.85, 68.46, 0, 0
2.00, 5.70, 29.12, 29.12, 907.19, 20.00, 4.63, 23.89, 19.80, 0.00, 30.31, 0.00, 108.84, 79.47, 0, 0
2.00, 5.70, 27.33, 27.33, 492.03, 20.00, 4.63, 22.22, 18.16, 0.00, 9.18, 0.00, 118.23, 89.89, 0, 0
2.00, 5.70, 26.86, 26.86, 397.78, 20.00, 4.63, 21.11, 17.12, 0.00, 0.00, 0.00, 0.00, 90.00, 0, 0
2.00, 5.70, 26.52, 26.52, 335.17, 20.00, 4.63, 20.00, 16.00, 0.00, 0.00, 0.00, 0.00, 90.00, 0, 0
2.00, 5.70, 26.19, 26.19, 277.18, 20.00, 4.63, 18.89, 14.80, 0.00, 0.00, 0.00, 0.00, 90.00, 0, 0
2.00, 5.70, 25.84, 25.84, 218.09, 20.00, 4.63, 17.78, 13.68, 0.00, 0.00, 0.00, 0.00, 90.00, 0, 0
2.00, 5.70, 25.51, 25.51, 163.29, 20.00, 4.63, 17.22, 13.16, 0.00, 0.00, 0.00, 0.00, 90.00, 0, 0
2.00, 5.70, 25.16, 25.16, 108.85, 20.00, 4.63, 16.67, 12.56, 0.00, 0.00, 0.00, 0.00, 90.00, 0, 0
2.00, 5.70, 24.81, 24.81, 54.31, 20.00, 4.63, 16.11, 11.96, 0.00, 0.00, 0.00, 0.00, 90.00, 0, 0
2.00, 5.70, 24.41, 24.41, -6.47, 20.00, 4.63, 15.00, 10.93, 0.00, 0.00, 0.00, 0.00, 90.00, 0, 0
2.00, 5.70, 24.02, 24.02, -62.70, 20.00, 4.63, 14.44, 10.42, 0.00, 0.00, 0.00, 0.00, 90.00, 0, 0
2.00, 5.70, 23.86, 23.86, -70.94, 20.00, 4.63, 15.56, 11.45, 0.00, 13.76, 70.84, -113.03, 84.04, 0, 0
2.00, 5.70, 23.86, 23.86, -44.86, 20.00, 4.63, 16.11, 12.05, 0.12, 40.65, 62.95, -103.95, 73.27, 0, 0
2.00, 5.70, 24.35, 24.35, 74.88, 20.00, 4.63, 18.33, 14.28, 19.37, 95.49, 57.56, -94.91, 62.06, 0, 0
2.00, 5.70, 25.07, 25.07, 231.47, 20.00, 4.63, 20.56, 16.52, 102.54, 132.83, 55.41, -85.10, 50.70, 0, 0
2.00, 5.70, 25.96, 25.96, 406.89, 20.00, 4.63, 22.78, 18.76, 183.64, 163.17, 56.87, -73.15, 39.53, 0, 0
2.00, 5.70, 26.95, 26.95, 587.14, 20.00, 4.63, 25.00, 20.93, 231.25, 191.53, 61.70, -56.21, 29.24, 0, 0
2.00, 5.70, 27.74, 27.74, 713.52, 20.00, 4.63, 26.67, 22.57, 211.52, 206.35, 69.17, -28.56, 21.47, 0, 0
2.00, 5.70, 28.22, 28.22, 769.06, 20.00, 4.63, 27.78, 23.70, 136.38, 208.50, 78.53, 11.60, 19.73, 0, 0
2.00, 5.70, 28.30, 28.30, 741.89, 20.00, 4.63, 28.89, 24.73, 8.63, 191.28, 89.15, 45.71, 25.32, 0, 0
2.00, 5.70, 29.09, 29.09, 872.63, 20.00, 4.63, 28.89, 24.73, 0.00, 169.91, 0.00, 66.52, 34.80, 0, 0
2.00, 5.70, 30.23, 30.23, 1065.05, 20.00, 4.63, 29.44, 25.35, 0.00, 138.20, 0.00, 80.19, 45.70, 0, 0
2.00, 5.70, 31.42, 31.42, 1253.20, 20.00, 4.63, 28.89, 24.83, 0.00, 99.84, 0.00, 90.00, 57.02, 0, 0
2.00, 5.70, 31.87, 31.87, 1275.06, 20.00, 4.63, 27.78, 23.79, 0.00, 65.46, 0.00, 99.98, 68.34, 0, 0
2.00, 5.70, 31.10, 31.10, 1048.14, 20.00, 4.63, 26.11, 22.14, 0.00, 30.05, 0.00, 108.96, 79.34, 0, 0
2.00, 5.70, 29.41, 29.41, 659.80, 20.00, 4.63, 25.00, 21.01, 0.00, 7.65, 0.00, 118.34, 89.75, 0, 0
2.00, 5.70, 28.95, 28.95, 568.10, 20.00, 4.63, 23.89, 19.89, 0.00, 0.00, 0.00, 0.00, 90.00, 0, 0
2.00, 5.70, 28.62, 28.62, 507.67, 20.00, 4.63, 22.78, 18.85, 0.00, 0.00, 0.00, 0.00, 90.00, 0, 0
2.00, 5.70, 28.30, 28.30, 451.98, 20.00, 4.63, 21.67, 17.73, 0.00, 0.00, 0.00, 0.00, 90.00, 0, 0
2.00, 5.70, 27.97, 27.97, 394.96, 20.00, 4.63, 20.56, 16.60, 0.00, 0.00, 0.00, 0.00, 90.00, 0, 0
2.00, 5.70, 27.62, 27.62, 335.02, 20.00, 4.63, 19.44, 15.40, 0.00, 0.00, 0.00, 0.00, 90.00, 0, 0
2.00, 5.70, 27.23, 27.23, 272.73, 20.00, 4.63, 18.33, 14.28, 0.00, 0.00, 0.00, 0.00, 90.00, 0, 0
2.00, 5.70, 26.86, 26.86, 215.44, 20.00, 4.63, 17.78, 13.76, 0.00, 0.00, 0.00, 0.00, 90.00, 0, 0
2.00, 5.70, 26.46, 26.46, 152.80, 20.00, 4.63, 16.67, 12.65, 0.00, 0.00, 0.00, 0.00, 90.00, 0, 0
2.00, 5.70, 26.03, 26.03, 88.00, 20.00, 4.63, 15.56, 11.53, 0.00, 0.00, 0.00, 0.00, 90.00, 0, 0
2.00, 5.70, 26.08, 26.08, 127.75, 20.00, 4.63, 17.22, 13.25, 0.00, 38.23, 70.99, -113.18, 83.95, 0, 0
2.00, 5.70, 26.03, 26.03, 137.15, 20.00, 4.63, 18.89, 14.96, 15.44, 43.90, 63.11, -104.10, 73.18, 0, 0
2.00, 5.70, 26.43, 26.43, 238.21, 20.00, 4.63, 21.11, 17.21, 70.63, 79.15, 57.72, -95.08, 61.98, 0, 0
2.00, 5.70, 27.20, 27.20, 404.91, 20.00, 4.63, 23.33, 19.37, 199.28, 108.15, 55.57, -85.29, 50.62, 0, 0
2.00, 5.70, 28.17, 28.17, 596.92, 20.00, 4.63, 25.00, 21.01, 320.37, 135.78, 57.03, -73.38, 39.45, 0, 0
2.00, 5.70, 29.23, 29.23, 790.62, 20.00, 4.63, 26.67, 22.66, 361.10, 170.07, 61.83, -56.48, 29.13, 0, 0
2.00, 5.70, 29.95, 29.95, 898.93, 20.00, 4.63, 28.33, 24.31, 325.35, 175.33, 69.29, -28.80, 21.33, 0, 0
2.00, 5.70, 30.28, 30.28, 921.83, 20.00, 4.63, 29.44, 25.44, 201.78, 174.78, 78.62, 11.60, 19.56, 0, 0
2.00, 5.70, 30.19, 30.19, 861.49, 20.00, 4.63, 30.00, 25.96, 10.46, 166.25, 89.23, 45.89, 25.17, 0, 0
2.00, 5.70, 31.24, 31.24, 1050.60, 20.00, 4.63, 30.56, 26.48, 0.00, 148.38, 0.00, 66.70, 34.67, 0, 0
2.00, 5.70, 32.79, 32.79, 1327.06, 20.00, 4.63, 30.56, 26.48, 0.00, 121.80, 0.00, 80.35, 45.58, 0, 0
2.00, 5.70, 34.04, 34.04, 1517.98, 20.00, 4.63, 30.00, 25.96, 0.00, 92.51, 0.00, 90.00, 56.90, 0, 0
2.00, 5.70, 34.49, 34.49, 1532.45, 20.00, 4.63, 29.44, 25.44, 0.00, 71.40, 0.00, 100.11, 68.21, 0, 0
2.00, 5.70, 33.00, 33.00, 1148.15, 20.00, 4.63, 27.78, 23.79, 0.00, 28.43, 0.00, 109.08, 79.21, 0, 0
2.00, 5.70, 31.53, 31.53, 815.79, 20.00, 4.63, 26.67, 22.66, 0.00, 4.59, 0.00, 118.44, 89.62, 0, 0
2.00, 5.70, 31.07, 31.07, 727.40, 20.00, 4.63, 25.56, 21.62, 0.00, 0.00, 0.00, 0.00, 90.00, 0, 0
2.00, 5.70, 30.76, 30.76, 672.07, 20.00, 4.63, 25.00, 21.01, 0.00, 0.00, 0.00, 0.00, 90.00, 0, 0
2.00, 5.70, 30.44, 30.44, 616.65, 20.00, 4.63, 23.89, 19.89, 0.00, 0.00, 0.00, 0.00, 90.00, 0, 0
2.00, 5.70, 30.11, 30.11, 558.61, 20.00, 4.63, 22.78, 18.76, 0.00, 0.00, 0.00, 0.00, 90.00, 0, 0
2.00, 5.70, 29.74, 29.74, 497.61, 20.00, 4.63, 21.67, 17.64, 0.00, 0.00, 0.00, 0.00, 90.00, 0, 0
2.00, 5.70, 29.35, 29.35, 434.40, 20.00, 4.63, 20.56, 16.52, 0.00, 0.00, 0.00, 0.00, 90.00, 0, 0
2.00, 5.70, 28.91, 28.91, 362.97, 20.00, 4.63, 18.89, 14.88, 0.00, 0.00, 0.00, 0.00, 90.00, 0, 0
2.00, 5.70, 28.47, 28.47, 294.19, 20.00, 4.63, 17.78, 13.76, 0.00, 0.00, 0.00, 0.00, 90.00, 0, 0
2.00, 5.70, 27.97, 27.97, 218.88, 20.00, 4.63, 16.11, 12.13, 0.00, 0.00, 0.00, 0.00, 90.00, 0, 0
2.00, 5.70, 27.70, 27.70, 192.96, 20.00, 4.63, 16.67, 12.65, 0.00, 13.76, 71.13, -113.32, 83.87, 0, 0
2.00, 5.70, 27.51, 27.51, 182.29, 20.00, 4.63, 17.22, 13.25, 0.00, 27.53, 63.26, -104.26, 73.11, 0, 0
2.00, 5.70, 27.49, 27.49, 206.59, 20.00, 4.63, 17.78, 13.76, 0.00, 55.06, 57.89, -95.24, 61.91, 0, 0
2.00, 5.70, 27.63, 27.63, 257.49, 20.00, 4.63, 18.89, 14.88, 1.20, 85.74, 55.73, -85.48, 50.55, 0, 0
2.00, 5.70, 27.96, 27.96, 341.17, 20.00, 4.63, 20.00, 15.92, 5.63, 124.78, 57.18, -73.60, 39.37, 0, 0
2.00, 5.70, 28.46, 28.46, 450.74, 20.00, 4.63, 21.11, 17.04, 14.86, 166.71, 61.96, -56.75, 29.04, 0, 0
2.00, 5.70, 28.37, 28.37, 427.17, 20.00, 4.63, 21.67, 17.55, 9.31, 136.34, 69.40, -29.05, 21.19, 0, 0
2.00, 5.70, 28.03, 28.03, 357.00, 20.00, 4.63, 21.67, 17.55, 1.74, 97.76, 78.71, 11.59, 19.40, 0, 0
2.00, 5.70, 28.12, 28.12, 383.15, 20.00, 4.63, 21.67, 17.55, 0.11, 118.28, 89.30, 46.05, 25.02, 0, 0
2.00, 5.70, 28.25, 28.25, 414.75, 20.00, 4.63, 21.67, 17.55, 0.00, 129.63, 0.00, 66.88, 34.54, 0, 0
2.00, 5.70, 28.61, 28.61, 491.66, 20.00, 4.63, 22.22, 18.07, 0.00, 135.19, 0.00, 80.51, 45.46, 0, 0
2.00, 5.70, 28.12, 28.12, 381.00, 20.00, 4.63, 21.67, 17.55, 0.00, 77.03, 0.00, 90.00, 56.79, 0, 0
2.00, 5.70, 27.47, 27.47, 253.10, 20.00, 4.63, 21.11, 17.04, 0.00, 33.65, 0.00, 100.23, 68.10, 0, 0
2.00, 5.70, 26.97, 26.97, 168.02, 20.00, 4.63, 20.56, 16.43, 0.00, 9.18, 0.00, 109.18, 79.09, 0, 0
2.00, 5.70, 26.57, 26.57, 107.68, 20.00, 4.63, 19.44, 15.31, 0.00, 1.53, 0.00, 118.53, 89.48, 0, 0
2.00, 5.70, 26.24, 26.24, 66.37, 20.00, 4.63, 18.89, 14.80, 0.00, 0.00, 0.00, 0.00, 90.00, 0, 0
2.00, 5.70, 25.90, 25.90, 23.45, 20.00, 4.63, 17.78, 13.59, 0.00, 0.00, 0.00, 0.00, 90.00, 0, 0
2.00, 5.70, 25.54, 25.54, -22.05, 20.00, 4.63, 16.67, 12.48, 0.00, 0.00, 0.00, 0.00, 90.00, 0, 0
2.00, 5.70, 25.17, 25.17, -69.69, 20.00, 4.63, 15.56, 11.36, 0.00, 0.00, 0.00, 0.00, 90.00, 0, 0
2.00, 5.70, 24.77, 24.77, -119.38, 20.00, 4.63, 14.44, 10.25, 0.00, 0.00, 0.00, 0.00, 90.00, 0, 0
2.00, 5.70, 24.33, 24.33, -177.68, 20.00, 4.63, 12.78, 8.63, 0.00, 0.00, 0.00, 0.00, 90.00, 0, 0
2.00, 5.70, 23.88, 23.88, -234.35, 20.00, 4.63, 11.67, 7.43, 0.00, 0.00, 0.00, 0.00, 90.00, 0, 0
2.00, 5.70, 23.38, 23.38, -298.40, 20.00, 4.63, 10.00, 5.82, 0.00, 0.00, 0.00, 0.00, 90.00, 0, 0
2.00, 5.70, 22.86, 22.86, -366.85, 20.00, 4.63, 8.33, 4.12, 0.00, 0.00, 0.00, 0.00, 90.00, 0, 0
2.00, 5.70, 22.85, 22.85, -323.52, 20.00, 4.63, 10.00, 5.82, 0.00, 39.76, 71.27, -113.45, 83.79, 0, 0
2.00, 5.70, 22.75, 22.75, -307.56, 20.00, 4.63, 12.22, 8.03, 14.06, 45.03, 63.41, -104.40, 73.04, 0, 0
2.00, 5.70, 23.07, 23.07, -207.69, 20.00, 4.63, 14.44, 10.25, 68.23, 78.42, 58.04, -95.41, 61.85, 0, 0
2.00, 5.70, 23.84, 23.84, -27.62, 20.00, 4.63, 17.22, 12.99, 202.29, 109.51, 55.89, -85.67, 50.48, 0, 0
2.00, 5.70, 24.80, 24.80, 176.76, 20.00, 4.63, 19.44, 15.22, 325.51, 137.16, 57.32, -73.82, 39.30, 0, 0
2.00, 5.70, 25.71, 25.71, 349.81, 20.00, 4.63, 21.11, 16.85, 359.66, 158.86, 62.09, -57.01, 28.94, 0, 0
2.00, 5.70, 26.37, 26.37, 459.34, 20.00, 4.63, 22.22, 17.97, 308.11, 174.06, 69.50, -29.30, 21.06, 0, 0
2.00, 5.70, 26.66, 26.66, 488.33, 20.00, 4.63, 23.33, 19.10, 190.26, 176.67, 78.80, 11.58, 19.24, 0, 0
2.00, 5.70, 26.58, 26.58, 441.71, 20.00, 4.63, 24.44, 20.22, 8.02, 168.47, 89.37, 46.21, 24.88, 0, 0
2.00, 5.70, 27.53, 27.53, 620.45, 20.00, 4.63, 24.44, 20.22, 0.00, 149.75, 0.00, 67.05, 34.42, 0, 0
2.00, 5.70, 28.85, 28.85, 859.57, 20.00, 4.63, 24.44, 20.22, 0.00, 131.82, 0.00, 80.66, 45.34, 0, 0
2.00, 5.70, 29.43, 29.43, 927.07, 20.00, 4.63, 23.33, 19.10, 0.00, 107.08, 0.00, 90.00, 56.67, 0, 0
2.00, 5.70, 30.34, 30.34, 1063.98, 20.00, 4.63, 22.22, 17.97, 0.00, 65.07, 0.00, 100.34, 67.98, 0, 0
2.00, 5.70, 30.58, 30.58, 1053.14, 20.00, 4.63, 20.56, 16.34, 0.00, 28.94, 0.00, 109.28, 78.97, 0, 0
2.00, 5.70, 27.85, 27.85, 429.81, 20.00, 4.63, 19.44, 15.31, 0.00, 12.23, 0.00, 118.62, 89.36, 0, 0
2.00, 5.70, 27.19, 27.19, 309.41, 20.00, 4.63, 18.33, 14.19, 0.00, 0.00, 0.00, 0.00, 90.00, 0, 0
2.00, 5.70, 26.73, 26.73, 234.65, 20.00, 4.63, 17.22, 13.08, 0.00, 0.00, 0.00, 0.00, 90.00, 0, 0
2.00, 5.70, 26.34, 26.34, 175.89, 20.00, 4.63, 16.67, 12.56, 0.00, 0.00, 0.00, 0.00, 90.00, 0, 0
2.00, 5.70, 25.92, 25.92, 113.56, 20.00, 4.63, 15.56, 11.45, 0.00, 0.00, 0.00, 0.00, 90.00, 0, 0
2.00, 5.70, 25.55, 25.55, 61.44, 20.00, 4.63, 15.56, 11.36, 0.00, 0.00, 0.00, 0.00, 90.00, 0, 0
2.00, 5.70, 25.18, 25.18, 12.84, 20.00, 4.63, 15.56, 11.36, 0.00, 0.00, 0.00, 0.00, 90.00, 0, 0
2.00, 5.70, 24.82, 24.82, -33.42, 20.00, 4.63, 15.56, 11.36, 0.00, 0.00, 0.00, 0.00, 90.00, 0, 0
2.00, 5.70, 24.44, 24.44, -84.10, 20.00, 4.63, 15.00, 10.85, 0.00, 0.00, 0.00, 0.00, 90.00, 0, 0
2.00, 5.70, 24.08, 24.08, -128.36, 20.00, 4.63, 15.00, 10.85, 0.00, 0.00, 0.00, 0.00, 90.00, 0, 0
2.00, 5.70, 23.79, 23.79, -156.10, 20.00, 4.63, 15.56, 11.45, 0.00, 3.06, 71.40, -113.59, 83.72, 0, 0
2.00, 5.70, 23.75, 23.75, -133.17, 20.00, 4.63, 16.11, 11.96, 0.00, 29.06, 63.56, -104.54, 72.97, 0, 0
2.00, 5.70, 23.88, 23.88, -79.59, 20.00, 4.63, 17.22, 13.08, 0.22, 59.11, 58.19, -95.56, 61.79, 0, 0
2.00, 5.70, 24.14, 24.14, -7.84, 20.00, 4.63, 18.33, 14.19, 1.78, 89.61, 56.04, -85.85, 50.42, 0, 0
2.00, 5.70, 24.16, 24.16, 5.85, 20.00, 4.63, 18.89, 14.71, 0.93, 86.30, 57.46, -74.04, 39.23, 0, 0
2.00, 5.70, 24.10, 24.10, 4.31, 20.00, 4.63, 18.89, 14.71, 1.05, 81.60, 62.21, -57.27, 28.86, 0, 0
2.00, 5.70, 24.49, 24.49, 95.23, 20.00, 4.63, 20.00, 15.73, 6.44, 119.59, 69.60, -29.54, 20.94, 0, 0
2.00, 5.70, 24.53, 24.53, 103.69, 20.00, 4.63, 20.00, 15.73, 1.71, 109.99, 78.88, 11.56, 19.09, 0, 0
2.00, 5.70, 24.39, 24.39, 75.02, 20.00, 4.63, 20.00, 15.63, 0.04, 86.66, 89.44, 46.36, 24.74, 0, 0
2.00, 5.70, 24.75, 24.75, 156.20, 20.00, 4.63, 20.56, 16.14, 0.00, 121.97, 0.00, 67.21, 34.30, 0, 0
2.00, 5.70, 25.19, 25.19, 245.41, 20.00, 4.63, 21.11, 16.75, 0.00, 133.85, 0.00, 80.80, 45.23, 0, 0
2.00, 5.70, 25.15, 25.15, 225.92, 20.00, 4.63, 21.11, 16.75, 0.00, 103.56, 0.00, 90.00, 56.56, 0, 0
2.00, 5.70, 24.85, 24.85, 155.91, 20.00, 4.63, 21.11, 16.64, 0.00, 65.43, 0.00, 100.45, 67.87, 0, 0
2.00, 5.70, 24.43, 24.43, 70.50, 20.00, 4.63, 20.56, 16.14, 0.00, 29.72, 0.00, 109.38, 78.85, 0, 0
2.00, 5.70, 23.96, 23.96, -18.31, 20.00, 4.63, 19.44, 15.02, 0.00, 4.59, 0.00, 118.70, 89.23, 0, 0
2.00, 5.70, 23.64, 23.64, -66.58, 20.00, 4.63, 18.33, 13.90, 0.00, 0.00, 0.00, 0.00, 90.00, 0, 0
2.00, 5.70, 23.36, 23.36, -104.82, 20.00, 4.63, 17.22, 12.79, 0.00, 0.00, 0.00, 0.00, 90.00, 0, 0
2.00, 5.70, 23.00, 23.00, -158.41, 20.00, 4.63, 16.11, 11.57, 0.00, 0.00, 0.00, 0.00, 90.00, 0, 0
2.00, 5.70, 22.62, 22.62, -212.65, 20.00, 4.63, 14.44, 9.96, 0.00, 0.00, 0.00, 0.00, 90.00, 0, 0
2.00, 5.70, 22.21, 22.21, -271.43, 20.00, 4.63, 12.78, 8.25, 0.00, 0.00, 0.00, 0.00, 90.00, 0, 0
2.00, 5.70, 21.77, 21.77, -334.29, 20.00, 4.63, 11.11, 6.54, 0.00, 0.00, 0.00, 0.00, 90.00, 0, 0
2.00, 5.70, 21.29, 21.29, -400.73, 20.00, 4.63, 9.44, 4.94, 0.00, 0.00, 0.00, 0.00, 90.00, 0, 0
2.00, 5.70, 20.74, 20.74, -478.48, 20.00, 4.63, 7.22, 2.64, 0.00, 0.00, 0.00, 0.00, 90.00, 0, 0
2.00, 5.70, 20.14, 20.14, -563.36, 20.00, 4.63, 5.00, 0.35, 0.00, 0.00, 0.00, 0.00, 90.00, 0, 0
2.00, 5.70, 20.11, 20.11, -525.57, 20.00, 4.63, 6.67, 2.04, 0.00, 41.29, 71.53, -113.71, 83.65, 0, 0
2.00, 5.70, 20.02, 20.02, -506.73, 20.00, 4.63, 8.89, 4.23, 11.57, 45.35, 63.70, -104.68, 72.91, 0, 0
2.00, 5.70, 20.39, 20.39, -397.74, 20.00, 4.63, 11.11, 6.42, 42.43, 87.38, 58.34, -95.72, 61.73, 0, 0
2.00, 5.70, 21.01, 21.01, -248.65, 20.00, 4.63, 12.78, 8.13, 132.34, 121.76, 56.18, -86.02, 50.37, 0, 0
2.00, 5.70, 21.85, 21.85, -70.80, 20.00, 4.63, 15.00, 10.22, 221.09, 153.51, 57.59, -74.24, 39.17, 0, 0
2.00, 5.70, 22.62, 22.62, 78.51, 20.00, 4.63, 16.67, 11.95, 226.17, 180.97, 62.32, -57.52, 28.78, 0, 0
2.00, 5.70, 23.18, 23.18, 173.50, 20.00, 4.63, 17.78, 13.06, 195.62, 192.88, 69.69, -29.79, 20.83, 0, 0
2.00, 5.70, 23.54, 23.54, 221.58, 20.00, 4.63, 18.89, 14.04, 124.51, 199.12, 78.95, 11.53, 18.95, 0, 0
2.00, 5.70, 23.53, 23.53, 193.07, 20.00, 4.63, 19.44, 14.53, 3.91, 191.89, 89.50, 46.49, 24.61, 0, 0
2.00, 5.70, 23.96, 23.96, 263.06, 20.00, 4.63, 19.44, 14.66, 0.00, 169.74, 0.00, 67.36, 34.18, 0, 0
2.00, 5.70, 24.69, 24.69, 393.65, 20.00, 4.63, 19.44, 14.53, 0.00, 141.08, 0.00, 80.93, 45.12, 0, 0
2.00, 5.70, 25.53, 25.53, 533.92, 20.00, 4.63, 18.89, 14.04, 0.00, 105.20, 0.00, 90.00, 56.45, 0, 0
2.00, 5.70, 26.13, 26.13, 616.31, 20.00, 4.63, 17.78, 12.93, 0.00, 66.21, 0.00, 100.55, 67.76, 0, 0
2.00, 5.70, 24.99, 24.99, 332.93, 20.00, 4.63, 15.56, 10.84, 0.00, 28.75, 0.00, 109.47, 78.73, 0, 0
2.00, 5.70, 23.37, 23.37, -17.17, 20.00, 4.63, 14.44, 9.73, 0.00, 4.59, 0.00, 118.78, 89.11, 0, 0
2.00, 5.70, 22.78, 22.78, -115.44, 20.00, 4.63, 12.78, 8.01, 0.00, 0.00, 0.00, 0.00, 90.00, 0, 0
2.00, 5.70, 22.33, 22.33, -182.25, 20.00, 4.63, 11.67, 6.91, 0.00, 0.00, 0.00, 0.00, 90.00, 0, 0
2.00, 5.70, 21.81, 21.81, -263.77, 20.00, 4.63, 10.00, 5.20, 0.00, 0.00, 0.00, 0.00, 90.00, 0, 0
2.00, 5.70, 21.26, 21.26, -345.82, 20.00, 4.63, 8.33, 3.62, 0.00, 0.00, 0.00, 0.00, 90.00, 0, 0
2.00, 5.70, 20.75, 20.75, -416.21, 20.00, 4.63, 7.78, 3.02, 0.00, 0.00, 0.00, 0.00, 90.00, 0, 0
2.00, 5.70, 20.25, 20.25, -483.13, 20.00, 4.63, 7.22, 2.41, 0.00, 0.00, 0.00, 0.00, 90.00, 0, 0
2.00, 5.70, 19.74, 19.74, -548.35, 20.00, 4.63, 6.67, 1.93, 0.00, 0.00, 0.00, 0.00, 90.00, 0, 0
2.00, 5.70, 19.23, 19.23, -612.86, 20.00, 4.63, 6.11, 1.33, 0.00, 0.00, 0.00, 0.00, 90.00, 0, 0
2.00, 5.70, 18.72, 18.72, -676.38, 20.00, 4.63, 5.56, 0.73, 0.00, 0.00, 0.00, 0.00, 90.00, 0, 0
2.00, 5.70, 18.55, 18.55, -664.45, 20.00, 4.63, 6.67, 1.93, 0.00, 27.53, 71.66, -113.84, 83.58, 0, 0
2.00, 5.70, 18.56, 18.56, -622.70, 20.00, 4.63, 8.89, 4.11, 8.59, 47.35, 63.83, -104.82, 72.86, 0, 0
2.00, 5.70, 18.91, 18.91, -517.42, 20.00, 4.63, 11.11, 6.30, 47.24, 84.07, 58.48, -95.86, 61.68, 0, 0
2.00, 5.70, 19.66, 19.66, -341.61, 20.00, 4.63, 13.89, 8.98, 153.02, 119.53, 56.31, -86.19, 50.32, 0, 0
2.00, 5.70, 20.61, 20.61, -140.25, 20.00, 4.63, 16.11, 11.19, 245.44, 154.95, 57.71, -74.45, 39.12, 0, 0
2.00, 5.70, 21.51, 21.51, 31.68, 20.00, 4.63, 17.78, 12.93, 261.19, 183.05, 62.42, -57.77, 28.71, 0, 0
2.00, 5.70, 22.26, 22.26, 160.49, 20.00, 4.63, 19.44, 14.53, 222.71, 202.98, 69.78, -30.04, 20.72, 0, 0
2.00, 5.70, 22.75, 22.75, 227.04, 20.00, 4.63, 21.11, 16.13, 153.42, 205.29, 79.02, 11.49, 18.81, 0, 0
2.00, 5.70, 22.82, 22.82, 207.35, 20.00, 4.63, 21.67, 16.61, 3.95, 195.17, 89.55, 46.62, 24.48, 0, 0
2.00, 5.70, 23.48, 23.48, 317.78, 20.00, 4.63, 21.67, 16.61, 0.00, 171.20, 0.00, 67.50, 34.07, 0, 0
2.00, 5.70, 24.41, 24.41, 475.38, 20.00, 4.63, 21.67, 16.61, 0.00, 139.02, 0.00, 81.05, 45.01, 0, 0
2.00, 5.70, 25.06, 25.06, 563.44, 20.00, 4.63, 20.56, 15.49, 0.00, 105.56, 0.00, 90.00, 56.35, 0, 0
2.00, 5.70, 25.56, 25.56, 619.23, 20.00, 4.63, 19.44, 14.53, 0.00, 68.23, 0.00, 100.64, 67.65, 0, 0
2.00, 5.70, 24.82, 24.82, 414.72, 20.00, 4.63, 17.78, 12.78, 0.00, 29.39, 0.00, 109.55, 78.62, 0, 0
2.00, 5.70, 23.18, 23.18, 50.78, 20.00, 4.63, 16.11, 11.19, 0.00, 7.65, 0.00, 118.85, 88.99, 0, 0
2.00, 5.70, 22.67, 22.67, -41.39, 20.00, 4.63, 15.00, 10.09, 0.00, 0.00, 0.00, 0.00, 90.00, 0, 0
2.00, 5.70, 22.25, 22.25, -110.59, 20.00, 4.63, 13.33, 8.37, 0.00, 0.00, 0.00, 0.00, 90.00, 0, 0
2.00, 5.70, 21.81, 21.81, -181.47, 20.00, 4.63, 12.22, 7.27, 0.00, 0.00, 0.00, 0.00, 90.00, 0, 0
2.00, 5.70, 21.34, 21.34, -257.19, 20.00, 4.63, 10.56, 5.57, 0.00, 0.00, 0.00, 0.00, 90.00, 0, 0
2.00, 5.70, 20.86, 20.86, -329.46, 20.00, 4.63, 9.44, 4.47, 0.00, 0.00, 0.00, 0.00, 90.00, 0, 0
2.00, 5.70, 20.37, 20.37, -402.03, 20.00, 4.63, 8.33, 3.39, 0.00, 0.00, 0.00, 0.00, 90.00, 0, 0
2.00, 5.70, 19.85, 19.85, -475.53, 20.00, 4.63, 7.22, 2.30, 0.00, 0.00, 0.00, 0.00, 90.00, 0, 0
2.00, 5.70, 19.32, 19.32, -550.05, 20.00, 4.63, 6.11, 1.21, 0.00, 0.00, 0.00, 0.00, 90.00, 0, 0
2.00, 5.70, 18.74, 18.74, -632.68, 20.00, 4.63, 4.44, -0.47, 0.00, 0.00, 0.00, 0.00, 90.00, 0, 0
2.00, 5.70, 18.63, 18.63, -612.07, 20.00, 4.63, 6.11, 1.21, 0.00, 33.65, 71.78, -113.96, 83.53, 0, 0
2.00, 5.70, 18.59, 18.59, -583.02, 20.00, 4.63, 8.33, 3.39, 8.29, 48.05, 63.96, -104.95, 72.81, 0, 0
2.00, 5.70, 18.97, 18.97, -474.05, 20.00, 4.63, 11.11, 6.04, 61.25, 84.25, 58.61, -96.01, 61.64, 0, 0
2.00, 5.70, 19.78, 19.78, -287.45, 20.00, 4.63, 13.89, 8.85, 177.49, 122.96, 56.44, -86.36, 50.28, 0, 0
2.00, 5.70, 20.65, 20.65, -107.82, 20.00, 4.63, 16.11, 10.91, 236.76, 155.64, 57.83, -74.64, 39.07, 0, 0
2.00, 5.70, 21.55, 21.55, 62.95, 20.00, 4.63, 17.78, 12.64, 260.84, 184.97, 62.52, -58.01, 28.64, 0, 0
2.00, 5.70, 22.30, 22.30, 190.27, 20.00, 4.63, 19.44, 14.23, 252.28, 197.66, 69.86, -30.28, 20.62, 0, 0
2.00, 5.70, 22.72, 22.72, 240.95, 20.00, 4.63, 20.56, 15.34, 144.60, 204.66, 79.08, 11.44, 18.68, 0, 0
2.00, 5.70, 22.78, 22.78, 217.47, 20.00, 4.63, 21.11, 15.98, 3.66, 196.94, 89.60, 46.73, 24.35, 0, 0
2.00, 5.70, 23.53, 23.53, 346.36, 20.00, 4.63, 21.67, 16.45, 0.00, 169.21, 0.00, 67.63, 33.95, 0, 0
2.00, 5.70, 24.49, 24.49, 510.38, 20.00, 4.63, 21.11, 15.81, 0.00, 137.30, 0.00, 81.17, 44.91, 0, 0
2.00, 5.70, 25.41, 25.41, 652.95, 20.00, 4.63, 20.56, 15.34, 0.00, 106.89, 0.00, 90.00, 56.25, 0, 0
2.00, 5.70, 25.06, 25.06, 520.67, 20.00, 4.63, 18.89, 13.75, 0.00, 67.49, 0.00, 100.73, 67.54, 0, 0
2.00, 5.70, 24.74, 24.74, 417.15, 20.00, 4.63, 17.22, 12.01, 0.00, 33.10, 0.00, 109.63, 78.51, 0, 0
2.00, 5.70, 23.08, 23.08, 47.79, 20.00, 4.63, 15.56, 10.43, 0.00, 10.71, 0.00, 118.92, 88.87, 0, 0
2.00, 5.70, 22.51, 22.51, -57.35, 20.00, 4.63, 13.89, 8.71, 0.00, 0.00, 0.00, 0.00, 90.00, 0, 0
2.00, 5.70, 22.05, 22.05, -132.48, 20.00, 4.63, 12.22, 6.99, 0.00, 0.00, 0.00, 0.00, 90.00, 0, 0
2.00, 5.70, 21.55, 21.55, -215.27, 20.00, 4.63, 10.56, 5.43, 0.00, 0.00, 0.00, 0.00, 90.00, 0, 0
2.00, 5.70, 21.03, 21.03, -298.31, 20.00, 4.63, 8.89, 3.73, 0.00, 0.00, 0.00, 0.00, 90.00, 0, 0
2.00, 5.70, 20.47, 20.47, -383.63, 20.00, 4.63, 7.22, 2.17, 0.00, 0.00, 0.00, 0.00, 90.00, 0, 0
2.00, 5.70, 19.92, 19.92, -465.14, 20.00, 4.63, 6.11, 0.95, 0.00, 0.00, 0.00, 0.00, 90.00, 0, 0
2.00, 5.70, 19.32, 19.32, -553.54, 20.00, 4.63, 4.44, -0.73, 0.00, 0.00, 0.00, 0.00, 90.00, 0, 0
2.00, 5.70, 18.68, 18.68, -645.17, 20.00, 4.63, 2.78, -2.27, 0.00, 0.00, 0.00, 0.00, 90.00, 0, 0
2.00, 5.70, 18.01, 18.01, -739.56, 20.00, 4.63, 1.11, -3.95, 0.00, 0.00, 0.00, 0.00, 90.00, 0, 0
2.00, 5.70, 17.89, 17.89, -714.77, 20.00, 4.63, 2.78, -2.27, 0.00, 41.29, 71.90, -114.08, 83.48, 0, 0
2.00, 5.70, 17.73, 17.73, -706.80, 20.00, 4.63, 4.44, -0.73, 6.60, 50.56, 64.09, -105.07, 72.77, 0, 0
2.00, 5.70, 17.93, 17.93, -626.27, 20.00, 4.63, 6.11, 1.09, 40.08, 88.00, 58.74, -96.14, 61.60, 0, 0
2.00, 5.70, 18.51, 18.51, -478.82, 20.00, 4.63, 8.33, 3.26, 141.16, 123.77, 56.57, -86.51, 50.24, 0, 0
2.00, 5.70, 19.37, 19.37, -289.73, 20.00, 4.63, 10.56, 5.43, 275.31, 152.29, 57.94, -74.83, 39.02, 0, 0
2.00, 5.70, 20.23, 20.23, -117.98, 20.00, 4.63, 12.22, 7.14, 346.72, 171.35, 62.61, -58.24, 28.58, 0, 0
2.00, 5.70, 20.87, 20.87, -5.93, 20.00, 4.63, 13.89, 8.71, 302.31, 186.47, 69.93, -30.52, 20.52, 0, 0
2.00, 5.70, 21.12, 21.12, 19.30, 20.00, 4.63, 15.00, 9.81, 184.80, 189.91, 79.14, 11.39, 18.55, 0, 0
2.00, 5.70, 20.92, 20.92, -46.46, 20.00, 4.63, 15.56, 10.43, 4.68, 178.89, 89.64, 46.83, 24.23, 0, 0
2.00, 5.70, 21.90, 21.90, 144.46, 20.00, 4.63, 16.11, 10.91, 0.00, 157.50, 0.00, 67.75, 33.85, 0, 0
2.00, 5.70, 23.18, 23.18, 381.49, 20.00, 4.63, 15.56, 10.43, 0.00, 133.28, 0.00, 81.28, 44.80, 0, 0
2.00, 5.70, 24.37, 24.37, 577.68, 20.00, 4.63, 15.00, 9.95, 0.00, 103.44, 0.00, 90.00, 56.14, 0, 0
2.00, 5.70, 24.65, 24.65, 575.10, 20.00, 4.63, 13.89, 8.85, 0.00, 69.65, 0.00, 100.81, 67.44, 0, 0
2.00, 5.70, 23.73, 23.73, 327.96, 20.00, 4.63, 11.67, 6.78, 0.00, 30.87, 0.00, 109.70, 78.40, 0, 0
2.00, 5.70, 21.55, 21.55, -150.68, 20.00, 4.63, 10.56, 5.69, 0.00, 9.18, 0.00, 118.98, 88.76, 0, 0
2.00, 5.70, 20.89, 20.89, -260.50, 20.00, 4.63, 10.00, 5.20, 0.00, 0.00, 0.00, 0.00, 90.00, 0, 0
2.00, 5.70, 20.42, 20.42, -329.08, 20.00, 4.63, 9.44, 4.60, 0.00, 0.00, 0.00, 0.00, 90.00, 0, 0
2.00, 5.70, 19.91, 19.91, -406.27, 20.00, 4.63, 8.33, 3.62, 0.00, 0.00, 0.00, 0.00, 90.00, 0, 0
2.00, 5.70, 19.39, 19.39, -481.77, 20.00, 4.63, 7.22, 2.53, 0.00, 0.00, 0.00, 0.00, 90.00, 0, 0
2.00, 5.70, 18.96, 18.96, -536.41, 20.00, 4.63, 7.78, 2.90, 0.00, 0.00, 0.00, 0.00, 90.00, 0, 0
2.00, 5.70, 18.57, 18.57, -581.67, 20.00, 4.63, 8.33, 3.50, 0.00, 0.00, 0.00, 0.00, 90.00, 0, 0
2.00, 5.70, 18.17, 18.17, -628.26, 20.00, 4.63, 8.33, 3.50, 0.00, 0.00, 0.00, 0.00, 90.00, 0, 0
2.00, 5.70, 17.81, 17.81, -665.86, 20.00, 4.63, 8.89, 4.11, 0.00, 0.00, 0.00, 0.00, 90.00, 0, 0
2.00, 5.70, 17.49, 17.49, -697.39, 20.00, 4.63, 9.44, 4.72, 0.00, 0.00, 0.00, 0.00, 90.00, 0, 0
2.00, 5.70, 17.36, 17.36, -687.22, 20.00, 4.63, 10.56, 5.93, 0.00, 15.29, 72.01, -114.19, 83.43, 0, 0
2.00, 5.70, 17.47, 17.47, -632.50, 20.00, 4.63, 12.22, 7.64, 0.32, 40.15, 64.21, -105.19, 72.73, 0, 0
2.00, 5.70, 17.37, 17.37, -630.71, 20.00, 4.63, 12.22, 7.64, 0.40, 38.69, 58.86, -96.28, 61.56, 0, 0
2.00, 5.70, 17.43, 17.43, -596.09, 20.00, 4.63, 12.78, 8.25, 0.00, 55.06, 56.68, -86.66, 50.21, 0, 0
2.00, 5.70, 17.91, 17.91, -478.77, 20.00, 4.63, 13.89, 9.35, 7.21, 104.66, 58.04, -75.01, 38.99, 0, 0
2.00, 5.70, 18.05, 18.05, -443.78, 20.00, 4.63, 14.44, 9.85, 5.10, 102.12, 62.70, -58.47, 28.52, 0, 0
2.00, 5.70, 17.84, 17.84, -484.07, 20.00, 4.63, 14.44, 9.85, 1.79, 68.24, 70.00, -30.76, 20.43, 0, 0
2.00, 5.70, 18.19, 18.19, -402.81, 20.00, 4.63, 15.00, 10.34, 4.41, 104.65, 79.19, 11.32, 18.43, 0, 0
2.00, 5.70, 18.53, 18.53, -331.04, 20.00, 4.63, 15.56, 10.96, 0.08, 124.35, 89.68, 46.92, 24.12, 0, 0
2.00, 5.70, 18.79, 18.79, -282.69, 20.00, 4.63, 16.11, 11.45, 0.00, 124.65, 0.00, 67.86, 33.74, 0, 0
2.00, 5.70, 18.84, 18.84, -280.21, 20.00, 4.63, 16.11, 11.45, 0.00, 105.26, 0.00, 81.38, 44.71, 0, 0
2.00, 5.70, 18.68, 18.68, -319.94, 20.00, 4.63, 16.11, 11.45, 0.00, 73.33, 0.00, 90.00, 56.05, 0, 0
2.00, 5.70, 18.27, 18.27, -406.86, 20.00, 4.63, 15.56, 10.96, 0.00, 30.15, 0.00, 100.89, 67.34, 0, 0
2.00, 5.70, 17.99, 17.99, -455.26, 20.00, 4.63, 15.00, 10.46, 0.00, 15.29, 0.00, 109.77, 78.30, 0, 0
2.00, 5.70, 17.73, 17.73, -497.17, 20.00, 4.63, 14.44, 9.85, 0.00, 3.06, 0.00, 119.04, 88.65, 0, 0
2.00, 5.70, 17.50, 17.50, -530.56, 20.00, 4.63, 13.33, 8.74, 0.00, 0.00, 0.00, 0.00, 90.00, 0, 0
2.00, 5.70, 17.31, 17.31, -554.43, 20.00, 4.63, 12.78, 8.25, 0.00, 0.00, 0.00, 0.00, 90.00, 0, 0
2.00, 5.70, 17.05, 17.05, -591.95, 20.00, 4.63, 11.67, 7.14, 0.00, 0.00, 0.00, 0.00, 90.00, 0, 0
2.00, 5.70, 16.80, 16.80, -624.49, 20.00, 4.63, 11.11, 6.54, 0.00, 0.00, 0.00, 0.00, 90.00, 0, 0
2.00, 5.70, 16.52, 16.52, -663.33, 20.00, 4.63, 10.00, 5.44, 0.00, 0.00, 0.00, 0.00, 90.00, 0, 0
2.00, 5.70, 16.24, 16.24, -698.57, 20.00, 4.63, 9.44, 4.83, 0.00, 0.00, 0.00, 0.00, 90.00, 0, 0
2.00, 5.70, 15.92, 15.92, -740.63, 20.00, 4.63, 8.33, 3.74, 0.00, 0.00, 0.00, 0.00, 90.00, 0, 0
2.00, 5.70, 15.58, 15.58, -786.24, 20.00, 4.63, 7.22, 2.64, 0.00, 0.00, 0.00, 0.00, 90.00, 0, 0
2.00, 5.70, 15.25, 15.25, -827.27, 20.00, 4.63, 6.67, 2.15, 0.00, 0.00, 0.00, 0.00, 90.00, 0, 0
2.00, 5.70, 15.24, 15.24, -799.89, 20.00, 4.63, 7.78, 3.24, 0.00, 24.47, 72.12, -114.30, 83.39, 0, 0
2.00, 5.70, 15.06, 15.06, -813.19, 20.00, 4.63, 7.78, 3.24, 0.27, 20.60, 64.32, -105.31, 72.69, 0, 0
2.00, 5.70, 15.27, 15.27, -745.24, 20.00, 4.63, 8.89, 4.34, 0.99, 56.97, 58.97, -96.40, 61.53, 0, 0
2.00, 5.70, 15.79, 15.79, -621.42, 20.00, 4.63, 10.00, 5.44, 18.77, 107.79, 56.79, -86.81, 50.18, 0, 0
2.00, 5.70, 16.98, 16.98, -371.62, 20.00, 4.63, 12.78, 8.25, 168.51, 164.62, 58.14, -75.19, 38.95, 0, 0
2.00, 5.70, 17.69, 17.69, -244.93, 20.00, 4.63, 14.44, 9.85, 127.04, 185.53, 62.78, -58.68, 28.48, 0, 0
2.00, 5.70, 18.22, 18.22, -161.22, 20.00, 4.63, 15.56, 10.96, 97.19, 194.16, 70.06, -31.00, 20.35, 0, 0
2.00, 5.70, 18.75, 18.75, -82.42, 20.00, 4.63, 17.22, 12.56, 92.80, 197.57, 79.24, 11.25, 18.32, 0, 0
2.00, 5.70, 18.85, 18.85, -96.03, 20.00, 4.63, 17.78, 13.06, 0.89, 175.34, 89.72, 47.00, 24.01, 0, 0
2.00, 5.70, 18.51, 18.51, -193.77, 20.00, 4.63, 16.67, 11.95, 0.00, 107.98, 0.00, 67.97, 33.64, 0, 0
2.00, 5.70, 18.48, 18.48, -214.11, 20.00, 4.63, 16.11, 11.45, 0.00, 98.05, 0.00, 81.47, 44.61, 0, 0
2.00, 5.70, 17.97, 17.97, -334.07, 20.00, 4.63, 15.56, 10.84, 0.00, 39.05, 0.00, 90.00, 55.95, 0, 0
2.00, 5.70, 17.68, 17.68, -392.06, 20.00, 4.63, 14.44, 9.73, 0.00, 29.06, 0.00, 100.96, 67.24, 0, 0
2.00, 5.70, 17.54, 17.54, -416.41, 20.00, 4.63, 13.33, 8.74, 0.00, 23.32, 0.00, 109.82, 78.20, 0, 0
2.00, 5.70, 17.17, 17.17, -485.29, 20.00, 4.63, 12.78, 8.13, 0.00, 4.59, 0.00, 119.09, 88.55, 0, 0
2.00, 5.70, 16.90, 16.90, -530.42, 20.00, 4.63, 11.67, 7.03, 0.00, 0.00, 0.00, 0.00, 90.00, 0, 0
2.00, 5.70, 16.67, 16.67, -563.91, 20.00, 4.63, 11.11, 6.42, 0.00, 0.00, 0.00, 0.00, 90.00, 0, 0
2.00, 5.70, 16.40, 16.40, -603.92, 20.00, 4.63, 10.56, 5.93, 0.00, 0.00, 0.00, 0.00, 90.00, 0, 0
2.00, 5.70, 16.10, 16.10, -649.56, 20.00, 4.63, 9.44, 4.83, 0.00, 0.00, 0.00, 0.00, 90.00, 0, 0
2.00, 5.70, 15.81, 15.81, -691.13, 20.00, 4.63, 8.89, 4.23, 0.00, 0.00, 0.00, 0.00, 90.00, 0, 0
2.00, 5.70, 15.51, 15.51, -731.83, 20.00, 4.63, 8.33, 3.62, 0.00, 0.00, 0.00, 0.00, 90.00, 0, 0
2.00, 5.70, 15.17, 15.17, -779.40, 20.00, 4.63, 7.22, 2.53, 0.00, 0.00, 0.00, 0.00, 90.00, 0, 0
2.00, 5.70, 14.84, 14.84, -823.15, 20.00, 4.63, 6.67, 1.93, 0.00, 0.00, 0.00, 0.00, 90.00, 0, 0
2.00, 5.70, 14.47, 14.47, -872.72, 20.00, 4.63, 5.56, 0.95, 0.00, 0.00, 0.00, 0.00, 90.00, 0, 0
2.00, 5.70, 14.35, 14.35, -867.58, 20.00, 4.63, 6.67, 2.04, 0.00, 15.29, 72.23, -114.40, 83.35, 0, 0
2.00, 5.70, 14.53, 14.53, -803.65, 20.00, 4.63, 8.33, 3.62, 1.14, 46.21, 64.43, -105.42, 72.66, 0, 0
2.00, 5.70, 15.06, 15.06, -677.49, 20.00, 4.63, 10.56, 5.81, 28.42, 92.08, 59.08, -96.53, 61.51, 0, 0
2.00, 5.70, 15.60, 15.60, -560.70, 20.00, 4.63, 12.22, 7.52, 44.09, 121.28, 56.89, -86.95, 50.15, 0, 0
2.00, 5.70, 16.19, 16.19, -442.65, 20.00, 4.63, 13.33, 8.63, 57.09, 150.54, 58.23, -75.36, 38.92, 0, 0
2.00, 5.70, 16.75, 16.75, -342.39, 20.00, 4.63, 14.44, 9.60, 52.62, 170.40, 62.85, -58.90, 28.43, 0, 0
2.00, 5.70, 17.22, 17.22, -266.29, 20.00, 4.63, 15.56, 10.71, 45.30, 177.20, 70.11, -31.23, 20.28, 0, 0
2.00, 5.70, 17.60, 17.60, -212.95, 20.00, 4.63, 16.11, 11.19, 27.88, 179.58, 79.28, 11.17, 18.21, 0, 0
2.00, 5.70, 17.55, 17.55, -250.43, 20.00, 4.63, 16.11, 11.19, 0.19, 141.57, 89.75, 47.07, 23.90, 0, 0
2.00, 5.70, 17.76, 17.76, -224.72, 20.00, 4.63, 16.11, 11.19, 0.00, 139.14, 0.00, 68.06, 33.54, 0, 0
2.00, 5.70, 18.28, 18.28, -136.14, 20.00, 4.63, 16.11, 11.19, 0.00, 134.60, 0.00, 81.55, 44.52, 0, 0
2.00, 5.70, 18.12, 18.12, -196.12, 20.00, 4.63, 15.56, 10.71, 0.00, 93.00, 0.00, 90.00, 55.86, 0, 0
2.00, 5.70, 17.72, 17.72, -297.98, 20.00, 4.63, 14.44, 9.60, 0.00, 58.34, 0.00, 101.02, 67.15, 0, 0
2.00, 5.70, 17.27, 17.27, -396.18, 20.00, 4.63, 13.33, 8.50, 0.00, 26.60, 0.00, 109.88, 78.10, 0, 0
2.00, 5.70, 16.83, 16.83, -485.70, 20.00, 4.63, 12.22, 7.40, 0.00, 4.59, 0.00, 119.13, 88.45, 0, 0
2.00, 5.70, 16.52, 16.52, -538.22, 20.00, 4.63, 11.11, 6.18, 0.00, 0.00, 0.00, 0.00, 90.00, 0, 0
2.00, 5.70, 16.25, 16.25, -581.50, 20.00, 4.63, 10.00, 5.08, 0.00, 0.00, 0.00, 0.00, 90.00, 0, 0
2.00, 5.70, 15.89, 15.89, -640.94, 20.00, 4.63, 8.33, 3.50, 0.00, 0.00, 0.00, 0.00, 90.00, 0, 0
2.00, 5.70, 15.50, 15.50, -704.07, 20.00, 4.63, 6.67, 1.81, 0.00, 0.00, 0.00, 0.00, 90.00, 0, 0
2.00, 5.70, 15.14, 15.14, -756.54, 20.00, 4.63, 6.11, 1.21, 0.00, 0.00, 0.00, 0.00, 90.00, 0, 0
2.00, 5.70, 14.75, 14.75, -813.37, 20.00, 4.63, 5.00, 0.13, 0.00, 0.00, 0.00, 0.00, 90.00, 0, 0
2.00, 5.70, 14.33, 14.33, -873.11, 20.00, 4.63, 3.89, -1.07, 0.00, 0.00, 0.00, 0.00, 90.00, 0, 0
2.00, 5.70, 13.89, 13.89, -934.92, 20.00, 4.63, 2.78, -2.14, 0.00, 0.00, 0.00, 0.00, 90.00, 0, 0
2.00, 5.70, 13.39, 13.39, -1005.39, 20.00, 4.63, 1.11, -3.70, 0.00, 0.00, 0.00, 0.00, 90.00, 0, 0
2.00, 5.70, 13.39, 13.39, -968.31, 20.00, 4.63, 2.78, -2.14, 0.00, 36.70, 72.33, -114.50, 83.32, 0, 0
2.00, 5.70, 13.36, 13.36, -947.30, 20.00, 4.63, 4.44, -0.47, 8.17, 46.14, 64.53, -105.52, 72.64, 0, 0
2.00, 5.70, 13.76, 13.76, -839.69, 20.00, 4.63, 6.67, 1.69, 48.74, 85.14, 59.19, -96.64, 61.49, 0, 0
2.00, 5.70, 14.47, 14.47, -679.09, 20.00, 4.63, 8.33, 3.39, 149.44, 120.50, 56.99, -87.08, 50.13, 0, 0
2.00, 5.70, 15.35, 15.35, -499.93, 20.00, 4.63, 10.00, 5.08, 223.76, 155.98, 58.31, -75.52, 38.90, 0, 0
2.00, 5.70, 16.08, 16.08, -365.56, 20.00, 4.63, 11.11, 6.18, 202.60, 183.77, 62.92, -59.10, 28.40, 0, 0
2.00, 5.70, 16.76, 16.76, -251.26, 20.00, 4.63, 12.22, 7.27, 202.64, 199.11, 70.16, -31.46, 20.21, 0, 0
2.00, 5.70, 17.14, 17.14, -207.19, 20.00, 4.63, 13.33, 8.23, 132.84, 198.36, 79.31, 11.08, 18.11, 0, 0
2.00, 5.70, 17.22, 17.22, -223.47, 20.00, 4.63, 13.89, 8.85, 2.12, 194.30, 89.77, 47.13, 23.80, 0, 0
2.00, 5.70, 18.05, 18.05, -77.40, 20.00, 4.63, 13.89, 8.85, 0.00, 170.83, 0.00, 68.14, 33.45, 0, 0
2.00, 5.70, 19.19, 19.19, 123.88, 20.00, 4.63, 13.89, 8.85, 0.00, 138.99, 0.00, 81.63, 44.43, 0, 0
2.00, 5.70, 20.09, 20.09, 256.51, 20.00, 4.63, 13.33, 8.23, 0.00, 108.98, 0.00, 90.00, 55.77, 0, 0
2.00, 5.70, 19.62, 19.62, 99.26, 20.00, 4.63, 11.67, 6.66, 0.00, 69.15, 0.00, 101.07, 67.06, 0, 0
2.00, 5.70, 18.19, 18.19, -237.19, 20.00, 4.63, 10.00, 5.08, 0.00, 25.25, 0.00, 109.92, 78.01, 0, 0
2.00, 5.70, 17.18, 17.18, -447.91, 20.00, 4.63, 8.89, 3.99, 0.00, 4.59, 0.00, 119.17, 88.35, 0, 0
2.00, 5.70, 16.70, 16.70, -530.20, 20.00, 4.63, 7.78, 2.78, 0.00, 0.00, 0.00, 0.00, 90.00, 0, 0
2.00, 5.70, 16.30, 16.30, -592.94, 20.00, 4.63, 6.67, 1.69, 0.00, 0.00, 0.00, 0.00, 90.00, 0, 0
2.00, 5.70, 15.85, 15.85, -664.31, 20.00, 4.63, 5.56, 0.61, 0.00, 0.00, 0.00, 0.00, 90.00, 0, 0
2.00, 5.70, 15.36, 15.36, -741.96, 20.00, 4.63, 3.89, -1.07, 0.00, 0.00, 0.00, 0.00, 90.00, 0, 0
2.00, 5.70, 14.93, 14.93, -801.81, 20.00, 4.63, 3.89, -1.07, 0.00, 0.00, 0.00, 0.00, 90.00, 0, 0
2.00, 5.70, 14.53, 14.53, -855.22, 20.00, 4.63, 3.89, -1.07, 0.00, 0.00, 0.00, 0.00, 90.00, 0, 0
2.00, 5.70, 14.13, 14.13, -905.05, 20.00, 4.63, 3.89, -1.07, 0.00, 0.00, 0.00, 0.00, 90.00, 0, 0
2.00, 5.70, 13.71, 13.71, -959.30, 20.00, 4.63, 3.33, -1.55, 0.00, 0.00, 0.00, 0.00, 90.00, 0, 0
2.00, 5.70, 13.32, 13.32, -1006.80, 20.00, 4.63, 3.33, -1.55, 0.00, 0.00, 0.00, 0.00, 90.00, 0, 0
2.00, 5.70, 13.15, 13.15, -1006.75, 20.00, 4.63, 4.44, -0.47, 0.00, 15.29, 72.42, -114.60, 83.30, 0, 0
2.00, 5.70, 13.29, 13.29, -944.16, 20.00, 4.63, 6.11, 1.21, 1.28, 48.43, 64.63, -105.62, 72.62, 0, 0
2.00, 5.70, 13.67, 13.67, -842.89, 20.00, 4.63, 7.78, 2.90, 9.55, 89.41, 59.28, -96.75, 61.47, 0, 0
2.00, 5.70, 14.10, 14.10, -742.44, 20.00, 4.63, 9.44, 4.47, 24.58, 116.66, 57.08, -87.21, 50.12, 0, 0
2.00, 5.70, 15.02, 15.02, -548.57, 20.00, 4.63, 11.67, 6.66, 135.26, 156.82, 58.38, -75.67, 38.88, 0, 0
2.00, 5.70, 15.94, 15.94, -371.05, 20.00, 4.63, 13.89, 8.85, 160.68, 189.05, 62.98, -59.30, 28.36, 0, 0
2.00, 5.70, 16.55, 16.55, -274.23, 20.00, 4.63, 15.00, 9.95, 112.89, 199.98, 70.21, -31.68, 20.15, 0, 0
2.00, 5.70, 17.02, 17.02, -209.56, 20.00, 4.63, 16.11, 11.06, 81.92, 201.19, 79.34, 10.99, 18.02, 0, 0
2.00, 5.70, 17.17, 17.17, -212.99, 20.00, 4.63, 16.67, 11.68, 0.67, 183.29, 89.79, 47.17, 23.70, 0, 0
2.00, 5.70, 17.74, 17.74, -122.34, 20.00, 4.63, 17.22, 12.16, 0.00, 174.12, 0.00, 68.21, 33.36, 0, 0
2.00, 5.70, 18.68, 18.68, 38.74, 20.00, 4.63, 17.22, 12.16, 0.00, 143.82, 0.00, 81.69, 44.34, 0, 0
2.00, 5.70, 19.55, 19.55, 172.80, 20.00, 4.63, 16.67, 11.68, 0.00, 108.37, 0.00, 90.00, 55.68, 0, 0
2.00, 5.70, 19.69, 19.69, 147.28, 20.00, 4.63, 16.11, 11.19, 0.00, 70.02, 0.00, 101.12, 66.97, 0, 0
2.00, 5.70, 18.86, 18.86, -71.24, 20.00, 4.63, 14.44, 9.60, 0.00, 30.84, 0.00, 109.97, 77.92, 0, 0
2.00, 5.70, 17.70, 17.70, -330.47, 20.00, 4.63, 13.33, 8.50, 0.00, 7.65, 0.00, 119.20, 88.26, 0, 0
2.00, 5.70, 17.30, 17.30, -406.66, 20.00, 4.63, 12.22, 7.40, 0.00, 0.00, 0.00, 0.00, 90.00, 0, 0
2.00, 5.70, 17.04, 17.04, -451.42, 20.00, 4.63, 11.67, 6.78, 0.00, 0.00, 0.00, 0.00, 90.00, 0, 0
2.00, 5.70, 16.73, 16.73, -503.05, 20.00, 4.63, 10.56, 5.69, 0.00, 0.00, 0.00, 0.00, 90.00, 0, 0
2.00, 5.70, 16.41, 16.41, -556.15, 20.00, 4.63, 9.44, 4.60, 0.00, 0.00, 0.00, 0.00, 90.00, 0, 0
2.00, 5.70, 16.10, 16.10, -604.68, 20.00, 4.63, 8.89, 3.99, 0.00, 0.00, 0.00, 0.00, 90.00, 0, 0
2.00, 5.70, 15.75, 15.75, -659.42, 20.00, 4.63, 7.78, 2.90, 0.00, 0.00, 0.00, 0.00, 90.00, 0, 0
2.00, 5.70, 15.41, 15.41, -709.85, 20.00, 4.63, 7.22, 2.41, 0.00, 0.00, 0.00, 0.00, 90.00, 0, 0
2.00, 5.70, 15.06, 15.06, -759.43, 20.00, 4.63, 6.67, 1.81, 0.00, 0.00, 0.00, 0.00, 90.00, 0, 0
2.00, 5.70, 14.67, 14.67, -815.65, 20.00, 4.63, 5.56, 0.73, 0.00, 0.00, 0.00, 0.00, 90.00, 0, 0
2.00, 5.70, 14.46, 14.46, -832.48, 20.00, 4.63, 6.11, 1.33, 0.00, 10.71, 72.51, -114.69, 83.28, 0, 0
2.00, 5.70, 14.58, 14.58, -779.87, 20.00, 4.63, 7.78, 3.02, 0.71, 41.55, 64.72, -105.72, 72.61, 0, 0
2.00, 5.70, 14.94, 14.94, -688.48, 20.00, 4.63, 9.44, 4.72, 5.47, 80.79, 59.37, -96.86, 61.46, 0, 0
2.00, 5.70, 15.29, 15.29, -606.67, 20.00, 4.63, 10.56, 5.81, 10.00, 107.85, 57.16, -87.33, 50.11, 0, 0
2.00, 5.70, 15.82, 15.82, -497.95, 20.00, 4.63, 12.22, 7.40, 29.05, 137.84, 58.45, -75.82, 38.87, 0, 0
2.00, 5.70, 16.40, 16.40, -385.26, 20.00, 4.63, 13.33, 8.50, 47.04, 164.59, 63.03, -59.48, 28.34, 0, 0
2.00, 5.70, 17.18, 17.18, -241.40, 20.00, 4.63, 15.00, 10.09, 94.97, 190.44, 70.25, -31.90, 20.10, 0, 0
2.00, 5.70, 17.86, 17.86, -130.46, 20.00, 4.63, 16.67, 11.82, 100.61, 200.42, 79.37, 10.89, 17.93, 0, 0
2.00, 5.70, 18.15, 18.15, -105.00, 20.00, 4.63, 17.78, 12.93, 1.49, 194.85, 89.80, 47.21, 23.61, 0, 0
2.00, 5.70, 18.93, 18.93, 25.44, 20.00, 4.63, 18.33, 13.41, 0.00, 177.53, 0.00, 68.27, 33.27, 0, 0
2.00, 5.70, 19.14, 19.14, 25.24, 20.00, 4.63, 18.33, 13.41, 0.00, 138.17, 0.00, 81.75, 44.26, 0, 0
2.00, 5.70, 19.08, 19.08, -23.82, 20.00, 4.63, 17.78, 12.93, 0.00, 106.18, 0.00, 90.00, 55.60, 0, 0
2.00, 5.70, 19.70, 19.70, 78.92, 20.00, 4.63, 17.22, 12.30, 0.00, 71.91, 0.00, 101.16, 66.89, 0, 0
2.00, 5.70, 20.52, 20.52, 214.48, 20.00, 4.63, 16.11, 11.33, 0.00, 32.61, 0.00, 110.00, 77.84, 0, 0
2.00, 5.70, 18.63, 18.63, -227.05, 20.00, 4.63, 15.00, 10.22, 0.00, 13.76, 0.00, 119.23, 88.17, 0, 0
2.00, 5.70, 18.17, 18.17, -318.68, 20.00, 4.63, 13.89, 9.12, 0.00, 0.00, 0.00, 0.00, 90.00, 0, 0
2.00, 5.70, 17.87, 17.87, -373.52, 20.00, 4.63, 12.78, 8.01, 0.00, 0.00, 0.00, 0.00, 90.00, 0, 0
2.00, 5.70, 17.59, 17.59, -420.18, 20.00, 4.63, 12.22, 7.40, 0.00, 0.00, 0.00, 0.00, 90.00, 0, 0
2.00, 5.70, 17.29, 17.29, -470.10, 20.00, 4.63, 11.11, 6.30, 0.00, 0.00, 0.00, 0.00, 90.00, 0, 0
2.00, 5.70, 16.97, 16.97, -522.85, 20.00, 4.63, 10.00, 5.20, 0.00, 0.00, 0.00, 0.00, 90.00, 0, 0
2.00, 5.70, 16.66, 16.66, -571.18, 20.00, 4.63, 9.44, 4.60, 0.00, 0.00, 0.00, 0.00, 90.00, 0, 0
2.00, 5.70, 16.30, 16.30, -625.58, 20.00, 4.63, 8.33, 3.50, 0.00, 0.00, 0.00, 0.00, 90.00, 0, 0
2.00, 5.70, 15.93, 15.93, -682.53, 20.00, 4.63, 7.22, 2.53, 0.00, 0.00, 0.00, 0.00, 90.00, 0, 0
2.00, 5.70, 15.56, 15.56, -734.56, 20.00, 4.63, 6.67, 1.93, 0.00, 0.00, 0.00, 0.00, 90.00, 0, 0
2.00, 5.70, 15.34, 15.34, -753.11, 20.00, 4.63, 7.22, 2.53, 0.00, 9.18, 72.60, -114.78, 83.26, 0, 0
2.00, 5.70, 15.51, 15.51, -694.40, 20.00, 4.63, 8.89, 4.11, 1.42, 44.20, 64.81, -105.81, 72.60, 0, 0
2.00, 5.70, 15.99, 15.99, -576.13, 20.00, 4.63, 11.11, 6.42, 24.81, 90.75, 59.46, -96.96, 61.46, 0, 0
2.00, 5.70, 16.80, 16.80, -404.23, 20.00, 4.63, 13.89, 9.12, 108.74, 130.76, 58.91, -90.00, 50.11, 0, 0
2.00, 5.70, 17.70, 17.70, -229.54, 20.00, 4.63, 16.11, 11.33, 174.53, 159.38, 58.52, -75.96, 38.86, 0, 0
2.00, 5.70, 18.62, 18.62, -63.62, 20.00, 4.63, 18.33, 13.55, 201.54, 182.63, 63.08, -59.66, 28.32, 0, 0
2.00, 5.70, 19.35, 19.35, 49.49, 20.00, 4.63, 19.44, 14.66, 185.05, 193.38, 70.28, -32.12, 20.05, 0, 0
2.00, 5.70, 19.91, 19.91, 121.92, 20.00, 4.63, 21.11, 16.27, 118.17, 200.23, 79.39, 10.78, 17.85, 0, 0
2.00, 5.70, 20.14, 20.14, 124.17, 20.00, 4.63, 21.67, 16.76, 1.40, 194.75, 89.81, 47.23, 23.52, 0, 0
2.00, 5.70, 20.97, 20.97, 258.67, 20.00, 4.63, 22.22, 17.39, 0.00, 172.85, 0.00, 68.32, 33.19, 0, 0
2.00, 5.70, 22.21, 22.21, 468.67, 20.00, 4.63, 22.22, 17.39, 0.00, 146.13, 0.00, 81.80, 44.18, 0, 0
2.00, 5.70, 22.71, 22.71, 509.24, 20.00, 4.63, 21.67, 16.76, 0.00, 112.17, 0.00, 90.00, 55.52, 0, 0
2.00, 5.70, 23.69, 23.69, 652.59, 20.00, 4.63, 20.56, 15.78, 0.00, 77.56, 0.00, 101.20, 66.81, 0, 0
2.00, 5.70, 23.20, 23.20, 480.95, 20.00, 4.63, 18.89, 14.17, 0.00, 33.74, 0.00, 110.03, 77.75, 0, 0
2.00, 5.70, 21.38, 21.38, 56.23, 20.00, 4.63, 17.78, 13.06, 0.00, 7.65, 0.00, 119.25, 88.09, 0, 0
2.00, 5.70, 20.90, 20.90, -42.36, 20.00, 4.63, 16.11, 11.45, 0.00, 0.00, 0.00, 0.00, 90.00, 0, 0
2.00, 5.70, 20.57, 20.57, -104.43, 20.00, 4.63, 15.00, 10.34, 0.00, 0.00, 0.00, 0.00, 90.00, 0, 0
2.00, 5.70, 20.25, 20.25, -164.14, 20.00, 4.63, 13.89, 9.12, 0.00, 0.00, 0.00, 0.00, 90.00, 0, 0
2.00, 5.70, 19.88, 19.88, -230.81, 20.00, 4.63, 12.22, 7.52, 0.00, 0.00, 0.00, 0.00, 90.00, 0, 0
2.00, 5.70, 19.53, 19.53, -288.77, 20.00, 4.63, 11.67, 6.91, 0.00, 0.00, 0.00, 0.00, 90.00, 0, 0
2.00, 5.70, 19.15, 19.15, -352.06, 20.00, 4.63, 10.56, 5.81, 0.00, 0.00, 0.00, 0.00, 90.00, 0, 0
2.00, 5.70, 18.74, 18.74, -418.04, 20.00, 4.63, 9.44, 4.72, 0.00, 0.00, 0.00, 0.00, 90.00, 0, 0
2.00, 5.70, 18.34, 18.34, -478.61, 20.00, 4.63, 8.89, 4.23, 0.00, 0.00, 0.00, 0.00, 90.00, 0, 0
2.00, 5.70, 17.90, 17.90, -544.52, 20.00, 4.63, 7.78, 3.13, 0.00, 0.00, 0.00, 0.00, 90.00, 0, 0
2.00, 5.70, 17.76, 17.76, -546.27, 20.00, 4.63, 8.89, 4.23, 0.00, 19.88, 72.68, -114.86, 83.25, 0, 0
2.00, 5.70, 17.90, 17.90, -493.17, 20.00, 4.63, 10.56, 5.93, 2.07, 52.95, 64.89, -105.90, 72.60, 0, 0
2.00, 5.70, 18.32, 18.32, -388.88, 20.00, 4.63, 12.78, 8.13, 13.29, 95.95, 59.53, -97.05, 61.46, 0, 0
2.00, 5.70, 18.90, 18.90, -264.00, 20.00, 4.63, 14.44, 9.85, 65.05, 129.83, 58.91, -90.00, 50.11, 0, 0
2.00, 5.70, 19.68, 19.68, -107.36, 20.00, 4.63, 16.67, 12.07, 130.21, 160.27, 58.57, -76.09, 38.86, 0, 0
2.00, 5.70, 20.48, 20.48, 38.30, 20.00, 4.63, 18.33, 13.68, 144.26, 188.50, 63.12, -59.83, 28.31, 0, 0
2.00, 5.70, 21.20, 21.20, 155.44, 20.00, 4.63, 19.44, 14.79, 167.12, 199.14, 70.30, -32.33, 20.01, 0, 0
2.00, 5.70, 21.72, 21.72, 226.14, 20.00, 4.63, 21.11, 16.41, 114.17, 203.03, 79.40, 10.66, 17.78, 0, 0
2.00, 5.70, 21.92, 21.92, 227.84, 20.00, 4.63, 21.67, 16.90, 1.02, 196.70, 89.82, 47.24, 23.44, 0, 0
2.00, 5.70, 22.39, 22.39, 291.55, 20.00, 4.63, 21.67, 17.03, 0.00, 172.52, 0.00, 68.36, 33.11, 0, 0
2.00, 5.70, 22.66, 22.66, 309.22, 20.00, 4.63, 21.11, 16.41, 0.00, 143.39, 0.00, 81.84, 44.10, 0, 0
2.00, 5.70, 22.75, 22.75, 293.87, 20.00, 4.63, 20.56, 15.91, 0.00, 112.68, 0.00, 90.00, 55.45, 0, 0
2.00, 5.70, 23.26, 23.26, 369.58, 20.00, 4.63, 19.44, 14.91, 0.00, 72.01, 0.00, 101.23, 66.73, 0, 0
2.00, 5.70, 23.85, 23.85, 456.89, 20.00, 4.63, 18.33, 13.79, 0.00, 32.77, 0.00, 110.05, 77.67, 0, 0
2.00, 5.70, 21.99, 21.99, 26.87, 20.00, 4.63, 17.22, 12.68, 0.00, 13.76, 0.00, 119.27, 88.01, 0, 0
2.00, 5.70, 21.49, 21.49, -71.19, 20.00, 4.63, 16.11, 11.57, 0.00, 0.00, 0.00, 0.00, 90.00, 0, 0
2.00, 5.70, 21.17, 21.17, -125.51, 20.00, 4.63, 15.56, 11.07, 0.00, 0.00, 0.00, 0.00, 90.00, 0, 0
2.00, 5.70, 20.84, 20.84, -181.47, 20.00, 4.63, 14.44, 9.96, 0.00, 0.00, 0.00, 0.00, 90.00, 0, 0
2.00, 5.70, 20.50, 20.50, -237.98, 20.00, 4.63, 13.33, 8.85, 0.00, 0.00, 0.00, 0.00, 90.00, 0, 0
2.00, 5.70, 20.20, 20.20, -282.14, 20.00, 4.63, 13.33, 8.85, 0.00, 0.00, 0.00, 0.00, 90.00, 0, 0
2.00, 5.70, 19.88, 19.88, -329.29, 20.00, 4.63, 12.78, 8.25, 0.00, 0.00, 0.00, 0.00, 90.00, 0, 0
2.00, 5.70, 19.56, 19.56, -377.05, 20.00, 4.63, 12.22, 7.75, 0.00, 0.00, 0.00, 0.00, 90.00, 0, 0
2.00, 5.70, 19.22, 19.22, -425.19, 20.00, 4.63, 11.67, 7.14, 0.00, 0.00, 0.00, 0.00, 90.00, 0, 0
2.00, 5.70, 18.88, 18.88, -472.77, 20.00, 4.63, 11.11, 6.64, 0.00, 0.00, 0.00, 0.00, 90.00, 0, 0
2.00, 5.70, 18.86, 18.86, -450.56, 20.00, 4.63, 12.78, 8.35, 0.00, 21.41, 72.76, -114.94, 83.25, 0, 0
2.00, 5.70, 19.08, 19.08, -383.70, 20.00, 4.63, 15.00, 10.57, 4.27, 51.74, 64.97, -105.98, 72.60, 0, 0
2.00, 5.70, 19.66, 19.66, -249.67, 20.00, 4.63, 17.78, 13.40, 52.07, 93.32, 59.61, -97.14, 61.46, 0, 0
2.00, 5.70, 20.53, 20.53, -70.83, 20.00, 4.63, 20.56, 16.14, 143.68, 126.33, 58.91, -90.00, 50.11, 0, 0
2.00, 5.70, 21.52, 21.52, 117.48, 20.00, 4.63, 22.22, 17.76, 206.41, 159.79, 58.62, -76.21, 38.86, 0, 0
2.00, 5.70, 22.35, 22.35, 256.74, 20.00, 4.63, 23.89, 19.39, 154.81, 188.31, 63.15, -59.99, 28.30, 0, 0
2.00, 5.70, 22.98, 22.98, 348.02, 20.00, 4.63, 24.44, 20.01, 116.14, 200.67, 70.32, -32.53, 19.98, 0, 0
2.00, 5.70, 23.45, 23.45, 400.01, 20.00, 4.63, 25.00, 20.52, 50.55, 206.83, 79.41, 10.54, 17.71, 0, 0
2.00, 5.70, 23.69, 23.69, 407.42, 20.00, 4.63, 25.56, 21.02, 0.60, 192.20, 89.82, 47.23, 23.37, 0, 0
2.00, 5.70, 24.28, 24.28, 491.63, 20.00, 4.63, 25.56, 21.14, 0.00, 174.77, 0.00, 68.39, 33.04, 0, 0
2.00, 5.70, 25.05, 25.05, 607.95, 20.00, 4.63, 25.56, 21.02, 0.00, 146.13, 0.00, 81.87, 44.03, 0, 0
2.00, 5.70, 25.27, 25.27, 603.65, 20.00, 4.63, 25.00, 20.52, 0.00, 111.42, 0.00, 90.00, 55.37, 0, 0
2.00, 5.70, 24.70, 24.70, 438.83, 20.00, 4.63, 23.33, 18.89, 0.00, 64.14, 0.00, 101.25, 66.66, 0, 0
2.00, 5.70, 24.11, 24.11, 290.84, 20.00, 4.63, 21.67, 17.26, 0.00, 30.27, 0.00, 110.07, 77.60, 0, 0
2.00, 5.70, 23.54, 23.54, 163.82, 20.00, 4.63, 20.56, 16.24, 0.00, 6.12, 0.00, 119.28, 87.93, 0, 0
2.00, 5.70, 23.24, 23.24, 103.00, 20.00, 4.63, 19.44, 15.12, 0.00, 0.00, 0.00, 0.00, 90.00, 0, 0
2.00, 5.70, 22.99, 22.99, 56.04, 20.00, 4.63, 18.33, 14.01, 0.00, 0.00, 0.00, 0.00, 90.00, 0, 0
2.00, 5.70, 22.71, 22.71, 5.59, 20.00, 4.63, 17.22, 12.89, 0.00, 0.00, 0.00, 0.00, 90.00, 0, 0
2.00, 5.70, 22.41, 22.41, -47.47, 20.00, 4.63, 16.11, 11.78, 0.00, 0.00, 0.00, 0.00, 90.00, 0, 0
2.00, 5.70, 22.11, 22.11, -96.47, 20.00, 4.63, 15.56, 11.17, 0.00, 0.00, 0.00, 0.00, 90.00, 0, 0
2.00, 5.70, 21.78, 21.78, -151.88, 20.00, 4.63, 14.44, 10.16, 0.00, 0.00, 0.00, 0.00, 90.00, 0, 0
2.00, 5.70, 21.44, 21.44, -203.64, 20.00, 4.63, 13.89, 9.56, 0.00, 0.00, 0.00, 0.00, 90.00, 0, 0
2.00, 5.70, 21.10, 21.10, -254.39, 20.00, 4.63, 13.33, 9.05, 0.00, 0.00, 0.00, 0.00, 90.00, 0, 0
2.00, 5.70, 20.76, 20.76, -304.83, 20.00, 4.63, 12.78, 8.45, 0.00, 0.00, 0.00, 0.00, 90.00, 0, 0
2.00, 5.70, 20.77, 20.77, -277.06, 20.00, 4.63, 14.44, 10.16, 0.00, 26.00, 72.83, -115.01, 83.25, 0, 0
2.00, 5.70, 20.59, 20.59, -296.32, 20.00, 4.63, 14.44, 10.16, 0.30, 23.83, 65.04, -106.05, 72.60, 0, 0
2.00, 5.70, 20.63, 20.63, -269.45, 20.00, 4.63, 15.00, 10.76, 0.00, 45.88, 59.67, -97.22, 61.47, 0, 0
2.00, 5.70, 20.76, 20.76, -229.88, 20.00, 4.63, 15.56, 11.36, 0.49, 68.10, 58.90, -90.00, 50.12, 0, 0
2.00, 5.70, 21.13, 21.13, -142.60, 20.00, 4.63, 16.67, 12.38, 6.08, 105.52, 58.66, -76.33, 38.87, 0, 0
2.00, 5.70, 21.57, 21.57, -50.78, 20.00, 4.63, 17.78, 13.50, 9.90, 135.40, 63.18, -60.15, 28.29, 0, 0
2.00, 5.70, 21.60, 21.60, -54.21, 20.00, 4.63, 18.33, 14.01, 3.49, 115.06, 70.34, -32.72, 19.95, 0, 0
2.00, 5.70, 21.67, 21.67, -44.88, 20.00, 4.63, 18.89, 14.51, 2.69, 109.35, 79.42, 10.41, 17.65, 0, 0
2.00, 5.70, 21.92, 21.92, 2.66, 20.00, 4.63, 18.89, 14.51, 0.06, 127.86, 89.81, 47.22, 23.29, 0, 0
2.00, 5.70, 21.96, 21.96, 1.23, 20.00, 4.63, 19.44, 15.02, 0.00, 109.05, 0.00, 68.41, 32.97, 0, 0
2.00, 5.70, 21.69, 21.69, -63.26, 20.00, 4.63, 18.89, 14.51, 0.00, 70.26, 0.00, 81.89, 43.96, 0, 0
2.00, 5.70, 21.82, 21.82, -35.37, 20.00, 4.63, 18.89, 14.61, 0.00, 75.16, 0.00, 90.00, 55.30, 0, 0
2.00, 5.70, 21.54, 21.54, -95.64, 20.00, 4.63, 18.33, 14.01, 0.00, 43.84, 0.00, 101.27, 66.59, 0, 0
2.00, 5.70, 21.29, 21.29, -146.08, 20.00, 4.63, 17.78, 13.50, 0.00, 24.30, 0.00, 110.08, 77.53, 0, 0
2.00, 5.70, 20.86, 20.86, -227.49, 20.00, 4.63, 16.67, 12.38, 0.00, 6.12, 0.00, 119.28, 87.86, 0, 0
2.00, 5.70, 20.58, 20.58, -271.04, 20.00, 4.63, 16.11, 11.87, 0.00, 0.00, 0.00, 0.00, 90.00, 0, 0
2.00, 5.70, 20.35, 20.35, -301.77, 20.00, 4.63, 15.56, 11.27, 0.00, 0.00, 0.00, 0.00, 90.00, 0, 0
2.00, 5.70, 20.07, 20.07, -342.74, 20.00, 4.63, 14.44, 10.16, 0.00, 0.00, 0.00, 0.00, 90.00, 0, 0
2.00, 5.70, 19.80, 19.80, -379.04, 20.00, 4.63, 13.89, 9.56, 0.00, 0.00, 0.00, 0.00, 90.00, 0, 0
2.00, 5.70, 19.53, 19.53, -414.36, 20.00, 4.63, 13.33, 9.05, 0.00, 0.00, 0.00, 0.00, 90.00, 0, 0
2.00, 5.70, 19.26, 19.26, -450.00, 20.00, 4.63, 12.78, 8.45, 0.00, 0.00, 0.00, 0.00, 90.00, 0, 0
2.00, 5.70, 18.94, 18.94, -493.14, 20.00, 4.63, 11.67, 7.43, 0.00, 0.00, 0.00, 0.00, 90.00, 0, 0
2.00, 5.70, 18.62, 18.62, -532.98, 20.00, 4.63, 11.11, 6.83, 0.00, 0.00, 0.00, 0.00, 90.00, 0, 0
2.00, 5.70, 18.31, 18.31, -572.03, 20.00, 4.63, 10.56, 6.33, 0.00, 0.00, 0.00, 0.00, 90.00, 0, 0
2.00, 5.70, 18.33, 18.33, -539.27, 20.00, 4.63, 12.22, 7.94, 0.00, 22.94, 72.90, -115.08, 83.25, 0, 0
2.00, 5.70, 18.54, 18.54, -473.38, 20.00, 4.63, 13.89, 9.65, 1.07, 50.47, 65.10, -106.12, 72.61, 0, 0
2.00, 5.70, 18.98, 18.98, -367.79, 20.00, 4.63, 15.56, 11.27, 9.51, 89.34, 59.73, -97.29, 61.48, 0, 0
2.00, 5.70, 19.49, 19.49, -257.91, 20.00, 4.63, 17.22, 12.89, 24.26, 118.47, 58.90, -90.00, 50.13, 0, 0
2.00, 5.70, 19.71, 19.71, -216.99, 20.00, 4.63, 17.78, 13.50, 15.58, 117.31, 58.70, -76.43, 38.88, 0, 0
2.00, 5.70, 19.55, 19.55, -258.75, 20.00, 4.63, 17.78, 13.50, 2.96, 82.68, 63.20, -60.29, 28.30, 0, 0
2.00, 5.70, 19.90, 19.90, -186.41, 20.00, 4.63, 17.78, 13.50, 9.58, 115.32, 70.35, -32.91, 19.93, 0, 0
2.00, 5.70, 20.47, 20.47, -76.08, 20.00, 4.63, 18.33, 14.01, 13.43, 153.70, 79.41, 10.27, 17.59, 0, 0
2.00, 5.70, 20.99, 20.99, 15.09, 20.00, 4.63, 19.44, 15.02, 0.38, 173.71, 89.80, 47.19, 23.23, 0, 0
2.00, 5.70, 21.68, 21.68, 137.13, 20.00, 4.63, 20.00, 15.63, 0.00, 173.09, 0.00, 68.42, 32.90, 0, 0
2.00, 5.70, 22.27, 22.27, 227.98, 20.00, 4.63, 20.56, 16.14, 0.00, 147.74, 0.00, 81.91, 43.89, 0, 0
2.00, 5.70, 22.38, 22.38, 215.68, 20.00, 4.63, 20.56, 16.14, 0.00, 108.61, 0.00, 90.00, 55.24, 0, 0
2.00, 5.70, 23.71, 23.71, 462.73, 20.00, 4.63, 20.00, 15.63, 0.00, 77.05, 0.00, 101.28, 66.52, 0, 0
2.00, 5.70, 23.92, 23.92, 455.49, 20.00, 4.63, 19.44, 15.02, 0.00, 37.08, 0.00, 110.09, 77.46, 0, 0
2.00, 5.70, 21.96, 21.96, 0.67, 20.00, 4.63, 18.33, 14.01, 0.00, 10.71, 0.00, 119.28, 87.79, 0, 0
2.00, 5.70, 21.48, 21.48, -91.14, 20.00, 4.63, 17.22, 12.89, 0.00, 0.00, 0.00, 0.00, 90.00, 0, 0
2.00, 5.70, 21.16, 21.16, -146.40, 20.00, 4.63, 16.11, 11.78, 0.00, 0.00, 0.00, 0.00, 90.00, 0, 0
2.00, 5.70, 20.84, 20.84, -198.81, 20.00, 4.63, 15.00, 10.67, 0.00, 0.00, 0.00, 0.00, 90.00, 0, 0
2.00, 5.70, 20.52, 20.52, -250.24, 20.00, 4.63, 13.89, 9.56, 0.00, 0.00, 0.00, 0.00, 90.00, 0, 0
2.00, 5.70, 20.22, 20.22, -296.33, 20.00, 4.63, 13.33, 8.95, 0.00, 0.00, 0.00, 0.00, 90.00, 0, 0
2.00, 5.70, 19.87, 19.87, -348.67, 20.00, 4.63, 12.22, 7.85, 0.00, 0.00, 0.00, 0.00, 90.00, 0, 0
2.00, 5.70, 19.54, 19.54, -396.98, 20.00, 4.63, 11.67, 7.34, 0.00, 0.00, 0.00, 0.00, 90.00, 0, 0
2.00, 5.70, 19.19, 19.19, -444.67, 20.00, 4.63, 11.11, 6.74, 0.00, 0.00, 0.00, 0.00, 90.00, 0, 0
2.00, 5.70, 18.85, 18.85, -491.95, 20.00, 4.63, 10.56, 6.24, 0.00, 0.00, 0.00, 0.00, 90.00, 0, 0
2.00, 5.70, 18.76, 18.76, -482.76, 20.00, 4.63, 11.67, 7.34, 0.00, 18.35, 72.96, -115.14, 83.26, 0, 0
2.00, 5.70, 18.60, 18.60, -492.44, 20.00, 4.63, 12.22, 7.85, 0.08, 18.88, 65.16, -106.19, 72.63, 0, 0
2.00, 5.70, 18.48, 18.48, -497.27, 20.00, 4.63, 12.22, 7.85, 0.00, 26.00, 59.78, -97.36, 61.50, 0, 0
2.00, 5.70, 18.52, 18.52, -466.97, 20.00, 4.63, 12.78, 8.45, 0.00, 47.41, 58.89, -90.00, 50.15, 0, 0
2.00, 5.70, 19.15, 19.15, -320.25, 20.00, 4.63, 14.44, 10.06, 11.23, 114.04, 58.73, -76.53, 38.89, 0, 0
2.00, 5.70, 19.97, 19.97, -148.56, 20.00, 4.63, 16.11, 11.68, 47.35, 166.65, 63.22, -60.42, 28.30, 0, 0
2.00, 5.70, 20.84, 20.84, 17.65, 20.00, 4.63, 18.33, 13.79, 97.43, 195.26, 70.35, -33.09, 19.92, 0, 0
2.00, 5.70, 21.18, 21.18, 58.84, 20.00, 4.63, 19.44, 14.91, 39.22, 184.88, 79.41, 10.13, 17.55, 0, 0
2.00, 5.70, 21.41, 21.41, 79.09, 20.00, 4.63, 20.56, 15.91, 0.41, 175.71, 89.79, 47.16, 23.17, 0, 0
2.00, 5.70, 22.04, 22.04, 186.02, 20.00, 4.63, 21.11, 16.53, 0.00, 175.23, 0.00, 68.41, 32.83, 0, 0
2.00, 5.70, 22.20, 22.20, 187.04, 20.00, 4.63, 21.11, 16.53, 0.00, 134.01, 0.00, 81.92, 43.83, 0, 0
2.00, 5.70, 21.76, 21.76, 68.17, 20.00, 4.63, 20.56, 16.03, 0.00, 87.37, 0.00, 90.00, 55.17, 0, 0
2.00, 5.70, 22.01, 22.01, 106.97, 20.00, 4.63, 20.00, 15.41, 0.00, 63.66, 0.00, 101.28, 66.46, 0, 0
2.00, 5.70, 22.72, 22.72, 239.73, 20.00, 4.63, 19.44, 14.91, 0.00, 34.16, 0.00, 110.09, 77.40, 0, 0
2.00, 5.70, 21.37, 21.37, -73.57, 20.00, 4.63, 18.33, 13.79, 0.00, 13.76, 0.00, 119.28, 87.73, 0, 0
2.00, 5.70, 20.96, 20.96, -150.62, 20.00, 4.63, 17.22, 12.68, 0.00, 0.00, 0.00, 0.00, 90.00, 0, 0
2.00, 5.70, 20.68, 20.68, -197.84, 20.00, 4.63, 16.11, 11.45, 0.00, 0.00, 0.00, 0.00, 90.00, 0, 0
2.00, 5.70, 20.36, 20.36, -252.46, 20.00, 4.63, 14.44, 9.85, 0.00, 0.00, 0.00, 0.00, 90.00, 0, 0
2.00, 5.70, 20.04, 20.04, -302.97, 20.00, 4.63, 13.33, 8.74, 0.00, 0.00, 0.00, 0.00, 90.00, 0, 0
2.00, 5.70, 19.71, 19.71, -354.40, 20.00, 4.63, 12.22, 7.64, 0.00, 0.00, 0.00, 0.00, 90.00, 0, 0
2.00, 5.70, 19.32, 19.32, -414.98, 20.00, 4.63, 10.56, 6.04, 0.00, 0.00, 0.00, 0.00, 90.00, 0, 0
2.00, 5.70, 18.92, 18.92, -474.29, 20.00, 4.63, 9.44, 4.83, 0.00, 0.00, 0.00, 0.00, 90.00, 0, 0
2.00, 5.70, 18.47, 18.47, -541.74, 20.00, 4.63, 7.78, 3.24, 0.00, 0.00, 0.00, 0.00, 90.00, 0, 0
2.00, 5.70, 18.01, 18.01, -607.06, 20.00, 4.63, 6.67, 2.04, 0.00, 0.00, 0.00, 0.00, 90.00, 0, 0
2.00, 5.70, 17.81, 17.81, -616.46, 20.00, 4.63, 7.22, 2.64, 0.00, 18.35, 73.02, -115.20, 83.28, 0, 0
2.00, 5.70, 17.92, 17.92, -562.86, 20.00, 4.63, 9.44, 4.83, 2.80, 48.65, 65.21, -106.25, 72.65, 0, 0
2.00, 5.70, 18.30, 18.30, -460.92, 20.00, 4.63, 11.67, 7.03, 26.15, 87.45, 59.83, -97.43, 61.52, 0, 0
2.00, 5.70, 18.96, 18.96, -314.00, 20.00, 4.63, 13.89, 9.24, 93.07, 124.95, 58.88, -90.00, 50.17, 0, 0
2.00, 5.70, 19.81, 19.81, -139.83, 20.00, 4.63, 16.11, 11.45, 164.55, 158.85, 58.75, -76.62, 38.91, 0, 0
2.00, 5.70, 20.74, 20.74, 34.50, 20.00, 4.63, 17.78, 13.18, 211.81, 188.13, 63.22, -60.54, 28.32, 0, 0
2.00, 5.70, 21.51, 21.51, 163.05, 20.00, 4.63, 19.44, 14.79, 206.92, 201.38, 70.35, -33.27, 19.91, 0, 0
2.00, 5.70, 22.02, 22.02, 229.26, 20.00, 4.63, 21.11, 16.41, 151.05, 200.67, 79.39, 9.98, 17.51, 0, 0
2.00, 5.70, 22.08, 22.08, 201.39, 20.00, 4.63, 22.22, 17.53, 2.73, 185.43, 89.77, 47.11, 23.11, 0, 0
2.00, 5.70, 23.21, 23.21, 406.22, 20.00, 4.63, 22.78, 18.15, 0.00, 167.98, 0.00, 68.40, 32.78, 0, 0
2.00, 5.70, 24.30, 24.30, 586.07, 20.00, 4.63, 22.22, 17.65, 0.00, 142.51, 0.00, 81.91, 43.77, 0, 0
2.00, 5.70, 25.35, 25.35, 743.71, 20.00, 4.63, 21.67, 17.15, 0.00, 103.63, 0.00, 90.00, 55.11, 0, 0
2.00, 5.70, 26.59, 26.59, 934.54, 20.00, 4.63, 20.56, 16.03, 0.00, 66.52, 0.00, 101.28, 66.40, 0, 0
2.00, 5.70, 26.89, 26.89, 917.05, 20.00, 4.63, 18.89, 14.41, 0.00, 31.89, 0.00, 110.08, 77.34, 0, 0
2.00, 5.70, 23.98, 23.98, 239.94, 20.00, 4.63, 17.78, 13.40, 0.00, 16.82, 0.00, 119.27, 87.67, 0, 0
2.00, 5.70, 23.34, 23.34, 114.67, 20.00, 4.63, 17.22, 12.79, 0.00, 0.00, 0.00, 0.00, 90.00, 0, 0
2.00, 5.70, 22.96, 22.96, 48.05, 20.00, 4.63, 16.67, 12.18, 0.00, 0.00, 0.00, 0.00, 90.00, 0, 0
2.00, 5.70, 22.59, 22.59, -16.29, 20.00, 4.63, 15.56, 11.17, 0.00, 0.00, 0.00, 0.00, 90.00, 0, 0
2.00, 5.70, 22.21, 22.21, -80.09, 20.00, 4.63, 14.44, 10.06, 0.00, 0.00, 0.00, 0.00, 90.00, 0, 0
2.00, 5.70, 21.88, 21.88, -131.43, 20.00, 4.63, 14.44, 9.96, 0.00, 0.00, 0.00, 0.00, 90.00, 0, 0
2.00, 5.70, 21.56, 21.56, -177.97, 20.00, 4.63, 14.44, 9.96, 0.00, 0.00, 0.00, 0.00, 90.00, 0, 0
2.00, 5.70, 21.26, 21.26, -221.67, 20.00, 4.63, 14.44, 9.96, 0.00, 0.00, 0.00, 0.00, 90.00, 0, 0
2.00, 5.70, 20.95, 20.95, -263.06, 20.00, 4.63, 14.44, 9.96, 0.00, 0.00, 0.00, 0.00, 90.00, 0, 0
2.00, 5.70, 20.63, 20.63, -308.69, 20.00, 4.63, 13.89, 9.56, 0.00, 0.00, 0.00, 0.00, 90.00, 0, 0
2.00, 5.70, 20.51, 20.51, -310.21, 20.00, 4.63, 15.00, 10.67, 0.00, 12.23, 73.07, -115.25, 83.30, 0, 0
2.00, 5.70, 20.57, 20.57, -276.43, 20.00, 4.63, 16.11, 11.87, 0.00, 33.65, 65.26, -106.30, 72.67, 0, 0
2.00, 5.70, 20.55, 20.55, -264.71, 20.00, 4.63, 16.67, 12.38, 0.00, 39.76, 59.87, -97.48, 61.55, 0, 0
2.00, 5.70, 20.72, 20.72, -215.81, 20.00, 4.63, 17.22, 12.99, 0.48, 65.04, 58.86, -90.00, 50.20, 0, 0
2.00, 5.70, 21.12, 21.12, -125.85, 20.00, 4.63, 18.33, 14.10, 4.30, 101.16, 58.76, -76.70, 38.94, 0, 0
2.00, 5.70, 21.65, 21.65, -16.85, 20.00, 4.63, 19.44, 15.22, 9.84, 136.93, 63.23, -60.66, 28.33, 0, 0
2.00, 5.70, 22.00, 22.00, 43.19, 20.00, 4.63, 20.56, 16.24, 8.69, 140.84, 70.34, -33.43, 19.91, 0, 0
2.00, 5.70, 22.13, 22.13, 55.39, 20.00, 4.63, 21.11, 16.75, 5.38, 125.40, 79.38, 9.83, 17.48, 0, 0
2.00, 5.70, 22.56, 22.56, 132.43, 20.00, 4.63, 21.67, 17.36, 0.26, 151.03, 89.74, 47.05, 23.06, 0, 0
2.00, 5.70, 23.07, 23.07, 219.83, 20.00, 4.63, 22.22, 17.87, 0.00, 156.74, 0.00, 68.38, 32.72, 0, 0
2.00, 5.70, 23.59, 23.59, 301.48, 20.00, 4.63, 22.78, 18.48, 0.00, 140.65, 0.00, 81.90, 43.71, 0, 0
2.00, 5.70, 23.68, 23.68, 291.52, 20.00, 4.63, 22.78, 18.48, 0.00, 104.84, 0.00, 90.00, 55.06, 0, 0
2.00, 5.70, 23.16, 23.16, 156.30, 20.00, 4.63, 22.22, 17.97, 0.00, 50.90, 0.00, 101.27, 66.34, 0, 0
2.00, 5.70, 22.93, 22.93, 100.34, 20.00, 4.63, 21.67, 17.46, 0.00, 26.63, 0.00, 110.07, 77.28, 0, 0
2.00, 5.70, 22.45, 22.45, -3.51, 20.00, 4.63, 20.56, 16.43, 0.00, 7.65, 0.00, 119.25, 87.61, 0, 0
2.00, 5.70, 22.21, 22.21, -47.38, 20.00, 4.63, 20.00, 15.83, 0.00, 0.00, 0.00, 0.00, 90.00, 0, 0
2.00, 5.70, 22.01, 22.01, -80.85, 20.00, 4.63, 18.89, 14.80, 0.00, 0.00, 0.00, 0.00, 90.00, 0, 0
2.00, 5.70, 21.82, 21.82, -111.53, 20.00, 4.63, 18.33, 14.19, 0.00, 0.00, 0.00, 0.00, 90.00, 0, 0
2.00, 5.70, 21.62, 21.62, -141.64, 20.00, 4.63, 17.78, 13.59, 0.00, 0.00, 0.00, 0.00, 90.00, 0, 0
2.00, 5.70, 21.38, 21.38, -179.74, 20.00, 4.63, 16.67, 12.48, 0.00, 0.00, 0.00, 0.00, 90.00, 0, 0
2.00, 5.70, 21.15, 21.15, -215.16, 20.00, 4.63, 16.11, 11.87, 0.00, 0.00, 0.00, 0.00, 90.00, 0, 0
2.00, 5.70, 20.90, 20.90, -250.42, 20.00, 4.63, 15.56, 11.36, 0.00, 0.00, 0.00, 0.00, 90.00, 0, 0
2.00, 5.70, 20.65, 20.65, -286.12, 20.00, 4.63, 15.00, 10.85, 0.00, 0.00, 0.00, 0.00, 90.00, 0, 0
2.00, 5.70, 20.35, 20.35, -329.57, 20.00, 4.63, 13.89, 9.82, 0.00, 0.00, 0.00, 0.00, 90.00, 0, 0
2.00, 5.70, 20.48, 20.48, -280.63, 20.00, 4.63, 15.56, 11.45, 0.00, 32.12, 73.12, -115.30, 83.32, 0, 0
2.00, 5.70, 20.68, 20.68, -225.36, 20.00, 4.63, 17.78, 13.68, 5.05, 51.59, 65.30, -106.35, 72.70, 0, 0
2.00, 5.70, 21.20, 21.20, -110.36, 20.00, 4.63, 20.00, 15.92, 56.54, 83.75, 59.90, -97.53, 61.58, 0, 0
2.00, 5.70, 22.08, 22.08, 68.37, 20.00, 4.63, 22.22, 18.16, 174.28, 114.54, 58.85, -90.00, 50.23, 0, 0
2.00, 5.70, 23.25, 23.25, 291.97, 20.00, 4.63, 23.89, 19.80, 300.38, 148.61, 58.77, -76.77, 38.97, 0, 0
2.00, 5.70, 24.33, 24.33, 479.82, 20.00, 4.63, 25.56, 21.44, 302.87, 178.88, 63.22, -60.76, 28.36, 0, 0
2.00, 5.70, 25.23, 25.23, 616.05, 20.00, 4.63, 27.22, 22.99, 265.13, 194.88, 70.32, -33.59, 19.91, 0, 0
2.00, 5.70, 25.76, 25.76, 669.15, 20.00, 4.63, 28.33, 24.12, 180.05, 192.73, 79.36, 9.67, 17.45, 0, 0
2.00, 5.70, 25.87, 25.87, 637.13, 20.00, 4.63, 28.33, 24.12, 3.39, 187.18, 89.72, 46.97, 23.01, 0, 0
2.00, 5.70, 26.99, 26.99, 825.62, 20.00, 4.63, 28.33, 24.12, 0.00, 164.88, 0.00, 68.35, 32.67, 0, 0
2.00, 5.70, 28.53, 28.53, 1088.04, 20.00, 4.63, 28.33, 24.12, 0.00, 139.69, 0.00, 81.88, 43.66, 0, 0
2.00, 5.70, 29.62, 29.62, 1234.85, 20.00, 4.63, 28.89, 24.63, 0.00, 106.37, 0.00, 90.00, 55.01, 0, 0
2.00, 5.70, 30.56, 30.56, 1345.59, 20.00, 4.63, 28.33, 24.12, 0.00, 74.31, 0.00, 101.26, 66.29, 0, 0
2.00, 5.70, 30.48, 30.48, 1243.34, 20.00, 4.63, 27.22, 23.09, 0.00, 35.39, 0.00, 110.05, 77.23, 0, 0
2.00, 5.70, 28.15, 28.15, 688.54, 20.00, 4.63, 26.11, 21.96, 0.00, 13.76, 0.00, 119.23, 87.57, 0, 0
2.00, 5.70, 27.67, 27.67, 582.30, 20.00, 4.63, 25.56, 21.44, 0.00, 0.00, 0.00, 0.00, 90.00, 0, 0
2.00, 5.70, 27.41, 27.41, 526.18, 20.00, 4.63, 25.00, 20.83, 0.00, 0.00, 0.00, 0.00, 90.00, 0, 0
2.00, 5.70, 27.19, 27.19, 481.78, 20.00, 4.63, 24.44, 20.32, 0.00, 0.00, 0.00, 0.00, 90.00, 0, 0
2.00, 5.70, 26.98, 26.98, 438.47, 20.00, 4.63, 23.89, 19.71, 0.00, 0.00, 0.00, 0.00, 90.00, 0, 0
2.00, 5.70, 26.69, 26.69, 380.01, 20.00, 4.63, 22.22, 18.07, 0.00, 0.00, 0.00, 0.00, 90.00, 0, 0
2.00, 5.70, 26.38, 26.38, 321.59, 20.00, 4.63, 21.11, 16.95, 0.00, 0.00, 0.00, 0.00, 90.00, 0, 0
2.00, 5.70, 26.01, 26.01, 254.90, 20.00, 4.63, 19.44, 15.31, 0.00, 0.00, 0.00, 0.00, 90.00, 0, 0
2.00, 5.70, 25.64, 25.64, 191.06, 20.00, 4.63, 18.33, 14.19, 0.00, 0.00, 0.00, 0.00, 90.00, 0, 0
2.00, 5.70, 25.23, 25.23, 119.96, 20.00, 4.63, 16.67, 12.56, 0.00, 0.00, 0.00, 0.00, 90.00, 0, 0
2.00, 5.70, 25.16, 25.16, 126.71, 20.00, 4.63, 17.78, 13.68, 0.00, 24.47, 73.16, -115.34, 83.35, 0, 0
2.00, 5.70, 25.31, 25.31, 173.14, 20.00, 4.63, 20.00, 15.92, 3.60, 51.51, 65.34, -106.39, 72.73, 0, 0
2.00, 5.70, 25.75, 25.75, 273.74, 20.00, 4.63, 22.22, 18.07, 32.12, 89.33, 59.93, -97.58, 61.61, 0, 0
2.00, 5.70, 26.35, 26.35, 398.21, 20.00, 4.63, 23.89, 19.80, 59.50, 127.34, 58.83, -90.00, 50.27, 0, 0
2.00, 5.70, 26.76, 26.76, 468.67, 20.00, 4.63, 25.00, 20.83, 45.42, 141.85, 58.77, -76.83, 39.00, 0, 0
2.00, 5.70, 27.20, 27.20, 541.40, 20.00, 4.63, 25.56, 21.35, 39.32, 160.82, 63.21, -60.85, 28.38, 0, 0
2.00, 5.70, 27.73, 27.73, 629.32, 20.00, 4.63, 26.11, 21.96, 52.18, 181.35, 70.30, -33.74, 19.93, 0, 0
2.00, 5.70, 27.95, 27.95, 646.63, 20.00, 4.63, 26.67, 22.47, 22.69, 170.63, 79.33, 9.51, 17.43, 0, 0
2.00, 5.70, 27.63, 27.63, 551.89, 20.00, 4.63, 26.11, 21.96, 0.14, 113.00, 89.68, 46.89, 22.97, 0, 0
2.00, 5.70, 27.57, 27.57, 524.06, 20.00, 4.63, 25.56, 21.35, 0.00, 102.32, 0.00, 68.31, 32.62, 0, 0
2.00, 5.70, 27.88, 27.88, 578.16, 20.00, 4.63, 25.56, 21.35, 0.00, 114.97, 0.00, 81.86, 43.61, 0, 0
2.00, 5.70, 28.04, 28.04, 594.04, 20.00, 4.63, 25.00, 20.83, 0.00, 101.71, 0.00, 90.00, 54.96, 0, 0
2.00, 5.70, 27.79, 27.79, 524.93, 20.00, 4.63, 24.44, 20.32, 0.00, 66.34, 0.00, 101.24, 66.24, 0, 0
2.00, 5.70, 27.57, 27.57, 471.94, 20.00, 4.63, 23.33, 19.19, 0.00, 33.04, 0.00, 110.03, 77.19, 0, 0
2.00, 5.70, 26.86, 26.86, 319.92, 20.00, 4.63, 22.22, 18.16, 0.00, 9.18, 0.00, 119.20, 87.52, 0, 0
2.00, 5.70, 26.47, 26.47, 249.52, 20.00, 4.63, 21.11, 17.04, 0.00, 0.00, 0.00, 0.00, 90.00, 0, 0
2.00, 5.70, 26.18, 26.18, 204.31, 20.00, 4.63, 20.56, 16.43, 0.00, 0.00, 0.00, 0.00, 90.00, 0, 0
2.00, 5.70, 25.86, 25.86, 152.92, 20.00, 4.63, 19.44, 15.40, 0.00, 0.00, 0.00, 0.00, 90.00, 0, 0
2.00, 5.70, 25.51, 25.51, 99.60, 20.00, 4.63, 18.33, 14.19, 0.00, 0.00, 0.00, 0.00, 90.00, 0, 0
2.00, 5.70, 25.18, 25.18, 51.54, 20.00, 4.63, 17.78, 13.68, 0.00, 0.00, 0.00, 0.00, 90.00, 0, 0
2.00, 5.70, 24.85, 24.85, 4.61, 20.00, 4.63, 17.22, 13.08, 0.00, 0.00, 0.00, 0.00, 90.00, 0, 0
2.00, 5.70, 24.47, 24.47, -48.97, 20.00, 4.63, 16.11, 12.05, 0.00, 0.00, 0.00, 0.00, 90.00, 0, 0
2.00, 5.70, 24.11, 24.11, -98.69, 20.00, 4.63, 15.56, 11.45, 0.00, 0.00, 0.00, 0.00, 90.00, 0, 0
2.00, 5.70, 23.74, 23.74, -147.07, 20.00, 4.63, 15.00, 10.93, 0.00, 0.00, 0.00, 0.00, 90.00, 0, 0
2.00, 5.70, 23.70, 23.70, -123.00, 20.00, 4.63, 16.67, 12.56, 0.00, 22.94, 73.19, -115.38, 83.38, 0, 0
2.00, 5.70, 23.88, 23.88, -61.48, 20.00, 4.63, 18.33, 14.28, 1.43, 52.98, 65.37, -106.43, 72.77, 0, 0
2.00, 5.70, 24.27, 24.27, 37.30, 20.00, 4.63, 20.00, 15.92, 10.55, 91.35, 59.95, -97.61, 61.65, 0, 0
2.00, 5.70, 24.84, 24.84, 162.67, 20.00, 4.63, 21.67, 17.55, 41.57, 127.95, 58.81, -90.00, 50.30, 0, 0
2.00, 5.70, 25.52, 25.52, 298.50, 20.00, 4.63, 23.33, 19.19, 80.45, 156.58, 58.77, -76.89, 39.04, 0, 0
2.00, 5.70, 25.98, 25.98, 377.79, 20.00, 4.63, 24.44, 20.32, 56.01, 166.98, 63.20, -60.93, 28.42, 0, 0
2.00, 5.70, 26.16, 26.16, 393.29, 20.00, 4.63, 25.00, 20.83, 22.63, 154.54, 70.28, -33.87, 19.95, 0, 0
2.00, 5.70, 26.48, 26.48, 442.53, 20.00, 4.63, 25.56, 21.35, 12.46, 163.46, 79.30, 9.35, 17.42, 0, 0
2.00, 5.70, 26.78, 26.78, 483.66, 20.00, 4.63, 25.56, 21.35, 0.46, 168.73, 89.65, 46.80, 22.94, 0, 0
2.00, 5.70, 27.31, 27.31, 572.73, 20.00, 4.63, 26.11, 21.86, 0.00, 165.64, 0.00, 68.25, 32.58, 0, 0
2.00, 5.70, 28.58, 28.58, 809.19, 20.00, 4.63, 26.67, 22.37, 0.00, 147.42, 0.00, 81.82, 43.57, 0, 0
2.00, 5.70, 29.20, 29.20, 890.02, 20.00, 4.63, 26.67, 22.37, 0.00, 113.13, 0.00, 90.00, 54.91, 0, 0
2.00, 5.70, 28.61, 28.61, 718.02, 20.00, 4.63, 25.56, 21.35, 0.00, 69.38, 0.00, 101.21, 66.20, 0, 0
2.00, 5.70, 27.59, 27.59, 478.92, 20.00, 4.63, 24.44, 20.22, 0.00, 18.44, 0.00, 110.00, 77.14, 0, 0
2.00, 5.70, 26.91, 26.91, 335.60, 20.00, 4.63, 22.78, 18.58, 0.00, 1.53, 0.00, 119.17, 87.48, 0, 0
2.00, 5.70, 26.57, 26.57, 277.10, 20.00, 4.63, 21.67, 17.46, 0.00, 0.00, 0.00, 0.00, 90.00, 0, 0
2.00, 5.70, 26.25, 26.25, 223.17, 20.00, 4.63, 20.00, 15.83, 0.00, 0.00, 0.00, 0.00, 90.00, 0, 0
2.00, 5.70, 25.91, 25.91, 168.19, 20.00, 4.63, 18.89, 14.61, 0.00, 0.00, 0.00, 0.00, 90.00, 0, 0
2.00, 5.70, 25.52, 25.52, 105.52, 20.00, 4.63, 17.22, 12.99, 0.00, 0.00, 0.00, 0.00, 90.00, 0, 0
2.00, 5.70, 25.13, 25.13, 44.67, 20.00, 4.63, 16.11, 11.87, 0.00, 0.00, 0.00, 0.00, 90.00, 0, 0
2.00, 5.70, 24.71, 24.71, -17.57, 20.00, 4.63, 15.00, 10.76, 0.00, 0.00, 0.00, 0.00, 90.00, 0, 0
2.00, 5.70, 24.27, 24.27, -81.67, 20.00, 4.63, 13.89, 9.65, 0.00, 0.00, 0.00, 0.00, 90.00, 0, 0
2.00, 5.70, 23.81, 23.81, -147.66, 20.00, 4.63, 12.78, 8.54, 0.00, 0.00, 0.00, 0.00, 90.00, 0, 0
2.00, 5.70, 23.33, 23.33, -215.26, 20.00, 4.63, 11.67, 7.43, 0.00, 0.00, 0.00, 0.00, 90.00, 0, 0
2.00, 5.70, 23.33, 23.33, -179.26, 20.00, 4.63, 13.33, 9.05, 0.00, 36.70, 73.22, -115.41, 83.42, 0, 0
2.00, 5.70, 23.30, 23.30, -156.74, 20.00, 4.63, 15.56, 11.27, 4.55, 46.72, 65.39, -106.46, 72.81, 0, 0
2.00, 5.70, 23.68, 23.68, -54.46, 20.00, 4.63, 17.78, 13.50, 48.07, 83.89, 59.96, -97.65, 61.69, 0, 0
2.00, 5.70, 24.37, 24.37, 102.00, 20.00, 4.63, 20.00, 15.73, 129.89, 120.74, 58.79, -90.00, 50.35, 0, 0
2.00, 5.70, 25.25, 25.25, 281.84, 20.00, 4.63, 21.67, 17.36, 223.18, 151.74, 58.76, -76.93, 39.08, 0, 0
2.00, 5.70, 26.21, 26.21, 462.27, 20.00, 4.63, 23.33, 18.99, 260.45, 183.39, 63.17, -61.00, 28.45, 0, 0
2.00, 5.70, 26.97, 26.97, 588.53, 20.00, 4.63, 25.00, 20.63, 222.18, 201.88, 70.25, -34.00, 19.97, 0, 0
2.00, 5.70, 27.41, 27.41, 641.27, 20.00, 4.63, 26.11, 21.76, 142.91, 204.51, 79.26, 9.18, 17.41, 0, 0
2.00, 5.70, 27.45, 27.45, 610.26, 20.00, 4.63, 26.67, 22.27, 4.27, 192.50, 89.61, 46.69, 22.91, 0, 0
2.00, 5.70, 28.46, 28.46, 791.23, 20.00, 4.63, 27.22, 22.88, 0.00, 168.02, 0.00, 68.19, 32.54, 0, 0
2.00, 5.70, 29.65, 29.65, 995.83, 20.00, 4.63, 27.22, 22.88, 0.00, 140.68, 0.00, 81.78, 43.53, 0, 0
2.00, 5.70, 30.83, 30.83, 1181.41, 20.00, 4.63, 26.67, 22.37, 0.00, 108.00, 0.00, 90.00, 54.87, 0, 0
2.00, 5.70, 31.73, 31.73, 1299.43, 20.00, 4.63, 25.56, 21.25, 0.00, 69.06, 0.00, 101.18, 66.16, 0, 0
2.00, 5.70, 31.89, 31.89, 1258.69, 20.00, 4.63, 24.44, 20.12, 0.00, 33.82, 0.00, 109.97, 77.11, 0, 0
2.00, 5.70, 29.16, 29.16, 626.02, 20.00, 4.63, 23.33, 19.10, 0.00, 18.35, 0.00, 119.14, 87.45, 0, 0
2.00, 5.70, 28.49, 28.49, 494.99, 20.00, 4.63, 22.22, 17.97, 0.00, 0.00, 0.00, 0.00, 90.00, 0, 0
2.00, 5.70, 28.07, 28.07, 420.84, 20.00, 4.63, 21.11, 16.85, 0.00, 0.00, 0.00, 0.00, 90.00, 0, 0
2.00, 5.70, 27.70, 27.70, 360.76, 20.00, 4.63, 20.56, 16.34, 0.00, 0.00, 0.00, 0.00, 90.00, 0, 0
2.00, 5.70, 27.31, 27.31, 298.14, 20.00, 4.63, 19.44, 15.22, 0.00, 0.00, 0.00, 0.00, 90.00, 0, 0
2.00, 5.70, 26.94, 26.94, 239.91, 20.00, 4.63, 18.89, 14.61, 0.00, 0.00, 0.00, 0.00, 90.00, 0, 0
2.00, 5.70, 26.56, 26.56, 182.57, 20.00, 4.63, 18.33, 14.01, 0.00, 0.00, 0.00, 0.00, 90.00, 0, 0
2.00, 5.70, 26.17, 26.17, 126.01, 20.00, 4.63, 17.78, 13.50, 0.00, 0.00, 0.00, 0.00, 90.00, 0, 0
2.00, 5.70, 25.75, 25.75, 62.93, 20.00, 4.63, 16.67, 12.38, 0.00, 0.00, 0.00, 0.00, 90.00, 0, 0
2.00, 5.70, 25.33, 25.33, 4.92, 20.00, 4.63, 16.11, 11.87, 0.00, 0.00, 0.00, 0.00, 90.00, 0, 0
2.00, 5.70, 25.10, 25.10, -13.13, 20.00, 4.63, 16.67, 12.48, 0.00, 12.23, 73.25, -115.44, 83.47, 0, 0
2.00, 5.70, 25.16, 25.16, 29.45, 20.00, 4.63, 18.33, 14.10, 0.15, 40.50, 65.41, -106.48, 72.85, 0, 0
2.00, 5.70, 25.33, 25.33, 85.84, 20.00, 4.63, 19.44, 15.22, 1.55, 68.62, 59.96, -97.67, 61.74, 0, 0
2.00, 5.70, 25.81, 25.81, 200.19, 20.00, 4.63, 21.11, 16.95, 21.71, 113.07, 58.77, -90.00, 50.39, 0, 0
2.00, 5.70, 26.01, 26.01, 241.89, 20.00, 4.63, 21.67, 17.46, 18.80, 118.47, 58.74, -76.97, 39.12, 0, 0
2.00, 5.70, 26.12, 26.12, 264.92, 20.00, 4.63, 22.22, 18.07, 6.88, 120.03, 63.14, -61.06, 28.50, 0, 0
2.00, 5.70, 26.74, 26.74, 391.61, 20.00, 4.63, 23.33, 19.10, 46.25, 161.23, 70.21, -34.12, 20.00, 0, 0
2.00, 5.70, 26.82, 26.82, 394.95, 20.00, 4.63, 23.89, 19.61, 15.82, 141.74, 79.22, 9.01, 17.42, 0, 0
2.00, 5.70, 26.93, 26.93, 405.81, 20.00, 4.63, 23.89, 19.61, 0.20, 138.99, 89.56, 46.57, 22.89, 0, 0
2.00, 5.70, 26.84, 26.84, 377.84, 20.00, 4.63, 23.89, 19.61, 0.00, 111.71, 0.00, 68.12, 32.51, 0, 0
2.00, 5.70, 27.00, 27.00, 403.61, 20.00, 4.63, 23.89, 19.61, 0.00, 111.55, 0.00, 81.72, 43.49, 0, 0
2.00, 5.70, 26.79, 26.79, 351.84, 20.00, 4.63, 23.89, 19.61, 0.00, 76.76, 0.00, 90.00, 54.84, 0, 0
2.00, 5.70, 26.36, 26.36, 260.16, 20.00, 4.63, 22.78, 18.58, 0.00, 42.82, 0.00, 101.14, 66.12, 0, 0
2.00, 5.70, 25.93, 25.93, 178.25, 20.00, 4.63, 22.22, 18.07, 0.00, 12.23, 0.00, 109.93, 77.07, 0, 0
2.00, 5.70, 25.58, 25.58, 120.14, 20.00, 4.63, 21.11, 16.95, 0.00, 1.53, 0.00, 119.09, 87.42, 0, 0
2.00, 5.70, 25.29, 25.29, 77.66, 20.00, 4.63, 20.00, 15.83, 0.00, 0.00, 0.00, 0.00, 90.00, 0, 0
2.00, 5.70, 25.04, 25.04, 44.20, 20.00, 4.63, 19.44, 15.31, 0.00, 0.00, 0.00, 0.00, 90.00, 0, 0
2.00, 5.70, 24.73, 24.73, -0.42, 20.00, 4.63, 18.33, 14.19, 0.00, 0.00, 0.00, 0.00, 90.00, 0, 0
2.00, 5.70, 24.40, 24.40, -47.41, 20.00, 4.63, 17.22, 13.08, 0.00, 0.00, 0.00, 0.00, 90.00, 0, 0
2.00, 5.70, 24.08, 24.08, -89.66, 20.00, 4.63, 16.67, 12.48, 0.00, 0.00, 0.00, 0.00, 90.00, 0, 0
2.00, 5.70, 23.76, 23.76, -130.75, 20.00, 4.63, 16.11, 11.96, 0.00, 0.00, 0.00, 0.00, 90.00, 0, 0
2.00, 5.70, 23.39, 23.39, -179.10, 20.00, 4.63, 15.00, 10.85, 0.00, 0.00, 0.00, 0.00, 90.00, 0, 0
2.00, 5.70, 23.04, 23.04, -223.95, 20.00, 4.63, 14.44, 10.25, 0.00, 0.00, 0.00, 0.00, 90.00, 0, 0
2.00, 5.70, 22.68, 22.68, -267.82, 20.00, 4.63, 13.89, 9.74, 0.00, 0.00, 0.00, 0.00, 90.00, 0, 0
2.00, 5.70, 22.60, 22.60, -252.25, 20.00, 4.63, 15.00, 10.85, 0.00, 19.88, 73.27, -115.46, 83.51, 0, 0
2.00, 5.70, 22.78, 22.78, -185.73, 20.00, 4.63, 16.67, 12.56, 1.24, 52.07, 65.42, -106.50, 72.90, 0, 0
2.00, 5.70, 23.14, 23.14, -91.15, 20.00, 4.63, 18.33, 14.19, 10.46, 86.91, 59.96, -97.69, 61.79, 0, 0
2.00, 5.70, 23.84, 23.84, 64.01, 20.00, 4.63, 20.56, 16.43, 85.76, 125.04, 58.74, -90.00, 50.44, 0, 0
2.00, 5.70, 24.94, 24.94, 288.31, 20.00, 4.63, 22.78, 18.68, 211.84, 166.43, 58.71, -77.00, 39.17, 0, 0
2.00, 5.70, 25.26, 25.26, 329.22, 20.00, 4.63, 23.89, 19.71, 97.41, 162.32, 63.11, -61.11, 28.54, 0, 0
2.00, 5.70, 25.24, 25.24, 300.17, 20.00, 4.63, 23.89, 19.71, 18.36, 143.01, 70.17, -34.23, 20.04, 0, 0
2.00, 5.70, 25.65, 25.65, 369.50, 20.00, 4.63, 24.44, 20.22, 23.55, 166.50, 79.17, 8.84, 17.42, 0, 0
2.00, 5.70, 26.03, 26.03, 428.42, 20.00, 4.63, 24.44, 20.32, 1.19, 181.53, 89.51, 46.45, 22.87, 0, 0
2.00, 5.70, 26.30, 26.30, 461.67, 20.00, 4.63, 25.00, 20.83, 0.00, 155.24, 0.00, 68.04, 32.48, 0, 0
2.00, 5.70, 26.14, 26.14, 403.29, 20.00, 4.63, 23.89, 19.71, 0.00, 113.08, 0.00, 81.66, 43.46, 0, 0
2.00, 5.70, 25.90, 25.90, 339.21, 20.00, 4.63, 23.33, 19.19, 0.00, 81.99, 0.00, 90.00, 54.80, 0, 0
2.00, 5.70, 26.43, 26.43, 442.13, 20.00, 4.63, 22.78, 18.58, 0.00, 65.23, 0.00, 101.09, 66.09, 0, 0
2.00, 5.70, 26.51, 26.51, 442.71, 20.00, 4.63, 21.67, 17.55, 0.00, 30.30, 0.00, 109.88, 77.04, 0, 0
2.00, 5.70, 25.36, 25.36, 184.86, 20.00, 4.63, 20.56, 16.52, 0.00, 7.65, 0.00, 119.05, 87.39, 0, 0
2.00, 5.70, 24.98, 24.98, 119.95, 20.00, 4.63, 20.00, 15.92, 0.00, 0.00, 0.00, 0.00, 90.00, 0, 0
2.00, 5.70, 24.68, 24.68, 71.55, 20.00, 4.63, 18.89, 14.80, 0.00, 0.00, 0.00, 0.00, 90.00, 0, 0
2.00, 5.70, 24.38, 24.38, 26.31, 20.00, 4.63, 18.33, 14.28, 0.00, 0.00, 0.00, 0.00, 90.00, 0, 0
2.00, 5.70, 24.05, 24.05, -23.20, 20.00, 4.63, 17.22, 13.16, 0.00, 0.00, 0.00, 0.00, 90.00, 0, 0
2.00, 5.70, 23.74, 23.74, -68.31, 20.00, 4.63, 16.67, 12.56, 0.00, 0.00, 0.00, 0.00, 90.00, 0, 0
2.00, 5.70, 23.45, 23.45, -105.30, 20.00, 4.63, 16.67, 12.56, 0.00, 0.00, 0.00, 0.00, 90.00, 0, 0
2.00, 5.70, 23.14, 23.14, -146.26, 20.00, 4.63, 16.11, 11.96, 0.00, 0.00, 0.00, 0.00, 90.00, 0, 0
2.00, 5.70, 22.82, 22.82, -188.23, 20.00, 4.63, 15.56, 11.45, 0.00, 0.00, 0.00, 0.00, 90.00, 0, 0
2.00, 5.70, 22.49, 22.49, -230.44, 20.00, 4.63, 15.00, 10.93, 0.00, 0.00, 0.00, 0.00, 90.00, 0, 0
2.00, 5.70, 22.50, 22.50, -200.47, 20.00, 4.63, 16.67, 12.65, 0.00, 22.94, 73.28, -115.48, 83.57, 0, 0
2.00, 5.70, 22.64, 22.64, -148.19, 20.00, 4.63, 18.33, 14.28, 0.65, 44.52, 65.42, -106.51, 72.95, 0, 0
2.00, 5.70, 23.13, 23.13, -31.42, 20.00, 4.63, 20.00, 15.92, 20.74, 90.34, 59.96, -97.70, 61.84, 0, 0
2.00, 5.70, 23.65, 23.65, 80.44, 20.00, 4.63, 21.67, 17.55, 35.13, 119.14, 58.72, -90.00, 50.50, 0, 0
2.00, 5.70, 24.10, 24.10, 167.45, 20.00, 4.63, 22.78, 18.68, 30.75, 136.91, 58.68, -77.01, 39.23, 0, 0
2.00, 5.70, 24.83, 24.83, 305.93, 20.00, 4.63, 23.89, 19.80, 63.04, 170.88, 63.07, -61.15, 28.60, 0, 0
2.00, 5.70, 25.36, 25.36, 391.99, 20.00, 4.63, 25.00, 20.83, 49.05, 179.51, 70.12, -34.33, 20.08, 0, 0
2.00, 5.70, 25.25, 25.25, 340.85, 20.00, 4.63, 25.00, 20.83, 13.20, 131.81, 79.12, 8.66, 17.44, 0, 0
2.00, 5.70, 25.83, 25.83, 444.52, 20.00, 4.63, 26.11, 21.86, 1.83, 175.04, 89.46, 46.31, 22.86, 0, 0
2.00, 5.70, 26.15, 26.15, 482.78, 20.00, 4.63, 26.11, 21.86, 0.00, 146.11, 0.00, 67.94, 32.46, 0, 0
2.00, 5.70, 26.61, 26.61, 552.17, 20.00, 4.63, 26.11, 21.86, 0.00, 130.10, 0.00, 81.60, 43.43, 0, 0
2.00, 5.70, 26.73, 26.73, 547.58, 20.00, 4.63, 25.56, 21.25, 0.00, 102.89, 0.00, 90.00, 54.77, 0, 0
2.00, 5.70, 26.50, 26.50, 471.40, 20.00, 4.63, 25.00, 20.73, 0.00, 64.94, 0.00, 101.04, 66.06, 0, 0
2.00, 5.70, 26.06, 26.06, 364.28, 20.00, 4.63, 23.89, 19.61, 0.00, 29.36, 0.00, 109.83, 77.02, 0, 0
2.00, 5.70, 25.49, 25.49, 239.21, 20.00, 4.63, 22.78, 18.48, 0.00, 4.59, 0.00, 119.00, 87.37, 0, 0
2.00, 5.70, 25.17, 25.17, 179.68, 20.00, 4.63, 21.11, 16.85, 0.00, 0.00, 0.00, 0.00, 90.00, 0, 0
2.00, 5.70, 24.87, 24.87, 128.94, 20.00, 4.63, 19.44, 15.22, 0.00, 0.00, 0.00, 0.00, 90.00, 0, 0
2.00, 5.70, 24.57, 24.57, 77.15, 20.00, 4.63, 18.33, 14.01, 0.00, 0.00, 0.00, 0.00, 90.00, 0, 0
2.00, 5.70, 24.21, 24.21, 18.34, 20.00, 4.63, 16.67, 12.38, 0.00, 0.00, 0.00, 0.00, 90.00, 0, 0
2.00, 5.70, 23.85, 23.85, -38.52, 20.00, 4.63, 15.56, 11.27, 0.00, 0.00, 0.00, 0.00, 90.00, 0, 0
2.00, 5.70, 23.43, 23.43, -103.97, 20.00, 4.63, 13.89, 9.65, 0.00, 0.00, 0.00, 0.00, 90.00, 0, 0
2.00, 5.70, 23.00, 23.00, -167.78, 20.00, 4.63, 12.78, 8.45, 0.00, 0.00, 0.00, 0.00, 90.00, 0, 0
2.00, 5.70, 22.52, 22.52, -239.63, 20.00, 4.63, 11.11, 6.83, 0.00, 0.00, 0.00, 0.00, 90.00, 0, 0
2.00, 5.70, 22.04, 22.04, -308.93, 20.00, 4.63, 10.00, 5.73, 0.00, 0.00, 0.00, 0.00, 90.00, 0, 0
2.00, 5.70, 22.09, 22.09, -262.31, 20.00, 4.63, 11.67, 7.34, 0.00, 42.82, 73.29, -115.49, 83.62, 0, 0
2.00, 5.70, 22.06, 22.06, -242.30, 20.00, 4.63, 14.44, 10.06, 5.14, 46.98, 65.42, -106.52, 73.01, 0, 0
2.00, 5.70, 22.43, 22.43, -141.89, 20.00, 4.63, 16.11, 11.78, 33.07, 87.55, 59.94, -97.70, 61.90, 0, 0
2.00, 5.70, 23.03, 23.03, -6.81, 20.00, 4.63, 17.78, 13.40, 86.50, 125.44, 58.69, -90.00, 50.56, 0, 0
2.00, 5.70, 23.78, 23.78, 148.63, 20.00, 4.63, 19.44, 15.02, 150.36, 157.47, 58.64, -77.02, 39.29, 0, 0
2.00, 5.70, 24.55, 24.55, 293.39, 20.00, 4.63, 21.11, 16.64, 163.72, 185.09, 63.02, -61.17, 28.65, 0, 0
2.00, 5.70, 25.28, 25.28, 418.24, 20.00, 4.63, 22.78, 18.27, 173.86, 199.56, 70.07, -34.41, 20.13, 0, 0
2.00, 5.70, 25.67, 25.67, 464.79, 20.00, 4.63, 23.33, 18.89, 97.30, 202.97, 79.06, 8.49, 17.46, 0, 0
2.00, 5.70, 25.81, 25.81, 461.59, 20.00, 4.63, 23.89, 19.39, 3.32, 196.61, 89.40, 46.16, 22.85, 0, 0
2.00, 5.70, 26.43, 26.43, 562.30, 20.00, 4.63, 24.44, 19.90, 0.00, 176.19, 0.00, 67.84, 32.44, 0, 0
2.00, 5.70, 27.34, 27.34, 718.25, 20.00, 4.63, 24.44, 19.90, 0.00, 145.65, 0.00, 81.52, 43.41, 0, 0
2.00, 5.70, 27.98, 27.98, 804.25, 20.00, 4.63, 23.89, 19.39, 0.00, 110.19, 0.00, 90.00, 54.75, 0, 0
2.00, 5.70, 28.72, 28.72, 909.90, 20.00, 4.63, 22.78, 18.27, 0.00, 70.44, 0.00, 100.98, 66.04, 0, 0
2.00, 5.70, 29.09, 29.09, 933.41, 20.00, 4.63, 21.11, 16.64, 0.00, 37.64, 0.00, 109.78, 77.00, 0, 0
2.00, 5.70, 26.63, 26.63, 368.40, 20.00, 4.63, 19.44, 15.02, 0.00, 18.35, 0.00, 118.94, 87.35, 0, 0
2.00, 5.70, 25.96, 25.96, 241.55, 20.00, 4.63, 18.33, 13.90, 0.00, 0.00, 0.00, 0.00, 90.00, 0, 0
2.00, 5.70, 25.52, 25.52, 167.61, 20.00, 4.63, 17.22, 12.79, 0.00, 0.00, 0.00, 0.00, 90.00, 0, 0
2.00, 5.70, 25.05, 25.05, 89.62, 20.00, 4.63, 15.56, 11.17, 0.00, 0.00, 0.00, 0.00, 90.00, 0, 0
2.00, 5.70, 24.59, 24.59, 17.85, 20.00, 4.63, 14.44, 9.96, 0.00, 0.00, 0.00, 0.00, 90.00, 0, 0
2.00, 5.70, 24.16, 24.16, -46.23, 20.00, 4.63, 13.89, 9.46, 0.00, 0.00, 0.00, 0.00, 90.00, 0, 0
2.00, 5.70, 23.72, 23.72, -108.32, 20.00, 4.63, 13.33, 8.85, 0.00, 0.00, 0.00, 0.00, 90.00, 0, 0
2.00, 5.70, 23.28, 23.28, -169.42, 20.00, 4.63, 12.78, 8.35, 0.00, 0.00, 0.00, 0.00, 90.00, 0, 0
2.00, 5.70, 22.84, 22.84, -230.02, 20.00, 4.63, 12.22, 7.75, 0.00, 0.00, 0.00, 0.00, 90.00, 0, 0
2.00, 5.70, 22.38, 22.38, -289.47, 20.00, 4.63, 11.67, 7.24, 0.00, 0.00, 0.00, 0.00, 90.00, 0, 0
2.00, 5.70, 22.12, 22.12, -307.23, 20.00, 4.63, 12.22, 7.85, 0.00, 13.76, 73.30, -115.49, 83.68, 0, 0
2.00, 5.70, 22.06, 22.06, -286.73, 20.00, 4.63, 13.33, 8.95, 0.00, 33.65, 65.42, -106.52, 73.07, 0, 0
2.00, 5.70, 22.15, 22.15, -237.89, 20.00, 4.63, 14.44, 10.06, 0.86, 61.59, 59.92, -97.70, 61.96, 0, 0
2.00, 5.70, 22.69, 22.69, -105.53, 20.00, 4.63, 16.11, 11.68, 40.79, 113.78, 58.66, -90.00, 50.62, 0, 0
2.00, 5.70, 23.09, 23.09, -13.67, 20.00, 4.63, 17.78, 13.40, 38.46, 136.79, 58.59, -77.02, 39.35, 0, 0
2.00, 5.70, 23.60, 23.60, 91.63, 20.00, 4.63, 18.89, 14.41, 46.43, 164.76, 62.96, -61.19, 28.71, 0, 0
2.00, 5.70, 24.23, 24.23, 213.13, 20.00, 4.63, 20.56, 16.03, 73.08, 187.79, 70.01, -34.49, 20.19, 0, 0
2.00, 5.70, 24.76, 24.76, 305.48, 20.00, 4.63, 21.67, 17.15, 68.37, 200.12, 79.00, 8.31, 17.49, 0, 0
2.00, 5.70, 24.85, 24.85, 299.64, 20.00, 4.63, 22.22, 17.76, 1.95, 178.28, 89.34, 46.00, 22.85, 0, 0
2.00, 5.70, 25.34, 25.34, 381.37, 20.00, 4.63, 22.78, 18.27, 0.00, 171.96, 0.00, 67.73, 32.43, 0, 0
2.00, 5.70, 25.58, 25.58, 406.84, 20.00, 4.63, 22.78, 18.27, 0.00, 138.32, 0.00, 81.43, 43.39, 0, 0
2.00, 5.70, 25.23, 25.23, 309.79, 20.00, 4.63, 22.22, 17.76, 0.00, 97.19, 0.00, 90.00, 54.73, 0, 0
2.00, 5.70, 25.30, 25.30, 313.33, 20.00, 4.63, 21.67, 17.15, 0.00, 69.24, 0.00, 100.92, 66.02, 0, 0
2.00, 5.70, 25.06, 25.06, 252.00, 20.00, 4.63, 20.56, 16.14, 0.00, 33.73, 0.00, 109.72, 76.98, 0, 0
2.00, 5.70, 24.18, 24.18, 64.33, 20.00, 4.63, 19.44, 15.02, 0.00, 7.65, 0.00, 118.88, 87.34, 0, 0
2.00, 5.70, 23.80, 23.80, -0.57, 20.00, 4.63, 18.33, 14.01, 0.00, 0.00, 0.00, 0.00, 90.00, 0, 0
2.00, 5.70, 23.49, 23.49, -47.14, 20.00, 4.63, 17.22, 12.89, 0.00, 0.00, 0.00, 0.00, 90.00, 0, 0
2.00, 5.70, 23.15, 23.15, -98.72, 20.00, 4.63, 16.11, 11.78, 0.00, 0.00, 0.00, 0.00, 90.00, 0, 0
2.00, 5.70, 22.83, 22.83, -143.58, 20.00, 4.63, 15.56, 11.17, 0.00, 0.00, 0.00, 0.00, 90.00, 0, 0
2.00, 5.70, 22.47, 22.47, -194.25, 20.00, 4.63, 14.44, 10.06, 0.00, 0.00, 0.00, 0.00, 90.00, 0, 0
2.00, 5.70, 22.09, 22.09, -248.15, 20.00, 4.63, 13.33, 8.95, 0.00, 0.00, 0.00, 0.00, 90.00, 0, 0
2.00, 5.70, 21.69, 21.69, -304.49, 20.00, 4.63, 12.22, 7.85, 0.00, 0.00, 0.00, 0.00, 90.00, 0, 0
2.00, 5.70, 21.30, 21.30, -355.65, 20.00, 4.63, 11.67, 7.24, 0.00, 0.00, 0.00, 0.00, 90.00, 0, 0
2.00, 5.70, 20.87, 20.87, -412.48, 20.00, 4.63, 10.56, 6.14, 0.00, 0.00, 0.00, 0.00, 90.00, 0, 0
2.00, 5.70, 20.86, 20.86, -381.18, 20.00, 4.63, 12.22, 7.85, 0.00, 29.06, 73.29, -115.49, 83.75, 0, 0
2.00, 5.70, 20.88, 20.88, -349.01, 20.00, 4.63, 13.33, 9.05, 0.96, 45.86, 65.40, -106.52, 73.14, 0, 0
2.00, 5.70, 21.27, 21.27, -244.50, 20.00, 4.63, 15.56, 11.17, 18.90, 87.34, 59.90, -97.69, 62.03, 0, 0
2.00, 5.70, 21.82, 21.82, -118.43, 20.00, 4.63, 17.22, 12.79, 42.65, 126.31, 58.62, -90.00, 50.68, 0, 0
2.00, 5.70, 22.46, 22.46, 13.76, 20.00, 4.63, 18.89, 14.41, 77.84, 155.03, 58.54, -77.01, 39.41, 0, 0
2.00, 5.70, 22.93, 22.93, 98.69, 20.00, 4.63, 19.44, 15.02, 63.34, 170.99, 62.90, -61.19, 28.78, 0, 0
2.00, 5.70, 23.47, 23.47, 193.11, 20.00, 4.63, 20.56, 16.03, 70.66, 186.40, 69.95, -34.56, 20.25, 0, 0
2.00, 5.70, 23.63, 23.63, 204.33, 20.00, 4.63, 21.11, 16.53, 27.95, 171.27, 78.94, 8.13, 17.53, 0, 0
2.00, 5.70, 23.89, 23.89, 237.21, 20.00, 4.63, 21.67, 17.15, 2.26, 175.67, 89.28, 45.84, 22.86, 0, 0
2.00, 5.70, 24.08, 24.08, 257.47, 20.00, 4.63, 21.67, 17.15, 0.00, 149.67, 0.00, 67.61, 32.42, 0, 0
2.00, 5.70, 24.16, 24.16, 254.83, 20.00, 4.63, 21.67, 17.03, 0.00, 126.10, 0.00, 81.34, 43.37, 0, 0
2.00, 5.70, 24.43, 24.43, 293.67, 20.00, 4.63, 21.11, 16.53, 0.00, 109.37, 0.00, 90.00, 54.71, 0, 0
2.00, 5.70, 24.47, 24.47, 282.61, 20.00, 4.63, 20.00, 15.41, 0.00, 75.36, 0.00, 100.85, 66.01, 0, 0
2.00, 5.70, 24.69, 24.69, 312.47, 20.00, 4.63, 18.89, 14.41, 0.00, 36.85, 0.00, 109.65, 76.97, 0, 0
2.00, 5.70, 23.42, 23.42, 30.26, 20.00, 4.63, 17.78, 13.29, 0.00, 15.29, 0.00, 118.82, 87.34, 0, 0
2.00, 5.70, 22.93, 22.93, -57.81, 20.00, 4.63, 16.67, 12.07, 0.00, 0.00, 0.00, 0.00, 90.00, 0, 0
2.00, 5.70, 22.55, 22.55, -119.61, 20.00, 4.63, 15.00, 10.46, 0.00, 0.00, 0.00, 0.00, 90.00, 0, 0
2.00, 5.70, 22.15, 22.15, -181.37, 20.00, 4.63, 13.89, 9.24, 0.00, 0.00, 0.00, 0.00, 90.00, 0, 0
2.00, 5.70, 21.72, 21.72, -247.73, 20.00, 4.63, 12.22, 7.64, 0.00, 0.00, 0.00, 0.00, 90.00, 0, 0
2.00, 5.70, 21.29, 21.29, -310.76, 20.00, 4.63, 11.11, 6.54, 0.00, 0.00, 0.00, 0.00, 90.00, 0, 0
2.00, 5.70, 20.85, 20.85, -374.36, 20.00, 4.63, 10.00, 5.44, 0.00, 0.00, 0.00, 0.00, 90.00, 0, 0
2.00, 5.70, 20.38, 20.38, -439.35, 20.00, 4.63, 8.89, 4.34, 0.00, 0.00, 0.00, 0.00, 90.00, 0, 0
2.00, 5.70, 19.89, 19.89, -505.94, 20.00, 4.63, 7.78, 3.24, 0.00, 0.00, 0.00, 0.00, 90.00, 0, 0
2.00, 5.70, 19.39, 19.39, -573.94, 20.00, 4.63, 6.67, 2.15, 0.00, 0.00, 0.00, 0.00, 90.00, 0, 0
2.00, 5.70, 19.19, 19.19, -574.32, 20.00, 4.63, 7.78, 3.13, 0.00, 21.41, 73.29, -115.49, 83.82, 0, 0
2.00, 5.70, 19.25, 19.25, -526.09, 20.00, 4.63, 10.00, 5.32, 3.04, 48.33, 65.38, -106.51, 73.21, 0, 0
2.00, 5.70, 19.67, 19.67, -409.78, 20.00, 4.63, 12.78, 8.13, 45.63, 88.59, 59.86, -97.68, 62.10, 0, 0
2.00, 5.70, 20.41, 20.41, -239.11, 20.00, 4.63, 15.56, 10.96, 128.70, 126.96, 58.59, -90.00, 50.75, 0, 0
2.00, 5.70, 21.20, 21.20, -76.53, 20.00, 4.63, 17.22, 12.56, 173.82, 158.96, 58.48, -76.99, 39.48, 0, 0
2.00, 5.70, 21.86, 21.86, 44.56, 20.00, 4.63, 18.33, 13.68, 138.86, 186.51, 62.84, -61.19, 28.85, 0, 0
2.00, 5.70, 22.37, 22.37, 128.53, 20.00, 4.63, 19.44, 14.66, 85.96, 203.71, 69.88, -34.61, 20.31, 0, 0
2.00, 5.70, 22.75, 22.75, 179.88, 20.00, 4.63, 20.00, 15.29, 49.51, 208.59, 78.87, 7.96, 17.58, 0, 0
2.00, 5.70, 22.93, 22.93, 190.44, 20.00, 4.63, 20.56, 15.78, 3.43, 198.16, 89.21, 45.66, 22.87, 0, 0
2.00, 5.70, 23.36, 23.36, 255.07, 20.00, 4.63, 20.56, 15.78, 0.00, 176.01, 0.00, 67.48, 32.41, 0, 0
2.00, 5.70, 23.97, 23.97, 355.52, 20.00, 4.63, 20.56, 15.78, 0.00, 149.15, 0.00, 81.24, 43.36, 0, 0
2.00, 5.70, 24.14, 24.14, 357.71, 20.00, 4.63, 20.00, 15.29, 0.00, 113.62, 0.00, 90.00, 54.70, 0, 0
2.00, 5.70, 24.87, 24.87, 479.88, 20.00, 4.63, 18.89, 14.17, 0.00, 74.32, 0.00, 100.77, 66.00, 0, 0
2.00, 5.70, 25.75, 25.75, 624.46, 20.00, 4.63, 17.22, 12.56, 0.00, 37.53, 0.00, 109.58, 76.97, 0, 0
2.00, 5.70, 23.33, 23.33, 68.45, 20.00, 4.63, 16.11, 11.45, 0.00, 19.88, 0.00, 118.75, 87.34, 0, 0
2.00, 5.70, 22.67, 22.67, -53.62, 20.00, 4.63, 15.00, 10.34, 0.00, 0.00, 0.00, 0.00, 90.00, 0, 0
2.00, 5.70, 22.21, 22.21, -130.48, 20.00, 4.63, 13.33, 8.74, 0.00, 0.00, 0.00, 0.00, 90.00, 0, 0
2.00, 5.70, 21.76, 21.76, -202.51, 20.00, 4.63, 12.22, 7.64, 0.00, 0.00, 0.00, 0.00, 90.00, 0, 0
2.00, 5.70, 21.27, 21.27, -277.70, 20.00, 4.63, 10.56, 5.93, 0.00, 0.00, 0.00, 0.00, 90.00, 0, 0
2.00, 5.70, 20.83, 20.83, -341.49, 20.00, 4.63, 10.00, 5.44, 0.00, 0.00, 0.00, 0.00, 90.00, 0, 0
2.00, 5.70, 20.39, 20.39, -402.43, 20.00, 4.63, 9.44, 4.83, 0.00, 0.00, 0.00, 0.00, 90.00, 0, 0
2.00, 5.70, 19.94, 19.94, -462.37, 20.00, 4.63, 8.89, 4.23, 0.00, 0.00, 0.00, 0.00, 90.00, 0, 0
2.00, 5.70, 19.46, 19.46, -528.54, 20.00, 4.63, 7.78, 3.24, 0.00, 0.00, 0.00, 0.00, 90.00, 0, 0
2.00, 5.70, 18.98, 18.98, -590.06, 20.00, 4.63, 7.22, 2.64, 0.00, 0.00, 0.00, 0.00, 90.00, 0, 0
2.00, 5.70, 19.02, 19.02, -542.53, 20.00, 4.63, 8.89, 4.34, 0.00, 41.29, 73.27, -115.48, 83.89, 0, 0
2.00, 5.70, 19.00, 19.00, -515.83, 20.00, 4.63, 11.67, 7.14, 4.66, 46.91, 65.36, -106.49, 73.28, 0, 0
2.00, 5.70, 19.39, 19.39, -410.13, 20.00, 4.63, 13.89, 9.35, 49.93, 82.46, 59.82, -97.66, 62.17, 0, 0
2.00, 5.70, 20.13, 20.13, -242.51, 20.00, 4.63, 16.67, 12.07, 153.80, 114.12, 58.55, -90.00, 50.82, 0, 0
2.00, 5.70, 21.17, 21.17, -27.58, 20.00, 4.63, 18.89, 14.29, 270.94, 148.47, 58.42, -76.97, 39.55, 0, 0
2.00, 5.70, 22.15, 22.15, 154.50, 20.00, 4.63, 20.56, 15.91, 268.47, 182.70, 62.77, -61.17, 28.92, 0, 0
2.00, 5.70, 22.89, 22.89, 274.13, 20.00, 4.63, 22.22, 17.53, 225.03, 195.53, 69.80, -34.66, 20.39, 0, 0
2.00, 5.70, 23.40, 23.40, 339.66, 20.00, 4.63, 23.33, 18.65, 139.32, 204.68, 78.79, 7.78, 17.63, 0, 0
2.00, 5.70, 23.52, 23.52, 322.13, 20.00, 4.63, 23.89, 19.14, 9.57, 194.61, 89.13, 45.47, 22.89, 0, 0
2.00, 5.70, 24.46, 24.46, 485.75, 20.00, 4.63, 24.44, 19.64, 0.00, 171.20, 0.00, 67.34, 32.41, 0, 0
2.00, 5.70, 25.92, 25.92, 744.92, 20.00, 4.63, 24.44, 19.64, 0.00, 140.52, 0.00, 81.13, 43.36, 0, 0
2.00, 5.70, 27.22, 27.22, 949.06, 20.00, 4.63, 23.89, 19.14, 0.00, 105.14, 0.00, 90.00, 54.70, 0, 0
2.00, 5.70, 27.60, 27.60, 949.70, 20.00, 4.63, 22.78, 18.02, 0.00, 71.70, 0.00, 100.69, 65.99, 0, 0
2.00, 5.70, 27.50, 27.50, 861.19, 20.00, 4.63, 20.56, 15.91, 0.00, 36.22, 0.00, 109.50, 76.97, 0, 0
2.00, 5.70, 25.20, 25.20, 328.29, 20.00, 4.63, 19.44, 14.79, 0.00, 18.35, 0.00, 118.67, 87.34, 0, 0
2.00, 5.70, 24.56, 24.56, 199.45, 20.00, 4.63, 17.78, 13.18, 0.00, 0.00, 0.00, 0.00, 90.00, 0, 0
2.00, 5.70, 24.15, 24.15, 126.65, 20.00, 4.63, 16.67, 12.07, 0.00, 0.00, 0.00, 0.00, 90.00, 0, 0
2.00, 5.70, 23.71, 23.71, 50.10, 20.00, 4.63, 15.00, 10.34, 0.00, 0.00, 0.00, 0.00, 90.00, 0, 0
2.00, 5.70, 23.29, 23.29, -20.69, 20.00, 4.63, 13.89, 9.24, 0.00, 0.00, 0.00, 0.00, 90.00, 0, 0
2.00, 5.70, 22.85, 22.85, -91.90, 20.00, 4.63, 12.78, 8.13, 0.00, 0.00, 0.00, 0.00, 90.00, 0, 0
2.00, 5.70, 22.42, 22.42, -157.61, 20.00, 4.63, 12.22, 7.52, 0.00, 0.00, 0.00, 0.00, 90.00, 0, 0
2.00, 5.70, 21.98, 21.98, -221.80, 20.00, 4.63, 11.67, 6.91, 0.00, 0.00, 0.00, 0.00, 90.00, 0, 0
2.00, 5.70, 21.51, 21.51, -292.17, 20.00, 4.63, 10.56, 5.81, 0.00, 0.00, 0.00, 0.00, 90.00, 0, 0
2.00, 5.70, 21.04, 21.04, -357.33, 20.00, 4.63, 10.00, 5.32, 0.00, 0.00, 0.00, 0.00, 90.00, 0, 0
2.00, 5.70, 20.76, 20.76, -382.68, 20.00, 4.63, 10.56, 5.81, 0.00, 12.23, 73.26, -115.46, 83.97, 0, 0
2.00, 5.70, 20.82, 20.82, -338.03, 20.00, 4.63, 12.22, 7.52, 0.99, 44.53, 65.32, -106.47, 73.36, 0, 0
2.00, 5.70, 21.02, 21.02, -272.10, 20.00, 4.63, 13.89, 9.12, 5.03, 75.06, 59.77, -97.63, 62.24, 0, 0
2.00, 5.70, 21.46, 21.46, -164.26, 20.00, 4.63, 15.56, 10.84, 31.47, 113.83, 58.52, -90.00, 50.90, 0, 0
2.00, 5.70, 21.56, 21.56, -137.85, 20.00, 4.63, 16.11, 11.33, 28.34, 112.15, 58.34, -76.93, 39.63, 0, 0
2.00, 5.70, 22.10, 22.10, -23.24, 20.00, 4.63, 17.22, 12.44, 48.86, 152.21, 62.69, -61.14, 29.00, 0, 0
2.00, 5.70, 22.86, 22.86, 127.13, 20.00, 4.63, 18.89, 14.04, 91.98, 188.32, 69.72, -34.69, 20.47, 0, 0
2.00, 5.70, 23.24, 23.24, 185.37, 20.00, 4.63, 20.00, 15.15, 51.90, 188.62, 78.72, 7.60, 17.69, 0, 0
2.00, 5.70, 23.49, 23.49, 215.80, 20.00, 4.63, 21.11, 16.13, 3.76, 187.13, 89.06, 45.28, 22.91, 0, 0
2.00, 5.70, 23.83, 23.83, 265.40, 20.00, 4.63, 21.11, 16.27, 0.00, 166.81, 0.00, 67.20, 32.42, 0, 0
2.00, 5.70, 24.02, 24.02, 280.93, 20.00, 4.63, 21.11, 16.27, 0.00, 137.48, 0.00, 81.02, 43.36, 0, 0
2.00, 5.70, 23.76, 23.76, 205.08, 20.00, 4.63, 20.56, 15.64, 0.00, 98.29, 0.00, 90.00, 54.69, 0, 0
2.00, 5.70, 23.36, 23.36, 108.34, 20.00, 4.63, 20.00, 15.15, 0.00, 61.81, 0.00, 100.60, 65.99, 0, 0
2.00, 5.70, 22.93, 22.93, 18.42, 20.00, 4.63, 18.89, 14.04, 0.00, 30.09, 0.00, 109.42, 76.97, 0, 0
2.00, 5.70, 22.43, 22.43, -80.42, 20.00, 4.63, 17.78, 12.93, 0.00, 7.65, 0.00, 118.59, 87.35, 0, 0
2.00, 5.70, 22.08, 22.08, -138.34, 20.00, 4.63, 16.67, 11.82, 0.00, 0.00, 0.00, 0.00, 90.00, 0, 0
2.00, 5.70, 21.79, 21.79, -182.43, 20.00, 4.63, 15.56, 10.71, 0.00, 0.00, 0.00, 0.00, 90.00, 0, 0
2.00, 5.70, 21.45, 21.45, -233.31, 20.00, 4.63, 14.44, 9.60, 0.00, 0.00, 0.00, 0.00, 90.00, 0, 0
2.00, 5.70, 21.10, 21.10, -284.85, 20.00, 4.63, 13.33, 8.50, 0.00, 0.00, 0.00, 0.00, 90.00, 0, 0
2.00, 5.70, 20.73, 20.73, -338.22, 20.00, 4.63, 12.22, 7.40, 0.00, 0.00, 0.00, 0.00, 90.00, 0, 0
2.00, 5.70, 20.34, 20.34, -393.68, 20.00, 4.63, 11.11, 6.30, 0.00, 0.00, 0.00, 0.00, 90.00, 0, 0
2.00, 5.70, 19.93, 19.93, -451.19, 20.00, 4.63, 10.00, 5.20, 0.00, 0.00, 0.00, 0.00, 90.00, 0, 0
2.00, 5.70, 19.49, 19.49, -510.61, 20.00, 4.63, 8.89, 4.11, 0.00, 0.00, 0.00, 0.00, 90.00, 0, 0
2.00, 5.70, 19.07, 19.07, -564.75, 20.00, 4.63, 8.33, 3.50, 0.00, 0.00, 0.00, 0.00, 90.00, 0, 0
2.00, 5.70, 18.87, 18.87, -571.08, 20.00, 4.63, 8.89, 4.11, 0.00, 16.82, 73.23, -115.44, 84.05, 0, 0
2.00, 5.70, 18.98, 18.98, -515.72, 20.00, 4.63, 11.11, 6.30, 2.07, 45.73, 65.29, -106.44, 73.44, 0, 0
2.00, 5.70, 19.37, 19.37, -410.06, 20.00, 4.63, 13.33, 8.63, 36.61, 83.15, 59.72, -97.59, 62.32, 0, 0
2.00, 5.70, 20.07, 20.07, -251.31, 20.00, 4.63, 16.11, 11.33, 121.36, 116.37, 58.48, -90.00, 50.97, 0, 0
2.00, 5.70, 20.95, 20.95, -69.16, 20.00, 4.63, 17.78, 13.06, 202.21, 150.24, 58.27, -76.88, 39.71, 0, 0
2.00, 5.70, 21.94, 21.94, 117.20, 20.00, 4.63, 20.00, 15.15, 241.03, 180.98, 62.61, -61.10, 29.08, 0, 0
2.00, 5.70, 22.67, 22.67, 237.50, 20.00, 4.63, 21.67, 16.76, 199.99, 195.24, 69.64, -34.71, 20.55, 0, 0
2.00, 5.70, 23.13, 23.13, 293.97, 20.00, 4.63, 22.78, 17.88, 132.72, 196.44, 78.63, 7.43, 17.75, 0, 0
2.00, 5.70, 23.27, 23.27, 285.71, 20.00, 4.63, 23.33, 18.51, 8.63, 189.62, 88.98, 45.08, 22.94, 0, 0
2.00, 5.70, 24.07, 24.07, 422.09, 20.00, 4.63, 23.89, 19.00, 0.00, 168.15, 0.00, 67.04, 32.43, 0, 0
2.00, 5.70, 25.48, 25.48, 674.44, 20.00, 4.63, 23.89, 19.00, 0.00, 135.85, 0.00, 80.89, 43.36, 0, 0
2.00, 5.70, 26.28, 26.28, 778.11, 20.00, 4.63, 23.33, 18.51, 0.00, 108.81, 0.00, 90.00, 54.70, 0, 0
2.00, 5.70, 25.66, 25.66, 584.69, 20.00, 4.63, 21.67, 17.03, 0.00, 69.04, 0.00, 100.51, 66.00, 0, 0
2.00, 5.70, 24.99, 24.99, 407.35, 20.00, 4.63, 20.00, 15.41, 0.00, 35.29, 0.00, 109.34, 76.98, 0, 0
2.00, 5.70, 23.89, 23.89, 161.09, 20.00, 4.63, 18.89, 14.29, 0.00, 13.76, 0.00, 118.51, 87.37, 0, 0
2.00, 5.70, 23.46, 23.46, 79.97, 20.00, 4.63, 18.33, 13.68, 0.00, 0.00, 0.00, 0.00, 90.00, 0, 0
2.00, 5.70, 23.16, 23.16, 27.17, 20.00, 4.63, 17.22, 12.68, 0.00, 0.00, 0.00, 0.00, 90.00, 0, 0
2.00, 5.70, 22.82, 22.82, -29.34, 20.00, 4.63, 16.11, 11.57, 0.00, 0.00, 0.00, 0.00, 90.00, 0, 0
2.00, 5.70, 22.47, 22.47, -87.11, 20.00, 4.63, 15.00, 10.46, 0.00, 0.00, 0.00, 0.00, 90.00, 0, 0
2.00, 5.70, 22.17, 22.17, -133.09, 20.00, 4.63, 15.00, 10.34, 0.00, 0.00, 0.00, 0.00, 90.00, 0, 0
2.00, 5.70, 21.84, 21.84, -181.89, 20.00, 4.63, 14.44, 9.85, 0.00, 0.00, 0.00, 0.00, 90.00, 0, 0
2.00, 5.70, 21.50, 21.50, -231.45, 20.00, 4.63, 13.89, 9.35, 0.00, 0.00, 0.00, 0.00, 90.00, 0, 0
2.00, 5.70, 21.19, 21.19, -274.15, 20.00, 4.63, 13.89, 9.35, 0.00, 0.00, 0.00, 0.00, 90.00, 0, 0
2.00, 5.70, 20.85, 20.85, -320.38, 20.00, 4.63, 13.33, 8.85, 0.00, 0.00, 0.00, 0.00, 90.00, 0, 0
2.00, 5.70, 20.71, 20.71, -322.48, 20.00, 4.63, 14.44, 9.96, 0.00, 12.23, 73.20, -115.41, 84.14, 0, 0
2.00, 5.70, 20.77, 20.77, -287.19, 20.00, 4.63, 15.56, 11.07, 0.04, 34.54, 65.24, -106.40, 73.52, 0, 0
2.00, 5.70, 21.01, 21.01, -220.52, 20.00, 4.63, 16.67, 12.18, 1.40, 66.19, 59.66, -97.55, 62.40, 0, 0
2.00, 5.70, 21.30, 21.30, -151.66, 20.00, 4.63, 17.78, 13.29, 3.80, 90.70, 58.44, -90.00, 51.05, 0, 0
2.00, 5.70, 21.70, 21.70, -64.54, 20.00, 4.63, 18.89, 14.29, 9.49, 118.97, 58.18, -76.83, 39.79, 0, 0
2.00, 5.70, 22.16, 22.16, 26.48, 20.00, 4.63, 20.00, 15.41, 13.04, 143.24, 62.52, -61.05, 29.17, 0, 0
2.00, 5.70, 22.69, 22.69, 122.67, 20.00, 4.63, 21.11, 16.41, 28.83, 162.12, 69.55, -34.72, 20.64, 0, 0
2.00, 5.70, 22.92, 22.92, 150.49, 20.00, 4.63, 21.67, 17.03, 15.05, 151.13, 78.55, 7.25, 17.82, 0, 0
2.00, 5.70, 22.90, 22.90, 127.41, 20.00, 4.63, 21.67, 16.90, 0.45, 124.24, 88.89, 44.87, 22.98, 0, 0
2.00, 5.70, 22.71, 22.71, 74.02, 20.00, 4.63, 21.67, 16.90, 0.00, 85.86, 0.00, 66.87, 32.45, 0, 0
2.00, 5.70, 22.71, 22.71, 67.98, 20.00, 4.63, 21.11, 16.41, 0.00, 80.74, 0.00, 80.76, 43.37, 0, 0
2.00, 5.70, 23.58, 23.58, 243.08, 20.00, 4.63, 21.67, 16.90, 0.00, 102.92, 0.00, 90.00, 54.70, 0, 0
2.00, 5.70, 23.53, 23.53, 209.24, 20.00, 4.63, 21.11, 16.41, 0.00, 64.79, 0.00, 100.41, 66.01, 0, 0
2.00, 5.70, 22.61, 22.61, 0.23, 20.00, 4.63, 20.00, 15.29, 0.00, 15.29, 0.00, 109.25, 76.99, 0, 0
2.00, 5.70, 22.22, 22.22, -73.62, 20.00, 4.63, 18.89, 14.17, 0.00, 1.53, 0.00, 118.42, 87.39, 0, 0
2.00, 5.70, 21.95, 21.95, -119.40, 20.00, 4.63, 17.78, 12.93, 0.00, 0.00, 0.00, 0.00, 90.00, 0, 0
2.00, 5.70, 21.66, 21.66, -165.32, 20.00, 4.63, 16.11, 11.33, 0.00, 0.00, 0.00, 0.00, 90.00, 0, 0
2.00, 5.70, 21.35, 21.35, -214.23, 20.00, 4.63, 15.00, 10.22, 0.00, 0.00, 0.00, 0.00, 90.00, 0, 0
2.00, 5.70, 21.02, 21.02, -263.76, 20.00, 4.63, 13.89, 8.98, 0.00, 0.00, 0.00, 0.00, 90.00, 0, 0
2.00, 5.70, 20.65, 20.65, -322.01, 20.00, 4.63, 12.22, 7.40, 0.00, 0.00, 0.00, 0.00, 90.00, 0, 0
2.00, 5.70, 20.23, 20.23, -385.64, 20.00, 4.63, 10.56, 5.81, 0.00, 0.00, 0.00, 0.00, 90.00, 0, 0
2.00, 5.70, 19.77, 19.77, -453.91, 20.00, 4.63, 8.89, 4.11, 0.00, 0.00, 0.00, 0.00, 90.00, 0, 0
2.00, 5.70, 19.28, 19.28, -525.84, 20.00, 4.63, 7.22, 2.53, 0.00, 0.00, 0.00, 0.00, 90.00, 0, 0
2.00, 5.70, 18.75, 18.75, -601.86, 20.00, 4.63, 5.56, 0.73, 0.00, 0.00, 0.00, 0.00, 90.00, 0, 0
2.00, 5.70, 18.66, 18.66, -581.92, 20.00, 4.63, 6.67, 1.81, 0.00, 33.65, 73.16, -115.38, 84.23, 0, 0
2.00, 5.70, 18.64, 18.64, -553.82, 20.00, 4.63, 8.89, 3.99, 2.75, 47.29, 65.19, -106.36, 73.61, 0, 0
2.00, 5.70, 18.91, 18.91, -471.03, 20.00, 4.63, 10.56, 5.69, 23.48, 82.41, 59.59, -97.50, 62.49, 0, 0
2.00, 5.70, 19.49, 19.49, -333.56, 20.00, 4.63, 12.78, 7.88, 90.06, 119.99, 58.40, -90.00, 51.14, 0, 0
2.00, 5.70, 20.39, 20.39, -142.62, 20.00, 4.63, 15.00, 10.09, 229.09, 147.83, 58.09, -76.76, 39.88, 0, 0
2.00, 5.70, 21.32, 21.32, 36.27, 20.00, 4.63, 17.22, 12.30, 289.03, 169.97, 62.42, -60.99, 29.26, 0, 0
2.00, 5.70, 22.06, 22.06, 162.65, 20.00, 4.63, 18.89, 13.89, 249.86, 188.80, 69.45, -34.72, 20.73, 0, 0
2.00, 5.70, 22.46, 22.46, 211.17, 20.00, 4.63, 20.00, 15.01, 154.11, 195.03, 78.46, 7.08, 17.90, 0, 0
2.00, 5.70, 22.48, 22.48, 181.04, 20.00, 4.63, 20.56, 15.49, 12.96, 186.93, 88.81, 44.65, 23.02, 0, 0
2.00, 5.70, 23.24, 23.24, 313.62, 20.00, 4.63, 21.11, 16.13, 0.00, 167.67, 0.00, 66.70, 32.47, 0, 0
2.00, 5.70, 24.33, 24.33, 504.26, 20.00, 4.63, 21.11, 16.13, 0.00, 139.13, 0.00, 80.63, 43.38, 0, 0
2.00, 5.70, 24.97, 24.97, 585.99, 20.00, 4.63, 20.56, 15.49, 0.00, 109.99, 0.00, 90.00, 54.71, 0, 0
2.00, 5.70, 24.72, 24.72, 480.57, 20.00, 4.63, 18.89, 13.89, 0.00, 73.10, 0.00, 100.31, 66.02, 0, 0
2.00, 5.70, 23.82, 23.82, 258.57, 20.00, 4.63, 17.22, 12.30, 0.00, 34.05, 0.00, 109.15, 77.01, 0, 0
2.00, 5.70, 22.64, 22.64, 2.13, 20.00, 4.63, 16.11, 11.19, 0.00, 9.18, 0.00, 118.33, 87.42, 0, 0
2.00, 5.70, 22.13, 22.13, -90.14, 20.00, 4.63, 14.44, 9.60, 0.00, 0.00, 0.00, 0.00, 90.00, 0, 0
2.00, 5.70, 21.75, 21.75, -151.83, 20.00, 4.63, 13.33, 8.50, 0.00, 0.00, 0.00, 0.00, 90.00, 0, 0
2.00, 5.70, 21.33, 21.33, -218.01, 20.00, 4.63, 12.22, 7.27, 0.00, 0.00, 0.00, 0.00, 90.00, 0, 0
2.00, 5.70, 20.87, 20.87, -290.48, 20.00, 4.63, 10.56, 5.69, 0.00, 0.00, 0.00, 0.00, 90.00, 0, 0
2.00, 5.70, 20.45, 20.45, -353.37, 20.00, 4.63, 10.00, 5.08, 0.00, 0.00, 0.00, 0.00, 90.00, 0, 0
2.00, 5.70, 19.98, 19.98, -420.88, 20.00, 4.63, 8.89, 3.99, 0.00, 0.00, 0.00, 0.00, 90.00, 0, 0
2.00, 5.70, 19.53, 19.53, -483.51, 20.00, 4.63, 8.33, 3.39, 0.00, 0.00, 0.00, 0.00, 90.00, 0, 0
2.00, 5.70, 19.04, 19.04, -551.30, 20.00, 4.63, 7.22, 2.41, 0.00, 0.00, 0.00, 0.00, 90.00, 0, 0
2.00, 5.70, 18.57, 18.57, -614.15, 20.00, 4.63, 6.67, 1.81, 0.00, 0.00, 0.00, 0.00, 90.00, 0, 0
2.00, 5.70, 18.41, 18.41, -606.90, 20.00, 4.63, 7.78, 3.02, 0.00, 24.47, 73.12, -115.34, 84.32, 0, 0
2.00, 5.70, 18.45, 18.45, -566.47, 20.00, 4.63, 10.00, 5.20, 2.62, 45.74, 65.13, -106.31, 73.70, 0, 0
2.00, 5.70, 18.77, 18.77, -471.62, 20.00, 4.63, 12.22, 7.40, 32.73, 80.70, 59.52, -97.45, 62.58, 0, 0
2.00, 5.70, 19.40, 19.40, -325.84, 20.00, 4.63, 14.44, 9.60, 100.75, 117.83, 58.35, -90.00, 51.23, 0, 0
2.00, 5.70, 20.26, 20.26, -145.62, 20.00, 4.63, 16.67, 11.68, 200.26, 146.80, 57.99, -76.69, 39.96, 0, 0
2.00, 5.70, 21.14, 21.14, 23.80, 20.00, 4.63, 18.33, 13.41, 239.60, 173.29, 62.32, -60.92, 29.35, 0, 0
2.00, 5.70, 21.89, 21.89, 151.21, 20.00, 4.63, 20.00, 15.01, 212.02, 191.31, 69.36, -34.70, 20.84, 0, 0
2.00, 5.70, 22.30, 22.30, 201.47, 20.00, 4.63, 21.11, 15.98, 125.39, 194.59, 78.36, 6.91, 17.99, 0, 0
2.00, 5.70, 22.42, 22.42, 192.97, 20.00, 4.63, 21.67, 16.61, 10.15, 188.55, 88.72, 44.43, 23.07, 0, 0
2.00, 5.70, 23.08, 23.08, 302.58, 20.00, 4.63, 22.22, 17.09, 0.00, 169.08, 0.00, 66.52, 32.50, 0, 0
2.00, 5.70, 24.05, 24.05, 468.60, 20.00, 4.63, 22.22, 17.09, 0.00, 141.35, 0.00, 80.48, 43.40, 0, 0
2.00, 5.70, 24.50, 24.50, 513.76, 20.00, 4.63, 21.67, 16.45, 0.00, 107.34, 0.00, 90.00, 54.73, 0, 0
2.00, 5.70, 25.00, 25.00, 570.96, 20.00, 4.63, 20.56, 15.49, 0.00, 70.03, 0.00, 100.20, 66.04, 0, 0
2.00, 5.70, 25.48, 25.48, 624.45, 20.00, 4.63, 18.89, 13.75, 0.00, 33.90, 0.00, 109.05, 77.03, 0, 0
2.00, 5.70, 23.27, 23.27, 114.79, 20.00, 4.63, 17.22, 12.16, 0.00, 18.35, 0.00, 118.24, 87.45, 0, 0
2.00, 5.70, 22.64, 22.64, -7.45, 20.00, 4.63, 15.56, 10.57, 0.00, 0.00, 0.00, 0.00, 90.00, 0, 0
2.00, 5.70, 22.23, 22.23, -77.09, 20.00, 4.63, 14.44, 9.33, 0.00, 0.00, 0.00, 0.00, 90.00, 0, 0
2.00, 5.70, 21.79, 21.79, -151.01, 20.00, 4.63, 12.78, 7.75, 0.00, 0.00, 0.00, 0.00, 90.00, 0, 0
2.00, 5.70, 21.33, 21.33, -226.29, 20.00, 4.63, 11.11, 6.04, 0.00, 0.00, 0.00, 0.00, 90.00, 0, 0
2.00, 5.70, 20.87, 20.87, -297.80, 20.00, 4.63, 10.00, 4.95, 0.00, 0.00, 0.00, 0.00, 90.00, 0, 0
2.00, 5.70, 20.39, 20.39, -369.70, 20.00, 4.63, 8.89, 3.87, 0.00, 0.00, 0.00, 0.00, 90.00, 0, 0
2.00, 5.70, 19.85, 19.85, -450.17, 20.00, 4.63, 7.22, 2.17, 0.00, 0.00, 0.00, 0.00, 90.00, 0, 0
2.00, 5.70, 19.32, 19.32, -527.79, 20.00, 4.63, 6.11, 1.09, 0.00, 0.00, 0.00, 0.00, 90.00, 0, 0
2.00, 5.70, 18.73, 18.73, -612.56, 20.00, 4.63, 4.44, -0.59, 0.00, 0.00, 0.00, 0.00, 90.00, 0, 0
2.00, 5.70, 18.58, 18.58, -601.36, 20.00, 4.63, 5.56, 0.48, 0.00, 33.65, 73.07, -115.29, 84.42, 0, 0
2.00, 5.70, 18.45, 18.45, -593.41, 20.00, 4.63, 7.78, 2.64, 5.62, 41.96, 65.07, -106.26, 73.79, 0, 0
2.00, 5.70, 18.70, 18.70, -508.39, 20.00, 4.63, 10.00, 4.95, 50.57, 74.81, 59.44, -97.38, 62.67, 0, 0
2.00, 5.70, 19.27, 19.27, -368.19, 20.00, 4.63, 11.67, 6.66, 134.04, 112.64, 58.31, -90.00, 51.32, 0, 0
2.00, 5.70, 20.05, 20.05, -200.04, 20.00, 4.63, 13.33, 8.23, 212.17, 148.13, 57.89, -76.61, 40.06, 0, 0
2.00, 5.70, 20.87, 20.87, -39.04, 20.00, 4.63, 15.00, 9.95, 250.75, 175.97, 62.21, -60.83, 29.45, 0, 0
2.00, 5.70, 21.49, 21.49, 67.84, 20.00, 4.63, 16.11, 11.06, 222.31, 191.70, 69.25, -34.68, 20.94, 0, 0
2.00, 5.70, 21.85, 21.85, 114.18, 20.00, 4.63, 17.22, 12.16, 142.53, 198.00, 78.26, 6.75, 18.08, 0, 0
2.00, 5.70, 21.82, 21.82, 80.86, 20.00, 4.63, 17.78, 12.64, 13.84, 187.46, 88.62, 44.19, 23.13, 0, 0
2.00, 5.70, 22.45, 22.45, 191.83, 20.00, 4.63, 17.78, 12.64, 0.00, 168.71, 0.00, 66.33, 32.53, 0, 0
2.00, 5.70, 23.62, 23.62, 407.39, 20.00, 4.63, 17.78, 12.78, 0.00, 140.39, 0.00, 80.33, 43.42, 0, 0
2.00, 5.70, 24.90, 24.90, 627.61, 20.00, 4.63, 17.22, 12.16, 0.00, 106.01, 0.00, 90.00, 54.75, 0, 0
2.00, 5.70, 25.35, 25.35, 659.23, 20.00, 4.63, 16.11, 11.19, 0.00, 74.16, 0.00, 100.09, 66.06, 0, 0
2.00, 5.70, 24.20, 24.20, 360.65, 20.00, 4.63, 14.44, 9.60, 0.00, 35.82, 0.00, 108.94, 77.06, 0, 0
2.00, 5.70, 22.33, 22.33, -50.14, 20.00, 4.63, 13.33, 8.50, 0.00, 9.18, 0.00, 118.14, 87.48, 0, 0
2.00, 5.70, 21.70, 21.70, -159.48, 20.00, 4.63, 12.22, 7.40, 0.00, 0.00, 0.00, 0.00, 90.00, 0, 0
2.00, 5.70, 21.23, 21.23, -232.00, 20.00, 4.63, 11.11, 6.30, 0.00, 0.00, 0.00, 0.00, 90.00, 0, 0
2.00, 5.70, 20.78, 20.78, -299.51, 20.00, 4.63, 10.56, 5.81, 0.00, 0.00, 0.00, 0.00, 90.00, 0, 0
2.00, 5.70, 20.28, 20.28, -375.97, 20.00, 4.63, 8.89, 4.23, 0.00, 0.00, 0.00, 0.00, 90.00, 0, 0
2.00, 5.70, 19.87, 19.87, -429.02, 20.00, 4.63, 9.44, 4.60, 0.00, 0.00, 0.00, 0.00, 90.00, 0, 0
2.00, 5.70, 19.47, 19.47, -479.94, 20.00, 4.63, 9.44, 4.60, 0.00, 0.00, 0.00, 0.00, 90.00, 0, 0
2.00, 5.70, 19.12, 19.12, -520.91, 20.00, 4.63, 10.00, 5.20, 0.00, 0.00, 0.00, 0.00, 90.00, 0, 0
2.00, 5.70, 18.75, 18.75, -563.59, 20.00, 4.63, 10.00, 5.20, 0.00, 0.00, 0.00, 0.00, 90.00, 0, 0
2.00, 5.70, 18.40, 18.40, -604.19, 20.00, 4.63, 10.00, 5.32, 0.00, 0.00, 0.00, 0.00, 90.00, 0, 0
2.00, 5.70, 18.29, 18.29, -591.37, 20.00, 4.63, 11.67, 7.03, 0.00, 15.29, 73.02, -115.24, 84.52, 0, 0
2.00, 5.70, 18.17, 18.17, -587.30, 20.00, 4.63, 12.22, 7.64, 0.15, 21.07, 65.00, -106.20, 73.89, 0, 0
2.00, 5.70, 18.04, 18.04, -586.84, 20.00, 4.63, 12.22, 7.64, 0.00, 27.53, 59.35, -97.31, 62.76, 0, 0
2.00, 5.70, 18.37, 18.37, -494.01, 20.00, 4.63, 13.33, 8.74, 3.30, 74.62, 58.26, -90.00, 51.41, 0, 0
2.00, 5.70, 18.96, 18.96, -355.43, 20.00, 4.63, 15.00, 10.46, 13.96, 125.44, 57.78, -76.52, 40.15, 0, 0
2.00, 5.70, 19.42, 19.42, -259.79, 20.00, 4.63, 16.11, 11.57, 15.29, 145.93, 62.10, -60.74, 29.55, 0, 0
2.00, 5.70, 20.03, 20.03, -139.50, 20.00, 4.63, 17.78, 13.18, 41.40, 168.47, 69.14, -34.64, 21.05, 0, 0
2.00, 5.70, 20.75, 20.75, -6.66, 20.00, 4.63, 19.44, 14.79, 83.30, 186.62, 78.16, 6.58, 18.18, 0, 0
2.00, 5.70, 21.19, 21.19, 59.49, 20.00, 4.63, 21.11, 16.41, 13.77, 191.90, 88.53, 43.96, 23.19, 0, 0
2.00, 5.70, 21.97, 21.97, 194.43, 20.00, 4.63, 22.22, 17.53, 0.00, 174.76, 0.00, 66.14, 32.57, 0, 0
2.00, 5.70, 22.37, 22.37, 239.35, 20.00, 4.63, 22.22, 17.53, 0.00, 143.59, 0.00, 80.17, 43.45, 0, 0
2.00, 5.70, 22.78, 22.78, 289.76, 20.00, 4.63, 22.22, 17.65, 0.00, 107.86, 0.00, 90.00, 54.78, 0, 0
2.00, 5.70, 23.45, 23.45, 392.60, 20.00, 4.63, 21.67, 17.03, 0.00, 69.17, 0.00, 99.97, 66.09, 0, 0
2.00, 5.70, 23.99, 23.99, 462.45, 20.00, 4.63, 20.56, 16.03, 0.00, 34.26, 0.00, 108.83, 77.10, 0, 0
2.00, 5.70, 22.20, 22.20, 43.16, 20.00, 4.63, 20.00, 15.52, 0.00, 16.82, 0.00, 118.03, 87.53, 0, 0
2.00, 5.70, 21.79, 21.79, -39.13, 20.00, 4.63, 19.44, 14.91, 0.00, 0.00, 0.00, 0.00, 90.00, 0, 0
2.00, 5.70, 21.57, 21.57, -77.51, 20.00, 4.63, 18.89, 14.41, 0.00, 0.00, 0.00, 0.00, 90.00, 0, 0
2.00, 5.70, 21.34, 21.34, -117.36, 20.00, 4.63, 17.78, 13.29, 0.00, 0.00, 0.00, 0.00, 90.00, 0, 0
2.00, 5.70, 21.13, 21.13, -151.63, 20.00, 4.63, 17.22, 12.79, 0.00, 0.00, 0.00, 0.00, 90.00, 0, 0
2.00, 5.70, 20.91, 20.91, -185.92, 20.00, 4.63, 16.67, 12.18, 0.00, 0.00, 0.00, 0.00, 90.00, 0, 0
2.00, 5.70, 20.65, 20.65, -228.21, 20.00, 4.63, 15.56, 11.07, 0.00, 0.00, 0.00, 0.00, 90.00, 0, 0
2.00, 5.70, 20.39, 20.39, -267.59, 20.00, 4.63, 15.00, 10.46, 0.00, 0.00, 0.00, 0.00, 90.00, 0, 0
2.00, 5.70, 20.13, 20.13, -306.44, 20.00, 4.63, 14.44, 9.96, 0.00, 0.00, 0.00, 0.00, 90.00, 0, 0
2.00, 5.70, 19.82, 19.82, -352.66, 20.00, 4.63, 13.33, 8.85, 0.00, 0.00, 0.00, 0.00, 90.00, 0, 0
2.00, 5.70, 19.57, 19.57, -384.61, 20.00, 4.63, 13.33, 8.95, 0.00, 1.53, 72.96, -115.18, 84.62, 0, 0
2.00, 5.70, 19.60, 19.60, -356.92, 20.00, 4.63, 14.44, 10.06, 0.00, 22.94, 64.92, -106.13, 73.99, 0, 0
2.00, 5.70, 20.01, 20.01, -256.04, 20.00, 4.63, 16.11, 11.78, 5.48, 70.27, 59.26, -97.24, 62.86, 0, 0
2.00, 5.70, 20.50, 20.50, -150.30, 20.00, 4.63, 17.78, 13.40, 15.97, 104.70, 58.21, -90.00, 51.51, 0, 0
2.00, 5.70, 21.38, 21.38, 26.55, 20.00, 4.63, 20.00, 15.52, 93.69, 146.87, 57.66, -76.41, 40.25, 0, 0
2.00, 5.70, 22.22, 22.22, 180.33, 20.00, 4.63, 21.67, 17.26, 115.76, 177.24, 61.98, -60.63, 29.66, 0, 0
2.00, 5.70, 22.94, 22.94, 297.13, 20.00, 4.63, 23.33, 18.89, 107.36, 192.03, 69.03, -34.60, 21.17, 0, 0
2.00, 5.70, 23.58, 23.58, 392.07, 20.00, 4.63, 25.00, 20.52, 111.31, 195.31, 78.05, 6.42, 18.29, 0, 0
2.00, 5.70, 23.88, 23.88, 410.46, 20.00, 4.63, 25.56, 21.02, 9.65, 189.91, 88.43, 43.71, 23.26, 0, 0
2.00, 5.70, 24.31, 24.31, 461.87, 20.00, 4.63, 26.11, 21.53, 0.00, 167.34, 0.00, 65.93, 32.61, 0, 0
2.00, 5.70, 24.86, 24.86, 537.38, 20.00, 4.63, 26.11, 21.65, 0.00, 141.70, 0.00, 80.01, 43.48, 0, 0
2.00, 5.70, 24.92, 24.92, 505.37, 20.00, 4.63, 25.56, 21.02, 0.00, 101.92, 0.00, 90.00, 54.81, 0, 0
2.00, 5.70, 24.64, 24.64, 410.79, 20.00, 4.63, 24.44, 20.01, 0.00, 65.14, 0.00, 99.84, 66.12, 0, 0
2.00, 5.70, 24.26, 24.26, 307.54, 20.00, 4.63, 23.33, 18.89, 0.00, 28.14, 0.00, 108.72, 77.14, 0, 0
2.00, 5.70, 23.69, 23.69, 176.79, 20.00, 4.63, 22.22, 17.76, 0.00, 6.12, 0.00, 117.92, 87.58, 0, 0
2.00, 5.70, 23.43, 23.43, 123.31, 20.00, 4.63, 21.11, 16.75, 0.00, 0.00, 0.00, 0.00, 90.00, 0, 0
2.00, 5.70, 23.22, 23.22, 83.14, 20.00, 4.63, 20.00, 15.63, 0.00, 0.00, 0.00, 0.00, 90.00, 0, 0
2.00, 5.70, 22.99, 22.99, 39.76, 20.00, 4.63, 18.89, 14.51, 0.00, 0.00, 0.00, 0.00, 90.00, 0, 0
2.00, 5.70, 22.73, 22.73, -6.23, 20.00, 4.63, 17.78, 13.40, 0.00, 0.00, 0.00, 0.00, 90.00, 0, 0
2.00, 5.70, 22.48, 22.48, -48.35, 20.00, 4.63, 17.22, 12.79, 0.00, 0.00, 0.00, 0.00, 90.00, 0, 0
2.00, 5.70, 22.19, 22.19, -97.48, 20.00, 4.63, 16.11, 11.68, 0.00, 0.00, 0.00, 0.00, 90.00, 0, 0
2.00, 5.70, 21.87, 21.87, -150.35, 20.00, 4.63, 15.00, 10.57, 0.00, 0.00, 0.00, 0.00, 90.00, 0, 0
2.00, 5.70, 21.52, 21.52, -205.63, 20.00, 4.63, 13.89, 9.56, 0.00, 0.00, 0.00, 0.00, 90.00, 0, 0
2.00, 5.70, 21.18, 21.18, -255.98, 20.00, 4.63, 13.33, 8.95, 0.00, 0.00, 0.00, 0.00, 90.00, 0, 0
2.00, 5.70, 21.18, 21.18, -234.47, 20.00, 4.63, 14.44, 10.06, 0.00, 26.00, 72.90, -115.12, 84.73, 0, 0
2.00, 5.70, 21.32, 21.32, -187.97, 20.00, 4.63, 16.67, 12.28, 5.83, 47.28, 64.84, -106.06, 74.09, 0, 0
2.00, 5.70, 21.79, 21.79, -77.65, 20.00, 4.63, 19.44, 15.02, 56.15, 78.77, 59.16, -97.15, 62.96, 0, 0
2.00, 5.70, 22.56, 22.56, 81.65, 20.00, 4.63, 21.67, 17.26, 163.55, 106.80, 58.17, -90.00, 51.61, 0, 0
2.00, 5.70, 23.73, 23.73, 310.33, 20.00, 4.63, 23.89, 19.50, 320.84, 137.25, 57.54, -76.30, 40.35, 0, 0
2.00, 5.70, 24.89, 24.89, 515.72, 20.00, 4.63, 26.11, 21.65, 377.83, 160.69, 61.86, -60.52, 29.77, 0, 0
2.00, 5.70, 25.83, 25.83, 661.76, 20.00, 4.63, 27.78, 23.28, 347.35, 175.56, 68.91, -34.54, 21.29, 0, 0
2.00, 5.70, 26.38, 26.38, 719.85, 20.00, 4.63, 29.44, 24.79, 230.28, 179.43, 77.94, 6.27, 18.40, 0, 0
2.00, 5.70, 26.43, 26.43, 674.09, 20.00, 4.63, 30.00, 25.42, 26.83, 171.52, 88.32, 43.46, 23.34, 0, 0
2.00, 5.70, 27.51, 27.51, 856.97, 20.00, 4.63, 30.56, 25.93, 0.00, 154.50, 0.00, 65.72, 32.66, 0, 0
2.00, 5.70, 29.18, 29.18, 1146.95, 20.00, 4.63, 30.56, 25.93, 0.00, 131.69, 0.00, 79.84, 43.52, 0, 0
2.00, 5.70, 30.46, 30.46, 1332.55, 20.00, 4.63, 30.00, 25.42, 0.00, 99.36, 0.00, 90.00, 54.85, 0, 0
2.00, 5.70, 31.15, 31.15, 1387.72, 20.00, 4.63, 28.89, 24.29, 0.00, 71.75, 0.00, 99.71, 66.16, 0, 0
2.00, 5.70, 30.28, 30.28, 1120.46, 20.00, 4.63, 27.22, 22.66, 0.00, 33.87, 0.00, 108.60, 77.18, 0, 0
2.00, 5.70, 28.43, 28.43, 682.81, 20.00, 4.63, 25.56, 21.02, 0.00, 7.65, 0.00, 117.81, 87.63, 0, 0
2.00, 5.70, 27.94, 27.94, 577.97, 20.00, 4.63, 23.89, 19.39, 0.00, 0.00, 0.00, 0.00, 90.00, 0, 0
2.00, 5.70, 27.62, 27.62, 512.57, 20.00, 4.63, 22.78, 18.27, 0.00, 0.00, 0.00, 0.00, 90.00, 0, 0
2.00, 5.70, 27.28, 27.28, 444.79, 20.00, 4.63, 21.11, 16.53, 0.00, 0.00, 0.00, 0.00, 90.00, 0, 0
2.00, 5.70, 26.90, 26.90, 372.85, 20.00, 4.63, 19.44, 14.91, 0.00, 0.00, 0.00, 0.00, 90.00, 0, 0
2.00, 5.70, 26.51, 26.51, 302.88, 20.00, 4.63, 18.33, 13.79, 0.00, 0.00, 0.00, 0.00, 90.00, 0, 0
2.00, 5.70, 26.07, 26.07, 224.50, 20.00, 4.63, 16.67, 12.18, 0.00, 0.00, 0.00, 0.00, 90.00, 0, 0
2.00, 5.70, 25.62, 25.62, 148.35, 20.00, 4.63, 15.56, 11.07, 0.00, 0.00, 0.00, 0.00, 90.00, 0, 0
2.00, 5.70, 25.11, 25.11, 64.41, 20.00, 4.63, 13.89, 9.35, 0.00, 0.00, 0.00, 0.00, 90.00, 0, 0
2.00, 5.70, 24.60, 24.60, -16.14, 20.00, 4.63, 12.78, 8.25, 0.00, 0.00, 0.00, 0.00, 90.00, 0, 0
2.00, 5.70, 24.42, 24.42, -22.69, 20.00, 4.63, 13.33, 8.85, 0.00, 27.53, 72.83, -115.05, 84.84, 0, 0
2.00, 5.70, 24.35, 24.35, -10.93, 20.00, 4.63, 15.56, 11.07, 5.52, 41.59, 64.75, -105.98, 74.19, 0, 0
2.00, 5.70, 24.69, 24.69, 81.58, 20.00, 4.63, 18.33, 13.79, 48.01, 77.23, 59.05, -97.06, 63.06, 0, 0
2.00, 5.70, 25.30, 25.30, 219.34, 20.00, 4.63, 20.56, 16.03, 110.31, 115.63, 58.12, -90.00, 51.71, 0, 0
2.00, 5.70, 26.14, 26.14, 390.59, 20.00, 4.63, 22.22, 17.65, 206.55, 148.74, 57.41, -76.19, 40.46, 0, 0
2.00, 5.70, 26.89, 26.89, 528.01, 20.00, 4.63, 23.89, 19.27, 209.04, 174.94, 61.73, -60.39, 29.88, 0, 0
2.00, 5.70, 27.51, 27.51, 626.51, 20.00, 4.63, 25.00, 20.40, 182.76, 190.71, 68.79, -34.47, 21.42, 0, 0
2.00, 5.70, 27.87, 27.87, 666.95, 20.00, 4.63, 26.11, 21.40, 112.89, 193.59, 77.83, 6.12, 18.53, 0, 0
2.00, 5.70, 28.00, 28.00, 659.67, 20.00, 4.63, 26.67, 22.03, 16.81, 190.30, 88.22, 43.21, 23.42, 0, 0
2.00, 5.70, 28.66, 28.66, 769.27, 20.00, 4.63, 27.22, 22.53, 0.00, 170.77, 0.00, 65.50, 32.72, 0, 0
2.00, 5.70, 29.44, 29.44, 896.25, 20.00, 4.63, 27.22, 22.53, 0.00, 143.00, 0.00, 79.66, 43.57, 0, 0
2.00, 5.70, 29.54, 29.54, 871.71, 20.00, 4.63, 26.67, 21.89, 0.00, 110.36, 0.00, 90.00, 54.89, 0, 0
2.00, 5.70, 29.64, 29.64, 855.44, 20.00, 4.63, 25.00, 20.40, 0.00, 71.60, 0.00, 99.58, 66.21, 0, 0
2.00, 5.70, 29.31, 29.31, 751.82, 20.00, 4.63, 23.89, 19.27, 0.00, 32.93, 0.00, 108.48, 77.23, 0, 0
2.00, 5.70, 27.92, 27.92, 442.20, 20.00, 4.63, 22.22, 17.53, 0.00, 7.65, 0.00, 117.70, 87.69, 0, 0
2.00, 5.70, 27.41, 27.41, 349.10, 20.00, 4.63, 20.56, 15.91, 0.00, 0.00, 0.00, 0.00, 90.00, 0, 0
2.00, 5.70, 27.00, 27.00, 279.16, 20.00, 4.63, 18.89, 14.29, 0.00, 0.00, 0.00, 0.00, 90.00, 0, 0
2.00, 5.70, 26.59, 26.59, 212.18, 20.00, 4.63, 17.78, 13.18, 0.00, 0.00, 0.00, 0.00, 90.00, 0, 0
2.00, 5.70, 26.13, 26.13, 139.02, 20.00, 4.63, 16.11, 11.45, 0.00, 0.00, 0.00, 0.00, 90.00, 0, 0
2.00, 5.70, 25.67, 25.67, 68.41, 20.00, 4.63, 15.00, 10.34, 0.00, 0.00, 0.00, 0.00, 90.00, 0, 0
2.00, 5.70, 25.19, 25.19, -3.05, 20.00, 4.63, 13.89, 9.24, 0.00, 0.00, 0.00, 0.00, 90.00, 0, 0
2.00, 5.70, 24.69, 24.69, -75.83, 20.00, 4.63, 12.78, 8.13, 0.00, 0.00, 0.00, 0.00, 90.00, 0, 0
2.00, 5.70, 24.17, 24.17, -149.59, 20.00, 4.63, 11.67, 7.14, 0.00, 0.00, 0.00, 0.00, 90.00, 0, 0
2.00, 5.70, 23.63, 23.63, -224.43, 20.00, 4.63, 10.56, 6.04, 0.00, 0.00, 0.00, 0.00, 90.00, 0, 0
2.00, 5.70, 23.39, 23.39, -233.84, 20.00, 4.63, 11.67, 7.14, 0.00, 19.88, 72.75, -114.98, 84.95, 0, 0
2.00, 5.70, 23.38, 23.38, -198.25, 20.00, 4.63, 13.33, 8.74, 1.46, 46.28, 64.65, -105.90, 74.30, 0, 0
2.00, 5.70, 23.62, 23.62, -119.72, 20.00, 4.63, 15.00, 10.46, 15.69, 83.33, 58.93, -96.97, 63.16, 0, 0
2.00, 5.70, 24.17, 24.17, 16.16, 20.00, 4.63, 17.22, 12.68, 87.64, 121.81, 58.06, -90.00, 51.81, 0, 0
2.00, 5.70, 24.99, 24.99, 192.28, 20.00, 4.63, 19.44, 14.79, 199.49, 150.62, 57.27, -76.06, 40.57, 0, 0
2.00, 5.70, 25.88, 25.88, 367.33, 20.00, 4.63, 21.67, 17.03, 259.08, 175.34, 61.60, -60.25, 30.00, 0, 0
2.00, 5.70, 26.68, 26.68, 508.69, 20.00, 4.63, 23.89, 19.14, 269.83, 187.60, 68.66, -34.39, 21.55, 0, 0
2.00, 5.70, 27.11, 27.11, 564.76, 20.00, 4.63, 25.00, 20.27, 167.65, 195.52, 77.71, 5.97, 18.65, 0, 0
2.00, 5.70, 27.20, 27.20, 550.26, 20.00, 4.63, 26.11, 21.40, 18.42, 191.42, 88.11, 42.95, 23.51, 0, 0
2.00, 5.70, 27.74, 27.74, 636.38, 20.00, 4.63, 26.11, 21.40, 0.00, 170.15, 0.00, 65.28, 32.78, 0, 0
2.00, 5.70, 28.85, 28.85, 835.63, 20.00, 4.63, 26.11, 21.40, 0.00, 138.31, 0.00, 79.48, 43.62, 0, 0
2.00, 5.70, 30.02, 30.02, 1031.63, 20.00, 4.63, 26.11, 21.40, 0.00, 101.31, 0.00, 90.00, 54.93, 0, 0
2.00, 5.70, 30.86, 30.86, 1145.18, 20.00, 4.63, 25.00, 20.27, 0.00, 70.02, 0.00, 99.44, 66.25, 0, 0
2.00, 5.70, 30.43, 30.43, 990.76, 20.00, 4.63, 23.33, 18.65, 0.00, 34.40, 0.00, 108.35, 77.29, 0, 0
2.00, 5.70, 28.17, 28.17, 477.25, 20.00, 4.63, 21.67, 17.03, 0.00, 12.23, 0.00, 117.58, 87.75, 0, 0
2.00, 5.70, 27.56, 27.56, 363.66, 20.00, 4.63, 20.56, 15.91, 0.00, 0.00, 0.00, 0.00, 90.00, 0, 0
2.00, 5.70, 27.11, 27.11, 288.20, 20.00, 4.63, 18.89, 14.29, 0.00, 0.00, 0.00, 0.00, 90.00, 0, 0
2.00, 5.70, 26.68, 26.68, 219.45, 20.00, 4.63, 17.78, 13.18, 0.00, 0.00, 0.00, 0.00, 90.00, 0, 0
2.00, 5.70, 26.22, 26.22, 145.35, 20.00, 4.63, 16.11, 11.45, 0.00, 0.00, 0.00, 0.00, 90.00, 0, 0
2.00, 5.70, 25.75, 25.75, 73.92, 20.00, 4.63, 15.00, 10.34, 0.00, 0.00, 0.00, 0.00, 90.00, 0, 0
2.00, 5.70, 25.26, 25.26, 1.64, 20.00, 4.63, 13.89, 9.24, 0.00, 0.00, 0.00, 0.00, 90.00, 0, 0
2.00, 5.70, 24.79, 24.79, -64.60, 20.00, 4.63, 13.33, 8.74, 0.00, 0.00, 0.00, 0.00, 90.00, 0, 0
2.00, 5.70, 24.28, 24.28, -136.18, 20.00, 4.63, 12.22, 7.64, 0.00, 0.00, 0.00, 0.00, 90.00, 0, 0
2.00, 5.70, 23.75, 23.75, -209.83, 20.00, 4.63, 11.11, 6.54, 0.00, 0.00, 0.00, 0.00, 90.00, 0, 0
2.00, 5.70, 23.49, 23.49, -224.02, 20.00, 4.63, 12.22, 7.64, 0.00, 16.82, 72.67, -114.90, 85.07, 0, 0
2.00, 5.70, 23.48, 23.48, -189.01, 20.00, 4.63, 13.89, 9.35, 1.40, 43.01, 64.55, -105.81, 74.41, 0, 0
2.00, 5.70, 23.74, 23.74, -104.29, 20.00, 4.63, 15.56, 10.96, 25.85, 81.69, 58.81, -96.86, 63.27, 0, 0
2.00, 5.70, 24.36, 24.36, 42.90, 20.00, 4.63, 18.33, 13.68, 112.53, 116.06, 56.19, -87.32, 51.92, 0, 0
2.00, 5.70, 25.18, 25.18, 219.08, 20.00, 4.63, 20.56, 15.91, 217.35, 143.93, 57.13, -75.92, 40.68, 0, 0
2.00, 5.70, 26.04, 26.04, 386.17, 20.00, 4.63, 22.78, 18.15, 246.88, 171.44, 61.46, -60.10, 30.12, 0, 0
2.00, 5.70, 26.69, 26.69, 496.98, 20.00, 4.63, 23.89, 19.27, 216.59, 187.24, 68.53, -34.30, 21.69, 0, 0
2.00, 5.70, 27.09, 27.09, 549.23, 20.00, 4.63, 25.56, 20.90, 139.18, 190.19, 77.59, 5.83, 18.79, 0, 0
2.00, 5.70, 27.20, 27.20, 540.39, 20.00, 4.63, 26.11, 21.40, 17.49, 186.72, 88.00, 42.69, 23.60, 0, 0
2.00, 5.70, 27.77, 27.77, 634.68, 20.00, 4.63, 26.67, 21.89, 0.00, 168.68, 0.00, 65.05, 32.84, 0, 0
2.00, 5.70, 28.73, 28.73, 803.24, 20.00, 4.63, 26.67, 21.89, 0.00, 139.59, 0.00, 79.29, 43.67, 0, 0
2.00, 5.70, 29.88, 29.88, 998.48, 20.00, 4.63, 26.11, 21.40, 0.00, 107.83, 0.00, 90.00, 54.98, 0, 0
2.00, 5.70, 30.44, 30.44, 1056.60, 20.00, 4.63, 25.00, 20.40, 0.00, 71.21, 0.00, 99.30, 66.31, 0, 0
2.00, 5.70, 30.25, 30.25, 960.14, 20.00, 4.63, 23.33, 18.77, 0.00, 34.05, 0.00, 108.22, 77.35, 0, 0
2.00, 5.70, 28.14, 28.14, 478.61, 20.00, 4.63, 22.22, 17.65, 0.00, 16.82, 0.00, 117.45, 87.82, 0, 0
2.00, 5.70, 27.50, 27.50, 358.29, 20.00, 4.63, 20.56, 16.03, 0.00, 0.00, 0.00, 0.00, 90.00, 0, 0
2.00, 5.70, 27.09, 27.09, 289.35, 20.00, 4.63, 19.44, 14.91, 0.00, 0.00, 0.00, 0.00, 90.00, 0, 0
2.00, 5.70, 26.68, 26.68, 224.14, 20.00, 4.63, 18.33, 13.79, 0.00, 0.00, 0.00, 0.00, 90.00, 0, 0
2.00, 5.70, 26.24, 26.24, 153.11, 20.00, 4.63, 16.67, 12.18, 0.00, 0.00, 0.00, 0.00, 90.00, 0, 0
2.00, 5.70, 25.79, 25.79, 84.27, 20.00, 4.63, 15.56, 11.07, 0.00, 0.00, 0.00, 0.00, 90.00, 0, 0
2.00, 5.70, 25.35, 25.35, 21.45, 20.00, 4.63, 15.00, 10.46, 0.00, 0.00, 0.00, 0.00, 90.00, 0, 0
2.00, 5.70, 24.88, 24.88, -46.73, 20.00, 4.63, 13.89, 9.35, 0.00, 0.00, 0.00, 0.00, 90.00, 0, 0
2.00, 5.70, 24.42, 24.42, -109.99, 20.00, 4.63, 13.33, 8.85, 0.00, 0.00, 0.00, 0.00, 90.00, 0, 0
2.00, 5.70, 23.92, 23.92, -178.73, 20.00, 4.63, 12.22, 7.75, 0.00, 0.00, 0.00, 0.00, 90.00, 0, 0
2.00, 5.70, 23.80, 23.80, -165.63, 20.00, 4.63, 13.33, 8.95, 0.00, 29.06, 72.58, -114.81, 85.19, 0, 0
2.00, 5.70, 23.78, 23.78, -137.32, 20.00, 4.63, 16.11, 11.68, 6.98, 41.42, 64.44, -105.71, 74.53, 0, 0
2.00, 5.70, 24.12, 24.12, -40.93, 20.00, 4.63, 18.33, 13.79, 45.03, 75.97, 58.69, -96.75, 63.38, 0, 0
2.00, 5.70, 24.73, 24.73, 100.88, 20.00, 4.63, 20.00, 15.52, 116.20, 112.27, 56.05, -87.19, 52.03, 0, 0
2.00, 5.70, 25.56, 25.56, 274.18, 20.00, 4.63, 22.22, 17.65, 195.16, 144.98, 56.98, -75.78, 40.79, 0, 0
2.00, 5.70, 26.43, 26.43, 442.03, 20.00, 4.63, 23.89, 19.27, 227.24, 175.84, 61.31, -59.95, 30.25, 0, 0
2.00, 5.70, 27.19, 27.19, 573.19, 20.00, 4.63, 25.56, 20.90, 222.91, 191.44, 68.39, -34.20, 21.83, 0, 0
2.00, 5.70, 27.64, 27.64, 630.85, 20.00, 4.63, 26.67, 21.89, 147.03, 195.06, 77.46, 5.70, 18.93, 0, 0
2.00, 5.70, 27.77, 27.77, 622.43, 20.00, 4.63, 27.22, 22.39, 15.95, 190.71, 87.88, 42.42, 23.71, 0, 0
2.00, 5.70, 28.25, 28.25, 692.34, 20.00, 4.63, 27.78, 22.88, 0.00, 169.36, 0.00, 64.81, 32.92, 0, 0
2.00, 5.70, 29.11, 29.11, 839.46, 20.00, 4.63, 27.22, 22.39, 0.00, 139.08, 0.00, 79.09, 43.73, 0, 0
2.00, 5.70, 29.65, 29.65, 908.62, 20.00, 4.63, 26.67, 21.89, 0.00, 108.18, 0.00, 90.00, 55.04, 0, 0
2.00, 5.70, 29.39, 29.39, 808.42, 20.00, 4.63, 25.56, 20.77, 0.00, 71.21, 0.00, 99.15, 66.37, 0, 0
2.00, 5.70, 29.16, 29.16, 729.82, 20.00, 4.63, 23.89, 19.14, 0.00, 34.25, 0.00, 108.08, 77.41, 0, 0
2.00, 5.70, 27.82, 27.82, 430.77, 20.00, 4.63, 22.22, 17.39, 0.00, 15.29, 0.00, 117.33, 87.90, 0, 0
2.00, 5.70, 27.28, 27.28, 329.41, 20.00, 4.63, 20.56, 15.78, 0.00, 0.00, 0.00, 0.00, 90.00, 0, 0
2.00, 5.70, 26.84, 26.84, 254.12, 20.00, 4.63, 18.33, 13.55, 0.00, 0.00, 0.00, 0.00, 90.00, 0, 0
2.00, 5.70, 26.38, 26.38, 178.04, 20.00, 4.63, 16.67, 11.82, 0.00, 0.00, 0.00, 0.00, 90.00, 0, 0
2.00, 5.70, 25.87, 25.87, 94.10, 20.00, 4.63, 14.44, 9.60, 0.00, 0.00, 0.00, 0.00, 90.00, 0, 0
2.00, 5.70, 25.34, 25.34, 11.10, 20.00, 4.63, 12.78, 8.01, 0.00, 0.00, 0.00, 0.00, 90.00, 0, 0
2.00, 5.70, 24.77, 24.77, -74.87, 20.00, 4.63, 11.11, 6.30, 0.00, 0.00, 0.00, 0.00, 90.00, 0, 0
2.00, 5.70, 24.17, 24.17, -164.20, 20.00, 4.63, 9.44, 4.60, 0.00, 0.00, 0.00, 0.00, 90.00, 0, 0
2.00, 5.70, 23.53, 23.53, -256.41, 20.00, 4.63, 7.78, 3.02, 0.00, 0.00, 0.00, 0.00, 90.00, 0, 0
2.00, 5.70, 22.83, 22.83, -358.58, 20.00, 4.63, 5.56, 0.84, 0.00, 0.00, 0.00, 0.00, 90.00, 0, 0
2.00, 5.70, 22.48, 22.48, -382.88, 20.00, 4.63, 6.67, 1.81, 0.00, 21.41, 72.48, -114.72, 85.32, 0, 0
2.00, 5.70, 22.37, 22.37, -357.36, 20.00, 4.63, 8.89, 3.99, 6.37, 45.63, 64.33, -105.61, 74.65, 0, 0
2.00, 5.70, 22.59, 22.59, -273.31, 20.00, 4.63, 11.11, 6.18, 34.45, 83.58, 58.55, -96.64, 63.50, 0, 0
2.00, 5.70, 23.07, 23.07, -144.63, 20.00, 4.63, 13.33, 8.37, 109.14, 117.70, 55.90, -87.06, 52.14, 0, 0
2.00, 5.70, 23.82, 23.82, 24.05, 20.00, 4.63, 15.56, 10.57, 215.98, 148.05, 56.83, -75.62, 40.91, 0, 0
2.00, 5.70, 24.61, 24.61, 186.48, 20.00, 4.63, 17.22, 12.30, 274.08, 174.22, 61.16, -59.78, 30.38, 0, 0
2.00, 5.70, 25.25, 25.25, 304.84, 20.00, 4.63, 18.89, 13.89, 277.55, 184.88, 68.25, -34.08, 21.98, 0, 0
2.00, 5.70, 25.60, 25.60, 354.01, 20.00, 4.63, 20.56, 15.49, 191.75, 188.40, 77.33, 5.56, 19.08, 0, 0
2.00, 5.70, 25.56, 25.56, 321.75, 20.00, 4.63, 21.11, 15.98, 26.69, 186.01, 87.76, 42.16, 23.81, 0, 0
2.00, 5.70, 26.10, 26.10, 419.43, 20.00, 4.63, 21.67, 16.61, 0.00, 166.15, 0.00, 64.57, 33.00, 0, 0
2.00, 5.70, 27.23, 27.23, 633.15, 20.00, 4.63, 21.67, 16.61, 0.00, 134.59, 0.00, 78.89, 43.80, 0, 0
2.00, 5.70, 28.50, 28.50, 856.30, 20.00, 4.63, 21.11, 15.98, 0.00, 100.74, 0.00, 90.00, 55.10, 0, 0
2.00, 5.70, 29.50, 29.50, 1008.06, 20.00, 4.63, 20.00, 15.01, 0.00, 65.46, 0.00, 99.00, 66.43, 0, 0
2.00, 5.70, 29.58, 29.58, 959.74, 20.00, 4.63, 18.33, 13.27, 0.00, 32.80, 0.00, 107.94, 77.48, 0, 0
2.00, 5.70, 26.59, 26.59, 281.92, 20.00, 4.63, 16.67, 11.68, 0.00, 18.35, 0.00, 117.19, 87.98, 0, 0
2.00, 5.70, 25.76, 25.76, 133.03, 20.00, 4.63, 15.00, 10.09, 0.00, 0.00, 0.00, 0.00, 90.00, 0, 0
2.00, 5.70, 25.18, 25.18, 40.89, 20.00, 4.63, 13.33, 8.37, 0.00, 0.00, 0.00, 0.00, 90.00, 0, 0
2.00, 5.70, 24.62, 24.62, -43.77, 20.00, 4.63, 12.22, 7.27, 0.00, 0.00, 0.00, 0.00, 90.00, 0, 0
2.00, 5.70, 24.00, 24.00, -137.39, 20.00, 4.63, 10.00, 5.08, 0.00, 0.00, 0.00, 0.00, 90.00, 0, 0
2.00, 5.70, 23.44, 23.44, -215.72, 20.00, 4.63, 9.44, 4.47, 0.00, 0.00, 0.00, 0.00, 90.00, 0, 0
2.00, 5.70, 22.85, 22.85, -296.83, 20.00, 4.63, 8.33, 3.39, 0.00, 0.00, 0.00, 0.00, 90.00, 0, 0
2.00, 5.70, 22.25, 22.25, -379.11, 20.00, 4.63, 7.22, 2.30, 0.00, 0.00, 0.00, 0.00, 90.00, 0, 0
2.00, 5.70, 21.62, 21.62, -462.54, 20.00, 4.63, 6.11, 1.09, 0.00, 0.00, 0.00, 0.00, 90.00, 0, 0
2.00, 5.70, 20.99, 20.99, -546.02, 20.00, 4.63, 5.00, 0.01, 0.00, 0.00, 0.00, 0.00, 90.00, 0, 0
2.00, 5.70, 20.67, 20.67, -558.36, 20.00, 4.63, 5.56, 0.61, 0.00, 26.00, 72.38, -114.62, 85.44, 0, 0
2.00, 5.70, 20.52, 20.52, -540.71, 20.00, 4.63, 7.78, 2.90, 6.48, 41.70, 64.21, -105.50, 74.77, 0, 0
2.00, 5.70, 20.74, 20.74, -452.44, 20.00, 4.63, 10.00, 5.08, 47.95, 77.49, 58.41, -96.51, 63.61, 0, 0
2.00, 5.70, 21.32, 21.32, -302.69, 20.00, 4.63, 12.22, 7.27, 156.87, 110.25, 55.75, -86.92, 52.26, 0, 0
2.00, 5.70, 22.16, 22.16, -112.64, 20.00, 4.63, 14.44, 9.47, 279.60, 140.42, 56.67, -75.46, 41.03, 0, 0
2.00, 5.70, 22.95, 22.95, 49.14, 20.00, 4.63, 16.11, 11.19, 273.63, 176.49, 61.01, -59.60, 30.51, 0, 0
2.00, 5.70, 23.59, 23.59, 165.83, 20.00, 4.63, 17.78, 12.78, 252.46, 191.39, 68.11, -33.96, 22.14, 0, 0
2.00, 5.70, 23.92, 23.92, 209.69, 20.00, 4.63, 18.89, 13.89, 183.48, 190.37, 77.20, 5.44, 19.23, 0, 0
2.00, 5.70, 23.88, 23.88, 180.29, 20.00, 4.63, 19.44, 14.53, 28.28, 185.76, 87.64, 41.88, 23.93, 0, 0
2.00, 5.70, 24.40, 24.40, 272.56, 20.00, 4.63, 20.00, 15.01, 0.00, 168.03, 0.00, 64.32, 33.08, 0, 0
2.00, 5.70, 25.06, 25.06, 389.11, 20.00, 4.63, 19.44, 14.53, 0.00, 143.13, 0.00, 78.68, 43.87, 0, 0
2.00, 5.70, 25.57, 25.57, 463.78, 20.00, 4.63, 18.89, 13.89, 0.00, 109.91, 0.00, 90.00, 55.17, 0, 0
2.00, 5.70, 25.22, 25.22, 357.05, 20.00, 4.63, 17.22, 12.30, 0.00, 68.95, 0.00, 98.84, 66.50, 0, 0
2.00, 5.70, 24.35, 24.35, 157.55, 20.00, 4.63, 15.56, 10.71, 0.00, 32.01, 0.00, 107.80, 77.56, 0, 0
2.00, 5.70, 23.26, 23.26, -67.19, 20.00, 4.63, 14.44, 9.60, 0.00, 12.23, 0.00, 117.06, 88.07, 0, 0
2.00, 5.70, 22.75, 22.75, -149.39, 20.00, 4.63, 13.89, 9.12, 0.00, 0.00, 0.00, 0.00, 90.00, 0, 0
2.00, 5.70, 22.34, 22.34, -207.27, 20.00, 4.63, 12.78, 8.01, 0.00, 0.00, 0.00, 0.00, 90.00, 0, 0
2.00, 5.70, 21.89, 21.89, -273.11, 20.00, 4.63, 11.67, 6.91, 0.00, 0.00, 0.00, 0.00, 90.00, 0, 0
2.00, 5.70, 21.43, 21.43, -338.02, 20.00, 4.63, 10.56, 5.93, 0.00, 0.00, 0.00, 0.00, 90.00, 0, 0
2.00, 5.70, 21.02, 21.02, -389.94, 20.00, 4.63, 10.56, 5.81, 0.00, 0.00, 0.00, 0.00, 90.00, 0, 0
2.00, 5.70, 20.62, 20.62, -437.09, 20.00, 4.63, 10.56, 5.69, 0.00, 0.00, 0.00, 0.00, 90.00, 0, 0
2.00, 5.70, 20.21, 20.21, -488.17, 20.00, 4.63, 10.00, 5.20, 0.00, 0.00, 0.00, 0.00, 90.00, 0, 0
2.00, 5.70, 19.81, 19.81, -532.87, 20.00, 4.63, 10.00, 5.20, 0.00, 0.00, 0.00, 0.00, 90.00, 0, 0
2.00, 5.70, 19.40, 19.40, -581.00, 20.00, 4.63, 9.44, 4.72, 0.00, 0.00, 0.00, 0.00, 90.00, 0, 0
2.00, 5.70, 19.23, 19.23, -578.57, 20.00, 4.63, 10.56, 5.93, 0.00, 15.29, 72.28, -114.52, 85.57, 0, 0
2.00, 5.70, 19.22, 19.22, -544.85, 20.00, 4.63, 11.67, 7.03, 0.57, 35.37, 64.08, -105.38, 74.89, 0, 0
2.00, 5.70, 19.34, 19.34, -491.14, 20.00, 4.63, 12.78, 8.13, 1.22, 59.72, 58.26, -96.38, 63.73, 0, 0
2.00, 5.70, 19.55, 19.55, -424.43, 20.00, 4.63, 13.89, 9.24, 3.27, 84.59, 55.59, -86.77, 52.37, 0, 0
2.00, 5.70, 19.99, 19.99, -318.82, 20.00, 4.63, 15.00, 10.34, 22.75, 119.56, 56.50, -75.29, 41.15, 0, 0
2.00, 5.70, 21.03, 21.03, -96.60, 20.00, 4.63, 17.22, 12.56, 143.58, 170.28, 60.85, -59.41, 30.64, 0, 0
2.00, 5.70, 21.64, 21.64, 14.27, 20.00, 4.63, 18.89, 14.17, 106.66, 183.43, 67.96, -33.83, 22.29, 0, 0
2.00, 5.70, 21.98, 21.98, 62.01, 20.00, 4.63, 19.44, 14.79, 59.88, 183.47, 77.07, 5.32, 19.39, 0, 0
2.00, 5.70, 22.14, 22.14, 74.37, 20.00, 4.63, 20.56, 15.91, 7.68, 171.90, 87.52, 41.61, 24.05, 0, 0
2.00, 5.70, 22.31, 22.31, 89.07, 20.00, 4.63, 20.56, 15.91, 0.00, 152.04, 0.00, 64.07, 33.17, 0, 0
2.00, 5.70, 22.47, 22.47, 105.20, 20.00, 4.63, 20.56, 15.91, 0.00, 128.24, 0.00, 78.47, 43.95, 0, 0
2.00, 5.70, 22.63, 22.63, 121.85, 20.00, 4.63, 20.00, 15.41, 0.00, 105.13, 0.00, 90.00, 55.24, 0, 0
2.00, 5.70, 22.69, 22.69, 117.73, 20.00, 4.63, 19.44, 14.91, 0.00, 71.61, 0.00, 98.68, 66.58, 0, 0
2.00, 5.70, 22.27, 22.27, 14.68, 20.00, 4.63, 18.33, 13.79, 0.00, 32.07, 0.00, 107.65, 77.64, 0, 0
2.00, 5.70, 21.54, 21.54, -140.27, 20.00, 4.63, 17.78, 13.29, 0.00, 6.12, 0.00, 116.92, 88.16, 0, 0
2.00, 5.70, 21.21, 21.21, -195.72, 20.00, 4.63, 16.67, 12.18, 0.00, 0.00, 0.00, 0.00, 90.00, 0, 0
2.00, 5.70, 20.97, 20.97, -229.62, 20.00, 4.63, 16.11, 11.68, 0.00, 0.00, 0.00, 0.00, 90.00, 0, 0
2.00, 5.70, 20.72, 20.72, -265.81, 20.00, 4.63, 15.56, 11.07, 0.00, 0.00, 0.00, 0.00, 90.00, 0, 0
2.00, 5.70, 20.47, 20.47, -300.62, 20.00, 4.63, 15.00, 10.57, 0.00, 0.00, 0.00, 0.00, 90.00, 0, 0
2.00, 5.70, 20.21, 20.21, -336.09, 20.00, 4.63, 14.44, 9.96, 0.00, 0.00, 0.00, 0.00, 90.00, 0, 0
2.00, 5.70, 19.94, 19.94, -372.43, 20.00, 4.63, 13.89, 9.35, 0.00, 0.00, 0.00, 0.00, 90.00, 0, 0
2.00, 5.70, 19.66, 19.66, -409.17, 20.00, 4.63, 13.33, 8.85, 0.00, 0.00, 0.00, 0.00, 90.00, 0, 0
2.00, 5.70, 19.37, 19.37, -446.24, 20.00, 4.63, 12.78, 8.35, 0.00, 0.00, 0.00, 0.00, 90.00, 0, 0
2.00, 5.70, 19.07, 19.07, -483.56, 20.00, 4.63, 12.22, 7.85, 0.00, 0.00, 0.00, 0.00, 90.00, 0, 0
2.00, 5.70, 19.01, 19.01, -470.84, 20.00, 4.63, 13.33, 8.95, 0.00, 15.29, 72.16, -114.41, 85.71, 0, 0
2.00, 5.70, 19.18, 19.18, -413.60, 20.00, 4.63, 15.00, 10.67, 1.39, 40.30, 63.95, -105.26, 75.01, 0, 0
2.00, 5.70, 19.53, 19.53, -326.81, 20.00, 4.63, 16.11, 11.78, 6.39, 74.89, 58.11, -96.25, 63.85, 0, 0
2.00, 5.70, 20.10, 20.10, -201.89, 20.00, 4.63, 17.78, 13.40, 33.45, 112.75, 55.42, -86.61, 52.49, 0, 0
2.00, 5.70, 20.81, 20.81, -61.78, 20.00, 4.63, 19.44, 15.12, 68.66, 144.69, 56.33, -75.11, 41.27, 0, 0
2.00, 5.70, 21.19, 21.19, -0.23, 20.00, 4.63, 20.00, 15.63, 39.91, 150.88, 60.68, -59.21, 30.78, 0, 0
2.00, 5.70, 21.63, 21.63, 71.92, 20.00, 4.63, 21.11, 16.75, 31.56, 161.01, 67.81, -33.68, 22.46, 0, 0
2.00, 5.70, 22.36, 22.36, 200.39, 20.00, 4.63, 22.22, 17.76, 63.90, 188.98, 76.93, 5.21, 19.56, 0, 0
2.00, 5.70, 22.67, 22.67, 232.55, 20.00, 4.63, 22.78, 18.38, 9.58, 179.56, 87.40, 41.33, 24.18, 0, 0
2.00, 5.70, 22.86, 22.86, 240.29, 20.00, 4.63, 22.78, 18.38, 0.00, 149.85, 0.00, 63.81, 33.27, 0, 0
2.00, 5.70, 22.65, 22.65, 168.62, 20.00, 4.63, 22.22, 17.87, 0.00, 95.49, 0.00, 78.25, 44.03, 0, 0
2.00, 5.70, 23.05, 23.05, 233.73, 20.00, 4.63, 21.67, 17.36, 0.00, 86.18, 0.00, 90.00, 55.32, 0, 0
2.00, 5.70, 23.90, 23.90, 387.64, 20.00, 4.63, 21.11, 16.85, 0.00, 69.65, 0.00, 98.52, 66.66, 0, 0
2.00, 5.70, 23.83, 23.83, 335.96, 20.00, 4.63, 20.56, 16.24, 0.00, 32.53, 0.00, 107.50, 77.73, 0, 0
2.00, 5.70, 22.57, 22.57, 45.88, 20.00, 4.63, 19.44, 15.22, 0.00, 9.18, 0.00, 116.78, 88.26, 0, 0
2.00, 5.70, 22.22, 22.22, -21.61, 20.00, 4.63, 18.89, 14.71, 0.00, 0.00, 0.00, 0.00, 90.00, 0, 0
2.00, 5.70, 21.99, 21.99, -60.87, 20.00, 4.63, 18.33, 14.10, 0.00, 0.00, 0.00, 0.00, 90.00, 0, 0
2.00, 5.70, 21.76, 21.76, -98.10, 20.00, 4.63, 17.78, 13.59, 0.00, 0.00, 0.00, 0.00, 90.00, 0, 0
2.00, 5.70, 21.54, 21.54, -134.10, 20.00, 4.63, 17.22, 12.99, 0.00, 0.00, 0.00, 0.00, 90.00, 0, 0
2.00, 5.70, 21.31, 21.31, -170.38, 20.00, 4.63, 16.67, 12.48, 0.00, 0.00, 0.00, 0.00, 90.00, 0, 0
2.00, 5.70, 21.10, 21.10, -200.44, 20.00, 4.63, 16.67, 12.38, 0.00, 0.00, 0.00, 0.00, 90.00, 0, 0
2.00, 5.70, 20.86, 20.86, -234.88, 20.00, 4.63, 16.11, 11.87, 0.00, 0.00, 0.00, 0.00, 90.00, 0, 0
2.00, 5.70, 20.65, 20.65, -263.61, 20.00, 4.63, 16.11, 11.87, 0.00, 0.00, 0.00, 0.00, 90.00, 0, 0
2.00, 5.70, 20.41, 20.41, -296.86, 20.00, 4.63, 15.56, 11.36, 0.00, 0.00, 0.00, 0.00, 90.00, 0, 0
2.00, 5.70, 20.41, 20.41, -278.15, 20.00, 4.63, 16.67, 12.48, 0.00, 16.82, 72.05, -114.30, 85.84, 0, 0
2.00, 5.70, 20.65, 20.65, -214.52, 20.00, 4.63, 18.33, 14.19, 2.88, 44.36, 63.81, -105.13, 75.14, 0, 0
2.00, 5.70, 21.13, 21.13, -108.52, 20.00, 4.63, 20.00, 15.83, 12.99, 82.62, 57.95, -96.10, 63.97, 0, 0
2.00, 5.70, 21.71, 21.71, 9.20, 20.00, 4.63, 21.11, 16.95, 35.84, 116.26, 55.24, -86.45, 52.61, 0, 0
2.00, 5.70, 22.56, 22.56, 172.85, 20.00, 4.63, 22.78, 18.68, 105.02, 150.19, 56.15, -74.92, 41.40, 0, 0
2.00, 5.70, 23.63, 23.63, 368.16, 20.00, 4.63, 25.00, 20.83, 190.02, 178.57, 60.51, -59.01, 30.92, 0, 0
2.00, 5.70, 24.37, 24.37, 478.95, 20.00, 4.63, 26.11, 21.86, 146.16, 191.72, 67.65, -33.53, 22.62, 0, 0
2.00, 5.70, 24.80, 24.80, 521.83, 20.00, 4.63, 27.22, 22.99, 69.36, 189.34, 76.79, 5.10, 19.73, 0, 0
2.00, 5.70, 24.80, 24.80, 475.88, 20.00, 4.63, 27.22, 22.99, 5.45, 153.28, 87.27, 41.06, 24.32, 0, 0
2.00, 5.70, 24.59, 24.59, 395.49, 20.00, 4.63, 26.11, 21.86, 0.00, 104.14, 0.00, 63.55, 33.38, 0, 0
2.00, 5.70, 24.85, 24.85, 425.64, 20.00, 4.63, 25.56, 21.35, 0.00, 106.61, 0.00, 78.03, 44.12, 0, 0
2.00, 5.70, 25.37, 25.37, 509.57, 20.00, 4.63, 25.56, 21.35, 0.00, 102.57, 0.00, 90.00, 55.41, 0, 0
2.00, 5.70, 25.09, 25.09, 417.92, 20.00, 4.63, 24.44, 20.22, 0.00, 55.52, 0.00, 98.35, 66.75, 0, 0
2.00, 5.70, 24.48, 24.48, 269.66, 20.00, 4.63, 23.33, 19.19, 0.00, 21.41, 0.00, 107.35, 77.82, 0, 0
2.00, 5.70, 24.18, 24.18, 203.64, 20.00, 4.63, 22.78, 18.58, 0.00, 4.59, 0.00, 116.64, 88.36, 0, 0
2.00, 5.70, 23.96, 23.96, 157.12, 20.00, 4.63, 21.67, 17.55, 0.00, 0.00, 0.00, 0.00, 90.00, 0, 0
2.00, 5.70, 23.79, 23.79, 124.83, 20.00, 4.63, 21.11, 16.95, 0.00, 0.00, 0.00, 0.00, 90.00, 0, 0
2.00, 5.70, 23.61, 23.61, 91.57, 20.00, 4.63, 20.56, 16.43, 0.00, 0.00, 0.00, 0.00, 90.00, 0, 0
2.00, 5.70, 23.38, 23.38, 50.62, 20.00, 4.63, 19.44, 15.31, 0.00, 0.00, 0.00, 0.00, 90.00, 0, 0
2.00, 5.70, 23.16, 23.16, 12.64, 20.00, 4.63, 18.89, 14.80, 0.00, 0.00, 0.00, 0.00, 90.00, 0, 0
2.00, 5.70, 22.93, 22.93, -25.43, 20.00, 4.63, 18.33, 14.19, 0.00, 0.00, 0.00, 0.00, 90.00, 0, 0
2.00, 5.70, 22.69, 22.69, -63.99, 20.00, 4.63, 17.78, 13.59, 0.00, 0.00, 0.00, 0.00, 90.00, 0, 0
2.00, 5.70, 22.43, 22.43, -102.88, 20.00, 4.63, 17.22, 13.08, 0.00, 0.00, 0.00, 0.00, 90.00, 0, 0
2.00, 5.70, 22.17, 22.17, -142.03, 20.00, 4.63, 16.67, 12.56, 0.00, 0.00, 0.00, 0.00, 90.00, 0, 0
2.00, 5.70, 22.11, 22.11, -138.18, 20.00, 4.63, 17.22, 13.16, 0.00, 15.29, 71.92, -114.18, 85.98, 0, 0
2.00, 5.70, 22.23, 22.23, -98.03, 20.00, 4.63, 18.89, 14.80, 0.57, 34.52, 63.66, -105.00, 75.27, 0, 0
2.00, 5.70, 22.53, 22.53, -25.48, 20.00, 4.63, 20.00, 15.92, 3.20, 66.05, 57.78, -95.95, 64.10, 0, 0
2.00, 5.70, 22.58, 22.58, -15.98, 20.00, 4.63, 20.56, 16.43, 2.77, 60.83, 55.06, -86.28, 52.74, 0, 0
2.00, 5.70, 23.00, 23.00, 74.53, 20.00, 4.63, 21.11, 16.95, 10.20, 100.86, 55.97, -74.73, 41.53, 0, 0
2.00, 5.70, 23.43, 23.43, 154.41, 20.00, 4.63, 22.22, 17.97, 12.03, 122.47, 60.34, -58.79, 31.07, 0, 0
2.00, 5.70, 23.85, 23.85, 229.88, 20.00, 4.63, 23.33, 19.10, 16.04, 136.37, 67.49, -33.37, 22.80, 0, 0
2.00, 5.70, 24.54, 24.54, 353.70, 20.00, 4.63, 24.44, 20.12, 38.16, 168.74, 76.64, 5.00, 19.92, 0, 0
2.00, 5.70, 25.06, 25.06, 433.61, 20.00, 4.63, 25.56, 21.25, 12.33, 181.24, 87.14, 40.78, 24.46, 0, 0
2.00, 5.70, 25.65, 25.65, 523.72, 20.00, 4.63, 26.67, 22.27, 0.00, 170.19, 0.00, 63.28, 33.49, 0, 0
2.00, 5.70, 26.72, 26.72, 709.77, 20.00, 4.63, 27.22, 22.77, 0.00, 142.22, 0.00, 77.81, 44.21, 0, 0
2.00, 5.70, 27.51, 27.51, 824.16, 20.00, 4.63, 27.22, 22.77, 0.00, 108.64, 0.00, 90.00, 55.50, 0, 0
2.00, 5.70, 27.86, 27.86, 839.37, 20.00, 4.63, 26.67, 22.27, 0.00, 71.17, 0.00, 98.17, 66.84, 0, 0
2.00, 5.70, 28.41, 28.41, 903.38, 20.00, 4.63, 26.11, 21.76, 0.00, 36.28, 0.00, 107.19, 77.92, 0, 0
2.00, 5.70, 26.52, 26.52, 456.09, 20.00, 4.63, 25.00, 20.63, 0.00, 18.35, 0.00, 116.49, 88.47, 0, 0
2.00, 5.70, 26.03, 26.03, 350.93, 20.00, 4.63, 23.33, 18.99, 0.00, 0.00, 0.00, 0.00, 90.00, 0, 0
2.00, 5.70, 25.71, 25.71, 288.62, 20.00, 4.63, 21.67, 17.26, 0.00, 0.00, 0.00, 0.00, 90.00, 0, 0
2.00, 5.70, 25.39, 25.39, 228.84, 20.00, 4.63, 20.00, 15.63, 0.00, 0.00, 0.00, 0.00, 90.00, 0, 0
2.00, 5.70, 25.08, 25.08, 174.21, 20.00, 4.63, 18.89, 14.41, 0.00, 0.00, 0.00, 0.00, 90.00, 0, 0
2.00, 5.70, 24.72, 24.72, 111.49, 20.00, 4.63, 17.22, 12.79, 0.00, 0.00, 0.00, 0.00, 90.00, 0, 0
2.00, 5.70, 24.31, 24.31, 43.13, 20.00, 4.63, 15.56, 11.17, 0.00, 0.00, 0.00, 0.00, 90.00, 0, 0
2.00, 5.70, 23.87, 23.87, -30.21, 20.00, 4.63, 13.89, 9.46, 0.00, 0.00, 0.00, 0.00, 90.00, 0, 0
2.00, 5.70, 23.38, 23.38, -107.40, 20.00, 4.63, 12.22, 7.85, 0.00, 0.00, 0.00, 0.00, 90.00, 0, 0
2.00, 5.70, 22.86, 22.86, -188.30, 20.00, 4.63, 10.56, 6.14, 0.00, 0.00, 0.00, 0.00, 90.00, 0, 0
2.00, 5.70, 22.68, 22.68, -194.57, 20.00, 4.63, 11.11, 6.74, 0.00, 26.00, 71.79, -114.05, 86.12, 0, 0
2.00, 5.70, 22.64, 22.64, -175.39, 20.00, 4.63, 13.33, 8.85, 8.13, 40.42, 63.51, -104.86, 75.40, 0, 0
2.00, 5.70, 22.95, 22.95, -86.62, 20.00, 4.63, 15.56, 11.07, 46.65, 75.47, 57.61, -95.80, 64.22, 0, 0
2.00, 5.70, 23.61, 23.61, 63.97, 20.00, 4.63, 17.78, 13.29, 140.61, 112.08, 54.88, -86.10, 52.86, 0, 0
2.00, 5.70, 24.41, 24.41, 227.54, 20.00, 4.63, 19.44, 15.02, 213.76, 145.86, 55.78, -74.52, 41.66, 0, 0
2.00, 5.70, 25.22, 25.22, 377.75, 20.00, 4.63, 21.11, 16.64, 241.20, 173.54, 60.16, -58.56, 31.22, 0, 0
2.00, 5.70, 25.85, 25.85, 479.74, 20.00, 4.63, 22.78, 18.27, 206.24, 188.23, 67.33, -33.20, 22.97, 0, 0
2.00, 5.70, 26.21, 26.21, 521.89, 20.00, 4.63, 23.33, 18.89, 146.87, 191.35, 76.50, 4.91, 20.10, 0, 0
2.00, 5.70, 26.31, 26.31, 509.35, 20.00, 4.63, 24.44, 20.01, 31.14, 185.24, 87.01, 40.50, 24.61, 0, 0
2.00, 5.70, 26.78, 26.78, 579.98, 20.00, 4.63, 24.44, 20.01, 0.00, 166.01, 0.00, 63.01, 33.60, 0, 0
2.00, 5.70, 27.58, 27.58, 715.89, 20.00, 4.63, 24.44, 20.01, 0.00, 140.15, 0.00, 77.57, 44.31, 0, 0
2.00, 5.70, 27.87, 27.87, 733.97, 20.00, 4.63, 23.33, 18.99, 0.00, 107.17, 0.00, 90.00, 55.59, 0, 0
2.00, 5.70, 28.13, 28.13, 749.99, 20.00, 4.63, 22.22, 17.87, 0.00, 69.48, 0.00, 98.00, 66.93, 0, 0
2.00, 5.70, 28.37, 28.37, 763.82, 20.00, 4.63, 20.56, 16.34, 0.00, 35.04, 0.00, 107.03, 78.03, 0, 0
2.00, 5.70, 26.49, 26.49, 335.26, 20.00, 4.63, 20.00, 15.73, 0.00, 16.82, 0.00, 116.34, 88.59, 0, 0
2.00, 5.70, 25.95, 25.95, 234.23, 20.00, 4.63, 19.44, 15.22, 0.00, 0.00, 0.00, 0.00, 90.00, 0, 0
2.00, 5.70, 25.59, 25.59, 177.68, 20.00, 4.63, 18.89, 14.71, 0.00, 0.00, 0.00, 0.00, 90.00, 0, 0
2.00, 5.70, 25.25, 25.25, 124.55, 20.00, 4.63, 18.33, 14.19, 0.00, 0.00, 0.00, 0.00, 90.00, 0, 0
2.00, 5.70, 24.92, 24.92, 74.20, 20.00, 4.63, 17.78, 13.68, 0.00, 0.00, 0.00, 0.00, 90.00, 0, 0
2.00, 5.70, 24.65, 24.65, 38.16, 20.00, 4.63, 18.33, 14.10, 0.00, 0.00, 0.00, 0.00, 90.00, 0, 0
2.00, 5.70, 24.40, 24.40, 8.48, 20.00, 4.63, 18.89, 14.61, 0.00, 0.00, 0.00, 0.00, 90.00, 0, 0
2.00, 5.70, 24.15, 24.15, -23.62, 20.00, 4.63, 18.89, 14.71, 0.00, 0.00, 0.00, 0.00, 90.00, 0, 0
2.00, 5.70, 23.93, 23.93, -47.98, 20.00, 4.63, 19.44, 15.22, 0.00, 0.00, 0.00, 0.00, 90.00, 0, 0
2.00, 5.70, 23.73, 23.73, -67.04, 20.00, 4.63, 20.00, 15.83, 0.00, 0.00, 0.00, 0.00, 90.00, 0, 0
2.00, 5.70, 23.62, 23.62, -69.62, 20.00, 4.63, 20.56, 16.43, 0.00, 6.12, 71.66, -113.92, 86.26, 0, 0
2.00, 5.70, 23.83, 23.83, -6.41, 20.00, 4.63, 22.22, 18.16, 2.28, 35.76, 63.35, -104.71, 75.54, 0, 0
2.00, 5.70, 24.33, 24.33, 109.32, 20.00, 4.63, 23.89, 19.80, 13.26, 79.42, 57.43, -95.63, 64.35, 0, 0
2.00, 5.70, 24.87, 24.87, 220.86, 20.00, 4.63, 25.56, 21.44, 25.27, 107.22, 54.68, -85.92, 52.99, 0, 0
2.00, 5.70, 25.55, 25.55, 351.77, 20.00, 4.63, 27.22, 23.09, 50.76, 135.25, 55.59, -74.31, 41.80, 0, 0
2.00, 5.70, 25.97, 25.97, 417.81, 20.00, 4.63, 27.78, 23.70, 32.18, 140.42, 59.98, -58.33, 31.37, 0, 0
2.00, 5.70, 26.07, 26.07, 415.23, 20.00, 4.63, 28.33, 24.22, 9.18, 116.11, 67.16, -33.02, 23.16, 0, 0
2.00, 5.70, 26.51, 26.51, 485.59, 20.00, 4.63, 28.33, 24.22, 15.35, 135.88, 76.35, 4.82, 20.30, 0, 0
2.00, 5.70, 27.13, 27.13, 590.53, 20.00, 4.63, 29.44, 25.25, 6.87, 164.14, 86.87, 40.22, 24.77, 0, 0
2.00, 5.70, 27.53, 27.53, 643.73, 20.00, 4.63, 30.00, 25.77, 0.00, 149.47, 0.00, 62.73, 33.72, 0, 0
2.00, 5.70, 27.89, 27.89, 685.69, 20.00, 4.63, 30.00, 25.77, 0.00, 126.81, 0.00, 77.34, 44.42, 0, 0
2.00, 5.70, 27.87, 27.87, 648.34, 20.00, 4.63, 29.44, 25.25, 0.00, 87.17, 0.00, 90.00, 55.69, 0, 0
2.00, 5.70, 27.92, 27.92, 631.12, 20.00, 4.63, 28.89, 24.73, 0.00, 58.51, 0.00, 97.81, 67.04, 0, 0
2.00, 5.70, 28.38, 28.38, 705.32, 20.00, 4.63, 28.33, 24.12, 0.00, 32.55, 0.00, 106.86, 78.14, 0, 0
2.00, 5.70, 27.44, 27.44, 480.69, 20.00, 4.63, 27.22, 23.09, 0.00, 12.23, 0.00, 116.19, 88.71, 0, 0
2.00, 5.70, 27.11, 27.11, 410.62, 20.00, 4.63, 25.56, 21.44, 0.00, 0.00, 0.00, 0.00, 90.00, 0, 0
2.00, 5.70, 26.91, 26.91, 369.52, 20.00, 4.63, 24.44, 20.32, 0.00, 0.00, 0.00, 0.00, 90.00, 0, 0
2.00, 5.70, 26.69, 26.69, 329.65, 20.00, 4.63, 23.33, 19.19, 0.00, 0.00, 0.00, 0.00, 90.00, 0, 0
2.00, 5.70, 26.46, 26.46, 287.80, 20.00, 4.63, 22.22, 18.07, 0.00, 0.00, 0.00, 0.00, 90.00, 0, 0
2.00, 5.70, 26.17, 26.17, 235.43, 20.00, 4.63, 20.56, 16.43, 0.00, 0.00, 0.00, 0.00, 90.00, 0, 0
2.00, 5.70, 25.86, 25.86, 183.57, 20.00, 4.63, 19.44, 15.31, 0.00, 0.00, 0.00, 0.00, 90.00, 0, 0
2.00, 5.70, 25.53, 25.53, 129.67, 20.00, 4.63, 18.33, 14.19, 0.00, 0.00, 0.00, 0.00, 90.00, 0, 0
2.00, 5.70, 25.18, 25.18, 73.40, 20.00, 4.63, 17.22, 13.08, 0.00, 0.00, 0.00, 0.00, 90.00, 0, 0
2.00, 5.70, 24.80, 24.80, 14.73, 20.00, 4.63, 16.11, 11.96, 0.00, 0.00, 0.00, 0.00, 90.00, 0, 0
2.00, 5.70, 24.72, 24.72, 21.85, 20.00, 4.63, 16.67, 12.56, 0.00, 24.47, 71.51, -113.78, 86.41, 0, 0
2.00, 5.70, 24.76, 24.76, 50.96, 20.00, 4.63, 18.33, 14.28, 7.31, 41.32, 63.19, -104.56, 75.67, 0, 0
2.00, 5.70, 25.17, 25.17, 150.61, 20.00, 4.63, 20.56, 16.43, 52.23, 75.88, 57.25, -95.47, 64.48, 0, 0
2.00, 5.70, 25.93, 25.93, 314.51, 20.00, 4.63, 22.78, 18.68, 168.46, 108.10, 54.48, -85.73, 53.12, 0, 0
2.00, 5.70, 26.96, 26.96, 516.62, 20.00, 4.63, 25.00, 20.83, 300.12, 135.86, 55.39, -74.09, 41.94, 0, 0
2.00, 5.70, 28.01, 28.01, 705.96, 20.00, 4.63, 26.67, 22.47, 362.23, 162.42, 59.79, -58.08, 31.53, 0, 0
2.00, 5.70, 28.88, 28.88, 845.09, 20.00, 4.63, 28.33, 24.12, 347.69, 177.58, 66.99, -32.83, 23.34, 0, 0
2.00, 5.70, 29.38, 29.38, 897.97, 20.00, 4.63, 30.00, 25.66, 220.41, 185.65, 76.19, 4.74, 20.49, 0, 0
2.00, 5.70, 29.40, 29.40, 853.35, 20.00, 4.63, 30.56, 26.17, 46.54, 178.78, 86.74, 39.94, 24.93, 0, 0
2.00, 5.70, 30.03, 30.03, 948.36, 20.00, 4.63, 31.11, 26.79, 0.00, 159.43, 0.00, 62.46, 33.85, 0, 0
2.00, 5.70, 31.53, 31.53, 1216.68, 20.00, 4.63, 31.11, 26.79, 0.00, 135.25, 0.00, 77.10, 44.53, 0, 0
2.00, 5.70, 32.37, 32.37, 1325.74, 20.00, 4.63, 30.56, 26.17, 0.00, 106.59, 0.00, 90.00, 55.80, 0, 0
2.00, 5.70, 32.38, 32.38, 1257.89, 20.00, 4.63, 29.44, 25.04, 0.00, 67.20, 0.00, 97.63, 67.14, 0, 0
2.00, 5.70, 32.30, 32.30, 1185.84, 20.00, 4.63, 28.33, 24.02, 0.00, 31.15, 0.00, 106.69, 78.25, 0, 0
2.00, 5.70, 30.47, 30.47, 760.68, 20.00, 4.63, 26.67, 22.37, 0.00, 13.76, 0.00, 116.03, 88.84, 0, 0
2.00, 5.70, 29.97, 29.97, 658.63, 20.00, 4.63, 25.56, 21.25, 0.00, 0.00, 0.00, 0.00, 90.00, 0, 0
2.00, 5.70, 29.64, 29.64, 598.82, 20.00, 4.63, 24.44, 20.12, 0.00, 0.00, 0.00, 0.00, 90.00, 0, 0
2.00, 5.70, 29.33, 29.33, 542.37, 20.00, 4.63, 23.33, 18.99, 0.00, 0.00, 0.00, 0.00, 90.00, 0, 0
2.00, 5.70, 28.96, 28.96, 476.91, 20.00, 4.63, 21.67, 17.36, 0.00, 0.00, 0.00, 0.00, 90.00, 0, 0
2.00, 5.70, 28.58, 28.58, 412.07, 20.00, 4.63, 20.56, 16.24, 0.00, 0.00, 0.00, 0.00, 90.00, 0, 0
2.00, 5.70, 28.15, 28.15, 338.35, 20.00, 4.63, 18.89, 14.61, 0.00, 0.00, 0.00, 0.00, 90.00, 0, 0
2.00, 5.70, 27.70, 27.70, 266.47, 20.00, 4.63, 17.78, 13.40, 0.00, 0.00, 0.00, 0.00, 90.00, 0, 0
2.00, 5.70, 27.20, 27.20, 187.08, 20.00, 4.63, 16.11, 11.78, 0.00, 0.00, 0.00, 0.00, 90.00, 0, 0
2.00, 5.70, 26.69, 26.69, 110.86, 20.00, 4.63, 15.00, 10.67, 0.00, 0.00, 0.00, 0.00, 90.00, 0, 0
2.00, 5.70, 26.50, 26.50, 102.52, 20.00, 4.63, 15.56, 11.27, 0.00, 24.47, 71.37, -113.63, 86.56, 0, 0
2.00, 5.70, 26.44, 26.44, 119.20, 20.00, 4.63, 17.78, 13.40, 12.89, 37.94, 63.02, -104.40, 75.81, 0, 0
2.00, 5.70, 26.76, 26.76, 211.18, 20.00, 4.63, 20.00, 15.63, 54.38, 74.02, 57.05, -95.29, 64.62, 0, 0
2.00, 5.70, 27.36, 27.36, 347.13, 20.00, 4.63, 21.67, 17.26, 130.93, 110.05, 54.28, -85.53, 53.26, 0, 0
2.00, 5.70, 28.22, 28.22, 525.11, 20.00, 4.63, 23.89, 19.50, 229.86, 143.21, 55.18, -73.86, 42.08, 0, 0
2.00, 5.70, 29.16, 29.16, 703.71, 20.00, 4.63, 25.56, 21.14, 312.10, 168.10, 59.60, -57.83, 31.69, 0, 0
2.00, 5.70, 29.93, 29.93, 832.83, 20.00, 4.63, 27.22, 22.77, 315.51, 179.45, 66.82, -32.63, 23.54, 0, 0
2.00, 5.70, 30.37, 30.37, 885.04, 20.00, 4.63, 28.89, 24.29, 223.85, 181.98, 76.04, 4.66, 20.70, 0, 0
2.00, 5.70, 30.33, 30.33, 838.30, 20.00, 4.63, 30.00, 25.42, 54.09, 172.14, 86.60, 39.66, 25.10, 0, 0
2.00, 5.70, 30.93, 30.93, 935.50, 20.00, 4.63, 30.56, 25.93, 0.00, 156.25, 0.00, 62.18, 33.99, 0, 0
2.00, 5.70, 32.18, 32.18, 1161.28, 20.00, 4.63, 30.00, 25.42, 0.00, 131.34, 0.00, 76.86, 44.65, 0, 0
2.00, 5.70, 33.33, 33.33, 1347.23, 20.00, 4.63, 29.44, 24.92, 0.00, 98.40, 0.00, 90.00, 55.91, 0, 0
2.00, 5.70, 33.90, 33.90, 1398.84, 20.00, 4.63, 28.33, 23.90, 0.00, 62.96, 0.00, 97.44, 67.26, 0, 0
2.00, 5.70, 33.68, 33.68, 1290.87, 20.00, 4.63, 27.22, 22.77, 0.00, 28.99, 0.00, 106.52, 78.37, 0, 0
2.00, 5.70, 31.41, 31.41, 769.02, 20.00, 4.63, 25.56, 21.14, 0.00, 13.76, 0.00, 115.87, 88.97, 0, 0
2.00, 5.70, 30.80, 30.80, 653.92, 20.00, 4.63, 24.44, 20.01, 0.00, 0.00, 0.00, 0.00, 90.00, 0, 0
2.00, 5.70, 30.40, 30.40, 586.94, 20.00, 4.63, 23.33, 18.89, 0.00, 0.00, 0.00, 0.00, 90.00, 0, 0
2.00, 5.70, 30.02, 30.02, 524.46, 20.00, 4.63, 22.22, 17.76, 0.00, 0.00, 0.00, 0.00, 90.00, 0, 0
2.00, 5.70, 29.59, 29.59, 453.94, 20.00, 4.63, 20.56, 16.14, 0.00, 0.00, 0.00, 0.00, 90.00, 0, 0
2.00, 5.70, 29.19, 29.19, 391.54, 20.00, 4.63, 20.00, 15.52, 0.00, 0.00, 0.00, 0.00, 90.00, 0, 0
2.00, 5.70, 28.74, 28.74, 323.60, 20.00, 4.63, 18.89, 14.41, 0.00, 0.00, 0.00, 0.00, 90.00, 0, 0
2.00, 5.70, 28.28, 28.28, 253.00, 20.00, 4.63, 17.78, 13.29, 0.00, 0.00, 0.00, 0.00, 90.00, 0, 0
2.00, 5.70, 27.79, 27.79, 180.97, 20.00, 4.63, 16.67, 12.28, 0.00, 0.00, 0.00, 0.00, 90.00, 0, 0
2.00, 5.70, 27.27, 27.27, 107.88, 20.00, 4.63, 15.56, 11.17, 0.00, 0.00, 0.00, 0.00, 90.00, 0, 0
2.00, 5.70, 26.95, 26.95, 75.99, 20.00, 4.63, 16.11, 11.78, 0.00, 10.71, 71.21, -113.48, 86.71, 0, 0
2.00, 5.70, 26.94, 26.94, 109.88, 20.00, 4.63, 17.78, 13.40, 3.61, 39.14, 62.84, -104.23, 75.95, 0, 0
2.00, 5.70, 27.19, 27.19, 189.83, 20.00, 4.63, 19.44, 15.12, 14.74, 78.41, 56.86, -95.11, 64.75, 0, 0
2.00, 5.70, 27.66, 27.66, 305.66, 20.00, 4.63, 21.11, 16.75, 59.06, 116.07, 54.07, -85.32, 53.39, 0, 0
2.00, 5.70, 28.39, 28.39, 462.70, 20.00, 4.63, 23.33, 18.89, 141.27, 148.43, 54.97, -73.63, 42.22, 0, 0
2.00, 5.70, 29.30, 29.30, 644.40, 20.00, 4.63, 25.56, 21.14, 231.69, 175.50, 59.40, -57.57, 31.85, 0, 0
2.00, 5.70, 29.70, 29.70, 703.18, 20.00, 4.63, 26.67, 22.15, 141.38, 182.37, 66.64, -32.42, 23.73, 0, 0
2.00, 5.70, 29.86, 29.86, 710.48, 20.00, 4.63, 27.22, 22.77, 55.03, 181.79, 75.88, 4.59, 20.91, 0, 0
2.00, 5.70, 29.84, 29.84, 684.68, 20.00, 4.63, 27.78, 23.16, 8.86, 165.38, 86.46, 39.38, 25.28, 0, 0
2.00, 5.70, 29.93, 29.93, 687.97, 20.00, 4.63, 27.78, 23.16, 0.00, 150.20, 0.00, 61.89, 34.13, 0, 0
2.00, 5.70, 30.52, 30.52, 796.15, 20.00, 4.63, 27.78, 23.28, 0.00, 137.78, 0.00, 76.61, 44.77, 0, 0
2.00, 5.70, 31.32, 31.32, 939.13, 20.00, 4.63, 27.22, 22.77, 0.00, 107.66, 0.00, 90.00, 56.03, 0, 0
2.00, 5.70, 31.35, 31.35, 910.14, 20.00, 4.63, 26.67, 22.15, 0.00, 68.55, 0.00, 97.25, 67.38, 0, 0
2.00, 5.70, 31.17, 31.17, 845.26, 20.00, 4.63, 25.00, 20.63, 0.00, 32.22, 0.00, 106.35, 78.50, 0, 0
2.00, 5.70, 29.67, 29.67, 514.65, 20.00, 4.63, 23.89, 19.50, 0.00, 13.76, 0.00, 115.71, 89.11, 0, 0
2.00, 5.70, 29.11, 29.11, 414.54, 20.00, 4.63, 22.22, 17.87, 0.00, 0.00, 0.00, 0.00, 90.00, 0, 0
2.00, 5.70, 28.72, 28.72, 355.15, 20.00, 4.63, 21.11, 16.75, 0.00, 0.00, 0.00, 0.00, 90.00, 0, 0
2.00, 5.70, 28.33, 28.33, 296.38, 20.00, 4.63, 20.00, 15.52, 0.00, 0.00, 0.00, 0.00, 90.00, 0, 0
2.00, 5.70, 27.89, 27.89, 230.45, 20.00, 4.63, 18.33, 13.90, 0.00, 0.00, 0.00, 0.00, 90.00, 0, 0
2.00, 5.70, 27.45, 27.45, 166.25, 20.00, 4.63, 17.22, 12.79, 0.00, 0.00, 0.00, 0.00, 90.00, 0, 0
2.00, 5.70, 26.99, 26.99, 100.73, 20.00, 4.63, 16.11, 11.68, 0.00, 0.00, 0.00, 0.00, 90.00, 0, 0
2.00, 5.70, 26.51, 26.51, 33.53, 20.00, 4.63, 15.00, 10.57, 0.00, 0.00, 0.00, 0.00, 90.00, 0, 0
2.00, 5.70, 26.04, 26.04, -28.03, 20.00, 4.63, 14.44, 10.06, 0.00, 0.00, 0.00, 0.00, 90.00, 0, 0
2.00, 5.70, 25.53, 25.53, -95.07, 20.00, 4.63, 13.33, 8.95, 0.00, 0.00, 0.00, 0.00, 90.00, 0, 0
2.00, 5.70, 25.30, 25.30, -102.35, 20.00, 4.63, 13.89, 9.56, 0.00, 21.41, 71.05, -113.32, 86.86, 0, 0
2.00, 5.70, 25.27, 25.27, -72.05, 20.00, 4.63, 16.11, 11.78, 12.34, 38.69, 62.66, -104.06, 76.10, 0, 0
2.00, 5.70, 25.58, 25.58, 24.90, 20.00, 4.63, 18.33, 13.90, 41.53, 76.13, 56.65, -94.92, 64.89, 0, 0
2.00, 5.70, 26.11, 26.11, 154.41, 20.00, 4.63, 20.00, 15.52, 87.81, 114.17, 53.85, -85.11, 53.53, 0, 0
2.00, 5.70, 26.85, 26.85, 313.87, 20.00, 4.63, 21.67, 17.26, 171.44, 145.23, 54.75, -73.38, 42.36, 0, 0
2.00, 5.70, 27.61, 27.61, 463.53, 20.00, 4.63, 23.33, 18.89, 204.96, 172.13, 59.20, -57.30, 32.02, 0, 0
2.00, 5.70, 28.25, 28.25, 578.74, 20.00, 4.63, 25.00, 20.52, 208.21, 183.18, 66.46, -32.21, 23.93, 0, 0
2.00, 5.70, 28.67, 28.67, 638.03, 20.00, 4.63, 26.11, 21.53, 156.90, 185.69, 75.72, 4.53, 21.13, 0, 0
2.00, 5.70, 28.79, 28.79, 635.17, 20.00, 4.63, 27.22, 22.53, 35.75, 182.08, 86.32, 39.11, 25.47, 0, 0
2.00, 5.70, 29.19, 29.19, 695.07, 20.00, 4.63, 27.22, 22.66, 0.00, 165.35, 0.00, 61.61, 34.28, 0, 0
2.00, 5.70, 30.00, 30.00, 839.87, 20.00, 4.63, 27.22, 22.66, 0.00, 141.02, 0.00, 76.36, 44.90, 0, 0
2.00, 5.70, 30.82, 30.82, 972.49, 20.00, 4.63, 26.67, 22.03, 0.00, 104.64, 0.00, 90.00, 56.15, 0, 0
2.00, 5.70, 31.41, 31.41, 1051.15, 20.00, 4.63, 26.11, 21.53, 0.00, 65.46, 0.00, 97.06, 67.50, 0, 0
2.00, 5.70, 30.66, 30.66, 845.92, 20.00, 4.63, 24.44, 19.90, 0.00, 30.06, 0.00, 106.17, 78.63, 0, 0
2.00, 5.70, 29.00, 29.00, 478.56, 20.00, 4.63, 22.78, 18.27, 0.00, 6.12, 0.00, 115.55, 89.25, 0, 0
2.00, 5.70, 28.49, 28.49, 389.88, 20.00, 4.63, 21.67, 17.15, 0.00, 0.00, 0.00, 0.00, 90.00, 0, 0
2.00, 5.70, 28.08, 28.08, 324.38, 20.00, 4.63, 20.00, 15.41, 0.00, 0.00, 0.00, 0.00, 90.00, 0, 0
2.00, 5.70, 27.67, 27.67, 261.88, 20.00, 4.63, 18.89, 14.29, 0.00, 0.00, 0.00, 0.00, 90.00, 0, 0
2.00, 5.70, 27.22, 27.22, 192.57, 20.00, 4.63, 17.22, 12.68, 0.00, 0.00, 0.00, 0.00, 90.00, 0, 0
2.00, 5.70, 26.77, 26.77, 125.05, 20.00, 4.63, 16.11, 11.57, 0.00, 0.00, 0.00, 0.00, 90.00, 0, 0
2.00, 5.70, 26.29, 26.29, 56.14, 20.00, 4.63, 15.00, 10.46, 0.00, 0.00, 0.00, 0.00, 90.00, 0, 0
2.00, 5.70, 25.79, 25.79, -14.44, 20.00, 4.63, 13.89, 9.35, 0.00, 0.00, 0.00, 0.00, 90.00, 0, 0
2.00, 5.70, 25.28, 25.28, -86.55, 20.00, 4.63, 12.78, 8.25, 0.00, 0.00, 0.00, 0.00, 90.00, 0, 0
2.00, 5.70, 24.77, 24.77, -152.82, 20.00, 4.63, 12.22, 7.64, 0.00, 0.00, 0.00, 0.00, 90.00, 0, 0
2.00, 5.70, 24.29, 24.29, -210.78, 20.00, 4.63, 11.67, 7.14, 0.00, 3.06, 70.89, -113.16, 87.02, 0, 0
2.00, 5.70, 24.01, 24.01, -227.12, 20.00, 4.63, 12.22, 7.64, 0.00, 15.29, 62.47, -103.89, 76.24, 0, 0
2.00, 5.70, 23.94, 23.94, -201.71, 20.00, 4.63, 13.33, 8.74, 0.24, 40.82, 56.44, -94.72, 65.03, 0, 0
2.00, 5.70, 24.26, 24.26, -100.32, 20.00, 4.63, 15.00, 10.46, 17.46, 90.15, 53.62, -84.89, 53.67, 0, 0
2.00, 5.70, 24.78, 24.78, 29.23, 20.00, 4.63, 16.67, 12.07, 50.77, 134.35, 54.53, -73.13, 42.51, 0, 0
2.00, 5.70, 25.40, 25.40, 166.60, 20.00, 4.63, 18.33, 13.79, 96.99, 166.39, 58.99, -57.02, 32.19, 0, 0
2.00, 5.70, 25.84, 25.84, 253.58, 20.00, 4.63, 20.00, 15.41, 84.28, 179.02, 66.28, -31.98, 24.14, 0, 0
2.00, 5.70, 26.16, 26.16, 309.34, 20.00, 4.63, 21.11, 16.53, 66.82, 182.68, 75.56, 4.48, 21.35, 0, 0
2.00, 5.70, 26.16, 26.16, 297.16, 20.00, 4.63, 21.67, 17.03, 12.05, 165.62, 86.17, 38.83, 25.66, 0, 0
2.00, 5.70, 26.31, 26.31, 321.59, 20.00, 4.63, 22.22, 17.65, 0.00, 154.78, 0.00, 61.32, 34.43, 0, 0
2.00, 5.70, 26.58, 26.58, 368.09, 20.00, 4.63, 22.22, 17.65, 0.00, 133.29, 0.00, 76.11, 45.03, 0, 0
2.00, 5.70, 26.42, 26.42, 323.82, 20.00, 4.63, 21.67, 17.15, 0.00, 99.22, 0.00, 87.27, 56.28, 0, 0
2.00, 5.70, 26.49, 26.49, 332.40, 20.00, 4.63, 21.11, 16.64, 0.00, 65.26, 0.00, 96.86, 67.63, 0, 0
2.00, 5.70, 26.23, 26.23, 272.94, 20.00, 4.63, 20.00, 15.52, 0.00, 25.55, 0.00, 105.99, 78.77, 0, 0
2.00, 5.70, 25.17, 25.17, 54.11, 20.00, 4.63, 18.89, 14.51, 0.00, 4.59, 0.00, 115.38, 89.40, 0, 0
2.00, 5.70, 24.79, 24.79, -3.14, 20.00, 4.63, 18.33, 13.90, 0.00, 0.00, 0.00, 0.00, 90.00, 0, 0
2.00, 5.70, 24.48, 24.48, -41.80, 20.00, 4.63, 17.78, 13.40, 0.00, 0.00, 0.00, 0.00, 90.00, 0, 0
2.00, 5.70, 24.16, 24.16, -83.26, 20.00, 4.63, 17.22, 12.79, 0.00, 0.00, 0.00, 0.00, 90.00, 0, 0
2.00, 5.70, 23.81, 23.81, -130.01, 20.00, 4.63, 16.11, 11.78, 0.00, 0.00, 0.00, 0.00, 90.00, 0, 0
2.00, 5.70, 23.46, 23.46, -172.92, 20.00, 4.63, 15.56, 11.17, 0.00, 0.00, 0.00, 0.00, 90.00, 0, 0
2.00, 5.70, 23.15, 23.15, -208.10, 20.00, 4.63, 15.56, 11.07, 0.00, 0.00, 0.00, 0.00, 90.00, 0, 0
2.00, 5.70, 22.82, 22.82, -246.93, 20.00, 4.63, 15.00, 10.57, 0.00, 0.00, 0.00, 0.00, 90.00, 0, 0
2.00, 5.70, 22.48, 22.48, -286.84, 20.00, 4.63, 14.44, 10.06, 0.00, 0.00, 0.00, 0.00, 90.00, 0, 0
2.00, 5.70, 22.13, 22.13, -327.13, 20.00, 4.63, 13.89, 9.56, 0.00, 0.00, 0.00, 0.00, 90.00, 0, 0
2.00, 5.70, 21.99, 21.99, -324.17, 20.00, 4.63, 14.44, 10.16, 0.00, 15.29, 70.72, -112.99, 87.18, 0, 0
2.00, 5.70, 22.04, 22.04, -282.45, 20.00, 4.63, 16.11, 11.87, 2.16, 34.10, 62.28, -103.70, 76.39, 0, 0
2.00, 5.70, 22.43, 22.43, -177.25, 20.00, 4.63, 17.78, 13.50, 25.36, 74.24, 56.22, -94.52, 65.17, 0, 0
2.00, 5.70, 22.98, 22.98, -51.53, 20.00, 4.63, 19.44, 15.22, 52.81, 110.07, 53.40, -84.67, 53.81, 0, 0
2.00, 5.70, 23.69, 23.69, 97.74, 20.00, 4.63, 21.11, 16.85, 96.48, 143.88, 54.31, -72.87, 42.66, 0, 0
2.00, 5.70, 24.57, 24.57, 268.06, 20.00, 4.63, 22.78, 18.48, 156.05, 174.16, 58.78, -56.74, 32.36, 0, 0
2.00, 5.70, 25.44, 25.44, 424.15, 20.00, 4.63, 24.44, 20.12, 208.91, 188.43, 66.09, -31.75, 24.35, 0, 0
2.00, 5.70, 26.10, 26.10, 525.77, 20.00, 4.63, 26.11, 21.76, 175.94, 194.56, 75.40, 4.43, 21.58, 0, 0
2.00, 5.70, 26.34, 26.34, 536.07, 20.00, 4.63, 27.22, 22.77, 46.45, 187.63, 86.03, 38.56, 25.85, 0, 0
2.00, 5.70, 26.82, 26.82, 601.01, 20.00, 4.63, 27.78, 23.40, 0.00, 169.41, 0.00, 61.03, 34.59, 0, 0
2.00, 5.70, 27.32, 27.32, 668.59, 20.00, 4.63, 27.22, 22.88, 0.00, 139.78, 0.00, 75.85, 45.18, 0, 0
2.00, 5.70, 27.74, 27.74, 716.34, 20.00, 4.63, 26.67, 22.27, 0.00, 107.15, 0.00, 87.04, 56.41, 0, 0
2.00, 5.70, 27.48, 27.48, 622.64, 20.00, 4.63, 25.56, 21.25, 0.00, 60.74, 0.00, 96.66, 67.77, 0, 0
2.00, 5.70, 26.49, 26.49, 391.05, 20.00, 4.63, 24.44, 20.12, 0.00, 21.86, 0.00, 105.80, 78.91, 0, 0
2.00, 5.70, 26.05, 26.05, 298.99, 20.00, 4.63, 23.33, 18.99, 0.00, 4.59, 0.00, 115.21, 89.56, 0, 0
2.00, 5.70, 25.78, 25.78, 248.23, 20.00, 4.63, 22.22, 17.97, 0.00, 0.00, 0.00, 0.00, 90.00, 0, 0
2.00, 5.70, 25.58, 25.58, 214.72, 20.00, 4.63, 21.67, 17.36, 0.00, 0.00, 0.00, 0.00, 90.00, 0, 0
2.00, 5.70, 25.33, 25.33, 172.39, 20.00, 4.63, 20.56, 16.34, 0.00, 0.00, 0.00, 0.00, 90.00, 0, 0
2.00, 5.70, 25.09, 25.09, 133.05, 20.00, 4.63, 20.00, 15.73, 0.00, 0.00, 0.00, 0.00, 90.00, 0, 0
2.00, 5.70, 24.83, 24.83, 93.08, 20.00, 4.63, 19.44, 15.12, 0.00, 0.00, 0.00, 0.00, 90.00, 0, 0
2.00, 5.70, 24.56, 24.56, 52.12, 20.00, 4.63, 18.89, 14.51, 0.00, 0.00, 0.00, 0.00, 90.00, 0, 0
2.00, 5.70, 24.25, 24.25, 3.50, 20.00, 4.63, 17.78, 13.50, 0.00, 0.00, 0.00, 0.00, 90.00, 0, 0
2.00, 5.70, 23.94, 23.94, -41.74, 20.00, 4.63, 17.22, 12.89, 0.00, 0.00, 0.00, 0.00, 90.00, 0, 0
2.00, 5.70, 23.62, 23.62, -85.90, 20.00, 4.63, 16.67, 12.38, 0.00, 0.00, 0.00, 0.00, 90.00, 0, 0
2.00, 5.70, 23.44, 23.44, -100.56, 20.00, 4.63, 17.22, 12.99, 0.00, 7.65, 70.54, -112.82, 87.34, 0, 0
2.00, 5.70, 23.31, 23.31, -105.69, 20.00, 4.63, 17.22, 12.99, 0.00, 16.82, 62.08, -103.51, 76.54, 0, 0
2.00, 5.70, 23.56, 23.56, -34.07, 20.00, 4.63, 18.89, 14.61, 3.05, 54.01, 56.00, -94.32, 65.31, 0, 0
2.00, 5.70, 24.11, 24.11, 92.61, 20.00, 4.63, 20.56, 16.34, 23.08, 102.69, 53.16, -84.43, 53.95, 0, 0
2.00, 5.70, 24.63, 24.63, 199.15, 20.00, 4.63, 22.22, 17.97, 39.71, 127.63, 54.08, -72.61, 42.81, 0, 0
2.00, 5.70, 24.98, 24.98, 261.32, 20.00, 4.63, 22.78, 18.48, 34.07, 137.71, 58.57, -56.45, 32.53, 0, 0
2.00, 5.70, 25.96, 25.96, 452.14, 20.00, 4.63, 25.00, 20.63, 141.33, 176.14, 65.90, -31.52, 24.56, 0, 0
2.00, 5.70, 26.73, 26.73, 580.56, 20.00, 4.63, 26.67, 22.27, 141.64, 191.47, 75.23, 4.38, 21.82, 0, 0
2.00, 5.70, 26.87, 26.87, 572.63, 20.00, 4.63, 27.22, 22.88, 21.99, 173.94, 85.88, 38.29, 26.06, 0, 0
2.00, 5.70, 27.09, 27.09, 584.96, 20.00, 4.63, 27.78, 23.40, 0.00, 154.16, 0.00, 60.73, 34.76, 0, 0
2.00, 5.70, 27.54, 27.54, 649.55, 20.00, 4.63, 27.78, 23.40, 0.00, 134.02, 0.00, 75.59, 45.32, 0, 0
2.00, 5.70, 28.43, 28.43, 803.43, 20.00, 4.63, 27.78, 23.40, 0.00, 107.83, 0.00, 86.82, 56.55, 0, 0
2.00, 5.70, 28.54, 28.54, 781.36, 20.00, 4.63, 27.22, 22.88, 0.00, 64.34, 0.00, 96.45, 67.91, 0, 0
2.00, 5.70, 27.49, 27.49, 524.67, 20.00, 4.63, 26.11, 21.76, 0.00, 24.37, 0.00, 105.62, 79.06, 0, 0
2.00, 5.70, 26.85, 26.85, 384.70, 20.00, 4.63, 25.00, 20.73, 0.00, 4.59, 0.00, 115.04, 89.72, 0, 0
2.00, 5.70, 26.56, 26.56, 329.24, 20.00, 4.63, 23.89, 19.61, 0.00, 0.00, 0.00, 0.00, 90.00, 0, 0
2.00, 5.70, 26.33, 26.33, 289.51, 20.00, 4.63, 22.78, 18.48, 0.00, 0.00, 0.00, 0.00, 90.00, 0, 0
2.00, 5.70, 26.09, 26.09, 247.22, 20.00, 4.63, 21.67, 17.46, 0.00, 0.00, 0.00, 0.00, 90.00, 0, 0
2.00, 5.70, 25.82, 25.82, 202.13, 20.00, 4.63, 20.56, 16.34, 0.00, 0.00, 0.00, 0.00, 90.00, 0, 0
2.00, 5.70, 25.56, 25.56, 160.62, 20.00, 4.63, 20.00, 15.73, 0.00, 0.00, 0.00, 0.00, 90.00, 0, 0
2.00, 5.70, 25.26, 25.26, 111.91, 20.00, 4.63, 18.89, 14.61, 0.00, 0.00, 0.00, 0.00, 90.00, 0, 0
2.00, 5.70, 24.96, 24.96, 66.62, 20.00, 4.63, 18.33, 14.10, 0.00, 0.00, 0.00, 0.00, 90.00, 0, 0
2.00, 5.70, 24.62, 24.62, 14.44, 20.00, 4.63, 17.22, 12.99, 0.00, 0.00, 0.00, 0.00, 90.00, 0, 0
2.00, 5.70, 24.28, 24.28, -33.68, 20.00, 4.63, 16.67, 12.48, 0.00, 0.00, 0.00, 0.00, 90.00, 0, 0
2.00, 5.70, 24.03, 24.03, -61.93, 20.00, 4.63, 16.67, 12.48, 0.00, 6.12, 70.36, -112.64, 87.50, 0, 0
2.00, 5.70, 24.09, 24.09, -26.04, 20.00, 4.63, 17.78, 13.59, 3.17, 32.97, 61.87, -103.32, 76.69, 0, 0
2.00, 5.70, 24.52, 24.52, 82.35, 20.00, 4.63, 20.00, 15.83, 32.94, 75.34, 55.77, -94.10, 65.46, 0, 0
2.00, 5.70, 25.19, 25.19, 226.13, 20.00, 4.63, 22.22, 17.97, 87.72, 112.71, 52.92, -84.19, 54.10, 0, 0
2.00, 5.70, 25.94, 25.94, 373.33, 20.00, 4.63, 23.89, 19.61, 126.17, 145.74, 53.84, -72.34, 42.97, 0, 0
2.00, 5.70, 26.79, 26.79, 531.47, 20.00, 4.63, 25.56, 21.25, 181.32, 172.00, 58.35, -56.15, 32.71, 0, 0
2.00, 5.70, 27.61, 27.61, 669.00, 20.00, 4.63, 27.22, 22.88, 214.05, 185.04, 65.71, -31.27, 24.78, 0, 0
2.00, 5.70, 28.18, 28.18, 746.98, 20.00, 4.63, 28.89, 24.53, 164.28, 188.17, 75.06, 4.35, 22.06, 0, 0
2.00, 5.70, 28.43, 28.43, 755.66, 20.00, 4.63, 30.00, 25.55, 48.15, 185.25, 85.73, 38.02, 26.27, 0, 0
2.00, 5.70, 28.91, 28.91, 819.37, 20.00, 4.63, 30.56, 26.17, 0.00, 165.98, 0.00, 60.44, 34.94, 0, 0
2.00, 5.70, 29.92, 29.92, 989.03, 20.00, 4.63, 30.56, 26.17, 0.00, 136.56, 0.00, 75.33, 45.48, 0, 0
2.00, 5.70, 30.41, 30.41, 1038.62, 20.00, 4.63, 30.00, 25.55, 0.00, 101.96, 0.00, 86.59, 56.70, 0, 0
2.00, 5.70, 30.94, 30.94, 1097.32, 20.00, 4.63, 28.89, 24.53, 0.00, 66.45, 0.00, 96.25, 68.06, 0, 0
2.00, 5.70, 31.34, 31.34, 1129.95, 20.00, 4.63, 27.78, 23.40, 0.00, 31.31, 0.00, 105.43, 79.22, 0, 0
2.00, 5.70, 29.34, 29.34, 660.41, 20.00, 4.63, 26.11, 21.76, 0.00, 13.76, 0.00, 114.86, 89.89, 0, 0
2.00, 5.70, 28.86, 28.86, 562.24, 20.00, 4.63, 25.00, 20.73, 0.00, 0.00, 0.00, 0.00, 90.00, 0, 0
2.00, 5.70, 28.56, 28.56, 506.18, 20.00, 4.63, 23.89, 19.61, 0.00, 0.00, 0.00, 0.00, 90.00, 0, 0
2.00, 5.70, 28.27, 28.27, 453.66, 20.00, 4.63, 22.78, 18.48, 0.00, 0.00, 0.00, 0.00, 90.00, 0, 0
2.00, 5.70, 27.95, 27.95, 399.11, 20.00, 4.63, 21.67, 17.26, 0.00, 0.00, 0.00, 0.00, 90.00, 0, 0
2.00, 5.70, 27.62, 27.62, 341.48, 20.00, 4.63, 20.56, 16.24, 0.00, 0.00, 0.00, 0.00, 90.00, 0, 0
2.00, 5.70, 27.25, 27.25, 280.64, 20.00, 4.63, 19.44, 15.12, 0.00, 0.00, 0.00, 0.00, 90.00, 0, 0
2.00, 5.70, 26.86, 26.86, 217.21, 20.00, 4.63, 18.33, 14.01, 0.00, 0.00, 0.00, 0.00, 90.00, 0, 0
2.00, 5.70, 26.44, 26.44, 151.81, 20.00, 4.63, 17.22, 12.89, 0.00, 0.00, 0.00, 0.00, 90.00, 0, 0
2.00, 5.70, 26.00, 26.00, 84.89, 20.00, 4.63, 16.11, 11.78, 0.00, 0.00, 0.00, 0.00, 90.00, 0, 0
2.00, 5.70, 25.63, 25.63, 36.93, 20.00, 4.63, 16.11, 11.78, 0.00, 3.06, 70.17, -112.46, 87.66, 0, 0
2.00, 5.70, 25.51, 25.51, 41.53, 20.00, 4.63, 16.67, 12.38, 0.15, 23.96, 61.66, -103.12, 76.84, 0, 0
2.00, 5.70, 25.72, 25.72, 109.92, 20.00, 4.63, 18.33, 14.10, 5.83, 63.20, 55.54, -93.88, 65.60, 0, 0
2.00, 5.70, 26.24, 26.24, 233.07, 20.00, 4.63, 20.56, 16.24, 40.33, 107.44, 52.67, -83.95, 54.24, 0, 0
2.00, 5.70, 26.90, 26.90, 374.88, 20.00, 4.63, 22.22, 17.97, 96.98, 143.07, 53.60, -72.06, 43.13, 0, 0
2.00, 5.70, 27.29, 27.29, 443.81, 20.00, 4.63, 23.89, 19.61, 69.36, 153.30, 58.13, -55.84, 32.90, 0, 0
2.00, 5.70, 27.57, 27.57, 487.14, 20.00, 4.63, 24.44, 20.12, 43.23, 160.65, 65.51, -31.02, 25.00, 0, 0
2.00, 5.70, 27.44, 27.44, 445.26, 20.00, 4.63, 24.44, 20.12, 18.75, 129.53, 74.89, 4.32, 22.31, 0, 0
2.00, 5.70, 27.67, 27.67, 483.91, 20.00, 4.63, 25.00, 20.63, 12.34, 144.53, 85.58, 37.75, 26.48, 0, 0
2.00, 5.70, 27.78, 27.78, 494.75, 20.00, 4.63, 25.00, 20.73, 0.00, 131.78, 0.00, 60.15, 35.12, 0, 0
2.00, 5.70, 27.89, 27.89, 506.43, 20.00, 4.63, 25.00, 20.73, 0.00, 112.43, 0.00, 75.07, 45.64, 0, 0
2.00, 5.70, 28.73, 28.73, 671.16, 20.00, 4.63, 25.00, 20.73, 0.00, 99.73, 0.00, 86.35, 56.85, 0, 0
2.00, 5.70, 29.54, 29.54, 812.15, 20.00, 4.63, 24.44, 20.22, 0.00, 66.63, 0.00, 96.04, 68.21, 0, 0
2.00, 5.70, 29.02, 29.02, 667.65, 20.00, 4.63, 23.89, 19.71, 0.00, 27.95, 0.00, 105.24, 79.38, 0, 0
2.00, 5.70, 27.60, 27.60, 352.46, 20.00, 4.63, 22.78, 18.58, 0.00, 6.12, 0.00, 0.00, 90.00, 0, 0
2.00, 5.70, 27.15, 27.15, 274.80, 20.00, 4.63, 21.67, 17.55, 0.00, 0.00, 0.00, 0.00, 90.00, 0, 0
2.00, 5.70, 26.84, 26.84, 229.74, 20.00, 4.63, 21.11, 17.04, 0.00, 0.00, 0.00, 0.00, 90.00, 0, 0
2.00, 5.70, 26.55, 26.55, 187.59, 20.00, 4.63, 20.56, 16.43, 0.00, 0.00, 0.00, 0.00, 90.00, 0, 0
2.00, 5.70, 26.22, 26.22, 139.90, 20.00, 4.63, 19.44, 15.31, 0.00, 0.00, 0.00, 0.00, 90.00, 0, 0
2.00, 5.70, 25.90, 25.90, 95.89, 20.00, 4.63, 18.89, 14.80, 0.00, 0.00, 0.00, 0.00, 90.00, 0, 0
2.00, 5.70, 25.61, 25.61, 59.19, 20.00, 4.63, 18.89, 14.71, 0.00, 0.00, 0.00, 0.00, 90.00, 0, 0
2.00, 5.70, 25.30, 25.30, 18.55, 20.00, 4.63, 18.33, 14.19, 0.00, 0.00, 0.00, 0.00, 90.00, 0, 0
2.00, 5.70, 25.01, 25.01, -16.23, 20.00, 4.63, 18.33, 14.19, 0.00, 0.00, 0.00, 0.00, 90.00, 0, 0
2.00, 5.70, 24.70, 24.70, -55.38, 20.00, 4.63, 17.78, 13.68, 0.00, 0.00, 0.00, 0.00, 90.00, 0, 0
2.00, 5.70, 24.62, 24.62, -44.99, 20.00, 4.63, 18.89, 14.88, 0.00, 15.29, 69.98, -112.27, 87.83, 0, 0
2.00, 5.70, 24.70, 24.70, -2.83, 20.00, 4.63, 20.00, 16.00, 5.24, 36.84, 61.44, -102.91, 76.99, 0, 0
2.00, 5.70, 25.03, 25.03, 82.27, 20.00, 4.63, 21.67, 17.64, 10.83, 70.25, 55.30, -93.66, 65.75, 0, 0
2.00, 5.70, 25.40, 25.40, 169.05, 20.00, 4.63, 22.78, 18.68, 13.36, 98.78, 52.42, -83.70, 54.39, 0, 0
2.00, 5.70, 25.74, 25.74, 239.11, 20.00, 4.63, 23.89, 19.71, 14.28, 113.96, 53.35, -71.77, 43.29, 0, 0
2.00, 5.70, 26.33, 26.33, 357.62, 20.00, 4.63, 25.00, 20.83, 41.03, 145.41, 57.90, -55.52, 33.08, 0, 0
2.00, 5.70, 26.55, 26.55, 387.93, 20.00, 4.63, 25.56, 21.35, 27.98, 135.18, 65.31, -30.76, 25.23, 0, 0
2.00, 5.70, 26.67, 26.67, 397.65, 20.00, 4.63, 26.11, 21.86, 9.49, 123.66, 74.72, 4.30, 22.56, 0, 0
2.00, 5.70, 27.25, 27.25, 506.36, 20.00, 4.63, 26.67, 22.37, 18.58, 163.38, 85.43, 37.49, 26.71, 0, 0
2.00, 5.70, 27.88, 27.88, 615.28, 20.00, 4.63, 27.78, 23.40, 0.00, 168.10, 0.00, 59.85, 35.30, 0, 0
2.00, 5.70, 28.64, 28.64, 744.17, 20.00, 4.63, 28.33, 23.90, 0.00, 136.58, 0.00, 74.80, 45.80, 0, 0
2.00, 5.70, 29.03, 29.03, 785.82, 20.00, 4.63, 28.33, 23.90, 0.00, 104.02, 0.00, 86.12, 57.01, 0, 0
2.00, 5.70, 28.91, 28.91, 724.20, 20.00, 4.63, 27.78, 23.40, 0.00, 62.11, 0.00, 95.83, 68.37, 0, 0
2.00, 5.70, 28.03, 28.03, 513.71, 20.00, 4.63, 26.67, 22.27, 0.00, 19.27, 0.00, 105.04, 79.54, 0, 0
2.00, 5.70, 27.43, 27.43, 384.84, 20.00, 4.63, 25.00, 20.63, 0.00, 1.53, 0.00, 0.00, 90.00, 0, 0
2.00, 5.70, 27.15, 27.15, 336.01, 20.00, 4.63, 23.89, 19.50, 0.00, 0.00, 0.00, 0.00, 90.00, 0, 0
2.00, 5.70, 26.89, 26.89, 291.44, 20.00, 4.63, 22.22, 17.76, 0.00, 0.00, 0.00, 0.00, 90.00, 0, 0
2.00, 5.70, 26.58, 26.58, 239.29, 20.00, 4.63, 20.56, 16.14, 0.00, 0.00, 0.00, 0.00, 90.00, 0, 0
2.00, 5.70, 26.27, 26.27, 188.71, 20.00, 4.63, 19.44, 14.91, 0.00, 0.00, 0.00, 0.00, 90.00, 0, 0
2.00, 5.70, 25.90, 25.90, 129.26, 20.00, 4.63, 17.78, 13.40, 0.00, 0.00, 0.00, 0.00, 90.00, 0, 0
2.00, 5.70, 25.48, 25.48, 63.72, 20.00, 4.63, 16.11, 11.78, 0.00, 0.00, 0.00, 0.00, 90.00, 0, 0
2.00, 5.70, 25.06, 25.06, 0.21, 20.00, 4.63, 15.00, 10.67, 0.00, 0.00, 0.00, 0.00, 90.00, 0, 0
2.00, 5.70, 24.59, 24.59, -71.75, 20.00, 4.63, 13.33, 8.95, 0.00, 0.00, 0.00, 0.00, 90.00, 0, 0
2.00, 5.70, 24.07, 24.07, -148.67, 20.00, 4.63, 11.67, 7.24, 0.00, 0.00, 0.00, 0.00, 90.00, 0, 0
2.00, 5.70, 23.79, 23.79, -171.90, 20.00, 4.63, 12.22, 7.75, 0.00, 15.29, 69.78, -112.07, 87.99, 0, 0
2.00, 5.70, 23.76, 23.76, -142.92, 20.00, 4.63, 13.89, 9.35, 11.06, 37.13, 61.22, -102.70, 77.15, 0, 0
2.00, 5.70, 24.07, 24.07, -51.48, 20.00, 4.63, 16.11, 11.57, 48.74, 72.22, 55.05, -93.43, 65.90, 0, 0
2.00, 5.70, 24.68, 24.68, 91.66, 20.00, 4.63, 18.33, 13.79, 126.87, 108.31, 52.16, -83.44, 54.54, 0, 0
2.00, 5.70, 25.52, 25.52, 268.57, 20.00, 4.63, 20.56, 16.03, 228.58, 138.63, 53.10, -71.48, 43.45, 0, 0
2.00, 5.70, 26.37, 26.37, 431.24, 20.00, 4.63, 22.78, 18.15, 252.16, 169.62, 57.67, -55.20, 33.27, 0, 0
2.00, 5.70, 27.01, 27.01, 538.45, 20.00, 4.63, 24.44, 19.77, 215.93, 185.62, 65.11, -30.50, 25.46, 0, 0
2.00, 5.70, 27.38, 27.38, 582.58, 20.00, 4.63, 25.56, 20.90, 133.04, 190.62, 74.54, 4.28, 22.82, 0, 0
2.00, 5.70, 27.53, 27.53, 581.65, 20.00, 4.63, 26.11, 21.40, 45.18, 186.36, 85.28, 37.23, 26.94, 0, 0
2.00, 5.70, 27.81, 27.81, 612.52, 20.00, 4.63, 26.11, 21.40, 0.00, 169.38, 0.00, 59.56, 35.50, 0, 0
2.00, 5.70, 28.28, 28.28, 686.11, 20.00, 4.63, 26.11, 21.40, 0.00, 141.08, 0.00, 74.53, 45.97, 0, 0
2.00, 5.70, 29.05, 29.05, 814.20, 20.00, 4.63, 25.56, 20.90, 0.00, 106.94, 0.00, 85.88, 57.17, 0, 0
2.00, 5.70, 29.95, 29.95, 963.47, 20.00, 4.63, 24.44, 19.77, 0.00, 64.68, 0.00, 95.61, 68.53, 0, 0
2.00, 5.70, 29.93, 29.93, 907.99, 20.00, 4.63, 22.78, 18.15, 0.00, 29.42, 0.00, 104.85, 79.71, 0, 0
2.00, 5.70, 27.82, 27.82, 427.42, 20.00, 4.63, 21.67, 17.03, 0.00, 12.23, 0.00, 0.00, 90.00, 0, 0
2.00, 5.70, 27.22, 27.22, 317.48, 20.00, 4.63, 20.00, 15.41, 0.00, 0.00, 0.00, 0.00, 90.00, 0, 0
2.00, 5.70, 26.82, 26.82, 251.53, 20.00, 4.63, 18.89, 14.29, 0.00, 0.00, 0.00, 0.00, 90.00, 0, 0
2.00, 5.70, 26.38, 26.38, 180.22, 20.00, 4.63, 17.22, 12.68, 0.00, 0.00, 0.00, 0.00, 90.00, 0, 0
2.00, 5.70, 25.91, 25.91, 106.34, 20.00, 4.63, 15.56, 10.96, 0.00, 0.00, 0.00, 0.00, 90.00, 0, 0
2.00, 5.70, 25.48, 25.48, 42.65, 20.00, 4.63, 15.00, 10.34, 0.00, 0.00, 0.00, 0.00, 90.00, 0, 0
2.00, 5.70, 25.01, 25.01, -25.73, 20.00, 4.63, 13.89, 9.24, 0.00, 0.00, 0.00, 0.00, 90.00, 0, 0
2.00, 5.70, 24.52, 24.52, -96.33, 20.00, 4.63, 12.78, 8.25, 0.00, 0.00, 0.00, 0.00, 90.00, 0, 0
2.00, 5.70, 24.04, 24.04, -161.81, 20.00, 4.63, 12.22, 7.64, 0.00, 0.00, 0.00, 0.00, 90.00, 0, 0
2.00, 5.70, 23.52, 23.52, -232.41, 20.00, 4.63, 11.11, 6.54, 0.00, 0.00, 0.00, 0.00, 90.00, 0, 0
2.00, 5.70, 23.08, 23.08, -284.60, 20.00, 4.63, 11.11, 6.54, 0.00, 3.06, 0.00, -111.87, 88.16, 0, 0
2.00, 5.70, 23.03, 23.03, -252.71, 20.00, 4.63, 12.78, 8.13, 3.92, 31.72, 60.99, -102.49, 77.31, 0, 0
2.00, 5.70, 23.05, 23.05, -215.47, 20.00, 4.63, 13.89, 9.24, 4.81, 54.95, 54.80, -93.19, 66.05, 0, 0
2.00, 5.70, 23.39, 23.39, -118.60, 20.00, 4.63, 15.56, 10.84, 23.51, 96.15, 51.90, -83.18, 54.69, 0, 0
2.00, 5.70, 23.96, 23.96, 16.48, 20.00, 4.63, 17.22, 12.56, 63.43, 138.51, 52.84, -71.18, 43.61, 0, 0
2.00, 5.70, 24.71, 24.71, 174.67, 20.00, 4.63, 19.44, 14.66, 119.28, 172.17, 57.44, -54.88, 33.46, 0, 0
2.00, 5.70, 25.62, 25.62, 353.58, 20.00, 4.63, 21.67, 16.90, 203.25, 196.09, 64.91, -30.23, 25.70, 0, 0
2.00, 5.70, 26.09, 26.09, 425.48, 20.00, 4.63, 23.33, 18.51, 145.32, 195.87, 74.36, 4.27, 23.08, 0, 0
2.00, 5.70, 26.19, 26.19, 417.27, 20.00, 4.63, 23.89, 19.00, 39.54, 185.13, 85.13, 36.98, 27.17, 0, 0
2.00, 5.70, 26.44, 26.44, 447.77, 20.00, 4.63, 24.44, 19.64, 0.00, 169.03, 0.00, 59.26, 35.70, 0, 0
2.00, 5.70, 26.96, 26.96, 535.68, 20.00, 4.63, 25.00, 20.13, 0.00, 140.60, 0.00, 74.26, 46.15, 0, 0
2.00, 5.70, 26.87, 26.87, 488.56, 20.00, 4.63, 24.44, 19.49, 0.00, 99.81, 0.00, 85.64, 57.34, 0, 0
2.00, 5.70, 27.12, 27.12, 521.93, 20.00, 4.63, 23.33, 18.51, 0.00, 61.37, 0.00, 95.40, 68.70, 0, 0
2.00, 5.70, 27.69, 27.69, 620.42, 20.00, 4.63, 22.22, 17.39, 0.00, 29.98, 0.00, 104.65, 79.89, 0, 0
2.00, 5.70, 25.96, 25.96, 227.82, 20.00, 4.63, 20.56, 15.78, 0.00, 10.71, 0.00, 0.00, 90.00, 0, 0
2.00, 5.70, 25.44, 25.44, 136.16, 20.00, 4.63, 18.89, 14.04, 0.00, 0.00, 0.00, 0.00, 90.00, 0, 0
2.00, 5.70, 25.05, 25.05, 72.78, 20.00, 4.63, 17.22, 12.44, 0.00, 0.00, 0.00, 0.00, 90.00, 0, 0
2.00, 5.70, 24.65, 24.65, 11.70, 20.00, 4.63, 16.11, 11.19, 0.00, 0.00, 0.00, 0.00, 90.00, 0, 0
2.00, 5.70, 24.21, 24.21, -54.87, 20.00, 4.63, 14.44, 9.47, 0.00, 0.00, 0.00, 0.00, 90.00, 0, 0
2.00, 5.70, 23.74, 23.74, -125.94, 20.00, 4.63, 12.78, 7.88, 0.00, 0.00, 0.00, 0.00, 90.00, 0, 0
2.00, 5.70, 23.23, 23.23, -201.27, 20.00, 4.63, 11.11, 6.30, 0.00, 0.00, 0.00, 0.00, 90.00, 0, 0
2.00, 5.70, 22.69, 22.69, -280.69, 20.00, 4.63, 9.44, 4.60, 0.00, 0.00, 0.00, 0.00, 90.00, 0, 0
2.00, 5.70, 22.11, 22.11, -363.36, 20.00, 4.63, 7.78, 3.02, 0.00, 0.00, 0.00, 0.00, 90.00, 0, 0
2.00, 5.70, 21.49, 21.49, -449.64, 20.00, 4.63, 6.11, 1.21, 0.00, 0.00, 0.00, 0.00, 90.00, 0, 0
2.00, 5.70, 21.06, 21.06, -493.96, 20.00, 4.63, 6.11, 1.21, 0.00, 12.23, 0.00, -111.66, 88.33, 0, 0
2.00, 5.70, 21.02, 21.02, -455.19, 20.00, 4.63, 8.33, 3.50, 16.23, 39.19, 60.75, -102.26, 77.46, 0, 0
2.00, 5.70, 21.31, 21.31, -357.61, 20.00, 4.63, 11.11, 6.18, 79.06, 68.98, 54.54, -92.95, 66.20, 0, 0
2.00, 5.70, 22.00, 22.00, -189.29, 20.00, 4.63, 13.89, 8.98, 201.11, 102.25, 51.63, -82.91, 54.85, 0, 0
2.00, 5.70, 22.99, 22.99, 23.62, 20.00, 4.63, 16.11, 11.19, 357.12, 131.11, 52.58, -70.87, 43.78, 0, 0
2.00, 5.70, 23.92, 23.92, 204.92, 20.00, 4.63, 18.33, 13.41, 404.76, 157.13, 57.21, -54.54, 33.66, 0, 0
2.00, 5.70, 24.70, 24.70, 342.46, 20.00, 4.63, 20.56, 15.49, 382.92, 173.99, 64.70, -29.96, 25.94, 0, 0
2.00, 5.70, 25.07, 25.07, 385.46, 20.00, 4.63, 21.67, 16.61, 263.97, 179.83, 74.19, 4.26, 23.35, 0, 0
2.00, 5.70, 25.05, 25.05, 347.58, 20.00, 4.63, 22.78, 17.57, 82.50, 174.17, 84.97, 36.72, 27.42, 0, 0
2.00, 5.70, 25.34, 25.34, 386.24, 20.00, 4.63, 22.78, 17.73, 0.00, 160.90, 0.00, 58.96, 35.90, 0, 0
2.00, 5.70, 26.31, 26.31, 563.48, 20.00, 4.63, 22.78, 17.73, 0.00, 135.11, 0.00, 73.99, 46.33, 0, 0
2.00, 5.70, 27.27, 27.27, 725.91, 20.00, 4.63, 21.67, 16.61, 0.00, 102.48, 0.00, 85.40, 57.52, 0, 0
2.00, 5.70, 28.06, 28.06, 839.55, 20.00, 4.63, 20.56, 15.49, 0.00, 64.48, 0.00, 95.18, 68.88, 0, 0
2.00, 5.70, 27.92, 27.92, 757.04, 20.00, 4.63, 18.89, 13.89, 0.00, 26.89, 0.00, 104.45, 80.07, 0, 0
2.00, 5.70, 25.54, 25.54, 219.38, 20.00, 4.63, 17.22, 12.16, 0.00, 10.71, 0.00, 0.00, 90.00, 0, 0
2.00, 5.70, 24.89, 24.89, 102.05, 20.00, 4.63, 15.56, 10.57, 0.00, 0.00, 0.00, 0.00, 90.00, 0, 0
2.00, 5.70, 24.40, 24.40, 22.87, 20.00, 4.63, 13.89, 8.98, 0.00, 0.00, 0.00, 0.00, 90.00, 0, 0
2.00, 5.70, 23.88, 23.88, -60.69, 20.00, 4.63, 12.22, 7.27, 0.00, 0.00, 0.00, 0.00, 90.00, 0, 0
2.00, 5.70, 23.33, 23.33, -144.28, 20.00, 4.63, 10.56, 5.69, 0.00, 0.00, 0.00, 0.00, 90.00, 0, 0
2.00, 5.70, 22.83, 22.83, -216.83, 20.00, 4.63, 10.00, 5.08, 0.00, 0.00, 0.00, 0.00, 90.00, 0, 0
2.00, 5.70, 22.29, 22.29, -293.71, 20.00, 4.63, 8.89, 3.99, 0.00, 0.00, 0.00, 0.00, 90.00, 0, 0
2.00, 5.70, 21.73, 21.73, -372.71, 20.00, 4.63, 7.78, 2.90, 0.00, 0.00, 0.00, 0.00, 90.00, 0, 0
2.00, 5.70, 21.18, 21.18, -446.02, 20.00, 4.63, 7.22, 2.30, 0.00, 0.00, 0.00, 0.00, 90.00, 0, 0
2.00, 5.70, 20.59, 20.59, -523.82, 20.00, 4.63, 6.11, 1.21, 0.00, 0.00, 0.00, 0.00, 90.00, 0, 0
2.00, 5.70, 20.12, 20.12, -576.61, 20.00, 4.63, 6.11, 1.21, 0.00, 6.12, 0.00, -111.45, 88.51, 0, 0
2.00, 5.70, 19.99, 19.99, -555.73, 20.00, 4.63, 7.22, 2.30, 4.29, 33.52, 60.51, -102.04, 77.62, 0, 0
2.00, 5.70, 20.22, 20.22, -466.54, 20.00, 4.63, 9.44, 4.60, 21.03, 76.60, 54.28, -92.70, 66.35, 0, 0
2.00, 5.70, 20.59, 20.59, -360.64, 20.00, 4.63, 11.11, 6.30, 47.30, 113.80, 51.36, -82.63, 55.00, 0, 0
2.00, 5.70, 21.06, 21.06, -247.24, 20.00, 4.63, 12.78, 7.88, 84.89, 141.77, 52.32, -70.56, 43.95, 0, 0
2.00, 5.70, 21.79, 21.79, -90.25, 20.00, 4.63, 15.00, 10.09, 149.20, 173.48, 56.97, -54.20, 33.86, 0, 0
2.00, 5.70, 22.34, 22.34, 16.69, 20.00, 4.63, 16.11, 11.19, 125.83, 197.03, 64.49, -29.68, 26.19, 0, 0
2.00, 5.70, 22.65, 22.65, 65.11, 20.00, 4.63, 17.22, 12.30, 91.63, 195.74, 74.01, 4.26, 23.62, 0, 0
2.00, 5.70, 22.79, 22.79, 77.69, 20.00, 4.63, 18.33, 13.41, 49.98, 184.41, 84.81, 36.47, 27.67, 0, 0
2.00, 5.70, 23.08, 23.08, 124.26, 20.00, 4.63, 19.44, 14.53, 0.00, 164.62, 0.00, 58.67, 36.11, 0, 0
2.00, 5.70, 23.85, 23.85, 270.08, 20.00, 4.63, 19.44, 14.53, 0.00, 135.36, 0.00, 73.71, 46.52, 0, 0
2.00, 5.70, 24.32, 24.32, 339.51, 20.00, 4.63, 18.89, 14.04, 0.00, 101.64, 0.00, 85.15, 57.70, 0, 0
2.00, 5.70, 24.81, 24.81, 411.03, 20.00, 4.63, 17.78, 13.06, 0.00, 67.47, 0.00, 94.96, 69.06, 0, 0
2.00, 5.70, 24.55, 24.55, 323.22, 20.00, 4.63, 16.67, 11.95, 0.00, 29.59, 0.00, 104.24, 80.26, 0, 0
2.00, 5.70, 22.77, 22.77, -69.64, 20.00, 4.63, 15.56, 10.84, 0.00, 6.12, 0.00, 0.00, 90.00, 0, 0
2.00, 5.70, 22.30, 22.30, -146.68, 20.00, 4.63, 15.00, 10.34, 0.00, 0.00, 0.00, 0.00, 90.00, 0, 0
2.00, 5.70, 21.96, 21.96, -194.04, 20.00, 4.63, 14.44, 9.85, 0.00, 0.00, 0.00, 0.00, 90.00, 0, 0
2.00, 5.70, 21.58, 21.58, -249.68, 20.00, 4.63, 13.33, 8.74, 0.00, 0.00, 0.00, 0.00, 90.00, 0, 0
2.00, 5.70, 21.22, 21.22, -298.85, 20.00, 4.63, 12.78, 8.25, 0.00, 0.00, 0.00, 0.00, 90.00, 0, 0
2.00, 5.70, 20.86, 20.86, -347.08, 20.00, 4.63, 12.22, 7.64, 0.00, 0.00, 0.00, 0.00, 90.00, 0, 0
2.00, 5.70, 20.52, 20.52, -387.97, 20.00, 4.63, 12.22, 7.64, 0.00, 0.00, 0.00, 0.00, 90.00, 0, 0
2.00, 5.70, 20.20, 20.20, -426.05, 20.00, 4.63, 12.22, 7.52, 0.00, 0.00, 0.00, 0.00, 90.00, 0, 0
2.00, 5.70, 19.85, 19.85, -468.55, 20.00, 4.63, 11.67, 7.14, 0.00, 0.00, 0.00, 0.00, 90.00, 0, 0
2.00, 5.70, 19.53, 19.53, -505.07, 20.00, 4.63, 11.67, 7.14, 0.00, 0.00, 0.00, 0.00, 90.00, 0, 0
2.00, 5.70, 19.35, 19.35, -510.64, 20.00, 4.63, 12.22, 7.75, 0.00, 10.71, 0.00, -111.23, 88.68, 0, 0
2.00, 5.70, 19.37, 19.37, -476.31, 20.00, 4.63, 13.33, 8.95, 2.10, 30.18, 60.26, -101.80, 77.78, 0, 0
2.00, 5.70, 19.41, 19.41, -444.68, 20.00, 4.63, 14.44, 9.96, 1.84, 42.11, 51.89, -90.00, 66.51, 0, 0
2.00, 5.70, 19.81, 19.81, -342.63, 20.00, 4.63, 15.56, 11.07, 16.56, 84.25, 51.08, -82.35, 55.16, 0, 0
2.00, 5.70, 20.10, 20.10, -274.19, 20.00, 4.63, 16.67, 12.18, 17.16, 100.27, 52.05, -70.25, 44.12, 0, 0
2.00, 5.70, 20.34, 20.34, -220.68, 20.00, 4.63, 17.22, 12.79, 8.86, 112.77, 56.72, -53.85, 34.06, 0, 0
2.00, 5.70, 21.06, 21.06, -72.58, 20.00, 4.63, 18.89, 14.29, 44.73, 156.01, 64.28, -29.39, 26.43, 0, 0
2.00, 5.70, 21.76, 21.76, 58.36, 20.00, 4.63, 20.00, 15.52, 65.81, 181.43, 73.83, 4.27, 23.90, 0, 0
2.00, 5.70, 22.11, 22.11, 107.70, 20.00, 4.63, 21.11, 16.53, 22.03, 176.92, 84.66, 36.23, 27.92, 0, 0
2.00, 5.70, 22.25, 22.25, 110.27, 20.00, 4.63, 21.67, 17.03, 0.00, 147.61, 0.00, 58.37, 36.33, 0, 0
2.00, 5.70, 22.41, 22.41, 122.76, 20.00, 4.63, 21.67, 17.03, 0.00, 122.93, 0.00, 73.44, 46.72, 0, 0
2.00, 5.70, 22.47, 22.47, 116.45, 20.00, 4.63, 21.67, 17.03, 0.00, 92.27, 0.00, 84.90, 57.88, 0, 0
2.00, 5.70, 22.67, 22.67, 141.46, 20.00, 4.63, 21.11, 16.53, 0.00, 59.90, 0.00, 94.73, 69.24, 0, 0
2.00, 5.70, 22.68, 22.68, 127.67, 20.00, 4.63, 20.00, 15.52, 0.00, 26.69, 0.00, 104.04, 80.45, 0, 0
2.00, 5.70, 21.72, 21.72, -86.51, 20.00, 4.63, 18.89, 14.41, 0.00, 4.59, 0.00, 0.00, 90.00, 0, 0
2.00, 5.70, 21.42, 21.42, -140.01, 20.00, 4.63, 17.78, 13.29, 0.00, 0.00, 0.00, 0.00, 90.00, 0, 0
2.00, 5.70, 21.18, 21.18, -179.07, 20.00, 4.63, 16.67, 12.18, 0.00, 0.00, 0.00, 0.00, 90.00, 0, 0
2.00, 5.70, 20.91, 20.91, -222.71, 20.00, 4.63, 15.56, 11.07, 0.00, 0.00, 0.00, 0.00, 90.00, 0, 0
2.00, 5.70, 20.62, 20.62, -267.44, 20.00, 4.63, 14.44, 9.96, 0.00, 0.00, 0.00, 0.00, 90.00, 0, 0
2.00, 5.70, 20.34, 20.34, -307.67, 20.00, 4.63, 13.89, 9.35, 0.00, 0.00, 0.00, 0.00, 90.00, 0, 0
2.00, 5.70, 20.03, 20.03, -354.70, 20.00, 4.63, 12.78, 8.25, 0.00, 0.00, 0.00, 0.00, 90.00, 0, 0
2.00, 5.70, 19.68, 19.68, -405.46, 20.00, 4.63, 11.67, 7.14, 0.00, 0.00, 0.00, 0.00, 90.00, 0, 0
2.00, 5.70, 19.31, 19.31, -459.01, 20.00, 4.63, 10.56, 6.04, 0.00, 0.00, 0.00, 0.00, 90.00, 0, 0
2.00, 5.70, 18.88, 18.88, -521.77, 20.00, 4.63, 8.89, 4.44, 0.00, 0.00, 0.00, 0.00, 90.00, 0, 0
2.00, 5.70, 18.65, 18.65, -540.80, 20.00, 4.63, 9.44, 4.94, 0.00, 10.71, 0.00, -111.00, 88.86, 0, 0
2.00, 5.70, 18.70, 18.70, -500.58, 20.00, 4.63, 11.11, 6.54, 10.54, 32.90, 60.01, -101.56, 77.95, 0, 0
2.00, 5.70, 19.17, 19.17, -381.64, 20.00, 4.63, 13.33, 8.85, 64.92, 71.59, 51.83, -90.00, 66.67, 0, 0
2.00, 5.70, 19.78, 19.78, -244.84, 20.00, 4.63, 15.56, 10.96, 86.86, 112.55, 50.79, -82.06, 55.32, 0, 0
2.00, 5.70, 20.55, 20.55, -88.44, 20.00, 4.63, 17.22, 12.56, 136.54, 147.99, 51.78, -69.92, 44.29, 0, 0
2.00, 5.70, 21.21, 21.21, 31.35, 20.00, 4.63, 18.89, 14.17, 134.28, 170.18, 56.48, -53.50, 34.26, 0, 0
2.00, 5.70, 21.78, 21.78, 123.43, 20.00, 4.63, 20.00, 15.29, 126.05, 181.16, 64.07, -29.10, 26.69, 0, 0
2.00, 5.70, 22.23, 22.23, 187.91, 20.00, 4.63, 21.11, 16.41, 98.29, 185.00, 73.64, 4.28, 24.19, 0, 0
2.00, 5.70, 22.52, 22.52, 216.16, 20.00, 4.63, 21.67, 16.90, 49.60, 182.30, 84.50, 35.99, 28.18, 0, 0
2.00, 5.70, 22.91, 22.91, 266.27, 20.00, 4.63, 22.78, 18.02, 0.00, 165.41, 0.00, 58.08, 36.56, 0, 0
2.00, 5.70, 23.52, 23.52, 361.61, 20.00, 4.63, 22.22, 17.39, 0.00, 137.32, 0.00, 73.16, 46.92, 0, 0
2.00, 5.70, 23.42, 23.42, 303.18, 20.00, 4.63, 21.67, 16.90, 0.00, 98.78, 0.00, 84.66, 58.07, 0, 0
2.00, 5.70, 23.75, 23.75, 346.51, 20.00, 4.63, 20.56, 15.78, 0.00, 61.09, 0.00, 94.51, 69.43, 0, 0
2.00, 5.70, 24.24, 24.24, 420.09, 20.00, 4.63, 19.44, 14.66, 0.00, 26.57, 0.00, 103.83, 80.65, 0, 0
2.00, 5.70, 22.59, 22.59, 39.54, 20.00, 4.63, 17.78, 13.06, 0.00, 9.18, 0.00, 0.00, 90.00, 0, 0
2.00, 5.70, 22.15, 22.15, -42.67, 20.00, 4.63, 16.67, 11.95, 0.00, 0.00, 0.00, 0.00, 90.00, 0, 0
2.00, 5.70, 21.84, 21.84, -97.10, 20.00, 4.63, 15.56, 10.84, 0.00, 0.00, 0.00, 0.00, 90.00, 0, 0
2.00, 5.70, 21.46, 21.46, -161.25, 20.00, 4.63, 13.89, 9.12, 0.00, 0.00, 0.00, 0.00, 90.00, 0, 0
2.00, 5.70, 21.09, 21.09, -221.33, 20.00, 4.63, 12.78, 8.01, 0.00, 0.00, 0.00, 0.00, 90.00, 0, 0
2.00, 5.70, 20.70, 20.70, -282.37, 20.00, 4.63, 11.67, 6.91, 0.00, 0.00, 0.00, 0.00, 90.00, 0, 0
2.00, 5.70, 20.29, 20.29, -345.33, 20.00, 4.63, 10.56, 5.81, 0.00, 0.00, 0.00, 0.00, 90.00, 0, 0
2.00, 5.70, 19.82, 19.82, -417.65, 20.00, 4.63, 8.89, 4.11, 0.00, 0.00, 0.00, 0.00, 90.00, 0, 0
2.00, 5.70, 19.34, 19.34, -487.56, 20.00, 4.63, 7.78, 3.02, 0.00, 0.00, 0.00, 0.00, 90.00, 0, 0
2.00, 5.70, 18.85, 18.85, -557.72, 20.00, 4.63, 6.67, 1.93, 0.00, 0.00, 0.00, 0.00, 90.00, 0, 0
2.00, 5.70, 18.45, 18.45, -605.55, 20.00, 4.63, 6.67, 1.93, 0.00, 4.59, 0.00, -110.77, 89.03, 0, 0
2.00, 5.70, 18.46, 18.46, -567.04, 20.00, 4.63, 8.33, 3.50, 10.03, 33.77, 59.75, -101.32, 78.11, 0, 0
2.00, 5.70, 18.71, 18.71, -486.83, 20.00, 4.63, 10.00, 5.20, 25.11, 70.88, 51.78, -90.00, 66.82, 0, 0
2.00, 5.70, 19.18, 19.18, -369.49, 20.00, 4.63, 12.22, 7.40, 49.40, 110.68, 50.50, -81.77, 55.48, 0, 0
2.00, 5.70, 19.85, 19.85, -224.53, 20.00, 4.63, 13.89, 9.12, 110.63, 145.39, 51.50, -69.59, 44.47, 0, 0
2.00, 5.70, 20.49, 20.49, -98.24, 20.00, 4.63, 15.56, 10.84, 130.48, 171.06, 56.23, -53.15, 34.47, 0, 0
2.00, 5.70, 21.14, 21.14, 20.69, 20.00, 4.63, 17.22, 12.44, 145.38, 189.32, 63.86, -28.81, 26.95, 0, 0
2.00, 5.70, 21.66, 21.66, 104.56, 20.00, 4.63, 18.33, 13.55, 145.44, 193.80, 73.46, 4.30, 24.48, 0, 0
2.00, 5.70, 21.83, 21.83, 110.50, 20.00, 4.63, 19.44, 14.66, 54.78, 183.09, 84.34, 35.75, 28.45, 0, 0
2.00, 5.70, 22.12, 22.12, 145.53, 20.00, 4.63, 20.00, 15.15, 0.00, 166.83, 0.00, 57.79, 36.79, 0, 0
2.00, 5.70, 22.96, 22.96, 297.10, 20.00, 4.63, 20.00, 15.29, 0.00, 138.52, 0.00, 72.89, 47.13, 0, 0
2.00, 5.70, 23.40, 23.40, 350.90, 20.00, 4.63, 20.00, 15.29, 0.00, 100.91, 0.00, 84.41, 58.27, 0, 0
2.00, 5.70, 23.37, 23.37, 305.55, 20.00, 4.63, 18.89, 14.17, 0.00, 61.32, 0.00, 94.28, 69.63, 0, 0
2.00, 5.70, 22.56, 22.56, 108.22, 20.00, 4.63, 17.22, 12.56, 0.00, 21.13, 0.00, 103.62, 80.85, 0, 0
2.00, 5.70, 21.56, 21.56, -105.92, 20.00, 4.63, 16.11, 11.57, 0.00, 3.06, 0.00, 0.00, 90.00, 0, 0
2.00, 5.70, 21.22, 21.22, -162.24, 20.00, 4.63, 15.56, 11.07, 0.00, 0.00, 0.00, 0.00, 90.00, 0, 0
2.00, 5.70, 20.96, 20.96, -201.28, 20.00, 4.63, 15.00, 10.46, 0.00, 0.00, 0.00, 0.00, 90.00, 0, 0
2.00, 5.70, 20.68, 20.68, -243.79, 20.00, 4.63, 14.44, 9.96, 0.00, 0.00, 0.00, 0.00, 90.00, 0, 0
2.00, 5.70, 20.39, 20.39, -286.13, 20.00, 4.63, 13.89, 9.35, 0.00, 0.00, 0.00, 0.00, 90.00, 0, 0
2.00, 5.70, 20.13, 20.13, -322.03, 20.00, 4.63, 13.89, 9.35, 0.00, 0.00, 0.00, 0.00, 90.00, 0, 0
2.00, 5.70, 19.84, 19.84, -362.74, 20.00, 4.63, 13.33, 8.74, 0.00, 0.00, 0.00, 0.00, 90.00, 0, 0
2.00, 5.70, 19.57, 19.57, -397.62, 20.00, 4.63, 13.33, 8.74, 0.00, 0.00, 0.00, 0.00, 90.00, 0, 0
2.00, 5.70, 19.31, 19.31, -429.41, 20.00, 4.63, 13.33, 8.85, 0.00, 0.00, 0.00, 0.00, 90.00, 0, 0
2.00, 5.70, 19.06, 19.06, -459.08, 20.00, 4.63, 13.33, 8.85, 0.00, 0.00, 0.00, 0.00, 90.00, 0, 0
2.00, 5.70, 18.91, 18.91, -467.93, 20.00, 4.63, 13.89, 9.46, 0.00, 6.12, 0.00, -110.54, 89.21, 0, 0
2.00, 5.70, 19.10, 19.10, -404.84, 20.00, 4.63, 15.56, 11.17, 7.40, 35.63, 59.49, -101.07, 78.28, 0, 0
2.00, 5.70, 19.27, 19.27, -356.57, 20.00, 4.63, 16.67, 12.28, 7.39, 50.86, 51.73, -90.00, 66.98, 0, 0
2.00, 5.70, 19.14, 19.14, -375.56, 20.00, 4.63, 16.67, 12.28, 0.00, 36.70, 50.21, -81.47, 55.64, 0, 0
2.00, 5.70, 19.09, 19.09, -375.45, 20.00, 4.63, 16.67, 12.18, 0.00, 38.23, 51.22, -69.26, 44.64, 0, 0
2.00, 5.70, 19.22, 19.22, -339.43, 20.00, 4.63, 16.67, 12.18, 1.31, 57.19, 55.98, -52.78, 34.68, 0, 0
2.00, 5.70, 19.79, 19.79, -212.91, 20.00, 4.63, 17.78, 13.29, 13.35, 108.30, 63.64, -28.51, 27.21, 0, 0
2.00, 5.70, 20.68, 20.68, -34.64, 20.00, 4.63, 18.89, 14.41, 43.84, 166.18, 73.28, 4.32, 24.77, 0, 0
2.00, 5.70, 21.33, 21.33, 78.96, 20.00, 4.63, 20.56, 16.03, 28.66, 185.11, 84.18, 35.52, 28.72, 0, 0
2.00, 5.70, 21.25, 21.25, 32.94, 20.00, 4.63, 21.11, 16.53, 0.00, 122.66, 0.00, 57.49, 37.02, 0, 0
2.00, 5.70, 21.05, 21.05, -28.90, 20.00, 4.63, 21.11, 16.53, 0.00, 80.31, 0.00, 72.61, 47.34, 0, 0
2.00, 5.70, 21.38, 21.38, 28.27, 20.00, 4.63, 21.11, 16.53, 0.00, 82.50, 0.00, 84.16, 58.47, 0, 0
2.00, 5.70, 21.55, 21.55, 48.78, 20.00, 4.63, 21.11, 16.53, 0.00, 58.68, 0.00, 94.05, 69.83, 0, 0
2.00, 5.70, 21.10, 21.10, -62.88, 20.00, 4.63, 20.00, 15.41, 0.00, 19.97, 0.00, 103.41, 81.06, 0, 0
2.00, 5.70, 20.62, 20.62, -164.43, 20.00, 4.63, 18.89, 14.29, 0.00, 3.06, 0.00, 0.00, 90.00, 0, 0
2.00, 5.70, 20.40, 20.40, -205.30, 20.00, 4.63, 17.78, 13.18, 0.00, 0.00, 0.00, 0.00, 90.00, 0, 0
2.00, 5.70, 20.20, 20.20, -237.99, 20.00, 4.63, 16.67, 12.07, 0.00, 0.00, 0.00, 0.00, 90.00, 0, 0
2.00, 5.70, 19.96, 19.96, -276.40, 20.00, 4.63, 15.56, 10.96, 0.00, 0.00, 0.00, 0.00, 90.00, 0, 0
2.00, 5.70, 19.71, 19.71, -317.10, 20.00, 4.63, 14.44, 9.73, 0.00, 0.00, 0.00, 0.00, 90.00, 0, 0
2.00, 5.70, 19.40, 19.40, -367.58, 20.00, 4.63, 12.78, 8.13, 0.00, 0.00, 0.00, 0.00, 90.00, 0, 0
2.00, 5.70, 19.04, 19.04, -424.04, 20.00, 4.63, 11.11, 6.54, 0.00, 0.00, 0.00, 0.00, 90.00, 0, 0
2.00, 5.70, 18.65, 18.65, -485.63, 20.00, 4.63, 9.44, 4.83, 0.00, 0.00, 0.00, 0.00, 90.00, 0, 0
2.00, 5.70, 18.21, 18.21, -551.66, 20.00, 4.63, 7.78, 3.13, 0.00, 0.00, 0.00, 0.00, 90.00, 0, 0
2.00, 5.70, 17.75, 17.75, -621.57, 20.00, 4.63, 6.11, 1.55, 0.00, 0.00, 0.00, 0.00, 90.00, 0, 0
2.00, 5.70, 17.50, 17.50, -640.90, 20.00, 4.63, 6.67, 2.04, 0.00, 13.76, 0.00, -110.30, 89.39, 0, 0
2.00, 5.70, 17.52, 17.52, -605.48, 20.00, 4.63, 8.33, 3.74, 25.32, 31.60, 59.22, -100.82, 78.44, 0, 0
2.00, 5.70, 18.00, 18.00, -482.04, 20.00, 4.63, 11.11, 6.42, 105.84, 64.88, 51.67, -90.00, 67.14, 0, 0
2.00, 5.70, 18.78, 18.78, -309.03, 20.00, 4.63, 13.89, 9.24, 216.41, 97.06, 49.91, -81.17, 55.81, 0, 0
2.00, 5.70, 19.94, 19.94, -75.73, 20.00, 4.63, 16.11, 11.45, 389.60, 126.55, 50.93, -68.92, 44.82, 0, 0
2.00, 5.70, 21.10, 21.10, 138.75, 20.00, 4.63, 18.89, 14.17, 473.41, 151.06, 55.72, -52.42, 34.89, 0, 0
2.00, 5.70, 21.98, 21.98, 280.25, 20.00, 4.63, 20.56, 15.78, 445.24, 165.93, 63.42, -28.21, 27.47, 0, 0
2.00, 5.70, 22.48, 22.48, 333.08, 20.00, 4.63, 22.22, 17.39, 323.28, 169.58, 73.09, 4.35, 25.07, 0, 0
2.00, 5.70, 22.52, 22.52, 293.11, 20.00, 4.63, 23.33, 18.51, 116.59, 164.18, 84.02, 35.29, 29.00, 0, 0
2.00, 5.70, 22.79, 22.79, 312.68, 20.00, 4.63, 23.33, 18.51, 0.00, 146.11, 0.00, 57.20, 37.26, 0, 0
2.00, 5.70, 24.32, 24.32, 596.36, 20.00, 4.63, 23.33, 18.51, 0.00, 119.38, 0.00, 72.33, 47.56, 0, 0
2.00, 5.70, 25.56, 25.56, 794.24, 20.00, 4.63, 22.78, 18.02, 0.00, 91.98, 0.00, 83.90, 58.68, 0, 0
2.00, 5.70, 25.87, 25.87, 784.81, 20.00, 4.63, 21.11, 16.41, 0.00, 60.18, 0.00, 93.82, 70.04, 0, 0
2.00, 5.70, 24.92, 24.92, 523.55, 20.00, 4.63, 19.44, 14.66, 0.00, 17.80, 0.00, 103.20, 81.28, 0, 0
2.00, 5.70, 23.31, 23.31, 156.44, 20.00, 4.63, 17.78, 13.06, 0.00, 1.53, 0.00, 0.00, 90.00, 0, 0
2.00, 5.70, 22.90, 22.90, 77.52, 20.00, 4.63, 16.67, 11.95, 0.00, 0.00, 0.00, 0.00, 90.00, 0, 0
2.00, 5.70, 22.57, 22.57, 19.62, 20.00, 4.63, 15.56, 10.84, 0.00, 0.00, 0.00, 0.00, 90.00, 0, 0
2.00, 5.70, 22.23, 22.23, -42.28, 20.00, 4.63, 14.44, 9.73, 0.00, 0.00, 0.00, 0.00, 90.00, 0, 0
2.00, 5.70, 21.82, 21.82, -113.09, 20.00, 4.63, 12.78, 8.13, 0.00, 0.00, 0.00, 0.00, 90.00, 0, 0
2.00, 5.70, 21.44, 21.44, -175.99, 20.00, 4.63, 12.22, 7.52, 0.00, 0.00, 0.00, 0.00, 90.00, 0, 0
2.00, 5.70, 21.05, 21.05, -237.42, 20.00, 4.63, 11.67, 6.91, 0.00, 0.00, 0.00, 0.00, 90.00, 0, 0
2.00, 5.70, 20.65, 20.65, -298.11, 20.00, 4.63, 11.11, 6.42, 0.00, 0.00, 0.00, 0.00, 90.00, 0, 0
2.00, 5.70, 20.24, 20.24, -358.67, 20.00, 4.63, 10.56, 5.81, 0.00, 0.00, 0.00, 0.00, 90.00, 0, 0
2.00, 5.70, 19.82, 19.82, -418.32, 20.00, 4.63, 10.00, 5.32, 0.00, 0.00, 0.00, 0.00, 90.00, 0, 0
2.00, 5.70, 19.59, 19.59, -436.73, 20.00, 4.63, 10.56, 5.81, 0.00, 13.76, 0.00, -110.05, 89.57, 0, 0
2.00, 5.70, 19.61, 19.61, -404.73, 20.00, 4.63, 12.22, 7.52, 21.58, 31.75, 58.95, -100.56, 78.61, 0, 0
2.00, 5.70, 20.00, 20.00, -300.95, 20.00, 4.63, 14.44, 9.73, 62.61, 69.00, 51.62, -90.00, 67.31, 0, 0
2.00, 5.70, 20.67, 20.67, -151.52, 20.00, 4.63, 16.67, 11.95, 142.25, 103.82, 49.61, -80.86, 55.97, 0, 0
2.00, 5.70, 21.66, 21.66, 49.87, 20.00, 4.63, 18.89, 14.17, 258.11, 138.60, 50.64, -68.57, 45.01, 0, 0
2.00, 5.70, 22.56, 22.56, 213.29, 20.00, 4.63, 20.56, 15.91, 282.50, 167.70, 55.47, -52.04, 35.11, 0, 0
2.00, 5.70, 23.43, 23.43, 358.89, 20.00, 4.63, 22.78, 18.02, 278.86, 187.75, 63.20, -27.90, 27.74, 0, 0
2.00, 5.70, 24.00, 24.00, 434.49, 20.00, 4.63, 23.89, 19.14, 246.46, 185.36, 72.90, 4.38, 25.37, 0, 0
2.00, 5.70, 24.13, 24.13, 415.90, 20.00, 4.63, 25.00, 20.27, 101.32, 171.61, 83.86, 35.07, 29.28, 0, 0
2.00, 5.70, 24.46, 24.46, 449.42, 20.00, 4.63, 25.56, 20.77, 0.00, 158.14, 0.00, 56.91, 37.51, 0, 0
2.00, 5.70, 25.50, 25.50, 630.30, 20.00, 4.63, 25.56, 20.77, 0.00, 132.29, 0.00, 72.05, 47.78, 0, 0
2.00, 5.70, 26.35, 26.35, 755.69, 20.00, 4.63, 25.00, 20.27, 0.00, 98.33, 0.00, 83.65, 58.89, 0, 0
2.00, 5.70, 26.43, 26.43, 714.13, 20.00, 4.63, 23.89, 19.14, 0.00, 60.08, 0.00, 93.59, 70.25, 0, 0
2.00, 5.70, 25.55, 25.55, 482.69, 20.00, 4.63, 22.22, 17.53, 0.00, 23.35, 0.00, 102.99, 81.50, 0, 0
2.00, 5.70, 24.48, 24.48, 239.79, 20.00, 4.63, 20.56, 15.91, 0.00, 4.59, 0.00, 0.00, 90.00, 0, 0
2.00, 5.70, 24.13, 24.13, 170.95, 20.00, 4.63, 19.44, 14.79, 0.00, 0.00, 0.00, 0.00, 90.00, 0, 0
2.00, 5.70, 23.85, 23.85, 121.01, 20.00, 4.63, 18.33, 13.68, 0.00, 0.00, 0.00, 0.00, 90.00, 0, 0
2.00, 5.70, 23.56, 23.56, 67.72, 20.00, 4.63, 17.22, 12.68, 0.00, 0.00, 0.00, 0.00, 90.00, 0, 0
2.00, 5.70, 23.23, 23.23, 11.66, 20.00, 4.63, 16.11, 11.57, 0.00, 0.00, 0.00, 0.00, 90.00, 0, 0
2.00, 5.70, 22.91, 22.91, -40.92, 20.00, 4.63, 15.56, 10.96, 0.00, 0.00, 0.00, 0.00, 90.00, 0, 0
2.00, 5.70, 22.55, 22.55, -100.51, 20.00, 4.63, 14.44, 9.85, 0.00, 0.00, 0.00, 0.00, 90.00, 0, 0
2.00, 5.70, 22.19, 22.19, -156.49, 20.00, 4.63, 13.89, 9.24, 0.00, 0.00, 0.00, 0.00, 90.00, 0, 0
2.00, 5.70, 21.79, 21.79, -218.59, 20.00, 4.63, 12.78, 8.13, 0.00, 0.00, 0.00, 0.00, 90.00, 0, 0
2.00, 5.70, 21.39, 21.39, -275.78, 20.00, 4.63, 12.22, 7.64, 0.00, 0.00, 0.00, 0.00, 90.00, 0, 0
2.00, 5.70, 21.07, 21.07, -315.19, 20.00, 4.63, 12.22, 7.64, 0.00, 4.59, 0.00, -109.80, 89.75, 0, 0
2.00, 5.70, 21.08, 21.08, -286.45, 20.00, 4.63, 13.33, 8.85, 8.66, 29.71, 58.67, -100.29, 78.78, 0, 0
2.00, 5.70, 21.57, 21.57, -161.89, 20.00, 4.63, 16.11, 11.57, 75.67, 69.73, 51.56, -90.00, 67.47, 0, 0
2.00, 5.70, 22.38, 22.38, 13.86, 20.00, 4.63, 18.89, 14.29, 199.42, 100.49, 49.30, -80.55, 56.14, 0, 0
2.00, 5.70, 23.52, 23.52, 240.75, 20.00, 4.63, 21.67, 17.03, 349.95, 129.45, 50.35, -68.22, 45.19, 0, 0
2.00, 5.70, 24.61, 24.61, 440.02, 20.00, 4.63, 23.89, 19.27, 421.50, 153.69, 55.21, -51.67, 35.33, 0, 0
2.00, 5.70, 25.52, 25.52, 583.64, 20.00, 4.63, 26.11, 21.40, 394.50, 169.44, 62.98, -27.59, 28.01, 0, 0
2.00, 5.70, 26.03, 26.03, 639.90, 20.00, 4.63, 27.22, 22.53, 286.05, 174.65, 72.72, 4.42, 25.68, 0, 0
2.00, 5.70, 26.15, 26.15, 613.19, 20.00, 4.63, 28.33, 23.66, 108.91, 167.96, 83.70, 34.85, 29.57, 0, 0
2.00, 5.70, 26.46, 26.46, 638.24, 20.00, 4.63, 28.89, 24.16, 0.00, 154.04, 0.00, 56.62, 37.77, 0, 0
2.00, 5.70, 27.70, 27.70, 857.48, 20.00, 4.63, 28.89, 24.16, 0.00, 125.30, 0.00, 71.78, 48.01, 0, 0
2.00, 5.70, 28.76, 28.76, 1020.32, 20.00, 4.63, 28.33, 23.66, 0.00, 95.00, 0.00, 83.40, 59.11, 0, 0
2.00, 5.70, 28.73, 28.73, 946.10, 20.00, 4.63, 26.67, 22.03, 0.00, 60.75, 0.00, 93.36, 70.47, 0, 0
2.00, 5.70, 27.73, 27.73, 686.58, 20.00, 4.63, 25.00, 20.40, 0.00, 19.03, 0.00, 102.77, 81.72, 0, 0
2.00, 5.70, 26.67, 26.67, 442.43, 20.00, 4.63, 23.33, 18.77, 0.00, 1.53, 0.00, 0.00, 90.00, 0, 0
2.00, 5.70, 26.35, 26.35, 378.71, 20.00, 4.63, 22.22, 17.65, 0.00, 0.00, 0.00, 0.00, 90.00, 0, 0
2.00, 5.70, 26.09, 26.09, 329.54, 20.00, 4.63, 21.11, 16.53, 0.00, 0.00, 0.00, 0.00, 90.00, 0, 0
2.00, 5.70, 25.78, 25.78, 270.03, 20.00, 4.63, 19.44, 14.91, 0.00, 0.00, 0.00, 0.00, 90.00, 0, 0
2.00, 5.70, 25.45, 25.45, 210.94, 20.00, 4.63, 18.33, 13.79, 0.00, 0.00, 0.00, 0.00, 90.00, 0, 0
2.00, 5.70, 25.10, 25.10, 148.97, 20.00, 4.63, 17.22, 12.68, 0.00, 0.00, 0.00, 0.00, 90.00, 0, 0
2.00, 5.70, 24.71, 24.71, 84.11, 20.00, 4.63, 16.11, 11.57, 0.00, 0.00, 0.00, 0.00, 90.00, 0, 0
2.00, 5.70, 24.30, 24.30, 16.79, 20.00, 4.63, 15.00, 10.46, 0.00, 0.00, 0.00, 0.00, 90.00, 0, 0
2.00, 5.70, 23.86, 23.86, -52.41, 20.00, 4.63, 13.89, 9.35, 0.00, 0.00, 0.00, 0.00, 90.00, 0, 0
2.00, 5.70, 23.44, 23.44, -115.66, 20.00, 4.63, 13.33, 8.85, 0.00, 0.00, 0.00, 0.00, 90.00, 0, 0
2.00, 5.70, 23.14, 23.14, -149.26, 20.00, 4.63, 13.33, 8.85, 0.00, 10.71, 0.00, -109.55, 89.93, 0, 0
2.00, 5.70, 23.14, 23.14, -121.69, 20.00, 4.63, 15.00, 10.57, 12.40, 32.19, 58.39, -100.02, 78.95, 0, 0
2.00, 5.70, 23.51, 23.51, -21.26, 20.00, 4.63, 17.22, 12.68, 62.75, 68.47, 51.51, -90.00, 67.63, 0, 0
2.00, 5.70, 24.19, 24.19, 128.76, 20.00, 4.63, 19.44, 14.91, 154.30, 102.99, 48.98, -80.23, 56.31, 0, 0
2.00, 5.70, 25.29, 25.29, 354.72, 20.00, 4.63, 22.22, 17.65, 328.15, 132.30, 50.05, -67.87, 45.38, 0, 0
2.00, 5.70, 26.40, 26.40, 558.91, 20.00, 4.63, 24.44, 19.90, 424.64, 155.39, 54.95, -51.29, 35.56, 0, 0
2.00, 5.70, 27.25, 27.25, 695.63, 20.00, 4.63, 26.67, 22.03, 398.64, 168.72, 62.76, -27.28, 28.29, 0, 0
2.00, 5.70, 27.73, 27.73, 746.80, 20.00, 4.63, 27.78, 23.16, 287.84, 174.45, 72.53, 4.46, 26.00, 0, 0
2.00, 5.70, 27.78, 27.78, 711.50, 20.00, 4.63, 28.89, 24.16, 111.81, 165.80, 83.54, 34.64, 29.87, 0, 0
2.00, 5.70, 28.03, 28.03, 726.70, 20.00, 4.63, 29.44, 24.79, 0.00, 148.84, 0.00, 56.34, 38.03, 0, 0
2.00, 5.70, 29.39, 29.39, 975.11, 20.00, 4.63, 30.00, 25.29, 0.00, 128.05, 0.00, 71.50, 48.25, 0, 0
2.00, 5.70, 29.78, 29.78, 998.26, 20.00, 4.63, 28.89, 24.16, 0.00, 97.64, 0.00, 83.14, 59.34, 0, 0
2.00, 5.70, 29.22, 29.22, 830.62, 20.00, 4.63, 27.22, 22.53, 0.00, 58.25, 0.00, 93.12, 70.69, 0, 0
2.00, 5.70, 28.53, 28.53, 655.42, 20.00, 4.63, 25.56, 20.90, 0.00, 20.02, 0.00, 102.55, 81.95, 0, 0
2.00, 5.70, 27.73, 27.73, 477.38, 20.00, 4.63, 23.89, 19.27, 0.00, 3.06, 0.00, 0.00, 90.00, 0, 0
2.00, 5.70, 27.39, 27.39, 411.30, 20.00, 4.63, 22.22, 17.53, 0.00, 0.00, 0.00, 0.00, 90.00, 0, 0
2.00, 5.70, 27.07, 27.07, 354.12, 20.00, 4.63, 20.56, 15.91, 0.00, 0.00, 0.00, 0.00, 90.00, 0, 0
2.00, 5.70, 26.71, 26.71, 288.91, 20.00, 4.63, 18.89, 14.29, 0.00, 0.00, 0.00, 0.00, 90.00, 0, 0
2.00, 5.70, 26.30, 26.30, 218.40, 20.00, 4.63, 17.22, 12.56, 0.00, 0.00, 0.00, 0.00, 90.00, 0, 0
2.00, 5.70, 25.89, 25.89, 149.76, 20.00, 4.63, 16.11, 11.45, 0.00, 0.00, 0.00, 0.00, 90.00, 0, 0
2.00, 5.70, 25.41, 25.41, 72.52, 20.00, 4.63, 14.44, 9.85, 0.00, 0.00, 0.00, 0.00, 90.00, 0, 0
2.00, 5.70, 24.89, 24.89, -10.10, 20.00, 4.63, 12.78, 8.13, 0.00, 0.00, 0.00, 0.00, 90.00, 0, 0
2.00, 5.70, 24.34, 24.34, -96.35, 20.00, 4.63, 11.11, 6.54, 0.00, 0.00, 0.00, 0.00, 90.00, 0, 0
2.00, 5.70, 23.78, 23.78, -178.69, 20.00, 4.63, 10.00, 5.32, 0.00, 0.00, 0.00, 0.00, 90.00, 0, 0
2.00, 5.70, 23.38, 23.38, -222.87, 20.00, 4.63, 10.00, 5.32, 0.00, 12.23, 0.00, 0.00, 90.00, 0, 0
2.00, 5.70, 23.30, 23.30, -201.38, 20.00, 4.63, 11.67, 7.03, 20.78, 32.85, 58.10, -99.75, 79.12, 0, 0
2.00, 5.70, 23.58, 23.58, -111.26, 20.00, 4.63, 13.89, 9.24, 75.46, 66.79, 51.46, -90.00, 67.80, 0, 0
2.00, 5.70, 24.17, 24.17, 32.77, 20.00, 4.63, 16.11, 11.45, 160.18, 104.49, 48.66, -79.91, 56.48, 0, 0
2.00, 5.70, 25.24, 25.24, 259.37, 20.00, 4.63, 18.89, 14.17, 339.78, 136.73, 49.75, -67.51, 45.57, 0, 0
2.00, 5.70, 26.32, 26.32, 467.20, 20.00, 4.63, 21.11, 16.41, 474.61, 153.66, 54.68, -50.90, 35.78, 0, 0
2.00, 5.70, 27.14, 27.14, 605.10, 20.00, 4.63, 23.33, 18.65, 462.94, 164.48, 62.53, -26.96, 28.57, 0, 0
2.00, 5.70, 27.55, 27.55, 650.43, 20.00, 4.63, 25.00, 20.27, 339.13, 168.32, 72.34, 4.50, 26.31, 0, 0
2.00, 5.70, 27.53, 27.53, 607.66, 20.00, 4.63, 26.11, 21.40, 127.77, 166.95, 83.37, 34.43, 30.17, 0, 0
2.00, 5.70, 27.66, 27.66, 605.79, 20.00, 4.63, 26.67, 21.89, 0.00, 148.76, 0.00, 56.05, 38.29, 0, 0
2.00, 5.70, 28.92, 28.92, 843.02, 20.00, 4.63, 26.67, 21.89, 0.00, 121.89, 0.00, 71.22, 48.49, 0, 0
2.00, 5.70, 29.88, 29.88, 996.78, 20.00, 4.63, 25.56, 20.90, 0.00, 91.14, 0.00, 82.88, 59.57, 0, 0
2.00, 5.70, 30.24, 30.24, 1015.87, 20.00, 4.63, 24.44, 19.77, 0.00, 55.35, 0.00, 92.89, 70.92, 0, 0
2.00, 5.70, 29.71, 29.71, 852.29, 20.00, 4.63, 22.22, 17.65, 0.00, 19.91, 0.00, 102.34, 82.18, 0, 0
2.00, 5.70, 27.82, 27.82, 429.46, 20.00, 4.63, 21.11, 16.53, 0.00, 3.06, 0.00, 0.00, 90.00, 0, 0
2.00, 5.70, 27.34, 27.34, 345.22, 20.00, 4.63, 20.00, 15.41, 0.00, 0.00, 0.00, 0.00, 90.00, 0, 0
2.00, 5.70, 26.97, 26.97, 284.91, 20.00, 4.63, 18.89, 14.41, 0.00, 0.00, 0.00, 0.00, 90.00, 0, 0
2.00, 5.70, 26.58, 26.58, 221.75, 20.00, 4.63, 17.78, 13.29, 0.00, 0.00, 0.00, 0.00, 90.00, 0, 0
2.00, 5.70, 26.17, 26.17, 156.94, 20.00, 4.63, 16.67, 12.18, 0.00, 0.00, 0.00, 0.00, 90.00, 0, 0
2.00, 5.70, 25.77, 25.77, 96.21, 20.00, 4.63, 16.11, 11.57, 0.00, 0.00, 0.00, 0.00, 90.00, 0, 0
2.00, 5.70, 25.35, 25.35, 35.99, 20.00, 4.63, 15.56, 10.96, 0.00, 0.00, 0.00, 0.00, 90.00, 0, 0
2.00, 5.70, 24.93, 24.93, -23.81, 20.00, 4.63, 15.00, 10.46, 0.00, 0.00, 0.00, 0.00, 90.00, 0, 0
2.00, 5.70, 24.50, 24.50, -83.09, 20.00, 4.63, 14.44, 9.96, 0.00, 0.00, 0.00, 0.00, 90.00, 0, 0
2.00, 5.70, 24.07, 24.07, -141.77, 20.00, 4.63, 13.89, 9.35, 0.00, 0.00, 0.00, 0.00, 90.00, 0, 0
2.00, 5.70, 23.72, 23.72, -180.26, 20.00, 4.63, 13.89, 9.46, 0.00, 6.12, 0.00, 0.00, 90.00, 0, 0
2.00, 5.70, 23.68, 23.68, -153.80, 20.00, 4.63, 15.56, 11.07, 5.12, 27.87, 57.81, -99.47, 79.29, 0, 0
2.00, 5.70, 24.00, 24.00, -57.35, 20.00, 4.63, 17.22, 12.79, 39.45, 68.51, 51.40, -90.00, 67.96, 0, 0
2.00, 5.70, 24.73, 24.73, 110.08, 20.00, 4.63, 20.00, 15.52, 147.26, 104.34, 48.34, -79.58, 56.65, 0, 0
2.00, 5.70, 25.67, 25.67, 306.57, 20.00, 4.63, 22.22, 17.76, 248.99, 139.01, 49.45, -67.14, 45.76, 0, 0
2.00, 5.70, 26.65, 26.65, 491.89, 20.00, 4.63, 24.44, 19.90, 298.98, 170.20, 54.42, -50.52, 36.01, 0, 0
2.00, 5.70, 27.35, 27.35, 604.49, 20.00, 4.63, 26.11, 21.53, 254.58, 185.51, 62.31, -26.65, 28.86, 0, 0
2.00, 5.70, 27.73, 27.73, 645.86, 20.00, 4.63, 27.22, 22.66, 150.42, 190.61, 72.15, 4.55, 26.64, 0, 0
2.00, 5.70, 27.86, 27.86, 637.92, 20.00, 4.63, 27.78, 23.16, 55.57, 181.53, 83.21, 34.22, 30.48, 0, 0
2.00, 5.70, 28.05, 28.05, 647.50, 20.00, 4.63, 28.33, 23.66, 0.00, 164.10, 0.00, 55.77, 38.56, 0, 0
2.00, 5.70, 28.52, 28.52, 719.10, 20.00, 4.63, 27.78, 23.16, 0.00, 135.14, 0.00, 70.94, 48.74, 0, 0
2.00, 5.70, 28.94, 28.94, 773.61, 20.00, 4.63, 27.22, 22.66, 0.00, 97.05, 0.00, 82.63, 59.80, 0, 0
2.00, 5.70, 29.43, 29.43, 843.19, 20.00, 4.63, 26.11, 21.53, 0.00, 56.42, 0.00, 92.65, 71.15, 0, 0
2.00, 5.70, 29.29, 29.29, 775.25, 20.00, 4.63, 25.00, 20.40, 0.00, 19.82, 0.00, 102.12, 82.42, 0, 0
2.00, 5.70, 27.77, 27.77, 431.16, 20.00, 4.63, 23.33, 18.89, 0.00, 4.59, 0.00, 0.00, 90.00, 0, 0
2.00, 5.70, 27.37, 27.37, 357.84, 20.00, 4.63, 22.22, 17.76, 0.00, 0.00, 0.00, 0.00, 90.00, 0, 0
2.00, 5.70, 27.05, 27.05, 306.01, 20.00, 4.63, 21.11, 16.64, 0.00, 0.00, 0.00, 0.00, 90.00, 0, 0
2.00, 5.70, 26.70, 26.70, 245.76, 20.00, 4.63, 19.44, 15.02, 0.00, 0.00, 0.00, 0.00, 90.00, 0, 0
2.00, 5.70, 26.33, 26.33, 187.73, 20.00, 4.63, 18.33, 13.90, 0.00, 0.00, 0.00, 0.00, 90.00, 0, 0
2.00, 5.70, 25.95, 25.95, 127.41, 20.00, 4.63, 17.22, 12.68, 0.00, 0.00, 0.00, 0.00, 90.00, 0, 0
2.00, 5.70, 25.54, 25.54, 64.70, 20.00, 4.63, 16.11, 11.57, 0.00, 0.00, 0.00, 0.00, 90.00, 0, 0
2.00, 5.70, 25.10, 25.10, -0.28, 20.00, 4.63, 15.00, 10.46, 0.00, 0.00, 0.00, 0.00, 90.00, 0, 0
2.00, 5.70, 24.61, 24.61, -74.20, 20.00, 4.63, 13.33, 8.85, 0.00, 0.00, 0.00, 0.00, 90.00, 0, 0
2.00, 5.70, 24.11, 24.11, -145.62, 20.00, 4.63, 12.22, 7.75, 0.00, 0.00, 0.00, 0.00, 90.00, 0, 0
2.00, 5.70, 23.72, 23.72, -191.21, 20.00, 4.63, 12.22, 7.75, 0.00, 6.12, 0.00, 0.00, 90.00, 0, 0
2.00, 5.70, 23.69, 23.69, -162.08, 20.00, 4.63, 13.89, 9.46, 16.12, 28.69, 57.51, -99.19, 79.46, 0, 0
2.00, 5.70, 23.99, 23.99, -70.09, 20.00, 4.63, 15.56, 11.17, 54.02, 67.81, 51.35, -90.00, 68.13, 0, 0
2.00, 5.70, 24.64, 24.64, 84.79, 20.00, 4.63, 18.33, 13.90, 147.51, 103.10, 48.02, -79.25, 56.82, 0, 0
2.00, 5.70, 25.56, 25.56, 278.43, 20.00, 4.63, 20.56, 16.03, 260.02, 137.18, 49.14, -66.78, 45.95, 0, 0
2.00, 5.70, 26.51, 26.51, 461.00, 20.00, 4.63, 22.78, 18.27, 324.75, 165.46, 54.15, -50.12, 36.24, 0, 0
2.00, 5.70, 27.32, 27.32, 598.49, 20.00, 4.63, 24.44, 19.90, 330.40, 181.60, 62.08, -26.33, 29.15, 0, 0
2.00, 5.70, 27.76, 27.76, 652.82, 20.00, 4.63, 26.11, 21.53, 222.23, 188.34, 71.96, 4.61, 26.96, 0, 0
2.00, 5.70, 27.81, 27.81, 625.20, 20.00, 4.63, 26.67, 22.03, 76.37, 180.20, 83.05, 34.02, 30.79, 0, 0
2.00, 5.70, 27.91, 27.91, 617.50, 20.00, 4.63, 27.22, 22.66, 0.00, 158.45, 0.00, 55.49, 38.84, 0, 0
2.00, 5.70, 28.60, 28.60, 736.53, 20.00, 4.63, 27.22, 22.53, 0.00, 133.18, 0.00, 70.66, 48.99, 0, 0
2.00, 5.70, 29.21, 29.21, 830.66, 20.00, 4.63, 26.11, 21.53, 0.00, 95.37, 0.00, 82.37, 60.04, 0, 0
2.00, 5.70, 29.67, 29.67, 885.24, 20.00, 4.63, 25.00, 20.40, 0.00, 54.88, 0.00, 90.00, 71.39, 0, 0
2.00, 5.70, 29.48, 29.48, 804.21, 20.00, 4.63, 23.33, 18.77, 0.00, 22.51, 0.00, 101.89, 82.66, 0, 0
2.00, 5.70, 27.77, 27.77, 418.36, 20.00, 4.63, 22.22, 17.76, 0.00, 6.12, 0.00, 0.00, 90.00, 0, 0
2.00, 5.70, 27.31, 27.31, 337.31, 20.00, 4.63, 21.11, 16.64, 0.00, 0.00, 0.00, 0.00, 90.00, 0, 0
2.00, 5.70, 26.97, 26.97, 281.66, 20.00, 4.63, 20.00, 15.52, 0.00, 0.00, 0.00, 0.00, 90.00, 0, 0
2.00, 5.70, 26.58, 26.58, 217.07, 20.00, 4.63, 18.33, 13.90, 0.00, 0.00, 0.00, 0.00, 90.00, 0, 0
2.00, 5.70, 26.18, 26.18, 154.72, 20.00, 4.63, 17.22, 12.68, 0.00, 0.00, 0.00, 0.00, 90.00, 0, 0
2.00, 5.70, 25.76, 25.76, 90.67, 20.00, 4.63, 16.11, 11.57, 0.00, 0.00, 0.00, 0.00, 90.00, 0, 0
2.00, 5.70, 25.36, 25.36, 31.71, 20.00, 4.63, 15.56, 11.07, 0.00, 0.00, 0.00, 0.00, 90.00, 0, 0
2.00, 5.70, 24.91, 24.91, -33.46, 20.00, 4.63, 14.44, 9.96, 0.00, 0.00, 0.00, 0.00, 90.00, 0, 0
2.00, 5.70, 24.44, 24.44, -101.48, 20.00, 4.63, 13.33, 8.85, 0.00, 0.00, 0.00, 0.00, 90.00, 0, 0
2.00, 5.70, 23.94, 23.94, -171.12, 20.00, 4.63, 12.22, 7.75, 0.00, 0.00, 0.00, 0.00, 90.00, 0, 0
2.00, 5.70, 23.61, 23.61, -202.67, 20.00, 4.63, 12.78, 8.35, 0.00, 9.18, 0.00, 0.00, 90.00, 0, 0
2.00, 5.70, 23.53, 23.53, -185.02, 20.00, 4.63, 13.89, 9.46, 5.85, 29.23, 57.21, -98.90, 79.63, 0, 0
2.00, 5.70, 23.78, 23.78, -102.13, 20.00, 4.63, 15.56, 11.07, 29.46, 68.13, 51.29, -90.00, 68.30, 0, 0
2.00, 5.70, 24.21, 24.21, 7.80, 20.00, 4.63, 17.22, 12.79, 55.95, 106.75, 47.68, -78.91, 57.00, 0, 0
2.00, 5.70, 24.93, 24.93, 166.22, 20.00, 4.63, 19.44, 15.02, 130.22, 142.31, 48.83, -66.40, 46.15, 0, 0
2.00, 5.70, 25.71, 25.71, 322.15, 20.00, 4.63, 21.11, 16.64, 193.30, 169.30, 53.88, -49.73, 36.48, 0, 0
2.00, 5.70, 26.43, 26.43, 452.77, 20.00, 4.63, 22.78, 18.27, 221.71, 184.38, 61.85, -26.01, 29.44, 0, 0
2.00, 5.70, 26.97, 26.97, 536.13, 20.00, 4.63, 24.44, 19.90, 192.03, 189.32, 71.76, 4.67, 27.29, 0, 0
2.00, 5.70, 27.13, 27.13, 537.52, 20.00, 4.63, 25.56, 21.02, 87.54, 179.18, 82.88, 33.82, 31.10, 0, 0
2.00, 5.70, 27.24, 27.24, 533.73, 20.00, 4.63, 26.11, 21.65, 0.00, 152.56, 0.00, 55.21, 39.12, 0, 0
2.00, 5.70, 28.38, 28.38, 750.52, 20.00, 4.63, 26.67, 22.15, 0.00, 123.53, 0.00, 70.39, 49.25, 0, 0
2.00, 5.70, 29.12, 29.12, 862.69, 20.00, 4.63, 26.11, 21.65, 0.00, 94.14, 0.00, 82.11, 60.29, 0, 0
2.00, 5.70, 28.79, 28.79, 744.64, 20.00, 4.63, 25.00, 20.52, 0.00, 56.35, 0.00, 90.00, 71.63, 0, 0
2.00, 5.70, 27.95, 27.95, 540.25, 20.00, 4.63, 23.33, 18.89, 0.00, 18.65, 0.00, 101.67, 82.91, 0, 0
2.00, 5.70, 26.98, 26.98, 330.51, 20.00, 4.63, 22.22, 17.87, 0.00, 1.53, 0.00, 0.00, 90.00, 0, 0
2.00, 5.70, 26.67, 26.67, 279.65, 20.00, 4.63, 21.67, 17.26, 0.00, 0.00, 0.00, 0.00, 90.00, 0, 0
2.00, 5.70, 26.40, 26.40, 236.96, 20.00, 4.63, 20.56, 16.24, 0.00, 0.00, 0.00, 0.00, 90.00, 0, 0
2.00, 5.70, 26.09, 26.09, 187.76, 20.00, 4.63, 19.44, 15.12, 0.00, 0.00, 0.00, 0.00, 90.00, 0, 0
2.00, 5.70, 25.79, 25.79, 142.17, 20.00, 4.63, 18.89, 14.51, 0.00, 0.00, 0.00, 0.00, 90.00, 0, 0
2.00, 5.70, 25.48, 25.48, 96.12, 20.00, 4.63, 18.33, 13.90, 0.00, 0.00, 0.00, 0.00, 90.00, 0, 0
2.00, 5.70, 25.15, 25.15, 49.35, 20.00, 4.63, 17.78, 13.40, 0.00, 0.00, 0.00, 0.00, 90.00, 0, 0
2.00, 5.70, 24.78, 24.78, -5.36, 20.00, 4.63, 16.67, 12.28, 0.00, 0.00, 0.00, 0.00, 90.00, 0, 0
2.00, 5.70, 24.42, 24.42, -56.19, 20.00, 4.63, 16.11, 11.78, 0.00, 0.00, 0.00, 0.00, 90.00, 0, 0
2.00, 5.70, 24.05, 24.05, -105.69, 20.00, 4.63, 15.56, 11.27, 0.00, 0.00, 0.00, 0.00, 90.00, 0, 0
2.00, 5.70, 23.83, 23.83, -122.72, 20.00, 4.63, 16.11, 11.87, 0.00, 9.18, 0.00, 0.00, 90.00, 0, 0
2.00, 5.70, 23.96, 23.96, -68.82, 20.00, 4.63, 17.78, 13.59, 29.76, 32.85, 56.91, -98.61, 79.81, 0, 0
2.00, 5.70, 24.38, 24.38, 39.05, 20.00, 4.63, 20.00, 15.73, 64.59, 69.40, 51.24, -90.00, 68.47, 0, 0
2.00, 5.70, 24.95, 24.95, 166.15, 20.00, 4.63, 21.67, 17.46, 86.34, 108.02, 47.35, -78.57, 57.17, 0, 0
2.00, 5.70, 25.67, 25.67, 311.91, 20.00, 4.63, 23.33, 19.10, 117.03, 144.27, 48.52, -66.03, 46.34, 0, 0
2.00, 5.70, 26.48, 26.48, 462.90, 20.00, 4.63, 25.00, 20.73, 165.26, 170.23, 53.60, -49.33, 36.72, 0, 0
2.00, 5.70, 27.30, 27.30, 605.03, 20.00, 4.63, 26.67, 22.37, 217.38, 182.09, 61.62, -25.68, 29.73, 0, 0
2.00, 5.70, 27.90, 27.90, 692.59, 20.00, 4.63, 27.78, 23.50, 189.50, 187.25, 71.57, 4.73, 27.63, 0, 0
2.00, 5.70, 28.07, 28.07, 688.49, 20.00, 4.63, 28.89, 24.53, 57.16, 178.00, 82.72, 33.63, 31.42, 0, 0
2.00, 5.70, 28.22, 28.22, 686.33, 20.00, 4.63, 28.89, 24.53, 0.00, 161.53, 0.00, 54.94, 39.41, 0, 0
2.00, 5.70, 28.50, 28.50, 714.18, 20.00, 4.63, 28.33, 24.02, 0.00, 127.72, 0.00, 70.11, 49.51, 0, 0
2.00, 5.70, 28.83, 28.83, 753.92, 20.00, 4.63, 27.78, 23.50, 0.00, 93.11, 0.00, 81.85, 60.54, 0, 0
2.00, 5.70, 29.51, 29.51, 865.05, 20.00, 4.63, 27.22, 22.88, 0.00, 56.19, 0.00, 90.00, 71.88, 0, 0
2.00, 5.70, 28.15, 28.15, 538.90, 20.00, 4.63, 25.56, 21.35, 0.00, 38.23, 0.00, 101.45, 83.17, 0, 0
2.00, 5.70, 27.61, 27.61, 426.65, 20.00, 4.63, 24.44, 20.22, 0.00, 4.59, 0.00, 0.00, 90.00, 0, 0
2.00, 5.70, 27.30, 27.30, 368.76, 20.00, 4.63, 23.33, 19.10, 0.00, 0.00, 0.00, 0.00, 90.00, 0, 0
2.00, 5.70, 27.05, 27.05, 326.12, 20.00, 4.63, 22.22, 18.07, 0.00, 0.00, 0.00, 0.00, 90.00, 0, 0
2.00, 5.70, 26.81, 26.81, 286.19, 20.00, 4.63, 21.67, 17.46, 0.00, 0.00, 0.00, 0.00, 90.00, 0, 0
2.00, 5.70, 26.52, 26.52, 239.05, 20.00, 4.63, 20.56, 16.34, 0.00, 0.00, 0.00, 0.00, 90.00, 0, 0
2.00, 5.70, 26.20, 26.20, 187.28, 20.00, 4.63, 19.44, 15.22, 0.00, 0.00, 0.00, 0.00, 90.00, 0, 0
2.00, 5.70, 25.89, 25.89, 139.35, 20.00, 4.63, 18.89, 14.71, 0.00, 0.00, 0.00, 0.00, 90.00, 0, 0
2.00, 5.70, 25.57, 25.57, 91.84, 20.00, 4.63, 18.33, 14.10, 0.00, 0.00, 0.00, 0.00, 90.00, 0, 0
2.00, 5.70, 25.20, 25.20, 37.11, 20.00, 4.63, 17.22, 12.99, 0.00, 0.00, 0.00, 0.00, 90.00, 0, 0
2.00, 5.70, 24.84, 24.84, -13.54, 20.00, 4.63, 16.67, 12.48, 0.00, 0.00, 0.00, 0.00, 90.00, 0, 0
2.00, 5.70, 24.60, 24.60, -38.04, 20.00, 4.63, 16.67, 12.56, 0.00, 9.18, 0.00, 0.00, 90.00, 0, 0
2.00, 5.70, 24.67, 24.67, 1.98, 20.00, 4.63, 18.33, 14.19, 10.42, 32.43, 56.60, -98.31, 79.98, 0, 0
2.00, 5.70, 25.01, 25.01, 91.67, 20.00, 4.63, 20.00, 15.83, 39.62, 66.76, 51.19, -90.00, 68.64, 0, 0
2.00, 5.70, 25.52, 25.52, 206.69, 20.00, 4.63, 21.67, 17.55, 63.86, 103.28, 47.01, -78.22, 57.35, 0, 0
2.00, 5.70, 26.33, 26.33, 373.00, 20.00, 4.63, 23.33, 19.19, 135.60, 142.91, 48.20, -65.65, 46.54, 0, 0
2.00, 5.70, 26.95, 26.95, 486.36, 20.00, 4.63, 25.00, 20.83, 130.78, 163.93, 53.33, -48.93, 36.96, 0, 0
2.00, 5.70, 27.80, 27.80, 638.05, 20.00, 4.63, 26.67, 22.47, 200.79, 182.42, 61.39, -25.36, 30.03, 0, 0
2.00, 5.70, 28.42, 28.42, 731.50, 20.00, 4.63, 27.78, 23.60, 190.84, 187.31, 71.38, 4.79, 27.97, 0, 0
2.00, 5.70, 28.71, 28.71, 752.63, 20.00, 4.63, 29.44, 25.25, 107.08, 178.01, 82.56, 33.45, 31.75, 0, 0
2.00, 5.70, 28.94, 28.94, 763.39, 20.00, 4.63, 30.00, 25.77, 0.00, 160.54, 0.00, 54.66, 39.70, 0, 0
2.00, 5.70, 29.39, 29.39, 825.20, 20.00, 4.63, 29.44, 25.25, 0.00, 128.04, 0.00, 69.83, 49.78, 0, 0
2.00, 5.70, 29.44, 29.44, 798.64, 20.00, 4.63, 28.89, 24.73, 0.00, 91.72, 0.00, 81.59, 60.79, 0, 0
2.00, 5.70, 28.95, 28.95, 667.76, 20.00, 4.63, 27.78, 23.60, 0.00, 40.58, 0.00, 90.00, 72.13, 0, 0
2.00, 5.70, 28.19, 28.19, 495.17, 20.00, 4.63, 26.11, 22.05, 0.00, 10.71, 0.00, 101.22, 83.42, 0, 0
2.00, 5.70, 27.88, 27.88, 433.33, 20.00, 4.63, 25.00, 20.93, 0.00, 1.53, 0.00, 0.00, 90.00, 0, 0
2.00, 5.70, 27.68, 27.68, 398.48, 20.00, 4.63, 24.44, 20.41, 0.00, 0.00, 0.00, 0.00, 90.00, 0, 0
2.00, 5.70, 27.51, 27.51, 370.93, 20.00, 4.63, 23.89, 19.89, 0.00, 0.00, 0.00, 0.00, 90.00, 0, 0
2.00, 5.70, 27.31, 27.31, 339.12, 20.00, 4.63, 23.33, 19.28, 0.00, 0.00, 0.00, 0.00, 90.00, 0, 0
2.00, 5.70, 27.10, 27.10, 304.57, 20.00, 4.63, 22.78, 18.76, 0.00, 0.00, 0.00, 0.00, 90.00, 0, 0
2.00, 5.70, 26.87, 26.87, 267.54, 20.00, 4.63, 22.22, 18.16, 0.00, 0.00, 0.00, 0.00, 90.00, 0, 0
2.00, 5.70, 26.62, 26.62, 228.84, 20.00, 4.63, 21.67, 17.55, 0.00, 0.00, 0.00, 0.00, 90.00, 0, 0
2.00, 5.70, 26.36, 26.36, 189.39, 20.00, 4.63, 21.11, 17.04, 0.00, 0.00, 0.00, 0.00, 90.00, 0, 0
2.00, 5.70, 26.09, 26.09, 149.55, 20.00, 4.63, 20.56, 16.52, 0.00, 0.00, 0.00, 0.00, 90.00, 0, 0
2.00, 5.70, 25.81, 25.81, 109.56, 20.00, 4.63, 20.00, 16.00, 0.00, 0.00, 0.00, 0.00, 90.00, 0, 0
2.00, 5.70, 25.58, 25.58, 82.62, 20.00, 4.63, 20.00, 16.00, 0.00, 3.06, 0.00, 0.00, 90.00, 0, 0
2.00, 5.70, 25.49, 25.49, 84.52, 20.00, 4.63, 20.56, 16.60, 0.00, 13.76, 56.28, -98.01, 80.16, 0, 0
2.00, 5.70, 25.72, 25.72, 150.37, 20.00, 4.63, 21.67, 17.73, 5.61, 48.97, 51.13, -90.00, 68.81, 0, 0
2.00, 5.70, 26.34, 26.34, 288.90, 20.00, 4.63, 23.33, 19.37, 46.78, 98.13, 46.67, -77.87, 57.53, 0, 0
2.00, 5.70, 27.12, 27.12, 447.89, 20.00, 4.63, 25.56, 21.53, 93.49, 136.51, 47.88, -65.26, 46.75, 0, 0
2.00, 5.70, 27.25, 27.25, 456.93, 20.00, 4.63, 26.11, 22.14, 44.08, 123.04, 53.05, -48.53, 37.20, 0, 0
2.00, 5.70, 27.57, 27.57, 507.66, 20.00, 4.63, 26.67, 22.66, 21.78, 138.95, 61.16, -25.03, 30.34, 0, 0
2.00, 5.70, 28.12, 28.12, 604.67, 20.00, 4.63, 27.78, 23.70, 34.21, 163.67, 71.19, 4.86, 28.31, 0, 0
2.00, 5.70, 27.90, 27.90, 533.30, 20.00, 4.63, 27.78, 23.70, 6.68, 110.18, 82.39, 33.27, 32.08, 0, 0
2.00, 5.70, 27.69, 27.69, 474.58, 20.00, 4.63, 27.22, 23.18, 0.00, 77.80, 0.00, 54.39, 40.00, 0, 0
2.00, 5.70, 27.68, 27.68, 466.63, 20.00, 4.63, 27.22, 23.18, 0.00, 72.77, 0.00, 69.56, 50.05, 0, 0
2.00, 5.70, 27.51, 27.51, 423.89, 20.00, 4.63, 26.67, 22.66, 0.00, 49.92, 0.00, 81.33, 61.05, 0, 0
2.00, 5.70, 27.28, 27.28, 374.63, 20.00, 4.63, 26.11, 22.14, 0.00, 29.06, 0.00, 90.00, 72.39, 0, 0
2.00, 5.70, 26.98, 26.98, 314.54, 20.00, 4.63, 25.00, 21.01, 0.00, 9.18, 0.00, 101.00, 83.68, 0, 0
2.00, 5.70, 26.75, 26.75, 275.02, 20.00, 4.63, 24.44, 20.49, 0.00, 1.53, 0.00, 0.00, 90.00, 0, 0
2.00, 5.70, 26.57, 26.57, 247.20, 20.00, 4.63, 23.89, 19.97, 0.00, 0.00, 0.00, 0.00, 90.00, 0, 0
2.00, 5.70, 26.40, 26.40, 223.81, 20.00, 4.63, 23.33, 19.37, 0.00, 0.00, 0.00, 0.00, 90.00, 0, 0
2.00, 5.70, 26.21, 26.21, 196.74, 20.00, 4.63, 22.78, 18.85, 0.00, 0.00, 0.00, 0.00, 90.00, 0, 0
2.00, 5.70, 26.01, 26.01, 168.18, 20.00, 4.63, 22.22, 18.25, 0.00, 0.00, 0.00, 0.00, 90.00, 0, 0
2.00, 5.70, 25.80, 25.80, 138.18, 20.00, 4.63, 21.67, 17.64, 0.00, 0.00, 0.00, 0.00, 90.00, 0, 0
2.00, 5.70, 25.54, 25.54, 100.15, 20.00, 4.63, 20.56, 16.60, 0.00, 0.00, 0.00, 0.00, 90.00, 0, 0
2.00, 5.70, 25.29, 25.29, 65.06, 20.00, 4.63, 20.00, 16.00, 0.00, 0.00, 0.00, 0.00, 90.00, 0, 0
2.00, 5.70, 25.03, 25.03, 30.41, 20.00, 4.63, 19.44, 15.48, 0.00, 0.00, 0.00, 0.00, 90.00, 0, 0
2.00, 5.70, 24.77, 24.77, -4.46, 20.00, 4.63, 18.89, 14.96, 0.00, 0.00, 0.00, 0.00, 90.00, 0, 0
2.00, 5.70, 24.53, 24.53, -32.80, 20.00, 4.63, 18.89, 14.96, 0.00, 0.00, 0.00, 0.00, 90.00, 0, 0
2.00, 5.70, 24.34, 24.34, -49.13, 20.00, 4.63, 18.89, 14.96, 0.00, 3.06, 55.96, -97.70, 80.33, 0, 0
2.00, 5.70, 24.17, 24.17, -63.65, 20.00, 4.63, 18.89, 14.96, 0.00, 6.12, 51.08, -90.00, 68.99, 0, 0
2.00, 5.70, 24.49, 24.49, 25.85, 20.00, 4.63, 20.00, 16.08, 6.01, 54.84, 46.32, -77.52, 57.71, 0, 0
2.00, 5.70, 25.05, 25.05, 154.30, 20.00, 4.63, 21.67, 17.73, 13.87, 104.74, 47.56, -64.88, 46.95, 0, 0
2.00, 5.70, 25.42, 25.42, 228.83, 20.00, 4.63, 23.33, 19.28, 11.89, 116.74, 52.78, -48.12, 37.45, 0, 0
2.00, 5.70, 26.06, 26.06, 353.49, 20.00, 4.63, 24.44, 20.41, 41.24, 149.95, 60.93, -24.71, 30.64, 0, 0
2.00, 5.70, 26.69, 26.69, 467.66, 20.00, 4.63, 25.56, 21.44, 59.07, 172.24, 71.00, 4.93, 28.66, 0, 0
2.00, 5.70, 27.12, 27.12, 531.63, 20.00, 4.63, 27.22, 23.09, 38.82, 172.19, 82.23, 33.09, 32.42, 0, 0
2.00, 5.70, 27.29, 27.29, 540.46, 20.00, 4.63, 27.78, 23.60, 0.00, 150.24, 0.00, 54.13, 40.30, 0, 0
2.00, 5.70, 27.34, 27.34, 525.65, 20.00, 4.63, 27.78, 23.60, 0.00, 113.79, 0.00, 69.28, 50.33, 0, 0
2.00, 5.70, 27.21, 27.21, 480.08, 20.00, 4.63, 27.78, 23.60, 0.00, 76.93, 0.00, 81.07, 61.31, 0, 0
2.00, 5.70, 26.74, 26.74, 367.87, 20.00, 4.63, 26.67, 22.57, 0.00, 22.31, 0.00, 90.00, 72.65, 0, 0
2.00, 5.70, 26.33, 26.33, 282.15, 20.00, 4.63, 25.56, 21.44, 0.00, 3.06, 0.00, 100.77, 83.95, 0, 0
2.00, 5.70, 26.16, 26.16, 253.99, 20.00, 4.63, 25.00, 20.83, 0.00, 1.53, 0.00, 0.00, 90.00, 0, 0
2.00, 5.70, 25.99, 25.99, 225.94, 20.00, 4.63, 23.89, 19.80, 0.00, 0.00, 0.00, 0.00, 90.00, 0, 0
2.00, 5.70, 25.82, 25.82, 198.76, 20.00, 4.63, 22.78, 18.68, 0.00, 0.00, 0.00, 0.00, 90.00, 0, 0
2.00, 5.70, 25.61, 25.61, 164.24, 20.00, 4.63, 21.67, 17.55, 0.00, 0.00, 0.00, 0.00, 90.00, 0, 0
2.00, 5.70, 25.40, 25.40, 132.73, 20.00, 4.63, 21.11, 16.85, 0.00, 0.00, 0.00, 0.00, 90.00, 0, 0
2.00, 5.70, 25.11, 25.11, 86.90, 20.00, 4.63, 19.44, 15.31, 0.00, 0.00, 0.00, 0.00, 90.00, 0, 0
2.00, 5.70, 24.81, 24.81, 40.58, 20.00, 4.63, 18.33, 14.19, 0.00, 0.00, 0.00, 0.00, 90.00, 0, 0
2.00, 5.70, 24.49, 24.49, -8.17, 20.00, 4.63, 17.22, 13.08, 0.00, 0.00, 0.00, 0.00, 90.00, 0, 0
2.00, 5.70, 24.11, 24.11, -66.44, 20.00, 4.63, 15.56, 11.45, 0.00, 0.00, 0.00, 0.00, 90.00, 0, 0
2.00, 5.70, 23.72, 23.72, -123.46, 20.00, 4.63, 14.44, 10.25, 0.00, 0.00, 0.00, 0.00, 90.00, 0, 0
2.00, 5.70, 23.41, 23.41, -158.63, 20.00, 4.63, 14.44, 10.25, 0.00, 4.59, 0.00, 0.00, 90.00, 0, 0
2.00, 5.70, 23.44, 23.44, -125.99, 20.00, 4.63, 15.56, 11.36, 12.42, 27.73, 55.64, -97.39, 80.51, 0, 0
2.00, 5.70, 23.47, 23.47, -96.38, 20.00, 4.63, 16.67, 12.48, 6.00, 45.60, 51.02, -90.00, 69.16, 0, 0
2.00, 5.70, 23.94, 23.94, 18.68, 20.00, 4.63, 17.78, 13.59, 44.08, 92.32, 45.97, -77.16, 57.90, 0, 0
2.00, 5.70, 24.70, 24.70, 182.59, 20.00, 4.63, 20.00, 15.73, 93.09, 140.01, 47.24, -64.48, 47.16, 0, 0
2.00, 5.70, 25.38, 25.38, 312.42, 20.00, 4.63, 21.67, 17.36, 124.73, 163.30, 52.50, -47.72, 37.70, 0, 0
2.00, 5.70, 26.14, 26.14, 451.45, 20.00, 4.63, 23.33, 18.99, 173.55, 182.42, 60.70, -24.38, 30.95, 0, 0
2.00, 5.70, 26.73, 26.73, 545.64, 20.00, 4.63, 25.00, 20.52, 176.25, 185.33, 70.80, 5.00, 29.01, 0, 0
2.00, 5.70, 26.92, 26.92, 549.06, 20.00, 4.63, 26.11, 21.65, 62.72, 177.51, 82.06, 32.91, 32.76, 0, 0
2.00, 5.70, 27.00, 27.00, 536.28, 20.00, 4.63, 26.11, 21.65, 0.00, 159.62, 0.00, 53.86, 40.61, 0, 0
2.00, 5.70, 27.23, 27.23, 561.47, 20.00, 4.63, 26.11, 21.65, 0.00, 130.17, 0.00, 69.01, 50.61, 0, 0
2.00, 5.70, 27.28, 27.28, 546.40, 20.00, 4.63, 25.56, 21.02, 0.00, 93.80, 0.00, 80.81, 61.58, 0, 0
2.00, 5.70, 26.98, 26.98, 463.54, 20.00, 4.63, 24.44, 20.01, 0.00, 51.90, 0.00, 90.00, 72.92, 0, 0
2.00, 5.70, 26.25, 26.25, 300.98, 20.00, 4.63, 23.33, 18.89, 0.00, 21.41, 0.00, 100.54, 84.22, 0, 0
2.00, 5.70, 25.86, 25.86, 225.20, 20.00, 4.63, 22.22, 17.76, 0.00, 3.06, 0.00, 0.00, 90.00, 0, 0
2.00, 5.70, 25.55, 25.55, 171.85, 20.00, 4.63, 20.56, 16.14, 0.00, 0.00, 0.00, 0.00, 90.00, 0, 0
2.00, 5.70, 25.28, 25.28, 129.10, 20.00, 4.63, 19.44, 14.91, 0.00, 0.00, 0.00, 0.00, 90.00, 0, 0
2.00, 5.70, 24.93, 24.93, 72.55, 20.00, 4.63, 17.78, 13.29, 0.00, 0.00, 0.00, 0.00, 90.00, 0, 0
2.00, 5.70, 24.58, 24.58, 18.10, 20.00, 4.63, 16.67, 12.18, 0.00, 0.00, 0.00, 0.00, 90.00, 0, 0
2.00, 5.70, 24.21, 24.21, -38.05, 20.00, 4.63, 15.56, 11.07, 0.00, 0.00, 0.00, 0.00, 90.00, 0, 0
2.00, 5.70, 23.78, 23.78, -103.60, 20.00, 4.63, 13.89, 9.46, 0.00, 0.00, 0.00, 0.00, 90.00, 0, 0
2.00, 5.70, 23.34, 23.34, -167.84, 20.00, 4.63, 12.78, 8.25, 0.00, 0.00, 0.00, 0.00, 90.00, 0, 0
2.00, 5.70, 22.88, 22.88, -232.99, 20.00, 4.63, 11.67, 7.14, 0.00, 0.00, 0.00, 0.00, 90.00, 0, 0
2.00, 5.70, 22.37, 22.37, -306.51, 20.00, 4.63, 10.00, 5.54, 0.00, 0.00, 0.00, 0.00, 90.00, 0, 0
2.00, 5.70, 21.97, 21.97, -351.57, 20.00, 4.63, 10.00, 5.54, 0.00, 6.12, 0.00, 0.00, 90.00, 0, 0
2.00, 5.70, 22.02, 22.02, -304.59, 20.00, 4.63, 11.67, 7.14, 33.88, 31.63, 55.31, -97.08, 80.69, 0, 0
2.00, 5.70, 22.35, 22.35, -206.64, 20.00, 4.63, 13.89, 9.35, 71.25, 67.38, 48.66, -87.39, 69.34, 0, 0
2.00, 5.70, 22.74, 22.74, -107.18, 20.00, 4.63, 15.56, 10.96, 77.67, 102.14, 45.62, -76.81, 58.08, 0, 0
2.00, 5.70, 23.67, 23.67, 95.15, 20.00, 4.63, 17.78, 13.18, 227.04, 138.35, 46.91, -64.09, 47.37, 0, 0
2.00, 5.70, 24.61, 24.61, 277.41, 20.00, 4.63, 19.44, 14.79, 320.67, 163.38, 52.22, -47.31, 37.95, 0, 0
2.00, 5.70, 25.23, 25.23, 380.76, 20.00, 4.63, 21.11, 16.41, 274.81, 178.90, 60.47, -24.05, 31.27, 0, 0
2.00, 5.70, 25.73, 25.73, 453.45, 20.00, 4.63, 22.78, 18.02, 221.13, 187.07, 70.61, 5.08, 29.36, 0, 0
2.00, 5.70, 25.78, 25.78, 429.73, 20.00, 4.63, 23.33, 18.65, 73.79, 180.29, 81.90, 32.75, 33.10, 0, 0
2.00, 5.70, 25.78, 25.78, 405.56, 20.00, 4.63, 23.89, 19.14, 0.00, 156.88, 0.00, 53.60, 40.92, 0, 0
2.00, 5.70, 26.48, 26.48, 531.16, 20.00, 4.63, 23.89, 19.14, 0.00, 125.49, 0.00, 68.74, 50.90, 0, 0
2.00, 5.70, 26.54, 26.54, 512.36, 20.00, 4.63, 22.78, 18.15, 0.00, 88.96, 0.00, 80.55, 61.86, 0, 0
2.00, 5.70, 26.39, 26.39, 457.21, 20.00, 4.63, 21.67, 17.03, 0.00, 49.96, 0.00, 90.00, 73.19, 0, 0
2.00, 5.70, 25.24, 25.24, 198.22, 20.00, 4.63, 20.00, 15.41, 0.00, 22.94, 0.00, 100.32, 84.49, 0, 0
2.00, 5.70, 24.72, 24.72, 101.46, 20.00, 4.63, 18.89, 14.29, 0.00, 0.00, 0.00, 0.00, 90.00, 0, 0
2.00, 5.70, 24.40, 24.40, 51.47, 20.00, 4.63, 17.78, 13.18, 0.00, 0.00, 0.00, 0.00, 90.00, 0, 0
2.00, 5.70, 24.09, 24.09, 5.83, 20.00, 4.63, 16.67, 12.07, 0.00, 0.00, 0.00, 0.00, 90.00, 0, 0
2.00, 5.70, 23.73, 23.73, -49.87, 20.00, 4.63, 15.56, 10.96, 0.00, 0.00, 0.00, 0.00, 90.00, 0, 0
2.00, 5.70, 23.35, 23.35, -107.55, 20.00, 4.63, 14.44, 9.85, 0.00, 0.00, 0.00, 0.00, 90.00, 0, 0
2.00, 5.70, 22.98, 22.98, -160.68, 20.00, 4.63, 13.89, 9.24, 0.00, 0.00, 0.00, 0.00, 90.00, 0, 0
2.00, 5.70, 22.57, 22.57, -220.05, 20.00, 4.63, 12.78, 8.13, 0.00, 0.00, 0.00, 0.00, 90.00, 0, 0
2.00, 5.70, 22.16, 22.16, -275.05, 20.00, 4.63, 12.22, 7.64, 0.00, 0.00, 0.00, 0.00, 90.00, 0, 0
2.00, 5.70, 21.72, 21.72, -336.11, 20.00, 4.63, 11.11, 6.54, 0.00, 0.00, 0.00, 0.00, 90.00, 0, 0
2.00, 5.70, 21.28, 21.28, -392.56, 20.00, 4.63, 10.56, 5.93, 0.00, 0.00, 0.00, 0.00, 90.00, 0, 0
2.00, 5.70, 20.92, 20.92, -431.10, 20.00, 4.63, 10.56, 6.04, 0.00, 4.59, 0.00, 0.00, 90.00, 0, 0
2.00, 5.70, 20.90, 20.90, -398.57, 20.00, 4.63, 11.67, 7.14, 10.06, 29.50, 54.98, -96.76, 80.87, 0, 0
2.00, 5.70, 21.21, 21.21, -305.04, 20.00, 4.63, 13.33, 8.74, 53.53, 64.51, 48.30, -87.05, 69.51, 0, 0
2.00, 5.70, 21.78, 21.78, -167.22, 20.00, 4.63, 15.56, 10.96, 108.94, 102.35, 45.26, -76.44, 58.27, 0, 0
2.00, 5.70, 22.87, 22.87, 63.94, 20.00, 4.63, 17.78, 13.18, 285.80, 138.43, 46.58, -63.70, 47.58, 0, 0
2.00, 5.70, 23.85, 23.85, 251.00, 20.00, 4.63, 20.00, 15.41, 353.53, 162.56, 51.93, -46.90, 38.21, 0, 0
2.00, 5.70, 24.58, 24.58, 370.74, 20.00, 4.63, 21.67, 17.03, 319.97, 178.36, 60.23, -23.72, 31.58, 0, 0
2.00, 5.70, 24.99, 24.99, 418.69, 20.00, 4.63, 23.33, 18.65, 214.26, 182.82, 70.42, 5.16, 29.72, 0, 0
2.00, 5.70, 25.09, 25.09, 404.76, 20.00, 4.63, 23.89, 19.27, 96.59, 175.10, 81.73, 32.58, 33.45, 0, 0
2.00, 5.70, 25.15, 25.15, 388.23, 20.00, 4.63, 24.44, 19.77, 0.00, 157.15, 0.00, 53.34, 41.24, 0, 0
2.00, 5.70, 25.57, 25.57, 452.16, 20.00, 4.63, 23.89, 19.27, 0.00, 128.14, 0.00, 68.47, 51.19, 0, 0
2.00, 5.70, 25.64, 25.64, 437.14, 20.00, 4.63, 23.33, 18.65, 0.00, 87.86, 0.00, 80.29, 62.13, 0, 0
2.00, 5.70, 24.96, 24.96, 273.25, 20.00, 4.63, 21.67, 17.15, 0.00, 43.36, 0.00, 90.00, 73.46, 0, 0
2.00, 5.70, 24.26, 24.26, 121.06, 20.00, 4.63, 20.56, 16.03, 0.00, 9.18, 0.00, 100.09, 84.77, 0, 0
2.00, 5.70, 23.91, 23.91, 58.91, 20.00, 4.63, 19.44, 14.91, 0.00, 0.00, 0.00, 0.00, 90.00, 0, 0
2.00, 5.70, 23.66, 23.66, 18.79, 20.00, 4.63, 18.33, 13.79, 0.00, 0.00, 0.00, 0.00, 90.00, 0, 0
2.00, 5.70, 23.43, 23.43, -14.48, 20.00, 4.63, 17.78, 13.29, 0.00, 0.00, 0.00, 0.00, 90.00, 0, 0
2.00, 5.70, 23.13, 23.13, -61.66, 20.00, 4.63, 16.67, 12.18, 0.00, 0.00, 0.00, 0.00, 90.00, 0, 0
2.00, 5.70, 22.84, 22.84, -105.51, 20.00, 4.63, 16.11, 11.57, 0.00, 0.00, 0.00, 0.00, 90.00, 0, 0
2.00, 5.70, 22.54, 22.54, -149.12, 20.00, 4.63, 15.56, 11.07, 0.00, 0.00, 0.00, 0.00, 90.00, 0, 0
2.00, 5.70, 22.23, 22.23, -193.33, 20.00, 4.63, 15.00, 10.46, 0.00, 0.00, 0.00, 0.00, 90.00, 0, 0
2.00, 5.70, 21.87, 21.87, -245.13, 20.00, 4.63, 13.89, 9.35, 0.00, 0.00, 0.00, 0.00, 90.00, 0, 0
2.00, 5.70, 21.52, 21.52, -292.86, 20.00, 4.63, 13.33, 8.85, 0.00, 0.00, 0.00, 0.00, 90.00, 0, 0
2.00, 5.70, 21.17, 21.17, -339.30, 20.00, 4.63, 12.78, 8.35, 0.00, 0.00, 0.00, 0.00, 90.00, 0, 0
2.00, 5.70, 20.88, 20.88, -369.32, 20.00, 4.63, 12.78, 8.35, 0.00, 4.59, 0.00, 0.00, 90.00, 0, 0
2.00, 5.70, 21.00, 21.00, -316.79, 20.00, 4.63, 14.44, 10.06, 24.25, 29.01, 54.65, -96.44, 81.05, 0, 0
2.00, 5.70, 21.20, 21.20, -253.64, 20.00, 4.63, 15.56, 11.17, 21.25, 58.92, 47.94, -86.71, 69.69, 0, 0
2.00, 5.70, 21.51, 21.51, -174.70, 20.00, 4.63, 16.67, 12.28, 21.26, 89.66, 44.90, -76.08, 58.45, 0, 0
2.00, 5.70, 21.98, 21.98, -71.22, 20.00, 4.63, 18.33, 13.90, 38.29, 118.82, 46.25, -63.30, 47.79, 0, 0
2.00, 5.70, 22.69, 22.69, 71.84, 20.00, 4.63, 19.44, 15.12, 96.39, 151.95, 51.65, -46.48, 38.47, 0, 0
2.00, 5.70, 23.65, 23.65, 256.00, 20.00, 4.63, 21.67, 17.26, 187.27, 179.45, 60.00, -23.39, 31.90, 0, 0
2.00, 5.70, 24.31, 24.31, 362.44, 20.00, 4.63, 22.78, 18.38, 195.33, 183.09, 70.22, 5.24, 30.08, 0, 0
2.00, 5.70, 24.50, 24.50, 364.82, 20.00, 4.63, 23.89, 19.50, 62.89, 175.89, 81.57, 32.42, 33.80, 0, 0
2.00, 5.70, 24.57, 24.57, 348.50, 20.00, 4.63, 24.44, 20.01, 0.00, 153.39, 0.00, 53.08, 41.56, 0, 0
2.00, 5.70, 25.09, 25.09, 433.47, 20.00, 4.63, 24.44, 20.12, 0.00, 124.50, 0.00, 68.20, 51.48, 0, 0
2.00, 5.70, 26.01, 26.01, 595.01, 20.00, 4.63, 23.89, 19.61, 0.00, 85.64, 0.00, 80.03, 62.42, 0, 0
2.00, 5.70, 26.40, 26.40, 631.59, 20.00, 4.63, 23.33, 18.99, 0.00, 47.16, 0.00, 90.00, 73.74, 0, 0
2.00, 5.70, 24.81, 24.81, 256.21, 20.00, 4.63, 22.22, 17.97, 0.00, 27.53, 0.00, 99.86, 85.06, 0, 0
2.00, 5.70, 24.31, 24.31, 153.67, 20.00, 4.63, 21.11, 16.95, 0.00, 1.53, 0.00, 0.00, 90.00, 0, 0
2.00, 5.70, 24.06, 24.06, 111.09, 20.00, 4.63, 20.56, 16.34, 0.00, 0.00, 0.00, 0.00, 90.00, 0, 0
2.00, 5.70, 23.88, 23.88, 81.14, 20.00, 4.63, 20.00, 15.83, 0.00, 0.00, 0.00, 0.00, 90.00, 0, 0
2.00, 5.70, 23.67, 23.67, 47.76, 20.00, 4.63, 19.44, 15.31, 0.00, 0.00, 0.00, 0.00, 90.00, 0, 0
2.00, 5.70, 23.45, 23.45, 13.11, 20.00, 4.63, 18.89, 14.80, 0.00, 0.00, 0.00, 0.00, 90.00, 0, 0
2.00, 5.70, 23.25, 23.25, -16.48, 20.00, 4.63, 18.89, 14.71, 0.00, 0.00, 0.00, 0.00, 90.00, 0, 0
2.00, 5.70, 23.06, 23.06, -44.53, 20.00, 4.63, 18.89, 14.61, 0.00, 0.00, 0.00, 0.00, 90.00, 0, 0
2.00, 5.70, 22.83, 22.83, -78.38, 20.00, 4.63, 18.33, 14.10, 0.00, 0.00, 0.00, 0.00, 90.00, 0, 0
2.00, 5.70, 22.62, 22.62, -107.00, 20.00, 4.63, 18.33, 14.10, 0.00, 0.00, 0.00, 0.00, 90.00, 0, 0
2.00, 5.70, 22.42, 22.42, -132.86, 20.00, 4.63, 18.33, 14.19, 0.00, 0.00, 0.00, 0.00, 90.00, 0, 0
2.00, 5.70, 22.27, 22.27, -147.67, 20.00, 4.63, 18.33, 14.28, 0.00, 4.59, 0.00, 0.00, 90.00, 0, 0
2.00, 5.70, 22.28, 22.28, -128.89, 20.00, 4.63, 18.89, 14.88, 0.00, 19.88, 54.31, -96.12, 81.23, 0, 0
2.00, 5.70, 22.55, 22.55, -59.43, 20.00, 4.63, 20.00, 16.00, 6.28, 51.56, 47.58, -86.37, 69.87, 0, 0
2.00, 5.70, 23.14, 23.14, 68.78, 20.00, 4.63, 21.67, 17.64, 35.85, 94.52, 44.53, -75.71, 58.64, 0, 0
2.00, 5.70, 23.97, 23.97, 235.00, 20.00, 4.63, 23.33, 19.28, 93.52, 135.51, 45.92, -62.90, 48.01, 0, 0
2.00, 5.70, 24.56, 24.56, 336.10, 20.00, 4.63, 24.44, 20.32, 89.63, 151.94, 51.37, -46.07, 38.73, 0, 0
2.00, 5.70, 24.67, 24.67, 329.93, 20.00, 4.63, 25.00, 20.83, 28.87, 133.93, 59.77, -23.06, 32.23, 0, 0
2.00, 5.70, 24.94, 24.94, 364.19, 20.00, 4.63, 25.56, 21.35, 12.93, 138.26, 70.03, 5.32, 30.45, 0, 0
2.00, 5.70, 25.43, 25.43, 442.47, 20.00, 4.63, 26.11, 21.96, 29.23, 154.96, 81.41, 32.27, 34.16, 0, 0
2.00, 5.70, 25.51, 25.51, 429.39, 20.00, 4.63, 26.67, 22.47, 0.00, 123.24, 0.00, 52.83, 41.89, 0, 0
2.00, 5.70, 24.93, 24.93, 283.57, 20.00, 4.63, 25.56, 21.35, 0.00, 37.12, 0.00, 67.93, 51.78, 0, 0
2.00, 5.70, 24.60, 24.60, 209.22, 20.00, 4.63, 25.00, 20.73, 0.00, 13.76, 0.00, 79.78, 62.70, 0, 0
2.00, 5.70, 24.49, 24.49, 187.15, 20.00, 4.63, 23.89, 19.71, 0.00, 16.82, 0.00, 90.00, 74.02, 0, 0
2.00, 5.70, 24.33, 24.33, 153.11, 20.00, 4.63, 23.33, 19.19, 0.00, 6.12, 0.00, 99.62, 85.34, 0, 0
2.00, 5.70, 24.17, 24.17, 123.88, 20.00, 4.63, 22.78, 18.58, 0.00, 0.00, 0.00, 0.00, 90.00, 0, 0
2.00, 5.70, 24.02, 24.02, 96.72, 20.00, 4.63, 21.67, 17.55, 0.00, 0.00, 0.00, 0.00, 90.00, 0, 0
2.00, 5.70, 23.87, 23.87, 71.62, 20.00, 4.63, 21.11, 16.95, 0.00, 0.00, 0.00, 0.00, 90.00, 0, 0
2.00, 5.70, 23.66, 23.66, 35.04, 20.00, 4.63, 20.00, 15.83, 0.00, 0.00, 0.00, 0.00, 90.00, 0, 0
2.00, 5.70, 23.45, 23.45, 1.86, 20.00, 4.63, 19.44, 15.22, 0.00, 0.00, 0.00, 0.00, 90.00, 0, 0
2.00, 5.70, 23.20, 23.20, -38.09, 20.00, 4.63, 18.33, 14.19, 0.00, 0.00, 0.00, 0.00, 90.00, 0, 0
2.00, 5.70, 22.93, 22.93, -81.86, 20.00, 4.63, 17.22, 13.08, 0.00, 0.00, 0.00, 0.00, 90.00, 0, 0
2.00, 5.70, 22.62, 22.62, -128.60, 20.00, 4.63, 16.11, 11.96, 0.00, 0.00, 0.00, 0.00, 90.00, 0, 0
2.00, 5.70, 22.30, 22.30, -177.77, 20.00, 4.63, 15.00, 10.85, 0.00, 0.00, 0.00, 0.00, 90.00, 0, 0
2.00, 5.70, 21.95, 21.95, -229.22, 20.00, 4.63, 13.89, 9.74, 0.00, 0.00, 0.00, 0.00, 90.00, 0, 0
2.00, 5.70, 21.69, 21.69, -259.59, 20.00, 4.63, 13.89, 9.74, 0.00, 4.59, 0.00, 0.00, 90.00, 0, 0
2.00, 5.70, 21.79, 21.79, -214.68, 20.00, 4.63, 15.56, 11.36, 24.39, 24.86, 53.97, -95.79, 81.41, 0, 0
2.00, 5.70, 22.15, 22.15, -121.12, 20.00, 4.63, 17.22, 12.99, 41.01, 63.01, 47.21, -86.03, 70.05, 0, 0
2.00, 5.70, 22.88, 22.88, 37.57, 20.00, 4.63, 19.44, 15.22, 104.00, 107.01, 44.17, -75.33, 58.83, 0, 0
2.00, 5.70, 23.32, 23.32, 121.44, 20.00, 4.63, 20.56, 16.34, 85.17, 125.68, 45.58, -62.49, 48.22, 0, 0
2.00, 5.70, 23.52, 23.52, 148.87, 20.00, 4.63, 21.11, 16.85, 30.22, 133.29, 51.08, -45.66, 39.00, 0, 0
2.00, 5.70, 23.60, 23.60, 150.01, 20.00, 4.63, 21.67, 17.36, 11.66, 122.42, 59.53, -22.74, 32.55, 0, 0
2.00, 5.70, 24.14, 24.14, 251.87, 20.00, 4.63, 22.22, 17.97, 46.76, 152.75, 69.84, 5.41, 30.81, 0, 0
2.00, 5.70, 24.36, 24.36, 277.59, 20.00, 4.63, 22.78, 18.48, 14.41, 148.11, 81.24, 32.11, 34.52, 0, 0
2.00, 5.70, 24.50, 24.50, 288.10, 20.00, 4.63, 22.78, 18.48, 0.00, 138.72, 0.00, 52.58, 42.22, 0, 0
2.00, 5.70, 24.98, 24.98, 370.83, 20.00, 4.63, 23.33, 18.99, 0.00, 123.99, 0.00, 67.66, 52.09, 0, 0
2.00, 5.70, 25.65, 25.65, 485.47, 20.00, 4.63, 23.33, 19.10, 0.00, 89.18, 0.00, 79.52, 62.99, 0, 0
2.00, 5.70, 26.27, 26.27, 581.84, 20.00, 4.63, 22.78, 18.48, 0.00, 54.47, 0.00, 90.00, 74.30, 0, 0
2.00, 5.70, 24.76, 24.76, 226.70, 20.00, 4.63, 21.67, 17.46, 0.00, 30.59, 0.00, 99.39, 85.63, 0, 0
2.00, 5.70, 24.22, 24.22, 118.63, 20.00, 4.63, 20.56, 16.34, 0.00, 1.53, 0.00, 0.00, 90.00, 0, 0
2.00, 5.70, 23.96, 23.96, 73.39, 20.00, 4.63, 20.00, 15.83, 0.00, 0.00, 0.00, 0.00, 90.00, 0, 0
2.00, 5.70, 23.71, 23.71, 34.54, 20.00, 4.63, 18.89, 14.71, 0.00, 0.00, 0.00, 0.00, 90.00, 0, 0
2.00, 5.70, 23.47, 23.47, -4.12, 20.00, 4.63, 18.33, 14.19, 0.00, 0.00, 0.00, 0.00, 90.00, 0, 0
2.00, 5.70, 23.18, 23.18, -49.04, 20.00, 4.63, 17.22, 13.08, 0.00, 0.00, 0.00, 0.00, 90.00, 0, 0
2.00, 5.70, 22.94, 22.94, -83.70, 20.00, 4.63, 17.22, 12.99, 0.00, 0.00, 0.00, 0.00, 90.00, 0, 0
2.00, 5.70, 22.70, 22.70, -114.99, 20.00, 4.63, 17.22, 12.99, 0.00, 0.00, 0.00, 0.00, 90.00, 0, 0
2.00, 5.70, 22.44, 22.44, -151.64, 20.00, 4.63, 16.67, 12.48, 0.00, 0.00, 0.00, 0.00, 90.00, 0, 0
2.00, 5.70, 22.19, 22.19, -183.08, 20.00, 4.63, 16.67, 12.48, 0.00, 0.00, 0.00, 0.00, 90.00, 0, 0
2.00, 5.70, 21.92, 21.92, -219.09, 20.00, 4.63, 16.11, 11.96, 0.00, 0.00, 0.00, 0.00, 90.00, 0, 0
2.00, 5.70, 21.70, 21.70, -243.25, 20.00, 4.63, 16.11, 11.96, 0.00, 3.06, 0.00, 0.00, 90.00, 0, 0
2.00, 5.70, 21.64, 21.64, -234.51, 20.00, 4.63, 16.67, 12.56, 0.00, 15.29, 53.62, -95.46, 81.59, 0, 0
2.00, 5.70, 22.14, 22.14, -109.47, 20.00, 4.63, 18.89, 14.71, 48.01, 60.25, 46.85, -85.68, 70.23, 0, 0
2.00, 5.70, 22.88, 22.88, 48.11, 20.00, 4.63, 21.11, 16.95, 103.60, 100.94, 43.79, -74.96, 59.02, 0, 0
2.00, 5.70, 23.83, 23.83, 236.91, 20.00, 4.63, 22.78, 18.58, 198.36, 135.14, 45.24, -62.09, 48.44, 0, 0
2.00, 5.70, 24.85, 24.85, 423.57, 20.00, 4.63, 25.00, 20.73, 265.46, 162.40, 50.80, -45.24, 39.26, 0, 0
2.00, 5.70, 25.16, 25.16, 447.78, 20.00, 4.63, 26.11, 21.76, 119.13, 165.24, 59.30, -22.41, 32.88, 0, 0
2.00, 5.70, 25.46, 25.46, 475.09, 20.00, 4.63, 26.67, 22.37, 58.16, 167.77, 69.64, 5.50, 31.19, 0, 0
2.00, 5.70, 25.79, 25.79, 510.31, 20.00, 4.63, 27.22, 22.88, 37.18, 167.03, 81.08, 31.97, 34.88, 0, 0
2.00, 5.70, 25.95, 25.95, 509.96, 20.00, 4.63, 27.22, 22.88, 0.00, 148.88, 0.00, 52.33, 42.55, 0, 0
2.00, 5.70, 25.93, 25.93, 477.78, 20.00, 4.63, 27.22, 22.88, 0.00, 100.58, 0.00, 67.39, 52.40, 0, 0
2.00, 5.70, 26.08, 26.08, 484.68, 20.00, 4.63, 26.11, 21.76, 0.00, 75.19, 0.00, 79.26, 63.29, 0, 0
2.00, 5.70, 25.90, 25.90, 424.29, 20.00, 4.63, 25.56, 21.25, 0.00, 38.50, 0.00, 90.00, 74.59, 0, 0
2.00, 5.70, 25.30, 25.30, 285.36, 20.00, 4.63, 24.44, 20.12, 0.00, 10.71, 0.00, 99.16, 85.92, 0, 0
2.00, 5.70, 25.04, 25.04, 231.69, 20.00, 4.63, 23.33, 18.99, 0.00, 1.53, 0.00, 0.00, 90.00, 0, 0
2.00, 5.70, 24.85, 24.85, 194.10, 20.00, 4.63, 22.22, 17.87, 0.00, 0.00, 0.00, 0.00, 90.00, 0, 0
2.00, 5.70, 24.65, 24.65, 158.75, 20.00, 4.63, 21.11, 16.75, 0.00, 0.00, 0.00, 0.00, 90.00, 0, 0
2.00, 5.70, 24.42, 24.42, 116.39, 20.00, 4.63, 20.00, 15.63, 0.00, 0.00, 0.00, 0.00, 90.00, 0, 0
2.00, 5.70, 24.16, 24.16, 71.10, 20.00, 4.63, 18.89, 14.51, 0.00, 0.00, 0.00, 0.00, 90.00, 0, 0
2.00, 5.70, 23.87, 23.87, 22.68, 20.00, 4.63, 17.78, 13.40, 0.00, 0.00, 0.00, 0.00, 90.00, 0, 0
2.00, 5.70, 23.55, 23.55, -28.67, 20.00, 4.63, 16.67, 12.28, 0.00, 0.00, 0.00, 0.00, 90.00, 0, 0
2.00, 5.70, 23.21, 23.21, -82.67, 20.00, 4.63, 15.56, 11.17, 0.00, 0.00, 0.00, 0.00, 90.00, 0, 0
2.00, 5.70, 22.80, 22.80, -146.06, 20.00, 4.63, 13.89, 9.56, 0.00, 0.00, 0.00, 0.00, 90.00, 0, 0
2.00, 5.70, 22.39, 22.39, -207.54, 20.00, 4.63, 12.78, 8.45, 0.00, 0.00, 0.00, 0.00, 90.00, 0, 0
2.00, 5.70, 22.08, 22.08, -246.75, 20.00, 4.63, 12.78, 8.45, 0.00, 4.59, 0.00, 0.00, 90.00, 0, 0
2.00, 5.70, 22.19, 22.19, -195.45, 20.00, 4.63, 14.44, 10.06, 48.01, 24.91, 53.27, -95.13, 81.77, 0, 0
2.00, 5.70, 22.71, 22.71, -67.82, 20.00, 4.63, 16.67, 12.28, 141.11, 57.77, 46.47, -85.33, 70.41, 0, 0
2.00, 5.70, 23.51, 23.51, 106.01, 20.00, 4.63, 19.44, 15.02, 241.85, 91.59, 43.42, -74.58, 59.22, 0, 0
2.00, 5.70, 24.63, 24.63, 326.74, 20.00, 4.63, 21.67, 17.26, 362.72, 128.36, 44.90, -61.68, 48.66, 0, 0
2.00, 5.70, 25.65, 25.65, 510.61, 20.00, 4.63, 23.33, 18.89, 411.73, 158.61, 50.51, -44.83, 39.53, 0, 0
2.00, 5.70, 26.62, 26.62, 669.97, 20.00, 4.63, 25.56, 21.02, 446.82, 171.41, 59.07, -22.08, 33.21, 0, 0
2.00, 5.70, 27.21, 27.21, 739.96, 20.00, 4.63, 27.22, 22.66, 387.53, 165.17, 69.45, 5.59, 31.56, 0, 0
2.00, 5.70, 27.23, 27.23, 692.98, 20.00, 4.63, 28.33, 23.66, 178.33, 153.42, 80.91, 31.82, 35.25, 0, 0
2.00, 5.70, 27.21, 27.21, 648.57, 20.00, 4.63, 28.89, 24.29, 0.00, 139.19, 0.00, 52.09, 42.89, 0, 0
2.00, 5.70, 28.29, 28.29, 842.64, 20.00, 4.63, 28.89, 24.29, 0.00, 114.84, 0.00, 67.13, 52.71, 0, 0
2.00, 5.70, 29.04, 29.04, 949.73, 20.00, 4.63, 27.78, 23.16, 0.00, 84.85, 0.00, 79.00, 63.59, 0, 0
2.00, 5.70, 28.54, 28.54, 790.27, 20.00, 4.63, 26.11, 21.53, 0.00, 44.49, 0.00, 90.00, 74.89, 0, 0
2.00, 5.70, 27.28, 27.28, 494.77, 20.00, 4.63, 24.44, 19.90, 0.00, 15.29, 0.00, 98.93, 86.22, 0, 0
2.00, 5.70, 26.90, 26.90, 413.97, 20.00, 4.63, 23.33, 18.77, 0.00, 1.53, 0.00, 0.00, 90.00, 0, 0
2.00, 5.70, 26.62, 26.62, 360.74, 20.00, 4.63, 21.67, 17.15, 0.00, 0.00, 0.00, 0.00, 90.00, 0, 0
2.00, 5.70, 26.38, 26.38, 316.45, 20.00, 4.63, 20.56, 16.03, 0.00, 0.00, 0.00, 0.00, 90.00, 0, 0
2.00, 5.70, 26.06, 26.06, 256.37, 20.00, 4.63, 18.89, 14.29, 0.00, 0.00, 0.00, 0.00, 90.00, 0, 0
2.00, 5.70, 25.71, 25.71, 196.08, 20.00, 4.63, 17.78, 13.18, 0.00, 0.00, 0.00, 0.00, 90.00, 0, 0
2.00, 5.70, 25.34, 25.34, 132.79, 20.00, 4.63, 16.67, 12.07, 0.00, 0.00, 0.00, 0.00, 90.00, 0, 0
2.00, 5.70, 24.94, 24.94, 66.59, 20.00, 4.63, 15.56, 10.96, 0.00, 0.00, 0.00, 0.00, 90.00, 0, 0
2.00, 5.70, 24.47, 24.47, -9.10, 20.00, 4.63, 13.89, 9.35, 0.00, 0.00, 0.00, 0.00, 90.00, 0, 0
2.00, 5.70, 23.99, 23.99, -82.63, 20.00, 4.63, 12.78, 8.25, 0.00, 0.00, 0.00, 0.00, 90.00, 0, 0
2.00, 5.70, 23.50, 23.50, -156.68, 20.00, 4.63, 11.67, 7.03, 0.00, 0.00, 0.00, 0.00, 90.00, 0, 0
2.00, 5.70, 23.02, 23.02, -223.82, 20.00, 4.63, 11.11, 6.54, 0.00, 0.00, 0.00, 0.00, 90.00, 0, 0
2.00, 5.70, 23.06, 23.06, -178.84, 20.00, 4.63, 12.78, 8.13, 43.32, 26.48, 52.92, -94.79, 81.95, 0, 0
2.00, 5.70, 23.43, 23.43, -74.06, 20.00, 4.63, 15.00, 10.34, 101.47, 62.92, 46.10, -84.97, 70.59, 0, 0
2.00, 5.70, 23.85, 23.85, 26.82, 20.00, 4.63, 16.67, 12.07, 110.25, 98.91, 43.05, -74.20, 59.41, 0, 0
2.00, 5.70, 24.52, 24.52, 169.60, 20.00, 4.63, 18.33, 13.68, 169.54, 133.93, 44.56, -61.27, 48.89, 0, 0
2.00, 5.70, 25.30, 25.30, 323.26, 20.00, 4.63, 20.00, 15.41, 235.40, 162.62, 50.23, -44.42, 39.81, 0, 0
2.00, 5.70, 26.06, 26.06, 460.29, 20.00, 4.63, 21.67, 17.03, 287.64, 176.64, 58.83, -21.76, 33.55, 0, 0
2.00, 5.70, 26.60, 26.60, 540.56, 20.00, 4.63, 23.33, 18.65, 259.17, 179.58, 69.26, 5.68, 31.94, 0, 0
2.00, 5.70, 26.68, 26.68, 522.76, 20.00, 4.63, 24.44, 19.77, 123.71, 168.77, 80.75, 31.68, 35.62, 0, 0
2.00, 5.70, 26.60, 26.60, 479.24, 20.00, 4.63, 25.00, 20.27, 0.00, 147.10, 0.00, 51.85, 43.24, 0, 0
2.00, 5.70, 27.14, 27.14, 571.96, 20.00, 4.63, 24.44, 19.77, 0.00, 118.75, 0.00, 66.87, 53.03, 0, 0
2.00, 5.70, 27.36, 27.36, 589.64, 20.00, 4.63, 23.89, 19.27, 0.00, 84.54, 0.00, 78.74, 63.89, 0, 0
2.00, 5.70, 27.34, 27.34, 559.91, 20.00, 4.63, 22.78, 18.15, 0.00, 46.60, 0.00, 90.00, 75.18, 0, 0
2.00, 5.70, 26.07, 26.07, 274.73, 20.00, 4.63, 21.11, 16.53, 0.00, 18.35, 0.00, 98.69, 86.52, 0, 0
2.00, 5.70, 25.59, 25.59, 184.84, 20.00, 4.63, 20.00, 15.41, 0.00, 0.00, 0.00, 0.00, 90.00, 0, 0
2.00, 5.70, 25.31, 25.31, 142.54, 20.00, 4.63, 19.44, 14.91, 0.00, 0.00, 0.00, 0.00, 90.00, 0, 0
2.00, 5.70, 25.03, 25.03, 100.16, 20.00, 4.63, 18.33, 13.79, 0.00, 0.00, 0.00, 0.00, 90.00, 0, 0
2.00, 5.70, 24.73, 24.73, 54.77, 20.00, 4.63, 17.78, 13.29, 0.00, 0.00, 0.00, 0.00, 90.00, 0, 0
2.00, 5.70, 24.39, 24.39, 2.33, 20.00, 4.63, 16.67, 12.18, 0.00, 0.00, 0.00, 0.00, 90.00, 0, 0
2.00, 5.70, 24.05, 24.05, -47.03, 20.00, 4.63, 16.11, 11.57, 0.00, 0.00, 0.00, 0.00, 90.00, 0, 0
2.00, 5.70, 23.70, 23.70, -96.11, 20.00, 4.63, 15.56, 10.96, 0.00, 0.00, 0.00, 0.00, 90.00, 0, 0
2.00, 5.70, 23.35, 23.35, -144.89, 20.00, 4.63, 15.00, 10.46, 0.00, 0.00, 0.00, 0.00, 90.00, 0, 0
2.00, 5.70, 22.98, 22.98, -193.49, 20.00, 4.63, 14.44, 9.96, 0.00, 0.00, 0.00, 0.00, 90.00, 0, 0
2.00, 5.70, 22.58, 22.58, -249.08, 20.00, 4.63, 13.33, 8.85, 0.00, 0.00, 0.00, 0.00, 90.00, 0, 0
2.00, 5.70, 22.22, 22.22, -292.98, 20.00, 4.63, 13.33, 8.85, 0.00, 0.00, 0.00, 0.00, 90.00, 0, 0
2.00, 5.70, 22.21, 22.21, -260.85, 20.00, 4.63, 14.44, 10.06, 11.97, 23.52, 52.57, -94.45, 82.13, 0, 0
2.00, 5.70, 22.53, 22.53, -168.84, 20.00, 4.63, 16.11, 11.68, 41.06, 60.59, 45.72, -84.62, 70.77, 0, 0
2.00, 5.70, 23.38, 23.38, 25.39, 20.00, 4.63, 18.89, 14.51, 163.10, 104.46, 42.67, -73.82, 59.61, 0, 0
2.00, 5.70, 24.18, 24.18, 186.44, 20.00, 4.63, 20.56, 16.14, 202.79, 138.05, 44.22, -60.86, 49.11, 0, 0
2.00, 5.70, 24.91, 24.91, 321.57, 20.00, 4.63, 22.22, 17.87, 214.81, 162.91, 49.94, -44.00, 40.08, 0, 0
2.00, 5.70, 25.75, 25.75, 469.20, 20.00, 4.63, 23.89, 19.50, 281.19, 175.29, 58.60, -21.43, 33.89, 0, 0
2.00, 5.70, 26.35, 26.35, 557.02, 20.00, 4.63, 25.56, 21.14, 250.19, 177.76, 69.07, 5.77, 32.32, 0, 0
2.00, 5.70, 26.48, 26.48, 544.36, 20.00, 4.63, 26.67, 22.27, 96.47, 169.61, 80.59, 31.55, 36.00, 0, 0
2.00, 5.70, 26.47, 26.47, 509.85, 20.00, 4.63, 26.67, 22.27, 0.00, 149.74, 0.00, 51.61, 43.58, 0, 0
2.00, 5.70, 26.91, 26.91, 576.69, 20.00, 4.63, 26.67, 22.27, 0.00, 123.61, 0.00, 66.60, 53.35, 0, 0
2.00, 5.70, 28.01, 28.01, 776.48, 20.00, 4.63, 26.11, 21.76, 0.00, 86.67, 0.00, 78.49, 64.19, 0, 0
2.00, 5.70, 28.77, 28.77, 888.94, 20.00, 4.63, 25.00, 20.73, 0.00, 45.97, 0.00, 90.00, 75.48, 0, 0
2.00, 5.70, 26.74, 26.74, 411.23, 20.00, 4.63, 23.33, 19.10, 0.00, 21.41, 0.00, 98.46, 86.82, 0, 0
2.00, 5.70, 26.25, 26.25, 312.47, 20.00, 4.63, 22.78, 18.58, 0.00, 0.00, 0.00, 0.00, 90.00, 0, 0
2.00, 5.70, 26.01, 26.01, 270.87, 20.00, 4.63, 22.22, 17.97, 0.00, 0.00, 0.00, 0.00, 90.00, 0, 0
2.00, 5.70, 25.81, 25.81, 239.87, 20.00, 4.63, 21.67, 17.46, 0.00, 0.00, 0.00, 0.00, 90.00, 0, 0
2.00, 5.70, 25.60, 25.60, 205.06, 20.00, 4.63, 21.11, 16.95, 0.00, 0.00, 0.00, 0.00, 90.00, 0, 0
2.00, 5.70, 25.37, 25.37, 168.19, 20.00, 4.63, 20.56, 16.43, 0.00, 0.00, 0.00, 0.00, 90.00, 0, 0
2.00, 5.70, 25.13, 25.13, 128.97, 20.00, 4.63, 20.00, 15.83, 0.00, 0.00, 0.00, 0.00, 90.00, 0, 0
2.00, 5.70, 24.90, 24.90, 95.21, 20.00, 4.63, 20.00, 15.73, 0.00, 0.00, 0.00, 0.00, 90.00, 0, 0
2.00, 5.70, 24.64, 24.64, 56.81, 20.00, 4.63, 19.44, 15.22, 0.00, 0.00, 0.00, 0.00, 90.00, 0, 0
2.00, 5.70, 24.41, 24.41, 24.12, 20.00, 4.63, 19.44, 15.22, 0.00, 0.00, 0.00, 0.00, 90.00, 0, 0
2.00, 5.70, 24.18, 24.18, -5.64, 20.00, 4.63, 19.44, 15.31, 0.00, 0.00, 0.00, 0.00, 90.00, 0, 0
2.00, 5.70, 23.96, 23.96, -33.11, 20.00, 4.63, 19.44, 15.40, 0.00, 0.00, 0.00, 0.00, 90.00, 0, 0
2.00, 5.70, 23.90, 23.90, -26.32, 20.00, 4.63, 20.00, 15.92, 0.00, 12.23, 52.21, -94.11, 82.32, 0, 0
2.00, 5.70, 23.70, 23.70, -51.09, 20.00, 4.63, 20.00, 16.00, 0.00, 6.12, 45.34, -84.26, 70.96, 0, 0
2.00, 5.70, 23.72, 23.72, -30.49, 20.00, 4.63, 20.56, 16.52, 0.00, 22.94, 42.29, -73.44, 59.81, 0, 0
2.00, 5.70, 23.69, 23.69, -22.03, 20.00, 4.63, 20.56, 16.52, 0.00, 30.59, 43.87, -60.45, 49.34, 0, 0
2.00, 5.70, 23.74, 23.74, 0.32, 20.00, 4.63, 21.11, 17.04, 0.00, 41.29, 49.65, -43.59, 40.36, 0, 0
2.00, 5.70, 24.08, 24.08, 79.53, 20.00, 4.63, 21.67, 17.64, 3.05, 77.67, 58.37, -21.11, 34.23, 0, 0
2.00, 5.70, 24.61, 24.61, 191.64, 20.00, 4.63, 22.78, 18.68, 9.09, 117.84, 68.88, 5.86, 32.70, 0, 0
2.00, 5.70, 25.13, 25.13, 289.86, 20.00, 4.63, 23.89, 19.80, 15.74, 141.10, 80.43, 31.41, 36.38, 0, 0
2.00, 5.70, 25.46, 25.46, 341.98, 20.00, 4.63, 25.00, 20.83, 0.00, 140.65, 0.00, 51.37, 43.93, 0, 0
2.00, 5.70, 25.81, 25.81, 396.27, 20.00, 4.63, 25.56, 21.44, 0.00, 116.80, 0.00, 66.34, 53.67, 0, 0
2.00, 5.70, 26.85, 26.85, 591.49, 20.00, 4.63, 26.11, 21.96, 0.00, 92.56, 0.00, 78.23, 64.50, 0, 0
2.00, 5.70, 26.85, 26.85, 553.30, 20.00, 4.63, 26.11, 21.96, 0.00, 42.80, 0.00, 90.00, 75.79, 0, 0
2.00, 5.70, 25.63, 25.63, 268.40, 20.00, 4.63, 25.56, 21.44, 0.00, 9.18, 0.00, 98.22, 87.13, 0, 0
2.00, 5.70, 25.31, 25.31, 206.71, 20.00, 4.63, 24.44, 20.41, 0.00, 0.00, 0.00, 0.00, 90.00, 0, 0
2.00, 5.70, 25.15, 25.15, 180.66, 20.00, 4.63, 23.89, 19.80, 0.00, 0.00, 0.00, 0.00, 90.00, 0, 0
2.00, 5.70, 25.03, 25.03, 162.61, 20.00, 4.63, 23.33, 19.28, 0.00, 0.00, 0.00, 0.00, 90.00, 0, 0
2.00, 5.70, 24.86, 24.86, 135.08, 20.00, 4.63, 22.22, 18.16, 0.00, 0.00, 0.00, 0.00, 90.00, 0, 0
2.00, 5.70, 24.69, 24.69, 109.44, 20.00, 4.63, 21.67, 17.55, 0.00, 0.00, 0.00, 0.00, 90.00, 0, 0
2.00, 5.70, 24.48, 24.48, 75.72, 20.00, 4.63, 20.56, 16.52, 0.00, 0.00, 0.00, 0.00, 90.00, 0, 0
2.00, 5.70, 24.28, 24.28, 44.23, 20.00, 4.63, 20.00, 15.92, 0.00, 0.00, 0.00, 0.00, 90.00, 0, 0
2.00, 5.70, 24.02, 24.02, 5.23, 20.00, 4.63, 18.89, 14.88, 0.00, 0.00, 0.00, 0.00, 90.00, 0, 0
2.00, 5.70, 23.78, 23.78, -30.96, 20.00, 4.63, 18.33, 14.28, 0.00, 0.00, 0.00, 0.00, 90.00, 0, 0
2.00, 5.70, 23.49, 23.49, -74.36, 20.00, 4.63, 17.22, 13.16, 0.00, 0.00, 0.00, 0.00, 90.00, 0, 0
2.00, 5.70, 23.20, 23.20, -113.91, 20.00, 4.63, 16.67, 12.65, 0.00, 0.00, 0.00, 0.00, 90.00, 0, 0
2.00, 5.70, 23.28, 23.28, -76.72, 20.00, 4.63, 17.78, 13.76, 8.87, 24.37, 51.85, -93.76, 82.50, 0, 0
2.00, 5.70, 23.57, 23.57, 0.02, 20.00, 4.63, 19.44, 15.40, 7.90, 59.15, 44.95, -83.90, 71.14, 0, 0
2.00, 5.70, 24.15, 24.15, 126.91, 20.00, 4.63, 21.11, 17.12, 23.36, 105.66, 41.90, -73.05, 60.01, 0, 0
2.00, 5.70, 24.98, 24.98, 294.17, 20.00, 4.63, 22.78, 18.76, 79.91, 149.58, 43.53, -60.04, 49.57, 0, 0
2.00, 5.70, 26.00, 26.00, 486.74, 20.00, 4.63, 25.00, 20.93, 177.20, 179.01, 49.37, -43.17, 40.64, 0, 0
2.00, 5.70, 26.68, 26.68, 593.19, 20.00, 4.63, 26.11, 22.05, 149.29, 194.76, 58.14, -20.79, 34.57, 0, 0
2.00, 5.70, 26.65, 26.65, 545.49, 20.00, 4.63, 26.67, 22.47, 35.54, 163.53, 68.69, 5.95, 33.08, 0, 0
2.00, 5.70, 26.60, 26.60, 504.88, 20.00, 4.63, 26.11, 21.96, 4.27, 141.15, 80.26, 31.28, 36.76, 0, 0
2.00, 5.70, 26.21, 26.21, 401.23, 20.00, 4.63, 25.56, 21.35, 0.00, 83.23, 0.00, 51.14, 44.28, 0, 0
2.00, 5.70, 26.40, 26.40, 432.41, 20.00, 4.63, 25.00, 20.83, 0.00, 97.99, 0.00, 66.08, 54.00, 0, 0
2.00, 5.70, 26.47, 26.47, 433.91, 20.00, 4.63, 24.44, 20.32, 0.00, 80.86, 0.00, 77.97, 64.81, 0, 0
2.00, 5.70, 26.77, 26.77, 482.90, 20.00, 4.63, 23.33, 19.19, 0.00, 46.33, 0.00, 90.00, 76.09, 0, 0
2.00, 5.70, 25.87, 25.87, 277.92, 20.00, 4.63, 22.78, 18.68, 0.00, 16.82, 0.00, 97.99, 87.44, 0, 0
2.00, 5.70, 25.47, 25.47, 200.89, 20.00, 4.63, 21.67, 17.55, 0.00, 0.00, 0.00, 0.00, 90.00, 0, 0
2.00, 5.70, 25.23, 25.23, 161.62, 20.00, 4.63, 21.11, 16.95, 0.00, 0.00, 0.00, 0.00, 90.00, 0, 0
2.00, 5.70, 24.98, 24.98, 121.90, 20.00, 4.63, 20.00, 15.83, 0.00, 0.00, 0.00, 0.00, 90.00, 0, 0
2.00, 5.70, 24.69, 24.69, 74.28, 20.00, 4.63, 18.89, 14.71, 0.00, 0.00, 0.00, 0.00, 90.00, 0, 0
2.00, 5.70, 24.41, 24.41, 31.63, 20.00, 4.63, 18.33, 14.10, 0.00, 0.00, 0.00, 0.00, 90.00, 0, 0
2.00, 5.70, 24.09, 24.09, -17.02, 20.00, 4.63, 17.22, 13.08, 0.00, 0.00, 0.00, 0.00, 90.00, 0, 0
2.00, 5.70, 23.78, 23.78, -61.98, 20.00, 4.63, 16.67, 12.48, 0.00, 0.00, 0.00, 0.00, 90.00, 0, 0
2.00, 5.70, 23.42, 23.42, -113.45, 20.00, 4.63, 15.56, 11.36, 0.00, 0.00, 0.00, 0.00, 90.00, 0, 0
2.00, 5.70, 23.08, 23.08, -160.89, 20.00, 4.63, 15.00, 10.76, 0.00, 0.00, 0.00, 0.00, 90.00, 0, 0
2.00, 5.70, 22.70, 22.70, -214.19, 20.00, 4.63, 13.89, 9.74, 0.00, 0.00, 0.00, 0.00, 90.00, 0, 0
2.00, 5.70, 22.33, 22.33, -262.96, 20.00, 4.63, 13.33, 9.14, 0.00, 0.00, 0.00, 0.00, 90.00, 0, 0
2.00, 5.70, 22.37, 22.37, -221.68, 20.00, 4.63, 15.00, 10.76, 15.44, 24.39, 51.49, -93.41, 82.68, 0, 0
2.00, 5.70, 22.84, 22.84, -101.83, 20.00, 4.63, 17.22, 12.99, 60.56, 66.24, 44.57, -83.53, 71.33, 0, 0
2.00, 5.70, 23.63, 23.63, 73.43, 20.00, 4.63, 20.00, 15.83, 169.83, 98.76, 41.52, -72.67, 60.21, 0, 0
2.00, 5.70, 24.83, 24.83, 316.82, 20.00, 4.63, 22.78, 18.48, 325.02, 134.98, 43.18, -59.63, 49.81, 0, 0
2.00, 5.70, 26.21, 26.21, 574.68, 20.00, 4.63, 25.00, 20.73, 467.07, 169.20, 49.08, -42.76, 40.92, 0, 0
2.00, 5.70, 27.04, 27.04, 699.10, 20.00, 4.63, 27.22, 22.88, 442.48, 168.83, 57.90, -20.47, 34.92, 0, 0
2.00, 5.70, 27.49, 27.49, 740.37, 20.00, 4.63, 28.33, 24.02, 309.91, 172.57, 68.50, 6.05, 33.47, 0, 0
2.00, 5.70, 27.57, 27.57, 706.35, 20.00, 4.63, 28.89, 24.53, 122.57, 170.83, 80.10, 31.16, 37.14, 0, 0
2.00, 5.70, 27.55, 27.55, 662.79, 20.00, 4.63, 29.44, 25.04, 0.00, 151.41, 0.00, 50.91, 44.64, 0, 0
2.00, 5.70, 28.13, 28.13, 752.95, 20.00, 4.63, 28.89, 24.53, 0.00, 129.22, 0.00, 65.83, 54.33, 0, 0
2.00, 5.70, 28.65, 28.65, 824.93, 20.00, 4.63, 27.78, 23.40, 0.00, 86.90, 0.00, 77.72, 65.13, 0, 0
2.00, 5.70, 28.81, 28.81, 816.76, 20.00, 4.63, 26.11, 21.76, 0.00, 43.15, 0.00, 90.00, 76.40, 0, 0
2.00, 5.70, 27.42, 27.42, 489.26, 20.00, 4.63, 25.00, 20.73, 0.00, 15.29, 0.00, 97.75, 87.75, 0, 0
2.00, 5.70, 27.03, 27.03, 407.77, 20.00, 4.63, 23.89, 19.61, 0.00, 0.00, 0.00, 0.00, 90.00, 0, 0
2.00, 5.70, 26.79, 26.79, 363.51, 20.00, 4.63, 22.78, 18.48, 0.00, 0.00, 0.00, 0.00, 90.00, 0, 0
2.00, 5.70, 26.61, 26.61, 330.13, 20.00, 4.63, 22.22, 17.87, 0.00, 0.00, 0.00, 0.00, 90.00, 0, 0
2.00, 5.70, 26.36, 26.36, 285.35, 20.00, 4.63, 21.11, 16.75, 0.00, 0.00, 0.00, 0.00, 90.00, 0, 0
2.00, 5.70, 26.07, 26.07, 234.98, 20.00, 4.63, 20.00, 15.63, 0.00, 0.00, 0.00, 0.00, 90.00, 0, 0
2.00, 5.70, 25.75, 25.75, 180.17, 20.00, 4.63, 18.89, 14.51, 0.00, 0.00, 0.00, 0.00, 90.00, 0, 0
2.00, 5.70, 25.40, 25.40, 122.15, 20.00, 4.63, 17.78, 13.40, 0.00, 0.00, 0.00, 0.00, 90.00, 0, 0
2.00, 5.70, 25.02, 25.02, 61.66, 20.00, 4.63, 16.67, 12.28, 0.00, 0.00, 0.00, 0.00, 90.00, 0, 0
2.00, 5.70, 24.62, 24.62, -0.79, 20.00, 4.63, 15.56, 11.17, 0.00, 0.00, 0.00, 0.00, 90.00, 0, 0
2.00, 5.70, 24.19, 24.19, -64.86, 20.00, 4.63, 14.44, 10.06, 0.00, 0.00, 0.00, 0.00, 90.00, 0, 0
2.00, 5.70, 23.75, 23.75, -130.26, 20.00, 4.63, 13.33, 8.95, 0.00, 0.00, 0.00, 0.00, 90.00, 0, 0
2.00, 5.70, 23.80, 23.80, -87.57, 20.00, 4.63, 15.00, 10.67, 42.44, 22.74, 51.12, -93.06, 82.87, 0, 0
2.00, 5.70, 24.28, 24.28, 34.05, 20.00, 4.63, 17.78, 13.40, 107.83, 60.24, 44.18, -83.17, 71.51, 0, 0
2.00, 5.70, 25.12, 25.12, 219.45, 20.00, 4.63, 20.56, 16.24, 234.45, 94.81, 41.13, -72.28, 60.41, 0, 0
2.00, 5.70, 26.34, 26.34, 464.74, 20.00, 4.63, 22.78, 18.48, 449.59, 117.10, 42.83, -59.22, 50.04, 0, 0
2.00, 5.70, 27.49, 27.49, 672.11, 20.00, 4.63, 25.00, 20.63, 561.37, 134.76, 48.79, -42.35, 41.21, 0, 0
2.00, 5.70, 28.28, 28.28, 790.63, 20.00, 4.63, 27.22, 22.77, 502.71, 149.18, 57.67, -20.15, 35.27, 0, 0
2.00, 5.70, 28.71, 28.71, 829.79, 20.00, 4.63, 28.33, 23.90, 382.47, 152.93, 68.31, 6.14, 33.86, 0, 0
2.00, 5.70, 28.76, 28.76, 794.61, 20.00, 4.63, 29.44, 25.04, 170.85, 158.23, 79.94, 31.03, 37.53, 0, 0
2.00, 5.70, 28.68, 28.68, 738.45, 20.00, 4.63, 29.44, 25.04, 0.00, 147.72, 0.00, 50.68, 45.00, 0, 0
2.00, 5.70, 29.33, 29.33, 846.61, 20.00, 4.63, 28.89, 24.53, 0.00, 112.87, 0.00, 65.57, 54.67, 0, 0
2.00, 5.70, 30.34, 30.34, 1020.84, 20.00, 4.63, 28.33, 23.90, 0.00, 76.97, 0.00, 77.46, 65.45, 0, 0
2.00, 5.70, 30.56, 30.56, 1014.78, 20.00, 4.63, 26.67, 22.27, 0.00, 42.77, 0.00, 90.00, 76.72, 0, 0
2.00, 5.70, 28.77, 28.77, 595.83, 20.00, 4.63, 25.56, 21.14, 0.00, 15.29, 0.00, 97.52, 88.06, 0, 0
2.00, 5.70, 28.32, 28.32, 504.51, 20.00, 4.63, 24.44, 20.12, 0.00, 0.00, 0.00, 0.00, 90.00, 0, 0
2.00, 5.70, 28.06, 28.06, 455.70, 20.00, 4.63, 23.33, 18.99, 0.00, 0.00, 0.00, 0.00, 90.00, 0, 0
2.00, 5.70, 27.85, 27.85, 420.03, 20.00, 4.63, 22.78, 18.38, 0.00, 0.00, 0.00, 0.00, 90.00, 0, 0
2.00, 5.70, 27.58, 27.58, 373.38, 20.00, 4.63, 21.67, 17.36, 0.00, 0.00, 0.00, 0.00, 90.00, 0, 0
2.00, 5.70, 27.28, 27.28, 320.46, 20.00, 4.63, 20.56, 16.24, 0.00, 0.00, 0.00, 0.00, 90.00, 0, 0
2.00, 5.70, 26.93, 26.93, 262.69, 20.00, 4.63, 19.44, 15.12, 0.00, 0.00, 0.00, 0.00, 90.00, 0, 0
2.00, 5.70, 26.56, 26.56, 201.53, 20.00, 4.63, 18.33, 14.01, 0.00, 0.00, 0.00, 0.00, 90.00, 0, 0
2.00, 5.70, 26.19, 26.19, 144.97, 20.00, 4.63, 17.78, 13.40, 0.00, 0.00, 0.00, 0.00, 90.00, 0, 0
2.00, 5.70, 25.78, 25.78, 82.58, 20.00, 4.63, 16.67, 12.28, 0.00, 0.00, 0.00, 0.00, 90.00, 0, 0
2.00, 5.70, 25.35, 25.35, 17.93, 20.00, 4.63, 15.56, 11.27, 0.00, 0.00, 0.00, 0.00, 90.00, 0, 0
2.00, 5.70, 24.90, 24.90, -48.31, 20.00, 4.63, 14.44, 10.16, 0.00, 0.00, 0.00, 0.00, 90.00, 0, 0
2.00, 5.70, 24.99, 24.99, 3.33, 20.00, 4.63, 16.11, 11.87, 0.00, 41.29, 50.76, -92.71, 83.05, 0, 0
2.00, 5.70, 25.42, 25.42, 115.50, 20.00, 4.63, 18.89, 14.61, 107.73, 59.23, 43.79, -82.80, 71.70, 0, 0
2.00, 5.70, 26.26, 26.26, 301.98, 20.00, 4.63, 21.67, 17.36, 237.93, 94.74, 40.74, -71.89, 60.61, 0, 0
2.00, 5.70, 27.46, 27.46, 543.11, 20.00, 4.63, 23.89, 19.61, 432.50, 121.30, 42.49, -58.80, 50.28, 0, 0
2.00, 5.70, 28.64, 28.64, 759.07, 20.00, 4.63, 26.11, 21.76, 543.14, 144.68, 48.50, -41.94, 41.50, 0, 0
2.00, 5.70, 29.38, 29.38, 867.00, 20.00, 4.63, 27.78, 23.40, 477.01, 158.63, 57.44, -19.83, 35.62, 0, 0
2.00, 5.70, 29.74, 29.74, 893.80, 20.00, 4.63, 28.89, 24.53, 328.04, 166.18, 68.12, 6.23, 34.25, 0, 0
2.00, 5.70, 29.76, 29.76, 852.58, 20.00, 4.63, 29.44, 25.15, 127.65, 172.68, 79.78, 30.91, 37.91, 0, 0
2.00, 5.70, 29.62, 29.62, 786.68, 20.00, 4.63, 29.44, 25.15, 0.00, 151.16, 0.00, 50.46, 45.36, 0, 0
2.00, 5.70, 30.07, 30.07, 856.09, 20.00, 4.63, 28.89, 24.63, 0.00, 120.23, 0.00, 65.32, 55.00, 0, 0
2.00, 5.70, 30.89, 30.89, 997.78, 20.00, 4.63, 28.33, 24.02, 0.00, 78.62, 0.00, 77.21, 65.77, 0, 0
2.00, 5.70, 31.39, 31.39, 1058.81, 20.00, 4.63, 26.67, 22.37, 0.00, 40.56, 0.00, 90.00, 77.03, 0, 0
2.00, 5.70, 29.55, 29.55, 629.97, 20.00, 4.63, 26.11, 21.86, 0.00, 16.82, 0.00, 97.28, 88.38, 0, 0
2.00, 5.70, 29.07, 29.07, 535.72, 20.00, 4.63, 25.00, 20.83, 0.00, 0.00, 0.00, 0.00, 90.00, 0, 0
2.00, 5.70, 28.81, 28.81, 491.29, 20.00, 4.63, 24.44, 20.22, 0.00, 0.00, 0.00, 0.00, 90.00, 0, 0
2.00, 5.70, 28.60, 28.60, 457.64, 20.00, 4.63, 23.89, 19.71, 0.00, 0.00, 0.00, 0.00, 90.00, 0, 0
2.00, 5.70, 28.37, 28.37, 420.27, 20.00, 4.63, 23.33, 19.10, 0.00, 0.00, 0.00, 0.00, 90.00, 0, 0
2.00, 5.70, 28.12, 28.12, 379.94, 20.00, 4.63, 22.78, 18.58, 0.00, 0.00, 0.00, 0.00, 90.00, 0, 0
2.00, 5.70, 27.82, 27.82, 329.90, 20.00, 4.63, 21.67, 17.46, 0.00, 0.00, 0.00, 0.00, 90.00, 0, 0
2.00, 5.70, 27.48, 27.48, 275.17, 20.00, 4.63, 20.56, 16.34, 0.00, 0.00, 0.00, 0.00, 90.00, 0, 0
2.00, 5.70, 27.15, 27.15, 224.76, 20.00, 4.63, 20.00, 15.73, 0.00, 0.00, 0.00, 0.00, 90.00, 0, 0
2.00, 5.70, 26.78, 26.78, 168.83, 20.00, 4.63, 18.89, 14.71, 0.00, 0.00, 0.00, 0.00, 90.00, 0, 0
2.00, 5.70, 26.38, 26.38, 110.24, 20.00, 4.63, 17.78, 13.59, 0.00, 0.00, 0.00, 0.00, 90.00, 0, 0
2.00, 5.70, 26.00, 26.00, 57.19, 20.00, 4.63, 17.22, 13.08, 0.00, 0.00, 0.00, 0.00, 90.00, 0, 0
2.00, 5.70, 26.10, 26.10, 107.51, 20.00, 4.63, 18.89, 14.80, 0.00, 36.70, 48.06, -90.00, 83.24, 0, 0
2.00, 5.70, 26.55, 26.55, 220.61, 20.00, 4.63, 21.67, 17.55, 76.21, 62.23, 43.39, -82.43, 71.89, 0, 0
2.00, 5.70, 27.08, 27.08, 338.29, 20.00, 4.63, 23.33, 19.28, 66.23, 107.94, 40.35, -71.50, 60.82, 0, 0
2.00, 5.70, 27.90, 27.90, 506.35, 20.00, 4.63, 25.00, 20.93, 140.35, 146.88, 42.14, -58.39, 50.51, 0, 0
2.00, 5.70, 28.54, 28.54, 621.05, 20.00, 4.63, 26.11, 22.05, 139.13, 171.73, 48.22, -41.53, 41.79, 0, 0
2.00, 5.70, 28.90, 28.90, 669.78, 20.00, 4.63, 27.22, 23.09, 76.46, 179.66, 57.21, -19.52, 35.97, 0, 0
2.00, 5.70, 29.07, 29.07, 678.53, 20.00, 4.63, 27.22, 23.09, 28.45, 175.11, 67.93, 6.33, 34.65, 0, 0
2.00, 5.70, 28.93, 28.93, 624.97, 20.00, 4.63, 27.22, 23.09, 5.12, 140.41, 79.62, 30.79, 38.31, 0, 0
2.00, 5.70, 28.86, 28.86, 596.41, 20.00, 4.63, 26.67, 22.57, 0.00, 122.98, 0.00, 50.23, 45.73, 0, 0
2.00, 5.70, 28.86, 28.86, 584.46, 20.00, 4.63, 26.11, 21.96, 0.00, 108.04, 0.00, 65.07, 55.34, 0, 0
2.00, 5.70, 29.47, 29.47, 704.29, 20.00, 4.63, 25.56, 21.44, 0.00, 90.18, 0.00, 76.96, 66.09, 0, 0
2.00, 5.70, 29.15, 29.15, 614.74, 20.00, 4.63, 24.44, 20.41, 0.00, 40.90, 0.00, 87.28, 77.35, 0, 0
2.00, 5.70, 28.14, 28.14, 395.03, 20.00, 4.63, 23.89, 19.80, 0.00, 7.65, 0.00, 97.04, 88.70, 0, 0
2.00, 5.70, 27.74, 27.74, 325.36, 20.00, 4.63, 22.78, 18.76, 0.00, 0.00, 0.00, 0.00, 90.00, 0, 0
2.00, 5.70, 27.46, 27.46, 284.48, 20.00, 4.63, 22.22, 18.25, 0.00, 0.00, 0.00, 0.00, 90.00, 0, 0
2.00, 5.70, 27.22, 27.22, 250.54, 20.00, 4.63, 21.67, 17.64, 0.00, 0.00, 0.00, 0.00, 90.00, 0, 0
2.00, 5.70, 26.91, 26.91, 205.09, 20.00, 4.63, 20.56, 16.52, 0.00, 0.00, 0.00, 0.00, 90.00, 0, 0
2.00, 5.70, 26.61, 26.61, 162.90, 20.00, 4.63, 20.00, 16.00, 0.00, 0.00, 0.00, 0.00, 90.00, 0, 0
2.00, 5.70, 26.31, 26.31, 120.70, 20.00, 4.63, 19.44, 15.40, 0.00, 0.00, 0.00, 0.00, 90.00, 0, 0
2.00, 5.70, 25.99, 25.99, 78.10, 20.00, 4.63, 18.89, 14.80, 0.00, 0.00, 0.00, 0.00, 90.00, 0, 0
2.00, 5.70, 25.66, 25.66, 35.29, 20.00, 4.63, 18.33, 14.28, 0.00, 0.00, 0.00, 0.00, 90.00, 0, 0
2.00, 5.70, 25.33, 25.33, -7.60, 20.00, 4.63, 17.78, 13.76, 0.00, 0.00, 0.00, 0.00, 90.00, 0, 0
2.00, 5.70, 25.03, 25.03, -43.35, 20.00, 4.63, 17.78, 13.76, 0.00, 0.00, 0.00, 0.00, 90.00, 0, 0
2.00, 5.70, 24.70, 24.70, -82.92, 20.00, 4.63, 17.22, 13.25, 0.00, 0.00, 0.00, 0.00, 90.00, 0, 0
2.00, 5.70, 24.51, 24.51, -93.40, 20.00, 4.63, 17.78, 13.76, 0.00, 6.12, 48.04, -90.00, 83.42, 0, 0
2.00, 5.70, 24.48, 24.48, -70.59, 20.00, 4.63, 18.33, 14.36, 0.00, 26.00, 43.00, -82.06, 72.08, 0, 0
2.00, 5.70, 24.20, 24.20, -106.56, 20.00, 4.63, 18.33, 14.36, 0.00, 12.23, 39.95, -71.10, 61.02, 0, 0
2.00, 5.70, 24.52, 24.52, -13.88, 20.00, 4.63, 19.44, 15.40, 4.63, 63.63, 41.79, -57.98, 50.76, 0, 0
2.00, 5.70, 25.34, 25.34, 172.76, 20.00, 4.63, 21.11, 17.04, 25.26, 139.73, 47.93, -41.12, 42.08, 0, 0
2.00, 5.70, 26.18, 26.18, 342.62, 20.00, 4.63, 22.78, 18.68, 69.07, 179.79, 56.98, -19.21, 36.33, 0, 0
2.00, 5.70, 27.04, 27.04, 504.54, 20.00, 4.63, 25.00, 20.83, 154.15, 191.85, 67.74, 6.42, 35.04, 0, 0
2.00, 5.70, 27.16, 27.16, 497.69, 20.00, 4.63, 26.11, 21.96, 40.41, 171.11, 79.45, 30.68, 38.70, 0, 0
2.00, 5.70, 26.95, 26.95, 428.87, 20.00, 4.63, 26.11, 21.96, 0.00, 125.18, 0.00, 50.02, 46.09, 0, 0
2.00, 5.70, 26.48, 26.48, 317.95, 20.00, 4.63, 25.56, 21.35, 0.00, 64.49, 0.00, 64.82, 55.69, 0, 0
2.00, 5.70, 26.76, 26.76, 376.90, 20.00, 4.63, 25.00, 20.83, 0.00, 66.24, 0.00, 76.70, 66.42, 0, 0
2.00, 5.70, 27.19, 27.19, 459.61, 20.00, 4.63, 24.44, 20.32, 0.00, 42.40, 0.00, 87.04, 77.67, 0, 0
2.00, 5.70, 26.20, 26.20, 237.60, 20.00, 4.63, 23.89, 19.71, 0.00, 12.23, 0.00, 96.80, 89.02, 0, 0
2.00, 5.70, 25.85, 25.85, 175.62, 20.00, 4.63, 22.78, 18.58, 0.00, 0.00, 0.00, 0.00, 90.00, 0, 0
2.00, 5.70, 25.61, 25.61, 138.84, 20.00, 4.63, 21.67, 17.46, 0.00, 0.00, 0.00, 0.00, 90.00, 0, 0
2.00, 5.70, 25.37, 25.37, 105.25, 20.00, 4.63, 20.56, 16.34, 0.00, 0.00, 0.00, 0.00, 90.00, 0, 0
2.00, 5.70, 25.13, 25.13, 71.50, 20.00, 4.63, 20.00, 15.73, 0.00, 0.00, 0.00, 0.00, 90.00, 0, 0
2.00, 5.70, 24.86, 24.86, 31.07, 20.00, 4.63, 18.89, 14.61, 0.00, 0.00, 0.00, 0.00, 90.00, 0, 0
2.00, 5.70, 24.55, 24.55, -13.57, 20.00, 4.63, 17.78, 13.50, 0.00, 0.00, 0.00, 0.00, 90.00, 0, 0
2.00, 5.70, 24.18, 24.18, -68.63, 20.00, 4.63, 16.11, 11.87, 0.00, 0.00, 0.00, 0.00, 90.00, 0, 0
2.00, 5.70, 23.80, 23.80, -122.68, 20.00, 4.63, 15.00, 10.67, 0.00, 0.00, 0.00, 0.00, 90.00, 0, 0
2.00, 5.70, 23.37, 23.37, -185.03, 20.00, 4.63, 13.33, 9.05, 0.00, 0.00, 0.00, 0.00, 90.00, 0, 0
2.00, 5.70, 22.93, 22.93, -245.17, 20.00, 4.63, 12.22, 7.94, 0.00, 0.00, 0.00, 0.00, 90.00, 0, 0
2.00, 5.70, 22.44, 22.44, -313.57, 20.00, 4.63, 10.56, 6.24, 0.00, 0.00, 0.00, 0.00, 90.00, 0, 0
2.00, 5.70, 22.29, 22.29, -308.44, 20.00, 4.63, 11.67, 7.34, 0.00, 18.35, 48.02, -90.00, 83.61, 0, 0
2.00, 5.70, 22.52, 22.52, -228.69, 20.00, 4.63, 13.33, 9.05, 15.37, 59.08, 42.60, -81.69, 72.27, 0, 0
2.00, 5.70, 23.01, 23.01, -103.04, 20.00, 4.63, 15.56, 11.17, 34.16, 106.49, 39.56, -70.71, 61.23, 0, 0
2.00, 5.70, 23.48, 23.48, 4.12, 20.00, 4.63, 17.22, 12.89, 48.46, 135.61, 41.43, -57.56, 51.00, 0, 0
2.00, 5.70, 23.67, 23.67, 40.65, 20.00, 4.63, 17.78, 13.40, 23.72, 142.15, 47.64, -40.72, 42.38, 0, 0
2.00, 5.70, 23.99, 23.99, 104.80, 20.00, 4.63, 18.33, 14.01, 22.67, 161.73, 56.75, -18.90, 36.68, 0, 0
2.00, 5.70, 24.55, 24.55, 216.42, 20.00, 4.63, 19.44, 15.02, 68.66, 184.90, 67.55, 6.52, 35.44, 0, 0
2.00, 5.70, 24.91, 24.91, 274.09, 20.00, 4.63, 20.56, 16.14, 80.28, 178.81, 79.29, 30.57, 39.09, 0, 0
2.00, 5.70, 24.86, 24.86, 247.02, 20.00, 4.63, 21.67, 17.15, 0.00, 150.55, 0.00, 49.80, 46.46, 0, 0
2.00, 5.70, 25.45, 25.45, 356.73, 20.00, 4.63, 21.67, 17.26, 0.00, 124.33, 0.00, 64.57, 56.03, 0, 0
2.00, 5.70, 25.37, 25.37, 318.23, 20.00, 4.63, 21.11, 16.64, 0.00, 80.03, 0.00, 76.45, 66.75, 0, 0
2.00, 5.70, 24.99, 24.99, 224.34, 20.00, 4.63, 20.00, 15.63, 0.00, 41.73, 0.00, 86.79, 77.99, 0, 0
2.00, 5.70, 24.08, 24.08, 31.96, 20.00, 4.63, 18.89, 14.51, 0.00, 12.23, 0.00, 96.56, 89.35, 0, 0
2.00, 5.70, 23.70, 23.70, -30.81, 20.00, 4.63, 18.33, 13.90, 0.00, 0.00, 0.00, 0.00, 90.00, 0, 0
2.00, 5.70, 23.42, 23.42, -69.67, 20.00, 4.63, 17.22, 12.89, 0.00, 0.00, 0.00, 0.00, 90.00, 0, 0
2.00, 5.70, 23.14, 23.14, -108.42, 20.00, 4.63, 16.11, 11.78, 0.00, 0.00, 0.00, 0.00, 90.00, 0, 0
2.00, 5.70, 22.83, 22.83, -151.71, 20.00, 4.63, 15.56, 11.17, 0.00, 0.00, 0.00, 0.00, 90.00, 0, 0
2.00, 5.70, 22.48, 22.48, -200.99, 20.00, 4.63, 14.44, 10.06, 0.00, 0.00, 0.00, 0.00, 90.00, 0, 0
2.00, 5.70, 22.14, 22.14, -246.70, 20.00, 4.63, 13.89, 9.46, 0.00, 0.00, 0.00, 0.00, 90.00, 0, 0
2.00, 5.70, 21.80, 21.80, -292.04, 20.00, 4.63, 13.33, 8.85, 0.00, 0.00, 0.00, 0.00, 90.00, 0, 0
2.00, 5.70, 21.41, 21.41, -344.28, 20.00, 4.63, 12.22, 7.85, 0.00, 0.00, 0.00, 0.00, 90.00, 0, 0
2.00, 5.70, 21.03, 21.03, -392.84, 20.00, 4.63, 11.67, 7.24, 0.00, 0.00, 0.00, 0.00, 90.00, 0, 0
2.00, 5.70, 20.65, 20.65, -440.41, 20.00, 4.63, 11.11, 6.64, 0.00, 0.00, 0.00, 0.00, 90.00, 0, 0
2.00, 5.70, 20.26, 20.26, -486.97, 20.00, 4.63, 10.56, 6.14, 0.00, 0.00, 0.00, 0.00, 90.00, 0, 0
2.00, 5.70, 20.32, 20.32, -437.62, 20.00, 4.63, 12.22, 7.85, 0.00, 32.12, 48.00, -90.00, 83.80, 0, 0
2.00, 5.70, 21.01, 21.01, -267.15, 20.00, 4.63, 15.56, 11.17, 122.90, 67.89, 42.20, -81.32, 72.46, 0, 0
2.00, 5.70, 21.63, 21.63, -129.32, 20.00, 4.63, 17.78, 13.40, 122.73, 108.31, 39.16, -70.32, 61.44, 0, 0
2.00, 5.70, 22.51, 22.51, 51.39, 20.00, 4.63, 19.44, 15.02, 205.72, 142.59, 41.08, -57.15, 51.24, 0, 0
2.00, 5.70, 23.50, 23.50, 238.09, 20.00, 4.63, 21.67, 17.15, 273.16, 171.43, 47.36, -40.31, 42.67, 0, 0
2.00, 5.70, 24.42, 24.42, 397.33, 20.00, 4.63, 23.33, 18.77, 336.32, 180.86, 56.52, -18.60, 37.04, 0, 0
2.00, 5.70, 24.89, 24.89, 453.14, 20.00, 4.63, 24.44, 19.90, 242.80, 181.91, 67.37, 6.61, 35.84, 0, 0
2.00, 5.70, 25.11, 25.11, 457.78, 20.00, 4.63, 25.56, 21.02, 125.48, 175.00, 79.13, 30.46, 39.49, 0, 0
2.00, 5.70, 25.08, 25.08, 415.24, 20.00, 4.63, 25.56, 21.02, 0.00, 156.18, 0.00, 49.58, 46.84, 0, 0
2.00, 5.70, 25.43, 25.43, 460.31, 20.00, 4.63, 25.00, 20.40, 0.00, 122.80, 0.00, 64.32, 56.38, 0, 0
2.00, 5.70, 25.98, 25.98, 546.02, 20.00, 4.63, 23.89, 19.39, 0.00, 82.08, 0.00, 76.20, 67.08, 0, 0
2.00, 5.70, 25.97, 25.97, 509.09, 20.00, 4.63, 22.78, 18.27, 0.00, 38.92, 0.00, 86.54, 78.31, 0, 0
2.00, 5.70, 24.69, 24.69, 213.40, 20.00, 4.63, 21.11, 16.64, 0.00, 10.71, 0.00, 96.32, 89.67, 0, 0
2.00, 5.70, 24.31, 24.31, 140.47, 20.00, 4.63, 20.00, 15.52, 0.00, 0.00, 0.00, 0.00, 90.00, 0, 0
2.00, 5.70, 24.06, 24.06, 97.37, 20.00, 4.63, 18.89, 14.41, 0.00, 0.00, 0.00, 0.00, 90.00, 0, 0
2.00, 5.70, 23.85, 23.85, 62.97, 20.00, 4.63, 18.33, 13.79, 0.00, 0.00, 0.00, 0.00, 90.00, 0, 0
2.00, 5.70, 23.56, 23.56, 14.78, 20.00, 4.63, 17.22, 12.68, 0.00, 0.00, 0.00, 0.00, 90.00, 0, 0
2.00, 5.70, 23.21, 23.21, -44.85, 20.00, 4.63, 15.56, 11.07, 0.00, 0.00, 0.00, 0.00, 90.00, 0, 0
2.00, 5.70, 22.88, 22.88, -97.14, 20.00, 4.63, 15.00, 10.46, 0.00, 0.00, 0.00, 0.00, 90.00, 0, 0
2.00, 5.70, 22.51, 22.51, -155.11, 20.00, 4.63, 13.89, 9.35, 0.00, 0.00, 0.00, 0.00, 90.00, 0, 0
2.00, 5.70, 22.14, 22.14, -208.95, 20.00, 4.63, 13.33, 8.74, 0.00, 0.00, 0.00, 0.00, 90.00, 0, 0
2.00, 5.70, 21.73, 21.73, -268.67, 20.00, 4.63, 12.22, 7.75, 0.00, 0.00, 0.00, 0.00, 90.00, 0, 0
2.00, 5.70, 21.30, 21.30, -331.13, 20.00, 4.63, 11.11, 6.64, 0.00, 0.00, 0.00, 0.00, 90.00, 0, 0
2.00, 5.70, 20.88, 20.88, -387.98, 20.00, 4.63, 10.56, 6.04, 0.00, 0.00, 0.00, 0.00, 90.00, 0, 0
2.00, 5.70, 20.61, 20.61, -410.20, 20.00, 4.63, 10.56, 6.14, 0.00, 9.18, 47.99, -90.00, 83.99, 0, 0
2.00, 5.70, 20.63, 20.63, -375.59, 20.00, 4.63, 11.67, 7.24, 0.00, 38.23, 41.80, -80.94, 72.65, 0, 0
2.00, 5.70, 20.92, 20.92, -289.62, 20.00, 4.63, 13.33, 8.85, 6.12, 79.38, 38.76, -69.93, 61.65, 0, 0
2.00, 5.70, 20.84, 20.84, -290.71, 20.00, 4.63, 13.89, 9.46, 1.60, 72.71, 40.73, -56.74, 51.49, 0, 0
2.00, 5.70, 20.70, 20.70, -306.36, 20.00, 4.63, 13.89, 9.46, 0.00, 67.29, 47.07, -39.91, 42.97, 0, 0
2.00, 5.70, 20.55, 20.55, -321.64, 20.00, 4.63, 13.89, 9.46, 0.00, 64.23, 56.30, -18.29, 37.41, 0, 0
2.00, 5.70, 20.81, 20.81, -252.05, 20.00, 4.63, 14.44, 9.96, 3.67, 101.28, 67.18, 6.71, 36.24, 0, 0
2.00, 5.70, 20.82, 20.82, -240.61, 20.00, 4.63, 15.00, 10.46, 1.81, 96.82, 78.97, 30.35, 39.89, 0, 0
2.00, 5.70, 21.04, 21.04, -188.04, 20.00, 4.63, 15.00, 10.57, 0.00, 120.08, 0.00, 49.37, 47.21, 0, 0
2.00, 5.70, 21.08, 21.08, -176.06, 20.00, 4.63, 15.56, 11.07, 0.00, 108.84, 0.00, 64.08, 56.73, 0, 0
2.00, 5.70, 20.64, 20.64, -266.59, 20.00, 4.63, 15.00, 10.57, 0.00, 58.35, 0.00, 75.95, 67.41, 0, 0
2.00, 5.70, 20.54, 20.54, -274.62, 20.00, 4.63, 14.44, 10.06, 0.00, 32.68, 0.00, 86.30, 78.64, 0, 0
2.00, 5.70, 19.93, 19.93, -391.25, 20.00, 4.63, 14.44, 10.06, 0.00, 9.18, 0.00, 96.08, 90.00, 0, 0
2.00, 5.70, 19.58, 19.58, -440.22, 20.00, 4.63, 13.89, 9.46, 0.00, 0.00, 0.00, 0.00, 90.00, 0, 0
2.00, 5.70, 19.32, 19.32, -470.17, 20.00, 4.63, 13.33, 8.95, 0.00, 0.00, 0.00, 0.00, 90.00, 0, 0
2.00, 5.70, 19.06, 19.06, -498.11, 20.00, 4.63, 12.78, 8.35, 0.00, 0.00, 0.00, 0.00, 90.00, 0, 0
2.00, 5.70, 18.76, 18.76, -534.61, 20.00, 4.63, 12.22, 7.85, 0.00, 0.00, 0.00, 0.00, 90.00, 0, 0
2.00, 5.70, 18.47, 18.47, -569.25, 20.00, 4.63, 11.67, 7.24, 0.00, 0.00, 0.00, 0.00, 90.00, 0, 0
2.00, 5.70, 18.17, 18.17, -603.00, 20.00, 4.63, 11.11, 6.74, 0.00, 0.00, 0.00, 0.00, 90.00, 0, 0
2.00, 5.70, 17.91, 17.91, -629.72, 20.00, 4.63, 11.11, 6.64, 0.00, 0.00, 0.00, 0.00, 90.00, 0, 0
2.00, 5.70, 17.65, 17.65, -653.41, 20.00, 4.63, 11.11, 6.64, 0.00, 0.00, 0.00, 0.00, 90.00, 0, 0
2.00, 5.70, 17.37, 17.37, -682.41, 20.00, 4.63, 10.56, 6.14, 0.00, 0.00, 0.00, 0.00, 90.00, 0, 0
2.00, 5.70, 17.08, 17.08, -713.17, 20.00, 4.63, 10.00, 5.64, 0.00, 0.00, 0.00, 0.00, 90.00, 0, 0
2.00, 5.70, 16.82, 16.82, -737.56, 20.00, 4.63, 10.00, 5.64, 0.00, 0.00, 0.00, 0.00, 90.00, 0, 0
2.00, 5.70, 16.81, 16.81, -710.11, 20.00, 4.63, 11.11, 6.74, 0.00, 15.29, 47.97, -90.00, 84.17, 0, 0
2.00, 5.70, 17.13, 17.13, -616.42, 20.00, 4.63, 12.78, 8.45, 5.44, 53.94, 41.39, -80.57, 72.85, 0, 0
2.00, 5.70, 17.56, 17.56, -511.25, 20.00, 4.63, 13.89, 9.56, 12.50, 89.99, 38.36, -69.53, 61.87, 0, 0
2.00, 5.70, 17.65, 17.65, -488.58, 20.00, 4.63, 14.44, 10.16, 4.86, 83.56, 40.38, -56.33, 51.74, 0, 0
2.00, 5.70, 18.07, 18.07, -396.36, 20.00, 4.63, 15.00, 10.67, 16.99, 114.99, 46.79, -39.51, 43.28, 0, 0
2.00, 5.70, 17.46, 17.46, -529.87, 20.00, 4.63, 14.44, 10.06, 4.98, 32.51, 56.07, -17.99, 37.77, 0, 0
2.00, 5.70, 17.85, 17.85, -435.09, 20.00, 4.63, 14.44, 10.06, 3.70, 90.59, 67.00, 6.80, 36.65, 0, 0
2.00, 5.70, 18.16, 18.16, -369.77, 20.00, 4.63, 15.00, 10.67, 1.84, 109.07, 78.81, 30.25, 40.29, 0, 0
2.00, 5.70, 18.00, 18.00, -407.76, 20.00, 4.63, 15.00, 10.57, 0.00, 72.65, 0.00, 49.16, 47.59, 0, 0
2.00, 5.70, 17.88, 17.88, -430.80, 20.00, 4.63, 14.44, 10.06, 0.00, 59.64, 0.00, 63.83, 57.08, 0, 0
2.00, 5.70, 17.96, 17.96, -408.28, 20.00, 4.63, 14.44, 10.06, 0.00, 59.81, 0.00, 75.70, 67.75, 0, 0
2.00, 5.70, 18.12, 18.12, -373.99, 20.00, 4.63, 14.44, 10.06, 0.00, 36.64, 0.00, 86.05, 78.97, 0, 0
2.00, 5.70, 17.48, 17.48, -507.20, 20.00, 4.63, 13.89, 9.56, 0.00, 9.18, 0.00, 0.00, 90.00, 0, 0
2.00, 5.70, 17.21, 17.21, -551.49, 20.00, 4.63, 13.33, 9.05, 0.00, 0.00, 0.00, 0.00, 90.00, 0, 0
2.00, 5.70, 17.01, 17.01, -576.75, 20.00, 4.63, 12.78, 8.45, 0.00, 0.00, 0.00, 0.00, 90.00, 0, 0
2.00, 5.70, 16.85, 16.85, -592.77, 20.00, 4.63, 12.78, 8.45, 0.00, 0.00, 0.00, 0.00, 90.00, 0, 0
2.00, 5.70, 16.64, 16.64, -620.55, 20.00, 4.63, 12.22, 7.85, 0.00, 0.00, 0.00, 0.00, 90.00, 0, 0
2.00, 5.70, 16.42, 16.42, -648.16, 20.00, 4.63, 11.67, 7.34, 0.00, 0.00, 0.00, 0.00, 90.00, 0, 0
2.00, 5.70, 16.19, 16.19, -676.26, 20.00, 4.63, 11.11, 6.74, 0.00, 0.00, 0.00, 0.00, 90.00, 0, 0
2.00, 5.70, 15.99, 15.99, -697.55, 20.00, 4.63, 11.11, 6.74, 0.00, 0.00, 0.00, 0.00, 90.00, 0, 0
2.00, 5.70, 15.80, 15.80, -716.21, 20.00, 4.63, 11.11, 6.74, 0.00, 0.00, 0.00, 0.00, 90.00, 0, 0
2.00, 5.70, 15.59, 15.59, -740.56, 20.00, 4.63, 10.56, 6.24, 0.00, 0.00, 0.00, 0.00, 90.00, 0, 0
2.00, 5.70, 15.39, 15.39, -760.23, 20.00, 4.63, 10.56, 6.14, 0.00, 0.00, 0.00, 0.00, 90.00, 0, 0
2.00, 5.70, 15.17, 15.17, -784.79, 20.00, 4.63, 10.00, 5.64, 0.00, 0.00, 0.00, 0.00, 90.00, 0, 0
2.00, 5.70, 15.17, 15.17, -761.40, 20.00, 4.63, 11.11, 6.74, 0.00, 12.23, 47.95, -90.00, 84.36, 0, 0
2.00, 5.70, 15.15, 15.15, -748.18, 20.00, 4.63, 11.11, 6.83, 0.00, 19.88, 40.99, -80.19, 73.04, 0, 0
2.00, 5.70, 15.22, 15.22, -717.25, 20.00, 4.63, 11.67, 7.34, 0.00, 33.65, 37.96, -69.14, 62.08, 0, 0
2.00, 5.70, 15.17, 15.17, -715.22, 20.00, 4.63, 11.67, 7.34, 0.00, 32.12, 40.03, -55.92, 51.99, 0, 0
2.00, 5.70, 15.36, 15.36, -664.76, 20.00, 4.63, 12.22, 7.85, 0.00, 55.06, 46.50, -39.12, 43.58, 0, 0
2.00, 5.70, 15.06, 15.06, -720.61, 20.00, 4.63, 12.22, 7.85, 0.00, 18.35, 55.84, -17.70, 38.13, 0, 0
2.00, 5.70, 15.21, 15.21, -676.59, 20.00, 4.63, 12.22, 7.85, 0.00, 45.88, 66.81, 6.89, 37.05, 0, 0
2.00, 5.70, 15.16, 15.16, -678.96, 20.00, 4.63, 12.22, 7.85, 0.00, 39.76, 78.66, 30.14, 40.70, 0, 0
2.00, 5.70, 15.16, 15.16, -671.92, 20.00, 4.63, 12.22, 7.85, 0.00, 41.29, 0.00, 48.96, 47.97, 0, 0
2.00, 5.70, 15.36, 15.36, -623.13, 20.00, 4.63, 12.78, 8.35, 0.00, 61.17, 0.00, 63.59, 57.43, 0, 0
2.00, 5.70, 15.20, 15.20, -652.61, 20.00, 4.63, 12.78, 8.35, 0.00, 36.70, 0.00, 75.45, 68.08, 0, 0
2.00, 5.70, 14.88, 14.88, -715.08, 20.00, 4.63, 12.22, 7.85, 0.00, 6.12, 0.00, 85.81, 79.29, 0, 0
2.00, 5.70, 14.67, 14.67, -746.69, 20.00, 4.63, 11.67, 7.24, 0.00, 0.00, 0.00, 0.00, 90.00, 0, 0
2.00, 5.70, 14.54, 14.54, -759.04, 20.00, 4.63, 11.67, 7.24, 0.00, 0.00, 0.00, 0.00, 90.00, 0, 0
2.00, 5.70, 14.40, 14.40, -773.51, 20.00, 4.63, 11.11, 6.74, 0.00, 0.00, 0.00, 0.00, 90.00, 0, 0
2.00, 5.70, 14.25, 14.25, -790.21, 20.00, 4.63, 10.56, 6.14, 0.00, 0.00, 0.00, 0.00, 90.00, 0, 0
2.00, 5.70, 14.09, 14.09, -809.36, 20.00, 4.63, 10.56, 6.14, 0.00, 0.00, 0.00, 0.00, 90.00, 0, 0
2.00, 5.70, 13.91, 13.91, -831.66, 20.00, 4.63, 10.00, 5.54, 0.00, 0.00, 0.00, 0.00, 90.00, 0, 0
2.00, 5.70, 13.71, 13.71, -855.04, 20.00, 4.63, 9.44, 4.94, 0.00, 0.00, 0.00, 0.00, 90.00, 0, 0
2.00, 5.70, 13.51, 13.51, -879.01, 20.00, 4.63, 8.89, 4.44, 0.00, 0.00, 0.00, 0.00, 90.00, 0, 0
2.00, 5.70, 13.30, 13.30, -903.85, 20.00, 4.63, 8.33, 3.84, 0.00, 0.00, 0.00, 0.00, 90.00, 0, 0
2.00, 5.70, 13.09, 13.09, -929.34, 20.00, 4.63, 7.78, 3.34, 0.00, 0.00, 0.00, 0.00, 90.00, 0, 0
2.00, 5.70, 12.86, 12.86, -955.92, 20.00, 4.63, 7.22, 2.74, 0.00, 0.00, 0.00, 0.00, 90.00, 0, 0
2.00, 5.70, 12.63, 12.63, -983.55, 20.00, 4.63, 6.67, 2.15, 0.00, 0.00, 0.00, 0.00, 90.00, 0, 0
2.00, 5.70, 12.65, 12.65, -955.56, 20.00, 4.63, 7.78, 3.24, 0.00, 15.29, 47.94, -90.00, 84.55, 0, 0
2.00, 5.70, 12.86, 12.86, -894.71, 20.00, 4.63, 8.89, 4.34, 0.00, 41.29, 40.58, -79.82, 73.24, 0, 0
2.00, 5.70, 13.47, 13.47, -756.43, 20.00, 4.63, 10.56, 6.04, 25.00, 90.46, 37.56, -68.74, 62.30, 0, 0
2.00, 5.70, 14.15, 14.15, -616.04, 20.00, 4.63, 12.22, 7.75, 46.52, 127.56, 39.68, -55.51, 52.24, 0, 0
2.00, 5.70, 14.66, 14.66, -525.50, 20.00, 4.63, 13.33, 8.74, 32.82, 145.29, 46.22, -38.73, 43.89, 0, 0
2.00, 5.70, 15.48, 15.48, -374.54, 20.00, 4.63, 14.44, 9.85, 87.59, 176.05, 55.62, -17.40, 38.50, 0, 0
2.00, 5.70, 16.15, 16.15, -264.88, 20.00, 4.63, 16.11, 11.45, 93.86, 185.48, 66.63, 6.99, 37.46, 0, 0
2.00, 5.70, 16.64, 16.64, -199.73, 20.00, 4.63, 17.22, 12.56, 105.69, 172.87, 78.50, 30.04, 41.10, 0, 0
2.00, 5.70, 16.81, 16.81, -202.84, 20.00, 4.63, 17.78, 13.18, 0.00, 159.83, 0.00, 48.75, 48.35, 0, 0
2.00, 5.70, 17.43, 17.43, -106.08, 20.00, 4.63, 18.33, 13.68, 0.00, 124.71, 0.00, 63.35, 57.79, 0, 0
2.00, 5.70, 17.41, 17.41, -148.72, 20.00, 4.63, 17.22, 12.68, 0.00, 72.65, 0.00, 75.21, 68.42, 0, 0
2.00, 5.70, 16.76, 16.76, -314.48, 20.00, 4.63, 16.11, 11.57, 0.00, 32.14, 0.00, 85.56, 79.63, 0, 0
2.00, 5.70, 16.34, 16.34, -414.10, 20.00, 4.63, 15.56, 10.96, 0.00, 6.12, 0.00, 0.00, 90.00, 0, 0
2.00, 5.70, 16.15, 16.15, -454.25, 20.00, 4.63, 14.44, 9.85, 0.00, 0.00, 0.00, 0.00, 90.00, 0, 0
2.00, 5.70, 16.05, 16.05, -473.89, 20.00, 4.63, 13.89, 9.35, 0.00, 0.00, 0.00, 0.00, 90.00, 0, 0
2.00, 5.70, 15.95, 15.95, -493.48, 20.00, 4.63, 13.33, 8.74, 0.00, 0.00, 0.00, 0.00, 90.00, 0, 0
2.00, 5.70, 15.77, 15.77, -528.46, 20.00, 4.63, 12.22, 7.64, 0.00, 0.00, 0.00, 0.00, 90.00, 0, 0
2.00, 5.70, 15.59, 15.59, -561.37, 20.00, 4.63, 11.67, 7.03, 0.00, 0.00, 0.00, 0.00, 90.00, 0, 0
2.00, 5.70, 15.39, 15.39, -594.77, 20.00, 4.63, 11.11, 6.54, 0.00, 0.00, 0.00, 0.00, 90.00, 0, 0
2.00, 5.70, 15.15, 15.15, -636.45, 20.00, 4.63, 10.00, 5.44, 0.00, 0.00, 0.00, 0.00, 90.00, 0, 0
2.00, 5.70, 14.91, 14.91, -675.34, 20.00, 4.63, 9.44, 4.83, 0.00, 0.00, 0.00, 0.00, 90.00, 0, 0
2.00, 5.70, 14.63, 14.63, -721.08, 20.00, 4.63, 8.33, 3.74, 0.00, 0.00, 0.00, 0.00, 90.00, 0, 0
2.00, 5.70, 14.35, 14.35, -763.08, 20.00, 4.63, 7.78, 3.13, 0.00, 0.00, 0.00, 0.00, 90.00, 0, 0
2.00, 5.70, 14.07, 14.07, -804.42, 20.00, 4.63, 7.22, 2.53, 0.00, 0.00, 0.00, 0.00, 90.00, 0, 0
2.00, 5.70, 14.01, 14.01, -796.18, 20.00, 4.63, 7.78, 3.13, 0.00, 15.29, 47.92, -90.00, 84.74, 0, 0
2.00, 5.70, 14.40, 14.40, -699.32, 20.00, 4.63, 9.44, 4.83, 29.58, 55.69, 40.18, -79.44, 73.43, 0, 0
2.00, 5.70, 15.14, 15.14, -538.92, 20.00, 4.63, 11.67, 7.14, 68.79, 108.56, 37.16, -68.35, 62.51, 0, 0
2.00, 5.70, 16.20, 16.20, -329.28, 20.00, 4.63, 13.89, 9.35, 201.81, 142.76, 39.32, -55.10, 52.49, 0, 0
2.00, 5.70, 17.57, 17.57, -71.18, 20.00, 4.63, 16.67, 12.07, 400.23, 163.75, 45.94, -38.34, 44.20, 0, 0
2.00, 5.70, 18.36, 18.36, 42.19, 20.00, 4.63, 18.33, 13.68, 354.69, 172.06, 55.40, -17.11, 38.87, 0, 0
2.00, 5.70, 18.74, 18.74, 70.03, 20.00, 4.63, 19.44, 14.79, 179.02, 187.62, 66.44, 7.08, 37.86, 0, 0
2.00, 5.70, 18.90, 18.90, 54.21, 20.00, 4.63, 20.00, 15.29, 55.47, 182.23, 78.34, 29.94, 41.51, 0, 0
2.00, 5.70, 18.92, 18.92, 16.92, 20.00, 4.63, 20.00, 15.41, 0.00, 157.86, 0.00, 48.55, 48.73, 0, 0
2.00, 5.70, 18.95, 18.95, -10.75, 20.00, 4.63, 18.89, 14.29, 0.00, 119.90, 0.00, 63.11, 58.15, 0, 0
2.00, 5.70, 18.84, 18.84, -61.10, 20.00, 4.63, 17.78, 13.18, 0.00, 75.49, 0.00, 74.96, 68.76, 0, 0
2.00, 5.70, 18.97, 18.97, -55.84, 20.00, 4.63, 16.67, 12.07, 0.00, 40.21, 0.00, 85.31, 79.96, 0, 0
2.00, 5.70, 18.12, 18.12, -254.94, 20.00, 4.63, 15.56, 11.07, 0.00, 9.18, 0.00, 0.00, 90.00, 0, 0
2.00, 5.70, 17.89, 17.89, -303.42, 20.00, 4.63, 15.56, 11.07, 0.00, 0.00, 0.00, 0.00, 90.00, 0, 0
2.00, 5.70, 17.73, 17.73, -332.64, 20.00, 4.63, 15.00, 10.46, 0.00, 0.00, 0.00, 0.00, 90.00, 0, 0
2.00, 5.70, 17.59, 17.59, -360.32, 20.00, 4.63, 14.44, 9.96, 0.00, 0.00, 0.00, 0.00, 90.00, 0, 0
2.00, 5.70, 17.40, 17.40, -394.50, 20.00, 4.63, 13.89, 9.35, 0.00, 0.00, 0.00, 0.00, 90.00, 0, 0
2.00, 5.70, 17.18, 17.18, -436.51, 20.00, 4.63, 12.78, 8.35, 0.00, 0.00, 0.00, 0.00, 90.00, 0, 0
2.00, 5.70, 16.98, 16.98, -468.62, 20.00, 4.63, 12.78, 8.25, 0.00, 0.00, 0.00, 0.00, 90.00, 0, 0
2.00, 5.70, 16.80, 16.80, -497.17, 20.00, 4.63, 12.78, 8.25, 0.00, 0.00, 0.00, 0.00, 90.00, 0, 0
2.00, 5.70, 16.59, 16.59, -530.83, 20.00, 4.63, 12.22, 7.75, 0.00, 0.00, 0.00, 0.00, 90.00, 0, 0
2.00, 5.70, 16.39, 16.39, -559.17, 20.00, 4.63, 12.22, 7.75, 0.00, 0.00, 0.00, 0.00, 90.00, 0, 0
2.00, 5.70, 16.17, 16.17, -592.08, 20.00, 4.63, 11.67, 7.24, 0.00, 0.00, 0.00, 0.00, 90.00, 0, 0
2.00, 5.70, 15.94, 15.94, -626.07, 20.00, 4.63, 11.11, 6.74, 0.00, 0.00, 0.00, 0.00, 90.00, 0, 0
2.00, 5.70, 16.07, 16.07, -582.61, 20.00, 4.63, 12.78, 8.45, 0.00, 24.47, 47.90, -90.00, 84.93, 0, 0
2.00, 5.70, 16.73, 16.73, -434.48, 20.00, 4.63, 15.56, 11.17, 95.57, 56.73, 39.77, -79.06, 73.63, 0, 0
2.00, 5.70, 17.89, 17.89, -199.58, 20.00, 4.63, 18.33, 13.90, 261.56, 95.25, 36.75, -67.96, 62.73, 0, 0
2.00, 5.70, 19.40, 19.40, 89.56, 20.00, 4.63, 21.67, 17.15, 512.37, 110.44, 38.97, -54.70, 52.75, 0, 0
2.00, 5.70, 20.79, 20.79, 327.46, 20.00, 4.63, 23.89, 19.39, 615.92, 130.92, 45.66, -37.95, 44.51, 0, 0
2.00, 5.70, 21.77, 21.77, 464.76, 20.00, 4.63, 26.11, 21.53, 533.42, 150.72, 55.17, -16.83, 39.24, 0, 0
2.00, 5.70, 22.29, 22.29, 501.26, 20.00, 4.63, 27.22, 22.66, 372.07, 154.59, 66.26, 7.17, 38.27, 0, 0
2.00, 5.70, 22.48, 22.48, 474.72, 20.00, 4.63, 28.33, 23.79, 194.49, 144.54, 78.18, 29.84, 41.91, 0, 0
2.00, 5.70, 22.33, 22.33, 386.11, 20.00, 4.63, 28.89, 24.29, 0.00, 118.78, 0.00, 48.35, 49.11, 0, 0
2.00, 5.70, 23.27, 23.27, 540.81, 20.00, 4.63, 28.33, 23.79, 0.00, 94.10, 0.00, 62.87, 58.51, 0, 0
2.00, 5.70, 24.43, 24.43, 727.43, 20.00, 4.63, 27.22, 22.66, 0.00, 64.56, 0.00, 74.71, 69.10, 0, 0
2.00, 5.70, 24.47, 24.47, 667.03, 20.00, 4.63, 25.56, 20.90, 0.00, 31.81, 0.00, 85.07, 80.29, 0, 0
2.00, 5.70, 23.10, 23.10, 325.37, 20.00, 4.63, 23.89, 19.39, 0.00, 7.65, 0.00, 0.00, 90.00, 0, 0
2.00, 5.70, 22.89, 22.89, 265.36, 20.00, 4.63, 22.78, 18.27, 0.00, 0.00, 0.00, 0.00, 90.00, 0, 0
2.00, 5.70, 22.80, 22.80, 232.52, 20.00, 4.63, 21.67, 17.15, 0.00, 0.00, 0.00, 0.00, 90.00, 0, 0
2.00, 5.70, 22.67, 22.67, 193.40, 20.00, 4.63, 20.00, 15.52, 0.00, 0.00, 0.00, 0.00, 90.00, 0, 0
2.00, 5.70, 22.50, 22.50, 149.35, 20.00, 4.63, 18.89, 14.29, 0.00, 0.00, 0.00, 0.00, 90.00, 0, 0
2.00, 5.70, 22.29, 22.29, 99.38, 20.00, 4.63, 17.78, 13.18, 0.00, 0.00, 0.00, 0.00, 90.00, 0, 0
2.00, 5.70, 22.04, 22.04, 44.04, 20.00, 4.63, 16.67, 12.07, 0.00, 0.00, 0.00, 0.00, 90.00, 0, 0
2.00, 5.70, 21.71, 21.71, -22.71, 20.00, 4.63, 15.00, 10.46, 0.00, 0.00, 0.00, 0.00, 90.00, 0, 0
2.00, 5.70, 21.37, 21.37, -88.76, 20.00, 4.63, 13.89, 9.35, 0.00, 0.00, 0.00, 0.00, 90.00, 0, 0
2.00, 5.70, 21.00, 21.00, -156.14, 20.00, 4.63, 12.78, 8.25, 0.00, 0.00, 0.00, 0.00, 90.00, 0, 0
2.00, 5.70, 20.57, 20.57, -232.26, 20.00, 4.63, 11.11, 6.54, 0.00, 0.00, 0.00, 0.00, 90.00, 0, 0
2.00, 5.70, 20.13, 20.13, -305.33, 20.00, 4.63, 10.00, 5.44, 0.00, 0.00, 0.00, 0.00, 90.00, 0, 0
2.00, 5.70, 20.21, 20.21, -264.49, 20.00, 4.63, 12.22, 7.64, 0.00, 35.17, 47.89, -90.00, 85.12, 0, 0
2.00, 5.70, 20.71, 20.71, -146.52, 20.00, 4.63, 14.44, 9.85, 125.84, 56.03, 39.36, -78.69, 73.83, 0, 0
2.00, 5.70, 21.69, 21.69, 60.12, 20.00, 4.63, 17.22, 12.68, 301.49, 89.99, 36.35, -67.57, 62.95, 0, 0
2.00, 5.70, 23.04, 23.04, 321.38, 20.00, 4.63, 20.00, 15.41, 544.43, 109.16, 38.62, -54.29, 53.01, 0, 0
2.00, 5.70, 24.29, 24.29, 540.89, 20.00, 4.63, 22.78, 18.15, 650.69, 128.75, 45.38, -37.56, 44.82, 0, 0
2.00, 5.70, 25.01, 25.01, 633.35, 20.00, 4.63, 24.44, 19.77, 533.87, 149.31, 54.95, -16.55, 39.61, 0, 0
2.00, 5.70, 25.35, 25.35, 644.65, 20.00, 4.63, 25.56, 20.90, 377.30, 152.77, 66.08, 7.26, 38.68, 0, 0
2.00, 5.70, 25.40, 25.40, 603.01, 20.00, 4.63, 26.67, 22.03, 203.59, 145.50, 78.02, 29.75, 42.32, 0, 0
2.00, 5.70, 25.07, 25.07, 491.56, 20.00, 4.63, 26.67, 22.03, 0.00, 123.37, 0.00, 48.15, 49.50, 0, 0
2.00, 5.70, 25.74, 25.74, 604.54, 20.00, 4.63, 26.11, 21.40, 0.00, 99.63, 0.00, 62.64, 58.87, 0, 0
2.00, 5.70, 26.59, 26.59, 742.87, 20.00, 4.63, 25.00, 20.27, 0.00, 72.70, 0.00, 74.47, 69.45, 0, 0
2.00, 5.70, 26.17, 26.17, 606.43, 20.00, 4.63, 22.78, 18.15, 0.00, 33.04, 0.00, 84.82, 80.62, 0, 0
2.00, 5.70, 24.96, 24.96, 321.27, 20.00, 4.63, 21.67, 17.03, 0.00, 6.12, 0.00, 0.00, 90.00, 0, 0
2.00, 5.70, 24.64, 24.64, 255.28, 20.00, 4.63, 20.56, 16.03, 0.00, 0.00, 0.00, 0.00, 90.00, 0, 0
2.00, 5.70, 24.42, 24.42, 211.74, 20.00, 4.63, 19.44, 14.91, 0.00, 0.00, 0.00, 0.00, 90.00, 0, 0
2.00, 5.70, 24.19, 24.19, 167.65, 20.00, 4.63, 18.33, 13.79, 0.00, 0.00, 0.00, 0.00, 90.00, 0, 0
2.00, 5.70, 23.87, 23.87, 106.25, 20.00, 4.63, 16.67, 12.07, 0.00, 0.00, 0.00, 0.00, 90.00, 0, 0
2.00, 5.70, 23.52, 23.52, 44.14, 20.00, 4.63, 15.56, 10.96, 0.00, 0.00, 0.00, 0.00, 90.00, 0, 0
2.00, 5.70, 23.18, 23.18, -13.81, 20.00, 4.63, 15.00, 10.34, 0.00, 0.00, 0.00, 0.00, 90.00, 0, 0
2.00, 5.70, 22.79, 22.79, -78.37, 20.00, 4.63, 13.89, 9.24, 0.00, 0.00, 0.00, 0.00, 90.00, 0, 0
2.00, 5.70, 22.38, 22.38, -145.92, 20.00, 4.63, 12.78, 8.25, 0.00, 0.00, 0.00, 0.00, 90.00, 0, 0
2.00, 5.70, 21.97, 21.97, -208.55, 20.00, 4.63, 12.22, 7.64, 0.00, 0.00, 0.00, 0.00, 90.00, 0, 0
2.00, 5.70, 21.52, 21.52, -276.39, 20.00, 4.63, 11.11, 6.54, 0.00, 0.00, 0.00, 0.00, 90.00, 0, 0
2.00, 5.70, 21.05, 21.05, -345.81, 20.00, 4.63, 10.00, 5.44, 0.00, 0.00, 0.00, 0.00, 90.00, 0, 0
2.00, 5.70, 20.93, 20.93, -337.08, 20.00, 4.63, 11.67, 7.14, 0.00, 19.88, 47.87, -90.00, 85.31, 0, 0
2.00, 5.70, 21.44, 21.44, -203.33, 20.00, 4.63, 13.89, 9.35, 115.22, 55.80, 38.95, -78.31, 74.03, 0, 0
2.00, 5.70, 22.21, 22.21, -31.15, 20.00, 4.63, 16.67, 12.07, 208.53, 95.34, 35.95, -67.17, 63.17, 0, 0
2.00, 5.70, 23.28, 23.28, 184.65, 20.00, 4.63, 18.89, 14.29, 376.64, 121.03, 38.27, -53.89, 53.27, 0, 0
2.00, 5.70, 24.17, 24.17, 344.82, 20.00, 4.63, 21.11, 16.41, 369.29, 156.29, 45.10, -37.18, 45.13, 0, 0
2.00, 5.70, 24.90, 24.90, 461.51, 20.00, 4.63, 22.78, 18.15, 367.73, 167.79, 54.73, -16.27, 39.98, 0, 0
2.00, 5.70, 25.47, 25.47, 538.13, 20.00, 4.63, 24.44, 19.77, 331.03, 169.03, 65.90, 7.34, 39.09, 0, 0
2.00, 5.70, 25.48, 25.48, 496.44, 20.00, 4.63, 25.00, 20.27, 133.94, 163.69, 77.87, 29.65, 42.73, 0, 0
2.00, 5.70, 25.17, 25.17, 398.59, 20.00, 4.63, 25.00, 20.27, 0.00, 132.09, 0.00, 47.96, 49.88, 0, 0
2.00, 5.70, 25.63, 25.63, 475.39, 20.00, 4.63, 25.00, 20.27, 0.00, 103.39, 0.00, 62.40, 59.23, 0, 0
2.00, 5.70, 25.84, 25.84, 491.39, 20.00, 4.63, 23.89, 19.14, 0.00, 73.92, 0.00, 74.22, 69.79, 0, 0
2.00, 5.70, 25.68, 25.68, 432.07, 20.00, 4.63, 22.22, 17.53, 0.00, 37.17, 0.00, 84.58, 80.96, 0, 0
2.00, 5.70, 24.64, 24.64, 195.31, 20.00, 4.63, 20.56, 15.91, 0.00, 7.65, 0.00, 0.00, 90.00, 0, 0
2.00, 5.70, 24.29, 24.29, 131.23, 20.00, 4.63, 19.44, 14.79, 0.00, 0.00, 0.00, 0.00, 90.00, 0, 0
2.00, 5.70, 24.01, 24.01, 81.99, 20.00, 4.63, 17.78, 13.06, 0.00, 0.00, 0.00, 0.00, 90.00, 0, 0
2.00, 5.70, 23.73, 23.73, 36.47, 20.00, 4.63, 16.67, 11.95, 0.00, 0.00, 0.00, 0.00, 90.00, 0, 0
2.00, 5.70, 23.37, 23.37, -25.79, 20.00, 4.63, 15.00, 10.34, 0.00, 0.00, 0.00, 0.00, 90.00, 0, 0
2.00, 5.70, 22.99, 22.99, -87.64, 20.00, 4.63, 13.89, 9.12, 0.00, 0.00, 0.00, 0.00, 90.00, 0, 0
2.00, 5.70, 22.58, 22.58, -151.66, 20.00, 4.63, 12.78, 8.01, 0.00, 0.00, 0.00, 0.00, 90.00, 0, 0
2.00, 5.70, 22.12, 22.12, -225.36, 20.00, 4.63, 11.11, 6.30, 0.00, 0.00, 0.00, 0.00, 90.00, 0, 0
2.00, 5.70, 21.60, 21.60, -304.08, 20.00, 4.63, 9.44, 4.72, 0.00, 0.00, 0.00, 0.00, 90.00, 0, 0
2.00, 5.70, 21.09, 21.09, -379.65, 20.00, 4.63, 8.33, 3.50, 0.00, 0.00, 0.00, 0.00, 90.00, 0, 0
2.00, 5.70, 20.52, 20.52, -461.89, 20.00, 4.63, 6.67, 1.93, 0.00, 0.00, 0.00, 0.00, 90.00, 0, 0
2.00, 5.70, 19.99, 19.99, -533.58, 20.00, 4.63, 6.11, 1.33, 0.00, 0.00, 0.00, 0.00, 90.00, 0, 0
2.00, 5.70, 19.70, 19.70, -550.53, 20.00, 4.63, 6.11, 1.33, 0.00, 18.35, 47.86, -90.00, 85.50, 0, 0
2.00, 5.70, 19.90, 19.90, -469.24, 20.00, 4.63, 7.22, 2.53, 59.84, 57.55, 38.54, -77.93, 74.22, 0, 0
2.00, 5.70, 20.75, 20.75, -265.04, 20.00, 4.63, 9.44, 4.72, 269.06, 93.80, 35.54, -66.78, 63.39, 0, 0
2.00, 5.70, 21.84, 21.84, -31.92, 20.00, 4.63, 11.11, 6.42, 509.99, 112.94, 37.92, -53.49, 53.53, 0, 0
2.00, 5.70, 22.68, 22.68, 128.34, 20.00, 4.63, 12.78, 8.13, 522.27, 146.99, 44.82, -36.81, 45.45, 0, 0
2.00, 5.70, 23.23, 23.23, 214.39, 20.00, 4.63, 14.44, 9.73, 496.10, 153.06, 54.51, -15.99, 40.36, 0, 0
2.00, 5.70, 23.36, 23.36, 210.59, 20.00, 4.63, 15.00, 10.34, 385.23, 147.91, 65.72, 7.43, 39.50, 0, 0
2.00, 5.70, 23.10, 23.10, 132.02, 20.00, 4.63, 15.56, 10.84, 199.45, 137.41, 77.71, 29.56, 43.14, 0, 0
2.00, 5.70, 22.56, 22.56, 6.03, 20.00, 4.63, 15.56, 10.84, 0.00, 121.07, 0.00, 47.76, 50.27, 0, 0
2.00, 5.70, 22.92, 22.92, 84.38, 20.00, 4.63, 15.00, 10.34, 0.00, 100.96, 0.00, 62.17, 59.59, 0, 0
2.00, 5.70, 23.24, 23.24, 142.45, 20.00, 4.63, 13.89, 9.24, 0.00, 65.88, 0.00, 73.98, 70.13, 0, 0
2.00, 5.70, 23.02, 23.02, 82.72, 20.00, 4.63, 12.22, 7.64, 0.00, 28.03, 0.00, 84.33, 81.29, 0, 0
2.00, 5.70, 21.55, 21.55, -228.83, 20.00, 4.63, 11.67, 7.03, 0.00, 6.12, 0.00, 0.00, 90.00, 0, 0
2.00, 5.70, 21.08, 21.08, -299.78, 20.00, 4.63, 11.11, 6.54, 0.00, 0.00, 0.00, 0.00, 90.00, 0, 0
2.00, 5.70, 20.72, 20.72, -346.24, 20.00, 4.63, 10.56, 6.04, 0.00, 0.00, 0.00, 0.00, 90.00, 0, 0
2.00, 5.70, 20.34, 20.34, -396.68, 20.00, 4.63, 9.44, 4.94, 0.00, 0.00, 0.00, 0.00, 90.00, 0, 0
2.00, 5.70, 19.94, 19.94, -449.17, 20.00, 4.63, 9.44, 4.94, 0.00, 0.00, 0.00, 0.00, 90.00, 0, 0
2.00, 5.70, 19.49, 19.49, -511.08, 20.00, 4.63, 8.33, 3.84, 0.00, 0.00, 0.00, 0.00, 90.00, 0, 0
2.00, 5.70, 19.12, 19.12, -555.11, 20.00, 4.63, 8.89, 4.34, 0.00, 0.00, 0.00, 0.00, 90.00, 0, 0
2.00, 5.70, 18.77, 18.77, -591.45, 20.00, 4.63, 9.44, 4.94, 0.00, 0.00, 0.00, 0.00, 90.00, 0, 0
2.00, 5.70, 18.49, 18.49, -615.79, 20.00, 4.63, 10.56, 5.93, 0.00, 0.00, 0.00, 0.00, 90.00, 0, 0
2.00, 5.70, 18.21, 18.21, -639.70, 20.00, 4.63, 11.11, 6.54, 0.00, 0.00, 0.00, 0.00, 90.00, 0, 0
2.00, 5.70, 17.95, 17.95, -660.21, 20.00, 4.63, 11.67, 7.14, 0.00, 0.00, 0.00, 0.00, 90.00, 0, 0
2.00, 5.70, 17.72, 17.72, -676.17, 20.00, 4.63, 12.22, 7.85, 0.00, 0.00, 0.00, 0.00, 90.00, 0, 0
2.00, 5.70, 17.80, 17.80, -627.12, 20.00, 4.63, 13.89, 9.46, 0.00, 22.94, 47.85, -90.00, 85.69, 0, 0
2.00, 5.70, 18.08, 18.08, -543.13, 20.00, 4.63, 15.56, 11.17, 11.87, 50.53, 38.13, -77.56, 74.43, 0, 0
2.00, 5.70, 18.40, 18.40, -461.12, 20.00, 4.63, 16.67, 12.28, 7.35, 76.53, 35.14, -66.40, 63.62, 0, 0
2.00, 5.70, 18.98, 18.98, -332.88, 20.00, 4.63, 17.78, 13.29, 26.79, 115.45, 37.57, -53.09, 53.79, 0, 0
2.00, 5.70, 19.93, 19.93, -139.03, 20.00, 4.63, 19.44, 15.02, 101.06, 158.89, 44.54, -36.43, 45.76, 0, 0
2.00, 5.70, 20.96, 20.96, 54.11, 20.00, 4.63, 21.67, 17.15, 188.21, 179.64, 54.30, -15.72, 40.73, 0, 0
2.00, 5.70, 21.54, 21.54, 140.01, 20.00, 4.63, 22.78, 18.27, 134.52, 183.50, 65.54, 7.51, 39.91, 0, 0
2.00, 5.70, 21.92, 21.92, 181.27, 20.00, 4.63, 23.89, 19.27, 82.28, 173.73, 77.55, 29.47, 43.54, 0, 0
2.00, 5.70, 21.92, 21.92, 146.70, 20.00, 4.63, 25.00, 20.40, 0.72, 139.50, 89.90, 47.57, 50.65, 0, 0
2.00, 5.70, 22.45, 22.45, 229.93, 20.00, 4.63, 25.00, 20.40, 0.00, 106.92, 0.00, 61.94, 59.95, 0, 0
2.00, 5.70, 23.29, 23.29, 372.33, 20.00, 4.63, 24.44, 19.90, 0.00, 64.09, 0.00, 73.73, 70.48, 0, 0
2.00, 5.70, 23.56, 23.56, 384.95, 20.00, 4.63, 23.33, 18.77, 0.00, 30.04, 0.00, 84.09, 81.63, 0, 0
2.00, 5.70, 22.23, 22.23, 69.56, 20.00, 4.63, 22.22, 17.65, 0.00, 7.65, 0.00, 0.00, 90.00, 0, 0
2.00, 5.70, 21.99, 21.99, 17.35, 20.00, 4.63, 21.11, 16.53, 0.00, 0.00, 0.00, 0.00, 90.00, 0, 0
2.00, 5.70, 21.86, 21.86, -9.77, 20.00, 4.63, 20.00, 15.41, 0.00, 0.00, 0.00, 0.00, 90.00, 0, 0
2.00, 5.70, 21.73, 21.73, -35.59, 20.00, 4.63, 18.89, 14.29, 0.00, 0.00, 0.00, 0.00, 90.00, 0, 0
2.00, 5.70, 21.56, 21.56, -69.88, 20.00, 4.63, 17.78, 13.18, 0.00, 0.00, 0.00, 0.00, 90.00, 0, 0
2.00, 5.70, 21.34, 21.34, -110.17, 20.00, 4.63, 16.67, 11.95, 0.00, 0.00, 0.00, 0.00, 90.00, 0, 0
2.00, 5.70, 21.06, 21.06, -162.52, 20.00, 4.63, 15.00, 10.34, 0.00, 0.00, 0.00, 0.00, 90.00, 0, 0
2.00, 5.70, 20.72, 20.72, -222.12, 20.00, 4.63, 13.33, 8.74, 0.00, 0.00, 0.00, 0.00, 90.00, 0, 0
2.00, 5.70, 20.34, 20.34, -287.47, 20.00, 4.63, 11.67, 7.03, 0.00, 0.00, 0.00, 0.00, 90.00, 0, 0
2.00, 5.70, 19.91, 19.91, -357.47, 20.00, 4.63, 10.00, 5.32, 0.00, 0.00, 0.00, 0.00, 90.00, 0, 0
2.00, 5.70, 19.45, 19.45, -431.29, 20.00, 4.63, 8.33, 3.74, 0.00, 0.00, 0.00, 0.00, 90.00, 0, 0
2.00, 5.70, 18.94, 18.94, -508.98, 20.00, 4.63, 6.67, 2.04, 0.00, 0.00, 0.00, 0.00, 90.00, 0, 0
2.00, 5.70, 18.92, 18.92, -481.84, 20.00, 4.63, 8.33, 3.74, 0.00, 30.59, 45.10, -87.26, 85.89, 0, 0
2.00, 5.70, 19.38, 19.38, -361.11, 20.00, 4.63, 10.56, 5.93, 124.03, 55.09, 37.72, -77.18, 74.63, 0, 0
2.00, 5.70, 20.33, 20.33, -152.38, 20.00, 4.63, 13.33, 8.63, 314.36, 86.29, 34.73, -66.01, 63.84, 0, 0
2.00, 5.70, 21.53, 21.53, 88.65, 20.00, 4.63, 16.11, 11.33, 515.02, 108.81, 37.22, -52.70, 54.06, 0, 0
2.00, 5.70, 22.63, 22.63, 285.47, 20.00, 4.63, 18.33, 13.55, 581.67, 135.94, 44.27, -36.07, 46.08, 0, 0
2.00, 5.70, 23.40, 23.40, 400.62, 20.00, 4.63, 20.00, 15.29, 529.54, 155.33, 54.08, -15.46, 41.11, 0, 0
2.00, 5.70, 23.71, 23.71, 417.08, 20.00, 4.63, 21.67, 16.90, 394.48, 151.47, 65.37, 7.60, 40.32, 0, 0
2.00, 5.70, 23.65, 23.65, 358.50, 20.00, 4.63, 22.22, 17.39, 179.66, 149.92, 77.40, 29.38, 43.95, 0, 0
2.00, 5.70, 23.27, 23.27, 248.25, 20.00, 4.63, 22.22, 17.39, 2.63, 128.15, 89.75, 47.38, 51.04, 0, 0
2.00, 5.70, 23.74, 23.74, 327.50, 20.00, 4.63, 21.67, 16.90, 0.00, 91.88, 0.00, 61.71, 60.31, 0, 0
2.00, 5.70, 24.51, 24.51, 461.96, 20.00, 4.63, 20.56, 15.78, 0.00, 68.67, 0.00, 73.49, 70.82, 0, 0
2.00, 5.70, 23.96, 23.96, 308.82, 20.00, 4.63, 18.89, 14.04, 0.00, 28.65, 0.00, 83.84, 81.96, 0, 0
2.00, 5.70, 22.78, 22.78, 43.58, 20.00, 4.63, 17.22, 12.44, 0.00, 4.59, 0.00, 0.00, 90.00, 0, 0
2.00, 5.70, 22.42, 22.42, -21.41, 20.00, 4.63, 16.11, 11.45, 0.00, 0.00, 0.00, 0.00, 90.00, 0, 0
2.00, 5.70, 22.14, 22.14, -66.98, 20.00, 4.63, 15.00, 10.22, 0.00, 0.00, 0.00, 0.00, 90.00, 0, 0
2.00, 5.70, 21.86, 21.86, -113.06, 20.00, 4.63, 13.89, 9.12, 0.00, 0.00, 0.00, 0.00, 90.00, 0, 0
2.00, 5.70, 21.51, 21.51, -172.27, 20.00, 4.63, 12.78, 8.01, 0.00, 0.00, 0.00, 0.00, 90.00, 0, 0
2.00, 5.70, 21.12, 21.12, -235.10, 20.00, 4.63, 11.67, 6.91, 0.00, 0.00, 0.00, 0.00, 90.00, 0, 0
2.00, 5.70, 20.70, 20.70, -301.15, 20.00, 4.63, 10.56, 5.81, 0.00, 0.00, 0.00, 0.00, 90.00, 0, 0
2.00, 5.70, 20.29, 20.29, -362.66, 20.00, 4.63, 10.00, 5.20, 0.00, 0.00, 0.00, 0.00, 90.00, 0, 0
2.00, 5.70, 19.84, 19.84, -429.94, 20.00, 4.63, 8.89, 4.11, 0.00, 0.00, 0.00, 0.00, 90.00, 0, 0
2.00, 5.70, 19.39, 19.39, -492.56, 20.00, 4.63, 8.33, 3.50, 0.00, 0.00, 0.00, 0.00, 90.00, 0, 0
2.00, 5.70, 18.91, 18.91, -560.44, 20.00, 4.63, 7.22, 2.41, 0.00, 0.00, 0.00, 0.00, 90.00, 0, 0
2.00, 5.70, 18.40, 18.40, -630.00, 20.00, 4.63, 6.11, 1.33, 0.00, 0.00, 0.00, 0.00, 90.00, 0, 0
2.00, 5.70, 18.35, 18.35, -602.10, 20.00, 4.63, 7.78, 3.02, 0.00, 29.06, 44.72, -86.89, 86.08, 0, 0
2.00, 5.70, 18.96, 18.96, -443.20, 20.00, 4.63, 10.56, 5.81, 190.14, 48.05, 37.31, -76.81, 74.83, 0, 0
2.00, 5.70, 19.73, 19.73, -268.72, 20.00, 4.63, 12.78, 8.01, 303.70, 81.45, 34.33, -65.62, 64.07, 0, 0
2.00, 5.70, 20.87, 20.87, -33.82, 20.00, 4.63, 15.56, 10.84, 464.44, 113.50, 36.88, -52.31, 54.32, 0, 0
2.00, 5.70, 22.09, 22.09, 195.07, 20.00, 4.63, 17.78, 13.06, 609.32, 133.28, 44.00, -35.70, 46.40, 0, 0
2.00, 5.70, 22.84, 22.84, 310.25, 20.00, 4.63, 19.44, 14.66, 556.28, 147.38, 53.87, -15.20, 41.48, 0, 0
2.00, 5.70, 23.20, 23.20, 338.45, 20.00, 4.63, 21.11, 16.27, 439.49, 141.10, 65.19, 7.68, 40.73, 0, 0
2.00, 5.70, 23.18, 23.18, 292.91, 20.00, 4.63, 22.22, 17.39, 222.96, 139.18, 77.24, 29.29, 44.36, 0, 0
2.00, 5.70, 22.82, 22.82, 185.87, 20.00, 4.63, 22.22, 17.39, 4.22, 124.40, 89.60, 47.19, 51.43, 0, 0
2.00, 5.70, 23.26, 23.26, 261.31, 20.00, 4.63, 21.67, 16.90, 0.00, 98.98, 0.00, 61.48, 60.68, 0, 0
2.00, 5.70, 23.79, 23.79, 347.40, 20.00, 4.63, 20.00, 15.29, 0.00, 71.51, 0.00, 73.25, 71.17, 0, 0
2.00, 5.70, 22.98, 22.98, 146.55, 20.00, 4.63, 18.33, 13.68, 0.00, 21.86, 0.00, 83.60, 82.30, 0, 0
2.00, 5.70, 22.15, 22.15, -33.79, 20.00, 4.63, 17.22, 12.56, 0.00, 1.53, 0.00, 0.00, 90.00, 0, 0
2.00, 5.70, 21.90, 21.90, -75.82, 20.00, 4.63, 16.67, 12.07, 0.00, 0.00, 0.00, 0.00, 90.00, 0, 0
2.00, 5.70, 21.71, 21.71, -104.99, 20.00, 4.63, 16.11, 11.45, 0.00, 0.00, 0.00, 0.00, 90.00, 0, 0
2.00, 5.70, 21.48, 21.48, -142.03, 20.00, 4.63, 15.00, 10.46, 0.00, 0.00, 0.00, 0.00, 90.00, 0, 0
2.00, 5.70, 21.21, 21.21, -186.22, 20.00, 4.63, 14.44, 9.85, 0.00, 0.00, 0.00, 0.00, 90.00, 0, 0
2.00, 5.70, 20.92, 20.92, -231.45, 20.00, 4.63, 13.89, 9.35, 0.00, 0.00, 0.00, 0.00, 90.00, 0, 0
2.00, 5.70, 20.61, 20.61, -278.16, 20.00, 4.63, 13.33, 8.74, 0.00, 0.00, 0.00, 0.00, 90.00, 0, 0
2.00, 5.70, 20.29, 20.29, -325.91, 20.00, 4.63, 12.78, 8.13, 0.00, 0.00, 0.00, 0.00, 90.00, 0, 0
2.00, 5.70, 19.99, 19.99, -366.78, 20.00, 4.63, 12.78, 8.13, 0.00, 0.00, 0.00, 0.00, 90.00, 0, 0
2.00, 5.70, 19.67, 19.67, -411.41, 20.00, 4.63, 12.22, 7.64, 0.00, 0.00, 0.00, 0.00, 90.00, 0, 0
2.00, 5.70, 19.34, 19.34, -456.67, 20.00, 4.63, 11.67, 7.14, 0.00, 0.00, 0.00, 0.00, 90.00, 0, 0
2.00, 5.70, 18.99, 18.99, -501.67, 20.00, 4.63, 11.11, 6.64, 0.00, 0.00, 0.00, 0.00, 90.00, 0, 0
2.00, 5.70, 18.90, 18.90, -493.78, 20.00, 4.63, 12.22, 7.75, 0.00, 13.76, 44.35, -86.52, 86.27, 0, 0
2.00, 5.70, 19.20, 19.20, -406.37, 20.00, 4.63, 13.89, 9.46, 26.68, 50.36, 36.90, -76.43, 75.03, 0, 0
2.00, 5.70, 19.48, 19.48, -333.50, 20.00, 4.63, 15.00, 10.57, 22.00, 78.89, 33.92, -65.24, 64.30, 0, 0
2.00, 5.70, 19.19, 19.19, -389.07, 20.00, 4.63, 15.00, 10.57, 3.70, 46.11, 36.53, -51.92, 54.59, 0, 0
2.00, 5.70, 19.84, 19.84, -241.70, 20.00, 4.63, 16.11, 11.68, 31.74, 113.86, 43.72, -35.34, 46.72, 0, 0
2.00, 5.70, 21.06, 21.06, 9.83, 20.00, 4.63, 18.33, 13.79, 145.38, 180.00, 53.65, -14.94, 41.86, 0, 0
2.00, 5.70, 21.11, 21.11, -7.22, 20.00, 4.63, 18.89, 14.41, 46.64, 152.39, 65.01, 7.76, 41.14, 0, 0
2.00, 5.70, 21.66, 21.66, 90.29, 20.00, 4.63, 20.00, 15.52, 95.89, 165.33, 77.08, 29.20, 44.77, 0, 0
2.00, 5.70, 21.68, 21.68, 66.90, 20.00, 4.63, 21.11, 16.53, 3.17, 142.23, 89.45, 47.01, 51.82, 0, 0
2.00, 5.70, 21.91, 21.91, 95.63, 20.00, 4.63, 21.11, 16.64, 0.00, 110.04, 0.00, 61.25, 61.04, 0, 0
2.00, 5.70, 21.76, 21.76, 43.65, 20.00, 4.63, 20.56, 16.03, 0.00, 66.56, 0.00, 73.01, 71.51, 0, 0
2.00, 5.70, 21.26, 21.26, -71.38, 20.00, 4.63, 19.44, 15.02, 0.00, 23.55, 0.00, 83.35, 82.64, 0, 0
2.00, 5.70, 20.83, 20.83, -161.73, 20.00, 4.63, 18.89, 14.41, 0.00, 3.06, 0.00, 0.00, 90.00, 0, 0
2.00, 5.70, 20.62, 20.62, -197.06, 20.00, 4.63, 17.78, 13.40, 0.00, 0.00, 0.00, 0.00, 90.00, 0, 0
2.00, 5.70, 20.47, 20.47, -218.63, 20.00, 4.63, 17.22, 12.79, 0.00, 0.00, 0.00, 0.00, 90.00, 0, 0
2.00, 5.70, 20.32, 20.32, -240.09, 20.00, 4.63, 16.67, 12.28, 0.00, 0.00, 0.00, 0.00, 90.00, 0, 0
2.00, 5.70, 20.10, 20.10, -275.68, 20.00, 4.63, 15.56, 11.17, 0.00, 0.00, 0.00, 0.00, 90.00, 0, 0
2.00, 5.70, 19.88, 19.88, -308.98, 20.00, 4.63, 15.00, 10.57, 0.00, 0.00, 0.00, 0.00, 90.00, 0, 0
2.00, 5.70, 19.65, 19.65, -342.86, 20.00, 4.63, 14.44, 9.96, 0.00, 0.00, 0.00, 0.00, 90.00, 0, 0
2.00, 5.70, 19.41, 19.41, -377.44, 20.00, 4.63, 13.89, 9.46, 0.00, 0.00, 0.00, 0.00, 90.00, 0, 0
2.00, 5.70, 19.12, 19.12, -420.22, 20.00, 4.63, 12.78, 8.35, 0.00, 0.00, 0.00, 0.00, 90.00, 0, 0
2.00, 5.70, 18.83, 18.83, -459.94, 20.00, 4.63, 12.22, 7.75, 0.00, 0.00, 0.00, 0.00, 90.00, 0, 0
2.00, 5.70, 18.51, 18.51, -505.99, 20.00, 4.63, 11.11, 6.74, 0.00, 0.00, 0.00, 0.00, 90.00, 0, 0
2.00, 5.70, 18.20, 18.20, -547.97, 20.00, 4.63, 10.56, 6.14, 0.00, 0.00, 0.00, 0.00, 90.00, 0, 0
2.00, 5.70, 18.21, 18.21, -519.05, 20.00, 4.63, 11.67, 7.34, 0.00, 22.94, 43.97, -86.15, 86.46, 0, 0
2.00, 5.70, 18.41, 18.41, -456.51, 20.00, 4.63, 12.78, 8.45, 22.02, 47.62, 36.49, -76.06, 75.24, 0, 0
2.00, 5.70, 19.03, 19.03, -315.27, 20.00, 4.63, 14.44, 10.06, 72.45, 94.25, 33.52, -64.85, 64.53, 0, 0
2.00, 5.70, 19.28, 19.28, -266.00, 20.00, 4.63, 15.56, 11.17, 29.95, 108.94, 36.18, -51.53, 54.86, 0, 0
2.00, 5.70, 19.91, 19.91, -140.29, 20.00, 4.63, 16.67, 12.28, 63.92, 145.27, 43.45, -34.98, 47.04, 0, 0
2.00, 5.70, 19.98, 19.98, -140.55, 20.00, 4.63, 17.22, 12.79, 19.87, 131.55, 53.44, -14.69, 42.24, 0, 0
2.00, 5.70, 19.92, 19.92, -166.45, 20.00, 4.63, 17.22, 12.79, 5.37, 109.81, 64.84, 7.83, 41.55, 0, 0
2.00, 5.70, 19.85, 19.85, -187.73, 20.00, 4.63, 17.22, 12.79, 0.71, 94.03, 76.93, 29.11, 45.18, 0, 0
2.00, 5.70, 19.97, 19.97, -166.32, 20.00, 4.63, 17.22, 12.79, 0.16, 101.39, 89.31, 46.82, 52.20, 0, 0
2.00, 5.70, 20.04, 20.04, -158.58, 20.00, 4.63, 16.67, 12.28, 0.00, 94.69, 0.00, 61.02, 61.40, 0, 0
2.00, 5.70, 19.66, 19.66, -243.67, 20.00, 4.63, 16.11, 11.68, 0.00, 46.84, 0.00, 72.77, 71.86, 0, 0
2.00, 5.70, 19.21, 19.21, -335.10, 20.00, 4.63, 15.56, 11.17, 0.00, 12.23, 0.00, 83.11, 82.97, 0, 0
2.00, 5.70, 18.91, 18.91, -385.30, 20.00, 4.63, 15.00, 10.57, 0.00, 1.53, 0.00, 0.00, 90.00, 0, 0
2.00, 5.70, 18.69, 18.69, -416.03, 20.00, 4.63, 14.44, 10.06, 0.00, 0.00, 0.00, 0.00, 90.00, 0, 0
2.00, 5.70, 18.49, 18.49, -441.70, 20.00, 4.63, 13.89, 9.56, 0.00, 0.00, 0.00, 0.00, 90.00, 0, 0
2.00, 5.70, 18.28, 18.28, -468.43, 20.00, 4.63, 13.33, 8.95, 0.00, 0.00, 0.00, 0.00, 90.00, 0, 0
2.00, 5.70, 18.03, 18.03, -503.19, 20.00, 4.63, 12.78, 8.35, 0.00, 0.00, 0.00, 0.00, 90.00, 0, 0
2.00, 5.70, 17.78, 17.78, -536.97, 20.00, 4.63, 12.22, 7.85, 0.00, 0.00, 0.00, 0.00, 90.00, 0, 0
2.00, 5.70, 17.52, 17.52, -570.75, 20.00, 4.63, 11.67, 7.24, 0.00, 0.00, 0.00, 0.00, 90.00, 0, 0
2.00, 5.70, 17.29, 17.29, -597.49, 20.00, 4.63, 11.67, 7.24, 0.00, 0.00, 0.00, 0.00, 90.00, 0, 0
2.00, 5.70, 17.04, 17.04, -628.42, 20.00, 4.63, 11.11, 6.74, 0.00, 0.00, 0.00, 0.00, 90.00, 0, 0
2.00, 5.70, 16.81, 16.81, -653.68, 20.00, 4.63, 11.11, 6.74, 0.00, 0.00, 0.00, 0.00, 90.00, 0, 0
2.00, 5.70, 16.55, 16.55, -683.90, 20.00, 4.63, 10.56, 6.14, 0.00, 0.00, 0.00, 0.00, 90.00, 0, 0
2.00, 5.70, 16.28, 16.28, -715.15, 20.00, 4.63, 10.00, 5.64, 0.00, 0.00, 0.00, 0.00, 90.00, 0, 0
2.00, 5.70, 16.25, 16.25, -697.60, 20.00, 4.63, 11.11, 6.74, 0.00, 12.23, 43.59, -85.79, 86.66, 0, 0
2.00, 5.70, 16.91, 16.91, -536.44, 20.00, 4.63, 13.33, 9.05, 117.85, 50.03, 36.08, -75.69, 75.44, 0, 0
2.00, 5.70, 17.85, 17.85, -337.40, 20.00, 4.63, 15.56, 11.27, 229.23, 89.39, 33.11, -64.47, 64.76, 0, 0
2.00, 5.70, 19.32, 19.32, -43.96, 20.00, 4.63, 18.33, 14.01, 460.12, 122.31, 35.84, -51.15, 55.13, 0, 0
2.00, 5.70, 20.48, 20.48, 156.47, 20.00, 4.63, 20.56, 16.14, 486.93, 150.03, 43.19, -34.63, 47.37, 0, 0
2.00, 5.70, 21.14, 21.14, 241.97, 20.00, 4.63, 22.22, 17.87, 374.51, 163.15, 53.23, -14.44, 42.62, 0, 0
2.00, 5.70, 21.57, 21.57, 278.93, 20.00, 4.63, 23.33, 18.89, 261.90, 165.28, 64.66, 7.91, 41.97, 0, 0
2.00, 5.70, 21.72, 21.72, 261.83, 20.00, 4.63, 23.89, 19.50, 151.57, 150.01, 76.77, 29.02, 45.59, 0, 0
2.00, 5.70, 21.64, 21.64, 203.04, 20.00, 4.63, 24.44, 20.01, 7.50, 131.28, 89.16, 46.64, 52.59, 0, 0
2.00, 5.70, 21.92, 21.92, 230.19, 20.00, 4.63, 23.33, 18.89, 0.00, 106.86, 0.00, 60.80, 61.77, 0, 0
2.00, 5.70, 22.01, 22.01, 217.38, 20.00, 4.63, 22.22, 17.87, 0.00, 65.68, 0.00, 72.53, 72.21, 0, 0
2.00, 5.70, 21.38, 21.38, 58.73, 20.00, 4.63, 20.56, 16.24, 0.00, 35.17, 0.00, 82.86, 83.31, 0, 0
2.00, 5.70, 21.06, 21.06, -18.77, 20.00, 4.63, 20.00, 15.63, 0.00, 4.59, 0.00, 0.00, 90.00, 0, 0
2.00, 5.70, 20.92, 20.92, -49.68, 20.00, 4.63, 19.44, 15.12, 0.00, 0.00, 0.00, 0.00, 90.00, 0, 0
2.00, 5.70, 20.80, 20.80, -76.35, 20.00, 4.63, 18.33, 14.01, 0.00, 0.00, 0.00, 0.00, 90.00, 0, 0
2.00, 5.70, 20.68, 20.68, -101.78, 20.00, 4.63, 17.78, 13.50, 0.00, 0.00, 0.00, 0.00, 90.00, 0, 0
2.00, 5.70, 20.52, 20.52, -133.94, 20.00, 4.63, 17.22, 12.89, 0.00, 0.00, 0.00, 0.00, 90.00, 0, 0
2.00, 5.70, 20.34, 20.34, -168.30, 20.00, 4.63, 16.67, 12.28, 0.00, 0.00, 0.00, 0.00, 90.00, 0, 0
2.00, 5.70, 20.14, 20.14, -204.38, 20.00, 4.63, 16.11, 11.78, 0.00, 0.00, 0.00, 0.00, 90.00, 0, 0
2.00, 5.70, 19.92, 19.92, -241.98, 20.00, 4.63, 15.56, 11.17, 0.00, 0.00, 0.00, 0.00, 90.00, 0, 0
2.00, 5.70, 19.69, 19.69, -280.56, 20.00, 4.63, 15.00, 10.57, 0.00, 0.00, 0.00, 0.00, 90.00, 0, 0
2.00, 5.70, 19.45, 19.45, -319.43, 20.00, 4.63, 14.44, 10.06, 0.00, 0.00, 0.00, 0.00, 90.00, 0, 0
2.00, 5.70, 19.17, 19.17, -365.47, 20.00, 4.63, 13.33, 9.05, 0.00, 0.00, 0.00, 0.00, 90.00, 0, 0
2.00, 5.70, 18.89, 18.89, -407.75, 20.00, 4.63, 12.78, 8.45, 0.00, 0.00, 0.00, 0.00, 90.00, 0, 0
2.00, 5.70, 18.89, 18.89, -388.96, 20.00, 4.63, 13.89, 9.56, 0.00, 18.35, 43.21, -85.42, 86.85, 0, 0
2.00, 5.70, 19.54, 19.54, -237.99, 20.00, 4.63, 16.11, 11.87, 138.88, 47.50, 35.68, -75.32, 75.65, 0, 0
2.00, 5.70, 20.42, 20.42, -58.78, 20.00, 4.63, 18.33, 14.10, 222.30, 89.30, 32.71, -64.10, 64.99, 0, 0
2.00, 5.70, 21.75, 21.75, 201.43, 20.00, 4.63, 21.11, 16.85, 417.55, 120.97, 35.50, -50.77, 55.40, 0, 0
2.00, 5.70, 23.11, 23.11, 442.92, 20.00, 4.63, 23.33, 18.99, 583.04, 135.42, 42.92, -34.29, 47.69, 0, 0
2.00, 5.70, 23.87, 23.87, 541.54, 20.00, 4.63, 25.00, 20.73, 482.97, 150.20, 53.02, -14.19, 43.00, 0, 0
2.00, 5.70, 24.39, 24.39, 590.39, 20.00, 4.63, 26.67, 22.27, 394.01, 146.33, 64.49, 7.98, 42.38, 0, 0
2.00, 5.70, 24.55, 24.55, 565.95, 20.00, 4.63, 27.22, 22.88, 216.10, 143.78, 76.62, 28.93, 46.00, 0, 0
2.00, 5.70, 24.34, 24.34, 472.87, 20.00, 4.63, 27.78, 23.40, 9.90, 124.26, 89.01, 46.45, 52.98, 0, 0
2.00, 5.70, 24.75, 24.75, 526.21, 20.00, 4.63, 27.22, 22.88, 0.00, 89.87, 0.00, 60.57, 62.13, 0, 0
2.00, 5.70, 25.41, 25.41, 624.17, 20.00, 4.63, 26.11, 21.86, 0.00, 56.80, 0.00, 72.29, 72.55, 0, 0
2.00, 5.70, 24.33, 24.33, 354.75, 20.00, 4.63, 23.89, 19.71, 0.00, 32.12, 0.00, 82.62, 83.64, 0, 0
2.00, 5.70, 23.99, 23.99, 269.17, 20.00, 4.63, 23.33, 19.10, 0.00, 3.06, 0.00, 0.00, 90.00, 0, 0
2.00, 5.70, 23.87, 23.87, 238.29, 20.00, 4.63, 22.78, 18.58, 0.00, 0.00, 0.00, 0.00, 90.00, 0, 0
2.00, 5.70, 23.80, 23.80, 218.63, 20.00, 4.63, 22.22, 18.07, 0.00, 0.00, 0.00, 0.00, 90.00, 0, 0
2.00, 5.70, 23.68, 23.68, 188.70, 20.00, 4.63, 21.11, 16.95, 0.00, 0.00, 0.00, 0.00, 90.00, 0, 0
2.00, 5.70, 23.54, 23.54, 155.52, 20.00, 4.63, 20.56, 16.43, 0.00, 0.00, 0.00, 0.00, 90.00, 0, 0
2.00, 5.70, 23.37, 23.37, 119.31, 20.00, 4.63, 20.00, 15.83, 0.00, 0.00, 0.00, 0.00, 90.00, 0, 0
2.00, 5.70, 23.18, 23.18, 80.58, 20.00, 4.63, 19.44, 15.22, 0.00, 0.00, 0.00, 0.00, 90.00, 0, 0
2.00, 5.70, 22.96, 22.96, 40.27, 20.00, 4.63, 18.89, 14.71, 0.00, 0.00, 0.00, 0.00, 90.00, 0, 0
2.00, 5.70, 22.74, 22.74, -0.99, 20.00, 4.63, 18.33, 14.19, 0.00, 0.00, 0.00, 0.00, 90.00, 0, 0
2.00, 5.70, 22.53, 22.53, -35.92, 20.00, 4.63, 18.33, 14.10, 0.00, 0.00, 0.00, 0.00, 90.00, 0, 0
2.00, 5.70, 22.29, 22.29, -74.88, 20.00, 4.63, 17.78, 13.59, 0.00, 0.00, 0.00, 0.00, 90.00, 0, 0
2.00, 5.70, 22.04, 22.04, -114.74, 20.00, 4.63, 17.22, 13.08, 0.00, 0.00, 0.00, 0.00, 90.00, 0, 0
2.00, 5.70, 21.99, 21.99, -111.91, 20.00, 4.63, 17.78, 13.68, 0.00, 13.76, 42.84, -85.06, 87.05, 0, 0
2.00, 5.70, 22.13, 22.13, -70.67, 20.00, 4.63, 18.89, 14.80, 0.89, 37.96, 35.27, -74.95, 75.86, 0, 0
2.00, 5.70, 22.25, 22.25, -41.12, 20.00, 4.63, 19.44, 15.31, 0.00, 52.00, 32.30, -63.72, 65.22, 0, 0
2.00, 5.70, 22.41, 22.41, -5.07, 20.00, 4.63, 20.00, 15.92, 0.00, 67.29, 35.15, -50.39, 55.67, 0, 0
2.00, 5.70, 22.53, 22.53, 19.18, 20.00, 4.63, 20.56, 16.43, 0.00, 73.41, 42.65, -33.94, 48.02, 0, 0
2.00, 5.70, 22.62, 22.62, 35.35, 20.00, 4.63, 20.56, 16.43, 1.84, 77.18, 52.81, -13.95, 43.38, 0, 0
2.00, 5.70, 22.78, 22.78, 63.57, 20.00, 4.63, 21.11, 16.85, 1.37, 84.82, 64.32, 8.05, 42.79, 0, 0
2.00, 5.70, 23.11, 23.11, 126.24, 20.00, 4.63, 21.67, 17.46, 2.95, 107.01, 76.46, 28.85, 46.41, 0, 0
2.00, 5.70, 23.39, 23.39, 174.73, 20.00, 4.63, 22.22, 17.97, 1.08, 116.97, 88.86, 46.27, 53.36, 0, 0
2.00, 5.70, 23.13, 23.13, 103.45, 20.00, 4.63, 21.67, 17.46, 0.00, 66.23, 0.00, 60.35, 62.49, 0, 0
2.00, 5.70, 22.73, 22.73, 14.72, 20.00, 4.63, 21.11, 16.85, 0.00, 26.00, 0.00, 72.05, 72.89, 0, 0
2.00, 5.70, 22.43, 22.43, -43.87, 20.00, 4.63, 20.56, 16.34, 0.00, 7.65, 0.00, 82.37, 83.98, 0, 0
2.00, 5.70, 22.20, 22.20, -82.64, 20.00, 4.63, 20.00, 15.83, 0.00, 0.00, 0.00, 0.00, 90.00, 0, 0
2.00, 5.70, 22.04, 22.04, -106.15, 20.00, 4.63, 19.44, 15.22, 0.00, 0.00, 0.00, 0.00, 90.00, 0, 0
2.00, 5.70, 21.88, 21.88, -128.13, 20.00, 4.63, 18.89, 14.71, 0.00, 0.00, 0.00, 0.00, 90.00, 0, 0
2.00, 5.70, 21.72, 21.72, -151.57, 20.00, 4.63, 18.33, 14.10, 0.00, 0.00, 0.00, 0.00, 90.00, 0, 0
2.00, 5.70, 21.52, 21.52, -180.71, 20.00, 4.63, 17.78, 13.50, 0.00, 0.00, 0.00, 0.00, 90.00, 0, 0
2.00, 5.70, 21.31, 21.31, -210.19, 20.00, 4.63, 17.22, 12.89, 0.00, 0.00, 0.00, 0.00, 90.00, 0, 0
2.00, 5.70, 21.06, 21.06, -247.07, 20.00, 4.63, 16.11, 11.87, 0.00, 0.00, 0.00, 0.00, 90.00, 0, 0
2.00, 5.70, 20.78, 20.78, -288.06, 20.00, 4.63, 15.00, 10.67, 0.00, 0.00, 0.00, 0.00, 90.00, 0, 0
2.00, 5.70, 20.48, 20.48, -331.71, 20.00, 4.63, 13.89, 9.56, 0.00, 0.00, 0.00, 0.00, 90.00, 0, 0
2.00, 5.70, 20.13, 20.13, -384.68, 20.00, 4.63, 12.22, 7.94, 0.00, 0.00, 0.00, 0.00, 90.00, 0, 0
2.00, 5.70, 19.76, 19.76, -435.90, 20.00, 4.63, 11.11, 6.83, 0.00, 0.00, 0.00, 0.00, 90.00, 0, 0
2.00, 5.70, 19.38, 19.38, -488.59, 20.00, 4.63, 10.00, 5.64, 0.00, 0.00, 0.00, 0.00, 90.00, 0, 0
2.00, 5.70, 19.36, 19.36, -464.58, 20.00, 4.63, 11.11, 6.83, 0.00, 22.94, 42.47, -84.69, 87.24, 0, 0
2.00, 5.70, 19.95, 19.95, -315.84, 20.00, 4.63, 13.33, 9.05, 157.46, 45.96, 34.86, -74.58, 76.06, 0, 0
2.00, 5.70, 20.73, 20.73, -147.24, 20.00, 4.63, 15.56, 11.27, 229.88, 87.60, 31.90, -63.35, 65.45, 0, 0
2.00, 5.70, 21.56, 21.56, 18.52, 20.00, 4.63, 17.22, 12.89, 276.28, 125.44, 34.81, -50.02, 55.95, 0, 0
2.00, 5.70, 22.42, 22.42, 176.11, 20.00, 4.63, 18.89, 14.51, 310.66, 155.53, 42.39, -33.61, 48.35, 0, 0
2.00, 5.70, 23.08, 23.08, 279.38, 20.00, 4.63, 20.56, 16.14, 287.05, 169.43, 52.61, -13.72, 43.76, 0, 0
2.00, 5.70, 23.34, 23.34, 296.55, 20.00, 4.63, 21.11, 16.75, 159.59, 177.25, 64.14, 8.12, 43.20, 0, 0
2.00, 5.70, 23.37, 23.37, 267.47, 20.00, 4.63, 21.67, 17.26, 61.23, 163.32, 76.31, 28.76, 46.82, 0, 0
2.00, 5.70, 23.22, 23.22, 210.71, 20.00, 4.63, 21.67, 17.26, 8.01, 134.98, 88.70, 46.09, 53.75, 0, 0
2.00, 5.70, 23.46, 23.46, 242.10, 20.00, 4.63, 21.67, 17.26, 0.00, 92.74, 0.00, 60.13, 62.85, 0, 0
2.00, 5.70, 24.18, 24.18, 374.34, 20.00, 4.63, 20.56, 16.14, 0.00, 54.24, 0.00, 71.81, 73.24, 0, 0
2.00, 5.70, 22.89, 22.89, 70.74, 20.00, 4.63, 18.89, 14.51, 0.00, 30.59, 0.00, 82.13, 84.31, 0, 0
2.00, 5.70, 22.41, 22.41, -23.93, 20.00, 4.63, 18.33, 14.01, 0.00, 3.06, 0.00, 0.00, 90.00, 0, 0
2.00, 5.70, 22.17, 22.17, -64.45, 20.00, 4.63, 17.78, 13.40, 0.00, 0.00, 0.00, 0.00, 90.00, 0, 0
2.00, 5.70, 21.96, 21.96, -97.68, 20.00, 4.63, 16.67, 12.38, 0.00, 0.00, 0.00, 0.00, 90.00, 0, 0
2.00, 5.70, 21.76, 21.76, -128.65, 20.00, 4.63, 16.11, 11.78, 0.00, 0.00, 0.00, 0.00, 90.00, 0, 0
2.00, 5.70, 21.50, 21.50, -168.44, 20.00, 4.63, 15.56, 11.17, 0.00, 0.00, 0.00, 0.00, 90.00, 0, 0
2.00, 5.70, 21.20, 21.20, -216.53, 20.00, 4.63, 14.44, 10.06, 0.00, 0.00, 0.00, 0.00, 90.00, 0, 0
2.00, 5.70, 20.94, 20.94, -254.63, 20.00, 4.63, 14.44, 10.06, 0.00, 0.00, 0.00, 0.00, 90.00, 0, 0
2.00, 5.70, 20.65, 20.65, -296.38, 20.00, 4.63, 13.89, 9.56, 0.00, 0.00, 0.00, 0.00, 90.00, 0, 0
2.00, 5.70, 20.34, 20.34, -339.47, 20.00, 4.63, 13.33, 8.95, 0.00, 0.00, 0.00, 0.00, 90.00, 0, 0
2.00, 5.70, 20.06, 20.06, -375.86, 20.00, 4.63, 13.33, 8.95, 0.00, 0.00, 0.00, 0.00, 90.00, 0, 0
2.00, 5.70, 19.76, 19.76, -416.06, 20.00, 4.63, 12.78, 8.45, 0.00, 0.00, 0.00, 0.00, 90.00, 0, 0
2.00, 5.70, 19.47, 19.47, -449.90, 20.00, 4.63, 12.78, 8.45, 0.00, 0.00, 0.00, 0.00, 90.00, 0, 0
2.00, 5.70, 19.41, 19.41, -436.91, 20.00, 4.63, 13.33, 9.05, 0.00, 16.82, 42.10, -84.33, 87.44, 0, 0
2.00, 5.70, 20.09, 20.09, -272.79, 20.00, 4.63, 15.56, 11.27, 167.06, 44.52, 34.46, -74.22, 76.27, 0, 0
2.00, 5.70, 21.12, 21.12, -53.84, 20.00, 4.63, 18.33, 14.01, 275.23, 94.75, 31.50, -62.98, 65.69, 0, 0
2.00, 5.70, 21.14, 21.14, -67.32, 20.00, 4.63, 18.89, 14.51, 110.97, 99.62, 34.48, -49.65, 56.22, 0, 0
2.00, 5.70, 20.36, 20.36, -242.38, 20.00, 4.63, 17.22, 12.89, 8.81, 35.27, 42.13, -33.27, 48.67, 0, 0
2.00, 5.70, 20.82, 20.82, -136.63, 20.00, 4.63, 17.78, 13.40, 7.45, 103.83, 52.40, -13.49, 44.13, 0, 0
2.00, 5.70, 21.14, 21.14, -73.67, 20.00, 4.63, 18.33, 13.90, 6.92, 121.34, 63.97, 8.19, 43.60, 0, 0
2.00, 5.70, 21.28, 21.28, -53.81, 20.00, 4.63, 18.89, 14.41, 3.02, 113.18, 76.15, 28.67, 47.22, 0, 0
2.00, 5.70, 21.09, 21.09, -101.03, 20.00, 4.63, 18.33, 13.79, 0.06, 80.40, 88.55, 45.91, 54.14, 0, 0
2.00, 5.70, 21.06, 21.06, -111.38, 20.00, 4.63, 18.33, 13.79, 0.00, 72.91, 0.00, 59.91, 63.22, 0, 0
2.00, 5.70, 20.59, 20.59, -210.87, 20.00, 4.63, 17.78, 13.29, 0.00, 21.09, 0.00, 71.57, 73.58, 0, 0
2.00, 5.70, 20.28, 20.28, -266.27, 20.00, 4.63, 16.67, 12.18, 0.00, 9.18, 0.00, 81.89, 84.64, 0, 0
2.00, 5.70, 20.02, 20.02, -307.41, 20.00, 4.63, 16.11, 11.68, 0.00, 1.53, 0.00, 0.00, 90.00, 0, 0
2.00, 5.70, 19.81, 19.81, -336.36, 20.00, 4.63, 15.56, 11.07, 0.00, 0.00, 0.00, 0.00, 90.00, 0, 0
2.00, 5.70, 19.61, 19.61, -361.87, 20.00, 4.63, 15.00, 10.46, 0.00, 0.00, 0.00, 0.00, 90.00, 0, 0
2.00, 5.70, 19.37, 19.37, -394.84, 20.00, 4.63, 13.89, 9.46, 0.00, 0.00, 0.00, 0.00, 90.00, 0, 0
2.00, 5.70, 19.10, 19.10, -432.63, 20.00, 4.63, 13.33, 8.85, 0.00, 0.00, 0.00, 0.00, 90.00, 0, 0
2.00, 5.70, 18.83, 18.83, -468.62, 20.00, 4.63, 12.78, 8.25, 0.00, 0.00, 0.00, 0.00, 90.00, 0, 0
2.00, 5.70, 18.52, 18.52, -511.17, 20.00, 4.63, 11.67, 7.14, 0.00, 0.00, 0.00, 0.00, 90.00, 0, 0
2.00, 5.70, 18.19, 18.19, -556.96, 20.00, 4.63, 10.56, 6.04, 0.00, 0.00, 0.00, 0.00, 90.00, 0, 0
2.00, 5.70, 17.84, 17.84, -605.08, 20.00, 4.63, 9.44, 4.94, 0.00, 0.00, 0.00, 0.00, 90.00, 0, 0
2.00, 5.70, 17.49, 17.49, -648.14, 20.00, 4.63, 8.89, 4.34, 0.00, 0.00, 0.00, 0.00, 90.00, 0, 0
2.00, 5.70, 17.12, 17.12, -697.18, 20.00, 4.63, 7.78, 3.24, 0.00, 0.00, 0.00, 0.00, 90.00, 0, 0
2.00, 5.70, 16.71, 16.71, -749.55, 20.00, 4.63, 6.67, 2.04, 0.00, 0.00, 0.00, 0.00, 90.00, 0, 0
2.00, 5.70, 16.58, 16.58, -742.62, 20.00, 4.63, 7.22, 2.64, 0.00, 16.82, 41.73, -83.97, 87.63, 0, 0
2.00, 5.70, 16.87, 16.87, -651.94, 20.00, 4.63, 8.89, 4.34, 53.70, 47.48, 34.05, -73.86, 76.48, 0, 0
2.00, 5.70, 16.73, 16.73, -664.17, 20.00, 4.63, 9.44, 4.94, 5.83, 48.64, 31.10, -62.61, 65.93, 0, 0
2.00, 5.70, 17.34, 17.34, -516.37, 20.00, 4.63, 10.56, 6.04, 52.10, 109.29, 34.14, -49.29, 56.50, 0, 0
2.00, 5.70, 17.76, 17.76, -425.63, 20.00, 4.63, 11.67, 7.14, 42.09, 137.40, 41.87, -32.95, 49.00, 0, 0
2.00, 5.70, 18.86, 18.86, -198.24, 20.00, 4.63, 13.33, 8.85, 211.75, 177.14, 52.20, -13.26, 44.51, 0, 0
2.00, 5.70, 19.54, 19.54, -81.55, 20.00, 4.63, 15.00, 10.46, 274.36, 168.17, 63.80, 8.25, 44.01, 0, 0
2.00, 5.70, 19.49, 19.49, -120.99, 20.00, 4.63, 16.11, 11.57, 76.32, 159.83, 76.00, 28.59, 47.63, 0, 0
2.00, 5.70, 19.27, 19.27, -188.55, 20.00, 4.63, 16.11, 11.68, 10.91, 129.29, 88.40, 45.74, 54.52, 0, 0
2.00, 5.70, 19.55, 19.55, -140.82, 20.00, 4.63, 16.67, 12.18, 0.00, 102.77, 0.00, 59.69, 63.58, 0, 0
2.00, 5.70, 19.28, 19.28, -210.95, 20.00, 4.63, 15.56, 11.07, 0.00, 48.89, 0.00, 71.34, 73.92, 0, 0
2.00, 5.70, 18.51, 18.51, -377.74, 20.00, 4.63, 13.89, 9.46, 0.00, 18.35, 0.00, 81.64, 84.97, 0, 0
2.00, 5.70, 18.17, 18.17, -436.53, 20.00, 4.63, 13.89, 9.46, 0.00, 1.53, 0.00, 0.00, 90.00, 0, 0
2.00, 5.70, 18.01, 18.01, -456.05, 20.00, 4.63, 13.89, 9.56, 0.00, 0.00, 0.00, 0.00, 90.00, 0, 0
2.00, 5.70, 17.85, 17.85, -473.83, 20.00, 4.63, 13.33, 9.05, 0.00, 0.00, 0.00, 0.00, 90.00, 0, 0
2.00, 5.70, 17.71, 17.71, -489.23, 20.00, 4.63, 13.33, 8.95, 0.00, 0.00, 0.00, 0.00, 90.00, 0, 0
2.00, 5.70, 17.54, 17.54, -511.65, 20.00, 4.63, 13.33, 8.95, 0.00, 0.00, 0.00, 0.00, 90.00, 0, 0
2.00, 5.70, 17.33, 17.33, -539.78, 20.00, 4.63, 12.78, 8.45, 0.00, 0.00, 0.00, 0.00, 90.00, 0, 0
2.00, 5.70, 17.14, 17.14, -562.99, 20.00, 4.63, 12.78, 8.45, 0.00, 0.00, 0.00, 0.00, 90.00, 0, 0
2.00, 5.70, 16.99, 16.99, -577.06, 20.00, 4.63, 13.33, 8.95, 0.00, 0.00, 0.00, 0.00, 90.00, 0, 0
2.00, 5.70, 16.83, 16.83, -593.58, 20.00, 4.63, 13.33, 8.95, 0.00, 0.00, 0.00, 0.00, 90.00, 0, 0
2.00, 5.70, 16.67, 16.67, -609.93, 20.00, 4.63, 13.33, 8.95, 0.00, 0.00, 0.00, 0.00, 90.00, 0, 0
2.00, 5.70, 16.52, 16.52, -625.10, 20.00, 4.63, 13.33, 9.05, 0.00, 0.00, 0.00, 0.00, 90.00, 0, 0
2.00, 5.70, 16.37, 16.37, -638.55, 20.00, 4.63, 13.33, 9.14, 0.00, 0.00, 0.00, 0.00, 90.00, 0, 0
2.00, 5.70, 16.41, 16.41, -613.48, 20.00, 4.63, 14.44, 10.25, 0.00, 10.71, 41.36, -83.61, 87.83, 0, 0
2.00, 5.70, 16.97, 16.97, -482.98, 20.00, 4.63, 16.11, 11.87, 61.03, 48.96, 33.65, -73.50, 76.69, 0, 0
2.00, 5.70, 17.56, 17.56, -362.24, 20.00, 4.63, 17.78, 13.59, 65.11, 84.02, 30.70, -62.24, 66.16, 0, 0
2.00, 5.70, 19.23, 19.23, -23.84, 20.00, 4.63, 20.00, 15.83, 382.90, 126.87, 33.80, -48.93, 56.78, 0, 0
2.00, 5.70, 19.45, 19.45, -20.58, 20.00, 4.63, 21.11, 16.85, 124.83, 144.06, 41.61, -32.62, 49.33, 0, 0
2.00, 5.70, 19.18, 19.18, -110.77, 20.00, 4.63, 21.11, 16.85, 13.19, 101.48, 51.99, -13.04, 44.89, 0, 0
2.00, 5.70, 19.23, 19.23, -121.07, 20.00, 4.63, 21.11, 16.85, 2.80, 91.68, 63.63, 8.31, 44.42, 0, 0
2.00, 5.70, 19.77, 19.77, -25.63, 20.00, 4.63, 21.11, 16.85, 11.57, 129.43, 75.85, 28.50, 48.03, 0, 0
2.00, 5.70, 20.11, 20.11, 19.44, 20.00, 4.63, 21.67, 17.36, 4.53, 128.43, 88.25, 45.56, 54.90, 0, 0
2.00, 5.70, 20.06, 20.06, -18.09, 20.00, 4.63, 21.11, 16.85, 0.00, 83.91, 0.00, 59.47, 63.93, 0, 0
2.00, 5.70, 19.73, 19.73, -106.27, 20.00, 4.63, 20.56, 16.24, 0.00, 36.09, 0.00, 71.10, 74.26, 0, 0
2.00, 5.70, 19.47, 19.47, -169.95, 20.00, 4.63, 19.44, 15.22, 0.00, 13.76, 0.00, 81.40, 85.30, 0, 0
2.00, 5.70, 19.29, 19.29, -210.57, 20.00, 4.63, 18.89, 14.71, 0.00, 1.53, 0.00, 0.00, 90.00, 0, 0
2.00, 5.70, 19.19, 19.19, -231.39, 20.00, 4.63, 18.33, 14.10, 0.00, 0.00, 0.00, 0.00, 90.00, 0, 0
2.00, 5.70, 19.11, 19.11, -248.53, 20.00, 4.63, 17.78, 13.59, 0.00, 0.00, 0.00, 0.00, 90.00, 0, 0
2.00, 5.70, 19.00, 19.00, -267.99, 20.00, 4.63, 17.22, 12.99, 0.00, 0.00, 0.00, 0.00, 90.00, 0, 0
2.00, 5.70, 18.87, 18.87, -293.35, 20.00, 4.63, 16.67, 12.48, 0.00, 0.00, 0.00, 0.00, 90.00, 0, 0
2.00, 5.70, 18.72, 18.72, -320.01, 20.00, 4.63, 16.11, 11.87, 0.00, 0.00, 0.00, 0.00, 90.00, 0, 0
2.00, 5.70, 18.56, 18.56, -347.74, 20.00, 4.63, 15.56, 11.36, 0.00, 0.00, 0.00, 0.00, 90.00, 0, 0
2.00, 5.70, 18.38, 18.38, -376.72, 20.00, 4.63, 15.00, 10.76, 0.00, 0.00, 0.00, 0.00, 90.00, 0, 0
2.00, 5.70, 18.20, 18.20, -406.79, 20.00, 4.63, 14.44, 10.16, 0.00, 0.00, 0.00, 0.00, 90.00, 0, 0
2.00, 5.70, 18.00, 18.00, -437.53, 20.00, 4.63, 13.89, 9.65, 0.00, 0.00, 0.00, 0.00, 90.00, 0, 0
2.00, 5.70, 17.79, 17.79, -468.93, 20.00, 4.63, 13.33, 9.14, 0.00, 0.00, 0.00, 0.00, 90.00, 0, 0
2.00, 5.70, 17.57, 17.57, -500.94, 20.00, 4.63, 12.78, 8.54, 0.00, 0.00, 0.00, 0.00, 90.00, 0, 0
2.00, 5.70, 17.62, 17.62, -473.90, 20.00, 4.63, 13.89, 9.65, 0.00, 18.35, 0.00, -83.25, 88.03, 0, 0
2.00, 5.70, 17.94, 17.94, -396.89, 20.00, 4.63, 15.00, 10.76, 33.31, 44.62, 33.25, -73.14, 76.90, 0, 0
2.00, 5.70, 18.27, 18.27, -325.39, 20.00, 4.63, 16.11, 11.87, 13.52, 75.48, 30.30, -61.88, 66.40, 0, 0
2.00, 5.70, 18.84, 18.84, -210.72, 20.00, 4.63, 17.22, 12.89, 45.06, 108.91, 33.47, -48.57, 57.05, 0, 0
2.00, 5.70, 20.54, 20.54, 129.68, 20.00, 4.63, 19.44, 15.12, 381.23, 151.69, 41.35, -32.31, 49.66, 0, 0
2.00, 5.70, 20.99, 20.99, 177.33, 20.00, 4.63, 21.11, 16.75, 183.85, 171.09, 51.79, -12.83, 45.27, 0, 0
2.00, 5.70, 21.09, 21.09, 154.86, 20.00, 4.63, 21.67, 17.26, 56.38, 160.83, 63.46, 8.37, 44.82, 0, 0
2.00, 5.70, 21.18, 21.18, 139.02, 20.00, 4.63, 21.67, 17.26, 22.61, 145.09, 75.69, 28.41, 48.43, 0, 0
2.00, 5.70, 21.03, 21.03, 77.64, 20.00, 4.63, 21.67, 17.15, 0.62, 104.99, 88.10, 45.38, 55.28, 0, 0
2.00, 5.70, 20.91, 20.91, 32.34, 20.00, 4.63, 21.11, 16.64, 0.00, 77.64, 0.00, 59.25, 64.29, 0, 0
2.00, 5.70, 20.70, 20.70, -26.63, 20.00, 4.63, 20.56, 16.03, 0.00, 46.51, 0.00, 70.86, 74.60, 0, 0
2.00, 5.70, 20.30, 20.30, -117.35, 20.00, 4.63, 19.44, 14.91, 0.00, 9.18, 0.00, 81.15, 85.63, 0, 0
2.00, 5.70, 20.06, 20.06, -167.53, 20.00, 4.63, 18.33, 13.79, 0.00, 0.00, 0.00, 0.00, 90.00, 0, 0
2.00, 5.70, 19.88, 19.88, -200.85, 20.00, 4.63, 17.22, 12.68, 0.00, 0.00, 0.00, 0.00, 90.00, 0, 0
2.00, 5.70, 19.73, 19.73, -227.46, 20.00, 4.63, 16.67, 12.07, 0.00, 0.00, 0.00, 0.00, 90.00, 0, 0
2.00, 5.70, 19.54, 19.54, -261.25, 20.00, 4.63, 15.56, 10.96, 0.00, 0.00, 0.00, 0.00, 90.00, 0, 0
2.00, 5.70, 19.32, 19.32, -299.86, 20.00, 4.63, 14.44, 9.85, 0.00, 0.00, 0.00, 0.00, 90.00, 0, 0
2.00, 5.70, 19.03, 19.03, -348.82, 20.00, 4.63, 12.78, 8.13, 0.00, 0.00, 0.00, 0.00, 90.00, 0, 0
2.00, 5.70, 18.74, 18.74, -396.44, 20.00, 4.63, 11.67, 7.14, 0.00, 0.00, 0.00, 0.00, 90.00, 0, 0
2.00, 5.70, 18.43, 18.43, -445.71, 20.00, 4.63, 10.56, 6.04, 0.00, 0.00, 0.00, 0.00, 90.00, 0, 0
2.00, 5.70, 18.09, 18.09, -497.42, 20.00, 4.63, 9.44, 4.83, 0.00, 0.00, 0.00, 0.00, 90.00, 0, 0
2.00, 5.70, 17.70, 17.70, -557.85, 20.00, 4.63, 7.78, 3.24, 0.00, 0.00, 0.00, 0.00, 90.00, 0, 0
2.00, 5.70, 17.30, 17.30, -616.79, 20.00, 4.63, 6.67, 2.04, 0.00, 0.00, 0.00, 0.00, 90.00, 0, 0
2.00, 5.70, 16.86, 16.86, -680.93, 20.00, 4.63, 5.00, 0.35, 0.00, 0.00, 0.00, 0.00, 90.00, 0, 0
2.00, 5.70, 16.70, 16.70, -682.70, 20.00, 4.63, 6.11, 1.44, 0.00, 18.35, 0.00, -82.90, 88.22, 0, 0
2.00, 5.70, 17.27, 17.27, -536.07, 20.00, 4.63, 8.89, 4.23, 162.06, 43.58, 32.85, -72.78, 77.12, 0, 0
2.00, 5.70, 18.29, 18.29, -313.88, 20.00, 4.63, 11.67, 7.03, 367.64, 73.15, 29.91, -61.52, 66.64, 0, 0
2.00, 5.70, 19.51, 19.51, -69.62, 20.00, 4.63, 14.44, 9.73, 521.76, 108.77, 33.14, -48.22, 57.33, 0, 0
2.00, 5.70, 20.32, 20.32, 66.66, 20.00, 4.63, 16.67, 11.95, 457.93, 142.47, 41.10, -32.00, 49.99, 0, 0
2.00, 5.70, 21.09, 21.09, 187.55, 20.00, 4.63, 18.33, 13.68, 472.67, 150.94, 51.59, -12.62, 45.65, 0, 0
2.00, 5.70, 21.50, 21.50, 226.02, 20.00, 4.63, 20.00, 15.29, 405.46, 139.31, 63.29, 8.43, 45.23, 0, 0
2.00, 5.70, 21.49, 21.49, 181.71, 20.00, 4.63, 20.56, 15.91, 210.36, 136.03, 75.54, 28.32, 48.84, 0, 0
2.00, 5.70, 21.24, 21.24, 95.85, 20.00, 4.63, 20.56, 15.91, 14.99, 127.35, 87.94, 45.21, 55.66, 0, 0
2.00, 5.70, 21.35, 21.35, 98.46, 20.00, 4.63, 20.00, 15.29, 0.00, 97.23, 0.00, 59.04, 64.65, 0, 0
2.00, 5.70, 21.13, 21.13, 32.93, 20.00, 4.63, 18.33, 13.68, 0.00, 54.37, 0.00, 70.63, 74.94, 0, 0
2.00, 5.70, 20.34, 20.34, -146.14, 20.00, 4.63, 16.11, 11.45, 0.00, 12.23, 0.00, 80.91, 85.95, 0, 0
2.00, 5.70, 20.02, 20.02, -206.59, 20.00, 4.63, 15.56, 10.96, 0.00, 0.00, 0.00, 0.00, 90.00, 0, 0
2.00, 5.70, 19.81, 19.81, -241.60, 20.00, 4.63, 14.44, 9.85, 0.00, 0.00, 0.00, 0.00, 90.00, 0, 0
2.00, 5.70, 19.59, 19.59, -276.86, 20.00, 4.63, 13.33, 8.74, 0.00, 0.00, 0.00, 0.00, 90.00, 0, 0
2.00, 5.70, 19.34, 19.34, -318.09, 20.00, 4.63, 12.22, 7.64, 0.00, 0.00, 0.00, 0.00, 90.00, 0, 0
2.00, 5.70, 19.08, 19.08, -358.96, 20.00, 4.63, 11.67, 7.03, 0.00, 0.00, 0.00, 0.00, 90.00, 0, 0
2.00, 5.70, 18.77, 18.77, -408.24, 20.00, 4.63, 10.56, 5.93, 0.00, 0.00, 0.00, 0.00, 90.00, 0, 0
2.00, 5.70, 18.46, 18.46, -455.54, 20.00, 4.63, 10.00, 5.32, 0.00, 0.00, 0.00, 0.00, 90.00, 0, 0
2.00, 5.70, 18.10, 18.10, -509.71, 20.00, 4.63, 8.89, 4.23, 0.00, 0.00, 0.00, 0.00, 90.00, 0, 0
2.00, 5.70, 17.75, 17.75, -560.40, 20.00, 4.63, 8.33, 3.62, 0.00, 0.00, 0.00, 0.00, 90.00, 0, 0
2.00, 5.70, 17.36, 17.36, -616.51, 20.00, 4.63, 7.22, 2.64, 0.00, 0.00, 0.00, 0.00, 90.00, 0, 0
2.00, 5.70, 16.98, 16.98, -668.44, 20.00, 4.63, 6.67, 2.04, 0.00, 0.00, 0.00, 0.00, 90.00, 0, 0
2.00, 5.70, 16.60, 16.60, -718.77, 20.00, 4.63, 6.11, 1.55, 0.00, 0.00, 0.00, 0.00, 90.00, 0, 0
2.00, 5.70, 16.29, 16.29, -750.10, 20.00, 4.63, 6.11, 1.55, 0.00, 6.12, 0.00, -82.55, 88.42, 0, 0
2.00, 5.70, 16.59, 16.59, -657.53, 20.00, 4.63, 8.33, 3.84, 32.25, 49.99, 32.45, -72.43, 77.33, 0, 0
2.00, 5.70, 17.13, 17.13, -524.10, 20.00, 4.63, 10.00, 5.54, 77.41, 95.71, 29.51, -61.17, 66.88, 0, 0
2.00, 5.70, 18.31, 18.31, -274.18, 20.00, 4.63, 12.78, 8.25, 288.80, 131.10, 32.81, -47.88, 57.61, 0, 0
2.00, 5.70, 19.16, 19.16, -115.22, 20.00, 4.63, 14.44, 9.96, 335.81, 152.33, 40.85, -31.69, 50.32, 0, 0
2.00, 5.70, 19.60, 19.60, -54.47, 20.00, 4.63, 16.11, 11.68, 197.39, 178.14, 51.39, -12.42, 46.03, 0, 0
2.00, 5.70, 20.14, 20.14, 28.40, 20.00, 4.63, 17.78, 13.29, 235.28, 170.18, 63.13, 8.48, 45.63, 0, 0
2.00, 5.70, 20.34, 20.34, 37.83, 20.00, 4.63, 18.33, 13.90, 169.56, 157.32, 75.38, 28.24, 49.24, 0, 0
2.00, 5.70, 20.00, 20.00, -63.36, 20.00, 4.63, 18.33, 13.90, 4.37, 124.35, 87.79, 45.04, 56.04, 0, 0
2.00, 5.70, 19.82, 19.82, -117.16, 20.00, 4.63, 17.22, 12.79, 0.00, 95.14, 0.00, 58.82, 65.00, 0, 0
2.00, 5.70, 19.37, 19.37, -221.06, 20.00, 4.63, 16.11, 11.68, 0.00, 46.37, 0.00, 70.39, 75.27, 0, 0
2.00, 5.70, 18.87, 18.87, -324.50, 20.00, 4.63, 14.44, 10.06, 0.00, 13.76, 0.00, 80.67, 86.28, 0, 0
2.00, 5.70, 18.56, 18.56, -377.47, 20.00, 4.63, 13.89, 9.56, 0.00, 1.53, 0.00, 0.00, 90.00, 0, 0
2.00, 5.70, 18.39, 18.39, -400.90, 20.00, 4.63, 13.89, 9.56, 0.00, 0.00, 0.00, 0.00, 90.00, 0, 0
2.00, 5.70, 18.25, 18.25, -417.71, 20.00, 4.63, 13.89, 9.56, 0.00, 0.00, 0.00, 0.00, 90.00, 0, 0
2.00, 5.70, 18.07, 18.07, -441.85, 20.00, 4.63, 13.33, 9.05, 0.00, 0.00, 0.00, 0.00, 90.00, 0, 0
2.00, 5.70, 17.90, 17.90, -463.75, 20.00, 4.63, 13.33, 9.05, 0.00, 0.00, 0.00, 0.00, 90.00, 0, 0
2.00, 5.70, 17.70, 17.70, -491.67, 20.00, 4.63, 12.78, 8.54, 0.00, 0.00, 0.00, 0.00, 90.00, 0, 0
2.00, 5.70, 17.51, 17.51, -515.43, 20.00, 4.63, 12.78, 8.45, 0.00, 0.00, 0.00, 0.00, 90.00, 0, 0
2.00, 5.70, 17.33, 17.33, -537.36, 20.00, 4.63, 12.78, 8.45, 0.00, 0.00, 0.00, 0.00, 90.00, 0, 0
2.00, 5.70, 17.13, 17.13, -564.49, 20.00, 4.63, 12.22, 7.94, 0.00, 0.00, 0.00, 0.00, 90.00, 0, 0
2.00, 5.70, 16.94, 16.94, -586.59, 20.00, 4.63, 12.22, 7.94, 0.00, 0.00, 0.00, 0.00, 90.00, 0, 0
2.00, 5.70, 16.73, 16.73, -613.02, 20.00, 4.63, 11.67, 7.43, 0.00, 0.00, 0.00, 0.00, 90.00, 0, 0
2.00, 5.70, 16.54, 16.54, -633.72, 20.00, 4.63, 11.67, 7.52, 0.00, 0.00, 0.00, 0.00, 90.00, 0, 0
2.00, 5.70, 16.46, 16.46, -631.02, 20.00, 4.63, 12.22, 8.11, 0.00, 7.65, 0.00, -82.19, 88.62, 0, 0
2.00, 5.70, 16.60, 16.60, -585.03, 20.00, 4.63, 13.33, 9.22, 0.00, 30.59, 32.06, -72.08, 77.54, 0, 0
2.00, 5.70, 16.55, 16.55, -583.55, 20.00, 4.63, 13.33, 9.22, 0.00, 29.06, 29.12, -60.82, 67.12, 0, 0
2.00, 5.70, 16.75, 16.75, -532.36, 20.00, 4.63, 13.89, 9.82, 0.00, 53.53, 32.48, -47.53, 57.89, 0, 0
2.00, 5.70, 16.44, 16.44, -590.36, 20.00, 4.63, 13.89, 9.74, 0.00, 16.82, 40.60, -31.39, 50.65, 0, 0
2.00, 5.70, 16.88, 16.88, -486.69, 20.00, 4.63, 14.44, 10.34, 0.00, 73.41, 51.20, -12.22, 46.40, 0, 0
2.00, 5.70, 17.19, 17.19, -423.06, 20.00, 4.63, 15.00, 10.85, 2.87, 90.20, 62.96, 8.53, 46.03, 0, 0
2.00, 5.70, 17.81, 17.81, -298.79, 20.00, 4.63, 16.11, 11.96, 11.26, 132.04, 75.23, 28.15, 49.63, 0, 0
2.00, 5.70, 17.72, 17.72, -333.33, 20.00, 4.63, 16.67, 12.48, 0.29, 88.37, 87.64, 44.86, 56.42, 0, 0
2.00, 5.70, 17.75, 17.75, -336.26, 20.00, 4.63, 16.67, 12.56, 0.00, 77.65, 0.00, 58.60, 65.36, 0, 0
2.00, 5.70, 17.49, 17.49, -397.65, 20.00, 4.63, 16.67, 12.56, 0.00, 37.95, 0.00, 70.16, 75.61, 0, 0
2.00, 5.70, 17.21, 17.21, -455.45, 20.00, 4.63, 16.11, 11.96, 0.00, 12.23, 0.00, 80.42, 86.60, 0, 0
2.00, 5.70, 17.01, 17.01, -491.54, 20.00, 4.63, 15.56, 11.45, 0.00, 1.53, 0.00, 0.00, 90.00, 0, 0
2.00, 5.70, 16.88, 16.88, -510.60, 20.00, 4.63, 15.00, 10.93, 0.00, 0.00, 0.00, 0.00, 90.00, 0, 0
2.00, 5.70, 16.80, 16.80, -518.81, 20.00, 4.63, 15.00, 10.93, 0.00, 0.00, 0.00, 0.00, 90.00, 0, 0
2.00, 5.70, 16.69, 16.69, -531.83, 20.00, 4.63, 14.44, 10.42, 0.00, 0.00, 0.00, 0.00, 90.00, 0, 0
2.00, 5.70, 16.57, 16.57, -548.07, 20.00, 4.63, 13.89, 9.82, 0.00, 0.00, 0.00, 0.00, 90.00, 0, 0
2.00, 5.70, 16.47, 16.47, -559.77, 20.00, 4.63, 13.89, 9.74, 0.00, 0.00, 0.00, 0.00, 90.00, 0, 0
2.00, 5.70, 16.34, 16.34, -576.71, 20.00, 4.63, 13.33, 9.22, 0.00, 0.00, 0.00, 0.00, 90.00, 0, 0
2.00, 5.70, 16.20, 16.20, -596.20, 20.00, 4.63, 12.78, 8.63, 0.00, 0.00, 0.00, 0.00, 90.00, 0, 0
2.00, 5.70, 16.07, 16.07, -610.63, 20.00, 4.63, 12.78, 8.63, 0.00, 0.00, 0.00, 0.00, 90.00, 0, 0
2.00, 5.70, 15.92, 15.92, -630.06, 20.00, 4.63, 12.22, 8.11, 0.00, 0.00, 0.00, 0.00, 90.00, 0, 0
2.00, 5.70, 15.76, 15.76, -651.57, 20.00, 4.63, 11.67, 7.60, 0.00, 0.00, 0.00, 0.00, 90.00, 0, 0
2.00, 5.70, 15.58, 15.58, -674.67, 20.00, 4.63, 11.11, 7.01, 0.00, 0.00, 0.00, 0.00, 90.00, 0, 0
2.00, 5.70, 15.51, 15.51, -673.75, 20.00, 4.63, 11.67, 7.60, 0.00, 6.12, 0.00, -81.85, 88.82, 0, 0
2.00, 5.70, 15.72, 15.72, -615.41, 20.00, 4.63, 12.78, 8.71, 0.00, 35.17, 31.66, -71.73, 77.76, 0, 0
2.00, 5.70, 15.74, 15.74, -606.42, 20.00, 4.63, 13.33, 9.31, 0.00, 32.12, 28.72, -60.47, 67.36, 0, 0
2.00, 5.70, 16.04, 16.04, -536.72, 20.00, 4.63, 13.89, 9.82, 0.00, 64.23, 32.16, -47.20, 58.18, 0, 0
2.00, 5.70, 16.03, 16.03, -541.57, 20.00, 4.63, 14.44, 10.34, 0.00, 48.94, 40.35, -31.10, 50.98, 0, 0
2.00, 5.70, 17.52, 17.52, -227.78, 20.00, 4.63, 16.11, 12.05, 131.70, 160.28, 51.00, -12.02, 46.78, 0, 0
2.00, 5.70, 18.71, 18.71, -9.83, 20.00, 4.63, 18.89, 14.80, 258.17, 173.44, 62.79, 8.58, 46.43, 0, 0
2.00, 5.70, 18.70, 18.70, -59.14, 20.00, 4.63, 19.44, 15.31, 47.12, 152.38, 75.08, 28.06, 50.03, 0, 0
2.00, 5.70, 18.48, 18.48, -140.64, 20.00, 4.63, 19.44, 15.31, 0.95, 104.58, 87.48, 44.69, 56.79, 0, 0
2.00, 5.70, 18.16, 18.16, -227.11, 20.00, 4.63, 18.89, 14.80, 0.00, 57.65, 0.00, 58.39, 65.71, 0, 0
2.00, 5.70, 18.15, 18.15, -241.43, 20.00, 4.63, 18.33, 14.19, 0.00, 44.57, 0.00, 69.93, 75.94, 0, 0
2.00, 5.70, 17.86, 17.86, -310.35, 20.00, 4.63, 17.78, 13.68, 0.00, 16.82, 0.00, 80.18, 86.92, 0, 0
2.00, 5.70, 17.68, 17.68, -351.62, 20.00, 4.63, 17.22, 13.16, 0.00, 1.53, 0.00, 0.00, 90.00, 0, 0
2.00, 5.70, 17.58, 17.58, -370.67, 20.00, 4.63, 16.67, 12.56, 0.00, 0.00, 0.00, 0.00, 90.00, 0, 0
2.00, 5.70, 17.50, 17.50, -385.85, 20.00, 4.63, 16.11, 12.05, 0.00, 0.00, 0.00, 0.00, 90.00, 0, 0
2.00, 5.70, 17.41, 17.41, -402.91, 20.00, 4.63, 15.56, 11.45, 0.00, 0.00, 0.00, 0.00, 90.00, 0, 0
2.00, 5.70, 17.33, 17.33, -415.88, 20.00, 4.63, 15.56, 11.45, 0.00, 0.00, 0.00, 0.00, 90.00, 0, 0
2.00, 5.70, 17.22, 17.22, -434.83, 20.00, 4.63, 15.00, 10.85, 0.00, 0.00, 0.00, 0.00, 90.00, 0, 0
2.00, 5.70, 17.09, 17.09, -456.43, 20.00, 4.63, 14.44, 10.34, 0.00, 0.00, 0.00, 0.00, 90.00, 0, 0
2.00, 5.70, 16.95, 16.95, -480.01, 20.00, 4.63, 13.89, 9.74, 0.00, 0.00, 0.00, 0.00, 90.00, 0, 0
2.00, 5.70, 16.80, 16.80, -504.70, 20.00, 4.63, 13.33, 9.22, 0.00, 0.00, 0.00, 0.00, 90.00, 0, 0
2.00, 5.70, 16.63, 16.63, -530.56, 20.00, 4.63, 12.78, 8.63, 0.00, 0.00, 0.00, 0.00, 90.00, 0, 0
2.00, 5.70, 16.45, 16.45, -557.24, 20.00, 4.63, 12.22, 8.11, 0.00, 0.00, 0.00, 0.00, 90.00, 0, 0
2.00, 5.70, 16.26, 16.26, -584.92, 20.00, 4.63, 11.67, 7.52, 0.00, 0.00, 0.00, 0.00, 90.00, 0, 0
2.00, 5.70, 16.24, 16.24, -576.87, 20.00, 4.63, 12.22, 8.11, 0.00, 12.23, 0.00, -81.50, 89.02, 0, 0
2.00, 5.70, 17.05, 17.05, -396.19, 20.00, 4.63, 14.44, 10.34, 184.84, 40.46, 31.27, -71.38, 77.97, 0, 0
2.00, 5.70, 18.20, 18.20, -164.64, 20.00, 4.63, 16.67, 12.56, 334.44, 84.25, 28.33, -60.12, 67.61, 0, 0
2.00, 5.70, 18.61, 18.61, -110.95, 20.00, 4.63, 18.33, 14.19, 133.90, 127.22, 31.84, -46.86, 58.46, 0, 0
2.00, 5.70, 19.07, 19.07, -44.15, 20.00, 4.63, 18.89, 14.80, 89.99, 146.96, 40.10, -30.81, 51.31, 0, 0
2.00, 5.70, 19.98, 19.98, 114.36, 20.00, 4.63, 20.56, 16.43, 169.38, 172.13, 50.81, -11.83, 47.15, 0, 0
2.00, 5.70, 20.37, 20.37, 151.77, 20.00, 4.63, 21.11, 16.95, 97.18, 171.81, 62.63, 8.62, 46.83, 0, 0
2.00, 5.70, 20.34, 20.34, 104.36, 20.00, 4.63, 21.11, 16.95, 24.62, 140.64, 74.92, 27.97, 50.42, 0, 0
2.00, 5.70, 19.78, 19.78, -45.98, 20.00, 4.63, 20.00, 15.83, 0.34, 62.40, 87.33, 44.52, 57.17, 0, 0
2.00, 5.70, 19.49, 19.49, -119.48, 20.00, 4.63, 18.89, 14.71, 0.00, 38.23, 0.00, 58.18, 66.06, 0, 0
2.00, 5.70, 19.10, 19.10, -208.36, 20.00, 4.63, 17.78, 13.59, 0.00, 4.59, 0.00, 69.69, 76.27, 0, 0
2.00, 5.70, 18.91, 18.91, -247.85, 20.00, 4.63, 16.67, 12.56, 0.00, 1.53, 0.00, 79.94, 87.24, 0, 0
2.00, 5.70, 18.76, 18.76, -275.51, 20.00, 4.63, 16.11, 11.96, 0.00, 0.00, 0.00, 0.00, 90.00, 0, 0
2.00, 5.70, 18.66, 18.66, -292.79, 20.00, 4.63, 16.11, 11.96, 0.00, 0.00, 0.00, 0.00, 90.00, 0, 0
2.00, 5.70, 18.53, 18.53, -315.51, 20.00, 4.63, 15.56, 11.36, 0.00, 0.00, 0.00, 0.00, 90.00, 0, 0
2.00, 5.70, 18.38, 18.38, -341.81, 20.00, 4.63, 15.00, 10.85, 0.00, 0.00, 0.00, 0.00, 90.00, 0, 0
2.00, 5.70, 18.21, 18.21, -370.97, 20.00, 4.63, 14.44, 10.25, 0.00, 0.00, 0.00, 0.00, 90.00, 0, 0
2.00, 5.70, 18.02, 18.02, -401.47, 20.00, 4.63, 13.89, 9.65, 0.00, 0.00, 0.00, 0.00, 90.00, 0, 0
2.00, 5.70, 17.83, 17.83, -432.65, 20.00, 4.63, 13.33, 9.14, 0.00, 0.00, 0.00, 0.00, 90.00, 0, 0
2.00, 5.70, 17.59, 17.59, -471.20, 20.00, 4.63, 12.22, 8.03, 0.00, 0.00, 0.00, 0.00, 90.00, 0, 0
2.00, 5.70, 17.36, 17.36, -506.53, 20.00, 4.63, 11.67, 7.43, 0.00, 0.00, 0.00, 0.00, 90.00, 0, 0
2.00, 5.70, 17.12, 17.12, -541.12, 20.00, 4.63, 11.11, 6.92, 0.00, 0.00, 0.00, 0.00, 90.00, 0, 0
2.00, 5.70, 16.87, 16.87, -575.93, 20.00, 4.63, 10.56, 6.33, 0.00, 0.00, 0.00, 0.00, 90.00, 0, 0
2.00, 5.70, 16.62, 16.62, -610.97, 20.00, 4.63, 10.00, 5.73, 0.00, 0.00, 0.00, 0.00, 90.00, 0, 0
2.00, 5.70, 16.50, 16.50, -615.61, 20.00, 4.63, 10.56, 6.33, 0.00, 9.18, 0.00, -81.15, 89.22, 0, 0
2.00, 5.70, 16.78, 16.78, -540.22, 20.00, 4.63, 11.67, 7.43, 32.42, 41.81, 30.88, -71.04, 78.19, 0, 0
2.00, 5.70, 18.01, 18.01, -273.86, 20.00, 4.63, 15.00, 10.76, 271.88, 84.17, 27.94, -59.78, 67.85, 0, 0
2.00, 5.70, 19.16, 19.16, -52.23, 20.00, 4.63, 17.78, 13.50, 386.20, 114.02, 31.52, -46.54, 58.74, 0, 0
2.00, 5.70, 20.33, 20.33, 154.70, 20.00, 4.63, 20.00, 15.73, 477.91, 136.29, 39.86, -30.52, 51.64, 0, 0
2.00, 5.70, 20.94, 20.94, 230.64, 20.00, 4.63, 21.67, 17.46, 352.23, 154.08, 50.61, -11.65, 47.53, 0, 0
2.00, 5.70, 21.34, 21.34, 264.65, 20.00, 4.63, 22.78, 18.48, 237.73, 160.15, 62.46, 8.66, 47.23, 0, 0
2.00, 5.70, 21.48, 21.48, 246.56, 20.00, 4.63, 23.33, 19.10, 113.55, 152.07, 74.77, 27.89, 50.81, 0, 0
2.00, 5.70, 21.43, 21.43, 196.02, 20.00, 4.63, 23.33, 19.10, 12.92, 132.18, 87.17, 44.35, 57.54, 0, 0
2.00, 5.70, 21.67, 21.67, 215.11, 20.00, 4.63, 23.33, 18.99, 0.00, 91.72, 0.00, 57.96, 66.40, 0, 0
2.00, 5.70, 22.12, 22.12, 278.12, 20.00, 4.63, 22.22, 17.97, 0.00, 53.91, 0.00, 69.46, 76.60, 0, 0
2.00, 5.70, 21.11, 21.11, 31.78, 20.00, 4.63, 20.56, 16.34, 0.00, 13.76, 0.00, 79.69, 87.55, 0, 0
2.00, 5.70, 20.83, 20.83, -33.83, 20.00, 4.63, 19.44, 15.22, 0.00, 0.00, 0.00, 0.00, 90.00, 0, 0
2.00, 5.70, 20.72, 20.72, -57.66, 20.00, 4.63, 18.89, 14.61, 0.00, 0.00, 0.00, 0.00, 90.00, 0, 0
2.00, 5.70, 20.62, 20.62, -81.59, 20.00, 4.63, 17.78, 13.59, 0.00, 0.00, 0.00, 0.00, 90.00, 0, 0
2.00, 5.70, 20.51, 20.51, -105.54, 20.00, 4.63, 17.22, 12.99, 0.00, 0.00, 0.00, 0.00, 90.00, 0, 0
2.00, 5.70, 20.34, 20.34, -140.55, 20.00, 4.63, 16.11, 11.87, 0.00, 0.00, 0.00, 0.00, 90.00, 0, 0
2.00, 5.70, 20.12, 20.12, -182.04, 20.00, 4.63, 15.00, 10.76, 0.00, 0.00, 0.00, 0.00, 90.00, 0, 0
2.00, 5.70, 19.91, 19.91, -221.60, 20.00, 4.63, 14.44, 10.16, 0.00, 0.00, 0.00, 0.00, 90.00, 0, 0
2.00, 5.70, 19.68, 19.68, -261.85, 20.00, 4.63, 13.89, 9.56, 0.00, 0.00, 0.00, 0.00, 90.00, 0, 0
2.00, 5.70, 19.40, 19.40, -309.41, 20.00, 4.63, 12.78, 8.54, 0.00, 0.00, 0.00, 0.00, 90.00, 0, 0
2.00, 5.70, 19.12, 19.12, -354.06, 20.00, 4.63, 12.22, 7.94, 0.00, 0.00, 0.00, 0.00, 90.00, 0, 0
2.00, 5.70, 18.84, 18.84, -398.25, 20.00, 4.63, 11.67, 7.34, 0.00, 0.00, 0.00, 0.00, 90.00, 0, 0
2.00, 5.70, 18.52, 18.52, -448.33, 20.00, 4.63, 10.56, 6.33, 0.00, 0.00, 0.00, 0.00, 90.00, 0, 0
2.00, 5.70, 18.39, 18.39, -454.26, 20.00, 4.63, 11.67, 7.43, 0.00, 10.71, 0.00, -80.81, 89.42, 0, 0
2.00, 5.70, 19.15, 19.15, -277.97, 20.00, 4.63, 13.89, 9.65, 160.80, 51.55, 30.50, -70.70, 78.40, 0, 0
2.00, 5.70, 19.80, 19.80, -144.79, 20.00, 4.63, 16.11, 11.87, 189.22, 86.81, 27.56, -59.45, 68.09, 0, 0
2.00, 5.70, 20.71, 20.71, 32.11, 20.00, 4.63, 18.33, 14.10, 264.49, 121.81, 31.20, -46.21, 59.02, 0, 0
2.00, 5.70, 22.05, 22.05, 282.86, 20.00, 4.63, 20.56, 16.24, 489.78, 137.63, 39.62, -30.25, 51.97, 0, 0
2.00, 5.70, 22.80, 22.80, 390.01, 20.00, 4.63, 22.78, 18.48, 442.49, 144.11, 50.42, -11.47, 47.90, 0, 0
2.00, 5.70, 23.17, 23.17, 415.31, 20.00, 4.63, 23.89, 19.61, 290.37, 152.94, 62.30, 8.70, 47.62, 0, 0
2.00, 5.70, 23.34, 23.34, 403.72, 20.00, 4.63, 25.00, 20.63, 195.87, 136.63, 74.61, 27.80, 51.20, 0, 0
2.00, 5.70, 23.05, 23.05, 302.01, 20.00, 4.63, 25.00, 20.63, 30.10, 106.34, 87.01, 44.18, 57.90, 0, 0
2.00, 5.70, 23.34, 23.34, 336.30, 20.00, 4.63, 25.00, 20.63, 0.00, 89.06, 0.00, 57.75, 66.75, 0, 0
2.00, 5.70, 23.18, 23.18, 274.04, 20.00, 4.63, 23.33, 18.99, 0.00, 47.71, 0.00, 69.23, 76.92, 0, 0
2.00, 5.70, 22.60, 22.60, 131.56, 20.00, 4.63, 21.67, 17.36, 0.00, 15.29, 0.00, 79.45, 87.86, 0, 0
2.00, 5.70, 22.36, 22.36, 75.24, 20.00, 4.63, 20.56, 16.24, 0.00, 1.53, 0.00, 0.00, 90.00, 0, 0
2.00, 5.70, 22.22, 22.22, 45.12, 20.00, 4.63, 19.44, 15.22, 0.00, 0.00, 0.00, 0.00, 90.00, 0, 0
2.00, 5.70, 22.08, 22.08, 16.57, 20.00, 4.63, 18.33, 14.10, 0.00, 0.00, 0.00, 0.00, 90.00, 0, 0
2.00, 5.70, 21.94, 21.94, -11.82, 20.00, 4.63, 17.78, 13.50, 0.00, 0.00, 0.00, 0.00, 90.00, 0, 0
2.00, 5.70, 21.74, 21.74, -50.83, 20.00, 4.63, 16.67, 12.38, 0.00, 0.00, 0.00, 0.00, 90.00, 0, 0
2.00, 5.70, 21.50, 21.50, -96.06, 20.00, 4.63, 15.56, 11.27, 0.00, 0.00, 0.00, 0.00, 90.00, 0, 0
2.00, 5.70, 21.26, 21.26, -139.18, 20.00, 4.63, 15.00, 10.67, 0.00, 0.00, 0.00, 0.00, 90.00, 0, 0
2.00, 5.70, 20.97, 20.97, -189.35, 20.00, 4.63, 13.89, 9.56, 0.00, 0.00, 0.00, 0.00, 90.00, 0, 0
2.00, 5.70, 20.64, 20.64, -243.01, 20.00, 4.63, 12.78, 8.45, 0.00, 0.00, 0.00, 0.00, 90.00, 0, 0
2.00, 5.70, 20.30, 20.30, -299.01, 20.00, 4.63, 11.67, 7.34, 0.00, 0.00, 0.00, 0.00, 90.00, 0, 0
2.00, 5.70, 19.96, 19.96, -350.11, 20.00, 4.63, 11.11, 6.74, 0.00, 0.00, 0.00, 0.00, 90.00, 0, 0
2.00, 5.70, 19.58, 19.58, -406.41, 20.00, 4.63, 10.00, 5.64, 0.00, 0.00, 0.00, 0.00, 90.00, 0, 0
2.00, 5.70, 19.36, 19.36, -427.47, 20.00, 4.63, 10.56, 6.24, 0.00, 9.18, 0.00, -80.48, 89.62, 0, 0
2.00, 5.70, 20.00, 20.00, -270.09, 20.00, 4.63, 12.78, 8.54, 156.07, 46.09, 30.11, -70.37, 78.62, 0, 0
2.00, 5.70, 20.75, 20.75, -107.84, 20.00, 4.63, 15.00, 10.76, 238.79, 84.89, 27.17, -59.12, 68.34, 0, 0
2.00, 5.70, 22.00, 22.00, 142.52, 20.00, 4.63, 17.78, 13.50, 434.12, 117.62, 30.88, -45.90, 59.31, 0, 0
2.00, 5.70, 22.64, 22.64, 242.50, 20.00, 4.63, 19.44, 15.12, 325.88, 152.29, 39.38, -29.98, 52.30, 0, 0
2.00, 5.70, 22.94, 22.94, 269.20, 20.00, 4.63, 20.56, 16.24, 175.89, 172.05, 50.23, -11.30, 48.27, 0, 0
2.00, 5.70, 23.27, 23.27, 303.69, 20.00, 4.63, 21.67, 17.36, 125.33, 174.72, 62.13, 8.74, 48.02, 0, 0
2.00, 5.70, 23.17, 23.17, 250.47, 20.00, 4.63, 21.67, 17.36, 40.57, 148.50, 74.46, 27.71, 51.59, 0, 0
2.00, 5.70, 23.20, 23.20, 232.88, 20.00, 4.63, 21.67, 17.36, 8.88, 138.42, 86.86, 44.00, 58.27, 0, 0
2.00, 5.70, 23.08, 23.08, 187.50, 20.00, 4.63, 21.11, 16.85, 0.00, 92.17, 0.00, 57.54, 67.09, 0, 0
2.00, 5.70, 23.29, 23.29, 218.56, 20.00, 4.63, 20.00, 15.73, 0.00, 52.12, 0.00, 69.00, 77.24, 0, 0
2.00, 5.70, 22.31, 22.31, -2.99, 20.00, 4.63, 18.33, 14.10, 0.00, 12.23, 0.00, 79.21, 88.17, 0, 0
2.00, 5.70, 21.96, 21.96, -68.77, 20.00, 4.63, 17.78, 13.59, 0.00, 0.00, 0.00, 0.00, 90.00, 0, 0
2.00, 5.70, 21.75, 21.75, -101.57, 20.00, 4.63, 17.22, 12.99, 0.00, 0.00, 0.00, 0.00, 90.00, 0, 0
2.00, 5.70, 21.57, 21.57, -128.56, 20.00, 4.63, 16.67, 12.48, 0.00, 0.00, 0.00, 0.00, 90.00, 0, 0
2.00, 5.70, 21.34, 21.34, -164.36, 20.00, 4.63, 15.56, 11.36, 0.00, 0.00, 0.00, 0.00, 90.00, 0, 0
2.00, 5.70, 21.11, 21.11, -199.90, 20.00, 4.63, 15.00, 10.76, 0.00, 0.00, 0.00, 0.00, 90.00, 0, 0
2.00, 5.70, 20.86, 20.86, -236.89, 20.00, 4.63, 14.44, 10.16, 0.00, 0.00, 0.00, 0.00, 90.00, 0, 0
2.00, 5.70, 20.60, 20.60, -275.01, 20.00, 4.63, 13.89, 9.65, 0.00, 0.00, 0.00, 0.00, 90.00, 0, 0
2.00, 5.70, 20.33, 20.33, -314.35, 20.00, 4.63, 13.33, 9.05, 0.00, 0.00, 0.00, 0.00, 90.00, 0, 0
2.00, 5.70, 20.04, 20.04, -354.23, 20.00, 4.63, 12.78, 8.54, 0.00, 0.00, 0.00, 0.00, 90.00, 0, 0
2.00, 5.70, 19.75, 19.75, -394.58, 20.00, 4.63, 12.22, 7.94, 0.00, 0.00, 0.00, 0.00, 90.00, 0, 0
2.00, 5.70, 19.44, 19.44, -434.86, 20.00, 4.63, 11.67, 7.43, 0.00, 0.00, 0.00, 0.00, 90.00, 0, 0
2.00, 5.70, 19.17, 19.17, -468.35, 20.00, 4.63, 11.67, 7.43, 0.00, 0.00, 0.00, 0.00, 90.00, 0, 0
2.00, 5.70, 19.02, 19.02, -474.79, 20.00, 4.63, 12.22, 8.03, 0.00, 9.18, 0.00, -80.14, 89.82, 0, 0
2.00, 5.70, 19.54, 19.54, -341.59, 20.00, 4.63, 13.89, 9.74, 117.97, 42.50, 29.73, -70.04, 78.84, 0, 0
2.00, 5.70, 20.10, 20.10, -216.88, 20.00, 4.63, 16.11, 11.96, 115.82, 86.81, 26.79, -58.79, 68.58, 0, 0
2.00, 5.70, 21.30, 21.30, 29.73, 20.00, 4.63, 18.33, 14.19, 308.02, 124.00, 30.57, -45.59, 59.59, 0, 0
2.00, 5.70, 22.08, 22.08, 165.59, 20.00, 4.63, 20.56, 16.43, 285.13, 148.45, 39.14, -29.71, 52.63, 0, 0
2.00, 5.70, 22.95, 22.95, 310.95, 20.00, 4.63, 22.22, 18.07, 341.57, 158.35, 50.04, -11.13, 48.64, 0, 0
2.00, 5.70, 23.57, 23.57, 396.73, 20.00, 4.63, 23.89, 19.71, 348.38, 147.49, 61.97, 8.77, 48.41, 0, 0
2.00, 5.70, 23.73, 23.73, 384.60, 20.00, 4.63, 25.00, 20.83, 191.16, 140.20, 74.30, 27.61, 51.97, 0, 0
2.00, 5.70, 23.58, 23.58, 315.30, 20.00, 4.63, 25.00, 20.83, 16.62, 127.36, 86.70, 43.83, 58.63, 0, 0
2.00, 5.70, 23.69, 23.69, 311.00, 20.00, 4.63, 24.44, 20.32, 0.00, 93.02, 0.00, 57.33, 67.43, 0, 0
2.00, 5.70, 23.59, 23.59, 265.36, 20.00, 4.63, 23.33, 19.19, 0.00, 46.33, 0.00, 68.77, 77.56, 0, 0
2.00, 5.70, 22.93, 22.93, 110.74, 20.00, 4.63, 21.67, 17.55, 0.00, 12.23, 0.00, 78.97, 88.48, 0, 0
2.00, 5.70, 22.71, 22.71, 62.43, 20.00, 4.63, 21.11, 16.95, 0.00, 0.00, 0.00, 0.00, 90.00, 0, 0
2.00, 5.70, 22.58, 22.58, 37.71, 20.00, 4.63, 20.00, 15.92, 0.00, 0.00, 0.00, 0.00, 90.00, 0, 0
2.00, 5.70, 22.48, 22.48, 18.68, 20.00, 4.63, 19.44, 15.31, 0.00, 0.00, 0.00, 0.00, 90.00, 0, 0
2.00, 5.70, 22.36, 22.36, -3.70, 20.00, 4.63, 18.89, 14.80, 0.00, 0.00, 0.00, 0.00, 90.00, 0, 0
2.00, 5.70, 22.18, 22.18, -37.60, 20.00, 4.63, 17.78, 13.68, 0.00, 0.00, 0.00, 0.00, 90.00, 0, 0
2.00, 5.70, 21.99, 21.99, -71.13, 20.00, 4.63, 17.22, 13.16, 0.00, 0.00, 0.00, 0.00, 90.00, 0, 0
2.00, 5.70, 21.78, 21.78, -106.40, 20.00, 4.63, 16.67, 12.56, 0.00, 0.00, 0.00, 0.00, 90.00, 0, 0
2.00, 5.70, 21.56, 21.56, -143.20, 20.00, 4.63, 16.11, 11.96, 0.00, 0.00, 0.00, 0.00, 90.00, 0, 0
2.00, 5.70, 21.32, 21.32, -180.97, 20.00, 4.63, 15.56, 11.45, 0.00, 0.00, 0.00, 0.00, 90.00, 0, 0
2.00, 5.70, 21.07, 21.07, -219.59, 20.00, 4.63, 15.00, 10.85, 0.00, 0.00, 0.00, 0.00, 90.00, 0, 0
2.00, 5.70, 20.78, 20.78, -265.07, 20.00, 4.63, 13.89, 9.82, 0.00, 0.00, 0.00, 0.00, 90.00, 0, 0
2.00, 5.70, 20.49, 20.49, -306.73, 20.00, 4.63, 13.33, 9.31, 0.00, 0.00, 0.00, 0.00, 90.00, 0, 0
2.00, 5.70, 20.35, 20.35, -316.87, 20.00, 4.63, 13.89, 9.82, 0.00, 9.18, 0.00, 0.00, 90.00, 0, 0
2.00, 5.70, 20.94, 20.94, -174.34, 20.00, 4.63, 16.11, 12.05, 132.30, 40.60, 29.36, -69.71, 79.05, 0, 0
2.00, 5.70, 22.26, 22.26, 105.22, 20.00, 4.63, 18.89, 14.80, 388.04, 81.56, 26.41, -58.47, 68.83, 0, 0
2.00, 5.70, 23.40, 23.40, 316.94, 20.00, 4.63, 21.11, 17.04, 476.77, 114.10, 30.26, -45.28, 59.88, 0, 0
2.00, 5.70, 24.80, 24.80, 568.81, 20.00, 4.63, 23.33, 19.28, 670.22, 128.17, 38.90, -29.45, 52.96, 0, 0
2.00, 5.70, 25.60, 25.60, 676.54, 20.00, 4.63, 25.56, 21.44, 640.49, 122.94, 49.86, -10.96, 49.01, 0, 0
2.00, 5.70, 26.00, 26.00, 697.76, 20.00, 4.63, 26.67, 22.57, 459.04, 133.06, 61.81, 8.80, 48.79, 0, 0
2.00, 5.70, 25.98, 25.98, 639.06, 20.00, 4.63, 27.78, 23.70, 232.62, 126.79, 74.15, 27.52, 52.36, 0, 0
2.00, 5.70, 25.63, 25.63, 522.61, 20.00, 4.63, 26.67, 22.57, 32.95, 109.77, 86.54, 43.66, 58.99, 0, 0
2.00, 5.70, 25.77, 25.77, 524.86, 20.00, 4.63, 27.22, 23.09, 0.00, 73.11, 0.00, 57.12, 67.76, 0, 0
2.00, 5.70, 26.16, 26.16, 579.22, 20.00, 4.63, 26.11, 22.05, 0.00, 41.56, 0.00, 68.54, 77.88, 0, 0
2.00, 5.70, 25.26, 25.26, 358.82, 20.00, 4.63, 24.44, 20.41, 0.00, 10.71, 0.00, 78.72, 88.78, 0, 0
2.00, 5.70, 25.05, 25.05, 309.40, 20.00, 4.63, 23.89, 19.80, 0.00, 0.00, 0.00, 0.00, 90.00, 0, 0
2.00, 5.70, 24.97, 24.97, 290.31, 20.00, 4.63, 23.33, 19.28, 0.00, 0.00, 0.00, 0.00, 90.00, 0, 0
2.00, 5.70, 24.91, 24.91, 273.81, 20.00, 4.63, 22.78, 18.76, 0.00, 0.00, 0.00, 0.00, 90.00, 0, 0
2.00, 5.70, 24.78, 24.78, 245.16, 20.00, 4.63, 21.67, 17.64, 0.00, 0.00, 0.00, 0.00, 90.00, 0, 0
2.00, 5.70, 24.64, 24.64, 214.43, 20.00, 4.63, 21.11, 17.12, 0.00, 0.00, 0.00, 0.00, 90.00, 0, 0
2.00, 5.70, 24.47, 24.47, 180.40, 20.00, 4.63, 20.56, 16.52, 0.00, 0.00, 0.00, 0.00, 90.00, 0, 0
2.00, 5.70, 24.25, 24.25, 137.14, 20.00, 4.63, 19.44, 15.40, 0.00, 0.00, 0.00, 0.00, 90.00, 0, 0
2.00, 5.70, 24.02, 24.02, 95.84, 20.00, 4.63, 18.89, 14.80, 0.00, 0.00, 0.00, 0.00, 90.00, 0, 0
2.00, 5.70, 23.75, 23.75, 47.78, 20.00, 4.63, 17.78, 13.68, 0.00, 0.00, 0.00, 0.00, 90.00, 0, 0
2.00, 5.70, 23.45, 23.45, -3.12, 20.00, 4.63, 16.67, 12.65, 0.00, 0.00, 0.00, 0.00, 90.00, 0, 0
2.00, 5.70, 23.16, 23.16, -49.55, 20.00, 4.63, 16.11, 12.05, 0.00, 0.00, 0.00, 0.00, 90.00, 0, 0
2.00, 5.70, 22.83, 22.83, -101.42, 20.00, 4.63, 15.00, 10.93, 0.00, 0.00, 0.00, 0.00, 90.00, 0, 0
2.00, 5.70, 22.63, 22.63, -123.96, 20.00, 4.63, 15.56, 11.53, 0.00, 6.12, 0.00, 0.00, 90.00, 0, 0
2.00, 5.70, 23.31, 23.31, 37.63, 20.00, 4.63, 17.22, 13.25, 185.76, 37.81, 28.98, -69.39, 79.27, 0, 0
2.00, 5.70, 24.55, 24.55, 296.81, 20.00, 4.63, 20.00, 16.00, 436.45, 71.01, 26.03, -58.15, 69.07, 0, 0
2.00, 5.70, 25.98, 25.98, 570.69, 20.00, 4.63, 22.22, 18.25, 666.95, 95.85, 29.95, -44.98, 60.16, 0, 0
2.00, 5.70, 26.99, 26.99, 733.14, 20.00, 4.63, 24.44, 20.41, 671.15, 116.53, 38.67, -29.20, 53.28, 0, 0
2.00, 5.70, 27.66, 27.66, 817.40, 20.00, 4.63, 26.11, 22.05, 607.41, 122.55, 49.67, -10.81, 49.38, 0, 0
2.00, 5.70, 28.05, 28.05, 841.77, 20.00, 4.63, 27.78, 23.60, 430.00, 137.99, 61.64, 8.83, 49.18, 0, 0
2.00, 5.70, 27.86, 27.86, 749.53, 20.00, 4.63, 26.67, 22.57, 190.48, 135.53, 74.00, 27.43, 52.73, 0, 0
2.00, 5.70, 27.44, 27.44, 625.65, 20.00, 4.63, 26.67, 22.57, 39.54, 104.05, 86.38, 43.50, 59.35, 0, 0
2.00, 5.70, 27.53, 27.53, 622.50, 20.00, 4.63, 26.67, 22.57, 0.00, 77.63, 0.00, 56.91, 68.10, 0, 0
2.00, 5.70, 27.74, 27.74, 647.07, 20.00, 4.63, 26.67, 22.57, 0.00, 41.77, 0.00, 68.31, 78.19, 0, 0
2.00, 5.70, 26.94, 26.94, 455.67, 20.00, 4.63, 25.56, 21.44, 0.00, 10.71, 0.00, 78.48, 89.08, 0, 0
2.00, 5.70, 26.68, 26.68, 399.00, 20.00, 4.63, 24.44, 20.41, 0.00, 0.00, 0.00, 0.00, 90.00, 0, 0
2.00, 5.70, 26.55, 26.55, 373.55, 20.00, 4.63, 23.89, 19.80, 0.00, 0.00, 0.00, 0.00, 90.00, 0, 0
2.00, 5.70, 26.41, 26.41, 344.59, 20.00, 4.63, 22.78, 18.68, 0.00, 0.00, 0.00, 0.00, 90.00, 0, 0
2.00, 5.70, 26.25, 26.25, 315.57, 20.00, 4.63, 22.22, 18.16, 0.00, 0.00, 0.00, 0.00, 90.00, 0, 0
2.00, 5.70, 26.07, 26.07, 282.37, 20.00, 4.63, 21.67, 17.55, 0.00, 0.00, 0.00, 0.00, 90.00, 0, 0
2.00, 5.70, 25.84, 25.84, 239.29, 20.00, 4.63, 20.56, 16.43, 0.00, 0.00, 0.00, 0.00, 90.00, 0, 0
2.00, 5.70, 25.57, 25.57, 191.01, 20.00, 4.63, 19.44, 15.31, 0.00, 0.00, 0.00, 0.00, 90.00, 0, 0
2.00, 5.70, 25.23, 25.23, 132.59, 20.00, 4.63, 17.78, 13.59, 0.00, 0.00, 0.00, 0.00, 90.00, 0, 0
2.00, 5.70, 24.89, 24.89, 75.82, 20.00, 4.63, 16.67, 12.48, 0.00, 0.00, 0.00, 0.00, 90.00, 0, 0
2.00, 5.70, 24.49, 24.49, 11.65, 20.00, 4.63, 15.00, 10.85, 0.00, 0.00, 0.00, 0.00, 90.00, 0, 0
2.00, 5.70, 24.09, 24.09, -50.01, 20.00, 4.63, 13.89, 9.74, 0.00, 0.00, 0.00, 0.00, 90.00, 0, 0
2.00, 5.70, 23.64, 23.64, -119.07, 20.00, 4.63, 12.22, 8.03, 0.00, 0.00, 0.00, 0.00, 90.00, 0, 0
2.00, 5.70, 23.32, 23.32, -156.51, 20.00, 4.63, 12.78, 8.63, 0.00, 4.59, 0.00, 0.00, 90.00, 0, 0
2.00, 5.70, 23.55, 23.55, -78.99, 20.00, 4.63, 14.44, 10.25, 60.21, 38.29, 28.61, -69.07, 79.49, 0, 0
2.00, 5.70, 24.59, 24.59, 154.47, 20.00, 4.63, 16.67, 12.56, 298.58, 78.26, 25.66, -57.84, 69.32, 0, 0
2.00, 5.70, 25.96, 25.96, 434.54, 20.00, 4.63, 19.44, 15.31, 571.31, 101.75, 29.64, -44.68, 60.44, 0, 0
2.00, 5.70, 27.10, 27.10, 639.34, 20.00, 4.63, 22.22, 18.07, 691.14, 111.79, 38.44, -28.95, 53.61, 0, 0
2.00, 5.70, 27.68, 27.68, 713.98, 20.00, 4.63, 24.44, 20.22, 565.89, 127.93, 49.48, -10.66, 49.74, 0, 0
2.00, 5.70, 27.82, 27.82, 697.60, 20.00, 4.63, 25.56, 21.35, 322.31, 148.45, 61.48, 8.85, 49.56, 0, 0
2.00, 5.70, 27.81, 27.81, 657.25, 20.00, 4.63, 26.11, 21.86, 236.16, 126.05, 73.84, 27.34, 53.11, 0, 0
2.00, 5.70, 27.45, 27.45, 553.13, 20.00, 4.63, 26.67, 22.47, 45.50, 105.72, 86.22, 43.33, 59.70, 0, 0
2.00, 5.70, 27.48, 27.48, 543.35, 20.00, 4.63, 26.11, 21.86, 0.00, 73.25, 0.00, 56.70, 68.42, 0, 0
2.00, 5.70, 27.77, 27.77, 588.71, 20.00, 4.63, 25.00, 20.83, 0.00, 40.38, 0.00, 68.08, 78.50, 0, 0
2.00, 5.70, 26.73, 26.73, 351.05, 20.00, 4.63, 22.78, 18.58, 0.00, 9.18, 0.00, 78.24, 89.38, 0, 0
2.00, 5.70, 26.43, 26.43, 296.07, 20.00, 4.63, 22.22, 18.07, 0.00, 0.00, 0.00, 0.00, 90.00, 0, 0
2.00, 5.70, 26.23, 26.23, 264.48, 20.00, 4.63, 21.11, 16.95, 0.00, 0.00, 0.00, 0.00, 90.00, 0, 0
2.00, 5.70, 26.07, 26.07, 239.93, 20.00, 4.63, 20.56, 16.43, 0.00, 0.00, 0.00, 0.00, 90.00, 0, 0
2.00, 5.70, 25.85, 25.85, 204.33, 20.00, 4.63, 19.44, 15.31, 0.00, 0.00, 0.00, 0.00, 90.00, 0, 0
2.00, 5.70, 25.59, 25.59, 160.15, 20.00, 4.63, 18.33, 14.19, 0.00, 0.00, 0.00, 0.00, 90.00, 0, 0
2.00, 5.70, 25.31, 25.31, 116.63, 20.00, 4.63, 17.78, 13.59, 0.00, 0.00, 0.00, 0.00, 90.00, 0, 0
2.00, 5.70, 24.99, 24.99, 65.06, 20.00, 4.63, 16.67, 12.48, 0.00, 0.00, 0.00, 0.00, 90.00, 0, 0
2.00, 5.70, 24.66, 24.66, 15.99, 20.00, 4.63, 16.11, 11.87, 0.00, 0.00, 0.00, 0.00, 90.00, 0, 0
2.00, 5.70, 24.29, 24.29, -39.35, 20.00, 4.63, 15.00, 10.85, 0.00, 0.00, 0.00, 0.00, 90.00, 0, 0
2.00, 5.70, 23.93, 23.93, -90.97, 20.00, 4.63, 14.44, 10.25, 0.00, 0.00, 0.00, 0.00, 90.00, 0, 0
2.00, 5.70, 23.53, 23.53, -148.19, 20.00, 4.63, 13.33, 9.14, 0.00, 0.00, 0.00, 0.00, 90.00, 0, 0
2.00, 5.70, 23.14, 23.14, -200.46, 20.00, 4.63, 12.78, 8.63, 0.00, 0.00, 0.00, 0.00, 90.00, 0, 0
2.00, 5.70, 22.86, 22.86, -226.46, 20.00, 4.63, 13.33, 9.14, 0.00, 6.12, 0.00, 0.00, 90.00, 0, 0
2.00, 5.70, 23.15, 23.15, -134.71, 20.00, 4.63, 15.00, 10.85, 69.39, 40.16, 28.25, -68.75, 79.71, 0, 0
2.00, 5.70, 24.12, 24.12, 85.40, 20.00, 4.63, 17.22, 13.08, 275.27, 78.79, 25.29, -57.53, 69.57, 0, 0
2.00, 5.70, 25.29, 25.29, 325.23, 20.00, 4.63, 19.44, 15.31, 494.77, 99.22, 29.34, -44.39, 60.73, 0, 0
2.00, 5.70, 26.14, 26.14, 476.13, 20.00, 4.63, 21.67, 17.55, 487.77, 127.32, 38.21, -28.71, 53.94, 0, 0
2.00, 5.70, 26.81, 26.81, 579.85, 20.00, 4.63, 23.89, 19.71, 449.10, 139.84, 49.30, -10.51, 50.10, 0, 0
2.00, 5.70, 27.19, 27.19, 619.72, 20.00, 4.63, 25.00, 20.83, 357.28, 142.94, 61.32, 8.87, 49.94, 0, 0
2.00, 5.70, 27.13, 27.13, 570.48, 20.00, 4.63, 26.11, 21.96, 180.77, 131.30, 73.69, 27.24, 53.48, 0, 0
2.00, 5.70, 26.88, 26.88, 490.11, 20.00, 4.63, 26.11, 21.96, 34.69, 114.22, 86.07, 43.16, 60.05, 0, 0
2.00, 5.70, 26.76, 26.76, 449.78, 20.00, 4.63, 25.00, 20.93, 0.00, 86.22, 0.00, 56.49, 68.75, 0, 0
2.00, 5.70, 26.71, 26.71, 427.37, 20.00, 4.63, 23.89, 19.80, 0.00, 40.25, 0.00, 67.85, 78.81, 0, 0
2.00, 5.70, 25.94, 25.94, 256.42, 20.00, 4.63, 22.22, 18.16, 0.00, 7.65, 0.00, 78.00, 89.67, 0, 0
2.00, 5.70, 25.67, 25.67, 210.09, 20.00, 4.63, 21.67, 17.64, 0.00, 0.00, 0.00, 0.00, 90.00, 0, 0
2.00, 5.70, 25.51, 25.51, 185.90, 20.00, 4.63, 21.11, 17.04, 0.00, 0.00, 0.00, 0.00, 90.00, 0, 0
2.00, 5.70, 25.35, 25.35, 163.36, 20.00, 4.63, 20.56, 16.52, 0.00, 0.00, 0.00, 0.00, 90.00, 0, 0
2.00, 5.70, 25.17, 25.17, 136.23, 20.00, 4.63, 20.00, 15.92, 0.00, 0.00, 0.00, 0.00, 90.00, 0, 0
2.00, 5.70, 24.93, 24.93, 98.01, 20.00, 4.63, 18.89, 14.88, 0.00, 0.00, 0.00, 0.00, 90.00, 0, 0
2.00, 5.70, 24.68, 24.68, 60.47, 20.00, 4.63, 18.33, 14.28, 0.00, 0.00, 0.00, 0.00, 90.00, 0, 0
2.00, 5.70, 24.42, 24.42, 21.82, 20.00, 4.63, 17.78, 13.68, 0.00, 0.00, 0.00, 0.00, 90.00, 0, 0
2.00, 5.70, 24.15, 24.15, -17.58, 20.00, 4.63, 17.22, 13.16, 0.00, 0.00, 0.00, 0.00, 90.00, 0, 0
2.00, 5.70, 23.86, 23.86, -57.86, 20.00, 4.63, 16.67, 12.56, 0.00, 0.00, 0.00, 0.00, 90.00, 0, 0
2.00, 5.70, 23.57, 23.57, -98.44, 20.00, 4.63, 16.11, 12.05, 0.00, 0.00, 0.00, 0.00, 90.00, 0, 0
2.00, 5.70, 23.26, 23.26, -139.07, 20.00, 4.63, 15.56, 11.53, 0.00, 0.00, 0.00, 0.00, 90.00, 0, 0
2.00, 5.70, 22.95, 22.95, -179.34, 20.00, 4.63, 15.00, 11.02, 0.00, 0.00, 0.00, 0.00, 90.00, 0, 0
2.00, 5.70, 22.67, 22.67, -212.84, 20.00, 4.63, 15.00, 11.02, 0.00, 0.00, 0.00, 0.00, 90.00, 0, 0
2.00, 5.70, 22.97, 22.97, -123.13, 20.00, 4.63, 16.67, 12.73, 45.38, 38.42, 27.89, -68.44, 79.93, 0, 0
2.00, 5.70, 23.49, 23.49, 1.44, 20.00, 4.63, 18.33, 14.36, 86.78, 79.28, 24.92, -57.22, 69.81, 0, 0
2.00, 5.70, 23.31, 23.31, -35.76, 20.00, 4.63, 18.89, 14.96, 2.35, 68.28, 29.04, -44.11, 61.01, 0, 0
2.00, 5.70, 24.33, 24.33, 186.29, 20.00, 4.63, 20.56, 16.60, 123.11, 137.83, 37.98, -28.47, 54.26, 0, 0
2.00, 5.70, 25.03, 25.03, 317.86, 20.00, 4.63, 22.22, 18.25, 148.33, 158.86, 49.12, -10.37, 50.46, 0, 0
2.00, 5.70, 24.75, 24.75, 233.31, 20.00, 4.63, 22.78, 18.76, 13.70, 118.95, 61.16, 8.89, 50.32, 0, 0
2.00, 5.70, 24.81, 24.81, 235.52, 20.00, 4.63, 22.78, 18.76, 6.26, 116.18, 73.53, 27.15, 53.85, 0, 0
2.00, 5.70, 24.89, 24.89, 241.17, 20.00, 4.63, 22.78, 18.85, 3.81, 110.70, 85.90, 42.99, 60.40, 0, 0
2.00, 5.70, 24.79, 24.79, 211.45, 20.00, 4.63, 22.78, 18.85, 0.00, 81.33, 0.00, 56.28, 69.07, 0, 0
2.00, 5.70, 24.44, 24.44, 134.34, 20.00, 4.63, 21.67, 17.73, 0.00, 38.32, 0.00, 67.62, 79.11, 0, 0
2.00, 5.70, 23.95, 23.95, 34.82, 20.00, 4.63, 21.11, 17.21, 0.00, 1.53, 0.00, 77.75, 89.96, 0, 0
2.00, 5.70, 23.73, 23.73, 2.82, 20.00, 4.63, 20.56, 16.60, 0.00, 0.00, 0.00, 0.00, 90.00, 0, 0
2.00, 5.70, 23.56, 23.56, -19.17, 20.00, 4.63, 20.00, 16.08, 0.00, 0.00, 0.00, 0.00, 90.00, 0, 0
2.00, 5.70, 23.40, 23.40, -39.83, 20.00, 4.63, 19.44, 15.56, 0.00, 0.00, 0.00, 0.00, 90.00, 0, 0
2.00, 5.70, 23.22, 23.22, -62.78, 20.00, 4.63, 18.89, 14.96, 0.00, 0.00, 0.00, 0.00, 90.00, 0, 0
2.00, 5.70, 23.03, 23.03, -88.02, 20.00, 4.63, 18.33, 14.44, 0.00, 0.00, 0.00, 0.00, 90.00, 0, 0
2.00, 5.70, 22.83, 22.83, -114.76, 20.00, 4.63, 17.78, 13.92, 0.00, 0.00, 0.00, 0.00, 90.00, 0, 0
2.00, 5.70, 22.61, 22.61, -143.24, 20.00, 4.63, 17.22, 13.25, 0.00, 0.00, 0.00, 0.00, 90.00, 0, 0
2.00, 5.70, 22.41, 22.41, -166.04, 20.00, 4.63, 17.22, 13.25, 0.00, 0.00, 0.00, 0.00, 90.00, 0, 0
2.00, 5.70, 22.19, 22.19, -193.48, 20.00, 4.63, 16.67, 12.73, 0.00, 0.00, 0.00, 0.00, 90.00, 0, 0
2.00, 5.70, 21.96, 21.96, -222.66, 20.00, 4.63, 16.11, 12.21, 0.00, 0.00, 0.00, 0.00, 90.00, 0, 0
2.00, 5.70, 21.75, 21.75, -246.18, 20.00, 4.63, 16.11, 12.21, 0.00, 0.00, 0.00, 0.00, 90.00, 0, 0
2.00, 5.70, 21.52, 21.52, -274.02, 20.00, 4.63, 15.56, 11.69, 0.00, 0.00, 0.00, 0.00, 90.00, 0, 0
2.00, 5.70, 21.30, 21.30, -296.65, 20.00, 4.63, 15.56, 11.69, 0.00, 0.00, 0.00, 0.00, 90.00, 0, 0
2.00, 5.70, 21.48, 21.48, -237.02, 20.00, 4.63, 16.67, 12.81, 10.91, 31.92, 27.53, -68.13, 80.15, 0, 0
2.00, 5.70, 21.60, 21.60, -196.53, 20.00, 4.63, 17.22, 13.40, 0.00, 52.00, 24.55, -56.93, 70.06, 0, 0
2.00, 5.70, 23.68, 23.68, 246.96, 20.00, 4.63, 20.56, 16.68, 432.16, 126.64, 28.74, -43.83, 61.29, 0, 0
2.00, 5.70, 24.14, 24.14, 307.15, 20.00, 4.63, 22.22, 18.33, 242.50, 149.03, 37.76, -28.24, 54.59, 0, 0
2.00, 5.70, 23.80, 23.80, 203.01, 20.00, 4.63, 22.78, 18.85, 22.45, 123.72, 48.94, -10.23, 50.82, 0, 0
2.00, 5.70, 23.97, 23.97, 223.40, 20.00, 4.63, 22.78, 18.85, 16.82, 129.81, 61.00, 8.90, 50.69, 0, 0
2.00, 5.70, 23.41, 23.41, 87.61, 20.00, 4.63, 22.22, 18.25, 0.00, 53.53, 73.38, 27.05, 54.22, 0, 0
2.00, 5.70, 23.51, 23.51, 108.39, 20.00, 4.63, 21.67, 17.64, 0.19, 74.39, 85.74, 42.82, 60.75, 0, 0
2.00, 5.70, 23.20, 23.20, 40.84, 20.00, 4.63, 21.11, 17.12, 0.00, 36.70, 0.00, 56.08, 69.39, 0, 0
2.00, 5.70, 23.00, 23.00, 1.69, 20.00, 4.63, 20.56, 16.60, 0.00, 22.94, 0.00, 67.39, 79.41, 0, 0
2.00, 5.70, 22.70, 22.70, -53.92, 20.00, 4.63, 20.00, 16.00, 0.00, 1.53, 0.00, 0.00, 90.00, 0, 0
2.00, 5.70, 22.53, 22.53, -79.97, 20.00, 4.63, 19.44, 15.48, 0.00, 0.00, 0.00, 0.00, 90.00, 0, 0
2.00, 5.70, 22.37, 22.37, -101.72, 20.00, 4.63, 18.89, 14.88, 0.00, 0.00, 0.00, 0.00, 90.00, 0, 0
2.00, 5.70, 22.20, 22.20, -123.89, 20.00, 4.63, 18.33, 14.28, 0.00, 0.00, 0.00, 0.00, 90.00, 0, 0
2.00, 5.70, 22.02, 22.02, -147.81, 20.00, 4.63, 17.78, 13.76, 0.00, 0.00, 0.00, 0.00, 90.00, 0, 0
2.00, 5.70, 21.83, 21.83, -173.87, 20.00, 4.63, 17.22, 13.16, 0.00, 0.00, 0.00, 0.00, 90.00, 0, 0
2.00, 5.70, 21.63, 21.63, -201.27, 20.00, 4.63, 16.67, 12.56, 0.00, 0.00, 0.00, 0.00, 90.00, 0, 0
2.00, 5.70, 21.39, 21.39, -236.20, 20.00, 4.63, 15.56, 11.53, 0.00, 0.00, 0.00, 0.00, 90.00, 0, 0
2.00, 5.70, 21.15, 21.15, -268.35, 20.00, 4.63, 15.00, 10.93, 0.00, 0.00, 0.00, 0.00, 90.00, 0, 0
2.00, 5.70, 20.87, 20.87, -307.03, 20.00, 4.63, 13.89, 9.82, 0.00, 0.00, 0.00, 0.00, 90.00, 0, 0
2.00, 5.70, 20.56, 20.56, -348.96, 20.00, 4.63, 12.78, 8.71, 0.00, 0.00, 0.00, 0.00, 90.00, 0, 0
2.00, 5.70, 20.24, 20.24, -393.39, 20.00, 4.63, 11.67, 7.60, 0.00, 0.00, 0.00, 0.00, 90.00, 0, 0
2.00, 5.70, 19.93, 19.93, -433.59, 20.00, 4.63, 11.11, 6.92, 0.00, 0.00, 0.00, 0.00, 90.00, 0, 0
2.00, 5.70, 19.58, 19.58, -479.44, 20.00, 4.63, 10.00, 5.90, 0.00, 0.00, 0.00, 0.00, 90.00, 0, 0
2.00, 5.70, 20.18, 20.18, -323.38, 20.00, 4.63, 13.33, 9.22, 130.33, 38.20, 27.17, -67.83, 80.37, 0, 0
2.00, 5.70, 20.63, 20.63, -219.82, 20.00, 4.63, 15.00, 10.93, 121.97, 75.96, 24.19, -56.63, 70.31, 0, 0
2.00, 5.70, 22.29, 22.29, 128.00, 20.00, 4.63, 17.78, 13.68, 502.82, 107.97, 28.45, -43.56, 61.58, 0, 0
2.00, 5.70, 23.50, 23.50, 347.24, 20.00, 4.63, 20.00, 15.83, 628.47, 120.95, 37.54, -28.02, 54.91, 0, 0
2.00, 5.70, 23.89, 23.89, 381.21, 20.00, 4.63, 21.11, 17.04, 414.02, 145.31, 48.75, -10.10, 51.18, 0, 0
2.00, 5.70, 23.96, 23.96, 352.78, 20.00, 4.63, 21.67, 17.55, 196.75, 158.94, 60.84, 8.91, 51.06, 0, 0
2.00, 5.70, 23.85, 23.85, 296.61, 20.00, 4.63, 21.67, 17.55, 70.12, 147.16, 73.22, 26.95, 54.58, 0, 0
2.00, 5.70, 23.65, 23.65, 229.93, 20.00, 4.63, 21.11, 17.04, 21.98, 118.66, 85.58, 42.65, 61.09, 0, 0
2.00, 5.70, 23.55, 23.55, 194.36, 20.00, 4.63, 20.56, 16.43, 0.00, 82.28, 0.00, 55.87, 69.71, 0, 0
2.00, 5.70, 23.08, 23.08, 84.65, 20.00, 4.63, 18.89, 14.80, 0.00, 34.34, 0.00, 67.17, 79.70, 0, 0
2.00, 5.70, 22.53, 22.53, -29.82, 20.00, 4.63, 18.33, 14.28, 0.00, 1.53, 0.00, 0.00, 90.00, 0, 0
2.00, 5.70, 22.30, 22.30, -66.24, 20.00, 4.63, 17.78, 13.76, 0.00, 0.00, 0.00, 0.00, 90.00, 0, 0
2.00, 5.70, 22.13, 22.13, -91.23, 20.00, 4.63, 17.22, 13.25, 0.00, 0.00, 0.00, 0.00, 90.00, 0, 0
2.00, 5.70, 21.95, 21.95, -116.67, 20.00, 4.63, 16.67, 12.65, 0.00, 0.00, 0.00, 0.00, 90.00, 0, 0
2.00, 5.70, 21.78, 21.78, -139.22, 20.00, 4.63, 16.67, 12.65, 0.00, 0.00, 0.00, 0.00, 90.00, 0, 0
2.00, 5.70, 21.58, 21.58, -169.40, 20.00, 4.63, 16.11, 12.05, 0.00, 0.00, 0.00, 0.00, 90.00, 0, 0
2.00, 5.70, 21.35, 21.35, -202.64, 20.00, 4.63, 15.56, 11.53, 0.00, 0.00, 0.00, 0.00, 90.00, 0, 0
2.00, 5.70, 21.14, 21.14, -231.14, 20.00, 4.63, 15.56, 11.45, 0.00, 0.00, 0.00, 0.00, 90.00, 0, 0
2.00, 5.70, 20.90, 20.90, -264.16, 20.00, 4.63, 15.00, 10.93, 0.00, 0.00, 0.00, 0.00, 90.00, 0, 0
2.00, 5.70, 20.69, 20.69, -291.86, 20.00, 4.63, 15.00, 10.93, 0.00, 0.00, 0.00, 0.00, 90.00, 0, 0
2.00, 5.70, 20.47, 20.47, -317.26, 20.00, 4.63, 15.00, 10.93, 0.00, 0.00, 0.00, 0.00, 90.00, 0, 0
2.00, 5.70, 20.27, 20.27, -340.92, 20.00, 4.63, 15.00, 10.93, 0.00, 0.00, 0.00, 0.00, 90.00, 0, 0
2.00, 5.70, 20.04, 20.04, -369.42, 20.00, 4.63, 14.44, 10.50, 0.00, 0.00, 0.00, 0.00, 90.00, 0, 0
2.00, 5.70, 19.83, 19.83, -392.60, 20.00, 4.63, 14.44, 10.50, 0.00, 0.00, 0.00, 0.00, 90.00, 0, 0
2.00, 5.70, 19.99, 19.99, -337.64, 20.00, 4.63, 16.11, 12.13, 2.49, 28.69, 26.82, -67.53, 80.59, 0, 0
2.00, 5.70, 20.39, 20.39, -240.91, 20.00, 4.63, 17.22, 13.25, 14.94, 67.36, 23.83, -56.34, 70.56, 0, 0
2.00, 5.70, 20.90, 20.90, -131.32, 20.00, 4.63, 18.33, 14.36, 31.38, 101.70, 28.16, -43.29, 61.86, 0, 0
2.00, 5.70, 21.45, 21.45, -22.90, 20.00, 4.63, 19.44, 15.48, 51.38, 127.25, 37.31, -27.81, 55.23, 0, 0
2.00, 5.70, 21.86, 21.86, 47.40, 20.00, 4.63, 20.00, 16.08, 34.99, 142.59, 48.58, -9.97, 51.53, 0, 0
2.00, 5.70, 22.19, 22.19, 97.48, 20.00, 4.63, 20.56, 16.60, 43.26, 140.97, 60.68, 8.92, 51.43, 0, 0
2.00, 5.70, 21.91, 21.91, 17.28, 20.00, 4.63, 20.56, 16.60, 2.76, 89.82, 73.07, 26.85, 54.94, 0, 0
2.00, 5.70, 21.56, 21.56, -65.00, 20.00, 4.63, 20.00, 16.00, 0.00, 47.41, 85.42, 42.48, 61.42, 0, 0
2.00, 5.70, 21.14, 21.14, -152.25, 20.00, 4.63, 18.89, 14.96, 0.00, 12.23, 0.00, 55.66, 70.02, 0, 0
2.00, 5.70, 20.91, 20.91, -191.35, 20.00, 4.63, 18.33, 14.36, 0.00, 4.59, 0.00, 66.94, 80.00, 0, 0
2.00, 5.70, 20.73, 20.73, -219.14, 20.00, 4.63, 17.78, 13.92, 0.00, 0.00, 0.00, 0.00, 90.00, 0, 0
2.00, 5.70, 20.62, 20.62, -231.51, 20.00, 4.63, 17.78, 13.92, 0.00, 0.00, 0.00, 0.00, 90.00, 0, 0
2.00, 5.70, 20.52, 20.52, -241.53, 20.00, 4.63, 17.78, 13.92, 0.00, 0.00, 0.00, 0.00, 90.00, 0, 0
2.00, 5.70, 20.42, 20.42, -251.46, 20.00, 4.63, 17.78, 13.92, 0.00, 0.00, 0.00, 0.00, 90.00, 0, 0
2.00, 5.70, 20.28, 20.28, -269.11, 20.00, 4.63, 17.22, 13.33, 0.00, 0.00, 0.00, 0.00, 90.00, 0, 0
2.00, 5.70, 20.16, 20.16, -283.43, 20.00, 4.63, 17.22, 13.33, 0.00, 0.00, 0.00, 0.00, 90.00, 0, 0
2.00, 5.70, 20.04, 20.04, -296.31, 20.00, 4.63, 17.22, 13.33, 0.00, 0.00, 0.00, 0.00, 90.00, 0, 0
2.00, 5.70, 19.90, 19.90, -315.11, 20.00, 4.63, 16.67, 12.73, 0.00, 0.00, 0.00, 0.00, 90.00, 0, 0
2.00, 5.70, 19.77, 19.77, -329.34, 20.00, 4.63, 16.67, 12.73, 0.00, 0.00, 0.00, 0.00, 90.00, 0, 0
2.00, 5.70, 19.65, 19.65, -341.85, 20.00, 4.63, 16.67, 12.73, 0.00, 0.00, 0.00, 0.00, 90.00, 0, 0
2.00, 5.70, 19.50, 19.50, -359.95, 20.00, 4.63, 16.11, 12.21, 0.00, 0.00, 0.00, 0.00, 90.00, 0, 0
2.00, 5.70, 19.37, 19.37, -373.50, 20.00, 4.63, 16.11, 12.21, 0.00, 0.00, 0.00, 0.00, 90.00, 0, 0
2.00, 5.70, 19.21, 19.21, -391.80, 20.00, 4.63, 15.56, 11.76, 0.00, 0.00, 0.00, 0.00, 90.00, 0, 0
2.00, 5.70, 19.08, 19.08, -405.54, 20.00, 4.63, 15.56, 11.69, 0.00, 0.00, 0.00, 0.00, 90.00, 0, 0
2.00, 5.70, 19.30, 19.30, -344.64, 20.00, 4.63, 17.22, 13.40, 2.53, 27.17, 26.48, -67.24, 80.81, 0, 0
2.00, 5.70, 19.39, 19.39, -318.07, 20.00, 4.63, 17.22, 13.40, 0.00, 36.70, 23.47, -56.06, 70.80, 0, 0
2.00, 5.70, 19.62, 19.62, -263.68, 20.00, 4.63, 17.78, 14.00, 0.00, 58.11, 27.87, -43.03, 62.14, 0, 0
2.00, 5.70, 20.14, 20.14, -155.44, 20.00, 4.63, 18.89, 15.04, 9.83, 96.87, 37.10, -27.60, 55.55, 0, 0
2.00, 5.70, 20.03, 20.03, -189.80, 20.00, 4.63, 18.89, 15.04, 0.00, 62.70, 48.40, -9.85, 51.88, 0, 0
2.00, 5.70, 19.96, 19.96, -207.88, 20.00, 4.63, 18.33, 14.52, 0.00, 52.00, 60.52, 8.92, 51.79, 0, 0
2.00, 5.70, 20.01, 20.01, -198.82, 20.00, 4.63, 18.33, 14.52, 0.00, 55.06, 72.91, 26.76, 55.29, 0, 0
2.00, 5.70, 20.06, 20.06, -190.08, 20.00, 4.63, 18.33, 14.52, 0.00, 55.06, 85.26, 42.32, 61.75, 0, 0
2.00, 5.70, 19.81, 19.81, -244.15, 20.00, 4.63, 18.33, 14.44, 0.00, 21.41, 0.00, 55.46, 70.33, 0, 0
2.00, 5.70, 19.60, 19.60, -285.63, 20.00, 4.63, 17.78, 13.92, 0.00, 6.12, 0.00, 66.71, 80.28, 0, 0
2.00, 5.70, 19.42, 19.42, -314.24, 20.00, 4.63, 17.22, 13.40, 0.00, 0.00, 0.00, 0.00, 90.00, 0, 0
2.00, 5.70, 19.33, 19.33, -325.47, 20.00, 4.63, 17.22, 13.40, 0.00, 0.00, 0.00, 0.00, 90.00, 0, 0
2.00, 5.70, 19.24, 19.24, -333.33, 20.00, 4.63, 17.22, 13.40, 0.00, 0.00, 0.00, 0.00, 90.00, 0, 0
2.00, 5.70, 19.14, 19.14, -346.99, 20.00, 4.63, 16.67, 12.88, 0.00, 0.00, 0.00, 0.00, 90.00, 0, 0
2.00, 5.70, 19.04, 19.04, -357.33, 20.00, 4.63, 16.67, 12.88, 0.00, 0.00, 0.00, 0.00, 90.00, 0, 0
2.00, 5.70, 18.91, 18.91, -373.97, 20.00, 4.63, 16.11, 12.28, 0.00, 0.00, 0.00, 0.00, 90.00, 0, 0
2.00, 5.70, 18.81, 18.81, -386.06, 20.00, 4.63, 16.11, 12.28, 0.00, 0.00, 0.00, 0.00, 90.00, 0, 0
2.00, 5.70, 18.70, 18.70, -396.71, 20.00, 4.63, 16.11, 12.28, 0.00, 0.00, 0.00, 0.00, 90.00, 0, 0
2.00, 5.70, 18.57, 18.57, -413.46, 20.00, 4.63, 15.56, 11.69, 0.00, 0.00, 0.00, 0.00, 90.00, 0, 0
2.00, 5.70, 18.46, 18.46, -425.86, 20.00, 4.63, 15.56, 11.69, 0.00, 0.00, 0.00, 0.00, 90.00, 0, 0
2.00, 5.70, 18.35, 18.35, -436.76, 20.00, 4.63, 15.56, 11.69, 0.00, 0.00, 0.00, 0.00, 90.00, 0, 0
2.00, 5.70, 18.21, 18.21, -453.43, 20.00, 4.63, 15.00, 11.17, 0.00, 0.00, 0.00, 0.00, 90.00, 0, 0
2.00, 5.70, 18.09, 18.09, -465.69, 20.00, 4.63, 15.00, 11.17, 0.00, 0.00, 0.00, 0.00, 90.00, 0, 0
2.00, 5.70, 17.98, 17.98, -476.45, 20.00, 4.63, 15.00, 11.17, 0.00, 0.00, 0.00, 0.00, 90.00, 0, 0
2.00, 5.70, 17.91, 17.91, -477.52, 20.00, 4.63, 15.00, 11.24, 0.00, 4.59, 26.14, -66.95, 81.03, 0, 0
2.00, 5.70, 17.83, 17.83, -481.79, 20.00, 4.63, 15.00, 11.24, 0.00, 6.12, 23.11, -55.78, 71.05, 0, 0
2.00, 5.70, 17.72, 17.72, -494.26, 20.00, 4.63, 15.00, 11.24, 0.00, 3.06, 27.58, -42.78, 62.42, 0, 0
2.00, 5.70, 17.78, 17.78, -469.82, 20.00, 4.63, 15.56, 11.76, 0.00, 16.82, 36.88, -27.39, 55.87, 0, 0
2.00, 5.70, 17.93, 17.93, -427.70, 20.00, 4.63, 15.56, 11.76, 0.00, 38.23, 48.22, -9.74, 52.23, 0, 0
2.00, 5.70, 18.06, 18.06, -397.61, 20.00, 4.63, 16.11, 12.28, 0.00, 45.88, 60.36, 8.92, 52.15, 0, 0
2.00, 5.70, 17.97, 17.97, -415.08, 20.00, 4.63, 16.11, 12.28, 0.00, 30.59, 72.76, 26.65, 55.64, 0, 0
2.00, 5.70, 18.02, 18.02, -399.80, 20.00, 4.63, 16.11, 12.28, 0.00, 38.23, 85.10, 42.15, 62.08, 0, 0
2.00, 5.70, 18.04, 18.04, -393.04, 20.00, 4.63, 16.67, 12.88, 0.00, 35.17, 0.00, 55.25, 70.63, 0, 0
2.00, 5.70, 17.78, 17.78, -444.41, 20.00, 4.63, 16.11, 12.36, 0.00, 7.65, 0.00, 66.49, 80.57, 0, 0
2.00, 5.70, 17.64, 17.64, -467.18, 20.00, 4.63, 16.11, 12.36, 0.00, 0.00, 0.00, 0.00, 90.00, 0, 0
2.00, 5.70, 17.56, 17.56, -474.15, 20.00, 4.63, 16.11, 12.36, 0.00, 0.00, 0.00, 0.00, 90.00, 0, 0
2.00, 5.70, 17.50, 17.50, -477.96, 20.00, 4.63, 16.11, 12.36, 0.00, 0.00, 0.00, 0.00, 90.00, 0, 0
2.00, 5.70, 17.44, 17.44, -480.62, 20.00, 4.63, 16.11, 12.43, 0.00, 0.00, 0.00, 0.00, 90.00, 0, 0
2.00, 5.70, 17.39, 17.39, -483.67, 20.00, 4.63, 16.11, 12.43, 0.00, 0.00, 0.00, 0.00, 90.00, 0, 0
2.00, 5.70, 17.33, 17.33, -487.36, 20.00, 4.63, 16.11, 12.36, 0.00, 0.00, 0.00, 0.00, 90.00, 0, 0
2.00, 5.70, 17.28, 17.28, -490.75, 20.00, 4.63, 16.11, 12.36, 0.00, 0.00, 0.00, 0.00, 90.00, 0, 0
2.00, 5.70, 17.22, 17.22, -493.85, 20.00, 4.63, 16.11, 12.36, 0.00, 0.00, 0.00, 0.00, 90.00, 0, 0
2.00, 5.70, 17.17, 17.17, -496.70, 20.00, 4.63, 16.11, 12.36, 0.00, 0.00, 0.00, 0.00, 90.00, 0, 0
2.00, 5.70, 17.16, 17.16, -492.69, 20.00, 4.63, 16.67, 12.88, 0.00, 0.00, 0.00, 0.00, 90.00, 0, 0
2.00, 5.70, 17.13, 17.13, -492.33, 20.00, 4.63, 16.67, 12.88, 0.00, 0.00, 0.00, 0.00, 90.00, 0, 0
2.00, 5.70, 17.09, 17.09, -492.58, 20.00, 4.63, 16.67, 12.95, 0.00, 0.00, 0.00, 0.00, 90.00, 0, 0
2.00, 5.70, 17.06, 17.06, -492.75, 20.00, 4.63, 16.67, 12.95, 0.00, 0.00, 0.00, 0.00, 90.00, 0, 0
2.00, 5.70, 17.03, 17.03, -492.79, 20.00, 4.63, 16.67, 12.95, 0.00, 0.00, 0.00, 0.00, 90.00, 0, 0
2.00, 5.70, 17.20, 17.20, -453.28, 20.00, 4.63, 17.78, 14.07, 0.00, 13.76, 25.80, -66.67, 81.25, 0, 0
2.00, 5.70, 17.40, 17.40, -408.50, 20.00, 4.63, 18.33, 14.59, 0.00, 27.53, 22.76, -55.51, 71.30, 0, 0
2.00, 5.70, 17.78, 17.78, -332.73, 20.00, 4.63, 18.89, 15.19, 0.00, 55.06, 27.30, -42.53, 62.70, 0, 0
2.00, 5.70, 18.22, 18.22, -249.06, 20.00, 4.63, 19.44, 15.71, 2.48, 80.43, 36.66, -27.19, 56.19, 0, 0
2.00, 5.70, 18.18, 18.18, -273.42, 20.00, 4.63, 20.00, 16.24, 0.00, 45.88, 48.04, -9.63, 52.58, 0, 0
2.00, 5.70, 18.73, 18.73, -169.50, 20.00, 4.63, 20.56, 16.76, 3.14, 88.86, 60.20, 8.92, 52.51, 0, 0
2.00, 5.70, 19.03, 19.03, -125.37, 20.00, 4.63, 20.56, 16.76, 1.89, 92.03, 72.60, 26.55, 55.99, 0, 0
2.00, 5.70, 19.33, 19.33, -83.64, 20.00, 4.63, 21.11, 17.28, 2.09, 93.20, 84.93, 41.98, 62.41, 0, 0
2.00, 5.70, 18.97, 18.97, -182.22, 20.00, 4.63, 20.56, 16.76, 0.00, 27.53, 0.00, 55.05, 70.93, 0, 0
2.00, 5.70, 18.80, 18.80, -227.58, 20.00, 4.63, 20.00, 16.16, 0.00, 9.18, 0.00, 66.26, 80.85, 0, 0
2.00, 5.70, 18.72, 18.72, -249.73, 20.00, 4.63, 20.00, 16.16, 0.00, 0.00, 0.00, 0.00, 90.00, 0, 0
2.00, 5.70, 18.69, 18.69, -258.52, 20.00, 4.63, 19.44, 15.56, 0.00, 0.00, 0.00, 0.00, 90.00, 0, 0
2.00, 5.70, 18.66, 18.66, -267.07, 20.00, 4.63, 18.89, 15.04, 0.00, 0.00, 0.00, 0.00, 90.00, 0, 0
2.00, 5.70, 18.62, 18.62, -277.23, 20.00, 4.63, 18.33, 14.52, 0.00, 0.00, 0.00, 0.00, 90.00, 0, 0
2.00, 5.70, 18.59, 18.59, -283.72, 20.00, 4.63, 18.33, 14.44, 0.00, 0.00, 0.00, 0.00, 90.00, 0, 0
2.00, 5.70, 18.53, 18.53, -296.73, 20.00, 4.63, 17.78, 13.85, 0.00, 0.00, 0.00, 0.00, 90.00, 0, 0
2.00, 5.70, 18.49, 18.49, -305.82, 20.00, 4.63, 17.78, 13.85, 0.00, 0.00, 0.00, 0.00, 90.00, 0, 0
2.00, 5.70, 18.38, 18.38, -327.53, 20.00, 4.63, 16.67, 12.73, 0.00, 0.00, 0.00, 0.00, 90.00, 0, 0
2.00, 5.70, 18.24, 18.24, -354.69, 20.00, 4.63, 15.56, 11.61, 0.00, 0.00, 0.00, 0.00, 90.00, 0, 0
2.00, 5.70, 18.07, 18.07, -385.38, 20.00, 4.63, 14.44, 10.50, 0.00, 0.00, 0.00, 0.00, 90.00, 0, 0
2.00, 5.70, 17.91, 17.91, -412.24, 20.00, 4.63, 13.89, 9.90, 0.00, 0.00, 0.00, 0.00, 90.00, 0, 0
2.00, 5.70, 17.71, 17.71, -445.70, 20.00, 4.63, 12.78, 8.79, 0.00, 0.00, 0.00, 0.00, 90.00, 0, 0
2.00, 5.70, 17.48, 17.48, -482.95, 20.00, 4.63, 11.67, 7.60, 0.00, 0.00, 0.00, 0.00, 90.00, 0, 0
2.00, 5.70, 17.25, 17.25, -516.73, 20.00, 4.63, 11.11, 7.01, 0.00, 0.00, 0.00, 0.00, 90.00, 0, 0
2.00, 5.70, 17.60, 17.60, -428.89, 20.00, 4.63, 13.33, 9.31, 49.94, 30.37, 25.47, -66.39, 81.47, 0, 0
2.00, 5.70, 18.67, 18.67, -202.00, 20.00, 4.63, 15.56, 11.53, 244.83, 71.43, 22.41, -55.24, 71.54, 0, 0
2.00, 5.70, 20.16, 20.16, 89.20, 20.00, 4.63, 18.33, 14.28, 510.19, 97.29, 27.02, -42.29, 62.98, 0, 0
2.00, 5.70, 21.39, 21.39, 301.77, 20.00, 4.63, 20.00, 15.92, 621.99, 115.74, 36.45, -27.00, 56.50, 0, 0
2.00, 5.70, 22.30, 22.30, 434.60, 20.00, 4.63, 22.22, 18.07, 594.11, 128.88, 47.87, -9.53, 52.92, 0, 0
2.00, 5.70, 22.57, 22.57, 427.29, 20.00, 4.63, 23.33, 19.19, 393.82, 130.25, 60.04, 8.91, 52.86, 0, 0
2.00, 5.70, 22.58, 22.58, 374.65, 20.00, 4.63, 23.89, 19.71, 216.96, 121.09, 72.44, 26.45, 56.33, 0, 0
2.00, 5.70, 22.26, 22.26, 264.89, 20.00, 4.63, 23.89, 19.71, 67.53, 88.37, 84.77, 41.81, 62.73, 0, 0
2.00, 5.70, 22.33, 22.33, 251.89, 20.00, 4.63, 22.78, 18.58, 0.00, 73.35, 0.00, 54.84, 71.23, 0, 0
2.00, 5.70, 22.21, 22.21, 201.74, 20.00, 4.63, 21.11, 16.95, 0.00, 37.29, 0.00, 66.04, 81.12, 0, 0
2.00, 5.70, 21.63, 21.63, 60.89, 20.00, 4.63, 20.56, 16.34, 0.00, 1.53, 0.00, 0.00, 90.00, 0, 0
2.00, 5.70, 21.50, 21.50, 27.69, 20.00, 4.63, 19.44, 15.31, 0.00, 0.00, 0.00, 0.00, 90.00, 0, 0
2.00, 5.70, 21.43, 21.43, 9.96, 20.00, 4.63, 18.89, 14.71, 0.00, 0.00, 0.00, 0.00, 90.00, 0, 0
2.00, 5.70, 21.32, 21.32, -15.47, 20.00, 4.63, 17.78, 13.59, 0.00, 0.00, 0.00, 0.00, 90.00, 0, 0
2.00, 5.70, 21.16, 21.16, -49.94, 20.00, 4.63, 16.67, 12.48, 0.00, 0.00, 0.00, 0.00, 90.00, 0, 0
2.00, 5.70, 20.96, 20.96, -92.08, 20.00, 4.63, 15.56, 11.36, 0.00, 0.00, 0.00, 0.00, 90.00, 0, 0
2.00, 5.70, 20.75, 20.75, -132.95, 20.00, 4.63, 15.00, 10.76, 0.00, 0.00, 0.00, 0.00, 90.00, 0, 0
2.00, 5.70, 20.49, 20.49, -181.70, 20.00, 4.63, 13.89, 9.65, 0.00, 0.00, 0.00, 0.00, 90.00, 0, 0
2.00, 5.70, 20.22, 20.22, -228.00, 20.00, 4.63, 13.33, 9.05, 0.00, 0.00, 0.00, 0.00, 90.00, 0, 0
2.00, 5.70, 19.94, 19.94, -274.34, 20.00, 4.63, 12.78, 8.45, 0.00, 0.00, 0.00, 0.00, 90.00, 0, 0
2.00, 5.70, 19.62, 19.62, -327.45, 20.00, 4.63, 11.67, 7.34, 0.00, 0.00, 0.00, 0.00, 90.00, 0, 0
2.00, 5.70, 19.30, 19.30, -376.57, 20.00, 4.63, 11.11, 6.83, 0.00, 0.00, 0.00, 0.00, 90.00, 0, 0
2.00, 5.70, 18.95, 18.95, -431.19, 20.00, 4.63, 10.00, 5.73, 0.00, 0.00, 0.00, 0.00, 90.00, 0, 0
2.00, 5.70, 18.60, 18.60, -481.33, 20.00, 4.63, 9.44, 5.13, 0.00, 0.00, 0.00, 0.00, 90.00, 0, 0
2.00, 5.70, 18.84, 18.84, -406.10, 20.00, 4.63, 11.67, 7.34, 47.90, 32.39, 25.14, -66.11, 81.69, 0, 0
2.00, 5.70, 19.61, 19.61, -232.53, 20.00, 4.63, 13.89, 9.56, 180.43, 71.70, 22.07, -54.98, 71.79, 0, 0
2.00, 5.70, 21.09, 21.09, 71.44, 20.00, 4.63, 16.11, 11.78, 488.78, 104.87, 26.74, -42.05, 63.26, 0, 0
2.00, 5.70, 21.57, 21.57, 139.46, 20.00, 4.63, 17.78, 13.50, 344.71, 132.34, 36.24, -26.82, 56.82, 0, 0
2.00, 5.70, 22.04, 22.04, 202.95, 20.00, 4.63, 18.89, 14.51, 285.62, 147.22, 47.70, -9.43, 53.26, 0, 0
2.00, 5.70, 22.59, 22.59, 283.09, 20.00, 4.63, 20.00, 15.63, 329.23, 141.51, 59.88, 8.91, 53.21, 0, 0
2.00, 5.70, 22.65, 22.65, 256.83, 20.00, 4.63, 21.11, 16.75, 264.90, 108.03, 72.29, 26.35, 56.67, 0, 0
2.00, 5.70, 22.31, 22.31, 155.51, 20.00, 4.63, 21.11, 16.75, 62.27, 93.46, 84.60, 41.64, 63.04, 0, 0
2.00, 5.70, 22.14, 22.14, 102.93, 20.00, 4.63, 20.00, 15.63, 0.00, 65.36, 0.00, 54.64, 71.52, 0, 0
2.00, 5.70, 22.08, 22.08, 78.25, 20.00, 4.63, 18.89, 14.51, 0.00, 32.30, 0.00, 65.81, 81.39, 0, 0
2.00, 5.70, 21.38, 21.38, -77.17, 20.00, 4.63, 17.78, 13.50, 0.00, 1.53, 0.00, 0.00, 90.00, 0, 0
2.00, 5.70, 21.19, 21.19, -109.36, 20.00, 4.63, 17.22, 12.99, 0.00, 0.00, 0.00, 0.00, 90.00, 0, 0
2.00, 5.70, 21.06, 21.06, -129.36, 20.00, 4.63, 16.67, 12.38, 0.00, 0.00, 0.00, 0.00, 90.00, 0, 0
2.00, 5.70, 20.89, 20.89, -156.78, 20.00, 4.63, 15.56, 11.27, 0.00, 0.00, 0.00, 0.00, 90.00, 0, 0
2.00, 5.70, 20.71, 20.71, -186.01, 20.00, 4.63, 15.00, 10.67, 0.00, 0.00, 0.00, 0.00, 90.00, 0, 0
2.00, 5.70, 20.51, 20.51, -219.40, 20.00, 4.63, 14.44, 10.16, 0.00, 0.00, 0.00, 0.00, 90.00, 0, 0
2.00, 5.70, 20.25, 20.25, -262.66, 20.00, 4.63, 13.33, 9.05, 0.00, 0.00, 0.00, 0.00, 90.00, 0, 0
2.00, 5.70, 20.01, 20.01, -297.91, 20.00, 4.63, 13.33, 8.95, 0.00, 0.00, 0.00, 0.00, 90.00, 0, 0
2.00, 5.70, 19.75, 19.75, -337.26, 20.00, 4.63, 12.78, 8.45, 0.00, 0.00, 0.00, 0.00, 90.00, 0, 0
2.00, 5.70, 19.44, 19.44, -384.79, 20.00, 4.63, 11.67, 7.34, 0.00, 0.00, 0.00, 0.00, 90.00, 0, 0
2.00, 5.70, 19.13, 19.13, -429.24, 20.00, 4.63, 11.11, 6.74, 0.00, 0.00, 0.00, 0.00, 90.00, 0, 0
2.00, 5.70, 18.82, 18.82, -472.55, 20.00, 4.63, 10.56, 6.24, 0.00, 0.00, 0.00, 0.00, 90.00, 0, 0
2.00, 5.70, 18.50, 18.50, -515.19, 20.00, 4.63, 10.00, 5.73, 0.00, 0.00, 0.00, 0.00, 90.00, 0, 0
2.00, 5.70, 18.18, 18.18, -557.75, 20.00, 4.63, 9.44, 5.13, 0.00, 0.00, 0.00, 0.00, 90.00, 0, 0
2.00, 5.70, 18.38, 18.38, -487.93, 20.00, 4.63, 11.67, 7.34, 39.04, 29.06, 24.82, -65.84, 81.91, 0, 0
2.00, 5.70, 18.48, 18.48, -450.58, 20.00, 4.63, 12.22, 7.94, 9.89, 56.38, 21.73, -54.73, 72.03, 0, 0
2.00, 5.70, 19.26, 19.26, -275.81, 20.00, 4.63, 14.44, 10.16, 103.49, 104.89, 26.47, -41.82, 63.54, 0, 0
2.00, 5.70, 19.83, 19.83, -162.22, 20.00, 4.63, 15.56, 11.27, 100.31, 137.73, 36.03, -26.64, 57.13, 0, 0
2.00, 5.70, 20.54, 20.54, -28.31, 20.00, 4.63, 17.22, 12.89, 168.66, 153.15, 47.52, -9.33, 53.60, 0, 0
2.00, 5.70, 20.94, 20.94, 31.16, 20.00, 4.63, 17.78, 13.50, 163.80, 151.51, 59.73, 8.89, 53.56, 0, 0
2.00, 5.70, 21.31, 21.31, 81.77, 20.00, 4.63, 18.89, 14.61, 199.40, 134.00, 72.13, 26.24, 57.00, 0, 0
2.00, 5.70, 21.00, 21.00, -9.55, 20.00, 4.63, 18.89, 14.61, 26.17, 109.71, 84.44, 41.48, 63.35, 0, 0
2.00, 5.70, 20.82, 20.82, -60.73, 20.00, 4.63, 18.89, 14.51, 0.00, 69.53, 0.00, 54.44, 71.81, 0, 0
2.00, 5.70, 20.64, 20.64, -105.80, 20.00, 4.63, 17.78, 13.40, 0.00, 30.93, 0.00, 65.59, 81.66, 0, 0
2.00, 5.70, 20.01, 20.01, -241.30, 20.00, 4.63, 16.67, 12.38, 0.00, 0.00, 0.00, 0.00, 90.00, 0, 0
2.00, 5.70, 19.82, 19.82, -269.95, 20.00, 4.63, 16.11, 11.87, 0.00, 0.00, 0.00, 0.00, 90.00, 0, 0
2.00, 5.70, 19.68, 19.68, -288.32, 20.00, 4.63, 15.56, 11.27, 0.00, 0.00, 0.00, 0.00, 90.00, 0, 0
2.00, 5.70, 19.54, 19.54, -306.27, 20.00, 4.63, 15.00, 10.76, 0.00, 0.00, 0.00, 0.00, 90.00, 0, 0
2.00, 5.70, 19.39, 19.39, -328.72, 20.00, 4.63, 14.44, 10.16, 0.00, 0.00, 0.00, 0.00, 90.00, 0, 0
2.00, 5.70, 19.17, 19.17, -362.34, 20.00, 4.63, 13.33, 9.05, 0.00, 0.00, 0.00, 0.00, 90.00, 0, 0
2.00, 5.70, 18.95, 18.95, -394.92, 20.00, 4.63, 12.78, 8.54, 0.00, 0.00, 0.00, 0.00, 90.00, 0, 0
2.00, 5.70, 18.71, 18.71, -428.79, 20.00, 4.63, 12.22, 7.94, 0.00, 0.00, 0.00, 0.00, 90.00, 0, 0
2.00, 5.70, 18.46, 18.46, -463.92, 20.00, 4.63, 11.67, 7.34, 0.00, 0.00, 0.00, 0.00, 90.00, 0, 0
2.00, 5.70, 18.20, 18.20, -500.18, 20.00, 4.63, 11.11, 6.74, 0.00, 0.00, 0.00, 0.00, 90.00, 0, 0
2.00, 5.70, 17.93, 17.93, -537.00, 20.00, 4.63, 10.56, 6.24, 0.00, 0.00, 0.00, 0.00, 90.00, 0, 0
2.00, 5.70, 17.64, 17.64, -574.44, 20.00, 4.63, 10.00, 5.64, 0.00, 0.00, 0.00, 0.00, 90.00, 0, 0
2.00, 5.70, 17.35, 17.35, -611.98, 20.00, 4.63, 9.44, 5.13, 0.00, 0.00, 0.00, 0.00, 90.00, 0, 0
2.00, 5.70, 17.06, 17.06, -649.57, 20.00, 4.63, 8.89, 4.63, 0.00, 0.00, 0.00, 0.00, 90.00, 0, 0
2.00, 5.70, 17.87, 17.87, -453.77, 20.00, 4.63, 12.22, 7.94, 215.20, 29.23, 24.50, -65.58, 82.13, 0, 0
2.00, 5.70, 19.06, 19.06, -200.87, 20.00, 4.63, 14.44, 10.16, 419.24, 70.44, 21.39, -54.48, 72.28, 0, 0
2.00, 5.70, 19.72, 19.72, -82.75, 20.00, 4.63, 16.11, 11.78, 355.76, 106.50, 26.19, -41.59, 63.82, 0, 0
2.00, 5.70, 21.07, 21.07, 172.62, 20.00, 4.63, 18.33, 14.01, 589.06, 121.60, 35.83, -26.47, 57.44, 0, 0
2.00, 5.70, 21.55, 21.55, 224.24, 20.00, 4.63, 19.44, 15.12, 469.80, 126.98, 47.35, -9.25, 53.93, 0, 0
2.00, 5.70, 22.02, 22.02, 277.25, 20.00, 4.63, 20.56, 16.14, 421.82, 125.06, 59.57, 8.88, 53.90, 0, 0
2.00, 5.70, 22.01, 22.01, 230.60, 20.00, 4.63, 21.11, 16.75, 220.61, 122.99, 71.97, 26.13, 57.33, 0, 0
2.00, 5.70, 21.63, 21.63, 118.08, 20.00, 4.63, 20.56, 16.14, 37.56, 101.53, 84.28, 41.31, 63.66, 0, 0
2.00, 5.70, 21.42, 21.42, 55.24, 20.00, 4.63, 19.44, 15.02, 0.00, 70.00, 0.00, 54.23, 72.09, 0, 0
2.00, 5.70, 21.29, 21.29, 15.16, 20.00, 4.63, 18.33, 13.90, 0.00, 32.04, 0.00, 65.37, 81.92, 0, 0
2.00, 5.70, 20.67, 20.67, -123.91, 20.00, 4.63, 17.22, 12.89, 0.00, 0.00, 0.00, 0.00, 90.00, 0, 0
2.00, 5.70, 20.49, 20.49, -154.07, 20.00, 4.63, 16.67, 12.28, 0.00, 0.00, 0.00, 0.00, 90.00, 0, 0
2.00, 5.70, 20.33, 20.33, -182.23, 20.00, 4.63, 15.56, 11.27, 0.00, 0.00, 0.00, 0.00, 90.00, 0, 0
2.00, 5.70, 20.17, 20.17, -207.75, 20.00, 4.63, 15.00, 10.67, 0.00, 0.00, 0.00, 0.00, 90.00, 0, 0
2.00, 5.70, 20.00, 20.00, -237.41, 20.00, 4.63, 14.44, 10.06, 0.00, 0.00, 0.00, 0.00, 90.00, 0, 0
2.00, 5.70, 19.76, 19.76, -278.13, 20.00, 4.63, 13.33, 8.95, 0.00, 0.00, 0.00, 0.00, 90.00, 0, 0
2.00, 5.70, 19.51, 19.51, -318.04, 20.00, 4.63, 12.78, 8.35, 0.00, 0.00, 0.00, 0.00, 90.00, 0, 0
2.00, 5.70, 19.22, 19.22, -365.56, 20.00, 4.63, 11.67, 7.24, 0.00, 0.00, 0.00, 0.00, 90.00, 0, 0
2.00, 5.70, 18.92, 18.92, -410.14, 20.00, 4.63, 11.11, 6.64, 0.00, 0.00, 0.00, 0.00, 90.00, 0, 0
2.00, 5.70, 18.63, 18.63, -454.12, 20.00, 4.63, 10.56, 6.14, 0.00, 0.00, 0.00, 0.00, 90.00, 0, 0
2.00, 5.70, 18.28, 18.28, -504.80, 20.00, 4.63, 9.44, 5.04, 0.00, 0.00, 0.00, 0.00, 90.00, 0, 0
2.00, 5.70, 17.95, 17.95, -551.78, 20.00, 4.63, 8.89, 4.44, 0.00, 0.00, 0.00, 0.00, 90.00, 0, 0
2.00, 5.70, 17.58, 17.58, -604.25, 20.00, 4.63, 7.78, 3.34, 0.00, 0.00, 0.00, 0.00, 90.00, 0, 0
2.00, 5.70, 17.22, 17.22, -652.07, 20.00, 4.63, 7.22, 2.84, 0.00, 0.00, 0.00, 0.00, 90.00, 0, 0
2.00, 5.70, 17.40, 17.40, -584.32, 20.00, 4.63, 9.44, 5.04, 42.70, 29.01, 24.19, -65.32, 82.35, 0, 0
2.00, 5.70, 18.02, 18.02, -435.87, 20.00, 4.63, 11.11, 6.64, 140.94, 69.68, 21.06, -54.23, 72.52, 0, 0
2.00, 5.70, 19.55, 19.55, -110.82, 20.00, 4.63, 13.33, 8.95, 498.79, 101.60, 25.93, -41.38, 64.09, 0, 0
2.00, 5.70, 20.83, 20.83, 127.13, 20.00, 4.63, 15.56, 11.17, 682.25, 111.92, 35.62, -26.30, 57.74, 0, 0
2.00, 5.70, 21.17, 21.17, 151.05, 20.00, 4.63, 17.22, 12.79, 441.81, 137.33, 47.18, -9.16, 54.26, 0, 0
2.00, 5.70, 21.16, 21.16, 109.05, 20.00, 4.63, 17.78, 13.29, 234.37, 142.75, 59.41, 8.86, 54.23, 0, 0
2.00, 5.70, 21.04, 21.04, 53.73, 20.00, 4.63, 17.78, 13.29, 128.95, 127.76, 71.82, 26.03, 57.66, 0, 0
2.00, 5.70, 20.74, 20.74, -27.95, 20.00, 4.63, 17.78, 13.29, 30.52, 103.30, 84.11, 41.14, 63.96, 0, 0
2.00, 5.70, 20.44, 20.44, -102.80, 20.00, 4.63, 16.67, 12.18, 0.00, 70.33, 0.00, 54.03, 72.37, 0, 0
2.00, 5.70, 19.84, 19.84, -230.33, 20.00, 4.63, 15.00, 10.57, 0.00, 21.26, 0.00, 65.15, 82.17, 0, 0
2.00, 5.70, 19.44, 19.44, -304.79, 20.00, 4.63, 14.44, 10.06, 0.00, 0.00, 0.00, 0.00, 90.00, 0, 0
2.00, 5.70, 19.23, 19.23, -335.33, 20.00, 4.63, 13.89, 9.56, 0.00, 0.00, 0.00, 0.00, 90.00, 0, 0
2.00, 5.70, 19.04, 19.04, -361.07, 20.00, 4.63, 13.33, 9.05, 0.00, 0.00, 0.00, 0.00, 90.00, 0, 0
2.00, 5.70, 18.84, 18.84, -388.84, 20.00, 4.63, 12.78, 8.45, 0.00, 0.00, 0.00, 0.00, 90.00, 0, 0
2.00, 5.70, 18.62, 18.62, -420.40, 20.00, 4.63, 12.22, 7.85, 0.00, 0.00, 0.00, 0.00, 90.00, 0, 0
2.00, 5.70, 18.37, 18.37, -454.87, 20.00, 4.63, 11.67, 7.34, 0.00, 0.00, 0.00, 0.00, 90.00, 0, 0
2.00, 5.70, 18.15, 18.15, -484.58, 20.00, 4.63, 11.67, 7.24, 0.00, 0.00, 0.00, 0.00, 90.00, 0, 0
2.00, 5.70, 17.89, 17.89, -519.02, 20.00, 4.63, 11.11, 6.74, 0.00, 0.00, 0.00, 0.00, 90.00, 0, 0
2.00, 5.70, 17.62, 17.62, -555.23, 20.00, 4.63, 10.56, 6.14, 0.00, 0.00, 0.00, 0.00, 90.00, 0, 0
2.00, 5.70, 17.38, 17.38, -585.33, 20.00, 4.63, 10.56, 6.14, 0.00, 0.00, 0.00, 0.00, 90.00, 0, 0
2.00, 5.70, 17.11, 17.11, -619.25, 20.00, 4.63, 10.00, 5.64, 0.00, 0.00, 0.00, 0.00, 90.00, 0, 0
2.00, 5.70, 16.83, 16.83, -654.28, 20.00, 4.63, 9.44, 5.04, 0.00, 0.00, 0.00, 0.00, 90.00, 0, 0
2.00, 5.70, 16.54, 16.54, -689.37, 20.00, 4.63, 8.89, 4.54, 0.00, 0.00, 0.00, 0.00, 90.00, 0, 0
2.00, 5.70, 16.29, 16.29, -717.67, 20.00, 4.63, 8.89, 4.54, 0.00, 0.00, 0.00, 0.00, 90.00, 0, 0
2.00, 5.70, 16.43, 16.43, -660.59, 20.00, 4.63, 10.56, 6.24, 25.06, 24.91, 23.89, -65.07, 82.57, 0, 0
2.00, 5.70, 16.63, 16.63, -600.48, 20.00, 4.63, 11.67, 7.34, 10.15, 54.92, 20.73, -53.99, 72.77, 0, 0
2.00, 5.70, 16.51, 16.51, -615.96, 20.00, 4.63, 11.67, 7.34, 0.00, 44.35, 25.66, -41.17, 64.36, 0, 0
2.00, 5.70, 17.09, 17.09, -481.98, 20.00, 4.63, 12.78, 8.45, 20.29, 103.83, 35.42, -26.14, 58.05, 0, 0
2.00, 5.70, 17.03, 17.03, -495.71, 20.00, 4.63, 12.78, 8.45, 2.13, 84.99, 47.01, -9.08, 54.59, 0, 0
2.00, 5.70, 17.34, 17.34, -428.38, 20.00, 4.63, 13.33, 8.95, 9.68, 109.26, 59.25, 8.84, 54.57, 0, 0
2.00, 5.70, 17.52, 17.52, -394.29, 20.00, 4.63, 13.89, 9.56, 10.92, 109.68, 71.66, 25.92, 57.98, 0, 0
2.00, 5.70, 17.62, 17.62, -378.45, 20.00, 4.63, 14.44, 10.06, 11.47, 101.31, 83.94, 40.97, 64.26, 0, 0
2.00, 5.70, 17.51, 17.51, -406.56, 20.00, 4.63, 14.44, 10.06, 0.00, 70.40, 0.00, 53.83, 72.64, 0, 0
2.00, 5.70, 16.95, 16.95, -526.63, 20.00, 4.63, 13.33, 8.95, 0.00, 15.15, 0.00, 64.92, 82.43, 0, 0
2.00, 5.70, 16.61, 16.61, -585.46, 20.00, 4.63, 12.78, 8.45, 0.00, 0.00, 0.00, 0.00, 90.00, 0, 0
2.00, 5.70, 16.45, 16.45, -603.46, 20.00, 4.63, 12.78, 8.45, 0.00, 0.00, 0.00, 0.00, 90.00, 0, 0
2.00, 5.70, 16.30, 16.30, -619.39, 20.00, 4.63, 12.22, 7.85, 0.00, 0.00, 0.00, 0.00, 90.00, 0, 0
2.00, 5.70, 16.14, 16.14, -636.59, 20.00, 4.63, 11.67, 7.24, 0.00, 0.00, 0.00, 0.00, 90.00, 0, 0
2.00, 5.70, 15.97, 15.97, -656.52, 20.00, 4.63, 11.11, 6.74, 0.00, 0.00, 0.00, 0.00, 90.00, 0, 0
2.00, 5.70, 15.79, 15.79, -679.26, 20.00, 4.63, 10.56, 6.14, 0.00, 0.00, 0.00, 0.00, 90.00, 0, 0
2.00, 5.70, 15.59, 15.59, -703.81, 20.00, 4.63, 10.00, 5.54, 0.00, 0.00, 0.00, 0.00, 90.00, 0, 0
2.00, 5.70, 15.38, 15.38, -729.62, 20.00, 4.63, 9.44, 5.04, 0.00, 0.00, 0.00, 0.00, 90.00, 0, 0
2.00, 5.70, 15.16, 15.16, -756.84, 20.00, 4.63, 8.89, 4.44, 0.00, 0.00, 0.00, 0.00, 90.00, 0, 0
2.00, 5.70, 14.92, 14.92, -785.27, 20.00, 4.63, 8.33, 3.84, 0.00, 0.00, 0.00, 0.00, 90.00, 0, 0
2.00, 5.70, 14.68, 14.68, -814.47, 20.00, 4.63, 7.78, 3.34, 0.00, 0.00, 0.00, 0.00, 90.00, 0, 0
2.00, 5.70, 14.43, 14.43, -844.66, 20.00, 4.63, 7.22, 2.74, 0.00, 0.00, 0.00, 0.00, 90.00, 0, 0
2.00, 5.70, 14.17, 14.17, -875.17, 20.00, 4.63, 6.67, 2.25, 0.00, 0.00, 0.00, 0.00, 90.00, 0, 0
2.00, 5.70, 13.91, 13.91, -906.57, 20.00, 4.63, 6.11, 1.65, 0.00, 0.00, 0.00, 0.00, 90.00, 0, 0
2.00, 5.70, 14.39, 14.39, -780.51, 20.00, 4.63, 8.33, 3.94, 116.80, 28.06, 23.59, -64.82, 82.79, 0, 0
2.00, 5.70, 15.62, 15.62, -512.71, 20.00, 4.63, 11.11, 6.74, 358.14, 67.98, 20.40, -53.76, 73.01, 0, 0
2.00, 5.70, 16.46, 16.46, -352.26, 20.00, 4.63, 12.78, 8.35, 388.54, 97.60, 25.40, -40.96, 64.64, 0, 0
2.00, 5.70, 17.31, 17.31, -201.92, 20.00, 4.63, 14.44, 10.06, 420.00, 119.93, 35.22, -25.99, 58.35, 0, 0
2.00, 5.70, 18.14, 18.14, -65.52, 20.00, 4.63, 16.11, 11.68, 470.73, 125.63, 46.84, -9.01, 54.92, 0, 0
2.00, 5.70, 18.41, 18.41, -54.08, 20.00, 4.63, 16.67, 12.18, 333.75, 126.95, 59.10, 8.81, 54.90, 0, 0
2.00, 5.70, 18.44, 18.44, -87.67, 20.00, 4.63, 17.22, 12.68, 214.16, 112.27, 71.50, 25.81, 58.29, 0, 0
2.00, 5.70, 18.20, 18.20, -167.68, 20.00, 4.63, 17.22, 12.79, 78.80, 90.34, 83.78, 40.81, 64.55, 0, 0
2.00, 5.70, 18.07, 18.07, -212.80, 20.00, 4.63, 16.67, 12.18, 0.00, 60.07, 0.00, 53.63, 72.91, 0, 0
2.00, 5.70, 18.14, 18.14, -211.50, 20.00, 4.63, 15.56, 11.07, 0.00, 29.08, 0.00, 64.70, 82.67, 0, 0
2.00, 5.70, 17.44, 17.44, -371.30, 20.00, 4.63, 14.44, 9.96, 0.00, 0.00, 0.00, 0.00, 90.00, 0, 0
2.00, 5.70, 17.31, 17.31, -395.89, 20.00, 4.63, 13.89, 9.46, 0.00, 0.00, 0.00, 0.00, 90.00, 0, 0
2.00, 5.70, 17.22, 17.22, -409.91, 20.00, 4.63, 13.33, 8.85, 0.00, 0.00, 0.00, 0.00, 90.00, 0, 0
2.00, 5.70, 17.13, 17.13, -425.21, 20.00, 4.63, 12.78, 8.25, 0.00, 0.00, 0.00, 0.00, 90.00, 0, 0
2.00, 5.70, 16.97, 16.97, -453.58, 20.00, 4.63, 11.67, 7.24, 0.00, 0.00, 0.00, 0.00, 90.00, 0, 0
2.00, 5.70, 16.80, 16.80, -484.52, 20.00, 4.63, 11.11, 6.64, 0.00, 0.00, 0.00, 0.00, 90.00, 0, 0
2.00, 5.70, 16.59, 16.59, -518.75, 20.00, 4.63, 10.56, 6.04, 0.00, 0.00, 0.00, 0.00, 90.00, 0, 0
2.00, 5.70, 16.34, 16.34, -562.08, 20.00, 4.63, 9.44, 4.94, 0.00, 0.00, 0.00, 0.00, 90.00, 0, 0
2.00, 5.70, 16.08, 16.08, -603.42, 20.00, 4.63, 8.89, 4.34, 0.00, 0.00, 0.00, 0.00, 90.00, 0, 0
2.00, 5.70, 15.81, 15.81, -644.66, 20.00, 4.63, 8.33, 3.84, 0.00, 0.00, 0.00, 0.00, 90.00, 0, 0
2.00, 5.70, 15.53, 15.53, -686.33, 20.00, 4.63, 7.78, 3.24, 0.00, 0.00, 0.00, 0.00, 90.00, 0, 0
2.00, 5.70, 15.24, 15.24, -728.38, 20.00, 4.63, 7.22, 2.64, 0.00, 0.00, 0.00, 0.00, 90.00, 0, 0
2.00, 5.70, 14.94, 14.94, -770.28, 20.00, 4.63, 6.67, 2.04, 0.00, 0.00, 0.00, 0.00, 90.00, 0, 0
2.00, 5.70, 14.60, 14.60, -818.43, 20.00, 4.63, 5.56, 1.05, 0.00, 0.00, 0.00, 0.00, 90.00, 0, 0
2.00, 5.70, 14.53, 14.53, -807.91, 20.00, 4.63, 6.67, 2.15, 0.00, 18.35, 23.30, -64.58, 83.00, 0, 0
2.00, 5.70, 15.15, 15.15, -655.67, 20.00, 4.63, 8.89, 4.34, 96.94, 64.31, 20.08, -53.54, 73.25, 0, 0
2.00, 5.70, 16.15, 16.15, -443.12, 20.00, 4.63, 10.56, 6.04, 252.78, 105.21, 25.14, -40.76, 64.91, 0, 0
2.00, 5.70, 17.96, 17.96, -81.31, 20.00, 4.63, 13.33, 8.85, 664.18, 120.30, 35.02, -25.84, 58.65, 0, 0
2.00, 5.70, 18.70, 18.70, 24.12, 20.00, 4.63, 15.56, 10.96, 599.10, 122.62, 46.67, -8.94, 55.24, 0, 0
2.00, 5.70, 18.71, 18.71, -24.74, 20.00, 4.63, 16.11, 11.57, 348.29, 124.43, 58.94, 8.79, 55.22, 0, 0
2.00, 5.70, 18.62, 18.62, -82.65, 20.00, 4.63, 16.67, 12.07, 179.59, 119.15, 71.35, 25.69, 58.60, 0, 0
2.00, 5.70, 18.30, 18.30, -175.99, 20.00, 4.63, 16.11, 11.57, 33.94, 103.00, 83.61, 40.64, 64.84, 0, 0
2.00, 5.70, 17.93, 17.93, -269.35, 20.00, 4.63, 15.00, 10.46, 0.00, 63.14, 0.00, 53.43, 73.17, 0, 0
2.00, 5.70, 17.62, 17.62, -338.51, 20.00, 4.63, 13.33, 8.85, 0.00, 25.60, 0.00, 64.49, 82.91, 0, 0
2.00, 5.70, 17.16, 17.16, -434.59, 20.00, 4.63, 13.33, 8.85, 0.00, 0.00, 0.00, 0.00, 90.00, 0, 0
2.00, 5.70, 17.00, 17.00, -460.35, 20.00, 4.63, 12.78, 8.35, 0.00, 0.00, 0.00, 0.00, 90.00, 0, 0
2.00, 5.70, 16.85, 16.85, -482.07, 20.00, 4.63, 12.22, 7.85, 0.00, 0.00, 0.00, 0.00, 90.00, 0, 0
2.00, 5.70, 16.69, 16.69, -505.94, 20.00, 4.63, 11.67, 7.24, 0.00, 0.00, 0.00, 0.00, 90.00, 0, 0
2.00, 5.70, 16.54, 16.54, -527.35, 20.00, 4.63, 11.67, 7.24, 0.00, 0.00, 0.00, 0.00, 90.00, 0, 0
2.00, 5.70, 16.36, 16.36, -556.33, 20.00, 4.63, 11.11, 6.64, 0.00, 0.00, 0.00, 0.00, 90.00, 0, 0
2.00, 5.70, 16.15, 16.15, -588.23, 20.00, 4.63, 10.56, 6.14, 0.00, 0.00, 0.00, 0.00, 90.00, 0, 0
2.00, 5.70, 15.96, 15.96, -615.42, 20.00, 4.63, 10.56, 6.04, 0.00, 0.00, 0.00, 0.00, 90.00, 0, 0
2.00, 5.70, 15.74, 15.74, -647.11, 20.00, 4.63, 10.00, 5.54, 0.00, 0.00, 0.00, 0.00, 90.00, 0, 0
2.00, 5.70, 15.50, 15.50, -680.39, 20.00, 4.63, 9.44, 4.94, 0.00, 0.00, 0.00, 0.00, 90.00, 0, 0
2.00, 5.70, 15.26, 15.26, -714.08, 20.00, 4.63, 8.89, 4.44, 0.00, 0.00, 0.00, 0.00, 90.00, 0, 0
2.00, 5.70, 15.04, 15.04, -741.23, 20.00, 4.63, 8.89, 4.44, 0.00, 0.00, 0.00, 0.00, 90.00, 0, 0
2.00, 5.70, 14.80, 14.80, -772.20, 20.00, 4.63, 8.33, 3.94, 0.00, 0.00, 0.00, 0.00, 90.00, 0, 0
2.00, 5.70, 14.55, 14.55, -804.22, 20.00, 4.63, 7.78, 3.44, 0.00, 0.00, 0.00, 0.00, 90.00, 0, 0
2.00, 5.70, 14.88, 14.88, -713.15, 20.00, 4.63, 10.56, 6.14, 0.00, 44.35, 23.01, -64.34, 83.22, 0, 0
2.00, 5.70, 15.80, 15.80, -511.17, 20.00, 4.63, 12.22, 7.85, 224.44, 63.41, 19.76, -53.31, 73.49, 0, 0
2.00, 5.70, 17.38, 17.38, -191.50, 20.00, 4.63, 14.44, 10.06, 534.72, 96.51, 24.88, -40.57, 65.18, 0, 0
2.00, 5.70, 18.71, 18.71, 48.50, 20.00, 4.63, 16.67, 12.28, 722.91, 99.68, 34.82, -25.70, 58.95, 0, 0
2.00, 5.70, 19.36, 19.36, 127.71, 20.00, 4.63, 18.33, 13.90, 599.06, 112.45, 46.50, -8.88, 55.55, 0, 0
2.00, 5.70, 19.78, 19.78, 160.52, 20.00, 4.63, 19.44, 15.02, 426.71, 130.84, 58.78, 8.76, 55.54, 0, 0
2.00, 5.70, 19.58, 19.58, 66.69, 20.00, 4.63, 19.44, 15.02, 157.65, 127.28, 71.19, 25.58, 58.91, 0, 0
2.00, 5.70, 19.29, 19.29, -29.23, 20.00, 4.63, 19.44, 15.02, 58.03, 92.01, 83.45, 40.47, 65.12, 0, 0
2.00, 5.70, 19.16, 19.16, -77.82, 20.00, 4.63, 18.33, 14.01, 0.00, 66.40, 0.00, 53.23, 73.43, 0, 0
2.00, 5.70, 18.79, 18.79, -173.11, 20.00, 4.63, 16.67, 12.28, 0.00, 35.17, 0.00, 64.27, 83.15, 0, 0
2.00, 5.70, 18.44, 18.44, -252.11, 20.00, 4.63, 16.67, 12.28, 0.00, 0.00, 0.00, 0.00, 90.00, 0, 0
2.00, 5.70, 18.35, 18.35, -271.72, 20.00, 4.63, 16.11, 11.78, 0.00, 0.00, 0.00, 0.00, 90.00, 0, 0
2.00, 5.70, 18.28, 18.28, -285.91, 20.00, 4.63, 15.56, 11.27, 0.00, 0.00, 0.00, 0.00, 90.00, 0, 0
2.00, 5.70, 18.19, 18.19, -303.91, 20.00, 4.63, 15.00, 10.67, 0.00, 0.00, 0.00, 0.00, 90.00, 0, 0
2.00, 5.70, 18.07, 18.07, -327.49, 20.00, 4.63, 14.44, 10.16, 0.00, 0.00, 0.00, 0.00, 90.00, 0, 0
2.00, 5.70, 17.92, 17.92, -356.03, 20.00, 4.63, 13.89, 9.56, 0.00, 0.00, 0.00, 0.00, 90.00, 0, 0
2.00, 5.70, 17.75, 17.75, -387.38, 20.00, 4.63, 13.33, 9.05, 0.00, 0.00, 0.00, 0.00, 90.00, 0, 0
2.00, 5.70, 17.56, 17.56, -420.87, 20.00, 4.63, 12.78, 8.45, 0.00, 0.00, 0.00, 0.00, 90.00, 0, 0
2.00, 5.70, 17.39, 17.39, -448.91, 20.00, 4.63, 12.78, 8.45, 0.00, 0.00, 0.00, 0.00, 90.00, 0, 0
2.00, 5.70, 17.19, 17.19, -481.77, 20.00, 4.63, 12.22, 7.85, 0.00, 0.00, 0.00, 0.00, 90.00, 0, 0
2.00, 5.70, 16.97, 16.97, -515.96, 20.00, 4.63, 11.67, 7.34, 0.00, 0.00, 0.00, 0.00, 90.00, 0, 0
2.00, 5.70, 16.74, 16.74, -550.66, 20.00, 4.63, 11.11, 6.83, 0.00, 0.00, 0.00, 0.00, 90.00, 0, 0
2.00, 5.70, 16.51, 16.51, -585.38, 20.00, 4.63, 10.56, 6.33, 0.00, 0.00, 0.00, 0.00, 90.00, 0, 0
2.00, 5.70, 16.29, 16.29, -613.72, 20.00, 4.63, 10.56, 6.24, 0.00, 0.00, 0.00, 0.00, 90.00, 0, 0
2.00, 5.70, 16.22, 16.22, -612.22, 20.00, 4.63, 11.11, 6.83, 0.00, 10.71, 22.73, -64.11, 83.44, 0, 0
2.00, 5.70, 16.64, 16.64, -508.58, 20.00, 4.63, 12.78, 8.54, 31.40, 53.40, 19.45, -53.10, 73.73, 0, 0
2.00, 5.70, 17.81, 17.81, -260.87, 20.00, 4.63, 15.00, 10.76, 218.79, 103.49, 24.63, -40.38, 65.44, 0, 0
2.00, 5.70, 18.45, 18.45, -150.15, 20.00, 4.63, 16.67, 12.38, 159.48, 137.20, 34.62, -25.56, 59.24, 0, 0
2.00, 5.70, 19.30, 19.30, -0.80, 20.00, 4.63, 17.78, 13.50, 270.30, 144.51, 46.34, -8.82, 55.86, 0, 0
2.00, 5.70, 18.98, 18.98, -106.88, 20.00, 4.63, 18.33, 14.01, 49.27, 117.20, 58.63, 8.72, 55.85, 0, 0
2.00, 5.70, 19.40, 19.40, -39.40, 20.00, 4.63, 18.89, 14.61, 81.00, 131.99, 71.03, 25.47, 59.21, 0, 0
2.00, 5.70, 19.34, 19.34, -80.15, 20.00, 4.63, 18.89, 14.61, 53.64, 97.21, 83.28, 40.30, 65.40, 0, 0
2.00, 5.70, 19.13, 19.13, -143.66, 20.00, 4.63, 18.33, 14.10, 0.00, 59.69, 0.00, 53.03, 73.68, 0, 0
2.00, 5.70, 18.77, 18.77, -228.90, 20.00, 4.63, 17.22, 12.99, 0.00, 29.06, 0.00, 64.05, 83.38, 0, 0
2.00, 5.70, 18.43, 18.43, -303.38, 20.00, 4.63, 16.67, 12.48, 0.00, 0.00, 0.00, 0.00, 90.00, 0, 0
2.00, 5.70, 18.31, 18.31, -324.84, 20.00, 4.63, 16.11, 11.87, 0.00, 0.00, 0.00, 0.00, 90.00, 0, 0
2.00, 5.70, 18.21, 18.21, -340.00, 20.00, 4.63, 15.56, 11.36, 0.00, 0.00, 0.00, 0.00, 90.00, 0, 0
2.00, 5.70, 18.11, 18.11, -357.02, 20.00, 4.63, 15.00, 10.76, 0.00, 0.00, 0.00, 0.00, 90.00, 0, 0
2.00, 5.70, 17.99, 17.99, -378.14, 20.00, 4.63, 14.44, 10.25, 0.00, 0.00, 0.00, 0.00, 90.00, 0, 0
2.00, 5.70, 17.84, 17.84, -403.29, 20.00, 4.63, 13.89, 9.65, 0.00, 0.00, 0.00, 0.00, 90.00, 0, 0
2.00, 5.70, 17.67, 17.67, -431.06, 20.00, 4.63, 13.33, 9.05, 0.00, 0.00, 0.00, 0.00, 90.00, 0, 0
2.00, 5.70, 17.49, 17.49, -460.51, 20.00, 4.63, 12.78, 8.54, 0.00, 0.00, 0.00, 0.00, 90.00, 0, 0
2.00, 5.70, 17.29, 17.29, -491.47, 20.00, 4.63, 12.22, 7.94, 0.00, 0.00, 0.00, 0.00, 90.00, 0, 0
2.00, 5.70, 17.07, 17.07, -523.55, 20.00, 4.63, 11.67, 7.34, 0.00, 0.00, 0.00, 0.00, 90.00, 0, 0
2.00, 5.70, 16.85, 16.85, -556.21, 20.00, 4.63, 11.11, 6.83, 0.00, 0.00, 0.00, 0.00, 90.00, 0, 0
2.00, 5.70, 16.62, 16.62, -589.59, 20.00, 4.63, 10.56, 6.24, 0.00, 0.00, 0.00, 0.00, 90.00, 0, 0
2.00, 5.70, 16.38, 16.38, -623.26, 20.00, 4.63, 10.00, 5.73, 0.00, 0.00, 0.00, 0.00, 90.00, 0, 0
2.00, 5.70, 16.13, 16.13, -657.23, 20.00, 4.63, 9.44, 5.22, 0.00, 0.00, 0.00, 0.00, 90.00, 0, 0
2.00, 5.70, 16.13, 16.13, -636.92, 20.00, 4.63, 10.56, 6.33, 0.00, 18.35, 22.45, -63.88, 83.66, 0, 0
2.00, 5.70, 17.74, 17.74, -283.92, 20.00, 4.63, 13.89, 9.65, 377.39, 69.90, 19.14, -52.89, 73.97, 0, 0
2.00, 5.70, 18.84, 18.84, -76.61, 20.00, 4.63, 15.56, 11.27, 493.00, 94.53, 24.38, -40.20, 65.71, 0, 0
2.00, 5.70, 19.36, 19.36, -6.69, 20.00, 4.63, 17.22, 12.89, 358.76, 121.19, 34.43, -25.43, 59.53, 0, 0
2.00, 5.70, 19.64, 19.64, 14.63, 20.00, 4.63, 18.33, 14.01, 203.96, 141.58, 46.17, -8.77, 56.17, 0, 0
2.00, 5.70, 19.35, 19.35, -79.94, 20.00, 4.63, 17.78, 13.40, 28.04, 125.48, 58.47, 8.69, 56.17, 0, 0
2.00, 5.70, 19.18, 19.18, -134.32, 20.00, 4.63, 17.78, 13.29, 7.23, 98.48, 70.88, 25.35, 59.51, 0, 0
2.00, 5.70, 19.34, 19.34, -114.52, 20.00, 4.63, 17.78, 13.29, 23.10, 101.13, 83.11, 40.14, 65.67, 0, 0
2.00, 5.70, 19.10, 19.10, -180.46, 20.00, 4.63, 16.67, 12.18, 0.00, 63.31, 0.00, 52.83, 73.93, 0, 0
2.00, 5.70, 18.63, 18.63, -285.64, 20.00, 4.63, 15.56, 11.07, 0.00, 19.88, 0.00, 63.83, 83.61, 0, 0
2.00, 5.70, 18.29, 18.29, -352.69, 20.00, 4.63, 15.00, 10.57, 0.00, 0.00, 0.00, 0.00, 90.00, 0, 0
2.00, 5.70, 18.08, 18.08, -387.95, 20.00, 4.63, 13.89, 9.46, 0.00, 0.00, 0.00, 0.00, 90.00, 0, 0
2.00, 5.70, 17.90, 17.90, -414.54, 20.00, 4.63, 13.33, 8.85, 0.00, 0.00, 0.00, 0.00, 90.00, 0, 0
2.00, 5.70, 17.69, 17.69, -447.66, 20.00, 4.63, 12.22, 7.75, 0.00, 0.00, 0.00, 0.00, 90.00, 0, 0
2.00, 5.70, 17.48, 17.48, -479.56, 20.00, 4.63, 11.67, 7.14, 0.00, 0.00, 0.00, 0.00, 90.00, 0, 0
2.00, 5.70, 17.22, 17.22, -520.10, 20.00, 4.63, 10.56, 5.93, 0.00, 0.00, 0.00, 0.00, 90.00, 0, 0
2.00, 5.70, 16.88, 16.88, -577.02, 20.00, 4.63, 8.33, 4.11, 0.00, 0.00, 0.00, 0.00, 90.00, 0, 0
2.00, 5.70, 16.56, 16.56, -622.95, 20.00, 4.63, 7.78, 3.50, 0.00, 0.00, 0.00, 0.00, 90.00, 0, 0
2.00, 5.70, 16.22, 16.22, -673.28, 20.00, 4.63, 6.67, 2.41, 0.00, 0.00, 0.00, 0.00, 90.00, 0, 0
2.00, 5.70, 15.85, 15.85, -726.43, 20.00, 4.63, 5.56, 1.21, 0.00, 0.00, 0.00, 0.00, 90.00, 0, 0
2.00, 5.70, 15.46, 15.46, -781.84, 20.00, 4.63, 4.44, 0.12, 0.00, 0.00, 0.00, 0.00, 90.00, 0, 0
2.00, 5.70, 15.05, 15.05, -839.42, 20.00, 4.63, 3.33, -1.08, 0.00, 0.00, 0.00, 0.00, 90.00, 0, 0
2.00, 5.70, 14.61, 14.61, -898.50, 20.00, 4.63, 2.22, -2.16, 0.00, 0.00, 0.00, 0.00, 90.00, 0, 0
2.00, 5.70, 14.51, 14.51, -885.14, 20.00, 4.63, 3.89, -0.48, 0.00, 21.41, 22.18, -63.66, 83.87, 0, 0
2.00, 5.70, 15.11, 15.11, -730.76, 20.00, 4.63, 6.11, 1.69, 129.49, 60.88, 18.83, -52.69, 74.21, 0, 0
2.00, 5.70, 16.34, 16.34, -462.99, 20.00, 4.63, 8.89, 4.48, 381.05, 96.72, 24.13, -40.03, 65.97, 0, 0
2.00, 5.70, 16.34, 16.34, -479.66, 20.00, 4.63, 10.00, 5.70, 142.43, 121.88, 34.24, -25.31, 59.82, 0, 0
2.00, 5.70, 17.17, 17.17, -314.08, 20.00, 4.63, 11.67, 7.29, 289.57, 139.27, 46.01, -8.72, 56.48, 0, 0
2.00, 5.70, 17.24, 17.24, -321.98, 20.00, 4.63, 12.78, 8.39, 119.29, 149.56, 58.32, 8.65, 56.47, 0, 0
2.00, 5.70, 17.19, 17.19, -351.34, 20.00, 4.63, 12.78, 8.39, 65.62, 132.63, 70.72, 25.24, 59.80, 0, 0
2.00, 5.70, 16.90, 16.90, -421.89, 20.00, 4.63, 12.78, 8.51, 38.26, 92.93, 82.94, 39.97, 65.94, 0, 0
2.00, 5.70, 16.60, 16.60, -488.71, 20.00, 4.63, 12.22, 7.90, 0.00, 60.20, 0.00, 52.64, 74.17, 0, 0
2.00, 5.70, 16.23, 16.23, -561.70, 20.00, 4.63, 10.56, 6.30, 0.00, 41.29, 0.00, 63.62, 83.83, 0, 0
2.00, 5.70, 15.70, 15.70, -662.76, 20.00, 4.63, 10.00, 5.70, 0.00, 0.00, 0.00, 0.00, 90.00, 0, 0
2.00, 5.70, 15.46, 15.46, -694.30, 20.00, 4.63, 9.44, 5.09, 0.00, 0.00, 0.00, 0.00, 90.00, 0, 0
2.00, 5.70, 15.22, 15.22, -724.58, 20.00, 4.63, 8.33, 3.99, 0.00, 0.00, 0.00, 0.00, 90.00, 0, 0
2.00, 5.70, 15.00, 15.00, -751.66, 20.00, 4.63, 7.78, 3.39, 0.00, 0.00, 0.00, 0.00, 90.00, 0, 0
2.00, 5.70, 14.73, 14.73, -787.28, 20.00, 4.63, 6.67, 2.30, 0.00, 0.00, 0.00, 0.00, 90.00, 0, 0
2.00, 5.70, 14.46, 14.46, -822.20, 20.00, 4.63, 6.11, 1.69, 0.00, 0.00, 0.00, 0.00, 90.00, 0, 0
2.00, 5.70, 14.17, 14.17, -858.87, 20.00, 4.63, 5.56, 1.09, 0.00, 0.00, 0.00, 0.00, 90.00, 0, 0
2.00, 5.70, 13.85, 13.85, -902.99, 20.00, 4.63, 4.44, 0.12, 0.00, 0.00, 0.00, 0.00, 90.00, 0, 0
2.00, 5.70, 13.55, 13.55, -937.93, 20.00, 4.63, 4.44, 0.01, 0.00, 0.00, 0.00, 0.00, 90.00, 0, 0
2.00, 5.70, 13.24, 13.24, -976.51, 20.00, 4.63, 3.89, -0.59, 0.00, 0.00, 0.00, 0.00, 90.00, 0, 0
2.00, 5.70, 12.91, 12.91, -1015.89, 20.00, 4.63, 3.33, -1.08, 0.00, 0.00, 0.00, 0.00, 90.00, 0, 0
2.00, 5.70, 12.58, 12.58, -1055.93, 20.00, 4.63, 2.78, -1.67, 0.00, 0.00, 0.00, 0.00, 90.00, 0, 0
2.00, 5.70, 12.24, 12.24, -1096.09, 20.00, 4.63, 2.22, -2.26, 0.00, 0.00, 0.00, 0.00, 90.00, 0, 0
2.00, 5.70, 11.89, 11.89, -1135.83, 20.00, 4.63, 1.67, -2.75, 0.00, 0.00, 0.00, 0.00, 90.00, 0, 0
2.00, 5.70, 11.79, 11.79, -1123.40, 20.00, 4.63, 2.78, -1.56, 0.00, 16.82, 21.92, -63.45, 84.09, 0, 0
2.00, 5.70, 12.68, 12.68, -906.20, 20.00, 4.63, 5.56, 1.21, 200.87, 58.86, 18.53, -52.49, 74.44, 0, 0
2.00, 5.70, 13.23, 13.23, -786.24, 20.00, 4.63, 7.78, 3.39, 176.77, 95.53, 23.89, -39.86, 66.23, 0, 0
2.00, 5.70, 14.66, 14.66, -493.50, 20.00, 4.63, 10.56, 6.19, 444.12, 124.51, 34.05, -25.19, 60.10, 0, 0
2.00, 5.70, 15.97, 15.97, -249.10, 20.00, 4.63, 13.33, 9.00, 572.33, 146.19, 45.84, -8.68, 56.78, 0, 0
2.00, 5.70, 15.88, 15.88, -319.17, 20.00, 4.63, 14.44, 10.11, 267.92, 136.44, 58.16, 8.60, 56.77, 0, 0
2.00, 5.70, 15.91, 15.91, -345.83, 20.00, 4.63, 15.00, 10.72, 206.82, 111.41, 70.56, 25.12, 60.08, 0, 0
2.00, 5.70, 15.61, 15.61, -432.65, 20.00, 4.63, 15.00, 10.72, 52.14, 90.90, 82.78, 39.80, 66.20, 0, 0
2.00, 5.70, 15.32, 15.32, -506.45, 20.00, 4.63, 13.89, 9.62, 0.00, 57.02, 0.00, 52.44, 74.41, 0, 0
2.00, 5.70, 14.96, 14.96, -587.16, 20.00, 4.63, 12.22, 7.90, 0.00, 29.06, 0.00, 63.40, 84.04, 0, 0
2.00, 5.70, 14.62, 14.62, -655.76, 20.00, 4.63, 11.67, 7.41, 0.00, 0.00, 0.00, 0.00, 90.00, 0, 0
2.00, 5.70, 14.51, 14.51, -671.36, 20.00, 4.63, 11.11, 6.80, 0.00, 0.00, 0.00, 0.00, 90.00, 0, 0
2.00, 5.70, 14.42, 14.42, -682.84, 20.00, 4.63, 10.56, 6.19, 0.00, 0.00, 0.00, 0.00, 90.00, 0, 0
2.00, 5.70, 14.31, 14.31, -697.54, 20.00, 4.63, 10.00, 5.70, 0.00, 0.00, 0.00, 0.00, 90.00, 0, 0
2.00, 5.70, 14.18, 14.18, -717.39, 20.00, 4.63, 9.44, 5.09, 0.00, 0.00, 0.00, 0.00, 90.00, 0, 0
2.00, 5.70, 13.98, 13.98, -748.39, 20.00, 4.63, 8.33, 4.11, 0.00, 0.00, 0.00, 0.00, 90.00, 0, 0
2.00, 5.70, 13.78, 13.78, -779.43, 20.00, 4.63, 7.78, 3.50, 0.00, 0.00, 0.00, 0.00, 90.00, 0, 0
2.00, 5.70, 13.57, 13.57, -811.74, 20.00, 4.63, 7.22, 2.90, 0.00, 0.00, 0.00, 0.00, 90.00, 0, 0
2.00, 5.70, 13.34, 13.34, -845.33, 20.00, 4.63, 6.67, 2.30, 0.00, 0.00, 0.00, 0.00, 90.00, 0, 0
2.00, 5.70, 13.06, 13.06, -886.60, 20.00, 4.63, 5.56, 1.21, 0.00, 0.00, 0.00, 0.00, 90.00, 0, 0
2.00, 5.70, 12.79, 12.79, -924.63, 20.00, 4.63, 5.00, 0.72, 0.00, 0.00, 0.00, 0.00, 90.00, 0, 0
2.00, 5.70, 12.51, 12.51, -962.41, 20.00, 4.63, 4.44, 0.12, 0.00, 0.00, 0.00, 0.00, 90.00, 0, 0
2.00, 5.70, 12.20, 12.20, -1006.91, 20.00, 4.63, 3.33, -0.97, 0.00, 0.00, 0.00, 0.00, 90.00, 0, 0
2.00, 5.70, 11.89, 11.89, -1047.66, 20.00, 4.63, 2.78, -1.56, 0.00, 0.00, 0.00, 0.00, 90.00, 0, 0
2.00, 5.70, 11.72, 11.72, -1056.86, 20.00, 4.63, 3.33, -0.97, 0.00, 9.18, 21.67, -63.24, 84.30, 0, 0
2.00, 5.70, 12.30, 12.30, -911.91, 20.00, 4.63, 5.56, 1.32, 92.48, 54.53, 18.23, -52.30, 74.68, 0, 0
2.00, 5.70, 14.29, 14.29, -486.99, 20.00, 4.63, 9.44, 5.20, 570.64, 93.14, 23.64, -39.70, 66.49, 0, 0
2.00, 5.70, 15.56, 15.56, -258.32, 20.00, 4.63, 12.22, 7.90, 661.25, 112.91, 33.86, -25.08, 60.39, 0, 0
2.00, 5.70, 15.53, 15.53, -315.14, 20.00, 4.63, 13.33, 9.12, 287.11, 137.20, 45.68, -8.64, 57.08, 0, 0
2.00, 5.70, 15.67, 15.67, -321.49, 20.00, 4.63, 14.44, 10.11, 188.86, 132.88, 58.01, 8.56, 57.07, 0, 0
2.00, 5.70, 15.53, 15.53, -379.48, 20.00, 4.63, 14.44, 10.23, 61.36, 120.72, 70.40, 25.00, 60.36, 0, 0
2.00, 5.70, 15.47, 15.47, -412.85, 20.00, 4.63, 14.44, 10.23, 53.98, 94.19, 82.61, 39.64, 66.46, 0, 0
2.00, 5.70, 15.20, 15.20, -485.47, 20.00, 4.63, 13.33, 9.12, 0.00, 58.22, 0.00, 52.25, 74.64, 0, 0
2.00, 5.70, 14.74, 14.74, -589.76, 20.00, 4.63, 11.67, 7.41, 0.00, 19.88, 0.00, 63.19, 84.25, 0, 0
2.00, 5.70, 14.42, 14.42, -653.47, 20.00, 4.63, 11.11, 6.80, 0.00, 0.00, 0.00, 0.00, 90.00, 0, 0
2.00, 5.70, 14.28, 14.28, -674.61, 20.00, 4.63, 10.56, 6.30, 0.00, 0.00, 0.00, 0.00, 90.00, 0, 0
2.00, 5.70, 14.13, 14.13, -697.51, 20.00, 4.63, 9.44, 5.20, 0.00, 0.00, 0.00, 0.00, 90.00, 0, 0
2.00, 5.70, 13.99, 13.99, -719.31, 20.00, 4.63, 8.89, 4.60, 0.00, 0.00, 0.00, 0.00, 90.00, 0, 0
2.00, 5.70, 13.82, 13.82, -744.40, 20.00, 4.63, 8.33, 3.99, 0.00, 0.00, 0.00, 0.00, 90.00, 0, 0
2.00, 5.70, 13.60, 13.60, -780.08, 20.00, 4.63, 7.22, 2.90, 0.00, 0.00, 0.00, 0.00, 90.00, 0, 0
2.00, 5.70, 13.37, 13.37, -815.19, 20.00, 4.63, 6.67, 2.30, 0.00, 0.00, 0.00, 0.00, 90.00, 0, 0
2.00, 5.70, 13.14, 13.14, -850.89, 20.00, 4.63, 6.11, 1.81, 0.00, 0.00, 0.00, 0.00, 90.00, 0, 0
2.00, 5.70, 12.88, 12.88, -887.67, 20.00, 4.63, 5.56, 1.21, 0.00, 0.00, 0.00, 0.00, 90.00, 0, 0
2.00, 5.70, 12.59, 12.59, -931.96, 20.00, 4.63, 4.44, 0.12, 0.00, 0.00, 0.00, 0.00, 90.00, 0, 0
2.00, 5.70, 12.29, 12.29, -973.06, 20.00, 4.63, 3.89, -0.48, 0.00, 0.00, 0.00, 0.00, 90.00, 0, 0
2.00, 5.70, 12.00, 12.00, -1013.55, 20.00, 4.63, 3.33, -1.08, 0.00, 0.00, 0.00, 0.00, 90.00, 0, 0
2.00, 5.70, 11.69, 11.69, -1053.61, 20.00, 4.63, 2.78, -1.56, 0.00, 0.00, 0.00, 0.00, 90.00, 0, 0
2.00, 5.70, 11.35, 11.35, -1098.90, 20.00, 4.63, 1.67, -2.65, 0.00, 0.00, 0.00, 0.00, 90.00, 0, 0
2.00, 5.70, 11.53, 11.53, -1034.94, 20.00, 4.63, 4.44, 0.12, 0.00, 35.17, 21.42, -63.04, 84.51, 0, 0
2.00, 5.70, 12.72, 12.72, -767.11, 20.00, 4.63, 6.67, 2.41, 335.42, 57.16, 17.94, -52.12, 74.91, 0, 0
2.00, 5.70, 14.20, 14.20, -469.72, 20.00, 4.63, 9.44, 5.20, 605.84, 84.21, 23.41, -39.55, 66.75, 0, 0
2.00, 5.70, 15.38, 15.38, -259.05, 20.00, 4.63, 11.67, 7.41, 714.97, 98.53, 33.67, -24.97, 60.66, 0, 0
2.00, 5.70, 15.91, 15.91, -199.27, 20.00, 4.63, 13.33, 9.12, 573.89, 111.10, 45.52, -8.61, 57.37, 0, 0
2.00, 5.70, 16.22, 16.22, -182.94, 20.00, 4.63, 15.00, 10.72, 411.25, 119.22, 57.85, 8.51, 57.36, 0, 0
2.00, 5.70, 16.06, 16.06, -259.23, 20.00, 4.63, 15.00, 10.84, 175.91, 118.66, 70.25, 24.88, 60.64, 0, 0
2.00, 5.70, 15.89, 15.89, -325.24, 20.00, 4.63, 15.00, 10.84, 92.96, 93.27, 82.44, 39.47, 66.71, 0, 0
2.00, 5.70, 15.55, 15.55, -416.51, 20.00, 4.63, 13.89, 9.73, 0.00, 56.94, 0.00, 52.05, 74.86, 0, 0
2.00, 5.70, 15.19, 15.19, -502.89, 20.00, 4.63, 12.22, 8.01, 0.00, 30.59, 0.00, 62.98, 84.45, 0, 0
2.00, 5.70, 14.83, 14.83, -579.62, 20.00, 4.63, 11.67, 7.52, 0.00, 0.00, 0.00, 0.00, 90.00, 0, 0
2.00, 5.70, 14.71, 14.71, -599.00, 20.00, 4.63, 11.11, 6.91, 0.00, 0.00, 0.00, 0.00, 90.00, 0, 0
2.00, 5.70, 14.63, 14.63, -613.34, 20.00, 4.63, 10.56, 6.41, 0.00, 0.00, 0.00, 0.00, 90.00, 0, 0
2.00, 5.70, 14.52, 14.52, -631.55, 20.00, 4.63, 10.00, 5.91, 0.00, 0.00, 0.00, 0.00, 90.00, 0, 0
2.00, 5.70, 14.38, 14.38, -655.51, 20.00, 4.63, 9.44, 5.31, 0.00, 0.00, 0.00, 0.00, 90.00, 0, 0
2.00, 5.70, 14.21, 14.21, -684.61, 20.00, 4.63, 8.89, 4.81, 0.00, 0.00, 0.00, 0.00, 90.00, 0, 0
2.00, 5.70, 14.02, 14.02, -717.58, 20.00, 4.63, 8.33, 4.21, 0.00, 0.00, 0.00, 0.00, 90.00, 0, 0
2.00, 5.70, 13.84, 13.84, -746.09, 20.00, 4.63, 8.33, 4.11, 0.00, 0.00, 0.00, 0.00, 90.00, 0, 0
2.00, 5.70, 13.63, 13.63, -779.45, 20.00, 4.63, 7.78, 3.61, 0.00, 0.00, 0.00, 0.00, 90.00, 0, 0
2.00, 5.70, 13.43, 13.43, -807.84, 20.00, 4.63, 7.78, 3.61, 0.00, 0.00, 0.00, 0.00, 90.00, 0, 0
2.00, 5.70, 13.24, 13.24, -834.17, 20.00, 4.63, 7.78, 3.61, 0.00, 0.00, 0.00, 0.00, 90.00, 0, 0
2.00, 5.70, 13.02, 13.02, -865.40, 20.00, 4.63, 7.22, 3.11, 0.00, 0.00, 0.00, 0.00, 90.00, 0, 0
2.00, 5.70, 12.82, 12.82, -891.30, 20.00, 4.63, 7.22, 3.11, 0.00, 0.00, 0.00, 0.00, 90.00, 0, 0
2.00, 5.70, 12.59, 12.59, -921.17, 20.00, 4.63, 6.67, 2.61, 0.00, 0.00, 0.00, 0.00, 90.00, 0, 0
2.00, 5.70, 12.68, 12.68, -884.97, 20.00, 4.63, 8.33, 4.21, 0.00, 21.41, 21.18, -62.84, 84.72, 0, 0
2.00, 5.70, 13.28, 13.28, -747.26, 20.00, 4.63, 10.00, 5.91, 89.23, 57.02, 17.65, -51.94, 75.14, 0, 0
2.00, 5.70, 14.14, 14.14, -570.09, 20.00, 4.63, 11.67, 7.62, 192.92, 92.72, 23.17, -39.40, 67.00, 0, 0
2.00, 5.70, 15.73, 15.73, -256.22, 20.00, 4.63, 13.89, 9.83, 520.45, 113.20, 33.49, -24.87, 60.94, 0, 0
2.00, 5.70, 16.27, 16.27, -189.25, 20.00, 4.63, 15.56, 11.55, 359.56, 134.52, 45.36, -8.58, 57.65, 0, 0
2.00, 5.70, 15.70, 15.70, -353.25, 20.00, 4.63, 15.56, 11.55, 33.71, 110.33, 57.70, 8.46, 57.64, 0, 0
2.00, 5.70, 15.77, 15.77, -361.36, 20.00, 4.63, 15.56, 11.55, 29.01, 104.54, 70.09, 24.76, 60.91, 0, 0
2.00, 5.70, 15.02, 15.02, -537.98, 20.00, 4.63, 13.89, 9.93, 0.00, 19.88, 82.28, 39.30, 66.95, 0, 0
2.00, 5.70, 14.98, 14.98, -545.99, 20.00, 4.63, 13.33, 9.33, 0.00, 32.12, 0.00, 51.86, 75.08, 0, 0
2.00, 5.70, 14.72, 14.72, -601.69, 20.00, 4.63, 12.22, 8.22, 0.00, 10.71, 0.00, 62.77, 84.65, 0, 0
2.00, 5.70, 14.51, 14.51, -640.51, 20.00, 4.63, 11.67, 7.62, 0.00, 0.00, 0.00, 0.00, 90.00, 0, 0
2.00, 5.70, 14.42, 14.42, -654.51, 20.00, 4.63, 11.67, 7.62, 0.00, 0.00, 0.00, 0.00, 90.00, 0, 0
2.00, 5.70, 14.30, 14.30, -672.41, 20.00, 4.63, 11.11, 7.02, 0.00, 0.00, 0.00, 0.00, 90.00, 0, 0
2.00, 5.70, 14.17, 14.17, -693.05, 20.00, 4.63, 10.56, 6.51, 0.00, 0.00, 0.00, 0.00, 90.00, 0, 0
2.00, 5.70, 14.06, 14.06, -709.53, 20.00, 4.63, 10.56, 6.51, 0.00, 0.00, 0.00, 0.00, 90.00, 0, 0
2.00, 5.70, 13.91, 13.91, -732.45, 20.00, 4.63, 10.00, 5.91, 0.00, 0.00, 0.00, 0.00, 90.00, 0, 0
2.00, 5.70, 13.74, 13.74, -758.13, 20.00, 4.63, 9.44, 5.41, 0.00, 0.00, 0.00, 0.00, 90.00, 0, 0
2.00, 5.70, 13.56, 13.56, -785.29, 20.00, 4.63, 8.89, 4.81, 0.00, 0.00, 0.00, 0.00, 90.00, 0, 0
2.00, 5.70, 13.38, 13.38, -813.10, 20.00, 4.63, 8.33, 4.31, 0.00, 0.00, 0.00, 0.00, 90.00, 0, 0
2.00, 5.70, 13.18, 13.18, -841.74, 20.00, 4.63, 7.78, 3.71, 0.00, 0.00, 0.00, 0.00, 90.00, 0, 0
2.00, 5.70, 12.97, 12.97, -871.11, 20.00, 4.63, 7.22, 3.11, 0.00, 0.00, 0.00, 0.00, 90.00, 0, 0
2.00, 5.70, 12.75, 12.75, -900.91, 20.00, 4.63, 6.67, 2.61, 0.00, 0.00, 0.00, 0.00, 90.00, 0, 0
2.00, 5.70, 12.52, 12.52, -931.46, 20.00, 4.63, 6.11, 2.02, 0.00, 0.00, 0.00, 0.00, 90.00, 0, 0
2.00, 5.70, 12.29, 12.29, -961.06, 20.00, 4.63, 5.56, 1.52, 0.00, 0.00, 0.00, 0.00, 90.00, 0, 0
2.00, 5.70, 12.48, 12.48, -901.22, 20.00, 4.63, 7.78, 3.71, 0.00, 30.59, 20.94, -62.65, 84.94, 0, 0
2.00, 5.70, 13.57, 13.57, -663.24, 20.00, 4.63, 10.00, 6.01, 269.13, 55.35, 17.37, -51.77, 75.37, 0, 0
2.00, 5.70, 14.12, 14.12, -560.62, 20.00, 4.63, 11.67, 7.62, 207.43, 92.41, 22.94, -39.26, 67.25, 0, 0
2.00, 5.70, 14.27, 14.27, -549.94, 20.00, 4.63, 12.78, 8.73, 76.02, 106.66, 33.31, -24.78, 61.21, 0, 0
2.00, 5.70, 14.25, 14.25, -570.84, 20.00, 4.63, 12.78, 8.73, 19.92, 97.10, 45.20, -8.55, 57.94, 0, 0
2.00, 5.70, 15.09, 15.09, -407.07, 20.00, 4.63, 13.89, 9.83, 143.90, 129.77, 57.54, 8.40, 57.92, 0, 0
2.00, 5.70, 15.63, 15.63, -321.64, 20.00, 4.63, 15.00, 10.95, 207.82, 116.25, 69.93, 24.64, 61.17, 0, 0
2.00, 5.70, 15.37, 15.37, -407.84, 20.00, 4.63, 15.00, 10.95, 28.07, 92.96, 82.11, 39.14, 67.19, 0, 0
2.00, 5.70, 15.06, 15.06, -491.90, 20.00, 4.63, 13.89, 9.93, 0.00, 54.75, 0.00, 51.66, 75.30, 0, 0
2.00, 5.70, 14.75, 14.75, -564.59, 20.00, 4.63, 12.78, 8.82, 0.00, 27.53, 0.00, 62.56, 84.85, 0, 0
2.00, 5.70, 14.43, 14.43, -632.38, 20.00, 4.63, 12.22, 8.22, 0.00, 0.00, 0.00, 0.00, 90.00, 0, 0
2.00, 5.70, 14.31, 14.31, -651.96, 20.00, 4.63, 11.67, 7.62, 0.00, 0.00, 0.00, 0.00, 90.00, 0, 0
2.00, 5.70, 14.22, 14.22, -667.45, 20.00, 4.63, 11.11, 7.12, 0.00, 0.00, 0.00, 0.00, 90.00, 0, 0
2.00, 5.70, 14.11, 14.11, -685.03, 20.00, 4.63, 10.56, 6.51, 0.00, 0.00, 0.00, 0.00, 90.00, 0, 0
2.00, 5.70, 13.98, 13.98, -706.04, 20.00, 4.63, 10.00, 5.91, 0.00, 0.00, 0.00, 0.00, 90.00, 0, 0
2.00, 5.70, 13.83, 13.83, -730.41, 20.00, 4.63, 9.44, 5.41, 0.00, 0.00, 0.00, 0.00, 90.00, 0, 0
2.00, 5.70, 13.66, 13.66, -757.78, 20.00, 4.63, 8.89, 4.81, 0.00, 0.00, 0.00, 0.00, 90.00, 0, 0
2.00, 5.70, 13.47, 13.47, -786.67, 20.00, 4.63, 8.33, 4.31, 0.00, 0.00, 0.00, 0.00, 90.00, 0, 0
2.00, 5.70, 13.27, 13.27, -816.98, 20.00, 4.63, 7.78, 3.71, 0.00, 0.00, 0.00, 0.00, 90.00, 0, 0
2.00, 5.70, 13.09, 13.09, -841.80, 20.00, 4.63, 7.78, 3.61, 0.00, 0.00, 0.00, 0.00, 90.00, 0, 0
2.00, 5.70, 12.89, 12.89, -871.01, 20.00, 4.63, 7.22, 3.11, 0.00, 0.00, 0.00, 0.00, 90.00, 0, 0
2.00, 5.70, 12.66, 12.66, -901.95, 20.00, 4.63, 6.67, 2.52, 0.00, 0.00, 0.00, 0.00, 90.00, 0, 0
2.00, 5.70, 12.43, 12.43, -933.52, 20.00, 4.63, 6.11, 2.02, 0.00, 0.00, 0.00, 0.00, 90.00, 0, 0
2.00, 5.70, 12.21, 12.21, -961.55, 20.00, 4.63, 5.56, 1.42, 0.00, 0.00, 0.00, 0.00, 90.00, 0, 0
2.00, 5.70, 12.28, 12.28, -929.07, 20.00, 4.63, 7.22, 3.11, 0.00, 19.88, 20.72, -62.46, 85.14, 0, 0
2.00, 5.70, 13.25, 13.25, -711.97, 20.00, 4.63, 9.44, 5.41, 224.33, 52.57, 17.09, -51.60, 75.60, 0, 0
2.00, 5.70, 14.16, 14.16, -531.65, 20.00, 4.63, 11.11, 7.12, 312.49, 87.12, 22.71, -39.12, 67.50, 0, 0
2.00, 5.70, 15.22, 15.22, -333.82, 20.00, 4.63, 13.33, 9.33, 407.19, 115.70, 33.13, -24.69, 61.48, 0, 0
2.00, 5.70, 15.18, 15.18, -382.68, 20.00, 4.63, 14.44, 10.44, 124.31, 128.98, 45.04, -8.53, 58.22, 0, 0
2.00, 5.70, 15.56, 15.56, -332.23, 20.00, 4.63, 15.00, 11.05, 107.10, 138.59, 57.39, 8.35, 58.20, 0, 0
2.00, 5.70, 15.76, 15.76, -318.10, 20.00, 4.63, 15.56, 11.65, 135.22, 110.80, 69.78, 24.52, 61.43, 0, 0
2.00, 5.70, 15.63, 15.63, -373.72, 20.00, 4.63, 15.56, 11.65, 45.84, 87.39, 81.94, 38.97, 67.42, 0, 0
2.00, 5.70, 15.42, 15.42, -435.77, 20.00, 4.63, 15.00, 11.05, 0.00, 54.46, 0.00, 51.47, 75.50, 0, 0
2.00, 5.70, 15.08, 15.08, -519.20, 20.00, 4.63, 13.33, 9.43, 0.00, 24.47, 0.00, 62.35, 85.03, 0, 0
2.00, 5.70, 14.80, 14.80, -578.39, 20.00, 4.63, 13.33, 9.43, 0.00, 0.00, 0.00, 0.00, 90.00, 0, 0
2.00, 5.70, 14.72, 14.72, -594.25, 20.00, 4.63, 12.78, 8.92, 0.00, 0.00, 0.00, 0.00, 90.00, 0, 0
2.00, 5.70, 14.68, 14.68, -598.98, 20.00, 4.63, 12.78, 8.92, 0.00, 0.00, 0.00, 0.00, 90.00, 0, 0
2.00, 5.70, 14.62, 14.62, -610.51, 20.00, 4.63, 12.22, 8.32, 0.00, 0.00, 0.00, 0.00, 90.00, 0, 0
2.00, 5.70, 14.53, 14.53, -627.09, 20.00, 4.63, 11.67, 7.81, 0.00, 0.00, 0.00, 0.00, 90.00, 0, 0
2.00, 5.70, 14.44, 14.44, -641.52, 20.00, 4.63, 11.67, 7.81, 0.00, 0.00, 0.00, 0.00, 90.00, 0, 0
2.00, 5.70, 14.35, 14.35, -656.43, 20.00, 4.63, 11.67, 7.81, 0.00, 0.00, 0.00, 0.00, 90.00, 0, 0
2.00, 5.70, 14.23, 14.23, -678.29, 20.00, 4.63, 11.11, 7.21, 0.00, 0.00, 0.00, 0.00, 90.00, 0, 0
2.00, 5.70, 14.12, 14.12, -696.19, 20.00, 4.63, 11.11, 7.21, 0.00, 0.00, 0.00, 0.00, 90.00, 0, 0
2.00, 5.70, 14.00, 14.00, -712.64, 20.00, 4.63, 11.11, 7.21, 0.00, 0.00, 0.00, 0.00, 90.00, 0, 0
2.00, 5.70, 13.90, 13.90, -728.06, 20.00, 4.63, 11.11, 7.21, 0.00, 0.00, 0.00, 0.00, 90.00, 0, 0
2.00, 5.70, 13.79, 13.79, -742.63, 20.00, 4.63, 11.11, 7.21, 0.00, 0.00, 0.00, 0.00, 90.00, 0, 0
2.00, 5.70, 13.68, 13.68, -756.06, 20.00, 4.63, 11.11, 7.30, 0.00, 0.00, 0.00, 0.00, 90.00, 0, 0
2.00, 5.70, 13.59, 13.59, -767.54, 20.00, 4.63, 11.11, 7.30, 0.00, 0.00, 0.00, 0.00, 90.00, 0, 0
2.00, 5.70, 13.85, 13.85, -704.14, 20.00, 4.63, 12.78, 9.00, 0.00, 29.06, 20.50, -62.28, 85.35, 0, 0
2.00, 5.70, 15.34, 15.34, -391.01, 20.00, 4.63, 15.56, 11.83, 353.64, 58.48, 16.81, -51.44, 75.83, 0, 0
2.00, 5.70, 15.70, 15.70, -346.24, 20.00, 4.63, 16.67, 12.95, 195.43, 86.04, 22.48, -38.99, 67.75, 0, 0
2.00, 5.70, 15.61, 15.61, -394.62, 20.00, 4.63, 16.67, 12.95, 21.06, 89.04, 32.95, -24.61, 61.74, 0, 0
2.00, 5.70, 15.99, 15.99, -333.43, 20.00, 4.63, 17.22, 13.55, 26.72, 106.13, 44.88, -8.52, 58.49, 0, 0
2.00, 5.70, 16.82, 16.82, -183.40, 20.00, 4.63, 18.33, 14.67, 133.16, 127.00, 57.24, 8.29, 58.47, 0, 0
2.00, 5.70, 16.57, 16.57, -272.28, 20.00, 4.63, 18.33, 14.67, 8.79, 84.44, 69.62, 24.40, 61.68, 0, 0
2.00, 5.70, 16.18, 16.18, -375.55, 20.00, 4.63, 17.22, 13.55, 0.00, 32.12, 81.78, 38.80, 67.65, 0, 0
2.00, 5.70, 16.19, 16.19, -383.07, 20.00, 4.63, 16.67, 12.95, 0.00, 36.70, 0.00, 51.28, 75.71, 0, 0
2.00, 5.70, 15.97, 15.97, -438.44, 20.00, 4.63, 15.56, 11.91, 0.00, 12.23, 0.00, 62.14, 85.21, 0, 0
2.00, 5.70, 15.84, 15.84, -469.81, 20.00, 4.63, 15.56, 11.83, 0.00, 0.00, 0.00, 0.00, 90.00, 0, 0
2.00, 5.70, 15.78, 15.78, -484.07, 20.00, 4.63, 15.00, 11.32, 0.00, 0.00, 0.00, 0.00, 90.00, 0, 0
2.00, 5.70, 15.74, 15.74, -491.95, 20.00, 4.63, 15.00, 11.32, 0.00, 0.00, 0.00, 0.00, 90.00, 0, 0
2.00, 5.70, 15.68, 15.68, -505.67, 20.00, 4.63, 14.44, 10.80, 0.00, 0.00, 0.00, 0.00, 90.00, 0, 0
2.00, 5.70, 15.63, 15.63, -516.21, 20.00, 4.63, 14.44, 10.72, 0.00, 0.00, 0.00, 0.00, 90.00, 0, 0
2.00, 5.70, 15.58, 15.58, -526.72, 20.00, 4.63, 14.44, 10.72, 0.00, 0.00, 0.00, 0.00, 90.00, 0, 0
2.00, 5.70, 15.49, 15.49, -544.14, 20.00, 4.63, 13.89, 10.20, 0.00, 0.00, 0.00, 0.00, 90.00, 0, 0
2.00, 5.70, 15.38, 15.38, -564.31, 20.00, 4.63, 13.33, 9.60, 0.00, 0.00, 0.00, 0.00, 90.00, 0, 0
2.00, 5.70, 15.30, 15.30, -579.15, 20.00, 4.63, 13.33, 9.60, 0.00, 0.00, 0.00, 0.00, 90.00, 0, 0
2.00, 5.70, 15.18, 15.18, -598.68, 20.00, 4.63, 12.78, 9.09, 0.00, 0.00, 0.00, 0.00, 90.00, 0, 0
2.00, 5.70, 15.06, 15.06, -620.26, 20.00, 4.63, 12.22, 8.49, 0.00, 0.00, 0.00, 0.00, 90.00, 0, 0
2.00, 5.70, 14.95, 14.95, -636.36, 20.00, 4.63, 12.22, 8.49, 0.00, 0.00, 0.00, 0.00, 90.00, 0, 0
2.00, 5.70, 14.81, 14.81, -657.13, 20.00, 4.63, 11.67, 7.98, 0.00, 0.00, 0.00, 0.00, 90.00, 0, 0
2.00, 5.70, 14.67, 14.67, -679.92, 20.00, 4.63, 11.11, 7.38, 0.00, 0.00, 0.00, 0.00, 90.00, 0, 0
2.00, 5.70, 14.91, 14.91, -618.28, 20.00, 4.63, 13.33, 9.69, 0.00, 27.53, 20.28, -62.11, 85.56, 0, 0
2.00, 5.70, 16.19, 16.19, -350.26, 20.00, 4.63, 15.56, 11.91, 306.46, 52.88, 16.54, -51.29, 76.05, 0, 0
2.00, 5.70, 16.95, 16.95, -215.98, 20.00, 4.63, 17.22, 13.55, 276.35, 90.97, 22.26, -38.87, 67.99, 0, 0
2.00, 5.70, 16.70, 16.70, -302.32, 20.00, 4.63, 17.78, 14.15, 21.11, 89.07, 32.77, -24.53, 62.00, 0, 0
2.00, 5.70, 16.92, 16.92, -275.60, 20.00, 4.63, 17.78, 14.15, 11.17, 98.02, 44.72, -8.51, 58.76, 0, 0
2.00, 5.70, 17.40, 17.40, -195.04, 20.00, 4.63, 18.33, 14.67, 46.28, 114.25, 57.08, 8.22, 58.73, 0, 0
2.00, 5.70, 17.81, 17.81, -137.02, 20.00, 4.63, 18.89, 15.27, 65.29, 114.10, 69.46, 24.27, 61.92, 0, 0
2.00, 5.70, 17.71, 17.71, -187.76, 20.00, 4.63, 18.89, 15.27, 10.24, 81.61, 81.61, 38.64, 67.87, 0, 0
2.00, 5.70, 17.47, 17.47, -258.90, 20.00, 4.63, 17.78, 14.15, 0.00, 46.20, 0.00, 51.09, 75.90, 0, 0
2.00, 5.70, 17.09, 17.09, -349.57, 20.00, 4.63, 16.67, 13.03, 0.00, 7.65, 0.00, 61.94, 85.39, 0, 0
2.00, 5.70, 16.95, 16.95, -380.82, 20.00, 4.63, 16.67, 13.03, 0.00, 0.00, 0.00, 0.00, 90.00, 0, 0
2.00, 5.70, 16.88, 16.88, -396.04, 20.00, 4.63, 16.11, 12.51, 0.00, 0.00, 0.00, 0.00, 90.00, 0, 0
2.00, 5.70, 16.82, 16.82, -410.67, 20.00, 4.63, 15.56, 11.91, 0.00, 0.00, 0.00, 0.00, 90.00, 0, 0
2.00, 5.70, 16.74, 16.74, -427.30, 20.00, 4.63, 15.00, 11.40, 0.00, 0.00, 0.00, 0.00, 90.00, 0, 0
2.00, 5.70, 16.67, 16.67, -439.90, 20.00, 4.63, 15.00, 11.32, 0.00, 0.00, 0.00, 0.00, 90.00, 0, 0
2.00, 5.70, 16.57, 16.57, -458.96, 20.00, 4.63, 14.44, 10.80, 0.00, 0.00, 0.00, 0.00, 90.00, 0, 0
2.00, 5.70, 16.45, 16.45, -481.50, 20.00, 4.63, 13.89, 10.20, 0.00, 0.00, 0.00, 0.00, 90.00, 0, 0
2.00, 5.70, 16.32, 16.32, -505.63, 20.00, 4.63, 13.33, 9.69, 0.00, 0.00, 0.00, 0.00, 90.00, 0, 0
2.00, 5.70, 16.20, 16.20, -524.43, 20.00, 4.63, 13.33, 9.60, 0.00, 0.00, 0.00, 0.00, 90.00, 0, 0
2.00, 5.70, 16.06, 16.06, -547.90, 20.00, 4.63, 12.78, 9.09, 0.00, 0.00, 0.00, 0.00, 90.00, 0, 0
2.00, 5.70, 15.93, 15.93, -566.57, 20.00, 4.63, 12.78, 9.09, 0.00, 0.00, 0.00, 0.00, 90.00, 0, 0
2.00, 5.70, 15.78, 15.78, -590.39, 20.00, 4.63, 12.22, 8.49, 0.00, 0.00, 0.00, 0.00, 90.00, 0, 0
2.00, 5.70, 15.61, 15.61, -615.83, 20.00, 4.63, 11.67, 7.98, 0.00, 0.00, 0.00, 0.00, 90.00, 0, 0
2.00, 5.70, 15.47, 15.47, -635.25, 20.00, 4.63, 11.67, 7.98, 0.00, 0.00, 0.00, 0.00, 90.00, 0, 0
2.00, 5.70, 15.62, 15.62, -592.14, 20.00, 4.63, 13.33, 9.60, 0.00, 21.41, 20.08, -61.94, 85.77, 0, 0
2.00, 5.70, 16.70, 16.70, -360.37, 20.00, 4.63, 15.56, 11.91, 238.70, 52.55, 16.28, -51.14, 76.28, 0, 0
2.00, 5.70, 17.89, 17.89, -129.18, 20.00, 4.63, 17.78, 14.06, 405.02, 81.43, 22.04, -38.75, 68.23, 0, 0
2.00, 5.70, 18.51, 18.51, -38.05, 20.00, 4.63, 19.44, 15.79, 304.05, 109.65, 32.59, -24.46, 62.26, 0, 0
2.00, 5.70, 18.83, 18.83, -11.32, 20.00, 4.63, 20.56, 16.91, 136.66, 134.50, 44.56, -8.50, 59.02, 0, 0
2.00, 5.70, 19.08, 19.08, 4.16, 20.00, 4.63, 21.11, 17.51, 79.18, 130.91, 56.93, 8.16, 58.99, 0, 0
2.00, 5.70, 19.24, 19.24, 1.50, 20.00, 4.63, 21.11, 17.51, 51.28, 116.58, 69.31, 24.15, 62.16, 0, 0
2.00, 5.70, 19.24, 19.24, -28.27, 20.00, 4.63, 21.11, 17.51, 45.02, 85.30, 81.44, 38.47, 68.09, 0, 0
2.00, 5.70, 19.05, 19.05, -93.06, 20.00, 4.63, 20.56, 16.91, 0.00, 49.83, 0.00, 50.90, 76.09, 0, 0
2.00, 5.70, 18.85, 18.85, -150.97, 20.00, 4.63, 19.44, 15.79, 0.00, 27.53, 0.00, 61.73, 85.56, 0, 0
2.00, 5.70, 18.59, 18.59, -215.35, 20.00, 4.63, 18.89, 15.27, 0.00, 0.00, 0.00, 0.00, 90.00, 0, 0
2.00, 5.70, 18.50, 18.50, -238.20, 20.00, 4.63, 17.78, 14.15, 0.00, 0.00, 0.00, 0.00, 90.00, 0, 0
2.00, 5.70, 18.45, 18.45, -252.36, 20.00, 4.63, 17.22, 13.55, 0.00, 0.00, 0.00, 0.00, 90.00, 0, 0
2.00, 5.70, 18.38, 18.38, -267.38, 20.00, 4.63, 16.67, 13.03, 0.00, 0.00, 0.00, 0.00, 90.00, 0, 0
2.00, 5.70, 18.30, 18.30, -286.05, 20.00, 4.63, 16.11, 12.43, 0.00, 0.00, 0.00, 0.00, 90.00, 0, 0
2.00, 5.70, 18.19, 18.19, -309.12, 20.00, 4.63, 15.56, 11.83, 0.00, 0.00, 0.00, 0.00, 90.00, 0, 0
2.00, 5.70, 18.06, 18.06, -335.40, 20.00, 4.63, 15.00, 11.32, 0.00, 0.00, 0.00, 0.00, 90.00, 0, 0
2.00, 5.70, 17.91, 17.91, -363.83, 20.00, 4.63, 14.44, 10.72, 0.00, 0.00, 0.00, 0.00, 90.00, 0, 0
2.00, 5.70, 17.75, 17.75, -393.88, 20.00, 4.63, 13.89, 10.12, 0.00, 0.00, 0.00, 0.00, 90.00, 0, 0
2.00, 5.70, 17.57, 17.57, -424.87, 20.00, 4.63, 13.33, 9.60, 0.00, 0.00, 0.00, 0.00, 90.00, 0, 0
2.00, 5.70, 17.38, 17.38, -456.60, 20.00, 4.63, 12.78, 9.09, 0.00, 0.00, 0.00, 0.00, 90.00, 0, 0
2.00, 5.70, 17.17, 17.17, -489.17, 20.00, 4.63, 12.22, 8.49, 0.00, 0.00, 0.00, 0.00, 90.00, 0, 0
2.00, 5.70, 16.96, 16.96, -522.36, 20.00, 4.63, 11.67, 7.89, 0.00, 0.00, 0.00, 0.00, 90.00, 0, 0
2.00, 5.70, 16.74, 16.74, -555.52, 20.00, 4.63, 11.11, 7.38, 0.00, 0.00, 0.00, 0.00, 90.00, 0, 0
2.00, 5.70, 16.77, 16.77, -534.40, 20.00, 4.63, 12.22, 8.49, 0.00, 18.35, 19.88, -61.78, 85.97, 0, 0
2.00, 5.70, 17.79, 17.79, -310.11, 20.00, 4.63, 14.44, 10.72, 241.98, 51.20, 16.02, -51.00, 76.50, 0, 0
2.00, 5.70, 19.39, 19.39, 12.76, 20.00, 4.63, 17.22, 13.46, 548.51, 85.52, 21.82, -38.64, 68.47, 0, 0
2.00, 5.70, 20.83, 20.83, 269.15, 20.00, 4.63, 19.44, 15.70, 760.36, 91.36, 32.42, -24.40, 62.51, 0, 0
2.00, 5.70, 21.50, 21.50, 348.42, 20.00, 4.63, 21.11, 17.43, 649.37, 100.33, 44.41, -8.50, 59.28, 0, 0
2.00, 5.70, 21.84, 21.84, 360.80, 20.00, 4.63, 22.22, 18.55, 499.47, 101.66, 56.78, 8.09, 59.24, 0, 0
2.00, 5.70, 21.96, 21.96, 332.62, 20.00, 4.63, 23.33, 19.68, 340.19, 94.69, 69.15, 24.02, 62.40, 0, 0
2.00, 5.70, 21.68, 21.68, 230.20, 20.00, 4.63, 23.33, 19.58, 106.98, 85.80, 81.28, 38.31, 68.30, 0, 0
2.00, 5.70, 21.31, 21.31, 121.52, 20.00, 4.63, 22.22, 18.55, 0.00, 53.36, 0.00, 50.71, 76.28, 0, 0
2.00, 5.70, 21.02, 21.02, 42.97, 20.00, 4.63, 20.56, 16.82, 0.00, 27.53, 0.00, 61.53, 85.72, 0, 0
2.00, 5.70, 20.75, 20.75, -22.65, 20.00, 4.63, 20.00, 16.30, 0.00, 0.00, 0.00, 0.00, 90.00, 0, 0
2.00, 5.70, 20.70, 20.70, -37.47, 20.00, 4.63, 19.44, 15.70, 0.00, 0.00, 0.00, 0.00, 90.00, 0, 0
2.00, 5.70, 20.66, 20.66, -49.95, 20.00, 4.63, 18.89, 15.18, 0.00, 0.00, 0.00, 0.00, 90.00, 0, 0
2.00, 5.70, 20.60, 20.60, -67.46, 20.00, 4.63, 18.33, 14.58, 0.00, 0.00, 0.00, 0.00, 90.00, 0, 0
2.00, 5.70, 20.50, 20.50, -90.57, 20.00, 4.63, 17.78, 14.06, 0.00, 0.00, 0.00, 0.00, 90.00, 0, 0
2.00, 5.70, 20.38, 20.38, -119.09, 20.00, 4.63, 17.22, 13.46, 0.00, 0.00, 0.00, 0.00, 90.00, 0, 0
2.00, 5.70, 20.22, 20.22, -151.38, 20.00, 4.63, 16.67, 12.86, 0.00, 0.00, 0.00, 0.00, 90.00, 0, 0
2.00, 5.70, 20.01, 20.01, -192.04, 20.00, 4.63, 15.56, 11.83, 0.00, 0.00, 0.00, 0.00, 90.00, 0, 0
2.00, 5.70, 19.81, 19.81, -230.23, 20.00, 4.63, 15.00, 11.23, 0.00, 0.00, 0.00, 0.00, 90.00, 0, 0
2.00, 5.70, 19.56, 19.56, -274.86, 20.00, 4.63, 13.89, 10.12, 0.00, 0.00, 0.00, 0.00, 90.00, 0, 0
2.00, 5.70, 19.31, 19.31, -315.84, 20.00, 4.63, 13.33, 9.52, 0.00, 0.00, 0.00, 0.00, 90.00, 0, 0
2.00, 5.70, 19.03, 19.03, -362.75, 20.00, 4.63, 12.22, 8.41, 0.00, 0.00, 0.00, 0.00, 90.00, 0, 0
2.00, 5.70, 18.75, 18.75, -405.75, 20.00, 4.63, 11.67, 7.81, 0.00, 0.00, 0.00, 0.00, 90.00, 0, 0
2.00, 5.70, 18.43, 18.43, -454.50, 20.00, 4.63, 10.56, 6.70, 0.00, 0.00, 0.00, 0.00, 90.00, 0, 0
2.00, 5.70, 18.45, 18.45, -431.82, 20.00, 4.63, 12.22, 8.41, 0.00, 21.41, 19.69, -61.63, 86.17, 0, 0
2.00, 5.70, 19.37, 19.37, -224.03, 20.00, 4.63, 13.89, 10.12, 249.74, 49.35, 15.77, -50.87, 76.71, 0, 0
2.00, 5.70, 19.62, 19.62, -179.52, 20.00, 4.63, 15.56, 11.74, 142.50, 80.14, 21.61, -38.53, 68.71, 0, 0
2.00, 5.70, 19.35, 19.35, -245.59, 20.00, 4.63, 15.56, 11.74, 7.96, 74.92, 32.24, -24.34, 62.76, 0, 0
2.00, 5.70, 19.59, 19.59, -195.41, 20.00, 4.63, 16.11, 12.35, 13.52, 99.05, 44.25, -8.50, 59.54, 0, 0
2.00, 5.70, 19.85, 19.85, -148.67, 20.00, 4.63, 16.67, 12.86, 20.82, 110.92, 56.63, 8.02, 59.49, 0, 0
2.00, 5.70, 19.83, 19.83, -162.31, 20.00, 4.63, 16.67, 12.95, 14.70, 94.22, 69.00, 23.89, 62.63, 0, 0
2.00, 5.70, 19.85, 19.85, -164.37, 20.00, 4.63, 16.67, 12.86, 29.79, 83.36, 81.11, 38.14, 68.50, 0, 0
2.00, 5.70, 19.11, 19.11, -324.15, 20.00, 4.63, 15.56, 11.83, 0.00, 8.65, 0.00, 50.53, 76.46, 0, 0
2.00, 5.70, 18.87, 18.87, -364.18, 20.00, 4.63, 15.00, 11.23, 0.00, 9.18, 0.00, 61.33, 85.88, 0, 0
2.00, 5.70, 18.60, 18.60, -407.87, 20.00, 4.63, 14.44, 10.63, 0.00, 0.00, 0.00, 0.00, 90.00, 0, 0
2.00, 5.70, 18.41, 18.41, -432.62, 20.00, 4.63, 13.89, 10.12, 0.00, 0.00, 0.00, 0.00, 90.00, 0, 0
2.00, 5.70, 18.22, 18.22, -456.38, 20.00, 4.63, 13.33, 9.52, 0.00, 0.00, 0.00, 0.00, 90.00, 0, 0
2.00, 5.70, 18.02, 18.02, -481.44, 20.00, 4.63, 12.78, 8.92, 0.00, 0.00, 0.00, 0.00, 90.00, 0, 0
2.00, 5.70, 17.82, 17.82, -507.99, 20.00, 4.63, 12.22, 8.41, 0.00, 0.00, 0.00, 0.00, 90.00, 0, 0
2.00, 5.70, 17.60, 17.60, -536.72, 20.00, 4.63, 11.67, 7.81, 0.00, 0.00, 0.00, 0.00, 90.00, 0, 0
2.00, 5.70, 17.36, 17.36, -567.29, 20.00, 4.63, 11.11, 7.21, 0.00, 0.00, 0.00, 0.00, 90.00, 0, 0
2.00, 5.70, 17.12, 17.12, -598.55, 20.00, 4.63, 10.56, 6.70, 0.00, 0.00, 0.00, 0.00, 90.00, 0, 0
2.00, 5.70, 16.90, 16.90, -623.84, 20.00, 4.63, 10.56, 6.70, 0.00, 0.00, 0.00, 0.00, 90.00, 0, 0
2.00, 5.70, 16.65, 16.65, -653.77, 20.00, 4.63, 10.00, 6.10, 0.00, 0.00, 0.00, 0.00, 90.00, 0, 0
2.00, 5.70, 16.40, 16.40, -685.33, 20.00, 4.63, 9.44, 5.51, 0.00, 0.00, 0.00, 0.00, 90.00, 0, 0
2.00, 5.70, 16.13, 16.13, -717.46, 20.00, 4.63, 8.89, 5.00, 0.00, 0.00, 0.00, 0.00, 90.00, 0, 0
2.00, 5.70, 15.86, 15.86, -750.05, 20.00, 4.63, 8.33, 4.40, 0.00, 0.00, 0.00, 0.00, 90.00, 0, 0
2.00, 5.70, 15.61, 15.61, -776.14, 20.00, 4.63, 8.33, 4.40, 0.00, 0.00, 0.00, 0.00, 90.00, 0, 0
2.00, 5.70, 15.50, 15.50, -772.70, 20.00, 4.63, 8.89, 5.00, 0.00, 10.71, 19.51, -61.48, 86.37, 0, 0
2.00, 5.70, 16.46, 16.46, -549.12, 20.00, 4.63, 11.11, 7.21, 237.18, 46.74, 15.52, -50.74, 76.93, 0, 0
2.00, 5.70, 17.09, 17.09, -417.16, 20.00, 4.63, 13.33, 9.43, 224.28, 85.47, 21.40, -38.43, 68.94, 0, 0
2.00, 5.70, 17.16, 17.16, -416.03, 20.00, 4.63, 14.44, 10.54, 79.80, 97.88, 32.07, -24.28, 63.01, 0, 0
2.00, 5.70, 18.30, 18.30, -184.71, 20.00, 4.63, 16.11, 12.25, 307.38, 123.49, 44.09, -8.51, 59.79, 0, 0
2.00, 5.70, 18.63, 18.63, -144.81, 20.00, 4.63, 17.22, 13.37, 217.78, 125.00, 56.48, 7.95, 59.73, 0, 0
2.00, 5.70, 19.21, 19.21, -52.48, 20.00, 4.63, 18.33, 14.49, 274.43, 119.66, 68.84, 23.77, 62.85, 0, 0
2.00, 5.70, 18.69, 18.69, -193.44, 20.00, 4.63, 18.33, 14.49, 38.92, 82.37, 80.95, 37.98, 68.70, 0, 0
2.00, 5.70, 18.34, 18.34, -280.29, 20.00, 4.63, 17.22, 13.37, 0.00, 48.13, 0.00, 50.34, 76.63, 0, 0
2.00, 5.70, 17.95, 17.95, -365.93, 20.00, 4.63, 16.11, 12.25, 0.00, 13.76, 0.00, 61.13, 86.03, 0, 0
2.00, 5.70, 17.71, 17.71, -409.85, 20.00, 4.63, 15.56, 11.65, 0.00, 0.00, 0.00, 0.00, 90.00, 0, 0
2.00, 5.70, 17.58, 17.58, -429.60, 20.00, 4.63, 14.44, 10.54, 0.00, 0.00, 0.00, 0.00, 90.00, 0, 0
2.00, 5.70, 17.48, 17.48, -442.86, 20.00, 4.63, 13.89, 10.03, 0.00, 0.00, 0.00, 0.00, 90.00, 0, 0
2.00, 5.70, 17.37, 17.37, -458.87, 20.00, 4.63, 13.33, 9.43, 0.00, 0.00, 0.00, 0.00, 90.00, 0, 0
2.00, 5.70, 17.23, 17.23, -479.29, 20.00, 4.63, 12.78, 8.82, 0.00, 0.00, 0.00, 0.00, 90.00, 0, 0
2.00, 5.70, 17.07, 17.07, -504.29, 20.00, 4.63, 12.22, 8.22, 0.00, 0.00, 0.00, 0.00, 90.00, 0, 0
2.00, 5.70, 16.88, 16.88, -532.65, 20.00, 4.63, 11.67, 7.72, 0.00, 0.00, 0.00, 0.00, 90.00, 0, 0
2.00, 5.70, 16.68, 16.68, -563.23, 20.00, 4.63, 11.11, 7.12, 0.00, 0.00, 0.00, 0.00, 90.00, 0, 0
2.00, 5.70, 16.46, 16.46, -595.40, 20.00, 4.63, 10.56, 6.51, 0.00, 0.00, 0.00, 0.00, 90.00, 0, 0
2.00, 5.70, 16.20, 16.20, -635.24, 20.00, 4.63, 9.44, 5.41, 0.00, 0.00, 0.00, 0.00, 90.00, 0, 0
2.00, 5.70, 15.94, 15.94, -671.76, 20.00, 4.63, 8.89, 4.91, 0.00, 0.00, 0.00, 0.00, 90.00, 0, 0
2.00, 5.70, 15.64, 15.64, -714.54, 20.00, 4.63, 7.78, 3.81, 0.00, 0.00, 0.00, 0.00, 90.00, 0, 0
2.00, 5.70, 15.35, 15.35, -753.67, 20.00, 4.63, 7.22, 3.21, 0.00, 0.00, 0.00, 0.00, 90.00, 0, 0
2.00, 5.70, 15.05, 15.05, -792.20, 20.00, 4.63, 6.67, 2.61, 0.00, 0.00, 0.00, 0.00, 90.00, 0, 0
2.00, 5.70, 15.07, 15.07, -763.44, 20.00, 4.63, 8.33, 4.31, 0.00, 21.41, 19.33, -61.34, 86.57, 0, 0
2.00, 5.70, 16.49, 16.49, -446.55, 20.00, 4.63, 11.11, 7.12, 371.85, 58.43, 15.27, -50.61, 77.14, 0, 0
2.00, 5.70, 17.21, 17.21, -312.03, 20.00, 4.63, 12.78, 8.82, 379.70, 85.25, 21.19, -38.34, 69.17, 0, 0
2.00, 5.70, 18.92, 18.92, 23.08, 20.00, 4.63, 15.56, 11.55, 708.96, 110.24, 31.90, -24.24, 63.25, 0, 0
2.00, 5.70, 19.39, 19.39, 68.23, 20.00, 4.63, 17.22, 13.27, 546.25, 115.62, 43.94, -8.52, 60.03, 0, 0
2.00, 5.70, 19.19, 19.19, -21.64, 20.00, 4.63, 17.78, 13.78, 229.14, 123.65, 56.33, 7.87, 59.97, 0, 0
2.00, 5.70, 19.03, 19.03, -86.61, 20.00, 4.63, 17.78, 13.78, 102.05, 112.25, 68.69, 23.64, 63.07, 0, 0
2.00, 5.70, 18.96, 18.96, -121.76, 20.00, 4.63, 17.78, 13.78, 103.12, 82.79, 80.79, 37.82, 68.89, 0, 0
2.00, 5.70, 18.55, 18.55, -224.86, 20.00, 4.63, 16.67, 12.76, 0.00, 48.70, 0.00, 50.16, 76.80, 0, 0
2.00, 5.70, 18.22, 18.22, -300.02, 20.00, 4.63, 15.56, 11.55, 0.00, 22.94, 0.00, 60.93, 86.17, 0, 0
2.00, 5.70, 17.87, 17.87, -370.90, 20.00, 4.63, 14.44, 10.44, 0.00, 0.00, 0.00, 0.00, 90.00, 0, 0
2.00, 5.70, 17.73, 17.73, -393.17, 20.00, 4.63, 13.89, 9.93, 0.00, 0.00, 0.00, 0.00, 90.00, 0, 0
2.00, 5.70, 17.61, 17.61, -410.62, 20.00, 4.63, 13.33, 9.33, 0.00, 0.00, 0.00, 0.00, 90.00, 0, 0
2.00, 5.70, 17.48, 17.48, -431.31, 20.00, 4.63, 12.78, 8.73, 0.00, 0.00, 0.00, 0.00, 90.00, 0, 0
2.00, 5.70, 17.29, 17.29, -463.46, 20.00, 4.63, 11.67, 7.62, 0.00, 0.00, 0.00, 0.00, 90.00, 0, 0
2.00, 5.70, 17.08, 17.08, -496.15, 20.00, 4.63, 11.11, 7.12, 0.00, 0.00, 0.00, 0.00, 90.00, 0, 0
2.00, 5.70, 16.86, 16.86, -531.37, 20.00, 4.63, 10.56, 6.51, 0.00, 0.00, 0.00, 0.00, 90.00, 0, 0
2.00, 5.70, 16.62, 16.62, -568.20, 20.00, 4.63, 10.00, 5.91, 0.00, 0.00, 0.00, 0.00, 90.00, 0, 0
2.00, 5.70, 16.37, 16.37, -606.00, 20.00, 4.63, 9.44, 5.41, 0.00, 0.00, 0.00, 0.00, 90.00, 0, 0
2.00, 5.70, 16.10, 16.10, -644.71, 20.00, 4.63, 8.89, 4.81, 0.00, 0.00, 0.00, 0.00, 90.00, 0, 0
2.00, 5.70, 15.82, 15.82, -683.94, 20.00, 4.63, 8.33, 4.21, 0.00, 0.00, 0.00, 0.00, 90.00, 0, 0
2.00, 5.70, 15.54, 15.54, -723.12, 20.00, 4.63, 7.78, 3.71, 0.00, 0.00, 0.00, 0.00, 90.00, 0, 0
2.00, 5.70, 15.24, 15.24, -762.43, 20.00, 4.63, 7.22, 3.11, 0.00, 0.00, 0.00, 0.00, 90.00, 0, 0
2.00, 5.70, 14.94, 14.94, -801.47, 20.00, 4.63, 6.67, 2.61, 0.00, 0.00, 0.00, 0.00, 90.00, 0, 0
2.00, 5.70, 14.71, 14.71, -825.08, 20.00, 4.63, 6.67, 2.61, 0.00, 4.59, 19.16, -61.20, 86.77, 0, 0
2.00, 5.70, 15.63, 15.63, -607.61, 20.00, 4.63, 8.89, 4.81, 227.55, 47.29, 15.03, -50.50, 77.35, 0, 0
2.00, 5.70, 15.89, 15.89, -551.49, 20.00, 4.63, 10.56, 6.51, 135.42, 78.91, 20.98, -38.25, 69.39, 0, 0
2.00, 5.70, 16.74, 16.74, -377.67, 20.00, 4.63, 12.22, 8.12, 256.36, 107.86, 31.73, -24.19, 63.49, 0, 0
2.00, 5.70, 17.46, 17.46, -245.91, 20.00, 4.63, 13.33, 9.33, 318.15, 122.38, 43.79, -8.54, 60.27, 0, 0
2.00, 5.70, 17.38, 17.38, -289.63, 20.00, 4.63, 13.89, 9.83, 126.43, 123.45, 56.18, 7.80, 60.20, 0, 0
2.00, 5.70, 17.16, 17.16, -354.64, 20.00, 4.63, 14.44, 10.44, 41.56, 98.05, 68.53, 23.51, 63.28, 0, 0
2.00, 5.70, 16.29, 16.29, -546.73, 20.00, 4.63, 12.78, 8.73, 0.49, 14.89, 80.62, 37.65, 69.07, 0, 0
2.00, 5.70, 15.98, 15.98, -600.22, 20.00, 4.63, 11.67, 7.62, 0.00, 12.23, 0.00, 49.98, 76.96, 0, 0
2.00, 5.70, 15.66, 15.66, -653.41, 20.00, 4.63, 10.56, 6.51, 0.00, 1.53, 0.00, 60.74, 86.31, 0, 0
2.00, 5.70, 15.47, 15.47, -675.94, 20.00, 4.63, 10.56, 6.51, 0.00, 0.00, 0.00, 0.00, 90.00, 0, 0
2.00, 5.70, 15.29, 15.29, -696.74, 20.00, 4.63, 10.00, 6.01, 0.00, 0.00, 0.00, 0.00, 90.00, 0, 0
2.00, 5.70, 15.13, 15.13, -713.31, 20.00, 4.63, 10.00, 5.91, 0.00, 0.00, 0.00, 0.00, 90.00, 0, 0
2.00, 5.70, 14.94, 14.94, -736.09, 20.00, 4.63, 9.44, 5.41, 0.00, 0.00, 0.00, 0.00, 90.00, 0, 0
2.00, 5.70, 14.73, 14.73, -762.03, 20.00, 4.63, 8.89, 4.81, 0.00, 0.00, 0.00, 0.00, 90.00, 0, 0
2.00, 5.70, 14.54, 14.54, -783.58, 20.00, 4.63, 8.89, 4.81, 0.00, 0.00, 0.00, 0.00, 90.00, 0, 0
2.00, 5.70, 14.33, 14.33, -810.71, 20.00, 4.63, 8.33, 4.21, 0.00, 0.00, 0.00, 0.00, 90.00, 0, 0
2.00, 5.70, 14.10, 14.10, -839.32, 20.00, 4.63, 7.78, 3.71, 0.00, 0.00, 0.00, 0.00, 90.00, 0, 0
2.00, 5.70, 13.86, 13.86, -868.97, 20.00, 4.63, 7.22, 3.11, 0.00, 0.00, 0.00, 0.00, 90.00, 0, 0
2.00, 5.70, 13.61, 13.61, -899.19, 20.00, 4.63, 6.67, 2.52, 0.00, 0.00, 0.00, 0.00, 90.00, 0, 0
2.00, 5.70, 13.35, 13.35, -929.62, 20.00, 4.63, 6.11, 2.02, 0.00, 0.00, 0.00, 0.00, 90.00, 0, 0
2.00, 5.70, 13.09, 13.09, -960.63, 20.00, 4.63, 5.56, 1.42, 0.00, 0.00, 0.00, 0.00, 90.00, 0, 0
2.00, 5.70, 12.85, 12.85, -985.37, 20.00, 4.63, 5.56, 1.42, 0.00, 0.00, 0.00, 0.00, 90.00, 0, 0
2.00, 5.70, 12.59, 12.59, -1014.57, 20.00, 4.63, 5.00, 0.82, 0.00, 0.00, 0.00, 0.00, 90.00, 0, 0
2.00, 5.70, 12.44, 12.44, -1020.20, 20.00, 4.63, 5.56, 1.42, 0.00, 6.12, 19.00, -61.07, 86.96, 0, 0
2.00, 5.70, 12.56, 12.56, -971.14, 20.00, 4.63, 6.67, 2.52, 0.00, 33.65, 14.80, -50.39, 77.56, 0, 0
2.00, 5.70, 14.86, 14.86, -472.90, 20.00, 4.63, 10.00, 5.91, 588.54, 88.39, 20.78, -38.17, 69.62, 0, 0
2.00, 5.70, 15.79, 15.79, -312.23, 20.00, 4.63, 12.22, 8.12, 604.65, 95.61, 31.57, -24.16, 63.72, 0, 0
2.00, 5.70, 16.48, 16.48, -209.77, 20.00, 4.63, 14.44, 10.34, 553.64, 102.69, 43.64, -8.55, 60.50, 0, 0
2.00, 5.70, 16.94, 16.94, -157.44, 20.00, 4.63, 15.56, 11.45, 474.21, 104.75, 56.03, 7.72, 60.42, 0, 0
2.00, 5.70, 17.08, 17.08, -171.89, 20.00, 4.63, 16.67, 12.56, 346.41, 92.21, 68.38, 23.38, 63.48, 0, 0
2.00, 5.70, 16.75, 16.75, -275.97, 20.00, 4.63, 16.67, 12.67, 131.80, 74.31, 80.46, 37.49, 69.25, 0, 0
2.00, 5.70, 16.37, 16.37, -375.46, 20.00, 4.63, 15.56, 11.55, 0.00, 53.13, 0.00, 49.80, 77.11, 0, 0
2.00, 5.70, 15.98, 15.98, -466.20, 20.00, 4.63, 13.89, 9.83, 0.00, 18.35, 0.00, 60.55, 86.45, 0, 0
2.00, 5.70, 15.74, 15.74, -516.67, 20.00, 4.63, 13.33, 9.23, 0.00, 0.00, 0.00, 0.00, 90.00, 0, 0
2.00, 5.70, 15.67, 15.67, -526.66, 20.00, 4.63, 12.78, 8.73, 0.00, 0.00, 0.00, 0.00, 90.00, 0, 0
2.00, 5.70, 15.62, 15.62, -534.73, 20.00, 4.63, 12.22, 8.12, 0.00, 0.00, 0.00, 0.00, 90.00, 0, 0
2.00, 5.70, 15.54, 15.54, -548.37, 20.00, 4.63, 11.67, 7.62, 0.00, 0.00, 0.00, 0.00, 90.00, 0, 0
2.00, 5.70, 15.43, 15.43, -568.77, 20.00, 4.63, 11.11, 7.02, 0.00, 0.00, 0.00, 0.00, 90.00, 0, 0
2.00, 5.70, 15.28, 15.28, -595.09, 20.00, 4.63, 10.56, 6.41, 0.00, 0.00, 0.00, 0.00, 90.00, 0, 0
2.00, 5.70, 15.11, 15.11, -625.42, 20.00, 4.63, 10.00, 5.91, 0.00, 0.00, 0.00, 0.00, 90.00, 0, 0
2.00, 5.70, 14.91, 14.91, -658.29, 20.00, 4.63, 9.44, 5.31, 0.00, 0.00, 0.00, 0.00, 90.00, 0, 0
2.00, 5.70, 14.70, 14.70, -692.82, 20.00, 4.63, 8.89, 4.71, 0.00, 0.00, 0.00, 0.00, 90.00, 0, 0
2.00, 5.70, 14.47, 14.47, -728.12, 20.00, 4.63, 8.33, 4.21, 0.00, 0.00, 0.00, 0.00, 90.00, 0, 0
2.00, 5.70, 14.23, 14.23, -764.18, 20.00, 4.63, 7.78, 3.61, 0.00, 0.00, 0.00, 0.00, 90.00, 0, 0
2.00, 5.70, 13.98, 13.98, -800.71, 20.00, 4.63, 7.22, 3.01, 0.00, 0.00, 0.00, 0.00, 90.00, 0, 0
2.00, 5.70, 13.69, 13.69, -843.78, 20.00, 4.63, 6.11, 2.02, 0.00, 0.00, 0.00, 0.00, 90.00, 0, 0
2.00, 5.70, 13.41, 13.41, -882.98, 20.00, 4.63, 5.56, 1.42, 0.00, 0.00, 0.00, 0.00, 90.00, 0, 0
2.00, 5.70, 13.34, 13.34, -875.29, 20.00, 4.63, 6.67, 2.52, 0.00, 13.76, 18.85, -60.94, 87.15, 0, 0
2.00, 5.70, 15.01, 15.01, -508.31, 20.00, 4.63, 9.44, 5.31, 490.20, 42.37, 14.57, -50.28, 77.77, 0, 0
2.00, 5.70, 16.35, 16.35, -249.05, 20.00, 4.63, 12.22, 8.12, 666.79, 71.13, 20.58, -38.10, 69.83, 0, 0
2.00, 5.70, 16.89, 16.89, -177.80, 20.00, 4.63, 13.89, 9.83, 517.33, 97.50, 31.40, -24.12, 63.95, 0, 0
2.00, 5.70, 17.36, 17.36, -121.19, 20.00, 4.63, 15.00, 10.95, 445.41, 107.05, 43.48, -8.58, 60.73, 0, 0
2.00, 5.70, 17.83, 17.83, -63.76, 20.00, 4.63, 16.67, 12.56, 407.02, 107.34, 55.88, 7.64, 60.64, 0, 0
2.00, 5.70, 17.91, 17.91, -87.51, 20.00, 4.63, 17.22, 13.17, 310.12, 88.26, 68.22, 23.25, 63.68, 0, 0
2.00, 5.70, 17.64, 17.64, -177.18, 20.00, 4.63, 17.22, 13.17, 129.01, 73.37, 80.30, 37.33, 69.43, 0, 0
2.00, 5.70, 17.20, 17.20, -291.50, 20.00, 4.63, 16.11, 12.06, 0.00, 45.11, 0.00, 49.62, 77.26, 0, 0
2.00, 5.70, 16.84, 16.84, -374.42, 20.00, 4.63, 14.44, 10.44, 0.00, 18.35, 0.00, 60.35, 86.57, 0, 0
2.00, 5.70, 16.58, 16.58, -429.50, 20.00, 4.63, 13.89, 9.83, 0.00, 0.00, 0.00, 0.00, 90.00, 0, 0
2.00, 5.70, 16.50, 16.50, -444.50, 20.00, 4.63, 13.33, 9.23, 0.00, 0.00, 0.00, 0.00, 90.00, 0, 0
2.00, 5.70, 16.43, 16.43, -456.39, 20.00, 4.63, 12.78, 8.73, 0.00, 0.00, 0.00, 0.00, 90.00, 0, 0
2.00, 5.70, 16.34, 16.34, -473.62, 20.00, 4.63, 12.22, 8.12, 0.00, 0.00, 0.00, 0.00, 90.00, 0, 0
2.00, 5.70, 16.21, 16.21, -496.90, 20.00, 4.63, 11.67, 7.62, 0.00, 0.00, 0.00, 0.00, 90.00, 0, 0
2.00, 5.70, 16.05, 16.05, -526.01, 20.00, 4.63, 11.11, 7.02, 0.00, 0.00, 0.00, 0.00, 90.00, 0, 0
2.00, 5.70, 15.86, 15.86, -558.89, 20.00, 4.63, 10.56, 6.51, 0.00, 0.00, 0.00, 0.00, 90.00, 0, 0
2.00, 5.70, 15.66, 15.66, -594.05, 20.00, 4.63, 10.00, 5.91, 0.00, 0.00, 0.00, 0.00, 90.00, 0, 0
2.00, 5.70, 15.43, 15.43, -630.64, 20.00, 4.63, 9.44, 5.31, 0.00, 0.00, 0.00, 0.00, 90.00, 0, 0
2.00, 5.70, 15.19, 15.19, -667.79, 20.00, 4.63, 8.89, 4.81, 0.00, 0.00, 0.00, 0.00, 90.00, 0, 0
2.00, 5.70, 14.95, 14.95, -705.51, 20.00, 4.63, 8.33, 4.21, 0.00, 0.00, 0.00, 0.00, 90.00, 0, 0
2.00, 5.70, 14.69, 14.69, -743.25, 20.00, 4.63, 7.78, 3.71, 0.00, 0.00, 0.00, 0.00, 90.00, 0, 0
2.00, 5.70, 14.42, 14.42, -781.20, 20.00, 4.63, 7.22, 3.11, 0.00, 0.00, 0.00, 0.00, 90.00, 0, 0
2.00, 5.70, 14.15, 14.15, -818.70, 20.00, 4.63, 6.67, 2.61, 0.00, 0.00, 0.00, 0.00, 90.00, 0, 0
2.00, 5.70, 14.01, 14.01, -825.69, 20.00, 4.63, 7.22, 3.11, 0.00, 9.18, 18.71, -60.83, 87.35, 0, 0
2.00, 5.70, 14.28, 14.28, -750.71, 20.00, 4.63, 8.33, 4.31, 39.06, 40.37, 14.35, -50.18, 77.97, 0, 0
2.00, 5.70, 14.89, 14.89, -613.77, 20.00, 4.63, 10.00, 6.01, 108.11, 78.73, 20.39, -38.03, 70.05, 0, 0
2.00, 5.70, 15.68, 15.68, -452.25, 20.00, 4.63, 11.67, 7.72, 209.46, 105.59, 31.24, -24.10, 64.17, 0, 0
2.00, 5.70, 15.38, 15.38, -533.71, 20.00, 4.63, 12.22, 8.32, 20.61, 91.44, 43.33, -8.61, 60.96, 0, 0
2.00, 5.70, 15.41, 15.41, -532.91, 20.00, 4.63, 12.22, 8.32, 8.88, 92.08, 55.73, 7.55, 60.85, 0, 0
2.00, 5.70, 15.60, 15.60, -498.86, 20.00, 4.63, 12.78, 8.92, 25.92, 96.17, 68.07, 23.12, 63.87, 0, 0
2.00, 5.70, 15.49, 15.49, -530.18, 20.00, 4.63, 12.78, 8.92, 10.46, 73.22, 80.14, 37.17, 69.59, 0, 0
2.00, 5.70, 15.19, 15.19, -595.29, 20.00, 4.63, 12.22, 8.41, 0.00, 41.35, 0.00, 49.44, 77.40, 0, 0
2.00, 5.70, 14.80, 14.80, -674.88, 20.00, 4.63, 11.11, 7.30, 0.00, 10.71, 0.00, 60.16, 86.70, 0, 0
2.00, 5.70, 14.55, 14.55, -714.64, 20.00, 4.63, 11.11, 7.30, 0.00, 0.00, 0.00, 0.00, 90.00, 0, 0
2.00, 5.70, 14.42, 14.42, -728.71, 20.00, 4.63, 11.11, 7.30, 0.00, 0.00, 0.00, 0.00, 90.00, 0, 0
2.00, 5.70, 14.32, 14.32, -738.37, 20.00, 4.63, 11.11, 7.30, 0.00, 0.00, 0.00, 0.00, 90.00, 0, 0
2.00, 5.70, 14.22, 14.22, -747.32, 20.00, 4.63, 11.11, 7.30, 0.00, 0.00, 0.00, 0.00, 90.00, 0, 0
2.00, 5.70, 14.12, 14.12, -756.46, 20.00, 4.63, 11.11, 7.30, 0.00, 0.00, 0.00, 0.00, 90.00, 0, 0
2.00, 5.70, 14.01, 14.01, -766.38, 20.00, 4.63, 11.11, 7.30, 0.00, 0.00, 0.00, 0.00, 90.00, 0, 0
2.00, 5.70, 13.91, 13.91, -776.33, 20.00, 4.63, 11.11, 7.38, 0.00, 0.00, 0.00, 0.00, 90.00, 0, 0
2.00, 5.70, 13.81, 13.81, -786.02, 20.00, 4.63, 11.11, 7.30, 0.00, 0.00, 0.00, 0.00, 90.00, 0, 0
2.00, 5.70, 13.75, 13.75, -788.42, 20.00, 4.63, 11.67, 7.81, 0.00, 0.00, 0.00, 0.00, 90.00, 0, 0
2.00, 5.70, 13.67, 13.67, -793.69, 20.00, 4.63, 11.67, 7.89, 0.00, 0.00, 0.00, 0.00, 90.00, 0, 0
2.00, 5.70, 13.62, 13.62, -792.51, 20.00, 4.63, 12.22, 8.49, 0.00, 0.00, 0.00, 0.00, 90.00, 0, 0
2.00, 5.70, 13.57, 13.57, -794.96, 20.00, 4.63, 12.22, 8.49, 0.00, 0.00, 0.00, 0.00, 90.00, 0, 0
2.00, 5.70, 13.51, 13.51, -797.59, 20.00, 4.63, 12.22, 8.57, 0.00, 0.00, 0.00, 0.00, 90.00, 0, 0
2.00, 5.70, 13.49, 13.49, -793.32, 20.00, 4.63, 12.78, 9.09, 0.00, 0.00, 0.00, 0.00, 90.00, 0, 0
2.00, 5.70, 13.51, 13.51, -779.77, 20.00, 4.63, 13.33, 9.69, 0.00, 3.06, 18.57, -60.71, 87.53, 0, 0
2.00, 5.70, 13.70, 13.70, -733.58, 20.00, 4.63, 13.89, 10.28, 0.00, 21.41, 14.13, -50.09, 78.17, 0, 0
2.00, 5.70, 14.82, 14.82, -498.94, 20.00, 4.63, 16.11, 12.51, 156.86, 73.96, 20.19, -37.97, 70.26, 0, 0
2.00, 5.70, 14.64, 14.64, -558.17, 20.00, 4.63, 16.67, 13.03, 5.38, 52.56, 31.07, -24.07, 64.39, 0, 0
2.00, 5.70, 15.11, 15.11, -471.23, 20.00, 4.63, 17.22, 13.63, 9.18, 83.48, 43.18, -8.64, 61.17, 0, 0
2.00, 5.70, 15.89, 15.89, -325.01, 20.00, 4.63, 18.33, 14.75, 78.46, 112.20, 55.58, 7.47, 61.06, 0, 0
2.00, 5.70, 16.48, 16.48, -232.11, 20.00, 4.63, 19.44, 15.79, 128.07, 105.99, 67.92, 22.99, 64.05, 0, 0
2.00, 5.70, 16.53, 16.53, -257.39, 20.00, 4.63, 20.00, 16.39, 34.15, 85.24, 79.98, 37.01, 69.75, 0, 0
2.00, 5.70, 16.36, 16.36, -319.25, 20.00, 4.63, 19.44, 15.79, 0.00, 48.49, 0.00, 49.26, 77.54, 0, 0
2.00, 5.70, 16.17, 16.17, -378.71, 20.00, 4.63, 18.89, 15.27, 0.00, 15.29, 0.00, 59.98, 86.81, 0, 0
2.00, 5.70, 16.06, 16.06, -412.19, 20.00, 4.63, 18.33, 14.67, 0.00, 0.00, 0.00, 0.00, 90.00, 0, 0
2.00, 5.70, 16.07, 16.07, -416.31, 20.00, 4.63, 17.78, 14.06, 0.00, 0.00, 0.00, 0.00, 90.00, 0, 0
2.00, 5.70, 16.10, 16.10, -418.19, 20.00, 4.63, 17.22, 13.55, 0.00, 0.00, 0.00, 0.00, 90.00, 0, 0
2.00, 5.70, 16.11, 16.11, -422.70, 20.00, 4.63, 16.67, 12.95, 0.00, 0.00, 0.00, 0.00, 90.00, 0, 0
2.00, 5.70, 16.10, 16.10, -430.75, 20.00, 4.63, 16.11, 12.43, 0.00, 0.00, 0.00, 0.00, 90.00, 0, 0
2.00, 5.70, 16.07, 16.07, -442.99, 20.00, 4.63, 15.56, 11.83, 0.00, 0.00, 0.00, 0.00, 90.00, 0, 0
2.00, 5.70, 16.02, 16.02, -458.87, 20.00, 4.63, 15.00, 11.23, 0.00, 0.00, 0.00, 0.00, 90.00, 0, 0
2.00, 5.70, 15.94, 15.94, -477.02, 20.00, 4.63, 14.44, 10.72, 0.00, 0.00, 0.00, 0.00, 90.00, 0, 0
2.00, 5.70, 15.82, 15.82, -503.99, 20.00, 4.63, 13.33, 9.60, 0.00, 0.00, 0.00, 0.00, 90.00, 0, 0
2.00, 5.70, 15.69, 15.69, -529.02, 20.00, 4.63, 12.78, 9.00, 0.00, 0.00, 0.00, 0.00, 90.00, 0, 0
2.00, 5.70, 15.53, 15.53, -561.27, 20.00, 4.63, 11.67, 7.89, 0.00, 0.00, 0.00, 0.00, 90.00, 0, 0
2.00, 5.70, 15.33, 15.33, -597.38, 20.00, 4.63, 10.56, 6.79, 0.00, 0.00, 0.00, 0.00, 90.00, 0, 0
2.00, 5.70, 15.14, 15.14, -629.95, 20.00, 4.63, 10.00, 6.19, 0.00, 0.00, 0.00, 0.00, 90.00, 0, 0
2.00, 5.70, 14.90, 14.90, -668.99, 20.00, 4.63, 8.89, 5.08, 0.00, 0.00, 0.00, 0.00, 90.00, 0, 0
2.00, 5.70, 14.91, 14.91, -655.95, 20.00, 4.63, 10.00, 6.19, 0.00, 15.29, 18.44, -60.61, 87.72, 0, 0
2.00, 5.70, 16.31, 16.31, -354.31, 20.00, 4.63, 12.78, 8.92, 362.73, 48.56, 13.92, -50.01, 78.37, 0, 0
2.00, 5.70, 17.12, 17.12, -208.55, 20.00, 4.63, 14.44, 10.63, 391.65, 77.02, 20.00, -37.91, 70.47, 0, 0
2.00, 5.70, 18.77, 18.77, 103.30, 20.00, 4.63, 17.22, 13.37, 684.53, 100.93, 30.91, -24.06, 64.60, 0, 0
2.00, 5.70, 19.51, 19.51, 198.26, 20.00, 4.63, 18.89, 15.09, 628.24, 102.46, 43.03, -8.67, 61.39, 0, 0
2.00, 5.70, 19.69, 19.69, 175.79, 20.00, 4.63, 20.00, 16.21, 417.03, 105.10, 55.43, 7.38, 61.26, 0, 0
2.00, 5.70, 19.86, 19.86, 163.30, 20.00, 4.63, 20.56, 16.73, 305.54, 101.36, 67.77, 22.86, 64.23, 0, 0
2.00, 5.70, 19.46, 19.46, 35.53, 20.00, 4.63, 20.00, 16.21, 94.74, 78.15, 79.82, 36.85, 69.91, 0, 0
2.00, 5.70, 19.07, 19.07, -72.90, 20.00, 4.63, 19.44, 15.61, 0.00, 45.37, 0.00, 49.09, 77.67, 0, 0
2.00, 5.70, 18.72, 18.72, -160.06, 20.00, 4.63, 17.78, 13.98, 0.00, 13.76, 0.00, 59.79, 86.92, 0, 0
2.00, 5.70, 18.49, 18.49, -214.51, 20.00, 4.63, 16.67, 12.86, 0.00, 0.00, 0.00, 0.00, 90.00, 0, 0
2.00, 5.70, 18.42, 18.42, -232.66, 20.00, 4.63, 16.11, 12.25, 0.00, 0.00, 0.00, 0.00, 90.00, 0, 0
2.00, 5.70, 18.36, 18.36, -247.12, 20.00, 4.63, 15.56, 11.74, 0.00, 0.00, 0.00, 0.00, 90.00, 0, 0
2.00, 5.70, 18.28, 18.28, -266.39, 20.00, 4.63, 15.00, 11.14, 0.00, 0.00, 0.00, 0.00, 90.00, 0, 0
2.00, 5.70, 18.16, 18.16, -291.72, 20.00, 4.63, 14.44, 10.54, 0.00, 0.00, 0.00, 0.00, 90.00, 0, 0
2.00, 5.70, 18.01, 18.01, -322.44, 20.00, 4.63, 13.89, 9.93, 0.00, 0.00, 0.00, 0.00, 90.00, 0, 0
2.00, 5.70, 17.81, 17.81, -363.57, 20.00, 4.63, 12.78, 8.82, 0.00, 0.00, 0.00, 0.00, 90.00, 0, 0
2.00, 5.70, 17.60, 17.60, -402.64, 20.00, 4.63, 12.22, 8.32, 0.00, 0.00, 0.00, 0.00, 90.00, 0, 0
2.00, 5.70, 17.37, 17.37, -442.03, 20.00, 4.63, 11.67, 7.72, 0.00, 0.00, 0.00, 0.00, 90.00, 0, 0
2.00, 5.70, 17.13, 17.13, -481.63, 20.00, 4.63, 11.11, 7.21, 0.00, 0.00, 0.00, 0.00, 90.00, 0, 0
2.00, 5.70, 16.88, 16.88, -521.75, 20.00, 4.63, 10.56, 6.61, 0.00, 0.00, 0.00, 0.00, 90.00, 0, 0
2.00, 5.70, 16.59, 16.59, -568.73, 20.00, 4.63, 9.44, 5.51, 0.00, 0.00, 0.00, 0.00, 90.00, 0, 0
2.00, 5.70, 16.31, 16.31, -611.93, 20.00, 4.63, 8.89, 4.91, 0.00, 0.00, 0.00, 0.00, 90.00, 0, 0
2.00, 5.70, 16.02, 16.02, -654.02, 20.00, 4.63, 8.33, 4.31, 0.00, 0.00, 0.00, 0.00, 90.00, 0, 0
2.00, 5.70, 15.85, 15.85, -667.59, 20.00, 4.63, 8.89, 4.91, 0.00, 7.65, 18.32, -60.51, 87.90, 0, 0
2.00, 5.70, 15.97, 15.97, -624.73, 20.00, 4.63, 10.00, 6.01, 6.95, 34.51, 13.72, -49.93, 78.56, 0, 0
2.00, 5.70, 16.51, 16.51, -497.90, 20.00, 4.63, 11.11, 7.21, 94.55, 70.32, 19.81, -37.86, 70.67, 0, 0
2.00, 5.70, 16.58, 16.58, -485.40, 20.00, 4.63, 12.22, 8.32, 24.30, 81.34, 30.76, -24.05, 64.81, 0, 0
2.00, 5.70, 16.57, 16.57, -488.15, 20.00, 4.63, 12.78, 8.92, 4.61, 76.93, 42.89, -8.71, 61.59, 0, 0
2.00, 5.70, 16.59, 16.59, -484.59, 20.00, 4.63, 12.78, 8.92, 1.80, 77.46, 55.29, 7.29, 61.45, 0, 0
2.00, 5.70, 16.64, 16.64, -472.51, 20.00, 4.63, 12.78, 8.92, 6.01, 80.16, 67.62, 22.73, 64.41, 0, 0
2.00, 5.70, 16.38, 16.38, -526.89, 20.00, 4.63, 12.78, 8.92, 0.00, 48.94, 79.66, 36.69, 70.05, 0, 0
2.00, 5.70, 16.21, 16.21, -558.39, 20.00, 4.63, 12.22, 8.41, 0.00, 39.15, 0.00, 48.91, 77.79, 0, 0
2.00, 5.70, 15.79, 15.79, -638.56, 20.00, 4.63, 11.67, 7.81, 0.00, 4.59, 0.00, 59.61, 87.02, 0, 0
2.00, 5.70, 15.57, 15.57, -669.17, 20.00, 4.63, 11.67, 7.81, 0.00, 0.00, 0.00, 0.00, 90.00, 0, 0
2.00, 5.70, 15.39, 15.39, -690.94, 20.00, 4.63, 11.11, 7.30, 0.00, 0.00, 0.00, 0.00, 90.00, 0, 0
2.00, 5.70, 15.24, 15.24, -705.24, 20.00, 4.63, 11.11, 7.30, 0.00, 0.00, 0.00, 0.00, 90.00, 0, 0
2.00, 5.70, 15.10, 15.10, -717.59, 20.00, 4.63, 11.11, 7.30, 0.00, 0.00, 0.00, 0.00, 90.00, 0, 0
2.00, 5.70, 14.94, 14.94, -735.92, 20.00, 4.63, 10.56, 6.79, 0.00, 0.00, 0.00, 0.00, 90.00, 0, 0
2.00, 5.70, 14.79, 14.79, -750.66, 20.00, 4.63, 10.56, 6.79, 0.00, 0.00, 0.00, 0.00, 90.00, 0, 0
2.00, 5.70, 14.65, 14.65, -764.49, 20.00, 4.63, 10.56, 6.79, 0.00, 0.00, 0.00, 0.00, 90.00, 0, 0
2.00, 5.70, 14.51, 14.51, -777.55, 20.00, 4.63, 10.56, 6.70, 0.00, 0.00, 0.00, 0.00, 90.00, 0, 0
2.00, 5.70, 14.37, 14.37, -789.81, 20.00, 4.63, 10.56, 6.70, 0.00, 0.00, 0.00, 0.00, 90.00, 0, 0
2.00, 5.70, 14.24, 14.24, -801.06, 20.00, 4.63, 10.56, 6.79, 0.00, 0.00, 0.00, 0.00, 90.00, 0, 0
2.00, 5.70, 14.11, 14.11, -811.62, 20.00, 4.63, 10.56, 6.79, 0.00, 0.00, 0.00, 0.00, 90.00, 0, 0
2.00, 5.70, 13.99, 13.99, -821.45, 20.00, 4.63, 10.56, 6.79, 0.00, 0.00, 0.00, 0.00, 90.00, 0, 0
2.00, 5.70, 13.87, 13.87, -830.52, 20.00, 4.63, 10.56, 6.79, 0.00, 0.00, 0.00, 0.00, 90.00, 0, 0
2.00, 5.70, 13.79, 13.79, -831.97, 20.00, 4.63, 11.11, 7.38, 0.00, 0.00, 0.00, 0.00, 90.00, 0, 0
2.00, 5.70, 13.71, 13.71, -833.80, 20.00, 4.63, 11.11, 7.38, 0.00, 1.53, 0.00, -60.41, 88.09, 0, 0
2.00, 5.70, 13.81, 13.81, -799.66, 20.00, 4.63, 11.67, 7.98, 0.00, 18.35, 13.52, -49.85, 78.75, 0, 0
2.00, 5.70, 14.10, 14.10, -728.13, 20.00, 4.63, 12.78, 9.09, 0.00, 45.88, 19.63, -37.81, 70.87, 0, 0
2.00, 5.70, 14.03, 14.03, -741.44, 20.00, 4.63, 12.78, 9.09, 0.00, 27.53, 30.60, -24.04, 65.01, 0, 0
2.00, 5.70, 14.21, 14.21, -698.21, 20.00, 4.63, 12.78, 9.17, 0.00, 47.41, 42.74, -8.75, 61.79, 0, 0
2.00, 5.70, 14.38, 14.38, -661.98, 20.00, 4.63, 13.33, 9.69, 0.00, 55.06, 55.14, 7.19, 61.64, 0, 0
2.00, 5.70, 14.21, 14.21, -700.52, 20.00, 4.63, 13.33, 9.69, 0.00, 24.47, 67.47, 22.59, 64.57, 0, 0
2.00, 5.70, 14.20, 14.20, -698.56, 20.00, 4.63, 13.33, 9.69, 0.00, 24.47, 79.50, 36.54, 70.19, 0, 0
2.00, 5.70, 14.10, 14.10, -717.09, 20.00, 4.63, 12.78, 9.17, 0.00, 15.29, 0.00, 48.74, 77.91, 0, 0
2.00, 5.70, 13.98, 13.98, -737.51, 20.00, 4.63, 12.78, 9.17, 0.00, 4.59, 0.00, 59.43, 87.12, 0, 0
2.00, 5.70, 13.89, 13.89, -748.44, 20.00, 4.63, 12.78, 9.17, 0.00, 0.00, 0.00, 0.00, 90.00, 0, 0
2.00, 5.70, 13.85, 13.85, -749.90, 20.00, 4.63, 12.78, 9.17, 0.00, 0.00, 0.00, 0.00, 90.00, 0, 0
2.00, 5.70, 13.78, 13.78, -757.00, 20.00, 4.63, 12.22, 8.65, 0.00, 0.00, 0.00, 0.00, 90.00, 0, 0
2.00, 5.70, 13.73, 13.73, -760.26, 20.00, 4.63, 12.22, 8.65, 0.00, 0.00, 0.00, 0.00, 90.00, 0, 0
2.00, 5.70, 13.69, 13.69, -762.77, 20.00, 4.63, 12.22, 8.65, 0.00, 0.00, 0.00, 0.00, 90.00, 0, 0
2.00, 5.70, 13.64, 13.64, -765.70, 20.00, 4.63, 12.22, 8.65, 0.00, 0.00, 0.00, 0.00, 90.00, 0, 0
2.00, 5.70, 13.59, 13.59, -769.29, 20.00, 4.63, 12.22, 8.65, 0.00, 0.00, 0.00, 0.00, 90.00, 0, 0
2.00, 5.70, 13.54, 13.54, -773.06, 20.00, 4.63, 12.22, 8.57, 0.00, 0.00, 0.00, 0.00, 90.00, 0, 0
2.00, 5.70, 13.49, 13.49, -776.66, 20.00, 4.63, 12.22, 8.57, 0.00, 0.00, 0.00, 0.00, 90.00, 0, 0
2.00, 5.70, 13.44, 13.44, -780.05, 20.00, 4.63, 12.22, 8.57, 0.00, 0.00, 0.00, 0.00, 90.00, 0, 0
2.00, 5.70, 13.40, 13.40, -783.01, 20.00, 4.63, 12.22, 8.65, 0.00, 0.00, 0.00, 0.00, 90.00, 0, 0
2.00, 5.70, 13.35, 13.35, -785.83, 20.00, 4.63, 12.22, 8.65, 0.00, 0.00, 0.00, 0.00, 90.00, 0, 0
2.00, 5.70, 13.31, 13.31, -788.48, 20.00, 4.63, 12.22, 8.65, 0.00, 0.00, 0.00, 0.00, 90.00, 0, 0
2.00, 5.70, 13.28, 13.28, -787.80, 20.00, 4.63, 12.22, 8.65, 0.00, 0.00, 0.00, 0.00, 90.00, 0, 0
2.00, 5.70, 13.30, 13.30, -777.43, 20.00, 4.63, 12.78, 9.17, 0.00, 3.06, 0.00, -60.33, 88.26, 0, 0
2.00, 5.70, 13.40, 13.40, -751.33, 20.00, 4.63, 13.33, 9.69, 0.00, 12.23, 13.33, -49.79, 78.94, 0, 0
2.00, 5.70, 13.70, 13.70, -687.93, 20.00, 4.63, 13.89, 10.28, 0.00, 38.23, 19.45, -37.77, 71.07, 0, 0
2.00, 5.70, 13.95, 13.95, -638.64, 20.00, 4.63, 14.44, 10.88, 0.00, 50.47, 30.44, -24.04, 65.21, 0, 0
2.00, 5.70, 14.19, 14.19, -595.79, 20.00, 4.63, 15.00, 11.40, 0.00, 58.11, 42.59, -8.80, 61.99, 0, 0
2.00, 5.70, 14.31, 14.31, -581.33, 20.00, 4.63, 15.00, 11.40, 0.00, 53.53, 55.00, 7.10, 61.82, 0, 0
2.00, 5.70, 14.20, 14.20, -615.89, 20.00, 4.63, 15.00, 11.40, 0.00, 26.00, 67.32, 22.46, 64.73, 0, 0
2.00, 5.70, 14.08, 14.08, -644.42, 20.00, 4.63, 14.44, 10.80, 0.00, 12.23, 79.35, 36.38, 70.33, 0, 0
2.00, 5.70, 13.99, 13.99, -665.52, 20.00, 4.63, 14.44, 10.80, 0.00, 1.53, 0.00, 48.57, 78.02, 0, 0
2.00, 5.70, 13.95, 13.95, -673.61, 20.00, 4.63, 13.89, 10.20, 0.00, 1.53, 0.00, 59.25, 87.21, 0, 0
2.00, 5.70, 13.93, 13.93, -677.84, 20.00, 4.63, 13.89, 10.20, 0.00, 0.00, 0.00, 0.00, 90.00, 0, 0
2.00, 5.70, 13.92, 13.92, -678.30, 20.00, 4.63, 13.89, 10.20, 0.00, 0.00, 0.00, 0.00, 90.00, 0, 0
2.00, 5.70, 13.88, 13.88, -685.30, 20.00, 4.63, 13.33, 9.60, 0.00, 0.00, 0.00, 0.00, 90.00, 0, 0
2.00, 5.70, 13.86, 13.86, -688.72, 20.00, 4.63, 13.33, 9.60, 0.00, 0.00, 0.00, 0.00, 90.00, 0, 0
2.00, 5.70, 13.83, 13.83, -691.72, 20.00, 4.63, 13.33, 9.52, 0.00, 0.00, 0.00, 0.00, 90.00, 0, 0
2.00, 5.70, 13.81, 13.81, -695.11, 20.00, 4.63, 13.33, 9.52, 0.00, 0.00, 0.00, 0.00, 90.00, 0, 0
2.00, 5.70, 13.75, 13.75, -705.68, 20.00, 4.63, 12.78, 9.00, 0.00, 0.00, 0.00, 0.00, 90.00, 0, 0
2.00, 5.70, 13.67, 13.67, -719.19, 20.00, 4.63, 12.22, 8.41, 0.00, 0.00, 0.00, 0.00, 90.00, 0, 0
2.00, 5.70, 13.55, 13.55, -741.08, 20.00, 4.63, 11.11, 7.30, 0.00, 0.00, 0.00, 0.00, 90.00, 0, 0
2.00, 5.70, 13.40, 13.40, -767.06, 20.00, 4.63, 10.00, 6.19, 0.00, 0.00, 0.00, 0.00, 90.00, 0, 0
2.00, 5.70, 13.23, 13.23, -796.14, 20.00, 4.63, 8.89, 5.08, 0.00, 0.00, 0.00, 0.00, 90.00, 0, 0
2.00, 5.70, 13.06, 13.06, -821.74, 20.00, 4.63, 8.33, 4.40, 0.00, 0.00, 0.00, 0.00, 90.00, 0, 0
2.00, 5.70, 12.85, 12.85, -854.07, 20.00, 4.63, 7.22, 3.30, 0.00, 0.00, 0.00, 0.00, 90.00, 0, 0
2.00, 5.70, 12.65, 12.65, -882.86, 20.00, 4.63, 6.11, 2.20, 0.00, 0.00, 0.00, 0.00, 90.00, 0, 0
2.00, 5.70, 12.57, 12.57, -887.39, 20.00, 4.63, 6.67, 2.71, 0.00, 7.65, 0.00, -60.25, 88.44, 0, 0
2.00, 5.70, 12.69, 12.69, -847.72, 20.00, 4.63, 7.78, 3.81, 0.00, 30.59, 13.14, -49.72, 79.13, 0, 0
2.00, 5.70, 12.54, 12.54, -872.80, 20.00, 4.63, 7.78, 3.81, 0.00, 18.35, 19.27, -37.74, 71.26, 0, 0
2.00, 5.70, 13.63, 13.63, -633.35, 20.00, 4.63, 9.44, 5.51, 162.80, 91.25, 30.29, -24.04, 65.41, 0, 0
2.00, 5.70, 13.85, 13.85, -603.62, 20.00, 4.63, 10.56, 6.61, 72.02, 103.04, 42.45, -8.85, 62.18, 0, 0
2.00, 5.70, 14.32, 14.32, -520.04, 20.00, 4.63, 11.67, 7.72, 110.78, 113.12, 54.85, 7.00, 61.99, 0, 0
2.00, 5.70, 14.08, 14.08, -590.67, 20.00, 4.63, 11.67, 7.81, 17.13, 85.09, 67.17, 22.33, 64.88, 0, 0
2.00, 5.70, 14.07, 14.07, -602.81, 20.00, 4.63, 11.67, 7.81, 31.15, 71.85, 79.19, 36.22, 70.46, 0, 0
2.00, 5.70, 13.62, 13.62, -704.07, 20.00, 4.63, 11.11, 7.21, 0.00, 26.37, 0.00, 48.40, 78.12, 0, 0
2.00, 5.70, 13.28, 13.28, -771.11, 20.00, 4.63, 10.00, 6.10, 0.00, 6.12, 0.00, 59.08, 87.29, 0, 0
2.00, 5.70, 13.09, 13.09, -801.74, 20.00, 4.63, 10.00, 6.01, 0.00, 0.00, 0.00, 0.00, 90.00, 0, 0
2.00, 5.70, 12.95, 12.95, -820.51, 20.00, 4.63, 9.44, 5.51, 0.00, 0.00, 0.00, 0.00, 90.00, 0, 0
2.00, 5.70, 12.81, 12.81, -838.86, 20.00, 4.63, 8.89, 4.91, 0.00, 0.00, 0.00, 0.00, 90.00, 0, 0
2.00, 5.70, 12.70, 12.70, -852.19, 20.00, 4.63, 8.89, 4.91, 0.00, 0.00, 0.00, 0.00, 90.00, 0, 0
2.00, 5.70, 12.56, 12.56, -871.12, 20.00, 4.63, 8.33, 4.40, 0.00, 0.00, 0.00, 0.00, 90.00, 0, 0
2.00, 5.70, 12.39, 12.39, -894.55, 20.00, 4.63, 7.78, 3.81, 0.00, 0.00, 0.00, 0.00, 90.00, 0, 0
2.00, 5.70, 12.24, 12.24, -913.57, 20.00, 4.63, 7.78, 3.71, 0.00, 0.00, 0.00, 0.00, 90.00, 0, 0
2.00, 5.70, 12.06, 12.06, -937.15, 20.00, 4.63, 7.22, 3.21, 0.00, 0.00, 0.00, 0.00, 90.00, 0, 0
2.00, 5.70, 11.90, 11.90, -955.81, 20.00, 4.63, 7.22, 3.21, 0.00, 0.00, 0.00, 0.00, 90.00, 0, 0
2.00, 5.70, 11.72, 11.72, -979.34, 20.00, 4.63, 6.67, 2.71, 0.00, 0.00, 0.00, 0.00, 90.00, 0, 0
2.00, 5.70, 11.56, 11.56, -998.18, 20.00, 4.63, 6.67, 2.61, 0.00, 0.00, 0.00, 0.00, 90.00, 0, 0
2.00, 5.70, 11.40, 11.40, -1015.10, 20.00, 4.63, 6.67, 2.61, 0.00, 0.00, 0.00, 0.00, 90.00, 0, 0
2.00, 5.70, 11.21, 11.21, -1037.33, 20.00, 4.63, 6.11, 2.11, 0.00, 0.00, 0.00, 0.00, 90.00, 0, 0
2.00, 5.70, 11.10, 11.10, -1044.26, 20.00, 4.63, 6.11, 2.02, 0.00, 0.00, 0.00, 0.00, 90.00, 0, 0
2.00, 5.70, 11.14, 11.14, -1019.97, 20.00, 4.63, 7.22, 3.21, 0.00, 13.76, 0.00, -60.17, 88.61, 0, 0
2.00, 5.70, 12.80, 12.80, -660.06, 20.00, 4.63, 9.44, 5.41, 483.43, 37.92, 12.96, -49.67, 79.31, 0, 0
2.00, 5.70, 14.38, 14.38, -353.43, 20.00, 4.63, 12.22, 8.22, 727.50, 67.46, 19.10, -37.71, 71.44, 0, 0
2.00, 5.70, 15.08, 15.08, -258.21, 20.00, 4.63, 13.89, 9.93, 606.06, 89.23, 30.14, -24.05, 65.60, 0, 0
2.00, 5.70, 15.48, 15.48, -225.65, 20.00, 4.63, 15.56, 11.55, 442.44, 102.89, 42.30, -8.90, 62.36, 0, 0
2.00, 5.70, 16.05, 16.05, -152.75, 20.00, 4.63, 16.67, 12.67, 442.86, 98.91, 54.71, 6.91, 62.16, 0, 0
2.00, 5.70, 16.12, 16.12, -184.51, 20.00, 4.63, 17.22, 13.17, 264.73, 96.89, 67.03, 22.20, 65.03, 0, 0
2.00, 5.70, 15.76, 15.76, -299.54, 20.00, 4.63, 16.67, 12.67, 61.66, 77.77, 79.04, 36.07, 70.58, 0, 0
2.00, 5.70, 15.51, 15.51, -374.98, 20.00, 4.63, 16.11, 12.06, 0.00, 53.31, 0.00, 48.24, 78.22, 0, 0
2.00, 5.70, 15.20, 15.20, -454.62, 20.00, 4.63, 14.44, 10.44, 0.00, 18.35, 0.00, 58.90, 87.37, 0, 0
2.00, 5.70, 15.01, 15.01, -501.54, 20.00, 4.63, 13.89, 9.83, 0.00, 1.53, 0.00, 0.00, 90.00, 0, 0
2.00, 5.70, 14.95, 14.95, -517.26, 20.00, 4.63, 13.33, 9.23, 0.00, 0.00, 0.00, 0.00, 90.00, 0, 0
2.00, 5.70, 14.87, 14.87, -535.22, 20.00, 4.63, 12.22, 8.12, 0.00, 0.00, 0.00, 0.00, 90.00, 0, 0
2.00, 5.70, 14.80, 14.80, -553.25, 20.00, 4.63, 11.67, 7.62, 0.00, 0.00, 0.00, 0.00, 90.00, 0, 0
2.00, 5.70, 14.69, 14.69, -575.67, 20.00, 4.63, 11.11, 7.02, 0.00, 0.00, 0.00, 0.00, 90.00, 0, 0
2.00, 5.70, 14.56, 14.56, -602.94, 20.00, 4.63, 10.56, 6.41, 0.00, 0.00, 0.00, 0.00, 90.00, 0, 0
2.00, 5.70, 14.40, 14.40, -633.97, 20.00, 4.63, 10.00, 5.81, 0.00, 0.00, 0.00, 0.00, 90.00, 0, 0
2.00, 5.70, 14.19, 14.19, -673.74, 20.00, 4.63, 8.89, 4.71, 0.00, 0.00, 0.00, 0.00, 90.00, 0, 0
2.00, 5.70, 13.98, 13.98, -711.14, 20.00, 4.63, 8.33, 4.11, 0.00, 0.00, 0.00, 0.00, 90.00, 0, 0
2.00, 5.70, 13.72, 13.72, -755.07, 20.00, 4.63, 7.22, 3.01, 0.00, 0.00, 0.00, 0.00, 90.00, 0, 0
2.00, 5.70, 13.47, 13.47, -795.46, 20.00, 4.63, 6.67, 2.41, 0.00, 0.00, 0.00, 0.00, 90.00, 0, 0
2.00, 5.70, 13.18, 13.18, -841.85, 20.00, 4.63, 5.56, 1.32, 0.00, 0.00, 0.00, 0.00, 90.00, 0, 0
2.00, 5.70, 12.89, 12.89, -884.44, 20.00, 4.63, 5.00, 0.72, 0.00, 0.00, 0.00, 0.00, 90.00, 0, 0
2.00, 5.70, 12.60, 12.60, -928.15, 20.00, 4.63, 3.89, -0.37, 0.00, 0.00, 0.00, 0.00, 90.00, 0, 0
2.00, 5.70, 12.49, 12.49, -928.52, 20.00, 4.63, 5.00, 0.72, 0.00, 12.23, 0.00, -60.10, 88.79, 0, 0
2.00, 5.70, 13.79, 13.79, -638.26, 20.00, 4.63, 7.22, 3.01, 390.66, 39.18, 12.79, -49.62, 79.48, 0, 0
2.00, 5.70, 15.28, 15.28, -341.53, 20.00, 4.63, 9.44, 5.20, 659.24, 73.76, 18.92, -37.68, 71.63, 0, 0
2.00, 5.70, 15.93, 15.93, -245.37, 20.00, 4.63, 11.67, 7.41, 566.20, 95.34, 29.99, -24.06, 65.78, 0, 0
2.00, 5.70, 16.86, 16.86, -93.38, 20.00, 4.63, 13.33, 9.12, 646.50, 102.77, 42.16, -8.95, 62.54, 0, 0
2.00, 5.70, 17.22, 17.22, -68.35, 20.00, 4.63, 14.44, 10.23, 565.12, 91.17, 54.57, 6.81, 62.33, 0, 0
2.00, 5.70, 17.17, 17.17, -125.55, 20.00, 4.63, 15.00, 10.84, 379.03, 82.03, 66.88, 22.06, 65.17, 0, 0
2.00, 5.70, 16.78, 16.78, -242.24, 20.00, 4.63, 15.00, 10.84, 169.01, 65.01, 78.89, 35.92, 70.69, 0, 0
2.00, 5.70, 16.21, 16.21, -380.84, 20.00, 4.63, 14.44, 10.23, 0.00, 39.78, 0.00, 48.08, 78.31, 0, 0
2.00, 5.70, 15.85, 15.85, -460.99, 20.00, 4.63, 12.78, 8.62, 0.00, 13.76, 0.00, 58.73, 87.44, 0, 0
2.00, 5.70, 15.58, 15.58, -516.31, 20.00, 4.63, 11.67, 7.52, 0.00, 0.00, 0.00, 0.00, 90.00, 0, 0
2.00, 5.70, 15.47, 15.47, -534.13, 20.00, 4.63, 11.11, 6.91, 0.00, 0.00, 0.00, 0.00, 90.00, 0, 0
2.00, 5.70, 15.38, 15.38, -548.57, 20.00, 4.63, 10.56, 6.41, 0.00, 0.00, 0.00, 0.00, 90.00, 0, 0
2.00, 5.70, 15.27, 15.27, -568.85, 20.00, 4.63, 10.00, 5.81, 0.00, 0.00, 0.00, 0.00, 90.00, 0, 0
2.00, 5.70, 15.11, 15.11, -596.09, 20.00, 4.63, 9.44, 5.20, 0.00, 0.00, 0.00, 0.00, 90.00, 0, 0
2.00, 5.70, 14.93, 14.93, -629.02, 20.00, 4.63, 8.89, 4.71, 0.00, 0.00, 0.00, 0.00, 90.00, 0, 0
2.00, 5.70, 14.71, 14.71, -666.22, 20.00, 4.63, 8.33, 4.11, 0.00, 0.00, 0.00, 0.00, 90.00, 0, 0
2.00, 5.70, 14.47, 14.47, -705.64, 20.00, 4.63, 7.78, 3.50, 0.00, 0.00, 0.00, 0.00, 90.00, 0, 0
2.00, 5.70, 14.22, 14.22, -746.00, 20.00, 4.63, 7.22, 3.01, 0.00, 0.00, 0.00, 0.00, 90.00, 0, 0
2.00, 5.70, 13.95, 13.95, -787.08, 20.00, 4.63, 6.67, 2.41, 0.00, 0.00, 0.00, 0.00, 90.00, 0, 0
2.00, 5.70, 13.67, 13.67, -828.13, 20.00, 4.63, 6.11, 1.92, 0.00, 0.00, 0.00, 0.00, 90.00, 0, 0
2.00, 5.70, 13.38, 13.38, -869.26, 20.00, 4.63, 5.56, 1.32, 0.00, 0.00, 0.00, 0.00, 90.00, 0, 0
2.00, 5.70, 13.09, 13.09, -910.29, 20.00, 4.63, 5.00, 0.72, 0.00, 0.00, 0.00, 0.00, 90.00, 0, 0
2.00, 5.70, 12.80, 12.80, -948.76, 20.00, 4.63, 4.44, 0.23, 0.00, 0.00, 0.00, 0.00, 90.00, 0, 0
2.00, 5.70, 12.61, 12.61, -963.36, 20.00, 4.63, 5.00, 0.72, 0.00, 6.12, 0.00, -60.04, 88.95, 0, 0
2.00, 5.70, 13.57, 13.57, -739.85, 20.00, 4.63, 7.22, 3.01, 267.07, 38.19, 12.62, -49.57, 79.66, 0, 0
2.00, 5.70, 14.17, 14.17, -618.84, 20.00, 4.63, 8.89, 4.71, 283.76, 69.63, 18.76, -37.66, 71.81, 0, 0
2.00, 5.70, 15.33, 15.33, -387.01, 20.00, 4.63, 11.11, 6.91, 482.57, 93.37, 29.84, -24.08, 65.96, 0, 0
2.00, 5.70, 16.20, 16.20, -239.09, 20.00, 4.63, 12.78, 8.62, 554.38, 98.20, 42.02, -9.01, 62.71, 0, 0
2.00, 5.70, 16.29, 16.29, -262.40, 20.00, 4.63, 13.89, 9.73, 346.85, 102.27, 54.43, 6.71, 62.48, 0, 0
2.00, 5.70, 16.23, 16.23, -305.67, 20.00, 4.63, 14.44, 10.23, 200.60, 97.27, 66.74, 21.93, 65.30, 0, 0
2.00, 5.70, 16.12, 16.12, -352.89, 20.00, 4.63, 14.44, 10.34, 135.54, 76.28, 78.74, 35.77, 70.80, 0, 0
2.00, 5.70, 15.59, 15.59, -480.50, 20.00, 4.63, 13.89, 9.73, 0.00, 41.04, 0.00, 47.91, 78.40, 0, 0
2.00, 5.70, 15.26, 15.26, -551.99, 20.00, 4.63, 12.22, 8.12, 0.00, 16.82, 0.00, 58.57, 87.51, 0, 0
2.00, 5.70, 15.01, 15.01, -602.19, 20.00, 4.63, 11.67, 7.52, 0.00, 1.53, 0.00, 0.00, 90.00, 0, 0
2.00, 5.70, 14.89, 14.89, -619.87, 20.00, 4.63, 11.11, 7.02, 0.00, 0.00, 0.00, 0.00, 90.00, 0, 0
2.00, 5.70, 14.80, 14.80, -631.72, 20.00, 4.63, 10.56, 6.51, 0.00, 0.00, 0.00, 0.00, 90.00, 0, 0
2.00, 5.70, 14.72, 14.72, -641.58, 20.00, 4.63, 10.56, 6.41, 0.00, 0.00, 0.00, 0.00, 90.00, 0, 0
2.00, 5.70, 14.60, 14.60, -660.91, 20.00, 4.63, 10.00, 5.91, 0.00, 0.00, 0.00, 0.00, 90.00, 0, 0
2.00, 5.70, 14.44, 14.44, -686.71, 20.00, 4.63, 9.44, 5.31, 0.00, 0.00, 0.00, 0.00, 90.00, 0, 0
2.00, 5.70, 14.26, 14.26, -716.56, 20.00, 4.63, 8.89, 4.81, 0.00, 0.00, 0.00, 0.00, 90.00, 0, 0
2.00, 5.70, 14.05, 14.05, -748.70, 20.00, 4.63, 8.33, 4.21, 0.00, 0.00, 0.00, 0.00, 90.00, 0, 0
2.00, 5.70, 13.87, 13.87, -775.72, 20.00, 4.63, 8.33, 4.11, 0.00, 0.00, 0.00, 0.00, 90.00, 0, 0
2.00, 5.70, 13.65, 13.65, -807.20, 20.00, 4.63, 7.78, 3.61, 0.00, 0.00, 0.00, 0.00, 90.00, 0, 0
2.00, 5.70, 13.42, 13.42, -840.12, 20.00, 4.63, 7.22, 3.11, 0.00, 0.00, 0.00, 0.00, 90.00, 0, 0
2.00, 5.70, 13.18, 13.18, -873.95, 20.00, 4.63, 6.67, 2.52, 0.00, 0.00, 0.00, 0.00, 90.00, 0, 0
2.00, 5.70, 12.96, 12.96, -901.28, 20.00, 4.63, 6.67, 2.52, 0.00, 0.00, 0.00, 0.00, 90.00, 0, 0
2.00, 5.70, 12.73, 12.73, -930.45, 20.00, 4.63, 6.11, 2.02, 0.00, 0.00, 0.00, 0.00, 90.00, 0, 0
2.00, 5.70, 12.56, 12.56, -946.64, 20.00, 4.63, 6.11, 2.02, 0.00, 4.59, 0.00, -59.98, 89.12, 0, 0
2.00, 5.70, 12.57, 12.57, -925.18, 20.00, 4.63, 7.22, 3.11, 0.00, 19.88, 12.46, -49.53, 79.83, 0, 0
2.00, 5.70, 12.39, 12.39, -946.69, 20.00, 4.63, 7.22, 3.11, 0.00, 12.23, 18.59, -37.65, 71.98, 0, 0
2.00, 5.70, 12.54, 12.54, -899.37, 20.00, 4.63, 7.78, 3.71, 0.00, 41.29, 29.69, -24.10, 66.13, 0, 0
2.00, 5.70, 12.44, 12.44, -910.95, 20.00, 4.63, 7.78, 3.71, 0.00, 33.65, 41.88, -9.08, 62.88, 0, 0
2.00, 5.70, 12.46, 12.46, -894.83, 20.00, 4.63, 8.33, 4.21, 0.00, 41.29, 54.29, 6.60, 62.63, 0, 0
2.00, 5.70, 12.96, 12.96, -781.32, 20.00, 4.63, 8.89, 4.81, 37.60, 85.40, 66.59, 21.80, 65.43, 0, 0
2.00, 5.70, 12.96, 12.96, -783.80, 20.00, 4.63, 9.44, 5.41, 21.84, 69.72, 78.59, 35.62, 70.90, 0, 0
2.00, 5.70, 12.59, 12.59, -860.92, 20.00, 4.63, 9.44, 5.41, 0.00, 28.16, 0.00, 47.76, 78.48, 0, 0
2.00, 5.70, 12.28, 12.28, -916.56, 20.00, 4.63, 8.89, 4.81, 0.00, 7.65, 0.00, 58.40, 87.57, 0, 0
2.00, 5.70, 12.05, 12.05, -951.60, 20.00, 4.63, 8.33, 4.31, 0.00, 0.00, 0.00, 0.00, 90.00, 0, 0
2.00, 5.70, 11.92, 11.92, -964.14, 20.00, 4.63, 8.33, 4.21, 0.00, 0.00, 0.00, 0.00, 90.00, 0, 0
2.00, 5.70, 11.78, 11.78, -978.29, 20.00, 4.63, 7.78, 3.71, 0.00, 0.00, 0.00, 0.00, 90.00, 0, 0
2.00, 5.70, 11.67, 11.67, -987.40, 20.00, 4.63, 7.78, 3.71, 0.00, 0.00, 0.00, 0.00, 90.00, 0, 0
2.00, 5.70, 11.52, 11.52, -1002.28, 20.00, 4.63, 7.22, 3.11, 0.00, 0.00, 0.00, 0.00, 90.00, 0, 0
2.00, 5.70, 11.39, 11.39, -1014.54, 20.00, 4.63, 7.22, 3.11, 0.00, 0.00, 0.00, 0.00, 90.00, 0, 0
2.00, 5.70, 11.24, 11.24, -1032.58, 20.00, 4.63, 6.67, 2.61, 0.00, 0.00, 0.00, 0.00, 90.00, 0, 0
2.00, 5.70, 11.09, 11.09, -1046.32, 20.00, 4.63, 6.67, 2.52, 0.00, 0.00, 0.00, 0.00, 90.00, 0, 0
2.00, 5.70, 10.93, 10.93, -1065.10, 20.00, 4.63, 6.11, 2.02, 0.00, 0.00, 0.00, 0.00, 90.00, 0, 0
2.00, 5.70, 10.75, 10.75, -1086.04, 20.00, 4.63, 5.56, 1.42, 0.00, 0.00, 0.00, 0.00, 90.00, 0, 0
2.00, 5.70, 10.59, 10.59, -1101.55, 20.00, 4.63, 5.56, 1.42, 0.00, 0.00, 0.00, 0.00, 90.00, 0, 0
2.00, 5.70, 10.41, 10.41, -1121.75, 20.00, 4.63, 5.00, 0.92, 0.00, 0.00, 0.00, 0.00, 90.00, 0, 0
2.00, 5.70, 10.25, 10.25, -1137.27, 20.00, 4.63, 5.00, 0.92, 0.00, 0.00, 0.00, 0.00, 90.00, 0, 0
2.00, 5.70, 10.11, 10.11, -1147.16, 20.00, 4.63, 4.44, 0.33, 0.00, 0.00, 0.00, 0.00, 90.00, 0, 0
2.00, 5.70, 10.01, 10.01, -1150.20, 20.00, 4.63, 5.00, 0.82, 0.00, 3.06, 0.00, -59.93, 89.28, 0, 0
2.00, 5.70, 10.04, 10.04, -1127.25, 20.00, 4.63, 5.56, 1.42, 0.00, 16.82, 12.30, -49.50, 80.00, 0, 0
2.00, 5.70, 10.17, 10.17, -1087.19, 20.00, 4.63, 6.11, 2.02, 0.00, 35.17, 18.43, -37.64, 72.15, 0, 0
2.00, 5.70, 10.50, 10.50, -1008.87, 20.00, 4.63, 6.67, 2.61, 5.47, 67.92, 29.54, -24.12, 66.30, 0, 0
2.00, 5.70, 10.84, 10.84, -936.69, 20.00, 4.63, 7.78, 3.71, 14.10, 85.65, 41.74, -9.14, 63.04, 0, 0
2.00, 5.70, 10.97, 10.97, -912.91, 20.00, 4.63, 8.33, 4.31, 7.39, 82.06, 54.15, 6.50, 62.77, 0, 0
2.00, 5.70, 10.87, 10.87, -938.78, 20.00, 4.63, 8.33, 4.31, 0.00, 59.64, 66.45, 21.67, 65.55, 0, 0
2.00, 5.70, 10.59, 10.59, -999.00, 20.00, 4.63, 7.78, 3.71, 0.00, 27.53, 78.44, 35.47, 71.00, 0, 0
2.00, 5.70, 10.32, 10.32, -1049.88, 20.00, 4.63, 7.22, 3.21, 0.00, 7.65, 89.90, 47.60, 78.55, 0, 0
2.00, 5.70, 10.12, 10.12, -1079.21, 20.00, 4.63, 6.67, 2.61, 0.00, 1.53, 0.00, 58.24, 87.62, 0, 0
2.00, 5.70, 10.00, 10.00, -1092.00, 20.00, 4.63, 6.67, 2.61, 0.00, 0.00, 0.00, 0.00, 90.00, 0, 0
2.00, 5.70, 9.91, 9.91, -1098.62, 20.00, 4.63, 6.67, 2.61, 0.00, 0.00, 0.00, 0.00, 90.00, 0, 0
2.00, 5.70, 9.83, 9.83, -1104.11, 20.00, 4.63, 6.67, 2.61, 0.00, 0.00, 0.00, 0.00, 90.00, 0, 0
2.00, 5.70, 9.72, 9.72, -1116.38, 20.00, 4.63, 6.11, 2.02, 0.00, 0.00, 0.00, 0.00, 90.00, 0, 0
2.00, 5.70, 9.62, 9.62, -1124.87, 20.00, 4.63, 6.11, 2.02, 0.00, 0.00, 0.00, 0.00, 90.00, 0, 0
2.00, 5.70, 9.51, 9.51, -1135.04, 20.00, 4.63, 6.11, 2.02, 0.00, 0.00, 0.00, 0.00, 90.00, 0, 0
2.00, 5.70, 9.41, 9.41, -1144.59, 20.00, 4.63, 6.11, 2.02, 0.00, 0.00, 0.00, 0.00, 90.00, 0, 0
2.00, 5.70, 9.28, 9.28, -1160.19, 20.00, 4.63, 5.56, 1.42, 0.00, 0.00, 0.00, 0.00, 90.00, 0, 0
2.00, 5.70, 9.16, 9.16, -1171.21, 20.00, 4.63, 5.56, 1.42, 0.00, 0.00, 0.00, 0.00, 90.00, 0, 0
2.00, 5.70, 9.06, 9.06, -1180.57, 20.00, 4.63, 5.56, 1.42, 0.00, 0.00, 0.00, 0.00, 90.00, 0, 0
2.00, 5.70, 8.92, 8.92, -1195.57, 20.00, 4.63, 5.00, 0.92, 0.00, 0.00, 0.00, 0.00, 90.00, 0, 0
2.00, 5.70, 8.80, 8.80, -1206.48, 20.00, 4.63, 5.00, 0.82, 0.00, 0.00, 0.00, 0.00, 90.00, 0, 0
2.00, 5.70, 8.66, 8.66, -1222.41, 20.00, 4.63, 4.44, 0.33, 0.00, 0.00, 0.00, 0.00, 90.00, 0, 0
2.00, 5.70, 8.61, 8.61, -1219.04, 20.00, 4.63, 4.44, 0.33, 0.00, 0.00, 0.00, 0.00, 90.00, 0, 0
2.00, 5.70, 8.52, 8.52, -1224.92, 20.00, 4.63, 4.44, 0.42, 0.00, 1.53, 0.00, -59.88, 89.44, 0, 0
2.00, 5.70, 8.51, 8.51, -1214.48, 20.00, 4.63, 5.00, 0.92, 0.00, 7.65, 12.16, -49.48, 80.16, 0, 0
2.00, 5.70, 9.03, 9.03, -1094.62, 20.00, 4.63, 6.11, 2.11, 29.06, 56.23, 18.27, -37.64, 72.32, 0, 0
2.00, 5.70, 9.45, 9.45, -1009.34, 20.00, 4.63, 7.78, 3.71, 21.91, 79.00, 29.40, -24.15, 66.46, 0, 0
2.00, 5.70, 9.53, 9.53, -1000.50, 20.00, 4.63, 8.33, 4.31, 2.35, 68.31, 41.60, -9.21, 63.19, 0, 0
2.00, 5.70, 9.74, 9.74, -964.30, 20.00, 4.63, 8.33, 4.40, 3.71, 76.97, 54.01, 6.40, 62.91, 0, 0
2.00, 5.70, 10.02, 10.02, -915.46, 20.00, 4.63, 8.89, 4.91, 17.74, 83.75, 66.31, 21.53, 65.66, 0, 0
2.00, 5.70, 10.26, 10.26, -875.84, 20.00, 4.63, 9.44, 5.51, 53.75, 74.95, 78.30, 35.32, 71.09, 0, 0
2.00, 5.70, 9.97, 9.97, -952.37, 20.00, 4.63, 8.89, 5.00, 0.28, 37.70, 89.75, 47.44, 78.61, 0, 0
2.00, 5.70, 9.68, 9.68, -1016.32, 20.00, 4.63, 8.33, 4.40, 0.00, 7.65, 0.00, 58.08, 87.67, 0, 0
2.00, 5.70, 9.56, 9.56, -1039.88, 20.00, 4.63, 8.33, 4.40, 0.00, 0.00, 0.00, 0.00, 90.00, 0, 0
2.00, 5.70, 9.52, 9.52, -1042.64, 20.00, 4.63, 8.33, 4.40, 0.00, 0.00, 0.00, 0.00, 90.00, 0, 0
2.00, 5.70, 9.51, 9.51, -1041.69, 20.00, 4.63, 8.33, 4.40, 0.00, 0.00, 0.00, 0.00, 90.00, 0, 0
2.00, 5.70, 9.50, 9.50, -1040.97, 20.00, 4.63, 8.33, 4.40, 0.00, 0.00, 0.00, 0.00, 90.00, 0, 0
2.00, 5.70, 9.45, 9.45, -1047.84, 20.00, 4.63, 7.78, 3.90, 0.00, 0.00, 0.00, 0.00, 90.00, 0, 0
2.00, 5.70, 9.41, 9.41, -1054.74, 20.00, 4.63, 7.78, 3.81, 0.00, 0.00, 0.00, 0.00, 90.00, 0, 0
2.00, 5.70, 9.36, 9.36, -1061.04, 20.00, 4.63, 7.78, 3.81, 0.00, 0.00, 0.00, 0.00, 90.00, 0, 0
2.00, 5.70, 9.32, 9.32, -1066.74, 20.00, 4.63, 7.78, 3.81, 0.00, 0.00, 0.00, 0.00, 90.00, 0, 0
2.00, 5.70, 9.27, 9.27, -1071.96, 20.00, 4.63, 7.78, 3.90, 0.00, 0.00, 0.00, 0.00, 90.00, 0, 0
2.00, 5.70, 9.23, 9.23, -1077.06, 20.00, 4.63, 7.78, 3.90, 0.00, 0.00, 0.00, 0.00, 90.00, 0, 0
2.00, 5.70, 9.18, 9.18, -1081.96, 20.00, 4.63, 7.78, 3.90, 0.00, 0.00, 0.00, 0.00, 90.00, 0, 0
2.00, 5.70, 9.14, 9.14, -1086.80, 20.00, 4.63, 7.78, 3.81, 0.00, 0.00, 0.00, 0.00, 90.00, 0, 0
2.00, 5.70, 9.10, 9.10, -1091.20, 20.00, 4.63, 7.78, 3.81, 0.00, 0.00, 0.00, 0.00, 90.00, 0, 0
2.00, 5.70, 9.12, 9.12, -1081.86, 20.00, 4.63, 7.78, 3.81, 0.00, 0.00, 0.00, 0.00, 90.00, 0, 0
2.00, 5.70, 9.18, 9.18, -1066.63, 20.00, 4.63, 8.33, 4.40, 0.00, 6.12, 0.00, -59.85, 89.60, 0, 0
2.00, 5.70, 9.78, 9.78, -938.76, 20.00, 4.63, 10.00, 6.01, 75.29, 38.31, 12.02, -49.45, 80.32, 0, 0
2.00, 5.70, 10.66, 10.66, -766.53, 20.00, 4.63, 11.67, 7.72, 157.06, 76.56, 18.11, -37.65, 72.48, 0, 0
2.00, 5.70, 11.84, 11.84, -546.37, 20.00, 4.63, 13.33, 9.33, 323.64, 100.35, 29.26, -24.19, 66.62, 0, 0
2.00, 5.70, 11.33, 11.33, -697.80, 20.00, 4.63, 13.33, 9.33, 25.95, 70.92, 41.47, -9.28, 63.34, 0, 0
2.00, 5.70, 11.42, 11.42, -700.15, 20.00, 4.63, 13.33, 9.33, 0.00, 71.88, 53.87, 6.29, 63.04, 0, 0
2.00, 5.70, 11.39, 11.39, -726.61, 20.00, 4.63, 12.78, 8.82, 0.00, 52.00, 66.17, 21.40, 65.77, 0, 0
2.00, 5.70, 11.44, 11.44, -732.72, 20.00, 4.63, 12.78, 8.73, 0.00, 42.82, 78.15, 35.17, 71.17, 0, 0
2.00, 5.70, 11.37, 11.37, -761.40, 20.00, 4.63, 12.22, 8.22, 0.00, 24.47, 89.60, 47.29, 78.67, 0, 0
2.00, 5.70, 11.22, 11.22, -801.93, 20.00, 4.63, 11.67, 7.62, 0.00, 4.59, 0.00, 57.93, 87.71, 0, 0
2.00, 5.70, 11.15, 11.15, -822.18, 20.00, 4.63, 11.11, 7.02, 0.00, 0.00, 0.00, 0.00, 90.00, 0, 0
2.00, 5.70, 11.11, 11.11, -834.07, 20.00, 4.63, 10.56, 6.51, 0.00, 0.00, 0.00, 0.00, 90.00, 0, 0
2.00, 5.70, 11.10, 11.10, -839.96, 20.00, 4.63, 10.56, 6.41, 0.00, 0.00, 0.00, 0.00, 90.00, 0, 0
2.00, 5.70, 11.06, 11.06, -851.25, 20.00, 4.63, 10.00, 5.91, 0.00, 0.00, 0.00, 0.00, 90.00, 0, 0
2.00, 5.70, 11.00, 11.00, -865.76, 20.00, 4.63, 9.44, 5.31, 0.00, 0.00, 0.00, 0.00, 90.00, 0, 0
2.00, 5.70, 10.95, 10.95, -878.10, 20.00, 4.63, 9.44, 5.20, 0.00, 0.00, 0.00, 0.00, 90.00, 0, 0
2.00, 5.70, 10.87, 10.87, -895.98, 20.00, 4.63, 8.89, 4.71, 0.00, 0.00, 0.00, 0.00, 90.00, 0, 0
2.00, 5.70, 10.73, 10.73, -922.73, 20.00, 4.63, 7.78, 3.61, 0.00, 0.00, 0.00, 0.00, 90.00, 0, 0
2.00, 5.70, 10.57, 10.57, -953.77, 20.00, 4.63, 6.67, 2.52, 0.00, 0.00, 0.00, 0.00, 90.00, 0, 0
2.00, 5.70, 10.38, 10.38, -987.97, 20.00, 4.63, 5.56, 1.32, 0.00, 0.00, 0.00, 0.00, 90.00, 0, 0
2.00, 5.70, 10.17, 10.17, -1024.53, 20.00, 4.63, 4.44, 0.23, 0.00, 0.00, 0.00, 0.00, 90.00, 0, 0
2.00, 5.70, 9.97, 9.97, -1057.02, 20.00, 4.63, 3.89, -0.37, 0.00, 0.00, 0.00, 0.00, 90.00, 0, 0
2.00, 5.70, 9.72, 9.72, -1096.24, 20.00, 4.63, 2.78, -1.56, 0.00, 0.00, 0.00, 0.00, 90.00, 0, 0
2.00, 5.70, 9.52, 9.52, -1124.75, 20.00, 4.63, 1.67, -2.65, 0.00, 0.00, 0.00, 0.00, 90.00, 0, 0
2.00, 5.70, 9.37, 9.37, -1141.39, 20.00, 4.63, 1.67, -2.65, 0.00, 7.65, 0.00, -59.81, 89.75, 0, 0
2.00, 5.70, 9.69, 9.69, -1059.24, 20.00, 4.63, 3.33, -0.97, 58.86, 35.12, 11.88, -49.44, 80.48, 0, 0
2.00, 5.70, 11.38, 11.38, -700.45, 20.00, 4.63, 6.11, 1.81, 474.49, 75.35, 17.96, -37.65, 72.63, 0, 0
2.00, 5.70, 12.67, 12.67, -463.11, 20.00, 4.63, 8.89, 4.60, 650.95, 87.74, 29.12, -24.23, 66.77, 0, 0
2.00, 5.70, 13.24, 13.24, -393.07, 20.00, 4.63, 10.56, 6.41, 565.11, 92.73, 41.33, -9.36, 63.48, 0, 0
2.00, 5.70, 13.64, 13.64, -358.78, 20.00, 4.63, 12.22, 8.01, 488.85, 87.39, 53.74, 6.18, 63.16, 0, 0
2.00, 5.70, 13.70, 13.70, -390.74, 20.00, 4.63, 12.78, 8.62, 296.00, 95.82, 66.03, 21.27, 65.87, 0, 0
2.00, 5.70, 13.30, 13.30, -511.11, 20.00, 4.63, 12.78, 8.62, 94.36, 73.42, 78.01, 35.03, 71.25, 0, 0
2.00, 5.70, 12.80, 12.80, -636.11, 20.00, 4.63, 11.11, 7.02, 2.60, 41.38, 89.45, 47.14, 78.73, 0, 0
2.00, 5.70, 12.46, 12.46, -714.28, 20.00, 4.63, 9.44, 5.31, 0.00, 16.82, 0.00, 57.78, 87.75, 0, 0
2.00, 5.70, 12.26, 12.26, -757.81, 20.00, 4.63, 9.44, 5.31, 0.00, 1.53, 0.00, 0.00, 90.00, 0, 0
2.00, 5.70, 12.16, 12.16, -774.97, 20.00, 4.63, 8.89, 4.81, 0.00, 0.00, 0.00, 0.00, 90.00, 0, 0
2.00, 5.70, 12.12, 12.12, -782.57, 20.00, 4.63, 8.89, 4.81, 0.00, 0.00, 0.00, 0.00, 90.00, 0, 0
2.00, 5.70, 12.07, 12.07, -792.23, 20.00, 4.63, 8.89, 4.71, 0.00, 0.00, 0.00, 0.00, 90.00, 0, 0
2.00, 5.70, 11.97, 11.97, -811.35, 20.00, 4.63, 8.33, 4.21, 0.00, 0.00, 0.00, 0.00, 90.00, 0, 0
2.00, 5.70, 11.87, 11.87, -830.38, 20.00, 4.63, 8.33, 4.21, 0.00, 0.00, 0.00, 0.00, 90.00, 0, 0
2.00, 5.70, 11.72, 11.72, -856.70, 20.00, 4.63, 7.78, 3.71, 0.00, 0.00, 0.00, 0.00, 90.00, 0, 0
2.00, 5.70, 11.59, 11.59, -879.23, 20.00, 4.63, 7.78, 3.61, 0.00, 0.00, 0.00, 0.00, 90.00, 0, 0
2.00, 5.70, 11.46, 11.46, -900.15, 20.00, 4.63, 7.78, 3.61, 0.00, 0.00, 0.00, 0.00, 90.00, 0, 0
2.00, 5.70, 11.33, 11.33, -919.85, 20.00, 4.63, 7.78, 3.61, 0.00, 0.00, 0.00, 0.00, 90.00, 0, 0
2.00, 5.70, 11.21, 11.21, -938.46, 20.00, 4.63, 7.78, 3.61, 0.00, 0.00, 0.00, 0.00, 90.00, 0, 0
2.00, 5.70, 11.08, 11.08, -955.63, 20.00, 4.63, 7.78, 3.71, 0.00, 0.00, 0.00, 0.00, 90.00, 0, 0
2.00, 5.70, 10.96, 10.96, -971.62, 20.00, 4.63, 7.78, 3.71, 0.00, 0.00, 0.00, 0.00, 90.00, 0, 0
2.00, 5.70, 10.89, 10.89, -977.15, 20.00, 4.63, 7.78, 3.71, 0.00, 0.00, 0.00, 0.00, 90.00, 0, 0
2.00, 5.70, 10.88, 10.88, -971.78, 20.00, 4.63, 8.33, 4.31, 0.00, 6.12, 0.00, -59.79, 89.90, 0, 0
2.00, 5.70, 11.49, 11.49, -835.17, 20.00, 4.63, 10.00, 6.01, 113.07, 35.57, 11.76, -49.43, 80.63, 0, 0
2.00, 5.70, 11.83, 11.83, -772.70, 20.00, 4.63, 11.11, 7.12, 64.09, 63.04, 17.81, -37.67, 72.78, 0, 0
2.00, 5.70, 12.98, 12.98, -544.14, 20.00, 4.63, 13.33, 9.43, 250.29, 96.05, 28.98, -24.27, 66.92, 0, 0
2.00, 5.70, 13.62, 13.62, -441.58, 20.00, 4.63, 15.00, 11.05, 229.82, 109.11, 41.20, -9.43, 63.61, 0, 0
2.00, 5.70, 14.05, 14.05, -390.36, 20.00, 4.63, 16.11, 12.16, 181.56, 110.07, 53.60, 6.07, 63.28, 0, 0
2.00, 5.70, 14.43, 14.43, -347.75, 20.00, 4.63, 16.67, 12.76, 195.81, 95.64, 65.90, 21.14, 65.96, 0, 0
2.00, 5.70, 14.48, 14.48, -373.97, 20.00, 4.63, 17.22, 13.37, 119.30, 74.41, 77.87, 34.89, 71.32, 0, 0
2.00, 5.70, 14.14, 14.14, -475.18, 20.00, 4.63, 16.67, 12.76, 2.14, 41.94, 89.31, 47.00, 78.78, 0, 0
2.00, 5.70, 13.89, 13.89, -545.43, 20.00, 4.63, 15.00, 11.14, 0.00, 13.76, 0.00, 57.63, 87.78, 0, 0
2.00, 5.70, 13.80, 13.80, -572.88, 20.00, 4.63, 15.00, 11.14, 0.00, 1.53, 0.00, 0.00, 90.00, 0, 0
2.00, 5.70, 13.81, 13.81, -578.19, 20.00, 4.63, 14.44, 10.63, 0.00, 0.00, 0.00, 0.00, 90.00, 0, 0
2.00, 5.70, 13.87, 13.87, -573.97, 20.00, 4.63, 14.44, 10.63, 0.00, 0.00, 0.00, 0.00, 90.00, 0, 0
2.00, 5.70, 13.92, 13.92, -571.23, 20.00, 4.63, 14.44, 10.63, 0.00, 0.00, 0.00, 0.00, 90.00, 0, 0
2.00, 5.70, 13.92, 13.92, -578.24, 20.00, 4.63, 13.89, 10.12, 0.00, 0.00, 0.00, 0.00, 90.00, 0, 0
2.00, 5.70, 13.93, 13.93, -584.71, 20.00, 4.63, 13.89, 10.12, 0.00, 0.00, 0.00, 0.00, 90.00, 0, 0
2.00, 5.70, 13.92, 13.92, -592.48, 20.00, 4.63, 13.89, 10.12, 0.00, 0.00, 0.00, 0.00, 90.00, 0, 0
2.00, 5.70, 13.88, 13.88, -607.60, 20.00, 4.63, 13.33, 9.52, 0.00, 0.00, 0.00, 0.00, 90.00, 0, 0
2.00, 5.70, 13.81, 13.81, -625.72, 20.00, 4.63, 12.78, 9.00, 0.00, 0.00, 0.00, 0.00, 90.00, 0, 0
2.00, 5.70, 13.76, 13.76, -639.16, 20.00, 4.63, 12.78, 8.92, 0.00, 0.00, 0.00, 0.00, 90.00, 0, 0
2.00, 5.70, 13.68, 13.68, -657.50, 20.00, 4.63, 12.22, 8.41, 0.00, 0.00, 0.00, 0.00, 90.00, 0, 0
2.00, 5.70, 13.62, 13.62, -671.22, 20.00, 4.63, 12.22, 8.41, 0.00, 0.00, 0.00, 0.00, 90.00, 0, 0
2.00, 5.70, 13.53, 13.53, -690.12, 20.00, 4.63, 11.67, 7.89, 0.00, 0.00, 0.00, 0.00, 90.00, 0, 0
2.00, 5.70, 13.47, 13.47, -700.23, 20.00, 4.63, 11.67, 7.89, 0.00, 0.00, 0.00, 0.00, 90.00, 0, 0
2.00, 5.70, 13.40, 13.40, -712.52, 20.00, 4.63, 11.67, 7.89, 0.00, 0.00, 0.00, 0.00, 90.00, 0, 0
2.00, 5.70, 13.35, 13.35, -721.08, 20.00, 4.63, 11.67, 7.89, 0.00, 1.53, 11.64, -49.42, 80.77, 0, 0
2.00, 5.70, 13.38, 13.38, -710.92, 20.00, 4.63, 11.67, 7.98, 0.00, 12.23, 17.66, -37.68, 72.93, 0, 0
2.00, 5.70, 13.41, 13.41, -704.25, 20.00, 4.63, 11.67, 7.98, 0.00, 18.35, 28.84, -24.32, 67.06, 0, 0
2.00, 5.70, 13.39, 13.39, -709.53, 20.00, 4.63, 12.22, 8.49, 0.00, 13.76, 41.07, -9.51, 63.74, 0, 0
2.00, 5.70, 13.27, 13.27, -733.96, 20.00, 4.63, 11.67, 7.98, 0.00, 6.12, 53.47, 5.96, 63.39, 0, 0
2.00, 5.70, 13.22, 13.22, -741.02, 20.00, 4.63, 11.67, 7.98, 0.00, 7.65, 65.76, 21.01, 66.05, 0, 0
2.00, 5.70, 13.12, 13.12, -759.14, 20.00, 4.63, 11.67, 7.98, 0.00, 1.53, 77.73, 34.74, 71.38, 0, 0
2.00, 5.70, 13.07, 13.07, -764.45, 20.00, 4.63, 11.67, 7.98, 0.00, 3.06, 89.17, 46.85, 78.82, 0, 0
2.00, 5.70, 13.01, 13.01, -773.24, 20.00, 4.63, 11.67, 7.98, 0.00, 1.53, 0.00, 57.48, 87.80, 0, 0
2.00, 5.70, 12.95, 12.95, -782.12, 20.00, 4.63, 11.67, 7.98, 0.00, 0.00, 0.00, 0.00, 90.00, 0, 0
2.00, 5.70, 12.90, 12.90, -788.14, 20.00, 4.63, 11.67, 7.98, 0.00, 0.00, 0.00, 0.00, 90.00, 0, 0
2.00, 5.70, 12.85, 12.85, -793.64, 20.00, 4.63, 11.67, 7.89, 0.00, 0.00, 0.00, 0.00, 90.00, 0, 0
2.00, 5.70, 12.77, 12.77, -805.02, 20.00, 4.63, 11.11, 7.38, 0.00, 0.00, 0.00, 0.00, 90.00, 0, 0
2.00, 5.70, 12.71, 12.71, -812.09, 20.00, 4.63, 11.11, 7.38, 0.00, 0.00, 0.00, 0.00, 90.00, 0, 0
2.00, 5.70, 12.65, 12.65, -818.90, 20.00, 4.63, 11.11, 7.38, 0.00, 0.00, 0.00, 0.00, 90.00, 0, 0
2.00, 5.70, 12.60, 12.60, -825.35, 20.00, 4.63, 11.11, 7.38, 0.00, 0.00, 0.00, 0.00, 90.00, 0, 0
2.00, 5.70, 12.54, 12.54, -831.48, 20.00, 4.63, 11.11, 7.30, 0.00, 0.00, 0.00, 0.00, 90.00, 0, 0
2.00, 5.70, 12.45, 12.45, -843.73, 20.00, 4.63, 10.56, 6.79, 0.00, 0.00, 0.00, 0.00, 90.00, 0, 0
2.00, 5.70, 12.35, 12.35, -858.50, 20.00, 4.63, 10.00, 6.19, 0.00, 0.00, 0.00, 0.00, 90.00, 0, 0
2.00, 5.70, 12.24, 12.24, -874.55, 20.00, 4.63, 9.44, 5.68, 0.00, 0.00, 0.00, 0.00, 90.00, 0, 0
2.00, 5.70, 12.12, 12.12, -891.85, 20.00, 4.63, 8.89, 5.08, 0.00, 0.00, 0.00, 0.00, 90.00, 0, 0
2.00, 5.70, 12.02, 12.02, -903.61, 20.00, 4.63, 8.89, 5.08, 0.00, 0.00, 0.00, 0.00, 90.00, 0, 0
2.00, 5.70, 11.93, 11.93, -911.88, 20.00, 4.63, 8.33, 4.49, 0.00, 0.00, 0.00, 0.00, 90.00, 0, 0
2.00, 5.70, 11.84, 11.84, -921.06, 20.00, 4.63, 8.33, 4.49, 0.00, 1.53, 0.00, 0.00, 90.00, 0, 0
2.00, 5.70, 11.78, 11.78, -925.58, 20.00, 4.63, 8.33, 4.49, 0.00, 4.59, 11.53, -49.43, 80.92, 0, 0
2.00, 5.70, 11.85, 11.85, -901.64, 20.00, 4.63, 8.89, 5.08, 0.00, 18.35, 17.52, -37.71, 73.07, 0, 0
2.00, 5.70, 11.96, 11.96, -872.08, 20.00, 4.63, 9.44, 5.59, 0.00, 30.59, 28.71, -24.37, 67.20, 0, 0
2.00, 5.70, 11.94, 11.94, -872.38, 20.00, 4.63, 9.44, 5.68, 0.00, 27.53, 40.93, -9.60, 63.87, 0, 0
2.00, 5.70, 12.25, 12.25, -805.38, 20.00, 4.63, 10.00, 6.19, 0.00, 59.64, 53.34, 5.85, 63.49, 0, 0
2.00, 5.70, 12.26, 12.26, -807.57, 20.00, 4.63, 10.56, 6.79, 0.00, 45.88, 65.63, 20.88, 66.13, 0, 0
2.00, 5.70, 12.26, 12.26, -808.29, 20.00, 4.63, 10.56, 6.79, 0.00, 41.29, 77.60, 34.61, 71.44, 0, 0
2.00, 5.70, 11.99, 11.99, -867.47, 20.00, 4.63, 10.00, 6.19, 0.00, 10.71, 89.03, 46.71, 78.85, 0, 0
2.00, 5.70, 11.83, 11.83, -895.47, 20.00, 4.63, 10.00, 6.19, 0.00, 1.53, 0.00, 57.34, 87.82, 0, 0
2.00, 5.70, 11.71, 11.71, -913.60, 20.00, 4.63, 9.44, 5.59, 0.00, 0.00, 0.00, 0.00, 90.00, 0, 0
2.00, 5.70, 11.63, 11.63, -921.66, 20.00, 4.63, 9.44, 5.59, 0.00, 0.00, 0.00, 0.00, 90.00, 0, 0
2.00, 5.70, 11.53, 11.53, -933.70, 20.00, 4.63, 8.89, 5.08, 0.00, 0.00, 0.00, 0.00, 90.00, 0, 0
2.00, 5.70, 11.45, 11.45, -941.43, 20.00, 4.63, 8.89, 5.00, 0.00, 0.00, 0.00, 0.00, 90.00, 0, 0
2.00, 5.70, 11.38, 11.38, -948.02, 20.00, 4.63, 8.89, 5.00, 0.00, 0.00, 0.00, 0.00, 90.00, 0, 0
2.00, 5.70, 11.27, 11.27, -963.06, 20.00, 4.63, 8.33, 4.40, 0.00, 0.00, 0.00, 0.00, 90.00, 0, 0
2.00, 5.70, 11.17, 11.17, -974.16, 20.00, 4.63, 8.33, 4.40, 0.00, 0.00, 0.00, 0.00, 90.00, 0, 0
2.00, 5.70, 11.05, 11.05, -990.25, 20.00, 4.63, 7.78, 3.90, 0.00, 0.00, 0.00, 0.00, 90.00, 0, 0
2.00, 5.70, 10.91, 10.91, -1008.46, 20.00, 4.63, 7.22, 3.30, 0.00, 0.00, 0.00, 0.00, 90.00, 0, 0
2.00, 5.70, 10.80, 10.80, -1021.26, 20.00, 4.63, 7.22, 3.30, 0.00, 0.00, 0.00, 0.00, 90.00, 0, 0
2.00, 5.70, 10.66, 10.66, -1039.09, 20.00, 4.63, 6.67, 2.71, 0.00, 0.00, 0.00, 0.00, 90.00, 0, 0
2.00, 5.70, 10.50, 10.50, -1059.08, 20.00, 4.63, 6.11, 2.11, 0.00, 0.00, 0.00, 0.00, 90.00, 0, 0
2.00, 5.70, 10.37, 10.37, -1073.73, 20.00, 4.63, 6.11, 2.11, 0.00, 0.00, 0.00, 0.00, 90.00, 0, 0
2.00, 5.70, 10.27, 10.27, -1080.77, 20.00, 4.63, 5.56, 1.52, 0.00, 0.00, 0.00, 0.00, 90.00, 0, 0
2.00, 5.70, 10.18, 10.18, -1086.14, 20.00, 4.63, 5.56, 1.61, 0.00, 4.59, 0.00, 0.00, 90.00, 0, 0
2.00, 5.70, 10.61, 10.61, -984.42, 20.00, 4.63, 7.22, 3.21, 70.71, 31.47, 11.42, -49.43, 81.06, 0, 0
2.00, 5.70, 11.88, 11.88, -718.17, 20.00, 4.63, 8.89, 4.91, 350.04, 65.07, 17.38, -37.74, 73.21, 0, 0
2.00, 5.70, 12.32, 12.32, -651.29, 20.00, 4.63, 10.56, 6.61, 220.92, 96.89, 28.58, -24.42, 67.33, 0, 0
2.00, 5.70, 12.58, 12.58, -622.93, 20.00, 4.63, 11.67, 7.72, 116.79, 110.44, 40.81, -9.68, 63.98, 0, 0
2.00, 5.70, 12.36, 12.36, -692.44, 20.00, 4.63, 11.67, 7.72, 15.11, 84.70, 53.21, 5.74, 63.59, 0, 0
2.00, 5.70, 12.47, 12.47, -684.34, 20.00, 4.63, 11.67, 7.72, 13.08, 84.17, 65.50, 20.75, 66.20, 0, 0
2.00, 5.70, 12.19, 12.19, -756.04, 20.00, 4.63, 11.11, 7.21, 1.37, 43.64, 77.46, 34.47, 71.49, 0, 0
2.00, 5.70, 11.88, 11.88, -824.79, 20.00, 4.63, 10.00, 6.10, 0.00, 15.29, 88.89, 46.57, 78.88, 0, 0
2.00, 5.70, 11.69, 11.69, -863.37, 20.00, 4.63, 9.44, 5.51, 0.00, 4.59, 0.00, 57.20, 87.83, 0, 0
2.00, 5.70, 11.54, 11.54, -888.98, 20.00, 4.63, 8.89, 5.00, 0.00, 0.00, 0.00, 0.00, 90.00, 0, 0
2.00, 5.70, 11.46, 11.46, -899.32, 20.00, 4.63, 8.89, 5.00, 0.00, 0.00, 0.00, 0.00, 90.00, 0, 0
2.00, 5.70, 11.39, 11.39, -907.59, 20.00, 4.63, 8.89, 4.91, 0.00, 0.00, 0.00, 0.00, 90.00, 0, 0
2.00, 5.70, 11.29, 11.29, -922.28, 20.00, 4.63, 8.33, 4.40, 0.00, 0.00, 0.00, 0.00, 90.00, 0, 0
2.00, 5.70, 11.21, 11.21, -933.60, 20.00, 4.63, 8.33, 4.40, 0.00, 0.00, 0.00, 0.00, 90.00, 0, 0
2.00, 5.70, 11.11, 11.11, -946.53, 20.00, 4.63, 8.33, 4.31, 0.00, 0.00, 0.00, 0.00, 90.00, 0, 0
2.00, 5.70, 10.99, 10.99, -965.60, 20.00, 4.63, 7.78, 3.81, 0.00, 0.00, 0.00, 0.00, 90.00, 0, 0
2.00, 5.70, 10.88, 10.88, -980.06, 20.00, 4.63, 7.78, 3.81, 0.00, 0.00, 0.00, 0.00, 90.00, 0, 0
2.00, 5.70, 10.78, 10.78, -992.79, 20.00, 4.63, 7.78, 3.81, 0.00, 0.00, 0.00, 0.00, 90.00, 0, 0
2.00, 5.70, 10.64, 10.64, -1011.27, 20.00, 4.63, 7.22, 3.21, 0.00, 0.00, 0.00, 0.00, 90.00, 0, 0
2.00, 5.70, 10.53, 10.53, -1025.06, 20.00, 4.63, 7.22, 3.21, 0.00, 0.00, 0.00, 0.00, 90.00, 0, 0
2.00, 5.70, 10.42, 10.42, -1037.11, 20.00, 4.63, 7.22, 3.21, 0.00, 0.00, 0.00, 0.00, 90.00, 0, 0
2.00, 5.70, 10.29, 10.29, -1054.68, 20.00, 4.63, 6.67, 2.71, 0.00, 0.00, 0.00, 0.00, 90.00, 0, 0
2.00, 5.70, 10.23, 10.23, -1055.38, 20.00, 4.63, 6.67, 2.71, 0.00, 0.00, 0.00, 0.00, 90.00, 0, 0
2.00, 5.70, 10.17, 10.17, -1056.72, 20.00, 4.63, 7.22, 3.21, 0.00, 1.53, 0.00, 0.00, 90.00, 0, 0
2.00, 5.70, 10.11, 10.11, -1060.28, 20.00, 4.63, 7.22, 3.21, 0.00, 3.06, 11.32, -49.44, 81.19, 0, 0
2.00, 5.70, 10.06, 10.06, -1060.89, 20.00, 4.63, 7.22, 3.21, 0.00, 6.12, 17.25, -37.77, 73.34, 0, 0
2.00, 5.70, 10.81, 10.81, -895.73, 20.00, 4.63, 8.89, 4.91, 41.48, 73.07, 28.45, -24.48, 67.45, 0, 0
2.00, 5.70, 11.41, 11.41, -780.06, 20.00, 4.63, 10.56, 6.61, 45.37, 102.32, 40.68, -9.77, 64.09, 0, 0
2.00, 5.70, 11.73, 11.73, -729.66, 20.00, 4.63, 11.11, 7.21, 41.68, 102.22, 53.09, 5.63, 63.68, 0, 0
2.00, 5.70, 12.19, 12.19, -653.17, 20.00, 4.63, 12.22, 8.32, 94.66, 100.51, 65.37, 20.62, 66.27, 0, 0
2.00, 5.70, 11.95, 11.95, -727.18, 20.00, 4.63, 12.22, 8.32, 13.14, 63.59, 77.33, 34.33, 71.53, 0, 0
2.00, 5.70, 11.61, 11.61, -812.67, 20.00, 4.63, 11.67, 7.72, 0.10, 20.98, 88.76, 46.43, 78.91, 0, 0
2.00, 5.70, 11.41, 11.41, -857.59, 20.00, 4.63, 11.11, 7.12, 0.00, 4.59, 0.00, 57.06, 87.84, 0, 0
2.00, 5.70, 11.30, 11.30, -878.26, 20.00, 4.63, 10.56, 6.61, 0.00, 0.00, 0.00, 0.00, 90.00, 0, 0
2.00, 5.70, 11.28, 11.28, -881.34, 20.00, 4.63, 10.56, 6.61, 0.00, 0.00, 0.00, 0.00, 90.00, 0, 0
2.00, 5.70, 11.24, 11.24, -888.26, 20.00, 4.63, 10.00, 6.01, 0.00, 0.00, 0.00, 0.00, 90.00, 0, 0
2.00, 5.70, 11.18, 11.18, -897.96, 20.00, 4.63, 9.44, 5.51, 0.00, 0.00, 0.00, 0.00, 90.00, 0, 0
2.00, 5.70, 11.14, 11.14, -904.07, 20.00, 4.63, 9.44, 5.41, 0.00, 0.00, 0.00, 0.00, 90.00, 0, 0
2.00, 5.70, 11.06, 11.06, -918.22, 20.00, 4.63, 8.89, 4.91, 0.00, 0.00, 0.00, 0.00, 90.00, 0, 0
2.00, 5.70, 10.99, 10.99, -929.07, 20.00, 4.63, 8.89, 4.81, 0.00, 0.00, 0.00, 0.00, 90.00, 0, 0
2.00, 5.70, 10.89, 10.89, -945.36, 20.00, 4.63, 8.33, 4.31, 0.00, 0.00, 0.00, 0.00, 90.00, 0, 0
2.00, 5.70, 10.78, 10.78, -964.15, 20.00, 4.63, 7.78, 3.71, 0.00, 0.00, 0.00, 0.00, 90.00, 0, 0
2.00, 5.70, 10.65, 10.65, -984.58, 20.00, 4.63, 7.22, 3.11, 0.00, 0.00, 0.00, 0.00, 90.00, 0, 0
2.00, 5.70, 10.51, 10.51, -1005.97, 20.00, 4.63, 6.67, 2.61, 0.00, 0.00, 0.00, 0.00, 90.00, 0, 0
2.00, 5.70, 10.36, 10.36, -1028.60, 20.00, 4.63, 6.11, 2.02, 0.00, 0.00, 0.00, 0.00, 90.00, 0, 0
2.00, 5.70, 10.20, 10.20, -1052.44, 20.00, 4.63, 5.56, 1.42, 0.00, 0.00, 0.00, 0.00, 90.00, 0, 0
2.00, 5.70, 10.09, 10.09, -1064.12, 20.00, 4.63, 5.00, 0.92, 0.00, 0.00, 0.00, 0.00, 90.00, 0, 0
2.00, 5.70, 10.00, 10.00, -1070.88, 20.00, 4.63, 5.00, 0.92, 0.00, 6.12, 0.00, 0.00, 90.00, 0, 0
2.00, 5.70, 10.72, 10.72, -909.19, 20.00, 4.63, 6.67, 2.61, 181.44, 31.30, 11.23, -49.46, 81.32, 0, 0
2.00, 5.70, 11.85, 11.85, -680.73, 20.00, 4.63, 8.89, 4.81, 388.09, 59.96, 17.11, -37.81, 73.47, 0, 0
2.00, 5.70, 12.63, 12.63, -546.02, 20.00, 4.63, 11.11, 7.02, 393.13, 82.91, 28.32, -24.55, 67.57, 0, 0
2.00, 5.70, 13.28, 13.28, -444.69, 20.00, 4.63, 12.78, 8.73, 380.42, 95.09, 40.55, -9.86, 64.20, 0, 0
2.00, 5.70, 13.76, 13.76, -386.48, 20.00, 4.63, 13.89, 9.83, 359.15, 91.22, 52.96, 5.51, 63.76, 0, 0
2.00, 5.70, 13.95, 13.95, -386.97, 20.00, 4.63, 15.00, 10.95, 265.53, 82.19, 65.24, 20.49, 66.33, 0, 0
2.00, 5.70, 13.76, 13.76, -461.90, 20.00, 4.63, 15.00, 10.95, 100.61, 69.68, 77.20, 34.20, 71.57, 0, 0
2.00, 5.70, 13.48, 13.48, -545.88, 20.00, 4.63, 13.89, 9.83, 6.42, 50.79, 88.63, 46.30, 78.92, 0, 0
2.00, 5.70, 13.16, 13.16, -626.07, 20.00, 4.63, 12.78, 8.73, 0.00, 15.29, 0.00, 56.93, 87.84, 0, 0
2.00, 5.70, 13.00, 13.00, -666.36, 20.00, 4.63, 12.22, 8.12, 0.00, 1.53, 0.00, 0.00, 90.00, 0, 0
2.00, 5.70, 12.95, 12.95, -678.99, 20.00, 4.63, 11.67, 7.62, 0.00, 0.00, 0.00, 0.00, 90.00, 0, 0
2.00, 5.70, 12.93, 12.93, -687.70, 20.00, 4.63, 11.11, 7.02, 0.00, 0.00, 0.00, 0.00, 90.00, 0, 0
2.00, 5.70, 12.88, 12.88, -700.50, 20.00, 4.63, 10.56, 6.41, 0.00, 0.00, 0.00, 0.00, 90.00, 0, 0
2.00, 5.70, 12.80, 12.80, -718.10, 20.00, 4.63, 10.00, 5.91, 0.00, 0.00, 0.00, 0.00, 90.00, 0, 0
2.00, 5.70, 12.70, 12.70, -740.82, 20.00, 4.63, 9.44, 5.31, 0.00, 0.00, 0.00, 0.00, 90.00, 0, 0
2.00, 5.70, 12.57, 12.57, -767.32, 20.00, 4.63, 8.89, 4.71, 0.00, 0.00, 0.00, 0.00, 90.00, 0, 0
2.00, 5.70, 12.42, 12.42, -795.79, 20.00, 4.63, 8.33, 4.21, 0.00, 0.00, 0.00, 0.00, 90.00, 0, 0
2.00, 5.70, 12.25, 12.25, -825.99, 20.00, 4.63, 7.78, 3.61, 0.00, 0.00, 0.00, 0.00, 90.00, 0, 0
2.00, 5.70, 12.07, 12.07, -857.17, 20.00, 4.63, 7.22, 3.11, 0.00, 0.00, 0.00, 0.00, 90.00, 0, 0
2.00, 5.70, 11.88, 11.88, -889.37, 20.00, 4.63, 6.67, 2.52, 0.00, 0.00, 0.00, 0.00, 90.00, 0, 0
2.00, 5.70, 11.67, 11.67, -922.04, 20.00, 4.63, 6.11, 2.02, 0.00, 0.00, 0.00, 0.00, 90.00, 0, 0
2.00, 5.70, 11.46, 11.46, -955.38, 20.00, 4.63, 5.56, 1.42, 0.00, 0.00, 0.00, 0.00, 90.00, 0, 0
2.00, 5.70, 11.28, 11.28, -979.25, 20.00, 4.63, 5.00, 0.82, 0.00, 0.00, 0.00, 0.00, 90.00, 0, 0
2.00, 5.70, 11.16, 11.16, -990.42, 20.00, 4.63, 5.56, 1.42, 0.00, 4.59, 0.00, 0.00, 90.00, 0, 0
2.00, 5.70, 11.47, 11.47, -912.02, 20.00, 4.63, 6.67, 2.52, 51.82, 33.03, 11.15, -49.48, 81.45, 0, 0
2.00, 5.70, 11.97, 11.97, -802.76, 20.00, 4.63, 8.33, 4.21, 102.13, 62.30, 16.99, -37.85, 73.59, 0, 0
2.00, 5.70, 11.73, 11.73, -860.53, 20.00, 4.63, 8.33, 4.21, 11.09, 47.23, 28.19, -24.61, 67.68, 0, 0
2.00, 5.70, 11.92, 11.92, -820.74, 20.00, 4.63, 8.89, 4.81, 2.40, 69.86, 40.43, -9.95, 64.29, 0, 0
2.00, 5.70, 12.95, 12.95, -608.14, 20.00, 4.63, 10.56, 6.41, 190.57, 108.01, 52.84, 5.40, 63.84, 0, 0
2.00, 5.70, 13.08, 13.08, -604.95, 20.00, 4.63, 11.67, 7.52, 96.89, 100.21, 65.12, 20.36, 66.38, 0, 0
2.00, 5.70, 12.88, 12.88, -666.13, 20.00, 4.63, 11.67, 7.52, 26.81, 72.17, 77.08, 34.07, 71.60, 0, 0
2.00, 5.70, 12.59, 12.59, -737.18, 20.00, 4.63, 11.11, 7.02, 3.38, 41.24, 88.50, 46.17, 78.93, 0, 0
2.00, 5.70, 12.24, 12.24, -813.50, 20.00, 4.63, 10.00, 5.91, 0.00, 10.71, 0.00, 56.80, 87.83, 0, 0
2.00, 5.70, 12.02, 12.02, -854.89, 20.00, 4.63, 9.44, 5.31, 0.00, 0.00, 0.00, 0.00, 90.00, 0, 0
2.00, 5.70, 11.93, 11.93, -866.20, 20.00, 4.63, 9.44, 5.31, 0.00, 0.00, 0.00, 0.00, 90.00, 0, 0
2.00, 5.70, 11.84, 11.84, -878.56, 20.00, 4.63, 8.89, 4.71, 0.00, 0.00, 0.00, 0.00, 90.00, 0, 0
2.00, 5.70, 11.74, 11.74, -893.30, 20.00, 4.63, 8.33, 4.21, 0.00, 0.00, 0.00, 0.00, 90.00, 0, 0
2.00, 5.70, 11.62, 11.62, -911.18, 20.00, 4.63, 7.78, 3.61, 0.00, 0.00, 0.00, 0.00, 90.00, 0, 0
2.00, 5.70, 11.47, 11.47, -933.26, 20.00, 4.63, 7.22, 3.11, 0.00, 0.00, 0.00, 0.00, 90.00, 0, 0
2.00, 5.70, 11.31, 11.31, -957.74, 20.00, 4.63, 6.67, 2.52, 0.00, 0.00, 0.00, 0.00, 90.00, 0, 0
2.00, 5.70, 11.13, 11.13, -983.68, 20.00, 4.63, 6.11, 1.92, 0.00, 0.00, 0.00, 0.00, 90.00, 0, 0
2.00, 5.70, 10.98, 10.98, -1004.04, 20.00, 4.63, 6.11, 1.92, 0.00, 0.00, 0.00, 0.00, 90.00, 0, 0
2.00, 5.70, 10.80, 10.80, -1029.44, 20.00, 4.63, 5.56, 1.32, 0.00, 0.00, 0.00, 0.00, 90.00, 0, 0
2.00, 5.70, 10.60, 10.60, -1056.56, 20.00, 4.63, 5.00, 0.82, 0.00, 0.00, 0.00, 0.00, 90.00, 0, 0
2.00, 5.70, 10.39, 10.39, -1084.98, 20.00, 4.63, 4.44, 0.23, 0.00, 0.00, 0.00, 0.00, 90.00, 0, 0
2.00, 5.70, 10.18, 10.18, -1113.91, 20.00, 4.63, 3.89, -0.27, 0.00, 0.00, 0.00, 0.00, 90.00, 0, 0
2.00, 5.70, 10.01, 10.01, -1130.56, 20.00, 4.63, 3.33, -0.86, 0.00, 0.00, 0.00, 0.00, 90.00, 0, 0
2.00, 5.70, 9.91, 9.91, -1134.88, 20.00, 4.63, 3.89, -0.27, 0.00, 6.12, 0.00, 0.00, 90.00, 0, 0
2.00, 5.70, 10.50, 10.50, -993.55, 20.00, 4.63, 5.56, 1.32, 138.90, 34.64, 11.08, -49.51, 81.57, 0, 0
2.00, 5.70, 12.07, 12.07, -665.03, 20.00, 4.63, 8.33, 4.11, 504.75, 64.78, 16.86, -37.90, 73.71, 0, 0
2.00, 5.70, 12.92, 12.92, -519.73, 20.00, 4.63, 10.56, 6.41, 516.19, 81.62, 28.07, -24.68, 67.79, 0, 0
2.00, 5.70, 13.71, 13.71, -394.10, 20.00, 4.63, 12.78, 8.51, 547.51, 83.53, 40.31, -10.05, 64.38, 0, 0
2.00, 5.70, 13.99, 13.99, -379.95, 20.00, 4.63, 13.89, 9.73, 391.77, 91.45, 52.71, 5.28, 63.91, 0, 0
2.00, 5.70, 14.14, 14.14, -389.56, 20.00, 4.63, 14.44, 10.23, 301.36, 80.50, 64.99, 20.24, 66.43, 0, 0
2.00, 5.70, 14.04, 14.04, -443.99, 20.00, 4.63, 15.00, 10.72, 148.13, 71.63, 76.95, 33.94, 71.62, 0, 0
2.00, 5.70, 13.62, 13.62, -557.67, 20.00, 4.63, 13.89, 9.73, 7.75, 46.02, 88.37, 46.04, 78.94, 0, 0
2.00, 5.70, 13.28, 13.28, -639.18, 20.00, 4.63, 12.22, 8.01, 0.00, 15.29, 0.00, 56.68, 87.82, 0, 0
2.00, 5.70, 13.11, 13.11, -680.15, 20.00, 4.63, 11.67, 7.41, 0.00, 1.53, 0.00, 0.00, 90.00, 0, 0
2.00, 5.70, 13.02, 13.02, -698.38, 20.00, 4.63, 10.56, 6.41, 0.00, 0.00, 0.00, 0.00, 90.00, 0, 0
2.00, 5.70, 12.97, 12.97, -709.14, 20.00, 4.63, 10.00, 5.81, 0.00, 0.00, 0.00, 0.00, 90.00, 0, 0
2.00, 5.70, 12.90, 12.90, -723.90, 20.00, 4.63, 9.44, 5.20, 0.00, 0.00, 0.00, 0.00, 90.00, 0, 0
2.00, 5.70, 12.80, 12.80, -744.21, 20.00, 4.63, 8.89, 4.60, 0.00, 0.00, 0.00, 0.00, 90.00, 0, 0
2.00, 5.70, 12.67, 12.67, -769.92, 20.00, 4.63, 8.33, 3.99, 0.00, 0.00, 0.00, 0.00, 90.00, 0, 0
2.00, 5.70, 12.51, 12.51, -799.75, 20.00, 4.63, 7.78, 3.39, 0.00, 0.00, 0.00, 0.00, 90.00, 0, 0
2.00, 5.70, 12.30, 12.30, -838.20, 20.00, 4.63, 6.67, 2.41, 0.00, 0.00, 0.00, 0.00, 90.00, 0, 0
2.00, 5.70, 12.09, 12.09, -874.57, 20.00, 4.63, 6.11, 1.81, 0.00, 0.00, 0.00, 0.00, 90.00, 0, 0
2.00, 5.70, 11.83, 11.83, -917.64, 20.00, 4.63, 5.00, 0.72, 0.00, 0.00, 0.00, 0.00, 90.00, 0, 0
2.00, 5.70, 11.58, 11.58, -957.33, 20.00, 4.63, 4.44, 0.12, 0.00, 0.00, 0.00, 0.00, 90.00, 0, 0
2.00, 5.70, 11.32, 11.32, -996.56, 20.00, 4.63, 3.89, -0.48, 0.00, 0.00, 0.00, 0.00, 90.00, 0, 0
2.00, 5.70, 11.02, 11.02, -1042.42, 20.00, 4.63, 2.78, -1.56, 0.00, 0.00, 0.00, 0.00, 90.00, 0, 0
2.00, 5.70, 10.77, 10.77, -1073.59, 20.00, 4.63, 2.22, -2.16, 0.00, 0.00, 0.00, 0.00, 90.00, 0, 0
2.00, 5.70, 10.59, 10.59, -1092.65, 20.00, 4.63, 2.22, -2.05, 0.00, 7.65, 0.00, 0.00, 90.00, 0, 0
2.00, 5.70, 11.60, 11.60, -861.29, 20.00, 4.63, 4.44, 0.12, 275.25, 43.71, 11.01, -49.55, 81.69, 0, 0
2.00, 5.70, 12.45, 12.45, -689.44, 20.00, 4.63, 6.67, 2.41, 405.46, 63.55, 16.74, -37.95, 73.82, 0, 0
2.00, 5.70, 13.19, 13.19, -555.66, 20.00, 4.63, 8.33, 4.11, 441.77, 85.72, 27.95, -24.76, 67.89, 0, 0
2.00, 5.70, 12.87, 12.87, -651.85, 20.00, 4.63, 9.44, 5.20, 117.87, 100.16, 40.19, -10.15, 64.47, 0, 0
2.00, 5.70, 12.93, 12.93, -653.80, 20.00, 4.63, 9.44, 5.20, 61.32, 109.64, 52.59, 5.17, 63.97, 0, 0
2.00, 5.70, 13.00, 13.00, -651.98, 20.00, 4.63, 10.00, 5.81, 61.62, 98.66, 64.87, 20.11, 66.47, 0, 0
2.00, 5.70, 12.99, 12.99, -666.41, 20.00, 4.63, 10.00, 5.81, 74.02, 76.73, 76.83, 33.81, 71.64, 0, 0
2.00, 5.70, 12.48, 12.48, -782.12, 20.00, 4.63, 8.89, 4.71, 2.65, 36.16, 88.25, 45.92, 78.93, 0, 0
2.00, 5.70, 12.07, 12.07, -864.04, 20.00, 4.63, 7.78, 3.61, 0.00, 9.18, 0.00, 56.56, 87.81, 0, 0
2.00, 5.70, 11.82, 11.82, -906.83, 20.00, 4.63, 7.22, 3.11, 0.00, 1.53, 0.00, 0.00, 90.00, 0, 0
2.00, 5.70, 11.67, 11.67, -926.13, 20.00, 4.63, 7.22, 3.01, 0.00, 0.00, 0.00, 0.00, 90.00, 0, 0
2.00, 5.70, 11.52, 11.52, -944.71, 20.00, 4.63, 6.67, 2.52, 0.00, 0.00, 0.00, 0.00, 90.00, 0, 0
2.00, 5.70, 11.39, 11.39, -959.35, 20.00, 4.63, 6.67, 2.52, 0.00, 0.00, 0.00, 0.00, 90.00, 0, 0
2.00, 5.70, 11.23, 11.23, -980.59, 20.00, 4.63, 6.11, 2.02, 0.00, 0.00, 0.00, 0.00, 90.00, 0, 0
2.00, 5.70, 11.08, 11.08, -1000.50, 20.00, 4.63, 6.11, 2.02, 0.00, 0.00, 0.00, 0.00, 90.00, 0, 0
2.00, 5.70, 10.92, 10.92, -1020.01, 20.00, 4.63, 6.11, 1.92, 0.00, 0.00, 0.00, 0.00, 90.00, 0, 0
2.00, 5.70, 10.77, 10.77, -1038.44, 20.00, 4.63, 6.11, 1.92, 0.00, 0.00, 0.00, 0.00, 90.00, 0, 0
2.00, 5.70, 10.61, 10.61, -1055.95, 20.00, 4.63, 6.11, 1.92, 0.00, 0.00, 0.00, 0.00, 90.00, 0, 0
2.00, 5.70, 10.47, 10.47, -1072.44, 20.00, 4.63, 6.11, 1.92, 0.00, 0.00, 0.00, 0.00, 90.00, 0, 0
2.00, 5.70, 10.32, 10.32, -1087.54, 20.00, 4.63, 6.11, 2.02, 0.00, 0.00, 0.00, 0.00, 90.00, 0, 0
2.00, 5.70, 10.18, 10.18, -1101.58, 20.00, 4.63, 6.11, 2.02, 0.00, 0.00, 0.00, 0.00, 90.00, 0, 0
2.00, 5.70, 10.05, 10.05, -1114.51, 20.00, 4.63, 6.11, 2.02, 0.00, 0.00, 0.00, 0.00, 90.00, 0, 0
2.00, 5.70, 9.98, 9.98, -1114.11, 20.00, 4.63, 6.11, 2.11, 0.00, 0.00, 0.00, 0.00, 90.00, 0, 0
2.00, 5.70, 9.94, 9.94, -1108.90, 20.00, 4.63, 6.67, 2.61, 0.00, 4.59, 0.00, 0.00, 90.00, 0, 0
2.00, 5.70, 10.63, 10.63, -952.38, 20.00, 4.63, 8.33, 4.31, 141.04, 34.74, 10.95, -49.58, 81.80, 0, 0
2.00, 5.70, 10.80, 10.80, -920.97, 20.00, 4.63, 9.44, 5.41, 52.49, 55.58, 16.63, -38.00, 73.92, 0, 0
2.00, 5.70, 12.13, 12.13, -647.65, 20.00, 4.63, 11.67, 7.62, 317.10, 89.65, 27.83, -24.84, 67.98, 0, 0
2.00, 5.70, 13.09, 13.09, -477.70, 20.00, 4.63, 13.33, 9.33, 421.71, 94.47, 40.07, -10.25, 64.55, 0, 0
2.00, 5.70, 13.45, 13.45, -446.29, 20.00, 4.63, 14.44, 10.44, 280.54, 104.07, 52.47, 5.05, 64.03, 0, 0
2.00, 5.70, 13.14, 13.14, -549.10, 20.00, 4.63, 14.44, 10.44, 57.85, 87.80, 64.76, 19.99, 66.50, 0, 0
2.00, 5.70, 12.88, 12.88, -626.14, 20.00, 4.63, 13.89, 9.93, 3.63, 57.88, 76.71, 33.69, 71.65, 0, 0
2.00, 5.70, 12.74, 12.74, -669.11, 20.00, 4.63, 13.33, 9.33, 1.20, 36.31, 88.13, 45.80, 78.93, 0, 0
2.00, 5.70, 12.53, 12.53, -721.32, 20.00, 4.63, 12.22, 8.22, 0.00, 12.23, 0.00, 56.44, 87.78, 0, 0
2.00, 5.70, 12.41, 12.41, -750.70, 20.00, 4.63, 11.67, 7.72, 0.00, 1.53, 0.00, 0.00, 90.00, 0, 0
2.00, 5.70, 12.38, 12.38, -758.05, 20.00, 4.63, 11.67, 7.62, 0.00, 0.00, 0.00, 0.00, 90.00, 0, 0
2.00, 5.70, 12.34, 12.34, -766.75, 20.00, 4.63, 11.11, 7.12, 0.00, 0.00, 0.00, 0.00, 90.00, 0, 0
2.00, 5.70, 12.32, 12.32, -772.22, 20.00, 4.63, 11.11, 7.12, 0.00, 0.00, 0.00, 0.00, 90.00, 0, 0
2.00, 5.70, 12.26, 12.26, -784.99, 20.00, 4.63, 10.56, 6.51, 0.00, 0.00, 0.00, 0.00, 90.00, 0, 0
2.00, 5.70, 12.20, 12.20, -795.96, 20.00, 4.63, 10.56, 6.51, 0.00, 0.00, 0.00, 0.00, 90.00, 0, 0
2.00, 5.70, 12.12, 12.12, -813.49, 20.00, 4.63, 10.00, 6.01, 0.00, 0.00, 0.00, 0.00, 90.00, 0, 0
2.00, 5.70, 12.01, 12.01, -833.71, 20.00, 4.63, 9.44, 5.41, 0.00, 0.00, 0.00, 0.00, 90.00, 0, 0
2.00, 5.70, 11.89, 11.89, -855.63, 20.00, 4.63, 8.89, 4.81, 0.00, 0.00, 0.00, 0.00, 90.00, 0, 0
2.00, 5.70, 11.75, 11.75, -878.46, 20.00, 4.63, 8.33, 4.31, 0.00, 0.00, 0.00, 0.00, 90.00, 0, 0
2.00, 5.70, 11.61, 11.61, -902.43, 20.00, 4.63, 7.78, 3.71, 0.00, 0.00, 0.00, 0.00, 90.00, 0, 0
2.00, 5.70, 11.45, 11.45, -927.48, 20.00, 4.63, 7.22, 3.11, 0.00, 0.00, 0.00, 0.00, 90.00, 0, 0
2.00, 5.70, 11.28, 11.28, -953.32, 20.00, 4.63, 6.67, 2.61, 0.00, 0.00, 0.00, 0.00, 90.00, 0, 0
2.00, 5.70, 11.15, 11.15, -970.04, 20.00, 4.63, 6.11, 2.02, 0.00, 0.00, 0.00, 0.00, 90.00, 0, 0
2.00, 5.70, 11.02, 11.02, -987.46, 20.00, 4.63, 6.11, 2.02, 0.00, 1.53, 0.00, 0.00, 90.00, 0, 0
2.00, 5.70, 11.09, 11.09, -961.09, 20.00, 4.63, 6.67, 2.61, 0.00, 21.41, 10.90, -49.63, 81.91, 0, 0
2.00, 5.70, 11.53, 11.53, -861.87, 20.00, 4.63, 8.33, 4.31, 32.06, 56.24, 16.51, -38.07, 74.02, 0, 0
2.00, 5.70, 11.71, 11.71, -826.18, 20.00, 4.63, 8.89, 4.91, 8.35, 69.09, 27.71, -24.92, 68.07, 0, 0
2.00, 5.70, 11.93, 11.93, -786.01, 20.00, 4.63, 9.44, 5.51, 7.24, 79.61, 39.95, -10.35, 64.62, 0, 0
2.00, 5.70, 11.73, 11.73, -837.10, 20.00, 4.63, 9.44, 5.51, 1.93, 45.39, 52.36, 4.93, 64.08, 0, 0
2.00, 5.70, 11.56, 11.56, -873.24, 20.00, 4.63, 8.89, 4.91, 0.00, 32.12, 64.64, 19.86, 66.53, 0, 0
2.00, 5.70, 11.68, 11.68, -846.65, 20.00, 4.63, 8.89, 4.91, 1.46, 49.76, 76.60, 33.56, 71.65, 0, 0
2.00, 5.70, 11.44, 11.44, -897.33, 20.00, 4.63, 8.89, 4.91, 0.08, 19.67, 88.02, 45.68, 78.91, 0, 0
2.00, 5.70, 11.21, 11.21, -939.98, 20.00, 4.63, 8.33, 4.40, 0.00, 4.59, 0.00, 56.33, 87.76, 0, 0
2.00, 5.70, 11.04, 11.04, -968.53, 20.00, 4.63, 7.78, 3.81, 0.00, 0.00, 0.00, 0.00, 90.00, 0, 0
2.00, 5.70, 10.93, 10.93, -981.67, 20.00, 4.63, 7.78, 3.81, 0.00, 0.00, 0.00, 0.00, 90.00, 0, 0
2.00, 5.70, 10.84, 10.84, -991.32, 20.00, 4.63, 7.78, 3.81, 0.00, 0.00, 0.00, 0.00, 90.00, 0, 0
2.00, 5.70, 10.72, 10.72, -1006.42, 20.00, 4.63, 7.22, 3.30, 0.00, 0.00, 0.00, 0.00, 90.00, 0, 0
2.00, 5.70, 10.62, 10.62, -1017.50, 20.00, 4.63, 7.22, 3.30, 0.00, 0.00, 0.00, 0.00, 90.00, 0, 0
2.00, 5.70, 10.51, 10.51, -1030.08, 20.00, 4.63, 7.22, 3.21, 0.00, 0.00, 0.00, 0.00, 90.00, 0, 0
2.00, 5.70, 10.40, 10.40, -1041.93, 20.00, 4.63, 7.22, 3.21, 0.00, 0.00, 0.00, 0.00, 90.00, 0, 0
2.00, 5.70, 10.27, 10.27, -1059.42, 20.00, 4.63, 6.67, 2.71, 0.00, 0.00, 0.00, 0.00, 90.00, 0, 0
2.00, 5.70, 10.15, 10.15, -1072.28, 20.00, 4.63, 6.67, 2.71, 0.00, 0.00, 0.00, 0.00, 90.00, 0, 0
2.00, 5.70, 10.04, 10.04, -1083.40, 20.00, 4.63, 6.67, 2.71, 0.00, 0.00, 0.00, 0.00, 90.00, 0, 0
2.00, 5.70, 9.94, 9.94, -1093.46, 20.00, 4.63, 6.67, 2.71, 0.00, 0.00, 0.00, 0.00, 90.00, 0, 0
2.00, 5.70, 9.84, 9.84, -1102.85, 20.00, 4.63, 6.67, 2.71, 0.00, 0.00, 0.00, 0.00, 90.00, 0, 0
2.00, 5.70, 9.74, 9.74, -1111.65, 20.00, 4.63, 6.67, 2.71, 0.00, 0.00, 0.00, 0.00, 90.00, 0, 0
2.00, 5.70, 9.71, 9.71, -1106.74, 20.00, 4.63, 6.67, 2.71, 0.00, 0.00, 0.00, 0.00, 90.00, 0, 0
2.00, 5.70, 9.62, 9.62, -1113.64, 20.00, 4.63, 6.67, 2.71, 0.00, 0.00, 0.00, 0.00, 90.00, 0, 0
2.00, 5.70, 10.22, 10.22, -977.94, 20.00, 4.63, 8.33, 4.40, 112.60, 29.21, 10.86, -49.68, 82.01, 0, 0
2.00, 5.70, 11.92, 11.92, -627.18, 20.00, 4.63, 11.11, 7.21, 492.32, 62.77, 16.40, -38.13, 74.12, 0, 0
2.00, 5.70, 13.12, 13.12, -413.49, 20.00, 4.63, 13.33, 9.43, 624.42, 71.57, 27.60, -25.00, 68.16, 0, 0
2.00, 5.70, 13.78, 13.78, -329.10, 20.00, 4.63, 15.00, 11.14, 495.67, 94.25, 39.84, -10.45, 64.68, 0, 0
2.00, 5.70, 13.85, 13.85, -366.16, 20.00, 4.63, 16.11, 12.16, 229.85, 108.37, 52.24, 4.81, 64.12, 0, 0
2.00, 5.70, 13.30, 13.30, -521.99, 20.00, 4.63, 15.00, 11.14, 27.14, 70.59, 64.52, 19.74, 66.55, 0, 0
2.00, 5.70, 13.51, 13.51, -498.78, 20.00, 4.63, 15.00, 11.14, 64.89, 69.82, 76.48, 33.44, 71.65, 0, 0
2.00, 5.70, 13.31, 13.31, -563.91, 20.00, 4.63, 14.44, 10.54, 5.59, 42.31, 87.91, 45.57, 78.89, 0, 0
2.00, 5.70, 13.02, 13.02, -637.53, 20.00, 4.63, 13.33, 9.43, 0.00, 7.65, 0.00, 56.22, 87.72, 0, 0
2.00, 5.70, 12.91, 12.91, -666.50, 20.00, 4.63, 12.78, 8.92, 0.00, 0.00, 0.00, 0.00, 90.00, 0, 0
2.00, 5.70, 12.88, 12.88, -677.13, 20.00, 4.63, 12.22, 8.32, 0.00, 0.00, 0.00, 0.00, 90.00, 0, 0
2.00, 5.70, 12.89, 12.89, -680.21, 20.00, 4.63, 12.22, 8.32, 0.00, 0.00, 0.00, 0.00, 90.00, 0, 0
2.00, 5.70, 12.89, 12.89, -683.67, 20.00, 4.63, 12.22, 8.32, 0.00, 0.00, 0.00, 0.00, 90.00, 0, 0
2.00, 5.70, 12.86, 12.86, -696.03, 20.00, 4.63, 11.67, 7.72, 0.00, 0.00, 0.00, 0.00, 90.00, 0, 0
2.00, 5.70, 12.82, 12.82, -707.13, 20.00, 4.63, 11.67, 7.72, 0.00, 0.00, 0.00, 0.00, 90.00, 0, 0
2.00, 5.70, 12.74, 12.74, -725.34, 20.00, 4.63, 11.11, 7.21, 0.00, 0.00, 0.00, 0.00, 90.00, 0, 0
2.00, 5.70, 12.65, 12.65, -746.46, 20.00, 4.63, 10.56, 6.61, 0.00, 0.00, 0.00, 0.00, 90.00, 0, 0
2.00, 5.70, 12.57, 12.57, -762.52, 20.00, 4.63, 10.56, 6.61, 0.00, 0.00, 0.00, 0.00, 90.00, 0, 0
2.00, 5.70, 12.46, 12.46, -783.66, 20.00, 4.63, 10.00, 6.01, 0.00, 0.00, 0.00, 0.00, 90.00, 0, 0
2.00, 5.70, 12.34, 12.34, -806.60, 20.00, 4.63, 9.44, 5.51, 0.00, 0.00, 0.00, 0.00, 90.00, 0, 0
2.00, 5.70, 12.20, 12.20, -830.90, 20.00, 4.63, 8.89, 4.91, 0.00, 0.00, 0.00, 0.00, 90.00, 0, 0
2.00, 5.70, 12.05, 12.05, -856.13, 20.00, 4.63, 8.33, 4.31, 0.00, 0.00, 0.00, 0.00, 90.00, 0, 0
2.00, 5.70, 11.93, 11.93, -873.72, 20.00, 4.63, 7.78, 3.81, 0.00, 0.00, 0.00, 0.00, 90.00, 0, 0
2.00, 5.70, 11.80, 11.80, -892.91, 20.00, 4.63, 7.78, 3.81, 0.00, 0.00, 0.00, 0.00, 90.00, 0, 0
2.00, 5.70, 12.28, 12.28, -785.17, 20.00, 4.63, 8.89, 5.00, 96.06, 28.86, 10.82, -49.73, 82.11, 0, 0
2.00, 5.70, 12.47, 12.47, -747.80, 20.00, 4.63, 10.00, 6.10, 34.93, 54.45, 16.30, -38.20, 74.21, 0, 0
2.00, 5.70, 13.19, 13.19, -605.40, 20.00, 4.63, 11.67, 7.81, 114.41, 86.92, 27.49, -25.09, 68.23, 0, 0
2.00, 5.70, 13.72, 13.72, -513.30, 20.00, 4.63, 12.78, 8.92, 104.14, 110.92, 39.73, -10.56, 64.74, 0, 0
2.00, 5.70, 13.98, 13.98, -484.30, 20.00, 4.63, 13.89, 10.03, 63.90, 109.25, 52.13, 4.70, 64.16, 0, 0
2.00, 5.70, 14.03, 14.03, -499.85, 20.00, 4.63, 13.89, 10.12, 32.70, 93.27, 64.41, 19.62, 66.56, 0, 0
2.00, 5.70, 14.03, 14.03, -518.82, 20.00, 4.63, 13.89, 10.12, 32.70, 73.14, 76.37, 33.33, 71.64, 0, 0
2.00, 5.70, 13.70, 13.70, -604.70, 20.00, 4.63, 13.33, 9.52, 1.34, 33.45, 87.80, 45.45, 78.87, 0, 0
2.00, 5.70, 13.37, 13.37, -679.72, 20.00, 4.63, 12.22, 8.49, 0.00, 4.59, 0.00, 56.11, 87.68, 0, 0
2.00, 5.70, 13.25, 13.25, -704.21, 20.00, 4.63, 12.22, 8.41, 0.00, 0.00, 0.00, 0.00, 90.00, 0, 0
2.00, 5.70, 13.20, 13.20, -711.93, 20.00, 4.63, 12.22, 8.41, 0.00, 0.00, 0.00, 0.00, 90.00, 0, 0
2.00, 5.70, 13.14, 13.14, -722.67, 20.00, 4.63, 11.67, 7.98, 0.00, 0.00, 0.00, 0.00, 90.00, 0, 0
2.00, 5.70, 13.10, 13.10, -730.12, 20.00, 4.63, 11.67, 7.89, 0.00, 0.00, 0.00, 0.00, 90.00, 0, 0
2.00, 5.70, 13.05, 13.05, -737.41, 20.00, 4.63, 11.67, 7.89, 0.00, 0.00, 0.00, 0.00, 90.00, 0, 0
2.00, 5.70, 13.01, 13.01, -745.79, 20.00, 4.63, 11.67, 7.89, 0.00, 0.00, 0.00, 0.00, 90.00, 0, 0
2.00, 5.70, 12.95, 12.95, -754.84, 20.00, 4.63, 11.67, 7.89, 0.00, 0.00, 0.00, 0.00, 90.00, 0, 0
2.00, 5.70, 12.90, 12.90, -763.69, 20.00, 4.63, 11.67, 7.89, 0.00, 0.00, 0.00, 0.00, 90.00, 0, 0
2.00, 5.70, 12.84, 12.84, -772.15, 20.00, 4.63, 11.67, 7.89, 0.00, 0.00, 0.00, 0.00, 90.00, 0, 0
2.00, 5.70, 12.79, 12.79, -780.09, 20.00, 4.63, 11.67, 7.89, 0.00, 0.00, 0.00, 0.00, 90.00, 0, 0
2.00, 5.70, 12.74, 12.74, -787.44, 20.00, 4.63, 11.67, 7.89, 0.00, 0.00, 0.00, 0.00, 90.00, 0, 0
2.00, 5.70, 12.69, 12.69, -794.18, 20.00, 4.63, 11.67, 7.89, 0.00, 0.00, 0.00, 0.00, 90.00, 0, 0
2.00, 5.70, 12.64, 12.64, -800.10, 20.00, 4.63, 11.67, 7.98, 0.00, 0.00, 0.00, 0.00, 90.00, 0, 0
2.00, 5.70, 12.66, 12.66, -792.37, 20.00, 4.63, 12.22, 8.49, 0.00, 0.00, 0.00, 0.00, 90.00, 0, 0
2.00, 5.70, 12.64, 12.64, -794.24, 20.00, 4.63, 12.22, 8.49, 0.00, 0.00, 0.00, 0.00, 90.00, 0, 0
2.00, 5.70, 12.80, 12.80, -758.34, 20.00, 4.63, 12.78, 9.09, 0.00, 16.82, 10.79, -49.79, 82.21, 0, 0
2.00, 5.70, 13.22, 13.22, -670.37, 20.00, 4.63, 13.89, 10.20, 8.73, 49.56, 16.20, -38.27, 74.29, 0, 0
2.00, 5.70, 13.62, 13.62, -597.42, 20.00, 4.63, 15.00, 11.32, 8.38, 67.57, 27.38, -25.18, 68.30, 0, 0
2.00, 5.70, 14.69, 14.69, -389.10, 20.00, 4.63, 16.67, 13.03, 133.41, 111.33, 39.62, -10.66, 64.79, 0, 0
2.00, 5.70, 14.59, 14.59, -444.77, 20.00, 4.63, 17.22, 13.55, 25.24, 76.23, 52.02, 4.58, 64.19, 0, 0
2.00, 5.70, 14.53, 14.53, -479.42, 20.00, 4.63, 17.22, 13.55, 0.00, 53.53, 64.30, 19.50, 66.57, 0, 0
2.00, 5.70, 14.73, 14.73, -454.99, 20.00, 4.63, 17.22, 13.55, 5.24, 58.70, 76.26, 33.21, 71.63, 0, 0
2.00, 5.70, 14.67, 14.67, -486.06, 20.00, 4.63, 16.67, 13.03, 0.38, 35.83, 87.69, 45.35, 78.84, 0, 0
2.00, 5.70, 14.47, 14.47, -540.51, 20.00, 4.63, 16.11, 12.43, 0.00, 6.12, 0.00, 56.01, 87.64, 0, 0
2.00, 5.70, 14.40, 14.40, -562.39, 20.00, 4.63, 15.56, 11.83, 0.00, 0.00, 0.00, 0.00, 90.00, 0, 0
2.00, 5.70, 14.41, 14.41, -564.56, 20.00, 4.63, 15.56, 11.83, 0.00, 0.00, 0.00, 0.00, 90.00, 0, 0
2.00, 5.70, 14.41, 14.41, -570.28, 20.00, 4.63, 15.00, 11.23, 0.00, 0.00, 0.00, 0.00, 90.00, 0, 0
2.00, 5.70, 14.39, 14.39, -578.67, 20.00, 4.63, 14.44, 10.72, 0.00, 0.00, 0.00, 0.00, 90.00, 0, 0
2.00, 5.70, 14.35, 14.35, -589.92, 20.00, 4.63, 13.89, 10.12, 0.00, 0.00, 0.00, 0.00, 90.00, 0, 0
2.00, 5.70, 14.30, 14.30, -604.09, 20.00, 4.63, 13.33, 9.60, 0.00, 0.00, 0.00, 0.00, 90.00, 0, 0
2.00, 5.70, 14.23, 14.23, -620.96, 20.00, 4.63, 12.78, 9.00, 0.00, 0.00, 0.00, 0.00, 90.00, 0, 0
2.00, 5.70, 14.14, 14.14, -639.71, 20.00, 4.63, 12.22, 8.41, 0.00, 0.00, 0.00, 0.00, 90.00, 0, 0
2.00, 5.70, 14.04, 14.04, -659.95, 20.00, 4.63, 11.67, 7.89, 0.00, 0.00, 0.00, 0.00, 90.00, 0, 0
2.00, 5.70, 13.92, 13.92, -681.86, 20.00, 4.63, 11.11, 7.30, 0.00, 0.00, 0.00, 0.00, 90.00, 0, 0
2.00, 5.70, 13.76, 13.76, -711.90, 20.00, 4.63, 10.00, 6.19, 0.00, 0.00, 0.00, 0.00, 90.00, 0, 0
2.00, 5.70, 13.60, 13.60, -739.47, 20.00, 4.63, 9.44, 5.59, 0.00, 0.00, 0.00, 0.00, 90.00, 0, 0
2.00, 5.70, 13.43, 13.43, -767.28, 20.00, 4.63, 8.89, 5.00, 0.00, 0.00, 0.00, 0.00, 90.00, 0, 0
2.00, 5.70, 13.28, 13.28, -788.95, 20.00, 4.63, 8.33, 4.49, 0.00, 0.00, 0.00, 0.00, 90.00, 0, 0
2.00, 5.70, 13.10, 13.10, -817.49, 20.00, 4.63, 7.78, 3.98, 0.00, 0.00, 0.00, 0.00, 90.00, 0, 0
2.00, 5.70, 13.59, 13.59, -702.41, 20.00, 4.63, 9.44, 5.59, 109.79, 28.10, 10.77, -49.85, 82.29, 0, 0
2.00, 5.70, 14.75, 14.75, -460.80, 20.00, 4.63, 11.11, 7.30, 351.68, 62.80, 16.11, -38.35, 74.37, 0, 0
2.00, 5.70, 14.71, 14.71, -496.17, 20.00, 4.63, 12.22, 8.41, 120.23, 81.60, 27.27, -25.28, 68.37, 0, 0
2.00, 5.70, 14.75, 14.75, -503.45, 20.00, 4.63, 12.78, 9.00, 26.72, 92.62, 39.51, -10.77, 64.84, 0, 0
2.00, 5.70, 14.78, 14.78, -512.53, 20.00, 4.63, 12.78, 9.00, 11.67, 85.77, 51.92, 4.46, 64.21, 0, 0
2.00, 5.70, 14.45, 14.45, -591.82, 20.00, 4.63, 12.22, 8.49, 1.37, 45.43, 64.20, 19.38, 66.57, 0, 0
2.00, 5.70, 14.24, 14.24, -637.53, 20.00, 4.63, 11.67, 7.89, 0.00, 30.59, 76.16, 33.10, 71.61, 0, 0
2.00, 5.70, 14.05, 14.05, -675.04, 20.00, 4.63, 11.11, 7.38, 0.00, 19.88, 87.59, 45.24, 78.80, 0, 0
2.00, 5.70, 13.79, 13.79, -724.90, 20.00, 4.63, 10.56, 6.79, 0.00, 3.06, 0.00, 55.92, 87.59, 0, 0
2.00, 5.70, 13.64, 13.64, -747.94, 20.00, 4.63, 10.56, 6.79, 0.00, 0.00, 0.00, 0.00, 90.00, 0, 0
2.00, 5.70, 13.53, 13.53, -761.75, 20.00, 4.63, 10.56, 6.79, 0.00, 0.00, 0.00, 0.00, 90.00, 0, 0
2.00, 5.70, 13.43, 13.43, -773.63, 20.00, 4.63, 10.56, 6.79, 0.00, 0.00, 0.00, 0.00, 90.00, 0, 0
2.00, 5.70, 13.33, 13.33, -785.04, 20.00, 4.63, 10.56, 6.79, 0.00, 0.00, 0.00, 0.00, 90.00, 0, 0
2.00, 5.70, 13.24, 13.24, -796.16, 20.00, 4.63, 10.56, 6.79, 0.00, 0.00, 0.00, 0.00, 90.00, 0, 0
2.00, 5.70, 13.14, 13.14, -807.96, 20.00, 4.63, 10.56, 6.79, 0.00, 0.00, 0.00, 0.00, 90.00, 0, 0
2.00, 5.70, 13.04, 13.04, -819.47, 20.00, 4.63, 10.56, 6.79, 0.00, 0.00, 0.00, 0.00, 90.00, 0, 0
2.00, 5.70, 12.94, 12.94, -830.01, 20.00, 4.63, 10.56, 6.79, 0.00, 0.00, 0.00, 0.00, 90.00, 0, 0
2.00, 5.70, 12.85, 12.85, -839.61, 20.00, 4.63, 10.56, 6.79, 0.00, 0.00, 0.00, 0.00, 90.00, 0, 0
2.00, 5.70, 12.76, 12.76, -848.31, 20.00, 4.63, 10.56, 6.79, 0.00, 0.00, 0.00, 0.00, 90.00, 0, 0
2.00, 5.70, 12.68, 12.68, -856.19, 20.00, 4.63, 10.56, 6.79, 0.00, 0.00, 0.00, 0.00, 90.00, 0, 0
2.00, 5.70, 12.60, 12.60, -863.31, 20.00, 4.63, 10.56, 6.79, 0.00, 0.00, 0.00, 0.00, 90.00, 0, 0
2.00, 5.70, 12.55, 12.55, -862.92, 20.00, 4.63, 11.11, 7.38, 0.00, 0.00, 0.00, 0.00, 90.00, 0, 0
2.00, 5.70, 12.54, 12.54, -858.27, 20.00, 4.63, 11.11, 7.38, 0.00, 0.00, 0.00, 0.00, 90.00, 0, 0
2.00, 5.70, 12.48, 12.48, -861.29, 20.00, 4.63, 11.11, 7.38, 0.00, 0.00, 0.00, 0.00, 90.00, 0, 0
2.00, 5.70, 13.42, 13.42, -658.16, 20.00, 4.63, 12.78, 9.09, 202.89, 34.45, 10.76, -49.92, 82.38, 0, 0
2.00, 5.70, 13.88, 13.88, -575.03, 20.00, 4.63, 14.44, 10.80, 148.08, 62.64, 16.02, -38.43, 74.45, 0, 0
2.00, 5.70, 13.61, 13.61, -651.31, 20.00, 4.63, 14.44, 10.80, 22.39, 37.99, 27.17, -25.37, 68.43, 0, 0
2.00, 5.70, 14.11, 14.11, -554.20, 20.00, 4.63, 15.56, 11.91, 26.76, 77.34, 39.40, -10.89, 64.88, 0, 0
2.00, 5.70, 14.32, 14.32, -526.46, 20.00, 4.63, 15.56, 11.91, 7.80, 79.10, 51.81, 4.34, 64.23, 0, 0
2.00, 5.70, 14.67, 14.67, -470.21, 20.00, 4.63, 16.11, 12.43, 26.19, 84.80, 64.09, 19.26, 66.56, 0, 0
2.00, 5.70, 14.81, 14.81, -460.67, 20.00, 4.63, 16.67, 13.03, 21.28, 69.59, 76.06, 32.99, 71.58, 0, 0
2.00, 5.70, 14.60, 14.60, -524.43, 20.00, 4.63, 16.11, 12.43, 0.93, 31.67, 87.49, 45.14, 78.75, 0, 0
2.00, 5.70, 14.35, 14.35, -586.36, 20.00, 4.63, 15.00, 11.40, 0.00, 4.59, 0.00, 55.82, 87.53, 0, 0
2.00, 5.70, 14.28, 14.28, -603.10, 20.00, 4.63, 15.00, 11.32, 0.00, 0.00, 0.00, 0.00, 90.00, 0, 0
2.00, 5.70, 14.26, 14.26, -610.91, 20.00, 4.63, 14.44, 10.80, 0.00, 0.00, 0.00, 0.00, 90.00, 0, 0
2.00, 5.70, 14.26, 14.26, -612.04, 20.00, 4.63, 14.44, 10.80, 0.00, 0.00, 0.00, 0.00, 90.00, 0, 0
2.00, 5.70, 14.23, 14.23, -619.39, 20.00, 4.63, 13.89, 10.20, 0.00, 0.00, 0.00, 0.00, 90.00, 0, 0
2.00, 5.70, 14.22, 14.22, -623.57, 20.00, 4.63, 13.89, 10.20, 0.00, 0.00, 0.00, 0.00, 90.00, 0, 0
2.00, 5.70, 14.17, 14.17, -634.76, 20.00, 4.63, 13.33, 9.69, 0.00, 0.00, 0.00, 0.00, 90.00, 0, 0
2.00, 5.70, 14.13, 14.13, -643.14, 20.00, 4.63, 13.33, 9.60, 0.00, 0.00, 0.00, 0.00, 90.00, 0, 0
2.00, 5.70, 14.06, 14.06, -657.28, 20.00, 4.63, 12.78, 9.09, 0.00, 0.00, 0.00, 0.00, 90.00, 0, 0
2.00, 5.70, 13.98, 13.98, -674.10, 20.00, 4.63, 12.22, 8.49, 0.00, 0.00, 0.00, 0.00, 90.00, 0, 0
2.00, 5.70, 13.91, 13.91, -685.92, 20.00, 4.63, 12.22, 8.49, 0.00, 0.00, 0.00, 0.00, 90.00, 0, 0
2.00, 5.70, 13.81, 13.81, -702.81, 20.00, 4.63, 11.67, 7.98, 0.00, 0.00, 0.00, 0.00, 90.00, 0, 0
2.00, 5.70, 13.70, 13.70, -722.11, 20.00, 4.63, 11.11, 7.38, 0.00, 0.00, 0.00, 0.00, 90.00, 0, 0
2.00, 5.70, 13.61, 13.61, -736.24, 20.00, 4.63, 11.11, 7.38, 0.00, 0.00, 0.00, 0.00, 90.00, 0, 0
2.00, 5.70, 13.52, 13.52, -749.22, 20.00, 4.63, 10.56, 6.79, 0.00, 0.00, 0.00, 0.00, 90.00, 0, 0
2.00, 5.70, 13.42, 13.42, -763.31, 20.00, 4.63, 10.56, 6.79, 0.00, 0.00, 0.00, 0.00, 90.00, 0, 0
2.00, 5.70, 13.38, 13.38, -764.27, 20.00, 4.63, 10.56, 6.87, 0.00, 6.12, 10.76, -49.99, 82.46, 0, 0
2.00, 5.70, 13.63, 13.63, -705.73, 20.00, 4.63, 11.67, 7.89, 0.00, 35.17, 15.93, -38.52, 74.51, 0, 0
2.00, 5.70, 14.26, 14.26, -574.71, 20.00, 4.63, 13.33, 9.60, 50.42, 73.64, 27.07, -25.47, 68.48, 0, 0
2.00, 5.70, 14.14, 14.14, -611.58, 20.00, 4.63, 13.33, 9.60, 9.75, 48.56, 39.30, -11.00, 64.91, 0, 0
2.00, 5.70, 14.72, 14.72, -497.43, 20.00, 4.63, 14.44, 10.72, 50.82, 86.71, 51.71, 4.22, 64.24, 0, 0
2.00, 5.70, 15.23, 15.23, -408.15, 20.00, 4.63, 15.56, 11.83, 98.21, 93.67, 63.99, 19.15, 66.55, 0, 0
2.00, 5.70, 15.04, 15.04, -472.37, 20.00, 4.63, 15.56, 11.83, 18.37, 61.82, 75.96, 32.88, 71.55, 0, 0
2.00, 5.70, 14.79, 14.79, -537.58, 20.00, 4.63, 15.00, 11.23, 0.11, 31.90, 87.40, 45.05, 78.71, 0, 0
2.00, 5.70, 14.53, 14.53, -597.37, 20.00, 4.63, 14.44, 10.63, 0.00, 6.12, 0.00, 55.74, 87.47, 0, 0
2.00, 5.70, 14.40, 14.40, -624.48, 20.00, 4.63, 13.89, 10.12, 0.00, 0.00, 0.00, 0.00, 90.00, 0, 0
2.00, 5.70, 14.33, 14.33, -637.65, 20.00, 4.63, 13.33, 9.52, 0.00, 0.00, 0.00, 0.00, 90.00, 0, 0
2.00, 5.70, 14.29, 14.29, -643.20, 20.00, 4.63, 13.33, 9.52, 0.00, 0.00, 0.00, 0.00, 90.00, 0, 0
2.00, 5.70, 14.23, 14.23, -654.24, 20.00, 4.63, 12.78, 8.92, 0.00, 0.00, 0.00, 0.00, 90.00, 0, 0
2.00, 5.70, 14.15, 14.15, -668.56, 20.00, 4.63, 12.22, 8.32, 0.00, 0.00, 0.00, 0.00, 90.00, 0, 0
2.00, 5.70, 14.05, 14.05, -685.98, 20.00, 4.63, 11.67, 7.81, 0.00, 0.00, 0.00, 0.00, 90.00, 0, 0
2.00, 5.70, 13.93, 13.93, -705.89, 20.00, 4.63, 11.11, 7.21, 0.00, 0.00, 0.00, 0.00, 90.00, 0, 0
2.00, 5.70, 13.80, 13.80, -727.38, 20.00, 4.63, 10.56, 6.61, 0.00, 0.00, 0.00, 0.00, 90.00, 0, 0
2.00, 5.70, 13.66, 13.66, -750.06, 20.00, 4.63, 10.00, 6.10, 0.00, 0.00, 0.00, 0.00, 90.00, 0, 0
2.00, 5.70, 13.47, 13.47, -780.76, 20.00, 4.63, 8.89, 5.00, 0.00, 0.00, 0.00, 0.00, 90.00, 0, 0
2.00, 5.70, 13.29, 13.29, -808.93, 20.00, 4.63, 8.33, 4.40, 0.00, 0.00, 0.00, 0.00, 90.00, 0, 0
2.00, 5.70, 13.07, 13.07, -843.86, 20.00, 4.63, 7.22, 3.30, 0.00, 0.00, 0.00, 0.00, 90.00, 0, 0
2.00, 5.70, 12.85, 12.85, -875.97, 20.00, 4.63, 6.67, 2.61, 0.00, 0.00, 0.00, 0.00, 90.00, 0, 0
2.00, 5.70, 12.63, 12.63, -905.07, 20.00, 4.63, 5.56, 1.61, 0.00, 0.00, 0.00, 0.00, 90.00, 0, 0
2.00, 5.70, 12.42, 12.42, -932.86, 20.00, 4.63, 5.56, 1.52, 0.00, 0.00, 0.00, 0.00, 90.00, 0, 0
2.00, 5.70, 13.50, 13.50, -689.66, 20.00, 4.63, 7.78, 3.81, 322.95, 25.59, 10.76, -50.07, 82.53, 0, 0
2.00, 5.70, 14.89, 14.89, -408.43, 20.00, 4.63, 10.56, 6.51, 605.47, 49.22, 15.85, -38.61, 74.58, 0, 0
2.00, 5.70, 16.00, 16.00, -210.93, 20.00, 4.63, 13.33, 9.33, 689.67, 68.61, 26.97, -25.58, 68.52, 0, 0
2.00, 5.70, 16.75, 16.75, -101.96, 20.00, 4.63, 15.56, 11.55, 636.82, 82.29, 39.20, -11.11, 64.93, 0, 0
2.00, 5.70, 17.01, 17.01, -99.38, 20.00, 4.63, 16.67, 12.67, 470.17, 86.25, 51.61, 4.11, 64.24, 0, 0
2.00, 5.70, 17.13, 17.13, -117.68, 20.00, 4.63, 17.78, 13.68, 347.01, 77.80, 63.90, 19.03, 66.53, 0, 0
2.00, 5.70, 16.95, 16.95, -192.63, 20.00, 4.63, 17.78, 13.68, 176.43, 66.77, 75.86, 32.78, 71.51, 0, 0
2.00, 5.70, 16.49, 16.49, -315.85, 20.00, 4.63, 16.67, 12.56, 15.82, 45.08, 87.31, 44.95, 78.65, 0, 0
2.00, 5.70, 16.11, 16.11, -406.26, 20.00, 4.63, 15.00, 10.84, 0.00, 13.76, 0.00, 55.65, 87.40, 0, 0
2.00, 5.70, 15.88, 15.88, -457.19, 20.00, 4.63, 13.89, 9.73, 0.00, 0.00, 0.00, 0.00, 90.00, 0, 0
2.00, 5.70, 15.78, 15.78, -477.93, 20.00, 4.63, 12.78, 8.62, 0.00, 0.00, 0.00, 0.00, 90.00, 0, 0
2.00, 5.70, 15.71, 15.71, -492.04, 20.00, 4.63, 12.22, 8.01, 0.00, 0.00, 0.00, 0.00, 90.00, 0, 0
2.00, 5.70, 15.59, 15.59, -516.79, 20.00, 4.63, 11.11, 6.91, 0.00, 0.00, 0.00, 0.00, 90.00, 0, 0
2.00, 5.70, 15.42, 15.42, -550.20, 20.00, 4.63, 10.00, 5.81, 0.00, 0.00, 0.00, 0.00, 90.00, 0, 0
2.00, 5.70, 15.24, 15.24, -584.43, 20.00, 4.63, 9.44, 5.20, 0.00, 0.00, 0.00, 0.00, 90.00, 0, 0
2.00, 5.70, 15.00, 15.00, -628.38, 20.00, 4.63, 8.33, 3.99, 0.00, 0.00, 0.00, 0.00, 90.00, 0, 0
2.00, 5.70, 14.72, 14.72, -676.98, 20.00, 4.63, 7.22, 2.90, 0.00, 0.00, 0.00, 0.00, 90.00, 0, 0
2.00, 5.70, 14.41, 14.41, -728.81, 20.00, 4.63, 6.11, 1.81, 0.00, 0.00, 0.00, 0.00, 90.00, 0, 0
2.00, 5.70, 14.11, 14.11, -776.78, 20.00, 4.63, 5.56, 1.09, 0.00, 0.00, 0.00, 0.00, 90.00, 0, 0
2.00, 5.70, 13.76, 13.76, -830.37, 20.00, 4.63, 4.44, 0.01, 0.00, 0.00, 0.00, 0.00, 90.00, 0, 0
2.00, 5.70, 13.39, 13.39, -886.55, 20.00, 4.63, 3.33, -1.08, 0.00, 0.00, 0.00, 0.00, 90.00, 0, 0
2.00, 5.70, 13.00, 13.00, -944.78, 20.00, 4.63, 2.22, -2.26, 0.00, 0.00, 0.00, 0.00, 90.00, 0, 0
2.00, 5.70, 12.62, 12.62, -997.63, 20.00, 4.63, 1.11, -3.34, 0.00, 0.00, 0.00, 0.00, 90.00, 0, 0
2.00, 5.70, 12.23, 12.23, -1049.92, 20.00, 4.63, 0.56, -3.83, 0.00, 0.00, 0.00, 0.00, 90.00, 0, 0
2.00, 5.70, 12.90, 12.90, -879.62, 20.00, 4.63, 2.78, -1.67, 217.95, 30.76, 10.77, -50.15, 82.60, 0, 0
2.00, 5.70, 14.16, 14.16, -605.82, 20.00, 4.63, 5.56, 1.21, 477.39, 71.72, 15.77, -38.70, 74.63, 0, 0
2.00, 5.70, 14.39, 14.39, -575.20, 20.00, 4.63, 7.22, 2.90, 342.32, 89.10, 26.88, -25.68, 68.56, 0, 0
2.00, 5.70, 14.53, 14.53, -561.25, 20.00, 4.63, 8.33, 3.99, 251.65, 99.38, 39.11, -11.23, 64.95, 0, 0
2.00, 5.70, 14.65, 14.65, -550.11, 20.00, 4.63, 8.89, 4.60, 194.36, 106.13, 51.51, 3.99, 64.23, 0, 0
2.00, 5.70, 14.85, 14.85, -519.49, 20.00, 4.63, 10.00, 5.70, 224.23, 93.07, 63.80, 18.92, 66.50, 0, 0
2.00, 5.70, 14.58, 14.58, -589.82, 20.00, 4.63, 10.00, 5.70, 131.81, 67.76, 75.77, 32.68, 71.46, 0, 0
2.00, 5.70, 14.00, 14.00, -715.88, 20.00, 4.63, 8.89, 4.71, 14.31, 39.74, 87.22, 44.86, 78.59, 0, 0
2.00, 5.70, 13.51, 13.51, -807.81, 20.00, 4.63, 7.78, 3.50, 0.00, 12.23, 0.00, 55.57, 87.33, 0, 0
2.00, 5.70, 13.18, 13.18, -861.59, 20.00, 4.63, 7.22, 3.01, 0.00, 0.00, 0.00, 0.00, 90.00, 0, 0
2.00, 5.70, 13.01, 13.01, -878.57, 20.00, 4.63, 7.22, 3.01, 0.00, 0.00, 0.00, 0.00, 90.00, 0, 0
2.00, 5.70, 12.84, 12.84, -895.91, 20.00, 4.63, 6.67, 2.52, 0.00, 0.00, 0.00, 0.00, 90.00, 0, 0
2.00, 5.70, 12.69, 12.69, -910.20, 20.00, 4.63, 6.67, 2.52, 0.00, 0.00, 0.00, 0.00, 90.00, 0, 0
2.00, 5.70, 12.53, 12.53, -925.96, 20.00, 4.63, 6.67, 2.52, 0.00, 0.00, 0.00, 0.00, 90.00, 0, 0
2.00, 5.70, 12.36, 12.36, -944.29, 20.00, 4.63, 6.67, 2.52, 0.00, 0.00, 0.00, 0.00, 90.00, 0, 0
2.00, 5.70, 12.15, 12.15, -970.39, 20.00, 4.63, 6.11, 2.02, 0.00, 0.00, 0.00, 0.00, 90.00, 0, 0
2.00, 5.70, 11.99, 11.99, -985.91, 20.00, 4.63, 6.67, 2.52, 0.00, 0.00, 0.00, 0.00, 90.00, 0, 0
2.00, 5.70, 11.82, 11.82, -1003.57, 20.00, 4.63, 6.67, 2.52, 0.00, 0.00, 0.00, 0.00, 90.00, 0, 0
2.00, 5.70, 11.68, 11.68, -1014.31, 20.00, 4.63, 7.22, 3.01, 0.00, 0.00, 0.00, 0.00, 90.00, 0, 0
2.00, 5.70, 11.53, 11.53, -1027.76, 20.00, 4.63, 7.22, 3.11, 0.00, 0.00, 0.00, 0.00, 90.00, 0, 0
2.00, 5.70, 11.38, 11.38, -1041.05, 20.00, 4.63, 7.22, 3.11, 0.00, 0.00, 0.00, 0.00, 90.00, 0, 0
2.00, 5.70, 11.27, 11.27, -1046.53, 20.00, 4.63, 7.78, 3.71, 0.00, 0.00, 0.00, 0.00, 90.00, 0, 0
2.00, 5.70, 11.19, 11.19, -1045.96, 20.00, 4.63, 7.78, 3.81, 0.00, 0.00, 0.00, 0.00, 90.00, 0, 0
2.00, 5.70, 11.08, 11.08, -1053.12, 20.00, 4.63, 7.78, 3.81, 0.00, 0.00, 0.00, 0.00, 90.00, 0, 0
2.00, 5.70, 11.26, 11.26, -1001.03, 20.00, 4.63, 8.89, 4.91, 4.63, 22.65, 10.79, -50.24, 82.66, 0, 0
2.00, 5.70, 11.61, 11.61, -917.61, 20.00, 4.63, 10.56, 6.51, 8.67, 49.58, 15.70, -38.80, 74.68, 0, 0
2.00, 5.70, 11.99, 11.99, -837.36, 20.00, 4.63, 11.67, 7.62, 11.23, 70.24, 26.79, -25.79, 68.60, 0, 0
2.00, 5.70, 12.38, 12.38, -762.31, 20.00, 4.63, 12.22, 8.22, 19.57, 86.43, 39.01, -11.35, 64.97, 0, 0
2.00, 5.70, 13.08, 13.08, -625.84, 20.00, 4.63, 13.89, 9.83, 104.26, 102.58, 51.42, 3.87, 64.22, 0, 0
2.00, 5.70, 13.06, 13.06, -653.83, 20.00, 4.63, 13.89, 9.93, 29.34, 80.81, 63.71, 18.81, 66.47, 0, 0
2.00, 5.70, 13.03, 13.03, -675.49, 20.00, 4.63, 13.89, 9.93, 8.58, 61.82, 75.68, 32.58, 71.41, 0, 0
2.00, 5.70, 13.03, 13.03, -685.72, 20.00, 4.63, 13.89, 9.93, 6.32, 47.80, 87.14, 44.78, 78.52, 0, 0
2.00, 5.70, 12.80, 12.80, -742.94, 20.00, 4.63, 13.33, 9.33, 0.00, 13.76, 0.00, 55.50, 87.26, 0, 0
2.00, 5.70, 12.65, 12.65, -775.55, 20.00, 4.63, 12.78, 8.73, 0.00, 0.00, 0.00, 0.00, 90.00, 0, 0
2.00, 5.70, 12.60, 12.60, -783.69, 20.00, 4.63, 12.22, 8.22, 0.00, 0.00, 0.00, 0.00, 90.00, 0, 0
2.00, 5.70, 12.57, 12.57, -789.55, 20.00, 4.63, 11.67, 7.62, 0.00, 0.00, 0.00, 0.00, 90.00, 0, 0
2.00, 5.70, 12.52, 12.52, -796.79, 20.00, 4.63, 11.11, 7.12, 0.00, 0.00, 0.00, 0.00, 90.00, 0, 0
2.00, 5.70, 12.46, 12.46, -806.99, 20.00, 4.63, 10.56, 6.51, 0.00, 0.00, 0.00, 0.00, 90.00, 0, 0
2.00, 5.70, 12.38, 12.38, -821.32, 20.00, 4.63, 10.00, 5.91, 0.00, 0.00, 0.00, 0.00, 90.00, 0, 0
2.00, 5.70, 12.28, 12.28, -838.43, 20.00, 4.63, 9.44, 5.41, 0.00, 0.00, 0.00, 0.00, 90.00, 0, 0
2.00, 5.70, 12.16, 12.16, -857.77, 20.00, 4.63, 8.89, 4.81, 0.00, 0.00, 0.00, 0.00, 90.00, 0, 0
2.00, 5.70, 12.00, 12.00, -885.63, 20.00, 4.63, 7.78, 3.71, 0.00, 0.00, 0.00, 0.00, 90.00, 0, 0
2.00, 5.70, 11.84, 11.84, -911.36, 20.00, 4.63, 7.22, 3.11, 0.00, 0.00, 0.00, 0.00, 90.00, 0, 0
2.00, 5.70, 11.66, 11.66, -937.61, 20.00, 4.63, 6.67, 2.52, 0.00, 0.00, 0.00, 0.00, 90.00, 0, 0
2.00, 5.70, 11.45, 11.45, -971.45, 20.00, 4.63, 5.56, 1.42, 0.00, 0.00, 0.00, 0.00, 90.00, 0, 0
2.00, 5.70, 11.23, 11.23, -1002.72, 20.00, 4.63, 5.00, 0.82, 0.00, 0.00, 0.00, 0.00, 90.00, 0, 0
2.00, 5.70, 11.03, 11.03, -1029.91, 20.00, 4.63, 3.89, -0.27, 0.00, 0.00, 0.00, 0.00, 90.00, 0, 0
2.00, 5.70, 10.82, 10.82, -1056.98, 20.00, 4.63, 3.89, -0.27, 0.00, 0.00, 0.00, 0.00, 90.00, 0, 0
2.00, 5.70, 10.93, 10.93, -1017.78, 20.00, 4.63, 5.00, 0.82, 20.77, 20.13, 10.82, -50.33, 82.72, 0, 0
2.00, 5.70, 10.88, 10.88, -1016.27, 20.00, 4.63, 5.56, 1.42, 5.77, 25.41, 15.64, -38.90, 74.73, 0, 0
2.00, 5.70, 11.08, 11.08, -964.91, 20.00, 4.63, 6.11, 2.02, 0.00, 55.06, 26.70, -25.90, 68.62, 0, 0
2.00, 5.70, 11.50, 11.50, -872.04, 20.00, 4.63, 7.22, 3.11, 24.50, 87.01, 38.92, -11.46, 64.97, 0, 0
2.00, 5.70, 12.05, 12.05, -760.92, 20.00, 4.63, 8.33, 4.21, 92.65, 105.49, 51.33, 3.75, 64.20, 0, 0
2.00, 5.70, 12.36, 12.36, -708.94, 20.00, 4.63, 9.44, 5.31, 124.75, 96.14, 63.62, 18.70, 66.42, 0, 0
2.00, 5.70, 12.19, 12.19, -761.37, 20.00, 4.63, 10.00, 5.81, 41.58, 72.72, 75.60, 32.48, 71.35, 0, 0
2.00, 5.70, 11.82, 11.82, -846.92, 20.00, 4.63, 9.44, 5.31, 1.72, 38.14, 87.06, 44.70, 78.45, 0, 0
2.00, 5.70, 11.42, 11.42, -927.85, 20.00, 4.63, 8.33, 4.21, 0.00, 7.65, 0.00, 55.43, 87.17, 0, 0
2.00, 5.70, 11.20, 11.20, -966.20, 20.00, 4.63, 7.78, 3.61, 0.00, 0.00, 0.00, 0.00, 90.00, 0, 0
2.00, 5.70, 11.05, 11.05, -985.11, 20.00, 4.63, 7.22, 3.01, 0.00, 0.00, 0.00, 0.00, 90.00, 0, 0
2.00, 5.70, 10.92, 10.92, -1001.63, 20.00, 4.63, 6.67, 2.41, 0.00, 0.00, 0.00, 0.00, 90.00, 0, 0
2.00, 5.70, 10.77, 10.77, -1019.23, 20.00, 4.63, 6.11, 1.92, 0.00, 0.00, 0.00, 0.00, 90.00, 0, 0
2.00, 5.70, 10.62, 10.62, -1039.21, 20.00, 4.63, 5.56, 1.32, 0.00, 0.00, 0.00, 0.00, 90.00, 0, 0
2.00, 5.70, 10.44, 10.44, -1064.04, 20.00, 4.63, 5.00, 0.72, 0.00, 0.00, 0.00, 0.00, 90.00, 0, 0
2.00, 5.70, 10.24, 10.24, -1090.84, 20.00, 4.63, 4.44, 0.12, 0.00, 0.00, 0.00, 0.00, 90.00, 0, 0
2.00, 5.70, 10.04, 10.04, -1118.77, 20.00, 4.63, 3.89, -0.48, 0.00, 0.00, 0.00, 0.00, 90.00, 0, 0
2.00, 5.70, 9.82, 9.82, -1147.43, 20.00, 4.63, 3.33, -0.97, 0.00, 0.00, 0.00, 0.00, 90.00, 0, 0
2.00, 5.70, 9.59, 9.59, -1177.13, 20.00, 4.63, 2.78, -1.56, 0.00, 0.00, 0.00, 0.00, 90.00, 0, 0
2.00, 5.70, 9.35, 9.35, -1207.70, 20.00, 4.63, 2.22, -2.16, 0.00, 0.00, 0.00, 0.00, 90.00, 0, 0
2.00, 5.70, 9.10, 9.10, -1239.01, 20.00, 4.63, 1.67, -2.75, 0.00, 0.00, 0.00, 0.00, 90.00, 0, 0
2.00, 5.70, 8.85, 8.85, -1270.98, 20.00, 4.63, 1.11, -3.34, 0.00, 0.00, 0.00, 0.00, 90.00, 0, 0
2.00, 5.70, 8.63, 8.63, -1293.85, 20.00, 4.63, 0.00, -4.42, 0.00, 0.00, 0.00, 0.00, 90.00, 0, 0
2.00, 5.70, 8.39, 8.39, -1321.64, 20.00, 4.63, 0.00, -4.42, 0.00, 0.00, 0.00, 0.00, 90.00, 0, 0
2.00, 5.70, 8.79, 8.79, -1213.74, 20.00, 4.63, 1.67, -2.75, 108.21, 25.48, 10.85, -50.42, 82.78, 0, 0
2.00, 5.70, 10.25, 10.25, -897.62, 20.00, 4.63, 4.44, 0.01, 440.68, 66.50, 15.58, -39.01, 74.77, 0, 0
2.00, 5.70, 11.41, 11.41, -675.17, 20.00, 4.63, 6.67, 2.30, 618.71, 76.73, 26.62, -26.02, 68.65, 0, 0
2.00, 5.70, 11.85, 11.85, -621.27, 20.00, 4.63, 8.89, 4.48, 490.50, 86.96, 38.83, -11.58, 64.97, 0, 0
2.00, 5.70, 12.16, 12.16, -592.97, 20.00, 4.63, 10.00, 5.58, 379.19, 95.72, 51.24, 3.63, 64.18, 0, 0
2.00, 5.70, 12.05, 12.05, -649.14, 20.00, 4.63, 10.56, 6.19, 192.61, 92.81, 63.53, 18.59, 66.38, 0, 0
2.00, 5.70, 11.93, 11.93, -697.42, 20.00, 4.63, 10.56, 6.19, 118.34, 74.41, 75.52, 32.39, 71.28, 0, 0
2.00, 5.70, 11.51, 11.51, -801.50, 20.00, 4.63, 10.00, 5.58, 17.06, 42.85, 86.98, 44.62, 78.37, 0, 0
2.00, 5.70, 11.14, 11.14, -882.45, 20.00, 4.63, 8.33, 3.87, 0.00, 15.29, 0.00, 55.36, 87.09, 0, 0
2.00, 5.70, 10.87, 10.87, -935.80, 20.00, 4.63, 7.22, 2.78, 0.00, 0.00, 0.00, 0.00, 90.00, 0, 0
2.00, 5.70, 10.75, 10.75, -952.49, 20.00, 4.63, 6.67, 2.30, 0.00, 0.00, 0.00, 0.00, 90.00, 0, 0
2.00, 5.70, 10.66, 10.66, -965.37, 20.00, 4.63, 6.11, 1.69, 0.00, 0.00, 0.00, 0.00, 90.00, 0, 0
2.00, 5.70, 10.54, 10.54, -981.81, 20.00, 4.63, 5.56, 1.09, 0.00, 0.00, 0.00, 0.00, 90.00, 0, 0
2.00, 5.70, 10.41, 10.41, -1003.31, 20.00, 4.63, 5.00, 0.49, 0.00, 0.00, 0.00, 0.00, 90.00, 0, 0
2.00, 5.70, 10.23, 10.23, -1031.32, 20.00, 4.63, 4.44, 0.01, 0.00, 0.00, 0.00, 0.00, 90.00, 0, 0
2.00, 5.70, 10.03, 10.03, -1062.67, 20.00, 4.63, 3.89, -0.59, 0.00, 0.00, 0.00, 0.00, 90.00, 0, 0
2.00, 5.70, 9.82, 9.82, -1095.86, 20.00, 4.63, 3.33, -1.19, 0.00, 0.00, 0.00, 0.00, 90.00, 0, 0
2.00, 5.70, 9.59, 9.59, -1130.30, 20.00, 4.63, 2.78, -1.78, 0.00, 0.00, 0.00, 0.00, 90.00, 0, 0
2.00, 5.70, 9.34, 9.34, -1165.55, 20.00, 4.63, 2.22, -2.38, 0.00, 0.00, 0.00, 0.00, 90.00, 0, 0
2.00, 5.70, 9.09, 9.09, -1201.04, 20.00, 4.63, 1.67, -2.86, 0.00, 0.00, 0.00, 0.00, 90.00, 0, 0
2.00, 5.70, 8.80, 8.80, -1243.56, 20.00, 4.63, 0.56, -3.94, 0.00, 0.00, 0.00, 0.00, 90.00, 0, 0
2.00, 5.70, 8.51, 8.51, -1282.58, 20.00, 4.63, 0.00, -4.54, 0.00, 0.00, 0.00, 0.00, 90.00, 0, 0
2.00, 5.70, 8.29, 8.29, -1304.43, 20.00, 4.63, -0.56, -5.14, 0.00, 0.00, 0.00, 0.00, 90.00, 0, 0
2.00, 5.70, 8.04, 8.04, -1334.50, 20.00, 4.63, -0.56, -5.14, 0.00, 0.00, 0.00, 0.00, 90.00, 0, 0
2.00, 5.70, 8.57, 8.57, -1201.43, 20.00, 4.63, 0.56, -3.94, 167.64, 24.93, 10.90, -50.52, 82.82, 0, 0
2.00, 5.70, 9.71, 9.71, -954.98, 20.00, 4.63, 2.78, -1.78, 439.93, 51.30, 15.52, -39.11, 74.80, 0, 0
2.00, 5.70, 10.50, 10.50, -806.00, 20.00, 4.63, 4.44, -0.10, 498.12, 72.95, 26.54, -26.14, 68.66, 0, 0
2.00, 5.70, 11.04, 11.04, -721.79, 20.00, 4.63, 6.11, 1.58, 434.60, 94.81, 38.75, -11.71, 64.96, 0, 0
2.00, 5.70, 10.83, 10.83, -795.92, 20.00, 4.63, 6.67, 2.18, 176.09, 103.23, 51.16, 3.52, 64.15, 0, 0
2.00, 5.70, 10.87, 10.87, -805.60, 20.00, 4.63, 7.22, 2.78, 149.45, 91.37, 63.45, 18.49, 66.33, 0, 0
2.00, 5.70, 10.69, 10.69, -856.76, 20.00, 4.63, 7.22, 2.78, 91.20, 70.05, 75.44, 32.30, 71.21, 0, 0
2.00, 5.70, 10.25, 10.25, -957.36, 20.00, 4.63, 6.11, 1.69, 11.93, 41.73, 86.91, 44.54, 78.29, 0, 0
2.00, 5.70, 9.84, 9.84, -1039.62, 20.00, 4.63, 5.00, 0.60, 0.00, 13.76, 0.00, 55.30, 87.00, 0, 0
2.00, 5.70, 9.55, 9.55, -1090.79, 20.00, 4.63, 4.44, 0.01, 0.00, 0.00, 0.00, 0.00, 90.00, 0, 0
2.00, 5.70, 9.39, 9.39, -1112.70, 20.00, 4.63, 3.89, -0.48, 0.00, 0.00, 0.00, 0.00, 90.00, 0, 0
2.00, 5.70, 9.26, 9.26, -1125.33, 20.00, 4.63, 3.89, -0.59, 0.00, 0.00, 0.00, 0.00, 90.00, 0, 0
2.00, 5.70, 9.12, 9.12, -1144.07, 20.00, 4.63, 3.33, -1.08, 0.00, 0.00, 0.00, 0.00, 90.00, 0, 0
2.00, 5.70, 8.94, 8.94, -1167.43, 20.00, 4.63, 2.78, -1.67, 0.00, 0.00, 0.00, 0.00, 90.00, 0, 0
2.00, 5.70, 8.77, 8.77, -1190.65, 20.00, 4.63, 2.78, -1.67, 0.00, 0.00, 0.00, 0.00, 90.00, 0, 0
2.00, 5.70, 8.56, 8.56, -1219.84, 20.00, 4.63, 2.22, -2.26, 0.00, 0.00, 0.00, 0.00, 90.00, 0, 0
2.00, 5.70, 8.34, 8.34, -1250.68, 20.00, 4.63, 1.67, -2.75, 0.00, 0.00, 0.00, 0.00, 90.00, 0, 0
2.00, 5.70, 8.13, 8.13, -1276.11, 20.00, 4.63, 1.67, -2.86, 0.00, 0.00, 0.00, 0.00, 90.00, 0, 0
2.00, 5.70, 7.94, 7.94, -1299.06, 20.00, 4.63, 1.67, -2.86, 0.00, 0.00, 0.00, 0.00, 90.00, 0, 0
2.00, 5.70, 7.72, 7.72, -1326.98, 20.00, 4.63, 1.11, -3.34, 0.00, 0.00, 0.00, 0.00, 90.00, 0, 0
2.00, 5.70, 7.51, 7.51, -1349.85, 20.00, 4.63, 1.11, -3.34, 0.00, 0.00, 0.00, 0.00, 90.00, 0, 0
2.00, 5.70, 7.32, 7.32, -1370.50, 20.00, 4.63, 1.11, -3.34, 0.00, 0.00, 0.00, 0.00, 90.00, 0, 0
2.00, 5.70, 7.19, 7.19, -1378.22, 20.00, 4.63, 0.56, -3.83, 0.00, 0.00, 0.00, 0.00, 90.00, 0, 0
2.00, 5.70, 7.00, 7.00, -1397.56, 20.00, 4.63, 0.56, -3.83, 0.00, 0.00, 0.00, 0.00, 90.00, 0, 0
2.00, 5.70, 7.16, 7.16, -1343.64, 20.00, 4.63, 1.67, -2.75, 36.64, 19.18, 10.95, -50.63, 82.87, 0, 0
2.00, 5.70, 8.08, 8.08, -1139.78, 20.00, 4.63, 3.33, -1.08, 223.88, 56.60, 15.47, -39.23, 74.83, 0, 0
2.00, 5.70, 8.65, 8.65, -1028.50, 20.00, 4.63, 5.56, 1.21, 183.04, 91.20, 26.47, -26.25, 68.67, 0, 0
2.00, 5.70, 8.93, 8.93, -987.28, 20.00, 4.63, 6.67, 2.30, 95.87, 106.86, 38.67, -11.83, 64.95, 0, 0
2.00, 5.70, 9.05, 9.05, -977.60, 20.00, 4.63, 7.22, 2.90, 51.53, 101.95, 51.07, 3.40, 64.11, 0, 0
2.00, 5.70, 9.30, 9.30, -941.44, 20.00, 4.63, 7.78, 3.50, 77.76, 94.43, 63.37, 18.39, 66.27, 0, 0
2.00, 5.70, 9.43, 9.43, -928.93, 20.00, 4.63, 7.78, 3.50, 90.86, 79.43, 75.37, 32.21, 71.14, 0, 0
2.00, 5.70, 9.06, 9.06, -1021.71, 20.00, 4.63, 7.22, 2.90, 8.37, 43.65, 86.84, 44.48, 78.20, 0, 0
2.00, 5.70, 8.71, 8.71, -1098.88, 20.00, 4.63, 6.67, 2.30, 0.00, 9.18, 0.00, 55.25, 86.90, 0, 0
2.00, 5.70, 8.52, 8.52, -1133.16, 20.00, 4.63, 6.11, 1.81, 0.00, 0.00, 0.00, 0.00, 90.00, 0, 0
2.00, 5.70, 8.43, 8.43, -1145.22, 20.00, 4.63, 5.56, 1.32, 0.00, 0.00, 0.00, 0.00, 90.00, 0, 0
2.00, 5.70, 8.39, 8.39, -1148.36, 20.00, 4.63, 5.56, 1.32, 0.00, 0.00, 0.00, 0.00, 90.00, 0, 0
2.00, 5.70, 8.34, 8.34, -1151.38, 20.00, 4.63, 5.56, 1.21, 0.00, 0.00, 0.00, 0.00, 90.00, 0, 0
2.00, 5.70, 8.27, 8.27, -1162.30, 20.00, 4.63, 5.00, 0.72, 0.00, 0.00, 0.00, 0.00, 90.00, 0, 0
2.00, 5.70, 8.18, 8.18, -1174.25, 20.00, 4.63, 5.00, 0.72, 0.00, 0.00, 0.00, 0.00, 90.00, 0, 0
2.00, 5.70, 8.09, 8.09, -1185.99, 20.00, 4.63, 5.00, 0.72, 0.00, 0.00, 0.00, 0.00, 90.00, 0, 0
2.00, 5.70, 7.97, 7.97, -1204.07, 20.00, 4.63, 4.44, 0.12, 0.00, 0.00, 0.00, 0.00, 90.00, 0, 0
2.00, 5.70, 7.87, 7.87, -1217.83, 20.00, 4.63, 4.44, 0.12, 0.00, 0.00, 0.00, 0.00, 90.00, 0, 0
2.00, 5.70, 7.74, 7.74, -1236.62, 20.00, 4.63, 3.89, -0.37, 0.00, 0.00, 0.00, 0.00, 90.00, 0, 0
2.00, 5.70, 7.63, 7.63, -1250.66, 20.00, 4.63, 3.89, -0.37, 0.00, 0.00, 0.00, 0.00, 90.00, 0, 0
2.00, 5.70, 7.52, 7.52, -1263.39, 20.00, 4.63, 3.89, -0.48, 0.00, 0.00, 0.00, 0.00, 90.00, 0, 0
2.00, 5.70, 7.38, 7.38, -1281.61, 20.00, 4.63, 3.33, -0.97, 0.00, 0.00, 0.00, 0.00, 90.00, 0, 0
2.00, 5.70, 7.34, 7.34, -1278.31, 20.00, 4.63, 3.33, -0.97, 0.00, 0.00, 0.00, 0.00, 90.00, 0, 0
2.00, 5.70, 7.24, 7.24, -1289.51, 20.00, 4.63, 3.33, -0.97, 0.00, 0.00, 0.00, 0.00, 90.00, 0, 0
2.00, 5.70, 8.13, 8.13, -1093.20, 20.00, 4.63, 5.00, 0.72, 207.81, 33.26, 11.01, -50.74, 82.90, 0, 0
2.00, 5.70, 8.26, 8.26, -1076.50, 20.00, 4.63, 6.11, 1.92, 83.08, 55.72, 15.43, -39.34, 74.85, 0, 0
2.00, 5.70, 8.76, 8.76, -981.02, 20.00, 4.63, 7.22, 3.01, 95.81, 82.46, 26.39, -26.38, 68.67, 0, 0
2.00, 5.70, 8.99, 8.99, -950.75, 20.00, 4.63, 7.78, 3.61, 39.37, 93.32, 38.59, -11.95, 64.93, 0, 0
2.00, 5.70, 9.16, 9.16, -933.73, 20.00, 4.63, 8.33, 4.11, 15.88, 90.89, 51.00, 3.28, 64.06, 0, 0
2.00, 5.70, 9.29, 9.29, -922.40, 20.00, 4.63, 8.89, 4.60, 9.92, 82.47, 63.30, 18.29, 66.20, 0, 0
2.00, 5.70, 8.98, 8.98, -1002.00, 20.00, 4.63, 8.33, 4.11, 1.60, 34.45, 75.29, 32.13, 71.05, 0, 0
2.00, 5.70, 8.72, 8.72, -1061.01, 20.00, 4.63, 7.22, 3.01, 0.00, 12.23, 86.78, 44.41, 78.11, 0, 0
2.00, 5.70, 8.56, 8.56, -1095.11, 20.00, 4.63, 6.67, 2.41, 0.00, 3.06, 0.00, 55.19, 86.80, 0, 0
2.00, 5.70, 8.45, 8.45, -1115.76, 20.00, 4.63, 6.11, 1.92, 0.00, 0.00, 0.00, 0.00, 90.00, 0, 0
2.00, 5.70, 8.39, 8.39, -1123.74, 20.00, 4.63, 6.11, 1.81, 0.00, 0.00, 0.00, 0.00, 90.00, 0, 0
2.00, 5.70, 8.31, 8.31, -1135.92, 20.00, 4.63, 5.56, 1.32, 0.00, 0.00, 0.00, 0.00, 90.00, 0, 0
2.00, 5.70, 8.22, 8.22, -1151.03, 20.00, 4.63, 5.00, 0.72, 0.00, 0.00, 0.00, 0.00, 90.00, 0, 0
2.00, 5.70, 8.14, 8.14, -1161.79, 20.00, 4.63, 5.00, 0.72, 0.00, 0.00, 0.00, 0.00, 90.00, 0, 0
2.00, 5.70, 8.02, 8.02, -1181.83, 20.00, 4.63, 4.44, 0.12, 0.00, 0.00, 0.00, 0.00, 90.00, 0, 0
2.00, 5.70, 7.91, 7.91, -1197.43, 20.00, 4.63, 4.44, 0.12, 0.00, 0.00, 0.00, 0.00, 90.00, 0, 0
2.00, 5.70, 7.74, 7.74, -1224.65, 20.00, 4.63, 3.33, -0.97, 0.00, 0.00, 0.00, 0.00, 90.00, 0, 0
2.00, 5.70, 7.58, 7.58, -1249.93, 20.00, 4.63, 2.78, -1.56, 0.00, 0.00, 0.00, 0.00, 90.00, 0, 0
2.00, 5.70, 7.41, 7.41, -1275.09, 20.00, 4.63, 2.22, -2.05, 0.00, 0.00, 0.00, 0.00, 90.00, 0, 0
2.00, 5.70, 7.26, 7.26, -1294.35, 20.00, 4.63, 2.22, -2.16, 0.00, 0.00, 0.00, 0.00, 90.00, 0, 0
2.00, 5.70, 7.08, 7.08, -1318.37, 20.00, 4.63, 1.67, -2.75, 0.00, 0.00, 0.00, 0.00, 90.00, 0, 0
2.00, 5.70, 6.89, 6.89, -1344.33, 20.00, 4.63, 1.11, -3.34, 0.00, 0.00, 0.00, 0.00, 90.00, 0, 0
2.00, 5.70, 6.79, 6.79, -1352.33, 20.00, 4.63, 0.56, -3.83, 0.00, 0.00, 0.00, 0.00, 90.00, 0, 0
2.00, 5.70, 6.59, 6.59, -1378.69, 20.00, 4.63, 0.00, -4.32, 0.00, 0.00, 0.00, 0.00, 90.00, 0, 0
2.00, 5.70, 7.70, 7.70, -1132.03, 20.00, 4.63, 2.22, -2.16, 325.59, 24.60, 11.07, -50.85, 82.94, 0, 0
2.00, 5.70, 8.79, 8.79, -915.28, 20.00, 4.63, 4.44, 0.12, 497.47, 51.45, 15.39, -39.46, 74.87, 0, 0
2.00, 5.70, 9.87, 9.87, -719.51, 20.00, 4.63, 6.67, 2.30, 608.99, 70.80, 26.33, -26.50, 68.67, 0, 0
2.00, 5.70, 10.73, 10.73, -582.73, 20.00, 4.63, 8.89, 4.60, 598.57, 89.16, 38.51, -12.08, 64.90, 0, 0
2.00, 5.70, 11.20, 11.20, -536.59, 20.00, 4.63, 10.56, 6.19, 511.08, 86.11, 50.92, 3.17, 64.01, 0, 0
2.00, 5.70, 11.34, 11.34, -554.31, 20.00, 4.63, 11.67, 7.29, 351.01, 83.49, 63.23, 18.19, 66.13, 0, 0
2.00, 5.70, 11.12, 11.12, -641.34, 20.00, 4.63, 11.67, 7.29, 152.82, 72.64, 75.23, 32.05, 70.97, 0, 0
2.00, 5.70, 10.71, 10.71, -754.03, 20.00, 4.63, 10.56, 6.30, 20.23, 48.52, 86.72, 44.35, 78.01, 0, 0
2.00, 5.70, 10.38, 10.38, -838.02, 20.00, 4.63, 8.89, 4.60, 0.00, 19.88, 0.00, 55.15, 86.69, 0, 0
2.00, 5.70, 10.16, 10.16, -889.26, 20.00, 4.63, 8.33, 3.99, 0.00, 0.00, 0.00, 0.00, 90.00, 0, 0
2.00, 5.70, 10.12, 10.12, -900.29, 20.00, 4.63, 7.78, 3.50, 0.00, 0.00, 0.00, 0.00, 90.00, 0, 0
2.00, 5.70, 10.09, 10.09, -908.71, 20.00, 4.63, 7.22, 2.90, 0.00, 0.00, 0.00, 0.00, 90.00, 0, 0
2.00, 5.70, 10.07, 10.07, -915.65, 20.00, 4.63, 7.22, 2.78, 0.00, 0.00, 0.00, 0.00, 90.00, 0, 0
2.00, 5.70, 10.00, 10.00, -932.06, 20.00, 4.63, 6.67, 2.30, 0.00, 0.00, 0.00, 0.00, 90.00, 0, 0
2.00, 5.70, 9.89, 9.89, -956.44, 20.00, 4.63, 6.11, 1.81, 0.00, 0.00, 0.00, 0.00, 90.00, 0, 0
2.00, 5.70, 9.75, 9.75, -985.00, 20.00, 4.63, 5.56, 1.21, 0.00, 0.00, 0.00, 0.00, 90.00, 0, 0
2.00, 5.70, 9.59, 9.59, -1015.70, 20.00, 4.63, 5.00, 0.60, 0.00, 0.00, 0.00, 0.00, 90.00, 0, 0
2.00, 5.70, 9.42, 9.42, -1047.44, 20.00, 4.63, 4.44, 0.12, 0.00, 0.00, 0.00, 0.00, 90.00, 0, 0
2.00, 5.70, 9.23, 9.23, -1080.21, 20.00, 4.63, 3.89, -0.48, 0.00, 0.00, 0.00, 0.00, 90.00, 0, 0
2.00, 5.70, 9.06, 9.06, -1106.88, 20.00, 4.63, 3.89, -0.48, 0.00, 0.00, 0.00, 0.00, 90.00, 0, 0
2.00, 5.70, 8.86, 8.86, -1138.00, 20.00, 4.63, 3.33, -1.08, 0.00, 0.00, 0.00, 0.00, 90.00, 0, 0
2.00, 5.70, 8.65, 8.65, -1170.54, 20.00, 4.63, 2.78, -1.67, 0.00, 0.00, 0.00, 0.00, 90.00, 0, 0
2.00, 5.70, 8.51, 8.51, -1188.67, 20.00, 4.63, 2.22, -2.16, 0.00, 0.00, 0.00, 0.00, 90.00, 0, 0
2.00, 5.70, 8.32, 8.32, -1214.03, 20.00, 4.63, 2.22, -2.16, 0.00, 0.00, 0.00, 0.00, 90.00, 0, 0
2.00, 5.70, 9.32, 9.32, -991.45, 20.00, 4.63, 3.89, -0.48, 299.61, 24.66, 11.15, -50.96, 82.96, 0, 0
2.00, 5.70, 10.71, 10.71, -710.50, 20.00, 4.63, 6.67, 2.30, 576.32, 52.46, 15.36, -39.58, 74.88, 0, 0
2.00, 5.70, 11.62, 11.62, -557.78, 20.00, 4.63, 8.89, 4.60, 595.21, 72.80, 26.26, -26.63, 68.65, 0, 0
2.00, 5.70, 12.21, 12.21, -479.24, 20.00, 4.63, 10.56, 6.30, 537.50, 81.06, 38.44, -12.20, 64.86, 0, 0
2.00, 5.70, 12.51, 12.51, -462.86, 20.00, 4.63, 11.67, 7.41, 418.26, 84.56, 50.85, 3.05, 63.95, 0, 0
2.00, 5.70, 12.59, 12.59, -486.74, 20.00, 4.63, 12.78, 8.51, 282.04, 79.48, 63.16, 18.09, 66.05, 0, 0
2.00, 5.70, 12.49, 12.49, -542.86, 20.00, 4.63, 12.78, 8.51, 146.99, 70.66, 75.17, 31.98, 70.87, 0, 0
2.00, 5.70, 12.07, 12.07, -656.45, 20.00, 4.63, 11.67, 7.41, 18.06, 44.81, 86.67, 44.29, 77.90, 0, 0
2.00, 5.70, 11.74, 11.74, -738.11, 20.00, 4.63, 10.56, 6.30, 0.00, 15.29, 0.00, 55.11, 86.58, 0, 0
2.00, 5.70, 11.51, 11.51, -790.75, 20.00, 4.63, 9.44, 5.20, 0.00, 0.00, 0.00, 0.00, 90.00, 0, 0
2.00, 5.70, 11.44, 11.44, -805.98, 20.00, 4.63, 8.89, 4.71, 0.00, 0.00, 0.00, 0.00, 90.00, 0, 0
2.00, 5.70, 11.42, 11.42, -811.59, 20.00, 4.63, 8.89, 4.60, 0.00, 0.00, 0.00, 0.00, 90.00, 0, 0
2.00, 5.70, 11.36, 11.36, -824.78, 20.00, 4.63, 8.33, 4.11, 0.00, 0.00, 0.00, 0.00, 90.00, 0, 0
2.00, 5.70, 11.27, 11.27, -844.00, 20.00, 4.63, 7.78, 3.50, 0.00, 0.00, 0.00, 0.00, 90.00, 0, 0
2.00, 5.70, 11.18, 11.18, -862.48, 20.00, 4.63, 7.78, 3.50, 0.00, 0.00, 0.00, 0.00, 90.00, 0, 0
2.00, 5.70, 11.05, 11.05, -888.27, 20.00, 4.63, 7.22, 3.01, 0.00, 0.00, 0.00, 0.00, 90.00, 0, 0
2.00, 5.70, 10.90, 10.90, -917.20, 20.00, 4.63, 6.67, 2.41, 0.00, 0.00, 0.00, 0.00, 90.00, 0, 0
2.00, 5.70, 10.73, 10.73, -947.90, 20.00, 4.63, 6.11, 1.81, 0.00, 0.00, 0.00, 0.00, 90.00, 0, 0
2.00, 5.70, 10.58, 10.58, -972.69, 20.00, 4.63, 6.11, 1.81, 0.00, 0.00, 0.00, 0.00, 90.00, 0, 0
2.00, 5.70, 10.40, 10.40, -1001.73, 20.00, 4.63, 5.56, 1.32, 0.00, 0.00, 0.00, 0.00, 90.00, 0, 0
2.00, 5.70, 10.21, 10.21, -1032.41, 20.00, 4.63, 5.00, 0.72, 0.00, 0.00, 0.00, 0.00, 90.00, 0, 0
2.00, 5.70, 10.04, 10.04, -1057.07, 20.00, 4.63, 5.00, 0.72, 0.00, 0.00, 0.00, 0.00, 90.00, 0, 0
2.00, 5.70, 9.90, 9.90, -1074.80, 20.00, 4.63, 4.44, 0.23, 0.00, 0.00, 0.00, 0.00, 90.00, 0, 0
2.00, 5.70, 9.76, 9.76, -1091.44, 20.00, 4.63, 4.44, 0.23, 0.00, 3.06, 0.00, 0.00, 90.00, 0, 0
2.00, 5.70, 10.43, 10.43, -938.91, 20.00, 4.63, 6.11, 1.92, 176.47, 27.53, 11.23, -51.08, 82.98, 0, 0
2.00, 5.70, 11.37, 11.37, -746.16, 20.00, 4.63, 8.33, 4.11, 338.77, 53.84, 15.33, -39.71, 74.88, 0, 0
2.00, 5.70, 12.58, 12.58, -515.48, 20.00, 4.63, 10.56, 6.30, 533.41, 72.56, 26.20, -26.76, 68.64, 0, 0
2.00, 5.70, 13.46, 13.46, -373.97, 20.00, 4.63, 12.78, 8.51, 570.07, 79.28, 38.38, -12.33, 64.82, 0, 0
2.00, 5.70, 13.80, 13.80, -351.09, 20.00, 4.63, 14.44, 10.23, 386.95, 95.28, 50.78, 2.94, 63.89, 0, 0
2.00, 5.70, 14.15, 14.15, -322.83, 20.00, 4.63, 15.56, 11.34, 298.37, 98.62, 63.09, 18.00, 65.96, 0, 0
2.00, 5.70, 14.07, 14.07, -382.23, 20.00, 4.63, 15.56, 11.34, 188.91, 71.34, 75.11, 31.90, 70.77, 0, 0
2.00, 5.70, 13.63, 13.63, -506.03, 20.00, 4.63, 15.00, 10.84, 28.41, 41.68, 86.62, 44.24, 77.79, 0, 0
2.00, 5.70, 13.39, 13.39, -571.67, 20.00, 4.63, 13.33, 9.12, 0.00, 24.47, 0.00, 55.07, 86.46, 0, 0
2.00, 5.70, 13.18, 13.18, -625.82, 20.00, 4.63, 12.78, 8.51, 0.00, 1.53, 0.00, 0.00, 90.00, 0, 0
2.00, 5.70, 13.12, 13.12, -643.72, 20.00, 4.63, 11.67, 7.41, 0.00, 0.00, 0.00, 0.00, 90.00, 0, 0
2.00, 5.70, 13.10, 13.10, -651.42, 20.00, 4.63, 11.11, 6.91, 0.00, 0.00, 0.00, 0.00, 90.00, 0, 0
2.00, 5.70, 13.07, 13.07, -662.90, 20.00, 4.63, 10.56, 6.30, 0.00, 0.00, 0.00, 0.00, 90.00, 0, 0
2.00, 5.70, 13.00, 13.00, -680.47, 20.00, 4.63, 10.00, 5.70, 0.00, 0.00, 0.00, 0.00, 90.00, 0, 0
2.00, 5.70, 12.87, 12.87, -710.73, 20.00, 4.63, 8.89, 4.60, 0.00, 0.00, 0.00, 0.00, 90.00, 0, 0
2.00, 5.70, 12.72, 12.72, -741.72, 20.00, 4.63, 8.33, 3.99, 0.00, 0.00, 0.00, 0.00, 90.00, 0, 0
2.00, 5.70, 12.56, 12.56, -774.16, 20.00, 4.63, 7.78, 3.50, 0.00, 0.00, 0.00, 0.00, 90.00, 0, 0
2.00, 5.70, 12.34, 12.34, -814.83, 20.00, 4.63, 6.67, 2.41, 0.00, 0.00, 0.00, 0.00, 90.00, 0, 0
2.00, 5.70, 12.10, 12.10, -859.61, 20.00, 4.63, 5.56, 1.32, 0.00, 0.00, 0.00, 0.00, 90.00, 0, 0
2.00, 5.70, 11.85, 11.85, -900.55, 20.00, 4.63, 5.00, 0.72, 0.00, 0.00, 0.00, 0.00, 90.00, 0, 0
2.00, 5.70, 11.57, 11.57, -947.35, 20.00, 4.63, 3.89, -0.37, 0.00, 0.00, 0.00, 0.00, 90.00, 0, 0
2.00, 5.70, 11.29, 11.29, -990.73, 20.00, 4.63, 3.33, -1.08, 0.00, 0.00, 0.00, 0.00, 90.00, 0, 0
2.00, 5.70, 11.02, 11.02, -1031.37, 20.00, 4.63, 2.22, -2.16, 0.00, 0.00, 0.00, 0.00, 90.00, 0, 0
2.00, 5.70, 10.79, 10.79, -1059.72, 20.00, 4.63, 2.22, -2.05, 0.00, 4.59, 0.00, 0.00, 90.00, 0, 0
2.00, 5.70, 11.24, 11.24, -946.36, 20.00, 4.63, 3.89, -0.48, 139.80, 26.69, 11.31, -51.21, 83.00, 0, 0
2.00, 5.70, 12.15, 12.15, -751.46, 20.00, 4.63, 5.56, 1.32, 337.99, 55.37, 15.32, -39.84, 74.88, 0, 0
2.00, 5.70, 13.34, 13.34, -516.54, 20.00, 4.63, 8.33, 3.99, 530.83, 80.53, 26.15, -26.89, 68.61, 0, 0
2.00, 5.70, 13.96, 13.96, -421.01, 20.00, 4.63, 10.00, 5.70, 503.87, 90.47, 38.31, -12.45, 64.78, 0, 0
2.00, 5.70, 14.34, 14.34, -380.37, 20.00, 4.63, 11.67, 7.41, 415.45, 95.75, 50.72, 2.83, 63.82, 0, 0
2.00, 5.70, 14.05, 14.05, -475.90, 20.00, 4.63, 12.22, 7.90, 158.80, 94.33, 63.03, 17.90, 65.87, 0, 0
2.00, 5.70, 13.77, 13.77, -557.81, 20.00, 4.63, 11.67, 7.41, 62.65, 75.36, 75.05, 31.84, 70.66, 0, 0
2.00, 5.70, 13.46, 13.46, -633.74, 20.00, 4.63, 11.11, 6.80, 12.96, 52.08, 86.57, 44.19, 77.68, 0, 0
2.00, 5.70, 13.09, 13.09, -715.53, 20.00, 4.63, 9.44, 5.20, 0.00, 24.47, 0.00, 55.04, 86.34, 0, 0
2.00, 5.70, 12.76, 12.76, -781.39, 20.00, 4.63, 8.89, 4.60, 0.00, 1.53, 0.00, 0.00, 90.00, 0, 0
2.00, 5.70, 12.59, 12.59, -808.06, 20.00, 4.63, 8.33, 3.99, 0.00, 0.00, 0.00, 0.00, 90.00, 0, 0
2.00, 5.70, 12.45, 12.45, -828.31, 20.00, 4.63, 7.78, 3.50, 0.00, 0.00, 0.00, 0.00, 90.00, 0, 0
2.00, 5.70, 12.27, 12.27, -857.23, 20.00, 4.63, 6.67, 2.41, 0.00, 0.00, 0.00, 0.00, 90.00, 0, 0
2.00, 5.70, 12.09, 12.09, -885.31, 20.00, 4.63, 6.11, 1.81, 0.00, 0.00, 0.00, 0.00, 90.00, 0, 0
2.00, 5.70, 11.89, 11.89, -916.74, 20.00, 4.63, 5.56, 1.21, 0.00, 0.00, 0.00, 0.00, 90.00, 0, 0
