Nombre espacio, Area(m2)
"P02_E02", 95.45
Horario Funcionamiento Equipo, Funcionamiento Real Equipo, Transmisión Muros Exteriores(W/m2 del espacio), Transmisión Muros Interiores(W/m2 del espacio), Transmisión Cubiertas(W/m2 del espacio), Transmisión Suelos(W/m2 del espacio), Transmisión Puentes Térmicos(W/m2 del espacio), Transmisión Ventanas(W/m2 del espacio), Radiación Ventanas(W/m2 del espacio), Fuentes internas(W/m2 del espacio), Carga de ventilación e infiltración(W/m2 del espacio), Energia Almacenada Aire(W/m2 del espacio), Carga Total(W/m2 del espacio), Temperatura aire (ºC)
1, 0, 0.802, 0.017, 0.000, 0.000, 0.281, 2.570, 0.329, 4.202, -8.201, 0.000, 0.000, 19.93
1, 0, -0.054, 0.000, 0.000, 0.000, -0.016, -0.150, 0.310, 4.022, -4.926, 0.815, 0.000, 19.88
1, 0, -0.060, 0.000, 0.000, 0.000, -0.017, -0.156, 0.293, 3.889, -4.027, 0.079, 0.000, 19.88
1, 0, -0.075, -0.000, 0.000, 0.000, -0.021, -0.193, 0.278, 3.786, -4.238, 0.463, 0.000, 19.84
1, 0, -0.065, 0.000, 0.000, 0.000, -0.018, -0.168, 0.265, 3.704, -4.443, 0.726, 0.000, 19.80
1, 0, -0.048, 0.000, 0.000, 0.000, -0.013, -0.122, 0.253, 3.639, -4.424, 0.715, 0.000, 19.75
1, 0, -0.017, 0.001, 0.000, 0.000, -0.005, -0.046, 0.241, 3.585, -4.846, 1.087, 0.000, 19.68
1, 1, -0.454, -0.004, 0.000, 0.000, -0.131, -1.194, 0.231, 3.608, -4.972, -4.865, -7.782, 20.00
1, 1, -0.460, -0.004, 0.000, 0.000, -0.132, -1.208, 0.257, 3.577, -4.972, 0.000, -2.943, 20.00
1, 1, -0.443, -0.004, 0.000, 0.000, -0.121, -1.091, 0.665, 3.549, -4.522, 0.000, -1.967, 20.00
1, 1, -0.411, -0.003, 0.000, 0.000, -0.105, -0.921, 1.150, 3.524, -3.853, 0.000, -0.620, 20.00
1, 0, -0.441, -0.003, 0.000, 0.000, -0.104, -0.875, 1.713, 3.501, -3.207, -0.584, 0.000, 20.04
1, 0, -0.500, -0.004, 0.000, 0.000, -0.114, -0.969, 1.576, 3.480, -3.000, -0.468, 0.000, 20.07
1, 0, -0.506, -0.004, 0.000, 0.000, -0.117, -1.011, 1.313, 3.461, -3.217, 0.080, 0.000, 20.06
1, 0, -0.456, -0.003, 0.000, 0.000, -0.109, -0.959, 0.941, 3.444, -3.422, 0.565, 0.000, 20.03
1, 0, -0.425, -0.003, 0.000, 0.000, -0.103, -0.903, 1.071, 3.684, -3.634, 0.314, 0.000, 20.01
1, 1, -0.427, -0.003, 0.000, 0.000, -0.104, -0.913, 1.068, 3.693, -3.632, 0.093, -0.225, 20.00
1, 1, -0.465, -0.003, 0.000, 0.000, -0.118, -1.049, 0.765, 3.698, -3.853, 0.000, -1.025, 20.00
1, 1, -0.490, -0.003, 0.000, 0.000, -0.129, -1.155, 0.574, 4.538, -4.075, 0.000, -0.740, 20.00
1, 0, -0.607, -0.004, 0.000, 0.000, -0.161, -1.454, 0.497, 6.717, -4.098, -0.890, 0.000, 20.06
1, 0, -0.679, -0.004, 0.000, 0.000, -0.185, -1.673, 0.449, 6.986, -4.336, -0.558, -0.000, 20.10
1, 0, -0.735, -0.004, 0.000, 0.000, -0.202, -1.829, 0.410, 7.195, -4.348, -0.487, -0.000, 20.13
1, 0, -0.764, -0.004, 0.000, 0.000, -0.214, -1.945, 0.379, 7.365, -4.578, -0.238, -0.000, 20.14
1, 0, -0.690, -0.003, 0.000, 0.000, -0.195, -1.770, 0.353, 5.924, -4.554, 0.936, 0.000, 20.08
1, 0, -0.519, -0.002, 0.000, 0.000, -0.147, -1.337, 0.331, 4.212, -4.503, 1.966, 0.000, 19.95
1, 0, -0.383, -0.001, 0.000, 0.000, -0.110, -1.003, 0.311, 4.031, -4.680, 1.835, -0.000, 19.83
1, 0, -0.270, -0.001, 0.000, 0.000, -0.079, -0.720, 0.295, 3.898, -4.861, 1.739, 0.000, 19.71
1, 0, -0.184, -0.000, 0.000, 0.000, -0.054, -0.491, 0.280, 3.795, -4.822, 1.477, 0.000, 19.61
1, 0, -0.112, -0.000, 0.000, 0.000, -0.033, -0.304, 0.266, 3.713, -5.010, 1.480, -0.000, 19.52
1, 0, -0.053, 0.000, 0.000, 0.000, -0.016, -0.145, 0.254, 3.647, -4.977, 1.290, 0.000, 19.43
1, 0, -0.003, 0.000, 0.000, 0.000, -0.001, -0.008, 0.243, 3.593, -5.169, 1.345, 0.000, 19.34
1, 1, -0.918, -0.004, 0.000, 0.000, -0.277, -2.536, 0.232, 3.616, -5.426, -9.895, -15.208, 20.00
1, 1, -0.892, -0.004, 0.000, 0.000, -0.269, -2.459, 0.240, 3.584, -5.426, 0.000, -5.226, 20.00
1, 1, -0.873, -0.003, 0.000, 0.000, -0.257, -2.327, 0.466, 3.556, -5.199, 0.000, -4.637, 20.00
1, 1, -0.852, -0.003, 0.000, 0.000, -0.235, -2.087, 0.889, 3.530, -4.522, 0.000, -3.280, 20.00
1, 1, -0.834, -0.003, 0.000, 0.000, -0.217, -1.893, 1.269, 3.507, -4.075, 0.000, -2.247, 20.00
1, 1, -0.835, -0.003, 0.000, 0.000, -0.216, -1.903, 1.043, 3.487, -4.075, 0.000, -2.503, 20.00
1, 1, -0.825, -0.003, 0.000, 0.000, -0.207, -1.806, 1.206, 3.467, -3.853, 0.000, -2.020, 20.00
1, 1, -0.820, -0.002, 0.000, 0.000, -0.203, -1.771, 1.263, 3.449, -3.853, 0.000, -1.937, 20.00
1, 1, -0.809, -0.002, 0.000, 0.000, -0.196, -1.693, 1.372, 3.689, -3.632, 0.000, -1.271, 20.00
1, 1, -0.812, -0.002, 0.000, 0.000, -0.202, -1.767, 1.114, 3.698, -3.853, 0.000, -1.824, 20.00
1, 1, -0.818, -0.002, 0.000, 0.000, -0.210, -1.874, 0.746, 3.703, -4.075, 0.000, -2.530, 20.00
1, 1, -0.820, -0.002, 0.000, 0.000, -0.217, -1.949, 0.578, 4.543, -4.298, 0.000, -2.165, 20.00
1, 1, -0.818, -0.002, 0.000, 0.000, -0.218, -1.972, 0.498, 6.722, -4.298, 0.000, -0.089, 20.00
1, 0, -0.825, -0.002, 0.000, 0.000, -0.222, -2.009, 0.447, 6.990, -4.300, -0.079, -0.000, 20.01
1, 0, -0.824, -0.002, 0.000, 0.000, -0.226, -2.053, 0.406, 7.199, -4.524, 0.023, 0.000, 20.00
1, 0, -0.833, -0.002, 0.000, 0.000, -0.230, -2.089, 0.374, 7.369, -4.525, -0.064, -0.000, 20.01
1, 0, -0.736, -0.001, 0.000, 0.000, -0.207, -1.883, 0.347, 5.928, -4.717, 1.270, 0.000, 19.92
1, 0, -0.546, -0.001, 0.000, 0.000, -0.154, -1.405, 0.324, 4.216, -4.659, 2.225, 0.000, 19.77
1, 0, -0.407, -0.001, 0.000, 0.000, -0.115, -1.050, 0.305, 4.035, -4.612, 1.845, 0.000, 19.65
1, 0, -0.294, -0.000, 0.000, 0.000, -0.085, -0.772, 0.288, 3.901, -4.791, 1.754, 0.000, 19.53
1, 0, -0.207, -0.000, 0.000, 0.000, -0.060, -0.544, 0.273, 3.798, -4.753, 1.492, 0.000, 19.44
1, 0, -0.141, -0.000, 0.000, 0.000, -0.041, -0.372, 0.259, 3.716, -4.719, 1.298, 0.000, 19.35
1, 0, -0.092, -0.000, 0.000, 0.000, -0.026, -0.241, 0.247, 3.650, -4.689, 1.151, 0.000, 19.27
1, 0, -0.046, 0.000, 0.000, 0.000, -0.013, -0.123, 0.236, 3.596, -4.883, 1.233, 0.000, 19.19
1, 1, -1.208, -0.002, 0.000, 0.000, -0.352, -3.221, 0.226, 3.619, -5.199, -12.149, -18.287, 20.00
1, 1, -1.157, -0.002, 0.000, 0.000, -0.336, -3.076, 0.252, 3.587, -5.199, 0.000, -5.932, 20.00
1, 1, -1.123, -0.002, 0.000, 0.000, -0.314, -2.845, 0.481, 3.558, -4.747, 0.000, -4.991, 20.00
1, 1, -1.096, -0.002, 0.000, 0.000, -0.292, -2.596, 0.859, 3.533, -4.298, 0.000, -3.892, 20.00
1, 1, -1.074, -0.001, 0.000, 0.000, -0.270, -2.366, 1.196, 3.510, -3.853, 0.000, -2.859, 20.00
1, 1, -1.055, -0.001, 0.000, 0.000, -0.258, -2.247, 1.239, 3.489, -3.632, 0.000, -2.466, 20.00
1, 1, -1.035, -0.001, 0.000, 0.000, -0.243, -2.083, 1.532, 3.470, -3.412, 0.000, -1.773, 20.00
1, 1, -1.016, -0.001, 0.000, 0.000, -0.233, -1.985, 1.559, 3.452, -3.192, 0.000, -1.417, 20.00
1, 1, -1.003, -0.001, 0.000, 0.000, -0.236, -2.059, 1.176, 3.691, -3.412, 0.000, -1.844, 20.00
1, 1, -0.990, -0.001, 0.000, 0.000, -0.240, -2.125, 0.903, 3.700, -3.632, 0.000, -2.384, 20.00
1, 1, -0.977, -0.001, 0.000, 0.000, -0.245, -2.188, 0.694, 3.705, -3.853, 0.000, -2.865, 20.00
1, 1, -0.963, -0.001, 0.000, 0.000, -0.245, -2.206, 0.543, 4.545, -3.853, 0.000, -2.180, 20.00
1, 1, -0.952, -0.001, 0.000, 0.000, -0.249, -2.247, 0.482, 6.723, -4.075, 0.000, -0.318, 20.00
1, 1, -0.944, -0.001, 0.000, 0.000, -0.253, -2.291, 0.435, 6.992, -4.298, 0.000, -0.361, 20.00
1, 1, -0.937, -0.001, 0.000, 0.000, -0.254, -2.300, 0.398, 7.201, -4.298, 0.000, -0.191, 20.00
1, 1, -0.933, -0.001, 0.000, 0.000, -0.258, -2.345, 0.367, 7.371, -4.522, 0.000, -0.322, 20.00
1, 0, -0.803, -0.001, 0.000, 0.000, -0.227, -2.064, 0.341, 5.930, -4.707, 1.531, 0.000, 19.90
1, 0, -0.593, -0.000, 0.000, 0.000, -0.169, -1.535, 0.320, 4.218, -4.645, 2.404, 0.000, 19.74
1, 0, -0.430, -0.000, 0.000, 0.000, -0.124, -1.134, 0.301, 4.037, -4.814, 2.165, 0.000, 19.59
1, 0, -0.299, -0.000, 0.000, 0.000, -0.088, -0.804, 0.285, 3.903, -4.989, 1.992, 0.000, 19.46
1, 0, -0.191, -0.000, 0.000, 0.000, -0.057, -0.524, 0.270, 3.799, -5.167, 1.870, 0.000, 19.34
1, 0, -0.101, -0.000, 0.000, 0.000, -0.031, -0.281, 0.257, 3.717, -5.348, 1.786, 0.000, 19.22
1, 0, -0.023, 0.000, 0.000, 0.000, -0.007, -0.066, 0.245, 3.651, -5.531, 1.731, -0.000, 19.10
1, 0, 0.039, 0.000, 0.000, 0.000, 0.012, 0.110, 0.234, 3.597, -5.492, 1.499, 0.000, 19.00
1, 1, -1.344, -0.001, 0.000, 0.000, -0.422, -3.867, 0.224, 3.620, -6.114, -14.978, -22.883, 20.00
1, 1, -1.287, -0.001, 0.000, 0.000, -0.403, -3.691, 0.250, 3.588, -6.114, 0.000, -7.657, 20.00
1, 1, -1.252, -0.001, 0.000, 0.000, -0.384, -3.498, 0.390, 3.559, -5.884, 0.000, -7.068, 20.00
1, 1, -1.230, -0.001, 0.000, 0.000, -0.360, -3.229, 0.782, 3.534, -5.426, 0.000, -5.929, 20.00
1, 1, -1.213, -0.001, 0.000, 0.000, -0.339, -3.008, 1.018, 3.511, -4.972, 0.000, -5.004, 20.00
1, 1, -1.200, -0.001, 0.000, 0.000, -0.315, -2.714, 1.613, 3.490, -4.522, 0.000, -3.649, 20.00
1, 1, -1.186, -0.001, 0.000, 0.000, -0.294, -2.481, 1.958, 3.470, -4.075, 0.000, -2.608, 20.00
1, 1, -1.170, -0.001, 0.000, 0.000, -0.277, -2.336, 1.928, 3.452, -3.632, 0.000, -2.036, 20.00
1, 1, -1.155, -0.000, 0.000, 0.000, -0.279, -2.395, 1.550, 3.692, -3.853, 0.000, -2.440, 20.00
1, 1, -1.138, -0.000, 0.000, 0.000, -0.282, -2.461, 1.225, 3.701, -4.075, 0.000, -3.030, 20.00
1, 1, -1.120, -0.000, 0.000, 0.000, -0.286, -2.535, 0.921, 3.706, -4.298, 0.000, -3.614, 20.00
1, 1, -1.104, -0.000, 0.000, 0.000, -0.291, -2.604, 0.689, 4.546, -4.522, 0.000, -3.287, 20.00
1, 1, -1.090, -0.000, 0.000, 0.000, -0.294, -2.651, 0.592, 6.724, -4.747, 0.000, -1.467, 20.00
1, 1, -1.079, -0.000, 0.000, 0.000, -0.299, -2.698, 0.529, 6.993, -4.972, 0.000, -1.527, 20.00
1, 1, -1.070, -0.000, 0.000, 0.000, -0.303, -2.747, 0.479, 7.202, -5.199, 0.000, -1.640, 20.00
1, 1, -1.065, -0.000, 0.000, 0.000, -0.308, -2.799, 0.439, 7.372, -5.426, 0.000, -1.789, 20.00
1, 0, -0.852, -0.000, 0.000, 0.000, -0.248, -2.259, 0.406, 5.930, -5.364, 2.388, -0.000, 19.84
1, 0, -0.581, -0.000, 0.000, 0.000, -0.172, -1.566, 0.378, 4.218, -5.508, 3.231, 0.000, 19.63
1, 0, -0.377, -0.000, 0.000, 0.000, -0.113, -1.034, 0.355, 4.037, -5.664, 2.796, -0.000, 19.44
1, 0, -0.220, -0.000, 0.000, 0.000, -0.067, -0.614, 0.335, 3.903, -5.828, 2.491, 0.000, 19.27
1, 0, -0.096, -0.000, 0.000, 0.000, -0.030, -0.271, 0.317, 3.800, -5.999, 2.279, -0.000, 19.12
1, 0, 0.012, 0.000, 0.000, 0.000, 0.004, 0.035, 0.301, 3.718, -6.401, 2.331, 0.000, 18.97
1, 0, 0.106, 0.000, 0.000, 0.000, 0.034, 0.313, 0.287, 3.652, -6.576, 2.184, 0.000, 18.82
1, 0, 0.185, 0.000, 0.000, 0.000, 0.060, 0.554, 0.273, 3.597, -6.755, 2.084, 0.000, 18.68
1, 1, -1.592, -0.000, 0.000, 0.000, -0.525, -4.813, 0.261, 3.621, -7.514, -19.785, -30.347, 20.00
1, 1, -1.513, -0.000, 0.000, 0.000, -0.497, -4.705, 0.304, 3.588, -7.514, 0.000, -10.338, 20.00
1, 1, -1.476, -0.000, 0.000, 0.000, -0.463, -4.356, 0.600, 3.560, -6.810, 0.000, -8.945, 20.00
1, 1, -1.458, -0.000, 0.000, 0.000, -0.423, -3.906, 1.201, 3.534, -5.884, 0.000, -6.936, 20.00
1, 1, -1.446, -0.000, 0.000, 0.000, -0.384, -3.457, 1.834, 3.511, -4.972, 0.000, -4.915, 20.00
1, 1, -1.435, -0.000, 0.000, 0.000, -0.351, -3.072, 2.389, 3.490, -4.298, 0.000, -3.278, 20.00
1, 1, -1.419, -0.000, 0.000, 0.000, -0.324, -2.785, 2.539, 3.471, -3.632, 0.000, -2.150, 20.00
1, 1, -1.396, -0.000, 0.000, 0.000, -0.308, -2.644, 2.478, 3.453, -3.412, 0.000, -1.829, 20.00
1, 1, -1.368, -0.000, 0.000, 0.000, -0.294, -2.544, 2.307, 3.692, -3.192, 0.000, -1.399, 20.00
1, 1, -1.336, -0.000, 0.000, 0.000, -0.299, -2.657, 1.842, 3.702, -3.632, 0.000, -2.379, 20.00
1, 1, -1.303, -0.000, 0.000, 0.000, -0.306, -2.806, 1.336, 3.706, -4.075, 0.000, -3.449, 20.00
1, 1, -1.273, -0.000, 0.000, 0.000, -0.315, -2.939, 0.985, 4.546, -4.522, 0.000, -3.519, 20.00
1, 1, -1.246, -0.000, 0.000, 0.000, -0.319, -2.914, 0.836, 6.724, -4.747, 0.000, -1.666, 20.00
1, 1, -1.222, -0.000, 0.000, 0.000, -0.323, -2.950, 0.743, 6.993, -4.972, 0.000, -1.732, 20.00
1, 1, -1.204, -0.000, 0.000, 0.000, -0.327, -2.990, 0.671, 7.202, -5.199, 0.000, -1.848, 20.00
1, 1, -1.190, -0.000, 0.000, 0.000, -0.331, -3.033, 0.613, 7.372, -5.426, 0.000, -1.996, 20.00
1, 0, -0.934, -0.000, 0.000, 0.000, -0.266, -2.436, 0.565, 5.930, -5.583, 2.724, 0.000, 19.82
1, 0, -0.632, -0.000, 0.000, 0.000, -0.184, -1.684, 0.526, 4.218, -5.722, 3.477, 0.000, 19.59
1, 0, -0.408, -0.000, 0.000, 0.000, -0.121, -1.110, 0.492, 4.037, -5.873, 2.983, 0.000, 19.39
1, 0, -0.239, -0.000, 0.000, 0.000, -0.072, -0.660, 0.464, 3.904, -6.035, 2.638, 0.000, 19.21
1, 0, -0.105, -0.000, 0.000, 0.000, -0.032, -0.296, 0.439, 3.800, -6.203, 2.398, 0.000, 19.05
1, 0, 0.003, 0.000, 0.000, 0.000, 0.001, 0.008, 0.416, 3.718, -6.376, 2.230, 0.000, 18.90
1, 0, 0.093, 0.000, 0.000, 0.000, 0.029, 0.268, 0.396, 3.652, -6.553, 2.116, 0.000, 18.76
1, 0, 0.170, 0.000, 0.000, 0.000, 0.054, 0.497, 0.378, 3.597, -6.733, 2.038, 0.000, 18.63
1, 1, -1.713, -0.000, 0.000, 0.000, -0.551, -5.073, 0.361, 4.390, -7.514, -20.604, -30.705, 20.00
1, 1, -1.623, -0.000, 0.000, 0.000, -0.521, -4.950, 0.381, 4.434, -7.514, 0.000, -9.795, 20.00
1, 1, -1.576, -0.000, 0.000, 0.000, -0.495, -4.698, 0.581, 4.464, -7.279, 0.000, -9.002, 20.00
1, 1, -1.551, -0.000, 0.000, 0.000, -0.462, -4.329, 1.024, 4.486, -6.577, 0.000, -7.409, 20.00
1, 1, -1.539, -0.000, 0.000, 0.000, -0.422, -3.849, 1.794, 4.503, -5.655, 0.000, -5.169, 20.00
1, 1, -1.525, -0.000, 0.000, 0.000, -0.392, -3.538, 2.026, 4.515, -4.972, 0.000, -3.887, 20.00
1, 1, -1.505, -0.000, 0.000, 0.000, -0.379, -3.441, 1.960, 4.525, -4.972, 0.000, -3.812, 20.00
1, 1, -1.485, -0.000, 0.000, 0.000, -0.364, -3.283, 2.063, 4.533, -4.747, 0.000, -3.282, 20.00
1, 1, -1.460, -0.000, 0.000, 0.000, -0.357, -3.248, 1.875, 4.539, -4.747, 0.000, -3.398, 20.00
1, 1, -1.432, -0.000, 0.000, 0.000, -0.360, -3.337, 1.401, 4.544, -4.972, 0.000, -4.155, 20.00
1, 1, -1.405, -0.000, 0.000, 0.000, -0.368, -3.467, 1.020, 4.549, -5.426, 0.000, -5.097, 20.00
1, 1, -1.381, -0.000, 0.000, 0.000, -0.371, -3.529, 0.821, 5.391, -5.655, 0.000, -4.724, 20.00
1, 1, -1.362, -0.000, 0.000, 0.000, -0.370, -3.434, 0.717, 7.572, -5.655, 0.000, -2.532, 20.00
1, 1, -1.345, -0.000, 0.000, 0.000, -0.373, -3.456, 0.646, 7.845, -5.884, 0.000, -2.567, 20.00
1, 1, -1.332, -0.000, 0.000, 0.000, -0.372, -3.444, 0.590, 8.059, -5.884, 0.000, -2.383, 20.00
1, 1, -1.322, -0.000, 0.000, 0.000, -0.375, -3.473, 0.545, 8.234, -6.114, 0.000, -2.506, 20.00
1, 0, -1.021, -0.000, 0.000, 0.000, -0.291, -2.692, 0.507, 6.285, -6.029, 3.242, 0.000, 19.78
1, 0, -0.687, -0.000, 0.000, 0.000, -0.199, -1.836, 0.475, 4.528, -6.158, 3.877, 0.000, 19.53
1, 0, -0.450, -0.000, 0.000, 0.000, -0.130, -1.205, 0.447, 4.314, -6.077, 3.102, 0.000, 19.32
1, 0, -0.271, -0.000, 0.000, 0.000, -0.079, -0.734, 0.423, 4.154, -6.236, 2.743, 0.000, 19.14
1, 0, -0.137, -0.000, 0.000, 0.000, -0.040, -0.371, 0.401, 4.029, -6.176, 2.292, -0.000, 18.98
1, 0, -0.038, 0.000, 0.000, 0.000, -0.011, -0.103, 0.382, 3.930, -6.124, 1.964, 0.000, 18.85
1, 0, 0.043, 0.000, 0.000, 0.000, 0.013, 0.118, 0.364, 3.849, -6.305, 1.918, -0.000, 18.72
1, 0, 0.110, 0.000, 0.000, 0.000, 0.033, 0.301, 0.348, 3.783, -6.261, 1.687, -0.000, 18.61
1, 1, -1.884, -0.000, 0.000, 0.000, -0.563, -5.203, 0.333, 4.565, -7.044, -20.826, -30.622, 20.00
1, 1, -1.779, -0.000, 0.000, 0.000, -0.531, -5.055, 0.337, 4.599, -7.044, 0.000, -9.472, 20.00
1, 1, -1.721, -0.000, 0.000, 0.000, -0.498, -4.725, 0.572, 4.621, -6.577, 0.000, -8.329, 20.00
1, 1, -1.686, -0.000, 0.000, 0.000, -0.461, -4.323, 1.043, 4.635, -5.884, 0.000, -6.675, 20.00
1, 1, -1.657, -0.000, 0.000, 0.000, -0.432, -4.008, 1.403, 4.645, -5.426, 0.000, -5.474, 20.00
1, 1, -1.626, -0.000, 0.000, 0.000, -0.414, -3.845, 1.390, 4.652, -5.199, 0.000, -5.042, 20.00
1, 1, -1.600, -0.000, 0.000, 0.000, -0.395, -3.644, 1.611, 4.656, -4.972, 0.000, -4.345, 20.00
1, 1, -1.572, -0.000, 0.000, 0.000, -0.380, -3.501, 1.640, 4.658, -4.747, 0.000, -3.901, 20.00
1, 1, -1.544, -0.000, 0.000, 0.000, -0.371, -3.409, 1.684, 4.659, -4.747, 0.000, -3.727, 20.00
1, 1, -1.512, -0.000, 0.000, 0.000, -0.367, -3.420, 1.343, 4.659, -4.747, 0.000, -4.043, 20.00
1, 1, -1.480, -0.000, 0.000, 0.000, -0.375, -3.556, 0.892, 4.659, -5.199, 0.000, -5.059, 20.00
1, 1, -1.454, -0.000, 0.000, 0.000, -0.378, -3.511, 0.702, 5.497, -5.426, 0.000, -4.570, 20.00
1, 1, -1.429, -0.000, 0.000, 0.000, -0.376, -3.486, 0.623, 7.674, -5.426, 0.000, -2.419, 20.00
1, 1, -1.408, -0.000, 0.000, 0.000, -0.378, -3.503, 0.562, 7.943, -5.655, 0.000, -2.438, 20.00
1, 1, -1.390, -0.000, 0.000, 0.000, -0.381, -3.528, 0.514, 8.153, -5.884, 0.000, -2.516, 20.00
1, 1, -1.376, -0.000, 0.000, 0.000, -0.379, -3.516, 0.474, 8.325, -5.884, 0.000, -2.356, 20.00
1, 0, -1.060, -0.000, 0.000, 0.000, -0.297, -2.754, 0.441, 6.372, -6.027, 3.325, -0.000, 19.78
1, 0, -0.715, 0.000, 0.000, 0.000, -0.204, -1.888, 0.413, 4.612, -6.154, 3.936, 0.000, 19.52
1, 0, -0.472, 0.000, 0.000, 0.000, -0.135, -1.250, 0.389, 4.394, -6.072, 3.145, -0.000, 19.31
1, 0, -0.288, 0.000, 0.000, 0.000, -0.083, -0.773, 0.368, 4.231, -6.230, 2.775, 0.000, 19.12
1, 0, -0.142, 0.000, 0.000, 0.000, -0.042, -0.388, 0.350, 4.103, -6.396, 2.515, -0.000, 18.95
1, 0, -0.032, 0.000, 0.000, 0.000, -0.009, -0.086, 0.333, 4.001, -6.340, 2.133, -0.000, 18.81
1, 0, 0.057, 0.000, 0.000, 0.000, 0.017, 0.157, 0.317, 3.918, -6.519, 2.052, -0.000, 18.67
1, 0, 0.135, 0.000, 0.000, 0.000, 0.041, 0.376, 0.303, 3.848, -6.699, 1.996, 0.000, 18.54
1, 1, -1.931, -0.000, 0.000, 0.000, -0.588, -5.448, 0.290, 3.859, -7.514, -21.877, -33.210, 20.00
1, 1, -1.823, -0.000, 0.000, 0.000, -0.555, -5.296, 0.314, 3.815, -7.514, 0.000, -11.060, 20.00
1, 1, -1.759, -0.000, 0.000, 0.000, -0.528, -5.056, 0.361, 3.776, -7.279, 0.000, -10.485, 20.00
1, 1, -1.723, -0.000, 0.000, 0.000, -0.497, -4.702, 0.849, 3.740, -6.810, 0.000, -9.142, 20.00
1, 1, -1.700, -0.000, 0.000, 0.000, -0.462, -4.294, 1.453, 3.708, -6.114, 0.000, -7.409, 20.00
1, 1, -1.682, -0.000, 0.000, 0.000, -0.429, -3.930, 1.902, 3.679, -5.426, 0.000, -5.886, 20.00
1, 1, -1.658, -0.000, 0.000, 0.000, -0.411, -3.749, 1.979, 3.651, -5.199, 0.000, -5.386, 20.00
1, 1, -1.632, -0.000, 0.000, 0.000, -0.397, -3.644, 1.804, 3.626, -4.972, 0.000, -5.215, 20.00
1, 1, -1.600, -0.000, 0.000, 0.000, -0.395, -3.678, 1.477, 3.859, -5.199, 0.000, -5.536, 20.00
1, 1, -1.567, -0.000, 0.000, 0.000, -0.398, -3.765, 1.011, 3.861, -5.426, 0.000, -6.284, 20.00
1, 1, -1.536, -0.000, 0.000, 0.000, -0.404, -3.865, 0.752, 3.859, -5.884, 0.000, -7.078, 20.00
1, 1, -1.511, -0.000, 0.000, 0.000, -0.407, -3.799, 0.648, 4.693, -6.114, 0.000, -6.490, 20.00
1, 1, -1.489, -0.000, 0.000, 0.000, -0.405, -3.775, 0.578, 6.866, -6.114, 0.000, -4.338, 20.00
1, 1, -1.471, -0.000, 0.000, 0.000, -0.408, -3.793, 0.524, 7.129, -6.345, 0.000, -4.364, 20.00
1, 1, -1.456, -0.000, 0.000, 0.000, -0.406, -3.777, 0.480, 7.332, -6.345, 0.000, -4.172, 20.00
1, 1, -1.445, -0.000, 0.000, 0.000, -0.405, -3.759, 0.444, 7.497, -6.345, 0.000, -4.013, 20.00
1, 0, -1.056, 0.000, 0.000, 0.000, -0.300, -2.783, 0.414, 6.051, -6.468, 4.141, 0.000, 19.72
1, 0, -0.681, 0.000, 0.000, 0.000, -0.194, -1.799, 0.388, 4.334, -6.355, 4.305, 0.000, 19.44
1, 0, -0.410, 0.000, 0.000, 0.000, -0.118, -1.095, 0.366, 4.149, -6.492, 3.600, -0.000, 19.20
1, 0, -0.207, 0.000, 0.000, 0.000, -0.060, -0.559, 0.347, 4.011, -6.643, 3.112, 0.000, 18.99
1, 0, -0.057, 0.000, 0.000, 0.000, -0.017, -0.156, 0.329, 3.903, -6.575, 2.573, 0.000, 18.82
1, 0, 0.057, 0.000, 0.000, 0.000, 0.017, 0.156, 0.314, 3.817, -6.746, 2.385, -0.000, 18.66
1, 0, 0.153, 0.000, 0.000, 0.000, 0.046, 0.423, 0.299, 3.747, -6.921, 2.254, -0.000, 18.51
1, 0, 0.229, 0.000, 0.000, 0.000, 0.068, 0.635, 0.286, 3.689, -6.869, 1.961, -0.000, 18.38
1, 1, -2.087, -0.000, 0.000, 0.000, -0.629, -5.833, 0.274, 3.709, -7.751, -24.330, -36.648, 20.00
1, 1, -1.964, -0.000, 0.000, 0.000, -0.591, -5.641, 0.316, 3.673, -7.751, 0.000, -11.958, 20.00
1, 1, -1.897, -0.000, 0.000, 0.000, -0.554, -5.286, 0.519, 3.641, -7.279, 0.000, -10.856, 20.00
1, 1, -1.853, -0.000, 0.000, 0.000, -0.521, -4.919, 0.931, 3.613, -6.810, 0.000, -9.558, 20.00
1, 1, -1.823, -0.000, 0.000, 0.000, -0.488, -4.538, 1.523, 3.587, -6.345, 0.000, -8.084, 20.00
1, 1, -1.799, -0.000, 0.000, 0.000, -0.455, -4.167, 1.944, 3.563, -5.655, 0.000, -6.569, 20.00
1, 1, -1.766, -0.000, 0.000, 0.000, -0.438, -4.038, 1.756, 3.540, -5.426, 0.000, -6.372, 20.00
1, 1, -1.728, -0.000, 0.000, 0.000, -0.435, -4.081, 1.319, 3.520, -5.655, 0.000, -7.060, 20.00
1, 1, -1.691, -0.000, 0.000, 0.000, -0.440, -4.175, 0.967, 3.757, -6.114, 0.000, -7.695, 20.00
1, 1, -1.658, -0.000, 0.000, 0.000, -0.438, -4.174, 0.936, 3.763, -6.345, 0.000, -7.916, 20.00
1, 1, -1.629, -0.000, 0.000, 0.000, -0.440, -4.208, 0.811, 3.765, -6.577, 0.000, -8.277, 20.00
1, 1, -1.603, -0.000, 0.000, 0.000, -0.438, -4.219, 0.624, 4.603, -6.577, 0.000, -7.611, 20.00
1, 1, -1.586, -0.000, 0.000, 0.000, -0.436, -4.097, 0.531, 6.779, -6.577, 0.000, -5.386, 20.00
1, 1, -1.569, -0.000, 0.000, 0.000, -0.438, -4.105, 0.481, 7.045, -6.810, 0.000, -5.396, 20.00
1, 1, -1.555, -0.000, 0.000, 0.000, -0.436, -4.080, 0.441, 7.252, -6.810, 0.000, -5.188, 20.00
1, 1, -1.545, -0.000, 0.000, 0.000, -0.434, -4.055, 0.408, 7.421, -6.810, 0.000, -5.015, 20.00
1, 0, -1.105, 0.000, 0.000, 0.000, -0.311, -2.902, 0.381, 5.977, -6.687, 4.648, 0.000, 19.69
1, 0, -0.697, 0.000, 0.000, 0.000, -0.196, -1.828, 0.358, 4.263, -6.564, 4.665, 0.000, 19.38
1, 0, -0.403, 0.000, 0.000, 0.000, -0.115, -1.068, 0.337, 4.081, -6.696, 3.863, 0.000, 19.12
1, 0, -0.194, 0.000, 0.000, 0.000, -0.055, -0.512, 0.319, 3.945, -6.614, 3.110, 0.000, 18.91
1, 0, -0.036, 0.000, 0.000, 0.000, -0.010, -0.097, 0.304, 3.840, -6.774, 2.775, -0.000, 18.73
1, 0, 0.082, 0.000, 0.000, 0.000, 0.024, 0.220, 0.289, 3.757, -6.712, 2.340, -0.000, 18.57
1, 0, 0.169, 0.000, 0.000, 0.000, 0.049, 0.453, 0.276, 3.689, -6.659, 2.022, -0.000, 18.44
1, 0, 0.240, 0.000, 0.000, 0.000, 0.070, 0.646, 0.264, 3.633, -6.840, 1.988, 0.000, 18.31
1, 1, -2.231, -0.000, 0.000, 0.000, -0.647, -6.014, 0.252, 3.655, -7.514, -25.410, -37.910, 20.00
1, 1, -2.095, -0.000, 0.000, 0.000, -0.606, -5.787, 0.313, 3.621, -7.514, 0.000, -12.067, 20.00
1, 1, -2.029, -0.000, 0.000, 0.000, -0.556, -5.261, 0.727, 3.592, -6.577, 0.000, -10.103, 20.00
1, 1, -1.974, -0.000, 0.000, 0.000, -0.519, -4.880, 1.058, 3.565, -6.114, 0.000, -8.865, 20.00
1, 1, -1.930, -0.000, 0.000, 0.000, -0.488, -4.568, 1.244, 3.541, -5.655, 0.000, -7.856, 20.00
1, 1, -1.885, -0.000, 0.000, 0.000, -0.470, -4.387, 1.370, 3.518, -5.655, 0.000, -7.509, 20.00
1, 1, -1.840, -0.000, 0.000, 0.000, -0.458, -4.315, 1.170, 3.498, -5.655, 0.000, -7.601, 20.00
1, 1, -1.801, -0.000, 0.000, 0.000, -0.446, -4.193, 1.268, 3.479, -5.655, 0.000, -7.349, 20.00
1, 1, -1.765, -0.000, 0.000, 0.000, -0.436, -4.083, 1.383, 3.717, -5.655, 0.000, -6.838, 20.00
1, 1, -1.727, -0.000, 0.000, 0.000, -0.430, -4.063, 1.168, 3.726, -5.655, 0.000, -6.981, 20.00
1, 1, -1.691, -0.000, 0.000, 0.000, -0.432, -4.129, 0.816, 3.729, -5.884, 0.000, -7.591, 20.00
1, 1, -1.661, -0.000, 0.000, 0.000, -0.435, -4.070, 0.597, 4.568, -6.114, 0.000, -7.114, 20.00
1, 1, -1.633, -0.000, 0.000, 0.000, -0.436, -4.075, 0.528, 6.746, -6.345, 0.000, -5.215, 20.00
1, 1, -1.610, -0.000, 0.000, 0.000, -0.433, -4.045, 0.476, 7.013, -6.345, 0.000, -4.944, 20.00
1, 1, -1.589, -0.000, 0.000, 0.000, -0.435, -4.058, 0.434, 7.222, -6.577, 0.000, -5.004, 20.00
1, 1, -1.572, 0.000, 0.000, 0.000, -0.438, -4.078, 0.399, 7.391, -6.810, 0.000, -5.108, 20.00
1, 0, -1.119, 0.000, 0.000, 0.000, -0.313, -2.917, 0.371, 5.949, -6.686, 4.715, 0.000, 19.69
1, 0, -0.690, 0.000, 0.000, 0.000, -0.196, -1.822, 0.347, 4.236, -6.789, 4.914, 0.000, 19.36
1, 0, -0.383, 0.000, 0.000, 0.000, -0.110, -1.025, 0.327, 4.054, -6.916, 4.053, -0.000, 19.09
1, 0, -0.165, 0.000, 0.000, 0.000, -0.048, -0.444, 0.309, 3.920, -6.830, 3.258, -0.000, 18.87
1, 0, -0.004, 0.000, 0.000, 0.000, -0.001, -0.011, 0.293, 3.816, -6.988, 2.895, 0.000, 18.68
1, 0, 0.118, 0.000, 0.000, 0.000, 0.034, 0.319, 0.279, 3.733, -6.923, 2.440, -0.000, 18.51
1, 0, 0.212, 0.000, 0.000, 0.000, 0.062, 0.581, 0.266, 3.666, -7.098, 2.310, 0.000, 18.36
1, 0, 0.288, 0.000, 0.000, 0.000, 0.085, 0.790, 0.254, 3.611, -7.044, 2.016, 0.000, 18.23
1, 1, -2.266, -0.000, 0.000, 0.000, -0.675, -6.268, 0.243, 3.634, -7.989, -26.602, -39.922, 20.00
1, 1, -2.131, -0.000, 0.000, 0.000, -0.627, -5.993, 0.286, 3.601, -7.751, 0.000, -12.615, 20.00
1, 1, -2.056, -0.000, 0.000, 0.000, -0.586, -5.584, 0.559, 3.572, -7.279, 0.000, -11.373, 20.00
1, 1, -2.003, -0.000, 0.000, 0.000, -0.550, -5.203, 0.910, 3.546, -6.810, 0.000, -10.109, 20.00
1, 1, -1.969, -0.000, 0.000, 0.000, -0.511, -4.750, 1.496, 3.523, -6.114, 0.000, -8.325, 20.00
1, 1, -1.944, -0.000, 0.000, 0.000, -0.470, -4.294, 1.957, 3.501, -5.199, 0.000, -6.449, 20.00
1, 1, -1.914, -0.000, 0.000, 0.000, -0.441, -3.983, 2.212, 3.481, -4.747, 0.000, -5.392, 20.00
1, 1, -1.877, -0.000, 0.000, 0.000, -0.421, -3.789, 2.254, 3.463, -4.522, 0.000, -4.893, 20.00
1, 1, -1.836, -0.000, 0.000, 0.000, -0.405, -3.648, 2.151, 3.702, -4.298, 0.000, -4.334, 20.00
1, 1, -1.789, -0.000, 0.000, 0.000, -0.397, -3.625, 1.800, 3.711, -4.298, 0.000, -4.598, 20.00
1, 1, -1.736, -0.000, 0.000, 0.000, -0.401, -3.749, 1.285, 3.715, -4.747, 0.000, -5.633, 20.00
1, 1, -1.687, -0.000, 0.000, 0.000, -0.408, -3.869, 0.896, 4.555, -5.199, 0.000, -5.712, 20.00
1, 1, -1.649, -0.000, 0.000, 0.000, -0.410, -3.802, 0.768, 6.733, -5.426, 0.000, -3.786, 20.00
1, 1, -1.612, -0.000, 0.000, 0.000, -0.411, -3.814, 0.681, 7.001, -5.655, 0.000, -3.810, 20.00
1, 1, -1.580, -0.000, 0.000, 0.000, -0.413, -3.832, 0.613, 7.210, -5.884, 0.000, -3.886, 20.00
1, 1, -1.554, -0.000, 0.000, 0.000, -0.420, -3.896, 0.559, 7.379, -6.345, 0.000, -4.276, 20.00
1, 0, -1.124, 0.000, 0.000, 0.000, -0.311, -2.884, 0.515, 5.938, -6.463, 4.329, 0.000, 19.71
1, 0, -0.711, 0.000, 0.000, 0.000, -0.201, -1.861, 0.479, 4.225, -6.573, 4.641, -0.000, 19.40
1, 0, -0.415, 0.000, 0.000, 0.000, -0.119, -1.107, 0.448, 4.044, -6.705, 3.854, -0.000, 19.15
1, 0, -0.188, 0.000, 0.000, 0.000, -0.056, -0.517, 0.422, 3.910, -7.081, 3.510, 0.000, 18.91
1, 0, -0.006, 0.000, 0.000, 0.000, -0.002, -0.018, 0.399, 3.806, -7.466, 3.288, -0.000, 18.69
1, 0, 0.139, 0.000, 0.000, 0.000, 0.043, 0.396, 0.378, 3.724, -7.625, 2.945, -0.000, 18.50
1, 0, 0.258, 0.000, 0.000, 0.000, 0.082, 0.756, 0.360, 3.658, -8.025, 2.912, -0.000, 18.30
1, 0, 0.361, 0.000, 0.000, 0.000, 0.116, 1.071, 0.343, 3.603, -8.193, 2.699, -0.000, 18.12
1, 1, -2.197, -0.000, 0.000, 0.000, -0.717, -6.646, 0.327, 3.626, -9.435, -28.179, -43.220, 20.00
1, 1, -2.069, -0.000, 0.000, 0.000, -0.674, -6.447, 0.385, 3.594, -9.435, 0.000, -14.648, 20.00
1, 1, -2.003, -0.000, 0.000, 0.000, -0.636, -6.084, 0.561, 3.565, -8.949, 0.000, -13.547, 20.00
1, 1, -1.965, -0.000, 0.000, 0.000, -0.601, -5.697, 1.007, 3.539, -8.467, 0.000, -12.183, 20.00
1, 1, -1.944, -0.000, 0.000, 0.000, -0.563, -5.280, 1.507, 3.516, -7.751, 0.000, -10.515, 20.00
1, 1, -1.925, -0.000, 0.000, 0.000, -0.534, -4.974, 1.798, 3.495, -7.279, 0.000, -9.419, 20.00
1, 1, -1.910, -0.000, 0.000, 0.000, -0.507, -4.649, 2.233, 3.475, -6.810, 0.000, -8.168, 20.00
1, 1, -1.891, -0.000, 0.000, 0.000, -0.484, -4.417, 2.332, 3.457, -6.345, 0.000, -7.348, 20.00
1, 1, -1.862, -0.000, 0.000, 0.000, -0.475, -4.379, 2.038, 3.696, -6.345, 0.000, -7.327, 20.00
1, 1, -1.829, -0.000, 0.000, 0.000, -0.474, -4.429, 1.646, 3.705, -6.577, 0.000, -7.958, 20.00
1, 1, -1.795, -0.000, 0.000, 0.000, -0.480, -4.552, 1.225, 3.710, -7.044, 0.000, -8.937, 20.00
1, 1, -1.765, -0.000, 0.000, 0.000, -0.483, -4.627, 0.908, 4.550, -7.279, 0.000, -8.697, 20.00
1, 1, -1.743, -0.000, 0.000, 0.000, -0.486, -4.543, 0.772, 6.728, -7.514, 0.000, -6.786, 20.00
1, 1, -1.722, -0.000, 0.000, 0.000, -0.489, -4.559, 0.690, 6.996, -7.751, 0.000, -6.834, 20.00
1, 1, -1.706, -0.000, 0.000, 0.000, -0.487, -4.539, 0.626, 7.205, -7.751, 0.000, -6.651, 20.00
1, 1, -1.693, 0.000, 0.000, 0.000, -0.490, -4.560, 0.574, 7.375, -7.989, 0.000, -6.783, 20.00
1, 0, -1.125, 0.000, 0.000, 0.000, -0.330, -3.068, 0.531, 5.933, -8.064, 6.122, 0.000, 19.59
1, 0, -0.627, 0.000, 0.000, 0.000, -0.186, -1.729, 0.495, 4.221, -8.144, 5.969, -0.000, 19.19
1, 0, -0.285, 0.000, 0.000, 0.000, -0.085, -0.786, 0.465, 4.040, -8.019, 4.669, -0.000, 18.88
1, 0, -0.038, 0.000, 0.000, 0.000, -0.012, -0.107, 0.439, 3.906, -8.152, 3.965, -0.000, 18.62
1, 0, 0.141, 0.000, 0.000, 0.000, 0.042, 0.392, 0.415, 3.803, -8.065, 3.272, -0.000, 18.40
1, 0, 0.275, 0.000, 0.000, 0.000, 0.083, 0.771, 0.395, 3.720, -8.225, 2.980, -0.000, 18.20
1, 0, 0.380, 0.000, 0.000, 0.000, 0.114, 1.064, 0.376, 3.654, -8.156, 2.568, 0.000, 18.03
1, 0, 0.461, 0.000, 0.000, 0.000, 0.140, 1.300, 0.359, 3.600, -8.330, 2.470, 0.000, 17.87
1, 1, -2.566, -0.000, 0.000, 0.000, -0.784, -7.280, 0.343, 4.392, -9.435, -32.015, -47.345, 20.00
1, 1, -2.409, -0.000, 0.000, 0.000, -0.727, -6.955, 0.382, 4.436, -9.192, 0.000, -14.465, 20.00
1, 1, -2.322, -0.000, 0.000, 0.000, -0.681, -6.491, 0.673, 4.466, -8.707, 0.000, -13.063, 20.00
1, 1, -2.273, -0.000, 0.000, 0.000, -0.630, -5.933, 1.193, 4.488, -7.751, 0.000, -10.905, 20.00
1, 1, -2.237, -0.000, 0.000, 0.000, -0.585, -5.426, 1.826, 4.504, -7.044, 0.000, -8.962, 20.00
1, 1, -2.212, -0.000, 0.000, 0.000, -0.540, -4.906, 2.409, 4.517, -6.114, 0.000, -6.846, 20.00
1, 1, -2.180, -0.000, 0.000, 0.000, -0.505, -4.542, 2.570, 4.527, -5.426, 0.000, -5.557, 20.00
1, 1, -2.138, -0.000, 0.000, 0.000, -0.482, -4.333, 2.562, 4.535, -5.199, 0.000, -5.055, 20.00
1, 1, -2.086, -0.000, 0.000, 0.000, -0.470, -4.268, 2.251, 4.541, -5.199, 0.000, -5.231, 20.00
1, 1, -2.025, -0.000, 0.000, 0.000, -0.472, -4.393, 1.635, 4.546, -5.655, 0.000, -6.364, 20.00
1, 1, -1.965, -0.000, 0.000, 0.000, -0.482, -4.555, 1.187, 4.550, -6.345, 0.000, -7.609, 20.00
1, 1, -1.915, -0.000, 0.000, 0.000, -0.483, -4.599, 0.966, 5.392, -6.577, 0.000, -7.216, 20.00
1, 1, -1.877, -0.000, 0.000, 0.000, -0.480, -4.471, 0.828, 7.574, -6.577, 0.000, -5.004, 20.00
1, 1, -1.840, -0.000, 0.000, 0.000, -0.481, -4.472, 0.743, 7.846, -6.810, 0.000, -5.014, 20.00
1, 1, -1.810, -0.000, 0.000, 0.000, -0.478, -4.439, 0.675, 8.060, -6.810, 0.000, -4.801, 20.00
1, 1, -1.784, -0.000, 0.000, 0.000, -0.479, -4.447, 0.621, 8.235, -7.044, 0.000, -4.897, 20.00
1, 0, -1.288, 0.000, 0.000, 0.000, -0.348, -3.231, 0.576, 6.286, -6.914, 4.919, -0.000, 19.67
1, 0, -0.837, 0.000, 0.000, 0.000, -0.227, -2.108, 0.538, 4.529, -6.785, 4.890, -0.000, 19.35
1, 0, -0.512, 0.000, 0.000, 0.000, -0.141, -1.307, 0.505, 4.315, -6.912, 4.052, -0.000, 19.08
1, 0, -0.271, 0.000, 0.000, 0.000, -0.076, -0.701, 0.477, 4.155, -7.055, 3.470, -0.000, 18.84
1, 0, -0.095, 0.000, 0.000, 0.000, -0.026, -0.246, 0.452, 4.030, -6.979, 2.863, -0.000, 18.65
1, 0, 0.040, 0.000, 0.000, 0.000, 0.011, 0.106, 0.430, 3.931, -7.145, 2.626, -0.000, 18.48
1, 0, 0.145, 0.000, 0.000, 0.000, 0.041, 0.382, 0.410, 3.850, -7.085, 2.256, -0.000, 18.33
1, 0, 0.229, 0.000, 0.000, 0.000, 0.066, 0.609, 0.391, 3.783, -7.263, 2.185, -0.000, 18.18
1, 1, -2.447, -0.000, 0.000, 0.000, -0.709, -6.577, 0.374, 4.566, -8.227, -27.260, -40.282, 20.00
1, 1, -2.294, -0.000, 0.000, 0.000, -0.665, -6.356, 0.376, 4.600, -8.227, 0.000, -12.567, 20.00
1, 1, -2.202, -0.000, 0.000, 0.000, -0.631, -6.032, 0.489, 4.622, -7.989, 0.000, -11.744, 20.00
1, 1, -2.142, -0.000, 0.000, 0.000, -0.596, -5.672, 0.766, 4.636, -7.514, 0.000, -10.521, 20.00
1, 1, -2.102, -0.000, 0.000, 0.000, -0.561, -5.268, 1.345, 4.646, -7.044, 0.000, -8.983, 20.00
1, 1, -2.073, -0.000, 0.000, 0.000, -0.524, -4.848, 1.883, 4.652, -6.345, 0.000, -7.255, 20.00
1, 1, -2.038, -0.000, 0.000, 0.000, -0.499, -4.608, 1.894, 4.656, -5.884, 0.000, -6.478, 20.00
1, 1, -1.991, -0.000, 0.000, 0.000, -0.494, -4.634, 1.445, 4.659, -6.114, 0.000, -7.128, 20.00
1, 1, -1.951, -0.000, 0.000, 0.000, -0.484, -4.565, 1.315, 4.660, -6.114, 0.000, -7.139, 20.00
1, 1, -1.910, -0.000, 0.000, 0.000, -0.481, -4.547, 1.229, 4.660, -6.345, 0.000, -7.394, 20.00
1, 1, -1.869, -0.000, 0.000, 0.000, -0.481, -4.597, 0.928, 4.660, -6.577, 0.000, -7.937, 20.00
1, 1, -1.833, -0.000, 0.000, 0.000, -0.482, -4.638, 0.726, 5.497, -6.810, 0.000, -7.540, 20.00
1, 1, -1.806, -0.000, 0.000, 0.000, -0.480, -4.502, 0.622, 7.675, -6.810, 0.000, -5.302, 20.00
1, 1, -1.780, -0.000, 0.000, 0.000, -0.481, -4.500, 0.563, 7.943, -7.044, 0.000, -5.298, 20.00
1, 1, -1.757, -0.000, 0.000, 0.000, -0.482, -4.507, 0.517, 8.153, -7.279, 0.000, -5.355, 20.00
1, 1, -1.738, -0.000, 0.000, 0.000, -0.480, -4.480, 0.478, 8.325, -7.279, 0.000, -5.174, 20.00
1, 0, -1.224, 0.000, 0.000, 0.000, -0.343, -3.196, 0.446, 6.373, -7.373, 5.318, 0.000, 19.65
1, 0, -0.753, 0.000, 0.000, 0.000, -0.213, -1.990, 0.419, 4.612, -7.466, 5.391, -0.000, 19.29
1, 0, -0.425, 0.000, 0.000, 0.000, -0.121, -1.128, 0.395, 4.394, -7.354, 4.239, -0.000, 19.00
1, 0, -0.187, 0.000, 0.000, 0.000, -0.054, -0.500, 0.374, 4.231, -7.494, 3.629, -0.000, 18.76
1, 0, -0.004, 0.000, 0.000, 0.000, -0.001, -0.012, 0.356, 4.104, -7.646, 3.204, -0.000, 18.55
1, 0, 0.139, 0.000, 0.000, 0.000, 0.041, 0.380, 0.339, 4.002, -7.807, 2.907, -0.000, 18.35
1, 0, 0.255, 0.000, 0.000, 0.000, 0.076, 0.705, 0.323, 3.918, -7.974, 2.697, 0.000, 18.17
1, 0, 0.351, 0.000, 0.000, 0.000, 0.106, 0.982, 0.309, 3.849, -8.145, 2.549, 0.000, 18.00
1, 1, -2.489, -0.000, 0.000, 0.000, -0.756, -7.025, 0.296, 3.859, -9.192, -29.933, -45.240, 20.00
1, 1, -2.330, -0.000, 0.000, 0.000, -0.713, -6.840, 0.301, 3.815, -9.435, 0.000, -15.203, 20.00
1, 1, -2.239, -0.000, 0.000, 0.000, -0.679, -6.535, 0.310, 3.776, -9.192, 0.000, -14.558, 20.00
1, 1, -2.173, -0.000, 0.000, 0.000, -0.654, -6.300, 0.447, 3.741, -9.192, 0.000, -14.131, 20.00
1, 1, -2.131, -0.000, 0.000, 0.000, -0.628, -6.019, 0.768, 3.708, -8.949, 0.000, -13.250, 20.00
1, 1, -2.109, -0.000, 0.000, 0.000, -0.592, -5.601, 1.378, 3.679, -8.227, 0.000, -11.472, 20.00
1, 1, -2.084, -0.000, 0.000, 0.000, -0.571, -5.377, 1.587, 3.652, -7.989, 0.000, -10.782, 20.00
1, 1, -2.060, -0.000, 0.000, 0.000, -0.553, -5.210, 1.632, 3.626, -7.751, 0.000, -10.315, 20.00
1, 1, -2.031, -0.000, 0.000, 0.000, -0.546, -5.179, 1.351, 3.859, -7.751, 0.000, -10.297, 20.00
1, 1, -2.002, -0.000, 0.000, 0.000, -0.541, -5.193, 0.945, 3.861, -7.751, 0.000, -10.681, 20.00
1, 1, -1.974, -0.000, 0.000, 0.000, -0.541, -5.220, 0.730, 3.860, -7.989, 0.000, -11.134, 20.00
1, 1, -1.953, -0.000, 0.000, 0.000, -0.543, -5.112, 0.576, 4.694, -8.227, 0.000, -10.565, 20.00
1, 1, -1.932, -0.000, 0.000, 0.000, -0.539, -5.064, 0.513, 6.866, -8.227, 0.000, -8.383, 20.00
1, 1, -1.914, -0.000, 0.000, 0.000, -0.535, -5.020, 0.464, 7.129, -8.227, 0.000, -8.104, 20.00
1, 1, -1.899, -0.000, 0.000, 0.000, -0.532, -4.980, 0.424, 7.333, -8.227, 0.000, -7.881, 20.00
1, 1, -1.886, -0.000, 0.000, 0.000, -0.528, -4.942, 0.392, 7.498, -8.227, 0.000, -7.694, 20.00
1, 0, -1.260, 0.000, 0.000, 0.000, -0.353, -3.296, 0.365, 6.051, -8.053, 6.545, 0.000, 19.56
1, 0, -0.729, 0.000, 0.000, 0.000, -0.204, -1.904, 0.342, 4.335, -7.891, 6.051, 0.000, 19.16
1, 0, -0.364, 0.000, 0.000, 0.000, -0.102, -0.950, 0.323, 4.149, -7.766, 4.709, -0.000, 18.85
1, 0, -0.110, 0.000, 0.000, 0.000, -0.031, -0.285, 0.306, 4.011, -7.665, 3.774, -0.000, 18.59
1, 0, 0.071, 0.000, 0.000, 0.000, 0.020, 0.185, 0.290, 3.903, -7.582, 3.112, 0.000, 18.39
1, 0, 0.202, 0.000, 0.000, 0.000, 0.056, 0.524, 0.276, 3.817, -7.511, 2.636, -0.000, 18.21
1, 0, 0.298, 0.000, 0.000, 0.000, 0.083, 0.772, 0.264, 3.747, -7.450, 2.287, 0.000, 18.06
1, 0, 0.365, 0.000, 0.000, 0.000, 0.100, 0.936, 0.252, 3.689, -7.165, 1.823, -0.000, 17.94
1, 1, -2.763, -0.000, 0.000, 0.000, -0.758, -7.065, 0.241, 3.709, -7.989, -30.936, -45.561, 20.00
1, 1, -2.586, -0.000, 0.000, 0.000, -0.701, -6.697, 0.302, 3.673, -7.751, 0.000, -13.759, 20.00
1, 1, -2.481, -0.000, 0.000, 0.000, -0.652, -6.209, 0.615, 3.641, -7.279, 0.000, -12.364, 20.00
1, 1, -2.406, -0.000, 0.000, 0.000, -0.605, -5.719, 0.977, 3.613, -6.577, 0.000, -10.718, 20.00
1, 1, -2.338, -0.000, 0.000, 0.000, -0.573, -5.385, 1.250, 3.587, -6.345, 0.000, -9.805, 20.00
1, 1, -2.281, -0.000, 0.000, 0.000, -0.544, -5.083, 1.547, 3.563, -6.114, 0.000, -8.912, 20.00
1, 1, -2.223, -0.000, 0.000, 0.000, -0.522, -4.878, 1.561, 3.540, -5.884, 0.000, -8.407, 20.00
1, 1, -2.165, -0.000, 0.000, 0.000, -0.509, -4.773, 1.441, 3.520, -5.884, 0.000, -8.370, 20.00
1, 1, -2.105, -0.000, 0.000, 0.000, -0.505, -4.776, 1.154, 3.757, -6.114, 0.000, -8.589, 20.00
1, 1, -2.052, -0.000, 0.000, 0.000, -0.496, -4.718, 1.021, 3.763, -6.114, 0.000, -8.597, 20.00
1, 1, -2.003, -0.000, 0.000, 0.000, -0.494, -4.715, 0.904, 3.765, -6.345, 0.000, -8.886, 20.00
1, 1, -1.956, -0.000, 0.000, 0.000, -0.494, -4.756, 0.654, 4.603, -6.577, 0.000, -8.525, 20.00
1, 1, -1.921, -0.000, 0.000, 0.000, -0.491, -4.616, 0.540, 6.779, -6.577, 0.000, -6.286, 20.00
1, 1, -1.886, -0.000, 0.000, 0.000, -0.491, -4.604, 0.485, 7.046, -6.810, 0.000, -6.261, 20.00
1, 1, -1.857, -0.000, 0.000, 0.000, -0.487, -4.560, 0.441, 7.253, -6.810, 0.000, -6.020, 20.00
1, 1, -1.831, -0.000, 0.000, 0.000, -0.483, -4.517, 0.406, 7.421, -6.810, 0.000, -5.815, 20.00
1, 0, -1.286, 0.000, 0.000, 0.000, -0.344, -3.215, 0.377, 5.977, -6.901, 5.393, 0.000, 19.64
1, 0, -0.807, 0.000, 0.000, 0.000, -0.217, -2.024, 0.352, 4.263, -6.764, 5.196, -0.000, 19.29
1, 0, -0.466, 0.000, 0.000, 0.000, -0.127, -1.184, 0.331, 4.081, -6.886, 4.251, 0.000, 19.01
1, 0, -0.226, 0.000, 0.000, 0.000, -0.062, -0.575, 0.313, 3.945, -6.796, 3.400, -0.000, 18.78
1, 0, -0.055, 0.000, 0.000, 0.000, -0.015, -0.141, 0.297, 3.840, -6.722, 2.797, -0.000, 18.60
1, 0, 0.074, 0.000, 0.000, 0.000, 0.021, 0.192, 0.282, 3.757, -6.888, 2.563, 0.000, 18.43
1, 0, 0.181, 0.000, 0.000, 0.000, 0.051, 0.472, 0.269, 3.689, -7.060, 2.398, -0.000, 18.27
1, 0, 0.266, 0.000, 0.000, 0.000, 0.075, 0.696, 0.257, 3.633, -7.005, 2.079, -0.000, 18.13
1, 1, -2.518, -0.000, 0.000, 0.000, -0.716, -6.665, 0.245, 3.655, -7.989, -28.077, -42.064, 20.00
1, 1, -2.360, -0.000, 0.000, 0.000, -0.665, -6.363, 0.289, 3.621, -7.751, 0.000, -13.230, 20.00
1, 1, -2.277, -0.000, 0.000, 0.000, -0.616, -5.840, 0.723, 3.592, -7.044, 0.000, -11.462, 20.00
1, 1, -2.224, -0.000, 0.000, 0.000, -0.565, -5.285, 1.262, 3.565, -6.114, 0.000, -9.362, 20.00
1, 1, -2.172, -0.000, 0.000, 0.000, -0.529, -4.916, 1.537, 3.541, -5.655, 0.000, -8.195, 20.00
1, 1, -2.131, -0.000, 0.000, 0.000, -0.495, -4.537, 1.974, 3.518, -5.199, 0.000, -6.870, 20.00
1, 1, -2.084, -0.000, 0.000, 0.000, -0.472, -4.299, 2.100, 3.498, -4.972, 0.000, -6.229, 20.00
1, 1, -2.028, -0.000, 0.000, 0.000, -0.458, -4.202, 1.941, 3.479, -4.972, 0.000, -6.242, 20.00
1, 1, -1.968, -0.000, 0.000, 0.000, -0.454, -4.230, 1.548, 3.717, -5.199, 0.000, -6.586, 20.00
1, 1, -1.911, -0.000, 0.000, 0.000, -0.453, -4.259, 1.245, 3.726, -5.426, 0.000, -7.079, 20.00
1, 1, -1.856, -0.000, 0.000, 0.000, -0.457, -4.344, 0.978, 3.729, -5.884, 0.000, -7.835, 20.00
1, 1, -1.808, -0.000, 0.000, 0.000, -0.459, -4.395, 0.743, 4.568, -6.114, 0.000, -7.465, 20.00
1, 1, -1.773, -0.000, 0.000, 0.000, -0.456, -4.267, 0.643, 6.746, -6.114, 0.000, -5.221, 20.00
1, 1, -1.739, -0.000, 0.000, 0.000, -0.457, -4.266, 0.577, 7.013, -6.345, 0.000, -5.216, 20.00
1, 1, -1.711, -0.000, 0.000, 0.000, -0.453, -4.230, 0.525, 7.222, -6.345, 0.000, -4.993, 20.00
1, 1, -1.688, -0.000, 0.000, 0.000, -0.450, -4.196, 0.483, 7.391, -6.345, 0.000, -4.805, 20.00
1, 0, -1.219, 0.000, 0.000, 0.000, -0.330, -3.074, 0.448, 5.949, -6.454, 4.681, -0.000, 19.69
1, 0, -0.790, 0.000, 0.000, 0.000, -0.215, -1.999, 0.419, 4.236, -6.331, 4.680, 0.000, 19.38
1, 0, -0.482, 0.000, 0.000, 0.000, -0.133, -1.237, 0.393, 4.054, -6.461, 3.865, -0.000, 19.12
1, 0, -0.263, 0.000, 0.000, 0.000, -0.073, -0.678, 0.372, 3.920, -6.379, 3.102, -0.000, 18.91
1, 0, -0.108, 0.000, 0.000, 0.000, -0.030, -0.278, 0.352, 3.816, -6.312, 2.560, -0.000, 18.74
1, 0, 0.012, 0.000, 0.000, 0.000, 0.003, 0.031, 0.335, 3.733, -6.482, 2.367, 0.000, 18.58
1, 0, 0.106, 0.000, 0.000, 0.000, 0.030, 0.276, 0.319, 3.666, -6.429, 2.031, -0.000, 18.45
1, 0, 0.181, 0.000, 0.000, 0.000, 0.051, 0.478, 0.305, 3.611, -6.610, 1.983, -0.000, 18.32
1, 1, -2.310, -0.000, 0.000, 0.000, -0.657, -6.106, 0.291, 3.634, -7.279, -25.269, -37.695, 20.00
1, 1, -2.171, -0.000, 0.000, 0.000, -0.610, -5.824, 0.350, 3.601, -7.044, 0.000, -11.697, 20.00
1, 1, -2.092, -0.000, 0.000, 0.000, -0.570, -5.401, 0.675, 3.572, -6.577, 0.000, -10.392, 20.00
1, 1, -2.040, -0.000, 0.000, 0.000, -0.527, -4.934, 1.165, 3.546, -5.884, 0.000, -8.674, 20.00
1, 1, -2.005, -0.000, 0.000, 0.000, -0.486, -4.461, 1.788, 3.523, -5.199, 0.000, -6.839, 20.00
1, 1, -1.970, -0.000, 0.000, 0.000, -0.450, -4.078, 2.087, 3.501, -4.522, 0.000, -5.431, 20.00
1, 1, -1.919, -0.000, 0.000, 0.000, -0.434, -3.963, 1.926, 3.481, -4.522, 0.000, -5.431, 20.00
1, 1, -1.869, -0.000, 0.000, 0.000, -0.422, -3.884, 1.734, 3.463, -4.522, 0.000, -5.500, 20.00
1, 1, -1.817, -0.000, 0.000, 0.000, -0.417, -3.855, 1.618, 3.702, -4.747, 0.000, -5.515, 20.00
1, 1, -1.760, -0.000, 0.000, 0.000, -0.422, -3.969, 1.181, 3.711, -5.199, 0.000, -6.459, 20.00
1, 1, -1.711, -0.000, 0.000, 0.000, -0.424, -4.039, 0.831, 3.715, -5.426, 0.000, -7.054, 20.00
1, 1, -1.668, -0.000, 0.000, 0.000, -0.425, -4.064, 0.721, 4.555, -5.655, 0.000, -6.536, 20.00
1, 1, -1.636, -0.000, 0.000, 0.000, -0.422, -3.945, 0.629, 6.733, -5.655, 0.000, -4.296, 20.00
1, 1, -1.606, -0.000, 0.000, 0.000, -0.423, -3.947, 0.569, 7.001, -5.884, 0.000, -4.290, 20.00
1, 1, -1.581, -0.000, 0.000, 0.000, -0.420, -3.916, 0.521, 7.210, -5.884, 0.000, -4.071, 20.00
1, 1, -1.560, -0.000, 0.000, 0.000, -0.417, -3.884, 0.481, 7.379, -5.884, 0.000, -3.884, 20.00
1, 0, -1.159, 0.000, 0.000, 0.000, -0.315, -2.930, 0.448, 5.938, -6.008, 4.027, 0.000, 19.73
1, 0, -0.774, 0.000, 0.000, 0.000, -0.211, -1.964, 0.420, 4.225, -5.898, 4.202, -0.000, 19.45
1, 0, -0.506, 0.000, 0.000, 0.000, -0.139, -1.288, 0.396, 4.044, -5.812, 3.305, -0.000, 19.23
1, 0, -0.308, 0.000, 0.000, 0.000, -0.085, -0.792, 0.375, 3.910, -5.967, 2.867, -0.000, 19.04
1, 0, -0.161, 0.000, 0.000, 0.000, -0.045, -0.416, 0.356, 3.806, -5.905, 2.365, -0.000, 18.88
1, 0, -0.055, 0.000, 0.000, 0.000, -0.015, -0.141, 0.339, 3.724, -5.852, 2.001, -0.000, 18.75
1, 0, 0.031, 0.000, 0.000, 0.000, 0.009, 0.081, 0.323, 3.658, -6.032, 1.932, -0.000, 18.62
1, 0, 0.101, 0.000, 0.000, 0.000, 0.028, 0.264, 0.309, 3.603, -5.988, 1.684, -0.000, 18.51
1, 1, -2.113, -0.000, 0.000, 0.000, -0.597, -5.536, 0.295, 3.626, -6.577, -22.382, -33.283, 20.00
1, 1, -1.985, -0.000, 0.000, 0.000, -0.559, -5.337, 0.319, 3.594, -6.577, 0.000, -10.546, 20.00
1, 1, -1.906, -0.000, 0.000, 0.000, -0.530, -5.066, 0.366, 3.565, -6.345, 0.000, -9.915, 20.00
1, 1, -1.849, -0.000, 0.000, 0.000, -0.503, -4.791, 0.601, 3.539, -6.114, 0.000, -9.117, 20.00
1, 1, -1.817, -0.000, 0.000, 0.000, -0.466, -4.362, 1.201, 3.516, -5.426, 0.000, -7.355, 20.00
1, 1, -1.793, -0.000, 0.000, 0.000, -0.430, -3.933, 1.838, 3.495, -4.747, 0.000, -5.570, 20.00
1, 1, -1.768, -0.000, 0.000, 0.000, -0.399, -3.577, 2.185, 3.475, -4.075, 0.000, -4.158, 20.00
1, 1, -1.737, -0.000, 0.000, 0.000, -0.374, -3.328, 2.295, 3.457, -3.632, 0.000, -3.320, 20.00
1, 1, -1.697, -0.000, 0.000, 0.000, -0.359, -3.218, 2.059, 3.696, -3.412, 0.000, -2.931, 20.00
1, 1, -1.648, -0.000, 0.000, 0.000, -0.356, -3.251, 1.672, 3.705, -3.632, 0.000, -3.509, 20.00
1, 1, -1.599, -0.000, 0.000, 0.000, -0.356, -3.316, 1.235, 3.710, -3.853, 0.000, -4.180, 20.00
1, 1, -1.551, -0.000, 0.000, 0.000, -0.362, -3.424, 0.887, 4.550, -4.298, 0.000, -4.199, 20.00
1, 1, -1.511, -0.000, 0.000, 0.000, -0.364, -3.372, 0.750, 6.728, -4.522, 0.000, -2.291, 20.00
1, 1, -1.474, -0.000, 0.000, 0.000, -0.365, -3.383, 0.667, 6.996, -4.747, 0.000, -2.306, 20.00
1, 1, -1.442, 0.000, 0.000, 0.000, -0.363, -3.357, 0.602, 7.205, -4.747, 0.000, -2.102, 20.00
1, 1, -1.415, 0.000, 0.000, 0.000, -0.364, -3.373, 0.551, 7.375, -4.972, 0.000, -2.199, 20.00
1, 0, -1.121, 0.000, 0.000, 0.000, -0.295, -2.734, 0.508, 5.933, -5.125, 2.834, 0.000, 19.81
1, 0, -0.787, 0.000, 0.000, 0.000, -0.212, -1.962, 0.473, 4.221, -5.261, 3.527, 0.000, 19.58
1, 0, -0.541, 0.000, 0.000, 0.000, -0.149, -1.377, 0.443, 4.040, -5.410, 2.994, -0.000, 19.38
1, 0, -0.344, 0.000, 0.000, 0.000, -0.098, -0.905, 0.417, 3.906, -5.795, 2.818, 0.000, 19.19
1, 0, -0.189, 0.000, 0.000, 0.000, -0.055, -0.507, 0.395, 3.803, -5.959, 2.513, -0.000, 19.02
1, 0, -0.066, 0.000, 0.000, 0.000, -0.020, -0.181, 0.375, 3.720, -6.130, 2.302, 0.000, 18.87
1, 0, 0.040, 0.000, 0.000, 0.000, 0.012, 0.113, 0.357, 3.654, -6.533, 2.356, 0.000, 18.71
1, 0, 0.134, 0.000, 0.000, 0.000, 0.041, 0.383, 0.340, 3.600, -6.708, 2.210, -0.000, 18.56
1, 1, -1.861, -0.000, 0.000, 0.000, -0.590, -5.459, 0.325, 4.392, -7.751, -21.554, -32.498, 20.00
1, 1, -1.763, -0.000, 0.000, 0.000, -0.552, -5.265, 0.418, 4.436, -7.514, 0.000, -10.240, 20.00
1, 1, -1.719, -0.000, 0.000, 0.000, -0.509, -4.804, 0.815, 4.466, -6.577, 0.000, -8.328, 20.00
1, 1, -1.692, -0.000, 0.000, 0.000, -0.471, -4.369, 1.363, 4.488, -5.884, 0.000, -6.565, 20.00
1, 1, -1.678, -0.000, 0.000, 0.000, -0.429, -3.882, 2.017, 4.504, -4.972, 0.000, -4.440, 20.00
1, 1, -1.664, -0.000, 0.000, 0.000, -0.394, -3.461, 2.601, 4.517, -4.298, 0.000, -2.698, 20.00
1, 1, -1.643, -0.000, 0.000, 0.000, -0.364, -3.145, 2.753, 4.527, -3.632, 0.000, -1.505, 20.00
1, 1, -1.612, -0.000, 0.000, 0.000, -0.345, -2.979, 2.718, 4.535, -3.412, 0.000, -1.095, 20.00
1, 1, -1.571, -0.000, 0.000, 0.000, -0.336, -2.953, 2.354, 4.541, -3.412, 0.000, -1.377, 20.00
1, 1, -1.524, -0.000, 0.000, 0.000, -0.340, -3.084, 1.798, 4.546, -3.853, 0.000, -2.457, 20.00
1, 1, -1.477, -0.000, 0.000, 0.000, -0.352, -3.260, 1.361, 4.550, -4.522, 0.000, -3.699, 20.00
1, 1, -1.435, -0.000, 0.000, 0.000, -0.360, -3.380, 1.075, 5.392, -4.972, 0.000, -3.680, 20.00
1, 1, -1.402, 0.000, 0.000, 0.000, -0.360, -3.309, 0.894, 7.574, -4.972, 0.000, -1.574, 20.00
1, 1, -1.372, 0.000, 0.000, 0.000, -0.362, -3.334, 0.799, 7.846, -5.199, 0.000, -1.622, 20.00
1, 1, -1.349, 0.000, 0.000, 0.000, -0.365, -3.363, 0.724, 8.060, -5.426, 0.000, -1.719, 20.00
1, 1, -1.330, 0.000, 0.000, 0.000, -0.364, -3.354, 0.664, 8.235, -5.426, 0.000, -1.575, 20.00
1, 0, -1.061, 0.000, 0.000, 0.000, -0.296, -2.730, 0.614, 6.286, -5.582, 2.769, 0.000, 19.82
1, 0, -0.745, 0.000, 0.000, 0.000, -0.212, -1.954, 0.573, 4.529, -5.719, 3.529, 0.000, 19.58
1, 0, -0.509, 0.000, 0.000, 0.000, -0.148, -1.360, 0.538, 4.315, -5.869, 3.034, -0.000, 19.38
1, 0, -0.338, 0.000, 0.000, 0.000, -0.098, -0.907, 0.507, 4.155, -5.804, 2.486, -0.000, 19.21
1, 0, -0.205, 0.000, 0.000, 0.000, -0.060, -0.557, 0.480, 4.030, -5.975, 2.287, 0.000, 19.06
1, 0, -0.094, 0.000, 0.000, 0.000, -0.028, -0.260, 0.456, 3.931, -6.149, 2.145, -0.000, 18.92
1, 0, -0.001, 0.000, 0.000, 0.000, -0.000, -0.002, 0.434, 3.850, -6.328, 2.047, 0.000, 18.78
1, 0, 0.074, 0.000, 0.000, 0.000, 0.022, 0.208, 0.414, 3.783, -6.281, 1.779, 0.000, 18.66
1, 1, -1.817, -0.000, 0.000, 0.000, -0.557, -5.142, 0.396, 4.566, -7.044, -20.075, -29.673, 20.00
1, 1, -1.720, -0.000, 0.000, 0.000, -0.526, -4.995, 0.450, 4.600, -7.044, 0.000, -9.234, 20.00
1, 1, -1.676, -0.000, 0.000, 0.000, -0.483, -4.551, 0.803, 4.622, -6.114, 0.000, -7.399, 20.00
1, 1, -1.650, -0.000, 0.000, 0.000, -0.441, -4.073, 1.355, 4.636, -5.199, 0.000, -5.372, 20.00
1, 1, -1.634, -0.000, 0.000, 0.000, -0.399, -3.586, 1.999, 4.646, -4.298, 0.000, -3.272, 20.00
1, 1, -1.615, -0.000, 0.000, 0.000, -0.364, -3.194, 2.447, 4.652, -3.632, 0.000, -1.706, 20.00
1, 1, -1.589, -0.000, 0.000, 0.000, -0.338, -2.932, 2.567, 4.656, -3.192, 0.000, -0.828, 20.00
1, 1, -1.555, -0.000, 0.000, 0.000, -0.320, -2.778, 2.498, 4.659, -2.974, 0.000, -0.470, 20.00
1, 1, -1.514, -0.000, 0.000, 0.000, -0.310, -2.701, 2.368, 4.660, -2.974, 0.000, -0.471, 20.00
1, 1, -1.468, -0.000, 0.000, 0.000, -0.308, -2.727, 2.074, 4.660, -3.192, 0.000, -0.961, 20.00
1, 1, -1.419, -0.000, 0.000, 0.000, -0.316, -2.882, 1.501, 4.660, -3.632, 0.000, -2.088, 20.00
1, 1, -1.375, 0.000, 0.000, 0.000, -0.324, -3.016, 1.108, 5.497, -4.075, 0.000, -2.184, 20.00
1, 1, -1.337, 0.000, 0.000, 0.000, -0.327, -2.987, 0.936, 7.675, -4.298, 0.000, -0.339, 20.00
1, 1, -1.304, 0.000, 0.000, 0.000, -0.325, -2.970, 0.837, 7.943, -4.298, 0.000, -0.117, 20.00
1, 1, -1.277, 0.000, 0.000, 0.000, -0.327, -2.995, 0.759, 8.153, -4.522, 0.000, -0.208, 20.00
1, 1, -1.254, 0.000, 0.000, 0.000, -0.330, -3.023, 0.696, 8.325, -4.747, 0.000, -0.333, 20.00
1, 0, -1.063, 0.000, 0.000, 0.000, -0.287, -2.631, 0.644, 6.373, -4.923, 1.887, -0.000, 19.87
1, 0, -0.793, 0.000, 0.000, 0.000, -0.219, -2.009, 0.601, 4.612, -5.075, 2.882, -0.000, 19.68
1, 0, -0.597, 0.000, 0.000, 0.000, -0.166, -1.528, 0.564, 4.394, -5.014, 2.347, -0.000, 19.53
1, 0, -0.444, 0.000, 0.000, 0.000, -0.126, -1.156, 0.533, 4.231, -5.185, 2.147, 0.000, 19.38
1, 0, -0.327, 0.000, 0.000, 0.000, -0.093, -0.858, 0.504, 4.104, -5.138, 1.808, 0.000, 19.26
1, 0, -0.231, 0.000, 0.000, 0.000, -0.067, -0.616, 0.479, 4.002, -5.320, 1.753, -0.000, 19.15
1, 0, -0.146, 0.000, 0.000, 0.000, -0.043, -0.396, 0.457, 3.918, -5.504, 1.714, 0.000, 19.03
1, 0, -0.078, 0.000, 0.000, 0.000, -0.023, -0.211, 0.436, 3.849, -5.465, 1.492, -0.000, 18.93
1, 1, -1.611, -0.000, 0.000, 0.000, -0.481, -4.429, 0.416, 3.859, -6.114, -16.030, -24.390, 20.00
1, 1, -1.530, -0.000, 0.000, 0.000, -0.457, -4.331, 0.434, 3.815, -6.114, 0.000, -8.182, 20.00
1, 1, -1.486, -0.000, 0.000, 0.000, -0.429, -4.049, 0.667, 3.776, -5.655, 0.000, -7.176, 20.00
1, 1, -1.459, -0.000, 0.000, 0.000, -0.397, -3.697, 1.077, 3.741, -4.972, 0.000, -5.708, 20.00
1, 1, -1.437, -0.000, 0.000, 0.000, -0.370, -3.403, 1.462, 3.708, -4.522, 0.000, -4.562, 20.00
1, 1, -1.418, -0.000, 0.000, 0.000, -0.346, -3.137, 1.771, 3.679, -4.075, 0.000, -3.525, 20.00
1, 1, -1.396, -0.000, 0.000, 0.000, -0.328, -2.949, 1.971, 3.652, -3.853, 0.000, -2.904, 20.00
1, 1, -1.371, -0.000, 0.000, 0.000, -0.314, -2.813, 1.993, 3.626, -3.632, 0.000, -2.511, 20.00
1, 1, -1.342, 0.000, 0.000, 0.000, -0.308, -2.785, 1.782, 3.859, -3.632, 0.000, -2.426, 20.00
1, 1, -1.311, 0.000, 0.000, 0.000, -0.308, -2.828, 1.512, 3.861, -3.853, 0.000, -2.928, 20.00
1, 1, -1.281, 0.000, 0.000, 0.000, -0.311, -2.902, 1.171, 3.860, -4.075, 0.000, -3.539, 20.00
1, 1, -1.252, 0.000, 0.000, 0.000, -0.315, -2.978, 0.871, 4.694, -4.298, 0.000, -3.279, 20.00
1, 1, -1.228, 0.000, 0.000, 0.000, -0.318, -2.942, 0.747, 6.866, -4.522, 0.000, -1.397, 20.00
1, 1, -1.207, 0.000, 0.000, 0.000, -0.317, -2.926, 0.674, 7.129, -4.522, 0.000, -1.169, 20.00
1, 1, -1.189, 0.000, 0.000, 0.000, -0.320, -2.950, 0.615, 7.333, -4.747, 0.000, -1.258, 20.00
1, 1, -1.175, 0.000, 0.000, 0.000, -0.318, -2.938, 0.568, 7.498, -4.747, 0.000, -1.113, 20.00
1, 0, -0.977, 0.000, 0.000, 0.000, -0.270, -2.493, 0.528, 6.051, -4.918, 2.079, 0.000, 19.86
1, 0, -0.723, 0.000, 0.000, 0.000, -0.201, -1.854, 0.495, 4.335, -4.846, 2.795, -0.000, 19.68
1, 0, -0.529, 0.000, 0.000, 0.000, -0.150, -1.379, 0.466, 4.149, -5.008, 2.451, -0.000, 19.51
1, 0, -0.386, 0.000, 0.000, 0.000, -0.110, -1.012, 0.441, 4.011, -4.956, 2.012, 0.000, 19.38
1, 0, -0.272, 0.000, 0.000, 0.000, -0.079, -0.725, 0.418, 3.903, -5.134, 1.888, 0.000, 19.25
1, 0, -0.184, 0.000, 0.000, 0.000, -0.053, -0.491, 0.398, 3.817, -5.092, 1.605, 0.000, 19.14
1, 0, -0.111, 0.000, 0.000, 0.000, -0.032, -0.299, 0.380, 3.747, -5.278, 1.593, 0.000, 19.04
1, 0, -0.050, 0.000, 0.000, 0.000, -0.015, -0.136, 0.363, 3.689, -5.242, 1.390, 0.000, 18.95
1, 1, -1.563, -0.000, 0.000, 0.000, -0.464, -4.283, 0.347, 3.709, -5.884, -15.814, -23.952, 20.00
1, 1, -1.489, -0.000, 0.000, 0.000, -0.442, -4.082, 0.332, 3.673, -5.884, 0.000, -7.891, 20.00
1, 1, -1.433, -0.000, 0.000, 0.000, -0.425, -4.036, 0.354, 3.641, -5.884, 0.000, -7.782, 20.00
1, 1, -1.397, -0.000, 0.000, 0.000, -0.413, -3.938, 0.365, 3.613, -5.884, 0.000, -7.653, 20.00
1, 1, -1.372, -0.000, 0.000, 0.000, -0.399, -3.812, 0.378, 3.587, -5.655, 0.000, -7.273, 20.00
1, 1, -1.352, -0.000, 0.000, 0.000, -0.390, -3.737, 0.411, 3.563, -5.655, 0.000, -7.161, 20.00
1, 1, -1.337, -0.000, 0.000, 0.000, -0.383, -3.674, 0.448, 3.540, -5.655, 0.000, -7.060, 20.00
1, 1, -1.324, 0.000, 0.000, 0.000, -0.378, -3.636, 0.418, 3.520, -5.655, 0.000, -7.056, 20.00
1, 1, -1.314, 0.000, 0.000, 0.000, -0.374, -3.595, 0.434, 3.757, -5.655, 0.000, -6.747, 20.00
1, 1, -1.305, 0.000, 0.000, 0.000, -0.370, -3.571, 0.398, 3.763, -5.655, 0.000, -6.740, 20.00
1, 1, -1.297, 0.000, 0.000, 0.000, -0.368, -3.561, 0.319, 3.765, -5.655, 0.000, -6.796, 20.00
1, 1, -1.290, 0.000, 0.000, 0.000, -0.365, -3.540, 0.301, 4.603, -5.655, 0.000, -5.946, 20.00
1, 1, -1.285, 0.000, 0.000, 0.000, -0.368, -3.470, 0.268, 6.779, -5.884, 0.000, -3.959, 20.00
1, 1, -1.280, 0.000, 0.000, 0.000, -0.366, -3.444, 0.253, 7.046, -5.884, 0.000, -3.676, 20.00
1, 1, -1.276, 0.000, 0.000, 0.000, -0.365, -3.422, 0.239, 7.253, -5.884, 0.000, -3.455, 20.00
1, 1, -1.272, 0.000, 0.000, 0.000, -0.363, -3.402, 0.227, 7.421, -5.884, 0.000, -3.274, 20.00
1, 0, -0.963, 0.000, 0.000, 0.000, -0.275, -2.567, 0.216, 5.977, -5.795, 3.406, -0.000, 19.77
1, 0, -0.640, 0.000, 0.000, 0.000, -0.182, -1.702, 0.206, 4.263, -5.697, 3.751, 0.000, 19.52
1, 0, -0.403, 0.000, 0.000, 0.000, -0.116, -1.081, 0.197, 4.081, -5.843, 3.167, 0.000, 19.31
1, 0, -0.223, 0.000, 0.000, 0.000, -0.065, -0.605, 0.188, 3.945, -6.001, 2.761, 0.000, 19.13
1, 0, -0.083, 0.000, 0.000, 0.000, -0.024, -0.227, 0.180, 3.840, -6.167, 2.481, 0.000, 18.96
1, 0, 0.030, 0.000, 0.000, 0.000, 0.009, 0.083, 0.173, 3.757, -6.339, 2.288, 0.000, 18.81
1, 0, 0.123, 0.000, 0.000, 0.000, 0.037, 0.346, 0.166, 3.689, -6.515, 2.154, 0.000, 18.67
1, 0, 0.202, 0.000, 0.000, 0.000, 0.062, 0.575, 0.159, 3.633, -6.694, 2.064, 0.000, 18.53
1, 1, -1.856, -0.000, 0.000, 0.000, -0.574, -5.340, 0.153, 3.655, -7.514, -22.071, -33.548, 20.00
1, 1, -1.752, -0.000, 0.000, 0.000, -0.541, -5.186, 0.200, 3.621, -7.514, 0.000, -11.172, 20.00
1, 1, -1.696, -0.000, 0.000, 0.000, -0.509, -4.867, 0.400, 3.592, -7.044, 0.000, -10.124, 20.00
1, 1, -1.656, -0.000, 0.000, 0.000, -0.484, -4.619, 0.630, 3.565, -6.810, 0.000, -9.374, 20.00
1, 1, -1.627, -0.000, 0.000, 0.000, -0.464, -4.411, 0.812, 3.541, -6.577, 0.000, -8.726, 20.00
1, 1, -1.600, -0.000, 0.000, 0.000, -0.453, -4.329, 0.734, 3.518, -6.577, 0.000, -8.707, 20.00
1, 1, -1.580, -0.000, 0.000, 0.000, -0.439, -4.190, 0.799, 3.498, -6.345, 0.000, -8.257, 20.00
1, 1, -1.562, -0.000, 0.000, 0.000, -0.429, -4.075, 0.990, 3.479, -6.345, 0.000, -7.942, 20.00
1, 1, -1.546, -0.000, 0.000, 0.000, -0.416, -3.937, 1.144, 3.717, -6.114, 0.000, -7.151, 20.00
1, 1, -1.530, 0.000, 0.000, 0.000, -0.411, -3.897, 1.078, 3.726, -6.114, 0.000, -7.147, 20.00
1, 1, -1.512, 0.000, 0.000, 0.000, -0.414, -3.982, 0.699, 3.729, -6.345, 0.000, -7.826, 20.00
1, 1, -1.498, 0.000, 0.000, 0.000, -0.419, -3.937, 0.464, 4.568, -6.577, 0.000, -7.398, 20.00
1, 1, -1.484, 0.000, 0.000, 0.000, -0.421, -3.953, 0.404, 6.746, -6.810, 0.000, -5.518, 20.00
1, 1, -1.472, 0.000, 0.000, 0.000, -0.424, -3.977, 0.359, 7.013, -7.044, 0.000, -5.545, 20.00
1, 1, -1.463, 0.000, 0.000, 0.000, -0.424, -3.966, 0.324, 7.222, -7.044, 0.000, -5.351, 20.00
1, 1, -1.457, 0.000, 0.000, 0.000, -0.427, -3.996, 0.295, 7.391, -7.279, 0.000, -5.473, 20.00
1, 0, -0.991, 0.000, 0.000, 0.000, -0.294, -2.748, 0.272, 5.949, -7.377, 5.188, -0.000, 19.65
1, 0, -0.560, 0.000, 0.000, 0.000, -0.168, -1.570, 0.253, 4.236, -7.473, 5.282, 0.000, 19.30
1, 0, -0.262, 0.000, 0.000, 0.000, -0.079, -0.735, 0.237, 4.054, -7.363, 4.147, -0.000, 19.03
1, 0, -0.046, 0.000, 0.000, 0.000, -0.014, -0.131, 0.223, 3.920, -7.505, 3.553, -0.000, 18.79
1, 0, 0.118, 0.000, 0.000, 0.000, 0.036, 0.336, 0.211, 3.816, -7.659, 3.142, -0.000, 18.58
1, 0, 0.241, 0.000, 0.000, 0.000, 0.074, 0.688, 0.200, 3.733, -7.588, 2.652, -0.000, 18.40
1, 0, 0.335, 0.000, 0.000, 0.000, 0.103, 0.964, 0.191, 3.666, -7.759, 2.499, 0.000, 18.24
1, 0, 0.416, 0.000, 0.000, 0.000, 0.129, 1.204, 0.182, 3.611, -7.934, 2.392, 0.000, 18.08
1, 1, -2.260, -0.000, 0.000, 0.000, -0.701, -6.530, 0.174, 3.634, -8.707, -28.855, -43.247, 20.00
1, 1, -2.129, -0.000, 0.000, 0.000, -0.650, -6.227, 0.273, 3.601, -8.467, 0.000, -13.599, 20.00
1, 1, -2.062, -0.000, 0.000, 0.000, -0.603, -5.728, 0.667, 3.572, -7.751, 0.000, -11.904, 20.00
1, 1, -2.026, -0.000, 0.000, 0.000, -0.549, -5.135, 1.237, 3.546, -6.577, 0.000, -9.503, 20.00
1, 1, -1.996, -0.000, 0.000, 0.000, -0.506, -4.648, 1.847, 3.523, -5.884, 0.000, -7.664, 20.00
1, 1, -1.969, -0.000, 0.000, 0.000, -0.468, -4.231, 2.257, 3.501, -5.199, 0.000, -6.108, 20.00
1, 1, -1.930, -0.000, 0.000, 0.000, -0.445, -4.020, 2.265, 3.481, -4.972, 0.000, -5.621, 20.00
1, 1, -1.891, -0.000, 0.000, 0.000, -0.425, -3.832, 2.291, 3.463, -4.747, 0.000, -5.140, 20.00
1, 1, -1.846, -0.000, 0.000, 0.000, -0.412, -3.717, 2.284, 3.702, -4.747, 0.000, -4.737, 20.00
1, 1, -1.795, -0.000, 0.000, 0.000, -0.410, -3.755, 1.905, 3.711, -4.972, 0.000, -5.317, 20.00
1, 1, -1.742, -0.000, 0.000, 0.000, -0.417, -3.900, 1.364, 3.715, -5.426, 0.000, -6.406, 20.00
1, 1, -1.695, -0.000, 0.000, 0.000, -0.424, -4.027, 0.986, 4.555, -5.884, 0.000, -6.489, 20.00
1, 1, -1.659, -0.000, 0.000, 0.000, -0.423, -3.930, 0.804, 6.733, -5.884, 0.000, -4.358, 20.00
1, 1, -1.625, -0.000, 0.000, 0.000, -0.425, -3.943, 0.710, 7.001, -6.114, 0.000, -4.396, 20.00
1, 1, -1.598, 0.000, 0.000, 0.000, -0.423, -3.920, 0.636, 7.210, -6.114, 0.000, -4.209, 20.00
1, 1, -1.575, 0.000, 0.000, 0.000, -0.424, -3.938, 0.578, 7.379, -6.345, 0.000, -4.325, 20.00
1, 0, -1.144, 0.000, 0.000, 0.000, -0.314, -2.911, 0.531, 5.938, -6.462, 4.362, -0.000, 19.71
1, 0, -0.739, 0.000, 0.000, 0.000, -0.204, -1.894, 0.492, 4.225, -6.345, 4.465, 0.000, 19.41
1, 0, -0.448, 0.000, 0.000, 0.000, -0.126, -1.166, 0.459, 4.044, -6.479, 3.717, 0.000, 19.16
1, 0, -0.241, 0.000, 0.000, 0.000, -0.068, -0.631, 0.431, 3.910, -6.400, 2.999, -0.000, 18.96
1, 0, -0.086, 0.000, 0.000, 0.000, -0.024, -0.227, 0.407, 3.806, -6.562, 2.686, 0.000, 18.78
1, 0, 0.032, 0.000, 0.000, 0.000, 0.009, 0.085, 0.386, 3.724, -6.502, 2.267, -0.000, 18.63
1, 0, 0.118, 0.000, 0.000, 0.000, 0.034, 0.314, 0.366, 3.658, -6.451, 1.960, -0.000, 18.50
1, 0, 0.189, 0.000, 0.000, 0.000, 0.055, 0.505, 0.349, 3.603, -6.633, 1.932, -0.000, 18.37
1, 1, -2.190, -0.000, 0.000, 0.000, -0.634, -5.875, 0.333, 3.626, -7.279, -24.389, -36.407, 20.00
1, 1, -2.063, -0.000, 0.000, 0.000, -0.588, -5.596, 0.444, 3.594, -7.044, 0.000, -11.253, 20.00
1, 1, -1.998, -0.000, 0.000, 0.000, -0.539, -5.088, 0.777, 3.565, -6.114, 0.000, -9.398, 20.00
1, 1, -1.957, -0.000, 0.000, 0.000, -0.492, -4.553, 1.341, 3.539, -5.199, 0.000, -7.320, 20.00
1, 1, -1.929, -0.000, 0.000, 0.000, -0.445, -4.009, 2.031, 3.516, -4.298, 0.000, -5.134, 20.00
1, 1, -1.897, -0.000, 0.000, 0.000, -0.407, -3.604, 2.376, 3.495, -3.632, 0.000, -3.669, 20.00
1, 1, -1.860, -0.000, 0.000, 0.000, -0.378, -3.293, 2.587, 3.475, -3.192, 0.000, -2.661, 20.00
1, 1, -1.814, -0.000, 0.000, 0.000, -0.356, -3.076, 2.682, 3.457, -2.974, 0.000, -2.082, 20.00
1, 1, -1.758, -0.000, 0.000, 0.000, -0.345, -3.004, 2.456, 3.696, -2.974, 0.000, -1.928, 20.00
1, 1, -1.695, -0.000, 0.000, 0.000, -0.342, -3.045, 2.036, 3.705, -3.192, 0.000, -2.532, 20.00
1, 1, -1.630, -0.000, 0.000, 0.000, -0.347, -3.176, 1.522, 3.710, -3.632, 0.000, -3.554, 20.00
1, 1, -1.571, -0.000, 0.000, 0.000, -0.354, -3.302, 1.121, 4.550, -4.075, 0.000, -3.632, 20.00
1, 1, -1.523, -0.000, 0.000, 0.000, -0.356, -3.268, 0.930, 6.728, -4.298, 0.000, -1.788, 20.00
1, 1, -1.480, -0.000, 0.000, 0.000, -0.358, -3.285, 0.828, 6.996, -4.522, 0.000, -1.821, 20.00
1, 1, -1.443, -0.000, 0.000, 0.000, -0.360, -3.307, 0.748, 7.205, -4.747, 0.000, -1.904, 20.00
1, 1, -1.412, 0.000, 0.000, 0.000, -0.363, -3.332, 0.684, 7.375, -4.972, 0.000, -2.020, 20.00
1, 0, -1.108, 0.000, 0.000, 0.000, -0.296, -2.722, 0.632, 5.933, -5.350, 2.911, 0.000, 19.81
1, 0, -0.770, 0.000, 0.000, 0.000, -0.211, -1.941, 0.588, 4.221, -5.485, 3.597, 0.000, 19.57
1, 0, -0.522, 0.000, 0.000, 0.000, -0.146, -1.348, 0.551, 4.040, -5.634, 3.058, 0.000, 19.36
1, 0, -0.334, 0.000, 0.000, 0.000, -0.096, -0.883, 0.519, 3.906, -5.793, 2.681, -0.000, 19.18
1, 0, -0.180, 0.000, 0.000, 0.000, -0.053, -0.492, 0.491, 3.803, -6.186, 2.617, 0.000, 19.01
1, 0, -0.054, 0.000, 0.000, 0.000, -0.016, -0.150, 0.466, 3.720, -6.355, 2.388, -0.000, 18.85
1, 0, 0.055, 0.000, 0.000, 0.000, 0.017, 0.157, 0.444, 3.654, -6.758, 2.431, 0.000, 18.69
1, 0, 0.150, 0.000, 0.000, 0.000, 0.047, 0.436, 0.424, 3.600, -6.932, 2.276, -0.000, 18.54
1, 1, -1.863, -0.000, 0.000, 0.000, -0.601, -5.546, 0.405, 4.392, -7.989, -21.960, -33.162, 20.00
1, 1, -1.766, -0.000, 0.000, 0.000, -0.563, -5.348, 0.512, 4.436, -7.751, 0.000, -10.481, 20.00
1, 1, -1.723, -0.000, 0.000, 0.000, -0.520, -4.896, 0.864, 4.466, -6.810, 0.000, -8.619, 20.00
1, 1, -1.705, -0.000, 0.000, 0.000, -0.472, -4.349, 1.475, 4.488, -5.655, 0.000, -6.217, 20.00
1, 1, -1.697, -0.000, 0.000, 0.000, -0.426, -3.797, 2.343, 4.504, -4.747, 0.000, -3.819, 20.00
1, 1, -1.687, -0.000, 0.000, 0.000, -0.385, -3.334, 2.847, 4.517, -3.853, 0.000, -1.896, 20.00
1, 1, -1.669, -0.000, 0.000, 0.000, -0.353, -2.982, 3.083, 4.527, -3.192, 0.000, -0.586, 20.00
1, 0, -1.649, -0.000, 0.000, 0.000, -0.330, -2.763, 3.075, 4.535, -2.759, -0.108, 0.000, 20.01
1, 1, -1.583, -0.000, 0.000, 0.000, -0.320, -2.728, 2.749, 4.541, -2.974, 0.108, -0.207, 20.00
1, 1, -1.540, -0.000, 0.000, 0.000, -0.319, -2.790, 2.320, 4.546, -3.192, 0.000, -0.976, 20.00
1, 1, -1.485, -0.000, 0.000, 0.000, -0.331, -2.994, 1.725, 4.550, -3.853, 0.000, -2.389, 20.00
1, 1, -1.436, -0.000, 0.000, 0.000, -0.340, -3.147, 1.259, 5.392, -4.298, 0.000, -2.570, 20.00
1, 1, -1.396, -0.000, 0.000, 0.000, -0.343, -3.122, 1.066, 7.574, -4.522, 0.000, -0.743, 20.00
1, 1, -1.360, 0.000, 0.000, 0.000, -0.346, -3.151, 0.951, 7.846, -4.747, 0.000, -0.807, 20.00
1, 1, -1.331, 0.000, 0.000, 0.000, -0.349, -3.185, 0.861, 8.060, -4.972, 0.000, -0.916, 20.00
1, 1, -1.308, 0.000, 0.000, 0.000, -0.357, -3.263, 0.789, 8.235, -5.426, 0.000, -1.330, 20.00
1, 0, -1.050, 0.000, 0.000, 0.000, -0.294, -2.693, 0.729, 6.286, -5.587, 2.608, 0.000, 19.83
1, 0, -0.741, 0.000, 0.000, 0.000, -0.213, -1.950, 0.680, 4.529, -5.726, 3.421, -0.000, 19.60
1, 0, -0.511, 0.000, 0.000, 0.000, -0.150, -1.374, 0.637, 4.315, -5.878, 2.961, -0.000, 19.40
1, 0, -0.334, 0.000, 0.000, 0.000, -0.100, -0.916, 0.601, 4.155, -6.040, 2.634, 0.000, 19.23
1, 0, -0.194, 0.000, 0.000, 0.000, -0.059, -0.541, 0.569, 4.030, -6.208, 2.403, 0.000, 19.06
1, 0, -0.073, 0.000, 0.000, 0.000, -0.023, -0.208, 0.540, 3.931, -6.609, 2.441, 0.000, 18.90
1, 0, 0.032, 0.000, 0.000, 0.000, 0.010, 0.094, 0.514, 3.850, -6.782, 2.281, 0.000, 18.75
1, 0, 0.120, 0.000, 0.000, 0.000, 0.039, 0.355, 0.491, 3.783, -6.959, 2.171, 0.000, 18.61
1, 1, -1.783, -0.000, 0.000, 0.000, -0.578, -5.320, 0.469, 4.566, -7.751, -20.921, -31.317, 20.00
1, 1, -1.695, -0.000, 0.000, 0.000, -0.541, -5.131, 0.556, 4.600, -7.514, 0.000, -9.726, 20.00
1, 1, -1.654, -0.000, 0.000, 0.000, -0.504, -4.746, 0.857, 4.622, -6.810, 0.000, -8.235, 20.00
1, 1, -1.631, -0.000, 0.000, 0.000, -0.467, -4.334, 1.365, 4.636, -6.114, 0.000, -6.545, 20.00
1, 1, -1.611, -0.000, 0.000, 0.000, -0.438, -4.022, 1.722, 4.646, -5.655, 0.000, -5.357, 20.00
1, 1, -1.593, -0.000, 0.000, 0.000, -0.412, -3.752, 1.963, 4.652, -5.199, 0.000, -4.341, 20.00
1, 1, -1.574, -0.000, 0.000, 0.000, -0.392, -3.537, 2.221, 4.656, -4.972, 0.000, -3.597, 20.00
1, 1, -1.552, -0.000, 0.000, 0.000, -0.375, -3.355, 2.396, 4.659, -4.747, 0.000, -2.974, 20.00
1, 1, -1.526, -0.000, 0.000, 0.000, -0.362, -3.236, 2.348, 4.660, -4.522, 0.000, -2.637, 20.00
1, 1, -1.493, -0.000, 0.000, 0.000, -0.362, -3.304, 1.919, 4.660, -4.747, 0.000, -3.327, 20.00
1, 1, -1.459, -0.000, 0.000, 0.000, -0.371, -3.454, 1.410, 4.660, -5.199, 0.000, -4.413, 20.00
1, 1, -1.429, 0.000, 0.000, 0.000, -0.375, -3.538, 1.084, 5.497, -5.426, 0.000, -4.187, 20.00
1, 1, -1.405, 0.000, 0.000, 0.000, -0.379, -3.497, 0.907, 7.675, -5.655, 0.000, -2.353, 20.00
1, 1, -1.383, 0.000, 0.000, 0.000, -0.382, -3.523, 0.815, 7.943, -5.884, 0.000, -2.414, 20.00
1, 1, -1.366, 0.000, 0.000, 0.000, -0.385, -3.556, 0.742, 8.153, -6.114, 0.000, -2.526, 20.00
1, 1, -1.353, 0.000, 0.000, 0.000, -0.389, -3.593, 0.683, 8.325, -6.345, 0.000, -2.672, 20.00
1, 0, -1.024, 0.000, 0.000, 0.000, -0.300, -2.770, 0.634, 6.373, -6.483, 3.571, 0.000, 19.76
1, 0, -0.676, 0.000, 0.000, 0.000, -0.201, -1.857, 0.593, 4.612, -6.607, 4.136, 0.000, 19.49
1, 0, -0.419, 0.000, 0.000, 0.000, -0.127, -1.170, 0.557, 4.394, -6.747, 3.512, -0.000, 19.25
1, 0, -0.225, 0.000, 0.000, 0.000, -0.069, -0.637, 0.527, 4.231, -6.900, 3.074, -0.000, 19.05
1, 0, -0.074, 0.000, 0.000, 0.000, -0.023, -0.212, 0.499, 4.104, -7.062, 2.767, -0.000, 18.86
1, 0, 0.048, 0.000, 0.000, 0.000, 0.015, 0.138, 0.475, 4.002, -7.230, 2.553, 0.000, 18.69
1, 0, 0.148, 0.000, 0.000, 0.000, 0.047, 0.434, 0.453, 3.918, -7.402, 2.402, -0.000, 18.53
1, 0, 0.234, 0.000, 0.000, 0.000, 0.075, 0.691, 0.432, 3.849, -7.579, 2.297, -0.000, 18.38
1, 1, -1.977, -0.000, 0.000, 0.000, -0.638, -5.898, 0.414, 3.859, -8.467, -24.312, -37.020, 20.00
1, 1, -1.874, -0.000, 0.000, 0.000, -0.596, -5.678, 0.467, 3.815, -8.227, 0.000, -12.093, 20.00
1, 1, -1.824, -0.000, 0.000, 0.000, -0.555, -5.252, 0.795, 3.776, -7.514, 0.000, -10.573, 20.00
1, 1, -1.798, -0.000, 0.000, 0.000, -0.510, -4.745, 1.390, 3.741, -6.577, 0.000, -8.499, 20.00
1, 1, -1.783, -0.000, 0.000, 0.000, -0.466, -4.243, 2.041, 3.708, -5.655, 0.000, -6.396, 20.00
1, 1, -1.772, -0.000, 0.000, 0.000, -0.424, -3.749, 2.684, 3.679, -4.747, 0.000, -4.328, 20.00
1, 1, -1.758, -0.000, 0.000, 0.000, -0.385, -3.304, 3.135, 3.652, -3.853, 0.000, -2.513, 20.00
1, 1, -1.728, -0.000, 0.000, 0.000, -0.360, -3.074, 3.073, 3.626, -3.412, 0.000, -1.874, 20.00
1, 1, -1.690, -0.000, 0.000, 0.000, -0.343, -2.937, 2.895, 3.859, -3.192, 0.000, -1.408, 20.00
1, 1, -1.641, -0.000, 0.000, 0.000, -0.339, -2.965, 2.484, 3.861, -3.412, 0.000, -2.012, 20.00
1, 1, -1.588, -0.000, 0.000, 0.000, -0.345, -3.117, 1.849, 3.860, -3.853, 0.000, -3.193, 20.00
1, 1, -1.537, -0.000, 0.000, 0.000, -0.352, -3.256, 1.369, 4.694, -4.298, 0.000, -3.381, 20.00
1, 1, -1.495, -0.000, 0.000, 0.000, -0.355, -3.234, 1.108, 6.866, -4.522, 0.000, -1.632, 20.00
1, 1, -1.455, 0.000, 0.000, 0.000, -0.361, -3.300, 0.984, 7.129, -4.972, 0.000, -1.975, 20.00
1, 1, -1.422, 0.000, 0.000, 0.000, -0.364, -3.332, 0.888, 7.333, -5.199, 0.000, -2.097, 20.00
1, 1, -1.395, 0.000, 0.000, 0.000, -0.368, -3.366, 0.811, 7.498, -5.426, 0.000, -2.246, 20.00
1, 0, -1.099, 0.000, 0.000, 0.000, -0.297, -2.723, 0.748, 6.051, -5.579, 2.898, -0.000, 19.81
1, 0, -0.765, 0.000, 0.000, 0.000, -0.212, -1.941, 0.696, 4.335, -5.714, 3.601, 0.000, 19.57
1, 0, -0.519, 0.000, 0.000, 0.000, -0.147, -1.346, 0.652, 4.149, -5.863, 3.073, -0.000, 19.36
1, 0, -0.332, 0.000, 0.000, 0.000, -0.096, -0.879, 0.614, 4.011, -6.023, 2.704, 0.000, 19.18
1, 0, -0.177, 0.000, 0.000, 0.000, -0.053, -0.484, 0.581, 3.903, -6.417, 2.646, -0.000, 19.01
1, 0, -0.050, 0.000, 0.000, 0.000, -0.015, -0.139, 0.551, 3.817, -6.586, 2.420, -0.000, 18.84
1, 0, 0.054, 0.000, 0.000, 0.000, 0.017, 0.153, 0.525, 3.747, -6.760, 2.264, -0.000, 18.69
1, 0, 0.141, 0.000, 0.000, 0.000, 0.044, 0.404, 0.500, 3.689, -6.937, 2.158, -0.000, 18.55
1, 1, -1.879, -0.000, 0.000, 0.000, -0.592, -5.455, 0.478, 3.709, -7.751, -21.765, -33.256, 20.00
1, 1, -1.779, -0.000, 0.000, 0.000, -0.559, -5.301, 0.564, 3.673, -7.751, 0.000, -11.152, 20.00
1, 1, -1.735, -0.000, 0.000, 0.000, -0.515, -4.837, 0.978, 3.641, -6.810, 0.000, -9.277, 20.00
1, 1, -1.713, -0.000, 0.000, 0.000, -0.467, -4.303, 1.551, 3.613, -5.655, 0.000, -6.974, 20.00
1, 1, -1.690, -0.000, 0.000, 0.000, -0.435, -3.952, 1.973, 3.587, -5.199, 0.000, -5.717, 20.00
1, 1, -1.674, -0.000, 0.000, 0.000, -0.400, -3.557, 2.470, 3.563, -4.522, 0.000, -4.120, 20.00
1, 1, -1.655, -0.000, 0.000, 0.000, -0.368, -3.190, 2.881, 3.540, -3.853, 0.000, -2.645, 20.00
1, 1, -1.623, -0.000, 0.000, 0.000, -0.350, -3.035, 2.795, 3.520, -3.632, 0.000, -2.326, 20.00
1, 1, -1.585, -0.000, 0.000, 0.000, -0.340, -2.974, 2.593, 3.757, -3.632, 0.000, -2.182, 20.00
1, 1, -1.541, -0.000, 0.000, 0.000, -0.339, -3.014, 2.232, 3.763, -3.853, 0.000, -2.751, 20.00
1, 1, -1.495, -0.000, 0.000, 0.000, -0.345, -3.146, 1.757, 3.765, -4.298, 0.000, -3.763, 20.00
1, 1, -1.452, -0.000, 0.000, 0.000, -0.354, -3.290, 1.323, 4.603, -4.747, 0.000, -3.916, 20.00
1, 1, -1.417, 0.000, 0.000, 0.000, -0.358, -3.275, 1.062, 6.779, -4.972, 0.000, -2.181, 20.00
1, 1, -1.386, 0.000, 0.000, 0.000, -0.357, -3.262, 0.948, 7.046, -4.972, 0.000, -1.983, 20.00
1, 1, -1.360, 0.000, 0.000, 0.000, -0.359, -3.288, 0.860, 7.253, -5.199, 0.000, -2.094, 20.00
1, 1, -1.340, 0.000, 0.000, 0.000, -0.362, -3.319, 0.788, 7.421, -5.426, 0.000, -2.238, 20.00
1, 0, -1.054, 0.000, 0.000, 0.000, -0.291, -2.672, 0.730, 5.977, -5.579, 2.890, 0.000, 19.81
1, 0, -0.716, 0.000, 0.000, 0.000, -0.204, -1.876, 0.681, 4.263, -5.939, 3.791, 0.000, 19.55
1, 0, -0.478, 0.000, 0.000, 0.000, -0.138, -1.264, 0.639, 4.081, -5.860, 3.020, 0.000, 19.35
1, 0, -0.299, 0.000, 0.000, 0.000, -0.088, -0.807, 0.603, 3.945, -6.020, 2.666, 0.000, 19.18
1, 0, -0.159, 0.000, 0.000, 0.000, -0.047, -0.436, 0.571, 3.840, -6.188, 2.420, 0.000, 19.01
1, 0, -0.046, 0.000, 0.000, 0.000, -0.014, -0.127, 0.543, 3.757, -6.361, 2.248, -0.000, 18.86
1, 0, 0.043, 0.000, 0.000, 0.000, 0.013, 0.119, 0.517, 3.689, -6.310, 1.929, 0.000, 18.74
1, 0, 0.114, 0.000, 0.000, 0.000, 0.035, 0.322, 0.493, 3.633, -6.493, 1.895, 0.000, 18.61
1, 1, -1.843, -0.000, 0.000, 0.000, -0.570, -5.253, 0.471, 3.655, -7.279, -20.857, -31.676, 20.00
1, 1, -1.747, -0.000, 0.000, 0.000, -0.533, -5.047, 0.558, 3.621, -7.044, 0.000, -10.190, 20.00
1, 1, -1.703, -0.000, 0.000, 0.000, -0.489, -4.577, 0.966, 3.592, -6.114, 0.000, -8.324, 20.00
1, 1, -1.681, -0.000, 0.000, 0.000, -0.440, -4.010, 1.652, 3.565, -4.972, 0.000, -5.886, 20.00
1, 1, -1.670, -0.000, 0.000, 0.000, -0.390, -3.432, 2.419, 3.541, -3.853, 0.000, -3.385, 20.00
1, 1, -1.651, -0.000, 0.000, 0.000, -0.354, -3.020, 2.869, 3.518, -3.192, 0.000, -1.829, 20.00
1, 1, -1.628, -0.000, 0.000, 0.000, -0.319, -2.645, 3.221, 3.498, -2.539, 0.000, -0.413, 20.00
1, 1, -1.583, -0.000, 0.000, 0.000, -0.299, -2.461, 3.141, 3.479, -2.323, 0.000, -0.047, 20.00
1, 1, -1.528, -0.000, 0.000, 0.000, -0.287, -2.409, 2.819, 3.717, -2.323, 0.000, -0.011, 20.00
1, 1, -1.482, -0.000, 0.000, 0.000, -0.292, -2.514, 2.410, 3.726, -2.756, 0.000, -0.907, 20.00
1, 1, -1.426, -0.000, 0.000, 0.000, -0.299, -2.664, 1.858, 3.729, -3.192, 0.000, -1.994, 20.00
1, 1, -1.372, -0.000, 0.000, 0.000, -0.308, -2.820, 1.363, 4.568, -3.632, 0.000, -2.200, 20.00
1, 1, -1.328, 0.000, 0.000, 0.000, -0.311, -2.808, 1.134, 6.746, -3.853, 0.000, -0.420, 20.00
1, 1, -1.289, 0.000, 0.000, 0.000, -0.309, -2.794, 1.013, 7.013, -3.853, 0.000, -0.219, 20.00
1, 1, -1.256, 0.000, 0.000, 0.000, -0.311, -2.819, 0.918, 7.222, -4.075, 0.000, -0.322, 20.00
1, 1, -1.230, 0.000, 0.000, 0.000, -0.314, -2.849, 0.842, 7.391, -4.298, 0.000, -0.457, 20.00
1, 0, -1.058, 0.000, 0.000, 0.000, -0.277, -2.525, 0.779, 5.949, -4.480, 1.613, -0.000, 19.89
1, 0, -0.799, 0.000, 0.000, 0.000, -0.215, -1.960, 0.727, 4.236, -4.636, 2.647, -0.000, 19.72
1, 0, -0.613, 0.000, 0.000, 0.000, -0.167, -1.521, 0.682, 4.054, -4.581, 2.145, 0.000, 19.57
1, 0, -0.466, 0.000, 0.000, 0.000, -0.129, -1.182, 0.643, 3.920, -4.755, 1.970, 0.000, 19.44
1, 0, -0.345, 0.000, 0.000, 0.000, -0.098, -0.895, 0.609, 3.816, -4.933, 1.846, 0.000, 19.32
1, 0, -0.243, 0.000, 0.000, 0.000, -0.070, -0.643, 0.579, 3.733, -5.114, 1.759, 0.000, 19.20
1, 0, -0.156, 0.000, 0.000, 0.000, -0.046, -0.420, 0.551, 3.666, -5.297, 1.702, -0.000, 19.09
1, 0, -0.079, 0.000, 0.000, 0.000, -0.024, -0.217, 0.526, 3.611, -5.482, 1.664, 0.000, 18.98
1, 1, -1.535, -0.000, 0.000, 0.000, -0.467, -4.285, 0.503, 3.634, -6.114, -15.346, -23.612, 20.00
1, 1, -1.463, -0.000, 0.000, 0.000, -0.439, -4.136, 0.606, 3.601, -5.884, 0.000, -7.714, 20.00
1, 1, -1.429, -0.000, 0.000, 0.000, -0.402, -3.744, 0.931, 3.572, -4.972, 0.000, -6.044, 20.00
1, 1, -1.397, -0.000, 0.000, 0.000, -0.382, -3.571, 0.938, 3.546, -4.747, 0.000, -5.613, 20.00
1, 1, -1.370, -0.000, 0.000, 0.000, -0.370, -3.453, 1.001, 3.523, -4.747, 0.000, -5.416, 20.00
1, 1, -1.352, -0.000, 0.000, 0.000, -0.350, -3.214, 1.485, 3.501, -4.522, 0.000, -4.451, 20.00
1, 1, -1.335, -0.000, 0.000, 0.000, -0.327, -2.945, 1.934, 3.481, -4.075, 0.000, -3.267, 20.00
1, 1, -1.318, -0.000, 0.000, 0.000, -0.306, -2.692, 2.310, 3.463, -3.632, 0.000, -2.174, 20.00
1, 1, -1.297, 0.000, 0.000, 0.000, -0.287, -2.497, 2.428, 3.702, -3.192, 0.000, -1.144, 20.00
1, 1, -1.270, 0.000, 0.000, 0.000, -0.282, -2.491, 2.119, 3.711, -3.192, 0.000, -1.406, 20.00
1, 1, -1.241, 0.000, 0.000, 0.000, -0.287, -2.613, 1.495, 3.715, -3.412, 0.000, -2.342, 20.00
1, 1, -1.212, 0.000, 0.000, 0.000, -0.295, -2.747, 1.087, 4.555, -3.853, 0.000, -2.465, 20.00
1, 1, -1.186, 0.000, 0.000, 0.000, -0.293, -2.683, 0.906, 6.733, -3.853, 0.000, -0.377, 20.00
1, 1, -1.162, 0.000, 0.000, 0.000, -0.296, -2.705, 0.811, 7.001, -4.075, 0.000, -0.426, 20.00
1, 1, -1.142, 0.000, 0.000, 0.000, -0.299, -2.733, 0.737, 7.210, -4.298, 0.000, -0.525, 20.00
1, 1, -1.125, 0.000, 0.000, 0.000, -0.302, -2.766, 0.677, 7.379, -4.522, 0.000, -0.659, 20.00
1, 0, -0.955, 0.000, 0.000, 0.000, -0.263, -2.407, 0.627, 5.938, -4.701, 1.761, -0.000, 19.88
1, 0, -0.703, 0.000, 0.000, 0.000, -0.198, -1.815, 0.586, 4.225, -4.855, 2.759, 0.000, 19.70
1, 0, -0.510, 0.000, 0.000, 0.000, -0.147, -1.348, 0.550, 4.044, -5.018, 2.429, 0.000, 19.54
1, 0, -0.359, 0.000, 0.000, 0.000, -0.105, -0.969, 0.519, 3.910, -5.188, 2.192, 0.000, 19.39
1, 0, -0.238, 0.000, 0.000, 0.000, -0.071, -0.654, 0.492, 3.806, -5.363, 2.028, 0.000, 19.26
1, 0, -0.137, 0.000, 0.000, 0.000, -0.042, -0.385, 0.468, 3.724, -5.542, 1.914, 0.000, 19.13
1, 0, -0.052, 0.000, 0.000, 0.000, -0.016, -0.149, 0.446, 3.658, -5.723, 1.837, -0.000, 19.01
1, 0, 0.022, 0.000, 0.000, 0.000, 0.007, 0.063, 0.426, 3.603, -5.906, 1.786, -0.000, 18.89
1, 1, -1.514, -0.000, 0.000, 0.000, -0.476, -4.381, 0.407, 3.626, -6.345, -16.706, -25.389, 20.00
1, 1, -1.441, -0.000, 0.000, 0.000, -0.451, -4.272, 0.479, 3.594, -6.345, 0.000, -8.437, 20.00
1, 1, -1.409, -0.000, 0.000, 0.000, -0.413, -3.870, 0.834, 3.565, -5.426, 0.000, -6.720, 20.00
1, 1, -1.387, -0.000, 0.000, 0.000, -0.380, -3.520, 1.195, 3.539, -4.747, 0.000, -5.300, 20.00
1, 1, -1.366, -0.000, 0.000, 0.000, -0.359, -3.305, 1.421, 3.516, -4.522, 0.000, -4.615, 20.00
1, 1, -1.349, -0.000, 0.000, 0.000, -0.335, -3.029, 1.791, 3.495, -4.075, 0.000, -3.503, 20.00
1, 1, -1.332, -0.000, 0.000, 0.000, -0.310, -2.745, 2.233, 3.475, -3.632, 0.000, -2.311, 20.00
1, 1, -1.311, -0.000, 0.000, 0.000, -0.289, -2.505, 2.492, 3.457, -3.192, 0.000, -1.349, 20.00
1, 1, -1.285, 0.000, 0.000, 0.000, -0.276, -2.377, 2.479, 3.696, -2.974, 0.000, -0.736, 20.00
1, 1, -1.255, 0.000, 0.000, 0.000, -0.270, -2.354, 2.239, 3.705, -2.974, 0.000, -0.909, 20.00
1, 1, -1.223, 0.000, 0.000, 0.000, -0.273, -2.445, 1.753, 3.710, -3.192, 0.000, -1.670, 20.00
1, 1, -1.191, 0.000, 0.000, 0.000, -0.281, -2.596, 1.261, 4.550, -3.632, 0.000, -1.890, 20.00
1, 1, -1.162, 0.000, 0.000, 0.000, -0.286, -2.601, 0.973, 6.728, -3.853, 0.000, -0.202, 20.00
1, 1, -1.136, 0.000, 0.000, 0.000, -0.289, -2.633, 0.862, 6.996, -4.075, 0.000, -0.275, 20.00
1, 1, -1.115, 0.000, 0.000, 0.000, -0.297, -2.711, 0.777, 7.205, -4.522, 0.000, -0.663, 20.00
1, 1, -1.098, 0.000, 0.000, 0.000, -0.301, -2.757, 0.709, 7.375, -4.747, 0.000, -0.820, 20.00
1, 0, -0.903, 0.000, 0.000, 0.000, -0.258, -2.365, 0.653, 5.933, -5.145, 2.084, 0.000, 19.86
1, 0, -0.639, 0.000, 0.000, 0.000, -0.188, -1.722, 0.607, 4.221, -5.293, 3.014, 0.000, 19.66
1, 0, -0.430, 0.000, 0.000, 0.000, -0.131, -1.204, 0.568, 4.040, -5.676, 2.833, 0.000, 19.47
1, 0, -0.268, 0.000, 0.000, 0.000, -0.084, -0.768, 0.535, 3.906, -5.840, 2.519, 0.000, 19.30
1, 0, -0.134, 0.000, 0.000, 0.000, -0.043, -0.395, 0.506, 3.803, -6.236, 2.499, 0.000, 19.14
1, 0, -0.022, 0.000, 0.000, 0.000, -0.007, -0.065, 0.480, 3.720, -6.408, 2.301, 0.000, 18.98
1, 0, 0.076, 0.000, 0.000, 0.000, 0.025, 0.234, 0.457, 3.654, -6.812, 2.366, 0.000, 18.83
1, 0, 0.162, 0.000, 0.000, 0.000, 0.055, 0.508, 0.435, 3.600, -6.988, 2.228, 0.000, 18.68
1, 1, -1.565, -0.000, 0.000, 0.000, -0.538, -4.955, 0.416, 4.392, -7.751, -19.845, -29.845, 20.00
1, 1, -1.495, -0.000, 0.000, 0.000, -0.504, -4.779, 0.559, 4.436, -7.514, 0.000, -9.298, 20.00
1, 1, -1.468, -0.000, 0.000, 0.000, -0.464, -4.345, 0.972, 4.466, -6.577, 0.000, -7.415, 20.00
1, 1, -1.460, -0.000, 0.000, 0.000, -0.417, -3.795, 1.734, 4.488, -5.426, 0.000, -4.876, 20.00
1, 1, -1.455, -0.000, 0.000, 0.000, -0.375, -3.297, 2.497, 4.504, -4.522, 0.000, -2.648, 20.00
1, 1, -1.442, -0.000, 0.000, 0.000, -0.335, -2.856, 2.970, 4.517, -3.632, 0.000, -0.778, 20.00
1, 0, -1.446, -0.000, 0.000, 0.000, -0.313, -2.592, 3.294, 4.527, -3.199, -0.271, 0.000, 20.02
1, 0, -1.526, -0.000, 0.000, 0.000, -0.311, -2.538, 3.344, 4.535, -2.781, -0.722, -0.000, 20.07
1, 0, -1.578, -0.000, 0.000, 0.000, -0.313, -2.566, 3.132, 4.541, -2.580, -0.634, -0.000, 20.11
1, 0, -1.505, -0.000, 0.000, 0.000, -0.307, -2.605, 2.596, 4.546, -2.795, 0.070, -0.000, 20.10
1, 0, -1.299, 0.000, 0.000, 0.000, -0.286, -2.534, 1.958, 4.550, -3.425, 1.036, -0.000, 20.03
1, 1, -1.205, 0.000, 0.000, 0.000, -0.287, -2.622, 1.473, 5.392, -4.075, 0.521, -0.804, 20.00
1, 0, -1.206, 0.000, 0.000, 0.000, -0.301, -2.708, 1.186, 7.574, -4.304, -0.241, 0.000, 20.02
1, 0, -1.167, 0.000, 0.000, 0.000, -0.306, -2.771, 1.054, 7.846, -4.751, 0.094, -0.000, 20.01
1, 1, -1.129, 0.000, 0.000, 0.000, -0.307, -2.785, 0.951, 8.060, -4.972, 0.147, -0.036, 20.00
1, 1, -1.122, 0.000, 0.000, 0.000, -0.319, -2.900, 0.869, 8.235, -5.426, 0.000, -0.663, 20.00
1, 0, -0.924, 0.000, 0.000, 0.000, -0.270, -2.462, 0.802, 6.286, -5.598, 2.167, 0.000, 19.86
1, 0, -0.645, 0.000, 0.000, 0.000, -0.196, -1.786, 0.746, 4.529, -5.970, 3.321, -0.000, 19.63
1, 0, -0.433, 0.000, 0.000, 0.000, -0.135, -1.230, 0.699, 4.315, -6.125, 2.909, 0.000, 19.44
1, 0, -0.261, 0.000, 0.000, 0.000, -0.084, -0.765, 0.658, 4.155, -6.514, 2.811, -0.000, 19.25
1, 0, -0.122, 0.000, 0.000, 0.000, -0.040, -0.365, 0.622, 4.030, -6.680, 2.554, 0.000, 19.08
1, 0, -0.004, 0.000, 0.000, 0.000, -0.001, -0.011, 0.591, 3.931, -7.081, 2.575, 0.000, 18.91
1, 0, 0.104, 0.000, 0.000, 0.000, 0.036, 0.327, 0.562, 3.850, -7.484, 2.605, 0.000, 18.74
1, 0, 0.198, 0.000, 0.000, 0.000, 0.069, 0.630, 0.536, 3.783, -7.657, 2.440, -0.000, 18.57
1, 1, -1.647, -0.000, 0.000, 0.000, -0.582, -5.343, 0.512, 4.566, -8.707, -21.383, -32.586, 20.00
1, 1, -1.574, -0.000, 0.000, 0.000, -0.547, -5.185, 0.597, 4.600, -8.467, 0.000, -10.577, 20.00
1, 1, -1.544, -0.000, 0.000, 0.000, -0.511, -4.821, 0.903, 4.622, -7.751, 0.000, -9.102, 20.00
1, 1, -1.531, -0.000, 0.000, 0.000, -0.476, -4.422, 1.443, 4.636, -7.044, 0.000, -7.394, 20.00
1, 1, -1.528, -0.000, 0.000, 0.000, -0.436, -3.960, 2.128, 4.646, -6.114, 0.000, -5.264, 20.00
1, 1, -1.524, -0.000, 0.000, 0.000, -0.403, -3.591, 2.608, 4.652, -5.426, 0.000, -3.684, 20.00
1, 1, -1.511, -0.000, 0.000, 0.000, -0.386, -3.440, 2.569, 4.656, -5.199, 0.000, -3.310, 20.00
1, 1, -1.493, -0.000, 0.000, 0.000, -0.376, -3.383, 2.401, 4.659, -5.199, 0.000, -3.391, 20.00
1, 1, -1.471, -0.000, 0.000, 0.000, -0.369, -3.337, 2.267, 4.660, -5.199, 0.000, -3.450, 20.00
1, 1, -1.447, 0.000, 0.000, 0.000, -0.370, -3.372, 2.042, 4.660, -5.426, 0.000, -3.913, 20.00
1, 1, -1.421, 0.000, 0.000, 0.000, -0.378, -3.510, 1.636, 4.660, -5.884, 0.000, -4.898, 20.00
1, 1, -1.398, 0.000, 0.000, 0.000, -0.385, -3.633, 1.177, 5.497, -6.114, 0.000, -4.856, 20.00
1, 1, -1.380, 0.000, 0.000, 0.000, -0.390, -3.595, 0.989, 7.675, -6.345, 0.000, -3.046, 20.00
1, 1, -1.365, 0.000, 0.000, 0.000, -0.394, -3.631, 0.889, 7.943, -6.577, 0.000, -3.135, 20.00
1, 1, -1.355, 0.000, 0.000, 0.000, -0.398, -3.672, 0.810, 8.153, -6.810, 0.000, -3.272, 20.00
1, 1, -1.348, 0.000, 0.000, 0.000, -0.403, -3.717, 0.746, 8.325, -7.044, 0.000, -3.440, 20.00
1, 0, -0.997, 0.000, 0.000, 0.000, -0.300, -2.762, 0.693, 6.373, -6.940, 3.933, 0.000, 19.74
1, 0, -0.636, 0.000, 0.000, 0.000, -0.193, -1.784, 0.648, 4.612, -7.058, 4.411, 0.000, 19.44
1, 0, -0.372, 0.000, 0.000, 0.000, -0.114, -1.054, 0.610, 4.394, -7.194, 3.729, 0.000, 19.20
1, 0, -0.180, 0.000, 0.000, 0.000, -0.055, -0.510, 0.577, 4.231, -7.113, 3.051, -0.000, 18.99
1, 0, -0.034, 0.000, 0.000, 0.000, -0.010, -0.096, 0.547, 4.104, -7.276, 2.765, -0.000, 18.81
1, 0, 0.079, 0.000, 0.000, 0.000, 0.024, 0.226, 0.520, 4.002, -7.213, 2.362, -0.000, 18.65
1, 0, 0.169, 0.000, 0.000, 0.000, 0.053, 0.486, 0.496, 3.918, -7.389, 2.267, -0.000, 18.50
1, 0, 0.243, 0.000, 0.000, 0.000, 0.076, 0.698, 0.474, 3.849, -7.336, 1.997, 0.000, 18.37
1, 1, -2.038, -0.000, 0.000, 0.000, -0.637, -5.884, 0.453, 3.859, -8.227, -24.515, -36.990, 20.00
1, 1, -1.932, -0.000, 0.000, 0.000, -0.589, -5.590, 0.541, 3.815, -7.751, 0.000, -11.506, 20.00
1, 1, -1.878, -0.000, 0.000, 0.000, -0.545, -5.135, 0.910, 3.776, -7.044, 0.000, -9.916, 20.00
1, 1, -1.851, -0.000, 0.000, 0.000, -0.493, -4.535, 1.639, 3.741, -5.884, 0.000, -7.383, 20.00
1, 1, -1.831, -0.000, 0.000, 0.000, -0.446, -4.003, 2.340, 3.708, -4.972, 0.000, -5.204, 20.00
1, 1, -1.807, -0.000, 0.000, 0.000, -0.410, -3.604, 2.722, 3.679, -4.298, 0.000, -3.719, 20.00
1, 1, -1.778, -0.000, 0.000, 0.000, -0.381, -3.290, 3.006, 3.652, -3.853, 0.000, -2.644, 20.00
1, 1, -1.742, -0.000, 0.000, 0.000, -0.356, -3.037, 3.098, 3.626, -3.412, 0.000, -1.822, 20.00
1, 1, -1.697, -0.000, 0.000, 0.000, -0.340, -2.914, 2.884, 3.859, -3.192, 0.000, -1.400, 20.00
1, 1, -1.643, -0.000, 0.000, 0.000, -0.337, -2.958, 2.429, 3.861, -3.412, 0.000, -2.060, 20.00
1, 1, -1.588, -0.000, 0.000, 0.000, -0.342, -3.090, 1.891, 3.860, -3.853, 0.000, -3.123, 20.00
1, 1, -1.536, -0.000, 0.000, 0.000, -0.349, -3.225, 1.444, 4.694, -4.298, 0.000, -3.271, 20.00
1, 1, -1.491, 0.000, 0.000, 0.000, -0.358, -3.258, 1.138, 6.866, -4.747, 0.000, -1.849, 20.00
1, 1, -1.452, 0.000, 0.000, 0.000, -0.360, -3.288, 1.013, 7.129, -4.972, 0.000, -1.931, 20.00
1, 1, -1.419, 0.000, 0.000, 0.000, -0.364, -3.321, 0.916, 7.333, -5.199, 0.000, -2.053, 20.00
1, 1, -1.392, 0.000, 0.000, 0.000, -0.367, -3.355, 0.838, 7.498, -5.426, 0.000, -2.205, 20.00
1, 0, -1.099, 0.000, 0.000, 0.000, -0.297, -2.721, 0.774, 6.051, -5.580, 2.871, -0.000, 19.81
1, 0, -0.767, 0.000, 0.000, 0.000, -0.212, -1.945, 0.721, 4.335, -5.715, 3.584, 0.000, 19.57
1, 0, -0.510, 0.000, 0.000, 0.000, -0.146, -1.338, 0.676, 4.149, -6.090, 3.259, 0.000, 19.35
1, 0, -0.314, 0.000, 0.000, 0.000, -0.092, -0.843, 0.637, 4.011, -6.246, 2.847, -0.000, 19.16
1, 0, -0.163, 0.000, 0.000, 0.000, -0.048, -0.445, 0.603, 3.903, -6.411, 2.561, -0.000, 18.99
1, 0, -0.034, 0.000, 0.000, 0.000, -0.011, -0.097, 0.572, 3.817, -6.810, 2.563, 0.000, 18.82
1, 0, 0.075, 0.000, 0.000, 0.000, 0.023, 0.214, 0.545, 3.747, -6.982, 2.378, -0.000, 18.66
1, 0, 0.171, 0.000, 0.000, 0.000, 0.054, 0.501, 0.520, 3.689, -7.389, 2.454, -0.000, 18.50
1, 1, -1.885, -0.000, 0.000, 0.000, -0.609, -5.608, 0.496, 3.709, -8.227, -22.517, -34.641, 20.00
1, 1, -1.790, -0.000, 0.000, 0.000, -0.570, -5.389, 0.672, 3.673, -7.989, 0.000, -11.393, 20.00
1, 1, -1.751, -0.000, 0.000, 0.000, -0.521, -4.874, 1.076, 3.641, -6.810, 0.000, -9.237, 20.00
1, 1, -1.720, -0.000, 0.000, 0.000, -0.487, -4.508, 1.504, 3.613, -6.345, 0.000, -7.943, 20.00
1, 1, -1.699, -0.000, 0.000, 0.000, -0.456, -4.171, 1.927, 3.587, -5.884, 0.000, -6.695, 20.00
1, 1, -1.685, -0.000, 0.000, 0.000, -0.421, -3.749, 2.588, 3.563, -5.199, 0.000, -4.903, 20.00
1, 1, -1.665, -0.000, 0.000, 0.000, -0.395, -3.463, 2.892, 3.540, -4.747, 0.000, -3.837, 20.00
1, 1, -1.638, -0.000, 0.000, 0.000, -0.377, -3.299, 2.916, 3.520, -4.522, 0.000, -3.400, 20.00
1, 1, -1.602, -0.000, 0.000, 0.000, -0.370, -3.273, 2.605, 3.757, -4.522, 0.000, -3.405, 20.00
1, 1, -1.562, -0.000, 0.000, 0.000, -0.371, -3.371, 2.036, 3.763, -4.747, 0.000, -4.251, 20.00
1, 1, -1.523, -0.000, 0.000, 0.000, -0.383, -3.543, 1.619, 3.765, -5.426, 0.000, -5.490, 20.00
1, 1, -1.487, 0.000, 0.000, 0.000, -0.387, -3.634, 1.279, 4.603, -5.655, 0.000, -5.281, 20.00
1, 1, -1.459, 0.000, 0.000, 0.000, -0.392, -3.604, 1.040, 6.779, -5.884, 0.000, -3.519, 20.00
1, 1, -1.435, 0.000, 0.000, 0.000, -0.391, -3.594, 0.933, 7.046, -5.884, 0.000, -3.324, 20.00
1, 1, -1.416, 0.000, 0.000, 0.000, -0.394, -3.622, 0.849, 7.253, -6.114, 0.000, -3.444, 20.00
1, 1, -1.401, 0.000, 0.000, 0.000, -0.397, -3.654, 0.780, 7.421, -6.345, 0.000, -3.597, 20.00
1, 0, -1.054, 0.000, 0.000, 0.000, -0.301, -2.767, 0.724, 5.977, -6.249, 3.669, -0.000, 19.76
1, 0, -0.692, 0.000, 0.000, 0.000, -0.200, -1.846, 0.677, 4.263, -6.371, 4.169, -0.000, 19.48
1, 0, -0.429, 0.000, 0.000, 0.000, -0.126, -1.160, 0.636, 4.081, -6.511, 3.508, -0.000, 19.24
1, 0, -0.239, 0.000, 0.000, 0.000, -0.070, -0.649, 0.601, 3.945, -6.436, 2.849, -0.000, 19.05
1, 0, -0.096, 0.000, 0.000, 0.000, -0.028, -0.262, 0.570, 3.840, -6.601, 2.577, -0.000, 18.88
1, 0, 0.014, 0.000, 0.000, 0.000, 0.004, 0.039, 0.542, 3.757, -6.543, 2.186, -0.000, 18.74
1, 0, 0.102, 0.000, 0.000, 0.000, 0.031, 0.283, 0.516, 3.689, -6.721, 2.101, 0.000, 18.60
1, 0, 0.173, 0.000, 0.000, 0.000, 0.052, 0.481, 0.493, 3.633, -6.672, 1.840, 0.000, 18.47
1, 1, -2.004, -0.000, 0.000, 0.000, -0.608, -5.607, 0.471, 3.655, -7.514, -22.899, -34.506, 20.00
1, 1, -1.899, -0.000, 0.000, 0.000, -0.561, -5.310, 0.594, 3.621, -7.044, 0.000, -10.598, 20.00
1, 1, -1.848, -0.000, 0.000, 0.000, -0.513, -4.798, 1.037, 3.592, -6.114, 0.000, -8.643, 20.00
1, 1, -1.811, -0.000, 0.000, 0.000, -0.471, -4.342, 1.546, 3.565, -5.426, 0.000, -6.940, 20.00
1, 1, -1.775, -0.000, 0.000, 0.000, -0.440, -4.030, 1.759, 3.541, -4.972, 0.000, -5.919, 20.00
1, 1, -1.742, -0.000, 0.000, 0.000, -0.416, -3.762, 2.081, 3.518, -4.747, 0.000, -5.068, 20.00
1, 1, -1.715, -0.000, 0.000, 0.000, -0.387, -3.419, 2.619, 3.498, -4.298, 0.000, -3.703, 20.00
1, 1, -1.683, -0.000, 0.000, 0.000, -0.363, -3.151, 2.874, 3.479, -3.853, 0.000, -2.697, 20.00
1, 1, -1.641, -0.000, 0.000, 0.000, -0.349, -3.055, 2.615, 3.717, -3.632, 0.000, -2.344, 20.00
1, 1, -1.591, -0.000, 0.000, 0.000, -0.353, -3.182, 2.059, 3.726, -4.075, 0.000, -3.416, 20.00
1, 1, -1.541, -0.000, 0.000, 0.000, -0.361, -3.340, 1.483, 3.729, -4.522, 0.000, -4.552, 20.00
1, 1, -1.498, -0.000, 0.000, 0.000, -0.364, -3.415, 1.154, 4.568, -4.747, 0.000, -4.301, 20.00
1, 1, -1.462, -0.000, 0.000, 0.000, -0.367, -3.372, 0.981, 6.746, -4.972, 0.000, -2.447, 20.00
1, 1, -1.430, 0.000, 0.000, 0.000, -0.369, -3.393, 0.880, 7.013, -5.199, 0.000, -2.498, 20.00
1, 1, -1.404, 0.000, 0.000, 0.000, -0.367, -3.378, 0.801, 7.222, -5.199, 0.000, -2.325, 20.00
1, 1, -1.382, 0.000, 0.000, 0.000, -0.370, -3.401, 0.737, 7.391, -5.426, 0.000, -2.452, 20.00
1, 0, -1.080, 0.000, 0.000, 0.000, -0.295, -2.716, 0.684, 5.949, -5.575, 3.034, -0.000, 19.80
1, 0, -0.758, 0.000, 0.000, 0.000, -0.209, -1.921, 0.639, 4.236, -5.484, 3.497, 0.000, 19.56
1, 0, -0.519, 0.000, 0.000, 0.000, -0.146, -1.341, 0.601, 4.054, -5.635, 2.986, 0.000, 19.37
1, 0, -0.337, 0.000, 0.000, 0.000, -0.096, -0.886, 0.567, 3.920, -5.796, 2.628, 0.000, 19.19
1, 0, -0.203, 0.000, 0.000, 0.000, -0.058, -0.535, 0.538, 3.816, -5.739, 2.181, 0.000, 19.05
1, 0, -0.097, 0.000, 0.000, 0.000, -0.028, -0.259, 0.512, 3.733, -5.915, 2.054, 0.000, 18.91
1, 0, -0.006, 0.000, 0.000, 0.000, -0.002, -0.017, 0.488, 3.666, -6.094, 1.965, -0.000, 18.78
1, 0, 0.066, 0.000, 0.000, 0.000, 0.020, 0.181, 0.466, 3.611, -6.049, 1.706, 0.000, 18.66
1, 1, -1.858, -0.000, 0.000, 0.000, -0.555, -5.115, 0.445, 3.634, -6.810, -20.049, -30.308, 20.00
1, 1, -1.754, -0.000, 0.000, 0.000, -0.524, -4.975, 0.444, 3.601, -6.810, 0.000, -10.018, 20.00
1, 1, -1.693, -0.000, 0.000, 0.000, -0.498, -4.737, 0.518, 3.572, -6.577, 0.000, -9.414, 20.00
1, 1, -1.651, -0.000, 0.000, 0.000, -0.474, -4.501, 0.733, 3.546, -6.345, 0.000, -8.692, 20.00
1, 1, -1.619, -0.000, 0.000, 0.000, -0.455, -4.301, 0.890, 3.523, -6.114, 0.000, -8.076, 20.00
1, 1, -1.592, -0.000, 0.000, 0.000, -0.443, -4.189, 0.952, 3.501, -6.114, 0.000, -7.884, 20.00
1, 1, -1.568, -0.000, 0.000, 0.000, -0.433, -4.110, 0.951, 3.481, -6.114, 0.000, -7.792, 20.00
1, 1, -1.546, -0.000, 0.000, 0.000, -0.427, -4.073, 0.830, 3.463, -6.114, 0.000, -7.867, 20.00
1, 1, -1.526, -0.000, 0.000, 0.000, -0.423, -4.044, 0.717, 3.702, -6.114, 0.000, -7.687, 20.00
1, 1, -1.508, -0.000, 0.000, 0.000, -0.423, -4.063, 0.624, 3.711, -6.345, 0.000, -8.005, 20.00
1, 1, -1.493, 0.000, 0.000, 0.000, -0.420, -4.044, 0.560, 3.715, -6.345, 0.000, -8.028, 20.00
1, 1, -1.480, 0.000, 0.000, 0.000, -0.417, -4.028, 0.495, 4.555, -6.345, 0.000, -7.220, 20.00
1, 1, -1.471, 0.000, 0.000, 0.000, -0.419, -3.948, 0.430, 6.733, -6.577, 0.000, -5.252, 20.00
1, 1, -1.462, 0.000, 0.000, 0.000, -0.417, -3.917, 0.400, 7.001, -6.577, 0.000, -4.972, 20.00
1, 1, -1.454, 0.000, 0.000, 0.000, -0.415, -3.890, 0.375, 7.210, -6.577, 0.000, -4.753, 20.00
1, 1, -1.449, 0.000, 0.000, 0.000, -0.418, -3.908, 0.353, 7.379, -6.810, 0.000, -4.852, 20.00
1, 0, -1.033, 0.000, 0.000, 0.000, -0.298, -2.784, 0.334, 5.938, -6.690, 4.533, -0.000, 19.70
1, 0, -0.654, 0.000, 0.000, 0.000, -0.187, -1.742, 0.318, 4.225, -6.342, 4.383, -0.000, 19.41
1, 0, -0.373, 0.000, 0.000, 0.000, -0.108, -1.009, 0.302, 4.044, -6.707, 3.850, -0.000, 19.15
1, 0, -0.151, 0.000, 0.000, 0.000, -0.045, -0.419, 0.289, 3.910, -7.083, 3.500, -0.000, 18.92
1, 0, 0.027, 0.000, 0.000, 0.000, 0.008, 0.077, 0.276, 3.806, -7.468, 3.274, -0.000, 18.70
1, 0, 0.170, 0.000, 0.000, 0.000, 0.052, 0.488, 0.264, 3.724, -7.628, 2.930, 0.000, 18.50
1, 0, 0.288, 0.000, 0.000, 0.000, 0.091, 0.843, 0.253, 3.658, -8.028, 2.896, -0.000, 18.31
1, 0, 0.393, 0.000, 0.000, 0.000, 0.126, 1.176, 0.242, 3.603, -8.432, 2.890, 0.000, 18.12
1, 1, -2.155, -0.000, 0.000, 0.000, -0.708, -6.584, 0.232, 3.626, -9.680, -28.256, -43.525, 20.00
1, 1, -2.035, -0.000, 0.000, 0.000, -0.661, -6.334, 0.348, 3.594, -9.435, 0.000, -14.524, 20.00
1, 1, -1.986, -0.000, 0.000, 0.000, -0.606, -5.745, 0.859, 3.565, -8.227, 0.000, -12.142, 20.00
1, 1, -1.967, -0.000, 0.000, 0.000, -0.547, -5.060, 1.674, 3.539, -6.810, 0.000, -9.170, 20.00
1, 1, -1.958, -0.000, 0.000, 0.000, -0.493, -4.409, 2.600, 3.516, -5.655, 0.000, -6.398, 20.00
1, 1, -1.943, -0.000, 0.000, 0.000, -0.451, -3.932, 3.226, 3.495, -4.972, 0.000, -4.579, 20.00
1, 1, -1.918, -0.000, 0.000, 0.000, -0.417, -3.582, 3.396, 3.475, -4.298, 0.000, -3.345, 20.00
1, 1, -1.880, -0.000, 0.000, 0.000, -0.396, -3.384, 3.370, 3.457, -4.075, 0.000, -2.910, 20.00
1, 1, -1.834, -0.000, 0.000, 0.000, -0.380, -3.264, 3.110, 3.696, -3.853, 0.000, -2.526, 20.00
1, 1, -1.779, -0.000, 0.000, 0.000, -0.376, -3.292, 2.710, 3.705, -4.075, 0.000, -3.107, 20.00
1, 1, -1.718, -0.000, 0.000, 0.000, -0.386, -3.496, 2.054, 3.710, -4.747, 0.000, -4.583, 20.00
1, 1, -1.661, -0.000, 0.000, 0.000, -0.399, -3.714, 1.473, 4.550, -5.426, 0.000, -5.178, 20.00
1, 1, -1.617, -0.000, 0.000, 0.000, -0.404, -3.699, 1.161, 6.728, -5.655, 0.000, -3.487, 20.00
1, 1, -1.578, -0.000, 0.000, 0.000, -0.407, -3.732, 1.021, 6.996, -5.884, 0.000, -3.584, 20.00
1, 1, -1.546, 0.000, 0.000, 0.000, -0.415, -3.808, 0.914, 7.205, -6.345, 0.000, -3.996, 20.00
1, 1, -1.520, 0.000, 0.000, 0.000, -0.419, -3.851, 0.828, 7.375, -6.577, 0.000, -4.164, 20.00
1, 0, -1.102, 0.000, 0.000, 0.000, -0.311, -2.859, 0.759, 5.933, -6.697, 4.275, -0.000, 19.71
1, 0, -0.683, 0.000, 0.000, 0.000, -0.199, -1.829, 0.703, 4.221, -7.038, 4.824, 0.000, 19.39
1, 0, -0.382, 0.000, 0.000, 0.000, -0.114, -1.046, 0.656, 4.040, -7.167, 4.013, -0.000, 19.13
1, 0, -0.162, 0.000, 0.000, 0.000, -0.049, -0.450, 0.615, 3.906, -7.311, 3.450, 0.000, 18.90
1, 0, 0.006, 0.000, 0.000, 0.000, 0.002, 0.016, 0.580, 3.803, -7.466, 3.059, -0.000, 18.69
1, 0, 0.137, 0.000, 0.000, 0.000, 0.043, 0.392, 0.549, 3.720, -7.629, 2.787, 0.000, 18.51
1, 0, 0.249, 0.000, 0.000, 0.000, 0.079, 0.727, 0.522, 3.654, -8.032, 2.801, -0.000, 18.32
1, 0, 0.348, 0.000, 0.000, 0.000, 0.111, 1.027, 0.497, 3.600, -8.202, 2.619, -0.000, 18.14
1, 1, -2.192, -0.000, 0.000, 0.000, -0.708, -6.537, 0.474, 4.392, -9.192, -27.830, -41.592, 20.00
1, 1, -2.076, -0.000, 0.000, 0.000, -0.654, -6.203, 0.650, 4.436, -8.707, 0.000, -12.555, 20.00
1, 1, -2.021, -0.000, 0.000, 0.000, -0.603, -5.676, 1.022, 4.466, -7.751, 0.000, -10.563, 20.00
1, 1, -1.997, -0.000, 0.000, 0.000, -0.548, -5.049, 1.743, 4.488, -6.577, 0.000, -7.940, 20.00
1, 1, -1.988, -0.000, 0.000, 0.000, -0.493, -4.385, 2.704, 4.504, -5.426, 0.000, -5.084, 20.00
1, 1, -1.976, -0.000, 0.000, 0.000, -0.447, -3.844, 3.379, 4.517, -4.522, 0.000, -2.892, 20.00
1, 1, -1.947, -0.000, 0.000, 0.000, -0.410, -3.457, 3.622, 4.527, -3.853, 0.000, -1.518, 20.00
1, 1, -1.912, -0.000, 0.000, 0.000, -0.383, -3.192, 3.649, 4.535, -3.412, 0.000, -0.715, 20.00
1, 1, -1.859, -0.000, 0.000, 0.000, -0.370, -3.103, 3.393, 4.541, -3.412, 0.000, -0.811, 20.00
1, 1, -1.799, -0.000, 0.000, 0.000, -0.366, -3.150, 2.912, 4.546, -3.632, 0.000, -1.489, 20.00
1, 1, -1.732, -0.000, 0.000, 0.000, -0.371, -3.311, 2.233, 4.550, -4.075, 0.000, -2.706, 20.00
1, 1, -1.670, -0.000, 0.000, 0.000, -0.378, -3.454, 1.729, 5.392, -4.522, 0.000, -2.903, 20.00
1, 1, -1.618, -0.000, 0.000, 0.000, -0.386, -3.498, 1.333, 7.574, -4.972, 0.000, -1.569, 20.00
1, 1, -1.573, -0.000, 0.000, 0.000, -0.389, -3.528, 1.182, 7.846, -5.199, 0.000, -1.660, 20.00
1, 1, -1.535, -0.000, 0.000, 0.000, -0.391, -3.558, 1.065, 8.060, -5.426, 0.000, -1.785, 20.00
1, 1, -1.503, -0.000, 0.000, 0.000, -0.394, -3.591, 0.972, 8.235, -5.655, 0.000, -1.935, 20.00
1, 0, -1.169, 0.000, 0.000, 0.000, -0.318, -2.903, 0.896, 6.286, -6.029, 3.237, -0.000, 19.78
1, 0, -0.808, 0.000, 0.000, 0.000, -0.225, -2.059, 0.833, 4.529, -6.158, 3.888, 0.000, 19.53
1, 0, -0.542, 0.000, 0.000, 0.000, -0.155, -1.414, 0.780, 4.315, -6.302, 3.319, 0.000, 19.30
1, 0, -0.341, 0.000, 0.000, 0.000, -0.099, -0.907, 0.734, 4.155, -6.458, 2.917, 0.000, 19.11
1, 0, -0.184, 0.000, 0.000, 0.000, -0.054, -0.498, 0.694, 4.030, -6.621, 2.634, -0.000, 18.93
1, 0, -0.057, 0.000, 0.000, 0.000, -0.017, -0.158, 0.659, 3.931, -6.791, 2.434, 0.000, 18.77
1, 0, 0.047, 0.000, 0.000, 0.000, 0.014, 0.132, 0.627, 3.850, -6.965, 2.294, 0.000, 18.62
1, 0, 0.137, 0.000, 0.000, 0.000, 0.042, 0.387, 0.597, 3.783, -7.142, 2.196, -0.000, 18.47
1, 1, -2.011, -0.000, 0.000, 0.000, -0.627, -5.761, 0.571, 4.566, -7.989, -22.917, -34.168, 20.00
1, 1, -1.905, -0.000, 0.000, 0.000, -0.586, -5.541, 0.653, 4.600, -7.751, 0.000, -10.530, 20.00
1, 1, -1.858, -0.000, 0.000, 0.000, -0.539, -5.043, 1.101, 4.622, -6.810, 0.000, -8.527, 20.00
1, 1, -1.830, -0.000, 0.000, 0.000, -0.493, -4.530, 1.700, 4.636, -5.884, 0.000, -6.401, 20.00
1, 1, -1.816, -0.000, 0.000, 0.000, -0.448, -3.987, 2.492, 4.646, -4.972, 0.000, -4.085, 20.00
1, 1, -1.799, -0.000, 0.000, 0.000, -0.409, -3.540, 3.106, 4.652, -4.298, 0.000, -2.289, 20.00
1, 1, -1.769, -0.000, 0.000, 0.000, -0.383, -3.294, 3.115, 4.656, -3.853, 0.000, -1.528, 20.00
1, 1, -1.733, -0.000, 0.000, 0.000, -0.363, -3.094, 3.201, 4.659, -3.632, 0.000, -0.962, 20.00
1, 1, -1.686, -0.000, 0.000, 0.000, -0.353, -3.031, 2.976, 4.660, -3.632, 0.000, -1.066, 20.00
1, 1, -1.630, -0.000, 0.000, 0.000, -0.353, -3.141, 2.303, 4.660, -3.853, 0.000, -2.015, 20.00
1, 1, -1.574, -0.000, 0.000, 0.000, -0.366, -3.353, 1.669, 4.660, -4.522, 0.000, -3.485, 20.00
1, 1, -1.525, -0.000, 0.000, 0.000, -0.373, -3.477, 1.334, 5.497, -4.972, 0.000, -3.517, 20.00
1, 1, -1.486, -0.000, 0.000, 0.000, -0.377, -3.443, 1.144, 7.675, -5.199, 0.000, -1.686, 20.00
1, 1, -1.451, -0.000, 0.000, 0.000, -0.380, -3.472, 1.030, 7.943, -5.426, 0.000, -1.756, 20.00
1, 1, -1.423, 0.000, 0.000, 0.000, -0.388, -3.547, 0.940, 8.153, -5.884, 0.000, -2.148, 20.00
1, 1, -1.401, 0.000, 0.000, 0.000, -0.392, -3.588, 0.866, 8.325, -6.114, 0.000, -2.304, 20.00
1, 0, -1.082, 0.000, 0.000, 0.000, -0.310, -2.839, 0.805, 6.373, -6.258, 3.312, -0.000, 19.78
1, 0, -0.737, 0.000, 0.000, 0.000, -0.215, -1.975, 0.754, 4.612, -6.386, 3.948, -0.000, 19.52
1, 0, -0.483, 0.000, 0.000, 0.000, -0.144, -1.317, 0.709, 4.394, -6.530, 3.369, 0.000, 19.29
1, 0, -0.280, 0.000, 0.000, 0.000, -0.086, -0.785, 0.671, 4.231, -6.914, 3.162, -0.000, 19.08
1, 0, -0.119, 0.000, 0.000, 0.000, -0.037, -0.340, 0.636, 4.104, -7.073, 2.830, 0.000, 18.89
1, 0, 0.015, 0.000, 0.000, 0.000, 0.005, 0.045, 0.605, 4.002, -7.472, 2.799, 0.000, 18.71
1, 0, 0.130, 0.000, 0.000, 0.000, 0.042, 0.384, 0.577, 3.918, -7.640, 2.589, -0.000, 18.53
1, 0, 0.229, 0.000, 0.000, 0.000, 0.075, 0.693, 0.551, 3.849, -8.047, 2.649, -0.000, 18.36
1, 1, -1.977, -0.000, 0.000, 0.000, -0.657, -6.048, 0.527, 3.859, -8.949, -24.658, -37.902, 20.00
1, 1, -1.882, -0.000, 0.000, 0.000, -0.609, -5.755, 0.737, 3.815, -8.467, 0.000, -12.160, 20.00
1, 1, -1.844, -0.000, 0.000, 0.000, -0.556, -5.195, 1.209, 3.776, -7.279, 0.000, -9.889, 20.00
1, 1, -1.833, -0.000, 0.000, 0.000, -0.499, -4.528, 2.004, 3.741, -5.884, 0.000, -6.998, 20.00
1, 1, -1.824, -0.000, 0.000, 0.000, -0.451, -3.975, 2.759, 3.708, -4.972, 0.000, -4.754, 20.00
1, 1, -1.809, -0.000, 0.000, 0.000, -0.412, -3.545, 3.246, 3.679, -4.298, 0.000, -3.139, 20.00
1, 1, -1.785, -0.000, 0.000, 0.000, -0.383, -3.229, 3.518, 3.652, -3.853, 0.000, -2.080, 20.00
1, 1, -1.748, -0.000, 0.000, 0.000, -0.363, -3.040, 3.519, 3.626, -3.632, 0.000, -1.638, 20.00
1, 1, -1.705, -0.000, 0.000, 0.000, -0.347, -2.907, 3.354, 3.859, -3.412, 0.000, -1.158, 20.00
1, 1, -1.651, -0.000, 0.000, 0.000, -0.344, -2.940, 2.968, 3.861, -3.632, 0.000, -1.737, 20.00
1, 1, -1.592, -0.000, 0.000, 0.000, -0.355, -3.155, 2.292, 3.860, -4.298, 0.000, -3.248, 20.00
1, 1, -1.539, -0.000, 0.000, 0.000, -0.363, -3.316, 1.772, 4.694, -4.747, 0.000, -3.499, 20.00
1, 1, -1.495, -0.000, 0.000, 0.000, -0.369, -3.330, 1.361, 6.866, -4.972, 0.000, -1.940, 20.00
1, 1, -1.457, 0.000, 0.000, 0.000, -0.372, -3.365, 1.209, 7.129, -5.199, 0.000, -2.055, 20.00
1, 1, -1.426, 0.000, 0.000, 0.000, -0.375, -3.401, 1.092, 7.333, -5.426, 0.000, -2.204, 20.00
1, 1, -1.401, 0.000, 0.000, 0.000, -0.378, -3.438, 0.998, 7.498, -5.655, 0.000, -2.376, 20.00
1, 0, -1.083, 0.000, 0.000, 0.000, -0.303, -2.759, 0.921, 6.051, -6.030, 3.202, -0.000, 19.79
1, 0, -0.737, 0.000, 0.000, 0.000, -0.211, -1.927, 0.857, 4.335, -6.160, 3.844, 0.000, 19.53
1, 0, -0.484, 0.000, 0.000, 0.000, -0.142, -1.294, 0.803, 4.149, -6.305, 3.273, 0.000, 19.31
1, 0, -0.303, 0.000, 0.000, 0.000, -0.089, -0.815, 0.756, 4.011, -6.235, 2.674, 0.000, 19.13
1, 0, -0.163, 0.000, 0.000, 0.000, -0.049, -0.446, 0.716, 3.903, -6.403, 2.442, 0.000, 18.97
1, 0, -0.057, 0.000, 0.000, 0.000, -0.017, -0.155, 0.679, 3.817, -6.348, 2.080, 0.000, 18.83
1, 0, 0.030, 0.000, 0.000, 0.000, 0.009, 0.082, 0.647, 3.747, -6.528, 2.013, 0.000, 18.70
1, 0, 0.100, 0.000, 0.000, 0.000, 0.030, 0.279, 0.617, 3.689, -6.481, 1.766, -0.000, 18.58
1, 1, -1.921, -0.000, 0.000, 0.000, -0.586, -5.381, 0.589, 3.709, -7.279, -21.294, -32.163, 20.00
1, 1, -1.820, -0.000, 0.000, 0.000, -0.547, -5.161, 0.671, 3.673, -7.044, 0.000, -10.228, 20.00
1, 1, -1.773, -0.000, 0.000, 0.000, -0.501, -4.684, 1.059, 3.641, -6.114, 0.000, -8.372, 20.00
1, 1, -1.744, -0.000, 0.000, 0.000, -0.457, -4.193, 1.586, 3.613, -5.199, 0.000, -6.394, 20.00
1, 1, -1.717, -0.000, 0.000, 0.000, -0.424, -3.825, 2.052, 3.587, -4.747, 0.000, -5.074, 20.00
1, 1, -1.701, -0.000, 0.000, 0.000, -0.382, -3.341, 2.705, 3.563, -3.853, 0.000, -3.009, 20.00
1, 1, -1.675, -0.000, 0.000, 0.000, -0.353, -3.005, 3.134, 3.540, -3.412, 0.000, -1.771, 20.00
1, 1, -1.647, -0.000, 0.000, 0.000, -0.323, -2.677, 3.376, 3.520, -2.756, 0.000, -0.508, 20.00
1, 0, -1.596, -0.000, 0.000, 0.000, -0.306, -2.525, 3.213, 3.757, -2.539, -0.004, -0.000, 20.00
1, 1, -1.546, -0.000, 0.000, 0.000, -0.299, -2.550, 2.661, 3.763, -2.539, 0.004, -0.506, 20.00
1, 1, -1.490, -0.000, 0.000, 0.000, -0.311, -2.768, 1.960, 3.765, -3.192, 0.000, -2.036, 20.00
1, 1, -1.436, -0.000, 0.000, 0.000, -0.319, -2.916, 1.461, 4.603, -3.632, 0.000, -2.238, 20.00
1, 1, -1.390, -0.000, 0.000, 0.000, -0.326, -2.943, 1.223, 6.779, -4.075, 0.000, -0.732, 20.00
1, 1, -1.348, 0.000, 0.000, 0.000, -0.329, -2.976, 1.094, 7.046, -4.298, 0.000, -0.811, 20.00
1, 1, -1.314, 0.000, 0.000, 0.000, -0.337, -3.053, 0.993, 7.253, -4.747, 0.000, -1.204, 20.00
1, 1, -1.286, 0.000, 0.000, 0.000, -0.345, -3.137, 0.912, 7.421, -5.199, 0.000, -1.634, 20.00
1, 0, -1.018, 0.000, 0.000, 0.000, -0.286, -2.602, 0.845, 5.977, -5.585, 2.669, 0.000, 19.82
1, 0, -0.708, 0.000, 0.000, 0.000, -0.204, -1.864, 0.789, 4.263, -5.724, 3.448, 0.000, 19.59
1, 0, -0.467, 0.000, 0.000, 0.000, -0.140, -1.280, 0.741, 4.081, -6.101, 3.167, 0.000, 19.38
1, 0, -0.266, 0.000, 0.000, 0.000, -0.083, -0.763, 0.699, 3.945, -6.714, 3.182, 0.000, 19.17
1, 0, -0.098, 0.000, 0.000, 0.000, -0.032, -0.293, 0.663, 3.840, -7.103, 3.024, 0.000, 18.97
1, 0, 0.047, 0.000, 0.000, 0.000, 0.016, 0.147, 0.630, 3.757, -7.730, 3.133, 0.000, 18.76
1, 0, 0.176, 0.000, 0.000, 0.000, 0.061, 0.562, 0.600, 3.689, -8.127, 3.039, 0.000, 18.56
1, 0, 0.288, 0.000, 0.000, 0.000, 0.102, 0.940, 0.573, 3.633, -8.528, 2.992, -0.000, 18.36
1, 1, -1.793, -0.000, 0.000, 0.000, -0.657, -6.043, 0.547, 3.655, -9.925, -24.655, -38.871, 20.00
1, 1, -1.712, -0.000, 0.000, 0.000, -0.616, -5.832, 0.810, 3.621, -9.680, 0.000, -13.409, 20.00
1, 1, -1.686, -0.000, 0.000, 0.000, -0.568, -5.321, 1.250, 3.592, -8.467, 0.000, -11.201, 20.00
1, 1, -1.675, -0.000, 0.000, 0.000, -0.529, -4.884, 1.823, 3.565, -7.751, 0.000, -9.452, 20.00
1, 1, -1.669, -0.000, 0.000, 0.000, -0.497, -4.531, 2.335, 3.541, -7.279, 0.000, -8.100, 20.00
1, 1, -1.663, -0.000, 0.000, 0.000, -0.471, -4.254, 2.607, 3.518, -6.810, 0.000, -7.072, 20.00
1, 1, -1.651, -0.000, 0.000, 0.000, -0.456, -4.109, 2.772, 3.498, -6.810, 0.000, -6.755, 20.00
1, 1, -1.636, -0.000, 0.000, 0.000, -0.442, -3.977, 2.776, 3.479, -6.577, 0.000, -6.376, 20.00
1, 1, -1.615, -0.000, 0.000, 0.000, -0.440, -4.002, 2.535, 3.717, -6.810, 0.000, -6.615, 20.00
1, 1, -1.593, -0.000, 0.000, 0.000, -0.442, -4.069, 2.212, 3.726, -7.044, 0.000, -7.210, 20.00
1, 1, -1.569, -0.000, 0.000, 0.000, -0.453, -4.247, 1.664, 3.729, -7.514, 0.000, -8.390, 20.00
1, 1, -1.550, 0.000, 0.000, 0.000, -0.464, -4.404, 1.285, 4.568, -7.989, 0.000, -8.554, 20.00
1, 1, -1.538, 0.000, 0.000, 0.000, -0.470, -4.357, 1.075, 6.746, -8.227, 0.000, -6.772, 20.00
1, 1, -1.529, 0.000, 0.000, 0.000, -0.476, -4.401, 0.967, 7.013, -8.467, 0.000, -6.892, 20.00
1, 1, -1.525, 0.000, 0.000, 0.000, -0.481, -4.448, 0.882, 7.222, -8.707, 0.000, -7.058, 20.00
1, 1, -1.526, 0.000, 0.000, 0.000, -0.486, -4.498, 0.813, 7.391, -8.949, 0.000, -7.255, 20.00
1, 0, -0.975, 0.000, 0.000, 0.000, -0.314, -2.903, 0.756, 5.949, -9.017, 6.504, 0.000, 19.57
1, 0, -0.485, 0.000, 0.000, 0.000, -0.159, -1.469, 0.708, 4.236, -9.329, 6.498, -0.000, 19.13
1, 0, -0.145, 0.000, 0.000, 0.000, -0.048, -0.440, 0.666, 4.054, -9.191, 5.103, 0.000, 18.79
1, 0, 0.092, 0.000, 0.000, 0.000, 0.030, 0.277, 0.630, 3.920, -9.079, 4.130, -0.000, 18.52
1, 0, 0.262, 0.000, 0.000, 0.000, 0.085, 0.784, 0.598, 3.816, -8.986, 3.442, -0.000, 18.29
1, 0, 0.386, 0.000, 0.000, 0.000, 0.124, 1.148, 0.569, 3.733, -8.907, 2.947, 0.000, 18.09
1, 0, 0.478, 0.000, 0.000, 0.000, 0.153, 1.413, 0.542, 3.666, -8.837, 2.584, 0.000, 17.92
1, 0, 0.553, 0.000, 0.000, 0.000, 0.177, 1.633, 0.518, 3.611, -9.012, 2.521, -0.000, 17.75
1, 1, -2.541, -0.000, 0.000, 0.000, -0.806, -7.460, 0.495, 3.634, -9.925, -33.730, -50.334, 20.00
1, 1, -2.405, -0.000, 0.000, 0.000, -0.734, -6.959, 0.742, 3.601, -9.192, 0.000, -14.946, 20.00
1, 1, -2.339, -0.000, 0.000, 0.000, -0.668, -6.281, 1.171, 3.572, -7.989, 0.000, -12.534, 20.00
1, 1, -2.291, -0.000, 0.000, 0.000, -0.617, -5.716, 1.741, 3.546, -7.279, 0.000, -10.615, 20.00
1, 1, -2.252, -0.000, 0.000, 0.000, -0.571, -5.229, 2.185, 3.523, -6.577, 0.000, -8.921, 20.00
1, 1, -2.211, -0.000, 0.000, 0.000, -0.538, -4.881, 2.587, 3.501, -6.345, 0.000, -7.887, 20.00
1, 1, -2.180, -0.000, 0.000, 0.000, -0.500, -4.434, 3.161, 3.481, -5.655, 0.000, -6.126, 20.00
1, 1, -2.138, -0.000, 0.000, 0.000, -0.472, -4.141, 3.328, 3.463, -5.199, 0.000, -5.159, 20.00
1, 1, -2.084, -0.000, 0.000, 0.000, -0.459, -4.044, 3.125, 3.702, -5.199, 0.000, -4.958, 20.00
1, 1, -2.024, -0.000, 0.000, 0.000, -0.451, -4.043, 2.644, 3.711, -5.199, 0.000, -5.361, 20.00
1, 1, -1.956, -0.000, 0.000, 0.000, -0.461, -4.258, 1.913, 3.715, -5.884, 0.000, -6.931, 20.00
1, 1, -1.898, -0.000, 0.000, 0.000, -0.468, -4.397, 1.441, 4.555, -6.345, 0.000, -7.112, 20.00
1, 1, -1.854, -0.000, 0.000, 0.000, -0.467, -4.298, 1.189, 6.733, -6.345, 0.000, -5.042, 20.00
1, 1, -1.812, -0.000, 0.000, 0.000, -0.468, -4.308, 1.061, 7.001, -6.577, 0.000, -5.103, 20.00
1, 1, -1.778, -0.000, 0.000, 0.000, -0.469, -4.324, 0.961, 7.210, -6.810, 0.000, -5.211, 20.00
1, 1, -1.749, -0.000, 0.000, 0.000, -0.467, -4.302, 0.880, 7.379, -6.810, 0.000, -5.069, 20.00
1, 0, -1.254, 0.000, 0.000, 0.000, -0.341, -3.141, 0.814, 5.938, -6.914, 4.899, 0.000, 19.67
1, 0, -0.793, 0.000, 0.000, 0.000, -0.219, -2.020, 0.759, 4.225, -7.015, 5.064, 0.000, 19.34
1, 0, -0.475, 0.000, 0.000, 0.000, -0.132, -1.216, 0.712, 4.044, -6.910, 3.977, -0.000, 19.07
1, 0, -0.242, 0.000, 0.000, 0.000, -0.068, -0.629, 0.671, 3.910, -7.054, 3.412, 0.000, 18.84
1, 0, -0.072, 0.000, 0.000, 0.000, -0.020, -0.188, 0.635, 3.806, -6.979, 2.818, -0.000, 18.66
1, 0, 0.058, 0.000, 0.000, 0.000, 0.017, 0.153, 0.603, 3.724, -7.146, 2.591, -0.000, 18.48
1, 0, 0.165, 0.000, 0.000, 0.000, 0.048, 0.442, 0.575, 3.658, -7.318, 2.430, -0.000, 18.32
1, 0, 0.251, 0.000, 0.000, 0.000, 0.073, 0.672, 0.548, 3.603, -7.262, 2.114, 0.000, 18.18
1, 1, -2.414, -0.000, 0.000, 0.000, -0.707, -6.532, 0.524, 3.626, -8.227, -27.305, -41.036, 20.00
1, 1, -2.284, -0.000, 0.000, 0.000, -0.646, -6.098, 0.770, 3.594, -7.514, 0.000, -12.179, 20.00
1, 1, -2.225, -0.000, 0.000, 0.000, -0.581, -5.401, 1.302, 3.565, -6.114, 0.000, -9.455, 20.00
1, 1, -2.191, -0.000, 0.000, 0.000, -0.522, -4.708, 2.111, 3.539, -4.972, 0.000, -6.743, 20.00
1, 1, -2.163, -0.000, 0.000, 0.000, -0.469, -4.106, 2.853, 3.516, -4.075, 0.000, -4.444, 20.00
1, 1, -2.128, -0.000, 0.000, 0.000, -0.427, -3.643, 3.296, 3.495, -3.412, 0.000, -2.818, 20.00
1, 1, -2.084, -0.000, 0.000, 0.000, -0.394, -3.281, 3.616, 3.475, -2.974, 0.000, -1.641, 20.00
1, 1, -2.026, -0.000, 0.000, 0.000, -0.370, -3.049, 3.675, 3.457, -2.756, 0.000, -1.070, 20.00
1, 1, -1.951, -0.000, 0.000, 0.000, -0.358, -2.997, 3.275, 3.696, -2.756, 0.000, -1.091, 20.00
1, 1, -1.869, -0.000, 0.000, 0.000, -0.354, -3.047, 2.775, 3.705, -2.974, 0.000, -1.763, 20.00
1, 1, -1.784, -0.000, 0.000, 0.000, -0.363, -3.228, 2.208, 3.710, -3.632, 0.000, -3.089, 20.00
1, 1, -1.708, -0.000, 0.000, 0.000, -0.370, -3.367, 1.749, 4.550, -4.075, 0.000, -3.221, 20.00
1, 1, -1.646, -0.000, 0.000, 0.000, -0.374, -3.376, 1.344, 6.728, -4.298, 0.000, -1.623, 20.00
1, 1, -1.592, -0.000, 0.000, 0.000, -0.376, -3.400, 1.196, 6.996, -4.522, 0.000, -1.697, 20.00
1, 1, -1.546, -0.000, 0.000, 0.000, -0.377, -3.424, 1.082, 7.205, -4.747, 0.000, -1.807, 20.00
1, 1, -1.506, -0.000, 0.000, 0.000, -0.384, -3.492, 0.990, 7.375, -5.199, 0.000, -2.217, 20.00
1, 0, -1.195, 0.000, 0.000, 0.000, -0.314, -2.860, 0.915, 5.933, -5.351, 2.873, 0.000, 19.81
1, 0, -0.848, 0.000, 0.000, 0.000, -0.229, -2.087, 0.852, 4.221, -5.486, 3.578, -0.000, 19.57
1, 0, -0.593, 0.000, 0.000, 0.000, -0.164, -1.496, 0.799, 4.040, -5.635, 3.049, 0.000, 19.37
1, 0, -0.399, 0.000, 0.000, 0.000, -0.113, -1.030, 0.753, 3.906, -5.795, 2.678, -0.000, 19.19
1, 0, -0.248, 0.000, 0.000, 0.000, -0.071, -0.653, 0.712, 3.803, -5.962, 2.418, 0.000, 19.03
1, 0, -0.126, 0.000, 0.000, 0.000, -0.037, -0.338, 0.676, 3.720, -6.134, 2.238, 0.000, 18.88
1, 0, -0.018, 0.000, 0.000, 0.000, -0.005, -0.049, 0.644, 3.654, -6.538, 2.312, 0.000, 18.72
1, 0, 0.078, 0.000, 0.000, 0.000, 0.024, 0.219, 0.614, 3.600, -6.714, 2.179, -0.000, 18.58
1, 1, -1.924, -0.000, 0.000, 0.000, -0.597, -5.485, 0.587, 4.392, -7.514, -21.325, -31.866, 20.00
1, 1, -1.828, -0.000, 0.000, 0.000, -0.554, -5.215, 0.740, 4.436, -7.044, 0.000, -9.464, 20.00
1, 1, -1.788, -0.000, 0.000, 0.000, -0.503, -4.670, 1.205, 4.466, -5.884, 0.000, -7.174, 20.00
1, 1, -1.769, -0.000, 0.000, 0.000, -0.452, -4.083, 1.890, 4.488, -4.747, 0.000, -4.673, 20.00
1, 1, -1.757, -0.000, 0.000, 0.000, -0.405, -3.536, 2.649, 4.504, -3.853, 0.000, -2.397, 20.00
1, 1, -1.737, -0.000, 0.000, 0.000, -0.366, -3.100, 3.159, 4.517, -3.192, 0.000, -0.719, 20.00
1, 1, -1.694, -0.000, 0.000, 0.000, -0.341, -2.852, 3.291, 4.527, -2.974, 0.000, -0.042, 20.00
1, 0, -1.764, -0.000, 0.000, 0.000, -0.335, -2.730, 3.531, 4.535, -2.556, -0.680, -0.000, 20.05
1, 0, -1.801, -0.000, 0.000, 0.000, -0.335, -2.739, 3.309, 4.541, -2.356, -0.618, -0.000, 20.09
1, 0, -1.720, -0.000, 0.000, 0.000, -0.330, -2.770, 2.854, 4.546, -2.572, -0.008, -0.000, 20.09
1, 0, -1.539, -0.000, 0.000, 0.000, -0.313, -2.718, 2.340, 4.550, -2.990, 0.671, -0.000, 20.04
1, 0, -1.393, -0.000, 0.000, 0.000, -0.302, -2.712, 1.823, 5.392, -3.413, 0.605, -0.000, 20.00
1, 0, -1.405, -0.000, 0.000, 0.000, -0.326, -2.917, 1.370, 7.574, -3.865, -0.430, -0.000, 20.03
1, 0, -1.389, -0.000, 0.000, 0.000, -0.336, -3.016, 1.218, 7.846, -4.093, -0.231, -0.000, 20.05
1, 0, -1.333, -0.000, 0.000, 0.000, -0.340, -3.060, 1.101, 8.060, -4.537, 0.109, 0.000, 20.04
1, 0, -1.279, 0.000, 0.000, 0.000, -0.338, -3.050, 1.007, 8.235, -4.757, 0.182, -0.000, 20.03
1, 0, -1.093, 0.000, 0.000, 0.000, -0.298, -2.695, 0.930, 6.286, -4.936, 1.805, 0.000, 19.91
1, 0, -0.809, 0.000, 0.000, 0.000, -0.229, -2.082, 0.867, 4.529, -5.311, 3.035, 0.000, 19.70
1, 0, -0.592, 0.000, 0.000, 0.000, -0.172, -1.566, 0.812, 4.315, -5.469, 2.673, -0.000, 19.53
1, 0, -0.423, 0.000, 0.000, 0.000, -0.126, -1.146, 0.766, 4.155, -5.635, 2.410, 0.000, 19.37
1, 0, -0.278, 0.000, 0.000, 0.000, -0.085, -0.779, 0.725, 4.030, -6.031, 2.420, 0.000, 19.20
1, 0, -0.157, 0.000, 0.000, 0.000, -0.049, -0.449, 0.688, 3.931, -6.204, 2.240, 0.000, 19.05
1, 0, -0.057, 0.000, 0.000, 0.000, -0.018, -0.166, 0.655, 3.850, -6.380, 2.116, -0.000, 18.91
1, 0, 0.028, 0.000, 0.000, 0.000, 0.009, 0.083, 0.625, 3.783, -6.560, 2.031, 0.000, 18.78
1, 1, -1.629, -0.000, 0.000, 0.000, -0.537, -4.922, 0.597, 4.566, -7.514, -18.327, -27.768, 20.00
1, 1, -1.560, -0.000, 0.000, 0.000, -0.500, -4.696, 0.804, 4.600, -7.044, 0.000, -8.397, 20.00
1, 1, -1.529, -0.000, 0.000, 0.000, -0.460, -4.283, 1.131, 4.622, -6.114, 0.000, -6.633, 20.00
1, 1, -1.508, -0.000, 0.000, 0.000, -0.430, -3.959, 1.525, 4.636, -5.655, 0.000, -5.390, 20.00
1, 1, -1.490, -0.000, 0.000, 0.000, -0.405, -3.709, 1.681, 4.646, -5.199, 0.000, -4.476, 20.00
1, 1, -1.480, -0.000, 0.000, 0.000, -0.375, -3.338, 2.425, 4.652, -4.747, 0.000, -2.862, 20.00
1, 1, -1.469, -0.000, 0.000, 0.000, -0.343, -2.948, 3.085, 4.656, -4.075, 0.000, -1.094, 20.00
1, 1, -1.447, -0.000, 0.000, 0.000, -0.321, -2.712, 3.245, 4.659, -3.632, 0.000, -0.209, 20.00
1, 1, -1.417, -0.000, 0.000, 0.000, -0.314, -2.695, 2.893, 4.660, -3.632, 0.000, -0.506, 20.00
1, 1, -1.383, -0.000, 0.000, 0.000, -0.316, -2.800, 2.308, 4.660, -3.853, 0.000, -1.384, 20.00
1, 1, -1.347, 0.000, 0.000, 0.000, -0.323, -2.925, 1.900, 4.660, -4.298, 0.000, -2.334, 20.00
1, 1, -1.313, 0.000, 0.000, 0.000, -0.329, -3.042, 1.413, 5.497, -4.522, 0.000, -2.296, 20.00
1, 1, -1.285, 0.000, 0.000, 0.000, -0.333, -3.029, 1.158, 7.675, -4.747, 0.000, -0.561, 20.00
1, 1, -1.260, 0.000, 0.000, 0.000, -0.336, -3.063, 1.038, 7.943, -4.972, 0.000, -0.650, 20.00
1, 1, -1.240, 0.000, 0.000, 0.000, -0.340, -3.099, 0.944, 8.153, -5.199, 0.000, -0.781, 20.00
1, 1, -1.224, 0.000, 0.000, 0.000, -0.344, -3.139, 0.867, 8.325, -5.426, 0.000, -0.941, 20.00
1, 0, -1.005, 0.000, 0.000, 0.000, -0.289, -2.637, 0.805, 6.373, -5.593, 2.346, 0.000, 19.84
1, 0, -0.722, 0.000, 0.000, 0.000, -0.211, -1.934, 0.752, 4.612, -5.738, 3.241, -0.000, 19.63
1, 0, -0.507, 0.000, 0.000, 0.000, -0.151, -1.385, 0.707, 4.394, -5.893, 2.835, 0.000, 19.44
1, 0, -0.340, 0.000, 0.000, 0.000, -0.103, -0.944, 0.668, 4.231, -6.057, 2.545, 0.000, 19.27
1, 0, -0.205, 0.000, 0.000, 0.000, -0.063, -0.580, 0.633, 4.104, -6.227, 2.339, 0.000, 19.11
1, 0, -0.095, 0.000, 0.000, 0.000, -0.030, -0.272, 0.602, 4.002, -6.401, 2.194, 0.000, 18.97
1, 0, 0.005, 0.000, 0.000, 0.000, 0.002, 0.015, 0.573, 3.918, -6.808, 2.294, 0.000, 18.81
1, 0, 0.095, 0.000, 0.000, 0.000, 0.031, 0.284, 0.548, 3.849, -6.985, 2.178, 0.000, 18.67
1, 1, -1.705, -0.000, 0.000, 0.000, -0.558, -5.130, 0.524, 3.859, -7.751, -19.973, -30.734, 20.00
1, 1, -1.633, -0.000, 0.000, 0.000, -0.512, -4.824, 0.769, 3.815, -7.044, 0.000, -9.428, 20.00
1, 1, -1.601, -0.000, 0.000, 0.000, -0.465, -4.315, 1.190, 3.776, -5.884, 0.000, -7.299, 20.00
1, 1, -1.584, -0.000, 0.000, 0.000, -0.420, -3.816, 1.815, 3.741, -4.972, 0.000, -5.237, 20.00
1, 1, -1.568, -0.000, 0.000, 0.000, -0.383, -3.399, 2.352, 3.708, -4.298, 0.000, -3.588, 20.00
1, 1, -1.549, -0.000, 0.000, 0.000, -0.353, -3.059, 2.813, 3.679, -3.853, 0.000, -2.322, 20.00
1, 1, -1.527, -0.000, 0.000, 0.000, -0.325, -2.735, 3.280, 3.652, -3.412, 0.000, -1.067, 20.00
1, 1, -1.494, -0.000, 0.000, 0.000, -0.300, -2.459, 3.552, 3.626, -2.974, 0.000, -0.049, 20.00
1, 0, -1.482, -0.000, 0.000, 0.000, -0.292, -2.405, 3.305, 3.859, -2.762, -0.224, 0.000, 20.01
1, 0, -1.426, -0.000, 0.000, 0.000, -0.283, -2.376, 2.949, 3.861, -2.761, 0.036, -0.000, 20.01
1, 1, -1.361, 0.000, 0.000, 0.000, -0.287, -2.500, 2.340, 3.860, -3.192, 0.188, -0.951, 20.00
1, 1, -1.315, 0.000, 0.000, 0.000, -0.297, -2.693, 1.657, 4.694, -3.632, 0.000, -1.587, 20.00
1, 0, -1.278, 0.000, 0.000, 0.000, -0.302, -2.710, 1.321, 6.866, -3.854, -0.043, -0.000, 20.00
1, 0, -1.236, 0.000, 0.000, 0.000, -0.303, -2.729, 1.173, 7.129, -4.075, 0.041, -0.000, 20.00
1, 1, -1.211, 0.000, 0.000, 0.000, -0.312, -2.816, 1.059, 7.333, -4.522, 0.001, -0.468, 20.00
1, 1, -1.188, 0.000, 0.000, 0.000, -0.316, -2.862, 0.967, 7.498, -4.747, 0.000, -0.648, 20.00
1, 0, -1.010, 0.000, 0.000, 0.000, -0.277, -2.512, 0.892, 6.051, -4.926, 1.780, 0.000, 19.88
1, 0, -0.750, 0.000, 0.000, 0.000, -0.211, -1.919, 0.830, 4.335, -5.080, 2.796, -0.000, 19.69
1, 0, -0.552, 0.000, 0.000, 0.000, -0.159, -1.447, 0.778, 4.149, -5.243, 2.474, 0.000, 19.53
1, 0, -0.396, 0.000, 0.000, 0.000, -0.116, -1.062, 0.732, 4.011, -5.412, 2.243, 0.000, 19.38
1, 0, -0.270, 0.000, 0.000, 0.000, -0.081, -0.739, 0.693, 3.903, -5.586, 2.080, 0.000, 19.24
1, 0, -0.165, 0.000, 0.000, 0.000, -0.050, -0.461, 0.657, 3.817, -5.764, 1.966, 0.000, 19.11
1, 0, -0.076, 0.000, 0.000, 0.000, -0.024, -0.217, 0.626, 3.747, -5.945, 1.889, 0.000, 18.98
1, 0, -0.006, 0.000, 0.000, 0.000, -0.002, -0.016, 0.597, 3.689, -5.902, 1.639, 0.000, 18.88
1, 1, -1.569, -0.000, 0.000, 0.000, -0.493, -4.516, 0.570, 3.709, -6.577, -16.868, -25.744, 20.00
1, 1, -1.502, -0.000, 0.000, 0.000, -0.456, -4.270, 0.813, 3.673, -6.114, 0.000, -7.855, 20.00
1, 1, -1.474, -0.000, 0.000, 0.000, -0.406, -3.742, 1.230, 3.641, -4.747, 0.000, -5.498, 20.00
1, 1, -1.445, -0.000, 0.000, 0.000, -0.381, -3.482, 1.488, 3.613, -4.522, 0.000, -4.729, 20.00
1, 1, -1.419, -0.000, 0.000, 0.000, -0.360, -3.280, 1.629, 3.587, -4.298, 0.000, -4.142, 20.00
1, 1, -1.402, -0.000, 0.000, 0.000, -0.331, -2.918, 2.344, 3.563, -3.853, 0.000, -2.597, 20.00
1, 1, -1.379, -0.000, 0.000, 0.000, -0.307, -2.644, 2.711, 3.540, -3.412, 0.000, -1.491, 20.00
1, 1, -1.350, -0.000, 0.000, 0.000, -0.293, -2.535, 2.576, 3.520, -3.192, 0.000, -1.274, 20.00
1, 1, -1.320, -0.000, 0.000, 0.000, -0.278, -2.383, 2.674, 3.757, -2.974, 0.000, -0.524, 20.00
1, 1, -1.286, 0.000, 0.000, 0.000, -0.271, -2.317, 2.626, 3.763, -2.974, 0.000, -0.458, 20.00
1, 1, -1.249, 0.000, 0.000, 0.000, -0.274, -2.425, 2.067, 3.765, -3.192, 0.000, -1.307, 20.00
1, 1, -1.213, 0.000, 0.000, 0.000, -0.285, -2.603, 1.459, 4.603, -3.632, 0.000, -1.669, 20.00
1, 0, -1.203, 0.000, 0.000, 0.000, -0.290, -2.617, 1.153, 6.779, -3.637, -0.187, -0.000, 20.01
1, 0, -1.181, 0.000, 0.000, 0.000, -0.294, -2.660, 1.029, 7.046, -3.860, -0.080, 0.000, 20.02
1, 0, -1.151, 0.000, 0.000, 0.000, -0.295, -2.679, 0.932, 7.253, -4.082, 0.023, -0.000, 20.02
1, 0, -1.137, 0.000, 0.000, 0.000, -0.296, -2.688, 0.854, 7.421, -4.083, -0.070, -0.000, 20.02
1, 0, -1.011, 0.000, 0.000, 0.000, -0.270, -2.456, 0.790, 5.977, -4.274, 1.244, 0.000, 19.94
1, 0, -0.782, 0.000, 0.000, 0.000, -0.214, -1.948, 0.736, 4.263, -4.437, 2.380, -0.000, 19.78
1, 0, -0.615, 0.000, 0.000, 0.000, -0.170, -1.547, 0.691, 4.081, -4.386, 1.947, -0.000, 19.65
1, 0, -0.480, 0.000, 0.000, 0.000, -0.135, -1.234, 0.652, 3.945, -4.564, 1.816, -0.000, 19.53
1, 0, -0.378, 0.000, 0.000, 0.000, -0.107, -0.977, 0.617, 3.840, -4.524, 1.529, 0.000, 19.43
1, 0, -0.301, 0.000, 0.000, 0.000, -0.086, -0.782, 0.586, 3.757, -4.490, 1.316, -0.000, 19.34
1, 0, -0.243, 0.000, 0.000, 0.000, -0.069, -0.631, 0.558, 3.689, -4.460, 1.155, 0.000, 19.26
1, 0, -0.197, 0.000, 0.000, 0.000, -0.056, -0.512, 0.533, 3.633, -4.433, 1.033, 0.000, 19.19
1, 1, -1.376, -0.000, 0.000, 0.000, -0.396, -3.624, 0.509, 3.655, -4.972, -12.107, -18.311, 20.00
1, 1, -1.321, -0.000, 0.000, 0.000, -0.360, -3.344, 0.809, 3.621, -4.298, 0.000, -4.892, 20.00
1, 1, -1.291, -0.000, 0.000, 0.000, -0.317, -2.885, 1.243, 3.592, -3.192, 0.000, -2.851, 20.00
1, 1, -1.257, -0.000, 0.000, 0.000, -0.298, -2.710, 1.242, 3.565, -2.974, 0.000, -2.432, 20.00
1, 1, -1.226, -0.000, 0.000, 0.000, -0.289, -2.626, 1.343, 3.541, -3.192, 0.000, -2.450, 20.00
1, 1, -1.201, -0.000, 0.000, 0.000, -0.263, -2.317, 1.947, 3.518, -2.756, 0.000, -1.072, 20.00
1, 1, -1.171, 0.000, 0.000, 0.000, -0.246, -2.109, 2.313, 3.498, -2.539, 0.000, -0.255, 20.00
1, 1, -1.139, 0.000, 0.000, 0.000, -0.235, -2.037, 2.108, 3.479, -2.323, 0.000, -0.147, 20.00
1, 1, -1.108, 0.000, 0.000, 0.000, -0.239, -2.134, 1.586, 3.717, -2.539, 0.000, -0.716, 20.00
1, 1, -1.077, 0.000, 0.000, 0.000, -0.239, -2.166, 1.418, 3.726, -2.756, 0.000, -1.094, 20.00
1, 1, -1.047, 0.000, 0.000, 0.000, -0.247, -2.267, 1.190, 3.729, -3.192, 0.000, -1.834, 20.00
1, 1, -1.020, 0.000, 0.000, 0.000, -0.252, -2.352, 0.911, 4.568, -3.412, 0.000, -1.557, 20.00
1, 0, -1.044, 0.000, 0.000, 0.000, -0.263, -2.407, 0.791, 6.746, -3.422, -0.401, -0.000, 20.03
1, 0, -1.050, 0.000, 0.000, 0.000, -0.273, -2.500, 0.720, 7.013, -3.649, -0.261, 0.000, 20.04
1, 0, -1.064, 0.000, 0.000, 0.000, -0.281, -2.569, 0.662, 7.222, -3.657, -0.313, -0.000, 20.06
1, 0, -1.060, 0.000, 0.000, 0.000, -0.287, -2.627, 0.615, 7.391, -3.882, -0.149, -0.000, 20.07
1, 0, -0.962, 0.000, 0.000, 0.000, -0.263, -2.406, 0.575, 5.949, -3.857, 0.964, 0.000, 20.01
1, 0, -0.755, 0.000, 0.000, 0.000, -0.211, -1.931, 0.540, 4.236, -4.024, 2.145, 0.000, 19.87
1, 0, -0.591, 0.000, 0.000, 0.000, -0.169, -1.546, 0.511, 4.054, -4.197, 1.939, 0.000, 19.74
1, 0, -0.459, 0.000, 0.000, 0.000, -0.134, -1.227, 0.484, 3.920, -4.374, 1.790, 0.000, 19.62
1, 0, -0.360, 0.000, 0.000, 0.000, -0.106, -0.968, 0.461, 3.816, -4.336, 1.493, 0.000, 19.52
1, 0, -0.277, 0.000, 0.000, 0.000, -0.083, -0.759, 0.439, 3.733, -4.522, 1.469, 0.000, 19.42
1, 0, -0.203, 0.000, 0.000, 0.000, -0.062, -0.566, 0.419, 3.666, -4.710, 1.455, 0.000, 19.32
1, 0, -0.136, 0.000, 0.000, 0.000, -0.042, -0.386, 0.401, 3.611, -4.898, 1.450, -0.000, 19.23
1, 1, -1.198, -0.000, 0.000, 0.000, -0.371, -3.404, 0.384, 3.634, -5.199, -11.580, -17.734, 20.00
1, 1, -1.154, -0.000, 0.000, 0.000, -0.344, -3.234, 0.547, 3.601, -4.747, 0.000, -5.331, 20.00
1, 1, -1.130, -0.000, 0.000, 0.000, -0.309, -2.857, 0.974, 3.572, -3.853, 0.000, -3.604, 20.00
1, 1, -1.113, -0.000, 0.000, 0.000, -0.278, -2.492, 1.548, 3.546, -3.192, 0.000, -1.980, 20.00
1, 1, -1.096, 0.000, 0.000, 0.000, -0.247, -2.145, 2.055, 3.523, -2.539, 0.000, -0.449, 20.00
1, 1, -1.073, 0.000, 0.000, 0.000, -0.231, -2.000, 2.060, 3.501, -2.323, 0.000, -0.066, 20.00
1, 0, -1.105, 0.000, 0.000, 0.000, -0.226, -1.921, 2.295, 3.481, -2.118, -0.406, 0.000, 20.03
1, 0, -1.269, -0.000, 0.000, 0.000, -0.238, -1.906, 2.878, 3.463, -1.720, -1.208, -0.000, 20.11
1, 0, -1.394, -0.000, 0.000, 0.000, -0.255, -2.062, 2.644, 3.702, -1.535, -1.099, 0.000, 20.18
1, 0, -1.367, -0.000, 0.000, 0.000, -0.261, -2.196, 2.180, 3.711, -1.756, -0.311, 0.000, 20.20
1, 0, -1.276, -0.000, 0.000, 0.000, -0.255, -2.201, 1.867, 3.715, -1.967, 0.118, 0.000, 20.19
1, 0, -1.191, -0.000, 0.000, 0.000, -0.258, -2.296, 1.468, 4.555, -2.394, 0.115, -0.000, 20.19
1, 0, -1.239, -0.000, 0.000, 0.000, -0.292, -2.603, 1.053, 6.733, -2.847, -0.804, -0.000, 20.24
1, 0, -1.249, -0.000, 0.000, 0.000, -0.309, -2.769, 0.931, 7.001, -3.079, -0.527, -0.000, 20.27
1, 0, -1.208, -0.000, 0.000, 0.000, -0.318, -2.866, 0.837, 7.210, -3.521, -0.134, -0.000, 20.28
1, 0, -1.142, -0.000, 0.000, 0.000, -0.320, -2.888, 0.763, 7.379, -3.958, 0.165, -0.000, 20.27
1, 0, -0.984, 0.000, 0.000, 0.000, -0.287, -2.595, 0.702, 5.938, -4.145, 1.371, 0.000, 20.18
1, 0, -0.732, 0.000, 0.000, 0.000, -0.224, -2.035, 0.652, 4.225, -4.524, 2.638, -0.000, 20.01
1, 0, -0.532, 0.000, 0.000, 0.000, -0.171, -1.552, 0.610, 4.044, -4.909, 2.511, -0.000, 19.84
1, 0, -0.369, 0.000, 0.000, 0.000, -0.124, -1.126, 0.574, 3.910, -5.300, 2.435, -0.000, 19.68
1, 0, -0.233, 0.000, 0.000, 0.000, -0.081, -0.739, 0.542, 3.806, -5.694, 2.399, 0.000, 19.52
1, 0, -0.116, 0.000, 0.000, 0.000, -0.042, -0.381, 0.514, 3.724, -6.091, 2.392, 0.000, 19.36
1, 0, -0.013, 0.000, 0.000, 0.000, -0.005, -0.044, 0.489, 3.658, -6.492, 2.407, 0.000, 19.20
1, 0, 0.080, 0.000, 0.000, 0.000, 0.030, 0.278, 0.466, 3.603, -6.895, 2.437, 0.000, 19.03
1, 1, -1.077, -0.000, 0.000, 0.000, -0.414, -3.795, 0.445, 3.626, -7.514, -14.499, -23.228, 20.00
1, 1, -1.054, -0.000, 0.000, 0.000, -0.382, -3.581, 0.837, 3.594, -6.810, 0.000, -7.397, 20.00
1, 1, -1.048, 0.000, 0.000, 0.000, -0.336, -3.067, 1.390, 3.565, -5.199, 0.000, -4.694, 20.00
1, 1, -1.046, 0.000, 0.000, 0.000, -0.293, -2.582, 2.117, 3.539, -4.075, 0.000, -2.340, 20.00
1, 1, -1.040, 0.000, 0.000, 0.000, -0.260, -2.209, 2.729, 3.516, -3.412, 0.000, -0.676, 20.00
1, 0, -1.129, 0.000, 0.000, 0.000, -0.250, -2.010, 3.419, 3.495, -2.775, -0.751, 0.000, 20.05
1, 0, -1.328, -0.000, 0.000, 0.000, -0.267, -2.022, 3.971, 3.475, -2.379, -1.451, -0.000, 20.15
1, 0, -1.539, -0.000, 0.000, 0.000, -0.288, -2.120, 4.004, 3.457, -1.987, -1.527, 0.000, 20.25
1, 0, -1.637, -0.000, 0.000, 0.000, -0.306, -2.298, 3.634, 3.696, -2.014, -1.074, 0.000, 20.32
1, 0, -1.649, -0.000, 0.000, 0.000, -0.312, -2.398, 3.281, 3.705, -2.030, -0.599, 0.000, 20.36
1, 0, -1.488, -0.000, 0.000, 0.000, -0.303, -2.484, 2.647, 3.710, -2.450, 0.369, 0.000, 20.34
1, 0, -1.307, -0.000, 0.000, 0.000, -0.294, -2.543, 2.079, 4.550, -3.087, 0.601, 0.000, 20.30
1, 0, -1.313, -0.000, 0.000, 0.000, -0.317, -2.765, 1.492, 6.728, -3.318, -0.506, -0.000, 20.33
1, 0, -1.265, -0.000, 0.000, 0.000, -0.326, -2.872, 1.314, 6.996, -3.761, -0.087, -0.000, 20.33
1, 0, -1.190, -0.000, 0.000, 0.000, -0.326, -2.895, 1.179, 7.205, -4.199, 0.226, 0.000, 20.32
1, 0, -1.125, -0.000, 0.000, 0.000, -0.322, -2.866, 1.071, 7.375, -4.415, 0.282, -0.000, 20.30
1, 0, -0.950, 0.000, 0.000, 0.000, -0.286, -2.558, 0.984, 5.933, -4.820, 1.697, 0.000, 20.19
1, 0, -0.690, 0.000, 0.000, 0.000, -0.217, -1.954, 0.912, 4.221, -5.196, 2.924, -0.000, 19.99
1, 0, -0.496, 0.000, 0.000, 0.000, -0.161, -1.448, 0.852, 4.040, -5.357, 2.569, 0.000, 19.82
1, 0, -0.347, 0.000, 0.000, 0.000, -0.115, -1.037, 0.800, 3.906, -5.524, 2.317, 0.000, 19.67
1, 0, -0.228, 0.000, 0.000, 0.000, -0.077, -0.696, 0.755, 3.803, -5.697, 2.140, 0.000, 19.52
1, 0, -0.130, 0.000, 0.000, 0.000, -0.045, -0.405, 0.716, 3.720, -5.874, 2.018, 0.000, 19.39
1, 0, -0.048, 0.000, 0.000, 0.000, -0.017, -0.150, 0.680, 3.654, -6.054, 1.934, -0.000, 19.26
1, 0, 0.024, 0.000, 0.000, 0.000, 0.008, 0.077, 0.648, 3.600, -6.236, 1.878, -0.000, 19.14
1, 1, -1.078, -0.000, 0.000, 0.000, -0.379, -3.457, 0.619, 4.392, -6.810, -12.962, -19.675, 20.00
1, 1, -1.051, 0.000, 0.000, 0.000, -0.350, -3.254, 0.949, 4.436, -6.114, 0.000, -5.384, 20.00
1, 1, -1.037, 0.000, 0.000, 0.000, -0.314, -2.879, 1.308, 4.466, -4.972, 0.000, -3.428, 20.00
1, 1, -1.027, 0.000, 0.000, 0.000, -0.289, -2.601, 1.794, 4.488, -4.522, 0.000, -2.158, 20.00
1, 0, -1.021, 0.000, 0.000, 0.000, -0.254, -2.174, 2.696, 4.504, -3.635, -0.116, -0.000, 20.01
1, 0, -1.201, -0.000, 0.000, 0.000, -0.266, -2.137, 3.544, 4.517, -3.013, -1.443, -0.000, 20.10
1, 0, -1.467, -0.000, 0.000, 0.000, -0.294, -2.274, 3.817, 4.527, -2.410, -1.899, 0.000, 20.23
1, 0, -1.733, -0.000, 0.000, 0.000, -0.322, -2.418, 3.915, 4.535, -2.030, -1.947, -0.000, 20.36
1, 0, -1.826, -0.000, 0.000, 0.000, -0.340, -2.619, 3.486, 4.541, -2.059, -1.183, -0.000, 20.44
1, 0, -1.691, -0.000, 0.000, 0.000, -0.338, -2.788, 2.738, 4.546, -2.489, 0.024, -0.000, 20.44
1, 0, -1.447, -0.000, 0.000, 0.000, -0.319, -2.771, 2.118, 4.550, -3.116, 0.985, -0.000, 20.37
1, 0, -1.271, -0.000, 0.000, 0.000, -0.303, -2.718, 1.662, 5.392, -3.535, 0.773, -0.000, 20.32
1, 0, -1.304, -0.000, 0.000, 0.000, -0.329, -2.912, 1.365, 7.574, -3.771, -0.622, -0.000, 20.36
1, 0, -1.327, -0.000, 0.000, 0.000, -0.344, -3.057, 1.222, 7.846, -3.785, -0.555, 0.000, 20.40
1, 0, -1.320, -0.000, 0.000, 0.000, -0.355, -3.165, 1.110, 8.060, -4.015, -0.315, 0.000, 20.42
1, 0, -1.297, -0.000, 0.000, 0.000, -0.360, -3.222, 1.020, 8.235, -4.241, -0.136, 0.000, 20.43
1, 0, -1.121, -0.000, 0.000, 0.000, -0.320, -2.875, 0.946, 6.286, -4.425, 1.509, -0.000, 20.33
1, 0, -0.882, 0.000, 0.000, 0.000, -0.255, -2.291, 0.883, 4.529, -4.364, 2.379, 0.000, 20.17
1, 0, -0.695, 0.000, 0.000, 0.000, -0.205, -1.849, 0.830, 4.315, -4.533, 2.137, -0.000, 20.03
1, 0, -0.545, 0.000, 0.000, 0.000, -0.164, -1.484, 0.783, 4.155, -4.707, 1.962, 0.000, 19.90
1, 0, -0.434, 0.000, 0.000, 0.000, -0.131, -1.187, 0.742, 4.030, -4.664, 1.644, 0.000, 19.79
1, 0, -0.340, 0.000, 0.000, 0.000, -0.105, -0.948, 0.706, 3.931, -4.848, 1.604, -0.000, 19.68
1, 0, -0.258, 0.000, 0.000, 0.000, -0.080, -0.729, 0.672, 3.850, -5.033, 1.577, -0.000, 19.57
1, 0, -0.191, 0.000, 0.000, 0.000, -0.060, -0.543, 0.642, 3.783, -4.998, 1.366, -0.000, 19.48
1, 1, -0.883, 0.000, 0.000, 0.000, -0.279, -2.538, 0.614, 4.566, -5.426, -7.745, -11.692, 20.00
1, 1, -0.869, 0.000, 0.000, 0.000, -0.264, -2.452, 0.838, 4.600, -4.972, 0.000, -3.120, 20.00
1, 1, -0.852, 0.000, 0.000, 0.000, -0.238, -2.170, 1.249, 4.622, -4.075, 0.000, -1.464, 20.00
1, 1, -0.836, 0.000, 0.000, 0.000, -0.217, -1.940, 1.722, 4.636, -3.632, 0.000, -0.268, 20.00
1, 0, -0.852, 0.000, 0.000, 0.000, -0.211, -1.869, 1.929, 4.646, -3.418, -0.226, 0.000, 20.02
1, 0, -0.845, 0.000, 0.000, 0.000, -0.209, -1.872, 1.682, 4.652, -3.417, 0.009, -0.000, 20.01
1, 1, -0.817, 0.000, 0.000, 0.000, -0.205, -1.862, 1.500, 4.656, -3.632, 0.217, -0.144, 20.00
1, 1, -0.812, 0.000, 0.000, 0.000, -0.203, -1.844, 1.545, 4.659, -3.632, 0.000, -0.288, 20.00
1, 1, -0.814, 0.000, 0.000, 0.000, -0.208, -1.900, 1.477, 4.660, -3.853, 0.000, -0.638, 20.00
1, 1, -0.815, 0.000, 0.000, 0.000, -0.214, -1.967, 1.381, 4.660, -4.075, 0.000, -1.031, 20.00
1, 1, -0.813, 0.000, 0.000, 0.000, -0.217, -2.014, 1.183, 4.660, -4.075, 0.000, -1.276, 20.00
1, 1, -0.815, 0.000, 0.000, 0.000, -0.225, -2.122, 0.889, 5.497, -4.298, 0.000, -1.074, 20.00
1, 0, -0.869, 0.000, 0.000, 0.000, -0.247, -2.268, 0.779, 7.675, -4.536, -0.534, -0.000, 20.04
1, 0, -0.919, 0.000, 0.000, 0.000, -0.263, -2.416, 0.715, 7.943, -4.549, -0.512, 0.000, 20.07
1, 0, -0.943, 0.000, 0.000, 0.000, -0.276, -2.529, 0.662, 8.153, -4.781, -0.286, 0.000, 20.09
1, 0, -0.968, 0.000, 0.000, 0.000, -0.284, -2.609, 0.618, 8.325, -4.789, -0.294, 0.000, 20.11
1, 0, -0.847, 0.000, 0.000, 0.000, -0.253, -2.320, 0.581, 6.373, -4.977, 1.443, 0.000, 20.01
1, 0, -0.646, 0.000, 0.000, 0.000, -0.193, -1.773, 0.549, 4.612, -4.916, 2.367, -0.000, 19.85
1, 0, -0.486, 0.000, 0.000, 0.000, -0.148, -1.354, 0.520, 4.394, -5.086, 2.159, 0.000, 19.71
1, 0, -0.356, 0.000, 0.000, 0.000, -0.110, -1.006, 0.494, 4.231, -5.261, 2.006, -0.000, 19.58
1, 0, -0.247, 0.000, 0.000, 0.000, -0.077, -0.709, 0.471, 4.104, -5.439, 1.897, 0.000, 19.45
1, 0, -0.163, 0.000, 0.000, 0.000, -0.051, -0.467, 0.450, 4.002, -5.397, 1.625, 0.000, 19.34
1, 0, -0.092, 0.000, 0.000, 0.000, -0.029, -0.266, 0.430, 3.918, -5.583, 1.621, 0.000, 19.23
1, 0, -0.026, 0.000, 0.000, 0.000, -0.008, -0.078, 0.412, 3.849, -5.770, 1.622, -0.000, 19.13
1, 1, -1.203, -0.000, 0.000, 0.000, -0.388, -3.572, 0.395, 3.859, -6.345, -13.116, -20.370, 20.00
1, 1, -1.161, -0.000, 0.000, 0.000, -0.363, -3.428, 0.521, 3.815, -5.884, 0.000, -6.500, 20.00
1, 1, -1.136, 0.000, 0.000, 0.000, -0.335, -3.149, 0.780, 3.776, -5.199, 0.000, -5.265, 20.00
1, 1, -1.120, 0.000, 0.000, 0.000, -0.325, -3.051, 0.860, 3.741, -5.199, 0.000, -5.095, 20.00
1, 1, -1.107, 0.000, 0.000, 0.000, -0.302, -2.789, 1.380, 3.708, -4.747, 0.000, -3.856, 20.00
1, 1, -1.092, 0.000, 0.000, 0.000, -0.275, -2.468, 1.975, 3.679, -4.075, 0.000, -2.256, 20.00
1, 1, -1.081, 0.000, 0.000, 0.000, -0.265, -2.387, 1.854, 3.652, -3.853, 0.000, -2.081, 20.00
1, 1, -1.069, 0.000, 0.000, 0.000, -0.260, -2.355, 1.744, 3.626, -3.853, 0.000, -2.167, 20.00
1, 1, -1.054, 0.000, 0.000, 0.000, -0.253, -2.274, 1.912, 3.859, -3.853, 0.000, -1.664, 20.00
1, 1, -1.037, 0.000, 0.000, 0.000, -0.245, -2.203, 1.874, 3.861, -3.632, 0.000, -1.381, 20.00
1, 1, -1.025, 0.000, 0.000, 0.000, -0.250, -2.291, 1.495, 3.860, -3.853, 0.000, -2.066, 20.00
1, 1, -1.015, 0.000, 0.000, 0.000, -0.257, -2.405, 1.058, 4.694, -4.075, 0.000, -2.000, 20.00
1, 1, -1.001, 0.000, 0.000, 0.000, -0.262, -2.408, 0.826, 6.866, -4.298, 0.000, -0.278, 20.00
1, 1, -0.991, 0.000, 0.000, 0.000, -0.266, -2.450, 0.736, 7.129, -4.522, 0.000, -0.364, 20.00
1, 1, -0.983, 0.000, 0.000, 0.000, -0.271, -2.495, 0.666, 7.333, -4.747, 0.000, -0.498, 20.00
1, 1, -0.978, 0.000, 0.000, 0.000, -0.277, -2.545, 0.610, 7.498, -4.972, 0.000, -0.665, 20.00
1, 0, -0.841, 0.000, 0.000, 0.000, -0.240, -2.207, 0.564, 6.051, -4.931, 1.603, 0.000, 19.89
1, 0, -0.614, 0.000, 0.000, 0.000, -0.179, -1.645, 0.525, 4.335, -5.088, 2.666, -0.000, 19.72
1, 0, -0.439, 0.000, 0.000, 0.000, -0.130, -1.197, 0.493, 4.149, -5.253, 2.377, 0.000, 19.56
1, 0, -0.309, 0.000, 0.000, 0.000, -0.092, -0.846, 0.465, 4.011, -5.202, 1.973, 0.000, 19.43
1, 0, -0.205, 0.000, 0.000, 0.000, -0.062, -0.569, 0.440, 3.903, -5.381, 1.873, 0.000, 19.30
1, 0, -0.123, 0.000, 0.000, 0.000, -0.037, -0.343, 0.418, 3.817, -5.339, 1.607, -0.000, 19.19
1, 0, -0.055, 0.000, 0.000, 0.000, -0.017, -0.154, 0.398, 3.747, -5.525, 1.606, 0.000, 19.09
1, 0, 0.002, 0.000, 0.000, 0.000, 0.001, 0.006, 0.380, 3.689, -5.489, 1.411, 0.000, 18.99
1, 1, -1.401, -0.000, 0.000, 0.000, -0.433, -3.989, 0.363, 3.709, -6.114, -15.116, -22.980, 20.00
1, 1, -1.342, -0.000, 0.000, 0.000, -0.408, -3.767, 0.347, 3.673, -5.884, 0.000, -7.380, 20.00
1, 1, -1.300, -0.000, 0.000, 0.000, -0.392, -3.707, 0.476, 3.641, -5.884, 0.000, -7.166, 20.00
1, 1, -1.276, -0.000, 0.000, 0.000, -0.362, -3.388, 0.908, 3.613, -5.199, 0.000, -5.705, 20.00
1, 1, -1.262, 0.000, 0.000, 0.000, -0.321, -2.871, 2.017, 3.587, -4.298, 0.000, -3.149, 20.00
1, 1, -1.245, 0.000, 0.000, 0.000, -0.276, -2.320, 3.038, 3.563, -3.192, 0.000, -0.433, 20.00
1, 0, -1.337, -0.000, 0.000, 0.000, -0.265, -2.166, 3.289, 3.540, -2.341, -0.720, 0.000, 20.05
1, 0, -1.440, -0.000, 0.000, 0.000, -0.269, -2.176, 3.152, 3.520, -1.933, -0.853, 0.000, 20.10
1, 0, -1.470, -0.000, 0.000, 0.000, -0.274, -2.267, 2.736, 3.757, -1.946, -0.536, -0.000, 20.14
1, 0, -1.419, -0.000, 0.000, 0.000, -0.268, -2.288, 2.242, 3.763, -1.948, -0.082, -0.000, 20.15
1, 0, -1.266, -0.000, 0.000, 0.000, -0.254, -2.245, 1.780, 3.765, -2.364, 0.583, -0.000, 20.11
1, 0, -1.142, 0.000, 0.000, 0.000, -0.247, -2.250, 1.274, 4.603, -2.783, 0.544, -0.000, 20.07
1, 0, -1.192, 0.000, 0.000, 0.000, -0.275, -2.476, 1.048, 6.779, -3.236, -0.649, 0.000, 20.11
1, 0, -1.202, -0.000, 0.000, 0.000, -0.290, -2.617, 0.931, 7.046, -3.466, -0.402, -0.000, 20.14
1, 0, -1.213, -0.000, 0.000, 0.000, -0.299, -2.710, 0.839, 7.253, -3.476, -0.393, 0.000, 20.17
1, 0, -1.200, -0.000, 0.000, 0.000, -0.307, -2.781, 0.766, 7.421, -3.701, -0.197, -0.000, 20.18
1, 0, -1.067, 0.000, 0.000, 0.000, -0.281, -2.556, 0.706, 5.977, -3.894, 1.115, -0.000, 20.11
1, 0, -0.833, 0.000, 0.000, 0.000, -0.226, -2.058, 0.656, 4.263, -4.058, 2.255, 0.000, 19.96
1, 0, -0.637, 0.000, 0.000, 0.000, -0.180, -1.645, 0.614, 4.081, -4.448, 2.215, 0.000, 19.81
1, 0, -0.482, 0.000, 0.000, 0.000, -0.141, -1.283, 0.578, 3.945, -4.620, 2.003, 0.000, 19.67
1, 0, -0.348, 0.000, 0.000, 0.000, -0.106, -0.965, 0.547, 3.840, -5.019, 2.050, 0.000, 19.54
1, 0, -0.237, 0.000, 0.000, 0.000, -0.074, -0.673, 0.519, 3.757, -5.196, 1.904, 0.000, 19.41
1, 0, -0.137, 0.000, 0.000, 0.000, -0.044, -0.404, 0.493, 3.689, -5.600, 2.004, 0.000, 19.28
1, 0, -0.050, 0.000, 0.000, 0.000, -0.017, -0.152, 0.470, 3.633, -5.780, 1.895, 0.000, 19.15
1, 1, -1.174, -0.000, 0.000, 0.000, -0.391, -3.583, 0.449, 3.655, -6.345, -12.737, -20.126, 20.00
1, 1, -1.135, -0.000, 0.000, 0.000, -0.371, -3.503, 0.573, 3.621, -6.114, 0.000, -6.929, 20.00
1, 1, -1.117, 0.000, 0.000, 0.000, -0.343, -3.188, 1.063, 3.592, -5.426, 0.000, -5.420, 20.00
1, 1, -1.106, 0.000, 0.000, 0.000, -0.303, -2.723, 1.819, 3.565, -4.298, 0.000, -3.046, 20.00
1, 1, -1.094, 0.000, 0.000, 0.000, -0.261, -2.237, 2.618, 3.541, -3.192, 0.000, -0.625, 20.00
1, 0, -1.155, 0.000, 0.000, 0.000, -0.248, -2.046, 3.048, 3.518, -2.553, -0.564, -0.000, 20.04
1, 0, -1.298, -0.000, 0.000, 0.000, -0.256, -2.053, 3.303, 3.498, -2.148, -1.046, -0.000, 20.11
1, 0, -1.447, -0.000, 0.000, 0.000, -0.268, -2.116, 3.242, 3.479, -1.749, -1.141, 0.000, 20.18
1, 0, -1.585, -0.000, 0.000, 0.000, -0.283, -2.221, 3.126, 3.717, -1.566, -1.189, -0.000, 20.26
1, 0, -1.557, -0.000, 0.000, 0.000, -0.288, -2.356, 2.649, 3.726, -1.789, -0.384, -0.000, 20.29
1, 0, -1.385, -0.000, 0.000, 0.000, -0.277, -2.387, 2.033, 3.729, -2.205, 0.492, 0.000, 20.26
1, 0, -1.258, -0.000, 0.000, 0.000, -0.272, -2.415, 1.627, 4.568, -2.627, 0.376, -0.000, 20.23
1, 0, -1.286, -0.000, 0.000, 0.000, -0.301, -2.672, 1.233, 6.746, -3.078, -0.642, 0.000, 20.27
1, 0, -1.254, -0.000, 0.000, 0.000, -0.314, -2.805, 1.095, 7.013, -3.522, -0.213, -0.000, 20.29
1, 0, -1.215, -0.000, 0.000, 0.000, -0.319, -2.858, 0.988, 7.222, -3.744, -0.073, 0.000, 20.29
1, 0, -1.147, -0.000, 0.000, 0.000, -0.319, -2.870, 0.902, 7.391, -4.182, 0.227, -0.000, 20.28
1, 0, -0.971, 0.000, 0.000, 0.000, -0.285, -2.570, 0.832, 5.949, -4.587, 1.632, 0.000, 20.17
1, 0, -0.723, 0.000, 0.000, 0.000, -0.219, -1.985, 0.774, 4.236, -4.743, 2.661, 0.000, 19.99
1, 0, -0.524, 0.000, 0.000, 0.000, -0.166, -1.507, 0.725, 4.054, -5.129, 2.548, 0.000, 19.82
1, 0, -0.361, 0.000, 0.000, 0.000, -0.119, -1.081, 0.683, 3.920, -5.520, 2.479, 0.000, 19.66
1, 0, -0.223, 0.000, 0.000, 0.000, -0.076, -0.694, 0.645, 3.816, -5.915, 2.446, 0.000, 19.49
1, 0, -0.111, 0.000, 0.000, 0.000, -0.039, -0.353, 0.613, 3.733, -6.086, 2.243, 0.000, 19.34
1, 0, -0.014, 0.000, 0.000, 0.000, -0.005, -0.045, 0.583, 3.666, -6.489, 2.304, 0.000, 19.19
1, 0, 0.076, 0.000, 0.000, 0.000, 0.028, 0.256, 0.556, 3.611, -6.894, 2.366, 0.000, 19.03
1, 1, -1.109, -0.000, 0.000, 0.000, -0.411, -3.892, 0.567, 3.634, -7.514, -14.522, -23.247, 20.00
1, 1, -1.084, -0.000, 0.000, 0.000, -0.387, -3.654, 0.800, 3.601, -7.044, 0.000, -7.767, 20.00
1, 1, -1.074, 0.000, 0.000, 0.000, -0.359, -3.331, 1.321, 3.572, -6.345, 0.000, -6.215, 20.00
1, 1, -1.070, 0.000, 0.000, 0.000, -0.323, -2.907, 2.120, 3.546, -5.426, 0.000, -4.061, 20.00
1, 1, -1.065, 0.000, 0.000, 0.000, -0.285, -2.423, 3.194, 3.523, -4.522, 0.000, -1.578, 20.00
1, 0, -1.097, 0.000, 0.000, 0.000, -0.259, -2.084, 3.949, 3.501, -3.642, -0.370, -0.000, 20.02
1, 0, -1.261, -0.000, 0.000, 0.000, -0.270, -2.091, 4.498, 3.481, -3.230, -1.127, -0.000, 20.10
1, 0, -1.368, -0.000, 0.000, 0.000, -0.281, -2.185, 4.094, 3.463, -2.817, -0.905, -0.000, 20.16
1, 0, -1.415, -0.000, 0.000, 0.000, -0.291, -2.286, 3.779, 3.702, -2.834, -0.655, -0.000, 20.20
1, 0, -1.390, -0.000, 0.000, 0.000, -0.289, -2.333, 3.369, 3.711, -2.839, -0.229, -0.000, 20.22
1, 0, -1.233, -0.000, 0.000, 0.000, -0.274, -2.322, 2.741, 3.715, -3.260, 0.634, -0.000, 20.18
1, 0, -1.106, 0.000, 0.000, 0.000, -0.264, -2.321, 2.196, 4.555, -3.684, 0.625, -0.000, 20.14
1, 0, -1.106, 0.000, 0.000, 0.000, -0.285, -2.589, 1.622, 6.733, -4.134, -0.241, -0.000, 20.15
1, 0, -1.087, 0.000, 0.000, 0.000, -0.292, -2.609, 1.408, 7.001, -4.358, -0.062, -0.000, 20.16
1, 0, -1.055, 0.000, 0.000, 0.000, -0.294, -2.636, 1.265, 7.210, -4.580, 0.091, 0.000, 20.15
1, 0, -1.017, 0.000, 0.000, 0.000, -0.293, -2.632, 1.152, 7.379, -4.799, 0.209, 0.000, 20.14
1, 0, -0.884, 0.000, 0.000, 0.000, -0.262, -2.360, 1.060, 5.938, -4.986, 1.495, 0.000, 20.04
1, 0, -0.661, 0.000, 0.000, 0.000, -0.200, -1.811, 0.984, 4.225, -5.145, 2.608, 0.000, 19.86
1, 0, -0.499, 0.000, 0.000, 0.000, -0.152, -1.378, 0.920, 4.044, -5.089, 2.155, 0.000, 19.72
1, 0, -0.369, 0.000, 0.000, 0.000, -0.115, -1.039, 0.865, 3.910, -5.264, 2.011, -0.000, 19.58
1, 0, -0.270, 0.000, 0.000, 0.000, -0.084, -0.762, 0.817, 3.806, -5.219, 1.712, -0.000, 19.47
1, 0, -0.187, 0.000, 0.000, 0.000, -0.059, -0.535, 0.775, 3.724, -5.403, 1.685, -0.000, 19.36
1, 0, -0.120, 0.000, 0.000, 0.000, -0.038, -0.342, 0.737, 3.658, -5.365, 1.470, 0.000, 19.26
1, 0, -0.061, 0.000, 0.000, 0.000, -0.019, -0.177, 0.703, 3.603, -5.554, 1.505, -0.000, 19.16
1, 1, -1.199, -0.000, 0.000, 0.000, -0.379, -3.567, 0.689, 3.626, -5.884, -12.609, -19.323, 20.00
1, 1, -1.160, -0.000, 0.000, 0.000, -0.358, -3.352, 0.895, 3.594, -5.655, 0.000, -6.036, 20.00
1, 1, -1.136, 0.000, 0.000, 0.000, -0.334, -3.093, 1.252, 3.565, -5.199, 0.000, -4.944, 20.00
1, 1, -1.119, 0.000, 0.000, 0.000, -0.321, -2.982, 1.203, 3.539, -4.972, 0.000, -4.651, 20.00
1, 1, -1.106, 0.000, 0.000, 0.000, -0.311, -2.886, 1.351, 3.516, -4.972, 0.000, -4.409, 20.00
1, 1, -1.093, 0.000, 0.000, 0.000, -0.289, -2.617, 1.950, 3.495, -4.522, 0.000, -3.076, 20.00
1, 1, -1.080, 0.000, 0.000, 0.000, -0.273, -2.412, 2.455, 3.475, -4.298, 0.000, -2.133, 20.00
1, 1, -1.069, 0.000, 0.000, 0.000, -0.264, -2.346, 2.342, 3.457, -4.075, 0.000, -1.955, 20.00
1, 1, -1.058, 0.000, 0.000, 0.000, -0.264, -2.389, 1.943, 3.696, -4.075, 0.000, -2.148, 20.00
1, 1, -1.046, 0.000, 0.000, 0.000, -0.264, -2.417, 1.651, 3.705, -4.075, 0.000, -2.446, 20.00
1, 1, -1.036, 0.000, 0.000, 0.000, -0.270, -2.512, 1.281, 3.710, -4.298, 0.000, -3.124, 20.00
1, 1, -1.026, 0.000, 0.000, 0.000, -0.275, -2.587, 1.051, 4.550, -4.522, 0.000, -2.809, 20.00
1, 1, -1.017, 0.000, 0.000, 0.000, -0.279, -2.645, 0.944, 6.728, -4.747, 0.000, -1.016, 20.00
1, 1, -1.009, 0.000, 0.000, 0.000, -0.284, -2.625, 0.835, 6.996, -4.972, 0.000, -1.059, 20.00
1, 1, -1.004, 0.000, 0.000, 0.000, -0.289, -2.669, 0.769, 7.205, -5.199, 0.000, -1.188, 20.00
1, 1, -1.001, 0.000, 0.000, 0.000, -0.291, -2.678, 0.715, 7.375, -5.199, 0.000, -1.079, 20.00
1, 0, -0.827, 0.000, 0.000, 0.000, -0.244, -2.249, 0.670, 5.933, -5.372, 2.089, -0.000, 19.86
1, 0, -0.592, 0.000, 0.000, 0.000, -0.175, -1.616, 0.630, 4.221, -5.298, 2.830, -0.000, 19.67
1, 0, -0.392, 0.000, 0.000, 0.000, -0.121, -1.112, 0.596, 4.040, -5.909, 2.897, 0.000, 19.48
1, 0, -0.223, 0.000, 0.000, 0.000, -0.071, -0.652, 0.566, 3.906, -6.298, 2.772, -0.000, 19.29
1, 0, -0.080, 0.000, 0.000, 0.000, -0.026, -0.241, 0.538, 3.803, -6.693, 2.699, 0.000, 19.11
1, 0, 0.049, 0.000, 0.000, 0.000, 0.017, 0.153, 0.514, 3.720, -7.322, 2.869, 0.000, 18.92
1, 0, 0.166, 0.000, 0.000, 0.000, 0.058, 0.534, 0.491, 3.654, -7.721, 2.819, 0.000, 18.74
1, 0, 0.268, 0.000, 0.000, 0.000, 0.096, 0.887, 0.469, 3.600, -8.124, 2.804, 0.000, 18.55
1, 1, -1.546, -0.000, 0.000, 0.000, -0.558, -5.331, 0.503, 4.392, -8.949, -21.778, -33.268, 20.00
1, 1, -1.493, -0.000, 0.000, 0.000, -0.521, -4.947, 0.851, 4.436, -8.467, 0.000, -10.141, 20.00
1, 1, -1.470, -0.000, 0.000, 0.000, -0.479, -4.475, 1.421, 4.466, -7.514, 0.000, -8.051, 20.00
1, 1, -1.463, -0.000, 0.000, 0.000, -0.431, -3.900, 2.310, 4.488, -6.345, 0.000, -5.342, 20.00
1, 1, -1.462, -0.000, 0.000, 0.000, -0.385, -3.330, 3.417, 4.504, -5.426, 0.000, -2.683, 20.00
1, 1, -1.449, -0.000, 0.000, 0.000, -0.343, -2.841, 4.144, 4.517, -4.522, 0.000, -0.494, 20.00
1, 0, -1.629, -0.000, 0.000, 0.000, -0.344, -2.679, 5.167, 4.527, -3.883, -1.159, -0.000, 20.08
1, 0, -1.744, -0.000, 0.000, 0.000, -0.355, -2.752, 4.792, 4.535, -3.467, -1.009, -0.000, 20.14
1, 0, -1.751, -0.000, 0.000, 0.000, -0.355, -2.811, 4.167, 4.541, -3.261, -0.530, -0.000, 20.18
1, 0, -1.694, -0.000, 0.000, 0.000, -0.347, -2.818, 3.689, 4.546, -3.264, -0.112, 0.000, 20.19
1, 0, -1.506, -0.000, 0.000, 0.000, -0.327, -2.778, 2.998, 4.550, -3.685, 0.748, 0.000, 20.14
1, 0, -1.329, 0.000, 0.000, 0.000, -0.310, -2.746, 2.427, 5.392, -4.328, 0.895, -0.000, 20.08
1, 0, -1.290, 0.000, 0.000, 0.000, -0.324, -2.963, 1.752, 7.574, -4.776, 0.027, -0.000, 20.08
1, 0, -1.224, 0.000, 0.000, 0.000, -0.325, -2.916, 1.516, 7.846, -5.220, 0.322, -0.000, 20.05
1, 0, -1.140, 0.000, 0.000, 0.000, -0.318, -2.866, 1.357, 8.060, -5.661, 0.568, -0.000, 20.02
1, 1, -1.109, 0.000, 0.000, 0.000, -0.320, -2.892, 1.231, 8.235, -5.884, 0.251, -0.488, 20.00
1, 0, -0.898, 0.000, 0.000, 0.000, -0.269, -2.444, 1.130, 6.286, -6.280, 2.475, 0.000, 19.84
1, 0, -0.610, 0.000, 0.000, 0.000, -0.190, -1.726, 1.046, 4.529, -6.650, 3.600, 0.000, 19.59
1, 0, -0.381, 0.000, 0.000, 0.000, -0.123, -1.118, 0.976, 4.315, -7.029, 3.360, 0.000, 19.37
1, 0, -0.204, 0.000, 0.000, 0.000, -0.067, -0.610, 0.916, 4.155, -7.185, 2.994, 0.000, 19.17
1, 0, -0.057, 0.000, 0.000, 0.000, -0.019, -0.175, 0.865, 4.030, -7.580, 2.935, 0.000, 18.98
1, 0, 0.066, 0.000, 0.000, 0.000, 0.022, 0.205, 0.819, 3.931, -7.745, 2.702, -0.000, 18.80
1, 0, 0.172, 0.000, 0.000, 0.000, 0.060, 0.547, 0.778, 3.850, -8.150, 2.744, -0.000, 18.61
1, 0, 0.266, 0.000, 0.000, 0.000, 0.093, 0.855, 0.741, 3.783, -8.321, 2.583, 0.000, 18.44
1, 1, -1.726, -0.000, 0.000, 0.000, -0.608, -5.767, 0.743, 4.566, -9.192, -23.393, -35.377, 20.00
1, 1, -1.668, -0.000, 0.000, 0.000, -0.560, -5.281, 1.147, 4.600, -8.467, 0.000, -10.230, 20.00
1, 1, -1.637, -0.000, 0.000, 0.000, -0.520, -4.844, 1.595, 4.622, -7.751, 0.000, -8.535, 20.00
1, 1, -1.625, -0.000, 0.000, 0.000, -0.475, -4.315, 2.371, 4.636, -6.810, 0.000, -6.218, 20.00
1, 1, -1.622, -0.000, 0.000, 0.000, -0.429, -3.735, 3.448, 4.646, -5.884, 0.000, -3.574, 20.00
1, 1, -1.617, -0.000, 0.000, 0.000, -0.385, -3.206, 4.338, 4.652, -4.972, 0.000, -1.190, 20.00
1, 0, -1.736, -0.000, 0.000, 0.000, -0.371, -2.912, 5.444, 4.656, -4.318, -0.763, 0.000, 20.05
1, 0, -1.813, -0.000, 0.000, 0.000, -0.372, -2.919, 4.899, 4.659, -3.672, -0.782, 0.000, 20.10
1, 0, -1.807, -0.000, 0.000, 0.000, -0.367, -2.933, 4.327, 4.660, -3.462, -0.418, -0.000, 20.13
1, 0, -1.742, -0.000, 0.000, 0.000, -0.356, -2.917, 3.854, 4.660, -3.463, -0.036, -0.000, 20.13
1, 0, -1.543, -0.000, 0.000, 0.000, -0.334, -2.858, 3.101, 4.660, -3.883, 0.856, 0.000, 20.08
1, 0, -1.355, 0.000, 0.000, 0.000, -0.315, -2.801, 2.478, 5.497, -4.525, 1.020, 0.000, 20.01
1, 0, -1.319, 0.000, 0.000, 0.000, -0.328, -2.992, 1.893, 7.675, -4.974, 0.046, 0.000, 20.01
1, 1, -1.288, 0.000, 0.000, 0.000, -0.337, -3.027, 1.641, 7.943, -5.426, 0.078, -0.416, 20.00
1, 1, -1.269, 0.000, 0.000, 0.000, -0.344, -3.098, 1.479, 8.153, -5.655, 0.000, -0.733, 20.00
1, 1, -1.254, 0.000, 0.000, 0.000, -0.355, -3.205, 1.350, 8.325, -6.114, 0.000, -1.252, 20.00
1, 0, -1.011, 0.000, 0.000, 0.000, -0.294, -2.664, 1.245, 6.373, -6.276, 2.628, 0.000, 19.82
1, 0, -0.700, 0.000, 0.000, 0.000, -0.211, -1.912, 1.158, 4.612, -6.643, 3.696, -0.000, 19.58
1, 0, -0.465, 0.000, 0.000, 0.000, -0.143, -1.299, 1.084, 4.394, -6.792, 3.220, 0.000, 19.36
1, 0, -0.274, 0.000, 0.000, 0.000, -0.087, -0.791, 1.021, 4.231, -7.179, 3.080, 0.000, 19.16
1, 0, -0.121, 0.000, 0.000, 0.000, -0.039, -0.356, 0.965, 4.104, -7.341, 2.789, -0.000, 18.97
1, 0, 0.008, 0.000, 0.000, 0.000, 0.003, 0.025, 0.916, 4.002, -7.742, 2.788, -0.000, 18.79
1, 0, 0.120, 0.000, 0.000, 0.000, 0.040, 0.365, 0.871, 3.918, -7.911, 2.597, 0.000, 18.61
1, 0, 0.218, 0.000, 0.000, 0.000, 0.074, 0.678, 0.831, 3.849, -8.319, 2.669, 0.000, 18.44
1, 1, -1.829, -0.000, 0.000, 0.000, -0.620, -5.859, 0.865, 3.859, -8.949, -23.466, -35.998, 20.00
1, 1, -1.759, -0.000, 0.000, 0.000, -0.577, -5.437, 1.144, 3.815, -8.467, 0.000, -11.281, 20.00
1, 1, -1.727, -0.000, 0.000, 0.000, -0.530, -4.909, 1.755, 3.776, -7.514, 0.000, -9.150, 20.00
1, 1, -1.716, -0.000, 0.000, 0.000, -0.479, -4.297, 2.620, 3.741, -6.345, 0.000, -6.477, 20.00
1, 1, -1.712, -0.000, 0.000, 0.000, -0.430, -3.683, 3.749, 3.708, -5.426, 0.000, -3.793, 20.00
1, 1, -1.705, -0.000, 0.000, 0.000, -0.385, -3.158, 4.543, 3.679, -4.522, 0.000, -1.549, 20.00
1, 0, -1.728, -0.000, 0.000, 0.000, -0.354, -2.774, 5.279, 3.652, -3.859, -0.216, -0.000, 20.01
1, 0, -1.681, -0.000, 0.000, 0.000, -0.339, -2.694, 4.731, 3.626, -3.638, -0.006, -0.000, 20.01
1, 0, -1.641, -0.000, 0.000, 0.000, -0.329, -2.638, 4.288, 3.859, -3.420, -0.118, 0.000, 20.02
1, 0, -1.564, -0.000, 0.000, 0.000, -0.316, -2.586, 3.886, 3.861, -3.417, 0.136, 0.000, 20.01
1, 1, -1.490, -0.000, 0.000, 0.000, -0.319, -2.718, 3.195, 3.860, -3.853, 0.205, -1.121, 20.00
1, 1, -1.441, 0.000, 0.000, 0.000, -0.333, -2.965, 2.470, 4.694, -4.522, 0.000, -2.097, 20.00
1, 1, -1.398, 0.000, 0.000, 0.000, -0.345, -3.151, 1.912, 6.866, -4.972, 0.000, -1.088, 20.00
1, 1, -1.363, 0.000, 0.000, 0.000, -0.350, -3.138, 1.676, 7.129, -5.199, 0.000, -1.244, 20.00
1, 1, -1.334, 0.000, 0.000, 0.000, -0.359, -3.229, 1.515, 7.333, -5.655, 0.000, -1.728, 20.00
1, 1, -1.311, 0.000, 0.000, 0.000, -0.364, -3.285, 1.387, 7.498, -5.884, 0.000, -1.960, 20.00
1, 0, -1.046, 0.000, 0.000, 0.000, -0.299, -2.698, 1.281, 6.051, -6.042, 2.752, -0.000, 19.82
1, 0, -0.721, 0.000, 0.000, 0.000, -0.213, -1.929, 1.194, 4.335, -6.406, 3.740, 0.000, 19.57
1, 0, -0.479, 0.000, 0.000, 0.000, -0.144, -1.311, 1.119, 4.149, -6.554, 3.220, -0.000, 19.35
1, 0, -0.294, 0.000, 0.000, 0.000, -0.090, -0.822, 1.055, 4.011, -6.712, 2.853, -0.000, 19.16
1, 0, -0.149, 0.000, 0.000, 0.000, -0.047, -0.424, 0.998, 3.903, -6.877, 2.596, 0.000, 18.99
1, 0, -0.031, 0.000, 0.000, 0.000, -0.010, -0.091, 0.948, 3.817, -7.048, 2.415, -0.000, 18.83
1, 0, 0.067, 0.000, 0.000, 0.000, 0.021, 0.195, 0.903, 3.747, -7.223, 2.290, 0.000, 18.68
1, 0, 0.152, 0.000, 0.000, 0.000, 0.049, 0.447, 0.861, 3.689, -7.401, 2.203, -0.000, 18.53
1, 1, -1.844, -0.000, 0.000, 0.000, -0.594, -5.602, 0.877, 3.709, -7.989, -22.068, -33.512, 20.00
1, 1, -1.774, -0.000, 0.000, 0.000, -0.547, -5.125, 1.170, 3.673, -7.279, 0.000, -9.881, 20.00
1, 1, -1.739, -0.000, 0.000, 0.000, -0.498, -4.565, 1.856, 3.641, -6.345, 0.000, -7.650, 20.00
1, 1, -1.719, -0.000, 0.000, 0.000, -0.451, -4.015, 2.606, 3.613, -5.426, 0.000, -5.392, 20.00
1, 1, -1.702, -0.000, 0.000, 0.000, -0.409, -3.535, 3.339, 3.587, -4.747, 0.000, -3.468, 20.00
1, 1, -1.684, -0.000, 0.000, 0.000, -0.372, -3.099, 3.952, 3.563, -4.075, 0.000, -1.717, 20.00
1, 1, -1.658, -0.000, 0.000, 0.000, -0.341, -2.763, 4.424, 3.540, -3.632, 0.000, -0.431, 20.00
1, 1, -1.616, -0.000, 0.000, 0.000, -0.325, -2.632, 4.219, 3.520, -3.412, 0.000, -0.246, 20.00
1, 0, -1.567, -0.000, 0.000, 0.000, -0.312, -2.546, 3.893, 3.757, -3.193, -0.032, 0.000, 20.00
1, 1, -1.511, -0.000, 0.000, 0.000, -0.304, -2.525, 3.533, 3.763, -3.192, 0.032, -0.204, 20.00
1, 1, -1.462, -0.000, 0.000, 0.000, -0.312, -2.678, 2.966, 3.765, -3.632, 0.000, -1.352, 20.00
1, 1, -1.411, -0.000, 0.000, 0.000, -0.320, -2.837, 2.419, 4.603, -4.075, 0.000, -1.621, 20.00
1, 1, -1.364, 0.000, 0.000, 0.000, -0.332, -3.028, 1.813, 6.779, -4.522, 0.000, -0.653, 20.00
1, 1, -1.328, 0.000, 0.000, 0.000, -0.336, -3.015, 1.578, 7.046, -4.747, 0.000, -0.803, 20.00
1, 1, -1.297, 0.000, 0.000, 0.000, -0.340, -3.059, 1.428, 7.253, -4.972, 0.000, -0.987, 20.00
1, 1, -1.272, 0.000, 0.000, 0.000, -0.344, -3.102, 1.308, 7.421, -5.199, 0.000, -1.188, 20.00
1, 0, -1.056, 0.000, 0.000, 0.000, -0.293, -2.651, 1.210, 5.977, -5.369, 2.182, 0.000, 19.85
1, 0, -0.772, 0.000, 0.000, 0.000, -0.220, -1.988, 1.128, 4.263, -5.517, 3.105, 0.000, 19.65
1, 0, -0.556, 0.000, 0.000, 0.000, -0.162, -1.467, 1.058, 4.081, -5.674, 2.720, 0.000, 19.47
1, 0, -0.399, 0.000, 0.000, 0.000, -0.117, -1.061, 0.998, 3.945, -5.616, 2.249, 0.000, 19.32
1, 0, -0.274, 0.000, 0.000, 0.000, -0.081, -0.741, 0.945, 3.840, -5.790, 2.101, 0.000, 19.18
1, 0, -0.169, 0.000, 0.000, 0.000, -0.051, -0.464, 0.898, 3.757, -5.968, 1.997, 0.000, 19.04
1, 0, -0.086, 0.000, 0.000, 0.000, -0.026, -0.236, 0.855, 3.689, -5.923, 1.727, -0.000, 18.93
1, 0, -0.016, 0.000, 0.000, 0.000, -0.005, -0.044, 0.816, 3.633, -6.109, 1.725, 0.000, 18.81
1, 1, -1.682, -0.000, 0.000, 0.000, -0.514, -4.836, 0.798, 3.655, -6.577, -17.805, -26.962, 20.00
1, 1, -1.609, -0.000, 0.000, 0.000, -0.483, -4.553, 0.874, 3.621, -6.345, 0.000, -8.495, 20.00
1, 1, -1.556, -0.000, 0.000, 0.000, -0.465, -4.399, 0.845, 3.592, -6.345, 0.000, -8.328, 20.00
1, 1, -1.524, -0.000, 0.000, 0.000, -0.443, -4.162, 1.132, 3.565, -6.114, 0.000, -7.546, 20.00
1, 1, -1.510, -0.000, 0.000, 0.000, -0.406, -3.686, 2.128, 3.541, -5.426, 0.000, -5.360, 20.00
1, 1, -1.495, -0.000, 0.000, 0.000, -0.378, -3.359, 2.699, 3.518, -4.972, 0.000, -3.986, 20.00
1, 1, -1.475, -0.000, 0.000, 0.000, -0.357, -3.151, 2.790, 3.498, -4.522, 0.000, -3.217, 20.00
1, 1, -1.450, -0.000, 0.000, 0.000, -0.346, -3.082, 2.491, 3.479, -4.298, 0.000, -3.207, 20.00
1, 1, -1.421, -0.000, 0.000, 0.000, -0.342, -3.108, 2.026, 3.717, -4.298, 0.000, -3.426, 20.00
1, 1, -1.392, 0.000, 0.000, 0.000, -0.343, -3.152, 1.734, 3.726, -4.522, 0.000, -3.949, 20.00
1, 1, -1.363, 0.000, 0.000, 0.000, -0.343, -3.179, 1.591, 3.729, -4.747, 0.000, -4.312, 20.00
1, 1, -1.337, 0.000, 0.000, 0.000, -0.346, -3.244, 1.334, 4.568, -4.972, 0.000, -3.996, 20.00
1, 1, -1.314, 0.000, 0.000, 0.000, -0.351, -3.230, 1.057, 6.746, -5.199, 0.000, -2.292, 20.00
1, 1, -1.295, 0.000, 0.000, 0.000, -0.354, -3.258, 0.962, 7.013, -5.426, 0.000, -2.358, 20.00
1, 1, -1.279, 0.000, 0.000, 0.000, -0.358, -3.292, 0.886, 7.222, -5.655, 0.000, -2.475, 20.00
1, 1, -1.267, 0.000, 0.000, 0.000, -0.362, -3.329, 0.823, 7.391, -5.884, 0.000, -2.628, 20.00
1, 0, -0.991, 0.000, 0.000, 0.000, -0.285, -2.622, 0.771, 5.949, -5.806, 2.985, -0.000, 19.80
1, 0, -0.676, 0.000, 0.000, 0.000, -0.198, -1.818, 0.725, 4.236, -5.940, 3.670, 0.000, 19.56
1, 0, -0.432, 0.000, 0.000, 0.000, -0.130, -1.194, 0.686, 4.054, -6.314, 3.330, 0.000, 19.33
1, 0, -0.236, 0.000, 0.000, 0.000, -0.073, -0.671, 0.651, 3.920, -6.698, 3.107, -0.000, 19.13
1, 0, -0.067, 0.000, 0.000, 0.000, -0.021, -0.198, 0.619, 3.816, -7.319, 3.170, 0.000, 18.92
1, 0, 0.079, 0.000, 0.000, 0.000, 0.026, 0.240, 0.590, 3.733, -7.712, 3.044, 0.000, 18.71
1, 0, 0.203, 0.000, 0.000, 0.000, 0.069, 0.633, 0.564, 3.666, -8.111, 2.975, -0.000, 18.51
1, 0, 0.312, 0.000, 0.000, 0.000, 0.108, 0.996, 0.539, 3.611, -8.513, 2.946, -0.000, 18.32
1, 1, -1.848, -0.000, 0.000, 0.000, -0.645, -6.151, 0.570, 3.634, -9.435, -25.227, -39.102, 20.00
1, 1, -1.776, -0.000, 0.000, 0.000, -0.601, -5.693, 0.954, 3.601, -8.949, 0.000, -12.464, 20.00
1, 1, -1.747, -0.000, 0.000, 0.000, -0.552, -5.118, 1.730, 3.572, -7.989, 0.000, -10.104, 20.00
1, 1, -1.734, -0.000, 0.000, 0.000, -0.505, -4.550, 2.584, 3.546, -7.044, 0.000, -7.703, 20.00
1, 1, -1.732, -0.000, 0.000, 0.000, -0.460, -3.974, 3.768, 3.523, -6.345, 0.000, -5.219, 20.00
1, 1, -1.724, -0.000, 0.000, 0.000, -0.422, -3.518, 4.513, 3.501, -5.655, 0.000, -3.305, 20.00
1, 1, -1.712, -0.000, 0.000, 0.000, -0.388, -3.118, 5.342, 3.481, -5.199, 0.000, -1.594, 20.00
1, 1, -1.676, -0.000, 0.000, 0.000, -0.377, -3.055, 4.847, 3.463, -4.972, 0.000, -1.771, 20.00
1, 1, -1.635, -0.000, 0.000, 0.000, -0.368, -3.040, 4.256, 3.702, -4.747, 0.000, -1.831, 20.00
1, 1, -1.589, -0.000, 0.000, 0.000, -0.367, -3.108, 3.783, 3.711, -4.972, 0.000, -2.543, 20.00
1, 1, -1.542, -0.000, 0.000, 0.000, -0.376, -3.304, 3.044, 3.715, -5.426, 0.000, -3.890, 20.00
1, 1, -1.499, 0.000, 0.000, 0.000, -0.393, -3.581, 2.242, 4.555, -6.114, 0.000, -4.790, 20.00
1, 1, -1.464, 0.000, 0.000, 0.000, -0.404, -3.758, 1.781, 6.733, -6.577, 0.000, -3.689, 20.00
1, 1, -1.439, 0.000, 0.000, 0.000, -0.415, -3.775, 1.551, 7.001, -7.044, 0.000, -4.120, 20.00
1, 1, -1.419, 0.000, 0.000, 0.000, -0.421, -3.837, 1.395, 7.210, -7.279, 0.000, -4.351, 20.00
1, 1, -1.407, 0.000, 0.000, 0.000, -0.432, -3.939, 1.271, 7.379, -7.751, 0.000, -4.879, 20.00
1, 0, -0.980, 0.000, 0.000, 0.000, -0.307, -2.805, 1.170, 5.938, -7.860, 4.845, -0.000, 19.68
1, 0, -0.566, 0.000, 0.000, 0.000, -0.182, -1.666, 1.086, 4.225, -8.196, 5.299, 0.000, 19.32
1, 0, -0.269, 0.000, 0.000, 0.000, -0.088, -0.803, 1.016, 4.044, -8.317, 4.417, 0.000, 19.03
1, 0, -0.049, 0.000, 0.000, 0.000, -0.016, -0.149, 0.955, 3.910, -8.456, 3.806, -0.000, 18.78
1, 0, 0.112, 0.000, 0.000, 0.000, 0.037, 0.338, 0.902, 3.806, -8.371, 3.176, -0.000, 18.56
1, 0, 0.235, 0.000, 0.000, 0.000, 0.078, 0.714, 0.856, 3.724, -8.533, 2.926, 0.000, 18.37
1, 0, 0.333, 0.000, 0.000, 0.000, 0.110, 1.008, 0.814, 3.658, -8.465, 2.543, -0.000, 18.20
1, 0, 0.411, 0.000, 0.000, 0.000, 0.136, 1.248, 0.776, 3.603, -8.641, 2.467, 0.000, 18.03
1, 1, -2.223, -0.000, 0.000, 0.000, -0.722, -6.841, 0.812, 3.626, -9.192, -29.480, -44.020, 20.00
1, 1, -2.127, -0.000, 0.000, 0.000, -0.666, -6.275, 1.172, 3.594, -8.707, 0.000, -13.011, 20.00
1, 1, -2.085, -0.000, 0.000, 0.000, -0.604, -5.569, 1.915, 3.565, -7.514, 0.000, -10.292, 20.00
1, 1, -2.058, -0.000, 0.000, 0.000, -0.549, -4.932, 2.729, 3.539, -6.577, 0.000, -7.849, 20.00
1, 1, -2.042, -0.000, 0.000, 0.000, -0.500, -4.320, 3.787, 3.516, -5.884, 0.000, -5.442, 20.00
1, 1, -2.024, -0.000, 0.000, 0.000, -0.456, -3.798, 4.587, 3.495, -5.199, 0.000, -3.395, 20.00
1, 1, -2.009, -0.000, 0.000, 0.000, -0.411, -3.241, 5.685, 3.475, -4.522, 0.000, -1.023, 20.00
1, 1, -1.951, -0.000, 0.000, 0.000, -0.396, -3.161, 5.109, 3.457, -4.298, 0.000, -1.241, 20.00
1, 1, -1.889, -0.000, 0.000, 0.000, -0.383, -3.103, 4.577, 3.696, -4.075, 0.000, -1.178, 20.00
1, 1, -1.824, -0.000, 0.000, 0.000, -0.375, -3.100, 4.114, 3.705, -4.075, 0.000, -1.555, 20.00
1, 1, -1.751, -0.000, 0.000, 0.000, -0.381, -3.282, 3.329, 3.710, -4.522, 0.000, -2.898, 20.00
1, 1, -1.684, -0.000, 0.000, 0.000, -0.395, -3.531, 2.569, 4.550, -5.199, 0.000, -3.689, 20.00
1, 1, -1.627, -0.000, 0.000, 0.000, -0.404, -3.704, 2.035, 6.728, -5.655, 0.000, -2.627, 20.00
1, 1, -1.584, -0.000, 0.000, 0.000, -0.414, -3.728, 1.743, 6.996, -6.114, 0.000, -3.101, 20.00
1, 1, -1.548, -0.000, 0.000, 0.000, -0.418, -3.777, 1.571, 7.205, -6.345, 0.000, -3.312, 20.00
1, 1, -1.519, 0.000, 0.000, 0.000, -0.427, -3.867, 1.434, 7.375, -6.810, 0.000, -3.814, 20.00
1, 0, -1.124, 0.000, 0.000, 0.000, -0.324, -2.942, 1.323, 5.933, -6.936, 4.070, -0.000, 19.73
1, 0, -0.719, 0.000, 0.000, 0.000, -0.214, -1.947, 1.230, 4.221, -7.281, 4.710, 0.000, 19.41
1, 0, -0.426, 0.000, 0.000, 0.000, -0.129, -1.178, 1.152, 4.040, -7.413, 3.954, -0.000, 19.15
1, 0, -0.208, 0.000, 0.000, 0.000, -0.064, -0.587, 1.084, 3.906, -7.558, 3.428, -0.000, 18.92
1, 0, -0.042, 0.000, 0.000, 0.000, -0.013, -0.119, 1.025, 3.803, -7.714, 3.060, -0.000, 18.72
1, 0, 0.091, 0.000, 0.000, 0.000, 0.029, 0.262, 0.973, 3.720, -7.878, 2.803, 0.000, 18.53
1, 0, 0.199, 0.000, 0.000, 0.000, 0.064, 0.582, 0.926, 3.654, -8.047, 2.622, -0.000, 18.36
1, 0, 0.291, 0.000, 0.000, 0.000, 0.094, 0.858, 0.883, 3.600, -8.220, 2.495, 0.000, 18.19
1, 1, -2.172, -0.000, 0.000, 0.000, -0.698, -6.587, 0.933, 4.392, -8.949, -27.142, -40.222, 20.00
1, 1, -2.082, -0.000, 0.000, 0.000, -0.642, -6.025, 1.250, 4.436, -8.227, 0.000, -11.290, 20.00
1, 1, -2.036, -0.000, 0.000, 0.000, -0.587, -5.410, 1.908, 4.466, -7.279, 0.000, -8.938, 20.00
1, 1, -2.010, -0.000, 0.000, 0.000, -0.535, -4.812, 2.649, 4.488, -6.345, 0.000, -6.564, 20.00
1, 1, -1.985, -0.000, 0.000, 0.000, -0.492, -4.346, 3.156, 4.504, -5.655, 0.000, -4.817, 20.00
1, 1, -1.948, -0.000, 0.000, 0.000, -0.465, -4.095, 3.276, 4.517, -5.426, 0.000, -4.142, 20.00
1, 1, -1.924, -0.000, 0.000, 0.000, -0.432, -3.685, 4.006, 4.527, -4.972, 0.000, -2.479, 20.00
1, 1, -1.890, -0.000, 0.000, 0.000, -0.405, -3.378, 4.320, 4.535, -4.522, 0.000, -1.341, 20.00
1, 1, -1.839, -0.000, 0.000, 0.000, -0.392, -3.289, 3.964, 4.541, -4.298, 0.000, -1.313, 20.00
1, 1, -1.784, -0.000, 0.000, 0.000, -0.384, -3.285, 3.525, 4.546, -4.298, 0.000, -1.680, 20.00
1, 1, -1.724, -0.000, 0.000, 0.000, -0.389, -3.424, 2.938, 4.550, -4.747, 0.000, -2.795, 20.00
1, 1, -1.666, -0.000, 0.000, 0.000, -0.398, -3.605, 2.280, 5.392, -5.199, 0.000, -3.196, 20.00
1, 1, -1.616, -0.000, 0.000, 0.000, -0.402, -3.718, 1.794, 7.574, -5.426, 0.000, -1.796, 20.00
1, 1, -1.578, -0.000, 0.000, 0.000, -0.406, -3.681, 1.550, 7.846, -5.655, 0.000, -1.924, 20.00
1, 1, -1.545, -0.000, 0.000, 0.000, -0.408, -3.711, 1.403, 8.060, -5.884, 0.000, -2.084, 20.00
1, 1, -1.518, -0.000, 0.000, 0.000, -0.407, -3.700, 1.286, 8.235, -5.884, 0.000, -1.987, 20.00
1, 0, -1.206, 0.000, 0.000, 0.000, -0.330, -3.005, 1.191, 6.286, -6.033, 3.096, -0.000, 19.79
1, 0, -0.856, 0.000, 0.000, 0.000, -0.239, -2.177, 1.111, 4.529, -6.164, 3.795, -0.000, 19.54
1, 0, -0.607, 0.000, 0.000, 0.000, -0.170, -1.555, 1.042, 4.315, -6.084, 3.058, 0.000, 19.34
1, 0, -0.426, 0.000, 0.000, 0.000, -0.120, -1.098, 0.983, 4.155, -6.017, 2.523, 0.000, 19.17
1, 0, -0.293, 0.000, 0.000, 0.000, -0.083, -0.757, 0.931, 4.030, -5.961, 2.133, -0.000, 19.03
1, 0, -0.193, 0.000, 0.000, 0.000, -0.055, -0.498, 0.885, 3.931, -5.913, 1.843, 0.000, 18.90
1, 0, -0.116, 0.000, 0.000, 0.000, -0.033, -0.299, 0.843, 3.850, -5.870, 1.625, 0.000, 18.80
1, 0, -0.055, 0.000, 0.000, 0.000, -0.016, -0.143, 0.804, 3.783, -5.832, 1.458, -0.000, 18.70
1, 1, -1.985, -0.000, 0.000, 0.000, -0.559, -5.269, 0.787, 4.566, -6.345, -19.532, -28.337, 20.00
1, 1, -1.882, -0.000, 0.000, 0.000, -0.529, -5.007, 0.774, 4.600, -6.345, 0.000, -8.389, 20.00
1, 1, -1.823, -0.000, 0.000, 0.000, -0.493, -4.624, 1.164, 4.622, -5.884, 0.000, -7.038, 20.00
1, 1, -1.786, -0.000, 0.000, 0.000, -0.453, -4.149, 1.863, 4.636, -5.199, 0.000, -5.088, 20.00
1, 1, -1.752, -0.000, 0.000, 0.000, -0.422, -3.807, 2.278, 4.646, -4.747, 0.000, -3.803, 20.00
1, 1, -1.713, -0.000, 0.000, 0.000, -0.401, -3.611, 2.347, 4.652, -4.522, 0.000, -3.248, 20.00
1, 1, -1.677, -0.000, 0.000, 0.000, -0.383, -3.419, 2.477, 4.656, -4.298, 0.000, -2.643, 20.00
1, 1, -1.640, -0.000, 0.000, 0.000, -0.365, -3.228, 2.659, 4.659, -4.075, 0.000, -1.991, 20.00
1, 1, -1.596, -0.000, 0.000, 0.000, -0.358, -3.214, 2.325, 4.660, -4.075, 0.000, -2.259, 20.00
1, 1, -1.549, -0.000, 0.000, 0.000, -0.362, -3.336, 1.663, 4.660, -4.298, 0.000, -3.222, 20.00
1, 1, -1.508, -0.000, 0.000, 0.000, -0.361, -3.340, 1.579, 4.660, -4.522, 0.000, -3.493, 20.00
1, 1, -1.472, -0.000, 0.000, 0.000, -0.356, -3.315, 1.478, 5.497, -4.522, 0.000, -2.690, 20.00
1, 1, -1.437, 0.000, 0.000, 0.000, -0.360, -3.391, 1.146, 7.675, -4.747, 0.000, -1.114, 20.00
1, 1, -1.409, 0.000, 0.000, 0.000, -0.363, -3.344, 1.000, 7.943, -4.972, 0.000, -1.145, 20.00
1, 1, -1.384, 0.000, 0.000, 0.000, -0.365, -3.363, 0.918, 8.153, -5.199, 0.000, -1.239, 20.00
1, 1, -1.363, 0.000, 0.000, 0.000, -0.368, -3.388, 0.851, 8.325, -5.426, 0.000, -1.369, 20.00
1, 0, -1.122, 0.000, 0.000, 0.000, -0.306, -2.815, 0.795, 6.373, -5.363, 2.438, 0.000, 19.84
1, 0, -0.820, 0.000, 0.000, 0.000, -0.228, -2.096, 0.747, 4.612, -5.505, 3.289, 0.000, 19.62
1, 0, -0.590, 0.000, 0.000, 0.000, -0.167, -1.537, 0.706, 4.394, -5.659, 2.853, 0.000, 19.43
1, 0, -0.412, 0.000, 0.000, 0.000, -0.118, -1.091, 0.669, 4.231, -5.822, 2.543, 0.000, 19.26
1, 0, -0.269, 0.000, 0.000, 0.000, -0.079, -0.725, 0.636, 4.104, -5.992, 2.324, -0.000, 19.10
1, 0, -0.144, 0.000, 0.000, 0.000, -0.043, -0.398, 0.606, 4.002, -6.393, 2.370, -0.000, 18.95
1, 0, -0.036, 0.000, 0.000, 0.000, -0.011, -0.100, 0.579, 3.918, -6.567, 2.217, 0.000, 18.80
1, 0, 0.055, 0.000, 0.000, 0.000, 0.017, 0.158, 0.554, 3.849, -6.745, 2.112, -0.000, 18.66
1, 1, -1.808, -0.000, 0.000, 0.000, -0.553, -5.249, 0.637, 3.859, -7.044, -20.146, -30.305, 20.00
1, 1, -1.735, -0.000, 0.000, 0.000, -0.512, -4.821, 0.997, 3.815, -6.577, 0.000, -8.833, 20.00
1, 1, -1.691, -0.000, 0.000, 0.000, -0.473, -4.402, 1.370, 3.776, -5.884, 0.000, -7.303, 20.00
1, 1, -1.654, -0.000, 0.000, 0.000, -0.445, -4.111, 1.714, 3.741, -5.655, 0.000, -6.411, 20.00
1, 1, -1.629, -0.000, 0.000, 0.000, -0.415, -3.757, 2.254, 3.708, -5.199, 0.000, -5.038, 20.00
1, 1, -1.599, -0.000, 0.000, 0.000, -0.395, -3.562, 2.384, 3.679, -4.972, 0.000, -4.465, 20.00
1, 1, -1.573, -0.000, 0.000, 0.000, -0.375, -3.321, 2.789, 3.652, -4.747, 0.000, -3.575, 20.00
1, 1, -1.549, -0.000, 0.000, 0.000, -0.350, -3.017, 3.311, 3.626, -4.298, 0.000, -2.276, 20.00
1, 1, -1.514, -0.000, 0.000, 0.000, -0.338, -2.935, 3.077, 3.859, -4.075, 0.000, -1.928, 20.00
1, 1, -1.473, -0.000, 0.000, 0.000, -0.343, -3.082, 2.292, 3.861, -4.298, 0.000, -3.042, 20.00
1, 1, -1.433, -0.000, 0.000, 0.000, -0.350, -3.223, 1.809, 3.860, -4.747, 0.000, -4.085, 20.00
1, 1, -1.398, 0.000, 0.000, 0.000, -0.354, -3.295, 1.520, 4.694, -4.972, 0.000, -3.805, 20.00
1, 1, -1.366, 0.000, 0.000, 0.000, -0.363, -3.430, 1.187, 6.866, -5.426, 0.000, -2.533, 20.00
1, 1, -1.342, 0.000, 0.000, 0.000, -0.368, -3.392, 1.048, 7.129, -5.655, 0.000, -2.579, 20.00
1, 1, -1.322, 0.000, 0.000, 0.000, -0.367, -3.386, 0.951, 7.333, -5.655, 0.000, -2.447, 20.00
1, 1, -1.307, 0.000, 0.000, 0.000, -0.371, -3.420, 0.872, 7.498, -5.884, 0.000, -2.611, 20.00
1, 0, -1.012, 0.000, 0.000, 0.000, -0.293, -2.701, 0.808, 6.051, -6.031, 3.177, 0.000, 19.79
1, 0, -0.686, 0.000, 0.000, 0.000, -0.202, -1.863, 0.754, 4.335, -6.161, 3.823, -0.000, 19.53
1, 0, -0.445, 0.000, 0.000, 0.000, -0.133, -1.228, 0.708, 4.149, -6.307, 3.256, 0.000, 19.32
1, 0, -0.262, 0.000, 0.000, 0.000, -0.080, -0.734, 0.668, 4.011, -6.464, 2.860, 0.000, 19.13
1, 0, -0.118, 0.000, 0.000, 0.000, -0.037, -0.337, 0.633, 3.903, -6.629, 2.584, -0.000, 18.95
1, 0, -0.003, 0.000, 0.000, 0.000, -0.001, -0.008, 0.602, 3.817, -6.800, 2.392, -0.000, 18.79
1, 0, 0.094, 0.000, 0.000, 0.000, 0.030, 0.272, 0.573, 3.747, -6.975, 2.259, 0.000, 18.64
1, 0, 0.176, 0.000, 0.000, 0.000, 0.056, 0.517, 0.547, 3.689, -7.153, 2.167, -0.000, 18.50
1, 1, -1.871, -0.000, 0.000, 0.000, -0.588, -5.587, 0.612, 3.709, -7.514, -22.518, -33.757, 20.00
1, 1, -1.793, -0.000, 0.000, 0.000, -0.543, -5.130, 0.947, 3.673, -7.044, 0.000, -9.889, 20.00
1, 1, -1.755, -0.000, 0.000, 0.000, -0.494, -4.570, 1.597, 3.641, -6.114, 0.000, -7.695, 20.00
1, 1, -1.733, -0.000, 0.000, 0.000, -0.446, -4.003, 2.387, 3.613, -5.199, 0.000, -5.381, 20.00
1, 1, -1.722, -0.000, 0.000, 0.000, -0.397, -3.386, 3.452, 3.587, -4.298, 0.000, -2.765, 20.00
1, 1, -1.703, -0.000, 0.000, 0.000, -0.358, -2.935, 4.076, 3.563, -3.632, 0.000, -0.989, 20.00
1, 1, -1.670, -0.000, 0.000, 0.000, -0.329, -2.655, 4.263, 3.540, -3.192, 0.000, -0.042, 20.00
1, 0, -1.627, -0.000, 0.000, 0.000, -0.314, -2.543, 3.994, 3.520, -2.975, -0.055, 0.000, 20.00
1, 0, -1.595, -0.000, 0.000, 0.000, -0.308, -2.507, 3.796, 3.757, -2.979, -0.164, -0.000, 20.01
1, 0, -1.524, -0.000, 0.000, 0.000, -0.299, -2.473, 3.448, 3.763, -2.978, 0.062, -0.000, 20.01
1, 1, -1.448, -0.000, 0.000, 0.000, -0.298, -2.548, 2.867, 3.765, -3.192, 0.156, -0.697, 20.00
1, 1, -1.391, -0.000, 0.000, 0.000, -0.312, -2.790, 2.150, 4.603, -3.853, 0.000, -1.594, 20.00
1, 1, -1.343, 0.000, 0.000, 0.000, -0.318, -2.908, 1.675, 6.779, -4.075, 0.000, -0.190, 20.00
1, 1, -1.303, 0.000, 0.000, 0.000, -0.327, -2.942, 1.431, 7.046, -4.522, 0.000, -0.617, 20.00
1, 1, -1.270, 0.000, 0.000, 0.000, -0.331, -2.987, 1.286, 7.253, -4.747, 0.000, -0.797, 20.00
1, 1, -1.244, 0.000, 0.000, 0.000, -0.335, -3.032, 1.171, 7.421, -4.972, 0.000, -0.991, 20.00
1, 0, -1.040, 0.000, 0.000, 0.000, -0.288, -2.617, 1.078, 5.977, -5.146, 2.037, 0.000, 19.86
1, 0, -0.751, 0.000, 0.000, 0.000, -0.216, -1.968, 1.001, 4.263, -5.518, 3.189, 0.000, 19.65
1, 0, -0.545, 0.000, 0.000, 0.000, -0.159, -1.446, 0.936, 4.081, -5.451, 2.585, 0.000, 19.48
1, 0, -0.386, 0.000, 0.000, 0.000, -0.115, -1.046, 0.880, 3.945, -5.618, 2.339, 0.000, 19.32
1, 0, -0.257, 0.000, 0.000, 0.000, -0.078, -0.711, 0.831, 3.840, -5.791, 2.166, 0.000, 19.18
1, 0, -0.151, 0.000, 0.000, 0.000, -0.046, -0.424, 0.788, 3.757, -5.968, 2.044, -0.000, 19.04
1, 0, -0.060, 0.000, 0.000, 0.000, -0.019, -0.172, 0.750, 3.689, -6.148, 1.960, -0.000, 18.91
1, 0, 0.019, 0.000, 0.000, 0.000, 0.006, 0.054, 0.715, 3.633, -6.329, 1.903, -0.000, 18.79
1, 1, -1.650, -0.000, 0.000, 0.000, -0.513, -4.834, 0.790, 3.655, -6.577, -18.223, -27.352, 20.00
1, 1, -1.589, -0.000, 0.000, 0.000, -0.470, -4.392, 1.105, 3.621, -5.884, 0.000, -7.609, 20.00
1, 1, -1.555, -0.000, 0.000, 0.000, -0.429, -3.933, 1.678, 3.592, -5.199, 0.000, -5.847, 20.00
1, 1, -1.527, -0.000, 0.000, 0.000, -0.397, -3.587, 2.087, 3.565, -4.747, 0.000, -4.606, 20.00
1, 1, -1.504, -0.000, 0.000, 0.000, -0.368, -3.256, 2.526, 3.541, -4.298, 0.000, -3.359, 20.00
1, 1, -1.480, -0.000, 0.000, 0.000, -0.341, -2.955, 2.905, 3.518, -3.853, 0.000, -2.206, 20.00
1, 1, -1.464, -0.000, 0.000, 0.000, -0.307, -2.490, 4.056, 3.498, -3.412, 0.000, -0.119, 20.00
1, 0, -1.480, -0.000, 0.000, 0.000, -0.297, -2.381, 3.994, 3.479, -2.982, -0.332, 0.000, 20.02
1, 0, -1.487, -0.000, 0.000, 0.000, -0.295, -2.404, 3.604, 3.717, -2.774, -0.363, -0.000, 20.05
1, 0, -1.435, -0.000, 0.000, 0.000, -0.289, -2.404, 3.200, 3.726, -2.774, -0.023, 0.000, 20.05
1, 1, -1.275, 0.000, 0.000, 0.000, -0.274, -2.384, 2.532, 3.729, -3.192, 0.718, -0.145, 20.00
1, 1, -1.239, 0.000, 0.000, 0.000, -0.286, -2.577, 1.925, 4.568, -3.632, 0.000, -1.240, 20.00
1, 0, -1.221, 0.000, 0.000, 0.000, -0.297, -2.727, 1.524, 6.746, -3.858, -0.167, -0.000, 20.01
1, 0, -1.172, 0.000, 0.000, 0.000, -0.301, -2.714, 1.346, 7.013, -4.299, 0.127, 0.000, 20.00
1, 1, -1.143, 0.000, 0.000, 0.000, -0.305, -2.754, 1.219, 7.222, -4.522, 0.040, -0.244, 20.00
1, 1, -1.123, 0.000, 0.000, 0.000, -0.310, -2.803, 1.117, 7.391, -4.747, 0.000, -0.475, 20.00
1, 0, -0.965, 0.000, 0.000, 0.000, -0.274, -2.482, 1.033, 5.949, -4.929, 1.668, -0.000, 19.89
1, 0, -0.721, 0.000, 0.000, 0.000, -0.210, -1.905, 0.963, 4.236, -5.085, 2.722, 0.000, 19.71
1, 0, -0.521, 0.000, 0.000, 0.000, -0.157, -1.429, 0.904, 4.054, -5.472, 2.622, -0.000, 19.53
1, 0, -0.363, 0.000, 0.000, 0.000, -0.112, -1.019, 0.852, 3.920, -5.639, 2.361, 0.000, 19.38
1, 0, -0.237, 0.000, 0.000, 0.000, -0.074, -0.678, 0.807, 3.816, -5.811, 2.178, 0.000, 19.23
1, 0, -0.125, 0.000, 0.000, 0.000, -0.040, -0.369, 0.767, 3.733, -6.214, 2.249, 0.000, 19.08
1, 0, -0.028, 0.000, 0.000, 0.000, -0.009, -0.084, 0.730, 3.666, -6.390, 2.115, 0.000, 18.94
1, 0, 0.054, 0.000, 0.000, 0.000, 0.018, 0.165, 0.697, 3.611, -6.570, 2.025, 0.000, 18.80
1, 1, -1.529, -0.000, 0.000, 0.000, -0.505, -4.759, 0.809, 3.634, -7.044, -17.940, -27.334, 20.00
1, 1, -1.481, -0.000, 0.000, 0.000, -0.459, -4.276, 1.194, 3.601, -6.114, 0.000, -7.535, 20.00
1, 1, -1.461, -0.000, 0.000, 0.000, -0.410, -3.708, 1.878, 3.572, -4.972, 0.000, -5.102, 20.00
1, 1, -1.450, -0.000, 0.000, 0.000, -0.365, -3.167, 2.689, 3.546, -4.075, 0.000, -2.823, 20.00
1, 1, -1.441, -0.000, 0.000, 0.000, -0.323, -2.659, 3.606, 3.523, -3.412, 0.000, -0.705, 20.00
1, 0, -1.574, -0.000, 0.000, 0.000, -0.313, -2.389, 4.503, 3.501, -2.780, -0.948, -0.000, 20.06
1, 0, -1.975, -0.000, 0.000, 0.000, -0.340, -2.323, 5.578, 3.481, -2.188, -2.232, -0.000, 20.21
1, 0, -2.153, -0.000, 0.000, 0.000, -0.360, -2.508, 4.897, 3.463, -1.799, -1.540, -0.000, 20.31
1, 0, -2.173, -0.000, 0.000, 0.000, -0.369, -2.684, 4.286, 3.702, -1.822, -0.939, -0.000, 20.38
1, 0, -2.063, -0.000, 0.000, 0.000, -0.366, -2.782, 3.782, 3.711, -2.042, -0.241, -0.000, 20.39
1, 0, -1.815, -0.000, 0.000, 0.000, -0.350, -2.828, 3.121, 3.715, -2.457, 0.613, 0.000, 20.35
1, 0, -1.560, -0.000, 0.000, 0.000, -0.336, -2.878, 2.429, 4.555, -3.086, 0.876, 0.000, 20.29
1, 0, -1.492, -0.000, 0.000, 0.000, -0.350, -3.110, 1.925, 6.733, -3.529, -0.177, 0.000, 20.31
1, 0, -1.456, -0.000, 0.000, 0.000, -0.356, -3.118, 1.645, 7.001, -3.534, -0.183, 0.000, 20.32
1, 0, -1.401, -0.000, 0.000, 0.000, -0.358, -3.155, 1.483, 7.210, -3.755, -0.024, -0.000, 20.32
1, 0, -1.342, -0.000, 0.000, 0.000, -0.356, -3.158, 1.354, 7.379, -3.974, 0.097, -0.000, 20.31
1, 0, -1.175, -0.000, 0.000, 0.000, -0.323, -2.872, 1.248, 5.938, -4.162, 1.346, -0.000, 20.22
1, 0, -0.921, 0.000, 0.000, 0.000, -0.261, -2.327, 1.161, 4.225, -4.322, 2.443, -0.000, 20.06
1, 0, -0.740, 0.000, 0.000, 0.000, -0.212, -1.896, 1.087, 4.044, -4.270, 1.986, 0.000, 19.93
1, 0, -0.594, 0.000, 0.000, 0.000, -0.174, -1.561, 1.024, 3.910, -4.447, 1.842, 0.000, 19.81
1, 0, -0.485, 0.000, 0.000, 0.000, -0.143, -1.284, 0.968, 3.806, -4.407, 1.545, -0.000, 19.70
1, 0, -0.404, 0.000, 0.000, 0.000, -0.119, -1.073, 0.918, 3.724, -4.373, 1.325, 0.000, 19.61
1, 0, -0.331, 0.000, 0.000, 0.000, -0.099, -0.893, 0.874, 3.658, -4.562, 1.353, 0.000, 19.52
1, 0, -0.271, 0.000, 0.000, 0.000, -0.081, -0.734, 0.833, 3.603, -4.531, 1.181, 0.000, 19.45
1, 1, -1.036, 0.000, 0.000, 0.000, -0.304, -2.812, 0.939, 3.626, -4.522, -8.324, -12.432, 20.00
1, 1, -1.008, 0.000, 0.000, 0.000, -0.271, -2.453, 1.399, 3.594, -3.632, 0.000, -2.372, 20.00
1, 1, -0.987, 0.000, 0.000, 0.000, -0.248, -2.205, 1.762, 3.565, -3.192, 0.000, -1.305, 20.00
1, 1, -0.969, 0.000, 0.000, 0.000, -0.233, -2.054, 1.915, 3.539, -2.974, 0.000, -0.775, 20.00
1, 0, -0.955, 0.000, 0.000, 0.000, -0.217, -1.866, 2.335, 3.516, -2.757, -0.056, 0.000, 20.00
1, 0, -0.979, 0.000, 0.000, 0.000, -0.215, -1.831, 2.407, 3.495, -2.549, -0.328, 0.000, 20.03
1, 0, -0.980, 0.000, 0.000, 0.000, -0.214, -1.840, 2.292, 3.475, -2.553, -0.179, 0.000, 20.04
1, 0, -0.976, 0.000, 0.000, 0.000, -0.213, -1.829, 2.275, 3.457, -2.557, -0.156, -0.000, 20.05
1, 0, -0.962, 0.000, 0.000, 0.000, -0.213, -1.866, 1.999, 3.696, -2.560, -0.094, -0.000, 20.05
1, 0, -0.920, 0.000, 0.000, 0.000, -0.210, -1.849, 1.919, 3.705, -2.773, 0.128, 0.000, 20.05
1, 0, -0.861, 0.000, 0.000, 0.000, -0.203, -1.800, 1.845, 3.710, -2.984, 0.292, 0.000, 20.03
1, 0, -0.840, 0.000, 0.000, 0.000, -0.208, -1.882, 1.525, 4.550, -3.201, 0.057, 0.000, 20.02
1, 0, -0.950, 0.000, 0.000, 0.000, -0.247, -2.275, 1.207, 6.728, -3.446, -1.016, -0.000, 20.09
1, 0, -1.024, 0.000, 0.000, 0.000, -0.272, -2.455, 1.041, 6.996, -3.467, -0.820, 0.000, 20.14
1, 0, -1.055, -0.000, 0.000, 0.000, -0.289, -2.611, 0.955, 7.205, -3.701, -0.505, 0.000, 20.18
1, 0, -1.082, -0.000, 0.000, 0.000, -0.299, -2.711, 0.885, 7.375, -3.712, -0.455, 0.000, 20.21
1, 0, -0.978, 0.000, 0.000, 0.000, -0.277, -2.515, 0.827, 5.933, -3.910, 0.920, -0.000, 20.15
1, 0, -0.788, 0.000, 0.000, 0.000, -0.225, -2.041, 0.777, 4.221, -3.861, 1.917, 0.000, 20.02
1, 0, -0.635, 0.000, 0.000, 0.000, -0.185, -1.680, 0.734, 4.040, -4.038, 1.763, 0.000, 19.90
1, 0, -0.522, 0.000, 0.000, 0.000, -0.153, -1.387, 0.695, 3.906, -4.000, 1.460, 0.000, 19.80
1, 0, -0.438, 0.000, 0.000, 0.000, -0.128, -1.166, 0.661, 3.803, -3.968, 1.236, -0.000, 19.72
1, 0, -0.363, 0.000, 0.000, 0.000, -0.108, -0.983, 0.630, 3.720, -4.158, 1.262, 0.000, 19.64
1, 0, -0.303, 0.000, 0.000, 0.000, -0.090, -0.822, 0.602, 3.654, -4.130, 1.090, 0.000, 19.57
1, 0, -0.257, 0.000, 0.000, 0.000, -0.077, -0.698, 0.575, 3.600, -4.105, 0.962, 0.000, 19.50
1, 1, -0.940, 0.000, 0.000, 0.000, -0.273, -2.558, 0.640, 4.392, -4.075, -7.477, -10.291, 20.00
1, 1, -0.912, 0.000, 0.000, 0.000, -0.246, -2.262, 1.044, 4.436, -3.412, 0.000, -1.351, 20.00
1, 0, -0.944, 0.000, 0.000, 0.000, -0.226, -1.991, 1.719, 4.466, -2.551, -0.473, 0.000, 20.03
1, 0, -1.095, -0.000, 0.000, 0.000, -0.236, -2.017, 2.067, 4.488, -1.937, -1.269, -0.000, 20.12
1, 0, -1.211, -0.000, 0.000, 0.000, -0.253, -2.154, 2.105, 4.504, -1.963, -1.027, 0.000, 20.18
1, 0, -1.489, -0.000, 0.000, 0.000, -0.277, -2.174, 2.936, 4.517, -1.585, -1.929, 0.000, 20.31
1, 0, -1.889, -0.000, 0.000, 0.000, -0.312, -2.238, 3.580, 4.527, -1.223, -2.446, 0.000, 20.48
1, 0, -2.082, -0.000, 0.000, 0.000, -0.337, -2.468, 3.204, 4.535, -1.057, -1.795, 0.000, 20.60
1, 0, -2.181, -0.000, 0.000, 0.000, -0.353, -2.607, 3.038, 4.541, -1.091, -1.347, 0.000, 20.69
1, 0, -2.329, -0.000, 0.000, 0.000, -0.365, -2.620, 3.059, 4.546, -0.915, -1.377, 0.000, 20.78
1, 0, -2.172, -0.000, 0.000, 0.000, -0.368, -2.844, 2.482, 4.550, -1.138, -0.510, 0.000, 20.81
1, 0, -1.942, -0.000, 0.000, 0.000, -0.371, -3.126, 1.773, 5.392, -1.564, -0.162, -0.000, 20.82
1, 0, -1.899, -0.000, 0.000, 0.000, -0.402, -3.529, 1.401, 7.574, -2.019, -1.125, 0.000, 20.90
1, 0, -1.872, -0.000, 0.000, 0.000, -0.424, -3.681, 1.219, 7.846, -2.254, -0.834, 0.000, 20.95
1, 0, -1.815, -0.000, 0.000, 0.000, -0.436, -3.813, 1.099, 8.060, -2.485, -0.611, 0.000, 20.99
1, 0, -1.713, -0.000, 0.000, 0.000, -0.444, -3.911, 1.004, 8.235, -2.924, -0.248, 0.000, 21.01
1, 0, -1.477, -0.000, 0.000, 0.000, -0.402, -3.565, 0.927, 6.286, -3.107, 1.339, -0.000, 20.92
1, 0, -1.177, -0.000, 0.000, 0.000, -0.335, -2.982, 0.862, 4.529, -3.265, 2.368, -0.000, 20.76
1, 0, -0.931, -0.000, 0.000, 0.000, -0.281, -2.513, 0.808, 4.315, -3.647, 2.251, -0.000, 20.61
1, 0, -0.749, 0.000, 0.000, 0.000, -0.235, -2.103, 0.761, 4.155, -3.817, 1.989, -0.000, 20.48
1, 0, -0.607, 0.000, 0.000, 0.000, -0.196, -1.762, 0.720, 4.030, -3.992, 1.807, -0.000, 20.36
1, 0, -0.492, 0.000, 0.000, 0.000, -0.163, -1.470, 0.683, 3.931, -4.171, 1.683, -0.000, 20.25
1, 0, -0.386, 0.000, 0.000, 0.000, -0.133, -1.202, 0.650, 3.850, -4.572, 1.792, -0.000, 20.13
1, 0, -0.296, 0.000, 0.000, 0.000, -0.104, -0.943, 0.620, 3.783, -4.753, 1.692, 0.000, 20.02
1, 1, -0.254, 0.000, 0.000, 0.000, -0.089, -0.836, 0.664, 4.566, -4.747, 0.232, -0.466, 20.00
1, 0, -0.295, 0.000, 0.000, 0.000, -0.096, -0.883, 1.081, 4.600, -4.084, -0.323, -0.000, 20.02
1, 0, -0.441, 0.000, 0.000, 0.000, -0.127, -1.114, 1.799, 4.622, -3.239, -1.501, 0.000, 20.12
1, 0, -0.712, 0.000, 0.000, 0.000, -0.176, -1.448, 2.548, 4.636, -2.430, -2.417, -0.000, 20.28
1, 0, -1.104, -0.000, 0.000, 0.000, -0.234, -1.771, 3.232, 4.646, -1.860, -2.909, 0.000, 20.48
1, 0, -1.565, -0.000, 0.000, 0.000, -0.291, -2.030, 3.708, 4.652, -1.509, -2.966, 0.000, 20.67
1, 0, -1.968, -0.000, 0.000, 0.000, -0.338, -2.252, 3.851, 4.656, -1.362, -2.587, 0.000, 20.85
1, 0, -1.996, -0.000, 0.000, 0.000, -0.357, -2.612, 3.069, 4.659, -1.396, -1.366, -0.000, 20.94
1, 0, -1.945, -0.000, 0.000, 0.000, -0.363, -2.763, 2.776, 4.660, -1.627, -0.738, 0.000, 20.99
1, 0, -1.846, -0.000, 0.000, 0.000, -0.362, -2.831, 2.589, 4.660, -1.848, -0.361, 0.000, 21.01
1, 0, -1.701, -0.000, 0.000, 0.000, -0.356, -2.866, 2.344, 4.660, -2.062, -0.018, 0.000, 21.01
1, 0, -1.545, -0.000, 0.000, 0.000, -0.359, -3.030, 1.938, 5.497, -2.492, -0.010, 0.000, 21.01
1, 0, -1.544, -0.000, 0.000, 0.000, -0.388, -3.421, 1.495, 7.675, -2.735, -1.081, 0.000, 21.09
1, 0, -1.498, -0.000, 0.000, 0.000, -0.411, -3.584, 1.256, 7.943, -3.183, -0.524, -0.000, 21.12
1, 0, -1.417, -0.000, 0.000, 0.000, -0.419, -3.684, 1.137, 8.153, -3.625, -0.145, -0.000, 21.13
1, 0, -1.353, -0.000, 0.000, 0.000, -0.420, -3.710, 1.041, 8.325, -3.846, -0.037, -0.000, 21.13
1, 0, -1.135, -0.000, 0.000, 0.000, -0.373, -3.319, 0.963, 6.373, -4.245, 1.737, -0.000, 21.02
1, 0, -0.875, -0.000, 0.000, 0.000, -0.298, -2.658, 0.898, 4.612, -4.398, 2.718, -0.000, 20.84
1, 0, -0.666, 0.000, 0.000, 0.000, -0.237, -2.125, 0.843, 4.394, -4.779, 2.570, 0.000, 20.66
1, 0, -0.497, 0.000, 0.000, 0.000, -0.184, -1.657, 0.795, 4.231, -5.166, 2.478, 0.000, 20.50
1, 0, -0.366, 0.000, 0.000, 0.000, -0.139, -1.250, 0.753, 4.104, -5.335, 2.234, -0.000, 20.35
1, 0, -0.254, 0.000, 0.000, 0.000, -0.099, -0.894, 0.715, 4.002, -5.732, 2.262, 0.000, 20.20
1, 0, -0.152, 0.000, 0.000, 0.000, -0.061, -0.553, 0.681, 3.918, -6.132, 2.299, 0.000, 20.05
1, 0, -0.060, 0.000, 0.000, 0.000, -0.025, -0.225, 0.650, 3.849, -6.533, 2.344, -0.000, 19.89
1, 1, -0.176, 0.000, 0.000, 0.000, -0.070, -0.657, 0.782, 3.859, -6.345, -1.660, -4.267, 20.00
1, 1, -0.180, 0.000, 0.000, 0.000, -0.066, -0.603, 1.259, 3.815, -5.426, 0.000, -1.201, 20.00
1, 0, -0.223, 0.000, 0.000, 0.000, -0.070, -0.609, 2.110, 3.776, -4.098, -0.886, 0.000, 20.06
1, 0, -0.434, 0.000, 0.000, 0.000, -0.114, -0.921, 3.087, 3.741, -3.055, -2.304, -0.000, 20.21
1, 0, -0.898, 0.000, 0.000, 0.000, -0.186, -1.280, 4.433, 3.708, -2.067, -3.709, 0.000, 20.46
1, 0, -1.591, -0.000, 0.000, 0.000, -0.265, -1.594, 5.231, 3.679, -1.320, -4.139, 0.000, 20.74
1, 0, -2.334, -0.000, 0.000, 0.000, -0.310, -1.911, 6.055, 3.652, -0.798, -4.353, -0.000, 21.03
1, 0, -2.994, -0.000, 0.000, 0.000, -0.383, -1.996, 5.408, 3.626, -0.664, -2.998, 0.000, 21.23
1, 0, -3.458, -0.000, 0.000, 0.000, -0.436, -1.968, 4.731, 3.859, -0.511, -2.217, 0.000, 21.37
1, 0, -3.319, -0.000, 0.000, 0.000, -0.443, -2.297, 4.179, 3.861, -0.750, -1.232, 0.000, 21.46
1, 0, -2.863, -0.000, 0.000, 0.000, -0.434, -2.692, 3.547, 3.860, -1.175, -0.243, 0.000, 21.47
1, 0, -2.319, -0.000, 0.000, 0.000, -0.424, -3.142, 2.704, 4.694, -1.802, 0.289, 0.000, 21.45
1, 0, -2.037, -0.000, 0.000, 0.000, -0.441, -3.602, 2.074, 6.866, -2.454, -0.406, 0.000, 21.48
1, 0, -1.812, -0.000, 0.000, 0.000, -0.451, -3.707, 1.797, 7.129, -3.099, 0.143, -0.000, 21.47
1, 0, -1.616, -0.000, 0.000, 0.000, -0.445, -3.733, 1.616, 7.333, -3.526, 0.371, -0.000, 21.45
1, 0, -1.445, -0.000, 0.000, 0.000, -0.435, -3.701, 1.472, 7.498, -3.952, 0.562, 0.000, 21.41
1, 0, -1.191, -0.000, 0.000, 0.000, -0.387, -3.331, 1.355, 6.051, -4.348, 1.851, -0.000, 21.28
1, 0, -0.889, -0.000, 0.000, 0.000, -0.308, -2.678, 1.259, 4.335, -4.718, 3.000, 0.000, 21.08
1, 0, -0.661, 0.000, 0.000, 0.000, -0.242, -2.119, 1.177, 4.149, -5.096, 2.792, -0.000, 20.90
1, 0, -0.470, 0.000, 0.000, 0.000, -0.183, -1.615, 1.107, 4.011, -5.703, 2.853, -0.000, 20.71
1, 0, -0.318, 0.000, 0.000, 0.000, -0.129, -1.143, 1.046, 3.903, -6.090, 2.731, 0.000, 20.53
1, 0, -0.192, 0.000, 0.000, 0.000, -0.080, -0.717, 0.992, 3.817, -6.482, 2.662, 0.000, 20.35
1, 0, -0.085, 0.000, 0.000, 0.000, -0.036, -0.325, 0.944, 3.747, -6.878, 2.633, 0.000, 20.17
1, 0, 0.016, 0.000, 0.000, 0.000, 0.007, 0.064, 0.900, 3.689, -7.508, 2.833, 0.000, 19.98
1, 1, -0.004, 0.000, 0.000, 0.000, -0.002, -0.017, 0.984, 3.709, -7.279, -0.233, -2.841, 20.00
1, 1, -0.045, 0.000, 0.000, 0.000, -0.019, -0.172, 1.247, 3.673, -6.810, 0.000, -2.125, 20.00
1, 1, -0.034, 0.000, 0.000, 0.000, -0.012, -0.111, 1.981, 3.641, -5.884, 0.000, -0.419, 20.00
1, 0, -0.102, 0.000, 0.000, 0.000, -0.033, -0.282, 2.928, 3.613, -5.001, -1.122, 0.000, 20.07
1, 0, -0.333, 0.000, 0.000, 0.000, -0.090, -0.707, 4.098, 3.587, -3.949, -2.606, 0.000, 20.25
1, 0, -0.718, 0.000, 0.000, 0.000, -0.166, -1.187, 4.881, 3.563, -3.151, -3.223, 0.000, 20.46
1, 0, -1.237, -0.000, 0.000, 0.000, -0.244, -1.580, 5.652, 3.540, -2.589, -3.543, 0.000, 20.70
1, 0, -1.550, -0.000, 0.000, 0.000, -0.299, -1.967, 5.058, 3.520, -2.432, -2.330, 0.000, 20.85
1, 0, -1.711, -0.000, 0.000, 0.000, -0.326, -2.246, 4.455, 3.757, -2.259, -1.671, 0.000, 20.97
1, 0, -1.694, -0.000, 0.000, 0.000, -0.336, -2.442, 3.970, 3.763, -2.494, -0.768, 0.000, 21.02
1, 0, -1.513, -0.000, 0.000, 0.000, -0.327, -2.559, 3.311, 3.765, -2.920, 0.243, 0.000, 21.00
1, 0, -1.316, -0.000, 0.000, 0.000, -0.319, -2.667, 2.643, 4.603, -3.560, 0.615, -0.000, 20.96
1, 0, -1.274, -0.000, 0.000, 0.000, -0.338, -2.946, 2.130, 6.779, -4.010, -0.341, -0.000, 20.98
1, 0, -1.204, -0.000, 0.000, 0.000, -0.345, -2.981, 1.795, 7.046, -4.451, 0.141, -0.000, 20.97
1, 0, -1.140, -0.000, 0.000, 0.000, -0.342, -2.981, 1.622, 7.253, -4.668, 0.256, -0.000, 20.96
1, 0, -1.060, -0.000, 0.000, 0.000, -0.336, -2.952, 1.485, 7.421, -5.104, 0.547, -0.000, 20.92
1, 0, -0.876, 0.000, 0.000, 0.000, -0.292, -2.578, 1.372, 5.977, -5.508, 1.904, 0.000, 20.79
1, 0, -0.636, 0.000, 0.000, 0.000, -0.218, -1.932, 1.279, 4.263, -5.660, 2.905, 0.000, 20.60
1, 0, -0.444, 0.000, 0.000, 0.000, -0.158, -1.406, 1.199, 4.081, -6.046, 2.775, 0.000, 20.41
1, 0, -0.297, 0.000, 0.000, 0.000, -0.107, -0.959, 1.130, 3.945, -6.211, 2.498, 0.000, 20.25
1, 0, -0.179, 0.000, 0.000, 0.000, -0.066, -0.589, 1.070, 3.840, -6.382, 2.307, -0.000, 20.09
1, 0, -0.076, 0.000, 0.000, 0.000, -0.029, -0.257, 1.016, 3.757, -6.784, 2.374, 0.000, 19.94
1, 0, 0.014, 0.000, 0.000, 0.000, 0.005, 0.047, 0.967, 3.689, -6.959, 2.237, -0.000, 19.79
1, 0, 0.096, 0.000, 0.000, 0.000, 0.037, 0.332, 0.923, 3.633, -7.367, 2.347, 0.000, 19.63
1, 1, -0.328, 0.000, 0.000, 0.000, -0.121, -1.130, 1.043, 3.655, -7.044, -5.547, -9.472, 20.00
1, 1, -0.332, 0.000, 0.000, 0.000, -0.115, -1.058, 1.449, 3.621, -6.345, 0.000, -2.780, 20.00
1, 1, -0.313, 0.000, 0.000, 0.000, -0.098, -0.881, 2.099, 3.592, -5.426, 0.000, -1.029, 20.00
1, 0, -0.342, 0.000, 0.000, 0.000, -0.095, -0.822, 2.868, 3.565, -4.538, -0.635, -0.000, 20.04
1, 0, -0.557, 0.000, 0.000, 0.000, -0.134, -1.055, 4.152, 3.541, -3.706, -2.241, 0.000, 20.19
1, 0, -0.940, 0.000, 0.000, 0.000, -0.195, -1.417, 4.901, 3.518, -2.904, -2.962, 0.000, 20.39
1, 0, -1.396, -0.000, 0.000, 0.000, -0.257, -1.747, 5.269, 3.498, -2.332, -3.035, 0.000, 20.59
1, 0, -1.673, -0.000, 0.000, 0.000, -0.299, -2.057, 4.849, 3.479, -2.171, -2.128, 0.000, 20.73
1, 0, -1.815, -0.000, 0.000, 0.000, -0.326, -2.296, 4.470, 3.717, -2.210, -1.540, 0.000, 20.84
1, 0, -1.842, -0.000, 0.000, 0.000, -0.337, -2.446, 4.070, 3.726, -2.233, -0.937, 0.000, 20.90
1, 0, -1.675, -0.000, 0.000, 0.000, -0.333, -2.584, 3.436, 3.729, -2.662, 0.088, 0.000, 20.89
1, 0, -1.491, -0.000, 0.000, 0.000, -0.326, -2.718, 2.667, 4.568, -3.087, 0.387, 0.000, 20.87
1, 0, -1.425, -0.000, 0.000, 0.000, -0.347, -3.030, 2.113, 6.746, -3.752, -0.304, -0.000, 20.89
1, 0, -1.369, -0.000, 0.000, 0.000, -0.354, -3.058, 1.806, 7.013, -3.975, -0.063, -0.000, 20.89
1, 0, -1.282, -0.000, 0.000, 0.000, -0.354, -3.083, 1.633, 7.222, -4.412, 0.277, 0.000, 20.87
1, 0, -1.208, -0.000, 0.000, 0.000, -0.348, -3.054, 1.495, 7.391, -4.627, 0.352, 0.000, 20.85
1, 0, -1.014, 0.000, 0.000, 0.000, -0.308, -2.716, 1.382, 5.949, -5.032, 1.739, 0.000, 20.73
1, 0, -0.757, 0.000, 0.000, 0.000, -0.237, -2.103, 1.288, 4.236, -5.186, 2.760, -0.000, 20.55
1, 0, -0.551, 0.000, 0.000, 0.000, -0.180, -1.602, 1.208, 4.054, -5.572, 2.643, -0.000, 20.37
1, 0, -0.393, 0.000, 0.000, 0.000, -0.131, -1.173, 1.139, 3.920, -5.739, 2.377, 0.000, 20.21
1, 0, -0.268, 0.000, 0.000, 0.000, -0.091, -0.817, 1.078, 3.816, -5.911, 2.193, 0.000, 20.07
1, 0, -0.165, 0.000, 0.000, 0.000, -0.057, -0.513, 1.024, 3.733, -6.087, 2.066, 0.000, 19.93
1, 0, -0.079, 0.000, 0.000, 0.000, -0.028, -0.249, 0.975, 3.666, -6.266, 1.980, 0.000, 19.80
1, 0, 0.002, 0.000, 0.000, 0.000, 0.001, 0.007, 0.930, 3.611, -6.674, 2.122, 0.000, 19.66
1, 1, -0.401, 0.000, 0.000, 0.000, -0.139, -1.288, 1.032, 3.634, -6.345, -5.137, -8.644, 20.00
1, 1, -0.389, 0.000, 0.000, 0.000, -0.124, -1.129, 1.552, 3.601, -5.426, 0.000, -1.916, 20.00
1, 0, -0.377, 0.000, 0.000, 0.000, -0.105, -0.919, 2.291, 3.572, -4.085, -0.377, 0.000, 20.03
1, 0, -0.535, 0.000, 0.000, 0.000, -0.130, -1.073, 3.147, 3.546, -3.246, -1.709, 0.000, 20.14
1, 0, -0.923, 0.000, 0.000, 0.000, -0.185, -1.363, 4.315, 3.523, -2.239, -3.126, 0.000, 20.35
1, 0, -1.491, -0.000, 0.000, 0.000, -0.255, -1.648, 5.126, 3.501, -1.687, -3.545, 0.000, 20.58
1, 0, -2.148, -0.000, 0.000, 0.000, -0.311, -1.881, 5.767, 3.481, -1.146, -3.763, 0.000, 20.83
1, 0, -2.726, -0.000, 0.000, 0.000, -0.370, -1.987, 5.329, 3.463, -0.799, -2.910, -0.000, 21.03
1, 0, -3.127, -0.000, 0.000, 0.000, -0.408, -2.084, 5.055, 3.702, -0.653, -2.486, 0.000, 21.19
1, 0, -3.236, -0.000, 0.000, 0.000, -0.426, -2.280, 4.640, 3.711, -0.695, -1.714, -0.000, 21.31
1, 0, -2.961, -0.000, 0.000, 0.000, -0.423, -2.624, 3.882, 3.715, -0.921, -0.669, 0.000, 21.35
1, 0, -2.509, -0.000, 0.000, 0.000, -0.420, -3.070, 3.014, 4.555, -1.553, -0.017, 0.000, 21.35
1, 0, -2.276, -0.000, 0.000, 0.000, -0.441, -3.539, 2.392, 6.733, -2.208, -0.661, 0.000, 21.40
1, 0, -2.081, -0.000, 0.000, 0.000, -0.451, -3.674, 1.994, 7.001, -2.642, -0.147, 0.000, 21.41
1, 0, -1.850, -0.000, 0.000, 0.000, -0.450, -3.750, 1.796, 7.210, -3.285, 0.329, -0.000, 21.39
1, 0, -1.658, -0.000, 0.000, 0.000, -0.440, -3.727, 1.639, 7.379, -3.710, 0.516, 0.000, 21.35
1, 0, -1.373, -0.000, 0.000, 0.000, -0.394, -3.378, 1.511, 5.938, -4.106, 1.803, -0.000, 21.23
1, 0, -1.013, -0.000, 0.000, 0.000, -0.317, -2.748, 1.405, 4.225, -4.694, 3.142, -0.000, 21.02
1, 0, -0.749, 0.000, 0.000, 0.000, -0.249, -2.179, 1.315, 4.044, -5.069, 2.888, 0.000, 20.83
1, 0, -0.546, 0.000, 0.000, 0.000, -0.191, -1.684, 1.238, 3.910, -5.452, 2.724, 0.000, 20.65
1, 0, -0.372, 0.000, 0.000, 0.000, -0.138, -1.225, 1.171, 3.806, -6.064, 2.822, 0.000, 20.46
1, 0, -0.229, 0.000, 0.000, 0.000, -0.089, -0.788, 1.111, 3.724, -6.455, 2.725, 0.000, 20.28
1, 0, -0.109, 0.000, 0.000, 0.000, -0.044, -0.389, 1.057, 3.658, -6.849, 2.676, 0.000, 20.10
1, 0, 0.001, 0.000, 0.000, 0.000, 0.000, 0.003, 1.008, 3.603, -7.478, 2.862, 0.000, 19.91
1, 1, -0.098, 0.000, 0.000, 0.000, -0.040, -0.369, 1.177, 3.626, -7.279, -1.365, -4.347, 20.00
1, 1, -0.113, 0.000, 0.000, 0.000, -0.042, -0.388, 1.571, 3.594, -6.345, 0.000, -1.723, 20.00
1, 0, -0.106, 0.000, 0.000, 0.000, -0.035, -0.307, 2.382, 3.565, -5.206, -0.292, 0.000, 20.02
1, 0, -0.261, 0.000, 0.000, 0.000, -0.073, -0.599, 3.377, 3.539, -3.914, -2.069, 0.000, 20.16
1, 0, -0.646, 0.000, 0.000, 0.000, -0.147, -1.056, 4.768, 3.516, -2.906, -3.528, -0.000, 20.39
1, 0, -1.249, -0.000, 0.000, 0.000, -0.236, -1.471, 5.626, 3.495, -2.143, -4.021, 0.000, 20.66
1, 0, -1.935, -0.000, 0.000, 0.000, -0.303, -1.848, 6.475, 3.475, -1.610, -4.254, 0.000, 20.94
1, 0, -2.516, -0.000, 0.000, 0.000, -0.375, -2.054, 5.827, 3.457, -1.264, -3.074, 0.000, 21.15
1, 0, -2.877, -0.000, 0.000, 0.000, -0.422, -2.193, 5.193, 3.696, -1.111, -2.286, 0.000, 21.30
1, 0, -2.923, -0.000, 0.000, 0.000, -0.434, -2.408, 4.702, 3.705, -1.148, -1.493, 0.000, 21.40
1, 0, -2.604, -0.000, 0.000, 0.000, -0.427, -2.742, 4.007, 3.710, -1.579, -0.363, 0.000, 21.43
1, 0, -2.129, -0.000, 0.000, 0.000, -0.417, -3.140, 3.119, 4.550, -2.422, 0.440, 0.000, 21.40
1, 0, -1.906, -0.000, 0.000, 0.000, -0.430, -3.521, 2.468, 6.728, -3.077, -0.261, 0.000, 21.41
1, 0, -1.734, -0.000, 0.000, 0.000, -0.434, -3.570, 2.093, 6.996, -3.510, 0.159, 0.000, 21.40
1, 0, -1.566, -0.000, 0.000, 0.000, -0.427, -3.575, 1.889, 7.205, -3.940, 0.414, -0.000, 21.38
1, 0, -1.412, -0.000, 0.000, 0.000, -0.415, -3.528, 1.727, 7.375, -4.367, 0.621, -0.000, 21.33
1, 0, -1.191, -0.000, 0.000, 0.000, -0.367, -3.152, 1.595, 5.933, -4.546, 1.728, 0.000, 21.22
1, 0, -0.876, 0.000, 0.000, 0.000, -0.291, -2.519, 1.485, 4.221, -5.139, 3.120, -0.000, 21.01
1, 0, -0.655, 0.000, 0.000, 0.000, -0.225, -1.962, 1.391, 4.040, -5.296, 2.705, 0.000, 20.83
1, 0, -0.476, 0.000, 0.000, 0.000, -0.171, -1.497, 1.311, 3.906, -5.683, 2.609, 0.000, 20.66
1, 0, -0.338, 0.000, 0.000, 0.000, -0.124, -1.091, 1.240, 3.803, -5.850, 2.360, 0.000, 20.50
1, 0, -0.219, 0.000, 0.000, 0.000, -0.083, -0.733, 1.178, 3.720, -6.248, 2.385, 0.000, 20.34
1, 0, -0.120, 0.000, 0.000, 0.000, -0.046, -0.409, 1.121, 3.654, -6.421, 2.220, 0.000, 20.19
1, 0, -0.031, 0.000, 0.000, 0.000, -0.012, -0.109, 1.069, 3.600, -6.825, 2.308, -0.000, 20.04
1, 1, 0.048, 0.000, 0.000, 0.000, 0.018, 0.167, 1.165, 4.392, -6.577, 0.574, -0.214, 20.00
1, 0, 0.013, 0.000, 0.000, 0.000, 0.005, 0.043, 1.503, 4.436, -5.887, -0.113, -0.000, 20.01
1, 0, -0.083, 0.000, 0.000, 0.000, -0.027, -0.239, 2.111, 4.466, -5.228, -1.000, 0.000, 20.07
1, 0, -0.286, 0.000, 0.000, 0.000, -0.081, -0.678, 3.051, 4.488, -4.164, -2.330, -0.000, 20.23
1, 0, -0.669, 0.000, 0.000, 0.000, -0.157, -1.197, 4.217, 4.504, -3.152, -3.546, -0.000, 20.47
1, 0, -1.275, -0.000, 0.000, 0.000, -0.249, -1.637, 5.276, 4.517, -2.392, -4.240, 0.000, 20.75
1, 0, -1.964, -0.000, 0.000, 0.000, -0.330, -2.008, 5.759, 4.527, -1.853, -4.130, 0.000, 21.02
1, 0, -2.433, -0.000, 0.000, 0.000, -0.389, -2.321, 5.092, 4.535, -1.503, -2.980, 0.000, 21.22
1, 0, -2.625, -0.000, 0.000, 0.000, -0.420, -2.576, 4.700, 4.541, -1.555, -2.065, 0.000, 21.36
1, 0, -2.649, -0.000, 0.000, 0.000, -0.432, -2.773, 4.256, 4.546, -1.589, -1.358, -0.000, 21.45
1, 0, -2.379, -0.000, 0.000, 0.000, -0.427, -3.040, 3.600, 4.550, -2.021, -0.283, 0.000, 21.47
1, 0, -2.043, -0.000, 0.000, 0.000, -0.421, -3.324, 2.837, 5.392, -2.660, 0.219, 0.000, 21.46
1, 0, -1.921, -0.000, 0.000, 0.000, -0.440, -3.692, 2.265, 7.574, -3.110, -0.675, -0.000, 21.50
1, 0, -1.836, -0.000, 0.000, 0.000, -0.452, -3.777, 1.933, 7.846, -3.338, -0.376, -0.000, 21.53
1, 0, -1.745, -0.000, 0.000, 0.000, -0.454, -3.843, 1.751, 8.060, -3.562, -0.207, 0.000, 21.54
1, 0, -1.627, -0.000, 0.000, 0.000, -0.453, -3.879, 1.605, 8.235, -3.999, 0.118, -0.000, 21.53
1, 0, -1.385, -0.000, 0.000, 0.000, -0.403, -3.478, 1.486, 6.286, -4.178, 1.672, -0.000, 21.42
1, 0, -1.085, -0.000, 0.000, 0.000, -0.328, -2.847, 1.386, 4.529, -4.332, 2.676, -0.000, 21.24
1, 0, -0.860, 0.000, 0.000, 0.000, -0.268, -2.342, 1.301, 4.315, -4.494, 2.349, 0.000, 21.08
1, 0, -0.686, 0.000, 0.000, 0.000, -0.220, -1.929, 1.228, 4.155, -4.663, 2.116, 0.000, 20.94
1, 0, -0.547, 0.000, 0.000, 0.000, -0.179, -1.580, 1.163, 4.030, -4.837, 1.951, 0.000, 20.81
1, 0, -0.433, 0.000, 0.000, 0.000, -0.145, -1.280, 1.105, 3.931, -5.015, 1.838, 0.000, 20.69
1, 0, -0.336, 0.000, 0.000, 0.000, -0.114, -1.015, 1.052, 3.850, -5.196, 1.759, 0.000, 20.57
1, 0, -0.253, 0.000, 0.000, 0.000, -0.087, -0.777, 1.004, 3.783, -5.378, 1.707, 0.000, 20.46
1, 0, -0.214, 0.000, 0.000, 0.000, -0.072, -0.663, 1.049, 4.566, -5.139, 0.473, -0.000, 20.43
1, 0, -0.239, 0.000, 0.000, 0.000, -0.078, -0.719, 1.148, 4.600, -4.908, 0.196, 0.000, 20.42
1, 0, -0.285, 0.000, 0.000, 0.000, -0.090, -0.817, 1.409, 4.622, -4.687, -0.152, 0.000, 20.43
1, 0, -0.342, 0.000, 0.000, 0.000, -0.104, -0.945, 1.459, 4.636, -4.469, -0.236, 0.000, 20.44
1, 0, -0.417, 0.000, 0.000, 0.000, -0.121, -1.084, 1.780, 4.646, -4.260, -0.545, 0.000, 20.48
1, 0, -0.509, 0.000, 0.000, 0.000, -0.141, -1.253, 2.021, 4.652, -4.056, -0.715, 0.000, 20.53
1, 0, -0.643, 0.000, 0.000, 0.000, -0.167, -1.443, 2.397, 4.656, -3.643, -1.158, 0.000, 20.60
1, 0, -0.838, 0.000, 0.000, 0.000, -0.200, -1.651, 3.015, 4.659, -3.248, -1.738, 0.000, 20.72
1, 0, -1.022, 0.000, 0.000, 0.000, -0.233, -1.897, 3.145, 4.660, -3.070, -1.583, 0.000, 20.82
1, 0, -1.142, -0.000, 0.000, 0.000, -0.256, -2.105, 2.884, 4.660, -2.882, -1.160, -0.000, 20.90
1, 0, -1.111, -0.000, 0.000, 0.000, -0.262, -2.260, 2.208, 4.660, -3.103, -0.131, 0.000, 20.91
1, 0, -1.078, -0.000, 0.000, 0.000, -0.267, -2.399, 1.624, 5.497, -3.323, -0.055, -0.000, 20.91
1, 0, -1.175, -0.000, 0.000, 0.000, -0.304, -2.770, 1.361, 7.675, -3.573, -1.213, 0.000, 20.99
1, 0, -1.229, -0.000, 0.000, 0.000, -0.329, -2.941, 1.217, 7.943, -3.815, -0.846, -0.000, 21.05
1, 0, -1.244, -0.000, 0.000, 0.000, -0.345, -3.085, 1.114, 8.153, -4.050, -0.543, -0.000, 21.09
1, 0, -1.239, -0.000, 0.000, 0.000, -0.354, -3.173, 1.030, 8.325, -4.280, -0.309, -0.000, 21.11
1, 0, -1.075, -0.000, 0.000, 0.000, -0.315, -2.837, 0.960, 6.373, -4.468, 1.363, 0.000, 21.02
1, 0, -0.831, 0.000, 0.000, 0.000, -0.250, -2.255, 0.900, 4.612, -4.628, 2.452, -0.000, 20.85
1, 0, -0.644, 0.000, 0.000, 0.000, -0.199, -1.793, 0.849, 4.394, -4.796, 2.188, 0.000, 20.71
1, 0, -0.497, 0.000, 0.000, 0.000, -0.156, -1.415, 0.804, 4.231, -4.970, 2.002, 0.000, 20.57
1, 0, -0.377, 0.000, 0.000, 0.000, -0.121, -1.097, 0.764, 4.104, -5.147, 1.874, 0.000, 20.45
1, 0, -0.277, 0.000, 0.000, 0.000, -0.091, -0.821, 0.727, 4.002, -5.327, 1.788, -0.000, 20.33
1, 0, -0.192, 0.000, 0.000, 0.000, -0.064, -0.578, 0.694, 3.918, -5.510, 1.732, 0.000, 20.21
1, 0, -0.117, 0.000, 0.000, 0.000, -0.039, -0.358, 0.663, 3.849, -5.694, 1.697, 0.000, 20.10
1, 0, 0.001, 0.000, 0.000, 0.000, 0.000, 0.004, 0.885, 3.859, -5.226, 0.475, 0.000, 20.07
1, 0, -0.033, 0.000, 0.000, 0.000, -0.010, -0.093, 1.224, 3.815, -4.777, -0.125, 0.000, 20.08
1, 0, -0.113, 0.000, 0.000, 0.000, -0.032, -0.292, 1.731, 3.776, -4.347, -0.722, 0.000, 20.13
1, 0, -0.236, 0.000, 0.000, 0.000, -0.063, -0.556, 2.145, 3.741, -3.930, -1.101, 0.000, 20.20
1, 0, -0.387, 0.000, 0.000, 0.000, -0.097, -0.834, 2.646, 3.708, -3.742, -1.295, 0.000, 20.29
1, 0, -0.529, 0.000, 0.000, 0.000, -0.128, -1.090, 2.734, 3.679, -3.550, -1.116, 0.000, 20.36
1, 0, -0.652, 0.000, 0.000, 0.000, -0.153, -1.290, 2.805, 3.652, -3.356, -1.006, 0.000, 20.43
1, 0, -0.735, 0.000, 0.000, 0.000, -0.171, -1.443, 2.801, 3.626, -3.374, -0.704, -0.000, 20.47
1, 0, -0.769, 0.000, 0.000, 0.000, -0.182, -1.579, 2.378, 3.859, -3.382, -0.325, 0.000, 20.50
1, 0, -0.708, 0.000, 0.000, 0.000, -0.178, -1.589, 1.954, 3.861, -3.811, 0.470, 0.000, 20.46
1, 0, -0.609, 0.000, 0.000, 0.000, -0.161, -1.473, 1.502, 3.860, -4.009, 0.890, 0.000, 20.40
1, 0, -0.556, 0.000, 0.000, 0.000, -0.156, -1.447, 1.243, 4.694, -4.438, 0.660, -0.000, 20.36
1, 0, -0.667, 0.000, 0.000, 0.000, -0.191, -1.784, 1.113, 6.866, -4.461, -0.878, 0.000, 20.42
1, 0, -0.744, 0.000, 0.000, 0.000, -0.216, -1.971, 0.986, 7.129, -4.479, -0.706, -0.000, 20.47
1, 0, -0.787, 0.000, 0.000, 0.000, -0.234, -2.133, 0.906, 7.333, -4.713, -0.372, -0.000, 20.49
1, 0, -0.821, 0.000, 0.000, 0.000, -0.245, -2.239, 0.841, 7.498, -4.721, -0.312, -0.000, 20.51
1, 0, -0.751, 0.000, 0.000, 0.000, -0.225, -2.052, 0.786, 6.051, -4.698, 0.888, 0.000, 20.45
1, 0, -0.586, 0.000, 0.000, 0.000, -0.175, -1.602, 0.739, 4.335, -4.648, 1.938, -0.000, 20.32
1, 0, -0.465, 0.000, 0.000, 0.000, -0.139, -1.267, 0.698, 4.149, -4.605, 1.629, -0.000, 20.22
1, 0, -0.384, 0.000, 0.000, 0.000, -0.113, -1.028, 0.662, 4.011, -4.350, 1.202, 0.000, 20.13
1, 0, -0.324, 0.000, 0.000, 0.000, -0.095, -0.863, 0.630, 3.903, -4.323, 1.072, 0.000, 20.06
1, 0, -0.276, 0.000, 0.000, 0.000, -0.080, -0.732, 0.600, 3.817, -4.298, 0.969, 0.000, 20.00
1, 0, -0.238, 0.000, 0.000, 0.000, -0.068, -0.626, 0.573, 3.747, -4.275, 0.887, 0.000, 19.94
1, 0, -0.215, 0.000, 0.000, 0.000, -0.061, -0.555, 0.548, 3.689, -4.036, 0.629, 0.000, 19.90
1, 1, -0.272, 0.000, 0.000, 0.000, -0.073, -0.682, 0.757, 3.709, -3.632, -1.532, -1.726, 20.00
1, 0, -0.326, 0.000, 0.000, 0.000, -0.081, -0.740, 1.135, 3.673, -2.991, -0.670, -0.000, 20.04
1, 0, -0.416, 0.000, 0.000, 0.000, -0.099, -0.894, 1.332, 3.641, -2.793, -0.772, 0.000, 20.10
1, 0, -0.595, 0.000, 0.000, 0.000, -0.126, -1.086, 2.079, 3.613, -2.187, -1.698, 0.000, 20.21
1, 0, -0.818, 0.000, 0.000, 0.000, -0.162, -1.349, 2.508, 3.587, -2.017, -1.749, 0.000, 20.33
1, 0, -0.920, 0.000, 0.000, 0.000, -0.185, -1.587, 2.034, 3.563, -2.038, -0.867, 0.000, 20.38
1, 0, -0.898, 0.000, 0.000, 0.000, -0.189, -1.675, 1.549, 3.540, -2.255, -0.073, 0.000, 20.39
1, 0, -0.900, 0.000, 0.000, 0.000, -0.188, -1.647, 1.743, 3.520, -2.262, -0.266, 0.000, 20.41
1, 0, -0.959, 0.000, 0.000, 0.000, -0.198, -1.702, 2.041, 3.757, -2.278, -0.660, 0.000, 20.45
1, 0, -0.965, 0.000, 0.000, 0.000, -0.204, -1.786, 1.780, 3.763, -2.286, -0.303, 0.000, 20.47
1, 0, -0.926, 0.000, 0.000, 0.000, -0.204, -1.804, 1.643, 3.765, -2.501, 0.027, -0.000, 20.47
1, 0, -0.923, 0.000, 0.000, 0.000, -0.213, -1.928, 1.374, 4.603, -2.722, -0.191, 0.000, 20.48
1, 0, -1.062, -0.000, 0.000, 0.000, -0.255, -2.344, 1.040, 6.779, -2.758, -1.401, -0.000, 20.57
1, 0, -1.134, -0.000, 0.000, 0.000, -0.283, -2.567, 0.881, 7.046, -2.999, -0.944, -0.000, 20.64
1, 0, -1.161, -0.000, 0.000, 0.000, -0.301, -2.734, 0.801, 7.253, -3.233, -0.624, -0.000, 20.68
1, 0, -1.186, -0.000, 0.000, 0.000, -0.313, -2.841, 0.737, 7.421, -3.248, -0.570, 0.000, 20.72
1, 0, -1.069, -0.000, 0.000, 0.000, -0.291, -2.643, 0.685, 5.977, -3.447, 0.788, 0.000, 20.66
1, 0, -0.870, 0.000, 0.000, 0.000, -0.239, -2.175, 0.640, 4.263, -3.401, 1.782, 0.000, 20.55
1, 0, -0.694, 0.000, 0.000, 0.000, -0.199, -1.816, 0.602, 4.081, -3.795, 1.822, -0.000, 20.42
1, 0, -0.569, 0.000, 0.000, 0.000, -0.165, -1.503, 0.569, 3.945, -3.757, 1.480, 0.000, 20.33
1, 0, -0.465, 0.000, 0.000, 0.000, -0.138, -1.259, 0.540, 3.840, -3.942, 1.425, 0.000, 20.23
1, 0, -0.376, 0.000, 0.000, 0.000, -0.114, -1.041, 0.513, 3.757, -4.129, 1.390, 0.000, 20.14
1, 0, -0.298, 0.000, 0.000, 0.000, -0.092, -0.844, 0.489, 3.689, -4.316, 1.372, 0.000, 20.05
1, 0, -0.228, 0.000, 0.000, 0.000, -0.072, -0.660, 0.467, 3.633, -4.505, 1.365, 0.000, 19.96
1, 1, -0.231, 0.000, 0.000, 0.000, -0.072, -0.675, 0.554, 3.655, -4.298, -0.664, -1.731, 20.00
1, 1, -0.232, 0.000, 0.000, 0.000, -0.068, -0.629, 0.972, 3.621, -3.853, 0.000, -0.189, 20.00
1, 0, -0.320, 0.000, 0.000, 0.000, -0.084, -0.744, 1.645, 3.592, -3.001, -1.087, -0.000, 20.07
1, 0, -0.484, 0.000, 0.000, 0.000, -0.116, -0.998, 2.093, 3.565, -2.604, -1.456, 0.000, 20.17
1, 0, -0.648, 0.000, 0.000, 0.000, -0.147, -1.252, 2.226, 3.541, -2.420, -1.300, 0.000, 20.26
1, 0, -0.806, 0.000, 0.000, 0.000, -0.174, -1.450, 2.422, 3.518, -2.237, -1.275, -0.000, 20.34
1, 0, -1.106, -0.000, 0.000, 0.000, -0.210, -1.572, 3.444, 3.498, -1.864, -2.191, 0.000, 20.49
1, 0, -1.210, -0.000, 0.000, 0.000, -0.237, -1.863, 2.842, 3.479, -1.892, -1.119, 0.000, 20.56
1, 0, -1.233, -0.000, 0.000, 0.000, -0.247, -2.036, 2.355, 3.717, -1.908, -0.647, 0.000, 20.60
1, 0, -1.190, -0.000, 0.000, 0.000, -0.249, -2.100, 2.122, 3.726, -2.127, -0.182, -0.000, 20.62
1, 0, -1.051, -0.000, 0.000, 0.000, -0.241, -2.116, 1.651, 3.729, -2.543, 0.571, 0.000, 20.58
1, 0, -0.972, -0.000, 0.000, 0.000, -0.238, -2.153, 1.264, 4.568, -2.752, 0.283, -0.000, 20.56
1, 0, -1.050, -0.000, 0.000, 0.000, -0.271, -2.487, 1.072, 6.746, -2.995, -1.015, -0.000, 20.63
1, 0, -1.089, -0.000, 0.000, 0.000, -0.294, -2.648, 0.949, 7.013, -3.231, -0.700, -0.000, 20.67
1, 0, -1.097, -0.000, 0.000, 0.000, -0.309, -2.782, 0.864, 7.222, -3.462, -0.436, 0.000, 20.70
1, 0, -1.087, -0.000, 0.000, 0.000, -0.317, -2.863, 0.795, 7.391, -3.688, -0.231, 0.000, 20.72
1, 0, -0.980, -0.000, 0.000, 0.000, -0.289, -2.618, 0.738, 5.949, -3.665, 0.867, 0.000, 20.66
1, 0, -0.775, 0.000, 0.000, 0.000, -0.235, -2.128, 0.689, 4.236, -3.834, 2.047, -0.000, 20.52
1, 0, -0.616, 0.000, 0.000, 0.000, -0.191, -1.735, 0.648, 4.054, -4.008, 1.848, 0.000, 20.40
1, 0, -0.489, 0.000, 0.000, 0.000, -0.155, -1.410, 0.612, 3.920, -4.186, 1.709, 0.000, 20.29
1, 0, -0.385, 0.000, 0.000, 0.000, -0.125, -1.133, 0.581, 3.816, -4.368, 1.614, -0.000, 20.18
1, 0, -0.297, 0.000, 0.000, 0.000, -0.098, -0.892, 0.552, 3.733, -4.552, 1.553, 0.000, 20.08
1, 0, -0.221, 0.000, 0.000, 0.000, -0.074, -0.675, 0.526, 3.666, -4.737, 1.515, 0.000, 19.98
1, 0, -0.154, 0.000, 0.000, 0.000, -0.052, -0.478, 0.503, 3.611, -4.924, 1.494, -0.000, 19.88
1, 1, -0.274, 0.000, 0.000, 0.000, -0.091, -0.860, 0.552, 3.634, -4.747, -1.863, -3.650, 20.00
1, 1, -0.299, 0.000, 0.000, 0.000, -0.097, -0.912, 0.633, 3.601, -4.522, 0.000, -1.596, 20.00
1, 1, -0.311, 0.000, 0.000, 0.000, -0.097, -0.899, 0.959, 3.572, -4.298, 0.000, -1.074, 20.00
1, 1, -0.328, 0.000, 0.000, 0.000, -0.098, -0.914, 1.048, 3.546, -4.075, 0.000, -0.822, 20.00
1, 1, -0.340, 0.000, 0.000, 0.000, -0.098, -0.907, 1.182, 3.523, -3.853, 0.000, -0.493, 20.00
1, 1, -0.342, 0.000, 0.000, 0.000, -0.095, -0.866, 1.391, 3.501, -3.632, 0.000, -0.041, 20.00
1, 1, -0.358, 0.000, 0.000, 0.000, -0.098, -0.895, 1.402, 3.481, -3.632, 0.000, -0.099, 20.00
1, 0, -0.401, 0.000, 0.000, 0.000, -0.104, -0.931, 1.840, 3.463, -3.423, -0.444, 0.000, 20.03
1, 0, -0.486, 0.000, 0.000, 0.000, -0.122, -1.087, 1.926, 3.702, -3.222, -0.712, 0.000, 20.08
1, 0, -0.536, 0.000, 0.000, 0.000, -0.135, -1.211, 1.760, 3.711, -3.231, -0.358, 0.000, 20.10
1, 0, -0.536, 0.000, 0.000, 0.000, -0.138, -1.258, 1.377, 3.715, -3.229, 0.068, 0.000, 20.10
1, 0, -0.558, 0.000, 0.000, 0.000, -0.148, -1.381, 1.048, 4.555, -3.450, -0.066, 0.000, 20.10
1, 0, -0.700, 0.000, 0.000, 0.000, -0.192, -1.810, 0.847, 6.733, -3.701, -1.177, 0.000, 20.18
1, 0, -0.777, 0.000, 0.000, 0.000, -0.220, -2.023, 0.733, 7.001, -3.942, -0.772, -0.000, 20.23
1, 0, -0.818, 0.000, 0.000, 0.000, -0.238, -2.185, 0.666, 7.210, -4.176, -0.459, -0.000, 20.26
1, 0, -0.833, 0.000, 0.000, 0.000, -0.248, -2.282, 0.612, 7.379, -4.405, -0.224, -0.000, 20.28
1, 0, -0.737, 0.000, 0.000, 0.000, -0.225, -2.069, 0.568, 5.938, -4.600, 1.125, -0.000, 20.20
1, 0, -0.547, 0.000, 0.000, 0.000, -0.170, -1.567, 0.531, 4.225, -4.766, 2.293, 0.000, 20.05
1, 0, -0.398, 0.000, 0.000, 0.000, -0.126, -1.162, 0.499, 4.044, -4.937, 2.080, 0.000, 19.91
1, 0, -0.278, 0.000, 0.000, 0.000, -0.090, -0.828, 0.472, 3.910, -5.114, 1.929, -0.000, 19.78
1, 0, -0.180, 0.000, 0.000, 0.000, -0.059, -0.545, 0.447, 3.806, -5.293, 1.824, 0.000, 19.66
1, 0, -0.097, 0.000, 0.000, 0.000, -0.032, -0.299, 0.425, 3.724, -5.475, 1.755, 0.000, 19.54
1, 0, -0.019, 0.000, 0.000, 0.000, -0.007, -0.061, 0.405, 3.658, -5.884, 1.908, 0.000, 19.42
1, 0, 0.053, 0.000, 0.000, 0.000, 0.018, 0.168, 0.387, 3.603, -6.066, 1.837, 0.000, 19.29
1, 1, -0.833, 0.000, 0.000, 0.000, -0.278, -2.632, 0.585, 3.626, -5.884, -10.608, -16.025, 20.00
1, 1, -0.806, 0.000, 0.000, 0.000, -0.248, -2.306, 1.043, 3.594, -4.972, 0.000, -3.695, 20.00
1, 1, -0.773, 0.000, 0.000, 0.000, -0.209, -1.864, 1.892, 3.565, -3.853, 0.000, -1.243, 20.00
1, 0, -0.774, 0.000, 0.000, 0.000, -0.188, -1.608, 2.517, 3.539, -3.200, -0.287, 0.000, 20.02
1, 0, -0.981, 0.000, 0.000, 0.000, -0.204, -1.622, 3.396, 3.516, -2.374, -1.731, 0.000, 20.13
1, 0, -1.340, -0.000, 0.000, 0.000, -0.242, -1.765, 4.067, 3.495, -1.792, -2.424, 0.000, 20.30
1, 0, -1.675, -0.000, 0.000, 0.000, -0.281, -1.961, 4.291, 3.475, -1.634, -2.215, -0.000, 20.44
1, 0, -1.982, -0.000, 0.000, 0.000, -0.310, -2.077, 4.247, 3.457, -1.262, -2.073, 0.000, 20.58
1, 0, -2.178, -0.000, 0.000, 0.000, -0.338, -2.250, 4.130, 3.696, -1.306, -1.754, 0.000, 20.70
1, 0, -2.188, -0.000, 0.000, 0.000, -0.348, -2.439, 3.662, 3.705, -1.333, -1.059, 0.000, 20.77
1, 0, -1.971, -0.000, 0.000, 0.000, -0.346, -2.633, 3.070, 3.710, -1.759, -0.071, 0.000, 20.77
1, 0, -1.759, -0.000, 0.000, 0.000, -0.345, -2.817, 2.453, 4.550, -2.184, 0.102, -0.000, 20.77
1, 0, -1.689, -0.000, 0.000, 0.000, -0.369, -3.192, 1.876, 6.728, -2.633, -0.721, -0.000, 20.82
1, 0, -1.618, -0.000, 0.000, 0.000, -0.382, -3.297, 1.505, 6.996, -2.858, -0.345, -0.000, 20.84
1, 0, -1.511, -0.000, 0.000, 0.000, -0.386, -3.367, 1.340, 7.205, -3.294, 0.013, -0.000, 20.84
1, 0, -1.396, -0.000, 0.000, 0.000, -0.383, -3.373, 1.211, 7.375, -3.726, 0.292, -0.000, 20.82
1, 0, -1.194, -0.000, 0.000, 0.000, -0.344, -3.044, 1.108, 5.933, -3.910, 1.450, -0.000, 20.72
1, 0, -0.906, 0.000, 0.000, 0.000, -0.276, -2.462, 1.023, 4.221, -4.285, 2.685, -0.000, 20.54
1, 0, -0.697, 0.000, 0.000, 0.000, -0.220, -1.970, 0.953, 4.040, -4.448, 2.342, -0.000, 20.39
1, 0, -0.538, 0.000, 0.000, 0.000, -0.175, -1.570, 0.893, 3.906, -4.618, 2.101, 0.000, 20.25
1, 0, -0.412, 0.000, 0.000, 0.000, -0.137, -1.236, 0.841, 3.803, -4.792, 1.934, 0.000, 20.12
1, 0, -0.300, 0.000, 0.000, 0.000, -0.104, -0.935, 0.796, 3.720, -5.192, 2.014, 0.000, 19.98
1, 0, -0.205, 0.000, 0.000, 0.000, -0.072, -0.652, 0.756, 3.654, -5.370, 1.890, 0.000, 19.86
1, 0, -0.126, 0.000, 0.000, 0.000, -0.045, -0.406, 0.719, 3.600, -5.551, 1.809, 0.000, 19.74
1, 1, -0.428, 0.000, 0.000, 0.000, -0.146, -1.355, 0.972, 4.392, -5.199, -3.953, -5.716, 20.00
1, 0, -0.417, 0.000, 0.000, 0.000, -0.128, -1.156, 1.444, 4.436, -4.078, -0.101, 0.000, 20.01
1, 0, -0.527, 0.000, 0.000, 0.000, -0.145, -1.269, 2.053, 4.466, -3.443, -1.134, 0.000, 20.08
1, 0, -0.785, 0.000, 0.000, 0.000, -0.186, -1.523, 2.890, 4.488, -2.628, -2.256, 0.000, 20.23
1, 0, -1.201, -0.000, 0.000, 0.000, -0.243, -1.795, 3.820, 4.504, -2.058, -3.027, -0.000, 20.43
1, 0, -1.763, -0.000, 0.000, 0.000, -0.305, -2.005, 4.430, 4.517, -1.503, -3.370, 0.000, 20.66
1, 0, -2.458, -0.000, 0.000, 0.000, -0.364, -2.076, 4.793, 4.527, -0.957, -3.464, 0.000, 20.89
1, 0, -2.951, -0.000, 0.000, 0.000, -0.411, -2.210, 4.693, 4.535, -0.818, -2.838, 0.000, 21.08
1, 0, -3.289, -0.000, 0.000, 0.000, -0.439, -2.304, 4.463, 4.541, -0.667, -2.305, -0.000, 21.23
1, 0, -3.423, -0.000, 0.000, 0.000, -0.459, -2.439, 4.224, 4.546, -0.710, -1.739, 0.000, 21.35
1, 0, -3.303, -0.000, 0.000, 0.000, -0.461, -2.674, 3.727, 4.550, -0.738, -1.102, 0.000, 21.42
1, 0, -2.747, -0.000, 0.000, 0.000, -0.462, -3.313, 2.820, 5.392, -1.375, -0.314, 0.000, 21.44
1, 0, -2.493, -0.000, 0.000, 0.000, -0.484, -3.873, 2.115, 7.574, -1.824, -1.015, 0.000, 21.51
1, 0, -2.296, -0.000, 0.000, 0.000, -0.501, -4.075, 1.777, 7.846, -2.263, -0.488, -0.000, 21.54
1, 0, -2.092, -0.000, 0.000, 0.000, -0.505, -4.200, 1.594, 8.060, -2.697, -0.159, 0.000, 21.55
1, 0, -1.857, -0.000, 0.000, 0.000, -0.504, -4.270, 1.449, 8.235, -3.342, 0.288, 0.000, 21.53
1, 0, -1.522, -0.000, 0.000, 0.000, -0.450, -3.862, 1.332, 6.286, -3.731, 1.946, -0.000, 21.41
1, 0, -1.153, -0.000, 0.000, 0.000, -0.368, -3.188, 1.236, 4.529, -4.095, 3.038, -0.000, 21.20
1, 0, -0.877, -0.000, 0.000, 0.000, -0.299, -2.615, 1.155, 4.315, -4.468, 2.789, 0.000, 21.02
1, 0, -0.697, 0.000, 0.000, 0.000, -0.243, -2.130, 1.085, 4.155, -4.410, 2.240, 0.000, 20.87
1, 0, -0.543, 0.000, 0.000, 0.000, -0.197, -1.742, 1.025, 4.030, -4.801, 2.228, -0.000, 20.72
1, 0, -0.410, 0.000, 0.000, 0.000, -0.155, -1.377, 0.972, 3.931, -5.194, 2.234, 0.000, 20.57
1, 0, -0.295, 0.000, 0.000, 0.000, -0.115, -1.028, 0.924, 3.850, -5.590, 2.254, -0.000, 20.42
1, 0, -0.192, 0.000, 0.000, 0.000, -0.077, -0.691, 0.880, 3.783, -5.989, 2.285, 0.000, 20.27
1, 0, -0.088, 0.000, 0.000, 0.000, -0.036, -0.327, 0.840, 4.566, -6.412, 1.458, -0.000, 20.17
1, 0, -0.077, 0.000, 0.000, 0.000, -0.031, -0.285, 1.000, 4.600, -6.156, 0.948, -0.000, 20.11
1, 0, -0.108, 0.000, 0.000, 0.000, -0.040, -0.363, 1.549, 4.622, -5.473, -0.187, 0.000, 20.12
1, 0, -0.216, 0.000, 0.000, 0.000, -0.072, -0.632, 2.259, 4.636, -4.823, -1.152, 0.000, 20.20
1, 0, -0.441, 0.000, 0.000, 0.000, -0.127, -1.032, 3.326, 4.646, -3.990, -2.382, 0.000, 20.35
1, 0, -0.829, 0.000, 0.000, 0.000, -0.203, -1.465, 4.582, 4.652, -3.413, -3.324, -0.000, 20.58
1, 0, -1.192, -0.000, 0.000, 0.000, -0.270, -1.930, 4.505, 4.656, -3.045, -2.724, 0.000, 20.76
1, 0, -1.475, -0.000, 0.000, 0.000, -0.317, -2.249, 4.478, 4.659, -2.884, -2.212, 0.000, 20.91
1, 0, -1.673, -0.000, 0.000, 0.000, -0.353, -2.460, 4.534, 4.660, -2.929, -1.778, 0.000, 21.02
1, 0, -1.679, -0.000, 0.000, 0.000, -0.365, -2.692, 3.946, 4.660, -2.952, -0.917, 0.000, 21.09
1, 0, -1.613, -0.000, 0.000, 0.000, -0.366, -2.791, 3.642, 4.660, -3.179, -0.352, 0.000, 21.11
1, 0, -1.546, -0.000, 0.000, 0.000, -0.372, -2.971, 3.175, 5.497, -3.407, -0.377, -0.000, 21.13
1, 0, -1.489, -0.000, 0.000, 0.000, -0.402, -3.431, 2.443, 7.675, -4.086, -0.709, -0.000, 21.18
1, 0, -1.409, -0.000, 0.000, 0.000, -0.406, -3.600, 1.924, 7.943, -4.312, -0.140, -0.000, 21.19
1, 0, -1.326, -0.000, 0.000, 0.000, -0.409, -3.563, 1.667, 8.153, -4.753, 0.231, -0.000, 21.18
1, 0, -1.253, -0.000, 0.000, 0.000, -0.402, -3.526, 1.510, 8.325, -4.969, 0.314, -0.000, 21.15
1, 0, -1.055, -0.000, 0.000, 0.000, -0.349, -3.082, 1.385, 6.373, -5.146, 1.875, -0.000, 21.03
1, 0, -0.784, 0.000, 0.000, 0.000, -0.270, -2.397, 1.282, 4.612, -5.520, 3.076, -0.000, 20.82
1, 0, -0.583, 0.000, 0.000, 0.000, -0.205, -1.829, 1.196, 4.394, -5.678, 2.704, 0.000, 20.64
1, 0, -0.428, 0.000, 0.000, 0.000, -0.153, -1.369, 1.123, 4.231, -5.843, 2.438, 0.000, 20.48
1, 0, -0.304, 0.000, 0.000, 0.000, -0.110, -0.987, 1.060, 4.104, -6.014, 2.252, -0.000, 20.33
1, 0, -0.210, 0.000, 0.000, 0.000, -0.076, -0.680, 1.004, 4.002, -5.963, 1.924, -0.000, 20.20
1, 0, -0.131, 0.000, 0.000, 0.000, -0.048, -0.429, 0.954, 3.918, -6.144, 1.880, 0.000, 20.08
1, 0, -0.060, 0.000, 0.000, 0.000, -0.022, -0.199, 0.908, 3.849, -6.327, 1.851, 0.000, 19.95
1, 1, -0.098, 0.000, 0.000, 0.000, -0.036, -0.324, 0.867, 3.859, -6.577, -0.688, -2.998, 20.00
1, 1, -0.146, 0.000, 0.000, 0.000, -0.051, -0.470, 1.168, 3.815, -6.114, 0.000, -1.797, 20.00
1, 1, -0.134, 0.000, 0.000, 0.000, -0.043, -0.388, 1.685, 3.776, -5.199, 0.000, -0.303, 20.00
1, 0, -0.209, 0.000, 0.000, 0.000, -0.060, -0.519, 2.388, 3.741, -4.324, -1.017, 0.000, 20.07
1, 0, -0.392, 0.000, 0.000, 0.000, -0.100, -0.826, 3.179, 3.708, -3.706, -1.863, 0.000, 20.19
1, 0, -0.675, 0.000, 0.000, 0.000, -0.154, -1.190, 4.050, 3.679, -3.327, -2.384, 0.000, 20.35
1, 0, -1.067, 0.000, 0.000, 0.000, -0.214, -1.509, 4.816, 3.652, -2.747, -2.931, 0.000, 20.55
1, 0, -1.585, -0.000, 0.000, 0.000, -0.282, -1.754, 5.645, 3.626, -2.397, -3.253, 0.000, 20.76
1, 0, -1.904, -0.000, 0.000, 0.000, -0.334, -2.118, 5.204, 3.859, -2.244, -2.463, 0.000, 20.93
1, 0, -1.984, -0.000, 0.000, 0.000, -0.356, -2.409, 4.608, 3.861, -2.281, -1.440, -0.000, 21.02
1, 0, -1.970, -0.000, 0.000, 0.000, -0.363, -2.557, 4.180, 3.860, -2.302, -0.847, -0.000, 21.08
1, 0, -1.899, -0.000, 0.000, 0.000, -0.374, -2.803, 3.600, 4.694, -2.535, -0.683, 0.000, 21.13
1, 0, -1.821, -0.000, 0.000, 0.000, -0.405, -3.310, 2.825, 6.866, -3.209, -0.945, -0.000, 21.19
1, 0, -1.669, -0.000, 0.000, 0.000, -0.410, -3.529, 2.203, 7.129, -3.649, -0.075, -0.000, 21.19
1, 0, -1.533, -0.000, 0.000, 0.000, -0.408, -3.496, 1.869, 7.333, -4.083, 0.319, -0.000, 21.17
1, 0, -1.395, -0.000, 0.000, 0.000, -0.398, -3.444, 1.686, 7.498, -4.513, 0.567, -0.000, 21.13
1, 0, -1.156, -0.000, 0.000, 0.000, -0.351, -3.063, 1.541, 6.051, -4.913, 1.891, 0.000, 21.01
1, 0, -0.854, 0.000, 0.000, 0.000, -0.274, -2.407, 1.422, 4.335, -5.285, 3.063, -0.000, 20.80
1, 0, -0.621, 0.000, 0.000, 0.000, -0.209, -1.847, 1.324, 4.149, -5.666, 2.870, -0.000, 20.61
1, 0, -0.424, 0.000, 0.000, 0.000, -0.151, -1.342, 1.240, 4.011, -6.278, 2.943, 0.000, 20.42
1, 0, -0.264, 0.000, 0.000, 0.000, -0.098, -0.871, 1.168, 3.903, -6.667, 2.827, 0.000, 20.23
1, 0, -0.130, 0.000, 0.000, 0.000, -0.050, -0.446, 1.105, 3.817, -7.061, 2.764, 0.000, 20.04
1, 0, -0.016, 0.000, 0.000, 0.000, -0.006, -0.055, 1.049, 3.747, -7.459, 2.738, 0.000, 19.86
1, 0, 0.092, 0.000, 0.000, 0.000, 0.037, 0.334, 0.999, 3.689, -8.093, 2.942, 0.000, 19.67
1, 1, -0.303, 0.000, 0.000, 0.000, -0.125, -1.130, 0.953, 3.709, -8.707, -5.024, -10.629, 20.00
1, 1, -0.347, 0.000, 0.000, 0.000, -0.137, -1.275, 1.286, 3.673, -8.227, 0.000, -5.028, 20.00
1, 1, -0.365, 0.000, 0.000, 0.000, -0.135, -1.245, 1.679, 3.641, -7.514, 0.000, -3.940, 20.00
1, 1, -0.378, 0.000, 0.000, 0.000, -0.131, -1.180, 2.290, 3.613, -7.044, 0.000, -2.829, 20.00
1, 1, -0.357, 0.000, 0.000, 0.000, -0.112, -0.968, 3.319, 3.587, -6.345, 0.000, -0.876, 20.00
1, 0, -0.410, 0.000, 0.000, 0.000, -0.115, -0.944, 4.405, 3.563, -5.676, -0.822, 0.000, 20.05
1, 0, -0.583, 0.000, 0.000, 0.000, -0.150, -1.170, 5.190, 3.540, -5.261, -1.566, 0.000, 20.16
1, 0, -0.840, 0.000, 0.000, 0.000, -0.200, -1.481, 5.846, 3.520, -4.860, -1.985, 0.000, 20.29
1, 0, -1.007, 0.000, 0.000, 0.000, -0.239, -1.814, 5.256, 3.757, -4.668, -1.284, -0.000, 20.38
1, 0, -1.065, 0.000, 0.000, 0.000, -0.255, -1.982, 4.848, 3.763, -4.684, -0.626, -0.000, 20.42
1, 0, -1.062, 0.000, 0.000, 0.000, -0.258, -2.046, 4.482, 3.765, -4.689, -0.192, -0.000, 20.43
1, 0, -1.061, 0.000, 0.000, 0.000, -0.267, -2.190, 4.000, 4.603, -4.919, -0.166, -0.000, 20.44
1, 0, -1.080, 0.000, 0.000, 0.000, -0.296, -2.572, 3.068, 6.779, -5.607, -0.291, 0.000, 20.46
1, 0, -1.020, 0.000, 0.000, 0.000, -0.295, -2.650, 2.354, 7.046, -5.825, 0.390, 0.000, 20.44
1, 0, -0.952, 0.000, 0.000, 0.000, -0.286, -2.524, 2.001, 7.253, -6.041, 0.548, -0.000, 20.40
1, 0, -0.907, 0.000, 0.000, 0.000, -0.276, -2.451, 1.805, 7.421, -6.029, 0.438, -0.000, 20.37
1, 0, -0.774, 0.000, 0.000, 0.000, -0.241, -2.145, 1.648, 5.977, -6.214, 1.748, -0.000, 20.25
1, 0, -0.552, 0.000, 0.000, 0.000, -0.175, -1.561, 1.521, 4.263, -6.370, 2.872, 0.000, 20.06
1, 0, -0.376, 0.000, 0.000, 0.000, -0.121, -1.083, 1.415, 4.081, -6.533, 2.617, -0.000, 19.89
1, 0, -0.243, 0.000, 0.000, 0.000, -0.078, -0.703, 1.326, 3.945, -6.474, 2.228, 0.000, 19.74
1, 0, -0.152, 0.000, 0.000, 0.000, -0.048, -0.432, 1.248, 3.840, -6.197, 1.740, 0.000, 19.62
1, 0, -0.084, 0.000, 0.000, 0.000, -0.027, -0.240, 1.181, 3.757, -6.155, 1.569, 0.000, 19.52
1, 0, -0.037, 0.000, 0.000, 0.000, -0.012, -0.104, 1.121, 3.689, -5.892, 1.235, 0.000, 19.44
1, 0, -0.003, 0.000, 0.000, 0.000, -0.001, -0.009, 1.067, 3.633, -5.862, 1.175, -0.000, 19.36
1, 1, -0.879, 0.000, 0.000, 0.000, -0.264, -2.383, 1.017, 3.655, -5.884, -9.628, -14.366, 20.00
1, 1, -0.853, 0.000, 0.000, 0.000, -0.240, -2.203, 1.401, 3.621, -5.199, 0.000, -3.473, 20.00
1, 1, -0.820, 0.000, 0.000, 0.000, -0.213, -1.907, 1.857, 3.592, -4.298, 0.000, -1.790, 20.00
1, 0, -0.803, 0.000, 0.000, 0.000, -0.186, -1.589, 2.746, 3.565, -3.420, -0.313, 0.000, 20.02
1, 0, -0.950, 0.000, 0.000, 0.000, -0.198, -1.613, 3.414, 3.541, -2.799, -1.394, 0.000, 20.11
1, 0, -1.202, 0.000, 0.000, 0.000, -0.228, -1.769, 3.988, 3.518, -2.414, -1.893, -0.000, 20.24
1, 0, -1.496, -0.000, 0.000, 0.000, -0.264, -1.941, 4.516, 3.498, -2.251, -2.062, 0.000, 20.38
1, 0, -1.838, -0.000, 0.000, 0.000, -0.300, -2.073, 4.884, 3.479, -1.880, -2.273, -0.000, 20.53
1, 0, -2.155, -0.000, 0.000, 0.000, -0.339, -2.237, 4.994, 3.717, -1.723, -2.257, 0.000, 20.68
1, 0, -2.291, -0.000, 0.000, 0.000, -0.364, -2.440, 4.721, 3.726, -1.763, -1.589, 0.000, 20.79
1, 0, -2.264, -0.000, 0.000, 0.000, -0.371, -2.617, 4.194, 3.729, -1.785, -0.886, -0.000, 20.84
1, 0, -2.165, -0.000, 0.000, 0.000, -0.380, -2.878, 3.525, 4.568, -2.015, -0.656, -0.000, 20.89
1, 0, -2.075, -0.000, 0.000, 0.000, -0.412, -3.376, 2.769, 6.746, -2.685, -0.967, 0.000, 20.95
1, 0, -1.948, -0.000, 0.000, 0.000, -0.418, -3.584, 2.191, 7.013, -2.911, -0.344, -0.000, 20.98
1, 0, -1.880, -0.000, 0.000, 0.000, -0.421, -3.581, 1.879, 7.222, -2.918, -0.302, -0.000, 21.00
1, 0, -1.790, -0.000, 0.000, 0.000, -0.421, -3.612, 1.703, 7.391, -3.139, -0.131, -0.000, 21.00
1, 0, -1.604, -0.000, 0.000, 0.000, -0.386, -3.338, 1.561, 5.949, -3.115, 0.934, -0.000, 20.94
1, 0, -1.311, -0.000, 0.000, 0.000, -0.327, -2.847, 1.445, 4.236, -3.281, 2.085, -0.000, 20.80
1, 0, -1.083, 0.000, 0.000, 0.000, -0.280, -2.448, 1.348, 4.054, -3.452, 1.860, -0.000, 20.68
1, 0, -0.920, 0.000, 0.000, 0.000, -0.242, -2.119, 1.266, 3.920, -3.414, 1.510, -0.000, 20.58
1, 0, -0.800, 0.000, 0.000, 0.000, -0.212, -1.867, 1.194, 3.816, -3.382, 1.252, -0.000, 20.50
1, 0, -0.709, 0.000, 0.000, 0.000, -0.189, -1.670, 1.131, 3.733, -3.355, 1.060, -0.000, 20.42
1, 0, -0.638, 0.000, 0.000, 0.000, -0.171, -1.514, 1.075, 3.666, -3.332, 0.914, -0.000, 20.36
1, 0, -0.582, 0.000, 0.000, 0.000, -0.157, -1.388, 1.024, 3.611, -3.311, 0.803, 0.000, 20.31
1, 0, -0.486, 0.000, 0.000, 0.000, -0.131, -1.161, 0.977, 3.634, -3.299, 0.466, 0.000, 20.28
1, 0, -0.471, 0.000, 0.000, 0.000, -0.126, -1.151, 1.023, 3.601, -3.289, 0.412, 0.000, 20.25
1, 0, -0.514, 0.000, 0.000, 0.000, -0.130, -1.156, 1.432, 3.572, -2.861, -0.344, 0.000, 20.27
1, 0, -0.663, 0.000, 0.000, 0.000, -0.151, -1.283, 2.072, 3.546, -2.244, -1.277, 0.000, 20.36
1, 0, -0.866, 0.000, 0.000, 0.000, -0.181, -1.488, 2.425, 3.523, -1.855, -1.557, 0.000, 20.46
1, 0, -1.171, -0.000, 0.000, 0.000, -0.218, -1.637, 3.159, 3.501, -1.483, -2.151, 0.000, 20.61
1, 0, -1.309, -0.000, 0.000, 0.000, -0.245, -1.909, 2.761, 3.481, -1.515, -1.264, 0.000, 20.69
1, 0, -1.545, -0.000, 0.000, 0.000, -0.268, -1.943, 3.269, 3.463, -1.344, -1.631, 0.000, 20.80
1, 0, -1.648, -0.000, 0.000, 0.000, -0.289, -2.150, 3.002, 3.702, -1.375, -1.242, 0.000, 20.88
1, 0, -1.507, -0.000, 0.000, 0.000, -0.290, -2.367, 2.158, 3.711, -1.590, -0.114, -0.000, 20.89
1, 0, -1.387, -0.000, 0.000, 0.000, -0.282, -2.356, 1.937, 3.715, -1.798, 0.170, 0.000, 20.88
1, 0, -1.345, -0.000, 0.000, 0.000, -0.287, -2.438, 1.823, 4.555, -2.019, -0.288, 0.000, 20.90
1, 0, -1.427, -0.000, 0.000, 0.000, -0.326, -2.845, 1.514, 6.733, -2.268, -1.380, 0.000, 20.99
1, 0, -1.470, -0.000, 0.000, 0.000, -0.348, -3.096, 1.272, 7.001, -2.295, -1.063, 0.000, 21.06
1, 0, -1.484, -0.000, 0.000, 0.000, -0.368, -3.220, 1.151, 7.210, -2.529, -0.759, 0.000, 21.11
1, 0, -1.464, -0.000, 0.000, 0.000, -0.379, -3.329, 1.066, 7.379, -2.758, -0.515, 0.000, 21.15
1, 0, -1.310, -0.000, 0.000, 0.000, -0.353, -3.113, 0.994, 5.938, -2.955, 0.800, -0.000, 21.09
1, 0, -1.087, -0.000, 0.000, 0.000, -0.298, -2.631, 0.933, 4.225, -2.910, 1.767, 0.000, 20.97
1, 0, -0.906, -0.000, 0.000, 0.000, -0.256, -2.271, 0.881, 4.044, -3.087, 1.595, 0.000, 20.87
1, 0, -0.760, 0.000, 0.000, 0.000, -0.221, -1.970, 0.834, 3.910, -3.268, 1.475, -0.000, 20.77
1, 0, -0.639, 0.000, 0.000, 0.000, -0.192, -1.711, 0.793, 3.806, -3.452, 1.394, -0.000, 20.68
1, 0, -0.538, 0.000, 0.000, 0.000, -0.166, -1.482, 0.756, 3.724, -3.637, 1.343, -0.000, 20.59
1, 0, -0.437, 0.000, 0.000, 0.000, -0.141, -1.263, 0.721, 3.658, -4.041, 1.504, 0.000, 20.49
1, 0, -0.351, 0.000, 0.000, 0.000, -0.116, -1.043, 0.689, 3.603, -4.226, 1.444, -0.000, 20.39
1, 0, -0.233, 0.000, 0.000, 0.000, -0.079, -0.709, 0.660, 3.626, -4.420, 1.154, 0.000, 20.31
1, 0, -0.246, 0.000, 0.000, 0.000, -0.077, -0.696, 1.133, 3.594, -3.752, 0.044, -0.000, 20.31
1, 0, -0.368, 0.000, 0.000, 0.000, -0.100, -0.864, 1.737, 3.565, -2.690, -1.280, -0.000, 20.40
1, 0, -0.627, 0.000, 0.000, 0.000, -0.145, -1.142, 2.554, 3.539, -1.887, -2.292, -0.000, 20.55
1, 0, -0.980, -0.000, 0.000, 0.000, -0.196, -1.423, 3.153, 3.516, -1.526, -2.544, 0.000, 20.72
1, 0, -1.175, -0.000, 0.000, 0.000, -0.231, -1.749, 2.790, 3.495, -1.565, -1.564, 0.000, 20.82
1, 0, -1.358, -0.000, 0.000, 0.000, -0.256, -1.872, 3.031, 3.475, -1.600, -1.420, 0.000, 20.92
1, 0, -1.638, -0.000, 0.000, 0.000, -0.283, -1.887, 3.539, 3.457, -1.433, -1.756, 0.000, 21.03
1, 0, -1.785, -0.000, 0.000, 0.000, -0.309, -2.080, 3.420, 3.696, -1.469, -1.473, 0.000, 21.13
1, 0, -1.822, -0.000, 0.000, 0.000, -0.322, -2.236, 3.176, 3.705, -1.495, -1.007, 0.000, 21.20
1, 0, -1.766, -0.000, 0.000, 0.000, -0.329, -2.353, 3.032, 3.710, -1.721, -0.572, -0.000, 21.24
1, 0, -1.719, -0.000, 0.000, 0.000, -0.345, -2.570, 2.776, 4.550, -1.953, -0.739, 0.000, 21.29
1, 0, -1.695, -0.000, 0.000, 0.000, -0.385, -3.107, 2.234, 6.728, -2.415, -1.360, 0.000, 21.38
1, 0, -1.599, -0.000, 0.000, 0.000, -0.399, -3.413, 1.711, 6.996, -2.647, -0.649, -0.000, 21.42
1, 0, -1.522, -0.000, 0.000, 0.000, -0.409, -3.490, 1.405, 7.205, -2.871, -0.317, -0.000, 21.44
1, 0, -1.443, -0.000, 0.000, 0.000, -0.411, -3.538, 1.267, 7.375, -3.092, -0.157, 0.000, 21.45
1, 0, -1.259, -0.000, 0.000, 0.000, -0.376, -3.266, 1.157, 5.933, -3.283, 1.094, 0.000, 21.38
1, 0, -1.003, -0.000, 0.000, 0.000, -0.312, -2.729, 1.068, 4.221, -3.445, 2.200, 0.000, 21.23
1, 0, -0.810, -0.000, 0.000, 0.000, -0.261, -2.296, 0.994, 4.040, -3.615, 1.948, -0.000, 21.10
1, 0, -0.660, 0.000, 0.000, 0.000, -0.219, -1.937, 0.932, 3.906, -3.790, 1.769, -0.000, 20.99
1, 0, -0.555, 0.000, 0.000, 0.000, -0.185, -1.642, 0.878, 3.803, -3.753, 1.455, 0.000, 20.89
1, 0, -0.478, 0.000, 0.000, 0.000, -0.160, -1.417, 0.830, 3.720, -3.722, 1.225, 0.000, 20.81
1, 0, -0.420, 0.000, 0.000, 0.000, -0.140, -1.242, 0.788, 3.654, -3.695, 1.054, 0.000, 20.74
1, 0, -0.364, 0.000, 0.000, 0.000, -0.122, -1.092, 0.750, 3.600, -3.887, 1.116, 0.000, 20.66
1, 0, -0.357, 0.000, 0.000, 0.000, -0.119, -1.067, 0.715, 4.392, -3.879, 0.314, -0.000, 20.64
1, 0, -0.385, 0.000, 0.000, 0.000, -0.125, -1.144, 0.809, 4.436, -3.656, 0.066, 0.000, 20.64
1, 0, -0.454, 0.000, 0.000, 0.000, -0.137, -1.237, 1.101, 4.466, -3.230, -0.509, 0.000, 20.67
1, 0, -0.576, 0.000, 0.000, 0.000, -0.159, -1.393, 1.556, 4.488, -2.822, -1.094, -0.000, 20.74
1, 0, -0.869, -0.000, 0.000, 0.000, -0.199, -1.562, 2.615, 4.504, -2.023, -2.467, -0.000, 20.91
1, 0, -1.587, -0.000, 0.000, 0.000, -0.274, -1.598, 4.138, 4.517, -1.272, -3.924, 0.000, 21.17
1, 0, -2.298, -0.000, 0.000, 0.000, -0.343, -1.767, 4.271, 4.527, -0.938, -3.452, 0.000, 21.40
1, 0, -2.547, -0.000, 0.000, 0.000, -0.373, -2.145, 3.616, 4.535, -0.786, -2.299, 0.000, 21.55
1, 0, -2.873, -0.000, 0.000, 0.000, -0.403, -2.161, 3.717, 4.541, -0.836, -1.985, 0.000, 21.69
1, 0, -3.134, -0.000, 0.000, 0.000, -0.418, -2.161, 3.585, 4.546, -0.671, -1.747, -0.000, 21.80
1, 0, -2.918, -0.000, 0.000, 0.000, -0.424, -2.508, 3.147, 4.550, -0.903, -0.945, 0.000, 21.87
1, 0, -2.629, -0.000, 0.000, 0.000, -0.430, -2.945, 2.550, 5.392, -1.132, -0.805, 0.000, 21.92
1, 0, -2.420, -0.000, 0.000, 0.000, -0.465, -3.602, 1.957, 7.574, -1.589, -1.454, 0.000, 22.02
1, 0, -2.251, -0.000, 0.000, 0.000, -0.481, -3.946, 1.584, 7.846, -1.824, -0.927, 0.000, 22.08
1, 0, -2.081, -0.000, 0.000, 0.000, -0.499, -4.110, 1.391, 8.060, -2.263, -0.498, 0.000, 22.11
1, 0, -1.942, -0.000, 0.000, 0.000, -0.503, -4.205, 1.263, 8.235, -2.486, -0.361, 0.000, 22.13
1, 0, -1.619, -0.000, 0.000, 0.000, -0.461, -3.911, 1.160, 6.286, -2.881, 1.427, -0.000, 22.04
1, 0, -1.282, -0.000, 0.000, 0.000, -0.388, -3.321, 1.075, 4.529, -3.037, 2.423, -0.000, 21.88
1, 0, -1.008, -0.000, 0.000, 0.000, -0.329, -2.846, 1.003, 4.315, -3.415, 2.280, 0.000, 21.73
1, 0, -0.815, -0.000, 0.000, 0.000, -0.278, -2.423, 0.942, 4.155, -3.583, 2.002, -0.000, 21.59
1, 0, -0.649, 0.000, 0.000, 0.000, -0.235, -2.062, 0.890, 4.030, -3.972, 1.998, 0.000, 21.46
1, 0, -0.510, 0.000, 0.000, 0.000, -0.195, -1.718, 0.843, 3.931, -4.364, 2.012, -0.000, 21.33
1, 0, -0.390, 0.000, 0.000, 0.000, -0.156, -1.386, 0.801, 3.850, -4.758, 2.040, 0.000, 21.19
1, 0, -0.296, 0.000, 0.000, 0.000, -0.121, -1.079, 0.763, 3.783, -4.934, 1.884, 0.000, 21.06
1, 0, -0.255, 0.000, 0.000, 0.000, -0.108, -0.962, 0.729, 4.566, -5.351, 1.381, 0.000, 20.97
1, 0, -0.273, 0.000, 0.000, 0.000, -0.106, -0.957, 1.197, 4.600, -4.669, 0.208, 0.000, 20.96
1, 0, -0.366, 0.000, 0.000, 0.000, -0.126, -1.095, 1.692, 4.622, -3.803, -0.924, -0.000, 21.02
1, 0, -0.575, 0.000, 0.000, 0.000, -0.167, -1.349, 2.498, 4.636, -2.980, -2.064, -0.000, 21.16
1, 0, -0.958, -0.000, 0.000, 0.000, -0.230, -1.615, 3.535, 4.646, -2.406, -2.972, 0.000, 21.36
1, 0, -1.776, -0.000, 0.000, 0.000, -0.318, -1.638, 4.834, 4.652, -1.656, -4.098, 0.000, 21.63
1, 0, -2.620, -0.000, 0.000, 0.000, -0.378, -1.776, 5.542, 4.656, -1.335, -4.088, -0.000, 21.90
1, 0, -3.625, -0.000, 0.000, 0.000, -0.404, -1.729, 6.121, 4.659, -0.812, -4.210, -0.000, 22.18
1, 0, -4.807, -0.000, 0.000, 0.000, -0.505, -1.200, 5.613, 4.660, -0.680, -3.080, -0.000, 22.39
1, 0, -5.381, -0.000, 0.000, 0.000, -0.565, -0.996, 5.304, 4.660, -0.737, -2.284, -0.000, 22.54
1, 0, -5.445, -0.000, 0.000, 0.000, -0.592, -1.126, 4.909, 4.660, -0.777, -1.628, -0.000, 22.65
1, 0, -4.921, -0.000, 0.000, 0.000, -0.622, -1.856, 4.203, 5.497, -1.017, -1.284, 0.000, 22.73
1, 0, -3.778, -0.000, 0.000, 0.000, -0.634, -3.449, 3.256, 7.675, -1.682, -1.389, 0.000, 22.83
1, 0, -3.010, -0.000, 0.000, 0.000, -0.619, -4.272, 2.509, 7.943, -2.116, -0.436, 0.000, 22.85
1, 0, -2.551, -0.000, 0.000, 0.000, -0.618, -4.540, 2.073, 8.153, -2.543, 0.025, 0.000, 22.85
1, 0, -2.263, -0.000, 0.000, 0.000, -0.605, -4.621, 1.858, 8.325, -2.756, 0.063, 0.000, 22.85
1, 0, -1.827, -0.000, 0.000, 0.000, -0.546, -4.317, 1.688, 6.373, -3.144, 1.774, 0.000, 22.73
1, 0, -1.427, -0.000, 0.000, 0.000, -0.457, -3.695, 1.550, 4.612, -3.292, 2.710, 0.000, 22.55
1, 0, -1.111, -0.000, 0.000, 0.000, -0.387, -3.188, 1.437, 4.394, -3.665, 2.520, -0.000, 22.38
1, 0, -0.895, -0.000, 0.000, 0.000, -0.327, -2.728, 1.342, 4.231, -3.828, 2.204, 0.000, 22.24
1, 0, -0.732, -0.000, 0.000, 0.000, -0.277, -2.339, 1.261, 4.104, -3.998, 1.981, 0.000, 22.10
1, 0, -0.605, -0.000, 0.000, 0.000, -0.235, -2.005, 1.190, 4.002, -4.172, 1.825, 0.000, 21.98
1, 0, -0.501, 0.000, 0.000, 0.000, -0.199, -1.711, 1.128, 3.918, -4.350, 1.715, -0.000, 21.87
1, 0, -0.428, 0.000, 0.000, 0.000, -0.169, -1.460, 1.072, 3.849, -4.313, 1.449, -0.000, 21.77
1, 0, -0.365, 0.000, 0.000, 0.000, -0.146, -1.265, 1.022, 3.859, -4.500, 1.395, -0.000, 21.68
1, 0, -0.337, 0.000, 0.000, 0.000, -0.129, -1.155, 1.100, 3.815, -4.253, 0.958, -0.000, 21.61
1, 0, -0.335, 0.000, 0.000, 0.000, -0.122, -1.082, 1.292, 3.776, -4.019, 0.490, -0.000, 21.58
1, 0, -0.353, 0.000, 0.000, 0.000, -0.122, -1.080, 1.375, 3.741, -3.792, 0.231, 0.000, 21.57
1, 0, -0.459, 0.000, 0.000, 0.000, -0.138, -1.132, 2.391, 3.708, -3.379, -0.991, 0.000, 21.63
1, 0, -0.683, 0.000, 0.000, 0.000, -0.176, -1.318, 3.099, 3.679, -2.773, -1.829, 0.000, 21.75
1, 0, -0.899, -0.000, 0.000, 0.000, -0.212, -1.572, 3.022, 3.652, -2.383, -1.607, -0.000, 21.86
1, 0, -1.028, -0.000, 0.000, 0.000, -0.237, -1.773, 2.906, 3.626, -2.410, -1.084, 0.000, 21.93
1, 0, -1.278, -0.000, 0.000, 0.000, -0.269, -1.842, 3.416, 3.859, -2.237, -1.648, 0.000, 22.04
1, 0, -1.462, -0.000, 0.000, 0.000, -0.295, -1.985, 3.367, 3.861, -2.060, -1.427, 0.000, 22.14
1, 0, -1.467, -0.000, 0.000, 0.000, -0.304, -2.182, 2.921, 3.860, -2.079, -0.749, 0.000, 22.19
1, 0, -1.394, -0.000, 0.000, 0.000, -0.315, -2.465, 2.303, 4.694, -2.305, -0.517, 0.000, 22.22
1, 0, -1.507, -0.000, 0.000, 0.000, -0.360, -2.889, 2.129, 6.866, -2.562, -1.678, -0.000, 22.33
1, 0, -1.493, -0.000, 0.000, 0.000, -0.383, -3.218, 1.763, 7.129, -2.802, -0.995, -0.000, 22.40
1, 0, -1.447, -0.000, 0.000, 0.000, -0.398, -3.357, 1.416, 7.333, -3.031, -0.515, 0.000, 22.44
1, 0, -1.393, -0.000, 0.000, 0.000, -0.403, -3.435, 1.289, 7.498, -3.256, -0.299, 0.000, 22.45
1, 0, -1.224, -0.000, 0.000, 0.000, -0.371, -3.187, 1.187, 6.051, -3.449, 0.993, 0.000, 22.39
1, 0, -0.977, -0.000, 0.000, 0.000, -0.308, -2.667, 1.102, 4.335, -3.613, 2.129, 0.000, 22.25
1, 0, -0.790, -0.000, 0.000, 0.000, -0.258, -2.248, 1.031, 4.149, -3.784, 1.900, -0.000, 22.12
1, 0, -0.626, 0.000, 0.000, 0.000, -0.216, -1.891, 0.971, 4.011, -4.176, 1.928, -0.000, 21.99
1, 0, -0.515, 0.000, 0.000, 0.000, -0.179, -1.575, 0.918, 3.903, -4.136, 1.584, 0.000, 21.89
1, 0, -0.422, 0.000, 0.000, 0.000, -0.150, -1.323, 0.871, 3.817, -4.318, 1.525, -0.000, 21.78
1, 0, -0.342, 0.000, 0.000, 0.000, -0.124, -1.096, 0.828, 3.747, -4.503, 1.489, 0.000, 21.69
1, 0, -0.272, 0.000, 0.000, 0.000, -0.100, -0.888, 0.790, 3.689, -4.688, 1.468, 0.000, 21.59
1, 0, -0.213, 0.000, 0.000, 0.000, -0.079, -0.706, 0.754, 3.709, -4.876, 1.411, 0.000, 21.49
1, 0, -0.211, 0.000, 0.000, 0.000, -0.072, -0.639, 1.150, 3.673, -4.199, 0.298, 0.000, 21.47
1, 0, -0.319, 0.000, 0.000, 0.000, -0.093, -0.780, 1.905, 3.641, -3.131, -1.224, -0.000, 21.55
1, 0, -0.575, 0.000, 0.000, 0.000, -0.139, -1.038, 2.831, 3.613, -2.327, -2.365, -0.000, 21.71
1, 0, -1.079, -0.000, 0.000, 0.000, -0.206, -1.229, 3.975, 3.587, -1.769, -3.278, 0.000, 21.93
1, 0, -1.962, -0.000, 0.000, 0.000, -0.271, -1.236, 5.303, 3.563, -1.240, -4.155, -0.000, 22.21
1, 0, -2.971, -0.000, 0.000, 0.000, -0.300, -1.257, 6.008, 3.540, -0.720, -4.300, 0.000, 22.49
1, 0, -3.863, -0.000, 0.000, 0.000, -0.339, -1.291, 6.543, 3.520, -0.611, -3.958, -0.000, 22.76
1, 0, -4.509, -0.000, 0.000, 0.000, -0.313, -1.431, 5.947, 3.757, -0.276, -3.174, -0.000, 22.97
1, 0, -4.788, -0.000, 0.000, 0.000, -0.330, -1.579, 5.607, 3.763, -0.334, -2.340, 0.000, 23.13
1, 0, -5.097, -0.000, 0.000, 0.000, -0.371, -1.443, 5.087, 3.765, -0.373, -1.569, -0.000, 23.23
1, 0, -5.574, -0.000, 0.000, 0.000, -0.539, -0.991, 4.384, 4.603, -0.812, -1.070, 0.000, 23.30
1, 0, -4.716, -0.000, 0.000, 0.000, -0.617, -2.205, 3.474, 6.779, -1.265, -1.449, 0.000, 23.40
1, 0, -3.735, -0.000, 0.000, 0.000, -0.601, -3.274, 2.697, 7.046, -1.490, -0.641, -0.000, 23.44
1, 0, -3.147, -0.000, 0.000, 0.000, -0.596, -3.746, 2.201, 7.253, -1.707, -0.258, -0.000, 23.46
1, 0, -2.761, -0.000, 0.000, 0.000, -0.588, -3.973, 1.972, 7.421, -1.922, -0.149, 0.000, 23.47
1, 0, -2.305, -0.000, 0.000, 0.000, -0.544, -3.872, 1.791, 5.977, -2.108, 1.059, -0.000, 23.40
1, 0, -1.823, -0.000, 0.000, 0.000, -0.470, -3.479, 1.646, 4.263, -2.267, 2.131, -0.000, 23.26
1, 0, -1.475, -0.000, 0.000, 0.000, -0.411, -3.135, 1.526, 4.081, -2.434, 1.849, 0.000, 23.13
1, 0, -1.216, -0.000, 0.000, 0.000, -0.363, -2.832, 1.425, 3.945, -2.607, 1.647, 0.000, 23.02
1, 0, -1.017, -0.000, 0.000, 0.000, -0.322, -2.560, 1.339, 3.840, -2.784, 1.504, -0.000, 22.92
1, 0, -0.859, -0.000, 0.000, 0.000, -0.286, -2.315, 1.264, 3.757, -2.964, 1.405, 0.000, 22.83
1, 0, -0.732, -0.000, 0.000, 0.000, -0.255, -2.090, 1.198, 3.689, -3.147, 1.337, 0.000, 22.74
1, 0, -0.627, -0.000, 0.000, 0.000, -0.226, -1.880, 1.138, 3.633, -3.332, 1.293, 0.000, 22.65
1, 0, -0.542, -0.000, 0.000, 0.000, -0.202, -1.695, 1.085, 3.655, -3.519, 1.218, -0.000, 22.57
1, 0, -0.542, -0.000, 0.000, 0.000, -0.186, -1.571, 1.337, 3.621, -3.073, 0.413, -0.000, 22.54
1, 0, -0.687, -0.000, 0.000, 0.000, -0.196, -1.521, 1.897, 3.592, -2.234, -0.850, -0.000, 22.60
1, 0, -0.941, -0.000, 0.000, 0.000, -0.227, -1.569, 2.454, 3.565, -1.845, -1.438, -0.000, 22.70
1, 0, -1.243, -0.000, 0.000, 0.000, -0.257, -1.637, 2.615, 3.541, -1.462, -1.557, -0.000, 22.80
1, 0, -1.620, -0.000, 0.000, 0.000, -0.291, -1.608, 2.926, 3.518, -1.292, -1.633, -0.000, 22.91
1, 0, -2.526, -0.000, 0.000, 0.000, -0.356, -1.062, 3.802, 3.498, -1.138, -2.218, -0.000, 23.06
1, 0, -3.599, -0.000, 0.000, 0.000, -0.366, -0.516, 4.391, 3.479, -0.786, -2.603, -0.000, 23.23
1, 0, -3.834, -0.000, 0.000, 0.000, -0.334, -0.880, 4.349, 3.717, -0.638, -2.381, -0.000, 23.39
1, 0, -3.981, -0.000, 0.000, 0.000, -0.306, -1.153, 4.087, 3.726, -0.478, -1.893, -0.000, 23.52
1, 0, -4.122, -0.000, 0.000, 0.000, -0.316, -1.235, 3.874, 3.729, -0.513, -1.418, 0.000, 23.61
1, 0, -4.978, -0.001, 0.000, 0.000, -0.516, -0.438, 3.123, 4.568, -0.745, -1.015, -0.000, 23.68
1, 0, -3.642, -0.000, 0.000, 0.000, -0.536, -2.269, 2.432, 6.746, -1.198, -1.533, 0.000, 23.78
1, 0, -2.965, -0.000, 0.000, 0.000, -0.538, -3.132, 1.966, 7.013, -1.430, -0.914, -0.000, 23.84
1, 0, -2.450, -0.000, 0.000, 0.000, -0.554, -3.631, 1.698, 7.222, -1.861, -0.424, -0.000, 23.87
1, 0, -2.042, -0.000, 0.000, 0.000, -0.555, -3.942, 1.544, 7.391, -2.287, -0.108, 0.000, 23.88
1, 0, -1.602, -0.000, 0.000, 0.000, -0.512, -3.839, 1.420, 5.949, -2.683, 1.267, -0.000, 23.79
1, 0, -1.178, -0.000, 0.000, 0.000, -0.432, -3.369, 1.318, 4.236, -3.051, 2.475, -0.000, 23.63
1, 0, -0.884, -0.000, 0.000, 0.000, -0.364, -2.923, 1.232, 4.054, -3.425, 2.310, 0.000, 23.47
1, 0, -0.674, -0.000, 0.000, 0.000, -0.305, -2.501, 1.159, 3.920, -3.806, 2.207, 0.000, 23.33
1, 0, -0.517, -0.000, 0.000, 0.000, -0.252, -2.104, 1.094, 3.816, -4.191, 2.152, 0.000, 23.18
1, 0, -0.394, 0.000, 0.000, 0.000, -0.204, -1.726, 1.038, 3.733, -4.579, 2.132, -0.000, 23.04
1, 0, -0.295, 0.000, 0.000, 0.000, -0.159, -1.366, 0.987, 3.666, -4.970, 2.137, -0.000, 22.90
1, 0, -0.212, 0.000, 0.000, 0.000, -0.118, -1.019, 0.941, 3.611, -5.364, 2.160, -0.000, 22.75
1, 0, -0.141, 0.000, 0.000, 0.000, -0.080, -0.698, 0.898, 3.634, -5.761, 2.148, -0.000, 22.61
1, 0, -0.112, 0.000, 0.000, 0.000, -0.059, -0.524, 1.140, 3.601, -5.277, 1.231, -0.000, 22.53
1, 0, -0.119, 0.000, 0.000, 0.000, -0.056, -0.491, 1.529, 3.572, -4.818, 0.383, 0.000, 22.50
1, 0, -0.205, 0.000, 0.000, 0.000, -0.079, -0.637, 2.423, 3.546, -3.959, -1.090, 0.000, 22.58
1, 0, -0.463, 0.000, 0.000, 0.000, -0.137, -0.914, 3.666, 3.523, -3.149, -2.526, -0.000, 22.74
1, 0, -0.834, -0.000, 0.000, 0.000, -0.204, -1.245, 3.840, 3.501, -2.565, -2.492, 0.000, 22.91
1, 0, -1.097, -0.000, 0.000, 0.000, -0.253, -1.538, 3.799, 3.481, -2.610, -1.782, 0.000, 23.03
1, 0, -1.395, -0.000, 0.000, 0.000, -0.291, -1.632, 3.991, 3.463, -2.438, -1.697, -0.000, 23.14
1, 0, -1.722, -0.000, 0.000, 0.000, -0.333, -1.699, 4.109, 3.702, -2.269, -1.787, 0.000, 23.26
1, 0, -1.785, -0.000, 0.000, 0.000, -0.351, -1.925, 3.792, 3.711, -2.298, -1.144, -0.000, 23.34
1, 0, -1.925, -0.000, 0.000, 0.000, -0.375, -1.938, 3.903, 3.715, -2.324, -1.056, -0.000, 23.41
1, 0, -1.781, -0.000, 0.000, 0.000, -0.385, -2.362, 3.344, 4.555, -2.558, -0.812, -0.000, 23.46
1, 0, -1.636, -0.000, 0.000, 0.000, -0.415, -3.034, 2.601, 6.733, -3.019, -1.230, -0.000, 23.54
1, 0, -1.439, -0.000, 0.000, 0.000, -0.421, -3.395, 2.020, 7.001, -3.460, -0.305, 0.000, 23.57
1, 0, -1.296, -0.000, 0.000, 0.000, -0.424, -3.451, 1.696, 7.210, -3.893, 0.158, 0.000, 23.55
1, 0, -1.158, -0.000, 0.000, 0.000, -0.415, -3.452, 1.533, 7.379, -4.322, 0.435, 0.000, 23.53
1, 0, -0.944, -0.000, 0.000, 0.000, -0.366, -3.091, 1.403, 5.938, -4.719, 1.781, -0.000, 23.41
1, 0, -0.687, -0.000, 0.000, 0.000, -0.284, -2.429, 1.296, 4.225, -5.090, 2.968, -0.000, 23.21
1, 0, -0.494, 0.000, 0.000, 0.000, -0.215, -1.862, 1.208, 4.044, -5.468, 2.787, -0.000, 23.02
1, 0, -0.355, 0.000, 0.000, 0.000, -0.158, -1.378, 1.133, 3.910, -5.630, 2.479, -0.000, 22.86
1, 0, -0.239, 0.000, 0.000, 0.000, -0.110, -0.964, 1.068, 3.806, -6.021, 2.459, 0.000, 22.69
1, 0, -0.146, 0.000, 0.000, 0.000, -0.068, -0.598, 1.011, 3.724, -6.190, 2.267, 0.000, 22.54
1, 0, -0.064, 0.000, 0.000, 0.000, -0.030, -0.267, 0.960, 3.658, -6.589, 2.332, 0.000, 22.39
1, 0, 0.008, 0.000, 0.000, 0.000, 0.004, 0.035, 0.914, 3.603, -6.763, 2.198, 0.000, 22.24
1, 0, 0.068, 0.000, 0.000, 0.000, 0.032, 0.282, 0.872, 3.626, -6.941, 2.060, 0.000, 22.10
1, 0, 0.095, 0.000, 0.000, 0.000, 0.041, 0.372, 1.242, 3.594, -6.449, 1.105, 0.000, 22.03
1, 0, 0.072, 0.000, 0.000, 0.000, 0.028, 0.242, 1.920, 3.565, -5.542, -0.284, -0.000, 22.05
1, 0, -0.037, 0.000, 0.000, 0.000, -0.012, -0.098, 2.831, 3.539, -4.465, -1.757, 0.000, 22.17
1, 0, -0.297, 0.000, 0.000, 0.000, -0.078, -0.553, 4.099, 3.516, -3.659, -3.028, -0.000, 22.37
1, 0, -0.826, 0.000, 0.000, 0.000, -0.169, -0.953, 5.238, 3.495, -2.888, -3.896, 0.000, 22.63
1, 0, -1.520, -0.000, 0.000, 0.000, -0.257, -1.253, 5.731, 3.475, -2.340, -3.836, 0.000, 22.88
1, 0, -2.244, -0.000, 0.000, 0.000, -0.317, -1.439, 6.290, 3.457, -2.008, -3.738, 0.000, 23.13
1, 0, -3.088, -0.000, 0.000, 0.000, -0.409, -1.327, 5.871, 3.696, -1.662, -3.081, -0.000, 23.34
1, 0, -3.609, -0.000, 0.000, 0.000, -0.457, -1.289, 5.504, 3.705, -1.510, -2.344, -0.000, 23.49
1, 0, -3.671, -0.000, 0.000, 0.000, -0.479, -1.501, 4.984, 3.710, -1.547, -1.496, 0.000, 23.59
1, 0, -3.361, -0.000, 0.000, 0.000, -0.486, -2.077, 4.333, 4.550, -1.787, -1.171, 0.000, 23.67
1, 0, -2.839, -0.000, 0.000, 0.000, -0.508, -3.082, 3.461, 6.728, -2.456, -1.303, 0.000, 23.76
1, 0, -2.312, -0.000, 0.000, 0.000, -0.502, -3.671, 2.713, 6.996, -3.103, -0.120, 0.000, 23.77
1, 0, -1.980, -0.000, 0.000, 0.000, -0.496, -3.790, 2.208, 7.205, -3.527, 0.380, 0.000, 23.74
1, 0, -1.761, -0.000, 0.000, 0.000, -0.480, -3.782, 1.982, 7.375, -3.735, 0.401, -0.000, 23.71
1, 0, -1.435, -0.000, 0.000, 0.000, -0.431, -3.481, 1.804, 5.933, -4.129, 1.738, 0.000, 23.60
1, 0, -1.099, -0.000, 0.000, 0.000, -0.350, -2.879, 1.660, 4.221, -4.280, 2.727, 0.000, 23.42
1, 0, -0.835, -0.000, 0.000, 0.000, -0.285, -2.383, 1.541, 4.040, -4.657, 2.578, -0.000, 23.25
1, 0, -0.646, 0.000, 0.000, 0.000, -0.230, -1.942, 1.441, 3.906, -4.821, 2.293, 0.000, 23.09
1, 0, -0.503, 0.000, 0.000, 0.000, -0.184, -1.573, 1.355, 3.803, -4.991, 2.093, -0.000, 22.95
1, 0, -0.389, 0.000, 0.000, 0.000, -0.146, -1.255, 1.280, 3.720, -5.165, 1.954, -0.000, 22.82
1, 0, -0.295, 0.000, 0.000, 0.000, -0.113, -0.976, 1.214, 3.654, -5.342, 1.858, -0.000, 22.70
1, 0, -0.225, 0.000, 0.000, 0.000, -0.086, -0.743, 1.154, 3.600, -5.301, 1.600, -0.000, 22.59
1, 0, -0.211, 0.000, 0.000, 0.000, -0.081, -0.708, 1.100, 4.392, -5.501, 1.008, 0.000, 22.52
1, 0, -0.231, 0.000, 0.000, 0.000, -0.084, -0.747, 1.294, 4.436, -5.040, 0.373, -0.000, 22.50
1, 0, -0.271, 0.000, 0.000, 0.000, -0.093, -0.825, 1.524, 4.466, -4.816, 0.015, 0.000, 22.50
1, 0, -0.296, 0.000, 0.000, 0.000, -0.101, -0.909, 1.268, 4.488, -4.807, 0.358, 0.000, 22.48
1, 0, -0.329, 0.000, 0.000, 0.000, -0.106, -0.953, 1.451, 4.504, -4.583, 0.017, 0.000, 22.47
1, 0, -0.398, 0.000, 0.000, 0.000, -0.121, -1.050, 1.936, 4.517, -4.374, -0.510, -0.000, 22.51
1, 0, -0.519, 0.000, 0.000, 0.000, -0.144, -1.215, 2.358, 4.527, -3.959, -1.048, 0.000, 22.58
1, 0, -0.732, 0.000, 0.000, 0.000, -0.181, -1.414, 3.179, 4.535, -3.567, -1.821, -0.000, 22.70
1, 0, -1.012, -0.000, 0.000, 0.000, -0.226, -1.651, 3.643, 4.541, -3.185, -2.110, -0.000, 22.84
1, 0, -1.310, -0.000, 0.000, 0.000, -0.269, -1.867, 3.796, 4.546, -2.805, -2.091, -0.000, 22.98
1, 0, -1.509, -0.000, 0.000, 0.000, -0.299, -2.089, 3.584, 4.550, -2.631, -1.606, 0.000, 23.09
1, 0, -1.624, -0.000, 0.000, 0.000, -0.328, -2.424, 3.101, 5.392, -2.667, -1.449, -0.000, 23.18
1, 0, -1.747, -0.000, 0.000, 0.000, -0.379, -3.008, 2.480, 7.574, -2.933, -1.988, 0.000, 23.32
1, 0, -1.716, -0.000, 0.000, 0.000, -0.401, -3.387, 1.884, 7.846, -3.175, -1.050, -0.000, 23.39
1, 0, -1.677, -0.000, 0.000, 0.000, -0.417, -3.514, 1.562, 8.060, -3.407, -0.606, -0.000, 23.43
1, 0, -1.582, -0.000, 0.000, 0.000, -0.423, -3.611, 1.412, 8.235, -3.848, -0.183, 0.000, 23.44
1, 0, -1.350, -0.000, 0.000, 0.000, -0.379, -3.261, 1.293, 6.286, -4.031, 1.442, 0.000, 23.34
1, 0, -1.027, -0.000, 0.000, 0.000, -0.308, -2.672, 1.195, 4.529, -4.404, 2.686, 0.000, 23.16
1, 0, -0.797, 0.000, 0.000, 0.000, -0.248, -2.170, 1.114, 4.315, -4.566, 2.351, -0.000, 23.01
1, 0, -0.605, 0.000, 0.000, 0.000, -0.199, -1.750, 1.046, 4.155, -4.952, 2.306, -0.000, 22.85
1, 0, -0.446, 0.000, 0.000, 0.000, -0.154, -1.364, 0.986, 4.030, -5.343, 2.291, 0.000, 22.70
1, 0, -0.311, 0.000, 0.000, 0.000, -0.113, -1.002, 0.934, 3.931, -5.736, 2.297, 0.000, 22.55
1, 0, -0.204, 0.000, 0.000, 0.000, -0.076, -0.675, 0.887, 3.850, -5.908, 2.126, 0.000, 22.40
1, 0, -0.109, 0.000, 0.000, 0.000, -0.042, -0.375, 0.845, 3.783, -6.308, 2.206, -0.000, 22.26
1, 0, -0.094, 0.000, 0.000, 0.000, -0.036, -0.334, 0.842, 4.566, -6.274, 1.330, 0.000, 22.17
1, 0, -0.086, 0.000, 0.000, 0.000, -0.032, -0.295, 1.022, 4.600, -6.023, 0.814, 0.000, 22.11
1, 0, -0.119, 0.000, 0.000, 0.000, -0.041, -0.371, 1.530, 4.622, -5.569, -0.051, 0.000, 22.12
1, 0, -0.243, 0.000, 0.000, 0.000, -0.073, -0.620, 2.600, 4.636, -4.710, -1.589, 0.000, 22.22
1, 0, -0.440, 0.000, 0.000, 0.000, -0.120, -0.994, 2.793, 4.646, -4.090, -1.795, -0.000, 22.34
1, 0, -0.565, 0.000, 0.000, 0.000, -0.152, -1.309, 2.296, 4.652, -4.111, -0.811, 0.000, 22.40
1, 0, -0.781, 0.000, 0.000, 0.000, -0.186, -1.456, 3.404, 4.656, -3.720, -1.919, 0.000, 22.53
1, 0, -1.235, -0.000, 0.000, 0.000, -0.250, -1.624, 4.919, 4.659, -3.362, -3.107, 0.000, 22.73
1, 0, -1.577, -0.000, 0.000, 0.000, -0.304, -1.971, 4.635, 4.660, -2.990, -2.453, 0.000, 22.90
1, 0, -1.696, -0.000, 0.000, 0.000, -0.327, -2.289, 3.923, 4.660, -2.811, -1.461, 0.000, 22.99
1, 0, -1.625, -0.000, 0.000, 0.000, -0.332, -2.503, 3.312, 4.660, -3.039, -0.473, 0.000, 23.03
1, 0, -1.533, -0.000, 0.000, 0.000, -0.337, -2.721, 2.659, 5.497, -3.263, -0.302, -0.000, 23.05
1, 0, -1.541, -0.000, 0.000, 0.000, -0.371, -3.147, 2.179, 7.675, -3.726, -1.069, 0.000, 23.12
1, 0, -1.463, -0.000, 0.000, 0.000, -0.385, -3.382, 1.788, 7.943, -4.174, -0.328, -0.000, 23.14
1, 0, -1.388, -0.000, 0.000, 0.000, -0.387, -3.469, 1.540, 8.153, -4.396, -0.053, 0.000, 23.14
1, 0, -1.308, -0.000, 0.000, 0.000, -0.390, -3.428, 1.383, 8.325, -4.834, 0.253, -0.000, 23.13
1, 0, -1.096, -0.000, 0.000, 0.000, -0.341, -3.008, 1.268, 6.373, -5.011, 1.815, -0.000, 23.00
1, 0, -0.826, 0.000, 0.000, 0.000, -0.266, -2.357, 1.174, 4.612, -5.162, 2.826, -0.000, 22.82
1, 0, -0.625, 0.000, 0.000, 0.000, -0.207, -1.840, 1.096, 4.394, -5.323, 2.504, 0.000, 22.65
1, 0, -0.456, 0.000, 0.000, 0.000, -0.157, -1.403, 1.029, 4.231, -5.712, 2.468, 0.000, 22.48
1, 0, -0.323, 0.000, 0.000, 0.000, -0.114, -1.019, 0.971, 4.104, -5.881, 2.261, 0.000, 22.33
1, 0, -0.216, 0.000, 0.000, 0.000, -0.077, -0.694, 0.920, 4.002, -6.054, 2.119, 0.000, 22.19
1, 0, -0.118, 0.000, 0.000, 0.000, -0.044, -0.393, 0.874, 3.918, -6.455, 2.218, -0.000, 22.04
1, 0, -0.033, 0.000, 0.000, 0.000, -0.012, -0.112, 0.832, 3.849, -6.631, 2.107, 0.000, 21.90
1, 0, 0.014, 0.000, 0.000, 0.000, 0.005, 0.047, 0.830, 3.859, -6.583, 1.828, -0.000, 21.78
1, 0, 0.051, 0.000, 0.000, 0.000, 0.018, 0.171, 1.056, 3.815, -6.321, 1.209, 0.000, 21.70
1, 0, 0.043, 0.000, 0.000, 0.000, 0.014, 0.132, 1.491, 3.776, -5.630, 0.174, 0.000, 21.69
1, 0, -0.003, 0.000, 0.000, 0.000, -0.001, -0.010, 1.691, 3.741, -5.403, -0.013, 0.000, 21.69
1, 0, -0.098, 0.000, 0.000, 0.000, -0.028, -0.238, 2.716, 3.708, -4.762, -1.299, -0.000, 21.78
1, 0, -0.296, 0.000, 0.000, 0.000, -0.074, -0.598, 3.517, 3.679, -4.147, -2.080, -0.000, 21.92
1, 0, -0.567, 0.000, 0.000, 0.000, -0.127, -0.980, 3.907, 3.652, -3.547, -2.338, 0.000, 22.07
1, 0, -0.897, 0.000, 0.000, 0.000, -0.181, -1.297, 4.480, 3.626, -3.175, -2.555, -0.000, 22.24
1, 0, -1.146, -0.000, 0.000, 0.000, -0.226, -1.653, 4.112, 3.859, -3.007, -1.938, 0.000, 22.37
1, 0, -1.349, -0.000, 0.000, 0.000, -0.257, -1.845, 4.095, 3.861, -2.833, -1.671, -0.000, 22.48
1, 0, -1.351, -0.000, 0.000, 0.000, -0.271, -2.066, 3.529, 3.860, -3.066, -0.635, 0.000, 22.53
1, 0, -1.393, -0.000, 0.000, 0.000, -0.288, -2.257, 3.166, 4.694, -3.087, -0.835, 0.000, 22.58
1, 0, -1.449, -0.000, 0.000, 0.000, -0.329, -2.753, 2.493, 6.866, -3.554, -1.274, -0.000, 22.67
1, 0, -1.379, -0.000, 0.000, 0.000, -0.343, -3.014, 1.917, 7.129, -4.001, -0.309, -0.000, 22.69
1, 0, -1.307, -0.000, 0.000, 0.000, -0.345, -3.091, 1.632, 7.333, -4.221, -0.000, -0.000, 22.69
1, 0, -1.226, -0.000, 0.000, 0.000, -0.345, -3.041, 1.458, 7.498, -4.657, 0.313, -0.000, 22.67
1, 0, -1.042, -0.000, 0.000, 0.000, -0.306, -2.710, 1.332, 6.051, -4.841, 1.517, -0.000, 22.56
1, 0, -0.769, 0.000, 0.000, 0.000, -0.239, -2.120, 1.229, 4.335, -5.219, 2.783, -0.000, 22.38
1, 0, -0.568, 0.000, 0.000, 0.000, -0.182, -1.625, 1.144, 4.149, -5.381, 2.463, 0.000, 22.21
1, 0, -0.415, 0.000, 0.000, 0.000, -0.136, -1.221, 1.072, 4.011, -5.549, 2.239, 0.000, 22.07
1, 0, -0.283, 0.000, 0.000, 0.000, -0.097, -0.867, 1.009, 3.903, -5.945, 2.278, 0.000, 21.91
1, 0, -0.174, 0.000, 0.000, 0.000, -0.061, -0.546, 0.955, 3.817, -6.119, 2.127, 0.000, 21.77
1, 0, -0.077, 0.000, 0.000, 0.000, -0.028, -0.250, 0.906, 3.747, -6.521, 2.222, 0.000, 21.62
1, 0, 0.008, 0.000, 0.000, 0.000, 0.003, 0.025, 0.862, 3.689, -6.697, 2.110, 0.000, 21.48
1, 0, 0.058, 0.000, 0.000, 0.000, 0.021, 0.197, 0.858, 3.709, -6.650, 1.806, 0.000, 21.36
1, 0, 0.093, 0.000, 0.000, 0.000, 0.031, 0.288, 1.259, 3.673, -5.943, 0.598, -0.000, 21.32
1, 0, 0.040, 0.000, 0.000, 0.000, 0.013, 0.113, 1.861, 3.641, -5.271, -0.397, 0.000, 21.35
1, 0, -0.082, 0.000, 0.000, 0.000, -0.023, -0.194, 2.623, 3.613, -4.412, -1.525, 0.000, 21.45
1, 0, -0.293, 0.000, 0.000, 0.000, -0.072, -0.582, 3.359, 3.587, -3.804, -2.195, -0.000, 21.60
1, 0, -0.615, 0.000, 0.000, 0.000, -0.131, -0.970, 4.231, 3.563, -3.220, -2.859, 0.000, 21.79
1, 0, -1.072, 0.000, 0.000, 0.000, -0.198, -1.306, 4.939, 3.540, -2.652, -3.251, -0.000, 22.00
1, 0, -1.590, -0.000, 0.000, 0.000, -0.263, -1.564, 5.339, 3.520, -2.302, -3.140, 0.000, 22.21
1, 0, -2.026, -0.000, 0.000, 0.000, -0.317, -1.817, 5.116, 3.757, -1.945, -2.768, -0.000, 22.40
1, 0, -2.273, -0.000, 0.000, 0.000, -0.353, -2.035, 4.925, 3.763, -1.996, -2.031, 0.000, 22.53
1, 0, -2.459, -0.000, 0.000, 0.000, -0.375, -2.147, 4.686, 3.765, -1.825, -1.644, 0.000, 22.64
1, 0, -2.395, -0.000, 0.000, 0.000, -0.395, -2.545, 4.011, 4.603, -2.067, -1.212, -0.000, 22.72
1, 0, -2.310, -0.000, 0.000, 0.000, -0.431, -3.172, 3.185, 6.779, -2.533, -1.519, -0.000, 22.83
1, 0, -2.054, -0.000, 0.000, 0.000, -0.440, -3.562, 2.523, 7.046, -3.188, -0.325, 0.000, 22.85
1, 0, -1.813, -0.000, 0.000, 0.000, -0.434, -3.696, 2.030, 7.253, -3.616, 0.276, 0.000, 22.83
1, 0, -1.637, -0.000, 0.000, 0.000, -0.428, -3.616, 1.807, 7.421, -4.043, 0.496, -0.000, 22.80
1, 0, -1.348, -0.000, 0.000, 0.000, -0.382, -3.268, 1.642, 5.977, -4.438, 1.816, 0.000, 22.67
1, 0, -1.004, -0.000, 0.000, 0.000, -0.305, -2.640, 1.510, 4.263, -4.807, 2.984, 0.000, 22.48
1, 0, -0.727, 0.000, 0.000, 0.000, -0.239, -2.090, 1.400, 4.081, -5.405, 2.980, -0.000, 22.28
1, 0, -0.517, 0.000, 0.000, 0.000, -0.180, -1.582, 1.308, 3.945, -5.786, 2.811, 0.000, 22.09
1, 0, -0.349, 0.000, 0.000, 0.000, -0.128, -1.128, 1.230, 3.840, -6.172, 2.708, 0.000, 21.91
1, 0, -0.212, 0.000, 0.000, 0.000, -0.080, -0.715, 1.161, 3.757, -6.563, 2.653, 0.000, 21.73
1, 0, -0.095, 0.000, 0.000, 0.000, -0.037, -0.332, 1.101, 3.689, -6.958, 2.632, 0.000, 21.56
1, 0, 0.008, 0.000, 0.000, 0.000, 0.003, 0.028, 1.046, 3.633, -7.356, 2.637, 0.000, 21.38
1, 0, 0.086, 0.000, 0.000, 0.000, 0.034, 0.319, 1.069, 3.655, -7.300, 2.136, 0.000, 21.24
1, 0, 0.133, 0.000, 0.000, 0.000, 0.050, 0.451, 1.498, 3.621, -6.579, 0.825, 0.000, 21.18
1, 0, 0.095, 0.000, 0.000, 0.000, 0.033, 0.292, 1.998, 3.592, -5.892, -0.118, 0.000, 21.19
1, 0, -0.014, 0.000, 0.000, 0.000, -0.004, -0.035, 2.956, 3.565, -5.021, -1.447, 0.000, 21.29
1, 0, -0.201, 0.000, 0.000, 0.000, -0.055, -0.450, 3.430, 3.541, -4.397, -1.868, 0.000, 21.41
1, 0, -0.415, 0.000, 0.000, 0.000, -0.104, -0.833, 3.667, 3.518, -4.001, -1.834, 0.000, 21.53
1, 0, -0.601, 0.000, 0.000, 0.000, -0.143, -1.143, 3.674, 3.498, -3.818, -1.467, 0.000, 21.63
1, 0, -0.727, 0.000, 0.000, 0.000, -0.170, -1.361, 3.628, 3.479, -3.843, -1.006, 0.000, 21.70
1, 0, -0.837, 0.000, 0.000, 0.000, -0.193, -1.539, 3.689, 3.717, -3.868, -0.968, -0.000, 21.76
1, 0, -0.910, 0.000, 0.000, 0.000, -0.210, -1.670, 3.667, 3.726, -3.886, -0.717, -0.000, 21.81
1, 0, -0.927, 0.000, 0.000, 0.000, -0.218, -1.767, 3.382, 3.729, -3.894, -0.304, -0.000, 21.83
1, 0, -0.963, 0.000, 0.000, 0.000, -0.235, -1.941, 3.148, 4.568, -4.126, -0.451, -0.000, 21.86
1, 0, -1.082, -0.000, 0.000, 0.000, -0.279, -2.389, 2.640, 6.746, -4.380, -1.256, 0.000, 21.95
1, 0, -1.072, -0.000, 0.000, 0.000, -0.297, -2.646, 2.080, 7.013, -4.833, -0.246, 0.000, 21.96
1, 0, -1.007, 0.000, 0.000, 0.000, -0.299, -2.720, 1.697, 7.222, -5.273, 0.381, -0.000, 21.94
1, 0, -0.937, 0.000, 0.000, 0.000, -0.293, -2.612, 1.523, 7.391, -5.710, 0.638, -0.000, 21.89
1, 0, -0.759, 0.000, 0.000, 0.000, -0.249, -2.227, 1.397, 5.949, -6.114, 2.004, 0.000, 21.76
1, 0, -0.508, 0.000, 0.000, 0.000, -0.174, -1.562, 1.294, 4.236, -6.491, 3.205, 0.000, 21.55
1, 0, -0.312, 0.000, 0.000, 0.000, -0.111, -0.998, 1.207, 4.054, -6.875, 3.035, -0.000, 21.34
1, 0, -0.161, 0.000, 0.000, 0.000, -0.058, -0.527, 1.134, 3.920, -7.036, 2.730, 0.000, 21.16
1, 0, -0.036, 0.000, 0.000, 0.000, -0.013, -0.122, 1.070, 3.816, -7.433, 2.719, -0.000, 20.98
1, 0, 0.069, 0.000, 0.000, 0.000, 0.026, 0.233, 1.014, 3.733, -7.601, 2.527, 0.000, 20.81
1, 0, 0.156, 0.000, 0.000, 0.000, 0.059, 0.533, 0.963, 3.666, -7.774, 2.397, 0.000, 20.65
1, 0, 0.234, 0.000, 0.000, 0.000, 0.090, 0.817, 0.918, 3.611, -8.183, 2.512, 0.000, 20.49
1, 0, 0.386, 0.000, 0.000, 0.000, 0.147, 1.381, 0.912, 3.634, -8.138, 1.678, -0.000, 20.37
1, 0, 0.410, 0.000, 0.000, 0.000, 0.149, 1.400, 1.136, 3.601, -7.638, 0.942, 0.000, 20.31
1, 0, 0.389, 0.000, 0.000, 0.000, 0.132, 1.211, 1.792, 3.572, -6.937, -0.159, 0.000, 20.32
1, 0, 0.303, 0.000, 0.000, 0.000, 0.094, 0.840, 2.556, 3.546, -6.268, -1.071, 0.000, 20.39
1, 0, 0.156, 0.000, 0.000, 0.000, 0.045, 0.391, 2.967, 3.523, -5.618, -1.463, 0.000, 20.49
1, 0, -0.050, 0.000, 0.000, 0.000, -0.013, -0.106, 3.919, 3.501, -4.996, -2.255, 0.000, 20.64
1, 0, -0.370, 0.000, 0.000, 0.000, -0.084, -0.644, 5.080, 3.481, -4.402, -3.061, -0.000, 20.85
1, 0, -0.727, 0.000, 0.000, 0.000, -0.155, -1.145, 5.329, 3.463, -4.027, -2.739, 0.000, 21.03
1, 0, -0.965, 0.000, 0.000, 0.000, -0.204, -1.566, 4.703, 3.702, -3.853, -1.817, -0.000, 21.15
1, 0, -1.110, 0.000, 0.000, 0.000, -0.231, -1.794, 4.432, 3.711, -3.667, -1.341, 0.000, 21.24
1, 0, -1.104, 0.000, 0.000, 0.000, -0.240, -1.959, 3.734, 3.715, -3.893, -0.252, -0.000, 21.26
1, 0, -1.063, 0.000, 0.000, 0.000, -0.248, -2.103, 3.125, 4.555, -4.335, 0.069, 0.000, 21.25
1, 0, -1.124, 0.000, 0.000, 0.000, -0.280, -2.446, 2.663, 6.733, -4.801, -0.745, -0.000, 21.30
1, 0, -1.085, 0.000, 0.000, 0.000, -0.290, -2.611, 2.129, 7.001, -5.249, 0.104, 0.000, 21.29
1, 0, -1.026, 0.000, 0.000, 0.000, -0.287, -2.632, 1.789, 7.210, -5.465, 0.411, 0.000, 21.27
1, 0, -0.955, 0.000, 0.000, 0.000, -0.281, -2.518, 1.605, 7.379, -5.903, 0.672, -0.000, 21.22
1, 0, -0.786, 0.000, 0.000, 0.000, -0.239, -2.145, 1.470, 5.938, -6.084, 1.846, 0.000, 21.10
1, 0, -0.545, 0.000, 0.000, 0.000, -0.170, -1.530, 1.360, 4.225, -6.239, 2.899, 0.000, 20.90
1, 0, -0.362, 0.000, 0.000, 0.000, -0.115, -1.041, 1.267, 4.044, -6.401, 2.608, 0.000, 20.73
1, 0, -0.219, 0.000, 0.000, 0.000, -0.071, -0.641, 1.189, 3.910, -6.570, 2.402, 0.000, 20.57
1, 0, -0.095, 0.000, 0.000, 0.000, -0.032, -0.286, 1.121, 3.806, -6.971, 2.456, 0.000, 20.41
1, 0, 0.011, 0.000, 0.000, 0.000, 0.004, 0.033, 1.062, 3.724, -7.144, 2.310, 0.000, 20.25
1, 0, 0.100, 0.000, 0.000, 0.000, 0.034, 0.309, 1.008, 3.658, -7.320, 2.212, -0.000, 20.11
1, 0, 0.176, 0.000, 0.000, 0.000, 0.061, 0.552, 0.960, 3.603, -7.499, 2.147, 0.000, 19.96
1, 1, 0.183, 0.000, 0.000, 0.000, 0.062, 0.588, 0.970, 3.626, -7.514, -0.565, -2.650, 20.00
1, 1, 0.181, 0.000, 0.000, 0.000, 0.058, 0.532, 1.474, 3.594, -6.810, 0.000, -0.972, 20.00
1, 0, 0.164, 0.000, 0.000, 0.000, 0.049, 0.450, 1.999, 3.565, -6.117, -0.110, -0.000, 20.01
1, 0, 0.067, 0.000, 0.000, 0.000, 0.018, 0.162, 2.778, 3.539, -5.236, -1.329, 0.000, 20.10
1, 0, -0.141, 0.000, 0.000, 0.000, -0.034, -0.288, 3.686, 3.516, -4.396, -2.343, 0.000, 20.25
1, 0, -0.474, 0.000, 0.000, 0.000, -0.103, -0.798, 4.681, 3.495, -3.806, -2.995, 0.000, 20.45
1, 0, -0.826, 0.000, 0.000, 0.000, -0.168, -1.279, 4.797, 3.475, -3.431, -2.568, 0.000, 20.62
1, 0, -1.141, 0.000, 0.000, 0.000, -0.218, -1.616, 4.940, 3.457, -3.054, -2.368, 0.000, 20.78
1, 0, -1.420, -0.000, 0.000, 0.000, -0.263, -1.906, 4.986, 3.696, -2.892, -2.202, -0.000, 20.93
1, 0, -1.539, -0.000, 0.000, 0.000, -0.288, -2.161, 4.535, 3.705, -2.926, -1.325, -0.000, 21.02
1, 0, -1.564, -0.000, 0.000, 0.000, -0.299, -2.295, 4.159, 3.710, -2.945, -0.764, -0.000, 21.07
1, 0, -1.573, -0.000, 0.000, 0.000, -0.315, -2.500, 3.735, 4.550, -3.181, -0.715, -0.000, 21.11
1, 0, -1.617, -0.000, 0.000, 0.000, -0.352, -2.958, 2.997, 6.728, -3.649, -1.149, -0.000, 21.19
1, 0, -1.535, -0.000, 0.000, 0.000, -0.363, -3.183, 2.365, 6.996, -4.095, -0.185, -0.000, 21.20
1, 0, -1.389, -0.000, 0.000, 0.000, -0.359, -3.234, 1.953, 7.205, -4.749, 0.573, -0.000, 21.17
1, 0, -1.266, -0.000, 0.000, 0.000, -0.349, -3.083, 1.749, 7.375, -5.180, 0.754, -0.000, 21.12
1, 0, -1.034, 0.000, 0.000, 0.000, -0.301, -2.678, 1.597, 5.933, -5.580, 2.062, -0.000, 20.98
1, 0, -0.734, 0.000, 0.000, 0.000, -0.225, -2.007, 1.474, 4.221, -5.953, 3.223, 0.000, 20.76
1, 0, -0.489, 0.000, 0.000, 0.000, -0.159, -1.424, 1.372, 4.040, -6.561, 3.221, 0.000, 20.55
1, 0, -0.305, 0.000, 0.000, 0.000, -0.102, -0.915, 1.286, 3.906, -6.718, 2.848, 0.000, 20.36
1, 0, -0.155, 0.000, 0.000, 0.000, -0.053, -0.482, 1.211, 3.803, -7.112, 2.789, -0.000, 20.17
1, 0, -0.027, 0.000, 0.000, 0.000, -0.009, -0.086, 1.146, 3.720, -7.509, 2.765, 0.000, 19.99
1, 0, 0.087, 0.000, 0.000, 0.000, 0.032, 0.285, 1.088, 3.654, -7.910, 2.765, 0.000, 19.80
1, 0, 0.189, 0.000, 0.000, 0.000, 0.070, 0.637, 1.035, 3.600, -8.314, 2.783, 0.000, 19.62
1, 1, -0.284, 0.000, 0.000, 0.000, -0.105, -0.988, 1.041, 4.392, -8.467, -5.729, -10.140, 20.00
1, 1, -0.282, 0.000, 0.000, 0.000, -0.098, -0.901, 1.584, 4.436, -7.751, 0.000, -3.013, 20.00
1, 1, -0.254, 0.000, 0.000, 0.000, -0.081, -0.724, 2.406, 4.466, -6.577, 0.000, -0.763, 20.00
1, 0, -0.308, 0.000, 0.000, 0.000, -0.088, -0.758, 3.325, 4.488, -5.680, -0.979, 0.000, 20.07
1, 0, -0.521, 0.000, 0.000, 0.000, -0.132, -1.067, 4.381, 4.504, -4.833, -2.333, 0.000, 20.22
1, 0, -0.935, 0.000, 0.000, 0.000, -0.204, -1.496, 5.570, 4.517, -4.026, -3.426, 0.000, 20.45
1, 0, -1.478, -0.000, 0.000, 0.000, -0.287, -1.910, 6.337, 4.527, -3.460, -3.729, -0.000, 20.70
1, 0, -2.037, -0.000, 0.000, 0.000, -0.361, -2.251, 6.564, 4.535, -2.895, -3.555, 0.000, 20.93
1, 0, -2.346, -0.000, 0.000, 0.000, -0.411, -2.601, 6.143, 4.541, -2.744, -2.582, -0.000, 21.11
1, 0, -2.523, -0.000, 0.000, 0.000, -0.435, -2.821, 5.725, 4.546, -2.576, -1.915, -0.000, 21.23
1, 0, -2.493, -0.000, 0.000, 0.000, -0.447, -3.032, 5.273, 4.550, -2.818, -1.033, -0.000, 21.30
1, 0, -2.369, -0.000, 0.000, 0.000, -0.453, -3.323, 4.486, 5.392, -3.053, -0.680, 0.000, 21.35
1, 0, -2.245, -0.000, 0.000, 0.000, -0.480, -3.832, 3.609, 7.574, -3.732, -0.893, -0.000, 21.41
1, 0, -2.012, -0.000, 0.000, 0.000, -0.478, -4.058, 2.878, 7.846, -4.390, 0.215, -0.000, 21.39
1, 0, -1.792, -0.000, 0.000, 0.000, -0.463, -4.062, 2.366, 8.060, -4.819, 0.710, -0.000, 21.35
1, 0, -1.625, -0.000, 0.000, 0.000, -0.448, -3.876, 2.117, 8.235, -5.248, 0.846, -0.000, 21.29
1, 0, -1.318, -0.000, 0.000, 0.000, -0.385, -3.359, 1.930, 6.286, -5.637, 2.483, 0.000, 21.12
1, 0, -0.963, 0.000, 0.000, 0.000, -0.296, -2.601, 1.779, 4.529, -6.002, 3.554, -0.000, 20.89
1, 0, -0.691, 0.000, 0.000, 0.000, -0.222, -1.962, 1.654, 4.315, -6.377, 3.284, 0.000, 20.67
1, 0, -0.487, 0.000, 0.000, 0.000, -0.161, -1.426, 1.548, 4.155, -6.532, 2.904, 0.000, 20.48
1, 0, -0.329, 0.000, 0.000, 0.000, -0.111, -0.987, 1.457, 4.030, -6.695, 2.635, -0.000, 20.30
1, 0, -0.202, 0.000, 0.000, 0.000, -0.069, -0.618, 1.377, 3.931, -6.864, 2.446, 0.000, 20.14
1, 0, -0.090, 0.000, 0.000, 0.000, -0.031, -0.282, 1.307, 3.850, -7.266, 2.513, 0.000, 19.97
1, 0, 0.009, 0.000, 0.000, 0.000, 0.003, 0.029, 1.243, 3.783, -7.439, 2.371, 0.000, 19.81
1, 1, -0.227, 0.000, 0.000, 0.000, -0.080, -0.741, 1.239, 4.566, -7.514, -2.834, -5.591, 20.00
1, 1, -0.231, 0.000, 0.000, 0.000, -0.076, -0.692, 1.725, 4.600, -6.810, 0.000, -1.484, 20.00
1, 0, -0.236, 0.000, 0.000, 0.000, -0.072, -0.637, 2.451, 4.622, -5.890, -0.238, -0.000, 20.02
1, 0, -0.368, 0.000, 0.000, 0.000, -0.101, -0.863, 3.248, 4.636, -5.018, -1.535, 0.000, 20.12
1, 0, -0.646, 0.000, 0.000, 0.000, -0.156, -1.248, 4.271, 4.646, -4.190, -2.677, -0.000, 20.30
1, 0, -1.073, 0.000, 0.000, 0.000, -0.228, -1.669, 5.259, 4.652, -3.611, -3.331, -0.000, 20.52
1, 0, -1.581, -0.000, 0.000, 0.000, -0.301, -2.047, 5.781, 4.656, -3.042, -3.466, 0.000, 20.75
1, 0, -2.051, -0.000, 0.000, 0.000, -0.364, -2.363, 5.930, 4.659, -2.687, -3.124, -0.000, 20.96
1, 0, -2.320, -0.000, 0.000, 0.000, -0.405, -2.658, 5.585, 4.660, -2.530, -2.331, -0.000, 21.11
1, 0, -2.437, -0.000, 0.000, 0.000, -0.427, -2.869, 5.271, 4.660, -2.571, -1.627, -0.000, 21.22
1, 0, -2.433, -0.000, 0.000, 0.000, -0.436, -3.021, 4.870, 4.660, -2.598, -1.041, -0.000, 21.29
1, 0, -2.363, -0.000, 0.000, 0.000, -0.448, -3.283, 4.313, 5.497, -2.836, -0.880, 0.000, 21.35
1, 0, -2.225, -0.000, 0.000, 0.000, -0.476, -3.847, 3.324, 7.675, -3.514, -0.936, -0.000, 21.41
1, 0, -2.036, -0.000, 0.000, 0.000, -0.478, -4.065, 2.658, 7.943, -3.956, -0.066, 0.000, 21.42
1, 0, -1.847, -0.000, 0.000, 0.000, -0.469, -4.106, 2.262, 8.153, -4.389, 0.395, -0.000, 21.39
1, 0, -1.725, -0.000, 0.000, 0.000, -0.460, -3.967, 2.035, 8.325, -4.602, 0.394, 0.000, 21.36
1, 0, -1.483, -0.000, 0.000, 0.000, -0.406, -3.520, 1.865, 6.373, -4.558, 1.729, -0.000, 21.25
1, 0, -1.168, -0.000, 0.000, 0.000, -0.331, -2.884, 1.726, 4.612, -4.710, 2.755, 0.000, 21.07
1, 0, -0.929, 0.000, 0.000, 0.000, -0.271, -2.371, 1.610, 4.394, -4.872, 2.438, 0.000, 20.90
1, 0, -0.757, 0.000, 0.000, 0.000, -0.223, -1.959, 1.511, 4.231, -4.820, 2.016, 0.000, 20.77
1, 0, -0.629, 0.000, 0.000, 0.000, -0.186, -1.642, 1.426, 4.104, -4.776, 1.705, -0.000, 20.65
1, 0, -0.532, 0.000, 0.000, 0.000, -0.158, -1.395, 1.350, 4.002, -4.738, 1.471, 0.000, 20.56
1, 0, -0.457, 0.000, 0.000, 0.000, -0.135, -1.199, 1.283, 3.918, -4.704, 1.294, 0.000, 20.47
1, 0, -0.397, 0.000, 0.000, 0.000, -0.117, -1.041, 1.222, 3.849, -4.674, 1.158, 0.000, 20.39
1, 0, -0.298, 0.000, 0.000, 0.000, -0.086, -0.789, 1.202, 3.859, -4.436, 0.548, 0.000, 20.36
1, 0, -0.290, 0.000, 0.000, 0.000, -0.083, -0.763, 1.246, 3.815, -4.423, 0.500, 0.000, 20.32
1, 0, -0.301, 0.000, 0.000, 0.000, -0.084, -0.766, 1.396, 3.776, -4.196, 0.175, 0.000, 20.31
1, 0, -0.349, 0.000, 0.000, 0.000, -0.093, -0.833, 1.815, 3.741, -3.981, -0.300, 0.000, 20.33
1, 0, -0.458, 0.000, 0.000, 0.000, -0.114, -0.989, 2.396, 3.708, -3.564, -0.979, 0.000, 20.40
1, 0, -0.598, 0.000, 0.000, 0.000, -0.141, -1.207, 2.520, 3.679, -3.153, -1.100, 0.000, 20.47
1, 0, -0.684, 0.000, 0.000, 0.000, -0.160, -1.386, 2.347, 3.652, -3.169, -0.600, 0.000, 20.51
1, 0, -0.742, 0.000, 0.000, 0.000, -0.170, -1.481, 2.221, 3.626, -2.963, -0.490, 0.000, 20.54
1, 0, -0.792, 0.000, 0.000, 0.000, -0.182, -1.589, 2.119, 3.859, -2.974, -0.439, -0.000, 20.57
1, 0, -0.782, 0.000, 0.000, 0.000, -0.185, -1.637, 1.906, 3.861, -3.192, 0.028, 0.000, 20.57
1, 0, -0.733, 0.000, 0.000, 0.000, -0.178, -1.610, 1.486, 3.860, -3.183, 0.358, -0.000, 20.55
1, 0, -0.754, 0.000, 0.000, 0.000, -0.187, -1.691, 1.533, 4.694, -3.406, -0.188, 0.000, 20.56
1, 0, -0.915, 0.000, 0.000, 0.000, -0.233, -2.130, 1.444, 6.866, -3.661, -1.371, 0.000, 20.65
1, 0, -1.010, 0.000, 0.000, 0.000, -0.263, -2.424, 1.232, 7.129, -3.686, -0.977, -0.000, 20.72
1, 0, -1.051, 0.000, 0.000, 0.000, -0.282, -2.621, 1.091, 7.333, -3.921, -0.549, -0.000, 20.75
1, 0, -1.067, 0.000, 0.000, 0.000, -0.294, -2.673, 1.004, 7.498, -4.151, -0.316, -0.000, 20.77
1, 0, -0.969, 0.000, 0.000, 0.000, -0.270, -2.449, 0.942, 6.051, -4.130, 0.824, -0.000, 20.72
1, 0, -0.764, 0.000, 0.000, 0.000, -0.218, -1.977, 0.889, 4.335, -4.300, 2.035, -0.000, 20.58
1, 0, -0.603, 0.000, 0.000, 0.000, -0.176, -1.596, 0.842, 4.149, -4.476, 1.859, 0.000, 20.46
1, 0, -0.461, 0.000, 0.000, 0.000, -0.139, -1.266, 0.801, 4.011, -4.875, 1.930, -0.000, 20.33
1, 0, -0.333, 0.000, 0.000, 0.000, -0.104, -0.951, 0.763, 3.903, -5.276, 1.998, 0.000, 20.20
1, 0, -0.209, 0.000, 0.000, 0.000, -0.069, -0.629, 0.728, 3.817, -5.902, 2.263, 0.000, 20.05
1, 0, -0.096, 0.000, 0.000, 0.000, -0.033, -0.300, 0.696, 3.747, -6.303, 2.288, 0.000, 19.89
1, 0, 0.011, 0.000, 0.000, 0.000, 0.004, 0.036, 0.666, 3.689, -6.935, 2.528, 0.000, 19.72
1, 1, -0.329, 0.000, 0.000, 0.000, -0.118, -1.115, 0.692, 3.709, -7.044, -4.128, -8.332, 20.00
1, 1, -0.326, 0.000, 0.000, 0.000, -0.110, -1.017, 1.166, 3.673, -6.345, 0.000, -2.959, 20.00
1, 1, -0.339, 0.000, 0.000, 0.000, -0.109, -0.996, 1.640, 3.641, -5.884, 0.000, -2.046, 20.00
1, 0, -0.297, 0.000, 0.000, 0.000, -0.086, -0.754, 2.554, 3.613, -4.974, -0.057, 0.000, 20.00
1, 0, -0.387, 0.000, 0.000, 0.000, -0.102, -0.864, 3.147, 3.587, -4.327, -1.054, 0.000, 20.07
1, 0, -0.552, 0.000, 0.000, 0.000, -0.133, -1.099, 3.610, 3.563, -3.920, -1.469, 0.000, 20.17
1, 0, -0.870, 0.000, 0.000, 0.000, -0.184, -1.363, 4.810, 3.540, -3.325, -2.608, -0.000, 20.35
1, 0, -1.125, 0.000, 0.000, 0.000, -0.229, -1.734, 4.384, 3.520, -2.936, -1.879, -0.000, 20.47
1, 0, -1.301, -0.000, 0.000, 0.000, -0.263, -1.992, 4.286, 3.757, -2.974, -1.514, -0.000, 20.57
1, 0, -1.432, -0.000, 0.000, 0.000, -0.283, -2.144, 4.171, 3.763, -2.789, -1.285, -0.000, 20.66
1, 0, -1.434, -0.000, 0.000, 0.000, -0.294, -2.291, 3.840, 3.765, -3.021, -0.565, -0.000, 20.70
1, 0, -1.403, -0.000, 0.000, 0.000, -0.305, -2.493, 3.245, 4.603, -3.250, -0.398, -0.000, 20.72
1, 0, -1.445, -0.000, 0.000, 0.000, -0.341, -2.911, 2.665, 6.779, -3.715, -1.032, -0.000, 20.79
1, 0, -1.372, -0.000, 0.000, 0.000, -0.351, -3.124, 2.072, 7.046, -4.161, -0.111, -0.000, 20.80
1, 0, -1.264, -0.000, 0.000, 0.000, -0.348, -3.165, 1.698, 7.253, -4.596, 0.423, -0.000, 20.77
1, 0, -1.186, -0.000, 0.000, 0.000, -0.341, -3.041, 1.511, 7.421, -4.809, 0.446, -0.000, 20.74
1, 0, -0.988, 0.000, 0.000, 0.000, -0.299, -2.676, 1.375, 5.977, -5.213, 1.823, -0.000, 20.62
1, 0, -0.728, 0.000, 0.000, 0.000, -0.228, -2.043, 1.265, 4.263, -5.366, 2.836, -0.000, 20.43
1, 0, -0.521, 0.000, 0.000, 0.000, -0.169, -1.526, 1.174, 4.081, -5.752, 2.712, 0.000, 20.25
1, 0, -0.361, 0.000, 0.000, 0.000, -0.120, -1.084, 1.098, 3.945, -5.918, 2.440, 0.000, 20.09
1, 0, -0.235, 0.000, 0.000, 0.000, -0.080, -0.720, 1.032, 3.840, -6.089, 2.250, 0.000, 19.94
1, 0, -0.131, 0.000, 0.000, 0.000, -0.045, -0.410, 0.975, 3.757, -6.264, 2.119, 0.000, 19.79
1, 0, -0.045, 0.000, 0.000, 0.000, -0.015, -0.140, 0.925, 3.689, -6.443, 2.029, 0.000, 19.66
1, 0, 0.031, 0.000, 0.000, 0.000, 0.011, 0.099, 0.879, 3.633, -6.623, 1.970, 0.000, 19.53
1, 1, -0.555, 0.000, 0.000, 0.000, -0.191, -1.784, 0.963, 3.655, -6.577, -7.076, -11.564, 20.00
1, 1, -0.532, 0.000, 0.000, 0.000, -0.169, -1.514, 1.560, 3.621, -5.884, 0.000, -2.917, 20.00
1, 1, -0.519, 0.000, 0.000, 0.000, -0.152, -1.344, 2.194, 3.592, -4.972, 0.000, -1.202, 20.00
1, 0, -0.546, 0.000, 0.000, 0.000, -0.142, -1.196, 3.097, 3.565, -4.093, -0.684, -0.000, 20.05
1, 0, -0.796, 0.000, 0.000, 0.000, -0.176, -1.349, 4.200, 3.541, -3.051, -2.369, 0.000, 20.20
1, 0, -1.251, -0.000, 0.000, 0.000, -0.236, -1.604, 5.201, 3.518, -2.480, -3.149, -0.000, 20.41
1, 0, -1.811, -0.000, 0.000, 0.000, -0.300, -1.832, 5.659, 3.498, -1.919, -3.295, 0.000, 20.63
1, 0, -2.429, -0.000, 0.000, 0.000, -0.362, -1.939, 6.065, 3.479, -1.574, -3.239, 0.000, 20.85
1, 0, -2.861, -0.000, 0.000, 0.000, -0.408, -2.150, 5.709, 3.717, -1.221, -2.786, -0.000, 21.03
1, 0, -3.124, -0.000, 0.000, 0.000, -0.441, -2.295, 5.553, 3.726, -1.275, -2.144, 0.000, 21.18
1, 0, -3.140, -0.000, 0.000, 0.000, -0.455, -2.506, 5.099, 3.729, -1.310, -1.416, -0.000, 21.27
1, 0, -2.966, -0.000, 0.000, 0.000, -0.465, -2.908, 4.386, 4.568, -1.548, -1.067, -0.000, 21.34
1, 0, -2.829, -0.000, 0.000, 0.000, -0.495, -3.498, 3.591, 6.746, -2.011, -1.503, 0.000, 21.44
1, 0, -2.483, -0.000, 0.000, 0.000, -0.501, -3.943, 2.901, 7.013, -2.663, -0.324, 0.000, 21.47
1, 0, -2.165, -0.000, 0.000, 0.000, -0.490, -4.105, 2.291, 7.222, -3.088, 0.336, -0.000, 21.44
1, 0, -1.943, -0.000, 0.000, 0.000, -0.481, -4.015, 2.026, 7.391, -3.512, 0.534, -0.000, 21.41
1, 0, -1.612, -0.000, 0.000, 0.000, -0.433, -3.662, 1.839, 5.949, -3.905, 1.823, -0.000, 21.29
1, 0, -1.229, -0.000, 0.000, 0.000, -0.354, -3.036, 1.689, 4.236, -4.272, 2.966, -0.000, 21.09
1, 0, -0.939, 0.000, 0.000, 0.000, -0.289, -2.495, 1.566, 4.054, -4.648, 2.751, -0.000, 20.90
1, 0, -0.712, 0.000, 0.000, 0.000, -0.231, -2.017, 1.462, 3.920, -5.030, 2.610, -0.000, 20.73
1, 0, -0.543, 0.000, 0.000, 0.000, -0.182, -1.598, 1.374, 3.816, -5.196, 2.330, 0.000, 20.58
1, 0, -0.399, 0.000, 0.000, 0.000, -0.140, -1.231, 1.297, 3.733, -5.590, 2.330, 0.000, 20.42
1, 0, -0.284, 0.000, 0.000, 0.000, -0.101, -0.897, 1.229, 3.666, -5.763, 2.150, 0.000, 20.28
1, 0, -0.181, 0.000, 0.000, 0.000, -0.067, -0.592, 1.168, 3.611, -6.164, 2.224, 0.000, 20.13
1, 0, -0.041, 0.000, 0.000, 0.000, -0.015, -0.136, 1.238, 3.634, -5.902, 1.222, 0.000, 20.05
1, 0, -0.031, 0.000, 0.000, 0.000, -0.011, -0.098, 1.434, 3.601, -5.431, 0.535, 0.000, 20.01
1, 0, -0.078, 0.000, 0.000, 0.000, -0.025, -0.222, 1.905, 3.572, -4.761, -0.392, 0.000, 20.04
1, 0, -0.178, 0.000, 0.000, 0.000, -0.053, -0.460, 2.365, 3.546, -4.335, -0.884, 0.000, 20.10
1, 0, -0.287, 0.000, 0.000, 0.000, -0.081, -0.705, 2.436, 3.523, -4.132, -0.755, 0.000, 20.15
1, 0, -0.376, 0.000, 0.000, 0.000, -0.102, -0.892, 2.398, 3.501, -3.925, -0.604, -0.000, 20.19
1, 0, -0.547, 0.000, 0.000, 0.000, -0.134, -1.090, 3.478, 3.481, -3.526, -1.663, -0.000, 20.30
1, 0, -0.900, 0.000, 0.000, 0.000, -0.191, -1.359, 4.792, 3.463, -2.942, -2.863, 0.000, 20.49
1, 0, -1.334, -0.000, 0.000, 0.000, -0.258, -1.719, 5.023, 3.702, -2.370, -3.044, -0.000, 20.69
1, 0, -1.792, -0.000, 0.000, 0.000, -0.319, -1.948, 5.297, 3.711, -2.015, -2.934, 0.000, 20.89
1, 0, -1.973, -0.000, 0.000, 0.000, -0.349, -2.286, 4.597, 3.715, -1.848, -1.856, 0.000, 21.01
1, 0, -1.974, -0.000, 0.000, 0.000, -0.371, -2.681, 3.812, 4.555, -2.093, -1.248, 0.000, 21.09
1, 0, -2.066, -0.000, 0.000, 0.000, -0.413, -3.182, 3.173, 6.733, -2.355, -1.889, 0.000, 21.22
1, 0, -1.948, -0.000, 0.000, 0.000, -0.430, -3.557, 2.513, 7.001, -2.806, -0.773, -0.000, 21.27
1, 0, -1.779, -0.000, 0.000, 0.000, -0.430, -3.717, 2.015, 7.210, -3.242, -0.057, -0.000, 21.28
1, 0, -1.644, -0.000, 0.000, 0.000, -0.428, -3.658, 1.799, 7.379, -3.675, 0.227, -0.000, 21.26
1, 0, -1.409, -0.000, 0.000, 0.000, -0.386, -3.326, 1.639, 5.938, -3.859, 1.403, -0.000, 21.17
1, 0, -1.086, -0.000, 0.000, 0.000, -0.316, -2.747, 1.510, 4.225, -4.235, 2.648, 0.000, 20.99
1, 0, -0.852, 0.000, 0.000, 0.000, -0.258, -2.254, 1.403, 4.044, -4.398, 2.314, 0.000, 20.84
1, 0, -0.658, 0.000, 0.000, 0.000, -0.209, -1.839, 1.313, 3.910, -4.787, 2.270, 0.000, 20.68
1, 0, -0.508, 0.000, 0.000, 0.000, -0.166, -1.470, 1.236, 3.806, -4.959, 2.061, -0.000, 20.55
1, 0, -0.378, 0.000, 0.000, 0.000, -0.129, -1.142, 1.168, 3.724, -5.357, 2.113, 0.000, 20.41
1, 0, -0.261, 0.000, 0.000, 0.000, -0.092, -0.822, 1.108, 3.658, -5.757, 2.166, 0.000, 20.26
1, 0, -0.164, 0.000, 0.000, 0.000, -0.059, -0.527, 1.054, 3.603, -5.933, 2.026, 0.000, 20.13
1, 0, -0.026, 0.000, 0.000, 0.000, -0.009, -0.086, 1.113, 3.626, -5.900, 1.283, -0.000, 20.04
1, 0, -0.012, 0.000, 0.000, 0.000, -0.004, -0.037, 1.406, 3.594, -5.430, 0.483, 0.000, 20.01
1, 0, -0.061, 0.000, 0.000, 0.000, -0.019, -0.174, 1.875, 3.565, -4.761, -0.425, 0.000, 20.04
1, 0, -0.209, 0.000, 0.000, 0.000, -0.058, -0.489, 2.899, 3.539, -3.913, -1.770, 0.000, 20.16
1, 0, -0.505, 0.000, 0.000, 0.000, -0.120, -0.923, 3.955, 3.516, -3.105, -2.819, -0.000, 20.34
1, 0, -1.015, 0.000, 0.000, 0.000, -0.198, -1.293, 5.093, 3.495, -2.333, -3.748, -0.000, 20.59
1, 0, -1.724, -0.000, 0.000, 0.000, -0.285, -1.544, 5.803, 3.475, -1.789, -3.936, 0.000, 20.86
1, 0, -2.230, -0.000, 0.000, 0.000, -0.345, -1.864, 5.457, 3.457, -1.441, -3.034, 0.000, 21.06
1, 0, -2.587, -0.000, 0.000, 0.000, -0.386, -2.094, 5.162, 3.696, -1.292, -2.499, -0.000, 21.22
1, 0, -2.682, -0.000, 0.000, 0.000, -0.405, -2.338, 4.716, 3.705, -1.334, -1.661, 0.000, 21.33
1, 0, -2.549, -0.000, 0.000, 0.000, -0.410, -2.581, 4.235, 3.710, -1.566, -0.839, 0.000, 21.39
1, 0, -2.453, -0.000, 0.000, 0.000, -0.423, -2.824, 3.872, 4.550, -1.802, -0.921, -0.000, 21.45
1, 0, -2.419, -0.000, 0.000, 0.000, -0.464, -3.337, 3.391, 6.728, -2.269, -1.630, 0.000, 21.56
1, 0, -2.172, -0.000, 0.000, 0.000, -0.474, -3.768, 2.703, 6.996, -2.714, -0.570, -0.000, 21.60
1, 0, -1.913, -0.000, 0.000, 0.000, -0.469, -3.956, 2.142, 7.205, -3.144, 0.135, -0.000, 21.59
1, 0, -1.731, -0.000, 0.000, 0.000, -0.464, -3.891, 1.902, 7.375, -3.572, 0.381, 0.000, 21.56
1, 0, -1.469, -0.000, 0.000, 0.000, -0.418, -3.545, 1.736, 5.933, -3.753, 1.516, -0.000, 21.46
1, 0, -1.130, -0.000, 0.000, 0.000, -0.344, -2.953, 1.600, 4.221, -4.125, 2.730, -0.000, 21.28
1, 0, -0.889, -0.000, 0.000, 0.000, -0.283, -2.444, 1.489, 4.040, -4.286, 2.374, -0.000, 21.12
1, 0, -0.708, 0.000, 0.000, 0.000, -0.233, -2.026, 1.394, 3.906, -4.454, 2.121, 0.000, 20.98
1, 0, -0.566, 0.000, 0.000, 0.000, -0.191, -1.674, 1.312, 3.803, -4.628, 1.944, -0.000, 20.85
1, 0, -0.451, 0.000, 0.000, 0.000, -0.156, -1.371, 1.241, 3.720, -4.805, 1.821, 0.000, 20.73
1, 0, -0.355, 0.000, 0.000, 0.000, -0.125, -1.103, 1.178, 3.654, -4.986, 1.737, 0.000, 20.61
1, 0, -0.273, 0.000, 0.000, 0.000, -0.098, -0.863, 1.121, 3.600, -5.168, 1.681, 0.000, 20.50
1, 0, -0.232, 0.000, 0.000, 0.000, -0.082, -0.755, 1.123, 4.392, -5.150, 0.704, -0.000, 20.46
1, 0, -0.263, 0.000, 0.000, 0.000, -0.088, -0.794, 1.473, 4.436, -4.700, -0.064, 0.000, 20.46
1, 0, -0.348, 0.000, 0.000, 0.000, -0.109, -0.967, 1.875, 4.466, -4.270, -0.647, 0.000, 20.50
1, 0, -0.492, 0.000, 0.000, 0.000, -0.140, -1.212, 2.260, 4.488, -3.637, -1.267, 0.000, 20.59
1, 0, -0.603, 0.000, 0.000, 0.000, -0.168, -1.464, 2.157, 4.504, -3.657, -0.770, 0.000, 20.64
1, 0, -0.707, 0.000, 0.000, 0.000, -0.188, -1.619, 2.329, 4.517, -3.459, -0.873, 0.000, 20.70
1, 0, -0.783, 0.000, 0.000, 0.000, -0.205, -1.763, 2.349, 4.527, -3.476, -0.649, -0.000, 20.74
1, 0, -0.806, 0.000, 0.000, 0.000, -0.212, -1.863, 2.034, 4.535, -3.481, -0.206, 0.000, 20.75
1, 0, -0.768, 0.000, 0.000, 0.000, -0.210, -1.884, 1.650, 4.541, -3.692, 0.363, 0.000, 20.73
1, 0, -0.772, 0.000, 0.000, 0.000, -0.207, -1.823, 2.024, 4.546, -3.694, -0.074, 0.000, 20.73
1, 0, -0.808, 0.000, 0.000, 0.000, -0.213, -1.839, 2.365, 4.550, -3.703, -0.353, 0.000, 20.76
1, 0, -0.902, 0.000, 0.000, 0.000, -0.235, -2.049, 2.204, 5.392, -3.506, -0.904, -0.000, 20.82
1, 0, -1.068, -0.000, 0.000, 0.000, -0.289, -2.578, 1.828, 7.574, -3.769, -1.698, -0.000, 20.93
1, 0, -1.127, -0.000, 0.000, 0.000, -0.318, -2.905, 1.423, 7.846, -4.014, -0.906, -0.000, 20.99
1, 0, -1.140, -0.000, 0.000, 0.000, -0.332, -3.078, 1.217, 8.060, -4.248, -0.479, -0.000, 21.02
1, 0, -1.122, -0.000, 0.000, 0.000, -0.342, -3.095, 1.104, 8.235, -4.697, -0.083, -0.000, 21.03
1, 0, -0.958, 0.000, 0.000, 0.000, -0.300, -2.718, 1.023, 6.286, -4.881, 1.549, 0.000, 20.93
1, 0, -0.707, 0.000, 0.000, 0.000, -0.231, -2.091, 0.956, 4.529, -5.260, 2.804, -0.000, 20.74
1, 0, -0.520, 0.000, 0.000, 0.000, -0.173, -1.573, 0.899, 4.315, -5.423, 2.475, -0.000, 20.57
1, 0, -0.374, 0.000, 0.000, 0.000, -0.127, -1.155, 0.849, 4.155, -5.592, 2.244, 0.000, 20.43
1, 0, -0.248, 0.000, 0.000, 0.000, -0.087, -0.791, 0.805, 4.030, -5.991, 2.282, 0.000, 20.27
1, 0, -0.143, 0.000, 0.000, 0.000, -0.051, -0.464, 0.766, 3.931, -6.165, 2.127, 0.000, 20.13
1, 0, -0.056, 0.000, 0.000, 0.000, -0.020, -0.184, 0.730, 3.850, -6.343, 2.024, 0.000, 20.00
1, 0, 0.024, 0.000, 0.000, 0.000, 0.009, 0.082, 0.697, 3.783, -6.752, 2.155, -0.000, 19.85
1, 1, -0.149, 0.000, 0.000, 0.000, -0.054, -0.514, 0.685, 4.566, -6.810, -2.213, -4.491, 20.00
1, 1, -0.178, 0.000, 0.000, 0.000, -0.062, -0.589, 0.891, 4.600, -6.345, 0.000, -1.683, 20.00
1, 1, -0.209, 0.000, 0.000, 0.000, -0.071, -0.661, 1.120, 4.622, -6.114, 0.000, -1.314, 20.00
1, 1, -0.238, 0.000, 0.000, 0.000, -0.077, -0.723, 1.286, 4.636, -5.884, 0.000, -1.000, 20.00
1, 1, -0.260, 0.000, 0.000, 0.000, -0.081, -0.755, 1.478, 4.646, -5.655, 0.000, -0.627, 20.00
1, 0, -0.286, 0.000, 0.000, 0.000, -0.084, -0.761, 2.050, 4.652, -5.208, -0.362, 0.000, 20.02
1, 0, -0.396, 0.000, 0.000, 0.000, -0.108, -0.948, 2.727, 4.656, -4.786, -1.146, 0.000, 20.10
1, 0, -0.526, 0.000, 0.000, 0.000, -0.137, -1.201, 2.865, 4.659, -4.589, -1.071, 0.000, 20.17
1, 0, -0.701, 0.000, 0.000, 0.000, -0.171, -1.441, 3.443, 4.660, -4.183, -1.606, 0.000, 20.28
1, 0, -0.828, 0.000, 0.000, 0.000, -0.199, -1.703, 3.094, 4.660, -3.987, -1.037, 0.000, 20.35
1, 0, -0.878, 0.000, 0.000, 0.000, -0.212, -1.847, 2.769, 4.660, -4.000, -0.490, 0.000, 20.38
1, 0, -0.953, 0.000, 0.000, 0.000, -0.233, -2.055, 2.475, 5.497, -4.018, -0.713, -0.000, 20.43
1, 0, -1.095, 0.000, 0.000, 0.000, -0.280, -2.549, 1.859, 7.675, -4.275, -1.334, -0.000, 20.52
1, 0, -1.113, 0.000, 0.000, 0.000, -0.301, -2.801, 1.414, 7.943, -4.733, -0.408, -0.000, 20.54
1, 0, -1.106, 0.000, 0.000, 0.000, -0.310, -2.817, 1.218, 8.153, -4.963, -0.177, 0.000, 20.56
1, 0, -1.064, 0.000, 0.000, 0.000, -0.311, -2.832, 1.100, 8.325, -5.411, 0.192, 0.000, 20.54
1, 0, -0.875, 0.000, 0.000, 0.000, -0.266, -2.431, 1.005, 6.373, -5.815, 2.009, -0.000, 20.41
1, 0, -0.620, 0.000, 0.000, 0.000, -0.194, -1.769, 0.928, 4.612, -5.966, 3.007, 0.000, 20.21
1, 0, -0.416, 0.000, 0.000, 0.000, -0.134, -1.229, 0.864, 4.394, -6.352, 2.872, 0.000, 20.02
1, 0, -0.247, 0.000, 0.000, 0.000, -0.082, -0.755, 0.810, 4.231, -6.743, 2.787, 0.000, 19.83
1, 0, -0.105, 0.000, 0.000, 0.000, -0.036, -0.330, 0.763, 4.104, -7.139, 2.742, -0.000, 19.65
1, 0, 0.019, 0.000, 0.000, 0.000, 0.007, 0.061, 0.722, 4.002, -7.539, 2.728, -0.000, 19.47
1, 0, 0.129, 0.000, 0.000, 0.000, 0.046, 0.426, 0.686, 3.918, -7.941, 2.735, 0.000, 19.28
1, 0, 0.228, 0.000, 0.000, 0.000, 0.084, 0.772, 0.653, 3.849, -8.346, 2.760, 0.000, 19.10
1, 1, -0.873, 0.000, 0.000, 0.000, -0.320, -3.043, 0.694, 3.859, -8.707, -13.489, -21.879, 20.00
1, 1, -0.861, 0.000, 0.000, 0.000, -0.303, -2.860, 1.036, 3.815, -8.227, 0.000, -7.400, 20.00
1, 1, -0.853, 0.000, 0.000, 0.000, -0.282, -2.625, 1.622, 3.776, -7.514, 0.000, -5.876, 20.00
1, 1, -0.836, 0.000, 0.000, 0.000, -0.252, -2.277, 2.514, 3.741, -6.577, 0.000, -3.688, 20.00
1, 1, -0.821, 0.000, 0.000, 0.000, -0.227, -1.988, 3.250, 3.708, -5.884, 0.000, -1.962, 20.00
1, 0, -0.822, 0.000, 0.000, 0.000, -0.201, -1.654, 4.378, 3.679, -4.983, -0.397, 0.000, 20.03
1, 0, -0.937, 0.000, 0.000, 0.000, -0.214, -1.709, 4.766, 3.652, -4.558, -0.999, 0.000, 20.09
1, 0, -1.164, 0.000, 0.000, 0.000, -0.244, -1.847, 5.316, 3.626, -3.934, -1.753, 0.000, 20.21
1, 0, -1.325, 0.000, 0.000, 0.000, -0.274, -2.115, 4.921, 3.859, -3.747, -1.319, 0.000, 20.30
1, 0, -1.392, 0.000, 0.000, 0.000, -0.289, -2.261, 4.629, 3.861, -3.767, -0.782, -0.000, 20.35
1, 0, -1.391, 0.000, 0.000, 0.000, -0.292, -2.329, 4.302, 3.860, -3.776, -0.373, -0.000, 20.37
1, 0, -1.321, 0.000, 0.000, 0.000, -0.297, -2.489, 3.557, 4.694, -4.218, 0.074, -0.000, 20.37
1, 0, -1.335, 0.000, 0.000, 0.000, -0.323, -2.830, 2.781, 6.866, -4.678, -0.481, 0.000, 20.40
1, 0, -1.252, 0.000, 0.000, 0.000, -0.325, -2.933, 2.205, 7.129, -5.121, 0.296, -0.000, 20.38
1, 0, -1.139, 0.000, 0.000, 0.000, -0.314, -2.885, 1.843, 7.333, -5.557, 0.718, -0.000, 20.33
1, 0, -1.047, 0.000, 0.000, 0.000, -0.300, -2.698, 1.627, 7.498, -5.768, 0.688, -0.000, 20.29
1, 0, -0.899, 0.000, 0.000, 0.000, -0.262, -2.363, 1.478, 6.051, -5.723, 1.717, 0.000, 20.17
1, 0, -0.661, 0.000, 0.000, 0.000, -0.197, -1.784, 1.358, 4.335, -5.878, 2.828, -0.000, 19.99
1, 0, -0.464, 0.000, 0.000, 0.000, -0.143, -1.296, 1.260, 4.149, -6.267, 2.761, 0.000, 19.80
1, 0, -0.315, 0.000, 0.000, 0.000, -0.098, -0.887, 1.177, 4.011, -6.206, 2.319, 0.000, 19.65
1, 0, -0.205, 0.000, 0.000, 0.000, -0.064, -0.578, 1.106, 3.903, -6.154, 1.991, -0.000, 19.51
1, 0, -0.121, 0.000, 0.000, 0.000, -0.038, -0.342, 1.044, 3.817, -6.108, 1.747, 0.000, 19.40
1, 0, -0.049, 0.000, 0.000, 0.000, -0.015, -0.140, 0.990, 3.747, -6.293, 1.760, 0.000, 19.28
1, 0, 0.012, 0.000, 0.000, 0.000, 0.004, 0.035, 0.941, 3.689, -6.252, 1.570, 0.000, 19.18
1, 1, -1.112, 0.000, 0.000, 0.000, -0.341, -3.198, 1.004, 3.709, -6.345, -12.365, -18.649, 20.00
1, 1, -1.070, 0.000, 0.000, 0.000, -0.305, -2.741, 1.630, 3.673, -5.655, 0.000, -4.467, 20.00
1, 1, -1.040, 0.000, 0.000, 0.000, -0.275, -2.448, 2.216, 3.641, -4.747, 0.000, -2.652, 20.00
1, 1, -0.999, 0.000, 0.000, 0.000, -0.240, -2.034, 3.181, 3.613, -4.075, 0.000, -0.555, 20.00
1, 0, -1.102, 0.000, 0.000, 0.000, -0.235, -1.886, 3.936, 3.587, -3.220, -1.080, 0.000, 20.07
1, 0, -1.376, -0.000, 0.000, 0.000, -0.263, -1.946, 4.825, 3.563, -2.833, -1.969, 0.000, 20.20
1, 0, -1.820, -0.000, 0.000, 0.000, -0.309, -2.039, 5.608, 3.540, -2.254, -2.727, 0.000, 20.39
1, 0, -2.292, -0.000, 0.000, 0.000, -0.358, -2.173, 5.963, 3.520, -1.895, -2.765, 0.000, 20.57
1, 0, -2.563, -0.000, 0.000, 0.000, -0.396, -2.438, 5.613, 3.757, -1.738, -2.235, 0.000, 20.72
1, 0, -2.796, -0.000, 0.000, 0.000, -0.421, -2.538, 5.491, 3.763, -1.574, -1.925, 0.000, 20.85
1, 0, -2.779, -0.000, 0.000, 0.000, -0.430, -2.748, 4.943, 3.765, -1.602, -1.149, 0.000, 20.92
1, 0, -2.673, -0.000, 0.000, 0.000, -0.441, -3.046, 4.318, 4.603, -1.838, -0.923, 0.000, 20.98
1, 0, -2.643, -0.000, 0.000, 0.000, -0.476, -3.517, 3.671, 6.779, -2.304, -1.510, 0.000, 21.09
1, 0, -2.414, -0.000, 0.000, 0.000, -0.484, -3.897, 2.983, 7.046, -2.748, -0.485, -0.000, 21.12
1, 0, -2.141, -0.000, 0.000, 0.000, -0.476, -4.058, 2.318, 7.253, -3.175, 0.280, -0.000, 21.10
1, 0, -1.940, -0.000, 0.000, 0.000, -0.468, -3.963, 2.036, 7.421, -3.600, 0.515, 0.000, 21.06
1, 0, -1.652, -0.000, 0.000, 0.000, -0.421, -3.602, 1.848, 5.977, -3.779, 1.627, -0.000, 20.96
1, 0, -1.280, -0.000, 0.000, 0.000, -0.348, -3.006, 1.697, 4.263, -4.149, 2.823, -0.000, 20.77
1, 0, -1.012, 0.000, 0.000, 0.000, -0.287, -2.496, 1.573, 4.081, -4.309, 2.450, -0.000, 20.60
1, 0, -0.808, 0.000, 0.000, 0.000, -0.237, -2.076, 1.469, 3.945, -4.476, 2.184, 0.000, 20.46
1, 0, -0.633, 0.000, 0.000, 0.000, -0.195, -1.713, 1.380, 3.840, -4.868, 2.189, -0.000, 20.31
1, 0, -0.494, 0.000, 0.000, 0.000, -0.156, -1.379, 1.303, 3.757, -5.042, 2.012, -0.000, 20.18
1, 0, -0.381, 0.000, 0.000, 0.000, -0.123, -1.091, 1.234, 3.689, -5.220, 1.891, 0.000, 20.05
1, 0, -0.285, 0.000, 0.000, 0.000, -0.094, -0.835, 1.173, 3.633, -5.400, 1.808, 0.000, 19.93
1, 1, -0.355, 0.000, 0.000, 0.000, -0.116, -1.067, 1.261, 3.655, -5.426, -1.010, -3.058, 20.00
1, 1, -0.334, 0.000, 0.000, 0.000, -0.101, -0.868, 1.910, 3.621, -4.747, 0.000, -0.519, 20.00
1, 0, -0.411, 0.000, 0.000, 0.000, -0.113, -0.968, 2.485, 3.592, -3.872, -0.713, 0.000, 20.05
1, 0, -0.616, 0.000, 0.000, 0.000, -0.149, -1.191, 3.365, 3.565, -3.041, -1.933, 0.000, 20.18
1, 0, -0.987, 0.000, 0.000, 0.000, -0.206, -1.468, 4.434, 3.541, -2.462, -2.852, -0.000, 20.37
1, 0, -1.650, -0.000, 0.000, 0.000, -0.280, -1.604, 5.506, 3.518, -1.700, -3.790, 0.000, 20.62
1, 0, -2.411, -0.000, 0.000, 0.000, -0.355, -1.728, 6.137, 3.498, -1.371, -3.770, 0.000, 20.87
1, 0, -3.217, -0.000, 0.000, 0.000, -0.407, -1.745, 6.425, 3.479, -0.833, -3.701, 0.000, 21.12
1, 0, -3.997, -0.000, 0.000, 0.000, -0.494, -1.616, 6.085, 3.717, -0.698, -2.997, 0.000, 21.32
1, 0, -4.444, -0.000, 0.000, 0.000, -0.526, -1.597, 5.824, 3.726, -0.551, -2.433, 0.000, 21.48
1, 0, -4.280, -0.000, 0.000, 0.000, -0.537, -1.990, 5.363, 3.729, -0.796, -1.489, -0.000, 21.58
1, 0, -3.869, -0.000, 0.000, 0.000, -0.536, -2.609, 4.616, 4.568, -1.033, -1.137, 0.000, 21.65
1, 0, -3.588, -0.000, 0.000, 0.000, -0.568, -3.316, 3.898, 6.746, -1.496, -1.676, 0.000, 21.77
1, 0, -2.982, -0.000, 0.000, 0.000, -0.567, -4.037, 3.153, 7.013, -2.144, -0.437, -0.000, 21.80
1, 0, -2.587, -0.000, 0.000, 0.000, -0.552, -4.290, 2.517, 7.222, -2.357, 0.047, -0.000, 21.79
1, 0, -2.299, -0.000, 0.000, 0.000, -0.547, -4.298, 2.224, 7.391, -2.780, 0.309, 0.000, 21.77
1, 0, -1.951, -0.000, 0.000, 0.000, -0.498, -4.000, 2.026, 5.949, -2.960, 1.435, 0.000, 21.68
1, 0, -1.524, -0.000, 0.000, 0.000, -0.423, -3.463, 1.866, 4.236, -3.328, 2.636, 0.000, 21.50
1, 0, -1.227, -0.000, 0.000, 0.000, -0.359, -2.982, 1.733, 4.054, -3.489, 2.270, 0.000, 21.35
1, 0, -1.005, -0.000, 0.000, 0.000, -0.307, -2.581, 1.622, 3.920, -3.658, 2.009, 0.000, 21.21
1, 0, -0.832, -0.000, 0.000, 0.000, -0.264, -2.239, 1.526, 3.816, -3.831, 1.825, 0.000, 21.09
1, 0, -0.694, 0.000, 0.000, 0.000, -0.227, -1.941, 1.442, 3.733, -4.009, 1.696, -0.000, 20.98
1, 0, -0.580, 0.000, 0.000, 0.000, -0.195, -1.677, 1.368, 3.666, -4.190, 1.607, 0.000, 20.87
1, 0, -0.484, 0.000, 0.000, 0.000, -0.166, -1.438, 1.301, 3.611, -4.373, 1.547, 0.000, 20.77
1, 0, -0.440, 0.000, 0.000, 0.000, -0.147, -1.309, 1.402, 3.634, -4.125, 0.985, 0.000, 20.70
1, 0, -0.453, 0.000, 0.000, 0.000, -0.141, -1.216, 1.790, 3.601, -3.679, 0.098, 0.000, 20.70
1, 0, -0.555, 0.000, 0.000, 0.000, -0.156, -1.299, 2.313, 3.572, -3.043, -0.832, -0.000, 20.75
1, 0, -0.723, 0.000, 0.000, 0.000, -0.183, -1.454, 2.837, 3.546, -2.644, -1.378, 0.000, 20.84
1, 0, -0.946, -0.000, 0.000, 0.000, -0.216, -1.631, 3.218, 3.523, -2.256, -1.692, -0.000, 20.96
1, 0, -1.178, -0.000, 0.000, 0.000, -0.249, -1.801, 3.500, 3.501, -2.084, -1.688, -0.000, 21.07
1, 0, -1.436, -0.000, 0.000, 0.000, -0.282, -1.916, 3.821, 3.481, -1.915, -1.754, 0.000, 21.19
1, 0, -1.613, -0.000, 0.000, 0.000, -0.305, -2.062, 3.701, 3.463, -1.738, -1.446, 0.000, 21.28
1, 0, -1.889, -0.000, 0.000, 0.000, -0.335, -2.105, 3.958, 3.702, -1.570, -1.760, 0.000, 21.40
1, 0, -2.034, -0.000, 0.000, 0.000, -0.358, -2.233, 3.922, 3.711, -1.605, -1.402, 0.000, 21.49
1, 0, -1.861, -0.000, 0.000, 0.000, -0.359, -2.514, 3.259, 3.715, -1.828, -0.413, 0.000, 21.52
1, 0, -1.880, -0.000, 0.000, 0.000, -0.372, -2.646, 3.109, 4.555, -1.851, -0.914, 0.000, 21.58
1, 0, -1.983, -0.000, 0.000, 0.000, -0.420, -3.112, 2.794, 6.733, -2.112, -1.900, 0.000, 21.71
1, 0, -1.917, -0.000, 0.000, 0.000, -0.442, -3.508, 2.355, 7.001, -2.354, -1.135, 0.000, 21.79
1, 0, -1.739, -0.000, 0.000, 0.000, -0.448, -3.778, 1.875, 7.210, -2.793, -0.327, -0.000, 21.81
1, 0, -1.642, -0.000, 0.000, 0.000, -0.452, -3.778, 1.650, 7.379, -3.013, -0.143, 0.000, 21.82
1, 0, -1.428, -0.000, 0.000, 0.000, -0.415, -3.506, 1.515, 5.938, -3.203, 1.100, 0.000, 21.74
1, 0, -1.117, -0.000, 0.000, 0.000, -0.348, -2.974, 1.406, 4.225, -3.579, 2.388, -0.000, 21.58
1, 0, -0.897, -0.000, 0.000, 0.000, -0.292, -2.510, 1.314, 4.044, -3.746, 2.087, -0.000, 21.44
1, 0, -0.729, 0.000, 0.000, 0.000, -0.246, -2.127, 1.235, 3.910, -3.918, 1.876, -0.000, 21.32
1, 0, -0.597, 0.000, 0.000, 0.000, -0.207, -1.803, 1.167, 3.806, -4.095, 1.730, 0.000, 21.20
1, 0, -0.490, 0.000, 0.000, 0.000, -0.174, -1.522, 1.106, 3.724, -4.275, 1.630, -0.000, 21.10
1, 0, -0.400, 0.000, 0.000, 0.000, -0.145, -1.272, 1.052, 3.658, -4.458, 1.565, -0.000, 20.99
1, 0, -0.322, 0.000, 0.000, 0.000, -0.119, -1.046, 1.003, 3.603, -4.642, 1.523, 0.000, 20.89
1, 0, -0.287, 0.000, 0.000, 0.000, -0.103, -0.934, 1.082, 3.626, -4.393, 1.008, -0.000, 20.82
1, 0, -0.256, 0.000, 0.000, 0.000, -0.090, -0.823, 1.096, 3.594, -4.371, 0.851, 0.000, 20.77
1, 0, -0.248, 0.000, 0.000, 0.000, -0.084, -0.765, 1.204, 3.565, -4.136, 0.465, 0.000, 20.73
1, 0, -0.307, 0.000, 0.000, 0.000, -0.095, -0.825, 1.940, 3.539, -3.708, -0.544, 0.000, 20.77
1, 0, -0.465, 0.000, 0.000, 0.000, -0.125, -1.019, 2.783, 3.516, -3.091, -1.599, -0.000, 20.88
1, 0, -0.746, 0.000, 0.000, 0.000, -0.172, -1.275, 3.542, 3.495, -2.500, -2.344, -0.000, 21.03
1, 0, -1.068, -0.000, 0.000, 0.000, -0.221, -1.551, 3.799, 3.475, -2.128, -2.306, 0.000, 21.19
1, 0, -1.148, -0.000, 0.000, 0.000, -0.246, -1.882, 2.997, 3.457, -2.154, -1.025, 0.000, 21.26
1, 0, -1.288, -0.000, 0.000, 0.000, -0.267, -1.977, 3.249, 3.696, -2.185, -1.228, 0.000, 21.34
1, 0, -1.451, -0.000, 0.000, 0.000, -0.286, -2.045, 3.417, 3.705, -2.005, -1.335, -0.000, 21.43
1, 0, -1.571, -0.000, 0.000, 0.000, -0.307, -2.139, 3.524, 3.710, -2.035, -1.182, 0.000, 21.51
1, 0, -1.680, -0.000, 0.000, 0.000, -0.337, -2.387, 3.312, 4.550, -2.070, -1.388, 0.000, 21.60
1, 0, -1.874, -0.000, 0.000, 0.000, -0.390, -2.882, 2.810, 6.728, -2.127, -2.265, 0.000, 21.75
1, 0, -1.980, -0.000, 0.000, 0.000, -0.440, -3.087, 2.657, 6.996, -2.595, -1.551, 0.000, 21.85
1, 0, -1.718, -0.000, 0.000, 0.000, -0.432, -3.632, 1.801, 7.205, -2.821, -0.403, 0.000, 21.88
1, 0, -1.625, -0.000, 0.000, 0.000, -0.435, -3.644, 1.558, 7.375, -3.042, -0.187, 0.000, 21.89
1, 0, -1.411, -0.000, 0.000, 0.000, -0.399, -3.380, 1.414, 5.933, -3.232, 1.074, 0.000, 21.82
1, 0, -1.125, -0.000, 0.000, 0.000, -0.333, -2.853, 1.299, 4.221, -3.395, 2.186, 0.000, 21.67
1, 0, -0.888, -0.000, 0.000, 0.000, -0.280, -2.421, 1.204, 4.040, -3.779, 2.125, -0.000, 21.53
1, 0, -0.732, 0.000, 0.000, 0.000, -0.235, -2.041, 1.124, 3.906, -3.736, 1.714, -0.000, 21.42
1, 0, -0.604, 0.000, 0.000, 0.000, -0.200, -1.745, 1.056, 3.803, -3.915, 1.605, 0.000, 21.31
1, 0, -0.499, 0.000, 0.000, 0.000, -0.169, -1.484, 0.997, 3.720, -4.097, 1.532, 0.000, 21.21
1, 0, -0.410, 0.000, 0.000, 0.000, -0.142, -1.250, 0.945, 3.654, -4.281, 1.484, 0.000, 21.11
1, 0, -0.332, 0.000, 0.000, 0.000, -0.117, -1.037, 0.899, 3.600, -4.467, 1.455, -0.000, 21.01
1, 0, -0.348, 0.000, 0.000, 0.000, -0.119, -1.082, 1.053, 4.392, -4.235, 0.338, 0.000, 20.99
1, 0, -0.405, 0.000, 0.000, 0.000, -0.128, -1.122, 1.458, 4.436, -3.803, -0.435, 0.000, 21.02
1, 0, -0.513, 0.000, 0.000, 0.000, -0.151, -1.309, 1.782, 4.466, -3.386, -0.889, 0.000, 21.08
1, 0, -0.687, 0.000, 0.000, 0.000, -0.182, -1.499, 2.430, 4.488, -2.990, -1.560, -0.000, 21.18
1, 0, -0.885, -0.000, 0.000, 0.000, -0.216, -1.738, 2.569, 4.504, -2.598, -1.637, -0.000, 21.29
1, 0, -1.170, -0.000, 0.000, 0.000, -0.256, -1.892, 3.318, 4.517, -2.435, -2.082, 0.000, 21.43
1, 0, -1.722, -0.000, 0.000, 0.000, -0.313, -1.901, 4.254, 4.527, -1.868, -2.976, -0.000, 21.63
1, 0, -2.468, -0.000, 0.000, 0.000, -0.384, -1.823, 4.873, 4.535, -1.525, -3.207, 0.000, 21.84
1, 0, -3.313, -0.000, 0.000, 0.000, -0.456, -1.612, 5.156, 4.541, -1.182, -3.133, 0.000, 22.05
1, 0, -3.760, -0.000, 0.000, 0.000, -0.491, -1.688, 4.879, 4.546, -1.033, -2.452, -0.000, 22.22
1, 0, -3.535, -0.000, 0.000, 0.000, -0.487, -2.210, 4.158, 4.550, -1.068, -1.407, 0.000, 22.31
1, 0, -2.898, -0.000, 0.000, 0.000, -0.481, -3.037, 3.181, 5.392, -1.505, -0.652, 0.000, 22.35
1, 0, -2.759, -0.000, 0.000, 0.000, -0.511, -3.598, 2.668, 7.574, -1.756, -1.619, 0.000, 22.46
1, 0, -2.569, -0.000, 0.000, 0.000, -0.537, -3.931, 2.373, 7.846, -2.206, -0.977, 0.000, 22.53
1, 0, -2.261, -0.000, 0.000, 0.000, -0.531, -4.294, 1.875, 8.060, -2.430, -0.419, 0.000, 22.55
1, 0, -2.104, -0.000, 0.000, 0.000, -0.536, -4.335, 1.648, 8.235, -2.651, -0.257, 0.000, 22.57
1, 0, -1.791, -0.000, 0.000, 0.000, -0.488, -4.017, 1.502, 6.286, -2.833, 1.341, 0.000, 22.48
1, 0, -1.432, -0.000, 0.000, 0.000, -0.414, -3.450, 1.384, 4.529, -2.989, 2.372, 0.000, 22.32
1, 0, -1.166, -0.000, 0.000, 0.000, -0.354, -2.989, 1.286, 4.315, -3.154, 2.062, -0.000, 22.19
1, 0, -0.964, -0.000, 0.000, 0.000, -0.306, -2.604, 1.204, 4.155, -3.325, 1.840, 0.000, 22.06
1, 0, -0.827, -0.000, 0.000, 0.000, -0.266, -2.278, 1.133, 4.030, -3.287, 1.495, 0.000, 21.96
1, 0, -0.707, -0.000, 0.000, 0.000, -0.234, -2.021, 1.071, 3.931, -3.469, 1.430, 0.000, 21.87
1, 0, -0.605, 0.000, 0.000, 0.000, -0.206, -1.787, 1.016, 3.850, -3.653, 1.385, 0.000, 21.78
1, 0, -0.517, 0.000, 0.000, 0.000, -0.180, -1.571, 0.967, 3.783, -3.838, 1.356, 0.000, 21.69
1, 0, -0.521, 0.000, 0.000, 0.000, -0.177, -1.594, 0.975, 4.566, -3.609, 0.360, -0.000, 21.66
1, 0, -0.637, 0.000, 0.000, 0.000, -0.189, -1.550, 1.637, 4.600, -2.977, -0.884, -0.000, 21.72
1, 0, -0.787, -0.000, 0.000, 0.000, -0.215, -1.772, 1.889, 4.622, -2.574, -1.163, -0.000, 21.80
1, 0, -1.003, -0.000, 0.000, 0.000, -0.244, -1.916, 2.270, 4.636, -2.184, -1.559, 0.000, 21.90
1, 0, -1.103, -0.000, 0.000, 0.000, -0.265, -2.136, 2.036, 4.646, -2.209, -0.969, 0.000, 21.97
1, 0, -1.364, -0.000, 0.000, 0.000, -0.292, -2.131, 2.762, 4.652, -2.035, -1.592, 0.000, 22.07
1, 0, -1.630, -0.000, 0.000, 0.000, -0.323, -2.209, 3.052, 4.656, -1.865, -1.682, 0.000, 22.19
1, 0, -1.822, -0.000, 0.000, 0.000, -0.345, -2.327, 2.988, 4.659, -1.689, -1.463, 0.000, 22.28
1, 0, -2.194, -0.000, 0.000, 0.000, -0.376, -2.225, 3.425, 4.660, -1.522, -1.767, -0.000, 22.40
1, 0, -2.762, -0.000, 0.000, 0.000, -0.423, -1.975, 3.936, 4.660, -1.364, -2.073, -0.000, 22.54
1, 0, -3.021, -0.000, 0.000, 0.000, -0.446, -2.042, 3.738, 4.660, -1.196, -1.693, -0.000, 22.65
1, 0, -2.711, -0.000, 0.000, 0.000, -0.454, -2.708, 3.017, 5.497, -1.436, -1.206, -0.000, 22.73
1, 0, -2.566, -0.000, 0.000, 0.000, -0.489, -3.432, 2.370, 7.675, -1.693, -1.865, 0.000, 22.86
1, 0, -2.345, -0.000, 0.000, 0.000, -0.504, -3.915, 1.841, 7.943, -1.932, -1.087, 0.000, 22.93
1, 0, -2.099, -0.000, 0.000, 0.000, -0.513, -4.218, 1.566, 8.153, -2.370, -0.518, 0.000, 22.96
1, 0, -1.913, -0.000, 0.000, 0.000, -0.525, -4.302, 1.403, 8.325, -2.804, -0.184, 0.000, 22.98
1, 0, -1.569, -0.000, 0.000, 0.000, -0.477, -3.988, 1.284, 6.373, -3.197, 1.575, 0.000, 22.87
1, 0, -1.195, -0.000, 0.000, 0.000, -0.399, -3.380, 1.187, 4.612, -3.563, 2.736, -0.000, 22.69
1, 0, -0.917, -0.000, 0.000, 0.000, -0.332, -2.850, 1.106, 4.394, -3.937, 2.536, 0.000, 22.52
1, 0, -0.688, -0.000, 0.000, 0.000, -0.273, -2.371, 1.038, 4.231, -4.534, 2.597, -0.000, 22.35
1, 0, -0.502, 0.000, 0.000, 0.000, -0.217, -1.897, 0.979, 4.104, -5.137, 2.671, 0.000, 22.17
1, 0, -0.350, 0.000, 0.000, 0.000, -0.162, -1.428, 0.927, 4.002, -5.745, 2.756, -0.000, 21.98
1, 0, -0.221, 0.000, 0.000, 0.000, -0.108, -0.962, 0.880, 3.918, -6.357, 2.850, 0.000, 21.79
1, 0, -0.109, 0.000, 0.000, 0.000, -0.056, -0.500, 0.838, 3.849, -6.974, 2.952, 0.000, 21.60
1, 0, -0.040, 0.000, 0.000, 0.000, -0.020, -0.189, 0.907, 3.859, -6.911, 2.395, 0.000, 21.44
1, 0, 0.001, 0.000, 0.000, 0.000, 0.001, 0.005, 1.799, 3.815, -5.979, 0.357, 0.000, 21.41
1, 0, -0.079, 0.000, 0.000, 0.000, -0.031, -0.264, 2.345, 3.776, -5.087, -0.659, -0.000, 21.46
1, 0, -0.227, 0.000, 0.000, 0.000, -0.075, -0.591, 3.261, 3.741, -4.241, -1.869, -0.000, 21.58
1, 0, -0.532, 0.000, 0.000, 0.000, -0.143, -0.977, 4.353, 3.708, -3.435, -2.975, 0.000, 21.78
1, 0, -1.099, -0.000, 0.000, 0.000, -0.235, -1.247, 5.422, 3.679, -2.875, -3.645, 0.000, 22.02
1, 0, -1.820, -0.000, 0.000, 0.000, -0.324, -1.429, 5.898, 3.652, -2.322, -3.654, 0.000, 22.27
1, 0, -2.568, -0.000, 0.000, 0.000, -0.392, -1.504, 6.292, 3.626, -1.983, -3.472, 0.000, 22.50
1, 0, -3.339, -0.000, 0.000, 0.000, -0.495, -1.378, 5.966, 3.859, -1.840, -2.772, -0.000, 22.68
1, 0, -3.843, -0.000, 0.000, 0.000, -0.541, -1.307, 5.830, 3.861, -1.686, -2.314, -0.000, 22.84
1, 0, -3.771, -0.000, 0.000, 0.000, -0.552, -1.659, 5.326, 3.860, -1.723, -1.481, -0.000, 22.94
1, 0, -3.230, -0.000, 0.000, 0.000, -0.546, -2.450, 4.661, 4.694, -2.171, -0.957, 0.000, 23.00
1, 0, -2.922, -0.000, 0.000, 0.000, -0.570, -3.179, 3.883, 6.866, -2.635, -1.443, 0.000, 23.10
1, 0, -2.874, -0.000, 0.000, 0.000, -0.619, -3.247, 3.668, 7.129, -3.090, -0.966, 0.000, 23.16
1, 0, -2.016, -0.000, 0.000, 0.000, -0.549, -4.207, 2.521, 7.333, -3.727, 0.645, 0.000, 23.12
1, 0, -1.732, -0.000, 0.000, 0.000, -0.529, -4.117, 2.191, 7.498, -4.145, 0.835, 0.000, 23.06
1, 0, -1.351, -0.000, 0.000, 0.000, -0.465, -3.741, 1.979, 6.051, -4.751, 2.278, 0.000, 22.91
1, 0, -0.986, -0.000, 0.000, 0.000, -0.367, -3.027, 1.810, 4.335, -5.113, 3.349, 0.000, 22.69
1, 0, -0.704, -0.000, 0.000, 0.000, -0.286, -2.400, 1.671, 4.149, -5.706, 3.276, -0.000, 22.47
1, 0, -0.501, 0.000, 0.000, 0.000, -0.214, -1.823, 1.556, 4.011, -6.082, 3.052, -0.000, 22.27
1, 0, -0.353, 0.000, 0.000, 0.000, -0.155, -1.329, 1.459, 3.903, -6.241, 2.715, -0.000, 22.08
1, 0, -0.231, 0.000, 0.000, 0.000, -0.104, -0.901, 1.374, 3.817, -6.631, 2.675, 0.000, 21.91
1, 0, -0.125, 0.000, 0.000, 0.000, -0.057, -0.502, 1.301, 3.747, -7.026, 2.662, -0.000, 21.73
1, 0, -0.031, 0.000, 0.000, 0.000, -0.014, -0.125, 1.235, 3.689, -7.423, 2.669, 0.000, 21.55
1, 0, 0.021, 0.000, 0.000, 0.000, 0.009, 0.084, 1.318, 3.709, -7.136, 1.995, -0.000, 21.42
1, 0, 0.048, 0.000, 0.000, 0.000, 0.020, 0.177, 1.737, 3.673, -6.420, 0.765, 0.000, 21.37
1, 0, 0.015, 0.000, 0.000, 0.000, 0.006, 0.051, 2.251, 3.641, -5.960, -0.004, 0.000, 21.37
1, 0, -0.073, 0.000, 0.000, 0.000, -0.024, -0.203, 3.143, 3.613, -5.307, -1.148, 0.000, 21.44
1, 0, -0.275, 0.000, 0.000, 0.000, -0.078, -0.590, 4.290, 3.587, -4.473, -2.460, 0.000, 21.61
1, 0, -0.661, 0.000, 0.000, 0.000, -0.155, -1.012, 5.305, 3.563, -3.674, -3.365, -0.000, 21.83
1, 0, -1.069, -0.000, 0.000, 0.000, -0.229, -1.444, 5.339, 3.540, -3.308, -2.829, 0.000, 22.02
1, 0, -1.548, -0.000, 0.000, 0.000, -0.297, -1.644, 5.807, 3.520, -2.947, -2.890, 0.000, 22.21
1, 0, -1.871, -0.000, 0.000, 0.000, -0.349, -1.950, 5.560, 3.757, -2.791, -2.355, -0.000, 22.37
1, 0, -2.040, -0.000, 0.000, 0.000, -0.381, -2.169, 5.339, 3.763, -2.833, -1.679, 0.000, 22.48
1, 0, -2.059, -0.000, 0.000, 0.000, -0.394, -2.360, 4.957, 3.765, -2.860, -1.050, 0.000, 22.55
1, 0, -1.963, -0.000, 0.000, 0.000, -0.404, -2.688, 4.313, 4.603, -3.095, -0.766, 0.000, 22.60
1, 0, -1.918, -0.000, 0.000, 0.000, -0.438, -3.193, 3.586, 6.779, -3.562, -1.253, 0.000, 22.69
1, 0, -1.765, -0.000, 0.000, 0.000, -0.447, -3.467, 2.959, 7.046, -4.009, -0.318, 0.000, 22.71
1, 0, -1.537, -0.000, 0.000, 0.000, -0.433, -3.647, 2.343, 7.253, -4.439, 0.460, -0.000, 22.68
1, 0, -1.387, -0.000, 0.000, 0.000, -0.422, -3.521, 2.086, 7.421, -4.867, 0.691, -0.000, 22.63
1, 0, -1.135, -0.000, 0.000, 0.000, -0.369, -3.124, 1.905, 5.977, -5.264, 2.010, 0.000, 22.50
1, 0, -0.848, 0.000, 0.000, 0.000, -0.287, -2.455, 1.758, 4.263, -5.413, 2.983, 0.000, 22.30
1, 0, -0.622, 0.000, 0.000, 0.000, -0.221, -1.907, 1.635, 4.081, -5.793, 2.828, -0.000, 22.11
1, 0, -0.442, 0.000, 0.000, 0.000, -0.164, -1.422, 1.532, 3.945, -6.179, 2.729, 0.000, 21.93
1, 0, -0.303, 0.000, 0.000, 0.000, -0.114, -1.000, 1.443, 3.840, -6.345, 2.478, 0.000, 21.76
1, 0, -0.192, 0.000, 0.000, 0.000, -0.074, -0.646, 1.365, 3.757, -6.515, 2.304, 0.000, 21.61
1, 0, -0.093, 0.000, 0.000, 0.000, -0.036, -0.321, 1.296, 3.689, -6.916, 2.381, 0.000, 21.45
1, 0, -0.006, 0.000, 0.000, 0.000, -0.002, -0.021, 1.233, 3.633, -7.090, 2.254, 0.000, 21.30
1, 0, 0.038, 0.000, 0.000, 0.000, 0.015, 0.134, 1.427, 3.655, -6.816, 1.547, 0.000, 21.20
1, 0, 0.062, 0.000, 0.000, 0.000, 0.022, 0.187, 2.025, 3.621, -6.118, 0.201, 0.000, 21.18
1, 0, -0.026, 0.000, 0.000, 0.000, -0.008, -0.073, 2.570, 3.592, -5.449, -0.606, 0.000, 21.22
1, 0, -0.140, 0.000, 0.000, 0.000, -0.042, -0.351, 3.011, 3.565, -5.023, -1.020, 0.000, 21.29
1, 0, -0.330, 0.000, 0.000, 0.000, -0.086, -0.673, 4.066, 3.541, -4.405, -2.112, 0.000, 21.43
1, 0, -0.582, 0.000, 0.000, 0.000, -0.139, -1.048, 4.387, 3.518, -4.016, -2.120, 0.000, 21.57
1, 0, -0.864, 0.000, 0.000, 0.000, -0.190, -1.355, 4.782, 3.498, -3.632, -2.238, -0.000, 21.72
1, 0, -1.027, 0.000, 0.000, 0.000, -0.226, -1.659, 4.441, 3.479, -3.667, -1.341, -0.000, 21.81
1, 0, -1.204, -0.000, 0.000, 0.000, -0.255, -1.835, 4.566, 3.717, -3.486, -1.504, -0.000, 21.91
1, 0, -1.306, -0.000, 0.000, 0.000, -0.277, -2.004, 4.464, 3.726, -3.514, -1.089, 0.000, 21.99
1, 0, -1.224, -0.000, 0.000, 0.000, -0.278, -2.171, 3.663, 3.729, -3.732, 0.014, 0.000, 21.98
1, 0, -1.194, -0.000, 0.000, 0.000, -0.284, -2.287, 3.343, 4.568, -3.957, -0.188, -0.000, 22.00
1, 0, -1.324, -0.000, 0.000, 0.000, -0.328, -2.638, 3.199, 6.746, -4.215, -1.440, -0.000, 22.09
1, 0, -1.337, -0.000, 0.000, 0.000, -0.354, -2.856, 2.854, 7.013, -4.676, -0.644, -0.000, 22.14
1, 0, -1.203, -0.000, 0.000, 0.000, -0.351, -3.092, 2.064, 7.222, -5.112, 0.472, -0.000, 22.10
1, 0, -1.124, -0.000, 0.000, 0.000, -0.343, -2.967, 1.839, 7.391, -5.324, 0.529, 0.000, 22.07
1, 0, -0.926, 0.000, 0.000, 0.000, -0.298, -2.596, 1.683, 5.949, -5.728, 1.916, -0.000, 21.94
1, 0, -0.671, 0.000, 0.000, 0.000, -0.222, -1.952, 1.556, 4.236, -5.880, 2.933, 0.000, 21.75
1, 0, -0.480, 0.000, 0.000, 0.000, -0.163, -1.439, 1.451, 4.054, -6.040, 2.617, 0.000, 21.57
1, 0, -0.332, 0.000, 0.000, 0.000, -0.115, -1.019, 1.361, 3.920, -6.207, 2.393, 0.000, 21.41
1, 0, -0.214, 0.000, 0.000, 0.000, -0.075, -0.667, 1.284, 3.816, -6.379, 2.236, 0.000, 21.26
1, 0, -0.115, 0.000, 0.000, 0.000, -0.041, -0.365, 1.216, 3.733, -6.555, 2.127, 0.000, 21.12
1, 0, -0.031, 0.000, 0.000, 0.000, -0.011, -0.100, 1.155, 3.666, -6.733, 2.054, 0.000, 20.98
1, 0, 0.043, 0.000, 0.000, 0.000, 0.015, 0.139, 1.100, 3.611, -6.913, 2.005, 0.000, 20.85
1, 0, 0.142, 0.000, 0.000, 0.000, 0.051, 0.471, 1.067, 3.634, -6.873, 1.508, 0.000, 20.75
1, 0, 0.165, 0.000, 0.000, 0.000, 0.056, 0.505, 1.580, 3.601, -6.396, 0.488, -0.000, 20.72
1, 0, 0.107, 0.000, 0.000, 0.000, 0.033, 0.299, 2.157, 3.572, -5.718, -0.450, -0.000, 20.75
1, 0, -0.046, 0.000, 0.000, 0.000, -0.013, -0.106, 3.269, 3.546, -4.639, -2.010, 0.000, 20.88
1, 0, -0.262, 0.000, 0.000, 0.000, -0.067, -0.560, 3.262, 3.523, -4.236, -1.661, 0.000, 20.99
1, 0, -0.400, 0.000, 0.000, 0.000, -0.101, -0.865, 2.865, 3.501, -4.255, -0.746, 0.000, 21.04
1, 0, -0.431, 0.000, 0.000, 0.000, -0.111, -0.976, 2.404, 3.481, -4.475, 0.107, -0.000, 21.03
1, 0, -0.390, 0.000, 0.000, 0.000, -0.104, -0.935, 1.933, 3.463, -4.680, 0.712, 0.000, 20.99
1, 0, -0.499, 0.000, 0.000, 0.000, -0.121, -0.983, 3.788, 3.702, -4.492, -1.394, -0.000, 21.08
1, 0, -0.666, 0.000, 0.000, 0.000, -0.157, -1.249, 4.040, 3.711, -4.305, -1.374, 0.000, 21.17
1, 0, -0.784, 0.000, 0.000, 0.000, -0.183, -1.477, 3.771, 3.715, -4.107, -0.935, -0.000, 21.23
1, 0, -0.914, 0.000, 0.000, 0.000, -0.216, -1.759, 3.556, 4.555, -4.135, -1.087, -0.000, 21.31
1, 0, -1.093, 0.000, 0.000, 0.000, -0.269, -2.268, 2.923, 6.733, -4.399, -1.627, -0.000, 21.42
1, 0, -1.145, 0.000, 0.000, 0.000, -0.296, -2.555, 2.382, 7.001, -4.641, -0.747, -0.000, 21.46
1, 0, -1.110, 0.000, 0.000, 0.000, -0.303, -2.736, 1.798, 7.210, -4.865, 0.006, -0.000, 21.46
1, 0, -1.073, 0.000, 0.000, 0.000, -0.303, -2.684, 1.590, 7.379, -5.085, 0.176, 0.000, 21.45
1, 0, -0.918, 0.000, 0.000, 0.000, -0.267, -2.376, 1.449, 5.938, -5.274, 1.448, -0.000, 21.36
1, 0, -0.694, 0.000, 0.000, 0.000, -0.204, -1.822, 1.335, 4.225, -5.212, 2.372, 0.000, 21.20
1, 0, -0.520, 0.000, 0.000, 0.000, -0.156, -1.398, 1.240, 4.044, -5.382, 2.173, -0.000, 21.05
1, 0, -0.392, 0.000, 0.000, 0.000, -0.118, -1.061, 1.161, 3.910, -5.335, 1.835, 0.000, 20.93
1, 0, -0.297, 0.000, 0.000, 0.000, -0.090, -0.805, 1.093, 3.806, -5.294, 1.586, 0.000, 20.83
1, 0, -0.224, 0.000, 0.000, 0.000, -0.068, -0.609, 1.033, 3.724, -5.257, 1.401, 0.000, 20.73
1, 0, -0.168, 0.000, 0.000, 0.000, -0.051, -0.455, 0.980, 3.658, -5.224, 1.260, 0.000, 20.65
1, 0, -0.123, 0.000, 0.000, 0.000, -0.037, -0.332, 0.932, 3.603, -5.195, 1.151, 0.000, 20.57
1, 0, -0.030, 0.000, 0.000, 0.000, -0.009, -0.080, 1.068, 3.626, -4.959, 0.383, 0.000, 20.55
1, 0, -0.085, 0.000, 0.000, 0.000, -0.022, -0.191, 1.799, 3.594, -4.089, -1.005, 0.000, 20.61
1, 0, -0.272, 0.000, 0.000, 0.000, -0.066, -0.570, 2.231, 3.565, -3.463, -1.424, 0.000, 20.71
1, 0, -0.421, 0.000, 0.000, 0.000, -0.099, -0.859, 2.125, 3.539, -3.270, -1.014, 0.000, 20.78
1, 0, -0.531, 0.000, 0.000, 0.000, -0.122, -1.051, 2.263, 3.516, -3.290, -0.785, 0.000, 20.83
1, 0, -0.634, 0.000, 0.000, 0.000, -0.140, -1.201, 2.397, 3.495, -3.093, -0.823, -0.000, 20.88
1, 0, -0.631, 0.000, 0.000, 0.000, -0.146, -1.302, 1.741, 3.475, -3.307, 0.170, 0.000, 20.87
1, 0, -0.735, 0.000, 0.000, 0.000, -0.158, -1.305, 2.900, 3.457, -3.115, -1.045, 0.000, 20.94
1, 0, -0.984, 0.000, 0.000, 0.000, -0.194, -1.486, 3.739, 3.696, -2.732, -2.039, 0.000, 21.08
1, 0, -1.175, -0.000, 0.000, 0.000, -0.227, -1.753, 3.571, 3.705, -2.556, -1.566, 0.000, 21.18
1, 0, -1.269, -0.000, 0.000, 0.000, -0.248, -1.944, 3.346, 3.710, -2.581, -1.013, -0.000, 21.25
1, 0, -1.391, -0.000, 0.000, 0.000, -0.276, -2.180, 3.182, 4.550, -2.613, -1.271, -0.000, 21.33
1, 0, -1.545, -0.000, 0.000, 0.000, -0.326, -2.702, 2.556, 6.728, -2.876, -1.834, 0.000, 21.46
1, 0, -1.606, -0.000, 0.000, 0.000, -0.357, -2.965, 2.246, 6.996, -3.124, -1.191, 0.000, 21.53
1, 0, -1.499, -0.000, 0.000, 0.000, -0.365, -3.242, 1.660, 7.205, -3.565, -0.193, -0.000, 21.55
1, 0, -1.404, -0.000, 0.000, 0.000, -0.367, -3.218, 1.435, 7.375, -4.001, 0.180, -0.000, 21.54
1, 0, -1.180, -0.000, 0.000, 0.000, -0.328, -2.901, 1.304, 5.933, -4.405, 1.576, 0.000, 21.43
1, 0, -0.878, 0.000, 0.000, 0.000, -0.259, -2.301, 1.199, 4.221, -4.780, 2.797, 0.000, 21.24
1, 0, -0.629, 0.000, 0.000, 0.000, -0.199, -1.777, 1.112, 4.040, -5.383, 2.835, -0.000, 21.06
1, 0, -0.434, 0.000, 0.000, 0.000, -0.144, -1.294, 1.039, 3.906, -5.768, 2.695, 0.000, 20.88
1, 0, -0.276, 0.000, 0.000, 0.000, -0.096, -0.864, 0.977, 3.803, -6.159, 2.615, 0.000, 20.70
1, 0, -0.137, 0.000, 0.000, 0.000, -0.050, -0.453, 0.923, 3.720, -6.781, 2.777, -0.000, 20.52
1, 0, -0.016, 0.000, 0.000, 0.000, -0.006, -0.056, 0.875, 3.654, -7.176, 2.725, 0.000, 20.33
1, 0, 0.093, 0.000, 0.000, 0.000, 0.037, 0.333, 0.832, 3.600, -7.807, 2.912, 0.000, 20.14
1, 0, 0.225, 0.000, 0.000, 0.000, 0.087, 0.807, 1.133, 4.392, -7.546, 0.902, 0.000, 20.08
1, 0, 0.231, 0.000, 0.000, 0.000, 0.080, 0.681, 2.121, 4.436, -6.860, -0.689, 0.000, 20.13
1, 0, 0.061, 0.000, 0.000, 0.000, 0.020, 0.178, 2.460, 4.466, -6.190, -0.997, 0.000, 20.19
1, 0, -0.113, 0.000, 0.000, 0.000, -0.034, -0.281, 3.484, 4.488, -5.553, -1.991, -0.000, 20.33
1, 0, -0.403, 0.000, 0.000, 0.000, -0.107, -0.823, 4.705, 4.504, -4.949, -2.927, 0.000, 20.52
1, 0, -0.841, 0.000, 0.000, 0.000, -0.193, -1.325, 5.806, 4.517, -4.369, -3.596, 0.000, 20.76
1, 0, -1.335, -0.000, 0.000, 0.000, -0.282, -1.788, 6.318, 4.527, -4.012, -3.427, -0.000, 20.99
1, 0, -1.829, -0.000, 0.000, 0.000, -0.361, -2.122, 6.659, 4.535, -3.653, -3.228, -0.000, 21.20
1, 0, -2.054, -0.000, 0.000, 0.000, -0.412, -2.511, 6.357, 4.541, -3.710, -2.211, 0.000, 21.35
1, 0, -2.225, -0.000, 0.000, 0.000, -0.441, -2.703, 6.153, 4.546, -3.536, -1.794, 0.000, 21.47
1, 0, -2.167, -0.000, 0.000, 0.000, -0.451, -2.950, 5.638, 4.550, -3.777, -0.843, 0.000, 21.53
1, 0, -2.051, -0.000, 0.000, 0.000, -0.454, -3.233, 4.894, 5.392, -4.012, -0.536, -0.000, 21.56
1, 0, -1.985, -0.000, 0.000, 0.000, -0.478, -3.674, 3.966, 7.574, -4.479, -0.923, -0.000, 21.62
1, 0, -1.855, -0.000, 0.000, 0.000, -0.487, -3.811, 3.558, 7.846, -5.154, -0.097, -0.000, 21.63
1, 0, -1.590, -0.000, 0.000, 0.000, -0.462, -3.989, 2.595, 8.060, -5.582, 0.969, -0.000, 21.57
1, 0, -1.446, -0.000, 0.000, 0.000, -0.441, -3.760, 2.261, 8.235, -5.785, 0.936, -0.000, 21.50
1, 0, -1.162, -0.000, 0.000, 0.000, -0.374, -3.219, 2.045, 6.286, -6.175, 2.598, -0.000, 21.33
1, 0, -0.848, 0.000, 0.000, 0.000, -0.281, -2.442, 1.873, 4.529, -6.315, 3.483, 0.000, 21.10
1, 0, -0.601, 0.000, 0.000, 0.000, -0.207, -1.810, 1.731, 4.315, -6.692, 3.264, 0.000, 20.88
1, 0, -0.425, 0.000, 0.000, 0.000, -0.147, -1.293, 1.614, 4.155, -6.621, 2.717, -0.000, 20.70
1, 0, -0.305, 0.000, 0.000, 0.000, -0.104, -0.918, 1.513, 4.030, -6.333, 2.117, 0.000, 20.56
1, 0, -0.225, 0.000, 0.000, 0.000, -0.075, -0.666, 1.427, 3.931, -6.059, 1.669, 0.000, 20.45
1, 0, -0.165, 0.000, 0.000, 0.000, -0.055, -0.484, 1.351, 3.850, -6.019, 1.522, 0.000, 20.35
1, 0, -0.123, 0.000, 0.000, 0.000, -0.040, -0.352, 1.283, 3.783, -5.758, 1.206, 0.000, 20.27
1, 0, -0.067, 0.000, 0.000, 0.000, -0.021, -0.191, 1.346, 4.566, -5.533, -0.101, 0.000, 20.27
1, 0, -0.150, 0.000, 0.000, 0.000, -0.044, -0.402, 1.613, 4.600, -5.092, -0.525, -0.000, 20.31
1, 0, -0.322, 0.000, 0.000, 0.000, -0.085, -0.736, 2.587, 4.622, -4.241, -1.824, -0.000, 20.43
1, 0, -0.542, 0.000, 0.000, 0.000, -0.134, -1.145, 2.792, 4.636, -3.842, -1.765, 0.000, 20.55
1, 0, -0.741, 0.000, 0.000, 0.000, -0.175, -1.476, 2.962, 4.646, -3.661, -1.554, 0.000, 20.65
1, 0, -0.947, 0.000, 0.000, 0.000, -0.211, -1.731, 3.384, 4.652, -3.484, -1.664, 0.000, 20.76
1, 0, -1.266, -0.000, 0.000, 0.000, -0.255, -1.916, 4.371, 4.656, -3.109, -2.481, 0.000, 20.93
1, 0, -1.659, -0.000, 0.000, 0.000, -0.308, -2.140, 4.945, 4.659, -2.745, -2.752, -0.000, 21.11
1, 0, -1.913, -0.000, 0.000, 0.000, -0.348, -2.431, 4.745, 4.660, -2.583, -2.131, -0.000, 21.25
1, 0, -1.861, -0.000, 0.000, 0.000, -0.357, -2.749, 3.667, 4.660, -2.602, -0.757, 0.000, 21.30
1, 0, -1.811, -0.000, 0.000, 0.000, -0.358, -2.791, 3.542, 4.660, -2.828, -0.413, 0.000, 21.33
1, 0, -1.701, -0.000, 0.000, 0.000, -0.362, -2.989, 2.808, 5.497, -3.051, -0.203, -0.000, 21.34
1, 0, -1.789, -0.000, 0.000, 0.000, -0.398, -3.338, 2.612, 7.675, -3.306, -1.457, -0.000, 21.44
1, 0, -1.820, -0.000, 0.000, 0.000, -0.423, -3.544, 2.431, 7.943, -3.551, -1.037, -0.000, 21.51
1, 0, -1.692, -0.000, 0.000, 0.000, -0.428, -3.791, 1.875, 8.153, -3.994, -0.123, -0.000, 21.52
1, 0, -1.619, -0.000, 0.000, 0.000, -0.430, -3.743, 1.666, 8.325, -4.215, 0.016, 0.000, 21.52
1, 0, -1.387, -0.000, 0.000, 0.000, -0.383, -3.353, 1.533, 6.373, -4.396, 1.614, -0.000, 21.41
1, 0, -1.087, -0.000, 0.000, 0.000, -0.311, -2.734, 1.424, 4.612, -4.551, 2.647, -0.000, 21.23
1, 0, -0.860, 0.000, 0.000, 0.000, -0.254, -2.239, 1.332, 4.394, -4.715, 2.340, 0.000, 21.08
1, 0, -0.668, 0.000, 0.000, 0.000, -0.205, -1.821, 1.253, 4.231, -5.105, 2.314, -0.000, 20.92
1, 0, -0.516, 0.000, 0.000, 0.000, -0.163, -1.449, 1.185, 4.104, -5.276, 2.116, 0.000, 20.78
1, 0, -0.382, 0.000, 0.000, 0.000, -0.125, -1.117, 1.124, 4.002, -5.675, 2.174, -0.000, 20.64
1, 0, -0.271, 0.000, 0.000, 0.000, -0.090, -0.810, 1.069, 3.918, -5.851, 2.034, 0.000, 20.50
1, 0, -0.170, 0.000, 0.000, 0.000, -0.058, -0.524, 1.019, 3.849, -6.255, 2.138, 0.000, 20.36
1, 0, -0.037, 0.000, 0.000, 0.000, -0.012, -0.113, 1.152, 3.859, -5.771, 0.921, 0.000, 20.30
1, 0, -0.037, 0.000, 0.000, 0.000, -0.012, -0.108, 1.406, 3.815, -5.530, 0.465, 0.000, 20.27
1, 0, -0.045, 0.000, 0.000, 0.000, -0.014, -0.133, 1.322, 3.776, -5.514, 0.609, 0.000, 20.23
1, 0, -0.056, 0.000, 0.000, 0.000, -0.017, -0.159, 1.466, 3.741, -5.279, 0.304, 0.000, 20.21
1, 0, -0.104, 0.000, 0.000, 0.000, -0.030, -0.272, 2.138, 3.708, -5.062, -0.378, -0.000, 20.23
1, 0, -0.198, 0.000, 0.000, 0.000, -0.055, -0.484, 2.485, 3.679, -4.632, -0.795, 0.000, 20.28
1, 0, -0.289, 0.000, 0.000, 0.000, -0.078, -0.691, 2.368, 3.652, -4.422, -0.540, 0.000, 20.32
1, 0, -0.387, 0.000, 0.000, 0.000, -0.100, -0.863, 2.793, 3.626, -4.220, -0.849, 0.000, 20.38
1, 0, -0.574, 0.000, 0.000, 0.000, -0.138, -1.130, 3.708, 3.859, -4.041, -1.684, 0.000, 20.49
1, 0, -0.831, 0.000, 0.000, 0.000, -0.186, -1.430, 4.390, 3.861, -3.654, -2.150, 0.000, 20.63
1, 0, -1.062, 0.000, 0.000, 0.000, -0.230, -1.741, 4.281, 3.860, -3.262, -1.846, -0.000, 20.75
1, 0, -1.267, -0.000, 0.000, 0.000, -0.272, -2.118, 3.820, 4.694, -3.089, -1.768, 0.000, 20.87
1, 0, -1.528, -0.000, 0.000, 0.000, -0.335, -2.623, 3.375, 6.866, -3.368, -2.387, -0.000, 21.03
1, 0, -1.696, -0.000, 0.000, 0.000, -0.381, -2.877, 3.228, 7.129, -3.633, -1.770, 0.000, 21.15
1, 0, -1.554, -0.000, 0.000, 0.000, -0.384, -3.353, 2.011, 7.333, -3.858, -0.194, -0.000, 21.16
1, 0, -1.510, -0.000, 0.000, 0.000, -0.382, -3.305, 1.726, 7.498, -3.862, -0.165, -0.000, 21.17
1, 0, -1.348, -0.000, 0.000, 0.000, -0.347, -3.026, 1.552, 6.051, -3.838, 0.956, 0.000, 21.11
1, 0, -1.103, 0.000, 0.000, 0.000, -0.288, -2.523, 1.414, 4.335, -3.788, 1.952, 0.000, 20.98
1, 0, -0.905, 0.000, 0.000, 0.000, -0.243, -2.137, 1.303, 4.149, -3.963, 1.796, 0.000, 20.86
1, 0, -0.761, 0.000, 0.000, 0.000, -0.206, -1.820, 1.210, 4.011, -3.924, 1.490, 0.000, 20.76
1, 0, -0.653, 0.000, 0.000, 0.000, -0.178, -1.576, 1.132, 3.903, -3.892, 1.263, -0.000, 20.68
1, 0, -0.570, 0.000, 0.000, 0.000, -0.156, -1.385, 1.065, 3.817, -3.864, 1.093, -0.000, 20.60
1, 0, -0.519, 0.000, 0.000, 0.000, -0.140, -1.244, 1.007, 3.747, -3.624, 0.772, 0.000, 20.55
1, 0, -0.479, 0.000, 0.000, 0.000, -0.129, -1.148, 0.955, 3.689, -3.605, 0.716, 0.000, 20.50
1, 0, -0.418, 0.000, 0.000, 0.000, -0.109, -0.997, 1.052, 3.709, -3.382, 0.146, 0.000, 20.49
1, 0, -0.476, 0.000, 0.000, 0.000, -0.117, -1.048, 1.372, 3.673, -2.956, -0.448, -0.000, 20.52
1, 0, -0.545, 0.000, 0.000, 0.000, -0.130, -1.167, 1.399, 3.641, -2.750, -0.448, 0.000, 20.55
1, 0, -0.596, 0.000, 0.000, 0.000, -0.141, -1.256, 1.463, 3.613, -2.758, -0.325, 0.000, 20.58
1, 0, -0.613, 0.000, 0.000, 0.000, -0.145, -1.309, 1.286, 3.587, -2.759, -0.046, 0.000, 20.58
1, 0, -0.653, 0.000, 0.000, 0.000, -0.149, -1.333, 1.481, 3.563, -2.552, -0.357, 0.000, 20.60
1, 0, -0.775, 0.000, 0.000, 0.000, -0.166, -1.404, 2.215, 3.540, -2.363, -1.047, 0.000, 20.67
1, 0, -1.029, 0.000, 0.000, 0.000, -0.197, -1.518, 3.163, 3.520, -1.983, -1.956, 0.000, 20.80
1, 0, -1.340, -0.000, 0.000, 0.000, -0.237, -1.749, 3.390, 3.757, -1.613, -2.207, -0.000, 20.95
1, 0, -1.608, -0.000, 0.000, 0.000, -0.272, -1.944, 3.461, 3.763, -1.450, -1.951, 0.000, 21.08
1, 0, -1.766, -0.000, 0.000, 0.000, -0.293, -2.125, 3.188, 3.765, -1.276, -1.493, 0.000, 21.18
1, 0, -1.897, -0.000, 0.000, 0.000, -0.320, -2.392, 2.879, 4.603, -1.315, -1.559, 0.000, 21.28
1, 0, -2.079, -0.000, 0.000, 0.000, -0.373, -2.912, 2.459, 6.779, -1.583, -2.291, 0.000, 21.44
1, 0, -2.228, -0.000, 0.000, 0.000, -0.411, -3.152, 2.219, 7.046, -1.630, -1.845, 0.000, 21.56
1, 0, -2.025, -0.000, 0.000, 0.000, -0.422, -3.610, 1.578, 7.253, -2.073, -0.701, 0.000, 21.61
1, 0, -1.935, -0.000, 0.000, 0.000, -0.430, -3.666, 1.359, 7.421, -2.298, -0.451, 0.000, 21.64
1, 0, -1.664, -0.000, 0.000, 0.000, -0.401, -3.461, 1.233, 5.977, -2.703, 1.019, 0.000, 21.57
1, 0, -1.305, -0.000, 0.000, 0.000, -0.341, -2.965, 1.132, 4.263, -3.078, 2.293, 0.000, 21.42
1, 0, -1.050, -0.000, 0.000, 0.000, -0.289, -2.530, 1.049, 4.081, -3.245, 1.984, 0.000, 21.28
1, 0, -0.836, 0.000, 0.000, 0.000, -0.246, -2.167, 0.979, 3.945, -3.634, 1.958, -0.000, 21.15
1, 0, -0.659, 0.000, 0.000, 0.000, -0.206, -1.828, 0.920, 3.840, -4.025, 1.958, 0.000, 21.02
1, 0, -0.510, 0.000, 0.000, 0.000, -0.169, -1.503, 0.869, 3.757, -4.419, 1.976, 0.000, 20.89
1, 0, -0.382, 0.000, 0.000, 0.000, -0.133, -1.190, 0.823, 3.689, -4.815, 2.009, 0.000, 20.76
1, 0, -0.271, 0.000, 0.000, 0.000, -0.099, -0.885, 0.783, 3.633, -5.213, 2.052, 0.000, 20.62
1, 0, -0.191, 0.000, 0.000, 0.000, -0.067, -0.611, 1.085, 3.655, -4.740, 0.868, 0.000, 20.56
1, 0, -0.220, 0.000, 0.000, 0.000, -0.070, -0.592, 1.713, 3.621, -4.079, -0.374, 0.000, 20.59
1, 0, -0.296, 0.000, 0.000, 0.000, -0.091, -0.800, 1.704, 3.592, -3.864, -0.246, -0.000, 20.60
1, 0, -0.374, 0.000, 0.000, 0.000, -0.108, -0.937, 2.052, 3.565, -3.657, -0.541, 0.000, 20.64
1, 0, -0.581, 0.000, 0.000, 0.000, -0.144, -1.118, 3.361, 3.541, -3.051, -2.008, -0.000, 20.77
1, 0, -0.948, -0.000, 0.000, 0.000, -0.201, -1.377, 4.201, 3.518, -2.470, -2.724, 0.000, 20.95
1, 0, -1.230, -0.000, 0.000, 0.000, -0.250, -1.718, 4.066, 3.498, -2.307, -2.060, 0.000, 21.09
1, 0, -1.502, -0.000, 0.000, 0.000, -0.287, -1.885, 4.248, 3.479, -2.140, -1.913, 0.000, 21.22
1, 0, -1.797, -0.000, 0.000, 0.000, -0.326, -2.024, 4.424, 3.717, -1.977, -2.017, 0.000, 21.35
1, 0, -1.922, -0.000, 0.000, 0.000, -0.351, -2.223, 4.236, 3.726, -2.014, -1.451, 0.000, 21.45
1, 0, -1.808, -0.000, 0.000, 0.000, -0.350, -2.473, 3.483, 3.729, -2.028, -0.552, 0.000, 21.49
1, 0, -1.739, -0.000, 0.000, 0.000, -0.360, -2.684, 3.107, 4.568, -2.258, -0.635, 0.000, 21.53
1, 0, -1.724, -0.000, 0.000, 0.000, -0.398, -3.177, 2.591, 6.746, -2.721, -1.316, -0.000, 21.62
1, 0, -1.592, -0.000, 0.000, 0.000, -0.411, -3.481, 2.057, 7.013, -3.166, -0.420, 0.000, 21.65
1, 0, -1.473, -0.000, 0.000, 0.000, -0.410, -3.590, 1.687, 7.222, -3.385, -0.051, 0.000, 21.65
1, 0, -1.367, -0.000, 0.000, 0.000, -0.411, -3.543, 1.508, 7.391, -3.818, 0.240, -0.000, 21.63
1, 0, -1.170, -0.000, 0.000, 0.000, -0.369, -3.207, 1.377, 5.949, -4.002, 1.423, -0.000, 21.54
1, 0, -0.892, -0.000, 0.000, 0.000, -0.298, -2.612, 1.271, 4.236, -4.377, 2.673, -0.000, 21.36
1, 0, -0.691, 0.000, 0.000, 0.000, -0.239, -2.107, 1.182, 4.054, -4.540, 2.341, 0.000, 21.20
1, 0, -0.525, 0.000, 0.000, 0.000, -0.190, -1.683, 1.107, 3.920, -4.929, 2.300, 0.000, 21.05
1, 0, -0.397, 0.000, 0.000, 0.000, -0.147, -1.307, 1.043, 3.816, -5.101, 2.093, 0.000, 20.91
1, 0, -0.294, 0.000, 0.000, 0.000, -0.111, -0.989, 0.987, 3.733, -5.276, 1.951, 0.000, 20.78
1, 0, -0.209, 0.000, 0.000, 0.000, -0.080, -0.713, 0.936, 3.666, -5.455, 1.855, 0.000, 20.66
1, 0, -0.136, 0.000, 0.000, 0.000, -0.052, -0.469, 0.891, 3.611, -5.636, 1.791, 0.000, 20.54
1, 0, -0.044, 0.000, 0.000, 0.000, -0.017, -0.156, 0.939, 3.634, -5.604, 1.247, 0.000, 20.45
1, 0, -0.044, 0.000, 0.000, 0.000, -0.015, -0.133, 1.599, 3.601, -4.925, -0.083, -0.000, 20.46
1, 0, -0.152, 0.000, 0.000, 0.000, -0.047, -0.405, 2.172, 3.572, -4.058, -1.083, 0.000, 20.53
1, 0, -0.371, 0.000, 0.000, 0.000, -0.098, -0.775, 3.253, 3.546, -3.236, -2.319, -0.000, 20.69
1, 0, -0.760, 0.000, 0.000, 0.000, -0.166, -1.156, 4.249, 3.523, -2.450, -3.240, 0.000, 20.90
1, 0, -1.282, -0.000, 0.000, 0.000, -0.240, -1.455, 4.874, 3.501, -2.104, -3.295, -0.000, 21.12
1, 0, -1.965, -0.000, 0.000, 0.000, -0.313, -1.560, 5.329, 3.481, -1.551, -3.422, 0.000, 21.35
1, 0, -2.508, -0.000, 0.000, 0.000, -0.370, -1.702, 5.360, 3.463, -1.411, -2.832, 0.000, 21.54
1, 0, -2.991, -0.000, 0.000, 0.000, -0.419, -1.771, 5.331, 3.702, -1.265, -2.587, 0.000, 21.71
1, 0, -3.141, -0.000, 0.000, 0.000, -0.443, -1.989, 5.012, 3.711, -1.311, -1.840, -0.000, 21.83
1, 0, -3.003, -0.000, 0.000, 0.000, -0.444, -2.293, 4.443, 3.715, -1.338, -1.081, 0.000, 21.91
1, 0, -2.833, -0.000, 0.000, 0.000, -0.457, -2.648, 3.998, 4.555, -1.574, -1.041, 0.000, 21.98
1, 0, -2.779, -0.000, 0.000, 0.000, -0.506, -3.159, 3.508, 6.733, -2.043, -1.755, 0.000, 22.09
1, 0, -2.829, -0.000, 0.000, 0.000, -0.561, -3.245, 3.493, 7.001, -2.505, -1.354, 0.000, 22.18
1, 0, -2.151, -0.000, 0.000, 0.000, -0.520, -4.094, 2.318, 7.210, -2.932, 0.168, -0.000, 22.17
1, 0, -1.846, -0.000, 0.000, 0.000, -0.511, -4.095, 2.001, 7.379, -3.568, 0.641, -0.000, 22.13
1, 0, -1.494, -0.000, 0.000, 0.000, -0.456, -3.742, 1.810, 5.938, -3.959, 1.902, -0.000, 22.00
1, 0, -1.091, -0.000, 0.000, 0.000, -0.369, -3.098, 1.658, 4.225, -4.542, 3.218, 0.000, 21.79
1, 0, -0.809, -0.000, 0.000, 0.000, -0.294, -2.505, 1.533, 4.044, -4.914, 2.945, -0.000, 21.59
1, 0, -0.597, 0.000, 0.000, 0.000, -0.230, -1.983, 1.429, 3.910, -5.293, 2.765, 0.000, 21.41
1, 0, -0.431, 0.000, 0.000, 0.000, -0.175, -1.516, 1.341, 3.806, -5.679, 2.653, -0.000, 21.23
1, 0, -0.287, 0.000, 0.000, 0.000, -0.122, -1.073, 1.264, 3.724, -6.294, 2.787, 0.000, 21.04
1, 0, -0.166, 0.000, 0.000, 0.000, -0.073, -0.645, 1.197, 3.658, -6.685, 2.715, 0.000, 20.86
1, 0, -0.063, 0.000, 0.000, 0.000, -0.028, -0.251, 1.137, 3.603, -7.081, 2.683, 0.000, 20.68
1, 0, 0.022, 0.000, 0.000, 0.000, 0.010, 0.087, 1.422, 3.626, -6.578, 1.410, 0.000, 20.59
1, 0, 0.038, 0.000, 0.000, 0.000, 0.014, 0.112, 2.528, 3.594, -5.673, -0.613, 0.000, 20.63
1, 0, -0.118, 0.000, 0.000, 0.000, -0.040, -0.326, 2.783, 3.565, -4.795, -1.070, 0.000, 20.70
1, 0, -0.307, 0.000, 0.000, 0.000, -0.091, -0.705, 3.684, 3.539, -4.174, -1.947, 0.000, 20.83
1, 0, -0.648, 0.000, 0.000, 0.000, -0.159, -1.079, 4.857, 3.516, -3.371, -3.115, -0.000, 21.04
1, 0, -1.236, -0.000, 0.000, 0.000, -0.249, -1.342, 5.897, 3.495, -2.813, -3.751, 0.000, 21.29
1, 0, -1.970, -0.000, 0.000, 0.000, -0.342, -1.519, 6.337, 3.475, -2.261, -3.720, 0.000, 21.54
1, 0, -2.703, -0.000, 0.000, 0.000, -0.414, -1.607, 6.734, 3.457, -1.923, -3.544, 0.000, 21.77
1, 0, -3.553, -0.000, 0.000, 0.000, -0.511, -1.450, 6.525, 3.696, -1.577, -3.130, -0.000, 21.98
1, 0, -3.833, -0.000, 0.000, 0.000, -0.550, -1.639, 6.236, 3.705, -1.634, -2.285, 0.000, 22.14
1, 0, -3.838, -0.000, 0.000, 0.000, -0.562, -1.896, 5.836, 3.710, -1.674, -1.577, -0.000, 22.24
1, 0, -3.448, -0.000, 0.000, 0.000, -0.559, -2.552, 5.067, 4.550, -1.914, -1.144, 0.000, 22.32
1, 0, -3.317, -0.000, 0.000, 0.000, -0.602, -3.082, 4.369, 6.728, -2.384, -1.712, 0.000, 22.43
1, 0, -3.265, -0.000, 0.000, 0.000, -0.660, -3.202, 4.359, 6.996, -3.060, -1.168, 0.000, 22.51
1, 0, -2.309, -0.000, 0.000, 0.000, -0.577, -4.300, 2.876, 7.205, -3.480, 0.585, 0.000, 22.47
1, 0, -1.990, -0.000, 0.000, 0.000, -0.555, -4.230, 2.497, 7.375, -3.898, 0.801, 0.000, 22.42
1, 0, -1.642, -0.000, 0.000, 0.000, -0.491, -3.854, 2.259, 5.933, -4.070, 1.866, -0.000, 22.29
1, 0, -1.243, -0.000, 0.000, 0.000, -0.401, -3.232, 2.068, 4.221, -4.436, 3.023, 0.000, 22.09
1, 0, -0.947, -0.000, 0.000, 0.000, -0.326, -2.683, 1.912, 4.040, -4.810, 2.813, 0.000, 21.90
1, 0, -0.755, 0.000, 0.000, 0.000, -0.265, -2.205, 1.783, 3.906, -4.751, 2.288, 0.000, 21.75
1, 0, -0.604, 0.000, 0.000, 0.000, -0.218, -1.829, 1.672, 3.803, -4.921, 2.097, -0.000, 21.61
1, 0, -0.495, 0.000, 0.000, 0.000, -0.179, -1.516, 1.577, 3.720, -4.876, 1.769, 0.000, 21.49
1, 0, -0.403, 0.000, 0.000, 0.000, -0.147, -1.258, 1.493, 3.654, -5.056, 1.718, 0.000, 21.38
1, 0, -0.332, 0.000, 0.000, 0.000, -0.121, -1.035, 1.418, 3.600, -5.018, 1.488, 0.000, 21.28
1, 0, -0.373, 0.000, 0.000, 0.000, -0.127, -1.109, 1.725, 4.392, -4.568, 0.059, 0.000, 21.28
1, 0, -0.504, 0.000, 0.000, 0.000, -0.149, -1.122, 2.651, 4.436, -3.936, -1.374, -0.000, 21.37
1, 0, -0.698, 0.000, 0.000, 0.000, -0.191, -1.509, 2.717, 4.466, -3.315, -1.470, -0.000, 21.46
1, 0, -0.965, -0.000, 0.000, 0.000, -0.235, -1.726, 3.442, 4.488, -2.932, -2.072, -0.000, 21.60
1, 0, -1.505, -0.000, 0.000, 0.000, -0.297, -1.811, 4.469, 4.504, -2.152, -3.208, 0.000, 21.82
1, 0, -2.222, -0.000, 0.000, 0.000, -0.372, -1.832, 5.051, 4.517, -1.810, -3.333, -0.000, 22.04
1, 0, -2.964, -0.000, 0.000, 0.000, -0.437, -1.786, 5.227, 4.527, -1.465, -3.102, 0.000, 22.25
1, 0, -3.912, -0.000, 0.000, 0.000, -0.509, -1.418, 5.687, 4.535, -1.330, -3.053, -0.000, 22.45
1, 0, -5.108, -0.000, 0.000, 0.000, -0.585, -0.733, 5.814, 4.541, -0.985, -2.943, -0.000, 22.65
1, 0, -5.458, -0.000, 0.000, 0.000, -0.622, -0.783, 5.577, 4.546, -1.040, -2.220, 0.000, 22.79
1, 0, -5.382, -0.000, 0.000, 0.000, -0.633, -1.079, 5.206, 4.550, -1.079, -1.583, 0.000, 22.90
1, 0, -5.022, -0.000, 0.000, 0.000, -0.633, -1.717, 4.631, 5.392, -1.117, -1.533, -0.000, 23.00
1, 0, -4.479, -0.000, 0.000, 0.000, -0.668, -2.764, 3.902, 7.574, -1.586, -1.979, -0.000, 23.13
1, 0, -4.034, -0.000, 0.000, 0.000, -0.719, -3.321, 3.645, 7.846, -2.250, -1.166, -0.000, 23.21
1, 0, -3.001, -0.000, 0.000, 0.000, -0.648, -4.463, 2.629, 8.060, -2.466, -0.111, 0.000, 23.22
1, 0, -2.751, -0.000, 0.000, 0.000, -0.639, -4.506, 2.298, 8.235, -2.471, -0.167, 0.000, 23.23
1, 0, -2.377, -0.000, 0.000, 0.000, -0.579, -4.215, 2.093, 6.286, -2.440, 1.231, 0.000, 23.15
1, 0, -1.913, -0.000, 0.000, 0.000, -0.498, -3.740, 1.929, 4.529, -2.596, 2.290, 0.000, 22.99
1, 0, -1.618, -0.000, 0.000, 0.000, -0.433, -3.313, 1.792, 4.315, -2.551, 1.809, 0.000, 22.87
1, 0, -1.407, -0.000, 0.000, 0.000, -0.384, -2.977, 1.677, 4.155, -2.514, 1.451, 0.000, 22.78
1, 0, -1.291, -0.000, 0.000, 0.000, -0.346, -2.695, 1.579, 4.030, -2.275, 0.999, 0.000, 22.71
1, 0, -1.187, -0.000, 0.000, 0.000, -0.318, -2.504, 1.492, 3.931, -2.254, 0.840, 0.000, 22.65
1, 0, -1.139, -0.000, 0.000, 0.000, -0.296, -2.332, 1.416, 3.850, -2.028, 0.530, 0.000, 22.62
1, 0, -1.122, -0.000, 0.000, 0.000, -0.280, -2.208, 1.347, 3.783, -1.809, 0.288, 0.000, 22.60
1, 0, -1.207, -0.000, 0.000, 0.000, -0.285, -2.277, 1.374, 4.566, -1.611, -0.560, 0.000, 22.64
1, 0, -1.467, -0.000, 0.000, 0.000, -0.301, -2.187, 1.746, 4.600, -1.220, -1.171, 0.000, 22.72
1, 0, -2.340, -0.000, 0.000, 0.000, -0.340, -1.675, 2.597, 4.622, -0.448, -2.415, -0.000, 22.88
1, 0, -4.217, -0.000, 0.000, 0.000, -0.402, -0.364, 3.271, 4.636, 0.094, -3.018, 0.000, 23.08
1, 0, -4.575, -0.000, 0.000, 0.000, -0.296, -0.731, 3.230, 4.646, 0.435, -2.708, -0.000, 23.26
1, 0, -4.170, -0.000, 0.000, 0.000, -0.152, -1.780, 3.473, 4.652, 0.574, -2.598, -0.000, 23.43
1, 0, -4.099, -0.000, 0.000, 0.000, -0.094, -2.306, 3.496, 4.656, 0.521, -2.174, -0.000, 23.58
1, 0, -3.687, -0.000, 0.000, 0.000, -0.014, -3.110, 3.728, 4.659, 0.668, -2.244, -0.000, 23.73
1, 0, -3.265, -0.000, 0.000, 0.000, -0.085, -3.771, 3.957, 4.660, 0.813, -2.309, -0.000, 23.88
1, 0, -2.891, -0.000, 0.000, 0.000, -0.148, -4.390, 4.187, 4.660, 0.956, -2.374, -0.000, 24.04
1, 0, -2.984, -0.000, 0.000, 0.000, -0.146, -4.498, 3.695, 4.660, 0.720, -1.448, -0.000, 24.13
1, 0, -3.051, -0.001, 0.000, 0.000, -0.154, -4.630, 3.142, 5.497, 0.684, -1.487, 0.000, 24.23
1, 0, -2.992, -0.001, 0.000, 0.000, -0.163, -5.271, 3.047, 7.675, 0.417, -2.712, 0.000, 24.41
1, 0, -2.715, -0.001, 0.000, 0.000, -0.158, -5.916, 3.030, 7.943, 0.157, -2.341, 0.000, 24.57
1, 0, -4.142, -0.001, 0.000, 0.000, -0.027, -4.862, 2.040, 8.153, -0.272, -0.889, -0.000, 24.63
1, 0, -5.085, -0.002, 0.000, 0.000, -0.327, -3.505, 1.787, 8.325, -0.695, -0.498, -0.000, 24.66
1, 0, -6.321, -0.002, 0.000, 0.000, -1.029, -0.785, 1.632, 6.373, -1.282, 1.414, -0.000, 24.57
1, 0, -3.092, -0.001, 0.000, 0.000, -0.809, -3.093, 1.508, 4.612, -1.638, 2.513, -0.000, 24.40
1, 0, -1.782, -0.001, 0.000, 0.000, -0.667, -3.613, 1.404, 4.394, -2.003, 2.267, 0.000, 24.25
1, 0, -1.144, -0.000, 0.000, 0.000, -0.561, -3.572, 1.317, 4.231, -2.375, 2.104, 0.000, 24.11
1, 0, -0.746, -0.000, 0.000, 0.000, -0.471, -3.356, 1.241, 4.104, -2.962, 2.190, 0.000, 23.96
1, 0, -0.545, -0.000, 0.000, 0.000, -0.397, -2.988, 1.175, 4.002, -3.341, 2.095, -0.000, 23.82
1, 0, -0.418, -0.000, 0.000, 0.000, -0.332, -2.604, 1.115, 3.918, -3.725, 2.046, 0.000, 23.69
1, 0, -0.316, -0.000, 0.000, 0.000, -0.273, -2.213, 1.062, 3.849, -4.327, 2.218, 0.000, 23.54
1, 0, -0.288, -0.000, 0.000, 0.000, -0.227, -1.915, 1.210, 3.859, -4.070, 1.432, 0.000, 23.44
1, 0, -0.542, -0.000, 0.000, 0.000, -0.284, -1.448, 2.401, 3.815, -3.005, -0.937, -0.000, 23.51
1, 0, -0.902, -0.000, 0.000, 0.000, -0.342, -1.549, 2.831, 3.776, -2.189, -1.625, 0.000, 23.62
1, 0, -2.387, -0.000, 0.000, 0.000, -0.551, -0.451, 3.659, 3.741, -1.410, -2.600, -0.000, 23.79
1, 0, -1.852, -0.000, 0.000, 0.000, -0.186, -2.088, 4.674, 3.708, -0.869, -3.387, -0.000, 24.01
1, 0, -1.518, -0.000, 0.000, 0.000, -0.069, -3.408, 5.625, 3.679, -0.148, -4.160, -0.000, 24.29
1, 0, -1.487, -0.000, 0.000, 0.000, -0.128, -4.317, 6.152, 3.652, 0.161, -4.032, 0.000, 24.56
1, 0, -1.452, -0.000, 0.000, 0.000, -0.193, -5.101, 6.365, 3.626, 0.475, -3.720, 0.000, 24.81
1, 0, -1.434, -0.000, 0.000, 0.000, -0.240, -5.752, 6.167, 3.859, 0.598, -3.198, 0.000, 25.02
1, 0, -1.335, -0.000, 0.000, 0.000, -0.287, -6.229, 5.838, 3.861, 0.737, -2.585, 0.000, 25.19
1, 0, -1.230, -0.000, 0.000, 0.000, -0.303, -6.531, 5.473, 3.860, 0.493, -1.761, 0.000, 25.31
1, 0, -1.103, -0.000, 0.000, 0.000, -0.329, -6.879, 4.952, 4.694, 0.450, -1.784, 0.000, 25.43
1, 0, -1.026, -0.000, 0.000, 0.000, -0.317, -7.449, 4.291, 6.866, -0.210, -2.155, -0.000, 25.57
1, 0, -0.924, -0.001, 0.000, 0.000, -0.279, -7.748, 3.714, 7.129, -0.650, -1.242, 0.000, 25.66
1, 0, -1.153, -0.001, 0.000, 0.000, -0.122, -7.601, 2.659, 7.333, -1.265, 0.151, 0.000, 25.65
1, 0, -1.261, -0.002, 0.000, 0.000, -0.369, -6.855, 2.336, 7.498, -1.878, 0.532, -0.000, 25.61
1, 0, -2.791, -0.005, 0.000, 0.000, -2.316, -2.511, 2.117, 6.051, -2.464, 1.918, -0.000, 25.48
1, 0, -0.838, -0.001, 0.000, 0.000, -1.240, -4.314, 1.942, 4.335, -3.026, 3.142, -0.000, 25.27
1, 0, -0.348, -0.000, 0.000, 0.000, -0.776, -4.222, 1.798, 4.149, -3.597, 2.996, -0.000, 25.07
1, 0, -0.205, -0.000, 0.000, 0.000, -0.576, -3.673, 1.677, 4.011, -3.964, 2.730, -0.000, 24.89
1, 0, -0.141, -0.000, 0.000, 0.000, -0.446, -3.112, 1.575, 3.903, -4.337, 2.559, -0.000, 24.72
1, 0, -0.123, -0.000, 0.000, 0.000, -0.341, -2.547, 1.486, 3.817, -4.934, 2.642, 0.000, 24.55
1, 0, -0.119, -0.000, 0.000, 0.000, -0.258, -2.002, 1.407, 3.747, -5.315, 2.539, 0.000, 24.38
1, 0, -0.107, 0.000, 0.000, 0.000, -0.189, -1.513, 1.337, 3.689, -5.701, 2.484, -0.000, 24.21
1, 0, -0.114, 0.000, 0.000, 0.000, -0.149, -1.234, 1.560, 3.709, -5.215, 1.443, 0.000, 24.11
1, 0, -0.180, 0.000, 0.000, 0.000, -0.160, -1.023, 2.466, 3.673, -4.553, -0.224, -0.000, 24.13
1, 0, -0.333, -0.000, 0.000, 0.000, -0.207, -1.238, 3.001, 3.641, -3.704, -1.160, -0.000, 24.21
1, 0, -0.781, -0.000, 0.000, 0.000, -0.323, -1.251, 3.905, 3.613, -2.896, -2.267, -0.000, 24.36
1, 0, -1.859, -0.000, 0.000, 0.000, -0.421, -0.848, 5.023, 3.587, -2.127, -3.355, -0.000, 24.58
1, 0, -1.543, -0.000, 0.000, 0.000, -0.165, -2.359, 6.014, 3.563, -1.389, -4.121, -0.000, 24.86
1, 0, -1.615, -0.000, 0.000, 0.000, -0.101, -3.347, 6.492, 3.540, -1.069, -3.900, -0.000, 25.12
1, 0, -1.647, -0.000, 0.000, 0.000, -0.083, -4.185, 6.751, 3.520, -0.745, -3.610, 0.000, 25.36
1, 0, -1.682, -0.000, 0.000, 0.000, -0.114, -4.858, 6.563, 3.757, -0.414, -3.251, 0.000, 25.57
1, 0, -1.636, -0.000, 0.000, 0.000, -0.156, -5.364, 6.346, 3.763, -0.275, -2.679, 0.000, 25.75
1, 0, -1.643, -0.000, 0.000, 0.000, -0.159, -5.625, 5.861, 3.765, -0.521, -1.678, -0.000, 25.86
1, 0, -1.714, -0.000, 0.000, 0.000, -0.144, -5.793, 5.107, 4.603, -0.758, -1.301, -0.000, 25.95
1, 0, -1.760, -0.001, 0.000, 0.000, -0.099, -6.215, 4.458, 6.779, -1.218, -1.946, 0.000, 26.08
1, 0, -1.590, -0.001, 0.000, 0.000, -0.045, -6.574, 4.564, 7.046, -1.880, -1.520, 0.000, 26.18
1, 0, -3.692, -0.002, 0.000, 0.000, -0.828, -3.740, 2.995, 7.253, -2.500, 0.515, 0.000, 26.15
1, 0, -4.446, -0.002, 0.000, 0.000, -1.730, -1.656, 2.596, 7.421, -2.907, 0.725, -0.000, 26.10
1, 0, -1.955, -0.001, 0.000, 0.000, -1.110, -3.921, 2.352, 5.977, -3.287, 1.945, 0.000, 25.97
1, 0, -0.982, -0.000, 0.000, 0.000, -0.767, -4.036, 2.158, 4.263, -3.855, 3.218, 0.000, 25.76
1, 0, -0.630, -0.000, 0.000, 0.000, -0.579, -3.571, 1.998, 4.081, -4.217, 2.918, 0.000, 25.56
1, 0, -0.448, -0.000, 0.000, 0.000, -0.448, -3.041, 1.864, 3.945, -4.588, 2.716, -0.000, 25.38
1, 0, -0.356, -0.000, 0.000, 0.000, -0.354, -2.530, 1.751, 3.840, -4.748, 2.397, -0.000, 25.22
1, 0, -0.282, -0.000, 0.000, 0.000, -0.278, -2.079, 1.652, 3.757, -5.132, 2.362, -0.000, 25.06
1, 0, -0.232, -0.000, 0.000, 0.000, -0.216, -1.667, 1.565, 3.689, -5.300, 2.161, -0.000, 24.92
1, 0, -0.183, 0.000, 0.000, 0.000, -0.163, -1.294, 1.487, 3.633, -5.692, 2.212, 0.000, 24.77
1, 0, -0.163, 0.000, 0.000, 0.000, -0.128, -1.062, 1.595, 3.655, -5.428, 1.531, 0.000, 24.67
1, 0, -0.235, 0.000, 0.000, 0.000, -0.136, -0.868, 2.591, 3.621, -4.548, -0.425, -0.000, 24.70
1, 0, -0.419, -0.000, 0.000, 0.000, -0.184, -1.094, 3.087, 3.592, -3.704, -1.278, -0.000, 24.78
1, 0, -1.047, -0.000, 0.000, 0.000, -0.303, -0.986, 4.133, 3.565, -2.694, -2.668, -0.000, 24.96
1, 0, -1.981, -0.000, 0.000, 0.000, -0.305, -0.919, 5.352, 3.541, -1.939, -3.748, 0.000, 25.21
1, 0, -1.745, -0.000, 0.000, 0.000, -0.135, -2.342, 6.308, 3.518, -1.212, -4.392, -0.000, 25.50
1, 0, -1.801, -0.000, 0.000, 0.000, -0.078, -3.407, 6.767, 3.498, -0.698, -4.281, 0.000, 25.79
1, 0, -1.818, -0.000, 0.000, 0.000, -0.105, -4.287, 7.054, 3.479, -0.385, -3.939, 0.000, 26.05
1, 0, -1.864, -0.000, 0.000, 0.000, -0.144, -4.972, 6.868, 3.717, -0.262, -3.343, 0.000, 26.27
1, 0, -1.795, -0.000, 0.000, 0.000, -0.188, -5.495, 6.627, 3.726, -0.126, -2.749, 0.000, 26.46
1, 0, -1.737, -0.000, 0.000, 0.000, -0.211, -5.810, 6.085, 3.729, -0.172, -1.884, 0.000, 26.58
1, 0, -1.784, -0.000, 0.000, 0.000, -0.196, -6.005, 5.335, 4.568, -0.611, -1.307, -0.000, 26.67
1, 0, -1.758, -0.000, 0.000, 0.000, -0.173, -6.456, 4.707, 6.746, -1.070, -1.995, -0.000, 26.80
1, 0, -1.682, -0.001, 0.000, 0.000, -0.101, -6.733, 4.522, 7.013, -1.724, -1.296, -0.000, 26.89
1, 0, -2.750, -0.001, 0.000, 0.000, -0.255, -5.505, 3.094, 7.222, -2.134, 0.330, 0.000, 26.87
1, 0, -3.538, -0.002, 0.000, 0.000, -0.798, -3.780, 2.704, 7.391, -2.542, 0.565, -0.000, 26.83
1, 0, -3.537, -0.002, 0.000, 0.000, -1.501, -2.226, 2.457, 5.949, -3.131, 1.990, -0.000, 26.70
1, 0, -1.560, -0.001, 0.000, 0.000, -0.954, -3.549, 2.258, 4.236, -3.484, 3.054, -0.000, 26.49
1, 0, -0.876, -0.000, 0.000, 0.000, -0.687, -3.518, 2.094, 4.054, -3.846, 2.779, -0.000, 26.31
1, 0, -0.574, -0.000, 0.000, 0.000, -0.524, -3.156, 1.956, 3.920, -4.216, 2.594, -0.000, 26.14
1, 0, -0.438, -0.000, 0.000, 0.000, -0.415, -2.713, 1.839, 3.816, -4.377, 2.289, 0.000, 25.98
1, 0, -0.337, -0.000, 0.000, 0.000, -0.329, -2.305, 1.736, 3.733, -4.760, 2.262, -0.000, 25.83
1, 0, -0.265, -0.000, 0.000, 0.000, -0.258, -1.900, 1.646, 3.666, -5.146, 2.257, 0.000, 25.68
1, 0, -0.217, -0.000, 0.000, 0.000, -0.200, -1.522, 1.565, 3.611, -5.315, 2.078, 0.000, 25.54
1, 0, -0.200, 0.000, 0.000, 0.000, -0.162, -1.294, 1.634, 3.634, -5.056, 1.444, 0.000, 25.45
1, 0, -0.227, 0.000, 0.000, 0.000, -0.151, -1.151, 1.970, 3.601, -4.599, 0.556, 0.000, 25.41
1, 0, -0.309, -0.000, 0.000, 0.000, -0.165, -1.156, 2.477, 3.572, -4.166, -0.254, -0.000, 25.43
1, 0, -0.447, -0.000, 0.000, 0.000, -0.193, -1.247, 2.802, 3.546, -3.748, -0.714, -0.000, 25.47
1, 0, -0.685, -0.000, 0.000, 0.000, -0.236, -1.305, 3.211, 3.523, -3.345, -1.163, -0.000, 25.55
1, 0, -1.120, -0.000, 0.000, 0.000, -0.308, -1.206, 3.857, 3.501, -3.169, -1.556, 0.000, 25.66
1, 0, -2.005, -0.000, 0.000, 0.000, -0.423, -0.686, 4.331, 3.481, -2.788, -1.910, -0.000, 25.78
1, 0, -2.159, -0.000, 0.000, 0.000, -0.432, -0.939, 3.904, 3.463, -2.606, -1.231, 0.000, 25.86
1, 0, -2.790, -0.000, 0.000, 0.000, -0.508, -0.551, 4.133, 3.702, -2.640, -1.345, -0.000, 25.95
1, 0, -3.057, -0.000, 0.000, 0.000, -0.464, -0.638, 4.497, 3.711, -2.467, -1.582, -0.000, 26.06
1, 0, -3.573, -0.000, 0.000, 0.000, -0.576, -0.259, 4.102, 3.715, -2.490, -0.920, -0.000, 26.12
1, 0, -2.562, -0.000, 0.000, 0.000, -0.520, -1.564, 3.336, 4.555, -2.715, -0.529, -0.000, 26.16
1, 0, -2.327, -0.000, 0.000, 0.000, -0.547, -2.318, 2.980, 6.733, -2.967, -1.554, 0.000, 26.26
1, 0, -1.920, -0.000, 0.000, 0.000, -0.537, -3.017, 2.476, 7.001, -3.201, -0.802, -0.000, 26.31
1, 0, -1.493, -0.000, 0.000, 0.000, -0.509, -3.534, 2.027, 7.210, -3.633, -0.068, -0.000, 26.32
1, 0, -1.341, -0.000, 0.000, 0.000, -0.507, -3.583, 1.821, 7.379, -3.848, 0.078, -0.000, 26.31
1, 0, -1.062, -0.000, 0.000, 0.000, -0.451, -3.355, 1.679, 5.938, -4.246, 1.498, -0.000, 26.21
1, 0, -0.799, -0.000, 0.000, 0.000, -0.362, -2.773, 1.561, 4.225, -4.400, 2.548, -0.000, 26.04
1, 0, -0.593, -0.000, 0.000, 0.000, -0.290, -2.289, 1.462, 4.044, -4.778, 2.444, -0.000, 25.88
1, 0, -0.455, -0.000, 0.000, 0.000, -0.230, -1.851, 1.377, 3.910, -4.944, 2.194, 0.000, 25.73
1, 0, -0.352, 0.000, 0.000, 0.000, -0.181, -1.481, 1.302, 3.806, -5.114, 2.020, 0.000, 25.60
1, 0, -0.259, 0.000, 0.000, 0.000, -0.138, -1.147, 1.236, 3.724, -5.507, 2.092, 0.000, 25.46
1, 0, -0.186, 0.000, 0.000, 0.000, -0.099, -0.835, 1.176, 3.658, -5.681, 1.968, -0.000, 25.33
1, 0, -0.124, 0.000, 0.000, 0.000, -0.066, -0.562, 1.122, 3.603, -5.858, 1.886, -0.000, 25.20
1, 0, -0.098, 0.000, 0.000, 0.000, -0.049, -0.427, 1.286, 3.626, -5.600, 1.261, 0.000, 25.12
1, 0, -0.118, 0.000, 0.000, 0.000, -0.048, -0.355, 2.229, 3.594, -4.940, -0.361, -0.000, 25.14
1, 0, -0.260, 0.000, 0.000, 0.000, -0.088, -0.630, 2.664, 3.565, -4.088, -1.163, -0.000, 25.22
1, 0, -0.577, -0.000, 0.000, 0.000, -0.150, -0.854, 3.597, 3.539, -3.277, -2.279, -0.000, 25.37
1, 0, -1.294, -0.000, 0.000, 0.000, -0.241, -0.817, 4.592, 3.516, -2.711, -3.045, -0.000, 25.58
1, 0, -2.443, -0.000, 0.000, 0.000, -0.304, -0.454, 5.180, 3.495, -2.157, -3.316, -0.000, 25.80
1, 0, -2.666, -0.000, 0.000, 0.000, -0.224, -1.140, 5.589, 3.475, -1.817, -3.217, -0.000, 26.01
1, 0, -2.591, -0.000, 0.000, 0.000, -0.126, -2.074, 6.143, 3.457, -1.481, -3.327, -0.000, 26.23
1, 0, -2.714, -0.000, 0.000, 0.000, -0.055, -2.766, 6.056, 3.696, -1.142, -3.074, 0.000, 26.44
1, 0, -2.809, -0.000, 0.000, 0.000, -0.045, -3.184, 5.848, 3.705, -1.199, -2.315, 0.000, 26.59
1, 0, -2.934, -0.000, 0.000, 0.000, -0.047, -3.324, 5.315, 3.710, -1.235, -1.484, 0.000, 26.69
1, 0, -3.281, -0.000, 0.000, 0.000, -0.110, -3.154, 4.595, 4.550, -1.470, -1.129, -0.000, 26.77
1, 0, -3.997, -0.001, 0.000, 0.000, -0.284, -2.741, 3.876, 6.728, -1.928, -1.654, 0.000, 26.88
1, 0, -4.668, -0.001, 0.000, 0.000, -0.574, -1.905, 3.581, 6.996, -2.580, -0.850, 0.000, 26.93
1, 0, -3.543, -0.001, 0.000, 0.000, -0.729, -2.837, 2.591, 7.205, -2.997, 0.311, 0.000, 26.91
1, 0, -2.686, -0.000, 0.000, 0.000, -0.690, -3.445, 2.255, 7.375, -3.201, 0.393, -0.000, 26.89
1, 0, -1.890, -0.000, 0.000, 0.000, -0.604, -3.610, 2.048, 5.933, -3.588, 1.712, -0.000, 26.77
1, 0, -1.348, -0.000, 0.000, 0.000, -0.493, -3.213, 1.881, 4.221, -3.737, 2.689, -0.000, 26.59
1, 0, -0.959, -0.000, 0.000, 0.000, -0.404, -2.840, 1.744, 4.040, -4.107, 2.526, -0.000, 26.42
1, 0, -0.730, -0.000, 0.000, 0.000, -0.332, -2.437, 1.629, 3.906, -4.269, 2.233, 0.000, 26.28
1, 0, -0.571, -0.000, 0.000, 0.000, -0.274, -2.077, 1.531, 3.803, -4.437, 2.026, 0.000, 26.14
1, 0, -0.475, -0.000, 0.000, 0.000, -0.228, -1.763, 1.446, 3.720, -4.394, 1.694, 0.000, 26.03
1, 0, -0.391, -0.000, 0.000, 0.000, -0.191, -1.507, 1.370, 3.654, -4.572, 1.637, -0.000, 25.92
1, 0, -0.320, 0.000, 0.000, 0.000, -0.158, -1.269, 1.303, 3.600, -4.752, 1.597, -0.000, 25.81
1, 0, -0.316, 0.000, 0.000, 0.000, -0.151, -1.271, 1.331, 4.392, -4.733, 0.748, 0.000, 25.76
1, 0, -0.379, 0.000, 0.000, 0.000, -0.159, -1.247, 1.768, 4.436, -4.297, -0.122, 0.000, 25.77
1, 0, -0.624, -0.000, 0.000, 0.000, -0.199, -1.296, 2.607, 4.466, -3.464, -1.490, -0.000, 25.87
1, 0, -1.246, -0.000, 0.000, 0.000, -0.283, -1.223, 3.449, 4.488, -2.670, -2.514, -0.000, 26.04
1, 0, -2.491, -0.000, 0.000, 0.000, -0.387, -0.616, 3.889, 4.504, -2.105, -2.793, -0.000, 26.22
1, 0, -2.904, -0.000, 0.000, 0.000, -0.284, -1.029, 4.371, 4.517, -1.758, -2.914, -0.000, 26.42
1, 0, -2.524, -0.000, 0.000, 0.000, -0.102, -2.314, 5.088, 4.527, -1.422, -3.253, -0.000, 26.63
1, 0, -2.359, -0.000, 0.000, 0.000, -0.025, -3.296, 5.580, 4.535, -1.090, -3.344, -0.000, 26.86
1, 0, -2.435, -0.000, 0.000, 0.000, -0.057, -3.802, 5.310, 4.541, -0.948, -2.608, 0.000, 27.03
1, 0, -2.399, -0.000, 0.000, 0.000, -0.082, -4.188, 5.176, 4.546, -0.998, -2.054, -0.000, 27.17
1, 0, -2.376, -0.000, 0.000, 0.000, -0.094, -4.404, 4.812, 4.550, -1.034, -1.454, -0.000, 27.26
1, 0, -2.526, -0.000, 0.000, 0.000, -0.070, -4.521, 4.275, 5.392, -1.271, -1.279, -0.000, 27.35
1, 0, -2.851, -0.001, 0.000, 0.000, -0.020, -4.784, 3.621, 7.574, -1.527, -2.011, -0.000, 27.48
1, 0, -3.353, -0.001, 0.000, 0.000, -0.160, -4.367, 3.112, 7.846, -1.971, -1.108, -0.000, 27.56
1, 0, -5.665, -0.002, 0.000, 0.000, -0.785, -1.425, 2.383, 8.060, -2.395, -0.171, -0.000, 27.57
1, 0, -5.131, -0.002, 0.000, 0.000, -1.032, -1.523, 2.093, 8.235, -2.606, -0.034, -0.000, 27.57
1, 0, -3.222, -0.001, 0.000, 0.000, -0.852, -2.853, 1.909, 6.286, -2.780, 1.513, 0.000, 27.47
1, 0, -2.071, -0.001, 0.000, 0.000, -0.680, -3.113, 1.760, 4.529, -2.931, 2.507, 0.000, 27.30
1, 0, -1.438, -0.000, 0.000, 0.000, -0.558, -3.033, 1.637, 4.315, -3.090, 2.168, 0.000, 27.16
1, 0, -1.057, -0.000, 0.000, 0.000, -0.467, -2.831, 1.533, 4.155, -3.256, 1.924, 0.000, 27.03
1, 0, -0.875, -0.000, 0.000, 0.000, -0.400, -2.548, 1.443, 4.030, -3.216, 1.567, 0.000, 26.93
1, 0, -0.758, -0.000, 0.000, 0.000, -0.350, -2.308, 1.365, 3.931, -3.184, 1.303, -0.000, 26.84
1, 0, -0.635, -0.000, 0.000, 0.000, -0.307, -2.127, 1.296, 3.850, -3.366, 1.288, -0.000, 26.75
1, 0, -0.571, -0.000, 0.000, 0.000, -0.272, -1.929, 1.233, 3.783, -3.339, 1.095, -0.000, 26.68
1, 0, -0.568, -0.000, 0.000, 0.000, -0.262, -1.961, 1.229, 4.566, -3.331, 0.327, -0.000, 26.66
1, 0, -0.578, -0.000, 0.000, 0.000, -0.257, -1.950, 1.221, 4.600, -3.323, 0.287, 0.000, 26.64
1, 0, -0.907, -0.000, 0.000, 0.000, -0.291, -1.709, 1.839, 4.622, -2.704, -0.849, 0.000, 26.70
1, 0, -1.098, -0.000, 0.000, 0.000, -0.310, -1.760, 1.778, 4.636, -2.511, -0.735, 0.000, 26.75
1, 0, -1.317, -0.000, 0.000, 0.000, -0.335, -1.716, 1.939, 4.646, -2.528, -0.690, -0.000, 26.79
1, 0, -2.781, -0.000, 0.000, 0.000, -0.455, -0.399, 2.622, 4.652, -2.143, -1.496, -0.000, 26.89
1, 0, -2.240, -0.000, 0.000, 0.000, -0.187, -1.630, 3.127, 4.656, -1.773, -1.952, 0.000, 27.02
1, 0, -2.140, -0.000, 0.000, 0.000, -0.098, -2.250, 3.183, 4.659, -1.607, -1.747, -0.000, 27.14
1, 0, -1.556, -0.000, 0.000, 0.000, -0.067, -3.326, 4.179, 4.660, -1.258, -2.632, -0.000, 27.31
1, 0, -1.538, -0.000, 0.000, 0.000, -0.111, -3.813, 4.077, 4.660, -1.105, -2.170, 0.000, 27.46
1, 0, -1.739, -0.000, 0.000, 0.000, -0.108, -3.885, 3.251, 4.660, -1.130, -1.048, -0.000, 27.53
1, 0, -1.652, -0.000, 0.000, 0.000, -0.132, -4.227, 3.184, 5.497, -1.167, -1.502, -0.000, 27.63
1, 0, -1.713, -0.001, 0.000, 0.000, -0.154, -4.859, 2.827, 7.675, -1.229, -2.546, -0.000, 27.80
1, 0, -2.067, -0.001, 0.000, 0.000, -0.101, -4.975, 2.186, 7.943, -1.473, -1.512, -0.000, 27.90
1, 0, -2.912, -0.001, 0.000, 0.000, -0.116, -4.251, 1.726, 8.153, -1.905, -0.695, -0.000, 27.94
1, 0, -3.460, -0.002, 0.000, 0.000, -0.368, -3.420, 1.547, 8.325, -2.126, -0.496, -0.000, 27.98
1, 0, -4.247, -0.003, 0.000, 0.000, -0.805, -1.560, 1.416, 6.373, -2.308, 1.133, 0.000, 27.90
1, 0, -3.249, -0.002, 0.000, 0.000, -0.933, -1.462, 1.310, 4.612, -2.464, 2.188, 0.000, 27.76
1, 0, -1.737, -0.001, 0.000, 0.000, -0.683, -2.463, 1.221, 4.394, -2.628, 1.897, -0.000, 27.63
1, 0, -1.085, -0.001, 0.000, 0.000, -0.541, -2.642, 1.146, 4.231, -2.798, 1.689, 0.000, 27.52
1, 0, -0.751, -0.000, 0.000, 0.000, -0.444, -2.560, 1.081, 4.104, -2.972, 1.543, 0.000, 27.41
1, 0, -0.560, -0.000, 0.000, 0.000, -0.373, -2.386, 1.023, 4.002, -3.149, 1.443, 0.000, 27.32
1, 0, -0.440, -0.000, 0.000, 0.000, -0.318, -2.179, 0.972, 3.918, -3.329, 1.376, -0.000, 27.23
1, 0, -0.360, -0.000, 0.000, 0.000, -0.272, -1.964, 0.926, 3.849, -3.510, 1.332, 0.000, 27.14
1, 0, -0.361, -0.000, 0.000, 0.000, -0.240, -1.786, 0.991, 3.859, -3.275, 0.814, -0.000, 27.08
1, 0, -0.583, -0.000, 0.000, 0.000, -0.276, -1.467, 1.490, 3.815, -2.852, -0.127, 0.000, 27.09
1, 0, -1.062, -0.000, 0.000, 0.000, -0.340, -1.100, 1.841, 3.776, -2.445, -0.669, -0.000, 27.14
1, 0, -1.496, -0.000, 0.000, 0.000, -0.241, -1.057, 2.423, 3.741, -2.057, -1.312, -0.000, 27.22
1, 0, -0.934, -0.000, 0.000, 0.000, -0.027, -2.297, 3.280, 3.708, -1.487, -2.243, 0.000, 27.37
1, 0, -0.711, -0.000, 0.000, 0.000, -0.134, -3.098, 4.425, 3.679, -0.747, -3.415, -0.000, 27.60
1, 0, -0.697, -0.000, 0.000, 0.000, -0.195, -3.862, 4.828, 3.652, -0.420, -3.304, 0.000, 27.82
1, 0, -0.671, -0.000, 0.000, 0.000, -0.253, -4.508, 4.749, 3.626, -0.085, -2.857, 0.000, 28.01
1, 0, -0.603, -0.000, 0.000, 0.000, -0.303, -5.082, 4.643, 3.859, 0.054, -2.568, 0.000, 28.18
1, 0, -0.491, -0.000, 0.000, 0.000, -0.340, -5.522, 4.528, 3.861, 0.005, -2.043, 0.000, 28.32
1, 0, -0.348, -0.000, 0.000, 0.000, -0.371, -5.829, 4.174, 3.860, -0.030, -1.456, 0.000, 28.42
1, 0, -0.184, -0.000, 0.000, 0.000, -0.401, -6.206, 3.728, 4.694, -0.265, -1.365, 0.000, 28.51
1, 0, -0.080, -0.000, 0.000, 0.000, -0.442, -6.840, 3.194, 6.866, -0.520, -2.178, -0.000, 28.65
1, 0, -0.216, -0.000, 0.000, 0.000, -0.443, -6.952, 2.564, 7.129, -0.954, -1.126, -0.000, 28.73
1, 0, -0.501, -0.001, 0.000, 0.000, -0.423, -6.683, 1.989, 7.333, -1.372, -0.341, -0.000, 28.75
1, 0, -0.872, -0.001, 0.000, 0.000, -0.346, -6.198, 1.759, 7.498, -1.990, 0.150, -0.000, 28.74
1, 0, -1.332, -0.001, 0.000, 0.000, -0.187, -5.178, 1.600, 6.051, -2.578, 1.624, -0.000, 28.63
1, 0, -1.823, -0.001, 0.000, 0.000, -0.049, -3.735, 1.472, 4.335, -2.933, 2.734, -0.000, 28.45
1, 0, -3.334, -0.001, 0.000, 0.000, -0.655, -0.699, 1.366, 4.149, -3.505, 2.679, -0.000, 28.27
1, 0, -1.156, -0.000, 0.000, 0.000, -0.506, -2.207, 1.277, 4.011, -4.085, 2.667, -0.000, 28.09
1, 0, -0.489, -0.000, 0.000, 0.000, -0.381, -2.282, 1.201, 3.903, -4.457, 2.504, 0.000, 27.93
1, 0, -0.164, -0.000, 0.000, 0.000, -0.291, -2.041, 1.135, 3.817, -5.049, 2.594, -0.000, 27.75
1, 0, -0.016, -0.000, 0.000, 0.000, -0.215, -1.635, 1.076, 3.747, -5.646, 2.690, 0.000, 27.57
1, 0, 0.040, 0.000, 0.000, 0.000, -0.144, -1.151, 1.023, 3.689, -6.248, 2.790, -0.000, 27.39
1, 0, 0.032, 0.000, 0.000, 0.000, -0.095, -0.799, 1.154, 3.709, -5.972, 1.971, -0.000, 27.26
1, 0, -0.002, 0.000, 0.000, 0.000, -0.090, -0.586, 1.993, 3.673, -5.295, 0.306, 0.000, 27.24
1, 0, -0.060, -0.000, 0.000, 0.000, -0.142, -0.790, 2.555, 3.641, -4.434, -0.770, 0.000, 27.29
1, 0, -0.256, -0.000, 0.000, 0.000, -0.250, -0.971, 3.084, 3.613, -3.817, -1.403, 0.000, 27.38
1, 0, -1.142, -0.001, 0.000, 0.000, -0.553, -0.341, 3.855, 3.587, -3.436, -1.969, -0.000, 27.51
1, 0, -0.833, -0.000, 0.000, 0.000, -0.156, -1.707, 4.554, 3.563, -2.860, -2.561, -0.000, 27.68
1, 0, -0.820, -0.000, 0.000, 0.000, -0.046, -2.556, 5.222, 3.540, -2.507, -2.832, -0.000, 27.87
1, 0, -0.830, -0.000, 0.000, 0.000, -0.054, -3.264, 5.673, 3.520, -2.158, -2.887, -0.000, 28.06
1, 0, -0.836, -0.000, 0.000, 0.000, -0.105, -3.939, 5.895, 3.757, -1.814, -2.958, -0.000, 28.26
1, 0, -0.858, -0.000, 0.000, 0.000, -0.140, -4.427, 5.524, 3.763, -1.660, -2.202, -0.000, 28.41
1, 0, -0.853, -0.000, 0.000, 0.000, -0.155, -4.712, 5.064, 3.765, -1.695, -1.414, 0.000, 28.50
1, 0, -0.858, -0.000, 0.000, 0.000, -0.150, -5.006, 4.594, 4.603, -1.933, -1.249, -0.000, 28.59
1, 0, -0.950, -0.001, 0.000, 0.000, -0.100, -5.493, 3.814, 6.779, -2.392, -1.659, -0.000, 28.70
1, 0, -1.119, -0.001, 0.000, 0.000, -0.053, -5.562, 3.226, 7.046, -2.830, -0.707, 0.000, 28.74
1, 0, -2.167, -0.002, 0.000, 0.000, -0.823, -3.690, 2.424, 7.253, -3.248, 0.254, -0.000, 28.73
1, 0, -2.287, -0.002, 0.000, 0.000, -1.720, -2.403, 2.115, 7.421, -3.662, 0.540, 0.000, 28.69
1, 0, -0.825, -0.001, 0.000, 0.000, -0.964, -3.899, 1.918, 5.977, -4.047, 1.840, -0.000, 28.57
1, 0, -0.425, -0.000, 0.000, 0.000, -0.643, -3.539, 1.760, 4.263, -4.405, 2.990, 0.000, 28.37
1, 0, -0.277, -0.000, 0.000, 0.000, -0.464, -2.975, 1.630, 4.081, -4.772, 2.778, 0.000, 28.18
1, 0, -0.220, -0.000, 0.000, 0.000, -0.351, -2.417, 1.521, 3.945, -4.930, 2.451, -0.000, 28.02
1, 0, -0.174, -0.000, 0.000, 0.000, -0.263, -1.930, 1.429, 3.840, -5.310, 2.408, -0.000, 27.86
1, 0, -0.146, -0.000, 0.000, 0.000, -0.196, -1.491, 1.348, 3.757, -5.476, 2.204, -0.000, 27.71
1, 0, -0.120, 0.000, 0.000, 0.000, -0.143, -1.120, 1.277, 3.689, -5.646, 2.063, 0.000, 27.58
1, 0, -0.094, 0.000, 0.000, 0.000, -0.100, -0.799, 1.214, 3.633, -5.820, 1.966, 0.000, 27.44
1, 0, -0.083, 0.000, 0.000, 0.000, -0.074, -0.621, 1.264, 3.655, -5.560, 1.419, -0.000, 27.35
1, 0, -0.119, 0.000, 0.000, 0.000, -0.077, -0.519, 2.113, 3.621, -4.899, -0.121, 0.000, 27.36
1, 0, -0.233, 0.000, 0.000, 0.000, -0.113, -0.722, 2.472, 3.592, -4.261, -0.736, -0.000, 27.41
1, 0, -0.431, -0.000, 0.000, 0.000, -0.161, -0.881, 2.874, 3.565, -3.855, -1.112, -0.000, 27.48
1, 0, -0.522, -0.000, 0.000, 0.000, -0.182, -1.095, 2.573, 3.541, -3.866, -0.448, -0.000, 27.51
1, 0, -0.665, -0.000, 0.000, 0.000, -0.202, -1.131, 2.673, 3.518, -3.663, -0.530, -0.000, 27.55
1, 0, -1.198, -0.000, 0.000, 0.000, -0.277, -0.800, 3.587, 3.498, -3.482, -1.328, 0.000, 27.63
1, 0, -1.947, -0.000, 0.000, 0.000, -0.310, -0.481, 4.302, 3.479, -3.102, -1.940, 0.000, 27.76
1, 0, -2.402, -0.000, 0.000, 0.000, -0.415, -0.392, 3.724, 3.717, -3.130, -1.102, 0.000, 27.84
1, 0, -2.211, -0.000, 0.000, 0.000, -0.286, -1.024, 4.328, 3.726, -2.956, -1.577, -0.000, 27.94
1, 0, -2.815, -0.000, 0.000, 0.000, -0.415, -0.556, 3.732, 3.729, -2.973, -0.700, -0.000, 27.99
1, 0, -2.172, -0.000, 0.000, 0.000, -0.435, -1.385, 2.841, 4.568, -3.192, -0.224, 0.000, 28.00
1, 0, -2.093, -0.000, 0.000, 0.000, -0.481, -1.945, 2.661, 6.746, -3.441, -1.446, 0.000, 28.10
1, 0, -1.739, -0.000, 0.000, 0.000, -0.480, -2.606, 2.258, 7.013, -3.675, -0.772, 0.000, 28.15
1, 0, -1.303, -0.000, 0.000, 0.000, -0.452, -3.160, 1.794, 7.222, -4.107, 0.006, -0.000, 28.15
1, 0, -1.102, -0.000, 0.000, 0.000, -0.449, -3.253, 1.602, 7.391, -4.533, 0.345, 0.000, 28.13
1, 0, -0.882, -0.000, 0.000, 0.000, -0.394, -2.970, 1.471, 5.949, -4.713, 1.539, 0.000, 28.03
1, 0, -0.616, -0.000, 0.000, 0.000, -0.306, -2.389, 1.364, 4.236, -5.082, 2.793, -0.000, 27.84
1, 0, -0.450, -0.000, 0.000, 0.000, -0.234, -1.873, 1.274, 4.054, -5.240, 2.470, 0.000, 27.68
1, 0, -0.317, -0.000, 0.000, 0.000, -0.175, -1.433, 1.198, 3.920, -5.623, 2.430, 0.000, 27.51
1, 0, -0.222, 0.000, 0.000, 0.000, -0.125, -1.038, 1.131, 3.816, -5.789, 2.228, -0.000, 27.36
1, 0, -0.140, 0.000, 0.000, 0.000, -0.081, -0.684, 1.072, 3.733, -6.180, 2.280, -0.000, 27.21
1, 0, -0.073, 0.000, 0.000, 0.000, -0.042, -0.361, 1.019, 3.666, -6.351, 2.142, -0.000, 27.07
1, 0, -0.017, 0.000, 0.000, 0.000, -0.010, -0.083, 0.971, 3.611, -6.525, 2.051, -0.000, 26.93
1, 0, 0.004, 0.000, 0.000, 0.000, 0.002, 0.020, 1.267, 3.634, -6.044, 1.117, -0.000, 26.86
1, 0, 0.003, 0.000, 0.000, 0.000, 0.001, 0.010, 1.826, 3.601, -5.592, 0.151, -0.000, 26.85
1, 0, -0.074, 0.000, 0.000, 0.000, -0.027, -0.203, 2.434, 3.572, -4.945, -0.757, 0.000, 26.90
1, 0, -0.274, 0.000, 0.000, 0.000, -0.078, -0.498, 3.234, 3.546, -4.115, -1.815, 0.000, 27.02
1, 0, -0.790, -0.000, 0.000, 0.000, -0.162, -0.627, 4.352, 3.523, -3.535, -2.761, -0.000, 27.20
1, 0, -1.774, -0.000, 0.000, 0.000, -0.248, -0.401, 4.990, 3.501, -2.971, -3.097, 0.000, 27.41
1, 0, -2.261, -0.000, 0.000, 0.000, -0.203, -0.808, 5.326, 3.481, -2.413, -3.122, -0.000, 27.62
1, 0, -2.391, -0.000, 0.000, 0.000, -0.150, -1.473, 5.638, 3.463, -2.272, -2.815, -0.000, 27.81
1, 0, -2.551, -0.000, 0.000, 0.000, -0.112, -2.008, 5.633, 3.702, -2.125, -2.539, 0.000, 27.98
1, 0, -2.708, -0.000, 0.000, 0.000, -0.090, -2.310, 5.194, 3.711, -1.962, -1.836, -0.000, 28.10
1, 0, -2.838, -0.000, 0.000, 0.000, -0.119, -2.360, 4.911, 3.715, -2.198, -1.112, -0.000, 28.17
1, 0, -3.304, -0.000, 0.000, 0.000, -0.223, -2.012, 4.242, 4.555, -2.428, -0.830, -0.000, 28.23
1, 0, -3.818, -0.000, 0.000, 0.000, -0.386, -1.818, 3.846, 6.733, -2.891, -1.664, 0.000, 28.34
1, 0, -3.627, -0.001, 0.000, 0.000, -0.499, -2.125, 3.743, 7.001, -3.345, -1.147, 0.000, 28.41
1, 0, -2.729, -0.000, 0.000, 0.000, -0.629, -2.978, 2.493, 7.210, -3.764, 0.397, 0.000, 28.39
1, 0, -2.114, -0.000, 0.000, 0.000, -0.596, -3.359, 2.142, 7.379, -3.966, 0.514, -0.000, 28.35
1, 0, -1.507, -0.000, 0.000, 0.000, -0.518, -3.342, 1.937, 5.938, -4.354, 1.846, 0.000, 28.23
1, 0, 1.003, 0.000, 0.000, 0.000, 0.389, 2.834, 1.773, 4.225, -35.532, 25.307, 0.000, 26.54
1, 0, 2.171, 0.001, 0.000, 0.000, 0.955, 7.435, 1.639, 4.044, -35.157, 18.913, 0.000, 25.28
1, 0, 2.760, 0.002, 0.000, 0.000, 1.298, 10.496, 1.527, 3.910, -33.942, 13.950, 0.000, 24.35
1, 0, 3.100, 0.002, 0.000, 0.000, 1.474, 12.181, 1.433, 3.806, -31.722, 9.725, -0.000, 23.70
1, 0, 3.270, 0.002, 0.000, 0.000, 1.594, 13.481, 1.351, 3.724, -31.778, 8.356, -0.000, 23.15
1, 0, 3.400, 0.002, 0.000, 0.000, 1.683, 14.501, 1.279, 3.658, -32.029, 7.507, -0.000, 22.65
1, 0, 3.535, 0.002, 0.000, 0.000, 1.714, 14.935, 1.214, 3.603, -30.718, 5.715, -0.000, 22.27
1, 0, 4.055, 0.002, 0.000, 0.000, 1.679, 13.425, 1.430, 3.626, -24.726, 0.510, -0.000, 22.23
1, 0, 3.420, 0.001, 0.000, 0.000, 1.175, 7.807, 1.774, 3.594, -2.688, -15.082, 0.000, 23.24
1, 0, 2.655, 0.001, 0.000, 0.000, 0.728, 4.377, 2.036, 3.565, -2.324, -11.039, 0.000, 23.97
1, 0, 1.862, 0.001, 0.000, 0.000, 0.435, 2.282, 2.280, 3.539, -2.313, -8.087, 0.000, 24.51
1, 0, 1.239, 0.000, 0.000, 0.000, 0.230, 0.889, 2.477, 3.516, -2.047, -6.304, 0.000, 24.93
1, 0, 0.542, 0.000, 0.000, 0.000, 0.076, 0.134, 2.894, 3.495, -1.964, -5.176, 0.000, 25.28
1, 0, -0.554, -0.000, 0.000, 0.000, -0.051, 0.088, 3.225, 3.475, -1.657, -4.526, -0.000, 25.58
1, 0, -1.093, -0.000, 0.000, 0.000, -0.047, -0.419, 3.553, 3.457, -1.341, -4.108, 0.000, 25.85
1, 1, 1.653, 0.000, 0.000, 0.000, 0.086, 2.228, 3.158, 3.696, -1.026, 12.804, 22.599, 25.00
1, 1, 1.380, 0.000, 0.000, 0.000, 0.042, 2.521, 3.156, 3.705, -0.819, 0.000, 9.986, 25.00
1, 1, 1.949, 0.000, 0.000, 0.000, 0.161, 1.415, 2.516, 3.710, -1.234, 0.000, 8.518, 25.00
1, 1, 2.360, 0.000, 0.000, 0.000, 0.284, 0.588, 2.127, 4.550, -1.442, 0.000, 8.467, 25.00
1, 1, 1.636, 0.000, 0.000, 0.000, 0.292, 1.023, 1.796, 6.728, -1.861, 0.000, 9.616, 25.00
1, 1, 1.136, 0.000, 0.000, 0.000, 0.267, 1.301, 1.655, 6.996, -2.283, 0.000, 9.072, 25.00
1, 1, 0.797, 0.000, 0.000, 0.000, 0.231, 1.401, 1.424, 7.205, -2.495, 0.000, 8.563, 25.00
1, 1, 0.581, 0.000, 0.000, 0.000, 0.195, 1.376, 1.286, 7.375, -2.709, 0.000, 8.105, 25.00
1, 0, 0.020, 0.000, 0.000, 0.000, 0.007, 0.053, 1.195, 5.933, -2.818, -4.391, 0.000, 25.29
1, 0, 1.167, 0.001, 0.000, 0.000, 0.455, 3.507, 1.119, 4.221, -24.262, 13.792, -0.000, 24.37
1, 0, 1.778, 0.001, 0.000, 0.000, 0.740, 5.916, 1.054, 4.040, -23.856, 10.328, 0.000, 23.68
1, 0, 2.123, 0.001, 0.000, 0.000, 0.931, 7.666, 0.997, 3.906, -23.912, 8.288, 0.000, 23.13
1, 0, 2.344, 0.001, 0.000, 0.000, 1.030, 8.612, 0.946, 3.803, -22.584, 5.849, -0.000, 22.74
1, 0, 2.462, 0.001, 0.000, 0.000, 1.112, 9.488, 0.900, 3.720, -23.256, 5.572, -0.000, 22.37
1, 0, 2.574, 0.001, 0.000, 0.000, 1.147, 9.895, 0.858, 3.654, -22.306, 4.176, -0.000, 22.09
1, 0, 2.636, 0.001, 0.000, 0.000, 1.193, 10.438, 0.820, 3.600, -23.216, 4.529, -0.000, 21.79
1, 0, 2.851, 0.001, 0.000, 0.000, 1.157, 9.561, 0.887, 4.392, -19.252, 0.401, -0.000, 21.76
1, 0, 1.973, 0.001, 0.000, 0.000, 0.718, 5.651, 1.065, 4.436, -2.211, -11.633, -0.000, 22.54
1, 0, 1.417, 0.001, 0.000, 0.000, 0.426, 2.995, 1.386, 4.466, -2.003, -8.687, -0.000, 23.12
1, 0, 0.870, 0.000, 0.000, 0.000, 0.212, 1.275, 1.649, 4.488, -1.748, -6.745, 0.000, 23.57
1, 0, 0.277, 0.000, 0.000, 0.000, 0.051, 0.215, 1.967, 4.504, -1.466, -5.549, -0.000, 23.94
1, 0, -0.607, -0.000, 0.000, 0.000, -0.084, -0.136, 2.306, 4.517, -1.371, -4.624, -0.000, 24.25
1, 0, -1.347, -0.000, 0.000, 0.000, -0.180, -0.365, 2.015, 4.527, -1.247, -3.404, -0.000, 24.47
1, 0, -1.897, -0.000, 0.000, 0.000, -0.238, -0.446, 2.014, 4.535, -1.312, -2.655, 0.000, 24.65
1, 0, -2.171, -0.000, 0.000, 0.000, -0.192, -0.817, 2.327, 4.541, -1.166, -2.521, -0.000, 24.82
1, 0, -2.540, -0.000, 0.000, 0.000, -0.237, -0.905, 2.140, 4.546, -1.211, -1.793, 0.000, 24.94
1, 1, -2.883, -0.000, 0.000, 0.000, -0.365, -0.688, 1.789, 4.550, -1.442, -0.932, 0.029, 25.00
1, 1, -2.327, -0.000, 0.000, 0.000, -0.355, -1.013, 1.655, 5.392, -1.651, 0.000, 1.702, 25.00
1, 1, -1.674, -0.000, 0.000, 0.000, -0.322, -1.513, 1.405, 7.574, -1.861, 0.000, 3.608, 25.00
1, 1, -1.315, -0.000, 0.000, 0.000, -0.306, -1.759, 1.232, 7.846, -2.072, 0.000, 3.626, 25.00
1, 1, -1.063, -0.000, 0.000, 0.000, -0.296, -1.971, 1.036, 8.060, -2.283, 0.000, 3.483, 25.00
1, 1, -0.895, -0.000, 0.000, 0.000, -0.285, -2.138, 0.923, 8.235, -2.495, 0.000, 3.345, 25.00
1, 0, -0.882, -0.000, 0.000, 0.000, -0.312, -2.458, 0.855, 6.286, -2.728, -0.761, 0.000, 25.05
1, 0, 0.498, 0.000, 0.000, 0.000, 0.193, 1.572, 0.797, 4.529, -23.061, 15.471, -0.000, 24.02
1, 0, 1.238, 0.001, 0.000, 0.000, 0.514, 4.311, 0.749, 4.315, -22.432, 11.305, -0.000, 23.27
1, 0, 1.661, 0.001, 0.000, 0.000, 0.728, 6.250, 0.707, 4.155, -22.357, 8.855, 0.000, 22.68
1, 0, 1.923, 0.001, 0.000, 0.000, 0.881, 7.699, 0.670, 4.030, -22.610, 7.407, 0.000, 22.18
1, 0, 2.103, 0.001, 0.000, 0.000, 0.959, 8.465, 0.636, 3.931, -21.403, 5.307, -0.000, 21.83
1, 0, 2.214, 0.001, 0.000, 0.000, 1.031, 9.217, 0.606, 3.850, -22.151, 5.232, -0.000, 21.48
1, 0, 2.321, 0.001, 0.000, 0.000, 1.099, 9.935, 0.579, 3.783, -22.911, 5.193, -0.000, 21.13
1, 0, 2.506, 0.001, 0.000, 0.000, 1.113, 9.607, 0.622, 4.566, -20.494, 2.079, -0.000, 20.99
1, 0, 1.862, 0.001, 0.000, 0.000, 0.705, 5.543, 0.943, 4.600, -2.132, -11.521, -0.000, 21.76
1, 0, 1.241, 0.000, 0.000, 0.000, 0.398, 2.958, 1.173, 4.622, -1.918, -8.474, 0.000, 22.33
1, 0, 0.745, 0.000, 0.000, 0.000, 0.192, 1.216, 1.532, 4.636, -1.661, -6.660, 0.000, 22.77
1, 0, 0.164, 0.000, 0.000, 0.000, 0.032, 0.154, 1.860, 4.646, -1.377, -5.479, 0.000, 23.14
1, 0, -0.856, -0.000, 0.000, 0.000, -0.097, -0.101, 2.437, 4.652, -0.878, -5.157, -0.000, 23.48
1, 0, -1.458, -0.000, 0.000, 0.000, -0.078, -0.734, 2.840, 4.656, -0.579, -4.647, -0.000, 23.79
1, 0, -1.796, -0.000, 0.000, 0.000, -0.031, -1.466, 2.851, 4.659, -0.265, -3.951, -0.000, 24.05
1, 0, -1.943, -0.000, 0.000, 0.000, -0.018, -2.106, 2.859, 4.660, -0.142, -3.311, -0.000, 24.27
1, 0, -2.281, -0.000, 0.000, 0.000, -0.015, -2.324, 2.427, 4.660, -0.197, -2.269, -0.000, 24.43
1, 0, -2.876, -0.000, 0.000, 0.000, -0.120, -1.862, 1.946, 4.660, -0.635, -1.113, -0.000, 24.50
1, 0, -2.971, -0.000, 0.000, 0.000, -0.167, -1.948, 1.926, 5.497, -0.877, -1.459, 0.000, 24.60
1, 0, -4.211, -0.001, 0.000, 0.000, -0.458, -1.147, 1.490, 7.675, -1.139, -2.209, -0.000, 24.74
1, 0, -3.891, -0.001, 0.000, 0.000, -0.612, -1.754, 1.246, 7.943, -1.385, -1.546, 0.000, 24.85
1, 0, -2.652, -0.001, 0.000, 0.000, -0.613, -3.201, 1.057, 8.153, -1.827, -0.917, 0.000, 24.91
1, 0, -1.913, -0.000, 0.000, 0.000, -0.595, -4.016, 0.942, 8.325, -2.261, -0.482, 0.000, 24.94
1, 0, -1.348, -0.000, 0.000, 0.000, -0.530, -3.977, 0.865, 6.373, -2.654, 1.271, -0.000, 24.86
1, 0, 0.179, 0.000, 0.000, 0.000, 0.085, 0.680, 0.801, 4.612, -23.868, 17.512, 0.000, 23.69
1, 0, 0.924, 0.001, 0.000, 0.000, 0.507, 4.252, 0.748, 4.394, -24.615, 13.789, 0.000, 22.77
1, 0, 1.348, 0.001, 0.000, 0.000, 0.854, 7.451, 0.703, 4.231, -27.519, 12.931, -0.000, 21.91
1, 0, 1.638, 0.001, 0.000, 0.000, 1.159, 10.382, 0.664, 4.104, -30.536, 12.589, -0.000, 21.07
1, 0, 1.875, 0.001, 0.000, 0.000, 1.474, 13.506, 0.629, 4.002, -35.303, 13.816, -0.000, 20.15
1, 0, 2.123, 0.002, 0.000, 0.000, 1.755, 16.318, 0.598, 3.918, -38.199, 13.485, -0.000, 19.25
1, 0, 2.367, 0.002, 0.000, 0.000, 2.050, 19.304, 0.570, 3.849, -42.877, 14.735, 0.000, 18.27
1, 0, 2.865, 0.002, 0.000, 0.000, 2.270, 20.185, 0.726, 3.859, -38.758, 8.852, -0.000, 17.68
1, 0, 2.691, 0.001, 0.000, 0.000, 1.714, 12.679, 1.441, 3.815, -4.092, -18.248, -0.000, 18.89
1, 0, 2.073, 0.001, 0.000, 0.000, 1.086, 8.078, 1.637, 3.776, -3.542, -13.110, -0.000, 19.77
1, 0, 1.683, 0.001, 0.000, 0.000, 0.712, 4.837, 2.156, 3.741, -3.139, -9.990, -0.000, 20.43
1, 0, 1.380, 0.000, 0.000, 0.000, 0.449, 2.541, 2.663, 3.708, -2.691, -8.051, 0.000, 20.97
1, 0, 1.022, 0.000, 0.000, 0.000, 0.246, 0.932, 3.161, 3.679, -2.217, -6.823, 0.000, 21.42
1, 0, 0.251, 0.000, 0.000, 0.000, 0.049, 0.169, 3.480, 3.652, -1.933, -5.667, 0.000, 21.80
1, 0, -0.709, -0.000, 0.000, 0.000, -0.114, -0.059, 3.672, 3.626, -1.629, -4.788, -0.000, 22.12
1, 0, -1.555, -0.000, 0.000, 0.000, -0.232, -0.213, 3.636, 3.859, -1.517, -3.978, 0.000, 22.39
1, 0, -2.116, -0.000, 0.000, 0.000, -0.312, -0.350, 3.554, 3.861, -1.593, -3.044, 0.000, 22.59
1, 0, -2.504, -0.000, 0.000, 0.000, -0.415, -0.364, 3.274, 3.860, -1.854, -1.997, 0.000, 22.72
1, 0, -2.218, -0.000, 0.000, 0.000, -0.428, -1.112, 2.920, 4.694, -2.110, -1.745, 0.000, 22.84
1, 0, -2.292, -0.000, 0.000, 0.000, -0.520, -1.636, 2.600, 6.866, -2.598, -2.420, -0.000, 23.00
1, 0, -1.951, -0.000, 0.000, 0.000, -0.546, -2.355, 2.394, 7.129, -3.281, -1.390, -0.000, 23.09
1, 0, -1.344, -0.000, 0.000, 0.000, -0.476, -3.270, 1.630, 7.333, -3.720, -0.152, 0.000, 23.10
1, 0, -1.104, -0.000, 0.000, 0.000, -0.444, -3.469, 1.406, 7.498, -4.153, 0.266, 0.000, 23.08
1, 0, -0.867, -0.000, 0.000, 0.000, -0.384, -3.156, 1.269, 6.051, -4.554, 1.640, 0.000, 22.97
1, 0, 1.015, 0.000, 0.000, 0.000, 0.473, 4.007, 1.160, 4.335, -37.085, 26.095, -0.000, 21.24
1, 0, 2.098, 0.001, 0.000, 0.000, 1.054, 9.195, 1.071, 4.149, -38.299, 20.731, -0.000, 19.85
1, 0, 2.715, 0.001, 0.000, 0.000, 1.332, 11.758, 0.997, 4.011, -33.369, 12.556, -0.000, 19.02
1, 0, 3.053, 0.001, 0.000, 0.000, 1.469, 13.118, 0.934, 3.903, -31.315, 8.837, -0.000, 18.43
1, 0, 3.268, 0.001, 0.000, 0.000, 1.529, 13.776, 0.880, 3.817, -29.798, 6.527, -0.000, 17.99
1, 0, 3.410, 0.001, 0.000, 0.000, 1.546, 14.031, 0.832, 3.747, -28.623, 5.056, -0.000, 17.65
1, 0, 3.495, 0.001, 0.000, 0.000, 1.503, 13.697, 0.790, 3.689, -25.983, 2.808, -0.000, 17.47
1, 0, 3.663, 0.001, 0.000, 0.000, 1.474, 12.871, 0.866, 3.709, -23.736, 1.151, -0.000, 17.39
1, 0, 3.104, 0.001, 0.000, 0.000, 1.026, 7.692, 1.477, 3.673, -2.138, -14.835, -0.000, 18.38
1, 0, 2.246, 0.000, 0.000, 0.000, 0.620, 4.442, 1.747, 3.641, -1.561, -11.137, -0.000, 19.12
1, 0, 1.571, 0.000, 0.000, 0.000, 0.347, 2.176, 2.187, 3.613, -0.938, -8.956, -0.000, 19.72
1, 0, 0.923, 0.000, 0.000, 0.000, 0.147, 0.635, 2.678, 3.587, -0.293, -7.677, 0.000, 20.23
1, 0, -0.157, 0.000, 0.000, 0.000, -0.017, -0.006, 3.141, 3.563, 0.161, -6.685, 0.000, 20.68
1, 0, -1.489, -0.000, 0.000, 0.000, -0.096, -0.143, 3.503, 3.540, 0.628, -5.945, -0.000, 21.07
1, 0, -2.120, -0.000, 0.000, 0.000, -0.077, -0.789, 3.666, 3.520, 0.909, -5.109, -0.000, 21.41
1, 0, -2.523, -0.000, 0.000, 0.000, -0.044, -1.466, 3.680, 3.757, 1.003, -4.407, -0.000, 21.71
1, 0, -2.712, -0.000, 0.000, 0.000, -0.025, -2.062, 3.590, 3.763, 1.115, -3.670, -0.000, 21.95
1, 0, -2.882, -0.000, 0.000, 0.000, -0.028, -2.431, 3.331, 3.765, 1.047, -2.802, -0.000, 22.14
1, 0, -3.229, -0.000, 0.000, 0.000, -0.042, -2.601, 2.938, 4.603, 0.785, -2.454, 0.000, 22.30
1, 0, -3.515, -0.000, 0.000, 0.000, -0.085, -3.002, 2.657, 6.779, 0.302, -3.137, -0.000, 22.51
1, 0, -4.166, -0.001, 0.000, 0.000, -0.256, -2.657, 2.284, 7.046, -0.158, -2.091, -0.000, 22.65
1, 0, -5.048, -0.001, 0.000, 0.000, -0.678, -1.573, 1.647, 7.253, -0.798, -0.802, -0.000, 22.70
1, 0, -3.235, -0.000, 0.000, 0.000, -0.644, -3.310, 1.449, 7.421, -1.432, -0.248, -0.000, 22.72
1, 0, -2.270, -0.000, 0.000, 0.000, -0.587, -3.704, 1.316, 5.977, -1.827, 1.095, 0.000, 22.65
1, 0, -0.250, 0.000, 0.000, 0.000, -0.084, -0.605, 1.209, 4.263, -18.983, 14.450, -0.000, 21.68
1, 0, 0.708, 0.000, 0.000, 0.000, 0.281, 2.174, 1.121, 4.081, -20.166, 11.801, 0.000, 20.90
1, 0, 1.277, 0.001, 0.000, 0.000, 0.598, 4.901, 1.047, 3.945, -23.358, 11.589, 0.000, 20.13
1, 0, 1.640, 0.001, 0.000, 0.000, 0.851, 7.211, 0.984, 3.840, -24.898, 10.371, -0.000, 19.43
1, 0, 1.917, 0.001, 0.000, 0.000, 1.098, 9.586, 0.929, 3.757, -28.285, 10.998, -0.000, 18.70
1, 0, 2.166, 0.001, 0.000, 0.000, 1.305, 11.613, 0.881, 3.689, -29.891, 10.237, -0.000, 18.02
1, 0, 2.396, 0.001, 0.000, 0.000, 1.520, 13.773, 0.837, 3.633, -33.307, 11.147, -0.000, 17.28
1, 0, 2.787, 0.001, 0.000, 0.000, 1.630, 13.977, 0.957, 3.655, -28.107, 5.100, -0.000, 16.94
1, 0, 2.592, 0.001, 0.000, 0.000, 1.206, 8.292, 1.676, 3.621, -2.614, -14.774, -0.000, 17.92
1, 0, 1.882, 0.001, 0.000, 0.000, 0.722, 4.841, 1.883, 3.592, -2.024, -10.896, -0.000, 18.65
1, 0, 1.352, 0.000, 0.000, 0.000, 0.410, 2.413, 2.321, 3.565, -1.387, -8.675, 0.000, 19.23
1, 0, 0.892, 0.000, 0.000, 0.000, 0.189, 0.701, 2.874, 3.541, -0.730, -7.467, 0.000, 19.72
1, 0, -0.153, 0.000, 0.000, 0.000, -0.021, 0.070, 3.355, 3.518, -0.266, -6.504, -0.000, 20.16
1, 0, -1.301, -0.000, 0.000, 0.000, -0.115, -0.246, 3.691, 3.498, 0.212, -5.740, -0.000, 20.54
1, 0, -1.788, -0.000, 0.000, 0.000, -0.091, -1.054, 3.910, 3.479, 0.699, -5.153, -0.000, 20.88
1, 0, -2.168, -0.000, 0.000, 0.000, -0.066, -1.794, 3.887, 3.717, 0.795, -4.370, -0.000, 21.17
1, 0, -2.351, -0.000, 0.000, 0.000, -0.050, -2.407, 3.773, 3.726, 0.909, -3.598, -0.000, 21.41
1, 0, -2.514, -0.000, 0.000, 0.000, -0.051, -2.787, 3.520, 3.729, 0.842, -2.739, -0.000, 21.60
1, 0, -2.834, -0.000, 0.000, 0.000, -0.068, -2.979, 3.149, 4.568, 0.580, -2.416, 0.000, 21.76
1, 0, -3.409, -0.000, 0.000, 0.000, -0.203, -2.986, 2.710, 6.746, -0.102, -2.755, 0.000, 21.94
1, 0, -3.667, -0.001, 0.000, 0.000, -0.401, -2.874, 2.572, 7.013, -0.769, -1.873, -0.000, 22.07
1, 0, -4.010, -0.001, 0.000, 0.000, -0.794, -2.369, 1.807, 7.222, -1.203, -0.651, -0.000, 22.11
1, 0, -2.644, -0.000, 0.000, 0.000, -0.703, -3.725, 1.557, 7.391, -1.631, -0.244, -0.000, 22.13
1, 0, -1.867, -0.000, 0.000, 0.000, -0.621, -3.969, 1.412, 5.949, -2.027, 1.123, 0.000, 22.05
1, 0, -0.208, 0.000, 0.000, 0.000, -0.083, -0.591, 1.296, 4.236, -18.919, 14.269, -0.000, 21.10
1, 0, 0.639, 0.000, 0.000, 0.000, 0.292, 2.238, 1.201, 4.054, -20.126, 11.702, 0.000, 20.32
1, 0, 1.095, 0.001, 0.000, 0.000, 0.539, 4.297, 1.121, 3.920, -20.005, 9.033, -0.000, 19.72
1, 0, 1.376, 0.001, 0.000, 0.000, 0.709, 5.831, 1.053, 3.816, -20.244, 7.458, -0.000, 19.22
1, 0, 1.580, 0.001, 0.000, 0.000, 0.834, 7.031, 0.994, 3.733, -20.699, 6.525, 0.000, 18.79
1, 0, 1.748, 0.001, 0.000, 0.000, 0.933, 8.019, 0.942, 3.666, -21.282, 5.972, -0.000, 18.39
1, 0, 1.901, 0.001, 0.000, 0.000, 1.016, 8.872, 0.895, 3.611, -21.943, 5.647, -0.000, 18.01
1, 0, 2.130, 0.001, 0.000, 0.000, 1.027, 8.446, 1.012, 3.634, -17.697, 1.447, -0.000, 17.91
1, 0, 1.749, 0.001, 0.000, 0.000, 0.684, 4.708, 1.499, 3.601, -1.586, -10.656, 0.000, 18.62
1, 0, 1.207, 0.000, 0.000, 0.000, 0.370, 2.290, 1.800, 3.572, -0.945, -8.294, 0.000, 19.18
1, 0, 0.691, 0.000, 0.000, 0.000, 0.151, 0.631, 2.336, 3.546, -0.284, -7.071, 0.000, 19.65
1, 0, -0.165, 0.000, 0.000, 0.000, -0.032, -0.134, 2.166, 3.523, -0.204, -5.153, 0.000, 19.99
1, 0, -0.684, -0.000, 0.000, 0.000, -0.137, -0.679, 1.952, 3.501, -0.498, -3.455, 0.000, 20.22
1, 0, -1.153, -0.000, 0.000, 0.000, -0.210, -0.850, 2.185, 3.481, -0.570, -2.883, -0.000, 20.42
1, 0, -1.364, -0.000, 0.000, 0.000, -0.255, -1.136, 2.024, 3.463, -0.623, -2.109, -0.000, 20.56
1, 0, -1.880, -0.000, 0.000, 0.000, -0.318, -0.968, 2.364, 3.702, -0.678, -2.222, -0.000, 20.70
1, 0, -2.550, -0.000, 0.000, 0.000, -0.378, -0.635, 2.574, 3.711, -0.524, -2.197, -0.000, 20.85
1, 0, -2.646, -0.000, 0.000, 0.000, -0.413, -0.856, 2.386, 3.715, -0.565, -1.623, 0.000, 20.96
1, 0, -2.905, -0.000, 0.000, 0.000, -0.465, -0.975, 2.333, 4.555, -0.613, -1.930, -0.000, 21.09
1, 0, -2.746, -0.000, 0.000, 0.000, -0.523, -1.905, 1.976, 6.733, -0.887, -2.648, -0.000, 21.26
1, 0, -2.148, -0.000, 0.000, 0.000, -0.526, -2.990, 1.560, 7.001, -1.346, -1.550, -0.000, 21.37
1, 0, -1.753, -0.000, 0.000, 0.000, -0.524, -3.580, 1.261, 7.210, -1.790, -0.823, 0.000, 21.42
1, 0, -1.463, -0.000, 0.000, 0.000, -0.509, -3.925, 1.118, 7.379, -2.226, -0.375, 0.000, 21.45
1, 0, -1.218, -0.000, 0.000, 0.000, -0.464, -3.729, 1.026, 5.938, -2.419, 0.865, 0.000, 21.39
1, 0, 0.159, 0.000, 0.000, 0.000, 0.067, 0.560, 0.951, 4.225, -22.059, 16.096, -0.000, 20.32
1, 0, 0.958, 0.000, 0.000, 0.000, 0.438, 3.767, 0.889, 4.044, -23.008, 12.911, -0.000, 19.46
1, 0, 1.436, 0.001, 0.000, 0.000, 0.682, 5.975, 0.835, 3.910, -22.701, 9.862, 0.000, 18.80
1, 0, 1.747, 0.001, 0.000, 0.000, 0.851, 7.557, 0.788, 3.806, -22.808, 8.059, -0.000, 18.26
1, 0, 1.975, 0.001, 0.000, 0.000, 0.974, 8.757, 0.747, 3.724, -23.164, 6.986, -0.000, 17.79
1, 0, 2.161, 0.001, 0.000, 0.000, 1.070, 9.723, 0.711, 3.658, -23.669, 6.346, 0.000, 17.37
1, 0, 2.326, 0.001, 0.000, 0.000, 1.150, 10.544, 0.677, 3.603, -24.265, 5.964, -0.000, 16.97
1, 0, 2.570, 0.001, 0.000, 0.000, 1.229, 10.815, 0.715, 3.626, -23.265, 4.310, -0.000, 16.69
1, 0, 1.944, 0.001, 0.000, 0.000, 0.807, 6.656, 1.076, 3.594, -2.226, -11.852, -0.000, 17.48
1, 0, 1.356, 0.000, 0.000, 0.000, 0.495, 3.909, 1.404, 3.565, -2.015, -8.714, 0.000, 18.06
1, 0, 0.863, 0.000, 0.000, 0.000, 0.276, 2.073, 1.674, 3.539, -1.754, -6.672, -0.000, 18.50
1, 0, 0.423, 0.000, 0.000, 0.000, 0.118, 0.838, 1.879, 3.516, -1.460, -5.313, -0.000, 18.86
1, 0, 0.006, 0.000, 0.000, 0.000, 0.001, 0.007, 2.548, 3.495, -1.159, -4.899, 0.000, 19.18
1, 0, -0.566, 0.000, 0.000, 0.000, -0.108, -0.497, 2.781, 3.475, -0.843, -4.242, -0.000, 19.47
1, 0, -1.142, -0.000, 0.000, 0.000, -0.197, -0.763, 2.883, 3.457, -0.721, -3.517, 0.000, 19.70
1, 0, -2.004, -0.000, 0.000, 0.000, -0.288, -0.611, 3.120, 3.696, -0.391, -3.521, -0.000, 19.94
1, 0, -2.172, -0.000, 0.000, 0.000, -0.329, -1.057, 2.745, 3.705, -0.452, -2.440, -0.000, 20.10
1, 0, -1.721, -0.000, 0.000, 0.000, -0.324, -1.852, 1.929, 3.710, -0.687, -1.055, 0.000, 20.17
1, 0, -1.573, -0.000, 0.000, 0.000, -0.341, -2.197, 1.709, 4.550, -1.132, -1.015, -0.000, 20.24
1, 0, -1.666, -0.000, 0.000, 0.000, -0.395, -2.676, 1.598, 6.728, -1.399, -2.190, -0.000, 20.38
1, 0, -1.546, -0.000, 0.000, 0.000, -0.426, -3.157, 1.326, 6.996, -1.858, -1.335, 0.000, 20.47
1, 0, -1.445, -0.000, 0.000, 0.000, -0.440, -3.433, 1.109, 7.205, -2.094, -0.902, 0.000, 20.53
1, 0, -1.337, -0.000, 0.000, 0.000, -0.438, -3.657, 0.992, 7.375, -2.325, -0.611, 0.000, 20.57
1, 0, -1.129, -0.000, 0.000, 0.000, -0.403, -3.468, 0.913, 5.933, -2.734, 0.889, 0.000, 20.51
1, 0, 0.290, 0.000, 0.000, 0.000, 0.109, 0.952, 0.849, 4.221, -22.872, 16.452, 0.000, 19.42
1, 0, 1.106, 0.000, 0.000, 0.000, 0.431, 3.834, 0.794, 4.040, -22.097, 11.892, -0.000, 18.62
1, 0, 1.655, 0.000, 0.000, 0.000, 0.680, 6.138, 0.747, 3.906, -23.612, 10.486, -0.000, 17.92
1, 0, 2.027, 0.001, 0.000, 0.000, 0.853, 7.780, 0.706, 3.803, -23.629, 8.460, -0.000, 17.36
1, 0, 2.319, 0.001, 0.000, 0.000, 1.014, 9.346, 0.670, 3.720, -25.610, 8.540, -0.000, 16.79
1, 0, 2.559, 0.001, 0.000, 0.000, 1.134, 10.531, 0.637, 3.654, -25.885, 7.369, 0.000, 16.30
1, 0, 2.774, 0.001, 0.000, 0.000, 1.262, 11.810, 0.607, 3.600, -28.021, 7.967, 0.000, 15.77
1, 0, 3.030, 0.001, 0.000, 0.000, 1.291, 11.500, 0.751, 4.392, -23.451, 2.486, 0.000, 15.60
1, 0, 2.492, 0.001, 0.000, 0.000, 0.886, 6.743, 1.421, 4.436, -2.080, -13.898, -0.000, 16.53
1, 0, 1.596, 0.000, 0.000, 0.000, 0.499, 3.771, 1.624, 4.466, -1.693, -10.263, 0.000, 17.21
1, 0, 0.933, 0.000, 0.000, 0.000, 0.243, 1.688, 2.052, 4.488, -1.049, -8.355, 0.000, 17.77
1, 0, 0.268, 0.000, 0.000, 0.000, 0.055, 0.317, 2.577, 4.504, -0.594, -7.128, -0.000, 18.25
1, 0, -0.636, 0.000, 0.000, 0.000, -0.100, -0.387, 3.030, 4.517, -0.124, -6.301, 0.000, 18.67
1, 0, -2.040, -0.000, 0.000, 0.000, -0.241, -0.305, 3.376, 4.527, 0.356, -5.673, -0.000, 19.04
1, 0, -2.958, -0.000, 0.000, 0.000, -0.270, -0.556, 3.543, 4.535, 0.645, -4.938, 0.000, 19.37
1, 0, -3.475, -0.000, 0.000, 0.000, -0.270, -0.984, 3.576, 4.541, 0.747, -4.135, -0.000, 19.65
1, 0, -3.827, -0.000, 0.000, 0.000, -0.258, -1.341, 3.433, 4.546, 0.866, -3.419, -0.000, 19.88
1, 0, -4.190, -0.000, 0.000, 0.000, -0.290, -1.426, 3.176, 4.550, 0.802, -2.621, 0.000, 20.05
1, 0, -4.839, -0.000, 0.000, 0.000, -0.408, -1.147, 2.838, 5.392, 0.539, -2.375, -0.000, 20.21
1, 0, -4.936, -0.000, 0.000, 0.000, -0.520, -1.631, 2.556, 7.574, 0.052, -3.095, -0.000, 20.42
1, 0, -4.127, -0.000, 0.000, 0.000, -0.532, -2.812, 2.767, 7.846, -0.633, -2.509, -0.000, 20.58
1, 0, -3.472, -0.000, 0.000, 0.000, -0.707, -3.708, 1.717, 8.060, -1.072, -0.817, 0.000, 20.64
1, 0, -2.653, -0.000, 0.000, 0.000, -0.668, -4.484, 1.444, 8.235, -1.504, -0.371, -0.000, 20.66
1, 0, -2.018, -0.000, 0.000, 0.000, -0.600, -4.434, 1.299, 6.286, -1.896, 1.364, 0.000, 20.57
1, 0, -0.409, 0.000, 0.000, 0.000, -0.140, -1.101, 1.184, 4.529, -17.842, 13.778, -0.000, 19.65
1, 0, 0.582, 0.000, 0.000, 0.000, 0.230, 1.903, 1.091, 4.315, -20.780, 12.659, -0.000, 18.81
1, 0, 1.137, 0.000, 0.000, 0.000, 0.481, 4.083, 1.014, 4.155, -20.518, 9.649, -0.000, 18.17
1, 0, 1.481, 0.000, 0.000, 0.000, 0.655, 5.681, 0.949, 4.030, -20.665, 7.869, -0.000, 17.64
1, 0, 1.757, 0.001, 0.000, 0.000, 0.820, 7.247, 0.893, 3.931, -22.733, 8.084, 0.000, 17.10
1, 0, 1.985, 0.001, 0.000, 0.000, 0.944, 8.458, 0.844, 3.850, -23.086, 7.004, -0.000, 16.64
1, 0, 2.171, 0.001, 0.000, 0.000, 1.042, 9.434, 0.801, 3.783, -23.590, 6.359, 0.000, 16.21
1, 0, 2.361, 0.001, 0.000, 0.000, 1.047, 8.988, 0.944, 4.566, -19.314, 1.407, -0.000, 16.12
1, 0, 1.986, 0.001, 0.000, 0.000, 0.709, 4.865, 1.649, 4.600, -1.585, -12.223, 0.000, 16.93
1, 0, 1.121, 0.000, 0.000, 0.000, 0.345, 2.377, 1.804, 4.622, -1.174, -9.096, -0.000, 17.54
1, 0, 0.445, 0.000, 0.000, 0.000, 0.110, 0.667, 2.211, 4.636, -0.518, -7.552, -0.000, 18.04
1, 0, -0.366, 0.000, 0.000, 0.000, -0.069, -0.305, 2.661, 4.646, -0.054, -6.513, -0.000, 18.48
1, 0, -1.806, -0.000, 0.000, 0.000, -0.234, -0.261, 3.144, 4.652, 0.420, -5.917, 0.000, 18.87
1, 0, -2.625, -0.000, 0.000, 0.000, -0.214, -0.787, 3.532, 4.656, 0.900, -5.462, -0.000, 19.23
1, 0, -3.054, -0.000, 0.000, 0.000, -0.184, -1.484, 3.629, 4.659, 0.991, -4.558, -0.000, 19.54
1, 0, -3.229, -0.000, 0.000, 0.000, -0.113, -2.222, 3.660, 4.660, 1.297, -4.052, 0.000, 19.81
1, 0, -3.387, -0.000, 0.000, 0.000, -0.091, -2.714, 3.582, 4.660, 1.217, -3.266, 0.000, 20.03
1, 0, -3.506, -0.000, 0.000, 0.000, -0.087, -3.021, 3.396, 4.660, 1.153, -2.595, -0.000, 20.20
1, 0, -3.876, -0.000, 0.000, 0.000, -0.124, -3.093, 2.994, 5.497, 1.092, -2.490, 0.000, 20.37
1, 0, -4.186, -0.001, 0.000, 0.000, -0.228, -3.388, 2.692, 7.675, 0.608, -3.172, 0.000, 20.58
1, 0, -3.800, -0.001, 0.000, 0.000, -0.319, -4.058, 2.803, 7.943, -0.070, -2.500, -0.000, 20.74
1, 0, -5.184, -0.001, 0.000, 0.000, -0.892, -2.469, 1.813, 8.153, -0.507, -0.914, 0.000, 20.80
1, 0, -3.461, -0.001, 0.000, 0.000, -0.803, -4.184, 1.538, 8.325, -0.937, -0.478, -0.000, 20.84
1, 0, -2.450, -0.000, 0.000, 0.000, -0.715, -4.525, 1.389, 6.373, -1.327, 1.255, -0.000, 20.75
1, 0, -0.872, -0.000, 0.000, 0.000, -0.307, -2.177, 1.271, 4.612, -13.351, 10.824, -0.000, 20.03
1, 0, 0.003, 0.000, 0.000, 0.000, 0.001, 0.009, 1.175, 4.394, -15.045, 9.463, -0.000, 19.40
1, 0, 0.486, 0.000, 0.000, 0.000, 0.216, 1.721, 1.094, 4.231, -15.262, 7.512, -0.000, 18.90
1, 0, 0.794, 0.000, 0.000, 0.000, 0.374, 3.072, 1.026, 4.104, -15.740, 6.370, -0.000, 18.47
1, 0, 1.019, 0.000, 0.000, 0.000, 0.498, 4.186, 0.967, 4.002, -16.374, 5.703, -0.000, 18.09
1, 0, 1.202, 0.000, 0.000, 0.000, 0.600, 5.146, 0.916, 3.918, -17.099, 5.317, -0.000, 17.74
1, 0, 1.365, 0.001, 0.000, 0.000, 0.688, 6.005, 0.870, 3.849, -17.876, 5.099, -0.000, 17.40
1, 0, 1.515, 0.001, 0.000, 0.000, 0.665, 5.356, 1.090, 3.859, -12.133, -0.352, 0.000, 17.42
1, 0, 1.291, 0.000, 0.000, 0.000, 0.439, 2.466, 1.734, 3.815, -0.928, -8.816, -0.000, 18.01
1, 0, 0.587, 0.000, 0.000, 0.000, 0.155, 0.789, 1.919, 3.776, -0.262, -6.964, 0.000, 18.48
1, 0, -0.249, 0.000, 0.000, 0.000, -0.046, -0.139, 2.351, 3.741, 0.417, -6.073, 0.000, 18.88
1, 0, -1.526, -0.000, 0.000, 0.000, -0.162, -0.253, 2.830, 3.708, 0.895, -5.493, -0.000, 19.25
1, 0, -1.999, -0.000, 0.000, 0.000, -0.112, -1.071, 3.053, 3.679, 1.185, -4.736, -0.000, 19.56
1, 0, -2.160, -0.000, 0.000, 0.000, -0.031, -1.969, 3.269, 3.652, 1.485, -4.245, 0.000, 19.85
1, 0, -2.147, -0.000, 0.000, 0.000, -0.040, -2.747, 3.508, 3.626, 1.593, -3.792, -0.000, 20.10
1, 0, -2.152, -0.000, 0.000, 0.000, -0.083, -3.402, 3.555, 3.859, 1.709, -3.485, 0.000, 20.33
1, 0, -2.133, -0.000, 0.000, 0.000, -0.124, -3.910, 3.402, 3.861, 1.837, -2.933, -0.000, 20.53
1, 0, -2.177, -0.000, 0.000, 0.000, -0.129, -4.191, 3.152, 3.860, 1.586, -2.100, -0.000, 20.67
1, 0, -2.300, -0.000, 0.000, 0.000, -0.119, -4.432, 2.810, 4.694, 1.336, -1.989, 0.000, 20.80
1, 0, -2.368, -0.001, 0.000, 0.000, -0.080, -5.030, 2.613, 6.866, 0.862, -2.863, 0.000, 20.99
1, 0, -2.547, -0.001, 0.000, 0.000, -0.038, -5.275, 2.400, 7.129, 0.404, -2.073, 0.000, 21.13
1, 0, -4.422, -0.001, 0.000, 0.000, -0.562, -3.114, 1.675, 7.333, -0.028, -0.881, 0.000, 21.19
1, 0, -4.189, -0.002, 0.000, 0.000, -1.059, -2.737, 1.459, 7.498, -0.657, -0.313, -0.000, 21.21
1, 0, -2.301, -0.001, 0.000, 0.000, -0.856, -4.188, 1.327, 6.051, -1.050, 1.019, 0.000, 21.14
1, 0, -0.790, -0.000, 0.000, 0.000, -0.393, -2.441, 1.220, 4.335, -11.196, 9.264, -0.000, 20.52
1, 0, -0.031, 0.000, 0.000, 0.000, -0.020, -0.146, 1.133, 4.149, -14.749, 9.664, -0.000, 19.88
1, 0, 0.316, 0.000, 0.000, 0.000, 0.225, 1.725, 1.059, 4.011, -14.943, 7.606, 0.000, 19.37
1, 0, 0.560, 0.000, 0.000, 0.000, 0.436, 3.516, 0.996, 3.903, -17.063, 7.652, 0.000, 18.86
1, 0, 0.769, 0.001, 0.000, 0.000, 0.626, 5.249, 0.941, 3.817, -19.173, 7.770, -0.000, 18.34
1, 0, 0.952, 0.001, 0.000, 0.000, 0.767, 6.574, 0.892, 3.747, -19.595, 6.662, -0.000, 17.90
1, 0, 1.133, 0.001, 0.000, 0.000, 0.910, 7.978, 0.849, 3.689, -21.840, 7.281, -0.000, 17.41
1, 0, 1.384, 0.001, 0.000, 0.000, 0.963, 7.909, 0.980, 3.709, -17.363, 2.417, -0.000, 17.25
1, 0, 1.177, 0.001, 0.000, 0.000, 0.637, 4.355, 1.467, 3.673, -1.526, -9.783, 0.000, 17.90
1, 0, 0.863, 0.000, 0.000, 0.000, 0.343, 1.955, 1.845, 3.641, -0.872, -7.776, 0.000, 18.42
1, 0, 0.372, 0.000, 0.000, 0.000, 0.104, 0.417, 2.270, 3.613, -0.198, -6.579, 0.000, 18.86
1, 0, -0.703, -0.000, 0.000, 0.000, -0.105, -0.028, 2.840, 3.587, 0.479, -6.070, 0.000, 19.27
1, 0, -1.243, -0.000, 0.000, 0.000, -0.072, -0.980, 3.326, 3.563, 1.154, -5.747, -0.000, 19.65
1, 0, -1.457, -0.000, 0.000, 0.000, -0.046, -2.074, 3.668, 3.540, 1.630, -5.261, -0.000, 20.00
1, 0, -1.539, -0.000, 0.000, 0.000, -0.093, -3.005, 3.880, 3.520, 1.915, -4.679, 0.000, 20.31
1, 0, -1.591, -0.000, 0.000, 0.000, -0.148, -3.833, 3.853, 3.757, 2.210, -4.247, 0.000, 20.59
1, 0, -1.598, -0.000, 0.000, 0.000, -0.187, -4.455, 3.720, 3.763, 2.128, -3.372, 0.000, 20.82
1, 0, -1.559, -0.000, 0.000, 0.000, -0.218, -4.892, 3.449, 3.765, 2.065, -2.610, -0.000, 20.99
1, 0, -1.563, -0.000, 0.000, 0.000, -0.236, -5.313, 3.081, 4.603, 1.808, -2.380, -0.000, 21.15
1, 0, -1.514, -0.000, 0.000, 0.000, -0.231, -6.021, 2.755, 6.779, 1.332, -3.101, 0.000, 21.36
1, 0, -1.377, -0.000, 0.000, 0.000, -0.190, -6.559, 2.835, 7.046, 0.667, -2.422, -0.000, 21.52
1, 0, -2.204, -0.001, 0.000, 0.000, -0.067, -6.187, 1.865, 7.253, 0.237, -0.896, -0.000, 21.58
1, 0, -2.850, -0.002, 0.000, 0.000, -0.377, -5.106, 1.587, 7.421, -0.186, -0.487, -0.000, 21.61
1, 0, -3.838, -0.003, 0.000, 0.000, -1.198, -2.664, 1.435, 5.977, -0.579, 0.869, -0.000, 21.55
1, 0, -2.098, -0.001, 0.000, 0.000, -1.018, -2.165, 1.315, 4.263, -5.856, 5.560, -0.000, 21.18
1, 0, -0.598, -0.000, 0.000, 0.000, -0.428, -1.977, 1.216, 4.081, -8.284, 5.991, -0.000, 20.78
1, 0, -0.177, -0.000, 0.000, 0.000, -0.152, -0.872, 1.134, 3.945, -9.021, 5.141, 0.000, 20.44
1, 0, 0.036, 0.000, 0.000, 0.000, 0.034, 0.222, 1.064, 3.840, -9.866, 4.670, -0.000, 20.13
1, 0, 0.181, 0.000, 0.000, 0.000, 0.175, 1.236, 1.004, 3.757, -10.772, 4.420, 0.000, 19.84
1, 0, 0.305, 0.000, 0.000, 0.000, 0.290, 2.174, 0.950, 3.689, -11.709, 4.299, -0.000, 19.55
1, 0, 0.425, 0.000, 0.000, 0.000, 0.390, 3.052, 0.903, 3.633, -12.659, 4.256, 0.000, 19.27
1, 0, 0.516, 0.000, 0.000, 0.000, 0.358, 2.460, 1.053, 3.655, -7.137, -0.906, 0.000, 19.33
1, 0, 0.363, 0.000, 0.000, 0.000, 0.163, 0.610, 1.496, 3.621, -0.311, -5.942, -0.000, 19.72
1, 0, -0.323, -0.000, 0.000, 0.000, -0.098, -0.170, 1.747, 3.592, -0.014, -4.734, -0.000, 20.04
1, 0, -0.909, -0.000, 0.000, 0.000, -0.100, -0.884, 2.207, 3.565, 0.694, -4.573, 0.000, 20.34
1, 0, -0.928, -0.000, 0.000, 0.000, -0.036, -2.029, 2.717, 3.541, 1.194, -4.459, -0.000, 20.64
1, 0, -0.867, -0.000, 0.000, 0.000, -0.133, -2.988, 3.227, 3.518, 1.882, -4.638, -0.000, 20.95
1, 0, -0.848, -0.000, 0.000, 0.000, -0.207, -3.895, 3.566, 3.498, 2.368, -4.481, 0.000, 21.25
1, 0, -0.803, -0.000, 0.000, 0.000, -0.273, -4.709, 3.768, 3.479, 2.661, -4.122, 0.000, 21.52
1, 0, -0.740, -0.000, 0.000, 0.000, -0.333, -5.462, 3.735, 3.717, 2.768, -3.686, 0.000, 21.77
1, 0, -0.614, -0.000, 0.000, 0.000, -0.387, -6.066, 3.628, 3.726, 2.887, -3.173, 0.000, 21.98
1, 0, -0.458, -0.000, 0.000, 0.000, -0.432, -6.539, 3.367, 3.729, 2.827, -2.493, 0.000, 22.15
1, 0, -0.275, -0.000, 0.000, 0.000, -0.475, -7.075, 3.064, 4.568, 2.574, -2.381, 0.000, 22.30
1, 0, -0.211, -0.000, 0.000, 0.000, -0.520, -7.780, 2.652, 6.746, 2.302, -3.188, 0.000, 22.52
1, 0, -0.183, -0.000, 0.000, 0.000, -0.535, -8.190, 2.305, 7.013, 1.659, -2.069, 0.000, 22.65
1, 0, -0.502, -0.001, 0.000, 0.000, -0.528, -8.009, 1.726, 7.222, 1.037, -0.944, 0.000, 22.72
1, 0, -0.845, -0.001, 0.000, 0.000, -0.469, -7.576, 1.499, 7.391, 0.618, -0.618, 0.000, 22.76
1, 0, -1.171, -0.001, 0.000, 0.000, -0.376, -6.717, 1.364, 5.949, 0.229, 0.723, -0.000, 22.71
1, 0, -1.440, -0.001, 0.000, 0.000, -0.196, -4.941, 1.256, 4.236, -2.656, 3.742, 0.000, 22.46
1, 0, -1.582, -0.001, 0.000, 0.000, -0.057, -2.612, 1.166, 4.054, -6.935, 5.967, -0.000, 22.06
1, 0, -1.315, -0.000, 0.000, 0.000, -0.154, -0.929, 1.091, 3.920, -7.681, 5.068, -0.000, 21.73
1, 0, -0.167, -0.000, 0.000, 0.000, -0.090, -0.207, 1.026, 3.816, -10.162, 5.785, -0.000, 21.34
1, 0, 0.714, 0.000, 0.000, 0.000, 0.181, 1.031, 0.970, 3.733, -14.176, 7.547, -0.000, 20.84
1, 0, 0.933, 0.001, 0.000, 0.000, 0.409, 2.834, 0.920, 3.666, -16.306, 7.544, 0.000, 20.33
1, 0, 0.923, 0.001, 0.000, 0.000, 0.621, 4.760, 0.875, 3.611, -18.431, 7.639, -0.000, 19.82
1, 0, 0.945, 0.001, 0.000, 0.000, 0.741, 4.665, 1.085, 3.634, -12.356, 1.286, -0.000, 19.74
1, 0, 0.346, 0.001, 0.000, 0.000, 0.135, 2.902, 2.047, 3.601, -0.529, -8.502, 0.000, 20.31
1, 0, 0.047, 0.000, 0.000, 0.000, -0.001, 0.721, 2.039, 3.572, 0.138, -6.515, -0.000, 20.74
1, 0, -0.057, -0.000, 0.000, 0.000, -0.017, -1.000, 2.440, 3.546, 0.615, -5.528, -0.000, 21.11
1, 0, -0.097, -0.000, 0.000, 0.000, -0.085, -2.253, 2.742, 3.523, 0.905, -4.736, -0.000, 21.42
1, 0, -0.116, -0.000, 0.000, 0.000, -0.155, -3.229, 2.910, 3.501, 1.208, -4.120, -0.000, 21.70
1, 0, -0.138, -0.000, 0.000, 0.000, -0.199, -3.962, 2.733, 3.481, 1.134, -3.049, -0.000, 21.90
1, 0, -0.134, -0.000, 0.000, 0.000, -0.219, -4.412, 2.461, 3.463, 0.882, -2.040, -0.000, 22.04
1, 0, -0.099, -0.000, 0.000, 0.000, -0.242, -4.728, 2.881, 3.702, 0.825, -2.339, -0.000, 22.19
1, 0, -0.074, -0.000, 0.000, 0.000, -0.264, -5.043, 2.958, 3.711, 0.775, -2.063, -0.000, 22.33
1, 0, -0.103, -0.000, 0.000, 0.000, -0.285, -5.250, 2.985, 3.715, 0.928, -1.990, -0.000, 22.46
1, 0, -0.208, -0.000, 0.000, 0.000, -0.298, -5.543, 2.595, 4.555, 0.682, -1.782, 0.000, 22.58
1, 0, -0.382, -0.000, 0.000, 0.000, -0.293, -6.060, 2.240, 6.733, 0.216, -2.453, 0.000, 22.75
1, 0, -0.523, -0.001, 0.000, 0.000, -0.241, -6.295, 2.231, 7.001, -0.241, -1.930, -0.000, 22.88
1, 0, -1.170, -0.001, 0.000, 0.000, -0.115, -6.034, 1.577, 7.210, -0.674, -0.793, -0.000, 22.93
1, 0, -2.461, -0.002, 0.000, 0.000, -0.387, -4.392, 1.342, 7.379, -1.303, -0.176, -0.000, 22.94
1, 0, -3.678, -0.002, 0.000, 0.000, -1.192, -1.749, 1.222, 5.938, -1.695, 1.156, 0.000, 22.86
1, 0, -0.331, -0.000, 0.000, 0.000, -0.246, -1.119, 1.125, 4.225, -16.282, 12.627, -0.000, 22.02
1, 0, 0.492, 0.000, 0.000, 0.000, 0.256, 1.667, 1.046, 4.044, -19.365, 11.860, 0.000, 21.23
1, 0, 0.657, 0.001, 0.000, 0.000, 0.595, 4.398, 0.979, 3.910, -20.884, 10.345, -0.000, 20.54
1, 0, 0.581, 0.001, 0.000, 0.000, 0.830, 6.518, 0.921, 3.806, -20.936, 8.279, 0.000, 19.99
1, 0, 0.372, 0.001, 0.000, 0.000, 1.007, 8.244, 0.871, 3.724, -21.271, 7.051, -0.000, 19.52
1, 0, 0.087, 0.001, 0.000, 0.000, 1.189, 10.103, 0.827, 3.658, -23.445, 7.580, 0.000, 19.01
1, 0, 0.201, 0.001, 0.000, 0.000, 1.298, 11.277, 0.786, 3.603, -23.867, 6.700, -0.000, 18.57
1, 0, 0.565, 0.002, 0.000, 0.000, 1.342, 10.442, 1.046, 3.626, -17.815, 0.793, 0.000, 18.51
1, 0, 1.219, 0.002, 0.000, 0.000, 1.359, 5.152, 1.804, 3.594, -1.621, -11.508, 0.000, 19.28
1, 0, 1.064, 0.001, 0.000, 0.000, 0.690, 2.419, 1.871, 3.565, -0.990, -8.620, -0.000, 19.86
1, 0, 0.734, 0.001, 0.000, 0.000, 0.250, 0.678, 2.335, 3.539, -0.333, -7.205, 0.000, 20.34
1, 0, -0.286, -0.000, 0.000, 0.000, -0.028, 0.080, 2.827, 3.516, 0.333, -6.442, -0.000, 20.77
1, 0, -0.606, -0.000, 0.000, 0.000, -0.024, -1.147, 3.269, 3.495, 0.803, -5.789, -0.000, 21.15
1, 0, -0.750, -0.000, 0.000, 0.000, -0.077, -2.232, 3.602, 3.475, 1.083, -5.101, 0.000, 21.49
1, 0, -0.791, -0.000, 0.000, 0.000, -0.142, -3.184, 3.804, 3.457, 1.570, -4.713, 0.000, 21.81
1, 0, -0.817, -0.000, 0.000, 0.000, -0.196, -4.046, 3.785, 3.696, 1.670, -4.092, 0.000, 22.08
1, 0, -0.767, -0.000, 0.000, 0.000, -0.246, -4.719, 3.694, 3.705, 1.785, -3.452, 0.000, 22.31
1, 0, -0.690, -0.000, 0.000, 0.000, -0.285, -5.228, 3.430, 3.710, 1.720, -2.657, 0.000, 22.49
1, 0, -0.607, -0.000, 0.000, 0.000, -0.318, -5.753, 3.059, 4.550, 1.463, -2.394, 0.000, 22.65
1, 0, -0.504, -0.000, 0.000, 0.000, -0.323, -6.528, 2.685, 6.728, 0.792, -2.849, -0.000, 22.84
1, 0, -0.386, -0.001, 0.000, 0.000, -0.292, -7.040, 2.366, 6.996, 0.140, -1.783, -0.000, 22.95
1, 0, -0.512, -0.001, 0.000, 0.000, -0.205, -7.150, 1.719, 7.205, -0.289, -0.767, 0.000, 23.01
1, 0, -0.784, -0.002, 0.000, 0.000, -0.147, -6.793, 1.497, 7.375, -0.916, -0.231, -0.000, 23.02
1, 0, -1.302, -0.003, 0.000, 0.000, -0.989, -4.780, 1.360, 5.933, -1.307, 1.087, -0.000, 22.95
1, 0, -0.498, -0.001, 0.000, 0.000, -0.712, -1.648, 1.249, 4.221, -13.210, 10.598, 0.000, 22.24
1, 0, 0.113, 0.000, 0.000, 0.000, 0.117, 0.631, 1.158, 4.040, -16.569, 10.510, -0.000, 21.54
1, 0, 0.208, 0.001, 0.000, 0.000, 0.439, 2.825, 1.082, 3.906, -16.637, 8.177, -0.000, 21.00
1, 0, 0.245, 0.001, 0.000, 0.000, 0.671, 4.882, 1.017, 3.803, -18.666, 8.047, 0.000, 20.46
1, 0, 0.266, 0.001, 0.000, 0.000, 0.836, 6.459, 0.960, 3.720, -19.050, 6.807, -0.000, 20.01
1, 0, 0.275, 0.001, 0.000, 0.000, 0.995, 8.100, 0.910, 3.654, -21.265, 7.329, 0.000, 19.52
1, 0, 0.396, 0.001, 0.000, 0.000, 1.109, 9.305, 0.865, 3.600, -21.737, 6.460, 0.000, 19.09
1, 0, 0.711, 0.001, 0.000, 0.000, 1.133, 8.389, 1.120, 4.392, -15.873, 0.126, 0.000, 19.08
1, 0, 1.228, 0.002, 0.000, 0.000, 1.060, 3.648, 1.784, 4.436, -1.390, -10.768, -0.000, 19.80
1, 0, 0.964, 0.001, 0.000, 0.000, 0.474, 1.224, 1.984, 4.466, -0.756, -8.356, 0.000, 20.35
1, 0, -0.027, 0.000, 0.000, 0.000, -0.007, 0.286, 2.373, 4.488, -0.098, -7.015, -0.000, 20.82
1, 0, -0.588, -0.000, 0.000, 0.000, -0.029, -0.941, 2.880, 4.504, 0.565, -6.390, -0.000, 21.25
1, 0, -0.745, -0.000, 0.000, 0.000, -0.073, -2.232, 3.358, 4.517, 1.029, -5.854, 0.000, 21.64
1, 0, -0.816, -0.000, 0.000, 0.000, -0.150, -3.371, 3.676, 4.527, 1.501, -5.366, 0.000, 21.99
1, 0, -0.828, -0.000, 0.000, 0.000, -0.220, -4.355, 3.870, 4.535, 1.783, -4.784, 0.000, 22.31
1, 0, -0.805, -0.000, 0.000, 0.000, -0.277, -5.174, 3.855, 4.541, 1.884, -4.024, 0.000, 22.58
1, 0, -0.715, -0.000, 0.000, 0.000, -0.333, -5.820, 3.735, 4.546, 1.999, -3.412, 0.000, 22.81
1, 0, -0.608, -0.000, 0.000, 0.000, -0.368, -6.293, 3.443, 4.550, 1.742, -2.466, 0.000, 22.97
1, 0, -0.469, -0.000, 0.000, 0.000, -0.402, -6.794, 3.086, 5.392, 1.488, -2.299, 0.000, 23.13
1, 0, -0.350, -0.000, 0.000, 0.000, -0.418, -7.543, 2.722, 7.574, 1.015, -2.999, 0.000, 23.33
1, 0, -0.330, -0.000, 0.000, 0.000, -0.385, -7.934, 2.674, 7.846, 0.355, -2.225, -0.000, 23.48
1, 0, -0.459, -0.001, 0.000, 0.000, -0.372, -8.077, 1.846, 8.060, -0.075, -0.923, -0.000, 23.54
1, 0, -0.692, -0.001, 0.000, 0.000, -0.216, -7.856, 1.575, 8.235, -0.701, -0.345, -0.000, 23.56
1, 0, -1.309, -0.002, 0.000, 0.000, -0.112, -6.541, 1.428, 6.286, -1.083, 1.333, 0.000, 23.47
1, 0, -1.425, -0.001, 0.000, 0.000, -0.502, -1.730, 1.311, 4.529, -13.020, 10.838, -0.000, 22.75
1, 0, 0.007, -0.000, 0.000, 0.000, -0.069, -0.200, 1.214, 4.315, -14.702, 9.435, 0.000, 22.12
1, 0, 0.531, 0.001, 0.000, 0.000, 0.323, 1.716, 1.134, 4.155, -16.563, 8.704, -0.000, 21.54
1, 0, 0.601, 0.001, 0.000, 0.000, 0.550, 3.496, 1.065, 4.030, -16.869, 7.126, -0.000, 21.06
1, 0, 0.497, 0.001, 0.000, 0.000, 0.751, 5.417, 1.005, 3.931, -19.038, 7.435, 0.000, 20.57
1, 0, 0.330, 0.001, 0.000, 0.000, 0.948, 7.379, 0.953, 3.850, -21.163, 7.702, -0.000, 20.05
1, 0, 0.339, 0.001, 0.000, 0.000, 1.083, 8.783, 0.905, 3.783, -21.581, 6.685, 0.000, 19.61
1, 0, 0.376, 0.002, 0.000, 0.000, 1.181, 8.937, 0.965, 4.566, -18.961, 2.935, 0.000, 19.41
1, 0, 0.427, 0.001, 0.000, 0.000, 0.837, 4.802, 1.403, 4.600, -1.719, -10.352, 0.000, 20.10
1, 0, 0.617, 0.001, 0.000, 0.000, 0.539, 1.727, 1.818, 4.622, -1.078, -8.245, 0.000, 20.65
1, 0, 0.111, 0.000, 0.000, 0.000, 0.043, 0.329, 2.259, 4.636, -0.416, -6.962, 0.000, 21.12
1, 0, -0.448, -0.000, 0.000, 0.000, -0.034, -0.872, 2.796, 4.646, 0.252, -6.339, 0.000, 21.54
1, 0, -0.604, -0.000, 0.000, 0.000, -0.067, -2.194, 3.287, 4.652, 0.721, -5.795, 0.000, 21.93
1, 0, -0.678, -0.000, 0.000, 0.000, -0.145, -3.338, 3.627, 4.656, 1.196, -5.319, -0.000, 22.28
1, 0, -0.687, -0.000, 0.000, 0.000, -0.222, -4.348, 3.842, 4.659, 1.676, -4.919, 0.000, 22.61
1, 0, -0.670, -0.000, 0.000, 0.000, -0.282, -5.205, 3.864, 4.660, 1.774, -4.141, -0.000, 22.88
1, 0, -0.592, -0.000, 0.000, 0.000, -0.340, -5.876, 3.734, 4.660, 1.888, -3.474, 0.000, 23.12
1, 0, -0.476, -0.000, 0.000, 0.000, -0.383, -6.391, 3.482, 4.660, 1.822, -2.714, 0.000, 23.30
1, 0, -0.348, -0.000, 0.000, 0.000, -0.424, -6.934, 3.094, 5.497, 1.565, -2.449, -0.000, 23.46
1, 0, -0.311, -0.000, 0.000, 0.000, -0.438, -7.623, 2.800, 7.675, 1.089, -3.192, 0.000, 23.67
1, 0, -0.298, -0.000, 0.000, 0.000, -0.419, -8.046, 2.677, 7.943, 0.430, -2.287, 0.000, 23.83
1, 0, -0.402, -0.001, 0.000, 0.000, -0.427, -8.196, 1.832, 8.153, -0.000, -0.959, -0.000, 23.89
1, 0, -0.758, -0.001, 0.000, 0.000, -0.342, -7.798, 1.578, 8.325, -0.424, -0.579, 0.000, 23.93
1, 0, -1.085, -0.001, 0.000, 0.000, -0.242, -6.835, 1.431, 6.373, -0.607, 0.966, -0.000, 23.86
1, 0, -1.100, -0.001, 0.000, 0.000, -0.081, -4.044, 1.313, 4.612, -7.663, 6.964, 0.000, 23.40
1, 0, -0.906, -0.000, 0.000, 0.000, -0.125, -1.581, 1.216, 4.394, -9.883, 6.886, -0.000, 22.94
1, 0, -0.310, -0.000, 0.000, 0.000, -0.108, -0.204, 1.136, 4.231, -10.484, 5.740, -0.000, 22.56
1, 0, 0.559, 0.000, 0.000, 0.000, 0.135, 0.283, 1.067, 4.104, -11.234, 5.087, 0.000, 22.22
1, 0, 0.754, 0.001, 0.000, 0.000, 0.301, 1.284, 1.007, 4.002, -12.069, 4.722, 0.000, 21.90
1, 0, 0.724, 0.001, 0.000, 0.000, 0.430, 2.396, 0.954, 3.918, -12.951, 4.528, -0.000, 21.60
1, 0, 0.612, 0.001, 0.000, 0.000, 0.511, 3.134, 0.907, 3.849, -12.226, 3.212, 0.000, 21.39
1, 0, 0.579, 0.001, 0.000, 0.000, 0.607, 2.662, 1.046, 3.859, -8.491, -0.263, -0.000, 21.41
1, 0, 0.237, 0.001, 0.000, 0.000, 0.186, 1.021, 1.423, 3.815, -0.672, -6.010, 0.000, 21.81
1, 0, -0.050, -0.000, 0.000, 0.000, -0.004, -0.293, 1.818, 3.776, 0.024, -5.270, -0.000, 22.16
1, 0, -0.120, -0.000, 0.000, 0.000, -0.054, -1.621, 2.243, 3.741, 0.520, -4.709, -0.000, 22.47
1, 0, -0.133, -0.000, 0.000, 0.000, -0.142, -2.687, 2.737, 3.708, 1.213, -4.696, 0.000, 22.78
1, 0, -0.139, -0.000, 0.000, 0.000, -0.216, -3.633, 3.086, 3.679, 1.508, -4.285, 0.000, 23.07
1, 0, -0.137, -0.000, 0.000, 0.000, -0.283, -4.434, 3.163, 3.652, 1.814, -3.774, 0.000, 23.32
1, 0, -0.120, -0.000, 0.000, 0.000, -0.332, -5.058, 3.367, 3.626, 1.929, -3.412, 0.000, 23.55
1, 0, -0.099, -0.000, 0.000, 0.000, -0.377, -5.618, 3.332, 3.859, 1.858, -2.953, 0.000, 23.75
1, 0, -0.115, -0.000, 0.000, 0.000, -0.415, -5.968, 3.230, 3.861, 1.992, -2.586, 0.000, 23.92
1, 0, -0.227, -0.000, 0.000, 0.000, -0.430, -6.094, 2.985, 3.860, 1.751, -1.844, 0.000, 24.04
1, 0, -0.373, -0.000, 0.000, 0.000, -0.448, -6.230, 2.632, 4.694, 1.510, -1.784, 0.000, 24.16
1, 0, -0.597, -0.000, 0.000, 0.000, -0.476, -6.612, 2.229, 6.866, 1.052, -2.462, -0.000, 24.32
1, 0, -0.810, -0.000, 0.000, 0.000, -0.463, -6.702, 2.041, 7.129, 0.607, -1.802, 0.000, 24.45
1, 0, -1.183, -0.001, 0.000, 0.000, -0.456, -6.488, 1.580, 7.333, 0.180, -0.964, -0.000, 24.51
1, 0, -1.447, -0.001, 0.000, 0.000, -0.426, -6.200, 1.359, 7.498, -0.042, -0.743, -0.000, 24.56
1, 0, -1.674, -0.001, 0.000, 0.000, -0.355, -5.501, 1.242, 6.051, -0.435, 0.672, -0.000, 24.51
1, 0, -1.415, -0.000, 0.000, 0.000, -0.230, -3.790, 1.147, 4.335, -4.739, 4.692, -0.000, 24.20
1, 0, -1.081, -0.000, 0.000, 0.000, -0.107, -2.136, 1.068, 4.149, -7.271, 5.379, 0.000, 23.84
1, 0, -0.634, -0.000, 0.000, 0.000, -0.036, -0.957, 1.002, 4.011, -8.094, 4.709, 0.000, 23.53
1, 0, -0.092, -0.000, 0.000, 0.000, -0.004, -0.099, 0.944, 3.903, -9.000, 4.348, 0.000, 23.24
1, 0, 0.356, 0.000, 0.000, 0.000, 0.002, 0.306, 0.894, 3.817, -8.338, 2.963, -0.000, 23.04
1, 0, 1.071, 0.000, 0.000, 0.000, 0.035, 0.472, 0.849, 3.747, -9.480, 3.306, 0.000, 22.82
1, 0, 2.176, 0.001, 0.000, 0.000, 0.185, 0.170, 0.808, 3.689, -10.573, 3.544, 0.000, 22.58
1, 0, 0.832, 0.000, 0.000, 0.000, 0.010, 1.031, 1.067, 3.709, -5.246, -1.403, 0.000, 22.68
1, 0, 0.018, -0.000, 0.000, 0.000, 0.005, 0.123, 2.031, 3.673, 0.095, -5.944, -0.000, 23.07
1, 0, -0.170, -0.000, 0.000, 0.000, -0.071, -1.354, 2.012, 3.641, 0.591, -4.649, -0.000, 23.38
1, 0, -0.229, -0.000, 0.000, 0.000, -0.155, -2.488, 2.413, 3.613, 1.286, -4.440, 0.000, 23.68
1, 0, -0.231, -0.000, 0.000, 0.000, -0.230, -3.418, 2.931, 3.587, 1.775, -4.414, -0.000, 23.97
1, 0, -0.236, -0.000, 0.000, 0.000, -0.300, -4.257, 3.410, 3.563, 2.258, -4.438, -0.000, 24.27
1, 0, -0.267, -0.000, 0.000, 0.000, -0.359, -5.028, 3.735, 3.540, 2.548, -4.170, 0.000, 24.55
1, 0, -0.315, -0.000, 0.000, 0.000, -0.411, -5.666, 3.914, 3.520, 2.843, -3.884, -0.000, 24.81
1, 1, -0.405, -0.000, 0.000, 0.000, -0.455, -6.220, 3.884, 3.757, 2.774, -2.888, 0.446, 25.00
1, 1, -0.425, -0.000, 0.000, 0.000, -0.408, -5.491, 3.773, 3.763, 2.774, 0.000, 3.987, 25.00
1, 1, -0.457, -0.000, 0.000, 0.000, -0.373, -4.915, 3.512, 3.765, 2.774, 0.000, 4.306, 25.00
1, 1, -0.476, -0.000, 0.000, 0.000, -0.344, -4.382, 3.181, 4.603, 2.967, 0.000, 5.548, 25.00
1, 1, -0.474, -0.000, 0.000, 0.000, -0.303, -3.853, 2.783, 6.779, 2.967, 0.000, 7.898, 25.00
1, 1, -0.476, -0.000, 0.000, 0.000, -0.267, -3.475, 2.744, 7.046, 2.580, 0.000, 8.152, 25.00
1, 1, -0.640, -0.000, 0.000, 0.000, -0.288, -3.438, 1.881, 7.253, 2.191, 0.000, 6.958, 25.00
1, 1, -0.700, -0.000, 0.000, 0.000, -0.269, -3.240, 1.595, 7.421, 1.800, 0.000, 6.605, 25.00
1, 0, -1.024, -0.000, 0.000, 0.000, -0.341, -4.102, 1.443, 5.977, 1.326, -3.279, -0.000, 25.22
1, 0, -1.579, -0.000, 0.000, 0.000, -0.474, -5.690, 1.323, 4.263, 8.743, -6.586, -0.000, 25.66
1, 0, -1.860, -0.000, 0.000, 0.000, -0.510, -6.114, 1.224, 4.081, 6.267, -3.088, 0.000, 25.86
1, 0, -1.859, -0.000, 0.000, 0.000, -0.433, -5.271, 1.142, 3.945, 1.114, 1.362, -0.000, 25.77
1, 0, -1.586, -0.000, 0.000, 0.000, -0.304, -3.798, 1.071, 3.840, -3.462, 4.239, 0.000, 25.49
1, 0, -1.152, -0.000, 0.000, 0.000, -0.184, -2.365, 1.011, 3.757, -6.060, 4.994, 0.000, 25.16
1, 0, -0.458, -0.000, 0.000, 0.000, -0.054, -0.744, 0.957, 3.689, -10.157, 6.767, -0.000, 24.71
1, 0, 0.640, 0.000, 0.000, 0.000, 0.048, 0.756, 0.909, 3.633, -14.016, 8.029, 0.000, 24.17
1, 0, 1.141, 0.000, 0.000, 0.000, 0.084, 1.377, 0.935, 3.655, -11.225, 4.033, -0.000, 23.90
1, 0, 0.215, -0.000, 0.000, 0.000, 0.023, 0.388, 1.346, 3.621, -0.942, -4.651, 0.000, 24.21
1, 0, -0.236, -0.000, 0.000, 0.000, -0.037, -0.576, 1.703, 3.592, -0.422, -4.023, 0.000, 24.48
1, 0, -0.437, -0.000, 0.000, 0.000, -0.103, -1.505, 2.220, 3.565, 0.295, -4.033, 0.000, 24.75
1, 0, -0.512, -0.000, 0.000, 0.000, -0.173, -2.407, 2.722, 3.541, 0.997, -4.167, 0.000, 25.03
1, 0, -0.555, -0.000, 0.000, 0.000, -0.241, -3.255, 3.141, 3.518, 1.494, -4.103, 0.000, 25.30
1, 0, -0.609, -0.000, 0.000, 0.000, -0.300, -4.001, 3.356, 3.498, 1.798, -3.741, 0.000, 25.55
1, 0, -0.646, -0.000, 0.000, 0.000, -0.350, -4.615, 3.555, 3.479, 2.105, -3.528, -0.000, 25.79
1, 1, -0.014, -0.000, 0.000, 0.000, -0.008, -0.100, 3.567, 3.717, 2.580, 11.775, 21.518, 25.00
1, 1, -0.009, -0.000, 0.000, 0.000, -0.005, -0.060, 3.476, 3.726, 2.580, 0.000, 9.709, 25.00
1, 1, 0.004, -0.000, 0.000, 0.000, 0.002, 0.027, 3.361, 3.729, 2.774, 0.000, 9.897, 25.00
1, 1, -0.002, -0.000, 0.000, 0.000, -0.001, -0.013, 3.003, 4.568, 2.580, 0.000, 10.135, 25.00
1, 1, 0.004, -0.000, 0.000, 0.000, 0.002, 0.021, 2.684, 6.746, 2.386, 0.000, 11.843, 25.00
1, 1, 0.005, -0.000, 0.000, 0.000, 0.002, 0.026, 2.540, 7.013, 1.996, 0.000, 11.583, 25.00
1, 1, -0.064, -0.000, 0.000, 0.000, -0.021, -0.248, 1.756, 7.222, 1.603, 0.000, 10.247, 25.00
1, 1, -0.098, -0.000, 0.000, 0.000, -0.027, -0.325, 1.511, 7.391, 1.007, 0.000, 9.460, 25.00
1, 0, -0.632, -0.000, 0.000, 0.000, -0.153, -1.844, 1.371, 5.949, 0.481, -5.172, 0.000, 25.34
1, 0, -0.914, -0.000, 0.000, 0.000, -0.193, -2.345, 1.259, 4.236, 0.202, -2.244, 0.000, 25.49
1, 0, -0.765, -0.000, 0.000, 0.000, -0.133, -1.655, 1.167, 4.054, -4.844, 2.176, 0.000, 25.35
1, 0, -0.373, -0.000, 0.000, 0.000, -0.054, -0.692, 1.090, 3.920, -7.713, 3.822, 0.000, 25.09
1, 0, 0.221, -0.000, 0.000, 0.000, 0.026, 0.344, 1.024, 3.816, -10.357, 4.926, 0.000, 24.77
1, 0, 1.040, 0.000, 0.000, 0.000, 0.092, 1.310, 0.967, 3.733, -12.848, 5.706, 0.000, 24.39
1, 0, 2.164, 0.000, 0.000, 0.000, 0.126, 2.067, 0.917, 3.666, -15.226, 6.287, 0.000, 23.97
1, 0, 4.326, 0.001, 0.000, 0.000, 0.073, 2.315, 0.871, 3.611, -19.160, 7.962, 0.000, 23.44
1, 0, 4.038, 0.001, 0.000, 0.000, 0.110, 3.089, 1.024, 3.634, -14.707, 2.811, -0.000, 23.25
1, 0, 1.116, 0.000, 0.000, 0.000, 0.126, 2.791, 1.987, 3.601, -1.005, -8.616, -0.000, 23.82
1, 0, 0.319, 0.000, 0.000, 0.000, 0.058, 0.979, 2.086, 3.572, -0.144, -6.870, -0.000, 24.28
1, 0, -0.121, -0.000, 0.000, 0.000, -0.030, -0.456, 2.442, 3.546, 0.327, -5.708, 0.000, 24.66
1, 0, -0.324, -0.000, 0.000, 0.000, -0.111, -1.610, 2.907, 3.523, 0.805, -5.189, 0.000, 25.01
1, 0, -0.425, -0.000, 0.000, 0.000, -0.188, -2.629, 3.315, 3.501, 1.285, -4.858, 0.000, 25.33
1, 0, -0.502, -0.000, 0.000, 0.000, -0.255, -3.512, 3.583, 3.481, 1.575, -4.371, 0.000, 25.62
1, 0, -0.564, -0.000, 0.000, 0.000, -0.312, -4.235, 3.747, 3.463, 1.873, -3.972, -0.000, 25.89
1, 1, 0.113, -0.000, 0.000, 0.000, 0.063, 0.846, 3.773, 3.702, 2.386, 13.311, 24.195, 25.00
1, 1, 0.117, -0.000, 0.000, 0.000, 0.063, 0.830, 3.624, 3.711, 2.386, 0.000, 10.731, 25.00
1, 1, 0.123, -0.000, 0.000, 0.000, 0.063, 0.810, 3.387, 3.715, 2.386, 0.000, 10.484, 25.00
1, 1, 0.119, -0.000, 0.000, 0.000, 0.053, 0.681, 3.011, 4.555, 1.996, 0.000, 10.415, 25.00
1, 1, 0.118, -0.000, 0.000, 0.000, 0.047, 0.600, 2.633, 6.733, 1.603, 0.000, 11.733, 25.00
1, 1, 0.132, -0.000, 0.000, 0.000, 0.047, 0.638, 2.670, 7.001, 1.206, 0.000, 11.695, 25.00
1, 1, 0.075, -0.000, 0.000, 0.000, 0.021, 0.267, 1.834, 7.210, 0.807, 0.000, 10.214, 25.00
1, 1, 0.060, -0.000, 0.000, 0.000, 0.015, 0.189, 1.557, 7.379, 0.607, 0.000, 9.807, 25.00
1, 0, -0.513, -0.000, 0.000, 0.000, -0.112, -1.410, 1.412, 5.938, 0.072, -5.386, 0.000, 25.36
1, 0, -0.692, -0.000, 0.000, 0.000, -0.137, -1.722, 1.297, 4.225, -1.509, -1.463, 0.000, 25.46
1, 0, -0.572, -0.000, 0.000, 0.000, -0.097, -1.246, 1.202, 4.044, -4.861, 1.530, 0.000, 25.35
1, 0, -0.456, -0.000, 0.000, 0.000, -0.073, -0.943, 1.123, 3.910, -4.626, 1.066, 0.000, 25.28
1, 0, -0.250, -0.000, 0.000, 0.000, -0.036, -0.475, 1.055, 3.806, -6.048, 1.949, 0.000, 25.15
1, 0, -0.106, -0.000, 0.000, 0.000, -0.015, -0.194, 0.996, 3.724, -5.750, 1.345, 0.000, 25.06
1, 0, 0.134, -0.000, 0.000, 0.000, 0.017, 0.227, 0.944, 3.658, -7.133, 2.154, 0.000, 24.92
1, 0, 0.456, 0.000, 0.000, 0.000, 0.051, 0.705, 0.897, 3.603, -8.401, 2.689, 0.000, 24.74
1, 0, 0.295, -0.000, 0.000, 0.000, 0.039, 0.530, 0.969, 3.626, -4.819, -0.640, -0.000, 24.78
1, 0, -0.190, -0.000, 0.000, 0.000, -0.029, -0.384, 1.051, 3.594, -0.417, -3.624, -0.000, 25.03
1, 0, -0.470, -0.000, 0.000, 0.000, -0.080, -1.045, 1.069, 3.565, -0.280, -2.758, -0.000, 25.21
1, 0, -0.573, -0.000, 0.000, 0.000, -0.120, -1.596, 1.434, 3.539, -0.139, -2.546, -0.000, 25.38
1, 0, -0.627, -0.000, 0.000, 0.000, -0.162, -2.106, 1.643, 3.516, 0.207, -2.471, 0.000, 25.54
1, 0, -0.716, -0.000, 0.000, 0.000, -0.193, -2.475, 1.580, 3.495, 0.162, -1.852, 0.000, 25.67
1, 0, -0.766, -0.000, 0.000, 0.000, -0.213, -2.714, 1.553, 3.475, 0.126, -1.462, 0.000, 25.76
1, 0, -0.724, -0.000, 0.000, 0.000, -0.230, -2.964, 1.888, 3.457, 0.287, -1.713, 0.000, 25.88
1, 1, 0.331, -0.000, 0.000, 0.000, 0.113, 1.442, 1.965, 3.696, 0.807, 13.183, 21.537, 25.00
1, 1, 0.294, -0.000, 0.000, 0.000, 0.102, 1.286, 1.936, 3.705, 0.807, 0.000, 8.130, 25.00
1, 1, 0.274, -0.000, 0.000, 0.000, 0.100, 1.258, 2.027, 3.710, 1.007, 0.000, 8.376, 25.00
1, 1, 0.258, -0.000, 0.000, 0.000, 0.091, 1.123, 1.803, 4.550, 1.007, 0.000, 8.833, 25.00
1, 1, 0.240, -0.000, 0.000, 0.000, 0.075, 0.891, 1.324, 6.728, 0.807, 0.000, 10.065, 25.00
1, 1, 0.227, -0.000, 0.000, 0.000, 0.064, 0.756, 1.128, 6.996, 0.607, 0.000, 9.778, 25.00
1, 1, 0.215, -0.000, 0.000, 0.000, 0.055, 0.645, 0.988, 7.205, 0.405, 0.000, 9.514, 25.00
1, 1, 0.204, -0.000, 0.000, 0.000, 0.048, 0.566, 0.890, 7.375, 0.203, 0.000, 9.284, 25.00
1, 0, -0.373, -0.000, 0.000, 0.000, -0.079, -0.950, 0.824, 5.933, -0.128, -5.228, -0.000, 25.35
1, 0, -0.435, -0.000, 0.000, 0.000, -0.084, -1.015, 0.769, 4.221, -3.077, -0.380, 0.000, 25.37
1, 0, -0.337, -0.000, 0.000, 0.000, -0.059, -0.717, 0.723, 4.040, -4.694, 1.044, -0.000, 25.30
1, 0, -0.253, -0.000, 0.000, 0.000, -0.043, -0.521, 0.683, 3.906, -4.527, 0.756, -0.000, 25.25
1, 0, -0.066, -0.000, 0.000, 0.000, -0.010, -0.125, 0.647, 3.803, -5.995, 1.747, -0.000, 25.14
1, 0, 0.210, -0.000, 0.000, 0.000, 0.028, 0.358, 0.615, 3.720, -7.324, 2.393, -0.000, 24.98
1, 0, 0.387, 0.000, 0.000, 0.000, 0.049, 0.636, 0.586, 3.654, -6.959, 1.646, 0.000, 24.87
1, 0, 0.686, 0.000, 0.000, 0.000, 0.075, 1.003, 0.560, 3.600, -8.297, 2.374, 0.000, 24.71
1, 0, 0.773, 0.000, 0.000, 0.000, 0.081, 1.116, 0.558, 4.392, -8.047, 1.126, 0.000, 24.63
1, 0, 0.027, -0.000, 0.000, 0.000, 0.004, 0.055, 0.809, 4.436, -0.595, -4.734, -0.000, 24.95
1, 0, -0.354, -0.000, 0.000, 0.000, -0.063, -0.835, 0.879, 4.466, -0.478, -3.614, 0.000, 25.19
1, 0, -0.563, -0.000, 0.000, 0.000, -0.117, -1.512, 0.918, 4.488, -0.344, -2.870, -0.000, 25.38
1, 0, -0.611, -0.000, 0.000, 0.000, -0.160, -2.104, 1.244, 4.504, -0.205, -2.668, -0.000, 25.56
1, 0, -0.580, -0.000, 0.000, 0.000, -0.204, -2.699, 1.729, 4.517, 0.130, -2.893, 0.000, 25.75
1, 0, -0.552, -0.000, 0.000, 0.000, -0.254, -3.318, 2.158, 4.527, 0.656, -3.217, 0.000, 25.97
1, 0, -0.593, -0.000, 0.000, 0.000, -0.300, -3.857, 2.244, 4.535, 0.788, -2.817, 0.000, 26.16
1, 1, 0.339, 0.000, 0.000, 0.000, 0.171, 2.116, 1.927, 4.541, 1.405, 17.336, 27.835, 25.00
1, 1, 0.311, 0.000, 0.000, 0.000, 0.158, 1.943, 1.982, 4.546, 1.405, 0.000, 10.345, 25.00
1, 1, 0.300, 0.000, 0.000, 0.000, 0.148, 1.810, 1.975, 4.550, 1.405, 0.000, 10.188, 25.00
1, 1, 0.297, 0.000, 0.000, 0.000, 0.138, 1.667, 1.836, 5.392, 1.405, 0.000, 10.735, 25.00
1, 1, 0.297, -0.000, 0.000, 0.000, 0.129, 1.536, 1.627, 7.574, 1.405, 0.000, 12.568, 25.00
1, 1, 0.299, -0.000, 0.000, 0.000, 0.116, 1.352, 1.338, 7.846, 1.206, 0.000, 12.158, 25.00
1, 1, 0.301, -0.000, 0.000, 0.000, 0.098, 1.113, 1.022, 8.060, 0.807, 0.000, 11.402, 25.00
1, 1, 0.300, -0.000, 0.000, 0.000, 0.083, 0.958, 0.875, 8.235, 0.405, 0.000, 10.856, 25.00
1, 0, -0.293, -0.000, 0.000, 0.000, -0.068, -0.798, 0.795, 6.286, -0.141, -5.781, -0.000, 25.39
1, 0, -0.285, -0.000, 0.000, 0.000, -0.055, -0.651, 0.731, 4.529, -4.838, 0.568, -0.000, 25.35
1, 0, 0.014, -0.000, 0.000, 0.000, 0.002, 0.026, 0.678, 4.315, -7.916, 2.880, -0.000, 25.16
1, 0, 0.591, 0.000, 0.000, 0.000, 0.067, 0.869, 0.634, 4.155, -10.685, 4.369, -0.000, 24.86
1, 0, 1.524, 0.000, 0.000, 0.000, 0.111, 1.614, 0.596, 4.030, -13.251, 5.375, 0.000, 24.51
1, 0, 3.068, 0.001, 0.000, 0.000, 0.093, 1.928, 0.563, 3.931, -15.675, 6.090, -0.000, 24.10
1, 0, 5.936, 0.002, 0.000, 0.000, 0.087, 0.958, 0.534, 3.850, -17.996, 6.629, 0.000, 23.66
1, 0, 6.050, 0.002, 0.000, 0.000, 0.460, 2.800, 0.508, 3.783, -21.888, 8.284, 0.000, 23.11
1, 0, 6.668, 0.003, 0.000, 0.000, 0.587, 2.778, 0.575, 4.566, -19.079, 3.902, -0.000, 22.85
1, 0, 3.642, 0.001, 0.000, 0.000, 0.126, 2.057, 0.982, 4.600, -1.720, -9.690, 0.000, 23.49
1, 0, 1.178, 0.000, 0.000, 0.000, 0.032, 1.635, 1.269, 4.622, -1.275, -7.460, 0.000, 23.99
1, 0, 0.164, 0.000, 0.000, 0.000, 0.023, 0.496, 1.816, 4.636, -0.808, -6.327, -0.000, 24.41
1, 0, -0.147, -0.000, 0.000, 0.000, -0.049, -0.825, 2.390, 4.646, -0.131, -5.883, -0.000, 24.80
1, 0, -0.244, -0.000, 0.000, 0.000, -0.139, -2.095, 2.884, 4.652, 0.542, -5.601, 0.000, 25.18
1, 0, -0.291, -0.000, 0.000, 0.000, -0.222, -3.239, 3.266, 4.656, 1.017, -5.187, 0.000, 25.52
1, 0, -0.327, -0.000, 0.000, 0.000, -0.297, -4.220, 3.520, 4.659, 1.496, -4.830, 0.000, 25.84
1, 1, 0.074, -0.000, 0.000, 0.000, 0.067, 0.932, 3.513, 4.660, 1.996, 12.662, 23.903, 25.00
1, 1, 0.084, -0.000, 0.000, 0.000, 0.073, 0.992, 3.403, 4.660, 2.191, 0.000, 11.404, 25.00
1, 1, 0.096, -0.000, 0.000, 0.000, 0.075, 0.988, 3.168, 4.660, 2.191, 0.000, 11.178, 25.00
1, 1, 0.108, -0.000, 0.000, 0.000, 0.074, 0.955, 2.848, 5.497, 2.191, 0.000, 11.673, 25.00
1, 1, 0.123, -0.000, 0.000, 0.000, 0.073, 0.967, 2.593, 7.675, 1.800, 0.000, 13.230, 25.00
1, 1, 0.133, -0.000, 0.000, 0.000, 0.065, 0.894, 2.490, 7.943, 1.206, 0.000, 12.730, 25.00
1, 1, 0.104, -0.000, 0.000, 0.000, 0.038, 0.475, 1.612, 8.153, 0.807, 0.000, 11.189, 25.00
1, 1, 0.094, -0.000, 0.000, 0.000, 0.028, 0.355, 1.365, 8.325, 0.405, 0.000, 10.573, 25.00
1, 0, -0.446, -0.000, 0.000, 0.000, -0.103, -1.334, 1.225, 6.373, -0.335, -5.379, 0.000, 25.36
1, 0, -0.339, -0.000, 0.000, 0.000, -0.062, -0.827, 1.115, 4.612, -6.325, 1.826, -0.000, 25.24
1, 0, 0.030, -0.000, 0.000, 0.000, 0.004, 0.060, 1.025, 4.394, -9.229, 3.715, -0.000, 24.99
1, 0, 0.668, 0.000, 0.000, 0.000, 0.067, 1.016, 0.952, 4.231, -11.880, 4.945, 0.000, 24.66
1, 0, 1.667, 0.000, 0.000, 0.000, 0.098, 1.813, 0.890, 4.104, -14.362, 5.790, -0.000, 24.27
1, 0, 2.809, 0.001, 0.000, 0.000, 0.079, 2.175, 0.836, 4.002, -15.094, 5.192, 0.000, 23.93
1, 0, 5.039, 0.002, 0.000, 0.000, 0.076, 1.629, 0.790, 3.918, -17.536, 6.082, 0.000, 23.52
1, 0, 7.431, 0.003, 0.000, 0.000, 0.367, 0.319, 0.749, 3.849, -18.211, 5.493, 0.000, 23.16
1, 0, 5.647, 0.002, 0.000, 0.000, 0.163, 2.241, 0.952, 3.859, -14.113, 1.249, 0.000, 23.07
1, 0, 1.047, 0.000, 0.000, 0.000, 0.112, 3.449, 1.936, 3.815, -0.960, -9.400, -0.000, 23.70
1, 0, 0.342, 0.000, 0.000, 0.000, 0.066, 1.349, 1.950, 3.776, -0.311, -7.172, -0.000, 24.18
1, 0, -0.045, -0.000, 0.000, 0.000, -0.014, -0.241, 2.332, 3.741, 0.354, -6.127, 0.000, 24.59
1, 0, -0.200, -0.000, 0.000, 0.000, -0.100, -1.524, 2.860, 3.708, 0.823, -5.568, 0.000, 24.96
1, 0, -0.263, -0.000, 0.000, 0.000, -0.186, -2.663, 3.315, 3.679, 1.489, -5.371, 0.000, 25.31
1, 0, -0.319, -0.000, 0.000, 0.000, -0.260, -3.669, 3.648, 3.652, 1.767, -4.820, 0.000, 25.64
1, 0, -0.369, -0.000, 0.000, 0.000, -0.322, -4.489, 3.878, 3.626, 2.054, -4.378, -0.000, 25.93
1, 1, 0.094, -0.000, 0.000, 0.000, 0.080, 1.095, 3.840, 3.859, 2.774, 13.921, 25.663, 25.00
1, 1, 0.104, -0.000, 0.000, 0.000, 0.082, 1.102, 3.726, 3.861, 2.774, 0.000, 11.650, 25.00
1, 1, 0.117, -0.000, 0.000, 0.000, 0.083, 1.079, 3.459, 3.860, 2.774, 0.000, 11.370, 25.00
1, 1, 0.127, -0.000, 0.000, 0.000, 0.079, 1.006, 3.139, 4.694, 2.580, 0.000, 11.624, 25.00
1, 1, 0.139, -0.000, 0.000, 0.000, 0.076, 0.975, 2.728, 6.866, 2.386, 0.000, 13.171, 25.00
1, 1, 0.150, -0.000, 0.000, 0.000, 0.070, 0.927, 2.641, 7.129, 1.800, 0.000, 12.717, 25.00
1, 1, 0.122, -0.000, 0.000, 0.000, 0.045, 0.555, 1.841, 7.333, 1.405, 0.000, 11.301, 25.00
1, 1, 0.108, -0.000, 0.000, 0.000, 0.033, 0.404, 1.549, 7.498, 0.807, 0.000, 10.397, 25.00
1, 0, -0.432, -0.000, 0.000, 0.000, -0.110, -1.381, 1.400, 6.051, 0.264, -5.792, 0.000, 25.39
1, 0, -0.546, -0.000, 0.000, 0.000, -0.112, -1.440, 1.282, 4.335, -3.190, -0.328, 0.000, 25.41
1, 0, -0.362, -0.000, 0.000, 0.000, -0.061, -0.805, 1.185, 4.149, -6.388, 2.282, -0.000, 25.26
1, 0, 0.206, -0.000, 0.000, 0.000, 0.026, 0.361, 1.105, 4.011, -10.849, 5.141, 0.000, 24.91
1, 0, 1.022, 0.000, 0.000, 0.000, 0.092, 1.411, 1.036, 3.903, -13.310, 5.845, 0.000, 24.52
1, 0, 2.520, 0.000, 0.000, 0.000, 0.110, 2.284, 0.977, 3.817, -17.300, 7.592, -0.000, 24.02
1, 0, 5.382, 0.001, 0.000, 0.000, 0.057, 2.118, 0.925, 3.747, -21.058, 8.827, -0.000, 23.43
1, 0, 8.936, 0.003, 0.000, 0.000, 0.435, 0.533, 0.879, 3.689, -22.990, 8.514, -0.000, 22.86
1, 0, 9.671, 0.003, 0.000, 0.000, 0.553, 0.586, 0.973, 3.709, -20.030, 4.534, -0.000, 22.56
1, 0, 3.990, 0.001, 0.000, 0.000, 0.118, 2.429, 1.338, 3.673, -2.031, -9.518, 0.000, 23.19
1, 0, 1.341, 0.000, 0.000, 0.000, 0.048, 2.170, 1.749, 3.641, -1.376, -7.573, 0.000, 23.70
1, 0, 0.355, 0.000, 0.000, 0.000, 0.039, 0.930, 2.167, 3.613, -0.905, -6.199, 0.000, 24.11
1, 0, -0.067, -0.000, 0.000, 0.000, -0.014, -0.271, 2.540, 3.587, -0.418, -5.356, -0.000, 24.47
1, 0, -0.240, -0.000, 0.000, 0.000, -0.079, -1.346, 2.943, 3.563, -0.124, -4.716, 0.000, 24.78
1, 0, -0.327, -0.000, 0.000, 0.000, -0.141, -2.278, 3.217, 3.540, 0.180, -4.191, 0.000, 25.06
1, 0, -0.386, -0.000, 0.000, 0.000, -0.193, -3.025, 3.365, 3.520, 0.295, -3.576, 0.000, 25.30
1, 1, -0.120, -0.000, 0.000, 0.000, -0.063, -0.960, 3.272, 3.757, 0.607, 4.513, 11.004, 25.00
1, 1, -0.089, -0.000, 0.000, 0.000, -0.046, -0.694, 3.231, 3.763, 0.607, 0.000, 6.772, 25.00
1, 1, -0.062, -0.000, 0.000, 0.000, -0.032, -0.472, 3.169, 3.765, 0.807, 0.000, 7.175, 25.00
1, 1, -0.075, -0.000, 0.000, 0.000, -0.034, -0.486, 2.743, 4.603, 0.607, 0.000, 7.357, 25.00
1, 1, -0.106, -0.000, 0.000, 0.000, -0.038, -0.553, 2.278, 6.779, 0.203, 0.000, 8.563, 25.00
1, 1, -0.152, -0.000, 0.000, 0.000, -0.043, -0.627, 1.884, 7.046, -0.204, 0.000, 7.904, 25.00
1, 1, -0.246, -0.000, 0.000, 0.000, -0.047, -0.723, 1.516, 7.253, -0.819, 0.000, 6.933, 25.00
1, 1, -0.339, -0.000, 0.000, 0.000, -0.044, -0.746, 1.335, 7.421, -1.234, 0.000, 6.393, 25.00
1, 0, -0.941, -0.000, 0.000, 0.000, -0.072, -1.496, 1.221, 5.977, -1.724, -2.965, -0.000, 25.20
1, 0, 0.926, 0.000, 0.000, 0.000, 0.011, 0.786, 1.128, 4.263, -18.681, 11.567, 0.000, 24.43
1, 0, 3.887, 0.001, 0.000, 0.000, 0.178, 0.994, 1.050, 4.081, -20.245, 10.053, -0.000, 23.76
1, 0, 5.208, 0.002, 0.000, 0.000, 0.562, 2.057, 0.985, 3.945, -22.005, 9.245, 0.000, 23.14
1, 0, 4.733, 0.002, 0.000, 0.000, 0.764, 4.328, 0.928, 3.840, -22.210, 7.614, -0.000, 22.63
1, 0, 4.007, 0.002, 0.000, 0.000, 0.971, 6.792, 0.879, 3.757, -24.297, 7.889, 0.000, 22.11
1, 0, 3.376, 0.002, 0.000, 0.000, 1.178, 9.132, 0.834, 3.689, -26.344, 8.131, 0.000, 21.56
1, 0, 2.779, 0.002, 0.000, 0.000, 1.384, 11.407, 0.794, 3.633, -28.355, 8.354, 0.000, 21.01
1, 0, 2.797, 0.003, 0.000, 0.000, 1.563, 11.008, 1.009, 3.655, -22.027, 1.992, -0.000, 20.87
1, 0, 2.555, 0.003, 0.000, 0.000, 1.485, 5.774, 1.438, 3.621, -2.118, -12.758, 0.000, 21.73
1, 0, 1.956, 0.003, 0.000, 0.000, 1.231, 2.724, 1.748, 3.592, -1.719, -9.535, 0.000, 22.36
1, 0, 0.367, 0.001, 0.000, 0.000, 0.175, 2.555, 2.187, 3.565, -1.072, -7.778, 0.000, 22.88
1, 0, 0.016, 0.000, 0.000, 0.000, 0.019, 0.952, 2.712, 3.541, -0.411, -6.829, 0.000, 23.33
1, 0, -0.036, -0.000, 0.000, 0.000, -0.027, -0.641, 3.206, 3.518, 0.055, -6.075, -0.000, 23.74
1, 0, -0.073, -0.000, 0.000, 0.000, -0.100, -1.952, 3.551, 3.498, 0.530, -5.455, 0.000, 24.10
1, 0, -0.091, -0.000, 0.000, 0.000, -0.172, -3.045, 3.768, 3.479, 1.013, -4.951, 0.000, 24.43
1, 0, -0.088, -0.000, 0.000, 0.000, -0.237, -4.018, 3.752, 3.717, 1.110, -4.237, 0.000, 24.72
1, 0, -0.088, -0.000, 0.000, 0.000, -0.294, -4.764, 3.653, 3.726, 1.226, -3.458, 0.000, 24.95
1, 1, -0.069, -0.000, 0.000, 0.000, -0.287, -4.514, 3.428, 3.729, 1.206, -0.805, 2.688, 25.00
1, 1, -0.125, -0.000, 0.000, 0.000, -0.259, -4.014, 3.073, 4.568, 1.007, 0.000, 4.249, 25.00
1, 1, -0.165, -0.000, 0.000, 0.000, -0.216, -3.458, 2.789, 6.746, 0.807, 0.000, 6.504, 25.00
1, 1, -0.230, -0.000, 0.000, 0.000, -0.189, -3.181, 2.535, 7.013, 0.203, 0.000, 6.152, 25.00
1, 1, -0.437, -0.000, 0.000, 0.000, -0.190, -3.166, 1.760, 7.222, -0.408, 0.000, 4.780, 25.00
1, 1, -0.657, -0.000, 0.000, 0.000, -0.153, -2.991, 1.520, 7.391, -1.026, 0.000, 4.083, 25.00
1, 0, -1.085, -0.000, 0.000, 0.000, -0.123, -3.231, 1.376, 5.949, -1.477, -1.409, -0.000, 25.09
1, 0, -0.089, -0.000, 0.000, 0.000, -0.009, -0.134, 1.261, 4.236, -16.500, 11.235, -0.000, 24.34
1, 0, 2.622, 0.001, 0.000, 0.000, 0.316, 0.589, 1.168, 4.054, -19.754, 11.004, 0.000, 23.61
1, 0, 3.058, 0.002, 0.000, 0.000, 0.680, 2.822, 1.089, 3.920, -21.383, 9.813, -0.000, 22.96
1, 0, 2.679, 0.002, 0.000, 0.000, 0.906, 5.554, 1.022, 3.816, -23.167, 9.188, -0.000, 22.34
1, 0, 2.281, 0.002, 0.000, 0.000, 1.119, 8.037, 0.964, 3.733, -25.031, 8.894, 0.000, 21.75
1, 0, 1.857, 0.002, 0.000, 0.000, 1.326, 10.376, 0.913, 3.666, -26.934, 8.793, -0.000, 21.17
1, 0, 1.405, 0.002, 0.000, 0.000, 1.529, 12.627, 0.868, 3.611, -28.848, 8.805, 0.000, 20.58
1, 0, 1.154, 0.003, 0.000, 0.000, 1.729, 12.550, 1.066, 3.634, -22.434, 2.297, 0.000, 20.43
1, 0, 0.828, 0.004, 0.000, 0.000, 1.783, 7.307, 1.932, 3.601, -1.966, -13.488, 0.000, 21.32
1, 0, 0.639, 0.003, 0.000, 0.000, 1.023, 4.081, 1.955, 3.572, -1.367, -9.906, 0.000, 21.98
1, 0, 0.267, 0.001, 0.000, 0.000, 0.215, 2.357, 2.348, 3.546, -0.932, -7.802, 0.000, 22.51
1, 0, -0.041, 0.000, 0.000, 0.000, 0.008, 0.764, 2.851, 3.523, -0.273, -6.832, -0.000, 22.96
1, 0, -0.194, -0.000, 0.000, 0.000, -0.027, -0.730, 3.319, 3.501, 0.193, -6.062, -0.000, 23.36
1, 0, -0.279, -0.000, 0.000, 0.000, -0.093, -1.987, 3.638, 3.481, 0.668, -5.428, 0.000, 23.73
1, 0, -0.311, -0.000, 0.000, 0.000, -0.158, -3.037, 3.842, 3.463, 0.955, -4.752, 0.000, 24.04
1, 0, -0.302, -0.000, 0.000, 0.000, -0.218, -3.966, 3.828, 3.702, 1.055, -4.100, 0.000, 24.32
1, 0, -0.237, -0.000, 0.000, 0.000, -0.271, -4.682, 3.732, 3.711, 1.172, -3.425, 0.000, 24.55
1, 0, -0.181, -0.000, 0.000, 0.000, -0.310, -5.194, 3.519, 3.715, 1.108, -2.657, 0.000, 24.72
1, 0, -0.176, -0.000, 0.000, 0.000, -0.348, -5.703, 3.126, 4.555, 0.852, -2.305, 0.000, 24.88
1, 1, -0.171, -0.000, 0.000, 0.000, -0.351, -6.131, 2.701, 6.733, 0.203, -1.862, 1.121, 25.00
1, 1, -0.287, -0.000, 0.000, 0.000, -0.296, -5.730, 2.367, 7.001, -0.408, 0.000, 2.646, 25.00
1, 1, -0.593, -0.001, 0.000, 0.000, -0.254, -5.391, 1.764, 7.210, -0.819, 0.000, 1.915, 25.00
1, 1, -1.046, -0.001, 0.000, 0.000, -0.137, -4.951, 1.532, 7.379, -1.442, 0.000, 1.334, 25.00
1, 0, -1.863, -0.001, 0.000, 0.000, -0.152, -3.837, 1.393, 5.938, -2.057, 0.579, -0.000, 24.96
1, 0, -0.201, -0.000, 0.000, 0.000, -0.089, -0.110, 1.282, 4.225, -19.221, 14.115, -0.000, 24.02
1, 0, 1.430, 0.001, 0.000, 0.000, 0.494, 2.103, 1.190, 4.044, -22.090, 12.828, 0.000, 23.17
1, 0, 1.573, 0.002, 0.000, 0.000, 0.827, 5.030, 1.112, 3.910, -23.462, 11.009, -0.000, 22.43
1, 0, 1.407, 0.002, 0.000, 0.000, 1.087, 7.715, 1.046, 3.806, -25.073, 10.010, -0.000, 21.76
1, 0, 1.114, 0.002, 0.000, 0.000, 1.317, 10.182, 0.988, 3.724, -26.816, 9.488, 0.000, 21.13
1, 0, 0.750, 0.002, 0.000, 0.000, 1.531, 12.506, 0.937, 3.658, -28.628, 9.245, -0.000, 20.51
1, 0, 0.421, 0.002, 0.000, 0.000, 1.728, 14.661, 0.891, 3.603, -30.473, 9.166, -0.000, 19.90
1, 0, 0.511, 0.003, 0.000, 0.000, 1.916, 14.687, 1.112, 3.626, -25.646, 3.792, 0.000, 19.65
1, 0, 1.092, 0.004, 0.000, 0.000, 2.273, 7.783, 2.069, 3.594, -2.132, -14.683, 0.000, 20.63
1, 0, 1.497, 0.002, 0.000, 0.000, 1.356, 3.736, 2.066, 3.565, -1.548, -10.674, 0.000, 21.34
1, 0, 1.177, 0.001, 0.000, 0.000, 0.499, 1.738, 2.445, 3.539, -0.918, -8.482, 0.000, 21.91
1, 0, 0.021, 0.000, 0.000, 0.000, 0.011, 1.091, 2.983, 3.516, -0.270, -7.351, -0.000, 22.40
1, 0, -0.335, -0.000, 0.000, 0.000, -0.011, -0.346, 3.465, 3.495, 0.186, -6.454, -0.000, 22.83
1, 0, -0.502, -0.000, 0.000, 0.000, -0.064, -1.635, 3.781, 3.475, 0.656, -5.711, 0.000, 23.21
1, 0, -0.578, -0.000, 0.000, 0.000, -0.124, -2.714, 3.982, 3.457, 0.938, -4.961, 0.000, 23.54
1, 0, -0.599, -0.000, 0.000, 0.000, -0.186, -3.680, 3.979, 3.696, 1.230, -4.441, 0.000, 23.83
1, 0, -0.566, -0.000, 0.000, 0.000, -0.233, -4.417, 3.861, 3.705, 1.146, -3.496, -0.000, 24.07
1, 0, -0.489, -0.000, 0.000, 0.000, -0.272, -4.954, 3.580, 3.710, 1.081, -2.657, 0.000, 24.25
1, 0, -0.392, -0.000, 0.000, 0.000, -0.305, -5.511, 3.213, 4.550, 0.824, -2.378, -0.000, 24.40
1, 0, -0.347, -0.000, 0.000, 0.000, -0.305, -6.226, 2.893, 6.728, 0.148, -2.889, 0.000, 24.60
1, 0, -0.327, -0.000, 0.000, 0.000, -0.270, -6.623, 2.976, 6.996, -0.520, -2.233, 0.000, 24.75
1, 0, -0.532, -0.001, 0.000, 0.000, -0.228, -6.820, 1.973, 7.205, -0.948, -0.649, -0.000, 24.79
1, 0, -0.702, -0.001, 0.000, 0.000, -0.119, -6.632, 1.667, 7.375, -1.369, -0.219, 0.000, 24.80
1, 0, -1.059, -0.001, 0.000, 0.000, -0.248, -5.497, 1.508, 5.933, -1.760, 1.124, -0.000, 24.73
1, 0, -0.567, -0.001, 0.000, 0.000, -0.312, -0.837, 1.382, 4.221, -16.795, 12.908, 0.000, 23.87
1, 0, 0.631, 0.001, 0.000, 0.000, 0.386, 1.071, 1.279, 4.040, -18.188, 10.780, 0.000, 23.15
1, 0, 0.778, 0.001, 0.000, 0.000, 0.694, 3.241, 1.193, 3.906, -18.209, 8.395, -0.000, 22.59
1, 0, 0.686, 0.002, 0.000, 0.000, 0.852, 4.680, 1.119, 3.803, -16.905, 5.764, 0.000, 22.20
1, 0, 0.549, 0.002, 0.000, 0.000, 0.944, 5.976, 1.056, 3.720, -17.610, 5.364, -0.000, 21.85
1, 0, 0.523, 0.002, 0.000, 0.000, 1.015, 7.043, 1.000, 3.654, -18.371, 5.134, 0.000, 21.51
1, 0, 0.504, 0.002, 0.000, 0.000, 1.084, 8.017, 0.950, 3.600, -19.163, 5.007, 0.000, 21.17
1, 0, 0.585, 0.002, 0.000, 0.000, 1.140, 7.444, 1.053, 4.392, -15.184, 0.568, 0.000, 21.13
1, 0, 0.724, 0.002, 0.000, 0.000, 0.874, 3.493, 1.401, 4.436, -1.289, -9.641, 0.000, 21.78
1, 0, 0.786, 0.001, 0.000, 0.000, 0.433, 0.969, 1.713, 4.466, -0.848, -7.521, 0.000, 22.28
1, 0, -0.111, -0.000, 0.000, 0.000, -0.019, 0.195, 2.166, 4.488, -0.382, -6.336, -0.000, 22.70
1, 0, -0.389, -0.000, 0.000, 0.000, -0.024, -1.161, 2.649, 4.504, 0.094, -5.673, 0.000, 23.08
1, 0, -0.470, -0.000, 0.000, 0.000, -0.107, -2.365, 3.102, 4.517, 0.772, -5.449, -0.000, 23.44
1, 0, -0.511, -0.000, 0.000, 0.000, -0.180, -3.438, 3.443, 4.527, 1.055, -4.896, 0.000, 23.77
1, 0, -0.500, -0.000, 0.000, 0.000, -0.249, -4.361, 3.605, 4.535, 1.348, -4.378, 0.000, 24.06
1, 0, -0.445, -0.000, 0.000, 0.000, -0.316, -5.154, 3.576, 4.541, 1.652, -3.853, 0.000, 24.32
1, 0, -0.349, -0.000, 0.000, 0.000, -0.368, -5.783, 3.433, 4.546, 1.578, -3.057, 0.000, 24.52
1, 0, -0.221, -0.000, 0.000, 0.000, -0.407, -6.246, 3.260, 4.550, 1.519, -2.454, 0.000, 24.68
1, 0, -0.182, -0.000, 0.000, 0.000, -0.453, -6.751, 2.978, 5.392, 1.460, -2.444, 0.000, 24.85
1, 1, -0.151, -0.000, 0.000, 0.000, -0.482, -7.293, 2.552, 7.574, 1.007, -2.295, 0.911, 25.00
1, 1, -0.319, -0.000, 0.000, 0.000, -0.444, -6.733, 2.136, 7.846, 0.607, 0.000, 3.093, 25.00
1, 1, -0.602, -0.001, 0.000, 0.000, -0.409, -6.295, 1.656, 8.060, 0.000, 0.000, 2.409, 25.00
1, 1, -0.934, -0.001, 0.000, 0.000, -0.335, -5.831, 1.450, 8.235, -0.613, 0.000, 1.971, 25.00
1, 0, -1.298, -0.001, 0.000, 0.000, -0.254, -5.279, 1.323, 6.286, -1.020, 0.243, -0.000, 24.98
1, 0, -0.895, -0.000, 0.000, 0.000, -0.047, -2.003, 1.220, 4.529, -12.651, 9.848, 0.000, 24.33
1, 0, 0.114, 0.000, 0.000, 0.000, -0.011, 0.113, 1.135, 4.315, -14.466, 8.799, 0.000, 23.74
1, 0, 2.066, 0.001, 0.000, 0.000, 0.370, 0.894, 1.064, 4.155, -18.048, 9.499, 0.000, 23.11
1, 0, 2.075, 0.002, 0.000, 0.000, 0.613, 3.300, 1.002, 4.030, -19.885, 8.864, 0.000, 22.52
1, 0, 1.846, 0.002, 0.000, 0.000, 0.868, 6.058, 0.948, 3.931, -23.463, 9.810, 0.000, 21.86
1, 0, 1.610, 0.002, 0.000, 0.000, 1.102, 8.494, 0.899, 3.850, -25.242, 9.286, -0.000, 21.24
1, 0, 1.266, 0.002, 0.000, 0.000, 1.355, 11.199, 0.856, 3.783, -28.771, 10.310, 0.000, 20.56
1, 0, 1.094, 0.003, 0.000, 0.000, 1.554, 11.248, 1.067, 4.566, -22.259, 2.728, 0.000, 20.37
1, 0, 0.858, 0.003, 0.000, 0.000, 1.837, 5.800, 1.707, 4.600, -2.140, -12.665, 0.000, 21.22
1, 0, 0.556, 0.002, 0.000, 0.000, 1.144, 2.864, 1.907, 4.622, -1.530, -9.565, 0.000, 21.86
1, 0, 0.151, 0.000, 0.000, 0.000, 0.152, 1.422, 2.305, 4.636, -0.884, -7.783, 0.000, 22.38
1, 0, -0.123, -0.000, 0.000, 0.000, -0.011, -0.235, 2.805, 4.646, -0.225, -6.856, 0.000, 22.83
1, 0, -0.260, -0.000, 0.000, 0.000, -0.062, -1.723, 3.283, 4.652, 0.238, -6.128, 0.000, 23.24
1, 0, -0.339, -0.000, 0.000, 0.000, -0.138, -2.981, 3.616, 4.656, 0.711, -5.525, 0.000, 23.61
1, 0, -0.365, -0.000, 0.000, 0.000, -0.208, -4.040, 3.843, 4.659, 0.994, -4.883, -0.000, 23.93
1, 0, -0.346, -0.000, 0.000, 0.000, -0.274, -4.940, 3.810, 4.660, 1.292, -4.202, -0.000, 24.21
1, 0, -0.277, -0.000, 0.000, 0.000, -0.323, -5.630, 3.698, 4.660, 1.211, -3.339, 0.000, 24.44
1, 0, -0.232, -0.000, 0.000, 0.000, -0.361, -6.081, 3.460, 4.660, 1.148, -2.594, 0.000, 24.61
1, 0, -0.237, -0.000, 0.000, 0.000, -0.395, -6.524, 3.128, 5.497, 0.892, -2.360, 0.000, 24.77
1, 0, -0.251, -0.000, 0.000, 0.000, -0.424, -7.283, 2.701, 7.675, 0.421, -2.837, 0.000, 24.96
1, 1, -0.298, -0.000, 0.000, 0.000, -0.374, -7.108, 2.476, 7.943, -0.204, -0.646, 1.788, 25.00
1, 1, -0.672, -0.001, 0.000, 0.000, -0.318, -6.715, 1.806, 8.153, -0.819, 0.000, 1.434, 25.00
1, 1, -1.110, -0.001, 0.000, 0.000, -0.212, -6.165, 1.542, 8.325, -1.234, 0.000, 1.145, 25.00
1, 0, -1.659, -0.001, 0.000, 0.000, -0.103, -5.203, 1.399, 6.373, -1.631, 0.826, -0.000, 24.94
1, 0, -0.820, -0.000, 0.000, 0.000, -0.162, -0.787, 1.285, 4.612, -17.437, 13.308, -0.000, 24.06
1, 0, 1.182, 0.001, 0.000, 0.000, 0.295, 0.648, 1.192, 4.394, -18.769, 11.058, 0.000, 23.32
1, 0, 1.496, 0.001, 0.000, 0.000, 0.616, 3.113, 1.113, 4.231, -20.392, 9.822, 0.000, 22.67
1, 0, 1.440, 0.002, 0.000, 0.000, 0.830, 5.161, 1.046, 4.104, -20.521, 7.939, 0.000, 22.14
1, 0, 1.178, 0.002, 0.000, 0.000, 1.024, 7.310, 0.988, 4.002, -22.562, 8.059, -0.000, 21.60
1, 0, 0.884, 0.002, 0.000, 0.000, 1.184, 9.038, 0.936, 3.918, -22.920, 6.958, -0.000, 21.14
1, 0, 0.522, 0.002, 0.000, 0.000, 1.353, 10.929, 0.890, 3.849, -25.098, 7.553, -0.000, 20.63
1, 0, 0.609, 0.002, 0.000, 0.000, 1.483, 10.441, 1.087, 3.859, -18.926, 1.444, 0.000, 20.54
1, 0, 0.901, 0.003, 0.000, 0.000, 1.360, 5.478, 1.868, 3.815, -1.543, -11.883, 0.000, 21.33
1, 0, 0.595, 0.001, 0.000, 0.000, 0.500, 2.995, 1.986, 3.776, -0.924, -8.929, 0.000, 21.92
1, 0, 0.117, 0.000, 0.000, 0.000, 0.024, 1.339, 2.379, 3.741, -0.276, -7.324, 0.000, 22.41
1, 0, -0.199, -0.000, 0.000, 0.000, -0.006, -0.242, 2.872, 3.708, 0.383, -6.517, -0.000, 22.85
1, 0, -0.329, -0.000, 0.000, 0.000, -0.073, -1.598, 3.330, 3.679, 0.847, -5.856, -0.000, 23.24
1, 0, -0.391, -0.000, 0.000, 0.000, -0.148, -2.779, 3.641, 3.652, 1.320, -5.295, 0.000, 23.59
1, 0, -0.396, -0.000, 0.000, 0.000, -0.216, -3.783, 3.833, 3.626, 1.604, -4.669, 0.000, 23.90
1, 0, -0.359, -0.000, 0.000, 0.000, -0.279, -4.681, 3.805, 3.859, 1.704, -4.050, 0.000, 24.17
1, 0, -0.270, -0.000, 0.000, 0.000, -0.335, -5.369, 3.689, 3.861, 1.820, -3.396, -0.000, 24.40
1, 0, -0.224, -0.000, 0.000, 0.000, -0.375, -5.829, 3.487, 3.860, 1.756, -2.674, 0.000, 24.58
1, 0, -0.213, -0.000, 0.000, 0.000, -0.413, -6.283, 3.146, 4.694, 1.500, -2.430, 0.000, 24.74
1, 0, -0.203, -0.000, 0.000, 0.000, -0.449, -7.057, 2.777, 6.866, 1.031, -2.964, 0.000, 24.93
1, 1, -0.329, -0.000, 0.000, 0.000, -0.413, -6.917, 2.584, 7.129, 0.405, -0.981, 1.477, 25.00
1, 1, -0.662, -0.001, 0.000, 0.000, -0.398, -6.543, 1.833, 7.333, -0.204, 0.000, 1.358, 25.00
1, 1, -0.962, -0.001, 0.000, 0.000, -0.337, -6.051, 1.573, 7.498, -0.613, 0.000, 1.106, 25.00
1, 0, -1.280, -0.001, 0.000, 0.000, -0.256, -5.404, 1.428, 6.051, -1.014, 0.476, -0.000, 24.97
1, 0, -0.878, -0.000, 0.000, 0.000, -0.077, -2.441, 1.312, 4.335, -10.968, 8.718, 0.000, 24.39
1, 0, -0.010, -0.000, 0.000, 0.000, -0.013, -0.013, 1.216, 4.149, -14.568, 9.239, 0.000, 23.77
1, 0, 1.480, 0.001, 0.000, 0.000, 0.136, 0.746, 1.136, 4.011, -14.825, 7.315, 0.000, 23.28
1, 0, 2.869, 0.002, 0.000, 0.000, 0.500, 0.798, 1.067, 3.903, -15.335, 6.195, 0.000, 22.87
1, 0, 2.429, 0.002, 0.000, 0.000, 0.620, 2.572, 1.008, 3.817, -15.994, 5.545, 0.000, 22.50
1, 0, 1.959, 0.002, 0.000, 0.000, 0.765, 4.553, 0.955, 3.747, -18.381, 6.400, 0.000, 22.07
1, 0, 1.639, 0.002, 0.000, 0.000, 0.900, 6.097, 0.908, 3.689, -19.000, 5.765, 0.000, 21.69
1, 0, 1.882, 0.003, 0.000, 0.000, 1.077, 5.208, 1.105, 3.709, -13.198, 0.216, -0.000, 21.68
1, 0, 0.556, 0.001, 0.000, 0.000, 0.151, 3.933, 1.910, 3.673, -1.060, -9.165, 0.000, 22.29
1, 0, 0.141, 0.000, 0.000, 0.000, 0.008, 1.658, 1.915, 3.641, -0.401, -6.962, 0.000, 22.75
1, 0, -0.021, -0.000, 0.000, 0.000, -0.004, -0.147, 2.283, 3.613, 0.072, -5.796, -0.000, 23.14
1, 0, -0.073, -0.000, 0.000, 0.000, -0.071, -1.506, 2.810, 3.587, 0.552, -5.300, 0.000, 23.49
1, 0, -0.087, -0.000, 0.000, 0.000, -0.155, -2.665, 3.267, 3.563, 1.231, -5.154, 0.000, 23.83
1, 0, -0.091, -0.000, 0.000, 0.000, -0.228, -3.695, 3.521, 3.540, 1.518, -4.564, 0.000, 24.14
1, 0, -0.084, -0.000, 0.000, 0.000, -0.293, -4.531, 3.693, 3.520, 1.814, -4.119, -0.000, 24.41
1, 0, -0.071, -0.000, 0.000, 0.000, -0.351, -5.277, 3.753, 3.757, 1.921, -3.732, 0.000, 24.66
1, 0, -0.142, -0.000, 0.000, 0.000, -0.400, -5.809, 3.611, 3.763, 2.044, -3.066, 0.000, 24.87
1, 1, -0.245, -0.000, 0.000, 0.000, -0.423, -6.050, 3.351, 3.765, 1.800, -2.012, 0.185, 25.00
1, 1, -0.331, -0.000, 0.000, 0.000, -0.390, -5.464, 3.020, 4.603, 1.603, 0.000, 3.041, 25.00
1, 1, -0.434, -0.000, 0.000, 0.000, -0.357, -4.988, 2.546, 6.779, 1.206, 0.000, 4.753, 25.00
1, 1, -0.568, -0.000, 0.000, 0.000, -0.334, -4.631, 2.119, 7.046, 0.807, 0.000, 4.439, 25.00
1, 1, -0.785, -0.000, 0.000, 0.000, -0.313, -4.358, 1.689, 7.253, 0.203, 0.000, 3.688, 25.00
1, 1, -1.014, -0.000, 0.000, 0.000, -0.274, -4.079, 1.472, 7.421, -0.408, 0.000, 3.117, 25.00
1, 0, -1.402, -0.000, 0.000, 0.000, -0.239, -3.990, 1.344, 5.977, -1.042, -0.647, -0.000, 25.04
1, 0, -0.683, -0.000, 0.000, 0.000, -0.056, -1.263, 1.240, 4.263, -12.941, 9.441, -0.000, 24.41
1, 0, 0.738, 0.000, 0.000, 0.000, 0.009, 0.682, 1.153, 4.081, -16.439, 9.776, 0.000, 23.76
1, 0, 3.337, 0.001, 0.000, 0.000, 0.213, 0.731, 1.081, 3.945, -18.247, 8.939, 0.000, 23.17
1, 0, 3.896, 0.002, 0.000, 0.000, 0.588, 2.704, 1.018, 3.840, -21.811, 9.764, 0.000, 22.52
1, 0, 3.526, 0.002, 0.000, 0.000, 0.828, 5.345, 0.963, 3.757, -23.601, 9.181, 0.000, 21.90
1, 0, 3.033, 0.002, 0.000, 0.000, 1.091, 8.247, 0.914, 3.689, -27.140, 10.164, 0.000, 21.23
1, 0, 2.603, 0.002, 0.000, 0.000, 1.330, 10.780, 0.870, 3.633, -28.862, 9.643, 0.000, 20.58
1, 0, 2.589, 0.003, 0.000, 0.000, 1.565, 11.048, 1.092, 3.655, -24.001, 4.050, 0.000, 20.31
1, 0, 2.536, 0.003, 0.000, 0.000, 1.368, 5.829, 1.909, 3.621, -2.129, -13.137, 0.000, 21.19
1, 0, 1.659, 0.002, 0.000, 0.000, 1.127, 2.830, 1.887, 3.592, -1.725, -9.371, 0.000, 21.81
1, 0, 0.427, 0.001, 0.000, 0.000, 0.333, 2.068, 2.220, 3.565, -1.275, -7.338, 0.000, 22.30
1, 0, 0.032, 0.000, 0.000, 0.000, 0.002, 0.805, 2.621, 3.541, -1.006, -5.995, -0.000, 22.70
1, 0, -0.055, -0.000, 0.000, 0.000, -0.011, -0.624, 3.066, 3.518, -0.516, -5.378, -0.000, 23.06
1, 0, -0.105, -0.000, 0.000, 0.000, -0.059, -1.790, 3.403, 3.498, -0.220, -4.726, -0.000, 23.38
1, 0, -0.144, -0.000, 0.000, 0.000, -0.114, -2.730, 3.685, 3.479, 0.084, -4.261, 0.000, 23.66
1, 0, -0.154, -0.000, 0.000, 0.000, -0.170, -3.602, 3.688, 3.717, 0.396, -3.875, -0.000, 23.92
1, 0, -0.139, -0.000, 0.000, 0.000, -0.208, -4.260, 3.559, 3.726, 0.323, -3.000, -0.000, 24.12
1, 0, -0.123, -0.000, 0.000, 0.000, -0.244, -4.707, 3.365, 3.729, 0.465, -2.484, -0.000, 24.28
1, 0, -0.119, -0.000, 0.000, 0.000, -0.268, -5.200, 3.079, 4.568, 0.207, -2.268, -0.000, 24.43
1, 0, -0.131, -0.000, 0.000, 0.000, -0.277, -5.931, 2.699, 6.746, -0.270, -2.835, -0.000, 24.62
1, 0, -0.286, -0.000, 0.000, 0.000, -0.249, -6.244, 2.389, 7.013, -0.727, -1.896, -0.000, 24.75
1, 0, -0.750, -0.001, 0.000, 0.000, -0.114, -6.149, 1.746, 7.222, -1.364, -0.589, 0.000, 24.79
1, 0, -1.465, -0.001, 0.000, 0.000, -0.183, -5.267, 1.505, 7.391, -1.787, -0.193, 0.000, 24.80
1, 0, -2.554, -0.002, 0.000, 0.000, -0.822, -2.916, 1.367, 5.949, -2.180, 1.159, -0.000, 24.73
1, 0, -0.051, -0.000, 0.000, 0.000, -0.099, -0.280, 1.257, 4.236, -20.125, 15.062, 0.000, 23.72
1, 0, 0.771, 0.001, 0.000, 0.000, 0.521, 2.931, 1.166, 4.054, -22.869, 13.425, 0.000, 22.83
1, 0, 0.855, 0.002, 0.000, 0.000, 0.853, 5.619, 1.090, 3.920, -22.498, 10.160, -0.000, 22.15
1, 0, 0.694, 0.002, 0.000, 0.000, 1.071, 7.735, 1.024, 3.816, -22.566, 8.225, -0.000, 21.60
1, 0, 0.409, 0.002, 0.000, 0.000, 1.267, 9.865, 0.967, 3.733, -24.563, 8.320, 0.000, 21.05
1, 0, 0.281, 0.002, 0.000, 0.000, 1.407, 11.411, 0.917, 3.666, -24.873, 7.190, 0.000, 20.57
1, 0, 0.294, 0.002, 0.000, 0.000, 1.500, 12.546, 0.872, 3.611, -25.339, 6.513, 0.000, 20.13
1, 0, 0.626, 0.002, 0.000, 0.000, 1.589, 12.387, 0.956, 3.634, -22.599, 3.405, 0.000, 19.91
1, 0, 1.232, 0.002, 0.000, 0.000, 1.455, 6.627, 1.637, 3.601, -1.961, -12.595, -0.000, 20.74
1, 0, 1.192, 0.001, 0.000, 0.000, 0.839, 3.394, 1.782, 3.572, -1.555, -9.225, -0.000, 21.36
1, 0, 1.311, 0.001, 0.000, 0.000, 0.485, 0.901, 2.180, 3.546, -0.901, -7.524, 0.000, 21.86
1, 0, 0.016, 0.000, 0.000, 0.000, 0.002, 0.657, 2.668, 3.523, -0.437, -6.430, 0.000, 22.29
1, 0, -0.438, -0.000, 0.000, 0.000, -0.008, -0.477, 3.177, 3.501, 0.037, -5.793, 0.000, 22.68
1, 0, -0.625, -0.000, 0.000, 0.000, -0.054, -1.602, 3.446, 3.481, 0.522, -5.169, -0.000, 23.02
1, 0, -0.723, -0.000, 0.000, 0.000, -0.103, -2.532, 3.582, 3.463, 0.619, -4.307, -0.000, 23.31
1, 0, -0.743, -0.000, 0.000, 0.000, -0.159, -3.364, 3.625, 3.702, 0.925, -3.986, 0.000, 23.57
1, 0, -0.719, -0.000, 0.000, 0.000, -0.199, -4.024, 3.598, 3.711, 0.847, -3.213, 0.000, 23.79
1, 0, -0.668, -0.000, 0.000, 0.000, -0.233, -4.505, 3.301, 3.715, 0.789, -2.399, -0.000, 23.95
1, 0, -0.609, -0.000, 0.000, 0.000, -0.258, -5.001, 2.928, 4.555, 0.535, -2.149, -0.000, 24.09
1, 0, -0.538, -0.000, 0.000, 0.000, -0.270, -5.779, 2.552, 6.733, 0.062, -2.759, -0.000, 24.27
1, 0, -0.408, -0.001, 0.000, 0.000, -0.247, -6.322, 2.305, 7.001, -0.394, -1.934, -0.000, 24.40
1, 0, -0.440, -0.001, 0.000, 0.000, -0.158, -6.606, 1.711, 7.210, -0.828, -0.887, 0.000, 24.46
1, 0, -0.700, -0.002, 0.000, 0.000, -0.251, -6.176, 1.468, 7.379, -1.458, -0.260, -0.000, 24.48
1, 0, -1.208, -0.003, 0.000, 0.000, -1.339, -3.966, 1.335, 5.938, -1.851, 1.094, -0.000, 24.41
1, 0, -0.112, -0.000, 0.000, 0.000, -0.285, -0.883, 1.229, 4.225, -17.522, 13.349, -0.000, 23.52
1, 0, 0.170, 0.001, 0.000, 0.000, 0.381, 2.047, 1.141, 4.044, -18.854, 11.072, -0.000, 22.78
1, 0, 0.231, 0.001, 0.000, 0.000, 0.715, 4.731, 1.066, 3.910, -20.480, 9.825, 0.000, 22.12
1, 0, 0.253, 0.001, 0.000, 0.000, 0.957, 7.072, 1.003, 3.806, -22.267, 9.174, 0.000, 21.51
1, 0, 0.267, 0.002, 0.000, 0.000, 1.159, 9.172, 0.948, 3.724, -24.138, 8.868, 0.000, 20.92
1, 0, 0.346, 0.002, 0.000, 0.000, 1.333, 11.051, 0.899, 3.658, -26.048, 8.760, 0.000, 20.34
1, 0, 0.583, 0.002, 0.000, 0.000, 1.444, 12.300, 0.855, 3.603, -26.289, 7.503, -0.000, 19.84
1, 0, 0.944, 0.002, 0.000, 0.000, 1.561, 12.288, 1.008, 3.626, -23.410, 3.980, 0.000, 19.57
1, 0, 1.076, 0.001, 0.000, 0.000, 1.123, 7.203, 1.412, 3.594, -2.253, -12.157, 0.000, 20.38
1, 0, 0.986, 0.001, 0.000, 0.000, 0.683, 3.941, 1.667, 3.565, -1.838, -9.005, 0.000, 20.98
1, 0, 0.854, 0.001, 0.000, 0.000, 0.404, 1.712, 2.060, 3.539, -1.588, -6.982, -0.000, 21.45
1, 0, 0.547, 0.000, 0.000, 0.000, 0.150, 0.340, 2.550, 3.516, -1.106, -5.998, 0.000, 21.85
1, 0, -0.395, -0.000, 0.000, 0.000, -0.067, -0.025, 2.727, 3.495, -0.810, -4.924, 0.000, 22.18
1, 0, -0.864, -0.000, 0.000, 0.000, -0.102, -0.669, 2.822, 3.475, -0.700, -3.961, 0.000, 22.44
1, 0, -1.096, -0.000, 0.000, 0.000, -0.073, -1.309, 2.977, 3.457, -0.576, -3.379, -0.000, 22.67
1, 0, -1.157, -0.000, 0.000, 0.000, -0.017, -2.039, 3.249, 3.696, -0.451, -3.282, -0.000, 22.88
1, 0, -1.197, -0.000, 0.000, 0.000, -0.021, -2.614, 3.282, 3.705, -0.315, -2.841, 0.000, 23.07
1, 0, -1.304, -0.000, 0.000, 0.000, -0.022, -2.969, 3.051, 3.710, -0.366, -2.099, -0.000, 23.21
1, 0, -1.474, -0.000, 0.000, 0.000, -0.007, -3.311, 2.724, 4.550, -0.417, -2.064, -0.000, 23.35
1, 0, -1.799, -0.001, 0.000, 0.000, -0.114, -3.652, 2.413, 6.728, -0.897, -2.678, 0.000, 23.53
1, 0, -2.013, -0.001, 0.000, 0.000, -0.313, -3.668, 2.195, 6.996, -1.359, -1.837, 0.000, 23.65
1, 0, -3.568, -0.001, 0.000, 0.000, -1.079, -1.642, 1.575, 7.205, -1.591, -0.899, -0.000, 23.71
1, 0, -2.041, -0.001, 0.000, 0.000, -0.830, -3.452, 1.362, 7.375, -1.817, -0.596, 0.000, 23.75
1, 0, -1.391, -0.000, 0.000, 0.000, -0.694, -3.769, 1.238, 5.933, -2.011, 0.694, -0.000, 23.71
1, 0, -0.161, -0.000, 0.000, 0.000, -0.093, -0.586, 1.139, 4.221, -17.210, 12.690, 0.000, 22.86
1, 0, 0.449, 0.000, 0.000, 0.000, 0.301, 2.133, 1.057, 4.040, -18.637, 10.658, 0.000, 22.15
1, 0, 0.755, 0.001, 0.000, 0.000, 0.509, 3.774, 0.988, 3.906, -17.029, 7.095, -0.000, 21.68
1, 0, 0.936, 0.001, 0.000, 0.000, 0.615, 4.704, 0.930, 3.803, -15.913, 4.925, 0.000, 21.35
1, 0, 1.058, 0.001, 0.000, 0.000, 0.664, 5.203, 0.878, 3.720, -15.102, 3.578, -0.000, 21.11
1, 0, 1.149, 0.001, 0.000, 0.000, 0.681, 5.447, 0.833, 3.654, -14.486, 2.721, -0.000, 20.93
1, 0, 1.221, 0.001, 0.000, 0.000, 0.682, 5.540, 0.792, 3.600, -13.996, 2.161, 0.000, 20.78
1, 0, 1.377, 0.001, 0.000, 0.000, 0.626, 4.518, 0.983, 4.392, -10.496, -1.400, 0.000, 20.88
1, 0, 1.078, 0.001, 0.000, 0.000, 0.256, 2.000, 1.808, 4.436, -0.551, -9.027, -0.000, 21.48
1, 0, 0.168, 0.000, 0.000, 0.000, 0.025, 0.468, 1.814, 4.466, -0.099, -6.842, 0.000, 21.94
1, 0, -0.734, -0.000, 0.000, 0.000, -0.048, -0.409, 2.177, 4.488, 0.172, -5.645, -0.000, 22.31
1, 0, -1.029, -0.000, 0.000, 0.000, -0.022, -1.507, 2.584, 4.504, 0.457, -4.988, -0.000, 22.64
1, 0, -1.078, -0.000, 0.000, 0.000, -0.092, -2.494, 2.979, 4.517, 0.750, -4.582, 0.000, 22.95
1, 0, -1.211, -0.000, 0.000, 0.000, -0.138, -3.244, 2.769, 4.527, 0.865, -3.568, 0.000, 23.19
1, 0, -1.165, -0.000, 0.000, 0.000, -0.179, -3.852, 2.926, 4.535, 0.791, -3.055, 0.000, 23.39
1, 0, -1.047, -0.000, 0.000, 0.000, -0.225, -4.404, 3.065, 4.541, 0.922, -2.851, -0.000, 23.58
1, 0, -1.067, -0.000, 0.000, 0.000, -0.241, -4.730, 2.579, 4.546, 0.678, -1.766, 0.000, 23.70
1, 0, -1.176, -0.000, 0.000, 0.000, -0.211, -4.718, 1.900, 4.550, 0.259, -0.603, -0.000, 23.74
1, 0, -1.295, -0.001, 0.000, 0.000, -0.143, -4.701, 1.501, 5.392, -0.164, -0.590, 0.000, 23.78
1, 0, -1.456, -0.001, 0.000, 0.000, -0.034, -5.089, 1.377, 7.574, -0.618, -1.753, -0.000, 23.90
1, 0, -1.172, -0.001, 0.000, 0.000, -0.056, -5.598, 1.466, 7.846, -0.865, -1.620, 0.000, 24.00
1, 0, -1.594, -0.002, 0.000, 0.000, -0.504, -4.953, 1.233, 8.060, -1.101, -1.139, 0.000, 24.08
1, 0, -2.507, -0.005, 0.000, 0.000, -1.726, -2.907, 1.046, 8.235, -1.329, -0.807, 0.000, 24.13
1, 0, -1.738, -0.003, 0.000, 0.000, -1.574, -3.289, 0.967, 6.286, -1.313, 0.663, 0.000, 24.09
1, 0, -0.408, -0.001, 0.000, 0.000, -0.482, -1.993, 0.902, 4.529, -11.692, 9.145, -0.000, 23.48
1, 0, -0.030, 0.000, 0.000, 0.000, -0.040, -0.219, 0.847, 4.315, -11.988, 7.116, -0.000, 23.00
1, 0, 0.149, 0.000, 0.000, 0.000, 0.204, 1.293, 0.799, 4.155, -12.547, 5.946, 0.000, 22.61
1, 0, 0.266, 0.001, 0.000, 0.000, 0.327, 2.191, 0.757, 4.030, -11.634, 4.063, -0.000, 22.34
1, 0, 0.363, 0.001, 0.000, 0.000, 0.423, 3.057, 0.719, 3.931, -12.607, 4.112, -0.000, 22.06
1, 0, 0.465, 0.001, 0.000, 0.000, 0.510, 3.895, 0.685, 3.850, -13.572, 4.165, -0.000, 21.79
1, 0, 0.572, 0.001, 0.000, 0.000, 0.591, 4.705, 0.654, 3.783, -14.528, 4.222, 0.000, 21.50
1, 0, 0.797, 0.001, 0.000, 0.000, 0.604, 4.043, 0.876, 4.566, -10.748, -0.138, -0.000, 21.51
1, 0, 0.361, 0.000, 0.000, 0.000, 0.101, 2.063, 1.697, 4.600, -0.560, -8.261, 0.000, 22.06
1, 0, -0.154, -0.000, 0.000, 0.000, -0.009, 0.204, 1.763, 4.622, 0.103, -6.529, 0.000, 22.50
1, 0, -0.473, -0.000, 0.000, 0.000, -0.039, -1.271, 2.142, 4.636, 0.774, -5.768, -0.000, 22.88
1, 0, -0.552, -0.000, 0.000, 0.000, -0.127, -2.502, 2.621, 4.646, 1.247, -5.334, -0.000, 23.24
1, 0, -0.551, -0.000, 0.000, 0.000, -0.216, -3.590, 3.086, 4.652, 1.720, -5.101, -0.000, 23.58
1, 0, -0.526, -0.000, 0.000, 0.000, -0.292, -4.581, 3.371, 4.656, 2.003, -4.632, 0.000, 23.89
1, 0, -0.449, -0.000, 0.000, 0.000, -0.363, -5.447, 3.551, 4.659, 2.293, -4.245, 0.000, 24.17
1, 0, -0.334, -0.000, 0.000, 0.000, -0.427, -6.198, 3.530, 4.660, 2.402, -3.633, 0.000, 24.41
1, 0, -0.171, -0.000, 0.000, 0.000, -0.479, -6.796, 3.410, 4.660, 2.331, -2.954, 0.000, 24.61
1, 0, -0.071, -0.000, 0.000, 0.000, -0.521, -7.216, 3.181, 4.660, 2.276, -2.308, 0.000, 24.76
1, 0, -0.184, -0.000, 0.000, 0.000, -0.552, -7.496, 2.853, 5.497, 2.029, -2.146, 0.000, 24.91
1, 1, -0.358, -0.000, 0.000, 0.000, -0.536, -7.373, 2.501, 7.675, 1.603, -1.387, 2.123, 25.00
1, 1, -0.521, -0.000, 0.000, 0.000, -0.474, -6.777, 2.262, 7.943, 1.007, 0.000, 3.441, 25.00
1, 1, -0.826, -0.000, 0.000, 0.000, -0.474, -6.336, 1.623, 8.153, 0.607, 0.000, 2.747, 25.00
1, 1, -1.054, -0.000, 0.000, 0.000, -0.426, -5.873, 1.390, 8.325, 0.203, 0.000, 2.563, 25.00
1, 0, -1.261, -0.000, 0.000, 0.000, -0.400, -5.586, 1.259, 6.373, -0.009, -0.374, -0.000, 25.02
1, 0, -1.240, -0.000, 0.000, 0.000, -0.293, -4.271, 1.154, 4.612, -3.079, 3.117, -0.000, 24.82
1, 0, -1.055, -0.000, 0.000, 0.000, -0.176, -2.795, 1.068, 4.394, -5.817, 4.381, -0.000, 24.53
1, 0, -0.836, -0.000, 0.000, 0.000, -0.120, -1.962, 0.996, 4.231, -5.180, 2.871, 0.000, 24.33
1, 0, -0.596, -0.000, 0.000, 0.000, -0.064, -1.160, 0.935, 4.104, -6.347, 3.129, -0.000, 24.13
1, 0, -0.274, -0.000, 0.000, 0.000, -0.020, -0.434, 0.882, 4.002, -7.475, 3.320, 0.000, 23.90
1, 0, 0.155, -0.000, 0.000, 0.000, 0.006, 0.188, 0.835, 3.918, -8.574, 3.473, 0.000, 23.67
1, 0, 0.478, 0.000, 0.000, 0.000, 0.012, 0.504, 0.794, 3.849, -8.038, 2.402, 0.000, 23.51
1, 0, 0.193, 0.000, 0.000, 0.000, 0.014, 0.343, 0.961, 3.859, -4.496, -0.873, -0.000, 23.57
1, 0, -0.146, -0.000, 0.000, 0.000, -0.034, -0.697, 1.611, 3.815, 0.005, -4.554, -0.000, 23.87
1, 0, -0.292, -0.000, 0.000, 0.000, -0.113, -1.813, 1.772, 3.776, 0.717, -4.047, -0.000, 24.14
1, 0, -0.326, -0.000, 0.000, 0.000, -0.192, -2.789, 2.241, 3.741, 1.417, -4.092, 0.000, 24.42
1, 0, -0.336, -0.000, 0.000, 0.000, -0.266, -3.632, 2.581, 3.708, 1.914, -3.970, 0.000, 24.68
1, 0, -0.356, -0.000, 0.000, 0.000, -0.328, -4.349, 2.837, 3.679, 2.217, -3.700, 0.000, 24.93
1, 0, -0.376, -0.000, 0.000, 0.000, -0.378, -4.956, 3.183, 3.652, 2.519, -3.645, 0.000, 25.17
1, 0, -0.427, -0.000, 0.000, 0.000, -0.421, -5.462, 3.334, 3.626, 2.635, -3.285, 0.000, 25.39
1, 1, -0.233, -0.000, 0.000, 0.000, -0.214, -2.722, 3.326, 3.859, 2.967, 5.847, 12.830, 25.00
1, 1, -0.227, -0.000, 0.000, 0.000, -0.187, -2.347, 3.233, 3.861, 2.967, 0.000, 7.300, 25.00
1, 1, -0.227, -0.000, 0.000, 0.000, -0.165, -2.053, 3.080, 3.860, 2.967, 0.000, 7.461, 25.00
1, 1, -0.249, -0.000, 0.000, 0.000, -0.156, -1.906, 2.770, 4.694, 2.774, 0.000, 7.925, 25.00
1, 1, -0.267, -0.000, 0.000, 0.000, -0.143, -1.761, 2.493, 6.866, 2.386, 0.000, 9.575, 25.00
1, 1, -0.239, -0.000, 0.000, 0.000, -0.114, -1.507, 2.627, 7.129, 1.996, 0.000, 9.892, 25.00
1, 1, -0.379, -0.000, 0.000, 0.000, -0.143, -1.698, 1.733, 7.333, 1.603, 0.000, 8.448, 25.00
1, 1, -0.432, -0.000, 0.000, 0.000, -0.137, -1.647, 1.444, 7.498, 1.206, 0.000, 7.931, 25.00
1, 0, -0.878, -0.000, 0.000, 0.000, -0.231, -2.801, 1.305, 6.051, 0.511, -3.957, 0.000, 25.26
1, 0, -1.129, -0.000, 0.000, 0.000, -0.253, -3.096, 1.195, 4.335, 0.600, -1.650, 0.000, 25.37
1, 0, -0.997, -0.000, 0.000, 0.000, -0.179, -2.252, 1.105, 4.149, -4.364, 2.538, 0.000, 25.20
1, 0, -0.735, -0.000, 0.000, 0.000, -0.115, -1.464, 1.030, 4.011, -5.585, 2.858, 0.000, 25.01
1, 0, -0.283, -0.000, 0.000, 0.000, -0.035, -0.471, 0.966, 3.903, -8.360, 4.280, -0.000, 24.73
1, 0, 0.215, -0.000, 0.000, 0.000, 0.022, 0.311, 0.911, 3.817, -9.329, 4.053, 0.000, 24.46
1, 0, 0.981, 0.000, 0.000, 0.000, 0.073, 1.115, 0.863, 3.747, -11.938, 5.159, 0.000, 24.11
1, 0, 1.801, 0.000, 0.000, 0.000, 0.093, 1.640, 0.820, 3.689, -12.769, 4.726, -0.000, 23.80
1, 0, 1.802, 0.000, 0.000, 0.000, 0.108, 1.991, 0.974, 3.709, -10.461, 1.877, 0.000, 23.67
1, 0, 0.499, 0.000, 0.000, 0.000, 0.056, 0.985, 1.371, 3.673, -0.682, -5.903, -0.000, 24.07
1, 0, -0.069, -0.000, 0.000, 0.000, -0.010, -0.157, 1.481, 3.641, -0.381, -4.505, 0.000, 24.37
1, 0, -0.329, -0.000, 0.000, 0.000, -0.074, -1.099, 2.016, 3.613, 0.127, -4.254, 0.000, 24.65
1, 0, -0.442, -0.000, 0.000, 0.000, -0.141, -1.996, 2.468, 3.587, 0.634, -4.110, 0.000, 24.93
1, 0, -0.517, -0.000, 0.000, 0.000, -0.203, -2.788, 2.706, 3.563, 0.945, -3.704, 0.000, 25.17
1, 0, -0.571, -0.000, 0.000, 0.000, -0.258, -3.449, 2.824, 3.540, 1.262, -3.348, 0.000, 25.40
1, 0, -0.596, -0.000, 0.000, 0.000, -0.298, -3.987, 3.129, 3.520, 1.384, -3.151, 0.000, 25.61
1, 1, -0.040, -0.000, 0.000, 0.000, -0.021, -0.283, 3.321, 3.757, 1.996, 9.089, 17.819, 25.00
1, 1, -0.022, -0.000, 0.000, 0.000, -0.012, -0.156, 3.304, 3.763, 2.191, 0.000, 9.069, 25.00
1, 1, -0.012, -0.000, 0.000, 0.000, -0.007, -0.084, 3.176, 3.765, 2.191, 0.000, 9.030, 25.00
1, 1, -0.015, -0.000, 0.000, 0.000, -0.007, -0.090, 2.793, 4.603, 2.191, 0.000, 9.476, 25.00
1, 1, -0.037, -0.000, 0.000, 0.000, -0.016, -0.191, 2.274, 6.779, 1.800, 0.000, 10.609, 25.00
1, 1, -0.065, -0.000, 0.000, 0.000, -0.023, -0.283, 1.875, 7.046, 1.405, 0.000, 9.954, 25.00
1, 1, -0.104, -0.000, 0.000, 0.000, -0.032, -0.376, 1.513, 7.253, 1.007, 0.000, 9.261, 25.00
1, 1, -0.146, -0.000, 0.000, 0.000, -0.037, -0.444, 1.312, 7.421, 0.405, 0.000, 8.510, 25.00
1, 0, -0.670, -0.000, 0.000, 0.000, -0.143, -1.748, 1.196, 5.977, -0.110, -4.502, -0.000, 25.30
1, 0, -0.522, -0.000, 0.000, 0.000, -0.088, -1.112, 1.102, 4.263, -6.011, 2.367, -0.000, 25.14
1, 0, -0.098, -0.000, 0.000, 0.000, -0.013, -0.172, 1.024, 4.081, -8.845, 4.024, -0.000, 24.87
1, 0, 0.570, 0.000, 0.000, 0.000, 0.058, 0.807, 0.959, 3.945, -11.456, 5.117, 0.000, 24.53
1, 0, 1.543, 0.000, 0.000, 0.000, 0.104, 1.644, 0.902, 3.840, -13.916, 5.882, 0.000, 24.14
1, 0, 3.004, 0.001, 0.000, 0.000, 0.094, 2.110, 0.853, 3.757, -16.267, 6.448, 0.000, 23.71
1, 0, 5.418, 0.001, 0.000, 0.000, 0.047, 1.679, 0.810, 3.689, -18.536, 6.891, 0.000, 23.25
1, 0, 7.409, 0.002, 0.000, 0.000, 0.430, 1.658, 0.770, 3.633, -22.391, 8.489, 0.000, 22.69
1, 0, 8.611, 0.003, 0.000, 0.000, 0.441, 0.958, 0.951, 3.655, -17.813, 3.195, 0.000, 22.47
1, 0, 2.162, 0.001, 0.000, 0.000, 0.065, 3.790, 1.633, 3.621, -1.375, -9.898, 0.000, 23.13
1, 0, 0.843, 0.000, 0.000, 0.000, 0.082, 2.022, 1.778, 3.592, -0.730, -7.587, -0.000, 23.64
1, 0, 0.150, -0.000, 0.000, 0.000, 0.030, 0.543, 2.182, 3.565, -0.065, -6.405, -0.000, 24.07
1, 0, -0.138, -0.000, 0.000, 0.000, -0.047, -0.754, 2.684, 3.541, 0.406, -5.691, 0.000, 24.44
1, 0, -0.251, -0.000, 0.000, 0.000, -0.131, -1.933, 3.154, 3.518, 1.077, -5.435, -0.000, 24.81
1, 0, -0.324, -0.000, 0.000, 0.000, -0.206, -2.983, 3.488, 3.498, 1.358, -4.832, -0.000, 25.13
1, 0, -0.376, -0.000, 0.000, 0.000, -0.269, -3.842, 3.716, 3.479, 1.649, -4.356, 0.000, 25.42
1, 1, -0.086, -0.000, 0.000, 0.000, -0.063, -0.880, 3.692, 3.717, 2.191, 6.292, 14.863, 25.00
1, 1, -0.063, -0.000, 0.000, 0.000, -0.045, -0.609, 3.580, 3.726, 2.386, 0.000, 8.975, 25.00
1, 1, -0.058, -0.000, 0.000, 0.000, -0.037, -0.497, 3.342, 3.729, 2.191, 0.000, 8.671, 25.00
1, 1, -0.053, -0.000, 0.000, 0.000, -0.031, -0.404, 3.033, 4.568, 2.191, 0.000, 9.304, 25.00
1, 1, -0.054, -0.000, 0.000, 0.000, -0.027, -0.360, 2.655, 6.746, 1.800, 0.000, 10.758, 25.00
1, 1, -0.064, -0.000, 0.000, 0.000, -0.027, -0.364, 2.432, 7.013, 1.206, 0.000, 10.198, 25.00
1, 1, -0.152, -0.000, 0.000, 0.000, -0.048, -0.614, 1.724, 7.222, 0.607, 0.000, 8.737, 25.00
1, 1, -0.208, -0.000, 0.000, 0.000, -0.052, -0.677, 1.481, 7.391, 0.000, 0.000, 7.935, 25.00
1, 0, -0.697, -0.000, 0.000, 0.000, -0.141, -1.871, 1.342, 5.949, -0.508, -4.074, 0.000, 25.27
1, 0, -0.311, -0.000, 0.000, 0.000, -0.046, -0.653, 1.231, 4.236, -9.131, 4.676, 0.000, 24.96
1, 0, 0.504, 0.000, 0.000, 0.000, 0.049, 0.778, 1.140, 4.054, -13.266, 6.741, -0.000, 24.51
1, 0, 1.378, 0.000, 0.000, 0.000, 0.093, 1.679, 1.063, 3.920, -13.872, 5.739, 0.000, 24.13
1, 0, 2.752, 0.001, 0.000, 0.000, 0.076, 2.216, 0.998, 3.816, -16.239, 6.380, 0.000, 23.70
1, 0, 5.036, 0.001, 0.000, 0.000, 0.072, 1.866, 0.942, 3.733, -18.514, 6.863, -0.000, 23.25
1, 0, 7.677, 0.003, 0.000, 0.000, 0.449, 0.783, 0.893, 3.666, -20.719, 7.248, 0.000, 22.76
1, 0, 6.332, 0.002, 0.000, 0.000, 0.691, 3.809, 0.848, 3.611, -22.868, 7.573, 0.000, 22.26
1, 0, 7.847, 0.004, 0.000, 0.000, 0.829, 2.408, 1.036, 3.634, -18.403, 2.646, -0.000, 22.08
1, 0, 2.195, 0.001, 0.000, 0.000, 0.051, 4.567, 1.837, 3.601, -1.461, -10.790, 0.000, 22.80
1, 0, 0.942, 0.000, 0.000, 0.000, 0.062, 2.464, 1.862, 3.572, -0.826, -8.077, 0.000, 23.34
1, 0, 0.206, 0.000, 0.000, 0.000, 0.039, 0.861, 2.260, 3.546, -0.167, -6.745, 0.000, 23.79
1, 0, -0.081, -0.000, 0.000, 0.000, -0.032, -0.556, 2.775, 3.523, 0.496, -6.125, 0.000, 24.20
1, 0, -0.185, -0.000, 0.000, 0.000, -0.116, -1.821, 3.236, 3.501, 0.964, -5.579, 0.000, 24.57
1, 0, -0.241, -0.000, 0.000, 0.000, -0.196, -2.937, 3.557, 3.481, 1.438, -5.101, -0.000, 24.91
1, 0, -0.287, -0.000, 0.000, 0.000, -0.264, -3.858, 3.779, 3.463, 1.723, -4.556, 0.000, 25.21
1, 1, -0.157, -0.000, 0.000, 0.000, -0.142, -2.029, 3.756, 3.702, 1.996, 3.181, 10.308, 25.00
1, 1, -0.129, -0.000, 0.000, 0.000, -0.110, -1.535, 3.646, 3.711, 2.191, 0.000, 7.774, 25.00
1, 1, -0.122, -0.000, 0.000, 0.000, -0.094, -1.271, 3.390, 3.715, 2.191, 0.000, 7.809, 25.00
1, 1, -0.130, -0.000, 0.000, 0.000, -0.085, -1.138, 3.073, 4.555, 1.996, 0.000, 8.271, 25.00
1, 1, -0.150, -0.000, 0.000, 0.000, -0.080, -1.084, 2.681, 6.733, 1.405, 0.000, 9.505, 25.00
1, 1, -0.152, -0.000, 0.000, 0.000, -0.069, -0.972, 2.538, 7.001, 1.007, 0.000, 9.353, 25.00
1, 1, -0.268, -0.000, 0.000, 0.000, -0.088, -1.169, 1.821, 7.210, 0.405, 0.000, 7.911, 25.00
1, 1, -0.331, -0.000, 0.000, 0.000, -0.086, -1.167, 1.537, 7.379, 0.000, 0.000, 7.331, 25.00
1, 0, -0.794, -0.000, 0.000, 0.000, -0.156, -2.196, 1.393, 5.938, -0.699, -3.487, 0.000, 25.23
1, 0, -0.400, -0.000, 0.000, 0.000, -0.059, -0.886, 1.279, 4.225, -8.970, 4.812, -0.000, 24.91
1, 0, 0.218, -0.000, 0.000, 0.000, 0.023, 0.377, 1.185, 4.044, -11.469, 5.622, -0.000, 24.54
1, 0, 1.130, 0.000, 0.000, 0.000, 0.070, 1.434, 1.106, 3.910, -13.856, 6.206, 0.000, 24.12
1, 0, 2.152, 0.000, 0.000, 0.000, 0.065, 2.019, 1.039, 3.806, -14.530, 5.448, -0.000, 23.76
1, 0, 4.013, 0.001, 0.000, 0.000, 0.064, 1.916, 0.981, 3.724, -16.936, 6.237, -0.000, 23.34
1, 0, 6.283, 0.002, 0.000, 0.000, 0.301, 0.833, 0.929, 3.658, -17.589, 5.583, 0.000, 22.97
1, 0, 6.378, 0.003, 0.000, 0.000, 0.552, 1.693, 0.883, 3.603, -18.328, 5.216, -0.000, 22.62
1, 0, 7.285, 0.003, 0.000, 0.000, 0.683, 0.906, 0.967, 3.626, -15.870, 2.399, 0.000, 22.46
1, 0, 2.609, 0.001, 0.000, 0.000, 0.114, 2.458, 1.369, 3.594, -1.550, -8.593, -0.000, 23.04
1, 0, 0.746, 0.000, 0.000, 0.000, 0.039, 1.746, 1.728, 3.565, -0.886, -6.939, -0.000, 23.50
1, 0, 0.084, -0.000, 0.000, 0.000, 0.019, 0.388, 2.224, 3.539, -0.010, -6.244, 0.000, 23.92
1, 0, -0.122, -0.000, 0.000, 0.000, -0.058, -0.959, 2.777, 3.516, 0.659, -5.813, 0.000, 24.30
1, 0, -0.189, -0.000, 0.000, 0.000, -0.145, -2.189, 3.253, 3.495, 1.324, -5.549, 0.000, 24.67
1, 0, -0.231, -0.000, 0.000, 0.000, -0.226, -3.296, 3.588, 3.475, 1.795, -5.105, 0.000, 25.01
1, 0, -0.268, -0.000, 0.000, 0.000, -0.299, -4.229, 3.824, 3.457, 2.268, -4.753, 0.000, 25.33
1, 1, -0.112, -0.000, 0.000, 0.000, -0.120, -1.665, 3.805, 3.696, 2.580, 4.960, 13.145, 25.00
1, 1, -0.095, -0.000, 0.000, 0.000, -0.093, -1.263, 3.688, 3.705, 2.774, 0.000, 8.716, 25.00
1, 1, -0.090, -0.000, 0.000, 0.000, -0.078, -1.035, 3.475, 3.710, 2.774, 0.000, 8.755, 25.00
1, 1, -0.098, -0.000, 0.000, 0.000, -0.072, -0.931, 3.095, 4.550, 2.580, 0.000, 9.123, 25.00
1, 1, -0.103, -0.000, 0.000, 0.000, -0.063, -0.828, 2.722, 6.728, 2.191, 0.000, 10.647, 25.00
1, 1, -0.087, -0.000, 0.000, 0.000, -0.046, -0.639, 2.731, 6.996, 1.800, 0.000, 10.755, 25.00
1, 1, -0.187, -0.000, 0.000, 0.000, -0.074, -0.934, 1.867, 7.205, 1.206, 0.000, 9.084, 25.00
1, 1, -0.241, -0.000, 0.000, 0.000, -0.076, -0.968, 1.575, 7.375, 0.607, 0.000, 8.271, 25.00
1, 0, -0.691, -0.000, 0.000, 0.000, -0.171, -2.234, 1.425, 5.933, -0.102, -4.161, 0.000, 25.28
1, 0, -0.578, -0.000, 0.000, 0.000, -0.109, -1.484, 1.307, 4.221, -5.897, 2.541, 0.000, 25.11
1, 0, -0.084, -0.000, 0.000, 0.000, -0.011, -0.166, 1.209, 4.040, -10.313, 5.325, -0.000, 24.75
1, 0, 0.871, 0.000, 0.000, 0.000, 0.071, 1.217, 1.128, 3.906, -14.366, 7.172, 0.000, 24.27
1, 0, 2.610, 0.001, 0.000, 0.000, 0.072, 2.166, 1.059, 3.803, -18.174, 8.464, 0.000, 23.71
1, 0, 5.285, 0.001, 0.000, 0.000, 0.096, 1.865, 0.999, 3.720, -20.160, 8.193, 0.000, 23.16
1, 0, 7.428, 0.003, 0.000, 0.000, 0.562, 1.879, 0.946, 3.654, -23.834, 9.362, 0.000, 22.54
1, 0, 6.159, 0.002, 0.000, 0.000, 0.872, 5.588, 0.899, 3.600, -27.352, 10.232, -0.000, 21.86
1, 0, 6.938, 0.003, 0.000, 0.000, 1.047, 5.177, 1.039, 4.392, -22.547, 3.950, 0.000, 21.59
1, 0, 5.665, 0.002, 0.000, 0.000, 0.747, 1.602, 1.393, 4.436, -2.357, -11.487, -0.000, 22.36
1, 0, 2.563, 0.001, 0.000, 0.000, 0.218, 1.652, 1.674, 4.466, -1.935, -8.640, 0.000, 22.94
1, 0, 0.674, 0.000, 0.000, 0.000, 0.009, 1.193, 2.079, 4.488, -1.475, -6.967, 0.000, 23.40
1, 0, -0.003, -0.000, 0.000, 0.000, -0.000, -0.010, 2.388, 4.504, -1.198, -5.681, -0.000, 23.78
1, 0, -0.246, -0.000, 0.000, 0.000, -0.034, -1.144, 2.565, 4.517, -1.102, -4.556, 0.000, 24.08
1, 0, -0.281, -0.000, 0.000, 0.000, -0.089, -2.121, 3.045, 4.527, -0.793, -4.288, -0.000, 24.37
1, 0, -0.302, -0.000, 0.000, 0.000, -0.144, -2.988, 3.231, 4.535, -0.476, -3.856, 0.000, 24.63
1, 0, -0.362, -0.000, 0.000, 0.000, -0.180, -3.637, 3.061, 4.541, -0.546, -2.876, -0.000, 24.82
1, 0, -0.446, -0.000, 0.000, 0.000, -0.204, -4.058, 2.707, 4.546, -0.594, -1.950, 0.000, 24.95
1, 1, -0.473, -0.000, 0.000, 0.000, -0.193, -3.985, 2.668, 4.550, -0.819, -0.777, 0.971, 25.00
1, 1, -0.523, -0.000, 0.000, 0.000, -0.165, -3.655, 2.441, 5.392, -1.026, 0.000, 2.463, 25.00
1, 1, -0.647, -0.000, 0.000, 0.000, -0.130, -3.345, 2.049, 7.574, -1.234, 0.000, 4.266, 25.00
1, 1, -0.968, -0.001, 0.000, 0.000, -0.050, -3.040, 1.643, 7.846, -1.651, 0.000, 3.780, 25.00
1, 1, -1.589, -0.001, 0.000, 0.000, -0.147, -2.306, 1.357, 8.060, -2.072, 0.000, 3.302, 25.00
1, 1, -2.761, -0.001, 0.000, 0.000, -0.598, -0.698, 1.215, 8.235, -2.495, 0.000, 2.896, 25.00
1, 0, -1.393, -0.001, 0.000, 0.000, -0.540, -2.309, 1.117, 6.286, -2.928, -0.231, -0.000, 25.02
1, 0, 0.731, 0.000, 0.000, 0.000, 0.256, 1.570, 1.036, 4.529, -26.218, 18.095, -0.000, 23.81
1, 0, 1.196, 0.001, 0.000, 0.000, 0.787, 5.760, 0.968, 4.315, -28.537, 15.511, 0.000, 22.78
1, 0, 1.162, 0.002, 0.000, 0.000, 1.131, 8.837, 0.910, 4.155, -27.836, 11.639, 0.000, 22.00
1, 0, 0.872, 0.002, 0.000, 0.000, 1.405, 11.587, 0.860, 4.030, -29.341, 10.585, 0.000, 21.29
1, 0, 0.483, 0.002, 0.000, 0.000, 1.647, 14.094, 0.815, 3.931, -30.989, 10.016, -0.000, 20.63
1, 0, 0.249, 0.002, 0.000, 0.000, 1.849, 16.254, 0.775, 3.850, -32.715, 9.735, 0.000, 19.98
1, 0, 0.374, 0.002, 0.000, 0.000, 1.966, 17.570, 0.739, 3.783, -32.777, 8.342, -0.000, 19.42
1, 0, 0.860, 0.002, 0.000, 0.000, 2.070, 17.206, 0.899, 4.566, -29.810, 4.206, -0.000, 19.14
1, 0, 1.094, 0.002, 0.000, 0.000, 1.479, 10.483, 1.302, 4.600, -3.050, -15.909, 0.000, 20.20
1, 0, 1.074, 0.001, 0.000, 0.000, 0.929, 6.128, 1.591, 4.622, -2.694, -11.650, 0.000, 20.98
1, 0, 1.018, 0.001, 0.000, 0.000, 0.581, 3.088, 2.051, 4.636, -2.278, -9.098, 0.000, 21.58
1, 0, 1.061, 0.001, 0.000, 0.000, 0.351, 0.739, 2.566, 4.646, -1.621, -7.743, 0.000, 22.10
1, 0, -0.123, 0.000, 0.000, 0.000, -0.020, 0.310, 3.053, 4.652, -1.157, -6.716, -0.000, 22.55
1, 0, -0.766, -0.000, 0.000, 0.000, -0.053, -0.646, 3.414, 4.656, -0.679, -5.927, -0.000, 22.94
1, 0, -1.086, -0.000, 0.000, 0.000, -0.040, -1.638, 3.591, 4.659, -0.593, -4.893, -0.000, 23.27
1, 0, -1.259, -0.000, 0.000, 0.000, -0.032, -2.486, 3.592, 4.660, -0.284, -4.191, -0.000, 23.55
1, 0, -1.363, -0.000, 0.000, 0.000, -0.050, -3.102, 3.526, 4.660, -0.365, -3.306, 0.000, 23.77
1, 0, -1.449, -0.000, 0.000, 0.000, -0.056, -3.515, 3.278, 4.660, -0.427, -2.491, -0.000, 23.93
1, 0, -1.590, -0.000, 0.000, 0.000, -0.057, -3.903, 2.909, 5.497, -0.485, -2.370, -0.000, 24.09
1, 0, -1.826, -0.000, 0.000, 0.000, -0.034, -4.460, 2.562, 7.675, -0.971, -2.945, -0.000, 24.29
1, 0, -1.678, -0.001, 0.000, 0.000, -0.126, -4.876, 2.624, 7.943, -1.652, -2.235, 0.000, 24.44
1, 0, -3.956, -0.002, 0.000, 0.000, -1.091, -2.027, 1.769, 8.153, -2.092, -0.755, -0.000, 24.49
1, 0, -2.181, -0.001, 0.000, 0.000, -0.939, -3.900, 1.474, 8.325, -2.523, -0.254, 0.000, 24.51
1, 0, -1.272, -0.000, 0.000, 0.000, -0.737, -4.278, 1.331, 6.373, -2.913, 1.498, 0.000, 24.41
1, 0, 0.157, 0.000, 0.000, 0.000, 0.112, 0.765, 1.217, 4.612, -25.875, 19.011, -0.000, 23.14
1, 0, 0.767, 0.001, 0.000, 0.000, 0.626, 4.692, 1.124, 4.394, -26.402, 14.798, 0.000, 22.15
1, 0, 1.101, 0.001, 0.000, 0.000, 0.933, 7.359, 1.047, 4.231, -25.811, 11.138, 0.000, 21.41
1, 0, 1.333, 0.001, 0.000, 0.000, 1.126, 9.214, 0.982, 4.104, -25.718, 8.959, -0.000, 20.81
1, 0, 1.529, 0.001, 0.000, 0.000, 1.255, 10.564, 0.925, 4.002, -25.925, 7.648, -0.000, 20.30
1, 0, 1.712, 0.001, 0.000, 0.000, 1.350, 11.604, 0.876, 3.918, -26.316, 6.855, -0.000, 19.85
1, 0, 1.890, 0.001, 0.000, 0.000, 1.423, 12.453, 0.832, 3.849, -26.820, 6.372, -0.000, 19.42
1, 0, 2.270, 0.002, 0.000, 0.000, 1.454, 11.816, 1.008, 3.859, -22.424, 2.016, -0.000, 19.29
1, 0, 2.666, 0.001, 0.000, 0.000, 1.199, 6.114, 1.715, 3.815, -1.965, -13.546, -0.000, 20.19
1, 0, 1.921, 0.001, 0.000, 0.000, 0.652, 3.226, 1.823, 3.776, -1.366, -10.032, -0.000, 20.86
1, 0, 1.569, 0.001, 0.000, 0.000, 0.359, 0.941, 2.272, 3.741, -0.730, -8.153, 0.000, 21.40
1, 0, 0.134, 0.000, 0.000, 0.000, 0.015, 0.549, 2.782, 3.708, -0.077, -7.112, -0.000, 21.88
1, 0, -0.761, -0.000, 0.000, 0.000, -0.022, -0.265, 3.261, 3.679, 0.581, -6.473, -0.000, 22.31
1, 0, -1.093, -0.000, 0.000, 0.000, -0.042, -1.397, 3.599, 3.652, 1.046, -5.765, -0.000, 22.69
1, 0, -1.233, -0.000, 0.000, 0.000, -0.097, -2.407, 3.839, 3.626, 1.324, -5.052, -0.000, 23.03
1, 0, -1.332, -0.000, 0.000, 0.000, -0.147, -3.285, 3.769, 3.859, 1.420, -4.283, 0.000, 23.31
1, 0, -1.312, -0.000, 0.000, 0.000, -0.196, -3.972, 3.651, 3.861, 1.532, -3.564, 0.000, 23.55
1, 0, -1.250, -0.000, 0.000, 0.000, -0.233, -4.495, 3.447, 3.860, 1.465, -2.793, 0.000, 23.74
1, 0, -1.212, -0.000, 0.000, 0.000, -0.264, -5.011, 3.096, 4.694, 1.205, -2.508, 0.000, 23.90
1, 0, -1.182, -0.000, 0.000, 0.000, -0.285, -5.757, 2.688, 6.866, 0.730, -3.060, 0.000, 24.11
1, 0, -1.007, -0.000, 0.000, 0.000, -0.254, -6.293, 2.661, 7.129, 0.067, -2.303, -0.000, 24.26
1, 0, -1.371, -0.001, 0.000, 0.000, -0.170, -6.324, 1.843, 7.333, -0.566, -0.745, 0.000, 24.31
1, 0, -1.529, -0.001, 0.000, 0.000, -0.100, -6.102, 1.553, 7.498, -0.987, -0.332, 0.000, 24.33
1, 0, -1.750, -0.002, 0.000, 0.000, -0.505, -4.839, 1.406, 6.051, -1.378, 1.017, -0.000, 24.27
1, 0, -1.226, -0.001, 0.000, 0.000, -0.771, -0.740, 1.289, 4.335, -13.788, 10.903, 0.000, 23.54
1, 0, 0.123, 0.000, 0.000, 0.000, 0.109, 0.425, 1.193, 4.149, -15.463, 9.464, 0.000, 22.91
1, 0, 0.355, 0.001, 0.000, 0.000, 0.465, 2.654, 1.113, 4.011, -17.319, 8.720, 0.000, 22.33
1, 0, 0.425, 0.001, 0.000, 0.000, 0.676, 4.431, 1.044, 3.903, -17.622, 7.143, -0.000, 21.85
1, 0, 0.452, 0.001, 0.000, 0.000, 0.818, 5.848, 0.985, 3.817, -18.137, 6.215, 0.000, 21.44
1, 0, 0.566, 0.001, 0.000, 0.000, 0.951, 7.319, 0.933, 3.747, -20.431, 6.912, 0.000, 20.98
1, 0, 0.722, 0.001, 0.000, 0.000, 1.054, 8.450, 0.887, 3.689, -20.966, 6.163, 0.000, 20.56
1, 0, 1.018, 0.002, 0.000, 0.000, 1.108, 8.059, 1.016, 3.709, -16.689, 1.778, 0.000, 20.45
1, 0, 1.539, 0.002, 0.000, 0.000, 1.021, 3.539, 1.589, 3.673, -1.460, -9.904, 0.000, 21.11
1, 0, 1.239, 0.001, 0.000, 0.000, 0.537, 1.270, 1.762, 3.641, -1.014, -7.436, 0.000, 21.60
1, 0, 0.225, 0.000, 0.000, 0.000, 0.046, 0.598, 2.213, 3.613, -0.339, -6.355, -0.000, 22.03
1, 0, -0.427, -0.000, 0.000, 0.000, -0.011, -0.376, 2.729, 3.587, 0.338, -5.839, -0.000, 22.42
1, 0, -0.602, -0.000, 0.000, 0.000, -0.063, -1.560, 3.221, 3.563, 1.011, -5.570, -0.000, 22.79
1, 0, -0.689, -0.000, 0.000, 0.000, -0.127, -2.637, 3.570, 3.540, 1.292, -4.949, 0.000, 23.12
1, 0, -0.695, -0.000, 0.000, 0.000, -0.196, -3.589, 3.801, 3.520, 1.777, -4.617, 0.000, 23.42
1, 0, -0.682, -0.000, 0.000, 0.000, -0.256, -4.463, 3.747, 3.757, 1.878, -3.980, 0.000, 23.69
1, 0, -0.595, -0.000, 0.000, 0.000, -0.311, -5.139, 3.647, 3.763, 1.994, -3.361, 0.000, 23.91
1, 0, -0.472, -0.000, 0.000, 0.000, -0.355, -5.663, 3.418, 3.765, 1.931, -2.624, 0.000, 24.09
1, 0, -0.329, -0.000, 0.000, 0.000, -0.400, -6.225, 3.092, 4.603, 1.676, -2.417, 0.000, 24.25
1, 0, -0.325, -0.000, 0.000, 0.000, -0.441, -6.917, 2.656, 6.779, 1.208, -2.960, 0.000, 24.45
1, 0, -0.321, -0.000, 0.000, 0.000, -0.434, -7.278, 2.351, 7.046, 0.560, -1.923, 0.000, 24.58
1, 0, -0.379, -0.001, 0.000, 0.000, -0.449, -7.387, 1.760, 7.253, 0.133, -0.931, 0.000, 24.64
1, 0, -0.619, -0.001, 0.000, 0.000, -0.413, -7.097, 1.512, 7.421, -0.088, -0.715, -0.000, 24.69
1, 0, -0.900, -0.001, 0.000, 0.000, -0.328, -6.336, 1.374, 5.977, -0.480, 0.693, -0.000, 24.64
1, 0, -0.864, -0.001, 0.000, 0.000, -0.158, -3.928, 1.264, 4.263, -6.699, 6.123, 0.000, 24.23
1, 0, -0.654, -0.000, 0.000, 0.000, -0.048, -1.825, 1.173, 4.081, -9.036, 6.310, -0.000, 23.81
1, 0, -0.232, -0.000, 0.000, 0.000, -0.024, -0.401, 1.096, 3.945, -9.722, 5.339, -0.000, 23.45
1, 0, 0.463, 0.000, 0.000, 0.000, 0.032, 0.373, 1.031, 3.840, -10.534, 4.795, 0.000, 23.13
1, 0, 1.559, 0.001, 0.000, 0.000, 0.300, 0.322, 0.974, 3.757, -11.414, 4.501, 0.000, 22.83
1, 0, 1.459, 0.001, 0.000, 0.000, 0.427, 1.479, 0.923, 3.689, -12.331, 4.353, 0.000, 22.54
1, 0, 1.245, 0.001, 0.000, 0.000, 0.527, 2.687, 0.878, 3.633, -13.265, 4.293, -0.000, 22.26
1, 0, 2.133, 0.003, 0.000, 0.000, 0.780, 0.952, 1.042, 3.655, -7.767, -0.798, -0.000, 22.31
1, 0, 0.127, 0.000, 0.000, 0.000, 0.015, 1.451, 1.837, 3.621, -0.403, -6.649, 0.000, 22.75
1, 0, -0.024, -0.000, 0.000, 0.000, -0.014, -0.415, 1.844, 3.592, 0.288, -5.270, 0.000, 23.11
1, 0, -0.062, -0.000, 0.000, 0.000, -0.093, -1.766, 2.234, 3.565, 0.978, -4.855, -0.000, 23.43
1, 0, -0.073, -0.000, 0.000, 0.000, -0.174, -2.838, 2.729, 3.541, 1.464, -4.649, 0.000, 23.74
1, 0, -0.067, -0.000, 0.000, 0.000, -0.251, -3.776, 3.200, 3.518, 1.947, -4.571, 0.000, 24.04
1, 0, -0.064, -0.000, 0.000, 0.000, -0.321, -4.649, 3.552, 3.498, 2.428, -4.444, 0.000, 24.34
1, 0, -0.105, -0.000, 0.000, 0.000, -0.379, -5.375, 3.782, 3.479, 2.718, -4.120, 0.000, 24.62
1, 0, -0.177, -0.000, 0.000, 0.000, -0.444, -6.109, 3.730, 3.717, 3.015, -3.732, 0.000, 24.86
1, 1, -0.259, -0.000, 0.000, 0.000, -0.460, -6.195, 3.628, 3.726, 2.967, -2.043, 1.363, 25.00
1, 1, -0.315, -0.000, 0.000, 0.000, -0.417, -5.492, 3.389, 3.729, 2.967, 0.000, 3.860, 25.00
1, 1, -0.384, -0.000, 0.000, 0.000, -0.385, -4.958, 3.021, 4.568, 2.774, 0.000, 4.636, 25.00
1, 1, -0.429, -0.000, 0.000, 0.000, -0.345, -4.418, 2.684, 6.746, 2.580, 0.000, 6.817, 25.00
1, 1, -0.494, -0.000, 0.000, 0.000, -0.310, -4.052, 2.388, 7.013, 1.996, 0.000, 6.541, 25.00
1, 1, -0.691, -0.000, 0.000, 0.000, -0.319, -3.914, 1.718, 7.222, 1.405, 0.000, 5.419, 25.00
1, 1, -0.785, -0.000, 0.000, 0.000, -0.293, -3.664, 1.506, 7.391, 1.007, 0.000, 5.162, 25.00
1, 0, -1.109, -0.000, 0.000, 0.000, -0.326, -4.155, 1.370, 5.949, 0.354, -2.083, 0.000, 25.14
1, 0, -1.231, -0.000, 0.000, 0.000, -0.295, -3.837, 1.260, 4.236, -0.400, 0.268, 0.000, 25.12
1, 0, -1.057, -0.000, 0.000, 0.000, -0.192, -2.610, 1.170, 4.054, -5.111, 3.746, -0.000, 24.87
1, 0, -0.761, -0.000, 0.000, 0.000, -0.114, -1.609, 1.094, 3.920, -6.163, 3.634, 0.000, 24.63
1, 0, -0.289, -0.000, 0.000, 0.000, -0.032, -0.490, 1.029, 3.816, -8.831, 4.797, -0.000, 24.31
1, 0, 0.436, 0.000, 0.000, 0.000, 0.031, 0.559, 0.972, 3.733, -11.337, 5.606, 0.000, 23.94
1, 0, 1.246, 0.000, 0.000, 0.000, 0.053, 1.228, 0.922, 3.666, -12.107, 4.992, 0.000, 23.60
1, 0, 2.690, 0.001, 0.000, 0.000, 0.036, 1.498, 0.877, 3.611, -14.582, 5.869, -0.000, 23.21
1, 0, 2.765, 0.001, 0.000, 0.000, 0.037, 1.993, 0.973, 3.634, -12.082, 2.680, -0.000, 23.03
1, 0, 0.605, 0.000, 0.000, 0.000, 0.063, 1.568, 1.631, 3.601, -0.673, -6.794, 0.000, 23.49
1, 0, 0.027, -0.000, 0.000, 0.000, 0.005, 0.090, 1.788, 3.572, 0.014, -5.496, -0.000, 23.85
1, 0, -0.240, -0.000, 0.000, 0.000, -0.073, -1.140, 2.203, 3.546, 0.702, -4.999, 0.000, 24.19
1, 0, -0.333, -0.000, 0.000, 0.000, -0.150, -2.208, 2.712, 3.523, 1.188, -4.731, 0.000, 24.50
1, 0, -0.361, -0.000, 0.000, 0.000, -0.229, -3.185, 3.199, 3.501, 1.864, -4.791, -0.000, 24.82
1, 0, -0.398, -0.000, 0.000, 0.000, -0.300, -4.096, 3.547, 3.481, 2.341, -4.577, 0.000, 25.13
1, 0, -0.443, -0.000, 0.000, 0.000, -0.361, -4.864, 3.777, 3.463, 2.629, -4.200, -0.000, 25.41
1, 1, -0.192, -0.000, 0.000, 0.000, -0.152, -2.017, 3.756, 3.702, 2.967, 6.079, 14.144, 25.00
1, 1, -0.165, -0.000, 0.000, 0.000, -0.124, -1.618, 3.646, 3.711, 3.159, 0.000, 8.609, 25.00
1, 1, -0.160, -0.000, 0.000, 0.000, -0.110, -1.404, 3.408, 3.715, 3.159, 0.000, 8.607, 25.00
1, 1, -0.165, -0.000, 0.000, 0.000, -0.101, -1.261, 3.033, 4.555, 3.159, 0.000, 9.220, 25.00
1, 1, -0.172, -0.000, 0.000, 0.000, -0.093, -1.155, 2.657, 6.733, 2.774, 0.000, 10.743, 25.00
1, 1, -0.165, -0.000, 0.000, 0.000, -0.077, -1.011, 2.588, 7.001, 2.191, 0.000, 10.526, 25.00
1, 1, -0.280, -0.000, 0.000, 0.000, -0.103, -1.241, 1.804, 7.210, 1.603, 0.000, 8.991, 25.00
1, 1, -0.336, -0.000, 0.000, 0.000, -0.102, -1.243, 1.537, 7.379, 1.007, 0.000, 8.243, 25.00
1, 0, -0.801, -0.000, 0.000, 0.000, -0.200, -2.474, 1.394, 5.938, 0.304, -4.160, 0.000, 25.28
1, 0, -0.882, -0.000, 0.000, 0.000, -0.178, -2.253, 1.280, 4.225, -2.655, 0.463, 0.000, 25.25
1, 0, -0.453, -0.000, 0.000, 0.000, -0.067, -0.895, 1.186, 4.044, -8.946, 5.131, 0.000, 24.90
1, 0, 0.220, -0.000, 0.000, 0.000, 0.025, 0.351, 1.107, 3.910, -11.407, 5.793, -0.000, 24.52
1, 0, 1.136, 0.000, 0.000, 0.000, 0.089, 1.402, 1.040, 3.806, -13.773, 6.299, -0.000, 24.10
1, 0, 2.788, 0.000, 0.000, 0.000, 0.097, 2.185, 0.982, 3.724, -17.699, 7.923, -0.000, 23.57
1, 0, 5.920, 0.001, 0.000, 0.000, 0.080, 1.742, 0.931, 3.658, -21.409, 9.077, -0.000, 22.96
1, 0, 8.511, 0.002, 0.000, 0.000, 0.452, 1.145, 0.885, 3.603, -23.303, 8.705, -0.000, 22.38
1, 0, 9.178, 0.003, 0.000, 0.000, 0.673, 1.596, 0.980, 3.626, -21.960, 5.904, -0.000, 21.99
1, 0, 3.061, 0.001, 0.000, 0.000, 0.035, 3.983, 1.687, 3.594, -1.843, -10.517, 0.000, 22.69
1, 0, 1.334, 0.000, 0.000, 0.000, 0.054, 2.355, 1.847, 3.565, -1.199, -7.957, 0.000, 23.22
1, 0, 0.346, 0.000, 0.000, 0.000, 0.042, 0.979, 2.253, 3.539, -0.533, -6.626, -0.000, 23.66
1, 0, -0.072, -0.000, 0.000, 0.000, -0.017, -0.315, 2.731, 3.516, -0.059, -5.784, 0.000, 24.05
1, 0, -0.238, -0.000, 0.000, 0.000, -0.092, -1.496, 3.192, 3.495, 0.421, -5.282, -0.000, 24.40
1, 0, -0.319, -0.000, 0.000, 0.000, -0.165, -2.560, 3.553, 3.475, 0.906, -4.890, 0.000, 24.73
1, 0, -0.373, -0.000, 0.000, 0.000, -0.229, -3.462, 3.794, 3.457, 1.199, -4.385, 0.000, 25.02
1, 1, -0.304, -0.000, 0.000, 0.000, -0.192, -2.843, 3.744, 3.696, 1.405, 0.305, 5.811, 25.00
1, 1, -0.256, -0.000, 0.000, 0.000, -0.162, -2.327, 3.620, 3.705, 1.603, 0.000, 6.182, 25.00
1, 1, -0.247, -0.000, 0.000, 0.000, -0.142, -2.009, 3.374, 3.710, 1.405, 0.000, 6.090, 25.00
1, 1, -0.256, -0.000, 0.000, 0.000, -0.129, -1.789, 2.998, 4.550, 1.206, 0.000, 6.580, 25.00
1, 1, -0.283, -0.000, 0.000, 0.000, -0.120, -1.666, 2.567, 6.728, 0.807, 0.000, 8.033, 25.00
1, 1, -0.307, -0.000, 0.000, 0.000, -0.106, -1.574, 2.371, 6.996, 0.203, 0.000, 7.583, 25.00
1, 1, -0.455, -0.000, 0.000, 0.000, -0.116, -1.643, 1.769, 7.205, -0.204, 0.000, 6.557, 25.00
1, 1, -0.525, -0.000, 0.000, 0.000, -0.110, -1.580, 1.504, 7.375, -0.408, 0.000, 6.254, 25.00
1, 0, -0.934, -0.000, 0.000, 0.000, -0.166, -2.421, 1.367, 5.933, -0.689, -3.090, 0.000, 25.21
1, 0, -0.599, -0.000, 0.000, 0.000, -0.090, -1.350, 1.257, 4.221, -7.240, 3.800, -0.000, 24.95
1, 0, -0.093, -0.000, 0.000, 0.000, -0.010, -0.169, 1.167, 4.040, -9.879, 4.944, -0.000, 24.62
1, 0, 0.290, 0.000, 0.000, 0.000, 0.028, 0.484, 1.091, 3.906, -9.136, 3.336, 0.000, 24.40
1, 0, 0.546, 0.000, 0.000, 0.000, 0.048, 0.850, 1.026, 3.803, -8.614, 2.342, 0.000, 24.24
1, 0, 0.521, 0.000, 0.000, 0.000, 0.049, 0.845, 0.969, 3.720, -6.629, 0.524, 0.000, 24.21
1, 0, 0.520, 0.000, 0.000, 0.000, 0.048, 0.831, 0.919, 3.654, -6.509, 0.537, 0.000, 24.17
1, 0, 0.523, 0.000, 0.000, 0.000, 0.047, 0.828, 0.874, 3.600, -6.393, 0.522, 0.000, 24.14
1, 0, 0.270, 0.000, 0.000, 0.000, 0.030, 0.495, 0.890, 4.392, -4.812, -1.265, 0.000, 24.22
1, 0, -0.233, -0.000, 0.000, 0.000, -0.039, -0.595, 1.071, 4.436, -0.231, -4.409, -0.000, 24.52
1, 0, -0.386, -0.000, 0.000, 0.000, -0.109, -1.588, 1.552, 4.466, 0.277, -4.211, -0.000, 24.80
1, 0, -0.425, -0.000, 0.000, 0.000, -0.185, -2.574, 2.100, 4.488, 0.975, -4.378, 0.000, 25.09
1, 0, -0.424, -0.000, 0.000, 0.000, -0.262, -3.516, 2.627, 4.504, 1.657, -4.587, 0.000, 25.40
1, 0, -0.418, -0.000, 0.000, 0.000, -0.338, -4.419, 3.150, 4.517, 2.324, -4.817, -0.000, 25.72
1, 0, -0.445, -0.000, 0.000, 0.000, -0.407, -5.283, 3.527, 4.527, 2.792, -4.711, -0.000, 26.03
1, 0, -0.496, -0.000, 0.000, 0.000, -0.467, -6.024, 3.757, 4.535, 3.072, -4.376, -0.000, 26.32
1, 1, 0.134, -0.000, 0.000, 0.000, 0.120, 1.524, 3.716, 4.541, 3.920, 19.839, 33.794, 25.00
1, 1, 0.141, -0.000, 0.000, 0.000, 0.118, 1.466, 3.603, 4.546, 4.109, 0.000, 13.983, 25.00
1, 1, 0.151, -0.000, 0.000, 0.000, 0.111, 1.358, 3.364, 4.550, 3.920, 0.000, 13.453, 25.00
1, 1, 0.162, -0.000, 0.000, 0.000, 0.106, 1.269, 3.004, 5.392, 3.920, 0.000, 13.854, 25.00
1, 1, 0.179, -0.000, 0.000, 0.000, 0.106, 1.250, 2.637, 7.574, 3.920, 0.000, 15.665, 25.00
1, 1, 0.195, -0.000, 0.000, 0.000, 0.102, 1.227, 2.435, 7.846, 3.541, 0.000, 15.346, 25.00
1, 1, 0.181, -0.000, 0.000, 0.000, 0.080, 0.896, 1.747, 8.060, 3.159, 0.000, 14.123, 25.00
1, 1, 0.187, -0.000, 0.000, 0.000, 0.073, 0.830, 1.497, 8.235, 2.774, 0.000, 13.597, 25.00
1, 0, -0.392, -0.000, 0.000, 0.000, -0.137, -1.545, 1.358, 6.286, 2.201, -7.771, -0.000, 25.52
1, 0, -1.387, -0.000, 0.000, 0.000, -0.434, -4.915, 1.247, 4.529, 13.606, -12.646, 0.000, 26.36
1, 0, -1.877, -0.000, 0.000, 0.000, -0.530, -6.006, 1.156, 4.315, 8.773, -5.831, -0.000, 26.75
1, 0, -1.970, -0.000, 0.000, 0.000, -0.487, -5.559, 1.080, 4.155, 3.261, -0.479, 0.000, 26.78
1, 0, -1.753, -0.000, 0.000, 0.000, -0.374, -4.314, 1.014, 4.030, -1.559, 2.956, 0.000, 26.58
1, 0, -1.371, -0.000, 0.000, 0.000, -0.257, -2.996, 0.958, 3.931, -4.339, 4.074, 0.000, 26.31
1, 0, -0.754, -0.000, 0.000, 0.000, -0.117, -1.397, 0.908, 3.850, -8.557, 6.068, 0.000, 25.91
1, 0, 0.146, -0.000, 0.000, 0.000, 0.018, 0.222, 0.863, 3.783, -12.509, 7.477, -0.000, 25.41
1, 0, 0.488, 0.000, 0.000, 0.000, 0.061, 0.773, 0.993, 4.566, -9.950, 3.069, -0.000, 25.21
1, 0, -0.123, -0.000, 0.000, 0.000, -0.023, -0.336, 1.726, 4.600, -0.412, -5.432, -0.000, 25.57
1, 0, -0.526, -0.000, 0.000, 0.000, -0.116, -1.536, 1.800, 4.622, 0.290, -4.532, 0.000, 25.87
1, 0, -0.722, -0.000, 0.000, 0.000, -0.193, -2.502, 2.206, 4.636, 0.790, -4.215, 0.000, 26.15
1, 0, -0.790, -0.000, 0.000, 0.000, -0.262, -3.361, 2.705, 4.646, 1.284, -4.222, -0.000, 26.43
1, 0, -0.821, -0.000, 0.000, 0.000, -0.329, -4.168, 3.177, 4.652, 1.771, -4.283, -0.000, 26.72
1, 0, -0.857, -0.000, 0.000, 0.000, -0.390, -4.936, 3.566, 4.656, 2.253, -4.293, -0.000, 27.00
1, 0, -0.914, -0.000, 0.000, 0.000, -0.445, -5.611, 3.784, 4.659, 2.544, -4.017, -0.000, 27.27
1, 1, 0.938, 0.000, 0.000, 0.000, 0.459, 5.705, 3.722, 4.660, 3.541, 34.076, 53.102, 25.00
1, 1, 0.880, 0.000, 0.000, 0.000, 0.420, 5.166, 3.614, 4.660, 3.541, 0.000, 18.282, 25.00
1, 1, 0.850, 0.000, 0.000, 0.000, 0.396, 4.791, 3.427, 4.660, 3.731, 0.000, 17.854, 25.00
1, 1, 0.846, 0.000, 0.000, 0.000, 0.367, 4.369, 3.082, 5.497, 3.541, 0.000, 17.702, 25.00
1, 1, 0.851, 0.000, 0.000, 0.000, 0.337, 3.992, 2.650, 7.675, 3.159, 0.000, 18.663, 25.00
1, 1, 0.850, 0.000, 0.000, 0.000, 0.312, 3.823, 2.548, 7.943, 2.774, 0.000, 18.249, 25.00
1, 1, 0.887, 0.000, 0.000, 0.000, 0.275, 3.131, 1.797, 8.153, 2.191, 0.000, 16.434, 25.00
1, 1, 0.895, 0.000, 0.000, 0.000, 0.248, 2.854, 1.531, 8.325, 1.800, 0.000, 15.653, 25.00
1, 0, 0.034, -0.000, 0.000, 0.000, 0.008, 0.097, 1.389, 6.373, 1.186, -9.086, -0.000, 25.61
1, 0, -0.688, -0.000, 0.000, 0.000, -0.152, -1.756, 1.275, 4.612, 3.760, -7.051, 0.000, 26.08
1, 0, -0.906, -0.000, 0.000, 0.000, -0.180, -2.086, 1.181, 4.394, -0.337, -2.066, 0.000, 26.21
1, 0, -0.794, -0.000, 0.000, 0.000, -0.141, -1.646, 1.103, 4.231, -3.783, 1.030, -0.000, 26.14
1, 0, -0.445, -0.000, 0.000, 0.000, -0.070, -0.826, 1.036, 4.104, -6.815, 3.017, -0.000, 25.94
1, 0, 0.091, -0.000, 0.000, 0.000, 0.012, 0.150, 0.978, 4.002, -9.576, 4.343, 0.000, 25.65
1, 0, 0.618, 0.000, 0.000, 0.000, 0.075, 0.924, 0.927, 3.918, -10.540, 4.078, -0.000, 25.38
1, 0, 1.358, 0.000, 0.000, 0.000, 0.138, 1.752, 0.881, 3.849, -13.147, 5.168, -0.000, 25.04
1, 0, 1.769, 0.000, 0.000, 0.000, 0.170, 2.243, 0.908, 3.859, -12.381, 3.432, -0.000, 24.81
1, 0, 0.593, 0.000, 0.000, 0.000, 0.078, 1.099, 1.354, 3.815, -0.897, -6.041, -0.000, 25.21
1, 0, -0.021, -0.000, 0.000, 0.000, -0.004, -0.050, 1.676, 3.776, -0.204, -5.174, -0.000, 25.56
1, 0, -0.359, -0.000, 0.000, 0.000, -0.084, -1.092, 2.136, 3.741, 0.488, -4.830, -0.000, 25.88
1, 0, -0.522, -0.000, 0.000, 0.000, -0.160, -2.062, 2.657, 3.708, 1.171, -4.791, -0.000, 26.20
1, 0, -0.609, -0.000, 0.000, 0.000, -0.233, -2.968, 3.168, 3.679, 1.650, -4.686, -0.000, 26.51
1, 0, -0.682, -0.000, 0.000, 0.000, -0.300, -3.816, 3.525, 3.652, 2.128, -4.506, -0.000, 26.81
1, 0, -0.754, -0.000, 0.000, 0.000, -0.359, -4.544, 3.738, 3.626, 2.417, -4.124, -0.000, 27.09
1, 1, 0.972, 0.000, 0.000, 0.000, 0.477, 5.940, 3.699, 3.859, 3.541, 31.289, 49.776, 25.00
1, 1, 0.920, 0.000, 0.000, 0.000, 0.443, 5.455, 3.588, 3.861, 3.541, 0.000, 17.808, 25.00
1, 1, 0.902, 0.000, 0.000, 0.000, 0.416, 5.038, 3.323, 3.860, 3.541, 0.000, 17.079, 25.00
1, 1, 0.905, 0.000, 0.000, 0.000, 0.389, 4.617, 2.964, 4.694, 3.350, 0.000, 16.919, 25.00
1, 1, 0.920, 0.000, 0.000, 0.000, 0.359, 4.209, 2.533, 6.866, 2.967, 0.000, 17.853, 25.00
1, 1, 0.942, 0.000, 0.000, 0.000, 0.328, 3.806, 2.092, 7.129, 2.580, 0.000, 16.877, 25.00
1, 1, 0.978, 0.000, 0.000, 0.000, 0.294, 3.306, 1.624, 7.333, 1.996, 0.000, 15.531, 25.00
1, 1, 0.988, 0.000, 0.000, 0.000, 0.268, 3.047, 1.436, 7.498, 1.603, 0.000, 14.839, 25.00
1, 0, 0.135, -0.000, 0.000, 0.000, 0.032, 0.369, 1.310, 6.051, 0.797, -8.694, 0.000, 25.58
1, 0, -0.488, -0.000, 0.000, 0.000, -0.104, -1.198, 1.208, 4.335, 2.256, -6.008, 0.000, 25.98
1, 0, -0.528, -0.000, 0.000, 0.000, -0.097, -1.131, 1.123, 4.149, -3.289, -0.227, -0.000, 26.00
1, 0, -0.269, -0.000, 0.000, 0.000, -0.043, -0.511, 1.052, 4.011, -6.489, 2.250, 0.000, 25.85
1, 0, 0.212, -0.000, 0.000, 0.000, 0.030, 0.355, 0.990, 3.903, -9.354, 3.864, 0.000, 25.59
1, 0, 0.889, 0.000, 0.000, 0.000, 0.105, 1.287, 0.936, 3.817, -11.997, 4.963, -0.000, 25.26
1, 0, 1.772, 0.000, 0.000, 0.000, 0.168, 2.158, 0.889, 3.747, -14.484, 5.749, -0.000, 24.87
1, 0, 2.920, 0.000, 0.000, 0.000, 0.207, 2.853, 0.846, 3.689, -16.856, 6.341, 0.000, 24.45
1, 0, 2.778, 0.000, 0.000, 0.000, 0.227, 3.202, 0.977, 3.709, -12.669, 1.775, 0.000, 24.33
1, 0, 1.091, 0.000, 0.000, 0.000, 0.132, 2.010, 1.415, 3.673, -0.961, -7.361, -0.000, 24.82
1, 0, 0.297, -0.000, 0.000, 0.000, 0.047, 0.652, 1.651, 3.641, -0.485, -5.803, 0.000, 25.21
1, 0, -0.157, -0.000, 0.000, 0.000, -0.033, -0.446, 2.092, 3.613, 0.003, -5.071, 0.000, 25.55
1, 0, -0.382, -0.000, 0.000, 0.000, -0.109, -1.452, 2.614, 3.587, 0.689, -4.946, -0.000, 25.88
1, 0, -0.500, -0.000, 0.000, 0.000, -0.182, -2.397, 3.115, 3.563, 1.171, -4.769, -0.000, 26.20
1, 0, -0.584, -0.000, 0.000, 0.000, -0.251, -3.282, 3.506, 3.540, 1.653, -4.583, -0.000, 26.50
1, 0, -0.650, -0.000, 0.000, 0.000, -0.314, -4.077, 3.770, 3.520, 2.134, -4.382, 0.000, 26.79
1, 1, 0.801, 0.000, 0.000, 0.000, 0.402, 5.117, 3.715, 3.757, 3.159, 26.902, 43.853, 25.00
1, 1, 0.763, 0.000, 0.000, 0.000, 0.376, 4.734, 3.591, 3.763, 3.159, 0.000, 16.385, 25.00
1, 1, 0.746, 0.000, 0.000, 0.000, 0.361, 4.461, 3.391, 3.765, 3.350, 0.000, 16.076, 25.00
1, 1, 0.754, 0.000, 0.000, 0.000, 0.340, 4.100, 3.013, 4.603, 3.159, 0.000, 15.969, 25.00
1, 1, 0.770, 0.000, 0.000, 0.000, 0.314, 3.755, 2.565, 6.779, 2.774, 0.000, 16.958, 25.00
1, 1, 0.782, 0.000, 0.000, 0.000, 0.286, 3.544, 2.404, 7.046, 2.191, 0.000, 16.253, 25.00
1, 1, 0.829, 0.000, 0.000, 0.000, 0.251, 2.915, 1.735, 7.253, 1.603, 0.000, 14.585, 25.00
1, 1, 0.845, 0.000, 0.000, 0.000, 0.226, 2.642, 1.486, 7.421, 1.206, 0.000, 13.827, 25.00
1, 0, 0.053, -0.000, 0.000, 0.000, 0.013, 0.147, 1.349, 5.977, 0.610, -8.148, 0.000, 25.54
1, 0, -0.439, -0.000, 0.000, 0.000, -0.093, -1.092, 1.239, 4.263, 0.835, -4.714, 0.000, 25.86
1, 0, -0.394, -0.000, 0.000, 0.000, -0.071, -0.845, 1.149, 4.081, -4.541, 0.621, 0.000, 25.82
1, 0, -0.072, -0.000, 0.000, 0.000, -0.011, -0.135, 1.073, 3.945, -7.624, 2.824, 0.000, 25.63
1, 0, 0.307, -0.000, 0.000, 0.000, 0.042, 0.523, 1.008, 3.840, -8.804, 3.083, -0.000, 25.42
1, 0, 0.913, 0.000, 0.000, 0.000, 0.105, 1.338, 0.952, 3.757, -11.551, 4.486, -0.000, 25.12
1, 0, 1.756, 0.000, 0.000, 0.000, 0.160, 2.145, 0.902, 3.689, -14.102, 5.450, -0.000, 24.76
1, 0, 2.578, 0.000, 0.000, 0.000, 0.190, 2.691, 0.858, 3.633, -14.889, 4.940, 0.000, 24.43
1, 0, 2.968, 0.000, 0.000, 0.000, 0.199, 3.070, 0.897, 3.655, -14.139, 3.349, 0.000, 24.21
1, 0, 1.348, 0.000, 0.000, 0.000, 0.119, 1.820, 1.124, 3.621, -1.314, -6.718, 0.000, 24.66
1, 0, 0.404, 0.000, 0.000, 0.000, 0.053, 0.775, 1.503, 3.592, -0.827, -5.500, 0.000, 25.02
1, 0, -0.089, -0.000, 0.000, 0.000, -0.017, -0.232, 1.911, 3.565, -0.329, -4.809, 0.000, 25.34
1, 0, -0.347, -0.000, 0.000, 0.000, -0.083, -1.142, 2.268, 3.541, -0.025, -4.213, 0.000, 25.62
1, 0, -0.459, -0.000, 0.000, 0.000, -0.146, -1.976, 2.767, 3.518, 0.479, -4.184, 0.000, 25.90
1, 0, -0.522, -0.000, 0.000, 0.000, -0.207, -2.786, 3.255, 3.498, 0.977, -4.216, 0.000, 26.18
1, 0, -0.591, -0.000, 0.000, 0.000, -0.264, -3.522, 3.470, 3.479, 1.281, -3.853, -0.000, 26.44
1, 1, 0.638, 0.000, 0.000, 0.000, 0.301, 3.935, 3.421, 3.717, 2.191, 21.601, 35.805, 25.00
1, 1, 0.603, 0.000, 0.000, 0.000, 0.284, 3.651, 3.330, 3.726, 2.191, 0.000, 13.785, 25.00
1, 1, 0.594, 0.000, 0.000, 0.000, 0.268, 3.361, 3.026, 3.729, 2.191, 0.000, 13.170, 25.00
1, 1, 0.604, 0.000, 0.000, 0.000, 0.246, 2.990, 2.499, 4.568, 1.996, 0.000, 12.902, 25.00
1, 1, 0.619, 0.000, 0.000, 0.000, 0.221, 2.651, 2.097, 6.746, 1.603, 0.000, 13.936, 25.00
1, 1, 0.635, 0.000, 0.000, 0.000, 0.197, 2.340, 1.726, 7.013, 1.206, 0.000, 13.117, 25.00
1, 1, 0.652, 0.000, 0.000, 0.000, 0.174, 2.030, 1.408, 7.222, 0.807, 0.000, 12.292, 25.00
1, 1, 0.663, 0.000, 0.000, 0.000, 0.148, 1.775, 1.267, 7.391, 0.203, 0.000, 11.446, 25.00
1, 0, -0.074, -0.000, 0.000, 0.000, -0.014, -0.173, 1.161, 5.949, -0.362, -6.486, -0.000, 25.43
1, 0, 0.039, -0.000, 0.000, 0.000, 0.006, 0.078, 1.075, 4.236, -6.695, 1.262, 0.000, 25.35
1, 0, 0.620, 0.000, 0.000, 0.000, 0.076, 0.991, 1.003, 4.054, -11.290, 4.545, 0.000, 25.05
1, 0, 1.467, 0.000, 0.000, 0.000, 0.135, 1.873, 0.941, 3.920, -13.831, 5.495, -0.000, 24.68
1, 0, 3.032, 0.001, 0.000, 0.000, 0.153, 2.595, 0.888, 3.816, -17.871, 7.387, 0.000, 24.19
1, 0, 5.266, 0.001, 0.000, 0.000, 0.086, 2.597, 0.841, 3.733, -20.011, 7.487, -0.000, 23.69
1, 0, 9.760, 0.003, 0.000, 0.000, 0.319, 0.355, 0.799, 3.666, -23.786, 8.883, -0.000, 23.10
1, 0, 8.445, 0.003, 0.000, 0.000, 0.636, 3.594, 0.762, 3.611, -25.704, 8.653, -0.000, 22.52
1, 0, 8.624, 0.003, 0.000, 0.000, 0.865, 4.434, 0.818, 3.634, -24.344, 5.966, 0.000, 22.12
1, 0, 6.815, 0.002, 0.000, 0.000, 0.557, 1.506, 1.184, 3.601, -2.546, -11.120, 0.000, 22.86
1, 0, 3.624, 0.001, 0.000, 0.000, 0.184, 1.559, 1.404, 3.572, -2.112, -8.232, 0.000, 23.41
1, 0, 1.205, 0.000, 0.000, 0.000, 0.007, 1.696, 1.863, 3.546, -1.645, -6.672, 0.000, 23.86
1, 0, 0.256, 0.000, 0.000, 0.000, 0.028, 0.763, 2.391, 3.523, -1.161, -5.800, 0.000, 24.24
1, 0, -0.071, -0.000, 0.000, 0.000, -0.018, -0.360, 2.908, 3.501, -0.670, -5.291, 0.000, 24.59
1, 0, -0.197, -0.000, 0.000, 0.000, -0.083, -1.454, 3.331, 3.481, -0.175, -4.903, -0.000, 24.92
1, 0, -0.267, -0.000, 0.000, 0.000, -0.145, -2.412, 3.531, 3.463, 0.127, -4.296, 0.000, 25.21
1, 1, -0.078, -0.000, 0.000, 0.000, -0.048, -0.761, 3.485, 3.702, 0.607, 3.121, 10.028, 25.00
1, 1, -0.040, -0.000, 0.000, 0.000, -0.025, -0.390, 3.411, 3.711, 0.807, 0.000, 7.474, 25.00
1, 1, -0.020, -0.000, 0.000, 0.000, -0.012, -0.181, 3.187, 3.715, 0.807, 0.000, 7.496, 25.00
1, 1, -0.021, -0.000, 0.000, 0.000, -0.011, -0.164, 2.836, 4.555, 0.607, 0.000, 7.801, 25.00
1, 1, -0.033, -0.000, 0.000, 0.000, -0.014, -0.209, 2.410, 6.733, 0.203, 0.000, 9.089, 25.00
1, 1, -0.037, -0.000, 0.000, 0.000, -0.013, -0.202, 2.169, 7.001, -0.204, 0.000, 8.715, 25.00
1, 1, -0.112, -0.000, 0.000, 0.000, -0.026, -0.409, 1.611, 7.210, -0.613, 0.000, 7.660, 25.00
1, 1, -0.136, -0.000, 0.000, 0.000, -0.027, -0.420, 1.375, 7.379, -0.613, 0.000, 7.557, 25.00
1, 0, -0.585, -0.000, 0.000, 0.000, -0.105, -1.626, 1.248, 5.938, -0.715, -4.154, -0.000, 25.28
1, 0, -0.298, -0.000, 0.000, 0.000, -0.045, -0.715, 1.145, 4.225, -7.592, 3.279, -0.000, 25.06
1, 0, 0.050, -0.000, 0.000, 0.000, 0.006, 0.102, 1.062, 4.044, -8.696, 3.433, -0.000, 24.83
1, 0, 0.152, -0.000, 0.000, 0.000, 0.019, 0.318, 0.991, 3.910, -6.569, 1.178, -0.000, 24.75
1, 0, 0.085, -0.000, 0.000, 0.000, 0.012, 0.189, 0.931, 3.806, -4.767, -0.256, 0.000, 24.77
1, 0, 0.054, -0.000, 0.000, 0.000, 0.008, 0.121, 0.879, 3.724, -4.771, -0.016, 0.000, 24.77
1, 0, -0.073, -0.000, 0.000, 0.000, -0.012, -0.179, 0.833, 3.658, -3.156, -1.070, -0.000, 24.84
1, 0, -0.234, -0.000, 0.000, 0.000, -0.045, -0.642, 0.792, 3.603, -1.702, -1.771, -0.000, 24.96
1, 0, -0.398, -0.000, 0.000, 0.000, -0.092, -1.230, 0.800, 3.626, -0.376, -2.331, -0.000, 25.11
1, 0, -0.482, -0.000, 0.000, 0.000, -0.136, -1.782, 0.910, 3.594, 0.107, -2.211, -0.000, 25.26
1, 0, -0.507, -0.000, 0.000, 0.000, -0.172, -2.220, 1.043, 3.565, 0.262, -1.971, -0.000, 25.39
1, 0, -0.499, -0.000, 0.000, 0.000, -0.203, -2.598, 1.248, 3.539, 0.417, -1.905, 0.000, 25.52
1, 0, -0.454, -0.000, 0.000, 0.000, -0.234, -2.993, 1.646, 3.516, 0.764, -2.246, 0.000, 25.67
1, 0, -0.485, -0.000, 0.000, 0.000, -0.267, -3.336, 1.617, 3.495, 0.917, -1.941, 0.000, 25.80
1, 0, -0.555, -0.000, 0.000, 0.000, -0.292, -3.523, 1.338, 3.475, 0.885, -1.329, 0.000, 25.89
1, 0, -0.584, -0.000, 0.000, 0.000, -0.301, -3.606, 1.326, 3.457, 0.857, -1.149, 0.000, 25.96
1, 1, 0.236, 0.000, 0.000, 0.000, 0.119, 1.418, 1.356, 3.696, 1.206, 14.460, 22.491, 25.00
1, 1, 0.215, -0.000, 0.000, 0.000, 0.104, 1.241, 1.370, 3.705, 1.206, 0.000, 7.842, 25.00
1, 1, 0.202, -0.000, 0.000, 0.000, 0.088, 1.039, 1.233, 3.710, 1.007, 0.000, 7.279, 25.00
1, 1, 0.192, -0.000, 0.000, 0.000, 0.080, 0.930, 1.165, 4.550, 1.007, 0.000, 7.924, 25.00
1, 1, 0.186, -0.000, 0.000, 0.000, 0.073, 0.843, 1.083, 6.728, 1.007, 0.000, 9.920, 25.00
1, 1, 0.178, -0.000, 0.000, 0.000, 0.063, 0.719, 0.938, 6.996, 0.807, 0.000, 9.701, 25.00
1, 1, 0.171, -0.000, 0.000, 0.000, 0.057, 0.639, 0.792, 7.205, 0.807, 0.000, 9.671, 25.00
1, 1, 0.165, -0.000, 0.000, 0.000, 0.050, 0.571, 0.706, 7.375, 0.607, 0.000, 9.473, 25.00
1, 0, -0.332, -0.000, 0.000, 0.000, -0.092, -1.055, 0.657, 5.933, 0.274, -5.386, -0.000, 25.36
1, 0, -0.576, -0.000, 0.000, 0.000, -0.145, -1.679, 0.616, 4.221, 0.092, -2.528, -0.000, 25.53
1, 0, -0.623, -0.000, 0.000, 0.000, -0.142, -1.659, 0.581, 4.040, -1.825, -0.372, -0.000, 25.55
1, 0, -0.626, -0.000, 0.000, 0.000, -0.138, -1.610, 0.550, 3.906, -1.872, -0.211, -0.000, 25.57
1, 0, -0.531, -0.000, 0.000, 0.000, -0.106, -1.253, 0.523, 3.803, -3.483, 1.048, -0.000, 25.50
1, 0, -0.348, -0.000, 0.000, 0.000, -0.063, -0.749, 0.498, 3.720, -4.920, 1.862, 0.000, 25.37
1, 0, -0.096, -0.000, 0.000, 0.000, -0.015, -0.186, 0.475, 3.654, -6.242, 2.410, -0.000, 25.21
1, 0, 0.223, 0.000, 0.000, 0.000, 0.030, 0.379, 0.454, 3.600, -7.482, 2.796, -0.000, 25.03
1, 0, 0.046, -0.000, 0.000, 0.000, 0.008, 0.098, 0.594, 4.392, -4.017, -1.122, -0.000, 25.10
1, 0, -0.248, -0.000, 0.000, 0.000, -0.067, -0.917, 1.056, 4.436, 0.061, -4.322, 0.000, 25.39
1, 0, -0.481, -0.000, 0.000, 0.000, -0.144, -1.812, 1.110, 4.466, 0.183, -3.322, -0.000, 25.61
1, 0, -0.536, -0.000, 0.000, 0.000, -0.202, -2.525, 1.451, 4.488, 0.509, -3.184, 0.000, 25.82
1, 0, -0.515, -0.000, 0.000, 0.000, -0.255, -3.227, 2.044, 4.504, 1.022, -3.572, 0.000, 26.06
1, 0, -0.532, -0.000, 0.000, 0.000, -0.310, -3.900, 2.421, 4.517, 1.333, -3.529, 0.000, 26.30
1, 0, -0.591, -0.000, 0.000, 0.000, -0.359, -4.460, 2.484, 4.527, 1.457, -3.057, 0.000, 26.50
1, 0, -0.667, -0.000, 0.000, 0.000, -0.401, -4.847, 2.299, 4.535, 1.594, -2.513, 0.000, 26.67
1, 1, 0.537, 0.000, 0.000, 0.000, 0.306, 3.641, 2.159, 4.541, 2.191, 25.002, 38.378, 25.00
1, 1, 0.507, 0.000, 0.000, 0.000, 0.278, 3.316, 2.268, 4.546, 2.191, 0.000, 13.106, 25.00
1, 1, 0.510, 0.000, 0.000, 0.000, 0.247, 2.882, 1.898, 4.550, 1.996, 0.000, 12.083, 25.00
1, 1, 0.518, 0.000, 0.000, 0.000, 0.218, 2.524, 1.682, 5.392, 1.603, 0.000, 11.937, 25.00
1, 1, 0.521, 0.000, 0.000, 0.000, 0.198, 2.281, 1.558, 7.574, 1.405, 0.000, 13.537, 25.00
1, 1, 0.529, 0.000, 0.000, 0.000, 0.177, 2.007, 1.239, 7.846, 1.206, 0.000, 13.005, 25.00
1, 1, 0.536, 0.000, 0.000, 0.000, 0.158, 1.750, 0.970, 8.060, 1.007, 0.000, 12.481, 25.00
1, 1, 0.536, 0.000, 0.000, 0.000, 0.138, 1.563, 0.865, 8.235, 0.607, 0.000, 11.944, 25.00
1, 0, -0.157, -0.000, 0.000, 0.000, -0.037, -0.417, 0.790, 6.286, 0.242, -6.707, 0.000, 25.45
1, 0, -0.396, -0.000, 0.000, 0.000, -0.080, -0.920, 0.729, 4.529, -1.908, -1.954, -0.000, 25.58
1, 0, -0.399, -0.000, 0.000, 0.000, -0.073, -0.844, 0.679, 4.315, -3.737, 0.060, 0.000, 25.57
1, 0, -0.257, -0.000, 0.000, 0.000, -0.042, -0.494, 0.636, 4.155, -5.299, 1.302, -0.000, 25.49
1, 0, -0.012, -0.000, 0.000, 0.000, -0.002, -0.021, 0.599, 4.030, -6.691, 2.096, -0.000, 25.35
1, 0, 0.315, -0.000, 0.000, 0.000, 0.041, 0.492, 0.567, 3.931, -7.970, 2.625, -0.000, 25.17
1, 0, 0.717, 0.000, 0.000, 0.000, 0.081, 0.991, 0.538, 3.850, -9.172, 2.996, 0.000, 24.97
1, 0, 1.201, 0.000, 0.000, 0.000, 0.113, 1.439, 0.512, 3.783, -10.317, 3.269, -0.000, 24.75
1, 0, 1.107, 0.000, 0.000, 0.000, 0.114, 1.475, 0.568, 4.566, -8.333, 0.504, 0.000, 24.72
1, 0, 0.181, -0.000, 0.000, 0.000, 0.026, 0.362, 0.878, 4.600, -0.643, -5.405, -0.000, 25.08
1, 0, -0.248, -0.000, 0.000, 0.000, -0.056, -0.734, 1.276, 4.622, 0.054, -4.912, 0.000, 25.41
1, 0, -0.428, -0.000, 0.000, 0.000, -0.140, -1.804, 1.784, 4.636, 0.743, -4.790, -0.000, 25.73
1, 0, -0.505, -0.000, 0.000, 0.000, -0.219, -2.793, 2.274, 4.646, 1.229, -4.632, 0.000, 26.04
1, 0, -0.538, -0.000, 0.000, 0.000, -0.293, -3.698, 2.744, 4.652, 1.710, -4.577, -0.000, 26.34
1, 0, -0.570, -0.000, 0.000, 0.000, -0.361, -4.538, 3.154, 4.656, 2.188, -4.529, -0.000, 26.64
1, 0, -0.624, -0.000, 0.000, 0.000, -0.421, -5.269, 3.375, 4.659, 2.475, -4.194, -0.000, 26.92
1, 1, 0.583, 0.000, 0.000, 0.000, 0.395, 4.845, 3.333, 4.660, 3.541, 28.849, 46.206, 25.00
1, 1, 0.565, 0.000, 0.000, 0.000, 0.370, 4.494, 3.280, 4.660, 3.731, 0.000, 17.101, 25.00
1, 1, 0.570, 0.000, 0.000, 0.000, 0.349, 4.188, 3.132, 4.660, 3.731, 0.000, 16.630, 25.00
1, 1, 0.591, 0.000, 0.000, 0.000, 0.326, 3.822, 2.754, 5.497, 3.541, 0.000, 16.531, 25.00
1, 1, 0.616, 0.000, 0.000, 0.000, 0.305, 3.517, 2.335, 7.675, 3.350, 0.000, 17.797, 25.00
1, 1, 0.637, 0.000, 0.000, 0.000, 0.278, 3.325, 2.155, 7.943, 2.774, 0.000, 17.112, 25.00
1, 1, 0.678, 0.000, 0.000, 0.000, 0.249, 2.769, 1.507, 8.153, 2.386, 0.000, 15.743, 25.00
1, 1, 0.701, 0.000, 0.000, 0.000, 0.222, 2.498, 1.279, 8.325, 1.800, 0.000, 14.824, 25.00
1, 0, -0.039, -0.000, 0.000, 0.000, -0.011, -0.120, 1.152, 6.373, 1.005, -8.359, 0.000, 25.56
1, 0, -0.616, -0.000, 0.000, 0.000, -0.143, -1.626, 1.051, 4.612, 2.401, -5.679, 0.000, 25.94
1, 0, -0.757, -0.000, 0.000, 0.000, -0.154, -1.759, 0.969, 4.394, -1.514, -1.180, 0.000, 26.01
1, 0, -0.479, -0.000, 0.000, 0.000, -0.081, -0.940, 0.901, 4.231, -6.431, 2.799, 0.000, 25.83
1, 0, 0.025, -0.000, 0.000, 0.000, 0.004, 0.042, 0.844, 4.104, -9.221, 4.204, 0.000, 25.55
1, 0, 0.924, 0.000, 0.000, 0.000, 0.101, 1.241, 0.794, 4.002, -13.432, 6.370, -0.000, 25.12
1, 0, 2.341, 0.000, 0.000, 0.000, 0.171, 2.298, 0.751, 3.918, -17.353, 7.873, 0.000, 24.60
1, 0, 4.137, 0.001, 0.000, 0.000, 0.178, 2.800, 0.713, 3.849, -19.428, 7.751, 0.000, 24.08
1, 0, 5.648, 0.001, 0.000, 0.000, 0.124, 3.069, 0.746, 3.859, -19.891, 6.444, -0.000, 23.65
1, 0, 2.373, 0.000, 0.000, 0.000, 0.128, 2.675, 1.140, 3.815, -1.777, -8.355, 0.000, 24.21
1, 0, 0.907, 0.000, 0.000, 0.000, 0.092, 1.521, 1.504, 3.776, -1.106, -6.694, 0.000, 24.66
1, 0, 0.134, -0.000, 0.000, 0.000, 0.024, 0.357, 2.028, 3.741, -0.225, -6.059, 0.000, 25.06
1, 0, -0.215, -0.000, 0.000, 0.000, -0.058, -0.825, 2.542, 3.708, 0.449, -5.601, 0.000, 25.43
1, 0, -0.377, -0.000, 0.000, 0.000, -0.140, -1.919, 3.046, 3.679, 0.924, -5.213, 0.000, 25.78
1, 0, -0.474, -0.000, 0.000, 0.000, -0.216, -2.922, 3.423, 3.652, 1.402, -4.865, 0.000, 26.10
1, 0, -0.550, -0.000, 0.000, 0.000, -0.281, -3.776, 3.669, 3.626, 1.691, -4.379, -0.000, 26.40
1, 1, 0.522, 0.000, 0.000, 0.000, 0.277, 3.651, 3.609, 3.859, 2.580, 20.943, 35.441, 25.00
1, 1, 0.502, 0.000, 0.000, 0.000, 0.268, 3.460, 3.508, 3.861, 2.774, 0.000, 14.374, 25.00
1, 1, 0.503, 0.000, 0.000, 0.000, 0.256, 3.243, 3.253, 3.860, 2.774, 0.000, 13.889, 25.00
1, 1, 0.514, 0.000, 0.000, 0.000, 0.240, 2.976, 2.883, 4.694, 2.580, 0.000, 13.887, 25.00
1, 1, 0.529, 0.000, 0.000, 0.000, 0.222, 2.717, 2.484, 6.866, 2.191, 0.000, 15.009, 25.00
1, 1, 0.543, 0.000, 0.000, 0.000, 0.200, 2.549, 2.271, 7.129, 1.603, 0.000, 14.293, 25.00
1, 1, 0.567, 0.000, 0.000, 0.000, 0.173, 2.044, 1.634, 7.333, 1.206, 0.000, 12.956, 25.00
1, 1, 0.578, 0.000, 0.000, 0.000, 0.152, 1.824, 1.400, 7.498, 0.807, 0.000, 12.259, 25.00
1, 0, -0.122, -0.000, 0.000, 0.000, -0.028, -0.338, 1.268, 6.051, 0.233, -7.064, 0.000, 25.47
1, 0, -0.370, -0.000, 0.000, 0.000, -0.074, -0.898, 1.162, 4.335, -2.025, -2.129, 0.000, 25.61
1, 0, -0.269, -0.000, 0.000, 0.000, -0.046, -0.570, 1.076, 4.149, -5.468, 1.129, 0.000, 25.54
1, 0, -0.046, -0.000, 0.000, 0.000, -0.007, -0.087, 1.004, 4.011, -6.880, 2.006, -0.000, 25.40
1, 0, 0.260, -0.000, 0.000, 0.000, 0.035, 0.449, 0.942, 3.903, -8.170, 2.580, 0.000, 25.23
1, 0, 0.634, 0.000, 0.000, 0.000, 0.076, 0.985, 0.889, 3.817, -9.376, 2.976, -0.000, 25.03
1, 0, 1.072, 0.000, 0.000, 0.000, 0.111, 1.487, 0.842, 3.747, -10.523, 3.264, 0.000, 24.82
1, 0, 1.583, 0.000, 0.000, 0.000, 0.137, 1.930, 0.800, 3.689, -11.625, 3.486, 0.000, 24.58
1, 0, 1.564, 0.000, 0.000, 0.000, 0.145, 2.075, 0.841, 3.709, -9.490, 1.155, -0.000, 24.51
1, 0, 0.478, 0.000, 0.000, 0.000, 0.066, 1.027, 1.278, 3.673, -0.778, -5.743, 0.000, 24.89
1, 0, -0.048, -0.000, 0.000, 0.000, -0.009, -0.131, 1.547, 3.641, -0.080, -4.921, 0.000, 25.22
1, 0, -0.307, -0.000, 0.000, 0.000, -0.086, -1.154, 2.014, 3.613, 0.615, -4.695, 0.000, 25.53
1, 0, -0.424, -0.000, 0.000, 0.000, -0.162, -2.122, 2.499, 3.587, 1.299, -4.677, -0.000, 25.84
1, 0, -0.485, -0.000, 0.000, 0.000, -0.235, -3.022, 2.976, 3.563, 1.780, -4.576, 0.000, 26.15
1, 0, -0.543, -0.000, 0.000, 0.000, -0.299, -3.834, 3.326, 3.540, 2.069, -4.260, -0.000, 26.43
1, 0, -0.600, -0.000, 0.000, 0.000, -0.355, -4.520, 3.537, 3.520, 2.363, -3.944, 0.000, 26.69
1, 1, 0.583, 0.000, 0.000, 0.000, 0.351, 4.395, 3.532, 3.757, 3.350, 25.412, 41.379, 25.00
1, 1, 0.566, 0.000, 0.000, 0.000, 0.327, 4.052, 3.422, 3.763, 3.350, 0.000, 15.480, 25.00
1, 1, 0.569, 0.000, 0.000, 0.000, 0.309, 3.752, 3.165, 3.765, 3.350, 0.000, 14.909, 25.00
1, 1, 0.584, 0.000, 0.000, 0.000, 0.288, 3.421, 2.783, 4.603, 3.159, 0.000, 14.838, 25.00
1, 1, 0.604, 0.000, 0.000, 0.000, 0.264, 3.098, 2.375, 6.779, 2.774, 0.000, 15.894, 25.00
1, 1, 0.618, 0.000, 0.000, 0.000, 0.244, 2.975, 2.217, 7.046, 2.386, 0.000, 15.486, 25.00
1, 1, 0.649, 0.000, 0.000, 0.000, 0.212, 2.426, 1.625, 7.253, 1.800, 0.000, 13.964, 25.00
1, 1, 0.662, 0.000, 0.000, 0.000, 0.190, 2.197, 1.389, 7.421, 1.405, 0.000, 13.264, 25.00
1, 0, -0.061, -0.000, 0.000, 0.000, -0.015, -0.176, 1.262, 5.977, 0.623, -7.609, 0.000, 25.51
1, 0, -0.527, -0.000, 0.000, 0.000, -0.114, -1.337, 1.160, 4.263, 1.010, -4.454, 0.000, 25.80
1, 0, -0.479, -0.000, 0.000, 0.000, -0.087, -1.037, 1.076, 4.081, -4.330, 0.777, 0.000, 25.75
1, 0, -0.019, -0.000, 0.000, 0.000, -0.003, -0.035, 1.005, 3.945, -8.993, 4.100, 0.000, 25.48
1, 0, 0.650, 0.000, 0.000, 0.000, 0.078, 0.989, 0.945, 3.840, -11.603, 5.102, -0.000, 25.14
1, 0, 1.784, 0.000, 0.000, 0.000, 0.153, 2.079, 0.892, 3.757, -15.695, 7.030, 0.000, 24.67
1, 0, 3.215, 0.000, 0.000, 0.000, 0.182, 2.790, 0.846, 3.689, -17.891, 7.169, 0.000, 24.19
1, 0, 5.837, 0.001, 0.000, 0.000, 0.103, 2.741, 0.804, 3.633, -21.706, 8.587, 0.000, 23.62
1, 0, 7.129, 0.002, 0.000, 0.000, 0.062, 2.907, 0.835, 3.655, -20.393, 5.804, 0.000, 23.23
1, 0, 3.048, 0.001, 0.000, 0.000, 0.099, 2.943, 1.181, 3.621, -1.848, -9.044, 0.000, 23.84
1, 0, 1.213, 0.000, 0.000, 0.000, 0.101, 1.909, 1.563, 3.592, -1.188, -7.189, 0.000, 24.32
1, 0, 0.303, -0.000, 0.000, 0.000, 0.046, 0.747, 2.015, 3.565, -0.513, -6.162, 0.000, 24.73
1, 0, -0.117, -0.000, 0.000, 0.000, -0.029, -0.428, 2.485, 3.541, 0.166, -5.618, 0.000, 25.10
1, 0, -0.305, -0.000, 0.000, 0.000, -0.108, -1.533, 3.022, 3.518, 0.644, -5.239, 0.000, 25.45
1, 0, -0.409, -0.000, 0.000, 0.000, -0.183, -2.553, 3.426, 3.498, 1.124, -4.904, 0.000, 25.78
1, 0, -0.481, -0.000, 0.000, 0.000, -0.253, -3.454, 3.659, 3.479, 1.608, -4.558, -0.000, 26.08
1, 1, 0.342, -0.000, 0.000, 0.000, 0.185, 2.484, 3.587, 3.717, 2.191, 16.210, 28.717, 25.00
1, 1, 0.337, -0.000, 0.000, 0.000, 0.183, 2.410, 3.478, 3.726, 2.386, 0.000, 12.520, 25.00
1, 1, 0.342, -0.000, 0.000, 0.000, 0.178, 2.281, 3.206, 3.729, 2.386, 0.000, 12.123, 25.00
1, 1, 0.353, -0.000, 0.000, 0.000, 0.166, 2.085, 2.813, 4.568, 2.191, 0.000, 12.177, 25.00
1, 1, 0.365, -0.000, 0.000, 0.000, 0.151, 1.874, 2.421, 6.746, 1.800, 0.000, 13.357, 25.00
1, 1, 0.375, -0.000, 0.000, 0.000, 0.131, 1.651, 2.026, 7.013, 1.206, 0.000, 12.402, 25.00
1, 1, 0.379, -0.000, 0.000, 0.000, 0.105, 1.273, 1.531, 7.222, 0.607, 0.000, 11.116, 25.00
1, 1, 0.381, -0.000, 0.000, 0.000, 0.090, 1.107, 1.367, 7.391, 0.203, 0.000, 10.538, 25.00
1, 0, -0.268, -0.000, 0.000, 0.000, -0.051, -0.642, 1.246, 5.949, -0.547, -5.687, 0.000, 25.38
1, 0, -0.007, -0.000, 0.000, 0.000, -0.001, -0.014, 1.148, 4.236, -8.061, 2.699, -0.000, 25.20
1, 0, 0.698, 0.000, 0.000, 0.000, 0.078, 1.087, 1.067, 4.054, -12.464, 5.480, 0.000, 24.83
1, 0, 1.684, 0.000, 0.000, 0.000, 0.131, 2.018, 0.999, 3.920, -14.873, 6.122, 0.000, 24.43
1, 0, 3.097, 0.001, 0.000, 0.000, 0.131, 2.592, 0.940, 3.816, -17.191, 6.615, 0.000, 23.98
1, 0, 5.309, 0.001, 0.000, 0.000, 0.065, 2.423, 0.888, 3.733, -19.435, 7.015, -0.000, 23.52
1, 0, 8.890, 0.003, 0.000, 0.000, 0.305, 0.557, 0.843, 3.666, -21.620, 7.356, -0.000, 23.03
1, 0, 7.945, 0.003, 0.000, 0.000, 0.619, 3.117, 0.802, 3.611, -23.753, 7.655, -0.000, 22.52
1, 0, 8.675, 0.003, 0.000, 0.000, 0.779, 2.884, 0.890, 3.634, -20.899, 4.034, 0.000, 22.25
1, 0, 5.598, 0.002, 0.000, 0.000, 0.376, 1.727, 1.172, 3.601, -2.147, -10.330, 0.000, 22.94
1, 0, 2.360, 0.001, 0.000, 0.000, 0.051, 2.064, 1.511, 3.572, -1.708, -7.852, -0.000, 23.46
1, 0, 0.631, 0.000, 0.000, 0.000, 0.045, 1.466, 2.023, 3.546, -1.036, -6.676, -0.000, 23.90
1, 0, 0.049, -0.000, 0.000, 0.000, 0.012, 0.232, 2.592, 3.523, -0.159, -6.250, -0.000, 24.32
1, 0, -0.141, -0.000, 0.000, 0.000, -0.066, -1.064, 3.118, 3.501, 0.510, -5.859, 0.000, 24.71
1, 0, -0.226, -0.000, 0.000, 0.000, -0.148, -2.258, 3.479, 3.481, 0.983, -5.312, 0.000, 25.07
1, 0, -0.279, -0.000, 0.000, 0.000, -0.219, -3.258, 3.722, 3.463, 1.268, -4.696, 0.000, 25.38
1, 1, -0.045, -0.000, 0.000, 0.000, -0.037, -0.531, 3.629, 3.702, 1.800, 5.685, 14.202, 25.00
1, 1, -0.021, -0.000, 0.000, 0.000, -0.017, -0.230, 3.475, 3.711, 1.996, 0.000, 8.914, 25.00
1, 1, -0.013, -0.000, 0.000, 0.000, -0.009, -0.127, 3.247, 3.715, 1.800, 0.000, 8.612, 25.00
1, 1, -0.014, -0.000, 0.000, 0.000, -0.009, -0.116, 2.842, 4.555, 1.603, 0.000, 8.860, 25.00
1, 1, -0.025, -0.000, 0.000, 0.000, -0.012, -0.163, 2.398, 6.733, 1.206, 0.000, 10.137, 25.00
1, 1, -0.030, -0.000, 0.000, 0.000, -0.012, -0.170, 2.132, 7.001, 0.607, 0.000, 9.526, 25.00
1, 1, -0.103, -0.000, 0.000, 0.000, -0.030, -0.396, 1.601, 7.210, 0.000, 0.000, 8.281, 25.00
1, 1, -0.146, -0.000, 0.000, 0.000, -0.033, -0.451, 1.395, 7.379, -0.408, 0.000, 7.737, 25.00
1, 0, -0.671, -0.000, 0.000, 0.000, -0.106, -1.567, 1.269, 5.938, -1.118, -3.744, -0.000, 25.25
1, 0, 0.206, -0.000, 0.000, 0.000, 0.020, 0.340, 1.168, 4.225, -13.957, 7.998, 0.000, 24.72
1, 0, 1.787, 0.000, 0.000, 0.000, 0.058, 1.742, 1.085, 4.044, -17.650, 8.933, 0.000, 24.12
1, 0, 4.288, 0.001, 0.000, 0.000, 0.085, 1.824, 1.015, 3.910, -19.572, 8.450, -0.000, 23.56
1, 0, 7.038, 0.003, 0.000, 0.000, 0.500, 0.996, 0.954, 3.806, -21.553, 8.256, 0.000, 23.01
1, 0, 5.573, 0.002, 0.000, 0.000, 0.795, 4.753, 0.902, 3.724, -25.218, 9.469, -0.000, 22.38
1, 0, 4.830, 0.003, 0.000, 0.000, 1.041, 7.553, 0.855, 3.658, -27.045, 9.106, 0.000, 21.77
1, 0, 4.055, 0.002, 0.000, 0.000, 1.312, 10.584, 0.814, 3.603, -30.602, 10.232, 0.000, 21.09
1, 0, 3.957, 0.003, 0.000, 0.000, 1.555, 11.447, 0.889, 3.626, -27.293, 5.816, 0.000, 20.70
1, 0, 4.503, 0.004, 0.000, 0.000, 1.677, 4.927, 1.438, 3.594, -2.712, -13.429, -0.000, 21.59
1, 0, 2.810, 0.002, 0.000, 0.000, 1.043, 2.957, 1.595, 3.565, -2.103, -9.869, 0.000, 22.25
1, 0, 1.338, 0.001, 0.000, 0.000, 0.361, 2.156, 2.037, 3.539, -1.455, -7.977, 0.000, 22.78
1, 0, 0.177, 0.000, 0.000, 0.000, 0.016, 1.444, 2.516, 3.516, -0.790, -6.879, -0.000, 23.24
1, 0, -0.004, -0.000, 0.000, 0.000, -0.004, -0.108, 3.016, 3.495, -0.321, -6.074, -0.000, 23.65
1, 0, -0.043, -0.000, 0.000, 0.000, -0.069, -1.464, 3.411, 3.475, 0.158, -5.469, -0.000, 24.01
1, 0, -0.073, -0.000, 0.000, 0.000, -0.135, -2.571, 3.664, 3.457, 0.447, -4.789, 0.000, 24.33
1, 0, -0.096, -0.000, 0.000, 0.000, -0.198, -3.536, 3.615, 3.696, 0.747, -4.228, -0.000, 24.61
1, 0, -0.107, -0.000, 0.000, 0.000, -0.251, -4.265, 3.504, 3.705, 0.864, -3.451, 0.000, 24.84
1, 1, -0.116, -0.000, 0.000, 0.000, -0.289, -4.744, 3.254, 3.710, 0.807, -2.350, 0.272, 25.00
1, 1, -0.172, -0.000, 0.000, 0.000, -0.261, -4.228, 2.905, 4.550, 0.607, 0.000, 3.401, 25.00
1, 1, -0.241, -0.000, 0.000, 0.000, -0.232, -3.816, 2.478, 6.728, 0.203, 0.000, 5.119, 25.00
1, 1, -0.283, -0.000, 0.000, 0.000, -0.178, -3.444, 2.310, 6.996, -0.408, 0.000, 4.993, 25.00
1, 1, -0.578, -0.000, 0.000, 0.000, -0.160, -3.378, 1.666, 7.205, -1.026, 0.000, 3.729, 25.00
1, 1, -0.871, -0.000, 0.000, 0.000, -0.105, -3.113, 1.433, 7.375, -1.442, 0.000, 3.278, 25.00
1, 0, -1.608, -0.001, 0.000, 0.000, -0.081, -2.770, 1.301, 5.933, -2.089, -0.686, 0.000, 25.05
1, 0, 0.442, 0.000, 0.000, 0.000, 0.024, 0.201, 1.196, 4.221, -19.634, 13.550, 0.000, 24.14
1, 0, 2.113, 0.001, 0.000, 0.000, 0.550, 2.252, 1.109, 4.040, -22.577, 12.512, 0.000, 23.31
1, 0, 2.148, 0.002, 0.000, 0.000, 0.857, 5.208, 1.036, 3.906, -23.990, 10.834, -0.000, 22.59
1, 0, 1.904, 0.002, 0.000, 0.000, 1.109, 7.916, 0.973, 3.803, -25.625, 9.917, 0.000, 21.92
1, 0, 1.552, 0.002, 0.000, 0.000, 1.336, 10.407, 0.919, 3.720, -27.380, 9.443, 0.000, 21.30
1, 0, 1.140, 0.002, 0.000, 0.000, 1.550, 12.752, 0.871, 3.654, -29.198, 9.229, 0.000, 20.68
1, 0, 0.686, 0.002, 0.000, 0.000, 1.756, 15.004, 0.828, 3.600, -31.045, 9.168, 0.000, 20.07
1, 0, 0.530, 0.003, 0.000, 0.000, 1.970, 15.875, 0.881, 4.392, -29.657, 6.007, 0.000, 19.67
1, 0, 0.470, 0.002, 0.000, 0.000, 1.456, 9.920, 1.212, 4.436, -2.998, -14.498, 0.000, 20.63
1, 0, 0.515, 0.001, 0.000, 0.000, 0.941, 5.837, 1.570, 4.466, -2.619, -10.711, 0.000, 21.35
1, 0, 0.763, 0.001, 0.000, 0.000, 0.653, 2.667, 2.045, 4.488, -1.979, -8.638, 0.000, 21.92
1, 0, 0.811, 0.001, 0.000, 0.000, 0.310, 0.552, 2.546, 4.504, -1.319, -7.405, 0.000, 22.42
1, 0, -0.261, -0.000, 0.000, 0.000, -0.034, 0.072, 3.075, 4.517, -0.853, -6.515, -0.000, 22.85
1, 0, -0.576, -0.000, 0.000, 0.000, -0.035, -1.189, 3.467, 4.527, -0.376, -5.817, -0.000, 23.24
1, 0, -0.734, -0.000, 0.000, 0.000, -0.063, -2.297, 3.729, 4.535, -0.090, -5.078, 0.000, 23.58
1, 0, -0.843, -0.000, 0.000, 0.000, -0.109, -3.196, 3.637, 4.541, 0.214, -4.244, -0.000, 23.86
1, 0, -0.866, -0.000, 0.000, 0.000, -0.153, -3.886, 3.521, 4.546, 0.331, -3.493, -0.000, 24.09
1, 0, -0.862, -0.000, 0.000, 0.000, -0.184, -4.390, 3.273, 4.550, 0.266, -2.654, 0.000, 24.27
1, 0, -0.873, -0.000, 0.000, 0.000, -0.199, -4.889, 2.939, 5.392, 0.005, -2.374, -0.000, 24.43
1, 0, -0.956, -0.000, 0.000, 0.000, -0.192, -5.605, 2.486, 7.574, -0.473, -2.833, -0.000, 24.62
1, 0, -1.038, -0.001, 0.000, 0.000, -0.080, -5.994, 2.091, 7.846, -1.134, -1.690, -0.000, 24.73
1, 0, -1.965, -0.002, 0.000, 0.000, -0.529, -4.779, 1.594, 8.060, -1.776, -0.604, -0.000, 24.77
1, 0, -3.332, -0.003, 0.000, 0.000, -1.632, -2.244, 1.407, 8.235, -1.997, -0.433, 0.000, 24.80
1, 0, -1.446, -0.001, 0.000, 0.000, -1.123, -3.936, 1.281, 6.286, -2.388, 1.327, -0.000, 24.71
1, 0, -0.074, -0.000, 0.000, 0.000, -0.088, -0.452, 1.180, 4.529, -20.096, 15.001, 0.000, 23.71
1, 0, 0.360, 0.001, 0.000, 0.000, 0.441, 2.819, 1.096, 4.315, -21.193, 12.163, 0.000, 22.90
1, 0, 0.526, 0.001, 0.000, 0.000, 0.740, 5.213, 1.025, 4.155, -21.005, 9.344, -0.000, 22.28
1, 0, 0.629, 0.001, 0.000, 0.000, 0.927, 6.967, 0.965, 4.030, -21.195, 7.675, 0.000, 21.77
1, 0, 0.798, 0.001, 0.000, 0.000, 1.012, 7.860, 0.912, 3.931, -19.957, 5.442, 0.000, 21.40
1, 0, 0.952, 0.001, 0.000, 0.000, 1.075, 8.662, 0.865, 3.850, -20.690, 5.285, 0.000, 21.05
1, 0, 1.123, 0.001, 0.000, 0.000, 1.097, 9.014, 0.823, 3.783, -19.790, 3.949, 0.000, 20.79
1, 0, 1.345, 0.001, 0.000, 0.000, 1.134, 8.838, 0.864, 4.566, -19.225, 2.478, 0.000, 20.62
1, 0, 1.330, 0.001, 0.000, 0.000, 0.789, 4.606, 1.228, 4.600, -1.760, -10.793, -0.000, 21.34
1, 0, 1.027, 0.001, 0.000, 0.000, 0.406, 1.942, 1.526, 4.622, -1.126, -8.398, -0.000, 21.90
1, 0, 0.459, 0.000, 0.000, 0.000, 0.088, 0.424, 2.112, 4.636, -0.473, -7.247, 0.000, 22.39
1, 0, -0.543, -0.000, 0.000, 0.000, -0.014, -0.399, 2.649, 4.646, 0.387, -6.726, -0.000, 22.83
1, 0, -0.798, -0.000, 0.000, 0.000, -0.065, -1.696, 3.100, 4.652, 0.847, -6.039, -0.000, 23.24
1, 0, -0.906, -0.000, 0.000, 0.000, -0.143, -2.860, 3.376, 4.656, 1.316, -5.439, 0.000, 23.60
1, 0, -0.946, -0.000, 0.000, 0.000, -0.209, -3.832, 3.520, 4.659, 1.404, -4.596, 0.000, 23.91
1, 0, -0.923, -0.000, 0.000, 0.000, -0.266, -4.618, 3.481, 4.660, 1.510, -3.843, 0.000, 24.16
1, 0, -0.823, -0.000, 0.000, 0.000, -0.321, -5.254, 3.375, 4.660, 1.629, -3.266, 0.000, 24.38
1, 0, -0.703, -0.000, 0.000, 0.000, -0.367, -5.742, 3.073, 4.660, 1.569, -2.490, 0.000, 24.55
1, 0, -0.576, -0.000, 0.000, 0.000, -0.401, -6.240, 2.709, 5.497, 1.121, -2.109, 0.000, 24.69
1, 0, -0.447, -0.000, 0.000, 0.000, -0.448, -7.083, 2.353, 7.675, 0.655, -2.705, 0.000, 24.87
1, 0, -0.407, -0.001, 0.000, 0.000, -0.433, -7.486, 2.038, 7.943, 0.206, -1.861, -0.000, 24.99
1, 1, -0.473, -0.001, 0.000, 0.000, -0.420, -7.265, 1.523, 8.153, -0.204, -0.140, 1.174, 25.00
1, 1, -0.484, -0.001, 0.000, 0.000, -0.349, -6.991, 1.354, 8.325, -0.613, 0.000, 1.240, 25.00
1, 0, -0.839, -0.001, 0.000, 0.000, -0.224, -6.225, 1.235, 6.373, -1.009, 0.691, -0.000, 24.95
1, 0, -0.766, -0.001, 0.000, 0.000, -0.063, -2.850, 1.138, 4.612, -10.896, 8.825, -0.000, 24.37
1, 0, -0.274, -0.000, 0.000, 0.000, -0.075, -0.347, 1.059, 4.394, -12.856, 8.100, -0.000, 23.83
1, 0, 0.949, 0.001, 0.000, 0.000, 0.251, 0.282, 0.991, 4.231, -13.276, 6.571, -0.000, 23.39
1, 0, 1.016, 0.001, 0.000, 0.000, 0.462, 2.108, 0.934, 4.104, -15.527, 6.902, 0.000, 22.93
1, 0, 0.952, 0.001, 0.000, 0.000, 0.620, 3.661, 0.883, 4.002, -16.090, 5.972, -0.000, 22.53
1, 0, 0.761, 0.002, 0.000, 0.000, 0.780, 5.459, 0.838, 3.918, -18.419, 6.661, -0.000, 22.09
1, 0, 0.559, 0.002, 0.000, 0.000, 0.922, 6.946, 0.797, 3.849, -19.001, 5.926, 0.000, 21.69
1, 0, 0.474, 0.002, 0.000, 0.000, 1.072, 7.683, 0.806, 3.859, -18.056, 4.161, -0.000, 21.41
1, 0, 0.429, 0.001, 0.000, 0.000, 0.789, 4.185, 1.096, 3.815, -1.788, -8.528, 0.000, 21.98
1, 0, 0.600, 0.002, 0.000, 0.000, 0.704, 1.380, 1.516, 3.776, -1.116, -6.861, 0.000, 22.44
1, 0, 0.049, 0.000, 0.000, 0.000, 0.023, 0.619, 1.906, 3.741, -0.633, -5.706, 0.000, 22.82
1, 0, -0.191, -0.000, 0.000, 0.000, -0.007, -0.645, 2.251, 3.708, -0.138, -4.979, 0.000, 23.15
1, 0, -0.286, -0.000, 0.000, 0.000, -0.063, -1.696, 2.744, 3.679, 0.160, -4.537, -0.000, 23.45
1, 0, -0.328, -0.000, 0.000, 0.000, -0.131, -2.631, 3.092, 3.652, 0.663, -4.316, -0.000, 23.74
1, 0, -0.363, -0.000, 0.000, 0.000, -0.186, -3.423, 2.953, 3.626, 0.782, -3.388, -0.000, 23.97
1, 0, -0.341, -0.000, 0.000, 0.000, -0.229, -4.051, 2.926, 3.859, 0.712, -2.875, -0.000, 24.16
1, 0, -0.259, -0.000, 0.000, 0.000, -0.272, -4.548, 2.916, 3.861, 0.851, -2.550, -0.000, 24.33
1, 0, -0.199, -0.000, 0.000, 0.000, -0.296, -4.898, 2.594, 3.860, 0.609, -1.670, -0.000, 24.44
1, 0, -0.181, -0.000, 0.000, 0.000, -0.315, -5.226, 2.335, 4.694, 0.367, -1.673, -0.000, 24.55
1, 0, -0.169, -0.000, 0.000, 0.000, -0.350, -5.909, 2.056, 6.866, 0.101, -2.594, -0.000, 24.72
1, 0, -0.331, -0.001, 0.000, 0.000, -0.325, -6.198, 1.684, 7.129, -0.346, -1.611, -0.000, 24.83
1, 0, -0.795, -0.001, 0.000, 0.000, -0.234, -5.995, 1.315, 7.333, -0.980, -0.643, -0.000, 24.87
1, 0, -1.450, -0.001, 0.000, 0.000, -0.090, -5.414, 1.180, 7.498, -1.403, -0.319, 0.000, 24.90
1, 0, -2.543, -0.002, 0.000, 0.000, -0.386, -3.427, 1.081, 6.051, -1.797, 1.023, -0.000, 24.83
1, 0, -0.557, -0.000, 0.000, 0.000, -0.225, -0.459, 1.000, 4.335, -17.108, 13.015, -0.000, 23.96
1, 0, 0.731, 0.001, 0.000, 0.000, 0.294, 1.541, 0.932, 4.149, -18.488, 10.841, 0.000, 23.24
1, 0, 0.929, 0.001, 0.000, 0.000, 0.606, 4.067, 0.875, 4.011, -20.147, 9.659, -0.000, 22.59
1, 0, 0.869, 0.002, 0.000, 0.000, 0.822, 6.069, 0.825, 3.903, -20.304, 7.814, -0.000, 22.07
1, 0, 0.656, 0.002, 0.000, 0.000, 1.020, 8.127, 0.781, 3.817, -22.366, 7.963, -0.000, 21.54
1, 0, 0.386, 0.002, 0.000, 0.000, 1.217, 10.182, 0.742, 3.747, -24.406, 8.130, 0.000, 21.00
1, 0, 0.260, 0.002, 0.000, 0.000, 1.394, 12.062, 0.707, 3.689, -26.421, 8.307, -0.000, 20.45
1, 0, 0.308, 0.002, 0.000, 0.000, 1.542, 12.539, 0.754, 3.709, -23.414, 4.560, -0.000, 20.14
1, 0, 0.502, 0.001, 0.000, 0.000, 1.106, 7.568, 1.066, 3.673, -2.451, -11.465, -0.000, 20.91
1, 0, 0.642, 0.001, 0.000, 0.000, 0.703, 4.168, 1.431, 3.641, -1.816, -8.770, -0.000, 21.49
1, 0, 0.821, 0.001, 0.000, 0.000, 0.478, 1.618, 1.869, 3.613, -1.358, -7.042, -0.000, 21.96
1, 0, 0.333, 0.000, 0.000, 0.000, 0.091, 0.546, 2.305, 3.587, -0.878, -5.985, 0.000, 22.36
1, 0, -0.349, -0.000, 0.000, 0.000, -0.023, -0.193, 2.736, 3.563, -0.388, -5.345, -0.000, 22.72
1, 0, -0.591, -0.000, 0.000, 0.000, -0.021, -1.216, 3.054, 3.540, -0.092, -4.674, -0.000, 23.03
1, 0, -0.697, -0.000, 0.000, 0.000, -0.069, -2.089, 3.266, 3.520, 0.215, -4.146, 0.000, 23.30
1, 0, -0.788, -0.000, 0.000, 0.000, -0.110, -2.846, 3.160, 3.757, 0.333, -3.506, -0.000, 23.54
1, 0, -0.806, -0.000, 0.000, 0.000, -0.140, -3.399, 3.065, 3.763, 0.265, -2.748, -0.000, 23.72
1, 0, -0.772, -0.000, 0.000, 0.000, -0.163, -3.809, 2.921, 3.765, 0.213, -2.154, -0.000, 23.86
1, 0, -0.789, -0.000, 0.000, 0.000, -0.172, -4.238, 2.563, 4.603, -0.038, -1.930, -0.000, 23.99
1, 0, -0.912, -0.001, 0.000, 0.000, -0.146, -4.886, 2.133, 6.779, -0.508, -2.459, -0.000, 24.16
1, 0, -1.040, -0.001, 0.000, 0.000, -0.026, -5.235, 1.759, 7.046, -0.960, -1.543, 0.000, 24.26
1, 0, -1.641, -0.002, 0.000, 0.000, -0.522, -4.296, 1.396, 7.253, -1.396, -0.792, -0.000, 24.31
1, 0, -2.774, -0.004, 0.000, 0.000, -1.911, -1.770, 1.222, 7.421, -1.619, -0.564, -0.000, 24.35
1, 0, -0.784, -0.001, 0.000, 0.000, -1.012, -4.159, 1.114, 5.977, -2.018, 0.883, -0.000, 24.29
1, 0, -0.073, -0.000, 0.000, 0.000, -0.124, -0.692, 1.026, 4.263, -17.243, 12.843, 0.000, 23.43
1, 0, 0.174, 0.001, 0.000, 0.000, 0.347, 2.345, 0.954, 4.081, -18.647, 10.747, -0.000, 22.72
1, 0, 0.324, 0.001, 0.000, 0.000, 0.577, 4.136, 0.892, 3.945, -17.029, 7.154, -0.000, 22.24
1, 0, 0.454, 0.001, 0.000, 0.000, 0.721, 5.498, 0.840, 3.840, -17.547, 6.193, 0.000, 21.83
1, 0, 0.592, 0.001, 0.000, 0.000, 0.827, 6.591, 0.794, 3.757, -18.194, 5.631, 0.000, 21.45
1, 0, 0.744, 0.001, 0.000, 0.000, 0.876, 7.135, 0.753, 3.689, -17.270, 4.072, 0.000, 21.18
1, 0, 0.877, 0.001, 0.000, 0.000, 0.924, 7.740, 0.717, 3.633, -18.215, 4.324, 0.000, 20.89
1, 0, 1.110, 0.001, 0.000, 0.000, 0.956, 7.498, 0.775, 3.655, -15.864, 1.869, -0.000, 20.77
1, 0, 1.350, 0.001, 0.000, 0.000, 0.759, 3.641, 1.191, 3.621, -1.352, -9.211, -0.000, 21.38
1, 0, 1.061, 0.001, 0.000, 0.000, 0.377, 1.416, 1.451, 3.592, -0.693, -7.204, -0.000, 21.86
1, 0, 0.220, 0.000, 0.000, 0.000, 0.031, 0.543, 1.909, 3.565, -0.021, -6.247, -0.000, 22.28
1, 0, -0.461, -0.000, 0.000, 0.000, -0.006, -0.357, 2.406, 3.541, 0.454, -5.576, -0.000, 22.65
1, 0, -0.657, -0.000, 0.000, 0.000, -0.060, -1.443, 2.810, 3.518, 0.936, -5.105, 0.000, 22.99
1, 0, -0.717, -0.000, 0.000, 0.000, -0.130, -2.449, 3.203, 3.498, 1.420, -4.824, -0.000, 23.31
1, 0, -0.722, -0.000, 0.000, 0.000, -0.196, -3.356, 3.455, 3.479, 1.711, -4.371, 0.000, 23.60
1, 0, -0.704, -0.000, 0.000, 0.000, -0.255, -4.179, 3.395, 3.717, 1.817, -3.792, 0.000, 23.86
1, 0, -0.612, -0.000, 0.000, 0.000, -0.309, -4.829, 3.303, 3.726, 1.937, -3.215, 0.000, 24.07
1, 0, -0.487, -0.000, 0.000, 0.000, -0.353, -5.336, 3.062, 3.729, 1.877, -2.491, 0.000, 24.24
1, 0, -0.341, -0.000, 0.000, 0.000, -0.399, -5.887, 2.727, 4.568, 1.625, -2.293, -0.000, 24.39
1, 0, -0.219, -0.000, 0.000, 0.000, -0.461, -6.693, 2.228, 6.746, 1.161, -2.761, 0.000, 24.58
1, 0, -0.201, -0.001, 0.000, 0.000, -0.484, -7.057, 1.742, 7.013, 0.719, -1.732, -0.000, 24.69
1, 0, -0.375, -0.001, 0.000, 0.000, -0.465, -7.022, 1.411, 7.222, 0.092, -0.862, -0.000, 24.75
1, 0, -0.709, -0.001, 0.000, 0.000, -0.403, -6.665, 1.262, 7.391, -0.329, -0.546, -0.000, 24.78
1, 0, -1.148, -0.001, 0.000, 0.000, -0.268, -5.742, 1.151, 5.949, -0.922, 0.982, 0.000, 24.72
1, 0, -0.958, -0.000, 0.000, 0.000, -0.069, -2.634, 1.061, 4.236, -10.173, 8.538, -0.000, 24.15
1, 0, -0.171, -0.000, 0.000, 0.000, -0.048, -0.119, 0.987, 4.054, -13.801, 9.097, -0.000, 23.54
1, 0, 1.229, 0.001, 0.000, 0.000, 0.279, 0.949, 0.924, 3.920, -15.713, 8.413, 0.000, 22.98
1, 0, 1.365, 0.001, 0.000, 0.000, 0.512, 3.037, 0.870, 3.816, -17.709, 8.108, -0.000, 22.44
1, 0, 1.255, 0.001, 0.000, 0.000, 0.759, 5.567, 0.822, 3.733, -21.393, 9.255, 0.000, 21.82
1, 0, 1.092, 0.002, 0.000, 0.000, 0.987, 7.871, 0.780, 3.666, -23.258, 8.861, 0.000, 21.23
1, 0, 0.839, 0.002, 0.000, 0.000, 1.200, 10.072, 0.743, 3.611, -25.174, 8.707, 0.000, 20.65
1, 0, 0.558, 0.002, 0.000, 0.000, 1.456, 11.738, 0.731, 3.634, -25.452, 7.333, 0.000, 20.16
1, 0, 0.263, 0.001, 0.000, 0.000, 1.025, 7.448, 0.977, 3.601, -2.656, -10.661, 0.000, 20.88
1, 0, 0.239, 0.001, 0.000, 0.000, 0.708, 4.330, 1.371, 3.572, -2.004, -8.218, -0.000, 21.42
1, 0, 0.500, 0.001, 0.000, 0.000, 0.578, 1.693, 1.863, 3.546, -1.328, -6.853, 0.000, 21.88
1, 0, 0.083, 0.000, 0.000, 0.000, 0.026, 0.726, 2.425, 3.523, -0.644, -6.139, 0.000, 22.29
1, 0, -0.259, -0.000, 0.000, 0.000, -0.015, -0.485, 3.024, 3.501, 0.037, -5.804, -0.000, 22.68
1, 0, -0.401, -0.000, 0.000, 0.000, -0.065, -1.685, 3.448, 3.481, 0.519, -5.297, 0.000, 23.03
1, 0, -0.471, -0.000, 0.000, 0.000, -0.132, -2.735, 3.701, 3.463, 1.006, -4.833, 0.000, 23.35
1, 0, -0.510, -0.000, 0.000, 0.000, -0.193, -3.688, 3.588, 3.702, 1.304, -4.204, 0.000, 23.63
1, 0, -0.475, -0.000, 0.000, 0.000, -0.248, -4.410, 3.480, 3.711, 1.419, -3.476, 0.000, 23.86
1, 0, -0.402, -0.000, 0.000, 0.000, -0.293, -4.954, 3.217, 3.715, 1.355, -2.638, 0.000, 24.04
1, 0, -0.343, -0.000, 0.000, 0.000, -0.333, -5.477, 2.797, 4.555, 1.100, -2.299, 0.000, 24.19
1, 0, -0.367, -0.000, 0.000, 0.000, -0.373, -6.173, 2.359, 6.733, 0.631, -2.810, 0.000, 24.38
1, 0, -0.368, -0.000, 0.000, 0.000, -0.334, -6.505, 2.092, 7.001, -0.022, -1.864, -0.000, 24.50
1, 0, -0.518, -0.001, 0.000, 0.000, -0.321, -6.600, 1.563, 7.210, -0.453, -0.880, -0.000, 24.56
1, 0, -0.674, -0.001, 0.000, 0.000, -0.232, -6.460, 1.359, 7.379, -0.877, -0.494, -0.000, 24.60
1, 0, -1.181, -0.001, 0.000, 0.000, -0.121, -5.490, 1.234, 5.938, -1.270, 0.891, -0.000, 24.54
1, 0, -0.905, -0.001, 0.000, 0.000, -0.181, -1.594, 1.134, 4.225, -12.945, 10.267, -0.000, 23.85
1, 0, 0.348, 0.000, 0.000, 0.000, 0.078, 0.145, 1.052, 4.044, -14.710, 9.042, -0.000, 23.25
1, 0, 0.860, 0.001, 0.000, 0.000, 0.389, 1.641, 0.983, 3.910, -14.991, 7.207, -0.000, 22.77
1, 0, 0.867, 0.001, 0.000, 0.000, 0.565, 3.213, 0.924, 3.806, -15.516, 6.138, 0.000, 22.36
1, 0, 0.710, 0.001, 0.000, 0.000, 0.735, 5.035, 0.873, 3.724, -17.823, 6.746, 0.000, 21.91
1, 0, 0.522, 0.002, 0.000, 0.000, 0.881, 6.544, 0.827, 3.658, -18.396, 5.963, -0.000, 21.51
1, 0, 0.489, 0.002, 0.000, 0.000, 1.015, 8.082, 0.786, 3.603, -20.727, 6.750, 0.000, 21.06
1, 0, 0.554, 0.002, 0.000, 0.000, 1.145, 8.416, 0.852, 3.626, -18.014, 3.418, 0.000, 20.83
1, 0, 0.684, 0.002, 0.000, 0.000, 1.067, 4.366, 1.231, 3.594, -1.592, -9.353, -0.000, 21.46
1, 0, 0.728, 0.001, 0.000, 0.000, 0.711, 1.693, 1.519, 3.565, -0.932, -7.286, 0.000, 21.94
1, 0, 0.104, 0.000, 0.000, 0.000, 0.027, 0.879, 2.003, 3.539, -0.258, -6.294, 0.000, 22.36
1, 0, -0.217, -0.000, 0.000, 0.000, -0.012, -0.441, 2.515, 3.516, 0.419, -5.779, 0.000, 22.75
1, 0, -0.327, -0.000, 0.000, 0.000, -0.083, -1.674, 3.055, 3.495, 1.091, -5.557, 0.000, 23.12
1, 0, -0.379, -0.000, 0.000, 0.000, -0.159, -2.801, 3.471, 3.475, 1.564, -5.171, 0.000, 23.46
1, 0, -0.383, -0.000, 0.000, 0.000, -0.230, -3.792, 3.722, 3.457, 1.848, -4.622, 0.000, 23.77
1, 0, -0.346, -0.000, 0.000, 0.000, -0.299, -4.704, 3.595, 3.696, 2.143, -4.085, 0.000, 24.04
1, 0, -0.258, -0.000, 0.000, 0.000, -0.359, -5.397, 3.469, 3.705, 2.257, -3.418, 0.000, 24.27
1, 0, -0.241, -0.000, 0.000, 0.000, -0.401, -5.829, 3.207, 3.710, 2.194, -2.639, 0.000, 24.45
1, 0, -0.232, -0.000, 0.000, 0.000, -0.443, -6.264, 2.850, 4.550, 1.941, -2.401, 0.000, 24.61
1, 0, -0.236, -0.000, 0.000, 0.000, -0.506, -7.022, 2.389, 6.728, 1.478, -2.830, 0.000, 24.80
1, 0, -0.405, -0.000, 0.000, 0.000, -0.481, -7.198, 2.105, 6.996, 0.836, -1.853, 0.000, 24.92
1, 0, -0.767, -0.001, 0.000, 0.000, -0.490, -7.017, 1.588, 7.205, 0.214, -0.733, -0.000, 24.97
1, 0, -1.069, -0.001, 0.000, 0.000, -0.441, -6.624, 1.383, 7.375, -0.203, -0.421, -0.000, 25.00
1, 0, -1.252, -0.001, 0.000, 0.000, -0.376, -5.851, 1.258, 5.933, -0.391, 0.679, -0.000, 24.95
1, 0, -1.085, -0.000, 0.000, 0.000, -0.216, -3.708, 1.158, 4.221, -5.991, 5.621, -0.000, 24.58
1, 0, -0.758, -0.000, 0.000, 0.000, -0.086, -1.832, 1.075, 4.040, -8.398, 5.960, 0.000, 24.18
1, 0, -0.304, -0.000, 0.000, 0.000, -0.019, -0.540, 1.005, 3.906, -9.138, 5.090, 0.000, 23.84
1, 0, 0.526, 0.000, 0.000, 0.000, 0.010, 0.505, 0.945, 3.803, -11.604, 5.815, 0.000, 23.45
1, 0, 1.813, 0.001, 0.000, 0.000, 0.117, 0.652, 0.893, 3.720, -12.341, 5.146, 0.000, 23.11
1, 0, 2.736, 0.001, 0.000, 0.000, 0.349, 0.802, 0.847, 3.654, -13.165, 4.775, 0.000, 22.79
1, 0, 2.439, 0.002, 0.000, 0.000, 0.476, 2.134, 0.806, 3.600, -14.036, 4.580, 0.000, 22.49
1, 0, 2.530, 0.002, 0.000, 0.000, 0.609, 2.389, 0.870, 4.392, -13.440, 2.646, 0.000, 22.31
1, 0, 0.747, 0.000, 0.000, 0.000, 0.062, 1.803, 1.274, 4.436, -1.040, -7.282, -0.000, 22.80
1, 0, 0.047, -0.000, 0.000, 0.000, 0.004, 0.212, 1.533, 4.466, -0.156, -6.105, 0.000, 23.20
1, 0, -0.121, -0.000, 0.000, 0.000, -0.062, -1.270, 2.035, 4.488, 0.521, -5.590, -0.000, 23.57
1, 0, -0.132, -0.000, 0.000, 0.000, -0.157, -2.582, 2.579, 4.504, 1.194, -5.406, -0.000, 23.94
1, 0, -0.122, -0.000, 0.000, 0.000, -0.252, -3.743, 3.133, 4.517, 1.857, -5.389, -0.000, 24.29
1, 0, -0.133, -0.000, 0.000, 0.000, -0.335, -4.803, 3.531, 4.527, 2.322, -5.110, 0.000, 24.64
1, 0, -0.168, -0.000, 0.000, 0.000, -0.406, -5.687, 3.767, 4.535, 2.600, -4.641, -0.000, 24.94
1, 1, -0.200, -0.000, 0.000, 0.000, -0.393, -5.348, 3.641, 4.541, 2.967, -0.830, 4.377, 25.00
1, 1, -0.229, -0.000, 0.000, 0.000, -0.348, -4.636, 3.500, 4.546, 2.967, 0.000, 5.799, 25.00
1, 1, -0.263, -0.000, 0.000, 0.000, -0.313, -4.067, 3.267, 4.550, 2.967, 0.000, 6.141, 25.00
1, 1, -0.309, -0.000, 0.000, 0.000, -0.288, -3.647, 2.903, 5.392, 2.774, 0.000, 6.825, 25.00
1, 1, -0.379, -0.000, 0.000, 0.000, -0.272, -3.341, 2.329, 7.574, 2.386, 0.000, 8.298, 25.00
1, 1, -0.474, -0.000, 0.000, 0.000, -0.260, -3.149, 1.855, 7.846, 1.800, 0.000, 7.618, 25.00
1, 1, -0.594, -0.000, 0.000, 0.000, -0.251, -3.006, 1.535, 8.060, 1.206, 0.000, 6.951, 25.00
1, 1, -0.671, -0.000, 0.000, 0.000, -0.231, -2.829, 1.359, 8.235, 0.807, 0.000, 6.671, 25.00
1, 0, -1.027, -0.000, 0.000, 0.000, -0.292, -3.617, 1.242, 6.286, 0.334, -2.926, 0.000, 25.20
1, 0, -1.165, -0.000, 0.000, 0.000, -0.274, -3.455, 1.146, 4.529, -0.669, -0.112, 0.000, 25.20
1, 0, -0.984, -0.000, 0.000, 0.000, -0.177, -2.326, 1.066, 4.315, -5.428, 3.534, 0.000, 24.97
1, 0, -0.680, -0.000, 0.000, 0.000, -0.102, -1.383, 0.999, 4.155, -6.507, 3.518, -0.000, 24.73
1, 0, -0.190, -0.000, 0.000, 0.000, -0.021, -0.308, 0.941, 4.030, -9.189, 4.737, -0.000, 24.42
1, 0, 0.569, 0.000, 0.000, 0.000, 0.041, 0.695, 0.890, 3.931, -11.704, 5.578, 0.000, 24.04
1, 0, 1.418, 0.000, 0.000, 0.000, 0.061, 1.318, 0.845, 3.850, -12.476, 4.984, -0.000, 23.71
1, 0, 2.960, 0.001, 0.000, 0.000, 0.048, 1.482, 0.804, 3.783, -14.951, 5.873, -0.000, 23.32
1, 0, 3.583, 0.001, 0.000, 0.000, 0.066, 1.637, 0.836, 4.566, -14.169, 3.480, -0.000, 23.09
1, 0, 0.910, 0.000, 0.000, 0.000, 0.041, 1.429, 1.174, 4.600, -1.115, -7.038, 0.000, 23.56
1, 0, 0.042, -0.000, 0.000, 0.000, 0.005, 0.098, 1.471, 4.622, -0.430, -5.807, 0.000, 23.95
1, 0, -0.288, -0.000, 0.000, 0.000, -0.071, -1.147, 1.972, 4.636, 0.255, -5.357, -0.000, 24.30
1, 0, -0.382, -0.000, 0.000, 0.000, -0.158, -2.339, 2.503, 4.646, 0.935, -5.204, 0.000, 24.65
1, 0, -0.397, -0.000, 0.000, 0.000, -0.246, -3.447, 3.082, 4.652, 1.603, -5.246, 0.000, 25.00
1, 0, -0.422, -0.000, 0.000, 0.000, -0.325, -4.472, 3.514, 4.656, 2.072, -5.023, 0.000, 25.33
1, 0, -0.464, -0.000, 0.000, 0.000, -0.394, -5.343, 3.767, 4.659, 2.352, -4.576, -0.000, 25.64
1, 1, -0.107, -0.000, 0.000, 0.000, -0.089, -1.183, 3.648, 4.660, 2.967, 9.586, 19.482, 25.00
1, 1, -0.095, -0.000, 0.000, 0.000, -0.075, -0.973, 3.504, 4.660, 3.159, 0.000, 10.180, 25.00
1, 1, -0.092, -0.000, 0.000, 0.000, -0.066, -0.836, 3.239, 4.660, 3.159, 0.000, 10.063, 25.00
1, 1, -0.103, -0.000, 0.000, 0.000, -0.065, -0.795, 2.817, 5.497, 2.967, 0.000, 10.318, 25.00
1, 1, -0.134, -0.000, 0.000, 0.000, -0.070, -0.843, 2.339, 7.675, 2.386, 0.000, 11.352, 25.00
1, 1, -0.135, -0.000, 0.000, 0.000, -0.061, -0.756, 2.060, 7.943, 1.996, 0.000, 11.048, 25.00
1, 1, -0.218, -0.000, 0.000, 0.000, -0.078, -0.921, 1.570, 8.153, 1.405, 0.000, 9.911, 25.00
1, 1, -0.249, -0.000, 0.000, 0.000, -0.076, -0.909, 1.378, 8.325, 1.007, 0.000, 9.476, 25.00
1, 0, -0.737, -0.000, 0.000, 0.000, -0.194, -2.328, 1.255, 6.373, 0.489, -4.857, 0.000, 25.32
1, 0, -0.933, -0.000, 0.000, 0.000, -0.201, -2.464, 1.156, 4.612, -1.269, -0.902, 0.000, 25.38
1, 0, -0.816, -0.000, 0.000, 0.000, -0.147, -1.843, 1.075, 4.394, -4.543, 1.881, 0.000, 25.26
1, 0, -0.470, -0.000, 0.000, 0.000, -0.070, -0.897, 1.006, 4.231, -7.449, 3.649, 0.000, 25.02
1, 0, 0.090, -0.000, 0.000, 0.000, 0.010, 0.142, 0.946, 4.104, -10.116, 4.823, -0.000, 24.69
1, 0, 0.896, 0.000, 0.000, 0.000, 0.075, 1.110, 0.895, 4.002, -12.619, 5.641, -0.000, 24.32
1, 0, 2.054, 0.000, 0.000, 0.000, 0.102, 1.839, 0.849, 3.918, -15.007, 6.244, -0.000, 23.90
1, 0, 3.840, 0.001, 0.000, 0.000, 0.072, 2.023, 0.807, 3.849, -17.307, 6.714, -0.000, 23.45
1, 0, 4.085, 0.001, 0.000, 0.000, 0.070, 2.474, 0.861, 3.859, -14.656, 3.306, -0.000, 23.23
1, 0, 1.332, 0.000, 0.000, 0.000, 0.086, 2.126, 1.262, 3.815, -1.179, -7.443, 0.000, 23.73
1, 0, 0.393, 0.000, 0.000, 0.000, 0.042, 0.766, 1.474, 3.776, -0.698, -5.752, 0.000, 24.11
1, 0, -0.106, -0.000, 0.000, 0.000, -0.019, -0.313, 1.855, 3.741, -0.204, -4.953, -0.000, 24.44
1, 0, -0.311, -0.000, 0.000, 0.000, -0.089, -1.331, 2.343, 3.708, 0.294, -4.615, 0.000, 24.75
1, 0, -0.395, -0.000, 0.000, 0.000, -0.159, -2.278, 2.806, 3.679, 0.790, -4.443, 0.000, 25.05
1, 0, -0.455, -0.000, 0.000, 0.000, -0.223, -3.122, 3.101, 3.652, 1.092, -4.044, 0.000, 25.32
1, 0, -0.495, -0.000, 0.000, 0.000, -0.279, -3.831, 3.339, 3.626, 1.398, -3.758, 0.000, 25.57
1, 1, -0.034, -0.000, 0.000, 0.000, -0.020, -0.275, 3.335, 3.859, 1.996, 8.510, 17.370, 25.00
1, 1, -0.017, -0.000, 0.000, 0.000, -0.010, -0.133, 3.262, 3.861, 2.191, 0.000, 9.155, 25.00
1, 1, -0.009, -0.000, 0.000, 0.000, -0.005, -0.064, 3.043, 3.860, 2.191, 0.000, 9.015, 25.00
1, 1, -0.012, -0.000, 0.000, 0.000, -0.006, -0.080, 2.696, 4.694, 1.996, 0.000, 9.286, 25.00
1, 1, -0.030, -0.000, 0.000, 0.000, -0.013, -0.162, 2.247, 6.866, 1.603, 0.000, 10.511, 25.00
1, 1, -0.034, -0.000, 0.000, 0.000, -0.013, -0.166, 1.927, 7.129, 1.206, 0.000, 10.049, 25.00
1, 1, -0.090, -0.000, 0.000, 0.000, -0.028, -0.337, 1.486, 7.333, 0.807, 0.000, 9.171, 25.00
1, 1, -0.118, -0.000, 0.000, 0.000, -0.031, -0.379, 1.303, 7.498, 0.405, 0.000, 8.679, 25.00
1, 0, -0.629, -0.000, 0.000, 0.000, -0.139, -1.736, 1.188, 6.051, -0.113, -4.623, -0.000, 25.31
1, 0, -0.680, -0.000, 0.000, 0.000, -0.133, -1.673, 1.095, 4.335, -2.875, -0.069, 0.000, 25.31
1, 0, -0.475, -0.000, 0.000, 0.000, -0.077, -0.999, 1.018, 4.149, -6.040, 2.424, 0.000, 25.15
1, 0, -0.176, -0.000, 0.000, 0.000, -0.025, -0.328, 0.953, 4.011, -7.272, 2.836, -0.000, 24.96
1, 0, 0.352, 0.000, 0.000, 0.000, 0.038, 0.540, 0.897, 3.903, -10.050, 4.319, 0.000, 24.67
1, 0, 0.928, 0.000, 0.000, 0.000, 0.081, 1.209, 0.849, 3.817, -11.008, 4.124, 0.000, 24.40
1, 0, 1.582, 0.000, 0.000, 0.000, 0.102, 1.699, 0.805, 3.747, -11.987, 4.051, 0.000, 24.13
1, 0, 2.377, 0.001, 0.000, 0.000, 0.097, 1.994, 0.766, 3.689, -12.970, 4.047, -0.000, 23.86
1, 0, 2.750, 0.001, 0.000, 0.000, 0.085, 2.242, 0.776, 3.709, -12.346, 2.783, 0.000, 23.67
1, 0, 0.990, 0.000, 0.000, 0.000, 0.067, 1.424, 1.024, 3.673, -1.100, -6.079, 0.000, 24.08
1, 0, 0.164, -0.000, 0.000, 0.000, 0.024, 0.390, 1.408, 3.641, -0.403, -5.225, 0.000, 24.43
1, 0, -0.172, -0.000, 0.000, 0.000, -0.048, -0.705, 1.997, 3.613, 0.488, -5.172, 0.000, 24.77
1, 0, -0.307, -0.000, 0.000, 0.000, -0.131, -1.806, 2.464, 3.587, 1.169, -4.975, 0.000, 25.10
1, 0, -0.371, -0.000, 0.000, 0.000, -0.210, -2.801, 2.862, 3.563, 1.650, -4.691, 0.000, 25.42
1, 0, -0.410, -0.000, 0.000, 0.000, -0.281, -3.691, 3.254, 3.540, 2.129, -4.542, 0.000, 25.72
1, 0, -0.469, -0.000, 0.000, 0.000, -0.341, -4.430, 3.422, 3.520, 2.230, -3.932, -0.000, 25.98
1, 1, 0.131, -0.000, 0.000, 0.000, 0.096, 1.221, 3.379, 3.757, 2.967, 14.722, 26.273, 25.00
1, 1, 0.137, -0.000, 0.000, 0.000, 0.094, 1.182, 3.253, 3.763, 2.967, 0.000, 11.395, 25.00
1, 1, 0.146, -0.000, 0.000, 0.000, 0.092, 1.138, 3.017, 3.765, 2.967, 0.000, 11.125, 25.00
1, 1, 0.157, -0.000, 0.000, 0.000, 0.090, 1.089, 2.726, 4.603, 2.967, 0.000, 11.632, 25.00
1, 1, 0.160, -0.000, 0.000, 0.000, 0.079, 0.941, 2.297, 6.779, 2.580, 0.000, 12.837, 25.00
1, 1, 0.172, -0.000, 0.000, 0.000, 0.075, 0.920, 1.993, 7.046, 2.191, 0.000, 12.397, 25.00
1, 1, 0.146, -0.000, 0.000, 0.000, 0.051, 0.591, 1.488, 7.253, 1.603, 0.000, 11.132, 25.00
1, 1, 0.142, -0.000, 0.000, 0.000, 0.043, 0.505, 1.311, 7.421, 1.206, 0.000, 10.628, 25.00
1, 0, -0.424, -0.000, 0.000, 0.000, -0.109, -1.282, 1.193, 5.977, 0.465, -5.821, 0.000, 25.39
1, 0, -0.723, -0.000, 0.000, 0.000, -0.160, -1.899, 1.098, 4.263, -0.012, -2.568, 0.000, 25.56
1, 0, -0.586, -0.000, 0.000, 0.000, -0.105, -1.280, 1.020, 4.081, -5.103, 1.974, 0.000, 25.43
1, 0, -0.326, -0.000, 0.000, 0.000, -0.051, -0.632, 0.954, 3.945, -6.403, 2.512, 0.000, 25.26
1, 0, 0.152, -0.000, 0.000, 0.000, 0.019, 0.248, 0.898, 3.840, -9.227, 4.071, -0.000, 24.99
1, 0, 0.865, 0.000, 0.000, 0.000, 0.086, 1.156, 0.848, 3.757, -11.838, 5.126, -0.000, 24.65
1, 0, 1.877, 0.000, 0.000, 0.000, 0.129, 1.923, 0.805, 3.689, -14.300, 5.878, 0.000, 24.26
1, 0, 3.362, 0.001, 0.000, 0.000, 0.120, 2.332, 0.765, 3.633, -16.654, 6.441, -0.000, 23.83
1, 0, 4.082, 0.001, 0.000, 0.000, 0.098, 2.707, 0.809, 3.655, -15.681, 4.329, 0.000, 23.54
1, 0, 1.540, 0.000, 0.000, 0.000, 0.102, 2.156, 1.111, 3.621, -1.287, -7.245, 0.000, 24.02
1, 0, 0.510, 0.000, 0.000, 0.000, 0.055, 0.944, 1.421, 3.592, -0.805, -5.718, -0.000, 24.40
1, 0, -0.038, -0.000, 0.000, 0.000, -0.007, -0.111, 1.900, 3.565, -0.111, -5.198, -0.000, 24.75
1, 0, -0.270, -0.000, 0.000, 0.000, -0.082, -1.179, 2.416, 3.541, 0.577, -5.002, 0.000, 25.08
1, 0, -0.373, -0.000, 0.000, 0.000, -0.158, -2.190, 2.940, 3.518, 1.061, -4.798, 0.000, 25.40
1, 0, -0.438, -0.000, 0.000, 0.000, -0.231, -3.122, 3.314, 3.498, 1.546, -4.566, 0.000, 25.71
1, 0, -0.494, -0.000, 0.000, 0.000, -0.293, -3.924, 3.572, 3.479, 1.838, -4.177, 0.000, 25.98
1, 1, 0.202, -0.000, 0.000, 0.000, 0.123, 1.606, 3.447, 3.717, 2.580, 14.762, 26.438, 25.00
1, 1, 0.203, -0.000, 0.000, 0.000, 0.120, 1.538, 3.309, 3.726, 2.580, 0.000, 11.476, 25.00
1, 1, 0.210, -0.000, 0.000, 0.000, 0.116, 1.471, 3.079, 3.729, 2.580, 0.000, 11.186, 25.00
1, 1, 0.219, -0.000, 0.000, 0.000, 0.112, 1.375, 2.724, 4.568, 2.580, 0.000, 11.578, 25.00
1, 1, 0.221, -0.000, 0.000, 0.000, 0.098, 1.181, 2.272, 6.746, 2.191, 0.000, 12.710, 25.00
1, 1, 0.229, -0.000, 0.000, 0.000, 0.087, 1.091, 1.945, 7.013, 1.603, 0.000, 11.968, 25.00
1, 1, 0.207, -0.000, 0.000, 0.000, 0.063, 0.749, 1.477, 7.222, 1.007, 0.000, 10.725, 25.00
1, 1, 0.200, -0.000, 0.000, 0.000, 0.053, 0.633, 1.311, 7.391, 0.607, 0.000, 10.194, 25.00
1, 0, -0.390, -0.000, 0.000, 0.000, -0.088, -1.067, 1.194, 5.949, 0.065, -5.663, 0.000, 25.38
1, 0, -0.486, -0.000, 0.000, 0.000, -0.094, -1.150, 1.100, 4.236, -3.182, -0.423, 0.000, 25.41
1, 0, -0.156, -0.000, 0.000, 0.000, -0.024, -0.301, 1.023, 4.054, -7.995, 3.398, 0.000, 25.18
1, 0, 0.257, -0.000, 0.000, 0.000, 0.033, 0.434, 0.957, 3.920, -9.087, 3.487, -0.000, 24.95
1, 0, 0.921, 0.000, 0.000, 0.000, 0.092, 1.267, 0.901, 3.816, -11.775, 4.779, 0.000, 24.63
1, 0, 1.618, 0.000, 0.000, 0.000, 0.126, 1.867, 0.851, 3.733, -12.662, 4.466, -0.000, 24.33
1, 0, 2.773, 0.001, 0.000, 0.000, 0.128, 2.310, 0.808, 3.666, -15.211, 5.526, 0.000, 23.96
1, 0, 4.661, 0.001, 0.000, 0.000, 0.073, 2.227, 0.768, 3.611, -17.611, 6.270, 0.000, 23.54
1, 0, 4.797, 0.001, 0.000, 0.000, 0.069, 2.668, 0.812, 3.634, -15.020, 3.039, 0.000, 23.34
1, 0, 1.826, 0.000, 0.000, 0.000, 0.084, 2.380, 1.127, 3.601, -1.432, -7.587, 0.000, 23.85
1, 0, 0.620, 0.000, 0.000, 0.000, 0.065, 1.193, 1.451, 3.572, -0.752, -6.149, 0.000, 24.26
1, 0, 0.024, -0.000, 0.000, 0.000, 0.005, 0.076, 1.944, 3.546, -0.066, -5.528, 0.000, 24.63
1, 0, -0.223, -0.000, 0.000, 0.000, -0.073, -1.056, 2.387, 3.523, 0.617, -5.175, 0.000, 24.97
1, 0, -0.338, -0.000, 0.000, 0.000, -0.148, -2.075, 2.815, 3.501, 0.905, -4.660, 0.000, 25.28
1, 0, -0.393, -0.000, 0.000, 0.000, -0.218, -2.983, 3.210, 3.481, 1.393, -4.490, 0.000, 25.58
1, 0, -0.444, -0.000, 0.000, 0.000, -0.279, -3.774, 3.481, 3.463, 1.688, -4.134, -0.000, 25.86
1, 1, 0.137, -0.000, 0.000, 0.000, 0.087, 1.153, 3.386, 3.702, 2.191, 12.844, 23.501, 25.00
1, 1, 0.144, -0.000, 0.000, 0.000, 0.090, 1.168, 3.261, 3.711, 2.386, 0.000, 10.760, 25.00
1, 1, 0.153, -0.000, 0.000, 0.000, 0.089, 1.136, 3.027, 3.715, 2.386, 0.000, 10.507, 25.00
1, 1, 0.159, -0.000, 0.000, 0.000, 0.083, 1.030, 2.669, 4.555, 2.191, 0.000, 10.687, 25.00
1, 1, 0.157, -0.000, 0.000, 0.000, 0.069, 0.845, 2.187, 6.733, 1.800, 0.000, 11.791, 25.00
1, 1, 0.155, -0.000, 0.000, 0.000, 0.057, 0.708, 1.817, 7.001, 1.206, 0.000, 10.944, 25.00
1, 1, 0.135, -0.000, 0.000, 0.000, 0.041, 0.491, 1.446, 7.210, 0.807, 0.000, 10.130, 25.00
1, 1, 0.124, -0.000, 0.000, 0.000, 0.032, 0.390, 1.277, 7.379, 0.405, 0.000, 9.608, 25.00
1, 0, -0.432, -0.000, 0.000, 0.000, -0.099, -1.207, 1.166, 5.938, 0.071, -5.435, 0.000, 25.36
1, 0, -0.518, -0.000, 0.000, 0.000, -0.101, -1.253, 1.075, 4.225, -3.109, -0.319, 0.000, 25.38
1, 0, -0.312, -0.000, 0.000, 0.000, -0.051, -0.645, 1.000, 4.044, -6.309, 2.273, 0.000, 25.23
1, 0, -0.011, -0.000, 0.000, 0.000, -0.001, -0.019, 0.937, 3.910, -7.561, 2.746, 0.000, 25.05
1, 0, 0.358, 0.000, 0.000, 0.000, 0.043, 0.580, 0.882, 3.806, -8.745, 3.075, -0.000, 24.84
1, 0, 0.795, 0.000, 0.000, 0.000, 0.081, 1.127, 0.835, 3.724, -9.879, 3.318, 0.000, 24.62
1, 0, 1.312, 0.000, 0.000, 0.000, 0.107, 1.596, 0.792, 3.658, -10.974, 3.509, -0.000, 24.39
1, 0, 1.941, 0.000, 0.000, 0.000, 0.118, 1.954, 0.754, 3.603, -12.038, 3.668, 0.000, 24.14
1, 0, 2.250, 0.000, 0.000, 0.000, 0.118, 2.206, 0.753, 3.626, -11.474, 2.521, 0.000, 23.98
1, 0, 0.793, 0.000, 0.000, 0.000, 0.073, 1.292, 1.019, 3.594, -0.997, -5.773, 0.000, 24.36
1, 0, 0.098, -0.000, 0.000, 0.000, 0.016, 0.242, 1.371, 3.565, -0.296, -4.996, -0.000, 24.69
1, 0, -0.207, -0.000, 0.000, 0.000, -0.056, -0.787, 1.843, 3.539, 0.401, -4.734, 0.000, 25.01
1, 0, -0.324, -0.000, 0.000, 0.000, -0.132, -1.795, 2.422, 3.516, 1.088, -4.775, 0.000, 25.33
1, 0, -0.369, -0.000, 0.000, 0.000, -0.209, -2.776, 3.011, 3.495, 1.760, -4.911, 0.000, 25.66
1, 0, -0.416, -0.000, 0.000, 0.000, -0.283, -3.711, 3.436, 3.475, 2.233, -4.736, -0.000, 25.97
1, 0, -0.471, -0.000, 0.000, 0.000, -0.348, -4.517, 3.685, 3.457, 2.518, -4.325, -0.000, 26.26
1, 1, 0.265, -0.000, 0.000, 0.000, 0.194, 2.468, 3.533, 3.696, 3.350, 18.895, 32.402, 25.00
1, 1, 0.269, -0.000, 0.000, 0.000, 0.189, 2.358, 3.403, 3.705, 3.541, 0.000, 13.465, 25.00
1, 1, 0.282, -0.000, 0.000, 0.000, 0.182, 2.223, 3.130, 3.710, 3.541, 0.000, 13.067, 25.00
1, 1, 0.297, -0.000, 0.000, 0.000, 0.171, 2.040, 2.756, 4.550, 3.350, 0.000, 13.163, 25.00
1, 1, 0.310, -0.000, 0.000, 0.000, 0.154, 1.790, 2.262, 6.728, 2.967, 0.000, 14.210, 25.00
1, 1, 0.320, -0.000, 0.000, 0.000, 0.134, 1.530, 1.852, 6.996, 2.386, 0.000, 13.218, 25.00
1, 1, 0.326, -0.000, 0.000, 0.000, 0.118, 1.314, 1.472, 7.205, 1.996, 0.000, 12.429, 25.00
1, 1, 0.336, -0.000, 0.000, 0.000, 0.109, 1.241, 1.308, 7.375, 1.800, 0.000, 12.167, 25.00
1, 0, -0.277, -0.000, 0.000, 0.000, -0.081, -0.915, 1.192, 5.933, 1.234, -7.088, 0.000, 25.47
1, 0, -1.016, -0.000, 0.000, 0.000, -0.272, -3.092, 1.099, 4.221, 7.508, -8.448, 0.000, 26.04
1, 0, -1.308, -0.000, 0.000, 0.000, -0.315, -3.592, 1.022, 4.040, 3.221, -3.068, 0.000, 26.24
1, 0, -1.372, -0.000, 0.000, 0.000, -0.306, -3.505, 0.957, 3.906, 1.207, -0.887, 0.000, 26.30
1, 0, -1.302, -0.000, 0.000, 0.000, -0.271, -3.106, 0.901, 3.803, -0.513, 0.488, 0.000, 26.27
1, 0, -1.142, -0.000, 0.000, 0.000, -0.221, -2.551, 0.852, 3.720, -2.042, 1.384, 0.000, 26.17
1, 0, -0.920, -0.000, 0.000, 0.000, -0.166, -1.926, 0.808, 3.654, -3.442, 1.992, 0.000, 26.04
1, 0, -0.762, -0.000, 0.000, 0.000, -0.134, -1.558, 0.769, 3.600, -3.166, 1.252, 0.000, 25.96
1, 0, -0.723, -0.000, 0.000, 0.000, -0.127, -1.464, 0.779, 4.392, -3.110, 0.254, 0.000, 25.94
1, 0, -0.878, -0.000, 0.000, 0.000, -0.169, -1.979, 0.940, 4.436, -0.193, -2.157, 0.000, 26.09
1, 0, -0.969, -0.000, 0.000, 0.000, -0.209, -2.412, 1.000, 4.466, 0.162, -2.036, 0.000, 26.22
1, 0, -0.979, -0.000, 0.000, 0.000, -0.240, -2.820, 1.305, 4.488, 0.314, -2.067, 0.000, 26.36
1, 0, -0.964, -0.000, 0.000, 0.000, -0.275, -3.238, 1.577, 4.504, 0.660, -2.264, 0.000, 26.51
1, 0, -0.878, -0.000, 0.000, 0.000, -0.311, -3.749, 2.206, 4.517, 1.185, -2.969, 0.000, 26.71
1, 0, -0.961, -0.000, 0.000, 0.000, -0.354, -4.178, 2.046, 4.527, 1.325, -2.405, 0.000, 26.87
1, 0, -1.035, -0.000, 0.000, 0.000, -0.382, -4.428, 1.885, 4.535, 1.280, -1.854, 0.000, 26.99
1, 1, 1.078, 0.000, 0.000, 0.000, 0.428, 5.058, 2.290, 4.541, 2.191, 29.872, 45.459, 25.00
1, 1, 0.961, 0.000, 0.000, 0.000, 0.395, 4.660, 2.427, 4.546, 2.386, 0.000, 15.375, 25.00
1, 1, 0.914, 0.000, 0.000, 0.000, 0.363, 4.193, 2.155, 4.550, 2.386, 0.000, 14.562, 25.00
1, 1, 0.879, 0.000, 0.000, 0.000, 0.338, 3.850, 1.970, 5.392, 2.386, 0.000, 14.816, 25.00
1, 1, 0.862, 0.000, 0.000, 0.000, 0.316, 3.538, 1.711, 7.574, 2.386, 0.000, 16.387, 25.00
1, 1, 0.869, 0.000, 0.000, 0.000, 0.287, 3.141, 1.350, 7.846, 1.996, 0.000, 15.489, 25.00
1, 1, 0.870, 0.000, 0.000, 0.000, 0.265, 2.847, 1.090, 8.060, 1.800, 0.000, 14.932, 25.00
1, 1, 0.860, 0.000, 0.000, 0.000, 0.245, 2.676, 0.970, 8.235, 1.603, 0.000, 14.588, 25.00
1, 0, 0.046, -0.000, 0.000, 0.000, 0.012, 0.135, 0.889, 6.286, 1.198, -8.568, 0.000, 25.57
1, 0, -0.805, -0.000, 0.000, 0.000, -0.203, -2.223, 0.824, 4.529, 7.032, -9.153, 0.000, 26.18
1, 0, -1.209, -0.000, 0.000, 0.000, -0.289, -3.160, 0.768, 4.315, 4.214, -4.639, 0.000, 26.49
1, 0, -1.343, -0.000, 0.000, 0.000, -0.303, -3.328, 0.722, 4.155, 1.987, -1.888, 0.000, 26.62
1, 0, -1.392, -0.000, 0.000, 0.000, -0.309, -3.382, 0.681, 4.030, 1.697, -1.325, 0.000, 26.70
1, 0, -1.322, -0.000, 0.000, 0.000, -0.280, -3.069, 0.645, 3.931, -0.086, 0.181, 0.000, 26.69
1, 0, -1.162, -0.000, 0.000, 0.000, -0.234, -2.570, 0.613, 3.850, -1.660, 1.163, 0.000, 26.62
1, 0, -1.039, -0.000, 0.000, 0.000, -0.206, -2.270, 0.584, 3.783, -1.514, 0.662, 0.000, 26.57
1, 0, -1.026, -0.000, 0.000, 0.000, -0.204, -2.206, 0.580, 4.566, -1.550, -0.161, 0.000, 26.58
1, 0, -1.113, -0.000, 0.000, 0.000, -0.224, -2.443, 0.639, 4.600, -0.202, -1.257, 0.000, 26.67
1, 0, -1.069, -0.000, 0.000, 0.000, -0.247, -2.748, 0.924, 4.622, 0.162, -1.644, 0.000, 26.78
1, 0, -0.998, -0.000, 0.000, 0.000, -0.279, -3.156, 1.326, 4.636, 0.710, -2.239, 0.000, 26.92
1, 0, -0.973, -0.000, 0.000, 0.000, -0.314, -3.596, 1.686, 4.646, 1.047, -2.497, 0.000, 27.09
1, 0, -0.979, -0.000, 0.000, 0.000, -0.352, -4.023, 1.867, 4.652, 1.381, -2.546, -0.000, 27.26
1, 0, -1.059, -0.000, 0.000, 0.000, -0.389, -4.326, 1.599, 4.656, 1.529, -2.011, 0.000, 27.39
1, 0, -1.151, -0.000, 0.000, 0.000, -0.405, -4.430, 1.337, 4.659, 1.301, -1.311, 0.000, 27.48
1, 1, 1.659, 0.000, 0.000, 0.000, 0.621, 6.927, 1.710, 4.660, 2.386, 37.232, 55.196, 25.00
1, 1, 1.489, 0.000, 0.000, 0.000, 0.562, 6.297, 1.843, 4.660, 2.386, 0.000, 17.238, 25.00
1, 1, 1.364, 0.000, 0.000, 0.000, 0.523, 5.866, 1.908, 4.660, 2.580, 0.000, 16.902, 25.00
1, 1, 1.301, 0.000, 0.000, 0.000, 0.488, 5.419, 1.791, 5.497, 2.580, 0.000, 17.076, 25.00
1, 1, 1.289, 0.000, 0.000, 0.000, 0.451, 4.908, 1.460, 7.675, 2.386, 0.000, 18.169, 25.00
1, 1, 1.291, 0.000, 0.000, 0.000, 0.418, 4.446, 1.124, 7.943, 2.191, 0.000, 17.414, 25.00
1, 1, 1.289, 0.000, 0.000, 0.000, 0.389, 4.077, 0.909, 8.153, 1.996, 0.000, 16.814, 25.00
1, 1, 1.283, 0.000, 0.000, 0.000, 0.355, 3.789, 0.803, 8.325, 1.603, 0.000, 16.157, 25.00
1, 0, 0.346, -0.000, 0.000, 0.000, 0.087, 0.936, 0.734, 6.373, 0.978, -9.454, -0.000, 25.63
1, 0, -0.500, -0.000, 0.000, 0.000, -0.119, -1.270, 0.678, 4.612, 5.162, -8.562, 0.000, 26.20
1, 0, -0.799, -0.000, 0.000, 0.000, -0.172, -1.851, 0.631, 4.394, 0.859, -3.063, 0.000, 26.41
1, 0, -0.848, -0.000, 0.000, 0.000, -0.171, -1.842, 0.592, 4.231, -1.147, -0.815, 0.000, 26.46
1, 0, -0.635, -0.000, 0.000, 0.000, -0.115, -1.246, 0.558, 4.104, -4.433, 1.768, 0.000, 26.34
1, 0, -0.347, -0.000, 0.000, 0.000, -0.058, -0.633, 0.528, 4.002, -5.777, 2.285, 0.000, 26.19
1, 0, 0.136, -0.000, 0.000, 0.000, 0.020, 0.220, 0.501, 3.918, -8.639, 3.844, 0.000, 25.93
1, 0, 0.812, 0.000, 0.000, 0.000, 0.101, 1.131, 0.477, 3.849, -11.285, 4.914, -0.000, 25.61
1, 0, 1.003, 0.000, 0.000, 0.000, 0.128, 1.444, 0.512, 3.859, -8.966, 2.020, -0.000, 25.47
1, 0, 0.236, -0.000, 0.000, 0.000, 0.038, 0.465, 0.842, 3.815, -0.696, -4.700, 0.000, 25.78
1, 0, -0.202, -0.000, 0.000, 0.000, -0.041, -0.490, 1.158, 3.776, 0.017, -4.217, 0.000, 26.07
1, 0, -0.427, -0.000, 0.000, 0.000, -0.111, -1.332, 1.590, 3.741, 0.525, -3.985, 0.000, 26.33
1, 0, -0.562, -0.000, 0.000, 0.000, -0.174, -2.088, 1.917, 3.708, 0.836, -3.638, -0.000, 26.57
1, 0, -0.638, -0.000, 0.000, 0.000, -0.229, -2.752, 2.227, 3.679, 1.151, -3.438, 0.000, 26.80
1, 0, -0.647, -0.000, 0.000, 0.000, -0.279, -3.403, 2.872, 3.652, 1.649, -3.845, -0.000, 27.06
1, 0, -0.729, -0.000, 0.000, 0.000, -0.330, -3.995, 2.950, 3.626, 1.766, -3.290, -0.000, 27.28
1, 1, 1.298, 0.000, 0.000, 0.000, 0.590, 7.009, 2.769, 3.859, 2.774, 34.175, 52.474, 25.00
1, 1, 1.228, 0.000, 0.000, 0.000, 0.541, 6.323, 2.558, 3.861, 2.774, 0.000, 17.285, 25.00
1, 1, 1.197, 0.000, 0.000, 0.000, 0.503, 5.762, 2.275, 3.860, 2.774, 0.000, 16.371, 25.00
1, 1, 1.185, 0.000, 0.000, 0.000, 0.466, 5.302, 2.112, 4.694, 2.580, 0.000, 16.339, 25.00
1, 1, 1.215, 0.000, 0.000, 0.000, 0.426, 4.750, 1.710, 6.866, 2.191, 0.000, 17.158, 25.00
1, 1, 1.253, 0.000, 0.000, 0.000, 0.388, 4.237, 1.323, 7.129, 1.800, 0.000, 16.131, 25.00
1, 1, 1.282, 0.000, 0.000, 0.000, 0.354, 3.822, 1.098, 7.333, 1.405, 0.000, 15.293, 25.00
1, 1, 1.293, 0.000, 0.000, 0.000, 0.319, 3.509, 0.971, 7.498, 1.007, 0.000, 14.596, 25.00
1, 0, 0.383, -0.000, 0.000, 0.000, 0.082, 0.904, 0.884, 6.051, 0.198, -8.503, 0.000, 25.57
1, 0, 0.055, -0.000, 0.000, 0.000, 0.010, 0.114, 0.815, 4.335, -2.497, -2.831, 0.000, 25.76
1, 0, 0.289, -0.000, 0.000, 0.000, 0.045, 0.510, 0.757, 4.149, -7.632, 1.881, 0.000, 25.63
1, 0, 0.804, 0.000, 0.000, 0.000, 0.105, 1.210, 0.708, 4.011, -10.543, 3.704, -0.000, 25.38
1, 0, 1.580, 0.000, 0.000, 0.000, 0.166, 1.969, 0.666, 3.903, -13.205, 4.920, 0.000, 25.06
1, 0, 2.657, 0.000, 0.000, 0.000, 0.210, 2.610, 0.630, 3.817, -15.696, 5.772, 0.000, 24.67
1, 0, 4.658, 0.001, 0.000, 0.000, 0.199, 2.885, 0.597, 3.747, -19.702, 7.616, 0.000, 24.16
1, 0, 7.532, 0.002, 0.000, 0.000, 0.088, 2.246, 0.568, 3.689, -21.809, 7.684, -0.000, 23.65
1, 0, 8.998, 0.002, 0.000, 0.000, 0.065, 1.985, 0.576, 3.709, -20.615, 5.280, -0.000, 23.30
1, 0, 4.394, 0.001, 0.000, 0.000, 0.050, 2.395, 0.809, 3.673, -2.089, -9.233, 0.000, 23.91
1, 0, 1.888, 0.000, 0.000, 0.000, 0.090, 1.951, 1.184, 3.641, -1.633, -7.121, -0.000, 24.39
1, 0, 0.576, 0.000, 0.000, 0.000, 0.068, 1.158, 1.714, 3.613, -0.952, -6.177, -0.000, 24.80
1, 0, 0.018, -0.000, 0.000, 0.000, 0.004, 0.063, 2.281, 3.587, -0.071, -5.882, 0.000, 25.19
1, 0, -0.217, -0.000, 0.000, 0.000, -0.075, -1.079, 2.867, 3.563, 0.404, -5.462, 0.000, 25.56
1, 0, -0.335, -0.000, 0.000, 0.000, -0.157, -2.181, 3.349, 3.540, 1.076, -5.292, 0.000, 25.91
1, 0, -0.424, -0.000, 0.000, 0.000, -0.231, -3.150, 3.586, 3.520, 1.360, -4.662, 0.000, 26.22
1, 1, 0.463, 0.000, 0.000, 0.000, 0.261, 3.480, 3.383, 3.757, 2.191, 18.306, 31.841, 25.00
1, 1, 0.454, 0.000, 0.000, 0.000, 0.251, 3.277, 3.219, 3.763, 2.191, 0.000, 13.156, 25.00
1, 1, 0.462, 0.000, 0.000, 0.000, 0.241, 3.076, 2.943, 3.765, 2.191, 0.000, 12.678, 25.00
1, 1, 0.480, 0.000, 0.000, 0.000, 0.226, 2.825, 2.583, 4.603, 1.996, 0.000, 12.713, 25.00
1, 1, 0.506, 0.000, 0.000, 0.000, 0.205, 2.497, 2.106, 6.779, 1.603, 0.000, 13.695, 25.00
1, 1, 0.536, 0.000, 0.000, 0.000, 0.179, 2.138, 1.671, 7.046, 1.007, 0.000, 12.577, 25.00
1, 1, 0.560, 0.000, 0.000, 0.000, 0.157, 1.849, 1.334, 7.253, 0.607, 0.000, 11.759, 25.00
1, 1, 0.575, 0.000, 0.000, 0.000, 0.137, 1.646, 1.189, 7.421, 0.203, 0.000, 11.170, 25.00
1, 0, -0.109, -0.000, 0.000, 0.000, -0.022, -0.269, 1.081, 5.977, -0.358, -6.300, 0.000, 25.42
1, 0, 0.009, -0.000, 0.000, 0.000, 0.001, 0.018, 0.994, 4.263, -6.635, 1.350, 0.000, 25.33
1, 0, 0.588, 0.000, 0.000, 0.000, 0.073, 0.958, 0.922, 4.081, -11.218, 4.596, 0.000, 25.02
1, 0, 1.214, 0.000, 0.000, 0.000, 0.121, 1.666, 0.862, 3.945, -12.134, 4.325, 0.000, 24.74
1, 0, 2.221, 0.000, 0.000, 0.000, 0.147, 2.277, 0.811, 3.840, -14.702, 5.406, 0.000, 24.37
1, 0, 3.322, 0.001, 0.000, 0.000, 0.135, 2.555, 0.766, 3.757, -15.489, 4.954, 0.000, 24.04
1, 0, 5.425, 0.002, 0.000, 0.000, 0.073, 2.117, 0.726, 3.689, -17.966, 5.935, -0.000, 23.65
1, 0, 8.301, 0.003, 0.000, 0.000, 0.312, 0.740, 0.690, 3.633, -20.306, 6.627, 0.000, 23.21
1, 0, 8.900, 0.003, 0.000, 0.000, 0.403, 0.602, 0.715, 3.655, -17.629, 3.351, -0.000, 22.98
1, 0, 5.218, 0.002, 0.000, 0.000, 0.300, 0.487, 0.774, 3.621, -2.158, -8.243, -0.000, 23.53
1, 0, 1.976, 0.001, 0.000, 0.000, 0.026, 1.415, 1.151, 3.592, -1.686, -6.474, -0.000, 23.96
1, 0, 0.515, 0.000, 0.000, 0.000, 0.034, 0.952, 1.583, 3.565, -1.193, -5.455, 0.000, 24.33
1, 0, 0.001, -0.000, 0.000, 0.000, 0.000, 0.003, 2.153, 3.541, -0.695, -5.003, 0.000, 24.66
1, 0, -0.178, -0.000, 0.000, 0.000, -0.065, -1.048, 2.636, 3.518, 0.005, -4.868, 0.000, 24.99
1, 0, -0.288, -0.000, 0.000, 0.000, -0.129, -1.987, 2.713, 3.498, 0.112, -3.919, -0.000, 25.25
1, 0, -0.376, -0.000, 0.000, 0.000, -0.181, -2.654, 2.434, 3.479, 0.243, -2.944, -0.000, 25.44
1, 1, 0.006, -0.000, 0.000, 0.000, 0.003, 0.040, 2.346, 3.717, 0.405, 6.664, 13.181, 25.00
1, 1, 0.031, -0.000, 0.000, 0.000, 0.015, 0.220, 2.446, 3.726, 0.405, 0.000, 6.844, 25.00
1, 1, 0.033, -0.000, 0.000, 0.000, 0.015, 0.208, 2.214, 3.729, 0.203, 0.000, 6.402, 25.00
1, 1, 0.032, -0.000, 0.000, 0.000, 0.013, 0.178, 1.939, 4.568, 0.203, 0.000, 6.933, 25.00
1, 1, 0.015, -0.000, 0.000, 0.000, 0.005, 0.065, 1.639, 6.746, -0.204, 0.000, 8.266, 25.00
1, 1, -0.018, -0.000, 0.000, 0.000, -0.004, -0.060, 1.323, 7.013, -0.613, 0.000, 7.641, 25.00
1, 1, -0.051, -0.000, 0.000, 0.000, -0.009, -0.133, 1.101, 7.222, -0.819, 0.000, 7.310, 25.00
1, 1, -0.108, -0.000, 0.000, 0.000, -0.012, -0.207, 0.983, 7.391, -1.234, 0.000, 6.813, 25.00
1, 0, -0.735, -0.000, 0.000, 0.000, -0.055, -1.086, 0.902, 5.949, -1.527, -3.448, 0.000, 25.23
1, 0, 0.762, 0.000, 0.000, 0.000, 0.017, 0.663, 0.836, 4.236, -15.551, 9.038, 0.000, 24.63
1, 0, 3.337, 0.001, 0.000, 0.000, 0.136, 0.763, 0.781, 4.054, -17.470, 8.397, 0.000, 24.07
1, 0, 4.605, 0.002, 0.000, 0.000, 0.415, 1.254, 0.734, 3.920, -17.827, 6.896, 0.000, 23.61
1, 0, 4.061, 0.002, 0.000, 0.000, 0.582, 3.206, 0.693, 3.816, -18.383, 6.022, 0.000, 23.21
1, 0, 3.352, 0.002, 0.000, 0.000, 0.769, 5.442, 0.657, 3.733, -20.702, 6.746, -0.000, 22.76
1, 0, 2.895, 0.002, 0.000, 0.000, 0.922, 7.121, 0.625, 3.666, -21.264, 6.032, -0.000, 22.35
1, 0, 2.345, 0.002, 0.000, 0.000, 1.096, 9.067, 0.595, 3.611, -23.580, 6.863, 0.000, 21.90
1, 0, 2.132, 0.003, 0.000, 0.000, 1.248, 9.581, 0.614, 3.634, -20.818, 3.607, 0.000, 21.66
1, 0, 1.480, 0.002, 0.000, 0.000, 0.948, 5.784, 0.861, 3.601, -2.143, -10.534, 0.000, 22.36
1, 0, 1.066, 0.002, 0.000, 0.000, 0.754, 3.100, 1.192, 3.572, -1.706, -7.980, 0.000, 22.89
1, 0, 0.397, 0.001, 0.000, 0.000, 0.206, 1.951, 1.646, 3.546, -1.034, -6.714, 0.000, 23.34
1, 0, 0.015, 0.000, 0.000, 0.000, 0.013, 0.704, 2.221, 3.523, -0.558, -5.918, -0.000, 23.73
1, 0, -0.047, -0.000, 0.000, 0.000, -0.033, -0.696, 2.824, 3.501, 0.122, -5.671, -0.000, 24.11
1, 0, -0.077, -0.000, 0.000, 0.000, -0.108, -1.932, 3.263, 3.481, 0.602, -5.228, 0.000, 24.46
1, 0, -0.093, -0.000, 0.000, 0.000, -0.183, -2.994, 3.518, 3.463, 1.087, -4.797, 0.000, 24.78
1, 1, -0.105, -0.000, 0.000, 0.000, -0.240, -3.788, 3.344, 3.702, 1.206, -3.311, 0.808, 25.00
1, 1, -0.084, -0.000, 0.000, 0.000, -0.207, -3.132, 3.217, 3.711, 1.405, 0.000, 4.910, 25.00
1, 1, -0.058, -0.000, 0.000, 0.000, -0.183, -2.646, 2.966, 3.715, 1.603, 0.000, 5.396, 25.00
1, 1, -0.084, -0.000, 0.000, 0.000, -0.166, -2.332, 2.572, 4.555, 1.405, 0.000, 5.950, 25.00
1, 1, -0.133, -0.000, 0.000, 0.000, -0.155, -2.125, 2.077, 6.733, 1.007, 0.000, 7.403, 25.00
1, 1, -0.209, -0.000, 0.000, 0.000, -0.149, -2.035, 1.679, 7.001, 0.405, 0.000, 6.692, 25.00
1, 1, -0.304, -0.000, 0.000, 0.000, -0.141, -1.958, 1.346, 7.210, 0.000, 0.000, 6.152, 25.00
1, 1, -0.399, -0.000, 0.000, 0.000, -0.127, -1.856, 1.191, 7.379, -0.408, 0.000, 5.780, 25.00
1, 0, -0.774, -0.000, 0.000, 0.000, -0.163, -2.597, 1.084, 5.938, -0.883, -2.604, -0.000, 25.17
1, 0, -0.340, -0.000, 0.000, 0.000, -0.042, -0.792, 0.997, 4.225, -10.321, 6.273, 0.000, 24.76
1, 0, 0.249, 0.000, 0.000, 0.000, 0.016, 0.420, 0.925, 4.044, -11.006, 5.352, -0.000, 24.40
1, 0, 1.387, 0.001, 0.000, 0.000, 0.038, 1.198, 0.865, 3.910, -13.431, 6.032, 0.000, 24.00
1, 0, 3.130, 0.002, 0.000, 0.000, 0.194, 0.856, 0.814, 3.806, -14.131, 5.329, 0.000, 23.64
1, 0, 3.436, 0.002, 0.000, 0.000, 0.502, 1.970, 0.769, 3.724, -16.554, 6.152, 0.000, 23.23
1, 0, 2.934, 0.002, 0.000, 0.000, 0.642, 3.737, 0.729, 3.658, -17.221, 5.518, 0.000, 22.86
1, 0, 2.384, 0.002, 0.000, 0.000, 0.804, 5.739, 0.693, 3.603, -19.615, 6.391, -0.000, 22.44
1, 0, 2.229, 0.002, 0.000, 0.000, 0.973, 6.636, 0.683, 3.626, -18.606, 4.456, -0.000, 22.14
1, 0, 1.602, 0.002, 0.000, 0.000, 0.695, 3.637, 0.893, 3.594, -1.850, -8.572, -0.000, 22.71
1, 0, 1.914, 0.002, 0.000, 0.000, 0.713, 0.614, 1.263, 3.565, -1.384, -6.686, 0.000, 23.16
1, 0, 0.169, 0.000, 0.000, 0.000, 0.009, 1.074, 1.762, 3.539, -0.696, -5.858, -0.000, 23.55
1, 0, -0.014, -0.000, 0.000, 0.000, -0.013, -0.318, 2.274, 3.516, -0.008, -5.437, -0.000, 23.91
1, 0, -0.059, -0.000, 0.000, 0.000, -0.085, -1.549, 2.758, 3.495, 0.478, -5.037, 0.000, 24.25
1, 0, -0.082, -0.000, 0.000, 0.000, -0.161, -2.620, 3.140, 3.475, 0.967, -4.719, 0.000, 24.56
1, 0, -0.091, -0.000, 0.000, 0.000, -0.228, -3.535, 3.413, 3.457, 1.262, -4.278, 0.000, 24.85
1, 1, -0.088, -0.000, 0.000, 0.000, -0.260, -3.924, 3.341, 3.696, 1.405, -2.313, 1.857, 25.00
1, 1, -0.072, -0.000, 0.000, 0.000, -0.225, -3.254, 3.226, 3.705, 1.800, 0.000, 5.179, 25.00
1, 1, -0.101, -0.000, 0.000, 0.000, -0.198, -2.778, 2.999, 3.710, 1.800, 0.000, 5.432, 25.00
1, 1, -0.138, -0.000, 0.000, 0.000, -0.182, -2.472, 2.601, 4.550, 1.603, 0.000, 5.961, 25.00
1, 1, -0.194, -0.000, 0.000, 0.000, -0.172, -2.278, 2.070, 6.728, 1.206, 0.000, 7.359, 25.00
1, 1, -0.282, -0.000, 0.000, 0.000, -0.168, -2.205, 1.655, 6.996, 0.607, 0.000, 6.602, 25.00
1, 1, -0.378, -0.000, 0.000, 0.000, -0.160, -2.109, 1.362, 7.205, 0.203, 0.000, 6.123, 25.00
1, 1, -0.440, -0.000, 0.000, 0.000, -0.147, -1.980, 1.210, 7.375, 0.000, 0.000, 6.017, 25.00
1, 0, -0.793, -0.000, 0.000, 0.000, -0.197, -2.776, 1.104, 5.933, -0.477, -2.794, -0.000, 25.19
1, 0, -0.638, -0.000, 0.000, 0.000, -0.127, -1.846, 1.018, 4.221, -5.517, 2.889, 0.000, 24.99
1, 0, -0.308, -0.000, 0.000, 0.000, -0.042, -0.679, 0.947, 4.040, -8.282, 4.325, 0.000, 24.71
1, 0, -0.019, -0.000, 0.000, 0.000, -0.002, -0.036, 0.886, 3.906, -7.637, 2.902, 0.000, 24.51
1, 0, 0.355, 0.000, 0.000, 0.000, 0.028, 0.559, 0.835, 3.803, -8.792, 3.213, -0.000, 24.30
1, 0, 1.175, 0.000, 0.000, 0.000, 0.037, 1.158, 0.789, 3.720, -11.516, 4.635, 0.000, 23.99
1, 0, 2.304, 0.001, 0.000, 0.000, 0.063, 1.261, 0.749, 3.654, -12.421, 4.390, -0.000, 23.70
1, 0, 3.969, 0.002, 0.000, 0.000, 0.258, 0.532, 0.713, 3.600, -13.354, 4.280, 0.000, 23.41
1, 0, 3.722, 0.002, 0.000, 0.000, 0.245, 0.833, 0.714, 4.392, -11.178, 1.269, 0.000, 23.33
1, 0, 0.851, 0.000, 0.000, 0.000, 0.015, 1.209, 0.945, 4.436, -0.981, -6.475, 0.000, 23.76
1, 0, 0.024, -0.000, 0.000, 0.000, 0.003, 0.073, 1.281, 4.466, -0.493, -5.354, -0.000, 24.11
1, 0, -0.186, -0.000, 0.000, 0.000, -0.068, -1.160, 1.769, 4.488, 0.201, -5.044, -0.000, 24.45
1, 0, -0.216, -0.000, 0.000, 0.000, -0.154, -2.327, 2.347, 4.504, 0.885, -5.039, 0.000, 24.79
1, 0, -0.214, -0.000, 0.000, 0.000, -0.241, -3.415, 2.945, 4.517, 1.556, -5.148, 0.000, 25.13
1, 0, -0.230, -0.000, 0.000, 0.000, -0.321, -4.434, 3.383, 4.527, 2.026, -4.952, 0.000, 25.46
1, 0, -0.263, -0.000, 0.000, 0.000, -0.395, -5.318, 3.648, 4.535, 2.498, -4.706, 0.000, 25.77
1, 1, -0.024, -0.000, 0.000, 0.000, -0.032, -0.427, 3.444, 4.541, 2.967, 11.607, 22.075, 25.00
1, 1, -0.019, -0.000, 0.000, 0.000, -0.022, -0.288, 3.289, 4.546, 3.159, 0.000, 10.663, 25.00
1, 1, -0.017, -0.000, 0.000, 0.000, -0.016, -0.204, 3.033, 4.550, 3.159, 0.000, 10.504, 25.00
1, 1, -0.022, -0.000, 0.000, 0.000, -0.017, -0.211, 2.624, 5.392, 2.967, 0.000, 10.732, 25.00
1, 1, -0.039, -0.000, 0.000, 0.000, -0.025, -0.294, 2.122, 7.574, 2.580, 0.000, 11.918, 25.00
1, 1, -0.068, -0.000, 0.000, 0.000, -0.034, -0.398, 1.706, 7.846, 1.996, 0.000, 11.048, 25.00
1, 1, -0.096, -0.000, 0.000, 0.000, -0.040, -0.456, 1.389, 8.060, 1.603, 0.000, 10.459, 25.00
1, 1, -0.112, -0.000, 0.000, 0.000, -0.039, -0.458, 1.243, 8.235, 1.206, 0.000, 10.076, 25.00
1, 0, -0.594, -0.000, 0.000, 0.000, -0.171, -2.021, 1.135, 6.286, 0.482, -5.118, 0.000, 25.34
1, 0, -0.864, -0.000, 0.000, 0.000, -0.210, -2.510, 1.048, 4.529, 0.220, -2.213, 0.000, 25.49
1, 0, -0.839, -0.000, 0.000, 0.000, -0.170, -2.071, 0.975, 4.315, -3.232, 1.022, 0.000, 25.42
1, 0, -0.578, -0.000, 0.000, 0.000, -0.096, -1.201, 0.913, 4.155, -6.257, 3.064, -0.000, 25.22
1, 0, -0.102, -0.000, 0.000, 0.000, -0.013, -0.174, 0.860, 4.030, -9.007, 4.406, -0.000, 24.92
1, 0, 0.828, 0.000, 0.000, 0.000, 0.069, 1.017, 0.814, 3.931, -13.188, 6.530, 0.000, 24.49
1, 0, 2.157, 0.000, 0.000, 0.000, 0.096, 1.793, 0.772, 3.850, -15.456, 6.788, -0.000, 24.03
1, 0, 4.279, 0.001, 0.000, 0.000, 0.064, 1.765, 0.735, 3.783, -17.681, 7.053, -0.000, 23.56
1, 0, 5.357, 0.002, 0.000, 0.000, 0.099, 1.643, 0.724, 4.566, -16.708, 4.317, 0.000, 23.28
1, 0, 2.030, 0.000, 0.000, 0.000, 0.032, 1.638, 0.972, 4.600, -1.619, -7.653, 0.000, 23.79
1, 0, 0.577, 0.000, 0.000, 0.000, 0.025, 0.724, 1.243, 4.622, -1.345, -5.845, -0.000, 24.18
1, 0, -0.113, -0.000, 0.000, 0.000, -0.013, -0.258, 1.655, 4.636, -0.847, -5.060, -0.000, 24.51
1, 0, -0.351, -0.000, 0.000, 0.000, -0.079, -1.314, 2.155, 4.646, -0.345, -4.712, -0.000, 24.83
1, 0, -0.411, -0.000, 0.000, 0.000, -0.157, -2.357, 2.680, 4.652, 0.352, -4.760, 0.000, 25.15
1, 0, -0.453, -0.000, 0.000, 0.000, -0.226, -3.313, 3.088, 4.656, 0.648, -4.400, 0.000, 25.44
1, 0, -0.495, -0.000, 0.000, 0.000, -0.291, -4.119, 3.242, 4.659, 0.952, -3.948, 0.000, 25.70
1, 1, 0.007, -0.000, 0.000, 0.000, 0.004, 0.056, 3.142, 4.660, 1.405, 10.529, 19.802, 25.00
1, 1, 0.015, -0.000, 0.000, 0.000, 0.009, 0.127, 3.037, 4.660, 1.603, 0.000, 9.451, 25.00
1, 1, 0.018, -0.000, 0.000, 0.000, 0.010, 0.132, 2.781, 4.660, 1.603, 0.000, 9.203, 25.00
1, 1, 0.009, -0.000, 0.000, 0.000, 0.004, 0.057, 2.380, 5.497, 1.405, 0.000, 9.353, 25.00
1, 1, -0.011, -0.000, 0.000, 0.000, -0.004, -0.056, 1.987, 7.675, 1.007, 0.000, 10.598, 25.00
1, 1, -0.041, -0.000, 0.000, 0.000, -0.014, -0.173, 1.603, 7.943, 0.607, 0.000, 9.925, 25.00
1, 1, -0.080, -0.000, 0.000, 0.000, -0.022, -0.271, 1.300, 8.153, 0.203, 0.000, 9.284, 25.00
1, 1, -0.099, -0.000, 0.000, 0.000, -0.023, -0.296, 1.166, 8.325, 0.000, 0.000, 9.073, 25.00
1, 0, -0.641, -0.000, 0.000, 0.000, -0.125, -1.612, 1.066, 6.373, -0.519, -4.542, -0.000, 25.30
1, 0, -0.467, -0.000, 0.000, 0.000, -0.078, -1.029, 0.985, 4.612, -6.087, 2.064, 0.000, 25.17
1, 0, -0.066, -0.000, 0.000, 0.000, -0.008, -0.118, 0.918, 4.394, -8.962, 3.842, -0.000, 24.91
1, 0, 0.412, 0.000, 0.000, 0.000, 0.042, 0.624, 0.861, 4.231, -9.985, 3.815, 0.000, 24.65
1, 0, 0.972, 0.000, 0.000, 0.000, 0.074, 1.211, 0.811, 4.104, -11.008, 3.835, 0.000, 24.40
1, 0, 1.662, 0.000, 0.000, 0.000, 0.082, 1.624, 0.768, 4.002, -12.023, 3.885, -0.000, 24.14
1, 0, 2.570, 0.001, 0.000, 0.000, 0.065, 1.792, 0.729, 3.918, -13.028, 3.952, 0.000, 23.88
1, 0, 3.865, 0.001, 0.000, 0.000, 0.066, 1.515, 0.694, 3.849, -14.019, 4.028, -0.000, 23.61
1, 0, 4.449, 0.002, 0.000, 0.000, 0.111, 1.455, 0.685, 3.859, -13.385, 2.824, -0.000, 23.42
1, 0, 1.532, 0.000, 0.000, 0.000, 0.031, 1.580, 0.900, 3.815, -1.228, -6.631, -0.000, 23.86
1, 0, 0.347, 0.000, 0.000, 0.000, 0.033, 0.724, 1.258, 3.776, -0.739, -5.400, 0.000, 24.22
1, 0, -0.084, -0.000, 0.000, 0.000, -0.020, -0.341, 1.761, 3.741, -0.041, -5.015, -0.000, 24.56
1, 0, -0.211, -0.000, 0.000, 0.000, -0.096, -1.437, 2.345, 3.708, 0.648, -4.957, 0.000, 24.89
1, 0, -0.249, -0.000, 0.000, 0.000, -0.177, -2.497, 2.965, 3.679, 1.324, -5.046, 0.000, 25.22
1, 0, -0.282, -0.000, 0.000, 0.000, -0.254, -3.502, 3.417, 3.652, 1.800, -4.830, 0.000, 25.55
1, 0, -0.323, -0.000, 0.000, 0.000, -0.326, -4.377, 3.614, 3.626, 2.279, -4.493, -0.000, 25.84
1, 1, 0.055, -0.000, 0.000, 0.000, 0.053, 0.692, 3.395, 3.859, 2.774, 12.668, 23.496, 25.00
1, 1, 0.065, -0.000, 0.000, 0.000, 0.058, 0.741, 3.224, 3.861, 2.967, 0.000, 10.916, 25.00
1, 1, 0.076, -0.000, 0.000, 0.000, 0.060, 0.746, 2.964, 3.860, 2.967, 0.000, 10.672, 25.00
1, 1, 0.083, -0.000, 0.000, 0.000, 0.056, 0.683, 2.604, 4.694, 2.774, 0.000, 10.893, 25.00
1, 1, 0.080, -0.000, 0.000, 0.000, 0.045, 0.528, 2.093, 6.866, 2.386, 0.000, 11.998, 25.00
1, 1, 0.067, -0.000, 0.000, 0.000, 0.030, 0.350, 1.652, 7.129, 1.800, 0.000, 11.028, 25.00
1, 1, 0.056, -0.000, 0.000, 0.000, 0.021, 0.240, 1.365, 7.333, 1.405, 0.000, 10.420, 25.00
1, 1, 0.050, -0.000, 0.000, 0.000, 0.016, 0.186, 1.223, 7.498, 1.007, 0.000, 9.979, 25.00
1, 0, -0.465, -0.000, 0.000, 0.000, -0.127, -1.494, 1.117, 6.051, 0.472, -5.554, 0.000, 25.37
1, 0, -0.746, -0.000, 0.000, 0.000, -0.174, -2.071, 1.031, 4.335, 0.073, -2.447, 0.000, 25.53
1, 0, -0.714, -0.000, 0.000, 0.000, -0.141, -1.704, 0.959, 4.149, -3.414, 0.865, 0.000, 25.48
1, 0, -0.440, -0.000, 0.000, 0.000, -0.072, -0.892, 0.899, 4.011, -6.464, 2.958, -0.000, 25.28
1, 0, 0.052, -0.000, 0.000, 0.000, 0.007, 0.087, 0.846, 3.903, -9.230, 4.335, 0.000, 24.99
1, 0, 0.784, 0.000, 0.000, 0.000, 0.076, 1.045, 0.801, 3.817, -11.806, 5.283, 0.000, 24.64
1, 0, 1.551, 0.000, 0.000, 0.000, 0.112, 1.686, 0.760, 3.747, -12.625, 4.768, 0.000, 24.32
1, 0, 2.838, 0.001, 0.000, 0.000, 0.104, 2.069, 0.723, 3.689, -15.133, 5.709, 0.000, 23.94
1, 0, 3.527, 0.001, 0.000, 0.000, 0.089, 2.342, 0.724, 3.709, -14.264, 3.872, -0.000, 23.68
1, 0, 1.423, 0.000, 0.000, 0.000, 0.075, 1.623, 0.941, 3.673, -1.320, -6.416, 0.000, 24.11
1, 0, 0.378, 0.000, 0.000, 0.000, 0.040, 0.692, 1.291, 3.641, -0.825, -5.218, 0.000, 24.46
1, 0, -0.097, -0.000, 0.000, 0.000, -0.019, -0.299, 1.771, 3.613, -0.123, -4.846, -0.000, 24.78
1, 0, -0.282, -0.000, 0.000, 0.000, -0.089, -1.302, 2.308, 3.587, 0.374, -4.595, 0.000, 25.09
1, 0, -0.355, -0.000, 0.000, 0.000, -0.165, -2.276, 2.804, 3.563, 1.063, -4.635, -0.000, 25.39
1, 0, -0.417, -0.000, 0.000, 0.000, -0.233, -3.163, 3.120, 3.540, 1.359, -4.206, 0.000, 25.68
1, 0, -0.458, -0.000, 0.000, 0.000, -0.292, -3.903, 3.393, 3.520, 1.659, -3.919, 0.000, 25.94
1, 1, 0.167, -0.000, 0.000, 0.000, 0.110, 1.446, 3.351, 3.757, 2.386, 14.045, 25.261, 25.00
1, 1, 0.170, -0.000, 0.000, 0.000, 0.110, 1.417, 3.219, 3.763, 2.580, 0.000, 11.259, 25.00
1, 1, 0.177, -0.000, 0.000, 0.000, 0.106, 1.330, 2.913, 3.765, 2.580, 0.000, 10.871, 25.00
1, 1, 0.178, -0.000, 0.000, 0.000, 0.092, 1.119, 2.421, 4.603, 2.191, 0.000, 10.604, 25.00
1, 1, 0.176, -0.000, 0.000, 0.000, 0.077, 0.920, 1.969, 6.779, 1.800, 0.000, 11.721, 25.00
1, 1, 0.172, -0.000, 0.000, 0.000, 0.064, 0.744, 1.601, 7.046, 1.405, 0.000, 11.030, 25.00
1, 1, 0.158, -0.000, 0.000, 0.000, 0.048, 0.558, 1.324, 7.253, 0.807, 0.000, 10.147, 25.00
1, 1, 0.149, -0.000, 0.000, 0.000, 0.038, 0.455, 1.188, 7.421, 0.405, 0.000, 9.656, 25.00
1, 0, -0.427, -0.000, 0.000, 0.000, -0.093, -1.121, 1.087, 5.977, -0.129, -5.295, 0.000, 25.35
1, 0, -0.402, -0.000, 0.000, 0.000, -0.073, -0.900, 1.005, 4.263, -4.682, 0.788, 0.000, 25.30
1, 0, -0.095, -0.000, 0.000, 0.000, -0.014, -0.179, 0.936, 4.081, -7.732, 3.003, -0.000, 25.10
1, 0, 0.463, 0.000, 0.000, 0.000, 0.053, 0.710, 0.878, 3.945, -10.486, 4.435, -0.000, 24.80
1, 0, 1.309, 0.000, 0.000, 0.000, 0.106, 1.552, 0.828, 3.840, -13.043, 5.408, 0.000, 24.44
1, 0, 2.211, 0.000, 0.000, 0.000, 0.125, 2.063, 0.784, 3.757, -13.837, 4.898, 0.000, 24.12
1, 0, 3.811, 0.001, 0.000, 0.000, 0.086, 2.152, 0.744, 3.689, -16.325, 5.842, -0.000, 23.73
1, 0, 6.674, 0.002, 0.000, 0.000, 0.138, 1.010, 0.709, 3.633, -18.679, 6.513, 0.000, 23.29
1, 0, 7.427, 0.003, 0.000, 0.000, 0.390, 1.401, 0.676, 3.655, -19.300, 5.747, 0.000, 22.91
1, 0, 4.228, 0.001, 0.000, 0.000, 0.134, 1.168, 0.887, 3.621, -1.916, -8.123, -0.000, 23.45
1, 0, 1.483, 0.000, 0.000, 0.000, 0.026, 1.455, 1.233, 3.592, -1.442, -6.347, -0.000, 23.88
1, 0, 0.314, 0.000, 0.000, 0.000, 0.034, 0.717, 1.671, 3.565, -0.747, -5.553, 0.000, 24.25
1, 0, -0.085, -0.000, 0.000, 0.000, -0.020, -0.335, 2.167, 3.541, -0.254, -5.014, -0.000, 24.58
1, 0, -0.226, -0.000, 0.000, 0.000, -0.089, -1.378, 2.714, 3.518, 0.240, -4.779, 0.000, 24.90
1, 0, -0.296, -0.000, 0.000, 0.000, -0.160, -2.358, 3.050, 3.498, 0.736, -4.469, 0.000, 25.20
1, 0, -0.333, -0.000, 0.000, 0.000, -0.222, -3.202, 3.431, 3.479, 1.034, -4.187, 0.000, 25.48
1, 1, -0.007, -0.000, 0.000, 0.000, -0.005, -0.072, 3.286, 3.717, 1.603, 7.133, 15.655, 25.00
1, 1, 0.007, -0.000, 0.000, 0.000, 0.005, 0.063, 3.126, 3.726, 1.800, 0.000, 8.726, 25.00
1, 1, 0.009, -0.000, 0.000, 0.000, 0.005, 0.071, 2.814, 3.729, 1.603, 0.000, 8.231, 25.00
1, 1, 0.011, -0.000, 0.000, 0.000, 0.006, 0.078, 2.451, 4.568, 1.603, 0.000, 8.716, 25.00
1, 1, -0.003, -0.000, 0.000, 0.000, -0.002, -0.020, 2.010, 6.746, 1.206, 0.000, 9.938, 25.00
1, 1, -0.035, -0.000, 0.000, 0.000, -0.013, -0.159, 1.600, 7.013, 0.607, 0.000, 9.012, 25.00
1, 1, -0.066, -0.000, 0.000, 0.000, -0.019, -0.238, 1.301, 7.222, 0.203, 0.000, 8.403, 25.00
1, 1, -0.084, -0.000, 0.000, 0.000, -0.021, -0.264, 1.174, 7.391, 0.000, 0.000, 8.196, 25.00
1, 0, -0.584, -0.000, 0.000, 0.000, -0.117, -1.524, 1.073, 5.949, -0.513, -4.283, 0.000, 25.29
1, 0, -0.299, -0.000, 0.000, 0.000, -0.047, -0.638, 0.991, 4.236, -7.603, 3.360, -0.000, 25.06
1, 0, 0.081, -0.000, 0.000, 0.000, 0.010, 0.147, 0.923, 4.054, -8.696, 3.481, -0.000, 24.83
1, 0, 0.731, 0.000, 0.000, 0.000, 0.064, 1.019, 0.865, 3.920, -11.382, 4.782, 0.000, 24.51
1, 0, 1.473, 0.000, 0.000, 0.000, 0.087, 1.610, 0.815, 3.816, -12.268, 4.467, 0.000, 24.21
1, 0, 2.873, 0.001, 0.000, 0.000, 0.063, 1.852, 0.771, 3.733, -14.816, 5.523, -0.000, 23.84
1, 0, 4.654, 0.002, 0.000, 0.000, 0.101, 1.380, 0.732, 3.666, -15.583, 5.047, -0.000, 23.51
1, 0, 5.901, 0.002, 0.000, 0.000, 0.412, 1.409, 0.697, 3.611, -18.047, 6.014, -0.000, 23.11
1, 0, 5.419, 0.003, 0.000, 0.000, 0.531, 2.647, 0.665, 3.634, -17.099, 4.200, 0.000, 22.83
1, 0, 3.792, 0.002, 0.000, 0.000, 0.239, 1.044, 0.916, 3.601, -1.669, -7.924, 0.000, 23.36
1, 0, 1.146, 0.000, 0.000, 0.000, 0.018, 1.431, 1.258, 3.572, -1.194, -6.232, 0.000, 23.77
1, 0, 0.167, 0.000, 0.000, 0.000, 0.025, 0.563, 1.766, 3.546, -0.503, -5.565, 0.000, 24.14
1, 0, -0.093, -0.000, 0.000, 0.000, -0.038, -0.632, 2.352, 3.523, 0.383, -5.494, 0.000, 24.51
1, 0, -0.172, -0.000, 0.000, 0.000, -0.119, -1.806, 2.935, 3.501, 0.860, -5.199, 0.000, 24.85
1, 0, -0.211, -0.000, 0.000, 0.000, -0.198, -2.876, 3.330, 3.481, 1.340, -4.866, 0.000, 25.18
1, 0, -0.247, -0.000, 0.000, 0.000, -0.267, -3.775, 3.575, 3.463, 1.630, -4.379, 0.000, 25.47
1, 1, -0.036, -0.000, 0.000, 0.000, -0.038, -0.522, 3.377, 3.702, 2.191, 7.067, 15.741, 25.00
1, 1, -0.025, -0.000, 0.000, 0.000, -0.024, -0.327, 3.221, 3.711, 2.386, 0.000, 8.942, 25.00
1, 1, -0.020, -0.000, 0.000, 0.000, -0.017, -0.219, 2.945, 3.715, 2.386, 0.000, 8.791, 25.00
1, 1, -0.024, -0.000, 0.000, 0.000, -0.017, -0.213, 2.529, 4.555, 2.191, 0.000, 9.021, 25.00
1, 1, -0.047, -0.000, 0.000, 0.000, -0.026, -0.325, 2.031, 6.733, 1.603, 0.000, 9.968, 25.00
1, 1, -0.076, -0.000, 0.000, 0.000, -0.034, -0.404, 1.607, 7.001, 1.206, 0.000, 9.301, 25.00
1, 1, -0.100, -0.000, 0.000, 0.000, -0.036, -0.437, 1.332, 7.210, 0.807, 0.000, 8.776, 25.00
1, 1, -0.128, -0.000, 0.000, 0.000, -0.038, -0.466, 1.203, 7.379, 0.405, 0.000, 8.355, 25.00
1, 0, -0.568, -0.000, 0.000, 0.000, -0.147, -1.818, 1.100, 5.938, 0.091, -4.595, 0.000, 25.31
1, 0, -0.709, -0.000, 0.000, 0.000, -0.162, -2.015, 1.016, 4.225, -1.255, -1.101, 0.000, 25.38
1, 0, -0.600, -0.000, 0.000, 0.000, -0.113, -1.448, 0.946, 4.044, -4.561, 1.733, 0.000, 25.26
1, 0, -0.382, -0.000, 0.000, 0.000, -0.062, -0.814, 0.887, 3.910, -5.894, 2.356, 0.000, 25.11
1, 0, -0.093, -0.000, 0.000, 0.000, -0.013, -0.174, 0.836, 3.806, -7.138, 2.776, -0.000, 24.92
1, 0, 0.108, -0.000, 0.000, 0.000, 0.014, 0.192, 0.791, 3.724, -6.719, 1.890, -0.000, 24.80
1, 0, 0.405, 0.000, 0.000, 0.000, 0.044, 0.633, 0.751, 3.658, -8.022, 2.530, 0.000, 24.63
1, 0, 0.803, 0.000, 0.000, 0.000, 0.071, 1.080, 0.715, 3.603, -9.234, 2.961, -0.000, 24.43
1, 0, 1.044, 0.000, 0.000, 0.000, 0.083, 1.318, 0.682, 3.626, -8.782, 2.028, -0.000, 24.29
1, 0, 0.231, 0.000, 0.000, 0.000, 0.024, 0.390, 0.873, 3.594, -0.870, -4.242, -0.000, 24.58
1, 0, -0.164, -0.000, 0.000, 0.000, -0.033, -0.477, 1.312, 3.565, -0.148, -4.054, -0.000, 24.85
1, 0, -0.325, -0.000, 0.000, 0.000, -0.098, -1.360, 1.718, 3.539, 0.367, -3.842, 0.000, 25.10
1, 0, -0.372, -0.000, 0.000, 0.000, -0.166, -2.214, 2.179, 3.516, 1.072, -4.015, 0.000, 25.37
1, 0, -0.400, -0.000, 0.000, 0.000, -0.228, -3.006, 2.646, 3.495, 1.375, -3.881, 0.000, 25.63
1, 0, -0.428, -0.000, 0.000, 0.000, -0.289, -3.741, 2.953, 3.475, 1.873, -3.844, 0.000, 25.89
1, 0, -0.457, -0.000, 0.000, 0.000, -0.341, -4.386, 3.292, 3.457, 2.175, -3.739, 0.000, 26.14
1, 1, 0.206, -0.000, 0.000, 0.000, 0.150, 1.906, 3.174, 3.696, 2.774, 17.038, 28.944, 25.00
1, 1, 0.207, -0.000, 0.000, 0.000, 0.144, 1.776, 2.982, 3.705, 2.967, 0.000, 11.779, 25.00
1, 1, 0.214, -0.000, 0.000, 0.000, 0.136, 1.651, 2.730, 3.710, 2.967, 0.000, 11.408, 25.00
1, 1, 0.222, -0.000, 0.000, 0.000, 0.125, 1.484, 2.387, 4.550, 2.774, 0.000, 11.542, 25.00
1, 1, 0.225, -0.000, 0.000, 0.000, 0.107, 1.231, 1.854, 6.728, 2.386, 0.000, 12.531, 25.00
1, 1, 0.225, -0.000, 0.000, 0.000, 0.091, 1.018, 1.434, 6.996, 1.996, 0.000, 11.760, 25.00
1, 1, 0.228, -0.000, 0.000, 0.000, 0.080, 0.909, 1.240, 7.205, 1.603, 0.000, 11.265, 25.00
1, 1, 0.226, -0.000, 0.000, 0.000, 0.069, 0.789, 1.123, 7.375, 1.206, 0.000, 10.789, 25.00
1, 0, -0.346, -0.000, 0.000, 0.000, -0.093, -1.063, 1.030, 5.933, 0.659, -6.121, 0.000, 25.41
1, 0, -0.741, -0.000, 0.000, 0.000, -0.173, -1.999, 0.954, 4.221, 1.491, -3.753, 0.000, 25.66
1, 0, -0.778, -0.000, 0.000, 0.000, -0.157, -1.838, 0.890, 4.040, -2.172, 0.014, 0.000, 25.66
1, 0, -0.555, -0.000, 0.000, 0.000, -0.096, -1.135, 0.836, 3.906, -5.338, 2.382, 0.000, 25.50
1, 0, -0.250, -0.000, 0.000, 0.000, -0.038, -0.460, 0.788, 3.803, -6.586, 2.744, 0.000, 25.32
1, 0, 0.266, -0.000, 0.000, 0.000, 0.033, 0.411, 0.747, 3.720, -9.382, 4.205, -0.000, 25.04
1, 0, 1.027, 0.000, 0.000, 0.000, 0.097, 1.282, 0.710, 3.654, -11.976, 5.205, -0.000, 24.69
1, 0, 1.808, 0.000, 0.000, 0.000, 0.132, 1.867, 0.676, 3.600, -12.806, 4.722, 0.000, 24.37
1, 0, 2.998, 0.001, 0.000, 0.000, 0.121, 2.117, 0.645, 4.392, -15.437, 5.163, 0.000, 24.03
1, 0, 1.095, 0.000, 0.000, 0.000, 0.079, 1.248, 0.819, 4.436, -1.241, -6.435, 0.000, 24.46
1, 0, 0.147, -0.000, 0.000, 0.000, 0.018, 0.266, 1.179, 4.466, -0.750, -5.327, -0.000, 24.81
1, 0, -0.278, -0.000, 0.000, 0.000, -0.054, -0.758, 1.620, 4.488, -0.252, -4.766, 0.000, 25.13
1, 0, -0.440, -0.000, 0.000, 0.000, -0.131, -1.782, 2.124, 4.504, 0.444, -4.719, 0.000, 25.45
1, 0, -0.502, -0.000, 0.000, 0.000, -0.207, -2.763, 2.679, 4.517, 0.933, -4.657, 0.000, 25.76
1, 0, -0.544, -0.000, 0.000, 0.000, -0.279, -3.682, 3.113, 4.527, 1.418, -4.553, 0.000, 26.06
1, 0, -0.599, -0.000, 0.000, 0.000, -0.344, -4.476, 3.304, 4.535, 1.713, -4.132, 0.000, 26.34
1, 1, 0.356, 0.000, 0.000, 0.000, 0.207, 2.655, 3.205, 4.541, 2.386, 20.027, 33.377, 25.00
1, 1, 0.344, 0.000, 0.000, 0.000, 0.192, 2.414, 3.008, 4.546, 2.386, 0.000, 12.890, 25.00
1, 1, 0.345, -0.000, 0.000, 0.000, 0.180, 2.207, 2.715, 4.550, 2.386, 0.000, 12.383, 25.00
1, 1, 0.351, -0.000, 0.000, 0.000, 0.158, 1.896, 2.238, 5.392, 1.996, 0.000, 12.031, 25.00
1, 1, 0.357, -0.000, 0.000, 0.000, 0.134, 1.584, 1.840, 7.574, 1.405, 0.000, 12.894, 25.00
1, 1, 0.361, -0.000, 0.000, 0.000, 0.118, 1.361, 1.467, 7.846, 1.206, 0.000, 12.360, 25.00
1, 1, 0.361, -0.000, 0.000, 0.000, 0.101, 1.180, 1.227, 8.060, 0.807, 0.000, 11.737, 25.00
1, 1, 0.359, -0.000, 0.000, 0.000, 0.091, 1.056, 1.110, 8.235, 0.607, 0.000, 11.457, 25.00
1, 0, -0.303, -0.000, 0.000, 0.000, -0.067, -0.785, 1.017, 6.286, 0.052, -6.200, 0.000, 25.41
1, 0, -0.519, -0.000, 0.000, 0.000, -0.103, -1.220, 0.941, 4.529, -1.774, -1.854, 0.000, 25.54
1, 0, -0.406, -0.000, 0.000, 0.000, -0.069, -0.832, 0.877, 4.315, -5.179, 1.296, 0.000, 25.45
1, 0, -0.171, -0.000, 0.000, 0.000, -0.026, -0.317, 0.823, 4.155, -6.569, 2.105, -0.000, 25.31
1, 0, 0.143, -0.000, 0.000, 0.000, 0.019, 0.238, 0.776, 4.030, -7.845, 2.638, -0.000, 25.13
1, 0, 0.527, 0.000, 0.000, 0.000, 0.061, 0.781, 0.735, 3.931, -9.044, 3.008, 0.000, 24.93
1, 0, 0.984, 0.000, 0.000, 0.000, 0.097, 1.280, 0.698, 3.850, -10.187, 3.279, -0.000, 24.72
1, 0, 1.527, 0.000, 0.000, 0.000, 0.122, 1.702, 0.665, 3.783, -11.288, 3.488, -0.000, 24.48
1, 0, 2.091, 0.000, 0.000, 0.000, 0.125, 1.917, 0.634, 4.566, -12.471, 3.138, 0.000, 24.27
1, 0, 0.578, 0.000, 0.000, 0.000, 0.065, 0.908, 0.823, 4.600, -0.706, -6.269, 0.000, 24.69
1, 0, -0.091, -0.000, 0.000, 0.000, -0.016, -0.208, 1.111, 4.622, -0.218, -5.200, -0.000, 25.04
1, 0, -0.424, -0.000, 0.000, 0.000, -0.090, -1.174, 1.275, 4.636, -0.114, -4.108, 0.000, 25.31
1, 0, -0.499, -0.000, 0.000, 0.000, -0.157, -2.073, 1.924, 4.646, 0.390, -4.231, 0.000, 25.59
1, 0, -0.532, -0.000, 0.000, 0.000, -0.226, -2.956, 2.470, 4.652, 0.888, -4.296, 0.000, 25.88
1, 0, -0.585, -0.000, 0.000, 0.000, -0.290, -3.754, 2.734, 4.656, 1.190, -3.951, 0.000, 26.14
1, 0, -0.631, -0.000, 0.000, 0.000, -0.348, -4.417, 2.861, 4.659, 1.498, -3.622, 0.000, 26.39
1, 1, 0.407, 0.000, 0.000, 0.000, 0.231, 2.921, 2.930, 4.660, 2.191, 20.778, 34.119, 25.00
1, 1, 0.386, 0.000, 0.000, 0.000, 0.219, 2.746, 2.924, 4.660, 2.386, 0.000, 13.322, 25.00
1, 1, 0.384, 0.000, 0.000, 0.000, 0.206, 2.511, 2.645, 4.660, 2.386, 0.000, 12.792, 25.00
1, 1, 0.392, 0.000, 0.000, 0.000, 0.186, 2.199, 2.146, 5.497, 2.191, 0.000, 12.612, 25.00
1, 1, 0.404, 0.000, 0.000, 0.000, 0.159, 1.832, 1.649, 7.675, 1.603, 0.000, 13.321, 25.00
1, 1, 0.412, 0.000, 0.000, 0.000, 0.142, 1.601, 1.309, 7.943, 1.405, 0.000, 12.813, 25.00
1, 1, 0.418, -0.000, 0.000, 0.000, 0.125, 1.430, 1.137, 8.153, 1.007, 0.000, 12.270, 25.00
1, 1, 0.419, -0.000, 0.000, 0.000, 0.113, 1.297, 1.030, 8.325, 0.807, 0.000, 11.991, 25.00
1, 0, -0.246, -0.000, 0.000, 0.000, -0.061, -0.697, 0.945, 6.373, 0.443, -6.756, 0.000, 25.45
1, 0, -0.579, -0.000, 0.000, 0.000, -0.126, -1.452, 0.875, 4.612, -0.316, -3.015, 0.000, 25.65
1, 0, -0.651, -0.000, 0.000, 0.000, -0.129, -1.497, 0.816, 4.394, -2.294, -0.641, 0.000, 25.69
1, 0, -0.455, -0.000, 0.000, 0.000, -0.077, -0.913, 0.766, 4.231, -5.546, 1.994, 0.000, 25.56
1, 0, -0.167, -0.000, 0.000, 0.000, -0.025, -0.303, 0.723, 4.104, -6.846, 2.514, -0.000, 25.39
1, 0, 0.181, -0.000, 0.000, 0.000, 0.024, 0.295, 0.685, 4.002, -8.068, 2.882, 0.000, 25.20
1, 0, 0.588, 0.000, 0.000, 0.000, 0.068, 0.853, 0.651, 3.918, -9.235, 3.156, -0.000, 24.99
1, 0, 1.063, 0.000, 0.000, 0.000, 0.104, 1.349, 0.620, 3.849, -10.358, 3.372, -0.000, 24.77
1, 0, 1.927, 0.000, 0.000, 0.000, 0.130, 1.858, 0.592, 3.859, -13.071, 4.705, -0.000, 24.45
1, 0, 0.721, 0.000, 0.000, 0.000, 0.063, 0.892, 0.691, 3.815, -1.155, -5.027, 0.000, 24.79
1, 0, 0.040, -0.000, 0.000, 0.000, 0.006, 0.077, 1.000, 3.776, -0.640, -4.258, -0.000, 25.07
1, 0, -0.264, -0.000, 0.000, 0.000, -0.057, -0.770, 1.503, 3.741, -0.124, -4.028, 0.000, 25.34
1, 0, -0.389, -0.000, 0.000, 0.000, -0.126, -1.640, 1.974, 3.708, 0.584, -4.111, 0.000, 25.61
1, 0, -0.457, -0.000, 0.000, 0.000, -0.189, -2.457, 2.431, 3.679, 0.890, -3.896, 0.000, 25.87
1, 0, -0.482, -0.000, 0.000, 0.000, -0.249, -3.225, 2.920, 3.652, 1.389, -4.005, 0.000, 26.14
1, 0, -0.520, -0.000, 0.000, 0.000, -0.309, -3.946, 3.181, 3.626, 1.884, -3.916, 0.000, 26.40
1, 1, 0.465, 0.000, 0.000, 0.000, 0.269, 3.366, 2.929, 3.859, 2.386, 21.030, 34.304, 25.00
1, 1, 0.444, 0.000, 0.000, 0.000, 0.255, 3.150, 2.876, 3.861, 2.580, 0.000, 13.168, 25.00
1, 1, 0.448, 0.000, 0.000, 0.000, 0.236, 2.852, 2.598, 3.860, 2.386, 0.000, 12.380, 25.00
1, 1, 0.461, 0.000, 0.000, 0.000, 0.216, 2.549, 2.200, 4.694, 2.191, 0.000, 12.310, 25.00
1, 1, 0.478, 0.000, 0.000, 0.000, 0.192, 2.221, 1.779, 6.866, 1.800, 0.000, 13.336, 25.00
1, 1, 0.492, 0.000, 0.000, 0.000, 0.174, 1.960, 1.401, 7.129, 1.603, 0.000, 12.758, 25.00
1, 1, 0.502, 0.000, 0.000, 0.000, 0.154, 1.755, 1.164, 7.333, 1.206, 0.000, 12.115, 25.00
1, 1, 0.506, 0.000, 0.000, 0.000, 0.141, 1.607, 1.051, 7.498, 1.007, 0.000, 11.810, 25.00
1, 0, -0.161, -0.000, 0.000, 0.000, -0.041, -0.470, 0.961, 6.051, 0.638, -6.977, -0.000, 25.47
1, 0, -0.676, -0.000, 0.000, 0.000, -0.160, -1.823, 0.888, 4.335, 2.778, -5.341, 0.000, 25.82
1, 0, -0.792, -0.000, 0.000, 0.000, -0.167, -1.909, 0.827, 4.149, -1.098, -1.010, 0.000, 25.89
1, 0, -0.825, -0.000, 0.000, 0.000, -0.167, -1.914, 0.775, 4.011, -1.239, -0.640, 0.000, 25.93
1, 0, -0.736, -0.000, 0.000, 0.000, -0.138, -1.591, 0.730, 3.903, -2.913, 0.745, 0.000, 25.88
1, 0, -0.550, -0.000, 0.000, 0.000, -0.095, -1.107, 0.691, 3.817, -4.396, 1.639, 0.000, 25.77
1, 0, -0.295, -0.000, 0.000, 0.000, -0.047, -0.551, 0.656, 3.747, -5.751, 2.240, -0.000, 25.62
1, 0, 0.014, -0.000, 0.000, 0.000, 0.002, 0.025, 0.625, 3.689, -7.018, 2.663, -0.000, 25.45
1, 0, 0.369, 0.000, 0.000, 0.000, 0.048, 0.576, 0.596, 3.709, -8.230, 2.932, -0.000, 25.25
1, 0, -0.139, -0.000, 0.000, 0.000, -0.021, -0.259, 0.752, 3.673, -0.584, -3.423, 0.000, 25.48
1, 0, -0.361, -0.000, 0.000, 0.000, -0.089, -1.061, 1.206, 3.641, 0.540, -3.876, 0.000, 25.74
1, 0, -0.490, -0.000, 0.000, 0.000, -0.156, -1.876, 1.611, 3.613, 1.048, -3.749, 0.000, 25.99
1, 0, -0.547, -0.000, 0.000, 0.000, -0.220, -2.640, 2.032, 3.587, 1.551, -3.763, 0.000, 26.24
1, 0, -0.650, -0.000, 0.000, 0.000, -0.274, -3.236, 1.972, 3.563, 1.483, -2.858, 0.000, 26.43
1, 0, -0.722, -0.000, 0.000, 0.000, -0.309, -3.611, 1.905, 3.540, 1.429, -2.232, 0.000, 26.58
1, 0, -0.763, -0.000, 0.000, 0.000, -0.330, -3.852, 1.974, 3.520, 1.383, -1.932, -0.000, 26.71
1, 1, 0.851, 0.000, 0.000, 0.000, 0.385, 4.559, 2.293, 3.757, 2.191, 25.582, 39.618, 25.00
1, 1, 0.777, 0.000, 0.000, 0.000, 0.358, 4.243, 2.428, 3.763, 2.386, 0.000, 13.956, 25.00
1, 1, 0.746, 0.000, 0.000, 0.000, 0.332, 3.916, 2.342, 3.765, 2.386, 0.000, 13.488, 25.00
1, 1, 0.746, 0.000, 0.000, 0.000, 0.304, 3.497, 1.955, 4.603, 2.191, 0.000, 13.297, 25.00
1, 1, 0.763, 0.000, 0.000, 0.000, 0.273, 3.063, 1.534, 6.779, 1.800, 0.000, 14.212, 25.00
1, 1, 0.775, 0.000, 0.000, 0.000, 0.249, 2.729, 1.192, 7.046, 1.603, 0.000, 13.593, 25.00
1, 1, 0.783, 0.000, 0.000, 0.000, 0.223, 2.473, 1.006, 7.253, 1.206, 0.000, 12.943, 25.00
1, 1, 0.782, 0.000, 0.000, 0.000, 0.205, 2.273, 0.911, 7.421, 1.007, 0.000, 12.599, 25.00
1, 0, 0.025, -0.000, 0.000, 0.000, 0.006, 0.065, 0.835, 5.977, 0.429, -7.337, 0.000, 25.49
1, 0, -0.445, -0.000, 0.000, 0.000, -0.096, -1.073, 0.773, 4.263, 1.063, -4.486, 0.000, 25.79
1, 0, -0.500, -0.000, 0.000, 0.000, -0.096, -1.076, 0.721, 4.081, -2.699, -0.430, 0.000, 25.82
1, 0, -0.388, -0.000, 0.000, 0.000, -0.068, -0.768, 0.677, 3.945, -4.336, 0.938, 0.000, 25.75
1, 0, -0.171, -0.000, 0.000, 0.000, -0.027, -0.311, 0.639, 3.840, -5.786, 1.816, 0.000, 25.63
1, 0, 0.123, -0.000, 0.000, 0.000, 0.018, 0.206, 0.605, 3.757, -7.110, 2.402, -0.000, 25.47
1, 0, 0.480, 0.000, 0.000, 0.000, 0.062, 0.730, 0.575, 3.689, -8.349, 2.813, 0.000, 25.29
1, 0, 0.898, 0.000, 0.000, 0.000, 0.103, 1.228, 0.548, 3.633, -9.525, 3.115, -0.000, 25.08
1, 0, 1.377, 0.000, 0.000, 0.000, 0.136, 1.665, 0.523, 3.655, -10.663, 3.307, -0.000, 24.86
1, 0, 0.378, 0.000, 0.000, 0.000, 0.057, 0.690, 0.830, 3.621, -0.481, -5.096, -0.000, 25.20
1, 0, -0.106, -0.000, 0.000, 0.000, -0.021, -0.256, 1.062, 3.592, 0.026, -4.296, 0.000, 25.48
1, 0, -0.351, -0.000, 0.000, 0.000, -0.089, -1.091, 1.425, 3.565, 0.338, -3.797, 0.000, 25.74
1, 0, -0.449, -0.000, 0.000, 0.000, -0.151, -1.876, 1.979, 3.541, 0.846, -3.889, 0.000, 26.00
1, 0, -0.482, -0.000, 0.000, 0.000, -0.211, -2.665, 2.706, 3.518, 1.340, -4.206, 0.000, 26.28
1, 0, -0.525, -0.000, 0.000, 0.000, -0.278, -3.489, 3.166, 3.498, 2.020, -4.391, -0.000, 26.57
1, 0, -0.622, -0.000, 0.000, 0.000, -0.341, -4.176, 3.063, 3.479, 2.130, -3.533, 0.000, 26.80
1, 1, 0.756, 0.000, 0.000, 0.000, 0.414, 4.986, 2.929, 3.717, 2.967, 27.071, 42.840, 25.00
1, 1, 0.737, 0.000, 0.000, 0.000, 0.376, 4.446, 2.649, 3.726, 2.774, 0.000, 14.708, 25.00
1, 1, 0.742, 0.000, 0.000, 0.000, 0.344, 3.995, 2.325, 3.729, 2.580, 0.000, 13.715, 25.00
1, 1, 0.772, 0.000, 0.000, 0.000, 0.308, 3.470, 1.764, 4.568, 2.191, 0.000, 13.074, 25.00
1, 1, 0.802, 0.000, 0.000, 0.000, 0.272, 3.035, 1.461, 6.746, 1.603, 0.000, 13.919, 25.00
1, 1, 0.820, 0.000, 0.000, 0.000, 0.248, 2.722, 1.199, 7.013, 1.405, 0.000, 13.407, 25.00
1, 1, 0.830, 0.000, 0.000, 0.000, 0.221, 2.466, 1.042, 7.222, 1.007, 0.000, 12.788, 25.00
1, 1, 0.839, 0.000, 0.000, 0.000, 0.197, 2.210, 0.947, 7.391, 0.607, 0.000, 12.191, 25.00
1, 0, 0.044, -0.000, 0.000, 0.000, 0.009, 0.106, 0.871, 5.949, 0.230, -7.209, 0.000, 25.48
1, 0, -0.335, -0.000, 0.000, 0.000, -0.066, -0.748, 0.807, 4.236, -0.499, -3.395, 0.000, 25.71
1, 0, -0.311, -0.000, 0.000, 0.000, -0.054, -0.618, 0.754, 4.054, -4.115, 0.290, 0.000, 25.69
1, 0, 0.002, -0.000, 0.000, 0.000, 0.000, 0.003, 0.709, 3.920, -7.244, 2.611, -0.000, 25.51
1, 0, 0.381, -0.000, 0.000, 0.000, 0.051, 0.596, 0.670, 3.816, -8.455, 2.941, -0.000, 25.32
1, 0, 1.019, 0.000, 0.000, 0.000, 0.111, 1.338, 0.635, 3.733, -11.222, 4.386, 0.000, 25.03
1, 0, 1.675, 0.000, 0.000, 0.000, 0.152, 1.897, 0.603, 3.666, -12.171, 4.177, 0.000, 24.75
1, 0, 2.749, 0.000, 0.000, 0.000, 0.173, 2.350, 0.575, 3.611, -14.763, 5.304, -0.000, 24.39
1, 0, 3.885, 0.001, 0.000, 0.000, 0.162, 2.504, 0.549, 3.634, -15.575, 4.841, 0.000, 24.07
1, 0, 1.788, 0.000, 0.000, 0.000, 0.111, 1.728, 0.753, 3.601, -1.467, -6.514, -0.000, 24.50
1, 0, 0.561, 0.000, 0.000, 0.000, 0.067, 0.946, 1.094, 3.572, -0.771, -5.469, 0.000, 24.87
1, 0, -0.006, -0.000, 0.000, 0.000, -0.001, -0.017, 1.525, 3.546, -0.073, -4.973, 0.000, 25.20
1, 0, -0.254, -0.000, 0.000, 0.000, -0.074, -0.997, 2.116, 3.523, 0.419, -4.732, 0.000, 25.52
1, 0, -0.380, -0.000, 0.000, 0.000, -0.149, -1.944, 2.534, 3.501, 0.912, -4.474, 0.000, 25.81
1, 0, -0.457, -0.000, 0.000, 0.000, -0.214, -2.785, 2.888, 3.481, 1.210, -4.124, 0.000, 26.09
1, 0, -0.506, -0.000, 0.000, 0.000, -0.271, -3.511, 3.226, 3.463, 1.511, -3.912, 0.000, 26.35
1, 1, 0.516, 0.000, 0.000, 0.000, 0.285, 3.613, 3.069, 3.702, 2.386, 20.252, 33.823, 25.00
1, 1, 0.499, 0.000, 0.000, 0.000, 0.267, 3.329, 2.889, 3.711, 2.386, 0.000, 13.082, 25.00
1, 1, 0.504, 0.000, 0.000, 0.000, 0.248, 3.019, 2.569, 3.715, 2.191, 0.000, 12.246, 25.00
1, 1, 0.518, 0.000, 0.000, 0.000, 0.228, 2.720, 2.194, 4.555, 1.996, 0.000, 12.212, 25.00
1, 1, 0.545, 0.000, 0.000, 0.000, 0.198, 2.308, 1.682, 6.733, 1.405, 0.000, 12.870, 25.00
1, 1, 0.566, 0.000, 0.000, 0.000, 0.174, 1.991, 1.315, 7.001, 1.007, 0.000, 12.055, 25.00
1, 1, 0.579, 0.000, 0.000, 0.000, 0.153, 1.774, 1.139, 7.210, 0.607, 0.000, 11.461, 25.00
1, 1, 0.587, 0.000, 0.000, 0.000, 0.134, 1.558, 1.030, 7.379, 0.203, 0.000, 10.891, 25.00
1, 0, -0.117, -0.000, 0.000, 0.000, -0.023, -0.267, 0.943, 5.938, -0.353, -6.120, 0.000, 25.41
1, 0, -0.110, -0.000, 0.000, 0.000, -0.019, -0.226, 0.872, 4.225, -4.985, 0.243, 0.000, 25.39
1, 0, 0.202, -0.000, 0.000, 0.000, 0.029, 0.352, 0.812, 4.044, -8.110, 2.671, 0.000, 25.21
1, 0, 0.787, 0.000, 0.000, 0.000, 0.089, 1.128, 0.762, 3.910, -10.910, 4.235, 0.000, 24.93
1, 0, 1.680, 0.000, 0.000, 0.000, 0.136, 1.867, 0.718, 3.806, -13.496, 5.288, -0.000, 24.58
1, 0, 2.621, 0.000, 0.000, 0.000, 0.152, 2.302, 0.680, 3.724, -14.306, 4.828, -0.000, 24.26
1, 0, 4.313, 0.001, 0.000, 0.000, 0.099, 2.283, 0.646, 3.658, -16.804, 5.804, 0.000, 23.87
1, 0, 7.337, 0.002, 0.000, 0.000, 0.116, 0.994, 0.615, 3.603, -19.164, 6.497, 0.000, 23.44
1, 0, 7.605, 0.003, 0.000, 0.000, 0.436, 2.204, 0.587, 3.626, -21.434, 6.974, -0.000, 22.97
1, 0, 4.466, 0.001, 0.000, 0.000, 0.062, 1.726, 0.891, 3.594, -1.749, -8.991, -0.000, 23.57
1, 0, 1.508, 0.000, 0.000, 0.000, 0.072, 1.855, 1.169, 3.565, -1.087, -7.082, 0.000, 24.04
1, 0, 0.362, 0.000, 0.000, 0.000, 0.054, 0.933, 1.623, 3.539, -0.411, -6.099, -0.000, 24.45
1, 0, -0.050, -0.000, 0.000, 0.000, -0.014, -0.217, 2.156, 3.516, 0.068, -5.459, -0.000, 24.81
1, 0, -0.203, -0.000, 0.000, 0.000, -0.094, -1.358, 2.795, 3.495, 0.744, -5.379, 0.000, 25.17
1, 0, -0.290, -0.000, 0.000, 0.000, -0.171, -2.420, 3.176, 3.475, 1.028, -4.797, 0.000, 25.49
1, 0, -0.350, -0.000, 0.000, 0.000, -0.240, -3.298, 3.371, 3.457, 1.322, -4.262, 0.000, 25.78
1, 1, 0.139, -0.000, 0.000, 0.000, 0.094, 1.272, 3.164, 3.696, 1.800, 11.650, 21.814, 25.00
1, 1, 0.145, -0.000, 0.000, 0.000, 0.093, 1.234, 2.965, 3.705, 1.800, 0.000, 9.943, 25.00
1, 1, 0.154, -0.000, 0.000, 0.000, 0.088, 1.138, 2.669, 3.710, 1.603, 0.000, 9.361, 25.00
1, 1, 0.159, -0.000, 0.000, 0.000, 0.075, 0.959, 2.255, 4.550, 1.206, 0.000, 9.205, 25.00
1, 1, 0.158, -0.000, 0.000, 0.000, 0.061, 0.766, 1.827, 6.728, 0.807, 0.000, 10.348, 25.00
1, 1, 0.151, -0.000, 0.000, 0.000, 0.047, 0.578, 1.441, 6.996, 0.405, 0.000, 9.618, 25.00
1, 1, 0.141, -0.000, 0.000, 0.000, 0.036, 0.444, 1.210, 7.205, 0.000, 0.000, 9.035, 25.00
1, 1, 0.125, -0.000, 0.000, 0.000, 0.025, 0.324, 1.093, 7.375, -0.408, 0.000, 8.534, 25.00
1, 0, -0.451, -0.000, 0.000, 0.000, -0.078, -1.014, 1.000, 5.933, -0.728, -4.663, -0.000, 25.31
1, 0, -0.003, -0.000, 0.000, 0.000, -0.000, -0.006, 0.925, 4.221, -9.362, 4.226, -0.000, 25.03
1, 0, 0.716, 0.000, 0.000, 0.000, 0.067, 1.003, 0.861, 4.040, -11.944, 5.256, 0.000, 24.68
1, 0, 1.507, 0.000, 0.000, 0.000, 0.099, 1.668, 0.808, 3.906, -12.762, 4.775, 0.000, 24.36
1, 0, 2.453, 0.001, 0.000, 0.000, 0.091, 2.010, 0.761, 3.803, -13.641, 4.521, 0.000, 24.06
1, 0, 3.709, 0.001, 0.000, 0.000, 0.062, 1.933, 0.721, 3.720, -14.549, 4.403, -0.000, 23.77
1, 0, 5.522, 0.002, 0.000, 0.000, 0.135, 1.108, 0.684, 3.654, -15.469, 4.364, -0.000, 23.47
1, 0, 6.190, 0.003, 0.000, 0.000, 0.361, 1.215, 0.652, 3.600, -16.391, 4.372, 0.000, 23.18
1, 0, 4.956, 0.002, 0.000, 0.000, 0.564, 3.421, 0.622, 4.392, -19.068, 5.110, -0.000, 22.84
1, 0, 4.423, 0.002, 0.000, 0.000, 0.326, 0.365, 0.856, 4.436, -1.694, -8.714, 0.000, 23.42
1, 0, 0.944, 0.000, 0.000, 0.000, 0.036, 1.413, 1.173, 4.466, -0.828, -7.204, -0.000, 23.90
1, 0, 0.066, -0.000, 0.000, 0.000, 0.013, 0.244, 1.646, 4.488, -0.160, -6.298, -0.000, 24.32
1, 0, -0.157, -0.000, 0.000, 0.000, -0.071, -1.106, 2.261, 4.504, 0.507, -5.939, -0.000, 24.72
1, 0, -0.213, -0.000, 0.000, 0.000, -0.166, -2.396, 2.911, 4.517, 1.167, -5.821, 0.000, 25.11
1, 0, -0.251, -0.000, 0.000, 0.000, -0.256, -3.577, 3.293, 4.527, 1.632, -5.369, -0.000, 25.47
1, 0, -0.287, -0.000, 0.000, 0.000, -0.332, -4.553, 3.602, 4.535, 1.908, -4.872, 0.000, 25.79
1, 1, 0.024, -0.000, 0.000, 0.000, 0.026, 0.345, 3.352, 4.541, 2.386, 11.853, 22.527, 25.00
1, 1, 0.033, -0.000, 0.000, 0.000, 0.032, 0.417, 3.117, 4.546, 2.580, 0.000, 10.725, 25.00
1, 1, 0.039, -0.000, 0.000, 0.000, 0.032, 0.410, 2.834, 4.550, 2.386, 0.000, 10.252, 25.00
1, 1, 0.041, -0.000, 0.000, 0.000, 0.028, 0.349, 2.424, 5.392, 2.191, 0.000, 10.426, 25.00
1, 1, 0.026, -0.000, 0.000, 0.000, 0.014, 0.166, 1.886, 7.574, 1.603, 0.000, 11.268, 25.00
1, 1, 0.008, -0.000, 0.000, 0.000, 0.004, 0.041, 1.477, 7.846, 1.206, 0.000, 10.582, 25.00
1, 1, -0.004, -0.000, 0.000, 0.000, -0.001, -0.017, 1.267, 8.060, 0.807, 0.000, 10.112, 25.00
1, 1, -0.023, -0.000, 0.000, 0.000, -0.007, -0.081, 1.146, 8.235, 0.405, 0.000, 9.675, 25.00
1, 0, -0.535, -0.000, 0.000, 0.000, -0.128, -1.574, 1.049, 6.286, -0.121, -4.977, 0.000, 25.33
1, 0, -0.514, -0.000, 0.000, 0.000, -0.101, -1.267, 0.970, 4.529, -4.574, 0.957, -0.000, 25.27
1, 0, -0.231, -0.000, 0.000, 0.000, -0.036, -0.467, 0.904, 4.315, -7.599, 3.114, -0.000, 25.06
1, 0, 0.143, -0.000, 0.000, 0.000, 0.018, 0.247, 0.847, 4.155, -8.728, 3.318, -0.000, 24.84
1, 0, 0.796, 0.000, 0.000, 0.000, 0.072, 1.065, 0.799, 4.030, -11.438, 4.676, 0.000, 24.53
1, 0, 1.860, 0.000, 0.000, 0.000, 0.092, 1.719, 0.756, 3.931, -13.960, 5.602, -0.000, 24.15
1, 0, 3.100, 0.001, 0.000, 0.000, 0.078, 1.919, 0.718, 3.850, -14.722, 5.056, 0.000, 23.82
1, 0, 5.702, 0.002, 0.000, 0.000, 0.153, 0.880, 0.684, 3.783, -17.186, 5.981, -0.000, 23.42
1, 0, 5.973, 0.002, 0.000, 0.000, 0.365, 1.543, 0.653, 4.566, -17.995, 4.893, -0.000, 23.09
1, 0, 3.024, 0.001, 0.000, 0.000, 0.075, 1.176, 0.851, 4.600, -1.563, -8.164, 0.000, 23.64
1, 0, 1.052, 0.000, 0.000, 0.000, 0.015, 0.745, 0.987, 4.622, -1.500, -5.919, -0.000, 24.03
1, 0, 0.023, -0.000, 0.000, 0.000, 0.002, 0.046, 1.428, 4.636, -1.002, -5.134, -0.000, 24.37
1, 0, -0.293, -0.000, 0.000, 0.000, -0.050, -0.955, 1.735, 4.646, -0.696, -4.387, -0.000, 24.67
1, 0, -0.543, -0.000, 0.000, 0.000, -0.090, -1.697, 1.447, 4.652, -0.770, -2.999, -0.000, 24.87
1, 0, -0.590, -0.000, 0.000, 0.000, -0.122, -2.249, 1.616, 4.656, -0.831, -2.480, -0.000, 25.03
1, 0, -0.556, -0.000, 0.000, 0.000, -0.159, -2.746, 1.877, 4.659, -0.683, -2.391, -0.000, 25.19
1, 1, -0.245, -0.000, 0.000, 0.000, -0.089, -1.464, 2.081, 4.660, -0.408, 2.853, 7.389, 25.00
1, 1, -0.172, -0.000, 0.000, 0.000, -0.074, -1.190, 2.265, 4.660, -0.204, 0.000, 5.287, 25.00
1, 1, -0.136, -0.000, 0.000, 0.000, -0.063, -0.986, 2.222, 4.660, 0.000, 0.000, 5.697, 25.00
1, 1, -0.151, -0.000, 0.000, 0.000, -0.060, -0.937, 1.895, 5.497, -0.204, 0.000, 6.040, 25.00
1, 1, -0.197, -0.000, 0.000, 0.000, -0.061, -0.943, 1.461, 7.675, -0.408, 0.000, 7.526, 25.00
1, 1, -0.264, -0.000, 0.000, 0.000, -0.061, -0.955, 1.129, 7.943, -0.613, 0.000, 7.179, 25.00
1, 1, -0.367, -0.000, 0.000, 0.000, -0.053, -0.945, 0.961, 8.153, -1.026, 0.000, 6.722, 25.00
1, 1, -0.526, -0.000, 0.000, 0.000, -0.035, -0.888, 0.872, 8.325, -1.442, 0.000, 6.306, 25.00
1, 0, -1.273, -0.000, 0.000, 0.000, -0.038, -1.383, 0.801, 6.373, -1.719, -2.760, -0.000, 25.18
1, 0, 0.907, 0.000, 0.000, 0.000, 0.042, 0.225, 0.742, 4.612, -16.979, 10.451, 0.000, 24.49
1, 0, 2.551, 0.001, 0.000, 0.000, 0.310, 1.008, 0.693, 4.394, -17.063, 8.106, 0.000, 23.95
1, 0, 2.439, 0.002, 0.000, 0.000, 0.535, 3.292, 0.651, 4.231, -19.097, 7.947, 0.000, 23.42
1, 0, 2.263, 0.002, 0.000, 0.000, 0.712, 5.089, 0.615, 4.104, -19.499, 6.715, 0.000, 22.97
1, 0, 1.952, 0.002, 0.000, 0.000, 0.860, 6.676, 0.583, 4.002, -20.067, 5.993, 0.000, 22.57
1, 0, 1.588, 0.002, 0.000, 0.000, 0.991, 8.105, 0.554, 3.918, -20.732, 5.574, 0.000, 22.20
1, 0, 1.199, 0.002, 0.000, 0.000, 1.112, 9.427, 0.528, 3.849, -21.454, 5.336, 0.000, 21.84
1, 0, 0.784, 0.002, 0.000, 0.000, 1.261, 11.059, 0.504, 3.859, -23.879, 6.410, 0.000, 21.42
1, 0, 0.344, 0.002, 0.000, 0.000, 0.920, 7.052, 0.710, 3.815, -2.267, -10.576, 0.000, 22.12
1, 0, 0.258, 0.001, 0.000, 0.000, 0.668, 4.096, 1.026, 3.776, -1.828, -7.995, 0.000, 22.65
1, 0, 0.793, 0.003, 0.000, 0.000, 0.961, 0.880, 1.491, 3.741, -1.154, -6.715, -0.000, 23.10
1, 0, 0.002, 0.000, 0.000, 0.000, 0.009, 0.768, 2.087, 3.708, -0.475, -6.099, 0.000, 23.51
1, 0, -0.176, -0.000, 0.000, 0.000, -0.023, -0.571, 2.642, 3.679, 0.004, -5.555, 0.000, 23.88
1, 0, -0.266, -0.000, 0.000, 0.000, -0.090, -1.735, 3.090, 3.652, 0.488, -5.139, -0.000, 24.22
1, 0, -0.311, -0.000, 0.000, 0.000, -0.158, -2.735, 3.196, 3.626, 0.783, -4.401, 0.000, 24.51
1, 0, -0.316, -0.000, 0.000, 0.000, -0.217, -3.587, 3.035, 3.859, 0.895, -3.669, 0.000, 24.76
1, 0, -0.264, -0.000, 0.000, 0.000, -0.267, -4.263, 2.857, 3.861, 0.828, -2.752, 0.000, 24.94
1, 1, -0.231, -0.000, 0.000, 0.000, -0.276, -4.361, 2.394, 3.860, 0.405, -0.869, 0.920, 25.00
1, 1, -0.211, -0.000, 0.000, 0.000, -0.255, -4.119, 2.018, 4.694, 0.000, 0.000, 2.126, 25.00
1, 1, -0.227, -0.000, 0.000, 0.000, -0.232, -3.942, 1.532, 6.866, -0.408, 0.000, 3.589, 25.00
1, 1, -0.342, -0.001, 0.000, 0.000, -0.188, -3.732, 1.228, 7.129, -0.819, 0.000, 3.275, 25.00
1, 1, -0.661, -0.001, 0.000, 0.000, -0.108, -3.387, 1.081, 7.333, -1.234, 0.000, 3.023, 25.00
1, 1, -1.045, -0.001, 0.000, 0.000, -0.081, -2.914, 0.979, 7.498, -1.442, 0.000, 2.994, 25.00
1, 0, -2.286, -0.002, 0.000, 0.000, -0.415, -1.653, 0.898, 6.051, -1.879, -0.715, 0.000, 25.05
1, 0, 0.057, 0.000, 0.000, 0.000, -0.026, -0.069, 0.831, 4.335, -16.348, 11.220, -0.000, 24.30
1, 0, 0.869, 0.001, 0.000, 0.000, 0.367, 2.066, 0.775, 4.149, -17.970, 9.743, 0.000, 23.65
1, 0, 0.969, 0.002, 0.000, 0.000, 0.606, 4.078, 0.728, 4.011, -18.137, 7.744, 0.000, 23.13
1, 0, 0.820, 0.002, 0.000, 0.000, 0.813, 6.193, 0.686, 3.903, -20.216, 7.799, -0.000, 22.61
1, 0, 0.604, 0.002, 0.000, 0.000, 1.013, 8.279, 0.650, 3.817, -22.284, 7.919, 0.000, 22.09
1, 0, 0.451, 0.002, 0.000, 0.000, 1.165, 9.858, 0.618, 3.747, -22.670, 6.830, 0.000, 21.63
1, 0, 0.442, 0.002, 0.000, 0.000, 1.304, 11.408, 0.588, 3.689, -24.870, 7.436, 0.000, 21.13
1, 0, 0.450, 0.002, 0.000, 0.000, 1.414, 12.605, 0.561, 3.709, -25.320, 6.579, 0.000, 20.70
1, 0, 0.462, 0.001, 0.000, 0.000, 0.984, 7.849, 0.787, 3.673, -2.442, -11.315, 0.000, 21.45
1, 0, 0.541, 0.001, 0.000, 0.000, 0.650, 4.548, 1.074, 3.641, -2.013, -8.442, 0.000, 22.01
1, 0, 0.666, 0.001, 0.000, 0.000, 0.431, 2.116, 1.500, 3.613, -1.547, -6.780, -0.000, 22.47
1, 0, 0.724, 0.001, 0.000, 0.000, 0.223, 0.366, 1.957, 3.587, -1.061, -5.796, 0.000, 22.85
1, 0, -0.243, -0.000, 0.000, 0.000, -0.020, 0.059, 2.408, 3.563, -0.567, -5.200, 0.000, 23.20
1, 0, -0.523, -0.000, 0.000, 0.000, -0.016, -0.917, 2.781, 3.540, -0.268, -4.598, -0.000, 23.51
1, 0, -0.646, -0.000, 0.000, 0.000, -0.062, -1.775, 2.972, 3.520, 0.042, -4.051, -0.000, 23.78
1, 0, -0.741, -0.000, 0.000, 0.000, -0.101, -2.521, 2.887, 3.757, 0.161, -3.442, -0.000, 24.00
1, 0, -0.781, -0.000, 0.000, 0.000, -0.129, -3.060, 2.742, 3.763, 0.097, -2.632, 0.000, 24.18
1, 0, -0.782, -0.000, 0.000, 0.000, -0.150, -3.427, 2.478, 3.765, 0.050, -1.933, -0.000, 24.31
1, 0, -0.842, -0.000, 0.000, 0.000, -0.136, -3.779, 2.174, 4.603, -0.399, -1.622, 0.000, 24.42
1, 0, -1.121, -0.001, 0.000, 0.000, -0.071, -4.269, 1.710, 6.779, -0.864, -2.165, 0.000, 24.56
1, 0, -1.535, -0.001, 0.000, 0.000, -0.156, -4.133, 1.323, 7.046, -1.107, -1.437, 0.000, 24.66
1, 0, -2.815, -0.003, 0.000, 0.000, -1.021, -2.139, 1.120, 7.253, -1.545, -0.850, 0.000, 24.71
1, 0, -1.411, -0.001, 0.000, 0.000, -0.951, -3.627, 1.012, 7.421, -1.976, -0.465, -0.000, 24.74
1, 0, -0.786, -0.001, 0.000, 0.000, -0.727, -4.002, 0.926, 5.977, -2.168, 0.781, -0.000, 24.69
1, 0, 0.024, 0.000, 0.000, 0.000, 0.023, 0.155, 0.855, 4.263, -20.084, 14.763, 0.000, 23.71
1, 0, 0.317, 0.001, 0.000, 0.000, 0.467, 3.554, 0.797, 4.081, -21.218, 12.001, 0.000, 22.91
1, 0, 0.476, 0.001, 0.000, 0.000, 0.701, 5.533, 0.747, 3.945, -19.405, 8.001, 0.000, 22.38
1, 0, 0.621, 0.001, 0.000, 0.000, 0.886, 7.359, 0.704, 3.840, -21.444, 8.032, 0.000, 21.84
1, 0, 0.788, 0.001, 0.000, 0.000, 1.018, 8.697, 0.666, 3.757, -21.815, 6.887, 0.000, 21.38
1, 0, 0.956, 0.001, 0.000, 0.000, 1.116, 9.738, 0.633, 3.689, -22.342, 6.209, 0.000, 20.97
1, 0, 1.127, 0.001, 0.000, 0.000, 1.194, 10.597, 0.602, 3.633, -22.963, 5.808, 0.000, 20.58
1, 0, 1.299, 0.001, 0.000, 0.000, 1.258, 11.328, 0.575, 3.655, -23.650, 5.533, -0.000, 20.21
1, 0, 1.133, 0.001, 0.000, 0.000, 0.842, 6.910, 0.788, 3.621, -2.252, -11.044, 0.000, 20.95
1, 0, 1.039, 0.001, 0.000, 0.000, 0.538, 3.834, 1.141, 3.592, -1.613, -8.531, -0.000, 21.52
1, 0, 1.048, 0.001, 0.000, 0.000, 0.333, 1.496, 1.647, 3.565, -0.950, -7.139, 0.000, 21.99
1, 0, 0.262, 0.000, 0.000, 0.000, 0.029, 0.600, 2.224, 3.541, -0.077, -6.578, -0.000, 22.43
1, 0, -0.526, -0.000, 0.000, 0.000, -0.014, -0.221, 2.951, 3.518, 0.387, -6.095, -0.000, 22.84
1, 0, -0.798, -0.000, 0.000, 0.000, -0.054, -1.355, 3.248, 3.498, 0.862, -5.400, -0.000, 23.20
1, 0, -0.904, -0.000, 0.000, 0.000, -0.115, -2.343, 3.520, 3.479, 1.147, -4.783, 0.000, 23.52
1, 0, -0.990, -0.000, 0.000, 0.000, -0.166, -3.191, 3.301, 3.717, 1.251, -3.923, 0.000, 23.78
1, 0, -0.980, -0.000, 0.000, 0.000, -0.215, -3.817, 3.031, 3.726, 1.375, -3.121, 0.000, 23.98
1, 0, -0.937, -0.000, 0.000, 0.000, -0.243, -4.234, 2.713, 3.729, 1.124, -2.152, -0.000, 24.13
1, 0, -0.909, -0.000, 0.000, 0.000, -0.261, -4.618, 2.323, 4.568, 0.680, -1.782, -0.000, 24.25
1, 0, -1.009, -0.000, 0.000, 0.000, -0.262, -5.163, 1.780, 6.746, 0.021, -2.112, -0.000, 24.39
1, 0, -1.191, -0.001, 0.000, 0.000, -0.211, -5.296, 1.398, 7.013, -0.420, -1.293, -0.000, 24.47
1, 0, -1.480, -0.001, 0.000, 0.000, -0.143, -5.135, 1.214, 7.222, -0.852, -0.823, -0.000, 24.53
1, 0, -1.811, -0.002, 0.000, 0.000, -0.234, -4.697, 1.098, 7.391, -1.076, -0.670, -0.000, 24.57
1, 0, -3.042, -0.003, 0.000, 0.000, -0.930, -2.274, 1.006, 5.949, -1.474, 0.768, -0.000, 24.52
1, 0, -0.678, -0.001, 0.000, 0.000, -0.341, -1.200, 0.930, 4.236, -12.956, 10.009, -0.000, 23.86
1, 0, 0.201, 0.000, 0.000, 0.000, 0.118, 0.639, 0.867, 4.054, -14.757, 8.877, -0.000, 23.26
1, 0, 0.440, 0.001, 0.000, 0.000, 0.373, 2.415, 0.813, 3.920, -15.063, 7.101, -0.000, 22.79
1, 0, 0.516, 0.001, 0.000, 0.000, 0.579, 4.272, 0.767, 3.816, -17.241, 7.291, -0.000, 22.30
1, 0, 0.572, 0.001, 0.000, 0.000, 0.730, 5.713, 0.726, 3.733, -17.742, 6.268, -0.000, 21.89
1, 0, 0.627, 0.001, 0.000, 0.000, 0.843, 6.882, 0.689, 3.666, -18.380, 5.672, 0.000, 21.51
1, 0, 0.673, 0.001, 0.000, 0.000, 0.973, 8.266, 0.656, 3.611, -20.752, 6.571, 0.000, 21.07
1, 0, 0.742, 0.001, 0.000, 0.000, 1.077, 9.362, 0.626, 3.634, -21.347, 5.904, -0.000, 20.68
1, 0, 0.706, 0.001, 0.000, 0.000, 0.717, 5.495, 0.872, 3.601, -1.959, -9.433, 0.000, 21.31
1, 0, 0.720, 0.001, 0.000, 0.000, 0.452, 2.757, 1.206, 3.572, -1.297, -7.411, -0.000, 21.80
1, 0, 0.890, 0.001, 0.000, 0.000, 0.286, 0.547, 1.654, 3.546, -0.618, -6.306, 0.000, 22.22
1, 0, -0.173, 0.000, 0.000, 0.000, -0.017, 0.203, 2.129, 3.523, -0.135, -5.529, 0.000, 22.59
1, 0, -0.520, -0.000, 0.000, 0.000, -0.023, -0.833, 2.710, 3.501, 0.351, -5.186, 0.000, 22.93
1, 0, -0.660, -0.000, 0.000, 0.000, -0.077, -1.840, 3.073, 3.481, 0.643, -4.621, -0.000, 23.24
1, 0, -0.700, -0.000, 0.000, 0.000, -0.138, -2.723, 3.392, 3.463, 0.943, -4.237, 0.000, 23.52
1, 0, -0.749, -0.000, 0.000, 0.000, -0.187, -3.499, 3.138, 3.702, 1.059, -3.465, -0.000, 23.76
1, 0, -0.711, -0.000, 0.000, 0.000, -0.234, -4.070, 2.924, 3.711, 1.191, -2.811, 0.000, 23.94
1, 0, -0.649, -0.000, 0.000, 0.000, -0.261, -4.460, 2.632, 3.715, 0.945, -1.922, -0.000, 24.07
1, 0, -0.622, -0.000, 0.000, 0.000, -0.277, -4.813, 2.176, 4.555, 0.505, -1.524, 0.000, 24.17
1, 0, -0.746, -0.001, 0.000, 0.000, -0.266, -5.306, 1.720, 6.733, -0.153, -1.982, -0.000, 24.30
1, 0, -0.827, -0.001, 0.000, 0.000, -0.241, -5.528, 1.372, 7.001, -0.391, -1.384, -0.000, 24.40
1, 0, -1.046, -0.001, 0.000, 0.000, -0.159, -5.489, 1.185, 7.210, -0.825, -0.875, 0.000, 24.46
1, 0, -1.366, -0.002, 0.000, 0.000, -0.182, -5.151, 1.075, 7.379, -1.049, -0.704, -0.000, 24.50
1, 0, -1.907, -0.002, 0.000, 0.000, -0.430, -3.905, 0.987, 5.938, -1.243, 0.563, 0.000, 24.46
1, 0, -1.212, -0.001, 0.000, 0.000, -0.498, -0.981, 0.914, 4.225, -11.163, 8.716, -0.000, 23.88
1, 0, -0.012, -0.000, 0.000, 0.000, -0.042, -0.145, 0.853, 4.044, -11.522, 6.824, -0.000, 23.43
1, 0, 0.339, 0.001, 0.000, 0.000, 0.220, 1.117, 0.801, 3.910, -12.127, 5.739, 0.000, 23.05
1, 0, 0.447, 0.001, 0.000, 0.000, 0.345, 1.979, 0.756, 3.806, -11.248, 3.914, 0.000, 22.79
1, 0, 0.464, 0.001, 0.000, 0.000, 0.440, 2.902, 0.717, 3.724, -12.245, 3.997, -0.000, 22.52
1, 0, 0.469, 0.001, 0.000, 0.000, 0.529, 3.817, 0.681, 3.658, -13.228, 4.073, 0.000, 22.25
1, 0, 0.477, 0.001, 0.000, 0.000, 0.579, 4.334, 0.649, 3.603, -12.569, 2.926, -0.000, 22.05
1, 0, 0.505, 0.001, 0.000, 0.000, 0.630, 4.949, 0.619, 3.626, -13.711, 3.380, -0.000, 21.83
1, 0, 0.377, 0.001, 0.000, 0.000, 0.367, 2.510, 0.717, 3.594, -1.255, -6.310, 0.000, 22.25
1, 0, 0.490, 0.001, 0.000, 0.000, 0.241, 0.535, 1.124, 3.565, -0.555, -5.401, 0.000, 22.61
1, 0, -0.172, -0.000, 0.000, 0.000, -0.005, -0.142, 1.585, 3.539, 0.345, -5.149, -0.000, 22.95
1, 0, -0.304, -0.000, 0.000, 0.000, -0.065, -1.296, 2.176, 3.516, 1.029, -5.057, 0.000, 23.29
1, 0, -0.353, -0.000, 0.000, 0.000, -0.144, -2.361, 2.746, 3.495, 1.510, -4.892, -0.000, 23.61
1, 0, -0.368, -0.000, 0.000, 0.000, -0.222, -3.351, 3.047, 3.475, 1.992, -4.574, 0.000, 23.92
1, 0, -0.340, -0.000, 0.000, 0.000, -0.288, -4.196, 3.205, 3.457, 2.094, -3.932, 0.000, 24.18
1, 0, -0.278, -0.000, 0.000, 0.000, -0.349, -4.937, 3.089, 3.696, 2.208, -3.430, 0.000, 24.41
1, 0, -0.219, -0.000, 0.000, 0.000, -0.401, -5.465, 2.876, 3.705, 2.335, -2.832, 0.000, 24.60
1, 0, -0.189, -0.000, 0.000, 0.000, -0.439, -5.827, 2.653, 3.710, 2.283, -2.190, 0.000, 24.74
1, 0, -0.172, -0.000, 0.000, 0.000, -0.480, -6.216, 2.207, 4.550, 1.850, -1.738, 0.000, 24.86
1, 1, -0.400, -0.000, 0.000, 0.000, -0.519, -6.611, 1.728, 6.728, 1.206, -2.096, 0.036, 25.00
1, 1, -0.619, -0.000, 0.000, 0.000, -0.483, -6.053, 1.376, 6.996, 0.807, 0.000, 2.024, 25.00
1, 1, -0.820, -0.000, 0.000, 0.000, -0.432, -5.565, 1.180, 7.205, 0.405, 0.000, 1.972, 25.00
1, 1, -1.033, -0.000, 0.000, 0.000, -0.388, -5.134, 1.069, 7.375, 0.000, 0.000, 1.888, 25.00
1, 0, -1.284, -0.000, 0.000, 0.000, -0.345, -4.772, 0.980, 5.933, -0.411, -0.101, -0.000, 25.01
1, 0, -1.061, -0.000, 0.000, 0.000, -0.195, -2.914, 0.907, 4.221, -6.247, 5.288, -0.000, 24.65
1, 0, -0.652, -0.000, 0.000, 0.000, -0.070, -1.251, 0.846, 4.040, -8.695, 5.782, 0.000, 24.27
1, 0, 0.079, -0.000, 0.000, 0.000, 0.002, 0.091, 0.795, 3.906, -11.069, 6.196, 0.000, 23.86
1, 0, 1.606, 0.001, 0.000, 0.000, 0.054, 0.613, 0.750, 3.803, -13.381, 6.556, 0.000, 23.42
1, 0, 2.849, 0.001, 0.000, 0.000, 0.242, 0.823, 0.710, 3.720, -14.007, 5.661, 0.000, 23.04
1, 0, 2.688, 0.001, 0.000, 0.000, 0.442, 2.553, 0.675, 3.654, -16.385, 6.372, -0.000, 22.62
1, 0, 2.385, 0.002, 0.000, 0.000, 0.625, 4.517, 0.643, 3.600, -18.663, 6.892, -0.000, 22.16
1, 0, 2.042, 0.002, 0.000, 0.000, 0.796, 6.361, 0.613, 4.392, -20.984, 6.777, 0.000, 21.71
1, 0, 1.312, 0.001, 0.000, 0.000, 0.517, 3.467, 0.780, 4.436, -2.108, -8.405, -0.000, 22.27
1, 0, 1.133, 0.001, 0.000, 0.000, 0.356, 1.099, 1.161, 4.466, -1.430, -6.786, 0.000, 22.72
1, 0, 0.133, 0.000, 0.000, 0.000, -0.001, 0.418, 1.628, 4.488, -0.742, -5.924, 0.000, 23.11
1, 0, -0.069, -0.000, 0.000, 0.000, -0.040, -0.992, 2.226, 4.504, 0.144, -5.774, -0.000, 23.50
1, 0, -0.063, -0.000, 0.000, 0.000, -0.129, -2.338, 2.950, 4.517, 0.616, -5.554, 0.000, 23.87
1, 0, -0.091, -0.000, 0.000, 0.000, -0.214, -3.521, 3.334, 4.527, 1.094, -5.129, 0.000, 24.21
1, 0, -0.108, -0.000, 0.000, 0.000, -0.290, -4.504, 3.630, 4.535, 1.380, -4.643, 0.000, 24.52
1, 0, -0.129, -0.000, 0.000, 0.000, -0.358, -5.329, 3.313, 4.541, 1.686, -3.724, 0.000, 24.77
1, 0, -0.159, -0.000, 0.000, 0.000, -0.409, -5.906, 3.036, 4.546, 1.621, -2.728, 0.000, 24.95
1, 1, -0.248, -0.000, 0.000, 0.000, -0.399, -5.645, 2.719, 4.550, 1.405, -0.757, 1.624, 25.00
1, 1, -0.361, -0.000, 0.000, 0.000, -0.374, -5.191, 2.292, 5.392, 1.007, 0.000, 2.764, 25.00
1, 1, -0.538, -0.000, 0.000, 0.000, -0.348, -4.818, 1.789, 7.574, 0.405, 0.000, 4.063, 25.00
1, 1, -0.738, -0.000, 0.000, 0.000, -0.321, -4.452, 1.422, 7.846, 0.000, 0.000, 3.757, 25.00
1, 1, -0.940, -0.000, 0.000, 0.000, -0.282, -4.108, 1.229, 8.060, -0.408, 0.000, 3.551, 25.00
1, 1, -1.184, -0.001, 0.000, 0.000, -0.239, -3.774, 1.114, 8.235, -0.819, 0.000, 3.333, 25.00
1, 0, -1.500, -0.001, 0.000, 0.000, -0.216, -3.725, 1.021, 6.286, -1.046, -0.819, -0.000, 25.05
1, 0, -0.816, -0.000, 0.000, 0.000, -0.058, -1.371, 0.945, 4.529, -11.383, 8.154, 0.000, 24.51
1, 0, 0.263, 0.000, 0.000, 0.000, 0.003, 0.237, 0.882, 4.315, -13.428, 7.729, -0.000, 24.00
1, 0, 2.279, 0.001, 0.000, 0.000, 0.156, 0.524, 0.827, 4.155, -15.522, 7.581, 0.000, 23.49
1, 0, 2.803, 0.001, 0.000, 0.000, 0.360, 1.647, 0.781, 4.030, -15.994, 6.372, -0.000, 23.07
1, 0, 2.718, 0.002, 0.000, 0.000, 0.531, 3.038, 0.739, 3.931, -16.626, 5.668, -0.000, 22.69
1, 0, 2.300, 0.002, 0.000, 0.000, 0.698, 4.951, 0.702, 3.850, -18.996, 6.492, 0.000, 22.25
1, 0, 1.988, 0.002, 0.000, 0.000, 0.842, 6.477, 0.669, 3.783, -19.599, 5.837, -0.000, 21.87
1, 0, 1.568, 0.002, 0.000, 0.000, 0.988, 8.121, 0.639, 4.566, -22.065, 6.181, 0.000, 21.45
1, 0, 1.024, 0.001, 0.000, 0.000, 0.678, 4.599, 0.861, 4.600, -2.046, -9.717, -0.000, 22.10
1, 0, 0.760, 0.001, 0.000, 0.000, 0.500, 1.982, 1.173, 4.622, -1.391, -7.646, 0.000, 22.61
1, 0, 0.186, 0.000, 0.000, 0.000, 0.044, 0.755, 1.612, 4.636, -0.717, -6.516, 0.000, 23.05
1, 0, -0.089, -0.000, 0.000, 0.000, -0.020, -0.678, 2.184, 4.646, -0.041, -6.001, 0.000, 23.45
1, 0, -0.143, -0.000, 0.000, 0.000, -0.107, -2.043, 2.878, 4.652, 0.628, -5.866, -0.000, 23.84
1, 0, -0.176, -0.000, 0.000, 0.000, -0.195, -3.283, 3.279, 4.656, 1.099, -5.381, 0.000, 24.20
1, 0, -0.193, -0.000, 0.000, 0.000, -0.274, -4.313, 3.567, 4.659, 1.381, -4.826, 0.000, 24.52
1, 0, -0.218, -0.000, 0.000, 0.000, -0.337, -5.135, 3.277, 4.660, 1.489, -3.735, 0.000, 24.77
1, 0, -0.236, -0.000, 0.000, 0.000, -0.388, -5.723, 2.992, 4.660, 1.424, -2.727, 0.000, 24.95
1, 1, -0.232, -0.000, 0.000, 0.000, -0.386, -5.569, 2.650, 4.660, 1.206, -0.780, 1.548, 25.00
1, 1, -0.239, -0.000, 0.000, 0.000, -0.367, -5.148, 2.268, 5.497, 1.007, 0.000, 3.018, 25.00
1, 1, -0.405, -0.000, 0.000, 0.000, -0.341, -4.777, 1.758, 7.675, 0.405, 0.000, 4.314, 25.00
1, 1, -0.633, -0.000, 0.000, 0.000, -0.306, -4.438, 1.398, 7.943, -0.204, 0.000, 3.761, 25.00
1, 1, -0.862, -0.000, 0.000, 0.000, -0.261, -4.084, 1.218, 8.153, -0.613, 0.000, 3.551, 25.00
1, 1, -1.154, -0.001, 0.000, 0.000, -0.208, -3.722, 1.105, 8.325, -1.026, 0.000, 3.319, 25.00
1, 0, -1.865, -0.001, 0.000, 0.000, -0.126, -3.302, 1.014, 6.373, -1.662, -0.432, 0.000, 25.03
1, 0, -0.478, -0.000, 0.000, 0.000, -0.045, -0.343, 0.940, 4.612, -16.215, 11.529, -0.000, 24.26
1, 0, 1.609, 0.001, 0.000, 0.000, 0.186, 0.776, 0.877, 4.394, -17.790, 9.948, 0.000, 23.60
1, 0, 2.127, 0.001, 0.000, 0.000, 0.522, 3.180, 0.824, 4.231, -21.217, 10.332, 0.000, 22.91
1, 0, 2.073, 0.002, 0.000, 0.000, 0.778, 5.703, 0.778, 4.104, -22.930, 9.493, 0.000, 22.28
1, 0, 1.839, 0.002, 0.000, 0.000, 1.010, 8.090, 0.737, 4.002, -24.753, 9.073, 0.000, 21.67
1, 0, 1.512, 0.002, 0.000, 0.000, 1.229, 10.371, 0.700, 3.918, -26.630, 8.898, 0.000, 21.08
1, 0, 1.113, 0.002, 0.000, 0.000, 1.477, 12.978, 0.667, 3.849, -30.215, 10.130, -0.000, 20.40
1, 0, 0.694, 0.002, 0.000, 0.000, 1.707, 15.352, 0.637, 3.859, -31.947, 9.697, -0.000, 19.76
1, 0, 0.480, 0.001, 0.000, 0.000, 1.182, 9.995, 0.689, 3.815, -3.638, -12.523, 0.000, 20.59
1, 0, 0.360, 0.001, 0.000, 0.000, 0.812, 6.463, 0.984, 3.776, -3.428, -8.967, -0.000, 21.19
1, 0, 0.380, 0.001, 0.000, 0.000, 0.571, 3.857, 1.480, 3.741, -2.743, -7.286, 0.000, 21.67
1, 0, 0.475, 0.001, 0.000, 0.000, 0.391, 1.780, 1.998, 3.708, -2.043, -6.310, -0.000, 22.09
1, 0, 0.311, 0.000, 0.000, 0.000, 0.122, 0.486, 2.521, 3.679, -1.547, -5.572, 0.000, 22.47
1, 0, -0.331, -0.000, 0.000, 0.000, -0.070, -0.092, 2.894, 3.652, -1.246, -4.807, -0.000, 22.79
1, 0, -0.680, -0.000, 0.000, 0.000, -0.090, -0.860, 3.021, 3.626, -0.930, -4.086, 0.000, 23.06
1, 0, -0.913, -0.000, 0.000, 0.000, -0.073, -1.579, 3.046, 3.859, -0.809, -3.530, 0.000, 23.29
1, 0, -1.157, -0.000, 0.000, 0.000, -0.079, -2.003, 2.810, 3.861, -0.873, -2.560, -0.000, 23.46
1, 0, -1.346, -0.000, 0.000, 0.000, -0.105, -2.202, 2.557, 3.860, -0.918, -1.845, -0.000, 23.59
1, 0, -1.892, -0.000, 0.000, 0.000, -0.268, -1.932, 2.105, 4.694, -1.165, -1.543, 0.000, 23.69
1, 0, -2.335, -0.001, 0.000, 0.000, -0.681, -1.768, 1.615, 6.866, -1.840, -1.856, -0.000, 23.81
1, 0, -1.552, -0.000, 0.000, 0.000, -0.609, -2.950, 1.290, 7.129, -2.082, -1.225, -0.000, 23.90
1, 0, -1.177, -0.000, 0.000, 0.000, -0.560, -3.555, 1.130, 7.333, -2.316, -0.855, -0.000, 23.95
1, 0, -0.998, -0.000, 0.000, 0.000, -0.543, -3.827, 1.026, 7.498, -2.544, -0.611, -0.000, 23.99
1, 0, -0.816, -0.000, 0.000, 0.000, -0.485, -3.661, 0.943, 6.051, -2.741, 0.709, 0.000, 23.95
1, 0, 0.154, 0.000, 0.000, 0.000, 0.092, 0.716, 0.874, 4.335, -21.314, 15.145, 0.000, 22.94
1, 0, 0.748, 0.001, 0.000, 0.000, 0.479, 3.932, 0.816, 4.149, -22.396, 12.271, 0.000, 22.12
1, 0, 1.106, 0.001, 0.000, 0.000, 0.690, 5.768, 0.767, 4.011, -20.533, 8.191, 0.000, 21.57
1, 0, 1.332, 0.001, 0.000, 0.000, 0.797, 6.769, 0.724, 3.903, -19.234, 5.709, 0.000, 21.19
1, 0, 1.486, 0.001, 0.000, 0.000, 0.847, 7.280, 0.686, 3.817, -18.286, 4.169, -0.000, 20.91
1, 0, 1.599, 0.001, 0.000, 0.000, 0.864, 7.507, 0.652, 3.747, -17.560, 3.191, -0.000, 20.70
1, 0, 1.684, 0.001, 0.000, 0.000, 0.863, 7.569, 0.621, 3.689, -16.980, 2.552, -0.000, 20.53
1, 0, 1.755, 0.001, 0.000, 0.000, 0.888, 7.888, 0.593, 3.709, -18.155, 3.321, -0.000, 20.31
1, 0, 1.275, 0.001, 0.000, 0.000, 0.560, 4.641, 0.715, 3.673, -1.811, -9.054, 0.000, 20.91
1, 0, 1.058, 0.000, 0.000, 0.000, 0.325, 2.259, 1.120, 3.641, -0.942, -7.462, -0.000, 21.41
1, 0, 0.776, 0.000, 0.000, 0.000, 0.147, 0.568, 1.596, 3.613, -0.270, -6.430, -0.000, 21.84
1, 0, -0.360, -0.000, 0.000, 0.000, -0.023, 0.163, 2.161, 3.587, 0.404, -5.932, -0.000, 22.24
1, 0, -0.919, -0.000, 0.000, 0.000, -0.022, -0.742, 2.753, 3.563, 1.074, -5.706, -0.000, 22.62
1, 0, -1.125, -0.000, 0.000, 0.000, -0.078, -1.757, 3.143, 3.540, 1.351, -5.074, -0.000, 22.95
1, 0, -1.184, -0.000, 0.000, 0.000, -0.142, -2.678, 3.427, 3.520, 1.638, -4.581, -0.000, 23.26
1, 0, -1.237, -0.000, 0.000, 0.000, -0.201, -3.492, 3.165, 3.757, 1.939, -3.929, 0.000, 23.52
1, 0, -1.213, -0.000, 0.000, 0.000, -0.246, -4.089, 2.940, 3.763, 1.866, -3.022, 0.000, 23.72
1, 0, -1.132, -0.000, 0.000, 0.000, -0.286, -4.509, 2.605, 3.765, 1.812, -2.256, 0.000, 23.87
1, 0, -1.087, -0.000, 0.000, 0.000, -0.314, -4.899, 2.185, 4.603, 1.371, -1.859, -0.000, 24.00
1, 0, -1.134, -0.000, 0.000, 0.000, -0.340, -5.467, 1.710, 6.779, 0.716, -2.264, -0.000, 24.15
1, 0, -1.145, -0.001, 0.000, 0.000, -0.338, -5.731, 1.363, 7.046, 0.276, -1.470, -0.000, 24.25
1, 0, -1.133, -0.001, 0.000, 0.000, -0.319, -5.849, 1.177, 7.253, 0.044, -1.172, -0.000, 24.32
1, 0, -1.236, -0.001, 0.000, 0.000, -0.249, -5.824, 1.066, 7.421, -0.384, -0.793, 0.000, 24.38
1, 0, -1.437, -0.001, 0.000, 0.000, -0.168, -5.203, 0.977, 5.977, -0.780, 0.635, -0.000, 24.33
1, 0, -1.174, -0.001, 0.000, 0.000, -0.173, -2.736, 0.905, 4.263, -7.488, 6.404, -0.000, 23.91
1, 0, -0.750, -0.001, 0.000, 0.000, -0.255, -0.629, 0.844, 4.081, -9.790, 6.500, 0.000, 23.47
1, 0, 0.193, 0.000, 0.000, 0.000, 0.082, 0.378, 0.792, 3.945, -12.069, 6.679, 0.000, 23.03
1, 0, 0.418, 0.001, 0.000, 0.000, 0.287, 1.713, 0.747, 3.840, -12.688, 5.683, 0.000, 22.65
1, 0, 0.484, 0.001, 0.000, 0.000, 0.465, 3.317, 0.708, 3.757, -15.069, 6.337, -0.000, 22.23
1, 0, 0.512, 0.001, 0.000, 0.000, 0.641, 5.015, 0.673, 3.689, -17.356, 6.827, -0.000, 21.77
1, 0, 0.529, 0.001, 0.000, 0.000, 0.777, 6.363, 0.641, 3.633, -17.924, 5.979, -0.000, 21.37
1, 0, 0.571, 0.001, 0.000, 0.000, 0.917, 7.822, 0.611, 3.655, -20.267, 6.690, 0.000, 20.93
1, 0, 0.410, 0.001, 0.000, 0.000, 0.582, 4.615, 0.687, 3.621, -2.224, -7.692, 0.000, 21.44
1, 0, 0.297, 0.000, 0.000, 0.000, 0.340, 2.501, 0.879, 3.592, -1.940, -5.670, 0.000, 21.82
1, 0, 0.231, 0.000, 0.000, 0.000, 0.172, 1.002, 1.279, 3.565, -1.631, -4.617, 0.000, 22.13
1, 0, 0.027, 0.000, 0.000, 0.000, 0.011, 0.023, 1.752, 3.541, -1.106, -4.247, 0.000, 22.41
1, 0, -0.476, -0.000, 0.000, 0.000, -0.064, -0.536, 2.402, 3.518, -0.587, -4.257, 0.000, 22.69
1, 0, -0.575, -0.000, 0.000, 0.000, -0.039, -1.544, 2.984, 3.498, 0.126, -4.451, -0.000, 22.99
1, 0, -0.672, -0.000, 0.000, 0.000, -0.094, -2.397, 3.129, 3.479, 0.438, -3.882, -0.000, 23.25
1, 0, -0.787, -0.000, 0.000, 0.000, -0.134, -3.084, 2.809, 3.717, 0.565, -3.086, -0.000, 23.45
1, 0, -0.901, -0.000, 0.000, 0.000, -0.145, -3.451, 2.356, 3.726, 0.316, -1.900, -0.000, 23.58
1, 0, -0.901, -0.000, 0.000, 0.000, -0.144, -3.640, 2.138, 3.729, 0.082, -1.264, -0.000, 23.67
1, 0, -1.015, -0.000, 0.000, 0.000, -0.099, -3.817, 1.818, 4.568, -0.354, -1.100, 0.000, 23.74
1, 0, -1.338, -0.001, 0.000, 0.000, -0.078, -4.133, 1.459, 6.746, -0.611, -2.044, -0.000, 23.88
1, 0, -2.322, -0.002, 0.000, 0.000, -0.454, -3.099, 1.170, 7.013, -1.056, -1.250, -0.000, 23.96
1, 0, -2.736, -0.002, 0.000, 0.000, -0.958, -2.330, 1.027, 7.222, -1.287, -0.934, -0.000, 24.02
1, 0, -1.409, -0.001, 0.000, 0.000, -0.829, -3.830, 0.935, 7.391, -1.720, -0.537, -0.000, 24.06
1, 0, -0.884, -0.001, 0.000, 0.000, -0.680, -4.052, 0.861, 5.949, -1.913, 0.719, -0.000, 24.01
1, 0, -0.087, -0.000, 0.000, 0.000, -0.093, -0.631, 0.800, 4.236, -16.432, 12.207, -0.000, 23.20
1, 0, 0.277, 0.000, 0.000, 0.000, 0.293, 2.220, 0.749, 4.054, -17.927, 10.334, 0.000, 22.51
1, 0, 0.456, 0.001, 0.000, 0.000, 0.538, 4.292, 0.704, 3.920, -18.014, 8.102, -0.000, 21.97
1, 0, 0.565, 0.001, 0.000, 0.000, 0.706, 5.850, 0.666, 3.816, -18.398, 6.794, 0.000, 21.51
1, 0, 0.702, 0.001, 0.000, 0.000, 0.864, 7.414, 0.632, 3.733, -20.612, 7.266, 0.000, 21.03
1, 0, 0.866, 0.001, 0.000, 0.000, 0.981, 8.597, 0.601, 3.666, -21.097, 6.384, 0.000, 20.60
1, 0, 1.026, 0.001, 0.000, 0.000, 1.109, 9.927, 0.573, 3.611, -23.367, 7.120, 0.000, 20.13
1, 0, 1.208, 0.001, 0.000, 0.000, 1.206, 10.937, 0.547, 3.634, -23.871, 6.338, -0.000, 19.71
1, 0, 0.935, 0.001, 0.000, 0.000, 0.796, 6.814, 0.626, 3.601, -2.683, -10.090, -0.000, 20.38
1, 0, 0.777, 0.001, 0.000, 0.000, 0.506, 4.036, 0.922, 3.572, -2.228, -7.587, 0.000, 20.88
1, 0, 0.660, 0.000, 0.000, 0.000, 0.307, 2.045, 1.419, 3.546, -1.744, -6.233, -0.000, 21.30
1, 0, 0.487, 0.000, 0.000, 0.000, 0.141, 0.586, 1.897, 3.523, -1.040, -5.594, 0.000, 21.67
1, 0, -0.298, -0.000, 0.000, 0.000, -0.042, 0.082, 2.506, 3.501, -0.544, -5.206, -0.000, 22.02
1, 0, -0.855, -0.000, 0.000, 0.000, -0.061, -0.628, 2.960, 3.481, -0.045, -4.852, -0.000, 22.34
1, 0, -1.063, -0.000, 0.000, 0.000, -0.046, -1.529, 3.311, 3.463, 0.257, -4.393, -0.000, 22.64
1, 0, -1.287, -0.000, 0.000, 0.000, -0.061, -2.270, 3.008, 3.702, 0.573, -3.666, -0.000, 22.88
1, 0, -1.404, -0.000, 0.000, 0.000, -0.080, -2.774, 2.815, 3.711, 0.506, -2.774, -0.000, 23.07
1, 0, -1.494, -0.000, 0.000, 0.000, -0.091, -3.075, 2.478, 3.715, 0.457, -1.989, -0.000, 23.20
1, 0, -1.789, -0.000, 0.000, 0.000, -0.061, -3.199, 2.079, 4.555, 0.011, -1.595, 0.000, 23.30
1, 0, -2.716, -0.001, 0.000, 0.000, -0.162, -2.846, 1.566, 6.733, -0.452, -2.122, -0.000, 23.45
1, 0, -4.258, -0.001, 0.000, 0.000, -0.631, -1.144, 1.246, 7.001, -0.898, -1.314, -0.000, 23.53
1, 0, -3.075, -0.001, 0.000, 0.000, -0.689, -2.405, 1.096, 7.210, -1.131, -1.005, -0.000, 23.60
1, 0, -2.254, -0.001, 0.000, 0.000, -0.688, -3.285, 0.993, 7.379, -1.360, -0.785, -0.000, 23.65
1, 0, -1.419, -0.000, 0.000, 0.000, -0.599, -3.768, 0.911, 5.938, -1.762, 0.701, 0.000, 23.61
1, 0, -0.248, -0.000, 0.000, 0.000, -0.125, -0.876, 0.843, 4.225, -15.246, 11.427, -0.000, 22.84
1, 0, 0.305, 0.000, 0.000, 0.000, 0.174, 1.308, 0.786, 4.044, -15.215, 8.599, 0.000, 22.27
1, 0, 0.608, 0.001, 0.000, 0.000, 0.376, 2.970, 0.738, 3.910, -15.556, 6.955, 0.000, 21.81
1, 0, 0.804, 0.001, 0.000, 0.000, 0.523, 4.283, 0.696, 3.806, -16.114, 6.002, 0.000, 21.41
1, 0, 0.955, 0.001, 0.000, 0.000, 0.637, 5.371, 0.659, 3.724, -16.800, 5.452, 0.000, 21.04
1, 0, 1.087, 0.001, 0.000, 0.000, 0.732, 6.312, 0.626, 3.658, -17.558, 5.142, 0.000, 20.70
1, 0, 1.214, 0.001, 0.000, 0.000, 0.815, 7.155, 0.597, 3.603, -18.358, 4.973, 0.000, 20.37
1, 0, 1.338, 0.001, 0.000, 0.000, 0.889, 7.918, 0.569, 3.626, -19.189, 4.848, 0.000, 20.05
1, 0, 1.004, 0.001, 0.000, 0.000, 0.567, 4.646, 0.749, 3.594, -1.915, -8.645, 0.000, 20.62
1, 0, 0.782, 0.000, 0.000, 0.000, 0.327, 2.372, 1.034, 3.565, -1.238, -6.843, 0.000, 21.08
1, 0, 0.526, 0.000, 0.000, 0.000, 0.151, 0.795, 1.472, 3.539, -0.752, -5.732, -0.000, 21.46
1, 0, -0.091, 0.000, 0.000, 0.000, -0.015, 0.016, 1.938, 3.516, -0.256, -5.108, 0.000, 21.80
1, 0, -0.867, -0.000, 0.000, 0.000, -0.051, -0.461, 2.404, 3.495, 0.243, -4.762, -0.000, 22.12
1, 0, -1.108, -0.000, 0.000, 0.000, -0.024, -1.346, 2.764, 3.475, 0.545, -4.306, -0.000, 22.41
1, 0, -1.152, -0.000, 0.000, 0.000, -0.080, -2.163, 3.113, 3.457, 0.851, -4.025, 0.000, 22.67
1, 0, -1.251, -0.000, 0.000, 0.000, -0.118, -2.862, 2.995, 3.696, 0.969, -3.429, -0.000, 22.90
1, 0, -1.293, -0.000, 0.000, 0.000, -0.155, -3.372, 2.706, 3.705, 1.104, -2.696, 0.000, 23.08
1, 0, -1.323, -0.000, 0.000, 0.000, -0.169, -3.670, 2.413, 3.710, 0.859, -1.819, -0.000, 23.20
1, 0, -1.381, -0.000, 0.000, 0.000, -0.175, -3.962, 2.072, 4.550, 0.615, -1.719, -0.000, 23.32
1, 0, -1.780, -0.001, 0.000, 0.000, -0.140, -4.284, 1.561, 6.728, 0.155, -2.238, 0.000, 23.47
1, 0, -2.342, -0.001, 0.000, 0.000, -0.101, -4.079, 1.244, 6.996, -0.289, -1.428, -0.000, 23.56
1, 0, -3.348, -0.002, 0.000, 0.000, -0.388, -2.895, 1.087, 7.205, -0.725, -0.934, -0.000, 23.63
1, 0, -3.222, -0.002, 0.000, 0.000, -0.890, -2.517, 0.986, 7.375, -1.155, -0.575, -0.000, 23.66
1, 0, -1.881, -0.001, 0.000, 0.000, -0.795, -3.470, 0.904, 5.933, -1.347, 0.656, 0.000, 23.62
1, 0, -0.360, -0.000, 0.000, 0.000, -0.225, -1.392, 0.837, 4.221, -13.595, 10.514, -0.000, 22.92
1, 0, 0.166, 0.000, 0.000, 0.000, 0.137, 0.986, 0.781, 4.040, -15.328, 9.217, -0.000, 22.30
1, 0, 0.397, 0.001, 0.000, 0.000, 0.369, 2.844, 0.734, 3.906, -15.584, 7.333, 0.000, 21.82
1, 0, 0.553, 0.001, 0.000, 0.000, 0.568, 4.648, 0.692, 3.803, -17.732, 7.468, 0.000, 21.32
1, 0, 0.697, 0.001, 0.000, 0.000, 0.750, 6.392, 0.656, 3.720, -19.858, 7.640, 0.000, 20.81
1, 0, 0.847, 0.001, 0.000, 0.000, 0.884, 7.704, 0.623, 3.654, -20.296, 6.583, 0.000, 20.37
1, 0, 0.994, 0.001, 0.000, 0.000, 1.022, 9.114, 0.594, 3.600, -22.542, 7.216, 0.000, 19.89
1, 0, 1.147, 0.001, 0.000, 0.000, 1.147, 10.405, 0.567, 4.392, -24.817, 7.159, -0.000, 19.41
1, 0, 0.924, 0.001, 0.000, 0.000, 0.738, 6.190, 0.735, 4.436, -2.369, -10.655, 0.000, 20.12
1, 0, 0.712, 0.000, 0.000, 0.000, 0.434, 3.346, 1.023, 4.466, -1.928, -8.053, 0.000, 20.66
1, 0, 0.531, 0.000, 0.000, 0.000, 0.217, 1.316, 1.513, 4.488, -1.251, -6.815, 0.000, 21.11
1, 0, 0.085, 0.000, 0.000, 0.000, 0.022, 0.072, 1.967, 4.504, -0.768, -5.882, 0.000, 21.50
1, 0, -0.933, -0.000, 0.000, 0.000, -0.142, -0.238, 2.347, 4.517, -0.478, -5.072, -0.000, 21.84
1, 0, -1.276, -0.000, 0.000, 0.000, -0.105, -1.128, 2.851, 4.527, -0.181, -4.687, 0.000, 22.16
1, 0, -1.427, -0.000, 0.000, 0.000, -0.070, -2.042, 3.055, 4.535, 0.127, -4.177, -0.000, 22.43
1, 0, -1.651, -0.000, 0.000, 0.000, -0.035, -2.669, 2.860, 4.541, 0.250, -3.295, -0.000, 22.65
1, 0, -1.759, -0.000, 0.000, 0.000, -0.043, -3.091, 2.725, 4.546, 0.187, -2.565, -0.000, 22.82
1, 0, -2.035, -0.000, 0.000, 0.000, -0.039, -3.142, 2.353, 4.550, -0.057, -1.629, 0.000, 22.93
1, 0, -2.489, -0.001, 0.000, 0.000, -0.117, -2.934, 1.968, 5.392, -0.300, -1.519, -0.000, 23.03
1, 0, -4.302, -0.001, 0.000, 0.000, -0.654, -1.220, 1.535, 7.574, -0.969, -1.963, -0.000, 23.17
1, 0, -3.198, -0.001, 0.000, 0.000, -0.745, -2.534, 1.221, 7.846, -1.212, -1.377, -0.000, 23.26
1, 0, -2.232, -0.001, 0.000, 0.000, -0.687, -3.717, 1.068, 8.060, -1.448, -1.044, 0.000, 23.33
1, 0, -1.769, -0.001, 0.000, 0.000, -0.669, -4.266, 0.969, 8.235, -1.678, -0.822, 0.000, 23.38
1, 0, -1.352, -0.000, 0.000, 0.000, -0.597, -4.206, 0.890, 6.286, -1.868, 0.846, 0.000, 23.32
1, 0, -0.261, -0.000, 0.000, 0.000, -0.129, -0.975, 0.825, 4.529, -16.059, 12.071, -0.000, 22.52
1, 0, 0.314, 0.000, 0.000, 0.000, 0.169, 1.334, 0.770, 4.315, -15.932, 9.030, -0.000, 21.92
1, 0, 0.655, 0.000, 0.000, 0.000, 0.372, 3.046, 0.723, 4.155, -16.207, 7.256, 0.000, 21.43
1, 0, 0.861, 0.001, 0.000, 0.000, 0.483, 4.031, 0.683, 4.030, -15.077, 4.988, -0.000, 21.10
1, 0, 1.009, 0.001, 0.000, 0.000, 0.577, 4.923, 0.647, 3.931, -15.904, 4.817, -0.000, 20.78
1, 0, 1.146, 0.001, 0.000, 0.000, 0.661, 5.751, 0.615, 3.850, -16.754, 4.730, 0.000, 20.47
1, 0, 1.263, 0.001, 0.000, 0.000, 0.703, 6.178, 0.586, 3.783, -15.968, 3.455, 0.000, 20.24
1, 0, 1.329, 0.001, 0.000, 0.000, 0.738, 6.570, 0.559, 4.566, -17.131, 3.368, -0.000, 20.01
1, 0, 0.877, 0.000, 0.000, 0.000, 0.426, 3.575, 0.626, 4.600, -1.683, -8.421, 0.000, 20.57
1, 0, 0.518, 0.000, 0.000, 0.000, 0.206, 1.582, 0.931, 4.622, -1.420, -6.439, 0.000, 21.00
1, 0, 0.150, 0.000, 0.000, 0.000, 0.040, 0.223, 1.441, 4.636, -0.724, -5.766, 0.000, 21.39
1, 0, -0.894, -0.000, 0.000, 0.000, -0.099, -0.171, 2.102, 4.646, 0.167, -5.752, 0.000, 21.77
1, 0, -1.174, -0.000, 0.000, 0.000, -0.058, -1.350, 2.807, 4.652, 0.841, -5.717, -0.000, 22.15
1, 0, -1.311, -0.000, 0.000, 0.000, -0.098, -2.481, 3.176, 4.656, 1.316, -5.258, -0.000, 22.50
1, 0, -1.335, -0.000, 0.000, 0.000, -0.175, -3.466, 3.492, 4.659, 1.599, -4.775, 0.000, 22.82
1, 0, -1.426, -0.000, 0.000, 0.000, -0.225, -4.195, 3.129, 4.660, 1.710, -3.653, 0.000, 23.06
1, 0, -1.385, -0.000, 0.000, 0.000, -0.273, -4.734, 2.835, 4.660, 1.837, -2.939, 0.000, 23.26
1, 0, -1.320, -0.000, 0.000, 0.000, -0.302, -5.086, 2.537, 4.660, 1.588, -2.077, 0.000, 23.40
1, 0, -1.326, -0.000, 0.000, 0.000, -0.319, -5.378, 2.068, 5.497, 1.149, -1.690, -0.000, 23.51
1, 0, -1.480, -0.001, 0.000, 0.000, -0.317, -5.813, 1.612, 7.675, 0.493, -2.168, -0.000, 23.65
1, 0, -1.548, -0.001, 0.000, 0.000, -0.304, -6.022, 1.280, 7.943, 0.251, -1.599, 0.000, 23.76
1, 0, -1.619, -0.001, 0.000, 0.000, -0.264, -6.100, 1.128, 8.153, 0.015, -1.312, -0.000, 23.85
1, 0, -1.744, -0.001, 0.000, 0.000, -0.220, -6.067, 1.023, 8.325, -0.216, -1.099, -0.000, 23.92
1, 0, -2.151, -0.002, 0.000, 0.000, -0.208, -5.084, 0.939, 6.373, -0.609, 0.744, -0.000, 23.87
1, 0, -1.983, -0.002, 0.000, 0.000, -0.322, -2.680, 0.870, 4.612, -6.117, 5.621, 0.000, 23.50
1, 0, -1.520, -0.001, 0.000, 0.000, -0.427, -1.138, 0.811, 4.394, -6.918, 4.797, -0.000, 23.18
1, 0, -0.455, -0.000, 0.000, 0.000, -0.209, -0.857, 0.762, 4.231, -7.822, 4.350, 0.000, 22.89
1, 0, -0.009, 0.000, 0.000, 0.000, -0.026, -0.131, 0.719, 4.104, -8.780, 4.123, 0.000, 22.61
1, 0, 0.198, 0.000, 0.000, 0.000, 0.119, 0.741, 0.681, 4.002, -9.764, 4.022, 0.000, 22.34
1, 0, 0.325, 0.001, 0.000, 0.000, 0.277, 2.003, 0.647, 3.918, -12.382, 5.211, 0.000, 22.00
1, 0, 0.409, 0.001, 0.000, 0.000, 0.404, 3.120, 0.617, 3.849, -13.203, 4.803, -0.000, 21.68
1, 0, 0.468, 0.001, 0.000, 0.000, 0.509, 4.112, 0.589, 3.859, -14.084, 4.548, -0.000, 21.37
1, 0, 0.304, 0.000, 0.000, 0.000, 0.271, 1.915, 0.722, 3.815, -1.281, -5.746, 0.000, 21.76
1, 0, 0.150, 0.000, 0.000, 0.000, 0.089, 0.439, 0.998, 3.776, -0.770, -4.681, 0.000, 22.07
1, 0, -0.323, -0.000, 0.000, 0.000, -0.060, -0.329, 1.532, 3.741, -0.054, -4.506, -0.000, 22.37
1, 0, -0.419, -0.000, 0.000, 0.000, -0.046, -1.451, 2.060, 3.708, 0.651, -4.503, 0.000, 22.67
1, 0, -0.449, -0.000, 0.000, 0.000, -0.126, -2.422, 2.642, 3.679, 1.146, -4.470, 0.000, 22.97
1, 0, -0.480, -0.000, 0.000, 0.000, -0.194, -3.304, 2.907, 3.652, 1.448, -4.027, 0.000, 23.24
1, 0, -0.445, -0.000, 0.000, 0.000, -0.258, -4.075, 3.274, 3.626, 1.751, -3.873, 0.000, 23.49
1, 0, -0.407, -0.000, 0.000, 0.000, -0.313, -4.807, 3.035, 3.859, 1.871, -3.237, 0.000, 23.71
1, 0, -0.360, -0.000, 0.000, 0.000, -0.363, -5.297, 2.756, 3.861, 2.005, -2.602, 0.000, 23.88
1, 0, -0.313, -0.000, 0.000, 0.000, -0.394, -5.586, 2.458, 3.860, 1.765, -1.789, 0.000, 24.00
1, 0, -0.309, -0.000, 0.000, 0.000, -0.423, -5.840, 1.961, 4.694, 1.335, -1.416, -0.000, 24.10
1, 0, -0.346, -0.000, 0.000, 0.000, -0.465, -6.336, 1.547, 6.866, 0.883, -2.149, -0.000, 24.24
1, 0, -0.496, -0.001, 0.000, 0.000, -0.468, -6.442, 1.243, 7.129, 0.446, -1.410, -0.000, 24.33
1, 0, -0.800, -0.001, 0.000, 0.000, -0.427, -6.241, 1.098, 7.333, 0.017, -0.978, -0.000, 24.40
1, 0, -1.089, -0.001, 0.000, 0.000, -0.393, -5.980, 0.997, 7.498, -0.208, -0.825, -0.000, 24.45
1, 0, -1.417, -0.001, 0.000, 0.000, -0.303, -5.255, 0.917, 6.051, -0.603, 0.610, -0.000, 24.41
1, 0, -1.224, -0.001, 0.000, 0.000, -0.116, -2.854, 0.850, 4.335, -7.688, 6.697, 0.000, 23.97
1, 0, -0.826, -0.000, 0.000, 0.000, -0.046, -1.230, 0.795, 4.149, -8.336, 5.494, -0.000, 23.60
1, 0, -0.238, -0.000, 0.000, 0.000, -0.030, -0.174, 0.747, 4.011, -9.137, 4.821, -0.000, 23.28
1, 0, 0.846, 0.000, 0.000, 0.000, 0.102, 0.422, 0.705, 3.903, -11.642, 5.663, 0.000, 22.90
1, 0, 1.214, 0.001, 0.000, 0.000, 0.302, 1.752, 0.669, 3.817, -14.028, 6.273, -0.000, 22.48
1, 0, 1.234, 0.001, 0.000, 0.000, 0.451, 3.106, 0.636, 3.747, -14.691, 5.515, -0.000, 22.12
1, 0, 1.112, 0.001, 0.000, 0.000, 0.580, 4.377, 0.606, 3.689, -15.453, 5.089, 0.000, 21.78
1, 0, 0.902, 0.001, 0.000, 0.000, 0.732, 5.956, 0.578, 3.709, -17.924, 6.045, -0.000, 21.37
1, 0, 0.510, 0.001, 0.000, 0.000, 0.478, 3.356, 0.724, 3.673, -1.735, -7.006, 0.000, 21.84
1, 0, 0.369, 0.001, 0.000, 0.000, 0.335, 1.377, 1.044, 3.641, -1.036, -5.732, 0.000, 22.22
1, 0, 0.043, 0.000, 0.000, 0.000, -0.001, 0.322, 1.494, 3.613, -0.333, -5.138, 0.000, 22.57
1, 0, -0.107, -0.000, 0.000, 0.000, -0.031, -0.905, 2.078, 3.587, 0.364, -4.986, -0.000, 22.90
1, 0, -0.149, -0.000, 0.000, 0.000, -0.107, -2.018, 2.747, 3.563, 0.852, -4.888, -0.000, 23.22
1, 0, -0.183, -0.000, 0.000, 0.000, -0.183, -3.041, 3.088, 3.540, 1.342, -4.564, 0.000, 23.53
1, 0, -0.190, -0.000, 0.000, 0.000, -0.252, -3.911, 3.400, 3.520, 1.638, -4.204, 0.000, 23.81
1, 0, -0.199, -0.000, 0.000, 0.000, -0.311, -4.680, 3.074, 3.757, 1.753, -3.394, 0.000, 24.03
1, 0, -0.210, -0.000, 0.000, 0.000, -0.351, -5.140, 2.810, 3.763, 1.692, -2.563, 0.000, 24.21
1, 0, -0.219, -0.000, 0.000, 0.000, -0.377, -5.375, 2.462, 3.765, 1.453, -1.708, 0.000, 24.32
1, 0, -0.249, -0.000, 0.000, 0.000, -0.399, -5.594, 2.038, 4.603, 1.020, -1.419, -0.000, 24.41
1, 0, -0.490, -0.000, 0.000, 0.000, -0.430, -5.912, 1.562, 6.779, 0.568, -2.078, -0.000, 24.55
1, 0, -0.788, -0.001, 0.000, 0.000, -0.422, -5.884, 1.252, 7.046, 0.131, -1.335, -0.000, 24.64
1, 0, -1.100, -0.001, 0.000, 0.000, -0.383, -5.700, 1.114, 7.253, -0.298, -0.884, -0.000, 24.70
1, 0, -1.603, -0.001, 0.000, 0.000, -0.298, -5.238, 1.012, 7.421, -0.925, -0.369, -0.000, 24.73
1, 0, -2.113, -0.001, 0.000, 0.000, -0.175, -4.266, 0.930, 5.977, -1.316, 0.964, -0.000, 24.66
1, 0, -1.183, -0.000, 0.000, 0.000, -0.073, -1.109, 0.862, 4.263, -13.302, 10.542, -0.000, 23.96
1, 0, 0.664, 0.000, 0.000, 0.000, 0.046, 0.214, 0.806, 4.081, -15.027, 9.217, 0.000, 23.34
1, 0, 1.648, 0.001, 0.000, 0.000, 0.320, 1.704, 0.757, 3.945, -16.919, 8.543, 0.000, 22.77
1, 0, 1.734, 0.001, 0.000, 0.000, 0.548, 3.815, 0.715, 3.840, -18.893, 8.241, 0.000, 22.22
1, 0, 1.636, 0.002, 0.000, 0.000, 0.725, 5.541, 0.678, 3.757, -19.252, 6.914, -0.000, 21.76
1, 0, 1.374, 0.002, 0.000, 0.000, 0.909, 7.453, 0.644, 3.689, -21.444, 7.373, -0.000, 21.27
1, 0, 1.072, 0.002, 0.000, 0.000, 1.099, 9.423, 0.614, 3.633, -23.572, 7.729, 0.000, 20.76
1, 0, 0.731, 0.002, 0.000, 0.000, 1.292, 11.413, 0.586, 3.655, -25.659, 7.981, 0.000, 20.22
1, 0, 0.448, 0.001, 0.000, 0.000, 0.896, 7.240, 0.720, 3.621, -2.668, -10.258, -0.000, 20.91
1, 0, 0.336, 0.001, 0.000, 0.000, 0.592, 4.389, 0.974, 3.592, -2.425, -7.457, 0.000, 21.41
1, 0, 0.268, 0.000, 0.000, 0.000, 0.369, 2.404, 1.255, 3.565, -2.141, -5.721, -0.000, 21.79
1, 0, 0.256, 0.000, 0.000, 0.000, 0.217, 0.890, 1.717, 3.541, -1.628, -4.993, 0.000, 22.12
1, 0, -0.035, 0.000, 0.000, 0.000, -0.015, 0.073, 2.196, 3.518, -1.317, -4.420, 0.000, 22.41
1, 0, -0.405, -0.000, 0.000, 0.000, -0.074, -0.634, 2.710, 3.498, -0.797, -4.298, -0.000, 22.70
1, 0, -0.549, -0.000, 0.000, 0.000, -0.056, -1.516, 3.049, 3.479, -0.480, -3.927, -0.000, 22.96
1, 0, -0.755, -0.000, 0.000, 0.000, -0.031, -2.232, 2.770, 3.717, -0.350, -3.119, -0.000, 23.17
1, 0, -0.846, -0.000, 0.000, 0.000, -0.048, -2.714, 2.583, 3.726, -0.206, -2.494, -0.000, 23.34
1, 0, -0.938, -0.000, 0.000, 0.000, -0.055, -3.005, 2.300, 3.729, -0.250, -1.781, -0.000, 23.46
1, 0, -1.256, -0.000, 0.000, 0.000, -0.094, -3.039, 1.918, 4.568, -0.697, -1.399, -0.000, 23.55
1, 0, -2.209, -0.001, 0.000, 0.000, -0.444, -2.415, 1.515, 6.746, -1.162, -2.030, -0.000, 23.68
1, 0, -1.998, -0.001, 0.000, 0.000, -0.807, -2.597, 1.181, 7.013, -1.610, -1.180, -0.000, 23.76
1, 0, -1.277, -0.001, 0.000, 0.000, -0.689, -3.592, 1.041, 7.222, -1.843, -0.861, -0.000, 23.82
1, 0, -0.871, -0.000, 0.000, 0.000, -0.623, -4.107, 0.945, 7.391, -2.278, -0.456, -0.000, 23.85
1, 0, -0.654, -0.000, 0.000, 0.000, -0.544, -3.952, 0.868, 5.949, -2.471, 0.805, 0.000, 23.80
1, 0, 0.080, 0.000, 0.000, 0.000, 0.071, 0.550, 0.805, 4.236, -20.822, 15.080, 0.000, 22.79
1, 0, 0.500, 0.001, 0.000, 0.000, 0.477, 3.904, 0.751, 4.054, -21.913, 12.225, 0.000, 21.98
1, 0, 0.778, 0.001, 0.000, 0.000, 0.732, 6.183, 0.706, 3.920, -21.713, 9.394, -0.000, 21.35
1, 0, 0.992, 0.001, 0.000, 0.000, 0.901, 7.798, 0.667, 3.816, -21.895, 7.721, -0.000, 20.84
1, 0, 1.176, 0.001, 0.000, 0.000, 1.060, 9.389, 0.632, 3.733, -23.971, 7.981, -0.000, 20.30
1, 0, 1.369, 0.001, 0.000, 0.000, 1.176, 10.572, 0.601, 3.666, -24.335, 6.951, -0.000, 19.84
1, 0, 1.549, 0.001, 0.000, 0.000, 1.265, 11.505, 0.572, 3.611, -24.842, 6.338, -0.000, 19.42
1, 0, 1.725, 0.001, 0.000, 0.000, 1.335, 12.270, 0.546, 3.634, -25.444, 5.932, -0.000, 19.02
1, 0, 1.313, 0.001, 0.000, 0.000, 0.896, 7.768, 0.659, 3.601, -2.889, -11.349, -0.000, 19.78
1, 0, 1.093, 0.001, 0.000, 0.000, 0.581, 4.683, 0.980, 3.572, -2.243, -8.666, -0.000, 20.36
1, 0, 0.882, 0.000, 0.000, 0.000, 0.357, 2.516, 1.410, 3.546, -1.776, -6.936, 0.000, 20.82
1, 0, 0.705, 0.000, 0.000, 0.000, 0.187, 0.884, 2.008, 3.523, -1.086, -6.222, -0.000, 21.23
1, 0, -0.022, 0.000, 0.000, 0.000, -0.003, 0.170, 2.532, 3.501, -0.598, -5.580, -0.000, 21.61
1, 0, -0.894, -0.000, 0.000, 0.000, -0.093, -0.223, 2.854, 3.481, -0.303, -4.823, -0.000, 21.93
1, 0, -1.261, -0.000, 0.000, 0.000, -0.094, -0.941, 3.265, 3.463, -0.000, -4.432, -0.000, 22.22
1, 0, -1.690, -0.000, 0.000, 0.000, -0.077, -1.498, 2.904, 3.702, 0.119, -3.461, -0.000, 22.45
1, 0, -1.902, -0.000, 0.000, 0.000, -0.054, -1.934, 2.675, 3.711, 0.256, -2.753, -0.000, 22.64
1, 0, -2.212, -0.000, 0.000, 0.000, -0.086, -1.977, 2.345, 3.715, 0.008, -1.793, 0.000, 22.76
1, 0, -2.876, -0.000, 0.000, 0.000, -0.223, -1.534, 1.959, 4.555, -0.439, -1.441, -0.000, 22.85
1, 0, -3.467, -0.001, 0.000, 0.000, -0.507, -1.318, 1.506, 6.733, -0.904, -2.042, 0.000, 22.99
1, 0, -2.417, -0.000, 0.000, 0.000, -0.538, -2.652, 1.193, 7.001, -1.352, -1.235, -0.000, 23.07
1, 0, -1.907, -0.000, 0.000, 0.000, -0.527, -3.319, 1.060, 7.210, -1.586, -0.930, 0.000, 23.13
1, 0, -1.502, -0.000, 0.000, 0.000, -0.525, -3.769, 0.962, 7.379, -2.022, -0.524, -0.000, 23.17
1, 0, -1.196, -0.000, 0.000, 0.000, -0.479, -3.669, 0.884, 5.938, -2.216, 0.738, 0.000, 23.12
1, 0, 0.085, 0.000, 0.000, 0.000, 0.040, 0.323, 0.819, 4.225, -20.468, 14.976, 0.000, 22.12
1, 0, 0.734, 0.000, 0.000, 0.000, 0.369, 3.092, 0.765, 4.044, -19.920, 10.916, -0.000, 21.39
1, 0, 1.110, 0.001, 0.000, 0.000, 0.589, 5.048, 0.719, 3.910, -19.912, 8.537, 0.000, 20.82
1, 0, 1.358, 0.001, 0.000, 0.000, 0.743, 6.501, 0.678, 3.806, -20.224, 7.136, 0.000, 20.35
1, 0, 1.558, 0.001, 0.000, 0.000, 0.897, 8.004, 0.643, 3.724, -22.389, 7.563, -0.000, 19.84
1, 0, 1.744, 0.001, 0.000, 0.000, 1.014, 9.159, 0.611, 3.658, -22.823, 6.636, -0.000, 19.40
1, 0, 1.903, 0.001, 0.000, 0.000, 1.106, 10.099, 0.582, 3.603, -23.384, 6.090, -0.000, 19.00
1, 0, 2.049, 0.001, 0.000, 0.000, 1.182, 10.889, 0.556, 3.626, -24.030, 5.727, -0.000, 18.61
1, 0, 1.418, 0.001, 0.000, 0.000, 0.783, 6.916, 0.577, 3.594, -2.926, -10.362, -0.000, 19.30
1, 0, 1.026, 0.000, 0.000, 0.000, 0.501, 4.304, 0.755, 3.565, -2.681, -7.471, -0.000, 19.80
1, 0, 0.790, 0.000, 0.000, 0.000, 0.312, 2.428, 1.281, 3.539, -2.189, -6.163, -0.000, 20.21
1, 0, 0.474, 0.000, 0.000, 0.000, 0.158, 1.139, 1.541, 3.516, -1.885, -4.944, -0.000, 20.54
1, 0, 0.129, 0.000, 0.000, 0.000, 0.040, 0.298, 1.342, 3.495, -1.761, -3.542, -0.000, 20.78
1, 0, -0.148, 0.000, 0.000, 0.000, -0.038, -0.232, 1.942, 3.475, -1.633, -3.367, -0.000, 21.00
1, 0, -0.607, -0.000, 0.000, 0.000, -0.121, -0.510, 2.464, 3.457, -1.295, -3.389, -0.000, 21.23
1, 0, -1.204, -0.000, 0.000, 0.000, -0.206, -0.670, 2.481, 3.696, -0.953, -3.144, -0.000, 21.44
1, 0, -1.305, -0.000, 0.000, 0.000, -0.241, -1.164, 1.993, 3.705, -1.002, -1.985, -0.000, 21.57
1, 0, -1.293, -0.000, 0.000, 0.000, -0.260, -1.455, 1.775, 3.710, -1.243, -1.233, -0.000, 21.65
1, 0, -1.249, -0.000, 0.000, 0.000, -0.284, -1.821, 1.498, 4.550, -1.484, -1.209, -0.000, 21.73
1, 0, -1.226, -0.000, 0.000, 0.000, -0.334, -2.489, 1.113, 6.728, -1.954, -1.837, -0.000, 21.86
1, 0, -1.226, -0.000, 0.000, 0.000, -0.357, -2.891, 0.923, 6.996, -1.990, -1.455, -0.000, 21.95
1, 0, -1.202, -0.000, 0.000, 0.000, -0.377, -3.156, 0.833, 7.205, -2.231, -1.072, -0.000, 22.03
1, 0, -1.164, -0.000, 0.000, 0.000, -0.389, -3.341, 0.761, 7.375, -2.465, -0.777, 0.000, 22.08
1, 0, -1.025, -0.000, 0.000, 0.000, -0.362, -3.164, 0.703, 5.933, -2.665, 0.579, 0.000, 22.04
1, 0, 0.261, 0.000, 0.000, 0.000, 0.093, 0.825, 0.654, 4.221, -20.722, 14.667, 0.000, 21.06
1, 0, 1.030, 0.000, 0.000, 0.000, 0.382, 3.422, 0.613, 4.040, -20.215, 10.728, -0.000, 20.35
1, 0, 1.513, 0.000, 0.000, 0.000, 0.577, 5.234, 0.578, 3.906, -20.233, 8.424, -0.000, 19.78
1, 0, 1.797, 0.001, 0.000, 0.000, 0.685, 6.250, 0.547, 3.803, -18.902, 5.820, -0.000, 19.40
1, 0, 1.992, 0.001, 0.000, 0.000, 0.775, 7.124, 0.519, 3.720, -19.596, 5.465, 0.000, 19.03
1, 0, 2.126, 0.001, 0.000, 0.000, 0.820, 7.577, 0.494, 3.654, -18.678, 4.006, -0.000, 18.76
1, 0, 2.233, 0.001, 0.000, 0.000, 0.873, 8.115, 0.471, 3.600, -19.631, 4.339, -0.000, 18.48
1, 0, 2.310, 0.001, 0.000, 0.000, 0.915, 8.557, 0.450, 4.392, -20.659, 4.034, 0.000, 18.21
1, 0, 1.563, 0.000, 0.000, 0.000, 0.573, 5.113, 0.556, 4.436, -2.113, -10.129, 0.000, 18.88
1, 0, 1.016, 0.000, 0.000, 0.000, 0.325, 2.778, 0.811, 4.466, -1.665, -7.731, 0.000, 19.40
1, 0, 0.514, 0.000, 0.000, 0.000, 0.150, 1.243, 0.987, 4.488, -1.598, -5.785, -0.000, 19.78
1, 0, 0.106, 0.000, 0.000, 0.000, 0.023, 0.153, 1.745, 4.504, -0.893, -5.639, 0.000, 20.16
1, 0, -0.503, 0.000, 0.000, 0.000, -0.092, -0.548, 1.898, 4.517, -0.591, -4.681, -0.000, 20.47
1, 0, -1.380, -0.000, 0.000, 0.000, -0.185, -0.676, 2.475, 4.527, -0.286, -4.474, -0.000, 20.77
1, 0, -2.360, -0.000, 0.000, 0.000, -0.250, -0.615, 2.532, 4.535, 0.031, -3.872, -0.000, 21.03
1, 0, -3.260, -0.000, 0.000, 0.000, -0.307, -0.411, 2.440, 4.541, 0.159, -3.160, 0.000, 21.24
1, 0, -3.659, -0.000, 0.000, 0.000, -0.355, -0.487, 2.180, 4.546, 0.101, -2.326, -0.000, 21.39
1, 0, -3.825, -0.000, 0.000, 0.000, -0.382, -0.601, 2.035, 4.550, 0.056, -1.833, 0.000, 21.52
1, 0, -3.260, -0.000, 0.000, 0.000, -0.400, -1.540, 1.664, 5.392, -0.191, -1.664, 0.000, 21.63
1, 0, -2.743, -0.000, 0.000, 0.000, -0.447, -2.718, 1.244, 7.574, -0.661, -2.249, -0.000, 21.78
1, 0, -2.356, -0.000, 0.000, 0.000, -0.482, -3.423, 0.993, 7.846, -1.115, -1.463, -0.000, 21.87
1, 0, -2.115, -0.000, 0.000, 0.000, -0.493, -3.840, 0.880, 8.060, -1.353, -1.137, -0.000, 21.95
1, 0, -1.936, -0.000, 0.000, 0.000, -0.506, -4.101, 0.798, 8.235, -1.587, -0.903, -0.000, 22.01
1, 0, -1.565, -0.000, 0.000, 0.000, -0.470, -3.959, 0.732, 6.286, -1.987, 0.963, 0.000, 21.95
1, 0, -0.233, 0.000, 0.000, 0.000, -0.076, -0.656, 0.678, 4.529, -16.978, 12.736, -0.000, 21.10
1, 0, 0.529, 0.000, 0.000, 0.000, 0.185, 1.629, 0.633, 4.315, -16.754, 9.463, -0.000, 20.47
1, 0, 1.052, 0.000, 0.000, 0.000, 0.404, 3.615, 0.594, 4.155, -18.616, 8.797, -0.000, 19.88
1, 0, 1.398, 0.000, 0.000, 0.000, 0.563, 5.106, 0.561, 4.030, -18.901, 7.243, -0.000, 19.40
1, 0, 1.638, 0.001, 0.000, 0.000, 0.686, 6.280, 0.531, 3.931, -19.397, 6.330, -0.000, 18.97
1, 0, 1.826, 0.001, 0.000, 0.000, 0.786, 7.257, 0.505, 3.850, -20.018, 5.794, -0.000, 18.59
1, 0, 1.984, 0.001, 0.000, 0.000, 0.872, 8.108, 0.481, 3.783, -20.713, 5.484, -0.000, 18.22
1, 0, 2.119, 0.001, 0.000, 0.000, 0.968, 9.072, 0.459, 4.566, -23.245, 6.061, 0.000, 17.82
1, 0, 1.429, 0.000, 0.000, 0.000, 0.609, 5.450, 0.530, 4.600, -2.400, -10.217, -0.000, 18.50
1, 0, 0.920, 0.000, 0.000, 0.000, 0.352, 3.032, 0.792, 4.622, -2.159, -7.558, -0.000, 19.00
1, 0, 0.521, 0.000, 0.000, 0.000, 0.168, 1.353, 1.170, 4.636, -1.672, -6.177, -0.000, 19.41
1, 0, 0.100, 0.000, 0.000, 0.000, 0.025, 0.167, 1.744, 4.646, -0.967, -5.715, -0.000, 19.80
1, 0, -0.489, 0.000, 0.000, 0.000, -0.098, -0.578, 2.015, 4.652, -0.668, -4.834, 0.000, 20.12
1, 0, -1.108, -0.000, 0.000, 0.000, -0.194, -0.986, 2.172, 4.656, -0.558, -3.982, -0.000, 20.38
1, 0, -2.014, -0.000, 0.000, 0.000, -0.263, -0.883, 2.595, 4.659, -0.238, -3.855, -0.000, 20.64
1, 0, -2.879, -0.000, 0.000, 0.000, -0.347, -0.699, 2.499, 4.660, -0.109, -3.124, -0.000, 20.85
1, 0, -3.373, -0.000, 0.000, 0.000, -0.384, -0.717, 2.298, 4.660, 0.035, -2.518, -0.000, 21.02
1, 0, -3.132, -0.000, 0.000, 0.000, -0.405, -1.275, 2.050, 4.660, -0.213, -1.684, -0.000, 21.13
1, 0, -2.756, -0.000, 0.000, 0.000, -0.421, -1.998, 1.710, 5.497, -0.459, -1.572, -0.000, 21.23
1, 0, -2.404, -0.000, 0.000, 0.000, -0.466, -3.000, 1.310, 7.675, -0.930, -2.185, -0.000, 21.38
1, 0, -2.077, -0.000, 0.000, 0.000, -0.494, -3.643, 1.018, 7.943, -1.385, -1.362, -0.000, 21.47
1, 0, -1.803, -0.000, 0.000, 0.000, -0.502, -4.065, 0.900, 8.153, -1.830, -0.854, 0.000, 21.53
1, 0, -1.591, -0.000, 0.000, 0.000, -0.508, -4.289, 0.816, 8.325, -2.269, -0.484, 0.000, 21.56
1, 0, -1.283, -0.000, 0.000, 0.000, -0.462, -4.015, 0.748, 6.373, -2.666, 1.305, -0.000, 21.47
1, 0, -0.957, -0.000, 0.000, 0.000, -0.392, -3.351, 0.692, 4.612, -3.250, 2.646, 0.000, 21.30
1, 0, -0.725, -0.000, 0.000, 0.000, -0.323, -2.793, 0.646, 4.394, -3.627, 2.429, 0.000, 21.13
1, 0, -0.555, -0.000, 0.000, 0.000, -0.264, -2.302, 0.606, 4.231, -4.009, 2.293, 0.000, 20.98
1, 0, -0.411, 0.000, 0.000, 0.000, -0.210, -1.850, 0.572, 4.104, -4.616, 2.412, 0.000, 20.82
1, 0, -0.300, 0.000, 0.000, 0.000, -0.160, -1.414, 0.541, 4.002, -5.005, 2.336, -0.000, 20.66
1, 0, -0.209, 0.000, 0.000, 0.000, -0.114, -1.016, 0.514, 3.918, -5.398, 2.305, 0.000, 20.51
1, 0, -0.124, 0.000, 0.000, 0.000, -0.070, -0.626, 0.490, 3.849, -6.019, 2.501, 0.000, 20.34
1, 0, 0.021, 0.000, 0.000, 0.000, 0.012, 0.109, 0.467, 3.859, -6.429, 1.960, 0.000, 20.21
1, 0, 0.048, 0.000, 0.000, 0.000, 0.025, 0.235, 0.643, 3.815, -5.937, 1.171, 0.000, 20.14
1, 0, 0.039, 0.000, 0.000, 0.000, 0.018, 0.162, 1.184, 3.776, -5.029, -0.150, 0.000, 20.15
1, 0, -0.050, 0.000, 0.000, 0.000, -0.019, -0.167, 1.914, 3.741, -3.947, -1.471, 0.000, 20.24
1, 0, -0.270, 0.000, 0.000, 0.000, -0.084, -0.657, 2.862, 3.708, -2.916, -2.643, 0.000, 20.42
1, 0, -0.717, -0.000, 0.000, 0.000, -0.173, -1.124, 4.066, 3.679, -2.143, -3.589, -0.000, 20.66
1, 0, -1.395, -0.000, 0.000, 0.000, -0.259, -1.450, 4.839, 3.652, -1.391, -3.995, 0.000, 20.93
1, 0, -2.105, -0.000, 0.000, 0.000, -0.306, -1.729, 5.243, 3.626, -0.857, -3.871, -0.000, 21.18
1, 0, -2.810, -0.000, 0.000, 0.000, -0.395, -1.722, 4.569, 3.859, -0.718, -2.783, -0.000, 21.37
1, 0, -3.110, -0.000, 0.000, 0.000, -0.440, -1.798, 4.151, 3.861, -0.765, -1.899, -0.000, 21.50
1, 0, -3.023, -0.000, 0.000, 0.000, -0.441, -2.067, 3.648, 3.860, -0.794, -1.182, -0.000, 21.57
1, 0, -2.441, -0.000, 0.000, 0.000, -0.436, -2.793, 2.853, 4.694, -1.435, -0.441, 0.000, 21.60
1, 0, -2.044, -0.000, 0.000, 0.000, -0.458, -3.506, 2.173, 6.866, -2.304, -0.727, 0.000, 21.65
1, 0, -1.769, -0.000, 0.000, 0.000, -0.458, -3.779, 1.711, 7.129, -2.737, -0.097, 0.000, 21.66
1, 0, -1.587, -0.000, 0.000, 0.000, -0.461, -3.787, 1.503, 7.333, -3.166, 0.166, 0.000, 21.65
1, 0, -1.410, -0.000, 0.000, 0.000, -0.452, -3.787, 1.353, 7.498, -3.594, 0.392, 0.000, 21.62
1, 0, -1.159, -0.000, 0.000, 0.000, -0.404, -3.437, 1.233, 6.051, -3.990, 1.706, -0.000, 21.51
1, 0, -0.867, -0.000, 0.000, 0.000, -0.324, -2.790, 1.136, 4.335, -4.361, 2.871, 0.000, 21.32
1, 0, -0.648, 0.000, 0.000, 0.000, -0.257, -2.235, 1.055, 4.149, -4.739, 2.675, -0.000, 21.14
1, 0, -0.492, 0.000, 0.000, 0.000, -0.201, -1.759, 0.987, 4.011, -4.902, 2.357, 0.000, 20.98
1, 0, -0.362, 0.000, 0.000, 0.000, -0.154, -1.353, 0.929, 3.903, -5.294, 2.330, 0.000, 20.83
1, 0, -0.251, 0.000, 0.000, 0.000, -0.110, -0.973, 0.877, 3.817, -5.688, 2.328, 0.000, 20.67
1, 0, -0.161, 0.000, 0.000, 0.000, -0.071, -0.633, 0.832, 3.747, -5.861, 2.147, 0.000, 20.53
1, 0, -0.081, 0.000, 0.000, 0.000, -0.036, -0.323, 0.792, 3.689, -6.263, 2.222, 0.000, 20.38
1, 0, 0.061, 0.000, 0.000, 0.000, 0.028, 0.247, 0.755, 3.709, -6.451, 1.652, 0.000, 20.27
1, 0, 0.084, 0.000, 0.000, 0.000, 0.036, 0.336, 0.846, 3.673, -6.188, 1.213, 0.000, 20.19
1, 0, 0.076, 0.000, 0.000, 0.000, 0.030, 0.268, 1.377, 3.641, -5.275, -0.116, 0.000, 20.20
1, 0, -0.019, 0.000, 0.000, 0.000, -0.006, -0.055, 2.082, 3.613, -4.188, -1.427, 0.000, 20.29
1, 0, -0.246, 0.000, 0.000, 0.000, -0.068, -0.543, 3.069, 3.587, -3.152, -2.646, -0.000, 20.47
1, 0, -0.661, 0.000, 0.000, 0.000, -0.149, -1.034, 4.177, 3.563, -2.374, -3.522, 0.000, 20.70
1, 0, -1.273, -0.000, 0.000, 0.000, -0.233, -1.399, 4.839, 3.540, -1.616, -3.859, 0.000, 20.96
1, 0, -1.967, -0.000, 0.000, 0.000, -0.289, -1.688, 5.532, 3.520, -1.083, -4.025, -0.000, 21.23
1, 0, -2.620, -0.000, 0.000, 0.000, -0.365, -1.801, 4.791, 3.757, -0.740, -3.021, 0.000, 21.43
1, 0, -2.915, -0.000, 0.000, 0.000, -0.405, -1.942, 4.342, 3.763, -0.791, -2.052, 0.000, 21.57
1, 0, -2.854, -0.000, 0.000, 0.000, -0.408, -2.210, 3.761, 3.765, -0.822, -1.232, 0.000, 21.65
1, 0, -2.454, -0.000, 0.000, 0.000, -0.413, -2.760, 3.038, 4.603, -1.465, -0.548, 0.000, 21.68
1, 0, -2.194, -0.000, 0.000, 0.000, -0.438, -3.375, 2.332, 6.779, -2.127, -0.977, -0.000, 21.75
1, 0, -1.955, -0.000, 0.000, 0.000, -0.444, -3.657, 1.864, 7.046, -2.563, -0.290, 0.000, 21.77
1, 0, -1.781, -0.000, 0.000, 0.000, -0.449, -3.692, 1.651, 7.253, -2.995, 0.015, 0.000, 21.77
1, 0, -1.602, -0.000, 0.000, 0.000, -0.444, -3.715, 1.495, 7.421, -3.424, 0.269, 0.000, 21.75
1, 0, -1.359, -0.000, 0.000, 0.000, -0.401, -3.394, 1.370, 5.977, -3.607, 1.413, 0.000, 21.66
1, 0, -1.039, -0.000, 0.000, 0.000, -0.329, -2.820, 1.268, 4.263, -3.980, 2.637, -0.000, 21.48
1, 0, -0.795, -0.000, 0.000, 0.000, -0.268, -2.320, 1.182, 4.081, -4.360, 2.481, -0.000, 21.31
1, 0, -0.602, 0.000, 0.000, 0.000, -0.215, -1.875, 1.109, 3.945, -4.745, 2.384, 0.000, 21.16
1, 0, -0.459, 0.000, 0.000, 0.000, -0.169, -1.483, 1.046, 3.840, -4.915, 2.139, -0.000, 21.01
1, 0, -0.336, 0.000, 0.000, 0.000, -0.129, -1.137, 0.990, 3.757, -5.311, 2.166, 0.000, 20.87
1, 0, -0.229, 0.000, 0.000, 0.000, -0.091, -0.804, 0.941, 3.689, -5.708, 2.202, -0.000, 20.72
1, 0, -0.139, 0.000, 0.000, 0.000, -0.056, -0.500, 0.896, 3.633, -5.884, 2.050, -0.000, 20.59
1, 0, -0.008, 0.000, 0.000, 0.000, -0.003, -0.029, 0.855, 3.655, -6.296, 1.827, 0.000, 20.46
1, 0, 0.022, 0.000, 0.000, 0.000, 0.009, 0.080, 0.978, 3.621, -5.807, 1.098, 0.000, 20.39
1, 0, 0.004, 0.000, 0.000, 0.000, 0.002, 0.014, 1.482, 3.592, -4.903, -0.190, 0.000, 20.40
1, 0, -0.110, 0.000, 0.000, 0.000, -0.034, -0.289, 2.200, 3.565, -3.826, -1.506, 0.000, 20.50
1, 0, -0.364, 0.000, 0.000, 0.000, -0.093, -0.727, 3.170, 3.541, -2.800, -2.726, -0.000, 20.69
1, 0, -0.835, 0.000, 0.000, 0.000, -0.171, -1.144, 4.341, 3.518, -2.031, -3.677, 0.000, 20.93
1, 0, -1.492, -0.000, 0.000, 0.000, -0.249, -1.457, 4.852, 3.498, -1.279, -3.873, 0.000, 21.19
1, 0, -2.143, -0.000, 0.000, 0.000, -0.302, -1.702, 5.233, 3.479, -0.949, -3.615, 0.000, 21.43
1, 0, -2.696, -0.000, 0.000, 0.000, -0.370, -1.805, 4.598, 3.717, -0.806, -2.639, -0.000, 21.61
1, 0, -2.885, -0.000, 0.000, 0.000, -0.396, -1.981, 4.245, 3.726, -0.852, -1.857, -0.000, 21.73
1, 0, -2.861, -0.000, 0.000, 0.000, -0.402, -2.180, 3.809, 3.729, -0.882, -1.212, 0.000, 21.81
1, 0, -2.422, -0.000, 0.000, 0.000, -0.406, -2.763, 2.997, 4.568, -1.524, -0.450, 0.000, 21.84
1, 0, -2.140, -0.000, 0.000, 0.000, -0.431, -3.376, 2.217, 6.746, -2.182, -0.834, 0.000, 21.90
1, 0, -1.950, -0.000, 0.000, 0.000, -0.443, -3.551, 1.842, 7.013, -2.618, -0.292, 0.000, 21.92
1, 0, -1.760, -0.000, 0.000, 0.000, -0.444, -3.645, 1.652, 7.222, -3.050, 0.026, 0.000, 21.91
1, 0, -1.622, -0.000, 0.000, 0.000, -0.439, -3.657, 1.502, 7.391, -3.265, 0.090, -0.000, 21.91
1, 0, -1.358, -0.000, 0.000, 0.000, -0.399, -3.373, 1.381, 5.949, -3.666, 1.466, 0.000, 21.81
1, 0, -1.034, -0.000, 0.000, 0.000, -0.326, -2.794, 1.281, 4.236, -4.038, 2.675, 0.000, 21.63
1, 0, -0.807, -0.000, 0.000, 0.000, -0.266, -2.298, 1.197, 4.054, -4.200, 2.319, 0.000, 21.48
1, 0, -0.620, 0.000, 0.000, 0.000, -0.216, -1.882, 1.126, 3.920, -4.587, 2.260, 0.000, 21.33
1, 0, -0.480, 0.000, 0.000, 0.000, -0.173, -1.510, 1.063, 3.816, -4.759, 2.042, 0.000, 21.19
1, 0, -0.369, 0.000, 0.000, 0.000, -0.136, -1.194, 1.008, 3.733, -4.934, 1.893, 0.000, 21.06
1, 0, -0.269, 0.000, 0.000, 0.000, -0.102, -0.904, 0.958, 3.666, -5.335, 1.985, 0.000, 20.93
1, 0, -0.184, 0.000, 0.000, 0.000, -0.071, -0.630, 0.913, 3.611, -5.513, 1.873, 0.000, 20.81
1, 0, -0.083, 0.000, 0.000, 0.000, -0.033, -0.290, 0.872, 3.634, -5.700, 1.600, -0.000, 20.70
1, 0, -0.042, 0.000, 0.000, 0.000, -0.016, -0.149, 0.905, 3.601, -5.664, 1.364, 0.000, 20.61
1, 0, -0.045, 0.000, 0.000, 0.000, -0.016, -0.143, 1.369, 3.572, -4.758, 0.020, 0.000, 20.61
1, 0, -0.144, 0.000, 0.000, 0.000, -0.044, -0.381, 2.129, 3.546, -3.897, -1.209, 0.000, 20.69
1, 0, -0.373, 0.000, 0.000, 0.000, -0.096, -0.754, 3.069, 3.523, -2.865, -2.503, -0.000, 20.86
1, 0, -0.824, 0.000, 0.000, 0.000, -0.167, -1.138, 4.072, 3.501, -1.879, -3.565, 0.000, 21.09
1, 0, -1.528, -0.000, 0.000, 0.000, -0.246, -1.396, 4.861, 3.481, -1.134, -4.039, 0.000, 21.36
1, 0, -2.218, -0.000, 0.000, 0.000, -0.296, -1.652, 5.309, 3.463, -0.809, -3.796, 0.000, 21.62
1, 0, -2.927, -0.000, 0.000, 0.000, -0.364, -1.654, 4.666, 3.702, -0.467, -2.956, 0.000, 21.81
1, 0, -3.193, -0.000, 0.000, 0.000, -0.399, -1.794, 4.150, 3.711, -0.515, -1.960, 0.000, 21.94
1, 0, -3.008, -0.000, 0.000, 0.000, -0.403, -2.135, 3.622, 3.715, -0.749, -1.042, 0.000, 22.01
1, 0, -2.646, -0.000, 0.000, 0.000, -0.409, -2.626, 2.969, 4.555, -1.183, -0.660, 0.000, 22.06
1, 0, -2.357, -0.000, 0.000, 0.000, -0.437, -3.293, 2.295, 6.733, -1.844, -1.097, 0.000, 22.13
1, 0, -2.098, -0.000, 0.000, 0.000, -0.446, -3.616, 1.854, 7.001, -2.280, -0.413, -0.000, 22.16
1, 0, -1.958, -0.000, 0.000, 0.000, -0.454, -3.668, 1.649, 7.210, -2.502, -0.277, 0.000, 22.18
1, 0, -1.819, -0.000, 0.000, 0.000, -0.453, -3.728, 1.499, 7.379, -2.721, -0.157, 0.000, 22.19
1, 0, -1.534, -0.000, 0.000, 0.000, -0.418, -3.496, 1.377, 5.938, -3.122, 1.255, 0.000, 22.10
1, 0, -1.213, -0.000, 0.000, 0.000, -0.350, -2.960, 1.278, 4.225, -3.281, 2.302, 0.000, 21.95
1, 0, -0.952, -0.000, 0.000, 0.000, -0.295, -2.525, 1.194, 4.044, -3.663, 2.197, -0.000, 21.80
1, 0, -0.764, -0.000, 0.000, 0.000, -0.248, -2.134, 1.122, 3.910, -3.833, 1.947, 0.000, 21.67
1, 0, -0.619, 0.000, 0.000, 0.000, -0.208, -1.805, 1.060, 3.806, -4.008, 1.774, -0.000, 21.55
1, 0, -0.489, 0.000, 0.000, 0.000, -0.173, -1.510, 1.004, 3.724, -4.405, 1.848, -0.000, 21.43
1, 0, -0.385, 0.000, 0.000, 0.000, -0.140, -1.229, 0.955, 3.658, -4.583, 1.725, -0.000, 21.32
1, 0, -0.290, 0.000, 0.000, 0.000, -0.109, -0.966, 0.910, 3.603, -4.985, 1.837, 0.000, 21.19
1, 0, -0.213, 0.000, 0.000, 0.000, -0.082, -0.725, 0.869, 3.626, -5.167, 1.692, 0.000, 21.08
1, 0, -0.173, 0.000, 0.000, 0.000, -0.065, -0.593, 0.956, 3.594, -4.910, 1.191, 0.000, 21.00
1, 0, -0.194, 0.000, 0.000, 0.000, -0.065, -0.579, 1.458, 3.565, -4.021, -0.162, 0.000, 21.01
1, 0, -0.309, 0.000, 0.000, 0.000, -0.090, -0.758, 2.088, 3.539, -3.175, -1.295, -0.000, 21.10
1, 0, -0.550, 0.000, 0.000, 0.000, -0.134, -1.035, 2.867, 3.516, -2.367, -2.297, -0.000, 21.25
1, 0, -1.010, -0.000, 0.000, 0.000, -0.196, -1.283, 3.796, 3.495, -1.594, -3.207, -0.000, 21.47
1, 0, -1.681, -0.000, 0.000, 0.000, -0.264, -1.418, 4.383, 3.475, -1.048, -3.446, 0.000, 21.70
1, 0, -2.451, -0.000, 0.000, 0.000, -0.298, -1.479, 4.931, 3.457, -0.514, -3.645, 0.000, 21.94
1, 0, -3.362, -0.000, 0.000, 0.000, -0.362, -1.272, 4.561, 3.696, -0.177, -3.085, -0.000, 22.14
1, 0, -3.735, -0.000, 0.000, 0.000, -0.400, -1.333, 4.034, 3.705, -0.227, -2.045, 0.000, 22.28
1, 0, -3.574, -0.000, 0.000, 0.000, -0.414, -1.666, 3.604, 3.710, -0.463, -1.196, -0.000, 22.36
1, 0, -2.976, -0.000, 0.000, 0.000, -0.416, -2.418, 2.844, 4.550, -0.895, -0.688, 0.000, 22.41
1, 0, -2.543, -0.000, 0.000, 0.000, -0.446, -3.224, 2.159, 6.728, -1.552, -1.121, 0.000, 22.48
1, 0, -2.233, -0.000, 0.000, 0.000, -0.458, -3.600, 1.785, 6.996, -1.988, -0.501, 0.000, 22.51
1, 0, -2.067, -0.000, 0.000, 0.000, -0.468, -3.693, 1.589, 7.205, -2.210, -0.356, 0.000, 22.54
1, 0, -1.850, -0.000, 0.000, 0.000, -0.471, -3.813, 1.445, 7.375, -2.640, -0.046, 0.000, 22.54
1, 0, -1.576, -0.000, 0.000, 0.000, -0.433, -3.566, 1.329, 5.933, -2.826, 1.140, 0.000, 22.46
1, 0, -1.215, -0.000, 0.000, 0.000, -0.366, -3.065, 1.233, 4.221, -3.199, 2.391, 0.000, 22.31
1, 0, -0.969, -0.000, 0.000, 0.000, -0.309, -2.616, 1.153, 4.040, -3.364, 2.066, 0.000, 22.17
1, 0, -0.764, -0.000, 0.000, 0.000, -0.262, -2.240, 1.084, 3.906, -3.751, 2.027, 0.000, 22.03
1, 0, -0.615, 0.000, 0.000, 0.000, -0.220, -1.894, 1.024, 3.803, -3.924, 1.826, -0.000, 21.91
1, 0, -0.499, 0.000, 0.000, 0.000, -0.184, -1.596, 0.971, 3.720, -4.102, 1.689, -0.000, 21.80
1, 0, -0.392, 0.000, 0.000, 0.000, -0.151, -1.323, 0.923, 3.654, -4.500, 1.788, -0.000, 21.68
1, 0, -0.305, 0.000, 0.000, 0.000, -0.120, -1.058, 0.880, 3.600, -4.680, 1.684, 0.000, 21.57
1, 0, -0.279, 0.000, 0.000, 0.000, -0.112, -0.987, 0.840, 4.392, -4.878, 1.023, 0.000, 21.50
1, 0, -0.267, 0.000, 0.000, 0.000, -0.106, -0.967, 0.893, 4.436, -4.856, 0.866, 0.000, 21.44
1, 0, -0.319, 0.000, 0.000, 0.000, -0.112, -0.993, 1.390, 4.466, -3.976, -0.456, 0.000, 21.47
1, 0, -0.451, 0.000, 0.000, 0.000, -0.140, -1.186, 1.933, 4.488, -3.350, -1.294, -0.000, 21.56
1, 0, -0.764, 0.000, 0.000, 0.000, -0.189, -1.420, 2.912, 4.504, -2.336, -2.708, 0.000, 21.74
1, 0, -1.228, -0.000, 0.000, 0.000, -0.251, -1.689, 3.438, 4.517, -1.772, -3.014, 0.000, 21.94
1, 0, -1.950, -0.000, 0.000, 0.000, -0.319, -1.715, 4.055, 4.527, -1.224, -3.375, 0.000, 22.16
1, 0, -2.722, -0.000, 0.000, 0.000, -0.357, -1.725, 4.628, 4.535, -0.891, -3.467, -0.000, 22.40
1, 0, -3.571, -0.000, 0.000, 0.000, -0.420, -1.470, 4.235, 4.541, -0.545, -2.770, -0.000, 22.58
1, 0, -3.902, -0.000, 0.000, 0.000, -0.457, -1.511, 3.890, 4.546, -0.593, -1.972, -0.000, 22.71
1, 0, -3.783, -0.000, 0.000, 0.000, -0.455, -1.822, 3.425, 4.550, -0.625, -1.290, -0.000, 22.80
1, 0, -2.936, -0.000, 0.000, 0.000, -0.453, -2.817, 2.594, 5.392, -1.263, -0.517, 0.000, 22.83
1, 0, -2.604, -0.000, 0.000, 0.000, -0.482, -3.518, 2.024, 7.574, -1.716, -1.279, 0.000, 22.92
1, 0, -2.301, -0.000, 0.000, 0.000, -0.496, -3.926, 1.681, 7.846, -2.156, -0.649, 0.000, 22.96
1, 0, -2.143, -0.000, 0.000, 0.000, -0.509, -4.040, 1.498, 8.060, -2.381, -0.483, 0.000, 22.99
1, 0, -1.986, -0.000, 0.000, 0.000, -0.513, -4.151, 1.363, 8.235, -2.604, -0.345, 0.000, 23.02
1, 0, -1.688, -0.000, 0.000, 0.000, -0.469, -3.856, 1.255, 6.286, -2.787, 1.259, -0.000, 22.93
1, 0, -1.344, -0.000, 0.000, 0.000, -0.397, -3.308, 1.165, 4.529, -2.945, 2.299, 0.000, 22.78
1, 0, -1.059, -0.000, 0.000, 0.000, -0.339, -2.866, 1.090, 4.315, -3.323, 2.184, 0.000, 22.63
1, 0, -0.859, -0.000, 0.000, 0.000, -0.289, -2.465, 1.025, 4.155, -3.493, 1.926, -0.000, 22.50
1, 0, -0.706, -0.000, 0.000, 0.000, -0.247, -2.125, 0.969, 4.030, -3.667, 1.746, -0.000, 22.39
1, 0, -0.584, 0.000, 0.000, 0.000, -0.211, -1.831, 0.919, 3.931, -3.845, 1.623, 0.000, 22.28
1, 0, -0.485, 0.000, 0.000, 0.000, -0.180, -1.572, 0.874, 3.850, -4.026, 1.539, -0.000, 22.18
1, 0, -0.401, 0.000, 0.000, 0.000, -0.153, -1.337, 0.833, 3.783, -4.209, 1.484, -0.000, 22.08
1, 0, -0.377, 0.000, 0.000, 0.000, -0.146, -1.284, 0.796, 4.566, -4.409, 0.855, -0.000, 22.02
1, 0, -0.378, 0.000, 0.000, 0.000, -0.141, -1.283, 0.886, 4.600, -4.175, 0.491, -0.000, 21.99
1, 0, -0.472, 0.000, 0.000, 0.000, -0.153, -1.325, 1.466, 4.622, -3.317, -0.821, -0.000, 22.04
1, 0, -0.683, 0.000, 0.000, 0.000, -0.186, -1.505, 2.028, 4.636, -2.497, -1.793, 0.000, 22.16
1, 0, -1.119, -0.000, 0.000, 0.000, -0.239, -1.651, 2.887, 4.646, -1.715, -2.809, 0.000, 22.35
1, 0, -1.716, -0.000, 0.000, 0.000, -0.300, -1.748, 3.437, 4.652, -1.367, -2.958, -0.000, 22.55
1, 0, -2.478, -0.000, 0.000, 0.000, -0.356, -1.640, 3.761, 4.656, -1.020, -2.922, -0.000, 22.74
1, 0, -3.045, -0.000, 0.000, 0.000, -0.393, -1.619, 3.674, 4.659, -0.872, -2.404, -0.000, 22.90
1, 0, -3.330, -0.000, 0.000, 0.000, -0.418, -1.691, 3.522, 4.660, -0.917, -1.826, -0.000, 23.02
1, 0, -3.385, -0.000, 0.000, 0.000, -0.429, -1.839, 3.280, 4.660, -0.950, -1.337, -0.000, 23.11
1, 0, -2.652, -0.000, 0.000, 0.000, -0.417, -2.579, 2.516, 4.660, -1.372, -0.157, 0.000, 23.12
1, 0, -2.254, -0.000, 0.000, 0.000, -0.419, -2.959, 2.139, 5.497, -1.798, -0.205, -0.000, 23.14
1, 0, -2.038, -0.000, 0.000, 0.000, -0.451, -3.535, 1.705, 7.675, -2.250, -1.106, 0.000, 23.21
1, 0, -1.911, -0.000, 0.000, 0.000, -0.473, -3.772, 1.418, 7.943, -2.482, -0.723, 0.000, 23.26
1, 0, -1.849, -0.000, 0.000, 0.000, -0.482, -3.906, 1.283, 8.153, -2.499, -0.700, 0.000, 23.31
1, 0, -1.752, -0.000, 0.000, 0.000, -0.491, -4.039, 1.176, 8.325, -2.726, -0.493, 0.000, 23.34
1, 0, -1.509, -0.000, 0.000, 0.000, -0.449, -3.748, 1.088, 6.373, -2.912, 1.157, 0.000, 23.26
1, 0, -1.245, -0.000, 0.000, 0.000, -0.379, -3.187, 1.014, 4.612, -2.861, 2.045, 0.000, 23.13
1, 0, -1.027, -0.000, 0.000, 0.000, -0.326, -2.771, 0.952, 4.394, -3.031, 1.809, -0.000, 23.00
1, 0, -0.883, -0.000, 0.000, 0.000, -0.284, -2.422, 0.898, 4.231, -2.994, 1.455, 0.000, 22.91
1, 0, -0.755, -0.000, 0.000, 0.000, -0.250, -2.153, 0.850, 4.104, -3.176, 1.380, -0.000, 22.82
1, 0, -0.667, -0.000, 0.000, 0.000, -0.222, -1.916, 0.807, 4.002, -3.147, 1.142, -0.000, 22.74
1, 0, -0.582, -0.000, 0.000, 0.000, -0.199, -1.724, 0.769, 3.918, -3.335, 1.153, 0.000, 22.66
1, 0, -0.522, 0.000, 0.000, 0.000, -0.178, -1.549, 0.734, 3.849, -3.310, 0.976, -0.000, 22.60
1, 0, -0.480, 0.000, 0.000, 0.000, -0.163, -1.423, 0.701, 3.859, -3.290, 0.796, 0.000, 22.54
1, 0, -0.448, 0.000, 0.000, 0.000, -0.151, -1.319, 0.671, 3.815, -3.272, 0.704, 0.000, 22.50
1, 0, -0.427, 0.000, 0.000, 0.000, -0.141, -1.274, 0.732, 3.776, -3.257, 0.591, 0.000, 22.46
1, 0, -0.432, 0.000, 0.000, 0.000, -0.136, -1.224, 0.828, 3.741, -3.034, 0.257, -0.000, 22.44
1, 0, -0.441, 0.000, 0.000, 0.000, -0.136, -1.216, 0.921, 3.708, -3.029, 0.192, 0.000, 22.43
1, 0, -0.471, 0.000, 0.000, 0.000, -0.138, -1.221, 1.042, 3.679, -2.814, -0.076, 0.000, 22.43
1, 0, -0.492, 0.000, 0.000, 0.000, -0.141, -1.255, 1.049, 3.652, -2.814, 0.002, 0.000, 22.43
1, 0, -0.510, 0.000, 0.000, 0.000, -0.144, -1.272, 1.116, 3.626, -2.814, -0.003, 0.000, 22.43
1, 0, -0.556, 0.000, 0.000, 0.000, -0.151, -1.336, 1.099, 3.859, -2.607, -0.308, 0.000, 22.45
1, 0, -0.586, 0.000, 0.000, 0.000, -0.158, -1.396, 1.088, 3.861, -2.612, -0.197, -0.000, 22.47
1, 0, -0.590, 0.000, 0.000, 0.000, -0.160, -1.436, 0.911, 3.860, -2.611, 0.026, -0.000, 22.47
1, 0, -0.618, 0.000, 0.000, 0.000, -0.174, -1.586, 0.757, 4.694, -2.833, -0.240, -0.000, 22.48
1, 0, -0.786, -0.000, 0.000, 0.000, -0.223, -1.993, 0.642, 6.866, -2.874, -1.632, -0.000, 22.59
1, 0, -0.882, -0.000, 0.000, 0.000, -0.258, -2.313, 0.595, 7.129, -3.119, -1.152, 0.000, 22.67
1, 0, -0.959, -0.000, 0.000, 0.000, -0.282, -2.530, 0.556, 7.333, -3.144, -0.974, 0.000, 22.73
1, 0, -1.020, -0.000, 0.000, 0.000, -0.301, -2.698, 0.523, 7.498, -3.165, -0.837, 0.000, 22.79
1, 0, -0.959, -0.000, 0.000, 0.000, -0.283, -2.541, 0.495, 6.051, -3.155, 0.392, 0.000, 22.76
1, 0, -0.803, -0.000, 0.000, 0.000, -0.237, -2.124, 0.469, 4.335, -3.118, 1.477, -0.000, 22.66
1, 0, -0.689, -0.000, 0.000, 0.000, -0.202, -1.818, 0.446, 4.149, -3.087, 1.201, 0.000, 22.58
1, 0, -0.604, 0.000, 0.000, 0.000, -0.177, -1.590, 0.426, 4.011, -3.062, 0.997, 0.000, 22.52
1, 0, -0.540, 0.000, 0.000, 0.000, -0.158, -1.417, 0.407, 3.903, -3.041, 0.845, -0.000, 22.46
1, 0, -0.490, 0.000, 0.000, 0.000, -0.143, -1.283, 0.389, 3.817, -3.022, 0.732, 0.000, 22.41
1, 0, -0.451, 0.000, 0.000, 0.000, -0.131, -1.177, 0.373, 3.747, -3.006, 0.646, -0.000, 22.37
1, 0, -0.406, 0.000, 0.000, 0.000, -0.120, -1.083, 0.357, 3.689, -3.204, 0.766, 0.000, 22.32
1, 0, -0.374, 0.000, 0.000, 0.000, -0.111, -0.999, 0.342, 3.709, -3.188, 0.621, -0.000, 22.28
1, 0, -0.366, 0.000, 0.000, 0.000, -0.105, -0.977, 0.346, 3.673, -2.961, 0.389, 0.000, 22.25
1, 0, -0.384, 0.000, 0.000, 0.000, -0.105, -0.965, 0.551, 3.641, -2.745, 0.007, 0.000, 22.25
1, 0, -0.392, 0.000, 0.000, 0.000, -0.107, -0.994, 0.432, 3.613, -2.740, 0.188, -0.000, 22.24
1, 0, -0.434, 0.000, 0.000, 0.000, -0.111, -1.005, 0.801, 3.587, -2.533, -0.305, -0.000, 22.26
1, 0, -0.522, 0.000, 0.000, 0.000, -0.124, -1.080, 1.232, 3.563, -2.337, -0.731, -0.000, 22.31
1, 0, -0.699, 0.000, 0.000, 0.000, -0.147, -1.183, 1.817, 3.540, -1.945, -1.384, -0.000, 22.40
1, 0, -0.845, -0.000, 0.000, 0.000, -0.169, -1.360, 1.741, 3.520, -1.761, -1.125, 0.000, 22.47
1, 0, -1.036, -0.000, 0.000, 0.000, -0.193, -1.494, 1.916, 3.757, -1.584, -1.367, 0.000, 22.56
1, 0, -1.066, -0.000, 0.000, 0.000, -0.206, -1.689, 1.454, 3.763, -1.600, -0.657, 0.000, 22.61
1, 0, -1.080, -0.000, 0.000, 0.000, -0.210, -1.751, 1.331, 3.765, -1.611, -0.444, 0.000, 22.64
1, 0, -1.061, -0.000, 0.000, 0.000, -0.224, -1.963, 0.932, 4.603, -1.834, -0.454, 0.000, 22.67
1, 0, -1.191, -0.000, 0.000, 0.000, -0.268, -2.395, 0.785, 6.779, -2.087, -1.623, 0.000, 22.78
1, 0, -1.292, -0.000, 0.000, 0.000, -0.300, -2.646, 0.645, 7.046, -2.120, -1.333, 0.000, 22.86
1, 0, -1.361, -0.000, 0.000, 0.000, -0.322, -2.853, 0.580, 7.253, -2.149, -1.148, 0.000, 22.94
1, 0, -1.412, -0.000, 0.000, 0.000, -0.340, -3.015, 0.529, 7.421, -2.174, -1.008, 0.000, 23.01
1, 0, -1.326, -0.000, 0.000, 0.000, -0.323, -2.870, 0.488, 5.977, -2.169, 0.222, 0.000, 22.99
1, 0, -1.133, -0.000, 0.000, 0.000, -0.278, -2.477, 0.453, 4.263, -2.136, 1.307, 0.000, 22.91
1, 0, -0.992, -0.000, 0.000, 0.000, -0.246, -2.187, 0.424, 4.081, -2.110, 1.030, 0.000, 22.84
1, 0, -0.888, -0.000, 0.000, 0.000, -0.221, -1.971, 0.399, 3.945, -2.089, 0.825, 0.000, 22.78
1, 0, -0.809, -0.000, 0.000, 0.000, -0.202, -1.806, 0.378, 3.840, -2.073, 0.672, 0.000, 22.74
1, 0, -0.749, -0.000, 0.000, 0.000, -0.188, -1.678, 0.358, 3.757, -2.059, 0.558, 0.000, 22.70
1, 0, -0.701, -0.000, 0.000, 0.000, -0.176, -1.577, 0.341, 3.689, -2.047, 0.471, 0.000, 22.67
1, 0, -0.663, -0.000, 0.000, 0.000, -0.167, -1.496, 0.325, 3.633, -2.037, 0.404, 0.000, 22.64
1, 0, -0.637, -0.000, 0.000, 0.000, -0.161, -1.442, 0.310, 3.655, -2.029, 0.303, 0.000, 22.62
1, 0, -0.615, -0.000, 0.000, 0.000, -0.156, -1.395, 0.297, 3.621, -2.022, 0.270, -0.000, 22.60
1, 0, -0.596, 0.000, 0.000, 0.000, -0.151, -1.383, 0.320, 3.592, -2.016, 0.235, 0.000, 22.59
1, 0, -0.633, -0.000, 0.000, 0.000, -0.151, -1.346, 0.582, 3.565, -1.809, -0.208, -0.000, 22.60
1, 0, -0.760, -0.000, 0.000, 0.000, -0.159, -1.347, 0.959, 3.541, -1.408, -0.826, 0.000, 22.66
1, 0, -0.887, -0.000, 0.000, 0.000, -0.173, -1.425, 1.059, 3.518, -1.220, -0.873, 0.000, 22.72
1, 0, -1.060, -0.000, 0.000, 0.000, -0.187, -1.460, 1.287, 3.498, -1.037, -1.041, -0.000, 22.79
1, 0, -1.088, -0.000, 0.000, 0.000, -0.195, -1.597, 1.009, 3.479, -1.050, -0.557, 0.000, 22.82
1, 0, -1.268, -0.000, 0.000, 0.000, -0.212, -1.581, 1.439, 3.717, -1.076, -1.020, -0.000, 22.89
1, 0, -1.559, -0.000, 0.000, 0.000, -0.231, -1.513, 1.796, 3.726, -0.900, -1.318, -0.000, 22.98
1, 0, -1.478, -0.000, 0.000, 0.000, -0.237, -1.776, 1.268, 3.729, -0.915, -0.591, 0.000, 23.02
1, 0, -1.440, -0.000, 0.000, 0.000, -0.248, -2.035, 0.825, 4.568, -0.933, -0.738, 0.000, 23.07
1, 0, -1.568, -0.000, 0.000, 0.000, -0.294, -2.503, 0.677, 6.746, -1.188, -1.870, -0.000, 23.19
1, 0, -1.616, -0.000, 0.000, 0.000, -0.331, -2.816, 0.573, 7.013, -1.432, -1.392, 0.000, 23.28
1, 0, -1.668, -0.000, 0.000, 0.000, -0.353, -3.024, 0.515, 7.222, -1.462, -1.229, -0.000, 23.37
1, 0, -1.705, -0.000, 0.000, 0.000, -0.371, -3.189, 0.469, 7.391, -1.490, -1.104, -0.000, 23.44
1, 0, -1.532, -0.000, 0.000, 0.000, -0.357, -3.096, 0.431, 5.949, -1.693, 0.298, -0.000, 23.42
1, 0, -1.301, -0.000, 0.000, 0.000, -0.311, -2.700, 0.400, 4.236, -1.659, 1.335, -0.000, 23.33
1, 0, -1.137, -0.000, 0.000, 0.000, -0.276, -2.407, 0.374, 4.054, -1.634, 1.025, 0.000, 23.26
1, 0, -0.976, -0.000, 0.000, 0.000, -0.252, -2.203, 0.352, 3.920, -1.821, 0.979, -0.000, 23.20
1, 0, -0.874, -0.000, 0.000, 0.000, -0.229, -2.012, 0.333, 3.816, -1.801, 0.769, 0.000, 23.15
1, 0, -0.767, -0.000, 0.000, 0.000, -0.213, -1.874, 0.316, 3.733, -1.993, 0.798, 0.000, 23.09
1, 0, -0.699, -0.000, 0.000, 0.000, -0.196, -1.735, 0.300, 3.666, -1.977, 0.641, 0.000, 23.05
1, 0, -0.622, -0.000, 0.000, 0.000, -0.184, -1.629, 0.286, 3.611, -2.172, 0.709, 0.000, 23.00
1, 0, -0.577, -0.000, 0.000, 0.000, -0.172, -1.530, 0.273, 3.634, -2.159, 0.532, 0.000, 22.97
1, 0, -0.540, -0.000, 0.000, 0.000, -0.162, -1.483, 0.279, 3.601, -2.147, 0.452, 0.000, 22.94
1, 0, -0.609, -0.000, 0.000, 0.000, -0.161, -1.403, 0.634, 3.572, -1.731, -0.303, 0.000, 22.96
1, 0, -0.729, -0.000, 0.000, 0.000, -0.169, -1.417, 0.787, 3.546, -1.327, -0.692, 0.000, 23.00
1, 0, -1.043, -0.000, 0.000, 0.000, -0.189, -1.342, 1.396, 3.523, -0.944, -1.401, 0.000, 23.10
1, 0, -1.581, -0.000, 0.000, 0.000, -0.216, -1.163, 1.797, 3.501, -0.573, -1.765, -0.000, 23.21
1, 0, -2.078, -0.000, 0.000, 0.000, -0.237, -1.030, 1.845, 3.481, -0.405, -1.576, 0.000, 23.32
1, 0, -2.207, -0.000, 0.000, 0.000, -0.247, -1.152, 1.651, 3.463, -0.432, -1.074, 0.000, 23.39
1, 0, -3.139, -0.000, 0.000, 0.000, -0.266, -0.462, 1.941, 3.702, -0.263, -1.513, -0.000, 23.49
1, 0, -3.159, -0.000, 0.000, 0.000, -0.273, -0.656, 1.710, 3.711, -0.289, -1.044, 0.000, 23.56
1, 0, -3.589, -0.000, 0.000, 0.000, -0.286, -0.336, 1.786, 3.715, -0.313, -0.977, -0.000, 23.63
1, 0, -2.618, -0.000, 0.000, 0.000, -0.297, -1.539, 1.179, 4.555, -0.537, -0.743, 0.000, 23.68
1, 0, -2.368, -0.000, 0.000, 0.000, -0.340, -2.327, 0.839, 6.733, -0.787, -1.749, 0.000, 23.79
1, 0, -2.232, -0.000, 0.000, 0.000, -0.381, -2.758, 0.723, 7.001, -1.027, -1.325, -0.000, 23.88
1, 0, -1.925, -0.000, 0.000, 0.000, -0.415, -3.215, 0.645, 7.210, -1.465, -0.834, -0.000, 23.94
1, 0, -1.735, -0.000, 0.000, 0.000, -0.434, -3.467, 0.584, 7.379, -1.691, -0.636, -0.000, 23.98
1, 0, -1.449, -0.000, 0.000, 0.000, -0.412, -3.374, 0.535, 5.938, -1.886, 0.649, 0.000, 23.94
1, 0, -1.123, -0.000, 0.000, 0.000, -0.357, -2.974, 0.495, 4.225, -2.053, 1.786, -0.000, 23.82
1, 0, -0.893, -0.000, 0.000, 0.000, -0.312, -2.634, 0.462, 4.044, -2.226, 1.559, -0.000, 23.71
1, 0, -0.692, -0.000, 0.000, 0.000, -0.274, -2.350, 0.433, 3.910, -2.613, 1.585, -0.000, 23.61
1, 0, -0.561, -0.000, 0.000, 0.000, -0.238, -2.061, 0.408, 3.806, -2.791, 1.437, -0.000, 23.51
1, 0, -0.443, -0.000, 0.000, 0.000, -0.206, -1.802, 0.386, 3.724, -3.184, 1.525, 0.000, 23.41
1, 0, -0.361, -0.000, 0.000, 0.000, -0.175, -1.543, 0.367, 3.658, -3.365, 1.420, -0.000, 23.32
1, 0, -0.296, 0.000, 0.000, 0.000, -0.148, -1.313, 0.350, 3.603, -3.549, 1.354, 0.000, 23.22
1, 0, -0.236, 0.000, 0.000, 0.000, -0.124, -1.104, 0.334, 3.626, -3.949, 1.454, 0.000, 23.13
1, 0, -0.208, 0.000, 0.000, 0.000, -0.104, -0.962, 0.372, 3.594, -3.704, 1.013, -0.000, 23.06
1, 0, -0.266, 0.000, 0.000, 0.000, -0.107, -0.918, 1.018, 3.565, -2.847, -0.445, -0.000, 23.09
1, 0, -0.345, 0.000, 0.000, 0.000, -0.124, -1.052, 1.164, 3.539, -2.646, -0.536, 0.000, 23.13
1, 0, -0.552, -0.000, 0.000, 0.000, -0.154, -1.138, 1.856, 3.516, -2.043, -1.484, 0.000, 23.22
1, 0, -1.034, -0.000, 0.000, 0.000, -0.208, -1.128, 2.597, 3.495, -1.466, -2.256, 0.000, 23.38
1, 0, -1.848, -0.000, 0.000, 0.000, -0.273, -0.861, 3.022, 3.475, -1.107, -2.408, -0.000, 23.54
1, 0, -2.730, -0.000, 0.000, 0.000, -0.322, -0.481, 3.180, 3.457, -0.952, -2.151, 0.000, 23.68
1, 0, -3.128, -0.000, 0.000, 0.000, -0.257, -0.673, 3.274, 3.696, -0.595, -2.317, -0.000, 23.83
1, 0, -3.508, -0.000, 0.000, 0.000, -0.284, -0.657, 2.980, 3.705, -0.635, -1.602, -0.000, 23.94
1, 0, -3.406, -0.000, 0.000, 0.000, -0.372, -0.804, 2.297, 3.710, -0.855, -0.568, -0.000, 23.98
1, 0, -2.409, -0.000, 0.000, 0.000, -0.368, -1.910, 1.803, 4.550, -1.281, -0.383, 0.000, 24.00
1, 0, -1.936, -0.000, 0.000, 0.000, -0.399, -2.803, 1.335, 6.728, -1.730, -1.194, -0.000, 24.08
1, 0, -1.746, -0.000, 0.000, 0.000, -0.426, -3.152, 1.104, 6.996, -1.961, -0.815, 0.000, 24.14
1, 0, -1.579, -0.000, 0.000, 0.000, -0.441, -3.400, 0.982, 7.205, -2.187, -0.581, -0.000, 24.18
1, 0, -1.369, -0.000, 0.000, 0.000, -0.450, -3.610, 0.887, 7.375, -2.618, -0.214, -0.000, 24.19
1, 0, -1.142, -0.000, 0.000, 0.000, -0.414, -3.395, 0.810, 5.933, -2.807, 1.015, -0.000, 24.12
1, 0, -0.846, -0.000, 0.000, 0.000, -0.345, -2.893, 0.748, 4.221, -3.180, 2.295, -0.000, 23.97
1, 0, -0.660, -0.000, 0.000, 0.000, -0.287, -2.437, 0.696, 4.040, -3.346, 1.994, 0.000, 23.84
1, 0, -0.526, -0.000, 0.000, 0.000, -0.240, -2.058, 0.652, 3.906, -3.518, 1.784, 0.000, 23.72
1, 0, -0.409, -0.000, 0.000, 0.000, -0.199, -1.728, 0.614, 3.803, -3.909, 1.828, 0.000, 23.60
1, 0, -0.325, 0.000, 0.000, 0.000, -0.162, -1.417, 0.581, 3.720, -4.085, 1.688, -0.000, 23.48
1, 0, -0.247, 0.000, 0.000, 0.000, -0.129, -1.133, 0.551, 3.654, -4.481, 1.784, -0.000, 23.36
1, 0, -0.185, 0.000, 0.000, 0.000, -0.097, -0.862, 0.524, 3.600, -4.660, 1.681, 0.000, 23.25
1, 0, -0.170, 0.000, 0.000, 0.000, -0.090, -0.796, 0.500, 4.392, -4.857, 1.020, -0.000, 23.18
1, 0, -0.165, 0.000, 0.000, 0.000, -0.084, -0.776, 0.531, 4.436, -4.834, 0.892, 0.000, 23.13
1, 0, -0.200, 0.000, 0.000, 0.000, -0.089, -0.799, 0.961, 4.466, -4.173, -0.166, -0.000, 23.14
1, 0, -0.321, 0.000, 0.000, 0.000, -0.117, -0.983, 1.557, 4.488, -3.330, -1.294, -0.000, 23.22
1, 0, -0.666, -0.000, 0.000, 0.000, -0.176, -1.205, 2.657, 4.504, -2.324, -2.790, 0.000, 23.41
1, 0, -1.408, -0.000, 0.000, 0.000, -0.254, -1.293, 3.664, 4.517, -1.569, -3.657, -0.000, 23.65
1, 0, -2.592, -0.000, 0.000, 0.000, -0.290, -1.070, 4.204, 4.527, -0.832, -3.947, 0.000, 23.92
1, 0, -3.506, -0.000, 0.000, 0.000, -0.266, -1.076, 4.349, 4.535, -0.506, -3.529, 0.000, 24.15
1, 0, -3.494, -0.000, 0.000, 0.000, -0.163, -1.870, 4.216, 4.541, -0.171, -3.058, 0.000, 24.35
1, 0, -3.704, -0.000, 0.000, 0.000, -0.123, -2.176, 3.734, 4.546, -0.022, -2.254, -0.000, 24.50
1, 0, -4.111, -0.000, 0.000, 0.000, -0.166, -1.937, 3.228, 4.550, -0.258, -1.305, -0.000, 24.59
1, 0, -4.824, -0.001, 0.000, 0.000, -0.438, -1.070, 2.243, 5.392, -0.886, -0.417, 0.000, 24.62
1, 0, -3.459, -0.000, 0.000, 0.000, -0.499, -2.713, 1.702, 7.574, -1.536, -1.068, -0.000, 24.69
1, 0, -2.807, -0.000, 0.000, 0.000, -0.529, -3.394, 1.456, 7.846, -1.971, -0.601, -0.000, 24.73
1, 0, -2.419, -0.000, 0.000, 0.000, -0.540, -3.753, 1.300, 8.060, -2.194, -0.454, -0.000, 24.76
1, 0, -2.019, -0.000, 0.000, 0.000, -0.547, -4.074, 1.177, 8.235, -2.623, -0.149, -0.000, 24.77
1, 0, -1.625, -0.000, 0.000, 0.000, -0.497, -3.842, 1.078, 6.286, -2.801, 1.401, -0.000, 24.68
1, 0, -1.238, -0.000, 0.000, 0.000, -0.418, -3.319, 0.997, 4.529, -2.956, 2.405, -0.000, 24.52
1, 0, -0.932, -0.000, 0.000, 0.000, -0.355, -2.891, 0.929, 4.315, -3.330, 2.264, 0.000, 24.37
1, 0, -0.737, -0.000, 0.000, 0.000, -0.299, -2.482, 0.872, 4.155, -3.496, 1.989, 0.000, 24.23
1, 0, -0.572, -0.000, 0.000, 0.000, -0.253, -2.129, 0.822, 4.030, -3.882, 1.984, -0.000, 24.10
1, 0, -0.441, -0.000, 0.000, 0.000, -0.209, -1.785, 0.778, 3.931, -4.270, 1.997, 0.000, 23.97
1, 0, -0.347, 0.000, 0.000, 0.000, -0.170, -1.461, 0.739, 3.850, -4.444, 1.833, -0.000, 23.85
1, 0, -0.262, 0.000, 0.000, 0.000, -0.134, -1.165, 0.703, 3.783, -4.839, 1.913, 0.000, 23.72
1, 0, -0.233, 0.000, 0.000, 0.000, -0.120, -1.054, 0.671, 4.566, -5.031, 1.202, -0.000, 23.64
1, 0, -0.214, 0.000, 0.000, 0.000, -0.108, -0.950, 0.641, 4.600, -5.005, 1.036, -0.000, 23.57
1, 0, -0.266, 0.000, 0.000, 0.000, -0.114, -0.994, 1.163, 4.622, -4.125, -0.284, -0.000, 23.59
1, 0, -0.422, 0.000, 0.000, 0.000, -0.147, -1.168, 1.854, 4.636, -3.289, -1.465, -0.000, 23.69
1, 0, -0.827, -0.000, 0.000, 0.000, -0.209, -1.343, 2.782, 4.646, -2.285, -2.763, -0.000, 23.87
1, 0, -1.668, -0.000, 0.000, 0.000, -0.283, -1.305, 3.676, 4.652, -1.528, -3.544, 0.000, 24.11
1, 0, -2.809, -0.000, 0.000, 0.000, -0.324, -1.036, 3.994, 4.656, -0.989, -3.493, -0.000, 24.34
1, 0, -3.927, -0.000, 0.000, 0.000, -0.341, -0.651, 4.051, 4.659, -0.854, -2.936, -0.000, 24.54
1, 0, -3.974, -0.000, 0.000, 0.000, -0.281, -1.197, 3.928, 4.660, -0.708, -2.428, -0.000, 24.70
1, 0, -4.340, -0.000, 0.000, 0.000, -0.304, -1.142, 3.524, 4.660, -0.748, -1.650, 0.000, 24.81
1, 0, -5.036, -0.001, 0.000, 0.000, -0.432, -0.423, 3.056, 4.660, -0.976, -0.848, -0.000, 24.86
1, 0, -3.939, -0.000, 0.000, 0.000, -0.482, -1.573, 2.405, 5.497, -1.404, -0.504, -0.000, 24.90
1, 0, -2.730, -0.000, 0.000, 0.000, -0.495, -3.149, 1.707, 7.675, -2.057, -0.950, 0.000, 24.96
1, 0, -2.427, -0.000, 0.000, 0.000, -0.518, -3.513, 1.482, 7.943, -2.285, -0.683, -0.000, 25.01
1, 0, -2.058, -0.000, 0.000, 0.000, -0.529, -3.869, 1.331, 8.153, -2.719, -0.309, -0.000, 25.03
1, 0, -1.830, -0.000, 0.000, 0.000, -0.531, -4.038, 1.211, 8.325, -2.938, -0.200, 0.000, 25.04
1, 0, -1.504, -0.000, 0.000, 0.000, -0.481, -3.769, 1.114, 6.373, -3.118, 1.384, -0.000, 24.95
1, 0, -1.115, -0.000, 0.000, 0.000, -0.402, -3.241, 1.034, 4.612, -3.484, 2.596, 0.000, 24.77
1, 0, -0.870, -0.000, 0.000, 0.000, -0.335, -2.753, 0.967, 4.394, -3.645, 2.242, 0.000, 24.63
1, 0, -0.693, -0.000, 0.000, 0.000, -0.282, -2.345, 0.909, 4.231, -3.812, 1.991, 0.000, 24.49
1, 0, -0.560, -0.000, 0.000, 0.000, -0.237, -1.998, 0.859, 4.104, -3.984, 1.817, -0.000, 24.37
1, 0, -0.440, -0.000, 0.000, 0.000, -0.198, -1.686, 0.814, 4.002, -4.376, 1.884, 0.000, 24.25
1, 0, -0.350, 0.000, 0.000, 0.000, -0.161, -1.387, 0.774, 3.918, -4.552, 1.758, -0.000, 24.13
1, 0, -0.277, 0.000, 0.000, 0.000, -0.130, -1.123, 0.738, 3.849, -4.731, 1.674, -0.000, 24.02
1, 0, -0.219, 0.000, 0.000, 0.000, -0.103, -0.899, 0.705, 3.859, -4.913, 1.571, -0.000, 23.91
1, 0, -0.175, 0.000, 0.000, 0.000, -0.081, -0.710, 0.674, 3.815, -4.879, 1.356, -0.000, 23.82
1, 0, -0.190, 0.000, 0.000, 0.000, -0.077, -0.674, 1.113, 3.776, -4.208, 0.259, -0.000, 23.80
1, 0, -0.287, 0.000, 0.000, 0.000, -0.096, -0.782, 1.725, 3.741, -3.358, -0.943, -0.000, 23.87
1, 0, -0.555, -0.000, 0.000, 0.000, -0.142, -0.972, 2.631, 3.708, -2.550, -2.121, 0.000, 24.01
1, 0, -1.209, -0.000, 0.000, 0.000, -0.214, -1.005, 3.666, 3.679, -1.780, -3.138, -0.000, 24.22
1, 0, -2.090, -0.000, 0.000, 0.000, -0.265, -0.912, 3.945, 3.652, -1.229, -3.101, 0.000, 24.42
1, 0, -3.194, -0.000, 0.000, 0.000, -0.287, -0.510, 4.118, 3.626, -0.884, -2.869, -0.000, 24.62
1, 0, -3.761, -0.000, 0.000, 0.000, -0.347, -0.429, 3.450, 3.859, -0.930, -1.842, -0.000, 24.74
1, 0, -3.487, -0.000, 0.000, 0.000, -0.368, -0.884, 2.942, 3.861, -1.159, -0.905, -0.000, 24.80
1, 0, -3.243, -0.000, 0.000, 0.000, -0.380, -1.122, 2.788, 3.860, -1.380, -0.522, 0.000, 24.83
1, 0, -2.430, -0.000, 0.000, 0.000, -0.376, -2.026, 2.196, 4.694, -1.805, -0.252, 0.000, 24.85
1, 0, -1.990, -0.000, 0.000, 0.000, -0.400, -2.849, 1.575, 6.866, -2.251, -0.951, 0.000, 24.91
1, 0, -1.766, -0.000, 0.000, 0.000, -0.426, -3.156, 1.385, 7.129, -2.688, -0.479, 0.000, 24.95
1, 0, -1.599, -0.000, 0.000, 0.000, -0.434, -3.340, 1.250, 7.333, -2.910, -0.299, -0.000, 24.97
1, 0, -1.405, -0.000, 0.000, 0.000, -0.438, -3.488, 1.142, 7.498, -3.339, 0.030, 0.000, 24.96
1, 0, -1.174, -0.000, 0.000, 0.000, -0.399, -3.241, 1.055, 6.051, -3.525, 1.233, 0.000, 24.88
1, 0, -0.871, -0.000, 0.000, 0.000, -0.327, -2.716, 0.981, 4.335, -3.897, 2.495, 0.000, 24.72
1, 0, -0.672, -0.000, 0.000, 0.000, -0.267, -2.249, 0.920, 4.149, -4.060, 2.180, -0.000, 24.57
1, 0, -0.509, -0.000, 0.000, 0.000, -0.217, -1.854, 0.866, 4.011, -4.445, 2.148, -0.000, 24.43
1, 0, -0.393, 0.000, 0.000, 0.000, -0.174, -1.493, 0.820, 3.903, -4.616, 1.953, -0.000, 24.30
1, 0, -0.291, 0.000, 0.000, 0.000, -0.135, -1.171, 0.778, 3.817, -5.009, 2.011, -0.000, 24.16
1, 0, -0.202, 0.000, 0.000, 0.000, -0.098, -0.854, 0.741, 3.747, -5.404, 2.069, 0.000, 24.02
1, 0, -0.130, 0.000, 0.000, 0.000, -0.064, -0.560, 0.706, 3.689, -5.579, 1.938, -0.000, 23.90
1, 0, -0.067, 0.000, 0.000, 0.000, -0.034, -0.299, 0.675, 3.709, -5.980, 1.997, -0.000, 23.76
1, 0, -0.011, 0.000, 0.000, 0.000, -0.006, -0.050, 0.646, 3.673, -6.159, 1.907, -0.000, 23.64
1, 0, -0.002, 0.000, 0.000, 0.000, -0.001, -0.008, 1.069, 3.641, -5.240, 0.541, -0.000, 23.60
1, 0, -0.059, 0.000, 0.000, 0.000, -0.022, -0.182, 1.731, 3.613, -4.153, -0.929, -0.000, 23.66
1, 0, -0.202, 0.000, 0.000, 0.000, -0.062, -0.494, 2.422, 3.587, -3.752, -1.499, -0.000, 23.76
1, 0, -0.446, 0.000, 0.000, 0.000, -0.114, -0.810, 3.077, 3.563, -3.154, -2.115, -0.000, 23.90
1, 0, -0.865, -0.000, 0.000, 0.000, -0.178, -1.042, 3.790, 3.540, -2.577, -2.670, -0.000, 24.08
1, 0, -1.384, -0.000, 0.000, 0.000, -0.236, -1.201, 4.223, 3.520, -2.218, -2.702, -0.000, 24.26
1, 0, -1.834, -0.000, 0.000, 0.000, -0.295, -1.332, 3.937, 3.757, -2.061, -2.171, -0.000, 24.40
1, 0, -1.933, -0.000, 0.000, 0.000, -0.316, -1.597, 3.495, 3.763, -2.094, -1.319, 0.000, 24.49
1, 0, -1.753, -0.000, 0.000, 0.000, -0.314, -1.901, 2.941, 3.765, -2.316, -0.422, -0.000, 24.52
1, 0, -1.441, -0.000, 0.000, 0.000, -0.313, -2.290, 2.291, 4.603, -2.954, 0.105, 0.000, 24.51
1, 0, -1.365, -0.000, 0.000, 0.000, -0.336, -2.732, 1.640, 6.779, -3.189, -0.797, 0.000, 24.57
1, 0, -1.330, -0.000, 0.000, 0.000, -0.355, -2.879, 1.436, 7.046, -3.418, -0.500, 0.000, 24.60
1, 0, -1.270, -0.000, 0.000, 0.000, -0.364, -3.001, 1.291, 7.253, -3.642, -0.267, 0.000, 24.62
1, 0, -1.172, -0.000, 0.000, 0.000, -0.367, -3.081, 1.175, 7.421, -4.076, 0.101, -0.000, 24.61
1, 0, -0.997, -0.000, 0.000, 0.000, -0.329, -2.797, 1.081, 5.977, -4.262, 1.326, 0.000, 24.52
1, 0, -0.758, -0.000, 0.000, 0.000, -0.262, -2.244, 1.004, 4.263, -4.420, 2.417, 0.000, 24.36
1, 0, -0.563, 0.000, 0.000, 0.000, -0.207, -1.790, 0.939, 4.081, -4.803, 2.344, 0.000, 24.21
1, 0, -0.435, 0.000, 0.000, 0.000, -0.161, -1.404, 0.883, 3.945, -4.754, 1.926, 0.000, 24.08
1, 0, -0.332, 0.000, 0.000, 0.000, -0.126, -1.100, 0.834, 3.840, -4.930, 1.813, 0.000, 23.96
1, 0, -0.246, 0.000, 0.000, 0.000, -0.095, -0.835, 0.791, 3.757, -5.109, 1.738, -0.000, 23.84
1, 0, -0.173, 0.000, 0.000, 0.000, -0.068, -0.599, 0.752, 3.689, -5.290, 1.688, -0.000, 23.73
1, 0, -0.109, 0.000, 0.000, 0.000, -0.043, -0.384, 0.717, 3.633, -5.472, 1.658, -0.000, 23.62
1, 0, -0.056, 0.000, 0.000, 0.000, -0.022, -0.198, 0.685, 3.655, -5.657, 1.593, 0.000, 23.51
1, 0, -0.006, 0.000, 0.000, 0.000, -0.003, -0.023, 0.655, 3.621, -5.842, 1.597, 0.000, 23.40
1, 0, -0.013, 0.000, 0.000, 0.000, -0.004, -0.040, 1.079, 3.592, -4.716, 0.102, 0.000, 23.40
1, 0, -0.085, 0.000, 0.000, 0.000, -0.026, -0.226, 1.685, 3.565, -4.074, -0.839, -0.000, 23.45
1, 0, -0.260, 0.000, 0.000, 0.000, -0.067, -0.524, 2.501, 3.541, -3.250, -1.940, 0.000, 23.58
1, 0, -0.622, 0.000, 0.000, 0.000, -0.127, -0.845, 3.385, 3.518, -2.461, -2.848, -0.000, 23.77
1, 0, -1.103, -0.000, 0.000, 0.000, -0.190, -1.103, 3.781, 3.498, -2.105, -2.778, 0.000, 23.96
1, 0, -1.685, -0.000, 0.000, 0.000, -0.242, -1.194, 4.194, 3.479, -1.753, -2.800, -0.000, 24.14
1, 0, -2.115, -0.000, 0.000, 0.000, -0.289, -1.340, 3.776, 3.717, -1.596, -2.153, -0.000, 24.29
1, 0, -2.256, -0.000, 0.000, 0.000, -0.311, -1.539, 3.428, 3.726, -1.631, -1.417, -0.000, 24.38
1, 0, -1.994, -0.000, 0.000, 0.000, -0.314, -1.901, 2.918, 3.729, -2.062, -0.376, -0.000, 24.41
1, 0, -1.708, -0.000, 0.000, 0.000, -0.316, -2.259, 2.301, 4.568, -2.489, -0.097, -0.000, 24.41
1, 0, -1.620, -0.000, 0.000, 0.000, -0.342, -2.738, 1.636, 6.746, -2.726, -0.956, 0.000, 24.48
1, 0, -1.530, -0.000, 0.000, 0.000, -0.363, -2.931, 1.434, 7.013, -3.167, -0.455, -0.000, 24.51
1, 0, -1.444, -0.000, 0.000, 0.000, -0.371, -3.053, 1.289, 7.222, -3.390, -0.253, -0.000, 24.53
1, 0, -1.361, -0.000, 0.000, 0.000, -0.375, -3.127, 1.174, 7.391, -3.609, -0.093, -0.000, 24.53
1, 0, -1.137, -0.000, 0.000, 0.000, -0.341, -2.890, 1.081, 5.949, -4.011, 1.349, -0.000, 24.44
1, 0, -0.866, -0.000, 0.000, 0.000, -0.274, -2.348, 1.004, 4.236, -4.169, 2.417, 0.000, 24.28
1, 0, -0.668, -0.000, 0.000, 0.000, -0.221, -1.910, 0.940, 4.054, -4.335, 2.140, 0.000, 24.14
1, 0, -0.501, 0.000, 0.000, 0.000, -0.177, -1.537, 0.884, 3.920, -4.723, 2.135, -0.000, 24.00
1, 0, -0.376, 0.000, 0.000, 0.000, -0.137, -1.200, 0.835, 3.816, -4.895, 1.957, 0.000, 23.87
1, 0, -0.276, 0.000, 0.000, 0.000, -0.104, -0.911, 0.792, 3.733, -5.071, 1.837, -0.000, 23.74
1, 0, -0.195, 0.000, 0.000, 0.000, -0.075, -0.658, 0.754, 3.666, -5.250, 1.758, -0.000, 23.63
1, 0, -0.117, 0.000, 0.000, 0.000, -0.047, -0.413, 0.718, 3.611, -5.652, 1.899, 0.000, 23.50
1, 0, -0.053, 0.000, 0.000, 0.000, -0.021, -0.189, 0.686, 3.634, -5.832, 1.776, 0.000, 23.38
1, 0, 0.004, 0.000, 0.000, 0.000, 0.002, 0.014, 0.656, 3.601, -6.015, 1.738, 0.000, 23.26
1, 0, -0.010, 0.000, 0.000, 0.000, -0.003, -0.030, 1.174, 3.572, -4.449, -0.253, -0.000, 23.28
1, 0, -0.107, 0.000, 0.000, 0.000, -0.032, -0.270, 1.806, 3.546, -3.817, -1.126, -0.000, 23.36
1, 0, -0.289, 0.000, 0.000, 0.000, -0.074, -0.583, 2.436, 3.523, -3.210, -1.804, -0.000, 23.48
1, 0, -0.571, 0.000, 0.000, 0.000, -0.125, -0.889, 3.158, 3.501, -2.835, -2.240, 0.000, 23.63
1, 0, -1.032, -0.000, 0.000, 0.000, -0.185, -1.091, 3.899, 3.481, -2.263, -2.809, -0.000, 23.81
1, 0, -1.561, -0.000, 0.000, 0.000, -0.239, -1.234, 4.166, 3.463, -1.907, -2.689, 0.000, 23.99
1, 0, -1.827, -0.000, 0.000, 0.000, -0.280, -1.508, 3.719, 3.702, -1.953, -1.853, 0.000, 24.12
1, 0, -1.937, -0.000, 0.000, 0.000, -0.299, -1.689, 3.429, 3.711, -1.984, -1.231, -0.000, 24.20
1, 0, -1.814, -0.000, 0.000, 0.000, -0.305, -1.916, 3.000, 3.715, -2.207, -0.473, -0.000, 24.23
1, 0, -1.578, -0.000, 0.000, 0.000, -0.308, -2.256, 2.338, 4.555, -2.636, -0.115, -0.000, 24.24
1, 0, -1.516, -0.000, 0.000, 0.000, -0.334, -2.720, 1.647, 6.733, -2.874, -0.937, 0.000, 24.30
1, 0, -1.445, -0.000, 0.000, 0.000, -0.355, -2.898, 1.443, 7.001, -3.315, -0.431, -0.000, 24.33
1, 0, -1.372, -0.000, 0.000, 0.000, -0.362, -3.008, 1.297, 7.210, -3.538, -0.226, 0.000, 24.34
1, 0, -1.299, -0.000, 0.000, 0.000, -0.365, -3.074, 1.181, 7.379, -3.757, -0.064, 0.000, 24.35
1, 0, -1.118, -0.000, 0.000, 0.000, -0.331, -2.821, 1.087, 5.938, -3.945, 1.191, 0.000, 24.27
1, 0, -0.863, -0.000, 0.000, 0.000, -0.268, -2.301, 1.009, 4.225, -4.106, 2.303, -0.000, 24.12
1, 0, -0.672, -0.000, 0.000, 0.000, -0.217, -1.880, 0.944, 4.044, -4.274, 2.056, -0.000, 23.98
1, 0, -0.525, 0.000, 0.000, 0.000, -0.176, -1.531, 0.888, 3.910, -4.447, 1.881, 0.000, 23.85
1, 0, -0.408, 0.000, 0.000, 0.000, -0.141, -1.234, 0.839, 3.806, -4.623, 1.761, -0.000, 23.74
1, 0, -0.325, 0.000, 0.000, 0.000, -0.112, -0.988, 0.796, 3.724, -4.585, 1.491, 0.000, 23.64
1, 0, -0.252, 0.000, 0.000, 0.000, -0.089, -0.786, 0.757, 3.658, -4.769, 1.482, -0.000, 23.54
1, 0, -0.187, 0.000, 0.000, 0.000, -0.067, -0.596, 0.721, 3.603, -4.954, 1.481, 0.000, 23.44
1, 0, -0.141, 0.000, 0.000, 0.000, -0.050, -0.447, 0.689, 3.626, -4.922, 1.245, 0.000, 23.36
1, 0, -0.097, 0.000, 0.000, 0.000, -0.035, -0.314, 0.659, 3.594, -5.113, 1.307, 0.000, 23.27
1, 0, -0.091, 0.000, 0.000, 0.000, -0.031, -0.282, 0.863, 3.565, -4.650, 0.626, -0.000, 23.23
1, 0, -0.160, 0.000, 0.000, 0.000, -0.046, -0.393, 1.629, 3.539, -3.574, -0.995, -0.000, 23.29
1, 0, -0.317, 0.000, 0.000, 0.000, -0.081, -0.657, 2.120, 3.516, -3.175, -1.406, 0.000, 23.39
1, 0, -0.516, 0.000, 0.000, 0.000, -0.117, -0.916, 2.400, 3.495, -2.783, -1.563, 0.000, 23.49
1, 0, -0.620, 0.000, 0.000, 0.000, -0.143, -1.150, 2.146, 3.475, -3.016, -0.692, 0.000, 23.54
1, 0, -0.730, 0.000, 0.000, 0.000, -0.158, -1.242, 2.336, 3.457, -2.822, -0.841, -0.000, 23.59
1, 0, -0.774, 0.000, 0.000, 0.000, -0.174, -1.404, 2.125, 3.696, -3.048, -0.421, 0.000, 23.62
1, 0, -0.753, 0.000, 0.000, 0.000, -0.177, -1.472, 1.908, 3.705, -3.263, 0.052, -0.000, 23.62
1, 0, -0.801, -0.000, 0.000, 0.000, -0.182, -1.454, 2.190, 3.710, -3.057, -0.407, 0.000, 23.64
1, 0, -0.774, -0.000, 0.000, 0.000, -0.195, -1.680, 1.582, 4.550, -3.490, 0.008, 0.000, 23.64
1, 0, -0.884, -0.000, 0.000, 0.000, -0.234, -2.083, 1.145, 6.728, -3.519, -1.153, 0.000, 23.72
1, 0, -0.943, -0.000, 0.000, 0.000, -0.261, -2.287, 1.012, 6.996, -3.756, -0.760, 0.000, 23.77
1, 0, -0.963, -0.000, 0.000, 0.000, -0.278, -2.448, 0.920, 7.205, -3.987, -0.450, -0.000, 23.80
1, 0, -0.960, -0.000, 0.000, 0.000, -0.288, -2.548, 0.846, 7.375, -4.212, -0.212, 0.000, 23.82
1, 0, -0.860, -0.000, 0.000, 0.000, -0.262, -2.318, 0.785, 5.933, -4.189, 0.910, 0.000, 23.75
1, 0, -0.660, 0.000, 0.000, 0.000, -0.207, -1.838, 0.734, 4.221, -4.356, 2.106, -0.000, 23.61
1, 0, -0.506, 0.000, 0.000, 0.000, -0.163, -1.452, 0.690, 4.040, -4.528, 1.919, 0.000, 23.49
1, 0, -0.397, 0.000, 0.000, 0.000, -0.128, -1.144, 0.652, 3.906, -4.487, 1.598, -0.000, 23.38
1, 0, -0.305, 0.000, 0.000, 0.000, -0.101, -0.900, 0.618, 3.803, -4.669, 1.554, 0.000, 23.28
1, 0, -0.236, 0.000, 0.000, 0.000, -0.078, -0.697, 0.588, 3.720, -4.635, 1.337, 0.000, 23.19
1, 0, -0.175, 0.000, 0.000, 0.000, -0.059, -0.527, 0.561, 3.654, -4.823, 1.368, 0.000, 23.10
1, 0, -0.126, 0.000, 0.000, 0.000, -0.042, -0.379, 0.535, 3.600, -4.792, 1.203, 0.000, 23.02
1, 0, -0.133, 0.000, 0.000, 0.000, -0.045, -0.406, 0.512, 4.392, -4.998, 0.678, 0.000, 22.97
1, 0, -0.134, 0.000, 0.000, 0.000, -0.045, -0.407, 0.490, 4.436, -4.981, 0.642, -0.000, 22.93
1, 0, -0.205, 0.000, 0.000, 0.000, -0.060, -0.544, 0.972, 4.466, -3.892, -0.736, 0.000, 22.98
1, 0, -0.411, 0.000, 0.000, 0.000, -0.099, -0.819, 1.742, 4.488, -2.646, -2.255, -0.000, 23.13
1, 0, -0.830, 0.000, 0.000, 0.000, -0.158, -1.136, 2.701, 4.504, -1.874, -3.207, -0.000, 23.34
1, 0, -1.533, -0.000, 0.000, 0.000, -0.228, -1.296, 3.536, 4.517, -1.334, -3.661, 0.000, 23.59
1, 0, -2.162, -0.000, 0.000, 0.000, -0.282, -1.459, 3.573, 4.527, -1.200, -2.996, -0.000, 23.78
1, 0, -2.743, -0.000, 0.000, 0.000, -0.319, -1.461, 3.575, 4.535, -1.054, -2.532, -0.000, 23.95
1, 0, -3.060, -0.000, 0.000, 0.000, -0.347, -1.541, 3.426, 4.541, -1.101, -1.916, -0.000, 24.08
1, 0, -3.245, -0.000, 0.000, 0.000, -0.366, -1.600, 3.287, 4.546, -1.138, -1.484, 0.000, 24.18
1, 0, -2.517, -0.000, 0.000, 0.000, -0.363, -2.346, 2.464, 4.550, -1.766, -0.020, -0.000, 24.18
1, 0, -2.128, -0.000, 0.000, 0.000, -0.365, -2.693, 1.975, 5.392, -2.189, 0.008, 0.000, 24.18
1, 0, -1.993, -0.000, 0.000, 0.000, -0.392, -3.174, 1.448, 7.574, -2.427, -1.035, 0.000, 24.25
1, 0, -1.921, -0.000, 0.000, 0.000, -0.415, -3.371, 1.266, 7.846, -2.659, -0.746, 0.000, 24.30
1, 0, -1.822, -0.000, 0.000, 0.000, -0.428, -3.540, 1.138, 8.060, -2.887, -0.520, 0.000, 24.33
1, 0, -1.724, -0.000, 0.000, 0.000, -0.436, -3.657, 1.036, 8.235, -3.110, -0.343, -0.000, 24.36
1, 0, -1.470, -0.000, 0.000, 0.000, -0.397, -3.366, 0.953, 6.286, -3.294, 1.288, 0.000, 24.27
1, 0, -1.154, -0.000, 0.000, 0.000, -0.330, -2.825, 0.884, 4.529, -3.451, 2.347, 0.000, 24.12
1, 0, -0.920, -0.000, 0.000, 0.000, -0.277, -2.387, 0.827, 4.315, -3.617, 2.060, 0.000, 23.98
1, 0, -0.741, -0.000, 0.000, 0.000, -0.233, -2.025, 0.777, 4.155, -3.788, 1.856, 0.000, 23.85
1, 0, -0.601, 0.000, 0.000, 0.000, -0.197, -1.717, 0.734, 4.030, -3.963, 1.713, 0.000, 23.74
1, 0, -0.487, 0.000, 0.000, 0.000, -0.165, -1.449, 0.696, 3.931, -4.142, 1.616, 0.000, 23.63
1, 0, -0.393, 0.000, 0.000, 0.000, -0.137, -1.210, 0.662, 3.850, -4.323, 1.550, 0.000, 23.53
1, 0, -0.313, 0.000, 0.000, 0.000, -0.112, -0.993, 0.631, 3.783, -4.506, 1.509, -0.000, 23.43
1, 0, -0.293, 0.000, 0.000, 0.000, -0.107, -0.953, 0.602, 4.566, -4.705, 0.889, -0.000, 23.37
1, 0, -0.266, 0.000, 0.000, 0.000, -0.099, -0.886, 0.576, 4.600, -4.903, 0.978, -0.000, 23.30
1, 0, -0.340, 0.000, 0.000, 0.000, -0.107, -0.949, 1.032, 4.622, -3.595, -0.662, -0.000, 23.35
1, 0, -0.480, 0.000, 0.000, 0.000, -0.135, -1.148, 1.494, 4.636, -3.191, -1.177, 0.000, 23.43
1, 0, -0.751, -0.000, 0.000, 0.000, -0.176, -1.344, 2.305, 4.646, -2.597, -2.083, -0.000, 23.57
1, 0, -1.065, -0.000, 0.000, 0.000, -0.218, -1.587, 2.503, 4.652, -2.222, -2.062, -0.000, 23.70
1, 0, -1.599, -0.000, 0.000, 0.000, -0.270, -1.603, 3.263, 4.656, -1.863, -2.586, -0.000, 23.87
1, 0, -2.095, -0.000, 0.000, 0.000, -0.315, -1.660, 3.448, 4.659, -1.710, -2.326, -0.000, 24.03
1, 0, -2.508, -0.000, 0.000, 0.000, -0.349, -1.677, 3.404, 4.660, -1.549, -1.980, -0.000, 24.16
1, 0, -2.338, -0.000, 0.000, 0.000, -0.357, -2.099, 2.841, 4.660, -1.782, -0.926, -0.000, 24.22
1, 0, -2.043, -0.000, 0.000, 0.000, -0.350, -2.394, 2.287, 4.660, -1.997, -0.162, 0.000, 24.23
1, 0, -1.769, -0.000, 0.000, 0.000, -0.353, -2.698, 1.837, 5.497, -2.424, -0.090, -0.000, 24.24
1, 0, -1.724, -0.000, 0.000, 0.000, -0.388, -3.114, 1.343, 7.675, -2.665, -1.126, 0.000, 24.32
1, 0, -1.622, -0.000, 0.000, 0.000, -0.411, -3.381, 1.193, 7.943, -3.110, -0.612, 0.000, 24.36
1, 0, -1.540, -0.000, 0.000, 0.000, -0.422, -3.527, 1.076, 8.153, -3.336, -0.404, 0.000, 24.38
1, 0, -1.461, -0.000, 0.000, 0.000, -0.428, -3.622, 0.983, 8.325, -3.559, -0.238, 0.000, 24.40
1, 0, -1.243, -0.000, 0.000, 0.000, -0.385, -3.296, 0.907, 6.373, -3.742, 1.386, 0.000, 24.31
1, 0, -0.968, -0.000, 0.000, 0.000, -0.315, -2.716, 0.844, 4.612, -3.898, 2.441, 0.000, 24.14
1, 0, -0.742, -0.000, 0.000, 0.000, -0.258, -2.247, 0.791, 4.394, -4.278, 2.339, 0.000, 23.99
1, 0, -0.579, 0.000, 0.000, 0.000, -0.209, -1.832, 0.745, 4.231, -4.445, 2.090, -0.000, 23.85
1, 0, -0.453, 0.000, 0.000, 0.000, -0.169, -1.486, 0.705, 4.104, -4.618, 1.917, 0.000, 23.72
1, 0, -0.340, 0.000, 0.000, 0.000, -0.133, -1.175, 0.669, 4.002, -5.012, 1.989, -0.000, 23.59
1, 0, -0.249, 0.000, 0.000, 0.000, -0.099, -0.883, 0.637, 3.918, -5.188, 1.865, -0.000, 23.46
1, 0, -0.165, 0.000, 0.000, 0.000, -0.068, -0.610, 0.607, 3.849, -5.587, 1.976, -0.000, 23.33
1, 0, -0.097, 0.000, 0.000, 0.000, -0.041, -0.365, 0.580, 3.859, -5.766, 1.830, 0.000, 23.21
1, 0, -0.038, 0.000, 0.000, 0.000, -0.016, -0.144, 0.555, 3.815, -5.948, 1.776, 0.000, 23.09
1, 0, -0.032, 0.000, 0.000, 0.000, -0.012, -0.111, 0.930, 3.776, -5.032, 0.481, 0.000, 23.06
1, 0, -0.104, 0.000, 0.000, 0.000, -0.033, -0.283, 1.766, 3.741, -3.952, -1.134, -0.000, 23.14
1, 0, -0.280, 0.000, 0.000, 0.000, -0.076, -0.609, 2.373, 3.708, -3.342, -1.775, -0.000, 23.25
1, 0, -0.530, 0.000, 0.000, 0.000, -0.125, -0.930, 2.910, 3.679, -2.961, -2.043, -0.000, 23.39
1, 0, -0.851, -0.000, 0.000, 0.000, -0.174, -1.184, 3.353, 3.652, -2.587, -2.210, 0.000, 23.54
1, 0, -1.170, -0.000, 0.000, 0.000, -0.218, -1.385, 3.576, 3.626, -2.423, -2.006, 0.000, 23.67
1, 0, -1.382, -0.000, 0.000, 0.000, -0.254, -1.615, 3.441, 3.859, -2.463, -1.585, 0.000, 23.78
1, 0, -1.554, -0.000, 0.000, 0.000, -0.276, -1.739, 3.292, 3.861, -2.282, -1.302, 0.000, 23.86
1, 0, -1.358, -0.000, 0.000, 0.000, -0.275, -2.034, 2.521, 3.860, -2.709, -0.003, 0.000, 23.86
1, 0, -1.130, -0.000, 0.000, 0.000, -0.271, -2.255, 1.759, 4.694, -3.342, 0.547, 0.000, 23.83
1, 0, -1.149, -0.000, 0.000, 0.000, -0.301, -2.514, 1.397, 6.866, -3.578, -0.722, 0.000, 23.88
1, 0, -1.134, -0.000, 0.000, 0.000, -0.317, -2.686, 1.239, 7.129, -3.807, -0.425, 0.000, 23.90
1, 0, -1.103, -0.000, 0.000, 0.000, -0.326, -2.794, 1.117, 7.333, -4.031, -0.196, -0.000, 23.92
1, 0, -1.065, -0.000, 0.000, 0.000, -0.330, -2.854, 1.019, 7.498, -4.251, -0.017, 0.000, 23.92
1, 0, -0.920, -0.000, 0.000, 0.000, -0.297, -2.586, 0.940, 6.051, -4.440, 1.251, -0.000, 23.83
1, 0, -0.699, 0.000, 0.000, 0.000, -0.233, -2.047, 0.874, 4.335, -4.601, 2.372, -0.000, 23.68
1, 0, -0.517, 0.000, 0.000, 0.000, -0.182, -1.603, 0.818, 4.149, -4.986, 2.321, -0.000, 23.52
1, 0, -0.392, 0.000, 0.000, 0.000, -0.139, -1.228, 0.770, 4.011, -4.937, 1.916, 0.000, 23.39
1, 0, -0.281, 0.000, 0.000, 0.000, -0.103, -0.919, 0.728, 3.903, -5.334, 2.005, -0.000, 23.26
1, 0, -0.198, 0.000, 0.000, 0.000, -0.073, -0.648, 0.691, 3.817, -5.290, 1.700, 0.000, 23.15
1, 0, -0.128, 0.000, 0.000, 0.000, -0.048, -0.427, 0.658, 3.747, -5.473, 1.671, 0.000, 23.04
1, 0, -0.066, 0.000, 0.000, 0.000, -0.025, -0.224, 0.627, 3.689, -5.656, 1.655, 0.000, 22.93
1, 0, -0.014, 0.000, 0.000, 0.000, -0.005, -0.047, 0.599, 3.709, -5.842, 1.600, -0.000, 22.82
1, 0, 0.035, 0.000, 0.000, 0.000, 0.014, 0.122, 0.573, 3.673, -6.027, 1.610, 0.000, 22.71
1, 0, 0.030, 0.000, 0.000, 0.000, 0.010, 0.092, 1.031, 3.641, -4.896, 0.091, -0.000, 22.71
1, 0, -0.039, 0.000, 0.000, 0.000, -0.012, -0.104, 1.598, 3.613, -4.249, -0.807, 0.000, 22.76
1, 0, -0.208, 0.000, 0.000, 0.000, -0.053, -0.425, 2.591, 3.587, -3.424, -2.068, -0.000, 22.90
1, 0, -0.410, 0.000, 0.000, 0.000, -0.098, -0.790, 2.496, 3.563, -3.245, -1.515, -0.000, 23.00
1, 0, -0.612, 0.000, 0.000, 0.000, -0.134, -1.031, 2.917, 3.540, -3.069, -1.612, -0.000, 23.11
1, 0, -0.769, 0.000, 0.000, 0.000, -0.164, -1.250, 2.972, 3.520, -3.100, -1.209, -0.000, 23.19
1, 0, -0.864, 0.000, 0.000, 0.000, -0.185, -1.452, 2.697, 3.757, -3.121, -0.832, -0.000, 23.24
1, 0, -0.814, 0.000, 0.000, 0.000, -0.190, -1.578, 2.191, 3.763, -3.550, 0.178, 0.000, 23.23
1, 0, -0.755, 0.000, 0.000, 0.000, -0.184, -1.546, 2.107, 3.765, -3.760, 0.372, -0.000, 23.20
1, 0, -0.713, 0.000, 0.000, 0.000, -0.187, -1.642, 1.595, 4.603, -3.971, 0.315, 0.000, 23.18
1, 0, -0.795, 0.000, 0.000, 0.000, -0.222, -1.947, 1.192, 6.779, -4.211, -0.796, -0.000, 23.24
1, 0, -0.832, 0.000, 0.000, 0.000, -0.243, -2.143, 1.065, 7.046, -4.444, -0.449, -0.000, 23.27
1, 0, -0.843, -0.000, 0.000, 0.000, -0.256, -2.266, 0.966, 7.253, -4.670, -0.184, -0.000, 23.28
1, 0, -0.837, 0.000, 0.000, 0.000, -0.263, -2.336, 0.887, 7.421, -4.893, 0.021, -0.000, 23.28
1, 0, -0.736, 0.000, 0.000, 0.000, -0.234, -2.082, 0.821, 5.977, -4.864, 1.117, 0.000, 23.20
1, 0, -0.544, 0.000, 0.000, 0.000, -0.176, -1.578, 0.767, 4.263, -5.029, 2.296, 0.000, 23.05
1, 0, -0.395, 0.000, 0.000, 0.000, -0.131, -1.172, 0.720, 4.081, -5.199, 2.096, 0.000, 22.91
1, 0, -0.276, 0.000, 0.000, 0.000, -0.093, -0.838, 0.680, 3.945, -5.374, 1.956, 0.000, 22.78
1, 0, -0.188, 0.000, 0.000, 0.000, -0.063, -0.570, 0.644, 3.840, -5.331, 1.667, 0.000, 22.67
1, 0, -0.114, 0.000, 0.000, 0.000, -0.039, -0.351, 0.612, 3.757, -5.514, 1.650, 0.000, 22.56
1, 0, -0.048, 0.000, 0.000, 0.000, -0.017, -0.150, 0.583, 3.689, -5.698, 1.641, 0.000, 22.45
1, 0, 0.006, 0.000, 0.000, 0.000, 0.002, 0.017, 0.556, 3.633, -5.661, 1.446, 0.000, 22.35
1, 0, 0.048, 0.000, 0.000, 0.000, 0.017, 0.151, 0.532, 3.655, -5.851, 1.448, 0.000, 22.26
1, 0, 0.091, 0.000, 0.000, 0.000, 0.032, 0.288, 0.509, 3.621, -6.040, 1.499, 0.000, 22.16
1, 0, 0.083, 0.000, 0.000, 0.000, 0.026, 0.241, 0.860, 3.592, -4.905, 0.103, 0.000, 22.15
1, 0, 0.015, 0.000, 0.000, 0.000, 0.004, 0.039, 1.480, 3.565, -4.258, -0.845, -0.000, 22.21
1, 0, -0.144, 0.000, 0.000, 0.000, -0.035, -0.294, 2.355, 3.541, -3.430, -1.992, 0.000, 22.34
1, 0, -0.438, 0.000, 0.000, 0.000, -0.091, -0.696, 3.125, 3.518, -2.634, -2.784, -0.000, 22.52
1, 0, -0.860, 0.000, 0.000, 0.000, -0.153, -1.049, 3.708, 3.498, -2.069, -3.075, 0.000, 22.73
1, 0, -1.310, -0.000, 0.000, 0.000, -0.207, -1.314, 3.885, 3.479, -1.716, -2.818, 0.000, 22.92
1, 0, -1.657, -0.000, 0.000, 0.000, -0.250, -1.566, 3.618, 3.717, -1.562, -2.300, -0.000, 23.07
1, 0, -1.737, -0.000, 0.000, 0.000, -0.272, -1.838, 3.181, 3.726, -1.805, -1.255, 0.000, 23.15
1, 0, -1.669, -0.000, 0.000, 0.000, -0.278, -2.006, 2.758, 3.729, -2.029, -0.505, 0.000, 23.19
1, 0, -1.458, -0.000, 0.000, 0.000, -0.283, -2.291, 2.028, 4.568, -2.667, 0.103, 0.000, 23.18
1, 0, -1.467, -0.000, 0.000, 0.000, -0.313, -2.611, 1.469, 6.746, -2.905, -0.919, 0.000, 23.24
1, 0, -1.411, -0.000, 0.000, 0.000, -0.330, -2.801, 1.295, 7.013, -3.348, -0.418, 0.000, 23.27
1, 0, -1.355, -0.000, 0.000, 0.000, -0.338, -2.897, 1.161, 7.222, -3.572, -0.221, 0.000, 23.29
1, 0, -1.296, -0.000, 0.000, 0.000, -0.341, -2.954, 1.055, 7.391, -3.792, -0.063, 0.000, 23.29
1, 0, -1.094, -0.000, 0.000, 0.000, -0.309, -2.699, 0.970, 5.949, -4.196, 1.379, -0.000, 23.20
1, 0, -0.829, 0.000, 0.000, 0.000, -0.245, -2.153, 0.899, 4.236, -4.355, 2.447, 0.000, 23.03
1, 0, -0.616, 0.000, 0.000, 0.000, -0.193, -1.707, 0.840, 4.054, -4.738, 2.360, -0.000, 22.88
1, 0, -0.457, 0.000, 0.000, 0.000, -0.148, -1.318, 0.789, 3.920, -4.907, 2.121, 0.000, 22.74
1, 0, -0.322, 0.000, 0.000, 0.000, -0.110, -0.978, 0.745, 3.816, -5.301, 2.150, 0.000, 22.59
1, 0, -0.214, 0.000, 0.000, 0.000, -0.075, -0.670, 0.706, 3.733, -5.475, 1.995, 0.000, 22.46
1, 0, -0.119, 0.000, 0.000, 0.000, -0.043, -0.387, 0.671, 3.666, -5.875, 2.086, 0.000, 22.32
1, 0, -0.037, 0.000, 0.000, 0.000, -0.014, -0.123, 0.640, 3.611, -6.052, 1.974, 0.000, 22.19
1, 0, 0.034, 0.000, 0.000, 0.000, 0.013, 0.117, 0.611, 3.634, -6.458, 2.049, 0.000, 22.05
1, 0, 0.104, 0.000, 0.000, 0.000, 0.041, 0.369, 0.584, 3.601, -6.864, 2.165, 0.000, 21.91
1, 0, 0.123, 0.000, 0.000, 0.000, 0.044, 0.402, 0.953, 3.572, -5.699, 0.605, 0.000, 21.87
1, 0, 0.077, 0.000, 0.000, 0.000, 0.024, 0.215, 1.751, 3.546, -4.817, -0.798, 0.000, 21.92
1, 0, -0.077, 0.000, 0.000, 0.000, -0.021, -0.169, 2.652, 3.523, -3.763, -2.145, 0.000, 22.06
1, 0, -0.356, 0.000, 0.000, 0.000, -0.082, -0.626, 3.456, 3.501, -3.176, -2.717, -0.000, 22.24
1, 0, -0.674, 0.000, 0.000, 0.000, -0.141, -1.031, 3.630, 3.481, -2.805, -2.461, -0.000, 22.41
1, 0, -0.910, 0.000, 0.000, 0.000, -0.183, -1.338, 3.600, 3.463, -2.850, -1.782, 0.000, 22.53
1, 0, -1.127, -0.000, 0.000, 0.000, -0.218, -1.557, 3.589, 3.702, -2.678, -1.711, 0.000, 22.64
1, 0, -1.107, -0.000, 0.000, 0.000, -0.231, -1.806, 2.913, 3.711, -3.119, -0.362, -0.000, 22.67
1, 0, -0.990, -0.000, 0.000, 0.000, -0.225, -1.853, 2.434, 3.715, -3.542, 0.461, -0.000, 22.63
1, 0, -0.865, 0.000, 0.000, 0.000, -0.221, -1.920, 1.879, 4.555, -4.182, 0.755, -0.000, 22.58
1, 0, -0.899, 0.000, 0.000, 0.000, -0.246, -2.140, 1.420, 6.733, -4.415, -0.452, -0.000, 22.61
1, 0, -0.901, 0.000, 0.000, 0.000, -0.260, -2.275, 1.262, 7.001, -4.642, -0.185, 0.000, 22.63
1, 0, -0.888, 0.000, 0.000, 0.000, -0.267, -2.353, 1.140, 7.210, -4.865, 0.024, -0.000, 22.63
1, 0, -0.867, 0.000, 0.000, 0.000, -0.270, -2.389, 1.042, 7.379, -5.084, 0.188, -0.000, 22.61
1, 0, -0.721, 0.000, 0.000, 0.000, -0.235, -2.090, 0.962, 5.938, -5.493, 1.638, 0.000, 22.50
1, 0, -0.504, 0.000, 0.000, 0.000, -0.169, -1.506, 0.896, 4.225, -5.649, 2.706, 0.000, 22.32
1, 0, -0.340, 0.000, 0.000, 0.000, -0.116, -1.042, 0.840, 4.044, -5.814, 2.428, -0.000, 22.16
1, 0, -0.212, 0.000, 0.000, 0.000, -0.074, -0.664, 0.791, 3.910, -5.984, 2.233, 0.000, 22.01
1, 0, -0.109, 0.000, 0.000, 0.000, -0.039, -0.348, 0.749, 3.806, -6.158, 2.099, 0.000, 21.87
1, 0, -0.023, 0.000, 0.000, 0.000, -0.008, -0.075, 0.711, 3.724, -6.335, 2.007, 0.000, 21.74
1, 0, 0.050, 0.000, 0.000, 0.000, 0.018, 0.165, 0.677, 3.658, -6.515, 1.948, 0.000, 21.61
1, 0, 0.120, 0.000, 0.000, 0.000, 0.044, 0.402, 0.645, 3.603, -6.923, 2.108, -0.000, 21.47
1, 0, 0.203, 0.000, 0.000, 0.000, 0.075, 0.684, 0.617, 3.626, -7.106, 1.901, 0.000, 21.34
1, 0, 0.268, 0.000, 0.000, 0.000, 0.100, 0.910, 0.590, 3.594, -7.292, 1.831, -0.000, 21.22
1, 0, 0.272, 0.000, 0.000, 0.000, 0.093, 0.857, 0.990, 3.565, -6.123, 0.347, 0.000, 21.20
1, 0, 0.219, 0.000, 0.000, 0.000, 0.069, 0.620, 1.543, 3.539, -5.452, -0.538, 0.000, 21.23
1, 0, 0.086, 0.000, 0.000, 0.000, 0.023, 0.200, 2.581, 3.516, -4.380, -2.026, 0.000, 21.37
1, 0, -0.167, 0.000, 0.000, 0.000, -0.040, -0.318, 3.306, 3.495, -3.566, -2.710, 0.000, 21.55
1, 0, -0.500, 0.000, 0.000, 0.000, -0.105, -0.795, 3.843, 3.475, -2.986, -2.932, 0.000, 21.74
1, 0, -0.858, 0.000, 0.000, 0.000, -0.164, -1.174, 4.163, 3.457, -2.624, -2.800, -0.000, 21.93
1, 0, -1.126, 0.000, 0.000, 0.000, -0.210, -1.526, 3.719, 3.696, -2.462, -2.092, -0.000, 22.07
1, 0, -1.278, -0.000, 0.000, 0.000, -0.236, -1.754, 3.461, 3.705, -2.497, -1.401, -0.000, 22.16
1, 0, -1.215, -0.000, 0.000, 0.000, -0.242, -1.941, 2.761, 3.710, -2.932, -0.141, -0.000, 22.17
1, 0, -1.058, 0.000, 0.000, 0.000, -0.242, -2.093, 1.944, 4.550, -3.787, 0.686, 0.000, 22.13
1, 0, -1.090, 0.000, 0.000, 0.000, -0.266, -2.298, 1.522, 6.728, -4.022, -0.575, -0.000, 22.17
1, 0, -1.087, -0.000, 0.000, 0.000, -0.279, -2.432, 1.349, 6.996, -4.250, -0.297, 0.000, 22.18
1, 0, -1.067, -0.000, 0.000, 0.000, -0.286, -2.511, 1.215, 7.205, -4.474, -0.082, 0.000, 22.19
1, 0, -1.037, 0.000, 0.000, 0.000, -0.289, -2.550, 1.108, 7.375, -4.695, 0.088, -0.000, 22.18
1, 0, -0.890, 0.000, 0.000, 0.000, -0.256, -2.273, 1.021, 5.933, -4.884, 1.349, -0.000, 22.09
1, 0, -0.643, 0.000, 0.000, 0.000, -0.194, -1.726, 0.949, 4.221, -5.265, 2.658, 0.000, 21.92
1, 0, -0.457, 0.000, 0.000, 0.000, -0.142, -1.267, 0.888, 4.040, -5.430, 2.368, -0.000, 21.76
1, 0, -0.314, 0.000, 0.000, 0.000, -0.100, -0.893, 0.836, 3.906, -5.601, 2.165, 0.000, 21.62
1, 0, -0.199, 0.000, 0.000, 0.000, -0.064, -0.580, 0.790, 3.803, -5.776, 2.026, 0.000, 21.48
1, 0, -0.104, 0.000, 0.000, 0.000, -0.034, -0.310, 0.750, 3.720, -5.954, 1.933, 0.000, 21.35
1, 0, -0.024, 0.000, 0.000, 0.000, -0.008, -0.072, 0.713, 3.654, -6.135, 1.871, 0.000, 21.23
1, 0, 0.046, 0.000, 0.000, 0.000, 0.016, 0.142, 0.680, 3.600, -6.317, 1.833, 0.000, 21.10
1, 0, 0.106, 0.000, 0.000, 0.000, 0.037, 0.331, 0.650, 4.392, -6.522, 1.006, 0.000, 21.04
1, 0, 0.129, 0.000, 0.000, 0.000, 0.045, 0.411, 0.621, 4.436, -6.952, 1.309, -0.000, 20.95
1, 0, 0.097, 0.000, 0.000, 0.000, 0.031, 0.290, 0.967, 4.466, -5.799, -0.052, 0.000, 20.95
1, 0, -0.007, 0.000, 0.000, 0.000, -0.002, -0.018, 1.720, 4.488, -4.924, -1.257, 0.000, 21.04
1, 0, -0.207, 0.000, 0.000, 0.000, -0.054, -0.461, 2.447, 4.504, -4.086, -2.143, -0.000, 21.18
1, 0, -0.523, 0.000, 0.000, 0.000, -0.118, -0.934, 3.420, 4.517, -3.285, -3.078, 0.000, 21.39
1, 0, -0.874, 0.000, 0.000, 0.000, -0.181, -1.393, 3.619, 4.527, -2.920, -2.779, -0.000, 21.57
1, 0, -1.187, 0.000, 0.000, 0.000, -0.230, -1.727, 3.832, 4.535, -2.766, -2.457, 0.000, 21.73
1, 0, -1.398, -0.000, 0.000, 0.000, -0.265, -1.993, 3.549, 4.541, -2.596, -1.838, -0.000, 21.86
1, 0, -1.502, -0.000, 0.000, 0.000, -0.286, -2.189, 3.276, 4.546, -2.627, -1.218, -0.000, 21.94
1, 0, -1.428, -0.000, 0.000, 0.000, -0.290, -2.347, 2.771, 4.550, -3.064, -0.192, -0.000, 21.95
1, 0, -1.275, -0.000, 0.000, 0.000, -0.290, -2.518, 1.963, 5.392, -3.708, 0.438, 0.000, 21.92
1, 0, -1.308, -0.000, 0.000, 0.000, -0.318, -2.757, 1.502, 7.574, -3.948, -0.745, 0.000, 21.97
1, 0, -1.306, -0.000, 0.000, 0.000, -0.332, -2.908, 1.333, 7.846, -4.180, -0.452, -0.000, 22.00
1, 0, -1.284, -0.000, 0.000, 0.000, -0.341, -3.002, 1.202, 8.060, -4.408, -0.227, -0.000, 22.02
1, 0, -1.252, -0.000, 0.000, 0.000, -0.345, -3.053, 1.097, 8.235, -4.632, -0.051, -0.000, 22.02
1, 0, -1.065, 0.000, 0.000, 0.000, -0.303, -2.695, 1.012, 6.286, -4.815, 1.580, 0.000, 21.91
1, 0, -0.803, 0.000, 0.000, 0.000, -0.235, -2.099, 0.941, 4.529, -4.971, 2.637, 0.000, 21.74
1, 0, -0.603, 0.000, 0.000, 0.000, -0.182, -1.624, 0.881, 4.315, -5.135, 2.349, 0.000, 21.58
1, 0, -0.460, 0.000, 0.000, 0.000, -0.139, -1.250, 0.830, 4.155, -5.085, 1.951, 0.000, 21.45
1, 0, -0.344, 0.000, 0.000, 0.000, -0.106, -0.954, 0.785, 4.030, -5.263, 1.852, 0.000, 21.33
1, 0, -0.245, 0.000, 0.000, 0.000, -0.077, -0.695, 0.745, 3.931, -5.443, 1.785, 0.000, 21.21
1, 0, -0.160, 0.000, 0.000, 0.000, -0.051, -0.462, 0.709, 3.850, -5.625, 1.740, 0.000, 21.09
1, 0, -0.093, 0.000, 0.000, 0.000, -0.030, -0.268, 0.676, 3.783, -5.586, 1.517, 0.000, 20.99
1, 0, -0.036, 0.000, 0.000, 0.000, -0.012, -0.106, 0.646, 4.566, -5.795, 0.738, 0.000, 20.94
1, 0, -0.026, 0.000, 0.000, 0.000, -0.008, -0.077, 0.618, 4.600, -6.001, 0.894, 0.000, 20.88
1, 0, -0.060, 0.000, 0.000, 0.000, -0.019, -0.173, 0.859, 4.622, -5.314, 0.086, -0.000, 20.88
1, 0, -0.102, 0.000, 0.000, 0.000, -0.031, -0.287, 1.004, 4.636, -5.312, 0.092, 0.000, 20.87
1, 0, -0.173, 0.000, 0.000, 0.000, -0.050, -0.450, 1.473, 4.646, -4.875, -0.572, 0.000, 20.91
1, 0, -0.305, 0.000, 0.000, 0.000, -0.081, -0.713, 2.123, 4.652, -4.458, -1.218, 0.000, 20.99
1, 0, -0.535, 0.000, 0.000, 0.000, -0.126, -1.049, 2.952, 4.656, -3.630, -2.268, 0.000, 21.14
1, 0, -0.701, 0.000, 0.000, 0.000, -0.165, -1.416, 2.464, 4.659, -3.660, -1.181, -0.000, 21.22
1, 0, -0.776, 0.000, 0.000, 0.000, -0.183, -1.597, 2.154, 4.660, -3.675, -0.583, -0.000, 21.26
1, 0, -0.824, 0.000, 0.000, 0.000, -0.193, -1.680, 2.193, 4.660, -3.687, -0.469, 0.000, 21.29
1, 0, -0.815, 0.000, 0.000, 0.000, -0.197, -1.740, 1.945, 4.660, -3.906, 0.054, -0.000, 21.29
1, 0, -0.826, 0.000, 0.000, 0.000, -0.207, -1.870, 1.620, 5.497, -4.130, -0.085, -0.000, 21.29
1, 0, -0.953, 0.000, 0.000, 0.000, -0.247, -2.220, 1.117, 7.675, -4.161, -1.211, 0.000, 21.37
1, 0, -1.022, 0.000, 0.000, 0.000, -0.273, -2.458, 0.997, 7.943, -4.403, -0.783, 0.000, 21.43
1, 0, -1.054, 0.000, 0.000, 0.000, -0.289, -2.613, 0.904, 8.153, -4.638, -0.463, -0.000, 21.46
1, 0, -1.081, 0.000, 0.000, 0.000, -0.300, -2.713, 0.829, 8.325, -4.649, -0.412, 0.000, 21.48
1, 0, -0.955, 0.000, 0.000, 0.000, -0.267, -2.418, 0.768, 6.373, -4.620, 1.120, 0.000, 21.41
1, 0, -0.732, 0.000, 0.000, 0.000, -0.209, -1.893, 0.717, 4.612, -4.785, 2.289, 0.000, 21.26
1, 0, -0.571, 0.000, 0.000, 0.000, -0.164, -1.484, 0.674, 4.394, -4.736, 1.887, 0.000, 21.13
1, 0, -0.440, 0.000, 0.000, 0.000, -0.128, -1.166, 0.636, 4.231, -4.915, 1.782, 0.000, 21.01
1, 0, -0.341, 0.000, 0.000, 0.000, -0.100, -0.907, 0.602, 4.104, -4.876, 1.518, -0.000, 20.91
1, 0, -0.267, 0.000, 0.000, 0.000, -0.078, -0.710, 0.573, 4.002, -4.841, 1.322, 0.000, 20.82
1, 0, -0.209, 0.000, 0.000, 0.000, -0.061, -0.557, 0.546, 3.918, -4.811, 1.175, 0.000, 20.75
1, 0, -0.156, 0.000, 0.000, 0.000, -0.046, -0.421, 0.521, 3.849, -5.004, 1.257, 0.000, 20.66
1, 0, -0.028, 0.000, 0.000, 0.000, -0.008, -0.076, 0.498, 3.859, -4.985, 0.740, -0.000, 20.61
1, 0, -0.012, 0.000, 0.000, 0.000, -0.004, -0.032, 0.476, 3.815, -4.966, 0.722, 0.000, 20.56
1, 0, -0.045, 0.000, 0.000, 0.000, -0.013, -0.116, 0.743, 3.776, -4.294, -0.050, 0.000, 20.57
1, 0, -0.133, 0.000, 0.000, 0.000, -0.034, -0.308, 1.330, 3.741, -3.654, -0.942, 0.000, 20.63
1, 0, -0.306, 0.000, 0.000, 0.000, -0.071, -0.614, 1.998, 3.708, -3.039, -1.676, -0.000, 20.74
1, 0, -0.493, 0.000, 0.000, 0.000, -0.109, -0.935, 2.122, 3.679, -2.857, -1.407, 0.000, 20.84
1, 0, -0.691, 0.000, 0.000, 0.000, -0.141, -1.180, 2.461, 3.652, -2.466, -1.634, 0.000, 20.94
1, 0, -0.764, 0.000, 0.000, 0.000, -0.162, -1.409, 1.874, 3.626, -2.694, -0.472, 0.000, 20.98
1, 0, -0.913, 0.000, 0.000, 0.000, -0.181, -1.493, 2.609, 3.859, -2.513, -1.369, -0.000, 21.07
1, 0, -0.924, 0.000, 0.000, 0.000, -0.195, -1.686, 1.931, 3.861, -2.735, -0.253, -0.000, 21.08
1, 0, -0.893, 0.000, 0.000, 0.000, -0.195, -1.703, 1.823, 3.860, -2.950, 0.059, -0.000, 21.08
1, 0, -0.898, 0.000, 0.000, 0.000, -0.205, -1.822, 1.597, 4.694, -3.173, -0.193, 0.000, 21.09
1, 0, -1.024, 0.000, 0.000, 0.000, -0.244, -2.181, 1.045, 6.866, -3.205, -1.258, 0.000, 21.18
1, 0, -1.087, 0.000, 0.000, 0.000, -0.269, -2.415, 0.927, 7.129, -3.445, -0.840, -0.000, 21.23
1, 0, -1.111, -0.000, 0.000, 0.000, -0.285, -2.568, 0.836, 7.333, -3.678, -0.527, -0.000, 21.27
1, 0, -1.110, -0.000, 0.000, 0.000, -0.295, -2.663, 0.764, 7.498, -3.906, -0.288, -0.000, 21.29
1, 0, -0.980, 0.000, 0.000, 0.000, -0.269, -2.431, 0.705, 6.051, -4.101, 1.024, -0.000, 21.22
1, 0, -0.755, 0.000, 0.000, 0.000, -0.213, -1.933, 0.657, 4.335, -4.267, 2.177, 0.000, 21.07
1, 0, -0.582, 0.000, 0.000, 0.000, -0.169, -1.534, 0.615, 4.149, -4.439, 1.961, -0.000, 20.94
1, 0, -0.457, 0.000, 0.000, 0.000, -0.134, -1.218, 0.580, 4.011, -4.398, 1.617, 0.000, 20.84
1, 0, -0.356, 0.000, 0.000, 0.000, -0.107, -0.969, 0.548, 3.903, -4.581, 1.561, 0.000, 20.73
1, 0, -0.268, 0.000, 0.000, 0.000, -0.082, -0.747, 0.521, 3.817, -4.766, 1.525, 0.000, 20.63
1, 0, -0.192, 0.000, 0.000, 0.000, -0.060, -0.544, 0.496, 3.747, -4.952, 1.506, 0.000, 20.53
1, 0, -0.123, 0.000, 0.000, 0.000, -0.039, -0.357, 0.473, 3.689, -5.140, 1.497, 0.000, 20.43
1, 0, 0.032, 0.000, 0.000, 0.000, 0.010, 0.095, 0.452, 3.709, -5.339, 1.042, 0.000, 20.36
1, 0, 0.069, 0.000, 0.000, 0.000, 0.022, 0.205, 0.432, 3.673, -5.537, 1.135, 0.000, 20.28
1, 0, 0.047, 0.000, 0.000, 0.000, 0.014, 0.130, 0.879, 3.641, -4.634, -0.077, -0.000, 20.29
1, 0, -0.042, 0.000, 0.000, 0.000, -0.011, -0.103, 1.326, 3.613, -3.769, -1.014, 0.000, 20.36
1, 0, -0.210, 0.000, 0.000, 0.000, -0.052, -0.450, 2.034, 3.587, -3.155, -1.754, 0.000, 20.47
1, 0, -0.446, 0.000, 0.000, 0.000, -0.100, -0.830, 2.636, 3.563, -2.772, -2.050, 0.000, 20.61
1, 0, -0.769, 0.000, 0.000, 0.000, -0.152, -1.168, 3.378, 3.540, -2.191, -2.638, 0.000, 20.79
1, 0, -1.178, -0.000, 0.000, 0.000, -0.205, -1.445, 3.871, 3.520, -1.625, -2.938, 0.000, 20.98
1, 0, -1.453, -0.000, 0.000, 0.000, -0.249, -1.797, 3.353, 3.757, -1.467, -2.145, -0.000, 21.13
1, 0, -1.604, -0.000, 0.000, 0.000, -0.272, -2.012, 3.102, 3.763, -1.503, -1.474, -0.000, 21.22
1, 0, -1.424, -0.000, 0.000, 0.000, -0.274, -2.262, 2.190, 3.765, -2.138, 0.143, 0.000, 21.21
1, 0, -1.323, -0.000, 0.000, 0.000, -0.276, -2.355, 1.888, 4.603, -2.567, 0.030, -0.000, 21.21
1, 0, -1.362, -0.000, 0.000, 0.000, -0.308, -2.664, 1.327, 6.779, -2.808, -0.964, 0.000, 21.28
1, 0, -1.364, -0.000, 0.000, 0.000, -0.325, -2.840, 1.168, 7.046, -3.041, -0.644, 0.000, 21.32
1, 0, -1.341, -0.000, 0.000, 0.000, -0.336, -2.952, 1.047, 7.253, -3.269, -0.401, 0.000, 21.35
1, 0, -1.305, -0.000, 0.000, 0.000, -0.341, -3.020, 0.951, 7.421, -3.494, -0.211, -0.000, 21.36
1, 0, -1.146, -0.000, 0.000, 0.000, -0.312, -2.771, 0.873, 5.977, -3.686, 1.064, -0.000, 21.29
1, 0, -0.880, 0.000, 0.000, 0.000, -0.253, -2.254, 0.809, 4.263, -4.067, 2.380, 0.000, 21.13
1, 0, -0.682, 0.000, 0.000, 0.000, -0.203, -1.816, 0.756, 4.081, -4.235, 2.099, 0.000, 20.99
1, 0, -0.530, 0.000, 0.000, 0.000, -0.162, -1.457, 0.710, 3.945, -4.409, 1.903, -0.000, 20.86
1, 0, -0.408, 0.000, 0.000, 0.000, -0.128, -1.156, 0.670, 3.840, -4.587, 1.769, 0.000, 20.75
1, 0, -0.308, 0.000, 0.000, 0.000, -0.099, -0.895, 0.635, 3.757, -4.768, 1.679, 0.000, 20.63
1, 0, -0.224, 0.000, 0.000, 0.000, -0.074, -0.665, 0.603, 3.689, -4.951, 1.621, -0.000, 20.53
1, 0, -0.151, 0.000, 0.000, 0.000, -0.050, -0.457, 0.575, 3.633, -5.136, 1.586, -0.000, 20.42
1, 0, -0.009, 0.000, 0.000, 0.000, -0.003, -0.027, 0.549, 3.655, -5.332, 1.167, 0.000, 20.34
1, 0, 0.042, 0.000, 0.000, 0.000, 0.015, 0.134, 0.525, 3.621, -5.752, 1.414, 0.000, 20.25
1, 0, 0.028, 0.000, 0.000, 0.000, 0.009, 0.083, 0.985, 3.592, -4.620, -0.077, 0.000, 20.25
1, 0, -0.060, 0.000, 0.000, 0.000, -0.017, -0.154, 1.456, 3.565, -3.756, -1.034, 0.000, 20.32
1, 0, -0.229, 0.000, 0.000, 0.000, -0.059, -0.503, 2.144, 3.541, -3.141, -1.753, 0.000, 20.44
1, 0, -0.463, 0.000, 0.000, 0.000, -0.107, -0.880, 2.715, 3.518, -2.757, -2.025, 0.000, 20.57
1, 0, -0.724, 0.000, 0.000, 0.000, -0.153, -1.209, 3.058, 3.498, -2.378, -2.092, -0.000, 20.71
1, 0, -1.011, 0.000, 0.000, 0.000, -0.195, -1.459, 3.427, 3.479, -2.005, -2.235, -0.000, 20.86
1, 0, -1.196, -0.000, 0.000, 0.000, -0.230, -1.764, 3.091, 3.717, -2.045, -1.573, 0.000, 20.97
1, 0, -1.240, -0.000, 0.000, 0.000, -0.247, -1.956, 2.770, 3.726, -2.279, -0.774, -0.000, 21.02
1, 0, -1.241, -0.000, 0.000, 0.000, -0.252, -2.029, 2.544, 3.729, -2.291, -0.462, -0.000, 21.05
1, 0, -1.170, -0.000, 0.000, 0.000, -0.260, -2.232, 1.902, 4.568, -2.724, -0.084, -0.000, 21.06
1, 0, -1.206, -0.000, 0.000, 0.000, -0.295, -2.560, 1.341, 6.746, -3.180, -0.846, -0.000, 21.11
1, 0, -1.184, -0.000, 0.000, 0.000, -0.311, -2.724, 1.184, 7.013, -3.627, -0.351, 0.000, 21.13
1, 0, -1.130, -0.000, 0.000, 0.000, -0.317, -2.800, 1.064, 7.222, -4.068, 0.028, -0.000, 21.13
1, 0, -1.059, -0.000, 0.000, 0.000, -0.316, -2.809, 0.969, 7.391, -4.504, 0.329, -0.000, 21.11
1, 0, -0.878, 0.000, 0.000, 0.000, -0.277, -2.474, 0.892, 5.949, -4.909, 1.697, 0.000, 21.00
1, 0, -0.637, 0.000, 0.000, 0.000, -0.208, -1.865, 0.828, 4.236, -5.064, 2.710, 0.000, 20.82
1, 0, -0.424, 0.000, 0.000, 0.000, -0.149, -1.340, 0.774, 4.054, -5.897, 2.980, 0.000, 20.62
1, 0, -0.254, 0.000, 0.000, 0.000, -0.093, -0.839, 0.728, 3.920, -6.283, 2.821, 0.000, 20.43
1, 0, -0.116, 0.000, 0.000, 0.000, -0.044, -0.397, 0.688, 3.816, -6.675, 2.728, 0.000, 20.25
1, 0, 0.000, 0.000, 0.000, 0.000, 0.000, 0.002, 0.652, 3.733, -7.071, 2.684, 0.000, 20.07
1, 0, 0.102, 0.000, 0.000, 0.000, 0.041, 0.369, 0.620, 3.666, -7.471, 2.673, 0.000, 19.89
1, 0, 0.192, 0.000, 0.000, 0.000, 0.078, 0.715, 0.591, 3.611, -7.874, 2.685, 0.000, 19.71
1, 1, -0.147, 0.000, 0.000, 0.000, -0.061, -0.556, 0.565, 3.634, -8.467, -4.312, -9.344, 20.00
1, 1, -0.194, 0.000, 0.000, 0.000, -0.077, -0.720, 0.719, 3.601, -7.751, 0.000, -4.422, 20.00
1, 1, -0.189, 0.000, 0.000, 0.000, -0.068, -0.628, 1.378, 3.572, -6.810, 0.000, -2.744, 20.00
1, 1, -0.193, 0.000, 0.000, 0.000, -0.064, -0.585, 1.726, 3.546, -6.114, 0.000, -1.683, 20.00
1, 1, -0.195, 0.000, 0.000, 0.000, -0.061, -0.548, 2.024, 3.523, -5.655, 0.000, -0.911, 20.00
1, 0, -0.221, 0.000, 0.000, 0.000, -0.062, -0.531, 3.053, 3.501, -4.992, -0.749, 0.000, 20.05
1, 0, -0.386, 0.000, 0.000, 0.000, -0.097, -0.797, 3.655, 3.481, -4.139, -1.718, 0.000, 20.16
1, 0, -0.527, 0.000, 0.000, 0.000, -0.129, -1.072, 3.255, 3.463, -3.944, -1.047, 0.000, 20.23
1, 0, -0.641, 0.000, 0.000, 0.000, -0.152, -1.278, 3.032, 3.702, -3.746, -0.918, 0.000, 20.30
1, 0, -0.593, 0.000, 0.000, 0.000, -0.151, -1.343, 2.118, 3.711, -4.396, 0.654, 0.000, 20.25
1, 0, -0.484, 0.000, 0.000, 0.000, -0.129, -1.173, 1.735, 3.715, -4.815, 1.151, -0.000, 20.18
1, 0, -0.408, 0.000, 0.000, 0.000, -0.115, -1.034, 1.289, 4.555, -5.242, 0.955, 0.000, 20.11
1, 0, -0.494, 0.000, 0.000, 0.000, -0.143, -1.296, 1.143, 6.733, -5.482, -0.461, 0.000, 20.14
1, 0, -0.539, 0.000, 0.000, 0.000, -0.161, -1.456, 1.030, 7.001, -5.714, -0.161, 0.000, 20.15
1, 0, -0.558, 0.000, 0.000, 0.000, -0.170, -1.546, 0.940, 7.210, -5.942, 0.066, -0.000, 20.15
1, 0, -0.560, 0.000, 0.000, 0.000, -0.174, -1.586, 0.867, 7.379, -6.166, 0.240, -0.000, 20.13
1, 0, -0.465, 0.000, 0.000, 0.000, -0.149, -1.356, 0.806, 5.938, -6.582, 1.807, -0.000, 20.01
1, 0, -0.271, 0.000, 0.000, 0.000, -0.088, -0.805, 0.755, 4.225, -6.738, 2.921, -0.000, 19.82
1, 0, -0.118, 0.000, 0.000, 0.000, -0.039, -0.356, 0.711, 4.044, -6.901, 2.659, 0.000, 19.64
1, 0, 0.005, 0.000, 0.000, 0.000, 0.002, 0.016, 0.672, 3.910, -7.070, 2.466, 0.000, 19.48
1, 0, 0.107, 0.000, 0.000, 0.000, 0.036, 0.329, 0.638, 3.806, -7.244, 2.328, 0.000, 19.32
1, 0, 0.193, 0.000, 0.000, 0.000, 0.066, 0.600, 0.607, 3.724, -7.421, 2.231, -0.000, 19.17
1, 0, 0.268, 0.000, 0.000, 0.000, 0.092, 0.840, 0.579, 3.658, -7.600, 2.165, 0.000, 19.03
1, 0, 0.334, 0.000, 0.000, 0.000, 0.115, 1.054, 0.553, 3.603, -7.781, 2.122, -0.000, 18.89
1, 1, -1.126, 0.000, 0.000, 0.000, -0.389, -3.574, 0.529, 3.626, -8.467, -16.711, -26.113, 20.00
1, 1, -1.096, 0.000, 0.000, 0.000, -0.372, -3.520, 0.596, 3.594, -8.227, 0.000, -9.025, 20.00
1, 1, -1.068, 0.000, 0.000, 0.000, -0.334, -3.109, 1.231, 3.565, -7.044, 0.000, -6.759, 20.00
1, 1, -1.045, 0.000, 0.000, 0.000, -0.300, -2.734, 1.895, 3.539, -6.114, 0.000, -4.758, 20.00
1, 1, -1.012, 0.000, 0.000, 0.000, -0.260, -2.280, 2.760, 3.516, -4.972, 0.000, -2.248, 20.00
1, 0, -0.975, 0.000, 0.000, 0.000, -0.221, -1.837, 3.644, 3.495, -3.860, -0.246, 0.000, 20.02
1, 0, -1.029, 0.000, 0.000, 0.000, -0.219, -1.814, 3.590, 3.475, -3.433, -0.569, 0.000, 20.05
1, 0, -1.064, 0.000, 0.000, 0.000, -0.220, -1.830, 3.325, 3.457, -3.224, -0.442, -0.000, 20.08
1, 0, -1.077, 0.000, 0.000, 0.000, -0.222, -1.878, 2.989, 3.696, -3.231, -0.276, 0.000, 20.10
1, 0, -0.979, 0.000, 0.000, 0.000, -0.212, -1.854, 2.406, 3.705, -3.656, 0.590, 0.000, 20.06
1, 1, -0.873, 0.000, 0.000, 0.000, -0.204, -1.858, 1.681, 3.710, -4.298, 0.944, -0.898, 20.00
1, 1, -0.884, 0.000, 0.000, 0.000, -0.216, -1.941, 1.326, 4.550, -4.522, 0.000, -1.687, 20.00
1, 0, -0.881, 0.000, 0.000, 0.000, -0.223, -2.009, 1.175, 6.728, -4.748, -0.043, -0.000, 20.00
1, 1, -0.879, 0.000, 0.000, 0.000, -0.232, -2.103, 1.058, 6.996, -5.199, 0.043, -0.315, 20.00
1, 1, -0.884, 0.000, 0.000, 0.000, -0.241, -2.185, 0.965, 7.205, -5.426, 0.000, -0.566, 20.00
1, 1, -0.893, 0.000, 0.000, 0.000, -0.250, -2.273, 0.890, 7.375, -5.655, 0.000, -0.806, 20.00
1, 0, -0.723, 0.000, 0.000, 0.000, -0.210, -1.912, 0.827, 5.933, -6.058, 2.144, -0.000, 19.86
1, 0, -0.475, 0.000, 0.000, 0.000, -0.141, -1.287, 0.774, 4.221, -6.207, 3.115, 0.000, 19.65
1, 0, -0.277, 0.000, 0.000, 0.000, -0.085, -0.774, 0.728, 4.040, -6.593, 2.961, 0.000, 19.45
1, 0, -0.120, 0.000, 0.000, 0.000, -0.037, -0.342, 0.688, 3.906, -6.756, 2.660, 0.000, 19.27
1, 0, 0.011, 0.000, 0.000, 0.000, 0.004, 0.033, 0.653, 3.803, -7.155, 2.651, 0.000, 19.10
1, 0, 0.122, 0.000, 0.000, 0.000, 0.040, 0.364, 0.621, 3.720, -7.326, 2.458, 0.000, 18.93
1, 0, 0.218, 0.000, 0.000, 0.000, 0.073, 0.667, 0.592, 3.654, -7.733, 2.529, -0.000, 18.77
1, 0, 0.305, 0.000, 0.000, 0.000, 0.103, 0.943, 0.566, 3.600, -7.908, 2.392, 0.000, 18.61
1, 1, -1.548, -0.000, 0.000, 0.000, -0.532, -4.883, 0.541, 4.392, -8.949, -20.910, -31.888, 20.00
1, 1, -1.488, -0.000, 0.000, 0.000, -0.480, -4.500, 0.911, 4.436, -7.751, 0.000, -8.872, 20.00
1, 1, -1.456, -0.000, 0.000, 0.000, -0.433, -4.000, 1.426, 4.466, -6.577, 0.000, -6.575, 20.00
1, 1, -1.435, -0.000, 0.000, 0.000, -0.391, -3.527, 2.097, 4.488, -5.655, 0.000, -4.422, 20.00
1, 1, -1.409, 0.000, 0.000, 0.000, -0.341, -2.927, 3.145, 4.504, -4.522, 0.000, -1.550, 20.00
1, 1, -1.363, 0.000, 0.000, 0.000, -0.303, -2.542, 3.498, 4.517, -3.853, 0.000, -0.046, 20.00
1, 0, -1.417, 0.000, 0.000, 0.000, -0.296, -2.446, 3.651, 4.527, -3.427, -0.591, 0.000, 20.04
1, 0, -1.503, -0.000, 0.000, 0.000, -0.300, -2.446, 3.580, 4.535, -3.011, -0.855, -0.000, 20.10
1, 0, -1.503, -0.000, 0.000, 0.000, -0.300, -2.503, 3.148, 4.541, -3.020, -0.363, -0.000, 20.12
1, 0, -1.345, 0.000, 0.000, 0.000, -0.286, -2.488, 2.518, 4.546, -3.660, 0.716, 0.000, 20.07
1, 1, -1.174, 0.000, 0.000, 0.000, -0.270, -2.434, 1.862, 4.550, -4.298, 1.094, -0.670, 20.00
1, 1, -1.168, 0.000, 0.000, 0.000, -0.282, -2.523, 1.407, 5.392, -4.522, 0.000, -1.695, 20.00
1, 0, -1.148, 0.000, 0.000, 0.000, -0.287, -2.581, 1.246, 7.574, -4.748, -0.055, 0.000, 20.00
1, 0, -1.123, 0.000, 0.000, 0.000, -0.290, -2.618, 1.121, 7.846, -4.973, 0.037, -0.000, 20.00
1, 1, -1.109, 0.000, 0.000, 0.000, -0.295, -2.667, 1.022, 8.060, -5.199, 0.018, -0.170, 20.00
1, 1, -1.098, 0.000, 0.000, 0.000, -0.296, -2.682, 0.941, 8.235, -5.199, 0.000, -0.099, 20.00
1, 0, -0.940, 0.000, 0.000, 0.000, -0.259, -2.353, 0.874, 6.286, -5.380, 1.772, -0.000, 19.88
1, 0, -0.691, 0.000, 0.000, 0.000, -0.194, -1.766, 0.818, 4.529, -5.534, 2.838, 0.000, 19.69
1, 0, -0.495, 0.000, 0.000, 0.000, -0.142, -1.293, 0.769, 4.315, -5.697, 2.542, 0.000, 19.52
1, 0, -0.349, 0.000, 0.000, 0.000, -0.101, -0.918, 0.727, 4.155, -5.641, 2.127, 0.000, 19.38
1, 0, -0.232, 0.000, 0.000, 0.000, -0.068, -0.619, 0.690, 4.030, -5.818, 2.016, 0.000, 19.25
1, 0, -0.139, 0.000, 0.000, 0.000, -0.041, -0.373, 0.656, 3.931, -5.772, 1.739, 0.000, 19.13
1, 0, -0.062, 0.000, 0.000, 0.000, -0.018, -0.167, 0.625, 3.850, -5.957, 1.729, 0.000, 19.02
1, 0, 0.010, 0.000, 0.000, 0.000, 0.003, 0.026, 0.597, 3.783, -6.143, 1.724, 0.000, 18.90
1, 1, -1.571, -0.000, 0.000, 0.000, -0.474, -4.334, 0.571, 4.566, -6.577, -16.488, -24.306, 20.00
1, 1, -1.499, -0.000, 0.000, 0.000, -0.445, -4.187, 0.636, 4.600, -6.345, 0.000, -7.239, 20.00
1, 1, -1.460, -0.000, 0.000, 0.000, -0.410, -3.819, 1.058, 4.622, -5.655, 0.000, -5.664, 20.00
1, 1, -1.428, -0.000, 0.000, 0.000, -0.390, -3.621, 1.206, 4.636, -5.426, 0.000, -5.023, 20.00
1, 1, -1.404, -0.000, 0.000, 0.000, -0.367, -3.384, 1.422, 4.646, -4.972, 0.000, -4.059, 20.00
1, 1, -1.382, 0.000, 0.000, 0.000, -0.349, -3.198, 1.648, 4.652, -4.747, 0.000, -3.376, 20.00
1, 1, -1.361, 0.000, 0.000, 0.000, -0.331, -2.980, 2.069, 4.656, -4.522, 0.000, -2.468, 20.00
1, 1, -1.338, 0.000, 0.000, 0.000, -0.328, -3.011, 1.621, 4.659, -4.522, 0.000, -2.920, 20.00
1, 1, -1.316, 0.000, 0.000, 0.000, -0.322, -2.967, 1.570, 4.660, -4.522, 0.000, -2.897, 20.00
1, 1, -1.295, 0.000, 0.000, 0.000, -0.327, -3.070, 1.103, 4.660, -4.747, 0.000, -3.676, 20.00
1, 1, -1.275, 0.000, 0.000, 0.000, -0.335, -3.167, 0.921, 4.660, -5.199, 0.000, -4.395, 20.00
1, 1, -1.257, 0.000, 0.000, 0.000, -0.334, -3.092, 0.776, 5.497, -5.199, 0.000, -3.609, 20.00
1, 1, -1.240, 0.000, 0.000, 0.000, -0.337, -3.115, 0.706, 7.675, -5.426, 0.000, -1.738, 20.00
1, 1, -1.227, 0.000, 0.000, 0.000, -0.336, -3.105, 0.650, 7.943, -5.426, 0.000, -1.501, 20.00
1, 1, -1.218, 0.000, 0.000, 0.000, -0.340, -3.136, 0.604, 8.153, -5.655, 0.000, -1.590, 20.00
1, 1, -1.210, 0.000, 0.000, 0.000, -0.340, -3.131, 0.566, 8.325, -5.655, 0.000, -1.445, 20.00
1, 0, -0.965, 0.000, 0.000, 0.000, -0.275, -2.536, 0.532, 6.373, -5.814, 2.685, 0.000, 19.82
1, 0, -0.667, 0.000, 0.000, 0.000, -0.193, -1.778, 0.503, 4.612, -5.953, 3.475, -0.000, 19.59
1, 0, -0.453, 0.000, 0.000, 0.000, -0.131, -1.213, 0.478, 4.394, -5.879, 2.804, 0.000, 19.40
1, 0, -0.289, 0.000, 0.000, 0.000, -0.085, -0.784, 0.454, 4.231, -6.044, 2.516, 0.000, 19.23
1, 0, -0.157, 0.000, 0.000, 0.000, -0.047, -0.432, 0.433, 4.104, -6.214, 2.313, 0.000, 19.08
1, 0, -0.056, 0.000, 0.000, 0.000, -0.017, -0.153, 0.414, 4.002, -6.162, 1.972, 0.000, 18.95
1, 0, 0.027, 0.000, 0.000, 0.000, 0.008, 0.075, 0.396, 3.918, -6.344, 1.920, 0.000, 18.82
1, 0, 0.095, 0.000, 0.000, 0.000, 0.029, 0.263, 0.379, 3.849, -6.299, 1.685, -0.000, 18.71
1, 1, -1.742, -0.000, 0.000, 0.000, -0.530, -4.896, 0.363, 3.859, -7.044, -19.369, -29.359, 20.00
1, 1, -1.662, -0.000, 0.000, 0.000, -0.485, -4.580, 0.581, 3.815, -6.345, 0.000, -8.676, 20.00
1, 1, -1.625, -0.000, 0.000, 0.000, -0.434, -4.000, 1.286, 3.776, -5.199, 0.000, -6.197, 20.00
1, 1, -1.600, -0.000, 0.000, 0.000, -0.384, -3.426, 2.027, 3.741, -4.075, 0.000, -3.719, 20.00
1, 1, -1.569, -0.000, 0.000, 0.000, -0.353, -3.112, 2.283, 3.708, -3.632, 0.000, -2.674, 20.00
1, 1, -1.534, -0.000, 0.000, 0.000, -0.331, -2.895, 2.419, 3.679, -3.412, 0.000, -2.074, 20.00
1, 1, -1.502, -0.000, 0.000, 0.000, -0.302, -2.544, 3.030, 3.652, -2.974, 0.000, -0.640, 20.00
1, 1, -1.454, -0.000, 0.000, 0.000, -0.281, -2.365, 2.867, 3.626, -2.539, 0.000, -0.147, 20.00
1, 1, -1.409, 0.000, 0.000, 0.000, -0.287, -2.525, 2.159, 3.859, -2.974, 0.000, -1.177, 20.00
1, 1, -1.365, 0.000, 0.000, 0.000, -0.285, -2.525, 2.048, 3.861, -3.192, 0.000, -1.458, 20.00
1, 1, -1.321, 0.000, 0.000, 0.000, -0.301, -2.770, 1.334, 3.860, -3.853, 0.000, -3.052, 20.00
1, 1, -1.282, 0.000, 0.000, 0.000, -0.306, -2.773, 1.058, 4.694, -4.075, 0.000, -2.685, 20.00
1, 1, -1.247, 0.000, 0.000, 0.000, -0.308, -2.804, 0.936, 6.866, -4.298, 0.000, -0.855, 20.00
1, 1, -1.217, 0.000, 0.000, 0.000, -0.312, -2.838, 0.841, 7.129, -4.522, 0.000, -0.919, 20.00
1, 1, -1.194, 0.000, 0.000, 0.000, -0.315, -2.876, 0.766, 7.333, -4.747, 0.000, -1.033, 20.00
1, 1, -1.176, 0.000, 0.000, 0.000, -0.315, -2.873, 0.705, 7.498, -4.747, 0.000, -0.908, 20.00
1, 0, -0.969, 0.000, 0.000, 0.000, -0.269, -2.461, 0.655, 6.051, -5.143, 2.137, -0.000, 19.86
1, 0, -0.709, 0.000, 0.000, 0.000, -0.199, -1.821, 0.612, 4.335, -5.069, 2.851, 0.000, 19.67
1, 0, -0.500, 0.000, 0.000, 0.000, -0.145, -1.328, 0.576, 4.149, -5.454, 2.702, 0.000, 19.49
1, 0, -0.336, 0.000, 0.000, 0.000, -0.099, -0.911, 0.544, 4.011, -5.620, 2.411, -0.000, 19.33
1, 0, -0.205, 0.000, 0.000, 0.000, -0.062, -0.568, 0.516, 3.903, -5.791, 2.208, 0.000, 19.18
1, 0, -0.099, 0.000, 0.000, 0.000, -0.030, -0.278, 0.490, 3.817, -5.967, 2.068, 0.000, 19.04
1, 0, -0.010, 0.000, 0.000, 0.000, -0.003, -0.027, 0.467, 3.747, -6.147, 1.972, 0.000, 18.91
1, 0, 0.067, 0.000, 0.000, 0.000, 0.021, 0.196, 0.446, 3.689, -6.329, 1.909, -0.000, 18.78
1, 1, -1.610, -0.000, 0.000, 0.000, -0.514, -4.729, 0.427, 3.709, -7.044, -18.258, -28.020, 20.00
1, 1, -1.540, -0.000, 0.000, 0.000, -0.472, -4.449, 0.605, 3.673, -6.345, 0.000, -8.528, 20.00
1, 1, -1.504, -0.000, 0.000, 0.000, -0.435, -4.050, 1.024, 3.641, -5.655, 0.000, -6.978, 20.00
1, 1, -1.477, -0.000, 0.000, 0.000, -0.405, -3.741, 1.352, 3.613, -5.199, 0.000, -5.857, 20.00
1, 1, -1.461, -0.000, 0.000, 0.000, -0.370, -3.329, 2.008, 3.587, -4.522, 0.000, -4.088, 20.00
1, 1, -1.446, -0.000, 0.000, 0.000, -0.337, -2.921, 2.683, 3.563, -3.853, 0.000, -2.311, 20.00
1, 1, -1.422, -0.000, 0.000, 0.000, -0.314, -2.708, 2.717, 3.540, -3.412, 0.000, -1.599, 20.00
1, 1, -1.396, -0.000, 0.000, 0.000, -0.291, -2.442, 3.005, 3.520, -2.974, 0.000, -0.578, 20.00
1, 1, -1.359, -0.000, 0.000, 0.000, -0.285, -2.464, 2.481, 3.757, -2.974, 0.000, -0.844, 20.00
1, 1, -1.321, 0.000, 0.000, 0.000, -0.286, -2.541, 1.996, 3.763, -3.192, 0.000, -1.581, 20.00
1, 1, -1.284, 0.000, 0.000, 0.000, -0.300, -2.751, 1.410, 3.765, -3.853, 0.000, -3.012, 20.00
1, 1, -1.249, 0.000, 0.000, 0.000, -0.304, -2.759, 1.087, 4.603, -4.075, 0.000, -2.698, 20.00
1, 1, -1.218, 0.000, 0.000, 0.000, -0.307, -2.790, 0.961, 6.779, -4.298, 0.000, -0.873, 20.00
1, 1, -1.192, 0.000, 0.000, 0.000, -0.310, -2.824, 0.864, 7.046, -4.522, 0.000, -0.938, 20.00
1, 1, -1.171, 0.000, 0.000, 0.000, -0.314, -2.861, 0.787, 7.253, -4.747, 0.000, -1.054, 20.00
1, 1, -1.155, 0.000, 0.000, 0.000, -0.318, -2.902, 0.724, 7.421, -4.972, 0.000, -1.203, 20.00
1, 0, -0.950, 0.000, 0.000, 0.000, -0.268, -2.448, 0.672, 5.977, -5.143, 2.158, 0.000, 19.86
1, 0, -0.678, 0.000, 0.000, 0.000, -0.195, -1.788, 0.628, 4.263, -5.290, 3.060, 0.000, 19.65
1, 0, -0.473, 0.000, 0.000, 0.000, -0.139, -1.276, 0.591, 4.081, -5.449, 2.666, 0.000, 19.47
1, 0, -0.315, 0.000, 0.000, 0.000, -0.094, -0.866, 0.558, 3.945, -5.615, 2.387, 0.000, 19.32
1, 0, -0.180, 0.000, 0.000, 0.000, -0.056, -0.511, 0.529, 3.840, -6.013, 2.390, 0.000, 19.16
1, 0, -0.067, 0.000, 0.000, 0.000, -0.021, -0.194, 0.503, 3.757, -6.186, 2.208, -0.000, 19.01
1, 0, 0.026, 0.000, 0.000, 0.000, 0.008, 0.075, 0.480, 3.689, -6.363, 2.085, 0.000, 18.87
1, 0, 0.105, 0.000, 0.000, 0.000, 0.034, 0.311, 0.458, 3.633, -6.543, 2.002, 0.000, 18.74
1, 1, -1.609, -0.000, 0.000, 0.000, -0.526, -4.833, 0.438, 3.655, -7.279, -18.956, -29.109, 20.00
1, 1, -1.545, -0.000, 0.000, 0.000, -0.476, -4.467, 0.759, 3.621, -6.345, 0.000, -8.452, 20.00
1, 1, -1.514, -0.000, 0.000, 0.000, -0.433, -3.995, 1.238, 3.592, -5.426, 0.000, -6.538, 20.00
1, 1, -1.494, -0.000, 0.000, 0.000, -0.394, -3.557, 1.850, 3.565, -4.747, 0.000, -4.778, 20.00
1, 1, -1.483, -0.000, 0.000, 0.000, -0.351, -3.033, 2.712, 3.541, -3.853, 0.000, -2.469, 20.00
1, 1, -1.455, -0.000, 0.000, 0.000, -0.308, -2.525, 3.395, 3.518, -2.974, 0.000, -0.348, 20.00
1, 0, -1.483, -0.000, 0.000, 0.000, -0.293, -2.350, 3.543, 3.498, -2.548, -0.366, 0.000, 20.02
1, 0, -1.465, -0.000, 0.000, 0.000, -0.283, -2.314, 3.111, 3.479, -2.337, -0.190, -0.000, 20.04
1, 0, -1.389, -0.000, 0.000, 0.000, -0.274, -2.313, 2.664, 3.717, -2.549, 0.145, -0.000, 20.03
1, 1, -1.288, 0.000, 0.000, 0.000, -0.273, -2.391, 2.181, 3.726, -3.192, 0.412, -0.827, 20.00
1, 1, -1.254, 0.000, 0.000, 0.000, -0.290, -2.633, 1.596, 3.729, -3.853, 0.000, -2.705, 20.00
1, 1, -1.217, 0.000, 0.000, 0.000, -0.292, -2.624, 1.226, 4.568, -3.853, 0.000, -2.192, 20.00
1, 1, -1.181, 0.000, 0.000, 0.000, -0.290, -2.612, 1.085, 6.746, -3.853, 0.000, -0.105, 20.00
1, 1, -1.152, 0.000, 0.000, 0.000, -0.293, -2.642, 0.976, 7.013, -4.075, 0.000, -0.173, 20.00
1, 1, -1.128, 0.000, 0.000, 0.000, -0.291, -2.630, 0.889, 7.222, -4.075, 0.000, -0.014, 20.00
1, 0, -1.119, 0.000, 0.000, 0.000, -0.291, -2.640, 0.818, 7.391, -4.077, -0.081, 0.000, 20.01
1, 0, -1.015, 0.000, 0.000, 0.000, -0.266, -2.417, 0.760, 5.949, -4.051, 1.041, 0.000, 19.94
1, 0, -0.798, 0.000, 0.000, 0.000, -0.214, -1.941, 0.711, 4.236, -4.216, 2.222, -0.000, 19.79
1, 0, -0.652, 0.000, 0.000, 0.000, -0.173, -1.574, 0.669, 4.054, -3.952, 1.628, 0.000, 19.68
1, 0, -0.545, 0.000, 0.000, 0.000, -0.145, -1.318, 0.632, 3.920, -3.916, 1.372, 0.000, 19.59
1, 0, -0.462, 0.000, 0.000, 0.000, -0.123, -1.121, 0.599, 3.816, -3.886, 1.177, 0.000, 19.51
1, 0, -0.398, 0.000, 0.000, 0.000, -0.106, -0.967, 0.570, 3.733, -3.859, 1.027, 0.000, 19.44
1, 0, -0.347, 0.000, 0.000, 0.000, -0.093, -0.844, 0.543, 3.666, -3.836, 0.911, 0.000, 19.38
1, 0, -0.307, 0.000, 0.000, 0.000, -0.082, -0.746, 0.519, 3.611, -3.815, 0.819, -0.000, 19.33
1, 1, -1.335, -0.000, 0.000, 0.000, -0.356, -3.249, 0.496, 3.634, -4.075, -10.116, -15.001, 20.00
1, 1, -1.274, -0.000, 0.000, 0.000, -0.334, -3.121, 0.546, 3.601, -3.853, 0.000, -4.435, 20.00
1, 1, -1.239, -0.000, 0.000, 0.000, -0.302, -2.773, 0.994, 3.572, -3.192, 0.000, -2.940, 20.00
1, 1, -1.207, -0.000, 0.000, 0.000, -0.278, -2.510, 1.295, 3.546, -2.756, 0.000, -1.910, 20.00
1, 1, -1.176, -0.000, 0.000, 0.000, -0.262, -2.361, 1.332, 3.523, -2.539, 0.000, -1.483, 20.00
1, 1, -1.147, 0.000, 0.000, 0.000, -0.245, -2.182, 1.548, 3.501, -2.323, 0.000, -0.849, 20.00
1, 1, -1.117, 0.000, 0.000, 0.000, -0.237, -2.113, 1.516, 3.481, -2.323, 0.000, -0.792, 20.00
1, 1, -1.085, 0.000, 0.000, 0.000, -0.226, -2.014, 1.468, 3.463, -2.108, 0.000, -0.502, 20.00
1, 1, -1.054, 0.000, 0.000, 0.000, -0.219, -1.958, 1.434, 3.702, -2.108, 0.000, -0.202, 20.00
1, 1, -1.025, 0.000, 0.000, 0.000, -0.229, -2.118, 0.890, 3.711, -2.539, 0.000, -1.311, 20.00
1, 1, -0.998, 0.000, 0.000, 0.000, -0.231, -2.157, 0.773, 3.715, -2.756, 0.000, -1.655, 20.00
1, 1, -0.972, 0.000, 0.000, 0.000, -0.229, -2.097, 0.670, 4.555, -2.756, 0.000, -0.829, 20.00
1, 0, -1.039, 0.000, 0.000, 0.000, -0.254, -2.318, 0.612, 6.733, -2.993, -0.741, -0.000, 20.05
1, 0, -1.097, -0.000, 0.000, 0.000, -0.272, -2.481, 0.565, 7.001, -3.011, -0.705, 0.000, 20.10
1, 0, -1.121, -0.000, 0.000, 0.000, -0.286, -2.612, 0.525, 7.210, -3.241, -0.474, 0.000, 20.13
1, 0, -1.147, -0.000, 0.000, 0.000, -0.296, -2.703, 0.492, 7.379, -3.253, -0.472, 0.000, 20.16
1, 0, -1.058, 0.000, 0.000, 0.000, -0.275, -2.513, 0.464, 5.938, -3.236, 0.680, 0.000, 20.11
1, 0, -0.851, 0.000, 0.000, 0.000, -0.226, -2.071, 0.439, 4.225, -3.407, 1.892, 0.000, 19.99
1, 0, -0.703, 0.000, 0.000, 0.000, -0.188, -1.723, 0.417, 4.044, -3.368, 1.522, 0.000, 19.89
1, 0, -0.580, 0.000, 0.000, 0.000, -0.159, -1.455, 0.397, 3.910, -3.552, 1.439, -0.000, 19.79
1, 0, -0.476, 0.000, 0.000, 0.000, -0.133, -1.221, 0.378, 3.806, -3.737, 1.383, -0.000, 19.70
1, 0, -0.397, 0.000, 0.000, 0.000, -0.112, -1.025, 0.361, 3.724, -3.707, 1.156, 0.000, 19.62
1, 0, -0.327, 0.000, 0.000, 0.000, -0.094, -0.864, 0.346, 3.658, -3.899, 1.181, 0.000, 19.54
1, 0, -0.272, 0.000, 0.000, 0.000, -0.079, -0.722, 0.331, 3.603, -3.873, 1.011, 0.000, 19.48
1, 1, -1.014, -0.000, 0.000, 0.000, -0.298, -2.737, 0.317, 3.626, -4.298, -7.871, -12.276, 20.00
1, 1, -0.982, 0.000, 0.000, 0.000, -0.273, -2.552, 0.519, 3.594, -3.632, 0.000, -3.326, 20.00
1, 1, -0.960, 0.000, 0.000, 0.000, -0.252, -2.333, 0.794, 3.565, -3.192, 0.000, -2.378, 20.00
1, 1, -0.942, 0.000, 0.000, 0.000, -0.237, -2.165, 1.058, 3.539, -2.974, 0.000, -1.720, 20.00
1, 1, -0.924, 0.000, 0.000, 0.000, -0.218, -1.955, 1.345, 3.516, -2.539, 0.000, -0.775, 20.00
1, 0, -0.919, 0.000, 0.000, 0.000, -0.202, -1.771, 1.637, 3.495, -2.111, -0.129, -0.000, 20.01
1, 0, -0.898, 0.000, 0.000, 0.000, -0.196, -1.740, 1.462, 3.475, -2.111, 0.007, -0.000, 20.01
1, 0, -0.906, 0.000, 0.000, 0.000, -0.194, -1.696, 1.677, 3.457, -2.116, -0.221, 0.000, 20.02
1, 0, -0.926, 0.000, 0.000, 0.000, -0.198, -1.743, 1.615, 3.696, -2.124, -0.319, -0.000, 20.04
1, 0, -0.919, 0.000, 0.000, 0.000, -0.199, -1.768, 1.456, 3.705, -2.128, -0.148, -0.000, 20.05
1, 0, -0.833, 0.000, 0.000, 0.000, -0.191, -1.756, 0.944, 3.710, -2.332, 0.459, -0.000, 20.02
1, 0, -0.809, 0.000, 0.000, 0.000, -0.194, -1.762, 0.721, 4.550, -2.547, 0.042, -0.000, 20.02
1, 0, -0.946, 0.000, 0.000, 0.000, -0.236, -2.145, 0.639, 6.728, -2.795, -1.244, -0.000, 20.10
1, 0, -1.043, -0.000, 0.000, 0.000, -0.264, -2.407, 0.575, 6.996, -2.822, -1.035, -0.000, 20.17
1, 0, -1.090, -0.000, 0.000, 0.000, -0.285, -2.601, 0.525, 7.205, -3.057, -0.697, 0.000, 20.22
1, 0, -1.104, -0.000, 0.000, 0.000, -0.298, -2.723, 0.484, 7.375, -3.288, -0.445, -0.000, 20.25
1, 0, -1.010, -0.000, 0.000, 0.000, -0.276, -2.521, 0.450, 5.933, -3.270, 0.693, -0.000, 20.20
1, 0, -0.806, 0.000, 0.000, 0.000, -0.226, -2.068, 0.421, 4.221, -3.441, 1.899, -0.000, 20.08
1, 0, -0.662, 0.000, 0.000, 0.000, -0.187, -1.711, 0.396, 4.040, -3.402, 1.526, 0.000, 19.97
1, 0, -0.543, 0.000, 0.000, 0.000, -0.157, -1.437, 0.375, 3.906, -3.585, 1.442, 0.000, 19.88
1, 0, -0.455, 0.000, 0.000, 0.000, -0.132, -1.211, 0.356, 3.803, -3.555, 1.195, 0.000, 19.80
1, 0, -0.379, 0.000, 0.000, 0.000, -0.112, -1.028, 0.338, 3.720, -3.745, 1.205, 0.000, 19.72
1, 0, -0.319, 0.000, 0.000, 0.000, -0.095, -0.869, 0.323, 3.654, -3.718, 1.024, 0.000, 19.65
1, 0, -0.265, 0.000, 0.000, 0.000, -0.080, -0.734, 0.308, 3.600, -3.912, 1.083, 0.000, 19.58
1, 1, -0.834, 0.000, 0.000, 0.000, -0.252, -2.315, 0.295, 4.392, -4.075, -6.337, -9.127, 20.00
1, 1, -0.816, 0.000, 0.000, 0.000, -0.242, -2.281, 0.336, 4.436, -3.853, 0.000, -2.420, 20.00
1, 1, -0.799, 0.000, 0.000, 0.000, -0.219, -2.018, 0.788, 4.466, -3.192, 0.000, -0.974, 20.00
1, 0, -0.871, 0.000, 0.000, 0.000, -0.209, -1.839, 1.538, 4.488, -2.342, -0.765, 0.000, 20.05
1, 0, -1.052, -0.000, 0.000, 0.000, -0.226, -1.923, 1.872, 4.504, -1.735, -1.440, -0.000, 20.15
1, 0, -1.202, -0.000, 0.000, 0.000, -0.245, -2.085, 1.812, 4.517, -1.554, -1.243, 0.000, 20.23
1, 0, -1.339, -0.000, 0.000, 0.000, -0.260, -2.191, 1.837, 4.527, -1.372, -1.203, 0.000, 20.31
1, 0, -1.440, -0.000, 0.000, 0.000, -0.273, -2.283, 1.915, 4.535, -1.398, -1.055, 0.000, 20.38
1, 0, -1.511, -0.000, 0.000, 0.000, -0.284, -2.357, 1.953, 4.541, -1.421, -0.921, 0.000, 20.44
1, 0, -1.495, -0.000, 0.000, 0.000, -0.288, -2.449, 1.639, 4.546, -1.434, -0.518, -0.000, 20.48
1, 0, -1.326, -0.000, 0.000, 0.000, -0.282, -2.532, 1.040, 4.550, -1.850, 0.399, -0.000, 20.45
1, 0, -1.266, -0.000, 0.000, 0.000, -0.285, -2.540, 0.813, 5.392, -2.065, -0.049, 0.000, 20.45
1, 0, -1.367, -0.000, 0.000, 0.000, -0.323, -2.892, 0.718, 7.574, -2.315, -1.395, 0.000, 20.55
1, 0, -1.442, -0.000, 0.000, 0.000, -0.349, -3.133, 0.644, 7.846, -2.346, -1.221, 0.000, 20.63
1, 0, -1.467, -0.000, 0.000, 0.000, -0.369, -3.329, 0.586, 8.060, -2.584, -0.897, -0.000, 20.69
1, 0, -1.463, -0.000, 0.000, 0.000, -0.383, -3.462, 0.539, 8.235, -2.817, -0.648, -0.000, 20.73
1, 0, -1.318, -0.000, 0.000, 0.000, -0.350, -3.169, 0.500, 6.286, -2.796, 0.847, -0.000, 20.67
1, 0, -1.069, -0.000, 0.000, 0.000, -0.294, -2.661, 0.467, 4.529, -2.962, 1.989, -0.000, 20.54
1, 0, -0.877, 0.000, 0.000, 0.000, -0.248, -2.255, 0.439, 4.315, -3.136, 1.762, -0.000, 20.42
1, 0, -0.741, 0.000, 0.000, 0.000, -0.212, -1.928, 0.415, 4.155, -3.100, 1.412, -0.000, 20.33
1, 0, -0.626, 0.000, 0.000, 0.000, -0.184, -1.674, 0.393, 4.030, -3.284, 1.346, 0.000, 20.24
1, 0, -0.542, 0.000, 0.000, 0.000, -0.160, -1.459, 0.374, 3.931, -3.256, 1.113, 0.000, 20.17
1, 0, -0.466, 0.000, 0.000, 0.000, -0.141, -1.284, 0.356, 3.850, -3.446, 1.131, 0.000, 20.09
1, 0, -0.396, 0.000, 0.000, 0.000, -0.122, -1.116, 0.340, 3.783, -3.637, 1.148, 0.000, 20.01
1, 0, -0.333, 0.000, 0.000, 0.000, -0.103, -0.940, 0.325, 4.566, -3.634, 0.120, 0.000, 20.01
1, 0, -0.385, 0.000, 0.000, 0.000, -0.114, -1.062, 0.454, 4.600, -3.202, -0.291, -0.000, 20.03
1, 0, -0.449, 0.000, 0.000, 0.000, -0.128, -1.187, 0.607, 4.622, -2.995, -0.471, -0.000, 20.06
1, 0, -0.618, 0.000, 0.000, 0.000, -0.154, -1.367, 1.260, 4.636, -2.169, -1.588, 0.000, 20.16
1, 0, -0.928, -0.000, 0.000, 0.000, -0.196, -1.616, 1.960, 4.646, -1.379, -2.489, 0.000, 20.33
1, 0, -1.287, -0.000, 0.000, 0.000, -0.237, -1.885, 2.101, 4.652, -0.810, -2.535, 0.000, 20.50
1, 0, -1.516, -0.000, 0.000, 0.000, -0.270, -2.152, 2.004, 4.656, -0.857, -1.866, 0.000, 20.62
1, 0, -1.610, -0.000, 0.000, 0.000, -0.287, -2.350, 1.705, 4.659, -0.887, -1.230, 0.000, 20.70
1, 0, -1.710, -0.000, 0.000, 0.000, -0.299, -2.409, 1.799, 4.660, -0.915, -1.125, -0.000, 20.78
1, 0, -1.650, -0.000, 0.000, 0.000, -0.304, -2.545, 1.509, 4.660, -1.139, -0.531, -0.000, 20.81
1, 0, -1.449, -0.000, 0.000, 0.000, -0.299, -2.648, 1.011, 4.660, -1.554, 0.280, -0.000, 20.80
1, 0, -1.377, -0.000, 0.000, 0.000, -0.304, -2.681, 0.793, 5.497, -1.771, -0.157, 0.000, 20.81
1, 0, -1.433, -0.000, 0.000, 0.000, -0.344, -3.059, 0.703, 7.675, -2.231, -1.310, -0.000, 20.89
1, 0, -1.452, -0.000, 0.000, 0.000, -0.370, -3.300, 0.634, 7.943, -2.471, -0.984, 0.000, 20.96
1, 0, -1.411, -0.000, 0.000, 0.000, -0.388, -3.476, 0.579, 8.153, -2.918, -0.539, 0.000, 20.99
1, 0, -1.343, -0.000, 0.000, 0.000, -0.397, -3.571, 0.534, 8.325, -3.359, -0.189, 0.000, 21.01
1, 0, -1.150, -0.000, 0.000, 0.000, -0.356, -3.211, 0.496, 6.373, -3.543, 1.392, -0.000, 20.91
1, 0, -0.877, -0.000, 0.000, 0.000, -0.288, -2.605, 0.465, 4.612, -3.917, 2.611, 0.000, 20.74
1, 0, -0.681, 0.000, 0.000, 0.000, -0.231, -2.099, 0.437, 4.394, -4.081, 2.261, -0.000, 20.59
1, 0, -0.519, 0.000, 0.000, 0.000, -0.185, -1.680, 0.414, 4.231, -4.470, 2.209, -0.000, 20.44
1, 0, -0.383, 0.000, 0.000, 0.000, -0.142, -1.297, 0.392, 4.104, -4.862, 2.189, 0.000, 20.30
1, 0, -0.276, 0.000, 0.000, 0.000, -0.105, -0.957, 0.373, 4.002, -5.036, 1.999, 0.000, 20.16
1, 0, -0.182, 0.000, 0.000, 0.000, -0.071, -0.651, 0.356, 3.918, -5.436, 2.067, 0.000, 20.03
1, 0, -0.095, 0.000, 0.000, 0.000, -0.038, -0.350, 0.340, 3.849, -5.838, 2.133, 0.000, 19.88
1, 1, -0.220, 0.000, 0.000, 0.000, -0.089, -0.819, 0.325, 3.859, -6.114, -1.746, -4.804, 20.00
1, 1, -0.252, 0.000, 0.000, 0.000, -0.096, -0.902, 0.544, 3.815, -5.426, 0.000, -2.317, 20.00
1, 1, -0.256, 0.000, 0.000, 0.000, -0.090, -0.825, 1.012, 3.776, -4.747, 0.000, -1.129, 20.00
1, 0, -0.292, 0.000, 0.000, 0.000, -0.088, -0.778, 1.773, 3.741, -3.650, -0.705, 0.000, 20.05
1, 0, -0.475, 0.000, 0.000, 0.000, -0.123, -1.012, 2.644, 3.708, -2.823, -1.919, 0.000, 20.17
1, 0, -0.760, 0.000, 0.000, 0.000, -0.170, -1.320, 2.979, 3.679, -2.020, -2.389, 0.000, 20.33
1, 0, -1.070, -0.000, 0.000, 0.000, -0.213, -1.570, 3.267, 3.652, -1.654, -2.411, -0.000, 20.49
1, 0, -1.286, -0.000, 0.000, 0.000, -0.245, -1.830, 2.956, 3.626, -1.485, -1.737, 0.000, 20.61
1, 0, -1.413, -0.000, 0.000, 0.000, -0.268, -2.046, 2.659, 3.859, -1.517, -1.274, 0.000, 20.70
1, 0, -1.342, -0.000, 0.000, 0.000, -0.273, -2.222, 2.159, 3.861, -1.948, -0.235, 0.000, 20.71
1, 0, -1.143, -0.000, 0.000, 0.000, -0.260, -2.259, 1.584, 3.860, -2.573, 0.790, 0.000, 20.66
1, 0, -1.041, -0.000, 0.000, 0.000, -0.254, -2.214, 1.156, 4.694, -2.779, 0.438, -0.000, 20.63
1, 0, -1.110, -0.000, 0.000, 0.000, -0.285, -2.505, 1.015, 6.866, -3.021, -0.961, 0.000, 20.69
1, 0, -1.111, -0.000, 0.000, 0.000, -0.305, -2.699, 0.907, 7.129, -3.469, -0.452, 0.000, 20.72
1, 0, -1.098, -0.000, 0.000, 0.000, -0.314, -2.800, 0.821, 7.333, -3.696, -0.247, 0.000, 20.74
1, 0, -1.074, -0.000, 0.000, 0.000, -0.319, -2.857, 0.753, 7.498, -3.919, -0.081, -0.000, 20.75
1, 0, -0.939, -0.000, 0.000, 0.000, -0.288, -2.589, 0.696, 6.051, -4.110, 1.178, -0.000, 20.67
1, 0, -0.722, 0.000, 0.000, 0.000, -0.228, -2.054, 0.649, 4.335, -4.274, 2.295, -0.000, 20.51
1, 0, -0.543, 0.000, 0.000, 0.000, -0.179, -1.617, 0.609, 4.149, -4.663, 2.244, 0.000, 20.36
1, 0, -0.416, 0.000, 0.000, 0.000, -0.138, -1.250, 0.574, 4.011, -4.616, 1.835, 0.000, 20.24
1, 0, -0.314, 0.000, 0.000, 0.000, -0.106, -0.963, 0.544, 3.903, -4.796, 1.733, -0.000, 20.13
1, 0, -0.229, 0.000, 0.000, 0.000, -0.079, -0.713, 0.516, 3.817, -4.978, 1.666, 0.000, 20.02
1, 0, -0.155, 0.000, 0.000, 0.000, -0.054, -0.490, 0.492, 3.747, -5.163, 1.622, 0.000, 19.91
1, 0, -0.089, 0.000, 0.000, 0.000, -0.031, -0.286, 0.469, 3.689, -5.348, 1.597, 0.000, 19.80
1, 1, -0.326, 0.000, 0.000, 0.000, -0.116, -1.055, 0.448, 3.709, -5.655, -2.988, -5.982, 20.00
1, 1, -0.351, 0.000, 0.000, 0.000, -0.120, -1.117, 0.643, 3.673, -5.199, 0.000, -2.471, 20.00
1, 1, -0.339, 0.000, 0.000, 0.000, -0.105, -0.961, 1.112, 3.641, -4.298, 0.000, -0.950, 20.00
1, 0, -0.353, 0.000, 0.000, 0.000, -0.099, -0.876, 1.733, 3.613, -3.642, -0.376, 0.000, 20.03
1, 0, -0.478, 0.000, 0.000, 0.000, -0.120, -1.018, 2.340, 3.587, -3.016, -1.295, -0.000, 20.11
1, 0, -0.727, 0.000, 0.000, 0.000, -0.158, -1.257, 2.950, 3.563, -2.205, -2.166, -0.000, 20.26
1, 0, -0.931, 0.000, 0.000, 0.000, -0.193, -1.541, 2.763, 3.540, -2.031, -1.609, -0.000, 20.36
1, 0, -1.087, -0.000, 0.000, 0.000, -0.216, -1.718, 2.675, 3.520, -1.850, -1.323, -0.000, 20.45
1, 0, -1.125, -0.000, 0.000, 0.000, -0.230, -1.920, 2.203, 3.757, -2.079, -0.605, -0.000, 20.49
1, 0, -1.061, -0.000, 0.000, 0.000, -0.231, -1.984, 1.898, 3.763, -2.507, 0.121, 0.000, 20.48
1, 0, -0.905, 0.000, 0.000, 0.000, -0.215, -1.938, 1.289, 3.765, -2.917, 0.920, 0.000, 20.42
1, 0, -0.834, 0.000, 0.000, 0.000, -0.209, -1.858, 1.052, 4.603, -3.126, 0.372, 0.000, 20.40
1, 0, -0.934, 0.000, 0.000, 0.000, -0.245, -2.183, 0.937, 6.779, -3.370, -0.985, 0.000, 20.46
1, 0, -0.983, 0.000, 0.000, 0.000, -0.268, -2.399, 0.847, 7.046, -3.606, -0.636, 0.000, 20.51
1, 0, -1.001, -0.000, 0.000, 0.000, -0.282, -2.538, 0.775, 7.253, -3.836, -0.370, -0.000, 20.53
1, 0, -0.998, -0.000, 0.000, 0.000, -0.291, -2.621, 0.716, 7.421, -4.062, -0.164, 0.000, 20.54
1, 0, -0.876, 0.000, 0.000, 0.000, -0.263, -2.374, 0.667, 5.977, -4.255, 1.125, -0.000, 20.47
1, 0, -0.667, 0.000, 0.000, 0.000, -0.205, -1.857, 0.625, 4.263, -4.420, 2.260, 0.000, 20.32
1, 0, -0.506, 0.000, 0.000, 0.000, -0.159, -1.444, 0.589, 4.081, -4.592, 2.031, 0.000, 20.18
1, 0, -0.390, 0.000, 0.000, 0.000, -0.123, -1.119, 0.557, 3.945, -4.548, 1.678, 0.000, 20.07
1, 0, -0.295, 0.000, 0.000, 0.000, -0.095, -0.862, 0.529, 3.840, -4.731, 1.614, 0.000, 19.96
1, 0, -0.213, 0.000, 0.000, 0.000, -0.070, -0.634, 0.504, 3.757, -4.916, 1.573, -0.000, 19.86
1, 0, -0.142, 0.000, 0.000, 0.000, -0.047, -0.428, 0.481, 3.689, -5.102, 1.549, 0.000, 19.75
1, 0, -0.078, 0.000, 0.000, 0.000, -0.026, -0.237, 0.459, 3.633, -5.289, 1.538, 0.000, 19.65
1, 1, -0.518, 0.000, 0.000, 0.000, -0.176, -1.606, 0.439, 3.655, -5.655, -5.253, -9.112, 20.00
1, 1, -0.536, 0.000, 0.000, 0.000, -0.179, -1.682, 0.475, 3.621, -5.426, 0.000, -3.727, 20.00
1, 1, -0.530, 0.000, 0.000, 0.000, -0.165, -1.534, 0.864, 3.592, -4.747, 0.000, -2.520, 20.00
1, 1, -0.527, 0.000, 0.000, 0.000, -0.154, -1.416, 1.198, 3.565, -4.298, 0.000, -1.633, 20.00
1, 1, -0.522, 0.000, 0.000, 0.000, -0.143, -1.295, 1.504, 3.541, -3.853, 0.000, -0.769, 20.00
1, 0, -0.537, 0.000, 0.000, 0.000, -0.136, -1.188, 2.097, 3.518, -3.420, -0.335, 0.000, 20.02
1, 0, -0.663, 0.000, 0.000, 0.000, -0.152, -1.279, 2.571, 3.498, -2.794, -1.180, 0.000, 20.10
1, 0, -0.810, 0.000, 0.000, 0.000, -0.175, -1.457, 2.558, 3.479, -2.392, -1.202, -0.000, 20.18
1, 0, -0.842, 0.000, 0.000, 0.000, -0.188, -1.646, 1.882, 3.717, -2.616, -0.308, -0.000, 20.20
1, 0, -0.810, 0.000, 0.000, 0.000, -0.186, -1.653, 1.644, 3.726, -2.830, 0.110, 0.000, 20.19
1, 0, -0.709, 0.000, 0.000, 0.000, -0.173, -1.583, 1.240, 3.729, -3.248, 0.744, 0.000, 20.14
1, 0, -0.666, 0.000, 0.000, 0.000, -0.170, -1.537, 0.933, 4.568, -3.459, 0.330, -0.000, 20.12
1, 0, -0.785, 0.000, 0.000, 0.000, -0.208, -1.882, 0.829, 6.746, -3.705, -0.995, 0.000, 20.19
1, 0, -0.868, 0.000, 0.000, 0.000, -0.234, -2.120, 0.749, 7.013, -3.726, -0.814, -0.000, 20.24
1, 0, -0.890, 0.000, 0.000, 0.000, -0.251, -2.279, 0.684, 7.222, -4.177, -0.308, 0.000, 20.26
1, 0, -0.911, 0.000, 0.000, 0.000, -0.260, -2.364, 0.632, 7.391, -4.185, -0.303, 0.000, 20.28
1, 0, -0.813, 0.000, 0.000, 0.000, -0.238, -2.163, 0.588, 5.949, -4.381, 1.057, 0.000, 20.21
1, 0, -0.614, 0.000, 0.000, 0.000, -0.184, -1.674, 0.551, 4.236, -4.547, 2.232, 0.000, 20.06
1, 0, -0.459, 0.000, 0.000, 0.000, -0.140, -1.279, 0.519, 4.054, -4.720, 2.024, 0.000, 19.93
1, 0, -0.325, 0.000, 0.000, 0.000, -0.103, -0.937, 0.491, 3.920, -5.118, 2.071, 0.000, 19.79
1, 0, -0.213, 0.000, 0.000, 0.000, -0.069, -0.629, 0.466, 3.816, -5.295, 1.924, 0.000, 19.66
1, 0, -0.122, 0.000, 0.000, 0.000, -0.040, -0.365, 0.444, 3.733, -5.475, 1.825, 0.000, 19.54
1, 0, -0.044, 0.000, 0.000, 0.000, -0.015, -0.134, 0.424, 3.666, -5.658, 1.761, 0.000, 19.42
1, 0, 0.023, 0.000, 0.000, 0.000, 0.008, 0.073, 0.405, 3.611, -5.843, 1.722, 0.000, 19.31
1, 1, -0.869, 0.000, 0.000, 0.000, -0.297, -2.722, 0.387, 3.634, -6.345, -10.354, -16.565, 20.00
1, 1, -0.853, 0.000, 0.000, 0.000, -0.281, -2.645, 0.550, 3.601, -5.884, 0.000, -5.511, 20.00
1, 1, -0.837, 0.000, 0.000, 0.000, -0.257, -2.375, 1.092, 3.572, -5.199, 0.000, -4.004, 20.00
1, 1, -0.828, 0.000, 0.000, 0.000, -0.238, -2.172, 1.513, 3.546, -4.747, 0.000, -2.925, 20.00
1, 1, -0.815, 0.000, 0.000, 0.000, -0.218, -1.930, 2.138, 3.523, -4.298, 0.000, -1.601, 20.00
1, 1, -0.802, 0.000, 0.000, 0.000, -0.202, -1.756, 2.386, 3.501, -3.853, 0.000, -0.726, 20.00
1, 1, -0.800, 0.000, 0.000, 0.000, -0.196, -1.717, 2.214, 3.481, -3.632, 0.000, -0.649, 20.00
1, 1, -0.827, 0.000, 0.000, 0.000, -0.220, -2.043, 1.112, 3.463, -4.298, 0.000, -2.813, 20.00
1, 1, -0.833, 0.000, 0.000, 0.000, -0.230, -2.163, 0.936, 3.702, -4.747, 0.000, -3.334, 20.00
1, 1, -0.831, 0.000, 0.000, 0.000, -0.234, -2.198, 1.033, 3.711, -4.972, 0.000, -3.491, 20.00
1, 1, -0.836, 0.000, 0.000, 0.000, -0.244, -2.316, 0.757, 3.715, -5.199, 0.000, -4.123, 20.00
1, 1, -0.834, 0.000, 0.000, 0.000, -0.246, -2.274, 0.667, 4.555, -5.199, 0.000, -3.331, 20.00
1, 1, -0.838, 0.000, 0.000, 0.000, -0.248, -2.292, 0.607, 6.733, -5.199, 0.000, -1.236, 20.00
1, 1, -0.846, 0.000, 0.000, 0.000, -0.254, -2.349, 0.559, 7.001, -5.426, 0.000, -1.316, 20.00
1, 1, -0.853, 0.000, 0.000, 0.000, -0.257, -2.372, 0.519, 7.210, -5.426, 0.000, -1.179, 20.00
1, 1, -0.861, 0.000, 0.000, 0.000, -0.259, -2.392, 0.486, 7.379, -5.426, 0.000, -1.073, 20.00
1, 0, -0.715, 0.000, 0.000, 0.000, -0.215, -1.983, 0.457, 5.938, -5.377, 1.896, 0.000, 19.87
1, 0, -0.502, 0.000, 0.000, 0.000, -0.151, -1.388, 0.432, 4.225, -5.307, 2.690, 0.000, 19.69
1, 0, -0.338, 0.000, 0.000, 0.000, -0.102, -0.942, 0.410, 4.044, -5.472, 2.400, 0.000, 19.53
1, 0, -0.214, 0.000, 0.000, 0.000, -0.065, -0.597, 0.390, 3.910, -5.420, 1.997, -0.000, 19.40
1, 0, -0.124, 0.000, 0.000, 0.000, -0.037, -0.343, 0.371, 3.806, -5.376, 1.701, -0.000, 19.29
1, 0, -0.048, 0.000, 0.000, 0.000, -0.015, -0.135, 0.355, 3.724, -5.560, 1.680, -0.000, 19.18
1, 0, 0.014, 0.000, 0.000, 0.000, 0.004, 0.038, 0.339, 3.658, -5.522, 1.469, 0.000, 19.08
1, 0, 0.061, 0.000, 0.000, 0.000, 0.018, 0.169, 0.325, 3.603, -5.488, 1.311, 0.000, 18.99
1, 1, -1.359, -0.000, 0.000, 0.000, -0.414, -3.821, 0.311, 3.626, -6.114, -15.144, -22.915, 20.00
1, 1, -1.298, -0.000, 0.000, 0.000, -0.389, -3.689, 0.370, 3.594, -5.884, 0.000, -7.296, 20.00
1, 1, -1.262, -0.000, 0.000, 0.000, -0.357, -3.346, 0.775, 3.565, -5.199, 0.000, -5.824, 20.00
1, 1, -1.235, 0.000, 0.000, 0.000, -0.324, -2.983, 1.331, 3.539, -4.522, 0.000, -4.194, 20.00
1, 1, -1.212, 0.000, 0.000, 0.000, -0.293, -2.620, 1.930, 3.516, -3.853, 0.000, -2.532, 20.00
1, 1, -1.189, 0.000, 0.000, 0.000, -0.272, -2.416, 2.023, 3.495, -3.412, 0.000, -1.772, 20.00
1, 1, -1.167, 0.000, 0.000, 0.000, -0.263, -2.350, 1.936, 3.475, -3.412, 0.000, -1.780, 20.00
1, 1, -1.143, 0.000, 0.000, 0.000, -0.257, -2.300, 1.853, 3.457, -3.412, 0.000, -1.802, 20.00
1, 1, -1.124, 0.000, 0.000, 0.000, -0.269, -2.507, 1.057, 3.696, -3.853, 0.000, -3.001, 20.00
1, 1, -1.101, 0.000, 0.000, 0.000, -0.270, -2.514, 1.084, 3.705, -4.075, 0.000, -3.171, 20.00
1, 1, -1.082, 0.000, 0.000, 0.000, -0.275, -2.606, 0.763, 3.710, -4.298, 0.000, -3.789, 20.00
1, 1, -1.064, 0.000, 0.000, 0.000, -0.279, -2.580, 0.663, 4.550, -4.522, 0.000, -3.233, 20.00
1, 1, -1.050, 0.000, 0.000, 0.000, -0.279, -2.576, 0.596, 6.728, -4.522, 0.000, -1.102, 20.00
1, 1, -1.038, 0.000, 0.000, 0.000, -0.279, -2.571, 0.543, 6.996, -4.522, 0.000, -0.871, 20.00
1, 1, -1.031, 0.000, 0.000, 0.000, -0.282, -2.606, 0.500, 7.205, -4.747, 0.000, -0.961, 20.00
1, 1, -1.025, 0.000, 0.000, 0.000, -0.282, -2.606, 0.465, 7.375, -4.747, 0.000, -0.821, 20.00
1, 0, -0.859, 0.000, 0.000, 0.000, -0.241, -2.224, 0.435, 5.933, -4.924, 1.879, 0.000, 19.87
1, 0, -0.626, 0.000, 0.000, 0.000, -0.176, -1.628, 0.409, 4.221, -4.855, 2.655, -0.000, 19.70
1, 0, -0.447, 0.000, 0.000, 0.000, -0.128, -1.183, 0.387, 4.040, -5.020, 2.352, -0.000, 19.54
1, 0, -0.316, 0.000, 0.000, 0.000, -0.091, -0.837, 0.367, 3.906, -4.969, 1.940, -0.000, 19.41
1, 0, -0.210, 0.000, 0.000, 0.000, -0.061, -0.566, 0.349, 3.803, -5.149, 1.835, -0.000, 19.29
1, 0, -0.128, 0.000, 0.000, 0.000, -0.037, -0.346, 0.333, 3.720, -5.108, 1.566, -0.000, 19.18
1, 0, -0.060, 0.000, 0.000, 0.000, -0.018, -0.163, 0.318, 3.654, -5.295, 1.563, 0.000, 19.08
1, 0, -0.003, 0.000, 0.000, 0.000, -0.001, -0.008, 0.304, 3.600, -5.259, 1.367, 0.000, 18.99
1, 1, -1.441, -0.000, 0.000, 0.000, -0.432, -3.990, 0.291, 4.392, -5.884, -15.157, -22.221, 20.00
1, 1, -1.375, -0.000, 0.000, 0.000, -0.400, -3.790, 0.404, 4.436, -5.426, 0.000, -6.152, 20.00
1, 1, -1.335, -0.000, 0.000, 0.000, -0.372, -3.494, 0.721, 4.466, -4.972, 0.000, -4.988, 20.00
1, 1, -1.312, -0.000, 0.000, 0.000, -0.331, -2.996, 1.612, 4.488, -4.075, 0.000, -2.615, 20.00
1, 1, -1.286, -0.000, 0.000, 0.000, -0.308, -2.771, 1.710, 4.504, -3.632, 0.000, -1.782, 20.00
1, 0, -1.262, 0.000, 0.000, 0.000, -0.275, -2.370, 2.426, 4.517, -2.975, -0.061, -0.000, 20.00
1, 0, -1.321, -0.000, 0.000, 0.000, -0.272, -2.306, 2.531, 4.527, -2.556, -0.604, -0.000, 20.04
1, 0, -1.369, -0.000, 0.000, 0.000, -0.274, -2.333, 2.377, 4.535, -2.354, -0.583, 0.000, 20.08
1, 0, -1.365, -0.000, 0.000, 0.000, -0.273, -2.363, 2.122, 4.541, -2.362, -0.300, -0.000, 20.10
1, 0, -1.161, 0.000, 0.000, 0.000, -0.256, -2.353, 1.137, 4.546, -2.986, 1.072, 0.000, 20.03
1, 1, -1.080, 0.000, 0.000, 0.000, -0.252, -2.280, 0.928, 4.550, -3.412, 0.476, -1.069, 20.00
1, 1, -1.056, 0.000, 0.000, 0.000, -0.256, -2.327, 0.812, 5.392, -3.632, 0.000, -1.067, 20.00
1, 0, -1.099, 0.000, 0.000, 0.000, -0.276, -2.515, 0.723, 7.574, -3.867, -0.539, 0.000, 20.04
1, 0, -1.115, 0.000, 0.000, 0.000, -0.290, -2.645, 0.653, 7.846, -4.098, -0.351, 0.000, 20.06
1, 0, -1.114, 0.000, 0.000, 0.000, -0.299, -2.729, 0.597, 8.060, -4.326, -0.190, -0.000, 20.07
1, 0, -1.100, 0.000, 0.000, 0.000, -0.303, -2.776, 0.551, 8.235, -4.551, -0.055, -0.000, 20.08
1, 0, -0.946, 0.000, 0.000, 0.000, -0.268, -2.451, 0.513, 6.286, -4.735, 1.600, 0.000, 19.97
1, 0, -0.705, 0.000, 0.000, 0.000, -0.204, -1.873, 0.481, 4.529, -4.891, 2.663, 0.000, 19.79
1, 0, -0.519, 0.000, 0.000, 0.000, -0.154, -1.410, 0.453, 4.315, -5.056, 2.372, -0.000, 19.63
1, 0, -0.362, 0.000, 0.000, 0.000, -0.111, -1.017, 0.428, 4.155, -5.450, 2.356, -0.000, 19.48
1, 0, -0.233, 0.000, 0.000, 0.000, -0.073, -0.670, 0.407, 4.030, -5.622, 2.161, 0.000, 19.33
1, 0, -0.129, 0.000, 0.000, 0.000, -0.041, -0.376, 0.387, 3.931, -5.798, 2.026, -0.000, 19.20
1, 0, -0.034, 0.000, 0.000, 0.000, -0.011, -0.102, 0.369, 3.850, -6.204, 2.132, 0.000, 19.06
1, 0, 0.051, 0.000, 0.000, 0.000, 0.017, 0.155, 0.353, 3.783, -6.383, 2.024, -0.000, 18.92
1, 1, -1.376, -0.000, 0.000, 0.000, -0.468, -4.307, 0.337, 4.566, -7.279, -16.199, -24.725, 20.00
1, 1, -1.325, -0.000, 0.000, 0.000, -0.432, -4.079, 0.537, 4.600, -6.577, 0.000, -7.276, 20.00
1, 1, -1.303, -0.000, 0.000, 0.000, -0.393, -3.649, 1.092, 4.622, -5.655, 0.000, -5.287, 20.00
1, 1, -1.289, -0.000, 0.000, 0.000, -0.360, -3.270, 1.663, 4.636, -4.972, 0.000, -3.593, 20.00
1, 1, -1.278, -0.000, 0.000, 0.000, -0.329, -2.930, 2.105, 4.646, -4.298, 0.000, -2.084, 20.00
1, 1, -1.264, 0.000, 0.000, 0.000, -0.305, -2.666, 2.422, 4.652, -3.853, 0.000, -1.014, 20.00
1, 1, -1.246, 0.000, 0.000, 0.000, -0.289, -2.499, 2.547, 4.656, -3.632, 0.000, -0.463, 20.00
1, 1, -1.221, 0.000, 0.000, 0.000, -0.276, -2.389, 2.452, 4.659, -3.412, 0.000, -0.187, 20.00
1, 1, -1.194, 0.000, 0.000, 0.000, -0.268, -2.321, 2.415, 4.660, -3.412, 0.000, -0.120, 20.00
1, 1, -1.176, 0.000, 0.000, 0.000, -0.285, -2.600, 1.561, 4.660, -4.075, 0.000, -1.916, 20.00
1, 1, -1.152, 0.000, 0.000, 0.000, -0.295, -2.748, 1.172, 4.660, -4.522, 0.000, -2.887, 20.00
1, 1, -1.129, 0.000, 0.000, 0.000, -0.296, -2.704, 0.945, 5.497, -4.522, 0.000, -2.209, 20.00
1, 1, -1.110, 0.000, 0.000, 0.000, -0.300, -2.740, 0.838, 7.675, -4.747, 0.000, -0.384, 20.00
1, 1, -1.095, 0.000, 0.000, 0.000, -0.299, -2.738, 0.754, 7.943, -4.747, 0.000, -0.181, 20.00
1, 1, -1.082, 0.000, 0.000, 0.000, -0.298, -2.730, 0.688, 8.153, -4.747, 0.000, -0.015, 20.00
1, 0, -1.082, 0.000, 0.000, 0.000, -0.300, -2.745, 0.634, 8.325, -4.749, -0.083, -0.000, 20.01
1, 0, -0.956, 0.000, 0.000, 0.000, -0.266, -2.435, 0.589, 6.373, -4.712, 1.408, -0.000, 19.91
1, 0, -0.744, 0.000, 0.000, 0.000, -0.207, -1.899, 0.551, 4.612, -4.652, 2.339, -0.000, 19.76
1, 0, -0.587, 0.000, 0.000, 0.000, -0.164, -1.499, 0.518, 4.394, -4.602, 1.939, 0.000, 19.63
1, 0, -0.481, 0.000, 0.000, 0.000, -0.132, -1.210, 0.490, 4.231, -4.340, 1.442, -0.000, 19.53
1, 0, -0.401, 0.000, 0.000, 0.000, -0.110, -1.007, 0.465, 4.104, -4.308, 1.258, -0.000, 19.45
1, 0, -0.349, 0.000, 0.000, 0.000, -0.094, -0.861, 0.442, 4.002, -4.060, 0.921, -0.000, 19.39
1, 0, -0.309, 0.000, 0.000, 0.000, -0.083, -0.761, 0.421, 3.918, -4.038, 0.852, 0.000, 19.33
1, 0, -0.286, 0.000, 0.000, 0.000, -0.075, -0.689, 0.402, 3.849, -3.801, 0.599, 0.000, 19.29
1, 1, -1.374, -0.000, 0.000, 0.000, -0.360, -3.303, 0.385, 3.859, -4.075, -10.675, -15.544, 20.00
1, 1, -1.310, -0.000, 0.000, 0.000, -0.337, -3.172, 0.386, 3.815, -3.853, 0.000, -4.471, 20.00
1, 1, -1.266, -0.000, 0.000, 0.000, -0.318, -2.990, 0.481, 3.776, -3.632, 0.000, -3.949, 20.00
1, 1, -1.230, -0.000, 0.000, 0.000, -0.300, -2.811, 0.647, 3.741, -3.412, 0.000, -3.365, 20.00
1, 1, -1.201, 0.000, 0.000, 0.000, -0.275, -2.517, 1.176, 3.708, -2.974, 0.000, -2.082, 20.00
1, 0, -1.171, 0.000, 0.000, 0.000, -0.239, -2.078, 1.926, 3.679, -2.108, -0.009, -0.000, 20.00
1, 0, -1.280, -0.000, 0.000, 0.000, -0.238, -1.994, 2.245, 3.652, -1.490, -0.895, -0.000, 20.06
1, 0, -1.342, -0.000, 0.000, 0.000, -0.241, -2.056, 1.972, 3.626, -1.294, -0.665, 0.000, 20.10
1, 0, -1.354, -0.000, 0.000, 0.000, -0.245, -2.133, 1.612, 3.859, -1.305, -0.433, 0.000, 20.13
1, 0, -1.318, -0.000, 0.000, 0.000, -0.244, -2.140, 1.512, 3.861, -1.521, -0.151, 0.000, 20.14
1, 0, -1.202, -0.000, 0.000, 0.000, -0.234, -2.120, 1.071, 3.860, -1.725, 0.351, 0.000, 20.12
1, 0, -1.156, -0.000, 0.000, 0.000, -0.237, -2.133, 0.796, 4.694, -1.939, -0.024, -0.000, 20.12
1, 0, -1.290, -0.000, 0.000, 0.000, -0.275, -2.487, 0.706, 6.866, -2.187, -1.332, -0.000, 20.21
1, 0, -1.382, -0.000, 0.000, 0.000, -0.301, -2.727, 0.636, 7.129, -2.216, -1.139, 0.000, 20.29
1, 0, -1.419, -0.000, 0.000, 0.000, -0.321, -2.913, 0.581, 7.333, -2.452, -0.808, -0.000, 20.34
1, 0, -1.422, -0.000, 0.000, 0.000, -0.334, -3.036, 0.535, 7.498, -2.683, -0.557, 0.000, 20.38
1, 0, -1.280, -0.000, 0.000, 0.000, -0.312, -2.838, 0.498, 6.051, -2.881, 0.761, -0.000, 20.33
1, 0, -1.055, 0.000, 0.000, 0.000, -0.261, -2.379, 0.466, 4.335, -2.837, 1.731, 0.000, 20.21
1, 0, -0.855, 0.000, 0.000, 0.000, -0.223, -2.032, 0.439, 4.149, -3.229, 1.750, -0.000, 20.09
1, 0, -0.699, 0.000, 0.000, 0.000, -0.188, -1.719, 0.415, 4.011, -3.407, 1.588, -0.000, 19.99
1, 0, -0.573, 0.000, 0.000, 0.000, -0.159, -1.455, 0.394, 3.903, -3.590, 1.479, -0.000, 19.89
1, 0, -0.468, 0.000, 0.000, 0.000, -0.134, -1.225, 0.375, 3.817, -3.775, 1.409, -0.000, 19.80
1, 0, -0.367, 0.000, 0.000, 0.000, -0.110, -1.006, 0.358, 3.747, -4.179, 1.558, 0.000, 19.69
1, 0, -0.280, 0.000, 0.000, 0.000, -0.086, -0.789, 0.342, 3.689, -4.364, 1.489, -0.000, 19.59
1, 1, -0.823, 0.000, 0.000, 0.000, -0.259, -2.374, 0.327, 3.709, -4.747, -6.103, -10.270, 20.00
1, 1, -0.811, 0.000, 0.000, 0.000, -0.252, -2.370, 0.420, 3.673, -4.522, 0.000, -3.862, 20.00
1, 1, -0.800, 0.000, 0.000, 0.000, -0.232, -2.155, 0.784, 3.641, -3.853, 0.000, -2.615, 20.00
1, 1, -0.788, 0.000, 0.000, 0.000, -0.208, -1.876, 1.382, 3.613, -3.192, 0.000, -1.070, 20.00
1, 1, -0.784, 0.000, 0.000, 0.000, -0.199, -1.795, 1.389, 3.587, -2.974, 0.000, -0.776, 20.00
1, 1, -0.778, 0.000, 0.000, 0.000, -0.190, -1.702, 1.468, 3.563, -2.756, 0.000, -0.395, 20.00
1, 0, -0.825, 0.000, 0.000, 0.000, -0.186, -1.615, 1.920, 3.540, -2.335, -0.498, 0.000, 20.03
1, 0, -0.918, 0.000, 0.000, 0.000, -0.197, -1.663, 2.205, 3.520, -2.141, -0.806, -0.000, 20.09
1, 0, -1.006, 0.000, 0.000, 0.000, -0.212, -1.800, 2.002, 3.757, -1.946, -0.795, 0.000, 20.14
1, 0, -0.988, 0.000, 0.000, 0.000, -0.216, -1.889, 1.613, 3.763, -2.164, -0.121, 0.000, 20.15
1, 0, -0.889, 0.000, 0.000, 0.000, -0.205, -1.866, 1.066, 3.765, -2.367, 0.495, -0.000, 20.11
1, 0, -0.835, 0.000, 0.000, 0.000, -0.205, -1.850, 0.824, 4.603, -2.793, 0.257, -0.000, 20.10
1, 0, -0.949, 0.000, 0.000, 0.000, -0.243, -2.196, 0.727, 6.779, -3.039, -1.080, -0.000, 20.17
1, 0, -1.007, -0.000, 0.000, 0.000, -0.267, -2.425, 0.653, 7.046, -3.276, -0.723, -0.000, 20.22
1, 0, -1.006, -0.000, 0.000, 0.000, -0.282, -2.563, 0.593, 7.253, -3.723, -0.272, -0.000, 20.24
1, 0, -0.993, -0.000, 0.000, 0.000, -0.288, -2.623, 0.546, 7.421, -3.947, -0.115, -0.000, 20.24
1, 0, -0.872, 0.000, 0.000, 0.000, -0.261, -2.379, 0.506, 5.977, -4.139, 1.167, -0.000, 20.17
1, 0, -0.648, 0.000, 0.000, 0.000, -0.203, -1.850, 0.473, 4.263, -4.522, 2.487, 0.000, 20.00
1, 0, -0.479, 0.000, 0.000, 0.000, -0.154, -1.405, 0.445, 4.081, -4.690, 2.202, 0.000, 19.85
1, 0, -0.347, 0.000, 0.000, 0.000, -0.114, -1.043, 0.420, 3.945, -4.863, 2.002, 0.000, 19.72
1, 0, -0.233, 0.000, 0.000, 0.000, -0.079, -0.724, 0.398, 3.840, -5.263, 2.061, 0.000, 19.58
1, 0, -0.137, 0.000, 0.000, 0.000, -0.047, -0.433, 0.378, 3.757, -5.441, 1.923, -0.000, 19.45
1, 0, -0.057, 0.000, 0.000, 0.000, -0.020, -0.183, 0.361, 3.689, -5.622, 1.832, 0.000, 19.33
1, 0, 0.017, 0.000, 0.000, 0.000, 0.006, 0.057, 0.344, 3.633, -6.030, 1.972, 0.000, 19.20
1, 1, -0.974, -0.000, 0.000, 0.000, -0.354, -3.251, 0.329, 3.655, -6.577, -11.989, -19.160, 20.00
1, 1, -0.952, 0.000, 0.000, 0.000, -0.333, -3.145, 0.494, 3.621, -6.114, 0.000, -6.428, 20.00
1, 1, -0.942, 0.000, 0.000, 0.000, -0.308, -2.868, 0.909, 3.592, -5.426, 0.000, -5.043, 20.00
1, 1, -0.935, 0.000, 0.000, 0.000, -0.276, -2.505, 1.519, 3.565, -4.522, 0.000, -3.154, 20.00
1, 1, -0.926, 0.000, 0.000, 0.000, -0.243, -2.118, 2.217, 3.541, -3.632, 0.000, -1.161, 20.00
1, 1, -0.921, 0.000, 0.000, 0.000, -0.230, -2.008, 2.181, 3.518, -3.412, 0.000, -0.872, 20.00
1, 1, -0.911, 0.000, 0.000, 0.000, -0.217, -1.869, 2.339, 3.498, -3.192, 0.000, -0.352, 20.00
1, 0, -0.912, 0.000, 0.000, 0.000, -0.208, -1.761, 2.525, 3.479, -2.977, -0.145, -0.000, 20.01
1, 0, -0.956, 0.000, 0.000, 0.000, -0.212, -1.792, 2.480, 3.717, -2.771, -0.466, -0.000, 20.04
1, 1, -0.864, 0.000, 0.000, 0.000, -0.205, -1.833, 1.660, 3.726, -3.192, 0.611, -0.098, 20.00
1, 1, -0.871, 0.000, 0.000, 0.000, -0.224, -2.066, 1.158, 3.729, -3.853, 0.000, -2.127, 20.00
1, 1, -0.858, 0.000, 0.000, 0.000, -0.226, -2.046, 0.942, 4.568, -3.853, 0.000, -1.472, 20.00
1, 0, -0.873, 0.000, 0.000, 0.000, -0.237, -2.156, 0.833, 6.746, -4.081, -0.230, -0.000, 20.02
1, 0, -0.875, 0.000, 0.000, 0.000, -0.245, -2.231, 0.748, 7.013, -4.307, -0.103, 0.000, 20.02
1, 0, -0.867, 0.000, 0.000, 0.000, -0.250, -2.274, 0.681, 7.222, -4.530, 0.019, 0.000, 20.02
1, 0, -0.850, 0.000, 0.000, 0.000, -0.251, -2.291, 0.626, 7.391, -4.752, 0.127, 0.000, 20.01
1, 0, -0.741, 0.000, 0.000, 0.000, -0.224, -2.044, 0.581, 5.949, -4.940, 1.419, -0.000, 19.92
1, 0, -0.538, 0.000, 0.000, 0.000, -0.166, -1.515, 0.543, 4.236, -5.101, 2.540, 0.000, 19.75
1, 0, -0.379, 0.000, 0.000, 0.000, -0.119, -1.088, 0.511, 4.054, -5.268, 2.289, -0.000, 19.60
1, 0, -0.252, 0.000, 0.000, 0.000, -0.080, -0.736, 0.482, 3.920, -5.441, 2.107, -0.000, 19.46
1, 0, -0.155, 0.000, 0.000, 0.000, -0.050, -0.455, 0.457, 3.816, -5.395, 1.782, 0.000, 19.34
1, 0, -0.077, 0.000, 0.000, 0.000, -0.025, -0.228, 0.435, 3.733, -5.578, 1.740, 0.000, 19.22
1, 0, -0.007, 0.000, 0.000, 0.000, -0.002, -0.021, 0.414, 3.666, -5.763, 1.712, 0.000, 19.11
1, 0, 0.056, 0.000, 0.000, 0.000, 0.019, 0.171, 0.396, 3.611, -5.949, 1.696, 0.000, 18.99
1, 1, -1.279, -0.000, 0.000, 0.000, -0.427, -3.922, 0.378, 3.634, -6.577, -15.097, -23.290, 20.00
1, 1, -1.230, -0.000, 0.000, 0.000, -0.397, -3.751, 0.487, 3.601, -6.114, 0.000, -7.404, 20.00
1, 1, -1.205, -0.000, 0.000, 0.000, -0.365, -3.404, 0.922, 3.572, -5.426, 0.000, -5.906, 20.00
1, 1, -1.190, -0.000, 0.000, 0.000, -0.328, -2.974, 1.577, 3.546, -4.522, 0.000, -3.892, 20.00
1, 1, -1.177, 0.000, 0.000, 0.000, -0.291, -2.537, 2.282, 3.523, -3.632, 0.000, -1.832, 20.00
1, 1, -1.149, 0.000, 0.000, 0.000, -0.259, -2.181, 2.697, 3.501, -2.974, 0.000, -0.364, 20.00
1, 0, -1.158, 0.000, 0.000, 0.000, -0.245, -2.036, 2.727, 3.481, -2.545, -0.226, -0.000, 20.02
1, 0, -1.172, 0.000, 0.000, 0.000, -0.239, -1.998, 2.572, 3.463, -2.336, -0.291, 0.000, 20.03
1, 0, -1.181, 0.000, 0.000, 0.000, -0.239, -2.023, 2.371, 3.702, -2.343, -0.287, 0.000, 20.05
1, 0, -1.057, 0.000, 0.000, 0.000, -0.227, -2.015, 1.727, 3.711, -2.760, 0.622, 0.000, 20.01
1, 1, -1.027, 0.000, 0.000, 0.000, -0.241, -2.213, 1.159, 3.715, -3.412, 0.181, -1.836, 20.00
1, 1, -1.004, 0.000, 0.000, 0.000, -0.245, -2.215, 0.985, 4.555, -3.632, 0.000, -1.556, 20.00
1, 0, -1.002, 0.000, 0.000, 0.000, -0.255, -2.305, 0.875, 6.733, -3.858, -0.188, -0.000, 20.01
1, 0, -0.992, 0.000, 0.000, 0.000, -0.261, -2.368, 0.789, 7.001, -4.082, -0.087, 0.000, 20.02
1, 0, -0.995, 0.000, 0.000, 0.000, -0.266, -2.416, 0.721, 7.210, -4.087, -0.167, 0.000, 20.03
1, 0, -0.984, 0.000, 0.000, 0.000, -0.270, -2.458, 0.665, 7.379, -4.310, -0.022, 0.000, 20.03
1, 0, -0.868, 0.000, 0.000, 0.000, -0.244, -2.226, 0.618, 5.938, -4.501, 1.283, 0.000, 19.95
1, 0, -0.652, 0.000, 0.000, 0.000, -0.188, -1.715, 0.579, 4.225, -4.663, 2.414, 0.000, 19.78
1, 0, -0.496, 0.000, 0.000, 0.000, -0.144, -1.315, 0.545, 4.044, -4.612, 1.978, -0.000, 19.65
1, 0, -0.371, 0.000, 0.000, 0.000, -0.110, -1.003, 0.515, 3.910, -4.789, 1.848, 0.000, 19.53
1, 0, -0.267, 0.000, 0.000, 0.000, -0.080, -0.734, 0.489, 3.806, -4.970, 1.756, 0.000, 19.41
1, 0, -0.177, 0.000, 0.000, 0.000, -0.054, -0.497, 0.465, 3.724, -5.153, 1.692, -0.000, 19.30
1, 0, -0.107, 0.000, 0.000, 0.000, -0.033, -0.301, 0.444, 3.658, -5.115, 1.455, 0.000, 19.20
1, 0, -0.048, 0.000, 0.000, 0.000, -0.015, -0.137, 0.424, 3.603, -5.304, 1.477, 0.000, 19.10
1, 1, -1.288, -0.000, 0.000, 0.000, -0.406, -3.723, 0.405, 3.626, -5.884, -13.441, -20.710, 20.00
1, 1, -1.237, -0.000, 0.000, 0.000, -0.378, -3.560, 0.495, 3.594, -5.426, 0.000, -6.512, 20.00
1, 1, -1.209, -0.000, 0.000, 0.000, -0.347, -3.224, 0.895, 3.565, -4.747, 0.000, -5.067, 20.00
1, 1, -1.190, -0.000, 0.000, 0.000, -0.316, -2.880, 1.375, 3.539, -4.075, 0.000, -3.548, 20.00
1, 1, -1.174, 0.000, 0.000, 0.000, -0.285, -2.521, 1.947, 3.516, -3.412, 0.000, -1.928, 20.00
1, 1, -1.153, 0.000, 0.000, 0.000, -0.256, -2.203, 2.307, 3.495, -2.756, 0.000, -0.567, 20.00
1, 0, -1.231, -0.000, 0.000, 0.000, -0.247, -2.007, 2.886, 3.475, -2.127, -0.750, 0.000, 20.05
1, 0, -1.331, -0.000, 0.000, 0.000, -0.252, -2.033, 2.770, 3.457, -1.721, -0.890, 0.000, 20.11
1, 0, -1.384, -0.000, 0.000, 0.000, -0.260, -2.146, 2.454, 3.696, -1.737, -0.623, -0.000, 20.15
1, 0, -1.271, -0.000, 0.000, 0.000, -0.254, -2.202, 1.855, 3.705, -2.157, 0.324, -0.000, 20.13
1, 0, -1.088, 0.000, 0.000, 0.000, -0.233, -2.098, 1.353, 3.710, -2.565, 0.921, -0.000, 20.07
1, 0, -0.996, 0.000, 0.000, 0.000, -0.225, -2.059, 1.056, 4.550, -2.770, 0.445, -0.000, 20.04
1, 0, -1.072, 0.000, 0.000, 0.000, -0.257, -2.313, 0.920, 6.728, -3.227, -0.779, 0.000, 20.09
1, 0, -1.103, 0.000, 0.000, 0.000, -0.275, -2.485, 0.827, 6.996, -3.459, -0.500, -0.000, 20.12
1, 0, -1.105, -0.000, 0.000, 0.000, -0.286, -2.593, 0.752, 7.205, -3.687, -0.286, -0.000, 20.14
1, 0, -1.068, 0.000, 0.000, 0.000, -0.291, -2.644, 0.692, 7.375, -4.129, 0.065, 0.000, 20.14
1, 0, -0.930, 0.000, 0.000, 0.000, -0.262, -2.385, 0.642, 5.933, -4.318, 1.320, 0.000, 20.05
1, 0, -0.702, 0.000, 0.000, 0.000, -0.204, -1.858, 0.600, 4.221, -4.479, 2.422, 0.000, 19.89
1, 0, -0.515, 0.000, 0.000, 0.000, -0.156, -1.423, 0.565, 4.040, -4.868, 2.357, -0.000, 19.73
1, 0, -0.358, 0.000, 0.000, 0.000, -0.113, -1.030, 0.533, 3.906, -5.261, 2.322, 0.000, 19.58
1, 0, -0.223, 0.000, 0.000, 0.000, -0.073, -0.668, 0.506, 3.803, -5.657, 2.313, -0.000, 19.42
1, 0, -0.113, 0.000, 0.000, 0.000, -0.038, -0.347, 0.481, 3.720, -5.831, 2.128, -0.000, 19.28
1, 0, -0.018, 0.000, 0.000, 0.000, -0.006, -0.055, 0.458, 3.654, -6.235, 2.202, 0.000, 19.13
1, 0, 0.072, 0.000, 0.000, 0.000, 0.025, 0.233, 0.438, 3.600, -6.641, 2.273, -0.000, 18.98
1, 1, -1.218, -0.000, 0.000, 0.000, -0.442, -4.060, 0.418, 4.392, -7.514, -15.263, -23.687, 20.00
1, 1, -1.177, -0.000, 0.000, 0.000, -0.421, -3.994, 0.472, 4.436, -7.279, 0.000, -7.963, 20.00
1, 1, -1.163, -0.000, 0.000, 0.000, -0.393, -3.691, 0.862, 4.466, -6.577, 0.000, -6.496, 20.00
1, 1, -1.160, -0.000, 0.000, 0.000, -0.351, -3.183, 1.777, 4.488, -5.426, 0.000, -3.856, 20.00
1, 1, -1.157, 0.000, 0.000, 0.000, -0.323, -2.877, 2.156, 4.504, -4.747, 0.000, -2.444, 20.00
1, 1, -1.154, 0.000, 0.000, 0.000, -0.302, -2.654, 2.364, 4.517, -4.298, 0.000, -1.526, 20.00
1, 1, -1.146, 0.000, 0.000, 0.000, -0.287, -2.519, 2.412, 4.527, -4.075, 0.000, -1.088, 20.00
1, 1, -1.134, 0.000, 0.000, 0.000, -0.276, -2.423, 2.335, 4.535, -3.853, 0.000, -0.817, 20.00
1, 1, -1.120, 0.000, 0.000, 0.000, -0.276, -2.459, 2.102, 4.541, -4.075, 0.000, -1.288, 20.00
1, 1, -1.106, 0.000, 0.000, 0.000, -0.281, -2.556, 1.684, 4.546, -4.298, 0.000, -2.011, 20.00
1, 1, -1.093, 0.000, 0.000, 0.000, -0.296, -2.762, 1.222, 4.550, -4.972, 0.000, -3.353, 20.00
1, 1, -1.078, 0.000, 0.000, 0.000, -0.298, -2.730, 0.955, 5.392, -4.972, 0.000, -2.731, 20.00
1, 1, -1.066, 0.000, 0.000, 0.000, -0.303, -2.773, 0.850, 7.574, -5.199, 0.000, -0.918, 20.00
1, 1, -1.057, 0.000, 0.000, 0.000, -0.303, -2.778, 0.768, 7.846, -5.199, 0.000, -0.724, 20.00
1, 1, -1.053, 0.000, 0.000, 0.000, -0.308, -2.822, 0.702, 8.060, -5.426, 0.000, -0.847, 20.00
1, 1, -1.051, 0.000, 0.000, 0.000, -0.313, -2.872, 0.648, 8.235, -5.655, 0.000, -1.007, 20.00
1, 0, -0.864, 0.000, 0.000, 0.000, -0.258, -2.370, 0.604, 6.286, -5.597, 2.200, -0.000, 19.85
1, 0, -0.608, 0.000, 0.000, 0.000, -0.184, -1.691, 0.566, 4.529, -5.744, 3.132, -0.000, 19.64
1, 0, -0.422, 0.000, 0.000, 0.000, -0.128, -1.176, 0.533, 4.315, -5.678, 2.556, 0.000, 19.47
1, 0, -0.286, 0.000, 0.000, 0.000, -0.087, -0.797, 0.505, 4.155, -5.622, 2.132, 0.000, 19.33
1, 0, -0.185, 0.000, 0.000, 0.000, -0.056, -0.515, 0.479, 4.030, -5.574, 1.821, -0.000, 19.21
1, 0, -0.109, 0.000, 0.000, 0.000, -0.033, -0.301, 0.456, 3.931, -5.533, 1.588, 0.000, 19.10
1, 0, -0.050, 0.000, 0.000, 0.000, -0.015, -0.137, 0.435, 3.850, -5.496, 1.412, 0.000, 19.01
1, 0, -0.003, 0.000, 0.000, 0.000, -0.001, -0.008, 0.416, 3.783, -5.462, 1.276, 0.000, 18.93
1, 1, -1.538, -0.000, 0.000, 0.000, -0.457, -4.205, 0.398, 4.566, -5.884, -16.116, -23.238, 20.00
1, 1, -1.465, -0.000, 0.000, 0.000, -0.427, -4.036, 0.452, 4.600, -5.655, 0.000, -6.530, 20.00
1, 1, -1.422, -0.000, 0.000, 0.000, -0.398, -3.741, 0.695, 4.622, -5.199, 0.000, -5.443, 20.00
1, 1, -1.389, -0.000, 0.000, 0.000, -0.376, -3.511, 0.963, 4.636, -4.972, 0.000, -4.649, 20.00
1, 1, -1.363, -0.000, 0.000, 0.000, -0.353, -3.278, 1.135, 4.646, -4.522, 0.000, -3.735, 20.00
1, 1, -1.345, -0.000, 0.000, 0.000, -0.318, -2.825, 2.114, 4.652, -3.853, 0.000, -1.575, 20.00
1, 1, -1.321, 0.000, 0.000, 0.000, -0.299, -2.665, 2.004, 4.656, -3.412, 0.000, -1.036, 20.00
1, 1, -1.295, 0.000, 0.000, 0.000, -0.284, -2.510, 2.089, 4.659, -3.192, 0.000, -0.534, 20.00
1, 1, -1.266, 0.000, 0.000, 0.000, -0.285, -2.595, 1.565, 4.660, -3.412, 0.000, -1.333, 20.00
1, 1, -1.237, 0.000, 0.000, 0.000, -0.287, -2.654, 1.245, 4.660, -3.632, 0.000, -1.905, 20.00
1, 1, -1.209, 0.000, 0.000, 0.000, -0.290, -2.717, 0.968, 4.660, -3.853, 0.000, -2.441, 20.00
1, 1, -1.183, 0.000, 0.000, 0.000, -0.293, -2.699, 0.763, 5.497, -4.075, 0.000, -1.990, 20.00
1, 1, -1.158, 0.000, 0.000, 0.000, -0.296, -2.721, 0.682, 7.675, -4.298, 0.000, -0.117, 20.00
1, 0, -1.147, 0.000, 0.000, 0.000, -0.297, -2.730, 0.619, 7.943, -4.301, -0.087, 0.000, 20.01
1, 0, -1.130, 0.000, 0.000, 0.000, -0.300, -2.757, 0.568, 8.153, -4.525, -0.009, 0.000, 20.01
1, 0, -1.108, 0.000, 0.000, 0.000, -0.301, -2.767, 0.526, 8.325, -4.747, 0.072, -0.000, 20.00
1, 0, -0.967, 0.000, 0.000, 0.000, -0.265, -2.438, 0.491, 6.373, -4.708, 1.515, -0.000, 19.90
1, 0, -0.731, 0.000, 0.000, 0.000, -0.204, -1.879, 0.461, 4.612, -4.866, 2.607, 0.000, 19.73
1, 0, -0.545, 0.000, 0.000, 0.000, -0.155, -1.430, 0.435, 4.394, -5.032, 2.333, 0.000, 19.57
1, 0, -0.397, 0.000, 0.000, 0.000, -0.115, -1.061, 0.412, 4.231, -5.203, 2.133, 0.000, 19.43
1, 0, -0.266, 0.000, 0.000, 0.000, -0.080, -0.734, 0.392, 4.104, -5.603, 2.186, 0.000, 19.28
1, 0, -0.155, 0.000, 0.000, 0.000, -0.047, -0.435, 0.373, 4.002, -5.779, 2.040, -0.000, 19.15
1, 0, -0.062, 0.000, 0.000, 0.000, -0.019, -0.177, 0.356, 3.918, -5.958, 1.941, 0.000, 19.02
1, 0, 0.018, 0.000, 0.000, 0.000, 0.006, 0.052, 0.341, 3.849, -6.140, 1.875, 0.000, 18.89
1, 1, -1.499, -0.000, 0.000, 0.000, -0.479, -4.418, 0.326, 3.859, -6.810, -16.607, -25.628, 20.00
1, 1, -1.433, -0.000, 0.000, 0.000, -0.450, -4.273, 0.437, 3.815, -6.577, 0.000, -8.481, 20.00
1, 1, -1.402, -0.000, 0.000, 0.000, -0.412, -3.863, 0.864, 3.776, -5.655, 0.000, -6.692, 20.00
1, 1, -1.377, -0.000, 0.000, 0.000, -0.391, -3.654, 1.054, 3.741, -5.426, 0.000, -6.053, 20.00
1, 1, -1.359, -0.000, 0.000, 0.000, -0.367, -3.396, 1.349, 3.708, -4.972, 0.000, -5.038, 20.00
1, 1, -1.343, -0.000, 0.000, 0.000, -0.348, -3.176, 1.723, 3.679, -4.747, 0.000, -4.212, 20.00
1, 1, -1.328, 0.000, 0.000, 0.000, -0.321, -2.864, 2.151, 3.652, -4.075, 0.000, -2.786, 20.00
1, 1, -1.310, 0.000, 0.000, 0.000, -0.306, -2.697, 2.322, 3.626, -3.853, 0.000, -2.218, 20.00
1, 1, -1.287, 0.000, 0.000, 0.000, -0.296, -2.625, 2.115, 3.859, -3.632, 0.000, -1.866, 20.00
1, 1, -1.262, 0.000, 0.000, 0.000, -0.299, -2.733, 1.538, 3.861, -3.853, 0.000, -2.747, 20.00
1, 1, -1.238, 0.000, 0.000, 0.000, -0.308, -2.879, 1.068, 3.860, -4.298, 0.000, -3.795, 20.00
1, 1, -1.215, 0.000, 0.000, 0.000, -0.312, -2.863, 0.838, 4.694, -4.522, 0.000, -3.379, 20.00
1, 1, -1.194, 0.000, 0.000, 0.000, -0.315, -2.893, 0.740, 6.866, -4.747, 0.000, -1.542, 20.00
1, 1, -1.176, 0.000, 0.000, 0.000, -0.318, -2.928, 0.665, 7.129, -4.972, 0.000, -1.601, 20.00
1, 1, -1.163, 0.000, 0.000, 0.000, -0.322, -2.967, 0.605, 7.333, -5.199, 0.000, -1.713, 20.00
1, 1, -1.152, 0.000, 0.000, 0.000, -0.327, -3.008, 0.556, 7.498, -5.426, 0.000, -1.860, 20.00
1, 0, -0.913, 0.000, 0.000, 0.000, -0.264, -2.434, 0.516, 6.051, -5.586, 2.629, 0.000, 19.82
1, 0, -0.623, 0.000, 0.000, 0.000, -0.184, -1.694, 0.482, 4.335, -5.726, 3.410, 0.000, 19.60
1, 0, -0.407, 0.000, 0.000, 0.000, -0.122, -1.128, 0.453, 4.149, -5.879, 2.935, -0.000, 19.40
1, 0, -0.243, 0.000, 0.000, 0.000, -0.074, -0.683, 0.428, 4.011, -6.041, 2.602, 0.000, 19.23
1, 0, -0.113, 0.000, 0.000, 0.000, -0.035, -0.322, 0.406, 3.903, -6.210, 2.371, 0.000, 19.07
1, 0, -0.007, 0.000, 0.000, 0.000, -0.002, -0.020, 0.386, 3.817, -6.384, 2.210, 0.000, 18.92
1, 0, 0.082, 0.000, 0.000, 0.000, 0.026, 0.239, 0.368, 3.747, -6.561, 2.100, 0.000, 18.78
1, 0, 0.158, 0.000, 0.000, 0.000, 0.051, 0.468, 0.351, 3.689, -6.742, 2.026, -0.000, 18.65
1, 1, -1.677, -0.000, 0.000, 0.000, -0.545, -5.029, 0.336, 3.709, -7.514, -20.283, -31.004, 20.00
1, 1, -1.595, -0.000, 0.000, 0.000, -0.510, -4.849, 0.411, 3.673, -7.279, 0.000, -10.149, 20.00
1, 1, -1.560, -0.000, 0.000, 0.000, -0.467, -4.387, 0.884, 3.641, -6.345, 0.000, -8.234, 20.00
1, 1, -1.540, -0.000, 0.000, 0.000, -0.425, -3.902, 1.528, 3.613, -5.426, 0.000, -6.153, 20.00
1, 1, -1.525, -0.000, 0.000, 0.000, -0.389, -3.479, 2.150, 3.587, -4.747, 0.000, -4.403, 20.00
1, 1, -1.513, -0.000, 0.000, 0.000, -0.350, -3.026, 2.736, 3.563, -3.853, 0.000, -2.444, 20.00
1, 1, -1.488, -0.000, 0.000, 0.000, -0.328, -2.825, 2.638, 3.540, -3.412, 0.000, -1.874, 20.00
1, 1, -1.458, -0.000, 0.000, 0.000, -0.315, -2.720, 2.594, 3.520, -3.412, 0.000, -1.792, 20.00
1, 1, -1.424, -0.000, 0.000, 0.000, -0.302, -2.614, 2.449, 3.757, -3.192, 0.000, -1.327, 20.00
1, 1, -1.384, 0.000, 0.000, 0.000, -0.308, -2.760, 1.843, 3.763, -3.632, 0.000, -2.477, 20.00
1, 1, -1.345, 0.000, 0.000, 0.000, -0.321, -2.969, 1.273, 3.765, -4.298, 0.000, -3.894, 20.00
1, 1, -1.311, 0.000, 0.000, 0.000, -0.325, -2.962, 1.003, 4.603, -4.522, 0.000, -3.514, 20.00
1, 1, -1.281, 0.000, 0.000, 0.000, -0.328, -2.995, 0.885, 6.779, -4.747, 0.000, -1.686, 20.00
1, 1, -1.256, 0.000, 0.000, 0.000, -0.327, -2.989, 0.794, 7.046, -4.747, 0.000, -1.479, 20.00
1, 1, -1.236, 0.000, 0.000, 0.000, -0.330, -3.020, 0.721, 7.253, -4.972, 0.000, -1.584, 20.00
1, 1, -1.220, 0.000, 0.000, 0.000, -0.334, -3.056, 0.663, 7.421, -5.199, 0.000, -1.725, 20.00
1, 0, -0.977, 0.000, 0.000, 0.000, -0.273, -2.505, 0.615, 5.977, -5.361, 2.524, 0.000, 19.83
1, 0, -0.695, 0.000, 0.000, 0.000, -0.196, -1.796, 0.574, 4.263, -5.279, 3.128, 0.000, 19.62
1, 0, -0.484, 0.000, 0.000, 0.000, -0.139, -1.274, 0.539, 4.081, -5.436, 2.712, -0.000, 19.44
1, 0, -0.320, 0.000, 0.000, 0.000, -0.093, -0.858, 0.509, 3.945, -5.602, 2.419, -0.000, 19.28
1, 0, -0.199, 0.000, 0.000, 0.000, -0.058, -0.535, 0.483, 3.840, -5.549, 2.018, 0.000, 19.15
1, 0, -0.102, 0.000, 0.000, 0.000, -0.030, -0.277, 0.459, 3.757, -5.728, 1.922, 0.000, 19.02
1, 0, -0.018, 0.000, 0.000, 0.000, -0.005, -0.050, 0.437, 3.689, -5.910, 1.857, 0.000, 18.89
1, 0, 0.050, 0.000, 0.000, 0.000, 0.015, 0.138, 0.417, 3.633, -5.867, 1.615, 0.000, 18.79
1, 1, -1.673, -0.000, 0.000, 0.000, -0.510, -4.695, 0.399, 3.655, -6.577, -18.194, -27.595, 20.00
1, 1, -1.585, -0.000, 0.000, 0.000, -0.483, -4.581, 0.400, 3.621, -6.577, 0.000, -9.205, 20.00
1, 1, -1.539, -0.000, 0.000, 0.000, -0.453, -4.278, 0.655, 3.592, -6.114, 0.000, -8.137, 20.00
1, 1, -1.499, -0.000, 0.000, 0.000, -0.439, -4.174, 0.560, 3.565, -6.114, 0.000, -8.101, 20.00
1, 1, -1.474, -0.000, 0.000, 0.000, -0.420, -3.967, 0.830, 3.541, -5.884, 0.000, -7.375, 20.00
1, 1, -1.454, -0.000, 0.000, 0.000, -0.403, -3.786, 1.052, 3.518, -5.655, 0.000, -6.727, 20.00
1, 1, -1.435, -0.000, 0.000, 0.000, -0.395, -3.735, 0.953, 3.498, -5.655, 0.000, -6.768, 20.00
1, 1, -1.417, -0.000, 0.000, 0.000, -0.391, -3.715, 0.778, 3.479, -5.655, 0.000, -6.920, 20.00
1, 1, -1.401, 0.000, 0.000, 0.000, -0.385, -3.664, 0.782, 3.717, -5.655, 0.000, -6.605, 20.00
1, 1, -1.386, 0.000, 0.000, 0.000, -0.386, -3.694, 0.668, 3.726, -5.884, 0.000, -6.956, 20.00
1, 1, -1.372, 0.000, 0.000, 0.000, -0.384, -3.698, 0.520, 3.729, -5.884, 0.000, -7.089, 20.00
1, 1, -1.362, 0.000, 0.000, 0.000, -0.387, -3.628, 0.446, 4.568, -6.114, 0.000, -6.476, 20.00
1, 1, -1.353, 0.000, 0.000, 0.000, -0.385, -3.603, 0.410, 6.746, -6.114, 0.000, -4.299, 20.00
1, 1, -1.345, 0.000, 0.000, 0.000, -0.384, -3.580, 0.381, 7.013, -6.114, 0.000, -4.028, 20.00
1, 1, -1.339, 0.000, 0.000, 0.000, -0.386, -3.601, 0.356, 7.222, -6.345, 0.000, -4.094, 20.00
1, 1, -1.335, 0.000, 0.000, 0.000, -0.385, -3.589, 0.335, 7.391, -6.345, 0.000, -3.928, 20.00
1, 0, -0.966, 0.000, 0.000, 0.000, -0.282, -2.625, 0.317, 5.949, -6.470, 4.077, 0.000, 19.73
1, 0, -0.607, 0.000, 0.000, 0.000, -0.177, -1.650, 0.301, 4.236, -6.358, 4.255, 0.000, 19.44
1, 0, -0.348, 0.000, 0.000, 0.000, -0.103, -0.954, 0.286, 4.054, -6.496, 3.561, -0.000, 19.21
1, 0, -0.154, 0.000, 0.000, 0.000, -0.046, -0.426, 0.273, 3.920, -6.648, 3.081, 0.000, 19.00
1, 0, -0.011, 0.000, 0.000, 0.000, -0.003, -0.030, 0.261, 3.816, -6.581, 2.548, -0.000, 18.83
1, 0, 0.099, 0.000, 0.000, 0.000, 0.030, 0.276, 0.249, 3.733, -6.752, 2.365, -0.000, 18.67
1, 0, 0.190, 0.000, 0.000, 0.000, 0.058, 0.537, 0.239, 3.666, -6.927, 2.238, -0.000, 18.53
1, 0, 0.268, 0.000, 0.000, 0.000, 0.082, 0.766, 0.229, 3.611, -7.106, 2.150, 0.000, 18.38
1, 1, -1.999, -0.000, 0.000, 0.000, -0.615, -5.707, 0.219, 3.634, -7.751, -24.275, -36.493, 20.00
1, 1, -1.884, -0.000, 0.000, 0.000, -0.577, -5.513, 0.282, 3.601, -7.751, 0.000, -11.842, 20.00
1, 1, -1.824, -0.000, 0.000, 0.000, -0.540, -5.132, 0.614, 3.572, -7.279, 0.000, -10.588, 20.00
1, 1, -1.793, -0.000, 0.000, 0.000, -0.494, -4.598, 1.355, 3.546, -6.345, 0.000, -8.329, 20.00
1, 1, -1.773, -0.000, 0.000, 0.000, -0.451, -4.090, 2.048, 3.523, -5.426, 0.000, -6.168, 20.00
1, 1, -1.733, -0.000, 0.000, 0.000, -0.437, -4.026, 1.675, 3.501, -5.426, 0.000, -6.446, 20.00
1, 1, -1.704, -0.000, 0.000, 0.000, -0.417, -3.819, 1.857, 3.481, -5.199, 0.000, -5.800, 20.00
1, 1, -1.662, -0.000, 0.000, 0.000, -0.422, -3.961, 1.213, 3.463, -5.655, 0.000, -7.024, 20.00
1, 1, -1.628, -0.000, 0.000, 0.000, -0.418, -3.930, 1.246, 3.702, -5.884, 0.000, -6.912, 20.00
1, 1, -1.594, -0.000, 0.000, 0.000, -0.421, -4.002, 0.910, 3.711, -6.114, 0.000, -7.509, 20.00
1, 1, -1.564, -0.000, 0.000, 0.000, -0.424, -4.064, 0.668, 3.715, -6.345, 0.000, -8.013, 20.00
1, 1, -1.542, 0.000, 0.000, 0.000, -0.426, -3.989, 0.575, 4.555, -6.577, 0.000, -7.404, 20.00
1, 1, -1.522, 0.000, 0.000, 0.000, -0.425, -3.964, 0.515, 6.733, -6.577, 0.000, -5.240, 20.00
1, 1, -1.507, 0.000, 0.000, 0.000, -0.427, -3.983, 0.467, 7.001, -6.810, 0.000, -5.258, 20.00
1, 1, -1.495, 0.000, 0.000, 0.000, -0.426, -3.966, 0.429, 7.210, -6.810, 0.000, -5.059, 20.00
1, 1, -1.486, 0.000, 0.000, 0.000, -0.424, -3.949, 0.397, 7.379, -6.810, 0.000, -4.893, 20.00
1, 0, -1.045, 0.000, 0.000, 0.000, -0.302, -2.808, 0.371, 5.938, -6.918, 4.764, 0.000, 19.68
1, 0, -0.639, 0.000, 0.000, 0.000, -0.185, -1.717, 0.348, 4.225, -6.792, 4.760, -0.000, 19.37
1, 0, -0.348, 0.000, 0.000, 0.000, -0.102, -0.944, 0.328, 4.044, -6.922, 3.943, 0.000, 19.10
1, 0, -0.132, 0.000, 0.000, 0.000, -0.039, -0.363, 0.311, 3.910, -7.067, 3.380, -0.000, 18.88
1, 0, 0.025, 0.000, 0.000, 0.000, 0.008, 0.070, 0.296, 3.806, -6.993, 2.789, 0.000, 18.69
1, 0, 0.145, 0.000, 0.000, 0.000, 0.043, 0.401, 0.282, 3.724, -7.161, 2.566, -0.000, 18.52
1, 0, 0.243, 0.000, 0.000, 0.000, 0.073, 0.681, 0.269, 3.658, -7.333, 2.409, 0.000, 18.36
1, 0, 0.322, 0.000, 0.000, 0.000, 0.097, 0.901, 0.257, 3.603, -7.277, 2.097, 0.000, 18.22
1, 1, -2.208, -0.000, 0.000, 0.000, -0.671, -6.230, 0.246, 3.626, -8.227, -26.709, -40.174, 20.00
1, 1, -2.081, -0.000, 0.000, 0.000, -0.623, -5.950, 0.343, 3.594, -7.989, 0.000, -12.706, 20.00
1, 1, -2.020, -0.000, 0.000, 0.000, -0.572, -5.395, 0.840, 3.565, -7.044, 0.000, -10.626, 20.00
1, 1, -1.977, -0.000, 0.000, 0.000, -0.529, -4.918, 1.356, 3.539, -6.345, 0.000, -8.874, 20.00
1, 1, -1.947, -0.000, 0.000, 0.000, -0.487, -4.438, 2.017, 3.516, -5.655, 0.000, -6.994, 20.00
1, 1, -1.916, -0.000, 0.000, 0.000, -0.452, -4.068, 2.277, 3.495, -4.972, 0.000, -5.636, 20.00
1, 1, -1.877, -0.000, 0.000, 0.000, -0.430, -3.862, 2.301, 3.475, -4.747, 0.000, -5.141, 20.00
1, 1, -1.836, -0.000, 0.000, 0.000, -0.412, -3.710, 2.203, 3.457, -4.522, 0.000, -4.820, 20.00
1, 1, -1.786, -0.000, 0.000, 0.000, -0.408, -3.738, 1.812, 3.696, -4.747, 0.000, -5.170, 20.00
1, 1, -1.735, -0.000, 0.000, 0.000, -0.412, -3.836, 1.423, 3.705, -5.199, 0.000, -6.054, 20.00
1, 1, -1.687, -0.000, 0.000, 0.000, -0.419, -3.959, 1.032, 3.710, -5.655, 0.000, -6.977, 20.00
1, 1, -1.649, -0.000, 0.000, 0.000, -0.422, -3.911, 0.808, 4.550, -5.884, 0.000, -6.507, 20.00
1, 1, -1.614, -0.000, 0.000, 0.000, -0.419, -3.883, 0.714, 6.728, -5.884, 0.000, -4.359, 20.00
1, 1, -1.586, -0.000, 0.000, 0.000, -0.416, -3.854, 0.641, 6.996, -5.884, 0.000, -4.104, 20.00
1, 1, -1.562, 0.000, 0.000, 0.000, -0.418, -3.868, 0.582, 7.205, -6.114, 0.000, -4.175, 20.00
1, 1, -1.542, 0.000, 0.000, 0.000, -0.415, -3.846, 0.535, 7.375, -6.114, 0.000, -4.007, 20.00
1, 0, -1.151, 0.000, 0.000, 0.000, -0.312, -2.885, 0.497, 5.933, -6.011, 3.928, -0.000, 19.74
1, 0, -0.770, 0.000, 0.000, 0.000, -0.209, -1.936, 0.464, 4.221, -5.903, 4.133, 0.000, 19.46
1, 0, -0.505, 0.000, 0.000, 0.000, -0.137, -1.272, 0.436, 4.040, -5.817, 3.256, -0.000, 19.25
1, 0, -0.317, 0.000, 0.000, 0.000, -0.086, -0.800, 0.412, 3.906, -5.748, 2.634, 0.000, 19.07
1, 0, -0.182, 0.000, 0.000, 0.000, -0.050, -0.458, 0.390, 3.803, -5.691, 2.188, 0.000, 18.92
1, 0, -0.082, 0.000, 0.000, 0.000, -0.022, -0.207, 0.371, 3.720, -5.642, 1.862, 0.000, 18.80
1, 0, -0.001, 0.000, 0.000, 0.000, -0.000, -0.001, 0.353, 3.654, -5.825, 1.819, -0.000, 18.68
1, 0, 0.067, 0.000, 0.000, 0.000, 0.018, 0.171, 0.337, 3.600, -5.783, 1.590, 0.000, 18.57
1, 1, -2.086, -0.000, 0.000, 0.000, -0.577, -5.336, 0.323, 4.392, -6.345, -21.411, -31.039, 20.00
1, 1, -1.964, -0.000, 0.000, 0.000, -0.536, -5.094, 0.362, 4.436, -6.114, 0.000, -8.909, 20.00
1, 1, -1.890, -0.000, 0.000, 0.000, -0.500, -4.740, 0.555, 4.466, -5.655, 0.000, -7.765, 20.00
1, 1, -1.837, -0.000, 0.000, 0.000, -0.467, -4.386, 0.899, 4.488, -5.199, 0.000, -6.503, 20.00
1, 1, -1.787, -0.000, 0.000, 0.000, -0.445, -4.182, 0.920, 4.504, -4.972, 0.000, -5.961, 20.00
1, 1, -1.762, -0.000, 0.000, 0.000, -0.407, -3.700, 1.804, 4.517, -4.298, 0.000, -3.846, 20.00
1, 1, -1.728, -0.000, 0.000, 0.000, -0.381, -3.425, 2.028, 4.527, -3.853, 0.000, -2.832, 20.00
1, 1, -1.685, -0.000, 0.000, 0.000, -0.366, -3.326, 1.756, 4.535, -3.632, 0.000, -2.718, 20.00
1, 1, -1.641, -0.000, 0.000, 0.000, -0.357, -3.266, 1.567, 4.541, -3.632, 0.000, -2.788, 20.00
1, 1, -1.591, -0.000, 0.000, 0.000, -0.358, -3.353, 1.015, 4.546, -3.853, 0.000, -3.595, 20.00
1, 1, -1.545, -0.000, 0.000, 0.000, -0.362, -3.427, 0.795, 4.550, -4.298, 0.000, -4.288, 20.00
1, 1, -1.506, -0.000, 0.000, 0.000, -0.364, -3.372, 0.661, 5.392, -4.522, 0.000, -3.711, 20.00
1, 1, -1.470, -0.000, 0.000, 0.000, -0.360, -3.336, 0.590, 7.574, -4.522, 0.000, -1.525, 20.00
1, 1, -1.438, 0.000, 0.000, 0.000, -0.361, -3.344, 0.535, 7.846, -4.747, 0.000, -1.509, 20.00
1, 1, -1.411, 0.000, 0.000, 0.000, -0.363, -3.359, 0.490, 8.060, -4.972, 0.000, -1.555, 20.00
1, 1, -1.387, 0.000, 0.000, 0.000, -0.365, -3.379, 0.454, 8.235, -5.199, 0.000, -1.642, 20.00
1, 0, -1.123, 0.000, 0.000, 0.000, -0.298, -2.761, 0.423, 6.286, -5.131, 2.604, 0.000, 19.83
1, 0, -0.805, 0.000, 0.000, 0.000, -0.218, -2.018, 0.397, 4.529, -5.270, 3.384, 0.000, 19.60
1, 0, -0.555, 0.000, 0.000, 0.000, -0.155, -1.435, 0.375, 4.315, -5.646, 3.101, -0.000, 19.39
1, 0, -0.362, 0.000, 0.000, 0.000, -0.103, -0.955, 0.355, 4.155, -5.805, 2.715, 0.000, 19.21
1, 0, -0.212, 0.000, 0.000, 0.000, -0.062, -0.569, 0.337, 4.030, -5.971, 2.446, 0.000, 19.05
1, 0, -0.091, 0.000, 0.000, 0.000, -0.027, -0.249, 0.321, 3.931, -6.143, 2.258, -0.000, 18.90
1, 0, 0.015, 0.000, 0.000, 0.000, 0.005, 0.043, 0.306, 3.850, -6.546, 2.327, -0.000, 18.74
1, 0, 0.109, 0.000, 0.000, 0.000, 0.034, 0.312, 0.293, 3.783, -6.722, 2.190, -0.000, 18.60
1, 1, -1.841, -0.000, 0.000, 0.000, -0.576, -5.335, 0.280, 4.566, -7.514, -21.026, -31.446, 20.00
1, 1, -1.741, -0.000, 0.000, 0.000, -0.545, -5.201, 0.322, 4.600, -7.514, 0.000, -10.079, 20.00
1, 1, -1.695, -0.000, 0.000, 0.000, -0.507, -4.804, 0.690, 4.622, -6.810, 0.000, -8.504, 20.00
1, 1, -1.665, -0.000, 0.000, 0.000, -0.472, -4.424, 1.074, 4.636, -6.114, 0.000, -6.964, 20.00
1, 1, -1.647, -0.000, 0.000, 0.000, -0.436, -4.022, 1.613, 4.646, -5.426, 0.000, -5.272, 20.00
1, 1, -1.628, -0.000, 0.000, 0.000, -0.409, -3.717, 1.974, 4.652, -4.972, 0.000, -4.100, 20.00
1, 1, -1.595, -0.000, 0.000, 0.000, -0.402, -3.733, 1.415, 4.656, -4.972, 0.000, -4.631, 20.00
1, 1, -1.571, -0.000, 0.000, 0.000, -0.388, -3.568, 1.730, 4.659, -4.972, 0.000, -4.111, 20.00
1, 1, -1.543, -0.000, 0.000, 0.000, -0.379, -3.476, 1.800, 4.660, -4.972, 0.000, -3.911, 20.00
1, 1, -1.508, -0.000, 0.000, 0.000, -0.386, -3.643, 0.999, 4.660, -5.199, 0.000, -5.076, 20.00
1, 1, -1.478, -0.000, 0.000, 0.000, -0.392, -3.736, 0.783, 4.660, -5.655, 0.000, -5.817, 20.00
1, 1, -1.454, 0.000, 0.000, 0.000, -0.395, -3.677, 0.661, 5.497, -5.884, 0.000, -5.251, 20.00
1, 1, -1.433, 0.000, 0.000, 0.000, -0.393, -3.654, 0.590, 7.675, -5.884, 0.000, -3.100, 20.00
1, 1, -1.416, 0.000, 0.000, 0.000, -0.391, -3.632, 0.533, 7.943, -5.884, 0.000, -2.846, 20.00
1, 1, -1.402, 0.000, 0.000, 0.000, -0.389, -3.610, 0.488, 8.153, -5.884, 0.000, -2.643, 20.00
1, 1, -1.391, 0.000, 0.000, 0.000, -0.387, -3.588, 0.451, 8.325, -5.884, 0.000, -2.473, 20.00
1, 0, -1.071, 0.000, 0.000, 0.000, -0.302, -2.797, 0.421, 6.373, -6.025, 3.402, -0.000, 19.77
1, 0, -0.737, 0.000, 0.000, 0.000, -0.208, -1.927, 0.394, 4.612, -5.925, 3.790, -0.000, 19.52
1, 0, -0.500, 0.000, 0.000, 0.000, -0.141, -1.308, 0.372, 4.394, -5.846, 3.029, -0.000, 19.32
1, 0, -0.339, 0.000, 0.000, 0.000, -0.095, -0.877, 0.352, 4.231, -5.557, 2.284, 0.000, 19.17
1, 0, -0.224, 0.000, 0.000, 0.000, -0.062, -0.579, 0.334, 4.104, -5.506, 1.934, 0.000, 19.04
1, 0, -0.138, 0.000, 0.000, 0.000, -0.038, -0.355, 0.318, 4.002, -5.462, 1.673, -0.000, 18.93
1, 0, -0.071, 0.000, 0.000, 0.000, -0.020, -0.183, 0.304, 3.918, -5.424, 1.476, 0.000, 18.83
1, 0, -0.026, 0.000, 0.000, 0.000, -0.007, -0.066, 0.290, 3.849, -5.166, 1.127, 0.000, 18.75
1, 1, -1.913, -0.000, 0.000, 0.000, -0.521, -4.824, 0.278, 3.859, -5.655, -18.716, -27.492, 20.00
1, 1, -1.807, -0.000, 0.000, 0.000, -0.484, -4.593, 0.337, 3.815, -5.426, 0.000, -8.158, 20.00
1, 1, -1.753, -0.000, 0.000, 0.000, -0.438, -4.099, 0.792, 3.776, -4.522, 0.000, -6.243, 20.00
1, 1, -1.696, -0.000, 0.000, 0.000, -0.413, -3.872, 0.808, 3.741, -4.298, 0.000, -5.730, 20.00
1, 1, -1.659, -0.000, 0.000, 0.000, -0.381, -3.500, 1.372, 3.708, -3.853, 0.000, -4.313, 20.00
1, 1, -1.623, -0.000, 0.000, 0.000, -0.353, -3.182, 1.764, 3.679, -3.412, 0.000, -3.127, 20.00
1, 1, -1.583, -0.000, 0.000, 0.000, -0.330, -2.965, 1.785, 3.652, -2.974, 0.000, -2.415, 20.00
1, 1, -1.543, -0.000, 0.000, 0.000, -0.311, -2.771, 1.933, 3.626, -2.756, 0.000, -1.823, 20.00
1, 1, -1.496, -0.000, 0.000, 0.000, -0.303, -2.730, 1.680, 3.859, -2.756, 0.000, -1.747, 20.00
1, 1, -1.443, -0.000, 0.000, 0.000, -0.310, -2.882, 1.062, 3.861, -3.192, 0.000, -2.905, 20.00
1, 1, -1.397, -0.000, 0.000, 0.000, -0.311, -2.926, 0.813, 3.860, -3.412, 0.000, -3.374, 20.00
1, 1, -1.357, 0.000, 0.000, 0.000, -0.313, -2.885, 0.672, 4.694, -3.632, 0.000, -2.820, 20.00
1, 1, -1.319, 0.000, 0.000, 0.000, -0.314, -2.896, 0.598, 6.866, -3.853, 0.000, -0.918, 20.00
1, 1, -1.287, 0.000, 0.000, 0.000, -0.311, -2.870, 0.540, 7.129, -3.853, 0.000, -0.652, 20.00
1, 1, -1.259, 0.000, 0.000, 0.000, -0.313, -2.886, 0.493, 7.333, -4.075, 0.000, -0.707, 20.00
1, 1, -1.235, 0.000, 0.000, 0.000, -0.315, -2.907, 0.455, 7.498, -4.298, 0.000, -0.802, 20.00
1, 0, -1.063, 0.000, 0.000, 0.000, -0.274, -2.531, 0.424, 6.051, -4.256, 1.650, 0.000, 19.89
1, 0, -0.804, 0.000, 0.000, 0.000, -0.212, -1.958, 0.397, 4.335, -4.411, 2.653, -0.000, 19.71
1, 0, -0.605, 0.000, 0.000, 0.000, -0.163, -1.507, 0.374, 4.149, -4.575, 2.327, -0.000, 19.56
1, 0, -0.448, 0.000, 0.000, 0.000, -0.124, -1.141, 0.354, 4.011, -4.746, 2.094, -0.000, 19.42
1, 0, -0.322, 0.000, 0.000, 0.000, -0.091, -0.837, 0.336, 3.903, -4.922, 1.932, -0.000, 19.29
1, 0, -0.217, 0.000, 0.000, 0.000, -0.062, -0.577, 0.320, 3.817, -5.101, 1.821, -0.000, 19.17
1, 0, -0.128, 0.000, 0.000, 0.000, -0.038, -0.348, 0.305, 3.747, -5.283, 1.745, 0.000, 19.05
1, 0, -0.052, 0.000, 0.000, 0.000, -0.015, -0.142, 0.291, 3.689, -5.467, 1.697, 0.000, 18.94
1, 1, -1.553, -0.000, 0.000, 0.000, -0.471, -4.352, 0.278, 3.709, -6.114, -15.919, -24.422, 20.00
1, 1, -1.475, -0.000, 0.000, 0.000, -0.447, -4.254, 0.338, 3.673, -6.114, 0.000, -8.279, 20.00
1, 1, -1.435, -0.000, 0.000, 0.000, -0.415, -3.927, 0.603, 3.641, -5.426, 0.000, -6.960, 20.00
1, 1, -1.408, -0.000, 0.000, 0.000, -0.388, -3.632, 0.972, 3.613, -4.972, 0.000, -5.815, 20.00
1, 1, -1.387, -0.000, 0.000, 0.000, -0.363, -3.361, 1.293, 3.587, -4.522, 0.000, -4.754, 20.00
1, 1, -1.373, -0.000, 0.000, 0.000, -0.333, -2.997, 1.855, 3.563, -3.853, 0.000, -3.138, 20.00
1, 1, -1.353, -0.000, 0.000, 0.000, -0.311, -2.775, 1.987, 3.540, -3.412, 0.000, -2.323, 20.00
1, 1, -1.332, -0.000, 0.000, 0.000, -0.290, -2.544, 2.187, 3.520, -2.974, 0.000, -1.434, 20.00
1, 1, -1.304, 0.000, 0.000, 0.000, -0.278, -2.449, 2.010, 3.757, -2.756, 0.000, -1.021, 20.00
1, 1, -1.271, 0.000, 0.000, 0.000, -0.279, -2.534, 1.486, 3.763, -2.974, 0.000, -1.808, 20.00
1, 1, -1.238, 0.000, 0.000, 0.000, -0.286, -2.662, 1.049, 3.765, -3.412, 0.000, -2.782, 20.00
1, 1, -1.206, 0.000, 0.000, 0.000, -0.289, -2.720, 0.812, 4.603, -3.632, 0.000, -2.432, 20.00
1, 1, -1.178, 0.000, 0.000, 0.000, -0.296, -2.729, 0.702, 6.779, -4.075, 0.000, -0.798, 20.00
1, 1, -1.154, 0.000, 0.000, 0.000, -0.299, -2.759, 0.627, 7.046, -4.298, 0.000, -0.838, 20.00
1, 1, -1.133, 0.000, 0.000, 0.000, -0.303, -2.794, 0.569, 7.253, -4.522, 0.000, -0.931, 20.00
1, 1, -1.117, 0.000, 0.000, 0.000, -0.307, -2.832, 0.522, 7.421, -4.747, 0.000, -1.061, 20.00
1, 0, -0.924, 0.000, 0.000, 0.000, -0.261, -2.403, 0.483, 5.977, -4.919, 2.048, -0.000, 19.86
1, 0, -0.662, 0.000, 0.000, 0.000, -0.191, -1.763, 0.450, 4.263, -5.068, 2.971, 0.000, 19.67
1, 0, -0.454, 0.000, 0.000, 0.000, -0.136, -1.250, 0.423, 4.081, -5.451, 2.786, 0.000, 19.48
1, 0, -0.291, 0.000, 0.000, 0.000, -0.089, -0.820, 0.399, 3.945, -5.615, 2.471, 0.000, 19.31
1, 0, -0.156, 0.000, 0.000, 0.000, -0.049, -0.452, 0.378, 3.840, -6.011, 2.450, 0.000, 19.15
1, 0, -0.043, 0.000, 0.000, 0.000, -0.014, -0.128, 0.359, 3.757, -6.183, 2.252, 0.000, 19.00
1, 0, 0.055, 0.000, 0.000, 0.000, 0.018, 0.166, 0.342, 3.689, -6.587, 2.318, 0.000, 18.85
1, 0, 0.141, 0.000, 0.000, 0.000, 0.047, 0.435, 0.326, 3.633, -6.763, 2.180, 0.000, 18.70
1, 1, -1.566, -0.000, 0.000, 0.000, -0.535, -4.943, 0.312, 3.655, -7.751, -19.476, -30.305, 20.00
1, 1, -1.494, -0.000, 0.000, 0.000, -0.503, -4.792, 0.388, 3.621, -7.514, 0.000, -10.295, 20.00
1, 1, -1.469, -0.000, 0.000, 0.000, -0.458, -4.304, 0.857, 3.592, -6.345, 0.000, -8.127, 20.00
1, 1, -1.458, -0.000, 0.000, 0.000, -0.412, -3.779, 1.499, 3.565, -5.199, 0.000, -5.784, 20.00
1, 1, -1.448, -0.000, 0.000, 0.000, -0.377, -3.406, 1.907, 3.541, -4.522, 0.000, -4.307, 20.00
1, 1, -1.439, -0.000, 0.000, 0.000, -0.344, -3.028, 2.379, 3.518, -3.853, 0.000, -2.767, 20.00
1, 1, -1.414, -0.000, 0.000, 0.000, -0.333, -2.982, 2.049, 3.498, -3.853, 0.000, -3.035, 20.00
1, 1, -1.392, -0.000, 0.000, 0.000, -0.316, -2.783, 2.296, 3.479, -3.632, 0.000, -2.348, 20.00
1, 1, -1.361, -0.000, 0.000, 0.000, -0.309, -2.752, 2.060, 3.717, -3.632, 0.000, -2.277, 20.00
1, 1, -1.327, 0.000, 0.000, 0.000, -0.316, -2.889, 1.552, 3.726, -4.075, 0.000, -3.331, 20.00
1, 1, -1.295, 0.000, 0.000, 0.000, -0.325, -3.033, 1.114, 3.729, -4.522, 0.000, -4.332, 20.00
1, 1, -1.266, 0.000, 0.000, 0.000, -0.333, -3.148, 0.886, 4.568, -4.972, 0.000, -4.265, 20.00
1, 1, -1.243, 0.000, 0.000, 0.000, -0.333, -3.072, 0.771, 6.746, -4.972, 0.000, -2.103, 20.00
1, 1, -1.223, 0.000, 0.000, 0.000, -0.336, -3.102, 0.693, 7.013, -5.199, 0.000, -2.155, 20.00
1, 1, -1.209, 0.000, 0.000, 0.000, -0.340, -3.137, 0.630, 7.222, -5.426, 0.000, -2.260, 20.00
1, 1, -1.198, 0.000, 0.000, 0.000, -0.344, -3.177, 0.580, 7.391, -5.655, 0.000, -2.403, 20.00
1, 0, -0.924, 0.000, 0.000, 0.000, -0.271, -2.499, 0.538, 5.949, -5.805, 3.012, -0.000, 19.80
1, 0, -0.614, 0.000, 0.000, 0.000, -0.183, -1.692, 0.503, 4.236, -5.938, 3.688, 0.000, 19.55
1, 0, -0.386, 0.000, 0.000, 0.000, -0.117, -1.081, 0.473, 4.054, -6.087, 3.144, 0.000, 19.34
1, 0, -0.222, 0.000, 0.000, 0.000, -0.068, -0.623, 0.447, 3.920, -6.019, 2.565, -0.000, 19.17
1, 0, -0.096, 0.000, 0.000, 0.000, -0.030, -0.273, 0.424, 3.816, -6.189, 2.348, -0.000, 19.02
1, 0, 0.001, 0.000, 0.000, 0.000, 0.000, 0.002, 0.403, 3.733, -6.136, 1.997, 0.000, 18.88
1, 0, 0.078, 0.000, 0.000, 0.000, 0.024, 0.225, 0.384, 3.666, -6.317, 1.939, 0.000, 18.75
1, 0, 0.148, 0.000, 0.000, 0.000, 0.046, 0.428, 0.367, 3.611, -6.500, 1.899, 0.000, 18.63
1, 1, -1.747, -0.000, 0.000, 0.000, -0.548, -5.063, 0.351, 3.634, -7.044, -20.591, -31.009, 20.00
1, 1, -1.654, -0.000, 0.000, 0.000, -0.516, -4.917, 0.371, 3.601, -7.044, 0.000, -10.158, 20.00
1, 1, -1.605, -0.000, 0.000, 0.000, -0.485, -4.605, 0.560, 3.572, -6.577, 0.000, -9.140, 20.00
1, 1, -1.574, -0.000, 0.000, 0.000, -0.454, -4.276, 0.947, 3.546, -6.114, 0.000, -7.924, 20.00
1, 1, -1.554, -0.000, 0.000, 0.000, -0.421, -3.911, 1.377, 3.523, -5.426, 0.000, -6.412, 20.00
1, 1, -1.532, -0.000, 0.000, 0.000, -0.402, -3.720, 1.490, 3.501, -5.199, 0.000, -5.861, 20.00
1, 1, -1.511, -0.000, 0.000, 0.000, -0.384, -3.545, 1.617, 3.481, -4.972, 0.000, -5.313, 20.00
1, 1, -1.491, -0.000, 0.000, 0.000, -0.363, -3.306, 1.871, 3.463, -4.522, 0.000, -4.348, 20.00
1, 1, -1.466, -0.000, 0.000, 0.000, -0.355, -3.254, 1.730, 3.702, -4.522, 0.000, -4.164, 20.00
1, 1, -1.437, -0.000, 0.000, 0.000, -0.352, -3.276, 1.326, 3.711, -4.522, 0.000, -4.550, 20.00
1, 1, -1.409, 0.000, 0.000, 0.000, -0.359, -3.394, 0.951, 3.715, -4.972, 0.000, -5.468, 20.00
1, 1, -1.383, 0.000, 0.000, 0.000, -0.362, -3.449, 0.747, 4.555, -5.199, 0.000, -5.089, 20.00
1, 1, -1.361, 0.000, 0.000, 0.000, -0.360, -3.350, 0.651, 6.733, -5.199, 0.000, -2.886, 20.00
1, 1, -1.341, 0.000, 0.000, 0.000, -0.362, -3.366, 0.587, 7.001, -5.426, 0.000, -2.908, 20.00
1, 1, -1.325, 0.000, 0.000, 0.000, -0.360, -3.347, 0.536, 7.210, -5.426, 0.000, -2.713, 20.00
1, 1, -1.312, 0.000, 0.000, 0.000, -0.363, -3.369, 0.494, 7.379, -5.655, 0.000, -2.826, 20.00
1, 0, -1.001, 0.000, 0.000, 0.000, -0.282, -2.614, 0.460, 5.938, -5.798, 3.297, -0.000, 19.78
1, 0, -0.676, 0.000, 0.000, 0.000, -0.191, -1.773, 0.431, 4.225, -5.701, 3.685, -0.000, 19.53
1, 0, -0.437, 0.000, 0.000, 0.000, -0.126, -1.165, 0.405, 4.044, -5.849, 3.127, 0.000, 19.33
1, 0, -0.256, 0.000, 0.000, 0.000, -0.075, -0.693, 0.383, 3.910, -6.008, 2.738, 0.000, 19.14
1, 0, -0.123, 0.000, 0.000, 0.000, -0.036, -0.333, 0.364, 3.806, -5.948, 2.270, 0.000, 18.99
1, 0, -0.019, 0.000, 0.000, 0.000, -0.006, -0.052, 0.346, 3.724, -6.123, 2.129, 0.000, 18.85
1, 0, 0.069, 0.000, 0.000, 0.000, 0.021, 0.193, 0.330, 3.658, -6.302, 2.031, 0.000, 18.71
1, 0, 0.140, 0.000, 0.000, 0.000, 0.042, 0.390, 0.316, 3.603, -6.255, 1.765, 0.000, 18.60
1, 1, -1.851, -0.000, 0.000, 0.000, -0.561, -5.201, 0.302, 3.626, -7.044, -21.043, -31.772, 20.00
1, 1, -1.750, -0.000, 0.000, 0.000, -0.524, -4.995, 0.343, 3.594, -6.810, 0.000, -10.143, 20.00
1, 1, -1.699, -0.000, 0.000, 0.000, -0.485, -4.587, 0.678, 3.565, -6.114, 0.000, -8.642, 20.00
1, 1, -1.661, -0.000, 0.000, 0.000, -0.453, -4.256, 0.996, 3.539, -5.655, 0.000, -7.489, 20.00
1, 1, -1.635, -0.000, 0.000, 0.000, -0.418, -3.869, 1.452, 3.516, -4.972, 0.000, -5.927, 20.00
1, 1, -1.599, -0.000, 0.000, 0.000, -0.407, -3.815, 1.133, 3.495, -4.972, 0.000, -6.166, 20.00
1, 1, -1.571, -0.000, 0.000, 0.000, -0.393, -3.656, 1.375, 3.475, -4.972, 0.000, -5.742, 20.00
1, 1, -1.546, -0.000, 0.000, 0.000, -0.371, -3.403, 1.704, 3.457, -4.522, 0.000, -4.681, 20.00
1, 1, -1.517, -0.000, 0.000, 0.000, -0.357, -3.271, 1.708, 3.696, -4.298, 0.000, -4.040, 20.00
1, 1, -1.484, -0.000, 0.000, 0.000, -0.358, -3.331, 1.318, 3.705, -4.522, 0.000, -4.671, 20.00
1, 1, -1.451, 0.000, 0.000, 0.000, -0.365, -3.463, 0.885, 3.710, -4.972, 0.000, -5.657, 20.00
1, 1, -1.424, 0.000, 0.000, 0.000, -0.364, -3.382, 0.682, 4.550, -4.972, 0.000, -4.911, 20.00
1, 1, -1.399, 0.000, 0.000, 0.000, -0.365, -3.392, 0.604, 6.728, -5.199, 0.000, -3.024, 20.00
1, 1, -1.376, 0.000, 0.000, 0.000, -0.368, -3.411, 0.543, 6.996, -5.426, 0.000, -3.042, 20.00
1, 1, -1.358, 0.000, 0.000, 0.000, -0.366, -3.394, 0.495, 7.205, -5.426, 0.000, -2.844, 20.00
1, 1, -1.342, 0.000, 0.000, 0.000, -0.369, -3.418, 0.456, 7.375, -5.655, 0.000, -2.952, 20.00
1, 0, -1.035, 0.000, 0.000, 0.000, -0.286, -2.651, 0.424, 5.933, -5.571, 3.187, 0.000, 19.79
1, 0, -0.698, 0.000, 0.000, 0.000, -0.196, -1.815, 0.396, 4.221, -5.701, 3.793, 0.000, 19.53
1, 0, -0.461, 0.000, 0.000, 0.000, -0.130, -1.204, 0.373, 4.040, -5.623, 3.005, 0.000, 19.33
1, 0, -0.284, 0.000, 0.000, 0.000, -0.081, -0.751, 0.353, 3.906, -5.783, 2.640, 0.000, 19.16
1, 0, -0.144, 0.000, 0.000, 0.000, -0.042, -0.387, 0.334, 3.803, -5.951, 2.387, 0.000, 19.00
1, 0, -0.038, 0.000, 0.000, 0.000, -0.011, -0.103, 0.318, 3.720, -5.898, 2.012, 0.000, 18.87
1, 0, 0.046, 0.000, 0.000, 0.000, 0.013, 0.125, 0.303, 3.654, -6.078, 1.937, 0.000, 18.74
1, 0, 0.114, 0.000, 0.000, 0.000, 0.034, 0.311, 0.290, 3.600, -6.034, 1.686, 0.000, 18.62
1, 1, -1.864, -0.000, 0.000, 0.000, -0.555, -5.143, 0.277, 4.392, -6.810, -20.646, -30.348, 20.00
1, 1, -1.761, -0.000, 0.000, 0.000, -0.518, -4.936, 0.319, 4.436, -6.577, 0.000, -9.037, 20.00
1, 1, -1.704, -0.000, 0.000, 0.000, -0.484, -4.597, 0.563, 4.466, -6.114, 0.000, -7.870, 20.00
1, 1, -1.662, -0.000, 0.000, 0.000, -0.455, -4.301, 0.764, 4.488, -5.655, 0.000, -6.819, 20.00
1, 1, -1.634, -0.000, 0.000, 0.000, -0.424, -3.937, 1.340, 4.504, -5.199, 0.000, -5.349, 20.00
1, 1, -1.610, -0.000, 0.000, 0.000, -0.393, -3.608, 1.630, 4.517, -4.522, 0.000, -3.986, 20.00
1, 1, -1.585, -0.000, 0.000, 0.000, -0.369, -3.353, 1.825, 4.527, -4.075, 0.000, -3.030, 20.00
1, 1, -1.551, -0.000, 0.000, 0.000, -0.359, -3.302, 1.579, 4.535, -4.075, 0.000, -3.174, 20.00
1, 1, -1.518, -0.000, 0.000, 0.000, -0.350, -3.226, 1.521, 4.541, -4.075, 0.000, -3.108, 20.00
1, 1, -1.483, -0.000, 0.000, 0.000, -0.344, -3.177, 1.410, 4.546, -4.075, 0.000, -3.124, 20.00
1, 1, -1.445, -0.000, 0.000, 0.000, -0.351, -3.320, 0.911, 4.550, -4.522, 0.000, -4.177, 20.00
1, 1, -1.414, 0.000, 0.000, 0.000, -0.354, -3.287, 0.690, 5.392, -4.747, 0.000, -3.721, 20.00
1, 1, -1.385, 0.000, 0.000, 0.000, -0.352, -3.260, 0.609, 7.574, -4.747, 0.000, -1.561, 20.00
1, 1, -1.360, 0.000, 0.000, 0.000, -0.353, -3.274, 0.547, 7.846, -4.972, 0.000, -1.566, 20.00
1, 1, -1.338, 0.000, 0.000, 0.000, -0.356, -3.295, 0.497, 8.060, -5.199, 0.000, -1.631, 20.00
1, 1, -1.320, 0.000, 0.000, 0.000, -0.359, -3.322, 0.457, 8.235, -5.426, 0.000, -1.735, 20.00
1, 0, -1.059, 0.000, 0.000, 0.000, -0.290, -2.687, 0.424, 6.286, -5.356, 2.682, -0.000, 19.82
1, 0, -0.747, 0.000, 0.000, 0.000, -0.208, -1.929, 0.396, 4.529, -5.494, 3.454, -0.000, 19.59
1, 0, -0.513, 0.000, 0.000, 0.000, -0.146, -1.349, 0.373, 4.315, -5.646, 2.967, 0.000, 19.39
1, 0, -0.334, 0.000, 0.000, 0.000, -0.096, -0.892, 0.352, 4.155, -5.807, 2.622, -0.000, 19.22
1, 0, -0.192, 0.000, 0.000, 0.000, -0.056, -0.521, 0.334, 4.030, -5.975, 2.380, 0.000, 19.06
1, 0, -0.084, 0.000, 0.000, 0.000, -0.025, -0.229, 0.317, 3.931, -5.922, 2.012, 0.000, 18.93
1, 0, 0.002, 0.000, 0.000, 0.000, 0.001, 0.006, 0.302, 3.850, -6.102, 1.941, 0.000, 18.80
1, 0, 0.078, 0.000, 0.000, 0.000, 0.024, 0.218, 0.289, 3.783, -6.284, 1.892, 0.000, 18.67
1, 1, -1.797, -0.000, 0.000, 0.000, -0.550, -5.091, 0.276, 4.566, -7.044, -19.949, -29.588, 20.00
1, 1, -1.699, -0.000, 0.000, 0.000, -0.520, -4.958, 0.300, 4.600, -7.044, 0.000, -9.321, 20.00
1, 1, -1.647, -0.000, 0.000, 0.000, -0.489, -4.651, 0.509, 4.622, -6.577, 0.000, -8.232, 20.00
1, 1, -1.608, -0.000, 0.000, 0.000, -0.467, -4.442, 0.610, 4.636, -6.345, 0.000, -7.615, 20.00
1, 1, -1.585, -0.000, 0.000, 0.000, -0.439, -4.122, 1.096, 4.646, -5.884, 0.000, -6.287, 20.00
1, 1, -1.559, -0.000, 0.000, 0.000, -0.424, -3.997, 0.985, 4.652, -5.655, 0.000, -5.997, 20.00
1, 1, -1.536, -0.000, 0.000, 0.000, -0.414, -3.926, 0.909, 4.656, -5.655, 0.000, -5.965, 20.00
1, 1, -1.519, -0.000, 0.000, 0.000, -0.397, -3.713, 1.318, 4.659, -5.426, 0.000, -5.078, 20.00
1, 1, -1.498, -0.000, 0.000, 0.000, -0.390, -3.659, 1.259, 4.660, -5.426, 0.000, -5.055, 20.00
1, 1, -1.476, -0.000, 0.000, 0.000, -0.389, -3.703, 0.826, 4.660, -5.426, 0.000, -5.507, 20.00
1, 1, -1.455, 0.000, 0.000, 0.000, -0.391, -3.749, 0.610, 4.660, -5.655, 0.000, -5.980, 20.00
1, 1, -1.438, 0.000, 0.000, 0.000, -0.393, -3.682, 0.498, 5.497, -5.884, 0.000, -5.402, 20.00
1, 1, -1.421, 0.000, 0.000, 0.000, -0.395, -3.695, 0.446, 7.675, -6.114, 0.000, -3.505, 20.00
1, 1, -1.407, 0.000, 0.000, 0.000, -0.393, -3.674, 0.405, 7.943, -6.114, 0.000, -3.241, 20.00
1, 1, -1.396, 0.000, 0.000, 0.000, -0.396, -3.696, 0.372, 8.153, -6.345, 0.000, -3.308, 20.00
1, 1, -1.387, 0.000, 0.000, 0.000, -0.395, -3.682, 0.344, 8.325, -6.345, 0.000, -3.140, 20.00
1, 0, -1.031, 0.000, 0.000, 0.000, -0.298, -2.772, 0.322, 6.373, -6.475, 3.882, -0.000, 19.74
1, 0, -0.677, 0.000, 0.000, 0.000, -0.196, -1.822, 0.302, 4.612, -6.366, 4.146, -0.000, 19.46
1, 0, -0.417, 0.000, 0.000, 0.000, -0.122, -1.136, 0.285, 4.394, -6.506, 3.502, -0.000, 19.23
1, 0, -0.230, 0.000, 0.000, 0.000, -0.067, -0.625, 0.270, 4.231, -6.431, 2.852, -0.000, 19.04
1, 0, -0.086, 0.000, 0.000, 0.000, -0.026, -0.237, 0.257, 4.104, -6.596, 2.584, -0.000, 18.87
1, 0, 0.024, 0.000, 0.000, 0.000, 0.007, 0.065, 0.245, 4.002, -6.538, 2.195, -0.000, 18.72
1, 0, 0.111, 0.000, 0.000, 0.000, 0.033, 0.309, 0.234, 3.918, -6.716, 2.110, -0.000, 18.58
1, 0, 0.183, 0.000, 0.000, 0.000, 0.055, 0.508, 0.223, 3.849, -6.667, 1.848, 0.000, 18.46
1, 1, -2.012, -0.000, 0.000, 0.000, -0.606, -5.628, 0.214, 3.859, -7.514, -23.119, -34.807, 20.00
1, 1, -1.900, -0.000, 0.000, 0.000, -0.565, -5.397, 0.259, 3.815, -7.279, 0.000, -11.067, 20.00
1, 1, -1.839, -0.000, 0.000, 0.000, -0.528, -5.017, 0.581, 3.776, -6.810, 0.000, -9.837, 20.00
1, 1, -1.802, -0.000, 0.000, 0.000, -0.484, -4.547, 1.037, 3.741, -5.884, 0.000, -7.940, 20.00
1, 1, -1.769, -0.000, 0.000, 0.000, -0.453, -4.217, 1.362, 3.708, -5.426, 0.000, -6.795, 20.00
1, 1, -1.739, -0.000, 0.000, 0.000, -0.426, -3.948, 1.515, 3.679, -4.972, 0.000, -5.891, 20.00
1, 1, -1.708, -0.000, 0.000, 0.000, -0.406, -3.727, 1.724, 3.652, -4.747, 0.000, -5.212, 20.00
1, 1, -1.677, -0.000, 0.000, 0.000, -0.388, -3.529, 1.912, 3.626, -4.522, 0.000, -4.578, 20.00
1, 1, -1.642, -0.000, 0.000, 0.000, -0.373, -3.396, 1.877, 3.859, -4.298, 0.000, -3.974, 20.00
1, 1, -1.602, -0.000, 0.000, 0.000, -0.369, -3.418, 1.409, 3.861, -4.298, 0.000, -4.417, 20.00
1, 1, -1.562, -0.000, 0.000, 0.000, -0.375, -3.539, 0.964, 3.860, -4.747, 0.000, -5.398, 20.00
1, 1, -1.525, -0.000, 0.000, 0.000, -0.376, -3.587, 0.735, 4.694, -4.972, 0.000, -5.032, 20.00
1, 1, -1.494, 0.000, 0.000, 0.000, -0.378, -3.525, 0.631, 6.866, -5.199, 0.000, -3.098, 20.00
1, 1, -1.466, 0.000, 0.000, 0.000, -0.380, -3.538, 0.563, 7.129, -5.426, 0.000, -3.119, 20.00
1, 1, -1.441, 0.000, 0.000, 0.000, -0.383, -3.558, 0.509, 7.333, -5.655, 0.000, -3.196, 20.00
1, 1, -1.421, 0.000, 0.000, 0.000, -0.386, -3.584, 0.465, 7.498, -5.884, 0.000, -3.312, 20.00
1, 0, -1.067, 0.000, 0.000, 0.000, -0.296, -2.745, 0.430, 6.051, -6.018, 3.645, 0.000, 19.76
1, 0, -0.700, 0.000, 0.000, 0.000, -0.198, -1.835, 0.400, 4.335, -6.141, 4.139, 0.000, 19.48
1, 0, -0.434, 0.000, 0.000, 0.000, -0.125, -1.158, 0.375, 4.149, -6.281, 3.473, 0.000, 19.25
1, 0, -0.235, 0.000, 0.000, 0.000, -0.069, -0.638, 0.353, 4.011, -6.434, 3.012, -0.000, 19.05
1, 0, -0.082, 0.000, 0.000, 0.000, -0.024, -0.227, 0.334, 3.903, -6.596, 2.691, 0.000, 18.87
1, 0, 0.039, 0.000, 0.000, 0.000, 0.012, 0.110, 0.317, 3.817, -6.764, 2.468, -0.000, 18.70
1, 0, 0.139, 0.000, 0.000, 0.000, 0.042, 0.393, 0.302, 3.747, -6.938, 2.314, 0.000, 18.55
1, 0, 0.223, 0.000, 0.000, 0.000, 0.069, 0.639, 0.288, 3.689, -7.115, 2.207, -0.000, 18.40
1, 1, -2.000, -0.000, 0.000, 0.000, -0.625, -5.796, 0.275, 3.709, -7.989, -23.949, -36.375, 20.00
1, 1, -1.886, -0.000, 0.000, 0.000, -0.588, -5.627, 0.299, 3.673, -7.989, 0.000, -12.117, 20.00
1, 1, -1.831, -0.000, 0.000, 0.000, -0.547, -5.203, 0.643, 3.641, -7.279, 0.000, -10.576, 20.00
1, 1, -1.798, -0.000, 0.000, 0.000, -0.508, -4.762, 1.176, 3.613, -6.577, 0.000, -8.856, 20.00
1, 1, -1.768, -0.000, 0.000, 0.000, -0.478, -4.461, 1.410, 3.587, -6.114, 0.000, -7.825, 20.00
1, 1, -1.735, -0.000, 0.000, 0.000, -0.465, -4.373, 1.219, 3.563, -6.114, 0.000, -7.906, 20.00
1, 1, -1.712, -0.000, 0.000, 0.000, -0.444, -4.124, 1.631, 3.540, -5.884, 0.000, -6.994, 20.00
1, 1, -1.687, -0.000, 0.000, 0.000, -0.428, -3.967, 1.708, 3.520, -5.655, 0.000, -6.509, 20.00
1, 1, -1.656, -0.000, 0.000, 0.000, -0.423, -3.971, 1.334, 3.757, -5.655, 0.000, -6.615, 20.00
1, 1, -1.625, -0.000, 0.000, 0.000, -0.428, -4.066, 1.020, 3.763, -6.114, 0.000, -7.450, 20.00
1, 1, -1.596, -0.000, 0.000, 0.000, -0.431, -4.133, 0.736, 3.765, -6.345, 0.000, -8.004, 20.00
1, 1, -1.574, -0.000, 0.000, 0.000, -0.434, -4.061, 0.607, 4.603, -6.577, 0.000, -7.436, 20.00
1, 1, -1.554, 0.000, 0.000, 0.000, -0.436, -4.075, 0.542, 6.779, -6.810, 0.000, -5.554, 20.00
1, 1, -1.537, 0.000, 0.000, 0.000, -0.435, -4.054, 0.490, 7.046, -6.810, 0.000, -5.300, 20.00
1, 1, -1.525, 0.000, 0.000, 0.000, -0.433, -4.034, 0.449, 7.253, -6.810, 0.000, -5.100, 20.00
1, 1, -1.515, 0.000, 0.000, 0.000, -0.435, -4.055, 0.416, 7.421, -7.044, 0.000, -5.213, 20.00
1, 0, -1.070, 0.000, 0.000, 0.000, -0.308, -2.868, 0.387, 5.977, -6.917, 4.798, 0.000, 19.68
1, 0, -0.648, 0.000, 0.000, 0.000, -0.189, -1.755, 0.363, 4.263, -7.020, 4.984, -0.000, 19.35
1, 0, -0.355, 0.000, 0.000, 0.000, -0.103, -0.962, 0.343, 4.081, -6.916, 3.913, -0.000, 19.09
1, 0, -0.149, 0.000, 0.000, 0.000, -0.043, -0.404, 0.324, 3.945, -6.832, 3.160, 0.000, 18.88
1, 0, 0.005, 0.000, 0.000, 0.000, 0.001, 0.013, 0.308, 3.840, -6.992, 2.825, -0.000, 18.69
1, 0, 0.122, 0.000, 0.000, 0.000, 0.036, 0.332, 0.293, 3.757, -6.929, 2.389, 0.000, 18.53
1, 0, 0.208, 0.000, 0.000, 0.000, 0.061, 0.566, 0.280, 3.689, -6.874, 2.071, -0.000, 18.39
1, 0, 0.272, 0.000, 0.000, 0.000, 0.080, 0.739, 0.268, 3.633, -6.825, 1.834, -0.000, 18.27
1, 1, -2.237, -0.000, 0.000, 0.000, -0.659, -6.123, 0.256, 3.655, -7.751, -25.972, -38.831, 20.00
1, 1, -2.104, -0.000, 0.000, 0.000, -0.612, -5.847, 0.299, 3.621, -7.514, 0.000, -12.157, 20.00
1, 1, -2.029, -0.000, 0.000, 0.000, -0.572, -5.444, 0.557, 3.592, -7.044, 0.000, -10.939, 20.00
1, 1, -1.991, -0.000, 0.000, 0.000, -0.519, -4.843, 1.221, 3.565, -5.884, 0.000, -8.451, 20.00
1, 1, -1.968, -0.000, 0.000, 0.000, -0.467, -4.232, 1.983, 3.541, -4.747, 0.000, -5.890, 20.00
1, 1, -1.946, -0.000, 0.000, 0.000, -0.419, -3.701, 2.421, 3.518, -3.632, 0.000, -3.758, 20.00
1, 1, -1.912, -0.000, 0.000, 0.000, -0.384, -3.353, 2.495, 3.498, -2.974, 0.000, -2.631, 20.00
1, 1, -1.865, -0.000, 0.000, 0.000, -0.363, -3.163, 2.392, 3.479, -2.756, 0.000, -2.277, 20.00
1, 1, -1.809, -0.000, 0.000, 0.000, -0.350, -3.083, 2.131, 3.717, -2.756, 0.000, -2.149, 20.00
1, 1, -1.743, -0.000, 0.000, 0.000, -0.350, -3.170, 1.664, 3.726, -3.192, 0.000, -3.066, 20.00
1, 1, -1.676, -0.000, 0.000, 0.000, -0.360, -3.339, 1.177, 3.729, -3.853, 0.000, -4.321, 20.00
1, 1, -1.618, -0.000, 0.000, 0.000, -0.361, -3.392, 0.909, 4.568, -4.075, 0.000, -3.969, 20.00
1, 1, -1.570, -0.000, 0.000, 0.000, -0.362, -3.338, 0.785, 6.746, -4.298, 0.000, -2.037, 20.00
1, 1, -1.525, -0.000, 0.000, 0.000, -0.363, -3.349, 0.701, 7.013, -4.522, 0.000, -2.045, 20.00
1, 1, -1.488, -0.000, 0.000, 0.000, -0.360, -3.322, 0.635, 7.222, -4.522, 0.000, -1.835, 20.00
1, 1, -1.455, 0.000, 0.000, 0.000, -0.362, -3.336, 0.581, 7.391, -4.747, 0.000, -1.927, 20.00
1, 0, -1.169, 0.000, 0.000, 0.000, -0.298, -2.749, 0.538, 5.949, -4.904, 2.634, -0.000, 19.82
1, 0, -0.836, 0.000, 0.000, 0.000, -0.218, -2.015, 0.501, 4.236, -5.043, 3.375, -0.000, 19.60
1, 0, -0.590, 0.000, 0.000, 0.000, -0.158, -1.454, 0.470, 4.054, -5.195, 2.873, 0.000, 19.41
1, 0, -0.403, 0.000, 0.000, 0.000, -0.110, -1.015, 0.443, 3.920, -5.357, 2.522, -0.000, 19.24
1, 0, -0.256, 0.000, 0.000, 0.000, -0.071, -0.659, 0.419, 3.816, -5.526, 2.278, 0.000, 19.09
1, 0, -0.130, 0.000, 0.000, 0.000, -0.037, -0.345, 0.398, 3.733, -5.925, 2.306, 0.000, 18.93
1, 0, -0.022, 0.000, 0.000, 0.000, -0.007, -0.060, 0.379, 3.666, -6.100, 2.143, 0.000, 18.79
1, 0, 0.067, 0.000, 0.000, 0.000, 0.020, 0.185, 0.362, 3.611, -6.278, 2.032, 0.000, 18.66
1, 1, -1.850, -0.000, 0.000, 0.000, -0.561, -5.184, 0.346, 3.634, -7.044, -20.163, -30.822, 20.00
1, 1, -1.746, -0.000, 0.000, 0.000, -0.531, -5.059, 0.349, 3.601, -7.044, 0.000, -10.429, 20.00
1, 1, -1.684, -0.000, 0.000, 0.000, -0.511, -4.876, 0.427, 3.572, -7.044, 0.000, -10.115, 20.00
1, 1, -1.644, -0.000, 0.000, 0.000, -0.489, -4.665, 0.592, 3.546, -6.810, 0.000, -9.470, 20.00
1, 1, -1.614, -0.000, 0.000, 0.000, -0.471, -4.485, 0.708, 3.523, -6.577, 0.000, -8.916, 20.00
1, 1, -1.592, -0.000, 0.000, 0.000, -0.455, -4.335, 0.760, 3.501, -6.345, 0.000, -8.466, 20.00
1, 1, -1.579, -0.000, 0.000, 0.000, -0.436, -4.093, 1.253, 3.481, -6.114, 0.000, -7.487, 20.00
1, 1, -1.561, -0.000, 0.000, 0.000, -0.425, -4.015, 1.077, 3.463, -5.884, 0.000, -7.344, 20.00
1, 1, -1.545, -0.000, 0.000, 0.000, -0.416, -3.923, 1.178, 3.702, -5.884, 0.000, -6.888, 20.00
1, 1, -1.527, -0.000, 0.000, 0.000, -0.412, -3.916, 0.964, 3.711, -5.884, 0.000, -7.064, 20.00
1, 1, -1.509, -0.000, 0.000, 0.000, -0.415, -3.982, 0.662, 3.715, -6.114, 0.000, -7.642, 20.00
1, 1, -1.495, 0.000, 0.000, 0.000, -0.413, -3.873, 0.521, 4.555, -6.114, 0.000, -6.819, 20.00
1, 1, -1.480, 0.000, 0.000, 0.000, -0.410, -3.835, 0.467, 6.733, -6.114, 0.000, -4.639, 20.00
1, 1, -1.468, 0.000, 0.000, 0.000, -0.407, -3.802, 0.425, 7.001, -6.114, 0.000, -4.364, 20.00
1, 1, -1.457, 0.000, 0.000, 0.000, -0.409, -3.813, 0.392, 7.210, -6.345, 0.000, -4.423, 20.00
1, 1, -1.448, 0.000, 0.000, 0.000, -0.407, -3.792, 0.364, 7.379, -6.345, 0.000, -4.248, 20.00
1, 0, -1.061, 0.000, 0.000, 0.000, -0.298, -2.779, 0.340, 5.938, -6.237, 4.098, 0.000, 19.73
1, 0, -0.687, 0.000, 0.000, 0.000, -0.193, -1.798, 0.320, 4.225, -6.126, 4.259, 0.000, 19.44
1, 0, -0.427, 0.000, 0.000, 0.000, -0.120, -1.115, 0.303, 4.044, -6.038, 3.353, 0.000, 19.22
1, 0, -0.242, 0.000, 0.000, 0.000, -0.068, -0.632, 0.287, 3.910, -5.966, 2.712, -0.000, 19.04
1, 0, -0.110, 0.000, 0.000, 0.000, -0.031, -0.285, 0.273, 3.806, -5.907, 2.253, -0.000, 18.89
1, 0, -0.012, 0.000, 0.000, 0.000, -0.003, -0.031, 0.260, 3.724, -5.857, 1.919, -0.000, 18.76
1, 0, 0.060, 0.000, 0.000, 0.000, 0.017, 0.157, 0.249, 3.658, -5.813, 1.673, -0.000, 18.65
1, 0, 0.115, 0.000, 0.000, 0.000, 0.032, 0.299, 0.238, 3.603, -5.774, 1.487, -0.000, 18.55
1, 1, -2.058, -0.000, 0.000, 0.000, -0.567, -5.263, 0.228, 3.626, -6.114, -21.755, -31.903, 20.00
1, 1, -1.942, -0.000, 0.000, 0.000, -0.533, -4.949, 0.218, 3.594, -6.114, 0.000, -9.727, 20.00
1, 1, -1.863, -0.000, 0.000, 0.000, -0.494, -4.663, 0.528, 3.565, -5.655, 0.000, -8.582, 20.00
1, 1, -1.808, -0.000, 0.000, 0.000, -0.462, -4.347, 0.727, 3.539, -5.199, 0.000, -7.549, 20.00
1, 1, -1.766, -0.000, 0.000, 0.000, -0.430, -4.009, 1.117, 3.516, -4.747, 0.000, -6.319, 20.00
1, 1, -1.727, -0.000, 0.000, 0.000, -0.404, -3.737, 1.305, 3.495, -4.298, 0.000, -5.367, 20.00
1, 1, -1.691, -0.000, 0.000, 0.000, -0.382, -3.492, 1.627, 3.475, -4.075, 0.000, -4.539, 20.00
1, 1, -1.656, -0.000, 0.000, 0.000, -0.359, -3.246, 1.817, 3.457, -3.632, 0.000, -3.620, 20.00
1, 1, -1.613, -0.000, 0.000, 0.000, -0.350, -3.193, 1.604, 3.696, -3.632, 0.000, -3.487, 20.00
1, 1, -1.568, -0.000, 0.000, 0.000, -0.344, -3.189, 1.253, 3.705, -3.632, 0.000, -3.775, 20.00
1, 1, -1.522, -0.000, 0.000, 0.000, -0.350, -3.308, 0.813, 3.710, -4.075, 0.000, -4.733, 20.00
1, 1, -1.484, -0.000, 0.000, 0.000, -0.347, -3.219, 0.640, 4.550, -4.075, 0.000, -3.936, 20.00
1, 1, -1.447, 0.000, 0.000, 0.000, -0.347, -3.218, 0.563, 6.728, -4.298, 0.000, -2.020, 20.00
1, 1, -1.414, 0.000, 0.000, 0.000, -0.344, -3.184, 0.504, 6.996, -4.298, 0.000, -1.741, 20.00
1, 1, -1.386, 0.000, 0.000, 0.000, -0.340, -3.150, 0.457, 7.205, -4.298, 0.000, -1.512, 20.00
1, 1, -1.360, 0.000, 0.000, 0.000, -0.337, -3.117, 0.419, 7.375, -4.298, 0.000, -1.319, 20.00
1, 0, -1.127, 0.000, 0.000, 0.000, -0.285, -2.635, 0.388, 5.933, -4.465, 2.190, -0.000, 19.85
1, 0, -0.842, 0.000, 0.000, 0.000, -0.214, -1.982, 0.362, 4.221, -4.392, 2.846, 0.000, 19.66
1, 0, -0.639, 0.000, 0.000, 0.000, -0.163, -1.513, 0.340, 4.040, -4.333, 2.268, 0.000, 19.51
1, 0, -0.480, 0.000, 0.000, 0.000, -0.125, -1.159, 0.321, 3.906, -4.505, 2.042, -0.000, 19.38
1, 0, -0.362, 0.000, 0.000, 0.000, -0.095, -0.878, 0.304, 3.803, -4.461, 1.690, -0.000, 19.26
1, 0, -0.275, 0.000, 0.000, 0.000, -0.072, -0.669, 0.289, 3.720, -4.424, 1.431, 0.000, 19.17
1, 0, -0.200, 0.000, 0.000, 0.000, -0.054, -0.496, 0.275, 3.654, -4.612, 1.433, 0.000, 19.07
1, 0, -0.139, 0.000, 0.000, 0.000, -0.037, -0.347, 0.262, 3.600, -4.580, 1.241, 0.000, 18.99
1, 1, -1.667, -0.000, 0.000, 0.000, -0.456, -4.218, 0.251, 4.392, -5.199, -15.141, -22.037, 20.00
1, 1, -1.580, -0.000, 0.000, 0.000, -0.434, -4.014, 0.240, 4.436, -5.199, 0.000, -6.551, 20.00
1, 1, -1.515, -0.000, 0.000, 0.000, -0.411, -3.899, 0.301, 4.466, -4.972, 0.000, -6.030, 20.00
1, 1, -1.469, -0.000, 0.000, 0.000, -0.397, -3.776, 0.357, 4.488, -4.972, 0.000, -5.769, 20.00
1, 1, -1.434, -0.000, 0.000, 0.000, -0.381, -3.622, 0.437, 4.504, -4.747, 0.000, -5.242, 20.00
1, 1, -1.404, -0.000, 0.000, 0.000, -0.371, -3.535, 0.473, 4.517, -4.747, 0.000, -5.067, 20.00
1, 1, -1.379, -0.000, 0.000, 0.000, -0.363, -3.461, 0.506, 4.527, -4.747, 0.000, -4.917, 20.00
1, 1, -1.356, -0.000, 0.000, 0.000, -0.356, -3.399, 0.539, 4.535, -4.747, 0.000, -4.785, 20.00
1, 1, -1.337, 0.000, 0.000, 0.000, -0.346, -3.302, 0.553, 4.541, -4.522, 0.000, -4.413, 20.00
1, 1, -1.317, 0.000, 0.000, 0.000, -0.347, -3.329, 0.421, 4.546, -4.747, 0.000, -4.772, 20.00
1, 1, -1.299, 0.000, 0.000, 0.000, -0.344, -3.317, 0.318, 4.550, -4.747, 0.000, -4.840, 20.00
1, 1, -1.285, 0.000, 0.000, 0.000, -0.341, -3.208, 0.274, 5.392, -4.747, 0.000, -3.914, 20.00
1, 1, -1.270, 0.000, 0.000, 0.000, -0.338, -3.170, 0.252, 7.574, -4.747, 0.000, -1.700, 20.00
1, 1, -1.257, 0.000, 0.000, 0.000, -0.340, -3.178, 0.233, 7.846, -4.972, 0.000, -1.668, 20.00
1, 1, -1.245, 0.000, 0.000, 0.000, -0.338, -3.154, 0.218, 8.060, -4.972, 0.000, -1.431, 20.00
1, 1, -1.235, 0.000, 0.000, 0.000, -0.335, -3.130, 0.205, 8.235, -4.972, 0.000, -1.233, 20.00
1, 0, -1.016, 0.000, 0.000, 0.000, -0.277, -2.578, 0.193, 6.286, -4.913, 2.304, -0.000, 19.85
1, 0, -0.746, 0.000, 0.000, 0.000, -0.203, -1.891, 0.183, 4.529, -4.836, 2.963, -0.000, 19.65
1, 0, -0.551, 0.000, 0.000, 0.000, -0.150, -1.398, 0.174, 4.315, -4.774, 2.384, -0.000, 19.49
1, 0, -0.409, 0.000, 0.000, 0.000, -0.111, -1.037, 0.166, 4.155, -4.723, 1.960, 0.000, 19.36
1, 0, -0.304, 0.000, 0.000, 0.000, -0.083, -0.771, 0.159, 4.030, -4.680, 1.649, 0.000, 19.25
1, 0, -0.225, 0.000, 0.000, 0.000, -0.061, -0.570, 0.152, 3.931, -4.643, 1.417, 0.000, 19.15
1, 0, -0.165, 0.000, 0.000, 0.000, -0.045, -0.417, 0.145, 3.850, -4.611, 1.242, 0.000, 19.07
1, 0, -0.118, 0.000, 0.000, 0.000, -0.032, -0.298, 0.139, 3.783, -4.583, 1.108, 0.000, 19.00
1, 1, -1.623, -0.000, 0.000, 0.000, -0.441, -4.097, 0.134, 4.566, -4.972, -15.028, -21.463, 20.00
1, 1, -1.540, -0.000, 0.000, 0.000, -0.418, -3.885, 0.128, 4.600, -4.972, 0.000, -6.088, 20.00
1, 1, -1.487, -0.000, 0.000, 0.000, -0.383, -3.596, 0.484, 4.622, -4.298, 0.000, -4.658, 20.00
1, 1, -1.450, -0.000, 0.000, 0.000, -0.349, -3.238, 0.874, 4.636, -3.632, 0.000, -3.159, 20.00
1, 1, -1.421, -0.000, 0.000, 0.000, -0.316, -2.867, 1.343, 4.646, -2.974, 0.000, -1.589, 20.00
1, 1, -1.388, -0.000, 0.000, 0.000, -0.292, -2.631, 1.456, 4.652, -2.539, 0.000, -0.742, 20.00
1, 0, -1.355, -0.000, 0.000, 0.000, -0.273, -2.415, 1.716, 4.656, -2.323, -0.007, 0.000, 20.00
1, 0, -1.411, -0.000, 0.000, 0.000, -0.269, -2.341, 1.876, 4.659, -1.909, -0.606, 0.000, 20.04
1, 0, -1.415, -0.000, 0.000, 0.000, -0.269, -2.372, 1.674, 4.660, -1.918, -0.360, -0.000, 20.06
1, 0, -1.376, -0.000, 0.000, 0.000, -0.265, -2.372, 1.377, 4.660, -1.920, -0.104, 0.000, 20.07
1, 0, -1.230, 0.000, 0.000, 0.000, -0.253, -2.338, 0.885, 4.660, -2.335, 0.611, 0.000, 20.03
1, 0, -1.149, 0.000, 0.000, 0.000, -0.251, -2.296, 0.657, 5.497, -2.760, 0.303, 0.000, 20.01
1, 0, -1.256, -0.000, 0.000, 0.000, -0.286, -2.618, 0.571, 7.675, -3.005, -1.080, 0.000, 20.08
1, 0, -1.307, -0.000, 0.000, 0.000, -0.309, -2.836, 0.506, 7.943, -3.243, -0.754, 0.000, 20.13
1, 0, -1.322, -0.000, 0.000, 0.000, -0.325, -2.980, 0.455, 8.153, -3.476, -0.506, 0.000, 20.17
1, 0, -1.315, -0.000, 0.000, 0.000, -0.334, -3.069, 0.414, 8.325, -3.704, -0.317, 0.000, 20.19
1, 0, -1.145, 0.000, 0.000, 0.000, -0.300, -2.762, 0.381, 6.373, -3.891, 1.345, -0.000, 20.10
1, 0, -0.888, 0.000, 0.000, 0.000, -0.240, -2.208, 0.354, 4.612, -4.051, 2.421, 0.000, 19.94
1, 0, -0.676, 0.000, 0.000, 0.000, -0.191, -1.757, 0.331, 4.394, -4.437, 2.336, 0.000, 19.78
1, 0, -0.499, 0.000, 0.000, 0.000, -0.147, -1.354, 0.311, 4.231, -4.828, 2.286, 0.000, 19.63
1, 0, -0.359, 0.000, 0.000, 0.000, -0.109, -1.001, 0.294, 4.104, -5.000, 2.072, -0.000, 19.49
1, 0, -0.238, 0.000, 0.000, 0.000, -0.075, -0.689, 0.279, 4.002, -5.400, 2.121, -0.000, 19.35
1, 0, -0.128, 0.000, 0.000, 0.000, -0.042, -0.385, 0.265, 3.918, -5.801, 2.173, 0.000, 19.20
1, 0, -0.035, 0.000, 0.000, 0.000, -0.012, -0.107, 0.252, 3.849, -5.978, 2.031, 0.000, 19.07
1, 1, -1.253, -0.000, 0.000, 0.000, -0.428, -3.947, 0.241, 3.859, -6.810, -13.966, -22.303, 20.00
1, 1, -1.211, -0.000, 0.000, 0.000, -0.414, -3.822, 0.230, 3.815, -6.810, 0.000, -8.211, 20.00
1, 1, -1.188, -0.000, 0.000, 0.000, -0.391, -3.687, 0.546, 3.776, -6.345, 0.000, -7.289, 20.00
1, 1, -1.181, -0.000, 0.000, 0.000, -0.353, -3.242, 1.236, 3.741, -5.199, 0.000, -4.998, 20.00
1, 1, -1.177, 0.000, 0.000, 0.000, -0.324, -2.935, 1.647, 3.708, -4.522, 0.000, -3.603, 20.00
1, 1, -1.172, 0.000, 0.000, 0.000, -0.298, -2.646, 1.974, 3.679, -3.853, 0.000, -2.315, 20.00
1, 1, -1.164, 0.000, 0.000, 0.000, -0.282, -2.483, 2.128, 3.652, -3.632, 0.000, -1.781, 20.00
1, 1, -1.150, 0.000, 0.000, 0.000, -0.270, -2.389, 2.025, 3.626, -3.412, 0.000, -1.571, 20.00
1, 1, -1.134, 0.000, 0.000, 0.000, -0.272, -2.451, 1.661, 3.859, -3.632, 0.000, -1.969, 20.00
1, 1, -1.117, 0.000, 0.000, 0.000, -0.279, -2.569, 1.325, 3.861, -4.075, 0.000, -2.854, 20.00
1, 1, -1.100, 0.000, 0.000, 0.000, -0.290, -2.723, 0.916, 3.860, -4.522, 0.000, -3.859, 20.00
1, 1, -1.082, 0.000, 0.000, 0.000, -0.295, -2.714, 0.732, 4.694, -4.747, 0.000, -3.413, 20.00
1, 1, -1.068, 0.000, 0.000, 0.000, -0.295, -2.715, 0.646, 6.866, -4.747, 0.000, -1.312, 20.00
1, 1, -1.058, 0.000, 0.000, 0.000, -0.299, -2.754, 0.580, 7.129, -4.972, 0.000, -1.375, 20.00
1, 1, -1.050, 0.000, 0.000, 0.000, -0.300, -2.757, 0.528, 7.333, -4.972, 0.000, -1.218, 20.00
1, 1, -1.046, 0.000, 0.000, 0.000, -0.304, -2.798, 0.485, 7.498, -5.199, 0.000, -1.364, 20.00
1, 0, -0.865, 0.000, 0.000, 0.000, -0.252, -2.323, 0.450, 6.051, -5.145, 2.083, -0.000, 19.86
1, 0, -0.613, 0.000, 0.000, 0.000, -0.182, -1.672, 0.420, 4.335, -5.294, 3.005, 0.000, 19.66
1, 0, -0.432, 0.000, 0.000, 0.000, -0.128, -1.181, 0.395, 4.149, -5.230, 2.428, 0.000, 19.50
1, 0, -0.302, 0.000, 0.000, 0.000, -0.089, -0.824, 0.373, 4.011, -5.178, 2.009, -0.000, 19.36
1, 0, -0.205, 0.000, 0.000, 0.000, -0.061, -0.560, 0.353, 3.903, -5.134, 1.703, 0.000, 19.25
1, 0, -0.133, 0.000, 0.000, 0.000, -0.039, -0.362, 0.336, 3.817, -5.095, 1.476, 0.000, 19.15
1, 0, -0.078, 0.000, 0.000, 0.000, -0.023, -0.211, 0.320, 3.747, -5.061, 1.305, 0.000, 19.07
1, 0, -0.028, 0.000, 0.000, 0.000, -0.008, -0.076, 0.306, 3.689, -5.253, 1.370, 0.000, 18.97
1, 1, -1.488, -0.000, 0.000, 0.000, -0.441, -4.068, 0.292, 3.709, -5.655, -15.380, -23.030, 20.00
1, 1, -1.418, -0.000, 0.000, 0.000, -0.420, -3.868, 0.280, 3.673, -5.655, 0.000, -7.407, 20.00
1, 1, -1.372, -0.000, 0.000, 0.000, -0.391, -3.681, 0.498, 3.641, -5.199, 0.000, -6.503, 20.00
1, 1, -1.346, -0.000, 0.000, 0.000, -0.354, -3.272, 0.999, 3.613, -4.298, 0.000, -4.658, 20.00
1, 1, -1.323, -0.000, 0.000, 0.000, -0.328, -2.989, 1.347, 3.587, -3.853, 0.000, -3.559, 20.00
1, 1, -1.304, -0.000, 0.000, 0.000, -0.292, -2.585, 1.876, 3.563, -2.974, 0.000, -1.716, 20.00
1, 1, -1.281, 0.000, 0.000, 0.000, -0.269, -2.340, 2.076, 3.540, -2.539, 0.000, -0.812, 20.00
1, 0, -1.307, -0.000, 0.000, 0.000, -0.251, -2.111, 2.415, 3.520, -1.902, -0.363, 0.000, 20.02
1, 0, -1.302, -0.000, 0.000, 0.000, -0.249, -2.136, 2.070, 3.757, -1.908, -0.231, 0.000, 20.04
1, 0, -1.202, 0.000, 0.000, 0.000, -0.238, -2.116, 1.540, 3.763, -2.113, 0.366, -0.000, 20.02
1, 1, -1.138, 0.000, 0.000, 0.000, -0.240, -2.201, 1.052, 3.765, -2.539, 0.228, -1.073, 20.00
1, 1, -1.105, 0.000, 0.000, 0.000, -0.243, -2.202, 0.821, 4.603, -2.756, 0.000, -0.881, 20.00
1, 0, -1.162, 0.000, 0.000, 0.000, -0.265, -2.406, 0.723, 6.779, -2.991, -0.678, 0.000, 20.05
1, 0, -1.183, 0.000, 0.000, 0.000, -0.280, -2.547, 0.647, 7.046, -3.221, -0.461, 0.000, 20.08
1, 0, -1.181, -0.000, 0.000, 0.000, -0.289, -2.638, 0.587, 7.253, -3.448, -0.283, -0.000, 20.09
1, 0, -1.164, -0.000, 0.000, 0.000, -0.295, -2.691, 0.538, 7.421, -3.672, -0.137, 0.000, 20.10
1, 0, -1.030, 0.000, 0.000, 0.000, -0.269, -2.461, 0.498, 5.977, -3.864, 1.149, 0.000, 20.03
1, 0, -0.797, 0.000, 0.000, 0.000, -0.215, -1.962, 0.465, 4.263, -4.027, 2.273, -0.000, 19.88
1, 0, -0.603, 0.000, 0.000, 0.000, -0.169, -1.551, 0.437, 4.081, -4.417, 2.222, 0.000, 19.73
1, 0, -0.450, 0.000, 0.000, 0.000, -0.130, -1.192, 0.412, 3.945, -4.589, 2.004, 0.000, 19.59
1, 0, -0.318, 0.000, 0.000, 0.000, -0.096, -0.877, 0.390, 3.840, -4.987, 2.047, 0.000, 19.46
1, 0, -0.208, 0.000, 0.000, 0.000, -0.064, -0.589, 0.371, 3.757, -5.165, 1.900, -0.000, 19.33
1, 0, -0.111, 0.000, 0.000, 0.000, -0.035, -0.325, 0.353, 3.689, -5.569, 1.998, 0.000, 19.20
1, 0, -0.025, 0.000, 0.000, 0.000, -0.008, -0.076, 0.337, 3.633, -5.749, 1.888, 0.000, 19.07
1, 1, -1.262, -0.000, 0.000, 0.000, -0.423, -3.888, 0.322, 3.655, -6.577, -13.922, -22.094, 20.00
1, 1, -1.215, -0.000, 0.000, 0.000, -0.408, -3.756, 0.308, 3.621, -6.577, 0.000, -8.027, 20.00
1, 1, -1.192, -0.000, 0.000, 0.000, -0.374, -3.491, 0.752, 3.592, -5.655, 0.000, -6.368, 20.00
1, 1, -1.181, -0.000, 0.000, 0.000, -0.340, -3.109, 1.278, 3.565, -4.747, 0.000, -4.533, 20.00
1, 1, -1.175, 0.000, 0.000, 0.000, -0.305, -2.698, 1.917, 3.541, -3.853, 0.000, -2.573, 20.00
1, 1, -1.160, 0.000, 0.000, 0.000, -0.264, -2.247, 2.438, 3.518, -2.756, 0.000, -0.471, 20.00
1, 0, -1.168, 0.000, 0.000, 0.000, -0.248, -2.075, 2.500, 3.498, -2.327, -0.180, -0.000, 20.01
1, 0, -1.188, 0.000, 0.000, 0.000, -0.242, -2.025, 2.389, 3.479, -2.120, -0.293, 0.000, 20.03
1, 0, -1.191, 0.000, 0.000, 0.000, -0.240, -2.048, 2.115, 3.717, -2.125, -0.228, 0.000, 20.05
1, 0, -1.090, 0.000, 0.000, 0.000, -0.231, -2.028, 1.715, 3.726, -2.545, 0.454, 0.000, 20.02
1, 1, -1.041, 0.000, 0.000, 0.000, -0.239, -2.183, 1.207, 3.729, -3.192, 0.248, -1.472, 20.00
1, 1, -1.018, 0.000, 0.000, 0.000, -0.245, -2.210, 0.921, 4.568, -3.412, 0.000, -1.395, 20.00
1, 0, -1.030, 0.000, 0.000, 0.000, -0.258, -2.331, 0.812, 6.746, -3.640, -0.300, 0.000, 20.02
1, 0, -1.048, 0.000, 0.000, 0.000, -0.267, -2.423, 0.728, 7.013, -3.649, -0.354, -0.000, 20.04
1, 0, -1.048, 0.000, 0.000, 0.000, -0.275, -2.501, 0.662, 7.222, -3.875, -0.184, 0.000, 20.06
1, 0, -1.034, 0.000, 0.000, 0.000, -0.280, -2.543, 0.608, 7.391, -4.098, -0.045, -0.000, 20.06
1, 0, -0.929, 0.000, 0.000, 0.000, -0.254, -2.313, 0.564, 5.949, -4.071, 1.054, 0.000, 19.99
1, 0, -0.718, 0.000, 0.000, 0.000, -0.201, -1.832, 0.527, 4.236, -4.236, 2.225, 0.000, 19.84
1, 0, -0.552, 0.000, 0.000, 0.000, -0.158, -1.441, 0.495, 4.054, -4.408, 2.011, 0.000, 19.71
1, 0, -0.430, 0.000, 0.000, 0.000, -0.124, -1.130, 0.467, 3.920, -4.365, 1.662, 0.000, 19.60
1, 0, -0.329, 0.000, 0.000, 0.000, -0.097, -0.883, 0.443, 3.816, -4.548, 1.599, 0.000, 19.49
1, 0, -0.242, 0.000, 0.000, 0.000, -0.072, -0.662, 0.421, 3.733, -4.733, 1.556, -0.000, 19.39
1, 0, -0.174, 0.000, 0.000, 0.000, -0.052, -0.477, 0.401, 3.666, -4.698, 1.335, 0.000, 19.30
1, 0, -0.115, 0.000, 0.000, 0.000, -0.035, -0.321, 0.383, 3.611, -4.889, 1.366, 0.000, 19.21
1, 1, -1.227, -0.000, 0.000, 0.000, -0.379, -3.470, 0.366, 3.634, -5.426, -11.923, -18.426, 20.00
1, 1, -1.180, -0.000, 0.000, 0.000, -0.364, -3.339, 0.350, 3.601, -5.426, 0.000, -6.358, 20.00
1, 1, -1.149, -0.000, 0.000, 0.000, -0.342, -3.204, 0.550, 3.572, -4.972, 0.000, -5.545, 20.00
1, 1, -1.130, 0.000, 0.000, 0.000, -0.321, -2.994, 0.768, 3.546, -4.522, 0.000, -4.653, 20.00
1, 1, -1.115, 0.000, 0.000, 0.000, -0.312, -2.904, 0.868, 3.523, -4.522, 0.000, -4.463, 20.00
1, 1, -1.103, 0.000, 0.000, 0.000, -0.300, -2.793, 0.929, 3.501, -4.298, 0.000, -4.064, 20.00
1, 1, -1.092, 0.000, 0.000, 0.000, -0.294, -2.745, 0.930, 3.481, -4.298, 0.000, -4.018, 20.00
1, 1, -1.081, 0.000, 0.000, 0.000, -0.290, -2.713, 0.899, 3.463, -4.298, 0.000, -4.019, 20.00
1, 1, -1.070, 0.000, 0.000, 0.000, -0.287, -2.698, 0.820, 3.702, -4.298, 0.000, -3.831, 20.00
1, 1, -1.060, 0.000, 0.000, 0.000, -0.285, -2.689, 0.743, 3.711, -4.298, 0.000, -3.877, 20.00
1, 1, -1.052, 0.000, 0.000, 0.000, -0.289, -2.753, 0.550, 3.715, -4.522, 0.000, -4.350, 20.00
1, 1, -1.043, 0.000, 0.000, 0.000, -0.288, -2.679, 0.456, 4.555, -4.522, 0.000, -3.521, 20.00
1, 1, -1.036, 0.000, 0.000, 0.000, -0.291, -2.704, 0.416, 6.733, -4.747, 0.000, -1.630, 20.00
1, 1, -1.031, 0.000, 0.000, 0.000, -0.295, -2.737, 0.384, 7.001, -4.972, 0.000, -1.652, 20.00
1, 1, -1.027, 0.000, 0.000, 0.000, -0.295, -2.736, 0.357, 7.210, -4.972, 0.000, -1.464, 20.00
1, 1, -1.026, 0.000, 0.000, 0.000, -0.300, -2.774, 0.335, 7.379, -5.199, 0.000, -1.584, 20.00
1, 0, -0.833, 0.000, 0.000, 0.000, -0.244, -2.259, 0.315, 5.938, -5.141, 2.224, -0.000, 19.85
1, 0, -0.577, 0.000, 0.000, 0.000, -0.171, -1.584, 0.298, 4.225, -5.288, 3.096, -0.000, 19.65
1, 0, -0.383, 0.000, 0.000, 0.000, -0.115, -1.067, 0.283, 4.044, -5.446, 2.683, 0.000, 19.47
1, 0, -0.233, 0.000, 0.000, 0.000, -0.071, -0.658, 0.270, 3.910, -5.612, 2.394, -0.000, 19.31
1, 0, -0.106, 0.000, 0.000, 0.000, -0.033, -0.307, 0.257, 3.806, -6.009, 2.391, 0.000, 19.15
1, 0, 0.001, 0.000, 0.000, 0.000, 0.000, 0.004, 0.246, 3.724, -6.182, 2.207, 0.000, 19.00
1, 0, 0.095, 0.000, 0.000, 0.000, 0.031, 0.287, 0.235, 3.658, -6.587, 2.281, 0.000, 18.85
1, 0, 0.179, 0.000, 0.000, 0.000, 0.059, 0.547, 0.225, 3.603, -6.764, 2.151, 0.000, 18.70
1, 1, -1.535, -0.000, 0.000, 0.000, -0.520, -4.811, 0.216, 3.626, -7.751, -19.427, -30.202, 20.00
1, 1, -1.467, -0.000, 0.000, 0.000, -0.497, -4.598, 0.207, 3.594, -7.751, 0.000, -10.512, 20.00
1, 1, -1.423, -0.000, 0.000, 0.000, -0.473, -4.499, 0.360, 3.565, -7.514, 0.000, -9.985, 20.00
1, 1, -1.404, -0.000, 0.000, 0.000, -0.447, -4.232, 0.695, 3.539, -7.044, 0.000, -8.892, 20.00
1, 1, -1.387, -0.000, 0.000, 0.000, -0.439, -4.197, 0.478, 3.516, -7.044, 0.000, -9.073, 20.00
1, 1, -1.380, -0.000, 0.000, 0.000, -0.423, -4.016, 0.786, 3.495, -6.810, 0.000, -8.349, 20.00
1, 1, -1.376, 0.000, 0.000, 0.000, -0.408, -3.850, 1.072, 3.475, -6.577, 0.000, -7.664, 20.00
1, 1, -1.370, 0.000, 0.000, 0.000, -0.403, -3.825, 0.955, 3.457, -6.577, 0.000, -7.764, 20.00
1, 1, -1.365, 0.000, 0.000, 0.000, -0.401, -3.827, 0.772, 3.696, -6.577, 0.000, -7.702, 20.00
1, 1, -1.361, 0.000, 0.000, 0.000, -0.402, -3.854, 0.710, 3.705, -6.810, 0.000, -8.011, 20.00
1, 1, -1.356, 0.000, 0.000, 0.000, -0.407, -3.932, 0.484, 3.710, -7.044, 0.000, -8.545, 20.00
1, 1, -1.354, 0.000, 0.000, 0.000, -0.407, -3.827, 0.388, 4.550, -7.044, 0.000, -7.695, 20.00
1, 1, -1.352, 0.000, 0.000, 0.000, -0.406, -3.809, 0.347, 6.728, -7.044, 0.000, -5.536, 20.00
1, 1, -1.352, 0.000, 0.000, 0.000, -0.405, -3.794, 0.315, 6.996, -7.044, 0.000, -5.284, 20.00
1, 1, -1.354, 0.000, 0.000, 0.000, -0.405, -3.781, 0.289, 7.205, -7.044, 0.000, -5.088, 20.00
1, 1, -1.356, 0.000, 0.000, 0.000, -0.404, -3.769, 0.268, 7.375, -7.044, 0.000, -4.930, 20.00
1, 0, -0.950, 0.000, 0.000, 0.000, -0.282, -2.629, 0.250, 5.933, -6.922, 4.599, 0.000, 19.69
1, 0, -0.568, 0.000, 0.000, 0.000, -0.168, -1.563, 0.235, 4.221, -6.800, 4.641, 0.000, 19.38
1, 0, -0.301, 0.000, 0.000, 0.000, -0.089, -0.825, 0.222, 4.040, -6.703, 3.656, -0.000, 19.14
1, 0, -0.121, 0.000, 0.000, 0.000, -0.035, -0.326, 0.211, 3.906, -6.397, 2.762, -0.000, 18.96
1, 0, 0.005, 0.000, 0.000, 0.000, 0.001, 0.013, 0.200, 3.803, -6.336, 2.314, 0.000, 18.80
1, 0, 0.091, 0.000, 0.000, 0.000, 0.026, 0.241, 0.191, 3.720, -6.057, 1.788, -0.000, 18.68
1, 0, 0.144, 0.000, 0.000, 0.000, 0.040, 0.374, 0.182, 3.654, -5.790, 1.394, 0.000, 18.59
1, 0, 0.180, 0.000, 0.000, 0.000, 0.050, 0.463, 0.174, 3.600, -5.756, 1.290, 0.000, 18.50
1, 1, -2.073, -0.000, 0.000, 0.000, -0.566, -5.258, 0.167, 4.392, -6.114, -22.445, -31.896, 20.00
1, 1, -1.954, -0.000, 0.000, 0.000, -0.530, -4.929, 0.160, 4.436, -6.114, 0.000, -8.932, 20.00
1, 1, -1.866, -0.000, 0.000, 0.000, -0.496, -4.718, 0.314, 4.466, -5.884, 0.000, -8.185, 20.00
1, 1, -1.813, -0.000, 0.000, 0.000, -0.458, -4.306, 0.724, 4.488, -5.199, 0.000, -6.564, 20.00
1, 1, -1.768, -0.000, 0.000, 0.000, -0.426, -3.967, 1.099, 4.504, -4.747, 0.000, -5.305, 20.00
1, 1, -1.728, -0.000, 0.000, 0.000, -0.399, -3.689, 1.300, 4.517, -4.298, 0.000, -4.298, 20.00
1, 1, -1.691, -0.000, 0.000, 0.000, -0.373, -3.406, 1.582, 4.527, -3.853, 0.000, -3.214, 20.00
1, 1, -1.652, -0.000, 0.000, 0.000, -0.354, -3.212, 1.725, 4.535, -3.632, 0.000, -2.590, 20.00
1, 1, -1.606, -0.000, 0.000, 0.000, -0.347, -3.192, 1.377, 4.541, -3.632, 0.000, -2.859, 20.00
1, 1, -1.560, -0.000, 0.000, 0.000, -0.347, -3.250, 0.961, 4.546, -3.853, 0.000, -3.503, 20.00
1, 1, -1.516, -0.000, 0.000, 0.000, -0.348, -3.296, 0.676, 4.550, -4.075, 0.000, -4.008, 20.00
1, 1, -1.477, 0.000, 0.000, 0.000, -0.348, -3.239, 0.546, 5.392, -4.298, 0.000, -3.425, 20.00
1, 1, -1.441, 0.000, 0.000, 0.000, -0.349, -3.243, 0.481, 7.574, -4.522, 0.000, -1.501, 20.00
1, 1, -1.410, 0.000, 0.000, 0.000, -0.351, -3.256, 0.430, 7.846, -4.747, 0.000, -1.487, 20.00
1, 1, -1.382, 0.000, 0.000, 0.000, -0.353, -3.275, 0.390, 8.060, -4.972, 0.000, -1.533, 20.00
1, 1, -1.359, 0.000, 0.000, 0.000, -0.356, -3.299, 0.358, 8.235, -5.199, 0.000, -1.620, 20.00
1, 0, -1.096, 0.000, 0.000, 0.000, -0.290, -2.690, 0.331, 6.286, -5.132, 2.590, 0.000, 19.83
1, 0, -0.780, 0.000, 0.000, 0.000, -0.211, -1.953, 0.309, 4.529, -5.271, 3.376, 0.000, 19.60
1, 0, -0.531, 0.000, 0.000, 0.000, -0.148, -1.374, 0.290, 4.315, -5.647, 3.096, 0.000, 19.40
1, 0, -0.330, 0.000, 0.000, 0.000, -0.095, -0.882, 0.273, 4.155, -6.031, 2.910, 0.000, 19.20
1, 0, -0.163, 0.000, 0.000, 0.000, -0.049, -0.451, 0.259, 4.030, -6.421, 2.795, 0.000, 19.02
1, 0, -0.029, 0.000, 0.000, 0.000, -0.009, -0.081, 0.246, 3.931, -6.587, 2.529, 0.000, 18.85
1, 0, 0.085, 0.000, 0.000, 0.000, 0.026, 0.246, 0.234, 3.850, -6.988, 2.547, -0.000, 18.68
1, 0, 0.188, 0.000, 0.000, 0.000, 0.060, 0.560, 0.223, 3.783, -7.392, 2.577, -0.000, 18.51
1, 1, -1.831, -0.000, 0.000, 0.000, -0.603, -5.588, 0.214, 4.566, -8.467, -22.420, -34.130, 20.00
1, 1, -1.740, -0.000, 0.000, 0.000, -0.580, -5.379, 0.204, 4.600, -8.707, 0.000, -11.603, 20.00
1, 1, -1.691, -0.000, 0.000, 0.000, -0.536, -5.076, 0.572, 4.622, -7.751, 0.000, -9.860, 20.00
1, 1, -1.666, -0.000, 0.000, 0.000, -0.500, -4.687, 1.044, 4.636, -7.044, 0.000, -8.217, 20.00
1, 1, -1.658, -0.000, 0.000, 0.000, -0.460, -4.206, 1.769, 4.646, -6.114, 0.000, -6.022, 20.00
1, 1, -1.654, -0.000, 0.000, 0.000, -0.415, -3.696, 2.413, 4.652, -4.972, 0.000, -3.672, 20.00
1, 1, -1.637, -0.000, 0.000, 0.000, -0.391, -3.482, 2.350, 4.656, -4.522, 0.000, -3.026, 20.00
1, 1, -1.608, -0.000, 0.000, 0.000, -0.386, -3.502, 1.955, 4.659, -4.747, 0.000, -3.630, 20.00
1, 1, -1.580, -0.000, 0.000, 0.000, -0.378, -3.442, 1.834, 4.660, -4.747, 0.000, -3.653, 20.00
1, 1, -1.547, -0.000, 0.000, 0.000, -0.378, -3.488, 1.513, 4.660, -4.972, 0.000, -4.212, 20.00
1, 1, -1.512, -0.000, 0.000, 0.000, -0.390, -3.678, 1.047, 4.660, -5.655, 0.000, -5.527, 20.00
1, 1, -1.484, 0.000, 0.000, 0.000, -0.395, -3.651, 0.790, 5.497, -5.884, 0.000, -5.125, 20.00
1, 1, -1.458, 0.000, 0.000, 0.000, -0.402, -3.720, 0.693, 7.675, -6.345, 0.000, -3.557, 20.00
1, 1, -1.437, 0.000, 0.000, 0.000, -0.406, -3.758, 0.619, 7.943, -6.577, 0.000, -3.616, 20.00
1, 1, -1.422, 0.000, 0.000, 0.000, -0.411, -3.798, 0.561, 8.153, -6.810, 0.000, -3.727, 20.00
1, 1, -1.411, 0.000, 0.000, 0.000, -0.415, -3.842, 0.513, 8.325, -7.044, 0.000, -3.873, 20.00
1, 0, -1.011, 0.000, 0.000, 0.000, -0.303, -2.800, 0.475, 6.373, -7.161, 4.428, 0.000, 19.70
1, 0, -0.621, 0.000, 0.000, 0.000, -0.189, -1.744, 0.442, 4.612, -7.270, 4.769, 0.000, 19.39
1, 0, -0.338, 0.000, 0.000, 0.000, -0.104, -0.961, 0.415, 4.394, -7.400, 3.994, 0.000, 19.12
1, 0, -0.119, 0.000, 0.000, 0.000, -0.037, -0.347, 0.391, 4.231, -7.778, 3.659, 0.000, 18.88
1, 0, 0.052, 0.000, 0.000, 0.000, 0.016, 0.153, 0.370, 4.104, -7.930, 3.235, -0.000, 18.66
1, 0, 0.186, 0.000, 0.000, 0.000, 0.060, 0.553, 0.352, 4.002, -8.091, 2.939, 0.000, 18.47
1, 0, 0.299, 0.000, 0.000, 0.000, 0.098, 0.906, 0.335, 3.918, -8.493, 2.938, -0.000, 18.27
1, 0, 0.399, 0.000, 0.000, 0.000, 0.132, 1.219, 0.319, 3.849, -8.661, 2.744, 0.000, 18.09
1, 1, -2.158, -0.000, 0.000, 0.000, -0.718, -6.646, 0.305, 3.859, -9.680, -28.706, -43.743, 20.00
1, 1, -2.049, -0.000, 0.000, 0.000, -0.679, -6.290, 0.292, 3.815, -9.680, 0.000, -14.591, 20.00
1, 1, -1.983, -0.000, 0.000, 0.000, -0.631, -5.978, 0.620, 3.776, -8.949, 0.000, -13.145, 20.00
1, 1, -1.954, -0.000, 0.000, 0.000, -0.584, -5.473, 1.153, 3.741, -7.989, 0.000, -11.107, 20.00
1, 1, -1.943, -0.000, 0.000, 0.000, -0.534, -4.893, 1.893, 3.708, -6.810, 0.000, -8.578, 20.00
1, 1, -1.932, -0.000, 0.000, 0.000, -0.492, -4.425, 2.360, 3.679, -5.884, 0.000, -6.694, 20.00
1, 1, -1.915, -0.000, 0.000, 0.000, -0.459, -4.085, 2.514, 3.652, -5.199, 0.000, -5.492, 20.00
1, 1, -1.886, -0.000, 0.000, 0.000, -0.438, -3.912, 2.427, 3.626, -4.972, 0.000, -5.155, 20.00
1, 1, -1.852, -0.000, 0.000, 0.000, -0.421, -3.788, 2.231, 3.859, -4.747, 0.000, -4.718, 20.00
1, 1, -1.806, -0.000, 0.000, 0.000, -0.423, -3.892, 1.717, 3.861, -5.199, 0.000, -5.742, 20.00
1, 1, -1.759, -0.000, 0.000, 0.000, -0.434, -4.081, 1.173, 3.860, -5.884, 0.000, -7.126, 20.00
1, 1, -1.721, -0.000, 0.000, 0.000, -0.442, -4.076, 0.914, 4.694, -6.345, 0.000, -6.976, 20.00
1, 1, -1.685, -0.000, 0.000, 0.000, -0.444, -4.097, 0.805, 6.866, -6.577, 0.000, -5.132, 20.00
1, 1, -1.655, -0.000, 0.000, 0.000, -0.447, -4.122, 0.721, 7.129, -6.810, 0.000, -5.184, 20.00
1, 1, -1.631, 0.000, 0.000, 0.000, -0.450, -4.151, 0.654, 7.333, -7.044, 0.000, -5.289, 20.00
1, 1, -1.612, 0.000, 0.000, 0.000, -0.453, -4.183, 0.600, 7.498, -7.279, 0.000, -5.429, 20.00
1, 0, -1.118, 0.000, 0.000, 0.000, -0.320, -2.954, 0.556, 6.051, -7.377, 5.163, -0.000, 19.66
1, 0, -0.666, 0.000, 0.000, 0.000, -0.194, -1.787, 0.519, 4.335, -7.474, 5.267, 0.000, 19.30
1, 0, -0.344, 0.000, 0.000, 0.000, -0.101, -0.938, 0.487, 4.149, -7.595, 4.342, -0.000, 19.02
1, 0, -0.109, 0.000, 0.000, 0.000, -0.033, -0.300, 0.460, 4.011, -7.734, 3.705, 0.000, 18.77
1, 0, 0.075, 0.000, 0.000, 0.000, 0.023, 0.213, 0.435, 3.903, -8.119, 3.469, -0.000, 18.54
1, 0, 0.224, 0.000, 0.000, 0.000, 0.069, 0.639, 0.414, 3.817, -8.276, 3.114, -0.000, 18.33
1, 0, 0.341, 0.000, 0.000, 0.000, 0.107, 0.985, 0.394, 3.747, -8.440, 2.866, -0.000, 18.14
1, 0, 0.437, 0.000, 0.000, 0.000, 0.138, 1.276, 0.376, 3.689, -8.610, 2.693, 0.000, 17.96
1, 1, -2.382, -0.000, 0.000, 0.000, -0.764, -7.070, 0.359, 3.709, -9.925, -30.620, -46.693, 20.00
1, 1, -2.252, -0.000, 0.000, 0.000, -0.723, -6.686, 0.344, 3.673, -9.925, 0.000, -15.569, 20.00
1, 1, -2.167, -0.000, 0.000, 0.000, -0.676, -6.400, 0.678, 3.641, -9.435, 0.000, -14.359, 20.00
1, 1, -2.125, -0.000, 0.000, 0.000, -0.633, -5.941, 1.166, 3.613, -8.707, 0.000, -12.627, 20.00
1, 1, -2.103, -0.000, 0.000, 0.000, -0.587, -5.418, 1.839, 3.587, -7.751, 0.000, -10.433, 20.00
1, 1, -2.084, -0.000, 0.000, 0.000, -0.549, -4.996, 2.321, 3.563, -7.044, 0.000, -8.789, 20.00
1, 1, -2.060, -0.000, 0.000, 0.000, -0.522, -4.717, 2.451, 3.540, -6.577, 0.000, -7.884, 20.00
1, 1, -2.034, -0.000, 0.000, 0.000, -0.497, -4.471, 2.526, 3.520, -6.114, 0.000, -7.070, 20.00
1, 1, -1.998, -0.000, 0.000, 0.000, -0.485, -4.404, 2.295, 3.757, -6.114, 0.000, -6.949, 20.00
1, 1, -1.952, -0.000, 0.000, 0.000, -0.488, -4.537, 1.699, 3.763, -6.577, 0.000, -8.093, 20.00
1, 1, -1.908, -0.000, 0.000, 0.000, -0.500, -4.728, 1.178, 3.765, -7.279, 0.000, -9.470, 20.00
1, 1, -1.875, -0.000, 0.000, 0.000, -0.503, -4.662, 0.935, 4.603, -7.514, 0.000, -9.016, 20.00
1, 1, -1.843, -0.000, 0.000, 0.000, -0.505, -4.676, 0.826, 6.779, -7.751, 0.000, -7.170, 20.00
1, 1, -1.817, -0.000, 0.000, 0.000, -0.508, -4.698, 0.742, 7.046, -7.989, 0.000, -7.223, 20.00
1, 1, -1.796, -0.000, 0.000, 0.000, -0.510, -4.724, 0.675, 7.253, -8.227, 0.000, -7.330, 20.00
1, 1, -1.780, 0.000, 0.000, 0.000, -0.514, -4.753, 0.621, 7.421, -8.467, 0.000, -7.473, 20.00
1, 0, -1.176, 0.000, 0.000, 0.000, -0.341, -3.155, 0.576, 5.977, -8.295, 6.413, -0.000, 19.57
1, 0, -0.652, 0.000, 0.000, 0.000, -0.191, -1.770, 0.539, 4.263, -8.370, 6.182, -0.000, 19.16
1, 0, -0.283, 0.000, 0.000, 0.000, -0.084, -0.778, 0.506, 4.081, -8.476, 5.034, -0.000, 18.82
1, 0, -0.024, 0.000, 0.000, 0.000, -0.007, -0.066, 0.478, 3.945, -8.367, 4.041, -0.000, 18.56
1, 0, 0.159, 0.000, 0.000, 0.000, 0.047, 0.438, 0.454, 3.840, -8.278, 3.339, -0.000, 18.33
1, 0, 0.292, 0.000, 0.000, 0.000, 0.086, 0.799, 0.431, 3.757, -8.202, 2.836, -0.000, 18.14
1, 0, 0.394, 0.000, 0.000, 0.000, 0.117, 1.085, 0.411, 3.689, -8.371, 2.675, -0.000, 17.97
1, 0, 0.477, 0.000, 0.000, 0.000, 0.142, 1.312, 0.392, 3.633, -8.307, 2.351, -0.000, 17.81
1, 1, -2.693, -0.000, 0.000, 0.000, -0.799, -7.396, 0.375, 3.655, -9.192, -32.870, -48.919, 20.00
1, 1, -2.536, -0.000, 0.000, 0.000, -0.750, -6.942, 0.359, 3.621, -9.192, 0.000, -15.438, 20.00
1, 1, -2.434, -0.000, 0.000, 0.000, -0.692, -6.531, 0.747, 3.592, -8.467, 0.000, -13.785, 20.00
1, 1, -2.371, -0.000, 0.000, 0.000, -0.644, -6.041, 1.140, 3.565, -7.751, 0.000, -12.102, 20.00
1, 1, -2.320, -0.000, 0.000, 0.000, -0.605, -5.637, 1.528, 3.541, -7.279, 0.000, -10.773, 20.00
1, 1, -2.281, -0.000, 0.000, 0.000, -0.567, -5.233, 1.843, 3.518, -6.577, 0.000, -9.297, 20.00
1, 1, -2.238, -0.000, 0.000, 0.000, -0.541, -4.969, 2.045, 3.498, -6.345, 0.000, -8.550, 20.00
1, 1, -2.192, -0.000, 0.000, 0.000, -0.521, -4.793, 1.986, 3.479, -6.114, 0.000, -8.155, 20.00
1, 1, -2.142, -0.000, 0.000, 0.000, -0.509, -4.712, 1.804, 3.717, -6.114, 0.000, -7.956, 20.00
1, 1, -2.085, -0.000, 0.000, 0.000, -0.512, -4.816, 1.325, 3.726, -6.577, 0.000, -8.938, 20.00
1, 1, -2.033, -0.000, 0.000, 0.000, -0.513, -4.881, 0.925, 3.729, -6.810, 0.000, -9.582, 20.00
1, 1, -1.993, -0.000, 0.000, 0.000, -0.513, -4.779, 0.773, 4.568, -7.044, 0.000, -8.987, 20.00
1, 1, -1.954, -0.000, 0.000, 0.000, -0.513, -4.774, 0.690, 6.746, -7.279, 0.000, -7.083, 20.00
1, 1, -1.921, -0.000, 0.000, 0.000, -0.509, -4.733, 0.625, 7.013, -7.279, 0.000, -6.804, 20.00
1, 1, -1.894, -0.000, 0.000, 0.000, -0.505, -4.694, 0.573, 7.222, -7.279, 0.000, -6.577, 20.00
1, 1, -1.870, -0.000, 0.000, 0.000, -0.506, -4.698, 0.530, 7.391, -7.514, 0.000, -6.667, 20.00
1, 0, -1.289, 0.000, 0.000, 0.000, -0.351, -3.254, 0.494, 5.949, -7.360, 5.811, -0.000, 19.61
1, 0, -0.787, 0.000, 0.000, 0.000, -0.215, -1.993, 0.464, 4.236, -7.214, 5.509, -0.000, 19.25
1, 0, -0.432, 0.000, 0.000, 0.000, -0.119, -1.106, 0.437, 4.054, -7.331, 4.496, -0.000, 18.95
1, 0, -0.181, 0.000, 0.000, 0.000, -0.050, -0.465, 0.414, 3.920, -7.235, 3.597, -0.000, 18.71
1, 0, -0.004, 0.000, 0.000, 0.000, -0.001, -0.010, 0.393, 3.816, -7.156, 2.962, -0.000, 18.51
1, 0, 0.131, 0.000, 0.000, 0.000, 0.037, 0.339, 0.375, 3.733, -7.321, 2.706, 0.000, 18.33
1, 0, 0.235, 0.000, 0.000, 0.000, 0.066, 0.611, 0.358, 3.666, -7.259, 2.323, -0.000, 18.17
1, 0, 0.312, 0.000, 0.000, 0.000, 0.088, 0.812, 0.342, 3.611, -7.205, 2.039, -0.000, 18.04
1, 1, -2.627, -0.000, 0.000, 0.000, -0.744, -6.895, 0.327, 3.634, -8.227, -29.443, -43.975, 20.00
1, 1, -2.469, -0.000, 0.000, 0.000, -0.700, -6.487, 0.313, 3.601, -8.227, 0.000, -13.969, 20.00
1, 1, -2.359, -0.000, 0.000, 0.000, -0.652, -6.181, 0.549, 3.572, -7.751, 0.000, -12.822, 20.00
1, 1, -2.288, -0.000, 0.000, 0.000, -0.613, -5.787, 0.854, 3.546, -7.279, 0.000, -11.566, 20.00
1, 1, -2.235, -0.000, 0.000, 0.000, -0.578, -5.422, 1.183, 3.523, -6.810, 0.000, -10.339, 20.00
1, 1, -2.187, -0.000, 0.000, 0.000, -0.548, -5.133, 1.299, 3.501, -6.345, 0.000, -9.413, 20.00
1, 1, -2.146, -0.000, 0.000, 0.000, -0.523, -4.866, 1.595, 3.481, -6.114, 0.000, -8.574, 20.00
1, 1, -2.100, -0.000, 0.000, 0.000, -0.506, -4.721, 1.471, 3.463, -5.884, 0.000, -8.277, 20.00
1, 1, -2.055, -0.000, 0.000, 0.000, -0.494, -4.617, 1.426, 3.702, -5.884, 0.000, -7.922, 20.00
1, 1, -2.005, -0.000, 0.000, 0.000, -0.492, -4.667, 1.005, 3.711, -6.114, 0.000, -8.561, 20.00
1, 1, -1.956, -0.000, 0.000, 0.000, -0.496, -4.752, 0.713, 3.715, -6.577, 0.000, -9.354, 20.00
1, 1, -1.921, -0.000, 0.000, 0.000, -0.493, -4.608, 0.602, 4.555, -6.577, 0.000, -8.442, 20.00
1, 1, -1.885, -0.000, 0.000, 0.000, -0.492, -4.596, 0.540, 6.733, -6.810, 0.000, -6.510, 20.00
1, 1, -1.853, -0.000, 0.000, 0.000, -0.493, -4.595, 0.490, 7.001, -7.044, 0.000, -6.494, 20.00
1, 1, -1.826, -0.000, 0.000, 0.000, -0.489, -4.559, 0.450, 7.210, -7.044, 0.000, -6.259, 20.00
1, 1, -1.803, -0.000, 0.000, 0.000, -0.491, -4.566, 0.418, 7.379, -7.279, 0.000, -6.341, 20.00
1, 0, -1.234, 0.000, 0.000, 0.000, -0.341, -3.170, 0.390, 5.938, -7.361, 5.777, -0.000, 19.61
1, 0, -0.742, 0.000, 0.000, 0.000, -0.206, -1.915, 0.367, 4.225, -7.216, 5.487, -0.000, 19.25
1, 0, -0.395, 0.000, 0.000, 0.000, -0.111, -1.032, 0.346, 4.044, -7.333, 4.481, -0.000, 18.95
1, 0, -0.142, 0.000, 0.000, 0.000, -0.041, -0.377, 0.328, 3.910, -7.468, 3.790, -0.000, 18.70
1, 0, 0.047, 0.000, 0.000, 0.000, 0.014, 0.126, 0.312, 3.806, -7.618, 3.313, -0.000, 18.48
1, 0, 0.194, 0.000, 0.000, 0.000, 0.057, 0.525, 0.297, 3.724, -7.776, 2.980, -0.000, 18.28
1, 0, 0.311, 0.000, 0.000, 0.000, 0.092, 0.852, 0.284, 3.658, -7.942, 2.747, 0.000, 18.10
1, 0, 0.407, 0.000, 0.000, 0.000, 0.121, 1.127, 0.271, 3.603, -8.113, 2.583, 0.000, 17.92
1, 1, -2.570, -0.000, 0.000, 0.000, -0.774, -7.193, 0.260, 3.626, -9.192, -31.156, -46.999, 20.00
1, 1, -2.421, -0.000, 0.000, 0.000, -0.730, -6.779, 0.249, 3.594, -9.192, 0.000, -15.279, 20.00
1, 1, -2.319, -0.000, 0.000, 0.000, -0.682, -6.477, 0.522, 3.565, -8.707, 0.000, -14.098, 20.00
1, 1, -2.274, -0.000, 0.000, 0.000, -0.626, -5.862, 1.146, 3.539, -7.514, 0.000, -11.591, 20.00
1, 1, -2.241, -0.000, 0.000, 0.000, -0.577, -5.341, 1.652, 3.516, -6.577, 0.000, -9.568, 20.00
1, 1, -2.210, -0.000, 0.000, 0.000, -0.538, -4.912, 2.036, 3.495, -5.884, 0.000, -8.013, 20.00
1, 1, -2.174, -0.000, 0.000, 0.000, -0.507, -4.610, 2.162, 3.475, -5.426, 0.000, -7.080, 20.00
1, 1, -2.137, -0.000, 0.000, 0.000, -0.480, -4.331, 2.280, 3.457, -4.972, 0.000, -6.183, 20.00
1, 1, -2.086, -0.000, 0.000, 0.000, -0.467, -4.237, 2.082, 3.696, -4.972, 0.000, -5.984, 20.00
1, 1, -2.028, -0.000, 0.000, 0.000, -0.463, -4.278, 1.616, 3.705, -5.199, 0.000, -6.646, 20.00
1, 1, -1.966, -0.000, 0.000, 0.000, -0.472, -4.445, 1.120, 3.710, -5.884, 0.000, -7.937, 20.00
1, 1, -1.919, -0.000, 0.000, 0.000, -0.474, -4.387, 0.841, 4.550, -6.114, 0.000, -7.503, 20.00
1, 1, -1.873, -0.000, 0.000, 0.000, -0.474, -4.387, 0.737, 6.728, -6.345, 0.000, -5.614, 20.00
1, 1, -1.835, -0.000, 0.000, 0.000, -0.470, -4.351, 0.658, 6.996, -6.345, 0.000, -5.346, 20.00
1, 1, -1.801, -0.000, 0.000, 0.000, -0.470, -4.356, 0.596, 7.205, -6.577, 0.000, -5.404, 20.00
1, 1, -1.772, -0.000, 0.000, 0.000, -0.472, -4.369, 0.546, 7.375, -6.810, 0.000, -5.502, 20.00
1, 0, -1.247, 0.000, 0.000, 0.000, -0.338, -3.131, 0.505, 5.933, -6.907, 5.185, 0.000, 19.65
1, 0, -0.769, 0.000, 0.000, 0.000, -0.212, -1.964, 0.470, 4.221, -7.002, 5.256, -0.000, 19.30
1, 0, -0.430, 0.000, 0.000, 0.000, -0.121, -1.117, 0.441, 4.040, -7.123, 4.309, -0.000, 19.02
1, 0, -0.183, 0.000, 0.000, 0.000, -0.052, -0.482, 0.416, 3.906, -7.262, 3.657, 0.000, 18.77
1, 0, 0.003, 0.000, 0.000, 0.000, 0.001, 0.007, 0.394, 3.803, -7.413, 3.206, 0.000, 18.56
1, 0, 0.147, 0.000, 0.000, 0.000, 0.043, 0.398, 0.374, 3.720, -7.573, 2.892, -0.000, 18.37
1, 0, 0.262, 0.000, 0.000, 0.000, 0.078, 0.719, 0.356, 3.654, -7.740, 2.671, 0.000, 18.19
1, 0, 0.352, 0.000, 0.000, 0.000, 0.105, 0.970, 0.340, 3.600, -7.678, 2.312, 0.000, 18.03
1, 1, -2.478, -0.000, 0.000, 0.000, -0.743, -6.885, 0.325, 4.392, -8.707, -29.489, -43.585, 20.00
1, 1, -2.332, -0.000, 0.000, 0.000, -0.706, -6.537, 0.311, 4.436, -8.949, 0.000, -13.777, 20.00
1, 1, -2.246, -0.000, 0.000, 0.000, -0.648, -6.117, 0.719, 4.466, -7.989, 0.000, -11.816, 20.00
1, 1, -2.203, -0.000, 0.000, 0.000, -0.594, -5.530, 1.228, 4.488, -6.810, 0.000, -9.421, 20.00
1, 1, -2.175, -0.000, 0.000, 0.000, -0.545, -4.980, 1.855, 4.504, -5.884, 0.000, -7.224, 20.00
1, 1, -2.150, -0.000, 0.000, 0.000, -0.501, -4.489, 2.288, 4.517, -4.972, 0.000, -5.306, 20.00
1, 1, -2.114, -0.000, 0.000, 0.000, -0.470, -4.173, 2.425, 4.527, -4.522, 0.000, -4.328, 20.00
1, 1, -2.074, -0.000, 0.000, 0.000, -0.442, -3.917, 2.422, 4.535, -4.075, 0.000, -3.552, 20.00
1, 1, -2.019, -0.000, 0.000, 0.000, -0.429, -3.842, 2.131, 4.541, -4.075, 0.000, -3.692, 20.00
1, 1, -1.955, -0.000, 0.000, 0.000, -0.429, -3.921, 1.690, 4.546, -4.522, 0.000, -4.592, 20.00
1, 1, -1.889, -0.000, 0.000, 0.000, -0.437, -4.087, 1.214, 4.550, -5.199, 0.000, -5.849, 20.00
1, 1, -1.837, -0.000, 0.000, 0.000, -0.440, -4.046, 0.914, 5.392, -5.426, 0.000, -5.444, 20.00
1, 1, -1.789, -0.000, 0.000, 0.000, -0.440, -4.050, 0.805, 7.574, -5.655, 0.000, -3.554, 20.00
1, 1, -1.747, -0.000, 0.000, 0.000, -0.436, -4.017, 0.722, 7.846, -5.655, 0.000, -3.287, 20.00
1, 1, -1.711, -0.000, 0.000, 0.000, -0.437, -4.024, 0.656, 8.060, -5.884, 0.000, -3.340, 20.00
1, 1, -1.681, -0.000, 0.000, 0.000, -0.433, -3.995, 0.602, 8.235, -5.884, 0.000, -3.155, 20.00
1, 0, -1.275, 0.000, 0.000, 0.000, -0.335, -3.089, 0.558, 6.286, -6.013, 3.867, 0.000, 19.74
1, 0, -0.880, 0.000, 0.000, 0.000, -0.233, -2.147, 0.521, 4.529, -5.905, 4.114, -0.000, 19.47
1, 0, -0.591, 0.000, 0.000, 0.000, -0.159, -1.466, 0.490, 4.315, -6.045, 3.456, 0.000, 19.24
1, 0, -0.383, 0.000, 0.000, 0.000, -0.104, -0.957, 0.462, 4.155, -5.971, 2.798, 0.000, 19.05
1, 0, -0.225, 0.000, 0.000, 0.000, -0.062, -0.569, 0.438, 4.030, -6.136, 2.523, 0.000, 18.88
1, 0, -0.104, 0.000, 0.000, 0.000, -0.029, -0.264, 0.416, 3.931, -6.080, 2.130, 0.000, 18.74
1, 0, -0.015, 0.000, 0.000, 0.000, -0.004, -0.037, 0.397, 3.850, -6.032, 1.841, 0.000, 18.62
1, 0, 0.059, 0.000, 0.000, 0.000, 0.017, 0.154, 0.379, 3.783, -6.215, 1.824, -0.000, 18.50
1, 1, -2.196, -0.000, 0.000, 0.000, -0.615, -5.682, 0.362, 4.566, -6.810, -22.550, -32.926, 20.00
1, 1, -2.062, -0.000, 0.000, 0.000, -0.578, -5.494, 0.364, 4.600, -6.810, 0.000, -9.980, 20.00
1, 1, -1.987, -0.000, 0.000, 0.000, -0.542, -5.136, 0.564, 4.622, -6.345, 0.000, -8.824, 20.00
1, 1, -1.939, -0.000, 0.000, 0.000, -0.502, -4.706, 1.007, 4.636, -5.655, 0.000, -7.159, 20.00
1, 1, -1.897, -0.000, 0.000, 0.000, -0.471, -4.378, 1.302, 4.646, -5.199, 0.000, -5.997, 20.00
1, 1, -1.866, -0.000, 0.000, 0.000, -0.437, -4.003, 1.667, 4.652, -4.522, 0.000, -4.509, 20.00
1, 1, -1.829, -0.000, 0.000, 0.000, -0.415, -3.777, 1.839, 4.656, -4.298, 0.000, -3.823, 20.00
1, 1, -1.787, -0.000, 0.000, 0.000, -0.398, -3.639, 1.717, 4.659, -4.075, 0.000, -3.524, 20.00
1, 1, -1.744, -0.000, 0.000, 0.000, -0.387, -3.538, 1.694, 4.660, -4.075, 0.000, -3.391, 20.00
1, 1, -1.698, -0.000, 0.000, 0.000, -0.380, -3.510, 1.429, 4.660, -4.075, 0.000, -3.575, 20.00
1, 1, -1.648, -0.000, 0.000, 0.000, -0.385, -3.619, 1.026, 4.660, -4.522, 0.000, -4.488, 20.00
1, 1, -1.604, -0.000, 0.000, 0.000, -0.387, -3.668, 0.775, 5.497, -4.747, 0.000, -4.133, 20.00
1, 1, -1.567, -0.000, 0.000, 0.000, -0.388, -3.602, 0.674, 7.675, -4.972, 0.000, -2.181, 20.00
1, 1, -1.533, -0.000, 0.000, 0.000, -0.389, -3.610, 0.607, 7.943, -5.199, 0.000, -2.181, 20.00
1, 1, -1.502, -0.000, 0.000, 0.000, -0.396, -3.667, 0.554, 8.153, -5.655, 0.000, -2.512, 20.00
1, 1, -1.477, 0.000, 0.000, 0.000, -0.399, -3.694, 0.511, 8.325, -5.884, 0.000, -2.618, 20.00
1, 0, -1.129, 0.000, 0.000, 0.000, -0.312, -2.888, 0.475, 6.373, -6.022, 3.504, 0.000, 19.77
1, 0, -0.764, 0.000, 0.000, 0.000, -0.215, -1.994, 0.445, 4.612, -6.146, 4.062, 0.000, 19.50
1, 0, -0.485, 0.000, 0.000, 0.000, -0.141, -1.305, 0.419, 4.394, -6.515, 3.633, -0.000, 19.25
1, 0, -0.274, 0.000, 0.000, 0.000, -0.081, -0.752, 0.396, 4.231, -6.665, 3.145, -0.000, 19.04
1, 0, -0.105, 0.000, 0.000, 0.000, -0.032, -0.296, 0.376, 4.104, -7.054, 3.007, 0.000, 18.84
1, 0, 0.033, 0.000, 0.000, 0.000, 0.010, 0.093, 0.358, 4.002, -7.218, 2.722, 0.000, 18.66
1, 0, 0.149, 0.000, 0.000, 0.000, 0.047, 0.436, 0.341, 3.918, -7.619, 2.727, 0.000, 18.48
1, 0, 0.255, 0.000, 0.000, 0.000, 0.083, 0.764, 0.326, 3.849, -8.023, 2.747, -0.000, 18.30
1, 1, -2.043, -0.000, 0.000, 0.000, -0.670, -6.209, 0.312, 3.859, -8.949, -25.548, -39.249, 20.00
1, 1, -1.930, -0.000, 0.000, 0.000, -0.632, -6.043, 0.352, 3.815, -8.949, 0.000, -13.388, 20.00
1, 1, -1.879, -0.000, 0.000, 0.000, -0.591, -5.619, 0.681, 3.776, -8.227, 0.000, -11.861, 20.00
1, 1, -1.858, -0.000, 0.000, 0.000, -0.542, -5.072, 1.252, 3.741, -7.044, 0.000, -9.523, 20.00
1, 1, -1.845, -0.000, 0.000, 0.000, -0.499, -4.579, 1.831, 3.708, -6.114, 0.000, -7.497, 20.00
1, 1, -1.834, -0.000, 0.000, 0.000, -0.459, -4.142, 2.206, 3.679, -5.199, 0.000, -5.748, 20.00
1, 1, -1.815, -0.000, 0.000, 0.000, -0.431, -3.863, 2.324, 3.652, -4.747, 0.000, -4.880, 20.00
1, 1, -1.787, -0.000, 0.000, 0.000, -0.412, -3.694, 2.266, 3.626, -4.522, 0.000, -4.522, 20.00
1, 1, -1.751, -0.000, 0.000, 0.000, -0.401, -3.619, 2.091, 3.859, -4.522, 0.000, -4.343, 20.00
1, 1, -1.707, -0.000, 0.000, 0.000, -0.403, -3.707, 1.699, 3.861, -4.972, 0.000, -5.230, 20.00
1, 1, -1.662, -0.000, 0.000, 0.000, -0.414, -3.877, 1.279, 3.860, -5.655, 0.000, -6.468, 20.00
1, 1, -1.622, -0.000, 0.000, 0.000, -0.418, -3.966, 0.925, 4.694, -5.884, 0.000, -6.271, 20.00
1, 1, -1.591, -0.000, 0.000, 0.000, -0.421, -3.902, 0.800, 6.866, -6.114, 0.000, -4.361, 20.00
1, 1, -1.563, -0.000, 0.000, 0.000, -0.423, -3.923, 0.716, 7.129, -6.345, 0.000, -4.410, 20.00
1, 1, -1.541, 0.000, 0.000, 0.000, -0.422, -3.906, 0.649, 7.333, -6.345, 0.000, -4.232, 20.00
1, 1, -1.523, 0.000, 0.000, 0.000, -0.424, -3.930, 0.595, 7.498, -6.577, 0.000, -4.361, 20.00
1, 0, -1.101, 0.000, 0.000, 0.000, -0.312, -2.890, 0.551, 6.051, -6.694, 4.395, -0.000, 19.71
