hci(W/m2K), hri(W/m2K), Taire interior(ºC), Tradiante interior(ºC), Carga sensible del espacio(W), hce(W/m2K), hre(W/m2K), Taire exterior(ºC), Tradiante exterior(ºC), Radiación Directa(W/m2), Radiación difusa(W/m2), Angulo Radiación Directa con la normal, Azimuth, Zenit, Caudal de aire (m3/s), Delta T ext-int (ºC)
2.00, 5.70, 19.93, 19.93, -1362.65, 20.00, 4.63, -0.56, -5.87, 0.00, 0.00, 0.00, 0.00, 90.00, 0, 0
2.00, 5.70, 19.87, 19.87, -1029.66, 20.00, 4.63, 7.22, 2.59, 0.00, 0.00, 0.00, 0.00, 90.00, 0, 0
2.00, 5.70, 19.87, 19.87, -943.00, 20.00, 4.63, 9.44, 5.01, 0.00, 0.00, 0.00, 0.00, 90.00, 0, 0
2.00, 5.70, 19.84, 19.84, -985.49, 20.00, 4.63, 8.89, 4.40, 0.00, 0.00, 0.00, 0.00, 90.00, 0, 0
2.00, 5.70, 19.79, 19.79, -1029.86, 20.00, 4.63, 8.33, 3.91, 0.00, 0.00, 0.00, 0.00, 90.00, 0, 0
2.00, 5.70, 19.74, 19.74, -1047.11, 20.00, 4.63, 8.33, 3.80, 0.00, 0.00, 0.00, 0.00, 90.00, 0, 0
2.00, 5.70, 19.67, 19.67, -1119.17, 20.00, 4.63, 7.22, 2.70, 0.00, 0.00, 0.00, 0.00, 90.00, 0, 0
2.00, 5.70, 20.00, 20.00, -1032.83, 20.00, 4.63, 7.22, 2.70, 0.00, 0.00, 0.00, 0.00, 90.00, 0, 0
2.00, 5.70, 20.00, 20.00, -1033.89, 20.00, 4.63, 7.22, 2.70, 0.00, 3.29, 0.00, 0.00, 90.00, 0, 0
2.00, 5.70, 20.00, 20.00, -931.83, 20.00, 4.63, 8.33, 3.80, 0.00, 41.08, 0.00, -51.34, 83.01, 0, 0
2.00, 5.70, 20.00, 20.00, -797.69, 20.00, 4.63, 10.00, 5.51, 0.00, 56.57, 0.00, -39.97, 74.87, 0, 0
2.00, 5.70, 20.04, 20.04, -639.32, 20.00, 4.63, 11.67, 7.22, 0.00, 85.67, 0.00, -27.02, 68.58, 0, 0
2.00, 5.70, 20.08, 20.08, -617.81, 20.00, 4.63, 12.22, 7.82, 0.00, 81.94, 0.00, -12.58, 64.72, 0, 0
2.00, 5.70, 20.07, 20.07, -682.13, 20.00, 4.63, 11.67, 7.22, 0.00, 61.31, 0.00, 2.71, 63.74, 0, 0
2.00, 5.70, 20.03, 20.03, -758.96, 20.00, 4.63, 11.11, 6.72, 0.00, 26.29, 0.00, 17.81, 65.77, 0, 0
2.00, 5.70, 20.01, 20.01, -741.07, 20.00, 4.63, 10.56, 6.11, 0.00, 41.41, 0.00, 31.77, 70.55, 0, 0
2.00, 5.70, 20.00, 20.00, -737.38, 20.00, 4.63, 10.56, 6.11, 0.00, 40.28, 0.00, 44.15, 77.56, 0, 0
2.00, 5.70, 20.00, 20.00, -805.53, 20.00, 4.63, 10.00, 5.51, 0.00, 14.79, 0.00, 55.01, 86.22, 0, 0
2.00, 5.70, 20.00, 20.00, -775.80, 20.00, 4.63, 9.44, 5.01, 0.00, 1.64, 0.00, 0.00, 90.00, 0, 0
2.00, 5.70, 20.06, 20.06, -572.26, 20.00, 4.63, 9.44, 5.01, 0.00, 0.00, 0.00, 0.00, 90.00, 0, 0
2.00, 5.70, 20.09, 20.09, -575.62, 20.00, 4.63, 8.89, 4.40, 0.00, 0.00, 0.00, 0.00, 90.00, 0, 0
2.00, 5.70, 20.12, 20.12, -558.54, 20.00, 4.63, 8.89, 4.40, 0.00, 0.00, 0.00, 0.00, 90.00, 0, 0
2.00, 5.70, 20.14, 20.14, -571.71, 20.00, 4.63, 8.33, 3.91, 0.00, 0.00, 0.00, 0.00, 90.00, 0, 0
2.00, 5.70, 20.08, 20.08, -729.76, 20.00, 4.63, 8.33, 3.80, 0.00, 0.00, 0.00, 0.00, 90.00, 0, 0
2.00, 5.70, 19.94, 19.94, -922.63, 20.00, 4.63, 8.33, 3.80, 0.00, 0.00, 0.00, 0.00, 90.00, 0, 0
2.00, 5.70, 19.82, 19.82, -992.34, 20.00, 4.63, 7.78, 3.20, 0.00, 0.00, 0.00, 0.00, 90.00, 0, 0
2.00, 5.70, 19.71, 19.71, -1056.17, 20.00, 4.63, 7.22, 2.70, 0.00, 0.00, 0.00, 0.00, 90.00, 0, 0
2.00, 5.70, 19.61, 19.61, -1087.91, 20.00, 4.63, 7.22, 2.70, 0.00, 0.00, 0.00, 0.00, 90.00, 0, 0
2.00, 5.70, 19.51, 19.51, -1143.22, 20.00, 4.63, 6.67, 2.10, 0.00, 0.00, 0.00, 0.00, 90.00, 0, 0
2.00, 5.70, 19.42, 19.42, -1168.83, 20.00, 4.63, 6.67, 2.10, 0.00, 0.00, 0.00, 0.00, 90.00, 0, 0
2.00, 5.70, 19.33, 19.33, -1219.72, 20.00, 4.63, 6.11, 1.61, 0.00, 0.00, 0.00, 0.00, 90.00, 0, 0
2.00, 5.70, 20.00, 20.00, -1085.54, 20.00, 4.63, 6.11, 1.50, 0.00, 0.00, 0.00, 0.00, 90.00, 0, 0
2.00, 5.70, 20.00, 20.00, -1090.08, 20.00, 4.63, 6.11, 1.50, 0.00, 1.64, 0.00, 0.00, 90.00, 0, 0
2.00, 5.70, 20.00, 20.00, -1038.93, 20.00, 4.63, 6.67, 2.10, 0.00, 23.00, 0.00, -51.47, 83.01, 0, 0
2.00, 5.70, 20.00, 20.00, -909.33, 20.00, 4.63, 8.33, 3.80, 0.00, 55.48, 0.00, -40.11, 74.86, 0, 0
2.00, 5.70, 20.00, 20.00, -808.29, 20.00, 4.63, 9.44, 5.01, 0.00, 78.38, 0.00, -27.16, 68.55, 0, 0
2.00, 5.70, 20.00, 20.00, -836.16, 20.00, 4.63, 9.44, 5.01, 0.00, 52.09, 0.00, -12.71, 64.66, 0, 0
2.00, 5.70, 20.00, 20.00, -790.39, 20.00, 4.63, 10.00, 5.51, 0.00, 65.68, 0.00, 2.60, 63.65, 0, 0
2.00, 5.70, 20.00, 20.00, -781.88, 20.00, 4.63, 10.00, 5.51, 0.00, 66.32, 0.00, 17.73, 65.67, 0, 0
2.00, 5.70, 20.00, 20.00, -699.39, 20.00, 4.63, 10.56, 6.11, 0.00, 64.25, 0.00, 31.71, 70.43, 0, 0
2.00, 5.70, 20.00, 20.00, -763.01, 20.00, 4.63, 10.00, 5.51, 0.00, 40.20, 0.00, 44.11, 77.43, 0, 0
2.00, 5.70, 20.00, 20.00, -842.39, 20.00, 4.63, 9.44, 5.01, 0.00, 11.50, 0.00, 54.99, 86.09, 0, 0
2.00, 5.70, 20.00, 20.00, -810.03, 20.00, 4.63, 8.89, 4.40, 0.00, 1.64, 0.00, 0.00, 90.00, 0, 0
2.00, 5.70, 20.00, 20.00, -612.53, 20.00, 4.63, 8.89, 4.40, 0.00, 0.00, 0.00, 0.00, 90.00, 0, 0
2.00, 5.70, 20.00, 20.00, -593.41, 20.00, 4.63, 8.89, 4.40, 0.00, 0.00, 0.00, 0.00, 90.00, 0, 0
2.00, 5.70, 20.00, 20.00, -604.87, 20.00, 4.63, 8.33, 3.91, 0.00, 0.00, 0.00, 0.00, 90.00, 0, 0
2.00, 5.70, 20.00, 20.00, -593.68, 20.00, 4.63, 8.33, 3.80, 0.00, 0.00, 0.00, 0.00, 90.00, 0, 0
2.00, 5.70, 19.92, 19.92, -783.17, 20.00, 4.63, 7.78, 3.30, 0.00, 0.00, 0.00, 0.00, 90.00, 0, 0
2.00, 5.70, 19.77, 19.77, -980.66, 20.00, 4.63, 7.78, 3.30, 0.00, 0.00, 0.00, 0.00, 90.00, 0, 0
2.00, 5.70, 19.65, 19.65, -1025.52, 20.00, 4.63, 7.78, 3.30, 0.00, 0.00, 0.00, 0.00, 90.00, 0, 0
2.00, 5.70, 19.53, 19.53, -1089.73, 20.00, 4.63, 7.22, 2.70, 0.00, 0.00, 0.00, 0.00, 90.00, 0, 0
2.00, 5.70, 19.43, 19.43, -1121.73, 20.00, 4.63, 7.22, 2.70, 0.00, 0.00, 0.00, 0.00, 90.00, 0, 0
2.00, 5.70, 19.34, 19.34, -1148.72, 20.00, 4.63, 7.22, 2.70, 0.00, 0.00, 0.00, 0.00, 90.00, 0, 0
2.00, 5.70, 19.27, 19.27, -1172.03, 20.00, 4.63, 7.22, 2.70, 0.00, 0.00, 0.00, 0.00, 90.00, 0, 0
2.00, 5.70, 19.18, 19.18, -1220.95, 20.00, 4.63, 6.67, 2.21, 0.00, 0.00, 0.00, 0.00, 90.00, 0, 0
2.00, 5.70, 20.00, 20.00, -1063.73, 20.00, 4.63, 6.67, 2.21, 0.00, 0.00, 0.00, 0.00, 90.00, 0, 0
2.00, 5.70, 20.00, 20.00, -1065.11, 20.00, 4.63, 6.67, 2.21, 0.00, 3.29, 0.00, 0.00, 90.00, 0, 0
2.00, 5.70, 20.00, 20.00, -986.72, 20.00, 4.63, 7.78, 3.30, 0.00, 24.65, 0.00, -51.61, 83.01, 0, 0
2.00, 5.70, 20.00, 20.00, -888.02, 20.00, 4.63, 8.89, 4.40, 0.00, 53.18, 0.00, -40.24, 74.84, 0, 0
2.00, 5.70, 20.00, 20.00, -792.25, 20.00, 4.63, 10.00, 5.51, 0.00, 75.91, 0.00, -27.29, 68.50, 0, 0
2.00, 5.70, 20.00, 20.00, -759.34, 20.00, 4.63, 10.56, 6.11, 0.00, 72.86, 0.00, -12.84, 64.59, 0, 0
2.00, 5.70, 20.00, 20.00, -695.18, 20.00, 4.63, 11.11, 6.72, 0.00, 89.48, 0.00, 2.49, 63.56, 0, 0
2.00, 5.70, 20.00, 20.00, -660.09, 20.00, 4.63, 11.67, 7.22, 0.00, 84.23, 0.00, 17.64, 65.56, 0, 0
2.00, 5.70, 20.00, 20.00, -711.14, 20.00, 4.63, 11.11, 6.72, 0.00, 45.94, 0.00, 31.65, 70.31, 0, 0
2.00, 5.70, 20.00, 20.00, -770.47, 20.00, 4.63, 10.56, 6.11, 0.00, 23.00, 0.00, 44.08, 77.30, 0, 0
2.00, 5.70, 20.00, 20.00, -821.68, 20.00, 4.63, 10.00, 5.51, 0.00, 8.22, 0.00, 54.97, 85.96, 0, 0
2.00, 5.70, 20.00, 20.00, -760.13, 20.00, 4.63, 10.00, 5.51, 0.00, 0.00, 0.00, 0.00, 90.00, 0, 0
2.00, 5.70, 20.00, 20.00, -584.77, 20.00, 4.63, 9.44, 4.90, 0.00, 0.00, 0.00, 0.00, 90.00, 0, 0
2.00, 5.70, 20.00, 20.00, -591.12, 20.00, 4.63, 8.89, 4.40, 0.00, 0.00, 0.00, 0.00, 90.00, 0, 0
2.00, 5.70, 20.00, 20.00, -576.71, 20.00, 4.63, 8.89, 4.30, 0.00, 0.00, 0.00, 0.00, 90.00, 0, 0
2.00, 5.70, 20.00, 20.00, -590.99, 20.00, 4.63, 8.33, 3.80, 0.00, 0.00, 0.00, 0.00, 90.00, 0, 0
2.00, 5.70, 19.90, 19.90, -783.65, 20.00, 4.63, 7.78, 3.20, 0.00, 0.00, 0.00, 0.00, 90.00, 0, 0
2.00, 5.70, 19.73, 19.73, -983.31, 20.00, 4.63, 7.78, 3.20, 0.00, 0.00, 0.00, 0.00, 90.00, 0, 0
2.00, 5.70, 19.59, 19.59, -1058.12, 20.00, 4.63, 7.22, 2.59, 0.00, 0.00, 0.00, 0.00, 90.00, 0, 0
2.00, 5.70, 19.46, 19.46, -1125.87, 20.00, 4.63, 6.67, 2.10, 0.00, 0.00, 0.00, 0.00, 90.00, 0, 0
2.00, 5.70, 19.33, 19.33, -1189.18, 20.00, 4.63, 6.11, 1.50, 0.00, 0.00, 0.00, 0.00, 90.00, 0, 0
2.00, 5.70, 19.21, 19.21, -1249.36, 20.00, 4.63, 5.56, 1.01, 0.00, 0.00, 0.00, 0.00, 90.00, 0, 0
2.00, 5.70, 19.09, 19.09, -1307.56, 20.00, 4.63, 5.00, 0.41, 0.00, 0.00, 0.00, 0.00, 90.00, 0, 0
2.00, 5.70, 18.99, 18.99, -1335.64, 20.00, 4.63, 5.00, 0.30, 0.00, 0.00, 0.00, 0.00, 90.00, 0, 0
2.00, 5.70, 20.00, 20.00, -1175.89, 20.00, 4.63, 4.44, -0.31, 0.00, 0.00, 0.00, 0.00, 90.00, 0, 0
2.00, 5.70, 20.00, 20.00, -1179.40, 20.00, 4.63, 4.44, -0.31, 0.00, 3.29, 0.00, 0.00, 90.00, 0, 0
2.00, 5.70, 20.00, 20.00, -1140.54, 20.00, 4.63, 5.00, 0.30, 0.00, 16.43, 0.00, -51.74, 83.01, 0, 0
2.00, 5.70, 20.00, 20.00, -1041.39, 20.00, 4.63, 6.11, 1.50, 0.00, 48.25, 0.00, -40.38, 74.81, 0, 0
2.00, 5.70, 20.00, 20.00, -960.40, 20.00, 4.63, 7.22, 2.59, 0.00, 63.65, 0.00, -27.43, 68.45, 0, 0
2.00, 5.70, 20.00, 20.00, -819.22, 20.00, 4.63, 8.33, 3.69, 0.00, 93.36, 0.00, -12.97, 64.52, 0, 0
2.00, 5.70, 20.00, 20.00, -734.66, 20.00, 4.63, 9.44, 4.79, 0.00, 112.51, 0.00, 2.38, 63.46, 0, 0
2.00, 5.70, 20.00, 20.00, -671.32, 20.00, 4.63, 10.56, 5.89, 0.00, 101.01, 0.00, 17.56, 65.44, 0, 0
2.00, 5.70, 20.00, 20.00, -721.72, 20.00, 4.63, 10.00, 5.40, 0.00, 66.07, 0.00, 31.60, 70.18, 0, 0
2.00, 5.70, 20.00, 20.00, -792.32, 20.00, 4.63, 9.44, 4.79, 0.00, 38.78, 0.00, 44.05, 77.17, 0, 0
2.00, 5.70, 20.00, 20.00, -859.03, 20.00, 4.63, 8.89, 4.18, 0.00, 16.43, 0.00, 54.96, 85.82, 0, 0
2.00, 5.70, 20.00, 20.00, -834.77, 20.00, 4.63, 8.33, 3.57, 0.00, 1.64, 0.00, 0.00, 90.00, 0, 0
2.00, 5.70, 20.00, 20.00, -665.41, 20.00, 4.63, 7.78, 3.08, 0.00, 0.00, 0.00, 0.00, 90.00, 0, 0
2.00, 5.70, 20.00, 20.00, -675.08, 20.00, 4.63, 7.22, 2.48, 0.00, 0.00, 0.00, 0.00, 90.00, 0, 0
2.00, 5.70, 20.00, 20.00, -689.37, 20.00, 4.63, 6.67, 1.87, 0.00, 0.00, 0.00, 0.00, 90.00, 0, 0
2.00, 5.70, 20.00, 20.00, -706.70, 20.00, 4.63, 6.11, 1.39, 0.00, 0.00, 0.00, 0.00, 90.00, 0, 0
2.00, 5.70, 19.84, 19.84, -885.02, 20.00, 4.63, 6.11, 1.26, 0.00, 0.00, 0.00, 0.00, 90.00, 0, 0
2.00, 5.70, 19.62, 19.62, -1121.55, 20.00, 4.63, 5.56, 0.66, 0.00, 0.00, 0.00, 0.00, 90.00, 0, 0
2.00, 5.70, 19.44, 19.44, -1205.48, 20.00, 4.63, 5.00, 0.18, 0.00, 0.00, 0.00, 0.00, 90.00, 0, 0
2.00, 5.70, 19.27, 19.27, -1280.82, 20.00, 4.63, 4.44, -0.43, 0.00, 0.00, 0.00, 0.00, 90.00, 0, 0
2.00, 5.70, 19.12, 19.12, -1350.50, 20.00, 4.63, 3.89, -1.03, 0.00, 0.00, 0.00, 0.00, 90.00, 0, 0
2.00, 5.70, 18.96, 18.96, -1445.36, 20.00, 4.63, 2.78, -2.11, 0.00, 0.00, 0.00, 0.00, 90.00, 0, 0
2.00, 5.70, 18.81, 18.81, -1511.00, 20.00, 4.63, 2.22, -2.71, 0.00, 0.00, 0.00, 0.00, 90.00, 0, 0
2.00, 5.70, 18.67, 18.67, -1574.27, 20.00, 4.63, 1.67, -3.19, 0.00, 0.00, 0.00, 0.00, 90.00, 0, 0
2.00, 5.70, 20.00, 20.00, -1364.30, 20.00, 4.63, 1.11, -3.79, 0.00, 0.00, 0.00, 0.00, 90.00, 0, 0
2.00, 5.70, 20.00, 20.00, -1379.75, 20.00, 4.63, 1.11, -3.79, 0.00, 4.93, 0.00, 0.00, 90.00, 0, 0
2.00, 5.70, 20.00, 20.00, -1269.67, 20.00, 4.63, 2.78, -2.23, 0.00, 27.70, 0.00, -51.89, 82.99, 0, 0
2.00, 5.70, 20.00, 20.00, -1093.90, 20.00, 4.63, 5.00, 0.05, 0.00, 58.82, 0.00, -40.53, 74.78, 0, 0
2.00, 5.70, 20.00, 20.00, -904.20, 20.00, 4.63, 7.22, 2.35, 0.00, 84.30, 0.00, -27.57, 68.40, 0, 0
2.00, 5.70, 20.00, 20.00, -710.86, 20.00, 4.63, 8.89, 4.06, 0.00, 102.84, 0.00, -13.10, 64.44, 0, 0
2.00, 5.70, 20.00, 20.00, -652.06, 20.00, 4.63, 10.56, 5.63, 0.00, 97.54, 0.00, 2.28, 63.36, 0, 0
2.00, 5.70, 20.00, 20.00, -567.41, 20.00, 4.63, 11.11, 6.25, 0.00, 83.51, 0.00, 17.48, 65.32, 0, 0
2.00, 5.70, 20.00, 20.00, -495.41, 20.00, 4.63, 11.67, 6.73, 0.00, 73.32, 0.00, 31.55, 70.05, 0, 0
2.00, 5.70, 20.00, 20.00, -645.29, 20.00, 4.63, 10.56, 5.63, 0.00, 50.64, 0.00, 44.02, 77.03, 0, 0
2.00, 5.70, 20.00, 20.00, -792.59, 20.00, 4.63, 9.44, 4.54, 0.00, 26.29, 0.00, 54.96, 85.68, 0, 0
2.00, 5.70, 20.00, 20.00, -812.64, 20.00, 4.63, 8.33, 3.44, 0.00, 3.29, 0.00, 0.00, 90.00, 0, 0
2.00, 5.70, 20.00, 20.00, -644.21, 20.00, 4.63, 7.78, 2.83, 0.00, 0.00, 0.00, 0.00, 90.00, 0, 0
2.00, 5.70, 20.00, 20.00, -657.68, 20.00, 4.63, 7.22, 2.35, 0.00, 0.00, 0.00, 0.00, 90.00, 0, 0
2.00, 5.70, 20.00, 20.00, -674.89, 20.00, 4.63, 6.67, 1.74, 0.00, 0.00, 0.00, 0.00, 90.00, 0, 0
2.00, 5.70, 20.00, 20.00, -694.43, 20.00, 4.63, 6.11, 1.26, 0.00, 0.00, 0.00, 0.00, 90.00, 0, 0
2.00, 5.70, 19.82, 19.82, -903.84, 20.00, 4.63, 5.56, 0.66, 0.00, 0.00, 0.00, 0.00, 90.00, 0, 0
2.00, 5.70, 19.59, 19.59, -1144.76, 20.00, 4.63, 5.00, 0.05, 0.00, 0.00, 0.00, 0.00, 90.00, 0, 0
2.00, 5.70, 19.39, 19.39, -1232.19, 20.00, 4.63, 4.44, -0.43, 0.00, 0.00, 0.00, 0.00, 90.00, 0, 0
2.00, 5.70, 19.22, 19.22, -1310.41, 20.00, 4.63, 3.89, -1.03, 0.00, 0.00, 0.00, 0.00, 90.00, 0, 0
2.00, 5.70, 19.06, 19.06, -1382.53, 20.00, 4.63, 3.33, -1.63, 0.00, 0.00, 0.00, 0.00, 90.00, 0, 0
2.00, 5.70, 18.91, 18.91, -1450.38, 20.00, 4.63, 2.78, -2.11, 0.00, 0.00, 0.00, 0.00, 90.00, 0, 0
2.00, 5.70, 18.77, 18.77, -1515.40, 20.00, 4.63, 2.22, -2.71, 0.00, 0.00, 0.00, 0.00, 90.00, 0, 0
2.00, 5.70, 18.63, 18.63, -1578.43, 20.00, 4.63, 1.67, -3.31, 0.00, 0.00, 0.00, 0.00, 90.00, 0, 0
2.00, 5.70, 20.00, 20.00, -1287.80, 20.00, 4.63, 1.11, -3.91, 0.00, 0.00, 0.00, 0.00, 90.00, 0, 0
2.00, 5.70, 20.00, 20.00, -1298.52, 20.00, 4.63, 1.11, -3.91, 0.00, 3.29, 0.00, 0.00, 90.00, 0, 0
2.00, 5.70, 20.00, 20.00, -1248.57, 20.00, 4.63, 1.67, -3.19, 0.00, 22.23, 0.00, -52.03, 82.97, 0, 0
2.00, 5.70, 20.00, 20.00, -1113.19, 20.00, 4.63, 3.33, -1.63, 0.00, 54.33, 0.00, -40.67, 74.74, 0, 0
2.00, 5.70, 20.00, 20.00, -905.74, 20.00, 4.63, 5.56, 0.66, 0.00, 86.07, 0.00, -27.72, 68.34, 0, 0
2.00, 5.70, 20.00, 20.00, -774.11, 20.00, 4.63, 7.22, 2.35, 0.00, 101.32, 0.00, -13.23, 64.35, 0, 0
2.00, 5.70, 20.00, 20.00, -794.91, 20.00, 4.63, 7.22, 2.35, 0.00, 100.45, 0.00, 2.17, 63.25, 0, 0
2.00, 5.70, 20.00, 20.00, -735.62, 20.00, 4.63, 7.78, 2.96, 0.00, 95.44, 0.00, 17.41, 65.19, 0, 0
2.00, 5.70, 20.00, 20.00, -747.19, 20.00, 4.63, 7.78, 2.96, 0.00, 75.69, 0.00, 31.50, 69.91, 0, 0
2.00, 5.70, 20.00, 20.00, -849.60, 20.00, 4.63, 7.22, 2.35, 0.00, 39.19, 0.00, 44.00, 76.88, 0, 0
2.00, 5.70, 20.00, 20.00, -955.32, 20.00, 4.63, 6.11, 1.26, 0.00, 11.50, 0.00, 54.96, 85.53, 0, 0
2.00, 5.70, 20.00, 20.00, -928.81, 20.00, 4.63, 5.56, 0.66, 0.00, 1.64, 0.00, 0.00, 90.00, 0, 0
2.00, 5.70, 20.00, 20.00, -725.67, 20.00, 4.63, 5.56, 0.66, 0.00, 0.00, 0.00, 0.00, 90.00, 0, 0
2.00, 5.70, 20.00, 20.00, -734.97, 20.00, 4.63, 5.00, 0.18, 0.00, 0.00, 0.00, 0.00, 90.00, 0, 0
2.00, 5.70, 20.00, 20.00, -722.49, 20.00, 4.63, 5.00, 0.18, 0.00, 0.00, 0.00, 0.00, 90.00, 0, 0
2.00, 5.70, 20.00, 20.00, -739.09, 20.00, 4.63, 4.44, -0.43, 0.00, 0.00, 0.00, 0.00, 90.00, 0, 0
2.00, 5.70, 19.78, 19.78, -975.13, 20.00, 4.63, 4.44, -0.43, 0.00, 0.00, 0.00, 0.00, 90.00, 0, 0
2.00, 5.70, 19.53, 19.53, -1223.17, 20.00, 4.63, 3.89, -0.91, 0.00, 0.00, 0.00, 0.00, 90.00, 0, 0
2.00, 5.70, 19.32, 19.32, -1287.22, 20.00, 4.63, 3.89, -1.03, 0.00, 0.00, 0.00, 0.00, 90.00, 0, 0
2.00, 5.70, 19.13, 19.13, -1367.25, 20.00, 4.63, 3.33, -1.51, 0.00, 0.00, 0.00, 0.00, 90.00, 0, 0
2.00, 5.70, 18.98, 18.98, -1411.80, 20.00, 4.63, 3.33, -1.51, 0.00, 0.00, 0.00, 0.00, 90.00, 0, 0
2.00, 5.70, 18.85, 18.85, -1449.51, 20.00, 4.63, 3.33, -1.63, 0.00, 0.00, 0.00, 0.00, 90.00, 0, 0
2.00, 5.70, 18.72, 18.72, -1511.07, 20.00, 4.63, 2.78, -2.11, 0.00, 0.00, 0.00, 0.00, 90.00, 0, 0
2.00, 5.70, 18.61, 18.61, -1542.11, 20.00, 4.63, 2.78, -2.11, 0.00, 0.00, 0.00, 0.00, 90.00, 0, 0
2.00, 5.70, 20.00, 20.00, -1243.38, 20.00, 4.63, 2.22, -2.59, 0.00, 0.00, 0.00, 0.00, 90.00, 0, 0
2.00, 5.70, 20.00, 20.00, -1254.13, 20.00, 4.63, 2.22, -2.59, 0.00, 1.64, 0.00, 0.00, 90.00, 0, 0
2.00, 5.70, 20.00, 20.00, -1171.45, 20.00, 4.63, 3.33, -1.51, 0.00, 22.87, 0.00, -52.18, 82.95, 0, 0
2.00, 5.70, 20.00, 20.00, -1030.78, 20.00, 4.63, 5.00, 0.18, 0.00, 57.54, 0.00, -40.82, 74.69, 0, 0
2.00, 5.70, 20.00, 20.00, -927.74, 20.00, 4.63, 6.11, 1.39, 0.00, 80.31, 0.00, -27.86, 68.27, 0, 0
2.00, 5.70, 20.00, 20.00, -898.60, 20.00, 4.63, 6.67, 1.87, 0.00, 75.01, 0.00, -13.36, 64.25, 0, 0
2.00, 5.70, 20.00, 20.00, -842.34, 20.00, 4.63, 7.22, 2.48, 0.00, 87.79, 0.00, 2.06, 63.13, 0, 0
2.00, 5.70, 20.00, 20.00, -805.04, 20.00, 4.63, 7.78, 2.96, 0.00, 82.94, 0.00, 17.33, 65.05, 0, 0
2.00, 5.70, 20.00, 20.00, -773.32, 20.00, 4.63, 7.78, 3.08, 0.00, 72.88, 0.00, 31.46, 69.76, 0, 0
2.00, 5.70, 20.00, 20.00, -825.44, 20.00, 4.63, 7.78, 2.96, 0.00, 42.89, 0.00, 43.99, 76.73, 0, 0
2.00, 5.70, 20.00, 20.00, -946.13, 20.00, 4.63, 6.67, 1.87, 0.00, 9.86, 0.00, 54.96, 85.38, 0, 0
2.00, 5.70, 20.00, 20.00, -908.24, 20.00, 4.63, 6.11, 1.39, 0.00, 0.00, 0.00, 0.00, 90.00, 0, 0
2.00, 5.70, 20.00, 20.00, -709.41, 20.00, 4.63, 6.11, 1.26, 0.00, 0.00, 0.00, 0.00, 90.00, 0, 0
2.00, 5.70, 20.00, 20.00, -717.27, 20.00, 4.63, 5.56, 0.78, 0.00, 0.00, 0.00, 0.00, 90.00, 0, 0
2.00, 5.70, 20.00, 20.00, -730.19, 20.00, 4.63, 5.00, 0.18, 0.00, 0.00, 0.00, 0.00, 90.00, 0, 0
2.00, 5.70, 20.00, 20.00, -719.76, 20.00, 4.63, 5.00, 0.18, 0.00, 0.00, 0.00, 0.00, 90.00, 0, 0
2.00, 5.70, 19.78, 19.78, -983.14, 20.00, 4.63, 4.44, -0.43, 0.00, 0.00, 0.00, 0.00, 90.00, 0, 0
2.00, 5.70, 19.51, 19.51, -1232.21, 20.00, 4.63, 3.89, -0.91, 0.00, 0.00, 0.00, 0.00, 90.00, 0, 0
2.00, 5.70, 19.30, 19.30, -1296.89, 20.00, 4.63, 3.89, -1.03, 0.00, 0.00, 0.00, 0.00, 90.00, 0, 0
2.00, 5.70, 19.12, 19.12, -1377.31, 20.00, 4.63, 3.33, -1.51, 0.00, 0.00, 0.00, 0.00, 90.00, 0, 0
2.00, 5.70, 18.95, 18.95, -1451.24, 20.00, 4.63, 2.78, -2.11, 0.00, 0.00, 0.00, 0.00, 90.00, 0, 0
2.00, 5.70, 18.80, 18.80, -1491.38, 20.00, 4.63, 2.78, -2.11, 0.00, 0.00, 0.00, 0.00, 90.00, 0, 0
2.00, 5.70, 18.67, 18.67, -1555.08, 20.00, 4.63, 2.22, -2.71, 0.00, 0.00, 0.00, 0.00, 90.00, 0, 0
2.00, 5.70, 18.53, 18.53, -1616.97, 20.00, 4.63, 1.67, -3.19, 0.00, 0.00, 0.00, 0.00, 90.00, 0, 0
2.00, 5.70, 20.00, 20.00, -1378.97, 20.00, 4.63, 1.11, -3.79, 0.00, 0.00, 0.00, 0.00, 90.00, 0, 0
2.00, 5.70, 20.00, 20.00, -1396.11, 20.00, 4.63, 1.11, -3.79, 0.00, 3.29, 0.00, 0.00, 90.00, 0, 0
2.00, 5.70, 20.00, 20.00, -1371.44, 20.00, 4.63, 1.67, -3.19, 0.00, 8.22, 0.00, -52.34, 82.92, 0, 0
2.00, 5.70, 20.00, 20.00, -1261.50, 20.00, 4.63, 2.78, -2.11, 0.00, 46.35, 0.00, -40.97, 74.64, 0, 0
2.00, 5.70, 20.00, 20.00, -1105.43, 20.00, 4.63, 4.44, -0.43, 0.00, 87.28, 0.00, -28.01, 68.19, 0, 0
2.00, 5.70, 20.00, 20.00, -952.84, 20.00, 4.63, 6.11, 1.26, 0.00, 105.34, 0.00, -13.49, 64.15, 0, 0
2.00, 5.70, 20.00, 20.00, -930.81, 20.00, 4.63, 6.67, 1.87, 0.00, 105.54, 0.00, 1.96, 63.01, 0, 0
2.00, 5.70, 20.00, 20.00, -920.14, 20.00, 4.63, 7.22, 2.35, 0.00, 88.99, 0.00, 17.26, 64.91, 0, 0
2.00, 5.70, 20.00, 20.00, -966.59, 20.00, 4.63, 6.67, 1.87, 0.00, 58.59, 0.00, 31.43, 69.61, 0, 0
2.00, 5.70, 20.00, 20.00, -1053.76, 20.00, 4.63, 6.11, 1.26, 0.00, 18.07, 0.00, 43.98, 76.58, 0, 0
2.00, 5.70, 20.00, 20.00, -1140.30, 20.00, 4.63, 5.00, 0.18, 0.00, 1.64, 0.00, 54.97, 85.22, 0, 0
2.00, 5.70, 20.00, 20.00, -1091.35, 20.00, 4.63, 4.44, -0.43, 0.00, 0.00, 0.00, 0.00, 90.00, 0, 0
2.00, 5.70, 20.00, 20.00, -892.05, 20.00, 4.63, 4.44, -0.43, 0.00, 0.00, 0.00, 0.00, 90.00, 0, 0
2.00, 5.70, 20.00, 20.00, -900.36, 20.00, 4.63, 3.89, -0.91, 0.00, 0.00, 0.00, 0.00, 90.00, 0, 0
2.00, 5.70, 20.00, 20.00, -887.24, 20.00, 4.63, 3.89, -1.03, 0.00, 0.00, 0.00, 0.00, 90.00, 0, 0
2.00, 5.70, 20.00, 20.00, -876.74, 20.00, 4.63, 3.89, -1.03, 0.00, 0.00, 0.00, 0.00, 90.00, 0, 0
2.00, 5.70, 19.72, 19.72, -1101.02, 20.00, 4.63, 3.33, -1.63, 0.00, 0.00, 0.00, 0.00, 90.00, 0, 0
2.00, 5.70, 19.43, 19.43, -1323.36, 20.00, 4.63, 3.33, -1.63, 0.00, 0.00, 0.00, 0.00, 90.00, 0, 0
2.00, 5.70, 19.19, 19.19, -1416.05, 20.00, 4.63, 2.78, -2.11, 0.00, 0.00, 0.00, 0.00, 90.00, 0, 0
2.00, 5.70, 18.98, 18.98, -1498.17, 20.00, 4.63, 2.22, -2.71, 0.00, 0.00, 0.00, 0.00, 90.00, 0, 0
2.00, 5.70, 18.81, 18.81, -1543.96, 20.00, 4.63, 2.22, -2.71, 0.00, 0.00, 0.00, 0.00, 90.00, 0, 0
2.00, 5.70, 18.65, 18.65, -1611.78, 20.00, 4.63, 1.67, -3.31, 0.00, 0.00, 0.00, 0.00, 90.00, 0, 0
2.00, 5.70, 18.49, 18.49, -1676.71, 20.00, 4.63, 1.11, -3.79, 0.00, 0.00, 0.00, 0.00, 90.00, 0, 0
2.00, 5.70, 18.36, 18.36, -1710.29, 20.00, 4.63, 1.11, -3.91, 0.00, 0.00, 0.00, 0.00, 90.00, 0, 0
2.00, 5.70, 20.00, 20.00, -1441.92, 20.00, 4.63, 0.56, -4.38, 0.00, 0.00, 0.00, 0.00, 90.00, 0, 0
2.00, 5.70, 20.00, 20.00, -1455.67, 20.00, 4.63, 0.56, -4.38, 0.00, 4.93, 0.00, 0.00, 90.00, 0, 0
2.00, 5.70, 20.00, 20.00, -1382.15, 20.00, 4.63, 1.67, -3.31, 0.00, 23.23, 0.00, -52.49, 82.88, 0, 0
2.00, 5.70, 20.00, 20.00, -1279.79, 20.00, 4.63, 2.78, -2.11, 0.00, 54.29, 0.00, -41.13, 74.59, 0, 0
2.00, 5.70, 20.00, 20.00, -1151.85, 20.00, 4.63, 3.89, -1.03, 0.00, 83.35, 0.00, -28.15, 68.11, 0, 0
2.00, 5.70, 20.00, 20.00, -999.10, 20.00, 4.63, 5.56, 0.66, 0.00, 102.86, 0.00, -13.62, 64.05, 0, 0
2.00, 5.70, 20.00, 20.00, -1012.39, 20.00, 4.63, 6.11, 1.26, 0.00, 89.14, 0.00, 1.86, 62.88, 0, 0
2.00, 5.70, 20.00, 20.00, -1094.18, 20.00, 4.63, 5.56, 0.66, 0.00, 51.50, 0.00, 17.20, 64.76, 0, 0
2.00, 5.70, 20.00, 20.00, -1170.16, 20.00, 4.63, 4.44, -0.43, 0.00, 21.36, 0.00, 31.39, 69.46, 0, 0
2.00, 5.70, 20.00, 20.00, -1199.96, 20.00, 4.63, 3.89, -0.91, 0.00, 24.05, 0.00, 43.97, 76.42, 0, 0
2.00, 5.70, 20.00, 20.00, -1244.18, 20.00, 4.63, 3.33, -1.51, 0.00, 16.43, 0.00, 54.99, 85.07, 0, 0
2.00, 5.70, 20.00, 20.00, -1189.70, 20.00, 4.63, 3.33, -1.51, 0.00, 3.29, 0.00, 0.00, 90.00, 0, 0
2.00, 5.70, 20.00, 20.00, -983.79, 20.00, 4.63, 3.33, -1.51, 0.00, 0.00, 0.00, 0.00, 90.00, 0, 0
2.00, 5.70, 20.00, 20.00, -990.99, 20.00, 4.63, 2.78, -2.11, 0.00, 0.00, 0.00, 0.00, 90.00, 0, 0
2.00, 5.70, 20.00, 20.00, -976.70, 20.00, 4.63, 2.78, -2.11, 0.00, 0.00, 0.00, 0.00, 90.00, 0, 0
2.00, 5.70, 20.00, 20.00, -965.28, 20.00, 4.63, 2.78, -2.11, 0.00, 0.00, 0.00, 0.00, 90.00, 0, 0
2.00, 5.70, 19.69, 19.69, -1168.01, 20.00, 4.63, 2.78, -2.11, 0.00, 0.00, 0.00, 0.00, 90.00, 0, 0
2.00, 5.70, 19.37, 19.37, -1393.27, 20.00, 4.63, 2.78, -2.11, 0.00, 0.00, 0.00, 0.00, 90.00, 0, 0
2.00, 5.70, 19.11, 19.11, -1488.12, 20.00, 4.63, 2.22, -2.71, 0.00, 0.00, 0.00, 0.00, 90.00, 0, 0
2.00, 5.70, 18.90, 18.90, -1542.39, 20.00, 4.63, 2.22, -2.71, 0.00, 0.00, 0.00, 0.00, 90.00, 0, 0
2.00, 5.70, 18.71, 18.71, -1615.96, 20.00, 4.63, 1.67, -3.19, 0.00, 0.00, 0.00, 0.00, 90.00, 0, 0
2.00, 5.70, 18.56, 18.56, -1655.67, 20.00, 4.63, 1.67, -3.31, 0.00, 0.00, 0.00, 0.00, 90.00, 0, 0
2.00, 5.70, 18.42, 18.42, -1689.61, 20.00, 4.63, 1.67, -3.31, 0.00, 0.00, 0.00, 0.00, 90.00, 0, 0
2.00, 5.70, 18.29, 18.29, -1748.67, 20.00, 4.63, 1.11, -3.79, 0.00, 0.00, 0.00, 0.00, 90.00, 0, 0
2.00, 5.70, 20.00, 20.00, -1438.04, 20.00, 4.63, 1.11, -3.79, 0.00, 0.00, 0.00, 0.00, 90.00, 0, 0
2.00, 5.70, 20.00, 20.00, -1447.35, 20.00, 4.63, 1.11, -3.79, 0.00, 6.57, 0.00, 0.00, 90.00, 0, 0
2.00, 5.70, 20.00, 20.00, -1291.95, 20.00, 4.63, 3.33, -1.63, 0.00, 36.94, 0.00, -52.65, 82.84, 0, 0
2.00, 5.70, 20.00, 20.00, -1197.33, 20.00, 4.63, 4.44, -0.43, 0.00, 60.59, 0.00, -41.29, 74.52, 0, 0
2.00, 5.70, 20.00, 20.00, -1118.55, 20.00, 4.63, 5.56, 0.66, 0.00, 73.88, 0.00, -28.30, 68.02, 0, 0
2.00, 5.70, 20.00, 20.00, -1100.21, 20.00, 4.63, 5.56, 0.78, 0.00, 79.37, 0.00, -13.75, 63.93, 0, 0
2.00, 5.70, 20.00, 20.00, -1126.80, 20.00, 4.63, 5.56, 0.66, 0.00, 54.70, 0.00, 1.76, 62.74, 0, 0
2.00, 5.70, 20.00, 20.00, -1112.34, 20.00, 4.63, 5.56, 0.66, 0.00, 61.37, 0.00, 17.13, 64.61, 0, 0
2.00, 5.70, 20.00, 20.00, -1069.94, 20.00, 4.63, 5.56, 0.78, 0.00, 68.71, 0.00, 31.36, 69.29, 0, 0
2.00, 5.70, 20.00, 20.00, -1096.69, 20.00, 4.63, 5.56, 0.66, 0.00, 45.84, 0.00, 43.97, 76.25, 0, 0
2.00, 5.70, 20.00, 20.00, -1168.81, 20.00, 4.63, 5.00, 0.05, 0.00, 14.79, 0.00, 55.01, 84.90, 0, 0
2.00, 5.70, 20.00, 20.00, -1132.99, 20.00, 4.63, 4.44, -0.43, 0.00, 0.00, 0.00, 0.00, 90.00, 0, 0
2.00, 5.70, 20.00, 20.00, -958.79, 20.00, 4.63, 3.89, -1.03, 0.00, 0.00, 0.00, 0.00, 90.00, 0, 0
2.00, 5.70, 20.00, 20.00, -939.39, 20.00, 4.63, 3.89, -1.03, 0.00, 0.00, 0.00, 0.00, 90.00, 0, 0
2.00, 5.70, 20.00, 20.00, -951.25, 20.00, 4.63, 3.33, -1.63, 0.00, 0.00, 0.00, 0.00, 90.00, 0, 0
2.00, 5.70, 20.00, 20.00, -966.72, 20.00, 4.63, 2.78, -2.11, 0.00, 0.00, 0.00, 0.00, 90.00, 0, 0
2.00, 5.70, 19.68, 19.68, -1171.33, 20.00, 4.63, 2.78, -2.23, 0.00, 0.00, 0.00, 0.00, 90.00, 0, 0
2.00, 5.70, 19.35, 19.35, -1426.97, 20.00, 4.63, 2.22, -2.71, 0.00, 0.00, 0.00, 0.00, 90.00, 0, 0
2.00, 5.70, 19.08, 19.08, -1525.17, 20.00, 4.63, 1.67, -3.31, 0.00, 0.00, 0.00, 0.00, 90.00, 0, 0
2.00, 5.70, 18.86, 18.86, -1581.97, 20.00, 4.63, 1.67, -3.31, 0.00, 0.00, 0.00, 0.00, 90.00, 0, 0
2.00, 5.70, 18.66, 18.66, -1657.70, 20.00, 4.63, 1.11, -3.79, 0.00, 0.00, 0.00, 0.00, 90.00, 0, 0
2.00, 5.70, 18.50, 18.50, -1699.14, 20.00, 4.63, 1.11, -3.91, 0.00, 0.00, 0.00, 0.00, 90.00, 0, 0
2.00, 5.70, 18.34, 18.34, -1764.00, 20.00, 4.63, 0.56, -4.38, 0.00, 0.00, 0.00, 0.00, 90.00, 0, 0
2.00, 5.70, 18.20, 18.20, -1797.50, 20.00, 4.63, 0.56, -4.51, 0.00, 0.00, 0.00, 0.00, 90.00, 0, 0
2.00, 5.70, 20.00, 20.00, -1499.82, 20.00, 4.63, 0.00, -4.98, 0.00, 0.00, 0.00, 0.00, 90.00, 0, 0
2.00, 5.70, 20.00, 20.00, -1485.46, 20.00, 4.63, 0.56, -4.51, 0.00, 4.93, 0.00, 0.00, 90.00, 0, 0
2.00, 5.70, 20.00, 20.00, -1402.18, 20.00, 4.63, 1.67, -3.31, 0.00, 26.15, 0.00, -52.81, 82.79, 0, 0
2.00, 5.70, 20.00, 20.00, -1306.17, 20.00, 4.63, 2.78, -2.23, 0.00, 53.51, 0.00, -41.44, 74.45, 0, 0
2.00, 5.70, 20.00, 20.00, -1150.83, 20.00, 4.63, 4.44, -0.55, 0.00, 83.25, 0.00, -28.45, 67.93, 0, 0
2.00, 5.70, 20.00, 20.00, -961.90, 20.00, 4.63, 6.67, 1.61, 0.00, 101.08, 0.00, -13.88, 63.81, 0, 0
2.00, 5.70, 20.00, 20.00, -895.15, 20.00, 4.63, 7.78, 2.83, 0.00, 105.74, 0.00, 1.66, 62.60, 0, 0
2.00, 5.70, 20.00, 20.00, -823.41, 20.00, 4.63, 8.33, 3.44, 0.00, 99.98, 0.00, 17.07, 64.45, 0, 0
2.00, 5.70, 20.00, 20.00, -738.77, 20.00, 4.63, 8.89, 3.92, 0.00, 80.17, 0.00, 31.34, 69.13, 0, 0
2.00, 5.70, 20.00, 20.00, -799.14, 20.00, 4.63, 8.89, 3.79, 0.00, 53.98, 0.00, 43.98, 76.09, 0, 0
2.00, 5.70, 20.00, 20.00, -950.05, 20.00, 4.63, 7.78, 2.70, 0.00, 29.57, 0.00, 55.04, 84.74, 0, 0
2.00, 5.70, 20.00, 20.00, -973.55, 20.00, 4.63, 6.67, 1.61, 0.00, 1.64, 0.00, 0.00, 90.00, 0, 0
2.00, 5.70, 20.00, 20.00, -799.79, 20.00, 4.63, 6.11, 1.01, 0.00, 0.00, 0.00, 0.00, 90.00, 0, 0
2.00, 5.70, 20.00, 20.00, -811.02, 20.00, 4.63, 5.56, 0.40, 0.00, 0.00, 0.00, 0.00, 90.00, 0, 0
2.00, 5.70, 20.00, 20.00, -826.25, 20.00, 4.63, 5.00, -0.21, 0.00, 0.00, 0.00, 0.00, 90.00, 0, 0
2.00, 5.70, 20.00, 20.00, -870.79, 20.00, 4.63, 3.89, -1.15, 0.00, 0.00, 0.00, 0.00, 90.00, 0, 0
2.00, 5.70, 19.71, 19.71, -1100.15, 20.00, 4.63, 3.33, -1.76, 0.00, 0.00, 0.00, 0.00, 90.00, 0, 0
2.00, 5.70, 19.40, 19.40, -1355.25, 20.00, 4.63, 2.78, -2.36, 0.00, 0.00, 0.00, 0.00, 90.00, 0, 0
2.00, 5.70, 19.14, 19.14, -1453.20, 20.00, 4.63, 2.22, -2.96, 0.00, 0.00, 0.00, 0.00, 90.00, 0, 0
2.00, 5.70, 18.90, 18.90, -1568.70, 20.00, 4.63, 1.11, -4.04, 0.00, 0.00, 0.00, 0.00, 90.00, 0, 0
2.00, 5.70, 18.68, 18.68, -1679.10, 20.00, 4.63, 0.00, -5.11, 0.00, 0.00, 0.00, 0.00, 90.00, 0, 0
2.00, 5.70, 18.49, 18.49, -1756.61, 20.00, 4.63, -0.56, -5.72, 0.00, 0.00, 0.00, 0.00, 90.00, 0, 0
2.00, 5.70, 18.29, 18.29, -1859.53, 20.00, 4.63, -1.67, -6.93, 0.00, 0.00, 0.00, 0.00, 90.00, 0, 0
2.00, 5.70, 18.11, 18.11, -1931.95, 20.00, 4.63, -2.22, -7.53, 0.00, 0.00, 0.00, 0.00, 90.00, 0, 0
2.00, 5.70, 20.00, 20.00, -1651.32, 20.00, 4.63, -3.33, -8.59, 0.00, 0.00, 0.00, 0.00, 90.00, 0, 0
2.00, 5.70, 20.00, 20.00, -1668.59, 20.00, 4.63, -3.33, -8.59, 0.00, 6.57, 0.00, 0.00, 90.00, 0, 0
2.00, 5.70, 20.00, 20.00, -1600.50, 20.00, 4.63, -2.22, -7.53, 0.00, 22.84, 0.00, -52.98, 82.74, 0, 0
2.00, 5.70, 20.00, 20.00, -1495.58, 20.00, 4.63, -1.11, -6.32, 0.00, 56.40, 0.00, -41.61, 74.38, 0, 0
2.00, 5.70, 20.00, 20.00, -1352.51, 20.00, 4.63, 0.56, -4.65, 0.00, 89.07, 0.00, -28.60, 67.83, 0, 0
2.00, 5.70, 20.00, 20.00, -1255.36, 20.00, 4.63, 1.67, -3.58, 0.00, 102.96, 0.00, -14.01, 63.68, 0, 0
2.00, 5.70, 20.00, 20.00, -1156.82, 20.00, 4.63, 2.78, -2.36, 0.00, 107.85, 0.00, 1.56, 62.45, 0, 0
2.00, 5.70, 20.00, 20.00, -1052.62, 20.00, 4.63, 3.89, -1.29, 0.00, 103.33, 0.00, 17.01, 64.29, 0, 0
2.00, 5.70, 20.00, 20.00, -1051.95, 20.00, 4.63, 3.89, -1.29, 0.00, 79.55, 0.00, 31.32, 68.96, 0, 0
2.00, 5.70, 20.00, 20.00, -1146.80, 20.00, 4.63, 3.33, -1.89, 0.00, 50.84, 0.00, 43.99, 75.91, 0, 0
2.00, 5.70, 20.00, 20.00, -1271.04, 20.00, 4.63, 2.22, -2.96, 0.00, 24.65, 0.00, 55.07, 84.57, 0, 0
2.00, 5.70, 20.00, 20.00, -1261.91, 20.00, 4.63, 1.67, -3.58, 0.00, 3.29, 0.00, 0.00, 90.00, 0, 0
2.00, 5.70, 20.00, 20.00, -1088.93, 20.00, 4.63, 1.11, -4.04, 0.00, 0.00, 0.00, 0.00, 90.00, 0, 0
2.00, 5.70, 20.00, 20.00, -1102.02, 20.00, 4.63, 0.56, -4.65, 0.00, 0.00, 0.00, 0.00, 90.00, 0, 0
2.00, 5.70, 20.00, 20.00, -1092.03, 20.00, 4.63, 0.56, -4.65, 0.00, 0.00, 0.00, 0.00, 90.00, 0, 0
2.00, 5.70, 20.00, 20.00, -1111.52, 20.00, 4.63, 0.00, -5.26, 0.00, 0.00, 0.00, 0.00, 90.00, 0, 0
2.00, 5.70, 19.59, 19.59, -1361.87, 20.00, 4.63, -0.56, -5.72, 0.00, 0.00, 0.00, 0.00, 90.00, 0, 0
2.00, 5.70, 19.19, 19.19, -1633.04, 20.00, 4.63, -1.11, -6.32, 0.00, 0.00, 0.00, 0.00, 90.00, 0, 0
2.00, 5.70, 18.88, 18.88, -1713.81, 20.00, 4.63, -1.11, -6.32, 0.00, 0.00, 0.00, 0.00, 90.00, 0, 0
2.00, 5.70, 18.61, 18.61, -1807.96, 20.00, 4.63, -1.67, -6.93, 0.00, 0.00, 0.00, 0.00, 90.00, 0, 0
2.00, 5.70, 18.39, 18.39, -1863.26, 20.00, 4.63, -1.67, -6.93, 0.00, 0.00, 0.00, 0.00, 90.00, 0, 0
2.00, 5.70, 18.19, 18.19, -1939.93, 20.00, 4.63, -2.22, -7.53, 0.00, 0.00, 0.00, 0.00, 90.00, 0, 0
2.00, 5.70, 18.02, 18.02, -1982.68, 20.00, 4.63, -2.22, -7.53, 0.00, 0.00, 0.00, 0.00, 90.00, 0, 0
2.00, 5.70, 17.85, 17.85, -2050.21, 20.00, 4.63, -2.78, -7.99, 0.00, 0.00, 0.00, 0.00, 90.00, 0, 0
2.00, 5.70, 20.00, 20.00, -1622.13, 20.00, 4.63, -3.33, -8.59, 0.00, 0.00, 0.00, 0.00, 90.00, 0, 0
2.00, 5.70, 20.00, 20.00, -1603.58, 20.00, 4.63, -2.78, -7.99, 0.00, 4.93, 0.00, 0.00, 90.00, 0, 0
2.00, 5.70, 20.00, 20.00, -1512.85, 20.00, 4.63, -1.67, -6.79, 0.00, 27.34, 0.00, -53.15, 82.68, 0, 0
2.00, 5.70, 20.00, 20.00, -1339.16, 20.00, 4.63, 0.56, -4.65, 0.00, 52.56, 0.00, -41.77, 74.30, 0, 0
2.00, 5.70, 20.00, 20.00, -1170.46, 20.00, 4.63, 2.22, -2.83, 0.00, 80.77, 0.00, -28.76, 67.72, 0, 0
2.00, 5.70, 20.00, 20.00, -941.72, 20.00, 4.63, 4.44, -0.68, 0.00, 100.93, 0.00, -14.14, 63.55, 0, 0
2.00, 5.70, 20.00, 20.00, -875.72, 20.00, 4.63, 6.11, 1.01, 0.00, 101.15, 0.00, 1.46, 62.29, 0, 0
2.00, 5.70, 20.00, 20.00, -787.37, 20.00, 4.63, 6.67, 1.61, 0.00, 94.26, 0.00, 16.96, 64.12, 0, 0
2.00, 5.70, 20.00, 20.00, -807.12, 20.00, 4.63, 6.67, 1.48, 0.00, 80.02, 0.00, 31.30, 68.78, 0, 0
2.00, 5.70, 20.00, 20.00, -975.16, 20.00, 4.63, 5.56, 0.40, 0.00, 42.37, 0.00, 44.00, 75.74, 0, 0
2.00, 5.70, 20.00, 20.00, -1120.55, 20.00, 4.63, 3.89, -1.15, 0.00, 13.14, 0.00, 55.11, 84.39, 0, 0
2.00, 5.70, 20.00, 20.00, -1096.99, 20.00, 4.63, 3.33, -1.76, 0.00, 3.29, 0.00, 0.00, 90.00, 0, 0
2.00, 5.70, 20.00, 20.00, -896.40, 20.00, 4.63, 3.33, -1.76, 0.00, 0.00, 0.00, 0.00, 90.00, 0, 0
2.00, 5.70, 20.00, 20.00, -907.02, 20.00, 4.63, 2.78, -2.23, 0.00, 0.00, 0.00, 0.00, 90.00, 0, 0
2.00, 5.70, 20.00, 20.00, -895.10, 20.00, 4.63, 2.78, -2.36, 0.00, 0.00, 0.00, 0.00, 90.00, 0, 0
2.00, 5.70, 20.00, 20.00, -912.12, 20.00, 4.63, 2.22, -2.83, 0.00, 0.00, 0.00, 0.00, 90.00, 0, 0
2.00, 5.70, 19.67, 19.67, -1169.15, 20.00, 4.63, 2.22, -2.83, 0.00, 0.00, 0.00, 0.00, 90.00, 0, 0
2.00, 5.70, 19.34, 19.34, -1403.23, 20.00, 4.63, 2.22, -2.83, 0.00, 0.00, 0.00, 0.00, 90.00, 0, 0
2.00, 5.70, 19.07, 19.07, -1505.01, 20.00, 4.63, 1.67, -3.43, 0.00, 0.00, 0.00, 0.00, 90.00, 0, 0
2.00, 5.70, 18.84, 18.84, -1594.07, 20.00, 4.63, 1.11, -3.91, 0.00, 0.00, 0.00, 0.00, 90.00, 0, 0
2.00, 5.70, 18.64, 18.64, -1645.33, 20.00, 4.63, 1.11, -4.04, 0.00, 0.00, 0.00, 0.00, 90.00, 0, 0
2.00, 5.70, 18.47, 18.47, -1717.60, 20.00, 4.63, 0.56, -4.51, 0.00, 0.00, 0.00, 0.00, 90.00, 0, 0
2.00, 5.70, 18.31, 18.31, -1756.74, 20.00, 4.63, 0.56, -4.51, 0.00, 0.00, 0.00, 0.00, 90.00, 0, 0
2.00, 5.70, 18.17, 18.17, -1820.43, 20.00, 4.63, 0.00, -5.11, 0.00, 0.00, 0.00, 0.00, 90.00, 0, 0
2.00, 5.70, 20.00, 20.00, -1442.28, 20.00, 4.63, -0.56, -5.58, 0.00, 0.00, 0.00, 0.00, 90.00, 0, 0
2.00, 5.70, 20.00, 20.00, -1454.62, 20.00, 4.63, -0.56, -5.58, 0.00, 1.64, 0.00, 0.00, 90.00, 0, 0
2.00, 5.70, 20.00, 20.00, -1414.41, 20.00, 4.63, 0.00, -4.98, 0.00, 13.14, 0.00, -53.32, 82.62, 0, 0
2.00, 5.70, 20.00, 20.00, -1324.44, 20.00, 4.63, 1.11, -3.91, 0.00, 37.79, 0.00, -41.94, 74.21, 0, 0
2.00, 5.70, 20.00, 20.00, -1194.35, 20.00, 4.63, 2.22, -2.83, 0.00, 77.94, 0.00, -28.91, 67.61, 0, 0
2.00, 5.70, 20.00, 20.00, -1029.86, 20.00, 4.63, 3.89, -1.15, 0.00, 107.21, 0.00, -14.27, 63.41, 0, 0
2.00, 5.70, 20.00, 20.00, -981.99, 20.00, 4.63, 5.00, -0.08, 0.00, 101.80, 0.00, 1.37, 62.13, 0, 0
2.00, 5.70, 20.00, 20.00, -1061.22, 20.00, 4.63, 4.44, -0.55, 0.00, 58.54, 0.00, 16.91, 63.94, 0, 0
2.00, 5.70, 20.00, 20.00, -1075.72, 20.00, 4.63, 4.44, -0.55, 0.00, 47.91, 0.00, 31.29, 68.60, 0, 0
2.00, 5.70, 20.00, 20.00, -1111.93, 20.00, 4.63, 3.89, -1.15, 0.00, 41.77, 0.00, 44.02, 75.55, 0, 0
2.00, 5.70, 20.00, 20.00, -1177.67, 20.00, 4.63, 3.33, -1.63, 0.00, 16.43, 0.00, 55.15, 84.22, 0, 0
2.00, 5.70, 20.00, 20.00, -1150.81, 20.00, 4.63, 2.78, -2.23, 0.00, 3.29, 0.00, 0.00, 90.00, 0, 0
2.00, 5.70, 20.00, 20.00, -945.09, 20.00, 4.63, 2.78, -2.23, 0.00, 0.00, 0.00, 0.00, 90.00, 0, 0
2.00, 5.70, 20.00, 20.00, -952.36, 20.00, 4.63, 2.22, -2.83, 0.00, 0.00, 0.00, 0.00, 90.00, 0, 0
2.00, 5.70, 20.00, 20.00, -964.88, 20.00, 4.63, 1.67, -3.31, 0.00, 0.00, 0.00, 0.00, 90.00, 0, 0
2.00, 5.70, 20.00, 20.00, -953.87, 20.00, 4.63, 1.67, -3.43, 0.00, 0.00, 0.00, 0.00, 90.00, 0, 0
2.00, 5.70, 19.64, 19.64, -1241.82, 20.00, 4.63, 1.11, -4.04, 0.00, 0.00, 0.00, 0.00, 90.00, 0, 0
2.00, 5.70, 19.28, 19.28, -1508.84, 20.00, 4.63, 0.56, -4.51, 0.00, 0.00, 0.00, 0.00, 90.00, 0, 0
2.00, 5.70, 18.99, 18.99, -1586.56, 20.00, 4.63, 0.56, -4.65, 0.00, 0.00, 0.00, 0.00, 90.00, 0, 0
2.00, 5.70, 18.75, 18.75, -1677.66, 20.00, 4.63, 0.00, -5.11, 0.00, 0.00, 0.00, 0.00, 90.00, 0, 0
2.00, 5.70, 18.53, 18.53, -1760.30, 20.00, 4.63, -0.56, -5.72, 0.00, 0.00, 0.00, 0.00, 90.00, 0, 0
2.00, 5.70, 18.33, 18.33, -1837.02, 20.00, 4.63, -1.11, -6.32, 0.00, 0.00, 0.00, 0.00, 90.00, 0, 0
2.00, 5.70, 18.15, 18.15, -1909.47, 20.00, 4.63, -1.67, -6.79, 0.00, 0.00, 0.00, 0.00, 90.00, 0, 0
2.00, 5.70, 17.98, 17.98, -1979.07, 20.00, 4.63, -2.22, -7.39, 0.00, 0.00, 0.00, 0.00, 90.00, 0, 0
2.00, 5.70, 20.00, 20.00, -1644.89, 20.00, 4.63, -2.78, -7.99, 0.00, 0.00, 0.00, 0.00, 90.00, 0, 0
2.00, 5.70, 20.00, 20.00, -1695.22, 20.00, 4.63, -3.33, -8.45, 0.00, 1.64, 0.00, 0.00, 90.00, 0, 0
2.00, 5.70, 20.00, 20.00, -1676.52, 20.00, 4.63, -2.78, -7.99, 0.00, 3.29, 0.00, -53.49, 82.54, 0, 0
2.00, 5.70, 20.00, 20.00, -1667.00, 20.00, 4.63, -2.78, -7.85, 0.00, 16.43, 0.00, -42.10, 74.11, 0, 0
2.00, 5.70, 20.00, 20.00, -1604.41, 20.00, 4.63, -2.22, -7.25, 0.00, 44.36, 0.00, -29.06, 67.49, 0, 0
2.00, 5.70, 20.00, 20.00, -1442.07, 20.00, 4.63, -0.56, -5.72, 0.00, 87.00, 0.00, -14.40, 63.26, 0, 0
2.00, 5.70, 20.00, 20.00, -1395.29, 20.00, 4.63, 0.00, -4.98, 0.00, 95.81, 0.00, 1.28, 61.96, 0, 0
2.00, 5.70, 20.00, 20.00, -1358.99, 20.00, 4.63, 0.56, -4.38, 0.00, 90.12, 0.00, 16.86, 63.76, 0, 0
2.00, 5.70, 20.00, 20.00, -1370.65, 20.00, 4.63, 0.56, -4.38, 0.00, 58.27, 0.00, 31.29, 68.41, 0, 0
2.00, 5.70, 20.00, 20.00, -1428.87, 20.00, 4.63, 0.56, -4.51, 0.00, 23.00, 0.00, 44.05, 75.37, 0, 0
2.00, 5.70, 20.00, 20.00, -1484.82, 20.00, 4.63, 0.00, -4.98, 0.00, 8.22, 0.00, 55.20, 84.04, 0, 0
2.00, 5.70, 20.00, 20.00, -1440.63, 20.00, 4.63, -0.56, -5.58, 0.00, 0.00, 0.00, 0.00, 90.00, 0, 0
2.00, 5.70, 20.00, 20.00, -1240.48, 20.00, 4.63, -0.56, -5.58, 0.00, 0.00, 0.00, 0.00, 90.00, 0, 0
2.00, 5.70, 20.00, 20.00, -1221.44, 20.00, 4.63, -0.56, -5.58, 0.00, 0.00, 0.00, 0.00, 90.00, 0, 0
2.00, 5.70, 20.00, 20.00, -1207.04, 20.00, 4.63, -0.56, -5.58, 0.00, 0.00, 0.00, 0.00, 90.00, 0, 0
2.00, 5.70, 20.00, 20.00, -1195.62, 20.00, 4.63, -0.56, -5.58, 0.00, 0.00, 0.00, 0.00, 90.00, 0, 0
2.00, 5.70, 19.56, 19.56, -1421.35, 20.00, 4.63, -0.56, -5.58, 0.00, 0.00, 0.00, 0.00, 90.00, 0, 0
2.00, 5.70, 19.15, 19.15, -1663.34, 20.00, 4.63, -0.56, -5.58, 0.00, 0.00, 0.00, 0.00, 90.00, 0, 0
2.00, 5.70, 18.83, 18.83, -1741.56, 20.00, 4.63, -0.56, -5.58, 0.00, 0.00, 0.00, 0.00, 90.00, 0, 0
2.00, 5.70, 18.58, 18.58, -1803.26, 20.00, 4.63, -0.56, -5.58, 0.00, 0.00, 0.00, 0.00, 90.00, 0, 0
2.00, 5.70, 18.37, 18.37, -1853.61, 20.00, 4.63, -0.56, -5.58, 0.00, 0.00, 0.00, 0.00, 90.00, 0, 0
2.00, 5.70, 18.19, 18.19, -1895.85, 20.00, 4.63, -0.56, -5.58, 0.00, 0.00, 0.00, 0.00, 90.00, 0, 0
2.00, 5.70, 18.03, 18.03, -1932.13, 20.00, 4.63, -0.56, -5.58, 0.00, 0.00, 0.00, 0.00, 90.00, 0, 0
2.00, 5.70, 17.91, 17.91, -1934.24, 20.00, 4.63, 0.00, -4.98, 0.00, 0.00, 0.00, 0.00, 90.00, 0, 0
2.00, 5.70, 20.00, 20.00, -1552.92, 20.00, 4.63, 0.00, -4.98, 0.00, 0.00, 0.00, 0.00, 90.00, 0, 0
2.00, 5.70, 20.00, 20.00, -1533.17, 20.00, 4.63, 0.56, -4.38, 0.00, 6.57, 0.00, 0.00, 90.00, 0, 0
2.00, 5.70, 20.00, 20.00, -1442.41, 20.00, 4.63, 1.67, -3.31, 0.00, 30.11, 0.00, -53.67, 82.47, 0, 0
2.00, 5.70, 20.00, 20.00, -1315.39, 20.00, 4.63, 3.33, -1.63, 0.00, 57.66, 0.00, -42.27, 74.01, 0, 0
2.00, 5.70, 20.00, 20.00, -1250.82, 20.00, 4.63, 3.89, -1.03, 0.00, 77.46, 0.00, -29.22, 67.36, 0, 0
2.00, 5.70, 20.00, 20.00, -1181.64, 20.00, 4.63, 4.44, -0.43, 0.00, 96.15, 0.00, -14.53, 63.11, 0, 0
2.00, 5.70, 20.00, 20.00, -1152.70, 20.00, 4.63, 5.00, 0.05, 0.00, 88.42, 0.00, 1.19, 61.79, 0, 0
2.00, 5.70, 20.00, 20.00, -1165.45, 20.00, 4.63, 5.00, 0.18, 0.00, 71.73, 0.00, 16.82, 63.57, 0, 0
2.00, 5.70, 20.00, 20.00, -1203.45, 20.00, 4.63, 4.44, -0.43, 0.00, 42.72, 0.00, 31.29, 68.22, 0, 0
2.00, 5.70, 20.00, 20.00, -1214.77, 20.00, 4.63, 4.44, -0.43, 0.00, 31.27, 0.00, 44.08, 75.18, 0, 0
2.00, 5.70, 20.00, 20.00, -1255.96, 20.00, 4.63, 3.89, -1.03, 0.00, 24.65, 0.00, 55.25, 83.85, 0, 0
2.00, 5.70, 20.00, 20.00, -1233.83, 20.00, 4.63, 3.33, -1.51, 0.00, 4.93, 0.00, 0.00, 90.00, 0, 0
2.00, 5.70, 20.00, 20.00, -1028.84, 20.00, 4.63, 3.33, -1.63, 0.00, 0.00, 0.00, 0.00, 90.00, 0, 0
2.00, 5.70, 20.00, 20.00, -1034.63, 20.00, 4.63, 2.78, -2.11, 0.00, 0.00, 0.00, 0.00, 90.00, 0, 0
2.00, 5.70, 20.00, 20.00, -1018.88, 20.00, 4.63, 2.78, -2.11, 0.00, 0.00, 0.00, 0.00, 90.00, 0, 0
2.00, 5.70, 20.00, 20.00, -1005.97, 20.00, 4.63, 2.78, -2.11, 0.00, 0.00, 0.00, 0.00, 90.00, 0, 0
2.00, 5.70, 19.63, 19.63, -1244.88, 20.00, 4.63, 2.22, -2.71, 0.00, 0.00, 0.00, 0.00, 90.00, 0, 0
2.00, 5.70, 19.28, 19.28, -1476.94, 20.00, 4.63, 2.22, -2.71, 0.00, 0.00, 0.00, 0.00, 90.00, 0, 0
2.00, 5.70, 18.99, 18.99, -1576.43, 20.00, 4.63, 1.67, -3.19, 0.00, 0.00, 0.00, 0.00, 90.00, 0, 0
2.00, 5.70, 18.76, 18.76, -1633.98, 20.00, 4.63, 1.67, -3.31, 0.00, 0.00, 0.00, 0.00, 90.00, 0, 0
2.00, 5.70, 18.57, 18.57, -1680.59, 20.00, 4.63, 1.67, -3.31, 0.00, 0.00, 0.00, 0.00, 90.00, 0, 0
2.00, 5.70, 18.40, 18.40, -1748.78, 20.00, 4.63, 1.11, -3.79, 0.00, 0.00, 0.00, 0.00, 90.00, 0, 0
2.00, 5.70, 18.24, 18.24, -1813.86, 20.00, 4.63, 0.56, -4.38, 0.00, 0.00, 0.00, 0.00, 90.00, 0, 0
2.00, 5.70, 18.09, 18.09, -1847.09, 20.00, 4.63, 0.56, -4.38, 0.00, 0.00, 0.00, 0.00, 90.00, 0, 0
2.00, 5.70, 20.00, 20.00, -1525.29, 20.00, 4.63, 0.00, -4.87, 0.00, 0.00, 0.00, 0.00, 90.00, 0, 0
2.00, 5.70, 20.00, 20.00, -1509.83, 20.00, 4.63, 0.56, -4.38, 0.00, 4.93, 0.00, 0.00, 90.00, 0, 0
2.00, 5.70, 20.00, 20.00, -1378.19, 20.00, 4.63, 2.22, -2.71, 0.00, 35.68, 0.00, -53.85, 82.38, 0, 0
2.00, 5.70, 20.00, 20.00, -1204.11, 20.00, 4.63, 4.44, -0.43, 0.00, 69.07, 0.00, -42.45, 73.91, 0, 0
2.00, 5.70, 20.00, 20.00, -1110.84, 20.00, 4.63, 5.56, 0.66, 0.00, 86.29, 0.00, -29.38, 67.23, 0, 0
2.00, 5.70, 20.00, 20.00, -982.96, 20.00, 4.63, 6.67, 1.74, 0.00, 107.19, 0.00, -14.66, 62.95, 0, 0
2.00, 5.70, 20.00, 20.00, -951.16, 20.00, 4.63, 7.22, 2.35, 0.00, 111.89, 0.00, 1.10, 61.60, 0, 0
2.00, 5.70, 20.00, 20.00, -961.21, 20.00, 4.63, 7.22, 2.35, 0.00, 97.61, 0.00, 16.78, 63.38, 0, 0
2.00, 5.70, 20.00, 20.00, -1011.79, 20.00, 4.63, 6.67, 1.87, 0.00, 59.82, 0.00, 31.29, 68.02, 0, 0
2.00, 5.70, 20.00, 20.00, -1076.32, 20.00, 4.63, 6.11, 1.26, 0.00, 35.49, 0.00, 44.12, 74.99, 0, 0
2.00, 5.70, 20.00, 20.00, -1162.20, 20.00, 4.63, 5.00, 0.18, 0.00, 16.43, 0.00, 55.32, 83.67, 0, 0
2.00, 5.70, 20.00, 20.00, -1138.58, 20.00, 4.63, 4.44, -0.43, 0.00, 1.64, 0.00, 0.00, 90.00, 0, 0
2.00, 5.70, 20.00, 20.00, -932.56, 20.00, 4.63, 4.44, -0.43, 0.00, 0.00, 0.00, 0.00, 90.00, 0, 0
2.00, 5.70, 20.00, 20.00, -940.01, 20.00, 4.63, 3.89, -0.91, 0.00, 0.00, 0.00, 0.00, 90.00, 0, 0
2.00, 5.70, 20.00, 20.00, -925.80, 20.00, 4.63, 3.89, -0.91, 0.00, 0.00, 0.00, 0.00, 90.00, 0, 0
2.00, 5.70, 20.00, 20.00, -914.25, 20.00, 4.63, 3.89, -1.03, 0.00, 0.00, 0.00, 0.00, 90.00, 0, 0
2.00, 5.70, 19.68, 19.68, -1145.86, 20.00, 4.63, 3.33, -1.51, 0.00, 0.00, 0.00, 0.00, 90.00, 0, 0
2.00, 5.70, 19.37, 19.37, -1372.97, 20.00, 4.63, 3.33, -1.51, 0.00, 0.00, 0.00, 0.00, 90.00, 0, 0
2.00, 5.70, 19.10, 19.10, -1468.77, 20.00, 4.63, 2.78, -2.11, 0.00, 0.00, 0.00, 0.00, 90.00, 0, 0
2.00, 5.70, 18.89, 18.89, -1523.56, 20.00, 4.63, 2.78, -2.11, 0.00, 0.00, 0.00, 0.00, 90.00, 0, 0
2.00, 5.70, 18.72, 18.72, -1568.08, 20.00, 4.63, 2.78, -2.11, 0.00, 0.00, 0.00, 0.00, 90.00, 0, 0
2.00, 5.70, 18.56, 18.56, -1634.48, 20.00, 4.63, 2.22, -2.71, 0.00, 0.00, 0.00, 0.00, 90.00, 0, 0
2.00, 5.70, 18.42, 18.42, -1668.67, 20.00, 4.63, 2.22, -2.71, 0.00, 0.00, 0.00, 0.00, 90.00, 0, 0
2.00, 5.70, 18.28, 18.28, -1727.57, 20.00, 4.63, 1.67, -3.19, 0.00, 0.00, 0.00, 0.00, 90.00, 0, 0
2.00, 5.70, 20.00, 20.00, -1410.93, 20.00, 4.63, 1.67, -3.19, 0.00, 0.00, 0.00, 0.00, 90.00, 0, 0
2.00, 5.70, 20.00, 20.00, -1392.20, 20.00, 4.63, 2.22, -2.71, 0.00, 6.57, 0.00, 0.00, 90.00, 0, 0
2.00, 5.70, 20.00, 20.00, -1302.19, 20.00, 4.63, 3.33, -1.51, 0.00, 27.92, 0.00, -54.03, 82.30, 0, 0
2.00, 5.70, 20.00, 20.00, -1162.86, 20.00, 4.63, 5.00, 0.18, 0.00, 56.43, 0.00, -42.62, 73.80, 0, 0
2.00, 5.70, 20.00, 20.00, -1000.38, 20.00, 4.63, 6.67, 1.87, 0.00, 85.66, 0.00, -29.54, 67.09, 0, 0
2.00, 5.70, 20.00, 20.00, -859.39, 20.00, 4.63, 8.33, 3.57, 0.00, 107.42, 0.00, -14.79, 62.79, 0, 0
2.00, 5.70, 20.00, 20.00, -892.22, 20.00, 4.63, 8.33, 3.57, 0.00, 99.53, 0.00, 1.02, 61.42, 0, 0
2.00, 5.70, 20.00, 20.00, -912.15, 20.00, 4.63, 8.33, 3.57, 0.00, 81.51, 0.00, 16.74, 63.18, 0, 0
2.00, 5.70, 20.00, 20.00, -923.19, 20.00, 4.63, 7.78, 2.96, 0.00, 67.99, 0.00, 31.30, 67.82, 0, 0
2.00, 5.70, 20.00, 20.00, -1030.03, 20.00, 4.63, 6.67, 1.99, 0.00, 28.23, 0.00, 44.16, 74.79, 0, 0
2.00, 5.70, 20.00, 20.00, -1102.16, 20.00, 4.63, 6.11, 1.39, 0.00, 3.29, 0.00, 55.38, 83.48, 0, 0
2.00, 5.70, 20.00, 20.00, -1062.04, 20.00, 4.63, 5.56, 0.78, 0.00, 1.64, 0.00, 0.00, 90.00, 0, 0
2.00, 5.70, 20.00, 20.00, -855.63, 20.00, 4.63, 5.56, 0.78, 0.00, 0.00, 0.00, 0.00, 90.00, 0, 0
2.00, 5.70, 20.00, 20.00, -862.39, 20.00, 4.63, 5.00, 0.30, 0.00, 0.00, 0.00, 0.00, 90.00, 0, 0
2.00, 5.70, 20.00, 20.00, -847.91, 20.00, 4.63, 5.00, 0.18, 0.00, 0.00, 0.00, 0.00, 90.00, 0, 0
2.00, 5.70, 20.00, 20.00, -836.07, 20.00, 4.63, 5.00, 0.18, 0.00, 0.00, 0.00, 0.00, 90.00, 0, 0
2.00, 5.70, 19.73, 19.73, -1059.67, 20.00, 4.63, 4.44, -0.31, 0.00, 0.00, 0.00, 0.00, 90.00, 0, 0
2.00, 5.70, 19.44, 19.44, -1281.09, 20.00, 4.63, 4.44, -0.31, 0.00, 0.00, 0.00, 0.00, 90.00, 0, 0
2.00, 5.70, 19.22, 19.22, -1343.50, 20.00, 4.63, 4.44, -0.31, 0.00, 0.00, 0.00, 0.00, 90.00, 0, 0
2.00, 5.70, 19.02, 19.02, -1421.54, 20.00, 4.63, 3.89, -0.91, 0.00, 0.00, 0.00, 0.00, 90.00, 0, 0
2.00, 5.70, 18.86, 18.86, -1463.90, 20.00, 4.63, 3.89, -0.91, 0.00, 0.00, 0.00, 0.00, 90.00, 0, 0
2.00, 5.70, 18.73, 18.73, -1499.20, 20.00, 4.63, 3.89, -0.91, 0.00, 0.00, 0.00, 0.00, 90.00, 0, 0
2.00, 5.70, 18.59, 18.59, -1558.30, 20.00, 4.63, 3.33, -1.39, 0.00, 0.00, 0.00, 0.00, 90.00, 0, 0
2.00, 5.70, 18.48, 18.48, -1586.97, 20.00, 4.63, 3.33, -1.39, 0.00, 0.00, 0.00, 0.00, 90.00, 0, 0
2.00, 5.70, 20.00, 20.00, -1303.26, 20.00, 4.63, 3.33, -1.51, 0.00, 0.00, 0.00, 0.00, 90.00, 0, 0
2.00, 5.70, 20.00, 20.00, -1315.11, 20.00, 4.63, 3.33, -1.39, 0.00, 3.29, 0.00, 0.00, 90.00, 0, 0
2.00, 5.70, 20.00, 20.00, -1287.12, 20.00, 4.63, 3.89, -0.91, 0.00, 8.22, 0.00, -54.22, 82.20, 0, 0
2.00, 5.70, 20.00, 20.00, -1233.05, 20.00, 4.63, 4.44, -0.31, 0.00, 29.57, 0.00, -42.79, 73.68, 0, 0
2.00, 5.70, 20.00, 20.00, -1077.06, 20.00, 4.63, 6.11, 1.39, 0.00, 73.36, 0.00, -29.69, 66.94, 0, 0
2.00, 5.70, 20.00, 20.00, -901.77, 20.00, 4.63, 7.78, 3.08, 0.00, 109.94, 0.00, -14.92, 62.61, 0, 0
2.00, 5.70, 20.00, 20.00, -790.78, 20.00, 4.63, 9.44, 4.67, 0.00, 113.06, 0.00, 0.93, 61.23, 0, 0
2.00, 5.70, 20.00, 20.00, -682.50, 20.00, 4.63, 10.56, 5.89, 0.00, 104.94, 0.00, 16.71, 62.98, 0, 0
2.00, 5.70, 20.00, 20.00, -648.16, 20.00, 4.63, 11.11, 6.38, 0.00, 88.56, 0.00, 31.31, 67.62, 0, 0
2.00, 5.70, 20.00, 20.00, -739.96, 20.00, 4.63, 10.56, 5.77, 0.00, 60.49, 0.00, 44.21, 74.59, 0, 0
2.00, 5.70, 20.00, 20.00, -827.73, 20.00, 4.63, 10.00, 5.28, 0.00, 27.93, 0.00, 55.45, 83.28, 0, 0
2.00, 5.70, 20.00, 20.00, -842.62, 20.00, 4.63, 8.89, 4.18, 0.00, 3.29, 0.00, 0.00, 90.00, 0, 0
2.00, 5.70, 20.00, 20.00, -669.04, 20.00, 4.63, 8.33, 3.57, 0.00, 0.00, 0.00, 0.00, 90.00, 0, 0
2.00, 5.70, 20.00, 20.00, -678.10, 20.00, 4.63, 7.78, 2.96, 0.00, 0.00, 0.00, 0.00, 90.00, 0, 0
2.00, 5.70, 20.00, 20.00, -665.21, 20.00, 4.63, 7.78, 2.96, 0.00, 0.00, 0.00, 0.00, 90.00, 0, 0
2.00, 5.70, 20.00, 20.00, -680.69, 20.00, 4.63, 7.22, 2.35, 0.00, 0.00, 0.00, 0.00, 90.00, 0, 0
2.00, 5.70, 19.81, 19.81, -891.55, 20.00, 4.63, 6.67, 1.74, 0.00, 0.00, 0.00, 0.00, 90.00, 0, 0
2.00, 5.70, 19.57, 19.57, -1132.35, 20.00, 4.63, 6.11, 1.26, 0.00, 0.00, 0.00, 0.00, 90.00, 0, 0
2.00, 5.70, 19.37, 19.37, -1218.89, 20.00, 4.63, 5.56, 0.66, 0.00, 0.00, 0.00, 0.00, 90.00, 0, 0
2.00, 5.70, 19.18, 19.18, -1324.33, 20.00, 4.63, 4.44, -0.43, 0.00, 0.00, 0.00, 0.00, 90.00, 0, 0
2.00, 5.70, 19.01, 19.01, -1397.01, 20.00, 4.63, 3.89, -1.03, 0.00, 0.00, 0.00, 0.00, 90.00, 0, 0
2.00, 5.70, 18.85, 18.85, -1464.81, 20.00, 4.63, 3.33, -1.63, 0.00, 0.00, 0.00, 0.00, 90.00, 0, 0
2.00, 5.70, 18.69, 18.69, -1558.41, 20.00, 4.63, 2.22, -2.71, 0.00, 0.00, 0.00, 0.00, 90.00, 0, 0
2.00, 5.70, 18.54, 18.54, -1623.09, 20.00, 4.63, 1.67, -3.31, 0.00, 0.00, 0.00, 0.00, 90.00, 0, 0
2.00, 5.70, 20.00, 20.00, -1336.18, 20.00, 4.63, 0.56, -4.38, 0.00, 0.00, 0.00, 0.00, 90.00, 0, 0
2.00, 5.70, 20.00, 20.00, -1310.16, 20.00, 4.63, 1.11, -3.79, 0.00, 9.86, 0.00, 0.00, 90.00, 0, 0
2.00, 5.70, 20.00, 20.00, -1154.26, 20.00, 4.63, 3.33, -1.63, 0.00, 36.10, 0.00, -54.41, 82.10, 0, 0
2.00, 5.70, 20.00, 20.00, -1004.24, 20.00, 4.63, 5.00, 0.18, 0.00, 69.94, 0.00, -42.97, 73.55, 0, 0
2.00, 5.70, 20.00, 20.00, -810.56, 20.00, 4.63, 7.22, 2.35, 0.00, 89.44, 0.00, -29.85, 66.79, 0, 0
2.00, 5.70, 20.00, 20.00, -601.77, 20.00, 4.63, 8.89, 4.06, 0.00, 99.89, 0.00, -15.04, 62.44, 0, 0
2.00, 5.70, 20.00, 20.00, -549.44, 20.00, 4.63, 10.56, 5.63, 0.00, 99.33, 0.00, 0.85, 61.03, 0, 0
2.00, 5.70, 20.00, 20.00, -459.53, 20.00, 4.63, 11.11, 6.25, 0.00, 99.08, 0.00, 16.68, 62.77, 0, 0
2.00, 5.70, 20.00, 20.00, -491.28, 20.00, 4.63, 11.11, 6.25, 0.00, 85.28, 0.00, 31.33, 67.40, 0, 0
2.00, 5.70, 20.00, 20.00, -646.46, 20.00, 4.63, 10.00, 5.15, 0.00, 51.48, 0.00, 44.26, 74.38, 0, 0
2.00, 5.70, 20.00, 20.00, -788.99, 20.00, 4.63, 8.33, 3.44, 0.00, 23.00, 0.00, 55.53, 83.09, 0, 0
2.00, 5.70, 20.00, 20.00, -799.68, 20.00, 4.63, 7.22, 2.48, 0.00, 6.57, 0.00, 0.00, 90.00, 0, 0
2.00, 5.70, 20.00, 20.00, -607.58, 20.00, 4.63, 7.22, 2.35, 0.00, 0.00, 0.00, 0.00, 90.00, 0, 0
2.00, 5.70, 20.00, 20.00, -619.80, 20.00, 4.63, 6.67, 1.87, 0.00, 0.00, 0.00, 0.00, 90.00, 0, 0
2.00, 5.70, 20.00, 20.00, -635.97, 20.00, 4.63, 6.11, 1.26, 0.00, 0.00, 0.00, 0.00, 90.00, 0, 0
2.00, 5.70, 20.00, 20.00, -628.17, 20.00, 4.63, 6.11, 1.26, 0.00, 0.00, 0.00, 0.00, 90.00, 0, 0
2.00, 5.70, 19.82, 19.82, -888.17, 20.00, 4.63, 5.56, 0.66, 0.00, 0.00, 0.00, 0.00, 90.00, 0, 0
2.00, 5.70, 19.58, 19.58, -1134.83, 20.00, 4.63, 5.00, 0.18, 0.00, 0.00, 0.00, 0.00, 90.00, 0, 0
2.00, 5.70, 19.38, 19.38, -1226.64, 20.00, 4.63, 4.44, -0.43, 0.00, 0.00, 0.00, 0.00, 90.00, 0, 0
2.00, 5.70, 19.21, 19.21, -1279.22, 20.00, 4.63, 4.44, -0.43, 0.00, 0.00, 0.00, 0.00, 90.00, 0, 0
2.00, 5.70, 19.05, 19.05, -1351.43, 20.00, 4.63, 3.89, -1.03, 0.00, 0.00, 0.00, 0.00, 90.00, 0, 0
2.00, 5.70, 18.91, 18.91, -1419.32, 20.00, 4.63, 3.33, -1.51, 0.00, 0.00, 0.00, 0.00, 90.00, 0, 0
2.00, 5.70, 18.77, 18.77, -1484.28, 20.00, 4.63, 2.78, -2.11, 0.00, 0.00, 0.00, 0.00, 90.00, 0, 0
2.00, 5.70, 18.65, 18.65, -1517.90, 20.00, 4.63, 2.78, -2.11, 0.00, 0.00, 0.00, 0.00, 90.00, 0, 0
2.00, 5.70, 20.00, 20.00, -1223.12, 20.00, 4.63, 2.22, -2.71, 0.00, 0.00, 0.00, 0.00, 90.00, 0, 0
2.00, 5.70, 20.00, 20.00, -1227.88, 20.00, 4.63, 2.22, -2.59, 0.00, 6.57, 0.00, 0.00, 90.00, 0, 0
2.00, 5.70, 20.00, 20.00, -1078.00, 20.00, 4.63, 4.44, -0.43, 0.00, 30.72, 0.00, -54.59, 81.99, 0, 0
2.00, 5.70, 20.00, 20.00, -902.63, 20.00, 4.63, 6.67, 1.87, 0.00, 60.02, 0.00, -43.15, 73.42, 0, 0
2.00, 5.70, 20.00, 20.00, -709.99, 20.00, 4.63, 8.89, 4.06, 0.00, 80.15, 0.00, -30.01, 66.63, 0, 0
2.00, 5.70, 20.00, 20.00, -525.18, 20.00, 4.63, 10.56, 5.77, 0.00, 94.08, 0.00, -15.17, 62.25, 0, 0
2.00, 5.70, 20.00, 20.00, -491.60, 20.00, 4.63, 11.67, 6.87, 0.00, 109.35, 0.00, 0.77, 60.82, 0, 0
2.00, 5.70, 20.00, 20.00, -438.48, 20.00, 4.63, 12.22, 7.48, 0.00, 109.75, 0.00, 16.66, 62.55, 0, 0
2.00, 5.70, 20.02, 20.02, -411.04, 20.00, 4.63, 12.22, 7.48, 0.00, 88.06, 0.00, 31.35, 67.19, 0, 0
2.00, 5.70, 20.01, 20.01, -470.68, 20.00, 4.63, 11.67, 6.87, 0.00, 58.11, 0.00, 44.32, 74.18, 0, 0
2.00, 5.70, 20.00, 20.00, -625.67, 20.00, 4.63, 10.56, 5.77, 0.00, 24.15, 0.00, 55.61, 82.89, 0, 0
2.00, 5.70, 20.00, 20.00, -657.99, 20.00, 4.63, 9.44, 4.67, 0.00, 4.93, 0.00, 0.00, 90.00, 0, 0
2.00, 5.70, 20.00, 20.00, -491.42, 20.00, 4.63, 8.89, 4.18, 0.00, 0.00, 0.00, 0.00, 90.00, 0, 0
2.00, 5.70, 20.00, 20.00, -478.13, 20.00, 4.63, 8.89, 4.18, 0.00, 0.00, 0.00, 0.00, 90.00, 0, 0
2.00, 5.70, 20.00, 20.00, -493.75, 20.00, 4.63, 8.33, 3.57, 0.00, 0.00, 0.00, 0.00, 90.00, 0, 0
2.00, 5.70, 20.00, 20.00, -511.82, 20.00, 4.63, 7.78, 3.08, 0.00, 0.00, 0.00, 0.00, 90.00, 0, 0
2.00, 5.70, 19.88, 19.88, -761.51, 20.00, 4.63, 7.22, 2.48, 0.00, 0.00, 0.00, 0.00, 90.00, 0, 0
2.00, 5.70, 19.69, 19.69, -1000.52, 20.00, 4.63, 6.67, 1.99, 0.00, 0.00, 0.00, 0.00, 90.00, 0, 0
2.00, 5.70, 19.53, 19.53, -1057.99, 20.00, 4.63, 6.67, 1.87, 0.00, 0.00, 0.00, 0.00, 90.00, 0, 0
2.00, 5.70, 19.38, 19.38, -1132.31, 20.00, 4.63, 6.11, 1.39, 0.00, 0.00, 0.00, 0.00, 90.00, 0, 0
2.00, 5.70, 19.26, 19.26, -1172.61, 20.00, 4.63, 6.11, 1.26, 0.00, 0.00, 0.00, 0.00, 90.00, 0, 0
2.00, 5.70, 19.14, 19.14, -1235.09, 20.00, 4.63, 5.56, 0.78, 0.00, 0.00, 0.00, 0.00, 90.00, 0, 0
2.00, 5.70, 19.03, 19.03, -1295.33, 20.00, 4.63, 5.00, 0.30, 0.00, 0.00, 0.00, 0.00, 90.00, 0, 0
2.00, 5.70, 18.93, 18.93, -1325.31, 20.00, 4.63, 5.00, 0.18, 0.00, 0.00, 0.00, 0.00, 90.00, 0, 0
2.00, 5.70, 20.00, 20.00, -1150.86, 20.00, 4.63, 4.44, -0.31, 0.00, 0.00, 0.00, 0.00, 90.00, 0, 0
2.00, 5.70, 20.00, 20.00, -1165.96, 20.00, 4.63, 4.44, -0.31, 0.00, 3.29, 0.00, 0.00, 90.00, 0, 0
2.00, 5.70, 20.00, 20.00, -1089.66, 20.00, 4.63, 5.56, 0.90, 0.00, 25.22, 0.00, -54.79, 81.88, 0, 0
2.00, 5.70, 20.00, 20.00, -961.73, 20.00, 4.63, 7.22, 2.48, 0.00, 58.26, 0.00, -43.33, 73.28, 0, 0
2.00, 5.70, 20.00, 20.00, -860.71, 20.00, 4.63, 8.33, 3.69, 0.00, 84.94, 0.00, -30.18, 66.47, 0, 0
2.00, 5.70, 20.00, 20.00, -765.48, 20.00, 4.63, 9.44, 4.79, 0.00, 102.24, 0.00, -15.30, 62.06, 0, 0
2.00, 5.70, 20.00, 20.00, -715.90, 20.00, 4.63, 10.00, 5.40, 0.00, 109.17, 0.00, 0.70, 60.61, 0, 0
2.00, 5.70, 20.00, 20.00, -681.42, 20.00, 4.63, 10.56, 6.00, 0.00, 102.33, 0.00, 16.64, 62.33, 0, 0
2.00, 5.70, 20.00, 20.00, -682.36, 20.00, 4.63, 10.56, 6.00, 0.00, 78.19, 0.00, 31.38, 66.97, 0, 0
2.00, 5.70, 20.00, 20.00, -739.90, 20.00, 4.63, 10.00, 5.40, 0.00, 51.67, 0.00, 44.38, 73.96, 0, 0
2.00, 5.70, 20.00, 20.00, -809.78, 20.00, 4.63, 9.44, 4.90, 0.00, 23.39, 0.00, 55.70, 82.69, 0, 0
2.00, 5.70, 20.00, 20.00, -795.38, 20.00, 4.63, 8.89, 4.30, 0.00, 3.29, 0.00, 0.00, 90.00, 0, 0
2.00, 5.70, 20.00, 20.00, -621.42, 20.00, 4.63, 8.33, 3.80, 0.00, 0.00, 0.00, 0.00, 90.00, 0, 0
2.00, 5.70, 20.00, 20.00, -604.78, 20.00, 4.63, 8.33, 3.69, 0.00, 0.00, 0.00, 0.00, 90.00, 0, 0
2.00, 5.70, 20.00, 20.00, -618.07, 20.00, 4.63, 7.78, 3.20, 0.00, 0.00, 0.00, 0.00, 90.00, 0, 0
2.00, 5.70, 20.00, 20.00, -608.49, 20.00, 4.63, 7.78, 3.20, 0.00, 0.00, 0.00, 0.00, 90.00, 0, 0
2.00, 5.70, 19.86, 19.86, -809.54, 20.00, 4.63, 7.22, 2.59, 0.00, 0.00, 0.00, 0.00, 90.00, 0, 0
2.00, 5.70, 19.67, 19.67, -1015.35, 20.00, 4.63, 7.22, 2.59, 0.00, 0.00, 0.00, 0.00, 90.00, 0, 0
2.00, 5.70, 19.51, 19.51, -1094.84, 20.00, 4.63, 6.67, 2.10, 0.00, 0.00, 0.00, 0.00, 90.00, 0, 0
2.00, 5.70, 19.37, 19.37, -1137.93, 20.00, 4.63, 6.67, 1.99, 0.00, 0.00, 0.00, 0.00, 90.00, 0, 0
2.00, 5.70, 19.25, 19.25, -1201.78, 20.00, 4.63, 6.11, 1.50, 0.00, 0.00, 0.00, 0.00, 90.00, 0, 0
2.00, 5.70, 19.14, 19.14, -1233.97, 20.00, 4.63, 6.11, 1.50, 0.00, 0.00, 0.00, 0.00, 90.00, 0, 0
2.00, 5.70, 19.03, 19.03, -1290.23, 20.00, 4.63, 5.56, 0.90, 0.00, 0.00, 0.00, 0.00, 90.00, 0, 0
2.00, 5.70, 18.94, 18.94, -1316.79, 20.00, 4.63, 5.56, 0.90, 0.00, 0.00, 0.00, 0.00, 90.00, 0, 0
2.00, 5.70, 20.00, 20.00, -1142.85, 20.00, 4.63, 5.00, 0.41, 0.00, 0.00, 0.00, 0.00, 90.00, 0, 0
2.00, 5.70, 20.00, 20.00, -1150.67, 20.00, 4.63, 5.00, 0.41, 0.00, 0.00, 0.00, 0.00, 90.00, 0, 0
2.00, 5.70, 20.00, 20.00, -1163.07, 20.00, 4.63, 5.00, 0.41, 0.00, 3.29, 0.00, -54.98, 81.76, 0, 0
2.00, 5.70, 20.00, 20.00, -1168.09, 20.00, 4.63, 5.00, 0.41, 0.00, 4.93, 0.00, -43.51, 73.14, 0, 0
2.00, 5.70, 20.00, 20.00, -1145.21, 20.00, 4.63, 5.56, 0.90, 0.00, 6.57, 0.00, -30.34, 66.30, 0, 0
2.00, 5.70, 20.00, 20.00, -1145.20, 20.00, 4.63, 5.56, 0.90, 0.00, 9.86, 0.00, -15.42, 61.86, 0, 0
2.00, 5.70, 20.00, 20.00, -1144.27, 20.00, 4.63, 5.56, 0.90, 0.00, 13.14, 0.00, 0.62, 60.39, 0, 0
2.00, 5.70, 20.00, 20.00, -1151.92, 20.00, 4.63, 5.56, 0.90, 0.00, 9.86, 0.00, 16.62, 62.11, 0, 0
2.00, 5.70, 20.00, 20.00, -1128.83, 20.00, 4.63, 5.56, 0.90, 0.00, 11.50, 0.00, 31.41, 66.75, 0, 0
2.00, 5.70, 20.00, 20.00, -1134.32, 20.00, 4.63, 5.56, 0.90, 0.00, 8.22, 0.00, 44.45, 73.75, 0, 0
2.00, 5.70, 20.00, 20.00, -1145.75, 20.00, 4.63, 5.56, 0.90, 0.00, 1.64, 0.00, 55.80, 82.48, 0, 0
2.00, 5.70, 20.00, 20.00, -1069.26, 20.00, 4.63, 5.56, 0.90, 0.00, 1.64, 0.00, 0.00, 90.00, 0, 0
2.00, 5.70, 20.00, 20.00, -883.55, 20.00, 4.63, 5.00, 0.41, 0.00, 0.00, 0.00, 0.00, 90.00, 0, 0
2.00, 5.70, 20.00, 20.00, -860.46, 20.00, 4.63, 5.00, 0.41, 0.00, 0.00, 0.00, 0.00, 90.00, 0, 0
2.00, 5.70, 20.00, 20.00, -842.99, 20.00, 4.63, 5.00, 0.30, 0.00, 0.00, 0.00, 0.00, 90.00, 0, 0
2.00, 5.70, 20.00, 20.00, -829.09, 20.00, 4.63, 5.00, 0.30, 0.00, 0.00, 0.00, 0.00, 90.00, 0, 0
2.00, 5.70, 19.77, 19.77, -1015.54, 20.00, 4.63, 5.00, 0.30, 0.00, 0.00, 0.00, 0.00, 90.00, 0, 0
2.00, 5.70, 19.52, 19.52, -1228.72, 20.00, 4.63, 5.00, 0.30, 0.00, 0.00, 0.00, 0.00, 90.00, 0, 0
2.00, 5.70, 19.30, 19.30, -1313.93, 20.00, 4.63, 4.44, -0.31, 0.00, 0.00, 0.00, 0.00, 90.00, 0, 0
2.00, 5.70, 19.12, 19.12, -1389.69, 20.00, 4.63, 3.89, -0.79, 0.00, 0.00, 0.00, 0.00, 90.00, 0, 0
2.00, 5.70, 18.95, 18.95, -1459.42, 20.00, 4.63, 3.33, -1.39, 0.00, 0.00, 0.00, 0.00, 90.00, 0, 0
2.00, 5.70, 18.79, 18.79, -1525.02, 20.00, 4.63, 2.78, -1.99, 0.00, 0.00, 0.00, 0.00, 90.00, 0, 0
2.00, 5.70, 18.65, 18.65, -1587.80, 20.00, 4.63, 2.22, -2.59, 0.00, 0.00, 0.00, 0.00, 90.00, 0, 0
2.00, 5.70, 18.51, 18.51, -1648.69, 20.00, 4.63, 1.67, -3.19, 0.00, 0.00, 0.00, 0.00, 90.00, 0, 0
2.00, 5.70, 20.00, 20.00, -1405.94, 20.00, 4.63, 1.11, -3.67, 0.00, 0.00, 0.00, 0.00, 90.00, 0, 0
2.00, 5.70, 20.00, 20.00, -1419.33, 20.00, 4.63, 1.11, -3.67, 0.00, 4.93, 0.00, 0.00, 90.00, 0, 0
2.00, 5.70, 20.00, 20.00, -1346.86, 20.00, 4.63, 2.22, -2.59, 0.00, 23.00, 0.00, -55.18, 81.64, 0, 0
2.00, 5.70, 20.00, 20.00, -1295.38, 20.00, 4.63, 2.78, -1.99, 0.00, 41.08, 0.00, -43.70, 72.99, 0, 0
2.00, 5.70, 20.00, 20.00, -1249.08, 20.00, 4.63, 3.33, -1.51, 0.00, 52.58, 0.00, -30.50, 66.12, 0, 0
2.00, 5.70, 20.00, 20.00, -1262.95, 20.00, 4.63, 3.33, -1.39, 0.00, 39.43, 0.00, -15.55, 61.66, 0, 0
2.00, 5.70, 20.00, 20.00, -1230.83, 20.00, 4.63, 3.89, -0.91, 0.00, 42.72, 0.00, 0.55, 60.17, 0, 0
2.00, 5.70, 20.00, 20.00, -1208.05, 20.00, 4.63, 3.89, -0.91, 0.00, 57.51, 0.00, 16.61, 61.88, 0, 0
2.00, 5.70, 20.00, 20.00, -1135.43, 20.00, 4.63, 4.44, -0.43, 0.00, 65.48, 0.00, 31.45, 66.52, 0, 0
2.00, 5.70, 20.00, 20.00, -1143.00, 20.00, 4.63, 4.44, -0.43, 0.00, 53.92, 0.00, 44.53, 73.53, 0, 0
2.00, 5.70, 20.00, 20.00, -1221.66, 20.00, 4.63, 3.89, -0.91, 0.00, 17.73, 0.00, 55.90, 82.27, 0, 0
2.00, 5.70, 20.00, 20.00, -1189.52, 20.00, 4.63, 3.33, -1.51, 0.00, 0.00, 0.00, 0.00, 90.00, 0, 0
2.00, 5.70, 20.00, 20.00, -1015.88, 20.00, 4.63, 2.78, -2.11, 0.00, 0.00, 0.00, 0.00, 90.00, 0, 0
2.00, 5.70, 20.00, 20.00, -1023.90, 20.00, 4.63, 2.22, -2.59, 0.00, 0.00, 0.00, 0.00, 90.00, 0, 0
2.00, 5.70, 20.00, 20.00, -1010.21, 20.00, 4.63, 2.22, -2.71, 0.00, 0.00, 0.00, 0.00, 90.00, 0, 0
2.00, 5.70, 20.00, 20.00, -1026.36, 20.00, 4.63, 1.67, -3.31, 0.00, 0.00, 0.00, 0.00, 90.00, 0, 0
2.00, 5.70, 19.65, 19.65, -1263.04, 20.00, 4.63, 1.11, -3.79, 0.00, 0.00, 0.00, 0.00, 90.00, 0, 0
2.00, 5.70, 19.29, 19.29, -1523.81, 20.00, 4.63, 0.56, -4.38, 0.00, 0.00, 0.00, 0.00, 90.00, 0, 0
2.00, 5.70, 19.01, 19.01, -1596.71, 20.00, 4.63, 0.56, -4.38, 0.00, 0.00, 0.00, 0.00, 90.00, 0, 0
2.00, 5.70, 18.78, 18.78, -1684.23, 20.00, 4.63, 0.00, -4.98, 0.00, 0.00, 0.00, 0.00, 90.00, 0, 0
2.00, 5.70, 18.56, 18.56, -1763.92, 20.00, 4.63, -0.56, -5.46, 0.00, 0.00, 0.00, 0.00, 90.00, 0, 0
2.00, 5.70, 18.38, 18.38, -1808.58, 20.00, 4.63, -0.56, -5.58, 0.00, 0.00, 0.00, 0.00, 90.00, 0, 0
2.00, 5.70, 18.22, 18.22, -1876.67, 20.00, 4.63, -1.11, -6.06, 0.00, 0.00, 0.00, 0.00, 90.00, 0, 0
2.00, 5.70, 18.06, 18.06, -1942.73, 20.00, 4.63, -1.67, -6.66, 0.00, 0.00, 0.00, 0.00, 90.00, 0, 0
2.00, 5.70, 20.00, 20.00, -1597.37, 20.00, 4.63, -1.67, -6.79, 0.00, 0.00, 0.00, 0.00, 90.00, 0, 0
2.00, 5.70, 20.00, 20.00, -1577.28, 20.00, 4.63, -1.11, -6.18, 0.00, 9.86, 0.00, 0.00, 90.00, 0, 0
2.00, 5.70, 20.00, 20.00, -1452.95, 20.00, 4.63, 0.56, -4.38, 0.00, 33.66, 0.00, -55.37, 81.51, 0, 0
2.00, 5.70, 20.00, 20.00, -1249.61, 20.00, 4.63, 3.33, -1.63, 0.00, 66.86, 0.00, -43.88, 72.84, 0, 0
2.00, 5.70, 20.00, 20.00, -1089.21, 20.00, 4.63, 5.00, 0.05, 0.00, 90.18, 0.00, -30.66, 65.94, 0, 0
2.00, 5.70, 20.00, 20.00, -923.02, 20.00, 4.63, 6.67, 1.74, 0.00, 110.63, 0.00, -15.67, 61.45, 0, 0
2.00, 5.70, 20.00, 20.00, -918.40, 20.00, 4.63, 7.22, 2.22, 0.00, 118.92, 0.00, 0.48, 59.95, 0, 0
2.00, 5.70, 20.00, 20.00, -863.39, 20.00, 4.63, 7.78, 2.83, 0.00, 111.90, 0.00, 16.60, 61.64, 0, 0
2.00, 5.70, 20.00, 20.00, -783.47, 20.00, 4.63, 7.78, 2.83, 0.00, 91.78, 0.00, 31.50, 66.29, 0, 0
2.00, 5.70, 20.00, 20.00, -872.70, 20.00, 4.63, 7.22, 2.35, 0.00, 61.58, 0.00, 44.61, 73.31, 0, 0
2.00, 5.70, 20.00, 20.00, -1023.57, 20.00, 4.63, 6.11, 1.13, 0.00, 28.95, 0.00, 56.01, 82.06, 0, 0
2.00, 5.70, 20.00, 20.00, -1051.53, 20.00, 4.63, 5.00, 0.18, 0.00, 6.57, 0.00, 0.00, 90.00, 0, 0
2.00, 5.70, 20.00, 20.00, -858.72, 20.00, 4.63, 5.00, 0.05, 0.00, 0.00, 0.00, 0.00, 90.00, 0, 0
2.00, 5.70, 20.00, 20.00, -871.33, 20.00, 4.63, 4.44, -0.43, 0.00, 0.00, 0.00, 0.00, 90.00, 0, 0
2.00, 5.70, 20.00, 20.00, -861.13, 20.00, 4.63, 4.44, -0.55, 0.00, 0.00, 0.00, 0.00, 90.00, 0, 0
2.00, 5.70, 20.00, 20.00, -879.26, 20.00, 4.63, 3.89, -1.03, 0.00, 0.00, 0.00, 0.00, 90.00, 0, 0
2.00, 5.70, 19.71, 19.71, -1108.04, 20.00, 4.63, 3.33, -1.63, 0.00, 0.00, 0.00, 0.00, 90.00, 0, 0
2.00, 5.70, 19.41, 19.41, -1333.57, 20.00, 4.63, 3.33, -1.63, 0.00, 0.00, 0.00, 0.00, 90.00, 0, 0
2.00, 5.70, 19.16, 19.16, -1428.52, 20.00, 4.63, 2.78, -2.11, 0.00, 0.00, 0.00, 0.00, 90.00, 0, 0
2.00, 5.70, 18.96, 18.96, -1483.14, 20.00, 4.63, 2.78, -2.23, 0.00, 0.00, 0.00, 0.00, 90.00, 0, 0
2.00, 5.70, 18.78, 18.78, -1556.88, 20.00, 4.63, 2.22, -2.71, 0.00, 0.00, 0.00, 0.00, 90.00, 0, 0
2.00, 5.70, 18.62, 18.62, -1596.71, 20.00, 4.63, 2.22, -2.71, 0.00, 0.00, 0.00, 0.00, 90.00, 0, 0
2.00, 5.70, 18.49, 18.49, -1630.79, 20.00, 4.63, 2.22, -2.71, 0.00, 0.00, 0.00, 0.00, 90.00, 0, 0
2.00, 5.70, 18.36, 18.36, -1689.83, 20.00, 4.63, 1.67, -3.19, 0.00, 0.00, 0.00, 0.00, 90.00, 0, 0
2.00, 5.70, 20.00, 20.00, -1392.06, 20.00, 4.63, 1.67, -3.31, 0.00, 0.00, 0.00, 0.00, 90.00, 0, 0
2.00, 5.70, 20.00, 20.00, -1367.08, 20.00, 4.63, 2.22, -2.71, 0.00, 11.50, 0.00, 0.00, 90.00, 0, 0
2.00, 5.70, 20.00, 20.00, -1223.00, 20.00, 4.63, 4.44, -0.43, 0.00, 29.92, 0.00, -55.57, 81.37, 0, 0
2.00, 5.70, 20.00, 20.00, -1048.05, 20.00, 4.63, 6.67, 1.74, 0.00, 60.45, 0.00, -44.07, 72.68, 0, 0
2.00, 5.70, 20.00, 20.00, -850.84, 20.00, 4.63, 8.89, 3.92, 0.00, 88.58, 0.00, -30.82, 65.75, 0, 0
2.00, 5.70, 20.00, 20.00, -693.47, 20.00, 4.63, 10.56, 5.63, 0.00, 112.97, 0.00, -15.79, 61.24, 0, 0
2.00, 5.70, 20.00, 20.00, -638.87, 20.00, 4.63, 11.67, 6.73, 0.00, 117.61, 0.00, 0.42, 59.71, 0, 0
2.00, 5.70, 20.00, 20.00, -541.81, 20.00, 4.63, 12.22, 7.35, 0.00, 107.35, 0.00, 16.60, 61.40, 0, 0
2.00, 5.70, 20.00, 20.00, -503.22, 20.00, 4.63, 12.22, 7.35, 0.00, 88.71, 0.00, 31.54, 66.05, 0, 0
2.00, 5.70, 20.00, 20.00, -600.95, 20.00, 4.63, 11.67, 6.87, 0.00, 59.48, 0.00, 44.70, 73.08, 0, 0
2.00, 5.70, 20.00, 20.00, -741.86, 20.00, 4.63, 10.56, 5.63, 0.00, 28.22, 0.00, 56.12, 81.85, 0, 0
2.00, 5.70, 20.00, 20.00, -772.05, 20.00, 4.63, 9.44, 4.54, 0.00, 6.57, 0.00, 0.00, 90.00, 0, 0
2.00, 5.70, 20.00, 20.00, -607.03, 20.00, 4.63, 8.89, 3.92, 0.00, 0.00, 0.00, 0.00, 90.00, 0, 0
2.00, 5.70, 20.00, 20.00, -619.40, 20.00, 4.63, 8.33, 3.44, 0.00, 0.00, 0.00, 0.00, 90.00, 0, 0
2.00, 5.70, 20.00, 20.00, -635.33, 20.00, 4.63, 7.78, 2.83, 0.00, 0.00, 0.00, 0.00, 90.00, 0, 0
2.00, 5.70, 20.00, 20.00, -653.62, 20.00, 4.63, 7.22, 2.22, 0.00, 0.00, 0.00, 0.00, 90.00, 0, 0
2.00, 5.70, 19.81, 19.81, -892.11, 20.00, 4.63, 6.11, 1.13, 0.00, 0.00, 0.00, 0.00, 90.00, 0, 0
2.00, 5.70, 19.57, 19.57, -1135.12, 20.00, 4.63, 5.56, 0.66, 0.00, 0.00, 0.00, 0.00, 90.00, 0, 0
2.00, 5.70, 19.36, 19.36, -1223.76, 20.00, 4.63, 5.00, 0.05, 0.00, 0.00, 0.00, 0.00, 90.00, 0, 0
2.00, 5.70, 19.18, 19.18, -1302.46, 20.00, 4.63, 4.44, -0.55, 0.00, 0.00, 0.00, 0.00, 90.00, 0, 0
2.00, 5.70, 19.01, 19.01, -1403.57, 20.00, 4.63, 3.33, -1.63, 0.00, 0.00, 0.00, 0.00, 90.00, 0, 0
2.00, 5.70, 18.85, 18.85, -1473.71, 20.00, 4.63, 2.78, -2.23, 0.00, 0.00, 0.00, 0.00, 90.00, 0, 0
2.00, 5.70, 18.68, 18.68, -1569.49, 20.00, 4.63, 1.67, -3.31, 0.00, 0.00, 0.00, 0.00, 90.00, 0, 0
2.00, 5.70, 18.53, 18.53, -1636.07, 20.00, 4.63, 1.11, -3.91, 0.00, 0.00, 0.00, 0.00, 90.00, 0, 0
2.00, 5.70, 20.00, 20.00, -1351.72, 20.00, 4.63, 0.00, -4.98, 0.00, 0.00, 0.00, 0.00, 90.00, 0, 0
2.00, 5.70, 20.00, 20.00, -1324.75, 20.00, 4.63, 0.56, -4.51, 0.00, 11.50, 0.00, 0.00, 90.00, 0, 0
2.00, 5.70, 20.00, 20.00, -1175.81, 20.00, 4.63, 2.78, -2.23, 0.00, 29.93, 0.00, -55.78, 81.23, 0, 0
2.00, 5.70, 20.00, 20.00, -967.57, 20.00, 4.63, 5.56, 0.53, 0.00, 57.39, 0.00, -44.26, 72.51, 0, 0
2.00, 5.70, 20.00, 20.00, -745.66, 20.00, 4.63, 7.78, 2.83, 0.00, 90.63, 0.00, -30.99, 65.56, 0, 0
2.00, 5.70, 20.00, 20.00, -516.63, 20.00, 4.63, 10.00, 5.02, 0.00, 109.27, 0.00, -15.91, 61.02, 0, 0
2.00, 5.70, 20.00, 20.00, -460.70, 20.00, 4.63, 11.67, 6.73, 0.00, 115.66, 0.00, 0.36, 59.47, 0, 0
2.00, 5.70, 20.05, 20.05, -319.32, 20.00, 4.63, 12.78, 7.68, 0.00, 106.31, 0.00, 16.60, 61.16, 0, 0
2.00, 5.70, 20.09, 20.09, -322.83, 20.00, 4.63, 12.22, 7.21, 0.00, 82.44, 0.00, 31.60, 65.81, 0, 0
2.00, 5.70, 20.07, 20.07, -432.71, 20.00, 4.63, 11.67, 6.73, 0.00, 57.90, 0.00, 44.79, 72.85, 0, 0
2.00, 5.70, 20.00, 20.00, -626.41, 20.00, 4.63, 10.00, 5.02, 0.00, 26.24, 0.00, 56.24, 81.64, 0, 0
2.00, 5.70, 20.00, 20.00, -673.16, 20.00, 4.63, 8.89, 3.92, 0.00, 4.93, 0.00, 0.00, 90.00, 0, 0
2.00, 5.70, 20.00, 20.00, -510.54, 20.00, 4.63, 8.33, 3.31, 0.00, 0.00, 0.00, 0.00, 90.00, 0, 0
2.00, 5.70, 20.00, 20.00, -526.45, 20.00, 4.63, 7.78, 2.83, 0.00, 0.00, 0.00, 0.00, 90.00, 0, 0
2.00, 5.70, 20.00, 20.00, -545.32, 20.00, 4.63, 7.22, 2.22, 0.00, 0.00, 0.00, 0.00, 90.00, 0, 0
2.00, 5.70, 20.00, 20.00, -592.51, 20.00, 4.63, 6.11, 1.13, 0.00, 0.00, 0.00, 0.00, 90.00, 0, 0
2.00, 5.70, 19.83, 19.83, -852.06, 20.00, 4.63, 5.56, 0.53, 0.00, 0.00, 0.00, 0.00, 90.00, 0, 0
2.00, 5.70, 19.61, 19.61, -1098.89, 20.00, 4.63, 5.00, -0.08, 0.00, 0.00, 0.00, 0.00, 90.00, 0, 0
2.00, 5.70, 19.41, 19.41, -1191.07, 20.00, 4.63, 4.44, -0.55, 0.00, 0.00, 0.00, 0.00, 90.00, 0, 0
2.00, 5.70, 19.24, 19.24, -1273.24, 20.00, 4.63, 3.89, -1.15, 0.00, 0.00, 0.00, 0.00, 90.00, 0, 0
2.00, 5.70, 19.08, 19.08, -1348.69, 20.00, 4.63, 3.33, -1.76, 0.00, 0.00, 0.00, 0.00, 90.00, 0, 0
2.00, 5.70, 18.91, 18.91, -1448.60, 20.00, 4.63, 2.22, -2.83, 0.00, 0.00, 0.00, 0.00, 90.00, 0, 0
2.00, 5.70, 18.76, 18.76, -1518.46, 20.00, 4.63, 1.67, -3.31, 0.00, 0.00, 0.00, 0.00, 90.00, 0, 0
2.00, 5.70, 18.61, 18.61, -1585.59, 20.00, 4.63, 1.11, -3.91, 0.00, 0.00, 0.00, 0.00, 90.00, 0, 0
2.00, 5.70, 20.00, 20.00, -1290.28, 20.00, 4.63, 0.56, -4.51, 0.00, 0.00, 0.00, 0.00, 90.00, 0, 0
2.00, 5.70, 20.00, 20.00, -1266.16, 20.00, 4.63, 1.11, -3.91, 0.00, 9.86, 0.00, 0.00, 90.00, 0, 0
2.00, 5.70, 20.00, 20.00, -1149.54, 20.00, 4.63, 2.78, -2.23, 0.00, 34.28, 0.00, -55.98, 81.08, 0, 0
2.00, 5.70, 20.00, 20.00, -1005.24, 20.00, 4.63, 4.44, -0.55, 0.00, 69.85, 0.00, -44.45, 72.34, 0, 0
2.00, 5.70, 20.00, 20.00, -903.75, 20.00, 4.63, 5.56, 0.53, 0.00, 91.74, 0.00, -31.15, 65.36, 0, 0
2.00, 5.70, 20.00, 20.00, -812.87, 20.00, 4.63, 6.67, 1.61, 0.00, 108.21, 0.00, -16.03, 60.79, 0, 0
2.00, 5.70, 20.00, 20.00, -755.15, 20.00, 4.63, 7.22, 2.22, 0.00, 119.54, 0.00, 0.30, 59.23, 0, 0
2.00, 5.70, 20.00, 20.00, -689.91, 20.00, 4.63, 7.78, 2.83, 0.00, 120.60, 0.00, 16.60, 60.91, 0, 0
2.00, 5.70, 20.00, 20.00, -640.76, 20.00, 4.63, 8.33, 3.31, 0.00, 102.58, 0.00, 31.66, 65.57, 0, 0
2.00, 5.70, 20.00, 20.00, -733.28, 20.00, 4.63, 7.78, 2.83, 0.00, 64.28, 0.00, 44.89, 72.62, 0, 0
2.00, 5.70, 20.00, 20.00, -865.46, 20.00, 4.63, 6.67, 1.74, 0.00, 27.31, 0.00, 56.36, 81.42, 0, 0
2.00, 5.70, 20.00, 20.00, -856.62, 20.00, 4.63, 6.11, 1.13, 0.00, 6.57, 0.00, 0.00, 90.00, 0, 0
2.00, 5.70, 20.00, 20.00, -689.77, 20.00, 4.63, 5.56, 0.53, 0.00, 0.00, 0.00, 0.00, 90.00, 0, 0
2.00, 5.70, 20.00, 20.00, -702.69, 20.00, 4.63, 5.00, 0.05, 0.00, 0.00, 0.00, 0.00, 90.00, 0, 0
2.00, 5.70, 20.00, 20.00, -719.70, 20.00, 4.63, 4.44, -0.55, 0.00, 0.00, 0.00, 0.00, 90.00, 0, 0
2.00, 5.70, 20.00, 20.00, -739.39, 20.00, 4.63, 3.89, -1.15, 0.00, 0.00, 0.00, 0.00, 90.00, 0, 0
2.00, 5.70, 19.76, 19.76, -1009.07, 20.00, 4.63, 3.33, -1.76, 0.00, 0.00, 0.00, 0.00, 90.00, 0, 0
2.00, 5.70, 19.49, 19.49, -1263.48, 20.00, 4.63, 2.78, -2.23, 0.00, 0.00, 0.00, 0.00, 90.00, 0, 0
2.00, 5.70, 19.26, 19.26, -1361.77, 20.00, 4.63, 2.22, -2.83, 0.00, 0.00, 0.00, 0.00, 90.00, 0, 0
2.00, 5.70, 19.05, 19.05, -1448.93, 20.00, 4.63, 1.67, -3.43, 0.00, 0.00, 0.00, 0.00, 90.00, 0, 0
2.00, 5.70, 18.86, 18.86, -1528.59, 20.00, 4.63, 1.11, -3.91, 0.00, 0.00, 0.00, 0.00, 90.00, 0, 0
2.00, 5.70, 18.69, 18.69, -1603.17, 20.00, 4.63, 0.56, -4.51, 0.00, 0.00, 0.00, 0.00, 90.00, 0, 0
2.00, 5.70, 18.53, 18.53, -1674.04, 20.00, 4.63, 0.00, -4.98, 0.00, 0.00, 0.00, 0.00, 90.00, 0, 0
2.00, 5.70, 18.38, 18.38, -1742.43, 20.00, 4.63, -0.56, -5.58, 0.00, 0.00, 0.00, 0.00, 90.00, 0, 0
2.00, 5.70, 20.00, 20.00, -1481.45, 20.00, 4.63, -1.11, -6.18, 0.00, 0.00, 0.00, 0.00, 90.00, 0, 0
2.00, 5.70, 20.00, 20.00, -1469.66, 20.00, 4.63, -0.56, -5.58, 0.00, 6.57, 0.00, 0.00, 90.00, 0, 0
2.00, 5.70, 20.00, 20.00, -1354.86, 20.00, 4.63, 1.11, -3.91, 0.00, 32.39, 0.00, -56.19, 80.93, 0, 0
2.00, 5.70, 20.00, 20.00, -1178.34, 20.00, 4.63, 3.33, -1.63, 0.00, 66.17, 0.00, -44.64, 72.16, 0, 0
2.00, 5.70, 20.00, 20.00, -989.23, 20.00, 4.63, 5.56, 0.53, 0.00, 94.89, 0.00, -31.32, 65.15, 0, 0
2.00, 5.70, 20.00, 20.00, -756.71, 20.00, 4.63, 7.78, 2.83, 0.00, 113.38, 0.00, -16.15, 60.56, 0, 0
2.00, 5.70, 20.00, 20.00, -652.97, 20.00, 4.63, 10.00, 5.02, 0.00, 114.23, 0.00, 0.24, 58.98, 0, 0
2.00, 5.70, 20.00, 20.00, -512.39, 20.00, 4.63, 11.11, 6.11, 0.00, 106.53, 0.00, 16.61, 60.65, 0, 0
2.00, 5.70, 20.02, 20.02, -407.16, 20.00, 4.63, 11.67, 6.73, 0.00, 90.56, 0.00, 31.72, 65.32, 0, 0
2.00, 5.70, 20.00, 20.00, -506.02, 20.00, 4.63, 11.11, 6.11, 0.00, 62.10, 0.00, 44.99, 72.39, 0, 0
2.00, 5.70, 20.00, 20.00, -690.98, 20.00, 4.63, 10.00, 5.02, 0.00, 29.80, 0.00, 56.49, 81.20, 0, 0
2.00, 5.70, 20.00, 20.00, -744.88, 20.00, 4.63, 8.89, 3.92, 0.00, 11.50, 0.00, 0.00, 90.00, 0, 0
2.00, 5.70, 20.00, 20.00, -591.59, 20.00, 4.63, 8.33, 3.31, 0.00, 0.00, 0.00, 0.00, 90.00, 0, 0
2.00, 5.70, 20.00, 20.00, -635.14, 20.00, 4.63, 7.22, 2.22, 0.00, 0.00, 0.00, 0.00, 90.00, 0, 0
2.00, 5.70, 20.00, 20.00, -655.73, 20.00, 4.63, 6.67, 1.74, 0.00, 0.00, 0.00, 0.00, 90.00, 0, 0
2.00, 5.70, 20.00, 20.00, -677.92, 20.00, 4.63, 6.11, 1.13, 0.00, 0.00, 0.00, 0.00, 90.00, 0, 0
2.00, 5.70, 19.81, 19.81, -891.90, 20.00, 4.63, 5.56, 0.53, 0.00, 0.00, 0.00, 0.00, 90.00, 0, 0
2.00, 5.70, 19.58, 19.58, -1136.17, 20.00, 4.63, 5.00, 0.05, 0.00, 0.00, 0.00, 0.00, 90.00, 0, 0
2.00, 5.70, 19.37, 19.37, -1226.28, 20.00, 4.63, 4.44, -0.55, 0.00, 0.00, 0.00, 0.00, 90.00, 0, 0
2.00, 5.70, 19.19, 19.19, -1306.53, 20.00, 4.63, 3.89, -1.15, 0.00, 0.00, 0.00, 0.00, 90.00, 0, 0
2.00, 5.70, 19.02, 19.02, -1409.30, 20.00, 4.63, 2.78, -2.23, 0.00, 0.00, 0.00, 0.00, 90.00, 0, 0
2.00, 5.70, 18.86, 18.86, -1480.99, 20.00, 4.63, 2.22, -2.83, 0.00, 0.00, 0.00, 0.00, 90.00, 0, 0
2.00, 5.70, 18.70, 18.70, -1548.98, 20.00, 4.63, 1.67, -3.31, 0.00, 0.00, 0.00, 0.00, 90.00, 0, 0
2.00, 5.70, 18.56, 18.56, -1614.57, 20.00, 4.63, 1.11, -3.91, 0.00, 0.00, 0.00, 0.00, 90.00, 0, 0
2.00, 5.70, 20.00, 20.00, -1383.15, 20.00, 4.63, 0.56, -4.51, 0.00, 0.00, 0.00, 0.00, 90.00, 0, 0
2.00, 5.70, 20.00, 20.00, -1392.77, 20.00, 4.63, 0.56, -4.38, 0.00, 9.86, 0.00, 0.00, 90.00, 0, 0
2.00, 5.70, 20.00, 20.00, -1240.91, 20.00, 4.63, 2.78, -2.23, 0.00, 37.49, 0.00, -56.39, 80.77, 0, 0
2.00, 5.70, 20.00, 20.00, -1039.54, 20.00, 4.63, 5.56, 0.53, 0.00, 71.63, 0.00, -44.83, 71.97, 0, 0
2.00, 5.70, 20.00, 20.00, -930.25, 20.00, 4.63, 6.67, 1.74, 0.00, 97.92, 0.00, -31.48, 64.94, 0, 0
2.00, 5.70, 20.00, 20.00, -760.77, 20.00, 4.63, 8.33, 3.44, 0.00, 115.57, 0.00, -16.27, 60.32, 0, 0
2.00, 5.70, 20.00, 20.00, -667.32, 20.00, 4.63, 10.00, 5.02, 0.00, 118.70, 0.00, 0.18, 58.72, 0, 0
2.00, 5.70, 20.00, 20.00, -589.76, 20.00, 4.63, 10.56, 5.63, 0.00, 110.46, 0.00, 16.62, 60.39, 0, 0
2.00, 5.70, 20.00, 20.00, -555.45, 20.00, 4.63, 10.56, 5.63, 0.00, 95.02, 0.00, 31.80, 65.07, 0, 0
2.00, 5.70, 20.00, 20.00, -635.81, 20.00, 4.63, 10.00, 5.15, 0.00, 65.56, 0.00, 45.10, 72.15, 0, 0
2.00, 5.70, 20.00, 20.00, -772.93, 20.00, 4.63, 8.89, 4.06, 0.00, 34.80, 0.00, 56.63, 80.98, 0, 0
2.00, 5.70, 20.00, 20.00, -813.56, 20.00, 4.63, 7.78, 2.96, 0.00, 13.14, 0.00, 0.00, 90.00, 0, 0
2.00, 5.70, 20.00, 20.00, -659.11, 20.00, 4.63, 7.22, 2.35, 0.00, 0.00, 0.00, 0.00, 90.00, 0, 0
2.00, 5.70, 20.00, 20.00, -648.69, 20.00, 4.63, 7.22, 2.22, 0.00, 0.00, 0.00, 0.00, 90.00, 0, 0
2.00, 5.70, 20.00, 20.00, -666.77, 20.00, 4.63, 6.67, 1.74, 0.00, 0.00, 0.00, 0.00, 90.00, 0, 0
2.00, 5.70, 20.00, 20.00, -687.17, 20.00, 4.63, 6.11, 1.13, 0.00, 0.00, 0.00, 0.00, 90.00, 0, 0
2.00, 5.70, 19.81, 19.81, -899.73, 20.00, 4.63, 5.56, 0.66, 0.00, 0.00, 0.00, 0.00, 90.00, 0, 0
2.00, 5.70, 19.56, 19.56, -1171.72, 20.00, 4.63, 4.44, -0.43, 0.00, 0.00, 0.00, 0.00, 90.00, 0, 0
2.00, 5.70, 19.36, 19.36, -1234.54, 20.00, 4.63, 4.44, -0.55, 0.00, 0.00, 0.00, 0.00, 90.00, 0, 0
2.00, 5.70, 19.18, 19.18, -1313.49, 20.00, 4.63, 3.89, -1.03, 0.00, 0.00, 0.00, 0.00, 90.00, 0, 0
2.00, 5.70, 19.02, 19.02, -1386.30, 20.00, 4.63, 3.33, -1.63, 0.00, 0.00, 0.00, 0.00, 90.00, 0, 0
2.00, 5.70, 18.87, 18.87, -1454.72, 20.00, 4.63, 2.78, -2.11, 0.00, 0.00, 0.00, 0.00, 90.00, 0, 0
2.00, 5.70, 18.74, 18.74, -1491.09, 20.00, 4.63, 2.78, -2.23, 0.00, 0.00, 0.00, 0.00, 90.00, 0, 0
2.00, 5.70, 18.62, 18.62, -1551.96, 20.00, 4.63, 2.22, -2.71, 0.00, 0.00, 0.00, 0.00, 90.00, 0, 0
2.00, 5.70, 20.00, 20.00, -1328.83, 20.00, 4.63, 1.67, -3.19, 0.00, 0.00, 0.00, 0.00, 90.00, 0, 0
2.00, 5.70, 20.00, 20.00, -1309.30, 20.00, 4.63, 2.22, -2.71, 0.00, 9.86, 0.00, 0.00, 90.00, 0, 0
2.00, 5.70, 20.00, 20.00, -1158.39, 20.00, 4.63, 4.44, -0.43, 0.00, 32.23, 0.00, -56.60, 80.60, 0, 0
2.00, 5.70, 20.00, 20.00, -945.79, 20.00, 4.63, 7.22, 2.35, 0.00, 62.08, 0.00, -45.02, 71.78, 0, 0
2.00, 5.70, 20.00, 20.00, -715.24, 20.00, 4.63, 10.00, 5.15, 0.00, 84.15, 0.00, -31.64, 64.72, 0, 0
2.00, 5.70, 20.00, 20.00, -521.61, 20.00, 4.63, 11.67, 6.87, 0.00, 107.00, 0.00, -16.39, 60.08, 0, 0
2.00, 5.70, 20.00, 20.00, -462.98, 20.00, 4.63, 13.33, 8.45, 0.00, 118.49, 0.00, 0.13, 58.46, 0, 0
2.00, 5.70, 20.04, 20.04, -353.83, 20.00, 4.63, 13.89, 9.07, 0.00, 111.66, 0.00, 16.64, 60.13, 0, 0
2.00, 5.70, 20.08, 20.08, -331.73, 20.00, 4.63, 13.89, 9.07, 0.00, 96.80, 0.00, 31.87, 64.81, 0, 0
2.00, 5.70, 20.06, 20.06, -455.94, 20.00, 4.63, 12.78, 7.97, 0.00, 70.20, 0.00, 45.22, 71.91, 0, 0
2.00, 5.70, 20.00, 20.00, -602.82, 20.00, 4.63, 11.67, 6.87, 0.00, 34.14, 0.00, 56.77, 80.75, 0, 0
2.00, 5.70, 20.00, 20.00, -649.17, 20.00, 4.63, 10.56, 5.77, 0.00, 8.22, 0.00, 0.00, 90.00, 0, 0
2.00, 5.70, 20.00, 20.00, -490.11, 20.00, 4.63, 10.00, 5.28, 0.00, 0.00, 0.00, 0.00, 90.00, 0, 0
2.00, 5.70, 20.00, 20.00, -479.57, 20.00, 4.63, 10.00, 5.15, 0.00, 0.00, 0.00, 0.00, 90.00, 0, 0
2.00, 5.70, 20.00, 20.00, -497.00, 20.00, 4.63, 9.44, 4.67, 0.00, 0.00, 0.00, 0.00, 90.00, 0, 0
2.00, 5.70, 20.00, 20.00, -516.65, 20.00, 4.63, 8.89, 4.06, 0.00, 0.00, 0.00, 0.00, 90.00, 0, 0
2.00, 5.70, 19.90, 19.90, -713.91, 20.00, 4.63, 8.33, 3.57, 0.00, 0.00, 0.00, 0.00, 90.00, 0, 0
2.00, 5.70, 19.73, 19.73, -945.54, 20.00, 4.63, 7.78, 2.96, 0.00, 0.00, 0.00, 0.00, 90.00, 0, 0
2.00, 5.70, 19.59, 19.59, -997.21, 20.00, 4.63, 7.78, 2.96, 0.00, 0.00, 0.00, 0.00, 90.00, 0, 0
2.00, 5.70, 19.46, 19.46, -1066.67, 20.00, 4.63, 7.22, 2.48, 0.00, 0.00, 0.00, 0.00, 90.00, 0, 0
2.00, 5.70, 19.33, 19.33, -1131.40, 20.00, 4.63, 6.67, 1.87, 0.00, 0.00, 0.00, 0.00, 90.00, 0, 0
2.00, 5.70, 19.21, 19.21, -1192.74, 20.00, 4.63, 6.11, 1.39, 0.00, 0.00, 0.00, 0.00, 90.00, 0, 0
2.00, 5.70, 19.10, 19.10, -1251.86, 20.00, 4.63, 5.56, 0.78, 0.00, 0.00, 0.00, 0.00, 90.00, 0, 0
2.00, 5.70, 18.99, 18.99, -1309.35, 20.00, 4.63, 5.00, 0.30, 0.00, 0.00, 0.00, 0.00, 90.00, 0, 0
2.00, 5.70, 20.00, 20.00, -1148.15, 20.00, 4.63, 4.44, -0.31, 0.00, 0.00, 0.00, 0.00, 90.00, 0, 0
2.00, 5.70, 20.00, 20.00, -1124.68, 20.00, 4.63, 5.00, 0.30, 0.00, 11.50, 0.00, 0.00, 90.00, 0, 0
2.00, 5.70, 20.00, 20.00, -983.58, 20.00, 4.63, 7.22, 2.48, 0.00, 34.95, 0.00, -56.81, 80.43, 0, 0
2.00, 5.70, 20.00, 20.00, -959.11, 20.00, 4.63, 7.78, 3.08, 0.00, 31.97, 0.00, -45.22, 71.59, 0, 0
2.00, 5.70, 20.00, 20.00, -951.89, 20.00, 4.63, 7.78, 3.08, 0.00, 39.99, 0.00, -31.81, 64.49, 0, 0
2.00, 5.70, 20.00, 20.00, -863.17, 20.00, 4.63, 8.33, 3.57, 0.00, 81.25, 0.00, -16.51, 59.83, 0, 0
2.00, 5.70, 20.00, 20.00, -757.58, 20.00, 4.63, 9.44, 4.67, 0.00, 105.53, 0.00, 0.08, 58.20, 0, 0
2.00, 5.70, 20.00, 20.00, -630.71, 20.00, 4.63, 10.56, 5.77, 0.00, 114.97, 0.00, 16.67, 59.86, 0, 0
2.00, 5.70, 20.00, 20.00, -471.45, 20.00, 4.63, 11.67, 6.87, 0.00, 99.26, 0.00, 31.95, 64.56, 0, 0
2.00, 5.70, 20.00, 20.00, -525.13, 20.00, 4.63, 11.67, 6.87, 0.00, 71.06, 0.00, 45.34, 71.67, 0, 0
2.00, 5.70, 20.00, 20.00, -670.11, 20.00, 4.63, 11.11, 6.38, 0.00, 31.66, 0.00, 56.92, 80.53, 0, 0
2.00, 5.70, 20.00, 20.00, -700.88, 20.00, 4.63, 10.00, 5.28, 0.00, 6.57, 0.00, 0.00, 90.00, 0, 0
2.00, 5.70, 20.00, 20.00, -510.25, 20.00, 4.63, 10.00, 5.28, 0.00, 0.00, 0.00, 0.00, 90.00, 0, 0
2.00, 5.70, 20.00, 20.00, -522.21, 20.00, 4.63, 9.44, 4.67, 0.00, 0.00, 0.00, 0.00, 90.00, 0, 0
2.00, 5.70, 20.00, 20.00, -537.95, 20.00, 4.63, 8.89, 4.18, 0.00, 0.00, 0.00, 0.00, 90.00, 0, 0
2.00, 5.70, 20.00, 20.00, -556.33, 20.00, 4.63, 8.33, 3.57, 0.00, 0.00, 0.00, 0.00, 90.00, 0, 0
2.00, 5.70, 19.89, 19.89, -754.16, 20.00, 4.63, 7.78, 3.08, 0.00, 0.00, 0.00, 0.00, 90.00, 0, 0
2.00, 5.70, 19.71, 19.71, -986.27, 20.00, 4.63, 7.22, 2.48, 0.00, 0.00, 0.00, 0.00, 90.00, 0, 0
2.00, 5.70, 19.55, 19.55, -1066.78, 20.00, 4.63, 6.67, 1.87, 0.00, 0.00, 0.00, 0.00, 90.00, 0, 0
2.00, 5.70, 19.40, 19.40, -1139.14, 20.00, 4.63, 6.11, 1.39, 0.00, 0.00, 0.00, 0.00, 90.00, 0, 0
2.00, 5.70, 19.27, 19.27, -1206.32, 20.00, 4.63, 5.56, 0.78, 0.00, 0.00, 0.00, 0.00, 90.00, 0, 0
2.00, 5.70, 19.14, 19.14, -1269.91, 20.00, 4.63, 5.00, 0.18, 0.00, 0.00, 0.00, 0.00, 90.00, 0, 0
2.00, 5.70, 19.02, 19.02, -1330.96, 20.00, 4.63, 4.44, -0.31, 0.00, 0.00, 0.00, 0.00, 90.00, 0, 0
2.00, 5.70, 18.90, 18.90, -1390.39, 20.00, 4.63, 3.89, -0.91, 0.00, 0.00, 0.00, 0.00, 90.00, 0, 0
2.00, 5.70, 20.00, 20.00, -1188.26, 20.00, 4.63, 3.89, -0.91, 0.00, 0.00, 0.00, 0.00, 90.00, 0, 0
2.00, 5.70, 20.00, 20.00, -1196.47, 20.00, 4.63, 3.89, -0.91, 0.00, 8.22, 0.00, 0.00, 90.00, 0, 0
2.00, 5.70, 20.00, 20.00, -1051.87, 20.00, 4.63, 6.11, 1.26, 0.00, 34.44, 0.00, -57.02, 80.25, 0, 0
2.00, 5.70, 20.00, 20.00, -929.22, 20.00, 4.63, 7.78, 2.96, 0.00, 61.50, 0.00, -45.41, 71.39, 0, 0
2.00, 5.70, 20.00, 20.00, -873.21, 20.00, 4.63, 8.33, 3.57, 0.00, 79.40, 0.00, -31.97, 64.27, 0, 0
2.00, 5.70, 20.00, 20.00, -769.34, 20.00, 4.63, 9.44, 4.67, 0.00, 101.19, 0.00, -16.62, 59.57, 0, 0
2.00, 5.70, 20.00, 20.00, -669.61, 20.00, 4.63, 10.56, 5.63, 0.00, 119.51, 0.00, 0.04, 57.93, 0, 0
2.00, 5.70, 20.00, 20.00, -548.80, 20.00, 4.63, 11.67, 6.73, 0.00, 118.50, 0.00, 16.69, 59.59, 0, 0
2.00, 5.70, 20.02, 20.02, -434.88, 20.00, 4.63, 12.22, 7.35, 0.00, 97.85, 0.00, 32.04, 64.29, 0, 0
2.00, 5.70, 20.02, 20.02, -463.66, 20.00, 4.63, 12.22, 7.35, 0.00, 70.58, 0.00, 45.47, 71.42, 0, 0
2.00, 5.70, 20.00, 20.00, -588.38, 20.00, 4.63, 11.67, 6.73, 0.00, 38.39, 0.00, 57.08, 80.30, 0, 0
2.00, 5.70, 20.00, 20.00, -643.03, 20.00, 4.63, 10.56, 5.77, 0.00, 16.43, 0.00, 0.00, 90.00, 0, 0
2.00, 5.70, 20.00, 20.00, -492.90, 20.00, 4.63, 10.00, 5.15, 0.00, 0.00, 0.00, 0.00, 90.00, 0, 0
2.00, 5.70, 20.00, 20.00, -507.84, 20.00, 4.63, 9.44, 4.54, 0.00, 0.00, 0.00, 0.00, 90.00, 0, 0
2.00, 5.70, 20.00, 20.00, -551.89, 20.00, 4.63, 8.33, 3.44, 0.00, 0.00, 0.00, 0.00, 90.00, 0, 0
2.00, 5.70, 20.00, 20.00, -572.79, 20.00, 4.63, 7.78, 2.83, 0.00, 0.00, 0.00, 0.00, 90.00, 0, 0
2.00, 5.70, 19.87, 19.87, -802.01, 20.00, 4.63, 6.67, 1.74, 0.00, 0.00, 0.00, 0.00, 90.00, 0, 0
2.00, 5.70, 19.67, 19.67, -1039.08, 20.00, 4.63, 6.11, 1.13, 0.00, 0.00, 0.00, 0.00, 90.00, 0, 0
2.00, 5.70, 19.48, 19.48, -1152.40, 20.00, 4.63, 5.00, 0.05, 0.00, 0.00, 0.00, 0.00, 90.00, 0, 0
2.00, 5.70, 19.32, 19.32, -1230.90, 20.00, 4.63, 4.44, -0.55, 0.00, 0.00, 0.00, 0.00, 90.00, 0, 0
2.00, 5.70, 19.15, 19.15, -1332.22, 20.00, 4.63, 3.33, -1.63, 0.00, 0.00, 0.00, 0.00, 90.00, 0, 0
2.00, 5.70, 19.00, 19.00, -1402.88, 20.00, 4.63, 2.78, -2.23, 0.00, 0.00, 0.00, 0.00, 90.00, 0, 0
2.00, 5.70, 18.84, 18.84, -1499.39, 20.00, 4.63, 1.67, -3.31, 0.00, 0.00, 0.00, 0.00, 90.00, 0, 0
2.00, 5.70, 18.69, 18.69, -1566.83, 20.00, 4.63, 1.11, -3.91, 0.00, 0.00, 0.00, 0.00, 90.00, 0, 0
2.00, 5.70, 20.00, 20.00, -1288.01, 20.00, 4.63, 0.56, -4.51, 0.00, 0.00, 0.00, 0.00, 90.00, 0, 0
2.00, 5.70, 20.00, 20.00, -1256.87, 20.00, 4.63, 1.11, -3.91, 0.00, 14.79, 0.00, 0.00, 90.00, 0, 0
2.00, 5.70, 20.00, 20.00, -1102.21, 20.00, 4.63, 3.33, -1.63, 0.00, 33.18, 0.00, -57.24, 80.07, 0, 0
2.00, 5.70, 20.00, 20.00, -877.91, 20.00, 4.63, 6.11, 1.13, 0.00, 64.80, 0.00, -45.61, 71.18, 0, 0
2.00, 5.70, 20.00, 20.00, -670.68, 20.00, 4.63, 8.33, 3.31, 0.00, 95.34, 0.00, -32.14, 64.03, 0, 0
2.00, 5.70, 20.00, 20.00, -446.83, 20.00, 4.63, 10.56, 5.49, 0.00, 107.50, 0.00, -16.73, 59.31, 0, 0
2.00, 5.70, 20.09, 20.09, -251.53, 20.00, 4.63, 11.67, 6.59, 0.00, 104.54, 0.00, -0.00, 57.65, 0, 0
2.00, 5.70, 20.18, 20.18, -211.52, 20.00, 4.63, 12.78, 7.68, 0.00, 103.26, 0.00, 16.73, 59.31, 0, 0
2.00, 5.70, 20.29, 20.29, -103.02, 20.00, 4.63, 13.33, 8.16, 0.00, 90.63, 0.00, 32.14, 64.03, 0, 0
2.00, 5.70, 20.31, 20.31, -243.09, 20.00, 4.63, 12.78, 7.54, 0.00, 61.43, 0.00, 45.60, 71.18, 0, 0
2.00, 5.70, 20.22, 20.22, -477.55, 20.00, 4.63, 11.11, 5.97, 0.00, 32.57, 0.00, 57.24, 80.07, 0, 0
2.00, 5.70, 20.13, 20.13, -571.10, 20.00, 4.63, 9.44, 4.40, 0.00, 13.14, 0.00, 0.00, 90.00, 0, 0
2.00, 5.70, 20.13, 20.13, -422.46, 20.00, 4.63, 8.89, 3.79, 0.00, 0.00, 0.00, 0.00, 90.00, 0, 0
2.00, 5.70, 20.12, 20.12, -469.78, 20.00, 4.63, 7.78, 2.70, 0.00, 0.00, 0.00, 0.00, 90.00, 0, 0
2.00, 5.70, 20.10, 20.10, -494.19, 20.00, 4.63, 7.22, 2.09, 0.00, 0.00, 0.00, 0.00, 90.00, 0, 0
2.00, 5.70, 20.06, 20.06, -545.69, 20.00, 4.63, 6.11, 1.01, 0.00, 0.00, 0.00, 0.00, 90.00, 0, 0
2.00, 5.70, 19.92, 19.92, -801.04, 20.00, 4.63, 5.56, 0.40, 0.00, 0.00, 0.00, 0.00, 90.00, 0, 0
2.00, 5.70, 19.70, 19.70, -1074.36, 20.00, 4.63, 4.44, -0.68, 0.00, 0.00, 0.00, 0.00, 90.00, 0, 0
2.00, 5.70, 19.51, 19.51, -1168.01, 20.00, 4.63, 3.89, -1.29, 0.00, 0.00, 0.00, 0.00, 90.00, 0, 0
2.00, 5.70, 19.32, 19.32, -1280.87, 20.00, 4.63, 2.78, -2.36, 0.00, 0.00, 0.00, 0.00, 90.00, 0, 0
2.00, 5.70, 19.15, 19.15, -1360.61, 20.00, 4.63, 2.22, -2.96, 0.00, 0.00, 0.00, 0.00, 90.00, 0, 0
2.00, 5.70, 18.98, 18.98, -1464.60, 20.00, 4.63, 1.11, -4.04, 0.00, 0.00, 0.00, 0.00, 90.00, 0, 0
2.00, 5.70, 18.80, 18.80, -1567.72, 20.00, 4.63, 0.00, -5.11, 0.00, 0.00, 0.00, 0.00, 90.00, 0, 0
2.00, 5.70, 18.64, 18.64, -1640.91, 20.00, 4.63, -0.56, -5.87, 0.00, 0.00, 0.00, 0.00, 90.00, 0, 0
2.00, 5.70, 20.00, 20.00, -1380.79, 20.00, 4.63, -1.67, -6.93, 0.00, 0.00, 0.00, 0.00, 90.00, 0, 0
2.00, 5.70, 20.00, 20.00, -1360.80, 20.00, 4.63, -1.11, -6.32, 0.00, 9.86, 0.00, -67.73, 89.98, 0, 0
2.00, 5.70, 20.00, 20.00, -1245.16, 20.00, 4.63, 0.56, -4.65, 0.00, 35.39, 0.00, -57.45, 79.88, 0, 0
2.00, 5.70, 20.00, 20.00, -1099.78, 20.00, 4.63, 2.22, -2.96, 0.00, 68.02, 0.00, -45.80, 70.96, 0, 0
2.00, 5.70, 20.00, 20.00, -906.87, 20.00, 4.63, 4.44, -0.82, 0.00, 96.00, 0.00, -32.30, 63.79, 0, 0
2.00, 5.70, 20.00, 20.00, -736.07, 20.00, 4.63, 6.11, 0.87, 0.00, 118.52, 0.00, -16.84, 59.04, 0, 0
2.00, 5.70, 20.00, 20.00, -702.25, 20.00, 4.63, 6.67, 1.48, 0.00, 120.11, 0.00, -0.04, 57.37, 0, 0
2.00, 5.70, 20.00, 20.00, -740.42, 20.00, 4.63, 6.67, 1.48, 0.00, 110.24, 0.00, 16.77, 59.03, 0, 0
2.00, 5.70, 20.00, 20.00, -745.99, 20.00, 4.63, 6.67, 1.48, 0.00, 93.30, 0.00, 32.23, 63.76, 0, 0
2.00, 5.70, 20.00, 20.00, -792.60, 20.00, 4.63, 6.11, 0.87, 0.00, 67.19, 0.00, 45.74, 70.93, 0, 0
2.00, 5.70, 20.00, 20.00, -909.80, 20.00, 4.63, 5.00, -0.21, 0.00, 34.13, 0.00, 57.40, 79.84, 0, 0
2.00, 5.70, 20.00, 20.00, -927.03, 20.00, 4.63, 4.44, -0.68, 0.00, 6.57, 0.00, 67.68, 89.93, 0, 0
2.00, 5.70, 20.00, 20.00, -762.64, 20.00, 4.63, 3.89, -1.29, 0.00, 0.00, 0.00, 0.00, 90.00, 0, 0
2.00, 5.70, 20.00, 20.00, -778.25, 20.00, 4.63, 3.33, -1.76, 0.00, 0.00, 0.00, 0.00, 90.00, 0, 0
2.00, 5.70, 20.00, 20.00, -797.64, 20.00, 4.63, 2.78, -2.36, 0.00, 0.00, 0.00, 0.00, 90.00, 0, 0
2.00, 5.70, 20.00, 20.00, -819.41, 20.00, 4.63, 2.22, -2.83, 0.00, 0.00, 0.00, 0.00, 90.00, 0, 0
2.00, 5.70, 19.75, 19.75, -1066.19, 20.00, 4.63, 2.22, -2.96, 0.00, 0.00, 0.00, 0.00, 90.00, 0, 0
2.00, 5.70, 19.46, 19.46, -1323.38, 20.00, 4.63, 1.67, -3.43, 0.00, 0.00, 0.00, 0.00, 90.00, 0, 0
2.00, 5.70, 19.21, 19.21, -1424.24, 20.00, 4.63, 1.11, -4.04, 0.00, 0.00, 0.00, 0.00, 90.00, 0, 0
2.00, 5.70, 19.01, 19.01, -1484.23, 20.00, 4.63, 1.11, -4.04, 0.00, 0.00, 0.00, 0.00, 90.00, 0, 0
2.00, 5.70, 18.83, 18.83, -1563.56, 20.00, 4.63, 0.56, -4.51, 0.00, 0.00, 0.00, 0.00, 90.00, 0, 0
2.00, 5.70, 18.67, 18.67, -1608.66, 20.00, 4.63, 0.56, -4.65, 0.00, 0.00, 0.00, 0.00, 90.00, 0, 0
2.00, 5.70, 18.52, 18.52, -1677.29, 20.00, 4.63, 0.00, -5.11, 0.00, 0.00, 0.00, 0.00, 90.00, 0, 0
2.00, 5.70, 18.39, 18.39, -1714.35, 20.00, 4.63, 0.00, -5.11, 0.00, 0.00, 0.00, 0.00, 90.00, 0, 0
2.00, 5.70, 20.00, 20.00, -1455.50, 20.00, 4.63, -0.56, -5.58, 0.00, 0.00, 0.00, 0.00, 90.00, 0, 0
2.00, 5.70, 20.00, 20.00, -1410.25, 20.00, 4.63, 0.56, -4.51, 0.00, 9.86, 0.00, -67.96, 89.80, 0, 0
2.00, 5.70, 20.00, 20.00, -1289.52, 20.00, 4.63, 2.22, -2.83, 0.00, 35.94, 0.00, -57.67, 79.69, 0, 0
2.00, 5.70, 20.00, 20.00, -1070.65, 20.00, 4.63, 5.00, -0.08, 0.00, 70.25, 0.00, -46.00, 70.75, 0, 0
2.00, 5.70, 20.00, 20.00, -874.46, 20.00, 4.63, 7.22, 2.22, 0.00, 100.02, 0.00, -32.47, 63.54, 0, 0
2.00, 5.70, 20.00, 20.00, -710.77, 20.00, 4.63, 8.89, 3.79, 0.00, 116.54, 0.00, -16.95, 58.77, 0, 0
2.00, 5.70, 20.00, 20.00, -566.77, 20.00, 4.63, 10.00, 5.02, 0.00, 119.53, 0.00, -0.08, 57.08, 0, 0
2.00, 5.70, 20.00, 20.00, -512.68, 20.00, 4.63, 11.11, 5.97, 0.00, 112.22, 0.00, 16.81, 58.74, 0, 0
2.00, 5.70, 20.02, 20.02, -408.72, 20.00, 4.63, 11.67, 6.59, 0.00, 92.64, 0.00, 32.34, 63.49, 0, 0
2.00, 5.70, 20.00, 20.00, -527.46, 20.00, 4.63, 11.11, 5.97, 0.00, 65.97, 0.00, 45.89, 70.67, 0, 0
2.00, 5.70, 20.00, 20.00, -687.39, 20.00, 4.63, 10.00, 4.88, 0.00, 35.23, 0.00, 57.57, 79.61, 0, 0
2.00, 5.70, 20.00, 20.00, -733.20, 20.00, 4.63, 8.89, 3.79, 0.00, 16.43, 0.00, 67.87, 89.71, 0, 0
2.00, 5.70, 20.00, 20.00, -611.80, 20.00, 4.63, 7.78, 2.70, 0.00, 0.00, 0.00, 0.00, 90.00, 0, 0
2.00, 5.70, 20.00, 20.00, -630.18, 20.00, 4.63, 7.22, 2.22, 0.00, 0.00, 0.00, 0.00, 90.00, 0, 0
2.00, 5.70, 20.00, 20.00, -650.93, 20.00, 4.63, 6.67, 1.61, 0.00, 0.00, 0.00, 0.00, 90.00, 0, 0
2.00, 5.70, 20.00, 20.00, -673.28, 20.00, 4.63, 6.11, 1.01, 0.00, 0.00, 0.00, 0.00, 90.00, 0, 0
2.00, 5.70, 19.82, 19.82, -886.06, 20.00, 4.63, 5.56, 0.53, 0.00, 0.00, 0.00, 0.00, 90.00, 0, 0
2.00, 5.70, 19.59, 19.59, -1129.67, 20.00, 4.63, 5.00, -0.08, 0.00, 0.00, 0.00, 0.00, 90.00, 0, 0
2.00, 5.70, 19.37, 19.37, -1248.17, 20.00, 4.63, 3.89, -1.15, 0.00, 0.00, 0.00, 0.00, 90.00, 0, 0
2.00, 5.70, 19.19, 19.19, -1330.59, 20.00, 4.63, 3.33, -1.76, 0.00, 0.00, 0.00, 0.00, 90.00, 0, 0
2.00, 5.70, 19.02, 19.02, -1406.12, 20.00, 4.63, 2.78, -2.36, 0.00, 0.00, 0.00, 0.00, 90.00, 0, 0
2.00, 5.70, 18.85, 18.85, -1506.16, 20.00, 4.63, 1.67, -3.43, 0.00, 0.00, 0.00, 0.00, 90.00, 0, 0
2.00, 5.70, 18.69, 18.69, -1576.17, 20.00, 4.63, 1.11, -4.04, 0.00, 0.00, 0.00, 0.00, 90.00, 0, 0
2.00, 5.70, 18.52, 18.52, -1672.94, 20.00, 4.63, 0.00, -5.11, 0.00, 0.00, 0.00, 0.00, 90.00, 0, 0
2.00, 5.70, 20.00, 20.00, -1438.27, 20.00, 4.63, -0.56, -5.72, 0.00, 0.00, 0.00, 0.00, 90.00, 0, 0
2.00, 5.70, 20.00, 20.00, -1410.18, 20.00, 4.63, 0.00, -5.11, 0.00, 18.07, 0.00, -68.19, 89.63, 0, 0
2.00, 5.70, 20.00, 20.00, -1232.92, 20.00, 4.63, 2.78, -2.36, 0.00, 40.05, 0.00, -57.89, 79.49, 0, 0
2.00, 5.70, 20.00, 20.00, -1128.57, 20.00, 4.63, 3.89, -1.15, 0.00, 70.94, 0.00, -46.20, 70.52, 0, 0
2.00, 5.70, 20.00, 20.00, -1021.63, 20.00, 4.63, 5.00, -0.08, 0.00, 99.09, 0.00, -32.63, 63.29, 0, 0
2.00, 5.70, 20.00, 20.00, -836.63, 20.00, 4.63, 6.67, 1.61, 0.00, 123.10, 0.00, -17.06, 58.50, 0, 0
2.00, 5.70, 20.00, 20.00, -705.63, 20.00, 4.63, 7.78, 2.70, 0.00, 127.83, 0.00, -0.11, 56.79, 0, 0
2.00, 5.70, 20.00, 20.00, -690.68, 20.00, 4.63, 8.33, 3.31, 0.00, 121.61, 0.00, 16.86, 58.45, 0, 0
2.00, 5.70, 20.00, 20.00, -677.14, 20.00, 4.63, 8.33, 3.31, 0.00, 99.14, 0.00, 32.45, 63.21, 0, 0
2.00, 5.70, 20.00, 20.00, -814.13, 20.00, 4.63, 7.78, 2.70, 0.00, 63.02, 0.00, 46.04, 70.42, 0, 0
2.00, 5.70, 20.00, 20.00, -952.29, 20.00, 4.63, 6.11, 1.13, 0.00, 31.95, 0.00, 57.75, 79.37, 0, 0
2.00, 5.70, 20.00, 20.00, -947.26, 20.00, 4.63, 5.56, 0.53, 0.00, 11.50, 0.00, 68.07, 89.49, 0, 0
2.00, 5.70, 20.00, 20.00, -789.28, 20.00, 4.63, 5.00, 0.05, 0.00, 0.00, 0.00, 0.00, 90.00, 0, 0
2.00, 5.70, 20.00, 20.00, -778.62, 20.00, 4.63, 5.00, -0.08, 0.00, 0.00, 0.00, 0.00, 90.00, 0, 0
2.00, 5.70, 20.00, 20.00, -797.20, 20.00, 4.63, 4.44, -0.55, 0.00, 0.00, 0.00, 0.00, 90.00, 0, 0
2.00, 5.70, 20.00, 20.00, -818.23, 20.00, 4.63, 3.89, -1.03, 0.00, 0.00, 0.00, 0.00, 90.00, 0, 0
2.00, 5.70, 19.76, 19.76, -1013.26, 20.00, 4.63, 3.89, -1.15, 0.00, 0.00, 0.00, 0.00, 90.00, 0, 0
2.00, 5.70, 19.49, 19.49, -1262.68, 20.00, 4.63, 3.33, -1.63, 0.00, 0.00, 0.00, 0.00, 90.00, 0, 0
2.00, 5.70, 19.26, 19.26, -1356.90, 20.00, 4.63, 2.78, -2.23, 0.00, 0.00, 0.00, 0.00, 90.00, 0, 0
2.00, 5.70, 19.07, 19.07, -1411.34, 20.00, 4.63, 2.78, -2.23, 0.00, 0.00, 0.00, 0.00, 90.00, 0, 0
2.00, 5.70, 18.90, 18.90, -1485.53, 20.00, 4.63, 2.22, -2.83, 0.00, 0.00, 0.00, 0.00, 90.00, 0, 0
2.00, 5.70, 18.75, 18.75, -1526.08, 20.00, 4.63, 2.22, -2.83, 0.00, 0.00, 0.00, 0.00, 90.00, 0, 0
2.00, 5.70, 18.61, 18.61, -1590.32, 20.00, 4.63, 1.67, -3.31, 0.00, 0.00, 0.00, 0.00, 90.00, 0, 0
2.00, 5.70, 18.49, 18.49, -1623.58, 20.00, 4.63, 1.67, -3.31, 0.00, 0.00, 0.00, 0.00, 90.00, 0, 0
2.00, 5.70, 20.00, 20.00, -1377.97, 20.00, 4.63, 1.11, -3.79, 0.00, 0.00, 0.00, 0.00, 90.00, 0, 0
2.00, 5.70, 20.00, 20.00, -1325.84, 20.00, 4.63, 2.22, -2.71, 0.00, 13.14, 0.00, -68.42, 89.44, 0, 0
2.00, 5.70, 20.00, 20.00, -1168.43, 20.00, 4.63, 4.44, -0.55, 0.00, 41.02, 0.00, -58.11, 79.29, 0, 0
2.00, 5.70, 20.00, 20.00, -1025.75, 20.00, 4.63, 6.11, 1.26, 0.00, 74.84, 0.00, -46.40, 70.29, 0, 0
2.00, 5.70, 20.00, 20.00, -942.45, 20.00, 4.63, 7.22, 2.35, 0.00, 91.72, 0.00, -32.80, 63.03, 0, 0
2.00, 5.70, 20.00, 20.00, -867.02, 20.00, 4.63, 7.78, 2.83, 0.00, 111.14, 0.00, -17.17, 58.21, 0, 0
2.00, 5.70, 20.00, 20.00, -710.83, 20.00, 4.63, 8.89, 3.92, 0.00, 127.29, 0.00, -0.14, 56.50, 0, 0
2.00, 5.70, 20.00, 20.00, -620.67, 20.00, 4.63, 10.00, 5.02, 0.00, 122.01, 0.00, 16.91, 58.16, 0, 0
2.00, 5.70, 20.00, 20.00, -555.95, 20.00, 4.63, 10.56, 5.63, 0.00, 100.48, 0.00, 32.57, 62.94, 0, 0
2.00, 5.70, 20.00, 20.00, -716.75, 20.00, 4.63, 9.44, 4.54, 0.00, 64.33, 0.00, 46.20, 70.16, 0, 0
2.00, 5.70, 20.00, 20.00, -860.33, 20.00, 4.63, 8.33, 3.44, 0.00, 24.65, 0.00, 57.93, 79.14, 0, 0
2.00, 5.70, 20.00, 20.00, -850.16, 20.00, 4.63, 7.78, 2.83, 0.00, 4.93, 0.00, 68.27, 89.28, 0, 0
2.00, 5.70, 20.00, 20.00, -682.80, 20.00, 4.63, 7.22, 2.35, 0.00, 0.00, 0.00, 0.00, 90.00, 0, 0
2.00, 5.70, 20.00, 20.00, -696.03, 20.00, 4.63, 6.67, 1.87, 0.00, 0.00, 0.00, 0.00, 90.00, 0, 0
2.00, 5.70, 20.00, 20.00, -686.72, 20.00, 4.63, 6.67, 1.74, 0.00, 0.00, 0.00, 0.00, 90.00, 0, 0
2.00, 5.70, 20.00, 20.00, -705.36, 20.00, 4.63, 6.11, 1.26, 0.00, 0.00, 0.00, 0.00, 90.00, 0, 0
2.00, 5.70, 19.80, 19.80, -918.37, 20.00, 4.63, 5.56, 0.78, 0.00, 0.00, 0.00, 0.00, 90.00, 0, 0
2.00, 5.70, 19.57, 19.57, -1133.04, 20.00, 4.63, 5.56, 0.66, 0.00, 0.00, 0.00, 0.00, 90.00, 0, 0
2.00, 5.70, 19.37, 19.37, -1219.69, 20.00, 4.63, 5.00, 0.05, 0.00, 0.00, 0.00, 0.00, 90.00, 0, 0
2.00, 5.70, 19.20, 19.20, -1296.89, 20.00, 4.63, 4.44, -0.43, 0.00, 0.00, 0.00, 0.00, 90.00, 0, 0
2.00, 5.70, 19.05, 19.05, -1339.15, 20.00, 4.63, 4.44, -0.55, 0.00, 0.00, 0.00, 0.00, 90.00, 0, 0
2.00, 5.70, 18.92, 18.92, -1403.48, 20.00, 4.63, 3.89, -1.03, 0.00, 0.00, 0.00, 0.00, 90.00, 0, 0
2.00, 5.70, 18.78, 18.78, -1465.35, 20.00, 4.63, 3.33, -1.51, 0.00, 0.00, 0.00, 0.00, 90.00, 0, 0
2.00, 5.70, 18.67, 18.67, -1496.46, 20.00, 4.63, 3.33, -1.51, 0.00, 0.00, 0.00, 0.00, 90.00, 0, 0
2.00, 5.70, 20.00, 20.00, -1279.82, 20.00, 4.63, 2.78, -2.11, 0.00, 0.00, 0.00, 0.00, 90.00, 0, 0
2.00, 5.70, 20.00, 20.00, -1297.45, 20.00, 4.63, 2.78, -2.11, 0.00, 1.64, 0.00, -68.66, 89.25, 0, 0
2.00, 5.70, 20.00, 20.00, -1267.78, 20.00, 4.63, 3.33, -1.51, 0.00, 9.86, 0.00, -58.33, 79.08, 0, 0
2.00, 5.70, 20.00, 20.00, -1218.16, 20.00, 4.63, 3.89, -1.03, 0.00, 29.57, 0.00, -46.60, 70.06, 0, 0
2.00, 5.70, 20.00, 20.00, -1174.75, 20.00, 4.63, 4.44, -0.43, 0.00, 41.08, 0.00, -32.96, 62.77, 0, 0
2.00, 5.70, 20.00, 20.00, -1169.96, 20.00, 4.63, 4.44, -0.43, 0.00, 42.72, 0.00, -17.28, 57.93, 0, 0
2.00, 5.70, 20.00, 20.00, -1173.00, 20.00, 4.63, 4.44, -0.43, 0.00, 39.43, 0.00, -0.16, 56.20, 0, 0
2.00, 5.70, 20.00, 20.00, -1191.75, 20.00, 4.63, 4.44, -0.55, 0.00, 26.29, 0.00, 16.97, 57.86, 0, 0
2.00, 5.70, 20.00, 20.00, -1184.61, 20.00, 4.63, 4.44, -0.55, 0.00, 16.43, 0.00, 32.69, 62.65, 0, 0
2.00, 5.70, 20.00, 20.00, -1223.76, 20.00, 4.63, 3.89, -1.03, 0.00, 9.86, 0.00, 46.36, 69.90, 0, 0
2.00, 5.70, 20.00, 20.00, -1233.40, 20.00, 4.63, 3.89, -1.15, 0.00, 6.57, 0.00, 58.12, 78.90, 0, 0
2.00, 5.70, 20.00, 20.00, -1162.96, 20.00, 4.63, 3.89, -1.15, 0.00, 3.29, 0.00, 68.47, 89.06, 0, 0
2.00, 5.70, 20.00, 20.00, -980.73, 20.00, 4.63, 3.33, -1.63, 0.00, 0.00, 0.00, 0.00, 90.00, 0, 0
2.00, 5.70, 20.00, 20.00, -959.32, 20.00, 4.63, 3.33, -1.63, 0.00, 0.00, 0.00, 0.00, 90.00, 0, 0
2.00, 5.70, 20.00, 20.00, -943.23, 20.00, 4.63, 3.33, -1.76, 0.00, 0.00, 0.00, 0.00, 90.00, 0, 0
2.00, 5.70, 20.00, 20.00, -957.35, 20.00, 4.63, 2.78, -2.23, 0.00, 0.00, 0.00, 0.00, 90.00, 0, 0
2.00, 5.70, 19.70, 19.70, -1157.81, 20.00, 4.63, 2.78, -2.23, 0.00, 0.00, 0.00, 0.00, 90.00, 0, 0
2.00, 5.70, 19.40, 19.40, -1352.45, 20.00, 4.63, 3.33, -1.76, 0.00, 0.00, 0.00, 0.00, 90.00, 0, 0
2.00, 5.70, 19.14, 19.14, -1472.90, 20.00, 4.63, 2.22, -2.83, 0.00, 0.00, 0.00, 0.00, 90.00, 0, 0
2.00, 5.70, 18.91, 18.91, -1585.69, 20.00, 4.63, 1.11, -4.04, 0.00, 0.00, 0.00, 0.00, 90.00, 0, 0
2.00, 5.70, 18.69, 18.69, -1693.72, 20.00, 4.63, 0.00, -5.11, 0.00, 0.00, 0.00, 0.00, 90.00, 0, 0
2.00, 5.70, 18.49, 18.49, -1769.22, 20.00, 4.63, -0.56, -5.72, 0.00, 0.00, 0.00, 0.00, 90.00, 0, 0
2.00, 5.70, 18.30, 18.30, -1870.33, 20.00, 4.63, -1.67, -6.79, 0.00, 0.00, 0.00, 0.00, 90.00, 0, 0
2.00, 5.70, 18.10, 18.10, -1971.39, 20.00, 4.63, -2.78, -7.99, 0.00, 0.00, 0.00, 0.00, 90.00, 0, 0
2.00, 5.70, 20.00, 20.00, -1692.86, 20.00, 4.63, -3.89, -9.05, 0.00, 0.00, 0.00, 0.00, 90.00, 0, 0
2.00, 5.70, 20.00, 20.00, -1674.83, 20.00, 4.63, -3.33, -8.59, 0.00, 11.50, 0.00, -68.89, 89.06, 0, 0
2.00, 5.70, 20.00, 20.00, -1482.07, 20.00, 4.63, -0.56, -5.72, 0.00, 42.14, 0.00, -58.55, 78.86, 0, 0
2.00, 5.70, 20.00, 20.00, -1225.42, 20.00, 4.63, 2.78, -2.36, 0.00, 73.48, 0.00, -46.80, 69.82, 0, 0
2.00, 5.70, 20.00, 20.00, -977.02, 20.00, 4.63, 5.56, 0.40, 0.00, 93.99, 0.00, -33.13, 62.50, 0, 0
2.00, 5.70, 20.00, 20.00, -757.47, 20.00, 4.63, 7.22, 2.09, 0.00, 112.18, 0.00, -17.38, 57.63, 0, 0
2.00, 5.70, 20.00, 20.00, -580.13, 20.00, 4.63, 8.89, 3.65, 0.00, 111.59, 0.00, -0.18, 55.89, 0, 0
2.00, 5.70, 20.00, 20.00, -584.10, 20.00, 4.63, 9.44, 4.26, 0.00, 101.35, 0.00, 17.03, 57.56, 0, 0
2.00, 5.70, 20.00, 20.00, -435.39, 20.00, 4.63, 10.00, 4.73, 0.00, 85.82, 0.00, 32.82, 62.37, 0, 0
2.00, 5.70, 20.00, 20.00, -557.15, 20.00, 4.63, 9.44, 4.11, 0.00, 68.69, 0.00, 46.53, 69.64, 0, 0
2.00, 5.70, 20.00, 20.00, -795.05, 20.00, 4.63, 7.78, 2.56, 0.00, 41.76, 0.00, 58.32, 78.66, 0, 0
2.00, 5.70, 20.00, 20.00, -891.79, 20.00, 4.63, 6.11, 0.87, 0.00, 14.79, 0.00, 68.68, 88.84, 0, 0
2.00, 5.70, 20.00, 20.00, -747.34, 20.00, 4.63, 5.56, 0.40, 0.00, 0.00, 0.00, 0.00, 90.00, 0, 0
2.00, 5.70, 20.00, 20.00, -769.63, 20.00, 4.63, 5.00, -0.21, 0.00, 0.00, 0.00, 0.00, 90.00, 0, 0
2.00, 5.70, 20.00, 20.00, -820.10, 20.00, 4.63, 3.89, -1.29, 0.00, 0.00, 0.00, 0.00, 90.00, 0, 0
2.00, 5.70, 20.00, 20.00, -845.65, 20.00, 4.63, 3.33, -1.89, 0.00, 0.00, 0.00, 0.00, 90.00, 0, 0
2.00, 5.70, 19.72, 19.72, -1077.44, 20.00, 4.63, 2.78, -2.50, 0.00, 0.00, 0.00, 0.00, 90.00, 0, 0
2.00, 5.70, 19.41, 19.41, -1364.53, 20.00, 4.63, 1.67, -3.58, 0.00, 0.00, 0.00, 0.00, 90.00, 0, 0
2.00, 5.70, 19.14, 19.14, -1467.77, 20.00, 4.63, 1.11, -4.19, 0.00, 0.00, 0.00, 0.00, 90.00, 0, 0
2.00, 5.70, 18.91, 18.91, -1558.69, 20.00, 4.63, 0.56, -4.80, 0.00, 0.00, 0.00, 0.00, 90.00, 0, 0
2.00, 5.70, 18.71, 18.71, -1641.31, 20.00, 4.63, 0.00, -5.26, 0.00, 0.00, 0.00, 0.00, 90.00, 0, 0
2.00, 5.70, 18.52, 18.52, -1718.33, 20.00, 4.63, -0.56, -5.87, 0.00, 0.00, 0.00, 0.00, 90.00, 0, 0
2.00, 5.70, 18.34, 18.34, -1821.17, 20.00, 4.63, -1.67, -6.93, 0.00, 0.00, 0.00, 0.00, 90.00, 0, 0
2.00, 5.70, 18.16, 18.16, -1893.88, 20.00, 4.63, -2.22, -7.53, 0.00, 0.00, 0.00, 0.00, 90.00, 0, 0
2.00, 5.70, 20.00, 20.00, -1523.86, 20.00, 4.63, -2.78, -7.99, 0.00, 0.00, 0.00, 0.00, 90.00, 0, 0
2.00, 5.70, 20.00, 20.00, -1461.31, 20.00, 4.63, -1.67, -6.93, 0.00, 18.07, 0.00, -69.13, 88.86, 0, 0
2.00, 5.70, 20.00, 20.00, -1308.01, 20.00, 4.63, 0.56, -4.65, 0.00, 38.26, 0.00, -58.77, 78.64, 0, 0
2.00, 5.70, 20.00, 20.00, -1083.88, 20.00, 4.63, 3.33, -1.89, 0.00, 74.39, 0.00, -47.00, 69.57, 0, 0
2.00, 5.70, 20.00, 20.00, -829.05, 20.00, 4.63, 6.11, 0.87, 0.00, 98.33, 0.00, -33.29, 62.23, 0, 0
2.00, 5.70, 20.00, 20.00, -575.58, 20.00, 4.63, 8.33, 3.03, 0.00, 105.31, 0.00, -17.48, 57.34, 0, 0
2.00, 5.70, 20.01, 20.01, -379.07, 20.00, 4.63, 10.00, 4.73, 0.00, 107.35, 0.00, -0.20, 55.58, 0, 0
2.00, 5.70, 20.03, 20.03, -350.97, 20.00, 4.63, 11.11, 5.82, 0.00, 103.76, 0.00, 17.10, 57.26, 0, 0
2.00, 5.70, 20.10, 20.10, -242.64, 20.00, 4.63, 11.11, 5.82, 0.00, 93.07, 0.00, 32.95, 62.09, 0, 0
2.00, 5.70, 20.09, 20.09, -381.41, 20.00, 4.63, 10.56, 5.35, 0.00, 70.17, 0.00, 46.71, 69.38, 0, 0
2.00, 5.70, 20.00, 20.00, -591.80, 20.00, 4.63, 9.44, 4.26, 0.00, 37.80, 0.00, 58.52, 78.42, 0, 0
2.00, 5.70, 20.00, 20.00, -653.58, 20.00, 4.63, 8.33, 3.17, 0.00, 23.00, 0.00, 68.90, 88.61, 0, 0
2.00, 5.70, 20.00, 20.00, -545.46, 20.00, 4.63, 7.22, 2.09, 0.00, 0.00, 0.00, 0.00, 90.00, 0, 0
2.00, 5.70, 20.00, 20.00, -568.14, 20.00, 4.63, 6.67, 1.48, 0.00, 0.00, 0.00, 0.00, 90.00, 0, 0
2.00, 5.70, 20.00, 20.00, -591.78, 20.00, 4.63, 6.11, 1.01, 0.00, 0.00, 0.00, 0.00, 90.00, 0, 0
2.00, 5.70, 20.00, 20.00, -616.23, 20.00, 4.63, 5.56, 0.40, 0.00, 0.00, 0.00, 0.00, 90.00, 0, 0
2.00, 5.70, 19.80, 19.80, -910.47, 20.00, 4.63, 4.44, -0.68, 0.00, 0.00, 0.00, 0.00, 90.00, 0, 0
2.00, 5.70, 19.55, 19.55, -1164.24, 20.00, 4.63, 3.89, -1.15, 0.00, 0.00, 0.00, 0.00, 90.00, 0, 0
2.00, 5.70, 19.33, 19.33, -1262.04, 20.00, 4.63, 3.33, -1.76, 0.00, 0.00, 0.00, 0.00, 90.00, 0, 0
2.00, 5.70, 19.14, 19.14, -1348.73, 20.00, 4.63, 2.78, -2.36, 0.00, 0.00, 0.00, 0.00, 90.00, 0, 0
2.00, 5.70, 18.97, 18.97, -1427.98, 20.00, 4.63, 2.22, -2.96, 0.00, 0.00, 0.00, 0.00, 90.00, 0, 0
2.00, 5.70, 18.81, 18.81, -1502.04, 20.00, 4.63, 1.67, -3.58, 0.00, 0.00, 0.00, 0.00, 90.00, 0, 0
2.00, 5.70, 18.65, 18.65, -1572.30, 20.00, 4.63, 1.11, -4.04, 0.00, 0.00, 0.00, 0.00, 90.00, 0, 0
2.00, 5.70, 18.51, 18.51, -1639.93, 20.00, 4.63, 0.56, -4.51, 0.00, 0.00, 0.00, 0.00, 90.00, 0, 0
2.00, 5.70, 20.00, 20.00, -1325.56, 20.00, 4.63, 0.00, -5.11, 0.00, 0.00, 0.00, 0.00, 90.00, 0, 0
2.00, 5.70, 20.00, 20.00, -1301.82, 20.00, 4.63, 0.56, -4.51, 0.00, 9.86, 0.00, -69.36, 88.65, 0, 0
2.00, 5.70, 20.00, 20.00, -1139.93, 20.00, 4.63, 2.78, -2.36, 0.00, 40.05, 0.00, -58.99, 78.42, 0, 0
2.00, 5.70, 20.00, 20.00, -957.11, 20.00, 4.63, 5.00, -0.08, 0.00, 77.67, 0.00, -47.20, 69.32, 0, 0
2.00, 5.70, 20.00, 20.00, -749.88, 20.00, 4.63, 7.22, 2.09, 0.00, 107.95, 0.00, -33.46, 61.95, 0, 0
2.00, 5.70, 20.00, 20.00, -556.04, 20.00, 4.63, 8.89, 3.79, 0.00, 130.22, 0.00, -17.58, 57.03, 0, 0
2.00, 5.70, 20.00, 20.00, -478.10, 20.00, 4.63, 10.00, 4.88, 0.00, 139.35, 0.00, -0.21, 55.27, 0, 0
2.00, 5.70, 20.00, 20.00, -442.12, 20.00, 4.63, 10.56, 5.35, 0.00, 130.21, 0.00, 17.17, 56.95, 0, 0
2.00, 5.70, 20.02, 20.02, -404.00, 20.00, 4.63, 10.56, 5.35, 0.00, 107.48, 0.00, 33.10, 61.80, 0, 0
2.00, 5.70, 20.00, 20.00, -563.37, 20.00, 4.63, 10.00, 4.73, 0.00, 65.27, 0.00, 46.89, 69.12, 0, 0
2.00, 5.70, 20.00, 20.00, -741.33, 20.00, 4.63, 8.33, 3.17, 0.00, 23.00, 0.00, 58.72, 78.18, 0, 0
2.00, 5.70, 20.00, 20.00, -759.19, 20.00, 4.63, 7.22, 2.09, 0.00, 4.93, 0.00, 69.12, 88.39, 0, 0
2.00, 5.70, 20.00, 20.00, -595.00, 20.00, 4.63, 6.67, 1.48, 0.00, 0.00, 0.00, 0.00, 90.00, 0, 0
2.00, 5.70, 20.00, 20.00, -610.87, 20.00, 4.63, 6.11, 1.01, 0.00, 0.00, 0.00, 0.00, 90.00, 0, 0
2.00, 5.70, 20.00, 20.00, -656.61, 20.00, 4.63, 5.00, -0.08, 0.00, 0.00, 0.00, 0.00, 90.00, 0, 0
2.00, 5.70, 20.00, 20.00, -678.79, 20.00, 4.63, 4.44, -0.68, 0.00, 0.00, 0.00, 0.00, 90.00, 0, 0
2.00, 5.70, 19.79, 19.79, -946.71, 20.00, 4.63, 3.89, -1.29, 0.00, 0.00, 0.00, 0.00, 90.00, 0, 0
2.00, 5.70, 19.53, 19.53, -1200.13, 20.00, 4.63, 3.33, -1.89, 0.00, 0.00, 0.00, 0.00, 90.00, 0, 0
2.00, 5.70, 19.31, 19.31, -1297.70, 20.00, 4.63, 2.78, -2.36, 0.00, 0.00, 0.00, 0.00, 90.00, 0, 0
2.00, 5.70, 19.10, 19.10, -1413.66, 20.00, 4.63, 1.67, -3.43, 0.00, 0.00, 0.00, 0.00, 90.00, 0, 0
2.00, 5.70, 18.91, 18.91, -1495.61, 20.00, 4.63, 1.11, -4.04, 0.00, 0.00, 0.00, 0.00, 90.00, 0, 0
2.00, 5.70, 18.72, 18.72, -1601.52, 20.00, 4.63, 0.00, -5.11, 0.00, 0.00, 0.00, 0.00, 90.00, 0, 0
2.00, 5.70, 18.55, 18.55, -1676.52, 20.00, 4.63, -0.56, -5.72, 0.00, 0.00, 0.00, 0.00, 90.00, 0, 0
2.00, 5.70, 18.37, 18.37, -1778.12, 20.00, 4.63, -1.67, -6.79, 0.00, 0.00, 0.00, 0.00, 90.00, 0, 0
2.00, 5.70, 20.00, 20.00, -1518.70, 20.00, 4.63, -2.22, -7.39, 0.00, 0.00, 0.00, 0.00, 90.00, 0, 0
2.00, 5.70, 20.00, 20.00, -1460.36, 20.00, 4.63, -1.11, -6.32, 0.00, 21.36, 0.00, -69.60, 88.44, 0, 0
2.00, 5.70, 20.00, 20.00, -1276.02, 20.00, 4.63, 1.67, -3.43, 0.00, 41.00, 0.00, -59.22, 78.19, 0, 0
2.00, 5.70, 20.00, 20.00, -1024.80, 20.00, 4.63, 5.00, -0.08, 0.00, 69.97, 0.00, -47.41, 69.06, 0, 0
2.00, 5.70, 20.00, 20.00, -824.10, 20.00, 4.63, 7.22, 2.09, 0.00, 96.62, 0.00, -33.62, 61.67, 0, 0
2.00, 5.70, 20.00, 20.00, -638.40, 20.00, 4.63, 8.89, 3.79, 0.00, 114.74, 0.00, -17.68, 56.73, 0, 0
2.00, 5.70, 20.00, 20.00, -487.66, 20.00, 4.63, 10.00, 4.88, 0.00, 119.34, 0.00, -0.23, 54.95, 0, 0
2.00, 5.70, 20.00, 20.00, -484.94, 20.00, 4.63, 10.56, 5.35, 0.00, 113.49, 0.00, 17.25, 56.64, 0, 0
2.00, 5.70, 20.05, 20.05, -333.20, 20.00, 4.63, 11.11, 5.97, 0.00, 102.68, 0.00, 33.24, 61.51, 0, 0
2.00, 5.70, 20.04, 20.04, -427.79, 20.00, 4.63, 10.56, 5.35, 0.00, 73.11, 0.00, 47.08, 68.85, 0, 0
2.00, 5.70, 20.00, 20.00, -664.31, 20.00, 4.63, 8.89, 3.79, 0.00, 37.84, 0.00, 58.94, 77.94, 0, 0
2.00, 5.70, 20.00, 20.00, -732.32, 20.00, 4.63, 7.78, 2.70, 0.00, 24.65, 0.00, 69.35, 88.17, 0, 0
2.00, 5.70, 20.00, 20.00, -601.12, 20.00, 4.63, 7.22, 2.22, 0.00, 0.00, 0.00, 0.00, 90.00, 0, 0
2.00, 5.70, 20.00, 20.00, -624.64, 20.00, 4.63, 6.67, 1.61, 0.00, 0.00, 0.00, 0.00, 90.00, 0, 0
2.00, 5.70, 20.00, 20.00, -649.45, 20.00, 4.63, 6.11, 1.01, 0.00, 0.00, 0.00, 0.00, 90.00, 0, 0
2.00, 5.70, 20.00, 20.00, -675.02, 20.00, 4.63, 5.56, 0.53, 0.00, 0.00, 0.00, 0.00, 90.00, 0, 0
2.00, 5.70, 19.80, 19.80, -920.82, 20.00, 4.63, 4.44, -0.55, 0.00, 0.00, 0.00, 0.00, 90.00, 0, 0
2.00, 5.70, 19.55, 19.55, -1170.42, 20.00, 4.63, 3.89, -1.15, 0.00, 0.00, 0.00, 0.00, 90.00, 0, 0
2.00, 5.70, 19.34, 19.34, -1265.09, 20.00, 4.63, 3.33, -1.76, 0.00, 0.00, 0.00, 0.00, 90.00, 0, 0
2.00, 5.70, 19.16, 19.16, -1320.27, 20.00, 4.63, 3.33, -1.76, 0.00, 0.00, 0.00, 0.00, 90.00, 0, 0
2.00, 5.70, 19.00, 19.00, -1395.12, 20.00, 4.63, 2.78, -2.23, 0.00, 0.00, 0.00, 0.00, 90.00, 0, 0
2.00, 5.70, 18.86, 18.86, -1436.61, 20.00, 4.63, 2.78, -2.36, 0.00, 0.00, 0.00, 0.00, 90.00, 0, 0
2.00, 5.70, 18.73, 18.73, -1501.60, 20.00, 4.63, 2.22, -2.83, 0.00, 0.00, 0.00, 0.00, 90.00, 0, 0
2.00, 5.70, 18.61, 18.61, -1535.67, 20.00, 4.63, 2.22, -2.83, 0.00, 0.00, 0.00, 0.00, 90.00, 0, 0
2.00, 5.70, 20.00, 20.00, -1311.48, 20.00, 4.63, 1.67, -3.31, 0.00, 0.00, 0.00, 0.00, 90.00, 0, 0
2.00, 5.70, 20.00, 20.00, -1292.57, 20.00, 4.63, 2.22, -2.71, 0.00, 9.86, 0.00, -69.84, 88.23, 0, 0
2.00, 5.70, 20.00, 20.00, -1141.96, 20.00, 4.63, 4.44, -0.55, 0.00, 40.75, 0.00, -59.44, 77.95, 0, 0
2.00, 5.70, 20.00, 20.00, -970.82, 20.00, 4.63, 6.67, 1.61, 0.00, 79.00, 0.00, -47.61, 68.80, 0, 0
2.00, 5.70, 20.00, 20.00, -857.68, 20.00, 4.63, 7.78, 2.83, 0.00, 107.02, 0.00, -33.79, 61.38, 0, 0
2.00, 5.70, 20.00, 20.00, -653.04, 20.00, 4.63, 10.00, 4.88, 0.00, 129.28, 0.00, -17.78, 56.41, 0, 0
2.00, 5.70, 20.00, 20.00, -505.27, 20.00, 4.63, 11.11, 5.97, 0.00, 137.54, 0.00, -0.23, 54.63, 0, 0
2.00, 5.70, 20.02, 20.02, -396.89, 20.00, 4.63, 12.78, 7.54, 0.00, 127.04, 0.00, 17.34, 56.33, 0, 0
2.00, 5.70, 20.11, 20.11, -233.98, 20.00, 4.63, 13.33, 8.16, 0.00, 102.18, 0.00, 33.40, 61.21, 0, 0
2.00, 5.70, 20.11, 20.11, -369.25, 20.00, 4.63, 13.33, 8.16, 0.00, 75.61, 0.00, 47.28, 68.59, 0, 0
2.00, 5.70, 20.02, 20.02, -586.63, 20.00, 4.63, 11.67, 6.59, 0.00, 37.72, 0.00, 59.15, 77.70, 0, 0
2.00, 5.70, 20.00, 20.00, -630.07, 20.00, 4.63, 10.56, 5.35, 0.00, 8.22, 0.00, 69.59, 87.95, 0, 0
2.00, 5.70, 20.00, 20.00, -499.51, 20.00, 4.63, 9.44, 4.26, 0.00, 0.00, 0.00, 0.00, 90.00, 0, 0
2.00, 5.70, 20.00, 20.00, -517.66, 20.00, 4.63, 8.89, 3.65, 0.00, 0.00, 0.00, 0.00, 90.00, 0, 0
2.00, 5.70, 20.00, 20.00, -564.43, 20.00, 4.63, 7.78, 2.56, 0.00, 0.00, 0.00, 0.00, 90.00, 0, 0
2.00, 5.70, 20.00, 20.00, -613.67, 20.00, 4.63, 6.67, 1.48, 0.00, 0.00, 0.00, 0.00, 90.00, 0, 0
2.00, 5.70, 19.84, 19.84, -851.99, 20.00, 4.63, 5.56, 0.40, 0.00, 0.00, 0.00, 0.00, 90.00, 0, 0
2.00, 5.70, 19.61, 19.61, -1096.07, 20.00, 4.63, 5.00, -0.36, 0.00, 0.00, 0.00, 0.00, 90.00, 0, 0
2.00, 5.70, 19.41, 19.41, -1215.15, 20.00, 4.63, 3.89, -1.43, 0.00, 0.00, 0.00, 0.00, 90.00, 0, 0
2.00, 5.70, 19.20, 19.20, -1356.46, 20.00, 4.63, 2.22, -2.96, 0.00, 0.00, 0.00, 0.00, 90.00, 0, 0
2.00, 5.70, 19.00, 19.00, -1467.20, 20.00, 4.63, 1.11, -4.19, 0.00, 0.00, 0.00, 0.00, 90.00, 0, 0
2.00, 5.70, 18.79, 18.79, -1604.61, 20.00, 4.63, -0.56, -5.87, 0.00, 0.00, 0.00, 0.00, 90.00, 0, 0
2.00, 5.70, 18.59, 18.59, -1713.37, 20.00, 4.63, -1.67, -7.09, 0.00, 0.00, 0.00, 0.00, 90.00, 0, 0
2.00, 5.70, 18.39, 18.39, -1820.77, 20.00, 4.63, -2.78, -8.14, 0.00, 0.00, 0.00, 0.00, 90.00, 0, 0
2.00, 5.70, 20.00, 20.00, -1623.63, 20.00, 4.63, -4.44, -9.79, 0.00, 0.00, 0.00, 0.00, 90.00, 0, 0
2.00, 5.70, 20.00, 20.00, -1590.06, 20.00, 4.63, -3.89, -9.19, 0.00, 26.29, 0.00, -70.08, 88.00, 0, 0
2.00, 5.70, 20.00, 20.00, -1410.76, 20.00, 4.63, -1.11, -6.48, 0.00, 44.14, 0.00, -59.67, 77.71, 0, 0
2.00, 5.70, 20.00, 20.00, -1264.12, 20.00, 4.63, 0.56, -4.80, 0.00, 81.38, 0.00, -47.81, 68.54, 0, 0
2.00, 5.70, 20.00, 20.00, -1147.20, 20.00, 4.63, 1.67, -3.58, 0.00, 117.20, 0.00, -33.95, 61.08, 0, 0
2.00, 5.70, 20.00, 20.00, -1050.64, 20.00, 4.63, 2.78, -2.67, 0.00, 130.42, 0.00, -17.88, 56.10, 0, 0
2.00, 5.70, 20.00, 20.00, -1016.40, 20.00, 4.63, 2.78, -2.50, 0.00, 130.60, 0.00, -0.24, 54.30, 0, 0
2.00, 5.70, 20.00, 20.00, -998.74, 20.00, 4.63, 3.33, -2.04, 0.00, 123.76, 0.00, 17.43, 56.01, 0, 0
2.00, 5.70, 20.00, 20.00, -1019.88, 20.00, 4.63, 2.78, -2.50, 0.00, 103.76, 0.00, 33.55, 60.92, 0, 0
2.00, 5.70, 20.00, 20.00, -1096.29, 20.00, 4.63, 2.22, -3.12, 0.00, 74.94, 0.00, 47.48, 68.32, 0, 0
2.00, 5.70, 20.00, 20.00, -1236.02, 20.00, 4.63, 1.11, -4.19, 0.00, 33.13, 0.00, 59.38, 77.45, 0, 0
2.00, 5.70, 20.00, 20.00, -1265.36, 20.00, 4.63, 0.00, -5.26, 0.00, 8.22, 0.00, 69.82, 87.72, 0, 0
2.00, 5.70, 20.00, 20.00, -1104.42, 20.00, 4.63, -0.56, -5.87, 0.00, 0.00, 0.00, 0.00, 90.00, 0, 0
2.00, 5.70, 20.00, 20.00, -1123.64, 20.00, 4.63, -1.11, -6.48, 0.00, 0.00, 0.00, 0.00, 90.00, 0, 0
2.00, 5.70, 20.00, 20.00, -1146.37, 20.00, 4.63, -1.67, -6.93, 0.00, 0.00, 0.00, 0.00, 90.00, 0, 0
2.00, 5.70, 20.00, 20.00, -1171.56, 20.00, 4.63, -2.22, -7.53, 0.00, 0.00, 0.00, 0.00, 90.00, 0, 0
2.00, 5.70, 19.57, 19.57, -1428.91, 20.00, 4.63, -2.78, -8.14, 0.00, 0.00, 0.00, 0.00, 90.00, 0, 0
2.00, 5.70, 19.14, 19.14, -1736.85, 20.00, 4.63, -3.89, -9.19, 0.00, 0.00, 0.00, 0.00, 90.00, 0, 0
2.00, 5.70, 18.80, 18.80, -1825.85, 20.00, 4.63, -3.89, -9.19, 0.00, 0.00, 0.00, 0.00, 90.00, 0, 0
2.00, 5.70, 18.53, 18.53, -1897.63, 20.00, 4.63, -3.89, -9.35, 0.00, 0.00, 0.00, 0.00, 90.00, 0, 0
2.00, 5.70, 18.30, 18.30, -1957.41, 20.00, 4.63, -3.89, -9.35, 0.00, 0.00, 0.00, 0.00, 90.00, 0, 0
2.00, 5.70, 18.10, 18.10, -2008.61, 20.00, 4.63, -3.89, -9.35, 0.00, 0.00, 0.00, 0.00, 90.00, 0, 0
2.00, 5.70, 17.93, 17.93, -2053.44, 20.00, 4.63, -3.89, -9.35, 0.00, 0.00, 0.00, 0.00, 90.00, 0, 0
2.00, 5.70, 17.76, 17.76, -2123.78, 20.00, 4.63, -4.44, -9.79, 0.00, 0.00, 0.00, 0.00, 90.00, 0, 0
2.00, 5.70, 20.00, 20.00, -1733.18, 20.00, 4.63, -4.44, -9.79, 0.00, 0.00, 0.00, 0.00, 90.00, 0, 0
2.00, 5.70, 20.00, 20.00, -1638.89, 20.00, 4.63, -2.78, -8.14, 0.00, 24.65, 0.00, -70.33, 87.78, 0, 0
2.00, 5.70, 20.00, 20.00, -1453.38, 20.00, 4.63, 0.00, -5.26, 0.00, 48.38, 0.00, -59.89, 77.47, 0, 0
2.00, 5.70, 20.00, 20.00, -1302.52, 20.00, 4.63, 1.67, -3.58, 0.00, 80.40, 0.00, -48.02, 68.27, 0, 0
2.00, 5.70, 20.00, 20.00, -1162.53, 20.00, 4.63, 3.33, -1.89, 0.00, 109.37, 0.00, -34.11, 60.79, 0, 0
2.00, 5.70, 20.00, 20.00, -1069.48, 20.00, 4.63, 3.89, -1.29, 0.00, 128.35, 0.00, -17.97, 55.78, 0, 0
2.00, 5.70, 20.00, 20.00, -870.17, 20.00, 4.63, 5.56, 0.25, 0.00, 136.01, 0.00, -0.24, 53.97, 0, 0
2.00, 5.70, 20.00, 20.00, -800.58, 20.00, 4.63, 6.67, 1.33, 0.00, 124.09, 0.00, 17.52, 55.69, 0, 0
2.00, 5.70, 20.00, 20.00, -704.18, 20.00, 4.63, 6.67, 1.48, 0.00, 110.86, 0.00, 33.72, 60.62, 0, 0
2.00, 5.70, 20.00, 20.00, -810.93, 20.00, 4.63, 6.67, 1.33, 0.00, 82.63, 0.00, 47.68, 68.05, 0, 0
2.00, 5.70, 20.00, 20.00, -1029.22, 20.00, 4.63, 5.00, -0.21, 0.00, 39.28, 0.00, 59.61, 77.21, 0, 0
2.00, 5.70, 20.00, 20.00, -1069.20, 20.00, 4.63, 3.89, -1.29, 0.00, 9.86, 0.00, 70.07, 87.50, 0, 0
2.00, 5.70, 20.00, 20.00, -885.77, 20.00, 4.63, 3.89, -1.29, 0.00, 0.00, 0.00, 0.00, 90.00, 0, 0
2.00, 5.70, 20.00, 20.00, -903.35, 20.00, 4.63, 3.33, -1.76, 0.00, 0.00, 0.00, 0.00, 90.00, 0, 0
2.00, 5.70, 20.00, 20.00, -923.85, 20.00, 4.63, 2.78, -2.36, 0.00, 0.00, 0.00, 0.00, 90.00, 0, 0
2.00, 5.70, 20.00, 20.00, -919.13, 20.00, 4.63, 2.78, -2.36, 0.00, 0.00, 0.00, 0.00, 90.00, 0, 0
2.00, 5.70, 19.68, 19.68, -1155.48, 20.00, 4.63, 2.22, -2.96, 0.00, 0.00, 0.00, 0.00, 90.00, 0, 0
2.00, 5.70, 19.35, 19.35, -1416.08, 20.00, 4.63, 1.67, -3.43, 0.00, 0.00, 0.00, 0.00, 90.00, 0, 0
2.00, 5.70, 19.08, 19.08, -1489.23, 20.00, 4.63, 1.67, -3.58, 0.00, 0.00, 0.00, 0.00, 90.00, 0, 0
2.00, 5.70, 18.86, 18.86, -1576.61, 20.00, 4.63, 1.11, -4.04, 0.00, 0.00, 0.00, 0.00, 90.00, 0, 0
2.00, 5.70, 18.67, 18.67, -1626.82, 20.00, 4.63, 1.11, -4.19, 0.00, 0.00, 0.00, 0.00, 90.00, 0, 0
2.00, 5.70, 18.49, 18.49, -1698.42, 20.00, 4.63, 0.56, -4.65, 0.00, 0.00, 0.00, 0.00, 90.00, 0, 0
2.00, 5.70, 18.33, 18.33, -1766.67, 20.00, 4.63, 0.00, -5.11, 0.00, 0.00, 0.00, 0.00, 90.00, 0, 0
2.00, 5.70, 18.19, 18.19, -1802.93, 20.00, 4.63, 0.00, -5.11, 0.00, 0.00, 0.00, 0.00, 90.00, 0, 0
2.00, 5.70, 20.00, 20.00, -1505.02, 20.00, 4.63, -0.56, -5.58, 0.00, 0.00, 0.00, 0.00, 90.00, 0, 0
2.00, 5.70, 20.00, 20.00, -1408.88, 20.00, 4.63, 1.11, -3.91, 0.00, 24.65, 0.00, -70.57, 87.55, 0, 0
2.00, 5.70, 20.00, 20.00, -1186.07, 20.00, 4.63, 4.44, -0.55, 0.00, 48.29, 0.00, -60.12, 77.22, 0, 0
2.00, 5.70, 20.00, 20.00, -955.59, 20.00, 4.63, 7.22, 2.22, 0.00, 80.47, 0.00, -48.22, 67.99, 0, 0
2.00, 5.70, 20.00, 20.00, -754.76, 20.00, 4.63, 9.44, 4.40, 0.00, 106.15, 0.00, -34.28, 60.48, 0, 0
2.00, 5.70, 20.00, 20.00, -579.18, 20.00, 4.63, 11.11, 5.97, 0.00, 126.56, 0.00, -18.06, 55.45, 0, 0
2.00, 5.70, 20.00, 20.00, -425.67, 20.00, 4.63, 12.22, 7.07, 0.00, 129.86, 0.00, -0.23, 53.63, 0, 0
2.00, 5.70, 20.00, 20.00, -403.41, 20.00, 4.63, 12.78, 7.68, 0.00, 116.59, 0.00, 17.62, 55.36, 0, 0
2.00, 5.70, 20.03, 20.03, -338.18, 20.00, 4.63, 12.78, 7.68, 0.00, 107.56, 0.00, 33.89, 60.32, 0, 0
2.00, 5.70, 20.00, 20.00, -478.34, 20.00, 4.63, 12.22, 7.07, 0.00, 84.49, 0.00, 47.90, 67.78, 0, 0
2.00, 5.70, 20.00, 20.00, -654.54, 20.00, 4.63, 10.56, 5.49, 0.00, 46.33, 0.00, 59.84, 76.97, 0, 0
2.00, 5.70, 20.00, 20.00, -695.01, 20.00, 4.63, 9.44, 4.40, 0.00, 24.65, 0.00, 70.32, 87.28, 0, 0
2.00, 5.70, 20.00, 20.00, -558.61, 20.00, 4.63, 8.89, 3.92, 0.00, 0.00, 0.00, 0.00, 90.00, 0, 0
2.00, 5.70, 20.00, 20.00, -577.27, 20.00, 4.63, 8.33, 3.31, 0.00, 0.00, 0.00, 0.00, 90.00, 0, 0
2.00, 5.70, 20.00, 20.00, -597.90, 20.00, 4.63, 7.78, 2.70, 0.00, 0.00, 0.00, 0.00, 90.00, 0, 0
2.00, 5.70, 20.00, 20.00, -646.05, 20.00, 4.63, 6.67, 1.74, 0.00, 0.00, 0.00, 0.00, 90.00, 0, 0
2.00, 5.70, 19.82, 19.82, -860.69, 20.00, 4.63, 6.11, 1.13, 0.00, 0.00, 0.00, 0.00, 90.00, 0, 0
2.00, 5.70, 19.58, 19.58, -1105.27, 20.00, 4.63, 5.56, 0.53, 0.00, 0.00, 0.00, 0.00, 90.00, 0, 0
2.00, 5.70, 19.38, 19.38, -1195.38, 20.00, 4.63, 5.00, -0.08, 0.00, 0.00, 0.00, 0.00, 90.00, 0, 0
2.00, 5.70, 19.20, 19.20, -1275.44, 20.00, 4.63, 4.44, -0.68, 0.00, 0.00, 0.00, 0.00, 90.00, 0, 0
2.00, 5.70, 19.04, 19.04, -1348.77, 20.00, 4.63, 3.89, -1.15, 0.00, 0.00, 0.00, 0.00, 90.00, 0, 0
2.00, 5.70, 18.89, 18.89, -1417.58, 20.00, 4.63, 3.33, -1.76, 0.00, 0.00, 0.00, 0.00, 90.00, 0, 0
2.00, 5.70, 18.74, 18.74, -1512.32, 20.00, 4.63, 2.22, -2.83, 0.00, 0.00, 0.00, 0.00, 90.00, 0, 0
2.00, 5.70, 18.59, 18.59, -1578.08, 20.00, 4.63, 1.67, -3.31, 0.00, 0.00, 0.00, 0.00, 90.00, 0, 0
2.00, 5.70, 20.00, 20.00, -1276.21, 20.00, 4.63, 1.11, -3.91, 0.00, 0.00, 0.00, 0.00, 90.00, 0, 0
2.00, 5.70, 20.00, 20.00, -1213.86, 20.00, 4.63, 2.22, -2.71, 0.00, 16.43, 0.00, -70.81, 87.31, 0, 0
2.00, 5.70, 20.00, 20.00, -1022.37, 20.00, 4.63, 5.00, 0.05, 0.00, 44.26, 0.00, -60.35, 76.96, 0, 0
2.00, 5.70, 20.00, 20.00, -802.70, 20.00, 4.63, 7.78, 2.83, 0.00, 81.03, 0.00, -48.43, 67.71, 0, 0
2.00, 5.70, 20.00, 20.00, -598.70, 20.00, 4.63, 10.00, 5.02, 0.00, 112.05, 0.00, -34.44, 60.18, 0, 0
2.00, 5.70, 20.00, 20.00, -423.12, 20.00, 4.63, 11.67, 6.59, 0.00, 136.95, 0.00, -18.15, 55.12, 0, 0
2.00, 5.70, 20.03, 20.03, -347.12, 20.00, 4.63, 12.22, 7.21, 0.00, 144.19, 0.00, -0.22, 53.30, 0, 0
2.00, 5.70, 20.10, 20.10, -253.71, 20.00, 4.63, 13.33, 8.31, 0.00, 132.53, 0.00, 17.73, 55.04, 0, 0
2.00, 5.70, 20.21, 20.21, -133.55, 20.00, 4.63, 13.89, 8.79, 0.00, 111.80, 0.00, 34.07, 60.02, 0, 0
2.00, 5.70, 20.23, 20.23, -252.14, 20.00, 4.63, 13.33, 8.31, 0.00, 82.31, 0.00, 48.11, 67.51, 0, 0
2.00, 5.70, 20.18, 20.18, -415.18, 20.00, 4.63, 12.22, 7.21, 0.00, 48.50, 0.00, 60.08, 76.72, 0, 0
2.00, 5.70, 20.12, 20.12, -475.19, 20.00, 4.63, 11.11, 6.11, 0.00, 29.57, 0.00, 70.57, 87.05, 0, 0
2.00, 5.70, 20.14, 20.14, -369.62, 20.00, 4.63, 10.00, 5.02, 0.00, 0.00, 0.00, 0.00, 90.00, 0, 0
2.00, 5.70, 20.14, 20.14, -388.39, 20.00, 4.63, 9.44, 4.54, 0.00, 0.00, 0.00, 0.00, 90.00, 0, 0
2.00, 5.70, 20.12, 20.12, -436.83, 20.00, 4.63, 8.33, 3.44, 0.00, 0.00, 0.00, 0.00, 90.00, 0, 0
2.00, 5.70, 20.10, 20.10, -461.59, 20.00, 4.63, 7.78, 2.83, 0.00, 0.00, 0.00, 0.00, 90.00, 0, 0
2.00, 5.70, 19.98, 19.98, -713.19, 20.00, 4.63, 7.22, 2.22, 0.00, 0.00, 0.00, 0.00, 90.00, 0, 0
2.00, 5.70, 19.77, 19.77, -982.80, 20.00, 4.63, 6.11, 1.13, 0.00, 0.00, 0.00, 0.00, 90.00, 0, 0
2.00, 5.70, 19.59, 19.59, -1073.22, 20.00, 4.63, 5.56, 0.53, 0.00, 0.00, 0.00, 0.00, 90.00, 0, 0
2.00, 5.70, 19.42, 19.42, -1153.97, 20.00, 4.63, 5.00, -0.08, 0.00, 0.00, 0.00, 0.00, 90.00, 0, 0
2.00, 5.70, 19.26, 19.26, -1257.13, 20.00, 4.63, 3.89, -1.15, 0.00, 0.00, 0.00, 0.00, 90.00, 0, 0
2.00, 5.70, 19.11, 19.11, -1329.32, 20.00, 4.63, 3.33, -1.63, 0.00, 0.00, 0.00, 0.00, 90.00, 0, 0
2.00, 5.70, 18.96, 18.96, -1397.92, 20.00, 4.63, 2.78, -2.23, 0.00, 0.00, 0.00, 0.00, 90.00, 0, 0
2.00, 5.70, 18.82, 18.82, -1463.99, 20.00, 4.63, 2.22, -2.83, 0.00, 0.00, 0.00, 0.00, 90.00, 0, 0
2.00, 5.70, 20.00, 20.00, -1226.64, 20.00, 4.63, 1.11, -3.79, 0.00, 0.00, 0.00, 0.00, 90.00, 0, 0
2.00, 5.70, 20.00, 20.00, -1159.83, 20.00, 4.63, 2.22, -2.71, 0.00, 21.36, 0.00, -71.06, 87.07, 0, 0
2.00, 5.70, 20.00, 20.00, -1013.38, 20.00, 4.63, 4.44, -0.43, 0.00, 44.31, 0.00, -60.58, 76.70, 0, 0
2.00, 5.70, 20.00, 20.00, -908.90, 20.00, 4.63, 5.56, 0.66, 0.00, 75.91, 0.00, -48.63, 67.43, 0, 0
2.00, 5.70, 20.00, 20.00, -834.24, 20.00, 4.63, 6.67, 1.74, 0.00, 83.64, 0.00, -34.60, 59.86, 0, 0
2.00, 5.70, 20.00, 20.00, -675.49, 20.00, 4.63, 7.78, 2.83, 0.00, 113.79, 0.00, -18.24, 54.79, 0, 0
2.00, 5.70, 20.00, 20.00, -477.41, 20.00, 4.63, 9.44, 4.40, 0.00, 142.37, 0.00, -0.21, 52.95, 0, 0
2.00, 5.70, 20.03, 20.03, -409.57, 20.00, 4.63, 10.56, 5.49, 0.00, 134.26, 0.00, 17.84, 54.71, 0, 0
2.00, 5.70, 20.06, 20.06, -387.80, 20.00, 4.63, 10.56, 5.63, 0.00, 107.56, 0.00, 34.25, 59.72, 0, 0
2.00, 5.70, 20.01, 20.01, -544.98, 20.00, 4.63, 10.00, 5.02, 0.00, 75.50, 0.00, 48.34, 67.23, 0, 0
2.00, 5.70, 20.00, 20.00, -657.97, 20.00, 4.63, 8.89, 3.92, 0.00, 44.88, 0.00, 60.33, 76.48, 0, 0
2.00, 5.70, 20.00, 20.00, -671.46, 20.00, 4.63, 8.33, 3.31, 0.00, 11.50, 0.00, 70.83, 86.83, 0, 0
2.00, 5.70, 20.00, 20.00, -515.74, 20.00, 4.63, 7.78, 2.83, 0.00, 0.00, 0.00, 0.00, 90.00, 0, 0
2.00, 5.70, 20.00, 20.00, -532.02, 20.00, 4.63, 7.22, 2.22, 0.00, 0.00, 0.00, 0.00, 90.00, 0, 0
2.00, 5.70, 20.00, 20.00, -551.32, 20.00, 4.63, 6.67, 1.74, 0.00, 0.00, 0.00, 0.00, 90.00, 0, 0
2.00, 5.70, 20.00, 20.00, -572.71, 20.00, 4.63, 6.11, 1.13, 0.00, 0.00, 0.00, 0.00, 90.00, 0, 0
2.00, 5.70, 19.85, 19.85, -829.26, 20.00, 4.63, 5.56, 0.53, 0.00, 0.00, 0.00, 0.00, 90.00, 0, 0
2.00, 5.70, 19.64, 19.64, -1074.14, 20.00, 4.63, 5.00, 0.05, 0.00, 0.00, 0.00, 0.00, 90.00, 0, 0
2.00, 5.70, 19.46, 19.46, -1165.22, 20.00, 4.63, 4.44, -0.55, 0.00, 0.00, 0.00, 0.00, 90.00, 0, 0
2.00, 5.70, 19.29, 19.29, -1246.71, 20.00, 4.63, 3.89, -1.15, 0.00, 0.00, 0.00, 0.00, 90.00, 0, 0
2.00, 5.70, 19.14, 19.14, -1321.81, 20.00, 4.63, 3.33, -1.76, 0.00, 0.00, 0.00, 0.00, 90.00, 0, 0
2.00, 5.70, 18.99, 18.99, -1392.37, 20.00, 4.63, 2.78, -2.23, 0.00, 0.00, 0.00, 0.00, 90.00, 0, 0
2.00, 5.70, 18.84, 18.84, -1489.11, 20.00, 4.63, 1.67, -3.31, 0.00, 0.00, 0.00, 0.00, 90.00, 0, 0
2.00, 5.70, 18.69, 18.69, -1556.89, 20.00, 4.63, 1.11, -3.91, 0.00, 0.00, 0.00, 0.00, 90.00, 0, 0
2.00, 5.70, 20.00, 20.00, -1347.23, 20.00, 4.63, 0.56, -4.38, 0.00, 0.00, 0.00, 0.00, 90.00, 0, 0
2.00, 5.70, 20.00, 20.00, -1254.86, 20.00, 4.63, 2.22, -2.71, 0.00, 24.65, 0.00, -71.30, 86.83, 0, 0
2.00, 5.70, 20.00, 20.00, -1076.09, 20.00, 4.63, 5.00, 0.05, 0.00, 46.41, 0.00, -60.81, 76.44, 0, 0
2.00, 5.70, 20.00, 20.00, -895.20, 20.00, 4.63, 7.22, 2.35, 0.00, 83.15, 0.00, -48.84, 67.14, 0, 0
2.00, 5.70, 20.00, 20.00, -747.94, 20.00, 4.63, 8.89, 3.92, 0.00, 115.09, 0.00, -34.76, 59.55, 0, 0
2.00, 5.70, 20.00, 20.00, -620.93, 20.00, 4.63, 10.00, 5.15, 0.00, 138.88, 0.00, -18.33, 54.45, 0, 0
2.00, 5.70, 20.00, 20.00, -473.71, 20.00, 4.63, 11.11, 6.25, 0.00, 146.81, 0.00, -0.19, 52.61, 0, 0
2.00, 5.70, 20.04, 20.04, -386.33, 20.00, 4.63, 12.22, 7.35, 0.00, 135.50, 0.00, 17.96, 54.37, 0, 0
2.00, 5.70, 20.13, 20.13, -248.97, 20.00, 4.63, 12.78, 7.83, 0.00, 114.48, 0.00, 34.44, 59.41, 0, 0
2.00, 5.70, 20.16, 20.16, -322.42, 20.00, 4.63, 12.78, 7.83, 0.00, 89.94, 0.00, 48.57, 66.96, 0, 0
2.00, 5.70, 20.10, 20.10, -509.25, 20.00, 4.63, 11.67, 6.73, 0.00, 52.04, 0.00, 60.58, 76.23, 0, 0
2.00, 5.70, 20.02, 20.02, -587.36, 20.00, 4.63, 10.56, 5.63, 0.00, 16.43, 0.00, 71.09, 86.60, 0, 0
2.00, 5.70, 20.04, 20.04, -443.59, 20.00, 4.63, 10.00, 5.15, 0.00, 0.00, 0.00, 0.00, 90.00, 0, 0
2.00, 5.70, 20.05, 20.05, -463.95, 20.00, 4.63, 9.44, 4.54, 0.00, 0.00, 0.00, 0.00, 90.00, 0, 0
2.00, 5.70, 20.03, 20.03, -512.70, 20.00, 4.63, 8.33, 3.57, 0.00, 0.00, 0.00, 0.00, 90.00, 0, 0
2.00, 5.70, 20.01, 20.01, -537.01, 20.00, 4.63, 7.78, 2.96, 0.00, 0.00, 0.00, 0.00, 90.00, 0, 0
2.00, 5.70, 19.91, 19.91, -739.45, 20.00, 4.63, 7.22, 2.35, 0.00, 0.00, 0.00, 0.00, 90.00, 0, 0
2.00, 5.70, 19.73, 19.73, -975.66, 20.00, 4.63, 6.67, 1.74, 0.00, 0.00, 0.00, 0.00, 90.00, 0, 0
2.00, 5.70, 19.57, 19.57, -1059.76, 20.00, 4.63, 6.11, 1.26, 0.00, 0.00, 0.00, 0.00, 90.00, 0, 0
2.00, 5.70, 19.42, 19.42, -1135.54, 20.00, 4.63, 5.56, 0.66, 0.00, 0.00, 0.00, 0.00, 90.00, 0, 0
2.00, 5.70, 19.28, 19.28, -1205.77, 20.00, 4.63, 5.00, 0.05, 0.00, 0.00, 0.00, 0.00, 90.00, 0, 0
2.00, 5.70, 19.15, 19.15, -1272.07, 20.00, 4.63, 4.44, -0.43, 0.00, 0.00, 0.00, 0.00, 90.00, 0, 0
2.00, 5.70, 19.02, 19.02, -1335.77, 20.00, 4.63, 3.89, -1.03, 0.00, 0.00, 0.00, 0.00, 90.00, 0, 0
2.00, 5.70, 18.91, 18.91, -1368.59, 20.00, 4.63, 3.89, -1.03, 0.00, 0.00, 0.00, 0.00, 90.00, 0, 0
2.00, 5.70, 20.00, 20.00, -1193.33, 20.00, 4.63, 3.33, -1.51, 0.00, 0.00, 0.00, 0.00, 90.00, 0, 0
2.00, 5.70, 20.00, 20.00, -1125.70, 20.00, 4.63, 4.44, -0.31, 0.00, 24.65, 0.00, -71.55, 86.58, 0, 0
2.00, 5.70, 20.00, 20.00, -920.54, 20.00, 4.63, 7.78, 2.96, 0.00, 49.23, 0.00, -61.04, 76.17, 0, 0
2.00, 5.70, 20.00, 20.00, -861.80, 20.00, 4.63, 8.33, 3.57, 0.00, 68.33, 0.00, -49.05, 66.85, 0, 0
2.00, 5.70, 20.00, 20.00, -816.32, 20.00, 4.63, 8.89, 4.18, 0.00, 81.20, 0.00, -34.93, 59.23, 0, 0
2.00, 5.70, 20.00, 20.00, -666.38, 20.00, 4.63, 10.00, 5.28, 0.00, 118.26, 0.00, -18.41, 54.10, 0, 0
2.00, 5.70, 20.00, 20.00, -550.73, 20.00, 4.63, 11.11, 6.38, 0.00, 134.18, 0.00, -0.17, 52.26, 0, 0
2.00, 5.70, 20.00, 20.00, -551.22, 20.00, 4.63, 11.67, 6.87, 0.00, 123.47, 0.00, 18.08, 54.04, 0, 0
2.00, 5.70, 20.02, 20.02, -434.61, 20.00, 4.63, 12.22, 7.48, 0.00, 112.68, 0.00, 34.64, 59.10, 0, 0
2.00, 5.70, 20.05, 20.05, -412.21, 20.00, 4.63, 12.22, 7.48, 0.00, 90.76, 0.00, 48.80, 66.69, 0, 0
2.00, 5.70, 20.01, 20.01, -553.68, 20.00, 4.63, 11.67, 6.99, 0.00, 51.76, 0.00, 60.83, 75.98, 0, 0
2.00, 5.70, 20.00, 20.00, -616.59, 20.00, 4.63, 10.56, 5.89, 0.00, 16.43, 0.00, 71.36, 86.38, 0, 0
2.00, 5.70, 20.03, 20.03, -441.15, 20.00, 4.63, 10.56, 5.89, 0.00, 0.00, 0.00, 0.00, 90.00, 0, 0
2.00, 5.70, 20.04, 20.04, -456.09, 20.00, 4.63, 10.00, 5.40, 0.00, 0.00, 0.00, 0.00, 90.00, 0, 0
2.00, 5.70, 20.05, 20.05, -474.62, 20.00, 4.63, 9.44, 4.90, 0.00, 0.00, 0.00, 0.00, 90.00, 0, 0
2.00, 5.70, 20.05, 20.05, -468.67, 20.00, 4.63, 9.44, 4.79, 0.00, 0.00, 0.00, 0.00, 90.00, 0, 0
2.00, 5.70, 19.97, 19.97, -661.09, 20.00, 4.63, 8.89, 4.30, 0.00, 0.00, 0.00, 0.00, 90.00, 0, 0
2.00, 5.70, 19.81, 19.81, -889.25, 20.00, 4.63, 8.33, 3.80, 0.00, 0.00, 0.00, 0.00, 90.00, 0, 0
2.00, 5.70, 19.68, 19.68, -938.62, 20.00, 4.63, 8.33, 3.69, 0.00, 0.00, 0.00, 0.00, 90.00, 0, 0
2.00, 5.70, 19.56, 19.56, -1006.23, 20.00, 4.63, 7.78, 3.20, 0.00, 0.00, 0.00, 0.00, 90.00, 0, 0
2.00, 5.70, 19.46, 19.46, -1041.17, 20.00, 4.63, 7.78, 3.20, 0.00, 0.00, 0.00, 0.00, 90.00, 0, 0
2.00, 5.70, 19.37, 19.37, -1070.64, 20.00, 4.63, 7.78, 3.20, 0.00, 0.00, 0.00, 0.00, 90.00, 0, 0
2.00, 5.70, 19.29, 19.29, -1096.07, 20.00, 4.63, 7.78, 3.20, 0.00, 0.00, 0.00, 0.00, 90.00, 0, 0
2.00, 5.70, 19.22, 19.22, -1118.43, 20.00, 4.63, 7.78, 3.20, 0.00, 0.00, 0.00, 0.00, 90.00, 0, 0
2.00, 5.70, 20.00, 20.00, -991.05, 20.00, 4.63, 7.22, 2.70, 0.00, 0.00, 0.00, 0.00, 90.00, 0, 0
2.00, 5.70, 20.00, 20.00, -885.95, 20.00, 4.63, 8.89, 4.40, 0.00, 29.57, 0.00, -71.79, 86.32, 0, 0
2.00, 5.70, 20.00, 20.00, -704.87, 20.00, 4.63, 11.67, 7.22, 0.00, 53.99, 0.00, -61.27, 75.90, 0, 0
2.00, 5.70, 20.00, 20.00, -677.76, 20.00, 4.63, 12.22, 7.72, 0.00, 50.75, 0.00, -49.25, 66.55, 0, 0
2.00, 5.70, 20.00, 20.00, -687.73, 20.00, 4.63, 11.67, 7.22, 0.00, 61.46, 0.00, -35.09, 58.90, 0, 0
2.00, 5.70, 20.00, 20.00, -555.34, 20.00, 4.63, 12.78, 8.32, 0.00, 109.92, 0.00, -18.50, 53.76, 0, 0
2.00, 5.70, 20.01, 20.01, -473.62, 20.00, 4.63, 13.33, 8.82, 0.00, 125.77, 0.00, -0.15, 51.91, 0, 0
2.00, 5.70, 20.02, 20.02, -475.40, 20.00, 4.63, 13.89, 9.32, 0.00, 97.35, 0.00, 18.21, 53.70, 0, 0
2.00, 5.70, 20.00, 20.00, -543.85, 20.00, 4.63, 13.33, 8.82, 0.00, 50.93, 0.00, 34.84, 58.80, 0, 0
2.00, 5.70, 20.00, 20.00, -587.28, 20.00, 4.63, 12.78, 8.21, 0.00, 39.43, 0.00, 49.05, 66.41, 0, 0
2.00, 5.70, 20.00, 20.00, -665.63, 20.00, 4.63, 11.67, 7.22, 0.00, 23.00, 0.00, 61.09, 75.74, 0, 0
2.00, 5.70, 20.00, 20.00, -646.94, 20.00, 4.63, 11.11, 6.61, 0.00, 3.29, 0.00, 71.63, 86.15, 0, 0
2.00, 5.70, 20.03, 20.03, -444.90, 20.00, 4.63, 11.11, 6.61, 0.00, 0.00, 0.00, 0.00, 90.00, 0, 0
2.00, 5.70, 20.05, 20.05, -451.17, 20.00, 4.63, 10.56, 6.11, 0.00, 0.00, 0.00, 0.00, 90.00, 0, 0
2.00, 5.70, 20.08, 20.08, -436.31, 20.00, 4.63, 10.56, 6.11, 0.00, 0.00, 0.00, 0.00, 90.00, 0, 0
2.00, 5.70, 20.09, 20.09, -450.82, 20.00, 4.63, 10.00, 5.51, 0.00, 0.00, 0.00, 0.00, 90.00, 0, 0
2.00, 5.70, 20.02, 20.02, -610.40, 20.00, 4.63, 10.00, 5.51, 0.00, 0.00, 0.00, 0.00, 90.00, 0, 0
2.00, 5.70, 19.88, 19.88, -832.20, 20.00, 4.63, 9.44, 4.90, 0.00, 0.00, 0.00, 0.00, 90.00, 0, 0
2.00, 5.70, 19.75, 19.75, -904.43, 20.00, 4.63, 8.89, 4.40, 0.00, 0.00, 0.00, 0.00, 90.00, 0, 0
2.00, 5.70, 19.63, 19.63, -970.10, 20.00, 4.63, 8.33, 3.80, 0.00, 0.00, 0.00, 0.00, 90.00, 0, 0
2.00, 5.70, 19.53, 19.53, -1003.26, 20.00, 4.63, 8.33, 3.80, 0.00, 0.00, 0.00, 0.00, 90.00, 0, 0
2.00, 5.70, 19.43, 19.43, -1059.41, 20.00, 4.63, 7.78, 3.20, 0.00, 0.00, 0.00, 0.00, 90.00, 0, 0
2.00, 5.70, 19.34, 19.34, -1114.04, 20.00, 4.63, 7.22, 2.70, 0.00, 0.00, 0.00, 0.00, 90.00, 0, 0
2.00, 5.70, 19.24, 19.24, -1167.69, 20.00, 4.63, 6.67, 2.21, 0.00, 0.00, 0.00, 0.00, 90.00, 0, 0
2.00, 5.70, 20.00, 20.00, -1020.01, 20.00, 4.63, 6.67, 2.10, 0.00, 0.00, 0.00, 0.00, 90.00, 0, 0
2.00, 5.70, 20.00, 20.00, -960.61, 20.00, 4.63, 7.78, 3.20, 0.00, 16.43, 0.00, -72.04, 86.07, 0, 0
2.00, 5.70, 20.00, 20.00, -805.27, 20.00, 4.63, 10.00, 5.51, 0.00, 51.29, 0.00, -61.50, 75.62, 0, 0
2.00, 5.70, 20.00, 20.00, -655.11, 20.00, 4.63, 11.67, 7.11, 0.00, 91.74, 0.00, -49.46, 66.25, 0, 0
2.00, 5.70, 20.00, 20.00, -512.89, 20.00, 4.63, 13.33, 8.82, 0.00, 118.86, 0.00, -35.25, 58.57, 0, 0
2.00, 5.70, 20.01, 20.01, -479.08, 20.00, 4.63, 13.89, 9.32, 0.00, 109.79, 0.00, -18.58, 53.41, 0, 0
2.00, 5.70, 20.05, 20.05, -408.54, 20.00, 4.63, 14.44, 9.82, 0.00, 116.13, 0.00, -0.12, 51.55, 0, 0
2.00, 5.70, 20.15, 20.15, -265.39, 20.00, 4.63, 15.56, 10.93, 0.00, 141.07, 0.00, 18.35, 53.36, 0, 0
2.00, 5.70, 20.25, 20.25, -194.99, 20.00, 4.63, 16.11, 11.42, 0.00, 119.34, 0.00, 35.05, 58.49, 0, 0
2.00, 5.70, 20.27, 20.27, -298.57, 20.00, 4.63, 15.56, 10.93, 0.00, 82.09, 0.00, 49.29, 66.13, 0, 0
2.00, 5.70, 20.26, 20.26, -367.53, 20.00, 4.63, 15.00, 10.31, 0.00, 52.70, 0.00, 61.36, 75.49, 0, 0
2.00, 5.70, 20.25, 20.25, -396.05, 20.00, 4.63, 13.89, 9.20, 0.00, 29.57, 0.00, 71.91, 85.93, 0, 0
2.00, 5.70, 20.29, 20.29, -280.91, 20.00, 4.63, 12.78, 8.10, 0.00, 0.00, 0.00, 0.00, 90.00, 0, 0
2.00, 5.70, 20.32, 20.32, -292.39, 20.00, 4.63, 12.22, 7.48, 0.00, 0.00, 0.00, 0.00, 90.00, 0, 0
2.00, 5.70, 20.33, 20.33, -336.04, 20.00, 4.63, 11.11, 6.38, 0.00, 0.00, 0.00, 0.00, 90.00, 0, 0
2.00, 5.70, 20.31, 20.31, -383.75, 20.00, 4.63, 10.00, 5.28, 0.00, 0.00, 0.00, 0.00, 90.00, 0, 0
2.00, 5.70, 20.22, 20.22, -574.59, 20.00, 4.63, 9.44, 4.67, 0.00, 0.00, 0.00, 0.00, 90.00, 0, 0
2.00, 5.70, 20.04, 20.04, -829.92, 20.00, 4.63, 8.33, 3.44, 0.00, 0.00, 0.00, 0.00, 90.00, 0, 0
2.00, 5.70, 19.87, 19.87, -937.45, 20.00, 4.63, 7.22, 2.48, 0.00, 0.00, 0.00, 0.00, 90.00, 0, 0
2.00, 5.70, 19.71, 19.71, -1040.10, 20.00, 4.63, 6.11, 1.26, 0.00, 0.00, 0.00, 0.00, 90.00, 0, 0
2.00, 5.70, 19.55, 19.55, -1139.88, 20.00, 4.63, 5.00, 0.18, 0.00, 0.00, 0.00, 0.00, 90.00, 0, 0
2.00, 5.70, 19.38, 19.38, -1238.13, 20.00, 4.63, 3.89, -0.91, 0.00, 0.00, 0.00, 0.00, 90.00, 0, 0
2.00, 5.70, 19.22, 19.22, -1335.78, 20.00, 4.63, 2.78, -2.11, 0.00, 0.00, 0.00, 0.00, 90.00, 0, 0
2.00, 5.70, 19.06, 19.06, -1433.30, 20.00, 4.63, 1.67, -3.19, 0.00, 0.00, 0.00, 0.00, 90.00, 0, 0
2.00, 5.70, 20.00, 20.00, -1285.74, 20.00, 4.63, 1.11, -3.91, 0.00, 0.00, 0.00, 0.00, 90.00, 0, 0
2.00, 5.70, 20.00, 20.00, -1175.78, 20.00, 4.63, 2.78, -2.11, 0.00, 37.79, 0.00, -72.29, 85.80, 0, 0
2.00, 5.70, 20.00, 20.00, -932.10, 20.00, 4.63, 6.67, 1.74, 0.00, 52.99, 0.00, -61.74, 75.34, 0, 0
2.00, 5.70, 20.00, 20.00, -714.35, 20.00, 4.63, 9.44, 4.54, 0.00, 91.43, 0.00, -49.67, 65.94, 0, 0
2.00, 5.70, 20.00, 20.00, -561.01, 20.00, 4.63, 11.11, 6.25, 0.00, 122.32, 0.00, -35.41, 58.24, 0, 0
2.00, 5.70, 20.07, 20.07, -362.74, 20.00, 4.63, 12.78, 7.83, 0.00, 135.98, 0.00, -18.66, 53.05, 0, 0
2.00, 5.70, 20.22, 20.22, -154.63, 20.00, 4.63, 13.89, 8.94, 0.00, 129.76, 0.00, -0.09, 51.19, 0, 0
2.00, 5.70, 20.35, 20.35, -105.89, 20.00, 4.63, 15.00, 10.04, 0.00, 123.52, 0.00, 18.49, 53.02, 0, 0
2.00, 5.70, 20.51, 20.51, 47.77, 20.00, 4.63, 15.00, 10.04, 0.00, 107.36, 0.00, 35.26, 58.18, 0, 0
2.00, 5.70, 20.60, 20.60, -0.66, 20.00, 4.63, 15.00, 10.04, 0.00, 79.39, 0.00, 49.55, 65.86, 0, 0
2.00, 5.70, 20.57, 20.57, -223.87, 20.00, 4.63, 13.89, 8.94, 0.00, 48.46, 0.00, 61.63, 75.24, 0, 0
2.00, 5.70, 20.51, 20.51, -336.87, 20.00, 4.63, 12.22, 7.35, 0.00, 41.08, 0.00, 72.19, 85.70, 0, 0
2.00, 5.70, 20.52, 20.52, -229.90, 20.00, 4.63, 11.67, 6.73, 0.00, 0.00, 0.00, 0.00, 90.00, 0, 0
2.00, 5.70, 20.51, 20.51, -284.87, 20.00, 4.63, 10.56, 5.63, 0.00, 0.00, 0.00, 0.00, 90.00, 0, 0
2.00, 5.70, 20.48, 20.48, -343.78, 20.00, 4.63, 9.44, 4.54, 0.00, 0.00, 0.00, 0.00, 90.00, 0, 0
2.00, 5.70, 20.44, 20.44, -377.82, 20.00, 4.63, 8.89, 3.92, 0.00, 0.00, 0.00, 0.00, 90.00, 0, 0
2.00, 5.70, 20.32, 20.32, -604.22, 20.00, 4.63, 7.78, 2.83, 0.00, 0.00, 0.00, 0.00, 90.00, 0, 0
2.00, 5.70, 20.12, 20.12, -868.66, 20.00, 4.63, 6.67, 1.74, 0.00, 0.00, 0.00, 0.00, 90.00, 0, 0
2.00, 5.70, 19.94, 19.94, -955.70, 20.00, 4.63, 6.11, 1.13, 0.00, 0.00, 0.00, 0.00, 90.00, 0, 0
2.00, 5.70, 19.78, 19.78, -1034.08, 20.00, 4.63, 5.56, 0.66, 0.00, 0.00, 0.00, 0.00, 90.00, 0, 0
2.00, 5.70, 19.64, 19.64, -1106.86, 20.00, 4.63, 5.00, 0.05, 0.00, 0.00, 0.00, 0.00, 90.00, 0, 0
2.00, 5.70, 19.50, 19.50, -1175.67, 20.00, 4.63, 4.44, -0.55, 0.00, 0.00, 0.00, 0.00, 90.00, 0, 0
2.00, 5.70, 19.37, 19.37, -1241.60, 20.00, 4.63, 3.89, -1.03, 0.00, 0.00, 0.00, 0.00, 90.00, 0, 0
2.00, 5.70, 19.24, 19.24, -1305.62, 20.00, 4.63, 3.33, -1.63, 0.00, 0.00, 0.00, 0.00, 90.00, 0, 0
2.00, 5.70, 20.00, 20.00, -1109.10, 20.00, 4.63, 2.78, -2.11, 0.00, 0.00, 0.00, 0.00, 90.00, 0, 0
2.00, 5.70, 20.00, 20.00, -998.00, 20.00, 4.63, 4.44, -0.43, 0.00, 32.86, 0.00, -72.53, 85.54, 0, 0
2.00, 5.70, 20.00, 20.00, -821.64, 20.00, 4.63, 7.22, 2.35, 0.00, 54.37, 0.00, -61.97, 75.05, 0, 0
2.00, 5.70, 20.00, 20.00, -705.21, 20.00, 4.63, 8.33, 3.57, 0.00, 88.39, 0.00, -49.88, 65.63, 0, 0
2.00, 5.70, 20.03, 20.03, -490.72, 20.00, 4.63, 10.56, 5.77, 0.00, 123.74, 0.00, -35.57, 57.90, 0, 0
2.00, 5.70, 20.16, 20.16, -263.27, 20.00, 4.63, 12.22, 7.48, 0.00, 137.03, 0.00, -18.73, 52.69, 0, 0
2.00, 5.70, 20.33, 20.33, -81.72, 20.00, 4.63, 13.89, 9.07, 0.00, 144.49, 0.00, -0.05, 50.83, 0, 0
2.00, 5.70, 20.48, 20.48, -8.61, 20.00, 4.63, 15.00, 10.18, 0.00, 144.52, 0.00, 18.63, 52.67, 0, 0
2.00, 5.70, 20.62, 20.62, 39.81, 20.00, 4.63, 15.00, 10.18, 0.00, 124.15, 0.00, 35.48, 57.87, 0, 0
2.00, 5.70, 20.62, 20.62, -171.55, 20.00, 4.63, 13.89, 9.07, 0.00, 82.66, 0.00, 49.80, 65.58, 0, 0
2.00, 5.70, 20.54, 20.54, -358.67, 20.00, 4.63, 12.22, 7.48, 0.00, 41.74, 0.00, 61.91, 75.00, 0, 0
2.00, 5.70, 20.47, 20.47, -402.65, 20.00, 4.63, 11.11, 6.38, 0.00, 13.14, 0.00, 72.48, 85.48, 0, 0
2.00, 5.70, 20.51, 20.51, -249.61, 20.00, 4.63, 10.56, 5.89, 0.00, 0.00, 0.00, 0.00, 90.00, 0, 0
2.00, 5.70, 20.53, 20.53, -238.83, 20.00, 4.63, 10.56, 5.89, 0.00, 0.00, 0.00, 0.00, 90.00, 0, 0
2.00, 5.70, 20.55, 20.55, -257.69, 20.00, 4.63, 10.00, 5.28, 0.00, 0.00, 0.00, 0.00, 90.00, 0, 0
2.00, 5.70, 20.55, 20.55, -279.85, 20.00, 4.63, 9.44, 4.79, 0.00, 0.00, 0.00, 0.00, 90.00, 0, 0
2.00, 5.70, 20.45, 20.45, -521.51, 20.00, 4.63, 8.89, 4.18, 0.00, 0.00, 0.00, 0.00, 90.00, 0, 0
2.00, 5.70, 20.29, 20.29, -727.11, 20.00, 4.63, 8.89, 4.18, 0.00, 0.00, 0.00, 0.00, 90.00, 0, 0
2.00, 5.70, 20.14, 20.14, -807.05, 20.00, 4.63, 8.33, 3.57, 0.00, 0.00, 0.00, 0.00, 90.00, 0, 0
2.00, 5.70, 20.01, 20.01, -879.41, 20.00, 4.63, 7.78, 3.08, 0.00, 0.00, 0.00, 0.00, 90.00, 0, 0
2.00, 5.70, 19.89, 19.89, -918.57, 20.00, 4.63, 7.78, 2.96, 0.00, 0.00, 0.00, 0.00, 90.00, 0, 0
2.00, 5.70, 19.79, 19.79, -980.03, 20.00, 4.63, 7.22, 2.48, 0.00, 0.00, 0.00, 0.00, 90.00, 0, 0
2.00, 5.70, 19.68, 19.68, -1039.52, 20.00, 4.63, 6.67, 1.99, 0.00, 0.00, 0.00, 0.00, 90.00, 0, 0
2.00, 5.70, 19.59, 19.59, -1069.12, 20.00, 4.63, 6.67, 1.99, 0.00, 0.00, 0.00, 0.00, 90.00, 0, 0
2.00, 5.70, 20.00, 20.00, -923.23, 20.00, 4.63, 6.11, 1.50, 0.00, 0.00, 0.00, 0.00, 90.00, 0, 0
2.00, 5.70, 20.00, 20.00, -850.33, 20.00, 4.63, 7.22, 2.59, 0.00, 23.00, 0.00, -72.78, 85.27, 0, 0
2.00, 5.70, 20.00, 20.00, -693.10, 20.00, 4.63, 9.44, 4.90, 0.00, 54.07, 0.00, -62.20, 74.76, 0, 0
2.00, 5.70, 20.02, 20.02, -577.77, 20.00, 4.63, 10.56, 6.00, 0.00, 88.25, 0.00, -50.09, 65.32, 0, 0
2.00, 5.70, 20.05, 20.05, -520.40, 20.00, 4.63, 11.11, 6.50, 0.00, 97.58, 0.00, -35.73, 57.56, 0, 0
2.00, 5.70, 20.06, 20.06, -548.14, 20.00, 4.63, 11.11, 6.50, 0.00, 70.75, 0.00, -18.81, 52.33, 0, 0
2.00, 5.70, 20.05, 20.05, -597.31, 20.00, 4.63, 10.56, 5.89, 0.00, 52.58, 0.00, -0.01, 50.46, 0, 0
2.00, 5.70, 20.04, 20.04, -590.33, 20.00, 4.63, 10.56, 5.89, 0.00, 57.51, 0.00, 18.78, 52.33, 0, 0
2.00, 5.70, 20.03, 20.03, -624.52, 20.00, 4.63, 10.00, 5.40, 0.00, 50.93, 0.00, 35.71, 57.55, 0, 0
2.00, 5.70, 20.00, 20.00, -663.59, 20.00, 4.63, 9.44, 4.79, 0.00, 42.72, 0.00, 50.07, 65.31, 0, 0
2.00, 5.70, 20.00, 20.00, -690.35, 20.00, 4.63, 9.44, 4.79, 0.00, 26.29, 0.00, 62.19, 74.75, 0, 0
2.00, 5.70, 20.00, 20.00, -675.58, 20.00, 4.63, 8.89, 4.18, 0.00, 3.29, 0.00, 72.77, 85.25, 0, 0
2.00, 5.70, 20.05, 20.05, -497.38, 20.00, 4.63, 8.33, 3.69, 0.00, 0.00, 0.00, 0.00, 90.00, 0, 0
2.00, 5.70, 20.09, 20.09, -477.18, 20.00, 4.63, 8.33, 3.69, 0.00, 0.00, 0.00, 0.00, 90.00, 0, 0
2.00, 5.70, 20.12, 20.12, -488.76, 20.00, 4.63, 7.78, 3.20, 0.00, 0.00, 0.00, 0.00, 90.00, 0, 0
2.00, 5.70, 20.14, 20.14, -477.73, 20.00, 4.63, 7.78, 3.08, 0.00, 0.00, 0.00, 0.00, 90.00, 0, 0
2.00, 5.70, 20.05, 20.05, -717.15, 20.00, 4.63, 7.22, 2.59, 0.00, 0.00, 0.00, 0.00, 90.00, 0, 0
2.00, 5.70, 19.89, 19.89, -920.81, 20.00, 4.63, 7.22, 2.59, 0.00, 0.00, 0.00, 0.00, 90.00, 0, 0
2.00, 5.70, 19.75, 19.75, -999.51, 20.00, 4.63, 6.67, 1.99, 0.00, 0.00, 0.00, 0.00, 90.00, 0, 0
2.00, 5.70, 19.62, 19.62, -1071.10, 20.00, 4.63, 6.11, 1.39, 0.00, 0.00, 0.00, 0.00, 90.00, 0, 0
2.00, 5.70, 19.49, 19.49, -1137.93, 20.00, 4.63, 5.56, 0.90, 0.00, 0.00, 0.00, 0.00, 90.00, 0, 0
2.00, 5.70, 19.39, 19.39, -1172.96, 20.00, 4.63, 5.56, 0.78, 0.00, 0.00, 0.00, 0.00, 90.00, 0, 0
2.00, 5.70, 19.28, 19.28, -1231.91, 20.00, 4.63, 5.00, 0.30, 0.00, 0.00, 0.00, 0.00, 90.00, 0, 0
2.00, 5.70, 19.17, 19.17, -1289.90, 20.00, 4.63, 4.44, -0.31, 0.00, 0.00, 0.00, 0.00, 90.00, 0, 0
2.00, 5.70, 20.00, 20.00, -1156.30, 20.00, 4.63, 3.89, -0.79, 0.00, 0.00, 0.00, 0.00, 90.00, 0, 0
2.00, 5.70, 20.00, 20.00, -1104.90, 20.00, 4.63, 5.00, 0.30, 0.00, 13.14, 0.00, -73.03, 84.99, 0, 0
2.00, 5.70, 20.00, 20.00, -998.51, 20.00, 4.63, 6.67, 1.99, 0.00, 36.15, 0.00, -62.44, 74.47, 0, 0
2.00, 5.70, 20.00, 20.00, -992.84, 20.00, 4.63, 6.67, 1.99, 0.00, 39.43, 0.00, -50.30, 65.00, 0, 0
2.00, 5.70, 20.00, 20.00, -878.44, 20.00, 4.63, 7.78, 3.08, 0.00, 75.71, 0.00, -35.89, 57.22, 0, 0
2.00, 5.70, 20.00, 20.00, -720.89, 20.00, 4.63, 9.44, 4.79, 0.00, 117.58, 0.00, -18.89, 51.97, 0, 0
2.00, 5.70, 20.00, 20.00, -714.65, 20.00, 4.63, 10.00, 5.28, 0.00, 98.64, 0.00, 0.03, 50.09, 0, 0
2.00, 5.70, 20.00, 20.00, -725.75, 20.00, 4.63, 10.00, 5.28, 0.00, 83.88, 0.00, 18.94, 51.98, 0, 0
2.00, 5.70, 20.00, 20.00, -672.88, 20.00, 4.63, 10.00, 5.40, 0.00, 94.06, 0.00, 35.94, 57.24, 0, 0
2.00, 5.70, 20.00, 20.00, -646.05, 20.00, 4.63, 10.56, 5.89, 0.00, 84.04, 0.00, 50.34, 65.03, 0, 0
2.00, 5.70, 20.00, 20.00, -724.90, 20.00, 4.63, 10.00, 5.28, 0.00, 48.18, 0.00, 62.47, 74.50, 0, 0
2.00, 5.70, 20.00, 20.00, -728.31, 20.00, 4.63, 9.44, 4.79, 0.00, 13.14, 0.00, 73.06, 85.03, 0, 0
2.00, 5.70, 20.00, 20.00, -568.73, 20.00, 4.63, 8.89, 4.30, 0.00, 0.00, 0.00, 0.00, 90.00, 0, 0
2.00, 5.70, 20.00, 20.00, -580.24, 20.00, 4.63, 8.33, 3.69, 0.00, 0.00, 0.00, 0.00, 90.00, 0, 0
2.00, 5.70, 20.00, 20.00, -595.82, 20.00, 4.63, 7.78, 3.20, 0.00, 0.00, 0.00, 0.00, 90.00, 0, 0
2.00, 5.70, 20.00, 20.00, -614.28, 20.00, 4.63, 7.22, 2.59, 0.00, 0.00, 0.00, 0.00, 90.00, 0, 0
2.00, 5.70, 19.90, 19.90, -784.15, 20.00, 4.63, 7.22, 2.59, 0.00, 0.00, 0.00, 0.00, 90.00, 0, 0
2.00, 5.70, 19.73, 19.73, -1014.62, 20.00, 4.63, 6.67, 1.99, 0.00, 0.00, 0.00, 0.00, 90.00, 0, 0
2.00, 5.70, 19.57, 19.57, -1094.11, 20.00, 4.63, 6.11, 1.50, 0.00, 0.00, 0.00, 0.00, 90.00, 0, 0
2.00, 5.70, 19.44, 19.44, -1137.51, 20.00, 4.63, 6.11, 1.39, 0.00, 0.00, 0.00, 0.00, 90.00, 0, 0
2.00, 5.70, 19.32, 19.32, -1202.01, 20.00, 4.63, 5.56, 0.90, 0.00, 0.00, 0.00, 0.00, 90.00, 0, 0
2.00, 5.70, 19.21, 19.21, -1235.03, 20.00, 4.63, 5.56, 0.78, 0.00, 0.00, 0.00, 0.00, 90.00, 0, 0
2.00, 5.70, 19.10, 19.10, -1292.18, 20.00, 4.63, 5.00, 0.30, 0.00, 0.00, 0.00, 0.00, 90.00, 0, 0
2.00, 5.70, 19.01, 19.01, -1319.69, 20.00, 4.63, 5.00, 0.30, 0.00, 0.00, 0.00, 0.00, 90.00, 0, 0
2.00, 5.70, 20.00, 20.00, -1161.16, 20.00, 4.63, 4.44, -0.19, 0.00, 0.00, 0.00, 0.00, 90.00, 0, 0
2.00, 5.70, 20.00, 20.00, -1143.25, 20.00, 4.63, 5.00, 0.30, 0.00, 0.00, 0.00, -73.28, 84.71, 0, 0
2.00, 5.70, 20.00, 20.00, -1141.58, 20.00, 4.63, 5.00, 0.41, 0.00, 13.14, 0.00, -62.67, 74.18, 0, 0
2.00, 5.70, 20.00, 20.00, -1011.10, 20.00, 4.63, 6.67, 1.99, 0.00, 51.49, 0.00, -50.51, 64.68, 0, 0
2.00, 5.70, 20.00, 20.00, -774.35, 20.00, 4.63, 8.89, 4.30, 0.00, 110.46, 0.00, -36.06, 56.87, 0, 0
2.00, 5.70, 20.00, 20.00, -495.36, 20.00, 4.63, 11.67, 6.99, 0.00, 149.58, 0.00, -18.96, 51.60, 0, 0
2.00, 5.70, 20.05, 20.05, -407.14, 20.00, 4.63, 13.89, 9.20, 0.00, 153.16, 0.00, 0.08, 49.72, 0, 0
2.00, 5.70, 20.12, 20.12, -307.80, 20.00, 4.63, 15.00, 10.31, 0.00, 145.98, 0.00, 19.10, 51.63, 0, 0
2.00, 5.70, 20.19, 20.19, -293.25, 20.00, 4.63, 15.00, 10.31, 0.00, 115.35, 0.00, 36.18, 56.92, 0, 0
2.00, 5.70, 20.20, 20.20, -375.20, 20.00, 4.63, 15.00, 10.31, 0.00, 80.09, 0.00, 50.61, 64.75, 0, 0
2.00, 5.70, 20.15, 20.15, -487.90, 20.00, 4.63, 13.89, 9.20, 0.00, 43.45, 0.00, 62.76, 74.26, 0, 0
2.00, 5.70, 20.11, 20.11, -525.96, 20.00, 4.63, 12.78, 8.10, 0.00, 8.22, 0.00, 73.36, 84.80, 0, 0
2.00, 5.70, 20.15, 20.15, -385.95, 20.00, 4.63, 11.67, 6.99, 0.00, 0.00, 0.00, 0.00, 90.00, 0, 0
2.00, 5.70, 20.17, 20.17, -396.70, 20.00, 4.63, 11.11, 6.50, 0.00, 0.00, 0.00, 0.00, 90.00, 0, 0
2.00, 5.70, 20.20, 20.20, -385.14, 20.00, 4.63, 11.11, 6.38, 0.00, 0.00, 0.00, 0.00, 90.00, 0, 0
2.00, 5.70, 20.21, 20.21, -401.84, 20.00, 4.63, 10.56, 5.89, 0.00, 0.00, 0.00, 0.00, 90.00, 0, 0
2.00, 5.70, 20.13, 20.13, -588.85, 20.00, 4.63, 10.00, 5.28, 0.00, 0.00, 0.00, 0.00, 90.00, 0, 0
2.00, 5.70, 19.98, 19.98, -812.66, 20.00, 4.63, 9.44, 4.67, 0.00, 0.00, 0.00, 0.00, 90.00, 0, 0
2.00, 5.70, 19.83, 19.83, -914.55, 20.00, 4.63, 8.33, 3.69, 0.00, 0.00, 0.00, 0.00, 90.00, 0, 0
2.00, 5.70, 19.70, 19.70, -983.98, 20.00, 4.63, 7.78, 2.96, 0.00, 0.00, 0.00, 0.00, 90.00, 0, 0
2.00, 5.70, 19.56, 19.56, -1076.78, 20.00, 4.63, 6.67, 1.87, 0.00, 0.00, 0.00, 0.00, 90.00, 0, 0
2.00, 5.70, 19.43, 19.43, -1140.22, 20.00, 4.63, 6.11, 1.39, 0.00, 0.00, 0.00, 0.00, 90.00, 0, 0
2.00, 5.70, 19.30, 19.30, -1229.65, 20.00, 4.63, 5.00, 0.30, 0.00, 0.00, 0.00, 0.00, 90.00, 0, 0
2.00, 5.70, 19.17, 19.17, -1291.05, 20.00, 4.63, 4.44, -0.31, 0.00, 0.00, 0.00, 0.00, 90.00, 0, 0
2.00, 5.70, 20.00, 20.00, -1158.80, 20.00, 4.63, 3.89, -0.91, 0.00, 0.00, 0.00, 0.00, 90.00, 0, 0
2.00, 5.70, 20.00, 20.00, -1134.59, 20.00, 4.63, 4.44, -0.31, 0.00, 13.14, 0.00, -73.53, 84.43, 0, 0
2.00, 5.70, 20.00, 20.00, -999.41, 20.00, 4.63, 6.11, 1.39, 0.00, 52.37, 0.00, -62.91, 73.88, 0, 0
2.00, 5.70, 20.00, 20.00, -777.73, 20.00, 4.63, 8.89, 4.18, 0.00, 95.86, 0.00, -50.72, 64.36, 0, 0
2.00, 5.70, 20.00, 20.00, -554.72, 20.00, 4.63, 11.67, 6.87, 0.00, 125.61, 0.00, -36.22, 56.52, 0, 0
2.00, 5.70, 20.06, 20.06, -397.95, 20.00, 4.63, 13.33, 8.59, 0.00, 148.13, 0.00, -19.03, 51.23, 0, 0
2.00, 5.70, 20.12, 20.12, -337.99, 20.00, 4.63, 14.44, 9.69, 0.00, 158.38, 0.00, 0.13, 49.35, 0, 0
2.00, 5.70, 20.21, 20.21, -243.54, 20.00, 4.63, 15.56, 10.67, 0.00, 150.53, 0.00, 19.27, 51.28, 0, 0
2.00, 5.70, 20.33, 20.33, -131.79, 20.00, 4.63, 16.11, 11.29, 0.00, 130.52, 0.00, 36.43, 56.61, 0, 0
2.00, 5.70, 20.37, 20.37, -225.40, 20.00, 4.63, 15.56, 10.67, 0.00, 90.55, 0.00, 50.89, 64.47, 0, 0
2.00, 5.70, 20.33, 20.33, -384.23, 20.00, 4.63, 14.44, 9.69, 0.00, 48.44, 0.00, 63.06, 74.01, 0, 0
2.00, 5.70, 20.30, 20.30, -414.81, 20.00, 4.63, 13.33, 8.45, 0.00, 24.65, 0.00, 73.66, 84.58, 0, 0
2.00, 5.70, 20.33, 20.33, -297.52, 20.00, 4.63, 12.22, 7.35, 0.00, 0.00, 0.00, 0.00, 90.00, 0, 0
2.00, 5.70, 20.34, 20.34, -339.57, 20.00, 4.63, 11.11, 6.25, 0.00, 0.00, 0.00, 0.00, 90.00, 0, 0
2.00, 5.70, 20.34, 20.34, -359.46, 20.00, 4.63, 10.56, 5.63, 0.00, 0.00, 0.00, 0.00, 90.00, 0, 0
2.00, 5.70, 20.32, 20.32, -408.51, 20.00, 4.63, 9.44, 4.54, 0.00, 0.00, 0.00, 0.00, 90.00, 0, 0
2.00, 5.70, 20.21, 20.21, -629.49, 20.00, 4.63, 8.33, 3.44, 0.00, 0.00, 0.00, 0.00, 90.00, 0, 0
2.00, 5.70, 20.03, 20.03, -860.84, 20.00, 4.63, 7.78, 2.83, 0.00, 0.00, 0.00, 0.00, 90.00, 0, 0
2.00, 5.70, 19.86, 19.86, -969.64, 20.00, 4.63, 6.67, 1.74, 0.00, 0.00, 0.00, 0.00, 90.00, 0, 0
2.00, 5.70, 19.69, 19.69, -1073.43, 20.00, 4.63, 5.56, 0.66, 0.00, 0.00, 0.00, 0.00, 90.00, 0, 0
2.00, 5.70, 19.53, 19.53, -1174.39, 20.00, 4.63, 4.44, -0.43, 0.00, 0.00, 0.00, 0.00, 90.00, 0, 0
2.00, 5.70, 19.37, 19.37, -1244.84, 20.00, 4.63, 3.89, -1.03, 0.00, 0.00, 0.00, 0.00, 90.00, 0, 0
2.00, 5.70, 19.22, 19.22, -1341.03, 20.00, 4.63, 2.78, -2.23, 0.00, 0.00, 0.00, 0.00, 90.00, 0, 0
2.00, 5.70, 19.06, 19.06, -1437.54, 20.00, 4.63, 1.67, -3.31, 0.00, 0.00, 0.00, 0.00, 90.00, 0, 0
2.00, 5.70, 20.00, 20.00, -1295.92, 20.00, 4.63, 1.11, -3.79, 0.00, 3.29, 0.00, 0.00, 90.00, 0, 0
2.00, 5.70, 20.00, 20.00, -1223.34, 20.00, 4.63, 2.22, -2.71, 0.00, 26.29, 0.00, -73.78, 84.15, 0, 0
2.00, 5.70, 20.00, 20.00, -1085.79, 20.00, 4.63, 3.89, -1.03, 0.00, 60.82, 0.00, -63.15, 73.57, 0, 0
2.00, 5.70, 20.00, 20.00, -887.35, 20.00, 4.63, 6.11, 1.13, 0.00, 98.74, 0.00, -50.93, 64.03, 0, 0
2.00, 5.70, 20.00, 20.00, -667.04, 20.00, 4.63, 8.33, 3.44, 0.00, 118.94, 0.00, -36.38, 56.17, 0, 0
2.00, 5.70, 20.05, 20.05, -428.42, 20.00, 4.63, 10.56, 5.63, 0.00, 135.32, 0.00, -19.10, 50.85, 0, 0
2.00, 5.70, 20.09, 20.09, -413.68, 20.00, 4.63, 11.67, 6.73, 0.00, 146.85, 0.00, 0.19, 48.97, 0, 0
2.00, 5.70, 20.18, 20.18, -284.02, 20.00, 4.63, 12.78, 7.83, 0.00, 143.89, 0.00, 19.45, 50.92, 0, 0
2.00, 5.70, 20.30, 20.30, -166.03, 20.00, 4.63, 12.78, 7.83, 0.00, 125.98, 0.00, 36.68, 56.29, 0, 0
2.00, 5.70, 20.36, 20.36, -224.55, 20.00, 4.63, 12.78, 7.83, 0.00, 94.69, 0.00, 51.18, 64.20, 0, 0
2.00, 5.70, 20.31, 20.31, -423.64, 20.00, 4.63, 11.67, 6.73, 0.00, 61.12, 0.00, 63.36, 73.76, 0, 0
2.00, 5.70, 20.25, 20.25, -493.60, 20.00, 4.63, 10.56, 5.63, 0.00, 42.72, 0.00, 73.97, 84.35, 0, 0
2.00, 5.70, 20.25, 20.25, -414.29, 20.00, 4.63, 9.44, 4.54, 0.00, 3.29, 0.00, 0.00, 90.00, 0, 0
2.00, 5.70, 20.24, 20.24, -437.31, 20.00, 4.63, 8.89, 4.06, 0.00, 0.00, 0.00, 0.00, 90.00, 0, 0
2.00, 5.70, 20.23, 20.23, -464.10, 20.00, 4.63, 8.33, 3.57, 0.00, 0.00, 0.00, 0.00, 90.00, 0, 0
2.00, 5.70, 20.20, 20.20, -492.20, 20.00, 4.63, 7.78, 2.96, 0.00, 0.00, 0.00, 0.00, 90.00, 0, 0
2.00, 5.70, 20.10, 20.10, -691.13, 20.00, 4.63, 7.22, 2.35, 0.00, 0.00, 0.00, 0.00, 90.00, 0, 0
2.00, 5.70, 19.92, 19.92, -925.27, 20.00, 4.63, 6.67, 1.87, 0.00, 0.00, 0.00, 0.00, 90.00, 0, 0
2.00, 5.70, 19.78, 19.78, -979.95, 20.00, 4.63, 6.67, 1.74, 0.00, 0.00, 0.00, 0.00, 90.00, 0, 0
2.00, 5.70, 19.64, 19.64, -1052.78, 20.00, 4.63, 6.11, 1.26, 0.00, 0.00, 0.00, 0.00, 90.00, 0, 0
2.00, 5.70, 19.53, 19.53, -1092.42, 20.00, 4.63, 6.11, 1.13, 0.00, 0.00, 0.00, 0.00, 90.00, 0, 0
2.00, 5.70, 19.41, 19.41, -1154.80, 20.00, 4.63, 5.56, 0.66, 0.00, 0.00, 0.00, 0.00, 90.00, 0, 0
2.00, 5.70, 19.31, 19.31, -1186.67, 20.00, 4.63, 5.56, 0.66, 0.00, 0.00, 0.00, 0.00, 90.00, 0, 0
2.00, 5.70, 19.21, 19.21, -1243.41, 20.00, 4.63, 5.00, 0.18, 0.00, 0.00, 0.00, 0.00, 90.00, 0, 0
2.00, 5.70, 20.00, 20.00, -1096.04, 20.00, 4.63, 5.00, 0.18, 0.00, 1.64, 0.00, 0.00, 90.00, 0, 0
2.00, 5.70, 20.00, 20.00, -1050.07, 20.00, 4.63, 5.56, 0.78, 0.00, 23.00, 0.00, -74.03, 83.86, 0, 0
2.00, 5.70, 20.00, 20.00, -956.35, 20.00, 4.63, 6.67, 1.87, 0.00, 52.77, 0.00, -63.38, 73.27, 0, 0
2.00, 5.70, 20.00, 20.00, -940.25, 20.00, 4.63, 7.22, 2.35, 0.00, 43.20, 0.00, -51.14, 63.70, 0, 0
2.00, 5.70, 20.00, 20.00, -923.78, 20.00, 4.63, 7.22, 2.35, 0.00, 55.15, 0.00, -36.54, 55.81, 0, 0
2.00, 5.70, 20.00, 20.00, -794.69, 20.00, 4.63, 8.33, 3.44, 0.00, 104.41, 0.00, -19.17, 50.48, 0, 0
2.00, 5.70, 20.00, 20.00, -711.01, 20.00, 4.63, 8.89, 4.06, 0.00, 132.87, 0.00, 0.25, 48.60, 0, 0
2.00, 5.70, 20.00, 20.00, -691.80, 20.00, 4.63, 9.44, 4.54, 0.00, 112.74, 0.00, 19.63, 50.57, 0, 0
2.00, 5.70, 20.00, 20.00, -719.40, 20.00, 4.63, 9.44, 4.54, 0.00, 73.23, 0.00, 36.93, 55.98, 0, 0
2.00, 5.70, 20.00, 20.00, -755.34, 20.00, 4.63, 9.44, 4.40, 0.00, 47.65, 0.00, 51.47, 63.92, 0, 0
2.00, 5.70, 20.00, 20.00, -827.86, 20.00, 4.63, 8.89, 3.92, 0.00, 18.07, 0.00, 63.66, 73.52, 0, 0
2.00, 5.70, 20.00, 20.00, -803.25, 20.00, 4.63, 8.33, 3.31, 0.00, 4.93, 0.00, 74.28, 84.13, 0, 0
2.00, 5.70, 20.00, 20.00, -635.53, 20.00, 4.63, 7.78, 2.83, 0.00, 3.29, 0.00, 0.00, 90.00, 0, 0
2.00, 5.70, 20.00, 20.00, -642.84, 20.00, 4.63, 7.22, 2.22, 0.00, 0.00, 0.00, 0.00, 90.00, 0, 0
2.00, 5.70, 20.00, 20.00, -657.83, 20.00, 4.63, 6.67, 1.74, 0.00, 0.00, 0.00, 0.00, 90.00, 0, 0
2.00, 5.70, 20.00, 20.00, -649.77, 20.00, 4.63, 6.67, 1.61, 0.00, 0.00, 0.00, 0.00, 90.00, 0, 0
2.00, 5.70, 19.87, 19.87, -850.88, 20.00, 4.63, 6.11, 1.01, 0.00, 0.00, 0.00, 0.00, 90.00, 0, 0
2.00, 5.70, 19.68, 19.68, -1057.26, 20.00, 4.63, 6.11, 1.01, 0.00, 0.00, 0.00, 0.00, 90.00, 0, 0
2.00, 5.70, 19.49, 19.49, -1195.42, 20.00, 4.63, 4.44, -0.55, 0.00, 0.00, 0.00, 0.00, 90.00, 0, 0
2.00, 5.70, 19.31, 19.31, -1302.40, 20.00, 4.63, 3.33, -1.76, 0.00, 0.00, 0.00, 0.00, 90.00, 0, 0
2.00, 5.70, 19.13, 19.13, -1405.96, 20.00, 4.63, 2.22, -2.83, 0.00, 0.00, 0.00, 0.00, 90.00, 0, 0
2.00, 5.70, 18.94, 18.94, -1537.20, 20.00, 4.63, 0.56, -4.51, 0.00, 0.00, 0.00, 0.00, 90.00, 0, 0
2.00, 5.70, 18.75, 18.75, -1640.76, 20.00, 4.63, -0.56, -5.72, 0.00, 0.00, 0.00, 0.00, 90.00, 0, 0
2.00, 5.70, 18.56, 18.56, -1743.59, 20.00, 4.63, -1.67, -6.79, 0.00, 0.00, 0.00, 0.00, 90.00, 0, 0
2.00, 5.70, 20.00, 20.00, -1452.59, 20.00, 4.63, -2.22, -7.39, 0.00, 4.93, 0.00, 0.00, 90.00, 0, 0
2.00, 5.70, 20.00, 20.00, -1357.48, 20.00, 4.63, -1.11, -6.18, 0.00, 37.79, 0.00, -74.28, 83.56, 0, 0
2.00, 5.70, 20.00, 20.00, -1182.60, 20.00, 4.63, 1.11, -4.04, 0.00, 61.88, 0.00, -63.62, 72.96, 0, 0
2.00, 5.70, 20.00, 20.00, -943.28, 20.00, 4.63, 3.89, -1.29, 0.00, 90.95, 0.00, -51.35, 63.36, 0, 0
2.00, 5.70, 20.00, 20.00, -717.37, 20.00, 4.63, 6.11, 1.01, 0.00, 108.40, 0.00, -36.70, 55.45, 0, 0
2.00, 5.70, 20.00, 20.00, -470.87, 20.00, 4.63, 8.33, 3.17, 0.00, 126.02, 0.00, -19.23, 50.09, 0, 0
2.00, 5.70, 20.03, 20.03, -420.83, 20.00, 4.63, 10.00, 4.73, 0.00, 137.33, 0.00, 0.31, 48.21, 0, 0
2.00, 5.70, 20.14, 20.14, -212.94, 20.00, 4.63, 11.11, 5.82, 0.00, 124.73, 0.00, 19.82, 50.21, 0, 0
2.00, 5.70, 20.31, 20.31, -40.18, 20.00, 4.63, 11.67, 6.45, 0.00, 101.40, 0.00, 37.20, 55.66, 0, 0
2.00, 5.70, 20.38, 20.38, -130.42, 20.00, 4.63, 11.67, 6.45, 0.00, 79.77, 0.00, 51.77, 63.64, 0, 0
2.00, 5.70, 20.32, 20.32, -374.31, 20.00, 4.63, 10.56, 5.35, 0.00, 51.41, 0.00, 63.97, 73.27, 0, 0
2.00, 5.70, 20.24, 20.24, -493.06, 20.00, 4.63, 8.89, 3.65, 0.00, 50.93, 0.00, 74.60, 83.91, 0, 0
2.00, 5.70, 20.21, 20.21, -435.28, 20.00, 4.63, 7.78, 2.56, 0.00, 3.29, 0.00, 0.00, 90.00, 0, 0
2.00, 5.70, 20.17, 20.17, -491.82, 20.00, 4.63, 6.67, 1.48, 0.00, 0.00, 0.00, 0.00, 90.00, 0, 0
2.00, 5.70, 20.12, 20.12, -551.89, 20.00, 4.63, 5.56, 0.40, 0.00, 0.00, 0.00, 0.00, 90.00, 0, 0
2.00, 5.70, 20.07, 20.07, -585.93, 20.00, 4.63, 5.00, -0.36, 0.00, 0.00, 0.00, 0.00, 90.00, 0, 0
2.00, 5.70, 19.91, 19.91, -875.19, 20.00, 4.63, 3.89, -1.43, 0.00, 0.00, 0.00, 0.00, 90.00, 0, 0
2.00, 5.70, 19.66, 19.66, -1155.77, 20.00, 4.63, 2.78, -2.50, 0.00, 0.00, 0.00, 0.00, 90.00, 0, 0
2.00, 5.70, 19.44, 19.44, -1284.67, 20.00, 4.63, 1.67, -3.58, 0.00, 0.00, 0.00, 0.00, 90.00, 0, 0
2.00, 5.70, 19.24, 19.24, -1376.27, 20.00, 4.63, 1.11, -4.19, 0.00, 0.00, 0.00, 0.00, 90.00, 0, 0
2.00, 5.70, 19.04, 19.04, -1489.80, 20.00, 4.63, 0.00, -5.26, 0.00, 0.00, 0.00, 0.00, 90.00, 0, 0
2.00, 5.70, 18.86, 18.86, -1570.96, 20.00, 4.63, -0.56, -5.87, 0.00, 0.00, 0.00, 0.00, 90.00, 0, 0
2.00, 5.70, 18.68, 18.68, -1677.65, 20.00, 4.63, -1.67, -6.93, 0.00, 0.00, 0.00, 0.00, 90.00, 0, 0
2.00, 5.70, 18.50, 18.50, -1754.10, 20.00, 4.63, -2.22, -7.70, 0.00, 0.00, 0.00, 0.00, 90.00, 0, 0
2.00, 5.70, 20.00, 20.00, -1454.93, 20.00, 4.63, -2.78, -8.14, 0.00, 3.29, 0.00, 0.00, 90.00, 0, 0
2.00, 5.70, 20.00, 20.00, -1324.72, 20.00, 4.63, -1.11, -6.48, 0.00, 42.72, 0.00, -74.53, 83.27, 0, 0
2.00, 5.70, 20.00, 20.00, -1190.76, 20.00, 4.63, 0.56, -4.80, 0.00, 64.88, 0.00, -63.86, 72.64, 0, 0
2.00, 5.70, 20.00, 20.00, -988.64, 20.00, 4.63, 2.78, -2.50, 0.00, 102.30, 0.00, -51.57, 63.03, 0, 0
2.00, 5.70, 20.00, 20.00, -763.58, 20.00, 4.63, 5.00, -0.36, 0.00, 123.10, 0.00, -36.86, 55.08, 0, 0
2.00, 5.70, 20.00, 20.00, -505.95, 20.00, 4.63, 7.22, 1.78, 0.00, 133.19, 0.00, -19.30, 49.71, 0, 0
2.00, 5.70, 20.00, 20.00, -460.05, 20.00, 4.63, 8.89, 3.49, 0.00, 132.52, 0.00, 0.38, 47.83, 0, 0
2.00, 5.70, 20.11, 20.11, -241.52, 20.00, 4.63, 10.56, 5.20, 0.00, 121.01, 0.00, 20.01, 49.86, 0, 0
2.00, 5.70, 20.26, 20.26, -88.44, 20.00, 4.63, 11.11, 5.66, 0.00, 111.23, 0.00, 37.46, 55.34, 0, 0
2.00, 5.70, 20.31, 20.31, -187.73, 20.00, 4.63, 11.11, 5.66, 0.00, 94.00, 0.00, 52.07, 63.37, 0, 0
2.00, 5.70, 20.25, 20.25, -427.98, 20.00, 4.63, 10.00, 4.57, 0.00, 60.01, 0.00, 64.28, 73.03, 0, 0
2.00, 5.70, 20.16, 20.16, -541.91, 20.00, 4.63, 8.33, 3.03, 0.00, 42.72, 0.00, 74.91, 83.68, 0, 0
2.00, 5.70, 20.14, 20.14, -466.63, 20.00, 4.63, 7.22, 1.78, 0.00, 4.93, 0.00, 0.00, 90.00, 0, 0
2.00, 5.70, 20.10, 20.10, -522.84, 20.00, 4.63, 6.11, 0.87, 0.00, 0.00, 0.00, 0.00, 90.00, 0, 0
2.00, 5.70, 20.06, 20.06, -553.67, 20.00, 4.63, 5.56, 0.25, 0.00, 0.00, 0.00, 0.00, 90.00, 0, 0
2.00, 5.70, 20.01, 20.01, -609.79, 20.00, 4.63, 4.44, -0.82, 0.00, 0.00, 0.00, 0.00, 90.00, 0, 0
2.00, 5.70, 19.86, 19.86, -874.36, 20.00, 4.63, 3.89, -1.43, 0.00, 0.00, 0.00, 0.00, 90.00, 0, 0
2.00, 5.70, 19.62, 19.62, -1155.47, 20.00, 4.63, 2.78, -2.50, 0.00, 0.00, 0.00, 0.00, 90.00, 0, 0
2.00, 5.70, 19.42, 19.42, -1255.47, 20.00, 4.63, 2.22, -3.12, 0.00, 0.00, 0.00, 0.00, 90.00, 0, 0
2.00, 5.70, 19.22, 19.22, -1374.08, 20.00, 4.63, 1.11, -4.19, 0.00, 0.00, 0.00, 0.00, 90.00, 0, 0
2.00, 5.70, 19.03, 19.03, -1458.68, 20.00, 4.63, 0.56, -4.80, 0.00, 0.00, 0.00, 0.00, 90.00, 0, 0
2.00, 5.70, 18.85, 18.85, -1567.34, 20.00, 4.63, -0.56, -5.87, 0.00, 0.00, 0.00, 0.00, 90.00, 0, 0
2.00, 5.70, 18.68, 18.68, -1644.95, 20.00, 4.63, -1.11, -6.48, 0.00, 0.00, 0.00, 0.00, 90.00, 0, 0
2.00, 5.70, 18.50, 18.50, -1749.20, 20.00, 4.63, -2.22, -7.53, 0.00, 0.00, 0.00, 0.00, 90.00, 0, 0
2.00, 5.70, 20.00, 20.00, -1490.08, 20.00, 4.63, -2.22, -7.53, 0.00, 6.57, 0.00, 0.00, 90.00, 0, 0
2.00, 5.70, 20.00, 20.00, -1412.23, 20.00, 4.63, -1.11, -6.32, 0.00, 27.64, 0.00, -74.78, 82.97, 0, 0
2.00, 5.70, 20.00, 20.00, -1236.78, 20.00, 4.63, 1.11, -4.19, 0.00, 59.90, 0.00, -64.10, 72.33, 0, 0
2.00, 5.70, 20.00, 20.00, -1004.20, 20.00, 4.63, 3.89, -1.43, 0.00, 89.73, 0.00, -51.78, 62.69, 0, 0
2.00, 5.70, 20.00, 20.00, -777.78, 20.00, 4.63, 6.11, 0.87, 0.00, 115.61, 0.00, -37.02, 54.72, 0, 0
2.00, 5.70, 20.00, 20.00, -528.79, 20.00, 4.63, 8.33, 3.03, 0.00, 133.05, 0.00, -19.36, 49.33, 0, 0
2.00, 5.70, 20.00, 20.00, -504.28, 20.00, 4.63, 10.00, 4.73, 0.00, 142.30, 0.00, 0.45, 47.45, 0, 0
2.00, 5.70, 20.04, 20.04, -381.63, 20.00, 4.63, 10.56, 5.20, 0.00, 140.44, 0.00, 20.21, 49.50, 0, 0
2.00, 5.70, 20.14, 20.14, -221.29, 20.00, 4.63, 11.11, 5.82, 0.00, 117.98, 0.00, 37.74, 55.03, 0, 0
2.00, 5.70, 20.19, 20.19, -280.78, 20.00, 4.63, 11.11, 5.82, 0.00, 91.78, 0.00, 52.38, 63.09, 0, 0
2.00, 5.70, 20.12, 20.12, -515.89, 20.00, 4.63, 10.00, 4.73, 0.00, 63.88, 0.00, 64.60, 72.79, 0, 0
2.00, 5.70, 20.02, 20.02, -630.61, 20.00, 4.63, 8.33, 3.03, 0.00, 37.79, 0.00, 75.23, 83.46, 0, 0
2.00, 5.70, 20.00, 20.00, -551.23, 20.00, 4.63, 7.22, 1.95, 0.00, 3.29, 0.00, 0.00, 90.00, 0, 0
2.00, 5.70, 20.00, 20.00, -576.77, 20.00, 4.63, 6.67, 1.48, 0.00, 0.00, 0.00, 0.00, 90.00, 0, 0
2.00, 5.70, 20.00, 20.00, -632.13, 20.00, 4.63, 5.56, 0.40, 0.00, 0.00, 0.00, 0.00, 90.00, 0, 0
2.00, 5.70, 20.00, 20.00, -661.90, 20.00, 4.63, 5.00, -0.21, 0.00, 0.00, 0.00, 0.00, 90.00, 0, 0
2.00, 5.70, 19.84, 19.84, -878.40, 20.00, 4.63, 4.44, -0.82, 0.00, 0.00, 0.00, 0.00, 90.00, 0, 0
2.00, 5.70, 19.60, 19.60, -1154.82, 20.00, 4.63, 3.33, -1.76, 0.00, 0.00, 0.00, 0.00, 90.00, 0, 0
2.00, 5.70, 19.39, 19.39, -1250.96, 20.00, 4.63, 2.78, -2.36, 0.00, 0.00, 0.00, 0.00, 90.00, 0, 0
2.00, 5.70, 19.21, 19.21, -1336.90, 20.00, 4.63, 2.22, -2.96, 0.00, 0.00, 0.00, 0.00, 90.00, 0, 0
2.00, 5.70, 19.04, 19.04, -1416.05, 20.00, 4.63, 1.67, -3.58, 0.00, 0.00, 0.00, 0.00, 90.00, 0, 0
2.00, 5.70, 18.88, 18.88, -1490.36, 20.00, 4.63, 1.11, -4.04, 0.00, 0.00, 0.00, 0.00, 90.00, 0, 0
2.00, 5.70, 18.72, 18.72, -1561.39, 20.00, 4.63, 0.56, -4.65, 0.00, 0.00, 0.00, 0.00, 90.00, 0, 0
2.00, 5.70, 18.58, 18.58, -1629.96, 20.00, 4.63, 0.00, -5.11, 0.00, 0.00, 0.00, 0.00, 90.00, 0, 0
2.00, 5.70, 20.00, 20.00, -1384.14, 20.00, 4.63, 0.00, -5.11, 0.00, 4.93, 0.00, 0.00, 90.00, 0, 0
2.00, 5.70, 20.00, 20.00, -1274.16, 20.00, 4.63, 1.67, -3.43, 0.00, 29.94, 0.00, -75.03, 82.67, 0, 0
2.00, 5.70, 20.00, 20.00, -1087.09, 20.00, 4.63, 3.89, -1.29, 0.00, 69.39, 0.00, -64.33, 72.01, 0, 0
2.00, 5.70, 20.00, 20.00, -889.82, 20.00, 4.63, 6.11, 1.01, 0.00, 109.20, 0.00, -51.99, 62.35, 0, 0
2.00, 5.70, 20.00, 20.00, -725.37, 20.00, 4.63, 7.78, 2.70, 0.00, 139.26, 0.00, -37.18, 54.35, 0, 0
2.00, 5.70, 20.00, 20.00, -545.36, 20.00, 4.63, 9.44, 4.40, 0.00, 158.02, 0.00, -19.42, 48.94, 0, 0
2.00, 5.70, 20.00, 20.00, -503.00, 20.00, 4.63, 10.56, 5.49, 0.00, 167.43, 0.00, 0.53, 47.06, 0, 0
2.00, 5.70, 20.02, 20.02, -416.98, 20.00, 4.63, 11.11, 5.97, 0.00, 157.75, 0.00, 20.41, 49.14, 0, 0
2.00, 5.70, 20.08, 20.08, -327.59, 20.00, 4.63, 11.67, 6.59, 0.00, 138.84, 0.00, 38.02, 54.71, 0, 0
2.00, 5.70, 20.10, 20.10, -370.13, 20.00, 4.63, 11.67, 6.59, 0.00, 106.29, 0.00, 52.69, 62.81, 0, 0
2.00, 5.70, 20.05, 20.05, -528.47, 20.00, 4.63, 10.56, 5.49, 0.00, 61.23, 0.00, 64.92, 72.54, 0, 0
2.00, 5.70, 20.00, 20.00, -588.80, 20.00, 4.63, 9.44, 4.40, 0.00, 47.65, 0.00, 75.56, 83.24, 0, 0
2.00, 5.70, 20.00, 20.00, -512.42, 20.00, 4.63, 8.33, 3.31, 0.00, 4.93, 0.00, 0.00, 90.00, 0, 0
2.00, 5.70, 20.00, 20.00, -536.29, 20.00, 4.63, 7.78, 2.83, 0.00, 0.00, 0.00, 0.00, 90.00, 0, 0
2.00, 5.70, 20.00, 20.00, -561.92, 20.00, 4.63, 7.22, 2.22, 0.00, 0.00, 0.00, 0.00, 90.00, 0, 0
2.00, 5.70, 20.00, 20.00, -588.14, 20.00, 4.63, 6.67, 1.74, 0.00, 0.00, 0.00, 0.00, 90.00, 0, 0
2.00, 5.70, 19.87, 19.87, -795.81, 20.00, 4.63, 6.11, 1.13, 0.00, 0.00, 0.00, 0.00, 90.00, 0, 0
2.00, 5.70, 19.67, 19.67, -1036.19, 20.00, 4.63, 5.56, 0.66, 0.00, 0.00, 0.00, 0.00, 90.00, 0, 0
2.00, 5.70, 19.49, 19.49, -1123.95, 20.00, 4.63, 5.00, 0.05, 0.00, 0.00, 0.00, 0.00, 90.00, 0, 0
2.00, 5.70, 19.35, 19.35, -1174.07, 20.00, 4.63, 5.00, -0.08, 0.00, 0.00, 0.00, 0.00, 90.00, 0, 0
2.00, 5.70, 19.21, 19.21, -1244.51, 20.00, 4.63, 4.44, -0.55, 0.00, 0.00, 0.00, 0.00, 90.00, 0, 0
2.00, 5.70, 19.08, 19.08, -1311.31, 20.00, 4.63, 3.89, -1.03, 0.00, 0.00, 0.00, 0.00, 90.00, 0, 0
2.00, 5.70, 18.96, 18.96, -1346.67, 20.00, 4.63, 3.89, -1.15, 0.00, 0.00, 0.00, 0.00, 90.00, 0, 0
2.00, 5.70, 18.85, 18.85, -1406.62, 20.00, 4.63, 3.33, -1.63, 0.00, 0.00, 0.00, 0.00, 90.00, 0, 0
2.00, 5.70, 20.00, 20.00, -1206.18, 20.00, 4.63, 3.33, -1.51, 0.00, 1.64, 0.00, 0.00, 90.00, 0, 0
2.00, 5.70, 20.00, 20.00, -1176.88, 20.00, 4.63, 3.89, -1.03, 0.00, 11.50, 0.00, -75.29, 82.37, 0, 0
2.00, 5.70, 20.00, 20.00, -1186.87, 20.00, 4.63, 3.89, -1.03, 0.00, 9.86, 0.00, -64.57, 71.69, 0, 0
2.00, 5.70, 20.00, 20.00, -1127.69, 20.00, 4.63, 4.44, -0.55, 0.00, 37.79, 0.00, -52.21, 62.00, 0, 0
2.00, 5.70, 20.00, 20.00, -925.59, 20.00, 4.63, 6.11, 1.13, 0.00, 110.92, 0.00, -37.34, 53.98, 0, 0
2.00, 5.70, 20.00, 20.00, -794.47, 20.00, 4.63, 7.22, 2.22, 0.00, 145.75, 0.00, -19.48, 48.55, 0, 0
2.00, 5.70, 20.00, 20.00, -736.70, 20.00, 4.63, 8.33, 3.31, 0.00, 144.03, 0.00, 0.61, 46.67, 0, 0
2.00, 5.70, 20.00, 20.00, -740.82, 20.00, 4.63, 8.89, 3.79, 0.00, 109.17, 0.00, 20.62, 48.78, 0, 0
2.00, 5.70, 20.00, 20.00, -775.60, 20.00, 4.63, 8.89, 3.79, 0.00, 65.72, 0.00, 38.30, 54.39, 0, 0
2.00, 5.70, 20.00, 20.00, -835.81, 20.00, 4.63, 8.33, 3.31, 0.00, 42.72, 0.00, 53.00, 62.54, 0, 0
2.00, 5.70, 20.00, 20.00, -877.95, 20.00, 4.63, 7.78, 2.70, 0.00, 35.76, 0.00, 65.25, 72.30, 0, 0
2.00, 5.70, 20.00, 20.00, -856.47, 20.00, 4.63, 7.22, 2.22, 0.00, 18.07, 0.00, 75.89, 83.02, 0, 0
2.00, 5.70, 20.00, 20.00, -701.56, 20.00, 4.63, 6.67, 1.61, 0.00, 0.00, 0.00, 0.00, 90.00, 0, 0
2.00, 5.70, 20.00, 20.00, -713.52, 20.00, 4.63, 6.11, 1.13, 0.00, 0.00, 0.00, 0.00, 90.00, 0, 0
2.00, 5.70, 20.00, 20.00, -729.83, 20.00, 4.63, 5.56, 0.53, 0.00, 0.00, 0.00, 0.00, 90.00, 0, 0
2.00, 5.70, 20.00, 20.00, -749.07, 20.00, 4.63, 5.00, -0.08, 0.00, 0.00, 0.00, 0.00, 90.00, 0, 0
2.00, 5.70, 19.80, 19.80, -935.08, 20.00, 4.63, 5.00, -0.21, 0.00, 0.00, 0.00, 0.00, 90.00, 0, 0
2.00, 5.70, 19.56, 19.56, -1177.65, 20.00, 4.63, 4.44, -0.68, 0.00, 0.00, 0.00, 0.00, 90.00, 0, 0
2.00, 5.70, 19.34, 19.34, -1295.57, 20.00, 4.63, 3.33, -1.76, 0.00, 0.00, 0.00, 0.00, 90.00, 0, 0
2.00, 5.70, 19.14, 19.14, -1406.77, 20.00, 4.63, 2.22, -2.96, 0.00, 0.00, 0.00, 0.00, 90.00, 0, 0
2.00, 5.70, 18.92, 18.92, -1543.29, 20.00, 4.63, 0.56, -4.51, 0.00, 0.00, 0.00, 0.00, 90.00, 0, 0
2.00, 5.70, 18.72, 18.72, -1650.70, 20.00, 4.63, -0.56, -5.72, 0.00, 0.00, 0.00, 0.00, 90.00, 0, 0
2.00, 5.70, 18.52, 18.52, -1756.40, 20.00, 4.63, -1.67, -6.93, 0.00, 0.00, 0.00, 0.00, 90.00, 0, 0
2.00, 5.70, 18.33, 18.33, -1861.36, 20.00, 4.63, -2.78, -8.14, 0.00, 0.00, 0.00, 0.00, 90.00, 0, 0
2.00, 5.70, 20.00, 20.00, -1606.03, 20.00, 4.63, -3.33, -8.59, 0.00, 4.93, 0.00, 0.00, 90.00, 0, 0
2.00, 5.70, 20.00, 20.00, -1515.33, 20.00, 4.63, -2.22, -7.39, 0.00, 30.76, 0.00, -75.54, 82.06, 0, 0
2.00, 5.70, 20.00, 20.00, -1319.87, 20.00, 4.63, 0.00, -5.26, 0.00, 67.74, 0.00, -64.81, 71.37, 0, 0
2.00, 5.70, 20.00, 20.00, -1115.45, 20.00, 4.63, 2.22, -2.96, 0.00, 93.94, 0.00, -52.42, 61.66, 0, 0
2.00, 5.70, 20.00, 20.00, -914.61, 20.00, 4.63, 3.89, -1.29, 0.00, 111.76, 0.00, -37.50, 53.61, 0, 0
2.00, 5.70, 20.00, 20.00, -696.06, 20.00, 4.63, 5.56, 0.25, 0.00, 128.02, 0.00, -19.54, 48.15, 0, 0
2.00, 5.70, 20.00, 20.00, -705.78, 20.00, 4.63, 6.67, 1.33, 0.00, 136.25, 0.00, 0.69, 46.28, 0, 0
2.00, 5.70, 20.00, 20.00, -552.62, 20.00, 4.63, 7.22, 1.95, 0.00, 127.71, 0.00, 20.83, 48.42, 0, 0
2.00, 5.70, 20.02, 20.02, -397.76, 20.00, 4.63, 7.78, 2.41, 0.00, 107.30, 0.00, 38.60, 54.08, 0, 0
2.00, 5.70, 20.00, 20.00, -523.71, 20.00, 4.63, 7.22, 1.95, 0.00, 90.42, 0.00, 53.33, 62.26, 0, 0
2.00, 5.70, 20.00, 20.00, -761.65, 20.00, 4.63, 6.11, 0.87, 0.00, 64.46, 0.00, 65.58, 72.06, 0, 0
2.00, 5.70, 20.00, 20.00, -886.42, 20.00, 4.63, 4.44, -0.82, 0.00, 24.24, 0.00, 76.22, 82.80, 0, 0
2.00, 5.70, 20.00, 20.00, -797.52, 20.00, 4.63, 3.33, -1.89, 0.00, 3.29, 0.00, 0.00, 90.00, 0, 0
2.00, 5.70, 20.00, 20.00, -849.93, 20.00, 4.63, 2.22, -2.96, 0.00, 0.00, 0.00, 0.00, 90.00, 0, 0
2.00, 5.70, 20.00, 20.00, -881.26, 20.00, 4.63, 1.67, -3.58, 0.00, 0.00, 0.00, 0.00, 90.00, 0, 0
2.00, 5.70, 20.00, 20.00, -939.88, 20.00, 4.63, 0.56, -4.80, 0.00, 0.00, 0.00, 0.00, 90.00, 0, 0
2.00, 5.70, 19.68, 19.68, -1182.80, 20.00, 4.63, 0.00, -5.42, 0.00, 0.00, 0.00, 0.00, 90.00, 0, 0
2.00, 5.70, 19.34, 19.34, -1480.03, 20.00, 4.63, -1.11, -6.48, 0.00, 0.00, 0.00, 0.00, 90.00, 0, 0
2.00, 5.70, 19.05, 19.05, -1591.92, 20.00, 4.63, -1.67, -7.09, 0.00, 0.00, 0.00, 0.00, 90.00, 0, 0
2.00, 5.70, 18.79, 18.79, -1690.61, 20.00, 4.63, -2.22, -7.53, 0.00, 0.00, 0.00, 0.00, 90.00, 0, 0
2.00, 5.70, 18.58, 18.58, -1750.59, 20.00, 4.63, -2.22, -7.70, 0.00, 0.00, 0.00, 0.00, 90.00, 0, 0
2.00, 5.70, 18.39, 18.39, -1831.82, 20.00, 4.63, -2.78, -8.14, 0.00, 0.00, 0.00, 0.00, 90.00, 0, 0
2.00, 5.70, 18.22, 18.22, -1879.05, 20.00, 4.63, -2.78, -8.14, 0.00, 0.00, 0.00, 0.00, 90.00, 0, 0
2.00, 5.70, 18.05, 18.05, -1951.15, 20.00, 4.63, -3.33, -8.74, 0.00, 0.00, 0.00, 0.00, 90.00, 0, 0
2.00, 5.70, 20.00, 20.00, -1591.35, 20.00, 4.63, -2.78, -8.14, 0.00, 6.57, 0.00, 0.00, 90.00, 0, 0
2.00, 5.70, 20.00, 20.00, -1501.33, 20.00, 4.63, -1.67, -6.93, 0.00, 27.76, 0.00, -75.79, 81.75, 0, 0
2.00, 5.70, 20.00, 20.00, -1279.30, 20.00, 4.63, 1.11, -4.19, 0.00, 65.65, 0.00, -65.05, 71.04, 0, 0
2.00, 5.70, 20.00, 20.00, -1074.79, 20.00, 4.63, 3.33, -2.04, 0.00, 99.88, 0.00, -52.64, 61.31, 0, 0
2.00, 5.70, 20.00, 20.00, -882.19, 20.00, 4.63, 5.00, -0.36, 0.00, 121.20, 0.00, -37.66, 53.23, 0, 0
2.00, 5.70, 20.00, 20.00, -661.81, 20.00, 4.63, 6.67, 1.33, 0.00, 135.97, 0.00, -19.60, 47.76, 0, 0
2.00, 5.70, 20.00, 20.00, -617.38, 20.00, 4.63, 8.33, 2.86, 0.00, 143.64, 0.00, 0.78, 45.89, 0, 0
2.00, 5.70, 20.00, 20.00, -463.08, 20.00, 4.63, 8.89, 3.49, 0.00, 136.69, 0.00, 21.05, 48.05, 0, 0
2.00, 5.70, 20.05, 20.05, -314.91, 20.00, 4.63, 9.44, 3.94, 0.00, 127.55, 0.00, 38.89, 53.76, 0, 0
2.00, 5.70, 20.05, 20.05, -388.05, 20.00, 4.63, 9.44, 3.94, 0.00, 99.21, 0.00, 53.65, 61.99, 0, 0
2.00, 5.70, 20.00, 20.00, -622.16, 20.00, 4.63, 8.33, 3.03, 0.00, 56.27, 0.00, 65.91, 71.82, 0, 0
2.00, 5.70, 20.00, 20.00, -747.67, 20.00, 4.63, 6.67, 1.33, 0.00, 25.98, 0.00, 76.55, 82.58, 0, 0
2.00, 5.70, 20.00, 20.00, -664.59, 20.00, 4.63, 5.56, 0.25, 0.00, 8.22, 0.00, 0.00, 90.00, 0, 0
2.00, 5.70, 20.00, 20.00, -723.19, 20.00, 4.63, 4.44, -0.82, 0.00, 0.00, 0.00, 0.00, 90.00, 0, 0
2.00, 5.70, 20.00, 20.00, -754.02, 20.00, 4.63, 3.89, -1.43, 0.00, 0.00, 0.00, 0.00, 90.00, 0, 0
2.00, 5.70, 20.00, 20.00, -811.34, 20.00, 4.63, 2.78, -2.50, 0.00, 0.00, 0.00, 0.00, 90.00, 0, 0
2.00, 5.70, 19.74, 19.74, -1044.48, 20.00, 4.63, 2.22, -3.12, 0.00, 0.00, 0.00, 0.00, 90.00, 0, 0
2.00, 5.70, 19.43, 19.43, -1333.63, 20.00, 4.63, 1.11, -4.19, 0.00, 0.00, 0.00, 0.00, 90.00, 0, 0
2.00, 5.70, 19.17, 19.17, -1439.19, 20.00, 4.63, 0.56, -4.80, 0.00, 0.00, 0.00, 0.00, 90.00, 0, 0
2.00, 5.70, 18.94, 18.94, -1532.58, 20.00, 4.63, 0.00, -5.42, 0.00, 0.00, 0.00, 0.00, 90.00, 0, 0
2.00, 5.70, 18.74, 18.74, -1617.72, 20.00, 4.63, -0.56, -5.87, 0.00, 0.00, 0.00, 0.00, 90.00, 0, 0
2.00, 5.70, 18.56, 18.56, -1697.25, 20.00, 4.63, -1.11, -6.48, 0.00, 0.00, 0.00, 0.00, 90.00, 0, 0
2.00, 5.70, 18.38, 18.38, -1772.74, 20.00, 4.63, -1.67, -7.09, 0.00, 0.00, 0.00, 0.00, 90.00, 0, 0
2.00, 5.70, 18.21, 18.21, -1845.25, 20.00, 4.63, -2.22, -7.53, 0.00, 0.00, 0.00, 0.00, 90.00, 0, 0
2.00, 5.70, 20.00, 20.00, -1463.72, 20.00, 4.63, -2.22, -7.53, 0.00, 8.22, 0.00, 0.00, 90.00, 0, 0
2.00, 5.70, 20.00, 20.00, -1343.29, 20.00, 4.63, -0.56, -5.87, 0.00, 31.72, 0.00, -76.04, 81.44, 0, 0
2.00, 5.70, 20.00, 20.00, -1152.70, 20.00, 4.63, 1.67, -3.58, 0.00, 69.06, 0.00, -65.30, 70.71, 0, 0
2.00, 5.70, 20.00, 20.00, -949.73, 20.00, 4.63, 3.89, -1.29, 0.00, 111.60, 0.00, -52.86, 60.95, 0, 0
2.00, 5.70, 20.00, 20.00, -803.05, 20.00, 4.63, 5.56, 0.40, 0.00, 142.62, 0.00, -37.82, 52.85, 0, 0
2.00, 5.70, 20.00, 20.00, -743.76, 20.00, 4.63, 6.11, 0.87, 0.00, 153.95, 0.00, -19.65, 47.36, 0, 0
2.00, 5.70, 20.00, 20.00, -641.27, 20.00, 4.63, 7.22, 1.95, 0.00, 167.16, 0.00, 0.87, 45.49, 0, 0
2.00, 5.70, 20.00, 20.00, -473.88, 20.00, 4.63, 8.33, 3.03, 0.00, 156.70, 0.00, 21.28, 47.69, 0, 0
2.00, 5.70, 20.02, 20.02, -376.70, 20.00, 4.63, 8.89, 3.65, 0.00, 129.84, 0.00, 39.19, 53.44, 0, 0
2.00, 5.70, 20.00, 20.00, -456.52, 20.00, 4.63, 8.89, 3.65, 0.00, 102.14, 0.00, 53.98, 61.72, 0, 0
2.00, 5.70, 20.00, 20.00, -629.99, 20.00, 4.63, 7.78, 2.70, 0.00, 62.58, 0.00, 66.24, 71.58, 0, 0
2.00, 5.70, 20.00, 20.00, -705.88, 20.00, 4.63, 6.67, 1.61, 0.00, 26.34, 0.00, 76.89, 82.36, 0, 0
2.00, 5.70, 20.00, 20.00, -588.58, 20.00, 4.63, 6.11, 1.01, 0.00, 6.57, 0.00, 0.00, 90.00, 0, 0
2.00, 5.70, 20.00, 20.00, -612.59, 20.00, 4.63, 5.56, 0.53, 0.00, 0.00, 0.00, 0.00, 90.00, 0, 0
2.00, 5.70, 20.00, 20.00, -637.57, 20.00, 4.63, 5.00, 0.05, 0.00, 0.00, 0.00, 0.00, 90.00, 0, 0
2.00, 5.70, 20.00, 20.00, -636.68, 20.00, 4.63, 5.00, -0.08, 0.00, 0.00, 0.00, 0.00, 90.00, 0, 0
2.00, 5.70, 19.80, 19.80, -903.11, 20.00, 4.63, 4.44, -0.55, 0.00, 0.00, 0.00, 0.00, 90.00, 0, 0
2.00, 5.70, 19.56, 19.56, -1155.52, 20.00, 4.63, 3.89, -1.03, 0.00, 0.00, 0.00, 0.00, 90.00, 0, 0
2.00, 5.70, 19.35, 19.35, -1223.50, 20.00, 4.63, 3.89, -1.15, 0.00, 0.00, 0.00, 0.00, 90.00, 0, 0
2.00, 5.70, 19.19, 19.19, -1278.12, 20.00, 4.63, 3.89, -1.15, 0.00, 0.00, 0.00, 0.00, 90.00, 0, 0
2.00, 5.70, 19.05, 19.05, -1323.49, 20.00, 4.63, 3.89, -1.15, 0.00, 0.00, 0.00, 0.00, 90.00, 0, 0
2.00, 5.70, 18.92, 18.92, -1362.09, 20.00, 4.63, 3.89, -1.15, 0.00, 0.00, 0.00, 0.00, 90.00, 0, 0
2.00, 5.70, 18.82, 18.82, -1395.62, 20.00, 4.63, 3.89, -1.15, 0.00, 0.00, 0.00, 0.00, 90.00, 0, 0
2.00, 5.70, 18.72, 18.72, -1425.17, 20.00, 4.63, 3.89, -1.03, 0.00, 0.00, 0.00, 0.00, 90.00, 0, 0
2.00, 5.70, 20.00, 20.00, -1125.92, 20.00, 4.63, 3.89, -1.03, 0.00, 1.64, 0.00, 0.00, 90.00, 0, 0
2.00, 5.70, 20.00, 20.00, -1126.61, 20.00, 4.63, 3.89, -0.91, 0.00, 3.29, 0.00, -76.29, 81.12, 0, 0
2.00, 5.70, 20.00, 20.00, -1021.52, 20.00, 4.63, 5.00, 0.18, 0.00, 40.59, 0.00, -65.54, 70.38, 0, 0
2.00, 5.70, 20.00, 20.00, -848.50, 20.00, 4.63, 6.67, 1.87, 0.00, 98.94, 0.00, -53.08, 60.60, 0, 0
2.00, 5.70, 20.00, 20.00, -738.71, 20.00, 4.63, 7.78, 2.96, 0.00, 122.86, 0.00, -37.99, 52.47, 0, 0
2.00, 5.70, 20.00, 20.00, -697.80, 20.00, 4.63, 8.33, 3.57, 0.00, 117.27, 0.00, -19.71, 46.96, 0, 0
2.00, 5.70, 20.00, 20.00, -652.50, 20.00, 4.63, 8.89, 4.06, 0.00, 119.65, 0.00, 0.97, 45.10, 0, 0
2.00, 5.70, 20.00, 20.00, -594.22, 20.00, 4.63, 9.44, 4.54, 0.00, 127.01, 0.00, 21.51, 47.33, 0, 0
2.00, 5.70, 20.00, 20.00, -629.94, 20.00, 4.63, 9.44, 4.54, 0.00, 90.74, 0.00, 39.50, 53.13, 0, 0
2.00, 5.70, 20.00, 20.00, -741.87, 20.00, 4.63, 8.89, 4.06, 0.00, 31.22, 0.00, 54.32, 61.44, 0, 0
2.00, 5.70, 20.00, 20.00, -774.26, 20.00, 4.63, 8.33, 3.44, 0.00, 30.48, 0.00, 66.58, 71.34, 0, 0
2.00, 5.70, 20.00, 20.00, -706.49, 20.00, 4.63, 8.33, 3.44, 0.00, 28.02, 0.00, 77.23, 82.14, 0, 0
2.00, 5.70, 20.00, 20.00, -565.99, 20.00, 4.63, 7.78, 2.96, 0.00, 4.93, 0.00, 0.00, 90.00, 0, 0
2.00, 5.70, 20.00, 20.00, -575.95, 20.00, 4.63, 7.22, 2.35, 0.00, 0.00, 0.00, 0.00, 90.00, 0, 0
2.00, 5.70, 20.00, 20.00, -591.00, 20.00, 4.63, 6.67, 1.87, 0.00, 0.00, 0.00, 0.00, 90.00, 0, 0
2.00, 5.70, 20.00, 20.00, -608.94, 20.00, 4.63, 6.11, 1.26, 0.00, 0.00, 0.00, 0.00, 90.00, 0, 0
2.00, 5.70, 19.84, 19.84, -837.72, 20.00, 4.63, 6.11, 1.26, 0.00, 0.00, 0.00, 0.00, 90.00, 0, 0
2.00, 5.70, 19.62, 19.62, -1080.35, 20.00, 4.63, 5.56, 0.66, 0.00, 0.00, 0.00, 0.00, 90.00, 0, 0
2.00, 5.70, 19.43, 19.43, -1169.19, 20.00, 4.63, 5.00, 0.05, 0.00, 0.00, 0.00, 0.00, 90.00, 0, 0
2.00, 5.70, 19.26, 19.26, -1248.47, 20.00, 4.63, 4.44, -0.55, 0.00, 0.00, 0.00, 0.00, 90.00, 0, 0
2.00, 5.70, 19.11, 19.11, -1321.35, 20.00, 4.63, 3.89, -1.03, 0.00, 0.00, 0.00, 0.00, 90.00, 0, 0
2.00, 5.70, 18.95, 18.95, -1418.95, 20.00, 4.63, 2.78, -2.11, 0.00, 0.00, 0.00, 0.00, 90.00, 0, 0
2.00, 5.70, 18.80, 18.80, -1486.94, 20.00, 4.63, 2.22, -2.71, 0.00, 0.00, 0.00, 0.00, 90.00, 0, 0
2.00, 5.70, 18.66, 18.66, -1552.32, 20.00, 4.63, 1.67, -3.31, 0.00, 0.00, 0.00, 0.00, 90.00, 0, 0
2.00, 5.70, 20.00, 20.00, -1280.66, 20.00, 4.63, 2.22, -2.71, 0.00, 9.86, 0.00, 0.00, 90.00, 0, 0
2.00, 5.70, 20.00, 20.00, -1189.55, 20.00, 4.63, 3.33, -1.51, 0.00, 36.23, 0.00, -76.55, 80.81, 0, 0
2.00, 5.70, 20.00, 20.00, -1065.94, 20.00, 4.63, 5.00, 0.05, 0.00, 66.61, 0.00, -65.78, 70.05, 0, 0
2.00, 5.70, 20.00, 20.00, -996.63, 20.00, 4.63, 5.56, 0.66, 0.00, 94.19, 0.00, -53.29, 60.25, 0, 0
2.00, 5.70, 20.00, 20.00, -877.02, 20.00, 4.63, 6.67, 1.74, 0.00, 128.00, 0.00, -38.15, 52.09, 0, 0
2.00, 5.70, 20.00, 20.00, -831.99, 20.00, 4.63, 7.22, 2.35, 0.00, 126.80, 0.00, -19.76, 46.56, 0, 0
2.00, 5.70, 20.00, 20.00, -766.88, 20.00, 4.63, 7.78, 2.83, 0.00, 141.98, 0.00, 1.07, 44.70, 0, 0
2.00, 5.70, 20.00, 20.00, -623.84, 20.00, 4.63, 8.89, 3.92, 0.00, 163.27, 0.00, 21.75, 46.97, 0, 0
2.00, 5.70, 20.00, 20.00, -571.33, 20.00, 4.63, 9.44, 4.40, 0.00, 138.79, 0.00, 39.81, 52.81, 0, 0
2.00, 5.70, 20.00, 20.00, -719.50, 20.00, 4.63, 8.89, 3.92, 0.00, 73.00, 0.00, 54.65, 61.17, 0, 0
2.00, 5.70, 20.00, 20.00, -838.82, 20.00, 4.63, 7.78, 2.83, 0.00, 37.79, 0.00, 66.93, 71.10, 0, 0
2.00, 5.70, 20.00, 20.00, -822.88, 20.00, 4.63, 7.22, 2.22, 0.00, 21.58, 0.00, 77.57, 81.92, 0, 0
2.00, 5.70, 20.00, 20.00, -711.70, 20.00, 4.63, 6.11, 1.26, 0.00, 1.64, 0.00, 0.00, 90.00, 0, 0
2.00, 5.70, 20.00, 20.00, -722.90, 20.00, 4.63, 5.56, 0.66, 0.00, 0.00, 0.00, 0.00, 90.00, 0, 0
2.00, 5.70, 20.00, 20.00, -716.29, 20.00, 4.63, 5.56, 0.53, 0.00, 0.00, 0.00, 0.00, 90.00, 0, 0
2.00, 5.70, 20.00, 20.00, -737.50, 20.00, 4.63, 5.00, 0.05, 0.00, 0.00, 0.00, 0.00, 90.00, 0, 0
2.00, 5.70, 19.79, 19.79, -954.99, 20.00, 4.63, 4.44, -0.55, 0.00, 0.00, 0.00, 0.00, 90.00, 0, 0
2.00, 5.70, 19.54, 19.54, -1202.22, 20.00, 4.63, 3.89, -1.15, 0.00, 0.00, 0.00, 0.00, 90.00, 0, 0
2.00, 5.70, 19.32, 19.32, -1294.75, 20.00, 4.63, 3.33, -1.63, 0.00, 0.00, 0.00, 0.00, 90.00, 0, 0
2.00, 5.70, 19.13, 19.13, -1377.24, 20.00, 4.63, 2.78, -2.23, 0.00, 0.00, 0.00, 0.00, 90.00, 0, 0
2.00, 5.70, 18.95, 18.95, -1453.07, 20.00, 4.63, 2.22, -2.83, 0.00, 0.00, 0.00, 0.00, 90.00, 0, 0
2.00, 5.70, 18.79, 18.79, -1524.20, 20.00, 4.63, 1.67, -3.31, 0.00, 0.00, 0.00, 0.00, 90.00, 0, 0
2.00, 5.70, 18.64, 18.64, -1592.19, 20.00, 4.63, 1.11, -3.91, 0.00, 0.00, 0.00, 0.00, 90.00, 0, 0
2.00, 5.70, 18.50, 18.50, -1657.96, 20.00, 4.63, 0.56, -4.51, 0.00, 0.00, 0.00, 0.00, 90.00, 0, 0
2.00, 5.70, 20.00, 20.00, -1362.41, 20.00, 4.63, 1.11, -3.91, 0.00, 8.22, 0.00, 0.00, 90.00, 0, 0
2.00, 5.70, 20.00, 20.00, -1273.61, 20.00, 4.63, 2.22, -2.71, 0.00, 34.48, 0.00, -76.80, 80.49, 0, 0
2.00, 5.70, 20.00, 20.00, -1090.25, 20.00, 4.63, 4.44, -0.55, 0.00, 72.90, 0.00, -66.02, 69.72, 0, 0
2.00, 5.70, 20.00, 20.00, -888.65, 20.00, 4.63, 6.67, 1.74, 0.00, 110.93, 0.00, -53.51, 59.89, 0, 0
2.00, 5.70, 20.00, 20.00, -666.76, 20.00, 4.63, 8.89, 3.92, 0.00, 136.86, 0.00, -38.31, 51.71, 0, 0
2.00, 5.70, 20.00, 20.00, -478.77, 20.00, 4.63, 10.56, 5.63, 0.00, 163.31, 0.00, -19.81, 46.16, 0, 0
2.00, 5.70, 20.00, 20.00, -453.05, 20.00, 4.63, 11.67, 6.73, 0.00, 180.73, 0.00, 1.17, 44.30, 0, 0
2.00, 5.70, 20.02, 20.02, -391.15, 20.00, 4.63, 12.22, 7.21, 0.00, 172.95, 0.00, 21.99, 46.60, 0, 0
2.00, 5.70, 20.07, 20.07, -318.71, 20.00, 4.63, 12.22, 7.21, 0.00, 147.81, 0.00, 40.13, 52.50, 0, 0
2.00, 5.70, 20.10, 20.10, -341.20, 20.00, 4.63, 12.22, 7.21, 0.00, 106.53, 0.00, 55.00, 60.90, 0, 0
2.00, 5.70, 20.06, 20.06, -485.49, 20.00, 4.63, 11.67, 6.73, 0.00, 66.31, 0.00, 67.27, 70.86, 0, 0
2.00, 5.70, 20.00, 20.00, -590.60, 20.00, 4.63, 10.00, 5.02, 0.00, 27.03, 0.00, 77.91, 81.71, 0, 0
2.00, 5.70, 20.01, 20.01, -469.97, 20.00, 4.63, 9.44, 4.54, 0.00, 6.57, 0.00, 0.00, 90.00, 0, 0
2.00, 5.70, 20.00, 20.00, -520.59, 20.00, 4.63, 8.33, 3.44, 0.00, 0.00, 0.00, 0.00, 90.00, 0, 0
2.00, 5.70, 20.00, 20.00, -545.47, 20.00, 4.63, 7.78, 2.83, 0.00, 0.00, 0.00, 0.00, 90.00, 0, 0
2.00, 5.70, 20.00, 20.00, -570.83, 20.00, 4.63, 7.22, 2.35, 0.00, 0.00, 0.00, 0.00, 90.00, 0, 0
2.00, 5.70, 19.87, 19.87, -777.79, 20.00, 4.63, 6.67, 1.74, 0.00, 0.00, 0.00, 0.00, 90.00, 0, 0
2.00, 5.70, 19.66, 19.66, -1045.98, 20.00, 4.63, 5.56, 0.66, 0.00, 0.00, 0.00, 0.00, 90.00, 0, 0
2.00, 5.70, 19.49, 19.49, -1106.63, 20.00, 4.63, 5.56, 0.53, 0.00, 0.00, 0.00, 0.00, 90.00, 0, 0
2.00, 5.70, 19.34, 19.34, -1183.98, 20.00, 4.63, 5.00, 0.05, 0.00, 0.00, 0.00, 0.00, 90.00, 0, 0
2.00, 5.70, 19.19, 19.19, -1255.66, 20.00, 4.63, 4.44, -0.55, 0.00, 0.00, 0.00, 0.00, 90.00, 0, 0
2.00, 5.70, 19.05, 19.05, -1323.24, 20.00, 4.63, 3.89, -1.03, 0.00, 0.00, 0.00, 0.00, 90.00, 0, 0
2.00, 5.70, 18.92, 18.92, -1388.06, 20.00, 4.63, 3.33, -1.63, 0.00, 0.00, 0.00, 0.00, 90.00, 0, 0
2.00, 5.70, 18.80, 18.80, -1450.84, 20.00, 4.63, 2.78, -2.11, 0.00, 0.00, 0.00, 0.00, 90.00, 0, 0
2.00, 5.70, 20.00, 20.00, -1202.22, 20.00, 4.63, 3.33, -1.63, 0.00, 9.86, 0.00, 0.00, 90.00, 0, 0
2.00, 5.70, 20.00, 20.00, -1088.36, 20.00, 4.63, 5.00, 0.05, 0.00, 37.02, 0.00, -77.05, 80.17, 0, 0
2.00, 5.70, 20.00, 20.00, -938.57, 20.00, 4.63, 6.67, 1.74, 0.00, 81.51, 0.00, -66.27, 69.38, 0, 0
2.00, 5.70, 20.00, 20.00, -834.08, 20.00, 4.63, 7.78, 2.83, 0.00, 108.83, 0.00, -53.73, 59.53, 0, 0
2.00, 5.70, 20.00, 20.00, -726.18, 20.00, 4.63, 8.89, 3.92, 0.00, 133.70, 0.00, -38.48, 51.32, 0, 0
2.00, 5.70, 20.00, 20.00, -620.65, 20.00, 4.63, 10.00, 5.02, 0.00, 147.80, 0.00, -19.86, 45.76, 0, 0
2.00, 5.70, 20.00, 20.00, -487.76, 20.00, 4.63, 11.11, 6.25, 0.00, 165.01, 0.00, 1.28, 43.91, 0, 0
2.00, 5.70, 20.05, 20.05, -358.08, 20.00, 4.63, 12.22, 7.35, 0.00, 167.08, 0.00, 22.24, 46.24, 0, 0
2.00, 5.70, 20.10, 20.10, -316.34, 20.00, 4.63, 12.78, 7.83, 0.00, 150.30, 0.00, 40.46, 52.18, 0, 0
2.00, 5.70, 20.12, 20.12, -369.84, 20.00, 4.63, 12.78, 7.83, 0.00, 114.33, 0.00, 55.34, 60.63, 0, 0
2.00, 5.70, 20.06, 20.06, -530.27, 20.00, 4.63, 11.67, 6.73, 0.00, 65.93, 0.00, 67.62, 70.62, 0, 0
2.00, 5.70, 20.00, 20.00, -582.16, 20.00, 4.63, 10.56, 5.63, 0.00, 23.52, 0.00, 78.26, 81.49, 0, 0
2.00, 5.70, 20.02, 20.02, -449.73, 20.00, 4.63, 10.00, 5.02, 0.00, 1.64, 0.00, 0.00, 90.00, 0, 0
2.00, 5.70, 20.02, 20.02, -491.51, 20.00, 4.63, 8.89, 4.06, 0.00, 0.00, 0.00, 0.00, 90.00, 0, 0
2.00, 5.70, 20.01, 20.01, -514.16, 20.00, 4.63, 8.33, 3.44, 0.00, 0.00, 0.00, 0.00, 90.00, 0, 0
2.00, 5.70, 20.00, 20.00, -537.64, 20.00, 4.63, 7.78, 2.83, 0.00, 0.00, 0.00, 0.00, 90.00, 0, 0
2.00, 5.70, 19.89, 19.89, -739.05, 20.00, 4.63, 7.22, 2.22, 0.00, 0.00, 0.00, 0.00, 90.00, 0, 0
2.00, 5.70, 19.72, 19.72, -974.45, 20.00, 4.63, 6.67, 1.74, 0.00, 0.00, 0.00, 0.00, 90.00, 0, 0
2.00, 5.70, 19.54, 19.54, -1086.69, 20.00, 4.63, 5.56, 0.66, 0.00, 0.00, 0.00, 0.00, 90.00, 0, 0
2.00, 5.70, 19.39, 19.39, -1164.56, 20.00, 4.63, 5.00, 0.05, 0.00, 0.00, 0.00, 0.00, 90.00, 0, 0
2.00, 5.70, 19.24, 19.24, -1236.51, 20.00, 4.63, 4.44, -0.55, 0.00, 0.00, 0.00, 0.00, 90.00, 0, 0
2.00, 5.70, 19.09, 19.09, -1333.34, 20.00, 4.63, 3.33, -1.63, 0.00, 0.00, 0.00, 0.00, 90.00, 0, 0
2.00, 5.70, 18.95, 18.95, -1400.88, 20.00, 4.63, 2.78, -2.23, 0.00, 0.00, 0.00, 0.00, 90.00, 0, 0
2.00, 5.70, 18.82, 18.82, -1465.90, 20.00, 4.63, 2.22, -2.71, 0.00, 0.00, 0.00, 0.00, 90.00, 0, 0
2.00, 5.70, 20.00, 20.00, -1244.86, 20.00, 4.63, 2.22, -2.71, 0.00, 13.14, 0.00, 0.00, 90.00, 0, 0
2.00, 5.70, 20.00, 20.00, -1099.19, 20.00, 4.63, 4.44, -0.43, 0.00, 32.69, 0.00, -77.31, 79.85, 0, 0
2.00, 5.70, 20.00, 20.00, -887.64, 20.00, 4.63, 7.22, 2.35, 0.00, 65.80, 0.00, -66.51, 69.05, 0, 0
2.00, 5.70, 20.00, 20.00, -685.58, 20.00, 4.63, 9.44, 4.54, 0.00, 103.14, 0.00, -53.95, 59.17, 0, 0
2.00, 5.70, 20.00, 20.00, -500.45, 20.00, 4.63, 11.11, 6.25, 0.00, 146.88, 0.00, -38.64, 50.94, 0, 0
2.00, 5.70, 20.08, 20.08, -278.48, 20.00, 4.63, 12.78, 7.97, 0.00, 160.86, 0.00, -19.91, 45.35, 0, 0
2.00, 5.70, 20.18, 20.18, -193.27, 20.00, 4.63, 14.44, 9.56, 0.00, 156.63, 0.00, 1.39, 43.51, 0, 0
2.00, 5.70, 20.32, 20.32, -39.67, 20.00, 4.63, 15.56, 10.67, 0.00, 162.07, 0.00, 22.49, 45.88, 0, 0
2.00, 5.70, 20.44, 20.44, -0.26, 20.00, 4.63, 15.56, 10.67, 0.00, 147.89, 0.00, 40.78, 51.87, 0, 0
2.00, 5.70, 20.49, 20.49, -84.01, 20.00, 4.63, 15.00, 10.18, 0.00, 109.34, 0.00, 55.69, 60.36, 0, 0
2.00, 5.70, 20.45, 20.45, -263.45, 20.00, 4.63, 13.89, 9.07, 0.00, 68.08, 0.00, 67.97, 70.39, 0, 0
2.00, 5.70, 20.38, 20.38, -371.42, 20.00, 4.63, 12.22, 7.48, 0.00, 30.95, 0.00, 78.61, 81.27, 0, 0
2.00, 5.70, 20.38, 20.38, -280.44, 20.00, 4.63, 11.11, 6.38, 0.00, 8.22, 0.00, 0.00, 90.00, 0, 0
2.00, 5.70, 20.39, 20.39, -285.26, 20.00, 4.63, 11.11, 6.38, 0.00, 0.00, 0.00, 0.00, 90.00, 0, 0
2.00, 5.70, 20.38, 20.38, -312.53, 20.00, 4.63, 10.56, 5.89, 0.00, 0.00, 0.00, 0.00, 90.00, 0, 0
2.00, 5.70, 20.37, 20.37, -341.29, 20.00, 4.63, 10.00, 5.28, 0.00, 0.00, 0.00, 0.00, 90.00, 0, 0
2.00, 5.70, 20.27, 20.27, -535.05, 20.00, 4.63, 9.44, 4.79, 0.00, 0.00, 0.00, 0.00, 90.00, 0, 0
2.00, 5.70, 20.11, 20.11, -764.94, 20.00, 4.63, 8.89, 4.18, 0.00, 0.00, 0.00, 0.00, 90.00, 0, 0
2.00, 5.70, 19.97, 19.97, -816.07, 20.00, 4.63, 8.89, 4.18, 0.00, 0.00, 0.00, 0.00, 90.00, 0, 0
2.00, 5.70, 19.85, 19.85, -885.49, 20.00, 4.63, 8.33, 3.57, 0.00, 0.00, 0.00, 0.00, 90.00, 0, 0
2.00, 5.70, 19.74, 19.74, -922.17, 20.00, 4.63, 8.33, 3.57, 0.00, 0.00, 0.00, 0.00, 90.00, 0, 0
2.00, 5.70, 19.65, 19.65, -953.29, 20.00, 4.63, 8.33, 3.57, 0.00, 0.00, 0.00, 0.00, 90.00, 0, 0
2.00, 5.70, 19.56, 19.56, -1008.43, 20.00, 4.63, 7.78, 3.08, 0.00, 0.00, 0.00, 0.00, 90.00, 0, 0
2.00, 5.70, 19.48, 19.48, -1034.54, 20.00, 4.63, 7.78, 3.08, 0.00, 0.00, 0.00, 0.00, 90.00, 0, 0
2.00, 5.70, 20.00, 20.00, -884.86, 20.00, 4.63, 8.33, 3.69, 0.00, 13.14, 0.00, 0.00, 90.00, 0, 0
2.00, 5.70, 20.00, 20.00, -728.00, 20.00, 4.63, 10.56, 6.00, 0.00, 42.73, 0.00, -77.56, 79.53, 0, 0
2.00, 5.70, 20.00, 20.00, -629.62, 20.00, 4.63, 11.67, 7.11, 0.00, 73.12, 0.00, -66.76, 68.71, 0, 0
2.00, 5.70, 20.00, 20.00, -581.71, 20.00, 4.63, 12.22, 7.72, 0.00, 87.42, 0.00, -54.18, 58.81, 0, 0
2.00, 5.70, 20.02, 20.02, -500.33, 20.00, 4.63, 12.78, 8.21, 0.00, 115.99, 0.00, -38.80, 50.55, 0, 0
2.00, 5.70, 20.05, 20.05, -459.84, 20.00, 4.63, 13.33, 8.82, 0.00, 112.92, 0.00, -19.96, 44.95, 0, 0
2.00, 5.70, 20.07, 20.07, -472.10, 20.00, 4.63, 13.33, 8.82, 0.00, 96.73, 0.00, 1.51, 43.11, 0, 0
2.00, 5.70, 20.08, 20.08, -469.75, 20.00, 4.63, 13.33, 8.82, 0.00, 92.77, 0.00, 22.75, 45.51, 0, 0
2.00, 5.70, 20.09, 20.09, -478.72, 20.00, 4.63, 13.33, 8.71, 0.00, 65.72, 0.00, 41.12, 51.56, 0, 0
2.00, 5.70, 20.08, 20.08, -511.26, 20.00, 4.63, 12.78, 8.21, 0.00, 60.79, 0.00, 56.05, 60.10, 0, 0
2.00, 5.70, 20.07, 20.07, -545.10, 20.00, 4.63, 12.22, 7.72, 0.00, 55.79, 0.00, 68.32, 70.15, 0, 0
2.00, 5.70, 20.06, 20.06, -531.83, 20.00, 4.63, 11.67, 7.22, 0.00, 28.46, 0.00, 78.96, 81.06, 0, 0
2.00, 5.70, 20.12, 20.12, -384.08, 20.00, 4.63, 11.11, 6.72, 0.00, 6.57, 0.00, 0.00, 90.00, 0, 0
2.00, 5.70, 20.18, 20.18, -368.45, 20.00, 4.63, 11.11, 6.61, 0.00, 0.00, 0.00, 0.00, 90.00, 0, 0
2.00, 5.70, 20.21, 20.21, -381.13, 20.00, 4.63, 10.56, 6.11, 0.00, 0.00, 0.00, 0.00, 90.00, 0, 0
2.00, 5.70, 20.24, 20.24, -371.07, 20.00, 4.63, 10.56, 6.11, 0.00, 0.00, 0.00, 0.00, 90.00, 0, 0
2.00, 5.70, 20.17, 20.17, -555.27, 20.00, 4.63, 10.00, 5.61, 0.00, 0.00, 0.00, 0.00, 90.00, 0, 0
2.00, 5.70, 20.05, 20.05, -749.42, 20.00, 4.63, 10.00, 5.51, 0.00, 0.00, 0.00, 0.00, 90.00, 0, 0
2.00, 5.70, 19.93, 19.93, -819.80, 20.00, 4.63, 9.44, 5.01, 0.00, 0.00, 0.00, 0.00, 90.00, 0, 0
2.00, 5.70, 19.83, 19.83, -856.26, 20.00, 4.63, 9.44, 4.90, 0.00, 0.00, 0.00, 0.00, 90.00, 0, 0
2.00, 5.70, 19.75, 19.75, -886.40, 20.00, 4.63, 9.44, 4.90, 0.00, 0.00, 0.00, 0.00, 90.00, 0, 0
2.00, 5.70, 19.66, 19.66, -940.01, 20.00, 4.63, 8.89, 4.40, 0.00, 0.00, 0.00, 0.00, 90.00, 0, 0
2.00, 5.70, 19.59, 19.59, -964.51, 20.00, 4.63, 8.89, 4.40, 0.00, 0.00, 0.00, 0.00, 90.00, 0, 0
2.00, 5.70, 19.52, 19.52, -985.94, 20.00, 4.63, 8.89, 4.40, 0.00, 0.00, 0.00, 0.00, 90.00, 0, 0
2.00, 5.70, 20.00, 20.00, -777.21, 20.00, 4.63, 9.44, 5.01, 0.00, 8.22, 0.00, 0.00, 90.00, 0, 0
2.00, 5.70, 20.00, 20.00, -645.95, 20.00, 4.63, 11.11, 6.72, 0.00, 35.42, 0.00, -77.81, 79.21, 0, 0
2.00, 5.70, 20.04, 20.04, -450.14, 20.00, 4.63, 13.33, 8.93, 0.00, 80.41, 0.00, -67.00, 68.37, 0, 0
2.00, 5.70, 20.13, 20.13, -313.38, 20.00, 4.63, 15.00, 10.65, 0.00, 105.90, 0.00, -54.40, 58.45, 0, 0
2.00, 5.70, 20.21, 20.21, -292.58, 20.00, 4.63, 15.00, 10.65, 0.00, 106.91, 0.00, -38.97, 50.16, 0, 0
2.00, 5.70, 20.35, 20.35, -108.25, 20.00, 4.63, 16.11, 11.77, 0.00, 148.79, 0.00, -20.01, 44.54, 0, 0
2.00, 5.70, 20.51, 20.51, 26.73, 20.00, 4.63, 17.22, 12.77, 0.00, 176.82, 0.00, 1.63, 42.71, 0, 0
2.00, 5.70, 20.64, 20.64, 62.61, 20.00, 4.63, 17.78, 13.39, 0.00, 152.61, 0.00, 23.02, 45.15, 0, 0
2.00, 5.70, 20.74, 20.74, 80.98, 20.00, 4.63, 17.78, 13.39, 0.00, 132.33, 0.00, 41.46, 51.24, 0, 0
2.00, 5.70, 20.86, 20.86, 165.67, 20.00, 4.63, 18.33, 13.89, 0.00, 114.24, 0.00, 56.41, 59.83, 0, 0
2.00, 5.70, 20.90, 20.90, 48.28, 20.00, 4.63, 17.78, 13.28, 0.00, 68.14, 0.00, 68.68, 69.92, 0, 0
2.00, 5.70, 20.90, 20.90, -18.18, 20.00, 4.63, 16.67, 12.27, 0.00, 23.64, 0.00, 79.31, 80.85, 0, 0
2.00, 5.70, 20.97, 20.97, 104.31, 20.00, 4.63, 15.56, 11.16, 0.00, 3.29, 0.00, 0.00, 90.00, 0, 0
2.00, 5.70, 21.02, 21.02, 94.49, 20.00, 4.63, 15.00, 10.55, 0.00, 0.00, 0.00, 0.00, 90.00, 0, 0
2.00, 5.70, 21.06, 21.06, 81.13, 20.00, 4.63, 14.44, 10.04, 0.00, 0.00, 0.00, 0.00, 90.00, 0, 0
2.00, 5.70, 21.07, 21.07, 37.27, 20.00, 4.63, 13.33, 8.93, 0.00, 0.00, 0.00, 0.00, 90.00, 0, 0
2.00, 5.70, 20.98, 20.98, -200.96, 20.00, 4.63, 12.78, 8.32, 0.00, 0.00, 0.00, 0.00, 90.00, 0, 0
2.00, 5.70, 20.82, 20.82, -430.85, 20.00, 4.63, 12.22, 7.72, 0.00, 0.00, 0.00, 0.00, 90.00, 0, 0
2.00, 5.70, 20.67, 20.67, -536.75, 20.00, 4.63, 11.11, 6.61, 0.00, 0.00, 0.00, 0.00, 90.00, 0, 0
2.00, 5.70, 20.53, 20.53, -609.28, 20.00, 4.63, 10.56, 6.00, 0.00, 0.00, 0.00, 0.00, 90.00, 0, 0
2.00, 5.70, 20.41, 20.41, -675.93, 20.00, 4.63, 10.00, 5.51, 0.00, 0.00, 0.00, 0.00, 90.00, 0, 0
2.00, 5.70, 20.29, 20.29, -738.66, 20.00, 4.63, 9.44, 4.90, 0.00, 0.00, 0.00, 0.00, 90.00, 0, 0
2.00, 5.70, 20.17, 20.17, -826.73, 20.00, 4.63, 8.33, 3.80, 0.00, 0.00, 0.00, 0.00, 90.00, 0, 0
2.00, 5.70, 20.06, 20.06, -887.17, 20.00, 4.63, 7.78, 3.20, 0.00, 0.00, 0.00, 0.00, 90.00, 0, 0
2.00, 5.70, 20.02, 20.02, -795.65, 20.00, 4.63, 7.78, 3.20, 0.00, 6.57, 0.00, 0.00, 90.00, 0, 0
2.00, 5.70, 20.05, 20.05, -664.26, 20.00, 4.63, 9.44, 4.90, 0.00, 37.68, 0.00, -78.07, 78.88, 0, 0
2.00, 5.70, 20.15, 20.15, -461.40, 20.00, 4.63, 11.67, 7.11, 0.00, 79.72, 0.00, -67.25, 68.03, 0, 0
2.00, 5.70, 20.32, 20.32, -242.15, 20.00, 4.63, 13.89, 9.32, 0.00, 120.39, 0.00, -54.62, 58.09, 0, 0
2.00, 5.70, 20.52, 20.52, -50.57, 20.00, 4.63, 15.56, 11.05, 0.00, 157.31, 0.00, -39.14, 49.77, 0, 0
2.00, 5.70, 20.73, 20.73, 110.99, 20.00, 4.63, 16.67, 12.04, 0.00, 182.72, 0.00, -20.06, 44.13, 0, 0
2.00, 5.70, 20.90, 20.90, 161.15, 20.00, 4.63, 17.22, 12.66, 0.00, 178.56, 0.00, 1.75, 42.31, 0, 0
2.00, 5.70, 21.00, 21.00, 109.03, 20.00, 4.63, 17.22, 12.54, 0.00, 121.70, 0.00, 23.29, 44.79, 0, 0
2.00, 5.70, 21.05, 21.05, 62.26, 20.00, 4.63, 16.67, 12.04, 0.00, 102.86, 0.00, 41.80, 50.93, 0, 0
2.00, 5.70, 21.08, 21.08, 20.56, 20.00, 4.63, 16.11, 11.42, 0.00, 89.81, 0.00, 56.77, 59.57, 0, 0
2.00, 5.70, 21.09, 21.09, -29.51, 20.00, 4.63, 15.56, 10.93, 0.00, 64.80, 0.00, 69.04, 69.69, 0, 0
2.00, 5.70, 21.09, 21.09, -55.00, 20.00, 4.63, 14.44, 9.82, 0.00, 34.04, 0.00, 79.66, 80.63, 0, 0
2.00, 5.70, 21.15, 21.15, 81.48, 20.00, 4.63, 13.89, 9.20, 0.00, 9.86, 0.00, 0.00, 90.00, 0, 0
2.00, 5.70, 21.19, 21.19, 35.07, 20.00, 4.63, 12.78, 8.10, 0.00, 0.00, 0.00, 0.00, 90.00, 0, 0
2.00, 5.70, 21.19, 21.19, -11.23, 20.00, 4.63, 11.67, 6.99, 0.00, 0.00, 0.00, 0.00, 90.00, 0, 0
2.00, 5.70, 21.19, 21.19, -35.19, 20.00, 4.63, 11.11, 6.38, 0.00, 0.00, 0.00, 0.00, 90.00, 0, 0
2.00, 5.70, 21.08, 21.08, -305.66, 20.00, 4.63, 10.00, 5.28, 0.00, 0.00, 0.00, 0.00, 90.00, 0, 0
2.00, 5.70, 20.89, 20.89, -542.42, 20.00, 4.63, 9.44, 4.67, 0.00, 0.00, 0.00, 0.00, 90.00, 0, 0
2.00, 5.70, 20.72, 20.72, -655.15, 20.00, 4.63, 8.33, 3.57, 0.00, 0.00, 0.00, 0.00, 90.00, 0, 0
2.00, 5.70, 20.55, 20.55, -762.04, 20.00, 4.63, 7.22, 2.48, 0.00, 0.00, 0.00, 0.00, 90.00, 0, 0
2.00, 5.70, 20.40, 20.40, -837.01, 20.00, 4.63, 6.67, 1.87, 0.00, 0.00, 0.00, 0.00, 90.00, 0, 0
2.00, 5.70, 20.25, 20.25, -935.85, 20.00, 4.63, 5.56, 0.78, 0.00, 0.00, 0.00, 0.00, 90.00, 0, 0
2.00, 5.70, 20.10, 20.10, -1034.07, 20.00, 4.63, 4.44, -0.31, 0.00, 0.00, 0.00, 0.00, 90.00, 0, 0
2.00, 5.70, 19.94, 19.94, -1132.25, 20.00, 4.63, 3.33, -1.51, 0.00, 0.00, 0.00, 0.00, 90.00, 0, 0
2.00, 5.70, 20.00, 20.00, -1060.75, 20.00, 4.63, 3.89, -0.91, 0.00, 14.79, 0.00, -90.00, 89.84, 0, 0
2.00, 5.70, 20.00, 20.00, -907.54, 20.00, 4.63, 6.11, 1.26, 0.00, 41.01, 0.00, -78.32, 78.56, 0, 0
2.00, 5.70, 20.07, 20.07, -647.18, 20.00, 4.63, 9.44, 4.67, 0.00, 79.56, 0.00, -67.49, 67.69, 0, 0
2.00, 5.70, 20.23, 20.23, -390.95, 20.00, 4.63, 12.22, 7.35, 0.00, 98.92, 0.00, -54.85, 57.73, 0, 0
2.00, 5.70, 20.47, 20.47, -93.84, 20.00, 4.63, 15.00, 10.18, 0.00, 113.49, 0.00, -39.30, 49.39, 0, 0
2.00, 5.70, 20.77, 20.77, 200.81, 20.00, 4.63, 17.22, 12.26, 0.00, 127.64, 0.00, -20.11, 43.72, 0, 0
2.00, 5.70, 21.00, 21.00, 263.57, 20.00, 4.63, 18.89, 13.86, 0.00, 130.76, 0.00, 1.87, 41.91, 0, 0
2.00, 5.70, 21.26, 21.26, 459.81, 20.00, 4.63, 19.44, 14.49, 0.00, 135.12, 0.00, 23.56, 44.43, 0, 0
2.00, 5.70, 21.50, 21.50, 590.71, 20.00, 4.63, 20.00, 14.98, 0.00, 129.06, 0.00, 42.14, 50.62, 0, 0
2.00, 5.70, 21.63, 21.63, 478.74, 20.00, 4.63, 19.44, 14.49, 0.00, 109.77, 0.00, 57.13, 59.30, 0, 0
2.00, 5.70, 21.64, 21.64, 295.70, 20.00, 4.63, 18.33, 13.38, 0.00, 78.27, 0.00, 69.40, 69.46, 0, 0
2.00, 5.70, 21.61, 21.61, 171.04, 20.00, 4.63, 16.67, 11.63, 0.00, 33.00, 0.00, 80.02, 80.42, 0, 0
2.00, 5.70, 21.63, 21.63, 222.81, 20.00, 4.63, 15.00, 10.04, 0.00, 4.93, 0.00, 0.00, 90.00, 0, 0
2.00, 5.70, 21.61, 21.61, 135.43, 20.00, 4.63, 13.33, 8.45, 0.00, 0.00, 0.00, 0.00, 90.00, 0, 0
2.00, 5.70, 21.57, 21.57, 72.39, 20.00, 4.63, 12.22, 7.21, 0.00, 0.00, 0.00, 0.00, 90.00, 0, 0
2.00, 5.70, 21.53, 21.53, 7.59, 20.00, 4.63, 11.11, 6.11, 0.00, 0.00, 0.00, 0.00, 90.00, 0, 0
2.00, 5.70, 21.40, 21.40, -222.83, 20.00, 4.63, 10.00, 5.02, 0.00, 0.00, 0.00, 0.00, 90.00, 0, 0
2.00, 5.70, 21.20, 21.20, -490.18, 20.00, 4.63, 8.89, 3.79, 0.00, 0.00, 0.00, 0.00, 90.00, 0, 0
2.00, 5.70, 21.01, 21.01, -607.78, 20.00, 4.63, 7.78, 2.70, 0.00, 0.00, 0.00, 0.00, 90.00, 0, 0
2.00, 5.70, 20.81, 20.81, -747.32, 20.00, 4.63, 6.11, 1.13, 0.00, 0.00, 0.00, 0.00, 90.00, 0, 0
2.00, 5.70, 20.63, 20.63, -857.06, 20.00, 4.63, 5.00, -0.08, 0.00, 0.00, 0.00, 0.00, 90.00, 0, 0
2.00, 5.70, 20.45, 20.45, -963.85, 20.00, 4.63, 3.89, -1.15, 0.00, 0.00, 0.00, 0.00, 90.00, 0, 0
2.00, 5.70, 20.27, 20.27, -1069.06, 20.00, 4.63, 2.78, -2.36, 0.00, 0.00, 0.00, 0.00, 90.00, 0, 0
2.00, 5.70, 20.08, 20.08, -1202.69, 20.00, 4.63, 1.11, -3.91, 0.00, 0.00, 0.00, 0.00, 90.00, 0, 0
2.00, 5.70, 20.00, 20.00, -1162.74, 20.00, 4.63, 1.67, -3.43, 0.00, 11.50, 0.00, -90.00, 89.52, 0, 0
2.00, 5.70, 20.00, 20.00, -1088.66, 20.00, 4.63, 2.78, -2.36, 0.00, 35.82, 0.00, -78.58, 78.23, 0, 0
2.00, 5.70, 20.00, 20.00, -898.75, 20.00, 4.63, 5.00, -0.08, 0.00, 84.80, 0.00, -67.74, 67.35, 0, 0
2.00, 5.70, 20.10, 20.10, -679.80, 20.00, 4.63, 7.22, 2.22, 0.00, 119.12, 0.00, -55.08, 57.36, 0, 0
2.00, 5.70, 20.28, 20.28, -406.19, 20.00, 4.63, 10.00, 4.88, 0.00, 138.55, 0.00, -39.47, 49.00, 0, 0
2.00, 5.70, 20.51, 20.51, -139.84, 20.00, 4.63, 12.22, 7.07, 0.00, 152.37, 0.00, -20.15, 43.31, 0, 0
2.00, 5.70, 20.72, 20.72, -45.27, 20.00, 4.63, 13.89, 8.79, 0.00, 160.50, 0.00, 2.00, 41.50, 0, 0
2.00, 5.70, 20.92, 20.92, 81.46, 20.00, 4.63, 14.44, 9.26, 0.00, 169.21, 0.00, 23.84, 44.07, 0, 0
2.00, 5.70, 21.08, 21.08, 133.96, 20.00, 4.63, 15.00, 9.74, 0.00, 153.66, 0.00, 42.50, 50.32, 0, 0
2.00, 5.70, 21.16, 21.16, 56.34, 20.00, 4.63, 14.44, 9.26, 0.00, 116.77, 0.00, 57.50, 59.04, 0, 0
2.00, 5.70, 21.15, 21.15, -114.69, 20.00, 4.63, 13.33, 8.16, 0.00, 75.07, 0.00, 69.76, 69.23, 0, 0
2.00, 5.70, 21.10, 21.10, -214.57, 20.00, 4.63, 11.67, 6.59, 0.00, 37.73, 0.00, 80.38, 80.21, 0, 0
2.00, 5.70, 21.12, 21.12, -124.15, 20.00, 4.63, 10.56, 5.49, 0.00, 13.14, 0.00, 0.00, 90.00, 0, 0
2.00, 5.70, 21.10, 21.10, -192.15, 20.00, 4.63, 9.44, 4.40, 0.00, 0.00, 0.00, 0.00, 90.00, 0, 0
2.00, 5.70, 21.08, 21.08, -226.71, 20.00, 4.63, 8.89, 3.79, 0.00, 0.00, 0.00, 0.00, 90.00, 0, 0
2.00, 5.70, 21.04, 21.04, -290.13, 20.00, 4.63, 7.78, 2.70, 0.00, 0.00, 0.00, 0.00, 90.00, 0, 0
2.00, 5.70, 20.91, 20.91, -520.65, 20.00, 4.63, 6.67, 1.61, 0.00, 0.00, 0.00, 0.00, 90.00, 0, 0
2.00, 5.70, 20.71, 20.71, -760.43, 20.00, 4.63, 6.11, 1.01, 0.00, 0.00, 0.00, 0.00, 90.00, 0, 0
2.00, 5.70, 20.53, 20.53, -877.27, 20.00, 4.63, 5.00, -0.08, 0.00, 0.00, 0.00, 0.00, 90.00, 0, 0
2.00, 5.70, 20.36, 20.36, -959.75, 20.00, 4.63, 4.44, -0.68, 0.00, 0.00, 0.00, 0.00, 90.00, 0, 0
2.00, 5.70, 20.20, 20.20, -1036.32, 20.00, 4.63, 3.89, -1.29, 0.00, 0.00, 0.00, 0.00, 90.00, 0, 0
2.00, 5.70, 20.04, 20.04, -1137.80, 20.00, 4.63, 2.78, -2.36, 0.00, 0.00, 0.00, 0.00, 90.00, 0, 0
2.00, 5.70, 19.89, 19.89, -1209.72, 20.00, 4.63, 2.22, -2.83, 0.00, 0.00, 0.00, 0.00, 90.00, 0, 0
2.00, 5.70, 19.74, 19.74, -1308.50, 20.00, 4.63, 1.11, -3.91, 0.00, 0.00, 0.00, 0.00, 90.00, 0, 0
2.00, 5.70, 20.00, 20.00, -1179.02, 20.00, 4.63, 2.22, -2.83, 0.00, 14.79, 0.00, -90.00, 89.20, 0, 0
2.00, 5.70, 20.00, 20.00, -1057.47, 20.00, 4.63, 3.89, -1.15, 0.00, 42.76, 0.00, -78.83, 77.90, 0, 0
2.00, 5.70, 20.00, 20.00, -874.91, 20.00, 4.63, 6.11, 1.13, 0.00, 84.64, 0.00, -67.99, 67.01, 0, 0
2.00, 5.70, 20.06, 20.06, -672.62, 20.00, 4.63, 8.33, 3.31, 0.00, 128.47, 0.00, -55.30, 57.00, 0, 0
2.00, 5.70, 20.22, 20.22, -413.69, 20.00, 4.63, 10.56, 5.63, 0.00, 148.00, 0.00, -39.64, 48.60, 0, 0
2.00, 5.70, 20.45, 20.45, -154.05, 20.00, 4.63, 12.78, 7.83, 0.00, 164.67, 0.00, -20.20, 42.90, 0, 0
2.00, 5.70, 20.63, 20.63, -76.11, 20.00, 4.63, 14.44, 9.42, 0.00, 174.82, 0.00, 2.14, 41.10, 0, 0
2.00, 5.70, 20.81, 20.81, 32.79, 20.00, 4.63, 15.00, 9.89, 0.00, 174.64, 0.00, 24.12, 43.71, 0, 0
2.00, 5.70, 20.97, 20.97, 106.69, 20.00, 4.63, 15.00, 9.89, 0.00, 152.38, 0.00, 42.85, 50.01, 0, 0
2.00, 5.70, 21.08, 21.08, 90.41, 20.00, 4.63, 15.00, 9.89, 0.00, 109.70, 0.00, 57.87, 58.78, 0, 0
2.00, 5.70, 21.08, 21.08, -89.91, 20.00, 4.63, 13.89, 8.94, 0.00, 68.87, 0.00, 70.13, 69.00, 0, 0
2.00, 5.70, 21.05, 21.05, -182.65, 20.00, 4.63, 12.78, 7.68, 0.00, 32.45, 0.00, 80.73, 80.00, 0, 0
2.00, 5.70, 21.06, 21.06, -122.74, 20.00, 4.63, 11.11, 6.11, 0.00, 9.86, 0.00, 0.00, 90.00, 0, 0
2.00, 5.70, 21.05, 21.05, -159.41, 20.00, 4.63, 10.56, 5.63, 0.00, 0.00, 0.00, 0.00, 90.00, 0, 0
2.00, 5.70, 21.03, 21.03, -219.09, 20.00, 4.63, 9.44, 4.54, 0.00, 0.00, 0.00, 0.00, 90.00, 0, 0
2.00, 5.70, 21.00, 21.00, -254.13, 20.00, 4.63, 8.89, 3.92, 0.00, 0.00, 0.00, 0.00, 90.00, 0, 0
2.00, 5.70, 20.88, 20.88, -481.46, 20.00, 4.63, 7.78, 2.83, 0.00, 0.00, 0.00, 0.00, 90.00, 0, 0
2.00, 5.70, 20.69, 20.69, -718.48, 20.00, 4.63, 7.22, 2.22, 0.00, 0.00, 0.00, 0.00, 90.00, 0, 0
2.00, 5.70, 20.51, 20.51, -832.53, 20.00, 4.63, 6.11, 1.13, 0.00, 0.00, 0.00, 0.00, 90.00, 0, 0
2.00, 5.70, 20.35, 20.35, -912.49, 20.00, 4.63, 5.56, 0.53, 0.00, 0.00, 0.00, 0.00, 90.00, 0, 0
2.00, 5.70, 20.20, 20.20, -986.62, 20.00, 4.63, 5.00, -0.08, 0.00, 0.00, 0.00, 0.00, 90.00, 0, 0
2.00, 5.70, 20.06, 20.06, -1056.63, 20.00, 4.63, 4.44, -0.55, 0.00, 0.00, 0.00, 0.00, 90.00, 0, 0
2.00, 5.70, 19.93, 19.93, -1123.87, 20.00, 4.63, 3.89, -1.15, 0.00, 0.00, 0.00, 0.00, 90.00, 0, 0
2.00, 5.70, 19.79, 19.79, -1218.07, 20.00, 4.63, 2.78, -2.11, 0.00, 0.00, 0.00, 0.00, 90.00, 0, 0
2.00, 5.70, 20.00, 20.00, -1097.81, 20.00, 4.63, 3.89, -1.03, 0.00, 13.14, 0.00, -90.00, 88.88, 0, 0
2.00, 5.70, 20.00, 20.00, -935.20, 20.00, 4.63, 6.11, 1.13, 0.00, 44.90, 0.00, -79.08, 77.58, 0, 0
2.00, 5.70, 20.05, 20.05, -688.57, 20.00, 4.63, 9.44, 4.54, 0.00, 75.77, 0.00, -68.24, 66.67, 0, 0
2.00, 5.70, 20.18, 20.18, -470.34, 20.00, 4.63, 11.67, 6.73, 0.00, 107.85, 0.00, -55.53, 56.64, 0, 0
2.00, 5.70, 20.40, 20.40, -185.64, 20.00, 4.63, 14.44, 9.42, 0.00, 136.05, 0.00, -39.81, 48.21, 0, 0
2.00, 5.70, 20.66, 20.66, 70.04, 20.00, 4.63, 16.11, 11.15, 0.00, 149.03, 0.00, -20.25, 42.49, 0, 0
2.00, 5.70, 20.88, 20.88, 160.11, 20.00, 4.63, 17.78, 12.74, 0.00, 157.42, 0.00, 2.27, 40.70, 0, 0
2.00, 5.70, 21.12, 21.12, 355.56, 20.00, 4.63, 18.89, 13.86, 0.00, 156.11, 0.00, 24.41, 43.35, 0, 0
2.00, 5.70, 21.39, 21.39, 558.72, 20.00, 4.63, 19.44, 14.34, 0.00, 143.89, 0.00, 43.21, 49.70, 0, 0
2.00, 5.70, 21.58, 21.58, 536.77, 20.00, 4.63, 19.44, 14.34, 0.00, 110.64, 0.00, 58.24, 58.52, 0, 0
2.00, 5.70, 21.62, 21.62, 338.01, 20.00, 4.63, 18.89, 13.86, 0.00, 72.27, 0.00, 70.50, 68.77, 0, 0
2.00, 5.70, 21.61, 21.61, 206.34, 20.00, 4.63, 17.22, 12.11, 0.00, 35.20, 0.00, 81.09, 79.79, 0, 0
2.00, 5.70, 21.64, 21.64, 263.22, 20.00, 4.63, 15.56, 10.52, 0.00, 16.43, 0.00, 0.00, 90.00, 0, 0
2.00, 5.70, 21.64, 21.64, 188.59, 20.00, 4.63, 14.44, 9.42, 0.00, 0.00, 0.00, 0.00, 90.00, 0, 0
2.00, 5.70, 21.60, 21.60, 100.18, 20.00, 4.63, 12.78, 7.83, 0.00, 0.00, 0.00, 0.00, 90.00, 0, 0
2.00, 5.70, 21.56, 21.56, 34.91, 20.00, 4.63, 11.67, 6.59, 0.00, 0.00, 0.00, 0.00, 90.00, 0, 0
2.00, 5.70, 21.43, 21.43, -195.36, 20.00, 4.63, 10.56, 5.49, 0.00, 0.00, 0.00, 0.00, 90.00, 0, 0
2.00, 5.70, 21.22, 21.22, -490.20, 20.00, 4.63, 8.89, 3.79, 0.00, 0.00, 0.00, 0.00, 90.00, 0, 0
2.00, 5.70, 21.02, 21.02, -609.57, 20.00, 4.63, 7.78, 2.70, 0.00, 0.00, 0.00, 0.00, 90.00, 0, 0
2.00, 5.70, 20.84, 20.84, -721.90, 20.00, 4.63, 6.67, 1.48, 0.00, 0.00, 0.00, 0.00, 90.00, 0, 0
2.00, 5.70, 20.64, 20.64, -858.46, 20.00, 4.63, 5.00, -0.08, 0.00, 0.00, 0.00, 0.00, 90.00, 0, 0
2.00, 5.70, 20.46, 20.46, -966.33, 20.00, 4.63, 3.89, -1.29, 0.00, 0.00, 0.00, 0.00, 90.00, 0, 0
2.00, 5.70, 20.28, 20.28, -1072.08, 20.00, 4.63, 2.78, -2.36, 0.00, 0.00, 0.00, 0.00, 90.00, 0, 0
2.00, 5.70, 20.08, 20.08, -1206.19, 20.00, 4.63, 1.11, -4.04, 0.00, 0.00, 0.00, 0.00, 90.00, 0, 0
2.00, 5.70, 20.00, 20.00, -1156.12, 20.00, 4.63, 1.67, -3.43, 0.00, 19.72, 0.00, -90.00, 88.55, 0, 0
2.00, 5.70, 20.00, 20.00, -1012.06, 20.00, 4.63, 3.89, -1.15, 0.00, 44.02, 0.00, -79.34, 77.25, 0, 0
2.00, 5.70, 20.06, 20.06, -784.94, 20.00, 4.63, 6.67, 1.61, 0.00, 82.91, 0.00, -68.49, 66.33, 0, 0
2.00, 5.70, 20.21, 20.21, -499.24, 20.00, 4.63, 10.00, 4.88, 0.00, 106.58, 0.00, -55.76, 56.27, 0, 0
2.00, 5.70, 20.46, 20.46, -193.12, 20.00, 4.63, 12.78, 7.68, 0.00, 126.70, 0.00, -39.99, 47.82, 0, 0
2.00, 5.70, 20.75, 20.75, 107.53, 20.00, 4.63, 15.00, 9.89, 0.00, 136.35, 0.00, -20.29, 42.08, 0, 0
2.00, 5.70, 20.99, 20.99, 190.53, 20.00, 4.63, 16.67, 11.47, 0.00, 138.20, 0.00, 2.41, 40.30, 0, 0
2.00, 5.70, 21.27, 21.27, 419.04, 20.00, 4.63, 17.78, 12.58, 0.00, 131.73, 0.00, 24.71, 42.99, 0, 0
2.00, 5.70, 21.54, 21.54, 583.46, 20.00, 4.63, 18.33, 13.22, 0.00, 119.34, 0.00, 43.58, 49.40, 0, 0
2.00, 5.70, 21.71, 21.71, 524.50, 20.00, 4.63, 18.33, 13.22, 0.00, 98.59, 0.00, 58.62, 58.26, 0, 0
2.00, 5.70, 21.73, 21.73, 301.32, 20.00, 4.63, 17.22, 12.11, 0.00, 72.95, 0.00, 70.87, 68.55, 0, 0
2.00, 5.70, 21.69, 21.69, 135.40, 20.00, 4.63, 15.00, 9.89, 0.00, 36.31, 0.00, 81.45, 79.58, 0, 0
2.00, 5.70, 21.69, 21.69, 180.43, 20.00, 4.63, 13.33, 8.31, 0.00, 13.14, 0.00, 0.00, 90.00, 0, 0
2.00, 5.70, 21.66, 21.66, 103.65, 20.00, 4.63, 12.22, 7.21, 0.00, 0.00, 0.00, 0.00, 90.00, 0, 0
2.00, 5.70, 21.63, 21.63, 36.35, 20.00, 4.63, 11.11, 6.11, 0.00, 0.00, 0.00, 0.00, 90.00, 0, 0
2.00, 5.70, 21.58, 21.58, -32.25, 20.00, 4.63, 10.00, 5.02, 0.00, 0.00, 0.00, 0.00, 90.00, 0, 0
2.00, 5.70, 21.45, 21.45, -238.05, 20.00, 4.63, 9.44, 4.40, 0.00, 0.00, 0.00, 0.00, 90.00, 0, 0
2.00, 5.70, 21.24, 21.24, -534.03, 20.00, 4.63, 7.78, 2.83, 0.00, 0.00, 0.00, 0.00, 90.00, 0, 0
2.00, 5.70, 21.05, 21.05, -626.51, 20.00, 4.63, 7.22, 2.22, 0.00, 0.00, 0.00, 0.00, 90.00, 0, 0
2.00, 5.70, 20.88, 20.88, -738.01, 20.00, 4.63, 6.11, 1.01, 0.00, 0.00, 0.00, 0.00, 90.00, 0, 0
2.00, 5.70, 20.72, 20.72, -817.07, 20.00, 4.63, 5.56, 0.40, 0.00, 0.00, 0.00, 0.00, 90.00, 0, 0
2.00, 5.70, 20.55, 20.55, -919.84, 20.00, 4.63, 4.44, -0.55, 0.00, 0.00, 0.00, 0.00, 90.00, 0, 0
2.00, 5.70, 20.40, 20.40, -992.90, 20.00, 4.63, 3.89, -1.15, 0.00, 0.00, 0.00, 0.00, 90.00, 0, 0
2.00, 5.70, 20.25, 20.25, -1092.03, 20.00, 4.63, 2.78, -2.23, 0.00, 0.00, 0.00, 0.00, 90.00, 0, 0
2.00, 5.70, 20.17, 20.17, -997.39, 20.00, 4.63, 3.33, -1.63, 0.00, 13.14, 0.00, -90.00, 88.23, 0, 0
2.00, 5.70, 20.17, 20.17, -875.84, 20.00, 4.63, 5.00, 0.05, 0.00, 44.14, 0.00, -79.59, 76.92, 0, 0
2.00, 5.70, 20.23, 20.23, -712.07, 20.00, 4.63, 6.67, 1.74, 0.00, 90.10, 0.00, -68.74, 65.99, 0, 0
2.00, 5.70, 20.39, 20.39, -444.63, 20.00, 4.63, 9.44, 4.54, 0.00, 127.72, 0.00, -55.99, 55.91, 0, 0
2.00, 5.70, 20.62, 20.62, -148.32, 20.00, 4.63, 12.22, 7.21, 0.00, 155.49, 0.00, -40.16, 47.43, 0, 0
2.00, 5.70, 20.92, 20.92, 165.48, 20.00, 4.63, 14.44, 9.56, 0.00, 168.84, 0.00, -20.34, 41.67, 0, 0
2.00, 5.70, 21.17, 21.17, 261.35, 20.00, 4.63, 16.11, 11.15, 0.00, 173.41, 0.00, 2.55, 39.90, 0, 0
2.00, 5.70, 21.41, 21.41, 394.38, 20.00, 4.63, 17.22, 12.26, 0.00, 174.97, 0.00, 25.01, 42.63, 0, 0
2.00, 5.70, 21.61, 21.61, 468.91, 20.00, 4.63, 17.22, 12.26, 0.00, 144.99, 0.00, 43.94, 49.10, 0, 0
2.00, 5.70, 21.75, 21.75, 442.42, 20.00, 4.63, 17.22, 12.26, 0.00, 105.69, 0.00, 59.00, 58.01, 0, 0
2.00, 5.70, 21.77, 21.77, 254.78, 20.00, 4.63, 16.11, 11.29, 0.00, 71.97, 0.00, 71.24, 68.32, 0, 0
2.00, 5.70, 21.74, 21.74, 142.95, 20.00, 4.63, 14.44, 9.56, 0.00, 34.91, 0.00, 81.81, 79.37, 0, 0
2.00, 5.70, 21.78, 21.78, 231.19, 20.00, 4.63, 13.33, 8.59, 0.00, 11.50, 0.00, 0.00, 90.00, 0, 0
2.00, 5.70, 21.79, 21.79, 194.66, 20.00, 4.63, 12.78, 7.97, 0.00, 0.00, 0.00, 0.00, 90.00, 0, 0
2.00, 5.70, 21.80, 21.80, 166.10, 20.00, 4.63, 12.22, 7.48, 0.00, 0.00, 0.00, 0.00, 90.00, 0, 0
2.00, 5.70, 21.78, 21.78, 109.04, 20.00, 4.63, 11.11, 6.38, 0.00, 0.00, 0.00, 0.00, 90.00, 0, 0
2.00, 5.70, 21.67, 21.67, -140.36, 20.00, 4.63, 10.56, 5.77, 0.00, 0.00, 0.00, 0.00, 90.00, 0, 0
2.00, 5.70, 21.48, 21.48, -380.02, 20.00, 4.63, 10.00, 5.28, 0.00, 0.00, 0.00, 0.00, 90.00, 0, 0
2.00, 5.70, 21.32, 21.32, -467.11, 20.00, 4.63, 9.44, 4.67, 0.00, 0.00, 0.00, 0.00, 90.00, 0, 0
2.00, 5.70, 21.18, 21.18, -545.31, 20.00, 4.63, 8.89, 4.06, 0.00, 0.00, 0.00, 0.00, 90.00, 0, 0
2.00, 5.70, 21.04, 21.04, -617.47, 20.00, 4.63, 8.33, 3.57, 0.00, 0.00, 0.00, 0.00, 90.00, 0, 0
2.00, 5.70, 20.92, 20.92, -685.50, 20.00, 4.63, 7.78, 2.96, 0.00, 0.00, 0.00, 0.00, 90.00, 0, 0
2.00, 5.70, 20.80, 20.80, -750.47, 20.00, 4.63, 7.22, 2.48, 0.00, 0.00, 0.00, 0.00, 90.00, 0, 0
2.00, 5.70, 20.68, 20.68, -813.30, 20.00, 4.63, 6.67, 1.99, 0.00, 0.00, 0.00, 0.00, 90.00, 0, 0
2.00, 5.70, 20.64, 20.64, -726.79, 20.00, 4.63, 7.22, 2.59, 0.00, 8.22, 90.00, -90.00, 87.91, 0, 0
2.00, 5.70, 20.61, 20.61, -692.57, 20.00, 4.63, 7.78, 3.20, 0.00, 19.72, 0.00, -79.85, 76.59, 0, 0
2.00, 5.70, 20.62, 20.62, -632.71, 20.00, 4.63, 8.33, 3.69, 0.00, 44.36, 0.00, -68.99, 65.65, 0, 0
2.00, 5.70, 20.63, 20.63, -599.09, 20.00, 4.63, 8.89, 4.30, 0.00, 46.00, 0.00, -56.23, 55.55, 0, 0
2.00, 5.70, 20.67, 20.67, -526.20, 20.00, 4.63, 9.44, 4.79, 0.00, 72.21, 0.00, -40.34, 47.04, 0, 0
2.00, 5.70, 20.72, 20.72, -460.38, 20.00, 4.63, 10.00, 5.40, 0.00, 88.46, 0.00, -20.38, 41.26, 0, 0
2.00, 5.70, 20.80, 20.80, -347.28, 20.00, 4.63, 11.11, 6.38, 0.00, 114.39, 0.00, 2.70, 39.50, 0, 0
2.00, 5.70, 20.93, 20.93, -185.37, 20.00, 4.63, 12.22, 7.48, 0.00, 152.40, 0.00, 25.31, 42.28, 0, 0
2.00, 5.70, 21.05, 21.05, -104.81, 20.00, 4.63, 12.78, 8.10, 0.00, 149.94, 0.00, 44.31, 48.80, 0, 0
2.00, 5.70, 21.14, 21.14, -99.69, 20.00, 4.63, 13.33, 8.59, 0.00, 117.09, 0.00, 59.38, 57.75, 0, 0
2.00, 5.70, 21.15, 21.15, -220.22, 20.00, 4.63, 12.78, 8.10, 0.00, 56.53, 0.00, 71.61, 68.10, 0, 0
2.00, 5.70, 21.14, 21.14, -242.31, 20.00, 4.63, 12.22, 7.60, 0.00, 13.14, 0.00, 82.18, 79.17, 0, 0
2.00, 5.70, 21.22, 21.22, -81.24, 20.00, 4.63, 11.67, 6.99, 0.00, 1.64, 0.00, 0.00, 90.00, 0, 0
2.00, 5.70, 21.27, 21.27, -85.05, 20.00, 4.63, 11.11, 6.50, 0.00, 0.00, 0.00, 0.00, 90.00, 0, 0
2.00, 5.70, 21.31, 21.31, -98.39, 20.00, 4.63, 10.56, 5.89, 0.00, 0.00, 0.00, 0.00, 90.00, 0, 0
2.00, 5.70, 21.32, 21.32, -116.28, 20.00, 4.63, 10.00, 5.40, 0.00, 0.00, 0.00, 0.00, 90.00, 0, 0
2.00, 5.70, 21.23, 21.23, -354.57, 20.00, 4.63, 9.44, 4.79, 0.00, 0.00, 0.00, 0.00, 90.00, 0, 0
2.00, 5.70, 21.07, 21.07, -585.64, 20.00, 4.63, 8.89, 4.30, 0.00, 0.00, 0.00, 0.00, 90.00, 0, 0
2.00, 5.70, 20.92, 20.92, -665.94, 20.00, 4.63, 8.33, 3.69, 0.00, 0.00, 0.00, 0.00, 90.00, 0, 0
2.00, 5.70, 20.78, 20.78, -738.74, 20.00, 4.63, 7.78, 3.08, 0.00, 0.00, 0.00, 0.00, 90.00, 0, 0
2.00, 5.70, 20.66, 20.66, -806.62, 20.00, 4.63, 7.22, 2.48, 0.00, 0.00, 0.00, 0.00, 90.00, 0, 0
2.00, 5.70, 20.54, 20.54, -871.02, 20.00, 4.63, 6.67, 1.99, 0.00, 0.00, 0.00, 0.00, 90.00, 0, 0
2.00, 5.70, 20.42, 20.42, -933.14, 20.00, 4.63, 6.11, 1.39, 0.00, 0.00, 0.00, 0.00, 90.00, 0, 0
2.00, 5.70, 20.30, 20.30, -993.56, 20.00, 4.63, 5.56, 0.90, 0.00, 0.00, 0.00, 0.00, 90.00, 0, 0
2.00, 5.70, 20.25, 20.25, -920.04, 20.00, 4.63, 6.67, 1.99, 0.00, 23.00, 0.00, -90.00, 87.59, 0, 0
2.00, 5.70, 20.25, 20.25, -831.28, 20.00, 4.63, 7.78, 3.20, 0.00, 48.64, 0.00, -80.10, 76.27, 0, 0
2.00, 5.70, 20.29, 20.29, -713.86, 20.00, 4.63, 8.89, 4.30, 0.00, 88.65, 0.00, -69.24, 65.31, 0, 0
2.00, 5.70, 20.36, 20.36, -601.75, 20.00, 4.63, 10.00, 5.40, 0.00, 116.40, 0.00, -56.46, 55.19, 0, 0
2.00, 5.70, 20.45, 20.45, -501.11, 20.00, 4.63, 10.56, 6.00, 0.00, 145.48, 0.00, -40.51, 46.65, 0, 0
2.00, 5.70, 20.53, 20.53, -450.69, 20.00, 4.63, 11.11, 6.61, 0.00, 140.63, 0.00, -20.43, 40.85, 0, 0
2.00, 5.70, 20.60, 20.60, -406.96, 20.00, 4.63, 11.67, 7.11, 0.00, 138.69, 0.00, 2.85, 39.10, 0, 0
2.00, 5.70, 20.66, 20.66, -395.92, 20.00, 4.63, 11.67, 7.11, 0.00, 131.66, 0.00, 25.62, 41.92, 0, 0
2.00, 5.70, 20.68, 20.68, -422.88, 20.00, 4.63, 11.67, 7.11, 0.00, 88.69, 0.00, 44.69, 48.50, 0, 0
2.00, 5.70, 20.65, 20.65, -534.61, 20.00, 4.63, 10.56, 6.00, 0.00, 52.58, 0.00, 59.76, 57.50, 0, 0
2.00, 5.70, 20.58, 20.58, -630.45, 20.00, 4.63, 10.00, 5.51, 0.00, 18.07, 0.00, 71.98, 67.88, 0, 0
2.00, 5.70, 20.53, 20.53, -645.74, 20.00, 4.63, 8.89, 4.40, 0.00, 4.93, 0.00, 82.54, 78.96, 0, 0
2.00, 5.70, 20.58, 20.58, -447.93, 20.00, 4.63, 8.89, 4.40, 0.00, 3.29, 0.00, 0.00, 90.00, 0, 0
2.00, 5.70, 20.63, 20.63, -425.96, 20.00, 4.63, 8.89, 4.40, 0.00, 0.00, 0.00, 0.00, 90.00, 0, 0
2.00, 5.70, 20.65, 20.65, -439.48, 20.00, 4.63, 8.33, 3.91, 0.00, 0.00, 0.00, 0.00, 90.00, 0, 0
2.00, 5.70, 20.67, 20.67, -430.43, 20.00, 4.63, 8.33, 3.91, 0.00, 0.00, 0.00, 0.00, 90.00, 0, 0
2.00, 5.70, 20.61, 20.61, -587.02, 20.00, 4.63, 8.33, 3.91, 0.00, 0.00, 0.00, 0.00, 90.00, 0, 0
2.00, 5.70, 20.48, 20.48, -779.89, 20.00, 4.63, 8.33, 3.91, 0.00, 0.00, 0.00, 0.00, 90.00, 0, 0
2.00, 5.70, 20.37, 20.37, -822.15, 20.00, 4.63, 8.33, 3.91, 0.00, 0.00, 0.00, 0.00, 90.00, 0, 0
2.00, 5.70, 20.29, 20.29, -828.58, 20.00, 4.63, 8.89, 4.40, 0.00, 0.00, 0.00, 0.00, 90.00, 0, 0
2.00, 5.70, 20.22, 20.22, -855.46, 20.00, 4.63, 8.89, 4.40, 0.00, 0.00, 0.00, 0.00, 90.00, 0, 0
2.00, 5.70, 20.16, 20.16, -878.88, 20.00, 4.63, 8.89, 4.40, 0.00, 0.00, 0.00, 0.00, 90.00, 0, 0
2.00, 5.70, 20.10, 20.10, -899.53, 20.00, 4.63, 8.89, 4.51, 0.00, 0.00, 0.00, 0.00, 90.00, 0, 0
2.00, 5.70, 20.05, 20.05, -890.11, 20.00, 4.63, 9.44, 5.01, 0.00, 0.00, 0.00, 0.00, 90.00, 0, 0
2.00, 5.70, 20.07, 20.07, -781.10, 20.00, 4.63, 10.56, 6.21, 0.00, 21.36, 0.00, -90.00, 87.26, 0, 0
2.00, 5.70, 20.13, 20.13, -653.30, 20.00, 4.63, 12.22, 7.92, 0.00, 48.40, 0.00, -80.36, 75.94, 0, 0
2.00, 5.70, 20.19, 20.19, -596.20, 20.00, 4.63, 12.78, 8.43, 0.00, 63.69, 0.00, -69.50, 64.97, 0, 0
2.00, 5.70, 20.32, 20.32, -409.33, 20.00, 4.63, 14.44, 10.15, 0.00, 114.52, 0.00, -56.70, 54.82, 0, 0
2.00, 5.70, 20.45, 20.45, -309.81, 20.00, 4.63, 15.00, 10.75, 0.00, 136.53, 0.00, -40.69, 46.26, 0, 0
2.00, 5.70, 20.51, 20.51, -355.94, 20.00, 4.63, 15.00, 10.65, 0.00, 90.48, 0.00, -20.47, 40.45, 0, 0
2.00, 5.70, 20.52, 20.52, -442.30, 20.00, 4.63, 14.44, 10.04, 0.00, 46.00, 0.00, 3.00, 38.70, 0, 0
2.00, 5.70, 20.54, 20.54, -412.21, 20.00, 4.63, 14.44, 10.04, 0.00, 68.06, 0.00, 25.93, 41.57, 0, 0
2.00, 5.70, 20.59, 20.59, -337.63, 20.00, 4.63, 14.44, 10.04, 0.00, 94.41, 0.00, 45.07, 48.20, 0, 0
2.00, 5.70, 20.61, 20.61, -365.14, 20.00, 4.63, 14.44, 10.04, 0.00, 65.99, 0.00, 60.15, 57.25, 0, 0
2.00, 5.70, 20.61, 20.61, -405.99, 20.00, 4.63, 13.89, 9.54, 0.00, 53.94, 0.00, 72.35, 67.66, 0, 0
2.00, 5.70, 20.62, 20.62, -383.16, 20.00, 4.63, 13.33, 9.03, 0.00, 31.63, 0.00, 82.90, 78.75, 0, 0
2.00, 5.70, 20.71, 20.71, -202.71, 20.00, 4.63, 13.33, 8.93, 0.00, 6.57, 0.00, 0.00, 90.00, 0, 0
2.00, 5.70, 20.78, 20.78, -206.80, 20.00, 4.63, 12.78, 8.43, 0.00, 0.00, 0.00, 0.00, 90.00, 0, 0
2.00, 5.70, 20.82, 20.82, -214.92, 20.00, 4.63, 12.22, 7.92, 0.00, 0.00, 0.00, 0.00, 90.00, 0, 0
2.00, 5.70, 20.85, 20.85, -200.79, 20.00, 4.63, 12.22, 7.82, 0.00, 0.00, 0.00, 0.00, 90.00, 0, 0
2.00, 5.70, 20.80, 20.80, -379.57, 20.00, 4.63, 11.67, 7.32, 0.00, 0.00, 0.00, 0.00, 90.00, 0, 0
2.00, 5.70, 20.68, 20.68, -569.37, 20.00, 4.63, 11.67, 7.22, 0.00, 0.00, 0.00, 0.00, 90.00, 0, 0
2.00, 5.70, 20.56, 20.56, -663.56, 20.00, 4.63, 10.56, 6.11, 0.00, 0.00, 0.00, 0.00, 90.00, 0, 0
2.00, 5.70, 20.46, 20.46, -698.96, 20.00, 4.63, 10.56, 6.11, 0.00, 0.00, 0.00, 0.00, 90.00, 0, 0
2.00, 5.70, 20.36, 20.36, -755.88, 20.00, 4.63, 10.00, 5.51, 0.00, 0.00, 0.00, 0.00, 90.00, 0, 0
2.00, 5.70, 20.27, 20.27, -810.57, 20.00, 4.63, 9.44, 5.01, 0.00, 0.00, 0.00, 0.00, 90.00, 0, 0
2.00, 5.70, 20.18, 20.18, -863.89, 20.00, 4.63, 8.89, 4.40, 0.00, 0.00, 0.00, 0.00, 90.00, 0, 0
2.00, 5.70, 20.09, 20.09, -916.21, 20.00, 4.63, 8.33, 3.91, 0.00, 0.00, 0.00, 0.00, 90.00, 0, 0
2.00, 5.70, 20.04, 20.04, -860.93, 20.00, 4.63, 8.89, 4.40, 0.00, 9.86, 0.00, -90.00, 86.94, 0, 0
2.00, 5.70, 20.05, 20.05, -760.63, 20.00, 4.63, 10.00, 5.61, 0.00, 45.66, 0.00, -80.62, 75.61, 0, 0
2.00, 5.70, 20.14, 20.14, -566.99, 20.00, 4.63, 12.22, 7.82, 0.00, 94.99, 0.00, -69.75, 64.63, 0, 0
2.00, 5.70, 20.25, 20.25, -446.72, 20.00, 4.63, 13.33, 8.93, 0.00, 122.92, 0.00, -56.94, 54.46, 0, 0
2.00, 5.70, 20.35, 20.35, -390.45, 20.00, 4.63, 13.89, 9.54, 0.00, 125.28, 0.00, -40.87, 45.88, 0, 0
2.00, 5.70, 20.45, 20.45, -324.32, 20.00, 4.63, 14.44, 10.04, 0.00, 132.20, 0.00, -20.52, 40.04, 0, 0
2.00, 5.70, 20.59, 20.59, -162.51, 20.00, 4.63, 15.56, 11.16, 0.00, 135.87, 0.00, 3.15, 38.30, 0, 0
2.00, 5.70, 20.68, 20.68, -167.72, 20.00, 4.63, 15.56, 11.16, 0.00, 107.97, 0.00, 26.25, 41.21, 0, 0
2.00, 5.70, 20.73, 20.73, -208.30, 20.00, 4.63, 15.56, 11.05, 0.00, 91.11, 0.00, 45.45, 47.91, 0, 0
2.00, 5.70, 20.75, 20.75, -257.96, 20.00, 4.63, 15.00, 10.55, 0.00, 73.25, 0.00, 60.53, 57.00, 0, 0
2.00, 5.70, 20.71, 20.71, -374.24, 20.00, 4.63, 13.89, 9.43, 0.00, 34.50, 0.00, 72.73, 67.44, 0, 0
2.00, 5.70, 20.69, 20.69, -372.42, 20.00, 4.63, 13.33, 8.93, 0.00, 8.22, 0.00, 83.26, 78.55, 0, 0
2.00, 5.70, 20.75, 20.75, -203.81, 20.00, 4.63, 12.78, 8.32, 0.00, 1.64, 0.00, 93.11, 89.91, 0, 0
2.00, 5.70, 20.80, 20.80, -206.86, 20.00, 4.63, 12.22, 7.82, 0.00, 0.00, 0.00, 0.00, 90.00, 0, 0
2.00, 5.70, 20.83, 20.83, -219.14, 20.00, 4.63, 11.67, 7.22, 0.00, 0.00, 0.00, 0.00, 90.00, 0, 0
2.00, 5.70, 20.84, 20.84, -236.08, 20.00, 4.63, 11.11, 6.72, 0.00, 0.00, 0.00, 0.00, 90.00, 0, 0
2.00, 5.70, 20.78, 20.78, -392.68, 20.00, 4.63, 11.11, 6.61, 0.00, 0.00, 0.00, 0.00, 90.00, 0, 0
2.00, 5.70, 20.64, 20.64, -612.35, 20.00, 4.63, 10.56, 6.11, 0.00, 0.00, 0.00, 0.00, 90.00, 0, 0
2.00, 5.70, 20.52, 20.52, -683.36, 20.00, 4.63, 10.00, 5.51, 0.00, 0.00, 0.00, 0.00, 90.00, 0, 0
2.00, 5.70, 20.40, 20.40, -748.24, 20.00, 4.63, 9.44, 4.90, 0.00, 0.00, 0.00, 0.00, 90.00, 0, 0
2.00, 5.70, 20.30, 20.30, -809.12, 20.00, 4.63, 8.89, 4.40, 0.00, 0.00, 0.00, 0.00, 90.00, 0, 0
2.00, 5.70, 20.19, 20.19, -867.42, 20.00, 4.63, 8.33, 3.80, 0.00, 0.00, 0.00, 0.00, 90.00, 0, 0
2.00, 5.70, 20.09, 20.09, -923.86, 20.00, 4.63, 7.78, 3.30, 0.00, 0.00, 0.00, 0.00, 90.00, 0, 0
2.00, 5.70, 19.99, 19.99, -979.20, 20.00, 4.63, 7.22, 2.70, 0.00, 0.00, 0.00, 0.00, 90.00, 0, 0
2.00, 5.70, 20.00, 20.00, -916.55, 20.00, 4.63, 7.78, 3.30, 0.00, 6.57, 0.00, -90.00, 86.62, 0, 0
2.00, 5.70, 20.00, 20.00, -887.56, 20.00, 4.63, 8.33, 3.80, 0.00, 14.79, 0.00, -80.87, 75.29, 0, 0
2.00, 5.70, 20.00, 20.00, -824.51, 20.00, 4.63, 8.89, 4.40, 0.00, 44.36, 0.00, -70.01, 64.29, 0, 0
2.00, 5.70, 20.00, 20.00, -791.42, 20.00, 4.63, 9.44, 4.90, 0.00, 47.65, 0.00, -57.17, 54.10, 0, 0
2.00, 5.70, 20.00, 20.00, -751.16, 20.00, 4.63, 10.00, 5.51, 0.00, 55.86, 0.00, -41.05, 45.49, 0, 0
2.00, 5.70, 20.02, 20.02, -699.68, 20.00, 4.63, 10.56, 6.00, 0.00, 70.65, 0.00, -20.57, 39.63, 0, 0
2.00, 5.70, 20.04, 20.04, -699.73, 20.00, 4.63, 10.56, 6.00, 0.00, 65.72, 0.00, 3.31, 37.91, 0, 0
2.00, 5.70, 20.08, 20.08, -613.97, 20.00, 4.63, 11.11, 6.50, 0.00, 100.64, 0.00, 26.57, 40.86, 0, 0
2.00, 5.70, 20.14, 20.14, -547.50, 20.00, 4.63, 11.67, 7.11, 0.00, 100.16, 0.00, 45.83, 47.61, 0, 0
2.00, 5.70, 20.17, 20.17, -565.14, 20.00, 4.63, 11.67, 7.11, 0.00, 78.17, 0.00, 60.92, 56.75, 0, 0
2.00, 5.70, 20.16, 20.16, -614.40, 20.00, 4.63, 11.67, 7.11, 0.00, 41.08, 0.00, 73.10, 67.22, 0, 0
2.00, 5.70, 20.17, 20.17, -601.70, 20.00, 4.63, 11.11, 6.50, 0.00, 14.79, 0.00, 83.62, 78.35, 0, 0
2.00, 5.70, 20.24, 20.24, -437.23, 20.00, 4.63, 10.56, 6.00, 0.00, 3.29, 0.00, 93.46, 89.71, 0, 0
2.00, 5.70, 20.29, 20.29, -440.68, 20.00, 4.63, 10.00, 5.40, 0.00, 0.00, 0.00, 0.00, 90.00, 0, 0
2.00, 5.70, 20.32, 20.32, -452.68, 20.00, 4.63, 9.44, 4.90, 0.00, 0.00, 0.00, 0.00, 90.00, 0, 0
2.00, 5.70, 20.33, 20.33, -469.75, 20.00, 4.63, 8.89, 4.30, 0.00, 0.00, 0.00, 0.00, 90.00, 0, 0
2.00, 5.70, 20.26, 20.26, -654.66, 20.00, 4.63, 8.33, 3.69, 0.00, 0.00, 0.00, 0.00, 90.00, 0, 0
2.00, 5.70, 20.11, 20.11, -877.68, 20.00, 4.63, 7.78, 3.08, 0.00, 0.00, 0.00, 0.00, 90.00, 0, 0
2.00, 5.70, 19.97, 19.97, -951.63, 20.00, 4.63, 7.22, 2.59, 0.00, 0.00, 0.00, 0.00, 90.00, 0, 0
2.00, 5.70, 19.84, 19.84, -1019.37, 20.00, 4.63, 6.67, 1.99, 0.00, 0.00, 0.00, 0.00, 90.00, 0, 0
2.00, 5.70, 19.72, 19.72, -1083.11, 20.00, 4.63, 6.11, 1.39, 0.00, 0.00, 0.00, 0.00, 90.00, 0, 0
2.00, 5.70, 19.61, 19.61, -1144.14, 20.00, 4.63, 5.56, 0.78, 0.00, 0.00, 0.00, 0.00, 90.00, 0, 0
2.00, 5.70, 19.48, 19.48, -1232.02, 20.00, 4.63, 4.44, -0.19, 0.00, 0.00, 0.00, 0.00, 90.00, 0, 0
2.00, 5.70, 19.36, 19.36, -1292.44, 20.00, 4.63, 3.89, -0.79, 0.00, 0.00, 0.00, 0.00, 90.00, 0, 0
2.00, 5.70, 20.00, 20.00, -1091.21, 20.00, 4.63, 5.00, 0.30, 0.00, 19.72, 0.00, -90.00, 86.30, 0, 0
2.00, 5.70, 20.00, 20.00, -933.87, 20.00, 4.63, 7.22, 2.48, 0.00, 54.24, 0.00, -81.13, 74.96, 0, 0
2.00, 5.70, 20.00, 20.00, -700.58, 20.00, 4.63, 10.00, 5.28, 0.00, 100.25, 0.00, -70.26, 63.95, 0, 0
2.00, 5.70, 20.04, 20.04, -542.46, 20.00, 4.63, 11.67, 6.99, 0.00, 135.79, 0.00, -57.41, 53.74, 0, 0
2.00, 5.70, 20.17, 20.17, -321.68, 20.00, 4.63, 13.89, 9.20, 0.00, 171.05, 0.00, -41.24, 45.10, 0, 0
2.00, 5.70, 20.35, 20.35, -116.49, 20.00, 4.63, 15.56, 10.80, 0.00, 192.26, 0.00, -20.61, 39.22, 0, 0
2.00, 5.70, 20.50, 20.50, -62.69, 20.00, 4.63, 16.11, 11.42, 0.00, 194.47, 0.00, 3.47, 37.51, 0, 0
2.00, 5.70, 20.67, 20.67, 70.29, 20.00, 4.63, 17.22, 12.54, 0.00, 185.98, 0.00, 26.89, 40.51, 0, 0
2.00, 5.70, 20.84, 20.84, 172.53, 20.00, 4.63, 17.22, 12.54, 0.00, 164.17, 0.00, 46.22, 47.32, 0, 0
2.00, 5.70, 20.93, 20.93, 109.58, 20.00, 4.63, 17.22, 12.54, 0.00, 131.37, 0.00, 61.31, 56.50, 0, 0
2.00, 5.70, 20.93, 20.93, -41.64, 20.00, 4.63, 16.11, 11.42, 0.00, 87.43, 0.00, 73.48, 67.00, 0, 0
2.00, 5.70, 20.92, 20.92, -100.52, 20.00, 4.63, 15.00, 10.31, 0.00, 46.47, 0.00, 83.99, 78.14, 0, 0
2.00, 5.70, 20.96, 20.96, -10.37, 20.00, 4.63, 13.89, 9.20, 0.00, 18.07, 0.00, 93.82, 89.50, 0, 0
2.00, 5.70, 20.97, 20.97, -51.58, 20.00, 4.63, 13.33, 8.59, 0.00, 0.00, 0.00, 0.00, 90.00, 0, 0
2.00, 5.70, 20.97, 20.97, -105.07, 20.00, 4.63, 12.22, 7.48, 0.00, 0.00, 0.00, 0.00, 90.00, 0, 0
2.00, 5.70, 20.94, 20.94, -162.04, 20.00, 4.63, 11.11, 6.50, 0.00, 0.00, 0.00, 0.00, 90.00, 0, 0
2.00, 5.70, 20.84, 20.84, -358.12, 20.00, 4.63, 10.56, 5.89, 0.00, 0.00, 0.00, 0.00, 90.00, 0, 0
2.00, 5.70, 20.66, 20.66, -617.36, 20.00, 4.63, 9.44, 4.67, 0.00, 0.00, 0.00, 0.00, 90.00, 0, 0
2.00, 5.70, 20.50, 20.50, -699.83, 20.00, 4.63, 8.89, 4.18, 0.00, 0.00, 0.00, 0.00, 90.00, 0, 0
2.00, 5.70, 20.36, 20.36, -774.07, 20.00, 4.63, 8.33, 3.57, 0.00, 0.00, 0.00, 0.00, 90.00, 0, 0
2.00, 5.70, 20.22, 20.22, -842.84, 20.00, 4.63, 7.78, 2.96, 0.00, 0.00, 0.00, 0.00, 90.00, 0, 0
2.00, 5.70, 20.09, 20.09, -936.20, 20.00, 4.63, 6.67, 1.87, 0.00, 0.00, 0.00, 0.00, 90.00, 0, 0
2.00, 5.70, 19.96, 19.96, -1000.85, 20.00, 4.63, 6.11, 1.39, 0.00, 0.00, 0.00, 0.00, 90.00, 0, 0
2.00, 5.70, 19.84, 19.84, -1063.25, 20.00, 4.63, 5.56, 0.78, 0.00, 0.00, 0.00, 0.00, 90.00, 0, 0
2.00, 5.70, 20.00, 20.00, -856.10, 20.00, 4.63, 6.67, 1.87, 0.00, 26.29, 0.00, -90.00, 85.98, 0, 0
2.00, 5.70, 20.03, 20.03, -665.30, 20.00, 4.63, 9.44, 4.67, 0.00, 51.43, 0.00, -81.38, 74.64, 0, 0
2.00, 5.70, 20.12, 20.12, -497.72, 20.00, 4.63, 11.11, 6.38, 0.00, 99.09, 0.00, -70.52, 63.62, 0, 0
2.00, 5.70, 20.29, 20.29, -268.14, 20.00, 4.63, 13.33, 8.59, 0.00, 141.56, 0.00, -57.66, 53.39, 0, 0
2.00, 5.70, 20.50, 20.50, -49.06, 20.00, 4.63, 15.00, 10.31, 0.00, 173.07, 0.00, -41.43, 44.72, 0, 0
2.00, 5.70, 20.74, 20.74, 164.96, 20.00, 4.63, 16.67, 11.92, 0.00, 192.24, 0.00, -20.66, 38.82, 0, 0
2.00, 5.70, 20.97, 20.97, 296.04, 20.00, 4.63, 18.33, 13.52, 0.00, 196.30, 0.00, 3.63, 37.11, 0, 0
2.00, 5.70, 21.20, 21.20, 427.76, 20.00, 4.63, 18.89, 14.15, 0.00, 181.27, 0.00, 27.22, 40.17, 0, 0
2.00, 5.70, 21.41, 21.41, 530.74, 20.00, 4.63, 19.44, 14.64, 0.00, 158.39, 0.00, 46.61, 47.03, 0, 0
2.00, 5.70, 21.57, 21.57, 549.22, 20.00, 4.63, 19.44, 14.64, 0.00, 123.09, 0.00, 61.70, 56.26, 0, 0
2.00, 5.70, 21.65, 21.65, 443.96, 20.00, 4.63, 19.44, 14.64, 0.00, 90.77, 0.00, 73.85, 66.79, 0, 0
2.00, 5.70, 21.66, 21.66, 316.67, 20.00, 4.63, 17.78, 13.03, 0.00, 45.21, 0.00, 84.35, 77.94, 0, 0
2.00, 5.70, 21.71, 21.71, 393.47, 20.00, 4.63, 16.67, 11.78, 0.00, 11.50, 0.00, 94.17, 89.30, 0, 0
2.00, 5.70, 21.74, 21.74, 331.88, 20.00, 4.63, 15.56, 10.67, 0.00, 0.00, 0.00, 0.00, 90.00, 0, 0
2.00, 5.70, 21.74, 21.74, 277.67, 20.00, 4.63, 14.44, 9.56, 0.00, 0.00, 0.00, 0.00, 90.00, 0, 0
2.00, 5.70, 21.71, 21.71, 193.52, 20.00, 4.63, 12.78, 7.97, 0.00, 0.00, 0.00, 0.00, 90.00, 0, 0
2.00, 5.70, 21.57, 21.57, -84.91, 20.00, 4.63, 11.67, 6.87, 0.00, 0.00, 0.00, 0.00, 90.00, 0, 0
2.00, 5.70, 21.37, 21.37, -355.22, 20.00, 4.63, 10.56, 5.77, 0.00, 0.00, 0.00, 0.00, 90.00, 0, 0
2.00, 5.70, 21.17, 21.17, -474.71, 20.00, 4.63, 9.44, 4.12, 0.00, 0.00, 0.00, 0.00, 90.00, 0, 0
2.00, 5.70, 21.02, 21.02, -530.18, 20.00, 4.63, 9.44, 4.12, 0.00, 0.00, 0.00, 0.00, 90.00, 0, 0
2.00, 5.70, 20.87, 20.87, -632.16, 20.00, 4.63, 8.33, 3.03, 0.00, 0.00, 0.00, 0.00, 90.00, 0, 0
2.00, 5.70, 20.72, 20.72, -732.23, 20.00, 4.63, 7.22, 1.81, 0.00, 0.00, 0.00, 0.00, 90.00, 0, 0
2.00, 5.70, 20.56, 20.56, -831.04, 20.00, 4.63, 6.11, 0.72, 0.00, 0.00, 0.00, 0.00, 90.00, 0, 0
2.00, 5.70, 20.41, 20.41, -929.31, 20.00, 4.63, 5.00, -0.36, 0.00, 0.00, 0.00, 0.00, 90.00, 0, 0
2.00, 5.70, 20.30, 20.30, -931.94, 20.00, 4.63, 3.89, -1.56, 0.00, 0.00, 0.00, 0.00, 90.00, 0, 0
2.00, 5.70, 20.22, 20.22, -906.21, 20.00, 4.63, 4.44, -0.96, 0.00, 18.07, 0.00, -90.00, 85.66, 0, 0
2.00, 5.70, 20.23, 20.23, -763.36, 20.00, 4.63, 6.11, 0.72, 0.00, 51.18, 0.00, -81.64, 74.32, 0, 0
2.00, 5.70, 20.31, 20.31, -589.90, 20.00, 4.63, 7.78, 2.42, 0.00, 91.49, 0.00, -70.78, 63.28, 0, 0
2.00, 5.70, 20.46, 20.46, -341.94, 20.00, 4.63, 10.00, 4.60, 0.00, 123.03, 0.00, -57.90, 53.03, 0, 0
2.00, 5.70, 20.68, 20.68, -93.63, 20.00, 4.63, 11.67, 6.31, 0.00, 154.70, 0.00, -41.61, 44.33, 0, 0
2.00, 5.70, 20.88, 20.88, 17.50, 20.00, 4.63, 12.78, 7.41, 0.00, 173.08, 0.00, -20.71, 38.41, 0, 0
2.00, 5.70, 21.02, 21.02, 46.40, 20.00, 4.63, 13.33, 7.89, 0.00, 177.31, 0.00, 3.80, 36.72, 0, 0
2.00, 5.70, 21.17, 21.17, 135.90, 20.00, 4.63, 13.33, 7.89, 0.00, 176.09, 0.00, 27.55, 39.82, 0, 0
2.00, 5.70, 21.26, 21.26, 94.40, 20.00, 4.63, 13.33, 7.89, 0.00, 138.89, 0.00, 47.00, 46.74, 0, 0
2.00, 5.70, 21.30, 21.30, 37.98, 20.00, 4.63, 12.78, 7.41, 0.00, 113.60, 0.00, 62.10, 56.02, 0, 0
2.00, 5.70, 21.33, 21.33, 15.75, 20.00, 4.63, 12.22, 6.79, 0.00, 80.47, 0.00, 74.23, 66.57, 0, 0
2.00, 5.70, 21.37, 21.37, 49.99, 20.00, 4.63, 10.56, 5.21, 0.00, 34.96, 0.00, 84.71, 77.74, 0, 0
2.00, 5.70, 21.37, 21.37, -20.54, 20.00, 4.63, 10.00, 4.60, 0.00, 6.57, 0.00, 94.53, 89.10, 0, 0
2.00, 5.70, 21.35, 21.35, -85.06, 20.00, 4.63, 8.89, 3.64, 0.00, 0.00, 0.00, 0.00, 90.00, 0, 0
2.00, 5.70, 21.32, 21.32, -122.28, 20.00, 4.63, 8.33, 3.03, 0.00, 0.00, 0.00, 0.00, 90.00, 0, 0
2.00, 5.70, 21.19, 21.19, -376.16, 20.00, 4.63, 7.78, 2.42, 0.00, 0.00, 0.00, 0.00, 90.00, 0, 0
2.00, 5.70, 20.98, 20.98, -648.62, 20.00, 4.63, 6.67, 1.33, 0.00, 0.00, 0.00, 0.00, 90.00, 0, 0
2.00, 5.70, 20.80, 20.80, -742.34, 20.00, 4.63, 6.11, 0.72, 0.00, 0.00, 0.00, 0.00, 90.00, 0, 0
2.00, 5.70, 20.63, 20.63, -826.47, 20.00, 4.63, 5.56, 0.24, 0.00, 0.00, 0.00, 0.00, 90.00, 0, 0
2.00, 5.70, 20.48, 20.48, -904.28, 20.00, 4.63, 5.00, -0.36, 0.00, 0.00, 0.00, 0.00, 90.00, 0, 0
2.00, 5.70, 20.35, 20.35, -948.83, 20.00, 4.63, 5.00, -0.49, 0.00, 0.00, 0.00, 0.00, 90.00, 0, 0
2.00, 5.70, 20.22, 20.22, -1016.37, 20.00, 4.63, 4.44, -0.96, 0.00, 0.00, 0.00, 0.00, 90.00, 0, 0
2.00, 5.70, 20.10, 20.10, -1082.15, 20.00, 4.63, 3.89, -1.56, 0.00, 0.00, 0.00, 0.00, 90.00, 0, 0
2.00, 5.70, 20.00, 20.00, -1094.46, 20.00, 4.63, 3.33, -2.04, 0.00, 0.00, 0.00, 0.00, 90.00, 0, 0
2.00, 5.70, 20.00, 20.00, -1022.43, 20.00, 4.63, 4.44, -0.96, 0.00, 31.22, 0.00, -90.00, 85.34, 0, 0
2.00, 5.70, 20.02, 20.02, -862.88, 20.00, 4.63, 6.67, 1.33, 0.00, 49.59, 0.00, -81.90, 74.00, 0, 0
2.00, 5.70, 20.11, 20.11, -666.97, 20.00, 4.63, 8.89, 3.51, 0.00, 91.95, 0.00, -71.04, 62.95, 0, 0
2.00, 5.70, 20.25, 20.25, -480.72, 20.00, 4.63, 10.56, 5.07, 0.00, 130.84, 0.00, -58.15, 52.68, 0, 0
2.00, 5.70, 20.42, 20.42, -306.86, 20.00, 4.63, 11.67, 6.17, 0.00, 160.94, 0.00, -41.80, 43.95, 0, 0
2.00, 5.70, 20.64, 20.64, -80.40, 20.00, 4.63, 13.33, 7.89, 0.00, 174.70, 0.00, -20.76, 38.01, 0, 0
2.00, 5.70, 20.85, 20.85, 46.96, 20.00, 4.63, 14.44, 8.84, 0.00, 177.64, 0.00, 3.96, 36.33, 0, 0
2.00, 5.70, 21.06, 21.06, 200.28, 20.00, 4.63, 15.00, 9.46, 0.00, 173.85, 0.00, 27.89, 39.48, 0, 0
2.00, 5.70, 21.21, 21.21, 189.29, 20.00, 4.63, 15.00, 9.46, 0.00, 153.91, 0.00, 47.40, 46.46, 0, 0
2.00, 5.70, 21.30, 21.30, 148.42, 20.00, 4.63, 15.00, 9.31, 0.00, 118.81, 0.00, 62.49, 55.78, 0, 0
2.00, 5.70, 21.35, 21.35, 100.01, 20.00, 4.63, 14.44, 8.84, 0.00, 78.18, 0.00, 74.60, 66.36, 0, 0
2.00, 5.70, 21.40, 21.40, 125.95, 20.00, 4.63, 12.78, 7.26, 0.00, 39.27, 0.00, 85.07, 77.54, 0, 0
2.00, 5.70, 21.40, 21.40, 17.48, 20.00, 4.63, 11.67, 6.17, 0.00, 11.50, 0.00, 94.88, 88.91, 0, 0
2.00, 5.70, 21.37, 21.37, -58.90, 20.00, 4.63, 10.56, 4.93, 0.00, 0.00, 0.00, 0.00, 90.00, 0, 0
2.00, 5.70, 21.32, 21.32, -127.87, 20.00, 4.63, 9.44, 3.85, 0.00, 0.00, 0.00, 0.00, 90.00, 0, 0
2.00, 5.70, 21.19, 21.19, -361.78, 20.00, 4.63, 8.33, 2.76, 0.00, 0.00, 0.00, 0.00, 90.00, 0, 0
2.00, 5.70, 20.98, 20.98, -632.18, 20.00, 4.63, 7.22, 1.53, 0.00, 0.00, 0.00, 0.00, 90.00, 0, 0
2.00, 5.70, 20.79, 20.79, -752.53, 20.00, 4.63, 6.11, 0.45, 0.00, 0.00, 0.00, 0.00, 90.00, 0, 0
2.00, 5.70, 20.59, 20.59, -894.88, 20.00, 4.63, 4.44, -1.09, 0.00, 0.00, 0.00, 0.00, 90.00, 0, 0
2.00, 5.70, 20.40, 20.40, -1007.01, 20.00, 4.63, 3.33, -2.30, 0.00, 0.00, 0.00, 0.00, 90.00, 0, 0
2.00, 5.70, 20.21, 20.21, -1116.05, 20.00, 4.63, 2.22, -3.37, 0.00, 0.00, 0.00, 0.00, 90.00, 0, 0
2.00, 5.70, 20.02, 20.02, -1223.44, 20.00, 4.63, 1.11, -4.59, 0.00, 0.00, 0.00, 0.00, 90.00, 0, 0
2.00, 5.70, 19.83, 19.83, -1359.47, 20.00, 4.63, -0.56, -6.12, 0.00, 0.00, 0.00, 0.00, 90.00, 0, 0
2.00, 5.70, 20.00, 20.00, -1364.60, 20.00, 4.63, -1.67, -7.33, 0.00, 0.00, 0.00, 0.00, 90.00, 0, 0
2.00, 5.70, 20.00, 20.00, -1293.75, 20.00, 4.63, -0.56, -6.27, 0.00, 34.50, 0.00, -90.00, 85.02, 0, 0
2.00, 5.70, 20.00, 20.00, -1175.65, 20.00, 4.63, 1.11, -4.59, 0.00, 56.50, 0.00, -82.15, 73.68, 0, 0
2.00, 5.70, 20.00, 20.00, -1051.75, 20.00, 4.63, 2.22, -3.37, 0.00, 100.94, 0.00, -71.29, 62.62, 0, 0
2.00, 5.70, 20.00, 20.00, -859.04, 20.00, 4.63, 3.89, -1.69, 0.00, 133.17, 0.00, -58.39, 52.32, 0, 0
2.00, 5.70, 20.08, 20.08, -658.16, 20.00, 4.63, 5.56, -0.16, 0.00, 160.63, 0.00, -42.00, 43.57, 0, 0
2.00, 5.70, 20.21, 20.21, -467.90, 20.00, 4.63, 6.67, 1.07, 0.00, 173.66, 0.00, -20.81, 37.60, 0, 0
2.00, 5.70, 20.34, 20.34, -377.31, 20.00, 4.63, 7.78, 2.15, 0.00, 178.70, 0.00, 4.13, 35.94, 0, 0
2.00, 5.70, 20.48, 20.48, -263.80, 20.00, 4.63, 8.33, 2.76, 0.00, 175.71, 0.00, 28.23, 39.14, 0, 0
2.00, 5.70, 20.59, 20.59, -239.16, 20.00, 4.63, 8.33, 2.76, 0.00, 154.70, 0.00, 47.80, 46.17, 0, 0
2.00, 5.70, 20.65, 20.65, -272.73, 20.00, 4.63, 8.33, 2.76, 0.00, 119.33, 0.00, 62.88, 55.54, 0, 0
2.00, 5.70, 20.66, 20.66, -332.32, 20.00, 4.63, 7.78, 2.15, 0.00, 88.66, 0.00, 74.98, 66.15, 0, 0
2.00, 5.70, 20.67, 20.67, -347.24, 20.00, 4.63, 6.11, 0.59, 0.00, 42.20, 0.00, 85.43, 77.34, 0, 0
2.00, 5.70, 20.63, 20.63, -451.77, 20.00, 4.63, 5.56, 0.12, 0.00, 11.50, 0.00, 95.23, 88.71, 0, 0
2.00, 5.70, 20.58, 20.58, -508.25, 20.00, 4.63, 5.00, -0.49, 0.00, 0.00, 0.00, 0.00, 90.00, 0, 0
2.00, 5.70, 20.54, 20.54, -527.95, 20.00, 4.63, 5.00, -0.49, 0.00, 0.00, 0.00, 0.00, 90.00, 0, 0
2.00, 5.70, 20.42, 20.42, -736.51, 20.00, 4.63, 4.44, -0.96, 0.00, 0.00, 0.00, 0.00, 90.00, 0, 0
2.00, 5.70, 20.22, 20.22, -979.83, 20.00, 4.63, 3.89, -1.56, 0.00, 0.00, 0.00, 0.00, 90.00, 0, 0
2.00, 5.70, 20.05, 20.05, -1071.38, 20.00, 4.63, 3.33, -2.04, 0.00, 0.00, 0.00, 0.00, 90.00, 0, 0
2.00, 5.70, 19.90, 19.90, -1125.49, 20.00, 4.63, 3.33, -2.04, 0.00, 0.00, 0.00, 0.00, 90.00, 0, 0
2.00, 5.70, 19.78, 19.78, -1142.50, 20.00, 4.63, 3.89, -1.56, 0.00, 0.00, 0.00, 0.00, 90.00, 0, 0
2.00, 5.70, 19.67, 19.67, -1180.07, 20.00, 4.63, 3.89, -1.56, 0.00, 0.00, 0.00, 0.00, 90.00, 0, 0
2.00, 5.70, 19.59, 19.59, -1184.62, 20.00, 4.63, 4.44, -0.96, 0.00, 0.00, 0.00, 0.00, 90.00, 0, 0
2.00, 5.70, 19.51, 19.51, -1212.47, 20.00, 4.63, 4.44, -0.96, 0.00, 0.00, 0.00, 0.00, 90.00, 0, 0
2.00, 5.70, 20.00, 20.00, -1078.48, 20.00, 4.63, 5.00, -0.36, 0.00, 0.00, 0.00, 0.00, 90.00, 0, 0
2.00, 5.70, 20.00, 20.00, -961.86, 20.00, 4.63, 6.67, 1.46, 0.00, 39.43, 0.00, -90.00, 84.71, 0, 0
2.00, 5.70, 20.00, 20.00, -804.69, 20.00, 4.63, 8.89, 3.64, 0.00, 54.87, 0.00, -82.41, 73.36, 0, 0
2.00, 5.70, 20.05, 20.05, -588.04, 20.00, 4.63, 11.11, 5.96, 0.00, 95.15, 0.00, -71.55, 62.29, 0, 0
2.00, 5.70, 20.17, 20.17, -415.62, 20.00, 4.63, 12.78, 7.55, 0.00, 134.03, 0.00, -58.64, 51.97, 0, 0
2.00, 5.70, 20.31, 20.31, -269.42, 20.00, 4.63, 13.89, 8.65, 0.00, 168.08, 0.00, -42.19, 43.19, 0, 0
2.00, 5.70, 20.47, 20.47, -134.80, 20.00, 4.63, 14.44, 9.27, 0.00, 183.15, 0.00, -20.87, 37.20, 0, 0
2.00, 5.70, 20.63, 20.63, -35.54, 20.00, 4.63, 15.56, 10.38, 0.00, 185.98, 0.00, 4.30, 35.55, 0, 0
2.00, 5.70, 20.82, 20.82, 145.46, 20.00, 4.63, 16.11, 10.99, 0.00, 177.74, 0.00, 28.57, 38.80, 0, 0
2.00, 5.70, 20.99, 20.99, 210.25, 20.00, 4.63, 16.11, 10.99, 0.00, 154.32, 0.00, 48.20, 45.89, 0, 0
2.00, 5.70, 21.08, 21.08, 136.41, 20.00, 4.63, 16.11, 10.99, 0.00, 121.07, 0.00, 63.28, 55.30, 0, 0
2.00, 5.70, 21.12, 21.12, 70.57, 20.00, 4.63, 15.56, 10.38, 0.00, 85.21, 0.00, 75.36, 65.94, 0, 0
2.00, 5.70, 21.18, 21.18, 106.96, 20.00, 4.63, 13.89, 8.90, 0.00, 40.43, 0.00, 85.79, 77.15, 0, 0
2.00, 5.70, 21.19, 21.19, 34.29, 20.00, 4.63, 13.33, 8.28, 0.00, 9.86, 0.00, 95.58, 88.51, 0, 0
2.00, 5.70, 21.20, 21.20, 20.93, 20.00, 4.63, 13.33, 8.28, 0.00, 0.00, 0.00, 0.00, 90.00, 0, 0
2.00, 5.70, 21.20, 21.20, -9.48, 20.00, 4.63, 12.78, 7.79, 0.00, 0.00, 0.00, 0.00, 90.00, 0, 0
2.00, 5.70, 21.13, 21.13, -176.26, 20.00, 4.63, 12.78, 7.79, 0.00, 0.00, 0.00, 0.00, 90.00, 0, 0
2.00, 5.70, 20.99, 20.99, -403.38, 20.00, 4.63, 12.22, 7.29, 0.00, 0.00, 0.00, 0.00, 90.00, 0, 0
2.00, 5.70, 20.86, 20.86, -479.84, 20.00, 4.63, 11.67, 6.79, 0.00, 0.00, 0.00, 0.00, 90.00, 0, 0
2.00, 5.70, 20.76, 20.76, -521.13, 20.00, 4.63, 11.67, 6.68, 0.00, 0.00, 0.00, 0.00, 90.00, 0, 0
2.00, 5.70, 20.67, 20.67, -554.94, 20.00, 4.63, 11.67, 6.68, 0.00, 0.00, 0.00, 0.00, 90.00, 0, 0
2.00, 5.70, 20.60, 20.60, -583.33, 20.00, 4.63, 11.67, 6.68, 0.00, 0.00, 0.00, 0.00, 90.00, 0, 0
2.00, 5.70, 20.53, 20.53, -607.65, 20.00, 4.63, 11.67, 6.68, 0.00, 0.00, 0.00, 0.00, 90.00, 0, 0
2.00, 5.70, 20.48, 20.48, -628.86, 20.00, 4.63, 11.67, 6.68, 0.00, 0.00, 0.00, 0.00, 90.00, 0, 0
2.00, 5.70, 20.43, 20.43, -639.45, 20.00, 4.63, 11.67, 6.79, 0.00, 0.00, 0.00, 0.00, 90.00, 0, 0
2.00, 5.70, 20.39, 20.39, -648.38, 20.00, 4.63, 11.67, 6.90, 0.00, 8.22, 87.44, -92.57, 84.40, 0, 0
2.00, 5.70, 20.41, 20.41, -544.21, 20.00, 4.63, 12.78, 8.00, 0.00, 45.20, 0.00, -82.67, 73.04, 0, 0
2.00, 5.70, 20.50, 20.50, -372.13, 20.00, 4.63, 14.44, 9.72, 0.00, 92.72, 0.00, -71.82, 61.96, 0, 0
2.00, 5.70, 20.60, 20.60, -257.28, 20.00, 4.63, 15.56, 10.73, 0.00, 114.23, 0.00, -58.89, 51.62, 0, 0
2.00, 5.70, 20.75, 20.75, -91.61, 20.00, 4.63, 16.67, 11.84, 0.00, 149.12, 0.00, -42.39, 42.81, 0, 0
2.00, 5.70, 20.84, 20.84, -118.28, 20.00, 4.63, 16.67, 11.84, 0.00, 109.79, 0.00, -20.92, 36.80, 0, 0
2.00, 5.70, 20.96, 20.96, -14.26, 20.00, 4.63, 17.22, 12.34, 0.00, 139.79, 0.00, 4.48, 35.16, 0, 0
2.00, 5.70, 21.05, 21.05, 9.89, 20.00, 4.63, 17.22, 12.34, 0.00, 119.51, 0.00, 28.92, 38.46, 0, 0
2.00, 5.70, 21.06, 21.06, -122.24, 20.00, 4.63, 16.67, 11.84, 0.00, 47.52, 0.00, 48.60, 45.61, 0, 0
2.00, 5.70, 21.04, 21.04, -174.70, 20.00, 4.63, 16.11, 11.23, 0.00, 37.79, 0.00, 63.67, 55.07, 0, 0
2.00, 5.70, 21.06, 21.06, -128.28, 20.00, 4.63, 15.56, 10.73, 0.00, 36.15, 0.00, 75.73, 65.73, 0, 0
2.00, 5.70, 21.15, 21.15, 31.18, 20.00, 4.63, 15.00, 10.22, 0.00, 14.79, 0.00, 86.15, 76.95, 0, 0
2.00, 5.70, 21.22, 21.22, 37.67, 20.00, 4.63, 15.00, 10.12, 0.00, 1.64, 0.00, 95.93, 88.31, 0, 0
2.00, 5.70, 21.27, 21.27, 30.57, 20.00, 4.63, 14.44, 9.62, 0.00, 0.00, 0.00, 0.00, 90.00, 0, 0
2.00, 5.70, 21.30, 21.30, 16.99, 20.00, 4.63, 13.89, 9.11, 0.00, 0.00, 0.00, 0.00, 90.00, 0, 0
2.00, 5.70, 21.25, 21.25, -164.15, 20.00, 4.63, 13.33, 8.51, 0.00, 0.00, 0.00, 0.00, 90.00, 0, 0
2.00, 5.70, 21.13, 21.13, -355.76, 20.00, 4.63, 13.33, 8.51, 0.00, 0.00, 0.00, 0.00, 90.00, 0, 0
2.00, 5.70, 21.02, 21.02, -423.34, 20.00, 4.63, 12.78, 7.90, 0.00, 0.00, 0.00, 0.00, 90.00, 0, 0
2.00, 5.70, 20.92, 20.92, -484.98, 20.00, 4.63, 12.22, 7.40, 0.00, 0.00, 0.00, 0.00, 90.00, 0, 0
2.00, 5.70, 20.82, 20.82, -542.91, 20.00, 4.63, 11.67, 6.79, 0.00, 0.00, 0.00, 0.00, 90.00, 0, 0
2.00, 5.70, 20.73, 20.73, -598.31, 20.00, 4.63, 11.11, 6.19, 0.00, 0.00, 0.00, 0.00, 90.00, 0, 0
2.00, 5.70, 20.63, 20.63, -679.77, 20.00, 4.63, 10.00, 5.19, 0.00, 0.00, 0.00, 0.00, 90.00, 0, 0
2.00, 5.70, 20.53, 20.53, -734.74, 20.00, 4.63, 9.44, 4.59, 0.00, 0.00, 0.00, 0.00, 90.00, 0, 0
2.00, 5.70, 20.44, 20.44, -780.36, 20.00, 4.63, 8.89, 3.99, 0.00, 0.00, 0.00, 0.00, 90.00, 0, 0
2.00, 5.70, 20.43, 20.43, -655.41, 20.00, 4.63, 10.56, 5.69, 0.00, 46.00, 87.19, -92.82, 84.08, 0, 0
2.00, 5.70, 20.52, 20.52, -448.47, 20.00, 4.63, 13.33, 8.51, 0.00, 53.97, 0.00, -82.93, 72.73, 0, 0
2.00, 5.70, 20.67, 20.67, -220.48, 20.00, 4.63, 15.56, 10.73, 0.00, 95.07, 0.00, -72.08, 61.64, 0, 0
2.00, 5.70, 20.84, 20.84, -67.00, 20.00, 4.63, 16.67, 11.84, 0.00, 133.65, 0.00, -59.15, 51.28, 0, 0
2.00, 5.70, 20.95, 20.95, -84.72, 20.00, 4.63, 16.67, 11.84, 0.00, 118.03, 0.00, -42.59, 42.44, 0, 0
2.00, 5.70, 21.06, 21.06, -27.30, 20.00, 4.63, 16.67, 11.84, 0.00, 144.33, 0.00, -20.97, 36.41, 0, 0
2.00, 5.70, 21.18, 21.18, 78.26, 20.00, 4.63, 17.22, 12.34, 0.00, 167.53, 0.00, 4.65, 34.77, 0, 0
2.00, 5.70, 21.29, 21.29, 125.11, 20.00, 4.63, 17.22, 12.34, 0.00, 156.50, 0.00, 29.26, 38.13, 0, 0
2.00, 5.70, 21.37, 21.37, 113.92, 20.00, 4.63, 17.22, 12.34, 0.00, 132.89, 0.00, 49.00, 45.34, 0, 0
2.00, 5.70, 21.42, 21.42, 89.75, 20.00, 4.63, 16.67, 11.84, 0.00, 113.24, 0.00, 64.07, 54.83, 0, 0
2.00, 5.70, 21.47, 21.47, 117.59, 20.00, 4.63, 16.11, 11.23, 0.00, 86.39, 0.00, 76.10, 65.52, 0, 0
2.00, 5.70, 21.56, 21.56, 215.11, 20.00, 4.63, 15.00, 10.22, 0.00, 43.88, 0.00, 86.50, 76.75, 0, 0
2.00, 5.70, 21.60, 21.60, 154.57, 20.00, 4.63, 14.44, 9.62, 0.00, 14.79, 0.00, 96.28, 88.11, 0, 0
2.00, 5.70, 21.61, 21.61, 116.21, 20.00, 4.63, 13.89, 9.11, 0.00, 0.00, 0.00, 0.00, 90.00, 0, 0
2.00, 5.70, 21.62, 21.62, 89.88, 20.00, 4.63, 13.33, 8.51, 0.00, 0.00, 0.00, 0.00, 90.00, 0, 0
2.00, 5.70, 21.54, 21.54, -101.16, 20.00, 4.63, 12.78, 8.00, 0.00, 0.00, 0.00, 0.00, 90.00, 0, 0
2.00, 5.70, 21.39, 21.39, -328.28, 20.00, 4.63, 12.22, 7.40, 0.00, 0.00, 0.00, 0.00, 90.00, 0, 0
2.00, 5.70, 21.26, 21.26, -404.89, 20.00, 4.63, 11.67, 6.79, 0.00, 0.00, 0.00, 0.00, 90.00, 0, 0
2.00, 5.70, 21.14, 21.14, -474.02, 20.00, 4.63, 11.11, 6.29, 0.00, 0.00, 0.00, 0.00, 90.00, 0, 0
2.00, 5.70, 21.04, 21.04, -510.51, 20.00, 4.63, 11.11, 6.29, 0.00, 0.00, 0.00, 0.00, 90.00, 0, 0
2.00, 5.70, 20.96, 20.96, -541.24, 20.00, 4.63, 11.11, 6.29, 0.00, 0.00, 0.00, 0.00, 90.00, 0, 0
2.00, 5.70, 20.89, 20.89, -567.69, 20.00, 4.63, 11.11, 6.29, 0.00, 0.00, 0.00, 0.00, 90.00, 0, 0
2.00, 5.70, 20.81, 20.81, -618.63, 20.00, 4.63, 10.56, 5.79, 0.00, 0.00, 0.00, 0.00, 90.00, 0, 0
2.00, 5.70, 20.78, 20.78, -554.55, 20.00, 4.63, 10.56, 5.79, 0.00, 0.00, 0.00, 0.00, 90.00, 0, 0
2.00, 5.70, 20.78, 20.78, -522.98, 20.00, 4.63, 11.11, 6.39, 0.00, 11.50, 86.95, -93.07, 83.77, 0, 0
2.00, 5.70, 20.81, 20.81, -427.43, 20.00, 4.63, 12.22, 7.40, 0.00, 39.05, 0.00, -83.18, 72.42, 0, 0
2.00, 5.70, 20.89, 20.89, -303.23, 20.00, 4.63, 13.33, 8.51, 0.00, 75.65, 0.00, -72.34, 61.31, 0, 0
2.00, 5.70, 21.06, 21.06, -41.82, 20.00, 4.63, 15.56, 10.73, 0.00, 134.97, 0.00, -59.40, 50.93, 0, 0
2.00, 5.70, 21.32, 21.32, 273.66, 20.00, 4.63, 17.78, 12.96, 0.00, 165.41, 0.00, -42.80, 42.07, 0, 0
2.00, 5.70, 21.56, 21.56, 413.17, 20.00, 4.63, 18.89, 14.07, 0.00, 177.31, 0.00, -21.03, 36.01, 0, 0
2.00, 5.70, 21.71, 21.71, 382.99, 20.00, 4.63, 19.44, 14.58, 0.00, 151.07, 0.00, 4.83, 34.39, 0, 0
2.00, 5.70, 21.86, 21.86, 453.51, 20.00, 4.63, 19.44, 14.58, 0.00, 157.32, 0.00, 29.62, 37.79, 0, 0
2.00, 5.70, 22.00, 22.00, 504.90, 20.00, 4.63, 20.00, 15.08, 0.00, 145.30, 0.00, 49.40, 45.06, 0, 0
2.00, 5.70, 22.06, 22.06, 427.98, 20.00, 4.63, 19.44, 14.46, 0.00, 112.03, 0.00, 64.46, 54.60, 0, 0
2.00, 5.70, 22.11, 22.11, 411.49, 20.00, 4.63, 18.89, 13.96, 0.00, 65.84, 0.00, 76.48, 65.32, 0, 0
2.00, 5.70, 22.20, 22.20, 511.03, 20.00, 4.63, 17.78, 12.84, 0.00, 23.00, 0.00, 86.86, 76.56, 0, 0
2.00, 5.70, 22.26, 22.26, 474.44, 20.00, 4.63, 17.22, 12.23, 0.00, 3.29, 83.38, 96.62, 87.92, 0, 0
2.00, 5.70, 22.29, 22.29, 429.41, 20.00, 4.63, 16.11, 11.23, 0.00, 0.00, 0.00, 0.00, 90.00, 0, 0
2.00, 5.70, 22.31, 22.31, 408.13, 20.00, 4.63, 15.56, 10.62, 0.00, 0.00, 0.00, 0.00, 90.00, 0, 0
2.00, 5.70, 22.21, 22.21, 141.64, 20.00, 4.63, 14.44, 9.51, 0.00, 0.00, 0.00, 0.00, 90.00, 0, 0
2.00, 5.70, 22.05, 22.05, -91.40, 20.00, 4.63, 13.89, 8.90, 0.00, 0.00, 0.00, 0.00, 90.00, 0, 0
2.00, 5.70, 21.89, 21.89, -199.43, 20.00, 4.63, 12.78, 7.79, 0.00, 0.00, 0.00, 0.00, 90.00, 0, 0
2.00, 5.70, 21.75, 21.75, -273.83, 20.00, 4.63, 12.22, 7.18, 0.00, 0.00, 0.00, 0.00, 90.00, 0, 0
2.00, 5.70, 21.62, 21.62, -369.69, 20.00, 4.63, 11.11, 6.08, 0.00, 0.00, 0.00, 0.00, 90.00, 0, 0
2.00, 5.70, 21.48, 21.48, -463.84, 20.00, 4.63, 10.00, 4.98, 0.00, 0.00, 0.00, 0.00, 90.00, 0, 0
2.00, 5.70, 21.35, 21.35, -557.11, 20.00, 4.63, 8.89, 3.88, 0.00, 0.00, 0.00, 0.00, 90.00, 0, 0
2.00, 5.70, 21.22, 21.22, -621.92, 20.00, 4.63, 8.33, 3.27, 0.00, 0.00, 0.00, 0.00, 90.00, 0, 0
2.00, 5.70, 21.12, 21.12, -625.92, 20.00, 4.63, 7.22, 2.18, 0.00, 0.00, 0.00, 0.00, 90.00, 0, 0
2.00, 5.70, 21.11, 21.11, -500.02, 20.00, 4.63, 8.89, 3.88, 0.00, 46.00, 86.70, -93.32, 83.47, 0, 0
2.00, 5.70, 21.18, 21.18, -331.36, 20.00, 4.63, 11.11, 6.08, 0.00, 55.05, 0.00, -83.44, 72.11, 0, 0
2.00, 5.70, 21.32, 21.32, -106.24, 20.00, 4.63, 13.33, 8.28, 0.00, 93.46, 0.00, -72.60, 60.99, 0, 0
2.00, 5.70, 21.51, 21.51, 120.68, 20.00, 4.63, 15.00, 10.00, 0.00, 126.22, 0.00, -59.66, 50.59, 0, 0
2.00, 5.70, 21.78, 21.78, 410.22, 20.00, 4.63, 17.22, 12.11, 0.00, 151.63, 0.00, -43.00, 41.70, 0, 0
2.00, 5.70, 22.06, 22.06, 635.64, 20.00, 4.63, 18.33, 13.34, 0.00, 168.79, 0.00, -21.09, 35.62, 0, 0
2.00, 5.70, 22.33, 22.33, 777.73, 20.00, 4.63, 20.00, 14.83, 0.00, 171.71, 0.00, 5.01, 34.01, 0, 0
2.00, 5.70, 22.59, 22.59, 937.39, 20.00, 4.63, 20.56, 15.45, 0.00, 163.54, 0.00, 29.97, 37.46, 0, 0
2.00, 5.70, 22.83, 22.83, 1041.46, 20.00, 4.63, 20.56, 15.45, 0.00, 145.74, 0.00, 49.81, 44.79, 0, 0
2.00, 5.70, 23.00, 23.00, 1017.97, 20.00, 4.63, 20.56, 15.45, 0.00, 115.23, 0.00, 64.86, 54.37, 0, 0
2.00, 5.70, 23.09, 23.09, 912.56, 20.00, 4.63, 20.00, 14.96, 0.00, 83.36, 0.00, 76.85, 65.11, 0, 0
2.00, 5.70, 23.16, 23.16, 908.74, 20.00, 4.63, 18.33, 13.34, 0.00, 44.46, 0.00, 87.21, 76.37, 0, 0
2.00, 5.70, 23.17, 23.17, 788.95, 20.00, 4.63, 17.22, 12.23, 0.00, 18.07, 83.04, 96.96, 87.72, 0, 0
2.00, 5.70, 23.15, 23.15, 699.41, 20.00, 4.63, 16.11, 11.12, 0.00, 0.00, 0.00, 0.00, 90.00, 0, 0
2.00, 5.70, 23.14, 23.14, 656.87, 20.00, 4.63, 15.56, 10.62, 0.00, 0.00, 0.00, 0.00, 90.00, 0, 0
2.00, 5.70, 23.01, 23.01, 373.60, 20.00, 4.63, 14.44, 9.51, 0.00, 0.00, 0.00, 0.00, 90.00, 0, 0
2.00, 5.70, 22.82, 22.82, 127.03, 20.00, 4.63, 13.89, 8.90, 0.00, 0.00, 0.00, 0.00, 90.00, 0, 0
2.00, 5.70, 22.64, 22.64, 7.91, 20.00, 4.63, 12.78, 7.79, 0.00, 0.00, 0.00, 0.00, 90.00, 0, 0
2.00, 5.70, 22.49, 22.49, -75.73, 20.00, 4.63, 12.22, 7.18, 0.00, 0.00, 0.00, 0.00, 90.00, 0, 0
2.00, 5.70, 22.35, 22.35, -151.67, 20.00, 4.63, 11.67, 6.68, 0.00, 0.00, 0.00, 0.00, 90.00, 0, 0
2.00, 5.70, 22.22, 22.22, -222.30, 20.00, 4.63, 11.11, 6.08, 0.00, 0.00, 0.00, 0.00, 90.00, 0, 0
2.00, 5.70, 22.10, 22.10, -288.99, 20.00, 4.63, 10.56, 5.58, 0.00, 0.00, 0.00, 0.00, 90.00, 0, 0
2.00, 5.70, 22.00, 22.00, -325.13, 20.00, 4.63, 10.56, 5.47, 0.00, 0.00, 0.00, 0.00, 90.00, 0, 0
2.00, 5.70, 21.91, 21.91, -377.51, 20.00, 4.63, 10.00, 4.98, 0.00, 0.00, 0.00, 0.00, 90.00, 0, 0
2.00, 5.70, 21.84, 21.84, -368.81, 20.00, 4.63, 10.56, 5.58, 0.00, 11.50, 86.46, -93.57, 83.16, 0, 0
2.00, 5.70, 21.81, 21.81, -332.20, 20.00, 4.63, 11.11, 6.19, 0.00, 31.22, 0.00, -83.70, 71.80, 0, 0
2.00, 5.70, 21.79, 21.79, -305.64, 20.00, 4.63, 11.67, 6.68, 0.00, 37.79, 0.00, -72.87, 60.68, 0, 0
2.00, 5.70, 21.86, 21.86, -121.55, 20.00, 4.63, 12.78, 7.90, 0.00, 109.88, 0.00, -59.92, 50.26, 0, 0
2.00, 5.70, 21.99, 21.99, 61.06, 20.00, 4.63, 14.44, 9.51, 0.00, 151.82, 0.00, -43.21, 41.33, 0, 0
2.00, 5.70, 22.10, 22.10, 125.34, 20.00, 4.63, 15.56, 10.62, 0.00, 141.80, 0.00, -21.15, 35.23, 0, 0
2.00, 5.70, 22.18, 22.18, 122.21, 20.00, 4.63, 15.56, 10.62, 0.00, 126.76, 0.00, 5.18, 33.63, 0, 0
2.00, 5.70, 22.30, 22.30, 272.99, 20.00, 4.63, 16.11, 11.12, 0.00, 151.78, 0.00, 30.33, 37.14, 0, 0
2.00, 5.70, 22.41, 22.41, 323.80, 20.00, 4.63, 16.67, 11.73, 0.00, 141.36, 0.00, 50.21, 44.52, 0, 0
2.00, 5.70, 22.46, 22.46, 264.48, 20.00, 4.63, 16.67, 11.73, 0.00, 103.16, 0.00, 65.25, 54.15, 0, 0
2.00, 5.70, 22.49, 22.49, 239.71, 20.00, 4.63, 16.11, 11.12, 0.00, 52.07, 0.00, 77.22, 64.91, 0, 0
2.00, 5.70, 22.60, 22.60, 417.43, 20.00, 4.63, 15.56, 10.62, 0.00, 38.59, 90.00, 90.00, 76.17, 0, 0
2.00, 5.70, 22.66, 22.66, 381.21, 20.00, 4.63, 15.00, 10.12, 0.00, 21.36, 82.70, 97.30, 87.52, 0, 0
2.00, 5.70, 22.69, 22.69, 339.00, 20.00, 4.63, 14.44, 9.51, 0.00, 0.00, 0.00, 0.00, 90.00, 0, 0
2.00, 5.70, 22.70, 22.70, 315.23, 20.00, 4.63, 13.89, 9.01, 0.00, 0.00, 0.00, 0.00, 90.00, 0, 0
2.00, 5.70, 22.63, 22.63, 125.79, 20.00, 4.63, 13.33, 8.40, 0.00, 0.00, 0.00, 0.00, 90.00, 0, 0
2.00, 5.70, 22.49, 22.49, -100.23, 20.00, 4.63, 12.78, 7.90, 0.00, 0.00, 0.00, 0.00, 90.00, 0, 0
2.00, 5.70, 22.36, 22.36, -176.27, 20.00, 4.63, 12.22, 7.29, 0.00, 0.00, 0.00, 0.00, 90.00, 0, 0
2.00, 5.70, 22.23, 22.23, -272.91, 20.00, 4.63, 11.11, 6.19, 0.00, 0.00, 0.00, 0.00, 90.00, 0, 0
2.00, 5.70, 22.12, 22.12, -311.94, 20.00, 4.63, 11.11, 6.08, 0.00, 0.00, 0.00, 0.00, 90.00, 0, 0
2.00, 5.70, 22.02, 22.02, -372.59, 20.00, 4.63, 10.56, 5.58, 0.00, 0.00, 0.00, 0.00, 90.00, 0, 0
2.00, 5.70, 21.91, 21.91, -431.29, 20.00, 4.63, 10.00, 4.98, 0.00, 0.00, 0.00, 0.00, 90.00, 0, 0
2.00, 5.70, 21.82, 21.82, -488.51, 20.00, 4.63, 9.44, 4.48, 0.00, 0.00, 0.00, 0.00, 90.00, 0, 0
2.00, 5.70, 21.72, 21.72, -537.65, 20.00, 4.63, 8.89, 3.99, 0.00, 0.00, 0.00, 0.00, 90.00, 0, 0
2.00, 5.70, 21.70, 21.70, -428.10, 20.00, 4.63, 10.56, 5.69, 23.94, 21.33, 86.21, -93.81, 82.86, 0, 0
2.00, 5.70, 21.78, 21.78, -203.09, 20.00, 4.63, 13.33, 8.51, 0.00, 55.47, 0.00, -83.95, 71.50, 0, 0
2.00, 5.70, 21.94, 21.94, 35.65, 20.00, 4.63, 15.56, 10.73, 0.00, 90.54, 0.00, -73.13, 60.36, 0, 0
2.00, 5.70, 22.15, 22.15, 271.86, 20.00, 4.63, 17.22, 12.34, 0.00, 121.48, 0.00, -60.18, 49.92, 0, 0
2.00, 5.70, 22.42, 22.42, 536.81, 20.00, 4.63, 18.89, 14.07, 0.00, 141.85, 0.00, -43.42, 40.96, 0, 0
2.00, 5.70, 22.72, 22.72, 793.47, 20.00, 4.63, 20.56, 15.70, 0.00, 155.94, 0.00, -21.21, 34.84, 0, 0
2.00, 5.70, 22.97, 22.97, 875.14, 20.00, 4.63, 21.11, 16.20, 0.00, 160.04, 0.00, 5.36, 33.25, 0, 0
2.00, 5.70, 23.25, 23.25, 1094.93, 20.00, 4.63, 22.22, 17.32, 0.00, 156.74, 0.00, 30.68, 36.81, 0, 0
2.00, 5.70, 23.50, 23.50, 1210.27, 20.00, 4.63, 22.22, 17.32, 0.00, 137.23, 0.00, 50.62, 44.25, 0, 0
2.00, 5.70, 23.67, 23.67, 1159.87, 20.00, 4.63, 22.22, 17.32, 0.00, 108.47, 0.00, 65.65, 53.92, 0, 0
2.00, 5.70, 23.74, 23.74, 1024.58, 20.00, 4.63, 21.11, 16.20, 0.00, 79.54, 0.00, 77.59, 64.71, 0, 0
2.00, 5.70, 23.82, 23.82, 1047.75, 20.00, 4.63, 20.00, 15.19, 0.00, 47.20, 90.00, 90.00, 75.98, 0, 0
2.00, 5.70, 23.84, 23.84, 952.79, 20.00, 4.63, 19.44, 14.58, 0.00, 23.00, 82.37, 97.64, 87.33, 0, 0
2.00, 5.70, 23.84, 23.84, 883.48, 20.00, 4.63, 18.89, 14.07, 0.00, 0.00, 0.00, 0.00, 90.00, 0, 0
2.00, 5.70, 23.84, 23.84, 843.25, 20.00, 4.63, 18.33, 13.57, 0.00, 0.00, 0.00, 0.00, 90.00, 0, 0
2.00, 5.70, 23.75, 23.75, 642.20, 20.00, 4.63, 17.78, 12.96, 0.00, 0.00, 0.00, 0.00, 90.00, 0, 0
2.00, 5.70, 23.60, 23.60, 408.11, 20.00, 4.63, 17.22, 12.45, 0.00, 0.00, 0.00, 0.00, 90.00, 0, 0
2.00, 5.70, 23.47, 23.47, 326.65, 20.00, 4.63, 16.67, 11.84, 0.00, 0.00, 0.00, 0.00, 90.00, 0, 0
2.00, 5.70, 23.35, 23.35, 254.23, 20.00, 4.63, 16.11, 11.23, 0.00, 0.00, 0.00, 0.00, 90.00, 0, 0
2.00, 5.70, 23.25, 23.25, 188.01, 20.00, 4.63, 15.56, 10.73, 0.00, 0.00, 0.00, 0.00, 90.00, 0, 0
2.00, 5.70, 23.15, 23.15, 126.04, 20.00, 4.63, 15.00, 10.12, 0.00, 0.00, 0.00, 0.00, 90.00, 0, 0
2.00, 5.70, 23.05, 23.05, 67.21, 20.00, 4.63, 14.44, 9.62, 0.00, 0.00, 0.00, 0.00, 90.00, 0, 0
2.00, 5.70, 22.96, 22.96, 10.56, 20.00, 4.63, 13.89, 9.11, 0.00, 0.00, 0.00, 0.00, 90.00, 0, 0
2.00, 5.70, 22.88, 22.88, -37.53, 20.00, 4.63, 13.33, 8.51, 0.00, 0.00, 0.00, 0.00, 90.00, 0, 0
2.00, 5.70, 22.85, 22.85, 28.93, 20.00, 4.63, 14.44, 9.72, 4.88, 24.01, 85.97, -94.06, 82.56, 0, 0
2.00, 5.70, 22.91, 22.91, 203.49, 20.00, 4.63, 16.67, 11.94, 0.00, 61.52, 0.00, -84.21, 71.20, 0, 0
2.00, 5.70, 23.00, 23.00, 340.35, 20.00, 4.63, 17.78, 13.06, 0.00, 104.04, 0.00, -73.40, 60.05, 0, 0
2.00, 5.70, 23.11, 23.11, 428.89, 20.00, 4.63, 18.89, 14.07, 0.00, 115.04, 0.00, -60.44, 49.59, 0, 0
2.00, 5.70, 23.22, 23.22, 513.72, 20.00, 4.63, 19.44, 14.58, 0.00, 134.42, 0.00, -43.64, 40.60, 0, 0
2.00, 5.70, 23.38, 23.38, 678.33, 20.00, 4.63, 20.00, 15.19, 0.00, 172.52, 0.00, -21.28, 34.45, 0, 0
2.00, 5.70, 23.56, 23.56, 820.53, 20.00, 4.63, 21.11, 16.20, 0.00, 191.71, 0.00, 5.55, 32.88, 0, 0
2.00, 5.70, 23.74, 23.74, 940.21, 20.00, 4.63, 21.67, 16.82, 0.00, 180.81, 0.00, 31.04, 36.49, 0, 0
2.00, 5.70, 23.89, 23.89, 976.86, 20.00, 4.63, 22.22, 17.32, 0.00, 157.92, 0.00, 51.03, 43.99, 0, 0
2.00, 5.70, 24.00, 24.00, 980.13, 20.00, 4.63, 22.22, 17.32, 0.00, 130.94, 0.00, 66.04, 53.70, 0, 0
2.00, 5.70, 24.06, 24.06, 923.15, 20.00, 4.63, 21.67, 16.70, 0.00, 78.48, 0.00, 77.96, 64.51, 0, 0
2.00, 5.70, 24.15, 24.15, 1005.43, 20.00, 4.63, 20.56, 15.70, 0.00, 34.90, 90.00, 90.00, 75.79, 0, 0
2.00, 5.70, 24.20, 24.20, 954.63, 20.00, 4.63, 20.00, 15.08, 0.00, 8.22, 82.03, 97.98, 87.14, 0, 0
2.00, 5.70, 24.22, 24.22, 895.98, 20.00, 4.63, 18.89, 13.96, 0.00, 0.00, 0.00, 0.00, 90.00, 0, 0
2.00, 5.70, 24.22, 24.22, 842.26, 20.00, 4.63, 17.78, 12.84, 0.00, 0.00, 0.00, 0.00, 90.00, 0, 0
2.00, 5.70, 24.13, 24.13, 621.98, 20.00, 4.63, 16.67, 11.73, 0.00, 0.00, 0.00, 0.00, 90.00, 0, 0
2.00, 5.70, 23.96, 23.96, 364.12, 20.00, 4.63, 15.56, 10.62, 0.00, 0.00, 0.00, 0.00, 90.00, 0, 0
2.00, 5.70, 23.80, 23.80, 255.28, 20.00, 4.63, 14.44, 9.39, 0.00, 0.00, 0.00, 0.00, 90.00, 0, 0
2.00, 5.70, 23.65, 23.65, 152.67, 20.00, 4.63, 13.33, 8.40, 0.00, 0.00, 0.00, 0.00, 90.00, 0, 0
2.00, 5.70, 23.51, 23.51, 53.61, 20.00, 4.63, 12.22, 7.29, 0.00, 0.00, 0.00, 0.00, 90.00, 0, 0
2.00, 5.70, 23.36, 23.36, -43.38, 20.00, 4.63, 11.11, 6.08, 0.00, 0.00, 0.00, 0.00, 90.00, 0, 0
2.00, 5.70, 23.22, 23.22, -139.14, 20.00, 4.63, 10.00, 4.98, 0.00, 0.00, 0.00, 0.00, 90.00, 0, 0
2.00, 5.70, 23.07, 23.07, -234.42, 20.00, 4.63, 8.89, 3.88, 0.00, 0.00, 0.00, 0.00, 90.00, 0, 0
2.00, 5.70, 22.92, 22.92, -322.69, 20.00, 4.63, 7.78, 2.67, 0.00, 0.00, 0.00, 0.00, 90.00, 0, 0
2.00, 5.70, 22.84, 22.84, -272.89, 20.00, 4.63, 8.89, 3.88, 3.06, 23.50, 85.73, -94.31, 82.26, 0, 0
2.00, 5.70, 22.82, 22.82, -185.07, 20.00, 4.63, 10.00, 4.98, 0.00, 57.44, 0.00, -84.47, 70.90, 0, 0
2.00, 5.70, 22.89, 22.89, 34.22, 20.00, 4.63, 12.22, 7.18, 0.00, 108.06, 0.00, -73.67, 59.74, 0, 0
2.00, 5.70, 23.06, 23.06, 301.42, 20.00, 4.63, 14.44, 9.39, 0.00, 147.82, 0.00, -60.70, 49.26, 0, 0
2.00, 5.70, 23.23, 23.23, 430.66, 20.00, 4.63, 16.11, 10.99, 0.00, 162.06, 0.00, -43.85, 40.24, 0, 0
2.00, 5.70, 23.36, 23.36, 460.83, 20.00, 4.63, 16.11, 10.99, 0.00, 170.77, 0.00, -21.35, 34.07, 0, 0
2.00, 5.70, 23.47, 23.47, 524.84, 20.00, 4.63, 16.67, 11.49, 0.00, 174.86, 0.00, 5.73, 32.50, 0, 0
2.00, 5.70, 23.61, 23.61, 641.83, 20.00, 4.63, 17.22, 11.97, 0.00, 173.09, 0.00, 31.41, 36.17, 0, 0
2.00, 5.70, 23.70, 23.70, 629.13, 20.00, 4.63, 17.22, 11.97, 0.00, 145.79, 0.00, 51.44, 43.73, 0, 0
2.00, 5.70, 23.81, 23.81, 707.61, 20.00, 4.63, 17.22, 11.97, 0.00, 124.21, 0.00, 66.43, 53.48, 0, 0
2.00, 5.70, 23.86, 23.86, 657.46, 20.00, 4.63, 16.67, 11.49, 0.00, 88.63, 0.00, 78.32, 64.31, 0, 0
2.00, 5.70, 23.94, 23.94, 718.34, 20.00, 4.63, 15.56, 10.38, 0.00, 46.70, 90.00, 90.00, 75.60, 0, 0
2.00, 5.70, 23.95, 23.95, 617.55, 20.00, 4.63, 14.44, 9.27, 0.00, 13.14, 81.70, 98.31, 86.94, 0, 0
2.00, 5.70, 23.93, 23.93, 543.01, 20.00, 4.63, 13.33, 8.16, 0.00, 0.00, 0.00, 0.00, 90.00, 0, 0
2.00, 5.70, 23.89, 23.89, 477.84, 20.00, 4.63, 12.22, 7.06, 0.00, 0.00, 0.00, 0.00, 90.00, 0, 0
2.00, 5.70, 23.77, 23.77, 246.97, 20.00, 4.63, 11.11, 5.96, 0.00, 0.00, 0.00, 0.00, 90.00, 0, 0
2.00, 5.70, 23.56, 23.56, -20.85, 20.00, 4.63, 10.00, 4.86, 0.00, 0.00, 0.00, 0.00, 90.00, 0, 0
2.00, 5.70, 23.37, 23.37, -139.20, 20.00, 4.63, 8.89, 3.64, 0.00, 0.00, 0.00, 0.00, 90.00, 0, 0
2.00, 5.70, 23.20, 23.20, -222.76, 20.00, 4.63, 8.33, 3.15, 0.00, 0.00, 0.00, 0.00, 90.00, 0, 0
2.00, 5.70, 23.04, 23.04, -328.18, 20.00, 4.63, 7.22, 2.06, 0.00, 0.00, 0.00, 0.00, 90.00, 0, 0
2.00, 5.70, 22.88, 22.88, -403.21, 20.00, 4.63, 6.67, 1.46, 0.00, 0.00, 0.00, 0.00, 90.00, 0, 0
2.00, 5.70, 22.72, 22.72, -503.11, 20.00, 4.63, 5.56, 0.37, 0.00, 0.00, 0.00, 0.00, 90.00, 0, 0
2.00, 5.70, 22.57, 22.57, -574.29, 20.00, 4.63, 5.00, -0.23, 0.00, 0.00, 0.00, 0.00, 90.00, 0, 0
2.00, 5.70, 22.44, 22.44, -636.04, 20.00, 4.63, 4.44, -0.84, 0.00, 0.00, 0.00, 0.00, 90.00, 0, 0
2.00, 5.70, 22.36, 22.36, -569.38, 20.00, 4.63, 5.56, 0.37, 20.21, 22.28, 85.49, -94.55, 81.96, 0, 0
2.00, 5.70, 22.38, 22.38, -389.09, 20.00, 4.63, 7.78, 2.55, 0.00, 60.36, 0.00, -84.73, 70.60, 0, 0
2.00, 5.70, 22.50, 22.50, -134.60, 20.00, 4.63, 10.56, 5.35, 0.00, 96.90, 0.00, -73.93, 59.44, 0, 0
2.00, 5.70, 22.69, 22.69, 137.63, 20.00, 4.63, 12.78, 7.55, 0.00, 129.98, 0.00, -60.97, 48.93, 0, 0
2.00, 5.70, 22.95, 22.95, 409.91, 20.00, 4.63, 15.00, 9.76, 0.00, 156.43, 0.00, -44.08, 39.89, 0, 0
2.00, 5.70, 23.21, 23.21, 629.48, 20.00, 4.63, 16.67, 11.49, 0.00, 178.53, 0.00, -21.42, 33.69, 0, 0
2.00, 5.70, 23.46, 23.46, 754.12, 20.00, 4.63, 17.78, 12.60, 0.00, 175.87, 0.00, 5.91, 32.13, 0, 0
2.00, 5.70, 23.73, 23.73, 974.81, 20.00, 4.63, 18.89, 13.58, 0.00, 158.20, 0.00, 31.77, 35.85, 0, 0
2.00, 5.70, 23.97, 23.97, 1081.52, 20.00, 4.63, 19.44, 14.20, 0.00, 140.72, 0.00, 51.84, 43.47, 0, 0
2.00, 5.70, 24.12, 24.12, 1031.88, 20.00, 4.63, 19.44, 14.20, 0.00, 112.18, 0.00, 66.82, 53.26, 0, 0
2.00, 5.70, 24.20, 24.20, 942.79, 20.00, 4.63, 18.89, 13.71, 0.00, 79.67, 0.00, 78.69, 64.12, 0, 0
2.00, 5.70, 24.26, 24.26, 945.41, 20.00, 4.63, 17.22, 12.11, 0.00, 43.56, 90.00, 90.00, 75.41, 0, 0
2.00, 5.70, 24.25, 24.25, 798.74, 20.00, 4.63, 15.56, 10.38, 0.00, 24.65, 81.37, 98.64, 86.75, 0, 0
2.00, 5.70, 24.21, 24.21, 696.25, 20.00, 4.63, 14.44, 9.39, 0.00, 0.00, 0.00, 0.00, 90.00, 0, 0
2.00, 5.70, 24.17, 24.17, 648.01, 20.00, 4.63, 13.89, 8.78, 0.00, 0.00, 0.00, 0.00, 90.00, 0, 0
2.00, 5.70, 24.05, 24.05, 412.24, 20.00, 4.63, 12.78, 7.67, 0.00, 0.00, 0.00, 0.00, 90.00, 0, 0
2.00, 5.70, 23.85, 23.85, 168.73, 20.00, 4.63, 12.22, 7.06, 0.00, 0.00, 0.00, 0.00, 90.00, 0, 0
2.00, 5.70, 23.67, 23.67, 50.97, 20.00, 4.63, 11.11, 5.96, 0.00, 0.00, 0.00, 0.00, 90.00, 0, 0
2.00, 5.70, 23.52, 23.52, -31.92, 20.00, 4.63, 10.56, 5.47, 0.00, 0.00, 0.00, 0.00, 90.00, 0, 0
2.00, 5.70, 23.37, 23.37, -107.95, 20.00, 4.63, 10.00, 4.86, 0.00, 0.00, 0.00, 0.00, 90.00, 0, 0
2.00, 5.70, 23.23, 23.23, -179.12, 20.00, 4.63, 9.44, 4.25, 0.00, 0.00, 0.00, 0.00, 90.00, 0, 0
2.00, 5.70, 23.11, 23.11, -246.73, 20.00, 4.63, 8.89, 3.76, 0.00, 0.00, 0.00, 0.00, 90.00, 0, 0
2.00, 5.70, 23.00, 23.00, -283.73, 20.00, 4.63, 8.89, 3.76, 0.00, 0.00, 0.00, 0.00, 90.00, 0, 0
2.00, 5.70, 22.92, 22.92, -257.95, 20.00, 4.63, 8.33, 3.27, 0.00, 0.00, 0.00, 0.00, 90.00, 0, 0
2.00, 5.70, 22.90, 22.90, -194.08, 20.00, 4.63, 9.44, 4.37, 1.05, 21.54, 85.25, -94.80, 81.67, 0, 0
2.00, 5.70, 22.90, 22.90, -139.90, 20.00, 4.63, 10.00, 4.98, 0.00, 43.94, 0.00, -84.98, 70.31, 0, 0
2.00, 5.70, 22.87, 22.87, -179.61, 20.00, 4.63, 10.00, 4.98, 0.00, 18.07, 0.00, -74.20, 59.13, 0, 0
2.00, 5.70, 22.87, 22.87, -131.82, 20.00, 4.63, 10.56, 5.47, 0.00, 37.79, 0.00, -61.24, 48.61, 0, 0
2.00, 5.70, 22.91, 22.91, -37.61, 20.00, 4.63, 11.11, 6.08, 0.00, 81.17, 0.00, -44.30, 39.54, 0, 0
2.00, 5.70, 22.98, 22.98, 80.73, 20.00, 4.63, 12.22, 7.06, 0.00, 110.78, 0.00, -21.49, 33.31, 0, 0
2.00, 5.70, 23.11, 23.11, 255.43, 20.00, 4.63, 13.33, 8.16, 0.00, 157.81, 0.00, 6.09, 31.77, 0, 0
2.00, 5.70, 23.26, 23.26, 420.14, 20.00, 4.63, 14.44, 9.27, 0.00, 173.58, 0.00, 32.14, 35.54, 0, 0
2.00, 5.70, 23.43, 23.43, 554.12, 20.00, 4.63, 15.56, 10.38, 0.00, 162.86, 0.00, 52.25, 43.21, 0, 0
2.00, 5.70, 23.56, 23.56, 567.63, 20.00, 4.63, 16.11, 10.99, 0.00, 139.72, 0.00, 67.21, 53.04, 0, 0
2.00, 5.70, 23.65, 23.65, 581.44, 20.00, 4.63, 16.11, 10.99, 0.00, 97.97, 0.00, 79.05, 63.92, 0, 0
2.00, 5.70, 23.78, 23.78, 699.04, 20.00, 4.63, 15.56, 10.50, 0.00, 51.93, 90.00, 90.00, 75.22, 0, 0
2.00, 5.70, 23.84, 23.84, 633.97, 20.00, 4.63, 15.00, 10.00, 0.00, 14.79, 81.05, 98.97, 86.56, 0, 0
2.00, 5.70, 23.87, 23.87, 597.24, 20.00, 4.63, 14.44, 9.39, 0.00, 0.00, 0.00, 0.00, 90.00, 0, 0
2.00, 5.70, 23.88, 23.88, 545.29, 20.00, 4.63, 13.33, 8.28, 0.00, 0.00, 0.00, 0.00, 90.00, 0, 0
2.00, 5.70, 23.77, 23.77, 300.23, 20.00, 4.63, 12.78, 7.67, 0.00, 0.00, 0.00, 0.00, 90.00, 0, 0
2.00, 5.70, 23.59, 23.59, 36.76, 20.00, 4.63, 11.67, 6.57, 0.00, 0.00, 0.00, 0.00, 90.00, 0, 0
2.00, 5.70, 23.43, 23.43, -49.30, 20.00, 4.63, 11.11, 5.96, 0.00, 0.00, 0.00, 0.00, 90.00, 0, 0
2.00, 5.70, 23.27, 23.27, -154.18, 20.00, 4.63, 10.00, 4.86, 0.00, 0.00, 0.00, 0.00, 90.00, 0, 0
2.00, 5.70, 23.11, 23.11, -255.66, 20.00, 4.63, 8.89, 3.76, 0.00, 0.00, 0.00, 0.00, 90.00, 0, 0
2.00, 5.70, 22.96, 22.96, -355.10, 20.00, 4.63, 7.78, 2.67, 0.00, 0.00, 0.00, 0.00, 90.00, 0, 0
2.00, 5.70, 22.81, 22.81, -425.07, 20.00, 4.63, 7.22, 2.06, 0.00, 0.00, 0.00, 0.00, 90.00, 0, 0
2.00, 5.70, 22.66, 22.66, -520.49, 20.00, 4.63, 6.11, 0.97, 0.00, 0.00, 0.00, 0.00, 90.00, 0, 0
2.00, 5.70, 22.57, 22.57, -477.57, 20.00, 4.63, 6.11, 0.97, 0.00, 3.29, 0.00, 0.00, 90.00, 0, 0
2.00, 5.70, 22.51, 22.51, -441.03, 20.00, 4.63, 6.67, 1.58, 0.69, 22.05, 85.01, -95.04, 81.38, 0, 0
2.00, 5.70, 22.52, 22.52, -326.37, 20.00, 4.63, 7.78, 2.78, 0.00, 61.06, 0.00, -85.24, 70.02, 0, 0
2.00, 5.70, 22.63, 22.63, -75.76, 20.00, 4.63, 10.00, 4.98, 0.00, 110.55, 0.00, -74.47, 58.84, 0, 0
2.00, 5.70, 22.75, 22.75, 47.93, 20.00, 4.63, 11.67, 6.57, 0.00, 124.98, 0.00, -61.51, 48.29, 0, 0
2.00, 5.70, 22.81, 22.81, 0.83, 20.00, 4.63, 11.67, 6.57, 0.00, 90.42, 0.00, -44.53, 39.19, 0, 0
2.00, 5.70, 22.94, 22.94, 218.57, 20.00, 4.63, 12.78, 7.67, 0.00, 155.50, 0.00, -21.57, 32.94, 0, 0
2.00, 5.70, 23.15, 23.15, 472.99, 20.00, 4.63, 13.89, 8.78, 0.00, 193.57, 0.00, 6.28, 31.40, 0, 0
2.00, 5.70, 23.35, 23.35, 601.10, 20.00, 4.63, 15.00, 9.88, 0.00, 187.28, 0.00, 32.50, 35.23, 0, 0
2.00, 5.70, 23.46, 23.46, 549.22, 20.00, 4.63, 15.56, 10.38, 0.00, 150.33, 0.00, 52.66, 42.96, 0, 0
2.00, 5.70, 23.49, 23.49, 434.47, 20.00, 4.63, 15.00, 9.88, 0.00, 109.58, 0.00, 67.60, 52.83, 0, 0
2.00, 5.70, 23.51, 23.51, 401.79, 20.00, 4.63, 14.44, 9.27, 0.00, 61.28, 0.00, 79.41, 63.73, 0, 0
2.00, 5.70, 23.57, 23.57, 507.87, 20.00, 4.63, 13.33, 8.16, 0.00, 31.22, 90.00, 90.00, 75.04, 0, 0
2.00, 5.70, 23.58, 23.58, 433.60, 20.00, 4.63, 12.22, 7.06, 0.00, 9.86, 80.72, 99.30, 86.36, 0, 0
2.00, 5.70, 23.58, 23.58, 393.75, 20.00, 4.63, 11.67, 6.57, 0.00, 1.64, 0.00, 0.00, 90.00, 0, 0
2.00, 5.70, 23.56, 23.56, 339.25, 20.00, 4.63, 10.56, 5.47, 0.00, 0.00, 0.00, 0.00, 90.00, 0, 0
2.00, 5.70, 23.43, 23.43, 89.17, 20.00, 4.63, 10.00, 4.86, 0.00, 0.00, 0.00, 0.00, 90.00, 0, 0
2.00, 5.70, 23.24, 23.24, -151.52, 20.00, 4.63, 9.44, 4.25, 0.00, 0.00, 0.00, 0.00, 90.00, 0, 0
2.00, 5.70, 23.07, 23.07, -239.77, 20.00, 4.63, 8.89, 3.64, 0.00, 0.00, 0.00, 0.00, 90.00, 0, 0
2.00, 5.70, 22.90, 22.90, -347.49, 20.00, 4.63, 7.78, 2.55, 0.00, 0.00, 0.00, 0.00, 90.00, 0, 0
2.00, 5.70, 22.74, 22.74, -423.51, 20.00, 4.63, 7.22, 2.06, 0.00, 0.00, 0.00, 0.00, 90.00, 0, 0
2.00, 5.70, 22.60, 22.60, -495.01, 20.00, 4.63, 6.67, 1.46, 0.00, 0.00, 0.00, 0.00, 90.00, 0, 0
2.00, 5.70, 22.45, 22.45, -591.88, 20.00, 4.63, 5.56, 0.37, 0.00, 0.00, 0.00, 0.00, 90.00, 0, 0
2.00, 5.70, 22.31, 22.31, -660.36, 20.00, 4.63, 5.00, -0.23, 0.00, 0.00, 0.00, 0.00, 90.00, 0, 0
2.00, 5.70, 22.18, 22.18, -696.59, 20.00, 4.63, 5.00, -0.23, 0.00, 3.29, 0.00, 0.00, 90.00, 0, 0
2.00, 5.70, 22.10, 22.10, -665.26, 20.00, 4.63, 5.56, 0.37, 2.03, 25.19, 84.78, -95.29, 81.10, 0, 0
2.00, 5.70, 22.09, 22.09, -540.50, 20.00, 4.63, 7.22, 2.06, 0.00, 60.90, 0.00, -85.50, 69.74, 0, 0
2.00, 5.70, 22.09, 22.09, -493.50, 20.00, 4.63, 7.78, 2.67, 0.00, 74.57, 0.00, -74.74, 58.54, 0, 0
2.00, 5.70, 22.18, 22.18, -279.47, 20.00, 4.63, 9.44, 4.25, 0.00, 134.59, 0.00, -61.78, 47.98, 0, 0
2.00, 5.70, 22.33, 22.33, -82.29, 20.00, 4.63, 11.11, 5.96, 0.00, 170.91, 0.00, -44.76, 38.84, 0, 0
2.00, 5.70, 22.49, 22.49, 80.45, 20.00, 4.63, 12.78, 7.55, 0.00, 183.98, 0.00, -21.65, 32.57, 0, 0
2.00, 5.70, 22.66, 22.66, 223.46, 20.00, 4.63, 13.89, 8.65, 0.00, 196.16, 0.00, 6.46, 31.04, 0, 0
2.00, 5.70, 22.81, 22.81, 289.34, 20.00, 4.63, 14.44, 9.13, 0.00, 176.52, 0.00, 32.87, 34.92, 0, 0
2.00, 5.70, 22.95, 22.95, 370.99, 20.00, 4.63, 15.00, 9.76, 0.00, 160.71, 0.00, 53.07, 42.71, 0, 0
2.00, 5.70, 23.00, 23.00, 268.65, 20.00, 4.63, 14.44, 9.27, 0.00, 119.64, 0.00, 67.99, 52.61, 0, 0
2.00, 5.70, 23.06, 23.06, 301.37, 20.00, 4.63, 14.44, 9.13, 0.00, 89.11, 0.00, 79.77, 63.53, 0, 0
2.00, 5.70, 23.13, 23.13, 378.20, 20.00, 4.63, 13.33, 8.16, 0.00, 44.59, 90.00, 90.00, 74.85, 0, 0
2.00, 5.70, 23.15, 23.15, 280.46, 20.00, 4.63, 12.22, 7.06, 0.00, 11.50, 80.40, 99.62, 86.17, 0, 0
2.00, 5.70, 23.14, 23.14, 234.94, 20.00, 4.63, 11.67, 6.44, 0.00, 1.64, 0.00, 0.00, 90.00, 0, 0
2.00, 5.70, 23.11, 23.11, 177.60, 20.00, 4.63, 10.56, 5.35, 0.00, 0.00, 0.00, 0.00, 90.00, 0, 0
2.00, 5.70, 23.00, 23.00, -21.74, 20.00, 4.63, 10.00, 4.73, 0.00, 0.00, 0.00, 0.00, 90.00, 0, 0
2.00, 5.70, 22.81, 22.81, -284.16, 20.00, 4.63, 8.89, 3.76, 0.00, 0.00, 0.00, 0.00, 90.00, 0, 0
2.00, 5.70, 22.64, 22.64, -369.94, 20.00, 4.63, 8.33, 3.15, 0.00, 0.00, 0.00, 0.00, 90.00, 0, 0
2.00, 5.70, 22.49, 22.49, -447.41, 20.00, 4.63, 7.78, 2.55, 0.00, 0.00, 0.00, 0.00, 90.00, 0, 0
2.00, 5.70, 22.33, 22.33, -547.76, 20.00, 4.63, 6.67, 1.46, 0.00, 0.00, 0.00, 0.00, 90.00, 0, 0
2.00, 5.70, 22.19, 22.19, -618.36, 20.00, 4.63, 6.11, 0.85, 0.00, 0.00, 0.00, 0.00, 90.00, 0, 0
2.00, 5.70, 22.04, 22.04, -714.44, 20.00, 4.63, 5.00, -0.23, 0.00, 0.00, 0.00, 0.00, 90.00, 0, 0
2.00, 5.70, 21.89, 21.89, -782.15, 20.00, 4.63, 4.44, -0.84, 0.00, 0.00, 0.00, 0.00, 90.00, 0, 0
2.00, 5.70, 21.77, 21.77, -817.72, 20.00, 4.63, 4.44, -0.84, 0.00, 3.29, 0.00, 0.00, 90.00, 0, 0
2.00, 5.70, 21.73, 21.73, -703.45, 20.00, 4.63, 6.11, 0.85, 20.05, 27.56, 84.54, -95.53, 80.81, 0, 0
2.00, 5.70, 21.75, 21.75, -552.94, 20.00, 4.63, 7.78, 2.55, 0.00, 66.08, 0.00, -85.75, 69.45, 0, 0
2.00, 5.70, 21.86, 21.86, -341.05, 20.00, 4.63, 10.00, 4.73, 0.00, 105.62, 0.00, -75.01, 58.25, 0, 0
2.00, 5.70, 22.01, 22.01, -150.43, 20.00, 4.63, 11.67, 6.44, 0.00, 147.14, 0.00, -62.05, 47.67, 0, 0
2.00, 5.70, 22.20, 22.20, 62.76, 20.00, 4.63, 13.33, 8.03, 0.00, 176.18, 0.00, -44.99, 38.50, 0, 0
2.00, 5.70, 22.42, 22.42, 282.26, 20.00, 4.63, 15.00, 9.62, 0.00, 186.84, 0.00, -21.73, 32.20, 0, 0
2.00, 5.70, 22.63, 22.63, 403.33, 20.00, 4.63, 16.11, 10.72, 0.00, 186.54, 0.00, 6.65, 30.68, 0, 0
2.00, 5.70, 22.86, 22.86, 584.18, 20.00, 4.63, 17.22, 11.83, 0.00, 174.02, 0.00, 33.24, 34.61, 0, 0
2.00, 5.70, 23.05, 23.05, 649.68, 20.00, 4.63, 17.22, 11.83, 0.00, 156.53, 0.00, 53.47, 42.46, 0, 0
2.00, 5.70, 23.21, 23.21, 696.24, 20.00, 4.63, 17.78, 12.46, 0.00, 126.18, 0.00, 68.37, 52.40, 0, 0
2.00, 5.70, 23.29, 23.29, 615.31, 20.00, 4.63, 17.22, 11.83, 0.00, 84.84, 0.00, 80.12, 63.34, 0, 0
2.00, 5.70, 23.38, 23.38, 657.69, 20.00, 4.63, 16.11, 10.72, 0.00, 46.12, 0.00, 90.00, 74.67, 0, 0
2.00, 5.70, 23.38, 23.38, 525.65, 20.00, 4.63, 14.44, 9.13, 0.00, 27.93, 80.09, 99.94, 85.98, 0, 0
2.00, 5.70, 23.35, 23.35, 422.74, 20.00, 4.63, 13.33, 8.03, 0.00, 1.64, 0.00, 0.00, 90.00, 0, 0
2.00, 5.70, 23.30, 23.30, 354.53, 20.00, 4.63, 12.22, 6.93, 0.00, 0.00, 0.00, 0.00, 90.00, 0, 0
2.00, 5.70, 23.17, 23.17, 120.15, 20.00, 4.63, 11.11, 5.69, 0.00, 0.00, 0.00, 0.00, 90.00, 0, 0
2.00, 5.70, 22.97, 22.97, -149.78, 20.00, 4.63, 10.00, 4.60, 0.00, 0.00, 0.00, 0.00, 90.00, 0, 0
2.00, 5.70, 22.76, 22.76, -297.28, 20.00, 4.63, 8.33, 3.03, 0.00, 0.00, 0.00, 0.00, 90.00, 0, 0
2.00, 5.70, 22.57, 22.57, -412.14, 20.00, 4.63, 7.22, 1.81, 0.00, 0.00, 0.00, 0.00, 90.00, 0, 0
2.00, 5.70, 22.38, 22.38, -522.06, 20.00, 4.63, 6.11, 0.72, 0.00, 0.00, 0.00, 0.00, 90.00, 0, 0
2.00, 5.70, 22.20, 22.20, -628.95, 20.00, 4.63, 5.00, -0.36, 0.00, 0.00, 0.00, 0.00, 90.00, 0, 0
2.00, 5.70, 22.02, 22.02, -734.03, 20.00, 4.63, 3.89, -1.44, 0.00, 0.00, 0.00, 0.00, 90.00, 0, 0
2.00, 5.70, 21.84, 21.84, -838.25, 20.00, 4.63, 2.78, -2.64, 0.00, 0.00, 0.00, 0.00, 90.00, 0, 0
2.00, 5.70, 21.69, 21.69, -878.05, 20.00, 4.63, 2.78, -2.64, 0.00, 6.57, 0.00, 0.00, 90.00, 0, 0
2.00, 5.70, 21.62, 21.62, -764.86, 20.00, 4.63, 4.44, -0.96, 24.59, 30.19, 84.31, -95.77, 80.53, 0, 0
2.00, 5.70, 21.63, 21.63, -630.75, 20.00, 4.63, 6.11, 0.72, 0.00, 70.15, 0.00, -86.01, 69.17, 0, 0
2.00, 5.70, 21.73, 21.73, -398.99, 20.00, 4.63, 8.33, 2.89, 0.00, 113.13, 0.00, -75.28, 57.96, 0, 0
2.00, 5.70, 21.85, 21.85, -242.17, 20.00, 4.63, 10.00, 4.60, 0.00, 147.33, 0.00, -62.33, 47.36, 0, 0
2.00, 5.70, 21.98, 21.98, -135.86, 20.00, 4.63, 11.11, 5.69, 0.00, 163.81, 0.00, -45.23, 38.17, 0, 0
2.00, 5.70, 22.09, 22.09, -83.99, 20.00, 4.63, 11.67, 6.17, 0.00, 166.44, 0.00, -21.81, 31.83, 0, 0
2.00, 5.70, 22.16, 22.16, -76.79, 20.00, 4.63, 11.67, 6.17, 0.00, 159.41, 0.00, 6.83, 30.33, 0, 0
2.00, 5.70, 22.23, 22.23, -24.51, 20.00, 4.63, 11.67, 6.17, 0.00, 159.08, 0.00, 33.61, 34.31, 0, 0
2.00, 5.70, 22.29, 22.29, -3.07, 20.00, 4.63, 11.67, 6.17, 0.00, 146.75, 0.00, 53.88, 42.21, 0, 0
2.00, 5.70, 22.32, 22.32, -31.38, 20.00, 4.63, 11.67, 6.17, 0.00, 117.44, 0.00, 68.75, 52.20, 0, 0
2.00, 5.70, 22.35, 22.35, -3.50, 20.00, 4.63, 11.11, 5.69, 0.00, 88.31, 0.00, 80.48, 63.15, 0, 0
2.00, 5.70, 22.43, 22.43, 117.54, 20.00, 4.63, 10.56, 5.07, 0.00, 50.52, 0.00, 90.00, 74.48, 0, 0
2.00, 5.70, 22.44, 22.44, 20.84, 20.00, 4.63, 9.44, 3.98, 0.00, 23.00, 79.78, 100.25, 85.79, 0, 0
2.00, 5.70, 22.41, 22.41, -69.31, 20.00, 4.63, 8.33, 2.89, 0.00, 1.64, 0.00, 0.00, 90.00, 0, 0
2.00, 5.70, 22.36, 22.36, -130.95, 20.00, 4.63, 7.22, 1.81, 0.00, 0.00, 0.00, 0.00, 90.00, 0, 0
2.00, 5.70, 22.22, 22.22, -363.71, 20.00, 4.63, 6.11, 0.59, 0.00, 0.00, 0.00, 0.00, 90.00, 0, 0
2.00, 5.70, 22.00, 22.00, -633.98, 20.00, 4.63, 5.00, -0.49, 0.00, 0.00, 0.00, 0.00, 90.00, 0, 0
2.00, 5.70, 21.80, 21.80, -755.16, 20.00, 4.63, 3.89, -1.56, 0.00, 0.00, 0.00, 0.00, 90.00, 0, 0
2.00, 5.70, 21.61, 21.61, -841.22, 20.00, 4.63, 3.33, -2.16, 0.00, 0.00, 0.00, 0.00, 90.00, 0, 0
2.00, 5.70, 21.43, 21.43, -950.15, 20.00, 4.63, 2.22, -3.24, 0.00, 0.00, 0.00, 0.00, 90.00, 0, 0
2.00, 5.70, 21.26, 21.26, -1028.06, 20.00, 4.63, 1.67, -3.84, 0.00, 0.00, 0.00, 0.00, 90.00, 0, 0
2.00, 5.70, 21.09, 21.09, -1102.42, 20.00, 4.63, 1.11, -4.44, 0.00, 0.00, 0.00, 0.00, 90.00, 0, 0
2.00, 5.70, 20.92, 20.92, -1203.81, 20.00, 4.63, 0.00, -5.52, 0.00, 0.00, 0.00, 0.00, 90.00, 0, 0
2.00, 5.70, 20.77, 20.77, -1245.77, 20.00, 4.63, 0.00, -5.52, 0.00, 3.29, 0.00, 0.00, 90.00, 0, 0
2.00, 5.70, 20.68, 20.68, -1187.11, 20.00, 4.63, 1.11, -4.44, 1.98, 25.36, 84.07, -96.01, 80.26, 0, 0
2.00, 5.70, 20.68, 20.68, -1032.42, 20.00, 4.63, 2.78, -2.77, 0.00, 69.37, 0.00, -86.27, 68.90, 0, 0
2.00, 5.70, 20.74, 20.74, -851.22, 20.00, 4.63, 4.44, -0.96, 0.00, 113.38, 0.00, -75.55, 57.68, 0, 0
2.00, 5.70, 20.84, 20.84, -705.89, 20.00, 4.63, 6.11, 0.59, 0.00, 140.44, 0.00, -62.60, 47.06, 0, 0
2.00, 5.70, 20.99, 20.99, -489.86, 20.00, 4.63, 7.78, 2.28, 0.00, 175.04, 0.00, -45.47, 37.83, 0, 0
2.00, 5.70, 21.21, 21.21, -220.95, 20.00, 4.63, 9.44, 3.85, 0.00, 193.87, 0.00, -21.90, 31.47, 0, 0
2.00, 5.70, 21.40, 21.40, -117.72, 20.00, 4.63, 10.56, 4.93, 0.00, 198.16, 0.00, 7.01, 29.98, 0, 0
2.00, 5.70, 21.55, 21.55, -65.20, 20.00, 4.63, 11.11, 5.55, 0.00, 183.39, 0.00, 33.98, 34.01, 0, 0
2.00, 5.70, 21.67, 21.67, -32.86, 20.00, 4.63, 11.67, 6.03, 0.00, 162.97, 0.00, 54.28, 41.97, 0, 0
2.00, 5.70, 21.70, 21.70, -158.75, 20.00, 4.63, 11.11, 5.55, 0.00, 116.71, 0.00, 69.13, 51.99, 0, 0
2.00, 5.70, 21.69, 21.69, -221.03, 20.00, 4.63, 10.00, 4.46, 0.00, 77.96, 0.00, 80.83, 62.97, 0, 0
2.00, 5.70, 21.74, 21.74, -118.12, 20.00, 4.63, 8.89, 3.37, 0.00, 47.23, 0.00, 90.00, 74.30, 0, 0
2.00, 5.70, 21.72, 21.72, -216.64, 20.00, 4.63, 7.78, 2.28, 0.00, 16.43, 79.47, 100.56, 85.60, 0, 0
2.00, 5.70, 21.69, 21.69, -274.48, 20.00, 4.63, 7.22, 1.68, 0.00, 1.64, 0.00, 0.00, 90.00, 0, 0
2.00, 5.70, 21.64, 21.64, -335.98, 20.00, 4.63, 6.11, 0.72, 0.00, 0.00, 0.00, 0.00, 90.00, 0, 0
2.00, 5.70, 21.51, 21.51, -540.50, 20.00, 4.63, 5.56, 0.12, 0.00, 0.00, 0.00, 0.00, 90.00, 0, 0
2.00, 5.70, 21.31, 21.31, -779.94, 20.00, 4.63, 5.00, -0.49, 0.00, 0.00, 0.00, 0.00, 90.00, 0, 0
2.00, 5.70, 21.14, 21.14, -868.07, 20.00, 4.63, 4.44, -1.09, 0.00, 0.00, 0.00, 0.00, 90.00, 0, 0
2.00, 5.70, 20.97, 20.97, -948.21, 20.00, 4.63, 3.89, -1.69, 0.00, 0.00, 0.00, 0.00, 90.00, 0, 0
2.00, 5.70, 20.81, 20.81, -1051.95, 20.00, 4.63, 2.78, -2.64, 0.00, 0.00, 0.00, 0.00, 90.00, 0, 0
2.00, 5.70, 20.65, 20.65, -1125.46, 20.00, 4.63, 2.22, -3.24, 0.00, 0.00, 0.00, 0.00, 90.00, 0, 0
2.00, 5.70, 20.50, 20.50, -1195.86, 20.00, 4.63, 1.67, -3.84, 0.00, 0.00, 0.00, 0.00, 90.00, 0, 0
2.00, 5.70, 20.36, 20.36, -1264.12, 20.00, 4.63, 1.11, -4.44, 0.00, 0.00, 0.00, 0.00, 90.00, 0, 0
2.00, 5.70, 20.24, 20.24, -1277.22, 20.00, 4.63, 1.11, -4.31, 0.00, 4.93, 0.00, 0.00, 90.00, 0, 0
2.00, 5.70, 20.21, 20.21, -1141.80, 20.00, 4.63, 2.78, -2.64, 29.92, 30.73, 83.84, -96.25, 79.99, 0, 0
2.00, 5.70, 20.23, 20.23, -1001.78, 20.00, 4.63, 4.44, -0.96, 0.00, 69.58, 0.00, -86.52, 68.63, 0, 0
2.00, 5.70, 20.34, 20.34, -790.45, 20.00, 4.63, 6.67, 1.20, 0.00, 109.10, 0.00, -75.82, 57.40, 0, 0
2.00, 5.70, 20.50, 20.50, -554.07, 20.00, 4.63, 8.89, 3.37, 0.00, 149.10, 0.00, -62.88, 46.76, 0, 0
2.00, 5.70, 20.71, 20.71, -326.08, 20.00, 4.63, 10.56, 5.07, 0.00, 172.24, 0.00, -45.71, 37.51, 0, 0
2.00, 5.70, 20.91, 20.91, -202.74, 20.00, 4.63, 11.67, 6.17, 0.00, 191.61, 0.00, -22.00, 31.12, 0, 0
2.00, 5.70, 21.08, 21.08, -107.32, 20.00, 4.63, 12.78, 7.12, 0.00, 196.69, 0.00, 7.20, 29.63, 0, 0
2.00, 5.70, 21.27, 21.27, 42.62, 20.00, 4.63, 13.33, 7.74, 0.00, 190.67, 0.00, 34.35, 33.71, 0, 0
2.00, 5.70, 21.39, 21.39, 20.50, 20.00, 4.63, 13.33, 7.74, 0.00, 162.63, 0.00, 54.68, 41.73, 0, 0
2.00, 5.70, 21.46, 21.46, -10.13, 20.00, 4.63, 13.33, 7.74, 0.00, 133.30, 0.00, 69.51, 51.78, 0, 0
2.00, 5.70, 21.52, 21.52, -15.09, 20.00, 4.63, 12.78, 7.12, 0.00, 94.39, 0.00, 81.17, 62.78, 0, 0
2.00, 5.70, 21.59, 21.59, 48.15, 20.00, 4.63, 11.67, 6.03, 0.00, 51.16, 0.00, 90.00, 74.12, 0, 0
2.00, 5.70, 21.59, 21.59, -57.10, 20.00, 4.63, 10.56, 4.93, 0.00, 21.36, 79.16, 100.87, 85.41, 0, 0
2.00, 5.70, 21.55, 21.55, -176.80, 20.00, 4.63, 8.89, 3.37, 0.00, 1.64, 0.00, 0.00, 90.00, 0, 0
2.00, 5.70, 21.49, 21.49, -242.81, 20.00, 4.63, 7.78, 2.15, 0.00, 0.00, 0.00, 0.00, 90.00, 0, 0
2.00, 5.70, 21.35, 21.35, -477.84, 20.00, 4.63, 6.67, 1.07, 0.00, 0.00, 0.00, 0.00, 90.00, 0, 0
2.00, 5.70, 21.13, 21.13, -749.28, 20.00, 4.63, 5.56, -0.01, 0.00, 0.00, 0.00, 0.00, 90.00, 0, 0
2.00, 5.70, 20.91, 20.91, -899.72, 20.00, 4.63, 3.89, -1.69, 0.00, 0.00, 0.00, 0.00, 90.00, 0, 0
2.00, 5.70, 20.72, 20.72, -988.08, 20.00, 4.63, 3.33, -2.30, 0.00, 0.00, 0.00, 0.00, 90.00, 0, 0
2.00, 5.70, 20.53, 20.53, -1098.38, 20.00, 4.63, 2.22, -3.37, 0.00, 0.00, 0.00, 0.00, 90.00, 0, 0
2.00, 5.70, 20.34, 20.34, -1206.49, 20.00, 4.63, 1.11, -4.59, 0.00, 0.00, 0.00, 0.00, 90.00, 0, 0
2.00, 5.70, 20.16, 20.16, -1313.20, 20.00, 4.63, 0.00, -5.66, 0.00, 0.00, 0.00, 0.00, 90.00, 0, 0
2.00, 5.70, 19.97, 19.97, -1419.30, 20.00, 4.63, -1.11, -6.72, 0.00, 0.00, 0.00, 0.00, 90.00, 0, 0
2.00, 5.70, 20.00, 20.00, -1311.74, 20.00, 4.63, -1.11, -6.72, 0.00, 4.93, 0.00, 0.00, 90.00, 0, 0
2.00, 5.70, 20.00, 20.00, -1165.07, 20.00, 4.63, 0.56, -5.05, 30.00, 34.36, 83.61, -96.49, 79.72, 0, 0
2.00, 5.70, 20.04, 20.04, -932.95, 20.00, 4.63, 3.33, -2.30, 0.00, 76.40, 0.00, -86.78, 68.36, 0, 0
2.00, 5.70, 20.16, 20.16, -707.85, 20.00, 4.63, 5.56, -0.01, 0.00, 105.85, 0.00, -76.09, 57.13, 0, 0
2.00, 5.70, 20.35, 20.35, -459.81, 20.00, 4.63, 7.78, 2.15, 0.00, 131.82, 0.00, -63.16, 46.47, 0, 0
2.00, 5.70, 20.60, 20.60, -179.26, 20.00, 4.63, 10.00, 4.32, 0.00, 151.58, 0.00, -45.96, 37.18, 0, 0
2.00, 5.70, 20.88, 20.88, 76.39, 20.00, 4.63, 11.67, 6.03, 0.00, 169.34, 0.00, -22.09, 30.76, 0, 0
2.00, 5.70, 21.14, 21.14, 208.03, 20.00, 4.63, 13.33, 7.59, 0.00, 178.73, 0.00, 7.38, 29.28, 0, 0
2.00, 5.70, 21.39, 21.39, 364.19, 20.00, 4.63, 13.89, 8.22, 0.00, 171.32, 0.00, 34.72, 33.42, 0, 0
2.00, 5.70, 21.59, 21.59, 416.97, 20.00, 4.63, 14.44, 8.68, 0.00, 159.93, 0.00, 55.08, 41.49, 0, 0
2.00, 5.70, 21.72, 21.72, 373.00, 20.00, 4.63, 13.89, 8.22, 0.00, 127.06, 0.00, 69.89, 51.58, 0, 0
2.00, 5.70, 21.77, 21.77, 262.87, 20.00, 4.63, 13.33, 7.59, 0.00, 88.93, 0.00, 81.52, 62.59, 0, 0
2.00, 5.70, 21.81, 21.81, 267.60, 20.00, 4.63, 11.67, 6.03, 0.00, 49.06, 0.00, 90.00, 73.94, 0, 0
2.00, 5.70, 21.79, 21.79, 116.54, 20.00, 4.63, 10.00, 4.32, 0.00, 26.29, 78.86, 101.18, 85.23, 0, 0
2.00, 5.70, 21.73, 21.73, 4.81, 20.00, 4.63, 8.89, 3.23, 0.00, 1.64, 0.00, 0.00, 90.00, 0, 0
2.00, 5.70, 21.66, 21.66, -69.74, 20.00, 4.63, 7.78, 2.15, 0.00, 0.00, 0.00, 0.00, 90.00, 0, 0
2.00, 5.70, 21.49, 21.49, -364.35, 20.00, 4.63, 6.67, 1.07, 0.00, 0.00, 0.00, 0.00, 90.00, 0, 0
2.00, 5.70, 21.25, 21.25, -648.91, 20.00, 4.63, 5.56, -0.01, 0.00, 0.00, 0.00, 0.00, 90.00, 0, 0
2.00, 5.70, 21.02, 21.02, -780.75, 20.00, 4.63, 4.44, -1.09, 0.00, 0.00, 0.00, 0.00, 90.00, 0, 0
2.00, 5.70, 20.82, 20.82, -874.98, 20.00, 4.63, 3.89, -1.69, 0.00, 0.00, 0.00, 0.00, 90.00, 0, 0
2.00, 5.70, 20.64, 20.64, -961.03, 20.00, 4.63, 3.33, -2.30, 0.00, 0.00, 0.00, 0.00, 90.00, 0, 0
2.00, 5.70, 20.47, 20.47, -1041.27, 20.00, 4.63, 2.78, -2.91, 0.00, 0.00, 0.00, 0.00, 90.00, 0, 0
2.00, 5.70, 20.30, 20.30, -1146.55, 20.00, 4.63, 1.67, -3.98, 0.00, 0.00, 0.00, 0.00, 90.00, 0, 0
2.00, 5.70, 20.14, 20.14, -1221.95, 20.00, 4.63, 1.11, -4.44, 0.00, 0.00, 0.00, 0.00, 90.00, 0, 0
2.00, 5.70, 20.06, 20.06, -1144.03, 20.00, 4.63, 1.11, -4.44, 0.00, 4.93, 0.00, 0.00, 90.00, 0, 0
2.00, 5.70, 20.05, 20.05, -1004.68, 20.00, 4.63, 2.78, -2.77, 26.48, 32.61, 83.38, -96.73, 79.46, 0, 0
2.00, 5.70, 20.12, 20.12, -809.71, 20.00, 4.63, 5.00, -0.49, 0.00, 71.00, 0.00, -87.03, 68.10, 0, 0
2.00, 5.70, 20.26, 20.26, -591.79, 20.00, 4.63, 7.22, 1.81, 0.00, 105.44, 0.00, -76.36, 56.86, 0, 0
2.00, 5.70, 20.46, 20.46, -340.42, 20.00, 4.63, 9.44, 3.98, 0.00, 139.62, 0.00, -63.44, 46.18, 0, 0
2.00, 5.70, 20.70, 20.70, -105.93, 20.00, 4.63, 11.11, 5.69, 0.00, 165.16, 0.00, -46.21, 36.86, 0, 0
2.00, 5.70, 20.96, 20.96, 108.87, 20.00, 4.63, 12.78, 7.26, 0.00, 189.93, 0.00, -22.19, 30.41, 0, 0
2.00, 5.70, 21.18, 21.18, 209.15, 20.00, 4.63, 13.89, 8.36, 0.00, 194.79, 0.00, 7.56, 28.94, 0, 0
2.00, 5.70, 21.39, 21.39, 315.13, 20.00, 4.63, 14.44, 8.99, 0.00, 183.28, 0.00, 35.09, 33.13, 0, 0
2.00, 5.70, 21.55, 21.55, 335.96, 20.00, 4.63, 14.44, 8.99, 0.00, 165.09, 0.00, 55.48, 41.25, 0, 0
2.00, 5.70, 21.66, 21.66, 318.41, 20.00, 4.63, 14.44, 8.99, 0.00, 132.19, 0.00, 70.26, 51.38, 0, 0
2.00, 5.70, 21.72, 21.72, 271.14, 20.00, 4.63, 13.89, 8.51, 0.00, 95.70, 0.00, 81.86, 62.41, 0, 0
2.00, 5.70, 21.77, 21.77, 267.56, 20.00, 4.63, 12.22, 6.93, 0.00, 45.37, 0.00, 90.00, 73.76, 0, 0
2.00, 5.70, 21.77, 21.77, 154.22, 20.00, 4.63, 11.11, 5.83, 0.00, 16.43, 78.57, 101.48, 85.04, 0, 0
2.00, 5.70, 21.73, 21.73, 63.42, 20.00, 4.63, 10.00, 4.73, 0.00, 1.64, 0.00, 0.00, 90.00, 0, 0
2.00, 5.70, 21.70, 21.70, 23.89, 20.00, 4.63, 9.44, 4.25, 0.00, 0.00, 0.00, 0.00, 90.00, 0, 0
2.00, 5.70, 21.58, 21.58, -206.14, 20.00, 4.63, 9.44, 4.25, 0.00, 0.00, 0.00, 0.00, 90.00, 0, 0
2.00, 5.70, 21.39, 21.39, -450.72, 20.00, 4.63, 8.89, 3.64, 0.00, 0.00, 0.00, 0.00, 90.00, 0, 0
2.00, 5.70, 21.22, 21.22, -541.90, 20.00, 4.63, 8.33, 3.15, 0.00, 0.00, 0.00, 0.00, 90.00, 0, 0
2.00, 5.70, 21.08, 21.08, -595.50, 20.00, 4.63, 8.33, 3.03, 0.00, 0.00, 0.00, 0.00, 90.00, 0, 0
2.00, 5.70, 20.96, 20.96, -640.17, 20.00, 4.63, 8.33, 3.03, 0.00, 0.00, 0.00, 0.00, 90.00, 0, 0
2.00, 5.70, 20.86, 20.86, -678.22, 20.00, 4.63, 8.33, 3.15, 0.00, 0.00, 0.00, 0.00, 90.00, 0, 0
2.00, 5.70, 20.77, 20.77, -711.39, 20.00, 4.63, 8.33, 3.15, 0.00, 0.00, 0.00, 0.00, 90.00, 0, 0
2.00, 5.70, 20.69, 20.69, -740.75, 20.00, 4.63, 8.33, 3.15, 0.00, 0.00, 0.00, 0.00, 90.00, 0, 0
2.00, 5.70, 20.63, 20.63, -733.84, 20.00, 4.63, 8.89, 3.76, 0.00, 3.29, 0.00, 0.00, 90.00, 0, 0
2.00, 5.70, 20.59, 20.59, -741.27, 20.00, 4.63, 8.89, 3.88, 0.00, 11.50, 83.15, -96.97, 79.20, 0, 0
2.00, 5.70, 20.56, 20.56, -703.83, 20.00, 4.63, 9.44, 4.37, 0.00, 27.93, 0.00, -87.29, 67.84, 0, 0
2.00, 5.70, 20.58, 20.58, -623.86, 20.00, 4.63, 10.00, 4.98, 0.00, 65.97, 0.00, -76.64, 56.59, 0, 0
2.00, 5.70, 20.64, 20.64, -488.47, 20.00, 4.63, 11.11, 6.08, 0.00, 110.37, 0.00, -63.72, 45.89, 0, 0
2.00, 5.70, 20.72, 20.72, -409.00, 20.00, 4.63, 12.22, 7.06, 0.00, 110.56, 0.00, -46.46, 36.55, 0, 0
2.00, 5.70, 20.76, 20.76, -423.66, 20.00, 4.63, 12.22, 7.18, 0.00, 88.18, 0.00, -22.30, 30.07, 0, 0
2.00, 5.70, 20.80, 20.80, -408.58, 20.00, 4.63, 12.78, 7.67, 0.00, 74.47, 0.00, 7.74, 28.60, 0, 0
2.00, 5.70, 20.83, 20.83, -391.36, 20.00, 4.63, 12.78, 7.55, 0.00, 65.72, 0.00, 35.46, 32.85, 0, 0
2.00, 5.70, 20.82, 20.82, -442.08, 20.00, 4.63, 12.22, 7.06, 0.00, 47.65, 0.00, 55.88, 41.02, 0, 0
2.00, 5.70, 20.79, 20.79, -499.81, 20.00, 4.63, 12.22, 7.06, 0.00, 13.14, 0.00, 70.63, 51.18, 0, 0
2.00, 5.70, 20.80, 20.80, -435.96, 20.00, 4.63, 11.67, 6.57, 0.00, 26.29, 0.00, 82.19, 62.23, 0, 0
2.00, 5.70, 20.89, 20.89, -249.87, 20.00, 4.63, 11.11, 5.96, 0.00, 23.00, 0.00, 90.00, 73.58, 0, 0
2.00, 5.70, 20.96, 20.96, -241.73, 20.00, 4.63, 11.11, 5.96, 0.00, 8.22, 78.27, 101.77, 84.85, 0, 0
2.00, 5.70, 21.00, 21.00, -260.56, 20.00, 4.63, 10.56, 5.47, 0.00, 1.64, 0.00, 0.00, 90.00, 0, 0
2.00, 5.70, 21.02, 21.02, -272.28, 20.00, 4.63, 10.00, 4.86, 0.00, 0.00, 0.00, 0.00, 90.00, 0, 0
2.00, 5.70, 20.96, 20.96, -427.74, 20.00, 4.63, 10.00, 4.86, 0.00, 0.00, 0.00, 0.00, 90.00, 0, 0
2.00, 5.70, 20.82, 20.82, -647.22, 20.00, 4.63, 9.44, 4.25, 0.00, 0.00, 0.00, 0.00, 90.00, 0, 0
2.00, 5.70, 20.70, 20.70, -718.44, 20.00, 4.63, 8.89, 3.64, 0.00, 0.00, 0.00, 0.00, 90.00, 0, 0
2.00, 5.70, 20.57, 20.57, -812.06, 20.00, 4.63, 7.78, 2.55, 0.00, 0.00, 0.00, 0.00, 90.00, 0, 0
2.00, 5.70, 20.44, 20.44, -904.62, 20.00, 4.63, 6.67, 1.46, 0.00, 0.00, 0.00, 0.00, 90.00, 0, 0
2.00, 5.70, 20.28, 20.28, -1025.61, 20.00, 4.63, 5.00, -0.23, 0.00, 0.00, 0.00, 0.00, 90.00, 0, 0
2.00, 5.70, 20.13, 20.13, -1120.73, 20.00, 4.63, 3.89, -1.44, 0.00, 0.00, 0.00, 0.00, 90.00, 0, 0
2.00, 5.70, 19.96, 19.96, -1245.06, 20.00, 4.63, 2.22, -3.00, 0.00, 0.00, 0.00, 0.00, 90.00, 0, 0
2.00, 5.70, 20.00, 20.00, -1209.02, 20.00, 4.63, 2.22, -3.00, 0.00, 4.93, 0.00, 0.00, 90.00, 0, 0
2.00, 5.70, 20.00, 20.00, -1079.24, 20.00, 4.63, 3.89, -1.44, 21.99, 32.21, 82.93, -97.21, 78.94, 0, 0
2.00, 5.70, 20.00, 20.00, -973.17, 20.00, 4.63, 5.00, -0.23, 0.00, 74.67, 90.00, -90.00, 67.59, 0, 0
2.00, 5.70, 20.06, 20.06, -760.00, 20.00, 4.63, 7.22, 1.94, 0.00, 116.38, 0.00, -76.91, 56.33, 0, 0
2.00, 5.70, 20.16, 20.16, -600.68, 20.00, 4.63, 8.89, 3.64, 0.00, 152.15, 0.00, -64.01, 45.61, 0, 0
2.00, 5.70, 20.28, 20.28, -473.87, 20.00, 4.63, 10.00, 4.73, 0.00, 174.23, 0.00, -46.72, 36.24, 0, 0
2.00, 5.70, 20.49, 20.49, -210.07, 20.00, 4.63, 11.67, 6.44, 0.00, 199.87, 0.00, -22.41, 29.73, 0, 0
2.00, 5.70, 20.63, 20.63, -191.50, 20.00, 4.63, 12.78, 7.41, 0.00, 186.24, 0.00, 7.92, 28.26, 0, 0
2.00, 5.70, 20.76, 20.76, -121.06, 20.00, 4.63, 12.78, 7.41, 0.00, 180.87, 0.00, 35.82, 32.56, 0, 0
2.00, 5.70, 20.88, 20.88, -73.33, 20.00, 4.63, 13.33, 8.03, 0.00, 167.36, 0.00, 56.27, 40.79, 0, 0
2.00, 5.70, 20.94, 20.94, -123.17, 20.00, 4.63, 12.78, 7.55, 0.00, 135.84, 0.00, 70.99, 50.99, 0, 0
2.00, 5.70, 20.97, 20.97, -161.73, 20.00, 4.63, 12.22, 6.93, 0.00, 94.03, 0.00, 82.53, 62.05, 0, 0
2.00, 5.70, 21.03, 21.03, -73.71, 20.00, 4.63, 11.11, 5.83, 0.00, 53.86, 0.00, 90.00, 73.40, 0, 0
2.00, 5.70, 21.04, 21.04, -177.05, 20.00, 4.63, 10.00, 4.73, 0.00, 19.72, 77.99, 102.07, 84.67, 0, 0
2.00, 5.70, 21.00, 21.00, -265.59, 20.00, 4.63, 8.89, 3.64, 0.00, 1.64, 0.00, 0.00, 90.00, 0, 0
2.00, 5.70, 20.97, 20.97, -300.26, 20.00, 4.63, 8.33, 3.03, 0.00, 0.00, 0.00, 0.00, 90.00, 0, 0
2.00, 5.70, 20.84, 20.84, -530.52, 20.00, 4.63, 7.22, 1.94, 0.00, 0.00, 0.00, 0.00, 90.00, 0, 0
2.00, 5.70, 20.65, 20.65, -769.71, 20.00, 4.63, 6.67, 1.33, 0.00, 0.00, 0.00, 0.00, 90.00, 0, 0
2.00, 5.70, 20.47, 20.47, -885.55, 20.00, 4.63, 5.56, 0.24, 0.00, 0.00, 0.00, 0.00, 90.00, 0, 0
2.00, 5.70, 20.30, 20.30, -966.87, 20.00, 4.63, 5.00, -0.36, 0.00, 0.00, 0.00, 0.00, 90.00, 0, 0
2.00, 5.70, 20.15, 20.15, -1042.10, 20.00, 4.63, 4.44, -0.96, 0.00, 0.00, 0.00, 0.00, 90.00, 0, 0
2.00, 5.70, 20.01, 20.01, -1113.02, 20.00, 4.63, 3.89, -1.44, 0.00, 0.00, 0.00, 0.00, 90.00, 0, 0
2.00, 5.70, 19.87, 19.87, -1181.02, 20.00, 4.63, 3.33, -2.04, 0.00, 0.00, 0.00, 0.00, 90.00, 0, 0
2.00, 5.70, 19.74, 19.74, -1246.91, 20.00, 4.63, 2.78, -2.64, 0.00, 0.00, 0.00, 0.00, 90.00, 0, 0
2.00, 5.70, 20.00, 20.00, -1141.99, 20.00, 4.63, 3.33, -2.04, 0.00, 11.50, 0.00, -107.01, 89.79, 0, 0
2.00, 5.70, 20.00, 20.00, -995.25, 20.00, 4.63, 5.00, -0.36, 44.59, 31.34, 82.70, -97.44, 78.69, 0, 0
2.00, 5.70, 20.00, 20.00, -820.30, 20.00, 4.63, 7.22, 1.94, 0.00, 65.43, 90.00, -90.00, 67.34, 0, 0
2.00, 5.70, 20.09, 20.09, -606.27, 20.00, 4.63, 9.44, 4.12, 0.00, 98.93, 0.00, -77.18, 56.07, 0, 0
2.00, 5.70, 20.27, 20.27, -330.49, 20.00, 4.63, 12.22, 6.93, 0.00, 132.83, 0.00, -64.29, 45.34, 0, 0
2.00, 5.70, 20.49, 20.49, -95.76, 20.00, 4.63, 13.89, 8.51, 0.00, 168.88, 0.00, -46.98, 35.93, 0, 0
2.00, 5.70, 20.74, 20.74, 108.66, 20.00, 4.63, 15.56, 10.24, 0.00, 193.32, 0.00, -22.52, 29.39, 0, 0
2.00, 5.70, 20.97, 20.97, 236.15, 20.00, 4.63, 16.67, 11.35, 0.00, 194.22, 0.00, 8.10, 27.93, 0, 0
2.00, 5.70, 21.22, 21.22, 417.63, 20.00, 4.63, 17.78, 12.31, 0.00, 180.73, 0.00, 36.19, 32.28, 0, 0
2.00, 5.70, 21.44, 21.44, 506.61, 20.00, 4.63, 17.78, 12.46, 0.00, 154.23, 0.00, 56.66, 40.56, 0, 0
2.00, 5.70, 21.60, 21.60, 506.29, 20.00, 4.63, 17.78, 12.46, 0.00, 115.98, 0.00, 71.35, 50.79, 0, 0
2.00, 5.70, 21.68, 21.68, 402.54, 20.00, 4.63, 17.22, 11.83, 0.00, 81.24, 0.00, 82.86, 61.87, 0, 0
2.00, 5.70, 21.76, 21.76, 450.82, 20.00, 4.63, 16.11, 10.72, 22.99, 46.17, 87.28, 92.84, 73.22, 0, 0
2.00, 5.70, 21.77, 21.77, 311.48, 20.00, 4.63, 14.44, 9.13, 0.00, 39.43, 77.70, 102.36, 84.49, 0, 0
2.00, 5.70, 21.74, 21.74, 192.52, 20.00, 4.63, 13.33, 8.03, 0.00, 3.29, 0.00, 0.00, 90.00, 0, 0
2.00, 5.70, 21.69, 21.69, 118.46, 20.00, 4.63, 12.22, 6.93, 0.00, 0.00, 0.00, 0.00, 90.00, 0, 0
2.00, 5.70, 21.56, 21.56, -118.48, 20.00, 4.63, 11.11, 5.83, 0.00, 0.00, 0.00, 0.00, 90.00, 0, 0
2.00, 5.70, 21.35, 21.35, -390.10, 20.00, 4.63, 10.00, 4.73, 0.00, 0.00, 0.00, 0.00, 90.00, 0, 0
2.00, 5.70, 21.16, 21.16, -510.60, 20.00, 4.63, 8.89, 3.51, 0.00, 0.00, 0.00, 0.00, 90.00, 0, 0
2.00, 5.70, 20.98, 20.98, -623.39, 20.00, 4.63, 7.78, 2.42, 0.00, 0.00, 0.00, 0.00, 90.00, 0, 0
2.00, 5.70, 20.82, 20.82, -703.02, 20.00, 4.63, 7.22, 1.81, 0.00, 0.00, 0.00, 0.00, 90.00, 0, 0
2.00, 5.70, 20.66, 20.66, -805.36, 20.00, 4.63, 6.11, 0.85, 0.00, 0.00, 0.00, 0.00, 90.00, 0, 0
2.00, 5.70, 20.52, 20.52, -877.75, 20.00, 4.63, 5.56, 0.24, 0.00, 0.00, 0.00, 0.00, 90.00, 0, 0
2.00, 5.70, 20.36, 20.36, -975.56, 20.00, 4.63, 4.44, -0.84, 0.00, 0.00, 0.00, 0.00, 90.00, 0, 0
2.00, 5.70, 20.26, 20.26, -965.96, 20.00, 4.63, 5.00, -0.23, 0.00, 11.50, 0.00, -107.23, 89.54, 0, 0
2.00, 5.70, 20.21, 20.21, -900.82, 20.00, 4.63, 6.11, 0.85, 1.69, 30.83, 82.48, -97.68, 78.44, 0, 0
2.00, 5.70, 20.22, 20.22, -765.38, 20.00, 4.63, 7.78, 2.55, 0.00, 70.33, 90.00, -90.00, 67.09, 0, 0
2.00, 5.70, 20.28, 20.28, -651.06, 20.00, 4.63, 8.89, 3.64, 0.00, 103.59, 0.00, -77.45, 55.82, 0, 0
2.00, 5.70, 20.33, 20.33, -611.43, 20.00, 4.63, 9.44, 4.25, 0.00, 102.93, 0.00, -64.58, 45.07, 0, 0
2.00, 5.70, 20.37, 20.37, -586.61, 20.00, 4.63, 10.00, 4.73, 0.00, 93.85, 0.00, -47.24, 35.63, 0, 0
2.00, 5.70, 20.49, 20.49, -378.37, 20.00, 4.63, 11.11, 5.83, 0.00, 162.72, 0.00, -22.64, 29.06, 0, 0
2.00, 5.70, 20.69, 20.69, -115.84, 20.00, 4.63, 12.78, 7.55, 0.00, 196.88, 0.00, 8.27, 27.61, 0, 0
2.00, 5.70, 20.94, 20.94, 139.84, 20.00, 4.63, 14.44, 9.13, 0.00, 188.45, 0.00, 36.56, 32.01, 0, 0
2.00, 5.70, 21.21, 21.21, 350.30, 20.00, 4.63, 15.56, 10.24, 0.00, 172.57, 0.00, 57.05, 40.34, 0, 0
2.00, 5.70, 21.37, 21.37, 289.58, 20.00, 4.63, 16.11, 10.86, 0.00, 139.15, 0.00, 71.71, 50.60, 0, 0
2.00, 5.70, 21.45, 21.45, 198.69, 20.00, 4.63, 15.56, 10.24, 0.00, 94.97, 0.00, 83.18, 61.69, 0, 0
2.00, 5.70, 21.56, 21.56, 307.72, 20.00, 4.63, 15.00, 9.76, 14.49, 53.48, 86.99, 93.15, 73.05, 0, 0
2.00, 5.70, 21.60, 21.60, 202.05, 20.00, 4.63, 13.89, 8.65, 0.00, 29.57, 77.42, 102.64, 84.30, 0, 0
2.00, 5.70, 21.59, 21.59, 102.92, 20.00, 4.63, 12.78, 7.55, 0.00, 1.64, 0.00, 0.00, 90.00, 0, 0
2.00, 5.70, 21.56, 21.56, 39.41, 20.00, 4.63, 11.67, 6.44, 0.00, 0.00, 0.00, 0.00, 90.00, 0, 0
2.00, 5.70, 21.46, 21.46, -163.48, 20.00, 4.63, 11.11, 5.96, 0.00, 0.00, 0.00, 0.00, 90.00, 0, 0
2.00, 5.70, 21.28, 21.28, -427.97, 20.00, 4.63, 10.00, 4.86, 0.00, 0.00, 0.00, 0.00, 90.00, 0, 0
2.00, 5.70, 21.12, 21.12, -514.87, 20.00, 4.63, 9.44, 4.25, 0.00, 0.00, 0.00, 0.00, 90.00, 0, 0
2.00, 5.70, 20.96, 20.96, -620.80, 20.00, 4.63, 8.33, 3.15, 0.00, 0.00, 0.00, 0.00, 90.00, 0, 0
2.00, 5.70, 20.82, 20.82, -694.97, 20.00, 4.63, 7.78, 2.55, 0.00, 0.00, 0.00, 0.00, 90.00, 0, 0
2.00, 5.70, 20.67, 20.67, -792.80, 20.00, 4.63, 6.67, 1.46, 0.00, 0.00, 0.00, 0.00, 90.00, 0, 0
2.00, 5.70, 20.52, 20.52, -889.94, 20.00, 4.63, 5.56, 0.37, 0.00, 0.00, 0.00, 0.00, 90.00, 0, 0
2.00, 5.70, 20.39, 20.39, -958.16, 20.00, 4.63, 5.00, -0.23, 0.00, 0.00, 0.00, 0.00, 90.00, 0, 0
2.00, 5.70, 20.28, 20.28, -975.54, 20.00, 4.63, 5.00, -0.12, 0.00, 9.86, 0.00, -107.45, 89.28, 0, 0
2.00, 5.70, 20.23, 20.23, -897.73, 20.00, 4.63, 6.11, 0.97, 4.78, 35.38, 82.26, -97.91, 78.20, 0, 0
2.00, 5.70, 20.25, 20.25, -763.17, 20.00, 4.63, 7.78, 2.55, 0.00, 72.61, 90.00, -90.00, 66.85, 0, 0
2.00, 5.70, 20.36, 20.36, -523.93, 20.00, 4.63, 10.00, 4.86, 0.00, 115.72, 0.00, -77.72, 55.57, 0, 0
2.00, 5.70, 20.55, 20.55, -273.42, 20.00, 4.63, 12.22, 7.06, 0.00, 146.82, 0.00, -64.87, 44.81, 0, 0
2.00, 5.70, 20.80, 20.80, 3.13, 20.00, 4.63, 14.44, 9.27, 0.00, 174.52, 0.00, -47.51, 35.34, 0, 0
2.00, 5.70, 21.08, 21.08, 240.77, 20.00, 4.63, 16.11, 10.99, 0.00, 196.86, 0.00, -22.76, 28.73, 0, 0
2.00, 5.70, 21.29, 21.29, 282.23, 20.00, 4.63, 17.22, 11.97, 0.00, 201.71, 0.00, 8.44, 27.28, 0, 0
2.00, 5.70, 21.48, 21.48, 384.42, 20.00, 4.63, 17.78, 12.60, 0.00, 192.40, 0.00, 36.92, 31.73, 0, 0
2.00, 5.70, 21.62, 21.62, 361.95, 20.00, 4.63, 17.78, 12.60, 0.00, 167.32, 0.00, 57.44, 40.12, 0, 0
2.00, 5.70, 21.69, 21.69, 290.94, 20.00, 4.63, 17.22, 11.97, 0.00, 133.97, 0.00, 72.07, 50.41, 0, 0
2.00, 5.70, 21.75, 21.75, 305.13, 20.00, 4.63, 16.67, 11.49, 0.00, 99.74, 0.00, 83.51, 61.52, 0, 0
2.00, 5.70, 21.86, 21.86, 415.69, 20.00, 4.63, 15.56, 10.38, 19.30, 61.47, 86.71, 93.44, 72.87, 0, 0
2.00, 5.70, 21.89, 21.89, 307.02, 20.00, 4.63, 14.44, 9.27, 0.00, 37.79, 77.15, 102.92, 84.12, 0, 0
2.00, 5.70, 21.87, 21.87, 200.12, 20.00, 4.63, 13.33, 8.28, 0.00, 3.29, 0.00, 0.00, 90.00, 0, 0
2.00, 5.70, 21.84, 21.84, 133.49, 20.00, 4.63, 12.22, 7.18, 0.00, 0.00, 0.00, 0.00, 90.00, 0, 0
2.00, 5.70, 21.73, 21.73, -70.31, 20.00, 4.63, 11.67, 6.57, 0.00, 0.00, 0.00, 0.00, 90.00, 0, 0
2.00, 5.70, 21.55, 21.55, -335.37, 20.00, 4.63, 10.56, 5.47, 0.00, 0.00, 0.00, 0.00, 90.00, 0, 0
2.00, 5.70, 21.39, 21.39, -422.83, 20.00, 4.63, 10.00, 4.86, 0.00, 0.00, 0.00, 0.00, 90.00, 0, 0
2.00, 5.70, 21.24, 21.24, -501.12, 20.00, 4.63, 9.44, 4.25, 0.00, 0.00, 0.00, 0.00, 90.00, 0, 0
2.00, 5.70, 21.11, 21.11, -573.29, 20.00, 4.63, 8.89, 3.64, 0.00, 0.00, 0.00, 0.00, 90.00, 0, 0
2.00, 5.70, 20.98, 20.98, -641.06, 20.00, 4.63, 8.33, 3.15, 0.00, 0.00, 0.00, 0.00, 90.00, 0, 0
2.00, 5.70, 20.86, 20.86, -705.75, 20.00, 4.63, 7.78, 2.67, 0.00, 0.00, 0.00, 0.00, 90.00, 0, 0
2.00, 5.70, 20.75, 20.75, -768.33, 20.00, 4.63, 7.22, 2.06, 0.00, 0.00, 0.00, 0.00, 90.00, 0, 0
2.00, 5.70, 20.69, 20.69, -715.31, 20.00, 4.63, 7.22, 2.06, 0.00, 4.93, 0.00, -107.66, 89.04, 0, 0
2.00, 5.70, 20.69, 20.69, -618.83, 20.00, 4.63, 8.33, 3.27, 6.04, 35.59, 82.04, -98.14, 77.96, 0, 0
2.00, 5.70, 20.73, 20.73, -507.67, 20.00, 4.63, 9.44, 4.37, 0.00, 71.97, 90.00, -90.00, 66.62, 0, 0
2.00, 5.70, 20.82, 20.82, -365.12, 20.00, 4.63, 11.11, 5.96, 0.00, 99.29, 0.00, -77.99, 55.33, 0, 0
2.00, 5.70, 20.87, 20.87, -367.61, 20.00, 4.63, 11.11, 6.08, 0.00, 82.57, 0.00, -65.15, 44.55, 0, 0
2.00, 5.70, 20.93, 20.93, -307.33, 20.00, 4.63, 11.67, 6.57, 0.00, 95.90, 0.00, -47.78, 35.05, 0, 0
2.00, 5.70, 20.98, 20.98, -295.34, 20.00, 4.63, 11.67, 6.57, 0.00, 92.54, 0.00, -22.88, 28.40, 0, 0
2.00, 5.70, 20.99, 20.99, -332.86, 20.00, 4.63, 11.67, 6.44, 0.00, 60.79, 0.00, 8.62, 26.96, 0, 0
2.00, 5.70, 20.97, 20.97, -412.24, 20.00, 4.63, 11.11, 5.96, 0.00, 27.93, 0.00, 37.28, 31.47, 0, 0
2.00, 5.70, 20.98, 20.98, -360.83, 20.00, 4.63, 11.11, 5.96, 0.00, 68.71, 0.00, 57.82, 39.90, 0, 0
2.00, 5.70, 21.00, 21.00, -308.41, 20.00, 4.63, 11.11, 5.96, 0.00, 97.03, 0.00, 72.42, 50.22, 0, 0
2.00, 5.70, 21.07, 21.07, -215.27, 20.00, 4.63, 11.67, 6.44, 0.00, 77.30, 0.00, 83.82, 61.34, 0, 0
2.00, 5.70, 21.18, 21.18, -63.69, 20.00, 4.63, 11.11, 5.96, 0.36, 43.23, 86.43, 93.74, 72.70, 0, 0
2.00, 5.70, 21.24, 21.24, -107.84, 20.00, 4.63, 10.56, 5.35, 0.00, 11.50, 76.88, 103.20, 83.94, 0, 0
2.00, 5.70, 21.26, 21.26, -136.86, 20.00, 4.63, 10.00, 4.86, 0.00, 1.64, 0.00, 0.00, 90.00, 0, 0
2.00, 5.70, 21.27, 21.27, -180.82, 20.00, 4.63, 8.89, 3.76, 0.00, 0.00, 0.00, 0.00, 90.00, 0, 0
2.00, 5.70, 21.16, 21.16, -423.00, 20.00, 4.63, 8.33, 3.15, 0.00, 0.00, 0.00, 0.00, 90.00, 0, 0
2.00, 5.70, 20.97, 20.97, -685.71, 20.00, 4.63, 7.22, 2.06, 0.00, 0.00, 0.00, 0.00, 90.00, 0, 0
2.00, 5.70, 20.81, 20.81, -771.35, 20.00, 4.63, 6.67, 1.46, 0.00, 0.00, 0.00, 0.00, 90.00, 0, 0
2.00, 5.70, 20.65, 20.65, -848.71, 20.00, 4.63, 6.11, 0.85, 0.00, 0.00, 0.00, 0.00, 90.00, 0, 0
2.00, 5.70, 20.50, 20.50, -949.32, 20.00, 4.63, 5.00, -0.23, 0.00, 0.00, 0.00, 0.00, 90.00, 0, 0
2.00, 5.70, 20.36, 20.36, -1019.96, 20.00, 4.63, 4.44, -0.84, 0.00, 0.00, 0.00, 0.00, 90.00, 0, 0
2.00, 5.70, 20.22, 20.22, -1087.50, 20.00, 4.63, 3.89, -1.44, 0.00, 0.00, 0.00, 0.00, 90.00, 0, 0
2.00, 5.70, 20.07, 20.07, -1181.86, 20.00, 4.63, 2.78, -2.40, 0.00, 0.00, 0.00, 0.00, 90.00, 0, 0
2.00, 5.70, 20.01, 20.01, -1094.01, 20.00, 4.63, 2.78, -2.52, 0.00, 1.64, 0.00, -107.88, 88.79, 0, 0
2.00, 5.70, 20.00, 20.00, -1017.64, 20.00, 4.63, 3.89, -1.44, 0.00, 23.00, 81.82, -98.37, 77.73, 0, 0
2.00, 5.70, 20.00, 20.00, -964.39, 20.00, 4.63, 4.44, -0.84, 0.00, 42.72, 90.00, -90.00, 66.39, 0, 0
2.00, 5.70, 20.00, 20.00, -918.80, 20.00, 4.63, 5.00, -0.23, 0.00, 54.22, 0.00, -78.26, 55.10, 0, 0
2.00, 5.70, 20.02, 20.02, -869.10, 20.00, 4.63, 5.56, 0.24, 0.00, 67.36, 0.00, -65.44, 44.29, 0, 0
2.00, 5.70, 20.08, 20.08, -739.97, 20.00, 4.63, 6.67, 1.33, 0.00, 111.46, 0.00, -48.05, 34.76, 0, 0
2.00, 5.70, 20.19, 20.19, -589.12, 20.00, 4.63, 7.78, 2.42, 0.00, 157.48, 0.00, -23.01, 28.09, 0, 0
2.00, 5.70, 20.28, 20.28, -534.58, 20.00, 4.63, 8.33, 3.03, 0.00, 153.51, 0.00, 8.78, 26.65, 0, 0
2.00, 5.70, 20.42, 20.42, -368.49, 20.00, 4.63, 9.44, 3.98, 0.00, 172.27, 0.00, 37.64, 31.20, 0, 0
2.00, 5.70, 20.51, 20.51, -376.18, 20.00, 4.63, 10.00, 4.60, 0.00, 139.35, 0.00, 58.20, 39.68, 0, 0
2.00, 5.70, 20.55, 20.55, -417.27, 20.00, 4.63, 10.00, 4.60, 0.00, 111.00, 0.00, 72.76, 50.03, 0, 0
2.00, 5.70, 20.60, 20.60, -369.00, 20.00, 4.63, 10.00, 4.60, 0.00, 83.89, 0.00, 84.14, 61.17, 0, 0
2.00, 5.70, 20.69, 20.69, -253.79, 20.00, 4.63, 9.44, 3.98, 0.78, 33.87, 86.16, 94.02, 72.53, 0, 0
2.00, 5.70, 20.71, 20.71, -335.04, 20.00, 4.63, 8.33, 2.89, 0.00, 4.93, 76.61, 103.47, 83.76, 0, 0
2.00, 5.70, 20.72, 20.72, -358.37, 20.00, 4.63, 7.78, 2.42, 0.00, 0.00, 0.00, 0.00, 90.00, 0, 0
2.00, 5.70, 20.71, 20.71, -413.19, 20.00, 4.63, 6.67, 1.20, 0.00, 0.00, 0.00, 0.00, 90.00, 0, 0
2.00, 5.70, 20.57, 20.57, -689.49, 20.00, 4.63, 5.56, 0.12, 0.00, 0.00, 0.00, 0.00, 90.00, 0, 0
2.00, 5.70, 20.37, 20.37, -931.04, 20.00, 4.63, 5.00, -0.49, 0.00, 0.00, 0.00, 0.00, 90.00, 0, 0
2.00, 5.70, 20.18, 20.18, -1049.06, 20.00, 4.63, 3.89, -1.56, 0.00, 0.00, 0.00, 0.00, 90.00, 0, 0
2.00, 5.70, 19.99, 19.99, -1161.13, 20.00, 4.63, 2.78, -2.64, 0.00, 0.00, 0.00, 0.00, 90.00, 0, 0
2.00, 5.70, 19.81, 19.81, -1269.74, 20.00, 4.63, 1.67, -3.84, 0.00, 0.00, 0.00, 0.00, 90.00, 0, 0
2.00, 5.70, 19.63, 19.63, -1376.17, 20.00, 4.63, 0.56, -4.91, 0.00, 0.00, 0.00, 0.00, 90.00, 0, 0
2.00, 5.70, 19.44, 19.44, -1481.47, 20.00, 4.63, -0.56, -5.99, 0.00, 0.00, 0.00, 0.00, 90.00, 0, 0
2.00, 5.70, 19.26, 19.26, -1586.42, 20.00, 4.63, -1.67, -7.19, 0.00, 0.00, 0.00, 0.00, 90.00, 0, 0
2.00, 5.70, 20.00, 20.00, -1444.47, 20.00, 4.63, -1.67, -7.19, 0.00, 6.57, 0.00, -108.09, 88.55, 0, 0
2.00, 5.70, 20.00, 20.00, -1358.59, 20.00, 4.63, -0.56, -5.99, 5.43, 34.78, 81.60, -98.60, 77.50, 0, 0
2.00, 5.70, 20.00, 20.00, -1212.22, 20.00, 4.63, 1.11, -4.31, 0.00, 78.16, 90.00, -90.00, 66.16, 0, 0
2.00, 5.70, 20.00, 20.00, -1002.81, 20.00, 4.63, 3.33, -2.16, 0.00, 121.85, 0.00, -78.53, 54.86, 0, 0
2.00, 5.70, 20.00, 20.00, -836.32, 20.00, 4.63, 5.00, -0.49, 0.00, 158.65, 0.00, -65.73, 44.04, 0, 0
2.00, 5.70, 20.06, 20.06, -596.72, 20.00, 4.63, 7.22, 1.68, 0.00, 182.57, 0.00, -48.33, 34.48, 0, 0
2.00, 5.70, 20.15, 20.15, -466.54, 20.00, 4.63, 8.33, 2.89, 0.00, 201.70, 0.00, -23.15, 27.77, 0, 0
2.00, 5.70, 20.29, 20.29, -311.42, 20.00, 4.63, 10.00, 4.46, 0.00, 205.70, 0.00, 8.95, 26.34, 0, 0
2.00, 5.70, 20.42, 20.42, -231.48, 20.00, 4.63, 10.56, 4.93, 0.00, 193.70, 0.00, 38.00, 30.94, 0, 0
2.00, 5.70, 20.51, 20.51, -232.07, 20.00, 4.63, 10.56, 5.07, 0.00, 171.31, 0.00, 58.57, 39.47, 0, 0
2.00, 5.70, 20.57, 20.57, -247.67, 20.00, 4.63, 10.56, 5.07, 0.00, 141.22, 0.00, 73.11, 49.85, 0, 0
2.00, 5.70, 20.56, 20.56, -356.07, 20.00, 4.63, 9.44, 3.98, 0.00, 96.94, 0.00, 84.45, 61.00, 0, 0
2.00, 5.70, 20.58, 20.58, -304.11, 20.00, 4.63, 8.33, 2.89, 3.22, 50.33, 85.89, 94.31, 72.36, 0, 0
2.00, 5.70, 20.55, 20.55, -413.62, 20.00, 4.63, 7.22, 1.81, 0.00, 18.07, 76.35, 103.74, 83.58, 0, 0
2.00, 5.70, 20.49, 20.49, -506.32, 20.00, 4.63, 6.11, 0.72, 0.00, 3.29, 0.00, 0.00, 90.00, 0, 0
2.00, 5.70, 20.44, 20.44, -548.10, 20.00, 4.63, 5.56, 0.12, 0.00, 0.00, 0.00, 0.00, 90.00, 0, 0
2.00, 5.70, 20.32, 20.32, -727.34, 20.00, 4.63, 5.56, 0.12, 0.00, 0.00, 0.00, 0.00, 90.00, 0, 0
2.00, 5.70, 20.13, 20.13, -967.14, 20.00, 4.63, 5.00, -0.49, 0.00, 0.00, 0.00, 0.00, 90.00, 0, 0
2.00, 5.70, 19.94, 19.94, -1084.29, 20.00, 4.63, 3.89, -1.44, 0.00, 0.00, 0.00, 0.00, 90.00, 0, 0
2.00, 5.70, 19.78, 19.78, -1137.98, 20.00, 4.63, 3.89, -1.56, 0.00, 0.00, 0.00, 0.00, 90.00, 0, 0
2.00, 5.70, 19.65, 19.65, -1183.10, 20.00, 4.63, 3.89, -1.56, 0.00, 0.00, 0.00, 0.00, 90.00, 0, 0
2.00, 5.70, 19.53, 19.53, -1222.11, 20.00, 4.63, 3.89, -1.69, 0.00, 0.00, 0.00, 0.00, 90.00, 0, 0
2.00, 5.70, 19.42, 19.42, -1285.30, 20.00, 4.63, 3.33, -2.16, 0.00, 0.00, 0.00, 0.00, 90.00, 0, 0
2.00, 5.70, 19.31, 19.31, -1318.23, 20.00, 4.63, 3.33, -2.04, 0.00, 0.00, 0.00, 0.00, 90.00, 0, 0
2.00, 5.70, 20.00, 20.00, -1146.17, 20.00, 4.63, 3.89, -1.56, 0.00, 9.86, 0.00, -108.30, 88.32, 0, 0
2.00, 5.70, 20.00, 20.00, -993.87, 20.00, 4.63, 5.56, 0.12, 39.69, 34.80, 81.39, -98.83, 77.27, 0, 0
2.00, 5.70, 20.00, 20.00, -821.49, 20.00, 4.63, 7.78, 2.42, 0.00, 71.57, 90.00, -90.00, 65.94, 0, 0
2.00, 5.70, 20.00, 20.00, -628.75, 20.00, 4.63, 9.44, 4.12, 0.00, 113.05, 0.00, -78.80, 54.64, 0, 0
2.00, 5.70, 20.10, 20.10, -425.91, 20.00, 4.63, 11.67, 6.31, 0.00, 151.46, 0.00, -66.02, 43.80, 0, 0
2.00, 5.70, 20.25, 20.25, -245.09, 20.00, 4.63, 12.78, 7.41, 0.00, 175.96, 0.00, -48.61, 34.21, 0, 0
2.00, 5.70, 20.46, 20.46, -16.81, 20.00, 4.63, 14.44, 8.99, 0.00, 188.66, 0.00, -23.29, 27.46, 0, 0
2.00, 5.70, 20.65, 20.65, 99.29, 20.00, 4.63, 15.56, 10.09, 0.00, 190.89, 0.00, 9.11, 26.03, 0, 0
2.00, 5.70, 20.85, 20.85, 230.16, 20.00, 4.63, 16.11, 10.72, 0.00, 182.97, 0.00, 38.35, 30.68, 0, 0
2.00, 5.70, 21.05, 21.05, 338.02, 20.00, 4.63, 16.67, 11.20, 0.00, 158.37, 0.00, 58.95, 39.26, 0, 0
2.00, 5.70, 21.17, 21.17, 302.84, 20.00, 4.63, 16.67, 11.20, 0.00, 128.77, 0.00, 73.44, 49.67, 0, 0
2.00, 5.70, 21.24, 21.24, 230.06, 20.00, 4.63, 16.11, 10.72, 0.00, 94.15, 0.00, 84.75, 60.83, 0, 0
2.00, 5.70, 21.33, 21.33, 310.06, 20.00, 4.63, 15.00, 9.62, 35.42, 56.93, 85.63, 94.59, 72.19, 0, 0
2.00, 5.70, 21.35, 21.35, 195.20, 20.00, 4.63, 13.89, 8.51, 0.00, 47.65, 76.09, 104.00, 83.40, 0, 0
2.00, 5.70, 21.32, 21.32, 71.26, 20.00, 4.63, 12.78, 7.41, 0.00, 4.93, 0.00, 0.00, 90.00, 0, 0
2.00, 5.70, 21.28, 21.28, -3.06, 20.00, 4.63, 11.67, 6.44, 0.00, 0.00, 0.00, 0.00, 90.00, 0, 0
2.00, 5.70, 21.16, 21.16, -211.25, 20.00, 4.63, 11.11, 5.83, 0.00, 0.00, 0.00, 0.00, 90.00, 0, 0
2.00, 5.70, 20.97, 20.97, -479.58, 20.00, 4.63, 10.00, 4.73, 0.00, 0.00, 0.00, 0.00, 90.00, 0, 0
2.00, 5.70, 20.80, 20.80, -569.35, 20.00, 4.63, 9.44, 4.12, 0.00, 0.00, 0.00, 0.00, 90.00, 0, 0
2.00, 5.70, 20.65, 20.65, -649.31, 20.00, 4.63, 8.89, 3.51, 0.00, 0.00, 0.00, 0.00, 90.00, 0, 0
2.00, 5.70, 20.50, 20.50, -750.83, 20.00, 4.63, 7.78, 2.42, 0.00, 0.00, 0.00, 0.00, 90.00, 0, 0
2.00, 5.70, 20.36, 20.36, -821.82, 20.00, 4.63, 7.22, 1.94, 0.00, 0.00, 0.00, 0.00, 90.00, 0, 0
2.00, 5.70, 20.23, 20.23, -889.06, 20.00, 4.63, 6.67, 1.33, 0.00, 0.00, 0.00, 0.00, 90.00, 0, 0
2.00, 5.70, 20.10, 20.10, -953.55, 20.00, 4.63, 6.11, 0.85, 0.00, 0.00, 0.00, 0.00, 90.00, 0, 0
2.00, 5.70, 20.02, 20.02, -933.38, 20.00, 4.63, 6.11, 0.85, 0.00, 13.14, 0.00, -108.51, 88.09, 0, 0
2.00, 5.70, 20.03, 20.03, -781.45, 20.00, 4.63, 7.78, 2.55, 45.89, 34.64, 81.18, -99.05, 77.05, 0, 0
2.00, 5.70, 20.11, 20.11, -608.26, 20.00, 4.63, 10.00, 4.86, 0.00, 68.85, 90.00, -90.00, 65.72, 0, 0
2.00, 5.70, 20.25, 20.25, -385.87, 20.00, 4.63, 12.22, 7.06, 0.00, 107.06, 0.00, -79.07, 54.42, 0, 0
2.00, 5.70, 20.45, 20.45, -162.61, 20.00, 4.63, 13.89, 8.65, 0.00, 137.07, 0.00, -66.31, 43.56, 0, 0
2.00, 5.70, 20.71, 20.71, 108.16, 20.00, 4.63, 16.11, 10.86, 0.00, 159.50, 0.00, -48.89, 33.94, 0, 0
2.00, 5.70, 20.98, 20.98, 314.38, 20.00, 4.63, 17.22, 11.97, 0.00, 172.74, 0.00, -23.44, 27.16, 0, 0
2.00, 5.70, 21.23, 21.23, 453.86, 20.00, 4.63, 18.89, 13.58, 0.00, 175.10, 0.00, 9.27, 25.72, 0, 0
2.00, 5.70, 21.49, 21.49, 622.30, 20.00, 4.63, 19.44, 14.20, 0.00, 162.97, 0.00, 38.70, 30.43, 0, 0
2.00, 5.70, 21.73, 21.73, 721.30, 20.00, 4.63, 20.00, 14.69, 0.00, 143.32, 0.00, 59.31, 39.05, 0, 0
2.00, 5.70, 21.89, 21.89, 693.61, 20.00, 4.63, 19.44, 14.20, 0.00, 120.67, 0.00, 73.78, 49.49, 0, 0
2.00, 5.70, 21.96, 21.96, 581.99, 20.00, 4.63, 18.89, 13.71, 0.00, 94.44, 0.00, 85.05, 60.66, 0, 0
2.00, 5.70, 22.06, 22.06, 653.25, 20.00, 4.63, 17.78, 12.60, 35.70, 56.64, 85.37, 94.86, 72.02, 0, 0
2.00, 5.70, 22.08, 22.08, 504.29, 20.00, 4.63, 16.11, 10.99, 0.00, 42.72, 75.84, 104.26, 83.22, 0, 0
2.00, 5.70, 22.06, 22.06, 411.12, 20.00, 4.63, 15.56, 10.50, 0.00, 4.93, 0.00, 0.00, 90.00, 0, 0
2.00, 5.70, 22.03, 22.03, 336.17, 20.00, 4.63, 14.44, 9.39, 0.00, 0.00, 0.00, 0.00, 90.00, 0, 0
2.00, 5.70, 21.92, 21.92, 128.42, 20.00, 4.63, 13.89, 8.78, 0.00, 0.00, 0.00, 0.00, 90.00, 0, 0
2.00, 5.70, 21.74, 21.74, -138.76, 20.00, 4.63, 12.78, 7.79, 0.00, 0.00, 0.00, 0.00, 90.00, 0, 0
2.00, 5.70, 21.58, 21.58, -227.69, 20.00, 4.63, 12.22, 7.18, 0.00, 0.00, 0.00, 0.00, 90.00, 0, 0
2.00, 5.70, 21.44, 21.44, -306.68, 20.00, 4.63, 11.67, 6.57, 0.00, 0.00, 0.00, 0.00, 90.00, 0, 0
2.00, 5.70, 21.31, 21.31, -378.95, 20.00, 4.63, 11.11, 5.96, 0.00, 0.00, 0.00, 0.00, 90.00, 0, 0
2.00, 5.70, 21.20, 21.20, -446.37, 20.00, 4.63, 10.56, 5.47, 0.00, 0.00, 0.00, 0.00, 90.00, 0, 0
2.00, 5.70, 21.09, 21.09, -510.37, 20.00, 4.63, 10.00, 4.98, 0.00, 0.00, 0.00, 0.00, 90.00, 0, 0
2.00, 5.70, 20.98, 20.98, -572.01, 20.00, 4.63, 9.44, 4.37, 0.00, 0.00, 0.00, 0.00, 90.00, 0, 0
2.00, 5.70, 20.91, 20.91, -553.66, 20.00, 4.63, 10.00, 4.98, 0.00, 14.79, 71.30, -108.72, 87.86, 0, 0
2.00, 5.70, 20.90, 20.90, -460.66, 20.00, 4.63, 11.11, 6.19, 11.43, 42.90, 80.97, -99.28, 76.84, 0, 0
2.00, 5.70, 20.96, 20.96, -311.76, 20.00, 4.63, 12.78, 7.79, 0.00, 86.69, 90.00, -90.00, 65.51, 0, 0
2.00, 5.70, 21.06, 21.06, -180.86, 20.00, 4.63, 13.89, 9.01, 0.00, 120.15, 0.00, -79.34, 54.20, 0, 0
2.00, 5.70, 21.17, 21.17, -62.44, 20.00, 4.63, 15.00, 10.00, 0.00, 143.79, 0.00, -66.60, 43.33, 0, 0
2.00, 5.70, 21.29, 21.29, 21.64, 20.00, 4.63, 15.56, 10.62, 0.00, 161.19, 0.00, -49.17, 33.68, 0, 0
2.00, 5.70, 21.42, 21.42, 112.28, 20.00, 4.63, 16.11, 11.12, 0.00, 177.97, 0.00, -23.59, 26.86, 0, 0
2.00, 5.70, 21.52, 21.52, 140.01, 20.00, 4.63, 16.67, 11.73, 0.00, 157.16, 0.00, 9.43, 25.43, 0, 0
2.00, 5.70, 21.64, 21.64, 255.91, 20.00, 4.63, 17.22, 12.23, 0.00, 167.09, 0.00, 39.05, 30.17, 0, 0
2.00, 5.70, 21.75, 21.75, 281.79, 20.00, 4.63, 17.22, 12.23, 0.00, 155.12, 0.00, 59.67, 38.85, 0, 0
2.00, 5.70, 21.78, 21.78, 173.06, 20.00, 4.63, 16.67, 11.73, 0.00, 98.53, 0.00, 74.11, 49.31, 0, 0
2.00, 5.70, 21.84, 21.84, 245.52, 20.00, 4.63, 16.67, 11.73, 0.00, 85.78, 0.00, 85.34, 60.49, 0, 0
2.00, 5.70, 21.96, 21.96, 410.78, 20.00, 4.63, 16.11, 11.12, 15.86, 55.76, 85.12, 95.13, 71.85, 0, 0
2.00, 5.70, 22.03, 22.03, 364.99, 20.00, 4.63, 15.56, 10.62, 0.00, 39.43, 75.60, 104.51, 83.05, 0, 0
2.00, 5.70, 22.05, 22.05, 274.49, 20.00, 4.63, 14.44, 9.62, 0.00, 6.57, 0.00, 0.00, 90.00, 0, 0
2.00, 5.70, 22.05, 22.05, 240.51, 20.00, 4.63, 13.89, 9.01, 0.00, 0.00, 0.00, 0.00, 90.00, 0, 0
2.00, 5.70, 21.98, 21.98, 46.43, 20.00, 4.63, 13.33, 8.40, 0.00, 0.00, 0.00, 0.00, 90.00, 0, 0
2.00, 5.70, 21.81, 21.81, -210.57, 20.00, 4.63, 12.22, 7.29, 0.00, 0.00, 0.00, 0.00, 90.00, 0, 0
2.00, 5.70, 21.67, 21.67, -291.51, 20.00, 4.63, 11.67, 6.79, 0.00, 0.00, 0.00, 0.00, 90.00, 0, 0
2.00, 5.70, 21.54, 21.54, -364.38, 20.00, 4.63, 11.11, 6.19, 0.00, 0.00, 0.00, 0.00, 90.00, 0, 0
2.00, 5.70, 21.42, 21.42, -431.89, 20.00, 4.63, 10.56, 5.58, 0.00, 0.00, 0.00, 0.00, 90.00, 0, 0
2.00, 5.70, 21.31, 21.31, -495.60, 20.00, 4.63, 10.00, 5.09, 0.00, 0.00, 0.00, 0.00, 90.00, 0, 0
2.00, 5.70, 21.21, 21.21, -556.76, 20.00, 4.63, 9.44, 4.48, 0.00, 0.00, 0.00, 0.00, 90.00, 0, 0
2.00, 5.70, 21.10, 21.10, -616.02, 20.00, 4.63, 8.89, 3.99, 0.00, 0.00, 0.00, 0.00, 90.00, 0, 0
2.00, 5.70, 21.04, 21.04, -601.06, 20.00, 4.63, 9.44, 4.59, 0.00, 11.50, 71.09, -108.92, 87.64, 0, 0
2.00, 5.70, 20.98, 20.98, -617.15, 20.00, 4.63, 9.44, 4.59, 0.52, 14.20, 80.76, -99.50, 76.63, 0, 0
2.00, 5.70, 20.94, 20.94, -589.25, 20.00, 4.63, 10.00, 5.19, 0.00, 26.29, 90.00, -90.00, 65.31, 0, 0
2.00, 5.70, 20.98, 20.98, -441.67, 20.00, 4.63, 11.11, 6.29, 0.00, 87.73, 0.00, -79.60, 53.99, 0, 0
2.00, 5.70, 21.09, 21.09, -243.01, 20.00, 4.63, 12.78, 7.90, 0.00, 144.19, 0.00, -66.89, 43.10, 0, 0
2.00, 5.70, 21.26, 21.26, -46.81, 20.00, 4.63, 14.44, 9.62, 0.00, 176.52, 0.00, -49.46, 33.42, 0, 0
2.00, 5.70, 21.42, 21.42, 71.22, 20.00, 4.63, 15.56, 10.62, 0.00, 185.05, 0.00, -23.74, 26.57, 0, 0
2.00, 5.70, 21.49, 21.49, -18.99, 20.00, 4.63, 15.56, 10.62, 0.00, 113.27, 0.00, 9.58, 25.13, 0, 0
2.00, 5.70, 21.58, 21.58, 59.37, 20.00, 4.63, 15.56, 10.62, 0.00, 139.10, 0.00, 39.40, 29.93, 0, 0
2.00, 5.70, 21.67, 21.67, 132.60, 20.00, 4.63, 16.11, 11.23, 0.00, 147.17, 0.00, 60.03, 38.64, 0, 0
2.00, 5.70, 21.77, 21.77, 193.52, 20.00, 4.63, 16.11, 11.23, 0.00, 134.26, 0.00, 74.43, 49.13, 0, 0
2.00, 5.70, 21.87, 21.87, 253.35, 20.00, 4.63, 16.11, 11.23, 0.00, 97.74, 0.00, 85.63, 60.33, 0, 0
2.00, 5.70, 22.03, 22.03, 418.93, 20.00, 4.63, 16.11, 11.23, 33.70, 53.37, 84.88, 95.40, 71.69, 0, 0
2.00, 5.70, 22.13, 22.13, 410.75, 20.00, 4.63, 15.00, 10.22, 108.84, 22.47, 75.36, 104.76, 82.87, 0, 0
2.00, 5.70, 22.15, 22.15, 277.47, 20.00, 4.63, 14.44, 9.62, 0.00, 6.57, 0.00, 0.00, 90.00, 0, 0
2.00, 5.70, 22.16, 22.16, 240.89, 20.00, 4.63, 13.89, 9.11, 0.00, 0.00, 0.00, 0.00, 90.00, 0, 0
2.00, 5.70, 22.08, 22.08, 45.29, 20.00, 4.63, 13.33, 8.51, 0.00, 0.00, 0.00, 0.00, 90.00, 0, 0
2.00, 5.70, 21.93, 21.93, -185.13, 20.00, 4.63, 12.78, 7.90, 0.00, 0.00, 0.00, 0.00, 90.00, 0, 0
2.00, 5.70, 21.78, 21.78, -291.74, 20.00, 4.63, 11.67, 6.90, 0.00, 0.00, 0.00, 0.00, 90.00, 0, 0
2.00, 5.70, 21.66, 21.66, -337.61, 20.00, 4.63, 11.67, 6.79, 0.00, 0.00, 0.00, 0.00, 90.00, 0, 0
2.00, 5.70, 21.55, 21.55, -403.00, 20.00, 4.63, 11.11, 6.19, 0.00, 0.00, 0.00, 0.00, 90.00, 0, 0
2.00, 5.70, 21.45, 21.45, -464.82, 20.00, 4.63, 10.56, 5.69, 0.00, 0.00, 0.00, 0.00, 90.00, 0, 0
2.00, 5.70, 21.35, 21.35, -524.14, 20.00, 4.63, 10.00, 5.19, 0.00, 0.00, 0.00, 0.00, 90.00, 0, 0
2.00, 5.70, 21.25, 21.25, -581.78, 20.00, 4.63, 9.44, 4.59, 0.00, 0.00, 0.00, 0.00, 90.00, 0, 0
2.00, 5.70, 21.22, 21.22, -475.35, 20.00, 4.63, 10.00, 5.19, 0.00, 18.07, 70.89, -109.13, 87.43, 0, 0
2.00, 5.70, 21.25, 21.25, -367.45, 20.00, 4.63, 11.11, 6.39, 15.95, 41.33, 80.55, -99.72, 76.42, 0, 0
2.00, 5.70, 21.31, 21.31, -262.20, 20.00, 4.63, 12.22, 7.50, 0.00, 75.41, 0.00, -90.00, 65.10, 0, 0
2.00, 5.70, 21.42, 21.42, -110.22, 20.00, 4.63, 13.33, 8.61, 0.00, 116.32, 0.00, -79.87, 53.78, 0, 0
2.00, 5.70, 21.54, 21.54, -18.66, 20.00, 4.63, 14.44, 9.62, 0.00, 122.97, 0.00, -67.18, 42.88, 0, 0
2.00, 5.70, 21.68, 21.68, 127.44, 20.00, 4.63, 15.00, 10.22, 0.00, 165.24, 0.00, -49.74, 33.17, 0, 0
2.00, 5.70, 21.89, 21.89, 363.80, 20.00, 4.63, 16.67, 11.84, 0.00, 202.26, 0.00, -23.90, 26.28, 0, 0
2.00, 5.70, 22.11, 22.11, 524.01, 20.00, 4.63, 17.78, 12.96, 0.00, 206.00, 0.00, 9.73, 24.84, 0, 0
2.00, 5.70, 22.35, 22.35, 722.35, 20.00, 4.63, 18.89, 14.07, 0.00, 193.05, 0.00, 39.74, 29.68, 0, 0
2.00, 5.70, 22.55, 22.55, 773.44, 20.00, 4.63, 19.44, 14.58, 0.00, 177.27, 0.00, 60.39, 38.45, 0, 0
2.00, 5.70, 22.66, 22.66, 686.93, 20.00, 4.63, 19.44, 14.58, 0.00, 137.21, 0.00, 74.75, 48.96, 0, 0
2.00, 5.70, 22.70, 22.70, 568.06, 20.00, 4.63, 18.33, 13.57, 0.00, 74.49, 0.00, 85.92, 60.16, 0, 0
2.00, 5.70, 22.79, 22.79, 701.00, 20.00, 4.63, 17.78, 12.96, 1.55, 46.08, 84.63, 95.66, 71.52, 0, 0
2.00, 5.70, 22.85, 22.85, 654.77, 20.00, 4.63, 16.67, 11.94, 28.21, 21.82, 75.12, 105.00, 82.70, 0, 0
2.00, 5.70, 22.87, 22.87, 583.13, 20.00, 4.63, 16.11, 11.34, 0.00, 4.93, 0.00, 0.00, 90.00, 0, 0
2.00, 5.70, 22.88, 22.88, 549.91, 20.00, 4.63, 15.56, 10.83, 0.00, 0.00, 0.00, 0.00, 90.00, 0, 0
2.00, 5.70, 22.78, 22.78, 303.18, 20.00, 4.63, 15.00, 10.22, 0.00, 0.00, 0.00, 0.00, 90.00, 0, 0
2.00, 5.70, 22.61, 22.61, 66.65, 20.00, 4.63, 14.44, 9.72, 0.00, 0.00, 0.00, 0.00, 90.00, 0, 0
2.00, 5.70, 22.47, 22.47, -16.96, 20.00, 4.63, 13.89, 9.11, 0.00, 0.00, 0.00, 0.00, 90.00, 0, 0
2.00, 5.70, 22.34, 22.34, -91.36, 20.00, 4.63, 13.33, 8.61, 0.00, 0.00, 0.00, 0.00, 90.00, 0, 0
2.00, 5.70, 22.24, 22.24, -132.30, 20.00, 4.63, 13.33, 8.51, 0.00, 0.00, 0.00, 0.00, 90.00, 0, 0
2.00, 5.70, 22.14, 22.14, -193.86, 20.00, 4.63, 12.78, 8.00, 0.00, 0.00, 0.00, 0.00, 90.00, 0, 0
2.00, 5.70, 22.05, 22.05, -252.87, 20.00, 4.63, 12.22, 7.40, 0.00, 0.00, 0.00, 0.00, 90.00, 0, 0
2.00, 5.70, 21.95, 21.95, -309.94, 20.00, 4.63, 11.67, 6.90, 0.00, 0.00, 0.00, 0.00, 90.00, 0, 0
2.00, 5.70, 21.93, 21.93, -222.51, 20.00, 4.63, 12.22, 7.50, 0.00, 4.93, 70.69, -109.33, 87.22, 0, 0
2.00, 5.70, 21.98, 21.98, -53.04, 20.00, 4.63, 13.89, 9.11, 28.53, 42.30, 80.35, -99.94, 76.22, 0, 0
2.00, 5.70, 22.06, 22.06, 46.38, 20.00, 4.63, 15.00, 10.22, 0.00, 76.55, 0.00, -90.00, 64.91, 0, 0
2.00, 5.70, 22.17, 22.17, 166.65, 20.00, 4.63, 16.11, 11.34, 0.00, 105.67, 0.00, -80.13, 53.58, 0, 0
2.00, 5.70, 22.24, 22.24, 150.26, 20.00, 4.63, 16.11, 11.34, 0.00, 77.50, 0.00, -67.47, 42.67, 0, 0
2.00, 5.70, 22.35, 22.35, 290.01, 20.00, 4.63, 16.67, 11.84, 0.00, 136.77, 0.00, -50.04, 32.92, 0, 0
2.00, 5.70, 22.47, 22.47, 376.53, 20.00, 4.63, 17.22, 12.34, 0.00, 152.42, 0.00, -24.07, 26.00, 0, 0
2.00, 5.70, 22.57, 22.57, 412.73, 20.00, 4.63, 17.78, 12.84, 0.00, 136.04, 0.00, 9.88, 24.56, 0, 0
2.00, 5.70, 22.69, 22.69, 526.12, 20.00, 4.63, 18.33, 13.34, 0.00, 160.84, 0.00, 40.07, 29.44, 0, 0
2.00, 5.70, 22.86, 22.86, 679.38, 20.00, 4.63, 18.89, 13.84, 0.00, 171.13, 0.00, 60.73, 38.25, 0, 0
2.00, 5.70, 23.00, 23.00, 719.61, 20.00, 4.63, 19.44, 14.46, 0.00, 140.89, 0.00, 75.06, 48.79, 0, 0
2.00, 5.70, 23.07, 23.07, 661.70, 20.00, 4.63, 18.89, 13.96, 0.00, 91.98, 0.00, 86.20, 60.00, 0, 0
2.00, 5.70, 23.19, 23.19, 777.97, 20.00, 4.63, 18.33, 13.34, 1.23, 46.86, 84.40, 95.91, 71.36, 0, 0
2.00, 5.70, 23.25, 23.25, 720.80, 20.00, 4.63, 17.78, 12.72, 0.76, 11.34, 74.89, 105.24, 82.53, 0, 0
2.00, 5.70, 23.28, 23.28, 659.58, 20.00, 4.63, 16.67, 11.61, 0.00, 1.64, 0.00, 0.00, 90.00, 0, 0
2.00, 5.70, 23.28, 23.28, 608.34, 20.00, 4.63, 15.56, 10.50, 0.00, 0.00, 0.00, 0.00, 90.00, 0, 0
2.00, 5.70, 23.17, 23.17, 336.32, 20.00, 4.63, 14.44, 9.39, 0.00, 0.00, 0.00, 0.00, 90.00, 0, 0
2.00, 5.70, 22.98, 22.98, 71.39, 20.00, 4.63, 13.33, 8.28, 0.00, 0.00, 0.00, 0.00, 90.00, 0, 0
2.00, 5.70, 22.81, 22.81, -43.14, 20.00, 4.63, 12.22, 7.06, 0.00, 0.00, 0.00, 0.00, 90.00, 0, 0
2.00, 5.70, 22.63, 22.63, -178.34, 20.00, 4.63, 10.56, 5.47, 0.00, 0.00, 0.00, 0.00, 90.00, 0, 0
2.00, 5.70, 22.45, 22.45, -312.12, 20.00, 4.63, 8.89, 3.76, 0.00, 0.00, 0.00, 0.00, 90.00, 0, 0
2.00, 5.70, 22.26, 22.26, -445.60, 20.00, 4.63, 7.22, 2.06, 0.00, 0.00, 0.00, 0.00, 90.00, 0, 0
2.00, 5.70, 22.07, 22.07, -579.52, 20.00, 4.63, 5.56, 0.48, 0.00, 0.00, 0.00, 0.00, 90.00, 0, 0
2.00, 5.70, 21.87, 21.87, -714.66, 20.00, 4.63, 3.89, -1.20, 0.00, 0.00, 0.00, 0.00, 90.00, 0, 0
2.00, 5.70, 21.71, 21.71, -753.36, 20.00, 4.63, 3.89, -1.32, 0.00, 9.86, 70.49, -109.53, 87.01, 0, 0
2.00, 5.70, 21.68, 21.68, -555.73, 20.00, 4.63, 6.11, 0.85, 51.06, 45.67, 80.15, -100.16, 76.03, 0, 0
2.00, 5.70, 21.73, 21.73, -390.67, 20.00, 4.63, 8.33, 3.15, 0.00, 70.05, 0.00, -90.00, 64.72, 0, 0
2.00, 5.70, 21.85, 21.85, -169.05, 20.00, 4.63, 10.56, 5.35, 0.00, 100.67, 0.00, -80.40, 53.39, 0, 0
2.00, 5.70, 22.04, 22.04, 79.72, 20.00, 4.63, 12.78, 7.41, 0.00, 134.33, 0.00, -67.76, 42.46, 0, 0
2.00, 5.70, 22.27, 22.27, 323.77, 20.00, 4.63, 14.44, 9.13, 0.00, 158.26, 0.00, -50.33, 32.69, 0, 0
2.00, 5.70, 22.53, 22.53, 535.34, 20.00, 4.63, 16.11, 10.72, 0.00, 179.27, 0.00, -24.24, 25.72, 0, 0
2.00, 5.70, 22.77, 22.77, 658.19, 20.00, 4.63, 17.22, 11.83, 0.00, 178.57, 0.00, 10.02, 24.28, 0, 0
2.00, 5.70, 23.00, 23.00, 804.36, 20.00, 4.63, 17.78, 12.31, 0.00, 177.60, 0.00, 40.41, 29.21, 0, 0
2.00, 5.70, 23.22, 23.22, 924.12, 20.00, 4.63, 18.33, 12.79, 0.00, 154.12, 0.00, 61.08, 38.06, 0, 0
2.00, 5.70, 23.39, 23.39, 930.51, 20.00, 4.63, 18.33, 12.79, 0.00, 119.32, 0.00, 75.37, 48.62, 0, 0
2.00, 5.70, 23.45, 23.45, 799.92, 20.00, 4.63, 17.22, 11.83, 0.00, 87.47, 0.00, 86.47, 59.84, 0, 0
2.00, 5.70, 23.54, 23.54, 856.18, 20.00, 4.63, 16.11, 10.72, 56.18, 52.96, 84.17, 96.16, 71.20, 0, 0
2.00, 5.70, 23.60, 23.60, 828.97, 20.00, 4.63, 15.00, 9.62, 146.57, 20.79, 74.67, 105.47, 82.36, 0, 0
2.00, 5.70, 23.54, 23.54, 583.65, 20.00, 4.63, 13.33, 7.89, 0.00, 6.57, 0.00, 0.00, 90.00, 0, 0
2.00, 5.70, 23.47, 23.47, 493.07, 20.00, 4.63, 12.22, 6.79, 0.00, 0.00, 0.00, 0.00, 90.00, 0, 0
2.00, 5.70, 23.30, 23.30, 218.10, 20.00, 4.63, 10.56, 5.07, 0.00, 0.00, 0.00, 0.00, 90.00, 0, 0
2.00, 5.70, 23.07, 23.07, -64.62, 20.00, 4.63, 9.44, 3.98, 0.00, 0.00, 0.00, 0.00, 90.00, 0, 0
2.00, 5.70, 22.84, 22.84, -222.83, 20.00, 4.63, 7.78, 2.28, 0.00, 0.00, 0.00, 0.00, 90.00, 0, 0
2.00, 5.70, 22.63, 22.63, -346.43, 20.00, 4.63, 6.67, 1.33, 0.00, 0.00, 0.00, 0.00, 90.00, 0, 0
2.00, 5.70, 22.44, 22.44, -435.56, 20.00, 4.63, 6.11, 0.59, 0.00, 0.00, 0.00, 0.00, 90.00, 0, 0
2.00, 5.70, 22.26, 22.26, -546.65, 20.00, 4.63, 5.00, -0.49, 0.00, 0.00, 0.00, 0.00, 90.00, 0, 0
2.00, 5.70, 22.08, 22.08, -655.66, 20.00, 4.63, 3.89, -1.56, 0.00, 0.00, 0.00, 0.00, 90.00, 0, 0
2.00, 5.70, 21.90, 21.90, -763.41, 20.00, 4.63, 2.78, -2.64, 0.00, 0.00, 0.00, 0.00, 90.00, 0, 0
2.00, 5.70, 21.76, 21.76, -767.49, 20.00, 4.63, 3.33, -2.16, 0.00, 13.14, 70.30, -109.73, 86.81, 0, 0
2.00, 5.70, 21.71, 21.71, -655.29, 20.00, 4.63, 5.00, -0.49, 9.63, 45.34, 79.95, -100.37, 75.84, 0, 0
2.00, 5.70, 21.71, 21.71, -546.01, 20.00, 4.63, 6.11, 0.59, 0.00, 85.65, 0.00, -90.00, 64.53, 0, 0
2.00, 5.70, 21.79, 21.79, -354.57, 20.00, 4.63, 7.78, 2.42, 0.00, 126.20, 0.00, -80.66, 53.20, 0, 0
2.00, 5.70, 21.95, 21.95, -105.90, 20.00, 4.63, 10.00, 4.60, 0.00, 147.99, 0.00, -68.05, 42.26, 0, 0
2.00, 5.70, 22.17, 22.17, 157.55, 20.00, 4.63, 12.22, 6.64, 0.00, 181.40, 0.00, -50.62, 32.45, 0, 0
2.00, 5.70, 22.37, 22.37, 273.81, 20.00, 4.63, 13.33, 7.74, 0.00, 199.40, 0.00, -24.41, 25.45, 0, 0
2.00, 5.70, 22.56, 22.56, 405.85, 20.00, 4.63, 14.44, 8.84, 0.00, 195.49, 0.00, 10.15, 24.00, 0, 0
2.00, 5.70, 22.75, 22.75, 517.62, 20.00, 4.63, 15.00, 9.46, 0.00, 190.18, 0.00, 40.73, 28.98, 0, 0
2.00, 5.70, 22.91, 22.91, 561.14, 20.00, 4.63, 15.00, 9.46, 0.00, 162.49, 0.00, 61.41, 37.87, 0, 0
2.00, 5.70, 23.02, 23.02, 560.68, 20.00, 4.63, 15.00, 9.46, 0.00, 132.93, 0.00, 75.67, 48.45, 0, 0
2.00, 5.70, 23.07, 23.07, 486.74, 20.00, 4.63, 14.44, 8.99, 0.00, 97.45, 0.00, 86.74, 59.68, 0, 0
2.00, 5.70, 23.14, 23.14, 553.32, 20.00, 4.63, 13.33, 7.89, 28.23, 58.70, 83.94, 96.41, 71.04, 0, 0
2.00, 5.70, 23.15, 23.15, 448.73, 20.00, 4.63, 12.22, 6.79, 41.17, 18.99, 74.45, 105.70, 82.19, 0, 0
2.00, 5.70, 23.11, 23.11, 319.59, 20.00, 4.63, 11.11, 5.69, 0.00, 3.29, 0.00, 0.00, 90.00, 0, 0
2.00, 5.70, 23.05, 23.05, 244.08, 20.00, 4.63, 10.00, 4.60, 0.00, 0.00, 0.00, 0.00, 90.00, 0, 0
2.00, 5.70, 22.91, 22.91, 3.74, 20.00, 4.63, 8.89, 3.51, 0.00, 0.00, 0.00, 0.00, 90.00, 0, 0
2.00, 5.70, 22.70, 22.70, -243.77, 20.00, 4.63, 8.33, 2.89, 0.00, 0.00, 0.00, 0.00, 90.00, 0, 0
2.00, 5.70, 22.51, 22.51, -366.23, 20.00, 4.63, 7.22, 1.81, 0.00, 0.00, 0.00, 0.00, 90.00, 0, 0
2.00, 5.70, 22.32, 22.32, -481.86, 20.00, 4.63, 6.11, 0.72, 0.00, 0.00, 0.00, 0.00, 90.00, 0, 0
2.00, 5.70, 22.15, 22.15, -564.56, 20.00, 4.63, 5.56, 0.12, 0.00, 0.00, 0.00, 0.00, 90.00, 0, 0
2.00, 5.70, 21.99, 21.99, -641.93, 20.00, 4.63, 5.00, -0.49, 0.00, 0.00, 0.00, 0.00, 90.00, 0, 0
2.00, 5.70, 21.83, 21.83, -744.28, 20.00, 4.63, 3.89, -1.44, 0.00, 0.00, 0.00, 0.00, 90.00, 0, 0
2.00, 5.70, 21.68, 21.68, -817.61, 20.00, 4.63, 3.33, -2.04, 0.00, 0.00, 0.00, 0.00, 90.00, 0, 0
2.00, 5.70, 21.57, 21.57, -799.04, 20.00, 4.63, 3.89, -1.44, 0.00, 23.00, 70.11, -109.93, 86.62, 0, 0
2.00, 5.70, 21.55, 21.55, -659.00, 20.00, 4.63, 5.56, 0.24, 36.98, 43.68, 79.75, -100.59, 75.66, 0, 0
2.00, 5.70, 21.59, 21.59, -512.42, 20.00, 4.63, 7.22, 1.94, 0.00, 84.36, 0.00, -90.00, 64.35, 0, 0
2.00, 5.70, 21.67, 21.67, -395.57, 20.00, 4.63, 8.33, 3.03, 0.00, 121.21, 0.00, -80.92, 53.02, 0, 0
2.00, 5.70, 21.80, 21.80, -179.07, 20.00, 4.63, 10.00, 4.73, 0.00, 155.31, 0.00, -68.34, 42.06, 0, 0
2.00, 5.70, 21.95, 21.95, -53.65, 20.00, 4.63, 11.11, 5.83, 0.00, 182.07, 0.00, -50.92, 32.23, 0, 0
2.00, 5.70, 22.11, 22.11, 85.37, 20.00, 4.63, 12.22, 6.79, 0.00, 195.89, 0.00, -24.59, 25.18, 0, 0
2.00, 5.70, 22.21, 22.21, 58.88, 20.00, 4.63, 12.22, 6.79, 0.00, 177.72, 0.00, 10.29, 23.73, 0, 0
2.00, 5.70, 22.32, 22.32, 163.78, 20.00, 4.63, 12.78, 7.41, 0.00, 182.65, 0.00, 41.06, 28.75, 0, 0
2.00, 5.70, 22.41, 22.41, 185.10, 20.00, 4.63, 12.78, 7.41, 0.00, 165.58, 0.00, 61.75, 37.68, 0, 0
2.00, 5.70, 22.41, 22.41, 47.36, 20.00, 4.63, 12.22, 6.79, 0.00, 107.19, 0.00, 75.97, 48.29, 0, 0
2.00, 5.70, 22.42, 22.42, 58.88, 20.00, 4.63, 11.67, 6.31, 0.00, 86.83, 0.00, 87.01, 59.53, 0, 0
2.00, 5.70, 22.52, 22.52, 245.95, 20.00, 4.63, 11.11, 5.69, 32.85, 62.34, 83.72, 96.65, 70.88, 0, 0
2.00, 5.70, 22.56, 22.56, 191.30, 20.00, 4.63, 10.00, 4.60, 80.75, 21.88, 74.24, 105.92, 82.02, 0, 0
2.00, 5.70, 22.52, 22.52, 34.25, 20.00, 4.63, 8.89, 3.51, 0.00, 3.29, 0.00, 0.00, 90.00, 0, 0
2.00, 5.70, 22.48, 22.48, -7.49, 20.00, 4.63, 8.33, 3.03, 0.00, 0.00, 0.00, 0.00, 90.00, 0, 0
2.00, 5.70, 22.35, 22.35, -242.11, 20.00, 4.63, 7.22, 1.94, 0.00, 0.00, 0.00, 0.00, 90.00, 0, 0
2.00, 5.70, 22.15, 22.15, -485.22, 20.00, 4.63, 6.67, 1.33, 0.00, 0.00, 0.00, 0.00, 90.00, 0, 0
2.00, 5.70, 21.97, 21.97, -576.14, 20.00, 4.63, 6.11, 0.72, 0.00, 0.00, 0.00, 0.00, 90.00, 0, 0
2.00, 5.70, 21.80, 21.80, -658.46, 20.00, 4.63, 5.56, 0.12, 0.00, 0.00, 0.00, 0.00, 90.00, 0, 0
2.00, 5.70, 21.65, 21.65, -734.92, 20.00, 4.63, 5.00, -0.36, 0.00, 0.00, 0.00, 0.00, 90.00, 0, 0
2.00, 5.70, 21.51, 21.51, -807.37, 20.00, 4.63, 4.44, -0.96, 0.00, 0.00, 0.00, 0.00, 90.00, 0, 0
2.00, 5.70, 21.37, 21.37, -876.92, 20.00, 4.63, 3.89, -1.56, 0.00, 0.00, 0.00, 0.00, 90.00, 0, 0
2.00, 5.70, 21.23, 21.23, -944.32, 20.00, 4.63, 3.33, -2.04, 0.00, 0.00, 0.00, 0.00, 90.00, 0, 0
2.00, 5.70, 21.11, 21.11, -982.02, 20.00, 4.63, 3.33, -2.04, 0.00, 1.64, 69.92, -110.12, 86.43, 0, 0
2.00, 5.70, 21.06, 21.06, -879.66, 20.00, 4.63, 4.44, -0.84, 13.25, 39.94, 79.55, -100.80, 75.48, 0, 0
2.00, 5.70, 21.09, 21.09, -728.41, 20.00, 4.63, 6.11, 0.85, 0.00, 85.75, 0.00, -90.00, 64.18, 0, 0
2.00, 5.70, 21.22, 21.22, -448.11, 20.00, 4.63, 8.89, 3.64, 0.00, 128.01, 0.00, -81.17, 52.84, 0, 0
2.00, 5.70, 21.34, 21.34, -372.83, 20.00, 4.63, 10.00, 4.73, 0.00, 138.27, 0.00, -68.63, 41.87, 0, 0
2.00, 5.70, 21.39, 21.39, -406.67, 20.00, 4.63, 10.00, 4.73, 0.00, 113.57, 0.00, -51.21, 32.01, 0, 0
2.00, 5.70, 21.39, 21.39, -492.11, 20.00, 4.63, 9.44, 4.12, 0.00, 72.79, 0.00, -24.78, 24.92, 0, 0
2.00, 5.70, 21.34, 21.34, -588.30, 20.00, 4.63, 8.89, 3.64, 0.00, 34.50, 0.00, 10.41, 23.46, 0, 0
2.00, 5.70, 21.45, 21.45, -256.18, 20.00, 4.63, 9.44, 4.12, 0.00, 167.53, 0.00, 41.37, 28.52, 0, 0
2.00, 5.70, 21.57, 21.57, -154.02, 20.00, 4.63, 10.00, 4.73, 0.00, 172.91, 0.00, 62.07, 37.49, 0, 0
2.00, 5.70, 21.66, 21.66, -138.01, 20.00, 4.63, 10.56, 5.35, 0.00, 141.58, 0.00, 76.26, 48.12, 0, 0
2.00, 5.70, 21.74, 21.74, -86.07, 20.00, 4.63, 10.56, 5.35, 0.00, 100.21, 0.00, 87.27, 59.37, 0, 0
2.00, 5.70, 21.85, 21.85, 22.44, 20.00, 4.63, 10.00, 4.86, 30.59, 61.58, 83.50, 96.88, 70.72, 0, 0
2.00, 5.70, 21.89, 21.89, -40.70, 20.00, 4.63, 9.44, 4.25, 40.33, 22.44, 74.03, 106.14, 81.86, 0, 0
2.00, 5.70, 21.88, 21.88, -133.02, 20.00, 4.63, 8.89, 3.76, 0.00, 3.29, 0.00, 0.00, 90.00, 0, 0
2.00, 5.70, 21.87, 21.87, -167.50, 20.00, 4.63, 8.33, 3.27, 0.00, 0.00, 0.00, 0.00, 90.00, 0, 0
2.00, 5.70, 21.76, 21.76, -367.95, 20.00, 4.63, 7.78, 2.67, 0.00, 0.00, 0.00, 0.00, 90.00, 0, 0
2.00, 5.70, 21.60, 21.60, -575.25, 20.00, 4.63, 7.78, 2.67, 0.00, 0.00, 0.00, 0.00, 90.00, 0, 0
2.00, 5.70, 21.45, 21.45, -657.29, 20.00, 4.63, 7.22, 2.18, 0.00, 0.00, 0.00, 0.00, 90.00, 0, 0
2.00, 5.70, 21.32, 21.32, -703.66, 20.00, 4.63, 7.22, 2.06, 0.00, 0.00, 0.00, 0.00, 90.00, 0, 0
2.00, 5.70, 21.21, 21.21, -742.61, 20.00, 4.63, 7.22, 2.06, 0.00, 0.00, 0.00, 0.00, 90.00, 0, 0
2.00, 5.70, 21.12, 21.12, -776.15, 20.00, 4.63, 7.22, 2.06, 0.00, 0.00, 0.00, 0.00, 90.00, 0, 0
2.00, 5.70, 21.03, 21.03, -805.62, 20.00, 4.63, 7.22, 2.06, 0.00, 0.00, 0.00, 0.00, 90.00, 0, 0
2.00, 5.70, 20.95, 20.95, -831.87, 20.00, 4.63, 7.22, 2.18, 0.00, 0.00, 0.00, 0.00, 90.00, 0, 0
2.00, 5.70, 20.90, 20.90, -802.35, 20.00, 4.63, 7.78, 2.78, 0.00, 16.43, 69.73, -110.32, 86.25, 0, 0
2.00, 5.70, 20.95, 20.95, -604.47, 20.00, 4.63, 10.00, 4.98, 44.71, 40.90, 79.36, -101.01, 75.30, 0, 0
2.00, 5.70, 21.04, 21.04, -455.84, 20.00, 4.63, 11.67, 6.68, 0.00, 87.90, 0.00, -90.00, 64.01, 0, 0
2.00, 5.70, 21.11, 21.11, -428.67, 20.00, 4.63, 12.22, 7.18, 0.00, 85.10, 0.00, -81.43, 52.67, 0, 0
2.00, 5.70, 21.16, 21.16, -398.44, 20.00, 4.63, 12.22, 7.18, 0.00, 98.09, 0.00, -68.91, 41.68, 0, 0
2.00, 5.70, 21.22, 21.22, -344.23, 20.00, 4.63, 12.78, 7.67, 0.00, 104.14, 0.00, -51.51, 31.79, 0, 0
2.00, 5.70, 21.21, 21.21, -455.64, 20.00, 4.63, 12.22, 7.06, 0.00, 39.93, 0.00, -24.97, 24.67, 0, 0
2.00, 5.70, 21.29, 21.29, -268.32, 20.00, 4.63, 12.78, 7.55, 0.00, 133.46, 0.00, 10.53, 23.20, 0, 0
2.00, 5.70, 21.44, 21.44, -38.28, 20.00, 4.63, 13.89, 8.65, 0.00, 184.33, 0.00, 41.69, 28.30, 0, 0
2.00, 5.70, 21.56, 21.56, -2.95, 20.00, 4.63, 14.44, 9.13, 0.00, 159.99, 0.00, 62.39, 37.31, 0, 0
2.00, 5.70, 21.64, 21.64, -8.54, 20.00, 4.63, 14.44, 9.13, 0.00, 132.70, 0.00, 76.54, 47.96, 0, 0
2.00, 5.70, 21.74, 21.74, 62.85, 20.00, 4.63, 14.44, 9.13, 0.00, 103.19, 90.00, 90.00, 59.22, 0, 0
2.00, 5.70, 21.86, 21.86, 182.05, 20.00, 4.63, 13.89, 8.65, 15.16, 58.96, 83.29, 97.11, 70.57, 0, 0
2.00, 5.70, 21.93, 21.93, 162.94, 20.00, 4.63, 13.33, 8.03, 49.47, 23.72, 73.83, 106.35, 81.69, 0, 0
2.00, 5.70, 21.94, 21.94, 49.13, 20.00, 4.63, 12.22, 6.93, 0.00, 6.57, 0.00, 0.00, 90.00, 0, 0
2.00, 5.70, 21.92, 21.92, -12.54, 20.00, 4.63, 11.11, 5.83, 0.00, 0.00, 0.00, 0.00, 90.00, 0, 0
2.00, 5.70, 21.81, 21.81, -237.65, 20.00, 4.63, 10.00, 4.60, 0.00, 0.00, 0.00, 0.00, 90.00, 0, 0
2.00, 5.70, 21.62, 21.62, -500.09, 20.00, 4.63, 8.89, 3.51, 0.00, 0.00, 0.00, 0.00, 90.00, 0, 0
2.00, 5.70, 21.43, 21.43, -641.78, 20.00, 4.63, 7.22, 1.81, 0.00, 0.00, 0.00, 0.00, 90.00, 0, 0
2.00, 5.70, 21.24, 21.24, -751.59, 20.00, 4.63, 6.11, 0.72, 0.00, 0.00, 0.00, 0.00, 90.00, 0, 0
2.00, 5.70, 21.07, 21.07, -857.37, 20.00, 4.63, 5.00, -0.36, 0.00, 0.00, 0.00, 0.00, 90.00, 0, 0
2.00, 5.70, 20.88, 20.88, -989.79, 20.00, 4.63, 3.33, -2.04, 0.00, 0.00, 0.00, 0.00, 90.00, 0, 0
2.00, 5.70, 20.69, 20.69, -1094.47, 20.00, 4.63, 2.22, -3.12, 0.00, 0.00, 0.00, 0.00, 90.00, 0, 0
2.00, 5.70, 20.50, 20.50, -1227.73, 20.00, 4.63, 0.56, -4.91, 0.00, 0.00, 0.00, 0.00, 90.00, 0, 0
2.00, 5.70, 20.40, 20.40, -1120.46, 20.00, 4.63, 1.11, -4.31, 0.00, 31.22, 69.55, -110.51, 86.07, 0, 0
2.00, 5.70, 20.41, 20.41, -924.66, 20.00, 4.63, 2.78, -2.64, 84.33, 36.94, 79.17, -101.21, 75.14, 0, 0
2.00, 5.70, 20.47, 20.47, -794.63, 20.00, 4.63, 4.44, -0.96, 0.00, 75.56, 0.00, -90.00, 63.85, 0, 0
2.00, 5.70, 20.59, 20.59, -577.88, 20.00, 4.63, 6.11, 0.72, 0.00, 113.08, 0.00, -81.68, 52.50, 0, 0
2.00, 5.70, 20.77, 20.77, -343.92, 20.00, 4.63, 7.78, 2.28, 0.00, 132.28, 0.00, -69.20, 41.50, 0, 0
2.00, 5.70, 21.01, 21.01, -90.09, 20.00, 4.63, 9.44, 3.98, 0.00, 152.89, 0.00, -51.81, 31.58, 0, 0
2.00, 5.70, 21.26, 21.26, 107.88, 20.00, 4.63, 10.56, 5.07, 0.00, 165.74, 0.00, -25.16, 24.42, 0, 0
2.00, 5.70, 21.48, 21.48, 223.28, 20.00, 4.63, 11.67, 6.17, 0.00, 168.49, 0.00, 10.65, 22.94, 0, 0
2.00, 5.70, 21.68, 21.68, 332.24, 20.00, 4.63, 11.67, 6.17, 0.00, 158.08, 0.00, 41.99, 28.09, 0, 0
2.00, 5.70, 21.88, 21.88, 448.05, 20.00, 4.63, 12.22, 6.64, 0.00, 141.86, 0.00, 62.70, 37.13, 0, 0
2.00, 5.70, 22.02, 22.02, 425.61, 20.00, 4.63, 11.67, 6.17, 0.00, 118.96, 0.00, 76.82, 47.80, 0, 0
2.00, 5.70, 22.06, 22.06, 287.63, 20.00, 4.63, 11.11, 5.69, 0.00, 95.98, 90.00, 90.00, 59.06, 0, 0
2.00, 5.70, 22.11, 22.11, 313.35, 20.00, 4.63, 10.00, 4.60, 43.53, 62.32, 83.09, 97.34, 70.42, 0, 0
2.00, 5.70, 22.10, 22.10, 210.32, 20.00, 4.63, 8.33, 2.89, 89.61, 28.09, 73.63, 106.56, 81.53, 0, 0
2.00, 5.70, 22.02, 22.02, 18.24, 20.00, 4.63, 7.22, 1.94, 0.00, 6.57, 0.00, 0.00, 90.00, 0, 0
2.00, 5.70, 21.95, 21.95, -45.41, 20.00, 4.63, 6.67, 1.33, 0.00, 0.00, 0.00, 0.00, 90.00, 0, 0
2.00, 5.70, 21.76, 21.76, -347.76, 20.00, 4.63, 5.56, 0.24, 0.00, 0.00, 0.00, 0.00, 90.00, 0, 0
2.00, 5.70, 21.52, 21.52, -610.16, 20.00, 4.63, 5.00, -0.36, 0.00, 0.00, 0.00, 0.00, 90.00, 0, 0
2.00, 5.70, 21.29, 21.29, -745.22, 20.00, 4.63, 3.89, -1.44, 0.00, 0.00, 0.00, 0.00, 90.00, 0, 0
2.00, 5.70, 21.11, 21.11, -813.37, 20.00, 4.63, 3.89, -1.44, 0.00, 0.00, 0.00, 0.00, 90.00, 0, 0
2.00, 5.70, 20.96, 20.96, -841.77, 20.00, 4.63, 4.44, -0.96, 0.00, 0.00, 0.00, 0.00, 90.00, 0, 0
2.00, 5.70, 20.84, 20.84, -859.82, 20.00, 4.63, 5.00, -0.36, 0.00, 0.00, 0.00, 0.00, 90.00, 0, 0
2.00, 5.70, 20.73, 20.73, -898.75, 20.00, 4.63, 5.00, -0.36, 0.00, 0.00, 0.00, 0.00, 90.00, 0, 0
2.00, 5.70, 20.65, 20.65, -905.04, 20.00, 4.63, 5.56, 0.24, 0.00, 0.00, 0.00, 0.00, 90.00, 0, 0
2.00, 5.70, 20.63, 20.63, -809.61, 20.00, 4.63, 6.11, 0.85, 0.00, 11.50, 69.36, -110.69, 85.89, 0, 0
2.00, 5.70, 20.64, 20.64, -718.13, 20.00, 4.63, 7.22, 1.94, 2.18, 37.14, 78.98, -101.41, 74.97, 0, 0
2.00, 5.70, 20.76, 20.76, -471.23, 20.00, 4.63, 9.44, 4.25, 0.00, 97.94, 0.00, -90.00, 63.69, 0, 0
2.00, 5.70, 20.87, 20.87, -368.98, 20.00, 4.63, 10.56, 5.35, 0.00, 113.58, 0.00, -81.93, 52.34, 0, 0
2.00, 5.70, 20.98, 20.98, -297.22, 20.00, 4.63, 11.11, 5.83, 0.00, 128.69, 0.00, -69.48, 41.33, 0, 0
2.00, 5.70, 21.10, 21.10, -192.85, 20.00, 4.63, 11.67, 6.44, 0.00, 156.32, 0.00, -52.11, 31.38, 0, 0
2.00, 5.70, 21.28, 21.28, 17.73, 20.00, 4.63, 12.78, 7.55, 0.00, 191.21, 0.00, -25.36, 24.18, 0, 0
2.00, 5.70, 21.47, 21.47, 171.03, 20.00, 4.63, 13.89, 8.65, 0.00, 204.75, 0.00, 10.76, 22.69, 0, 0
2.00, 5.70, 21.63, 21.63, 231.57, 20.00, 4.63, 14.44, 9.13, 0.00, 191.21, 0.00, 42.29, 27.87, 0, 0
2.00, 5.70, 21.69, 21.69, 100.19, 20.00, 4.63, 14.44, 9.13, 0.00, 112.49, 0.00, 63.01, 36.96, 0, 0
2.00, 5.70, 21.72, 21.72, 75.34, 20.00, 4.63, 13.89, 8.65, 0.00, 108.43, 0.00, 77.09, 47.65, 0, 0
2.00, 5.70, 21.73, 21.73, 30.34, 20.00, 4.63, 13.33, 8.03, 0.00, 53.27, 90.00, 90.00, 58.91, 0, 0
2.00, 5.70, 21.82, 21.82, 206.78, 20.00, 4.63, 12.78, 7.55, 5.54, 47.32, 82.89, 97.55, 70.26, 0, 0
2.00, 5.70, 21.89, 21.89, 202.60, 20.00, 4.63, 12.22, 6.93, 39.07, 24.32, 73.44, 106.76, 81.37, 0, 0
2.00, 5.70, 21.89, 21.89, 93.75, 20.00, 4.63, 11.11, 5.96, 0.00, 4.93, 0.00, 0.00, 90.00, 0, 0
2.00, 5.70, 21.89, 21.89, 62.11, 20.00, 4.63, 10.56, 5.35, 0.00, 0.00, 0.00, 0.00, 90.00, 0, 0
2.00, 5.70, 21.78, 21.78, -186.01, 20.00, 4.63, 10.00, 4.86, 0.00, 0.00, 0.00, 0.00, 90.00, 0, 0
2.00, 5.70, 21.59, 21.59, -424.82, 20.00, 4.63, 9.44, 4.25, 0.00, 0.00, 0.00, 0.00, 90.00, 0, 0
2.00, 5.70, 21.43, 21.43, -511.23, 20.00, 4.63, 8.89, 3.64, 0.00, 0.00, 0.00, 0.00, 90.00, 0, 0
2.00, 5.70, 21.28, 21.28, -617.14, 20.00, 4.63, 7.78, 2.55, 0.00, 0.00, 0.00, 0.00, 90.00, 0, 0
2.00, 5.70, 21.13, 21.13, -691.47, 20.00, 4.63, 7.22, 1.94, 0.00, 0.00, 0.00, 0.00, 90.00, 0, 0
2.00, 5.70, 20.98, 20.98, -789.71, 20.00, 4.63, 6.11, 0.85, 0.00, 0.00, 0.00, 0.00, 90.00, 0, 0
2.00, 5.70, 20.85, 20.85, -858.64, 20.00, 4.63, 5.56, 0.37, 0.00, 0.00, 0.00, 0.00, 90.00, 0, 0
2.00, 5.70, 20.70, 20.70, -953.69, 20.00, 4.63, 4.44, -0.72, 0.00, 0.00, 0.00, 0.00, 90.00, 0, 0
2.00, 5.70, 20.61, 20.61, -910.32, 20.00, 4.63, 5.56, 0.37, 0.00, 16.43, 69.18, -110.88, 85.73, 0, 0
2.00, 5.70, 20.56, 20.56, -867.33, 20.00, 4.63, 6.11, 0.97, 3.16, 37.76, 78.80, -101.62, 74.82, 0, 0
2.00, 5.70, 20.51, 20.51, -893.84, 20.00, 4.63, 6.11, 1.09, 0.00, 30.65, 0.00, -90.00, 63.54, 0, 0
2.00, 5.70, 20.48, 20.48, -859.84, 20.00, 4.63, 6.67, 1.58, 0.00, 44.36, 0.00, -82.18, 52.19, 0, 0
2.00, 5.70, 20.50, 20.50, -747.75, 20.00, 4.63, 7.22, 2.18, 0.00, 102.03, 0.00, -69.76, 41.16, 0, 0
2.00, 5.70, 20.55, 20.55, -644.86, 20.00, 4.63, 8.33, 3.27, 0.00, 122.74, 0.00, -52.41, 31.19, 0, 0
2.00, 5.70, 20.59, 20.59, -630.04, 20.00, 4.63, 8.89, 3.76, 0.00, 101.68, 0.00, -25.57, 23.94, 0, 0
2.00, 5.70, 20.65, 20.65, -541.58, 20.00, 4.63, 9.44, 4.37, 0.00, 128.69, 0.00, 10.87, 22.45, 0, 0
2.00, 5.70, 20.78, 20.78, -336.18, 20.00, 4.63, 10.00, 4.98, 0.00, 176.60, 0.00, 42.59, 27.66, 0, 0
2.00, 5.70, 20.97, 20.97, -101.52, 20.00, 4.63, 11.11, 6.08, 0.00, 170.81, 0.00, 63.31, 36.78, 0, 0
2.00, 5.70, 21.16, 21.16, 32.68, 20.00, 4.63, 12.22, 7.18, 0.00, 126.26, 0.00, 77.36, 47.49, 0, 0
2.00, 5.70, 21.29, 21.29, 29.16, 20.00, 4.63, 12.78, 7.79, 0.00, 90.39, 90.00, 90.00, 58.77, 0, 0
2.00, 5.70, 21.45, 21.45, 174.14, 20.00, 4.63, 12.22, 7.29, 77.75, 64.11, 82.70, 97.77, 70.11, 0, 0
2.00, 5.70, 21.57, 21.57, 184.14, 20.00, 4.63, 11.67, 6.79, 153.56, 27.16, 73.25, 106.95, 81.21, 0, 0
2.00, 5.70, 21.57, 21.57, -8.14, 20.00, 4.63, 11.11, 6.29, 0.00, 6.57, 0.00, 0.00, 90.00, 0, 0
2.00, 5.70, 21.57, 21.57, -26.18, 20.00, 4.63, 11.11, 6.29, 0.00, 0.00, 0.00, 0.00, 90.00, 0, 0
2.00, 5.70, 21.50, 21.50, -200.13, 20.00, 4.63, 11.11, 6.29, 0.00, 0.00, 0.00, 0.00, 90.00, 0, 0
2.00, 5.70, 21.36, 21.36, -405.57, 20.00, 4.63, 11.11, 6.29, 0.00, 0.00, 0.00, 0.00, 90.00, 0, 0
2.00, 5.70, 21.23, 21.23, -484.81, 20.00, 4.63, 10.56, 5.79, 0.00, 0.00, 0.00, 0.00, 90.00, 0, 0
2.00, 5.70, 21.13, 21.13, -528.51, 20.00, 4.63, 10.56, 5.69, 0.00, 0.00, 0.00, 0.00, 90.00, 0, 0
2.00, 5.70, 21.04, 21.04, -564.52, 20.00, 4.63, 10.56, 5.69, 0.00, 0.00, 0.00, 0.00, 90.00, 0, 0
2.00, 5.70, 20.96, 20.96, -594.91, 20.00, 4.63, 10.56, 5.69, 0.00, 0.00, 0.00, 0.00, 90.00, 0, 0
2.00, 5.70, 20.90, 20.90, -593.35, 20.00, 4.63, 11.11, 6.19, 0.00, 0.00, 0.00, 0.00, 90.00, 0, 0
2.00, 5.70, 20.85, 20.85, -613.91, 20.00, 4.63, 11.11, 6.29, 0.00, 0.00, 0.00, 0.00, 90.00, 0, 0
2.00, 5.70, 20.82, 20.82, -583.10, 20.00, 4.63, 11.67, 6.99, 0.00, 13.14, 69.00, -111.06, 85.56, 0, 0
2.00, 5.70, 20.85, 20.85, -489.81, 20.00, 4.63, 12.78, 8.10, 3.53, 40.68, 78.61, -101.81, 74.66, 0, 0
2.00, 5.70, 20.87, 20.87, -457.31, 20.00, 4.63, 13.33, 8.61, 0.00, 43.23, 0.00, -90.00, 63.39, 0, 0
2.00, 5.70, 20.89, 20.89, -446.25, 20.00, 4.63, 13.33, 8.70, 0.00, 47.65, 0.00, -82.42, 52.04, 0, 0
2.00, 5.70, 20.89, 20.89, -470.13, 20.00, 4.63, 13.33, 8.61, 0.00, 29.57, 0.00, -70.04, 41.00, 0, 0
2.00, 5.70, 20.91, 20.91, -415.60, 20.00, 4.63, 13.89, 9.11, 0.00, 49.29, 0.00, -52.71, 31.00, 0, 0
2.00, 5.70, 20.98, 20.98, -281.79, 20.00, 4.63, 14.44, 9.72, 0.00, 108.84, 0.00, -25.78, 23.72, 0, 0
2.00, 5.70, 21.12, 21.12, -86.25, 20.00, 4.63, 15.56, 10.73, 0.00, 170.95, 0.00, 10.96, 22.20, 0, 0
2.00, 5.70, 21.28, 21.28, 56.41, 20.00, 4.63, 16.67, 11.84, 0.00, 174.30, 0.00, 42.88, 27.46, 0, 0
2.00, 5.70, 21.43, 21.43, 132.16, 20.00, 4.63, 17.22, 12.45, 0.00, 160.93, 0.00, 63.60, 36.61, 0, 0
2.00, 5.70, 21.54, 21.54, 147.33, 20.00, 4.63, 17.78, 12.96, 0.00, 131.01, 0.00, 77.62, 47.34, 0, 0
2.00, 5.70, 21.64, 21.64, 201.26, 20.00, 4.63, 17.78, 12.96, 0.00, 101.15, 90.00, 90.00, 58.62, 0, 0
2.00, 5.70, 21.79, 21.79, 359.31, 20.00, 4.63, 17.22, 12.45, 12.16, 64.38, 82.51, 97.97, 69.96, 0, 0
2.00, 5.70, 21.92, 21.92, 385.69, 20.00, 4.63, 17.22, 12.45, 58.27, 25.00, 73.07, 107.14, 81.06, 0, 0
2.00, 5.70, 21.96, 21.96, 272.43, 20.00, 4.63, 16.11, 11.34, 0.00, 6.57, 0.00, 0.00, 90.00, 0, 0
2.00, 5.70, 21.98, 21.98, 244.16, 20.00, 4.63, 15.56, 10.73, 0.00, 0.00, 0.00, 0.00, 90.00, 0, 0
2.00, 5.70, 21.91, 21.91, 29.19, 20.00, 4.63, 14.44, 9.62, 0.00, 0.00, 0.00, 0.00, 90.00, 0, 0
2.00, 5.70, 21.75, 21.75, -224.04, 20.00, 4.63, 13.33, 8.51, 0.00, 0.00, 0.00, 0.00, 90.00, 0, 0
2.00, 5.70, 21.61, 21.61, -301.26, 20.00, 4.63, 12.78, 7.90, 0.00, 0.00, 0.00, 0.00, 90.00, 0, 0
2.00, 5.70, 21.48, 21.48, -397.88, 20.00, 4.63, 11.67, 6.79, 0.00, 0.00, 0.00, 0.00, 90.00, 0, 0
2.00, 5.70, 21.34, 21.34, -491.74, 20.00, 4.63, 10.56, 5.69, 0.00, 0.00, 0.00, 0.00, 90.00, 0, 0
2.00, 5.70, 21.21, 21.21, -584.05, 20.00, 4.63, 9.44, 4.59, 0.00, 0.00, 0.00, 0.00, 90.00, 0, 0
2.00, 5.70, 21.07, 21.07, -675.66, 20.00, 4.63, 8.33, 3.49, 0.00, 0.00, 0.00, 0.00, 90.00, 0, 0
2.00, 5.70, 20.93, 20.93, -767.18, 20.00, 4.63, 7.22, 2.39, 0.00, 0.00, 0.00, 0.00, 90.00, 0, 0
2.00, 5.70, 20.86, 20.86, -698.21, 20.00, 4.63, 8.33, 3.49, 0.00, 31.22, 68.83, -111.24, 85.41, 0, 0
2.00, 5.70, 20.88, 20.88, -550.40, 20.00, 4.63, 10.00, 5.09, 35.45, 50.27, 78.43, -102.01, 74.52, 0, 0
2.00, 5.70, 20.89, 20.89, -523.22, 20.00, 4.63, 10.56, 5.69, 0.45, 71.27, 87.53, -92.77, 63.25, 0, 0
2.00, 5.70, 20.93, 20.93, -449.66, 20.00, 4.63, 11.11, 6.19, 0.00, 98.99, 0.00, -82.67, 51.90, 0, 0
2.00, 5.70, 21.06, 21.06, -201.61, 20.00, 4.63, 12.78, 7.90, 0.00, 158.44, 0.00, -70.32, 40.84, 0, 0
2.00, 5.70, 21.25, 21.25, 11.76, 20.00, 4.63, 14.44, 9.51, 0.00, 194.96, 0.00, -53.01, 30.82, 0, 0
2.00, 5.70, 21.40, 21.40, 60.41, 20.00, 4.63, 15.00, 10.00, 0.00, 190.95, 0.00, -25.99, 23.49, 0, 0
2.00, 5.70, 21.53, 21.53, 131.25, 20.00, 4.63, 15.56, 10.62, 0.00, 193.66, 0.00, 11.06, 21.97, 0, 0
2.00, 5.70, 21.68, 21.68, 250.79, 20.00, 4.63, 16.11, 11.12, 0.00, 192.63, 0.00, 43.16, 27.26, 0, 0
2.00, 5.70, 21.80, 21.80, 264.86, 20.00, 4.63, 16.11, 11.12, 0.00, 169.89, 0.00, 63.89, 36.45, 0, 0
2.00, 5.70, 21.84, 21.84, 167.58, 20.00, 4.63, 16.11, 10.99, 0.00, 115.74, 0.00, 77.87, 47.19, 0, 0
2.00, 5.70, 21.88, 21.88, 176.89, 20.00, 4.63, 15.56, 10.50, 0.00, 90.94, 90.00, 90.00, 58.48, 0, 0
2.00, 5.70, 21.96, 21.96, 281.62, 20.00, 4.63, 14.44, 9.39, 3.06, 54.78, 82.33, 98.17, 69.82, 0, 0
2.00, 5.70, 21.98, 21.98, 190.04, 20.00, 4.63, 13.33, 8.28, 1.82, 19.32, 72.90, 107.33, 80.90, 0, 0
2.00, 5.70, 21.98, 21.98, 134.32, 20.00, 4.63, 12.78, 7.79, 0.00, 1.64, 0.00, 0.00, 90.00, 0, 0
2.00, 5.70, 21.96, 21.96, 76.88, 20.00, 4.63, 11.67, 6.68, 0.00, 0.00, 0.00, 0.00, 90.00, 0, 0
2.00, 5.70, 21.86, 21.86, -121.84, 20.00, 4.63, 11.11, 6.08, 0.00, 0.00, 0.00, 0.00, 90.00, 0, 0
2.00, 5.70, 21.68, 21.68, -383.30, 20.00, 4.63, 10.00, 4.98, 0.00, 0.00, 0.00, 0.00, 90.00, 0, 0
2.00, 5.70, 21.52, 21.52, -468.04, 20.00, 4.63, 9.44, 4.37, 0.00, 0.00, 0.00, 0.00, 90.00, 0, 0
2.00, 5.70, 21.36, 21.36, -572.43, 20.00, 4.63, 8.33, 3.27, 0.00, 0.00, 0.00, 0.00, 90.00, 0, 0
2.00, 5.70, 21.22, 21.22, -645.53, 20.00, 4.63, 7.78, 2.67, 0.00, 0.00, 0.00, 0.00, 90.00, 0, 0
2.00, 5.70, 21.08, 21.08, -714.17, 20.00, 4.63, 7.22, 2.18, 0.00, 0.00, 0.00, 0.00, 90.00, 0, 0
2.00, 5.70, 20.96, 20.96, -779.83, 20.00, 4.63, 6.67, 1.58, 0.00, 0.00, 0.00, 0.00, 90.00, 0, 0
2.00, 5.70, 20.83, 20.83, -843.36, 20.00, 4.63, 6.11, 0.97, 0.00, 0.00, 0.00, 0.00, 90.00, 0, 0
2.00, 5.70, 20.73, 20.73, -865.90, 20.00, 4.63, 6.11, 0.97, 0.00, 8.22, 68.66, -111.42, 85.26, 0, 0
2.00, 5.70, 20.72, 20.72, -715.71, 20.00, 4.63, 7.78, 2.67, 24.74, 45.10, 78.26, -102.20, 74.38, 0, 0
2.00, 5.70, 20.79, 20.79, -531.72, 20.00, 4.63, 10.00, 4.86, 2.52, 89.22, 87.34, -92.98, 63.11, 0, 0
2.00, 5.70, 20.95, 20.95, -281.19, 20.00, 4.63, 12.22, 7.06, 0.00, 124.71, 0.00, -82.91, 51.76, 0, 0
2.00, 5.70, 21.16, 21.16, -38.35, 20.00, 4.63, 14.44, 9.27, 0.00, 151.79, 0.00, -70.59, 40.70, 0, 0
2.00, 5.70, 21.38, 21.38, 138.14, 20.00, 4.63, 15.56, 10.38, 0.00, 182.64, 0.00, -53.31, 30.64, 0, 0
2.00, 5.70, 21.62, 21.62, 335.73, 20.00, 4.63, 17.22, 11.97, 0.00, 197.84, 0.00, -26.21, 23.28, 0, 0
2.00, 5.70, 21.82, 21.82, 397.55, 20.00, 4.63, 17.78, 12.46, 0.00, 205.37, 0.00, 11.14, 21.74, 0, 0
2.00, 5.70, 22.02, 22.02, 524.48, 20.00, 4.63, 18.33, 13.09, 0.00, 192.42, 0.00, 43.43, 27.06, 0, 0
2.00, 5.70, 22.17, 22.17, 539.60, 20.00, 4.63, 18.33, 13.09, 0.00, 174.66, 0.00, 64.17, 36.28, 0, 0
2.00, 5.70, 22.26, 22.26, 487.52, 20.00, 4.63, 18.33, 12.94, 0.00, 142.90, 0.00, 78.12, 47.04, 0, 0
2.00, 5.70, 22.34, 22.34, 485.22, 20.00, 4.63, 17.78, 12.46, 0.00, 106.38, 90.00, 90.00, 58.33, 0, 0
2.00, 5.70, 22.45, 22.45, 607.44, 20.00, 4.63, 16.67, 11.35, 52.02, 60.57, 82.16, 98.37, 69.67, 0, 0
2.00, 5.70, 22.55, 22.55, 613.86, 20.00, 4.63, 15.56, 10.24, 149.61, 22.91, 72.73, 107.50, 80.75, 0, 0
2.00, 5.70, 22.52, 22.52, 402.33, 20.00, 4.63, 14.44, 9.13, 0.00, 8.22, 0.00, 0.00, 90.00, 0, 0
2.00, 5.70, 22.47, 22.47, 295.29, 20.00, 4.63, 12.78, 7.55, 0.00, 0.00, 0.00, 0.00, 90.00, 0, 0
2.00, 5.70, 22.34, 22.34, 56.79, 20.00, 4.63, 11.67, 6.44, 0.00, 0.00, 0.00, 0.00, 90.00, 0, 0
2.00, 5.70, 22.12, 22.12, -243.84, 20.00, 4.63, 10.00, 4.73, 0.00, 0.00, 0.00, 0.00, 90.00, 0, 0
2.00, 5.70, 21.91, 21.91, -367.77, 20.00, 4.63, 8.89, 3.51, 0.00, 0.00, 0.00, 0.00, 90.00, 0, 0
2.00, 5.70, 21.73, 21.73, -483.43, 20.00, 4.63, 7.78, 2.42, 0.00, 0.00, 0.00, 0.00, 90.00, 0, 0
2.00, 5.70, 21.54, 21.54, -593.96, 20.00, 4.63, 6.67, 1.33, 0.00, 0.00, 0.00, 0.00, 90.00, 0, 0
2.00, 5.70, 21.35, 21.35, -729.86, 20.00, 4.63, 5.00, -0.23, 0.00, 0.00, 0.00, 0.00, 90.00, 0, 0
2.00, 5.70, 21.17, 21.17, -837.71, 20.00, 4.63, 3.89, -1.44, 0.00, 0.00, 0.00, 0.00, 90.00, 0, 0
2.00, 5.70, 20.99, 20.99, -943.89, 20.00, 4.63, 2.78, -2.52, 0.00, 0.00, 0.00, 0.00, 90.00, 0, 0
2.00, 5.70, 20.88, 20.88, -887.97, 20.00, 4.63, 3.89, -1.44, 0.00, 31.22, 68.49, -111.59, 85.11, 0, 0
2.00, 5.70, 20.90, 20.90, -663.64, 20.00, 4.63, 6.11, 0.72, 88.29, 39.09, 78.08, -102.39, 74.24, 0, 0
2.00, 5.70, 20.97, 20.97, -518.73, 20.00, 4.63, 8.33, 3.03, 6.67, 73.38, 87.16, -93.19, 62.98, 0, 0
2.00, 5.70, 21.10, 21.10, -320.74, 20.00, 4.63, 10.00, 4.73, 0.00, 108.64, 0.00, -83.14, 51.63, 0, 0
2.00, 5.70, 21.29, 21.29, -66.49, 20.00, 4.63, 12.22, 6.93, 0.00, 138.18, 0.00, -70.87, 40.55, 0, 0
2.00, 5.70, 21.53, 21.53, 178.13, 20.00, 4.63, 13.89, 8.65, 0.00, 154.57, 0.00, -53.61, 30.47, 0, 0
2.00, 5.70, 21.80, 21.80, 391.97, 20.00, 4.63, 15.56, 10.24, 0.00, 166.56, 0.00, -26.43, 23.07, 0, 0
2.00, 5.70, 22.04, 22.04, 517.15, 20.00, 4.63, 16.67, 11.35, 0.00, 169.14, 0.00, 11.22, 21.51, 0, 0
2.00, 5.70, 22.29, 22.29, 706.40, 20.00, 4.63, 17.78, 12.46, 0.00, 160.16, 0.00, 43.69, 26.87, 0, 0
2.00, 5.70, 22.51, 22.51, 784.41, 20.00, 4.63, 17.78, 12.46, 0.00, 146.91, 0.00, 64.44, 36.12, 0, 0
2.00, 5.70, 22.69, 22.69, 821.48, 20.00, 4.63, 17.78, 12.46, 0.00, 129.47, 0.00, 78.36, 46.90, 0, 0
2.00, 5.70, 22.78, 22.78, 709.21, 20.00, 4.63, 17.22, 11.97, 0.00, 89.30, 90.00, 90.00, 58.19, 0, 0
2.00, 5.70, 22.89, 22.89, 789.43, 20.00, 4.63, 16.11, 10.86, 93.41, 53.31, 81.99, 98.56, 69.53, 0, 0
2.00, 5.70, 22.96, 22.96, 762.16, 20.00, 4.63, 14.44, 9.27, 193.84, 22.94, 72.57, 107.68, 80.60, 0, 0
2.00, 5.70, 22.91, 22.91, 493.39, 20.00, 4.63, 13.33, 8.16, 0.00, 8.22, 0.00, 0.00, 90.00, 0, 0
2.00, 5.70, 22.84, 22.84, 397.87, 20.00, 4.63, 12.22, 7.06, 0.00, 0.00, 0.00, 0.00, 90.00, 0, 0
2.00, 5.70, 22.70, 22.70, 176.53, 20.00, 4.63, 11.67, 6.57, 0.00, 0.00, 0.00, 0.00, 90.00, 0, 0
2.00, 5.70, 22.49, 22.49, -102.41, 20.00, 4.63, 10.56, 5.47, 0.00, 0.00, 0.00, 0.00, 90.00, 0, 0
2.00, 5.70, 22.29, 22.29, -229.02, 20.00, 4.63, 9.44, 4.37, 0.00, 0.00, 0.00, 0.00, 90.00, 0, 0
2.00, 5.70, 22.13, 22.13, -290.98, 20.00, 4.63, 9.44, 4.25, 0.00, 0.00, 0.00, 0.00, 90.00, 0, 0
2.00, 5.70, 21.98, 21.98, -370.34, 20.00, 4.63, 8.89, 3.76, 0.00, 0.00, 0.00, 0.00, 90.00, 0, 0
2.00, 5.70, 21.86, 21.86, -416.41, 20.00, 4.63, 8.89, 3.64, 0.00, 0.00, 0.00, 0.00, 90.00, 0, 0
2.00, 5.70, 21.74, 21.74, -484.21, 20.00, 4.63, 8.33, 3.15, 0.00, 0.00, 0.00, 0.00, 90.00, 0, 0
2.00, 5.70, 21.64, 21.64, -521.45, 20.00, 4.63, 8.33, 3.15, 0.00, 0.00, 0.00, 0.00, 90.00, 0, 0
2.00, 5.70, 21.63, 21.63, -366.38, 20.00, 4.63, 9.44, 4.37, 0.00, 34.50, 68.32, -111.77, 84.97, 0, 0
2.00, 5.70, 21.71, 21.71, -168.44, 20.00, 4.63, 11.11, 6.19, 65.42, 49.80, 77.91, -102.58, 74.11, 0, 0
2.00, 5.70, 21.81, 21.81, -56.10, 20.00, 4.63, 12.78, 7.79, 2.28, 91.49, 86.98, -93.39, 62.86, 0, 0
2.00, 5.70, 21.95, 21.95, 109.61, 20.00, 4.63, 13.89, 9.01, 0.00, 131.38, 0.00, -83.38, 51.50, 0, 0
2.00, 5.70, 22.16, 22.16, 358.55, 20.00, 4.63, 16.11, 11.12, 0.00, 156.52, 0.00, -71.13, 40.42, 0, 0
2.00, 5.70, 22.38, 22.38, 533.60, 20.00, 4.63, 17.22, 12.34, 0.00, 191.61, 0.00, -53.91, 30.31, 0, 0
2.00, 5.70, 22.60, 22.60, 666.01, 20.00, 4.63, 18.33, 13.46, 0.00, 202.81, 0.00, -26.65, 22.86, 0, 0
2.00, 5.70, 22.81, 22.81, 781.08, 20.00, 4.63, 18.89, 13.96, 0.00, 199.79, 0.00, 11.29, 21.29, 0, 0
2.00, 5.70, 23.03, 23.03, 939.53, 20.00, 4.63, 20.00, 15.08, 0.00, 193.19, 0.00, 43.95, 26.68, 0, 0
2.00, 5.70, 23.22, 23.22, 989.37, 20.00, 4.63, 20.00, 15.19, 0.00, 169.19, 0.00, 64.70, 35.96, 0, 0
2.00, 5.70, 23.38, 23.38, 1017.91, 20.00, 4.63, 20.00, 15.19, 0.00, 132.90, 0.00, 78.59, 46.76, 0, 0
2.00, 5.70, 23.48, 23.48, 990.94, 20.00, 4.63, 20.00, 15.19, 0.00, 98.21, 90.00, 90.00, 58.05, 0, 0
2.00, 5.70, 23.61, 23.61, 1069.43, 20.00, 4.63, 18.89, 14.18, 48.64, 63.13, 81.82, 98.74, 69.39, 0, 0
2.00, 5.70, 23.68, 23.68, 1008.15, 20.00, 4.63, 17.22, 12.55, 110.08, 24.94, 72.41, 107.84, 80.45, 0, 0
2.00, 5.70, 23.67, 23.67, 850.81, 20.00, 4.63, 16.67, 12.04, 0.00, 8.22, 0.00, 0.00, 90.00, 0, 0
2.00, 5.70, 23.67, 23.67, 825.33, 20.00, 4.63, 16.67, 12.04, 0.00, 0.00, 0.00, 0.00, 90.00, 0, 0
2.00, 5.70, 23.58, 23.58, 596.42, 20.00, 4.63, 16.67, 12.04, 0.00, 0.00, 0.00, 0.00, 90.00, 0, 0
2.00, 5.70, 23.42, 23.42, 355.05, 20.00, 4.63, 16.11, 11.53, 0.00, 0.00, 0.00, 0.00, 90.00, 0, 0
2.00, 5.70, 23.29, 23.29, 294.70, 20.00, 4.63, 16.11, 11.63, 0.00, 0.00, 0.00, 0.00, 90.00, 0, 0
2.00, 5.70, 23.19, 23.19, 246.55, 20.00, 4.63, 16.11, 11.53, 0.00, 0.00, 0.00, 0.00, 90.00, 0, 0
2.00, 5.70, 23.11, 23.11, 234.03, 20.00, 4.63, 16.67, 12.04, 0.00, 0.00, 0.00, 0.00, 90.00, 0, 0
2.00, 5.70, 23.05, 23.05, 203.35, 20.00, 4.63, 16.67, 12.04, 0.00, 0.00, 0.00, 0.00, 90.00, 0, 0
2.00, 5.70, 23.01, 23.01, 203.99, 20.00, 4.63, 17.22, 12.65, 0.00, 0.00, 0.00, 0.00, 90.00, 0, 0
2.00, 5.70, 22.99, 22.99, 210.31, 20.00, 4.63, 17.78, 13.26, 0.00, 0.00, 0.00, 0.00, 90.00, 0, 0
2.00, 5.70, 23.02, 23.02, 317.83, 20.00, 4.63, 18.33, 13.95, 0.00, 8.22, 68.16, -111.94, 84.83, 0, 0
2.00, 5.70, 23.10, 23.10, 432.40, 20.00, 4.63, 19.44, 15.07, 5.50, 40.42, 77.74, -102.76, 73.99, 0, 0
2.00, 5.70, 23.26, 23.26, 668.29, 20.00, 4.63, 21.67, 17.32, 3.37, 91.19, 86.80, -93.59, 62.74, 0, 0
2.00, 5.70, 23.46, 23.46, 865.65, 20.00, 4.63, 23.33, 18.96, 0.00, 132.58, 0.00, -83.60, 51.38, 0, 0
2.00, 5.70, 23.65, 23.65, 952.20, 20.00, 4.63, 24.44, 20.09, 0.00, 135.64, 0.00, -71.40, 40.28, 0, 0
2.00, 5.70, 23.82, 23.82, 1049.30, 20.00, 4.63, 25.00, 20.61, 0.00, 154.46, 0.00, -54.20, 30.15, 0, 0
2.00, 5.70, 23.97, 23.97, 1087.22, 20.00, 4.63, 25.00, 20.61, 0.00, 147.70, 0.00, -26.88, 22.66, 0, 0
2.00, 5.70, 24.13, 24.13, 1174.26, 20.00, 4.63, 25.56, 21.03, 0.00, 160.46, 0.00, 11.36, 21.08, 0, 0
2.00, 5.70, 24.29, 24.29, 1268.22, 20.00, 4.63, 26.11, 21.54, 0.00, 168.23, 0.00, 44.20, 26.49, 0, 0
2.00, 5.70, 24.46, 24.46, 1376.57, 20.00, 4.63, 26.67, 22.16, 0.00, 167.03, 0.00, 64.96, 35.81, 0, 0
2.00, 5.70, 24.56, 24.56, 1310.15, 20.00, 4.63, 26.11, 21.54, 0.00, 127.50, 0.00, 78.82, 46.62, 0, 0
2.00, 5.70, 24.66, 24.66, 1329.90, 20.00, 4.63, 26.11, 21.54, 0.00, 84.92, 90.00, 90.00, 57.92, 0, 0
2.00, 5.70, 24.84, 24.84, 1548.02, 20.00, 4.63, 25.56, 21.03, 35.55, 63.47, 81.67, 98.92, 69.25, 0, 0
2.00, 5.70, 25.00, 25.00, 1590.75, 20.00, 4.63, 25.00, 20.51, 112.44, 27.64, 72.26, 108.00, 80.30, 0, 0
2.00, 5.70, 25.05, 25.05, 1427.60, 20.00, 4.63, 23.89, 19.38, 0.00, 6.57, 0.00, 0.00, 90.00, 0, 0
2.00, 5.70, 25.08, 25.08, 1367.79, 20.00, 4.63, 22.78, 18.26, 0.00, 0.00, 0.00, 0.00, 90.00, 0, 0
2.00, 5.70, 24.97, 24.97, 1072.24, 20.00, 4.63, 21.11, 16.62, 0.00, 0.00, 0.00, 0.00, 90.00, 0, 0
2.00, 5.70, 24.80, 24.80, 808.93, 20.00, 4.63, 20.00, 15.50, 0.00, 0.00, 0.00, 0.00, 90.00, 0, 0
2.00, 5.70, 24.64, 24.64, 697.38, 20.00, 4.63, 18.89, 14.28, 0.00, 0.00, 0.00, 0.00, 90.00, 0, 0
2.00, 5.70, 24.50, 24.50, 593.83, 20.00, 4.63, 17.78, 13.26, 0.00, 0.00, 0.00, 0.00, 90.00, 0, 0
2.00, 5.70, 24.35, 24.35, 468.17, 20.00, 4.63, 16.11, 11.53, 0.00, 0.00, 0.00, 0.00, 90.00, 0, 0
2.00, 5.70, 24.20, 24.20, 370.13, 20.00, 4.63, 15.00, 10.42, 0.00, 0.00, 0.00, 0.00, 90.00, 0, 0
2.00, 5.70, 24.06, 24.06, 274.44, 20.00, 4.63, 13.89, 9.31, 0.00, 0.00, 0.00, 0.00, 90.00, 0, 0
2.00, 5.70, 23.91, 23.91, 152.55, 20.00, 4.63, 12.22, 7.69, 0.00, 0.00, 0.00, 0.00, 90.00, 0, 0
2.00, 5.70, 23.82, 23.82, 167.98, 20.00, 4.63, 12.78, 8.20, 0.00, 18.07, 68.00, -112.10, 84.70, 0, 0
2.00, 5.70, 23.87, 23.87, 430.52, 20.00, 4.63, 15.56, 10.93, 69.92, 52.56, 77.58, -102.94, 73.87, 0, 0
2.00, 5.70, 23.97, 23.97, 596.06, 20.00, 4.63, 17.78, 13.16, 8.52, 77.04, 86.63, -93.79, 62.62, 0, 0
2.00, 5.70, 24.14, 24.14, 814.83, 20.00, 4.63, 20.00, 15.40, 0.00, 110.84, 0.00, -83.83, 51.27, 0, 0
2.00, 5.70, 24.36, 24.36, 1028.76, 20.00, 4.63, 21.67, 17.03, 0.00, 142.54, 0.00, -71.66, 40.16, 0, 0
2.00, 5.70, 24.63, 24.63, 1291.69, 20.00, 4.63, 23.89, 19.18, 0.00, 167.51, 0.00, -54.50, 30.00, 0, 0
2.00, 5.70, 24.91, 24.91, 1487.68, 20.00, 4.63, 25.00, 20.30, 0.00, 177.52, 0.00, -27.11, 22.47, 0, 0
2.00, 5.70, 25.16, 25.16, 1595.96, 20.00, 4.63, 26.11, 21.32, 0.00, 187.61, 0.00, 11.41, 20.87, 0, 0
2.00, 5.70, 25.41, 25.41, 1733.38, 20.00, 4.63, 26.67, 21.83, 0.00, 183.32, 0.00, 44.44, 26.31, 0, 0
2.00, 5.70, 25.63, 25.63, 1808.82, 20.00, 4.63, 27.22, 22.34, 0.00, 165.27, 0.00, 65.21, 35.65, 0, 0
2.00, 5.70, 25.81, 25.81, 1831.31, 20.00, 4.63, 26.67, 21.83, 0.00, 131.93, 0.00, 79.03, 46.48, 0, 0
2.00, 5.70, 25.94, 25.94, 1810.16, 20.00, 4.63, 26.67, 21.83, 0.00, 97.28, 90.00, 90.00, 57.78, 0, 0
2.00, 5.70, 26.08, 26.08, 1878.26, 20.00, 4.63, 25.00, 20.19, 84.04, 67.55, 81.52, 99.09, 69.11, 0, 0
2.00, 5.70, 26.16, 26.16, 1788.37, 20.00, 4.63, 23.89, 19.07, 99.77, 27.01, 72.12, 108.16, 80.16, 0, 0
2.00, 5.70, 26.13, 26.13, 1575.22, 20.00, 4.63, 22.22, 17.44, 0.00, 4.93, 0.00, 0.00, 90.00, 0, 0
2.00, 5.70, 26.08, 26.08, 1464.47, 20.00, 4.63, 20.56, 15.70, 0.00, 0.00, 0.00, 0.00, 90.00, 0, 0
2.00, 5.70, 25.94, 25.94, 1196.79, 20.00, 4.63, 18.89, 14.07, 0.00, 0.00, 0.00, 0.00, 90.00, 0, 0
2.00, 5.70, 25.72, 25.72, 893.86, 20.00, 4.63, 17.22, 12.34, 0.00, 0.00, 0.00, 0.00, 90.00, 0, 0
2.00, 5.70, 25.51, 25.51, 741.37, 20.00, 4.63, 15.56, 10.62, 0.00, 0.00, 0.00, 0.00, 90.00, 0, 0
2.00, 5.70, 25.33, 25.33, 623.00, 20.00, 4.63, 14.44, 9.62, 0.00, 0.00, 0.00, 0.00, 90.00, 0, 0
2.00, 5.70, 25.15, 25.15, 511.02, 20.00, 4.63, 13.33, 8.40, 0.00, 0.00, 0.00, 0.00, 90.00, 0, 0
2.00, 5.70, 24.97, 24.97, 375.83, 20.00, 4.63, 11.67, 6.79, 0.00, 0.00, 0.00, 0.00, 90.00, 0, 0
2.00, 5.70, 24.79, 24.79, 268.54, 20.00, 4.63, 10.56, 5.69, 0.00, 0.00, 0.00, 0.00, 90.00, 0, 0
2.00, 5.70, 24.62, 24.62, 163.44, 20.00, 4.63, 9.44, 4.59, 0.00, 0.00, 0.00, 0.00, 90.00, 0, 0
2.00, 5.70, 24.52, 24.52, 211.81, 20.00, 4.63, 10.56, 5.58, 0.00, 26.29, 67.84, -112.27, 84.58, 0, 0
2.00, 5.70, 24.53, 24.53, 380.91, 20.00, 4.63, 12.22, 7.29, 57.41, 47.46, 77.41, -103.12, 73.75, 0, 0
2.00, 5.70, 24.60, 24.60, 553.41, 20.00, 4.63, 14.44, 9.51, 8.02, 79.69, 86.46, -93.99, 62.52, 0, 0
2.00, 5.70, 24.75, 24.75, 773.89, 20.00, 4.63, 16.67, 11.73, 0.00, 106.81, 0.00, -84.05, 51.16, 0, 0
2.00, 5.70, 24.96, 24.96, 1016.71, 20.00, 4.63, 18.89, 13.96, 0.00, 132.67, 0.00, -71.92, 40.04, 0, 0
2.00, 5.70, 25.22, 25.22, 1283.45, 20.00, 4.63, 21.11, 16.08, 0.00, 154.89, 0.00, -54.79, 29.86, 0, 0
2.00, 5.70, 25.50, 25.50, 1477.03, 20.00, 4.63, 22.22, 17.20, 0.00, 174.04, 0.00, -27.35, 22.29, 0, 0
2.00, 5.70, 25.74, 25.74, 1586.58, 20.00, 4.63, 23.33, 18.32, 0.00, 180.41, 0.00, 11.46, 20.66, 0, 0
2.00, 5.70, 26.00, 26.00, 1762.18, 20.00, 4.63, 24.44, 19.32, 0.00, 164.01, 0.00, 44.68, 26.14, 0, 0
2.00, 5.70, 26.24, 26.24, 1884.22, 20.00, 4.63, 25.00, 19.95, 0.00, 143.11, 0.00, 65.45, 35.50, 0, 0
2.00, 5.70, 26.43, 26.43, 1891.30, 20.00, 4.63, 24.44, 19.45, 0.00, 119.70, 0.00, 79.24, 46.34, 0, 0
2.00, 5.70, 26.52, 26.52, 1780.87, 20.00, 4.63, 23.89, 18.82, 0.00, 90.54, 90.00, 90.00, 57.65, 0, 0
2.00, 5.70, 26.65, 26.65, 1873.19, 20.00, 4.63, 22.78, 17.82, 94.59, 55.99, 81.37, 99.25, 68.98, 0, 0
2.00, 5.70, 26.75, 26.75, 1866.99, 20.00, 4.63, 21.11, 16.20, 205.90, 24.36, 71.98, 108.31, 80.01, 0, 0
2.00, 5.70, 26.70, 26.70, 1562.67, 20.00, 4.63, 19.44, 14.46, 0.00, 9.86, 0.00, 0.00, 90.00, 0, 0
2.00, 5.70, 26.63, 26.63, 1462.22, 20.00, 4.63, 18.33, 13.46, 0.00, 0.00, 0.00, 0.00, 90.00, 0, 0
2.00, 5.70, 26.49, 26.49, 1213.57, 20.00, 4.63, 17.22, 12.23, 0.00, 0.00, 0.00, 0.00, 90.00, 0, 0
2.00, 5.70, 26.26, 26.26, 906.28, 20.00, 4.63, 15.56, 10.62, 0.00, 0.00, 0.00, 0.00, 90.00, 0, 0
2.00, 5.70, 26.06, 26.06, 776.75, 20.00, 4.63, 14.44, 9.51, 0.00, 0.00, 0.00, 0.00, 90.00, 0, 0
2.00, 5.70, 25.87, 25.87, 656.84, 20.00, 4.63, 13.33, 8.40, 0.00, 0.00, 0.00, 0.00, 90.00, 0, 0
2.00, 5.70, 25.70, 25.70, 570.63, 20.00, 4.63, 12.78, 7.79, 0.00, 0.00, 0.00, 0.00, 90.00, 0, 0
2.00, 5.70, 25.54, 25.54, 463.58, 20.00, 4.63, 11.67, 6.68, 0.00, 0.00, 0.00, 0.00, 90.00, 0, 0
2.00, 5.70, 25.39, 25.39, 386.52, 20.00, 4.63, 11.11, 6.08, 0.00, 0.00, 0.00, 0.00, 90.00, 0, 0
2.00, 5.70, 25.24, 25.24, 285.70, 20.00, 4.63, 10.00, 5.09, 0.00, 0.00, 0.00, 0.00, 90.00, 0, 0
2.00, 5.70, 25.13, 25.13, 294.07, 20.00, 4.63, 10.56, 5.69, 0.00, 16.43, 67.68, -112.43, 84.46, 0, 0
2.00, 5.70, 25.15, 25.15, 504.19, 20.00, 4.63, 12.78, 7.90, 54.91, 50.29, 77.26, -103.29, 73.64, 0, 0
2.00, 5.70, 25.23, 25.23, 675.27, 20.00, 4.63, 15.00, 10.12, 7.61, 82.27, 86.30, -94.18, 62.41, 0, 0
2.00, 5.70, 25.41, 25.41, 944.38, 20.00, 4.63, 17.78, 12.84, 0.00, 118.48, 0.00, -84.27, 51.05, 0, 0
2.00, 5.70, 25.64, 25.64, 1199.67, 20.00, 4.63, 20.00, 15.08, 0.00, 136.85, 0.00, -72.17, 39.93, 0, 0
2.00, 5.70, 25.92, 25.92, 1467.39, 20.00, 4.63, 22.22, 17.20, 0.00, 155.37, 0.00, -55.08, 29.72, 0, 0
2.00, 5.70, 26.22, 26.22, 1689.94, 20.00, 4.63, 23.89, 18.82, 0.00, 169.11, 0.00, -27.58, 22.11, 0, 0
2.00, 5.70, 26.48, 26.48, 1805.45, 20.00, 4.63, 25.00, 19.95, 0.00, 170.01, 0.00, 11.51, 20.47, 0, 0
2.00, 5.70, 26.75, 26.75, 1967.64, 20.00, 4.63, 25.56, 20.58, 0.00, 161.54, 0.00, 44.90, 25.97, 0, 0
2.00, 5.70, 27.00, 27.00, 2087.18, 20.00, 4.63, 26.11, 21.08, 0.00, 150.43, 0.00, 65.68, 35.36, 0, 0
2.00, 5.70, 27.20, 27.20, 2115.94, 20.00, 4.63, 26.11, 21.08, 0.00, 122.93, 0.00, 79.45, 46.21, 0, 0
2.00, 5.70, 27.30, 27.30, 1988.29, 20.00, 4.63, 25.00, 19.95, 0.00, 89.29, 0.00, 90.00, 57.52, 0, 0
2.00, 5.70, 27.43, 27.43, 2082.82, 20.00, 4.63, 23.89, 18.95, 97.03, 63.03, 81.23, 99.41, 68.84, 0, 0
2.00, 5.70, 27.51, 27.51, 2028.56, 20.00, 4.63, 22.22, 17.32, 167.07, 27.91, 71.85, 108.45, 79.87, 0, 0
2.00, 5.70, 27.47, 27.47, 1776.68, 20.00, 4.63, 21.11, 16.20, 0.00, 8.22, 0.00, 0.00, 90.00, 0, 0
2.00, 5.70, 27.41, 27.41, 1680.72, 20.00, 4.63, 20.00, 15.08, 0.00, 0.00, 0.00, 0.00, 90.00, 0, 0
2.00, 5.70, 27.27, 27.27, 1408.48, 20.00, 4.63, 18.33, 13.46, 0.00, 0.00, 0.00, 0.00, 90.00, 0, 0
2.00, 5.70, 27.05, 27.05, 1128.35, 20.00, 4.63, 17.22, 12.34, 0.00, 0.00, 0.00, 0.00, 90.00, 0, 0
2.00, 5.70, 26.86, 26.86, 1001.73, 20.00, 4.63, 16.11, 11.23, 0.00, 0.00, 0.00, 0.00, 90.00, 0, 0
2.00, 5.70, 26.68, 26.68, 884.43, 20.00, 4.63, 15.00, 10.12, 0.00, 0.00, 0.00, 0.00, 90.00, 0, 0
2.00, 5.70, 26.52, 26.52, 800.38, 20.00, 4.63, 14.44, 9.51, 0.00, 0.00, 0.00, 0.00, 90.00, 0, 0
2.00, 5.70, 26.36, 26.36, 695.60, 20.00, 4.63, 13.33, 8.40, 0.00, 0.00, 0.00, 0.00, 90.00, 0, 0
2.00, 5.70, 26.20, 26.20, 592.98, 20.00, 4.63, 12.22, 7.29, 0.00, 0.00, 0.00, 0.00, 90.00, 0, 0
2.00, 5.70, 26.06, 26.06, 519.43, 20.00, 4.63, 11.67, 6.79, 0.00, 0.00, 0.00, 0.00, 90.00, 0, 0
2.00, 5.70, 25.96, 25.96, 525.44, 20.00, 4.63, 12.22, 7.40, 0.00, 13.14, 67.53, -112.58, 84.35, 0, 0
2.00, 5.70, 25.92, 25.92, 602.60, 20.00, 4.63, 13.33, 8.51, 2.89, 44.78, 77.10, -103.46, 73.54, 0, 0
2.00, 5.70, 25.94, 25.94, 713.90, 20.00, 4.63, 14.44, 9.62, 0.81, 86.58, 86.13, -94.37, 62.32, 0, 0
2.00, 5.70, 25.99, 25.99, 809.14, 20.00, 4.63, 15.56, 10.73, 0.00, 110.43, 0.00, -84.48, 50.96, 0, 0
2.00, 5.70, 26.07, 26.07, 920.94, 20.00, 4.63, 16.67, 11.84, 0.00, 137.85, 0.00, -72.42, 39.82, 0, 0
2.00, 5.70, 26.18, 26.18, 1041.68, 20.00, 4.63, 17.22, 12.45, 0.00, 171.80, 0.00, -55.37, 29.59, 0, 0
2.00, 5.70, 26.31, 26.31, 1176.05, 20.00, 4.63, 18.33, 13.46, 0.00, 190.36, 0.00, -27.83, 21.94, 0, 0
2.00, 5.70, 26.40, 26.40, 1158.94, 20.00, 4.63, 18.89, 13.96, 0.00, 150.88, 0.00, 11.54, 20.27, 0, 0
2.00, 5.70, 26.50, 26.50, 1235.35, 20.00, 4.63, 18.89, 13.96, 0.00, 166.41, 0.00, 45.12, 25.80, 0, 0
2.00, 5.70, 26.62, 26.62, 1354.00, 20.00, 4.63, 19.44, 14.58, 0.00, 171.55, 0.00, 65.90, 35.21, 0, 0
2.00, 5.70, 26.69, 26.69, 1321.19, 20.00, 4.63, 19.44, 14.58, 0.00, 138.92, 0.00, 79.64, 46.08, 0, 0
2.00, 5.70, 26.72, 26.72, 1262.82, 20.00, 4.63, 18.89, 14.07, 0.00, 83.43, 0.00, 90.00, 57.39, 0, 0
2.00, 5.70, 26.82, 26.82, 1417.46, 20.00, 4.63, 18.33, 13.57, 9.72, 58.71, 81.10, 99.56, 68.71, 0, 0
2.00, 5.70, 26.87, 26.87, 1359.34, 20.00, 4.63, 17.78, 12.96, 14.84, 21.26, 71.72, 108.59, 79.74, 0, 0
2.00, 5.70, 26.87, 26.87, 1266.21, 20.00, 4.63, 16.67, 11.84, 0.00, 3.29, 0.00, 0.00, 90.00, 0, 0
2.00, 5.70, 26.85, 26.85, 1229.43, 20.00, 4.63, 16.11, 11.34, 0.00, 0.00, 0.00, 0.00, 90.00, 0, 0
2.00, 5.70, 26.75, 26.75, 1003.06, 20.00, 4.63, 15.00, 10.22, 0.00, 0.00, 0.00, 0.00, 90.00, 0, 0
2.00, 5.70, 26.57, 26.57, 766.24, 20.00, 4.63, 14.44, 9.62, 0.00, 0.00, 0.00, 0.00, 90.00, 0, 0
2.00, 5.70, 26.40, 26.40, 653.74, 20.00, 4.63, 13.33, 8.51, 0.00, 0.00, 0.00, 0.00, 90.00, 0, 0
2.00, 5.70, 26.25, 26.25, 574.38, 20.00, 4.63, 12.78, 7.90, 0.00, 0.00, 0.00, 0.00, 90.00, 0, 0
2.00, 5.70, 26.12, 26.12, 501.03, 20.00, 4.63, 12.22, 7.40, 0.00, 0.00, 0.00, 0.00, 90.00, 0, 0
2.00, 5.70, 25.97, 25.97, 404.10, 20.00, 4.63, 11.11, 6.29, 0.00, 0.00, 0.00, 0.00, 90.00, 0, 0
2.00, 5.70, 25.84, 25.84, 335.37, 20.00, 4.63, 10.56, 5.69, 0.00, 0.00, 0.00, 0.00, 90.00, 0, 0
2.00, 5.70, 25.71, 25.71, 269.25, 20.00, 4.63, 10.00, 5.19, 0.00, 0.00, 0.00, 0.00, 90.00, 0, 0
2.00, 5.70, 25.62, 25.62, 290.88, 20.00, 4.63, 10.56, 5.79, 0.00, 19.72, 67.38, -112.74, 84.24, 0, 0
2.00, 5.70, 25.64, 25.64, 470.32, 20.00, 4.63, 12.22, 7.50, 51.10, 49.76, 76.95, -103.63, 73.44, 0, 0
2.00, 5.70, 25.72, 25.72, 637.35, 20.00, 4.63, 14.44, 9.72, 6.20, 86.66, 85.97, -94.55, 62.22, 0, 0
2.00, 5.70, 25.87, 25.87, 868.64, 20.00, 4.63, 16.67, 11.94, 0.00, 122.36, 0.00, -84.69, 50.86, 0, 0
2.00, 5.70, 26.07, 26.07, 1080.79, 20.00, 4.63, 18.33, 13.57, 0.00, 155.61, 0.00, -72.67, 39.72, 0, 0
2.00, 5.70, 26.29, 26.29, 1277.87, 20.00, 4.63, 20.00, 15.19, 0.00, 186.61, 0.00, -55.65, 29.47, 0, 0
2.00, 5.70, 26.51, 26.51, 1441.34, 20.00, 4.63, 21.11, 16.31, 0.00, 200.67, 0.00, -28.07, 21.78, 0, 0
2.00, 5.70, 26.74, 26.74, 1587.92, 20.00, 4.63, 22.22, 17.44, 0.00, 198.31, 0.00, 11.57, 20.09, 0, 0
2.00, 5.70, 26.98, 26.98, 1751.46, 20.00, 4.63, 23.33, 18.45, 0.00, 190.55, 0.00, 45.32, 25.63, 0, 0
2.00, 5.70, 27.18, 27.18, 1826.24, 20.00, 4.63, 23.33, 18.56, 0.00, 163.27, 0.00, 66.11, 35.07, 0, 0
2.00, 5.70, 27.33, 27.33, 1822.31, 20.00, 4.63, 23.33, 18.45, 0.00, 136.25, 0.00, 79.83, 45.95, 0, 0
2.00, 5.70, 27.41, 27.41, 1740.77, 20.00, 4.63, 22.78, 17.94, 0.00, 104.83, 0.00, 90.00, 57.27, 0, 0
2.00, 5.70, 27.51, 27.51, 1816.65, 20.00, 4.63, 21.67, 16.82, 38.10, 70.46, 80.97, 99.71, 68.59, 0, 0
2.00, 5.70, 27.56, 27.56, 1744.92, 20.00, 4.63, 20.00, 15.30, 91.61, 29.93, 71.60, 108.72, 79.60, 0, 0
2.00, 5.70, 27.53, 27.53, 1564.40, 20.00, 4.63, 18.89, 14.18, 0.00, 8.22, 0.00, 0.00, 90.00, 0, 0
2.00, 5.70, 27.49, 27.49, 1505.00, 20.00, 4.63, 18.33, 13.57, 0.00, 0.00, 0.00, 0.00, 90.00, 0, 0
2.00, 5.70, 27.36, 27.36, 1267.95, 20.00, 4.63, 17.22, 12.55, 0.00, 0.00, 0.00, 0.00, 90.00, 0, 0
2.00, 5.70, 27.17, 27.17, 1023.41, 20.00, 4.63, 16.67, 11.94, 0.00, 0.00, 0.00, 0.00, 90.00, 0, 0
2.00, 5.70, 27.00, 27.00, 905.87, 20.00, 4.63, 15.56, 10.83, 0.00, 0.00, 0.00, 0.00, 90.00, 0, 0
2.00, 5.70, 26.84, 26.84, 822.87, 20.00, 4.63, 15.00, 10.22, 0.00, 0.00, 0.00, 0.00, 90.00, 0, 0
2.00, 5.70, 26.70, 26.70, 747.18, 20.00, 4.63, 14.44, 9.72, 0.00, 0.00, 0.00, 0.00, 90.00, 0, 0
2.00, 5.70, 26.58, 26.58, 703.75, 20.00, 4.63, 14.44, 9.62, 0.00, 0.00, 0.00, 0.00, 90.00, 0, 0
2.00, 5.70, 26.47, 26.47, 639.19, 20.00, 4.63, 13.89, 9.11, 0.00, 0.00, 0.00, 0.00, 90.00, 0, 0
2.00, 5.70, 26.36, 26.36, 576.82, 20.00, 4.63, 13.33, 8.61, 0.00, 0.00, 0.00, 0.00, 90.00, 0, 0
2.00, 5.70, 26.31, 26.31, 637.07, 20.00, 4.63, 13.33, 8.61, 0.00, 8.22, 67.24, -112.89, 84.14, 0, 0
2.00, 5.70, 26.31, 26.31, 742.79, 20.00, 4.63, 14.44, 9.82, 8.12, 42.96, 76.80, -103.79, 73.35, 0, 0
2.00, 5.70, 26.41, 26.41, 963.60, 20.00, 4.63, 16.67, 12.04, 4.59, 90.92, 85.82, -94.73, 62.14, 0, 0
2.00, 5.70, 26.58, 26.58, 1194.22, 20.00, 4.63, 18.89, 14.28, 0.00, 131.01, 0.00, -84.90, 50.78, 0, 0
2.00, 5.70, 26.77, 26.77, 1357.63, 20.00, 4.63, 20.56, 15.91, 0.00, 161.79, 0.00, -72.91, 39.62, 0, 0
2.00, 5.70, 26.97, 26.97, 1511.16, 20.00, 4.63, 21.67, 17.03, 0.00, 188.35, 0.00, -55.93, 29.35, 0, 0
2.00, 5.70, 27.19, 27.19, 1701.46, 20.00, 4.63, 22.78, 18.05, 0.00, 203.85, 0.00, -28.31, 21.62, 0, 0
2.00, 5.70, 27.42, 27.42, 1845.79, 20.00, 4.63, 23.89, 19.18, 0.00, 202.19, 0.00, 11.59, 19.91, 0, 0
2.00, 5.70, 27.61, 27.61, 1907.57, 20.00, 4.63, 24.44, 19.79, 0.00, 197.84, 0.00, 45.52, 25.47, 0, 0
2.00, 5.70, 27.77, 27.77, 1953.37, 20.00, 4.63, 24.44, 19.79, 0.00, 179.42, 0.00, 66.32, 34.94, 0, 0
2.00, 5.70, 27.90, 27.90, 1957.70, 20.00, 4.63, 24.44, 19.79, 0.00, 148.51, 0.00, 80.01, 45.82, 0, 0
2.00, 5.70, 27.99, 27.99, 1936.16, 20.00, 4.63, 23.89, 19.28, 0.00, 108.62, 0.00, 90.00, 57.14, 0, 0
2.00, 5.70, 28.12, 28.12, 2054.32, 20.00, 4.63, 23.33, 18.77, 32.21, 69.89, 80.85, 99.85, 68.46, 0, 0
2.00, 5.70, 28.19, 28.19, 1977.36, 20.00, 4.63, 22.22, 17.65, 45.08, 30.67, 71.49, 108.84, 79.47, 0, 0
2.00, 5.70, 28.19, 28.19, 1847.04, 20.00, 4.63, 21.11, 16.62, 0.00, 6.57, 0.00, 118.23, 89.89, 0, 0
2.00, 5.70, 28.18, 28.18, 1800.32, 20.00, 4.63, 20.56, 16.10, 0.00, 0.00, 0.00, 0.00, 90.00, 0, 0
2.00, 5.70, 28.07, 28.07, 1546.64, 20.00, 4.63, 20.00, 15.59, 0.00, 0.00, 0.00, 0.00, 90.00, 0, 0
2.00, 5.70, 27.89, 27.89, 1304.61, 20.00, 4.63, 19.44, 14.98, 0.00, 0.00, 0.00, 0.00, 90.00, 0, 0
2.00, 5.70, 27.74, 27.74, 1216.74, 20.00, 4.63, 18.89, 14.47, 0.00, 0.00, 0.00, 0.00, 90.00, 0, 0
2.00, 5.70, 27.61, 27.61, 1138.79, 20.00, 4.63, 18.33, 13.86, 0.00, 0.00, 0.00, 0.00, 90.00, 0, 0
2.00, 5.70, 27.50, 27.50, 1094.32, 20.00, 4.63, 18.33, 13.86, 0.00, 0.00, 0.00, 0.00, 90.00, 0, 0
2.00, 5.70, 27.41, 27.41, 1056.95, 20.00, 4.63, 18.33, 13.77, 0.00, 0.00, 0.00, 0.00, 90.00, 0, 0
2.00, 5.70, 27.32, 27.32, 998.36, 20.00, 4.63, 17.78, 13.26, 0.00, 0.00, 0.00, 0.00, 90.00, 0, 0
2.00, 5.70, 27.24, 27.24, 968.31, 20.00, 4.63, 17.78, 13.35, 0.00, 0.00, 0.00, 0.00, 90.00, 0, 0
2.00, 5.70, 27.22, 27.22, 1033.17, 20.00, 4.63, 17.78, 13.44, 0.00, 4.93, 67.10, -113.03, 84.04, 0, 0
2.00, 5.70, 27.19, 27.19, 1028.93, 20.00, 4.63, 17.78, 13.44, 0.00, 8.22, 76.65, -103.95, 73.27, 0, 0
2.00, 5.70, 27.25, 27.25, 1192.85, 20.00, 4.63, 19.44, 15.07, 0.41, 65.18, 85.67, -94.91, 62.06, 0, 0
2.00, 5.70, 27.30, 27.30, 1219.42, 20.00, 4.63, 20.00, 15.68, 0.00, 55.10, 0.00, -85.10, 50.70, 0, 0
2.00, 5.70, 27.35, 27.35, 1249.86, 20.00, 4.63, 20.00, 15.68, 0.00, 68.03, 0.00, -73.15, 39.53, 0, 0
2.00, 5.70, 27.45, 27.45, 1405.80, 20.00, 4.63, 21.11, 16.80, 0.00, 123.71, 0.00, -56.21, 29.24, 0, 0
2.00, 5.70, 27.59, 27.59, 1546.18, 20.00, 4.63, 22.22, 17.84, 0.00, 156.99, 0.00, -28.56, 21.47, 0, 0
2.00, 5.70, 27.71, 27.71, 1599.99, 20.00, 4.63, 22.78, 18.44, 0.00, 143.60, 0.00, 11.60, 19.73, 0, 0
2.00, 5.70, 27.90, 27.90, 1825.76, 20.00, 4.63, 23.89, 19.48, 0.00, 191.03, 0.00, 45.71, 25.32, 0, 0
2.00, 5.70, 28.06, 28.06, 1882.22, 20.00, 4.63, 24.44, 20.09, 0.00, 171.83, 0.00, 66.52, 34.80, 0, 0
2.00, 5.70, 28.13, 28.13, 1781.31, 20.00, 4.63, 24.44, 20.09, 0.00, 107.07, 0.00, 80.19, 45.70, 0, 0
2.00, 5.70, 28.23, 28.23, 1873.07, 20.00, 4.63, 24.44, 20.18, 0.00, 99.34, 0.00, 90.00, 57.02, 0, 0
2.00, 5.70, 28.40, 28.40, 2068.26, 20.00, 4.63, 24.44, 20.18, 23.69, 67.27, 80.73, 99.98, 68.34, 0, 0
2.00, 5.70, 28.50, 28.50, 2002.35, 20.00, 4.63, 23.89, 19.57, 24.18, 15.74, 71.38, 108.96, 79.34, 0, 0
2.00, 5.70, 28.53, 28.53, 1918.52, 20.00, 4.63, 22.78, 18.53, 0.00, 1.64, 0.00, 118.34, 89.75, 0, 0
2.00, 5.70, 28.56, 28.56, 1892.19, 20.00, 4.63, 22.22, 18.01, 0.00, 0.00, 0.00, 0.00, 90.00, 0, 0
2.00, 5.70, 28.48, 28.48, 1650.81, 20.00, 4.63, 21.67, 17.41, 0.00, 0.00, 0.00, 0.00, 90.00, 0, 0
2.00, 5.70, 28.33, 28.33, 1418.89, 20.00, 4.63, 21.11, 16.89, 0.00, 0.00, 0.00, 0.00, 90.00, 0, 0
2.00, 5.70, 28.20, 28.20, 1339.37, 20.00, 4.63, 20.56, 16.28, 0.00, 0.00, 0.00, 0.00, 90.00, 0, 0
2.00, 5.70, 28.08, 28.08, 1268.56, 20.00, 4.63, 20.00, 15.68, 0.00, 0.00, 0.00, 0.00, 90.00, 0, 0
2.00, 5.70, 27.97, 27.97, 1203.62, 20.00, 4.63, 19.44, 15.16, 0.00, 0.00, 0.00, 0.00, 90.00, 0, 0
2.00, 5.70, 27.87, 27.87, 1142.71, 20.00, 4.63, 18.89, 14.56, 0.00, 0.00, 0.00, 0.00, 90.00, 0, 0
2.00, 5.70, 27.78, 27.78, 1084.75, 20.00, 4.63, 18.33, 14.04, 0.00, 0.00, 0.00, 0.00, 90.00, 0, 0
2.00, 5.70, 27.68, 27.68, 1028.81, 20.00, 4.63, 17.78, 13.52, 0.00, 0.00, 0.00, 0.00, 90.00, 0, 0
2.00, 5.70, 27.63, 27.63, 1047.33, 20.00, 4.63, 18.33, 14.12, 0.00, 9.86, 66.96, -113.18, 83.95, 0, 0
2.00, 5.70, 27.63, 27.63, 1153.22, 20.00, 4.63, 19.44, 15.24, 10.19, 45.98, 76.51, -104.10, 73.18, 0, 0
2.00, 5.70, 27.68, 27.68, 1253.17, 20.00, 4.63, 20.56, 16.37, 0.46, 81.00, 85.52, -95.08, 61.98, 0, 0
2.00, 5.70, 27.77, 27.77, 1388.43, 20.00, 4.63, 21.67, 17.41, 0.00, 119.66, 0.00, -85.29, 50.62, 0, 0
2.00, 5.70, 27.92, 27.92, 1586.29, 20.00, 4.63, 23.33, 19.05, 0.00, 160.97, 0.00, -73.38, 39.45, 0, 0
2.00, 5.70, 28.15, 28.15, 1855.47, 20.00, 4.63, 25.56, 21.22, 0.00, 190.72, 0.00, -56.48, 29.13, 0, 0
2.00, 5.70, 28.38, 28.38, 2012.09, 20.00, 4.63, 26.67, 22.25, 0.00, 207.02, 0.00, -28.80, 21.33, 0, 0
2.00, 5.70, 28.58, 28.58, 2084.22, 20.00, 4.63, 27.78, 23.29, 0.00, 202.95, 0.00, 11.60, 19.56, 0, 0
2.00, 5.70, 28.76, 28.76, 2172.22, 20.00, 4.63, 28.33, 23.80, 0.00, 195.87, 0.00, 45.89, 25.17, 0, 0
2.00, 5.70, 28.92, 28.92, 2208.91, 20.00, 4.63, 28.33, 23.80, 0.00, 176.19, 0.00, 66.70, 34.67, 0, 0
2.00, 5.70, 29.03, 29.03, 2199.21, 20.00, 4.63, 28.33, 23.80, 0.00, 146.93, 0.00, 80.35, 45.58, 0, 0
2.00, 5.70, 29.12, 29.12, 2202.27, 20.00, 4.63, 27.78, 23.29, 0.00, 114.81, 0.00, 90.00, 56.90, 0, 0
2.00, 5.70, 29.26, 29.26, 2346.51, 20.00, 4.63, 27.22, 22.67, 25.28, 70.64, 80.62, 100.11, 68.21, 0, 0
2.00, 5.70, 29.33, 29.33, 2254.45, 20.00, 4.63, 26.11, 21.64, 28.36, 22.94, 71.27, 109.08, 79.21, 0, 0
2.00, 5.70, 29.34, 29.34, 2150.46, 20.00, 4.63, 25.00, 20.41, 0.00, 3.29, 0.00, 118.44, 89.62, 0, 0
2.00, 5.70, 29.33, 29.33, 2060.71, 20.00, 4.63, 23.33, 18.77, 0.00, 0.00, 0.00, 0.00, 90.00, 0, 0
2.00, 5.70, 29.21, 29.21, 1808.83, 20.00, 4.63, 21.67, 17.13, 0.00, 0.00, 0.00, 0.00, 90.00, 0, 0
2.00, 5.70, 29.02, 29.02, 1544.97, 20.00, 4.63, 20.56, 15.91, 0.00, 0.00, 0.00, 0.00, 90.00, 0, 0
2.00, 5.70, 28.84, 28.84, 1405.53, 20.00, 4.63, 18.89, 14.18, 0.00, 0.00, 0.00, 0.00, 90.00, 0, 0
2.00, 5.70, 28.66, 28.66, 1270.89, 20.00, 4.63, 17.22, 12.65, 0.00, 0.00, 0.00, 0.00, 90.00, 0, 0
2.00, 5.70, 28.48, 28.48, 1165.41, 20.00, 4.63, 16.11, 11.44, 0.00, 0.00, 0.00, 0.00, 90.00, 0, 0
2.00, 5.70, 28.31, 28.31, 1036.41, 20.00, 4.63, 14.44, 9.82, 0.00, 0.00, 0.00, 0.00, 90.00, 0, 0
2.00, 5.70, 28.13, 28.13, 906.81, 20.00, 4.63, 12.78, 8.10, 0.00, 0.00, 0.00, 0.00, 90.00, 0, 0
2.00, 5.70, 27.94, 27.94, 776.20, 20.00, 4.63, 11.11, 6.49, 0.00, 0.00, 0.00, 0.00, 90.00, 0, 0
2.00, 5.70, 27.80, 27.80, 781.02, 20.00, 4.63, 11.67, 6.90, 0.00, 16.43, 66.82, -113.32, 83.87, 0, 0
2.00, 5.70, 27.78, 27.78, 937.23, 20.00, 4.63, 13.33, 8.61, 38.90, 49.59, 76.37, -104.26, 73.11, 0, 0
2.00, 5.70, 27.83, 27.83, 1110.93, 20.00, 4.63, 15.56, 10.83, 6.12, 92.16, 85.37, -95.24, 61.91, 0, 0
2.00, 5.70, 27.92, 27.92, 1264.40, 20.00, 4.63, 17.22, 12.45, 0.00, 133.31, 0.00, -85.48, 50.55, 0, 0
2.00, 5.70, 28.06, 28.06, 1420.39, 20.00, 4.63, 18.33, 13.57, 0.00, 167.82, 0.00, -73.60, 39.37, 0, 0
2.00, 5.70, 28.23, 28.23, 1610.59, 20.00, 4.63, 20.00, 15.19, 0.00, 195.27, 0.00, -56.75, 29.04, 0, 0
2.00, 5.70, 28.43, 28.43, 1787.44, 20.00, 4.63, 21.11, 16.31, 0.00, 202.39, 0.00, -29.05, 21.19, 0, 0
2.00, 5.70, 28.63, 28.63, 1915.39, 20.00, 4.63, 22.22, 17.44, 0.00, 203.78, 0.00, 11.59, 19.40, 0, 0
2.00, 5.70, 28.85, 28.85, 2106.64, 20.00, 4.63, 23.33, 18.45, 0.00, 190.45, 0.00, 46.05, 25.02, 0, 0
2.00, 5.70, 29.04, 29.04, 2163.16, 20.00, 4.63, 23.89, 19.07, 0.00, 169.56, 0.00, 66.88, 34.54, 0, 0
2.00, 5.70, 29.18, 29.18, 2168.98, 20.00, 4.63, 23.89, 19.07, 0.00, 138.34, 0.00, 80.51, 45.46, 0, 0
2.00, 5.70, 29.27, 29.27, 2140.22, 20.00, 4.63, 23.33, 18.56, 0.00, 105.15, 0.00, 90.00, 56.79, 0, 0
2.00, 5.70, 29.38, 29.38, 2202.94, 20.00, 4.63, 22.22, 17.44, 52.55, 68.92, 80.52, 100.23, 68.10, 0, 0
2.00, 5.70, 29.42, 29.42, 2100.33, 20.00, 4.63, 21.11, 16.31, 49.87, 32.63, 71.18, 109.18, 79.09, 0, 0
2.00, 5.70, 29.38, 29.38, 1949.91, 20.00, 4.63, 20.00, 15.19, 0.00, 6.57, 0.00, 118.53, 89.48, 0, 0
2.00, 5.70, 29.33, 29.33, 1866.15, 20.00, 4.63, 18.89, 14.07, 0.00, 0.00, 0.00, 0.00, 90.00, 0, 0
2.00, 5.70, 29.20, 29.20, 1626.96, 20.00, 4.63, 17.78, 13.06, 0.00, 0.00, 0.00, 0.00, 90.00, 0, 0
2.00, 5.70, 28.99, 28.99, 1353.49, 20.00, 4.63, 16.67, 11.94, 0.00, 0.00, 0.00, 0.00, 90.00, 0, 0
2.00, 5.70, 28.80, 28.80, 1231.47, 20.00, 4.63, 15.56, 10.73, 0.00, 0.00, 0.00, 0.00, 90.00, 0, 0
2.00, 5.70, 28.63, 28.63, 1144.62, 20.00, 4.63, 15.00, 10.22, 0.00, 0.00, 0.00, 0.00, 90.00, 0, 0
2.00, 5.70, 28.46, 28.46, 1038.04, 20.00, 4.63, 13.89, 9.11, 0.00, 0.00, 0.00, 0.00, 90.00, 0, 0
2.00, 5.70, 28.31, 28.31, 961.65, 20.00, 4.63, 13.33, 8.51, 0.00, 0.00, 0.00, 0.00, 90.00, 0, 0
2.00, 5.70, 28.17, 28.17, 889.63, 20.00, 4.63, 12.78, 8.00, 0.00, 0.00, 0.00, 0.00, 90.00, 0, 0
2.00, 5.70, 28.03, 28.03, 820.70, 20.00, 4.63, 12.22, 7.50, 0.00, 0.00, 0.00, 0.00, 90.00, 0, 0
2.00, 5.70, 27.94, 27.94, 825.28, 20.00, 4.63, 12.78, 8.00, 0.00, 9.86, 66.69, -113.45, 83.79, 0, 0
2.00, 5.70, 27.94, 27.94, 991.98, 20.00, 4.63, 14.44, 9.72, 34.29, 50.95, 76.24, -104.40, 73.04, 0, 0
2.00, 5.70, 27.99, 27.99, 1121.18, 20.00, 4.63, 16.11, 11.34, 2.81, 94.88, 85.23, -95.41, 61.85, 0, 0
2.00, 5.70, 28.07, 28.07, 1232.38, 20.00, 4.63, 17.22, 12.45, 0.00, 124.02, 0.00, -85.67, 50.48, 0, 0
2.00, 5.70, 28.10, 28.10, 1197.79, 20.00, 4.63, 17.22, 12.45, 0.00, 95.36, 0.00, -73.82, 39.30, 0, 0
2.00, 5.70, 28.14, 28.14, 1240.68, 20.00, 4.63, 17.78, 12.96, 0.00, 104.01, 0.00, -57.01, 28.94, 0, 0
2.00, 5.70, 28.23, 28.23, 1398.30, 20.00, 4.63, 18.33, 13.57, 0.00, 169.24, 0.00, -29.30, 21.06, 0, 0
2.00, 5.70, 28.37, 28.37, 1556.60, 20.00, 4.63, 19.44, 14.58, 0.00, 197.79, 0.00, 11.58, 19.24, 0, 0
2.00, 5.70, 28.45, 28.45, 1529.10, 20.00, 4.63, 19.44, 14.69, 0.00, 149.09, 0.00, 46.21, 24.88, 0, 0
2.00, 5.70, 28.57, 28.57, 1685.51, 20.00, 4.63, 20.00, 15.19, 0.00, 169.73, 0.00, 67.05, 34.42, 0, 0
2.00, 5.70, 28.63, 28.63, 1617.52, 20.00, 4.63, 20.00, 15.19, 0.00, 127.03, 0.00, 80.66, 45.34, 0, 0
2.00, 5.70, 28.64, 28.64, 1539.75, 20.00, 4.63, 19.44, 14.69, 0.00, 62.50, 0.00, 90.00, 56.67, 0, 0
2.00, 5.70, 28.73, 28.73, 1717.59, 20.00, 4.63, 18.89, 14.07, 9.92, 54.34, 80.42, 100.34, 67.98, 0, 0
2.00, 5.70, 28.78, 28.78, 1672.59, 20.00, 4.63, 18.33, 13.57, 15.34, 24.30, 71.09, 109.28, 78.97, 0, 0
2.00, 5.70, 28.77, 28.77, 1576.97, 20.00, 4.63, 17.22, 12.45, 0.00, 3.29, 0.00, 118.62, 89.36, 0, 0
2.00, 5.70, 28.74, 28.74, 1514.10, 20.00, 4.63, 16.11, 11.44, 0.00, 0.00, 0.00, 0.00, 90.00, 0, 0
2.00, 5.70, 28.63, 28.63, 1313.24, 20.00, 4.63, 15.56, 10.83, 0.00, 0.00, 0.00, 0.00, 90.00, 0, 0
2.00, 5.70, 28.44, 28.44, 1050.36, 20.00, 4.63, 14.44, 9.72, 0.00, 0.00, 0.00, 0.00, 90.00, 0, 0
2.00, 5.70, 28.27, 28.27, 963.54, 20.00, 4.63, 13.89, 9.11, 0.00, 0.00, 0.00, 0.00, 90.00, 0, 0
2.00, 5.70, 28.11, 28.11, 857.76, 20.00, 4.63, 12.78, 8.00, 0.00, 0.00, 0.00, 0.00, 90.00, 0, 0
2.00, 5.70, 27.95, 27.95, 782.60, 20.00, 4.63, 12.22, 7.40, 0.00, 0.00, 0.00, 0.00, 90.00, 0, 0
2.00, 5.70, 27.80, 27.80, 684.24, 20.00, 4.63, 11.11, 6.39, 0.00, 0.00, 0.00, 0.00, 90.00, 0, 0
2.00, 5.70, 27.65, 27.65, 614.16, 20.00, 4.63, 10.56, 5.79, 0.00, 0.00, 0.00, 0.00, 90.00, 0, 0
2.00, 5.70, 27.51, 27.51, 546.70, 20.00, 4.63, 10.00, 5.19, 0.00, 0.00, 0.00, 0.00, 90.00, 0, 0
2.00, 5.70, 27.44, 27.44, 613.02, 20.00, 4.63, 11.11, 6.39, 0.00, 31.22, 66.56, -113.59, 83.72, 0, 0
2.00, 5.70, 27.43, 27.43, 717.99, 20.00, 4.63, 12.22, 7.50, 24.52, 52.24, 76.11, -104.54, 72.97, 0, 0
2.00, 5.70, 27.48, 27.48, 873.51, 20.00, 4.63, 13.89, 9.21, 5.61, 90.12, 85.10, -95.56, 61.79, 0, 0
2.00, 5.70, 27.60, 27.60, 1087.56, 20.00, 4.63, 16.11, 11.44, 0.00, 129.18, 0.00, -85.85, 50.42, 0, 0
2.00, 5.70, 27.78, 27.78, 1309.72, 20.00, 4.63, 17.78, 13.06, 0.00, 163.29, 0.00, -74.04, 39.23, 0, 0
2.00, 5.70, 27.98, 27.98, 1507.07, 20.00, 4.63, 19.44, 14.69, 0.00, 189.19, 0.00, -57.27, 28.86, 0, 0
2.00, 5.70, 28.20, 28.20, 1682.37, 20.00, 4.63, 21.11, 16.31, 0.00, 195.34, 0.00, -29.54, 20.94, 0, 0
2.00, 5.70, 28.39, 28.39, 1772.83, 20.00, 4.63, 21.67, 16.93, 0.00, 195.39, 0.00, 11.56, 19.09, 0, 0
2.00, 5.70, 28.59, 28.59, 1899.83, 20.00, 4.63, 22.22, 17.44, 0.00, 194.59, 0.00, 46.36, 24.74, 0, 0
2.00, 5.70, 28.74, 28.74, 1924.15, 20.00, 4.63, 22.78, 17.94, 0.00, 177.05, 0.00, 67.21, 34.30, 0, 0
2.00, 5.70, 28.85, 28.85, 1921.49, 20.00, 4.63, 22.22, 17.44, 0.00, 151.76, 0.00, 80.80, 45.23, 0, 0
2.00, 5.70, 28.91, 28.91, 1865.34, 20.00, 4.63, 21.67, 16.82, 0.00, 114.31, 0.00, 90.00, 56.56, 0, 0
2.00, 5.70, 29.02, 29.02, 2003.57, 20.00, 4.63, 20.56, 15.81, 62.80, 74.73, 80.33, 100.45, 67.87, 0, 0
2.00, 5.70, 29.10, 29.10, 1986.31, 20.00, 4.63, 19.44, 14.69, 137.62, 31.29, 71.00, 109.38, 78.85, 0, 0
2.00, 5.70, 29.06, 29.06, 1765.03, 20.00, 4.63, 18.33, 13.67, 0.00, 9.86, 0.00, 118.70, 89.23, 0, 0
2.00, 5.70, 29.01, 29.01, 1702.93, 20.00, 4.63, 17.78, 13.06, 0.00, 0.00, 0.00, 0.00, 90.00, 0, 0
2.00, 5.70, 28.88, 28.88, 1464.74, 20.00, 4.63, 16.67, 11.94, 0.00, 0.00, 0.00, 0.00, 90.00, 0, 0
2.00, 5.70, 27.00, 27.00, -882.82, 20.00, 4.63, 16.11, 11.34, 0.00, 0.00, 0.00, 0.00, 90.00, 0, 0
2.00, 5.70, 25.73, 25.73, -1508.51, 20.00, 4.63, 15.00, 10.32, 0.00, 0.00, 0.00, 0.00, 90.00, 0, 0
2.00, 5.70, 24.79, 24.79, -1884.97, 20.00, 4.63, 14.44, 9.72, 0.00, 0.00, 0.00, 0.00, 90.00, 0, 0
2.00, 5.70, 24.14, 24.14, -2019.52, 20.00, 4.63, 14.44, 9.62, 0.00, 0.00, 0.00, 0.00, 90.00, 0, 0
2.00, 5.70, 23.57, 23.57, -2326.83, 20.00, 4.63, 13.89, 9.11, 0.00, 0.00, 0.00, 0.00, 90.00, 0, 0
2.00, 5.70, 23.06, 23.06, -2623.18, 20.00, 4.63, 13.33, 8.51, 0.00, 0.00, 0.00, 0.00, 90.00, 0, 0
2.00, 5.70, 22.67, 22.67, -2705.39, 20.00, 4.63, 13.33, 8.51, 0.00, 0.00, 0.00, 0.00, 90.00, 0, 0
2.00, 5.70, 22.63, 22.63, -2104.12, 20.00, 4.63, 15.00, 10.22, 0.00, 39.43, 66.44, -113.71, 83.65, 0, 0
2.00, 5.70, 23.68, 23.68, 328.87, 20.00, 4.63, 16.11, 11.34, 30.27, 55.17, 75.98, -104.68, 72.91, 0, 0
2.00, 5.70, 24.45, 24.45, 557.48, 20.00, 4.63, 17.78, 13.06, 4.02, 96.61, 84.97, -95.72, 61.73, 0, 0
2.00, 5.70, 25.01, 25.01, 704.52, 20.00, 4.63, 18.33, 13.57, 0.00, 131.42, 0.00, -86.02, 50.37, 0, 0
2.00, 5.70, 25.44, 25.44, 850.52, 20.00, 4.63, 19.44, 14.69, 0.00, 153.61, 0.00, -74.24, 39.17, 0, 0
2.00, 5.70, 25.80, 25.80, 990.63, 20.00, 4.63, 20.00, 15.30, 0.00, 189.29, 0.00, -57.52, 28.78, 0, 0
2.00, 5.70, 26.12, 26.12, 1138.30, 20.00, 4.63, 21.11, 16.31, 0.00, 207.72, 0.00, -29.79, 20.83, 0, 0
2.00, 5.70, 26.40, 26.40, 1276.73, 20.00, 4.63, 22.22, 17.44, 0.00, 219.37, 0.00, 11.53, 18.95, 0, 0
2.00, 5.70, 25.00, 25.00, 1080.45, 20.00, 4.63, 22.22, 17.44, 0.00, 178.59, 0.00, 46.49, 24.61, 0, 0
2.00, 5.70, 25.00, 25.00, 1114.67, 20.00, 4.63, 22.78, 17.94, 0.00, 170.80, 0.00, 67.36, 34.18, 0, 0
2.00, 5.70, 25.00, 25.00, 983.35, 20.00, 4.63, 21.67, 16.93, 0.00, 93.73, 0.00, 80.93, 45.12, 0, 0
2.00, 5.70, 25.00, 25.00, 987.96, 20.00, 4.63, 21.11, 16.31, 0.00, 57.51, 0.00, 90.00, 56.45, 0, 0
2.00, 5.70, 25.00, 25.00, 1105.29, 20.00, 4.63, 20.00, 15.30, 0.00, 26.29, 80.25, 100.55, 67.76, 0, 0
2.00, 5.70, 25.00, 25.00, 1065.20, 20.00, 4.63, 18.89, 14.28, 6.19, 19.88, 70.92, 109.47, 78.73, 0, 0
2.00, 5.70, 25.00, 25.00, 1027.80, 20.00, 4.63, 18.33, 13.67, 0.00, 4.93, 0.00, 118.78, 89.11, 0, 0
2.00, 5.70, 25.00, 25.00, 996.83, 20.00, 4.63, 17.78, 13.16, 0.00, 0.00, 0.00, 0.00, 90.00, 0, 0
2.00, 5.70, 25.39, 25.39, 899.79, 20.00, 4.63, 17.78, 13.16, 0.00, 0.00, 0.00, 0.00, 90.00, 0, 0
2.00, 5.70, 24.52, 24.52, -966.05, 20.00, 4.63, 17.22, 12.55, 0.00, 0.00, 0.00, 0.00, 90.00, 0, 0
2.00, 5.70, 23.87, 23.87, -1290.91, 20.00, 4.63, 16.67, 12.04, 0.00, 0.00, 0.00, 0.00, 90.00, 0, 0
2.00, 5.70, 23.34, 23.34, -1590.67, 20.00, 4.63, 16.11, 11.44, 0.00, 0.00, 0.00, 0.00, 90.00, 0, 0
2.00, 5.70, 22.96, 22.96, -1672.44, 20.00, 4.63, 16.11, 11.44, 0.00, 0.00, 0.00, 0.00, 90.00, 0, 0
2.00, 5.70, 22.60, 22.60, -1938.55, 20.00, 4.63, 15.56, 10.93, 0.00, 0.00, 0.00, 0.00, 90.00, 0, 0
2.00, 5.70, 22.33, 22.33, -1998.63, 20.00, 4.63, 15.56, 10.83, 0.00, 0.00, 0.00, 0.00, 90.00, 0, 0
2.00, 5.70, 22.03, 22.03, -2251.36, 20.00, 4.63, 15.00, 10.32, 0.00, 0.00, 0.00, 0.00, 90.00, 0, 0
2.00, 5.70, 22.01, 22.01, -1789.63, 20.00, 4.63, 16.11, 11.53, 0.00, 14.79, 66.32, -113.84, 83.58, 0, 0
2.00, 5.70, 22.82, 22.82, 240.83, 20.00, 4.63, 16.67, 12.14, 0.40, 42.35, 75.86, -104.82, 72.86, 0, 0
2.00, 5.70, 23.43, 23.43, 433.16, 20.00, 4.63, 17.78, 13.26, 0.36, 84.96, 84.84, -95.86, 61.68, 0, 0
2.00, 5.70, 23.90, 23.90, 596.37, 20.00, 4.63, 18.89, 14.28, 0.00, 114.31, 0.00, -86.19, 50.32, 0, 0
2.00, 5.70, 24.28, 24.28, 754.37, 20.00, 4.63, 20.00, 15.40, 0.00, 147.59, 0.00, -74.45, 39.12, 0, 0
2.00, 5.70, 24.60, 24.60, 881.35, 20.00, 4.63, 20.56, 15.91, 0.00, 175.99, 0.00, -57.77, 28.71, 0, 0
2.00, 5.70, 24.84, 24.84, 909.21, 20.00, 4.63, 21.11, 16.52, 0.00, 125.26, 0.00, -30.04, 20.72, 0, 0
2.00, 5.70, 25.03, 25.03, 943.90, 20.00, 4.63, 21.11, 16.42, 0.00, 122.61, 0.00, 11.49, 18.81, 0, 0
2.00, 5.70, 25.00, 25.00, 1023.38, 20.00, 4.63, 21.67, 17.03, 0.00, 162.48, 0.00, 46.62, 24.48, 0, 0
2.00, 5.70, 25.00, 25.00, 1010.98, 20.00, 4.63, 21.67, 17.03, 0.00, 129.03, 0.00, 67.50, 34.07, 0, 0
2.00, 5.70, 25.00, 25.00, 945.74, 20.00, 4.63, 21.11, 16.42, 0.00, 78.72, 0.00, 81.05, 45.01, 0, 0
2.00, 5.70, 25.00, 25.00, 986.38, 20.00, 4.63, 20.56, 15.91, 0.00, 66.66, 0.00, 90.00, 56.35, 0, 0
2.00, 5.70, 25.00, 25.00, 1138.16, 20.00, 4.63, 20.00, 15.40, 0.00, 37.79, 80.17, 100.64, 67.65, 0, 0
2.00, 5.70, 25.00, 25.00, 1117.27, 20.00, 4.63, 19.44, 14.89, 0.00, 23.00, 70.85, 109.55, 78.62, 0, 0
2.00, 5.70, 25.00, 25.00, 1086.45, 20.00, 4.63, 18.89, 14.28, 0.00, 4.93, 0.00, 118.85, 88.99, 0, 0
2.00, 5.70, 25.00, 25.00, 1060.32, 20.00, 4.63, 18.33, 13.77, 0.00, 0.00, 0.00, 0.00, 90.00, 0, 0
2.00, 5.70, 25.14, 25.14, 855.72, 20.00, 4.63, 17.78, 13.26, 0.00, 0.00, 0.00, 0.00, 90.00, 0, 0
2.00, 5.70, 24.15, 24.15, -1030.19, 20.00, 4.63, 17.22, 12.65, 0.00, 0.00, 0.00, 0.00, 90.00, 0, 0
2.00, 5.70, 23.42, 23.42, -1367.17, 20.00, 4.63, 16.67, 12.04, 0.00, 0.00, 0.00, 0.00, 90.00, 0, 0
2.00, 5.70, 22.85, 22.85, -1674.16, 20.00, 4.63, 16.11, 11.53, 0.00, 0.00, 0.00, 0.00, 90.00, 0, 0
2.00, 5.70, 22.36, 22.36, -1963.55, 20.00, 4.63, 15.56, 10.93, 0.00, 0.00, 0.00, 0.00, 90.00, 0, 0
2.00, 5.70, 22.02, 22.02, -2038.38, 20.00, 4.63, 15.56, 10.93, 0.00, 0.00, 0.00, 0.00, 90.00, 0, 0
2.00, 5.70, 21.67, 21.67, -2300.71, 20.00, 4.63, 15.00, 10.42, 0.00, 0.00, 0.00, 0.00, 90.00, 0, 0
2.00, 5.70, 21.33, 21.33, -2562.40, 20.00, 4.63, 14.44, 9.82, 0.00, 0.00, 0.00, 0.00, 90.00, 0, 0
2.00, 5.70, 21.19, 21.19, -2312.87, 20.00, 4.63, 15.00, 10.42, 0.00, 9.86, 66.20, -113.96, 83.53, 0, 0
2.00, 5.70, 21.99, 21.99, 87.39, 20.00, 4.63, 16.11, 11.53, 8.81, 47.64, 75.74, -104.95, 72.81, 0, 0
2.00, 5.70, 22.57, 22.57, 264.18, 20.00, 4.63, 17.22, 12.55, 0.41, 82.71, 84.72, -96.01, 61.64, 0, 0
2.00, 5.70, 23.04, 23.04, 438.06, 20.00, 4.63, 18.33, 13.67, 0.00, 121.87, 0.00, -86.36, 50.28, 0, 0
2.00, 5.70, 23.42, 23.42, 595.28, 20.00, 4.63, 19.44, 14.69, 0.00, 154.51, 0.00, -74.64, 39.07, 0, 0
2.00, 5.70, 23.77, 23.77, 806.65, 20.00, 4.63, 21.11, 16.31, 0.00, 194.93, 0.00, -58.01, 28.64, 0, 0
2.00, 5.70, 24.09, 24.09, 968.81, 20.00, 4.63, 22.22, 17.32, 0.00, 214.86, 0.00, -30.28, 20.62, 0, 0
2.00, 5.70, 24.37, 24.37, 1066.19, 20.00, 4.63, 23.33, 18.32, 0.00, 208.87, 0.00, 11.44, 18.68, 0, 0
2.00, 5.70, 24.60, 24.60, 1140.34, 20.00, 4.63, 23.89, 18.95, 0.00, 202.12, 0.00, 46.73, 24.35, 0, 0
2.00, 5.70, 24.76, 24.76, 1113.18, 20.00, 4.63, 23.89, 18.82, 0.00, 144.96, 0.00, 67.63, 33.95, 0, 0
2.00, 5.70, 24.83, 24.83, 1017.35, 20.00, 4.63, 22.78, 17.82, 0.00, 84.39, 0.00, 81.17, 44.91, 0, 0
2.00, 5.70, 24.93, 24.93, 1085.08, 20.00, 4.63, 22.22, 17.20, 0.00, 89.21, 0.00, 90.00, 56.25, 0, 0
2.00, 5.70, 25.00, 25.00, 1225.93, 20.00, 4.63, 21.67, 16.58, 3.47, 35.57, 80.09, 100.73, 67.54, 0, 0
2.00, 5.70, 25.00, 25.00, 1203.38, 20.00, 4.63, 21.11, 16.08, 0.00, 16.43, 70.78, 109.63, 78.51, 0, 0
2.00, 5.70, 25.00, 25.00, 1154.96, 20.00, 4.63, 20.00, 14.96, 0.00, 3.29, 0.00, 118.92, 88.87, 0, 0
2.00, 5.70, 25.00, 25.00, 1106.63, 20.00, 4.63, 18.89, 13.71, 0.00, 0.00, 0.00, 0.00, 90.00, 0, 0
2.00, 5.70, 24.99, 24.99, 853.15, 20.00, 4.63, 17.78, 12.60, 0.00, 0.00, 0.00, 0.00, 90.00, 0, 0
2.00, 5.70, 23.85, 23.85, -1246.56, 20.00, 4.63, 16.67, 11.49, 0.00, 0.00, 0.00, 0.00, 90.00, 0, 0
2.00, 5.70, 22.95, 22.95, -1804.44, 20.00, 4.63, 15.56, 10.24, 0.00, 0.00, 0.00, 0.00, 90.00, 0, 0
2.00, 5.70, 22.10, 22.10, -2543.71, 20.00, 4.63, 13.89, 8.78, 0.00, 0.00, 0.00, 0.00, 90.00, 0, 0
2.00, 5.70, 21.27, 21.27, -3284.17, 20.00, 4.63, 12.22, 7.06, 0.00, 0.00, 0.00, 0.00, 90.00, 0, 0
2.00, 5.70, 20.35, 20.35, -4240.52, 20.00, 4.63, 10.00, 4.86, 0.00, 0.00, 0.00, 0.00, 90.00, 0, 0
2.00, 5.70, 19.46, 19.46, -5005.26, 20.00, 4.63, 8.33, 3.15, 0.00, 0.00, 0.00, 0.00, 90.00, 0, 0
2.00, 5.70, 18.48, 18.48, -5992.61, 20.00, 4.63, 6.11, 0.85, 0.00, 0.00, 0.00, 0.00, 90.00, 0, 0
2.00, 5.70, 17.89, 17.89, -5867.77, 20.00, 4.63, 6.67, 1.46, 0.00, 26.29, 66.09, -114.08, 83.48, 0, 0
2.00, 5.70, 19.13, 19.13, -778.09, 20.00, 4.63, 8.33, 3.03, 65.92, 50.63, 75.62, -105.07, 72.77, 0, 0
2.00, 5.70, 20.02, 20.02, -514.63, 20.00, 4.63, 10.56, 5.21, 9.33, 83.89, 84.60, -96.14, 61.60, 0, 0
2.00, 5.70, 20.70, 20.70, -268.67, 20.00, 4.63, 12.22, 6.93, 0.00, 115.21, 0.00, -86.51, 50.24, 0, 0
2.00, 5.70, 21.25, 21.25, -45.42, 20.00, 4.63, 13.89, 8.65, 0.00, 141.49, 0.00, -74.83, 39.02, 0, 0
2.00, 5.70, 21.71, 21.71, 172.29, 20.00, 4.63, 15.56, 10.24, 0.00, 160.10, 0.00, -58.24, 28.58, 0, 0
2.00, 5.70, 22.10, 22.10, 335.23, 20.00, 4.63, 16.67, 11.35, 0.00, 167.60, 0.00, -30.52, 20.52, 0, 0
2.00, 5.70, 22.43, 22.43, 455.25, 20.00, 4.63, 17.78, 12.46, 0.00, 178.38, 0.00, 11.39, 18.55, 0, 0
2.00, 5.70, 22.71, 22.71, 568.81, 20.00, 4.63, 18.33, 12.94, 0.00, 176.98, 0.00, 46.83, 24.23, 0, 0
2.00, 5.70, 22.93, 22.93, 612.02, 20.00, 4.63, 18.33, 12.94, 0.00, 156.25, 0.00, 67.75, 33.85, 0, 0
2.00, 5.70, 23.09, 23.09, 587.57, 20.00, 4.63, 17.78, 12.46, 0.00, 135.41, 0.00, 81.28, 44.80, 0, 0
2.00, 5.70, 23.21, 23.21, 604.30, 20.00, 4.63, 17.22, 11.97, 0.00, 98.18, 0.00, 90.00, 56.14, 0, 0
2.00, 5.70, 23.38, 23.38, 770.18, 20.00, 4.63, 16.11, 10.86, 97.97, 68.72, 80.02, 100.81, 67.44, 0, 0
2.00, 5.70, 23.48, 23.48, 705.68, 20.00, 4.63, 14.44, 9.27, 120.84, 32.93, 70.72, 109.70, 78.40, 0, 0
2.00, 5.70, 23.49, 23.49, 549.51, 20.00, 4.63, 13.33, 8.16, 0.00, 8.22, 0.00, 118.98, 88.76, 0, 0
2.00, 5.70, 23.47, 23.47, 470.17, 20.00, 4.63, 12.22, 7.06, 0.00, 0.00, 0.00, 0.00, 90.00, 0, 0
2.00, 5.70, 23.36, 23.36, 237.19, 20.00, 4.63, 11.11, 5.96, 0.00, 0.00, 0.00, 0.00, 90.00, 0, 0
2.00, 5.70, 21.58, 21.58, -3786.20, 20.00, 4.63, 10.56, 5.35, 0.00, 0.00, 0.00, 0.00, 90.00, 0, 0
2.00, 5.70, 20.17, 20.17, -4644.18, 20.00, 4.63, 8.89, 3.76, 0.00, 0.00, 0.00, 0.00, 90.00, 0, 0
2.00, 5.70, 19.32, 19.32, -4615.65, 20.00, 4.63, 9.44, 4.25, 0.00, 0.00, 0.00, 0.00, 90.00, 0, 0
2.00, 5.70, 18.72, 18.72, -4739.18, 20.00, 4.63, 9.44, 4.25, 0.00, 0.00, 0.00, 0.00, 90.00, 0, 0
2.00, 5.70, 18.27, 18.27, -4833.78, 20.00, 4.63, 9.44, 4.25, 0.00, 0.00, 0.00, 0.00, 90.00, 0, 0
2.00, 5.70, 17.93, 17.93, -4909.42, 20.00, 4.63, 9.44, 4.25, 0.00, 0.00, 0.00, 0.00, 90.00, 0, 0
2.00, 5.70, 17.73, 17.73, -4760.47, 20.00, 4.63, 10.00, 4.73, 0.00, 0.00, 0.00, 0.00, 90.00, 0, 0
2.00, 5.70, 17.65, 17.65, -4562.22, 20.00, 4.63, 10.56, 5.47, 0.00, 16.43, 65.98, -114.19, 83.43, 0, 0
2.00, 5.70, 18.67, 18.67, -699.35, 20.00, 4.63, 12.78, 7.67, 43.25, 55.48, 75.51, -105.19, 72.73, 0, 0
2.00, 5.70, 19.43, 19.43, -441.27, 20.00, 4.63, 15.00, 9.88, 7.50, 89.05, 84.48, -96.28, 61.56, 0, 0
2.00, 5.70, 20.05, 20.05, -184.85, 20.00, 4.63, 17.22, 12.11, 0.00, 119.17, 0.00, -86.66, 50.21, 0, 0
2.00, 5.70, 20.57, 20.57, 63.73, 20.00, 4.63, 19.44, 14.20, 0.00, 149.73, 0.00, -75.01, 38.99, 0, 0
2.00, 5.70, 21.03, 21.03, 281.55, 20.00, 4.63, 21.11, 15.81, 0.00, 180.47, 0.00, -58.47, 28.52, 0, 0
2.00, 5.70, 21.44, 21.44, 481.56, 20.00, 4.63, 22.78, 17.42, 0.00, 200.60, 0.00, -30.76, 20.43, 0, 0
2.00, 5.70, 21.78, 21.78, 609.41, 20.00, 4.63, 23.89, 18.54, 0.00, 201.99, 0.00, 11.32, 18.43, 0, 0
2.00, 5.70, 22.09, 22.09, 735.64, 20.00, 4.63, 24.44, 19.18, 0.00, 188.87, 0.00, 46.92, 24.12, 0, 0
2.00, 5.70, 22.36, 22.36, 813.78, 20.00, 4.63, 25.00, 19.67, 0.00, 159.77, 0.00, 67.86, 33.74, 0, 0
2.00, 5.70, 22.56, 22.56, 835.13, 20.00, 4.63, 25.00, 19.67, 0.00, 128.11, 0.00, 81.38, 44.71, 0, 0
2.00, 5.70, 22.73, 22.73, 859.87, 20.00, 4.63, 24.44, 19.18, 0.00, 97.06, 0.00, 90.00, 56.05, 0, 0
2.00, 5.70, 22.95, 22.95, 1044.78, 20.00, 4.63, 23.33, 18.06, 88.24, 73.39, 79.96, 100.89, 67.34, 0, 0
2.00, 5.70, 23.10, 23.10, 993.01, 20.00, 4.63, 22.22, 16.93, 83.57, 30.41, 70.66, 109.77, 78.30, 0, 0
2.00, 5.70, 23.15, 23.15, 851.18, 20.00, 4.63, 20.56, 15.32, 0.00, 4.93, 0.00, 119.04, 88.65, 0, 0
2.00, 5.70, 23.16, 23.16, 767.62, 20.00, 4.63, 18.89, 13.71, 0.00, 0.00, 0.00, 0.00, 90.00, 0, 0
2.00, 5.70, 23.09, 23.09, 547.87, 20.00, 4.63, 17.78, 12.46, 0.00, 0.00, 0.00, 0.00, 90.00, 0, 0
2.00, 5.70, 22.07, 22.07, -1721.33, 20.00, 4.63, 16.11, 10.86, 0.00, 0.00, 0.00, 0.00, 90.00, 0, 0
2.00, 5.70, 21.25, 21.25, -2268.30, 20.00, 4.63, 15.00, 9.76, 0.00, 0.00, 0.00, 0.00, 90.00, 0, 0
2.00, 5.70, 20.46, 20.46, -3001.49, 20.00, 4.63, 13.33, 8.03, 0.00, 0.00, 0.00, 0.00, 90.00, 0, 0
2.00, 5.70, 19.75, 19.75, -3529.41, 20.00, 4.63, 12.22, 6.93, 0.00, 0.00, 0.00, 0.00, 90.00, 0, 0
2.00, 5.70, 19.01, 19.01, -4260.37, 20.00, 4.63, 10.56, 5.35, 0.00, 0.00, 0.00, 0.00, 90.00, 0, 0
2.00, 5.70, 18.32, 18.32, -4789.93, 20.00, 4.63, 9.44, 4.25, 0.00, 0.00, 0.00, 0.00, 90.00, 0, 0
2.00, 5.70, 17.57, 17.57, -5531.15, 20.00, 4.63, 7.78, 2.55, 0.00, 0.00, 0.00, 0.00, 90.00, 0, 0
2.00, 5.70, 17.23, 17.23, -5172.14, 20.00, 4.63, 8.89, 3.64, 0.00, 23.00, 65.87, -114.30, 83.39, 0, 0
2.00, 5.70, 18.24, 18.24, -785.82, 20.00, 4.63, 11.11, 5.83, 64.63, 50.99, 75.40, -105.31, 72.69, 0, 0
2.00, 5.70, 18.99, 18.99, -541.66, 20.00, 4.63, 13.33, 8.16, 11.14, 77.46, 84.37, -96.40, 61.53, 0, 0
2.00, 5.70, 19.59, 19.59, -291.02, 20.00, 4.63, 15.56, 10.38, 0.00, 108.29, 0.00, -86.81, 50.18, 0, 0
2.00, 5.70, 20.09, 20.09, -40.57, 20.00, 4.63, 17.78, 12.46, 0.00, 137.28, 0.00, -75.19, 38.95, 0, 0
2.00, 5.70, 20.54, 20.54, 174.99, 20.00, 4.63, 19.44, 14.20, 0.00, 152.36, 0.00, -58.68, 28.48, 0, 0
2.00, 5.70, 20.93, 20.93, 368.90, 20.00, 4.63, 21.11, 15.81, 0.00, 161.54, 0.00, -31.00, 20.35, 0, 0
2.00, 5.70, 21.28, 21.28, 522.07, 20.00, 4.63, 22.78, 17.42, 0.00, 162.98, 0.00, 11.25, 18.32, 0, 0
2.00, 5.70, 21.59, 21.59, 650.08, 20.00, 4.63, 23.33, 18.06, 0.00, 156.32, 0.00, 47.00, 24.01, 0, 0
2.00, 5.70, 21.85, 21.85, 725.59, 20.00, 4.63, 23.89, 18.54, 0.00, 139.73, 0.00, 67.97, 33.64, 0, 0
2.00, 5.70, 22.06, 22.06, 747.71, 20.00, 4.63, 23.89, 18.54, 0.00, 119.68, 0.00, 81.47, 44.61, 0, 0
2.00, 5.70, 22.23, 22.23, 769.75, 20.00, 4.63, 23.33, 18.06, 0.00, 101.18, 0.00, 90.00, 55.95, 0, 0
2.00, 5.70, 22.42, 22.42, 897.61, 20.00, 4.63, 21.67, 16.44, 76.93, 71.43, 79.91, 100.96, 67.24, 0, 0
2.00, 5.70, 22.55, 22.55, 859.37, 20.00, 4.63, 20.00, 14.83, 124.62, 33.29, 70.61, 109.82, 78.20, 0, 0
2.00, 5.70, 22.59, 22.59, 712.94, 20.00, 4.63, 18.89, 13.71, 0.00, 11.50, 0.00, 119.09, 88.55, 0, 0
2.00, 5.70, 22.61, 22.61, 643.65, 20.00, 4.63, 17.78, 12.72, 0.00, 0.00, 0.00, 0.00, 90.00, 0, 0
2.00, 5.70, 22.53, 22.53, 420.56, 20.00, 4.63, 16.67, 11.61, 0.00, 0.00, 0.00, 0.00, 90.00, 0, 0
2.00, 5.70, 21.52, 21.52, -1989.84, 20.00, 4.63, 15.56, 10.50, 0.00, 0.00, 0.00, 0.00, 90.00, 0, 0
2.00, 5.70, 20.70, 20.70, -2539.07, 20.00, 4.63, 14.44, 9.39, 0.00, 0.00, 0.00, 0.00, 90.00, 0, 0
2.00, 5.70, 20.07, 20.07, -2862.21, 20.00, 4.63, 13.89, 8.78, 0.00, 0.00, 0.00, 0.00, 90.00, 0, 0
2.00, 5.70, 19.56, 19.56, -3163.67, 20.00, 4.63, 13.33, 8.16, 0.00, 0.00, 0.00, 0.00, 90.00, 0, 0
2.00, 5.70, 19.11, 19.11, -3451.99, 20.00, 4.63, 12.78, 7.67, 0.00, 0.00, 0.00, 0.00, 90.00, 0, 0
2.00, 5.70, 18.71, 18.71, -3732.49, 20.00, 4.63, 12.22, 7.06, 0.00, 0.00, 0.00, 0.00, 90.00, 0, 0
2.00, 5.70, 18.32, 18.32, -4008.19, 20.00, 4.63, 11.67, 6.57, 0.00, 0.00, 0.00, 0.00, 90.00, 0, 0
2.00, 5.70, 18.22, 18.22, -3618.58, 20.00, 4.63, 12.78, 7.79, 0.00, 23.00, 65.77, -114.40, 83.35, 0, 0
2.00, 5.70, 18.96, 18.96, -520.50, 20.00, 4.63, 14.44, 9.51, 32.80, 55.66, 75.30, -105.42, 72.66, 0, 0
2.00, 5.70, 19.54, 19.54, -289.77, 20.00, 4.63, 16.67, 11.61, 5.48, 97.25, 84.27, -96.53, 61.51, 0, 0
2.00, 5.70, 20.03, 20.03, -42.78, 20.00, 4.63, 18.89, 13.84, 0.00, 134.41, 0.00, -86.95, 50.15, 0, 0
2.00, 5.70, 20.39, 20.39, 21.23, 20.00, 4.63, 19.44, 14.46, 0.00, 128.24, 0.00, -75.36, 38.92, 0, 0
2.00, 5.70, 20.63, 20.63, 10.63, 20.00, 4.63, 18.89, 13.84, 0.00, 108.92, 0.00, -58.90, 28.43, 0, 0
2.00, 5.70, 20.84, 20.84, 76.65, 20.00, 4.63, 18.89, 13.84, 0.00, 139.29, 0.00, -31.23, 20.28, 0, 0
2.00, 5.70, 20.99, 20.99, 79.25, 20.00, 4.63, 18.89, 13.84, 0.00, 112.29, 0.00, 11.17, 18.21, 0, 0
2.00, 5.70, 21.14, 21.14, 177.68, 20.00, 4.63, 18.89, 13.84, 0.00, 158.64, 0.00, 47.07, 23.90, 0, 0
2.00, 5.70, 21.30, 21.30, 261.77, 20.00, 4.63, 19.44, 14.34, 0.00, 171.29, 0.00, 68.06, 33.54, 0, 0
2.00, 5.70, 21.41, 21.41, 258.46, 20.00, 4.63, 19.44, 14.34, 0.00, 140.11, 0.00, 81.55, 44.52, 0, 0
2.00, 5.70, 21.55, 21.55, 356.94, 20.00, 4.63, 19.44, 14.34, 0.00, 116.87, 0.00, 90.00, 55.86, 0, 0
2.00, 5.70, 21.73, 21.73, 528.62, 20.00, 4.63, 18.89, 13.84, 24.18, 72.05, 79.86, 101.02, 67.15, 0, 0
2.00, 5.70, 21.83, 21.83, 462.31, 20.00, 4.63, 17.78, 12.72, 11.55, 26.71, 70.57, 109.88, 78.10, 0, 0
2.00, 5.70, 21.89, 21.89, 398.56, 20.00, 4.63, 16.67, 11.73, 0.00, 4.93, 0.00, 119.13, 88.45, 0, 0
2.00, 5.70, 21.91, 21.91, 343.64, 20.00, 4.63, 15.56, 10.62, 0.00, 0.00, 0.00, 0.00, 90.00, 0, 0
2.00, 5.70, 21.85, 21.85, 154.78, 20.00, 4.63, 15.00, 10.00, 0.00, 0.00, 0.00, 0.00, 90.00, 0, 0
2.00, 5.70, 20.72, 20.72, -2767.49, 20.00, 4.63, 13.89, 8.90, 0.00, 0.00, 0.00, 0.00, 90.00, 0, 0
2.00, 5.70, 19.83, 19.83, -3329.54, 20.00, 4.63, 12.78, 7.79, 0.00, 0.00, 0.00, 0.00, 90.00, 0, 0
2.00, 5.70, 19.15, 19.15, -3660.31, 20.00, 4.63, 12.22, 7.18, 0.00, 0.00, 0.00, 0.00, 90.00, 0, 0
2.00, 5.70, 18.59, 18.59, -3967.72, 20.00, 4.63, 11.67, 6.57, 0.00, 0.00, 0.00, 0.00, 90.00, 0, 0
2.00, 5.70, 18.12, 18.12, -4261.04, 20.00, 4.63, 11.11, 6.08, 0.00, 0.00, 0.00, 0.00, 90.00, 0, 0
2.00, 5.70, 17.69, 17.69, -4546.03, 20.00, 4.63, 10.56, 5.47, 0.00, 0.00, 0.00, 0.00, 90.00, 0, 0
2.00, 5.70, 17.28, 17.28, -4825.92, 20.00, 4.63, 10.00, 4.98, 0.00, 0.00, 0.00, 0.00, 90.00, 0, 0
2.00, 5.70, 16.99, 16.99, -4866.18, 20.00, 4.63, 10.00, 5.09, 0.00, 9.86, 65.67, -114.50, 83.32, 0, 0
2.00, 5.70, 17.82, 17.82, -920.45, 20.00, 4.63, 11.67, 6.68, 12.14, 49.85, 75.20, -105.52, 72.64, 0, 0
2.00, 5.70, 18.42, 18.42, -731.73, 20.00, 4.63, 12.78, 7.79, 1.51, 96.73, 84.17, -96.64, 61.49, 0, 0
2.00, 5.70, 18.89, 18.89, -572.83, 20.00, 4.63, 13.89, 8.90, 0.00, 127.53, 0.00, -87.08, 50.13, 0, 0
2.00, 5.70, 19.26, 19.26, -437.30, 20.00, 4.63, 15.00, 10.00, 0.00, 144.93, 0.00, -75.52, 38.90, 0, 0
2.00, 5.70, 19.60, 19.60, -243.63, 20.00, 4.63, 16.11, 11.12, 0.00, 197.96, 0.00, -59.10, 28.40, 0, 0
2.00, 5.70, 19.89, 19.89, -112.23, 20.00, 4.63, 17.22, 12.11, 0.00, 209.81, 0.00, -31.46, 20.21, 0, 0
2.00, 5.70, 20.13, 20.13, -34.32, 20.00, 4.63, 17.78, 12.72, 0.00, 208.05, 0.00, 11.08, 18.11, 0, 0
2.00, 5.70, 20.38, 20.38, 120.07, 20.00, 4.63, 18.89, 13.71, 0.00, 213.33, 0.00, 47.13, 23.80, 0, 0
2.00, 5.70, 20.55, 20.55, 103.12, 20.00, 4.63, 18.89, 13.71, 0.00, 166.33, 0.00, 68.14, 33.45, 0, 0
2.00, 5.70, 20.62, 20.62, -19.13, 20.00, 4.63, 18.33, 13.22, 0.00, 63.42, 0.00, 81.63, 44.43, 0, 0
2.00, 5.70, 20.69, 20.69, -4.39, 20.00, 4.63, 17.22, 12.11, 0.00, 50.93, 0.00, 90.00, 55.77, 0, 0
2.00, 5.70, 20.84, 20.84, 189.78, 20.00, 4.63, 16.67, 11.61, 0.00, 49.29, 79.81, 101.07, 67.06, 0, 0
2.00, 5.70, 20.93, 20.93, 143.85, 20.00, 4.63, 15.56, 10.50, 0.00, 21.36, 70.53, 109.92, 78.01, 0, 0
2.00, 5.70, 20.99, 20.99, 118.11, 20.00, 4.63, 15.00, 10.00, 0.00, 3.29, 0.00, 119.17, 88.35, 0, 0
2.00, 5.70, 21.03, 21.03, 93.88, 20.00, 4.63, 14.44, 9.39, 0.00, 0.00, 0.00, 0.00, 90.00, 0, 0
2.00, 5.70, 20.97, 20.97, -118.35, 20.00, 4.63, 13.33, 8.28, 0.00, 0.00, 0.00, 0.00, 90.00, 0, 0
2.00, 5.70, 19.82, 19.82, -3352.64, 20.00, 4.63, 12.78, 7.67, 0.00, 0.00, 0.00, 0.00, 90.00, 0, 0
2.00, 5.70, 18.99, 18.99, -3709.54, 20.00, 4.63, 12.22, 7.18, 0.00, 0.00, 0.00, 0.00, 90.00, 0, 0
2.00, 5.70, 18.27, 18.27, -4241.01, 20.00, 4.63, 11.11, 6.08, 0.00, 0.00, 0.00, 0.00, 90.00, 0, 0
2.00, 5.70, 17.69, 17.69, -4552.93, 20.00, 4.63, 10.56, 5.47, 0.00, 0.00, 0.00, 0.00, 90.00, 0, 0
2.00, 5.70, 17.11, 17.11, -5061.33, 20.00, 4.63, 9.44, 4.37, 0.00, 0.00, 0.00, 0.00, 90.00, 0, 0
2.00, 5.70, 16.61, 16.61, -5359.31, 20.00, 4.63, 8.89, 3.76, 0.00, 0.00, 0.00, 0.00, 90.00, 0, 0
2.00, 5.70, 16.07, 16.07, -5863.06, 20.00, 4.63, 7.78, 2.67, 0.00, 0.00, 0.00, 0.00, 90.00, 0, 0
2.00, 5.70, 15.90, 15.90, -5395.86, 20.00, 4.63, 8.89, 3.88, 0.00, 24.65, 65.58, -114.60, 83.30, 0, 0
2.00, 5.70, 16.86, 16.86, -1014.84, 20.00, 4.63, 11.11, 6.08, 55.72, 53.63, 75.11, -105.62, 72.62, 0, 0
2.00, 5.70, 17.56, 17.56, -793.56, 20.00, 4.63, 12.78, 7.79, 8.30, 87.98, 84.07, -96.75, 61.47, 0, 0
2.00, 5.70, 18.14, 18.14, -540.53, 20.00, 4.63, 15.00, 9.88, 0.00, 120.43, 0.00, -87.21, 50.12, 0, 0
2.00, 5.70, 18.63, 18.63, -314.91, 20.00, 4.63, 16.67, 11.61, 0.00, 153.68, 0.00, -75.67, 38.88, 0, 0
2.00, 5.70, 19.06, 19.06, -99.98, 20.00, 4.63, 18.33, 13.22, 0.00, 188.58, 0.00, -59.30, 28.36, 0, 0
2.00, 5.70, 19.45, 19.45, 96.00, 20.00, 4.63, 20.00, 14.83, 0.00, 204.51, 0.00, -31.68, 20.15, 0, 0
2.00, 5.70, 19.78, 19.78, 223.12, 20.00, 4.63, 21.11, 15.95, 0.00, 196.68, 0.00, 10.99, 18.02, 0, 0
2.00, 5.70, 20.07, 20.07, 324.27, 20.00, 4.63, 21.67, 16.44, 0.00, 194.18, 0.00, 47.17, 23.70, 0, 0
2.00, 5.70, 20.32, 20.32, 386.09, 20.00, 4.63, 22.22, 16.93, 0.00, 175.36, 0.00, 68.21, 33.36, 0, 0
2.00, 5.70, 20.51, 20.51, 401.27, 20.00, 4.63, 22.22, 16.93, 0.00, 138.42, 0.00, 81.69, 44.34, 0, 0
2.00, 5.70, 20.67, 20.67, 437.07, 20.00, 4.63, 21.67, 16.44, 0.00, 96.86, 0.00, 90.00, 55.68, 0, 0
2.00, 5.70, 20.89, 20.89, 628.09, 20.00, 4.63, 20.56, 15.32, 115.07, 58.32, 79.77, 101.12, 66.97, 0, 0
2.00, 5.70, 21.07, 21.07, 654.52, 20.00, 4.63, 18.89, 13.71, 220.14, 28.46, 70.49, 109.97, 77.92, 0, 0
2.00, 5.70, 21.12, 21.12, 456.15, 20.00, 4.63, 17.78, 12.72, 0.00, 14.79, 0.00, 119.20, 88.26, 0, 0
2.00, 5.70, 21.14, 21.14, 384.17, 20.00, 4.63, 16.67, 11.61, 0.00, 0.00, 0.00, 0.00, 90.00, 0, 0
2.00, 5.70, 21.05, 21.05, 109.22, 20.00, 4.63, 15.56, 10.50, 0.00, 0.00, 0.00, 0.00, 90.00, 0, 0
2.00, 5.70, 20.07, 20.07, -2631.53, 20.00, 4.63, 14.44, 9.27, 0.00, 0.00, 0.00, 0.00, 90.00, 0, 0
2.00, 5.70, 19.19, 19.19, -3390.20, 20.00, 4.63, 12.78, 7.67, 0.00, 0.00, 0.00, 0.00, 90.00, 0, 0
2.00, 5.70, 18.52, 18.52, -3724.83, 20.00, 4.63, 12.22, 7.18, 0.00, 0.00, 0.00, 0.00, 90.00, 0, 0
2.00, 5.70, 17.98, 17.98, -4034.98, 20.00, 4.63, 11.67, 6.57, 0.00, 0.00, 0.00, 0.00, 90.00, 0, 0
2.00, 5.70, 17.43, 17.43, -4540.43, 20.00, 4.63, 10.56, 5.47, 0.00, 0.00, 0.00, 0.00, 90.00, 0, 0
2.00, 5.70, 16.95, 16.95, -4837.07, 20.00, 4.63, 10.00, 4.86, 0.00, 0.00, 0.00, 0.00, 90.00, 0, 0
2.00, 5.70, 16.52, 16.52, -5125.10, 20.00, 4.63, 9.44, 4.37, 0.00, 0.00, 0.00, 0.00, 90.00, 0, 0
2.00, 5.70, 16.42, 16.42, -4652.48, 20.00, 4.63, 10.56, 5.47, 0.00, 26.29, 65.49, -114.69, 83.28, 0, 0
2.00, 5.70, 17.26, 17.26, -803.39, 20.00, 4.63, 12.78, 7.67, 63.40, 52.10, 75.02, -105.72, 72.61, 0, 0
2.00, 5.70, 17.89, 17.89, -601.53, 20.00, 4.63, 14.44, 9.39, 8.35, 89.15, 83.98, -96.86, 61.46, 0, 0
2.00, 5.70, 18.41, 18.41, -361.06, 20.00, 4.63, 16.67, 11.61, 0.00, 121.16, 0.00, -87.33, 50.11, 0, 0
2.00, 5.70, 18.86, 18.86, -151.36, 20.00, 4.63, 18.33, 13.22, 0.00, 159.52, 0.00, -75.82, 38.87, 0, 0
2.00, 5.70, 19.27, 19.27, 60.95, 20.00, 4.63, 20.00, 14.83, 0.00, 189.22, 0.00, -59.48, 28.34, 0, 0
2.00, 5.70, 19.64, 19.64, 259.30, 20.00, 4.63, 21.67, 16.58, 0.00, 207.44, 0.00, -31.90, 20.10, 0, 0
2.00, 5.70, 19.95, 19.95, 349.37, 20.00, 4.63, 22.22, 17.07, 0.00, 206.70, 0.00, 10.89, 17.93, 0, 0
2.00, 5.70, 20.24, 20.24, 469.82, 20.00, 4.63, 23.33, 18.20, 0.00, 199.30, 0.00, 47.21, 23.61, 0, 0
2.00, 5.70, 20.47, 20.47, 515.82, 20.00, 4.63, 23.33, 18.20, 0.00, 178.19, 0.00, 68.27, 33.27, 0, 0
2.00, 5.70, 20.66, 20.66, 543.42, 20.00, 4.63, 23.33, 18.20, 0.00, 141.51, 0.00, 81.75, 44.26, 0, 0
2.00, 5.70, 20.83, 20.83, 590.28, 20.00, 4.63, 23.33, 18.20, 0.00, 109.50, 0.00, 90.00, 55.60, 0, 0
2.00, 5.70, 21.05, 21.05, 774.19, 20.00, 4.63, 22.22, 17.20, 95.12, 72.01, 79.74, 101.16, 66.89, 0, 0
2.00, 5.70, 21.23, 21.23, 787.49, 20.00, 4.63, 20.56, 15.58, 194.07, 33.10, 70.47, 110.00, 77.84, 0, 0
2.00, 5.70, 21.29, 21.29, 602.88, 20.00, 4.63, 19.44, 14.46, 0.00, 14.79, 0.00, 119.23, 88.17, 0, 0
2.00, 5.70, 21.31, 21.31, 533.34, 20.00, 4.63, 18.33, 13.46, 0.00, 0.00, 0.00, 0.00, 90.00, 0, 0
2.00, 5.70, 21.23, 21.23, 259.83, 20.00, 4.63, 17.22, 12.34, 0.00, 0.00, 0.00, 0.00, 90.00, 0, 0
2.00, 5.70, 20.44, 20.44, -1952.82, 20.00, 4.63, 16.11, 11.23, 0.00, 0.00, 0.00, 0.00, 90.00, 0, 0
2.00, 5.70, 19.77, 19.77, -2479.51, 20.00, 4.63, 15.00, 10.12, 0.00, 0.00, 0.00, 0.00, 90.00, 0, 0
2.00, 5.70, 19.25, 19.25, -2787.79, 20.00, 4.63, 14.44, 9.51, 0.00, 0.00, 0.00, 0.00, 90.00, 0, 0
2.00, 5.70, 18.81, 18.81, -3078.52, 20.00, 4.63, 13.89, 8.90, 0.00, 0.00, 0.00, 0.00, 90.00, 0, 0
2.00, 5.70, 18.41, 18.41, -3358.56, 20.00, 4.63, 13.33, 8.40, 0.00, 0.00, 0.00, 0.00, 90.00, 0, 0
2.00, 5.70, 18.05, 18.05, -3632.29, 20.00, 4.63, 12.78, 7.79, 0.00, 0.00, 0.00, 0.00, 90.00, 0, 0
2.00, 5.70, 17.70, 17.70, -3902.17, 20.00, 4.63, 12.22, 7.29, 0.00, 0.00, 0.00, 0.00, 90.00, 0, 0
2.00, 5.70, 17.72, 17.72, -3288.99, 20.00, 4.63, 13.89, 9.01, 0.00, 37.79, 65.41, -114.78, 83.26, 0, 0
2.00, 5.70, 18.33, 18.33, -531.87, 20.00, 4.63, 15.56, 10.73, 65.18, 50.93, 74.93, -105.81, 72.60, 0, 0
2.00, 5.70, 18.82, 18.82, -331.92, 20.00, 4.63, 17.78, 12.96, 10.48, 84.07, 83.89, -96.96, 61.46, 0, 0
2.00, 5.70, 19.24, 19.24, -109.59, 20.00, 4.63, 20.00, 15.19, 0.00, 115.89, 90.00, -90.00, 50.11, 0, 0
2.00, 5.70, 19.62, 19.62, 88.49, 20.00, 4.63, 21.67, 16.82, 0.00, 157.23, 0.00, -75.96, 38.86, 0, 0
2.00, 5.70, 19.94, 19.94, 229.45, 20.00, 4.63, 22.78, 17.82, 0.00, 196.55, 0.00, -59.66, 28.32, 0, 0
2.00, 5.70, 20.24, 20.24, 362.51, 20.00, 4.63, 23.89, 18.95, 0.00, 215.60, 0.00, -32.12, 20.05, 0, 0
2.00, 5.70, 20.50, 20.50, 461.54, 20.00, 4.63, 24.44, 19.45, 0.00, 209.53, 0.00, 10.78, 17.85, 0, 0
2.00, 5.70, 20.74, 20.74, 572.90, 20.00, 4.63, 25.00, 20.08, 0.00, 199.64, 0.00, 47.23, 23.52, 0, 0
2.00, 5.70, 20.95, 20.95, 622.45, 20.00, 4.63, 25.56, 20.45, 0.00, 185.93, 0.00, 68.32, 33.19, 0, 0
2.00, 5.70, 21.10, 21.10, 601.10, 20.00, 4.63, 25.00, 19.95, 0.00, 157.41, 0.00, 81.80, 44.18, 0, 0
2.00, 5.70, 21.23, 21.23, 633.50, 20.00, 4.63, 24.44, 19.45, 0.00, 121.42, 0.00, 90.00, 55.52, 0, 0
2.00, 5.70, 21.43, 21.43, 824.78, 20.00, 4.63, 23.33, 18.32, 74.93, 80.95, 79.71, 101.20, 66.81, 0, 0
2.00, 5.70, 21.58, 21.58, 800.88, 20.00, 4.63, 22.22, 17.32, 108.76, 34.79, 70.44, 110.03, 77.75, 0, 0
2.00, 5.70, 21.63, 21.63, 665.95, 20.00, 4.63, 21.11, 16.20, 0.00, 8.22, 0.00, 119.25, 88.09, 0, 0
2.00, 5.70, 21.65, 21.65, 579.61, 20.00, 4.63, 19.44, 14.58, 0.00, 0.00, 0.00, 0.00, 90.00, 0, 0
2.00, 5.70, 21.58, 21.58, 359.45, 20.00, 4.63, 18.33, 13.46, 0.00, 0.00, 0.00, 0.00, 90.00, 0, 0
2.00, 5.70, 20.91, 20.91, -1502.18, 20.00, 4.63, 17.22, 12.34, 0.00, 0.00, 0.00, 0.00, 90.00, 0, 0
2.00, 5.70, 20.23, 20.23, -2213.50, 20.00, 4.63, 15.56, 10.62, 0.00, 0.00, 0.00, 0.00, 90.00, 0, 0
2.00, 5.70, 19.70, 19.70, -2519.40, 20.00, 4.63, 15.00, 10.00, 0.00, 0.00, 0.00, 0.00, 90.00, 0, 0
2.00, 5.70, 19.17, 19.17, -3013.23, 20.00, 4.63, 13.89, 8.90, 0.00, 0.00, 0.00, 0.00, 90.00, 0, 0
2.00, 5.70, 18.64, 18.64, -3508.29, 20.00, 4.63, 12.78, 7.90, 0.00, 0.00, 0.00, 0.00, 90.00, 0, 0
2.00, 5.70, 18.19, 18.19, -3797.52, 20.00, 4.63, 12.22, 7.29, 0.00, 0.00, 0.00, 0.00, 90.00, 0, 0
2.00, 5.70, 17.70, 17.70, -4287.78, 20.00, 4.63, 11.11, 6.19, 0.00, 0.00, 0.00, 0.00, 90.00, 0, 0
2.00, 5.70, 17.53, 17.53, -3907.23, 20.00, 4.63, 12.22, 7.29, 0.00, 24.65, 65.33, -114.86, 83.25, 0, 0
2.00, 5.70, 18.21, 18.21, -653.37, 20.00, 4.63, 13.89, 9.01, 31.54, 57.81, 74.85, -105.90, 72.60, 0, 0
2.00, 5.70, 18.75, 18.75, -422.69, 20.00, 4.63, 16.11, 11.23, 8.94, 92.08, 83.81, -97.05, 61.46, 0, 0
2.00, 5.70, 19.21, 19.21, -197.54, 20.00, 4.63, 18.33, 13.46, 0.00, 118.96, 90.00, -90.00, 50.11, 0, 0
2.00, 5.70, 19.62, 19.62, 38.46, 20.00, 4.63, 20.56, 15.58, 0.00, 148.05, 0.00, -76.09, 38.86, 0, 0
2.00, 5.70, 20.01, 20.01, 268.89, 20.00, 4.63, 22.78, 17.82, 0.00, 162.09, 0.00, -59.83, 28.31, 0, 0
2.00, 5.70, 20.37, 20.37, 457.11, 20.00, 4.63, 24.44, 19.45, 0.00, 166.73, 0.00, -32.33, 20.01, 0, 0
2.00, 5.70, 20.69, 20.69, 579.94, 20.00, 4.63, 25.56, 20.58, 0.00, 165.56, 0.00, 10.66, 17.78, 0, 0
2.00, 5.70, 20.99, 20.99, 726.96, 20.00, 4.63, 26.67, 21.71, 0.00, 158.20, 0.00, 47.24, 23.44, 0, 0
2.00, 5.70, 21.23, 21.23, 772.85, 20.00, 4.63, 26.67, 21.71, 0.00, 142.20, 0.00, 68.36, 33.11, 0, 0
2.00, 5.70, 21.42, 21.42, 790.07, 20.00, 4.63, 26.67, 21.71, 0.00, 117.05, 0.00, 81.84, 44.10, 0, 0
2.00, 5.70, 21.59, 21.59, 816.56, 20.00, 4.63, 26.11, 21.21, 0.00, 90.22, 0.00, 90.00, 55.45, 0, 0
2.00, 5.70, 21.80, 21.80, 999.63, 20.00, 4.63, 25.00, 20.08, 112.73, 61.07, 79.69, 101.23, 66.73, 0, 0
2.00, 5.70, 21.97, 21.97, 1002.66, 20.00, 4.63, 23.33, 18.45, 188.10, 32.44, 70.43, 110.05, 77.67, 0, 0
2.00, 5.70, 22.03, 22.03, 821.48, 20.00, 4.63, 22.22, 17.44, 0.00, 14.79, 0.00, 119.27, 88.01, 0, 0
2.00, 5.70, 22.06, 22.06, 753.33, 20.00, 4.63, 21.11, 16.31, 0.00, 0.00, 0.00, 0.00, 90.00, 0, 0
2.00, 5.70, 22.00, 22.00, 533.33, 20.00, 4.63, 20.00, 15.30, 0.00, 0.00, 0.00, 0.00, 90.00, 0, 0
2.00, 5.70, 21.57, 21.57, -617.01, 20.00, 4.63, 19.44, 14.69, 0.00, 0.00, 0.00, 0.00, 90.00, 0, 0
2.00, 5.70, 21.13, 21.13, -1093.24, 20.00, 4.63, 18.33, 13.57, 0.00, 0.00, 0.00, 0.00, 90.00, 0, 0
2.00, 5.70, 20.76, 20.76, -1368.08, 20.00, 4.63, 17.78, 12.96, 0.00, 0.00, 0.00, 0.00, 90.00, 0, 0
2.00, 5.70, 20.43, 20.43, -1633.19, 20.00, 4.63, 17.22, 12.34, 0.00, 0.00, 0.00, 0.00, 90.00, 0, 0
2.00, 5.70, 20.13, 20.13, -1892.54, 20.00, 4.63, 16.67, 11.84, 0.00, 0.00, 0.00, 0.00, 90.00, 0, 0
2.00, 5.70, 19.83, 19.83, -2148.68, 20.00, 4.63, 16.11, 11.34, 0.00, 0.00, 0.00, 0.00, 90.00, 0, 0
2.00, 5.70, 19.54, 19.54, -2403.17, 20.00, 4.63, 15.56, 10.83, 0.00, 0.00, 0.00, 0.00, 90.00, 0, 0
2.00, 5.70, 19.60, 19.60, -1806.60, 20.00, 4.63, 17.22, 12.55, 0.00, 27.93, 65.25, -114.94, 83.25, 0, 0
2.00, 5.70, 20.02, 20.02, -91.92, 20.00, 4.63, 18.89, 14.18, 26.12, 61.09, 74.77, -105.98, 72.60, 0, 0
2.00, 5.70, 20.36, 20.36, 44.14, 20.00, 4.63, 20.00, 15.30, 2.90, 104.60, 83.73, -97.14, 61.46, 0, 0
2.00, 5.70, 20.68, 20.68, 252.25, 20.00, 4.63, 22.22, 17.54, 0.00, 140.84, 90.00, -90.00, 50.11, 0, 0
2.00, 5.70, 20.99, 20.99, 439.34, 20.00, 4.63, 23.89, 19.18, 0.00, 161.80, 0.00, -76.21, 38.86, 0, 0
2.00, 5.70, 21.31, 21.31, 659.17, 20.00, 4.63, 26.11, 21.32, 0.00, 186.04, 0.00, -59.99, 28.30, 0, 0
2.00, 5.70, 21.61, 21.61, 836.49, 20.00, 4.63, 27.78, 22.96, 0.00, 201.75, 0.00, -32.53, 19.98, 0, 0
2.00, 5.70, 21.89, 21.89, 956.29, 20.00, 4.63, 28.89, 24.10, 0.00, 208.27, 0.00, 10.54, 17.71, 0, 0
2.00, 5.70, 22.15, 22.15, 1064.32, 20.00, 4.63, 29.44, 24.60, 0.00, 195.96, 0.00, 47.23, 23.37, 0, 0
2.00, 5.70, 22.38, 22.38, 1129.97, 20.00, 4.63, 30.00, 25.23, 0.00, 172.39, 0.00, 68.39, 33.04, 0, 0
2.00, 5.70, 22.56, 22.56, 1142.60, 20.00, 4.63, 30.00, 25.23, 0.00, 142.68, 0.00, 81.87, 44.03, 0, 0
2.00, 5.70, 22.72, 22.72, 1185.59, 20.00, 4.63, 29.44, 24.60, 0.00, 105.85, 0.00, 90.00, 55.37, 0, 0
2.00, 5.70, 22.94, 22.94, 1370.90, 20.00, 4.63, 28.89, 24.10, 70.73, 73.96, 79.68, 101.25, 66.66, 0, 0
2.00, 5.70, 23.08, 23.08, 1301.01, 20.00, 4.63, 27.22, 22.45, 64.50, 37.65, 70.42, 110.07, 77.60, 0, 0
2.00, 5.70, 23.14, 23.14, 1172.69, 20.00, 4.63, 25.56, 20.81, 0.00, 9.86, 60.74, 119.28, 87.93, 0, 0
2.00, 5.70, 23.18, 23.18, 1117.60, 20.00, 4.63, 24.44, 19.79, 0.00, 0.00, 0.00, 0.00, 90.00, 0, 0
2.00, 5.70, 23.12, 23.12, 903.76, 20.00, 4.63, 23.33, 18.56, 0.00, 0.00, 0.00, 0.00, 90.00, 0, 0
2.00, 5.70, 22.82, 22.82, 365.97, 20.00, 4.63, 21.67, 16.93, 0.00, 0.00, 0.00, 0.00, 90.00, 0, 0
2.00, 5.70, 22.39, 22.39, -287.60, 20.00, 4.63, 20.00, 15.30, 0.00, 0.00, 0.00, 0.00, 90.00, 0, 0
2.00, 5.70, 22.03, 22.03, -559.35, 20.00, 4.63, 19.44, 14.69, 0.00, 0.00, 0.00, 0.00, 90.00, 0, 0
2.00, 5.70, 21.63, 21.63, -1020.63, 20.00, 4.63, 18.33, 13.57, 0.00, 0.00, 0.00, 0.00, 90.00, 0, 0
2.00, 5.70, 21.11, 21.11, -1689.30, 20.00, 4.63, 16.67, 11.94, 0.00, 0.00, 0.00, 0.00, 90.00, 0, 0
2.00, 5.70, 20.60, 20.60, -2172.56, 20.00, 4.63, 15.56, 10.83, 0.00, 0.00, 0.00, 0.00, 90.00, 0, 0
2.00, 5.70, 20.09, 20.09, -2658.23, 20.00, 4.63, 14.44, 9.82, 0.00, 0.00, 0.00, 0.00, 90.00, 0, 0
2.00, 5.70, 20.00, 20.00, -2075.80, 20.00, 4.63, 16.11, 11.44, 0.00, 36.15, 65.18, -115.01, 83.25, 0, 0
2.00, 5.70, 20.58, 20.58, 97.56, 20.00, 4.63, 18.89, 14.18, 97.76, 55.30, 74.70, -106.05, 72.60, 0, 0
2.00, 5.70, 21.03, 21.03, 266.26, 20.00, 4.63, 21.11, 16.42, 12.73, 83.29, 83.66, -97.22, 61.47, 0, 0
2.00, 5.70, 21.42, 21.42, 453.18, 20.00, 4.63, 22.78, 18.05, 0.00, 120.88, 90.00, -90.00, 50.12, 0, 0
2.00, 5.70, 21.74, 21.74, 597.08, 20.00, 4.63, 23.89, 19.18, 0.00, 170.32, 0.00, -76.33, 38.87, 0, 0
2.00, 5.70, 22.03, 22.03, 719.56, 20.00, 4.63, 25.00, 20.19, 0.00, 197.52, 0.00, -60.15, 28.29, 0, 0
2.00, 5.70, 22.24, 22.24, 734.61, 20.00, 4.63, 25.00, 20.19, 0.00, 174.91, 0.00, -32.72, 19.95, 0, 0
2.00, 5.70, 22.38, 22.38, 698.95, 20.00, 4.63, 24.44, 19.69, 0.00, 136.69, 0.00, 10.41, 17.65, 0, 0
2.00, 5.70, 22.55, 22.55, 812.19, 20.00, 4.63, 24.44, 19.69, 0.00, 178.86, 0.00, 47.22, 23.29, 0, 0
2.00, 5.70, 22.69, 22.69, 853.58, 20.00, 4.63, 24.44, 19.69, 0.00, 181.81, 0.00, 68.41, 32.97, 0, 0
2.00, 5.70, 22.84, 22.84, 919.32, 20.00, 4.63, 25.00, 20.19, 0.00, 153.65, 0.00, 81.89, 43.96, 0, 0
2.00, 5.70, 22.96, 22.96, 936.70, 20.00, 4.63, 24.44, 19.57, 0.00, 116.64, 0.00, 90.00, 55.30, 0, 0
2.00, 5.70, 23.13, 23.13, 1082.92, 20.00, 4.63, 23.33, 18.56, 26.22, 78.14, 79.67, 101.27, 66.59, 0, 0
2.00, 5.70, 23.26, 23.26, 1092.87, 20.00, 4.63, 22.22, 17.44, 96.24, 42.50, 70.41, 110.08, 77.53, 0, 0
2.00, 5.70, 23.31, 23.31, 966.80, 20.00, 4.63, 21.11, 16.42, 0.00, 14.79, 60.74, 119.28, 87.86, 0, 0
2.00, 5.70, 23.32, 23.32, 874.32, 20.00, 4.63, 19.44, 14.69, 0.00, 0.00, 0.00, 0.00, 90.00, 0, 0
2.00, 5.70, 23.24, 23.24, 652.55, 20.00, 4.63, 18.33, 13.57, 0.00, 0.00, 0.00, 0.00, 90.00, 0, 0
2.00, 5.70, 22.35, 22.35, -1243.23, 20.00, 4.63, 17.22, 12.45, 0.00, 0.00, 0.00, 0.00, 90.00, 0, 0
2.00, 5.70, 21.53, 21.53, -1977.12, 20.00, 4.63, 15.56, 10.83, 0.00, 0.00, 0.00, 0.00, 90.00, 0, 0
2.00, 5.70, 20.83, 20.83, -2503.46, 20.00, 4.63, 14.44, 9.72, 0.00, 0.00, 0.00, 0.00, 90.00, 0, 0
2.00, 5.70, 20.26, 20.26, -2813.57, 20.00, 4.63, 13.89, 9.11, 0.00, 0.00, 0.00, 0.00, 90.00, 0, 0
2.00, 5.70, 19.78, 19.78, -3107.70, 20.00, 4.63, 13.33, 8.51, 0.00, 0.00, 0.00, 0.00, 90.00, 0, 0
2.00, 5.70, 19.27, 19.27, -3599.90, 20.00, 4.63, 12.22, 7.50, 0.00, 0.00, 0.00, 0.00, 90.00, 0, 0
2.00, 5.70, 18.82, 18.82, -3888.85, 20.00, 4.63, 11.67, 6.90, 0.00, 0.00, 0.00, 0.00, 90.00, 0, 0
2.00, 5.70, 18.76, 18.76, -3281.87, 20.00, 4.63, 13.33, 8.61, 0.00, 42.72, 65.11, -115.08, 83.25, 0, 0
2.00, 5.70, 19.55, 19.55, -320.35, 20.00, 4.63, 15.00, 10.22, 82.54, 49.24, 74.63, -106.12, 72.61, 0, 0
2.00, 5.70, 20.14, 20.14, -118.87, 20.00, 4.63, 17.22, 12.45, 10.72, 84.68, 83.60, -97.29, 61.48, 0, 0
2.00, 5.70, 20.63, 20.63, 117.39, 20.00, 4.63, 19.44, 14.69, 0.00, 116.16, 90.00, -90.00, 50.13, 0, 0
2.00, 5.70, 21.07, 21.07, 346.72, 20.00, 4.63, 21.67, 16.82, 0.00, 141.88, 0.00, -76.43, 38.88, 0, 0
2.00, 5.70, 21.46, 21.46, 548.62, 20.00, 4.63, 23.33, 18.45, 0.00, 169.25, 0.00, -60.29, 28.30, 0, 0
2.00, 5.70, 21.81, 21.81, 708.75, 20.00, 4.63, 24.44, 19.57, 0.00, 179.15, 0.00, -32.91, 19.93, 0, 0
2.00, 5.70, 22.13, 22.13, 854.13, 20.00, 4.63, 26.11, 21.21, 0.00, 176.48, 0.00, 10.27, 17.59, 0, 0
2.00, 5.70, 22.42, 22.42, 973.53, 20.00, 4.63, 26.67, 21.71, 0.00, 168.22, 0.00, 47.19, 23.23, 0, 0
2.00, 5.70, 22.67, 22.67, 1047.80, 20.00, 4.63, 27.22, 22.21, 0.00, 151.13, 0.00, 68.42, 32.90, 0, 0
2.00, 5.70, 22.86, 22.86, 1064.94, 20.00, 4.63, 27.22, 22.21, 0.00, 125.35, 0.00, 81.91, 43.89, 0, 0
2.00, 5.70, 23.03, 23.03, 1092.13, 20.00, 4.63, 26.67, 21.71, 0.00, 97.81, 0.00, 90.00, 55.24, 0, 0
2.00, 5.70, 23.23, 23.23, 1233.26, 20.00, 4.63, 25.00, 20.19, 82.86, 71.92, 79.66, 101.28, 66.52, 0, 0
2.00, 5.70, 23.35, 23.35, 1160.06, 20.00, 4.63, 23.33, 18.45, 80.38, 36.63, 70.41, 110.09, 77.46, 0, 0
2.00, 5.70, 23.40, 23.40, 1038.33, 20.00, 4.63, 22.22, 17.32, 0.00, 8.22, 60.74, 119.28, 87.79, 0, 0
2.00, 5.70, 23.41, 23.41, 950.96, 20.00, 4.63, 20.56, 15.81, 0.00, 0.00, 0.00, 0.00, 90.00, 0, 0
2.00, 5.70, 23.33, 23.33, 729.34, 20.00, 4.63, 19.44, 14.58, 0.00, 0.00, 0.00, 0.00, 90.00, 0, 0
2.00, 5.70, 22.58, 22.58, -820.16, 20.00, 4.63, 18.33, 13.46, 0.00, 0.00, 0.00, 0.00, 90.00, 0, 0
2.00, 5.70, 21.85, 21.85, -1535.65, 20.00, 4.63, 16.67, 11.84, 0.00, 0.00, 0.00, 0.00, 90.00, 0, 0
2.00, 5.70, 21.28, 21.28, -1845.94, 20.00, 4.63, 16.11, 11.23, 0.00, 0.00, 0.00, 0.00, 90.00, 0, 0
2.00, 5.70, 20.73, 20.73, -2341.01, 20.00, 4.63, 15.00, 10.12, 0.00, 0.00, 0.00, 0.00, 90.00, 0, 0
2.00, 5.70, 20.27, 20.27, -2630.75, 20.00, 4.63, 14.44, 9.62, 0.00, 0.00, 0.00, 0.00, 90.00, 0, 0
2.00, 5.70, 19.78, 19.78, -3116.99, 20.00, 4.63, 13.33, 8.51, 0.00, 0.00, 0.00, 0.00, 90.00, 0, 0
2.00, 5.70, 19.34, 19.34, -3401.43, 20.00, 4.63, 12.78, 7.90, 0.00, 0.00, 0.00, 0.00, 90.00, 0, 0
2.00, 5.70, 19.33, 19.33, -2718.12, 20.00, 4.63, 14.44, 9.62, 0.00, 42.72, 65.05, -115.14, 83.26, 0, 0
2.00, 5.70, 20.07, 20.07, -100.46, 20.00, 4.63, 16.11, 11.34, 67.99, 53.93, 74.57, -106.19, 72.63, 0, 0
2.00, 5.70, 20.64, 20.64, 118.60, 20.00, 4.63, 18.33, 13.46, 13.18, 81.19, 83.53, -97.36, 61.50, 0, 0
2.00, 5.70, 21.12, 21.12, 348.04, 20.00, 4.63, 20.56, 15.70, 0.00, 106.60, 90.00, -90.00, 50.15, 0, 0
2.00, 5.70, 21.55, 21.55, 583.10, 20.00, 4.63, 22.78, 17.82, 0.00, 138.01, 0.00, -76.53, 38.89, 0, 0
2.00, 5.70, 21.95, 21.95, 793.45, 20.00, 4.63, 24.44, 19.57, 0.00, 159.91, 0.00, -60.42, 28.30, 0, 0
2.00, 5.70, 22.32, 22.32, 982.03, 20.00, 4.63, 26.11, 21.21, 0.00, 171.03, 0.00, -33.09, 19.92, 0, 0
2.00, 5.70, 22.64, 22.64, 1106.92, 20.00, 4.63, 27.22, 22.21, 0.00, 175.29, 0.00, 10.13, 17.55, 0, 0
2.00, 5.70, 22.93, 22.93, 1204.36, 20.00, 4.63, 27.78, 22.71, 0.00, 171.55, 0.00, 47.16, 23.17, 0, 0
2.00, 5.70, 23.17, 23.17, 1271.43, 20.00, 4.63, 28.33, 23.34, 0.00, 164.91, 0.00, 68.41, 32.83, 0, 0
2.00, 5.70, 23.35, 23.35, 1255.13, 20.00, 4.63, 27.78, 22.71, 0.00, 141.68, 0.00, 81.92, 43.83, 0, 0
2.00, 5.70, 23.51, 23.51, 1287.74, 20.00, 4.63, 27.22, 22.21, 0.00, 102.95, 0.00, 90.00, 55.17, 0, 0
2.00, 5.70, 23.72, 23.72, 1459.22, 20.00, 4.63, 26.11, 21.08, 89.30, 67.91, 79.67, 101.28, 66.46, 0, 0
2.00, 5.70, 23.88, 23.88, 1440.76, 20.00, 4.63, 24.44, 19.57, 142.75, 36.67, 70.42, 110.09, 77.40, 0, 0
2.00, 5.70, 23.93, 23.93, 1287.25, 20.00, 4.63, 23.33, 18.45, 0.00, 14.79, 60.75, 119.28, 87.73, 0, 0
2.00, 5.70, 23.95, 23.95, 1195.93, 20.00, 4.63, 21.67, 16.82, 0.00, 0.00, 0.00, 0.00, 90.00, 0, 0
2.00, 5.70, 23.86, 23.86, 922.44, 20.00, 4.63, 20.56, 15.58, 0.00, 0.00, 0.00, 0.00, 90.00, 0, 0
2.00, 5.70, 23.09, 23.09, -497.83, 20.00, 4.63, 18.89, 13.96, 0.00, 0.00, 0.00, 0.00, 90.00, 0, 0
2.00, 5.70, 22.43, 22.43, -1016.51, 20.00, 4.63, 17.78, 12.84, 0.00, 0.00, 0.00, 0.00, 90.00, 0, 0
2.00, 5.70, 21.83, 21.83, -1522.34, 20.00, 4.63, 16.67, 11.73, 0.00, 0.00, 0.00, 0.00, 90.00, 0, 0
2.00, 5.70, 21.34, 21.34, -1819.21, 20.00, 4.63, 16.11, 11.12, 0.00, 0.00, 0.00, 0.00, 90.00, 0, 0
2.00, 5.70, 20.84, 20.84, -2306.53, 20.00, 4.63, 15.00, 10.12, 0.00, 0.00, 0.00, 0.00, 90.00, 0, 0
2.00, 5.70, 20.32, 20.32, -2797.48, 20.00, 4.63, 13.89, 9.01, 0.00, 0.00, 0.00, 0.00, 90.00, 0, 0
2.00, 5.70, 19.87, 19.87, -3085.40, 20.00, 4.63, 13.33, 8.40, 0.00, 0.00, 0.00, 0.00, 90.00, 0, 0
2.00, 5.70, 19.67, 19.67, -2845.95, 20.00, 4.63, 13.89, 9.01, 0.00, 14.79, 64.99, -115.20, 83.28, 0, 0
2.00, 5.70, 20.38, 20.38, -91.03, 20.00, 4.63, 15.56, 10.62, 23.70, 52.29, 74.51, -106.25, 72.65, 0, 0
2.00, 5.70, 20.95, 20.95, 152.99, 20.00, 4.63, 17.78, 12.84, 7.32, 95.84, 83.48, -97.43, 61.52, 0, 0
2.00, 5.70, 21.43, 21.43, 386.46, 20.00, 4.63, 20.00, 15.08, 0.00, 123.81, 90.00, -90.00, 50.17, 0, 0
2.00, 5.70, 21.86, 21.86, 623.40, 20.00, 4.63, 22.22, 17.32, 0.00, 153.13, 0.00, -76.62, 38.91, 0, 0
2.00, 5.70, 22.26, 22.26, 832.16, 20.00, 4.63, 23.89, 19.07, 0.00, 172.11, 0.00, -60.54, 28.32, 0, 0
2.00, 5.70, 22.62, 22.62, 1020.51, 20.00, 4.63, 25.56, 20.70, 0.00, 176.90, 0.00, -33.27, 19.91, 0, 0
2.00, 5.70, 22.95, 22.95, 1171.53, 20.00, 4.63, 27.22, 22.21, 0.00, 177.96, 0.00, 9.98, 17.51, 0, 0
2.00, 5.70, 23.24, 23.24, 1274.53, 20.00, 4.63, 27.78, 22.84, 0.00, 173.12, 0.00, 47.11, 23.11, 0, 0
2.00, 5.70, 23.49, 23.49, 1339.98, 20.00, 4.63, 28.33, 23.34, 0.00, 165.89, 0.00, 68.40, 32.78, 0, 0
2.00, 5.70, 23.69, 23.69, 1360.07, 20.00, 4.63, 28.33, 23.47, 0.00, 130.85, 0.00, 81.91, 43.77, 0, 0
2.00, 5.70, 23.86, 23.86, 1387.21, 20.00, 4.63, 27.78, 22.96, 0.00, 95.25, 0.00, 90.00, 55.11, 0, 0
2.00, 5.70, 24.08, 24.08, 1574.57, 20.00, 4.63, 26.67, 21.83, 105.33, 69.66, 79.67, 101.28, 66.40, 0, 0
2.00, 5.70, 24.24, 24.24, 1541.49, 20.00, 4.63, 25.00, 20.30, 139.50, 37.33, 70.43, 110.08, 77.34, 0, 0
2.00, 5.70, 24.30, 24.30, 1386.03, 20.00, 4.63, 23.89, 19.18, 0.00, 11.50, 60.76, 119.27, 87.67, 0, 0
2.00, 5.70, 24.34, 24.34, 1324.28, 20.00, 4.63, 22.78, 18.16, 0.00, 0.00, 0.00, 0.00, 90.00, 0, 0
2.00, 5.70, 24.27, 24.27, 1080.08, 20.00, 4.63, 22.22, 17.54, 0.00, 0.00, 0.00, 0.00, 90.00, 0, 0
2.00, 5.70, 23.75, 23.75, 367.65, 20.00, 4.63, 21.11, 16.42, 0.00, 0.00, 0.00, 0.00, 90.00, 0, 0
2.00, 5.70, 23.26, 23.26, -116.54, 20.00, 4.63, 20.00, 15.30, 0.00, 0.00, 0.00, 0.00, 90.00, 0, 0
2.00, 5.70, 22.86, 22.86, -397.76, 20.00, 4.63, 19.44, 14.79, 0.00, 0.00, 0.00, 0.00, 90.00, 0, 0
2.00, 5.70, 22.50, 22.50, -667.07, 20.00, 4.63, 18.89, 14.18, 0.00, 0.00, 0.00, 0.00, 90.00, 0, 0
2.00, 5.70, 22.18, 22.18, -929.17, 20.00, 4.63, 18.33, 13.67, 0.00, 0.00, 0.00, 0.00, 90.00, 0, 0
2.00, 5.70, 21.87, 21.87, -1187.07, 20.00, 4.63, 17.78, 13.16, 0.00, 0.00, 0.00, 0.00, 90.00, 0, 0
2.00, 5.70, 21.64, 21.64, -1241.71, 20.00, 4.63, 17.78, 13.16, 0.00, 0.00, 0.00, 0.00, 90.00, 0, 0
2.00, 5.70, 21.66, 21.66, -849.03, 20.00, 4.63, 18.89, 14.38, 0.00, 26.29, 64.94, -115.25, 83.30, 0, 0
2.00, 5.70, 22.08, 22.08, 344.41, 20.00, 4.63, 20.00, 15.50, 21.15, 56.22, 74.46, -106.30, 72.67, 0, 0
2.00, 5.70, 22.45, 22.45, 547.77, 20.00, 4.63, 22.22, 17.74, 7.21, 95.04, 83.43, -97.48, 61.55, 0, 0
2.00, 5.70, 22.78, 22.78, 728.13, 20.00, 4.63, 23.89, 19.38, 0.00, 134.05, 90.00, -90.00, 50.20, 0, 0
2.00, 5.70, 23.11, 23.11, 938.09, 20.00, 4.63, 26.11, 21.54, 0.00, 161.02, 0.00, -76.70, 38.94, 0, 0
2.00, 5.70, 23.40, 23.40, 1087.16, 20.00, 4.63, 27.22, 22.67, 0.00, 197.88, 0.00, -60.66, 28.33, 0, 0
2.00, 5.70, 23.67, 23.67, 1194.71, 20.00, 4.63, 28.33, 23.80, 0.00, 210.61, 0.00, -33.43, 19.91, 0, 0
2.00, 5.70, 23.90, 23.90, 1285.45, 20.00, 4.63, 28.89, 24.32, 0.00, 214.17, 0.00, 9.83, 17.48, 0, 0
2.00, 5.70, 24.11, 24.11, 1350.74, 20.00, 4.63, 28.89, 24.32, 0.00, 206.66, 0.00, 47.05, 23.06, 0, 0
2.00, 5.70, 24.29, 24.29, 1400.80, 20.00, 4.63, 29.44, 24.94, 0.00, 185.56, 0.00, 68.38, 32.72, 0, 0
2.00, 5.70, 24.42, 24.42, 1374.45, 20.00, 4.63, 28.89, 24.42, 0.00, 156.52, 0.00, 81.90, 43.71, 0, 0
2.00, 5.70, 24.54, 24.54, 1404.40, 20.00, 4.63, 28.33, 23.80, 0.00, 118.89, 0.00, 90.00, 55.06, 0, 0
2.00, 5.70, 24.70, 24.70, 1543.99, 20.00, 4.63, 27.22, 22.77, 10.56, 73.76, 79.69, 101.27, 66.34, 0, 0
2.00, 5.70, 24.82, 24.82, 1520.30, 20.00, 4.63, 26.11, 21.74, 44.35, 39.24, 70.44, 110.07, 77.28, 0, 0
2.00, 5.70, 24.88, 24.88, 1429.56, 20.00, 4.63, 25.00, 20.61, 0.00, 13.14, 60.78, 119.25, 87.61, 0, 0
2.00, 5.70, 24.93, 24.93, 1396.58, 20.00, 4.63, 24.44, 20.09, 0.00, 0.00, 0.00, 0.00, 90.00, 0, 0
2.00, 5.70, 24.88, 24.88, 1189.02, 20.00, 4.63, 23.33, 18.96, 0.00, 0.00, 0.00, 0.00, 90.00, 0, 0
2.00, 5.70, 24.52, 24.52, 1010.91, 20.00, 4.63, 22.78, 18.44, 0.00, 0.00, 0.00, 0.00, 90.00, 0, 0
2.00, 5.70, 24.13, 24.13, 555.84, 20.00, 4.63, 21.67, 17.32, 0.00, 0.00, 0.00, 0.00, 90.00, 0, 0
2.00, 5.70, 23.80, 23.80, 294.29, 20.00, 4.63, 21.11, 16.71, 0.00, 0.00, 0.00, 0.00, 90.00, 0, 0
2.00, 5.70, 23.50, 23.50, 40.15, 20.00, 4.63, 20.56, 16.19, 0.00, 0.00, 0.00, 0.00, 90.00, 0, 0
2.00, 5.70, 23.29, 23.29, -12.59, 20.00, 4.63, 20.56, 16.19, 0.00, 0.00, 0.00, 0.00, 90.00, 0, 0
2.00, 5.70, 23.06, 23.06, -250.50, 20.00, 4.63, 20.00, 15.68, 0.00, 0.00, 0.00, 0.00, 90.00, 0, 0
2.00, 5.70, 22.82, 22.82, -490.27, 20.00, 4.63, 19.44, 15.16, 0.00, 0.00, 0.00, 0.00, 90.00, 0, 0
2.00, 5.70, 22.91, 22.91, 110.91, 20.00, 4.63, 21.11, 16.89, 0.00, 42.72, 64.89, -115.30, 83.32, 0, 0
2.00, 5.70, 23.32, 23.32, 774.95, 20.00, 4.63, 23.33, 19.05, 111.82, 43.43, 74.41, -106.35, 72.70, 0, 0
2.00, 5.70, 23.64, 23.64, 898.22, 20.00, 4.63, 25.00, 20.70, 15.97, 73.31, 83.38, -97.53, 61.58, 0, 0
2.00, 5.70, 23.95, 23.95, 1095.82, 20.00, 4.63, 27.22, 22.96, 0.00, 100.90, 90.00, -90.00, 50.23, 0, 0
2.00, 5.70, 24.25, 24.25, 1281.55, 20.00, 4.63, 28.89, 24.61, 0.00, 127.23, 0.00, -76.77, 38.97, 0, 0
2.00, 5.70, 24.56, 24.56, 1473.06, 20.00, 4.63, 30.56, 26.17, 0.00, 148.93, 0.00, -60.76, 28.36, 0, 0
2.00, 5.70, 24.84, 24.84, 1624.11, 20.00, 4.63, 31.67, 27.31, 0.00, 161.51, 0.00, -33.59, 19.91, 0, 0
2.00, 5.70, 25.11, 25.11, 1732.70, 20.00, 4.63, 32.78, 28.34, 0.00, 166.38, 0.00, 9.67, 17.45, 0, 0
2.00, 5.70, 25.00, 25.00, 1780.35, 20.00, 4.63, 32.78, 28.34, 0.00, 158.14, 0.00, 46.97, 23.01, 0, 0
2.00, 5.70, 25.00, 25.00, 1791.33, 20.00, 4.63, 32.78, 28.34, 0.00, 140.89, 0.00, 68.35, 32.67, 0, 0
2.00, 5.70, 25.00, 25.00, 1779.27, 20.00, 4.63, 32.78, 28.34, 0.00, 121.55, 0.00, 81.88, 43.66, 0, 0
2.00, 5.70, 25.00, 25.00, 1830.92, 20.00, 4.63, 33.33, 28.86, 0.00, 103.71, 0.00, 90.00, 55.01, 0, 0
2.00, 5.70, 25.00, 25.00, 2010.91, 20.00, 4.63, 33.33, 28.86, 89.36, 73.31, 79.70, 101.26, 66.29, 0, 0
2.00, 5.70, 25.00, 25.00, 1998.61, 20.00, 4.63, 32.22, 27.83, 150.86, 38.88, 70.46, 110.05, 77.23, 0, 0
2.00, 5.70, 25.00, 25.00, 1833.74, 20.00, 4.63, 31.11, 26.69, 0.00, 16.43, 60.80, 119.23, 87.57, 0, 0
2.00, 5.70, 25.00, 25.00, 1769.81, 20.00, 4.63, 30.00, 25.55, 0.00, 0.00, 0.00, 0.00, 90.00, 0, 0
2.00, 5.70, 25.28, 25.28, 1607.46, 20.00, 4.63, 28.89, 24.52, 0.00, 0.00, 0.00, 0.00, 90.00, 0, 0
2.00, 5.70, 25.74, 25.74, 3097.03, 20.00, 4.63, 28.33, 23.90, 0.00, 0.00, 0.00, 0.00, 90.00, 0, 0
2.00, 5.70, 25.97, 25.97, 2925.32, 20.00, 4.63, 27.78, 23.29, 0.00, 0.00, 0.00, 0.00, 90.00, 0, 0
2.00, 5.70, 25.89, 25.89, 2357.16, 20.00, 4.63, 26.11, 21.64, 0.00, 0.00, 0.00, 0.00, 90.00, 0, 0
2.00, 5.70, 25.61, 25.61, 1754.42, 20.00, 4.63, 24.44, 19.99, 0.00, 0.00, 0.00, 0.00, 90.00, 0, 0
2.00, 5.70, 25.29, 25.29, 1319.99, 20.00, 4.63, 23.33, 18.87, 0.00, 0.00, 0.00, 0.00, 90.00, 0, 0
2.00, 5.70, 24.84, 24.84, 683.03, 20.00, 4.63, 21.67, 17.23, 0.00, 0.00, 0.00, 0.00, 90.00, 0, 0
2.00, 5.70, 24.31, 24.31, 26.59, 20.00, 4.63, 20.00, 15.59, 0.00, 0.00, 0.00, 0.00, 90.00, 0, 0
2.00, 5.70, 24.05, 24.05, 165.68, 20.00, 4.63, 20.56, 16.10, 0.00, 9.86, 64.84, -115.34, 83.35, 0, 0
2.00, 5.70, 24.38, 24.38, 863.75, 20.00, 4.63, 21.67, 17.23, 19.12, 49.95, 74.37, -106.39, 72.73, 0, 0
2.00, 5.70, 24.66, 24.66, 1022.38, 20.00, 4.63, 23.33, 18.87, 4.14, 97.83, 83.34, -97.58, 61.61, 0, 0
2.00, 5.70, 24.94, 24.94, 1225.14, 20.00, 4.63, 25.56, 21.12, 0.00, 130.33, 90.00, -90.00, 50.27, 0, 0
2.00, 5.70, 25.23, 25.23, 1426.86, 20.00, 4.63, 27.78, 23.29, 0.00, 155.96, 0.00, -76.83, 39.00, 0, 0
2.00, 5.70, 25.51, 25.51, 1602.98, 20.00, 4.63, 29.44, 24.94, 0.00, 187.83, 0.00, -60.85, 28.38, 0, 0
2.00, 5.70, 25.77, 25.77, 1728.19, 20.00, 4.63, 30.56, 25.97, 0.00, 211.10, 0.00, -33.74, 19.93, 0, 0
2.00, 5.70, 26.01, 26.01, 1838.43, 20.00, 4.63, 31.67, 26.99, 0.00, 207.87, 0.00, 9.51, 17.43, 0, 0
2.00, 5.70, 25.00, 25.00, 1752.56, 20.00, 4.63, 32.22, 27.62, 0.00, 196.10, 0.00, 46.89, 22.97, 0, 0
2.00, 5.70, 25.00, 25.00, 1756.15, 20.00, 4.63, 32.22, 27.62, 0.00, 175.09, 0.00, 68.31, 32.62, 0, 0
2.00, 5.70, 25.00, 25.00, 1784.55, 20.00, 4.63, 32.78, 28.13, 0.00, 142.00, 0.00, 81.86, 43.61, 0, 0
2.00, 5.70, 25.00, 25.00, 1787.70, 20.00, 4.63, 32.22, 27.62, 0.00, 114.12, 0.00, 90.00, 54.96, 0, 0
2.00, 5.70, 25.00, 25.00, 1952.25, 20.00, 4.63, 31.67, 27.10, 81.79, 78.00, 79.73, 101.24, 66.24, 0, 0
2.00, 5.70, 25.00, 25.00, 1918.84, 20.00, 4.63, 30.56, 26.07, 126.44, 36.98, 70.49, 110.03, 77.19, 0, 0
2.00, 5.70, 25.00, 25.00, 1765.63, 20.00, 4.63, 29.44, 24.94, 0.00, 11.50, 60.83, 119.20, 87.52, 0, 0
2.00, 5.70, 25.00, 25.00, 1680.35, 20.00, 4.63, 27.78, 23.29, 0.00, 0.00, 0.00, 0.00, 90.00, 0, 0
2.00, 5.70, 25.39, 25.39, 1534.96, 20.00, 4.63, 26.67, 22.16, 0.00, 0.00, 0.00, 0.00, 90.00, 0, 0
2.00, 5.70, 25.56, 25.56, 2188.22, 20.00, 4.63, 25.56, 21.03, 0.00, 0.00, 0.00, 0.00, 90.00, 0, 0
2.00, 5.70, 25.43, 25.43, 1595.37, 20.00, 4.63, 23.89, 19.38, 0.00, 0.00, 0.00, 0.00, 90.00, 0, 0
2.00, 5.70, 25.18, 25.18, 1164.76, 20.00, 4.63, 22.78, 18.26, 0.00, 0.00, 0.00, 0.00, 90.00, 0, 0
2.00, 5.70, 24.86, 24.86, 722.87, 20.00, 4.63, 21.67, 17.13, 0.00, 0.00, 0.00, 0.00, 90.00, 0, 0
2.00, 5.70, 24.49, 24.49, 272.08, 20.00, 4.63, 20.56, 16.01, 0.00, 0.00, 0.00, 0.00, 90.00, 0, 0
2.00, 5.70, 24.07, 24.07, -186.21, 20.00, 4.63, 19.44, 14.89, 0.00, 0.00, 0.00, 0.00, 90.00, 0, 0
2.00, 5.70, 23.55, 23.55, -851.29, 20.00, 4.63, 17.78, 13.35, 0.00, 0.00, 0.00, 0.00, 90.00, 0, 0
2.00, 5.70, 23.36, 23.36, -492.80, 20.00, 4.63, 18.89, 14.47, 0.00, 27.93, 64.80, -115.38, 83.38, 0, 0
2.00, 5.70, 23.94, 23.94, 838.37, 20.00, 4.63, 21.11, 16.71, 95.68, 51.46, 74.33, -106.43, 72.77, 0, 0
2.00, 5.70, 24.41, 24.41, 1043.43, 20.00, 4.63, 23.89, 19.48, 15.60, 83.78, 83.30, -97.61, 61.65, 0, 0
2.00, 5.70, 24.80, 24.80, 1223.95, 20.00, 4.63, 25.56, 21.12, 0.00, 118.54, 90.00, -90.00, 50.30, 0, 0
2.00, 5.70, 25.15, 25.15, 1410.17, 20.00, 4.63, 27.22, 22.77, 0.00, 150.62, 0.00, -76.89, 39.04, 0, 0
2.00, 5.70, 25.48, 25.48, 1594.77, 20.00, 4.63, 28.89, 24.42, 0.00, 185.73, 0.00, -60.93, 28.42, 0, 0
2.00, 5.70, 25.79, 25.79, 1735.08, 20.00, 4.63, 30.00, 25.55, 0.00, 197.33, 0.00, -33.87, 19.95, 0, 0
2.00, 5.70, 26.06, 26.06, 1844.19, 20.00, 4.63, 31.11, 26.59, 0.00, 197.23, 0.00, 9.35, 17.42, 0, 0
2.00, 5.70, 25.00, 25.00, 1750.72, 20.00, 4.63, 31.67, 27.21, 0.00, 196.14, 0.00, 46.80, 22.94, 0, 0
2.00, 5.70, 25.00, 25.00, 1746.55, 20.00, 4.63, 31.67, 27.21, 0.00, 177.57, 0.00, 68.25, 32.58, 0, 0
2.00, 5.70, 25.00, 25.00, 1731.87, 20.00, 4.63, 31.67, 27.21, 0.00, 143.05, 0.00, 81.82, 43.57, 0, 0
2.00, 5.70, 25.00, 25.00, 1710.20, 20.00, 4.63, 30.56, 26.17, 0.00, 112.43, 0.00, 90.00, 54.91, 0, 0
2.00, 5.70, 25.00, 25.00, 1837.64, 20.00, 4.63, 29.44, 25.04, 64.64, 73.73, 79.76, 101.21, 66.20, 0, 0
2.00, 5.70, 25.00, 25.00, 1835.88, 20.00, 4.63, 28.33, 24.00, 150.44, 36.97, 70.52, 110.00, 77.14, 0, 0
2.00, 5.70, 25.00, 25.00, 1669.83, 20.00, 4.63, 27.22, 22.96, 0.00, 16.43, 60.86, 119.17, 87.48, 0, 0
2.00, 5.70, 25.00, 25.00, 1624.17, 20.00, 4.63, 26.67, 22.35, 0.00, 0.00, 0.00, 0.00, 90.00, 0, 0
2.00, 5.70, 25.39, 25.39, 1480.52, 20.00, 4.63, 25.56, 21.31, 0.00, 0.00, 0.00, 0.00, 90.00, 0, 0
2.00, 5.70, 25.51, 25.51, 1994.41, 20.00, 4.63, 25.00, 20.70, 0.00, 0.00, 0.00, 0.00, 90.00, 0, 0
2.00, 5.70, 25.42, 25.42, 1587.33, 20.00, 4.63, 23.89, 19.66, 0.00, 0.00, 0.00, 0.00, 90.00, 0, 0
2.00, 5.70, 25.35, 25.35, 1548.65, 20.00, 4.63, 23.89, 19.57, 0.00, 0.00, 0.00, 0.00, 90.00, 0, 0
2.00, 5.70, 25.23, 25.23, 1324.79, 20.00, 4.63, 23.33, 19.05, 0.00, 0.00, 0.00, 0.00, 90.00, 0, 0
2.00, 5.70, 25.15, 25.15, 1290.30, 20.00, 4.63, 23.33, 19.05, 0.00, 0.00, 0.00, 0.00, 90.00, 0, 0
2.00, 5.70, 25.01, 25.01, 1068.75, 20.00, 4.63, 22.78, 18.44, 0.00, 0.00, 0.00, 0.00, 90.00, 0, 0
2.00, 5.70, 24.83, 24.83, 842.16, 20.00, 4.63, 22.22, 18.01, 0.00, 0.00, 0.00, 0.00, 90.00, 0, 0
2.00, 5.70, 24.87, 24.87, 1218.70, 20.00, 4.63, 23.33, 19.14, 0.00, 16.43, 64.77, -115.41, 83.42, 0, 0
2.00, 5.70, 25.13, 25.13, 1053.64, 20.00, 4.63, 23.89, 19.74, 0.00, 31.22, 74.30, -106.46, 72.81, 0, 0
2.00, 5.70, 25.33, 25.33, 1106.18, 20.00, 4.63, 24.44, 20.26, 0.00, 34.50, 83.27, -97.65, 61.69, 0, 0
2.00, 5.70, 25.51, 25.51, 1204.99, 20.00, 4.63, 25.00, 20.87, 0.00, 86.33, 90.00, -90.00, 50.35, 0, 0
2.00, 5.70, 25.68, 25.68, 1305.92, 20.00, 4.63, 26.11, 22.00, 0.00, 108.46, 0.00, -76.93, 39.08, 0, 0
2.00, 5.70, 25.81, 25.81, 1317.00, 20.00, 4.63, 26.11, 22.00, 0.00, 91.43, 0.00, -61.00, 28.45, 0, 0
2.00, 5.70, 25.92, 25.92, 1328.61, 20.00, 4.63, 26.11, 22.00, 0.00, 84.25, 0.00, -34.00, 19.97, 0, 0
2.00, 5.70, 26.04, 26.04, 1416.12, 20.00, 4.63, 26.67, 22.52, 0.00, 127.92, 0.00, 9.18, 17.41, 0, 0
2.00, 5.70, 25.00, 25.00, 1308.22, 20.00, 4.63, 27.22, 23.05, 0.00, 131.02, 0.00, 46.69, 22.91, 0, 0
2.00, 5.70, 25.00, 25.00, 1307.03, 20.00, 4.63, 27.22, 23.05, 0.00, 120.60, 0.00, 68.19, 32.54, 0, 0
2.00, 5.70, 25.00, 25.00, 1346.37, 20.00, 4.63, 27.78, 23.57, 0.00, 126.81, 0.00, 81.78, 43.53, 0, 0
2.00, 5.70, 25.00, 25.00, 1397.30, 20.00, 4.63, 27.78, 23.57, 0.00, 92.03, 0.00, 90.00, 54.87, 0, 0
2.00, 5.70, 25.00, 25.00, 1518.13, 20.00, 4.63, 27.22, 23.13, 0.91, 26.91, 79.79, 101.18, 66.16, 0, 0
2.00, 5.70, 25.00, 25.00, 1494.15, 20.00, 4.63, 26.67, 22.52, 0.00, 11.50, 70.56, 109.97, 77.11, 0, 0
2.00, 5.70, 25.00, 25.00, 1471.55, 20.00, 4.63, 26.11, 22.00, 0.00, 3.29, 60.90, 119.14, 87.45, 0, 0
2.00, 5.70, 25.00, 25.00, 1451.65, 20.00, 4.63, 25.56, 21.48, 0.00, 0.00, 0.00, 0.00, 90.00, 0, 0
2.00, 5.70, 25.37, 25.37, 1340.88, 20.00, 4.63, 25.00, 20.95, 0.00, 0.00, 0.00, 0.00, 90.00, 0, 0
2.00, 5.70, 25.41, 25.41, 1697.48, 20.00, 4.63, 24.44, 20.35, 0.00, 0.00, 0.00, 0.00, 90.00, 0, 0
2.00, 5.70, 25.35, 25.35, 1482.20, 20.00, 4.63, 23.89, 19.82, 0.00, 0.00, 0.00, 0.00, 90.00, 0, 0
2.00, 5.70, 25.31, 25.31, 1453.89, 20.00, 4.63, 23.89, 19.74, 0.00, 0.00, 0.00, 0.00, 90.00, 0, 0
2.00, 5.70, 25.20, 25.20, 1238.09, 20.00, 4.63, 23.33, 19.22, 0.00, 0.00, 0.00, 0.00, 90.00, 0, 0
2.00, 5.70, 25.04, 25.04, 1016.43, 20.00, 4.63, 22.78, 18.70, 0.00, 0.00, 0.00, 0.00, 90.00, 0, 0
2.00, 5.70, 24.94, 24.94, 985.04, 20.00, 4.63, 22.78, 18.70, 0.00, 0.00, 0.00, 0.00, 90.00, 0, 0
2.00, 5.70, 24.78, 24.78, 765.86, 20.00, 4.63, 22.22, 18.17, 0.00, 0.00, 0.00, 0.00, 90.00, 0, 0
2.00, 5.70, 24.71, 24.71, 826.02, 20.00, 4.63, 22.22, 18.17, 0.00, 3.29, 64.74, -115.44, 83.47, 0, 0
2.00, 5.70, 25.04, 25.04, 1040.31, 20.00, 4.63, 23.33, 19.30, 2.77, 38.84, 74.27, -106.48, 72.85, 0, 0
2.00, 5.70, 25.29, 25.29, 1115.63, 20.00, 4.63, 23.89, 19.90, 0.11, 48.09, 83.25, -97.67, 61.74, 0, 0
2.00, 5.70, 25.49, 25.49, 1178.00, 20.00, 4.63, 24.44, 20.43, 0.00, 50.93, 90.00, -90.00, 50.39, 0, 0
2.00, 5.70, 25.68, 25.68, 1277.53, 20.00, 4.63, 25.00, 20.95, 0.00, 93.99, 0.00, -76.97, 39.12, 0, 0
2.00, 5.70, 25.88, 25.88, 1425.45, 20.00, 4.63, 26.11, 22.00, 0.00, 151.54, 0.00, -61.06, 28.50, 0, 0
2.00, 5.70, 26.10, 26.10, 1593.67, 20.00, 4.63, 27.78, 23.66, 0.00, 187.33, 0.00, -34.12, 20.00, 0, 0
2.00, 5.70, 26.30, 26.30, 1663.80, 20.00, 4.63, 28.33, 24.18, 0.00, 181.33, 0.00, 9.01, 17.42, 0, 0
2.00, 5.70, 25.00, 25.00, 1441.23, 20.00, 4.63, 28.89, 24.70, 0.00, 128.69, 0.00, 46.57, 22.89, 0, 0
2.00, 5.70, 25.00, 25.00, 1454.20, 20.00, 4.63, 28.89, 24.61, 0.00, 134.41, 0.00, 68.12, 32.51, 0, 0
2.00, 5.70, 25.00, 25.00, 1458.33, 20.00, 4.63, 28.89, 24.61, 0.00, 129.75, 0.00, 81.72, 43.49, 0, 0
2.00, 5.70, 25.00, 25.00, 1523.17, 20.00, 4.63, 28.89, 24.61, 0.00, 107.00, 0.00, 90.00, 54.84, 0, 0
2.00, 5.70, 25.00, 25.00, 1708.69, 20.00, 4.63, 28.89, 24.61, 8.57, 75.71, 79.83, 101.14, 66.12, 0, 0
2.00, 5.70, 25.00, 25.00, 1675.30, 20.00, 4.63, 28.33, 24.09, 13.62, 35.75, 70.60, 109.93, 77.07, 0, 0
2.00, 5.70, 25.00, 25.00, 1605.42, 20.00, 4.63, 27.22, 22.96, 0.00, 8.22, 60.94, 119.09, 87.42, 0, 0
2.00, 5.70, 25.00, 25.00, 1557.02, 20.00, 4.63, 26.11, 21.83, 0.00, 0.00, 0.00, 0.00, 90.00, 0, 0
2.00, 5.70, 25.41, 25.41, 1377.26, 20.00, 4.63, 25.00, 20.70, 0.00, 0.00, 0.00, 0.00, 90.00, 0, 0
2.00, 5.70, 25.38, 25.38, 1537.65, 20.00, 4.63, 23.89, 19.57, 0.00, 0.00, 0.00, 0.00, 90.00, 0, 0
2.00, 5.70, 25.20, 25.20, 1115.63, 20.00, 4.63, 22.78, 18.44, 0.00, 0.00, 0.00, 0.00, 90.00, 0, 0
2.00, 5.70, 24.92, 24.92, 679.71, 20.00, 4.63, 21.67, 17.32, 0.00, 0.00, 0.00, 0.00, 90.00, 0, 0
2.00, 5.70, 24.56, 24.56, 233.21, 20.00, 4.63, 20.56, 16.19, 0.00, 0.00, 0.00, 0.00, 90.00, 0, 0
2.00, 5.70, 24.16, 24.16, -221.78, 20.00, 4.63, 19.44, 15.07, 0.00, 0.00, 0.00, 0.00, 90.00, 0, 0
2.00, 5.70, 23.73, 23.73, -684.03, 20.00, 4.63, 18.33, 13.95, 0.00, 0.00, 0.00, 0.00, 90.00, 0, 0
2.00, 5.70, 23.18, 23.18, -1354.53, 20.00, 4.63, 16.67, 12.32, 0.00, 0.00, 0.00, 0.00, 90.00, 0, 0
2.00, 5.70, 22.92, 22.92, -1130.24, 20.00, 4.63, 17.22, 12.83, 0.00, 13.14, 64.72, -115.46, 83.51, 0, 0
2.00, 5.70, 23.58, 23.58, 620.15, 20.00, 4.63, 18.89, 14.47, 17.66, 51.59, 74.25, -106.50, 72.90, 0, 0
2.00, 5.70, 24.09, 24.09, 812.80, 20.00, 4.63, 20.56, 16.19, 2.55, 93.63, 83.23, -97.69, 61.79, 0, 0
2.00, 5.70, 24.52, 24.52, 1025.78, 20.00, 4.63, 22.22, 17.84, 0.00, 133.53, 90.00, -90.00, 50.44, 0, 0
2.00, 5.70, 24.92, 24.92, 1259.23, 20.00, 4.63, 24.44, 20.09, 0.00, 161.66, 0.00, -77.00, 39.17, 0, 0
2.00, 5.70, 25.30, 25.30, 1487.05, 20.00, 4.63, 26.67, 22.25, 0.00, 188.39, 0.00, -61.11, 28.54, 0, 0
2.00, 5.70, 25.65, 25.65, 1676.43, 20.00, 4.63, 28.33, 23.80, 0.00, 194.51, 0.00, -34.23, 20.04, 0, 0
2.00, 5.70, 25.98, 25.98, 1830.03, 20.00, 4.63, 30.00, 25.45, 0.00, 187.92, 0.00, 8.84, 17.42, 0, 0
2.00, 5.70, 25.00, 25.00, 1722.98, 20.00, 4.63, 30.56, 25.97, 0.00, 190.83, 0.00, 46.45, 22.87, 0, 0
2.00, 5.70, 25.00, 25.00, 1749.71, 20.00, 4.63, 31.11, 26.59, 0.00, 168.26, 0.00, 68.04, 32.48, 0, 0
2.00, 5.70, 25.00, 25.00, 1735.87, 20.00, 4.63, 31.11, 26.59, 0.00, 142.42, 0.00, 81.66, 43.46, 0, 0
2.00, 5.70, 25.00, 25.00, 1770.58, 20.00, 4.63, 31.11, 26.59, 0.00, 103.04, 0.00, 90.00, 54.80, 0, 0
2.00, 5.70, 25.00, 25.00, 1929.60, 20.00, 4.63, 30.00, 25.45, 112.95, 71.24, 79.87, 101.09, 66.09, 0, 0
2.00, 5.70, 25.00, 25.00, 1875.62, 20.00, 4.63, 28.33, 23.90, 152.66, 37.45, 70.64, 109.88, 77.04, 0, 0
2.00, 5.70, 25.00, 25.00, 1703.96, 20.00, 4.63, 27.22, 22.77, 0.00, 11.50, 60.98, 119.05, 87.39, 0, 0
2.00, 5.70, 25.00, 25.00, 1639.72, 20.00, 4.63, 26.11, 21.64, 0.00, 0.00, 0.00, 0.00, 90.00, 0, 0
2.00, 5.70, 25.38, 25.38, 1423.27, 20.00, 4.63, 24.44, 19.99, 0.00, 0.00, 0.00, 0.00, 90.00, 0, 0
2.00, 5.70, 25.28, 25.28, 1406.35, 20.00, 4.63, 23.33, 18.87, 0.00, 0.00, 0.00, 0.00, 90.00, 0, 0
2.00, 5.70, 25.04, 25.04, 967.91, 20.00, 4.63, 22.22, 17.74, 0.00, 0.00, 0.00, 0.00, 90.00, 0, 0
2.00, 5.70, 24.72, 24.72, 519.35, 20.00, 4.63, 21.11, 16.62, 0.00, 0.00, 0.00, 0.00, 90.00, 0, 0
2.00, 5.70, 24.34, 24.34, 62.68, 20.00, 4.63, 20.00, 15.50, 0.00, 0.00, 0.00, 0.00, 90.00, 0, 0
2.00, 5.70, 24.00, 24.00, -202.01, 20.00, 4.63, 19.44, 14.98, 0.00, 0.00, 0.00, 0.00, 90.00, 0, 0
2.00, 5.70, 23.60, 23.60, -660.90, 20.00, 4.63, 18.33, 13.86, 0.00, 0.00, 0.00, 0.00, 90.00, 0, 0
2.00, 5.70, 23.24, 23.24, -927.43, 20.00, 4.63, 17.78, 13.26, 0.00, 0.00, 0.00, 0.00, 90.00, 0, 0
2.00, 5.70, 23.16, 23.16, -544.14, 20.00, 4.63, 18.89, 14.47, 0.00, 34.50, 64.70, -115.48, 83.57, 0, 0
2.00, 5.70, 23.78, 23.78, 797.21, 20.00, 4.63, 21.11, 16.62, 108.27, 45.41, 74.23, -106.51, 72.95, 0, 0
2.00, 5.70, 24.27, 24.27, 971.69, 20.00, 4.63, 23.33, 18.87, 17.00, 74.37, 83.22, -97.70, 61.84, 0, 0
2.00, 5.70, 24.68, 24.68, 1182.61, 20.00, 4.63, 25.56, 21.03, 0.00, 99.85, 90.00, -90.00, 50.50, 0, 0
2.00, 5.70, 25.06, 25.06, 1379.78, 20.00, 4.63, 27.22, 22.67, 0.00, 126.78, 0.00, -77.01, 39.23, 0, 0
2.00, 5.70, 25.42, 25.42, 1599.28, 20.00, 4.63, 29.44, 24.83, 0.00, 148.28, 0.00, -61.15, 28.60, 0, 0
2.00, 5.70, 25.76, 25.76, 1756.87, 20.00, 4.63, 30.56, 25.97, 0.00, 160.85, 0.00, -34.33, 20.08, 0, 0
2.00, 5.70, 26.05, 26.05, 1875.39, 20.00, 4.63, 31.67, 26.99, 0.00, 164.59, 0.00, 8.66, 17.44, 0, 0
2.00, 5.70, 25.00, 25.00, 1798.88, 20.00, 4.63, 32.78, 28.02, 0.00, 158.65, 0.00, 46.31, 22.86, 0, 0
2.00, 5.70, 25.00, 25.00, 1806.61, 20.00, 4.63, 32.78, 28.02, 0.00, 147.28, 0.00, 67.94, 32.46, 0, 0
2.00, 5.70, 25.00, 25.00, 1791.72, 20.00, 4.63, 32.78, 28.02, 0.00, 125.13, 0.00, 81.60, 43.43, 0, 0
2.00, 5.70, 25.00, 25.00, 1799.19, 20.00, 4.63, 32.22, 27.50, 0.00, 104.74, 0.00, 90.00, 54.77, 0, 0
2.00, 5.70, 25.00, 25.00, 1949.53, 20.00, 4.63, 31.67, 26.99, 83.70, 74.37, 79.92, 101.04, 66.06, 0, 0
2.00, 5.70, 25.00, 25.00, 1903.09, 20.00, 4.63, 30.00, 25.34, 137.68, 39.71, 70.69, 109.83, 77.02, 0, 0
2.00, 5.70, 25.00, 25.00, 1745.18, 20.00, 4.63, 28.89, 24.21, 0.00, 18.07, 61.04, 119.00, 87.37, 0, 0
2.00, 5.70, 25.00, 25.00, 1652.48, 20.00, 4.63, 27.22, 22.56, 0.00, 0.00, 0.00, 0.00, 90.00, 0, 0
2.00, 5.70, 25.41, 25.41, 1513.44, 20.00, 4.63, 26.11, 21.43, 0.00, 0.00, 0.00, 0.00, 90.00, 0, 0
2.00, 5.70, 25.45, 25.45, 1812.32, 20.00, 4.63, 24.44, 19.79, 0.00, 0.00, 0.00, 0.00, 90.00, 0, 0
2.00, 5.70, 25.30, 25.30, 1394.32, 20.00, 4.63, 23.33, 18.56, 0.00, 0.00, 0.00, 0.00, 90.00, 0, 0
2.00, 5.70, 24.97, 24.97, 765.86, 20.00, 4.63, 21.67, 16.93, 0.00, 0.00, 0.00, 0.00, 90.00, 0, 0
2.00, 5.70, 24.59, 24.59, 310.55, 20.00, 4.63, 20.56, 15.81, 0.00, 0.00, 0.00, 0.00, 90.00, 0, 0
2.00, 5.70, 24.09, 24.09, -349.63, 20.00, 4.63, 18.89, 14.18, 0.00, 0.00, 0.00, 0.00, 90.00, 0, 0
2.00, 5.70, 23.51, 23.51, -1028.52, 20.00, 4.63, 17.22, 12.55, 0.00, 0.00, 0.00, 0.00, 90.00, 0, 0
2.00, 5.70, 22.95, 22.95, -1520.08, 20.00, 4.63, 16.11, 11.44, 0.00, 0.00, 0.00, 0.00, 90.00, 0, 0
2.00, 5.70, 22.65, 22.65, -1372.08, 20.00, 4.63, 16.67, 11.94, 0.00, 19.72, 64.68, -115.49, 83.62, 0, 0
2.00, 5.70, 23.30, 23.30, 502.69, 20.00, 4.63, 17.78, 13.06, 17.81, 53.32, 74.22, -106.52, 73.01, 0, 0
2.00, 5.70, 23.81, 23.81, 728.94, 20.00, 4.63, 20.00, 15.30, 7.08, 94.44, 83.21, -97.70, 61.90, 0, 0
2.00, 5.70, 24.24, 24.24, 920.86, 20.00, 4.63, 21.67, 16.93, 0.00, 134.66, 90.00, -90.00, 50.56, 0, 0
2.00, 5.70, 24.60, 24.60, 1098.22, 20.00, 4.63, 23.33, 18.56, 0.00, 169.29, 0.00, -77.02, 39.29, 0, 0
2.00, 5.70, 24.93, 24.93, 1252.93, 20.00, 4.63, 24.44, 19.69, 0.00, 198.75, 0.00, -61.17, 28.65, 0, 0
2.00, 5.70, 25.22, 25.22, 1387.55, 20.00, 4.63, 25.56, 20.70, 0.00, 224.25, 0.00, -34.41, 20.13, 0, 0
2.00, 5.70, 25.46, 25.46, 1469.17, 20.00, 4.63, 26.11, 21.32, 0.00, 222.61, 0.00, 8.49, 17.46, 0, 0
2.00, 5.70, 25.00, 25.00, 1433.20, 20.00, 4.63, 26.67, 21.83, 0.00, 207.35, 0.00, 46.16, 22.85, 0, 0
2.00, 5.70, 25.00, 25.00, 1436.72, 20.00, 4.63, 26.67, 21.83, 0.00, 189.71, 0.00, 67.84, 32.44, 0, 0
2.00, 5.70, 25.00, 25.00, 1466.13, 20.00, 4.63, 27.22, 22.34, 0.00, 158.80, 0.00, 81.52, 43.41, 0, 0
2.00, 5.70, 25.00, 25.00, 1459.62, 20.00, 4.63, 26.67, 21.83, 0.00, 119.40, 0.00, 90.00, 54.75, 0, 0
2.00, 5.70, 25.00, 25.00, 1560.03, 20.00, 4.63, 25.56, 20.81, 13.70, 76.08, 79.98, 100.98, 66.04, 0, 0
2.00, 5.70, 25.00, 25.00, 1483.48, 20.00, 4.63, 24.44, 19.69, 12.48, 34.37, 70.75, 109.78, 77.00, 0, 0
2.00, 5.70, 25.00, 25.00, 1378.02, 20.00, 4.63, 22.78, 18.05, 0.00, 6.57, 61.09, 118.94, 87.35, 0, 0
2.00, 5.70, 25.00, 25.00, 1317.47, 20.00, 4.63, 21.67, 16.93, 0.00, 0.00, 0.00, 0.00, 90.00, 0, 0
2.00, 5.70, 25.22, 25.22, 1149.15, 20.00, 4.63, 20.56, 15.81, 0.00, 0.00, 0.00, 0.00, 90.00, 0, 0
2.00, 5.70, 24.47, 24.47, -262.45, 20.00, 4.63, 18.89, 14.18, 0.00, 0.00, 0.00, 0.00, 90.00, 0, 0
2.00, 5.70, 23.81, 23.81, -776.64, 20.00, 4.63, 17.78, 13.06, 0.00, 0.00, 0.00, 0.00, 90.00, 0, 0
2.00, 5.70, 23.21, 23.21, -1280.58, 20.00, 4.63, 16.67, 11.94, 0.00, 0.00, 0.00, 0.00, 90.00, 0, 0
2.00, 5.70, 22.71, 22.71, -1577.24, 20.00, 4.63, 16.11, 11.34, 0.00, 0.00, 0.00, 0.00, 90.00, 0, 0
2.00, 5.70, 22.19, 22.19, -2065.57, 20.00, 4.63, 15.00, 10.22, 0.00, 0.00, 0.00, 0.00, 90.00, 0, 0
2.00, 5.70, 21.65, 21.65, -2558.17, 20.00, 4.63, 13.89, 9.21, 0.00, 0.00, 0.00, 0.00, 90.00, 0, 0
2.00, 5.70, 21.10, 21.10, -3055.34, 20.00, 4.63, 12.78, 8.10, 0.00, 0.00, 0.00, 0.00, 90.00, 0, 0
2.00, 5.70, 20.97, 20.97, -2472.79, 20.00, 4.63, 14.44, 9.72, 0.00, 36.15, 64.67, -115.49, 83.68, 0, 0
2.00, 5.70, 21.84, 21.84, 130.19, 20.00, 4.63, 16.11, 11.44, 36.22, 53.79, 74.21, -106.52, 73.07, 0, 0
2.00, 5.70, 22.48, 22.48, 344.05, 20.00, 4.63, 17.78, 13.06, 8.51, 92.41, 83.21, -97.70, 61.96, 0, 0
2.00, 5.70, 23.01, 23.01, 580.59, 20.00, 4.63, 20.00, 15.30, 0.00, 119.76, 90.00, -90.00, 50.62, 0, 0
2.00, 5.70, 23.47, 23.47, 817.34, 20.00, 4.63, 22.22, 17.44, 0.00, 151.23, 0.00, -77.02, 39.35, 0, 0
2.00, 5.70, 23.88, 23.88, 1025.43, 20.00, 4.63, 23.89, 19.18, 0.00, 171.60, 0.00, -61.19, 28.71, 0, 0
2.00, 5.70, 24.26, 24.26, 1212.88, 20.00, 4.63, 25.56, 20.70, 0.00, 180.70, 0.00, -34.49, 20.19, 0, 0
2.00, 5.70, 24.59, 24.59, 1361.53, 20.00, 4.63, 27.22, 22.34, 0.00, 180.57, 0.00, 8.31, 17.49, 0, 0
2.00, 5.70, 24.88, 24.88, 1470.31, 20.00, 4.63, 27.78, 22.84, 0.00, 169.12, 0.00, 46.00, 22.85, 0, 0
2.00, 5.70, 25.00, 25.00, 1522.90, 20.00, 4.63, 28.33, 23.47, 0.00, 146.34, 0.00, 67.73, 32.43, 0, 0
2.00, 5.70, 25.00, 25.00, 1520.94, 20.00, 4.63, 28.33, 23.47, 0.00, 118.78, 0.00, 81.43, 43.39, 0, 0
2.00, 5.70, 25.00, 25.00, 1523.55, 20.00, 4.63, 27.78, 22.84, 0.00, 88.45, 0.00, 90.00, 54.73, 0, 0
2.00, 5.70, 25.00, 25.00, 1696.86, 20.00, 4.63, 27.22, 22.34, 107.85, 72.33, 80.04, 100.92, 66.02, 0, 0
2.00, 5.70, 25.00, 25.00, 1615.58, 20.00, 4.63, 25.56, 20.70, 118.22, 38.16, 70.81, 109.72, 76.98, 0, 0
2.00, 5.70, 25.00, 25.00, 1438.42, 20.00, 4.63, 23.89, 19.07, 0.00, 9.86, 61.15, 118.88, 87.34, 0, 0
2.00, 5.70, 25.00, 25.00, 1347.00, 20.00, 4.63, 22.22, 17.44, 0.00, 0.00, 0.00, 0.00, 90.00, 0, 0
2.00, 5.70, 25.13, 25.13, 1160.24, 20.00, 4.63, 21.11, 16.20, 0.00, 0.00, 0.00, 0.00, 90.00, 0, 0
2.00, 5.70, 24.40, 24.40, -88.16, 20.00, 4.63, 19.44, 14.58, 0.00, 0.00, 0.00, 0.00, 90.00, 0, 0
2.00, 5.70, 23.68, 23.68, -799.25, 20.00, 4.63, 17.78, 12.96, 0.00, 0.00, 0.00, 0.00, 90.00, 0, 0
2.00, 5.70, 23.04, 23.04, -1310.66, 20.00, 4.63, 16.67, 11.84, 0.00, 0.00, 0.00, 0.00, 90.00, 0, 0
2.00, 5.70, 22.44, 22.44, -1815.07, 20.00, 4.63, 15.56, 10.73, 0.00, 0.00, 0.00, 0.00, 90.00, 0, 0
2.00, 5.70, 21.85, 21.85, -2317.07, 20.00, 4.63, 14.44, 9.62, 0.00, 0.00, 0.00, 0.00, 90.00, 0, 0
2.00, 5.70, 21.27, 21.27, -2819.42, 20.00, 4.63, 13.33, 8.51, 0.00, 0.00, 0.00, 0.00, 90.00, 0, 0
2.00, 5.70, 20.69, 20.69, -3323.80, 20.00, 4.63, 12.22, 7.40, 0.00, 0.00, 0.00, 0.00, 90.00, 0, 0
2.00, 5.70, 20.54, 20.54, -2744.37, 20.00, 4.63, 13.89, 9.01, 0.00, 34.50, 64.67, -115.49, 83.75, 0, 0
2.00, 5.70, 21.44, 21.44, 108.03, 20.00, 4.63, 16.11, 11.23, 95.35, 45.81, 74.21, -106.52, 73.14, 0, 0
2.00, 5.70, 22.11, 22.11, 315.90, 20.00, 4.63, 18.33, 13.46, 14.88, 74.64, 83.21, -97.69, 62.03, 0, 0
2.00, 5.70, 22.65, 22.65, 525.18, 20.00, 4.63, 20.00, 15.08, 0.00, 108.00, 90.00, -90.00, 50.68, 0, 0
2.00, 5.70, 23.11, 23.11, 760.71, 20.00, 4.63, 22.22, 17.32, 0.00, 146.36, 0.00, -77.01, 39.41, 0, 0
2.00, 5.70, 23.52, 23.52, 966.70, 20.00, 4.63, 23.89, 18.95, 0.00, 167.80, 0.00, -61.19, 28.78, 0, 0
2.00, 5.70, 23.89, 23.89, 1151.80, 20.00, 4.63, 25.56, 20.58, 0.00, 181.83, 0.00, -34.56, 20.25, 0, 0
2.00, 5.70, 24.22, 24.22, 1274.14, 20.00, 4.63, 26.67, 21.58, 0.00, 184.05, 0.00, 8.13, 17.53, 0, 0
2.00, 5.70, 24.51, 24.51, 1392.92, 20.00, 4.63, 27.22, 22.08, 0.00, 182.27, 0.00, 45.84, 22.86, 0, 0
2.00, 5.70, 24.75, 24.75, 1457.43, 20.00, 4.63, 27.78, 22.71, 0.00, 160.19, 0.00, 67.61, 32.42, 0, 0
2.00, 5.70, 24.94, 24.94, 1468.13, 20.00, 4.63, 27.78, 22.71, 0.00, 132.43, 0.00, 81.34, 43.37, 0, 0
2.00, 5.70, 25.00, 25.00, 1476.78, 20.00, 4.63, 27.22, 22.21, 0.00, 108.67, 0.00, 90.00, 54.71, 0, 0
2.00, 5.70, 25.00, 25.00, 1582.12, 20.00, 4.63, 25.56, 20.58, 63.88, 77.18, 80.10, 100.85, 66.01, 0, 0
2.00, 5.70, 25.00, 25.00, 1490.94, 20.00, 4.63, 23.89, 18.95, 71.32, 37.83, 70.87, 109.65, 76.97, 0, 0
2.00, 5.70, 25.00, 25.00, 1368.38, 20.00, 4.63, 22.78, 17.82, 0.00, 9.86, 61.22, 118.82, 87.34, 0, 0
2.00, 5.70, 25.00, 25.00, 1277.71, 20.00, 4.63, 21.11, 16.20, 0.00, 0.00, 0.00, 0.00, 90.00, 0, 0
2.00, 5.70, 25.01, 25.01, 1047.49, 20.00, 4.63, 19.44, 14.46, 0.00, 0.00, 0.00, 0.00, 90.00, 0, 0
2.00, 5.70, 24.10, 24.10, -529.56, 20.00, 4.63, 18.33, 13.34, 0.00, 0.00, 0.00, 0.00, 90.00, 0, 0
2.00, 5.70, 23.26, 23.26, -1263.89, 20.00, 4.63, 16.67, 11.61, 0.00, 0.00, 0.00, 0.00, 90.00, 0, 0
2.00, 5.70, 22.54, 22.54, -1790.79, 20.00, 4.63, 15.56, 10.62, 0.00, 0.00, 0.00, 0.00, 90.00, 0, 0
2.00, 5.70, 21.88, 21.88, -2307.01, 20.00, 4.63, 14.44, 9.51, 0.00, 0.00, 0.00, 0.00, 90.00, 0, 0
2.00, 5.70, 21.26, 21.26, -2818.54, 20.00, 4.63, 13.33, 8.40, 0.00, 0.00, 0.00, 0.00, 90.00, 0, 0
2.00, 5.70, 20.65, 20.65, -3328.98, 20.00, 4.63, 12.22, 7.29, 0.00, 0.00, 0.00, 0.00, 90.00, 0, 0
2.00, 5.70, 20.04, 20.04, -3840.55, 20.00, 4.63, 11.11, 6.19, 0.00, 0.00, 0.00, 0.00, 90.00, 0, 0
2.00, 5.70, 19.79, 19.79, -3463.25, 20.00, 4.63, 12.22, 7.29, 0.00, 37.79, 64.67, -115.49, 83.82, 0, 0
2.00, 5.70, 20.77, 20.77, -58.61, 20.00, 4.63, 15.00, 10.00, 110.33, 44.63, 74.22, -106.51, 73.21, 0, 0
2.00, 5.70, 21.49, 21.49, 154.97, 20.00, 4.63, 17.22, 12.23, 17.54, 73.11, 83.22, -97.68, 62.10, 0, 0
2.00, 5.70, 22.07, 22.07, 394.23, 20.00, 4.63, 19.44, 14.46, 0.00, 98.78, 90.00, -90.00, 50.75, 0, 0
2.00, 5.70, 22.57, 22.57, 638.39, 20.00, 4.63, 21.67, 16.70, 0.00, 126.35, 0.00, -76.99, 39.48, 0, 0
2.00, 5.70, 23.01, 23.01, 852.20, 20.00, 4.63, 23.33, 18.45, 0.00, 148.47, 0.00, -61.19, 28.85, 0, 0
2.00, 5.70, 23.40, 23.40, 1042.19, 20.00, 4.63, 25.00, 19.95, 0.00, 159.71, 0.00, -34.61, 20.31, 0, 0
2.00, 5.70, 23.73, 23.73, 1164.84, 20.00, 4.63, 26.11, 21.08, 0.00, 164.78, 0.00, 7.96, 17.58, 0, 0
2.00, 5.70, 24.05, 24.05, 1317.99, 20.00, 4.63, 27.22, 22.21, 0.00, 164.99, 0.00, 45.66, 22.87, 0, 0
2.00, 5.70, 24.30, 24.30, 1366.74, 20.00, 4.63, 27.22, 22.21, 0.00, 150.97, 0.00, 67.48, 32.41, 0, 0
2.00, 5.70, 24.50, 24.50, 1382.76, 20.00, 4.63, 27.22, 22.21, 0.00, 124.96, 0.00, 81.24, 43.36, 0, 0
2.00, 5.70, 24.67, 24.67, 1407.00, 20.00, 4.63, 26.67, 21.71, 0.00, 93.60, 0.00, 90.00, 54.70, 0, 0
2.00, 5.70, 24.87, 24.87, 1549.49, 20.00, 4.63, 25.00, 20.08, 117.50, 63.25, 80.17, 100.77, 66.00, 0, 0
2.00, 5.70, 25.00, 25.00, 1542.33, 20.00, 4.63, 23.33, 18.45, 205.99, 33.30, 70.94, 109.58, 76.97, 0, 0
2.00, 5.70, 25.00, 25.00, 1345.25, 20.00, 4.63, 22.22, 17.44, 0.00, 18.07, 61.29, 118.75, 87.34, 0, 0
2.00, 5.70, 25.00, 25.00, 1268.20, 20.00, 4.63, 21.11, 16.31, 0.00, 0.00, 0.00, 0.00, 90.00, 0, 0
2.00, 5.70, 24.94, 24.94, 1053.03, 20.00, 4.63, 20.00, 15.19, 0.00, 0.00, 0.00, 0.00, 90.00, 0, 0
2.00, 5.70, 24.07, 24.07, -353.17, 20.00, 4.63, 18.89, 14.07, 0.00, 0.00, 0.00, 0.00, 90.00, 0, 0
2.00, 5.70, 23.34, 23.34, -878.08, 20.00, 4.63, 17.78, 12.96, 0.00, 0.00, 0.00, 0.00, 90.00, 0, 0
2.00, 5.70, 22.77, 22.77, -1186.46, 20.00, 4.63, 17.22, 12.45, 0.00, 0.00, 0.00, 0.00, 90.00, 0, 0
2.00, 5.70, 22.39, 22.39, -1274.76, 20.00, 4.63, 17.22, 12.34, 0.00, 0.00, 0.00, 0.00, 90.00, 0, 0
2.00, 5.70, 22.03, 22.03, -1543.44, 20.00, 4.63, 16.67, 11.84, 0.00, 0.00, 0.00, 0.00, 90.00, 0, 0
2.00, 5.70, 21.68, 21.68, -1808.28, 20.00, 4.63, 16.11, 11.34, 0.00, 0.00, 0.00, 0.00, 90.00, 0, 0
2.00, 5.70, 21.35, 21.35, -2070.86, 20.00, 4.63, 15.56, 10.83, 0.00, 0.00, 0.00, 0.00, 90.00, 0, 0
2.00, 5.70, 21.31, 21.31, -1611.16, 20.00, 4.63, 16.67, 11.94, 0.00, 21.36, 64.68, -115.48, 83.89, 0, 0
2.00, 5.70, 21.97, 21.97, 301.75, 20.00, 4.63, 18.33, 13.67, 16.15, 54.99, 74.23, -106.49, 73.28, 0, 0
2.00, 5.70, 22.49, 22.49, 503.88, 20.00, 4.63, 20.00, 15.30, 3.17, 99.08, 83.23, -97.66, 62.17, 0, 0
2.00, 5.70, 22.93, 22.93, 710.43, 20.00, 4.63, 21.67, 16.93, 0.00, 137.84, 90.00, -90.00, 50.82, 0, 0
2.00, 5.70, 23.32, 23.32, 911.72, 20.00, 4.63, 23.33, 18.56, 0.00, 167.08, 0.00, -76.97, 39.55, 0, 0
2.00, 5.70, 23.69, 23.69, 1134.88, 20.00, 4.63, 25.56, 20.70, 0.00, 190.79, 0.00, -61.17, 28.92, 0, 0
2.00, 5.70, 24.03, 24.03, 1294.46, 20.00, 4.63, 26.67, 21.83, 0.00, 202.87, 0.00, -34.66, 20.39, 0, 0
2.00, 5.70, 24.33, 24.33, 1413.11, 20.00, 4.63, 27.78, 22.84, 0.00, 202.81, 0.00, 7.78, 17.63, 0, 0
2.00, 5.70, 24.60, 24.60, 1521.06, 20.00, 4.63, 28.89, 23.85, 0.00, 201.00, 0.00, 45.47, 22.89, 0, 0
2.00, 5.70, 24.81, 24.81, 1537.39, 20.00, 4.63, 28.89, 23.85, 0.00, 189.93, 0.00, 67.34, 32.41, 0, 0
2.00, 5.70, 24.98, 24.98, 1548.63, 20.00, 4.63, 28.89, 23.97, 0.00, 149.81, 0.00, 81.13, 43.36, 0, 0
2.00, 5.70, 25.00, 25.00, 1605.52, 20.00, 4.63, 28.89, 23.85, 0.00, 112.65, 0.00, 90.00, 54.70, 0, 0
2.00, 5.70, 25.00, 25.00, 1735.90, 20.00, 4.63, 27.78, 22.84, 50.69, 76.76, 80.24, 100.69, 65.99, 0, 0
2.00, 5.70, 25.00, 25.00, 1658.04, 20.00, 4.63, 26.67, 21.71, 38.99, 36.80, 71.02, 109.50, 76.97, 0, 0
2.00, 5.70, 25.00, 25.00, 1538.19, 20.00, 4.63, 25.00, 20.08, 0.00, 8.22, 61.36, 118.67, 87.34, 0, 0
2.00, 5.70, 25.00, 25.00, 1455.67, 20.00, 4.63, 23.33, 18.45, 0.00, 0.00, 0.00, 0.00, 90.00, 0, 0
2.00, 5.70, 25.05, 25.05, 1210.24, 20.00, 4.63, 22.22, 17.20, 0.00, 0.00, 0.00, 0.00, 90.00, 0, 0
2.00, 5.70, 24.43, 24.43, 297.32, 20.00, 4.63, 20.56, 15.58, 0.00, 0.00, 0.00, 0.00, 90.00, 0, 0
2.00, 5.70, 23.86, 23.86, -200.41, 20.00, 4.63, 19.44, 14.46, 0.00, 0.00, 0.00, 0.00, 90.00, 0, 0
2.00, 5.70, 23.24, 23.24, -890.79, 20.00, 4.63, 17.78, 12.84, 0.00, 0.00, 0.00, 0.00, 90.00, 0, 0
2.00, 5.70, 22.66, 22.66, -1389.32, 20.00, 4.63, 16.67, 11.61, 0.00, 0.00, 0.00, 0.00, 90.00, 0, 0
2.00, 5.70, 22.01, 22.01, -2089.13, 20.00, 4.63, 15.00, 10.00, 0.00, 0.00, 0.00, 0.00, 90.00, 0, 0
2.00, 5.70, 21.40, 21.40, -2596.23, 20.00, 4.63, 13.89, 8.90, 0.00, 0.00, 0.00, 0.00, 90.00, 0, 0
2.00, 5.70, 20.72, 20.72, -3310.34, 20.00, 4.63, 12.22, 7.18, 0.00, 0.00, 0.00, 0.00, 90.00, 0, 0
2.00, 5.70, 20.54, 20.54, -2661.66, 20.00, 4.63, 13.89, 8.78, 0.00, 36.15, 64.69, -115.46, 83.97, 0, 0
2.00, 5.70, 21.40, 21.40, 138.68, 20.00, 4.63, 15.56, 10.50, 63.32, 53.67, 74.24, -106.47, 73.36, 0, 0
2.00, 5.70, 22.05, 22.05, 367.86, 20.00, 4.63, 17.78, 12.72, 13.84, 80.43, 83.25, -97.63, 62.24, 0, 0
2.00, 5.70, 22.58, 22.58, 603.55, 20.00, 4.63, 20.00, 14.96, 0.00, 101.23, 90.00, -90.00, 50.90, 0, 0
2.00, 5.70, 23.05, 23.05, 839.70, 20.00, 4.63, 22.22, 17.07, 0.00, 125.67, 0.00, -76.93, 39.63, 0, 0
2.00, 5.70, 23.46, 23.46, 1050.16, 20.00, 4.63, 23.89, 18.69, 0.00, 147.14, 0.00, -61.14, 29.00, 0, 0
2.00, 5.70, 23.84, 23.84, 1241.02, 20.00, 4.63, 25.56, 20.31, 0.00, 158.71, 0.00, -34.69, 20.47, 0, 0
2.00, 5.70, 24.17, 24.17, 1367.36, 20.00, 4.63, 26.67, 21.44, 0.00, 162.29, 0.00, 7.60, 17.69, 0, 0
2.00, 5.70, 24.47, 24.47, 1489.72, 20.00, 4.63, 27.78, 22.42, 0.00, 155.67, 0.00, 45.28, 22.91, 0, 0
2.00, 5.70, 24.71, 24.71, 1535.73, 20.00, 4.63, 27.78, 22.57, 0.00, 138.02, 0.00, 67.20, 32.42, 0, 0
2.00, 5.70, 24.90, 24.90, 1542.53, 20.00, 4.63, 27.78, 22.57, 0.00, 116.26, 0.00, 81.02, 43.36, 0, 0
2.00, 5.70, 25.00, 25.00, 1559.23, 20.00, 4.63, 27.22, 22.08, 0.00, 100.88, 0.00, 90.00, 54.69, 0, 0
2.00, 5.70, 25.00, 25.00, 1692.31, 20.00, 4.63, 26.11, 20.95, 68.24, 75.99, 80.32, 100.60, 65.99, 0, 0
2.00, 5.70, 25.00, 25.00, 1623.89, 20.00, 4.63, 24.44, 19.32, 97.09, 40.26, 71.10, 109.42, 76.97, 0, 0
2.00, 5.70, 25.00, 25.00, 1464.54, 20.00, 4.63, 22.78, 17.70, 0.00, 14.79, 61.44, 118.59, 87.35, 0, 0
2.00, 5.70, 25.00, 25.00, 1393.67, 20.00, 4.63, 21.67, 16.58, 0.00, 0.00, 0.00, 0.00, 90.00, 0, 0
2.00, 5.70, 25.02, 25.02, 1137.69, 20.00, 4.63, 20.56, 15.45, 0.00, 0.00, 0.00, 0.00, 90.00, 0, 0
2.00, 5.70, 24.16, 24.16, -297.12, 20.00, 4.63, 18.89, 13.84, 0.00, 0.00, 0.00, 0.00, 90.00, 0, 0
2.00, 5.70, 23.45, 23.45, -825.92, 20.00, 4.63, 17.78, 12.72, 0.00, 0.00, 0.00, 0.00, 90.00, 0, 0
2.00, 5.70, 22.81, 22.81, -1339.24, 20.00, 4.63, 16.67, 11.61, 0.00, 0.00, 0.00, 0.00, 90.00, 0, 0
2.00, 5.70, 22.29, 22.29, -1641.99, 20.00, 4.63, 16.11, 10.99, 0.00, 0.00, 0.00, 0.00, 90.00, 0, 0
2.00, 5.70, 21.75, 21.75, -2134.18, 20.00, 4.63, 15.00, 10.00, 0.00, 0.00, 0.00, 0.00, 90.00, 0, 0
2.00, 5.70, 21.29, 21.29, -2423.92, 20.00, 4.63, 14.44, 9.39, 0.00, 0.00, 0.00, 0.00, 90.00, 0, 0
2.00, 5.70, 20.79, 20.79, -2911.58, 20.00, 4.63, 13.33, 8.40, 0.00, 0.00, 0.00, 0.00, 90.00, 0, 0
2.00, 5.70, 20.70, 20.70, -2327.74, 20.00, 4.63, 15.00, 10.00, 0.00, 34.50, 64.71, -115.44, 84.05, 0, 0
2.00, 5.70, 21.50, 21.50, 165.75, 20.00, 4.63, 17.22, 12.23, 86.35, 46.44, 74.26, -106.44, 73.44, 0, 0
2.00, 5.70, 22.11, 22.11, 374.16, 20.00, 4.63, 19.44, 14.46, 15.64, 77.47, 83.28, -97.59, 62.32, 0, 0
2.00, 5.70, 22.61, 22.61, 601.02, 20.00, 4.63, 21.67, 16.70, 0.00, 99.62, 90.00, -90.00, 50.97, 0, 0
2.00, 5.70, 23.06, 23.06, 829.83, 20.00, 4.63, 23.89, 18.95, 0.00, 124.19, 0.00, -76.88, 39.71, 0, 0
2.00, 5.70, 23.45, 23.45, 1032.98, 20.00, 4.63, 25.56, 20.58, 0.00, 147.41, 0.00, -61.10, 29.08, 0, 0
2.00, 5.70, 23.82, 23.82, 1216.87, 20.00, 4.63, 27.22, 22.21, 0.00, 163.54, 0.00, -34.71, 20.55, 0, 0
2.00, 5.70, 24.14, 24.14, 1335.74, 20.00, 4.63, 28.33, 23.21, 0.00, 167.91, 0.00, 7.43, 17.75, 0, 0
2.00, 5.70, 24.42, 24.42, 1455.95, 20.00, 4.63, 28.89, 23.85, 0.00, 160.51, 0.00, 45.08, 22.94, 0, 0
2.00, 5.70, 24.67, 24.67, 1525.52, 20.00, 4.63, 29.44, 24.35, 0.00, 142.90, 0.00, 67.04, 32.43, 0, 0
2.00, 5.70, 24.86, 24.86, 1541.80, 20.00, 4.63, 29.44, 24.35, 0.00, 122.58, 0.00, 80.89, 43.36, 0, 0
2.00, 5.70, 25.00, 25.00, 1561.20, 20.00, 4.63, 28.89, 23.85, 0.00, 97.23, 0.00, 90.00, 54.70, 0, 0
2.00, 5.70, 25.00, 25.00, 1710.47, 20.00, 4.63, 27.78, 22.84, 90.75, 70.18, 80.41, 100.51, 66.00, 0, 0
2.00, 5.70, 25.00, 25.00, 1647.94, 20.00, 4.63, 26.11, 21.08, 119.07, 38.94, 71.18, 109.34, 76.98, 0, 0
2.00, 5.70, 25.00, 25.00, 1474.72, 20.00, 4.63, 24.44, 19.57, 0.00, 13.14, 61.52, 118.51, 87.37, 0, 0
2.00, 5.70, 25.00, 25.00, 1406.01, 20.00, 4.63, 23.33, 18.45, 0.00, 0.00, 0.00, 0.00, 90.00, 0, 0
2.00, 5.70, 25.04, 25.04, 1203.51, 20.00, 4.63, 22.22, 17.32, 0.00, 0.00, 0.00, 0.00, 90.00, 0, 0
2.00, 5.70, 24.49, 24.49, 488.10, 20.00, 4.63, 21.11, 16.20, 0.00, 0.00, 0.00, 0.00, 90.00, 0, 0
2.00, 5.70, 23.90, 23.90, -196.17, 20.00, 4.63, 19.44, 14.58, 0.00, 0.00, 0.00, 0.00, 90.00, 0, 0
2.00, 5.70, 23.42, 23.42, -488.96, 20.00, 4.63, 18.89, 14.07, 0.00, 0.00, 0.00, 0.00, 90.00, 0, 0
2.00, 5.70, 23.02, 23.02, -766.83, 20.00, 4.63, 18.33, 13.46, 0.00, 0.00, 0.00, 0.00, 90.00, 0, 0
2.00, 5.70, 22.65, 22.65, -1035.82, 20.00, 4.63, 17.78, 12.84, 0.00, 0.00, 0.00, 0.00, 90.00, 0, 0
2.00, 5.70, 22.23, 22.23, -1501.14, 20.00, 4.63, 16.67, 11.84, 0.00, 0.00, 0.00, 0.00, 90.00, 0, 0
2.00, 5.70, 21.85, 21.85, -1771.83, 20.00, 4.63, 16.11, 11.34, 0.00, 0.00, 0.00, 0.00, 90.00, 0, 0
2.00, 5.70, 21.84, 21.84, -1184.33, 20.00, 4.63, 17.78, 12.96, 0.00, 34.50, 64.73, -115.41, 84.14, 0, 0
2.00, 5.70, 22.46, 22.46, 438.72, 20.00, 4.63, 19.44, 14.69, 91.76, 44.46, 74.29, -106.40, 73.52, 0, 0
2.00, 5.70, 22.94, 22.94, 614.38, 20.00, 4.63, 21.67, 16.82, 10.57, 87.08, 83.31, -97.55, 62.40, 0, 0
2.00, 5.70, 23.34, 23.34, 799.92, 20.00, 4.63, 23.33, 18.45, 0.00, 125.26, 90.00, -90.00, 51.05, 0, 0
2.00, 5.70, 23.70, 23.70, 998.12, 20.00, 4.63, 25.00, 20.08, 0.00, 157.92, 0.00, -76.83, 39.79, 0, 0
2.00, 5.70, 24.06, 24.06, 1215.68, 20.00, 4.63, 27.22, 22.21, 0.00, 184.21, 0.00, -61.05, 29.17, 0, 0
2.00, 5.70, 24.37, 24.37, 1358.63, 20.00, 4.63, 28.33, 23.34, 0.00, 201.51, 0.00, -34.72, 20.64, 0, 0
2.00, 5.70, 24.65, 24.65, 1472.97, 20.00, 4.63, 29.44, 24.35, 0.00, 205.25, 0.00, 7.25, 17.82, 0, 0
2.00, 5.70, 24.91, 24.91, 1579.38, 20.00, 4.63, 30.00, 24.85, 0.00, 200.81, 0.00, 44.87, 22.98, 0, 0
2.00, 5.70, 25.00, 25.00, 1617.86, 20.00, 4.63, 30.56, 25.34, 0.00, 178.82, 0.00, 66.87, 32.45, 0, 0
2.00, 5.70, 25.00, 25.00, 1588.53, 20.00, 4.63, 30.00, 24.85, 0.00, 143.81, 0.00, 80.76, 43.37, 0, 0
2.00, 5.70, 25.00, 25.00, 1598.90, 20.00, 4.63, 29.44, 24.35, 0.00, 116.34, 0.00, 90.00, 54.70, 0, 0
2.00, 5.70, 25.00, 25.00, 1706.10, 20.00, 4.63, 28.33, 23.21, 34.12, 78.88, 80.50, 100.41, 66.01, 0, 0
2.00, 5.70, 25.00, 25.00, 1626.59, 20.00, 4.63, 27.22, 22.08, 23.30, 39.45, 71.27, 109.25, 76.99, 0, 0
2.00, 5.70, 25.00, 25.00, 1514.86, 20.00, 4.63, 25.56, 20.45, 0.00, 9.86, 61.61, 118.42, 87.39, 0, 0
2.00, 5.70, 25.00, 25.00, 1430.13, 20.00, 4.63, 23.89, 18.82, 0.00, 0.00, 0.00, 0.00, 90.00, 0, 0
2.00, 5.70, 25.10, 25.10, 1214.78, 20.00, 4.63, 22.22, 17.07, 0.00, 0.00, 0.00, 0.00, 90.00, 0, 0
2.00, 5.70, 24.50, 24.50, 307.63, 20.00, 4.63, 20.56, 15.45, 0.00, 0.00, 0.00, 0.00, 90.00, 0, 0
2.00, 5.70, 23.86, 23.86, -385.18, 20.00, 4.63, 18.89, 13.71, 0.00, 0.00, 0.00, 0.00, 90.00, 0, 0
2.00, 5.70, 23.28, 23.28, -883.58, 20.00, 4.63, 17.78, 12.72, 0.00, 0.00, 0.00, 0.00, 90.00, 0, 0
2.00, 5.70, 22.64, 22.64, -1579.97, 20.00, 4.63, 16.11, 11.12, 0.00, 0.00, 0.00, 0.00, 90.00, 0, 0
2.00, 5.70, 22.04, 22.04, -2084.07, 20.00, 4.63, 15.00, 9.88, 0.00, 0.00, 0.00, 0.00, 90.00, 0, 0
2.00, 5.70, 21.36, 21.36, -2792.80, 20.00, 4.63, 13.33, 8.28, 0.00, 0.00, 0.00, 0.00, 90.00, 0, 0
2.00, 5.70, 20.73, 20.73, -3307.39, 20.00, 4.63, 12.22, 7.06, 0.00, 0.00, 0.00, 0.00, 90.00, 0, 0
2.00, 5.70, 20.46, 20.46, -2937.09, 20.00, 4.63, 13.33, 8.16, 0.00, 37.79, 64.76, -115.38, 84.23, 0, 0
2.00, 5.70, 21.34, 21.34, 72.43, 20.00, 4.63, 15.56, 10.38, 94.29, 46.31, 74.32, -106.36, 73.61, 0, 0
2.00, 5.70, 21.98, 21.98, 244.34, 20.00, 4.63, 17.22, 12.11, 10.74, 86.20, 83.35, -97.50, 62.49, 0, 0
2.00, 5.70, 22.49, 22.49, 440.79, 20.00, 4.63, 18.89, 13.71, 0.00, 131.02, 90.00, -90.00, 51.14, 0, 0
2.00, 5.70, 22.90, 22.90, 606.80, 20.00, 4.63, 20.00, 14.83, 0.00, 170.27, 0.00, -76.76, 39.88, 0, 0
2.00, 5.70, 23.27, 23.27, 798.25, 20.00, 4.63, 21.67, 16.44, 0.00, 193.75, 0.00, -60.99, 29.26, 0, 0
2.00, 5.70, 23.59, 23.59, 949.07, 20.00, 4.63, 22.78, 17.56, 0.00, 203.24, 0.00, -34.72, 20.73, 0, 0
2.00, 5.70, 23.89, 23.89, 1076.85, 20.00, 4.63, 23.89, 18.54, 0.00, 212.80, 0.00, 7.08, 17.90, 0, 0
2.00, 5.70, 24.16, 24.16, 1211.15, 20.00, 4.63, 25.00, 19.67, 0.00, 206.58, 0.00, 44.65, 23.02, 0, 0
2.00, 5.70, 24.37, 24.37, 1243.32, 20.00, 4.63, 25.00, 19.67, 0.00, 177.80, 0.00, 66.70, 32.47, 0, 0
2.00, 5.70, 24.56, 24.56, 1287.90, 20.00, 4.63, 25.56, 20.16, 0.00, 142.75, 0.00, 80.63, 43.38, 0, 0
2.00, 5.70, 24.72, 24.72, 1327.18, 20.00, 4.63, 25.00, 19.67, 0.00, 109.21, 0.00, 90.00, 54.71, 0, 0
2.00, 5.70, 24.91, 24.91, 1470.78, 20.00, 4.63, 23.89, 18.69, 75.44, 76.88, 80.59, 100.31, 66.02, 0, 0
2.00, 5.70, 25.00, 25.00, 1417.69, 20.00, 4.63, 22.78, 17.56, 85.71, 39.91, 71.36, 109.15, 77.01, 0, 0
2.00, 5.70, 25.00, 25.00, 1264.83, 20.00, 4.63, 21.11, 15.95, 0.00, 11.50, 61.70, 118.33, 87.42, 0, 0
2.00, 5.70, 25.00, 25.00, 1195.70, 20.00, 4.63, 20.00, 14.83, 0.00, 0.00, 0.00, 0.00, 90.00, 0, 0
2.00, 5.70, 24.94, 24.94, 980.38, 20.00, 4.63, 18.89, 13.84, 0.00, 0.00, 0.00, 0.00, 90.00, 0, 0
2.00, 5.70, 23.93, 23.93, -772.24, 20.00, 4.63, 17.78, 12.72, 0.00, 0.00, 0.00, 0.00, 90.00, 0, 0
2.00, 5.70, 23.02, 23.02, -1517.16, 20.00, 4.63, 16.11, 10.99, 0.00, 0.00, 0.00, 0.00, 90.00, 0, 0
2.00, 5.70, 22.34, 22.34, -1847.23, 20.00, 4.63, 15.56, 10.38, 0.00, 0.00, 0.00, 0.00, 90.00, 0, 0
2.00, 5.70, 21.79, 21.79, -2153.07, 20.00, 4.63, 15.00, 9.88, 0.00, 0.00, 0.00, 0.00, 90.00, 0, 0
2.00, 5.70, 21.24, 21.24, -2649.85, 20.00, 4.63, 13.89, 8.78, 0.00, 0.00, 0.00, 0.00, 90.00, 0, 0
2.00, 5.70, 20.76, 20.76, -2942.44, 20.00, 4.63, 13.33, 8.28, 0.00, 0.00, 0.00, 0.00, 90.00, 0, 0
2.00, 5.70, 20.32, 20.32, -3226.78, 20.00, 4.63, 12.78, 7.67, 0.00, 0.00, 0.00, 0.00, 90.00, 0, 0
2.00, 5.70, 20.09, 20.09, -3059.92, 20.00, 4.63, 13.33, 8.28, 0.00, 18.07, 64.80, -115.34, 84.32, 0, 0
2.00, 5.70, 20.95, 20.95, -66.17, 20.00, 4.63, 15.56, 10.50, 58.45, 51.96, 74.36, -106.31, 73.70, 0, 0
2.00, 5.70, 21.58, 21.58, 126.68, 20.00, 4.63, 17.22, 12.23, 7.90, 91.94, 83.39, -97.45, 62.58, 0, 0
2.00, 5.70, 22.10, 22.10, 358.36, 20.00, 4.63, 19.44, 14.34, 0.00, 128.40, 90.00, -90.00, 51.23, 0, 0
2.00, 5.70, 22.54, 22.54, 564.39, 20.00, 4.63, 21.11, 16.08, 0.00, 158.32, 0.00, -76.69, 39.96, 0, 0
2.00, 5.70, 22.93, 22.93, 771.85, 20.00, 4.63, 22.78, 17.70, 0.00, 186.91, 0.00, -60.92, 29.35, 0, 0
2.00, 5.70, 23.29, 23.29, 946.02, 20.00, 4.63, 24.44, 19.18, 0.00, 202.79, 0.00, -34.70, 20.84, 0, 0
2.00, 5.70, 23.58, 23.58, 1034.49, 20.00, 4.63, 25.00, 19.82, 0.00, 206.20, 0.00, 6.91, 17.99, 0, 0
2.00, 5.70, 23.86, 23.86, 1176.60, 20.00, 4.63, 26.11, 20.80, 0.00, 201.45, 0.00, 44.43, 23.07, 0, 0
2.00, 5.70, 24.09, 24.09, 1227.35, 20.00, 4.63, 26.11, 20.80, 0.00, 185.59, 0.00, 66.52, 32.50, 0, 0
2.00, 5.70, 24.26, 24.26, 1226.45, 20.00, 4.63, 26.11, 20.80, 0.00, 161.20, 0.00, 80.48, 43.40, 0, 0
2.00, 5.70, 24.41, 24.41, 1256.20, 20.00, 4.63, 25.56, 20.31, 0.00, 120.27, 0.00, 90.00, 54.73, 0, 0
2.00, 5.70, 24.60, 24.60, 1412.02, 20.00, 4.63, 24.44, 19.18, 50.39, 76.56, 80.69, 100.20, 66.04, 0, 0
2.00, 5.70, 24.74, 24.74, 1378.38, 20.00, 4.63, 23.33, 18.06, 75.25, 41.15, 71.45, 109.05, 77.03, 0, 0
2.00, 5.70, 24.79, 24.79, 1262.66, 20.00, 4.63, 22.22, 17.07, 0.00, 13.14, 61.79, 118.24, 87.45, 0, 0
2.00, 5.70, 24.80, 24.80, 1172.37, 20.00, 4.63, 20.56, 15.45, 0.00, 0.00, 0.00, 0.00, 90.00, 0, 0
2.00, 5.70, 24.73, 24.73, 954.98, 20.00, 4.63, 19.44, 14.34, 0.00, 0.00, 0.00, 0.00, 90.00, 0, 0
2.00, 5.70, 23.80, 23.80, -620.40, 20.00, 4.63, 18.33, 13.22, 0.00, 0.00, 0.00, 0.00, 90.00, 0, 0
2.00, 5.70, 23.04, 23.04, -1151.16, 20.00, 4.63, 17.22, 11.97, 0.00, 0.00, 0.00, 0.00, 90.00, 0, 0
2.00, 5.70, 22.37, 22.37, -1665.21, 20.00, 4.63, 16.11, 10.99, 0.00, 0.00, 0.00, 0.00, 90.00, 0, 0
2.00, 5.70, 21.75, 21.75, -2171.43, 20.00, 4.63, 15.00, 9.88, 0.00, 0.00, 0.00, 0.00, 90.00, 0, 0
2.00, 5.70, 21.15, 21.15, -2674.70, 20.00, 4.63, 13.89, 8.78, 0.00, 0.00, 0.00, 0.00, 90.00, 0, 0
2.00, 5.70, 20.56, 20.56, -3178.01, 20.00, 4.63, 12.78, 7.67, 0.00, 0.00, 0.00, 0.00, 90.00, 0, 0
2.00, 5.70, 20.06, 20.06, -3474.61, 20.00, 4.63, 12.22, 7.06, 0.00, 0.00, 0.00, 0.00, 90.00, 0, 0
2.00, 5.70, 19.79, 19.79, -3304.06, 20.00, 4.63, 12.78, 7.67, 0.00, 27.93, 64.84, -115.29, 84.42, 0, 0
2.00, 5.70, 20.63, 20.63, -205.18, 20.00, 4.63, 14.44, 9.27, 28.29, 54.74, 74.40, -106.26, 73.79, 0, 0
2.00, 5.70, 21.25, 21.25, -0.55, 20.00, 4.63, 16.11, 10.99, 3.18, 101.81, 83.44, -97.38, 62.67, 0, 0
2.00, 5.70, 21.73, 21.73, 175.59, 20.00, 4.63, 17.22, 12.11, 0.00, 141.75, 90.00, -90.00, 51.32, 0, 0
2.00, 5.70, 22.14, 22.14, 376.46, 20.00, 4.63, 18.89, 13.84, 0.00, 171.33, 0.00, -76.61, 40.06, 0, 0
2.00, 5.70, 22.48, 22.48, 506.35, 20.00, 4.63, 20.00, 14.96, 0.00, 189.60, 0.00, -60.83, 29.45, 0, 0
2.00, 5.70, 22.76, 22.76, 590.93, 20.00, 4.63, 20.56, 15.45, 0.00, 203.25, 0.00, -34.68, 20.94, 0, 0
2.00, 5.70, 22.99, 22.99, 673.96, 20.00, 4.63, 21.11, 15.95, 0.00, 207.00, 0.00, 6.75, 18.08, 0, 0
2.00, 5.70, 23.22, 23.22, 805.01, 20.00, 4.63, 21.67, 16.58, 0.00, 206.03, 0.00, 44.19, 23.13, 0, 0
2.00, 5.70, 23.42, 23.42, 878.66, 20.00, 4.63, 22.22, 17.20, 0.00, 185.04, 0.00, 66.33, 32.53, 0, 0
2.00, 5.70, 23.57, 23.57, 880.88, 20.00, 4.63, 22.22, 17.20, 0.00, 156.96, 0.00, 80.33, 43.42, 0, 0
2.00, 5.70, 23.72, 23.72, 937.21, 20.00, 4.63, 22.22, 17.20, 0.00, 120.86, 0.00, 90.00, 54.75, 0, 0
2.00, 5.70, 23.90, 23.90, 1098.63, 20.00, 4.63, 21.11, 16.20, 49.25, 78.78, 80.79, 100.09, 66.06, 0, 0
2.00, 5.70, 24.03, 24.03, 1073.02, 20.00, 4.63, 20.00, 15.08, 85.84, 38.08, 71.55, 108.94, 77.06, 0, 0
2.00, 5.70, 24.09, 24.09, 978.10, 20.00, 4.63, 19.44, 14.58, 0.00, 9.86, 61.89, 118.14, 87.48, 0, 0
2.00, 5.70, 24.13, 24.13, 943.11, 20.00, 4.63, 18.89, 14.07, 0.00, 0.00, 0.00, 0.00, 90.00, 0, 0
2.00, 5.70, 24.08, 24.08, 753.45, 20.00, 4.63, 18.33, 13.57, 0.00, 0.00, 0.00, 0.00, 90.00, 0, 0
2.00, 5.70, 23.19, 23.19, -953.54, 20.00, 4.63, 17.78, 12.96, 0.00, 0.00, 0.00, 0.00, 90.00, 0, 0
2.00, 5.70, 22.45, 22.45, -1480.67, 20.00, 4.63, 16.67, 11.94, 0.00, 0.00, 0.00, 0.00, 90.00, 0, 0
2.00, 5.70, 21.96, 21.96, -1587.03, 20.00, 4.63, 16.67, 11.84, 0.00, 0.00, 0.00, 0.00, 90.00, 0, 0
2.00, 5.70, 21.62, 21.62, -1664.53, 20.00, 4.63, 16.67, 11.84, 0.00, 0.00, 0.00, 0.00, 90.00, 0, 0
2.00, 5.70, 21.37, 21.37, -1723.66, 20.00, 4.63, 16.67, 11.84, 0.00, 0.00, 0.00, 0.00, 90.00, 0, 0
2.00, 5.70, 21.18, 21.18, -1770.71, 20.00, 4.63, 16.67, 11.84, 0.00, 0.00, 0.00, 0.00, 90.00, 0, 0
2.00, 5.70, 21.03, 21.03, -1809.44, 20.00, 4.63, 16.67, 11.94, 0.00, 0.00, 0.00, 0.00, 90.00, 0, 0
2.00, 5.70, 21.12, 21.12, -1317.09, 20.00, 4.63, 17.78, 13.16, 0.00, 32.86, 64.88, -115.24, 84.52, 0, 0
2.00, 5.70, 21.73, 21.73, 343.56, 20.00, 4.63, 20.00, 15.40, 96.38, 42.79, 74.45, -106.20, 73.89, 0, 0
2.00, 5.70, 22.21, 22.21, 502.64, 20.00, 4.63, 21.67, 17.03, 11.97, 82.70, 83.50, -97.31, 62.76, 0, 0
2.00, 5.70, 22.60, 22.60, 669.62, 20.00, 4.63, 22.78, 18.16, 0.00, 123.15, 90.00, -90.00, 51.41, 0, 0
2.00, 5.70, 22.95, 22.95, 834.51, 20.00, 4.63, 23.89, 19.28, 0.00, 167.14, 0.00, -76.52, 40.15, 0, 0
2.00, 5.70, 23.27, 23.27, 995.93, 20.00, 4.63, 25.00, 20.41, 0.00, 202.03, 0.00, -60.74, 29.55, 0, 0
2.00, 5.70, 23.52, 23.52, 1042.06, 20.00, 4.63, 25.56, 20.92, 0.00, 177.77, 0.00, -34.64, 21.05, 0, 0
2.00, 5.70, 23.73, 23.73, 1103.93, 20.00, 4.63, 25.56, 20.92, 0.00, 192.93, 0.00, 6.58, 18.18, 0, 0
2.00, 5.70, 23.93, 23.93, 1190.48, 20.00, 4.63, 26.11, 21.43, 0.00, 204.53, 0.00, 43.96, 23.19, 0, 0
2.00, 5.70, 24.05, 24.05, 1127.49, 20.00, 4.63, 25.56, 20.92, 0.00, 138.63, 0.00, 66.14, 32.57, 0, 0
2.00, 5.70, 24.09, 24.09, 998.40, 20.00, 4.63, 24.44, 19.79, 0.00, 52.38, 0.00, 80.17, 43.45, 0, 0
2.00, 5.70, 24.13, 24.13, 986.51, 20.00, 4.63, 23.33, 18.77, 0.00, 13.14, 0.00, 90.00, 54.78, 0, 0
2.00, 5.70, 24.25, 24.25, 1151.51, 20.00, 4.63, 22.22, 17.65, 0.00, 14.79, 80.90, 99.97, 66.09, 0, 0
2.00, 5.70, 24.36, 24.36, 1189.95, 20.00, 4.63, 21.67, 17.13, 26.80, 26.88, 71.66, 108.83, 77.10, 0, 0
2.00, 5.70, 24.44, 24.44, 1162.15, 20.00, 4.63, 21.11, 16.62, 0.00, 16.43, 62.00, 118.03, 87.53, 0, 0
2.00, 5.70, 24.50, 24.50, 1135.39, 20.00, 4.63, 20.56, 16.10, 0.00, 0.00, 0.00, 0.00, 90.00, 0, 0
2.00, 5.70, 24.45, 24.45, 929.18, 20.00, 4.63, 20.56, 16.10, 0.00, 0.00, 0.00, 0.00, 90.00, 0, 0
2.00, 5.70, 23.80, 23.80, -92.31, 20.00, 4.63, 20.00, 15.50, 0.00, 0.00, 0.00, 0.00, 90.00, 0, 0
2.00, 5.70, 23.30, 23.30, -388.28, 20.00, 4.63, 19.44, 14.98, 0.00, 0.00, 0.00, 0.00, 90.00, 0, 0
2.00, 5.70, 22.88, 22.88, -665.60, 20.00, 4.63, 18.89, 14.38, 0.00, 0.00, 0.00, 0.00, 90.00, 0, 0
2.00, 5.70, 22.60, 22.60, -732.52, 20.00, 4.63, 18.89, 14.38, 0.00, 0.00, 0.00, 0.00, 90.00, 0, 0
2.00, 5.70, 22.31, 22.31, -982.62, 20.00, 4.63, 18.33, 13.77, 0.00, 0.00, 0.00, 0.00, 90.00, 0, 0
2.00, 5.70, 22.03, 22.03, -1231.90, 20.00, 4.63, 17.78, 13.26, 0.00, 0.00, 0.00, 0.00, 90.00, 0, 0
2.00, 5.70, 21.74, 21.74, -1481.00, 20.00, 4.63, 17.22, 12.74, 0.00, 0.00, 0.00, 0.00, 90.00, 0, 0
2.00, 5.70, 21.75, 21.75, -1001.88, 20.00, 4.63, 18.33, 13.86, 0.00, 36.15, 64.93, -115.18, 84.62, 0, 0
2.00, 5.70, 22.31, 22.31, 485.48, 20.00, 4.63, 20.56, 16.10, 96.37, 44.86, 74.51, -106.13, 73.99, 0, 0
2.00, 5.70, 22.76, 22.76, 668.56, 20.00, 4.63, 22.78, 18.35, 15.77, 75.79, 83.56, -97.24, 62.86, 0, 0
2.00, 5.70, 23.16, 23.16, 884.29, 20.00, 4.63, 25.00, 20.51, 0.00, 110.38, 90.00, -90.00, 51.51, 0, 0
2.00, 5.70, 23.53, 23.53, 1082.97, 20.00, 4.63, 26.67, 22.16, 0.00, 146.06, 0.00, -76.41, 40.25, 0, 0
2.00, 5.70, 23.88, 23.88, 1282.69, 20.00, 4.63, 28.33, 23.80, 0.00, 175.97, 0.00, -60.63, 29.66, 0, 0
2.00, 5.70, 24.20, 24.20, 1434.94, 20.00, 4.63, 29.44, 24.94, 0.00, 197.30, 0.00, -34.60, 21.17, 0, 0
2.00, 5.70, 24.49, 24.49, 1554.68, 20.00, 4.63, 30.56, 25.97, 0.00, 204.01, 0.00, 6.42, 18.29, 0, 0
2.00, 5.70, 24.74, 24.74, 1642.19, 20.00, 4.63, 31.11, 26.48, 0.00, 201.94, 0.00, 43.71, 23.26, 0, 0
2.00, 5.70, 24.95, 24.95, 1663.26, 20.00, 4.63, 31.11, 26.48, 0.00, 180.79, 0.00, 65.93, 32.61, 0, 0
2.00, 5.70, 25.00, 25.00, 1666.02, 20.00, 4.63, 31.11, 26.48, 0.00, 141.39, 0.00, 80.01, 43.48, 0, 0
2.00, 5.70, 25.00, 25.00, 1689.08, 20.00, 4.63, 30.56, 25.97, 0.00, 106.29, 0.00, 90.00, 54.81, 0, 0
2.00, 5.70, 25.00, 25.00, 1829.19, 20.00, 4.63, 29.44, 24.94, 64.08, 73.34, 81.01, 99.84, 66.12, 0, 0
2.00, 5.70, 25.00, 25.00, 1761.62, 20.00, 4.63, 27.78, 23.29, 93.77, 37.32, 71.77, 108.72, 77.14, 0, 0
2.00, 5.70, 25.00, 25.00, 1633.78, 20.00, 4.63, 26.67, 22.25, 0.00, 11.50, 62.10, 117.92, 87.58, 0, 0
2.00, 5.70, 25.00, 25.00, 1573.25, 20.00, 4.63, 25.56, 21.12, 0.00, 0.00, 0.00, 0.00, 90.00, 0, 0
2.00, 5.70, 25.11, 25.11, 1358.04, 20.00, 4.63, 25.00, 20.61, 0.00, 0.00, 0.00, 0.00, 90.00, 0, 0
2.00, 5.70, 24.93, 24.93, 1488.80, 20.00, 4.63, 23.89, 19.48, 0.00, 0.00, 0.00, 0.00, 90.00, 0, 0
2.00, 5.70, 24.66, 24.66, 1048.11, 20.00, 4.63, 22.78, 18.35, 0.00, 0.00, 0.00, 0.00, 90.00, 0, 0
2.00, 5.70, 24.48, 24.48, 989.81, 20.00, 4.63, 22.78, 18.35, 0.00, 0.00, 0.00, 0.00, 90.00, 0, 0
2.00, 5.70, 24.28, 24.28, 751.69, 20.00, 4.63, 22.22, 17.74, 0.00, 0.00, 0.00, 0.00, 90.00, 0, 0
2.00, 5.70, 24.06, 24.06, 513.54, 20.00, 4.63, 21.67, 17.23, 0.00, 0.00, 0.00, 0.00, 90.00, 0, 0
2.00, 5.70, 23.84, 23.84, 275.08, 20.00, 4.63, 21.11, 16.71, 0.00, 0.00, 0.00, 0.00, 90.00, 0, 0
2.00, 5.70, 23.68, 23.68, 232.59, 20.00, 4.63, 21.11, 16.71, 0.00, 0.00, 0.00, 0.00, 90.00, 0, 0
2.00, 5.70, 23.74, 23.74, 627.87, 20.00, 4.63, 22.22, 17.84, 0.00, 29.57, 64.99, -115.12, 84.73, 0, 0
2.00, 5.70, 24.05, 24.05, 903.92, 20.00, 4.63, 23.89, 19.48, 68.99, 46.99, 74.57, -106.06, 74.09, 0, 0
2.00, 5.70, 24.34, 24.34, 1063.42, 20.00, 4.63, 26.11, 21.74, 12.82, 78.67, 83.63, -97.15, 62.96, 0, 0
2.00, 5.70, 24.63, 24.63, 1264.94, 20.00, 4.63, 28.33, 23.90, 0.00, 116.38, 90.00, -90.00, 51.61, 0, 0
2.00, 5.70, 24.90, 24.90, 1428.35, 20.00, 4.63, 30.00, 25.55, 0.00, 161.95, 0.00, -76.30, 40.35, 0, 0
2.00, 5.70, 25.16, 25.16, 1558.82, 20.00, 4.63, 31.11, 26.69, 0.00, 197.47, 0.00, -60.52, 29.77, 0, 0
2.00, 5.70, 25.42, 25.42, 1699.99, 20.00, 4.63, 32.22, 27.72, 0.00, 207.55, 0.00, -34.54, 21.29, 0, 0
2.00, 5.70, 25.64, 25.64, 1781.61, 20.00, 4.63, 32.78, 28.24, 0.00, 213.12, 0.00, 6.27, 18.40, 0, 0
2.00, 5.70, 25.00, 25.00, 1752.40, 20.00, 4.63, 33.33, 28.76, 0.00, 216.44, 0.00, 43.46, 23.34, 0, 0
2.00, 5.70, 25.00, 25.00, 1752.95, 20.00, 4.63, 33.33, 28.76, 0.00, 194.20, 0.00, 65.72, 32.66, 0, 0
2.00, 5.70, 25.00, 25.00, 1748.17, 20.00, 4.63, 33.33, 28.76, 0.00, 159.76, 0.00, 79.84, 43.52, 0, 0
2.00, 5.70, 25.00, 25.00, 1764.49, 20.00, 4.63, 32.78, 28.24, 0.00, 124.15, 0.00, 90.00, 54.85, 0, 0
2.00, 5.70, 25.00, 25.00, 1908.08, 20.00, 4.63, 31.67, 27.21, 60.35, 78.70, 81.12, 99.71, 66.16, 0, 0
2.00, 5.70, 25.00, 25.00, 1933.57, 20.00, 4.63, 30.56, 26.07, 187.40, 38.40, 71.88, 108.60, 77.18, 0, 0
2.00, 5.70, 25.00, 25.00, 1754.60, 20.00, 4.63, 29.44, 25.04, 0.00, 19.72, 62.21, 117.81, 87.63, 0, 0
2.00, 5.70, 25.00, 25.00, 1686.82, 20.00, 4.63, 28.33, 23.90, 0.00, 0.00, 0.00, 0.00, 90.00, 0, 0
2.00, 5.70, 25.31, 25.31, 1505.86, 20.00, 4.63, 26.67, 22.25, 0.00, 0.00, 0.00, 0.00, 90.00, 0, 0
2.00, 5.70, 25.44, 25.44, 2153.04, 20.00, 4.63, 25.56, 21.12, 0.00, 0.00, 0.00, 0.00, 90.00, 0, 0
2.00, 5.70, 25.29, 25.29, 1556.70, 20.00, 4.63, 23.89, 19.48, 0.00, 0.00, 0.00, 0.00, 90.00, 0, 0
2.00, 5.70, 25.11, 25.11, 1317.84, 20.00, 4.63, 23.33, 18.87, 0.00, 0.00, 0.00, 0.00, 90.00, 0, 0
2.00, 5.70, 24.83, 24.83, 885.39, 20.00, 4.63, 22.22, 17.74, 0.00, 0.00, 0.00, 0.00, 90.00, 0, 0
2.00, 5.70, 24.57, 24.57, 637.76, 20.00, 4.63, 21.67, 17.23, 0.00, 0.00, 0.00, 0.00, 90.00, 0, 0
2.00, 5.70, 24.23, 24.23, 196.01, 20.00, 4.63, 20.56, 16.10, 0.00, 0.00, 0.00, 0.00, 90.00, 0, 0
2.00, 5.70, 23.91, 23.91, -57.94, 20.00, 4.63, 20.00, 15.59, 0.00, 0.00, 0.00, 0.00, 90.00, 0, 0
2.00, 5.70, 23.79, 23.79, 123.47, 20.00, 4.63, 20.56, 16.19, 0.00, 27.93, 65.05, -115.05, 84.84, 0, 0
2.00, 5.70, 24.20, 24.20, 857.15, 20.00, 4.63, 22.22, 17.84, 31.11, 51.54, 74.64, -105.98, 74.19, 0, 0
2.00, 5.70, 24.52, 24.52, 966.29, 20.00, 4.63, 23.33, 18.87, 1.99, 85.17, 83.71, -97.06, 63.06, 0, 0
2.00, 5.70, 24.81, 24.81, 1150.85, 20.00, 4.63, 25.00, 20.51, 0.00, 127.10, 90.00, -90.00, 51.71, 0, 0
2.00, 5.70, 25.09, 25.09, 1325.59, 20.00, 4.63, 26.67, 22.16, 0.00, 168.61, 0.00, -76.19, 40.46, 0, 0
2.00, 5.70, 25.35, 25.35, 1448.87, 20.00, 4.63, 27.78, 23.29, 0.00, 194.86, 0.00, -60.39, 29.88, 0, 0
2.00, 5.70, 25.58, 25.58, 1552.57, 20.00, 4.63, 28.89, 24.32, 0.00, 202.13, 0.00, -34.47, 21.42, 0, 0
2.00, 5.70, 25.80, 25.80, 1651.49, 20.00, 4.63, 29.44, 24.83, 0.00, 212.61, 0.00, 6.12, 18.53, 0, 0
2.00, 5.70, 25.00, 25.00, 1640.32, 20.00, 4.63, 30.56, 25.86, 0.00, 210.94, 0.00, 43.21, 23.42, 0, 0
2.00, 5.70, 25.00, 25.00, 1675.86, 20.00, 4.63, 31.11, 26.37, 0.00, 179.93, 0.00, 65.50, 32.72, 0, 0
2.00, 5.70, 25.00, 25.00, 1678.99, 20.00, 4.63, 31.11, 26.48, 0.00, 143.37, 0.00, 79.66, 43.57, 0, 0
2.00, 5.70, 25.00, 25.00, 1698.59, 20.00, 4.63, 31.11, 26.48, 0.00, 116.31, 0.00, 90.00, 54.89, 0, 0
2.00, 5.70, 25.00, 25.00, 1793.13, 20.00, 4.63, 30.00, 25.34, 17.67, 75.72, 81.24, 99.58, 66.21, 0, 0
2.00, 5.70, 25.00, 25.00, 1718.38, 20.00, 4.63, 28.89, 24.32, 11.70, 37.72, 72.00, 108.48, 77.23, 0, 0
2.00, 5.70, 25.00, 25.00, 1640.78, 20.00, 4.63, 27.78, 23.18, 0.00, 9.86, 62.33, 117.70, 87.69, 0, 0
2.00, 5.70, 25.00, 25.00, 1560.09, 20.00, 4.63, 26.11, 21.54, 0.00, 0.00, 0.00, 0.00, 90.00, 0, 0
2.00, 5.70, 25.33, 25.33, 1409.19, 20.00, 4.63, 25.00, 20.41, 0.00, 0.00, 0.00, 0.00, 90.00, 0, 0
2.00, 5.70, 25.19, 25.19, 1369.06, 20.00, 4.63, 23.33, 18.77, 0.00, 0.00, 0.00, 0.00, 90.00, 0, 0
2.00, 5.70, 24.94, 24.94, 931.32, 20.00, 4.63, 22.22, 17.54, 0.00, 0.00, 0.00, 0.00, 90.00, 0, 0
2.00, 5.70, 24.61, 24.61, 484.01, 20.00, 4.63, 21.11, 16.52, 0.00, 0.00, 0.00, 0.00, 90.00, 0, 0
2.00, 5.70, 24.22, 24.22, 28.63, 20.00, 4.63, 20.00, 15.40, 0.00, 0.00, 0.00, 0.00, 90.00, 0, 0
2.00, 5.70, 23.80, 23.80, -433.63, 20.00, 4.63, 18.89, 14.28, 0.00, 0.00, 0.00, 0.00, 90.00, 0, 0
2.00, 5.70, 23.35, 23.35, -902.12, 20.00, 4.63, 17.78, 13.16, 0.00, 0.00, 0.00, 0.00, 90.00, 0, 0
2.00, 5.70, 22.79, 22.79, -1578.88, 20.00, 4.63, 16.11, 11.53, 0.00, 0.00, 0.00, 0.00, 90.00, 0, 0
2.00, 5.70, 22.58, 22.58, -1215.98, 20.00, 4.63, 17.22, 12.65, 0.00, 31.22, 65.12, -114.98, 84.95, 0, 0
2.00, 5.70, 23.24, 23.24, 585.51, 20.00, 4.63, 19.44, 14.79, 77.89, 44.43, 74.71, -105.90, 74.30, 0, 0
2.00, 5.70, 23.76, 23.76, 778.40, 20.00, 4.63, 21.67, 17.03, 14.22, 75.66, 83.79, -96.97, 63.16, 0, 0
2.00, 5.70, 24.19, 24.19, 993.51, 20.00, 4.63, 23.89, 19.18, 0.00, 101.85, 90.00, -90.00, 51.81, 0, 0
2.00, 5.70, 24.58, 24.58, 1189.05, 20.00, 4.63, 25.56, 20.81, 0.00, 127.67, 0.00, -76.06, 40.57, 0, 0
2.00, 5.70, 24.95, 24.95, 1409.58, 20.00, 4.63, 27.78, 22.96, 0.00, 158.20, 0.00, -60.25, 30.00, 0, 0
2.00, 5.70, 25.28, 25.28, 1565.78, 20.00, 4.63, 28.89, 24.10, 0.00, 178.05, 0.00, -34.39, 21.55, 0, 0
2.00, 5.70, 25.57, 25.57, 1682.91, 20.00, 4.63, 30.00, 25.11, 0.00, 173.40, 0.00, 5.97, 18.65, 0, 0
2.00, 5.70, 25.00, 25.00, 1693.77, 20.00, 4.63, 31.11, 26.25, 0.00, 163.52, 0.00, 42.95, 23.51, 0, 0
2.00, 5.70, 25.00, 25.00, 1721.41, 20.00, 4.63, 31.67, 26.75, 0.00, 149.07, 0.00, 65.28, 32.78, 0, 0
2.00, 5.70, 25.00, 25.00, 1688.21, 20.00, 4.63, 31.11, 26.25, 0.00, 124.38, 0.00, 79.48, 43.62, 0, 0
2.00, 5.70, 25.00, 25.00, 1718.60, 20.00, 4.63, 31.11, 26.25, 0.00, 98.95, 0.00, 90.00, 54.93, 0, 0
2.00, 5.70, 25.00, 25.00, 1846.66, 20.00, 4.63, 30.00, 25.11, 80.52, 68.77, 81.36, 99.44, 66.25, 0, 0
2.00, 5.70, 25.00, 25.00, 1780.03, 20.00, 4.63, 28.33, 23.47, 116.25, 35.60, 72.12, 108.35, 77.29, 0, 0
2.00, 5.70, 25.00, 25.00, 1612.80, 20.00, 4.63, 26.67, 21.83, 0.00, 11.50, 62.45, 117.58, 87.75, 0, 0
2.00, 5.70, 25.00, 25.00, 1523.67, 20.00, 4.63, 25.00, 20.30, 0.00, 0.00, 0.00, 0.00, 90.00, 0, 0
2.00, 5.70, 25.30, 25.30, 1364.49, 20.00, 4.63, 23.89, 19.07, 0.00, 0.00, 0.00, 0.00, 90.00, 0, 0
2.00, 5.70, 25.01, 25.01, 982.41, 20.00, 4.63, 22.22, 17.44, 0.00, 0.00, 0.00, 0.00, 90.00, 0, 0
2.00, 5.70, 24.57, 24.57, 327.01, 20.00, 4.63, 20.56, 15.81, 0.00, 0.00, 0.00, 0.00, 90.00, 0, 0
2.00, 5.70, 24.20, 24.20, 51.27, 20.00, 4.63, 20.00, 15.19, 0.00, 0.00, 0.00, 0.00, 90.00, 0, 0
2.00, 5.70, 23.78, 23.78, -413.68, 20.00, 4.63, 18.89, 14.07, 0.00, 0.00, 0.00, 0.00, 90.00, 0, 0
2.00, 5.70, 23.33, 23.33, -884.42, 20.00, 4.63, 17.78, 13.06, 0.00, 0.00, 0.00, 0.00, 90.00, 0, 0
2.00, 5.70, 22.85, 22.85, -1360.70, 20.00, 4.63, 16.67, 11.94, 0.00, 0.00, 0.00, 0.00, 90.00, 0, 0
2.00, 5.70, 22.35, 22.35, -1842.30, 20.00, 4.63, 15.56, 10.83, 0.00, 0.00, 0.00, 0.00, 90.00, 0, 0
2.00, 5.70, 22.18, 22.18, -1470.36, 20.00, 4.63, 16.67, 11.94, 0.00, 32.86, 65.20, -114.90, 85.07, 0, 0
2.00, 5.70, 22.90, 22.90, 519.23, 20.00, 4.63, 18.89, 14.07, 99.67, 40.68, 74.79, -105.81, 74.41, 0, 0
2.00, 5.70, 23.45, 23.45, 702.95, 20.00, 4.63, 21.11, 16.31, 15.87, 68.44, 83.87, -96.86, 63.27, 0, 0
2.00, 5.70, 23.91, 23.91, 922.21, 20.00, 4.63, 23.33, 18.56, 0.00, 100.10, 0.00, -87.32, 51.92, 0, 0
2.00, 5.70, 24.32, 24.32, 1149.14, 20.00, 4.63, 25.56, 20.70, 0.00, 130.73, 0.00, -75.92, 40.68, 0, 0
2.00, 5.70, 24.70, 24.70, 1347.25, 20.00, 4.63, 27.22, 22.34, 0.00, 154.74, 0.00, -60.10, 30.12, 0, 0
2.00, 5.70, 25.05, 25.05, 1528.22, 20.00, 4.63, 28.89, 23.97, 0.00, 170.57, 0.00, -34.30, 21.69, 0, 0
2.00, 5.70, 25.36, 25.36, 1647.81, 20.00, 4.63, 30.00, 24.98, 0.00, 172.47, 0.00, 5.83, 18.79, 0, 0
2.00, 5.70, 25.00, 25.00, 1665.86, 20.00, 4.63, 30.56, 25.62, 0.00, 166.28, 0.00, 42.69, 23.60, 0, 0
2.00, 5.70, 25.00, 25.00, 1692.41, 20.00, 4.63, 31.11, 26.12, 0.00, 158.47, 0.00, 65.05, 32.84, 0, 0
2.00, 5.70, 25.00, 25.00, 1678.40, 20.00, 4.63, 31.11, 26.12, 0.00, 130.87, 0.00, 79.29, 43.67, 0, 0
2.00, 5.70, 25.00, 25.00, 1686.64, 20.00, 4.63, 30.56, 25.62, 0.00, 102.95, 90.00, 90.00, 54.98, 0, 0
2.00, 5.70, 25.00, 25.00, 1786.43, 20.00, 4.63, 28.89, 23.97, 67.60, 73.78, 81.49, 99.30, 66.31, 0, 0
2.00, 5.70, 25.00, 25.00, 1758.50, 20.00, 4.63, 27.78, 22.84, 127.02, 39.00, 72.24, 108.22, 77.35, 0, 0
2.00, 5.70, 25.00, 25.00, 1588.45, 20.00, 4.63, 26.11, 21.21, 0.00, 18.07, 62.57, 117.45, 87.82, 0, 0
2.00, 5.70, 25.00, 25.00, 1517.28, 20.00, 4.63, 25.00, 20.19, 0.00, 0.00, 0.00, 0.00, 90.00, 0, 0
2.00, 5.70, 25.26, 25.26, 1328.98, 20.00, 4.63, 23.33, 18.56, 0.00, 0.00, 0.00, 0.00, 90.00, 0, 0
2.00, 5.70, 24.96, 24.96, 969.64, 20.00, 4.63, 22.22, 17.44, 0.00, 0.00, 0.00, 0.00, 90.00, 0, 0
2.00, 5.70, 24.59, 24.59, 510.54, 20.00, 4.63, 21.11, 16.20, 0.00, 0.00, 0.00, 0.00, 90.00, 0, 0
2.00, 5.70, 24.19, 24.19, 47.48, 20.00, 4.63, 20.00, 15.19, 0.00, 0.00, 0.00, 0.00, 90.00, 0, 0
2.00, 5.70, 23.84, 23.84, -221.49, 20.00, 4.63, 19.44, 14.58, 0.00, 0.00, 0.00, 0.00, 90.00, 0, 0
2.00, 5.70, 23.43, 23.43, -683.16, 20.00, 4.63, 18.33, 13.46, 0.00, 0.00, 0.00, 0.00, 90.00, 0, 0
2.00, 5.70, 23.06, 23.06, -951.44, 20.00, 4.63, 17.78, 12.96, 0.00, 0.00, 0.00, 0.00, 90.00, 0, 0
2.00, 5.70, 22.72, 22.72, -1214.79, 20.00, 4.63, 17.22, 12.45, 0.00, 0.00, 0.00, 0.00, 90.00, 0, 0
2.00, 5.70, 22.56, 22.56, -1044.28, 20.00, 4.63, 17.78, 12.96, 0.00, 18.07, 65.28, -114.81, 85.19, 0, 0
2.00, 5.70, 23.15, 23.15, 502.04, 20.00, 4.63, 18.89, 14.07, 26.64, 50.11, 74.87, -105.71, 74.53, 0, 0
2.00, 5.70, 23.62, 23.62, 716.81, 20.00, 4.63, 21.11, 16.31, 8.25, 89.43, 83.96, -96.75, 63.38, 0, 0
2.00, 5.70, 24.04, 24.04, 966.07, 20.00, 4.63, 23.89, 19.07, 0.00, 115.93, 0.00, -87.19, 52.03, 0, 0
2.00, 5.70, 24.44, 24.44, 1193.36, 20.00, 4.63, 26.11, 21.21, 0.00, 134.62, 0.00, -75.78, 40.79, 0, 0
2.00, 5.70, 24.81, 24.81, 1415.59, 20.00, 4.63, 28.33, 23.34, 0.00, 149.71, 0.00, -59.95, 30.25, 0, 0
2.00, 5.70, 25.16, 25.16, 1599.46, 20.00, 4.63, 30.00, 24.98, 0.00, 159.36, 0.00, -34.20, 21.83, 0, 0
2.00, 5.70, 25.48, 25.48, 1744.68, 20.00, 4.63, 31.67, 26.62, 0.00, 160.89, 0.00, 5.70, 18.93, 0, 0
2.00, 5.70, 25.00, 25.00, 1745.03, 20.00, 4.63, 32.22, 27.12, 0.00, 161.07, 0.00, 42.42, 23.71, 0, 0
2.00, 5.70, 25.00, 25.00, 1773.50, 20.00, 4.63, 32.78, 27.62, 0.00, 149.94, 0.00, 64.81, 32.92, 0, 0
2.00, 5.70, 25.00, 25.00, 1768.74, 20.00, 4.63, 32.78, 27.76, 0.00, 129.59, 0.00, 79.09, 43.73, 0, 0
2.00, 5.70, 25.00, 25.00, 1767.01, 20.00, 4.63, 32.22, 27.12, 0.00, 96.40, 90.00, 90.00, 55.04, 0, 0
2.00, 5.70, 25.00, 25.00, 1898.68, 20.00, 4.63, 31.11, 26.12, 87.35, 62.79, 81.62, 99.15, 66.37, 0, 0
2.00, 5.70, 25.00, 25.00, 1901.26, 20.00, 4.63, 30.00, 24.98, 183.48, 32.50, 72.37, 108.08, 77.41, 0, 0
2.00, 5.70, 25.00, 25.00, 1703.61, 20.00, 4.63, 28.33, 23.34, 0.00, 18.07, 62.69, 117.33, 87.90, 0, 0
2.00, 5.70, 25.00, 25.00, 1610.20, 20.00, 4.63, 26.67, 21.71, 0.00, 0.00, 0.00, 0.00, 90.00, 0, 0
2.00, 5.70, 25.30, 25.30, 1430.33, 20.00, 4.63, 25.00, 19.95, 0.00, 0.00, 0.00, 0.00, 90.00, 0, 0
2.00, 5.70, 25.15, 25.15, 1386.03, 20.00, 4.63, 23.33, 18.32, 0.00, 0.00, 0.00, 0.00, 90.00, 0, 0
2.00, 5.70, 24.81, 24.81, 750.11, 20.00, 4.63, 21.67, 16.58, 0.00, 0.00, 0.00, 0.00, 90.00, 0, 0
2.00, 5.70, 24.34, 24.34, 92.67, 20.00, 4.63, 20.00, 14.96, 0.00, 0.00, 0.00, 0.00, 90.00, 0, 0
2.00, 5.70, 23.79, 23.79, -582.25, 20.00, 4.63, 18.33, 13.34, 0.00, 0.00, 0.00, 0.00, 90.00, 0, 0
2.00, 5.70, 23.25, 23.25, -1070.46, 20.00, 4.63, 17.22, 12.23, 0.00, 0.00, 0.00, 0.00, 90.00, 0, 0
2.00, 5.70, 22.63, 22.63, -1762.21, 20.00, 4.63, 15.56, 10.62, 0.00, 0.00, 0.00, 0.00, 90.00, 0, 0
2.00, 5.70, 21.96, 21.96, -2469.36, 20.00, 4.63, 13.89, 9.01, 0.00, 0.00, 0.00, 0.00, 90.00, 0, 0
2.00, 5.70, 21.70, 21.70, -2041.50, 20.00, 4.63, 15.00, 10.00, 0.00, 26.29, 65.37, -114.72, 85.32, 0, 0
2.00, 5.70, 22.48, 22.48, 355.01, 20.00, 4.63, 16.11, 11.12, 27.51, 49.58, 74.96, -105.61, 74.65, 0, 0
2.00, 5.70, 23.07, 23.07, 558.49, 20.00, 4.63, 17.78, 12.84, 5.82, 88.74, 84.06, -96.64, 63.50, 0, 0
2.00, 5.70, 23.54, 23.54, 761.56, 20.00, 4.63, 19.44, 14.34, 0.00, 134.72, 0.00, -87.06, 52.14, 0, 0
2.00, 5.70, 23.93, 23.93, 914.54, 20.00, 4.63, 20.56, 15.45, 0.00, 166.50, 0.00, -75.62, 40.91, 0, 0
2.00, 5.70, 24.24, 24.24, 1015.14, 20.00, 4.63, 21.11, 15.95, 0.00, 181.97, 0.00, -59.78, 30.38, 0, 0
2.00, 5.70, 24.54, 24.54, 1178.05, 20.00, 4.63, 22.22, 17.07, 0.00, 208.47, 0.00, -34.08, 21.98, 0, 0
2.00, 5.70, 24.80, 24.80, 1292.12, 20.00, 4.63, 23.33, 18.20, 0.00, 214.12, 0.00, 5.56, 19.08, 0, 0
2.00, 5.70, 25.00, 25.00, 1289.35, 20.00, 4.63, 23.33, 18.20, 0.00, 197.47, 0.00, 42.16, 23.81, 0, 0
2.00, 5.70, 25.00, 25.00, 1253.19, 20.00, 4.63, 23.33, 18.06, 0.00, 151.30, 0.00, 64.57, 33.00, 0, 0
2.00, 5.70, 25.00, 25.00, 1235.16, 20.00, 4.63, 22.78, 17.56, 0.00, 139.09, 0.00, 78.89, 43.80, 0, 0
2.00, 5.70, 25.00, 25.00, 1259.04, 20.00, 4.63, 22.22, 17.07, 0.00, 113.46, 90.00, 90.00, 55.10, 0, 0
2.00, 5.70, 25.00, 25.00, 1390.17, 20.00, 4.63, 21.67, 16.44, 4.07, 71.15, 81.76, 99.00, 66.43, 0, 0
2.00, 5.70, 25.00, 25.00, 1311.76, 20.00, 4.63, 20.56, 15.32, 5.68, 24.64, 72.50, 107.94, 77.48, 0, 0
2.00, 5.70, 25.00, 25.00, 1240.66, 20.00, 4.63, 19.44, 14.20, 0.00, 3.29, 62.82, 117.19, 87.98, 0, 0
2.00, 5.70, 25.00, 25.00, 1182.65, 20.00, 4.63, 18.33, 13.09, 0.00, 0.00, 0.00, 0.00, 90.00, 0, 0
2.00, 5.70, 25.05, 25.05, 937.24, 20.00, 4.63, 17.22, 11.97, 0.00, 0.00, 0.00, 0.00, 90.00, 0, 0
2.00, 5.70, 23.87, 23.87, -1337.85, 20.00, 4.63, 16.11, 10.86, 0.00, 0.00, 0.00, 0.00, 90.00, 0, 0
2.00, 5.70, 22.85, 22.85, -2111.07, 20.00, 4.63, 14.44, 9.27, 0.00, 0.00, 0.00, 0.00, 90.00, 0, 0
2.00, 5.70, 22.09, 22.09, -2459.19, 20.00, 4.63, 13.89, 8.65, 0.00, 0.00, 0.00, 0.00, 90.00, 0, 0
2.00, 5.70, 21.39, 21.39, -2986.41, 20.00, 4.63, 12.78, 7.55, 0.00, 0.00, 0.00, 0.00, 90.00, 0, 0
2.00, 5.70, 20.73, 20.73, -3508.46, 20.00, 4.63, 11.67, 6.57, 0.00, 0.00, 0.00, 0.00, 90.00, 0, 0
2.00, 5.70, 20.09, 20.09, -4029.13, 20.00, 4.63, 10.56, 5.47, 0.00, 0.00, 0.00, 0.00, 90.00, 0, 0
2.00, 5.70, 19.54, 19.54, -4338.98, 20.00, 4.63, 10.00, 4.73, 0.00, 0.00, 0.00, 0.00, 90.00, 0, 0
2.00, 5.70, 19.26, 19.26, -4094.16, 20.00, 4.63, 10.56, 5.35, 0.00, 27.93, 65.46, -114.62, 85.44, 0, 0
2.00, 5.70, 20.34, 20.34, -271.24, 20.00, 4.63, 12.22, 7.06, 34.97, 49.34, 75.06, -105.50, 74.77, 0, 0
2.00, 5.70, 21.12, 21.12, -32.08, 20.00, 4.63, 13.89, 8.65, 6.79, 90.90, 84.17, -96.51, 63.61, 0, 0
2.00, 5.70, 21.74, 21.74, 201.20, 20.00, 4.63, 15.56, 10.38, 0.00, 122.52, 0.00, -86.92, 52.26, 0, 0
2.00, 5.70, 22.27, 22.27, 450.98, 20.00, 4.63, 17.78, 12.46, 0.00, 151.18, 0.00, -75.46, 41.03, 0, 0
2.00, 5.70, 22.72, 22.72, 666.99, 20.00, 4.63, 19.44, 14.20, 0.00, 173.74, 0.00, -59.60, 30.51, 0, 0
2.00, 5.70, 23.13, 23.13, 863.97, 20.00, 4.63, 21.11, 15.81, 0.00, 196.13, 0.00, -33.96, 22.14, 0, 0
2.00, 5.70, 23.46, 23.46, 962.44, 20.00, 4.63, 21.67, 16.30, 0.00, 202.77, 0.00, 5.44, 19.23, 0, 0
2.00, 5.70, 23.75, 23.75, 1083.07, 20.00, 4.63, 22.78, 17.42, 0.00, 197.55, 0.00, 41.88, 23.93, 0, 0
2.00, 5.70, 23.99, 23.99, 1129.49, 20.00, 4.63, 22.78, 17.42, 0.00, 168.22, 0.00, 64.32, 33.08, 0, 0
2.00, 5.70, 24.18, 24.18, 1144.99, 20.00, 4.63, 22.78, 17.42, 0.00, 130.71, 0.00, 78.68, 43.87, 0, 0
2.00, 5.70, 24.34, 24.34, 1193.37, 20.00, 4.63, 22.78, 17.42, 0.00, 94.67, 90.00, 90.00, 55.17, 0, 0
2.00, 5.70, 24.55, 24.55, 1356.82, 20.00, 4.63, 21.67, 16.44, 80.89, 60.94, 81.90, 98.84, 66.50, 0, 0
2.00, 5.70, 24.71, 24.71, 1362.26, 20.00, 4.63, 20.00, 14.83, 190.09, 31.76, 72.63, 107.80, 77.56, 0, 0
2.00, 5.70, 24.75, 24.75, 1187.02, 20.00, 4.63, 18.89, 13.71, 0.00, 19.72, 0.00, 117.06, 88.07, 0, 0
2.00, 5.70, 24.77, 24.77, 1108.81, 20.00, 4.63, 17.78, 12.60, 0.00, 0.00, 0.00, 0.00, 90.00, 0, 0
2.00, 5.70, 24.67, 24.67, 834.07, 20.00, 4.63, 16.67, 11.49, 0.00, 0.00, 0.00, 0.00, 90.00, 0, 0
2.00, 5.70, 23.37, 23.37, -1626.51, 20.00, 4.63, 15.56, 10.50, 0.00, 0.00, 0.00, 0.00, 90.00, 0, 0
2.00, 5.70, 22.36, 22.36, -2209.46, 20.00, 4.63, 14.44, 9.39, 0.00, 0.00, 0.00, 0.00, 90.00, 0, 0
2.00, 5.70, 21.61, 21.61, -2556.33, 20.00, 4.63, 13.89, 8.78, 0.00, 0.00, 0.00, 0.00, 90.00, 0, 0
2.00, 5.70, 21.01, 21.01, -2875.32, 20.00, 4.63, 13.33, 8.16, 0.00, 0.00, 0.00, 0.00, 90.00, 0, 0
2.00, 5.70, 20.49, 20.49, -3177.20, 20.00, 4.63, 12.78, 7.67, 0.00, 0.00, 0.00, 0.00, 90.00, 0, 0
2.00, 5.70, 20.03, 20.03, -3468.68, 20.00, 4.63, 12.22, 7.06, 0.00, 0.00, 0.00, 0.00, 90.00, 0, 0
2.00, 5.70, 19.61, 19.61, -3753.59, 20.00, 4.63, 11.67, 6.57, 0.00, 0.00, 0.00, 0.00, 90.00, 0, 0
2.00, 5.70, 19.47, 19.47, -3363.54, 20.00, 4.63, 12.78, 7.79, 0.00, 31.22, 65.56, -114.52, 85.57, 0, 0
2.00, 5.70, 20.39, 20.39, -186.74, 20.00, 4.63, 15.00, 10.00, 88.49, 41.50, 75.16, -105.38, 74.89, 0, 0
2.00, 5.70, 21.07, 21.07, 32.50, 20.00, 4.63, 17.22, 12.23, 14.49, 73.68, 84.28, -96.38, 63.73, 0, 0
2.00, 5.70, 21.62, 21.62, 276.33, 20.00, 4.63, 19.44, 14.34, 0.00, 102.97, 0.00, -86.77, 52.37, 0, 0
2.00, 5.70, 22.11, 22.11, 515.96, 20.00, 4.63, 21.67, 16.58, 0.00, 123.55, 0.00, -75.29, 41.15, 0, 0
2.00, 5.70, 22.54, 22.54, 752.38, 20.00, 4.63, 23.89, 18.82, 0.00, 144.58, 0.00, -59.41, 30.64, 0, 0
2.00, 5.70, 22.94, 22.94, 946.35, 20.00, 4.63, 25.56, 20.31, 0.00, 156.12, 0.00, -33.83, 22.29, 0, 0
2.00, 5.70, 23.28, 23.28, 1074.55, 20.00, 4.63, 26.67, 21.44, 0.00, 167.33, 0.00, 5.32, 19.39, 0, 0
2.00, 5.70, 23.58, 23.58, 1199.34, 20.00, 4.63, 27.22, 22.08, 0.00, 163.60, 0.00, 41.61, 24.05, 0, 0
2.00, 5.70, 23.84, 23.84, 1270.03, 20.00, 4.63, 27.78, 22.57, 0.00, 147.44, 0.00, 64.07, 33.17, 0, 0
2.00, 5.70, 24.05, 24.05, 1301.16, 20.00, 4.63, 27.78, 22.57, 0.00, 124.70, 0.00, 78.47, 43.95, 0, 0
2.00, 5.70, 24.23, 24.23, 1331.03, 20.00, 4.63, 27.22, 22.08, 0.00, 96.77, 90.00, 90.00, 55.24, 0, 0
2.00, 5.70, 24.44, 24.44, 1488.72, 20.00, 4.63, 26.11, 20.95, 78.68, 63.46, 82.04, 98.68, 66.58, 0, 0
2.00, 5.70, 24.60, 24.60, 1486.96, 20.00, 4.63, 24.44, 19.32, 173.97, 31.25, 72.77, 107.65, 77.64, 0, 0
2.00, 5.70, 24.65, 24.65, 1299.03, 20.00, 4.63, 22.78, 17.70, 0.00, 18.07, 0.00, 116.92, 88.16, 0, 0
2.00, 5.70, 24.67, 24.67, 1226.81, 20.00, 4.63, 21.67, 16.70, 0.00, 0.00, 0.00, 0.00, 90.00, 0, 0
2.00, 5.70, 24.60, 24.60, 1008.00, 20.00, 4.63, 20.56, 15.58, 0.00, 0.00, 0.00, 0.00, 90.00, 0, 0
2.00, 5.70, 23.83, 23.83, -221.17, 20.00, 4.63, 19.44, 14.46, 0.00, 0.00, 0.00, 0.00, 90.00, 0, 0
2.00, 5.70, 23.17, 23.17, -733.50, 20.00, 4.63, 18.33, 13.34, 0.00, 0.00, 0.00, 0.00, 90.00, 0, 0
2.00, 5.70, 22.57, 22.57, -1233.94, 20.00, 4.63, 17.22, 12.23, 0.00, 0.00, 0.00, 0.00, 90.00, 0, 0
2.00, 5.70, 22.09, 22.09, -1526.86, 20.00, 4.63, 16.67, 11.61, 0.00, 0.00, 0.00, 0.00, 90.00, 0, 0
2.00, 5.70, 21.67, 21.67, -1806.85, 20.00, 4.63, 16.11, 11.12, 0.00, 0.00, 0.00, 0.00, 90.00, 0, 0
2.00, 5.70, 21.20, 21.20, -2283.17, 20.00, 4.63, 15.00, 10.00, 0.00, 0.00, 0.00, 0.00, 90.00, 0, 0
2.00, 5.70, 20.79, 20.79, -2561.10, 20.00, 4.63, 14.44, 9.51, 0.00, 0.00, 0.00, 0.00, 90.00, 0, 0
2.00, 5.70, 20.66, 20.66, -2182.68, 20.00, 4.63, 15.56, 10.62, 0.00, 24.65, 65.66, -114.41, 85.71, 0, 0
2.00, 5.70, 21.34, 21.34, 82.19, 20.00, 4.63, 17.22, 12.34, 61.37, 45.87, 75.27, -105.26, 75.01, 0, 0
2.00, 5.70, 21.86, 21.86, 257.24, 20.00, 4.63, 18.89, 13.96, 10.26, 79.87, 84.39, -96.25, 63.85, 0, 0
2.00, 5.70, 22.30, 22.30, 482.17, 20.00, 4.63, 21.11, 16.20, 0.00, 116.68, 0.00, -86.61, 52.49, 0, 0
2.00, 5.70, 22.70, 22.70, 708.79, 20.00, 4.63, 23.33, 18.45, 0.00, 139.92, 0.00, -75.11, 41.27, 0, 0
2.00, 5.70, 23.08, 23.08, 934.58, 20.00, 4.63, 25.56, 20.58, 0.00, 151.95, 0.00, -59.21, 30.78, 0, 0
2.00, 5.70, 23.42, 23.42, 1096.09, 20.00, 4.63, 26.67, 21.71, 0.00, 160.00, 0.00, -33.68, 22.46, 0, 0
2.00, 5.70, 23.73, 23.73, 1240.18, 20.00, 4.63, 28.33, 23.34, 0.00, 163.07, 0.00, 5.21, 19.56, 0, 0
2.00, 5.70, 24.01, 24.01, 1364.51, 20.00, 4.63, 28.89, 23.85, 0.00, 156.18, 0.00, 41.33, 24.18, 0, 0
2.00, 5.70, 24.25, 24.25, 1436.41, 20.00, 4.63, 29.44, 24.48, 0.00, 138.24, 0.00, 63.81, 33.27, 0, 0
2.00, 5.70, 24.45, 24.45, 1462.26, 20.00, 4.63, 29.44, 24.48, 0.00, 115.63, 0.00, 78.25, 44.03, 0, 0
2.00, 5.70, 24.62, 24.62, 1489.59, 20.00, 4.63, 28.89, 23.97, 0.00, 98.72, 90.00, 90.00, 55.32, 0, 0
2.00, 5.70, 24.82, 24.82, 1621.08, 20.00, 4.63, 27.78, 22.84, 55.59, 74.44, 82.19, 98.52, 66.66, 0, 0
2.00, 5.70, 24.94, 24.94, 1555.30, 20.00, 4.63, 26.11, 21.32, 81.36, 38.51, 72.91, 107.50, 77.73, 0, 0
2.00, 5.70, 24.99, 24.99, 1440.08, 20.00, 4.63, 25.00, 20.19, 0.00, 13.14, 0.00, 116.78, 88.26, 0, 0
2.00, 5.70, 25.00, 25.00, 1403.47, 20.00, 4.63, 24.44, 19.69, 0.00, 0.00, 0.00, 0.00, 90.00, 0, 0
2.00, 5.70, 24.96, 24.96, 1199.02, 20.00, 4.63, 23.33, 18.56, 0.00, 0.00, 0.00, 0.00, 90.00, 0, 0
2.00, 5.70, 24.52, 24.52, 825.97, 20.00, 4.63, 22.22, 17.44, 0.00, 0.00, 0.00, 0.00, 90.00, 0, 0
2.00, 5.70, 24.08, 24.08, 360.17, 20.00, 4.63, 21.11, 16.42, 0.00, 0.00, 0.00, 0.00, 90.00, 0, 0
2.00, 5.70, 23.71, 23.71, 91.44, 20.00, 4.63, 20.56, 15.81, 0.00, 0.00, 0.00, 0.00, 90.00, 0, 0
2.00, 5.70, 23.38, 23.38, -168.17, 20.00, 4.63, 20.00, 15.19, 0.00, 0.00, 0.00, 0.00, 90.00, 0, 0
2.00, 5.70, 23.07, 23.07, -422.42, 20.00, 4.63, 19.44, 14.69, 0.00, 0.00, 0.00, 0.00, 90.00, 0, 0
2.00, 5.70, 22.77, 22.77, -673.73, 20.00, 4.63, 18.89, 14.18, 0.00, 0.00, 0.00, 0.00, 90.00, 0, 0
2.00, 5.70, 22.48, 22.48, -923.57, 20.00, 4.63, 18.33, 13.67, 0.00, 0.00, 0.00, 0.00, 90.00, 0, 0
2.00, 5.70, 22.53, 22.53, -337.43, 20.00, 4.63, 20.00, 15.30, 0.00, 29.57, 65.77, -114.30, 85.84, 0, 0
2.00, 5.70, 22.99, 22.99, 619.62, 20.00, 4.63, 21.67, 17.03, 103.31, 39.70, 75.39, -105.13, 75.14, 0, 0
2.00, 5.70, 23.36, 23.36, 773.62, 20.00, 4.63, 23.89, 19.28, 13.76, 71.61, 84.52, -96.10, 63.97, 0, 0
2.00, 5.70, 23.70, 23.70, 974.56, 20.00, 4.63, 26.11, 21.43, 0.00, 106.35, 0.00, -86.45, 52.61, 0, 0
2.00, 5.70, 24.02, 24.02, 1163.69, 20.00, 4.63, 27.78, 23.08, 0.00, 140.02, 0.00, -74.92, 41.40, 0, 0
2.00, 5.70, 24.34, 24.34, 1353.66, 20.00, 4.63, 29.44, 24.72, 0.00, 164.61, 0.00, -59.01, 30.92, 0, 0
2.00, 5.70, 24.65, 24.65, 1532.37, 20.00, 4.63, 31.11, 26.37, 0.00, 177.31, 0.00, -33.53, 22.62, 0, 0
2.00, 5.70, 24.92, 24.92, 1649.92, 20.00, 4.63, 32.22, 27.50, 0.00, 177.96, 0.00, 5.10, 19.73, 0, 0
2.00, 5.70, 25.00, 25.00, 1753.81, 20.00, 4.63, 33.33, 28.53, 0.00, 169.64, 0.00, 41.06, 24.32, 0, 0
2.00, 5.70, 25.00, 25.00, 1771.73, 20.00, 4.63, 33.33, 28.53, 0.00, 159.78, 0.00, 63.55, 33.38, 0, 0
2.00, 5.70, 25.00, 25.00, 1764.81, 20.00, 4.63, 33.33, 28.53, 0.00, 129.69, 0.00, 78.03, 44.12, 0, 0
2.00, 5.70, 25.00, 25.00, 1766.49, 20.00, 4.63, 32.78, 28.02, 0.00, 98.20, 90.00, 90.00, 55.41, 0, 0
2.00, 5.70, 25.00, 25.00, 1921.54, 20.00, 4.63, 32.22, 27.50, 61.88, 75.40, 82.34, 98.35, 66.75, 0, 0
2.00, 5.70, 25.00, 25.00, 1850.61, 20.00, 4.63, 30.56, 25.86, 99.29, 34.73, 73.06, 107.35, 77.82, 0, 0
2.00, 5.70, 25.00, 25.00, 1695.00, 20.00, 4.63, 28.89, 24.21, 0.00, 6.57, 0.00, 116.64, 88.36, 0, 0
2.00, 5.70, 25.00, 25.00, 1638.56, 20.00, 4.63, 27.78, 23.08, 0.00, 0.00, 0.00, 0.00, 90.00, 0, 0
2.00, 5.70, 25.20, 25.20, 1442.27, 20.00, 4.63, 26.11, 21.43, 0.00, 0.00, 0.00, 0.00, 90.00, 0, 0
2.00, 5.70, 25.21, 25.21, 1917.00, 20.00, 4.63, 25.00, 20.30, 0.00, 0.00, 0.00, 0.00, 90.00, 0, 0
2.00, 5.70, 24.98, 24.98, 1307.51, 20.00, 4.63, 23.33, 18.67, 0.00, 0.00, 0.00, 0.00, 90.00, 0, 0
2.00, 5.70, 24.75, 24.75, 1060.86, 20.00, 4.63, 22.78, 18.05, 0.00, 0.00, 0.00, 0.00, 90.00, 0, 0
2.00, 5.70, 24.44, 24.44, 622.45, 20.00, 4.63, 21.67, 17.03, 0.00, 0.00, 0.00, 0.00, 90.00, 0, 0
2.00, 5.70, 24.08, 24.08, 174.39, 20.00, 4.63, 20.56, 15.91, 0.00, 0.00, 0.00, 0.00, 90.00, 0, 0
2.00, 5.70, 23.75, 23.75, -83.58, 20.00, 4.63, 20.00, 15.30, 0.00, 0.00, 0.00, 0.00, 90.00, 0, 0
2.00, 5.70, 23.36, 23.36, -535.70, 20.00, 4.63, 18.89, 14.28, 0.00, 0.00, 0.00, 0.00, 90.00, 0, 0
2.00, 5.70, 23.18, 23.18, -369.31, 20.00, 4.63, 19.44, 14.79, 0.00, 19.72, 65.89, -114.18, 85.98, 0, 0
2.00, 5.70, 23.65, 23.65, 754.23, 20.00, 4.63, 21.67, 17.03, 69.31, 47.05, 75.51, -105.00, 75.27, 0, 0
2.00, 5.70, 24.03, 24.03, 926.10, 20.00, 4.63, 23.89, 19.18, 12.74, 73.37, 84.65, -95.95, 64.10, 0, 0
2.00, 5.70, 24.38, 24.38, 1128.39, 20.00, 4.63, 26.11, 21.43, 0.00, 103.48, 0.00, -86.28, 52.74, 0, 0
2.00, 5.70, 24.71, 24.71, 1316.52, 20.00, 4.63, 27.78, 23.08, 0.00, 129.89, 0.00, -74.73, 41.53, 0, 0
2.00, 5.70, 25.03, 25.03, 1531.58, 20.00, 4.63, 30.00, 25.23, 0.00, 151.74, 0.00, -58.79, 31.07, 0, 0
2.00, 5.70, 25.35, 25.35, 1710.50, 20.00, 4.63, 31.67, 26.75, 0.00, 169.84, 0.00, -33.37, 22.80, 0, 0
2.00, 5.70, 25.63, 25.63, 1827.32, 20.00, 4.63, 32.78, 27.89, 0.00, 177.59, 0.00, 5.00, 19.92, 0, 0
2.00, 5.70, 25.00, 25.00, 1810.60, 20.00, 4.63, 33.33, 28.40, 0.00, 167.34, 0.00, 40.78, 24.46, 0, 0
2.00, 5.70, 25.00, 25.00, 1840.34, 20.00, 4.63, 33.89, 28.91, 0.00, 143.03, 0.00, 63.28, 33.49, 0, 0
2.00, 5.70, 25.00, 25.00, 1833.28, 20.00, 4.63, 33.89, 29.03, 0.00, 118.09, 0.00, 77.81, 44.21, 0, 0
2.00, 5.70, 25.00, 25.00, 1851.55, 20.00, 4.63, 33.89, 28.91, 0.00, 88.42, 90.00, 90.00, 55.50, 0, 0
2.00, 5.70, 25.00, 25.00, 1978.98, 20.00, 4.63, 32.78, 27.76, 77.03, 59.41, 82.49, 98.17, 66.84, 0, 0
2.00, 5.70, 25.00, 25.00, 1947.35, 20.00, 4.63, 31.11, 26.25, 158.59, 31.75, 73.20, 107.19, 77.92, 0, 0
2.00, 5.70, 25.00, 25.00, 1764.96, 20.00, 4.63, 29.44, 24.48, 0.00, 14.79, 0.00, 116.49, 88.47, 0, 0
2.00, 5.70, 25.00, 25.00, 1676.22, 20.00, 4.63, 27.78, 22.84, 0.00, 0.00, 0.00, 0.00, 90.00, 0, 0
2.00, 5.70, 25.32, 25.32, 1497.76, 20.00, 4.63, 26.11, 21.21, 0.00, 0.00, 0.00, 0.00, 90.00, 0, 0
2.00, 5.70, 25.31, 25.31, 1788.41, 20.00, 4.63, 24.44, 19.57, 0.00, 0.00, 0.00, 0.00, 90.00, 0, 0
2.00, 5.70, 24.99, 24.99, 977.29, 20.00, 4.63, 22.22, 17.32, 0.00, 0.00, 0.00, 0.00, 90.00, 0, 0
2.00, 5.70, 24.61, 24.61, 519.86, 20.00, 4.63, 21.11, 16.20, 0.00, 0.00, 0.00, 0.00, 90.00, 0, 0
2.00, 5.70, 24.20, 24.20, 57.68, 20.00, 4.63, 20.00, 15.08, 0.00, 0.00, 0.00, 0.00, 90.00, 0, 0
2.00, 5.70, 23.68, 23.68, -608.83, 20.00, 4.63, 18.33, 13.46, 0.00, 0.00, 0.00, 0.00, 90.00, 0, 0
2.00, 5.70, 23.08, 23.08, -1293.22, 20.00, 4.63, 16.67, 11.84, 0.00, 0.00, 0.00, 0.00, 90.00, 0, 0
2.00, 5.70, 22.51, 22.51, -1788.96, 20.00, 4.63, 15.56, 10.73, 0.00, 0.00, 0.00, 0.00, 90.00, 0, 0
2.00, 5.70, 22.12, 22.12, -1844.90, 20.00, 4.63, 15.56, 10.73, 0.00, 19.72, 66.01, -114.05, 86.12, 0, 0
2.00, 5.70, 22.83, 22.83, 462.25, 20.00, 4.63, 17.78, 12.84, 79.31, 45.07, 75.63, -104.86, 75.40, 0, 0
2.00, 5.70, 23.37, 23.37, 658.42, 20.00, 4.63, 20.00, 15.08, 14.51, 72.20, 84.78, -95.80, 64.22, 0, 0
2.00, 5.70, 23.83, 23.83, 874.74, 20.00, 4.63, 22.22, 17.32, 0.00, 100.61, 0.00, -86.10, 52.86, 0, 0
2.00, 5.70, 24.22, 24.22, 1069.96, 20.00, 4.63, 23.89, 19.07, 0.00, 136.88, 0.00, -74.52, 41.66, 0, 0
2.00, 5.70, 24.58, 24.58, 1263.75, 20.00, 4.63, 25.56, 20.70, 0.00, 174.98, 0.00, -58.56, 31.22, 0, 0
2.00, 5.70, 24.92, 24.92, 1444.29, 20.00, 4.63, 27.22, 22.34, 0.00, 187.76, 0.00, -33.20, 22.97, 0, 0
2.00, 5.70, 25.21, 25.21, 1561.95, 20.00, 4.63, 28.33, 23.47, 0.00, 179.89, 0.00, 4.91, 20.10, 0, 0
2.00, 5.70, 25.00, 25.00, 1601.63, 20.00, 4.63, 28.89, 23.97, 0.00, 175.79, 0.00, 40.50, 24.61, 0, 0
2.00, 5.70, 25.00, 25.00, 1623.36, 20.00, 4.63, 29.44, 24.48, 0.00, 165.24, 0.00, 63.01, 33.60, 0, 0
2.00, 5.70, 25.00, 25.00, 1585.68, 20.00, 4.63, 28.89, 24.10, 0.00, 135.75, 0.00, 77.57, 44.31, 0, 0
2.00, 5.70, 25.00, 25.00, 1580.86, 20.00, 4.63, 28.33, 23.47, 0.00, 102.10, 90.00, 90.00, 55.59, 0, 0
2.00, 5.70, 25.00, 25.00, 1689.80, 20.00, 4.63, 27.22, 22.45, 44.02, 71.38, 82.65, 98.00, 66.93, 0, 0
2.00, 5.70, 25.00, 25.00, 1630.38, 20.00, 4.63, 25.56, 20.81, 99.34, 36.07, 73.36, 107.03, 78.03, 0, 0
2.00, 5.70, 25.00, 25.00, 1502.07, 20.00, 4.63, 24.44, 19.79, 0.00, 16.43, 0.00, 116.34, 88.59, 0, 0
2.00, 5.70, 25.00, 25.00, 1455.65, 20.00, 4.63, 23.89, 19.28, 0.00, 0.00, 0.00, 0.00, 90.00, 0, 0
2.00, 5.70, 25.24, 25.24, 1312.58, 20.00, 4.63, 23.33, 18.77, 0.00, 0.00, 0.00, 0.00, 90.00, 0, 0
2.00, 5.70, 25.01, 25.01, 1147.91, 20.00, 4.63, 22.78, 18.26, 0.00, 0.00, 0.00, 0.00, 90.00, 0, 0
2.00, 5.70, 24.69, 24.69, 699.76, 20.00, 4.63, 21.67, 17.13, 0.00, 0.00, 0.00, 0.00, 90.00, 0, 0
2.00, 5.70, 24.48, 24.48, 637.20, 20.00, 4.63, 21.67, 17.03, 0.00, 0.00, 0.00, 0.00, 90.00, 0, 0
2.00, 5.70, 24.33, 24.33, 589.68, 20.00, 4.63, 21.67, 17.03, 0.00, 0.00, 0.00, 0.00, 90.00, 0, 0
2.00, 5.70, 24.30, 24.30, 747.15, 20.00, 4.63, 22.22, 17.54, 0.00, 0.00, 0.00, 0.00, 90.00, 0, 0
2.00, 5.70, 24.27, 24.27, 725.41, 20.00, 4.63, 22.22, 17.65, 0.00, 0.00, 0.00, 0.00, 90.00, 0, 0
2.00, 5.70, 24.24, 24.24, 705.53, 20.00, 4.63, 22.22, 17.65, 0.00, 0.00, 0.00, 0.00, 90.00, 0, 0
2.00, 5.70, 24.32, 24.32, 976.32, 20.00, 4.63, 22.78, 18.35, 0.00, 8.22, 66.14, -113.92, 86.26, 0, 0
2.00, 5.70, 24.63, 24.63, 1022.97, 20.00, 4.63, 23.89, 19.48, 1.82, 36.53, 75.77, -104.71, 75.54, 0, 0
2.00, 5.70, 24.93, 24.93, 1208.52, 20.00, 4.63, 25.56, 21.12, 4.81, 86.54, 84.92, -95.63, 64.35, 0, 0
2.00, 5.70, 25.23, 25.23, 1426.37, 20.00, 4.63, 27.78, 23.38, 0.00, 121.36, 0.00, -85.92, 52.99, 0, 0
2.00, 5.70, 25.54, 25.54, 1642.72, 20.00, 4.63, 30.00, 25.55, 0.00, 140.00, 0.00, -74.31, 41.80, 0, 0
2.00, 5.70, 25.87, 25.87, 1865.98, 20.00, 4.63, 32.22, 27.72, 0.00, 155.95, 0.00, -58.33, 31.37, 0, 0
2.00, 5.70, 26.19, 26.19, 2053.37, 20.00, 4.63, 33.89, 29.27, 0.00, 162.50, 0.00, -33.02, 23.16, 0, 0
2.00, 5.70, 26.49, 26.49, 2173.18, 20.00, 4.63, 35.00, 30.41, 0.00, 161.21, 0.00, 4.82, 20.30, 0, 0
2.00, 5.70, 25.00, 25.00, 2014.78, 20.00, 4.63, 36.11, 31.55, 0.00, 154.55, 0.00, 40.22, 24.77, 0, 0
2.00, 5.70, 25.00, 25.00, 2044.83, 20.00, 4.63, 36.67, 32.07, 0.00, 138.79, 0.00, 62.73, 33.72, 0, 0
2.00, 5.70, 25.00, 25.00, 2017.37, 20.00, 4.63, 36.11, 31.55, 0.00, 115.43, 0.00, 77.34, 44.42, 0, 0
2.00, 5.70, 25.00, 25.00, 2037.85, 20.00, 4.63, 36.11, 31.55, 0.00, 87.02, 90.00, 90.00, 55.69, 0, 0
2.00, 5.70, 25.00, 25.00, 2210.17, 20.00, 4.63, 36.11, 31.55, 66.27, 66.88, 82.81, 97.81, 67.04, 0, 0
2.00, 5.70, 25.00, 25.00, 2180.83, 20.00, 4.63, 35.00, 30.41, 115.32, 37.70, 73.51, 106.86, 78.14, 0, 0
2.00, 5.70, 25.00, 25.00, 2046.84, 20.00, 4.63, 33.89, 29.38, 0.00, 13.14, 0.00, 116.19, 88.71, 0, 0
2.00, 5.70, 25.00, 25.00, 1991.75, 20.00, 4.63, 32.78, 28.24, 0.00, 0.00, 0.00, 0.00, 90.00, 0, 0
2.00, 5.70, 25.55, 25.55, 1833.81, 20.00, 4.63, 31.67, 27.21, 0.00, 0.00, 0.00, 0.00, 90.00, 0, 0
2.00, 5.70, 26.41, 26.41, 3964.79, 20.00, 4.63, 30.56, 26.07, 0.00, 0.00, 0.00, 0.00, 90.00, 0, 0
2.00, 5.70, 26.80, 26.80, 3650.11, 20.00, 4.63, 29.44, 24.94, 0.00, 0.00, 0.00, 0.00, 90.00, 0, 0
2.00, 5.70, 26.84, 26.84, 3105.61, 20.00, 4.63, 27.78, 23.29, 0.00, 0.00, 0.00, 0.00, 90.00, 0, 0
2.00, 5.70, 26.65, 26.65, 2521.14, 20.00, 4.63, 26.11, 21.64, 0.00, 0.00, 0.00, 0.00, 90.00, 0, 0
2.00, 5.70, 26.39, 26.39, 2099.53, 20.00, 4.63, 25.00, 20.51, 0.00, 0.00, 0.00, 0.00, 90.00, 0, 0
2.00, 5.70, 25.99, 25.99, 1475.26, 20.00, 4.63, 23.33, 18.87, 0.00, 0.00, 0.00, 0.00, 90.00, 0, 0
2.00, 5.70, 25.49, 25.49, 830.19, 20.00, 4.63, 21.67, 17.23, 0.00, 0.00, 0.00, 0.00, 90.00, 0, 0
2.00, 5.70, 25.29, 25.29, 1064.17, 20.00, 4.63, 22.22, 17.84, 0.00, 24.65, 66.27, -113.78, 86.41, 0, 0
2.00, 5.70, 25.66, 25.66, 1390.20, 20.00, 4.63, 24.44, 19.99, 94.60, 39.42, 75.91, -104.56, 75.67, 0, 0
2.00, 5.70, 25.97, 25.97, 1541.92, 20.00, 4.63, 26.67, 22.16, 14.06, 66.98, 85.07, -95.47, 64.48, 0, 0
2.00, 5.70, 26.26, 26.26, 1712.38, 20.00, 4.63, 28.33, 23.80, 0.00, 98.22, 0.00, -85.73, 53.12, 0, 0
2.00, 5.70, 26.55, 26.55, 1896.41, 20.00, 4.63, 30.00, 25.45, 0.00, 137.44, 0.00, -74.09, 41.94, 0, 0
2.00, 5.70, 26.85, 26.85, 2082.46, 20.00, 4.63, 31.67, 27.10, 0.00, 170.48, 0.00, -58.08, 31.53, 0, 0
2.00, 5.70, 27.14, 27.14, 2262.20, 20.00, 4.63, 33.33, 28.76, 0.00, 181.72, 0.00, -32.83, 23.34, 0, 0
2.00, 5.70, 27.41, 27.41, 2376.13, 20.00, 4.63, 34.44, 29.79, 0.00, 189.61, 0.00, 4.74, 20.49, 0, 0
2.00, 5.70, 25.00, 25.00, 2028.11, 20.00, 4.63, 35.00, 30.41, 0.00, 190.58, 0.00, 39.94, 24.93, 0, 0
2.00, 5.70, 25.00, 25.00, 2028.86, 20.00, 4.63, 35.00, 30.30, 0.00, 173.37, 0.00, 62.46, 33.85, 0, 0
2.00, 5.70, 25.00, 25.00, 2049.30, 20.00, 4.63, 35.56, 30.81, 0.00, 138.05, 0.00, 77.10, 44.53, 0, 0
2.00, 5.70, 25.00, 25.00, 2050.82, 20.00, 4.63, 35.00, 30.30, 0.00, 99.46, 90.00, 90.00, 55.80, 0, 0
2.00, 5.70, 25.00, 25.00, 2166.31, 20.00, 4.63, 33.89, 29.27, 65.40, 63.78, 82.97, 97.63, 67.14, 0, 0
2.00, 5.70, 25.00, 25.00, 2153.08, 20.00, 4.63, 32.78, 28.13, 148.75, 32.41, 73.67, 106.69, 78.25, 0, 0
2.00, 5.70, 25.00, 25.00, 1977.33, 20.00, 4.63, 31.11, 26.59, 0.00, 14.79, 0.00, 116.03, 88.84, 0, 0
2.00, 5.70, 25.00, 25.00, 1913.40, 20.00, 4.63, 30.00, 25.45, 0.00, 0.00, 0.00, 0.00, 90.00, 0, 0
2.00, 5.70, 25.63, 25.63, 1763.45, 20.00, 4.63, 28.89, 24.32, 0.00, 0.00, 0.00, 0.00, 90.00, 0, 0
2.00, 5.70, 26.12, 26.12, 2901.16, 20.00, 4.63, 27.22, 22.67, 0.00, 0.00, 0.00, 0.00, 90.00, 0, 0
2.00, 5.70, 26.26, 26.26, 2533.66, 20.00, 4.63, 26.11, 21.54, 0.00, 0.00, 0.00, 0.00, 90.00, 0, 0
2.00, 5.70, 26.20, 26.20, 2136.05, 20.00, 4.63, 25.00, 20.41, 0.00, 0.00, 0.00, 0.00, 90.00, 0, 0
2.00, 5.70, 26.01, 26.01, 1718.23, 20.00, 4.63, 23.89, 19.38, 0.00, 0.00, 0.00, 0.00, 90.00, 0, 0
2.00, 5.70, 25.73, 25.73, 1285.97, 20.00, 4.63, 22.78, 18.26, 0.00, 0.00, 0.00, 0.00, 90.00, 0, 0
2.00, 5.70, 25.46, 25.46, 1037.91, 20.00, 4.63, 22.22, 17.65, 0.00, 0.00, 0.00, 0.00, 90.00, 0, 0
2.00, 5.70, 25.12, 25.12, 596.48, 20.00, 4.63, 21.11, 16.62, 0.00, 0.00, 0.00, 0.00, 90.00, 0, 0
2.00, 5.70, 24.89, 24.89, 556.68, 20.00, 4.63, 21.11, 16.62, 0.00, 9.86, 66.41, -113.63, 86.56, 0, 0
2.00, 5.70, 25.31, 25.31, 1139.02, 20.00, 4.63, 22.78, 18.26, 33.46, 45.75, 76.05, -104.40, 75.81, 0, 0
2.00, 5.70, 25.66, 25.66, 1324.84, 20.00, 4.63, 25.00, 20.51, 9.33, 77.09, 85.22, -95.29, 64.62, 0, 0
2.00, 5.70, 26.00, 26.00, 1527.01, 20.00, 4.63, 27.22, 22.67, 0.00, 109.02, 0.00, -85.53, 53.26, 0, 0
2.00, 5.70, 26.32, 26.32, 1737.89, 20.00, 4.63, 29.44, 24.83, 0.00, 138.44, 0.00, -73.86, 42.08, 0, 0
2.00, 5.70, 26.64, 26.64, 1928.54, 20.00, 4.63, 31.11, 26.48, 0.00, 157.37, 0.00, -57.83, 31.69, 0, 0
2.00, 5.70, 26.95, 26.95, 2104.29, 20.00, 4.63, 32.78, 28.13, 0.00, 170.65, 0.00, -32.63, 23.54, 0, 0
2.00, 5.70, 27.23, 27.23, 2215.39, 20.00, 4.63, 33.89, 29.16, 0.00, 179.56, 0.00, 4.66, 20.70, 0, 0
2.00, 5.70, 25.00, 25.00, 1947.93, 20.00, 4.63, 35.00, 30.30, 0.00, 171.09, 0.00, 39.66, 25.10, 0, 0
2.00, 5.70, 25.00, 25.00, 1949.96, 20.00, 4.63, 35.00, 30.30, 0.00, 157.46, 0.00, 62.18, 33.99, 0, 0
2.00, 5.70, 25.00, 25.00, 1932.79, 20.00, 4.63, 35.00, 30.30, 0.00, 131.71, 0.00, 76.86, 44.65, 0, 0
2.00, 5.70, 25.00, 25.00, 1930.51, 20.00, 4.63, 34.44, 29.79, 0.00, 102.92, 90.00, 90.00, 55.91, 0, 0
2.00, 5.70, 25.00, 25.00, 2040.09, 20.00, 4.63, 33.33, 28.64, 36.22, 74.79, 83.14, 97.44, 67.26, 0, 0
2.00, 5.70, 25.00, 25.00, 1963.13, 20.00, 4.63, 32.22, 27.50, 40.44, 32.12, 73.83, 106.52, 78.37, 0, 0
2.00, 5.70, 25.00, 25.00, 1843.81, 20.00, 4.63, 30.56, 25.97, 0.00, 4.93, 0.00, 115.87, 88.97, 0, 0
2.00, 5.70, 25.00, 25.00, 1790.10, 20.00, 4.63, 29.44, 24.83, 0.00, 0.00, 0.00, 0.00, 90.00, 0, 0
2.00, 5.70, 25.60, 25.60, 1663.64, 20.00, 4.63, 27.78, 23.18, 0.00, 0.00, 0.00, 0.00, 90.00, 0, 0
2.00, 5.70, 26.02, 26.02, 2666.39, 20.00, 4.63, 26.67, 22.05, 0.00, 0.00, 0.00, 0.00, 90.00, 0, 0
2.00, 5.70, 26.05, 26.05, 2104.30, 20.00, 4.63, 25.00, 20.41, 0.00, 0.00, 0.00, 0.00, 90.00, 0, 0
2.00, 5.70, 25.90, 25.90, 1693.85, 20.00, 4.63, 23.89, 19.28, 0.00, 0.00, 0.00, 0.00, 90.00, 0, 0
2.00, 5.70, 25.65, 25.65, 1266.41, 20.00, 4.63, 22.78, 18.16, 0.00, 0.00, 0.00, 0.00, 90.00, 0, 0
2.00, 5.70, 25.33, 25.33, 826.55, 20.00, 4.63, 21.67, 17.13, 0.00, 0.00, 0.00, 0.00, 90.00, 0, 0
2.00, 5.70, 24.95, 24.95, 376.83, 20.00, 4.63, 20.56, 16.01, 0.00, 0.00, 0.00, 0.00, 90.00, 0, 0
2.00, 5.70, 24.54, 24.54, -81.10, 20.00, 4.63, 19.44, 14.89, 0.00, 0.00, 0.00, 0.00, 90.00, 0, 0
2.00, 5.70, 24.42, 24.42, 280.95, 20.00, 4.63, 20.56, 16.01, 0.00, 24.65, 66.56, -113.48, 86.71, 0, 0
2.00, 5.70, 24.92, 24.92, 1037.06, 20.00, 4.63, 22.22, 17.65, 45.47, 45.60, 76.20, -104.23, 75.95, 0, 0
2.00, 5.70, 25.32, 25.32, 1196.76, 20.00, 4.63, 23.89, 19.38, 7.45, 81.69, 85.38, -95.11, 64.75, 0, 0
2.00, 5.70, 25.67, 25.67, 1376.85, 20.00, 4.63, 25.56, 21.03, 0.00, 115.85, 0.00, -85.32, 53.39, 0, 0
2.00, 5.70, 26.01, 26.01, 1590.08, 20.00, 4.63, 27.78, 23.18, 0.00, 143.14, 0.00, -73.63, 42.22, 0, 0
2.00, 5.70, 26.33, 26.33, 1780.58, 20.00, 4.63, 29.44, 24.83, 0.00, 162.38, 0.00, -57.57, 31.85, 0, 0
2.00, 5.70, 26.65, 26.65, 1961.49, 20.00, 4.63, 31.11, 26.48, 0.00, 176.14, 0.00, -32.42, 23.73, 0, 0
2.00, 5.70, 26.94, 26.94, 2103.22, 20.00, 4.63, 32.78, 28.02, 0.00, 173.91, 0.00, 4.59, 20.91, 0, 0
2.00, 5.70, 25.00, 25.00, 1880.61, 20.00, 4.63, 33.89, 29.16, 0.00, 166.09, 0.00, 39.38, 25.28, 0, 0
2.00, 5.70, 25.00, 25.00, 1883.45, 20.00, 4.63, 33.89, 29.16, 0.00, 142.00, 0.00, 61.89, 34.13, 0, 0
2.00, 5.70, 25.00, 25.00, 1902.28, 20.00, 4.63, 34.44, 29.67, 0.00, 123.54, 0.00, 76.61, 44.77, 0, 0
2.00, 5.70, 25.00, 25.00, 1892.82, 20.00, 4.63, 33.89, 29.16, 0.00, 99.04, 90.00, 90.00, 56.03, 0, 0
2.00, 5.70, 25.00, 25.00, 2002.90, 20.00, 4.63, 32.78, 28.02, 53.10, 64.05, 83.31, 97.25, 67.38, 0, 0
2.00, 5.70, 25.00, 25.00, 1955.49, 20.00, 4.63, 31.11, 26.48, 122.84, 31.68, 73.99, 106.35, 78.50, 0, 0
2.00, 5.70, 25.00, 25.00, 1793.67, 20.00, 4.63, 29.44, 24.83, 0.00, 13.14, 0.00, 115.71, 89.11, 0, 0
2.00, 5.70, 25.00, 25.00, 1729.80, 20.00, 4.63, 28.33, 23.70, 0.00, 0.00, 0.00, 0.00, 90.00, 0, 0
2.00, 5.70, 25.57, 25.57, 1619.97, 20.00, 4.63, 27.22, 22.56, 0.00, 0.00, 0.00, 0.00, 90.00, 0, 0
2.00, 5.70, 25.90, 25.90, 2455.37, 20.00, 4.63, 26.11, 21.43, 0.00, 0.00, 0.00, 0.00, 90.00, 0, 0
2.00, 5.70, 25.87, 25.87, 1882.13, 20.00, 4.63, 24.44, 19.79, 0.00, 0.00, 0.00, 0.00, 90.00, 0, 0
2.00, 5.70, 25.69, 25.69, 1464.12, 20.00, 4.63, 23.33, 18.67, 0.00, 0.00, 0.00, 0.00, 90.00, 0, 0
2.00, 5.70, 25.49, 25.49, 1225.41, 20.00, 4.63, 22.78, 18.16, 0.00, 0.00, 0.00, 0.00, 90.00, 0, 0
2.00, 5.70, 25.20, 25.20, 791.37, 20.00, 4.63, 21.67, 17.03, 0.00, 0.00, 0.00, 0.00, 90.00, 0, 0
2.00, 5.70, 24.84, 24.84, 345.50, 20.00, 4.63, 20.56, 15.91, 0.00, 0.00, 0.00, 0.00, 90.00, 0, 0
2.00, 5.70, 24.52, 24.52, 88.30, 20.00, 4.63, 20.00, 15.40, 0.00, 0.00, 0.00, 0.00, 90.00, 0, 0
2.00, 5.70, 24.30, 24.30, 53.09, 20.00, 4.63, 20.00, 15.40, 0.00, 11.50, 66.71, -113.32, 86.86, 0, 0
2.00, 5.70, 24.76, 24.76, 911.38, 20.00, 4.63, 21.11, 16.52, 6.55, 41.44, 76.36, -104.06, 76.10, 0, 0
2.00, 5.70, 25.14, 25.14, 1088.05, 20.00, 4.63, 22.78, 18.16, 3.10, 86.12, 85.55, -94.92, 64.89, 0, 0
2.00, 5.70, 25.48, 25.48, 1263.19, 20.00, 4.63, 24.44, 19.79, 0.00, 130.35, 0.00, -85.11, 53.53, 0, 0
2.00, 5.70, 25.77, 25.77, 1403.01, 20.00, 4.63, 25.56, 20.92, 0.00, 163.14, 0.00, -73.38, 42.36, 0, 0
2.00, 5.70, 26.06, 26.06, 1585.33, 20.00, 4.63, 27.22, 22.45, 0.00, 191.90, 0.00, -57.30, 32.02, 0, 0
2.00, 5.70, 26.35, 26.35, 1771.12, 20.00, 4.63, 28.89, 24.10, 0.00, 203.16, 0.00, -32.21, 23.93, 0, 0
2.00, 5.70, 26.61, 26.61, 1882.33, 20.00, 4.63, 30.00, 25.23, 0.00, 200.91, 0.00, 4.53, 21.13, 0, 0
2.00, 5.70, 25.00, 25.00, 1698.26, 20.00, 4.63, 31.11, 26.25, 0.00, 193.07, 0.00, 39.11, 25.47, 0, 0
2.00, 5.70, 25.00, 25.00, 1697.08, 20.00, 4.63, 31.11, 26.25, 0.00, 181.06, 0.00, 61.61, 34.28, 0, 0
2.00, 5.70, 25.00, 25.00, 1662.81, 20.00, 4.63, 31.11, 26.25, 0.00, 155.49, 0.00, 76.36, 44.90, 0, 0
2.00, 5.70, 25.00, 25.00, 1643.15, 20.00, 4.63, 30.56, 25.62, 0.00, 103.96, 90.00, 90.00, 56.15, 0, 0
2.00, 5.70, 25.00, 25.00, 1753.17, 20.00, 4.63, 29.44, 24.60, 3.74, 63.39, 83.48, 97.06, 67.50, 0, 0
2.00, 5.70, 25.00, 25.00, 1684.70, 20.00, 4.63, 28.33, 23.47, 12.26, 22.55, 74.16, 106.17, 78.63, 0, 0
2.00, 5.70, 25.00, 25.00, 1612.32, 20.00, 4.63, 27.22, 22.45, 0.00, 1.64, 0.00, 115.55, 89.25, 0, 0
2.00, 5.70, 25.00, 25.00, 1538.55, 20.00, 4.63, 25.56, 20.81, 0.00, 0.00, 0.00, 0.00, 90.00, 0, 0
2.00, 5.70, 25.46, 25.46, 1413.62, 20.00, 4.63, 24.44, 19.69, 0.00, 0.00, 0.00, 0.00, 90.00, 0, 0
2.00, 5.70, 25.39, 25.39, 1411.80, 20.00, 4.63, 23.33, 18.45, 0.00, 0.00, 0.00, 0.00, 90.00, 0, 0
2.00, 5.70, 25.10, 25.10, 788.42, 20.00, 4.63, 21.67, 16.82, 0.00, 0.00, 0.00, 0.00, 90.00, 0, 0
2.00, 5.70, 24.74, 24.74, 336.32, 20.00, 4.63, 20.56, 15.70, 0.00, 0.00, 0.00, 0.00, 90.00, 0, 0
2.00, 5.70, 24.26, 24.26, -321.95, 20.00, 4.63, 18.89, 14.07, 0.00, 0.00, 0.00, 0.00, 90.00, 0, 0
2.00, 5.70, 23.77, 23.77, -798.81, 20.00, 4.63, 17.78, 12.96, 0.00, 0.00, 0.00, 0.00, 90.00, 0, 0
2.00, 5.70, 23.19, 23.19, -1481.37, 20.00, 4.63, 16.11, 11.34, 0.00, 0.00, 0.00, 0.00, 90.00, 0, 0
2.00, 5.70, 22.61, 22.61, -1976.48, 20.00, 4.63, 15.00, 10.22, 0.00, 0.00, 0.00, 0.00, 90.00, 0, 0
2.00, 5.70, 22.22, 22.22, -2037.86, 20.00, 4.63, 15.00, 10.22, 0.00, 13.14, 66.87, -113.16, 87.02, 0, 0
2.00, 5.70, 22.98, 22.98, 350.55, 20.00, 4.63, 16.11, 11.34, 25.45, 44.68, 76.52, -103.89, 76.24, 0, 0
2.00, 5.70, 23.54, 23.54, 535.43, 20.00, 4.63, 17.78, 12.96, 2.18, 83.87, 85.72, -94.72, 65.03, 0, 0
2.00, 5.70, 24.00, 24.00, 736.66, 20.00, 4.63, 19.44, 14.69, 0.00, 128.38, 0.00, -84.89, 53.67, 0, 0
2.00, 5.70, 24.39, 24.39, 937.35, 20.00, 4.63, 21.11, 16.31, 0.00, 158.88, 0.00, -73.13, 42.51, 0, 0
2.00, 5.70, 24.76, 24.76, 1134.93, 20.00, 4.63, 22.78, 18.05, 0.00, 182.45, 0.00, -57.02, 32.19, 0, 0
2.00, 5.70, 25.09, 25.09, 1321.83, 20.00, 4.63, 24.44, 19.69, 0.00, 200.06, 0.00, -31.98, 24.14, 0, 0
2.00, 5.70, 25.38, 25.38, 1435.00, 20.00, 4.63, 25.56, 20.81, 0.00, 200.21, 0.00, 4.48, 21.35, 0, 0
2.00, 5.70, 25.00, 25.00, 1456.11, 20.00, 4.63, 26.67, 21.94, 0.00, 188.61, 0.00, 38.83, 25.66, 0, 0
2.00, 5.70, 25.00, 25.00, 1483.57, 20.00, 4.63, 27.22, 22.45, 0.00, 167.74, 0.00, 61.32, 34.43, 0, 0
2.00, 5.70, 25.00, 25.00, 1472.36, 20.00, 4.63, 27.22, 22.45, 0.00, 133.58, 0.00, 76.11, 45.03, 0, 0
2.00, 5.70, 25.00, 25.00, 1469.03, 20.00, 4.63, 26.67, 22.05, 0.00, 100.39, 0.00, 87.27, 56.28, 0, 0
2.00, 5.70, 25.00, 25.00, 1574.91, 20.00, 4.63, 25.56, 20.92, 38.25, 69.68, 83.66, 96.86, 67.63, 0, 0
2.00, 5.70, 25.00, 25.00, 1531.55, 20.00, 4.63, 24.44, 19.90, 86.89, 34.18, 74.33, 105.99, 78.77, 0, 0
2.00, 5.70, 25.00, 25.00, 1411.49, 20.00, 4.63, 23.33, 18.87, 0.00, 13.14, 0.00, 115.38, 89.40, 0, 0
2.00, 5.70, 25.00, 25.00, 1392.88, 20.00, 4.63, 23.33, 18.87, 0.00, 0.00, 0.00, 0.00, 90.00, 0, 0
2.00, 5.70, 25.30, 25.30, 1289.38, 20.00, 4.63, 23.33, 18.87, 0.00, 0.00, 0.00, 0.00, 90.00, 0, 0
2.00, 5.70, 25.10, 25.10, 1133.75, 20.00, 4.63, 22.78, 18.35, 0.00, 0.00, 0.00, 0.00, 90.00, 0, 0
2.00, 5.70, 24.89, 24.89, 886.99, 20.00, 4.63, 22.22, 17.92, 0.00, 0.00, 0.00, 0.00, 90.00, 0, 0
2.00, 5.70, 24.82, 24.82, 1032.31, 20.00, 4.63, 22.78, 18.35, 0.00, 0.00, 0.00, 0.00, 90.00, 0, 0
2.00, 5.70, 24.84, 24.84, 1197.06, 20.00, 4.63, 23.33, 18.87, 0.00, 0.00, 0.00, 0.00, 90.00, 0, 0
2.00, 5.70, 24.85, 24.85, 1181.72, 20.00, 4.63, 23.33, 18.87, 0.00, 0.00, 0.00, 0.00, 90.00, 0, 0
2.00, 5.70, 24.92, 24.92, 1360.10, 20.00, 4.63, 23.89, 19.48, 0.00, 0.00, 0.00, 0.00, 90.00, 0, 0
2.00, 5.70, 25.04, 25.04, 1547.67, 20.00, 4.63, 24.44, 19.99, 0.00, 0.00, 0.00, 0.00, 90.00, 0, 0
2.00, 5.70, 25.20, 25.20, 1754.34, 20.00, 4.63, 25.00, 20.70, 0.00, 6.57, 67.03, -112.99, 87.18, 0, 0
2.00, 5.70, 25.36, 25.36, 1115.73, 20.00, 4.63, 25.56, 21.31, 0.00, 26.29, 76.69, -103.70, 76.39, 0, 0
2.00, 5.70, 25.51, 25.51, 1179.86, 20.00, 4.63, 26.11, 21.92, 0.00, 46.00, 85.90, -94.52, 65.17, 0, 0
2.00, 5.70, 25.65, 25.65, 1253.52, 20.00, 4.63, 26.67, 22.52, 0.00, 73.19, 0.00, -84.67, 53.81, 0, 0
2.00, 5.70, 25.81, 25.81, 1381.04, 20.00, 4.63, 27.78, 23.57, 0.00, 122.36, 0.00, -72.87, 42.66, 0, 0
2.00, 5.70, 25.95, 25.95, 1424.23, 20.00, 4.63, 28.33, 24.09, 0.00, 106.38, 0.00, -56.74, 32.36, 0, 0
2.00, 5.70, 26.04, 26.04, 1403.26, 20.00, 4.63, 28.33, 24.09, 0.00, 61.28, 0.00, -31.75, 24.35, 0, 0
2.00, 5.70, 26.13, 26.13, 1416.74, 20.00, 4.63, 28.33, 24.09, 0.00, 62.43, 0.00, 4.43, 21.58, 0, 0
2.00, 5.70, 25.00, 25.00, 1255.92, 20.00, 4.63, 28.33, 24.09, 0.00, 67.87, 0.00, 38.56, 25.85, 0, 0
2.00, 5.70, 25.00, 25.00, 1261.88, 20.00, 4.63, 28.33, 24.09, 0.00, 70.65, 0.00, 61.03, 34.59, 0, 0
2.00, 5.70, 25.00, 25.00, 1223.08, 20.00, 4.63, 27.78, 23.57, 0.00, 50.93, 0.00, 75.85, 45.18, 0, 0
2.00, 5.70, 25.00, 25.00, 1296.03, 20.00, 4.63, 27.78, 23.66, 0.00, 44.36, 0.00, 87.04, 56.41, 0, 0
2.00, 5.70, 25.00, 25.00, 1494.86, 20.00, 4.63, 27.78, 23.66, 0.00, 36.15, 83.84, 96.66, 67.77, 0, 0
2.00, 5.70, 25.00, 25.00, 1479.06, 20.00, 4.63, 27.22, 23.13, 0.00, 19.72, 74.50, 105.80, 78.91, 0, 0
2.00, 5.70, 25.00, 25.00, 1479.87, 20.00, 4.63, 27.22, 23.13, 0.00, 4.93, 0.00, 115.21, 89.56, 0, 0
2.00, 5.70, 25.00, 25.00, 1463.82, 20.00, 4.63, 26.67, 22.61, 0.00, 0.00, 0.00, 0.00, 90.00, 0, 0
2.00, 5.70, 25.38, 25.38, 1360.81, 20.00, 4.63, 26.11, 22.08, 0.00, 0.00, 0.00, 0.00, 90.00, 0, 0
2.00, 5.70, 25.56, 25.56, 2054.31, 20.00, 4.63, 25.56, 21.56, 0.00, 0.00, 0.00, 0.00, 90.00, 0, 0
2.00, 5.70, 25.60, 25.60, 1858.97, 20.00, 4.63, 25.00, 20.95, 0.00, 0.00, 0.00, 0.00, 90.00, 0, 0
2.00, 5.70, 25.62, 25.62, 1844.05, 20.00, 4.63, 25.00, 20.95, 0.00, 0.00, 0.00, 0.00, 90.00, 0, 0
2.00, 5.70, 25.55, 25.55, 1639.61, 20.00, 4.63, 24.44, 20.35, 0.00, 0.00, 0.00, 0.00, 90.00, 0, 0
2.00, 5.70, 25.43, 25.43, 1427.27, 20.00, 4.63, 23.89, 19.82, 0.00, 0.00, 0.00, 0.00, 90.00, 0, 0
2.00, 5.70, 25.28, 25.28, 1209.43, 20.00, 4.63, 23.33, 19.30, 0.00, 0.00, 0.00, 0.00, 90.00, 0, 0
2.00, 5.70, 25.09, 25.09, 987.51, 20.00, 4.63, 22.78, 18.78, 0.00, 0.00, 0.00, 0.00, 90.00, 0, 0
2.00, 5.70, 25.17, 25.17, 1452.31, 20.00, 4.63, 23.89, 19.90, 0.00, 23.00, 67.20, -112.82, 87.34, 0, 0
2.00, 5.70, 25.47, 25.47, 1245.77, 20.00, 4.63, 25.56, 21.56, 46.23, 46.47, 76.86, -103.51, 76.54, 0, 0
2.00, 5.70, 25.70, 25.70, 1317.85, 20.00, 4.63, 26.11, 22.16, 1.84, 76.39, 86.08, -94.32, 65.31, 0, 0
2.00, 5.70, 25.93, 25.93, 1450.60, 20.00, 4.63, 27.22, 23.21, 0.00, 116.88, 0.00, -84.43, 53.95, 0, 0
2.00, 5.70, 26.17, 26.17, 1642.63, 20.00, 4.63, 28.89, 24.87, 0.00, 159.15, 0.00, -72.61, 42.81, 0, 0
2.00, 5.70, 26.42, 26.42, 1786.28, 20.00, 4.63, 30.00, 25.92, 0.00, 188.91, 0.00, -56.45, 32.53, 0, 0
2.00, 5.70, 26.63, 26.63, 1861.18, 20.00, 4.63, 30.56, 26.45, 0.00, 195.17, 0.00, -31.52, 24.56, 0, 0
2.00, 5.70, 26.81, 26.81, 1892.80, 20.00, 4.63, 31.11, 26.97, 0.00, 166.16, 0.00, 4.38, 21.82, 0, 0
2.00, 5.70, 25.00, 25.00, 1585.05, 20.00, 4.63, 31.11, 26.97, 0.00, 145.98, 0.00, 38.29, 26.06, 0, 0
2.00, 5.70, 25.00, 25.00, 1608.03, 20.00, 4.63, 31.11, 26.88, 0.00, 153.54, 0.00, 60.73, 34.76, 0, 0
2.00, 5.70, 25.00, 25.00, 1540.23, 20.00, 4.63, 30.56, 26.36, 0.00, 99.14, 0.00, 75.59, 45.32, 0, 0
2.00, 5.70, 25.00, 25.00, 1547.45, 20.00, 4.63, 29.44, 25.31, 0.00, 77.02, 0.00, 86.82, 56.55, 0, 0
2.00, 5.70, 25.00, 25.00, 1718.67, 20.00, 4.63, 28.89, 24.70, 3.57, 64.68, 84.02, 96.45, 67.91, 0, 0
2.00, 5.70, 25.00, 25.00, 1680.84, 20.00, 4.63, 28.33, 24.18, 11.68, 22.69, 74.67, 105.62, 79.06, 0, 0
2.00, 5.70, 25.00, 25.00, 1639.70, 20.00, 4.63, 27.78, 23.66, 0.00, 1.64, 0.00, 115.04, 89.72, 0, 0
2.00, 5.70, 25.00, 25.00, 1597.29, 20.00, 4.63, 26.67, 22.52, 0.00, 0.00, 0.00, 0.00, 90.00, 0, 0
2.00, 5.70, 25.47, 25.47, 1453.09, 20.00, 4.63, 26.11, 22.00, 0.00, 0.00, 0.00, 0.00, 90.00, 0, 0
2.00, 5.70, 25.61, 25.61, 1952.77, 20.00, 4.63, 25.00, 20.87, 0.00, 0.00, 0.00, 0.00, 90.00, 0, 0
2.00, 5.70, 25.61, 25.61, 1744.27, 20.00, 4.63, 24.44, 20.26, 0.00, 0.00, 0.00, 0.00, 90.00, 0, 0
2.00, 5.70, 25.53, 25.53, 1527.14, 20.00, 4.63, 23.89, 19.74, 0.00, 0.00, 0.00, 0.00, 90.00, 0, 0
2.00, 5.70, 25.40, 25.40, 1304.17, 20.00, 4.63, 23.33, 19.14, 0.00, 0.00, 0.00, 0.00, 90.00, 0, 0
2.00, 5.70, 25.23, 25.23, 1077.31, 20.00, 4.63, 22.78, 18.62, 0.00, 0.00, 0.00, 0.00, 90.00, 0, 0
2.00, 5.70, 25.03, 25.03, 847.46, 20.00, 4.63, 22.22, 18.01, 0.00, 0.00, 0.00, 0.00, 90.00, 0, 0
2.00, 5.70, 24.82, 24.82, 615.31, 20.00, 4.63, 21.67, 17.49, 0.00, 0.00, 0.00, 0.00, 90.00, 0, 0
2.00, 5.70, 24.79, 24.79, 870.10, 20.00, 4.63, 22.22, 18.01, 0.00, 11.50, 67.38, -112.64, 87.50, 0, 0
2.00, 5.70, 25.16, 25.16, 1098.66, 20.00, 4.63, 23.33, 19.14, 16.99, 42.28, 77.04, -103.32, 76.69, 0, 0
2.00, 5.70, 25.50, 25.50, 1300.40, 20.00, 4.63, 25.56, 21.31, 5.37, 82.25, 86.27, -94.10, 65.46, 0, 0
2.00, 5.70, 25.83, 25.83, 1515.33, 20.00, 4.63, 27.78, 23.48, 0.00, 115.08, 0.00, -84.19, 54.10, 0, 0
2.00, 5.70, 26.14, 26.14, 1705.09, 20.00, 4.63, 29.44, 25.13, 0.00, 147.46, 0.00, -72.34, 42.97, 0, 0
2.00, 5.70, 26.45, 26.45, 1895.15, 20.00, 4.63, 31.11, 26.69, 0.00, 179.91, 0.00, -56.15, 32.71, 0, 0
2.00, 5.70, 26.76, 26.76, 2080.93, 20.00, 4.63, 32.78, 28.34, 0.00, 199.26, 0.00, -31.27, 24.78, 0, 0
2.00, 5.70, 27.05, 27.05, 2200.15, 20.00, 4.63, 33.89, 29.38, 0.00, 198.32, 0.00, 4.35, 22.06, 0, 0
2.00, 5.70, 25.00, 25.00, 1940.93, 20.00, 4.63, 35.00, 30.41, 0.00, 193.44, 0.00, 38.02, 26.27, 0, 0
2.00, 5.70, 25.00, 25.00, 1974.98, 20.00, 4.63, 35.56, 30.93, 0.00, 168.40, 0.00, 60.44, 34.94, 0, 0
2.00, 5.70, 25.00, 25.00, 1980.17, 20.00, 4.63, 35.56, 30.93, 0.00, 138.41, 0.00, 75.33, 45.48, 0, 0
2.00, 5.70, 25.00, 25.00, 1974.60, 20.00, 4.63, 35.00, 30.41, 0.00, 108.18, 0.00, 86.59, 56.70, 0, 0
2.00, 5.70, 25.00, 25.00, 2109.88, 20.00, 4.63, 34.44, 29.79, 39.68, 71.91, 84.21, 96.25, 68.06, 0, 0
2.00, 5.70, 25.00, 25.00, 2064.89, 20.00, 4.63, 32.78, 28.13, 116.35, 33.03, 74.85, 105.43, 79.22, 0, 0
2.00, 5.70, 25.00, 25.00, 1933.07, 20.00, 4.63, 31.67, 27.10, 0.00, 11.50, 0.00, 114.86, 89.89, 0, 0
2.00, 5.70, 25.00, 25.00, 1853.47, 20.00, 4.63, 30.00, 25.45, 0.00, 0.00, 0.00, 0.00, 90.00, 0, 0
2.00, 5.70, 25.58, 25.58, 1674.04, 20.00, 4.63, 28.33, 23.70, 0.00, 0.00, 0.00, 0.00, 90.00, 0, 0
2.00, 5.70, 25.97, 25.97, 2645.62, 20.00, 4.63, 26.67, 22.05, 0.00, 0.00, 0.00, 0.00, 90.00, 0, 0
2.00, 5.70, 26.06, 26.06, 2268.86, 20.00, 4.63, 25.56, 20.81, 0.00, 0.00, 0.00, 0.00, 90.00, 0, 0
2.00, 5.70, 25.88, 25.88, 1672.94, 20.00, 4.63, 23.89, 19.28, 0.00, 0.00, 0.00, 0.00, 90.00, 0, 0
2.00, 5.70, 25.61, 25.61, 1240.42, 20.00, 4.63, 22.78, 18.16, 0.00, 0.00, 0.00, 0.00, 90.00, 0, 0
2.00, 5.70, 25.19, 25.19, 601.54, 20.00, 4.63, 21.11, 16.52, 0.00, 0.00, 0.00, 0.00, 90.00, 0, 0
2.00, 5.70, 24.67, 24.67, -58.61, 20.00, 4.63, 19.44, 14.89, 0.00, 0.00, 0.00, 0.00, 90.00, 0, 0
2.00, 5.70, 24.16, 24.16, -536.04, 20.00, 4.63, 18.33, 13.77, 0.00, 0.00, 0.00, 0.00, 90.00, 0, 0
2.00, 5.70, 23.73, 23.73, -794.55, 20.00, 4.63, 17.78, 13.16, 0.00, 9.86, 67.56, -112.46, 87.66, 0, 0
2.00, 5.70, 24.30, 24.30, 769.71, 20.00, 4.63, 19.44, 14.79, 30.61, 42.47, 77.23, -103.12, 76.84, 0, 0
2.00, 5.70, 24.76, 24.76, 976.60, 20.00, 4.63, 21.67, 17.03, 6.99, 79.42, 86.46, -93.88, 65.60, 0, 0
2.00, 5.70, 25.17, 25.17, 1222.75, 20.00, 4.63, 24.44, 19.69, 0.00, 107.55, 0.00, -83.95, 54.24, 0, 0
2.00, 5.70, 25.55, 25.55, 1440.92, 20.00, 4.63, 26.67, 21.94, 0.00, 123.68, 0.00, -72.06, 43.13, 0, 0
2.00, 5.70, 25.90, 25.90, 1636.06, 20.00, 4.63, 28.33, 23.59, 0.00, 140.60, 0.00, -55.84, 32.90, 0, 0
2.00, 5.70, 26.23, 26.23, 1818.66, 20.00, 4.63, 30.00, 25.23, 0.00, 156.35, 0.00, -31.02, 25.00, 0, 0
2.00, 5.70, 26.53, 26.53, 1932.91, 20.00, 4.63, 31.11, 26.25, 0.00, 159.64, 0.00, 4.32, 22.31, 0, 0
2.00, 5.70, 25.00, 25.00, 1790.43, 20.00, 4.63, 32.22, 27.39, 0.00, 152.42, 0.00, 37.75, 26.48, 0, 0
2.00, 5.70, 25.00, 25.00, 1817.96, 20.00, 4.63, 32.78, 27.89, 0.00, 135.65, 0.00, 60.15, 35.12, 0, 0
2.00, 5.70, 25.00, 25.00, 1803.75, 20.00, 4.63, 32.78, 28.02, 0.00, 115.68, 0.00, 75.07, 45.64, 0, 0
2.00, 5.70, 25.00, 25.00, 1793.51, 20.00, 4.63, 32.22, 27.39, 0.00, 87.77, 0.00, 86.35, 56.85, 0, 0
2.00, 5.70, 25.00, 25.00, 1905.16, 20.00, 4.63, 31.11, 26.37, 48.56, 63.33, 84.39, 96.04, 68.21, 0, 0
2.00, 5.70, 25.00, 25.00, 1849.02, 20.00, 4.63, 29.44, 24.72, 112.09, 32.62, 75.03, 105.24, 79.38, 0, 0
2.00, 5.70, 25.00, 25.00, 1715.33, 20.00, 4.63, 28.33, 23.70, 0.00, 11.50, 0.00, 0.00, 90.00, 0, 0
2.00, 5.70, 25.00, 25.00, 1652.65, 20.00, 4.63, 27.22, 22.56, 0.00, 0.00, 0.00, 0.00, 90.00, 0, 0
2.00, 5.70, 25.50, 25.50, 1529.55, 20.00, 4.63, 26.11, 21.43, 0.00, 0.00, 0.00, 0.00, 90.00, 0, 0
2.00, 5.70, 25.65, 25.65, 2028.27, 20.00, 4.63, 25.00, 20.41, 0.00, 0.00, 0.00, 0.00, 90.00, 0, 0
2.00, 5.70, 25.59, 25.59, 1625.76, 20.00, 4.63, 23.89, 19.28, 0.00, 0.00, 0.00, 0.00, 90.00, 0, 0
2.00, 5.70, 25.46, 25.46, 1396.87, 20.00, 4.63, 23.33, 18.67, 0.00, 0.00, 0.00, 0.00, 90.00, 0, 0
2.00, 5.70, 25.30, 25.30, 1164.92, 20.00, 4.63, 22.78, 18.16, 0.00, 0.00, 0.00, 0.00, 90.00, 0, 0
2.00, 5.70, 25.10, 25.10, 930.59, 20.00, 4.63, 22.22, 17.54, 0.00, 0.00, 0.00, 0.00, 90.00, 0, 0
2.00, 5.70, 24.89, 24.89, 694.48, 20.00, 4.63, 21.67, 17.03, 0.00, 0.00, 0.00, 0.00, 90.00, 0, 0
2.00, 5.70, 24.66, 24.66, 456.72, 20.00, 4.63, 21.11, 16.52, 0.00, 0.00, 0.00, 0.00, 90.00, 0, 0
2.00, 5.70, 24.59, 24.59, 629.40, 20.00, 4.63, 21.67, 17.13, 0.00, 11.50, 67.75, -112.27, 87.83, 0, 0
2.00, 5.70, 24.98, 24.98, 1030.01, 20.00, 4.63, 22.78, 18.26, 41.77, 41.04, 77.42, -102.91, 76.99, 0, 0
2.00, 5.70, 25.32, 25.32, 1208.22, 20.00, 4.63, 25.00, 20.41, 6.01, 76.75, 86.66, -93.66, 65.75, 0, 0
2.00, 5.70, 25.65, 25.65, 1412.30, 20.00, 4.63, 27.22, 22.56, 0.00, 109.50, 0.00, -83.70, 54.39, 0, 0
2.00, 5.70, 25.97, 25.97, 1620.59, 20.00, 4.63, 29.44, 24.72, 0.00, 138.02, 0.00, -71.77, 43.29, 0, 0
2.00, 5.70, 26.28, 26.28, 1808.43, 20.00, 4.63, 31.11, 26.37, 0.00, 168.54, 0.00, -55.52, 33.08, 0, 0
2.00, 5.70, 26.57, 26.57, 1958.29, 20.00, 4.63, 32.22, 27.50, 0.00, 186.36, 0.00, -30.76, 25.23, 0, 0
2.00, 5.70, 26.84, 26.84, 2069.85, 20.00, 4.63, 33.33, 28.53, 0.00, 188.19, 0.00, 4.30, 22.56, 0, 0
2.00, 5.70, 25.00, 25.00, 1868.38, 20.00, 4.63, 34.44, 29.54, 0.00, 187.59, 0.00, 37.49, 26.71, 0, 0
2.00, 5.70, 25.00, 25.00, 1869.21, 20.00, 4.63, 34.44, 29.54, 0.00, 168.49, 0.00, 59.85, 35.30, 0, 0
2.00, 5.70, 25.00, 25.00, 1850.26, 20.00, 4.63, 34.44, 29.54, 0.00, 140.43, 0.00, 74.80, 45.80, 0, 0
2.00, 5.70, 25.00, 25.00, 1847.12, 20.00, 4.63, 33.89, 29.03, 0.00, 108.88, 0.00, 86.12, 57.01, 0, 0
2.00, 5.70, 25.00, 25.00, 1959.54, 20.00, 4.63, 32.78, 27.89, 28.77, 68.28, 84.59, 95.83, 68.37, 0, 0
2.00, 5.70, 25.00, 25.00, 1939.03, 20.00, 4.63, 31.67, 26.88, 110.11, 29.87, 75.21, 105.04, 79.54, 0, 0
2.00, 5.70, 25.00, 25.00, 1791.46, 20.00, 4.63, 30.00, 25.23, 0.00, 13.14, 0.00, 0.00, 90.00, 0, 0
2.00, 5.70, 25.00, 25.00, 1731.00, 20.00, 4.63, 28.89, 24.10, 0.00, 0.00, 0.00, 0.00, 90.00, 0, 0
2.00, 5.70, 25.53, 25.53, 1593.16, 20.00, 4.63, 27.22, 22.45, 0.00, 0.00, 0.00, 0.00, 90.00, 0, 0
2.00, 5.70, 25.84, 25.84, 2426.42, 20.00, 4.63, 26.11, 21.32, 0.00, 0.00, 0.00, 0.00, 90.00, 0, 0
2.00, 5.70, 25.80, 25.80, 1852.14, 20.00, 4.63, 24.44, 19.57, 0.00, 0.00, 0.00, 0.00, 90.00, 0, 0
2.00, 5.70, 25.54, 25.54, 1240.21, 20.00, 4.63, 22.78, 18.05, 0.00, 0.00, 0.00, 0.00, 90.00, 0, 0
2.00, 5.70, 25.21, 25.21, 796.66, 20.00, 4.63, 21.67, 16.93, 0.00, 0.00, 0.00, 0.00, 90.00, 0, 0
2.00, 5.70, 24.74, 24.74, 147.47, 20.00, 4.63, 20.00, 15.30, 0.00, 0.00, 0.00, 0.00, 90.00, 0, 0
2.00, 5.70, 24.27, 24.27, -322.36, 20.00, 4.63, 18.89, 14.18, 0.00, 0.00, 0.00, 0.00, 90.00, 0, 0
2.00, 5.70, 23.71, 23.71, -996.99, 20.00, 4.63, 17.22, 12.45, 0.00, 0.00, 0.00, 0.00, 90.00, 0, 0
2.00, 5.70, 23.33, 23.33, -1061.25, 20.00, 4.63, 17.22, 12.45, 0.00, 9.86, 67.95, -112.07, 87.99, 0, 0
2.00, 5.70, 23.94, 23.94, 669.15, 20.00, 4.63, 18.89, 14.07, 26.06, 40.58, 77.62, -102.70, 77.15, 0, 0
2.00, 5.70, 24.43, 24.43, 885.79, 20.00, 4.63, 21.11, 16.31, 5.93, 79.67, 86.87, -93.43, 65.90, 0, 0
2.00, 5.70, 24.85, 24.85, 1102.05, 20.00, 4.63, 23.33, 18.56, 0.00, 107.64, 0.00, -83.44, 54.54, 0, 0
2.00, 5.70, 25.24, 25.24, 1318.27, 20.00, 4.63, 25.56, 20.70, 0.00, 141.57, 0.00, -71.48, 43.45, 0, 0
2.00, 5.70, 25.59, 25.59, 1519.01, 20.00, 4.63, 27.22, 22.34, 0.00, 170.53, 0.00, -55.20, 33.27, 0, 0
2.00, 5.70, 25.93, 25.93, 1704.44, 20.00, 4.63, 28.89, 23.97, 0.00, 182.48, 0.00, -30.50, 25.46, 0, 0
2.00, 5.70, 26.24, 26.24, 1845.42, 20.00, 4.63, 30.56, 25.62, 0.00, 182.61, 0.00, 4.28, 22.82, 0, 0
2.00, 5.70, 25.00, 25.00, 1714.77, 20.00, 4.63, 31.11, 26.12, 0.00, 173.57, 0.00, 37.23, 26.94, 0, 0
2.00, 5.70, 25.00, 25.00, 1737.78, 20.00, 4.63, 31.67, 26.62, 0.00, 157.37, 0.00, 59.56, 35.50, 0, 0
2.00, 5.70, 25.00, 25.00, 1715.25, 20.00, 4.63, 31.67, 26.62, 0.00, 134.64, 0.00, 74.53, 45.97, 0, 0
2.00, 5.70, 25.00, 25.00, 1706.68, 20.00, 4.63, 31.11, 26.12, 0.00, 106.73, 0.00, 85.88, 57.17, 0, 0
2.00, 5.70, 25.00, 25.00, 1818.38, 20.00, 4.63, 30.00, 24.98, 24.10, 75.46, 84.78, 95.61, 68.53, 0, 0
2.00, 5.70, 25.00, 25.00, 1730.02, 20.00, 4.63, 28.33, 23.47, 56.60, 26.74, 75.40, 104.85, 79.71, 0, 0
2.00, 5.70, 25.00, 25.00, 1601.93, 20.00, 4.63, 26.67, 21.83, 0.00, 1.64, 0.00, 0.00, 90.00, 0, 0
2.00, 5.70, 25.00, 25.00, 1547.55, 20.00, 4.63, 25.56, 20.70, 0.00, 0.00, 0.00, 0.00, 90.00, 0, 0
2.00, 5.70, 25.40, 25.40, 1387.46, 20.00, 4.63, 23.89, 19.07, 0.00, 0.00, 0.00, 0.00, 90.00, 0, 0
2.00, 5.70, 25.24, 25.24, 1210.84, 20.00, 4.63, 22.78, 17.82, 0.00, 0.00, 0.00, 0.00, 90.00, 0, 0
2.00, 5.70, 24.89, 24.89, 573.53, 20.00, 4.63, 21.11, 16.20, 0.00, 0.00, 0.00, 0.00, 90.00, 0, 0
2.00, 5.70, 24.49, 24.49, 111.83, 20.00, 4.63, 20.00, 15.08, 0.00, 0.00, 0.00, 0.00, 90.00, 0, 0
2.00, 5.70, 24.06, 24.06, -355.06, 20.00, 4.63, 18.89, 13.96, 0.00, 0.00, 0.00, 0.00, 90.00, 0, 0
2.00, 5.70, 23.60, 23.60, -827.11, 20.00, 4.63, 17.78, 12.84, 0.00, 0.00, 0.00, 0.00, 90.00, 0, 0
2.00, 5.70, 23.12, 23.12, -1304.33, 20.00, 4.63, 16.67, 11.73, 0.00, 0.00, 0.00, 0.00, 90.00, 0, 0
2.00, 5.70, 22.61, 22.61, -1786.64, 20.00, 4.63, 15.56, 10.73, 0.00, 0.00, 0.00, 0.00, 90.00, 0, 0
2.00, 5.70, 22.35, 22.35, -1632.74, 20.00, 4.63, 16.11, 11.23, 0.00, 18.07, 0.00, -111.87, 88.16, 0, 0
2.00, 5.70, 23.05, 23.05, 407.88, 20.00, 4.63, 17.22, 12.34, 23.66, 40.55, 77.82, -102.49, 77.31, 0, 0
2.00, 5.70, 23.59, 23.59, 603.44, 20.00, 4.63, 18.89, 13.96, 4.32, 79.46, 87.08, -93.19, 66.05, 0, 0
2.00, 5.70, 24.04, 24.04, 834.38, 20.00, 4.63, 21.11, 16.20, 0.00, 112.99, 0.00, -83.18, 54.69, 0, 0
2.00, 5.70, 24.47, 24.47, 1093.20, 20.00, 4.63, 23.89, 18.95, 0.00, 135.50, 0.00, -71.18, 43.61, 0, 0
2.00, 5.70, 24.86, 24.86, 1323.72, 20.00, 4.63, 26.11, 21.08, 0.00, 156.31, 0.00, -54.88, 33.46, 0, 0
2.00, 5.70, 25.23, 25.23, 1510.59, 20.00, 4.63, 27.78, 22.71, 0.00, 168.92, 0.00, -30.23, 25.70, 0, 0
2.00, 5.70, 25.54, 25.54, 1630.87, 20.00, 4.63, 28.89, 23.85, 0.00, 171.75, 0.00, 4.27, 23.08, 0, 0
2.00, 5.70, 25.00, 25.00, 1636.05, 20.00, 4.63, 30.00, 24.85, 0.00, 172.26, 0.00, 36.98, 27.17, 0, 0
2.00, 5.70, 25.00, 25.00, 1651.76, 20.00, 4.63, 30.56, 25.34, 0.00, 159.65, 0.00, 59.26, 35.70, 0, 0
2.00, 5.70, 25.00, 25.00, 1614.43, 20.00, 4.63, 30.00, 24.85, 0.00, 137.54, 0.00, 74.26, 46.15, 0, 0
2.00, 5.70, 25.00, 25.00, 1603.56, 20.00, 4.63, 29.44, 24.35, 0.00, 109.29, 0.00, 85.64, 57.34, 0, 0
2.00, 5.70, 25.00, 25.00, 1707.59, 20.00, 4.63, 28.33, 23.21, 23.71, 69.14, 84.97, 95.40, 68.70, 0, 0
2.00, 5.70, 25.00, 25.00, 1641.38, 20.00, 4.63, 26.67, 21.58, 79.05, 29.57, 75.58, 104.65, 79.89, 0, 0
2.00, 5.70, 25.00, 25.00, 1503.90, 20.00, 4.63, 25.00, 19.95, 0.00, 8.22, 0.00, 0.00, 90.00, 0, 0
2.00, 5.70, 25.00, 25.00, 1442.28, 20.00, 4.63, 23.89, 18.82, 0.00, 0.00, 0.00, 0.00, 90.00, 0, 0
2.00, 5.70, 25.28, 25.28, 1260.27, 20.00, 4.63, 22.22, 17.07, 0.00, 0.00, 0.00, 0.00, 90.00, 0, 0
2.00, 5.70, 24.76, 24.76, 368.78, 20.00, 4.63, 20.56, 15.45, 0.00, 0.00, 0.00, 0.00, 90.00, 0, 0
2.00, 5.70, 24.18, 24.18, -314.73, 20.00, 4.63, 18.89, 13.84, 0.00, 0.00, 0.00, 0.00, 90.00, 0, 0
2.00, 5.70, 23.63, 23.63, -807.83, 20.00, 4.63, 17.78, 12.72, 0.00, 0.00, 0.00, 0.00, 90.00, 0, 0
2.00, 5.70, 23.09, 23.09, -1298.75, 20.00, 4.63, 16.67, 11.61, 0.00, 0.00, 0.00, 0.00, 90.00, 0, 0
2.00, 5.70, 22.47, 22.47, -1994.29, 20.00, 4.63, 15.00, 9.88, 0.00, 0.00, 0.00, 0.00, 90.00, 0, 0
2.00, 5.70, 21.87, 21.87, -2499.00, 20.00, 4.63, 13.89, 8.78, 0.00, 0.00, 0.00, 0.00, 90.00, 0, 0
2.00, 5.70, 21.19, 21.19, -3211.88, 20.00, 4.63, 12.22, 7.18, 0.00, 0.00, 0.00, 0.00, 90.00, 0, 0
2.00, 5.70, 20.81, 20.81, -3074.52, 20.00, 4.63, 12.78, 7.67, 0.00, 16.43, 0.00, -111.66, 88.33, 0, 0
2.00, 5.70, 21.72, 21.72, 59.57, 20.00, 4.63, 14.44, 9.39, 76.14, 33.80, 78.03, -102.26, 77.46, 0, 0
2.00, 5.70, 22.39, 22.39, 274.74, 20.00, 4.63, 16.67, 11.61, 6.90, 66.38, 87.30, -92.95, 66.20, 0, 0
2.00, 5.70, 22.93, 22.93, 512.60, 20.00, 4.63, 18.89, 13.71, 0.00, 105.55, 0.00, -82.91, 54.85, 0, 0
2.00, 5.70, 23.40, 23.40, 745.67, 20.00, 4.63, 21.11, 15.95, 0.00, 136.22, 0.00, -70.87, 43.78, 0, 0
2.00, 5.70, 23.81, 23.81, 952.30, 20.00, 4.63, 22.78, 17.56, 0.00, 164.55, 0.00, -54.54, 33.66, 0, 0
2.00, 5.70, 24.18, 24.18, 1144.62, 20.00, 4.63, 24.44, 19.18, 0.00, 186.00, 0.00, -29.96, 25.94, 0, 0
2.00, 5.70, 24.51, 24.51, 1270.04, 20.00, 4.63, 25.56, 20.31, 0.00, 191.73, 0.00, 4.26, 23.35, 0, 0
2.00, 5.70, 24.81, 24.81, 1411.20, 20.00, 4.63, 26.67, 21.29, 0.00, 173.51, 0.00, 36.72, 27.42, 0, 0
2.00, 5.70, 25.00, 25.00, 1459.35, 20.00, 4.63, 27.22, 21.93, 0.00, 144.98, 0.00, 58.96, 35.90, 0, 0
2.00, 5.70, 25.00, 25.00, 1455.37, 20.00, 4.63, 27.22, 21.93, 0.00, 119.40, 0.00, 73.99, 46.33, 0, 0
2.00, 5.70, 25.00, 25.00, 1449.60, 20.00, 4.63, 26.67, 21.29, 0.00, 89.46, 0.00, 85.40, 57.52, 0, 0
2.00, 5.70, 25.00, 25.00, 1555.63, 20.00, 4.63, 25.56, 20.31, 43.25, 57.17, 85.17, 95.18, 68.88, 0, 0
2.00, 5.70, 25.00, 25.00, 1508.75, 20.00, 4.63, 23.89, 18.69, 128.56, 27.23, 75.77, 104.45, 80.07, 0, 0
2.00, 5.70, 25.00, 25.00, 1345.68, 20.00, 4.63, 22.22, 17.07, 0.00, 11.50, 0.00, 0.00, 90.00, 0, 0
2.00, 5.70, 25.00, 25.00, 1277.13, 20.00, 4.63, 21.11, 15.95, 0.00, 0.00, 0.00, 0.00, 90.00, 0, 0
2.00, 5.70, 25.09, 25.09, 1060.63, 20.00, 4.63, 19.44, 14.20, 0.00, 0.00, 0.00, 0.00, 90.00, 0, 0
2.00, 5.70, 24.21, 24.21, -510.01, 20.00, 4.63, 18.33, 13.09, 0.00, 0.00, 0.00, 0.00, 90.00, 0, 0
2.00, 5.70, 23.39, 23.39, -1240.54, 20.00, 4.63, 16.67, 11.35, 0.00, 0.00, 0.00, 0.00, 90.00, 0, 0
2.00, 5.70, 22.68, 22.68, -1765.16, 20.00, 4.63, 15.56, 10.38, 0.00, 0.00, 0.00, 0.00, 90.00, 0, 0
2.00, 5.70, 22.03, 22.03, -2280.03, 20.00, 4.63, 14.44, 9.27, 0.00, 0.00, 0.00, 0.00, 90.00, 0, 0
2.00, 5.70, 21.41, 21.41, -2790.79, 20.00, 4.63, 13.33, 8.16, 0.00, 0.00, 0.00, 0.00, 90.00, 0, 0
2.00, 5.70, 20.80, 20.80, -3300.82, 20.00, 4.63, 12.22, 7.06, 0.00, 0.00, 0.00, 0.00, 90.00, 0, 0
2.00, 5.70, 20.20, 20.20, -3812.21, 20.00, 4.63, 11.11, 5.96, 0.00, 0.00, 0.00, 0.00, 90.00, 0, 0
2.00, 5.70, 19.80, 19.80, -3798.67, 20.00, 4.63, 11.11, 5.96, 0.00, 13.14, 0.00, -111.45, 88.51, 0, 0
2.00, 5.70, 20.78, 20.78, -166.60, 20.00, 4.63, 12.78, 7.55, 31.35, 38.01, 78.25, -102.04, 77.62, 0, 0
2.00, 5.70, 21.51, 21.51, 68.97, 20.00, 4.63, 14.44, 9.27, 4.98, 76.64, 87.53, -92.70, 66.35, 0, 0
2.00, 5.70, 22.10, 22.10, 322.62, 20.00, 4.63, 16.67, 11.49, 0.00, 102.27, 0.00, -82.63, 55.00, 0, 0
2.00, 5.70, 22.60, 22.60, 568.27, 20.00, 4.63, 18.89, 13.71, 0.00, 127.39, 0.00, -70.56, 43.95, 0, 0
2.00, 5.70, 23.04, 23.04, 787.22, 20.00, 4.63, 20.56, 15.45, 0.00, 152.33, 0.00, -54.20, 33.86, 0, 0
2.00, 5.70, 23.44, 23.44, 987.16, 20.00, 4.63, 22.22, 17.07, 0.00, 166.42, 0.00, -29.68, 26.19, 0, 0
2.00, 5.70, 23.78, 23.78, 1115.94, 20.00, 4.63, 23.33, 18.06, 0.00, 166.43, 0.00, 4.26, 23.62, 0, 0
2.00, 5.70, 24.09, 24.09, 1252.23, 20.00, 4.63, 24.44, 19.18, 0.00, 156.68, 0.00, 36.47, 27.67, 0, 0
2.00, 5.70, 24.35, 24.35, 1317.31, 20.00, 4.63, 25.00, 19.82, 0.00, 141.09, 0.00, 58.67, 36.11, 0, 0
2.00, 5.70, 24.55, 24.55, 1330.01, 20.00, 4.63, 25.00, 19.82, 0.00, 125.09, 0.00, 73.71, 46.52, 0, 0
2.00, 5.70, 24.71, 24.71, 1342.47, 20.00, 4.63, 24.44, 19.18, 0.00, 100.52, 0.00, 85.15, 57.70, 0, 0
2.00, 5.70, 24.89, 24.89, 1460.28, 20.00, 4.63, 23.33, 18.20, 31.00, 68.07, 85.37, 94.96, 69.06, 0, 0
2.00, 5.70, 24.99, 24.99, 1380.13, 20.00, 4.63, 21.67, 16.58, 60.30, 28.81, 75.97, 104.24, 80.26, 0, 0
2.00, 5.70, 25.00, 25.00, 1252.12, 20.00, 4.63, 20.00, 14.96, 0.00, 4.93, 0.00, 0.00, 90.00, 0, 0
2.00, 5.70, 25.00, 25.00, 1216.20, 20.00, 4.63, 19.44, 14.46, 0.00, 0.00, 0.00, 0.00, 90.00, 0, 0
2.00, 5.70, 24.93, 24.93, 954.93, 20.00, 4.63, 18.33, 13.34, 0.00, 0.00, 0.00, 0.00, 90.00, 0, 0
2.00, 5.70, 23.91, 23.91, -773.67, 20.00, 4.63, 17.78, 12.72, 0.00, 0.00, 0.00, 0.00, 90.00, 0, 0
2.00, 5.70, 23.09, 23.09, -1315.99, 20.00, 4.63, 16.67, 11.73, 0.00, 0.00, 0.00, 0.00, 90.00, 0, 0
2.00, 5.70, 22.47, 22.47, -1636.00, 20.00, 4.63, 16.11, 11.12, 0.00, 0.00, 0.00, 0.00, 90.00, 0, 0
2.00, 5.70, 21.95, 21.95, -1934.67, 20.00, 4.63, 15.56, 10.62, 0.00, 0.00, 0.00, 0.00, 90.00, 0, 0
2.00, 5.70, 21.59, 21.59, -2016.60, 20.00, 4.63, 15.56, 10.50, 0.00, 0.00, 0.00, 0.00, 90.00, 0, 0
2.00, 5.70, 21.23, 21.23, -2284.41, 20.00, 4.63, 15.00, 10.00, 0.00, 0.00, 0.00, 0.00, 90.00, 0, 0
2.00, 5.70, 20.97, 20.97, -2345.75, 20.00, 4.63, 15.00, 10.00, 0.00, 0.00, 0.00, 0.00, 90.00, 0, 0
2.00, 5.70, 20.80, 20.80, -2293.43, 20.00, 4.63, 15.00, 10.12, 0.00, 11.50, 0.00, -111.23, 88.68, 0, 0
2.00, 5.70, 21.54, 21.54, 130.92, 20.00, 4.63, 16.67, 11.84, 35.83, 37.84, 78.47, -101.80, 77.78, 0, 0
2.00, 5.70, 22.12, 22.12, 360.57, 20.00, 4.63, 18.89, 14.07, 0.00, 77.53, 0.00, -90.00, 66.51, 0, 0
2.00, 5.70, 22.62, 22.62, 616.44, 20.00, 4.63, 21.11, 16.31, 0.00, 114.79, 0.00, -82.35, 55.16, 0, 0
2.00, 5.70, 23.07, 23.07, 884.92, 20.00, 4.63, 23.89, 18.95, 0.00, 138.89, 0.00, -70.25, 44.12, 0, 0
2.00, 5.70, 23.49, 23.49, 1092.53, 20.00, 4.63, 25.56, 20.70, 0.00, 172.38, 0.00, -53.85, 34.06, 0, 0
2.00, 5.70, 23.86, 23.86, 1274.33, 20.00, 4.63, 27.22, 22.34, 0.00, 190.87, 0.00, -29.39, 26.43, 0, 0
2.00, 5.70, 24.17, 24.17, 1367.61, 20.00, 4.63, 27.78, 22.84, 0.00, 192.33, 0.00, 4.27, 23.90, 0, 0
2.00, 5.70, 24.45, 24.45, 1468.04, 20.00, 4.63, 28.33, 23.34, 0.00, 188.04, 0.00, 36.23, 27.92, 0, 0
2.00, 5.70, 24.68, 24.68, 1524.97, 20.00, 4.63, 28.89, 23.85, 0.00, 167.19, 0.00, 58.37, 36.33, 0, 0
2.00, 5.70, 24.85, 24.85, 1509.44, 20.00, 4.63, 28.89, 23.85, 0.00, 143.97, 0.00, 73.44, 46.72, 0, 0
2.00, 5.70, 24.99, 24.99, 1502.11, 20.00, 4.63, 27.78, 22.84, 0.00, 112.80, 0.00, 84.90, 57.88, 0, 0
2.00, 5.70, 25.00, 25.00, 1634.77, 20.00, 4.63, 26.67, 21.83, 19.67, 72.41, 85.58, 94.73, 69.24, 0, 0
2.00, 5.70, 25.00, 25.00, 1595.20, 20.00, 4.63, 25.56, 20.70, 69.85, 27.47, 76.16, 104.04, 80.45, 0, 0
2.00, 5.70, 25.00, 25.00, 1488.12, 20.00, 4.63, 24.44, 19.57, 0.00, 3.29, 0.00, 0.00, 90.00, 0, 0
2.00, 5.70, 25.00, 25.00, 1434.56, 20.00, 4.63, 23.33, 18.56, 0.00, 0.00, 0.00, 0.00, 90.00, 0, 0
2.00, 5.70, 25.03, 25.03, 1187.68, 20.00, 4.63, 22.22, 17.44, 0.00, 0.00, 0.00, 0.00, 90.00, 0, 0
2.00, 5.70, 24.48, 24.48, 471.39, 20.00, 4.63, 21.11, 16.31, 0.00, 0.00, 0.00, 0.00, 90.00, 0, 0
2.00, 5.70, 23.96, 23.96, -15.26, 20.00, 4.63, 20.00, 15.19, 0.00, 0.00, 0.00, 0.00, 90.00, 0, 0
2.00, 5.70, 23.53, 23.53, -298.29, 20.00, 4.63, 19.44, 14.58, 0.00, 0.00, 0.00, 0.00, 90.00, 0, 0
2.00, 5.70, 23.08, 23.08, -768.45, 20.00, 4.63, 18.33, 13.46, 0.00, 0.00, 0.00, 0.00, 90.00, 0, 0
2.00, 5.70, 22.69, 22.69, -1041.74, 20.00, 4.63, 17.78, 12.96, 0.00, 0.00, 0.00, 0.00, 90.00, 0, 0
2.00, 5.70, 22.25, 22.25, -1509.63, 20.00, 4.63, 16.67, 11.84, 0.00, 0.00, 0.00, 0.00, 90.00, 0, 0
2.00, 5.70, 21.85, 21.85, -1781.74, 20.00, 4.63, 16.11, 11.34, 0.00, 0.00, 0.00, 0.00, 90.00, 0, 0
2.00, 5.70, 21.58, 21.58, -1827.70, 20.00, 4.63, 16.11, 11.34, 0.00, 6.57, 0.00, -111.00, 88.86, 0, 0
2.00, 5.70, 22.17, 22.17, 197.49, 20.00, 4.63, 17.22, 12.45, 19.67, 36.40, 78.69, -101.56, 77.95, 0, 0
2.00, 5.70, 22.65, 22.65, 419.10, 20.00, 4.63, 19.44, 14.69, 0.00, 79.34, 0.00, -90.00, 66.67, 0, 0
2.00, 5.70, 23.04, 23.04, 604.45, 20.00, 4.63, 21.11, 16.42, 0.00, 121.56, 0.00, -82.06, 55.32, 0, 0
2.00, 5.70, 23.39, 23.39, 778.27, 20.00, 4.63, 22.78, 17.94, 0.00, 161.37, 0.00, -69.92, 44.29, 0, 0
2.00, 5.70, 23.70, 23.70, 942.40, 20.00, 4.63, 23.89, 19.07, 0.00, 184.16, 0.00, -53.50, 34.26, 0, 0
2.00, 5.70, 24.00, 24.00, 1113.25, 20.00, 4.63, 25.56, 20.70, 0.00, 200.14, 0.00, -29.10, 26.69, 0, 0
2.00, 5.70, 24.23, 24.23, 1156.06, 20.00, 4.63, 26.11, 21.21, 0.00, 191.64, 0.00, 4.28, 24.19, 0, 0
2.00, 5.70, 24.43, 24.43, 1222.78, 20.00, 4.63, 26.11, 21.21, 0.00, 188.99, 0.00, 35.99, 28.18, 0, 0
2.00, 5.70, 24.61, 24.61, 1282.41, 20.00, 4.63, 26.67, 21.71, 0.00, 179.92, 0.00, 58.08, 36.56, 0, 0
2.00, 5.70, 24.73, 24.73, 1235.39, 20.00, 4.63, 26.11, 21.21, 0.00, 139.94, 0.00, 73.16, 46.92, 0, 0
2.00, 5.70, 24.84, 24.84, 1268.89, 20.00, 4.63, 25.56, 20.58, 0.00, 105.29, 0.00, 84.66, 58.07, 0, 0
2.00, 5.70, 25.00, 25.00, 1434.69, 20.00, 4.63, 25.00, 20.08, 11.03, 69.73, 85.78, 94.51, 69.43, 0, 0
2.00, 5.70, 25.00, 25.00, 1378.61, 20.00, 4.63, 23.89, 18.95, 38.16, 20.94, 76.36, 103.83, 80.65, 0, 0
2.00, 5.70, 25.00, 25.00, 1273.19, 20.00, 4.63, 22.22, 17.44, 0.00, 1.64, 0.00, 0.00, 90.00, 0, 0
2.00, 5.70, 25.00, 25.00, 1221.27, 20.00, 4.63, 21.11, 16.31, 0.00, 0.00, 0.00, 0.00, 90.00, 0, 0
2.00, 5.70, 24.98, 24.98, 1015.79, 20.00, 4.63, 20.00, 15.19, 0.00, 0.00, 0.00, 0.00, 90.00, 0, 0
2.00, 5.70, 24.12, 24.12, -384.35, 20.00, 4.63, 18.89, 14.07, 0.00, 0.00, 0.00, 0.00, 90.00, 0, 0
2.00, 5.70, 23.41, 23.41, -904.69, 20.00, 4.63, 17.78, 12.84, 0.00, 0.00, 0.00, 0.00, 90.00, 0, 0
2.00, 5.70, 22.77, 22.77, -1411.12, 20.00, 4.63, 16.67, 11.84, 0.00, 0.00, 0.00, 0.00, 90.00, 0, 0
2.00, 5.70, 22.25, 22.25, -1708.29, 20.00, 4.63, 16.11, 11.23, 0.00, 0.00, 0.00, 0.00, 90.00, 0, 0
2.00, 5.70, 21.72, 21.72, -2195.92, 20.00, 4.63, 15.00, 10.12, 0.00, 0.00, 0.00, 0.00, 90.00, 0, 0
2.00, 5.70, 21.18, 21.18, -2687.20, 20.00, 4.63, 13.89, 9.01, 0.00, 0.00, 0.00, 0.00, 90.00, 0, 0
2.00, 5.70, 20.63, 20.63, -3182.55, 20.00, 4.63, 12.78, 7.90, 0.00, 0.00, 0.00, 0.00, 90.00, 0, 0
2.00, 5.70, 20.32, 20.32, -3034.22, 20.00, 4.63, 13.33, 8.51, 0.00, 11.50, 0.00, -110.77, 89.03, 0, 0
2.00, 5.70, 21.11, 21.11, -144.40, 20.00, 4.63, 14.44, 9.62, 27.96, 36.65, 78.93, -101.32, 78.11, 0, 0
2.00, 5.70, 21.71, 21.71, 89.95, 20.00, 4.63, 16.67, 11.84, 0.00, 73.19, 0.00, -90.00, 66.82, 0, 0
2.00, 5.70, 22.20, 22.20, 295.47, 20.00, 4.63, 18.33, 13.46, 0.00, 116.03, 0.00, -81.77, 55.48, 0, 0
2.00, 5.70, 22.61, 22.61, 491.42, 20.00, 4.63, 20.00, 15.19, 0.00, 153.49, 0.00, -69.59, 44.47, 0, 0
2.00, 5.70, 22.97, 22.97, 681.56, 20.00, 4.63, 21.67, 16.82, 0.00, 181.98, 0.00, -53.15, 34.47, 0, 0
2.00, 5.70, 23.30, 23.30, 829.70, 20.00, 4.63, 22.78, 17.94, 0.00, 201.10, 0.00, -28.81, 26.95, 0, 0
2.00, 5.70, 23.58, 23.58, 948.09, 20.00, 4.63, 23.89, 18.95, 0.00, 209.64, 0.00, 4.30, 24.48, 0, 0
2.00, 5.70, 23.83, 23.83, 1043.88, 20.00, 4.63, 24.44, 19.45, 0.00, 200.35, 0.00, 35.75, 28.45, 0, 0
2.00, 5.70, 24.02, 24.02, 1072.15, 20.00, 4.63, 24.44, 19.45, 0.00, 180.26, 0.00, 57.79, 36.79, 0, 0
2.00, 5.70, 24.18, 24.18, 1091.94, 20.00, 4.63, 24.44, 19.57, 0.00, 147.31, 0.00, 72.89, 47.13, 0, 0
2.00, 5.70, 24.31, 24.31, 1114.00, 20.00, 4.63, 23.89, 19.07, 0.00, 113.18, 0.00, 84.41, 58.27, 0, 0
2.00, 5.70, 24.48, 24.48, 1243.89, 20.00, 4.63, 22.78, 17.94, 7.10, 74.04, 85.99, 94.28, 69.63, 0, 0
2.00, 5.70, 24.58, 24.58, 1192.77, 20.00, 4.63, 21.67, 16.82, 25.13, 29.95, 76.55, 103.62, 80.85, 0, 0
2.00, 5.70, 24.63, 24.63, 1118.84, 20.00, 4.63, 20.56, 15.81, 0.00, 6.57, 0.00, 0.00, 90.00, 0, 0
2.00, 5.70, 24.67, 24.67, 1089.91, 20.00, 4.63, 20.00, 15.19, 0.00, 0.00, 0.00, 0.00, 90.00, 0, 0
2.00, 5.70, 24.61, 24.61, 875.84, 20.00, 4.63, 18.89, 14.18, 0.00, 0.00, 0.00, 0.00, 90.00, 0, 0
2.00, 5.70, 23.72, 23.72, -668.53, 20.00, 4.63, 18.33, 13.57, 0.00, 0.00, 0.00, 0.00, 90.00, 0, 0
2.00, 5.70, 22.98, 22.98, -1193.83, 20.00, 4.63, 17.22, 12.55, 0.00, 0.00, 0.00, 0.00, 90.00, 0, 0
2.00, 5.70, 22.49, 22.49, -1299.86, 20.00, 4.63, 17.22, 12.45, 0.00, 0.00, 0.00, 0.00, 90.00, 0, 0
2.00, 5.70, 22.06, 22.06, -1578.86, 20.00, 4.63, 16.67, 11.84, 0.00, 0.00, 0.00, 0.00, 90.00, 0, 0
2.00, 5.70, 21.68, 21.68, -1849.54, 20.00, 4.63, 16.11, 11.34, 0.00, 0.00, 0.00, 0.00, 90.00, 0, 0
2.00, 5.70, 21.40, 21.40, -1912.16, 20.00, 4.63, 16.11, 11.34, 0.00, 0.00, 0.00, 0.00, 90.00, 0, 0
2.00, 5.70, 21.11, 21.11, -2165.05, 20.00, 4.63, 15.56, 10.83, 0.00, 0.00, 0.00, 0.00, 90.00, 0, 0
2.00, 5.70, 20.98, 20.98, -1987.67, 20.00, 4.63, 16.11, 11.44, 0.00, 13.14, 0.00, -110.54, 89.21, 0, 0
2.00, 5.70, 21.62, 21.62, 91.64, 20.00, 4.63, 17.78, 13.06, 51.17, 35.37, 79.16, -101.07, 78.28, 0, 0
2.00, 5.70, 22.12, 22.12, 295.76, 20.00, 4.63, 20.00, 15.30, 0.00, 71.30, 0.00, -90.00, 66.98, 0, 0
2.00, 5.70, 22.55, 22.55, 520.72, 20.00, 4.63, 22.22, 17.44, 0.00, 104.94, 0.00, -81.47, 55.64, 0, 0
2.00, 5.70, 22.93, 22.93, 722.36, 20.00, 4.63, 23.89, 19.18, 0.00, 143.34, 0.00, -69.26, 44.64, 0, 0
2.00, 5.70, 23.28, 23.28, 910.19, 20.00, 4.63, 25.56, 20.70, 0.00, 183.45, 0.00, -52.78, 34.68, 0, 0
2.00, 5.70, 23.61, 23.61, 1096.13, 20.00, 4.63, 27.22, 22.34, 0.00, 200.46, 0.00, -28.51, 27.21, 0, 0
2.00, 5.70, 23.91, 23.91, 1221.90, 20.00, 4.63, 28.33, 23.47, 0.00, 201.03, 0.00, 4.32, 24.77, 0, 0
2.00, 5.70, 24.18, 24.18, 1345.03, 20.00, 4.63, 28.89, 23.97, 0.00, 183.89, 0.00, 35.52, 28.72, 0, 0
2.00, 5.70, 24.42, 24.42, 1411.06, 20.00, 4.63, 29.44, 24.48, 0.00, 160.35, 0.00, 57.49, 37.02, 0, 0
2.00, 5.70, 24.60, 24.60, 1424.48, 20.00, 4.63, 29.44, 24.48, 0.00, 129.28, 0.00, 72.61, 47.34, 0, 0
2.00, 5.70, 24.75, 24.75, 1447.79, 20.00, 4.63, 28.89, 23.97, 0.00, 99.31, 0.00, 84.16, 58.47, 0, 0
2.00, 5.70, 24.93, 24.93, 1560.76, 20.00, 4.63, 27.78, 22.84, 15.38, 64.31, 86.20, 94.05, 69.83, 0, 0
2.00, 5.70, 25.00, 25.00, 1489.05, 20.00, 4.63, 26.67, 21.71, 17.03, 20.98, 76.75, 103.41, 81.06, 0, 0
2.00, 5.70, 25.00, 25.00, 1396.85, 20.00, 4.63, 25.00, 20.08, 0.00, 1.64, 0.00, 0.00, 90.00, 0, 0
2.00, 5.70, 25.00, 25.00, 1348.71, 20.00, 4.63, 23.89, 18.95, 0.00, 0.00, 0.00, 0.00, 90.00, 0, 0
2.00, 5.70, 24.97, 24.97, 1119.80, 20.00, 4.63, 22.22, 17.32, 0.00, 0.00, 0.00, 0.00, 90.00, 0, 0
2.00, 5.70, 24.39, 24.39, 406.83, 20.00, 4.63, 21.11, 16.20, 0.00, 0.00, 0.00, 0.00, 90.00, 0, 0
2.00, 5.70, 23.78, 23.78, -274.84, 20.00, 4.63, 19.44, 14.46, 0.00, 0.00, 0.00, 0.00, 90.00, 0, 0
2.00, 5.70, 23.21, 23.21, -764.47, 20.00, 4.63, 18.33, 13.34, 0.00, 0.00, 0.00, 0.00, 90.00, 0, 0
2.00, 5.70, 22.67, 22.67, -1250.66, 20.00, 4.63, 17.22, 12.23, 0.00, 0.00, 0.00, 0.00, 90.00, 0, 0
2.00, 5.70, 22.05, 22.05, -1939.89, 20.00, 4.63, 15.56, 10.62, 0.00, 0.00, 0.00, 0.00, 90.00, 0, 0
2.00, 5.70, 21.46, 21.46, -2438.70, 20.00, 4.63, 14.44, 9.51, 0.00, 0.00, 0.00, 0.00, 90.00, 0, 0
2.00, 5.70, 20.87, 20.87, -2937.71, 20.00, 4.63, 13.33, 8.40, 0.00, 0.00, 0.00, 0.00, 90.00, 0, 0
2.00, 5.70, 20.39, 20.39, -3214.58, 20.00, 4.63, 12.78, 7.79, 0.00, 3.29, 0.00, -110.30, 89.39, 0, 0
2.00, 5.70, 21.12, 21.12, -176.21, 20.00, 4.63, 13.89, 8.90, 12.30, 33.34, 79.41, -100.82, 78.44, 0, 0
2.00, 5.70, 21.69, 21.69, 57.29, 20.00, 4.63, 16.11, 11.12, 0.00, 78.20, 0.00, -90.00, 67.14, 0, 0
2.00, 5.70, 22.16, 22.16, 290.14, 20.00, 4.63, 18.33, 13.34, 0.00, 110.26, 0.00, -81.17, 55.81, 0, 0
2.00, 5.70, 22.58, 22.58, 525.79, 20.00, 4.63, 20.56, 15.58, 0.00, 136.25, 0.00, -68.92, 44.82, 0, 0
2.00, 5.70, 22.98, 22.98, 765.02, 20.00, 4.63, 22.78, 17.70, 0.00, 153.24, 0.00, -52.42, 34.89, 0, 0
2.00, 5.70, 23.34, 23.34, 960.80, 20.00, 4.63, 24.44, 19.45, 0.00, 157.04, 0.00, -28.21, 27.47, 0, 0
2.00, 5.70, 23.66, 23.66, 1105.33, 20.00, 4.63, 26.11, 21.08, 0.00, 157.57, 0.00, 4.35, 25.07, 0, 0
2.00, 5.70, 23.97, 23.97, 1269.92, 20.00, 4.63, 27.22, 22.08, 0.00, 150.83, 0.00, 35.29, 29.00, 0, 0
2.00, 5.70, 24.23, 24.23, 1338.12, 20.00, 4.63, 27.78, 22.71, 0.00, 137.96, 0.00, 57.20, 37.26, 0, 0
2.00, 5.70, 24.42, 24.42, 1346.38, 20.00, 4.63, 27.78, 22.71, 0.00, 122.55, 0.00, 72.33, 47.56, 0, 0
2.00, 5.70, 24.58, 24.58, 1354.18, 20.00, 4.63, 27.22, 22.08, 0.00, 100.14, 0.00, 83.90, 58.68, 0, 0
2.00, 5.70, 24.76, 24.76, 1484.34, 20.00, 4.63, 26.11, 21.08, 20.01, 65.89, 86.41, 93.82, 70.04, 0, 0
2.00, 5.70, 24.88, 24.88, 1433.18, 20.00, 4.63, 24.44, 19.45, 88.86, 26.59, 76.96, 103.20, 81.28, 0, 0
2.00, 5.70, 24.94, 24.94, 1323.48, 20.00, 4.63, 23.33, 18.32, 0.00, 8.22, 0.00, 0.00, 90.00, 0, 0
2.00, 5.70, 24.96, 24.96, 1265.19, 20.00, 4.63, 22.22, 17.32, 0.00, 0.00, 0.00, 0.00, 90.00, 0, 0
2.00, 5.70, 24.90, 24.90, 1054.46, 20.00, 4.63, 21.11, 16.20, 0.00, 0.00, 0.00, 0.00, 90.00, 0, 0
2.00, 5.70, 24.17, 24.17, -1.43, 20.00, 4.63, 20.00, 15.08, 0.00, 0.00, 0.00, 0.00, 90.00, 0, 0
2.00, 5.70, 23.54, 23.54, -503.79, 20.00, 4.63, 18.89, 13.96, 0.00, 0.00, 0.00, 0.00, 90.00, 0, 0
2.00, 5.70, 23.04, 23.04, -796.66, 20.00, 4.63, 18.33, 13.34, 0.00, 0.00, 0.00, 0.00, 90.00, 0, 0
2.00, 5.70, 22.62, 22.62, -1074.45, 20.00, 4.63, 17.78, 12.84, 0.00, 0.00, 0.00, 0.00, 90.00, 0, 0
2.00, 5.70, 22.16, 22.16, -1545.05, 20.00, 4.63, 16.67, 11.73, 0.00, 0.00, 0.00, 0.00, 90.00, 0, 0
2.00, 5.70, 21.76, 21.76, -1818.71, 20.00, 4.63, 16.11, 11.23, 0.00, 0.00, 0.00, 0.00, 90.00, 0, 0
2.00, 5.70, 21.31, 21.31, -2290.49, 20.00, 4.63, 15.00, 10.12, 0.00, 0.00, 0.00, 0.00, 90.00, 0, 0
2.00, 5.70, 21.08, 21.08, -2129.83, 20.00, 4.63, 15.56, 10.73, 0.00, 14.79, 0.00, -110.05, 89.57, 0, 0
2.00, 5.70, 21.73, 21.73, 109.46, 20.00, 4.63, 17.22, 12.45, 46.95, 36.06, 79.65, -100.56, 78.61, 0, 0
2.00, 5.70, 22.23, 22.23, 315.91, 20.00, 4.63, 19.44, 14.69, 0.00, 66.16, 0.00, -90.00, 67.31, 0, 0
2.00, 5.70, 22.67, 22.67, 542.23, 20.00, 4.63, 21.67, 16.93, 0.00, 92.10, 0.00, -80.86, 55.97, 0, 0
2.00, 5.70, 23.06, 23.06, 769.05, 20.00, 4.63, 23.89, 19.07, 0.00, 118.06, 0.00, -68.57, 45.01, 0, 0
2.00, 5.70, 23.44, 23.44, 1000.36, 20.00, 4.63, 26.11, 21.21, 0.00, 144.53, 0.00, -52.04, 35.11, 0, 0
2.00, 5.70, 23.79, 23.79, 1195.65, 20.00, 4.63, 27.78, 22.96, 0.00, 158.78, 0.00, -27.90, 27.74, 0, 0
2.00, 5.70, 24.10, 24.10, 1316.49, 20.00, 4.63, 28.89, 23.97, 0.00, 160.19, 0.00, 4.38, 25.37, 0, 0
2.00, 5.70, 24.40, 24.40, 1477.35, 20.00, 4.63, 30.00, 25.11, 0.00, 151.37, 0.00, 35.07, 29.28, 0, 0
2.00, 5.70, 24.66, 24.66, 1544.22, 20.00, 4.63, 30.56, 25.62, 0.00, 134.53, 0.00, 56.91, 37.51, 0, 0
2.00, 5.70, 24.85, 24.85, 1548.32, 20.00, 4.63, 30.56, 25.62, 0.00, 110.58, 0.00, 72.05, 47.78, 0, 0
2.00, 5.70, 25.00, 25.00, 1554.56, 20.00, 4.63, 30.00, 25.11, 0.00, 86.77, 0.00, 83.65, 58.89, 0, 0
2.00, 5.70, 25.00, 25.00, 1670.11, 20.00, 4.63, 28.89, 24.10, 24.20, 58.40, 86.62, 93.59, 70.25, 0, 0
2.00, 5.70, 25.00, 25.00, 1616.49, 20.00, 4.63, 27.22, 22.45, 88.11, 25.26, 77.16, 102.99, 81.50, 0, 0
2.00, 5.70, 25.00, 25.00, 1484.97, 20.00, 4.63, 25.56, 20.81, 0.00, 8.22, 0.00, 0.00, 90.00, 0, 0
2.00, 5.70, 25.00, 25.00, 1427.38, 20.00, 4.63, 24.44, 19.79, 0.00, 0.00, 0.00, 0.00, 90.00, 0, 0
2.00, 5.70, 25.06, 25.06, 1253.06, 20.00, 4.63, 23.89, 19.18, 0.00, 0.00, 0.00, 0.00, 90.00, 0, 0
2.00, 5.70, 24.73, 24.73, 1049.67, 20.00, 4.63, 22.78, 18.05, 0.00, 0.00, 0.00, 0.00, 90.00, 0, 0
2.00, 5.70, 24.35, 24.35, 593.24, 20.00, 4.63, 21.67, 16.93, 0.00, 0.00, 0.00, 0.00, 90.00, 0, 0
2.00, 5.70, 24.03, 24.03, 330.74, 20.00, 4.63, 21.11, 16.31, 0.00, 0.00, 0.00, 0.00, 90.00, 0, 0
2.00, 5.70, 23.65, 23.65, -121.36, 20.00, 4.63, 20.00, 15.30, 0.00, 0.00, 0.00, 0.00, 90.00, 0, 0
2.00, 5.70, 23.31, 23.31, -381.88, 20.00, 4.63, 19.44, 14.69, 0.00, 0.00, 0.00, 0.00, 90.00, 0, 0
2.00, 5.70, 22.99, 22.99, -637.20, 20.00, 4.63, 18.89, 14.18, 0.00, 0.00, 0.00, 0.00, 90.00, 0, 0
2.00, 5.70, 22.69, 22.69, -889.77, 20.00, 4.63, 18.33, 13.67, 0.00, 0.00, 0.00, 0.00, 90.00, 0, 0
2.00, 5.70, 22.51, 22.51, -837.06, 20.00, 4.63, 18.33, 13.77, 0.00, 14.79, 0.00, -109.80, 89.75, 0, 0
2.00, 5.70, 23.02, 23.02, 573.63, 20.00, 4.63, 20.00, 15.40, 57.92, 31.91, 79.91, -100.29, 78.78, 0, 0
2.00, 5.70, 23.45, 23.45, 790.83, 20.00, 4.63, 22.78, 18.16, 0.00, 60.88, 0.00, -90.00, 67.47, 0, 0
2.00, 5.70, 23.84, 23.84, 1016.42, 20.00, 4.63, 25.00, 20.41, 0.00, 92.26, 0.00, -80.55, 56.14, 0, 0
2.00, 5.70, 24.21, 24.21, 1246.50, 20.00, 4.63, 27.22, 22.56, 0.00, 117.51, 0.00, -68.22, 45.19, 0, 0
2.00, 5.70, 24.57, 24.57, 1479.92, 20.00, 4.63, 29.44, 24.72, 0.00, 138.41, 0.00, -51.67, 35.33, 0, 0
2.00, 5.70, 24.93, 24.93, 1675.51, 20.00, 4.63, 31.11, 26.37, 0.00, 156.07, 0.00, -27.59, 28.01, 0, 0
2.00, 5.70, 25.24, 25.24, 1797.25, 20.00, 4.63, 32.22, 27.50, 0.00, 160.45, 0.00, 4.42, 25.68, 0, 0
2.00, 5.70, 25.00, 25.00, 1858.90, 20.00, 4.63, 33.33, 28.53, 0.00, 156.77, 0.00, 34.85, 29.57, 0, 0
2.00, 5.70, 25.00, 25.00, 1860.29, 20.00, 4.63, 33.33, 28.53, 0.00, 142.44, 0.00, 56.62, 37.77, 0, 0
2.00, 5.70, 25.00, 25.00, 1846.13, 20.00, 4.63, 33.33, 28.64, 0.00, 121.16, 0.00, 71.78, 48.01, 0, 0
2.00, 5.70, 25.00, 25.00, 1837.76, 20.00, 4.63, 32.78, 28.02, 0.00, 100.40, 0.00, 83.40, 59.11, 0, 0
2.00, 5.70, 25.00, 25.00, 1923.90, 20.00, 4.63, 31.67, 26.88, 11.46, 63.14, 86.84, 93.36, 70.47, 0, 0
2.00, 5.70, 25.00, 25.00, 1821.83, 20.00, 4.63, 30.00, 25.34, 11.80, 24.29, 77.36, 102.77, 81.72, 0, 0
2.00, 5.70, 25.00, 25.00, 1728.89, 20.00, 4.63, 28.33, 23.70, 0.00, 4.93, 0.00, 0.00, 90.00, 0, 0
2.00, 5.70, 25.00, 25.00, 1677.31, 20.00, 4.63, 27.22, 22.56, 0.00, 0.00, 0.00, 0.00, 90.00, 0, 0
2.00, 5.70, 25.25, 25.25, 1465.83, 20.00, 4.63, 26.11, 21.43, 0.00, 0.00, 0.00, 0.00, 90.00, 0, 0
2.00, 5.70, 25.28, 25.28, 1941.99, 20.00, 4.63, 25.00, 20.41, 0.00, 0.00, 0.00, 0.00, 90.00, 0, 0
2.00, 5.70, 25.07, 25.07, 1332.92, 20.00, 4.63, 23.33, 18.77, 0.00, 0.00, 0.00, 0.00, 90.00, 0, 0
2.00, 5.70, 24.84, 24.84, 1086.17, 20.00, 4.63, 22.78, 18.16, 0.00, 0.00, 0.00, 0.00, 90.00, 0, 0
2.00, 5.70, 24.54, 24.54, 647.34, 20.00, 4.63, 21.67, 17.03, 0.00, 0.00, 0.00, 0.00, 90.00, 0, 0
2.00, 5.70, 24.17, 24.17, 198.79, 20.00, 4.63, 20.56, 15.91, 0.00, 0.00, 0.00, 0.00, 90.00, 0, 0
2.00, 5.70, 23.85, 23.85, -59.62, 20.00, 4.63, 20.00, 15.40, 0.00, 0.00, 0.00, 0.00, 90.00, 0, 0
2.00, 5.70, 23.46, 23.46, -512.34, 20.00, 4.63, 18.89, 14.28, 0.00, 0.00, 0.00, 0.00, 90.00, 0, 0
2.00, 5.70, 23.23, 23.23, -476.13, 20.00, 4.63, 18.89, 14.28, 0.00, 9.86, 0.00, -109.55, 89.93, 0, 0
2.00, 5.70, 23.72, 23.72, 757.04, 20.00, 4.63, 20.56, 16.01, 40.34, 32.06, 80.17, -100.02, 78.95, 0, 0
2.00, 5.70, 24.12, 24.12, 951.46, 20.00, 4.63, 22.78, 18.16, 0.00, 69.03, 0.00, -90.00, 67.63, 0, 0
2.00, 5.70, 24.49, 24.49, 1171.70, 20.00, 4.63, 25.00, 20.41, 0.00, 101.24, 0.00, -80.23, 56.31, 0, 0
2.00, 5.70, 24.85, 24.85, 1395.44, 20.00, 4.63, 27.22, 22.56, 0.00, 127.48, 0.00, -67.87, 45.38, 0, 0
2.00, 5.70, 25.21, 25.21, 1627.66, 20.00, 4.63, 29.44, 24.72, 0.00, 147.39, 0.00, -51.29, 35.56, 0, 0
2.00, 5.70, 25.55, 25.55, 1823.69, 20.00, 4.63, 31.11, 26.37, 0.00, 155.25, 0.00, -27.28, 28.29, 0, 0
2.00, 5.70, 25.86, 25.86, 1944.08, 20.00, 4.63, 32.22, 27.50, 0.00, 157.08, 0.00, 4.46, 26.00, 0, 0
2.00, 5.70, 25.00, 25.00, 1904.65, 20.00, 4.63, 33.33, 28.53, 0.00, 155.54, 0.00, 34.64, 29.87, 0, 0
2.00, 5.70, 25.00, 25.00, 1925.81, 20.00, 4.63, 33.89, 29.16, 0.00, 140.71, 0.00, 56.34, 38.03, 0, 0
2.00, 5.70, 25.00, 25.00, 1902.54, 20.00, 4.63, 33.89, 29.16, 0.00, 119.89, 0.00, 71.50, 48.25, 0, 0
2.00, 5.70, 25.00, 25.00, 1884.72, 20.00, 4.63, 33.33, 28.53, 0.00, 99.28, 0.00, 83.14, 59.34, 0, 0
2.00, 5.70, 25.00, 25.00, 1961.43, 20.00, 4.63, 31.67, 26.99, 15.03, 60.42, 87.05, 93.12, 70.69, 0, 0
2.00, 5.70, 25.00, 25.00, 1922.13, 20.00, 4.63, 30.56, 25.86, 82.40, 22.31, 77.57, 102.55, 81.95, 0, 0
2.00, 5.70, 25.00, 25.00, 1792.99, 20.00, 4.63, 28.89, 24.21, 0.00, 6.57, 0.00, 0.00, 90.00, 0, 0
2.00, 5.70, 25.00, 25.00, 1738.33, 20.00, 4.63, 27.78, 23.18, 0.00, 0.00, 0.00, 0.00, 90.00, 0, 0
2.00, 5.70, 25.36, 25.36, 1545.12, 20.00, 4.63, 26.67, 22.05, 0.00, 0.00, 0.00, 0.00, 90.00, 0, 0
2.00, 5.70, 25.44, 25.44, 2004.04, 20.00, 4.63, 25.00, 20.41, 0.00, 0.00, 0.00, 0.00, 90.00, 0, 0
2.00, 5.70, 25.33, 25.33, 1590.81, 20.00, 4.63, 23.89, 19.28, 0.00, 0.00, 0.00, 0.00, 90.00, 0, 0
2.00, 5.70, 25.10, 25.10, 1161.29, 20.00, 4.63, 22.78, 18.16, 0.00, 0.00, 0.00, 0.00, 90.00, 0, 0
2.00, 5.70, 24.79, 24.79, 719.86, 20.00, 4.63, 21.67, 17.03, 0.00, 0.00, 0.00, 0.00, 90.00, 0, 0
2.00, 5.70, 24.42, 24.42, 269.22, 20.00, 4.63, 20.56, 15.91, 0.00, 0.00, 0.00, 0.00, 90.00, 0, 0
2.00, 5.70, 24.01, 24.01, -188.99, 20.00, 4.63, 19.44, 14.89, 0.00, 0.00, 0.00, 0.00, 90.00, 0, 0
2.00, 5.70, 23.57, 23.57, -654.01, 20.00, 4.63, 18.33, 13.77, 0.00, 0.00, 0.00, 0.00, 90.00, 0, 0
2.00, 5.70, 23.35, 23.35, -501.75, 20.00, 4.63, 18.89, 14.28, 0.00, 13.14, 0.00, 0.00, 90.00, 0, 0
2.00, 5.70, 23.86, 23.86, 736.47, 20.00, 4.63, 20.56, 16.01, 46.52, 39.72, 80.43, -99.75, 79.12, 0, 0
2.00, 5.70, 24.26, 24.26, 888.73, 20.00, 4.63, 22.22, 17.65, 0.00, 77.90, 0.00, -90.00, 67.80, 0, 0
2.00, 5.70, 24.60, 24.60, 1061.01, 20.00, 4.63, 23.89, 19.28, 0.00, 115.38, 0.00, -79.91, 56.48, 0, 0
2.00, 5.70, 24.92, 24.92, 1244.96, 20.00, 4.63, 25.56, 20.92, 0.00, 150.26, 0.00, -67.51, 45.57, 0, 0
2.00, 5.70, 25.22, 25.22, 1426.39, 20.00, 4.63, 27.22, 22.56, 0.00, 182.66, 0.00, -50.90, 35.78, 0, 0
2.00, 5.70, 25.50, 25.50, 1562.62, 20.00, 4.63, 28.33, 23.70, 0.00, 203.49, 0.00, -26.96, 28.57, 0, 0
2.00, 5.70, 25.76, 25.76, 1677.01, 20.00, 4.63, 29.44, 24.72, 0.00, 201.96, 0.00, 4.50, 26.31, 0, 0
2.00, 5.70, 25.00, 25.00, 1660.06, 20.00, 4.63, 30.56, 25.86, 0.00, 187.04, 0.00, 34.43, 30.17, 0, 0
2.00, 5.70, 25.00, 25.00, 1689.06, 20.00, 4.63, 31.11, 26.37, 0.00, 161.88, 0.00, 56.05, 38.29, 0, 0
2.00, 5.70, 25.00, 25.00, 1673.24, 20.00, 4.63, 31.11, 26.48, 0.00, 125.06, 0.00, 71.22, 48.49, 0, 0
2.00, 5.70, 25.00, 25.00, 1668.45, 20.00, 4.63, 30.56, 25.86, 0.00, 90.57, 0.00, 82.88, 59.57, 0, 0
2.00, 5.70, 25.00, 25.00, 1768.29, 20.00, 4.63, 29.44, 24.83, 15.59, 59.06, 87.27, 92.89, 70.92, 0, 0
2.00, 5.70, 25.00, 25.00, 1717.18, 20.00, 4.63, 28.33, 23.80, 63.01, 25.09, 77.78, 102.34, 82.18, 0, 0
2.00, 5.70, 25.00, 25.00, 1618.85, 20.00, 4.63, 27.22, 22.67, 0.00, 6.57, 0.00, 0.00, 90.00, 0, 0
2.00, 5.70, 25.00, 25.00, 1563.06, 20.00, 4.63, 26.11, 21.54, 0.00, 0.00, 0.00, 0.00, 90.00, 0, 0
2.00, 5.70, 25.34, 25.34, 1415.32, 20.00, 4.63, 25.00, 20.51, 0.00, 0.00, 0.00, 0.00, 90.00, 0, 0
2.00, 5.70, 25.36, 25.36, 1762.19, 20.00, 4.63, 24.44, 19.90, 0.00, 0.00, 0.00, 0.00, 90.00, 0, 0
2.00, 5.70, 25.21, 25.21, 1346.36, 20.00, 4.63, 23.33, 18.77, 0.00, 0.00, 0.00, 0.00, 90.00, 0, 0
2.00, 5.70, 25.04, 25.04, 1109.44, 20.00, 4.63, 22.78, 18.26, 0.00, 0.00, 0.00, 0.00, 90.00, 0, 0
2.00, 5.70, 24.76, 24.76, 676.99, 20.00, 4.63, 21.67, 17.13, 0.00, 0.00, 0.00, 0.00, 90.00, 0, 0
2.00, 5.70, 24.49, 24.49, 429.30, 20.00, 4.63, 21.11, 16.62, 0.00, 0.00, 0.00, 0.00, 90.00, 0, 0
2.00, 5.70, 24.22, 24.22, 183.55, 20.00, 4.63, 20.56, 16.01, 0.00, 0.00, 0.00, 0.00, 90.00, 0, 0
2.00, 5.70, 23.95, 23.95, -61.43, 20.00, 4.63, 20.00, 15.50, 0.00, 0.00, 0.00, 0.00, 90.00, 0, 0
2.00, 5.70, 23.77, 23.77, -92.92, 20.00, 4.63, 20.00, 15.59, 0.00, 6.57, 0.00, 0.00, 90.00, 0, 0
2.00, 5.70, 24.19, 24.19, 763.72, 20.00, 4.63, 21.11, 16.71, 17.78, 33.07, 80.70, -99.47, 79.29, 0, 0
2.00, 5.70, 24.55, 24.55, 960.20, 20.00, 4.63, 23.33, 18.87, 0.00, 71.96, 90.00, -90.00, 67.96, 0, 0
2.00, 5.70, 24.91, 24.91, 1209.21, 20.00, 4.63, 26.11, 21.64, 0.00, 109.86, 0.00, -79.58, 56.65, 0, 0
2.00, 5.70, 25.25, 25.25, 1421.12, 20.00, 4.63, 28.33, 23.80, 0.00, 148.42, 0.00, -67.14, 45.76, 0, 0
2.00, 5.70, 25.57, 25.57, 1599.06, 20.00, 4.63, 30.00, 25.45, 0.00, 169.88, 0.00, -50.52, 36.01, 0, 0
2.00, 5.70, 25.88, 25.88, 1780.17, 20.00, 4.63, 31.67, 27.10, 0.00, 189.30, 0.00, -26.65, 28.86, 0, 0
2.00, 5.70, 26.15, 26.15, 1866.22, 20.00, 4.63, 32.22, 27.62, 0.00, 198.90, 0.00, 4.55, 26.64, 0, 0
2.00, 5.70, 25.00, 25.00, 1782.91, 20.00, 4.63, 33.33, 28.64, 0.00, 184.96, 0.00, 34.22, 30.48, 0, 0
2.00, 5.70, 25.00, 25.00, 1780.76, 20.00, 4.63, 33.33, 28.76, 0.00, 166.32, 0.00, 55.77, 38.56, 0, 0
2.00, 5.70, 25.00, 25.00, 1759.61, 20.00, 4.63, 33.33, 28.76, 0.00, 136.53, 0.00, 70.94, 48.74, 0, 0
2.00, 5.70, 25.00, 25.00, 1792.44, 20.00, 4.63, 33.33, 28.64, 0.00, 97.97, 0.00, 82.63, 59.80, 0, 0
2.00, 5.70, 25.00, 25.00, 1898.63, 20.00, 4.63, 32.22, 27.62, 17.73, 59.61, 87.49, 92.65, 71.15, 0, 0
2.00, 5.70, 25.00, 25.00, 1857.89, 20.00, 4.63, 31.11, 26.48, 86.75, 22.93, 77.99, 102.12, 82.42, 0, 0
2.00, 5.70, 25.00, 25.00, 1726.30, 20.00, 4.63, 29.44, 24.94, 0.00, 4.93, 0.00, 0.00, 90.00, 0, 0
2.00, 5.70, 25.00, 25.00, 1674.14, 20.00, 4.63, 28.33, 23.80, 0.00, 0.00, 0.00, 0.00, 90.00, 0, 0
2.00, 5.70, 25.42, 25.42, 1517.28, 20.00, 4.63, 26.67, 22.16, 0.00, 0.00, 0.00, 0.00, 90.00, 0, 0
2.00, 5.70, 25.60, 25.60, 2177.01, 20.00, 4.63, 25.56, 21.03, 0.00, 0.00, 0.00, 0.00, 90.00, 0, 0
2.00, 5.70, 25.48, 25.48, 1588.71, 20.00, 4.63, 23.89, 19.38, 0.00, 0.00, 0.00, 0.00, 90.00, 0, 0
2.00, 5.70, 25.33, 25.33, 1355.07, 20.00, 4.63, 23.33, 18.77, 0.00, 0.00, 0.00, 0.00, 90.00, 0, 0
2.00, 5.70, 25.06, 25.06, 926.05, 20.00, 4.63, 22.22, 17.65, 0.00, 0.00, 0.00, 0.00, 90.00, 0, 0
2.00, 5.70, 24.73, 24.73, 484.80, 20.00, 4.63, 21.11, 16.52, 0.00, 0.00, 0.00, 0.00, 90.00, 0, 0
2.00, 5.70, 24.34, 24.34, 33.98, 20.00, 4.63, 20.00, 15.40, 0.00, 0.00, 0.00, 0.00, 90.00, 0, 0
2.00, 5.70, 23.91, 23.91, -424.77, 20.00, 4.63, 18.89, 14.38, 0.00, 0.00, 0.00, 0.00, 90.00, 0, 0
2.00, 5.70, 23.63, 23.63, -469.76, 20.00, 4.63, 18.89, 14.38, 0.00, 11.50, 0.00, 0.00, 90.00, 0, 0
2.00, 5.70, 24.13, 24.13, 752.40, 20.00, 4.63, 20.56, 16.01, 37.69, 30.96, 80.97, -99.19, 79.46, 0, 0
2.00, 5.70, 24.52, 24.52, 917.44, 20.00, 4.63, 22.22, 17.65, 0.00, 67.28, 90.00, -90.00, 68.13, 0, 0
2.00, 5.70, 24.88, 24.88, 1127.67, 20.00, 4.63, 24.44, 19.90, 0.00, 97.60, 0.00, -79.25, 56.82, 0, 0
2.00, 5.70, 25.22, 25.22, 1343.30, 20.00, 4.63, 26.67, 22.05, 0.00, 129.65, 0.00, -66.78, 45.95, 0, 0
2.00, 5.70, 25.54, 25.54, 1537.81, 20.00, 4.63, 28.33, 23.70, 0.00, 164.13, 0.00, -50.12, 36.24, 0, 0
2.00, 5.70, 25.86, 25.86, 1716.41, 20.00, 4.63, 30.00, 25.34, 0.00, 181.95, 0.00, -26.33, 29.15, 0, 0
2.00, 5.70, 26.14, 26.14, 1835.52, 20.00, 4.63, 31.11, 26.48, 0.00, 189.48, 0.00, 4.61, 26.96, 0, 0
2.00, 5.70, 25.00, 25.00, 1744.69, 20.00, 4.63, 32.22, 27.50, 0.00, 184.11, 0.00, 34.02, 30.79, 0, 0
2.00, 5.70, 25.00, 25.00, 1742.83, 20.00, 4.63, 32.22, 27.50, 0.00, 159.79, 0.00, 55.49, 38.84, 0, 0
2.00, 5.70, 25.00, 25.00, 1727.03, 20.00, 4.63, 32.22, 27.50, 0.00, 119.40, 0.00, 70.66, 48.99, 0, 0
2.00, 5.70, 25.00, 25.00, 1743.42, 20.00, 4.63, 32.22, 27.50, 0.00, 82.19, 0.00, 82.37, 60.04, 0, 0
2.00, 5.70, 25.00, 25.00, 1842.07, 20.00, 4.63, 31.11, 26.48, 0.00, 53.00, 0.00, 90.00, 71.39, 0, 0
2.00, 5.70, 25.00, 25.00, 1773.95, 20.00, 4.63, 29.44, 24.83, 77.11, 19.46, 78.20, 101.89, 82.66, 0, 0
2.00, 5.70, 25.00, 25.00, 1646.81, 20.00, 4.63, 27.78, 23.18, 0.00, 3.29, 0.00, 0.00, 90.00, 0, 0
2.00, 5.70, 25.00, 25.00, 1593.62, 20.00, 4.63, 26.67, 22.16, 0.00, 0.00, 0.00, 0.00, 90.00, 0, 0
2.00, 5.70, 25.40, 25.40, 1457.58, 20.00, 4.63, 25.56, 21.03, 0.00, 0.00, 0.00, 0.00, 90.00, 0, 0
2.00, 5.70, 25.45, 25.45, 1784.54, 20.00, 4.63, 24.44, 19.90, 0.00, 0.00, 0.00, 0.00, 90.00, 0, 0
2.00, 5.70, 25.23, 25.23, 1176.67, 20.00, 4.63, 22.78, 18.16, 0.00, 0.00, 0.00, 0.00, 90.00, 0, 0
2.00, 5.70, 25.01, 25.01, 930.93, 20.00, 4.63, 22.22, 17.65, 0.00, 0.00, 0.00, 0.00, 90.00, 0, 0
2.00, 5.70, 24.70, 24.70, 491.23, 20.00, 4.63, 21.11, 16.52, 0.00, 0.00, 0.00, 0.00, 90.00, 0, 0
2.00, 5.70, 24.41, 24.41, 238.27, 20.00, 4.63, 20.56, 15.91, 0.00, 0.00, 0.00, 0.00, 90.00, 0, 0
2.00, 5.70, 24.04, 24.04, -209.73, 20.00, 4.63, 19.44, 14.89, 0.00, 0.00, 0.00, 0.00, 90.00, 0, 0
2.00, 5.70, 23.63, 23.63, -667.89, 20.00, 4.63, 18.33, 13.77, 0.00, 0.00, 0.00, 0.00, 90.00, 0, 0
2.00, 5.70, 23.43, 23.43, -512.49, 20.00, 4.63, 18.89, 14.28, 0.00, 11.50, 0.00, 0.00, 90.00, 0, 0
2.00, 5.70, 23.95, 23.95, 692.17, 20.00, 4.63, 20.00, 15.50, 40.91, 30.89, 81.25, -98.90, 79.63, 0, 0
2.00, 5.70, 24.37, 24.37, 887.34, 20.00, 4.63, 22.22, 17.65, 0.00, 64.44, 90.00, -90.00, 68.30, 0, 0
2.00, 5.70, 24.75, 24.75, 1104.32, 20.00, 4.63, 24.44, 19.90, 0.00, 99.94, 0.00, -78.91, 57.00, 0, 0
2.00, 5.70, 25.11, 25.11, 1314.85, 20.00, 4.63, 26.67, 22.05, 0.00, 141.37, 0.00, -66.40, 46.15, 0, 0
2.00, 5.70, 25.42, 25.42, 1472.93, 20.00, 4.63, 27.78, 23.18, 0.00, 174.68, 0.00, -49.73, 36.48, 0, 0
2.00, 5.70, 25.73, 25.73, 1652.33, 20.00, 4.63, 29.44, 24.83, 0.00, 192.78, 0.00, -26.01, 29.44, 0, 0
2.00, 5.70, 26.01, 26.01, 1774.14, 20.00, 4.63, 30.56, 25.86, 0.00, 194.29, 0.00, 4.67, 27.29, 0, 0
2.00, 5.70, 25.00, 25.00, 1680.18, 20.00, 4.63, 31.11, 26.48, 0.00, 184.70, 0.00, 33.82, 31.10, 0, 0
2.00, 5.70, 25.00, 25.00, 1703.53, 20.00, 4.63, 31.67, 26.99, 0.00, 157.32, 0.00, 55.21, 39.12, 0, 0
2.00, 5.70, 25.00, 25.00, 1684.61, 20.00, 4.63, 31.67, 26.99, 0.00, 121.38, 0.00, 70.39, 49.25, 0, 0
2.00, 5.70, 25.00, 25.00, 1678.11, 20.00, 4.63, 31.11, 26.48, 0.00, 93.64, 0.00, 82.11, 60.29, 0, 0
2.00, 5.70, 25.00, 25.00, 1773.25, 20.00, 4.63, 30.00, 25.34, 0.00, 59.55, 0.00, 90.00, 71.63, 0, 0
2.00, 5.70, 25.00, 25.00, 1690.15, 20.00, 4.63, 28.33, 23.80, 41.24, 22.17, 78.42, 101.67, 82.91, 0, 0
2.00, 5.70, 25.00, 25.00, 1605.25, 20.00, 4.63, 27.22, 22.67, 0.00, 4.93, 0.00, 0.00, 90.00, 0, 0
2.00, 5.70, 25.00, 25.00, 1551.80, 20.00, 4.63, 26.11, 21.64, 0.00, 0.00, 0.00, 0.00, 90.00, 0, 0
2.00, 5.70, 25.39, 25.39, 1438.38, 20.00, 4.63, 25.56, 21.03, 0.00, 0.00, 0.00, 0.00, 90.00, 0, 0
2.00, 5.70, 25.42, 25.42, 1765.82, 20.00, 4.63, 24.44, 19.90, 0.00, 0.00, 0.00, 0.00, 90.00, 0, 0
2.00, 5.70, 25.29, 25.29, 1352.39, 20.00, 4.63, 23.33, 18.87, 0.00, 0.00, 0.00, 0.00, 90.00, 0, 0
2.00, 5.70, 25.11, 25.11, 1117.01, 20.00, 4.63, 22.78, 18.26, 0.00, 0.00, 0.00, 0.00, 90.00, 0, 0
2.00, 5.70, 24.91, 24.91, 880.77, 20.00, 4.63, 22.22, 17.65, 0.00, 0.00, 0.00, 0.00, 90.00, 0, 0
2.00, 5.70, 24.70, 24.70, 643.66, 20.00, 4.63, 21.67, 17.13, 0.00, 0.00, 0.00, 0.00, 90.00, 0, 0
2.00, 5.70, 24.47, 24.47, 405.53, 20.00, 4.63, 21.11, 16.62, 0.00, 0.00, 0.00, 0.00, 90.00, 0, 0
2.00, 5.70, 24.23, 24.23, 166.21, 20.00, 4.63, 20.56, 16.01, 0.00, 0.00, 0.00, 0.00, 90.00, 0, 0
2.00, 5.70, 24.06, 24.06, 136.52, 20.00, 4.63, 20.56, 16.10, 0.00, 4.93, 0.00, 0.00, 90.00, 0, 0
2.00, 5.70, 24.46, 24.46, 833.74, 20.00, 4.63, 21.67, 17.23, 22.65, 31.23, 81.53, -98.61, 79.81, 0, 0
2.00, 5.70, 24.81, 24.81, 1023.64, 20.00, 4.63, 23.89, 19.48, 0.00, 67.94, 90.00, -90.00, 68.47, 0, 0
2.00, 5.70, 25.13, 25.13, 1230.35, 20.00, 4.63, 26.11, 21.64, 0.00, 104.24, 0.00, -78.57, 57.17, 0, 0
2.00, 5.70, 25.46, 25.46, 1452.14, 20.00, 4.63, 28.33, 23.90, 0.00, 130.55, 0.00, -66.03, 46.34, 0, 0
2.00, 5.70, 25.79, 25.79, 1678.03, 20.00, 4.63, 30.56, 26.07, 0.00, 143.82, 0.00, -49.33, 36.72, 0, 0
2.00, 5.70, 26.12, 26.12, 1868.38, 20.00, 4.63, 32.22, 27.72, 0.00, 156.23, 0.00, -25.68, 29.73, 0, 0
2.00, 5.70, 26.40, 26.40, 1985.22, 20.00, 4.63, 33.33, 28.86, 0.00, 163.37, 0.00, 4.73, 27.63, 0, 0
2.00, 5.70, 25.00, 25.00, 1858.12, 20.00, 4.63, 34.44, 29.90, 0.00, 168.47, 0.00, 33.63, 31.42, 0, 0
2.00, 5.70, 25.00, 25.00, 1886.25, 20.00, 4.63, 35.00, 30.52, 0.00, 144.93, 0.00, 54.94, 39.41, 0, 0
2.00, 5.70, 25.00, 25.00, 1864.37, 20.00, 4.63, 35.00, 30.52, 0.00, 107.62, 0.00, 70.11, 49.51, 0, 0
2.00, 5.70, 25.00, 25.00, 1852.65, 20.00, 4.63, 34.44, 30.00, 0.00, 82.07, 0.00, 81.85, 60.54, 0, 0
2.00, 5.70, 25.00, 25.00, 1946.86, 20.00, 4.63, 33.33, 28.96, 0.00, 52.89, 0.00, 90.00, 71.88, 0, 0
2.00, 5.70, 25.00, 25.00, 1853.08, 20.00, 4.63, 31.67, 27.31, 0.00, 39.43, 78.63, 101.45, 83.17, 0, 0
2.00, 5.70, 25.00, 25.00, 1776.65, 20.00, 4.63, 30.56, 26.27, 0.00, 3.29, 0.00, 0.00, 90.00, 0, 0
2.00, 5.70, 25.00, 25.00, 1751.87, 20.00, 4.63, 30.00, 25.65, 0.00, 0.00, 0.00, 0.00, 90.00, 0, 0
2.00, 5.70, 25.50, 25.50, 1636.13, 20.00, 4.63, 28.89, 24.61, 0.00, 0.00, 0.00, 0.00, 90.00, 0, 0
2.00, 5.70, 26.07, 26.07, 3149.62, 20.00, 4.63, 28.33, 24.09, 0.00, 0.00, 0.00, 0.00, 90.00, 0, 0
2.00, 5.70, 26.29, 26.29, 2804.70, 20.00, 4.63, 27.22, 22.96, 0.00, 0.00, 0.00, 0.00, 90.00, 0, 0
2.00, 5.70, 26.36, 26.36, 2614.98, 20.00, 4.63, 26.67, 22.35, 0.00, 0.00, 0.00, 0.00, 90.00, 0, 0
2.00, 5.70, 26.33, 26.33, 2413.22, 20.00, 4.63, 26.11, 21.83, 0.00, 0.00, 0.00, 0.00, 90.00, 0, 0
2.00, 5.70, 26.24, 26.24, 2203.42, 20.00, 4.63, 25.56, 21.22, 0.00, 0.00, 0.00, 0.00, 90.00, 0, 0
2.00, 5.70, 26.11, 26.11, 1988.13, 20.00, 4.63, 25.00, 20.70, 0.00, 0.00, 0.00, 0.00, 90.00, 0, 0
2.00, 5.70, 26.03, 26.03, 1960.31, 20.00, 4.63, 25.00, 20.70, 0.00, 0.00, 0.00, 0.00, 90.00, 0, 0
2.00, 5.70, 26.02, 26.02, 2030.27, 20.00, 4.63, 25.00, 20.79, 0.00, 6.57, 0.00, 0.00, 90.00, 0, 0
2.00, 5.70, 26.18, 26.18, 1400.95, 20.00, 4.63, 25.56, 21.39, 5.20, 29.88, 81.82, -98.31, 79.98, 0, 0
2.00, 5.70, 26.32, 26.32, 1480.20, 20.00, 4.63, 26.67, 22.52, 0.00, 40.41, 90.00, -90.00, 68.64, 0, 0
2.00, 5.70, 26.47, 26.47, 1570.87, 20.00, 4.63, 27.22, 23.13, 0.00, 82.30, 0.00, -78.22, 57.35, 0, 0
2.00, 5.70, 26.63, 26.63, 1682.14, 20.00, 4.63, 28.33, 24.18, 0.00, 112.98, 0.00, -65.65, 46.54, 0, 0
2.00, 5.70, 26.84, 26.84, 1871.08, 20.00, 4.63, 30.00, 25.84, 0.00, 159.39, 0.00, -48.93, 36.96, 0, 0
2.00, 5.70, 27.01, 27.01, 1905.35, 20.00, 4.63, 30.56, 26.45, 0.00, 130.35, 0.00, -25.36, 30.03, 0, 0
2.00, 5.70, 27.14, 27.14, 1908.57, 20.00, 4.63, 30.56, 26.45, 0.00, 117.11, 0.00, 4.79, 27.97, 0, 0
2.00, 5.70, 25.00, 25.00, 1642.37, 20.00, 4.63, 31.11, 26.97, 0.00, 161.15, 0.00, 33.45, 31.75, 0, 0
2.00, 5.70, 25.00, 25.00, 1691.51, 20.00, 4.63, 31.67, 27.49, 0.00, 167.18, 0.00, 54.66, 39.70, 0, 0
2.00, 5.70, 25.00, 25.00, 1656.26, 20.00, 4.63, 31.67, 27.49, 0.00, 126.62, 0.00, 69.83, 49.78, 0, 0
2.00, 5.70, 25.00, 25.00, 1713.50, 20.00, 4.63, 31.67, 27.58, 0.00, 95.85, 0.00, 81.59, 60.79, 0, 0
2.00, 5.70, 25.00, 25.00, 1888.47, 20.00, 4.63, 31.67, 27.58, 0.00, 63.79, 0.00, 90.00, 72.13, 0, 0
2.00, 5.70, 25.00, 25.00, 1822.54, 20.00, 4.63, 30.56, 26.53, 0.00, 27.93, 78.85, 101.22, 83.42, 0, 0
2.00, 5.70, 25.00, 25.00, 1785.52, 20.00, 4.63, 30.00, 26.01, 0.00, 3.29, 0.00, 0.00, 90.00, 0, 0
2.00, 5.70, 25.00, 25.00, 1767.08, 20.00, 4.63, 29.44, 25.48, 0.00, 0.00, 0.00, 0.00, 90.00, 0, 0
2.00, 5.70, 25.59, 25.59, 1645.26, 20.00, 4.63, 28.89, 24.95, 0.00, 0.00, 0.00, 0.00, 90.00, 0, 0
2.00, 5.70, 26.21, 26.21, 3165.54, 20.00, 4.63, 28.33, 24.35, 0.00, 0.00, 0.00, 0.00, 90.00, 0, 0
2.00, 5.70, 26.53, 26.53, 3013.06, 20.00, 4.63, 27.78, 23.82, 0.00, 0.00, 0.00, 0.00, 90.00, 0, 0
2.00, 5.70, 26.66, 26.66, 2835.41, 20.00, 4.63, 27.22, 23.21, 0.00, 0.00, 0.00, 0.00, 90.00, 0, 0
2.00, 5.70, 26.76, 26.76, 2830.89, 20.00, 4.63, 27.22, 23.21, 0.00, 0.00, 0.00, 0.00, 90.00, 0, 0
2.00, 5.70, 26.75, 26.75, 2636.81, 20.00, 4.63, 26.67, 22.69, 0.00, 0.00, 0.00, 0.00, 90.00, 0, 0
2.00, 5.70, 26.67, 26.67, 2433.05, 20.00, 4.63, 26.11, 22.16, 0.00, 0.00, 0.00, 0.00, 90.00, 0, 0
2.00, 5.70, 26.63, 26.63, 2412.85, 20.00, 4.63, 26.11, 22.16, 0.00, 0.00, 0.00, 0.00, 90.00, 0, 0
2.00, 5.70, 26.64, 26.64, 2484.69, 20.00, 4.63, 26.11, 22.24, 0.00, 3.29, 0.00, 0.00, 90.00, 0, 0
2.00, 5.70, 26.74, 26.74, 1498.38, 20.00, 4.63, 26.11, 22.24, 0.00, 14.79, 82.11, -98.01, 80.16, 0, 0
2.00, 5.70, 26.86, 26.86, 1603.38, 20.00, 4.63, 27.22, 23.37, 0.00, 55.49, 90.00, -90.00, 68.81, 0, 0
2.00, 5.70, 27.02, 27.02, 1754.48, 20.00, 4.63, 28.89, 25.03, 0.00, 102.96, 0.00, -77.87, 57.53, 0, 0
2.00, 5.70, 27.20, 27.20, 1880.59, 20.00, 4.63, 30.00, 26.09, 0.00, 139.25, 0.00, -65.26, 46.75, 0, 0
2.00, 5.70, 27.38, 27.38, 1983.60, 20.00, 4.63, 31.11, 27.22, 0.00, 151.46, 0.00, -48.53, 37.20, 0, 0
2.00, 5.70, 27.52, 27.52, 1996.62, 20.00, 4.63, 31.67, 27.67, 0.00, 104.07, 0.00, -25.03, 30.34, 0, 0
2.00, 5.70, 27.61, 27.61, 1956.64, 20.00, 4.63, 31.11, 27.14, 0.00, 65.72, 0.00, 4.86, 28.31, 0, 0
2.00, 5.70, 25.00, 25.00, 1607.89, 20.00, 4.63, 31.67, 27.67, 0.00, 120.65, 0.00, 33.27, 32.08, 0, 0
2.00, 5.70, 25.00, 25.00, 1630.33, 20.00, 4.63, 31.67, 27.67, 0.00, 132.58, 0.00, 54.39, 40.00, 0, 0
2.00, 5.70, 25.00, 25.00, 1669.82, 20.00, 4.63, 32.22, 28.19, 0.00, 124.46, 0.00, 69.56, 50.05, 0, 0
2.00, 5.70, 25.00, 25.00, 1733.92, 20.00, 4.63, 32.22, 28.19, 0.00, 102.88, 0.00, 81.33, 61.05, 0, 0
2.00, 5.70, 25.00, 25.00, 1875.67, 20.00, 4.63, 31.67, 27.67, 0.00, 60.16, 0.00, 90.00, 72.39, 0, 0
2.00, 5.70, 25.00, 25.00, 1834.67, 20.00, 4.63, 31.11, 27.14, 0.00, 23.00, 79.07, 101.00, 83.68, 0, 0
2.00, 5.70, 25.00, 25.00, 1803.51, 20.00, 4.63, 30.56, 26.53, 0.00, 3.29, 0.00, 0.00, 90.00, 0, 0
2.00, 5.70, 25.00, 25.00, 1763.61, 20.00, 4.63, 29.44, 25.48, 0.00, 0.00, 0.00, 0.00, 90.00, 0, 0
2.00, 5.70, 25.65, 25.65, 1627.09, 20.00, 4.63, 28.33, 24.35, 0.00, 0.00, 0.00, 0.00, 90.00, 0, 0
2.00, 5.70, 26.23, 26.23, 2988.59, 20.00, 4.63, 27.78, 23.74, 0.00, 0.00, 0.00, 0.00, 90.00, 0, 0
2.00, 5.70, 26.44, 26.44, 2641.49, 20.00, 4.63, 26.67, 22.61, 0.00, 0.00, 0.00, 0.00, 90.00, 0, 0
2.00, 5.70, 26.50, 26.50, 2449.89, 20.00, 4.63, 26.11, 22.08, 0.00, 0.00, 0.00, 0.00, 90.00, 0, 0
2.00, 5.70, 26.39, 26.39, 2054.96, 20.00, 4.63, 25.00, 20.95, 0.00, 0.00, 0.00, 0.00, 90.00, 0, 0
2.00, 5.70, 26.24, 26.24, 1833.19, 20.00, 4.63, 24.44, 20.35, 0.00, 0.00, 0.00, 0.00, 90.00, 0, 0
2.00, 5.70, 25.99, 25.99, 1415.60, 20.00, 4.63, 23.33, 19.30, 0.00, 0.00, 0.00, 0.00, 90.00, 0, 0
2.00, 5.70, 25.67, 25.67, 984.33, 20.00, 4.63, 22.22, 18.17, 0.00, 0.00, 0.00, 0.00, 90.00, 0, 0
2.00, 5.70, 25.54, 25.54, 1143.28, 20.00, 4.63, 22.78, 18.70, 0.00, 8.22, 0.00, 0.00, 90.00, 0, 0
2.00, 5.70, 25.86, 25.86, 1203.26, 20.00, 4.63, 23.89, 19.82, 38.59, 31.25, 82.41, -97.70, 80.33, 0, 0
2.00, 5.70, 26.15, 26.15, 1374.89, 20.00, 4.63, 26.11, 22.00, 0.00, 63.26, 90.00, -90.00, 68.99, 0, 0
2.00, 5.70, 26.43, 26.43, 1544.15, 20.00, 4.63, 27.78, 23.66, 0.00, 110.58, 0.00, -77.52, 57.71, 0, 0
2.00, 5.70, 26.68, 26.68, 1675.35, 20.00, 4.63, 28.89, 24.70, 0.00, 152.11, 0.00, -64.88, 46.95, 0, 0
2.00, 5.70, 26.92, 26.92, 1802.25, 20.00, 4.63, 30.00, 25.84, 0.00, 177.34, 0.00, -48.12, 37.45, 0, 0
2.00, 5.70, 27.18, 27.18, 2003.78, 20.00, 4.63, 31.67, 27.40, 0.00, 200.91, 0.00, -24.71, 30.64, 0, 0
2.00, 5.70, 27.41, 27.41, 2070.71, 20.00, 4.63, 32.22, 27.92, 0.00, 203.20, 0.00, 4.93, 28.66, 0, 0
2.00, 5.70, 25.00, 25.00, 1719.48, 20.00, 4.63, 32.78, 28.44, 0.00, 188.70, 0.00, 33.09, 32.42, 0, 0
2.00, 5.70, 25.00, 25.00, 1696.21, 20.00, 4.63, 32.78, 28.34, 0.00, 161.96, 0.00, 54.13, 40.30, 0, 0
2.00, 5.70, 25.00, 25.00, 1660.62, 20.00, 4.63, 32.78, 28.34, 0.00, 126.90, 0.00, 69.28, 50.33, 0, 0
2.00, 5.70, 25.00, 25.00, 1698.79, 20.00, 4.63, 32.22, 27.72, 0.00, 97.47, 0.00, 81.07, 61.31, 0, 0
2.00, 5.70, 25.00, 25.00, 1807.00, 20.00, 4.63, 31.11, 26.69, 0.00, 54.34, 0.00, 90.00, 72.65, 0, 0
2.00, 5.70, 25.00, 25.00, 1735.23, 20.00, 4.63, 30.00, 25.55, 0.00, 19.72, 79.29, 100.77, 83.95, 0, 0
2.00, 5.70, 25.00, 25.00, 1677.78, 20.00, 4.63, 28.89, 24.52, 0.00, 3.29, 0.00, 0.00, 90.00, 0, 0
2.00, 5.70, 25.00, 25.00, 1631.16, 20.00, 4.63, 27.78, 23.38, 0.00, 0.00, 0.00, 0.00, 90.00, 0, 0
2.00, 5.70, 25.59, 25.59, 1504.76, 20.00, 4.63, 26.11, 21.64, 0.00, 0.00, 0.00, 0.00, 90.00, 0, 0
2.00, 5.70, 25.79, 25.79, 2014.52, 20.00, 4.63, 25.00, 20.51, 0.00, 0.00, 0.00, 0.00, 90.00, 0, 0
2.00, 5.70, 25.67, 25.67, 1426.51, 20.00, 4.63, 23.33, 18.77, 0.00, 0.00, 0.00, 0.00, 90.00, 0, 0
2.00, 5.70, 25.43, 25.43, 998.86, 20.00, 4.63, 22.22, 17.74, 0.00, 0.00, 0.00, 0.00, 90.00, 0, 0
2.00, 5.70, 25.11, 25.11, 558.08, 20.00, 4.63, 21.11, 16.62, 0.00, 0.00, 0.00, 0.00, 90.00, 0, 0
2.00, 5.70, 24.73, 24.73, 107.18, 20.00, 4.63, 20.00, 15.50, 0.00, 0.00, 0.00, 0.00, 90.00, 0, 0
2.00, 5.70, 24.23, 24.23, -551.52, 20.00, 4.63, 18.33, 13.86, 0.00, 0.00, 0.00, 0.00, 90.00, 0, 0
2.00, 5.70, 23.72, 23.72, -1028.76, 20.00, 4.63, 17.22, 12.74, 0.00, 0.00, 0.00, 0.00, 90.00, 0, 0
2.00, 5.70, 23.38, 23.38, -1090.25, 20.00, 4.63, 17.22, 12.65, 0.00, 4.93, 0.00, 0.00, 90.00, 0, 0
2.00, 5.70, 24.01, 24.01, 602.84, 20.00, 4.63, 18.33, 13.77, 16.46, 30.15, 82.71, -97.39, 80.51, 0, 0
2.00, 5.70, 24.49, 24.49, 792.45, 20.00, 4.63, 20.00, 15.40, 0.00, 69.33, 90.00, -90.00, 69.16, 0, 0
2.00, 5.70, 24.91, 24.91, 1018.62, 20.00, 4.63, 22.22, 17.65, 0.00, 98.90, 0.00, -77.16, 57.90, 0, 0
2.00, 5.70, 25.31, 25.31, 1271.32, 20.00, 4.63, 25.00, 20.30, 0.00, 117.47, 0.00, -64.48, 47.16, 0, 0
2.00, 5.70, 25.68, 25.68, 1477.52, 20.00, 4.63, 26.67, 21.94, 0.00, 134.95, 0.00, -47.72, 37.70, 0, 0
2.00, 5.70, 26.04, 26.04, 1704.15, 20.00, 4.63, 28.89, 24.10, 0.00, 154.93, 0.00, -24.38, 30.95, 0, 0
2.00, 5.70, 26.35, 26.35, 1820.44, 20.00, 4.63, 30.00, 25.23, 0.00, 162.09, 0.00, 5.00, 29.01, 0, 0
2.00, 5.70, 25.00, 25.00, 1699.02, 20.00, 4.63, 31.11, 26.25, 0.00, 152.66, 0.00, 32.91, 32.76, 0, 0
2.00, 5.70, 25.00, 25.00, 1697.27, 20.00, 4.63, 31.11, 26.37, 0.00, 135.95, 0.00, 53.86, 40.61, 0, 0
2.00, 5.70, 25.00, 25.00, 1663.89, 20.00, 4.63, 31.11, 26.37, 0.00, 109.42, 0.00, 69.01, 50.61, 0, 0
2.00, 5.70, 25.00, 25.00, 1653.69, 20.00, 4.63, 30.56, 25.74, 0.00, 81.54, 0.00, 80.81, 61.58, 0, 0
2.00, 5.70, 25.00, 25.00, 1746.24, 20.00, 4.63, 29.44, 24.72, 0.00, 51.06, 0.00, 90.00, 72.92, 0, 0
2.00, 5.70, 25.00, 25.00, 1645.17, 20.00, 4.63, 27.78, 23.08, 0.00, 31.22, 79.51, 100.54, 84.22, 0, 0
2.00, 5.70, 25.00, 25.00, 1571.20, 20.00, 4.63, 26.67, 21.94, 0.00, 1.64, 0.00, 0.00, 90.00, 0, 0
2.00, 5.70, 25.00, 25.00, 1519.83, 20.00, 4.63, 25.56, 20.81, 0.00, 0.00, 0.00, 0.00, 90.00, 0, 0
2.00, 5.70, 25.44, 25.44, 1391.57, 20.00, 4.63, 24.44, 19.69, 0.00, 0.00, 0.00, 0.00, 90.00, 0, 0
2.00, 5.70, 25.37, 25.37, 1388.43, 20.00, 4.63, 23.33, 18.56, 0.00, 0.00, 0.00, 0.00, 90.00, 0, 0
2.00, 5.70, 25.07, 25.07, 764.47, 20.00, 4.63, 21.67, 16.93, 0.00, 0.00, 0.00, 0.00, 90.00, 0, 0
2.00, 5.70, 24.80, 24.80, 508.90, 20.00, 4.63, 21.11, 16.42, 0.00, 0.00, 0.00, 0.00, 90.00, 0, 0
2.00, 5.70, 24.44, 24.44, 60.14, 20.00, 4.63, 20.00, 15.30, 0.00, 0.00, 0.00, 0.00, 90.00, 0, 0
2.00, 5.70, 24.12, 24.12, -199.16, 20.00, 4.63, 19.44, 14.69, 0.00, 0.00, 0.00, 0.00, 90.00, 0, 0
2.00, 5.70, 23.73, 23.73, -654.17, 20.00, 4.63, 18.33, 13.57, 0.00, 0.00, 0.00, 0.00, 90.00, 0, 0
2.00, 5.70, 23.29, 23.29, -1118.71, 20.00, 4.63, 17.22, 12.55, 0.00, 0.00, 0.00, 0.00, 90.00, 0, 0
2.00, 5.70, 23.07, 23.07, -967.69, 20.00, 4.63, 17.78, 13.06, 0.00, 8.22, 0.00, 0.00, 90.00, 0, 0
2.00, 5.70, 23.64, 23.64, 480.59, 20.00, 4.63, 17.78, 13.06, 0.21, 19.51, 83.01, -97.08, 80.69, 0, 0
2.00, 5.70, 24.08, 24.08, 667.43, 20.00, 4.63, 19.44, 14.79, 0.00, 63.60, 0.00, -87.39, 69.34, 0, 0
2.00, 5.70, 24.46, 24.46, 853.04, 20.00, 4.63, 21.11, 16.42, 0.00, 111.52, 0.00, -76.81, 58.08, 0, 0
2.00, 5.70, 24.80, 24.80, 1051.68, 20.00, 4.63, 22.78, 18.05, 0.00, 145.92, 0.00, -64.09, 47.37, 0, 0
2.00, 5.70, 25.13, 25.13, 1263.97, 20.00, 4.63, 25.00, 20.19, 0.00, 179.09, 0.00, -47.31, 37.95, 0, 0
2.00, 5.70, 25.41, 25.41, 1347.35, 20.00, 4.63, 25.56, 20.81, 0.00, 192.16, 0.00, -24.05, 31.27, 0, 0
2.00, 5.70, 25.61, 25.61, 1366.27, 20.00, 4.63, 26.11, 21.32, 0.00, 161.40, 0.00, 5.08, 29.36, 0, 0
2.00, 5.70, 25.00, 25.00, 1277.59, 20.00, 4.63, 26.11, 21.32, 0.00, 151.00, 0.00, 32.75, 33.10, 0, 0
2.00, 5.70, 25.00, 25.00, 1299.97, 20.00, 4.63, 26.11, 21.32, 0.00, 155.49, 0.00, 53.60, 40.92, 0, 0
2.00, 5.70, 25.00, 25.00, 1246.59, 20.00, 4.63, 25.56, 20.81, 0.00, 122.20, 0.00, 68.74, 50.90, 0, 0
2.00, 5.70, 25.00, 25.00, 1288.45, 20.00, 4.63, 25.56, 20.70, 0.00, 88.44, 0.00, 80.55, 61.86, 0, 0
2.00, 5.70, 25.00, 25.00, 1409.00, 20.00, 4.63, 24.44, 19.69, 0.00, 53.11, 0.00, 90.00, 73.19, 0, 0
2.00, 5.70, 25.00, 25.00, 1343.59, 20.00, 4.63, 23.33, 18.67, 0.00, 21.36, 79.73, 100.32, 84.49, 0, 0
2.00, 5.70, 25.00, 25.00, 1307.50, 20.00, 4.63, 22.78, 18.05, 0.00, 3.29, 0.00, 0.00, 90.00, 0, 0
2.00, 5.70, 25.00, 25.00, 1256.52, 20.00, 4.63, 21.67, 17.03, 0.00, 0.00, 0.00, 0.00, 90.00, 0, 0
2.00, 5.70, 25.25, 25.25, 1123.86, 20.00, 4.63, 21.11, 16.42, 0.00, 0.00, 0.00, 0.00, 90.00, 0, 0
2.00, 5.70, 24.67, 24.67, 90.95, 20.00, 4.63, 20.00, 15.30, 0.00, 0.00, 0.00, 0.00, 90.00, 0, 0
2.00, 5.70, 24.12, 24.12, -397.51, 20.00, 4.63, 18.89, 14.18, 0.00, 0.00, 0.00, 0.00, 90.00, 0, 0
2.00, 5.70, 23.67, 23.67, -681.95, 20.00, 4.63, 18.33, 13.57, 0.00, 0.00, 0.00, 0.00, 90.00, 0, 0
2.00, 5.70, 23.28, 23.28, -954.70, 20.00, 4.63, 17.78, 13.06, 0.00, 0.00, 0.00, 0.00, 90.00, 0, 0
2.00, 5.70, 22.84, 22.84, -1422.43, 20.00, 4.63, 16.67, 11.94, 0.00, 0.00, 0.00, 0.00, 90.00, 0, 0
2.00, 5.70, 22.44, 22.44, -1694.62, 20.00, 4.63, 16.11, 11.44, 0.00, 0.00, 0.00, 0.00, 90.00, 0, 0
2.00, 5.70, 21.99, 21.99, -2165.86, 20.00, 4.63, 15.00, 10.32, 0.00, 0.00, 0.00, 0.00, 90.00, 0, 0
2.00, 5.70, 21.75, 21.75, -2013.72, 20.00, 4.63, 15.56, 10.93, 0.00, 6.57, 0.00, 0.00, 90.00, 0, 0
2.00, 5.70, 22.47, 22.47, 192.31, 20.00, 4.63, 16.67, 12.04, 21.73, 30.29, 83.32, -96.76, 80.87, 0, 0
2.00, 5.70, 23.01, 23.01, 388.98, 20.00, 4.63, 18.33, 13.67, 0.00, 66.16, 0.00, -87.05, 69.51, 0, 0
2.00, 5.70, 23.47, 23.47, 616.55, 20.00, 4.63, 20.56, 15.91, 0.00, 105.48, 0.00, -76.44, 58.27, 0, 0
2.00, 5.70, 23.87, 23.87, 827.81, 20.00, 4.63, 22.22, 17.54, 0.00, 136.96, 0.00, -63.70, 47.58, 0, 0
2.00, 5.70, 24.26, 24.26, 1063.98, 20.00, 4.63, 24.44, 19.69, 0.00, 152.64, 0.00, -46.90, 38.21, 0, 0
2.00, 5.70, 24.61, 24.61, 1262.63, 20.00, 4.63, 26.11, 21.32, 0.00, 159.36, 0.00, -23.72, 31.58, 0, 0
2.00, 5.70, 24.94, 24.94, 1408.43, 20.00, 4.63, 27.78, 22.96, 0.00, 162.81, 0.00, 5.16, 29.72, 0, 0
2.00, 5.70, 25.00, 25.00, 1493.58, 20.00, 4.63, 28.33, 23.47, 0.00, 160.60, 0.00, 32.58, 33.45, 0, 0
2.00, 5.70, 25.00, 25.00, 1525.96, 20.00, 4.63, 28.89, 24.10, 0.00, 138.51, 0.00, 53.34, 41.24, 0, 0
2.00, 5.70, 25.00, 25.00, 1522.66, 20.00, 4.63, 29.44, 24.60, 0.00, 107.89, 0.00, 68.47, 51.19, 0, 0
2.00, 5.70, 25.00, 25.00, 1507.46, 20.00, 4.63, 28.89, 24.10, 0.00, 79.76, 0.00, 80.29, 62.13, 0, 0
2.00, 5.70, 25.00, 25.00, 1598.55, 20.00, 4.63, 27.78, 22.96, 0.00, 47.39, 0.00, 90.00, 73.46, 0, 0
2.00, 5.70, 25.00, 25.00, 1503.75, 20.00, 4.63, 26.11, 21.32, 0.00, 32.86, 79.96, 100.09, 84.77, 0, 0
2.00, 5.70, 25.00, 25.00, 1431.48, 20.00, 4.63, 25.00, 20.19, 0.00, 3.29, 0.00, 0.00, 90.00, 0, 0
2.00, 5.70, 25.00, 25.00, 1379.14, 20.00, 4.63, 23.89, 19.18, 0.00, 0.00, 0.00, 0.00, 90.00, 0, 0
2.00, 5.70, 25.20, 25.20, 1212.33, 20.00, 4.63, 22.78, 18.05, 0.00, 0.00, 0.00, 0.00, 90.00, 0, 0
2.00, 5.70, 24.80, 24.80, 685.31, 20.00, 4.63, 21.67, 16.93, 0.00, 0.00, 0.00, 0.00, 90.00, 0, 0
2.00, 5.70, 24.46, 24.46, 416.37, 20.00, 4.63, 21.11, 16.31, 0.00, 0.00, 0.00, 0.00, 90.00, 0, 0
2.00, 5.70, 24.06, 24.06, -40.07, 20.00, 4.63, 20.00, 15.19, 0.00, 0.00, 0.00, 0.00, 90.00, 0, 0
2.00, 5.70, 23.72, 23.72, -303.60, 20.00, 4.63, 19.44, 14.69, 0.00, 0.00, 0.00, 0.00, 90.00, 0, 0
2.00, 5.70, 23.31, 23.31, -760.76, 20.00, 4.63, 18.33, 13.57, 0.00, 0.00, 0.00, 0.00, 90.00, 0, 0
2.00, 5.70, 22.95, 22.95, -1025.23, 20.00, 4.63, 17.78, 12.96, 0.00, 0.00, 0.00, 0.00, 90.00, 0, 0
2.00, 5.70, 22.53, 22.53, -1486.81, 20.00, 4.63, 16.67, 11.94, 0.00, 0.00, 0.00, 0.00, 90.00, 0, 0
2.00, 5.70, 22.24, 22.24, -1537.91, 20.00, 4.63, 16.67, 11.94, 0.00, 3.29, 0.00, 0.00, 90.00, 0, 0
2.00, 5.70, 22.83, 22.83, 312.30, 20.00, 4.63, 17.78, 13.06, 9.45, 31.03, 83.64, -96.44, 81.05, 0, 0
2.00, 5.70, 23.28, 23.28, 501.65, 20.00, 4.63, 19.44, 14.69, 0.00, 70.75, 0.00, -86.71, 69.69, 0, 0
2.00, 5.70, 23.69, 23.69, 724.35, 20.00, 4.63, 21.67, 16.93, 0.00, 101.57, 0.00, -76.08, 58.45, 0, 0
2.00, 5.70, 24.06, 24.06, 946.29, 20.00, 4.63, 23.89, 19.18, 0.00, 130.00, 0.00, -63.30, 47.79, 0, 0
2.00, 5.70, 24.40, 24.40, 1138.96, 20.00, 4.63, 25.56, 20.81, 0.00, 162.39, 0.00, -46.48, 38.47, 0, 0
2.00, 5.70, 24.72, 24.72, 1323.38, 20.00, 4.63, 27.22, 22.45, 0.00, 184.20, 0.00, -23.39, 31.90, 0, 0
2.00, 5.70, 25.01, 25.01, 1447.21, 20.00, 4.63, 28.33, 23.47, 0.00, 187.98, 0.00, 5.24, 30.08, 0, 0
2.00, 5.70, 25.00, 25.00, 1523.84, 20.00, 4.63, 28.89, 24.10, 0.00, 176.32, 0.00, 32.42, 33.80, 0, 0
2.00, 5.70, 25.00, 25.00, 1584.58, 20.00, 4.63, 30.00, 25.11, 0.00, 140.58, 0.00, 53.08, 41.56, 0, 0
2.00, 5.70, 25.00, 25.00, 1560.38, 20.00, 4.63, 30.00, 25.11, 0.00, 113.21, 0.00, 68.20, 51.48, 0, 0
2.00, 5.70, 25.00, 25.00, 1544.59, 20.00, 4.63, 29.44, 24.60, 0.00, 89.30, 0.00, 80.03, 62.42, 0, 0
2.00, 5.70, 25.00, 25.00, 1632.19, 20.00, 4.63, 28.33, 23.59, 0.00, 52.04, 0.00, 90.00, 73.74, 0, 0
2.00, 5.70, 25.00, 25.00, 1534.68, 20.00, 4.63, 26.67, 21.94, 0.00, 26.29, 80.18, 99.86, 85.06, 0, 0
2.00, 5.70, 25.00, 25.00, 1468.04, 20.00, 4.63, 25.56, 20.92, 0.00, 3.29, 0.00, 0.00, 90.00, 0, 0
2.00, 5.70, 25.00, 25.00, 1440.54, 20.00, 4.63, 25.00, 20.41, 0.00, 0.00, 0.00, 0.00, 90.00, 0, 0
2.00, 5.70, 25.21, 25.21, 1276.82, 20.00, 4.63, 23.89, 19.28, 0.00, 0.00, 0.00, 0.00, 90.00, 0, 0
2.00, 5.70, 25.04, 25.04, 1283.14, 20.00, 4.63, 23.33, 18.67, 0.00, 0.00, 0.00, 0.00, 90.00, 0, 0
2.00, 5.70, 24.76, 24.76, 846.88, 20.00, 4.63, 22.22, 17.65, 0.00, 0.00, 0.00, 0.00, 90.00, 0, 0
2.00, 5.70, 24.58, 24.58, 792.35, 20.00, 4.63, 22.22, 17.54, 0.00, 0.00, 0.00, 0.00, 90.00, 0, 0
2.00, 5.70, 24.37, 24.37, 556.07, 20.00, 4.63, 21.67, 16.93, 0.00, 0.00, 0.00, 0.00, 90.00, 0, 0
2.00, 5.70, 24.07, 24.07, 122.33, 20.00, 4.63, 20.56, 15.91, 0.00, 0.00, 0.00, 0.00, 90.00, 0, 0
2.00, 5.70, 23.78, 23.78, -125.71, 20.00, 4.63, 20.00, 15.40, 0.00, 0.00, 0.00, 0.00, 90.00, 0, 0
2.00, 5.70, 23.50, 23.50, -371.99, 20.00, 4.63, 19.44, 14.89, 0.00, 0.00, 0.00, 0.00, 90.00, 0, 0
2.00, 5.70, 23.42, 23.42, -128.31, 20.00, 4.63, 20.00, 15.50, 0.00, 4.93, 0.00, 0.00, 90.00, 0, 0
2.00, 5.70, 23.86, 23.86, 740.37, 20.00, 4.63, 21.11, 16.62, 20.44, 28.35, 83.95, -96.12, 81.23, 0, 0
2.00, 5.70, 24.23, 24.23, 915.61, 20.00, 4.63, 22.78, 18.26, 0.00, 63.61, 0.00, -86.37, 69.87, 0, 0
2.00, 5.70, 24.58, 24.58, 1133.32, 20.00, 4.63, 25.00, 20.41, 0.00, 99.33, 0.00, -75.71, 58.64, 0, 0
2.00, 5.70, 24.92, 24.92, 1362.22, 20.00, 4.63, 27.22, 22.67, 0.00, 122.27, 0.00, -62.90, 48.01, 0, 0
2.00, 5.70, 25.27, 25.27, 1594.97, 20.00, 4.63, 29.44, 24.83, 0.00, 137.36, 0.00, -46.07, 38.73, 0, 0
2.00, 5.70, 25.61, 25.61, 1796.00, 20.00, 4.63, 31.11, 26.48, 0.00, 149.49, 0.00, -23.06, 32.23, 0, 0
2.00, 5.70, 25.93, 25.93, 1942.12, 20.00, 4.63, 32.78, 28.02, 0.00, 153.14, 0.00, 5.32, 30.45, 0, 0
2.00, 5.70, 25.00, 25.00, 1850.80, 20.00, 4.63, 33.33, 28.64, 0.00, 153.02, 0.00, 32.27, 34.16, 0, 0
2.00, 5.70, 25.00, 25.00, 1878.80, 20.00, 4.63, 33.89, 29.16, 0.00, 135.77, 0.00, 52.83, 41.89, 0, 0
2.00, 5.70, 25.00, 25.00, 1850.45, 20.00, 4.63, 33.89, 29.16, 0.00, 107.59, 0.00, 67.93, 51.78, 0, 0
2.00, 5.70, 25.00, 25.00, 1835.50, 20.00, 4.63, 33.33, 28.64, 0.00, 78.49, 0.00, 79.78, 62.70, 0, 0
2.00, 5.70, 25.00, 25.00, 1928.55, 20.00, 4.63, 32.22, 27.50, 0.00, 47.98, 90.00, 90.00, 74.02, 0, 0
2.00, 5.70, 25.00, 25.00, 1834.63, 20.00, 4.63, 30.56, 25.86, 0.00, 27.93, 80.41, 99.62, 85.34, 0, 0
2.00, 5.70, 25.00, 25.00, 1767.37, 20.00, 4.63, 29.44, 24.72, 0.00, 1.64, 0.00, 0.00, 90.00, 0, 0
2.00, 5.70, 25.00, 25.00, 1721.62, 20.00, 4.63, 28.33, 23.70, 0.00, 0.00, 0.00, 0.00, 90.00, 0, 0
2.00, 5.70, 25.37, 25.37, 1511.48, 20.00, 4.63, 26.67, 22.05, 0.00, 0.00, 0.00, 0.00, 90.00, 0, 0
2.00, 5.70, 25.53, 25.53, 2165.20, 20.00, 4.63, 25.56, 20.92, 0.00, 0.00, 0.00, 0.00, 90.00, 0, 0
2.00, 5.70, 25.47, 25.47, 1765.25, 20.00, 4.63, 24.44, 19.69, 0.00, 0.00, 0.00, 0.00, 90.00, 0, 0
2.00, 5.70, 25.28, 25.28, 1345.83, 20.00, 4.63, 23.33, 18.67, 0.00, 0.00, 0.00, 0.00, 90.00, 0, 0
2.00, 5.70, 24.99, 24.99, 912.37, 20.00, 4.63, 22.22, 17.54, 0.00, 0.00, 0.00, 0.00, 90.00, 0, 0
2.00, 5.70, 24.56, 24.56, 271.85, 20.00, 4.63, 20.56, 15.91, 0.00, 0.00, 0.00, 0.00, 90.00, 0, 0
2.00, 5.70, 24.12, 24.12, -191.23, 20.00, 4.63, 19.44, 14.79, 0.00, 0.00, 0.00, 0.00, 90.00, 0, 0
2.00, 5.70, 23.65, 23.65, -658.87, 20.00, 4.63, 18.33, 13.67, 0.00, 0.00, 0.00, 0.00, 90.00, 0, 0
2.00, 5.70, 23.37, 23.37, -638.34, 20.00, 4.63, 18.33, 13.67, 0.00, 3.29, 0.00, 0.00, 90.00, 0, 0
2.00, 5.70, 23.89, 23.89, 723.42, 20.00, 4.63, 19.44, 14.79, 19.69, 29.89, 84.27, -95.79, 81.41, 0, 0
2.00, 5.70, 24.29, 24.29, 868.58, 20.00, 4.63, 20.56, 15.91, 0.00, 69.31, 0.00, -86.03, 70.05, 0, 0
2.00, 5.70, 24.64, 24.64, 1050.06, 20.00, 4.63, 22.22, 17.54, 0.00, 108.67, 0.00, -75.33, 58.83, 0, 0
2.00, 5.70, 24.97, 24.97, 1240.21, 20.00, 4.63, 23.89, 19.28, 0.00, 148.64, 0.00, -62.49, 48.22, 0, 0
2.00, 5.70, 25.29, 25.29, 1457.00, 20.00, 4.63, 26.11, 21.43, 0.00, 169.96, 0.00, -45.66, 39.00, 0, 0
2.00, 5.70, 25.59, 25.59, 1617.23, 20.00, 4.63, 27.22, 22.56, 0.00, 184.22, 0.00, -22.74, 32.55, 0, 0
2.00, 5.70, 25.86, 25.86, 1723.33, 20.00, 4.63, 28.33, 23.59, 0.00, 195.17, 0.00, 5.41, 30.81, 0, 0
2.00, 5.70, 25.00, 25.00, 1624.63, 20.00, 4.63, 28.89, 24.10, 0.00, 184.47, 0.00, 32.11, 34.52, 0, 0
2.00, 5.70, 25.00, 25.00, 1651.75, 20.00, 4.63, 29.44, 24.72, 0.00, 158.06, 0.00, 52.58, 42.22, 0, 0
2.00, 5.70, 25.00, 25.00, 1617.08, 20.00, 4.63, 29.44, 24.72, 0.00, 129.94, 0.00, 67.66, 52.09, 0, 0
2.00, 5.70, 25.00, 25.00, 1609.97, 20.00, 4.63, 28.89, 24.21, 0.00, 95.93, 0.00, 79.52, 62.99, 0, 0
2.00, 5.70, 25.00, 25.00, 1717.51, 20.00, 4.63, 27.78, 23.08, 0.00, 57.17, 90.00, 90.00, 74.30, 0, 0
2.00, 5.70, 25.00, 25.00, 1645.78, 20.00, 4.63, 26.67, 22.05, 0.00, 27.93, 80.63, 99.39, 85.63, 0, 0
2.00, 5.70, 25.00, 25.00, 1577.11, 20.00, 4.63, 25.56, 20.92, 0.00, 1.64, 0.00, 0.00, 90.00, 0, 0
2.00, 5.70, 25.00, 25.00, 1551.30, 20.00, 4.63, 25.00, 20.41, 0.00, 0.00, 0.00, 0.00, 90.00, 0, 0
2.00, 5.70, 25.33, 25.33, 1356.16, 20.00, 4.63, 23.89, 19.38, 0.00, 0.00, 0.00, 0.00, 90.00, 0, 0
2.00, 5.70, 25.20, 25.20, 1365.85, 20.00, 4.63, 23.33, 18.77, 0.00, 0.00, 0.00, 0.00, 90.00, 0, 0
2.00, 5.70, 24.96, 24.96, 930.42, 20.00, 4.63, 22.22, 17.65, 0.00, 0.00, 0.00, 0.00, 90.00, 0, 0
2.00, 5.70, 24.72, 24.72, 680.25, 20.00, 4.63, 21.67, 17.03, 0.00, 0.00, 0.00, 0.00, 90.00, 0, 0
2.00, 5.70, 24.47, 24.47, 432.96, 20.00, 4.63, 21.11, 16.52, 0.00, 0.00, 0.00, 0.00, 90.00, 0, 0
2.00, 5.70, 24.21, 24.21, 187.00, 20.00, 4.63, 20.56, 15.91, 0.00, 0.00, 0.00, 0.00, 90.00, 0, 0
2.00, 5.70, 23.95, 23.95, -58.38, 20.00, 4.63, 20.00, 15.40, 0.00, 0.00, 0.00, 0.00, 90.00, 0, 0
2.00, 5.70, 23.69, 23.69, -303.85, 20.00, 4.63, 19.44, 14.89, 0.00, 0.00, 0.00, 0.00, 90.00, 0, 0
2.00, 5.70, 23.50, 23.50, -338.65, 20.00, 4.63, 19.44, 14.89, 0.00, 3.29, 0.00, 0.00, 90.00, 0, 0
2.00, 5.70, 23.96, 23.96, 679.35, 20.00, 4.63, 20.56, 16.01, 17.97, 25.99, 84.60, -95.46, 81.59, 0, 0
2.00, 5.70, 24.33, 24.33, 850.05, 20.00, 4.63, 22.22, 17.74, 0.00, 61.18, 0.00, -85.68, 70.23, 0, 0
2.00, 5.70, 24.68, 24.68, 1062.61, 20.00, 4.63, 24.44, 19.90, 0.00, 95.39, 0.00, -74.96, 59.02, 0, 0
2.00, 5.70, 25.01, 25.01, 1285.78, 20.00, 4.63, 26.67, 22.16, 0.00, 119.00, 0.00, -62.09, 48.44, 0, 0
2.00, 5.70, 25.35, 25.35, 1514.78, 20.00, 4.63, 28.89, 24.32, 0.00, 135.03, 0.00, -45.24, 39.26, 0, 0
2.00, 5.70, 25.68, 25.68, 1713.71, 20.00, 4.63, 30.56, 25.97, 0.00, 152.05, 0.00, -22.41, 32.88, 0, 0
2.00, 5.70, 25.98, 25.98, 1844.92, 20.00, 4.63, 32.22, 27.50, 0.00, 165.70, 0.00, 5.50, 31.19, 0, 0
2.00, 5.70, 25.00, 25.00, 1761.42, 20.00, 4.63, 32.78, 28.13, 0.00, 159.87, 0.00, 31.97, 34.88, 0, 0
2.00, 5.70, 25.00, 25.00, 1785.16, 20.00, 4.63, 33.33, 28.64, 0.00, 141.62, 0.00, 52.33, 42.55, 0, 0
2.00, 5.70, 25.00, 25.00, 1755.83, 20.00, 4.63, 33.33, 28.64, 0.00, 107.34, 0.00, 67.39, 52.40, 0, 0
2.00, 5.70, 25.00, 25.00, 1748.06, 20.00, 4.63, 32.78, 28.13, 0.00, 82.86, 0.00, 79.26, 63.29, 0, 0
2.00, 5.70, 25.00, 25.00, 1838.88, 20.00, 4.63, 31.67, 26.99, 0.00, 52.13, 90.00, 90.00, 74.59, 0, 0
2.00, 5.70, 25.00, 25.00, 1739.51, 20.00, 4.63, 30.00, 25.45, 0.00, 23.00, 80.86, 99.16, 85.92, 0, 0
2.00, 5.70, 25.00, 25.00, 1674.83, 20.00, 4.63, 28.89, 24.32, 0.00, 1.64, 0.00, 0.00, 90.00, 0, 0
2.00, 5.70, 25.00, 25.00, 1627.43, 20.00, 4.63, 27.78, 23.18, 0.00, 0.00, 0.00, 0.00, 90.00, 0, 0
2.00, 5.70, 25.39, 25.39, 1492.82, 20.00, 4.63, 26.67, 22.05, 0.00, 0.00, 0.00, 0.00, 90.00, 0, 0
2.00, 5.70, 25.57, 25.57, 2153.13, 20.00, 4.63, 25.56, 20.92, 0.00, 0.00, 0.00, 0.00, 90.00, 0, 0
2.00, 5.70, 25.52, 25.52, 1757.91, 20.00, 4.63, 24.44, 19.79, 0.00, 0.00, 0.00, 0.00, 90.00, 0, 0
2.00, 5.70, 25.34, 25.34, 1341.92, 20.00, 4.63, 23.33, 18.77, 0.00, 0.00, 0.00, 0.00, 90.00, 0, 0
2.00, 5.70, 25.05, 25.05, 911.03, 20.00, 4.63, 22.22, 17.65, 0.00, 0.00, 0.00, 0.00, 90.00, 0, 0
2.00, 5.70, 24.71, 24.71, 468.99, 20.00, 4.63, 21.11, 16.52, 0.00, 0.00, 0.00, 0.00, 90.00, 0, 0
2.00, 5.70, 24.40, 24.40, 215.23, 20.00, 4.63, 20.56, 15.91, 0.00, 0.00, 0.00, 0.00, 90.00, 0, 0
2.00, 5.70, 24.02, 24.02, -232.81, 20.00, 4.63, 19.44, 14.89, 0.00, 0.00, 0.00, 0.00, 90.00, 0, 0
2.00, 5.70, 23.76, 23.76, -278.24, 20.00, 4.63, 19.44, 14.89, 0.00, 4.93, 0.00, 0.00, 90.00, 0, 0
2.00, 5.70, 24.21, 24.21, 737.16, 20.00, 4.63, 20.56, 16.01, 18.73, 27.20, 84.93, -95.13, 81.77, 0, 0
2.00, 5.70, 24.57, 24.57, 904.36, 20.00, 4.63, 22.22, 17.65, 0.00, 63.14, 0.00, -85.33, 70.41, 0, 0
2.00, 5.70, 24.90, 24.90, 1111.92, 20.00, 4.63, 24.44, 19.90, 0.00, 97.39, 0.00, -74.58, 59.22, 0, 0
2.00, 5.70, 25.21, 25.21, 1301.60, 20.00, 4.63, 26.11, 21.54, 0.00, 124.73, 0.00, -61.68, 48.66, 0, 0
2.00, 5.70, 25.53, 25.53, 1511.88, 20.00, 4.63, 28.33, 23.70, 0.00, 157.23, 0.00, -44.83, 39.53, 0, 0
2.00, 5.70, 25.82, 25.82, 1658.82, 20.00, 4.63, 29.44, 24.72, 0.00, 180.33, 0.00, -22.08, 33.21, 0, 0
2.00, 5.70, 26.08, 26.08, 1774.81, 20.00, 4.63, 30.56, 25.86, 0.00, 184.16, 0.00, 5.59, 31.56, 0, 0
2.00, 5.70, 25.00, 25.00, 1713.01, 20.00, 4.63, 31.67, 26.88, 0.00, 165.62, 0.00, 31.82, 35.25, 0, 0
2.00, 5.70, 25.00, 25.00, 1745.58, 20.00, 4.63, 32.22, 27.39, 0.00, 140.57, 0.00, 52.09, 42.89, 0, 0
2.00, 5.70, 25.00, 25.00, 1697.94, 20.00, 4.63, 32.22, 27.39, 0.00, 120.55, 0.00, 67.13, 52.71, 0, 0
2.00, 5.70, 25.00, 25.00, 1650.15, 20.00, 4.63, 31.11, 26.37, 0.00, 90.94, 0.00, 79.00, 63.59, 0, 0
2.00, 5.70, 25.00, 25.00, 1750.14, 20.00, 4.63, 30.00, 25.23, 0.00, 49.85, 90.00, 90.00, 74.89, 0, 0
2.00, 5.70, 25.00, 25.00, 1681.36, 20.00, 4.63, 28.89, 24.21, 0.00, 23.00, 81.09, 98.93, 86.22, 0, 0
2.00, 5.70, 25.00, 25.00, 1593.57, 20.00, 4.63, 27.22, 22.56, 0.00, 1.64, 0.00, 0.00, 90.00, 0, 0
2.00, 5.70, 25.00, 25.00, 1544.24, 20.00, 4.63, 26.11, 21.43, 0.00, 0.00, 0.00, 0.00, 90.00, 0, 0
2.00, 5.70, 25.38, 25.38, 1405.74, 20.00, 4.63, 25.00, 20.30, 0.00, 0.00, 0.00, 0.00, 90.00, 0, 0
2.00, 5.70, 25.34, 25.34, 1565.30, 20.00, 4.63, 23.89, 19.18, 0.00, 0.00, 0.00, 0.00, 90.00, 0, 0
2.00, 5.70, 25.15, 25.15, 1142.44, 20.00, 4.63, 22.78, 18.05, 0.00, 0.00, 0.00, 0.00, 90.00, 0, 0
2.00, 5.70, 24.87, 24.87, 705.70, 20.00, 4.63, 21.67, 16.93, 0.00, 0.00, 0.00, 0.00, 90.00, 0, 0
2.00, 5.70, 24.51, 24.51, 258.47, 20.00, 4.63, 20.56, 15.91, 0.00, 0.00, 0.00, 0.00, 90.00, 0, 0
2.00, 5.70, 24.19, 24.19, 0.64, 20.00, 4.63, 20.00, 15.30, 0.00, 0.00, 0.00, 0.00, 90.00, 0, 0
2.00, 5.70, 23.81, 23.81, -451.82, 20.00, 4.63, 18.89, 14.18, 0.00, 0.00, 0.00, 0.00, 90.00, 0, 0
2.00, 5.70, 23.38, 23.38, -913.67, 20.00, 4.63, 17.78, 13.06, 0.00, 0.00, 0.00, 0.00, 90.00, 0, 0
2.00, 5.70, 23.00, 23.00, -1174.57, 20.00, 4.63, 17.22, 12.55, 0.00, 0.00, 0.00, 0.00, 90.00, 0, 0
2.00, 5.70, 23.56, 23.56, 507.22, 20.00, 4.63, 18.33, 13.67, 12.32, 26.24, 85.26, -94.79, 81.95, 0, 0
2.00, 5.70, 23.99, 23.99, 686.89, 20.00, 4.63, 20.00, 15.30, 0.00, 63.68, 0.00, -84.97, 70.59, 0, 0
2.00, 5.70, 24.37, 24.37, 897.55, 20.00, 4.63, 22.22, 17.54, 0.00, 104.10, 0.00, -74.20, 59.41, 0, 0
2.00, 5.70, 24.71, 24.71, 1087.05, 20.00, 4.63, 23.89, 19.18, 0.00, 135.44, 0.00, -61.27, 48.89, 0, 0
2.00, 5.70, 25.04, 25.04, 1281.02, 20.00, 4.63, 25.56, 20.81, 0.00, 162.62, 0.00, -44.42, 39.81, 0, 0
2.00, 5.70, 25.35, 25.35, 1455.47, 20.00, 4.63, 27.22, 22.45, 0.00, 181.29, 0.00, -21.76, 33.55, 0, 0
2.00, 5.70, 25.63, 25.63, 1585.49, 20.00, 4.63, 28.33, 23.59, 0.00, 179.11, 0.00, 5.68, 31.94, 0, 0
2.00, 5.70, 25.00, 25.00, 1582.69, 20.00, 4.63, 29.44, 24.60, 0.00, 169.10, 0.00, 31.68, 35.62, 0, 0
2.00, 5.70, 25.00, 25.00, 1604.39, 20.00, 4.63, 30.00, 25.11, 0.00, 150.87, 0.00, 51.85, 43.24, 0, 0
2.00, 5.70, 25.00, 25.00, 1532.56, 20.00, 4.63, 29.44, 24.60, 0.00, 128.12, 0.00, 66.87, 53.03, 0, 0
2.00, 5.70, 25.00, 25.00, 1554.33, 20.00, 4.63, 29.44, 24.60, 0.00, 86.52, 0.00, 78.74, 63.89, 0, 0
2.00, 5.70, 25.00, 25.00, 1653.52, 20.00, 4.63, 28.33, 23.59, 0.00, 46.00, 90.00, 90.00, 75.18, 0, 0
2.00, 5.70, 25.00, 25.00, 1556.38, 20.00, 4.63, 26.67, 21.94, 0.00, 24.65, 81.32, 98.69, 86.52, 0, 0
2.00, 5.70, 25.00, 25.00, 1489.33, 20.00, 4.63, 25.56, 20.81, 0.00, 0.00, 0.00, 0.00, 90.00, 0, 0
2.00, 5.70, 25.00, 25.00, 1462.95, 20.00, 4.63, 25.00, 20.30, 0.00, 0.00, 0.00, 0.00, 90.00, 0, 0
2.00, 5.70, 25.31, 25.31, 1314.17, 20.00, 4.63, 23.89, 19.18, 0.00, 0.00, 0.00, 0.00, 90.00, 0, 0
2.00, 5.70, 25.10, 25.10, 1133.65, 20.00, 4.63, 22.78, 18.05, 0.00, 0.00, 0.00, 0.00, 90.00, 0, 0
2.00, 5.70, 24.88, 24.88, 885.93, 20.00, 4.63, 22.22, 17.54, 0.00, 0.00, 0.00, 0.00, 90.00, 0, 0
2.00, 5.70, 24.57, 24.57, 445.36, 20.00, 4.63, 21.11, 16.42, 0.00, 0.00, 0.00, 0.00, 90.00, 0, 0
2.00, 5.70, 24.28, 24.28, 192.13, 20.00, 4.63, 20.56, 15.81, 0.00, 0.00, 0.00, 0.00, 90.00, 0, 0
2.00, 5.70, 23.92, 23.92, -255.71, 20.00, 4.63, 19.44, 14.79, 0.00, 0.00, 0.00, 0.00, 90.00, 0, 0
2.00, 5.70, 23.59, 23.59, -513.96, 20.00, 4.63, 18.89, 14.18, 0.00, 0.00, 0.00, 0.00, 90.00, 0, 0
2.00, 5.70, 23.19, 23.19, -968.95, 20.00, 4.63, 17.78, 13.16, 0.00, 0.00, 0.00, 0.00, 90.00, 0, 0
2.00, 5.70, 22.92, 22.92, -1024.19, 20.00, 4.63, 17.78, 13.16, 0.00, 0.00, 0.00, 0.00, 90.00, 0, 0
2.00, 5.70, 23.46, 23.46, 499.94, 20.00, 4.63, 18.89, 14.28, 16.96, 28.51, 85.59, -94.45, 82.13, 0, 0
2.00, 5.70, 23.89, 23.89, 679.20, 20.00, 4.63, 20.56, 16.01, 0.00, 67.42, 0.00, -84.62, 70.77, 0, 0
2.00, 5.70, 24.27, 24.27, 899.16, 20.00, 4.63, 22.78, 18.16, 0.00, 101.27, 0.00, -73.82, 59.61, 0, 0
2.00, 5.70, 24.64, 24.64, 1152.05, 20.00, 4.63, 25.56, 20.92, 0.00, 119.70, 0.00, -60.86, 49.11, 0, 0
2.00, 5.70, 24.99, 24.99, 1356.10, 20.00, 4.63, 27.22, 22.56, 0.00, 143.97, 0.00, -44.00, 40.08, 0, 0
2.00, 5.70, 25.33, 25.33, 1548.63, 20.00, 4.63, 28.89, 24.21, 0.00, 153.11, 0.00, -21.43, 33.89, 0, 0
2.00, 5.70, 25.62, 25.62, 1658.85, 20.00, 4.63, 30.00, 25.34, 0.00, 159.04, 0.00, 5.77, 32.32, 0, 0
2.00, 5.70, 25.00, 25.00, 1661.77, 20.00, 4.63, 31.11, 26.37, 0.00, 155.54, 0.00, 31.55, 36.00, 0, 0
2.00, 5.70, 25.00, 25.00, 1694.07, 20.00, 4.63, 31.67, 26.88, 0.00, 133.33, 0.00, 51.61, 43.58, 0, 0
2.00, 5.70, 25.00, 25.00, 1656.85, 20.00, 4.63, 31.67, 26.99, 0.00, 103.16, 0.00, 66.60, 53.35, 0, 0
2.00, 5.70, 25.00, 25.00, 1639.10, 20.00, 4.63, 31.11, 26.48, 0.00, 76.46, 0.00, 78.49, 64.19, 0, 0
2.00, 5.70, 25.00, 25.00, 1707.51, 20.00, 4.63, 29.44, 24.83, 0.00, 43.15, 90.00, 90.00, 75.48, 0, 0
2.00, 5.70, 25.00, 25.00, 1632.20, 20.00, 4.63, 28.33, 23.70, 0.00, 19.72, 81.55, 98.46, 86.82, 0, 0
2.00, 5.70, 25.00, 25.00, 1571.07, 20.00, 4.63, 27.22, 22.67, 0.00, 0.00, 0.00, 0.00, 90.00, 0, 0
2.00, 5.70, 25.00, 25.00, 1521.88, 20.00, 4.63, 26.11, 21.54, 0.00, 0.00, 0.00, 0.00, 90.00, 0, 0
2.00, 5.70, 25.33, 25.33, 1401.31, 20.00, 4.63, 25.56, 21.03, 0.00, 0.00, 0.00, 0.00, 90.00, 0, 0
2.00, 5.70, 25.42, 25.42, 1917.69, 20.00, 4.63, 25.00, 20.41, 0.00, 0.00, 0.00, 0.00, 90.00, 0, 0
2.00, 5.70, 25.32, 25.32, 1513.50, 20.00, 4.63, 23.89, 19.38, 0.00, 0.00, 0.00, 0.00, 90.00, 0, 0
2.00, 5.70, 25.17, 25.17, 1284.82, 20.00, 4.63, 23.33, 18.77, 0.00, 0.00, 0.00, 0.00, 90.00, 0, 0
2.00, 5.70, 24.99, 24.99, 1054.19, 20.00, 4.63, 22.78, 18.26, 0.00, 0.00, 0.00, 0.00, 90.00, 0, 0
2.00, 5.70, 24.87, 24.87, 1016.21, 20.00, 4.63, 22.78, 18.16, 0.00, 0.00, 0.00, 0.00, 90.00, 0, 0
2.00, 5.70, 24.70, 24.70, 792.12, 20.00, 4.63, 22.22, 17.65, 0.00, 0.00, 0.00, 0.00, 90.00, 0, 0
2.00, 5.70, 24.51, 24.51, 563.74, 20.00, 4.63, 21.67, 17.13, 0.00, 0.00, 0.00, 0.00, 90.00, 0, 0
2.00, 5.70, 24.38, 24.38, 535.14, 20.00, 4.63, 21.67, 17.23, 0.00, 0.00, 0.00, 0.00, 90.00, 0, 0
2.00, 5.70, 24.67, 24.67, 864.23, 20.00, 4.63, 22.22, 17.84, 7.36, 26.62, 85.93, -94.11, 82.32, 0, 0
2.00, 5.70, 24.96, 24.96, 1057.19, 20.00, 4.63, 24.44, 19.99, 0.00, 67.83, 0.00, -84.26, 70.96, 0, 0
2.00, 5.70, 25.22, 25.22, 1224.09, 20.00, 4.63, 26.11, 21.64, 0.00, 109.73, 0.00, -73.44, 59.81, 0, 0
2.00, 5.70, 25.50, 25.50, 1423.80, 20.00, 4.63, 28.33, 23.80, 0.00, 144.19, 0.00, -60.45, 49.34, 0, 0
2.00, 5.70, 25.77, 25.77, 1575.97, 20.00, 4.63, 29.44, 24.94, 0.00, 162.86, 0.00, -43.59, 40.36, 0, 0
2.00, 5.70, 26.03, 26.03, 1740.67, 20.00, 4.63, 31.11, 26.59, 0.00, 186.49, 0.00, -21.11, 34.23, 0, 0
2.00, 5.70, 26.28, 26.28, 1863.41, 20.00, 4.63, 32.22, 27.62, 0.00, 183.74, 0.00, 5.86, 32.70, 0, 0
2.00, 5.70, 25.00, 25.00, 1729.22, 20.00, 4.63, 32.78, 28.13, 0.00, 170.03, 0.00, 31.41, 36.38, 0, 0
2.00, 5.70, 25.00, 25.00, 1741.93, 20.00, 4.63, 33.33, 28.64, 0.00, 154.89, 0.00, 51.37, 43.93, 0, 0
2.00, 5.70, 25.00, 25.00, 1710.31, 20.00, 4.63, 33.33, 28.76, 0.00, 123.40, 0.00, 66.34, 53.67, 0, 0
2.00, 5.70, 25.00, 25.00, 1714.40, 20.00, 4.63, 32.78, 28.13, 0.00, 87.58, 0.00, 78.23, 64.50, 0, 0
2.00, 5.70, 25.00, 25.00, 1804.95, 20.00, 4.63, 31.67, 27.10, 0.00, 42.83, 90.00, 90.00, 75.79, 0, 0
2.00, 5.70, 25.00, 25.00, 1731.03, 20.00, 4.63, 30.56, 25.97, 0.00, 8.22, 81.79, 98.22, 87.13, 0, 0
2.00, 5.70, 25.00, 25.00, 1683.71, 20.00, 4.63, 29.44, 24.94, 0.00, 0.00, 0.00, 0.00, 90.00, 0, 0
2.00, 5.70, 25.00, 25.00, 1637.89, 20.00, 4.63, 28.33, 23.80, 0.00, 0.00, 0.00, 0.00, 90.00, 0, 0
2.00, 5.70, 25.43, 25.43, 1511.94, 20.00, 4.63, 27.22, 22.67, 0.00, 0.00, 0.00, 0.00, 90.00, 0, 0
2.00, 5.70, 25.70, 25.70, 2342.15, 20.00, 4.63, 26.11, 21.64, 0.00, 0.00, 0.00, 0.00, 90.00, 0, 0
2.00, 5.70, 25.70, 25.70, 1958.78, 20.00, 4.63, 25.00, 20.41, 0.00, 0.00, 0.00, 0.00, 90.00, 0, 0
2.00, 5.70, 25.55, 25.55, 1551.54, 20.00, 4.63, 23.89, 19.38, 0.00, 0.00, 0.00, 0.00, 90.00, 0, 0
2.00, 5.70, 25.38, 25.38, 1321.19, 20.00, 4.63, 23.33, 18.87, 0.00, 0.00, 0.00, 0.00, 90.00, 0, 0
2.00, 5.70, 25.10, 25.10, 895.14, 20.00, 4.63, 22.22, 17.74, 0.00, 0.00, 0.00, 0.00, 90.00, 0, 0
2.00, 5.70, 24.76, 24.76, 456.61, 20.00, 4.63, 21.11, 16.71, 0.00, 0.00, 0.00, 0.00, 90.00, 0, 0
2.00, 5.70, 24.45, 24.45, 205.40, 20.00, 4.63, 20.56, 16.10, 0.00, 0.00, 0.00, 0.00, 90.00, 0, 0
2.00, 5.70, 24.11, 24.11, -154.88, 20.00, 4.63, 19.44, 14.98, 0.00, 0.00, 0.00, 0.00, 90.00, 0, 0
2.00, 5.70, 24.55, 24.55, 886.28, 20.00, 4.63, 21.11, 16.71, 4.25, 25.92, 86.27, -93.76, 82.50, 0, 0
2.00, 5.70, 24.92, 24.92, 1064.68, 20.00, 4.63, 22.78, 18.35, 0.00, 71.58, 0.00, -83.90, 71.14, 0, 0
2.00, 5.70, 25.25, 25.25, 1249.05, 20.00, 4.63, 24.44, 20.09, 0.00, 119.65, 0.00, -73.05, 60.01, 0, 0
2.00, 5.70, 25.57, 25.57, 1463.63, 20.00, 4.63, 26.67, 22.25, 0.00, 150.47, 0.00, -60.04, 49.57, 0, 0
2.00, 5.70, 25.89, 25.89, 1659.15, 20.00, 4.63, 28.33, 23.90, 0.00, 164.98, 0.00, -43.17, 40.64, 0, 0
2.00, 5.70, 26.20, 26.20, 1851.87, 20.00, 4.63, 30.00, 25.55, 0.00, 179.57, 0.00, -20.79, 34.57, 0, 0
2.00, 5.70, 26.48, 26.48, 1959.43, 20.00, 4.63, 31.11, 26.69, 0.00, 185.66, 0.00, 5.95, 33.08, 0, 0
2.00, 5.70, 25.00, 25.00, 1776.09, 20.00, 4.63, 31.67, 27.21, 0.00, 170.35, 0.00, 31.28, 36.76, 0, 0
2.00, 5.70, 25.00, 25.00, 1762.28, 20.00, 4.63, 31.67, 27.21, 0.00, 160.12, 0.00, 51.14, 44.28, 0, 0
2.00, 5.70, 25.00, 25.00, 1717.95, 20.00, 4.63, 31.67, 27.21, 0.00, 133.32, 0.00, 66.08, 54.00, 0, 0
2.00, 5.70, 25.00, 25.00, 1681.21, 20.00, 4.63, 30.56, 26.17, 0.00, 87.13, 0.00, 77.97, 64.81, 0, 0
2.00, 5.70, 25.00, 25.00, 1766.78, 20.00, 4.63, 28.89, 24.52, 0.00, 47.78, 90.00, 90.00, 76.09, 0, 0
2.00, 5.70, 25.00, 25.00, 1719.53, 20.00, 4.63, 28.33, 24.00, 0.00, 16.43, 82.02, 97.99, 87.44, 0, 0
2.00, 5.70, 25.00, 25.00, 1662.84, 20.00, 4.63, 27.22, 22.87, 0.00, 0.00, 0.00, 0.00, 90.00, 0, 0
2.00, 5.70, 25.00, 25.00, 1638.95, 20.00, 4.63, 26.67, 22.35, 0.00, 0.00, 0.00, 0.00, 90.00, 0, 0
2.00, 5.70, 25.44, 25.44, 1463.50, 20.00, 4.63, 25.56, 21.31, 0.00, 0.00, 0.00, 0.00, 90.00, 0, 0
2.00, 5.70, 25.57, 25.57, 1983.27, 20.00, 4.63, 25.00, 20.70, 0.00, 0.00, 0.00, 0.00, 90.00, 0, 0
2.00, 5.70, 25.50, 25.50, 1580.15, 20.00, 4.63, 23.89, 19.57, 0.00, 0.00, 0.00, 0.00, 90.00, 0, 0
2.00, 5.70, 25.37, 25.37, 1351.38, 20.00, 4.63, 23.33, 19.05, 0.00, 0.00, 0.00, 0.00, 90.00, 0, 0
2.00, 5.70, 25.20, 25.20, 1119.82, 20.00, 4.63, 22.78, 18.44, 0.00, 0.00, 0.00, 0.00, 90.00, 0, 0
2.00, 5.70, 25.00, 25.00, 886.19, 20.00, 4.63, 22.22, 17.84, 0.00, 0.00, 0.00, 0.00, 90.00, 0, 0
2.00, 5.70, 24.79, 24.79, 650.90, 20.00, 4.63, 21.67, 17.32, 0.00, 0.00, 0.00, 0.00, 90.00, 0, 0
2.00, 5.70, 24.56, 24.56, 414.05, 20.00, 4.63, 21.11, 16.80, 0.00, 0.00, 0.00, 0.00, 90.00, 0, 0
2.00, 5.70, 24.35, 24.35, 261.60, 20.00, 4.63, 20.56, 16.28, 0.00, 0.00, 0.00, 0.00, 90.00, 0, 0
2.00, 5.70, 24.78, 24.78, 1006.97, 20.00, 4.63, 22.78, 18.53, 8.36, 24.61, 86.61, -93.41, 82.68, 0, 0
2.00, 5.70, 25.14, 25.14, 1174.82, 20.00, 4.63, 24.44, 20.18, 0.00, 64.35, 0.00, -83.53, 71.33, 0, 0
2.00, 5.70, 25.43, 25.43, 1268.15, 20.00, 4.63, 25.00, 20.79, 0.00, 84.85, 0.00, -72.67, 60.21, 0, 0
2.00, 5.70, 25.72, 25.72, 1473.39, 20.00, 4.63, 26.67, 22.44, 0.00, 142.58, 0.00, -59.63, 49.81, 0, 0
2.00, 5.70, 26.01, 26.01, 1665.75, 20.00, 4.63, 28.33, 24.09, 0.00, 177.87, 0.00, -42.76, 40.92, 0, 0
2.00, 5.70, 26.28, 26.28, 1802.09, 20.00, 4.63, 29.44, 25.13, 0.00, 194.51, 0.00, -20.47, 34.92, 0, 0
2.00, 5.70, 26.53, 26.53, 1903.39, 20.00, 4.63, 30.56, 26.27, 0.00, 195.60, 0.00, 6.05, 33.47, 0, 0
2.00, 5.70, 25.00, 25.00, 1714.57, 20.00, 4.63, 31.11, 26.79, 0.00, 188.24, 0.00, 31.16, 37.14, 0, 0
2.00, 5.70, 25.00, 25.00, 1764.90, 20.00, 4.63, 31.67, 27.40, 0.00, 159.53, 0.00, 50.91, 44.64, 0, 0
2.00, 5.70, 25.00, 25.00, 1721.16, 20.00, 4.63, 31.67, 27.40, 0.00, 130.30, 0.00, 65.83, 54.33, 0, 0
2.00, 5.70, 25.00, 25.00, 1700.48, 20.00, 4.63, 31.11, 26.79, 0.00, 86.47, 0.00, 77.72, 65.13, 0, 0
2.00, 5.70, 25.00, 25.00, 1773.29, 20.00, 4.63, 29.44, 25.22, 0.00, 36.61, 90.00, 90.00, 76.40, 0, 0
2.00, 5.70, 25.00, 25.00, 1730.32, 20.00, 4.63, 28.89, 24.61, 0.00, 6.57, 82.25, 97.75, 87.75, 0, 0
2.00, 5.70, 25.00, 25.00, 1683.62, 20.00, 4.63, 27.78, 23.57, 0.00, 0.00, 0.00, 0.00, 90.00, 0, 0
2.00, 5.70, 25.00, 25.00, 1661.42, 20.00, 4.63, 27.22, 23.05, 0.00, 0.00, 0.00, 0.00, 90.00, 0, 0
2.00, 5.70, 25.47, 25.47, 1516.90, 20.00, 4.63, 26.67, 22.44, 0.00, 0.00, 0.00, 0.00, 90.00, 0, 0
2.00, 5.70, 25.69, 25.69, 2181.38, 20.00, 4.63, 25.56, 21.31, 0.00, 0.00, 0.00, 0.00, 90.00, 0, 0
2.00, 5.70, 25.74, 25.74, 1980.04, 20.00, 4.63, 25.00, 20.79, 0.00, 0.00, 0.00, 0.00, 90.00, 0, 0
2.00, 5.70, 25.61, 25.61, 1575.41, 20.00, 4.63, 23.89, 19.66, 0.00, 0.00, 0.00, 0.00, 90.00, 0, 0
2.00, 5.70, 25.45, 25.45, 1346.27, 20.00, 4.63, 23.33, 19.05, 0.00, 0.00, 0.00, 0.00, 90.00, 0, 0
2.00, 5.70, 25.27, 25.27, 1115.17, 20.00, 4.63, 22.78, 18.53, 0.00, 0.00, 0.00, 0.00, 90.00, 0, 0
2.00, 5.70, 25.06, 25.06, 882.25, 20.00, 4.63, 22.22, 17.92, 0.00, 0.00, 0.00, 0.00, 90.00, 0, 0
2.00, 5.70, 24.84, 24.84, 647.72, 20.00, 4.63, 21.67, 17.41, 0.00, 0.00, 0.00, 0.00, 90.00, 0, 0
2.00, 5.70, 24.53, 24.53, 222.10, 20.00, 4.63, 20.56, 16.37, 0.00, 0.00, 0.00, 0.00, 90.00, 0, 0
2.00, 5.70, 24.88, 24.88, 885.06, 20.00, 4.63, 21.67, 17.49, 0.00, 18.07, 86.96, -93.06, 82.87, 0, 0
2.00, 5.70, 25.17, 25.17, 1038.86, 20.00, 4.63, 23.33, 19.14, 0.00, 59.78, 0.00, -83.17, 71.51, 0, 0
2.00, 5.70, 25.45, 25.45, 1217.57, 20.00, 4.63, 25.00, 20.79, 0.00, 109.32, 0.00, -72.28, 60.41, 0, 0
2.00, 5.70, 25.74, 25.74, 1418.10, 20.00, 4.63, 27.22, 23.05, 0.00, 150.34, 0.00, -59.22, 50.04, 0, 0
2.00, 5.70, 26.00, 26.00, 1568.15, 20.00, 4.63, 28.33, 24.18, 0.00, 178.26, 0.00, -42.35, 41.21, 0, 0
2.00, 5.70, 26.28, 26.28, 1755.75, 20.00, 4.63, 30.00, 25.75, 0.00, 183.19, 0.00, -20.15, 35.27, 0, 0
2.00, 5.70, 26.54, 26.54, 1888.79, 20.00, 4.63, 31.67, 27.40, 0.00, 184.00, 0.00, 6.14, 33.86, 0, 0
2.00, 5.70, 25.00, 25.00, 1662.89, 20.00, 4.63, 31.67, 27.40, 0.00, 181.36, 0.00, 31.03, 37.53, 0, 0
2.00, 5.70, 25.00, 25.00, 1704.48, 20.00, 4.63, 32.22, 28.02, 0.00, 155.60, 0.00, 50.68, 45.00, 0, 0
2.00, 5.70, 25.00, 25.00, 1637.50, 20.00, 4.63, 31.67, 27.49, 0.00, 131.45, 0.00, 65.57, 54.67, 0, 0
2.00, 5.70, 25.00, 25.00, 1634.43, 20.00, 4.63, 31.11, 26.88, 0.00, 88.20, 0.00, 77.46, 65.45, 0, 0
2.00, 5.70, 25.00, 25.00, 1738.86, 20.00, 4.63, 30.00, 25.84, 0.00, 44.08, 90.00, 90.00, 76.72, 0, 0
2.00, 5.70, 25.00, 25.00, 1691.73, 20.00, 4.63, 29.44, 25.31, 0.00, 16.43, 0.00, 97.52, 88.06, 0, 0
2.00, 5.70, 25.00, 25.00, 1636.68, 20.00, 4.63, 28.33, 24.26, 0.00, 0.00, 0.00, 0.00, 90.00, 0, 0
2.00, 5.70, 25.00, 25.00, 1613.47, 20.00, 4.63, 27.78, 23.66, 0.00, 0.00, 0.00, 0.00, 90.00, 0, 0
2.00, 5.70, 25.49, 25.49, 1519.66, 20.00, 4.63, 27.22, 23.13, 0.00, 0.00, 0.00, 0.00, 90.00, 0, 0
2.00, 5.70, 25.86, 25.86, 2544.28, 20.00, 4.63, 26.67, 22.52, 0.00, 0.00, 0.00, 0.00, 90.00, 0, 0
2.00, 5.70, 25.93, 25.93, 2174.36, 20.00, 4.63, 25.56, 21.48, 0.00, 0.00, 0.00, 0.00, 90.00, 0, 0
2.00, 5.70, 25.98, 25.98, 2159.11, 20.00, 4.63, 25.56, 21.39, 0.00, 0.00, 0.00, 0.00, 90.00, 0, 0
2.00, 5.70, 25.94, 25.94, 1954.50, 20.00, 4.63, 25.00, 20.79, 0.00, 0.00, 0.00, 0.00, 90.00, 0, 0
2.00, 5.70, 25.83, 25.83, 1741.69, 20.00, 4.63, 24.44, 20.26, 0.00, 0.00, 0.00, 0.00, 90.00, 0, 0
2.00, 5.70, 25.69, 25.69, 1523.25, 20.00, 4.63, 23.89, 19.74, 0.00, 0.00, 0.00, 0.00, 90.00, 0, 0
2.00, 5.70, 25.51, 25.51, 1300.67, 20.00, 4.63, 23.33, 19.22, 0.00, 0.00, 0.00, 0.00, 90.00, 0, 0
2.00, 5.70, 25.32, 25.32, 1081.87, 20.00, 4.63, 22.78, 18.70, 0.00, 0.00, 0.00, 0.00, 90.00, 0, 0
2.00, 5.70, 25.56, 25.56, 1103.37, 20.00, 4.63, 23.89, 19.82, 0.00, 26.29, 87.31, -92.71, 83.05, 0, 0
2.00, 5.70, 25.83, 25.83, 1342.85, 20.00, 4.63, 27.22, 23.13, 0.00, 66.00, 0.00, -82.80, 71.70, 0, 0
2.00, 5.70, 26.09, 26.09, 1508.97, 20.00, 4.63, 28.89, 24.87, 0.00, 110.10, 0.00, -71.89, 60.61, 0, 0
2.00, 5.70, 26.35, 26.35, 1678.16, 20.00, 4.63, 30.56, 26.45, 0.00, 149.98, 0.00, -58.80, 50.28, 0, 0
2.00, 5.70, 26.55, 26.55, 1706.00, 20.00, 4.63, 30.56, 26.45, 0.00, 141.75, 0.00, -41.94, 41.50, 0, 0
2.00, 5.70, 26.71, 26.71, 1725.62, 20.00, 4.63, 30.56, 26.45, 0.00, 132.87, 0.00, -19.83, 35.62, 0, 0
2.00, 5.70, 26.84, 26.84, 1758.71, 20.00, 4.63, 30.56, 26.45, 0.00, 136.67, 0.00, 6.23, 34.25, 0, 0
2.00, 5.70, 25.00, 25.00, 1556.39, 20.00, 4.63, 31.11, 26.97, 0.00, 164.81, 0.00, 30.91, 37.91, 0, 0
2.00, 5.70, 25.00, 25.00, 1614.10, 20.00, 4.63, 31.67, 27.49, 0.00, 162.20, 0.00, 50.46, 45.36, 0, 0
2.00, 5.70, 25.00, 25.00, 1610.45, 20.00, 4.63, 31.67, 27.49, 0.00, 127.71, 0.00, 65.32, 55.00, 0, 0
2.00, 5.70, 25.00, 25.00, 1606.13, 20.00, 4.63, 31.11, 26.97, 0.00, 87.39, 0.00, 77.21, 65.77, 0, 0
2.00, 5.70, 25.00, 25.00, 1710.92, 20.00, 4.63, 30.00, 25.92, 0.00, 44.22, 90.00, 90.00, 77.03, 0, 0
2.00, 5.70, 25.00, 25.00, 1667.57, 20.00, 4.63, 29.44, 25.31, 0.00, 11.50, 0.00, 97.28, 88.38, 0, 0
2.00, 5.70, 25.00, 25.00, 1619.04, 20.00, 4.63, 28.33, 24.26, 0.00, 0.00, 0.00, 0.00, 90.00, 0, 0
2.00, 5.70, 25.00, 25.00, 1598.02, 20.00, 4.63, 27.78, 23.74, 0.00, 0.00, 0.00, 0.00, 90.00, 0, 0
2.00, 5.70, 25.51, 25.51, 1485.60, 20.00, 4.63, 26.67, 22.61, 0.00, 0.00, 0.00, 0.00, 90.00, 0, 0
2.00, 5.70, 25.82, 25.82, 2348.12, 20.00, 4.63, 26.11, 22.00, 0.00, 0.00, 0.00, 0.00, 90.00, 0, 0
2.00, 5.70, 25.86, 25.86, 1970.97, 20.00, 4.63, 25.00, 20.87, 0.00, 0.00, 0.00, 0.00, 90.00, 0, 0
2.00, 5.70, 25.80, 25.80, 1760.03, 20.00, 4.63, 24.44, 20.35, 0.00, 0.00, 0.00, 0.00, 90.00, 0, 0
2.00, 5.70, 25.69, 25.69, 1541.99, 20.00, 4.63, 23.89, 19.74, 0.00, 0.00, 0.00, 0.00, 90.00, 0, 0
2.00, 5.70, 25.53, 25.53, 1319.15, 20.00, 4.63, 23.33, 19.22, 0.00, 0.00, 0.00, 0.00, 90.00, 0, 0
2.00, 5.70, 25.35, 25.35, 1092.66, 20.00, 4.63, 22.78, 18.62, 0.00, 0.00, 0.00, 0.00, 90.00, 0, 0
2.00, 5.70, 25.15, 25.15, 863.37, 20.00, 4.63, 22.22, 18.09, 0.00, 0.00, 0.00, 0.00, 90.00, 0, 0
2.00, 5.70, 24.93, 24.93, 638.73, 20.00, 4.63, 21.67, 17.57, 0.00, 0.00, 0.00, 0.00, 90.00, 0, 0
2.00, 5.70, 25.28, 25.28, 1062.38, 20.00, 4.63, 23.89, 19.82, 0.00, 47.65, 0.00, -90.00, 83.24, 0, 0
2.00, 5.70, 25.58, 25.58, 1207.27, 20.00, 4.63, 25.56, 21.48, 0.00, 66.52, 0.00, -82.43, 71.89, 0, 0
2.00, 5.70, 25.84, 25.84, 1343.67, 20.00, 4.63, 26.67, 22.52, 0.00, 108.40, 0.00, -71.50, 60.82, 0, 0
2.00, 5.70, 26.11, 26.11, 1528.85, 20.00, 4.63, 28.33, 24.18, 0.00, 146.63, 0.00, -58.39, 50.51, 0, 0
2.00, 5.70, 26.39, 26.39, 1735.02, 20.00, 4.63, 30.00, 25.84, 0.00, 155.28, 0.00, -41.53, 41.79, 0, 0
2.00, 5.70, 26.70, 26.70, 1954.46, 20.00, 4.63, 32.22, 28.02, 0.00, 169.59, 0.00, -19.52, 35.97, 0, 0
2.00, 5.70, 26.94, 26.94, 1993.12, 20.00, 4.63, 32.78, 28.54, 0.00, 188.54, 0.00, 6.33, 34.65, 0, 0
2.00, 5.70, 25.00, 25.00, 1737.72, 20.00, 4.63, 33.33, 29.06, 0.00, 186.27, 0.00, 30.79, 38.31, 0, 0
2.00, 5.70, 25.00, 25.00, 1684.84, 20.00, 4.63, 32.78, 28.54, 0.00, 158.20, 0.00, 50.23, 45.73, 0, 0
2.00, 5.70, 25.00, 25.00, 1618.27, 20.00, 4.63, 32.22, 27.92, 0.00, 121.05, 0.00, 65.07, 55.34, 0, 0
2.00, 5.70, 25.00, 25.00, 1577.00, 20.00, 4.63, 31.11, 26.88, 0.00, 53.51, 0.00, 76.96, 66.09, 0, 0
2.00, 5.70, 25.00, 25.00, 1676.98, 20.00, 4.63, 29.44, 25.22, 0.00, 27.93, 0.00, 87.28, 77.35, 0, 0
2.00, 5.70, 25.00, 25.00, 1643.93, 20.00, 4.63, 28.89, 24.61, 0.00, 6.57, 0.00, 97.04, 88.70, 0, 0
2.00, 5.70, 25.00, 25.00, 1598.41, 20.00, 4.63, 27.78, 23.57, 0.00, 0.00, 0.00, 0.00, 90.00, 0, 0
2.00, 5.70, 25.00, 25.00, 1552.92, 20.00, 4.63, 26.67, 22.44, 0.00, 0.00, 0.00, 0.00, 90.00, 0, 0
2.00, 5.70, 25.50, 25.50, 1461.30, 20.00, 4.63, 26.11, 21.92, 0.00, 0.00, 0.00, 0.00, 90.00, 0, 0
2.00, 5.70, 25.74, 25.74, 2157.78, 20.00, 4.63, 25.56, 21.31, 0.00, 0.00, 0.00, 0.00, 90.00, 0, 0
2.00, 5.70, 25.73, 25.73, 1771.12, 20.00, 4.63, 24.44, 20.18, 0.00, 0.00, 0.00, 0.00, 90.00, 0, 0
2.00, 5.70, 25.56, 25.56, 1360.69, 20.00, 4.63, 23.33, 19.05, 0.00, 0.00, 0.00, 0.00, 90.00, 0, 0
2.00, 5.70, 25.37, 25.37, 1127.99, 20.00, 4.63, 22.78, 18.44, 0.00, 0.00, 0.00, 0.00, 90.00, 0, 0
2.00, 5.70, 25.09, 25.09, 699.10, 20.00, 4.63, 21.67, 17.41, 0.00, 0.00, 0.00, 0.00, 90.00, 0, 0
2.00, 5.70, 24.81, 24.81, 454.16, 20.00, 4.63, 21.11, 16.80, 0.00, 0.00, 0.00, 0.00, 90.00, 0, 0
2.00, 5.70, 24.46, 24.46, 13.42, 20.00, 4.63, 20.00, 15.76, 0.00, 0.00, 0.00, 0.00, 90.00, 0, 0
2.00, 5.70, 24.14, 24.14, -232.71, 20.00, 4.63, 19.44, 15.16, 0.00, 0.00, 0.00, 0.00, 90.00, 0, 0
2.00, 5.70, 24.59, 24.59, 781.63, 20.00, 4.63, 20.56, 16.28, 0.00, 32.86, 0.00, -90.00, 83.42, 0, 0
2.00, 5.70, 24.97, 24.97, 975.70, 20.00, 4.63, 22.78, 18.53, 0.00, 60.81, 0.00, -82.06, 72.08, 0, 0
2.00, 5.70, 25.31, 25.31, 1179.91, 20.00, 4.63, 25.00, 20.70, 0.00, 105.96, 0.00, -71.10, 61.02, 0, 0
2.00, 5.70, 25.63, 25.63, 1378.25, 20.00, 4.63, 26.67, 22.35, 0.00, 137.95, 0.00, -57.98, 50.76, 0, 0
2.00, 5.70, 25.94, 25.94, 1553.22, 20.00, 4.63, 28.33, 24.00, 0.00, 171.80, 0.00, -41.12, 42.08, 0, 0
2.00, 5.70, 26.22, 26.22, 1704.67, 20.00, 4.63, 29.44, 25.04, 0.00, 183.37, 0.00, -19.21, 36.33, 0, 0
2.00, 5.70, 26.48, 26.48, 1821.54, 20.00, 4.63, 30.56, 26.17, 0.00, 179.56, 0.00, 6.42, 35.04, 0, 0
2.00, 5.70, 25.00, 25.00, 1677.23, 20.00, 4.63, 31.67, 27.21, 0.00, 168.93, 0.00, 30.68, 38.70, 0, 0
2.00, 5.70, 25.00, 25.00, 1674.26, 20.00, 4.63, 31.67, 27.21, 0.00, 148.22, 0.00, 50.02, 46.09, 0, 0
2.00, 5.70, 25.00, 25.00, 1599.02, 20.00, 4.63, 31.11, 26.59, 0.00, 121.53, 0.00, 64.82, 55.69, 0, 0
2.00, 5.70, 25.00, 25.00, 1597.61, 20.00, 4.63, 30.56, 26.07, 0.00, 84.36, 0.00, 76.70, 66.42, 0, 0
2.00, 5.70, 25.00, 25.00, 1666.43, 20.00, 4.63, 28.89, 24.42, 0.00, 37.15, 0.00, 87.04, 77.67, 0, 0
2.00, 5.70, 25.00, 25.00, 1595.96, 20.00, 4.63, 27.78, 23.38, 0.00, 6.57, 0.00, 96.80, 89.02, 0, 0
2.00, 5.70, 25.00, 25.00, 1546.31, 20.00, 4.63, 26.67, 22.25, 0.00, 0.00, 0.00, 0.00, 90.00, 0, 0
2.00, 5.70, 25.00, 25.00, 1498.17, 20.00, 4.63, 25.56, 21.12, 0.00, 0.00, 0.00, 0.00, 90.00, 0, 0
2.00, 5.70, 25.43, 25.43, 1369.44, 20.00, 4.63, 24.44, 19.99, 0.00, 0.00, 0.00, 0.00, 90.00, 0, 0
2.00, 5.70, 25.43, 25.43, 1559.90, 20.00, 4.63, 23.89, 19.38, 0.00, 0.00, 0.00, 0.00, 90.00, 0, 0
2.00, 5.70, 25.26, 25.26, 1142.18, 20.00, 4.63, 22.78, 18.26, 0.00, 0.00, 0.00, 0.00, 90.00, 0, 0
2.00, 5.70, 24.99, 24.99, 708.91, 20.00, 4.63, 21.67, 17.13, 0.00, 0.00, 0.00, 0.00, 90.00, 0, 0
2.00, 5.70, 24.64, 24.64, 264.03, 20.00, 4.63, 20.56, 16.01, 0.00, 0.00, 0.00, 0.00, 90.00, 0, 0
2.00, 5.70, 24.33, 24.33, 8.03, 20.00, 4.63, 20.00, 15.50, 0.00, 0.00, 0.00, 0.00, 90.00, 0, 0
2.00, 5.70, 23.94, 23.94, -443.10, 20.00, 4.63, 18.89, 14.38, 0.00, 0.00, 0.00, 0.00, 90.00, 0, 0
2.00, 5.70, 23.52, 23.52, -903.95, 20.00, 4.63, 17.78, 13.26, 0.00, 0.00, 0.00, 0.00, 90.00, 0, 0
2.00, 5.70, 23.06, 23.06, -1365.81, 20.00, 4.63, 16.67, 12.14, 0.00, 0.00, 0.00, 0.00, 90.00, 0, 0
2.00, 5.70, 23.67, 23.67, 550.08, 20.00, 4.63, 18.89, 14.38, 0.00, 47.65, 0.00, -90.00, 83.61, 0, 0
2.00, 5.70, 24.15, 24.15, 753.18, 20.00, 4.63, 21.11, 16.62, 0.00, 56.98, 0.00, -81.69, 72.27, 0, 0
2.00, 5.70, 24.57, 24.57, 971.33, 20.00, 4.63, 23.33, 18.77, 0.00, 86.57, 0.00, -70.71, 61.23, 0, 0
2.00, 5.70, 24.94, 24.94, 1170.92, 20.00, 4.63, 25.00, 20.51, 0.00, 120.98, 0.00, -57.56, 51.00, 0, 0
2.00, 5.70, 25.30, 25.30, 1403.86, 20.00, 4.63, 27.22, 22.67, 0.00, 146.37, 0.00, -40.72, 42.38, 0, 0
2.00, 5.70, 25.63, 25.63, 1574.12, 20.00, 4.63, 28.33, 23.80, 0.00, 164.70, 0.00, -18.90, 36.68, 0, 0
2.00, 5.70, 25.92, 25.92, 1672.52, 20.00, 4.63, 29.44, 24.83, 0.00, 174.76, 0.00, 6.52, 35.44, 0, 0
2.00, 5.70, 25.00, 25.00, 1595.94, 20.00, 4.63, 30.00, 25.34, 0.00, 159.26, 0.00, 30.57, 39.09, 0, 0
2.00, 5.70, 25.00, 25.00, 1592.93, 20.00, 4.63, 30.00, 25.34, 0.00, 138.83, 0.00, 49.80, 46.46, 0, 0
2.00, 5.70, 25.00, 25.00, 1520.08, 20.00, 4.63, 29.44, 24.83, 0.00, 116.18, 0.00, 64.57, 56.03, 0, 0
2.00, 5.70, 25.00, 25.00, 1485.76, 20.00, 4.63, 28.33, 23.80, 0.00, 81.80, 0.00, 76.45, 66.75, 0, 0
2.00, 5.70, 25.00, 25.00, 1587.09, 20.00, 4.63, 27.22, 22.67, 0.00, 43.40, 0.00, 86.79, 77.99, 0, 0
2.00, 5.70, 25.00, 25.00, 1513.58, 20.00, 4.63, 26.11, 21.54, 0.00, 14.79, 0.00, 96.56, 89.35, 0, 0
2.00, 5.70, 25.00, 25.00, 1454.79, 20.00, 4.63, 25.00, 20.51, 0.00, 0.00, 0.00, 0.00, 90.00, 0, 0
2.00, 5.70, 25.00, 25.00, 1404.78, 20.00, 4.63, 23.89, 19.38, 0.00, 0.00, 0.00, 0.00, 90.00, 0, 0
2.00, 5.70, 25.33, 25.33, 1283.78, 20.00, 4.63, 23.33, 18.77, 0.00, 0.00, 0.00, 0.00, 90.00, 0, 0
2.00, 5.70, 25.07, 25.07, 937.09, 20.00, 4.63, 22.22, 17.74, 0.00, 0.00, 0.00, 0.00, 90.00, 0, 0
2.00, 5.70, 24.73, 24.73, 486.90, 20.00, 4.63, 21.11, 16.62, 0.00, 0.00, 0.00, 0.00, 90.00, 0, 0
2.00, 5.70, 24.42, 24.42, 227.46, 20.00, 4.63, 20.56, 16.01, 0.00, 0.00, 0.00, 0.00, 90.00, 0, 0
2.00, 5.70, 24.13, 24.13, -26.71, 20.00, 4.63, 20.00, 15.50, 0.00, 0.00, 0.00, 0.00, 90.00, 0, 0
2.00, 5.70, 23.84, 23.84, -278.14, 20.00, 4.63, 19.44, 14.89, 0.00, 0.00, 0.00, 0.00, 90.00, 0, 0
2.00, 5.70, 23.55, 23.55, -528.16, 20.00, 4.63, 18.89, 14.38, 0.00, 0.00, 0.00, 0.00, 90.00, 0, 0
2.00, 5.70, 23.27, 23.27, -777.83, 20.00, 4.63, 18.33, 13.77, 0.00, 0.00, 0.00, 0.00, 90.00, 0, 0
2.00, 5.70, 22.93, 22.93, -1142.65, 20.00, 4.63, 17.22, 12.74, 0.00, 0.00, 0.00, 0.00, 90.00, 0, 0
2.00, 5.70, 23.53, 23.53, 581.51, 20.00, 4.63, 18.89, 14.47, 0.00, 37.79, 0.00, -90.00, 83.80, 0, 0
2.00, 5.70, 24.02, 24.02, 822.33, 20.00, 4.63, 21.67, 17.13, 0.00, 55.86, 0.00, -81.32, 72.46, 0, 0
2.00, 5.70, 24.45, 24.45, 1052.29, 20.00, 4.63, 23.89, 19.38, 0.00, 94.20, 0.00, -70.32, 61.44, 0, 0
2.00, 5.70, 24.85, 24.85, 1294.97, 20.00, 4.63, 26.11, 21.64, 0.00, 120.60, 0.00, -57.15, 51.24, 0, 0
2.00, 5.70, 25.24, 25.24, 1536.43, 20.00, 4.63, 28.33, 23.80, 0.00, 131.99, 0.00, -40.31, 42.67, 0, 0
2.00, 5.70, 25.61, 25.61, 1744.63, 20.00, 4.63, 30.00, 25.45, 0.00, 141.70, 0.00, -18.60, 37.04, 0, 0
2.00, 5.70, 25.93, 25.93, 1856.73, 20.00, 4.63, 31.11, 26.48, 0.00, 145.02, 0.00, 6.61, 35.84, 0, 0
2.00, 5.70, 25.00, 25.00, 1775.78, 20.00, 4.63, 31.67, 27.10, 0.00, 135.51, 0.00, 30.46, 39.49, 0, 0
2.00, 5.70, 25.00, 25.00, 1800.04, 20.00, 4.63, 32.22, 27.62, 0.00, 117.65, 0.00, 49.58, 46.84, 0, 0
2.00, 5.70, 25.00, 25.00, 1729.13, 20.00, 4.63, 31.67, 27.10, 0.00, 96.39, 0.00, 64.32, 56.38, 0, 0
2.00, 5.70, 25.00, 25.00, 1710.45, 20.00, 4.63, 31.11, 26.48, 0.00, 75.78, 0.00, 76.20, 67.08, 0, 0
2.00, 5.70, 25.00, 25.00, 1775.19, 20.00, 4.63, 29.44, 24.83, 0.00, 40.05, 0.00, 86.54, 78.31, 0, 0
2.00, 5.70, 25.00, 25.00, 1700.74, 20.00, 4.63, 28.33, 23.80, 0.00, 9.86, 0.00, 96.32, 89.67, 0, 0
2.00, 5.70, 25.00, 25.00, 1648.47, 20.00, 4.63, 27.22, 22.67, 0.00, 0.00, 0.00, 0.00, 90.00, 0, 0
2.00, 5.70, 25.00, 25.00, 1600.49, 20.00, 4.63, 26.11, 21.54, 0.00, 0.00, 0.00, 0.00, 90.00, 0, 0
2.00, 5.70, 25.36, 25.36, 1412.36, 20.00, 4.63, 25.00, 20.51, 0.00, 0.00, 0.00, 0.00, 90.00, 0, 0
2.00, 5.70, 25.31, 25.31, 1567.46, 20.00, 4.63, 23.89, 19.38, 0.00, 0.00, 0.00, 0.00, 90.00, 0, 0
2.00, 5.70, 25.11, 25.11, 1141.56, 20.00, 4.63, 22.78, 18.26, 0.00, 0.00, 0.00, 0.00, 90.00, 0, 0
2.00, 5.70, 24.90, 24.90, 897.81, 20.00, 4.63, 22.22, 17.65, 0.00, 0.00, 0.00, 0.00, 90.00, 0, 0
2.00, 5.70, 24.60, 24.60, 459.52, 20.00, 4.63, 21.11, 16.52, 0.00, 0.00, 0.00, 0.00, 90.00, 0, 0
2.00, 5.70, 24.23, 24.23, 10.39, 20.00, 4.63, 20.00, 15.40, 0.00, 0.00, 0.00, 0.00, 90.00, 0, 0
2.00, 5.70, 23.90, 23.90, -248.57, 20.00, 4.63, 19.44, 14.89, 0.00, 0.00, 0.00, 0.00, 90.00, 0, 0
2.00, 5.70, 23.50, 23.50, -703.02, 20.00, 4.63, 18.33, 13.77, 0.00, 0.00, 0.00, 0.00, 90.00, 0, 0
2.00, 5.70, 23.18, 23.18, -880.05, 20.00, 4.63, 17.78, 13.26, 0.00, 0.00, 0.00, 0.00, 90.00, 0, 0
2.00, 5.70, 23.74, 23.74, 668.92, 20.00, 4.63, 19.44, 14.89, 0.00, 32.86, 0.00, -90.00, 83.99, 0, 0
2.00, 5.70, 24.15, 24.15, 774.99, 20.00, 4.63, 20.00, 15.50, 0.00, 48.94, 0.00, -80.94, 72.65, 0, 0
2.00, 5.70, 24.50, 24.50, 962.41, 20.00, 4.63, 21.67, 17.13, 0.00, 101.12, 0.00, -69.93, 61.65, 0, 0
2.00, 5.70, 24.81, 24.81, 1100.71, 20.00, 4.63, 22.78, 18.26, 0.00, 131.01, 0.00, -56.74, 51.49, 0, 0
2.00, 5.70, 25.01, 25.01, 1095.41, 20.00, 4.63, 22.78, 18.26, 0.00, 83.89, 0.00, -39.91, 42.97, 0, 0
2.00, 5.70, 25.19, 25.19, 1147.03, 20.00, 4.63, 22.78, 18.16, 0.00, 107.70, 0.00, -18.29, 37.41, 0, 0
2.00, 5.70, 25.35, 25.35, 1232.98, 20.00, 4.63, 23.33, 18.67, 0.00, 138.46, 0.00, 6.71, 36.24, 0, 0
2.00, 5.70, 25.00, 25.00, 1226.62, 20.00, 4.63, 23.89, 19.28, 0.00, 155.34, 0.00, 30.35, 39.89, 0, 0
2.00, 5.70, 25.00, 25.00, 1289.60, 20.00, 4.63, 24.44, 19.79, 0.00, 154.14, 0.00, 49.37, 47.21, 0, 0
2.00, 5.70, 25.00, 25.00, 1315.41, 20.00, 4.63, 25.00, 20.41, 0.00, 117.84, 0.00, 64.08, 56.73, 0, 0
2.00, 5.70, 25.00, 25.00, 1315.22, 20.00, 4.63, 24.44, 19.90, 0.00, 79.72, 0.00, 75.95, 67.41, 0, 0
2.00, 5.70, 25.00, 25.00, 1437.41, 20.00, 4.63, 23.89, 19.28, 0.00, 38.71, 0.00, 86.30, 78.64, 0, 0
2.00, 5.70, 25.00, 25.00, 1393.80, 20.00, 4.63, 23.33, 18.77, 0.00, 9.86, 0.00, 96.08, 90.00, 0, 0
2.00, 5.70, 25.00, 25.00, 1341.39, 20.00, 4.63, 22.22, 17.65, 0.00, 0.00, 0.00, 0.00, 90.00, 0, 0
2.00, 5.70, 25.00, 25.00, 1294.30, 20.00, 4.63, 21.11, 16.62, 0.00, 0.00, 0.00, 0.00, 90.00, 0, 0
2.00, 5.70, 25.21, 25.21, 1105.44, 20.00, 4.63, 20.56, 16.01, 0.00, 0.00, 0.00, 0.00, 90.00, 0, 0
2.00, 5.70, 24.53, 24.53, -107.33, 20.00, 4.63, 19.44, 14.89, 0.00, 0.00, 0.00, 0.00, 90.00, 0, 0
2.00, 5.70, 24.00, 24.00, -410.74, 20.00, 4.63, 18.89, 14.28, 0.00, 0.00, 0.00, 0.00, 90.00, 0, 0
2.00, 5.70, 23.48, 23.48, -895.17, 20.00, 4.63, 17.78, 13.16, 0.00, 0.00, 0.00, 0.00, 90.00, 0, 0
2.00, 5.70, 23.04, 23.04, -1178.11, 20.00, 4.63, 17.22, 12.65, 0.00, 0.00, 0.00, 0.00, 90.00, 0, 0
2.00, 5.70, 22.65, 22.65, -1451.59, 20.00, 4.63, 16.67, 12.04, 0.00, 0.00, 0.00, 0.00, 90.00, 0, 0
2.00, 5.70, 22.28, 22.28, -1719.42, 20.00, 4.63, 16.11, 11.53, 0.00, 0.00, 0.00, 0.00, 90.00, 0, 0
2.00, 5.70, 21.93, 21.93, -1984.14, 20.00, 4.63, 15.56, 10.93, 0.00, 0.00, 0.00, 0.00, 90.00, 0, 0
2.00, 5.70, 21.51, 21.51, -2444.76, 20.00, 4.63, 14.44, 9.91, 0.00, 0.00, 0.00, 0.00, 90.00, 0, 0
2.00, 5.70, 22.23, 22.23, 112.36, 20.00, 4.63, 16.11, 11.53, 0.00, 32.86, 0.00, -90.00, 84.17, 0, 0
2.00, 5.70, 22.77, 22.77, 308.09, 20.00, 4.63, 17.78, 13.26, 0.00, 59.26, 0.00, -80.57, 72.85, 0, 0
2.00, 5.70, 23.23, 23.23, 535.63, 20.00, 4.63, 20.00, 15.40, 0.00, 90.99, 0.00, -69.53, 61.87, 0, 0
2.00, 5.70, 23.64, 23.64, 774.15, 20.00, 4.63, 22.22, 17.65, 0.00, 124.07, 0.00, -56.33, 51.74, 0, 0
2.00, 5.70, 24.02, 24.02, 977.10, 20.00, 4.63, 23.89, 19.28, 0.00, 156.54, 0.00, -39.51, 43.28, 0, 0
2.00, 5.70, 24.38, 24.38, 1183.75, 20.00, 4.63, 25.56, 20.92, 0.00, 169.74, 0.00, -17.99, 37.77, 0, 0
2.00, 5.70, 24.67, 24.67, 1272.25, 20.00, 4.63, 26.67, 21.94, 0.00, 176.05, 0.00, 6.80, 36.65, 0, 0
2.00, 5.70, 24.93, 24.93, 1381.97, 20.00, 4.63, 27.22, 22.45, 0.00, 165.37, 0.00, 30.25, 40.29, 0, 0
2.00, 5.70, 25.00, 25.00, 1393.22, 20.00, 4.63, 27.22, 22.45, 0.00, 149.71, 0.00, 49.16, 47.59, 0, 0
2.00, 5.70, 25.00, 25.00, 1271.85, 20.00, 4.63, 26.11, 21.43, 0.00, 116.17, 0.00, 63.83, 57.08, 0, 0
2.00, 5.70, 25.00, 25.00, 1250.76, 20.00, 4.63, 25.00, 20.30, 0.00, 77.16, 0.00, 75.70, 67.75, 0, 0
2.00, 5.70, 25.00, 25.00, 1346.00, 20.00, 4.63, 23.89, 19.18, 0.00, 26.56, 0.00, 86.05, 78.97, 0, 0
2.00, 5.70, 25.00, 25.00, 1282.71, 20.00, 4.63, 22.78, 18.05, 0.00, 3.29, 0.00, 0.00, 90.00, 0, 0
2.00, 5.70, 25.00, 25.00, 1232.33, 20.00, 4.63, 21.67, 17.03, 0.00, 0.00, 0.00, 0.00, 90.00, 0, 0
2.00, 5.70, 25.00, 25.00, 1207.41, 20.00, 4.63, 21.11, 16.42, 0.00, 0.00, 0.00, 0.00, 90.00, 0, 0
2.00, 5.70, 25.08, 25.08, 1020.48, 20.00, 4.63, 20.00, 15.30, 0.00, 0.00, 0.00, 0.00, 90.00, 0, 0
2.00, 5.70, 24.36, 24.36, -172.74, 20.00, 4.63, 19.44, 14.69, 0.00, 0.00, 0.00, 0.00, 90.00, 0, 0
2.00, 5.70, 23.72, 23.72, -677.09, 20.00, 4.63, 18.33, 13.57, 0.00, 0.00, 0.00, 0.00, 90.00, 0, 0
2.00, 5.70, 23.22, 23.22, -971.29, 20.00, 4.63, 17.78, 13.06, 0.00, 0.00, 0.00, 0.00, 90.00, 0, 0
2.00, 5.70, 22.70, 22.70, -1452.36, 20.00, 4.63, 16.67, 11.94, 0.00, 0.00, 0.00, 0.00, 90.00, 0, 0
2.00, 5.70, 22.18, 22.18, -1936.21, 20.00, 4.63, 15.56, 10.83, 0.00, 0.00, 0.00, 0.00, 90.00, 0, 0
2.00, 5.70, 21.73, 21.73, -2218.99, 20.00, 4.63, 15.00, 10.22, 0.00, 0.00, 0.00, 0.00, 90.00, 0, 0
2.00, 5.70, 21.24, 21.24, -2699.70, 20.00, 4.63, 13.89, 9.11, 0.00, 0.00, 0.00, 0.00, 90.00, 0, 0
2.00, 5.70, 20.81, 20.81, -2973.82, 20.00, 4.63, 13.33, 8.51, 0.00, 0.00, 0.00, 0.00, 90.00, 0, 0
2.00, 5.70, 21.58, 21.58, -70.17, 20.00, 4.63, 15.00, 10.22, 0.00, 36.15, 0.00, -90.00, 84.36, 0, 0
2.00, 5.70, 22.15, 22.15, 127.33, 20.00, 4.63, 16.67, 11.94, 0.00, 56.61, 0.00, -80.19, 73.04, 0, 0
2.00, 5.70, 22.62, 22.62, 328.52, 20.00, 4.63, 18.33, 13.57, 0.00, 101.16, 0.00, -69.14, 62.08, 0, 0
2.00, 5.70, 23.01, 23.01, 523.91, 20.00, 4.63, 20.00, 15.30, 0.00, 139.04, 0.00, -55.92, 51.99, 0, 0
2.00, 5.70, 23.36, 23.36, 711.58, 20.00, 4.63, 21.67, 16.93, 0.00, 169.18, 0.00, -39.12, 43.58, 0, 0
2.00, 5.70, 23.68, 23.68, 871.70, 20.00, 4.63, 22.78, 17.94, 0.00, 185.40, 0.00, -17.70, 38.13, 0, 0
2.00, 5.70, 23.95, 23.95, 975.14, 20.00, 4.63, 23.89, 19.07, 0.00, 186.10, 0.00, 6.89, 37.05, 0, 0
2.00, 5.70, 24.20, 24.20, 1088.53, 20.00, 4.63, 24.44, 19.57, 0.00, 178.58, 0.00, 30.14, 40.70, 0, 0
2.00, 5.70, 24.40, 24.40, 1118.82, 20.00, 4.63, 24.44, 19.57, 0.00, 153.35, 0.00, 48.96, 47.97, 0, 0
2.00, 5.70, 24.54, 24.54, 1101.30, 20.00, 4.63, 24.44, 19.57, 0.00, 122.18, 0.00, 63.59, 57.43, 0, 0
2.00, 5.70, 24.65, 24.65, 1105.90, 20.00, 4.63, 23.33, 18.56, 0.00, 78.32, 0.00, 75.45, 68.08, 0, 0
2.00, 5.70, 24.79, 24.79, 1218.14, 20.00, 4.63, 22.22, 17.44, 0.00, 37.50, 0.00, 85.81, 79.29, 0, 0
2.00, 5.70, 24.88, 24.88, 1176.49, 20.00, 4.63, 21.67, 16.82, 0.00, 11.50, 0.00, 0.00, 90.00, 0, 0
2.00, 5.70, 24.93, 24.93, 1123.89, 20.00, 4.63, 20.56, 15.81, 0.00, 0.00, 0.00, 0.00, 90.00, 0, 0
2.00, 5.70, 24.96, 24.96, 1076.80, 20.00, 4.63, 19.44, 14.69, 0.00, 0.00, 0.00, 0.00, 90.00, 0, 0
2.00, 5.70, 24.91, 24.91, 895.44, 20.00, 4.63, 18.89, 14.07, 0.00, 0.00, 0.00, 0.00, 90.00, 0, 0
2.00, 5.70, 23.90, 23.90, -848.76, 20.00, 4.63, 17.78, 13.06, 0.00, 0.00, 0.00, 0.00, 90.00, 0, 0
2.00, 5.70, 23.09, 23.09, -1384.55, 20.00, 4.63, 16.67, 11.94, 0.00, 0.00, 0.00, 0.00, 90.00, 0, 0
2.00, 5.70, 22.55, 22.55, -1496.66, 20.00, 4.63, 16.67, 11.84, 0.00, 0.00, 0.00, 0.00, 90.00, 0, 0
2.00, 5.70, 22.01, 22.01, -1983.89, 20.00, 4.63, 15.56, 10.73, 0.00, 0.00, 0.00, 0.00, 90.00, 0, 0
2.00, 5.70, 21.54, 21.54, -2268.73, 20.00, 4.63, 15.00, 10.22, 0.00, 0.00, 0.00, 0.00, 90.00, 0, 0
2.00, 5.70, 21.13, 21.13, -2545.20, 20.00, 4.63, 14.44, 9.62, 0.00, 0.00, 0.00, 0.00, 90.00, 0, 0
2.00, 5.70, 20.74, 20.74, -2816.65, 20.00, 4.63, 13.89, 9.11, 0.00, 0.00, 0.00, 0.00, 90.00, 0, 0
2.00, 5.70, 20.37, 20.37, -3078.33, 20.00, 4.63, 13.33, 8.51, 0.00, 0.00, 0.00, 0.00, 90.00, 0, 0
2.00, 5.70, 21.13, 21.13, -177.26, 20.00, 4.63, 15.00, 10.22, 0.00, 34.50, 90.00, -90.00, 84.55, 0, 0
2.00, 5.70, 21.71, 21.71, 56.40, 20.00, 4.63, 17.22, 12.45, 0.00, 61.01, 0.00, -79.82, 73.24, 0, 0
2.00, 5.70, 22.20, 22.20, 296.41, 20.00, 4.63, 19.44, 14.69, 0.00, 90.12, 0.00, -68.74, 62.30, 0, 0
2.00, 5.70, 22.64, 22.64, 562.43, 20.00, 4.63, 22.22, 17.44, 0.00, 106.02, 0.00, -55.51, 52.24, 0, 0
2.00, 5.70, 23.05, 23.05, 791.86, 20.00, 4.63, 23.89, 19.07, 0.00, 133.77, 0.00, -38.73, 43.89, 0, 0
2.00, 5.70, 23.43, 23.43, 991.54, 20.00, 4.63, 25.56, 20.70, 0.00, 149.58, 0.00, -17.40, 38.50, 0, 0
2.00, 5.70, 23.74, 23.74, 1093.96, 20.00, 4.63, 26.67, 21.83, 0.00, 150.64, 0.00, 6.99, 37.46, 0, 0
2.00, 5.70, 24.04, 24.04, 1244.22, 20.00, 4.63, 27.22, 22.34, 0.00, 141.08, 0.00, 30.04, 41.10, 0, 0
2.00, 5.70, 24.28, 24.28, 1298.29, 20.00, 4.63, 27.78, 22.84, 0.00, 124.43, 0.00, 48.75, 48.35, 0, 0
2.00, 5.70, 24.44, 24.44, 1249.65, 20.00, 4.63, 27.22, 22.34, 0.00, 94.54, 0.00, 63.35, 57.79, 0, 0
2.00, 5.70, 24.56, 24.56, 1232.89, 20.00, 4.63, 26.11, 21.32, 0.00, 71.83, 0.00, 75.21, 68.42, 0, 0
2.00, 5.70, 24.69, 24.69, 1316.36, 20.00, 4.63, 24.44, 19.69, 0.00, 34.72, 0.00, 85.56, 79.63, 0, 0
2.00, 5.70, 24.78, 24.78, 1251.41, 20.00, 4.63, 23.33, 18.56, 0.00, 6.57, 0.00, 0.00, 90.00, 0, 0
2.00, 5.70, 24.83, 24.83, 1202.87, 20.00, 4.63, 22.22, 17.44, 0.00, 0.00, 0.00, 0.00, 90.00, 0, 0
2.00, 5.70, 24.87, 24.87, 1181.83, 20.00, 4.63, 21.67, 16.93, 0.00, 0.00, 0.00, 0.00, 90.00, 0, 0
2.00, 5.70, 24.81, 24.81, 975.85, 20.00, 4.63, 20.56, 15.81, 0.00, 0.00, 0.00, 0.00, 90.00, 0, 0
2.00, 5.70, 24.11, 24.11, -49.61, 20.00, 4.63, 20.00, 15.19, 0.00, 0.00, 0.00, 0.00, 90.00, 0, 0
2.00, 5.70, 23.50, 23.50, -546.82, 20.00, 4.63, 18.89, 14.07, 0.00, 0.00, 0.00, 0.00, 90.00, 0, 0
2.00, 5.70, 23.01, 23.01, -835.67, 20.00, 4.63, 18.33, 13.46, 0.00, 0.00, 0.00, 0.00, 90.00, 0, 0
2.00, 5.70, 22.51, 22.51, -1311.12, 20.00, 4.63, 17.22, 12.45, 0.00, 0.00, 0.00, 0.00, 90.00, 0, 0
2.00, 5.70, 22.09, 22.09, -1587.37, 20.00, 4.63, 16.67, 11.84, 0.00, 0.00, 0.00, 0.00, 90.00, 0, 0
2.00, 5.70, 21.71, 21.71, -1855.81, 20.00, 4.63, 16.11, 11.34, 0.00, 0.00, 0.00, 0.00, 90.00, 0, 0
2.00, 5.70, 21.27, 21.27, -2323.84, 20.00, 4.63, 15.00, 10.22, 0.00, 0.00, 0.00, 0.00, 90.00, 0, 0
2.00, 5.70, 20.87, 20.87, -2588.58, 20.00, 4.63, 14.44, 9.72, 0.00, 0.00, 0.00, 0.00, 90.00, 0, 0
2.00, 5.70, 21.53, 21.53, -34.92, 20.00, 4.63, 16.11, 11.34, 0.00, 39.43, 90.00, -90.00, 84.74, 0, 0
2.00, 5.70, 22.04, 22.04, 182.81, 20.00, 4.63, 18.33, 13.67, 0.00, 53.43, 0.00, -79.44, 73.43, 0, 0
2.00, 5.70, 22.47, 22.47, 406.63, 20.00, 4.63, 20.56, 15.81, 0.00, 87.43, 0.00, -68.35, 62.51, 0, 0
2.00, 5.70, 22.85, 22.85, 603.05, 20.00, 4.63, 22.22, 17.54, 0.00, 126.80, 0.00, -55.10, 52.49, 0, 0
2.00, 5.70, 23.20, 23.20, 804.74, 20.00, 4.63, 23.89, 19.18, 0.00, 149.28, 0.00, -38.34, 44.20, 0, 0
2.00, 5.70, 23.52, 23.52, 973.63, 20.00, 4.63, 25.00, 20.30, 0.00, 165.14, 0.00, -17.11, 38.87, 0, 0
2.00, 5.70, 23.80, 23.80, 1082.06, 20.00, 4.63, 26.11, 21.32, 0.00, 170.11, 0.00, 7.08, 37.86, 0, 0
2.00, 5.70, 24.06, 24.06, 1200.79, 20.00, 4.63, 26.67, 21.94, 0.00, 158.46, 0.00, 29.94, 41.51, 0, 0
2.00, 5.70, 24.27, 24.27, 1254.16, 20.00, 4.63, 27.22, 22.45, 0.00, 136.93, 0.00, 48.55, 48.73, 0, 0
2.00, 5.70, 24.41, 24.41, 1206.53, 20.00, 4.63, 26.67, 21.94, 0.00, 110.41, 0.00, 63.11, 58.15, 0, 0
2.00, 5.70, 24.52, 24.52, 1182.42, 20.00, 4.63, 25.56, 20.81, 0.00, 77.21, 0.00, 74.96, 68.76, 0, 0
2.00, 5.70, 24.65, 24.65, 1279.45, 20.00, 4.63, 23.89, 19.28, 0.00, 34.49, 0.00, 85.31, 79.96, 0, 0
2.00, 5.70, 24.74, 24.74, 1244.81, 20.00, 4.63, 23.33, 18.67, 0.00, 8.22, 0.00, 0.00, 90.00, 0, 0
2.00, 5.70, 24.79, 24.79, 1196.69, 20.00, 4.63, 22.22, 17.65, 0.00, 0.00, 0.00, 0.00, 90.00, 0, 0
2.00, 5.70, 24.83, 24.83, 1176.67, 20.00, 4.63, 21.67, 17.13, 0.00, 0.00, 0.00, 0.00, 90.00, 0, 0
2.00, 5.70, 24.79, 24.79, 997.27, 20.00, 4.63, 21.11, 16.52, 0.00, 0.00, 0.00, 0.00, 90.00, 0, 0
2.00, 5.70, 24.17, 24.17, 145.62, 20.00, 4.63, 20.56, 16.01, 0.00, 0.00, 0.00, 0.00, 90.00, 0, 0
2.00, 5.70, 23.69, 23.69, -142.96, 20.00, 4.63, 20.00, 15.40, 0.00, 0.00, 0.00, 0.00, 90.00, 0, 0
2.00, 5.70, 23.29, 23.29, -414.71, 20.00, 4.63, 19.44, 14.89, 0.00, 0.00, 0.00, 0.00, 90.00, 0, 0
2.00, 5.70, 23.02, 23.02, -478.15, 20.00, 4.63, 19.44, 14.79, 0.00, 0.00, 0.00, 0.00, 90.00, 0, 0
2.00, 5.70, 22.75, 22.75, -724.74, 20.00, 4.63, 18.89, 14.28, 0.00, 0.00, 0.00, 0.00, 90.00, 0, 0
2.00, 5.70, 22.47, 22.47, -971.11, 20.00, 4.63, 18.33, 13.77, 0.00, 0.00, 0.00, 0.00, 90.00, 0, 0
2.00, 5.70, 22.27, 22.27, -1017.48, 20.00, 4.63, 18.33, 13.77, 0.00, 0.00, 0.00, 0.00, 90.00, 0, 0
2.00, 5.70, 22.04, 22.04, -1247.46, 20.00, 4.63, 17.78, 13.35, 0.00, 0.00, 0.00, 0.00, 90.00, 0, 0
2.00, 5.70, 22.49, 22.49, 241.09, 20.00, 4.63, 18.89, 14.47, 0.00, 18.07, 90.00, -90.00, 84.93, 0, 0
2.00, 5.70, 22.87, 22.87, 448.67, 20.00, 4.63, 21.11, 16.62, 0.00, 58.73, 0.00, -79.06, 73.63, 0, 0
2.00, 5.70, 23.22, 23.22, 685.23, 20.00, 4.63, 23.89, 19.38, 0.00, 87.62, 0.00, -67.96, 62.73, 0, 0
2.00, 5.70, 23.57, 23.57, 914.30, 20.00, 4.63, 26.11, 21.64, 0.00, 118.66, 0.00, -54.70, 52.75, 0, 0
2.00, 5.70, 23.90, 23.90, 1112.70, 20.00, 4.63, 27.78, 23.18, 0.00, 147.21, 0.00, -37.95, 44.51, 0, 0
2.00, 5.70, 24.22, 24.22, 1299.06, 20.00, 4.63, 29.44, 24.83, 0.00, 165.58, 0.00, -16.83, 39.24, 0, 0
2.00, 5.70, 24.48, 24.48, 1367.06, 20.00, 4.63, 30.00, 25.34, 0.00, 173.78, 0.00, 7.17, 38.27, 0, 0
2.00, 5.70, 24.73, 24.73, 1499.11, 20.00, 4.63, 30.56, 25.97, 0.00, 160.95, 0.00, 29.84, 41.91, 0, 0
2.00, 5.70, 24.94, 24.94, 1537.79, 20.00, 4.63, 31.11, 26.48, 0.00, 138.33, 0.00, 48.35, 49.11, 0, 0
2.00, 5.70, 25.00, 25.00, 1521.21, 20.00, 4.63, 31.11, 26.48, 0.00, 106.90, 0.00, 62.87, 58.51, 0, 0
2.00, 5.70, 25.00, 25.00, 1490.95, 20.00, 4.63, 30.00, 25.34, 0.00, 66.54, 0.00, 74.71, 69.10, 0, 0
2.00, 5.70, 25.00, 25.00, 1576.34, 20.00, 4.63, 28.33, 23.70, 0.00, 30.73, 0.00, 85.07, 80.29, 0, 0
2.00, 5.70, 25.00, 25.00, 1510.95, 20.00, 4.63, 27.22, 22.67, 0.00, 9.86, 0.00, 0.00, 90.00, 0, 0
2.00, 5.70, 25.00, 25.00, 1460.75, 20.00, 4.63, 26.11, 21.54, 0.00, 0.00, 0.00, 0.00, 90.00, 0, 0
2.00, 5.70, 25.00, 25.00, 1414.62, 20.00, 4.63, 25.00, 20.41, 0.00, 0.00, 0.00, 0.00, 90.00, 0, 0
2.00, 5.70, 25.09, 25.09, 1226.78, 20.00, 4.63, 23.89, 19.28, 0.00, 0.00, 0.00, 0.00, 90.00, 0, 0
2.00, 5.70, 24.77, 24.77, 1028.92, 20.00, 4.63, 22.78, 18.16, 0.00, 0.00, 0.00, 0.00, 90.00, 0, 0
2.00, 5.70, 24.41, 24.41, 576.42, 20.00, 4.63, 21.67, 17.03, 0.00, 0.00, 0.00, 0.00, 90.00, 0, 0
2.00, 5.70, 24.01, 24.01, 120.27, 20.00, 4.63, 20.56, 15.91, 0.00, 0.00, 0.00, 0.00, 90.00, 0, 0
2.00, 5.70, 23.58, 23.58, -340.32, 20.00, 4.63, 19.44, 14.79, 0.00, 0.00, 0.00, 0.00, 90.00, 0, 0
2.00, 5.70, 23.20, 23.20, -606.22, 20.00, 4.63, 18.89, 14.18, 0.00, 0.00, 0.00, 0.00, 90.00, 0, 0
2.00, 5.70, 22.78, 22.78, -1065.82, 20.00, 4.63, 17.78, 13.06, 0.00, 0.00, 0.00, 0.00, 90.00, 0, 0
2.00, 5.70, 22.33, 22.33, -1533.33, 20.00, 4.63, 16.67, 11.94, 0.00, 0.00, 0.00, 0.00, 90.00, 0, 0
2.00, 5.70, 21.88, 21.88, -1921.85, 20.00, 4.63, 15.56, 10.83, 0.00, 0.00, 0.00, 0.00, 90.00, 0, 0
2.00, 5.70, 22.46, 22.46, 257.75, 20.00, 4.63, 16.67, 11.94, 0.00, 27.93, 90.00, -90.00, 85.12, 0, 0
2.00, 5.70, 22.93, 22.93, 478.93, 20.00, 4.63, 18.89, 14.18, 0.00, 58.38, 0.00, -78.69, 73.83, 0, 0
2.00, 5.70, 23.34, 23.34, 702.01, 20.00, 4.63, 21.11, 16.42, 0.00, 81.00, 0.00, -67.57, 62.95, 0, 0
2.00, 5.70, 23.74, 23.74, 963.53, 20.00, 4.63, 23.89, 19.18, 0.00, 103.84, 0.00, -54.29, 53.01, 0, 0
2.00, 5.70, 24.11, 24.11, 1185.26, 20.00, 4.63, 25.56, 20.81, 0.00, 123.41, 0.00, -37.56, 44.82, 0, 0
2.00, 5.70, 24.47, 24.47, 1399.33, 20.00, 4.63, 27.22, 22.45, 0.00, 136.52, 0.00, -16.55, 39.61, 0, 0
2.00, 5.70, 24.77, 24.77, 1492.84, 20.00, 4.63, 28.33, 23.59, 0.00, 137.73, 0.00, 7.26, 38.68, 0, 0
2.00, 5.70, 25.00, 25.00, 1616.63, 20.00, 4.63, 29.44, 24.60, 0.00, 135.10, 0.00, 29.75, 42.32, 0, 0
2.00, 5.70, 25.00, 25.00, 1624.77, 20.00, 4.63, 29.44, 24.60, 0.00, 118.24, 0.00, 48.15, 49.50, 0, 0
2.00, 5.70, 25.00, 25.00, 1551.98, 20.00, 4.63, 28.89, 24.10, 0.00, 90.27, 0.00, 62.64, 58.87, 0, 0
2.00, 5.70, 25.00, 25.00, 1508.35, 20.00, 4.63, 27.78, 23.08, 0.00, 62.81, 0.00, 74.47, 69.45, 0, 0
2.00, 5.70, 25.00, 25.00, 1577.15, 20.00, 4.63, 26.11, 21.43, 0.00, 31.11, 0.00, 84.82, 80.62, 0, 0
2.00, 5.70, 25.00, 25.00, 1506.94, 20.00, 4.63, 25.00, 20.30, 0.00, 8.22, 0.00, 0.00, 90.00, 0, 0
2.00, 5.70, 25.00, 25.00, 1453.38, 20.00, 4.63, 23.89, 19.18, 0.00, 0.00, 0.00, 0.00, 90.00, 0, 0
2.00, 5.70, 25.00, 25.00, 1403.85, 20.00, 4.63, 22.78, 18.05, 0.00, 0.00, 0.00, 0.00, 90.00, 0, 0
2.00, 5.70, 25.11, 25.11, 1193.64, 20.00, 4.63, 22.22, 17.54, 0.00, 0.00, 0.00, 0.00, 90.00, 0, 0
2.00, 5.70, 24.60, 24.60, 483.82, 20.00, 4.63, 21.11, 16.42, 0.00, 0.00, 0.00, 0.00, 90.00, 0, 0
2.00, 5.70, 24.10, 24.10, 1.10, 20.00, 4.63, 20.00, 15.30, 0.00, 0.00, 0.00, 0.00, 90.00, 0, 0
2.00, 5.70, 23.61, 23.61, -478.22, 20.00, 4.63, 18.89, 14.18, 0.00, 0.00, 0.00, 0.00, 90.00, 0, 0
2.00, 5.70, 23.20, 23.20, -757.38, 20.00, 4.63, 18.33, 13.57, 0.00, 0.00, 0.00, 0.00, 90.00, 0, 0
2.00, 5.70, 22.82, 22.82, -1026.89, 20.00, 4.63, 17.78, 13.06, 0.00, 0.00, 0.00, 0.00, 90.00, 0, 0
2.00, 5.70, 22.40, 22.40, -1492.52, 20.00, 4.63, 16.67, 11.94, 0.00, 0.00, 0.00, 0.00, 90.00, 0, 0
2.00, 5.70, 22.01, 22.01, -1763.36, 20.00, 4.63, 16.11, 11.34, 0.00, 0.00, 0.00, 0.00, 90.00, 0, 0
2.00, 5.70, 21.60, 21.60, -2147.61, 20.00, 4.63, 15.00, 10.32, 0.00, 0.00, 0.00, 0.00, 90.00, 0, 0
2.00, 5.70, 22.27, 22.27, 243.50, 20.00, 4.63, 16.67, 11.94, 0.00, 36.15, 90.00, -90.00, 85.31, 0, 0
2.00, 5.70, 22.80, 22.80, 463.51, 20.00, 4.63, 18.89, 14.18, 0.00, 48.92, 0.00, -78.31, 74.03, 0, 0
2.00, 5.70, 23.24, 23.24, 690.21, 20.00, 4.63, 21.11, 16.42, 0.00, 79.99, 0.00, -67.17, 63.17, 0, 0
2.00, 5.70, 23.65, 23.65, 927.73, 20.00, 4.63, 23.33, 18.56, 0.00, 109.91, 0.00, -53.89, 53.27, 0, 0
2.00, 5.70, 24.04, 24.04, 1173.46, 20.00, 4.63, 25.56, 20.70, 0.00, 132.95, 0.00, -37.18, 45.13, 0, 0
2.00, 5.70, 24.42, 24.42, 1390.36, 20.00, 4.63, 27.22, 22.34, 0.00, 144.08, 0.00, -16.27, 39.98, 0, 0
2.00, 5.70, 24.73, 24.73, 1487.96, 20.00, 4.63, 28.33, 23.47, 0.00, 147.09, 0.00, 7.34, 39.09, 0, 0
2.00, 5.70, 25.00, 25.00, 1588.43, 20.00, 4.63, 28.89, 23.97, 0.00, 145.82, 0.00, 29.65, 42.73, 0, 0
2.00, 5.70, 25.00, 25.00, 1588.80, 20.00, 4.63, 28.89, 23.97, 0.00, 128.86, 0.00, 47.96, 49.88, 0, 0
2.00, 5.70, 25.00, 25.00, 1514.80, 20.00, 4.63, 28.33, 23.34, 0.00, 94.38, 0.00, 62.40, 59.23, 0, 0
2.00, 5.70, 25.00, 25.00, 1504.42, 20.00, 4.63, 27.78, 22.84, 0.00, 69.88, 0.00, 74.22, 69.79, 0, 0
2.00, 5.70, 25.00, 25.00, 1573.73, 20.00, 4.63, 26.11, 21.21, 0.00, 32.89, 0.00, 84.58, 80.96, 0, 0
2.00, 5.70, 25.00, 25.00, 1480.70, 20.00, 4.63, 24.44, 19.57, 0.00, 6.57, 0.00, 0.00, 90.00, 0, 0
2.00, 5.70, 25.00, 25.00, 1427.63, 20.00, 4.63, 23.33, 18.45, 0.00, 0.00, 0.00, 0.00, 90.00, 0, 0
2.00, 5.70, 25.00, 25.00, 1377.83, 20.00, 4.63, 22.22, 17.32, 0.00, 0.00, 0.00, 0.00, 90.00, 0, 0
2.00, 5.70, 25.08, 25.08, 1113.24, 20.00, 4.63, 20.56, 15.58, 0.00, 0.00, 0.00, 0.00, 90.00, 0, 0
2.00, 5.70, 24.34, 24.34, -114.43, 20.00, 4.63, 19.44, 14.46, 0.00, 0.00, 0.00, 0.00, 90.00, 0, 0
2.00, 5.70, 23.70, 23.70, -626.76, 20.00, 4.63, 18.33, 13.34, 0.00, 0.00, 0.00, 0.00, 90.00, 0, 0
2.00, 5.70, 23.02, 23.02, -1329.77, 20.00, 4.63, 16.67, 11.73, 0.00, 0.00, 0.00, 0.00, 90.00, 0, 0
2.00, 5.70, 22.40, 22.40, -1837.34, 20.00, 4.63, 15.56, 10.62, 0.00, 0.00, 0.00, 0.00, 90.00, 0, 0
2.00, 5.70, 21.80, 21.80, -2341.11, 20.00, 4.63, 14.44, 9.51, 0.00, 0.00, 0.00, 0.00, 90.00, 0, 0
2.00, 5.70, 21.21, 21.21, -2844.50, 20.00, 4.63, 13.33, 8.28, 0.00, 0.00, 0.00, 0.00, 90.00, 0, 0
2.00, 5.70, 20.54, 20.54, -3557.95, 20.00, 4.63, 11.67, 6.68, 0.00, 0.00, 0.00, 0.00, 90.00, 0, 0
2.00, 5.70, 19.90, 19.90, -4069.71, 20.00, 4.63, 10.56, 5.58, 0.00, 0.00, 0.00, 0.00, 90.00, 0, 0
2.00, 5.70, 20.76, 20.76, -384.21, 20.00, 4.63, 11.11, 6.08, 0.00, 11.50, 90.00, -90.00, 85.50, 0, 0
2.00, 5.70, 21.37, 21.37, -207.40, 20.00, 4.63, 12.22, 7.29, 0.00, 51.35, 0.00, -77.93, 74.22, 0, 0
2.00, 5.70, 21.87, 21.87, 29.69, 20.00, 4.63, 14.44, 9.51, 0.00, 98.63, 0.00, -66.78, 63.39, 0, 0
2.00, 5.70, 22.30, 22.30, 259.46, 20.00, 4.63, 16.67, 11.73, 0.00, 130.78, 0.00, -53.49, 53.53, 0, 0
2.00, 5.70, 22.67, 22.67, 456.03, 20.00, 4.63, 18.33, 13.34, 0.00, 158.92, 0.00, -36.81, 45.45, 0, 0
2.00, 5.70, 23.01, 23.01, 622.42, 20.00, 4.63, 19.44, 14.46, 0.00, 167.08, 0.00, -15.99, 40.36, 0, 0
2.00, 5.70, 23.28, 23.28, 709.41, 20.00, 4.63, 20.56, 15.58, 0.00, 181.41, 0.00, 7.43, 39.50, 0, 0
2.00, 5.70, 23.54, 23.54, 854.85, 20.00, 4.63, 21.11, 16.08, 0.00, 161.13, 0.00, 29.56, 43.14, 0, 0
2.00, 5.70, 23.74, 23.74, 867.61, 20.00, 4.63, 21.11, 16.20, 0.00, 143.61, 0.00, 47.76, 50.27, 0, 0
2.00, 5.70, 23.88, 23.88, 850.38, 20.00, 4.63, 21.11, 16.20, 0.00, 105.84, 0.00, 62.17, 59.59, 0, 0
2.00, 5.70, 23.98, 23.98, 844.65, 20.00, 4.63, 20.56, 15.58, 0.00, 68.37, 0.00, 73.98, 70.13, 0, 0
2.00, 5.70, 24.10, 24.10, 930.10, 20.00, 4.63, 18.89, 14.07, 0.00, 29.12, 0.00, 84.33, 81.29, 0, 0
2.00, 5.70, 24.18, 24.18, 897.56, 20.00, 4.63, 18.33, 13.57, 0.00, 4.93, 0.00, 0.00, 90.00, 0, 0
2.00, 5.70, 24.24, 24.24, 874.68, 20.00, 4.63, 17.78, 13.06, 0.00, 0.00, 0.00, 0.00, 90.00, 0, 0
2.00, 5.70, 24.28, 24.28, 854.59, 20.00, 4.63, 17.22, 12.45, 0.00, 0.00, 0.00, 0.00, 90.00, 0, 0
2.00, 5.70, 24.23, 24.23, 668.34, 20.00, 4.63, 16.67, 11.94, 0.00, 0.00, 0.00, 0.00, 90.00, 0, 0
2.00, 5.70, 23.19, 23.19, -1361.83, 20.00, 4.63, 16.67, 11.94, 0.00, 0.00, 0.00, 0.00, 90.00, 0, 0
2.00, 5.70, 22.35, 22.35, -1905.50, 20.00, 4.63, 15.56, 10.83, 0.00, 0.00, 0.00, 0.00, 90.00, 0, 0
2.00, 5.70, 21.79, 21.79, -2021.05, 20.00, 4.63, 15.56, 10.73, 0.00, 0.00, 0.00, 0.00, 90.00, 0, 0
2.00, 5.70, 21.40, 21.40, -2105.09, 20.00, 4.63, 15.56, 10.73, 0.00, 0.00, 0.00, 0.00, 90.00, 0, 0
2.00, 5.70, 21.12, 21.12, -2169.18, 20.00, 4.63, 15.56, 10.73, 0.00, 0.00, 0.00, 0.00, 90.00, 0, 0
2.00, 5.70, 20.90, 20.90, -2220.21, 20.00, 4.63, 15.56, 10.73, 0.00, 0.00, 0.00, 0.00, 90.00, 0, 0
2.00, 5.70, 20.73, 20.73, -2262.33, 20.00, 4.63, 15.56, 10.83, 0.00, 0.00, 0.00, 0.00, 90.00, 0, 0
2.00, 5.70, 20.50, 20.50, -2495.21, 20.00, 4.63, 15.00, 10.32, 0.00, 0.00, 0.00, 0.00, 90.00, 0, 0
2.00, 5.70, 21.13, 21.13, -151.57, 20.00, 4.63, 16.11, 11.53, 0.00, 21.36, 90.00, -90.00, 85.69, 0, 0
2.00, 5.70, 21.64, 21.64, 103.41, 20.00, 4.63, 18.89, 14.28, 0.00, 55.69, 0.00, -77.56, 74.43, 0, 0
2.00, 5.70, 22.08, 22.08, 333.24, 20.00, 4.63, 21.11, 16.52, 0.00, 80.22, 0.00, -66.40, 63.62, 0, 0
2.00, 5.70, 22.49, 22.49, 569.60, 20.00, 4.63, 23.33, 18.67, 0.00, 112.62, 0.00, -53.09, 53.79, 0, 0
2.00, 5.70, 22.87, 22.87, 804.18, 20.00, 4.63, 25.56, 20.81, 0.00, 148.24, 0.00, -36.43, 45.76, 0, 0
2.00, 5.70, 23.23, 23.23, 990.36, 20.00, 4.63, 26.67, 21.94, 0.00, 149.45, 0.00, -15.72, 40.73, 0, 0
2.00, 5.70, 23.52, 23.52, 1084.51, 20.00, 4.63, 27.78, 23.08, 0.00, 143.82, 0.00, 7.51, 39.91, 0, 0
2.00, 5.70, 23.82, 23.82, 1258.59, 20.00, 4.63, 28.89, 24.10, 0.00, 129.42, 0.00, 29.47, 43.54, 0, 0
2.00, 5.70, 24.06, 24.06, 1301.95, 20.00, 4.63, 28.89, 24.10, 0.00, 115.10, 0.00, 47.57, 50.65, 0, 0
2.00, 5.70, 24.23, 24.23, 1270.79, 20.00, 4.63, 28.89, 24.10, 0.00, 88.41, 0.00, 61.94, 59.95, 0, 0
2.00, 5.70, 24.35, 24.35, 1252.12, 20.00, 4.63, 27.78, 23.08, 0.00, 58.61, 0.00, 73.73, 70.48, 0, 0
2.00, 5.70, 24.50, 24.50, 1350.68, 20.00, 4.63, 26.11, 21.43, 0.00, 28.74, 0.00, 84.09, 81.63, 0, 0
2.00, 5.70, 24.59, 24.59, 1299.63, 20.00, 4.63, 25.00, 20.30, 0.00, 8.22, 0.00, 0.00, 90.00, 0, 0
2.00, 5.70, 24.67, 24.67, 1284.77, 20.00, 4.63, 24.44, 19.79, 0.00, 0.00, 0.00, 0.00, 90.00, 0, 0
2.00, 5.70, 24.72, 24.72, 1243.49, 20.00, 4.63, 23.33, 18.67, 0.00, 0.00, 0.00, 0.00, 90.00, 0, 0
2.00, 5.70, 24.68, 24.68, 1038.01, 20.00, 4.63, 22.22, 17.54, 0.00, 0.00, 0.00, 0.00, 90.00, 0, 0
2.00, 5.70, 24.21, 24.21, 527.01, 20.00, 4.63, 21.67, 16.93, 0.00, 0.00, 0.00, 0.00, 90.00, 0, 0
2.00, 5.70, 23.74, 23.74, 58.73, 20.00, 4.63, 20.56, 15.81, 0.00, 0.00, 0.00, 0.00, 90.00, 0, 0
2.00, 5.70, 23.28, 23.28, -408.58, 20.00, 4.63, 19.44, 14.69, 0.00, 0.00, 0.00, 0.00, 90.00, 0, 0
2.00, 5.70, 22.89, 22.89, -678.11, 20.00, 4.63, 18.89, 14.07, 0.00, 0.00, 0.00, 0.00, 90.00, 0, 0
2.00, 5.70, 22.46, 22.46, -1139.35, 20.00, 4.63, 17.78, 13.06, 0.00, 0.00, 0.00, 0.00, 90.00, 0, 0
2.00, 5.70, 22.00, 22.00, -1607.41, 20.00, 4.63, 16.67, 11.94, 0.00, 0.00, 0.00, 0.00, 90.00, 0, 0
2.00, 5.70, 21.60, 21.60, -1878.46, 20.00, 4.63, 16.11, 11.34, 0.00, 0.00, 0.00, 0.00, 90.00, 0, 0
2.00, 5.70, 21.15, 21.15, -2340.53, 20.00, 4.63, 15.00, 10.32, 0.00, 0.00, 0.00, 0.00, 90.00, 0, 0
2.00, 5.70, 21.69, 21.69, -45.97, 20.00, 4.63, 15.56, 10.83, 0.00, 14.79, 0.00, -87.26, 85.89, 0, 0
2.00, 5.70, 22.09, 22.09, 85.64, 20.00, 4.63, 16.67, 11.94, 0.00, 43.36, 0.00, -77.18, 74.63, 0, 0
2.00, 5.70, 22.41, 22.41, 235.03, 20.00, 4.63, 17.78, 13.06, 0.00, 91.12, 0.00, -66.01, 63.84, 0, 0
2.00, 5.70, 22.70, 22.70, 415.10, 20.00, 4.63, 19.44, 14.69, 0.00, 134.10, 0.00, -52.70, 54.06, 0, 0
2.00, 5.70, 23.00, 23.00, 614.84, 20.00, 4.63, 21.11, 16.42, 0.00, 166.00, 0.00, -36.07, 46.08, 0, 0
2.00, 5.70, 23.31, 23.31, 856.12, 20.00, 4.63, 23.33, 18.56, 0.00, 162.95, 0.00, -15.46, 41.11, 0, 0
2.00, 5.70, 23.56, 23.56, 934.04, 20.00, 4.63, 24.44, 19.69, 0.00, 171.05, 0.00, 7.60, 40.32, 0, 0
2.00, 5.70, 23.79, 23.79, 1019.51, 20.00, 4.63, 25.00, 20.19, 0.00, 170.18, 0.00, 29.38, 43.95, 0, 0
2.00, 5.70, 23.92, 23.92, 955.06, 20.00, 4.63, 24.44, 19.57, 0.00, 129.78, 0.00, 47.38, 51.04, 0, 0
2.00, 5.70, 24.01, 24.01, 918.51, 20.00, 4.63, 23.89, 19.07, 0.00, 105.68, 0.00, 61.71, 60.31, 0, 0
2.00, 5.70, 24.08, 24.08, 920.54, 20.00, 4.63, 22.78, 18.05, 0.00, 67.19, 0.00, 73.49, 70.82, 0, 0
2.00, 5.70, 24.22, 24.22, 1079.17, 20.00, 4.63, 22.22, 17.44, 0.00, 28.59, 0.00, 83.84, 81.96, 0, 0
2.00, 5.70, 24.31, 24.31, 1031.33, 20.00, 4.63, 21.11, 16.42, 0.00, 4.93, 0.00, 0.00, 90.00, 0, 0
2.00, 5.70, 24.37, 24.37, 1015.58, 20.00, 4.63, 20.56, 15.81, 0.00, 0.00, 0.00, 0.00, 90.00, 0, 0
2.00, 5.70, 24.40, 24.40, 974.22, 20.00, 4.63, 19.44, 14.69, 0.00, 0.00, 0.00, 0.00, 90.00, 0, 0
2.00, 5.70, 24.36, 24.36, 790.63, 20.00, 4.63, 18.89, 14.18, 0.00, 0.00, 0.00, 0.00, 90.00, 0, 0
2.00, 5.70, 23.50, 23.50, -743.26, 20.00, 4.63, 18.33, 13.57, 0.00, 0.00, 0.00, 0.00, 90.00, 0, 0
2.00, 5.70, 22.79, 22.79, -1261.31, 20.00, 4.63, 17.22, 12.45, 0.00, 0.00, 0.00, 0.00, 90.00, 0, 0
2.00, 5.70, 22.23, 22.23, -1563.66, 20.00, 4.63, 16.67, 11.84, 0.00, 0.00, 0.00, 0.00, 90.00, 0, 0
2.00, 5.70, 21.76, 21.76, -1848.61, 20.00, 4.63, 16.11, 11.23, 0.00, 0.00, 0.00, 0.00, 90.00, 0, 0
2.00, 5.70, 21.27, 21.27, -2327.11, 20.00, 4.63, 15.00, 10.22, 0.00, 0.00, 0.00, 0.00, 90.00, 0, 0
2.00, 5.70, 20.84, 20.84, -2605.84, 20.00, 4.63, 14.44, 9.62, 0.00, 0.00, 0.00, 0.00, 90.00, 0, 0
2.00, 5.70, 20.36, 20.36, -3084.43, 20.00, 4.63, 13.33, 8.51, 0.00, 0.00, 0.00, 0.00, 90.00, 0, 0
2.00, 5.70, 19.94, 19.94, -3356.30, 20.00, 4.63, 12.78, 8.00, 0.00, 0.00, 0.00, 0.00, 90.00, 0, 0
2.00, 5.70, 20.64, 20.64, -366.46, 20.00, 4.63, 13.33, 8.61, 0.00, 14.79, 0.00, -86.89, 86.08, 0, 0
2.00, 5.70, 21.17, 21.17, -174.68, 20.00, 4.63, 15.00, 10.22, 0.00, 53.13, 0.00, -76.81, 74.83, 0, 0
2.00, 5.70, 21.60, 21.60, 29.88, 20.00, 4.63, 16.67, 11.94, 0.00, 96.19, 0.00, -65.62, 64.07, 0, 0
2.00, 5.70, 21.98, 21.98, 250.32, 20.00, 4.63, 18.89, 14.07, 0.00, 131.08, 0.00, -52.31, 54.32, 0, 0
2.00, 5.70, 22.33, 22.33, 455.10, 20.00, 4.63, 20.56, 15.81, 0.00, 152.31, 0.00, -35.70, 46.40, 0, 0
2.00, 5.70, 22.67, 22.67, 664.49, 20.00, 4.63, 22.22, 17.44, 0.00, 162.00, 0.00, -15.20, 41.48, 0, 0
2.00, 5.70, 22.96, 22.96, 764.91, 20.00, 4.63, 23.33, 18.56, 0.00, 156.43, 0.00, 7.68, 40.73, 0, 0
2.00, 5.70, 23.23, 23.23, 910.23, 20.00, 4.63, 24.44, 19.57, 0.00, 158.72, 0.00, 29.29, 44.36, 0, 0
2.00, 5.70, 23.44, 23.44, 954.65, 20.00, 4.63, 24.44, 19.57, 0.00, 125.03, 0.00, 47.19, 51.43, 0, 0
2.00, 5.70, 23.59, 23.59, 920.64, 20.00, 4.63, 24.44, 19.57, 0.00, 92.82, 0.00, 61.48, 60.68, 0, 0
2.00, 5.70, 23.70, 23.70, 900.51, 20.00, 4.63, 23.33, 18.56, 0.00, 66.98, 0.00, 73.25, 71.17, 0, 0
2.00, 5.70, 23.84, 23.84, 1013.45, 20.00, 4.63, 22.22, 17.44, 0.00, 26.55, 0.00, 83.60, 82.30, 0, 0
2.00, 5.70, 23.92, 23.92, 961.67, 20.00, 4.63, 21.11, 16.31, 0.00, 3.29, 0.00, 0.00, 90.00, 0, 0
2.00, 5.70, 23.99, 23.99, 945.86, 20.00, 4.63, 20.56, 15.81, 0.00, 0.00, 0.00, 0.00, 90.00, 0, 0
2.00, 5.70, 24.04, 24.04, 930.57, 20.00, 4.63, 20.00, 15.19, 0.00, 0.00, 0.00, 0.00, 90.00, 0, 0
2.00, 5.70, 23.99, 23.99, 722.38, 20.00, 4.63, 18.89, 14.18, 0.00, 0.00, 0.00, 0.00, 90.00, 0, 0
2.00, 5.70, 23.18, 23.18, -804.43, 20.00, 4.63, 18.33, 13.57, 0.00, 0.00, 0.00, 0.00, 90.00, 0, 0
2.00, 5.70, 22.58, 22.58, -1116.79, 20.00, 4.63, 17.78, 12.96, 0.00, 0.00, 0.00, 0.00, 90.00, 0, 0
2.00, 5.70, 22.09, 22.09, -1405.64, 20.00, 4.63, 17.22, 12.45, 0.00, 0.00, 0.00, 0.00, 90.00, 0, 0
2.00, 5.70, 21.68, 21.68, -1680.88, 20.00, 4.63, 16.67, 11.84, 0.00, 0.00, 0.00, 0.00, 90.00, 0, 0
2.00, 5.70, 21.31, 21.31, -1948.02, 20.00, 4.63, 16.11, 11.34, 0.00, 0.00, 0.00, 0.00, 90.00, 0, 0
2.00, 5.70, 20.96, 20.96, -2210.58, 20.00, 4.63, 15.56, 10.73, 0.00, 0.00, 0.00, 0.00, 90.00, 0, 0
2.00, 5.70, 20.62, 20.62, -2470.55, 20.00, 4.63, 15.00, 10.22, 0.00, 0.00, 0.00, 0.00, 90.00, 0, 0
2.00, 5.70, 20.29, 20.29, -2722.25, 20.00, 4.63, 14.44, 9.72, 0.00, 0.00, 0.00, 0.00, 90.00, 0, 0
2.00, 5.70, 20.90, 20.90, -209.44, 20.00, 4.63, 15.56, 10.83, 0.00, 29.57, 0.00, -86.52, 86.27, 0, 0
2.00, 5.70, 21.38, 21.38, -2.38, 20.00, 4.63, 17.78, 13.06, 0.00, 48.63, 0.00, -76.43, 75.03, 0, 0
2.00, 5.70, 21.77, 21.77, 190.77, 20.00, 4.63, 19.44, 14.69, 0.00, 84.69, 0.00, -65.24, 64.30, 0, 0
2.00, 5.70, 22.13, 22.13, 382.17, 20.00, 4.63, 21.11, 16.42, 0.00, 128.45, 0.00, -51.92, 54.59, 0, 0
2.00, 5.70, 22.45, 22.45, 568.06, 20.00, 4.63, 22.78, 17.94, 0.00, 158.94, 0.00, -35.34, 46.72, 0, 0
2.00, 5.70, 22.75, 22.75, 730.18, 20.00, 4.63, 23.89, 19.07, 0.00, 172.46, 0.00, -14.94, 41.86, 0, 0
2.00, 5.70, 23.02, 23.02, 838.21, 20.00, 4.63, 25.00, 20.19, 0.00, 168.32, 0.00, 7.76, 41.14, 0, 0
2.00, 5.70, 23.27, 23.27, 981.28, 20.00, 4.63, 25.56, 20.70, 0.00, 149.95, 0.00, 29.20, 44.77, 0, 0
2.00, 5.70, 23.48, 23.48, 1021.41, 20.00, 4.63, 26.11, 21.21, 0.00, 125.17, 0.00, 47.01, 51.82, 0, 0
2.00, 5.70, 23.61, 23.61, 970.49, 20.00, 4.63, 25.56, 20.70, 0.00, 97.65, 0.00, 61.25, 61.04, 0, 0
2.00, 5.70, 23.73, 23.73, 987.85, 20.00, 4.63, 25.00, 20.08, 0.00, 66.52, 0.00, 73.01, 71.51, 0, 0
2.00, 5.70, 23.88, 23.88, 1103.84, 20.00, 4.63, 23.89, 19.07, 0.00, 27.01, 0.00, 83.35, 82.64, 0, 0
2.00, 5.70, 23.97, 23.97, 1055.04, 20.00, 4.63, 22.78, 17.94, 0.00, 4.93, 0.00, 0.00, 90.00, 0, 0
2.00, 5.70, 24.03, 24.03, 1014.99, 20.00, 4.63, 21.67, 16.93, 0.00, 0.00, 0.00, 0.00, 90.00, 0, 0
2.00, 5.70, 24.07, 24.07, 973.30, 20.00, 4.63, 20.56, 15.81, 0.00, 0.00, 0.00, 0.00, 90.00, 0, 0
2.00, 5.70, 24.02, 24.02, 789.97, 20.00, 4.63, 20.00, 15.19, 0.00, 0.00, 0.00, 0.00, 90.00, 0, 0
2.00, 5.70, 23.27, 23.27, -590.00, 20.00, 4.63, 18.89, 14.07, 0.00, 0.00, 0.00, 0.00, 90.00, 0, 0
2.00, 5.70, 22.62, 22.62, -1096.00, 20.00, 4.63, 17.78, 12.96, 0.00, 0.00, 0.00, 0.00, 90.00, 0, 0
2.00, 5.70, 22.11, 22.11, -1390.17, 20.00, 4.63, 17.22, 12.34, 0.00, 0.00, 0.00, 0.00, 90.00, 0, 0
2.00, 5.70, 21.60, 21.60, -1871.31, 20.00, 4.63, 16.11, 11.23, 0.00, 0.00, 0.00, 0.00, 90.00, 0, 0
2.00, 5.70, 21.08, 21.08, -2354.95, 20.00, 4.63, 15.00, 10.12, 0.00, 0.00, 0.00, 0.00, 90.00, 0, 0
2.00, 5.70, 20.64, 20.64, -2636.52, 20.00, 4.63, 14.44, 9.62, 0.00, 0.00, 0.00, 0.00, 90.00, 0, 0
2.00, 5.70, 20.15, 20.15, -3116.76, 20.00, 4.63, 13.33, 8.51, 0.00, 0.00, 0.00, 0.00, 90.00, 0, 0
2.00, 5.70, 19.67, 19.67, -3518.58, 20.00, 4.63, 12.22, 7.40, 0.00, 0.00, 0.00, 0.00, 90.00, 0, 0
2.00, 5.70, 20.41, 20.41, -283.82, 20.00, 4.63, 13.89, 9.01, 0.00, 27.93, 0.00, -86.15, 86.46, 0, 0
2.00, 5.70, 20.97, 20.97, -82.78, 20.00, 4.63, 15.56, 10.73, 0.00, 52.74, 0.00, -76.06, 75.24, 0, 0
2.00, 5.70, 21.44, 21.44, 156.56, 20.00, 4.63, 17.78, 12.96, 0.00, 91.08, 0.00, -64.85, 64.53, 0, 0
2.00, 5.70, 21.85, 21.85, 357.77, 20.00, 4.63, 19.44, 14.58, 0.00, 132.48, 0.00, -51.53, 54.86, 0, 0
2.00, 5.70, 22.19, 22.19, 515.71, 20.00, 4.63, 20.56, 15.70, 0.00, 164.07, 0.00, -34.98, 47.04, 0, 0
2.00, 5.70, 22.52, 22.52, 702.55, 20.00, 4.63, 21.67, 16.82, 0.00, 170.82, 0.00, -14.69, 42.24, 0, 0
2.00, 5.70, 22.80, 22.80, 793.84, 20.00, 4.63, 22.78, 17.94, 0.00, 166.35, 0.00, 7.83, 41.55, 0, 0
2.00, 5.70, 23.04, 23.04, 886.95, 20.00, 4.63, 23.33, 18.45, 0.00, 160.11, 0.00, 29.11, 45.18, 0, 0
2.00, 5.70, 23.23, 23.23, 928.03, 20.00, 4.63, 23.33, 18.45, 0.00, 135.84, 0.00, 46.82, 52.20, 0, 0
2.00, 5.70, 23.35, 23.35, 856.46, 20.00, 4.63, 22.78, 17.94, 0.00, 105.55, 0.00, 61.02, 61.40, 0, 0
2.00, 5.70, 23.45, 23.45, 868.73, 20.00, 4.63, 22.22, 17.44, 0.00, 62.96, 0.00, 72.77, 71.86, 0, 0
2.00, 5.70, 23.58, 23.58, 967.08, 20.00, 4.63, 20.56, 15.81, 0.00, 26.81, 0.00, 83.11, 82.97, 0, 0
2.00, 5.70, 23.67, 23.67, 939.98, 20.00, 4.63, 20.00, 15.30, 0.00, 4.93, 0.00, 0.00, 90.00, 0, 0
2.00, 5.70, 23.74, 23.74, 923.26, 20.00, 4.63, 19.44, 14.69, 0.00, 0.00, 0.00, 0.00, 90.00, 0, 0
2.00, 5.70, 23.79, 23.79, 908.66, 20.00, 4.63, 18.89, 14.18, 0.00, 0.00, 0.00, 0.00, 90.00, 0, 0
2.00, 5.70, 23.74, 23.74, 674.73, 20.00, 4.63, 18.33, 13.67, 0.00, 0.00, 0.00, 0.00, 90.00, 0, 0
2.00, 5.70, 22.88, 22.88, -1025.48, 20.00, 4.63, 17.78, 13.06, 0.00, 0.00, 0.00, 0.00, 90.00, 0, 0
2.00, 5.70, 22.25, 22.25, -1346.31, 20.00, 4.63, 17.22, 12.55, 0.00, 0.00, 0.00, 0.00, 90.00, 0, 0
2.00, 5.70, 21.74, 21.74, -1641.69, 20.00, 4.63, 16.67, 11.94, 0.00, 0.00, 0.00, 0.00, 90.00, 0, 0
2.00, 5.70, 21.39, 21.39, -1719.55, 20.00, 4.63, 16.67, 11.94, 0.00, 0.00, 0.00, 0.00, 90.00, 0, 0
2.00, 5.70, 21.06, 21.06, -1980.88, 20.00, 4.63, 16.11, 11.34, 0.00, 0.00, 0.00, 0.00, 90.00, 0, 0
2.00, 5.70, 20.74, 20.74, -2239.77, 20.00, 4.63, 15.56, 10.83, 0.00, 0.00, 0.00, 0.00, 90.00, 0, 0
2.00, 5.70, 20.50, 20.50, -2293.49, 20.00, 4.63, 15.56, 10.83, 0.00, 0.00, 0.00, 0.00, 90.00, 0, 0
2.00, 5.70, 20.27, 20.27, -2454.66, 20.00, 4.63, 15.00, 10.32, 0.00, 0.00, 0.00, 0.00, 90.00, 0, 0
2.00, 5.70, 20.86, 20.86, -118.86, 20.00, 4.63, 16.11, 11.44, 0.00, 13.14, 0.00, -85.79, 86.66, 0, 0
2.00, 5.70, 21.32, 21.32, 44.29, 20.00, 4.63, 17.22, 12.65, 0.00, 52.15, 0.00, -75.69, 75.44, 0, 0
2.00, 5.70, 21.72, 21.72, 275.03, 20.00, 4.63, 19.44, 14.89, 0.00, 91.22, 0.00, -64.47, 64.76, 0, 0
2.00, 5.70, 22.11, 22.11, 546.68, 20.00, 4.63, 22.22, 17.54, 0.00, 114.77, 0.00, -51.15, 55.13, 0, 0
2.00, 5.70, 22.49, 22.49, 794.70, 20.00, 4.63, 24.44, 19.79, 0.00, 121.42, 0.00, -34.63, 47.37, 0, 0
2.00, 5.70, 22.86, 22.86, 1013.57, 20.00, 4.63, 26.11, 21.43, 0.00, 131.24, 0.00, -14.44, 42.62, 0, 0
2.00, 5.70, 23.17, 23.17, 1101.97, 20.00, 4.63, 27.22, 22.56, 0.00, 140.01, 0.00, 7.91, 41.97, 0, 0
2.00, 5.70, 23.44, 23.44, 1215.27, 20.00, 4.63, 27.78, 23.08, 0.00, 142.41, 0.00, 29.02, 45.59, 0, 0
2.00, 5.70, 23.67, 23.67, 1271.44, 20.00, 4.63, 28.33, 23.59, 0.00, 111.10, 0.00, 46.64, 52.59, 0, 0
2.00, 5.70, 23.83, 23.83, 1220.99, 20.00, 4.63, 27.78, 23.08, 0.00, 88.74, 0.00, 60.80, 61.77, 0, 0
2.00, 5.70, 23.94, 23.94, 1191.25, 20.00, 4.63, 26.67, 21.94, 0.00, 61.56, 0.00, 72.53, 72.21, 0, 0
2.00, 5.70, 24.08, 24.08, 1291.66, 20.00, 4.63, 25.00, 20.41, 0.00, 32.86, 0.00, 82.86, 83.31, 0, 0
2.00, 5.70, 24.18, 24.18, 1266.76, 20.00, 4.63, 24.44, 19.79, 0.00, 3.29, 0.00, 0.00, 90.00, 0, 0
2.00, 5.70, 24.27, 24.27, 1258.08, 20.00, 4.63, 23.89, 19.28, 0.00, 0.00, 0.00, 0.00, 90.00, 0, 0
2.00, 5.70, 24.34, 24.34, 1248.45, 20.00, 4.63, 23.33, 18.77, 0.00, 0.00, 0.00, 0.00, 90.00, 0, 0
2.00, 5.70, 24.29, 24.29, 993.21, 20.00, 4.63, 22.22, 17.65, 0.00, 0.00, 0.00, 0.00, 90.00, 0, 0
2.00, 5.70, 23.86, 23.86, 485.65, 20.00, 4.63, 21.67, 17.03, 0.00, 0.00, 0.00, 0.00, 90.00, 0, 0
2.00, 5.70, 23.51, 23.51, 215.88, 20.00, 4.63, 21.11, 16.52, 0.00, 0.00, 0.00, 0.00, 90.00, 0, 0
2.00, 5.70, 23.19, 23.19, -42.54, 20.00, 4.63, 20.56, 15.91, 0.00, 0.00, 0.00, 0.00, 90.00, 0, 0
2.00, 5.70, 22.90, 22.90, -294.54, 20.00, 4.63, 20.00, 15.30, 0.00, 0.00, 0.00, 0.00, 90.00, 0, 0
2.00, 5.70, 22.62, 22.62, -542.84, 20.00, 4.63, 19.44, 14.79, 0.00, 0.00, 0.00, 0.00, 90.00, 0, 0
2.00, 5.70, 22.27, 22.27, -988.77, 20.00, 4.63, 18.33, 13.67, 0.00, 0.00, 0.00, 0.00, 90.00, 0, 0
2.00, 5.70, 21.94, 21.94, -1244.42, 20.00, 4.63, 17.78, 13.16, 0.00, 0.00, 0.00, 0.00, 90.00, 0, 0
2.00, 5.70, 21.63, 21.63, -1490.12, 20.00, 4.63, 17.22, 12.65, 0.00, 0.00, 0.00, 0.00, 90.00, 0, 0
2.00, 5.70, 22.05, 22.05, 158.63, 20.00, 4.63, 18.33, 13.77, 0.00, 23.00, 0.00, -85.42, 86.85, 0, 0
2.00, 5.70, 22.38, 22.38, 315.61, 20.00, 4.63, 20.00, 15.40, 0.00, 53.15, 0.00, -75.32, 75.65, 0, 0
2.00, 5.70, 22.70, 22.70, 529.22, 20.00, 4.63, 22.22, 17.65, 0.00, 89.34, 0.00, -64.10, 64.99, 0, 0
2.00, 5.70, 23.01, 23.01, 740.76, 20.00, 4.63, 24.44, 19.90, 0.00, 105.47, 0.00, -50.77, 55.40, 0, 0
2.00, 5.70, 23.31, 23.31, 936.92, 20.00, 4.63, 26.11, 21.54, 0.00, 143.39, 0.00, -34.29, 47.69, 0, 0
2.00, 5.70, 23.59, 23.59, 1089.21, 20.00, 4.63, 27.22, 22.56, 0.00, 163.47, 0.00, -14.19, 43.00, 0, 0
2.00, 5.70, 23.84, 23.84, 1185.16, 20.00, 4.63, 28.33, 23.70, 0.00, 155.97, 0.00, 7.98, 42.38, 0, 0
2.00, 5.70, 24.09, 24.09, 1324.08, 20.00, 4.63, 28.89, 24.21, 0.00, 133.58, 0.00, 28.93, 46.00, 0, 0
2.00, 5.70, 24.29, 24.29, 1369.33, 20.00, 4.63, 29.44, 24.72, 0.00, 114.76, 0.00, 46.45, 52.98, 0, 0
2.00, 5.70, 24.42, 24.42, 1311.54, 20.00, 4.63, 28.89, 24.21, 0.00, 96.43, 0.00, 60.57, 62.13, 0, 0
2.00, 5.70, 24.52, 24.52, 1277.80, 20.00, 4.63, 27.78, 23.18, 0.00, 63.17, 0.00, 72.29, 72.55, 0, 0
2.00, 5.70, 24.66, 24.66, 1406.84, 20.00, 4.63, 26.67, 22.05, 0.00, 29.57, 0.00, 82.62, 83.64, 0, 0
2.00, 5.70, 24.75, 24.75, 1359.57, 20.00, 4.63, 25.56, 20.92, 0.00, 3.29, 0.00, 0.00, 90.00, 0, 0
2.00, 5.70, 24.81, 24.81, 1320.33, 20.00, 4.63, 24.44, 19.90, 0.00, 0.00, 0.00, 0.00, 90.00, 0, 0
2.00, 5.70, 24.86, 24.86, 1302.82, 20.00, 4.63, 23.89, 19.28, 0.00, 0.00, 0.00, 0.00, 90.00, 0, 0
2.00, 5.70, 24.81, 24.81, 1098.61, 20.00, 4.63, 22.78, 18.16, 0.00, 0.00, 0.00, 0.00, 90.00, 0, 0
2.00, 5.70, 24.32, 24.32, 560.82, 20.00, 4.63, 21.67, 17.03, 0.00, 0.00, 0.00, 0.00, 90.00, 0, 0
2.00, 5.70, 23.92, 23.92, 286.49, 20.00, 4.63, 21.11, 16.52, 0.00, 0.00, 0.00, 0.00, 90.00, 0, 0
2.00, 5.70, 23.57, 23.57, 24.88, 20.00, 4.63, 20.56, 15.91, 0.00, 0.00, 0.00, 0.00, 90.00, 0, 0
2.00, 5.70, 23.18, 23.18, -427.50, 20.00, 4.63, 19.44, 14.79, 0.00, 0.00, 0.00, 0.00, 90.00, 0, 0
2.00, 5.70, 22.75, 22.75, -887.20, 20.00, 4.63, 18.33, 13.67, 0.00, 0.00, 0.00, 0.00, 90.00, 0, 0
2.00, 5.70, 22.38, 22.38, -1152.37, 20.00, 4.63, 17.78, 13.16, 0.00, 0.00, 0.00, 0.00, 90.00, 0, 0
2.00, 5.70, 22.03, 22.03, -1412.11, 20.00, 4.63, 17.22, 12.55, 0.00, 0.00, 0.00, 0.00, 90.00, 0, 0
2.00, 5.70, 21.63, 21.63, -1864.24, 20.00, 4.63, 16.11, 11.53, 0.00, 0.00, 0.00, 0.00, 90.00, 0, 0
2.00, 5.70, 22.13, 22.13, 126.25, 20.00, 4.63, 17.22, 12.65, 0.00, 24.65, 0.00, -85.06, 87.05, 0, 0
2.00, 5.70, 22.53, 22.53, 322.34, 20.00, 4.63, 19.44, 14.79, 0.00, 44.53, 0.00, -74.95, 75.86, 0, 0
2.00, 5.70, 22.89, 22.89, 531.15, 20.00, 4.63, 21.67, 17.03, 0.00, 72.23, 0.00, -63.72, 65.22, 0, 0
2.00, 5.70, 23.23, 23.23, 754.88, 20.00, 4.63, 23.89, 19.18, 0.00, 97.08, 0.00, -50.39, 55.67, 0, 0
2.00, 5.70, 23.56, 23.56, 964.05, 20.00, 4.63, 25.56, 20.81, 0.00, 123.03, 0.00, -33.94, 48.02, 0, 0
2.00, 5.70, 23.88, 23.88, 1163.35, 20.00, 4.63, 27.22, 22.45, 0.00, 140.99, 0.00, -13.95, 43.38, 0, 0
2.00, 5.70, 24.14, 24.14, 1242.49, 20.00, 4.63, 28.33, 23.59, 0.00, 140.64, 0.00, 8.05, 42.79, 0, 0
2.00, 5.70, 24.40, 24.40, 1379.24, 20.00, 4.63, 28.89, 24.10, 0.00, 133.75, 0.00, 28.85, 46.41, 0, 0
2.00, 5.70, 24.61, 24.61, 1411.20, 20.00, 4.63, 28.89, 24.10, 0.00, 108.92, 0.00, 46.27, 53.36, 0, 0
2.00, 5.70, 24.74, 24.74, 1344.69, 20.00, 4.63, 28.33, 23.59, 0.00, 83.03, 0.00, 60.35, 62.49, 0, 0
2.00, 5.70, 24.83, 24.83, 1312.89, 20.00, 4.63, 27.22, 22.45, 0.00, 57.24, 0.00, 72.05, 72.89, 0, 0
2.00, 5.70, 24.96, 24.96, 1422.33, 20.00, 4.63, 26.11, 21.32, 0.00, 27.93, 0.00, 82.37, 83.98, 0, 0
2.00, 5.70, 25.00, 25.00, 1366.79, 20.00, 4.63, 25.00, 20.19, 0.00, 1.64, 0.00, 0.00, 90.00, 0, 0
2.00, 5.70, 25.00, 25.00, 1324.71, 20.00, 4.63, 23.89, 19.07, 0.00, 0.00, 0.00, 0.00, 90.00, 0, 0
2.00, 5.70, 25.00, 25.00, 1254.33, 20.00, 4.63, 22.22, 17.44, 0.00, 0.00, 0.00, 0.00, 90.00, 0, 0
2.00, 5.70, 24.97, 24.97, 1048.06, 20.00, 4.63, 21.11, 16.31, 0.00, 0.00, 0.00, 0.00, 90.00, 0, 0
2.00, 5.70, 24.24, 24.24, -5.96, 20.00, 4.63, 20.00, 15.19, 0.00, 0.00, 0.00, 0.00, 90.00, 0, 0
2.00, 5.70, 23.62, 23.62, -506.87, 20.00, 4.63, 18.89, 14.07, 0.00, 0.00, 0.00, 0.00, 90.00, 0, 0
2.00, 5.70, 23.04, 23.04, -998.79, 20.00, 4.63, 17.78, 12.96, 0.00, 0.00, 0.00, 0.00, 90.00, 0, 0
2.00, 5.70, 22.48, 22.48, -1487.46, 20.00, 4.63, 16.67, 11.84, 0.00, 0.00, 0.00, 0.00, 90.00, 0, 0
2.00, 5.70, 22.02, 22.02, -1772.94, 20.00, 4.63, 16.11, 11.23, 0.00, 0.00, 0.00, 0.00, 90.00, 0, 0
2.00, 5.70, 21.52, 21.52, -2252.63, 20.00, 4.63, 15.00, 10.12, 0.00, 0.00, 0.00, 0.00, 90.00, 0, 0
2.00, 5.70, 21.00, 21.00, -2738.32, 20.00, 4.63, 13.89, 9.01, 0.00, 0.00, 0.00, 0.00, 90.00, 0, 0
2.00, 5.70, 20.47, 20.47, -3222.55, 20.00, 4.63, 12.78, 7.90, 0.00, 0.00, 0.00, 0.00, 90.00, 0, 0
2.00, 5.70, 21.19, 21.19, -200.81, 20.00, 4.63, 13.89, 9.01, 0.00, 23.00, 0.00, -84.69, 87.24, 0, 0
2.00, 5.70, 21.70, 21.70, -43.54, 20.00, 4.63, 15.00, 10.12, 0.00, 51.08, 0.00, -74.58, 76.06, 0, 0
2.00, 5.70, 22.10, 22.10, 100.72, 20.00, 4.63, 16.11, 11.23, 0.00, 86.83, 0.00, -63.35, 65.45, 0, 0
2.00, 5.70, 22.45, 22.45, 286.32, 20.00, 4.63, 17.78, 12.84, 0.00, 129.98, 0.00, -50.02, 55.95, 0, 0
2.00, 5.70, 22.75, 22.75, 443.38, 20.00, 4.63, 18.89, 13.96, 0.00, 158.36, 0.00, -33.61, 48.35, 0, 0
2.00, 5.70, 23.05, 23.05, 645.91, 20.00, 4.63, 20.56, 15.58, 0.00, 162.29, 0.00, -13.72, 43.76, 0, 0
2.00, 5.70, 23.30, 23.30, 739.53, 20.00, 4.63, 21.67, 16.70, 0.00, 159.16, 0.00, 8.12, 43.20, 0, 0
2.00, 5.70, 23.53, 23.53, 843.95, 20.00, 4.63, 22.22, 17.32, 0.00, 158.26, 0.00, 28.76, 46.82, 0, 0
2.00, 5.70, 23.73, 23.73, 901.29, 20.00, 4.63, 22.78, 17.82, 0.00, 123.27, 0.00, 46.09, 53.75, 0, 0
2.00, 5.70, 23.86, 23.86, 877.50, 20.00, 4.63, 22.78, 17.82, 0.00, 86.25, 0.00, 60.13, 62.85, 0, 0
2.00, 5.70, 23.95, 23.95, 855.62, 20.00, 4.63, 21.67, 16.70, 0.00, 54.46, 0.00, 71.81, 73.24, 0, 0
2.00, 5.70, 24.08, 24.08, 980.68, 20.00, 4.63, 20.56, 15.70, 0.00, 36.15, 0.00, 82.13, 84.31, 0, 0
2.00, 5.70, 24.16, 24.16, 922.92, 20.00, 4.63, 19.44, 14.58, 0.00, 3.29, 0.00, 0.00, 90.00, 0, 0
2.00, 5.70, 24.22, 24.22, 903.64, 20.00, 4.63, 18.89, 13.96, 0.00, 0.00, 0.00, 0.00, 90.00, 0, 0
2.00, 5.70, 24.24, 24.24, 858.64, 20.00, 4.63, 17.78, 12.96, 0.00, 0.00, 0.00, 0.00, 90.00, 0, 0
2.00, 5.70, 24.19, 24.19, 671.86, 20.00, 4.63, 17.22, 12.34, 0.00, 0.00, 0.00, 0.00, 90.00, 0, 0
2.00, 5.70, 23.14, 23.14, -1383.04, 20.00, 4.63, 16.67, 11.73, 0.00, 0.00, 0.00, 0.00, 90.00, 0, 0
2.00, 5.70, 22.29, 22.29, -1927.02, 20.00, 4.63, 15.56, 10.62, 0.00, 0.00, 0.00, 0.00, 90.00, 0, 0
2.00, 5.70, 21.65, 21.65, -2246.62, 20.00, 4.63, 15.00, 10.00, 0.00, 0.00, 0.00, 0.00, 90.00, 0, 0
2.00, 5.70, 21.12, 21.12, -2544.75, 20.00, 4.63, 14.44, 9.51, 0.00, 0.00, 0.00, 0.00, 90.00, 0, 0
2.00, 5.70, 20.58, 20.58, -3036.39, 20.00, 4.63, 13.33, 8.40, 0.00, 0.00, 0.00, 0.00, 90.00, 0, 0
2.00, 5.70, 20.11, 20.11, -3324.30, 20.00, 4.63, 12.78, 7.90, 0.00, 0.00, 0.00, 0.00, 90.00, 0, 0
2.00, 5.70, 19.68, 19.68, -3604.82, 20.00, 4.63, 12.22, 7.29, 0.00, 0.00, 0.00, 0.00, 90.00, 0, 0
2.00, 5.70, 19.28, 19.28, -3873.89, 20.00, 4.63, 11.67, 6.79, 0.00, 0.00, 0.00, 0.00, 90.00, 0, 0
2.00, 5.70, 20.07, 20.07, -527.27, 20.00, 4.63, 12.22, 7.40, 0.00, 19.72, 0.00, -84.33, 87.44, 0, 0
2.00, 5.70, 20.67, 20.67, -296.20, 20.00, 4.63, 14.44, 9.62, 0.00, 47.25, 0.00, -74.22, 76.27, 0, 0
2.00, 5.70, 21.15, 21.15, -92.55, 20.00, 4.63, 16.11, 11.23, 0.00, 78.17, 0.00, -62.98, 65.69, 0, 0
2.00, 5.70, 21.57, 21.57, 148.93, 20.00, 4.63, 18.33, 13.46, 0.00, 108.18, 0.00, -49.65, 56.22, 0, 0
2.00, 5.70, 21.95, 21.95, 351.32, 20.00, 4.63, 20.00, 15.08, 0.00, 135.59, 0.00, -33.27, 48.67, 0, 0
2.00, 5.70, 22.29, 22.29, 521.32, 20.00, 4.63, 21.11, 16.20, 0.00, 151.67, 0.00, -13.49, 44.13, 0, 0
2.00, 5.70, 22.57, 22.57, 622.76, 20.00, 4.63, 22.22, 17.32, 0.00, 155.41, 0.00, 8.19, 43.60, 0, 0
2.00, 5.70, 22.83, 22.83, 739.75, 20.00, 4.63, 22.78, 17.82, 0.00, 146.45, 0.00, 28.67, 47.22, 0, 0
2.00, 5.70, 23.04, 23.04, 794.18, 20.00, 4.63, 23.33, 18.32, 0.00, 122.08, 0.00, 45.91, 54.14, 0, 0
2.00, 5.70, 23.17, 23.17, 730.87, 20.00, 4.63, 22.78, 17.82, 0.00, 99.30, 0.00, 59.91, 63.22, 0, 0
2.00, 5.70, 23.27, 23.27, 716.30, 20.00, 4.63, 21.67, 16.70, 0.00, 60.29, 0.00, 71.57, 73.58, 0, 0
2.00, 5.70, 23.40, 23.40, 836.65, 20.00, 4.63, 20.56, 15.58, 0.00, 29.57, 0.00, 81.89, 84.64, 0, 0
2.00, 5.70, 23.48, 23.48, 784.27, 20.00, 4.63, 19.44, 14.58, 0.00, 1.64, 0.00, 0.00, 90.00, 0, 0
2.00, 5.70, 23.55, 23.55, 768.37, 20.00, 4.63, 18.89, 13.96, 0.00, 0.00, 0.00, 0.00, 90.00, 0, 0
2.00, 5.70, 23.58, 23.58, 725.33, 20.00, 4.63, 17.78, 12.84, 0.00, 0.00, 0.00, 0.00, 90.00, 0, 0
2.00, 5.70, 23.53, 23.53, 540.57, 20.00, 4.63, 17.22, 12.34, 0.00, 0.00, 0.00, 0.00, 90.00, 0, 0
2.00, 5.70, 22.48, 22.48, -1702.14, 20.00, 4.63, 16.11, 11.23, 0.00, 0.00, 0.00, 0.00, 90.00, 0, 0
2.00, 5.70, 21.72, 21.72, -2043.14, 20.00, 4.63, 15.56, 10.62, 0.00, 0.00, 0.00, 0.00, 90.00, 0, 0
2.00, 5.70, 21.13, 21.13, -2352.73, 20.00, 4.63, 15.00, 10.00, 0.00, 0.00, 0.00, 0.00, 90.00, 0, 0
2.00, 5.70, 20.64, 20.64, -2643.77, 20.00, 4.63, 14.44, 9.51, 0.00, 0.00, 0.00, 0.00, 90.00, 0, 0
2.00, 5.70, 20.13, 20.13, -3130.10, 20.00, 4.63, 13.33, 8.40, 0.00, 0.00, 0.00, 0.00, 90.00, 0, 0
2.00, 5.70, 19.68, 19.68, -3413.83, 20.00, 4.63, 12.78, 7.90, 0.00, 0.00, 0.00, 0.00, 90.00, 0, 0
2.00, 5.70, 19.27, 19.27, -3690.89, 20.00, 4.63, 12.22, 7.29, 0.00, 0.00, 0.00, 0.00, 90.00, 0, 0
2.00, 5.70, 18.88, 18.88, -3956.99, 20.00, 4.63, 11.67, 6.79, 0.00, 0.00, 0.00, 0.00, 90.00, 0, 0
2.00, 5.70, 19.61, 19.61, -657.86, 20.00, 4.63, 11.67, 6.79, 0.00, 6.57, 0.00, -83.97, 87.63, 0, 0
2.00, 5.70, 20.13, 20.13, -507.28, 20.00, 4.63, 12.78, 7.90, 0.00, 34.50, 0.00, -73.86, 76.48, 0, 0
2.00, 5.70, 20.56, 20.56, -298.13, 20.00, 4.63, 14.44, 9.62, 0.00, 91.89, 0.00, -62.61, 65.93, 0, 0
2.00, 5.70, 20.90, 20.90, -161.03, 20.00, 4.63, 15.56, 10.73, 0.00, 118.09, 0.00, -49.29, 56.50, 0, 0
2.00, 5.70, 21.14, 21.14, -125.51, 20.00, 4.63, 16.11, 11.23, 0.00, 86.20, 0.00, -32.95, 49.00, 0, 0
2.00, 5.70, 21.38, 21.38, 20.55, 20.00, 4.63, 16.67, 11.73, 0.00, 152.12, 0.00, -13.26, 44.51, 0, 0
2.00, 5.70, 21.61, 21.61, 159.02, 20.00, 4.63, 17.78, 12.84, 0.00, 175.36, 0.00, 8.25, 44.01, 0, 0
2.00, 5.70, 21.84, 21.84, 308.84, 20.00, 4.63, 18.89, 13.96, 0.00, 161.77, 0.00, 28.59, 47.63, 0, 0
2.00, 5.70, 21.98, 21.98, 258.30, 20.00, 4.63, 18.89, 13.96, 0.00, 116.16, 0.00, 45.74, 54.52, 0, 0
2.00, 5.70, 22.06, 22.06, 217.29, 20.00, 4.63, 18.33, 13.46, 0.00, 90.61, 0.00, 59.69, 63.58, 0, 0
2.00, 5.70, 22.14, 22.14, 248.42, 20.00, 4.63, 17.78, 12.84, 0.00, 56.26, 0.00, 71.34, 73.92, 0, 0
2.00, 5.70, 22.27, 22.27, 375.15, 20.00, 4.63, 16.67, 11.84, 0.00, 13.14, 0.00, 81.64, 84.97, 0, 0
2.00, 5.70, 22.36, 22.36, 386.67, 20.00, 4.63, 16.67, 11.84, 0.00, 0.00, 0.00, 0.00, 90.00, 0, 0
2.00, 5.70, 22.43, 22.43, 379.83, 20.00, 4.63, 16.11, 11.34, 0.00, 0.00, 0.00, 0.00, 90.00, 0, 0
2.00, 5.70, 22.49, 22.49, 367.72, 20.00, 4.63, 15.56, 10.73, 0.00, 0.00, 0.00, 0.00, 90.00, 0, 0
2.00, 5.70, 22.45, 22.45, 187.84, 20.00, 4.63, 15.00, 10.22, 0.00, 0.00, 0.00, 0.00, 90.00, 0, 0
2.00, 5.70, 21.42, 21.42, -2328.68, 20.00, 4.63, 15.00, 10.22, 0.00, 0.00, 0.00, 0.00, 90.00, 0, 0
2.00, 5.70, 20.67, 20.67, -2665.47, 20.00, 4.63, 14.44, 9.62, 0.00, 0.00, 0.00, 0.00, 90.00, 0, 0
2.00, 5.70, 20.09, 20.09, -2972.25, 20.00, 4.63, 13.89, 9.11, 0.00, 0.00, 0.00, 0.00, 90.00, 0, 0
2.00, 5.70, 19.69, 19.69, -3055.33, 20.00, 4.63, 13.89, 9.01, 0.00, 0.00, 0.00, 0.00, 90.00, 0, 0
2.00, 5.70, 19.32, 19.32, -3323.98, 20.00, 4.63, 13.33, 8.51, 0.00, 0.00, 0.00, 0.00, 90.00, 0, 0
2.00, 5.70, 19.04, 19.04, -3382.51, 20.00, 4.63, 13.33, 8.51, 0.00, 0.00, 0.00, 0.00, 90.00, 0, 0
2.00, 5.70, 18.75, 18.75, -3636.14, 20.00, 4.63, 12.78, 8.00, 0.00, 0.00, 0.00, 0.00, 90.00, 0, 0
2.00, 5.70, 18.47, 18.47, -3806.19, 20.00, 4.63, 12.22, 7.50, 0.00, 0.00, 0.00, 0.00, 90.00, 0, 0
2.00, 5.70, 19.18, 19.18, -606.61, 20.00, 4.63, 13.33, 8.61, 0.00, 18.07, 0.00, -83.61, 87.83, 0, 0
2.00, 5.70, 19.72, 19.72, -409.38, 20.00, 4.63, 15.00, 10.22, 0.00, 46.98, 0.00, -73.50, 76.69, 0, 0
2.00, 5.70, 20.12, 20.12, -292.79, 20.00, 4.63, 15.56, 10.83, 0.00, 71.20, 0.00, -62.24, 66.16, 0, 0
2.00, 5.70, 20.51, 20.51, -30.62, 20.00, 4.63, 17.78, 13.06, 0.00, 115.95, 0.00, -48.93, 56.78, 0, 0
2.00, 5.70, 20.83, 20.83, 98.90, 20.00, 4.63, 18.89, 14.07, 0.00, 146.04, 0.00, -32.62, 49.33, 0, 0
2.00, 5.70, 21.15, 21.15, 292.49, 20.00, 4.63, 20.00, 15.19, 0.00, 169.37, 0.00, -13.04, 44.89, 0, 0
2.00, 5.70, 21.40, 21.40, 376.03, 20.00, 4.63, 21.11, 16.31, 0.00, 176.96, 0.00, 8.31, 44.42, 0, 0
2.00, 5.70, 21.63, 21.63, 460.05, 20.00, 4.63, 21.67, 16.82, 0.00, 159.41, 0.00, 28.50, 48.03, 0, 0
2.00, 5.70, 21.80, 21.80, 459.46, 20.00, 4.63, 21.67, 16.82, 0.00, 130.89, 0.00, 45.56, 54.90, 0, 0
2.00, 5.70, 21.93, 21.93, 472.01, 20.00, 4.63, 21.67, 16.82, 0.00, 95.70, 0.00, 59.47, 63.93, 0, 0
2.00, 5.70, 22.04, 22.04, 488.82, 20.00, 4.63, 21.11, 16.31, 0.00, 54.91, 0.00, 71.10, 74.26, 0, 0
2.00, 5.70, 22.19, 22.19, 618.24, 20.00, 4.63, 20.00, 15.19, 0.00, 23.00, 0.00, 81.40, 85.30, 0, 0
2.00, 5.70, 22.29, 22.29, 578.56, 20.00, 4.63, 18.89, 14.07, 0.00, 1.64, 0.00, 0.00, 90.00, 0, 0
2.00, 5.70, 22.36, 22.36, 569.13, 20.00, 4.63, 18.33, 13.57, 0.00, 0.00, 0.00, 0.00, 90.00, 0, 0
2.00, 5.70, 22.42, 22.42, 558.88, 20.00, 4.63, 17.78, 12.96, 0.00, 0.00, 0.00, 0.00, 90.00, 0, 0
2.00, 5.70, 22.36, 22.36, 301.49, 20.00, 4.63, 16.67, 11.84, 0.00, 0.00, 0.00, 0.00, 90.00, 0, 0
2.00, 5.70, 21.46, 21.46, -1894.62, 20.00, 4.63, 16.11, 11.23, 0.00, 0.00, 0.00, 0.00, 90.00, 0, 0
2.00, 5.70, 20.79, 20.79, -2220.60, 20.00, 4.63, 15.56, 10.73, 0.00, 0.00, 0.00, 0.00, 90.00, 0, 0
2.00, 5.70, 20.19, 20.19, -2724.49, 20.00, 4.63, 14.44, 9.62, 0.00, 0.00, 0.00, 0.00, 90.00, 0, 0
2.00, 5.70, 19.69, 19.69, -3018.11, 20.00, 4.63, 13.89, 9.01, 0.00, 0.00, 0.00, 0.00, 90.00, 0, 0
2.00, 5.70, 19.26, 19.26, -3299.43, 20.00, 4.63, 13.33, 8.40, 0.00, 0.00, 0.00, 0.00, 90.00, 0, 0
2.00, 5.70, 18.86, 18.86, -3573.41, 20.00, 4.63, 12.78, 7.90, 0.00, 0.00, 0.00, 0.00, 90.00, 0, 0
2.00, 5.70, 18.49, 18.49, -3843.27, 20.00, 4.63, 12.22, 7.29, 0.00, 0.00, 0.00, 0.00, 90.00, 0, 0
2.00, 5.70, 18.08, 18.08, -4234.25, 20.00, 4.63, 11.11, 6.29, 0.00, 0.00, 0.00, 0.00, 90.00, 0, 0
2.00, 5.70, 18.80, 18.80, -701.76, 20.00, 4.63, 12.22, 7.29, 0.00, 13.14, 0.00, -83.25, 88.03, 0, 0
2.00, 5.70, 19.33, 19.33, -532.48, 20.00, 4.63, 13.33, 8.40, 0.00, 47.11, 0.00, -73.14, 76.90, 0, 0
2.00, 5.70, 19.75, 19.75, -337.39, 20.00, 4.63, 15.00, 10.12, 0.00, 89.05, 0.00, -61.88, 66.40, 0, 0
2.00, 5.70, 20.15, 20.15, -98.62, 20.00, 4.63, 17.22, 12.23, 0.00, 125.18, 0.00, -48.57, 57.05, 0, 0
2.00, 5.70, 20.48, 20.48, 45.63, 20.00, 4.63, 18.33, 13.34, 0.00, 153.00, 0.00, -32.31, 49.66, 0, 0
2.00, 5.70, 20.76, 20.76, 146.58, 20.00, 4.63, 18.89, 13.84, 0.00, 164.49, 0.00, -12.83, 45.27, 0, 0
2.00, 5.70, 21.01, 21.01, 274.41, 20.00, 4.63, 20.00, 14.96, 0.00, 169.84, 0.00, 8.37, 44.82, 0, 0
2.00, 5.70, 21.24, 21.24, 368.21, 20.00, 4.63, 20.56, 15.45, 0.00, 156.14, 0.00, 28.41, 48.43, 0, 0
2.00, 5.70, 21.42, 21.42, 410.42, 20.00, 4.63, 21.11, 15.95, 0.00, 130.30, 0.00, 45.38, 55.28, 0, 0
2.00, 5.70, 21.55, 21.55, 372.23, 20.00, 4.63, 20.56, 15.32, 0.00, 91.82, 0.00, 59.25, 64.29, 0, 0
2.00, 5.70, 21.65, 21.65, 388.83, 20.00, 4.63, 20.00, 14.83, 0.00, 57.57, 0.00, 70.86, 74.60, 0, 0
2.00, 5.70, 21.80, 21.80, 518.05, 20.00, 4.63, 18.89, 13.71, 0.00, 29.57, 0.00, 81.15, 85.63, 0, 0
2.00, 5.70, 21.88, 21.88, 469.64, 20.00, 4.63, 17.78, 12.60, 0.00, 1.64, 0.00, 0.00, 90.00, 0, 0
2.00, 5.70, 21.94, 21.94, 429.14, 20.00, 4.63, 16.67, 11.49, 0.00, 0.00, 0.00, 0.00, 90.00, 0, 0
2.00, 5.70, 21.97, 21.97, 386.20, 20.00, 4.63, 15.56, 10.38, 0.00, 0.00, 0.00, 0.00, 90.00, 0, 0
2.00, 5.70, 21.88, 21.88, 121.32, 20.00, 4.63, 14.44, 9.13, 0.00, 0.00, 0.00, 0.00, 90.00, 0, 0
2.00, 5.70, 21.71, 21.71, -159.43, 20.00, 4.63, 12.78, 7.55, 0.00, 0.00, 0.00, 0.00, 90.00, 0, 0
2.00, 5.70, 21.54, 21.54, -269.89, 20.00, 4.63, 11.67, 6.31, 0.00, 0.00, 0.00, 0.00, 90.00, 0, 0
2.00, 5.70, 21.39, 21.39, -373.73, 20.00, 4.63, 10.56, 5.35, 0.00, 0.00, 0.00, 0.00, 90.00, 0, 0
2.00, 5.70, 21.23, 21.23, -501.99, 20.00, 4.63, 8.89, 3.64, 0.00, 0.00, 0.00, 0.00, 90.00, 0, 0
2.00, 5.70, 21.07, 21.07, -602.48, 20.00, 4.63, 7.78, 2.55, 0.00, 0.00, 0.00, 0.00, 90.00, 0, 0
2.00, 5.70, 20.92, 20.92, -701.43, 20.00, 4.63, 6.67, 1.33, 0.00, 0.00, 0.00, 0.00, 90.00, 0, 0
2.00, 5.70, 20.75, 20.75, -828.25, 20.00, 4.63, 5.00, -0.23, 0.00, 0.00, 0.00, 0.00, 90.00, 0, 0
2.00, 5.70, 20.59, 20.59, -919.47, 20.00, 4.63, 3.89, -1.44, 0.00, 0.00, 0.00, 0.00, 90.00, 0, 0
2.00, 5.70, 20.49, 20.49, -884.12, 20.00, 4.63, 5.00, -0.36, 0.00, 18.07, 0.00, -82.90, 88.22, 0, 0
2.00, 5.70, 20.48, 20.48, -726.16, 20.00, 4.63, 7.22, 1.94, 0.00, 42.30, 0.00, -72.78, 77.12, 0, 0
2.00, 5.70, 20.58, 20.58, -497.92, 20.00, 4.63, 10.00, 4.73, 0.00, 80.96, 0.00, -61.52, 66.64, 0, 0
2.00, 5.70, 20.75, 20.75, -237.38, 20.00, 4.63, 12.78, 7.41, 0.00, 104.51, 0.00, -48.22, 57.33, 0, 0
2.00, 5.70, 20.99, 20.99, 38.88, 20.00, 4.63, 15.00, 9.62, 0.00, 123.89, 0.00, -32.00, 49.99, 0, 0
2.00, 5.70, 21.29, 21.29, 341.79, 20.00, 4.63, 17.22, 11.83, 0.00, 144.04, 0.00, -12.62, 45.65, 0, 0
2.00, 5.70, 21.52, 21.52, 390.71, 20.00, 4.63, 18.89, 13.43, 0.00, 140.95, 0.00, 8.43, 45.23, 0, 0
2.00, 5.70, 21.77, 21.77, 586.74, 20.00, 4.63, 19.44, 14.06, 0.00, 141.85, 0.00, 28.32, 48.84, 0, 0
2.00, 5.70, 22.00, 22.00, 677.03, 20.00, 4.63, 19.44, 14.06, 0.00, 106.59, 0.00, 45.21, 55.66, 0, 0
2.00, 5.70, 22.11, 22.11, 573.44, 20.00, 4.63, 19.44, 14.06, 0.00, 84.32, 0.00, 59.04, 64.65, 0, 0
2.00, 5.70, 22.13, 22.13, 403.12, 20.00, 4.63, 17.78, 12.31, 0.00, 53.87, 0.00, 70.63, 74.94, 0, 0
2.00, 5.70, 22.16, 22.16, 421.67, 20.00, 4.63, 15.56, 10.24, 0.00, 26.29, 0.00, 80.91, 85.95, 0, 0
2.00, 5.70, 22.16, 22.16, 329.09, 20.00, 4.63, 14.44, 9.13, 0.00, 1.64, 0.00, 0.00, 90.00, 0, 0
2.00, 5.70, 22.13, 22.13, 266.76, 20.00, 4.63, 13.33, 8.03, 0.00, 0.00, 0.00, 0.00, 90.00, 0, 0
2.00, 5.70, 22.10, 22.10, 201.39, 20.00, 4.63, 12.22, 6.93, 0.00, 0.00, 0.00, 0.00, 90.00, 0, 0
2.00, 5.70, 21.98, 21.98, -29.25, 20.00, 4.63, 11.11, 5.83, 0.00, 0.00, 0.00, 0.00, 90.00, 0, 0
2.00, 5.70, 21.78, 21.78, -296.45, 20.00, 4.63, 10.00, 4.73, 0.00, 0.00, 0.00, 0.00, 90.00, 0, 0
2.00, 5.70, 21.59, 21.59, -413.88, 20.00, 4.63, 8.89, 3.51, 0.00, 0.00, 0.00, 0.00, 90.00, 0, 0
2.00, 5.70, 21.43, 21.43, -496.40, 20.00, 4.63, 8.33, 2.89, 0.00, 0.00, 0.00, 0.00, 90.00, 0, 0
2.00, 5.70, 21.27, 21.27, -600.55, 20.00, 4.63, 7.22, 1.81, 0.00, 0.00, 0.00, 0.00, 90.00, 0, 0
2.00, 5.70, 21.11, 21.11, -702.66, 20.00, 4.63, 6.11, 0.72, 0.00, 0.00, 0.00, 0.00, 90.00, 0, 0
2.00, 5.70, 20.97, 20.97, -774.88, 20.00, 4.63, 5.56, 0.24, 0.00, 0.00, 0.00, 0.00, 90.00, 0, 0
2.00, 5.70, 20.81, 20.81, -872.80, 20.00, 4.63, 4.44, -0.84, 0.00, 0.00, 0.00, 0.00, 90.00, 0, 0
2.00, 5.70, 20.68, 20.68, -933.17, 20.00, 4.63, 3.89, -1.44, 0.00, 0.00, 0.00, 0.00, 90.00, 0, 0
2.00, 5.70, 20.57, 20.57, -933.38, 20.00, 4.63, 4.44, -0.84, 0.00, 11.50, 0.00, -82.55, 88.42, 0, 0
2.00, 5.70, 20.57, 20.57, -772.95, 20.00, 4.63, 6.67, 1.33, 0.00, 45.48, 0.00, -72.43, 77.33, 0, 0
2.00, 5.70, 20.66, 20.66, -546.40, 20.00, 4.63, 9.44, 4.12, 0.00, 82.45, 0.00, -61.17, 66.88, 0, 0
2.00, 5.70, 20.83, 20.83, -277.25, 20.00, 4.63, 12.22, 6.93, 0.00, 112.53, 0.00, -47.88, 57.61, 0, 0
2.00, 5.70, 21.07, 21.07, -10.41, 20.00, 4.63, 14.44, 9.13, 0.00, 126.06, 0.00, -31.69, 50.32, 0, 0
2.00, 5.70, 21.36, 21.36, 275.41, 20.00, 4.63, 16.67, 11.35, 0.00, 137.63, 0.00, -12.42, 46.03, 0, 0
2.00, 5.70, 21.59, 21.59, 355.29, 20.00, 4.63, 18.33, 12.94, 0.00, 135.88, 0.00, 8.48, 45.63, 0, 0
2.00, 5.70, 21.87, 21.87, 608.63, 20.00, 4.63, 19.44, 14.06, 0.00, 118.50, 0.00, 28.24, 49.24, 0, 0
2.00, 5.70, 22.11, 22.11, 682.42, 20.00, 4.63, 19.44, 14.06, 0.00, 105.08, 0.00, 45.04, 56.04, 0, 0
2.00, 5.70, 22.22, 22.22, 566.22, 20.00, 4.63, 19.44, 14.06, 0.00, 77.09, 0.00, 58.82, 65.00, 0, 0
2.00, 5.70, 22.25, 22.25, 407.21, 20.00, 4.63, 17.78, 12.46, 0.00, 48.26, 0.00, 70.39, 75.27, 0, 0
2.00, 5.70, 22.29, 22.29, 449.91, 20.00, 4.63, 16.11, 10.72, 0.00, 26.29, 0.00, 80.67, 86.28, 0, 0
2.00, 5.70, 22.30, 22.30, 360.40, 20.00, 4.63, 15.00, 9.76, 0.00, 1.64, 0.00, 0.00, 90.00, 0, 0
2.00, 5.70, 22.28, 22.28, 300.28, 20.00, 4.63, 13.89, 8.65, 0.00, 0.00, 0.00, 0.00, 90.00, 0, 0
2.00, 5.70, 22.25, 22.25, 237.09, 20.00, 4.63, 12.78, 7.55, 0.00, 0.00, 0.00, 0.00, 90.00, 0, 0
2.00, 5.70, 22.15, 22.15, 36.00, 20.00, 4.63, 12.22, 6.93, 0.00, 0.00, 0.00, 0.00, 90.00, 0, 0
2.00, 5.70, 21.97, 21.97, -226.88, 20.00, 4.63, 11.11, 5.83, 0.00, 0.00, 0.00, 0.00, 90.00, 0, 0
2.00, 5.70, 21.79, 21.79, -340.48, 20.00, 4.63, 10.00, 4.73, 0.00, 0.00, 0.00, 0.00, 90.00, 0, 0
2.00, 5.70, 21.63, 21.63, -447.80, 20.00, 4.63, 8.89, 3.64, 0.00, 0.00, 0.00, 0.00, 90.00, 0, 0
2.00, 5.70, 21.48, 21.48, -523.15, 20.00, 4.63, 8.33, 3.03, 0.00, 0.00, 0.00, 0.00, 90.00, 0, 0
2.00, 5.70, 21.33, 21.33, -621.90, 20.00, 4.63, 7.22, 1.94, 0.00, 0.00, 0.00, 0.00, 90.00, 0, 0
2.00, 5.70, 21.18, 21.18, -719.85, 20.00, 4.63, 6.11, 0.85, 0.00, 0.00, 0.00, 0.00, 90.00, 0, 0
2.00, 5.70, 21.04, 21.04, -788.88, 20.00, 4.63, 5.56, 0.24, 0.00, 0.00, 0.00, 0.00, 90.00, 0, 0
2.00, 5.70, 20.90, 20.90, -875.73, 20.00, 4.63, 4.44, -0.84, 0.00, 0.00, 0.00, 0.00, 90.00, 0, 0
2.00, 5.70, 20.81, 20.81, -842.07, 20.00, 4.63, 5.56, 0.24, 0.00, 14.79, 0.00, -82.19, 88.62, 0, 0
2.00, 5.70, 20.81, 20.81, -683.66, 20.00, 4.63, 7.78, 2.55, 0.00, 43.15, 0.00, -72.08, 77.54, 0, 0
2.00, 5.70, 20.91, 20.91, -454.95, 20.00, 4.63, 10.56, 5.35, 0.00, 75.49, 0.00, -60.82, 67.12, 0, 0
2.00, 5.70, 21.09, 21.09, -188.18, 20.00, 4.63, 13.33, 8.03, 0.00, 100.01, 0.00, -47.53, 57.89, 0, 0
2.00, 5.70, 21.33, 21.33, 90.86, 20.00, 4.63, 15.56, 10.38, 0.00, 121.46, 0.00, -31.39, 50.65, 0, 0
2.00, 5.70, 21.62, 21.62, 360.00, 20.00, 4.63, 17.78, 12.46, 0.00, 140.03, 0.00, -12.22, 46.40, 0, 0
2.00, 5.70, 21.84, 21.84, 400.97, 20.00, 4.63, 18.89, 13.58, 0.00, 150.02, 0.00, 8.53, 46.03, 0, 0
2.00, 5.70, 22.07, 22.07, 566.73, 20.00, 4.63, 19.44, 14.06, 0.00, 144.19, 0.00, 28.15, 49.63, 0, 0
2.00, 5.70, 22.27, 22.27, 651.65, 20.00, 4.63, 19.44, 14.20, 0.00, 112.83, 0.00, 44.86, 56.42, 0, 0
2.00, 5.70, 22.38, 22.38, 569.41, 20.00, 4.63, 19.44, 14.06, 0.00, 90.92, 0.00, 58.60, 65.36, 0, 0
2.00, 5.70, 22.40, 22.40, 407.75, 20.00, 4.63, 17.78, 12.46, 0.00, 57.25, 0.00, 70.16, 75.61, 0, 0
2.00, 5.70, 22.44, 22.44, 441.78, 20.00, 4.63, 16.11, 10.86, 0.00, 14.79, 0.00, 80.42, 86.60, 0, 0
2.00, 5.70, 22.44, 22.44, 370.41, 20.00, 4.63, 15.00, 9.76, 0.00, 0.00, 0.00, 0.00, 90.00, 0, 0
2.00, 5.70, 22.43, 22.43, 310.76, 20.00, 4.63, 13.89, 8.65, 0.00, 0.00, 0.00, 0.00, 90.00, 0, 0
2.00, 5.70, 22.41, 22.41, 276.55, 20.00, 4.63, 13.33, 8.16, 0.00, 0.00, 0.00, 0.00, 90.00, 0, 0
2.00, 5.70, 22.30, 22.30, 51.51, 20.00, 4.63, 12.22, 7.06, 0.00, 0.00, 0.00, 0.00, 90.00, 0, 0
2.00, 5.70, 22.12, 22.12, -210.98, 20.00, 4.63, 11.11, 5.96, 0.00, 0.00, 0.00, 0.00, 90.00, 0, 0
2.00, 5.70, 21.96, 21.96, -296.39, 20.00, 4.63, 10.56, 5.35, 0.00, 0.00, 0.00, 0.00, 90.00, 0, 0
2.00, 5.70, 21.80, 21.80, -400.93, 20.00, 4.63, 9.44, 4.25, 0.00, 0.00, 0.00, 0.00, 90.00, 0, 0
2.00, 5.70, 21.66, 21.66, -474.12, 20.00, 4.63, 8.89, 3.64, 0.00, 0.00, 0.00, 0.00, 90.00, 0, 0
2.00, 5.70, 21.53, 21.53, -542.77, 20.00, 4.63, 8.33, 3.03, 0.00, 0.00, 0.00, 0.00, 90.00, 0, 0
2.00, 5.70, 21.39, 21.39, -636.44, 20.00, 4.63, 7.22, 2.06, 0.00, 0.00, 0.00, 0.00, 90.00, 0, 0
2.00, 5.70, 21.26, 21.26, -702.09, 20.00, 4.63, 6.67, 1.46, 0.00, 0.00, 0.00, 0.00, 90.00, 0, 0
2.00, 5.70, 21.14, 21.14, -757.71, 20.00, 4.63, 6.11, 0.97, 0.00, 0.00, 0.00, 0.00, 90.00, 0, 0
2.00, 5.70, 21.04, 21.04, -789.43, 20.00, 4.63, 6.11, 0.97, 0.00, 6.57, 0.00, -81.85, 88.82, 0, 0
2.00, 5.70, 21.03, 21.03, -635.32, 20.00, 4.63, 8.33, 3.15, 0.00, 46.27, 0.00, -71.73, 77.76, 0, 0
2.00, 5.70, 21.11, 21.11, -428.54, 20.00, 4.63, 10.56, 5.47, 0.00, 89.99, 0.00, -60.47, 67.36, 0, 0
2.00, 5.70, 21.28, 21.28, -166.42, 20.00, 4.63, 13.33, 8.28, 0.00, 113.19, 0.00, -47.20, 58.18, 0, 0
2.00, 5.70, 21.52, 21.52, 119.28, 20.00, 4.63, 16.11, 10.99, 0.00, 133.90, 0.00, -31.10, 50.98, 0, 0
2.00, 5.70, 21.81, 21.81, 420.41, 20.00, 4.63, 18.33, 13.22, 0.00, 142.92, 0.00, -12.02, 46.78, 0, 0
2.00, 5.70, 22.04, 22.04, 459.97, 20.00, 4.63, 19.44, 14.34, 0.00, 140.84, 0.00, 8.58, 46.43, 0, 0
2.00, 5.70, 22.30, 22.30, 682.08, 20.00, 4.63, 20.56, 15.32, 0.00, 132.84, 0.00, 28.06, 50.03, 0, 0
2.00, 5.70, 22.50, 22.50, 718.30, 20.00, 4.63, 20.56, 15.45, 0.00, 109.66, 0.00, 44.69, 56.79, 0, 0
2.00, 5.70, 22.60, 22.60, 601.52, 20.00, 4.63, 20.00, 14.83, 0.00, 78.57, 0.00, 58.39, 65.71, 0, 0
2.00, 5.70, 22.63, 22.63, 496.44, 20.00, 4.63, 18.89, 13.84, 0.00, 46.98, 0.00, 69.93, 75.94, 0, 0
2.00, 5.70, 22.68, 22.68, 547.24, 20.00, 4.63, 17.22, 12.11, 0.00, 24.65, 0.00, 80.18, 86.92, 0, 0
2.00, 5.70, 22.70, 22.70, 464.93, 20.00, 4.63, 16.11, 11.12, 0.00, 1.64, 0.00, 0.00, 90.00, 0, 0
2.00, 5.70, 22.70, 22.70, 435.55, 20.00, 4.63, 15.56, 10.50, 0.00, 0.00, 0.00, 0.00, 90.00, 0, 0
2.00, 5.70, 22.70, 22.70, 405.48, 20.00, 4.63, 15.00, 9.88, 0.00, 0.00, 0.00, 0.00, 90.00, 0, 0
2.00, 5.70, 22.61, 22.61, 184.43, 20.00, 4.63, 13.89, 8.90, 0.00, 0.00, 0.00, 0.00, 90.00, 0, 0
2.00, 5.70, 22.45, 22.45, -47.09, 20.00, 4.63, 13.33, 8.28, 0.00, 0.00, 0.00, 0.00, 90.00, 0, 0
2.00, 5.70, 22.29, 22.29, -154.53, 20.00, 4.63, 12.22, 7.18, 0.00, 0.00, 0.00, 0.00, 90.00, 0, 0
2.00, 5.70, 22.16, 22.16, -228.75, 20.00, 4.63, 11.67, 6.57, 0.00, 0.00, 0.00, 0.00, 90.00, 0, 0
2.00, 5.70, 22.03, 22.03, -297.12, 20.00, 4.63, 11.11, 5.96, 0.00, 0.00, 0.00, 0.00, 90.00, 0, 0
2.00, 5.70, 21.90, 21.90, -389.27, 20.00, 4.63, 10.00, 4.86, 0.00, 0.00, 0.00, 0.00, 90.00, 0, 0
2.00, 5.70, 21.79, 21.79, -453.09, 20.00, 4.63, 9.44, 4.37, 0.00, 0.00, 0.00, 0.00, 90.00, 0, 0
2.00, 5.70, 21.66, 21.66, -542.62, 20.00, 4.63, 8.33, 3.27, 0.00, 0.00, 0.00, 0.00, 90.00, 0, 0
2.00, 5.70, 21.54, 21.54, -597.62, 20.00, 4.63, 7.78, 2.78, 0.00, 0.00, 0.00, 0.00, 90.00, 0, 0
2.00, 5.70, 21.46, 21.46, -591.42, 20.00, 4.63, 8.33, 3.38, 0.00, 11.50, 0.00, -81.50, 89.02, 0, 0
2.00, 5.70, 21.47, 21.47, -432.09, 20.00, 4.63, 10.56, 5.58, 0.00, 42.67, 0.00, -71.38, 77.97, 0, 0
2.00, 5.70, 21.56, 21.56, -239.77, 20.00, 4.63, 12.78, 7.79, 0.00, 81.75, 0.00, -60.12, 67.61, 0, 0
2.00, 5.70, 21.71, 21.71, -18.68, 20.00, 4.63, 15.00, 10.00, 0.00, 120.60, 0.00, -46.86, 58.46, 0, 0
2.00, 5.70, 21.93, 21.93, 230.55, 20.00, 4.63, 17.22, 12.23, 0.00, 144.87, 0.00, -30.81, 51.31, 0, 0
2.00, 5.70, 22.18, 22.18, 459.54, 20.00, 4.63, 18.89, 13.84, 0.00, 155.28, 0.00, -11.83, 47.15, 0, 0
2.00, 5.70, 22.40, 22.40, 560.57, 20.00, 4.63, 20.56, 15.45, 0.00, 153.15, 0.00, 8.62, 46.83, 0, 0
2.00, 5.70, 22.66, 22.66, 792.70, 20.00, 4.63, 21.67, 16.58, 0.00, 143.28, 0.00, 27.97, 50.42, 0, 0
2.00, 5.70, 22.84, 22.84, 776.93, 20.00, 4.63, 21.67, 16.58, 0.00, 132.47, 0.00, 44.52, 57.17, 0, 0
2.00, 5.70, 22.94, 22.94, 707.73, 20.00, 4.63, 21.11, 16.08, 0.00, 92.21, 0.00, 58.18, 66.06, 0, 0
2.00, 5.70, 22.98, 22.98, 597.55, 20.00, 4.63, 20.00, 14.96, 0.00, 52.53, 0.00, 69.69, 76.27, 0, 0
2.00, 5.70, 23.03, 23.03, 650.12, 20.00, 4.63, 18.33, 13.34, 0.00, 18.07, 0.00, 79.94, 87.24, 0, 0
2.00, 5.70, 23.05, 23.05, 579.29, 20.00, 4.63, 17.22, 12.23, 0.00, 1.64, 0.00, 0.00, 90.00, 0, 0
2.00, 5.70, 23.07, 23.07, 552.56, 20.00, 4.63, 16.67, 11.73, 0.00, 0.00, 0.00, 0.00, 90.00, 0, 0
2.00, 5.70, 23.06, 23.06, 498.07, 20.00, 4.63, 15.56, 10.62, 0.00, 0.00, 0.00, 0.00, 90.00, 0, 0
2.00, 5.70, 22.97, 22.97, 303.96, 20.00, 4.63, 15.00, 10.00, 0.00, 0.00, 0.00, 0.00, 90.00, 0, 0
2.00, 5.70, 22.81, 22.81, 47.57, 20.00, 4.63, 13.89, 8.90, 0.00, 0.00, 0.00, 0.00, 90.00, 0, 0
2.00, 5.70, 22.66, 22.66, -32.73, 20.00, 4.63, 13.33, 8.40, 0.00, 0.00, 0.00, 0.00, 90.00, 0, 0
2.00, 5.70, 22.52, 22.52, -132.22, 20.00, 4.63, 12.22, 7.29, 0.00, 0.00, 0.00, 0.00, 90.00, 0, 0
2.00, 5.70, 22.39, 22.39, -201.11, 20.00, 4.63, 11.67, 6.68, 0.00, 0.00, 0.00, 0.00, 90.00, 0, 0
2.00, 5.70, 22.28, 22.28, -265.73, 20.00, 4.63, 11.11, 6.08, 0.00, 0.00, 0.00, 0.00, 90.00, 0, 0
2.00, 5.70, 22.15, 22.15, -355.13, 20.00, 4.63, 10.00, 5.09, 0.00, 0.00, 0.00, 0.00, 90.00, 0, 0
2.00, 5.70, 22.04, 22.04, -417.11, 20.00, 4.63, 9.44, 4.48, 0.00, 0.00, 0.00, 0.00, 90.00, 0, 0
2.00, 5.70, 21.97, 21.97, -390.51, 20.00, 4.63, 8.89, 3.88, 0.00, 0.00, 0.00, 0.00, 90.00, 0, 0
2.00, 5.70, 21.90, 21.90, -403.57, 20.00, 4.63, 8.89, 3.99, 0.00, 8.22, 0.00, -81.15, 89.22, 0, 0
2.00, 5.70, 21.93, 21.93, -235.49, 20.00, 4.63, 11.11, 6.19, 0.00, 44.84, 0.00, -71.04, 78.19, 0, 0
2.00, 5.70, 22.02, 22.02, -73.51, 20.00, 4.63, 12.78, 7.90, 0.00, 88.78, 0.00, -59.78, 67.85, 0, 0
2.00, 5.70, 22.20, 22.20, 201.87, 20.00, 4.63, 15.56, 10.62, 0.00, 125.31, 0.00, -46.54, 58.74, 0, 0
2.00, 5.70, 22.41, 22.41, 385.14, 20.00, 4.63, 17.22, 12.34, 0.00, 155.43, 0.00, -30.52, 51.64, 0, 0
2.00, 5.70, 22.65, 22.65, 606.08, 20.00, 4.63, 18.89, 13.96, 0.00, 170.03, 0.00, -11.65, 47.53, 0, 0
2.00, 5.70, 22.86, 22.86, 701.84, 20.00, 4.63, 20.00, 15.08, 0.00, 155.67, 0.00, 8.66, 47.23, 0, 0
2.00, 5.70, 23.09, 23.09, 871.55, 20.00, 4.63, 21.11, 16.20, 0.00, 143.73, 0.00, 27.89, 50.81, 0, 0
2.00, 5.70, 23.30, 23.30, 947.14, 20.00, 4.63, 21.11, 16.20, 0.00, 109.70, 0.00, 44.35, 57.54, 0, 0
2.00, 5.70, 23.40, 23.40, 851.95, 20.00, 4.63, 21.11, 16.20, 0.00, 87.41, 0.00, 57.96, 66.40, 0, 0
2.00, 5.70, 23.42, 23.42, 702.98, 20.00, 4.63, 19.44, 14.58, 0.00, 48.24, 0.00, 69.46, 76.60, 0, 0
2.00, 5.70, 23.48, 23.48, 796.18, 20.00, 4.63, 18.33, 13.46, 0.00, 16.43, 0.00, 79.69, 87.55, 0, 0
2.00, 5.70, 23.51, 23.51, 730.60, 20.00, 4.63, 17.22, 12.45, 0.00, 1.64, 0.00, 0.00, 90.00, 0, 0
2.00, 5.70, 23.53, 23.53, 706.45, 20.00, 4.63, 16.67, 11.84, 0.00, 0.00, 0.00, 0.00, 90.00, 0, 0
2.00, 5.70, 23.54, 23.54, 681.22, 20.00, 4.63, 16.11, 11.34, 0.00, 0.00, 0.00, 0.00, 90.00, 0, 0
2.00, 5.70, 23.45, 23.45, 438.41, 20.00, 4.63, 15.56, 10.73, 0.00, 0.00, 0.00, 0.00, 90.00, 0, 0
2.00, 5.70, 23.29, 23.29, 204.76, 20.00, 4.63, 15.00, 10.12, 0.00, 0.00, 0.00, 0.00, 90.00, 0, 0
2.00, 5.70, 23.14, 23.14, 96.31, 20.00, 4.63, 13.89, 9.11, 0.00, 0.00, 0.00, 0.00, 90.00, 0, 0
2.00, 5.70, 23.00, 23.00, 21.30, 20.00, 4.63, 13.33, 8.51, 0.00, 0.00, 0.00, 0.00, 90.00, 0, 0
2.00, 5.70, 22.88, 22.88, -47.47, 20.00, 4.63, 12.78, 7.90, 0.00, 0.00, 0.00, 0.00, 90.00, 0, 0
2.00, 5.70, 22.77, 22.77, -111.84, 20.00, 4.63, 12.22, 7.40, 0.00, 0.00, 0.00, 0.00, 90.00, 0, 0
2.00, 5.70, 22.66, 22.66, -173.22, 20.00, 4.63, 11.67, 6.79, 0.00, 0.00, 0.00, 0.00, 90.00, 0, 0
2.00, 5.70, 22.56, 22.56, -232.38, 20.00, 4.63, 11.11, 6.29, 0.00, 0.00, 0.00, 0.00, 90.00, 0, 0
2.00, 5.70, 22.50, 22.50, -203.36, 20.00, 4.63, 10.56, 5.79, 0.00, 0.00, 0.00, 0.00, 90.00, 0, 0
2.00, 5.70, 22.46, 22.46, -180.38, 20.00, 4.63, 11.11, 6.39, 0.00, 11.50, 0.00, -80.81, 89.42, 0, 0
2.00, 5.70, 22.51, 22.51, 1.63, 20.00, 4.63, 13.33, 8.61, 0.00, 51.98, 0.00, -70.70, 78.40, 0, 0
2.00, 5.70, 22.63, 22.63, 195.17, 20.00, 4.63, 15.56, 10.83, 0.00, 88.68, 0.00, -59.45, 68.09, 0, 0
2.00, 5.70, 22.82, 22.82, 433.26, 20.00, 4.63, 17.78, 13.06, 0.00, 124.82, 0.00, -46.21, 59.02, 0, 0
2.00, 5.70, 23.02, 23.02, 594.58, 20.00, 4.63, 18.89, 14.18, 0.00, 159.09, 0.00, -30.25, 51.97, 0, 0
2.00, 5.70, 23.23, 23.23, 741.35, 20.00, 4.63, 20.00, 15.30, 0.00, 174.68, 0.00, -11.47, 47.90, 0, 0
2.00, 5.70, 23.39, 23.39, 769.41, 20.00, 4.63, 20.56, 15.81, 0.00, 165.55, 0.00, 8.70, 47.62, 0, 0
2.00, 5.70, 23.52, 23.52, 802.18, 20.00, 4.63, 20.56, 15.81, 0.00, 152.14, 0.00, 27.80, 51.20, 0, 0
2.00, 5.70, 23.63, 23.63, 805.80, 20.00, 4.63, 20.56, 15.81, 0.00, 126.58, 0.00, 44.18, 57.90, 0, 0
2.00, 5.70, 23.63, 23.63, 642.88, 20.00, 4.63, 19.44, 14.79, 0.00, 65.37, 0.00, 57.75, 66.75, 0, 0
2.00, 5.70, 23.64, 23.64, 626.81, 20.00, 4.63, 18.33, 13.67, 0.00, 41.00, 0.00, 69.23, 76.92, 0, 0
2.00, 5.70, 23.70, 23.70, 740.21, 20.00, 4.63, 17.22, 12.55, 0.00, 13.14, 0.00, 79.45, 87.86, 0, 0
2.00, 5.70, 23.74, 23.74, 713.31, 20.00, 4.63, 16.67, 12.04, 0.00, 0.00, 0.00, 0.00, 90.00, 0, 0
2.00, 5.70, 23.78, 23.78, 722.19, 20.00, 4.63, 16.67, 12.04, 0.00, 0.00, 0.00, 0.00, 90.00, 0, 0
2.00, 5.70, 23.81, 23.81, 703.97, 20.00, 4.63, 16.11, 11.53, 0.00, 0.00, 0.00, 0.00, 90.00, 0, 0
2.00, 5.70, 23.73, 23.73, 466.34, 20.00, 4.63, 15.56, 11.02, 0.00, 0.00, 0.00, 0.00, 90.00, 0, 0
2.00, 5.70, 23.59, 23.59, 263.58, 20.00, 4.63, 15.56, 10.93, 0.00, 0.00, 0.00, 0.00, 90.00, 0, 0
2.00, 5.70, 23.46, 23.46, 187.58, 20.00, 4.63, 15.00, 10.42, 0.00, 0.00, 0.00, 0.00, 90.00, 0, 0
2.00, 5.70, 23.36, 23.36, 146.16, 20.00, 4.63, 15.00, 10.32, 0.00, 0.00, 0.00, 0.00, 90.00, 0, 0
2.00, 5.70, 23.27, 23.27, 85.00, 20.00, 4.63, 14.44, 9.82, 0.00, 0.00, 0.00, 0.00, 90.00, 0, 0
2.00, 5.70, 23.19, 23.19, 54.09, 20.00, 4.63, 14.44, 9.82, 0.00, 0.00, 0.00, 0.00, 90.00, 0, 0
2.00, 5.70, 23.11, 23.11, 0.47, 20.00, 4.63, 13.89, 9.31, 0.00, 0.00, 0.00, 0.00, 90.00, 0, 0
2.00, 5.70, 23.04, 23.04, -24.81, 20.00, 4.63, 13.89, 9.31, 0.00, 0.00, 0.00, 0.00, 90.00, 0, 0
2.00, 5.70, 22.98, 22.98, -39.89, 20.00, 4.63, 13.89, 9.31, 0.00, 0.00, 0.00, 0.00, 90.00, 0, 0
2.00, 5.70, 22.93, 22.93, -58.57, 20.00, 4.63, 13.89, 9.40, 0.00, 0.00, 0.00, -80.48, 89.62, 0, 0
2.00, 5.70, 22.89, 22.89, -68.40, 20.00, 4.63, 13.89, 9.40, 0.00, 8.22, 0.00, -70.37, 78.62, 0, 0
2.00, 5.70, 22.87, 22.87, -39.76, 20.00, 4.63, 14.44, 9.91, 0.00, 18.07, 0.00, -59.12, 68.34, 0, 0
2.00, 5.70, 22.86, 22.86, -34.65, 20.00, 4.63, 14.44, 10.00, 0.00, 26.29, 0.00, -45.90, 59.31, 0, 0
2.00, 5.70, 22.86, 22.86, 2.85, 20.00, 4.63, 15.00, 10.51, 0.00, 36.15, 0.00, -29.98, 52.30, 0, 0
2.00, 5.70, 22.86, 22.86, 0.24, 20.00, 4.63, 15.00, 10.51, 0.00, 34.50, 0.00, -11.30, 48.27, 0, 0
2.00, 5.70, 22.86, 22.86, 5.88, 20.00, 4.63, 15.00, 10.51, 0.00, 39.43, 0.00, 8.74, 48.02, 0, 0
2.00, 5.70, 22.88, 22.88, 53.70, 20.00, 4.63, 15.56, 11.02, 0.00, 36.15, 0.00, 27.71, 51.59, 0, 0
2.00, 5.70, 22.89, 22.89, 54.77, 20.00, 4.63, 15.56, 11.11, 0.00, 34.50, 0.00, 44.00, 58.27, 0, 0
2.00, 5.70, 22.89, 22.89, 30.81, 20.00, 4.63, 15.56, 11.11, 0.00, 18.07, 0.00, 57.54, 67.09, 0, 0
2.00, 5.70, 22.90, 22.90, 67.23, 20.00, 4.63, 15.00, 10.51, 0.00, 6.57, 0.00, 69.00, 77.24, 0, 0
2.00, 5.70, 23.01, 23.01, 281.02, 20.00, 4.63, 15.00, 10.60, 0.00, 0.00, 0.00, 79.21, 88.17, 0, 0
2.00, 5.70, 23.08, 23.08, 287.20, 20.00, 4.63, 14.44, 10.08, 0.00, 0.00, 0.00, 0.00, 90.00, 0, 0
2.00, 5.70, 23.14, 23.14, 311.12, 20.00, 4.63, 14.44, 10.08, 0.00, 0.00, 0.00, 0.00, 90.00, 0, 0
2.00, 5.70, 23.20, 23.20, 330.64, 20.00, 4.63, 14.44, 10.08, 0.00, 0.00, 0.00, 0.00, 90.00, 0, 0
2.00, 5.70, 23.17, 23.17, 183.21, 20.00, 4.63, 14.44, 10.08, 0.00, 0.00, 0.00, 0.00, 90.00, 0, 0
2.00, 5.70, 23.07, 23.07, -1.53, 20.00, 4.63, 14.44, 10.08, 0.00, 0.00, 0.00, 0.00, 90.00, 0, 0
2.00, 5.70, 22.98, 22.98, -36.55, 20.00, 4.63, 14.44, 10.00, 0.00, 0.00, 0.00, 0.00, 90.00, 0, 0
2.00, 5.70, 22.92, 22.92, -64.45, 20.00, 4.63, 14.44, 10.00, 0.00, 0.00, 0.00, 0.00, 90.00, 0, 0
2.00, 5.70, 22.86, 22.86, -87.54, 20.00, 4.63, 14.44, 10.00, 0.00, 0.00, 0.00, 0.00, 90.00, 0, 0
2.00, 5.70, 22.81, 22.81, -107.12, 20.00, 4.63, 14.44, 10.00, 0.00, 0.00, 0.00, 0.00, 90.00, 0, 0
2.00, 5.70, 22.76, 22.76, -124.06, 20.00, 4.63, 14.44, 10.00, 0.00, 0.00, 0.00, 0.00, 90.00, 0, 0
2.00, 5.70, 22.71, 22.71, -166.21, 20.00, 4.63, 13.89, 9.48, 0.00, 0.00, 0.00, 0.00, 90.00, 0, 0
2.00, 5.70, 22.66, 22.66, -174.66, 20.00, 4.63, 13.89, 9.57, 0.00, 0.00, 0.00, 0.00, 90.00, 0, 0
2.00, 5.70, 22.64, 22.64, -162.80, 20.00, 4.63, 14.44, 10.08, 0.00, 1.64, 0.00, -80.14, 89.82, 0, 0
2.00, 5.70, 22.63, 22.63, -114.83, 20.00, 4.63, 15.00, 10.68, 0.00, 21.36, 0.00, -70.04, 78.84, 0, 0
2.00, 5.70, 22.62, 22.62, -135.69, 20.00, 4.63, 15.00, 10.68, 0.00, 8.22, 0.00, -58.79, 68.58, 0, 0
2.00, 5.70, 22.64, 22.64, -61.13, 20.00, 4.63, 15.56, 11.28, 0.00, 42.72, 0.00, -45.59, 59.59, 0, 0
2.00, 5.70, 22.69, 22.69, 27.43, 20.00, 4.63, 16.11, 11.80, 0.00, 77.22, 0.00, -29.71, 52.63, 0, 0
2.00, 5.70, 22.79, 22.79, 170.30, 20.00, 4.63, 17.22, 12.92, 0.00, 118.21, 0.00, -11.13, 48.64, 0, 0
2.00, 5.70, 22.87, 22.87, 198.10, 20.00, 4.63, 17.78, 13.52, 0.00, 99.38, 0.00, 8.77, 48.41, 0, 0
2.00, 5.70, 22.96, 22.96, 289.73, 20.00, 4.63, 18.33, 14.04, 0.00, 106.19, 0.00, 27.61, 51.97, 0, 0
2.00, 5.70, 23.01, 23.01, 238.82, 20.00, 4.63, 18.33, 14.04, 0.00, 57.51, 0.00, 43.83, 58.63, 0, 0
2.00, 5.70, 23.03, 23.03, 230.87, 20.00, 4.63, 18.33, 14.04, 0.00, 47.65, 0.00, 57.33, 67.43, 0, 0
2.00, 5.70, 23.06, 23.06, 241.19, 20.00, 4.63, 17.78, 13.52, 0.00, 13.14, 0.00, 68.77, 77.56, 0, 0
2.00, 5.70, 23.17, 23.17, 424.22, 20.00, 4.63, 17.22, 13.00, 0.00, 6.57, 0.00, 78.97, 88.48, 0, 0
2.00, 5.70, 23.25, 23.25, 449.78, 20.00, 4.63, 17.22, 13.00, 0.00, 0.00, 0.00, 0.00, 90.00, 0, 0
2.00, 5.70, 23.32, 23.32, 474.89, 20.00, 4.63, 17.22, 13.00, 0.00, 0.00, 0.00, 0.00, 90.00, 0, 0
2.00, 5.70, 23.39, 23.39, 496.32, 20.00, 4.63, 17.22, 13.00, 0.00, 0.00, 0.00, 0.00, 90.00, 0, 0
2.00, 5.70, 23.37, 23.37, 351.30, 20.00, 4.63, 17.22, 13.00, 0.00, 0.00, 0.00, 0.00, 90.00, 0, 0
2.00, 5.70, 23.28, 23.28, 169.33, 20.00, 4.63, 17.22, 13.00, 0.00, 0.00, 0.00, 0.00, 90.00, 0, 0
2.00, 5.70, 23.21, 23.21, 137.39, 20.00, 4.63, 17.22, 13.00, 0.00, 0.00, 0.00, 0.00, 90.00, 0, 0
2.00, 5.70, 23.15, 23.15, 112.62, 20.00, 4.63, 17.22, 12.92, 0.00, 0.00, 0.00, 0.00, 90.00, 0, 0
2.00, 5.70, 23.11, 23.11, 92.81, 20.00, 4.63, 17.22, 12.92, 0.00, 0.00, 0.00, 0.00, 90.00, 0, 0
2.00, 5.70, 23.07, 23.07, 76.58, 20.00, 4.63, 17.22, 12.92, 0.00, 0.00, 0.00, 0.00, 90.00, 0, 0
2.00, 5.70, 23.03, 23.03, 63.07, 20.00, 4.63, 17.22, 13.00, 0.00, 0.00, 0.00, 0.00, 90.00, 0, 0
2.00, 5.70, 23.00, 23.00, 51.53, 20.00, 4.63, 17.22, 13.00, 0.00, 0.00, 0.00, 0.00, 90.00, 0, 0
2.00, 5.70, 22.98, 22.98, 48.66, 20.00, 4.63, 17.22, 13.00, 0.00, 0.00, 0.00, 0.00, 90.00, 0, 0
2.00, 5.70, 22.96, 22.96, 41.03, 20.00, 4.63, 17.22, 13.08, 0.00, 0.00, 0.00, 0.00, 90.00, 0, 0
2.00, 5.70, 22.94, 22.94, 35.76, 20.00, 4.63, 17.22, 13.08, 0.00, 3.29, 0.00, -69.71, 79.05, 0, 0
2.00, 5.70, 22.96, 22.96, 94.99, 20.00, 4.63, 17.78, 13.68, 0.00, 27.93, 0.00, -58.47, 68.83, 0, 0
2.00, 5.70, 23.01, 23.01, 202.22, 20.00, 4.63, 18.89, 14.72, 0.00, 59.15, 0.00, -45.28, 59.88, 0, 0
2.00, 5.70, 23.07, 23.07, 250.28, 20.00, 4.63, 19.44, 15.32, 0.00, 60.79, 0.00, -29.45, 52.96, 0, 0
2.00, 5.70, 23.15, 23.15, 317.51, 20.00, 4.63, 20.00, 15.84, 0.00, 75.58, 0.00, -10.96, 49.01, 0, 0
2.00, 5.70, 23.18, 23.18, 288.60, 20.00, 4.63, 20.00, 15.84, 0.00, 42.72, 0.00, 8.80, 48.79, 0, 0
2.00, 5.70, 23.25, 23.25, 383.04, 20.00, 4.63, 20.00, 15.84, 0.00, 81.38, 0.00, 27.52, 52.36, 0, 0
2.00, 5.70, 23.35, 23.35, 480.36, 20.00, 4.63, 20.56, 16.37, 0.00, 104.56, 0.00, 43.66, 58.99, 0, 0
2.00, 5.70, 23.39, 23.39, 415.64, 20.00, 4.63, 20.56, 16.37, 0.00, 48.81, 0.00, 57.12, 67.76, 0, 0
2.00, 5.70, 23.43, 23.43, 448.12, 20.00, 4.63, 20.56, 16.37, 0.00, 9.86, 0.00, 68.54, 77.88, 0, 0
2.00, 5.70, 23.55, 23.55, 635.12, 20.00, 4.63, 20.00, 15.84, 0.00, 3.29, 0.00, 78.72, 88.78, 0, 0
2.00, 5.70, 23.64, 23.64, 641.00, 20.00, 4.63, 19.44, 15.32, 0.00, 0.00, 0.00, 0.00, 90.00, 0, 0
2.00, 5.70, 23.72, 23.72, 667.74, 20.00, 4.63, 19.44, 15.32, 0.00, 0.00, 0.00, 0.00, 90.00, 0, 0
2.00, 5.70, 23.79, 23.79, 690.95, 20.00, 4.63, 19.44, 15.32, 0.00, 0.00, 0.00, 0.00, 90.00, 0, 0
2.00, 5.70, 23.77, 23.77, 521.30, 20.00, 4.63, 18.89, 14.80, 0.00, 0.00, 0.00, 0.00, 90.00, 0, 0
2.00, 5.70, 23.68, 23.68, 338.90, 20.00, 4.63, 18.89, 14.72, 0.00, 0.00, 0.00, 0.00, 90.00, 0, 0
2.00, 5.70, 23.61, 23.61, 307.03, 20.00, 4.63, 18.89, 14.72, 0.00, 0.00, 0.00, 0.00, 90.00, 0, 0
2.00, 5.70, 23.54, 23.54, 256.10, 20.00, 4.63, 18.33, 14.20, 0.00, 0.00, 0.00, 0.00, 90.00, 0, 0
2.00, 5.70, 23.48, 23.48, 234.53, 20.00, 4.63, 18.33, 14.12, 0.00, 0.00, 0.00, 0.00, 90.00, 0, 0
2.00, 5.70, 23.43, 23.43, 190.52, 20.00, 4.63, 17.78, 13.60, 0.00, 0.00, 0.00, 0.00, 90.00, 0, 0
2.00, 5.70, 23.38, 23.38, 173.93, 20.00, 4.63, 17.78, 13.60, 0.00, 0.00, 0.00, 0.00, 90.00, 0, 0
2.00, 5.70, 23.33, 23.33, 133.36, 20.00, 4.63, 17.22, 13.08, 0.00, 0.00, 0.00, 0.00, 90.00, 0, 0
2.00, 5.70, 23.30, 23.30, 126.39, 20.00, 4.63, 17.22, 13.08, 0.00, 0.00, 0.00, 0.00, 90.00, 0, 0
2.00, 5.70, 23.27, 23.27, 114.54, 20.00, 4.63, 17.22, 13.08, 0.00, 1.64, 0.00, 0.00, 90.00, 0, 0
2.00, 5.70, 23.29, 23.29, 210.10, 20.00, 4.63, 18.33, 14.20, 0.00, 34.26, 0.00, -69.39, 79.27, 0, 0
2.00, 5.70, 23.33, 23.33, 285.50, 20.00, 4.63, 19.44, 15.32, 0.00, 44.36, 0.00, -58.15, 69.07, 0, 0
2.00, 5.70, 23.43, 23.43, 429.93, 20.00, 4.63, 20.56, 16.37, 0.00, 93.79, 0.00, -44.98, 60.16, 0, 0
2.00, 5.70, 23.55, 23.55, 552.51, 20.00, 4.63, 21.67, 17.49, 0.00, 117.04, 0.00, -29.20, 53.28, 0, 0
2.00, 5.70, 23.66, 23.66, 604.18, 20.00, 4.63, 22.22, 18.01, 0.00, 109.25, 0.00, -10.81, 49.38, 0, 0
2.00, 5.70, 23.74, 23.74, 592.79, 20.00, 4.63, 22.22, 18.01, 0.00, 82.97, 0.00, 8.83, 49.18, 0, 0
2.00, 5.70, 23.84, 23.84, 701.37, 20.00, 4.63, 22.78, 18.53, 0.00, 105.37, 0.00, 27.43, 52.73, 0, 0
2.00, 5.70, 23.91, 23.91, 687.42, 20.00, 4.63, 22.78, 18.53, 0.00, 78.22, 0.00, 43.50, 59.35, 0, 0
2.00, 5.70, 23.98, 23.98, 721.59, 20.00, 4.63, 22.78, 18.53, 0.00, 78.79, 0.00, 56.91, 68.10, 0, 0
2.00, 5.70, 24.03, 24.03, 702.32, 20.00, 4.63, 22.22, 17.92, 0.00, 25.51, 0.00, 68.31, 78.19, 0, 0
2.00, 5.70, 24.14, 24.14, 862.47, 20.00, 4.63, 21.67, 17.41, 0.00, 1.64, 0.00, 78.48, 89.08, 0, 0
2.00, 5.70, 24.22, 24.22, 865.02, 20.00, 4.63, 21.11, 16.80, 0.00, 0.00, 0.00, 0.00, 90.00, 0, 0
2.00, 5.70, 24.27, 24.27, 835.99, 20.00, 4.63, 20.00, 15.76, 0.00, 0.00, 0.00, 0.00, 90.00, 0, 0
2.00, 5.70, 24.31, 24.31, 825.96, 20.00, 4.63, 19.44, 15.16, 0.00, 0.00, 0.00, 0.00, 90.00, 0, 0
2.00, 5.70, 24.27, 24.27, 648.77, 20.00, 4.63, 18.89, 14.56, 0.00, 0.00, 0.00, 0.00, 90.00, 0, 0
2.00, 5.70, 24.14, 24.14, 433.81, 20.00, 4.63, 18.33, 13.95, 0.00, 0.00, 0.00, 0.00, 90.00, 0, 0
2.00, 5.70, 24.04, 24.04, 368.01, 20.00, 4.63, 17.78, 13.35, 0.00, 0.00, 0.00, 0.00, 90.00, 0, 0
2.00, 5.70, 23.93, 23.93, 281.84, 20.00, 4.63, 16.67, 12.32, 0.00, 0.00, 0.00, 0.00, 90.00, 0, 0
2.00, 5.70, 23.83, 23.83, 224.14, 20.00, 4.63, 16.11, 11.71, 0.00, 0.00, 0.00, 0.00, 90.00, 0, 0
2.00, 5.70, 23.73, 23.73, 142.56, 20.00, 4.63, 15.00, 10.60, 0.00, 0.00, 0.00, 0.00, 90.00, 0, 0
2.00, 5.70, 23.63, 23.63, 87.77, 20.00, 4.63, 14.44, 10.00, 0.00, 0.00, 0.00, 0.00, 90.00, 0, 0
2.00, 5.70, 23.54, 23.54, 34.82, 20.00, 4.63, 13.89, 9.40, 0.00, 0.00, 0.00, 0.00, 90.00, 0, 0
2.00, 5.70, 23.44, 23.44, -37.26, 20.00, 4.63, 12.78, 8.29, 0.00, 0.00, 0.00, 0.00, 90.00, 0, 0
2.00, 5.70, 23.37, 23.37, -32.86, 20.00, 4.63, 13.33, 8.80, 0.00, 4.93, 0.00, 0.00, 90.00, 0, 0
2.00, 5.70, 23.40, 23.40, 147.77, 20.00, 4.63, 15.56, 11.11, 0.00, 52.18, 0.00, -69.07, 79.49, 0, 0
2.00, 5.70, 23.44, 23.44, 195.77, 20.00, 4.63, 16.11, 11.63, 0.00, 66.48, 0.00, -57.84, 69.32, 0, 0
2.00, 5.70, 23.54, 23.54, 373.38, 20.00, 4.63, 17.78, 13.26, 0.00, 114.76, 0.00, -44.68, 60.44, 0, 0
2.00, 5.70, 23.70, 23.70, 567.22, 20.00, 4.63, 19.44, 14.89, 0.00, 148.09, 0.00, -28.95, 53.61, 0, 0
2.00, 5.70, 23.87, 23.87, 712.36, 20.00, 4.63, 20.56, 16.01, 0.00, 168.62, 0.00, -10.66, 49.74, 0, 0
2.00, 5.70, 24.02, 24.02, 765.37, 20.00, 4.63, 21.11, 16.52, 0.00, 164.34, 0.00, 8.85, 49.56, 0, 0
2.00, 5.70, 24.20, 24.20, 928.94, 20.00, 4.63, 22.22, 17.65, 0.00, 154.85, 0.00, 27.34, 53.11, 0, 0
2.00, 5.70, 24.33, 24.33, 934.01, 20.00, 4.63, 22.22, 17.65, 0.00, 127.57, 0.00, 43.33, 59.70, 0, 0
2.00, 5.70, 24.36, 24.36, 795.45, 20.00, 4.63, 21.67, 17.03, 0.00, 76.35, 0.00, 56.70, 68.42, 0, 0
2.00, 5.70, 24.38, 24.38, 763.32, 20.00, 4.63, 20.56, 15.91, 0.00, 39.19, 0.00, 68.08, 78.50, 0, 0
2.00, 5.70, 24.45, 24.45, 872.92, 20.00, 4.63, 19.44, 14.89, 0.00, 8.22, 0.00, 78.24, 89.38, 0, 0
2.00, 5.70, 24.50, 24.50, 852.84, 20.00, 4.63, 18.89, 14.28, 0.00, 0.00, 0.00, 0.00, 90.00, 0, 0
2.00, 5.70, 24.53, 24.53, 836.94, 20.00, 4.63, 18.33, 13.77, 0.00, 0.00, 0.00, 0.00, 90.00, 0, 0
2.00, 5.70, 24.54, 24.54, 791.46, 20.00, 4.63, 17.22, 12.65, 0.00, 0.00, 0.00, 0.00, 90.00, 0, 0
2.00, 5.70, 24.46, 24.46, 604.31, 20.00, 4.63, 16.67, 12.04, 0.00, 0.00, 0.00, 0.00, 90.00, 0, 0
2.00, 5.70, 24.31, 24.31, 353.78, 20.00, 4.63, 15.56, 10.93, 0.00, 0.00, 0.00, 0.00, 90.00, 0, 0
2.00, 5.70, 24.17, 24.17, 278.05, 20.00, 4.63, 15.00, 10.32, 0.00, 0.00, 0.00, 0.00, 90.00, 0, 0
2.00, 5.70, 24.05, 24.05, 209.90, 20.00, 4.63, 14.44, 9.72, 0.00, 0.00, 0.00, 0.00, 90.00, 0, 0
2.00, 5.70, 23.92, 23.92, 119.36, 20.00, 4.63, 13.33, 8.61, 0.00, 0.00, 0.00, 0.00, 90.00, 0, 0
2.00, 5.70, 23.81, 23.81, 57.22, 20.00, 4.63, 12.78, 8.10, 0.00, 0.00, 0.00, 0.00, 90.00, 0, 0
2.00, 5.70, 23.69, 23.69, -29.75, 20.00, 4.63, 11.67, 6.99, 0.00, 0.00, 0.00, 0.00, 90.00, 0, 0
2.00, 5.70, 23.57, 23.57, -89.65, 20.00, 4.63, 11.11, 6.39, 0.00, 0.00, 0.00, 0.00, 90.00, 0, 0
2.00, 5.70, 23.50, 23.50, -61.14, 20.00, 4.63, 10.56, 5.79, 0.00, 0.00, 0.00, 0.00, 90.00, 0, 0
2.00, 5.70, 23.44, 23.44, -76.84, 20.00, 4.63, 10.56, 5.79, 0.00, 4.93, 0.00, 0.00, 90.00, 0, 0
2.00, 5.70, 23.45, 23.45, 52.85, 20.00, 4.63, 12.22, 7.50, 0.00, 37.62, 0.00, -68.75, 79.71, 0, 0
2.00, 5.70, 23.54, 23.54, 244.92, 20.00, 4.63, 14.44, 9.72, 0.00, 82.57, 0.00, -57.53, 69.57, 0, 0
2.00, 5.70, 23.73, 23.73, 531.60, 20.00, 4.63, 17.22, 12.45, 0.00, 109.08, 0.00, -44.39, 60.73, 0, 0
2.00, 5.70, 23.98, 23.98, 802.30, 20.00, 4.63, 19.44, 14.69, 0.00, 109.21, 0.00, -28.71, 53.94, 0, 0
2.00, 5.70, 24.27, 24.27, 1078.66, 20.00, 4.63, 21.67, 16.82, 0.00, 135.76, 0.00, -10.51, 50.10, 0, 0
2.00, 5.70, 24.50, 24.50, 1112.38, 20.00, 4.63, 22.78, 17.94, 0.00, 151.76, 0.00, 8.87, 49.94, 0, 0
2.00, 5.70, 24.77, 24.77, 1357.62, 20.00, 4.63, 23.89, 19.07, 0.00, 126.84, 0.00, 27.24, 53.48, 0, 0
2.00, 5.70, 25.01, 25.01, 1453.49, 20.00, 4.63, 24.44, 19.57, 0.00, 95.80, 0.00, 43.16, 60.05, 0, 0
2.00, 5.70, 25.11, 25.11, 1281.36, 20.00, 4.63, 23.89, 19.07, 0.00, 87.58, 0.00, 56.49, 68.75, 0, 0
2.00, 5.70, 25.11, 25.11, 1112.52, 20.00, 4.63, 22.22, 17.44, 0.00, 34.61, 0.00, 67.85, 78.81, 0, 0
2.00, 5.70, 25.16, 25.16, 1181.65, 20.00, 4.63, 20.56, 15.81, 0.00, 4.93, 0.00, 78.00, 89.67, 0, 0
2.00, 5.70, 25.18, 25.18, 1128.79, 20.00, 4.63, 19.44, 14.69, 0.00, 0.00, 0.00, 0.00, 90.00, 0, 0
2.00, 5.70, 25.20, 25.20, 1103.98, 20.00, 4.63, 18.89, 14.07, 0.00, 0.00, 0.00, 0.00, 90.00, 0, 0
2.00, 5.70, 25.20, 25.20, 1052.37, 20.00, 4.63, 17.78, 13.06, 0.00, 0.00, 0.00, 0.00, 90.00, 0, 0
2.00, 5.70, 25.09, 25.09, 807.69, 20.00, 4.63, 17.22, 12.45, 0.00, 0.00, 0.00, 0.00, 90.00, 0, 0
2.00, 5.70, 24.92, 24.92, 572.81, 20.00, 4.63, 16.67, 11.84, 0.00, 0.00, 0.00, 0.00, 90.00, 0, 0
2.00, 5.70, 24.77, 24.77, 463.71, 20.00, 4.63, 15.56, 10.73, 0.00, 0.00, 0.00, 0.00, 90.00, 0, 0
2.00, 5.70, 24.63, 24.63, 388.14, 20.00, 4.63, 15.00, 10.12, 0.00, 0.00, 0.00, 0.00, 90.00, 0, 0
2.00, 5.70, 24.49, 24.49, 291.80, 20.00, 4.63, 13.89, 9.01, 0.00, 0.00, 0.00, 0.00, 90.00, 0, 0
2.00, 5.70, 24.35, 24.35, 197.41, 20.00, 4.63, 12.78, 7.90, 0.00, 0.00, 0.00, 0.00, 90.00, 0, 0
2.00, 5.70, 24.23, 24.23, 131.73, 20.00, 4.63, 12.22, 7.40, 0.00, 0.00, 0.00, 0.00, 90.00, 0, 0
2.00, 5.70, 24.09, 24.09, 41.31, 20.00, 4.63, 11.11, 6.29, 0.00, 0.00, 0.00, 0.00, 90.00, 0, 0
2.00, 5.70, 24.01, 24.01, 64.89, 20.00, 4.63, 10.56, 5.69, 0.00, 0.00, 0.00, 0.00, 90.00, 0, 0
2.00, 5.70, 23.94, 23.94, 44.85, 20.00, 4.63, 10.56, 5.69, 0.00, 0.00, 0.00, 0.00, 90.00, 0, 0
2.00, 5.70, 23.96, 23.96, 204.72, 20.00, 4.63, 12.78, 7.90, 0.00, 35.00, 0.00, -68.44, 79.93, 0, 0
2.00, 5.70, 24.05, 24.05, 405.36, 20.00, 4.63, 15.00, 10.22, 0.00, 67.39, 0.00, -57.22, 69.81, 0, 0
2.00, 5.70, 24.24, 24.24, 671.88, 20.00, 4.63, 17.78, 12.96, 0.00, 97.12, 0.00, -44.11, 61.01, 0, 0
2.00, 5.70, 24.48, 24.48, 933.83, 20.00, 4.63, 20.00, 15.19, 0.00, 126.62, 0.00, -28.47, 54.26, 0, 0
2.00, 5.70, 24.74, 24.74, 1136.59, 20.00, 4.63, 21.67, 16.82, 0.00, 146.02, 0.00, -10.37, 50.46, 0, 0
2.00, 5.70, 24.93, 24.93, 1157.34, 20.00, 4.63, 22.22, 17.32, 0.00, 164.22, 0.00, 8.89, 50.32, 0, 0
2.00, 5.70, 25.14, 25.14, 1310.52, 20.00, 4.63, 22.78, 17.94, 0.00, 132.29, 0.00, 27.15, 53.85, 0, 0
2.00, 5.70, 25.29, 25.29, 1320.42, 20.00, 4.63, 22.78, 17.94, 0.00, 113.61, 0.00, 42.99, 60.40, 0, 0
2.00, 5.70, 25.37, 25.37, 1222.65, 20.00, 4.63, 22.22, 17.32, 0.00, 74.55, 0.00, 56.28, 69.07, 0, 0
2.00, 5.70, 25.39, 25.39, 1132.31, 20.00, 4.63, 21.11, 16.31, 0.00, 38.44, 0.00, 67.62, 79.11, 0, 0
2.00, 5.70, 25.44, 25.44, 1176.37, 20.00, 4.63, 19.44, 14.69, 0.00, 3.29, 0.00, 77.75, 89.96, 0, 0
2.00, 5.70, 25.47, 25.47, 1152.22, 20.00, 4.63, 18.89, 14.07, 0.00, 0.00, 0.00, 0.00, 90.00, 0, 0
2.00, 5.70, 25.48, 25.48, 1102.60, 20.00, 4.63, 17.78, 13.06, 0.00, 0.00, 0.00, 0.00, 90.00, 0, 0
2.00, 5.70, 25.48, 25.48, 1076.04, 20.00, 4.63, 17.22, 12.45, 0.00, 0.00, 0.00, 0.00, 90.00, 0, 0
2.00, 5.70, 25.38, 25.38, 832.11, 20.00, 4.63, 16.67, 11.94, 0.00, 0.00, 0.00, 0.00, 90.00, 0, 0
2.00, 5.70, 25.20, 25.20, 570.30, 20.00, 4.63, 15.56, 10.73, 0.00, 0.00, 0.00, 0.00, 90.00, 0, 0
2.00, 5.70, 25.04, 25.04, 485.59, 20.00, 4.63, 15.00, 10.22, 0.00, 0.00, 0.00, 0.00, 90.00, 0, 0
2.00, 5.70, 24.91, 24.91, 409.95, 20.00, 4.63, 14.44, 9.62, 0.00, 0.00, 0.00, 0.00, 90.00, 0, 0
2.00, 5.70, 24.78, 24.78, 340.40, 20.00, 4.63, 13.89, 9.01, 0.00, 0.00, 0.00, 0.00, 90.00, 0, 0
2.00, 5.70, 24.65, 24.65, 247.78, 20.00, 4.63, 12.78, 8.00, 0.00, 0.00, 0.00, 0.00, 90.00, 0, 0
2.00, 5.70, 24.53, 24.53, 183.15, 20.00, 4.63, 12.22, 7.40, 0.00, 0.00, 0.00, 0.00, 90.00, 0, 0
2.00, 5.70, 24.41, 24.41, 121.19, 20.00, 4.63, 11.67, 6.90, 0.00, 0.00, 0.00, 0.00, 90.00, 0, 0
2.00, 5.70, 24.31, 24.31, 68.15, 20.00, 4.63, 11.11, 6.39, 0.00, 0.00, 0.00, 0.00, 90.00, 0, 0
2.00, 5.70, 24.21, 24.21, 38.06, 20.00, 4.63, 11.11, 6.39, 0.00, 0.00, 0.00, 0.00, 90.00, 0, 0
2.00, 5.70, 24.20, 24.20, 153.18, 20.00, 4.63, 12.78, 8.00, 0.00, 38.90, 0.00, -68.13, 80.15, 0, 0
2.00, 5.70, 24.26, 24.26, 335.58, 20.00, 4.63, 15.00, 10.22, 0.00, 76.37, 0.00, -56.93, 70.06, 0, 0
2.00, 5.70, 24.40, 24.40, 565.86, 20.00, 4.63, 17.22, 12.45, 0.00, 112.18, 0.00, -43.83, 61.29, 0, 0
2.00, 5.70, 24.62, 24.62, 833.72, 20.00, 4.63, 19.44, 14.69, 0.00, 131.68, 0.00, -28.24, 54.59, 0, 0
2.00, 5.70, 24.85, 24.85, 1021.68, 20.00, 4.63, 21.11, 16.31, 0.00, 149.40, 0.00, -10.23, 50.82, 0, 0
2.00, 5.70, 25.03, 25.03, 1074.59, 20.00, 4.63, 22.22, 17.32, 0.00, 161.26, 0.00, 8.90, 50.69, 0, 0
2.00, 5.70, 25.17, 25.17, 1085.20, 20.00, 4.63, 22.22, 17.32, 0.00, 139.39, 0.00, 27.05, 54.22, 0, 0
2.00, 5.70, 25.23, 25.23, 1004.05, 20.00, 4.63, 21.67, 16.82, 0.00, 103.07, 0.00, 42.82, 60.75, 0, 0
2.00, 5.70, 25.28, 25.28, 990.38, 20.00, 4.63, 21.11, 16.20, 0.00, 81.51, 0.00, 56.08, 69.39, 0, 0
2.00, 5.70, 25.29, 25.29, 931.92, 20.00, 4.63, 20.00, 15.19, 0.00, 37.79, 0.00, 67.39, 79.41, 0, 0
2.00, 5.70, 25.35, 25.35, 1015.84, 20.00, 4.63, 18.89, 14.07, 0.00, 1.64, 0.00, 0.00, 90.00, 0, 0
2.00, 5.70, 25.37, 25.37, 973.00, 20.00, 4.63, 17.78, 12.96, 0.00, 0.00, 0.00, 0.00, 90.00, 0, 0
2.00, 5.70, 25.38, 25.38, 951.29, 20.00, 4.63, 17.22, 12.34, 0.00, 0.00, 0.00, 0.00, 90.00, 0, 0
2.00, 5.70, 25.38, 25.38, 900.63, 20.00, 4.63, 16.11, 11.34, 0.00, 0.00, 0.00, 0.00, 90.00, 0, 0
2.00, 5.70, 25.29, 25.29, 708.85, 20.00, 4.63, 15.56, 10.73, 0.00, 0.00, 0.00, 0.00, 90.00, 0, 0
2.00, 5.70, 25.12, 25.12, 453.86, 20.00, 4.63, 14.44, 9.62, 0.00, 0.00, 0.00, 0.00, 90.00, 0, 0
2.00, 5.70, 24.97, 24.97, 374.09, 20.00, 4.63, 13.89, 9.01, 0.00, 0.00, 0.00, 0.00, 90.00, 0, 0
2.00, 5.70, 24.82, 24.82, 274.73, 20.00, 4.63, 12.78, 7.90, 0.00, 0.00, 0.00, 0.00, 90.00, 0, 0
2.00, 5.70, 24.69, 24.69, 205.49, 20.00, 4.63, 12.22, 7.29, 0.00, 0.00, 0.00, 0.00, 90.00, 0, 0
2.00, 5.70, 24.55, 24.55, 112.59, 20.00, 4.63, 11.11, 6.19, 0.00, 0.00, 0.00, 0.00, 90.00, 0, 0
2.00, 5.70, 24.41, 24.41, 19.87, 20.00, 4.63, 10.00, 5.09, 0.00, 0.00, 0.00, 0.00, 90.00, 0, 0
2.00, 5.70, 24.28, 24.28, -45.05, 20.00, 4.63, 9.44, 4.48, 0.00, 0.00, 0.00, 0.00, 90.00, 0, 0
2.00, 5.70, 24.15, 24.15, -128.89, 20.00, 4.63, 8.33, 3.38, 0.00, 0.00, 0.00, 0.00, 90.00, 0, 0
2.00, 5.70, 24.02, 24.02, -191.72, 20.00, 4.63, 7.78, 2.78, 0.00, 0.00, 0.00, 0.00, 90.00, 0, 0
2.00, 5.70, 23.98, 23.98, -57.35, 20.00, 4.63, 10.00, 5.09, 0.00, 37.28, 0.00, -67.83, 80.37, 0, 0
2.00, 5.70, 24.05, 24.05, 157.26, 20.00, 4.63, 12.78, 7.90, 0.00, 74.81, 0.00, -56.63, 70.31, 0, 0
2.00, 5.70, 24.15, 24.15, 312.07, 20.00, 4.63, 13.89, 9.01, 0.00, 128.28, 0.00, -43.56, 61.58, 0, 0
2.00, 5.70, 24.30, 24.30, 494.83, 20.00, 4.63, 15.56, 10.62, 0.00, 143.07, 0.00, -28.02, 54.91, 0, 0
2.00, 5.70, 24.50, 24.50, 729.33, 20.00, 4.63, 17.22, 12.34, 0.00, 144.15, 0.00, -10.10, 51.18, 0, 0
2.00, 5.70, 24.67, 24.67, 790.87, 20.00, 4.63, 18.33, 13.34, 0.00, 134.12, 0.00, 8.91, 51.06, 0, 0
2.00, 5.70, 24.87, 24.87, 981.53, 20.00, 4.63, 18.89, 13.96, 0.00, 124.87, 0.00, 26.95, 54.58, 0, 0
2.00, 5.70, 25.02, 25.02, 999.57, 20.00, 4.63, 18.89, 13.96, 0.00, 101.80, 0.00, 42.65, 61.09, 0, 0
2.00, 5.70, 25.06, 25.06, 843.45, 20.00, 4.63, 18.33, 13.34, 0.00, 73.95, 0.00, 55.87, 69.71, 0, 0
2.00, 5.70, 25.03, 25.03, 724.16, 20.00, 4.63, 16.67, 11.73, 0.00, 38.53, 0.00, 67.17, 79.70, 0, 0
2.00, 5.70, 25.07, 25.07, 820.16, 20.00, 4.63, 16.11, 11.23, 0.00, 1.64, 0.00, 0.00, 90.00, 0, 0
2.00, 5.70, 25.09, 25.09, 797.37, 20.00, 4.63, 15.56, 10.62, 0.00, 0.00, 0.00, 0.00, 90.00, 0, 0
2.00, 5.70, 25.10, 25.10, 771.42, 20.00, 4.63, 15.00, 10.12, 0.00, 0.00, 0.00, 0.00, 90.00, 0, 0
2.00, 5.70, 25.08, 25.08, 716.43, 20.00, 4.63, 13.89, 9.01, 0.00, 0.00, 0.00, 0.00, 90.00, 0, 0
2.00, 5.70, 24.98, 24.98, 521.09, 20.00, 4.63, 13.33, 8.40, 0.00, 0.00, 0.00, 0.00, 90.00, 0, 0
2.00, 5.70, 24.81, 24.81, 290.09, 20.00, 4.63, 12.78, 7.90, 0.00, 0.00, 0.00, 0.00, 90.00, 0, 0
2.00, 5.70, 24.65, 24.65, 182.16, 20.00, 4.63, 11.67, 6.79, 0.00, 0.00, 0.00, 0.00, 90.00, 0, 0
2.00, 5.70, 24.52, 24.52, 134.62, 20.00, 4.63, 11.67, 6.68, 0.00, 0.00, 0.00, 0.00, 90.00, 0, 0
2.00, 5.70, 24.39, 24.39, 67.33, 20.00, 4.63, 11.11, 6.19, 0.00, 0.00, 0.00, 0.00, 90.00, 0, 0
2.00, 5.70, 24.27, 24.27, 3.26, 20.00, 4.63, 10.56, 5.58, 0.00, 0.00, 0.00, 0.00, 90.00, 0, 0
2.00, 5.70, 24.16, 24.16, -58.42, 20.00, 4.63, 10.00, 5.09, 0.00, 0.00, 0.00, 0.00, 90.00, 0, 0
2.00, 5.70, 24.04, 24.04, -118.53, 20.00, 4.63, 9.44, 4.48, 0.00, 0.00, 0.00, 0.00, 90.00, 0, 0
2.00, 5.70, 23.93, 23.93, -170.34, 20.00, 4.63, 8.89, 3.99, 0.00, 0.00, 0.00, 0.00, 90.00, 0, 0
2.00, 5.70, 23.82, 23.82, -227.52, 20.00, 4.63, 8.33, 3.38, 0.00, 0.00, 0.00, 0.00, 90.00, 0, 0
2.00, 5.70, 23.82, 23.82, -60.66, 20.00, 4.63, 11.11, 6.19, 0.00, 35.42, 0.00, -67.53, 80.59, 0, 0
2.00, 5.70, 23.88, 23.88, 97.55, 20.00, 4.63, 12.78, 7.90, 0.00, 74.50, 0.00, -56.34, 70.56, 0, 0
2.00, 5.70, 24.01, 24.01, 317.31, 20.00, 4.63, 15.00, 10.12, 0.00, 107.07, 0.00, -43.29, 61.86, 0, 0
2.00, 5.70, 24.20, 24.20, 567.68, 20.00, 4.63, 17.22, 12.34, 0.00, 125.77, 0.00, -27.81, 55.23, 0, 0
2.00, 5.70, 24.41, 24.41, 740.23, 20.00, 4.63, 18.33, 13.46, 0.00, 151.82, 0.00, -9.97, 51.53, 0, 0
2.00, 5.70, 24.59, 24.59, 811.23, 20.00, 4.63, 19.44, 14.46, 0.00, 139.89, 0.00, 8.92, 51.43, 0, 0
2.00, 5.70, 24.77, 24.77, 941.37, 20.00, 4.63, 20.00, 14.96, 0.00, 138.54, 0.00, 26.85, 54.94, 0, 0
2.00, 5.70, 24.92, 24.92, 989.26, 20.00, 4.63, 20.00, 14.96, 0.00, 102.93, 0.00, 42.48, 61.42, 0, 0
2.00, 5.70, 24.96, 24.96, 835.37, 20.00, 4.63, 18.89, 13.96, 0.00, 70.50, 0.00, 55.66, 70.02, 0, 0
2.00, 5.70, 24.95, 24.95, 748.51, 20.00, 4.63, 17.78, 12.84, 0.00, 37.46, 0.00, 66.94, 80.00, 0, 0
2.00, 5.70, 25.00, 25.00, 845.75, 20.00, 4.63, 17.22, 12.23, 0.00, 1.64, 0.00, 0.00, 90.00, 0, 0
2.00, 5.70, 25.02, 25.02, 799.50, 20.00, 4.63, 16.11, 11.23, 0.00, 0.00, 0.00, 0.00, 90.00, 0, 0
2.00, 5.70, 25.02, 25.02, 774.60, 20.00, 4.63, 15.56, 10.62, 0.00, 0.00, 0.00, 0.00, 90.00, 0, 0
2.00, 5.70, 25.02, 25.02, 748.20, 20.00, 4.63, 15.00, 10.12, 0.00, 0.00, 0.00, 0.00, 90.00, 0, 0
2.00, 5.70, 24.92, 24.92, 529.38, 20.00, 4.63, 13.89, 9.01, 0.00, 0.00, 0.00, 0.00, 90.00, 0, 0
2.00, 5.70, 24.75, 24.75, 299.21, 20.00, 4.63, 13.33, 8.40, 0.00, 0.00, 0.00, 0.00, 90.00, 0, 0
2.00, 5.70, 24.61, 24.61, 219.90, 20.00, 4.63, 12.78, 7.79, 0.00, 0.00, 0.00, 0.00, 90.00, 0, 0
2.00, 5.70, 24.46, 24.46, 120.65, 20.00, 4.63, 11.67, 6.68, 0.00, 0.00, 0.00, 0.00, 90.00, 0, 0
2.00, 5.70, 24.32, 24.32, 51.66, 20.00, 4.63, 11.11, 6.19, 0.00, 0.00, 0.00, 0.00, 90.00, 0, 0
2.00, 5.70, 24.20, 24.20, -13.47, 20.00, 4.63, 10.56, 5.58, 0.00, 0.00, 0.00, 0.00, 90.00, 0, 0
2.00, 5.70, 24.08, 24.08, -75.90, 20.00, 4.63, 10.00, 4.98, 0.00, 0.00, 0.00, 0.00, 90.00, 0, 0
2.00, 5.70, 23.95, 23.95, -164.40, 20.00, 4.63, 8.89, 3.99, 0.00, 0.00, 0.00, 0.00, 90.00, 0, 0
2.00, 5.70, 23.83, 23.83, -218.98, 20.00, 4.63, 8.33, 3.38, 0.00, 0.00, 0.00, 0.00, 90.00, 0, 0
2.00, 5.70, 23.71, 23.71, -278.20, 20.00, 4.63, 7.78, 2.89, 0.00, 0.00, 0.00, 0.00, 90.00, 0, 0
2.00, 5.70, 23.72, 23.72, -44.44, 20.00, 4.63, 11.67, 6.79, 0.00, 39.86, 0.00, -67.24, 80.81, 0, 0
2.00, 5.70, 23.80, 23.80, 120.27, 20.00, 4.63, 13.33, 8.51, 0.00, 75.59, 0.00, -56.06, 70.80, 0, 0
2.00, 5.70, 23.92, 23.92, 294.25, 20.00, 4.63, 15.00, 10.12, 0.00, 111.43, 0.00, -43.03, 62.14, 0, 0
2.00, 5.70, 24.08, 24.08, 468.05, 20.00, 4.63, 16.11, 11.23, 0.00, 138.13, 0.00, -27.60, 55.55, 0, 0
2.00, 5.70, 24.30, 24.30, 718.25, 20.00, 4.63, 17.78, 12.84, 0.00, 135.69, 0.00, -9.85, 51.88, 0, 0
2.00, 5.70, 24.46, 24.46, 761.03, 20.00, 4.63, 18.89, 13.96, 0.00, 138.77, 0.00, 8.92, 51.79, 0, 0
2.00, 5.70, 24.62, 24.62, 849.77, 20.00, 4.63, 18.89, 13.96, 0.00, 139.55, 0.00, 26.76, 55.29, 0, 0
2.00, 5.70, 24.75, 24.75, 878.97, 20.00, 4.63, 18.89, 13.96, 0.00, 114.52, 0.00, 42.32, 61.75, 0, 0
2.00, 5.70, 24.80, 24.80, 802.63, 20.00, 4.63, 18.33, 13.46, 0.00, 67.76, 0.00, 55.46, 70.33, 0, 0
2.00, 5.70, 24.80, 24.80, 696.80, 20.00, 4.63, 17.22, 12.34, 0.00, 38.43, 0.00, 66.71, 80.28, 0, 0
2.00, 5.70, 24.85, 24.85, 789.37, 20.00, 4.63, 16.67, 11.84, 0.00, 1.64, 0.00, 0.00, 90.00, 0, 0
2.00, 5.70, 24.86, 24.86, 742.33, 20.00, 4.63, 15.56, 10.73, 0.00, 0.00, 0.00, 0.00, 90.00, 0, 0
2.00, 5.70, 24.86, 24.86, 716.70, 20.00, 4.63, 15.00, 10.22, 0.00, 0.00, 0.00, 0.00, 90.00, 0, 0
2.00, 5.70, 24.86, 24.86, 689.50, 20.00, 4.63, 14.44, 9.62, 0.00, 0.00, 0.00, 0.00, 90.00, 0, 0
2.00, 5.70, 24.77, 24.77, 497.26, 20.00, 4.63, 13.89, 9.11, 0.00, 0.00, 0.00, 0.00, 90.00, 0, 0
2.00, 5.70, 24.61, 24.61, 268.80, 20.00, 4.63, 13.33, 8.51, 0.00, 0.00, 0.00, 0.00, 90.00, 0, 0
2.00, 5.70, 24.47, 24.47, 190.78, 20.00, 4.63, 12.78, 7.90, 0.00, 0.00, 0.00, 0.00, 90.00, 0, 0
2.00, 5.70, 24.34, 24.34, 120.19, 20.00, 4.63, 12.22, 7.40, 0.00, 0.00, 0.00, 0.00, 90.00, 0, 0
2.00, 5.70, 24.22, 24.22, 54.37, 20.00, 4.63, 11.67, 6.79, 0.00, 0.00, 0.00, 0.00, 90.00, 0, 0
2.00, 5.70, 24.11, 24.11, 19.62, 20.00, 4.63, 11.67, 6.79, 0.00, 0.00, 0.00, 0.00, 90.00, 0, 0
2.00, 5.70, 24.01, 24.01, -38.07, 20.00, 4.63, 11.11, 6.29, 0.00, 0.00, 0.00, 0.00, 90.00, 0, 0
2.00, 5.70, 23.91, 23.91, -94.68, 20.00, 4.63, 10.56, 5.69, 0.00, 0.00, 0.00, 0.00, 90.00, 0, 0
2.00, 5.70, 23.82, 23.82, -115.48, 20.00, 4.63, 10.56, 5.69, 0.00, 0.00, 0.00, 0.00, 90.00, 0, 0
2.00, 5.70, 23.73, 23.73, -167.24, 20.00, 4.63, 10.00, 5.19, 0.00, 0.00, 0.00, 0.00, 90.00, 0, 0
2.00, 5.70, 23.69, 23.69, -109.95, 20.00, 4.63, 11.11, 6.29, 0.00, 21.36, 0.00, -66.95, 81.03, 0, 0
2.00, 5.70, 23.76, 23.76, 121.26, 20.00, 4.63, 13.89, 9.11, 0.00, 75.57, 0.00, -55.78, 71.05, 0, 0
2.00, 5.70, 23.85, 23.85, 250.75, 20.00, 4.63, 15.00, 10.22, 0.00, 111.19, 0.00, -42.78, 62.42, 0, 0
2.00, 5.70, 23.96, 23.96, 357.61, 20.00, 4.63, 16.11, 11.34, 0.00, 126.39, 0.00, -27.39, 55.87, 0, 0
2.00, 5.70, 24.01, 24.01, 309.14, 20.00, 4.63, 15.56, 10.83, 0.00, 97.90, 0.00, -9.74, 52.23, 0, 0
2.00, 5.70, 24.07, 24.07, 367.77, 20.00, 4.63, 16.11, 11.34, 0.00, 110.26, 0.00, 8.92, 52.15, 0, 0
2.00, 5.70, 24.10, 24.10, 345.97, 20.00, 4.63, 15.56, 10.73, 0.00, 86.37, 0.00, 26.65, 55.64, 0, 0
2.00, 5.70, 24.09, 24.09, 293.51, 20.00, 4.63, 15.00, 10.22, 0.00, 65.72, 0.00, 42.15, 62.08, 0, 0
2.00, 5.70, 24.13, 24.13, 388.28, 20.00, 4.63, 15.56, 10.73, 0.00, 78.90, 0.00, 55.25, 70.63, 0, 0
2.00, 5.70, 24.13, 24.13, 319.31, 20.00, 4.63, 14.44, 9.72, 0.00, 32.81, 0.00, 66.49, 80.57, 0, 0
2.00, 5.70, 24.20, 24.20, 480.16, 20.00, 4.63, 14.44, 9.72, 0.00, 1.64, 0.00, 0.00, 90.00, 0, 0
2.00, 5.70, 24.25, 24.25, 474.75, 20.00, 4.63, 13.89, 9.11, 0.00, 0.00, 0.00, 0.00, 90.00, 0, 0
2.00, 5.70, 24.27, 24.27, 461.15, 20.00, 4.63, 13.33, 8.61, 0.00, 0.00, 0.00, 0.00, 90.00, 0, 0
2.00, 5.70, 24.28, 24.28, 442.86, 20.00, 4.63, 12.78, 8.10, 0.00, 0.00, 0.00, 0.00, 90.00, 0, 0
2.00, 5.70, 24.22, 24.22, 284.62, 20.00, 4.63, 12.78, 8.00, 0.00, 0.00, 0.00, 0.00, 90.00, 0, 0
2.00, 5.70, 24.07, 24.07, 63.52, 20.00, 4.63, 12.22, 7.50, 0.00, 0.00, 0.00, 0.00, 90.00, 0, 0
2.00, 5.70, 23.94, 23.94, -8.91, 20.00, 4.63, 11.67, 6.90, 0.00, 0.00, 0.00, 0.00, 90.00, 0, 0
2.00, 5.70, 23.83, 23.83, -47.48, 20.00, 4.63, 11.67, 6.90, 0.00, 0.00, 0.00, 0.00, 90.00, 0, 0
2.00, 5.70, 23.73, 23.73, -107.40, 20.00, 4.63, 11.11, 6.39, 0.00, 0.00, 0.00, 0.00, 90.00, 0, 0
2.00, 5.70, 23.64, 23.64, -137.44, 20.00, 4.63, 11.11, 6.29, 0.00, 0.00, 0.00, 0.00, 90.00, 0, 0
2.00, 5.70, 23.54, 23.54, -191.26, 20.00, 4.63, 10.56, 5.79, 0.00, 0.00, 0.00, 0.00, 90.00, 0, 0
2.00, 5.70, 23.46, 23.46, -216.72, 20.00, 4.63, 10.56, 5.79, 0.00, 0.00, 0.00, 0.00, 90.00, 0, 0
2.00, 5.70, 23.41, 23.41, -180.60, 20.00, 4.63, 10.00, 5.29, 0.00, 0.00, 0.00, 0.00, 90.00, 0, 0
2.00, 5.70, 23.37, 23.37, -190.28, 20.00, 4.63, 10.00, 5.29, 0.00, 0.00, 0.00, 0.00, 90.00, 0, 0
2.00, 5.70, 23.42, 23.42, 1.28, 20.00, 4.63, 12.78, 8.10, 0.00, 37.59, 0.00, -66.67, 81.25, 0, 0
2.00, 5.70, 23.57, 23.57, 274.96, 20.00, 4.63, 16.11, 11.44, 0.00, 69.43, 0.00, -55.51, 71.30, 0, 0
2.00, 5.70, 23.78, 23.78, 530.05, 20.00, 4.63, 18.33, 13.67, 0.00, 98.49, 0.00, -42.53, 62.70, 0, 0
2.00, 5.70, 24.04, 24.04, 775.14, 20.00, 4.63, 20.00, 15.30, 0.00, 124.67, 0.00, -27.19, 56.19, 0, 0
2.00, 5.70, 24.26, 24.26, 879.55, 20.00, 4.63, 20.56, 15.91, 0.00, 154.73, 0.00, -9.63, 52.58, 0, 0
2.00, 5.70, 24.43, 24.43, 907.49, 20.00, 4.63, 21.11, 16.42, 0.00, 158.56, 0.00, 8.92, 52.51, 0, 0
2.00, 5.70, 24.58, 24.58, 976.73, 20.00, 4.63, 21.11, 16.42, 0.00, 139.06, 0.00, 26.55, 55.99, 0, 0
2.00, 5.70, 24.72, 24.72, 1044.09, 20.00, 4.63, 21.11, 16.31, 0.00, 115.61, 0.00, 41.98, 62.41, 0, 0
2.00, 5.70, 24.72, 24.72, 796.35, 20.00, 4.63, 19.44, 14.69, 0.00, 68.52, 0.00, 55.05, 70.93, 0, 0
2.00, 5.70, 24.71, 24.71, 758.06, 20.00, 4.63, 18.33, 13.67, 0.00, 33.49, 0.00, 66.26, 80.85, 0, 0
2.00, 5.70, 24.76, 24.76, 880.30, 20.00, 4.63, 17.78, 13.06, 0.00, 1.64, 0.00, 0.00, 90.00, 0, 0
2.00, 5.70, 24.80, 24.80, 867.24, 20.00, 4.63, 17.22, 12.55, 0.00, 0.00, 0.00, 0.00, 90.00, 0, 0
2.00, 5.70, 24.83, 24.83, 850.36, 20.00, 4.63, 16.67, 11.94, 0.00, 0.00, 0.00, 0.00, 90.00, 0, 0
2.00, 5.70, 24.84, 24.84, 830.96, 20.00, 4.63, 16.11, 11.44, 0.00, 0.00, 0.00, 0.00, 90.00, 0, 0
2.00, 5.70, 24.75, 24.75, 592.60, 20.00, 4.63, 15.56, 10.83, 0.00, 0.00, 0.00, 0.00, 90.00, 0, 0
2.00, 5.70, 24.59, 24.59, 362.49, 20.00, 4.63, 15.00, 10.32, 0.00, 0.00, 0.00, 0.00, 90.00, 0, 0
2.00, 5.70, 24.45, 24.45, 283.93, 20.00, 4.63, 14.44, 9.72, 0.00, 0.00, 0.00, 0.00, 90.00, 0, 0
2.00, 5.70, 24.32, 24.32, 213.45, 20.00, 4.63, 13.89, 9.11, 0.00, 0.00, 0.00, 0.00, 90.00, 0, 0
2.00, 5.70, 24.20, 24.20, 148.39, 20.00, 4.63, 13.33, 8.61, 0.00, 0.00, 0.00, 0.00, 90.00, 0, 0
2.00, 5.70, 24.09, 24.09, 86.97, 20.00, 4.63, 12.78, 8.00, 0.00, 0.00, 0.00, 0.00, 90.00, 0, 0
2.00, 5.70, 23.98, 23.98, 28.21, 20.00, 4.63, 12.22, 7.50, 0.00, 0.00, 0.00, 0.00, 90.00, 0, 0
2.00, 5.70, 23.88, 23.88, -28.82, 20.00, 4.63, 11.67, 6.90, 0.00, 0.00, 0.00, 0.00, 90.00, 0, 0
2.00, 5.70, 23.82, 23.82, 2.11, 20.00, 4.63, 11.11, 6.39, 0.00, 0.00, 0.00, 0.00, 90.00, 0, 0
2.00, 5.70, 23.75, 23.75, -39.54, 20.00, 4.63, 10.56, 5.89, 0.00, 0.00, 0.00, 0.00, 90.00, 0, 0
2.00, 5.70, 23.79, 23.79, 171.03, 20.00, 4.63, 13.89, 9.21, 0.00, 36.53, 0.00, -66.39, 81.47, 0, 0
2.00, 5.70, 23.87, 23.87, 295.71, 20.00, 4.63, 15.00, 10.32, 0.00, 71.66, 0.00, -55.24, 71.54, 0, 0
2.00, 5.70, 24.01, 24.01, 496.34, 20.00, 4.63, 16.67, 11.94, 0.00, 111.85, 0.00, -42.29, 62.98, 0, 0
2.00, 5.70, 24.16, 24.16, 606.00, 20.00, 4.63, 17.78, 13.06, 0.00, 132.35, 0.00, -27.00, 56.50, 0, 0
2.00, 5.70, 24.35, 24.35, 810.60, 20.00, 4.63, 18.89, 14.07, 0.00, 154.10, 0.00, -9.53, 52.92, 0, 0
2.00, 5.70, 24.50, 24.50, 858.64, 20.00, 4.63, 19.44, 14.69, 0.00, 156.35, 0.00, 8.91, 52.86, 0, 0
2.00, 5.70, 24.67, 24.67, 972.76, 20.00, 4.63, 20.00, 15.19, 0.00, 141.87, 0.00, 26.45, 56.33, 0, 0
2.00, 5.70, 24.73, 24.73, 870.91, 20.00, 4.63, 19.44, 14.69, 0.00, 108.25, 0.00, 41.81, 62.73, 0, 0
2.00, 5.70, 24.74, 24.74, 760.30, 20.00, 4.63, 18.89, 14.07, 0.00, 65.76, 0.00, 54.84, 71.23, 0, 0
2.00, 5.70, 24.74, 24.74, 731.73, 20.00, 4.63, 17.78, 12.96, 0.00, 32.13, 0.00, 66.04, 81.12, 0, 0
2.00, 5.70, 24.80, 24.80, 863.67, 20.00, 4.63, 17.22, 12.45, 0.00, 0.00, 0.00, 0.00, 90.00, 0, 0
2.00, 5.70, 24.84, 24.84, 825.85, 20.00, 4.63, 16.11, 11.34, 0.00, 0.00, 0.00, 0.00, 90.00, 0, 0
2.00, 5.70, 24.86, 24.86, 808.11, 20.00, 4.63, 15.56, 10.73, 0.00, 0.00, 0.00, 0.00, 90.00, 0, 0
2.00, 5.70, 24.87, 24.87, 787.58, 20.00, 4.63, 15.00, 10.22, 0.00, 0.00, 0.00, 0.00, 90.00, 0, 0
2.00, 5.70, 24.77, 24.77, 547.84, 20.00, 4.63, 14.44, 9.62, 0.00, 0.00, 0.00, 0.00, 90.00, 0, 0
2.00, 5.70, 24.60, 24.60, 316.09, 20.00, 4.63, 13.89, 9.01, 0.00, 0.00, 0.00, 0.00, 90.00, 0, 0
2.00, 5.70, 24.44, 24.44, 208.41, 20.00, 4.63, 12.78, 7.90, 0.00, 0.00, 0.00, 0.00, 90.00, 0, 0
2.00, 5.70, 24.30, 24.30, 133.75, 20.00, 4.63, 12.22, 7.29, 0.00, 0.00, 0.00, 0.00, 90.00, 0, 0
2.00, 5.70, 24.17, 24.17, 64.92, 20.00, 4.63, 11.67, 6.79, 0.00, 0.00, 0.00, 0.00, 90.00, 0, 0
2.00, 5.70, 24.03, 24.03, -27.76, 20.00, 4.63, 10.56, 5.69, 0.00, 0.00, 0.00, 0.00, 90.00, 0, 0
2.00, 5.70, 23.90, 23.90, -92.33, 20.00, 4.63, 10.00, 5.09, 0.00, 0.00, 0.00, 0.00, 90.00, 0, 0
2.00, 5.70, 23.77, 23.77, -182.52, 20.00, 4.63, 8.89, 3.99, 0.00, 0.00, 0.00, 0.00, 90.00, 0, 0
2.00, 5.70, 23.65, 23.65, -238.37, 20.00, 4.63, 8.33, 3.38, 0.00, 0.00, 0.00, 0.00, 90.00, 0, 0
2.00, 5.70, 23.52, 23.52, -298.61, 20.00, 4.63, 7.78, 2.89, 0.00, 0.00, 0.00, 0.00, 90.00, 0, 0
2.00, 5.70, 23.49, 23.49, -169.45, 20.00, 4.63, 10.00, 5.09, 0.00, 32.66, 0.00, -66.11, 81.69, 0, 0
2.00, 5.70, 23.57, 23.57, 68.73, 20.00, 4.63, 12.78, 7.90, 0.00, 77.34, 0.00, -54.98, 71.79, 0, 0
2.00, 5.70, 23.69, 23.69, 238.01, 20.00, 4.63, 14.44, 9.62, 0.00, 108.62, 0.00, -42.05, 63.26, 0, 0
2.00, 5.70, 23.83, 23.83, 389.09, 20.00, 4.63, 15.56, 10.62, 0.00, 135.34, 0.00, -26.82, 56.82, 0, 0
2.00, 5.70, 24.00, 24.00, 549.66, 20.00, 4.63, 16.67, 11.73, 0.00, 149.20, 0.00, -9.43, 53.26, 0, 0
2.00, 5.70, 24.13, 24.13, 588.16, 20.00, 4.63, 17.22, 12.23, 0.00, 148.33, 0.00, 8.91, 53.21, 0, 0
2.00, 5.70, 24.27, 24.27, 698.05, 20.00, 4.63, 17.22, 12.23, 0.00, 132.76, 0.00, 26.35, 56.67, 0, 0
2.00, 5.70, 24.41, 24.41, 782.28, 20.00, 4.63, 17.78, 12.84, 0.00, 113.00, 0.00, 41.64, 63.04, 0, 0
2.00, 5.70, 24.41, 24.41, 556.29, 20.00, 4.63, 16.67, 11.73, 0.00, 70.80, 0.00, 54.64, 71.52, 0, 0
2.00, 5.70, 24.35, 24.35, 437.79, 20.00, 4.63, 15.00, 10.12, 0.00, 17.69, 0.00, 65.81, 81.39, 0, 0
2.00, 5.70, 24.39, 24.39, 579.75, 20.00, 4.63, 14.44, 9.51, 0.00, 0.00, 0.00, 0.00, 90.00, 0, 0
2.00, 5.70, 24.41, 24.41, 559.89, 20.00, 4.63, 13.89, 9.01, 0.00, 0.00, 0.00, 0.00, 90.00, 0, 0
2.00, 5.70, 24.41, 24.41, 536.35, 20.00, 4.63, 13.33, 8.40, 0.00, 0.00, 0.00, 0.00, 90.00, 0, 0
2.00, 5.70, 24.40, 24.40, 510.22, 20.00, 4.63, 12.78, 7.90, 0.00, 0.00, 0.00, 0.00, 90.00, 0, 0
2.00, 5.70, 24.31, 24.31, 318.18, 20.00, 4.63, 12.22, 7.29, 0.00, 0.00, 0.00, 0.00, 90.00, 0, 0
2.00, 5.70, 24.15, 24.15, 89.46, 20.00, 4.63, 11.67, 6.68, 0.00, 0.00, 0.00, 0.00, 90.00, 0, 0
2.00, 5.70, 23.99, 23.99, -16.94, 20.00, 4.63, 10.56, 5.58, 0.00, 0.00, 0.00, 0.00, 90.00, 0, 0
2.00, 5.70, 23.86, 23.86, -62.98, 20.00, 4.63, 10.56, 5.58, 0.00, 0.00, 0.00, 0.00, 90.00, 0, 0
2.00, 5.70, 23.72, 23.72, -157.33, 20.00, 4.63, 9.44, 4.48, 0.00, 0.00, 0.00, 0.00, 90.00, 0, 0
2.00, 5.70, 23.60, 23.60, -195.06, 20.00, 4.63, 9.44, 4.48, 0.00, 0.00, 0.00, 0.00, 90.00, 0, 0
2.00, 5.70, 23.49, 23.49, -255.85, 20.00, 4.63, 8.89, 3.88, 0.00, 0.00, 0.00, 0.00, 90.00, 0, 0
2.00, 5.70, 23.37, 23.37, -315.28, 20.00, 4.63, 8.33, 3.38, 0.00, 0.00, 0.00, 0.00, 90.00, 0, 0
2.00, 5.70, 23.26, 23.26, -366.76, 20.00, 4.63, 7.78, 2.78, 0.00, 0.00, 0.00, 0.00, 90.00, 0, 0
2.00, 5.70, 23.15, 23.15, -423.62, 20.00, 4.63, 7.22, 2.29, 0.00, 0.00, 0.00, 0.00, 90.00, 0, 0
2.00, 5.70, 23.15, 23.15, -252.54, 20.00, 4.63, 10.00, 5.09, 0.00, 35.61, 0.00, -65.84, 81.91, 0, 0
2.00, 5.70, 23.20, 23.20, -99.51, 20.00, 4.63, 11.67, 6.79, 0.00, 69.68, 0.00, -54.73, 72.03, 0, 0
2.00, 5.70, 23.34, 23.34, 143.23, 20.00, 4.63, 13.89, 9.01, 0.00, 109.38, 0.00, -41.82, 63.54, 0, 0
2.00, 5.70, 23.45, 23.45, 187.02, 20.00, 4.63, 14.44, 9.51, 0.00, 126.44, 0.00, -26.64, 57.13, 0, 0
2.00, 5.70, 23.57, 23.57, 297.24, 20.00, 4.63, 15.00, 10.00, 0.00, 147.09, 0.00, -9.33, 53.60, 0, 0
2.00, 5.70, 23.65, 23.65, 306.22, 20.00, 4.63, 15.00, 10.00, 0.00, 142.18, 0.00, 8.89, 53.56, 0, 0
2.00, 5.70, 23.71, 23.71, 315.49, 20.00, 4.63, 15.00, 10.00, 0.00, 119.20, 0.00, 26.24, 57.00, 0, 0
2.00, 5.70, 23.70, 23.70, 195.18, 20.00, 4.63, 13.89, 8.90, 0.00, 73.37, 0.00, 41.48, 63.35, 0, 0
2.00, 5.70, 23.67, 23.67, 162.26, 20.00, 4.63, 13.33, 8.40, 0.00, 66.56, 0.00, 54.44, 71.81, 0, 0
2.00, 5.70, 23.65, 23.65, 139.92, 20.00, 4.63, 12.78, 7.79, 0.00, 27.01, 0.00, 65.59, 81.66, 0, 0
2.00, 5.70, 23.70, 23.70, 282.36, 20.00, 4.63, 12.22, 7.29, 0.00, 0.00, 0.00, 0.00, 90.00, 0, 0
2.00, 5.70, 23.72, 23.72, 269.35, 20.00, 4.63, 11.67, 6.68, 0.00, 0.00, 0.00, 0.00, 90.00, 0, 0
2.00, 5.70, 23.73, 23.73, 250.74, 20.00, 4.63, 11.11, 6.19, 0.00, 0.00, 0.00, 0.00, 90.00, 0, 0
2.00, 5.70, 23.72, 23.72, 228.00, 20.00, 4.63, 10.56, 5.69, 0.00, 0.00, 0.00, 0.00, 90.00, 0, 0
2.00, 5.70, 23.65, 23.65, 66.09, 20.00, 4.63, 10.56, 5.58, 0.00, 0.00, 0.00, 0.00, 90.00, 0, 0
2.00, 5.70, 23.49, 23.49, -158.68, 20.00, 4.63, 10.00, 5.09, 0.00, 0.00, 0.00, 0.00, 90.00, 0, 0
2.00, 5.70, 23.35, 23.35, -234.53, 20.00, 4.63, 9.44, 4.48, 0.00, 0.00, 0.00, 0.00, 90.00, 0, 0
2.00, 5.70, 23.21, 23.21, -304.06, 20.00, 4.63, 8.89, 3.88, 0.00, 0.00, 0.00, 0.00, 90.00, 0, 0
2.00, 5.70, 23.10, 23.10, -341.32, 20.00, 4.63, 8.89, 3.88, 0.00, 0.00, 0.00, 0.00, 90.00, 0, 0
2.00, 5.70, 22.99, 22.99, -401.56, 20.00, 4.63, 8.33, 3.27, 0.00, 0.00, 0.00, 0.00, 90.00, 0, 0
2.00, 5.70, 22.88, 22.88, -460.30, 20.00, 4.63, 7.78, 2.78, 0.00, 0.00, 0.00, 0.00, 90.00, 0, 0
2.00, 5.70, 22.78, 22.78, -489.74, 20.00, 4.63, 7.78, 2.78, 0.00, 0.00, 0.00, 0.00, 90.00, 0, 0
2.00, 5.70, 22.68, 22.68, -537.30, 20.00, 4.63, 7.22, 2.29, 0.00, 0.00, 0.00, 0.00, 90.00, 0, 0
2.00, 5.70, 22.58, 22.58, -591.08, 20.00, 4.63, 6.67, 1.69, 0.00, 0.00, 0.00, 0.00, 90.00, 0, 0
2.00, 5.70, 22.57, 22.57, -431.22, 20.00, 4.63, 9.44, 4.48, 0.00, 31.90, 0.00, -65.58, 82.13, 0, 0
2.00, 5.70, 22.63, 22.63, -269.75, 20.00, 4.63, 11.11, 6.19, 0.00, 70.14, 0.00, -54.48, 72.28, 0, 0
2.00, 5.70, 22.76, 22.76, -42.98, 20.00, 4.63, 13.33, 8.40, 0.00, 94.65, 0.00, -41.59, 63.82, 0, 0
2.00, 5.70, 22.96, 22.96, 206.19, 20.00, 4.63, 15.56, 10.62, 0.00, 112.32, 0.00, -26.47, 57.44, 0, 0
2.00, 5.70, 23.20, 23.20, 454.17, 20.00, 4.63, 17.22, 12.23, 0.00, 125.10, 0.00, -9.25, 53.93, 0, 0
2.00, 5.70, 23.38, 23.38, 486.77, 20.00, 4.63, 18.33, 13.34, 0.00, 128.32, 0.00, 8.88, 53.90, 0, 0
2.00, 5.70, 23.59, 23.59, 670.84, 20.00, 4.63, 18.89, 13.84, 0.00, 115.98, 0.00, 26.13, 57.33, 0, 0
2.00, 5.70, 23.71, 23.71, 610.26, 20.00, 4.63, 18.33, 13.22, 0.00, 105.87, 0.00, 41.31, 63.66, 0, 0
2.00, 5.70, 23.75, 23.75, 514.95, 20.00, 4.63, 17.78, 12.72, 0.00, 71.75, 0.00, 54.23, 72.09, 0, 0
2.00, 5.70, 23.73, 23.73, 388.81, 20.00, 4.63, 16.11, 11.12, 0.00, 29.59, 0.00, 65.37, 81.92, 0, 0
2.00, 5.70, 23.77, 23.77, 504.24, 20.00, 4.63, 15.56, 10.50, 0.00, 0.00, 0.00, 0.00, 90.00, 0, 0
2.00, 5.70, 23.79, 23.79, 458.52, 20.00, 4.63, 14.44, 9.39, 0.00, 0.00, 0.00, 0.00, 90.00, 0, 0
2.00, 5.70, 23.79, 23.79, 434.85, 20.00, 4.63, 13.89, 8.90, 0.00, 0.00, 0.00, 0.00, 90.00, 0, 0
2.00, 5.70, 23.79, 23.79, 409.32, 20.00, 4.63, 13.33, 8.28, 0.00, 0.00, 0.00, 0.00, 90.00, 0, 0
2.00, 5.70, 23.69, 23.69, 191.00, 20.00, 4.63, 12.22, 7.18, 0.00, 0.00, 0.00, 0.00, 90.00, 0, 0
2.00, 5.70, 23.52, 23.52, -38.54, 20.00, 4.63, 11.67, 6.57, 0.00, 0.00, 0.00, 0.00, 90.00, 0, 0
2.00, 5.70, 23.35, 23.35, -145.06, 20.00, 4.63, 10.56, 5.47, 0.00, 0.00, 0.00, 0.00, 90.00, 0, 0
2.00, 5.70, 23.21, 23.21, -218.70, 20.00, 4.63, 10.00, 4.86, 0.00, 0.00, 0.00, 0.00, 90.00, 0, 0
2.00, 5.70, 23.06, 23.06, -314.97, 20.00, 4.63, 8.89, 3.76, 0.00, 0.00, 0.00, 0.00, 90.00, 0, 0
2.00, 5.70, 22.92, 22.92, -381.95, 20.00, 4.63, 8.33, 3.15, 0.00, 0.00, 0.00, 0.00, 90.00, 0, 0
2.00, 5.70, 22.78, 22.78, -474.19, 20.00, 4.63, 7.22, 2.06, 0.00, 0.00, 0.00, 0.00, 90.00, 0, 0
2.00, 5.70, 22.64, 22.64, -538.53, 20.00, 4.63, 6.67, 1.46, 0.00, 0.00, 0.00, 0.00, 90.00, 0, 0
2.00, 5.70, 22.50, 22.50, -622.46, 20.00, 4.63, 5.56, 0.37, 0.00, 0.00, 0.00, 0.00, 90.00, 0, 0
2.00, 5.70, 22.36, 22.36, -713.84, 20.00, 4.63, 4.44, -0.72, 0.00, 0.00, 0.00, 0.00, 90.00, 0, 0
2.00, 5.70, 22.32, 22.32, -561.03, 20.00, 4.63, 7.22, 2.06, 0.00, 28.78, 0.00, -65.32, 82.35, 0, 0
2.00, 5.70, 22.37, 22.37, -355.26, 20.00, 4.63, 9.44, 4.37, 0.00, 70.22, 0.00, -54.23, 72.52, 0, 0
2.00, 5.70, 22.51, 22.51, -99.56, 20.00, 4.63, 12.22, 7.06, 0.00, 93.83, 0.00, -41.38, 64.09, 0, 0
2.00, 5.70, 22.71, 22.71, 133.38, 20.00, 4.63, 13.89, 8.65, 0.00, 122.03, 0.00, -26.30, 57.74, 0, 0
2.00, 5.70, 22.90, 22.90, 278.50, 20.00, 4.63, 15.00, 9.76, 0.00, 138.59, 0.00, -9.16, 54.26, 0, 0
2.00, 5.70, 23.01, 23.01, 250.96, 20.00, 4.63, 15.00, 9.76, 0.00, 150.00, 0.00, 8.86, 54.23, 0, 0
2.00, 5.70, 23.17, 23.17, 405.26, 20.00, 4.63, 15.56, 10.24, 0.00, 136.52, 0.00, 26.03, 57.66, 0, 0
2.00, 5.70, 23.19, 23.19, 238.05, 20.00, 4.63, 14.44, 9.13, 0.00, 103.77, 0.00, 41.14, 63.96, 0, 0
2.00, 5.70, 23.16, 23.16, 106.56, 20.00, 4.63, 13.33, 8.03, 0.00, 68.41, 0.00, 54.03, 72.37, 0, 0
2.00, 5.70, 23.10, 23.10, 22.19, 20.00, 4.63, 11.67, 6.44, 0.00, 28.12, 0.00, 65.15, 82.17, 0, 0
2.00, 5.70, 23.12, 23.12, 150.97, 20.00, 4.63, 11.11, 5.96, 0.00, 0.00, 0.00, 0.00, 90.00, 0, 0
2.00, 5.70, 23.12, 23.12, 129.25, 20.00, 4.63, 10.56, 5.35, 0.00, 0.00, 0.00, 0.00, 90.00, 0, 0
2.00, 5.70, 23.11, 23.11, 103.77, 20.00, 4.63, 10.00, 4.73, 0.00, 0.00, 0.00, 0.00, 90.00, 0, 0
2.00, 5.70, 23.09, 23.09, 75.58, 20.00, 4.63, 9.44, 4.25, 0.00, 0.00, 0.00, 0.00, 90.00, 0, 0
2.00, 5.70, 22.98, 22.98, -146.72, 20.00, 4.63, 8.33, 3.15, 0.00, 0.00, 0.00, 0.00, 90.00, 0, 0
2.00, 5.70, 22.79, 22.79, -380.08, 20.00, 4.63, 7.78, 2.55, 0.00, 0.00, 0.00, 0.00, 90.00, 0, 0
2.00, 5.70, 22.63, 22.63, -462.94, 20.00, 4.63, 7.22, 1.94, 0.00, 0.00, 0.00, 0.00, 90.00, 0, 0
2.00, 5.70, 22.47, 22.47, -538.45, 20.00, 4.63, 6.67, 1.33, 0.00, 0.00, 0.00, 0.00, 90.00, 0, 0
2.00, 5.70, 22.33, 22.33, -609.16, 20.00, 4.63, 6.11, 0.72, 0.00, 0.00, 0.00, 0.00, 90.00, 0, 0
2.00, 5.70, 22.19, 22.19, -676.44, 20.00, 4.63, 5.56, 0.24, 0.00, 0.00, 0.00, 0.00, 90.00, 0, 0
2.00, 5.70, 22.06, 22.06, -741.47, 20.00, 4.63, 5.00, -0.36, 0.00, 0.00, 0.00, 0.00, 90.00, 0, 0
2.00, 5.70, 21.92, 21.92, -833.74, 20.00, 4.63, 3.89, -1.44, 0.00, 0.00, 0.00, 0.00, 90.00, 0, 0
2.00, 5.70, 21.78, 21.78, -890.69, 20.00, 4.63, 3.33, -1.92, 0.00, 0.00, 0.00, 0.00, 90.00, 0, 0
2.00, 5.70, 21.65, 21.65, -952.42, 20.00, 4.63, 2.78, -2.52, 0.00, 0.00, 0.00, 0.00, 90.00, 0, 0
2.00, 5.70, 21.62, 21.62, -791.83, 20.00, 4.63, 5.56, 0.24, 0.00, 32.27, 0.00, -65.07, 82.57, 0, 0
2.00, 5.70, 21.65, 21.65, -641.92, 20.00, 4.63, 7.22, 1.94, 0.00, 70.81, 0.00, -53.99, 72.77, 0, 0
2.00, 5.70, 21.79, 21.79, -369.89, 20.00, 4.63, 10.00, 4.73, 0.00, 99.21, 0.00, -41.17, 64.36, 0, 0
2.00, 5.70, 21.99, 21.99, -120.95, 20.00, 4.63, 12.22, 6.93, 0.00, 97.44, 0.00, -26.14, 58.05, 0, 0
2.00, 5.70, 22.23, 22.23, 133.62, 20.00, 4.63, 13.89, 8.51, 0.00, 107.19, 0.00, -9.08, 54.59, 0, 0
2.00, 5.70, 22.40, 22.40, 163.59, 20.00, 4.63, 15.00, 9.62, 0.00, 107.02, 0.00, 8.84, 54.57, 0, 0
2.00, 5.70, 22.61, 22.61, 361.19, 20.00, 4.63, 15.56, 10.09, 0.00, 96.24, 0.00, 25.92, 57.98, 0, 0
2.00, 5.70, 22.77, 22.77, 382.95, 20.00, 4.63, 15.56, 10.09, 0.00, 99.78, 0.00, 40.97, 64.26, 0, 0
2.00, 5.70, 22.77, 22.77, 149.81, 20.00, 4.63, 14.44, 8.99, 0.00, 72.36, 0.00, 53.83, 72.64, 0, 0
2.00, 5.70, 22.70, 22.70, -15.69, 20.00, 4.63, 12.22, 6.93, 0.00, 22.00, 0.00, 64.92, 82.43, 0, 0
2.00, 5.70, 22.72, 22.72, 116.22, 20.00, 4.63, 11.67, 6.44, 0.00, 0.00, 0.00, 0.00, 90.00, 0, 0
2.00, 5.70, 22.73, 22.73, 91.81, 20.00, 4.63, 11.11, 5.83, 0.00, 0.00, 0.00, 0.00, 90.00, 0, 0
2.00, 5.70, 22.72, 22.72, 64.85, 20.00, 4.63, 10.56, 5.21, 0.00, 0.00, 0.00, 0.00, 90.00, 0, 0
2.00, 5.70, 22.70, 22.70, 36.02, 20.00, 4.63, 10.00, 4.73, 0.00, 0.00, 0.00, 0.00, 90.00, 0, 0
2.00, 5.70, 22.60, 22.60, -158.22, 20.00, 4.63, 9.44, 4.12, 0.00, 0.00, 0.00, 0.00, 90.00, 0, 0
2.00, 5.70, 22.42, 22.42, -416.87, 20.00, 4.63, 8.33, 3.03, 0.00, 0.00, 0.00, 0.00, 90.00, 0, 0
2.00, 5.70, 22.26, 22.26, -499.42, 20.00, 4.63, 7.78, 2.55, 0.00, 0.00, 0.00, 0.00, 90.00, 0, 0
2.00, 5.70, 22.11, 22.11, -574.29, 20.00, 4.63, 7.22, 1.94, 0.00, 0.00, 0.00, 0.00, 90.00, 0, 0
2.00, 5.70, 21.97, 21.97, -644.10, 20.00, 4.63, 6.67, 1.33, 0.00, 0.00, 0.00, 0.00, 90.00, 0, 0
2.00, 5.70, 21.83, 21.83, -710.44, 20.00, 4.63, 6.11, 0.72, 0.00, 0.00, 0.00, 0.00, 90.00, 0, 0
2.00, 5.70, 21.70, 21.70, -774.25, 20.00, 4.63, 5.56, 0.24, 0.00, 0.00, 0.00, 0.00, 90.00, 0, 0
2.00, 5.70, 21.58, 21.58, -836.46, 20.00, 4.63, 5.00, -0.36, 0.00, 0.00, 0.00, 0.00, 90.00, 0, 0
2.00, 5.70, 21.49, 21.49, -809.61, 20.00, 4.63, 4.44, -0.84, 0.00, 0.00, 0.00, 0.00, 90.00, 0, 0
2.00, 5.70, 21.39, 21.39, -884.53, 20.00, 4.63, 3.33, -1.92, 0.00, 0.00, 0.00, 0.00, 90.00, 0, 0
2.00, 5.70, 21.38, 21.38, -721.13, 20.00, 4.63, 6.11, 0.85, 0.00, 27.52, 0.00, -64.82, 82.79, 0, 0
2.00, 5.70, 21.47, 21.47, -509.57, 20.00, 4.63, 8.33, 3.15, 0.00, 67.85, 0.00, -53.76, 73.01, 0, 0
2.00, 5.70, 21.61, 21.61, -293.81, 20.00, 4.63, 10.56, 5.35, 0.00, 89.51, 0.00, -40.96, 64.64, 0, 0
2.00, 5.70, 21.83, 21.83, -4.84, 20.00, 4.63, 12.78, 7.55, 0.00, 122.41, 0.00, -25.99, 58.35, 0, 0
2.00, 5.70, 22.05, 22.05, 160.24, 20.00, 4.63, 13.89, 8.65, 0.00, 124.83, 0.00, -9.01, 54.92, 0, 0
2.00, 5.70, 22.21, 22.21, 180.37, 20.00, 4.63, 14.44, 9.13, 0.00, 124.56, 0.00, 8.81, 54.90, 0, 0
2.00, 5.70, 22.39, 22.39, 325.50, 20.00, 4.63, 15.00, 9.76, 0.00, 108.90, 0.00, 25.81, 58.29, 0, 0
2.00, 5.70, 22.53, 22.53, 371.30, 20.00, 4.63, 15.00, 9.76, 0.00, 87.59, 0.00, 40.81, 64.55, 0, 0
2.00, 5.70, 22.55, 22.55, 173.47, 20.00, 4.63, 13.89, 8.65, 0.00, 73.65, 0.00, 53.63, 72.91, 0, 0
2.00, 5.70, 22.50, 22.50, 31.42, 20.00, 4.63, 12.22, 7.06, 0.00, 26.02, 0.00, 64.70, 82.67, 0, 0
2.00, 5.70, 22.53, 22.53, 160.29, 20.00, 4.63, 11.67, 6.44, 0.00, 0.00, 0.00, 0.00, 90.00, 0, 0
2.00, 5.70, 22.55, 22.55, 138.81, 20.00, 4.63, 11.11, 5.96, 0.00, 0.00, 0.00, 0.00, 90.00, 0, 0
2.00, 5.70, 22.55, 22.55, 114.49, 20.00, 4.63, 10.56, 5.35, 0.00, 0.00, 0.00, 0.00, 90.00, 0, 0
2.00, 5.70, 22.54, 22.54, 88.13, 20.00, 4.63, 10.00, 4.86, 0.00, 0.00, 0.00, 0.00, 90.00, 0, 0
2.00, 5.70, 22.43, 22.43, -156.82, 20.00, 4.63, 9.44, 4.25, 0.00, 0.00, 0.00, 0.00, 90.00, 0, 0
2.00, 5.70, 22.24, 22.24, -393.21, 20.00, 4.63, 8.89, 3.76, 0.00, 0.00, 0.00, 0.00, 90.00, 0, 0
2.00, 5.70, 22.08, 22.08, -477.83, 20.00, 4.63, 8.33, 3.15, 0.00, 0.00, 0.00, 0.00, 90.00, 0, 0
2.00, 5.70, 21.95, 21.95, -525.99, 20.00, 4.63, 8.33, 3.03, 0.00, 0.00, 0.00, 0.00, 90.00, 0, 0
2.00, 5.70, 21.82, 21.82, -594.33, 20.00, 4.63, 7.78, 2.55, 0.00, 0.00, 0.00, 0.00, 90.00, 0, 0
2.00, 5.70, 21.69, 21.69, -659.30, 20.00, 4.63, 7.22, 2.06, 0.00, 0.00, 0.00, 0.00, 90.00, 0, 0
2.00, 5.70, 21.57, 21.57, -721.93, 20.00, 4.63, 6.67, 1.46, 0.00, 0.00, 0.00, 0.00, 90.00, 0, 0
2.00, 5.70, 21.47, 21.47, -754.33, 20.00, 4.63, 6.67, 1.46, 0.00, 0.00, 0.00, 0.00, 90.00, 0, 0
2.00, 5.70, 21.40, 21.40, -723.76, 20.00, 4.63, 6.11, 0.97, 0.00, 0.00, 0.00, 0.00, 90.00, 0, 0
2.00, 5.70, 21.33, 21.33, -766.46, 20.00, 4.63, 5.56, 0.48, 0.00, 0.00, 0.00, 0.00, 90.00, 0, 0
2.00, 5.70, 21.31, 21.31, -669.11, 20.00, 4.63, 7.22, 2.06, 0.00, 24.65, 0.00, -64.58, 83.00, 0, 0
2.00, 5.70, 21.30, 21.30, -654.12, 20.00, 4.63, 7.22, 2.18, 0.00, 36.15, 0.00, -53.54, 73.25, 0, 0
2.00, 5.70, 21.33, 21.33, -536.01, 20.00, 4.63, 8.33, 3.27, 0.00, 75.61, 0.00, -40.76, 64.91, 0, 0
2.00, 5.70, 21.42, 21.42, -384.27, 20.00, 4.63, 9.44, 4.37, 0.00, 118.27, 0.00, -25.84, 58.65, 0, 0
2.00, 5.70, 21.59, 21.59, -121.64, 20.00, 4.63, 11.67, 6.57, 0.00, 149.47, 0.00, -8.94, 55.24, 0, 0
2.00, 5.70, 21.67, 21.67, -188.86, 20.00, 4.63, 11.67, 6.57, 0.00, 117.85, 0.00, 8.79, 55.22, 0, 0
2.00, 5.70, 21.71, 21.71, -219.14, 20.00, 4.63, 11.67, 6.57, 0.00, 87.40, 0.00, 25.69, 58.60, 0, 0
2.00, 5.70, 21.75, 21.75, -200.63, 20.00, 4.63, 11.67, 6.57, 0.00, 88.84, 0.00, 40.64, 64.84, 0, 0
2.00, 5.70, 21.75, 21.75, -254.28, 20.00, 4.63, 11.11, 6.08, 0.00, 62.03, 0.00, 53.43, 73.17, 0, 0
2.00, 5.70, 21.75, 21.75, -244.93, 20.00, 4.63, 10.56, 5.47, 0.00, 35.16, 0.00, 64.49, 82.91, 0, 0
2.00, 5.70, 21.83, 21.83, -86.19, 20.00, 4.63, 10.56, 5.58, 0.00, 0.00, 0.00, 0.00, 90.00, 0, 0
2.00, 5.70, 21.88, 21.88, -93.23, 20.00, 4.63, 10.00, 5.09, 0.00, 0.00, 0.00, 0.00, 90.00, 0, 0
2.00, 5.70, 21.90, 21.90, -106.78, 20.00, 4.63, 9.44, 4.48, 0.00, 0.00, 0.00, 0.00, 90.00, 0, 0
2.00, 5.70, 21.93, 21.93, -96.99, 20.00, 4.63, 9.44, 4.48, 0.00, 0.00, 0.00, 0.00, 90.00, 0, 0
2.00, 5.70, 21.85, 21.85, -305.23, 20.00, 4.63, 9.44, 4.48, 0.00, 0.00, 0.00, 0.00, 90.00, 0, 0
2.00, 5.70, 21.69, 21.69, -532.48, 20.00, 4.63, 8.89, 3.99, 0.00, 0.00, 0.00, 0.00, 90.00, 0, 0
2.00, 5.70, 21.56, 21.56, -581.70, 20.00, 4.63, 8.89, 3.88, 0.00, 0.00, 0.00, 0.00, 90.00, 0, 0
2.00, 5.70, 21.44, 21.44, -649.58, 20.00, 4.63, 8.33, 3.38, 0.00, 0.00, 0.00, 0.00, 90.00, 0, 0
2.00, 5.70, 21.34, 21.34, -685.26, 20.00, 4.63, 8.33, 3.27, 0.00, 0.00, 0.00, 0.00, 90.00, 0, 0
2.00, 5.70, 21.25, 21.25, -715.56, 20.00, 4.63, 8.33, 3.38, 0.00, 0.00, 0.00, 0.00, 90.00, 0, 0
2.00, 5.70, 21.16, 21.16, -742.04, 20.00, 4.63, 8.33, 3.38, 0.00, 0.00, 0.00, 0.00, 90.00, 0, 0
2.00, 5.70, 21.08, 21.08, -793.76, 20.00, 4.63, 7.78, 2.89, 0.00, 0.00, 0.00, 0.00, 90.00, 0, 0
2.00, 5.70, 21.00, 21.00, -808.48, 20.00, 4.63, 7.78, 2.89, 0.00, 0.00, 0.00, 0.00, 90.00, 0, 0
2.00, 5.70, 20.94, 20.94, -827.31, 20.00, 4.63, 7.78, 2.89, 0.00, 0.00, 0.00, 0.00, 90.00, 0, 0
2.00, 5.70, 20.93, 20.93, -728.01, 20.00, 4.63, 9.44, 4.59, 0.00, 26.29, 0.00, -64.34, 83.22, 0, 0
2.00, 5.70, 20.99, 20.99, -569.98, 20.00, 4.63, 11.11, 6.29, 0.00, 62.12, 0.00, -53.31, 73.49, 0, 0
2.00, 5.70, 21.10, 21.10, -390.68, 20.00, 4.63, 12.78, 8.00, 0.00, 102.39, 0.00, -40.57, 65.18, 0, 0
2.00, 5.70, 21.20, 21.20, -325.00, 20.00, 4.63, 13.33, 8.51, 0.00, 115.78, 0.00, -25.70, 58.95, 0, 0
2.00, 5.70, 21.32, 21.32, -201.35, 20.00, 4.63, 14.44, 9.51, 0.00, 130.83, 0.00, -8.88, 55.55, 0, 0
2.00, 5.70, 21.36, 21.36, -301.97, 20.00, 4.63, 13.89, 9.01, 0.00, 77.22, 0.00, 8.76, 55.54, 0, 0
2.00, 5.70, 21.47, 21.47, -108.72, 20.00, 4.63, 14.44, 9.51, 0.00, 128.07, 0.00, 25.58, 58.91, 0, 0
2.00, 5.70, 21.48, 21.48, -237.75, 20.00, 4.63, 13.89, 9.01, 0.00, 70.70, 0.00, 40.47, 65.12, 0, 0
2.00, 5.70, 21.48, 21.48, -270.11, 20.00, 4.63, 13.33, 8.40, 0.00, 59.82, 0.00, 53.23, 73.43, 0, 0
2.00, 5.70, 21.49, 21.49, -247.72, 20.00, 4.63, 12.78, 7.90, 0.00, 46.00, 0.00, 64.27, 83.15, 0, 0
2.00, 5.70, 21.57, 21.57, -92.73, 20.00, 4.63, 12.78, 7.90, 0.00, 0.00, 0.00, 0.00, 90.00, 0, 0
2.00, 5.70, 21.62, 21.62, -98.02, 20.00, 4.63, 12.22, 7.29, 0.00, 0.00, 0.00, 0.00, 90.00, 0, 0
2.00, 5.70, 21.65, 21.65, -109.63, 20.00, 4.63, 11.67, 6.79, 0.00, 0.00, 0.00, 0.00, 90.00, 0, 0
2.00, 5.70, 21.67, 21.67, -126.04, 20.00, 4.63, 11.11, 6.19, 0.00, 0.00, 0.00, 0.00, 90.00, 0, 0
2.00, 5.70, 21.60, 21.60, -309.80, 20.00, 4.63, 10.56, 5.69, 0.00, 0.00, 0.00, 0.00, 90.00, 0, 0
2.00, 5.70, 21.45, 21.45, -531.49, 20.00, 4.63, 10.00, 5.09, 0.00, 0.00, 0.00, 0.00, 90.00, 0, 0
2.00, 5.70, 21.32, 21.32, -604.05, 20.00, 4.63, 9.44, 4.48, 0.00, 0.00, 0.00, 0.00, 90.00, 0, 0
2.00, 5.70, 21.21, 21.21, -642.17, 20.00, 4.63, 9.44, 4.48, 0.00, 0.00, 0.00, 0.00, 90.00, 0, 0
2.00, 5.70, 21.10, 21.10, -701.90, 20.00, 4.63, 8.89, 3.88, 0.00, 0.00, 0.00, 0.00, 90.00, 0, 0
2.00, 5.70, 21.00, 21.00, -759.30, 20.00, 4.63, 8.33, 3.38, 0.00, 0.00, 0.00, 0.00, 90.00, 0, 0
2.00, 5.70, 20.89, 20.89, -815.21, 20.00, 4.63, 7.78, 2.78, 0.00, 0.00, 0.00, 0.00, 90.00, 0, 0
2.00, 5.70, 20.79, 20.79, -870.03, 20.00, 4.63, 7.22, 2.29, 0.00, 0.00, 0.00, 0.00, 90.00, 0, 0
2.00, 5.70, 20.69, 20.69, -915.14, 20.00, 4.63, 6.67, 1.69, 0.00, 0.00, 0.00, 0.00, 90.00, 0, 0
2.00, 5.70, 20.59, 20.59, -966.27, 20.00, 4.63, 6.11, 1.19, 0.00, 0.00, 0.00, 0.00, 90.00, 0, 0
2.00, 5.70, 20.59, 20.59, -818.69, 20.00, 4.63, 8.33, 3.38, 0.00, 42.72, 0.00, -64.11, 83.44, 0, 0
2.00, 5.70, 20.65, 20.65, -653.45, 20.00, 4.63, 10.56, 5.58, 0.00, 60.15, 0.00, -53.10, 73.73, 0, 0
2.00, 5.70, 20.76, 20.76, -470.32, 20.00, 4.63, 12.22, 7.29, 0.00, 96.67, 0.00, -40.38, 65.44, 0, 0
2.00, 5.70, 20.91, 20.91, -302.40, 20.00, 4.63, 13.33, 8.40, 0.00, 122.36, 0.00, -25.56, 59.24, 0, 0
2.00, 5.70, 21.13, 21.13, -39.25, 20.00, 4.63, 15.00, 10.00, 0.00, 128.65, 0.00, -8.82, 55.86, 0, 0
2.00, 5.70, 21.32, 21.32, 67.91, 20.00, 4.63, 16.67, 11.61, 0.00, 136.12, 0.00, 8.72, 55.85, 0, 0
2.00, 5.70, 21.53, 21.53, 213.00, 20.00, 4.63, 17.22, 12.11, 0.00, 107.56, 0.00, 25.47, 59.21, 0, 0
2.00, 5.70, 21.67, 21.67, 214.23, 20.00, 4.63, 17.22, 12.11, 0.00, 104.66, 0.00, 40.30, 65.40, 0, 0
2.00, 5.70, 21.65, 21.65, -54.25, 20.00, 4.63, 15.56, 10.50, 0.00, 51.01, 0.00, 53.03, 73.68, 0, 0
2.00, 5.70, 21.63, 21.63, -76.78, 20.00, 4.63, 14.44, 9.39, 0.00, 41.08, 0.00, 64.05, 83.38, 0, 0
2.00, 5.70, 21.68, 21.68, 44.01, 20.00, 4.63, 13.89, 8.90, 0.00, 0.00, 0.00, 0.00, 90.00, 0, 0
2.00, 5.70, 21.72, 21.72, 28.33, 20.00, 4.63, 13.33, 8.28, 0.00, 0.00, 0.00, 0.00, 90.00, 0, 0
2.00, 5.70, 21.73, 21.73, 9.15, 20.00, 4.63, 12.78, 7.79, 0.00, 0.00, 0.00, 0.00, 90.00, 0, 0
2.00, 5.70, 21.74, 21.74, -12.84, 20.00, 4.63, 12.22, 7.18, 0.00, 0.00, 0.00, 0.00, 90.00, 0, 0
2.00, 5.70, 21.66, 21.66, -200.78, 20.00, 4.63, 11.67, 6.57, 0.00, 0.00, 0.00, 0.00, 90.00, 0, 0
2.00, 5.70, 21.50, 21.50, -453.15, 20.00, 4.63, 10.56, 5.58, 0.00, 0.00, 0.00, 0.00, 90.00, 0, 0
2.00, 5.70, 21.35, 21.35, -530.27, 20.00, 4.63, 10.00, 4.98, 0.00, 0.00, 0.00, 0.00, 90.00, 0, 0
2.00, 5.70, 21.22, 21.22, -599.95, 20.00, 4.63, 9.44, 4.37, 0.00, 0.00, 0.00, 0.00, 90.00, 0, 0
2.00, 5.70, 21.10, 21.10, -664.80, 20.00, 4.63, 8.89, 3.76, 0.00, 0.00, 0.00, 0.00, 90.00, 0, 0
2.00, 5.70, 20.98, 20.98, -726.28, 20.00, 4.63, 8.33, 3.27, 0.00, 0.00, 0.00, 0.00, 90.00, 0, 0
2.00, 5.70, 20.87, 20.87, -785.55, 20.00, 4.63, 7.78, 2.67, 0.00, 0.00, 0.00, 0.00, 90.00, 0, 0
2.00, 5.70, 20.76, 20.76, -843.30, 20.00, 4.63, 7.22, 2.06, 0.00, 0.00, 0.00, 0.00, 90.00, 0, 0
2.00, 5.70, 20.66, 20.66, -891.07, 20.00, 4.63, 6.67, 1.58, 0.00, 0.00, 0.00, 0.00, 90.00, 0, 0
2.00, 5.70, 20.55, 20.55, -973.11, 20.00, 4.63, 5.56, 0.48, 0.00, 0.00, 0.00, 0.00, 90.00, 0, 0
2.00, 5.70, 20.54, 20.54, -798.69, 20.00, 4.63, 8.33, 3.27, 0.00, 44.36, 0.00, -63.88, 83.66, 0, 0
2.00, 5.70, 20.60, 20.60, -632.78, 20.00, 4.63, 10.56, 5.47, 0.00, 54.41, 0.00, -52.89, 73.97, 0, 0
2.00, 5.70, 20.71, 20.71, -452.48, 20.00, 4.63, 12.22, 7.06, 0.00, 92.09, 0.00, -40.20, 65.71, 0, 0
2.00, 5.70, 20.86, 20.86, -286.70, 20.00, 4.63, 13.33, 8.16, 0.00, 118.08, 0.00, -25.43, 59.53, 0, 0
2.00, 5.70, 21.03, 21.03, -137.43, 20.00, 4.63, 14.44, 9.27, 0.00, 137.76, 0.00, -8.77, 56.17, 0, 0
2.00, 5.70, 21.18, 21.18, -47.85, 20.00, 4.63, 15.56, 10.24, 0.00, 136.79, 0.00, 8.69, 56.17, 0, 0
2.00, 5.70, 21.31, 21.31, -6.06, 20.00, 4.63, 15.56, 10.24, 0.00, 137.36, 0.00, 25.35, 59.51, 0, 0
2.00, 5.70, 21.38, 21.38, -40.38, 20.00, 4.63, 15.00, 9.76, 0.00, 102.29, 0.00, 40.14, 65.67, 0, 0
2.00, 5.70, 21.43, 21.43, -52.37, 20.00, 4.63, 15.00, 9.62, 0.00, 71.11, 0.00, 52.83, 73.93, 0, 0
2.00, 5.70, 21.42, 21.42, -140.87, 20.00, 4.63, 13.89, 8.51, 0.00, 41.08, 0.00, 63.83, 83.61, 0, 0
2.00, 5.70, 21.47, 21.47, -45.16, 20.00, 4.63, 12.78, 7.41, 0.00, 0.00, 0.00, 0.00, 90.00, 0, 0
2.00, 5.70, 21.49, 21.49, -89.24, 20.00, 4.63, 11.67, 6.31, 0.00, 0.00, 0.00, 0.00, 90.00, 0, 0
2.00, 5.70, 21.48, 21.48, -139.57, 20.00, 4.63, 10.56, 5.21, 0.00, 0.00, 0.00, 0.00, 90.00, 0, 0
2.00, 5.70, 21.45, 21.45, -194.89, 20.00, 4.63, 9.44, 4.12, 0.00, 0.00, 0.00, 0.00, 90.00, 0, 0
2.00, 5.70, 21.33, 21.33, -418.12, 20.00, 4.63, 8.33, 3.03, 0.00, 0.00, 0.00, 0.00, 90.00, 0, 0
2.00, 5.70, 21.15, 21.15, -651.68, 20.00, 4.63, 7.78, 2.28, 0.00, 0.00, 0.00, 0.00, 90.00, 0, 0
2.00, 5.70, 20.94, 20.94, -819.37, 20.00, 4.63, 5.56, 0.53, 0.00, 0.00, 0.00, 0.00, 90.00, 0, 0
2.00, 5.70, 20.75, 20.75, -930.27, 20.00, 4.63, 4.44, -0.68, 0.00, 0.00, 0.00, 0.00, 90.00, 0, 0
2.00, 5.70, 20.57, 20.57, -1037.28, 20.00, 4.63, 3.33, -1.76, 0.00, 0.00, 0.00, 0.00, 90.00, 0, 0
2.00, 5.70, 20.39, 20.39, -1142.08, 20.00, 4.63, 2.22, -2.83, 0.00, 0.00, 0.00, 0.00, 90.00, 0, 0
2.00, 5.70, 20.20, 20.20, -1245.83, 20.00, 4.63, 1.11, -4.04, 0.00, 0.00, 0.00, 0.00, 90.00, 0, 0
2.00, 5.70, 20.02, 20.02, -1349.08, 20.00, 4.63, 0.00, -5.11, 0.00, 0.00, 0.00, 0.00, 90.00, 0, 0
2.00, 5.70, 20.00, 20.00, -1370.82, 20.00, 4.63, -1.11, -6.32, 0.00, 0.00, 0.00, 0.00, 90.00, 0, 0
2.00, 5.70, 20.00, 20.00, -1295.33, 20.00, 4.63, 0.56, -4.65, 0.00, 16.43, 0.00, -63.66, 83.87, 0, 0
2.00, 5.70, 20.00, 20.00, -1114.71, 20.00, 4.63, 2.78, -2.36, 0.00, 62.51, 0.00, -52.69, 74.21, 0, 0
2.00, 5.70, 20.00, 20.00, -995.26, 20.00, 4.63, 4.44, -0.68, 0.00, 88.35, 0.00, -40.03, 65.97, 0, 0
2.00, 5.70, 20.03, 20.03, -903.49, 20.00, 4.63, 5.56, 0.40, 0.00, 105.42, 0.00, -25.31, 59.82, 0, 0
2.00, 5.70, 20.16, 20.16, -644.66, 20.00, 4.63, 7.22, 2.09, 0.00, 139.35, 0.00, -8.72, 56.48, 0, 0
2.00, 5.70, 20.31, 20.31, -493.49, 20.00, 4.63, 9.44, 4.26, 0.00, 126.16, 0.00, 8.65, 56.47, 0, 0
2.00, 5.70, 20.46, 20.46, -374.99, 20.00, 4.63, 10.00, 4.88, 0.00, 106.79, 0.00, 25.24, 59.80, 0, 0
2.00, 5.70, 20.58, 20.58, -328.52, 20.00, 4.63, 10.56, 5.35, 0.00, 100.57, 0.00, 39.97, 65.94, 0, 0
2.00, 5.70, 20.53, 20.53, -619.32, 20.00, 4.63, 8.89, 3.79, 0.00, 50.87, 0.00, 52.64, 74.17, 0, 0
2.00, 5.70, 20.44, 20.44, -746.51, 20.00, 4.63, 7.78, 2.70, 0.00, 29.57, 0.00, 63.62, 83.83, 0, 0
2.00, 5.70, 20.36, 20.36, -786.79, 20.00, 4.63, 6.67, 1.61, 0.00, 0.00, 0.00, 0.00, 90.00, 0, 0
2.00, 5.70, 20.38, 20.38, -624.81, 20.00, 4.63, 6.11, 1.01, 0.00, 0.00, 0.00, 0.00, 90.00, 0, 0
2.00, 5.70, 20.38, 20.38, -644.28, 20.00, 4.63, 5.56, 0.40, 0.00, 0.00, 0.00, 0.00, 90.00, 0, 0
2.00, 5.70, 20.36, 20.36, -668.95, 20.00, 4.63, 5.00, -0.08, 0.00, 0.00, 0.00, 0.00, 90.00, 0, 0
2.00, 5.70, 20.34, 20.34, -697.36, 20.00, 4.63, 4.44, -0.68, 0.00, 0.00, 0.00, 0.00, 90.00, 0, 0
2.00, 5.70, 20.22, 20.22, -921.80, 20.00, 4.63, 3.33, -1.76, 0.00, 0.00, 0.00, 0.00, 90.00, 0, 0
2.00, 5.70, 20.02, 20.02, -1157.15, 20.00, 4.63, 2.78, -2.36, 0.00, 0.00, 0.00, 0.00, 90.00, 0, 0
2.00, 5.70, 19.85, 19.85, -1242.39, 20.00, 4.63, 2.22, -2.96, 0.00, 0.00, 0.00, 0.00, 90.00, 0, 0
2.00, 5.70, 19.68, 19.68, -1320.41, 20.00, 4.63, 1.67, -3.43, 0.00, 0.00, 0.00, 0.00, 90.00, 0, 0
2.00, 5.70, 19.53, 19.53, -1393.85, 20.00, 4.63, 1.11, -4.04, 0.00, 0.00, 0.00, 0.00, 90.00, 0, 0
2.00, 5.70, 19.38, 19.38, -1464.05, 20.00, 4.63, 0.56, -4.65, 0.00, 0.00, 0.00, 0.00, 90.00, 0, 0
2.00, 5.70, 19.24, 19.24, -1531.89, 20.00, 4.63, 0.00, -5.11, 0.00, 0.00, 0.00, 0.00, 90.00, 0, 0
2.00, 5.70, 19.10, 19.10, -1598.23, 20.00, 4.63, -0.56, -5.72, 0.00, 0.00, 0.00, 0.00, 90.00, 0, 0
2.00, 5.70, 20.00, 20.00, -1451.44, 20.00, 4.63, -1.11, -6.18, 0.00, 0.00, 0.00, 0.00, 90.00, 0, 0
2.00, 5.70, 20.00, 20.00, -1439.00, 20.00, 4.63, -0.56, -5.72, 0.00, 8.22, 0.00, -63.45, 84.09, 0, 0
2.00, 5.70, 20.00, 20.00, -1230.44, 20.00, 4.63, 2.22, -2.83, 0.00, 57.05, 0.00, -52.49, 74.44, 0, 0
2.00, 5.70, 20.00, 20.00, -1043.93, 20.00, 4.63, 4.44, -0.68, 0.00, 95.01, 0.00, -39.86, 66.23, 0, 0
2.00, 5.70, 20.00, 20.00, -784.27, 20.00, 4.63, 7.22, 2.09, 0.00, 117.93, 0.00, -25.19, 60.10, 0, 0
2.00, 5.70, 20.11, 20.11, -457.51, 20.00, 4.63, 10.00, 4.88, 0.00, 131.29, 0.00, -8.68, 56.78, 0, 0
2.00, 5.70, 20.18, 20.18, -479.85, 20.00, 4.63, 11.11, 5.97, 0.00, 123.99, 0.00, 8.60, 56.77, 0, 0
2.00, 5.70, 20.28, 20.28, -357.02, 20.00, 4.63, 11.67, 6.59, 0.00, 108.92, 0.00, 25.12, 60.08, 0, 0
2.00, 5.70, 20.35, 20.35, -338.17, 20.00, 4.63, 11.67, 6.59, 0.00, 85.18, 0.00, 39.80, 66.20, 0, 0
2.00, 5.70, 20.32, 20.32, -541.06, 20.00, 4.63, 10.56, 5.49, 0.00, 58.16, 0.00, 52.44, 74.41, 0, 0
2.00, 5.70, 20.20, 20.20, -760.35, 20.00, 4.63, 8.89, 3.79, 0.00, 18.07, 0.00, 63.40, 84.04, 0, 0
2.00, 5.70, 20.12, 20.12, -750.30, 20.00, 4.63, 8.33, 3.17, 0.00, 0.00, 0.00, 0.00, 90.00, 0, 0
2.00, 5.70, 20.14, 20.14, -588.22, 20.00, 4.63, 7.78, 2.56, 0.00, 0.00, 0.00, 0.00, 90.00, 0, 0
2.00, 5.70, 20.13, 20.13, -632.13, 20.00, 4.63, 6.67, 1.48, 0.00, 0.00, 0.00, 0.00, 90.00, 0, 0
2.00, 5.70, 20.11, 20.11, -653.53, 20.00, 4.63, 6.11, 1.01, 0.00, 0.00, 0.00, 0.00, 90.00, 0, 0
2.00, 5.70, 20.09, 20.09, -676.97, 20.00, 4.63, 5.56, 0.40, 0.00, 0.00, 0.00, 0.00, 90.00, 0, 0
2.00, 5.70, 19.97, 19.97, -905.55, 20.00, 4.63, 4.44, -0.68, 0.00, 0.00, 0.00, 0.00, 90.00, 0, 0
2.00, 5.70, 19.78, 19.78, -1143.04, 20.00, 4.63, 3.89, -1.29, 0.00, 0.00, 0.00, 0.00, 90.00, 0, 0
2.00, 5.70, 19.59, 19.59, -1258.06, 20.00, 4.63, 2.78, -2.36, 0.00, 0.00, 0.00, 0.00, 90.00, 0, 0
2.00, 5.70, 19.42, 19.42, -1338.48, 20.00, 4.63, 2.22, -2.96, 0.00, 0.00, 0.00, 0.00, 90.00, 0, 0
2.00, 5.70, 19.24, 19.24, -1442.48, 20.00, 4.63, 1.11, -4.04, 0.00, 0.00, 0.00, 0.00, 90.00, 0, 0
2.00, 5.70, 19.08, 19.08, -1515.69, 20.00, 4.63, 0.56, -4.65, 0.00, 0.00, 0.00, 0.00, 90.00, 0, 0
2.00, 5.70, 18.92, 18.92, -1615.31, 20.00, 4.63, -0.56, -5.72, 0.00, 0.00, 0.00, 0.00, 90.00, 0, 0
2.00, 5.70, 18.76, 18.76, -1685.60, 20.00, 4.63, -1.11, -6.32, 0.00, 0.00, 0.00, 0.00, 90.00, 0, 0
2.00, 5.70, 20.00, 20.00, -1445.33, 20.00, 4.63, -2.22, -7.39, 0.00, 0.00, 0.00, 0.00, 90.00, 0, 0
2.00, 5.70, 20.00, 20.00, -1275.25, 20.00, 4.63, 0.56, -4.65, 0.00, 36.15, 0.00, -63.24, 84.30, 0, 0
2.00, 5.70, 20.00, 20.00, -1079.36, 20.00, 4.63, 3.33, -1.89, 0.00, 54.82, 0.00, -52.30, 74.68, 0, 0
2.00, 5.70, 20.00, 20.00, -887.29, 20.00, 4.63, 5.56, 0.40, 0.00, 92.53, 0.00, -39.70, 66.49, 0, 0
2.00, 5.70, 20.00, 20.00, -591.29, 20.00, 4.63, 8.33, 3.17, 0.00, 114.84, 0.00, -25.08, 60.39, 0, 0
2.00, 5.70, 20.08, 20.08, -393.58, 20.00, 4.63, 10.00, 4.88, 0.00, 118.26, 0.00, -8.64, 57.08, 0, 0
2.00, 5.70, 20.14, 20.14, -380.79, 20.00, 4.63, 11.11, 5.97, 0.00, 120.47, 0.00, 8.56, 57.07, 0, 0
2.00, 5.70, 20.28, 20.28, -168.43, 20.00, 4.63, 12.22, 7.07, 0.00, 109.94, 0.00, 25.00, 60.36, 0, 0
2.00, 5.70, 20.37, 20.37, -184.71, 20.00, 4.63, 12.22, 7.07, 0.00, 83.47, 0.00, 39.64, 66.46, 0, 0
2.00, 5.70, 20.33, 20.33, -434.42, 20.00, 4.63, 10.56, 5.49, 0.00, 56.66, 0.00, 52.25, 74.64, 0, 0
2.00, 5.70, 20.20, 20.20, -653.38, 20.00, 4.63, 8.89, 3.79, 0.00, 27.93, 0.00, 63.19, 84.25, 0, 0
2.00, 5.70, 20.12, 20.12, -659.83, 20.00, 4.63, 8.33, 3.31, 0.00, 0.00, 0.00, 0.00, 90.00, 0, 0
2.00, 5.70, 20.13, 20.13, -499.34, 20.00, 4.63, 7.78, 2.83, 0.00, 0.00, 0.00, 0.00, 90.00, 0, 0
2.00, 5.70, 20.14, 20.14, -517.69, 20.00, 4.63, 7.22, 2.22, 0.00, 0.00, 0.00, 0.00, 90.00, 0, 0
2.00, 5.70, 20.13, 20.13, -538.95, 20.00, 4.63, 6.67, 1.74, 0.00, 0.00, 0.00, 0.00, 90.00, 0, 0
2.00, 5.70, 20.13, 20.13, -535.21, 20.00, 4.63, 6.67, 1.61, 0.00, 0.00, 0.00, 0.00, 90.00, 0, 0
2.00, 5.70, 20.01, 20.01, -781.55, 20.00, 4.63, 6.11, 1.13, 0.00, 0.00, 0.00, 0.00, 90.00, 0, 0
2.00, 5.70, 19.82, 19.82, -1019.36, 20.00, 4.63, 5.56, 0.53, 0.00, 0.00, 0.00, 0.00, 90.00, 0, 0
2.00, 5.70, 19.66, 19.66, -1105.15, 20.00, 4.63, 5.00, 0.05, 0.00, 0.00, 0.00, 0.00, 90.00, 0, 0
2.00, 5.70, 19.52, 19.52, -1153.89, 20.00, 4.63, 5.00, -0.08, 0.00, 0.00, 0.00, 0.00, 90.00, 0, 0
2.00, 5.70, 19.38, 19.38, -1223.30, 20.00, 4.63, 4.44, -0.55, 0.00, 0.00, 0.00, 0.00, 90.00, 0, 0
2.00, 5.70, 19.27, 19.27, -1260.46, 20.00, 4.63, 4.44, -0.55, 0.00, 0.00, 0.00, 0.00, 90.00, 0, 0
2.00, 5.70, 19.15, 19.15, -1321.58, 20.00, 4.63, 3.89, -1.03, 0.00, 0.00, 0.00, 0.00, 90.00, 0, 0
2.00, 5.70, 19.03, 19.03, -1381.47, 20.00, 4.63, 3.33, -1.51, 0.00, 0.00, 0.00, 0.00, 90.00, 0, 0
2.00, 5.70, 20.00, 20.00, -1127.78, 20.00, 4.63, 3.33, -1.63, 0.00, 0.00, 0.00, 0.00, 90.00, 0, 0
2.00, 5.70, 20.00, 20.00, -1103.06, 20.00, 4.63, 3.89, -1.03, 0.00, 8.22, 0.00, -63.04, 84.51, 0, 0
2.00, 5.70, 20.00, 20.00, -968.98, 20.00, 4.63, 5.56, 0.66, 0.00, 46.66, 0.00, -52.12, 74.91, 0, 0
2.00, 5.70, 20.00, 20.00, -922.23, 20.00, 4.63, 6.11, 1.26, 0.00, 55.86, 0.00, -39.55, 66.75, 0, 0
2.00, 5.70, 20.00, 20.00, -839.90, 20.00, 4.63, 7.22, 2.35, 0.00, 70.03, 0.00, -24.97, 60.66, 0, 0
2.00, 5.70, 20.00, 20.00, -781.11, 20.00, 4.63, 7.78, 2.96, 0.00, 84.07, 0.00, -8.61, 57.37, 0, 0
2.00, 5.70, 20.00, 20.00, -697.81, 20.00, 4.63, 8.33, 3.57, 0.00, 110.66, 0.00, 8.51, 57.36, 0, 0
2.00, 5.70, 20.00, 20.00, -753.49, 20.00, 4.63, 8.33, 3.57, 0.00, 64.08, 0.00, 24.88, 60.64, 0, 0
2.00, 5.70, 20.00, 20.00, -757.89, 20.00, 4.63, 8.33, 3.57, 0.00, 59.15, 0.00, 39.47, 66.71, 0, 0
2.00, 5.70, 20.00, 20.00, -843.89, 20.00, 4.63, 7.78, 2.96, 0.00, 16.43, 0.00, 52.05, 74.86, 0, 0
2.00, 5.70, 20.00, 20.00, -920.34, 20.00, 4.63, 6.67, 1.87, 0.00, 6.57, 0.00, 62.98, 84.45, 0, 0
2.00, 5.70, 20.00, 20.00, -850.79, 20.00, 4.63, 6.67, 1.87, 0.00, 0.00, 0.00, 0.00, 90.00, 0, 0
2.00, 5.70, 20.00, 20.00, -676.40, 20.00, 4.63, 6.11, 1.39, 0.00, 0.00, 0.00, 0.00, 90.00, 0, 0
2.00, 5.70, 20.00, 20.00, -657.67, 20.00, 4.63, 6.11, 1.26, 0.00, 0.00, 0.00, 0.00, 90.00, 0, 0
2.00, 5.70, 20.00, 20.00, -669.95, 20.00, 4.63, 5.56, 0.78, 0.00, 0.00, 0.00, 0.00, 90.00, 0, 0
2.00, 5.70, 20.00, 20.00, -659.38, 20.00, 4.63, 5.56, 0.78, 0.00, 0.00, 0.00, 0.00, 90.00, 0, 0
2.00, 5.70, 19.84, 19.84, -912.68, 20.00, 4.63, 5.00, 0.18, 0.00, 0.00, 0.00, 0.00, 90.00, 0, 0
2.00, 5.70, 19.62, 19.62, -1154.72, 20.00, 4.63, 4.44, -0.31, 0.00, 0.00, 0.00, 0.00, 90.00, 0, 0
2.00, 5.70, 19.44, 19.44, -1214.51, 20.00, 4.63, 4.44, -0.43, 0.00, 0.00, 0.00, 0.00, 90.00, 0, 0
2.00, 5.70, 19.27, 19.27, -1291.31, 20.00, 4.63, 3.89, -0.91, 0.00, 0.00, 0.00, 0.00, 90.00, 0, 0
2.00, 5.70, 19.12, 19.12, -1362.58, 20.00, 4.63, 3.33, -1.51, 0.00, 0.00, 0.00, 0.00, 90.00, 0, 0
2.00, 5.70, 18.99, 18.99, -1400.81, 20.00, 4.63, 3.33, -1.51, 0.00, 0.00, 0.00, 0.00, 90.00, 0, 0
2.00, 5.70, 18.87, 18.87, -1462.89, 20.00, 4.63, 2.78, -1.99, 0.00, 0.00, 0.00, 0.00, 90.00, 0, 0
2.00, 5.70, 18.76, 18.76, -1494.51, 20.00, 4.63, 2.78, -2.11, 0.00, 0.00, 0.00, 0.00, 90.00, 0, 0
2.00, 5.70, 20.00, 20.00, -1296.52, 20.00, 4.63, 2.22, -2.59, 0.00, 0.00, 0.00, 0.00, 90.00, 0, 0
2.00, 5.70, 20.00, 20.00, -1205.43, 20.00, 4.63, 3.89, -0.91, 0.00, 21.36, 0.00, -62.84, 84.72, 0, 0
2.00, 5.70, 20.00, 20.00, -990.61, 20.00, 4.63, 6.67, 1.87, 0.00, 60.26, 0.00, -51.94, 75.14, 0, 0
2.00, 5.70, 20.00, 20.00, -772.24, 20.00, 4.63, 9.44, 4.67, 0.00, 87.45, 0.00, -39.40, 67.00, 0, 0
2.00, 5.70, 20.00, 20.00, -668.75, 20.00, 4.63, 10.56, 5.77, 0.00, 118.03, 0.00, -24.87, 60.94, 0, 0
2.00, 5.70, 20.00, 20.00, -610.38, 20.00, 4.63, 11.11, 6.38, 0.00, 125.14, 0.00, -8.58, 57.65, 0, 0
2.00, 5.70, 20.00, 20.00, -490.06, 20.00, 4.63, 12.22, 7.48, 0.00, 129.60, 0.00, 8.46, 57.64, 0, 0
2.00, 5.70, 20.05, 20.05, -384.50, 20.00, 4.63, 13.33, 8.59, 0.00, 117.01, 0.00, 24.76, 60.91, 0, 0
2.00, 5.70, 20.01, 20.01, -543.80, 20.00, 4.63, 12.22, 7.48, 0.00, 76.84, 0.00, 39.30, 66.95, 0, 0
2.00, 5.70, 20.00, 20.00, -566.64, 20.00, 4.63, 11.67, 6.87, 0.00, 59.19, 0.00, 51.86, 75.08, 0, 0
2.00, 5.70, 20.00, 20.00, -756.59, 20.00, 4.63, 10.00, 5.28, 0.00, 13.14, 0.00, 62.77, 84.65, 0, 0
2.00, 5.70, 20.00, 20.00, -731.84, 20.00, 4.63, 9.44, 4.67, 0.00, 0.00, 0.00, 0.00, 90.00, 0, 0
2.00, 5.70, 20.00, 20.00, -564.38, 20.00, 4.63, 8.89, 4.18, 0.00, 0.00, 0.00, 0.00, 90.00, 0, 0
2.00, 5.70, 20.00, 20.00, -576.96, 20.00, 4.63, 8.33, 3.57, 0.00, 0.00, 0.00, 0.00, 90.00, 0, 0
2.00, 5.70, 20.00, 20.00, -593.56, 20.00, 4.63, 7.78, 2.96, 0.00, 0.00, 0.00, 0.00, 90.00, 0, 0
2.00, 5.70, 20.00, 20.00, -586.46, 20.00, 4.63, 7.78, 2.96, 0.00, 0.00, 0.00, 0.00, 90.00, 0, 0
2.00, 5.70, 19.87, 19.87, -813.88, 20.00, 4.63, 6.67, 1.87, 0.00, 0.00, 0.00, 0.00, 90.00, 0, 0
2.00, 5.70, 19.68, 19.68, -1021.01, 20.00, 4.63, 6.67, 1.74, 0.00, 0.00, 0.00, 0.00, 90.00, 0, 0
2.00, 5.70, 19.51, 19.51, -1130.46, 20.00, 4.63, 5.56, 0.78, 0.00, 0.00, 0.00, 0.00, 90.00, 0, 0
2.00, 5.70, 19.35, 19.35, -1205.91, 20.00, 4.63, 5.00, 0.18, 0.00, 0.00, 0.00, 0.00, 90.00, 0, 0
2.00, 5.70, 19.20, 19.20, -1275.68, 20.00, 4.63, 4.44, -0.43, 0.00, 0.00, 0.00, 0.00, 90.00, 0, 0
2.00, 5.70, 19.07, 19.07, -1341.50, 20.00, 4.63, 3.89, -0.91, 0.00, 0.00, 0.00, 0.00, 90.00, 0, 0
2.00, 5.70, 18.94, 18.94, -1404.74, 20.00, 4.63, 3.33, -1.51, 0.00, 0.00, 0.00, 0.00, 90.00, 0, 0
2.00, 5.70, 18.81, 18.81, -1466.18, 20.00, 4.63, 2.78, -2.11, 0.00, 0.00, 0.00, 0.00, 90.00, 0, 0
2.00, 5.70, 20.00, 20.00, -1279.44, 20.00, 4.63, 2.22, -2.71, 0.00, 0.00, 0.00, 0.00, 90.00, 0, 0
2.00, 5.70, 20.00, 20.00, -1194.05, 20.00, 4.63, 3.89, -1.03, 0.00, 18.07, 0.00, -62.65, 84.94, 0, 0
2.00, 5.70, 20.00, 20.00, -1065.89, 20.00, 4.63, 5.56, 0.66, 0.00, 51.53, 0.00, -51.77, 75.37, 0, 0
2.00, 5.70, 20.00, 20.00, -973.38, 20.00, 4.63, 6.67, 1.87, 0.00, 74.81, 0.00, -39.26, 67.25, 0, 0
2.00, 5.70, 20.00, 20.00, -806.74, 20.00, 4.63, 8.33, 3.44, 0.00, 111.50, 0.00, -24.78, 61.21, 0, 0
2.00, 5.70, 20.00, 20.00, -603.86, 20.00, 4.63, 10.00, 5.15, 0.00, 129.43, 0.00, -8.55, 57.94, 0, 0
2.00, 5.70, 20.00, 20.00, -578.05, 20.00, 4.63, 11.11, 6.25, 0.00, 130.42, 0.00, 8.40, 57.92, 0, 0
2.00, 5.70, 20.04, 20.04, -390.29, 20.00, 4.63, 12.22, 7.48, 0.00, 118.43, 0.00, 24.64, 61.17, 0, 0
2.00, 5.70, 20.04, 20.04, -453.91, 20.00, 4.63, 12.22, 7.48, 0.00, 89.34, 0.00, 39.14, 67.19, 0, 0
2.00, 5.70, 20.00, 20.00, -568.65, 20.00, 4.63, 11.67, 6.87, 0.00, 52.72, 0.00, 51.66, 75.30, 0, 0
2.00, 5.70, 20.00, 20.00, -740.71, 20.00, 4.63, 10.00, 5.28, 0.00, 18.07, 0.00, 62.56, 84.85, 0, 0
2.00, 5.70, 20.00, 20.00, -723.21, 20.00, 4.63, 9.44, 4.67, 0.00, 0.00, 0.00, 0.00, 90.00, 0, 0
2.00, 5.70, 20.00, 20.00, -557.26, 20.00, 4.63, 8.89, 4.06, 0.00, 0.00, 0.00, 0.00, 90.00, 0, 0
2.00, 5.70, 20.00, 20.00, -570.81, 20.00, 4.63, 8.33, 3.57, 0.00, 0.00, 0.00, 0.00, 90.00, 0, 0
2.00, 5.70, 20.00, 20.00, -588.20, 20.00, 4.63, 7.78, 2.96, 0.00, 0.00, 0.00, 0.00, 90.00, 0, 0
2.00, 5.70, 20.00, 20.00, -608.08, 20.00, 4.63, 7.22, 2.35, 0.00, 0.00, 0.00, 0.00, 90.00, 0, 0
2.00, 5.70, 19.87, 19.87, -810.82, 20.00, 4.63, 6.67, 1.74, 0.00, 0.00, 0.00, 0.00, 90.00, 0, 0
2.00, 5.70, 19.67, 19.67, -1046.79, 20.00, 4.63, 6.11, 1.26, 0.00, 0.00, 0.00, 0.00, 90.00, 0, 0
2.00, 5.70, 19.49, 19.49, -1130.63, 20.00, 4.63, 5.56, 0.66, 0.00, 0.00, 0.00, 0.00, 90.00, 0, 0
2.00, 5.70, 19.34, 19.34, -1205.98, 20.00, 4.63, 5.00, 0.05, 0.00, 0.00, 0.00, 0.00, 90.00, 0, 0
2.00, 5.70, 19.18, 19.18, -1304.62, 20.00, 4.63, 3.89, -1.03, 0.00, 0.00, 0.00, 0.00, 90.00, 0, 0
2.00, 5.70, 19.03, 19.03, -1372.98, 20.00, 4.63, 3.33, -1.51, 0.00, 0.00, 0.00, 0.00, 90.00, 0, 0
2.00, 5.70, 18.89, 18.89, -1438.28, 20.00, 4.63, 2.78, -2.11, 0.00, 0.00, 0.00, 0.00, 90.00, 0, 0
2.00, 5.70, 18.76, 18.76, -1501.49, 20.00, 4.63, 2.22, -2.71, 0.00, 0.00, 0.00, 0.00, 90.00, 0, 0
2.00, 5.70, 20.00, 20.00, -1306.59, 20.00, 4.63, 1.67, -3.19, 0.00, 0.00, 0.00, 0.00, 90.00, 0, 0
2.00, 5.70, 20.00, 20.00, -1175.88, 20.00, 4.63, 3.89, -1.03, 0.00, 31.22, 0.00, -62.46, 85.14, 0, 0
2.00, 5.70, 20.00, 20.00, -1016.38, 20.00, 4.63, 6.11, 1.26, 0.00, 53.04, 0.00, -51.60, 75.60, 0, 0
2.00, 5.70, 20.00, 20.00, -863.61, 20.00, 4.63, 7.78, 2.96, 0.00, 88.04, 0.00, -39.12, 67.50, 0, 0
2.00, 5.70, 20.00, 20.00, -629.17, 20.00, 4.63, 10.00, 5.28, 0.00, 110.20, 0.00, -24.69, 61.48, 0, 0
2.00, 5.70, 20.05, 20.05, -352.20, 20.00, 4.63, 12.22, 7.48, 0.00, 118.30, 0.00, -8.53, 58.22, 0, 0
2.00, 5.70, 20.08, 20.08, -349.38, 20.00, 4.63, 13.33, 8.71, 0.00, 122.07, 0.00, 8.35, 58.20, 0, 0
2.00, 5.70, 20.13, 20.13, -302.57, 20.00, 4.63, 13.89, 9.20, 0.00, 114.88, 0.00, 24.52, 61.43, 0, 0
2.00, 5.70, 20.14, 20.14, -381.16, 20.00, 4.63, 13.33, 8.71, 0.00, 94.71, 0.00, 38.97, 67.42, 0, 0
2.00, 5.70, 20.07, 20.07, -544.12, 20.00, 4.63, 11.67, 7.11, 0.00, 60.18, 0.00, 51.47, 75.50, 0, 0
2.00, 5.70, 20.00, 20.00, -709.18, 20.00, 4.63, 10.00, 5.40, 0.00, 21.36, 0.00, 62.35, 85.03, 0, 0
2.00, 5.70, 20.00, 20.00, -672.23, 20.00, 4.63, 10.00, 5.40, 0.00, 0.00, 0.00, 0.00, 90.00, 0, 0
2.00, 5.70, 20.01, 20.01, -481.38, 20.00, 4.63, 10.00, 5.40, 0.00, 0.00, 0.00, 0.00, 90.00, 0, 0
2.00, 5.70, 20.01, 20.01, -495.07, 20.00, 4.63, 9.44, 4.90, 0.00, 0.00, 0.00, 0.00, 90.00, 0, 0
2.00, 5.70, 20.02, 20.02, -486.36, 20.00, 4.63, 9.44, 4.90, 0.00, 0.00, 0.00, 0.00, 90.00, 0, 0
2.00, 5.70, 20.03, 20.03, -478.84, 20.00, 4.63, 9.44, 4.90, 0.00, 0.00, 0.00, 0.00, 90.00, 0, 0
2.00, 5.70, 19.96, 19.96, -641.93, 20.00, 4.63, 9.44, 4.90, 0.00, 0.00, 0.00, 0.00, 90.00, 0, 0
2.00, 5.70, 19.82, 19.82, -866.61, 20.00, 4.63, 8.89, 4.40, 0.00, 0.00, 0.00, 0.00, 90.00, 0, 0
2.00, 5.70, 19.71, 19.71, -885.22, 20.00, 4.63, 9.44, 4.79, 0.00, 0.00, 0.00, 0.00, 90.00, 0, 0
2.00, 5.70, 19.62, 19.62, -920.00, 20.00, 4.63, 9.44, 4.79, 0.00, 0.00, 0.00, 0.00, 90.00, 0, 0
2.00, 5.70, 19.54, 19.54, -948.69, 20.00, 4.63, 9.44, 4.90, 0.00, 0.00, 0.00, 0.00, 90.00, 0, 0
2.00, 5.70, 19.47, 19.47, -972.98, 20.00, 4.63, 9.44, 4.90, 0.00, 0.00, 0.00, 0.00, 90.00, 0, 0
2.00, 5.70, 19.41, 19.41, -993.90, 20.00, 4.63, 9.44, 4.90, 0.00, 0.00, 0.00, 0.00, 90.00, 0, 0
2.00, 5.70, 19.35, 19.35, -1012.18, 20.00, 4.63, 9.44, 5.01, 0.00, 0.00, 0.00, 0.00, 90.00, 0, 0
2.00, 5.70, 20.00, 20.00, -881.81, 20.00, 4.63, 9.44, 5.01, 0.00, 0.00, 0.00, 0.00, 90.00, 0, 0
2.00, 5.70, 20.00, 20.00, -859.34, 20.00, 4.63, 10.00, 5.61, 0.00, 6.57, 0.00, -62.28, 85.35, 0, 0
2.00, 5.70, 20.00, 20.00, -726.03, 20.00, 4.63, 11.67, 7.32, 0.00, 45.76, 0.00, -51.44, 75.83, 0, 0
2.00, 5.70, 20.00, 20.00, -635.11, 20.00, 4.63, 12.78, 8.43, 0.00, 67.98, 0.00, -38.99, 67.75, 0, 0
2.00, 5.70, 20.00, 20.00, -602.69, 20.00, 4.63, 13.33, 8.93, 0.00, 65.72, 0.00, -24.61, 61.74, 0, 0
2.00, 5.70, 20.00, 20.00, -546.31, 20.00, 4.63, 13.89, 9.54, 0.00, 79.85, 0.00, -8.52, 58.49, 0, 0
2.00, 5.70, 20.00, 20.00, -547.91, 20.00, 4.63, 13.89, 9.54, 0.00, 70.65, 0.00, 8.29, 58.47, 0, 0
2.00, 5.70, 20.00, 20.00, -526.09, 20.00, 4.63, 14.44, 10.15, 0.00, 62.43, 0.00, 24.40, 61.68, 0, 0
2.00, 5.70, 20.00, 20.00, -502.64, 20.00, 4.63, 14.44, 10.15, 0.00, 57.51, 0.00, 38.80, 67.65, 0, 0
2.00, 5.70, 20.00, 20.00, -620.35, 20.00, 4.63, 13.33, 9.03, 0.00, 6.57, 0.00, 51.28, 75.71, 0, 0
2.00, 5.70, 20.00, 20.00, -658.77, 20.00, 4.63, 12.78, 8.43, 0.00, 3.29, 0.00, 62.14, 85.21, 0, 0
2.00, 5.70, 20.00, 20.00, -584.46, 20.00, 4.63, 12.78, 8.43, 0.00, 0.00, 0.00, 0.00, 90.00, 0, 0
2.00, 5.70, 20.05, 20.05, -401.74, 20.00, 4.63, 12.22, 7.92, 0.00, 0.00, 0.00, 0.00, 90.00, 0, 0
2.00, 5.70, 20.10, 20.10, -376.16, 20.00, 4.63, 12.22, 7.92, 0.00, 0.00, 0.00, 0.00, 90.00, 0, 0
2.00, 5.70, 20.14, 20.14, -382.37, 20.00, 4.63, 11.67, 7.42, 0.00, 0.00, 0.00, 0.00, 90.00, 0, 0
2.00, 5.70, 20.17, 20.17, -366.97, 20.00, 4.63, 11.67, 7.32, 0.00, 0.00, 0.00, 0.00, 90.00, 0, 0
2.00, 5.70, 20.12, 20.12, -518.96, 20.00, 4.63, 11.67, 7.32, 0.00, 0.00, 0.00, 0.00, 90.00, 0, 0
2.00, 5.70, 20.00, 20.00, -734.27, 20.00, 4.63, 11.11, 6.82, 0.00, 0.00, 0.00, 0.00, 90.00, 0, 0
2.00, 5.70, 19.90, 19.90, -773.37, 20.00, 4.63, 11.11, 6.72, 0.00, 0.00, 0.00, 0.00, 90.00, 0, 0
2.00, 5.70, 19.80, 19.80, -831.83, 20.00, 4.63, 10.56, 6.21, 0.00, 0.00, 0.00, 0.00, 90.00, 0, 0
2.00, 5.70, 19.71, 19.71, -887.03, 20.00, 4.63, 10.00, 5.71, 0.00, 0.00, 0.00, 0.00, 90.00, 0, 0
2.00, 5.70, 19.63, 19.63, -912.18, 20.00, 4.63, 10.00, 5.61, 0.00, 0.00, 0.00, 0.00, 90.00, 0, 0
2.00, 5.70, 19.55, 19.55, -961.36, 20.00, 4.63, 9.44, 5.11, 0.00, 0.00, 0.00, 0.00, 90.00, 0, 0
2.00, 5.70, 19.48, 19.48, -982.09, 20.00, 4.63, 9.44, 5.11, 0.00, 0.00, 0.00, 0.00, 90.00, 0, 0
2.00, 5.70, 20.00, 20.00, -899.58, 20.00, 4.63, 8.89, 4.60, 0.00, 0.00, 0.00, 0.00, 90.00, 0, 0
2.00, 5.70, 20.00, 20.00, -807.52, 20.00, 4.63, 10.56, 6.21, 0.00, 19.72, 0.00, -62.11, 85.56, 0, 0
2.00, 5.70, 20.00, 20.00, -723.16, 20.00, 4.63, 11.67, 7.32, 0.00, 41.92, 0.00, -51.29, 76.05, 0, 0
2.00, 5.70, 20.00, 20.00, -664.13, 20.00, 4.63, 12.22, 7.92, 0.00, 61.49, 0.00, -38.87, 67.99, 0, 0
2.00, 5.70, 20.00, 20.00, -575.33, 20.00, 4.63, 13.33, 9.03, 0.00, 80.37, 0.00, -24.53, 62.00, 0, 0
2.00, 5.70, 20.02, 20.02, -481.64, 20.00, 4.63, 14.44, 10.24, 0.00, 97.27, 0.00, -8.51, 58.76, 0, 0
2.00, 5.70, 20.02, 20.02, -503.62, 20.00, 4.63, 14.44, 10.24, 0.00, 73.28, 0.00, 8.22, 58.73, 0, 0
2.00, 5.70, 20.04, 20.04, -469.06, 20.00, 4.63, 14.44, 10.24, 0.00, 87.84, 0.00, 24.27, 61.92, 0, 0
2.00, 5.70, 20.07, 20.07, -443.84, 20.00, 4.63, 14.44, 10.24, 0.00, 75.00, 0.00, 38.64, 67.87, 0, 0
2.00, 5.70, 20.09, 20.09, -453.46, 20.00, 4.63, 14.44, 10.24, 0.00, 52.26, 0.00, 51.09, 75.90, 0, 0
2.00, 5.70, 20.05, 20.05, -556.26, 20.00, 4.63, 13.89, 9.64, 0.00, 13.14, 0.00, 61.94, 85.39, 0, 0
2.00, 5.70, 20.05, 20.05, -524.19, 20.00, 4.63, 13.33, 9.13, 0.00, 0.00, 0.00, 0.00, 90.00, 0, 0
2.00, 5.70, 20.13, 20.13, -342.58, 20.00, 4.63, 12.78, 8.53, 0.00, 0.00, 0.00, 0.00, 90.00, 0, 0
2.00, 5.70, 20.19, 20.19, -317.63, 20.00, 4.63, 12.78, 8.53, 0.00, 0.00, 0.00, 0.00, 90.00, 0, 0
2.00, 5.70, 20.24, 20.24, -324.50, 20.00, 4.63, 12.22, 8.02, 0.00, 0.00, 0.00, 0.00, 90.00, 0, 0
2.00, 5.70, 20.27, 20.27, -336.74, 20.00, 4.63, 11.67, 7.42, 0.00, 0.00, 0.00, 0.00, 90.00, 0, 0
2.00, 5.70, 20.22, 20.22, -489.10, 20.00, 4.63, 11.67, 7.42, 0.00, 0.00, 0.00, 0.00, 90.00, 0, 0
2.00, 5.70, 20.09, 20.09, -704.97, 20.00, 4.63, 11.11, 6.82, 0.00, 0.00, 0.00, 0.00, 90.00, 0, 0
2.00, 5.70, 19.99, 19.99, -744.60, 20.00, 4.63, 11.11, 6.82, 0.00, 0.00, 0.00, 0.00, 90.00, 0, 0
2.00, 5.70, 19.89, 19.89, -803.68, 20.00, 4.63, 10.56, 6.31, 0.00, 0.00, 0.00, 0.00, 90.00, 0, 0
2.00, 5.70, 19.81, 19.81, -831.73, 20.00, 4.63, 10.56, 6.21, 0.00, 0.00, 0.00, 0.00, 90.00, 0, 0
2.00, 5.70, 19.73, 19.73, -882.97, 20.00, 4.63, 10.00, 5.71, 0.00, 0.00, 0.00, 0.00, 90.00, 0, 0
2.00, 5.70, 19.66, 19.66, -905.29, 20.00, 4.63, 10.00, 5.71, 0.00, 0.00, 0.00, 0.00, 90.00, 0, 0
2.00, 5.70, 19.59, 19.59, -952.57, 20.00, 4.63, 9.44, 5.11, 0.00, 0.00, 0.00, 0.00, 90.00, 0, 0
2.00, 5.70, 20.00, 20.00, -787.28, 20.00, 4.63, 9.44, 5.11, 0.00, 0.00, 0.00, 0.00, 90.00, 0, 0
2.00, 5.70, 20.00, 20.00, -761.09, 20.00, 4.63, 10.00, 5.71, 0.00, 4.93, 0.00, -61.94, 85.77, 0, 0
2.00, 5.70, 20.00, 20.00, -623.57, 20.00, 4.63, 11.67, 7.42, 0.00, 44.03, 0.00, -51.14, 76.28, 0, 0
2.00, 5.70, 20.06, 20.06, -420.56, 20.00, 4.63, 13.89, 9.64, 0.00, 84.06, 0.00, -38.75, 68.23, 0, 0
2.00, 5.70, 20.16, 20.16, -276.39, 20.00, 4.63, 15.56, 11.36, 0.00, 107.15, 0.00, -24.46, 62.26, 0, 0
2.00, 5.70, 20.25, 20.25, -240.23, 20.00, 4.63, 16.11, 11.87, 0.00, 100.97, 0.00, -8.50, 59.02, 0, 0
2.00, 5.70, 20.34, 20.34, -198.00, 20.00, 4.63, 16.67, 12.48, 0.00, 97.30, 0.00, 8.16, 58.99, 0, 0
2.00, 5.70, 20.42, 20.42, -164.31, 20.00, 4.63, 16.67, 12.48, 0.00, 96.16, 0.00, 24.15, 62.16, 0, 0
2.00, 5.70, 20.50, 20.50, -115.98, 20.00, 4.63, 16.67, 12.48, 0.00, 85.25, 0.00, 38.47, 68.09, 0, 0
2.00, 5.70, 20.54, 20.54, -153.05, 20.00, 4.63, 16.67, 12.48, 0.00, 51.69, 0.00, 50.90, 76.09, 0, 0
2.00, 5.70, 20.51, 20.51, -302.40, 20.00, 4.63, 15.56, 11.36, 0.00, 11.50, 0.00, 61.73, 85.56, 0, 0
2.00, 5.70, 20.50, 20.50, -272.70, 20.00, 4.63, 15.00, 10.85, 0.00, 0.00, 0.00, 0.00, 90.00, 0, 0
2.00, 5.70, 20.59, 20.59, -86.47, 20.00, 4.63, 14.44, 10.24, 0.00, 0.00, 0.00, 0.00, 90.00, 0, 0
2.00, 5.70, 20.67, 20.67, -57.13, 20.00, 4.63, 14.44, 10.24, 0.00, 0.00, 0.00, 0.00, 90.00, 0, 0
2.00, 5.70, 20.73, 20.73, -59.98, 20.00, 4.63, 13.89, 9.64, 0.00, 0.00, 0.00, 0.00, 90.00, 0, 0
2.00, 5.70, 20.77, 20.77, -68.43, 20.00, 4.63, 13.33, 9.13, 0.00, 0.00, 0.00, 0.00, 90.00, 0, 0
2.00, 5.70, 20.71, 20.71, -270.54, 20.00, 4.63, 13.33, 9.13, 0.00, 0.00, 0.00, 0.00, 90.00, 0, 0
2.00, 5.70, 20.57, 20.57, -491.13, 20.00, 4.63, 12.78, 8.53, 0.00, 0.00, 0.00, 0.00, 90.00, 0, 0
2.00, 5.70, 20.46, 20.46, -561.73, 20.00, 4.63, 12.22, 8.02, 0.00, 0.00, 0.00, 0.00, 90.00, 0, 0
2.00, 5.70, 20.36, 20.36, -597.94, 20.00, 4.63, 12.22, 7.92, 0.00, 0.00, 0.00, 0.00, 90.00, 0, 0
2.00, 5.70, 20.27, 20.27, -654.82, 20.00, 4.63, 11.67, 7.42, 0.00, 0.00, 0.00, 0.00, 90.00, 0, 0
2.00, 5.70, 20.19, 20.19, -681.49, 20.00, 4.63, 11.67, 7.42, 0.00, 0.00, 0.00, 0.00, 90.00, 0, 0
2.00, 5.70, 20.12, 20.12, -731.74, 20.00, 4.63, 11.11, 6.82, 0.00, 0.00, 0.00, 0.00, 90.00, 0, 0
2.00, 5.70, 20.04, 20.04, -781.22, 20.00, 4.63, 10.56, 6.31, 0.00, 0.00, 0.00, 0.00, 90.00, 0, 0
2.00, 5.70, 20.03, 20.03, -684.32, 20.00, 4.63, 10.56, 6.31, 0.00, 0.00, 0.00, 0.00, 90.00, 0, 0
2.00, 5.70, 20.05, 20.05, -619.66, 20.00, 4.63, 11.67, 7.42, 0.00, 13.14, 0.00, -61.78, 85.97, 0, 0
2.00, 5.70, 20.08, 20.08, -570.44, 20.00, 4.63, 12.22, 7.92, 0.00, 26.29, 0.00, -51.00, 76.50, 0, 0
2.00, 5.70, 20.18, 20.18, -373.19, 20.00, 4.63, 14.44, 10.15, 0.00, 75.30, 0.00, -38.64, 68.47, 0, 0
2.00, 5.70, 20.36, 20.36, -146.91, 20.00, 4.63, 16.67, 12.38, 0.00, 110.22, 0.00, -24.40, 62.51, 0, 0
2.00, 5.70, 20.54, 20.54, -9.95, 20.00, 4.63, 18.33, 14.00, 0.00, 117.20, 0.00, -8.50, 59.28, 0, 0
2.00, 5.70, 20.67, 20.67, -9.00, 20.00, 4.63, 18.33, 14.10, 0.00, 105.66, 0.00, 8.09, 59.24, 0, 0
2.00, 5.70, 20.76, 20.76, -29.70, 20.00, 4.63, 18.33, 14.00, 0.00, 74.88, 0.00, 24.02, 62.40, 0, 0
2.00, 5.70, 20.84, 20.84, 14.91, 20.00, 4.63, 18.33, 14.00, 0.00, 77.28, 0.00, 38.31, 68.30, 0, 0
2.00, 5.70, 20.88, 20.88, -43.76, 20.00, 4.63, 17.78, 13.49, 0.00, 49.83, 0.00, 50.71, 76.28, 0, 0
2.00, 5.70, 20.85, 20.85, -167.31, 20.00, 4.63, 16.67, 12.38, 0.00, 11.50, 0.00, 61.53, 85.72, 0, 0
2.00, 5.70, 20.86, 20.86, -135.48, 20.00, 4.63, 16.11, 11.77, 0.00, 0.00, 0.00, 0.00, 90.00, 0, 0
2.00, 5.70, 20.94, 20.94, 25.71, 20.00, 4.63, 15.00, 10.65, 0.00, 0.00, 0.00, 0.00, 90.00, 0, 0
2.00, 5.70, 21.01, 21.01, 27.02, 20.00, 4.63, 14.44, 10.04, 0.00, 0.00, 0.00, 0.00, 90.00, 0, 0
2.00, 5.70, 21.04, 21.04, -6.08, 20.00, 4.63, 13.33, 8.93, 0.00, 0.00, 0.00, 0.00, 90.00, 0, 0
2.00, 5.70, 21.05, 21.05, -46.85, 20.00, 4.63, 12.22, 7.82, 0.00, 0.00, 0.00, 0.00, 90.00, 0, 0
2.00, 5.70, 20.96, 20.96, -282.80, 20.00, 4.63, 11.67, 7.22, 0.00, 0.00, 0.00, 0.00, 90.00, 0, 0
2.00, 5.70, 20.78, 20.78, -538.94, 20.00, 4.63, 10.56, 6.11, 0.00, 0.00, 0.00, 0.00, 90.00, 0, 0
2.00, 5.70, 20.63, 20.63, -618.71, 20.00, 4.63, 10.00, 5.51, 0.00, 0.00, 0.00, 0.00, 90.00, 0, 0
2.00, 5.70, 20.48, 20.48, -718.41, 20.00, 4.63, 8.89, 4.40, 0.00, 0.00, 0.00, 0.00, 90.00, 0, 0
2.00, 5.70, 20.33, 20.33, -815.43, 20.00, 4.63, 7.78, 3.30, 0.00, 0.00, 0.00, 0.00, 90.00, 0, 0
2.00, 5.70, 20.20, 20.20, -882.66, 20.00, 4.63, 7.22, 2.59, 0.00, 0.00, 0.00, 0.00, 90.00, 0, 0
2.00, 5.70, 20.06, 20.06, -975.02, 20.00, 4.63, 6.11, 1.50, 0.00, 0.00, 0.00, 0.00, 90.00, 0, 0
2.00, 5.70, 19.92, 19.92, -1067.78, 20.00, 4.63, 5.00, 0.41, 0.00, 0.00, 0.00, 0.00, 90.00, 0, 0
2.00, 5.70, 20.00, 20.00, -1056.05, 20.00, 4.63, 4.44, -0.19, 0.00, 0.00, 0.00, 0.00, 90.00, 0, 0
2.00, 5.70, 20.00, 20.00, -969.57, 20.00, 4.63, 6.11, 1.39, 0.00, 21.36, 0.00, -61.63, 86.17, 0, 0
2.00, 5.70, 20.00, 20.00, -841.86, 20.00, 4.63, 7.78, 3.20, 0.00, 47.74, 0.00, -50.87, 76.71, 0, 0
2.00, 5.70, 20.05, 20.05, -620.66, 20.00, 4.63, 10.56, 5.89, 0.00, 82.79, 0.00, -38.53, 68.71, 0, 0
2.00, 5.70, 20.20, 20.20, -365.69, 20.00, 4.63, 12.78, 8.21, 0.00, 97.40, 0.00, -24.34, 62.76, 0, 0
2.00, 5.70, 20.42, 20.42, -106.49, 20.00, 4.63, 15.00, 10.43, 0.00, 101.64, 0.00, -8.50, 59.54, 0, 0
2.00, 5.70, 20.59, 20.59, -59.44, 20.00, 4.63, 16.11, 11.54, 0.00, 121.77, 0.00, 8.02, 59.49, 0, 0
2.00, 5.70, 20.75, 20.75, 27.79, 20.00, 4.63, 16.67, 12.04, 0.00, 100.86, 0.00, 23.89, 62.63, 0, 0
2.00, 5.70, 20.89, 20.89, 76.97, 20.00, 4.63, 16.67, 12.04, 0.00, 73.12, 0.00, 38.14, 68.50, 0, 0
2.00, 5.70, 20.91, 20.91, -92.18, 20.00, 4.63, 15.56, 10.93, 0.00, 46.30, 0.00, 50.53, 76.46, 0, 0
2.00, 5.70, 20.84, 20.84, -297.93, 20.00, 4.63, 13.89, 9.32, 0.00, 27.93, 0.00, 61.33, 85.88, 0, 0
2.00, 5.70, 20.79, 20.79, -308.12, 20.00, 4.63, 13.33, 8.71, 0.00, 0.00, 0.00, 0.00, 90.00, 0, 0
2.00, 5.70, 20.84, 20.84, -139.76, 20.00, 4.63, 12.78, 8.10, 0.00, 0.00, 0.00, 0.00, 90.00, 0, 0
2.00, 5.70, 20.86, 20.86, -180.04, 20.00, 4.63, 11.67, 7.11, 0.00, 0.00, 0.00, 0.00, 90.00, 0, 0
2.00, 5.70, 20.87, 20.87, -200.34, 20.00, 4.63, 11.11, 6.50, 0.00, 0.00, 0.00, 0.00, 90.00, 0, 0
2.00, 5.70, 20.87, 20.87, -223.79, 20.00, 4.63, 10.56, 5.89, 0.00, 0.00, 0.00, 0.00, 90.00, 0, 0
2.00, 5.70, 20.78, 20.78, -413.38, 20.00, 4.63, 10.00, 5.40, 0.00, 0.00, 0.00, 0.00, 90.00, 0, 0
2.00, 5.70, 20.63, 20.63, -640.00, 20.00, 4.63, 9.44, 4.79, 0.00, 0.00, 0.00, 0.00, 90.00, 0, 0
2.00, 5.70, 20.47, 20.47, -744.90, 20.00, 4.63, 8.33, 3.69, 0.00, 0.00, 0.00, 0.00, 90.00, 0, 0
2.00, 5.70, 20.35, 20.35, -788.92, 20.00, 4.63, 8.33, 3.69, 0.00, 0.00, 0.00, 0.00, 90.00, 0, 0
2.00, 5.70, 20.23, 20.23, -853.81, 20.00, 4.63, 7.78, 3.08, 0.00, 0.00, 0.00, 0.00, 90.00, 0, 0
2.00, 5.70, 20.12, 20.12, -915.81, 20.00, 4.63, 7.22, 2.48, 0.00, 0.00, 0.00, 0.00, 90.00, 0, 0
2.00, 5.70, 20.00, 20.00, -975.69, 20.00, 4.63, 6.67, 1.99, 0.00, 0.00, 0.00, 0.00, 90.00, 0, 0
2.00, 5.70, 19.90, 19.90, -1034.24, 20.00, 4.63, 6.11, 1.39, 0.00, 0.00, 0.00, 0.00, 90.00, 0, 0
2.00, 5.70, 20.00, 20.00, -1015.87, 20.00, 4.63, 5.56, 0.78, 0.00, 0.00, 0.00, 0.00, 90.00, 0, 0
2.00, 5.70, 20.00, 20.00, -956.03, 20.00, 4.63, 6.67, 1.99, 0.00, 19.72, 0.00, -61.48, 86.37, 0, 0
2.00, 5.70, 20.00, 20.00, -799.89, 20.00, 4.63, 8.89, 4.18, 0.00, 48.47, 0.00, -50.74, 76.93, 0, 0
2.00, 5.70, 20.05, 20.05, -646.90, 20.00, 4.63, 10.56, 5.89, 0.00, 79.30, 0.00, -38.43, 68.94, 0, 0
2.00, 5.70, 20.15, 20.15, -467.55, 20.00, 4.63, 12.22, 7.60, 0.00, 108.32, 0.00, -24.28, 63.01, 0, 0
2.00, 5.70, 20.36, 20.36, -184.40, 20.00, 4.63, 14.44, 9.82, 0.00, 115.17, 0.00, -8.51, 59.79, 0, 0
2.00, 5.70, 20.47, 20.47, -225.90, 20.00, 4.63, 15.00, 10.43, 0.00, 121.37, 0.00, 7.95, 59.73, 0, 0
2.00, 5.70, 20.59, 20.59, -152.18, 20.00, 4.63, 15.56, 10.93, 0.00, 105.10, 0.00, 23.77, 62.85, 0, 0
2.00, 5.70, 20.64, 20.64, -228.52, 20.00, 4.63, 15.00, 10.43, 0.00, 77.44, 0.00, 37.98, 68.70, 0, 0
2.00, 5.70, 20.63, 20.63, -319.43, 20.00, 4.63, 13.89, 9.32, 0.00, 49.43, 0.00, 50.34, 76.63, 0, 0
2.00, 5.70, 20.56, 20.56, -478.05, 20.00, 4.63, 12.78, 8.21, 0.00, 9.86, 0.00, 61.13, 86.03, 0, 0
2.00, 5.70, 20.53, 20.53, -456.92, 20.00, 4.63, 12.22, 7.60, 0.00, 0.00, 0.00, 0.00, 90.00, 0, 0
2.00, 5.70, 20.58, 20.58, -281.18, 20.00, 4.63, 11.67, 7.11, 0.00, 0.00, 0.00, 0.00, 90.00, 0, 0
2.00, 5.70, 20.62, 20.62, -288.86, 20.00, 4.63, 11.11, 6.50, 0.00, 0.00, 0.00, 0.00, 90.00, 0, 0
2.00, 5.70, 20.64, 20.64, -303.02, 20.00, 4.63, 10.56, 6.00, 0.00, 0.00, 0.00, 0.00, 90.00, 0, 0
2.00, 5.70, 20.65, 20.65, -321.86, 20.00, 4.63, 10.00, 5.40, 0.00, 0.00, 0.00, 0.00, 90.00, 0, 0
2.00, 5.70, 20.57, 20.57, -508.01, 20.00, 4.63, 9.44, 4.79, 0.00, 0.00, 0.00, 0.00, 90.00, 0, 0
2.00, 5.70, 20.42, 20.42, -731.83, 20.00, 4.63, 8.89, 4.30, 0.00, 0.00, 0.00, 0.00, 90.00, 0, 0
2.00, 5.70, 20.28, 20.28, -806.45, 20.00, 4.63, 8.33, 3.69, 0.00, 0.00, 0.00, 0.00, 90.00, 0, 0
2.00, 5.70, 20.17, 20.17, -846.33, 20.00, 4.63, 8.33, 3.69, 0.00, 0.00, 0.00, 0.00, 90.00, 0, 0
2.00, 5.70, 20.06, 20.06, -907.91, 20.00, 4.63, 7.78, 3.08, 0.00, 0.00, 0.00, 0.00, 90.00, 0, 0
2.00, 5.70, 19.96, 19.96, -967.05, 20.00, 4.63, 7.22, 2.59, 0.00, 0.00, 0.00, 0.00, 90.00, 0, 0
2.00, 5.70, 19.85, 19.85, -1024.62, 20.00, 4.63, 6.67, 1.99, 0.00, 0.00, 0.00, 0.00, 90.00, 0, 0
2.00, 5.70, 19.75, 19.75, -1081.02, 20.00, 4.63, 6.11, 1.50, 0.00, 0.00, 0.00, 0.00, 90.00, 0, 0
2.00, 5.70, 20.00, 20.00, -1038.58, 20.00, 4.63, 5.56, 0.90, 0.00, 0.00, 0.00, 0.00, 90.00, 0, 0
2.00, 5.70, 20.00, 20.00, -1025.65, 20.00, 4.63, 6.11, 1.50, 0.00, 4.93, 0.00, -61.34, 86.57, 0, 0
2.00, 5.70, 20.00, 20.00, -903.19, 20.00, 4.63, 7.78, 3.08, 0.00, 40.75, 0.00, -50.61, 77.14, 0, 0
2.00, 5.70, 20.00, 20.00, -811.67, 20.00, 4.63, 8.89, 4.30, 0.00, 65.41, 0.00, -38.34, 69.17, 0, 0
2.00, 5.70, 20.00, 20.00, -721.30, 20.00, 4.63, 10.00, 5.40, 0.00, 84.10, 0.00, -24.24, 63.25, 0, 0
2.00, 5.70, 20.06, 20.06, -572.88, 20.00, 4.63, 11.11, 6.50, 0.00, 116.15, 0.00, -8.52, 60.03, 0, 0
2.00, 5.70, 20.16, 20.16, -429.82, 20.00, 4.63, 12.78, 8.21, 0.00, 121.13, 0.00, 7.87, 59.97, 0, 0
2.00, 5.70, 20.28, 20.28, -313.26, 20.00, 4.63, 13.89, 9.32, 0.00, 107.12, 0.00, 23.64, 63.07, 0, 0
2.00, 5.70, 20.30, 20.30, -439.79, 20.00, 4.63, 13.33, 8.71, 0.00, 67.20, 0.00, 37.82, 68.89, 0, 0
2.00, 5.70, 20.30, 20.30, -496.96, 20.00, 4.63, 12.78, 8.21, 0.00, 46.63, 0.00, 50.16, 76.80, 0, 0
2.00, 5.70, 20.24, 20.24, -616.30, 20.00, 4.63, 11.67, 7.11, 0.00, 19.72, 0.00, 60.93, 86.17, 0, 0
2.00, 5.70, 20.21, 20.21, -598.60, 20.00, 4.63, 11.11, 6.50, 0.00, 0.00, 0.00, 0.00, 90.00, 0, 0
2.00, 5.70, 20.27, 20.27, -422.34, 20.00, 4.63, 10.56, 6.00, 0.00, 0.00, 0.00, 0.00, 90.00, 0, 0
2.00, 5.70, 20.32, 20.32, -401.66, 20.00, 4.63, 10.56, 5.89, 0.00, 0.00, 0.00, 0.00, 90.00, 0, 0
2.00, 5.70, 20.34, 20.34, -440.96, 20.00, 4.63, 9.44, 4.79, 0.00, 0.00, 0.00, 0.00, 90.00, 0, 0
2.00, 5.70, 20.35, 20.35, -431.87, 20.00, 4.63, 9.44, 4.79, 0.00, 0.00, 0.00, 0.00, 90.00, 0, 0
2.00, 5.70, 20.28, 20.28, -615.81, 20.00, 4.63, 8.89, 4.18, 0.00, 0.00, 0.00, 0.00, 90.00, 0, 0
2.00, 5.70, 20.13, 20.13, -837.95, 20.00, 4.63, 8.33, 3.69, 0.00, 0.00, 0.00, 0.00, 90.00, 0, 0
2.00, 5.70, 20.00, 20.00, -911.23, 20.00, 4.63, 7.78, 3.08, 0.00, 0.00, 0.00, 0.00, 90.00, 0, 0
2.00, 5.70, 19.86, 19.86, -1006.66, 20.00, 4.63, 6.67, 1.99, 0.00, 0.00, 0.00, 0.00, 90.00, 0, 0
2.00, 5.70, 19.73, 19.73, -1072.16, 20.00, 4.63, 6.11, 1.39, 0.00, 0.00, 0.00, 0.00, 90.00, 0, 0
2.00, 5.70, 19.61, 19.61, -1134.40, 20.00, 4.63, 5.56, 0.90, 0.00, 0.00, 0.00, 0.00, 90.00, 0, 0
2.00, 5.70, 19.50, 19.50, -1194.59, 20.00, 4.63, 5.00, 0.30, 0.00, 0.00, 0.00, 0.00, 90.00, 0, 0
2.00, 5.70, 19.38, 19.38, -1253.39, 20.00, 4.63, 4.44, -0.31, 0.00, 0.00, 0.00, 0.00, 90.00, 0, 0
2.00, 5.70, 20.00, 20.00, -1154.13, 20.00, 4.63, 3.89, -0.91, 0.00, 0.00, 0.00, 0.00, 90.00, 0, 0
2.00, 5.70, 20.00, 20.00, -1098.15, 20.00, 4.63, 5.00, 0.30, 0.00, 16.43, 0.00, -61.20, 86.77, 0, 0
2.00, 5.70, 20.00, 20.00, -958.43, 20.00, 4.63, 6.67, 1.99, 0.00, 49.39, 0.00, -50.50, 77.35, 0, 0
2.00, 5.70, 20.00, 20.00, -855.95, 20.00, 4.63, 7.78, 3.08, 0.00, 79.22, 0.00, -38.25, 69.39, 0, 0
2.00, 5.70, 20.00, 20.00, -715.45, 20.00, 4.63, 8.89, 4.30, 0.00, 102.33, 0.00, -24.19, 63.49, 0, 0
2.00, 5.70, 20.00, 20.00, -607.29, 20.00, 4.63, 10.00, 5.40, 0.00, 120.50, 0.00, -8.54, 60.27, 0, 0
2.00, 5.70, 20.00, 20.00, -625.29, 20.00, 4.63, 10.56, 5.89, 0.00, 107.30, 0.00, 7.80, 60.20, 0, 0
2.00, 5.70, 20.00, 20.00, -850.73, 20.00, 4.63, 8.89, 4.30, 0.00, 9.29, 0.00, 23.51, 63.28, 0, 0
2.00, 5.70, 20.00, 20.00, -905.24, 20.00, 4.63, 7.78, 3.20, 0.00, 4.93, 0.00, 37.65, 69.07, 0, 0
2.00, 5.70, 20.00, 20.00, -920.01, 20.00, 4.63, 7.22, 2.59, 0.00, 23.00, 0.00, 49.98, 76.96, 0, 0
2.00, 5.70, 20.00, 20.00, -984.86, 20.00, 4.63, 6.67, 1.99, 0.00, 1.64, 0.00, 60.74, 86.31, 0, 0
2.00, 5.70, 20.00, 20.00, -910.26, 20.00, 4.63, 6.67, 1.99, 0.00, 0.00, 0.00, 0.00, 90.00, 0, 0
2.00, 5.70, 20.00, 20.00, -710.83, 20.00, 4.63, 6.67, 1.99, 0.00, 0.00, 0.00, 0.00, 90.00, 0, 0
2.00, 5.70, 20.00, 20.00, -719.13, 20.00, 4.63, 6.11, 1.50, 0.00, 0.00, 0.00, 0.00, 90.00, 0, 0
2.00, 5.70, 20.00, 20.00, -706.46, 20.00, 4.63, 6.11, 1.50, 0.00, 0.00, 0.00, 0.00, 90.00, 0, 0
2.00, 5.70, 20.00, 20.00, -696.59, 20.00, 4.63, 6.11, 1.50, 0.00, 0.00, 0.00, 0.00, 90.00, 0, 0
2.00, 5.70, 19.88, 19.88, -866.69, 20.00, 4.63, 6.11, 1.50, 0.00, 0.00, 0.00, 0.00, 90.00, 0, 0
2.00, 5.70, 19.71, 19.71, -1069.05, 20.00, 4.63, 6.11, 1.39, 0.00, 0.00, 0.00, 0.00, 90.00, 0, 0
2.00, 5.70, 19.55, 19.55, -1146.62, 20.00, 4.63, 5.56, 0.90, 0.00, 0.00, 0.00, 0.00, 90.00, 0, 0
2.00, 5.70, 19.42, 19.42, -1188.46, 20.00, 4.63, 5.56, 0.90, 0.00, 0.00, 0.00, 0.00, 90.00, 0, 0
2.00, 5.70, 19.31, 19.31, -1223.26, 20.00, 4.63, 5.56, 0.90, 0.00, 0.00, 0.00, 0.00, 90.00, 0, 0
2.00, 5.70, 19.20, 19.20, -1281.73, 20.00, 4.63, 5.00, 0.30, 0.00, 0.00, 0.00, 0.00, 90.00, 0, 0
2.00, 5.70, 19.10, 19.10, -1310.05, 20.00, 4.63, 5.00, 0.30, 0.00, 0.00, 0.00, 0.00, 90.00, 0, 0
2.00, 5.70, 19.02, 19.02, -1335.01, 20.00, 4.63, 5.00, 0.30, 0.00, 0.00, 0.00, 0.00, 90.00, 0, 0
2.00, 5.70, 20.00, 20.00, -1178.88, 20.00, 4.63, 4.44, -0.19, 0.00, 0.00, 0.00, 0.00, 90.00, 0, 0
2.00, 5.70, 20.00, 20.00, -1160.53, 20.00, 4.63, 5.00, 0.41, 0.00, 6.57, 0.00, -61.07, 86.96, 0, 0
2.00, 5.70, 20.00, 20.00, -1033.87, 20.00, 4.63, 6.67, 1.99, 0.00, 41.38, 0.00, -50.39, 77.56, 0, 0
2.00, 5.70, 20.00, 20.00, -886.74, 20.00, 4.63, 8.33, 3.69, 0.00, 78.63, 0.00, -38.17, 69.62, 0, 0
2.00, 5.70, 20.00, 20.00, -724.26, 20.00, 4.63, 10.00, 5.40, 0.00, 105.63, 0.00, -24.16, 63.72, 0, 0
2.00, 5.70, 20.00, 20.00, -647.54, 20.00, 4.63, 11.11, 6.50, 0.00, 111.40, 0.00, -8.55, 60.50, 0, 0
2.00, 5.70, 20.00, 20.00, -667.36, 20.00, 4.63, 11.11, 6.50, 0.00, 101.96, 0.00, 7.72, 60.42, 0, 0
2.00, 5.70, 20.00, 20.00, -668.98, 20.00, 4.63, 11.11, 6.61, 0.00, 86.15, 0.00, 23.38, 63.48, 0, 0
2.00, 5.70, 20.00, 20.00, -805.55, 20.00, 4.63, 10.00, 5.51, 0.00, 14.34, 0.00, 37.49, 69.25, 0, 0
2.00, 5.70, 20.00, 20.00, -826.14, 20.00, 4.63, 9.44, 4.90, 0.00, 26.29, 0.00, 49.80, 77.11, 0, 0
2.00, 5.70, 20.00, 20.00, -893.15, 20.00, 4.63, 8.89, 4.30, 0.00, 1.64, 0.00, 60.55, 86.45, 0, 0
2.00, 5.70, 20.00, 20.00, -844.10, 20.00, 4.63, 8.33, 3.80, 0.00, 0.00, 0.00, 0.00, 90.00, 0, 0
2.00, 5.70, 20.00, 20.00, -643.85, 20.00, 4.63, 8.33, 3.80, 0.00, 0.00, 0.00, 0.00, 90.00, 0, 0
2.00, 5.70, 20.00, 20.00, -624.59, 20.00, 4.63, 8.33, 3.69, 0.00, 0.00, 0.00, 0.00, 90.00, 0, 0
2.00, 5.70, 20.00, 20.00, -635.97, 20.00, 4.63, 7.78, 3.20, 0.00, 0.00, 0.00, 0.00, 90.00, 0, 0
2.00, 5.70, 20.00, 20.00, -624.80, 20.00, 4.63, 7.78, 3.20, 0.00, 0.00, 0.00, 0.00, 90.00, 0, 0
2.00, 5.70, 19.88, 19.88, -820.12, 20.00, 4.63, 7.22, 2.59, 0.00, 0.00, 0.00, 0.00, 90.00, 0, 0
2.00, 5.70, 19.70, 19.70, -1021.75, 20.00, 4.63, 7.22, 2.59, 0.00, 0.00, 0.00, 0.00, 90.00, 0, 0
2.00, 5.70, 19.55, 19.55, -1098.10, 20.00, 4.63, 6.67, 2.10, 0.00, 0.00, 0.00, 0.00, 90.00, 0, 0
2.00, 5.70, 19.42, 19.42, -1138.77, 20.00, 4.63, 6.67, 1.99, 0.00, 0.00, 0.00, 0.00, 90.00, 0, 0
2.00, 5.70, 19.30, 19.30, -1200.70, 20.00, 4.63, 6.11, 1.50, 0.00, 0.00, 0.00, 0.00, 90.00, 0, 0
2.00, 5.70, 19.19, 19.19, -1231.42, 20.00, 4.63, 6.11, 1.39, 0.00, 0.00, 0.00, 0.00, 90.00, 0, 0
2.00, 5.70, 19.09, 19.09, -1286.34, 20.00, 4.63, 5.56, 0.90, 0.00, 0.00, 0.00, 0.00, 90.00, 0, 0
2.00, 5.70, 19.00, 19.00, -1311.83, 20.00, 4.63, 5.56, 0.90, 0.00, 0.00, 0.00, 0.00, 90.00, 0, 0
2.00, 5.70, 20.00, 20.00, -1078.99, 20.00, 4.63, 5.00, 0.41, 0.00, 0.00, 0.00, 0.00, 90.00, 0, 0
2.00, 5.70, 20.00, 20.00, -1019.13, 20.00, 4.63, 6.11, 1.39, 0.00, 11.50, 0.00, -60.94, 87.15, 0, 0
2.00, 5.70, 20.00, 20.00, -924.21, 20.00, 4.63, 7.22, 2.59, 0.00, 37.89, 0.00, -50.28, 77.77, 0, 0
2.00, 5.70, 20.00, 20.00, -709.41, 20.00, 4.63, 9.44, 4.90, 0.00, 79.76, 0.00, -38.10, 69.83, 0, 0
2.00, 5.70, 20.00, 20.00, -630.13, 20.00, 4.63, 10.56, 6.00, 0.00, 94.89, 0.00, -24.12, 63.95, 0, 0
2.00, 5.70, 20.04, 20.04, -405.51, 20.00, 4.63, 12.22, 7.60, 0.00, 116.66, 0.00, -8.58, 60.73, 0, 0
2.00, 5.70, 20.09, 20.09, -361.92, 20.00, 4.63, 13.33, 8.71, 0.00, 112.23, 0.00, 7.64, 60.64, 0, 0
2.00, 5.70, 20.15, 20.15, -308.34, 20.00, 4.63, 13.89, 9.32, 0.00, 99.07, 0.00, 23.25, 63.68, 0, 0
2.00, 5.70, 20.18, 20.18, -330.28, 20.00, 4.63, 13.89, 9.20, 0.00, 80.55, 0.00, 37.33, 69.43, 0, 0
2.00, 5.70, 20.10, 20.10, -574.55, 20.00, 4.63, 12.22, 7.60, 0.00, 5.46, 0.00, 49.62, 77.26, 0, 0
2.00, 5.70, 20.01, 20.01, -651.32, 20.00, 4.63, 11.11, 6.50, 0.00, 0.00, 0.00, 60.35, 86.57, 0, 0
2.00, 5.70, 20.00, 20.00, -611.14, 20.00, 4.63, 10.56, 5.89, 0.00, 0.00, 0.00, 0.00, 90.00, 0, 0
2.00, 5.70, 20.05, 20.05, -436.02, 20.00, 4.63, 10.00, 5.28, 0.00, 0.00, 0.00, 0.00, 90.00, 0, 0
2.00, 5.70, 20.07, 20.07, -442.87, 20.00, 4.63, 9.44, 4.79, 0.00, 0.00, 0.00, 0.00, 90.00, 0, 0
2.00, 5.70, 20.09, 20.09, -455.34, 20.00, 4.63, 8.89, 4.18, 0.00, 0.00, 0.00, 0.00, 90.00, 0, 0
2.00, 5.70, 20.09, 20.09, -471.65, 20.00, 4.63, 8.33, 3.57, 0.00, 0.00, 0.00, 0.00, 90.00, 0, 0
2.00, 5.70, 19.99, 19.99, -713.52, 20.00, 4.63, 7.78, 3.08, 0.00, 0.00, 0.00, 0.00, 90.00, 0, 0
2.00, 5.70, 19.81, 19.81, -946.95, 20.00, 4.63, 7.22, 2.48, 0.00, 0.00, 0.00, 0.00, 90.00, 0, 0
2.00, 5.70, 19.65, 19.65, -1028.67, 20.00, 4.63, 6.67, 1.87, 0.00, 0.00, 0.00, 0.00, 90.00, 0, 0
2.00, 5.70, 19.49, 19.49, -1130.83, 20.00, 4.63, 5.56, 0.78, 0.00, 0.00, 0.00, 0.00, 90.00, 0, 0
2.00, 5.70, 19.35, 19.35, -1201.54, 20.00, 4.63, 5.00, 0.18, 0.00, 0.00, 0.00, 0.00, 90.00, 0, 0
2.00, 5.70, 19.21, 19.21, -1268.10, 20.00, 4.63, 4.44, -0.43, 0.00, 0.00, 0.00, 0.00, 90.00, 0, 0
2.00, 5.70, 19.07, 19.07, -1360.76, 20.00, 4.63, 3.33, -1.51, 0.00, 0.00, 0.00, 0.00, 90.00, 0, 0
2.00, 5.70, 18.94, 18.94, -1425.00, 20.00, 4.63, 2.78, -2.11, 0.00, 0.00, 0.00, 0.00, 90.00, 0, 0
2.00, 5.70, 20.00, 20.00, -1212.39, 20.00, 4.63, 1.67, -3.19, 0.00, 0.00, 0.00, 0.00, 90.00, 0, 0
2.00, 5.70, 20.00, 20.00, -1119.37, 20.00, 4.63, 3.33, -1.51, 0.00, 19.72, 0.00, -60.83, 87.35, 0, 0
2.00, 5.70, 20.00, 20.00, -946.71, 20.00, 4.63, 5.56, 0.78, 0.00, 49.01, 0.00, -50.18, 77.97, 0, 0
2.00, 5.70, 20.00, 20.00, -797.32, 20.00, 4.63, 7.22, 2.48, 0.00, 76.99, 0.00, -38.03, 70.05, 0, 0
2.00, 5.70, 20.00, 20.00, -645.56, 20.00, 4.63, 8.89, 4.18, 0.00, 95.85, 0.00, -24.10, 64.17, 0, 0
2.00, 5.70, 20.00, 20.00, -512.98, 20.00, 4.63, 10.00, 5.28, 0.00, 113.23, 0.00, -8.61, 60.96, 0, 0
2.00, 5.70, 20.00, 20.00, -493.34, 20.00, 4.63, 10.56, 5.89, 0.00, 113.97, 0.00, 7.55, 60.85, 0, 0
2.00, 5.70, 20.03, 20.03, -442.10, 20.00, 4.63, 11.11, 6.50, 0.00, 102.95, 0.00, 23.12, 63.87, 0, 0
2.00, 5.70, 20.07, 20.07, -396.26, 20.00, 4.63, 11.11, 6.50, 0.00, 85.41, 0.00, 37.17, 69.59, 0, 0
2.00, 5.70, 20.00, 20.00, -652.76, 20.00, 4.63, 9.44, 4.90, 0.00, 35.03, 0.00, 49.44, 77.40, 0, 0
2.00, 5.70, 20.00, 20.00, -760.84, 20.00, 4.63, 8.33, 3.69, 0.00, 9.86, 0.00, 60.16, 86.70, 0, 0
2.00, 5.70, 20.00, 20.00, -705.15, 20.00, 4.63, 8.33, 3.69, 0.00, 0.00, 0.00, 0.00, 90.00, 0, 0
2.00, 5.70, 20.00, 20.00, -537.50, 20.00, 4.63, 7.78, 3.20, 0.00, 0.00, 0.00, 0.00, 90.00, 0, 0
2.00, 5.70, 20.00, 20.00, -523.78, 20.00, 4.63, 7.78, 3.20, 0.00, 0.00, 0.00, 0.00, 90.00, 0, 0
2.00, 5.70, 20.01, 20.01, -513.20, 20.00, 4.63, 7.78, 3.20, 0.00, 0.00, 0.00, 0.00, 90.00, 0, 0
2.00, 5.70, 20.02, 20.02, -504.36, 20.00, 4.63, 7.78, 3.20, 0.00, 0.00, 0.00, 0.00, 90.00, 0, 0
2.00, 5.70, 19.92, 19.92, -719.72, 20.00, 4.63, 7.78, 3.30, 0.00, 0.00, 0.00, 0.00, 90.00, 0, 0
2.00, 5.70, 19.77, 19.77, -923.97, 20.00, 4.63, 7.78, 3.30, 0.00, 0.00, 0.00, 0.00, 90.00, 0, 0
2.00, 5.70, 19.64, 19.64, -974.39, 20.00, 4.63, 7.78, 3.20, 0.00, 0.00, 0.00, 0.00, 90.00, 0, 0
2.00, 5.70, 19.55, 19.55, -986.61, 20.00, 4.63, 8.33, 3.69, 0.00, 0.00, 0.00, 0.00, 90.00, 0, 0
2.00, 5.70, 19.46, 19.46, -1017.69, 20.00, 4.63, 8.33, 3.80, 0.00, 0.00, 0.00, 0.00, 90.00, 0, 0
2.00, 5.70, 19.40, 19.40, -1016.14, 20.00, 4.63, 8.89, 4.30, 0.00, 0.00, 0.00, 0.00, 90.00, 0, 0
2.00, 5.70, 19.34, 19.34, -1036.76, 20.00, 4.63, 8.89, 4.40, 0.00, 0.00, 0.00, 0.00, 90.00, 0, 0
2.00, 5.70, 19.30, 19.30, -1027.11, 20.00, 4.63, 9.44, 5.01, 0.00, 0.00, 0.00, 0.00, 90.00, 0, 0
2.00, 5.70, 20.00, 20.00, -887.58, 20.00, 4.63, 9.44, 5.01, 0.00, 0.00, 0.00, 0.00, 90.00, 0, 0
2.00, 5.70, 20.00, 20.00, -871.78, 20.00, 4.63, 10.00, 5.61, 0.00, 1.64, 0.00, -60.71, 87.53, 0, 0
2.00, 5.70, 20.00, 20.00, -836.46, 20.00, 4.63, 10.56, 6.11, 0.00, 11.50, 0.00, -50.09, 78.17, 0, 0
2.00, 5.70, 20.00, 20.00, -790.56, 20.00, 4.63, 11.11, 6.72, 0.00, 26.29, 0.00, -37.97, 70.26, 0, 0
2.00, 5.70, 20.00, 20.00, -670.08, 20.00, 4.63, 12.22, 7.82, 0.00, 70.65, 0.00, -24.07, 64.39, 0, 0
2.00, 5.70, 20.02, 20.02, -449.63, 20.00, 4.63, 14.44, 10.04, 0.00, 113.57, 0.00, -8.64, 61.17, 0, 0
2.00, 5.70, 20.09, 20.09, -331.99, 20.00, 4.63, 16.11, 11.77, 0.00, 114.87, 0.00, 7.47, 61.06, 0, 0
2.00, 5.70, 20.15, 20.15, -323.23, 20.00, 4.63, 16.67, 12.38, 0.00, 94.50, 0.00, 22.99, 64.05, 0, 0
2.00, 5.70, 20.18, 20.18, -344.20, 20.00, 4.63, 16.67, 12.38, 0.00, 62.44, 0.00, 37.01, 69.75, 0, 0
2.00, 5.70, 20.19, 20.19, -363.95, 20.00, 4.63, 16.11, 11.77, 0.00, 46.90, 0.00, 49.26, 77.54, 0, 0
2.00, 5.70, 20.17, 20.17, -458.19, 20.00, 4.63, 15.56, 11.26, 0.00, 18.07, 0.00, 59.98, 86.81, 0, 0
2.00, 5.70, 20.16, 20.16, -431.71, 20.00, 4.63, 15.00, 10.65, 0.00, 0.00, 0.00, 0.00, 90.00, 0, 0
2.00, 5.70, 20.25, 20.25, -247.24, 20.00, 4.63, 14.44, 10.15, 0.00, 0.00, 0.00, 0.00, 90.00, 0, 0
2.00, 5.70, 20.32, 20.32, -219.29, 20.00, 4.63, 14.44, 10.04, 0.00, 0.00, 0.00, 0.00, 90.00, 0, 0
2.00, 5.70, 20.37, 20.37, -223.10, 20.00, 4.63, 13.89, 9.54, 0.00, 0.00, 0.00, 0.00, 90.00, 0, 0
2.00, 5.70, 20.41, 20.41, -232.46, 20.00, 4.63, 13.33, 8.93, 0.00, 0.00, 0.00, 0.00, 90.00, 0, 0
2.00, 5.70, 20.35, 20.35, -409.67, 20.00, 4.63, 12.78, 8.43, 0.00, 0.00, 0.00, 0.00, 90.00, 0, 0
2.00, 5.70, 20.24, 20.24, -597.71, 20.00, 4.63, 12.78, 8.32, 0.00, 0.00, 0.00, 0.00, 90.00, 0, 0
2.00, 5.70, 20.12, 20.12, -689.52, 20.00, 4.63, 11.67, 7.32, 0.00, 0.00, 0.00, 0.00, 90.00, 0, 0
2.00, 5.70, 20.01, 20.01, -750.57, 20.00, 4.63, 11.11, 6.72, 0.00, 0.00, 0.00, 0.00, 90.00, 0, 0
2.00, 5.70, 19.91, 19.91, -807.58, 20.00, 4.63, 10.56, 6.11, 0.00, 0.00, 0.00, 0.00, 90.00, 0, 0
2.00, 5.70, 19.82, 19.82, -861.95, 20.00, 4.63, 10.00, 5.51, 0.00, 0.00, 0.00, 0.00, 90.00, 0, 0
2.00, 5.70, 19.71, 19.71, -942.59, 20.00, 4.63, 8.89, 4.40, 0.00, 0.00, 0.00, 0.00, 90.00, 0, 0
2.00, 5.70, 19.61, 19.61, -996.42, 20.00, 4.63, 8.33, 3.91, 0.00, 0.00, 0.00, 0.00, 90.00, 0, 0
2.00, 5.70, 20.00, 20.00, -933.28, 20.00, 4.63, 7.78, 3.30, 0.00, 0.00, 0.00, 0.00, 90.00, 0, 0
2.00, 5.70, 20.00, 20.00, -910.26, 20.00, 4.63, 8.33, 3.91, 0.00, 9.86, 0.00, -60.61, 87.72, 0, 0
2.00, 5.70, 20.00, 20.00, -791.53, 20.00, 4.63, 10.00, 5.51, 0.00, 39.74, 0.00, -50.01, 78.37, 0, 0
2.00, 5.70, 20.00, 20.00, -642.42, 20.00, 4.63, 11.67, 7.22, 0.00, 76.24, 0.00, -37.91, 70.47, 0, 0
2.00, 5.70, 20.00, 20.00, -613.02, 20.00, 4.63, 12.22, 7.82, 0.00, 77.82, 0.00, -24.06, 64.60, 0, 0
2.00, 5.70, 20.00, 20.00, -576.33, 20.00, 4.63, 12.78, 8.32, 0.00, 79.12, 0.00, -8.67, 61.39, 0, 0
2.00, 5.70, 20.05, 20.05, -460.88, 20.00, 4.63, 13.89, 9.43, 0.00, 104.49, 0.00, 7.38, 61.26, 0, 0
2.00, 5.70, 20.13, 20.13, -346.62, 20.00, 4.63, 14.44, 10.04, 0.00, 101.56, 0.00, 22.86, 64.23, 0, 0
2.00, 5.70, 20.22, 20.22, -281.04, 20.00, 4.63, 15.00, 10.55, 0.00, 72.44, 0.00, 36.85, 69.91, 0, 0
2.00, 5.70, 20.24, 20.24, -382.65, 20.00, 4.63, 14.44, 10.04, 0.00, 42.78, 0.00, 49.09, 77.67, 0, 0
2.00, 5.70, 20.19, 20.19, -512.22, 20.00, 4.63, 13.89, 9.43, 0.00, 13.14, 0.00, 59.79, 86.92, 0, 0
2.00, 5.70, 20.16, 20.16, -512.05, 20.00, 4.63, 12.78, 8.32, 0.00, 0.00, 0.00, 0.00, 90.00, 0, 0
2.00, 5.70, 20.23, 20.23, -335.49, 20.00, 4.63, 12.22, 7.72, 0.00, 0.00, 0.00, 0.00, 90.00, 0, 0
2.00, 5.70, 20.27, 20.27, -341.70, 20.00, 4.63, 11.67, 7.11, 0.00, 0.00, 0.00, 0.00, 90.00, 0, 0
2.00, 5.70, 20.28, 20.28, -381.61, 20.00, 4.63, 10.56, 6.00, 0.00, 0.00, 0.00, 0.00, 90.00, 0, 0
2.00, 5.70, 20.29, 20.29, -399.61, 20.00, 4.63, 10.00, 5.40, 0.00, 0.00, 0.00, 0.00, 90.00, 0, 0
2.00, 5.70, 20.21, 20.21, -586.31, 20.00, 4.63, 9.44, 4.79, 0.00, 0.00, 0.00, 0.00, 90.00, 0, 0
2.00, 5.70, 20.04, 20.04, -838.44, 20.00, 4.63, 8.33, 3.69, 0.00, 0.00, 0.00, 0.00, 90.00, 0, 0
2.00, 5.70, 19.89, 19.89, -915.27, 20.00, 4.63, 7.78, 3.20, 0.00, 0.00, 0.00, 0.00, 90.00, 0, 0
2.00, 5.70, 19.76, 19.76, -985.04, 20.00, 4.63, 7.22, 2.59, 0.00, 0.00, 0.00, 0.00, 90.00, 0, 0
2.00, 5.70, 19.62, 19.62, -1078.72, 20.00, 4.63, 6.11, 1.50, 0.00, 0.00, 0.00, 0.00, 90.00, 0, 0
2.00, 5.70, 19.49, 19.49, -1143.24, 20.00, 4.63, 5.56, 0.90, 0.00, 0.00, 0.00, 0.00, 90.00, 0, 0
2.00, 5.70, 19.36, 19.36, -1205.16, 20.00, 4.63, 5.00, 0.30, 0.00, 0.00, 0.00, 0.00, 90.00, 0, 0
2.00, 5.70, 19.23, 19.23, -1294.27, 20.00, 4.63, 3.89, -0.91, 0.00, 0.00, 0.00, 0.00, 90.00, 0, 0
2.00, 5.70, 20.00, 20.00, -1173.27, 20.00, 4.63, 3.33, -1.51, 0.00, 0.00, 0.00, 0.00, 90.00, 0, 0
2.00, 5.70, 20.00, 20.00, -1118.51, 20.00, 4.63, 4.44, -0.31, 0.00, 16.43, 0.00, -60.51, 87.90, 0, 0
2.00, 5.70, 20.00, 20.00, -995.58, 20.00, 4.63, 6.11, 1.39, 0.00, 41.55, 0.00, -49.93, 78.56, 0, 0
2.00, 5.70, 20.00, 20.00, -821.40, 20.00, 4.63, 8.33, 3.57, 0.00, 70.17, 0.00, -37.86, 70.67, 0, 0
2.00, 5.70, 20.00, 20.00, -613.76, 20.00, 4.63, 10.56, 5.77, 0.00, 96.12, 0.00, -24.05, 64.81, 0, 0
2.00, 5.70, 20.00, 20.00, -577.93, 20.00, 4.63, 11.11, 6.38, 0.00, 111.55, 0.00, -8.71, 61.59, 0, 0
2.00, 5.70, 20.00, 20.00, -543.45, 20.00, 4.63, 11.67, 6.99, 0.00, 113.95, 0.00, 7.29, 61.45, 0, 0
2.00, 5.70, 20.06, 20.06, -427.84, 20.00, 4.63, 12.22, 7.60, 0.00, 98.26, 0.00, 22.73, 64.41, 0, 0
2.00, 5.70, 20.14, 20.14, -335.96, 20.00, 4.63, 12.78, 8.10, 0.00, 88.47, 0.00, 36.69, 70.05, 0, 0
2.00, 5.70, 20.09, 20.09, -572.94, 20.00, 4.63, 11.67, 6.99, 0.00, 41.38, 0.00, 48.91, 77.79, 0, 0
2.00, 5.70, 20.00, 20.00, -727.92, 20.00, 4.63, 10.00, 5.40, 0.00, 8.22, 0.00, 59.61, 87.02, 0, 0
2.00, 5.70, 20.00, 20.00, -672.69, 20.00, 4.63, 10.00, 5.28, 0.00, 0.00, 0.00, 0.00, 90.00, 0, 0
2.00, 5.70, 20.03, 20.03, -504.18, 20.00, 4.63, 9.44, 4.67, 0.00, 0.00, 0.00, 0.00, 90.00, 0, 0
2.00, 5.70, 20.05, 20.05, -516.59, 20.00, 4.63, 8.89, 4.18, 0.00, 0.00, 0.00, 0.00, 90.00, 0, 0
2.00, 5.70, 20.05, 20.05, -533.90, 20.00, 4.63, 8.33, 3.57, 0.00, 0.00, 0.00, 0.00, 90.00, 0, 0
2.00, 5.70, 20.04, 20.04, -554.54, 20.00, 4.63, 7.78, 2.96, 0.00, 0.00, 0.00, 0.00, 90.00, 0, 0
2.00, 5.70, 19.95, 19.95, -748.98, 20.00, 4.63, 7.22, 2.48, 0.00, 0.00, 0.00, 0.00, 90.00, 0, 0
2.00, 5.70, 19.78, 19.78, -979.34, 20.00, 4.63, 6.67, 1.87, 0.00, 0.00, 0.00, 0.00, 90.00, 0, 0
2.00, 5.70, 19.63, 19.63, -1059.05, 20.00, 4.63, 6.11, 1.39, 0.00, 0.00, 0.00, 0.00, 90.00, 0, 0
2.00, 5.70, 19.49, 19.49, -1131.45, 20.00, 4.63, 5.56, 0.78, 0.00, 0.00, 0.00, 0.00, 90.00, 0, 0
2.00, 5.70, 19.37, 19.37, -1170.32, 20.00, 4.63, 5.56, 0.78, 0.00, 0.00, 0.00, 0.00, 90.00, 0, 0
2.00, 5.70, 19.25, 19.25, -1232.20, 20.00, 4.63, 5.00, 0.18, 0.00, 0.00, 0.00, 0.00, 90.00, 0, 0
2.00, 5.70, 19.14, 19.14, -1292.30, 20.00, 4.63, 4.44, -0.43, 0.00, 0.00, 0.00, 0.00, 90.00, 0, 0
2.00, 5.70, 19.03, 19.03, -1351.07, 20.00, 4.63, 3.89, -0.91, 0.00, 0.00, 0.00, 0.00, 90.00, 0, 0
2.00, 5.70, 20.00, 20.00, -1198.56, 20.00, 4.63, 3.33, -1.51, 0.00, 0.00, 0.00, 0.00, 90.00, 0, 0
2.00, 5.70, 20.00, 20.00, -1149.44, 20.00, 4.63, 4.44, -0.31, 0.00, 11.50, 0.00, -60.41, 88.09, 0, 0
2.00, 5.70, 20.00, 20.00, -1022.41, 20.00, 4.63, 6.11, 1.39, 0.00, 39.15, 0.00, -49.85, 78.75, 0, 0
2.00, 5.70, 20.00, 20.00, -842.30, 20.00, 4.63, 8.33, 3.57, 0.00, 67.46, 0.00, -37.81, 70.87, 0, 0
2.00, 5.70, 20.00, 20.00, -630.72, 20.00, 4.63, 10.56, 5.77, 0.00, 91.34, 0.00, -24.04, 65.01, 0, 0
2.00, 5.70, 20.04, 20.04, -428.34, 20.00, 4.63, 12.22, 7.48, 0.00, 100.38, 0.00, -8.75, 61.79, 0, 0
2.00, 5.70, 20.07, 20.07, -420.48, 20.00, 4.63, 13.33, 8.59, 0.00, 101.46, 0.00, 7.19, 61.64, 0, 0
2.00, 5.70, 20.12, 20.12, -361.46, 20.00, 4.63, 13.89, 9.20, 0.00, 94.98, 0.00, 22.59, 64.57, 0, 0
2.00, 5.70, 20.17, 20.17, -320.05, 20.00, 4.63, 13.89, 9.20, 0.00, 73.57, 0.00, 36.54, 70.19, 0, 0
2.00, 5.70, 20.12, 20.12, -520.22, 20.00, 4.63, 12.78, 8.10, 0.00, 41.07, 0.00, 48.74, 77.91, 0, 0
2.00, 5.70, 20.02, 20.02, -685.69, 20.00, 4.63, 11.11, 6.38, 0.00, 3.29, 0.00, 59.43, 87.12, 0, 0
2.00, 5.70, 20.00, 20.00, -649.91, 20.00, 4.63, 10.56, 5.89, 0.00, 0.00, 0.00, 0.00, 90.00, 0, 0
2.00, 5.70, 20.03, 20.03, -481.17, 20.00, 4.63, 10.00, 5.28, 0.00, 0.00, 0.00, 0.00, 90.00, 0, 0
2.00, 5.70, 20.05, 20.05, -493.12, 20.00, 4.63, 9.44, 4.79, 0.00, 0.00, 0.00, 0.00, 90.00, 0, 0
2.00, 5.70, 20.06, 20.06, -482.76, 20.00, 4.63, 9.44, 4.67, 0.00, 0.00, 0.00, 0.00, 90.00, 0, 0
2.00, 5.70, 20.07, 20.07, -501.00, 20.00, 4.63, 8.89, 4.18, 0.00, 0.00, 0.00, 0.00, 90.00, 0, 0
2.00, 5.70, 19.98, 19.98, -691.94, 20.00, 4.63, 8.33, 3.57, 0.00, 0.00, 0.00, 0.00, 90.00, 0, 0
2.00, 5.70, 19.82, 19.82, -919.12, 20.00, 4.63, 7.78, 3.08, 0.00, 0.00, 0.00, 0.00, 90.00, 0, 0
2.00, 5.70, 19.69, 19.69, -967.86, 20.00, 4.63, 7.78, 2.96, 0.00, 0.00, 0.00, 0.00, 90.00, 0, 0
2.00, 5.70, 19.57, 19.57, -1035.25, 20.00, 4.63, 7.22, 2.48, 0.00, 0.00, 0.00, 0.00, 90.00, 0, 0
2.00, 5.70, 19.45, 19.45, -1098.56, 20.00, 4.63, 6.67, 1.87, 0.00, 0.00, 0.00, 0.00, 90.00, 0, 0
2.00, 5.70, 19.34, 19.34, -1158.94, 20.00, 4.63, 6.11, 1.39, 0.00, 0.00, 0.00, 0.00, 90.00, 0, 0
2.00, 5.70, 19.24, 19.24, -1188.78, 20.00, 4.63, 6.11, 1.39, 0.00, 0.00, 0.00, 0.00, 90.00, 0, 0
2.00, 5.70, 19.14, 19.14, -1243.51, 20.00, 4.63, 5.56, 0.78, 0.00, 0.00, 0.00, 0.00, 90.00, 0, 0
2.00, 5.70, 20.00, 20.00, -1108.99, 20.00, 4.63, 5.00, 0.30, 0.00, 0.00, 0.00, 0.00, 90.00, 0, 0
2.00, 5.70, 20.00, 20.00, -1060.73, 20.00, 4.63, 6.11, 1.39, 0.00, 9.86, 0.00, -60.33, 88.26, 0, 0
2.00, 5.70, 20.00, 20.00, -936.14, 20.00, 4.63, 7.78, 3.08, 0.00, 41.36, 0.00, -49.79, 78.94, 0, 0
2.00, 5.70, 20.00, 20.00, -799.44, 20.00, 4.63, 9.44, 4.67, 0.00, 73.95, 0.00, -37.77, 71.07, 0, 0
2.00, 5.70, 20.00, 20.00, -640.85, 20.00, 4.63, 11.11, 6.38, 0.00, 93.60, 0.00, -24.04, 65.21, 0, 0
2.00, 5.70, 20.01, 20.01, -484.50, 20.00, 4.63, 12.78, 8.10, 0.00, 110.66, 0.00, -8.80, 61.99, 0, 0
2.00, 5.70, 20.08, 20.08, -340.22, 20.00, 4.63, 14.44, 9.69, 0.00, 115.61, 0.00, 7.10, 61.82, 0, 0
2.00, 5.70, 20.20, 20.20, -203.46, 20.00, 4.63, 15.56, 10.80, 0.00, 90.96, 0.00, 22.46, 64.73, 0, 0
2.00, 5.70, 20.28, 20.28, -197.09, 20.00, 4.63, 15.56, 10.80, 0.00, 78.04, 0.00, 36.38, 70.33, 0, 0
2.00, 5.70, 20.26, 20.26, -381.38, 20.00, 4.63, 14.44, 9.69, 0.00, 44.65, 0.00, 48.57, 78.02, 0, 0
2.00, 5.70, 20.18, 20.18, -530.59, 20.00, 4.63, 13.33, 8.59, 0.00, 18.07, 0.00, 59.25, 87.21, 0, 0
2.00, 5.70, 20.14, 20.14, -519.21, 20.00, 4.63, 12.78, 7.97, 0.00, 1.64, 0.00, 0.00, 90.00, 0, 0
2.00, 5.70, 20.18, 20.18, -370.22, 20.00, 4.63, 11.67, 6.87, 0.00, 0.00, 0.00, 0.00, 90.00, 0, 0
2.00, 5.70, 20.21, 20.21, -380.28, 20.00, 4.63, 11.11, 6.38, 0.00, 0.00, 0.00, 0.00, 90.00, 0, 0
2.00, 5.70, 20.22, 20.22, -395.32, 20.00, 4.63, 10.56, 5.77, 0.00, 0.00, 0.00, 0.00, 90.00, 0, 0
2.00, 5.70, 20.21, 20.21, -440.78, 20.00, 4.63, 9.44, 4.67, 0.00, 0.00, 0.00, 0.00, 90.00, 0, 0
2.00, 5.70, 20.12, 20.12, -631.12, 20.00, 4.63, 8.89, 4.06, 0.00, 0.00, 0.00, 0.00, 90.00, 0, 0
2.00, 5.70, 19.95, 19.95, -857.93, 20.00, 4.63, 8.33, 3.44, 0.00, 0.00, 0.00, 0.00, 90.00, 0, 0
2.00, 5.70, 19.79, 19.79, -962.91, 20.00, 4.63, 7.22, 2.35, 0.00, 0.00, 0.00, 0.00, 90.00, 0, 0
2.00, 5.70, 19.64, 19.64, -1063.44, 20.00, 4.63, 6.11, 1.26, 0.00, 0.00, 0.00, 0.00, 90.00, 0, 0
2.00, 5.70, 19.48, 19.48, -1161.53, 20.00, 4.63, 5.00, 0.18, 0.00, 0.00, 0.00, 0.00, 90.00, 0, 0
2.00, 5.70, 19.34, 19.34, -1229.51, 20.00, 4.63, 4.44, -0.43, 0.00, 0.00, 0.00, 0.00, 90.00, 0, 0
2.00, 5.70, 19.19, 19.19, -1323.39, 20.00, 4.63, 3.33, -1.63, 0.00, 0.00, 0.00, 0.00, 90.00, 0, 0
2.00, 5.70, 19.04, 19.04, -1417.76, 20.00, 4.63, 2.22, -2.71, 0.00, 0.00, 0.00, 0.00, 90.00, 0, 0
2.00, 5.70, 20.00, 20.00, -1222.04, 20.00, 4.63, 1.11, -3.79, 0.00, 0.00, 0.00, 0.00, 90.00, 0, 0
2.00, 5.70, 20.00, 20.00, -1203.92, 20.00, 4.63, 1.67, -3.19, 0.00, 6.57, 0.00, -60.25, 88.44, 0, 0
2.00, 5.70, 20.00, 20.00, -1077.92, 20.00, 4.63, 3.33, -1.51, 0.00, 37.57, 0.00, -49.72, 79.13, 0, 0
2.00, 5.70, 20.00, 20.00, -836.07, 20.00, 4.63, 6.11, 1.26, 0.00, 80.20, 0.00, -37.74, 71.26, 0, 0
2.00, 5.70, 20.00, 20.00, -692.49, 20.00, 4.63, 7.78, 2.96, 0.00, 96.55, 0.00, -24.04, 65.41, 0, 0
2.00, 5.70, 20.00, 20.00, -580.03, 20.00, 4.63, 8.89, 4.06, 0.00, 107.59, 0.00, -8.85, 62.18, 0, 0
2.00, 5.70, 20.00, 20.00, -570.87, 20.00, 4.63, 9.44, 4.67, 0.00, 117.79, 0.00, 7.00, 61.99, 0, 0
2.00, 5.70, 20.00, 20.00, -534.85, 20.00, 4.63, 10.00, 5.15, 0.00, 104.18, 0.00, 22.33, 64.88, 0, 0
2.00, 5.70, 20.00, 20.00, -559.88, 20.00, 4.63, 9.44, 4.67, 0.00, 71.69, 0.00, 36.22, 70.46, 0, 0
2.00, 5.70, 20.00, 20.00, -669.51, 20.00, 4.63, 8.89, 4.06, 0.00, 46.21, 0.00, 48.40, 78.12, 0, 0
2.00, 5.70, 20.00, 20.00, -818.79, 20.00, 4.63, 7.22, 2.48, 0.00, 14.79, 0.00, 59.08, 87.29, 0, 0
2.00, 5.70, 20.00, 20.00, -767.78, 20.00, 4.63, 7.22, 2.48, 0.00, 0.00, 0.00, 0.00, 90.00, 0, 0
2.00, 5.70, 20.00, 20.00, -600.21, 20.00, 4.63, 6.67, 1.87, 0.00, 0.00, 0.00, 0.00, 90.00, 0, 0
2.00, 5.70, 20.00, 20.00, -586.50, 20.00, 4.63, 6.67, 1.87, 0.00, 0.00, 0.00, 0.00, 90.00, 0, 0
2.00, 5.70, 20.00, 20.00, -602.62, 20.00, 4.63, 6.11, 1.39, 0.00, 0.00, 0.00, 0.00, 90.00, 0, 0
2.00, 5.70, 20.00, 20.00, -621.78, 20.00, 4.63, 5.56, 0.78, 0.00, 0.00, 0.00, 0.00, 90.00, 0, 0
2.00, 5.70, 19.86, 19.86, -846.74, 20.00, 4.63, 5.56, 0.78, 0.00, 0.00, 0.00, 0.00, 90.00, 0, 0
2.00, 5.70, 19.66, 19.66, -1087.12, 20.00, 4.63, 5.00, 0.30, 0.00, 0.00, 0.00, 0.00, 90.00, 0, 0
2.00, 5.70, 19.49, 19.49, -1146.03, 20.00, 4.63, 5.00, 0.18, 0.00, 0.00, 0.00, 0.00, 90.00, 0, 0
2.00, 5.70, 19.35, 19.35, -1193.52, 20.00, 4.63, 5.00, 0.18, 0.00, 0.00, 0.00, 0.00, 90.00, 0, 0
2.00, 5.70, 19.23, 19.23, -1233.16, 20.00, 4.63, 5.00, 0.18, 0.00, 0.00, 0.00, 0.00, 90.00, 0, 0
2.00, 5.70, 19.13, 19.13, -1267.04, 20.00, 4.63, 5.00, 0.18, 0.00, 0.00, 0.00, 0.00, 90.00, 0, 0
2.00, 5.70, 19.04, 19.04, -1296.61, 20.00, 4.63, 5.00, 0.18, 0.00, 0.00, 0.00, 0.00, 90.00, 0, 0
2.00, 5.70, 18.95, 18.95, -1322.78, 20.00, 4.63, 5.00, 0.30, 0.00, 0.00, 0.00, 0.00, 90.00, 0, 0
2.00, 5.70, 20.00, 20.00, -1056.08, 20.00, 4.63, 5.00, 0.30, 0.00, 0.00, 0.00, 0.00, 90.00, 0, 0
2.00, 5.70, 20.00, 20.00, -1030.71, 20.00, 4.63, 5.56, 0.90, 0.00, 6.57, 0.00, -60.17, 88.61, 0, 0
2.00, 5.70, 20.00, 20.00, -945.97, 20.00, 4.63, 6.67, 1.99, 0.00, 29.10, 0.00, -49.67, 79.31, 0, 0
2.00, 5.70, 20.00, 20.00, -883.61, 20.00, 4.63, 7.22, 2.59, 0.00, 50.53, 0.00, -37.71, 71.44, 0, 0
2.00, 5.70, 20.00, 20.00, -807.10, 20.00, 4.63, 8.33, 3.69, 0.00, 60.79, 0.00, -24.05, 65.60, 0, 0
2.00, 5.70, 20.00, 20.00, -565.07, 20.00, 4.63, 10.00, 5.40, 0.00, 110.42, 0.00, -8.90, 62.36, 0, 0
2.00, 5.70, 20.00, 20.00, -549.58, 20.00, 4.63, 11.11, 6.38, 0.00, 104.01, 0.00, 6.91, 62.16, 0, 0
2.00, 5.70, 20.00, 20.00, -485.35, 20.00, 4.63, 11.67, 6.99, 0.00, 97.46, 0.00, 22.20, 65.03, 0, 0
2.00, 5.70, 20.00, 20.00, -592.75, 20.00, 4.63, 11.11, 6.50, 0.00, 56.58, 0.00, 36.07, 70.58, 0, 0
2.00, 5.70, 20.00, 20.00, -661.83, 20.00, 4.63, 10.56, 5.89, 0.00, 31.22, 0.00, 48.24, 78.22, 0, 0
2.00, 5.70, 20.00, 20.00, -722.55, 20.00, 4.63, 10.00, 5.28, 0.00, 11.50, 0.00, 58.90, 87.37, 0, 0
2.00, 5.70, 20.00, 20.00, -686.87, 20.00, 4.63, 9.44, 4.79, 0.00, 0.00, 0.00, 0.00, 90.00, 0, 0
2.00, 5.70, 20.00, 20.00, -513.32, 20.00, 4.63, 8.89, 4.18, 0.00, 0.00, 0.00, 0.00, 90.00, 0, 0
2.00, 5.70, 20.01, 20.01, -494.51, 20.00, 4.63, 8.89, 4.18, 0.00, 0.00, 0.00, 0.00, 90.00, 0, 0
2.00, 5.70, 20.01, 20.01, -506.40, 20.00, 4.63, 8.33, 3.57, 0.00, 0.00, 0.00, 0.00, 90.00, 0, 0
2.00, 5.70, 20.01, 20.01, -521.87, 20.00, 4.63, 7.78, 3.08, 0.00, 0.00, 0.00, 0.00, 90.00, 0, 0
2.00, 5.70, 19.91, 19.91, -737.62, 20.00, 4.63, 7.78, 2.96, 0.00, 0.00, 0.00, 0.00, 90.00, 0, 0
2.00, 5.70, 19.74, 19.74, -970.05, 20.00, 4.63, 7.22, 2.48, 0.00, 0.00, 0.00, 0.00, 90.00, 0, 0
2.00, 5.70, 19.58, 19.58, -1050.93, 20.00, 4.63, 6.67, 1.87, 0.00, 0.00, 0.00, 0.00, 90.00, 0, 0
2.00, 5.70, 19.44, 19.44, -1123.75, 20.00, 4.63, 6.11, 1.26, 0.00, 0.00, 0.00, 0.00, 90.00, 0, 0
2.00, 5.70, 19.29, 19.29, -1219.88, 20.00, 4.63, 5.00, 0.30, 0.00, 0.00, 0.00, 0.00, 90.00, 0, 0
2.00, 5.70, 19.16, 19.16, -1286.23, 20.00, 4.63, 4.44, -0.31, 0.00, 0.00, 0.00, 0.00, 90.00, 0, 0
2.00, 5.70, 19.03, 19.03, -1349.62, 20.00, 4.63, 3.89, -0.91, 0.00, 0.00, 0.00, 0.00, 90.00, 0, 0
2.00, 5.70, 18.90, 18.90, -1411.00, 20.00, 4.63, 3.33, -1.51, 0.00, 0.00, 0.00, 0.00, 90.00, 0, 0
2.00, 5.70, 20.00, 20.00, -1238.96, 20.00, 4.63, 2.78, -2.11, 0.00, 0.00, 0.00, 0.00, 90.00, 0, 0
2.00, 5.70, 20.00, 20.00, -1217.22, 20.00, 4.63, 3.33, -1.39, 0.00, 11.50, 0.00, -60.10, 88.79, 0, 0
2.00, 5.70, 20.00, 20.00, -1064.52, 20.00, 4.63, 5.56, 0.78, 0.00, 40.76, 0.00, -49.62, 79.48, 0, 0
2.00, 5.70, 20.00, 20.00, -1016.60, 20.00, 4.63, 6.11, 1.39, 0.00, 58.10, 0.00, -37.68, 71.63, 0, 0
2.00, 5.70, 20.00, 20.00, -927.64, 20.00, 4.63, 7.22, 2.48, 0.00, 78.60, 0.00, -24.06, 65.78, 0, 0
2.00, 5.70, 20.00, 20.00, -845.72, 20.00, 4.63, 7.78, 3.08, 0.00, 97.88, 0.00, -8.95, 62.54, 0, 0
2.00, 5.70, 20.00, 20.00, -715.65, 20.00, 4.63, 9.44, 4.67, 0.00, 109.52, 0.00, 6.81, 62.33, 0, 0
2.00, 5.70, 20.00, 20.00, -602.74, 20.00, 4.63, 10.00, 5.28, 0.00, 91.20, 0.00, 22.06, 65.17, 0, 0
2.00, 5.70, 20.00, 20.00, -560.82, 20.00, 4.63, 10.56, 5.77, 0.00, 75.81, 0.00, 35.92, 70.69, 0, 0
2.00, 5.70, 20.00, 20.00, -709.47, 20.00, 4.63, 10.00, 5.15, 0.00, 41.16, 0.00, 48.08, 78.31, 0, 0
2.00, 5.70, 20.00, 20.00, -836.83, 20.00, 4.63, 8.89, 4.06, 0.00, 11.50, 0.00, 58.73, 87.44, 0, 0
2.00, 5.70, 20.00, 20.00, -807.17, 20.00, 4.63, 8.33, 3.57, 0.00, 0.00, 0.00, 0.00, 90.00, 0, 0
2.00, 5.70, 20.00, 20.00, -638.90, 20.00, 4.63, 7.78, 2.96, 0.00, 0.00, 0.00, 0.00, 90.00, 0, 0
2.00, 5.70, 20.00, 20.00, -650.89, 20.00, 4.63, 7.22, 2.35, 0.00, 0.00, 0.00, 0.00, 90.00, 0, 0
2.00, 5.70, 20.00, 20.00, -667.09, 20.00, 4.63, 6.67, 1.74, 0.00, 0.00, 0.00, 0.00, 90.00, 0, 0
2.00, 5.70, 20.00, 20.00, -686.01, 20.00, 4.63, 6.11, 1.26, 0.00, 0.00, 0.00, 0.00, 90.00, 0, 0
2.00, 5.70, 19.83, 19.83, -893.89, 20.00, 4.63, 5.56, 0.66, 0.00, 0.00, 0.00, 0.00, 90.00, 0, 0
2.00, 5.70, 19.60, 19.60, -1133.81, 20.00, 4.63, 5.00, 0.05, 0.00, 0.00, 0.00, 0.00, 90.00, 0, 0
2.00, 5.70, 19.41, 19.41, -1220.58, 20.00, 4.63, 4.44, -0.43, 0.00, 0.00, 0.00, 0.00, 90.00, 0, 0
2.00, 5.70, 19.24, 19.24, -1298.39, 20.00, 4.63, 3.89, -1.03, 0.00, 0.00, 0.00, 0.00, 90.00, 0, 0
2.00, 5.70, 19.08, 19.08, -1370.28, 20.00, 4.63, 3.33, -1.63, 0.00, 0.00, 0.00, 0.00, 90.00, 0, 0
2.00, 5.70, 18.93, 18.93, -1438.11, 20.00, 4.63, 2.78, -2.23, 0.00, 0.00, 0.00, 0.00, 90.00, 0, 0
2.00, 5.70, 18.79, 18.79, -1503.05, 20.00, 4.63, 2.22, -2.71, 0.00, 0.00, 0.00, 0.00, 90.00, 0, 0
2.00, 5.70, 18.66, 18.66, -1566.13, 20.00, 4.63, 1.67, -3.31, 0.00, 0.00, 0.00, 0.00, 90.00, 0, 0
2.00, 5.70, 20.00, 20.00, -1353.50, 20.00, 4.63, 1.11, -3.91, 0.00, 0.00, 0.00, 0.00, 90.00, 0, 0
2.00, 5.70, 20.00, 20.00, -1337.12, 20.00, 4.63, 1.67, -3.31, 0.00, 8.22, 0.00, -60.04, 88.95, 0, 0
2.00, 5.70, 20.00, 20.00, -1178.77, 20.00, 4.63, 3.89, -1.03, 0.00, 35.84, 0.00, -49.57, 79.66, 0, 0
2.00, 5.70, 20.00, 20.00, -997.69, 20.00, 4.63, 6.11, 1.13, 0.00, 68.02, 0.00, -37.66, 71.81, 0, 0
2.00, 5.70, 20.00, 20.00, -824.07, 20.00, 4.63, 7.78, 2.96, 0.00, 87.45, 0.00, -24.08, 65.96, 0, 0
2.00, 5.70, 20.00, 20.00, -577.06, 20.00, 4.63, 10.00, 5.15, 0.00, 108.98, 0.00, -9.01, 62.71, 0, 0
2.00, 5.70, 20.00, 20.00, -586.07, 20.00, 4.63, 11.11, 6.25, 0.00, 97.14, 0.00, 6.71, 62.48, 0, 0
2.00, 5.70, 20.00, 20.00, -525.52, 20.00, 4.63, 11.11, 6.25, 0.00, 89.37, 0.00, 21.93, 65.30, 0, 0
2.00, 5.70, 20.01, 20.01, -455.17, 20.00, 4.63, 11.67, 6.87, 0.00, 76.73, 0.00, 35.77, 70.80, 0, 0
2.00, 5.70, 20.00, 20.00, -639.02, 20.00, 4.63, 10.56, 5.77, 0.00, 43.08, 0.00, 47.91, 78.40, 0, 0
2.00, 5.70, 20.00, 20.00, -817.03, 20.00, 4.63, 8.89, 4.06, 0.00, 13.14, 0.00, 58.57, 87.51, 0, 0
2.00, 5.70, 20.00, 20.00, -793.78, 20.00, 4.63, 8.33, 3.57, 0.00, 0.00, 0.00, 0.00, 90.00, 0, 0
2.00, 5.70, 20.00, 20.00, -628.67, 20.00, 4.63, 7.78, 2.96, 0.00, 0.00, 0.00, 0.00, 90.00, 0, 0
2.00, 5.70, 20.00, 20.00, -616.79, 20.00, 4.63, 7.78, 2.83, 0.00, 0.00, 0.00, 0.00, 90.00, 0, 0
2.00, 5.70, 20.00, 20.00, -633.81, 20.00, 4.63, 7.22, 2.35, 0.00, 0.00, 0.00, 0.00, 90.00, 0, 0
2.00, 5.70, 20.00, 20.00, -653.34, 20.00, 4.63, 6.67, 1.87, 0.00, 0.00, 0.00, 0.00, 90.00, 0, 0
2.00, 5.70, 19.84, 19.84, -859.89, 20.00, 4.63, 6.11, 1.26, 0.00, 0.00, 0.00, 0.00, 90.00, 0, 0
2.00, 5.70, 19.63, 19.63, -1070.05, 20.00, 4.63, 6.11, 1.26, 0.00, 0.00, 0.00, 0.00, 90.00, 0, 0
2.00, 5.70, 19.46, 19.46, -1153.48, 20.00, 4.63, 5.56, 0.66, 0.00, 0.00, 0.00, 0.00, 90.00, 0, 0
2.00, 5.70, 19.30, 19.30, -1228.34, 20.00, 4.63, 5.00, 0.18, 0.00, 0.00, 0.00, 0.00, 90.00, 0, 0
2.00, 5.70, 19.16, 19.16, -1268.95, 20.00, 4.63, 5.00, 0.05, 0.00, 0.00, 0.00, 0.00, 90.00, 0, 0
2.00, 5.70, 19.03, 19.03, -1331.93, 20.00, 4.63, 4.44, -0.43, 0.00, 0.00, 0.00, 0.00, 90.00, 0, 0
2.00, 5.70, 18.91, 18.91, -1392.83, 20.00, 4.63, 3.89, -1.03, 0.00, 0.00, 0.00, 0.00, 90.00, 0, 0
2.00, 5.70, 18.80, 18.80, -1423.19, 20.00, 4.63, 3.89, -1.03, 0.00, 0.00, 0.00, 0.00, 90.00, 0, 0
2.00, 5.70, 20.00, 20.00, -1232.29, 20.00, 4.63, 3.33, -1.51, 0.00, 0.00, 0.00, 0.00, 90.00, 0, 0
2.00, 5.70, 20.00, 20.00, -1249.98, 20.00, 4.63, 3.33, -1.51, 0.00, 1.64, 0.00, -59.98, 89.12, 0, 0
2.00, 5.70, 20.00, 20.00, -1170.21, 20.00, 4.63, 4.44, -0.43, 0.00, 26.29, 0.00, -49.53, 79.83, 0, 0
2.00, 5.70, 20.00, 20.00, -1188.00, 20.00, 4.63, 4.44, -0.43, 0.00, 14.79, 0.00, -37.65, 71.98, 0, 0
2.00, 5.70, 20.00, 20.00, -1130.64, 20.00, 4.63, 5.00, 0.18, 0.00, 39.43, 0.00, -24.10, 66.13, 0, 0
2.00, 5.70, 20.00, 20.00, -1078.28, 20.00, 4.63, 5.56, 0.78, 0.00, 55.86, 0.00, -9.08, 62.88, 0, 0
2.00, 5.70, 20.00, 20.00, -1094.03, 20.00, 4.63, 5.56, 0.78, 0.00, 41.08, 0.00, 6.60, 62.63, 0, 0
2.00, 5.70, 20.00, 20.00, -1119.58, 20.00, 4.63, 5.56, 0.78, 0.00, 23.00, 0.00, 21.80, 65.43, 0, 0
2.00, 5.70, 20.00, 20.00, -1096.90, 20.00, 4.63, 5.56, 0.78, 0.00, 24.65, 0.00, 35.62, 70.90, 0, 0
2.00, 5.70, 20.00, 20.00, -1138.62, 20.00, 4.63, 5.00, 0.18, 0.00, 14.79, 0.00, 47.76, 78.48, 0, 0
2.00, 5.70, 20.00, 20.00, -1159.09, 20.00, 4.63, 5.00, 0.18, 0.00, 3.29, 0.00, 58.40, 87.57, 0, 0
2.00, 5.70, 20.00, 20.00, -1106.41, 20.00, 4.63, 4.44, -0.31, 0.00, 0.00, 0.00, 0.00, 90.00, 0, 0
2.00, 5.70, 20.00, 20.00, -903.36, 20.00, 4.63, 4.44, -0.43, 0.00, 0.00, 0.00, 0.00, 90.00, 0, 0
2.00, 5.70, 20.00, 20.00, -882.16, 20.00, 4.63, 4.44, -0.43, 0.00, 0.00, 0.00, 0.00, 90.00, 0, 0
2.00, 5.70, 20.00, 20.00, -892.86, 20.00, 4.63, 3.89, -0.91, 0.00, 0.00, 0.00, 0.00, 90.00, 0, 0
2.00, 5.70, 20.00, 20.00, -881.03, 20.00, 4.63, 3.89, -1.03, 0.00, 0.00, 0.00, 0.00, 90.00, 0, 0
2.00, 5.70, 19.73, 19.73, -1102.09, 20.00, 4.63, 3.33, -1.51, 0.00, 0.00, 0.00, 0.00, 90.00, 0, 0
2.00, 5.70, 19.44, 19.44, -1322.10, 20.00, 4.63, 3.33, -1.51, 0.00, 0.00, 0.00, 0.00, 90.00, 0, 0
2.00, 5.70, 19.21, 19.21, -1413.13, 20.00, 4.63, 2.78, -2.11, 0.00, 0.00, 0.00, 0.00, 90.00, 0, 0
2.00, 5.70, 19.00, 19.00, -1493.96, 20.00, 4.63, 2.22, -2.71, 0.00, 0.00, 0.00, 0.00, 90.00, 0, 0
2.00, 5.70, 18.83, 18.83, -1538.76, 20.00, 4.63, 2.22, -2.71, 0.00, 0.00, 0.00, 0.00, 90.00, 0, 0
2.00, 5.70, 18.67, 18.67, -1605.82, 20.00, 4.63, 1.67, -3.31, 0.00, 0.00, 0.00, 0.00, 90.00, 0, 0
2.00, 5.70, 18.52, 18.52, -1670.14, 20.00, 4.63, 1.11, -3.79, 0.00, 0.00, 0.00, 0.00, 90.00, 0, 0
2.00, 5.70, 18.38, 18.38, -1732.68, 20.00, 4.63, 0.56, -4.38, 0.00, 0.00, 0.00, 0.00, 90.00, 0, 0
2.00, 5.70, 20.00, 20.00, -1442.95, 20.00, 4.63, 0.56, -4.38, 0.00, 0.00, 0.00, 0.00, 90.00, 0, 0
2.00, 5.70, 20.00, 20.00, -1454.14, 20.00, 4.63, 0.56, -4.38, 0.00, 6.57, 0.00, -59.93, 89.28, 0, 0
2.00, 5.70, 20.00, 20.00, -1364.68, 20.00, 4.63, 1.67, -3.19, 0.00, 32.83, 0.00, -49.50, 80.00, 0, 0
2.00, 5.70, 20.00, 20.00, -1171.00, 20.00, 4.63, 3.89, -1.03, 0.00, 69.67, 0.00, -37.64, 72.15, 0, 0
2.00, 5.70, 20.00, 20.00, -963.21, 20.00, 4.63, 6.11, 1.13, 0.00, 97.34, 0.00, -24.12, 66.30, 0, 0
2.00, 5.70, 20.00, 20.00, -1007.47, 20.00, 4.63, 6.11, 1.26, 0.00, 87.87, 0.00, -9.14, 63.04, 0, 0
2.00, 5.70, 20.00, 20.00, -961.63, 20.00, 4.63, 6.67, 1.74, 0.00, 96.69, 0.00, 6.50, 62.77, 0, 0
2.00, 5.70, 20.00, 20.00, -1098.57, 20.00, 4.63, 5.56, 0.66, 0.00, 38.98, 0.00, 21.67, 65.55, 0, 0
2.00, 5.70, 20.00, 20.00, -1097.66, 20.00, 4.63, 5.00, 0.18, 0.00, 47.24, 0.00, 35.47, 71.00, 0, 0
2.00, 5.70, 20.00, 20.00, -1167.99, 20.00, 4.63, 4.44, -0.43, 0.00, 18.07, 0.00, 47.60, 78.55, 0, 0
2.00, 5.70, 20.00, 20.00, -1226.73, 20.00, 4.63, 3.89, -1.03, 0.00, 1.64, 0.00, 58.24, 87.62, 0, 0
2.00, 5.70, 20.00, 20.00, -1175.85, 20.00, 4.63, 3.33, -1.51, 0.00, 0.00, 0.00, 0.00, 90.00, 0, 0
2.00, 5.70, 20.00, 20.00, -975.58, 20.00, 4.63, 3.33, -1.63, 0.00, 0.00, 0.00, 0.00, 90.00, 0, 0
2.00, 5.70, 20.00, 20.00, -983.30, 20.00, 4.63, 2.78, -2.11, 0.00, 0.00, 0.00, 0.00, 90.00, 0, 0
2.00, 5.70, 20.00, 20.00, -969.59, 20.00, 4.63, 2.78, -2.23, 0.00, 0.00, 0.00, 0.00, 90.00, 0, 0
2.00, 5.70, 20.00, 20.00, -958.63, 20.00, 4.63, 2.78, -2.23, 0.00, 0.00, 0.00, 0.00, 90.00, 0, 0
2.00, 5.70, 19.68, 19.68, -1188.99, 20.00, 4.63, 2.22, -2.71, 0.00, 0.00, 0.00, 0.00, 90.00, 0, 0
2.00, 5.70, 19.36, 19.36, -1415.75, 20.00, 4.63, 2.22, -2.83, 0.00, 0.00, 0.00, 0.00, 90.00, 0, 0
2.00, 5.70, 19.10, 19.10, -1511.89, 20.00, 4.63, 1.67, -3.31, 0.00, 0.00, 0.00, 0.00, 90.00, 0, 0
2.00, 5.70, 18.87, 18.87, -1596.76, 20.00, 4.63, 1.11, -3.91, 0.00, 0.00, 0.00, 0.00, 90.00, 0, 0
2.00, 5.70, 18.68, 18.68, -1644.63, 20.00, 4.63, 1.11, -3.91, 0.00, 0.00, 0.00, 0.00, 90.00, 0, 0
2.00, 5.70, 18.51, 18.51, -1714.39, 20.00, 4.63, 0.56, -4.51, 0.00, 0.00, 0.00, 0.00, 90.00, 0, 0
2.00, 5.70, 18.35, 18.35, -1781.01, 20.00, 4.63, 0.00, -4.98, 0.00, 0.00, 0.00, 0.00, 90.00, 0, 0
2.00, 5.70, 18.21, 18.21, -1815.94, 20.00, 4.63, 0.00, -5.11, 0.00, 0.00, 0.00, 0.00, 90.00, 0, 0
2.00, 5.70, 20.00, 20.00, -1523.00, 20.00, 4.63, -0.56, -5.58, 0.00, 0.00, 0.00, 0.00, 90.00, 0, 0
2.00, 5.70, 20.00, 20.00, -1502.39, 20.00, 4.63, 0.00, -4.98, 0.00, 9.86, 0.00, -59.88, 89.44, 0, 0
2.00, 5.70, 20.00, 20.00, -1337.68, 20.00, 4.63, 2.22, -2.83, 0.00, 41.20, 0.00, -49.48, 80.16, 0, 0
2.00, 5.70, 20.00, 20.00, -1196.29, 20.00, 4.63, 3.89, -1.03, 0.00, 65.62, 0.00, -37.64, 72.32, 0, 0
2.00, 5.70, 20.00, 20.00, -1018.19, 20.00, 4.63, 5.56, 0.66, 0.00, 84.38, 0.00, -24.15, 66.46, 0, 0
2.00, 5.70, 20.00, 20.00, -861.69, 20.00, 4.63, 7.22, 2.22, 0.00, 98.97, 0.00, -9.21, 63.19, 0, 0
2.00, 5.70, 20.00, 20.00, -863.56, 20.00, 4.63, 7.78, 2.83, 0.00, 101.95, 0.00, 6.40, 62.91, 0, 0
2.00, 5.70, 20.00, 20.00, -822.79, 20.00, 4.63, 8.33, 3.44, 0.00, 96.78, 0.00, 21.53, 65.66, 0, 0
2.00, 5.70, 20.00, 20.00, -882.01, 20.00, 4.63, 7.78, 2.83, 0.00, 69.04, 0.00, 35.32, 71.09, 0, 0
2.00, 5.70, 20.00, 20.00, -990.15, 20.00, 4.63, 6.67, 1.74, 0.00, 38.26, 0.00, 47.44, 78.61, 0, 0
2.00, 5.70, 20.00, 20.00, -1097.99, 20.00, 4.63, 5.56, 0.66, 0.00, 11.50, 0.00, 58.08, 87.67, 0, 0
2.00, 5.70, 20.00, 20.00, -1064.20, 20.00, 4.63, 5.00, 0.18, 0.00, 0.00, 0.00, 0.00, 90.00, 0, 0
2.00, 5.70, 20.00, 20.00, -867.38, 20.00, 4.63, 5.00, 0.18, 0.00, 0.00, 0.00, 0.00, 90.00, 0, 0
2.00, 5.70, 20.00, 20.00, -850.48, 20.00, 4.63, 5.00, 0.18, 0.00, 0.00, 0.00, 0.00, 90.00, 0, 0
2.00, 5.70, 20.00, 20.00, -864.13, 20.00, 4.63, 4.44, -0.43, 0.00, 0.00, 0.00, 0.00, 90.00, 0, 0
2.00, 5.70, 20.00, 20.00, -854.23, 20.00, 4.63, 4.44, -0.43, 0.00, 0.00, 0.00, 0.00, 90.00, 0, 0
2.00, 5.70, 19.74, 19.74, -1049.32, 20.00, 4.63, 4.44, -0.43, 0.00, 0.00, 0.00, 0.00, 90.00, 0, 0
2.00, 5.70, 19.46, 19.46, -1268.91, 20.00, 4.63, 4.44, -0.43, 0.00, 0.00, 0.00, 0.00, 90.00, 0, 0
2.00, 5.70, 19.24, 19.24, -1330.14, 20.00, 4.63, 4.44, -0.43, 0.00, 0.00, 0.00, 0.00, 90.00, 0, 0
2.00, 5.70, 19.06, 19.06, -1378.46, 20.00, 4.63, 4.44, -0.43, 0.00, 0.00, 0.00, 0.00, 90.00, 0, 0
2.00, 5.70, 18.92, 18.92, -1417.90, 20.00, 4.63, 4.44, -0.43, 0.00, 0.00, 0.00, 0.00, 90.00, 0, 0
2.00, 5.70, 18.79, 18.79, -1450.95, 20.00, 4.63, 4.44, -0.43, 0.00, 0.00, 0.00, 0.00, 90.00, 0, 0
2.00, 5.70, 18.67, 18.67, -1508.10, 20.00, 4.63, 3.89, -0.91, 0.00, 0.00, 0.00, 0.00, 90.00, 0, 0
2.00, 5.70, 18.56, 18.56, -1535.21, 20.00, 4.63, 3.89, -0.91, 0.00, 0.00, 0.00, 0.00, 90.00, 0, 0
2.00, 5.70, 20.00, 20.00, -1195.75, 20.00, 4.63, 3.89, -0.91, 0.00, 0.00, 0.00, 0.00, 90.00, 0, 0
2.00, 5.70, 20.00, 20.00, -1170.44, 20.00, 4.63, 4.44, -0.31, 0.00, 4.93, 0.00, -59.85, 89.60, 0, 0
2.00, 5.70, 20.00, 20.00, -1089.87, 20.00, 4.63, 5.56, 0.78, 0.00, 23.00, 0.00, -49.45, 80.32, 0, 0
2.00, 5.70, 20.00, 20.00, -988.76, 20.00, 4.63, 6.67, 1.87, 0.00, 51.81, 0.00, -37.65, 72.48, 0, 0
2.00, 5.70, 20.00, 20.00, -955.76, 20.00, 4.63, 7.22, 2.35, 0.00, 47.65, 0.00, -24.19, 66.62, 0, 0
2.00, 5.70, 20.00, 20.00, -740.07, 20.00, 4.63, 8.89, 4.06, 0.00, 105.86, 0.00, -9.28, 63.34, 0, 0
2.00, 5.70, 20.00, 20.00, -665.16, 20.00, 4.63, 10.00, 5.28, 0.00, 113.80, 0.00, 6.29, 63.04, 0, 0
2.00, 5.70, 20.00, 20.00, -664.88, 20.00, 4.63, 10.56, 5.77, 0.00, 87.07, 0.00, 21.40, 65.77, 0, 0
2.00, 5.70, 20.00, 20.00, -683.24, 20.00, 4.63, 10.56, 5.77, 0.00, 66.98, 0.00, 35.17, 71.17, 0, 0
2.00, 5.70, 20.00, 20.00, -780.06, 20.00, 4.63, 10.00, 5.15, 0.00, 17.58, 0.00, 47.29, 78.67, 0, 0
2.00, 5.70, 20.00, 20.00, -857.33, 20.00, 4.63, 8.89, 4.18, 0.00, 4.93, 0.00, 57.93, 87.71, 0, 0
2.00, 5.70, 20.00, 20.00, -810.53, 20.00, 4.63, 8.33, 3.57, 0.00, 0.00, 0.00, 0.00, 90.00, 0, 0
2.00, 5.70, 20.00, 20.00, -608.42, 20.00, 4.63, 8.33, 3.57, 0.00, 0.00, 0.00, 0.00, 90.00, 0, 0
2.00, 5.70, 20.00, 20.00, -613.31, 20.00, 4.63, 7.78, 2.96, 0.00, 0.00, 0.00, 0.00, 90.00, 0, 0
2.00, 5.70, 20.00, 20.00, -623.49, 20.00, 4.63, 7.22, 2.35, 0.00, 0.00, 0.00, 0.00, 90.00, 0, 0
2.00, 5.70, 20.00, 20.00, -637.16, 20.00, 4.63, 6.67, 1.87, 0.00, 0.00, 0.00, 0.00, 90.00, 0, 0
2.00, 5.70, 19.82, 19.82, -865.71, 20.00, 4.63, 6.67, 1.74, 0.00, 0.00, 0.00, 0.00, 90.00, 0, 0
2.00, 5.70, 19.60, 19.60, -1107.07, 20.00, 4.63, 6.11, 1.26, 0.00, 0.00, 0.00, 0.00, 90.00, 0, 0
2.00, 5.70, 19.39, 19.39, -1222.89, 20.00, 4.63, 5.00, 0.18, 0.00, 0.00, 0.00, 0.00, 90.00, 0, 0
2.00, 5.70, 19.20, 19.20, -1302.68, 20.00, 4.63, 4.44, -0.43, 0.00, 0.00, 0.00, 0.00, 90.00, 0, 0
2.00, 5.70, 19.04, 19.04, -1375.53, 20.00, 4.63, 3.89, -1.03, 0.00, 0.00, 0.00, 0.00, 90.00, 0, 0
2.00, 5.70, 18.89, 18.89, -1443.64, 20.00, 4.63, 3.33, -1.63, 0.00, 0.00, 0.00, 0.00, 90.00, 0, 0
2.00, 5.70, 18.73, 18.73, -1537.63, 20.00, 4.63, 2.22, -2.71, 0.00, 0.00, 0.00, 0.00, 90.00, 0, 0
2.00, 5.70, 18.58, 18.58, -1602.69, 20.00, 4.63, 1.67, -3.31, 0.00, 0.00, 0.00, 0.00, 90.00, 0, 0
2.00, 5.70, 20.00, 20.00, -1298.25, 20.00, 4.63, 1.11, -3.79, 0.00, 0.00, 0.00, 0.00, 90.00, 0, 0
2.00, 5.70, 20.00, 20.00, -1306.41, 20.00, 4.63, 1.11, -3.79, 0.00, 4.93, 0.00, -59.81, 89.75, 0, 0
2.00, 5.70, 20.00, 20.00, -1180.86, 20.00, 4.63, 2.78, -2.11, 0.00, 35.36, 0.00, -49.44, 80.48, 0, 0
2.00, 5.70, 20.00, 20.00, -1051.17, 20.00, 4.63, 4.44, -0.43, 0.00, 63.87, 0.00, -37.65, 72.63, 0, 0
2.00, 5.70, 20.00, 20.00, -897.41, 20.00, 4.63, 6.11, 1.26, 0.00, 98.13, 0.00, -24.23, 66.77, 0, 0
2.00, 5.70, 20.00, 20.00, -777.52, 20.00, 4.63, 7.22, 2.48, 0.00, 109.25, 0.00, -9.36, 63.48, 0, 0
2.00, 5.70, 20.00, 20.00, -862.46, 20.00, 4.63, 7.22, 2.48, 0.00, 62.22, 0.00, 6.18, 63.16, 0, 0
2.00, 5.70, 20.00, 20.00, -810.71, 20.00, 4.63, 7.22, 2.48, 0.00, 86.35, 0.00, 21.27, 65.87, 0, 0
2.00, 5.70, 20.00, 20.00, -781.24, 20.00, 4.63, 7.22, 2.48, 0.00, 82.02, 0.00, 35.03, 71.25, 0, 0
2.00, 5.70, 20.00, 20.00, -930.87, 20.00, 4.63, 6.67, 1.87, 0.00, 13.46, 0.00, 47.14, 78.73, 0, 0
2.00, 5.70, 20.00, 20.00, -1014.36, 20.00, 4.63, 5.56, 0.78, 0.00, 3.29, 0.00, 57.78, 87.75, 0, 0
2.00, 5.70, 20.00, 20.00, -968.32, 20.00, 4.63, 5.00, 0.30, 0.00, 0.00, 0.00, 0.00, 90.00, 0, 0
2.00, 5.70, 20.00, 20.00, -769.52, 20.00, 4.63, 5.00, 0.30, 0.00, 0.00, 0.00, 0.00, 90.00, 0, 0
2.00, 5.70, 20.00, 20.00, -751.31, 20.00, 4.63, 5.00, 0.30, 0.00, 0.00, 0.00, 0.00, 90.00, 0, 0
2.00, 5.70, 20.00, 20.00, -737.37, 20.00, 4.63, 5.00, 0.30, 0.00, 0.00, 0.00, 0.00, 90.00, 0, 0
2.00, 5.70, 20.00, 20.00, -726.11, 20.00, 4.63, 5.00, 0.30, 0.00, 0.00, 0.00, 0.00, 90.00, 0, 0
2.00, 5.70, 19.77, 19.77, -990.71, 20.00, 4.63, 4.44, -0.19, 0.00, 0.00, 0.00, 0.00, 90.00, 0, 0
2.00, 5.70, 19.52, 19.52, -1211.73, 20.00, 4.63, 4.44, -0.19, 0.00, 0.00, 0.00, 0.00, 90.00, 0, 0
2.00, 5.70, 19.31, 19.31, -1274.45, 20.00, 4.63, 4.44, -0.19, 0.00, 0.00, 0.00, 0.00, 90.00, 0, 0
2.00, 5.70, 19.16, 19.16, -1295.58, 20.00, 4.63, 5.00, 0.30, 0.00, 0.00, 0.00, 0.00, 90.00, 0, 0
2.00, 5.70, 19.03, 19.03, -1334.24, 20.00, 4.63, 5.00, 0.30, 0.00, 0.00, 0.00, 0.00, 90.00, 0, 0
2.00, 5.70, 18.91, 18.91, -1366.96, 20.00, 4.63, 5.00, 0.30, 0.00, 0.00, 0.00, 0.00, 90.00, 0, 0
2.00, 5.70, 18.81, 18.81, -1395.20, 20.00, 4.63, 5.00, 0.30, 0.00, 0.00, 0.00, 0.00, 90.00, 0, 0
2.00, 5.70, 18.74, 18.74, -1391.27, 20.00, 4.63, 5.56, 0.90, 0.00, 0.00, 0.00, 0.00, 90.00, 0, 0
2.00, 5.70, 20.00, 20.00, -1152.69, 20.00, 4.63, 5.56, 0.90, 0.00, 0.00, 0.00, 0.00, 90.00, 0, 0
2.00, 5.70, 20.00, 20.00, -1131.51, 20.00, 4.63, 6.11, 1.50, 0.00, 6.57, 0.00, -59.79, 89.90, 0, 0
2.00, 5.70, 20.00, 20.00, -971.36, 20.00, 4.63, 8.33, 3.69, 0.00, 41.22, 0.00, -49.43, 80.63, 0, 0
2.00, 5.70, 20.00, 20.00, -942.18, 20.00, 4.63, 8.89, 4.30, 0.00, 42.11, 0.00, -37.67, 72.78, 0, 0
2.00, 5.70, 20.00, 20.00, -814.88, 20.00, 4.63, 10.00, 5.40, 0.00, 84.54, 0.00, -24.27, 66.92, 0, 0
2.00, 5.70, 20.00, 20.00, -702.25, 20.00, 4.63, 11.11, 6.61, 0.00, 106.83, 0.00, -9.43, 63.61, 0, 0
2.00, 5.70, 20.00, 20.00, -650.67, 20.00, 4.63, 12.22, 7.60, 0.00, 99.15, 0.00, 6.07, 63.28, 0, 0
2.00, 5.70, 20.00, 20.00, -585.54, 20.00, 4.63, 12.78, 8.21, 0.00, 97.75, 0.00, 21.14, 65.96, 0, 0
2.00, 5.70, 20.00, 20.00, -586.11, 20.00, 4.63, 12.78, 8.21, 0.00, 70.91, 0.00, 34.89, 71.32, 0, 0
2.00, 5.70, 20.00, 20.00, -726.42, 20.00, 4.63, 11.67, 7.11, 0.00, 19.39, 0.00, 47.00, 78.78, 0, 0
2.00, 5.70, 20.00, 20.00, -783.00, 20.00, 4.63, 11.11, 6.50, 0.00, 4.93, 0.00, 57.63, 87.78, 0, 0
2.00, 5.70, 20.00, 20.00, -737.99, 20.00, 4.63, 10.56, 6.00, 0.00, 0.00, 0.00, 0.00, 90.00, 0, 0
2.00, 5.70, 20.00, 20.00, -562.77, 20.00, 4.63, 10.00, 5.40, 0.00, 0.00, 0.00, 0.00, 90.00, 0, 0
2.00, 5.70, 20.00, 20.00, -543.15, 20.00, 4.63, 10.00, 5.40, 0.00, 0.00, 0.00, 0.00, 90.00, 0, 0
2.00, 5.70, 20.00, 20.00, -553.69, 20.00, 4.63, 9.44, 4.79, 0.00, 0.00, 0.00, 0.00, 90.00, 0, 0
2.00, 5.70, 20.00, 20.00, -567.72, 20.00, 4.63, 8.89, 4.30, 0.00, 0.00, 0.00, 0.00, 90.00, 0, 0
2.00, 5.70, 19.89, 19.89, -737.17, 20.00, 4.63, 8.89, 4.30, 0.00, 0.00, 0.00, 0.00, 90.00, 0, 0
2.00, 5.70, 19.71, 19.71, -965.91, 20.00, 4.63, 8.33, 3.69, 0.00, 0.00, 0.00, 0.00, 90.00, 0, 0
2.00, 5.70, 19.55, 19.55, -1043.14, 20.00, 4.63, 7.78, 3.08, 0.00, 0.00, 0.00, 0.00, 90.00, 0, 0
2.00, 5.70, 19.41, 19.41, -1112.31, 20.00, 4.63, 7.22, 2.59, 0.00, 0.00, 0.00, 0.00, 90.00, 0, 0
2.00, 5.70, 19.28, 19.28, -1176.40, 20.00, 4.63, 6.67, 1.99, 0.00, 0.00, 0.00, 0.00, 90.00, 0, 0
2.00, 5.70, 19.16, 19.16, -1237.01, 20.00, 4.63, 6.11, 1.39, 0.00, 0.00, 0.00, 0.00, 90.00, 0, 0
2.00, 5.70, 19.04, 19.04, -1295.18, 20.00, 4.63, 5.56, 0.90, 0.00, 0.00, 0.00, 0.00, 90.00, 0, 0
2.00, 5.70, 18.92, 18.92, -1351.84, 20.00, 4.63, 5.00, 0.30, 0.00, 0.00, 0.00, 0.00, 90.00, 0, 0
2.00, 5.70, 20.00, 20.00, -1175.31, 20.00, 4.63, 4.44, -0.31, 0.00, 0.00, 0.00, 0.00, 90.00, 0, 0
2.00, 5.70, 20.00, 20.00, -1184.58, 20.00, 4.63, 4.44, -0.19, 0.00, 6.57, 0.00, 0.00, 90.00, 0, 0
2.00, 5.70, 20.00, 20.00, -1077.06, 20.00, 4.63, 6.11, 1.39, 0.00, 30.61, 0.00, -49.42, 80.77, 0, 0
2.00, 5.70, 20.00, 20.00, -979.86, 20.00, 4.63, 7.22, 2.59, 0.00, 59.84, 0.00, -37.68, 72.93, 0, 0
2.00, 5.70, 20.00, 20.00, -887.00, 20.00, 4.63, 8.33, 3.69, 0.00, 80.01, 0.00, -24.32, 67.06, 0, 0
2.00, 5.70, 20.00, 20.00, -721.93, 20.00, 4.63, 10.00, 5.28, 0.00, 108.77, 0.00, -9.51, 63.74, 0, 0
2.00, 5.70, 20.00, 20.00, -661.72, 20.00, 4.63, 11.11, 6.50, 0.00, 110.13, 0.00, 5.96, 63.39, 0, 0
2.00, 5.70, 20.00, 20.00, -534.68, 20.00, 4.63, 12.22, 7.60, 0.00, 93.63, 0.00, 21.01, 66.05, 0, 0
2.00, 5.70, 20.00, 20.00, -483.32, 20.00, 4.63, 12.78, 8.10, 0.00, 75.51, 0.00, 34.74, 71.38, 0, 0
2.00, 5.70, 20.00, 20.00, -611.92, 20.00, 4.63, 12.22, 7.48, 0.00, 42.56, 0.00, 46.85, 78.82, 0, 0
2.00, 5.70, 20.00, 20.00, -731.00, 20.00, 4.63, 11.11, 6.38, 0.00, 14.79, 0.00, 57.48, 87.80, 0, 0
2.00, 5.70, 20.00, 20.00, -707.92, 20.00, 4.63, 10.56, 5.77, 0.00, 1.64, 0.00, 0.00, 90.00, 0, 0
2.00, 5.70, 20.00, 20.00, -559.15, 20.00, 4.63, 9.44, 4.67, 0.00, 0.00, 0.00, 0.00, 90.00, 0, 0
2.00, 5.70, 20.00, 20.00, -569.32, 20.00, 4.63, 8.89, 4.18, 0.00, 0.00, 0.00, 0.00, 90.00, 0, 0
2.00, 5.70, 20.00, 20.00, -583.83, 20.00, 4.63, 8.33, 3.57, 0.00, 0.00, 0.00, 0.00, 90.00, 0, 0
2.00, 5.70, 20.00, 20.00, -601.24, 20.00, 4.63, 7.78, 2.96, 0.00, 0.00, 0.00, 0.00, 90.00, 0, 0
2.00, 5.70, 19.86, 19.86, -802.98, 20.00, 4.63, 7.22, 2.35, 0.00, 0.00, 0.00, 0.00, 90.00, 0, 0
2.00, 5.70, 19.67, 19.67, -1037.87, 20.00, 4.63, 6.67, 1.74, 0.00, 0.00, 0.00, 0.00, 90.00, 0, 0
2.00, 5.70, 19.48, 19.48, -1149.00, 20.00, 4.63, 5.56, 0.66, 0.00, 0.00, 0.00, 0.00, 90.00, 0, 0
2.00, 5.70, 19.31, 19.31, -1225.50, 20.00, 4.63, 5.00, 0.05, 0.00, 0.00, 0.00, 0.00, 90.00, 0, 0
2.00, 5.70, 19.15, 19.15, -1324.81, 20.00, 4.63, 3.89, -1.03, 0.00, 0.00, 0.00, 0.00, 90.00, 0, 0
2.00, 5.70, 19.00, 19.00, -1393.63, 20.00, 4.63, 3.33, -1.63, 0.00, 0.00, 0.00, 0.00, 90.00, 0, 0
2.00, 5.70, 18.84, 18.84, -1488.29, 20.00, 4.63, 2.22, -2.71, 0.00, 0.00, 0.00, 0.00, 90.00, 0, 0
2.00, 5.70, 18.70, 18.70, -1554.07, 20.00, 4.63, 1.67, -3.31, 0.00, 0.00, 0.00, 0.00, 90.00, 0, 0
2.00, 5.70, 20.00, 20.00, -1372.85, 20.00, 4.63, 0.56, -4.38, 0.00, 0.00, 0.00, 0.00, 90.00, 0, 0
2.00, 5.70, 20.00, 20.00, -1358.01, 20.00, 4.63, 1.11, -3.79, 0.00, 8.22, 0.00, 0.00, 90.00, 0, 0
2.00, 5.70, 20.00, 20.00, -1173.78, 20.00, 4.63, 3.89, -1.03, 0.00, 36.19, 0.00, -49.43, 80.92, 0, 0
2.00, 5.70, 20.00, 20.00, -966.16, 20.00, 4.63, 6.67, 1.74, 0.00, 68.68, 0.00, -37.71, 73.07, 0, 0
2.00, 5.70, 20.00, 20.00, -824.94, 20.00, 4.63, 8.33, 3.31, 0.00, 93.84, 0.00, -24.37, 67.20, 0, 0
2.00, 5.70, 20.00, 20.00, -646.72, 20.00, 4.63, 10.00, 5.02, 0.00, 110.53, 0.00, -9.60, 63.87, 0, 0
2.00, 5.70, 20.00, 20.00, -719.01, 20.00, 4.63, 10.00, 5.15, 0.00, 98.90, 0.00, 5.85, 63.49, 0, 0
2.00, 5.70, 20.00, 20.00, -618.30, 20.00, 4.63, 10.56, 5.63, 0.00, 94.30, 0.00, 20.88, 66.13, 0, 0
2.00, 5.70, 20.00, 20.00, -601.92, 20.00, 4.63, 10.56, 5.63, 0.00, 71.09, 0.00, 34.61, 71.44, 0, 0
2.00, 5.70, 20.00, 20.00, -754.68, 20.00, 4.63, 9.44, 4.54, 0.00, 41.12, 0.00, 46.71, 78.85, 0, 0
2.00, 5.70, 20.00, 20.00, -874.81, 20.00, 4.63, 8.33, 3.44, 0.00, 13.14, 0.00, 57.34, 87.82, 0, 0
2.00, 5.70, 20.00, 20.00, -879.31, 20.00, 4.63, 7.22, 2.35, 0.00, 1.64, 0.00, 0.00, 90.00, 0, 0
2.00, 5.70, 20.00, 20.00, -680.12, 20.00, 4.63, 7.22, 2.35, 0.00, 0.00, 0.00, 0.00, 90.00, 0, 0
2.00, 5.70, 20.00, 20.00, -691.74, 20.00, 4.63, 6.67, 1.74, 0.00, 0.00, 0.00, 0.00, 90.00, 0, 0
2.00, 5.70, 20.00, 20.00, -707.69, 20.00, 4.63, 6.11, 1.26, 0.00, 0.00, 0.00, 0.00, 90.00, 0, 0
2.00, 5.70, 20.00, 20.00, -726.58, 20.00, 4.63, 5.56, 0.66, 0.00, 0.00, 0.00, 0.00, 90.00, 0, 0
2.00, 5.70, 19.80, 19.80, -939.72, 20.00, 4.63, 5.00, 0.05, 0.00, 0.00, 0.00, 0.00, 90.00, 0, 0
2.00, 5.70, 19.56, 19.56, -1183.32, 20.00, 4.63, 4.44, -0.43, 0.00, 0.00, 0.00, 0.00, 90.00, 0, 0
2.00, 5.70, 19.35, 19.35, -1272.98, 20.00, 4.63, 3.89, -1.03, 0.00, 0.00, 0.00, 0.00, 90.00, 0, 0
2.00, 5.70, 19.17, 19.17, -1323.93, 20.00, 4.63, 3.89, -1.03, 0.00, 0.00, 0.00, 0.00, 90.00, 0, 0
2.00, 5.70, 19.02, 19.02, -1395.08, 20.00, 4.63, 3.33, -1.63, 0.00, 0.00, 0.00, 0.00, 90.00, 0, 0
2.00, 5.70, 18.88, 18.88, -1433.23, 20.00, 4.63, 3.33, -1.63, 0.00, 0.00, 0.00, 0.00, 90.00, 0, 0
2.00, 5.70, 18.75, 18.75, -1495.21, 20.00, 4.63, 2.78, -2.11, 0.00, 0.00, 0.00, 0.00, 90.00, 0, 0
2.00, 5.70, 18.63, 18.63, -1555.85, 20.00, 4.63, 2.22, -2.71, 0.00, 0.00, 0.00, 0.00, 90.00, 0, 0
2.00, 5.70, 20.00, 20.00, -1307.71, 20.00, 4.63, 2.22, -2.71, 0.00, 0.00, 0.00, 0.00, 90.00, 0, 0
2.00, 5.70, 20.00, 20.00, -1323.59, 20.00, 4.63, 2.22, -2.71, 0.00, 3.29, 0.00, 0.00, 90.00, 0, 0
2.00, 5.70, 20.00, 20.00, -1252.57, 20.00, 4.63, 3.33, -1.63, 0.00, 21.36, 0.00, -49.43, 81.06, 0, 0
2.00, 5.70, 20.00, 20.00, -1153.36, 20.00, 4.63, 4.44, -0.43, 0.00, 54.04, 0.00, -37.74, 73.21, 0, 0
2.00, 5.70, 20.00, 20.00, -1019.65, 20.00, 4.63, 6.11, 1.26, 0.00, 84.51, 0.00, -24.42, 67.33, 0, 0
2.00, 5.70, 20.00, 20.00, -978.40, 20.00, 4.63, 6.67, 1.87, 0.00, 85.95, 0.00, -9.68, 63.98, 0, 0
2.00, 5.70, 20.00, 20.00, -936.34, 20.00, 4.63, 7.22, 2.48, 0.00, 88.59, 0.00, 5.74, 63.59, 0, 0
2.00, 5.70, 20.00, 20.00, -835.69, 20.00, 4.63, 8.33, 3.57, 0.00, 95.66, 0.00, 20.75, 66.20, 0, 0
2.00, 5.70, 20.00, 20.00, -820.37, 20.00, 4.63, 8.33, 3.57, 0.00, 76.08, 0.00, 34.47, 71.49, 0, 0
2.00, 5.70, 20.00, 20.00, -881.26, 20.00, 4.63, 8.33, 3.57, 0.00, 41.00, 0.00, 46.57, 78.88, 0, 0
2.00, 5.70, 20.00, 20.00, -986.24, 20.00, 4.63, 7.22, 2.48, 0.00, 13.14, 0.00, 57.20, 87.83, 0, 0
2.00, 5.70, 20.00, 20.00, -959.29, 20.00, 4.63, 6.67, 1.87, 0.00, 1.64, 0.00, 0.00, 90.00, 0, 0
2.00, 5.70, 20.00, 20.00, -755.15, 20.00, 4.63, 6.67, 1.87, 0.00, 0.00, 0.00, 0.00, 90.00, 0, 0
2.00, 5.70, 20.00, 20.00, -763.19, 20.00, 4.63, 6.11, 1.26, 0.00, 0.00, 0.00, 0.00, 90.00, 0, 0
2.00, 5.70, 20.00, 20.00, -749.81, 20.00, 4.63, 6.11, 1.26, 0.00, 0.00, 0.00, 0.00, 90.00, 0, 0
2.00, 5.70, 20.00, 20.00, -765.44, 20.00, 4.63, 5.56, 0.78, 0.00, 0.00, 0.00, 0.00, 90.00, 0, 0
2.00, 5.70, 19.78, 19.78, -979.72, 20.00, 4.63, 5.00, 0.18, 0.00, 0.00, 0.00, 0.00, 90.00, 0, 0
2.00, 5.70, 19.53, 19.53, -1194.87, 20.00, 4.63, 5.00, 0.18, 0.00, 0.00, 0.00, 0.00, 90.00, 0, 0
2.00, 5.70, 19.32, 19.32, -1281.85, 20.00, 4.63, 4.44, -0.43, 0.00, 0.00, 0.00, 0.00, 90.00, 0, 0
2.00, 5.70, 19.14, 19.14, -1359.25, 20.00, 4.63, 3.89, -0.91, 0.00, 0.00, 0.00, 0.00, 90.00, 0, 0
2.00, 5.70, 18.99, 18.99, -1401.53, 20.00, 4.63, 3.89, -1.03, 0.00, 0.00, 0.00, 0.00, 90.00, 0, 0
2.00, 5.70, 18.84, 18.84, -1465.95, 20.00, 4.63, 3.33, -1.51, 0.00, 0.00, 0.00, 0.00, 90.00, 0, 0
2.00, 5.70, 18.71, 18.71, -1527.92, 20.00, 4.63, 2.78, -1.99, 0.00, 0.00, 0.00, 0.00, 90.00, 0, 0
2.00, 5.70, 18.59, 18.59, -1559.11, 20.00, 4.63, 2.78, -2.11, 0.00, 0.00, 0.00, 0.00, 90.00, 0, 0
2.00, 5.70, 20.00, 20.00, -1329.14, 20.00, 4.63, 2.22, -2.59, 0.00, 0.00, 0.00, 0.00, 90.00, 0, 0
2.00, 5.70, 20.00, 20.00, -1314.46, 20.00, 4.63, 2.78, -1.99, 0.00, 4.93, 0.00, 0.00, 90.00, 0, 0
2.00, 5.70, 20.00, 20.00, -1196.73, 20.00, 4.63, 4.44, -0.43, 0.00, 32.75, 0.00, -49.44, 81.19, 0, 0
2.00, 5.70, 20.00, 20.00, -1104.88, 20.00, 4.63, 5.56, 0.78, 0.00, 57.91, 0.00, -37.77, 73.34, 0, 0
2.00, 5.70, 20.00, 20.00, -965.70, 20.00, 4.63, 7.22, 2.48, 0.00, 85.26, 0.00, -24.48, 67.45, 0, 0
2.00, 5.70, 20.00, 20.00, -1006.63, 20.00, 4.63, 7.22, 2.48, 0.00, 53.10, 0.00, -9.77, 64.09, 0, 0
2.00, 5.70, 20.00, 20.00, -975.43, 20.00, 4.63, 7.22, 2.48, 0.00, 73.33, 0.00, 5.63, 63.68, 0, 0
2.00, 5.70, 20.00, 20.00, -866.88, 20.00, 4.63, 8.33, 3.57, 0.00, 89.44, 0.00, 20.62, 66.27, 0, 0
2.00, 5.70, 20.00, 20.00, -784.15, 20.00, 4.63, 8.89, 4.18, 0.00, 72.60, 0.00, 34.33, 71.53, 0, 0
2.00, 5.70, 20.00, 20.00, -876.49, 20.00, 4.63, 8.33, 3.57, 0.00, 40.77, 0.00, 46.43, 78.91, 0, 0
2.00, 5.70, 20.00, 20.00, -997.59, 20.00, 4.63, 7.22, 2.59, 0.00, 11.50, 0.00, 57.06, 87.84, 0, 0
2.00, 5.70, 20.00, 20.00, -935.86, 20.00, 4.63, 7.22, 2.48, 0.00, 0.00, 0.00, 0.00, 90.00, 0, 0
2.00, 5.70, 20.00, 20.00, -762.77, 20.00, 4.63, 6.67, 1.99, 0.00, 0.00, 0.00, 0.00, 90.00, 0, 0
2.00, 5.70, 20.00, 20.00, -771.00, 20.00, 4.63, 6.11, 1.39, 0.00, 0.00, 0.00, 0.00, 90.00, 0, 0
2.00, 5.70, 20.00, 20.00, -757.62, 20.00, 4.63, 6.11, 1.39, 0.00, 0.00, 0.00, 0.00, 90.00, 0, 0
2.00, 5.70, 20.00, 20.00, -773.23, 20.00, 4.63, 5.56, 0.78, 0.00, 0.00, 0.00, 0.00, 90.00, 0, 0
2.00, 5.70, 19.79, 19.79, -959.83, 20.00, 4.63, 5.56, 0.78, 0.00, 0.00, 0.00, 0.00, 90.00, 0, 0
2.00, 5.70, 19.53, 19.53, -1201.95, 20.00, 4.63, 5.00, 0.30, 0.00, 0.00, 0.00, 0.00, 90.00, 0, 0
2.00, 5.70, 19.33, 19.33, -1261.07, 20.00, 4.63, 5.00, 0.18, 0.00, 0.00, 0.00, 0.00, 90.00, 0, 0
2.00, 5.70, 19.15, 19.15, -1336.55, 20.00, 4.63, 4.44, -0.31, 0.00, 0.00, 0.00, 0.00, 90.00, 0, 0
2.00, 5.70, 18.99, 18.99, -1406.12, 20.00, 4.63, 3.89, -0.91, 0.00, 0.00, 0.00, 0.00, 90.00, 0, 0
2.00, 5.70, 18.86, 18.86, -1442.56, 20.00, 4.63, 3.89, -0.91, 0.00, 0.00, 0.00, 0.00, 90.00, 0, 0
2.00, 5.70, 18.73, 18.73, -1502.65, 20.00, 4.63, 3.33, -1.39, 0.00, 0.00, 0.00, 0.00, 90.00, 0, 0
2.00, 5.70, 18.61, 18.61, -1532.33, 20.00, 4.63, 3.33, -1.51, 0.00, 0.00, 0.00, 0.00, 90.00, 0, 0
2.00, 5.70, 20.00, 20.00, -1231.34, 20.00, 4.63, 2.78, -1.99, 0.00, 0.00, 0.00, 0.00, 90.00, 0, 0
2.00, 5.70, 20.00, 20.00, -1208.59, 20.00, 4.63, 3.33, -1.39, 0.00, 4.93, 0.00, 0.00, 90.00, 0, 0
2.00, 5.70, 20.00, 20.00, -1123.16, 20.00, 4.63, 4.44, -0.31, 0.00, 27.36, 0.00, -49.46, 81.32, 0, 0
2.00, 5.70, 20.00, 20.00, -1042.36, 20.00, 4.63, 5.56, 0.78, 0.00, 42.72, 0.00, -37.81, 73.47, 0, 0
2.00, 5.70, 20.00, 20.00, -911.16, 20.00, 4.63, 6.67, 1.99, 0.00, 83.13, 0.00, -24.55, 67.57, 0, 0
2.00, 5.70, 20.00, 20.00, -786.15, 20.00, 4.63, 8.33, 3.57, 0.00, 99.60, 0.00, -9.86, 64.20, 0, 0
2.00, 5.70, 20.00, 20.00, -707.35, 20.00, 4.63, 9.44, 4.67, 0.00, 103.62, 0.00, 5.51, 63.76, 0, 0
2.00, 5.70, 20.00, 20.00, -732.06, 20.00, 4.63, 9.44, 4.79, 0.00, 77.07, 0.00, 20.49, 66.33, 0, 0
2.00, 5.70, 20.00, 20.00, -725.21, 20.00, 4.63, 9.44, 4.79, 0.00, 65.26, 0.00, 34.20, 71.57, 0, 0
2.00, 5.70, 20.00, 20.00, -730.04, 20.00, 4.63, 9.44, 4.79, 0.00, 49.93, 0.00, 46.30, 78.92, 0, 0
2.00, 5.70, 20.00, 20.00, -857.92, 20.00, 4.63, 8.33, 3.69, 0.00, 13.14, 0.00, 56.93, 87.84, 0, 0
2.00, 5.70, 20.00, 20.00, -823.55, 20.00, 4.63, 7.78, 3.08, 0.00, 0.00, 0.00, 0.00, 90.00, 0, 0
2.00, 5.70, 20.00, 20.00, -623.86, 20.00, 4.63, 7.78, 2.96, 0.00, 0.00, 0.00, 0.00, 90.00, 0, 0
2.00, 5.70, 20.00, 20.00, -630.52, 20.00, 4.63, 7.22, 2.48, 0.00, 0.00, 0.00, 0.00, 90.00, 0, 0
2.00, 5.70, 20.00, 20.00, -642.22, 20.00, 4.63, 6.67, 1.87, 0.00, 0.00, 0.00, 0.00, 90.00, 0, 0
2.00, 5.70, 20.00, 20.00, -657.18, 20.00, 4.63, 6.11, 1.39, 0.00, 0.00, 0.00, 0.00, 90.00, 0, 0
2.00, 5.70, 19.82, 19.82, -887.14, 20.00, 4.63, 6.11, 1.26, 0.00, 0.00, 0.00, 0.00, 90.00, 0, 0
2.00, 5.70, 19.59, 19.59, -1129.90, 20.00, 4.63, 5.56, 0.78, 0.00, 0.00, 0.00, 0.00, 90.00, 0, 0
2.00, 5.70, 19.39, 19.39, -1218.40, 20.00, 4.63, 5.00, 0.18, 0.00, 0.00, 0.00, 0.00, 90.00, 0, 0
2.00, 5.70, 19.21, 19.21, -1296.93, 20.00, 4.63, 4.44, -0.31, 0.00, 0.00, 0.00, 0.00, 90.00, 0, 0
2.00, 5.70, 19.05, 19.05, -1369.01, 20.00, 4.63, 3.89, -0.91, 0.00, 0.00, 0.00, 0.00, 90.00, 0, 0
2.00, 5.70, 18.92, 18.92, -1407.58, 20.00, 4.63, 3.89, -0.91, 0.00, 0.00, 0.00, 0.00, 90.00, 0, 0
2.00, 5.70, 18.78, 18.78, -1469.58, 20.00, 4.63, 3.33, -1.51, 0.00, 0.00, 0.00, 0.00, 90.00, 0, 0
2.00, 5.70, 18.66, 18.66, -1529.94, 20.00, 4.63, 2.78, -2.11, 0.00, 0.00, 0.00, 0.00, 90.00, 0, 0
2.00, 5.70, 20.00, 20.00, -1237.54, 20.00, 4.63, 2.22, -2.59, 0.00, 0.00, 0.00, 0.00, 90.00, 0, 0
2.00, 5.70, 20.00, 20.00, -1246.49, 20.00, 4.63, 2.22, -2.59, 0.00, 3.29, 0.00, 0.00, 90.00, 0, 0
2.00, 5.70, 20.00, 20.00, -1167.64, 20.00, 4.63, 3.33, -1.51, 0.00, 23.00, 0.00, -49.48, 81.45, 0, 0
2.00, 5.70, 20.00, 20.00, -1128.88, 20.00, 4.63, 3.89, -0.91, 0.00, 29.57, 0.00, -37.85, 73.59, 0, 0
2.00, 5.70, 20.00, 20.00, -1012.01, 20.00, 4.63, 5.00, 0.18, 0.00, 68.65, 0.00, -24.61, 67.68, 0, 0
2.00, 5.70, 20.00, 20.00, -999.11, 20.00, 4.63, 5.56, 0.78, 0.00, 51.48, 0.00, -9.95, 64.29, 0, 0
2.00, 5.70, 20.00, 20.00, -1008.68, 20.00, 4.63, 5.56, 0.78, 0.00, 41.08, 0.00, 5.40, 63.84, 0, 0
2.00, 5.70, 20.00, 20.00, -924.84, 20.00, 4.63, 6.11, 1.39, 0.00, 74.93, 0.00, 20.36, 66.38, 0, 0
2.00, 5.70, 20.00, 20.00, -929.62, 20.00, 4.63, 6.11, 1.39, 0.00, 62.57, 0.00, 34.07, 71.60, 0, 0
2.00, 5.70, 20.00, 20.00, -988.80, 20.00, 4.63, 6.11, 1.26, 0.00, 20.63, 0.00, 46.17, 78.93, 0, 0
2.00, 5.70, 20.00, 20.00, -1043.76, 20.00, 4.63, 5.56, 0.78, 0.00, 4.93, 0.00, 56.80, 87.83, 0, 0
2.00, 5.70, 20.00, 20.00, -995.37, 20.00, 4.63, 5.00, 0.18, 0.00, 0.00, 0.00, 0.00, 90.00, 0, 0
2.00, 5.70, 20.00, 20.00, -819.97, 20.00, 4.63, 4.44, -0.31, 0.00, 0.00, 0.00, 0.00, 90.00, 0, 0
2.00, 5.70, 20.00, 20.00, -799.94, 20.00, 4.63, 4.44, -0.31, 0.00, 0.00, 0.00, 0.00, 90.00, 0, 0
2.00, 5.70, 20.00, 20.00, -811.32, 20.00, 4.63, 3.89, -0.91, 0.00, 0.00, 0.00, 0.00, 90.00, 0, 0
2.00, 5.70, 20.00, 20.00, -799.66, 20.00, 4.63, 3.89, -0.91, 0.00, 0.00, 0.00, 0.00, 90.00, 0, 0
2.00, 5.70, 19.74, 19.74, -1069.45, 20.00, 4.63, 3.33, -1.51, 0.00, 0.00, 0.00, 0.00, 90.00, 0, 0
2.00, 5.70, 19.46, 19.46, -1294.16, 20.00, 4.63, 3.33, -1.51, 0.00, 0.00, 0.00, 0.00, 90.00, 0, 0
2.00, 5.70, 19.22, 19.22, -1388.90, 20.00, 4.63, 2.78, -2.11, 0.00, 0.00, 0.00, 0.00, 90.00, 0, 0
2.00, 5.70, 19.03, 19.03, -1443.53, 20.00, 4.63, 2.78, -2.11, 0.00, 0.00, 0.00, 0.00, 90.00, 0, 0
2.00, 5.70, 18.86, 18.86, -1517.57, 20.00, 4.63, 2.22, -2.59, 0.00, 0.00, 0.00, 0.00, 90.00, 0, 0
2.00, 5.70, 18.71, 18.71, -1557.95, 20.00, 4.63, 2.22, -2.71, 0.00, 0.00, 0.00, 0.00, 90.00, 0, 0
2.00, 5.70, 18.56, 18.56, -1621.83, 20.00, 4.63, 1.67, -3.19, 0.00, 0.00, 0.00, 0.00, 90.00, 0, 0
2.00, 5.70, 18.44, 18.44, -1654.64, 20.00, 4.63, 1.67, -3.19, 0.00, 0.00, 0.00, 0.00, 90.00, 0, 0
2.00, 5.70, 20.00, 20.00, -1398.41, 20.00, 4.63, 1.11, -3.79, 0.00, 0.00, 0.00, 0.00, 90.00, 0, 0
2.00, 5.70, 20.00, 20.00, -1384.61, 20.00, 4.63, 1.67, -3.19, 0.00, 4.93, 0.00, 0.00, 90.00, 0, 0
2.00, 5.70, 20.00, 20.00, -1295.79, 20.00, 4.63, 2.78, -1.99, 0.00, 32.41, 0.00, -49.51, 81.57, 0, 0
2.00, 5.70, 20.00, 20.00, -1134.10, 20.00, 4.63, 5.00, 0.18, 0.00, 65.25, 0.00, -37.90, 73.71, 0, 0
2.00, 5.70, 20.00, 20.00, -1037.95, 20.00, 4.63, 6.11, 1.26, 0.00, 85.67, 0.00, -24.68, 67.79, 0, 0
2.00, 5.70, 20.00, 20.00, -962.96, 20.00, 4.63, 7.22, 2.35, 0.00, 92.56, 0.00, -10.05, 64.38, 0, 0
2.00, 5.70, 20.00, 20.00, -909.49, 20.00, 4.63, 7.78, 2.96, 0.00, 98.88, 0.00, 5.28, 63.91, 0, 0
2.00, 5.70, 20.00, 20.00, -833.94, 20.00, 4.63, 8.33, 3.57, 0.00, 94.76, 0.00, 20.24, 66.43, 0, 0
2.00, 5.70, 20.00, 20.00, -747.73, 20.00, 4.63, 8.89, 4.06, 0.00, 74.68, 0.00, 33.94, 71.62, 0, 0
2.00, 5.70, 20.00, 20.00, -834.79, 20.00, 4.63, 8.89, 4.06, 0.00, 41.82, 0.00, 46.04, 78.94, 0, 0
2.00, 5.70, 20.00, 20.00, -960.23, 20.00, 4.63, 7.78, 2.96, 0.00, 14.79, 0.00, 56.68, 87.82, 0, 0
2.00, 5.70, 20.00, 20.00, -936.76, 20.00, 4.63, 7.22, 2.35, 0.00, 1.64, 0.00, 0.00, 90.00, 0, 0
2.00, 5.70, 20.00, 20.00, -760.16, 20.00, 4.63, 6.67, 1.74, 0.00, 0.00, 0.00, 0.00, 90.00, 0, 0
2.00, 5.70, 20.00, 20.00, -769.39, 20.00, 4.63, 6.11, 1.13, 0.00, 0.00, 0.00, 0.00, 90.00, 0, 0
2.00, 5.70, 20.00, 20.00, -783.16, 20.00, 4.63, 5.56, 0.66, 0.00, 0.00, 0.00, 0.00, 90.00, 0, 0
2.00, 5.70, 20.00, 20.00, -800.11, 20.00, 4.63, 5.00, 0.05, 0.00, 0.00, 0.00, 0.00, 90.00, 0, 0
2.00, 5.70, 19.76, 19.76, -1020.13, 20.00, 4.63, 4.44, -0.55, 0.00, 0.00, 0.00, 0.00, 90.00, 0, 0
2.00, 5.70, 19.48, 19.48, -1268.27, 20.00, 4.63, 3.89, -1.03, 0.00, 0.00, 0.00, 0.00, 90.00, 0, 0
2.00, 5.70, 19.24, 19.24, -1360.93, 20.00, 4.63, 3.33, -1.63, 0.00, 0.00, 0.00, 0.00, 90.00, 0, 0
2.00, 5.70, 19.04, 19.04, -1442.92, 20.00, 4.63, 2.78, -2.23, 0.00, 0.00, 0.00, 0.00, 90.00, 0, 0
2.00, 5.70, 18.86, 18.86, -1517.89, 20.00, 4.63, 2.22, -2.83, 0.00, 0.00, 0.00, 0.00, 90.00, 0, 0
2.00, 5.70, 18.69, 18.69, -1587.96, 20.00, 4.63, 1.67, -3.31, 0.00, 0.00, 0.00, 0.00, 90.00, 0, 0
2.00, 5.70, 18.54, 18.54, -1654.77, 20.00, 4.63, 1.11, -3.91, 0.00, 0.00, 0.00, 0.00, 90.00, 0, 0
2.00, 5.70, 18.39, 18.39, -1719.28, 20.00, 4.63, 0.56, -4.51, 0.00, 0.00, 0.00, 0.00, 90.00, 0, 0
2.00, 5.70, 20.00, 20.00, -1456.26, 20.00, 4.63, 0.00, -5.11, 0.00, 0.00, 0.00, 0.00, 90.00, 0, 0
2.00, 5.70, 20.00, 20.00, -1473.99, 20.00, 4.63, 0.00, -4.98, 0.00, 3.29, 0.00, 0.00, 90.00, 0, 0
2.00, 5.70, 20.00, 20.00, -1356.14, 20.00, 4.63, 1.67, -3.43, 0.00, 32.67, 0.00, -49.55, 81.69, 0, 0
2.00, 5.70, 20.00, 20.00, -1213.78, 20.00, 4.63, 3.33, -1.63, 0.00, 62.26, 0.00, -37.95, 73.82, 0, 0
2.00, 5.70, 20.00, 20.00, -1128.01, 20.00, 4.63, 4.44, -0.55, 0.00, 81.18, 0.00, -24.76, 67.89, 0, 0
2.00, 5.70, 20.00, 20.00, -1154.06, 20.00, 4.63, 4.44, -0.55, 0.00, 61.90, 0.00, -10.15, 64.47, 0, 0
2.00, 5.70, 20.00, 20.00, -1074.98, 20.00, 4.63, 5.00, 0.05, 0.00, 91.83, 0.00, 5.17, 63.97, 0, 0
2.00, 5.70, 20.00, 20.00, -1030.70, 20.00, 4.63, 5.56, 0.66, 0.00, 88.99, 0.00, 20.11, 66.47, 0, 0
2.00, 5.70, 20.00, 20.00, -1059.61, 20.00, 4.63, 5.56, 0.53, 0.00, 53.07, 0.00, 33.81, 71.64, 0, 0
2.00, 5.70, 20.00, 20.00, -1154.41, 20.00, 4.63, 4.44, -0.43, 0.00, 26.29, 0.00, 45.92, 78.93, 0, 0
2.00, 5.70, 20.00, 20.00, -1218.80, 20.00, 4.63, 3.89, -1.03, 0.00, 4.93, 0.00, 56.56, 87.81, 0, 0
2.00, 5.70, 20.00, 20.00, -1172.55, 20.00, 4.63, 3.33, -1.63, 0.00, 0.00, 0.00, 0.00, 90.00, 0, 0
2.00, 5.70, 20.00, 20.00, -999.63, 20.00, 4.63, 2.78, -2.11, 0.00, 0.00, 0.00, 0.00, 90.00, 0, 0
2.00, 5.70, 20.00, 20.00, -981.55, 20.00, 4.63, 2.78, -2.11, 0.00, 0.00, 0.00, 0.00, 90.00, 0, 0
2.00, 5.70, 20.00, 20.00, -967.95, 20.00, 4.63, 2.78, -2.23, 0.00, 0.00, 0.00, 0.00, 90.00, 0, 0
2.00, 5.70, 20.00, 20.00, -984.11, 20.00, 4.63, 2.22, -2.71, 0.00, 0.00, 0.00, 0.00, 90.00, 0, 0
2.00, 5.70, 19.68, 19.68, -1189.87, 20.00, 4.63, 2.22, -2.71, 0.00, 0.00, 0.00, 0.00, 90.00, 0, 0
2.00, 5.70, 19.34, 19.34, -1446.88, 20.00, 4.63, 1.67, -3.31, 0.00, 0.00, 0.00, 0.00, 90.00, 0, 0
2.00, 5.70, 19.08, 19.08, -1516.95, 20.00, 4.63, 1.67, -3.31, 0.00, 0.00, 0.00, 0.00, 90.00, 0, 0
2.00, 5.70, 18.86, 18.86, -1572.51, 20.00, 4.63, 1.67, -3.31, 0.00, 0.00, 0.00, 0.00, 90.00, 0, 0
2.00, 5.70, 18.67, 18.67, -1647.46, 20.00, 4.63, 1.11, -3.79, 0.00, 0.00, 0.00, 0.00, 90.00, 0, 0
2.00, 5.70, 18.51, 18.51, -1688.40, 20.00, 4.63, 1.11, -3.91, 0.00, 0.00, 0.00, 0.00, 90.00, 0, 0
2.00, 5.70, 18.37, 18.37, -1723.52, 20.00, 4.63, 1.11, -3.91, 0.00, 0.00, 0.00, 0.00, 90.00, 0, 0
2.00, 5.70, 18.25, 18.25, -1754.37, 20.00, 4.63, 1.11, -3.91, 0.00, 0.00, 0.00, 0.00, 90.00, 0, 0
2.00, 5.70, 20.00, 20.00, -1464.23, 20.00, 4.63, 0.56, -4.38, 0.00, 0.00, 0.00, 0.00, 90.00, 0, 0
2.00, 5.70, 20.00, 20.00, -1449.24, 20.00, 4.63, 1.11, -3.79, 0.00, 4.93, 0.00, 0.00, 90.00, 0, 0
2.00, 5.70, 20.00, 20.00, -1367.14, 20.00, 4.63, 2.22, -2.71, 0.00, 27.25, 0.00, -49.58, 81.80, 0, 0
2.00, 5.70, 20.00, 20.00, -1153.21, 20.00, 4.63, 5.00, 0.05, 0.00, 65.26, 0.00, -38.00, 73.92, 0, 0
2.00, 5.70, 20.00, 20.00, -913.02, 20.00, 4.63, 7.78, 2.96, 0.00, 84.19, 0.00, -24.84, 67.98, 0, 0
2.00, 5.70, 20.00, 20.00, -665.02, 20.00, 4.63, 10.56, 5.63, 0.00, 92.11, 0.00, -10.25, 64.55, 0, 0
2.00, 5.70, 20.00, 20.00, -618.33, 20.00, 4.63, 12.22, 7.35, 0.00, 92.42, 0.00, 5.05, 64.03, 0, 0
2.00, 5.70, 20.00, 20.00, -534.33, 20.00, 4.63, 12.78, 7.97, 0.00, 77.40, 0.00, 19.99, 66.50, 0, 0
2.00, 5.70, 20.00, 20.00, -507.34, 20.00, 4.63, 12.78, 7.97, 0.00, 60.24, 0.00, 33.69, 71.65, 0, 0
2.00, 5.70, 20.00, 20.00, -658.12, 20.00, 4.63, 11.67, 6.87, 0.00, 39.69, 0.00, 45.80, 78.93, 0, 0
2.00, 5.70, 20.00, 20.00, -822.25, 20.00, 4.63, 10.00, 5.15, 0.00, 16.43, 0.00, 56.44, 87.78, 0, 0
2.00, 5.70, 20.00, 20.00, -803.50, 20.00, 4.63, 9.44, 4.54, 0.00, 1.64, 0.00, 0.00, 90.00, 0, 0
2.00, 5.70, 20.00, 20.00, -629.61, 20.00, 4.63, 8.89, 4.06, 0.00, 0.00, 0.00, 0.00, 90.00, 0, 0
2.00, 5.70, 20.00, 20.00, -639.73, 20.00, 4.63, 8.33, 3.44, 0.00, 0.00, 0.00, 0.00, 90.00, 0, 0
2.00, 5.70, 20.00, 20.00, -627.71, 20.00, 4.63, 8.33, 3.44, 0.00, 0.00, 0.00, 0.00, 90.00, 0, 0
2.00, 5.70, 20.00, 20.00, -643.72, 20.00, 4.63, 7.78, 2.83, 0.00, 0.00, 0.00, 0.00, 90.00, 0, 0
2.00, 5.70, 19.83, 19.83, -850.84, 20.00, 4.63, 7.22, 2.35, 0.00, 0.00, 0.00, 0.00, 90.00, 0, 0
2.00, 5.70, 19.60, 19.60, -1089.05, 20.00, 4.63, 6.67, 1.74, 0.00, 0.00, 0.00, 0.00, 90.00, 0, 0
2.00, 5.70, 19.41, 19.41, -1173.46, 20.00, 4.63, 6.11, 1.26, 0.00, 0.00, 0.00, 0.00, 90.00, 0, 0
2.00, 5.70, 19.24, 19.24, -1248.51, 20.00, 4.63, 5.56, 0.66, 0.00, 0.00, 0.00, 0.00, 90.00, 0, 0
2.00, 5.70, 19.09, 19.09, -1317.38, 20.00, 4.63, 5.00, 0.05, 0.00, 0.00, 0.00, 0.00, 90.00, 0, 0
2.00, 5.70, 18.93, 18.93, -1410.88, 20.00, 4.63, 3.89, -1.03, 0.00, 0.00, 0.00, 0.00, 90.00, 0, 0
2.00, 5.70, 18.79, 18.79, -1475.09, 20.00, 4.63, 3.33, -1.63, 0.00, 0.00, 0.00, 0.00, 90.00, 0, 0
2.00, 5.70, 18.65, 18.65, -1536.76, 20.00, 4.63, 2.78, -2.11, 0.00, 0.00, 0.00, 0.00, 90.00, 0, 0
2.00, 5.70, 20.00, 20.00, -1316.00, 20.00, 4.63, 2.22, -2.71, 0.00, 0.00, 0.00, 0.00, 90.00, 0, 0
2.00, 5.70, 20.00, 20.00, -1334.41, 20.00, 4.63, 2.22, -2.71, 0.00, 1.64, 0.00, 0.00, 90.00, 0, 0
2.00, 5.70, 20.00, 20.00, -1332.36, 20.00, 4.63, 2.22, -2.59, 0.00, 9.86, 0.00, -49.63, 81.91, 0, 0
2.00, 5.70, 20.00, 20.00, -1290.74, 20.00, 4.63, 2.78, -2.11, 0.00, 24.65, 0.00, -38.07, 74.02, 0, 0
2.00, 5.70, 20.00, 20.00, -1253.92, 20.00, 4.63, 3.33, -1.51, 0.00, 32.86, 0.00, -24.92, 68.07, 0, 0
2.00, 5.70, 20.00, 20.00, -1224.39, 20.00, 4.63, 3.89, -0.91, 0.00, 34.50, 0.00, -10.35, 64.62, 0, 0
2.00, 5.70, 20.00, 20.00, -1135.89, 20.00, 4.63, 4.44, -0.31, 0.00, 74.98, 0.00, 4.93, 64.08, 0, 0
2.00, 5.70, 20.00, 20.00, -1134.01, 20.00, 4.63, 5.00, 0.18, 0.00, 51.57, 0.00, 19.86, 66.53, 0, 0
2.00, 5.70, 20.00, 20.00, -1094.56, 20.00, 4.63, 5.00, 0.30, 0.00, 56.81, 0.00, 33.56, 71.65, 0, 0
2.00, 5.70, 20.00, 20.00, -1123.44, 20.00, 4.63, 5.00, 0.30, 0.00, 34.44, 0.00, 45.68, 78.91, 0, 0
2.00, 5.70, 20.00, 20.00, -1190.71, 20.00, 4.63, 4.44, -0.31, 0.00, 8.22, 0.00, 56.33, 87.76, 0, 0
2.00, 5.70, 20.00, 20.00, -1119.52, 20.00, 4.63, 4.44, -0.31, 0.00, 0.00, 0.00, 0.00, 90.00, 0, 0
2.00, 5.70, 20.00, 20.00, -917.37, 20.00, 4.63, 4.44, -0.31, 0.00, 0.00, 0.00, 0.00, 90.00, 0, 0
2.00, 5.70, 20.00, 20.00, -896.67, 20.00, 4.63, 4.44, -0.31, 0.00, 0.00, 0.00, 0.00, 90.00, 0, 0
2.00, 5.70, 20.00, 20.00, -907.55, 20.00, 4.63, 3.89, -0.79, 0.00, 0.00, 0.00, 0.00, 90.00, 0, 0
2.00, 5.70, 20.00, 20.00, -895.60, 20.00, 4.63, 3.89, -0.79, 0.00, 0.00, 0.00, 0.00, 90.00, 0, 0
2.00, 5.70, 19.72, 19.72, -1091.73, 20.00, 4.63, 3.89, -0.79, 0.00, 0.00, 0.00, 0.00, 90.00, 0, 0
2.00, 5.70, 19.44, 19.44, -1312.13, 20.00, 4.63, 3.89, -0.91, 0.00, 0.00, 0.00, 0.00, 90.00, 0, 0
2.00, 5.70, 19.21, 19.21, -1373.94, 20.00, 4.63, 3.89, -0.91, 0.00, 0.00, 0.00, 0.00, 90.00, 0, 0
2.00, 5.70, 19.03, 19.03, -1422.76, 20.00, 4.63, 3.89, -0.91, 0.00, 0.00, 0.00, 0.00, 90.00, 0, 0
2.00, 5.70, 18.88, 18.88, -1462.66, 20.00, 4.63, 3.89, -0.91, 0.00, 0.00, 0.00, 0.00, 90.00, 0, 0
2.00, 5.70, 18.75, 18.75, -1496.07, 20.00, 4.63, 3.89, -0.79, 0.00, 0.00, 0.00, 0.00, 90.00, 0, 0
2.00, 5.70, 18.63, 18.63, -1524.81, 20.00, 4.63, 3.89, -0.79, 0.00, 0.00, 0.00, 0.00, 90.00, 0, 0
2.00, 5.70, 18.53, 18.53, -1549.99, 20.00, 4.63, 3.89, -0.79, 0.00, 0.00, 0.00, 0.00, 90.00, 0, 0
2.00, 5.70, 20.00, 20.00, -1250.89, 20.00, 4.63, 4.44, -0.19, 0.00, 0.00, 0.00, 0.00, 90.00, 0, 0
2.00, 5.70, 20.00, 20.00, -1255.01, 20.00, 4.63, 4.44, -0.19, 0.00, 0.00, 0.00, 0.00, 90.00, 0, 0
2.00, 5.70, 20.00, 20.00, -1174.08, 20.00, 4.63, 5.56, 0.90, 0.00, 26.88, 0.00, -49.68, 82.01, 0, 0
2.00, 5.70, 20.00, 20.00, -1096.53, 20.00, 4.63, 6.67, 2.10, 0.00, 42.98, 0.00, -38.13, 74.12, 0, 0
2.00, 5.70, 20.00, 20.00, -992.57, 20.00, 4.63, 7.78, 3.20, 0.00, 72.75, 0.00, -25.00, 68.16, 0, 0
2.00, 5.70, 20.00, 20.00, -913.20, 20.00, 4.63, 8.89, 4.30, 0.00, 81.09, 0.00, -10.45, 64.68, 0, 0
2.00, 5.70, 20.00, 20.00, -842.98, 20.00, 4.63, 9.44, 4.90, 0.00, 96.80, 0.00, 4.81, 64.12, 0, 0
2.00, 5.70, 20.00, 20.00, -746.26, 20.00, 4.63, 10.56, 6.00, 0.00, 96.70, 0.00, 19.74, 66.55, 0, 0
2.00, 5.70, 20.00, 20.00, -742.22, 20.00, 4.63, 10.56, 6.11, 0.00, 73.34, 0.00, 33.44, 71.65, 0, 0
2.00, 5.70, 20.00, 20.00, -791.53, 20.00, 4.63, 10.56, 6.00, 0.00, 42.65, 0.00, 45.57, 78.89, 0, 0
2.00, 5.70, 20.00, 20.00, -902.06, 20.00, 4.63, 9.44, 4.90, 0.00, 8.22, 0.00, 56.22, 87.72, 0, 0
2.00, 5.70, 20.00, 20.00, -834.76, 20.00, 4.63, 9.44, 4.90, 0.00, 0.00, 0.00, 0.00, 90.00, 0, 0
2.00, 5.70, 20.00, 20.00, -658.88, 20.00, 4.63, 8.89, 4.40, 0.00, 0.00, 0.00, 0.00, 90.00, 0, 0
2.00, 5.70, 20.00, 20.00, -638.46, 20.00, 4.63, 8.89, 4.40, 0.00, 0.00, 0.00, 0.00, 90.00, 0, 0
2.00, 5.70, 20.00, 20.00, -622.28, 20.00, 4.63, 8.89, 4.40, 0.00, 0.00, 0.00, 0.00, 90.00, 0, 0
2.00, 5.70, 20.00, 20.00, -608.92, 20.00, 4.63, 8.89, 4.30, 0.00, 0.00, 0.00, 0.00, 90.00, 0, 0
2.00, 5.70, 19.85, 19.85, -808.59, 20.00, 4.63, 8.33, 3.80, 0.00, 0.00, 0.00, 0.00, 90.00, 0, 0
2.00, 5.70, 19.66, 19.66, -1012.51, 20.00, 4.63, 8.33, 3.80, 0.00, 0.00, 0.00, 0.00, 90.00, 0, 0
2.00, 5.70, 19.51, 19.51, -1061.28, 20.00, 4.63, 8.33, 3.80, 0.00, 0.00, 0.00, 0.00, 90.00, 0, 0
2.00, 5.70, 19.37, 19.37, -1127.65, 20.00, 4.63, 7.78, 3.20, 0.00, 0.00, 0.00, 0.00, 90.00, 0, 0
2.00, 5.70, 19.25, 19.25, -1160.77, 20.00, 4.63, 7.78, 3.20, 0.00, 0.00, 0.00, 0.00, 90.00, 0, 0
2.00, 5.70, 19.15, 19.15, -1188.12, 20.00, 4.63, 7.78, 3.20, 0.00, 0.00, 0.00, 0.00, 90.00, 0, 0
2.00, 5.70, 19.06, 19.06, -1239.56, 20.00, 4.63, 7.22, 2.70, 0.00, 0.00, 0.00, 0.00, 90.00, 0, 0
2.00, 5.70, 18.97, 18.97, -1261.88, 20.00, 4.63, 7.22, 2.70, 0.00, 0.00, 0.00, 0.00, 90.00, 0, 0
2.00, 5.70, 20.00, 20.00, -1014.72, 20.00, 4.63, 6.67, 2.21, 0.00, 0.00, 0.00, 0.00, 90.00, 0, 0
2.00, 5.70, 20.00, 20.00, -1012.78, 20.00, 4.63, 6.67, 2.21, 0.00, 0.00, 0.00, 0.00, 90.00, 0, 0
2.00, 5.70, 20.00, 20.00, -984.95, 20.00, 4.63, 7.22, 2.70, 0.00, 6.57, 0.00, -49.73, 82.11, 0, 0
2.00, 5.70, 20.00, 20.00, -976.67, 20.00, 4.63, 7.22, 2.81, 0.00, 11.50, 0.00, -38.20, 74.21, 0, 0
2.00, 5.70, 20.00, 20.00, -938.99, 20.00, 4.63, 7.78, 3.30, 0.00, 18.07, 0.00, -25.09, 68.23, 0, 0
2.00, 5.70, 20.00, 20.00, -933.13, 20.00, 4.63, 7.78, 3.30, 0.00, 19.72, 0.00, -10.56, 64.74, 0, 0
2.00, 5.70, 20.00, 20.00, -927.68, 20.00, 4.63, 7.78, 3.40, 0.00, 21.36, 0.00, 4.70, 64.16, 0, 0
2.00, 5.70, 20.00, 20.00, -922.53, 20.00, 4.63, 7.78, 3.40, 0.00, 23.00, 0.00, 19.62, 66.56, 0, 0
2.00, 5.70, 20.00, 20.00, -893.45, 20.00, 4.63, 8.33, 3.91, 0.00, 23.00, 0.00, 33.33, 71.64, 0, 0
2.00, 5.70, 20.00, 20.00, -935.67, 20.00, 4.63, 7.78, 3.40, 0.00, 9.86, 0.00, 45.45, 78.87, 0, 0
2.00, 5.70, 20.00, 20.00, -948.78, 20.00, 4.63, 7.78, 3.40, 0.00, 1.64, 0.00, 56.11, 87.68, 0, 0
2.00, 5.70, 20.00, 20.00, -865.30, 20.00, 4.63, 7.78, 3.40, 0.00, 0.00, 0.00, 0.00, 90.00, 0, 0
2.00, 5.70, 20.00, 20.00, -658.22, 20.00, 4.63, 7.78, 3.30, 0.00, 0.00, 0.00, 0.00, 90.00, 0, 0
2.00, 5.70, 20.00, 20.00, -659.55, 20.00, 4.63, 7.22, 2.81, 0.00, 0.00, 0.00, 0.00, 90.00, 0, 0
2.00, 5.70, 20.00, 20.00, -640.85, 20.00, 4.63, 7.22, 2.81, 0.00, 0.00, 0.00, 0.00, 90.00, 0, 0
2.00, 5.70, 20.00, 20.00, -625.57, 20.00, 4.63, 7.22, 2.81, 0.00, 0.00, 0.00, 0.00, 90.00, 0, 0
2.00, 5.70, 19.84, 19.84, -848.27, 20.00, 4.63, 7.22, 2.81, 0.00, 0.00, 0.00, 0.00, 90.00, 0, 0
2.00, 5.70, 19.64, 19.64, -1056.68, 20.00, 4.63, 7.22, 2.81, 0.00, 0.00, 0.00, 0.00, 90.00, 0, 0
2.00, 5.70, 19.48, 19.48, -1109.24, 20.00, 4.63, 7.22, 2.81, 0.00, 0.00, 0.00, 0.00, 90.00, 0, 0
2.00, 5.70, 19.35, 19.35, -1150.64, 20.00, 4.63, 7.22, 2.81, 0.00, 0.00, 0.00, 0.00, 90.00, 0, 0
2.00, 5.70, 19.23, 19.23, -1184.37, 20.00, 4.63, 7.22, 2.81, 0.00, 0.00, 0.00, 0.00, 90.00, 0, 0
2.00, 5.70, 19.14, 19.14, -1212.53, 20.00, 4.63, 7.22, 2.81, 0.00, 0.00, 0.00, 0.00, 90.00, 0, 0
2.00, 5.70, 19.05, 19.05, -1236.56, 20.00, 4.63, 7.22, 2.81, 0.00, 0.00, 0.00, 0.00, 90.00, 0, 0
2.00, 5.70, 18.98, 18.98, -1257.45, 20.00, 4.63, 7.22, 2.81, 0.00, 0.00, 0.00, 0.00, 90.00, 0, 0
2.00, 5.70, 20.00, 20.00, -984.89, 20.00, 4.63, 7.22, 2.81, 0.00, 0.00, 0.00, 0.00, 90.00, 0, 0
2.00, 5.70, 20.00, 20.00, -982.29, 20.00, 4.63, 7.22, 2.81, 0.00, 0.00, 0.00, 0.00, 90.00, 0, 0
2.00, 5.70, 20.00, 20.00, -864.01, 20.00, 4.63, 8.89, 4.51, 0.00, 28.04, 0.00, -49.79, 82.21, 0, 0
2.00, 5.70, 20.00, 20.00, -732.29, 20.00, 4.63, 10.56, 6.11, 0.00, 58.25, 0.00, -38.27, 74.29, 0, 0
2.00, 5.70, 20.00, 20.00, -587.28, 20.00, 4.63, 12.22, 7.82, 0.00, 88.80, 0.00, -25.18, 68.30, 0, 0
2.00, 5.70, 20.00, 20.00, -511.86, 20.00, 4.63, 13.33, 8.93, 0.00, 91.63, 0.00, -10.66, 64.79, 0, 0
2.00, 5.70, 20.01, 20.01, -448.28, 20.00, 4.63, 13.89, 9.43, 0.00, 101.18, 0.00, 4.58, 64.19, 0, 0
2.00, 5.70, 20.06, 20.06, -342.61, 20.00, 4.63, 15.00, 10.55, 0.00, 95.28, 0.00, 19.50, 66.57, 0, 0
2.00, 5.70, 20.10, 20.10, -351.23, 20.00, 4.63, 15.00, 10.55, 0.00, 74.10, 0.00, 33.21, 71.63, 0, 0
2.00, 5.70, 20.11, 20.11, -392.22, 20.00, 4.63, 15.00, 10.55, 0.00, 48.43, 0.00, 45.35, 78.84, 0, 0
2.00, 5.70, 20.06, 20.06, -519.24, 20.00, 4.63, 13.89, 9.43, 0.00, 13.14, 0.00, 56.01, 87.64, 0, 0
2.00, 5.70, 20.04, 20.04, -513.88, 20.00, 4.63, 12.78, 8.32, 0.00, 0.00, 0.00, 0.00, 90.00, 0, 0
2.00, 5.70, 20.10, 20.10, -333.13, 20.00, 4.63, 12.22, 7.72, 0.00, 0.00, 0.00, 0.00, 90.00, 0, 0
2.00, 5.70, 20.15, 20.15, -335.05, 20.00, 4.63, 11.67, 7.11, 0.00, 0.00, 0.00, 0.00, 90.00, 0, 0
2.00, 5.70, 20.18, 20.18, -343.10, 20.00, 4.63, 11.11, 6.50, 0.00, 0.00, 0.00, 0.00, 90.00, 0, 0
2.00, 5.70, 20.20, 20.20, -355.36, 20.00, 4.63, 10.56, 6.00, 0.00, 0.00, 0.00, 0.00, 90.00, 0, 0
2.00, 5.70, 20.11, 20.11, -592.40, 20.00, 4.63, 10.00, 5.40, 0.00, 0.00, 0.00, 0.00, 90.00, 0, 0
2.00, 5.70, 19.94, 19.94, -821.29, 20.00, 4.63, 9.44, 4.79, 0.00, 0.00, 0.00, 0.00, 90.00, 0, 0
2.00, 5.70, 19.78, 19.78, -926.81, 20.00, 4.63, 8.33, 3.69, 0.00, 0.00, 0.00, 0.00, 90.00, 0, 0
2.00, 5.70, 19.63, 19.63, -1027.03, 20.00, 4.63, 7.22, 2.59, 0.00, 0.00, 0.00, 0.00, 90.00, 0, 0
2.00, 5.70, 19.49, 19.49, -1095.74, 20.00, 4.63, 6.67, 1.99, 0.00, 0.00, 0.00, 0.00, 90.00, 0, 0
2.00, 5.70, 19.34, 19.34, -1188.74, 20.00, 4.63, 5.56, 0.90, 0.00, 0.00, 0.00, 0.00, 90.00, 0, 0
2.00, 5.70, 19.20, 19.20, -1281.44, 20.00, 4.63, 4.44, -0.19, 0.00, 0.00, 0.00, 0.00, 90.00, 0, 0
2.00, 5.70, 19.06, 19.06, -1345.46, 20.00, 4.63, 3.89, -0.91, 0.00, 0.00, 0.00, 0.00, 90.00, 0, 0
2.00, 5.70, 20.00, 20.00, -1219.88, 20.00, 4.63, 2.78, -1.99, 0.00, 0.00, 0.00, 0.00, 90.00, 0, 0
2.00, 5.70, 20.00, 20.00, -1232.07, 20.00, 4.63, 2.78, -1.99, 0.00, 0.00, 0.00, 0.00, 90.00, 0, 0
2.00, 5.70, 20.00, 20.00, -1157.83, 20.00, 4.63, 3.89, -0.79, 0.00, 26.87, 0.00, -49.85, 82.29, 0, 0
2.00, 5.70, 20.00, 20.00, -947.07, 20.00, 4.63, 6.67, 1.99, 0.00, 65.63, 0.00, -38.35, 74.37, 0, 0
2.00, 5.70, 20.00, 20.00, -812.53, 20.00, 4.63, 8.33, 3.69, 0.00, 87.44, 0.00, -25.28, 68.37, 0, 0
2.00, 5.70, 20.00, 20.00, -670.66, 20.00, 4.63, 10.00, 5.28, 0.00, 100.35, 0.00, -10.77, 64.84, 0, 0
2.00, 5.70, 20.00, 20.00, -643.50, 20.00, 4.63, 10.56, 5.89, 0.00, 101.50, 0.00, 4.46, 64.21, 0, 0
2.00, 5.70, 20.00, 20.00, -611.46, 20.00, 4.63, 11.11, 6.50, 0.00, 93.98, 0.00, 19.38, 66.57, 0, 0
2.00, 5.70, 20.00, 20.00, -666.61, 20.00, 4.63, 10.56, 5.89, 0.00, 66.44, 0.00, 33.10, 71.61, 0, 0
2.00, 5.70, 20.00, 20.00, -764.55, 20.00, 4.63, 9.44, 4.79, 0.00, 38.46, 0.00, 45.24, 78.80, 0, 0
2.00, 5.70, 20.00, 20.00, -874.54, 20.00, 4.63, 8.33, 3.69, 0.00, 8.22, 0.00, 55.92, 87.59, 0, 0
2.00, 5.70, 20.00, 20.00, -838.24, 20.00, 4.63, 7.78, 3.20, 0.00, 0.00, 0.00, 0.00, 90.00, 0, 0
2.00, 5.70, 20.00, 20.00, -642.09, 20.00, 4.63, 7.78, 3.20, 0.00, 0.00, 0.00, 0.00, 90.00, 0, 0
2.00, 5.70, 20.00, 20.00, -652.31, 20.00, 4.63, 7.22, 2.59, 0.00, 0.00, 0.00, 0.00, 90.00, 0, 0
2.00, 5.70, 20.00, 20.00, -640.98, 20.00, 4.63, 7.22, 2.59, 0.00, 0.00, 0.00, 0.00, 90.00, 0, 0
2.00, 5.70, 20.00, 20.00, -658.26, 20.00, 4.63, 6.67, 2.10, 0.00, 0.00, 0.00, 0.00, 90.00, 0, 0
2.00, 5.70, 19.86, 19.86, -834.39, 20.00, 4.63, 6.67, 1.99, 0.00, 0.00, 0.00, 0.00, 90.00, 0, 0
2.00, 5.70, 19.66, 19.66, -1069.19, 20.00, 4.63, 6.11, 1.50, 0.00, 0.00, 0.00, 0.00, 90.00, 0, 0
2.00, 5.70, 19.50, 19.50, -1123.31, 20.00, 4.63, 6.11, 1.50, 0.00, 0.00, 0.00, 0.00, 90.00, 0, 0
2.00, 5.70, 19.36, 19.36, -1166.67, 20.00, 4.63, 6.11, 1.39, 0.00, 0.00, 0.00, 0.00, 90.00, 0, 0
2.00, 5.70, 19.25, 19.25, -1202.52, 20.00, 4.63, 6.11, 1.39, 0.00, 0.00, 0.00, 0.00, 90.00, 0, 0
2.00, 5.70, 19.15, 19.15, -1232.96, 20.00, 4.63, 6.11, 1.39, 0.00, 0.00, 0.00, 0.00, 90.00, 0, 0
2.00, 5.70, 19.06, 19.06, -1259.37, 20.00, 4.63, 6.11, 1.39, 0.00, 0.00, 0.00, 0.00, 90.00, 0, 0
2.00, 5.70, 18.97, 18.97, -1311.27, 20.00, 4.63, 5.56, 0.90, 0.00, 0.00, 0.00, 0.00, 90.00, 0, 0
2.00, 5.70, 20.00, 20.00, -1116.01, 20.00, 4.63, 5.56, 0.90, 0.00, 0.00, 0.00, 0.00, 90.00, 0, 0
2.00, 5.70, 20.00, 20.00, -1123.07, 20.00, 4.63, 5.56, 0.90, 0.00, 0.00, 0.00, 0.00, 90.00, 0, 0
2.00, 5.70, 20.00, 20.00, -1055.44, 20.00, 4.63, 6.67, 2.10, 0.00, 21.02, 0.00, -49.92, 82.38, 0, 0
2.00, 5.70, 20.00, 20.00, -889.80, 20.00, 4.63, 8.89, 4.30, 0.00, 58.33, 0.00, -38.43, 74.45, 0, 0
2.00, 5.70, 20.00, 20.00, -791.19, 20.00, 4.63, 10.00, 5.40, 0.00, 80.87, 0.00, -25.37, 68.43, 0, 0
2.00, 5.70, 20.00, 20.00, -599.39, 20.00, 4.63, 12.22, 7.60, 0.00, 101.30, 0.00, -10.89, 64.88, 0, 0
2.00, 5.70, 20.00, 20.00, -534.15, 20.00, 4.63, 13.33, 8.71, 0.00, 108.20, 0.00, 4.34, 64.23, 0, 0
2.00, 5.70, 20.06, 20.06, -359.98, 20.00, 4.63, 15.00, 10.43, 0.00, 109.02, 0.00, 19.26, 66.56, 0, 0
2.00, 5.70, 20.10, 20.10, -348.19, 20.00, 4.63, 15.00, 10.43, 0.00, 73.56, 0.00, 32.99, 71.58, 0, 0
2.00, 5.70, 20.08, 20.08, -472.80, 20.00, 4.63, 14.44, 9.82, 0.00, 39.89, 0.00, 45.14, 78.75, 0, 0
2.00, 5.70, 20.01, 20.01, -605.39, 20.00, 4.63, 13.33, 8.71, 0.00, 11.50, 0.00, 55.82, 87.53, 0, 0
2.00, 5.70, 20.00, 20.00, -574.38, 20.00, 4.63, 12.78, 8.10, 0.00, 0.00, 0.00, 0.00, 90.00, 0, 0
2.00, 5.70, 20.05, 20.05, -398.20, 20.00, 4.63, 12.22, 7.60, 0.00, 0.00, 0.00, 0.00, 90.00, 0, 0
2.00, 5.70, 20.09, 20.09, -403.91, 20.00, 4.63, 11.67, 6.99, 0.00, 0.00, 0.00, 0.00, 90.00, 0, 0
2.00, 5.70, 20.11, 20.11, -415.03, 20.00, 4.63, 11.11, 6.50, 0.00, 0.00, 0.00, 0.00, 90.00, 0, 0
2.00, 5.70, 20.12, 20.12, -430.05, 20.00, 4.63, 10.56, 5.89, 0.00, 0.00, 0.00, 0.00, 90.00, 0, 0
2.00, 5.70, 20.04, 20.04, -617.60, 20.00, 4.63, 10.00, 5.28, 0.00, 0.00, 0.00, 0.00, 90.00, 0, 0
2.00, 5.70, 19.89, 19.89, -841.39, 20.00, 4.63, 9.44, 4.79, 0.00, 0.00, 0.00, 0.00, 90.00, 0, 0
2.00, 5.70, 19.74, 19.74, -943.18, 20.00, 4.63, 8.33, 3.69, 0.00, 0.00, 0.00, 0.00, 90.00, 0, 0
2.00, 5.70, 19.60, 19.60, -1012.22, 20.00, 4.63, 7.78, 3.08, 0.00, 0.00, 0.00, 0.00, 90.00, 0, 0
2.00, 5.70, 19.47, 19.47, -1104.62, 20.00, 4.63, 6.67, 1.99, 0.00, 0.00, 0.00, 0.00, 90.00, 0, 0
2.00, 5.70, 19.34, 19.34, -1167.71, 20.00, 4.63, 6.11, 1.39, 0.00, 0.00, 0.00, 0.00, 90.00, 0, 0
2.00, 5.70, 19.20, 19.20, -1256.71, 20.00, 4.63, 5.00, 0.30, 0.00, 0.00, 0.00, 0.00, 90.00, 0, 0
2.00, 5.70, 19.08, 19.08, -1317.68, 20.00, 4.63, 4.44, -0.31, 0.00, 0.00, 0.00, 0.00, 90.00, 0, 0
2.00, 5.70, 20.00, 20.00, -1197.34, 20.00, 4.63, 3.33, -1.39, 0.00, 0.00, 0.00, 0.00, 90.00, 0, 0
2.00, 5.70, 20.00, 20.00, -1208.58, 20.00, 4.63, 3.33, -1.39, 0.00, 0.00, 0.00, 0.00, 90.00, 0, 0
2.00, 5.70, 20.00, 20.00, -1063.87, 20.00, 4.63, 5.56, 0.78, 0.00, 32.78, 0.00, -49.99, 82.46, 0, 0
2.00, 5.70, 20.00, 20.00, -897.84, 20.00, 4.63, 7.78, 3.08, 0.00, 62.61, 0.00, -38.52, 74.51, 0, 0
2.00, 5.70, 20.00, 20.00, -706.64, 20.00, 4.63, 10.00, 5.40, 0.00, 76.88, 0.00, -25.47, 68.48, 0, 0
2.00, 5.70, 20.01, 20.01, -458.94, 20.00, 4.63, 12.78, 8.10, 0.00, 95.70, 0.00, -11.00, 64.91, 0, 0
2.00, 5.70, 20.04, 20.04, -437.62, 20.00, 4.63, 13.89, 9.20, 0.00, 91.95, 0.00, 4.22, 64.24, 0, 0
2.00, 5.70, 20.09, 20.09, -364.82, 20.00, 4.63, 14.44, 9.82, 0.00, 80.61, 0.00, 19.15, 66.55, 0, 0
2.00, 5.70, 20.14, 20.14, -343.70, 20.00, 4.63, 14.44, 9.82, 0.00, 62.17, 0.00, 32.88, 71.55, 0, 0
2.00, 5.70, 20.11, 20.11, -475.98, 20.00, 4.63, 13.33, 8.71, 0.00, 40.84, 0.00, 45.05, 78.71, 0, 0
2.00, 5.70, 20.02, 20.02, -650.12, 20.00, 4.63, 11.67, 6.99, 0.00, 16.43, 0.00, 55.74, 87.47, 0, 0
2.00, 5.70, 20.00, 20.00, -629.08, 20.00, 4.63, 11.11, 6.50, 0.00, 0.00, 0.00, 0.00, 90.00, 0, 0
2.00, 5.70, 20.03, 20.03, -459.27, 20.00, 4.63, 10.56, 5.89, 0.00, 0.00, 0.00, 0.00, 90.00, 0, 0
2.00, 5.70, 20.06, 20.06, -443.20, 20.00, 4.63, 10.56, 5.89, 0.00, 0.00, 0.00, 0.00, 90.00, 0, 0
2.00, 5.70, 20.08, 20.08, -457.15, 20.00, 4.63, 10.00, 5.40, 0.00, 0.00, 0.00, 0.00, 90.00, 0, 0
2.00, 5.70, 20.08, 20.08, -474.83, 20.00, 4.63, 9.44, 4.79, 0.00, 0.00, 0.00, 0.00, 90.00, 0, 0
2.00, 5.70, 20.01, 20.01, -637.21, 20.00, 4.63, 9.44, 4.79, 0.00, 0.00, 0.00, 0.00, 90.00, 0, 0
2.00, 5.70, 19.86, 19.86, -861.42, 20.00, 4.63, 8.89, 4.18, 0.00, 0.00, 0.00, 0.00, 90.00, 0, 0
2.00, 5.70, 19.73, 19.73, -935.70, 20.00, 4.63, 8.33, 3.69, 0.00, 0.00, 0.00, 0.00, 90.00, 0, 0
2.00, 5.70, 19.62, 19.62, -974.96, 20.00, 4.63, 8.33, 3.57, 0.00, 0.00, 0.00, 0.00, 90.00, 0, 0
2.00, 5.70, 19.51, 19.51, -1035.46, 20.00, 4.63, 7.78, 3.08, 0.00, 0.00, 0.00, 0.00, 90.00, 0, 0
2.00, 5.70, 19.41, 19.41, -1093.39, 20.00, 4.63, 7.22, 2.59, 0.00, 0.00, 0.00, 0.00, 90.00, 0, 0
2.00, 5.70, 19.32, 19.32, -1121.25, 20.00, 4.63, 7.22, 2.48, 0.00, 0.00, 0.00, 0.00, 90.00, 0, 0
2.00, 5.70, 19.22, 19.22, -1173.82, 20.00, 4.63, 6.67, 1.99, 0.00, 0.00, 0.00, 0.00, 90.00, 0, 0
2.00, 5.70, 20.00, 20.00, -1050.10, 20.00, 4.63, 6.11, 1.50, 0.00, 0.00, 0.00, 0.00, 90.00, 0, 0
2.00, 5.70, 20.00, 20.00, -1058.85, 20.00, 4.63, 6.11, 1.50, 0.00, 0.00, 0.00, 0.00, 90.00, 0, 0
2.00, 5.70, 20.00, 20.00, -994.63, 20.00, 4.63, 7.22, 2.59, 0.00, 19.72, 0.00, -50.07, 82.53, 0, 0
2.00, 5.70, 20.00, 20.00, -918.44, 20.00, 4.63, 8.33, 3.69, 0.00, 37.79, 0.00, -38.61, 74.58, 0, 0
2.00, 5.70, 20.00, 20.00, -908.67, 20.00, 4.63, 8.33, 3.69, 0.00, 42.72, 0.00, -25.58, 68.52, 0, 0
2.00, 5.70, 20.00, 20.00, -877.39, 20.00, 4.63, 8.89, 4.30, 0.00, 44.36, 0.00, -11.11, 64.93, 0, 0
2.00, 5.70, 20.00, 20.00, -879.34, 20.00, 4.63, 8.89, 4.30, 0.00, 41.08, 0.00, 4.11, 64.24, 0, 0
2.00, 5.70, 20.00, 20.00, -885.25, 20.00, 4.63, 8.89, 4.30, 0.00, 36.15, 0.00, 19.03, 66.53, 0, 0
2.00, 5.70, 20.00, 20.00, -872.87, 20.00, 4.63, 8.89, 4.30, 0.00, 27.93, 0.00, 32.78, 71.51, 0, 0
2.00, 5.70, 20.00, 20.00, -882.28, 20.00, 4.63, 8.89, 4.18, 0.00, 21.36, 0.00, 44.95, 78.65, 0, 0
2.00, 5.70, 20.00, 20.00, -933.76, 20.00, 4.63, 8.33, 3.69, 0.00, 4.93, 0.00, 55.65, 87.40, 0, 0
2.00, 5.70, 20.00, 20.00, -858.59, 20.00, 4.63, 8.33, 3.69, 0.00, 0.00, 0.00, 0.00, 90.00, 0, 0
2.00, 5.70, 20.00, 20.00, -681.30, 20.00, 4.63, 7.78, 3.08, 0.00, 0.00, 0.00, 0.00, 90.00, 0, 0
2.00, 5.70, 20.00, 20.00, -686.59, 20.00, 4.63, 7.22, 2.59, 0.00, 0.00, 0.00, 0.00, 90.00, 0, 0
2.00, 5.70, 20.00, 20.00, -671.47, 20.00, 4.63, 7.22, 2.48, 0.00, 0.00, 0.00, 0.00, 90.00, 0, 0
2.00, 5.70, 20.00, 20.00, -685.68, 20.00, 4.63, 6.67, 1.99, 0.00, 0.00, 0.00, 0.00, 90.00, 0, 0
2.00, 5.70, 19.85, 19.85, -859.68, 20.00, 4.63, 6.67, 1.87, 0.00, 0.00, 0.00, 0.00, 90.00, 0, 0
2.00, 5.70, 19.65, 19.65, -1092.60, 20.00, 4.63, 6.11, 1.39, 0.00, 0.00, 0.00, 0.00, 90.00, 0, 0
2.00, 5.70, 19.47, 19.47, -1173.73, 20.00, 4.63, 5.56, 0.78, 0.00, 0.00, 0.00, 0.00, 90.00, 0, 0
2.00, 5.70, 19.31, 19.31, -1246.67, 20.00, 4.63, 5.00, 0.18, 0.00, 0.00, 0.00, 0.00, 90.00, 0, 0
2.00, 5.70, 19.15, 19.15, -1343.15, 20.00, 4.63, 3.89, -0.91, 0.00, 0.00, 0.00, 0.00, 90.00, 0, 0
2.00, 5.70, 19.00, 19.00, -1409.65, 20.00, 4.63, 3.33, -1.51, 0.00, 0.00, 0.00, 0.00, 90.00, 0, 0
2.00, 5.70, 18.85, 18.85, -1502.36, 20.00, 4.63, 2.22, -2.59, 0.00, 0.00, 0.00, 0.00, 90.00, 0, 0
2.00, 5.70, 18.70, 18.70, -1566.47, 20.00, 4.63, 1.67, -3.19, 0.00, 0.00, 0.00, 0.00, 90.00, 0, 0
2.00, 5.70, 20.00, 20.00, -1388.74, 20.00, 4.63, 0.56, -4.27, 0.00, 0.00, 0.00, 0.00, 90.00, 0, 0
2.00, 5.70, 20.00, 20.00, -1399.84, 20.00, 4.63, 0.56, -4.27, 0.00, 0.00, 0.00, 0.00, 90.00, 0, 0
2.00, 5.70, 20.00, 20.00, -1373.60, 20.00, 4.63, 1.11, -3.67, 0.00, 14.79, 0.00, -50.15, 82.60, 0, 0
2.00, 5.70, 20.00, 20.00, -1284.08, 20.00, 4.63, 2.22, -2.59, 0.00, 43.69, 0.00, -38.70, 74.63, 0, 0
2.00, 5.70, 20.00, 20.00, -1319.50, 20.00, 4.63, 2.22, -2.59, 0.00, 18.07, 0.00, -25.68, 68.56, 0, 0
2.00, 5.70, 20.00, 20.00, -1258.23, 20.00, 4.63, 2.78, -1.99, 0.00, 46.00, 0.00, -11.23, 64.95, 0, 0
2.00, 5.70, 20.00, 20.00, -1198.63, 20.00, 4.63, 3.33, -1.51, 0.00, 67.36, 0.00, 3.99, 64.23, 0, 0
2.00, 5.70, 20.00, 20.00, -1217.97, 20.00, 4.63, 3.33, -1.39, 0.00, 49.29, 0.00, 18.92, 66.50, 0, 0
2.00, 5.70, 20.00, 20.00, -1221.34, 20.00, 4.63, 3.33, -1.39, 0.00, 29.57, 0.00, 32.68, 71.46, 0, 0
2.00, 5.70, 20.00, 20.00, -1257.74, 20.00, 4.63, 2.78, -1.88, 0.00, 24.65, 0.00, 44.86, 78.59, 0, 0
2.00, 5.70, 20.00, 20.00, -1317.15, 20.00, 4.63, 2.22, -2.48, 0.00, 4.93, 0.00, 55.57, 87.33, 0, 0
2.00, 5.70, 20.00, 20.00, -1241.21, 20.00, 4.63, 2.22, -2.48, 0.00, 0.00, 0.00, 0.00, 90.00, 0, 0
2.00, 5.70, 20.00, 20.00, -1039.50, 20.00, 4.63, 2.22, -2.48, 0.00, 0.00, 0.00, 0.00, 90.00, 0, 0
2.00, 5.70, 20.00, 20.00, -1019.50, 20.00, 4.63, 2.22, -2.48, 0.00, 0.00, 0.00, 0.00, 90.00, 0, 0
2.00, 5.70, 20.00, 20.00, -1004.53, 20.00, 4.63, 2.22, -2.48, 0.00, 0.00, 0.00, 0.00, 90.00, 0, 0
2.00, 5.70, 20.00, 20.00, -992.79, 20.00, 4.63, 2.22, -2.48, 0.00, 0.00, 0.00, 0.00, 90.00, 0, 0
2.00, 5.70, 19.69, 19.69, -1193.43, 20.00, 4.63, 2.22, -2.48, 0.00, 0.00, 0.00, 0.00, 90.00, 0, 0
2.00, 5.70, 19.38, 19.38, -1417.44, 20.00, 4.63, 2.22, -2.48, 0.00, 0.00, 0.00, 0.00, 90.00, 0, 0
2.00, 5.70, 19.13, 19.13, -1482.36, 20.00, 4.63, 2.22, -2.48, 0.00, 0.00, 0.00, 0.00, 90.00, 0, 0
2.00, 5.70, 18.95, 18.95, -1504.78, 20.00, 4.63, 2.78, -1.99, 0.00, 0.00, 0.00, 0.00, 90.00, 0, 0
2.00, 5.70, 18.79, 18.79, -1544.71, 20.00, 4.63, 2.78, -1.88, 0.00, 0.00, 0.00, 0.00, 90.00, 0, 0
2.00, 5.70, 18.67, 18.67, -1549.57, 20.00, 4.63, 3.33, -1.39, 0.00, 0.00, 0.00, 0.00, 90.00, 0, 0
2.00, 5.70, 18.58, 18.58, -1547.59, 20.00, 4.63, 3.89, -0.91, 0.00, 0.00, 0.00, 0.00, 90.00, 0, 0
2.00, 5.70, 18.49, 18.49, -1569.15, 20.00, 4.63, 3.89, -0.79, 0.00, 0.00, 0.00, 0.00, 90.00, 0, 0
2.00, 5.70, 20.00, 20.00, -1192.35, 20.00, 4.63, 4.44, -0.19, 0.00, 0.00, 0.00, 0.00, 90.00, 0, 0
2.00, 5.70, 20.00, 20.00, -1188.41, 20.00, 4.63, 4.44, -0.31, 0.00, 0.00, 0.00, 0.00, 90.00, 0, 0
2.00, 5.70, 20.00, 20.00, -1148.01, 20.00, 4.63, 5.00, 0.30, 0.00, 14.79, 0.00, -50.24, 82.66, 0, 0
2.00, 5.70, 20.00, 20.00, -1012.42, 20.00, 4.63, 6.67, 1.99, 0.00, 49.23, 0.00, -38.80, 74.68, 0, 0
2.00, 5.70, 20.00, 20.00, -906.03, 20.00, 4.63, 7.78, 3.08, 0.00, 75.43, 0.00, -25.79, 68.60, 0, 0
2.00, 5.70, 20.00, 20.00, -820.86, 20.00, 4.63, 8.89, 4.18, 0.00, 84.44, 0.00, -11.35, 64.97, 0, 0
2.00, 5.70, 20.00, 20.00, -727.20, 20.00, 4.63, 10.00, 5.28, 0.00, 96.31, 0.00, 3.87, 64.22, 0, 0
2.00, 5.70, 20.00, 20.00, -662.86, 20.00, 4.63, 10.56, 5.89, 0.00, 94.43, 0.00, 18.81, 66.47, 0, 0
2.00, 5.70, 20.00, 20.00, -705.03, 20.00, 4.63, 10.56, 5.89, 0.00, 61.37, 0.00, 32.58, 71.41, 0, 0
2.00, 5.70, 20.00, 20.00, -786.49, 20.00, 4.63, 10.00, 5.28, 0.00, 25.78, 0.00, 44.78, 78.52, 0, 0
2.00, 5.70, 20.00, 20.00, -846.19, 20.00, 4.63, 9.44, 4.67, 0.00, 4.93, 0.00, 55.50, 87.26, 0, 0
2.00, 5.70, 20.00, 20.00, -798.20, 20.00, 4.63, 8.89, 4.06, 0.00, 0.00, 0.00, 0.00, 90.00, 0, 0
2.00, 5.70, 20.00, 20.00, -620.87, 20.00, 4.63, 8.33, 3.57, 0.00, 0.00, 0.00, 0.00, 90.00, 0, 0
2.00, 5.70, 20.00, 20.00, -625.33, 20.00, 4.63, 7.78, 2.96, 0.00, 0.00, 0.00, 0.00, 90.00, 0, 0
2.00, 5.70, 20.00, 20.00, -635.04, 20.00, 4.63, 7.22, 2.35, 0.00, 0.00, 0.00, 0.00, 90.00, 0, 0
2.00, 5.70, 20.00, 20.00, -648.30, 20.00, 4.63, 6.67, 1.74, 0.00, 0.00, 0.00, 0.00, 90.00, 0, 0
2.00, 5.70, 19.82, 19.82, -875.69, 20.00, 4.63, 6.67, 1.74, 0.00, 0.00, 0.00, 0.00, 90.00, 0, 0
2.00, 5.70, 19.60, 19.60, -1116.25, 20.00, 4.63, 6.11, 1.13, 0.00, 0.00, 0.00, 0.00, 90.00, 0, 0
2.00, 5.70, 19.39, 19.39, -1231.36, 20.00, 4.63, 5.00, 0.05, 0.00, 0.00, 0.00, 0.00, 90.00, 0, 0
2.00, 5.70, 19.19, 19.19, -1339.38, 20.00, 4.63, 3.89, -1.03, 0.00, 0.00, 0.00, 0.00, 90.00, 0, 0
2.00, 5.70, 19.00, 19.00, -1443.26, 20.00, 4.63, 2.78, -2.23, 0.00, 0.00, 0.00, 0.00, 90.00, 0, 0
2.00, 5.70, 18.83, 18.83, -1515.35, 20.00, 4.63, 2.22, -2.83, 0.00, 0.00, 0.00, 0.00, 90.00, 0, 0
2.00, 5.70, 18.66, 18.66, -1612.76, 20.00, 4.63, 1.11, -3.91, 0.00, 0.00, 0.00, 0.00, 90.00, 0, 0
2.00, 5.70, 18.49, 18.49, -1710.22, 20.00, 4.63, 0.00, -5.11, 0.00, 0.00, 0.00, 0.00, 90.00, 0, 0
2.00, 5.70, 20.00, 20.00, -1421.66, 20.00, 4.63, -1.11, -6.18, 0.00, 0.00, 0.00, 0.00, 90.00, 0, 0
2.00, 5.70, 20.00, 20.00, -1454.18, 20.00, 4.63, -1.67, -6.66, 0.00, 0.00, 0.00, 0.00, 90.00, 0, 0
2.00, 5.70, 20.00, 20.00, -1314.73, 20.00, 4.63, 0.56, -4.51, 0.00, 28.18, 0.00, -50.33, 82.72, 0, 0
2.00, 5.70, 20.00, 20.00, -1175.79, 20.00, 4.63, 2.22, -2.83, 0.00, 61.38, 0.00, -38.90, 74.73, 0, 0
2.00, 5.70, 20.00, 20.00, -971.68, 20.00, 4.63, 4.44, -0.55, 0.00, 83.18, 0.00, -25.90, 68.62, 0, 0
2.00, 5.70, 20.00, 20.00, -710.93, 20.00, 4.63, 7.22, 2.09, 0.00, 113.10, 0.00, -11.46, 64.97, 0, 0
2.00, 5.70, 20.00, 20.00, -698.55, 20.00, 4.63, 8.33, 3.17, 0.00, 111.27, 0.00, 3.75, 64.20, 0, 0
2.00, 5.70, 20.00, 20.00, -759.56, 20.00, 4.63, 7.78, 2.70, 0.00, 87.06, 0.00, 18.70, 66.42, 0, 0
2.00, 5.70, 20.00, 20.00, -750.69, 20.00, 4.63, 7.78, 2.70, 0.00, 68.76, 0.00, 32.48, 71.35, 0, 0
2.00, 5.70, 20.00, 20.00, -823.69, 20.00, 4.63, 7.22, 2.09, 0.00, 42.79, 0.00, 44.70, 78.45, 0, 0
2.00, 5.70, 20.00, 20.00, -981.42, 20.00, 4.63, 5.56, 0.40, 0.00, 14.79, 0.00, 55.43, 87.17, 0, 0
2.00, 5.70, 20.00, 20.00, -953.73, 20.00, 4.63, 5.00, -0.21, 0.00, 0.00, 0.00, 0.00, 90.00, 0, 0
2.00, 5.70, 20.00, 20.00, -811.83, 20.00, 4.63, 3.89, -1.15, 0.00, 0.00, 0.00, 0.00, 90.00, 0, 0
2.00, 5.70, 20.00, 20.00, -824.45, 20.00, 4.63, 3.33, -1.76, 0.00, 0.00, 0.00, 0.00, 90.00, 0, 0
2.00, 5.70, 20.00, 20.00, -841.23, 20.00, 4.63, 2.78, -2.36, 0.00, 0.00, 0.00, 0.00, 90.00, 0, 0
2.00, 5.70, 20.00, 20.00, -860.79, 20.00, 4.63, 2.22, -2.96, 0.00, 0.00, 0.00, 0.00, 90.00, 0, 0
2.00, 5.70, 19.70, 19.70, -1140.27, 20.00, 4.63, 1.67, -3.58, 0.00, 0.00, 0.00, 0.00, 90.00, 0, 0
2.00, 5.70, 19.38, 19.38, -1402.01, 20.00, 4.63, 1.11, -4.19, 0.00, 0.00, 0.00, 0.00, 90.00, 0, 0
2.00, 5.70, 19.12, 19.12, -1505.80, 20.00, 4.63, 0.56, -4.65, 0.00, 0.00, 0.00, 0.00, 90.00, 0, 0
2.00, 5.70, 18.87, 18.87, -1627.02, 20.00, 4.63, -0.56, -5.72, 0.00, 0.00, 0.00, 0.00, 90.00, 0, 0
2.00, 5.70, 18.65, 18.65, -1712.94, 20.00, 4.63, -1.11, -6.32, 0.00, 0.00, 0.00, 0.00, 90.00, 0, 0
2.00, 5.70, 18.46, 18.46, -1792.69, 20.00, 4.63, -1.67, -6.93, 0.00, 0.00, 0.00, 0.00, 90.00, 0, 0
2.00, 5.70, 18.26, 18.26, -1898.16, 20.00, 4.63, -2.78, -7.99, 0.00, 0.00, 0.00, 0.00, 90.00, 0, 0
2.00, 5.70, 18.07, 18.07, -1973.09, 20.00, 4.63, -3.33, -8.59, 0.00, 0.00, 0.00, 0.00, 90.00, 0, 0
2.00, 5.70, 20.00, 20.00, -1663.84, 20.00, 4.63, -3.89, -9.19, 0.00, 0.00, 0.00, 0.00, 90.00, 0, 0
2.00, 5.70, 20.00, 20.00, -1676.72, 20.00, 4.63, -3.89, -9.19, 0.00, 0.00, 0.00, 0.00, 90.00, 0, 0
2.00, 5.70, 20.00, 20.00, -1575.29, 20.00, 4.63, -2.22, -7.53, 0.00, 25.91, 0.00, -50.42, 82.78, 0, 0
2.00, 5.70, 20.00, 20.00, -1407.10, 20.00, 4.63, 0.00, -5.26, 0.00, 54.60, 0.00, -39.01, 74.77, 0, 0
2.00, 5.70, 20.00, 20.00, -1174.38, 20.00, 4.63, 2.78, -2.50, 0.00, 77.32, 0.00, -26.02, 68.65, 0, 0
2.00, 5.70, 20.00, 20.00, -955.82, 20.00, 4.63, 5.00, -0.21, 0.00, 87.48, 0.00, -11.58, 64.97, 0, 0
2.00, 5.70, 20.00, 20.00, -900.15, 20.00, 4.63, 6.67, 1.33, 0.00, 93.23, 0.00, 3.63, 64.18, 0, 0
2.00, 5.70, 20.00, 20.00, -832.87, 20.00, 4.63, 7.22, 1.95, 0.00, 91.34, 0.00, 18.59, 66.38, 0, 0
2.00, 5.70, 20.00, 20.00, -773.93, 20.00, 4.63, 7.78, 2.41, 0.00, 74.12, 0.00, 32.39, 71.28, 0, 0
2.00, 5.70, 20.00, 20.00, -927.72, 20.00, 4.63, 6.67, 1.33, 0.00, 45.35, 0.00, 44.62, 78.37, 0, 0
2.00, 5.70, 20.00, 20.00, -1099.10, 20.00, 4.63, 5.00, -0.36, 0.00, 13.14, 0.00, 55.36, 87.09, 0, 0
2.00, 5.70, 20.00, 20.00, -1098.55, 20.00, 4.63, 3.89, -1.43, 0.00, 0.00, 0.00, 0.00, 90.00, 0, 0
2.00, 5.70, 20.00, 20.00, -932.63, 20.00, 4.63, 3.33, -1.89, 0.00, 0.00, 0.00, 0.00, 90.00, 0, 0
2.00, 5.70, 20.00, 20.00, -946.59, 20.00, 4.63, 2.78, -2.50, 0.00, 0.00, 0.00, 0.00, 90.00, 0, 0
2.00, 5.70, 20.00, 20.00, -964.52, 20.00, 4.63, 2.22, -3.12, 0.00, 0.00, 0.00, 0.00, 90.00, 0, 0
2.00, 5.70, 20.00, 20.00, -984.96, 20.00, 4.63, 1.67, -3.58, 0.00, 0.00, 0.00, 0.00, 90.00, 0, 0
2.00, 5.70, 19.66, 19.66, -1224.18, 20.00, 4.63, 1.11, -4.19, 0.00, 0.00, 0.00, 0.00, 90.00, 0, 0
2.00, 5.70, 19.31, 19.31, -1487.24, 20.00, 4.63, 0.56, -4.80, 0.00, 0.00, 0.00, 0.00, 90.00, 0, 0
2.00, 5.70, 19.02, 19.02, -1591.82, 20.00, 4.63, 0.00, -5.42, 0.00, 0.00, 0.00, 0.00, 90.00, 0, 0
2.00, 5.70, 18.77, 18.77, -1683.73, 20.00, 4.63, -0.56, -6.03, 0.00, 0.00, 0.00, 0.00, 90.00, 0, 0
2.00, 5.70, 18.53, 18.53, -1797.03, 20.00, 4.63, -1.67, -7.09, 0.00, 0.00, 0.00, 0.00, 90.00, 0, 0
2.00, 5.70, 18.33, 18.33, -1877.09, 20.00, 4.63, -2.22, -7.53, 0.00, 0.00, 0.00, 0.00, 90.00, 0, 0
2.00, 5.70, 18.13, 18.13, -1952.69, 20.00, 4.63, -2.78, -8.14, 0.00, 0.00, 0.00, 0.00, 90.00, 0, 0
2.00, 5.70, 17.95, 17.95, -2025.14, 20.00, 4.63, -3.33, -8.74, 0.00, 0.00, 0.00, 0.00, 90.00, 0, 0
2.00, 5.70, 20.00, 20.00, -1721.33, 20.00, 4.63, -4.44, -9.79, 0.00, 0.00, 0.00, 0.00, 90.00, 0, 0
2.00, 5.70, 20.00, 20.00, -1733.55, 20.00, 4.63, -4.44, -9.96, 0.00, 0.00, 0.00, 0.00, 90.00, 0, 0
2.00, 5.70, 20.00, 20.00, -1658.89, 20.00, 4.63, -3.33, -8.74, 0.00, 25.02, 0.00, -50.52, 82.82, 0, 0
2.00, 5.70, 20.00, 20.00, -1522.80, 20.00, 4.63, -1.67, -6.93, 0.00, 53.45, 0.00, -39.11, 74.80, 0, 0
2.00, 5.70, 20.00, 20.00, -1325.97, 20.00, 4.63, 0.56, -4.80, 0.00, 82.02, 0.00, -26.14, 68.66, 0, 0
2.00, 5.70, 20.00, 20.00, -1138.73, 20.00, 4.63, 2.22, -3.12, 0.00, 90.28, 0.00, -11.71, 64.96, 0, 0
2.00, 5.70, 20.00, 20.00, -1108.66, 20.00, 4.63, 3.33, -1.89, 0.00, 85.38, 0.00, 3.52, 64.15, 0, 0
2.00, 5.70, 20.00, 20.00, -979.54, 20.00, 4.63, 4.44, -0.82, 0.00, 85.63, 0.00, 18.49, 66.33, 0, 0
2.00, 5.70, 20.00, 20.00, -965.37, 20.00, 4.63, 4.44, -0.82, 0.00, 77.51, 0.00, 32.30, 71.21, 0, 0
2.00, 5.70, 20.00, 20.00, -1139.25, 20.00, 4.63, 3.33, -1.89, 0.00, 44.00, 0.00, 44.54, 78.29, 0, 0
2.00, 5.70, 20.00, 20.00, -1305.78, 20.00, 4.63, 1.67, -3.58, 0.00, 11.50, 0.00, 55.30, 87.00, 0, 0
2.00, 5.70, 20.00, 20.00, -1276.61, 20.00, 4.63, 1.11, -4.19, 0.00, 0.00, 0.00, 0.00, 90.00, 0, 0
2.00, 5.70, 20.00, 20.00, -1111.37, 20.00, 4.63, 0.56, -4.65, 0.00, 0.00, 0.00, 0.00, 90.00, 0, 0
2.00, 5.70, 20.00, 20.00, -1126.20, 20.00, 4.63, 0.00, -5.26, 0.00, 0.00, 0.00, 0.00, 90.00, 0, 0
2.00, 5.70, 20.00, 20.00, -1145.05, 20.00, 4.63, -0.56, -5.87, 0.00, 0.00, 0.00, 0.00, 90.00, 0, 0
2.00, 5.70, 20.00, 20.00, -1166.45, 20.00, 4.63, -1.11, -6.32, 0.00, 0.00, 0.00, 0.00, 90.00, 0, 0
2.00, 5.70, 19.57, 19.57, -1393.12, 20.00, 4.63, -1.11, -6.48, 0.00, 0.00, 0.00, 0.00, 90.00, 0, 0
2.00, 5.70, 19.16, 19.16, -1666.59, 20.00, 4.63, -1.67, -7.09, 0.00, 0.00, 0.00, 0.00, 90.00, 0, 0
2.00, 5.70, 18.83, 18.83, -1779.10, 20.00, 4.63, -2.22, -7.53, 0.00, 0.00, 0.00, 0.00, 90.00, 0, 0
2.00, 5.70, 18.55, 18.55, -1847.27, 20.00, 4.63, -2.22, -7.53, 0.00, 0.00, 0.00, 0.00, 90.00, 0, 0
2.00, 5.70, 18.33, 18.33, -1903.37, 20.00, 4.63, -2.22, -7.53, 0.00, 0.00, 0.00, 0.00, 90.00, 0, 0
2.00, 5.70, 18.14, 18.14, -1950.85, 20.00, 4.63, -2.22, -7.53, 0.00, 0.00, 0.00, 0.00, 90.00, 0, 0
2.00, 5.70, 17.96, 17.96, -2022.11, 20.00, 4.63, -2.78, -8.14, 0.00, 0.00, 0.00, 0.00, 90.00, 0, 0
2.00, 5.70, 17.80, 17.80, -2060.91, 20.00, 4.63, -2.78, -8.14, 0.00, 0.00, 0.00, 0.00, 90.00, 0, 0
2.00, 5.70, 20.00, 20.00, -1671.73, 20.00, 4.63, -2.78, -8.14, 0.00, 0.00, 0.00, 0.00, 90.00, 0, 0
2.00, 5.70, 20.00, 20.00, -1680.02, 20.00, 4.63, -2.78, -8.14, 0.00, 0.00, 0.00, 0.00, 90.00, 0, 0
2.00, 5.70, 20.00, 20.00, -1566.25, 20.00, 4.63, -1.11, -6.32, 0.00, 31.08, 0.00, -50.63, 82.87, 0, 0
2.00, 5.70, 20.00, 20.00, -1437.14, 20.00, 4.63, 0.56, -4.65, 0.00, 60.31, 0.00, -39.23, 74.83, 0, 0
2.00, 5.70, 20.00, 20.00, -1331.87, 20.00, 4.63, 1.67, -3.43, 0.00, 86.28, 0.00, -26.25, 68.67, 0, 0
2.00, 5.70, 20.00, 20.00, -1202.50, 20.00, 4.63, 3.33, -1.89, 0.00, 103.98, 0.00, -11.83, 64.95, 0, 0
2.00, 5.70, 20.00, 20.00, -1153.42, 20.00, 4.63, 3.89, -1.29, 0.00, 109.85, 0.00, 3.40, 64.11, 0, 0
2.00, 5.70, 20.00, 20.00, -1122.72, 20.00, 4.63, 4.44, -0.68, 0.00, 96.29, 0.00, 18.39, 66.27, 0, 0
2.00, 5.70, 20.00, 20.00, -1110.24, 20.00, 4.63, 4.44, -0.68, 0.00, 73.61, 0.00, 32.21, 71.14, 0, 0
2.00, 5.70, 20.00, 20.00, -1232.83, 20.00, 4.63, 3.33, -1.76, 0.00, 33.74, 0.00, 44.48, 78.20, 0, 0
2.00, 5.70, 20.00, 20.00, -1314.29, 20.00, 4.63, 2.78, -2.36, 0.00, 4.93, 0.00, 55.25, 86.90, 0, 0
2.00, 5.70, 20.00, 20.00, -1268.90, 20.00, 4.63, 2.22, -2.83, 0.00, 0.00, 0.00, 0.00, 90.00, 0, 0
2.00, 5.70, 20.00, 20.00, -1096.76, 20.00, 4.63, 1.67, -3.43, 0.00, 0.00, 0.00, 0.00, 90.00, 0, 0
2.00, 5.70, 20.00, 20.00, -1078.81, 20.00, 4.63, 1.67, -3.43, 0.00, 0.00, 0.00, 0.00, 90.00, 0, 0
2.00, 5.70, 20.00, 20.00, -1065.00, 20.00, 4.63, 1.67, -3.43, 0.00, 0.00, 0.00, 0.00, 90.00, 0, 0
2.00, 5.70, 20.00, 20.00, -1081.00, 20.00, 4.63, 1.11, -3.91, 0.00, 0.00, 0.00, 0.00, 90.00, 0, 0
2.00, 5.70, 19.61, 19.61, -1298.10, 20.00, 4.63, 1.11, -3.91, 0.00, 0.00, 0.00, 0.00, 90.00, 0, 0
2.00, 5.70, 19.24, 19.24, -1533.79, 20.00, 4.63, 1.11, -4.04, 0.00, 0.00, 0.00, 0.00, 90.00, 0, 0
2.00, 5.70, 18.94, 18.94, -1636.55, 20.00, 4.63, 0.56, -4.51, 0.00, 0.00, 0.00, 0.00, 90.00, 0, 0
2.00, 5.70, 18.70, 18.70, -1696.73, 20.00, 4.63, 0.56, -4.51, 0.00, 0.00, 0.00, 0.00, 90.00, 0, 0
2.00, 5.70, 18.50, 18.50, -1745.84, 20.00, 4.63, 0.56, -4.65, 0.00, 0.00, 0.00, 0.00, 90.00, 0, 0
2.00, 5.70, 18.31, 18.31, -1816.45, 20.00, 4.63, 0.00, -5.11, 0.00, 0.00, 0.00, 0.00, 90.00, 0, 0
2.00, 5.70, 18.16, 18.16, -1854.08, 20.00, 4.63, 0.00, -5.11, 0.00, 0.00, 0.00, 0.00, 90.00, 0, 0
2.00, 5.70, 18.02, 18.02, -1886.85, 20.00, 4.63, 0.00, -5.11, 0.00, 0.00, 0.00, 0.00, 90.00, 0, 0
2.00, 5.70, 20.00, 20.00, -1555.66, 20.00, 4.63, -0.56, -5.58, 0.00, 0.00, 0.00, 0.00, 90.00, 0, 0
2.00, 5.70, 20.00, 20.00, -1562.33, 20.00, 4.63, -0.56, -5.58, 0.00, 0.00, 0.00, 0.00, 90.00, 0, 0
2.00, 5.70, 20.00, 20.00, -1493.61, 20.00, 4.63, 0.56, -4.51, 0.00, 21.68, 0.00, -50.74, 82.90, 0, 0
2.00, 5.70, 20.00, 20.00, -1402.70, 20.00, 4.63, 1.67, -3.31, 0.00, 47.64, 0.00, -39.34, 74.85, 0, 0
2.00, 5.70, 20.00, 20.00, -1307.04, 20.00, 4.63, 2.78, -2.23, 0.00, 71.17, 0.00, -26.38, 68.67, 0, 0
2.00, 5.70, 20.00, 20.00, -1237.45, 20.00, 4.63, 3.89, -1.15, 0.00, 73.97, 0.00, -11.95, 64.93, 0, 0
2.00, 5.70, 20.00, 20.00, -1171.32, 20.00, 4.63, 4.44, -0.55, 0.00, 90.25, 0.00, 3.28, 64.06, 0, 0
2.00, 5.70, 20.00, 20.00, -1156.81, 20.00, 4.63, 5.00, -0.08, 0.00, 72.63, 0.00, 18.29, 66.20, 0, 0
2.00, 5.70, 20.00, 20.00, -1129.43, 20.00, 4.63, 5.00, -0.08, 0.00, 62.43, 0.00, 32.13, 71.05, 0, 0
2.00, 5.70, 20.00, 20.00, -1211.28, 20.00, 4.63, 4.44, -0.55, 0.00, 24.02, 0.00, 44.41, 78.11, 0, 0
2.00, 5.70, 20.00, 20.00, -1303.62, 20.00, 4.63, 3.33, -1.63, 0.00, 3.29, 0.00, 55.19, 86.80, 0, 0
2.00, 5.70, 20.00, 20.00, -1226.35, 20.00, 4.63, 3.33, -1.76, 0.00, 0.00, 0.00, 0.00, 90.00, 0, 0
2.00, 5.70, 20.00, 20.00, -1050.67, 20.00, 4.63, 2.78, -2.23, 0.00, 0.00, 0.00, 0.00, 90.00, 0, 0
2.00, 5.70, 20.00, 20.00, -1057.18, 20.00, 4.63, 2.22, -2.83, 0.00, 0.00, 0.00, 0.00, 90.00, 0, 0
2.00, 5.70, 20.00, 20.00, -1042.00, 20.00, 4.63, 2.22, -2.83, 0.00, 0.00, 0.00, 0.00, 90.00, 0, 0
2.00, 5.70, 20.00, 20.00, -1056.81, 20.00, 4.63, 1.67, -3.43, 0.00, 0.00, 0.00, 0.00, 90.00, 0, 0
2.00, 5.70, 19.61, 19.61, -1300.47, 20.00, 4.63, 1.11, -3.91, 0.00, 0.00, 0.00, 0.00, 90.00, 0, 0
2.00, 5.70, 19.24, 19.24, -1536.35, 20.00, 4.63, 1.11, -4.04, 0.00, 0.00, 0.00, 0.00, 90.00, 0, 0
2.00, 5.70, 18.94, 18.94, -1639.19, 20.00, 4.63, 0.56, -4.51, 0.00, 0.00, 0.00, 0.00, 90.00, 0, 0
2.00, 5.70, 18.68, 18.68, -1729.05, 20.00, 4.63, 0.00, -5.11, 0.00, 0.00, 0.00, 0.00, 90.00, 0, 0
2.00, 5.70, 18.46, 18.46, -1810.24, 20.00, 4.63, -0.56, -5.72, 0.00, 0.00, 0.00, 0.00, 90.00, 0, 0
2.00, 5.70, 18.26, 18.26, -1885.40, 20.00, 4.63, -1.11, -6.18, 0.00, 0.00, 0.00, 0.00, 90.00, 0, 0
2.00, 5.70, 18.07, 18.07, -1956.51, 20.00, 4.63, -1.67, -6.79, 0.00, 0.00, 0.00, 0.00, 90.00, 0, 0
2.00, 5.70, 17.90, 17.90, -2024.75, 20.00, 4.63, -2.22, -7.39, 0.00, 0.00, 0.00, 0.00, 90.00, 0, 0
2.00, 5.70, 20.00, 20.00, -1675.24, 20.00, 4.63, -2.78, -7.85, 0.00, 0.00, 0.00, 0.00, 90.00, 0, 0
2.00, 5.70, 20.00, 20.00, -1683.87, 20.00, 4.63, -2.78, -7.85, 0.00, 0.00, 0.00, 0.00, 90.00, 0, 0
2.00, 5.70, 20.00, 20.00, -1613.24, 20.00, 4.63, -1.67, -6.79, 0.00, 23.66, 0.00, -50.85, 82.94, 0, 0
2.00, 5.70, 20.00, 20.00, -1402.82, 20.00, 4.63, 1.11, -4.04, 0.00, 62.21, 0.00, -39.46, 74.87, 0, 0
2.00, 5.70, 20.00, 20.00, -1226.09, 20.00, 4.63, 3.33, -1.76, 0.00, 85.93, 0.00, -26.50, 68.67, 0, 0
2.00, 5.70, 20.00, 20.00, -1066.11, 20.00, 4.63, 5.00, -0.08, 0.00, 96.00, 0.00, -12.08, 64.90, 0, 0
2.00, 5.70, 20.00, 20.00, -1018.28, 20.00, 4.63, 6.11, 1.01, 0.00, 102.59, 0.00, 3.17, 64.01, 0, 0
2.00, 5.70, 20.00, 20.00, -904.11, 20.00, 4.63, 7.22, 2.09, 0.00, 94.74, 0.00, 18.19, 66.13, 0, 0
2.00, 5.70, 20.00, 20.00, -858.80, 20.00, 4.63, 7.22, 2.22, 0.00, 68.19, 0.00, 32.05, 70.97, 0, 0
2.00, 5.70, 20.00, 20.00, -976.69, 20.00, 4.63, 6.67, 1.61, 0.00, 42.19, 0.00, 44.35, 78.01, 0, 0
2.00, 5.70, 20.00, 20.00, -1144.97, 20.00, 4.63, 5.00, -0.08, 0.00, 16.43, 0.00, 55.15, 86.69, 0, 0
2.00, 5.70, 20.00, 20.00, -1118.90, 20.00, 4.63, 4.44, -0.68, 0.00, 0.00, 0.00, 0.00, 90.00, 0, 0
2.00, 5.70, 20.00, 20.00, -949.88, 20.00, 4.63, 3.89, -1.15, 0.00, 0.00, 0.00, 0.00, 90.00, 0, 0
2.00, 5.70, 20.00, 20.00, -934.27, 20.00, 4.63, 3.89, -1.29, 0.00, 0.00, 0.00, 0.00, 90.00, 0, 0
2.00, 5.70, 20.00, 20.00, -948.73, 20.00, 4.63, 3.33, -1.76, 0.00, 0.00, 0.00, 0.00, 90.00, 0, 0
2.00, 5.70, 20.00, 20.00, -966.20, 20.00, 4.63, 2.78, -2.36, 0.00, 0.00, 0.00, 0.00, 90.00, 0, 0
2.00, 5.70, 19.65, 19.65, -1204.94, 20.00, 4.63, 2.22, -2.96, 0.00, 0.00, 0.00, 0.00, 90.00, 0, 0
2.00, 5.70, 19.30, 19.30, -1466.59, 20.00, 4.63, 1.67, -3.43, 0.00, 0.00, 0.00, 0.00, 90.00, 0, 0
2.00, 5.70, 19.01, 19.01, -1569.34, 20.00, 4.63, 1.11, -4.04, 0.00, 0.00, 0.00, 0.00, 90.00, 0, 0
2.00, 5.70, 18.76, 18.76, -1659.01, 20.00, 4.63, 0.56, -4.51, 0.00, 0.00, 0.00, 0.00, 90.00, 0, 0
2.00, 5.70, 18.55, 18.55, -1740.16, 20.00, 4.63, 0.00, -5.11, 0.00, 0.00, 0.00, 0.00, 90.00, 0, 0
2.00, 5.70, 18.35, 18.35, -1815.39, 20.00, 4.63, -0.56, -5.72, 0.00, 0.00, 0.00, 0.00, 90.00, 0, 0
2.00, 5.70, 18.17, 18.17, -1886.41, 20.00, 4.63, -1.11, -6.18, 0.00, 0.00, 0.00, 0.00, 90.00, 0, 0
2.00, 5.70, 18.02, 18.02, -1924.81, 20.00, 4.63, -1.11, -6.32, 0.00, 0.00, 0.00, 0.00, 90.00, 0, 0
2.00, 5.70, 20.00, 20.00, -1521.14, 20.00, 4.63, -1.67, -6.93, 0.00, 0.00, 0.00, 0.00, 90.00, 0, 0
2.00, 5.70, 20.00, 20.00, -1550.34, 20.00, 4.63, -2.22, -7.39, 0.00, 0.00, 0.00, 0.00, 90.00, 0, 0
2.00, 5.70, 20.00, 20.00, -1402.50, 20.00, 4.63, 0.00, -5.11, 0.00, 29.64, 0.00, -50.96, 82.96, 0, 0
2.00, 5.70, 20.00, 20.00, -1203.69, 20.00, 4.63, 2.78, -2.36, 0.00, 52.93, 0.00, -39.58, 74.88, 0, 0
2.00, 5.70, 20.00, 20.00, -1006.51, 20.00, 4.63, 5.00, -0.08, 0.00, 68.76, 0.00, -26.63, 68.65, 0, 0
2.00, 5.70, 20.00, 20.00, -788.64, 20.00, 4.63, 7.22, 2.09, 0.00, 79.68, 0.00, -12.20, 64.86, 0, 0
2.00, 5.70, 20.00, 20.00, -756.74, 20.00, 4.63, 8.33, 3.31, 0.00, 81.45, 0.00, 3.05, 63.95, 0, 0
2.00, 5.70, 20.00, 20.00, -633.00, 20.00, 4.63, 9.44, 4.40, 0.00, 77.89, 0.00, 18.09, 66.05, 0, 0
2.00, 5.70, 20.00, 20.00, -642.19, 20.00, 4.63, 9.44, 4.40, 0.00, 64.93, 0.00, 31.98, 70.87, 0, 0
2.00, 5.70, 20.00, 20.00, -780.13, 20.00, 4.63, 8.33, 3.31, 0.00, 41.53, 0.00, 44.29, 77.90, 0, 0
2.00, 5.70, 20.00, 20.00, -944.51, 20.00, 4.63, 6.67, 1.61, 0.00, 18.07, 0.00, 55.11, 86.58, 0, 0
2.00, 5.70, 20.00, 20.00, -921.44, 20.00, 4.63, 6.11, 1.13, 0.00, 0.00, 0.00, 0.00, 90.00, 0, 0
2.00, 5.70, 20.00, 20.00, -752.51, 20.00, 4.63, 5.56, 0.66, 0.00, 0.00, 0.00, 0.00, 90.00, 0, 0
2.00, 5.70, 20.00, 20.00, -736.96, 20.00, 4.63, 5.56, 0.53, 0.00, 0.00, 0.00, 0.00, 90.00, 0, 0
2.00, 5.70, 20.00, 20.00, -751.04, 20.00, 4.63, 5.00, 0.05, 0.00, 0.00, 0.00, 0.00, 90.00, 0, 0
2.00, 5.70, 20.00, 20.00, -741.28, 20.00, 4.63, 5.00, 0.05, 0.00, 0.00, 0.00, 0.00, 90.00, 0, 0
2.00, 5.70, 19.74, 19.74, -1012.52, 20.00, 4.63, 4.44, -0.55, 0.00, 0.00, 0.00, 0.00, 90.00, 0, 0
2.00, 5.70, 19.47, 19.47, -1238.04, 20.00, 4.63, 4.44, -0.55, 0.00, 0.00, 0.00, 0.00, 90.00, 0, 0
2.00, 5.70, 19.24, 19.24, -1332.69, 20.00, 4.63, 3.89, -1.03, 0.00, 0.00, 0.00, 0.00, 90.00, 0, 0
2.00, 5.70, 19.05, 19.05, -1387.13, 20.00, 4.63, 3.89, -1.15, 0.00, 0.00, 0.00, 0.00, 90.00, 0, 0
2.00, 5.70, 18.88, 18.88, -1460.42, 20.00, 4.63, 3.33, -1.63, 0.00, 0.00, 0.00, 0.00, 90.00, 0, 0
2.00, 5.70, 18.73, 18.73, -1499.90, 20.00, 4.63, 3.33, -1.63, 0.00, 0.00, 0.00, 0.00, 90.00, 0, 0
2.00, 5.70, 18.61, 18.61, -1533.55, 20.00, 4.63, 3.33, -1.63, 0.00, 0.00, 0.00, 0.00, 90.00, 0, 0
2.00, 5.70, 18.48, 18.48, -1591.91, 20.00, 4.63, 2.78, -2.11, 0.00, 0.00, 0.00, 0.00, 90.00, 0, 0
2.00, 5.70, 20.00, 20.00, -1237.59, 20.00, 4.63, 2.78, -2.11, 0.00, 0.00, 0.00, 0.00, 90.00, 0, 0
2.00, 5.70, 20.00, 20.00, -1246.60, 20.00, 4.63, 2.78, -2.11, 0.00, 1.64, 0.00, 0.00, 90.00, 0, 0
2.00, 5.70, 20.00, 20.00, -1166.96, 20.00, 4.63, 3.89, -1.03, 0.00, 20.90, 0.00, -51.08, 82.98, 0, 0
2.00, 5.70, 20.00, 20.00, -1028.63, 20.00, 4.63, 5.56, 0.66, 0.00, 54.49, 0.00, -39.71, 74.88, 0, 0
2.00, 5.70, 20.00, 20.00, -933.00, 20.00, 4.63, 6.67, 1.74, 0.00, 74.58, 0.00, -26.76, 68.64, 0, 0
2.00, 5.70, 20.00, 20.00, -797.38, 20.00, 4.63, 8.33, 3.44, 0.00, 96.66, 0.00, -12.33, 64.82, 0, 0
2.00, 5.70, 20.00, 20.00, -747.69, 20.00, 4.63, 8.89, 4.06, 0.00, 101.59, 0.00, 2.94, 63.89, 0, 0
2.00, 5.70, 20.00, 20.00, -728.47, 20.00, 4.63, 9.44, 4.54, 0.00, 84.28, 0.00, 18.00, 65.96, 0, 0
2.00, 5.70, 20.00, 20.00, -706.30, 20.00, 4.63, 9.44, 4.54, 0.00, 69.85, 0.00, 31.90, 70.77, 0, 0
2.00, 5.70, 20.00, 20.00, -738.51, 20.00, 4.63, 9.44, 4.54, 0.00, 44.09, 0.00, 44.24, 77.79, 0, 0
2.00, 5.70, 20.00, 20.00, -854.52, 20.00, 4.63, 8.33, 3.44, 0.00, 18.07, 0.00, 55.07, 86.46, 0, 0
2.00, 5.70, 20.00, 20.00, -832.23, 20.00, 4.63, 7.78, 2.83, 0.00, 1.64, 0.00, 0.00, 90.00, 0, 0
2.00, 5.70, 20.00, 20.00, -653.87, 20.00, 4.63, 7.22, 2.22, 0.00, 0.00, 0.00, 0.00, 90.00, 0, 0
2.00, 5.70, 20.00, 20.00, -661.33, 20.00, 4.63, 6.67, 1.61, 0.00, 0.00, 0.00, 0.00, 90.00, 0, 0
2.00, 5.70, 20.00, 20.00, -699.98, 20.00, 4.63, 5.56, 0.66, 0.00, 0.00, 0.00, 0.00, 90.00, 0, 0
2.00, 5.70, 20.00, 20.00, -716.34, 20.00, 4.63, 5.00, 0.05, 0.00, 0.00, 0.00, 0.00, 90.00, 0, 0
2.00, 5.70, 19.76, 19.76, -984.27, 20.00, 4.63, 4.44, -0.55, 0.00, 0.00, 0.00, 0.00, 90.00, 0, 0
2.00, 5.70, 19.49, 19.49, -1236.62, 20.00, 4.63, 3.89, -1.15, 0.00, 0.00, 0.00, 0.00, 90.00, 0, 0
2.00, 5.70, 19.25, 19.25, -1361.62, 20.00, 4.63, 2.78, -2.23, 0.00, 0.00, 0.00, 0.00, 90.00, 0, 0
2.00, 5.70, 19.04, 19.04, -1448.80, 20.00, 4.63, 2.22, -2.83, 0.00, 0.00, 0.00, 0.00, 90.00, 0, 0
2.00, 5.70, 18.83, 18.83, -1557.38, 20.00, 4.63, 1.11, -3.91, 0.00, 0.00, 0.00, 0.00, 90.00, 0, 0
2.00, 5.70, 18.65, 18.65, -1633.65, 20.00, 4.63, 0.56, -4.51, 0.00, 0.00, 0.00, 0.00, 90.00, 0, 0
2.00, 5.70, 18.46, 18.46, -1735.25, 20.00, 4.63, -0.56, -5.58, 0.00, 0.00, 0.00, 0.00, 90.00, 0, 0
2.00, 5.70, 18.28, 18.28, -1836.68, 20.00, 4.63, -1.67, -6.79, 0.00, 0.00, 0.00, 0.00, 90.00, 0, 0
2.00, 5.70, 20.00, 20.00, -1556.59, 20.00, 4.63, -2.22, -7.39, 0.00, 0.00, 0.00, 0.00, 90.00, 0, 0
2.00, 5.70, 20.00, 20.00, -1576.22, 20.00, 4.63, -2.22, -7.39, 0.00, 4.93, 0.00, 0.00, 90.00, 0, 0
2.00, 5.70, 20.00, 20.00, -1463.53, 20.00, 4.63, -0.56, -5.58, 0.00, 25.34, 0.00, -51.21, 83.00, 0, 0
2.00, 5.70, 20.00, 20.00, -1264.37, 20.00, 4.63, 2.22, -2.83, 0.00, 52.57, 0.00, -39.84, 74.88, 0, 0
2.00, 5.70, 20.00, 20.00, -1079.00, 20.00, 4.63, 4.44, -0.55, 0.00, 75.95, 0.00, -26.89, 68.61, 0, 0
2.00, 5.70, 20.00, 20.00, -882.70, 20.00, 4.63, 6.67, 1.61, 0.00, 84.76, 0.00, -12.45, 64.78, 0, 0
2.00, 5.70, 20.00, 20.00, -850.48, 20.00, 4.63, 7.78, 2.70, 0.00, 89.61, 0.00, 2.83, 63.82, 0, 0
2.00, 5.70, 20.00, 20.00, -792.21, 20.00, 4.63, 8.33, 3.31, 0.00, 91.23, 0.00, 17.90, 65.87, 0, 0
2.00, 5.70, 20.00, 20.00, -753.87, 20.00, 4.63, 8.33, 3.31, 0.00, 70.02, 0.00, 31.84, 70.66, 0, 0
2.00, 5.70, 20.00, 20.00, -872.11, 20.00, 4.63, 7.22, 2.22, 0.00, 42.04, 0.00, 44.19, 77.68, 0, 0
2.00, 5.70, 20.00, 20.00, -1037.18, 20.00, 4.63, 5.56, 0.53, 0.00, 26.29, 0.00, 55.04, 86.34, 0, 0
2.00, 5.70, 20.00, 20.00, -1033.26, 20.00, 4.63, 5.00, -0.08, 0.00, 1.64, 0.00, 0.00, 90.00, 0, 0
2.00, 5.70, 20.00, 20.00, -860.56, 20.00, 4.63, 4.44, -0.55, 0.00, 0.00, 0.00, 0.00, 90.00, 0, 0
2.00, 5.70, 20.00, 20.00, -873.86, 20.00, 4.63, 3.89, -1.15, 0.00, 0.00, 0.00, 0.00, 90.00, 0, 0
2.00, 5.70, 20.00, 20.00, -864.36, 20.00, 4.63, 3.89, -1.15, 0.00, 0.00, 0.00, 0.00, 90.00, 0, 0
2.00, 5.70, 20.00, 20.00, -883.58, 20.00, 4.63, 3.33, -1.76, 0.00, 0.00, 0.00, 0.00, 90.00, 0, 0
2.00, 5.70, 19.71, 19.71, -1114.04, 20.00, 4.63, 2.78, -2.36, 0.00, 0.00, 0.00, 0.00, 90.00, 0, 0
