Nombre espacio, Area(m2)
"P01_E05", 324.00
Horario Funcionamiento Equipo, Funcionamiento Real Equipo, Transmisión Muros Exteriores(W/m2 del espacio), Transmisión Muros Interiores(W/m2 del espacio), Transmisión Cubiertas(W/m2 del espacio), Transmisión Suelos(W/m2 del espacio), Transmisión Puentes Térmicos(W/m2 del espacio), Transmisión Ventanas(W/m2 del espacio), Radiación Ventanas(W/m2 del espacio), Fuentes internas(W/m2 del espacio), Carga de ventilación e infiltración(W/m2 del espacio), Energia Almacenada Aire(W/m2 del espacio), Carga Total(W/m2 del espacio), Temperatura aire (ºC)
0, 0, 0.000, 0.149, 0.000, 0.000, 0.853, 0.000, 0.000, 0.553, -1.554, 0.000, -0.000, 19.84
0, 0, 0.000, 0.033, 0.000, 0.000, 0.167, 0.000, 0.000, 0.526, -0.892, 0.166, -0.000, 19.83
0, 0, 0.000, 0.023, 0.000, 0.000, 0.114, 0.000, 0.000, 0.500, -0.695, 0.058, -0.000, 19.82
0, 0, 0.000, 0.016, 0.000, 0.000, 0.085, 0.000, 0.000, 0.476, -0.743, 0.166, -0.000, 19.81
0, 0, 0.000, 0.014, 0.000, 0.000, 0.077, 0.000, 0.000, 0.453, -0.790, 0.246, 0.000, 19.78
0, 0, 0.000, 0.014, 0.000, 0.000, 0.086, 0.000, 0.000, 0.431, -0.836, 0.305, -0.000, 19.75
1, 1, 0.000, 0.133, 0.000, 0.000, 0.805, 0.000, 0.000, 2.909, -10.383, -2.497, -9.033, 20.00
1, 1, 0.000, 0.122, 0.000, 0.000, 0.797, 0.000, 0.000, 3.043, -10.981, 0.000, -7.019, 20.00
1, 1, 0.000, 0.113, 0.000, 0.000, 0.780, 0.000, 0.000, 3.147, -10.981, 0.000, -6.941, 20.00
1, 1, 0.000, 0.108, 0.000, 0.000, 0.763, 0.000, 0.000, 3.235, -9.787, 0.000, -5.680, 20.00
1, 1, 0.000, 0.116, 0.000, 0.000, 0.808, 0.000, 0.000, 3.313, -8.602, 0.000, -4.365, 20.00
1, 1, 0.000, 0.124, 0.000, 0.000, 0.848, 0.000, 0.000, 3.382, -6.841, 0.000, -2.487, 20.00
1, 1, 0.000, 0.099, 0.000, 0.000, 0.720, 0.000, 0.000, 3.446, -6.259, 0.000, -1.994, 20.00
1, 1, 0.000, 0.084, 0.000, 0.000, 0.675, 0.000, 0.000, 3.505, -6.841, 0.000, -2.577, 20.00
0, 0, 0.000, -0.021, 0.000, 0.000, -0.180, 0.000, 0.000, 1.062, -0.664, -0.197, -0.000, 20.02
0, 0, 0.000, -0.044, 0.000, 0.000, -0.402, 0.000, 0.000, 0.959, -0.662, 0.149, -0.000, 20.00
0, 0, 0.000, -0.041, 0.000, 0.000, -0.404, 0.000, 0.000, 0.884, -0.660, 0.222, 0.000, 19.98
0, 0, 0.000, -0.041, 0.000, 0.000, -0.431, 0.000, 0.000, 0.824, -0.706, 0.354, -0.000, 19.95
0, 0, 0.000, -0.035, 0.000, 0.000, -0.410, 0.000, 0.000, 0.772, -0.751, 0.424, -0.000, 19.90
0, 0, 0.000, -0.028, 0.000, 0.000, -0.356, 0.000, 0.000, 0.727, -0.748, 0.405, -0.000, 19.86
0, 0, 0.000, -0.020, 0.000, 0.000, -0.287, 0.000, 0.000, 0.686, -0.793, 0.414, -0.000, 19.82
0, 0, 0.000, -0.014, 0.000, 0.000, -0.223, 0.000, 0.000, 0.649, -0.790, 0.378, 0.000, 19.79
0, 0, 0.000, -0.010, 0.000, 0.000, -0.159, 0.000, 0.000, 0.615, -0.836, 0.389, -0.000, 19.75
0, 0, 0.000, -0.007, 0.000, 0.000, -0.105, 0.000, 0.000, 0.584, -0.833, 0.361, 0.000, 19.71
0, 0, 0.000, -0.004, 0.000, 0.000, -0.061, 0.000, 0.000, 0.554, -0.830, 0.341, 0.000, 19.68
0, 0, 0.000, -0.001, 0.000, 0.000, -0.015, 0.000, 0.000, 0.527, -0.876, 0.365, 0.000, 19.64
0, 0, 0.000, 0.002, 0.000, 0.000, 0.032, 0.000, 0.000, 0.501, -0.922, 0.387, -0.000, 19.60
0, 0, 0.000, 0.004, 0.000, 0.000, 0.081, 0.000, 0.000, 0.477, -0.969, 0.407, 0.000, 19.56
0, 0, 0.000, 0.007, 0.000, 0.000, 0.130, 0.000, 0.000, 0.454, -1.015, 0.424, 0.000, 19.52
0, 0, 0.000, 0.009, 0.000, 0.000, 0.170, 0.000, 0.000, 0.432, -1.012, 0.400, -0.000, 19.48
1, 1, 0.000, -0.037, 0.000, 0.000, -0.696, 0.000, 0.000, 2.910, -13.398, -5.222, -16.444, 20.00
1, 1, 0.000, -0.031, 0.000, 0.000, -0.607, 0.000, 0.000, 3.044, -14.009, 0.000, -11.603, 20.00
1, 1, 0.000, -0.028, 0.000, 0.000, -0.543, 0.000, 0.000, 3.148, -14.009, 0.000, -11.432, 20.00
1, 1, 0.000, -0.026, 0.000, 0.000, -0.486, 0.000, 0.000, 3.236, -12.791, 0.000, -10.066, 20.00
1, 1, 0.000, -0.023, 0.000, 0.000, -0.434, 0.000, 0.000, 3.313, -10.981, 0.000, -8.126, 20.00
1, 1, 0.000, -0.022, 0.000, 0.000, -0.388, 0.000, 0.000, 3.383, -9.193, 0.000, -6.221, 20.00
1, 1, 0.000, -0.021, 0.000, 0.000, -0.358, 0.000, 0.000, 3.447, -8.602, 0.000, -5.533, 20.00
1, 1, 0.000, -0.020, 0.000, 0.000, -0.335, 0.000, 0.000, 3.506, -8.602, 0.000, -5.451, 20.00
0, 0, 0.000, -0.035, 0.000, 0.000, -0.586, 0.000, 0.000, 1.062, -0.660, 0.219, 0.000, 19.98
0, 0, 0.000, -0.025, 0.000, 0.000, -0.431, 0.000, 0.000, 0.960, -0.659, 0.155, 0.000, 19.96
0, 0, 0.000, -0.018, 0.000, 0.000, -0.321, 0.000, 0.000, 0.885, -0.658, 0.113, 0.000, 19.95
0, 0, 0.000, -0.028, 0.000, 0.000, -0.524, 0.000, 0.000, 0.824, -0.751, 0.479, 0.000, 19.90
0, 0, 0.000, -0.028, 0.000, 0.000, -0.534, 0.000, 0.000, 0.773, -0.795, 0.584, 0.000, 19.85
0, 0, 0.000, -0.024, 0.000, 0.000, -0.460, 0.000, 0.000, 0.728, -0.791, 0.547, 0.000, 19.79
0, 0, 0.000, -0.018, 0.000, 0.000, -0.358, 0.000, 0.000, 0.687, -0.835, 0.525, -0.000, 19.74
0, 0, 0.000, -0.013, 0.000, 0.000, -0.265, 0.000, 0.000, 0.650, -0.831, 0.460, -0.000, 19.69
0, 0, 0.000, -0.009, 0.000, 0.000, -0.179, 0.000, 0.000, 0.616, -0.877, 0.449, 0.000, 19.65
0, 0, 0.000, -0.005, 0.000, 0.000, -0.109, 0.000, 0.000, 0.584, -0.873, 0.403, -0.000, 19.61
0, 0, 0.000, -0.002, 0.000, 0.000, -0.044, 0.000, 0.000, 0.555, -0.919, 0.411, 0.000, 19.57
0, 0, 0.000, 0.000, 0.000, 0.000, 0.008, 0.000, 0.000, 0.527, -0.916, 0.380, 0.000, 19.53
0, 0, 0.000, 0.003, 0.000, 0.000, 0.059, 0.000, 0.000, 0.501, -0.962, 0.399, 0.000, 19.49
0, 0, 0.000, 0.004, 0.000, 0.000, 0.101, 0.000, 0.000, 0.477, -0.959, 0.377, -0.000, 19.45
0, 0, 0.000, 0.006, 0.000, 0.000, 0.134, 0.000, 0.000, 0.454, -0.956, 0.361, 0.000, 19.41
0, 0, 0.000, 0.007, 0.000, 0.000, 0.171, 0.000, 0.000, 0.433, -1.003, 0.391, -0.000, 19.37
1, 1, 0.000, -0.064, 0.000, 0.000, -1.486, 0.000, 0.000, 2.910, -12.791, -6.254, -17.683, 20.00
1, 1, 0.000, -0.057, 0.000, 0.000, -1.340, 0.000, 0.000, 3.044, -12.791, 0.000, -11.144, 20.00
1, 1, 0.000, -0.052, 0.000, 0.000, -1.234, 0.000, 0.000, 3.149, -12.791, 0.000, -10.928, 20.00
1, 1, 0.000, -0.049, 0.000, 0.000, -1.144, 0.000, 0.000, 3.236, -12.185, 0.000, -10.142, 20.00
1, 1, 0.000, -0.048, 0.000, 0.000, -1.056, 0.000, 0.000, 3.314, -10.383, 0.000, -8.173, 20.00
1, 1, 0.000, -0.046, 0.000, 0.000, -0.983, 0.000, 0.000, 3.383, -9.193, 0.000, -6.839, 20.00
1, 1, 0.000, -0.045, 0.000, 0.000, -0.922, 0.000, 0.000, 3.447, -8.602, 0.000, -6.121, 20.00
1, 1, 0.000, -0.043, 0.000, 0.000, -0.866, 0.000, 0.000, 3.506, -8.013, 0.000, -5.416, 20.00
0, 0, 0.000, -0.044, 0.000, 0.000, -0.867, 0.000, 0.000, 1.063, -0.610, 0.458, 0.000, 19.95
0, 0, 0.000, -0.042, 0.000, 0.000, -0.853, 0.000, 0.000, 0.960, -0.653, 0.588, -0.000, 19.90
0, 0, 0.000, -0.038, 0.000, 0.000, -0.783, 0.000, 0.000, 0.885, -0.696, 0.632, 0.000, 19.83
0, 0, 0.000, -0.032, 0.000, 0.000, -0.680, 0.000, 0.000, 0.825, -0.740, 0.627, -0.000, 19.77
0, 0, 0.000, -0.026, 0.000, 0.000, -0.564, 0.000, 0.000, 0.773, -0.784, 0.600, -0.000, 19.71
0, 0, 0.000, -0.021, 0.000, 0.000, -0.446, 0.000, 0.000, 0.728, -0.779, 0.518, 0.000, 19.66
0, 0, 0.000, -0.015, 0.000, 0.000, -0.336, 0.000, 0.000, 0.687, -0.824, 0.489, -0.000, 19.61
0, 0, 0.000, -0.011, 0.000, 0.000, -0.247, 0.000, 0.000, 0.650, -0.821, 0.429, 0.000, 19.57
0, 0, 0.000, -0.008, 0.000, 0.000, -0.176, 0.000, 0.000, 0.616, -0.817, 0.385, 0.000, 19.53
0, 0, 0.000, -0.005, 0.000, 0.000, -0.111, 0.000, 0.000, 0.584, -0.863, 0.395, -0.000, 19.49
0, 0, 0.000, -0.003, 0.000, 0.000, -0.058, 0.000, 0.000, 0.555, -0.860, 0.366, 0.000, 19.45
0, 0, 0.000, -0.000, 0.000, 0.000, -0.006, 0.000, 0.000, 0.527, -0.906, 0.385, -0.000, 19.41
0, 0, 0.000, 0.001, 0.000, 0.000, 0.036, 0.000, 0.000, 0.502, -0.903, 0.364, 0.000, 19.38
0, 0, 0.000, 0.003, 0.000, 0.000, 0.081, 0.000, 0.000, 0.477, -0.950, 0.388, 0.000, 19.34
0, 0, 0.000, 0.005, 0.000, 0.000, 0.117, 0.000, 0.000, 0.454, -0.946, 0.370, 0.000, 19.30
0, 0, 0.000, 0.006, 0.000, 0.000, 0.157, 0.000, 0.000, 0.433, -0.993, 0.397, 0.000, 19.26
1, 1, 0.000, -0.084, 0.000, 0.000, -2.126, 0.000, 0.000, 2.910, -12.791, -7.391, -19.482, 20.00
1, 1, 0.000, -0.075, 0.000, 0.000, -1.941, 0.000, 0.000, 3.044, -13.398, 0.000, -12.370, 20.00
1, 1, 0.000, -0.069, 0.000, 0.000, -1.798, 0.000, 0.000, 3.149, -13.398, 0.000, -12.116, 20.00
1, 1, 0.000, -0.065, 0.000, 0.000, -1.675, 0.000, 0.000, 3.237, -12.791, 0.000, -11.294, 20.00
1, 1, 0.000, -0.062, 0.000, 0.000, -1.569, 0.000, 0.000, 3.314, -12.185, 0.000, -10.502, 20.00
1, 1, 0.000, -0.059, 0.000, 0.000, -1.474, 0.000, 0.000, 3.383, -11.582, 0.000, -9.732, 20.00
1, 1, 0.000, -0.058, 0.000, 0.000, -1.382, 0.000, 0.000, 3.447, -10.383, 0.000, -8.376, 20.00
1, 1, 0.000, -0.056, 0.000, 0.000, -1.303, 0.000, 0.000, 3.506, -9.787, 0.000, -7.640, 20.00
0, 0, 0.000, -0.056, 0.000, 0.000, -1.319, 0.000, 0.000, 1.063, -0.799, 1.112, 0.000, 19.89
0, 0, 0.000, -0.047, 0.000, 0.000, -1.104, 0.000, 0.000, 0.960, -0.791, 0.981, -0.000, 19.79
0, 0, 0.000, -0.037, 0.000, 0.000, -0.878, 0.000, 0.000, 0.885, -0.832, 0.862, 0.000, 19.70
0, 0, 0.000, -0.029, 0.000, 0.000, -0.703, 0.000, 0.000, 0.825, -0.826, 0.733, 0.000, 19.63
0, 0, 0.000, -0.022, 0.000, 0.000, -0.546, 0.000, 0.000, 0.773, -0.870, 0.664, 0.000, 19.56
0, 0, 0.000, -0.016, 0.000, 0.000, -0.404, 0.000, 0.000, 0.728, -0.914, 0.606, 0.000, 19.50
0, 0, 0.000, -0.011, 0.000, 0.000, -0.288, 0.000, 0.000, 0.687, -0.910, 0.522, -0.000, 19.45
0, 0, 0.000, -0.007, 0.000, 0.000, -0.188, 0.000, 0.000, 0.650, -0.955, 0.500, -0.000, 19.40
0, 0, 0.000, -0.004, 0.000, 0.000, -0.109, 0.000, 0.000, 0.616, -0.951, 0.449, -0.000, 19.36
0, 0, 0.000, -0.001, 0.000, 0.000, -0.038, 0.000, 0.000, 0.584, -0.997, 0.452, 0.000, 19.31
0, 0, 0.000, 0.001, 0.000, 0.000, 0.018, 0.000, 0.000, 0.555, -0.994, 0.420, 0.000, 19.27
0, 0, 0.000, 0.003, 0.000, 0.000, 0.073, 0.000, 0.000, 0.527, -1.040, 0.437, 0.000, 19.23
0, 0, 0.000, 0.005, 0.000, 0.000, 0.127, 0.000, 0.000, 0.502, -1.086, 0.453, -0.000, 19.18
0, 0, 0.000, 0.006, 0.000, 0.000, 0.170, 0.000, 0.000, 0.477, -1.083, 0.429, -0.000, 19.14
0, 0, 0.000, 0.008, 0.000, 0.000, 0.215, 0.000, 0.000, 0.454, -1.129, 0.452, 0.000, 19.09
0, 0, 0.000, 0.009, 0.000, 0.000, 0.262, 0.000, 0.000, 0.433, -1.176, 0.472, -0.000, 19.05
1, 1, 0.000, -0.101, 0.000, 0.000, -2.946, 0.000, 0.000, 2.910, -15.237, -9.544, -24.917, 20.00
1, 1, 0.000, -0.090, 0.000, 0.000, -2.694, 0.000, 0.000, 3.044, -15.854, 0.000, -15.594, 20.00
1, 1, 0.000, -0.083, 0.000, 0.000, -2.499, 0.000, 0.000, 3.149, -15.854, 0.000, -15.288, 20.00
1, 1, 0.000, -0.079, 0.000, 0.000, -2.328, 0.000, 0.000, 3.237, -14.621, 0.000, -13.792, 20.00
1, 1, 0.000, -0.077, 0.000, 0.000, -2.178, 0.000, 0.000, 3.314, -13.398, 0.000, -12.339, 20.00
1, 1, 0.000, -0.075, 0.000, 0.000, -2.043, 0.000, 0.000, 3.383, -12.185, 0.000, -10.919, 20.00
1, 1, 0.000, -0.075, 0.000, 0.000, -1.913, 0.000, 0.000, 3.447, -10.383, 0.000, -8.924, 20.00
1, 1, 0.000, -0.053, 0.000, 0.000, -1.270, 0.000, 0.000, 3.506, -9.193, 0.000, -7.010, 20.00
0, 0, 0.000, -0.042, 0.000, 0.000, -0.986, 0.000, 0.000, 1.063, -0.705, 0.671, -0.000, 19.93
0, 0, 0.000, -0.040, 0.000, 0.000, -0.947, 0.000, 0.000, 0.960, -0.699, 0.725, -0.000, 19.86
0, 0, 0.000, -0.031, 0.000, 0.000, -0.757, 0.000, 0.000, 0.885, -0.742, 0.646, 0.000, 19.80
0, 0, 0.000, -0.031, 0.000, 0.000, -0.760, 0.000, 0.000, 0.825, -0.785, 0.751, 0.000, 19.72
0, 0, 0.000, -0.027, 0.000, 0.000, -0.676, 0.000, 0.000, 0.773, -0.827, 0.757, 0.000, 19.65
0, 0, 0.000, -0.021, 0.000, 0.000, -0.537, 0.000, 0.000, 0.728, -0.871, 0.701, 0.000, 19.57
0, 0, 0.000, -0.016, 0.000, 0.000, -0.402, 0.000, 0.000, 0.687, -0.866, 0.596, 0.000, 19.52
0, 0, 0.000, -0.011, 0.000, 0.000, -0.279, 0.000, 0.000, 0.650, -0.910, 0.550, -0.000, 19.46
0, 0, 0.000, -0.007, 0.000, 0.000, -0.181, 0.000, 0.000, 0.616, -0.906, 0.479, 0.000, 19.41
0, 0, 0.000, -0.004, 0.000, 0.000, -0.096, 0.000, 0.000, 0.584, -0.952, 0.467, 0.000, 19.37
0, 0, 0.000, -0.001, 0.000, 0.000, -0.028, 0.000, 0.000, 0.555, -0.948, 0.423, -0.000, 19.32
0, 0, 0.000, 0.001, 0.000, 0.000, 0.034, 0.000, 0.000, 0.527, -0.994, 0.432, 0.000, 19.28
0, 0, 0.000, 0.003, 0.000, 0.000, 0.083, 0.000, 0.000, 0.502, -0.991, 0.403, -0.000, 19.24
0, 0, 0.000, 0.005, 0.000, 0.000, 0.132, 0.000, 0.000, 0.477, -1.037, 0.423, -0.000, 19.20
0, 0, 0.000, 0.006, 0.000, 0.000, 0.182, 0.000, 0.000, 0.454, -1.084, 0.441, 0.000, 19.15
0, 0, 0.000, 0.008, 0.000, 0.000, 0.222, 0.000, 0.000, 0.433, -1.080, 0.418, 0.000, 19.11
1, 1, 0.000, -0.101, 0.000, 0.000, -2.938, 0.000, 0.000, 2.910, -14.621, -8.882, -23.633, 20.00
1, 1, 0.000, -0.091, 0.000, 0.000, -2.690, 0.000, 0.000, 3.044, -14.621, 0.000, -14.358, 20.00
1, 1, 0.000, -0.085, 0.000, 0.000, -2.500, 0.000, 0.000, 3.149, -14.621, 0.000, -14.058, 20.00
1, 1, 0.000, -0.079, 0.000, 0.000, -2.344, 0.000, 0.000, 3.237, -14.621, 0.000, -13.808, 20.00
1, 1, 0.000, -0.076, 0.000, 0.000, -2.195, 0.000, 0.000, 3.314, -13.398, 0.000, -12.356, 20.00
1, 1, 0.000, -0.072, 0.000, 0.000, -2.074, 0.000, 0.000, 3.383, -13.398, 0.000, -12.161, 20.00
1, 1, 0.000, -0.069, 0.000, 0.000, -1.957, 0.000, 0.000, 3.447, -12.791, 0.000, -11.369, 20.00
1, 1, 0.000, -0.066, 0.000, 0.000, -1.855, 0.000, 0.000, 3.506, -12.791, 0.000, -11.205, 20.00
0, 0, 0.000, -0.059, 0.000, 0.000, -1.666, 0.000, 0.000, 1.063, -1.042, 1.704, 0.000, 19.83
0, 0, 0.000, -0.046, 0.000, 0.000, -1.270, 0.000, 0.000, 0.960, -0.980, 1.336, 0.000, 19.70
0, 0, 0.000, -0.033, 0.000, 0.000, -0.922, 0.000, 0.000, 0.885, -1.021, 1.091, 0.000, 19.59
0, 0, 0.000, -0.024, 0.000, 0.000, -0.680, 0.000, 0.000, 0.825, -1.013, 0.893, 0.000, 19.50
0, 0, 0.000, -0.017, 0.000, 0.000, -0.489, 0.000, 0.000, 0.773, -1.057, 0.789, 0.000, 19.42
0, 0, 0.000, -0.011, 0.000, 0.000, -0.334, 0.000, 0.000, 0.728, -1.051, 0.668, -0.000, 19.35
0, 0, 0.000, -0.007, 0.000, 0.000, -0.211, 0.000, 0.000, 0.687, -1.046, 0.577, -0.000, 19.29
0, 0, 0.000, -0.004, 0.000, 0.000, -0.116, 0.000, 0.000, 0.650, -1.041, 0.512, -0.000, 19.24
0, 0, 0.000, -0.001, 0.000, 0.000, -0.043, 0.000, 0.000, 0.616, -1.037, 0.466, -0.000, 19.20
0, 0, 0.000, 0.001, 0.000, 0.000, 0.023, 0.000, 0.000, 0.584, -1.083, 0.475, 0.000, 19.15
0, 0, 0.000, 0.003, 0.000, 0.000, 0.077, 0.000, 0.000, 0.555, -1.080, 0.445, 0.000, 19.10
0, 0, 0.000, 0.004, 0.000, 0.000, 0.120, 0.000, 0.000, 0.527, -1.076, 0.425, -0.000, 19.06
0, 0, 0.000, 0.005, 0.000, 0.000, 0.155, 0.000, 0.000, 0.502, -1.072, 0.411, 0.000, 19.02
0, 0, 0.000, 0.006, 0.000, 0.000, 0.174, 0.000, 0.000, 0.477, -1.019, 0.362, -0.000, 18.98
0, 0, 0.000, 0.006, 0.000, 0.000, 0.191, 0.000, 0.000, 0.454, -1.016, 0.364, -0.000, 18.95
0, 0, 0.000, 0.007, 0.000, 0.000, 0.206, 0.000, 0.000, 0.433, -1.013, 0.367, -0.000, 18.91
1, 1, 0.000, -0.125, 0.000, 0.000, -3.698, 0.000, 0.000, 0.412, -1.107, -10.884, -15.401, 20.00
1, 1, 0.000, -0.114, 0.000, 0.000, -3.384, 0.000, 0.000, 0.393, -1.107, 0.000, -4.212, 20.00
1, 1, 0.000, -0.106, 0.000, 0.000, -3.145, 0.000, 0.000, 0.374, -1.107, 0.000, -3.984, 20.00
1, 1, 0.000, -0.099, 0.000, 0.000, -2.948, 0.000, 0.000, 0.357, -1.107, 0.000, -3.797, 20.00
1, 1, 0.000, -0.095, 0.000, 0.000, -2.773, 0.000, 0.000, 0.340, -1.057, 0.000, -3.585, 20.00
1, 1, 0.000, -0.094, 0.000, 0.000, -2.615, 0.000, 0.000, 0.325, -0.957, 0.000, -3.341, 20.00
1, 1, 0.000, -0.092, 0.000, 0.000, -2.470, 0.000, 0.000, 0.310, -0.858, 0.000, -3.111, 20.00
1, 1, 0.000, -0.089, 0.000, 0.000, -2.340, 0.000, 0.000, 0.295, -0.809, 0.000, -2.942, 20.00
0, 0, 0.000, -0.066, 0.000, 0.000, -1.721, 0.000, 0.000, 0.282, -0.789, 2.294, 0.000, 19.77
0, 0, 0.000, -0.044, 0.000, 0.000, -1.148, 0.000, 0.000, 0.269, -0.774, 1.698, -0.000, 19.60
0, 0, 0.000, -0.027, 0.000, 0.000, -0.724, 0.000, 0.000, 0.256, -0.812, 1.308, -0.000, 19.47
0, 0, 0.000, -0.016, 0.000, 0.000, -0.430, 0.000, 0.000, 0.245, -0.804, 1.006, -0.000, 19.37
0, 0, 0.000, -0.008, 0.000, 0.000, -0.211, 0.000, 0.000, 0.233, -0.846, 0.832, -0.000, 19.29
0, 0, 0.000, -0.002, 0.000, 0.000, -0.053, 0.000, 0.000, 0.223, -0.840, 0.672, 0.000, 19.22
0, 0, 0.000, 0.003, 0.000, 0.000, 0.071, 0.000, 0.000, 0.212, -0.884, 0.599, -0.000, 19.16
0, 0, 0.000, 0.006, 0.000, 0.000, 0.159, 0.000, 0.000, 0.202, -0.880, 0.513, -0.000, 19.11
0, 0, 0.000, 0.008, 0.000, 0.000, 0.231, 0.000, 0.000, 0.193, -0.925, 0.493, -0.000, 19.06
0, 0, 0.000, 0.010, 0.000, 0.000, 0.282, 0.000, 0.000, 0.184, -0.922, 0.445, 0.000, 19.01
0, 0, 0.000, 0.011, 0.000, 0.000, 0.319, 0.000, 0.000, 0.176, -0.918, 0.412, 0.000, 18.97
0, 0, 0.000, 0.013, 0.000, 0.000, 0.364, 0.000, 0.000, 0.168, -1.014, 0.469, -0.000, 18.93
0, 0, 0.000, 0.014, 0.000, 0.000, 0.409, 0.000, 0.000, 0.160, -1.060, 0.477, 0.000, 18.88
0, 0, 0.000, 0.015, 0.000, 0.000, 0.452, 0.000, 0.000, 0.153, -1.106, 0.486, -0.000, 18.83
0, 0, 0.000, 0.016, 0.000, 0.000, 0.494, 0.000, 0.000, 0.146, -1.152, 0.497, -0.000, 18.78
0, 0, 0.000, 0.017, 0.000, 0.000, 0.535, 0.000, 0.000, 0.139, -1.199, 0.508, -0.000, 18.73
1, 1, 0.000, -0.140, 0.000, 0.000, -4.424, 0.000, 0.000, 2.630, -16.474, -12.709, -31.117, 20.00
1, 1, 0.000, -0.126, 0.000, 0.000, -4.061, 0.000, 0.000, 2.778, -17.097, 0.000, -18.506, 20.00
1, 1, 0.000, -0.115, 0.000, 0.000, -3.784, 0.000, 0.000, 2.895, -17.722, 0.000, -18.726, 20.00
1, 1, 0.000, -0.111, 0.000, 0.000, -3.529, 0.000, 0.000, 2.995, -15.854, 0.000, -16.500, 20.00
1, 1, 0.000, -0.112, 0.000, 0.000, -3.298, 0.000, 0.000, 3.083, -13.398, 0.000, -13.725, 20.00
1, 1, 0.000, -0.113, 0.000, 0.000, -3.089, 0.000, 0.000, 3.163, -10.981, 0.000, -11.019, 20.00
1, 1, 0.000, -0.109, 0.000, 0.000, -2.916, 0.000, 0.000, 3.237, -10.383, 0.000, -10.171, 20.00
1, 1, 0.000, -0.106, 0.000, 0.000, -2.757, 0.000, 0.000, 3.306, -9.787, 0.000, -9.344, 20.00
0, 0, 0.000, -0.070, 0.000, 0.000, -1.760, 0.000, 0.000, 0.872, -0.745, 1.703, 0.000, 19.83
0, 0, 0.000, -0.045, 0.000, 0.000, -1.126, 0.000, 0.000, 0.778, -0.735, 1.128, 0.000, 19.72
0, 0, 0.000, -0.025, 0.000, 0.000, -0.647, 0.000, 0.000, 0.711, -0.778, 0.739, -0.000, 19.64
0, 0, 0.000, -0.024, 0.000, 0.000, -0.649, 0.000, 0.000, 0.659, -0.869, 0.884, -0.000, 19.55
0, 0, 0.000, -0.021, 0.000, 0.000, -0.558, 0.000, 0.000, 0.615, -0.911, 0.875, -0.000, 19.47
0, 0, 0.000, -0.015, 0.000, 0.000, -0.405, 0.000, 0.000, 0.577, -0.954, 0.796, 0.000, 19.39
0, 0, 0.000, -0.009, 0.000, 0.000, -0.248, 0.000, 0.000, 0.543, -0.998, 0.711, 0.000, 19.32
0, 0, 0.000, -0.004, 0.000, 0.000, -0.109, 0.000, 0.000, 0.513, -1.042, 0.642, -0.000, 19.25
0, 0, 0.000, -0.000, 0.000, 0.000, -0.001, 0.000, 0.000, 0.485, -1.037, 0.553, -0.000, 19.20
0, 0, 0.000, 0.003, 0.000, 0.000, 0.091, 0.000, 0.000, 0.459, -1.083, 0.530, -0.000, 19.14
0, 0, 0.000, 0.006, 0.000, 0.000, 0.170, 0.000, 0.000, 0.436, -1.129, 0.518, -0.000, 19.09
0, 0, 0.000, 0.008, 0.000, 0.000, 0.240, 0.000, 0.000, 0.414, -1.175, 0.513, -0.000, 19.04
0, 0, 0.000, 0.010, 0.000, 0.000, 0.304, 0.000, 0.000, 0.393, -1.222, 0.515, -0.000, 18.99
0, 0, 0.000, 0.011, 0.000, 0.000, 0.353, 0.000, 0.000, 0.374, -1.217, 0.479, 0.000, 18.94
0, 0, 0.000, 0.013, 0.000, 0.000, 0.400, 0.000, 0.000, 0.356, -1.264, 0.496, -0.000, 18.89
0, 0, 0.000, 0.014, 0.000, 0.000, 0.447, 0.000, 0.000, 0.339, -1.311, 0.512, 0.000, 18.84
1, 1, 0.000, -0.127, 0.000, 0.000, -4.154, 0.000, 0.000, 2.820, -17.097, -11.592, -30.149, 20.00
1, 1, 0.000, -0.114, 0.000, 0.000, -3.819, 0.000, 0.000, 2.959, -17.722, 0.000, -18.696, 20.00
1, 1, 0.000, -0.106, 0.000, 0.000, -3.556, 0.000, 0.000, 3.067, -17.722, 0.000, -18.317, 20.00
1, 1, 0.000, -0.103, 0.000, 0.000, -3.318, 0.000, 0.000, 3.159, -15.854, 0.000, -16.117, 20.00
1, 1, 0.000, -0.101, 0.000, 0.000, -3.108, 0.000, 0.000, 3.239, -14.009, 0.000, -13.979, 20.00
1, 1, 0.000, -0.099, 0.000, 0.000, -2.925, 0.000, 0.000, 3.312, -12.791, 0.000, -12.502, 20.00
1, 1, 0.000, -0.095, 0.000, 0.000, -2.763, 0.000, 0.000, 3.379, -12.185, 0.000, -11.664, 20.00
1, 1, 0.000, -0.092, 0.000, 0.000, -2.614, 0.000, 0.000, 3.441, -11.582, 0.000, -10.846, 20.00
0, 0, 0.000, -0.066, 0.000, 0.000, -1.844, 0.000, 0.000, 1.001, -0.941, 1.850, -0.000, 19.82
0, 0, 0.000, -0.044, 0.000, 0.000, -1.199, 0.000, 0.000, 0.902, -0.881, 1.222, 0.000, 19.69
0, 0, 0.000, -0.023, 0.000, 0.000, -0.632, 0.000, 0.000, 0.829, -0.924, 0.750, -0.000, 19.62
0, 0, 0.000, -0.022, 0.000, 0.000, -0.615, 0.000, 0.000, 0.771, -0.967, 0.832, 0.000, 19.53
0, 0, 0.000, -0.018, 0.000, 0.000, -0.537, 0.000, 0.000, 0.722, -1.009, 0.842, 0.000, 19.45
0, 0, 0.000, -0.014, 0.000, 0.000, -0.406, 0.000, 0.000, 0.679, -1.003, 0.743, -0.000, 19.38
0, 0, 0.000, -0.009, 0.000, 0.000, -0.265, 0.000, 0.000, 0.641, -1.047, 0.680, -0.000, 19.31
0, 0, 0.000, -0.004, 0.000, 0.000, -0.135, 0.000, 0.000, 0.606, -1.092, 0.626, 0.000, 19.25
0, 0, 0.000, -0.001, 0.000, 0.000, -0.033, 0.000, 0.000, 0.574, -1.087, 0.547, -0.000, 19.19
0, 0, 0.000, 0.002, 0.000, 0.000, 0.056, 0.000, 0.000, 0.544, -1.133, 0.531, 0.000, 19.14
0, 0, 0.000, 0.004, 0.000, 0.000, 0.125, 0.000, 0.000, 0.517, -1.129, 0.483, 0.000, 19.09
0, 0, 0.000, 0.006, 0.000, 0.000, 0.188, 0.000, 0.000, 0.491, -1.175, 0.490, -0.000, 19.04
0, 0, 0.000, 0.008, 0.000, 0.000, 0.237, 0.000, 0.000, 0.467, -1.171, 0.460, -0.000, 18.99
0, 0, 0.000, 0.009, 0.000, 0.000, 0.276, 0.000, 0.000, 0.444, -1.167, 0.439, 0.000, 18.95
0, 0, 0.000, 0.010, 0.000, 0.000, 0.316, 0.000, 0.000, 0.423, -1.214, 0.465, -0.000, 18.90
0, 0, 0.000, 0.011, 0.000, 0.000, 0.349, 0.000, 0.000, 0.402, -1.210, 0.448, -0.000, 18.86
1, 1, 0.000, -0.126, 0.000, 0.000, -4.094, 0.000, 0.000, 2.881, -15.854, -11.407, -28.600, 20.00
1, 1, 0.000, -0.115, 0.000, 0.000, -3.756, 0.000, 0.000, 3.017, -15.854, 0.000, -16.709, 20.00
1, 1, 0.000, -0.107, 0.000, 0.000, -3.497, 0.000, 0.000, 3.122, -15.854, 0.000, -16.336, 20.00
1, 1, 0.000, -0.102, 0.000, 0.000, -3.275, 0.000, 0.000, 3.211, -15.237, 0.000, -15.402, 20.00
1, 1, 0.000, -0.097, 0.000, 0.000, -3.080, 0.000, 0.000, 3.290, -14.621, 0.000, -14.509, 20.00
1, 1, 0.000, -0.093, 0.000, 0.000, -2.905, 0.000, 0.000, 3.361, -14.009, 0.000, -13.646, 20.00
1, 1, 0.000, -0.090, 0.000, 0.000, -2.744, 0.000, 0.000, 3.425, -13.398, 0.000, -12.807, 20.00
1, 1, 0.000, -0.087, 0.000, 0.000, -2.595, 0.000, 0.000, 3.485, -12.791, 0.000, -11.988, 20.00
0, 0, 0.000, -0.068, 0.000, 0.000, -1.936, 0.000, 0.000, 1.043, -0.940, 1.901, -0.000, 19.81
0, 0, 0.000, -0.046, 0.000, 0.000, -1.293, 0.000, 0.000, 0.941, -0.880, 1.277, 0.000, 19.68
0, 0, 0.000, -0.031, 0.000, 0.000, -0.893, 0.000, 0.000, 0.867, -0.921, 0.978, 0.000, 19.58
0, 0, 0.000, -0.027, 0.000, 0.000, -0.785, 0.000, 0.000, 0.807, -0.962, 0.967, -0.000, 19.49
0, 0, 0.000, -0.022, 0.000, 0.000, -0.634, 0.000, 0.000, 0.757, -0.955, 0.854, 0.000, 19.40
0, 0, 0.000, -0.016, 0.000, 0.000, -0.466, 0.000, 0.000, 0.712, -0.998, 0.768, -0.000, 19.33
0, 0, 0.000, -0.011, 0.000, 0.000, -0.319, 0.000, 0.000, 0.672, -0.993, 0.650, -0.000, 19.26
0, 0, 0.000, -0.007, 0.000, 0.000, -0.202, 0.000, 0.000, 0.636, -0.988, 0.561, 0.000, 19.20
0, 0, 0.000, -0.003, 0.000, 0.000, -0.101, 0.000, 0.000, 0.602, -1.033, 0.536, -0.000, 19.15
0, 0, 0.000, -0.001, 0.000, 0.000, -0.023, 0.000, 0.000, 0.571, -1.029, 0.482, -0.000, 19.10
0, 0, 0.000, 0.001, 0.000, 0.000, 0.037, 0.000, 0.000, 0.543, -1.025, 0.444, -0.000, 19.06
0, 0, 0.000, 0.003, 0.000, 0.000, 0.084, 0.000, 0.000, 0.516, -1.022, 0.419, 0.000, 19.02
0, 0, 0.000, 0.004, 0.000, 0.000, 0.132, 0.000, 0.000, 0.490, -1.068, 0.442, 0.000, 18.97
0, 0, 0.000, 0.006, 0.000, 0.000, 0.171, 0.000, 0.000, 0.467, -1.064, 0.422, 0.000, 18.93
0, 0, 0.000, 0.007, 0.000, 0.000, 0.212, 0.000, 0.000, 0.444, -1.111, 0.448, 0.000, 18.89
0, 0, 0.000, 0.008, 0.000, 0.000, 0.246, 0.000, 0.000, 0.423, -1.107, 0.430, -0.000, 18.84
1, 1, 0.000, -0.134, 0.000, 0.000, -4.177, 0.000, 0.000, 2.901, -14.621, -11.578, -27.609, 20.00
1, 1, 0.000, -0.121, 0.000, 0.000, -3.839, 0.000, 0.000, 3.035, -15.237, 0.000, -16.161, 20.00
1, 1, 0.000, -0.114, 0.000, 0.000, -3.568, 0.000, 0.000, 3.140, -14.621, 0.000, -15.163, 20.00
1, 1, 0.000, -0.107, 0.000, 0.000, -3.348, 0.000, 0.000, 3.228, -14.621, 0.000, -14.847, 20.00
1, 1, 0.000, -0.102, 0.000, 0.000, -3.149, 0.000, 0.000, 3.306, -14.009, 0.000, -13.953, 20.00
1, 1, 0.000, -0.097, 0.000, 0.000, -2.970, 0.000, 0.000, 3.376, -13.398, 0.000, -13.089, 20.00
1, 1, 0.000, -0.096, 0.000, 0.000, -2.798, 0.000, 0.000, 3.440, -12.185, 0.000, -11.639, 20.00
1, 1, 0.000, -0.096, 0.000, 0.000, -2.639, 0.000, 0.000, 3.499, -10.981, 0.000, -10.217, 20.00
0, 0, 0.000, -0.073, 0.000, 0.000, -1.957, 0.000, 0.000, 1.056, -0.793, 1.767, -0.000, 19.82
0, 0, 0.000, -0.054, 0.000, 0.000, -1.437, 0.000, 0.000, 0.954, -0.782, 1.319, -0.000, 19.69
0, 0, 0.000, -0.039, 0.000, 0.000, -1.030, 0.000, 0.000, 0.879, -0.774, 0.964, -0.000, 19.59
0, 0, 0.000, -0.032, 0.000, 0.000, -0.873, 0.000, 0.000, 0.819, -0.815, 0.902, -0.000, 19.50
0, 0, 0.000, -0.026, 0.000, 0.000, -0.716, 0.000, 0.000, 0.768, -0.857, 0.831, -0.000, 19.42
0, 0, 0.000, -0.020, 0.000, 0.000, -0.545, 0.000, 0.000, 0.723, -0.901, 0.743, -0.000, 19.35
0, 0, 0.000, -0.014, 0.000, 0.000, -0.398, 0.000, 0.000, 0.682, -0.895, 0.625, 0.000, 19.28
0, 0, 0.000, -0.010, 0.000, 0.000, -0.271, 0.000, 0.000, 0.645, -0.940, 0.575, -0.000, 19.23
0, 0, 0.000, -0.006, 0.000, 0.000, -0.162, 0.000, 0.000, 0.612, -0.985, 0.541, 0.000, 19.17
0, 0, 0.000, -0.002, 0.000, 0.000, -0.068, 0.000, 0.000, 0.580, -1.031, 0.521, -0.000, 19.12
0, 0, 0.000, 0.000, 0.000, 0.000, 0.005, 0.000, 0.000, 0.551, -1.027, 0.471, 0.000, 19.07
0, 0, 0.000, 0.002, 0.000, 0.000, 0.071, 0.000, 0.000, 0.524, -1.073, 0.476, 0.000, 19.03
0, 0, 0.000, 0.004, 0.000, 0.000, 0.132, 0.000, 0.000, 0.498, -1.119, 0.484, -0.000, 18.98
0, 0, 0.000, 0.006, 0.000, 0.000, 0.201, 0.000, 0.000, 0.474, -1.216, 0.534, -0.000, 18.92
0, 0, 0.000, 0.008, 0.000, 0.000, 0.266, 0.000, 0.000, 0.451, -1.262, 0.536, -0.000, 18.87
0, 0, 0.000, 0.010, 0.000, 0.000, 0.327, 0.000, 0.000, 0.430, -1.309, 0.542, -0.000, 18.82
1, 1, 0.000, -0.126, 0.000, 0.000, -4.189, 0.000, 0.000, 2.907, -17.722, -11.833, -30.962, 20.00
1, 1, 0.000, -0.113, 0.000, 0.000, -3.849, 0.000, 0.000, 3.041, -18.350, 0.000, -19.271, 20.00
1, 1, 0.000, -0.105, 0.000, 0.000, -3.583, 0.000, 0.000, 3.146, -18.350, 0.000, -18.892, 20.00
1, 1, 0.000, -0.099, 0.000, 0.000, -3.356, 0.000, 0.000, 3.234, -17.722, 0.000, -17.943, 20.00
1, 1, 0.000, -0.095, 0.000, 0.000, -3.151, 0.000, 0.000, 3.311, -16.474, 0.000, -16.409, 20.00
1, 1, 0.000, -0.091, 0.000, 0.000, -2.971, 0.000, 0.000, 3.381, -15.854, 0.000, -15.536, 20.00
1, 1, 0.000, -0.086, 0.000, 0.000, -2.814, 0.000, 0.000, 3.445, -15.854, 0.000, -15.309, 20.00
1, 1, 0.000, -0.081, 0.000, 0.000, -2.668, 0.000, 0.000, 3.504, -15.854, 0.000, -15.100, 20.00
0, 0, 0.000, -0.065, 0.000, 0.000, -2.132, 0.000, 0.000, 1.061, -1.289, 2.425, 0.000, 19.76
0, 0, 0.000, -0.046, 0.000, 0.000, -1.492, 0.000, 0.000, 0.958, -1.222, 1.802, -0.000, 19.58
0, 0, 0.000, -0.032, 0.000, 0.000, -1.046, 0.000, 0.000, 0.883, -1.260, 1.455, -0.000, 19.43
0, 0, 0.000, -0.022, 0.000, 0.000, -0.722, 0.000, 0.000, 0.823, -1.301, 1.222, 0.000, 19.31
0, 0, 0.000, -0.014, 0.000, 0.000, -0.464, 0.000, 0.000, 0.772, -1.292, 0.998, 0.000, 19.21
0, 0, 0.000, -0.007, 0.000, 0.000, -0.256, 0.000, 0.000, 0.726, -1.336, 0.873, 0.000, 19.12
0, 0, 0.000, -0.003, 0.000, 0.000, -0.096, 0.000, 0.000, 0.686, -1.329, 0.743, 0.000, 19.05
0, 0, 0.000, 0.001, 0.000, 0.000, 0.033, 0.000, 0.000, 0.649, -1.374, 0.692, 0.000, 18.98
0, 0, 0.000, 0.004, 0.000, 0.000, 0.130, 0.000, 0.000, 0.614, -1.369, 0.621, -0.000, 18.92
0, 0, 0.000, 0.006, 0.000, 0.000, 0.214, 0.000, 0.000, 0.583, -1.415, 0.613, 0.000, 18.86
0, 0, 0.000, 0.008, 0.000, 0.000, 0.278, 0.000, 0.000, 0.554, -1.410, 0.571, 0.000, 18.80
0, 0, 0.000, 0.009, 0.000, 0.000, 0.338, 0.000, 0.000, 0.526, -1.457, 0.583, -0.000, 18.74
0, 0, 0.000, 0.011, 0.000, 0.000, 0.386, 0.000, 0.000, 0.501, -1.452, 0.555, 0.000, 18.68
0, 0, 0.000, 0.011, 0.000, 0.000, 0.423, 0.000, 0.000, 0.476, -1.447, 0.536, -0.000, 18.63
0, 0, 0.000, 0.012, 0.000, 0.000, 0.464, 0.000, 0.000, 0.453, -1.494, 0.565, -0.000, 18.57
0, 0, 0.000, 0.013, 0.000, 0.000, 0.497, 0.000, 0.000, 0.432, -1.489, 0.548, 0.000, 18.52
1, 1, 0.000, -0.135, 0.000, 0.000, -5.106, 0.000, 0.000, 2.909, -19.612, -14.800, -36.744, 20.00
1, 1, 0.000, -0.122, 0.000, 0.000, -4.682, 0.000, 0.000, 3.043, -20.248, 0.000, -22.008, 20.00
1, 1, 0.000, -0.114, 0.000, 0.000, -4.347, 0.000, 0.000, 3.148, -19.612, 0.000, -20.925, 20.00
1, 1, 0.000, -0.110, 0.000, 0.000, -4.056, 0.000, 0.000, 3.236, -17.722, 0.000, -18.652, 20.00
1, 1, 0.000, -0.110, 0.000, 0.000, -3.794, 0.000, 0.000, 3.313, -15.237, 0.000, -15.827, 20.00
1, 1, 0.000, -0.109, 0.000, 0.000, -3.563, 0.000, 0.000, 3.383, -13.398, 0.000, -13.688, 20.00
1, 1, 0.000, -0.104, 0.000, 0.000, -3.366, 0.000, 0.000, 3.446, -12.791, 0.000, -12.815, 20.00
1, 1, 0.000, -0.102, 0.000, 0.000, -3.183, 0.000, 0.000, 3.505, -12.185, 0.000, -11.965, 20.00
0, 0, 0.000, -0.072, 0.000, 0.000, -2.225, 0.000, 0.000, 1.062, -0.987, 2.222, -0.000, 19.78
0, 0, 0.000, -0.048, 0.000, 0.000, -1.440, 0.000, 0.000, 0.960, -0.925, 1.454, 0.000, 19.63
0, 0, 0.000, -0.025, 0.000, 0.000, -0.764, 0.000, 0.000, 0.884, -0.967, 0.872, 0.000, 19.55
0, 0, 0.000, -0.025, 0.000, 0.000, -0.790, 0.000, 0.000, 0.824, -1.009, 1.000, 0.000, 19.45
0, 0, 0.000, -0.021, 0.000, 0.000, -0.685, 0.000, 0.000, 0.773, -1.100, 1.034, 0.000, 19.34
0, 0, 0.000, -0.016, 0.000, 0.000, -0.518, 0.000, 0.000, 0.727, -1.092, 0.899, 0.000, 19.25
0, 0, 0.000, -0.011, 0.000, 0.000, -0.344, 0.000, 0.000, 0.687, -1.136, 0.803, 0.000, 19.17
0, 0, 0.000, -0.006, 0.000, 0.000, -0.188, 0.000, 0.000, 0.650, -1.180, 0.725, -0.000, 19.10
0, 0, 0.000, -0.002, 0.000, 0.000, -0.056, 0.000, 0.000, 0.615, -1.225, 0.668, 0.000, 19.03
0, 0, 0.000, 0.002, 0.000, 0.000, 0.055, 0.000, 0.000, 0.584, -1.271, 0.630, 0.000, 18.97
0, 0, 0.000, 0.004, 0.000, 0.000, 0.151, 0.000, 0.000, 0.555, -1.317, 0.607, -0.000, 18.91
0, 0, 0.000, 0.007, 0.000, 0.000, 0.234, 0.000, 0.000, 0.527, -1.363, 0.596, 0.000, 18.85
0, 0, 0.000, 0.008, 0.000, 0.000, 0.297, 0.000, 0.000, 0.501, -1.358, 0.551, 0.000, 18.79
0, 0, 0.000, 0.010, 0.000, 0.000, 0.356, 0.000, 0.000, 0.477, -1.405, 0.562, 0.000, 18.74
0, 0, 0.000, 0.011, 0.000, 0.000, 0.413, 0.000, 0.000, 0.454, -1.452, 0.574, 0.000, 18.68
0, 0, 0.000, 0.013, 0.000, 0.000, 0.467, 0.000, 0.000, 0.432, -1.498, 0.586, 0.000, 18.62
1, 1, 0.000, -0.131, 0.000, 0.000, -4.952, 0.000, 0.000, 0.412, -1.673, -13.782, -20.125, 20.00
1, 1, 0.000, -0.118, 0.000, 0.000, -4.545, 0.000, 0.000, 0.393, -1.725, 0.000, -5.996, 20.00
1, 1, 0.000, -0.110, 0.000, 0.000, -4.230, 0.000, 0.000, 0.374, -1.673, 0.000, -5.639, 20.00
1, 1, 0.000, -0.106, 0.000, 0.000, -3.966, 0.000, 0.000, 0.357, -1.568, 0.000, -5.283, 20.00
1, 1, 0.000, -0.104, 0.000, 0.000, -3.628, 0.000, 0.000, 0.340, -1.310, 0.000, -4.702, 20.00
1, 1, 0.000, -0.101, 0.000, 0.000, -3.286, 0.000, 0.000, 0.324, -1.107, 0.000, -4.170, 20.00
1, 1, 0.000, -0.096, 0.000, 0.000, -2.933, 0.000, 0.000, 0.309, -0.957, 0.000, -3.676, 20.00
1, 1, 0.000, -0.075, 0.000, 0.000, -2.196, 0.000, 0.000, 0.295, -0.858, 0.000, -2.834, 20.00
0, 0, 0.000, -0.045, 0.000, 0.000, -1.317, 0.000, 0.000, 0.282, -0.841, 1.922, -0.000, 19.81
0, 0, 0.000, -0.027, 0.000, 0.000, -0.789, 0.000, 0.000, 0.269, -0.829, 1.378, 0.000, 19.67
0, 0, 0.000, -0.012, 0.000, 0.000, -0.366, 0.000, 0.000, 0.256, -0.919, 1.042, 0.000, 19.57
0, 0, 0.000, -0.010, 0.000, 0.000, -0.307, 0.000, 0.000, 0.244, -1.010, 1.082, -0.000, 19.46
0, 0, 0.000, -0.006, 0.000, 0.000, -0.192, 0.000, 0.000, 0.233, -1.051, 1.016, 0.000, 19.36
0, 0, 0.000, -0.001, 0.000, 0.000, -0.034, 0.000, 0.000, 0.222, -1.094, 0.906, 0.000, 19.27
0, 0, 0.000, 0.004, 0.000, 0.000, 0.124, 0.000, 0.000, 0.212, -1.137, 0.798, -0.000, 19.19
0, 0, 0.000, 0.008, 0.000, 0.000, 0.259, 0.000, 0.000, 0.202, -1.182, 0.712, 0.000, 19.11
0, 0, 0.000, 0.011, 0.000, 0.000, 0.371, 0.000, 0.000, 0.193, -1.227, 0.652, 0.000, 19.05
0, 0, 0.000, 0.014, 0.000, 0.000, 0.462, 0.000, 0.000, 0.184, -1.272, 0.613, -0.000, 18.99
0, 0, 0.000, 0.016, 0.000, 0.000, 0.538, 0.000, 0.000, 0.176, -1.319, 0.590, -0.000, 18.93
0, 0, 0.000, 0.017, 0.000, 0.000, 0.602, 0.000, 0.000, 0.168, -1.365, 0.578, 0.000, 18.87
0, 0, 0.000, 0.019, 0.000, 0.000, 0.659, 0.000, 0.000, 0.160, -1.412, 0.574, 0.000, 18.81
0, 0, 0.000, 0.020, 0.000, 0.000, 0.710, 0.000, 0.000, 0.152, -1.458, 0.576, -0.000, 18.76
0, 0, 0.000, 0.021, 0.000, 0.000, 0.757, 0.000, 0.000, 0.145, -1.505, 0.582, -0.000, 18.70
0, 0, 0.000, 0.021, 0.000, 0.000, 0.801, 0.000, 0.000, 0.139, -1.552, 0.591, -0.000, 18.64
1, 1, 0.000, -0.126, 0.000, 0.000, -4.878, 0.000, 0.000, 2.630, -21.526, -13.612, -37.512, 20.00
1, 1, 0.000, -0.114, 0.000, 0.000, -4.482, 0.000, 0.000, 2.778, -22.169, 0.000, -23.988, 20.00
1, 1, 0.000, -0.105, 0.000, 0.000, -4.174, 0.000, 0.000, 2.895, -22.169, 0.000, -23.553, 20.00
1, 1, 0.000, -0.099, 0.000, 0.000, -3.910, 0.000, 0.000, 2.994, -21.526, 0.000, -22.541, 20.00
1, 1, 0.000, -0.096, 0.000, 0.000, -3.673, 0.000, 0.000, 3.083, -20.248, 0.000, -20.933, 20.00
1, 1, 0.000, -0.094, 0.000, 0.000, -3.452, 0.000, 0.000, 3.163, -18.350, 0.000, -18.733, 20.00
1, 1, 0.000, -0.092, 0.000, 0.000, -3.256, 0.000, 0.000, 3.237, -17.097, 0.000, -17.208, 20.00
1, 1, 0.000, -0.073, 0.000, 0.000, -2.500, 0.000, 0.000, 3.306, -15.854, 0.000, -15.122, 20.00
0, 0, 0.000, -0.041, 0.000, 0.000, -1.367, 0.000, 0.000, 0.872, -1.243, 1.779, -0.000, 19.82
0, 0, 0.000, -0.024, 0.000, 0.000, -0.817, 0.000, 0.000, 0.778, -1.232, 1.295, -0.000, 19.69
0, 0, 0.000, -0.010, 0.000, 0.000, -0.334, 0.000, 0.000, 0.711, -1.225, 0.857, 0.000, 19.61
0, 0, 0.000, -0.012, 0.000, 0.000, -0.410, 0.000, 0.000, 0.659, -1.317, 1.080, 0.000, 19.50
0, 0, 0.000, -0.010, 0.000, 0.000, -0.347, 0.000, 0.000, 0.615, -1.359, 1.101, 0.000, 19.39
0, 0, 0.000, -0.005, 0.000, 0.000, -0.190, 0.000, 0.000, 0.577, -1.401, 1.020, 0.000, 19.29
0, 0, 0.000, -0.000, 0.000, 0.000, -0.013, 0.000, 0.000, 0.543, -1.445, 0.915, -0.000, 19.20
0, 0, 0.000, 0.004, 0.000, 0.000, 0.139, 0.000, 0.000, 0.513, -1.438, 0.783, 0.000, 19.12
0, 0, 0.000, 0.007, 0.000, 0.000, 0.267, 0.000, 0.000, 0.485, -1.484, 0.725, 0.000, 19.04
0, 0, 0.000, 0.010, 0.000, 0.000, 0.374, 0.000, 0.000, 0.459, -1.530, 0.686, 0.000, 18.98
0, 0, 0.000, 0.012, 0.000, 0.000, 0.466, 0.000, 0.000, 0.436, -1.576, 0.663, 0.000, 18.91
0, 0, 0.000, 0.014, 0.000, 0.000, 0.534, 0.000, 0.000, 0.414, -1.571, 0.609, 0.000, 18.85
0, 0, 0.000, 0.015, 0.000, 0.000, 0.584, 0.000, 0.000, 0.393, -1.566, 0.573, 0.000, 18.79
0, 0, 0.000, 0.016, 0.000, 0.000, 0.622, 0.000, 0.000, 0.374, -1.561, 0.549, 0.000, 18.74
0, 0, 0.000, 0.016, 0.000, 0.000, 0.650, 0.000, 0.000, 0.356, -1.556, 0.533, 0.000, 18.68
0, 0, 0.000, 0.017, 0.000, 0.000, 0.672, 0.000, 0.000, 0.339, -1.552, 0.524, 0.000, 18.63
1, 1, 0.000, -0.122, 0.000, 0.000, -4.842, 0.000, 0.000, 2.820, -20.248, -13.692, -36.083, 20.00
1, 1, 0.000, -0.111, 0.000, 0.000, -4.440, 0.000, 0.000, 2.959, -20.248, 0.000, -21.840, 20.00
1, 1, 0.000, -0.104, 0.000, 0.000, -4.125, 0.000, 0.000, 3.067, -19.612, 0.000, -20.775, 20.00
1, 1, 0.000, -0.100, 0.000, 0.000, -3.857, 0.000, 0.000, 3.159, -18.350, 0.000, -19.148, 20.00
1, 1, 0.000, -0.100, 0.000, 0.000, -3.592, 0.000, 0.000, 3.239, -15.237, 0.000, -15.690, 20.00
1, 1, 0.000, -0.095, 0.000, 0.000, -3.122, 0.000, 0.000, 3.312, -12.185, 0.000, -12.090, 20.00
1, 1, 0.000, -0.089, 0.000, 0.000, -2.722, 0.000, 0.000, 3.379, -10.383, 0.000, -9.814, 20.00
1, 1, 0.000, -0.050, 0.000, 0.000, -1.430, 0.000, 0.000, 3.441, -8.602, 0.000, -6.641, 20.00
0, 0, 0.000, -0.029, 0.000, 0.000, -0.790, 0.000, 0.000, 1.001, -0.658, 0.475, -0.000, 19.95
0, 0, 0.000, -0.021, 0.000, 0.000, -0.567, 0.000, 0.000, 0.902, -0.607, 0.294, -0.000, 19.92
0, 0, 0.000, -0.019, 0.000, 0.000, -0.533, 0.000, 0.000, 0.829, -0.700, 0.424, -0.000, 19.88
0, 0, 0.000, -0.028, 0.000, 0.000, -0.801, 0.000, 0.000, 0.771, -0.840, 0.897, -0.000, 19.79
0, 0, 0.000, -0.026, 0.000, 0.000, -0.771, 0.000, 0.000, 0.722, -0.881, 0.956, -0.000, 19.70
0, 0, 0.000, -0.021, 0.000, 0.000, -0.630, 0.000, 0.000, 0.679, -0.874, 0.846, -0.000, 19.61
0, 0, 0.000, -0.015, 0.000, 0.000, -0.458, 0.000, 0.000, 0.641, -0.917, 0.749, -0.000, 19.54
0, 0, 0.000, -0.010, 0.000, 0.000, -0.306, 0.000, 0.000, 0.606, -0.912, 0.622, -0.000, 19.47
0, 0, 0.000, -0.006, 0.000, 0.000, -0.184, 0.000, 0.000, 0.574, -0.907, 0.524, -0.000, 19.42
0, 0, 0.000, -0.003, 0.000, 0.000, -0.091, 0.000, 0.000, 0.544, -0.903, 0.453, 0.000, 19.38
0, 0, 0.000, -0.000, 0.000, 0.000, -0.011, 0.000, 0.000, 0.517, -0.949, 0.443, -0.000, 19.33
0, 0, 0.000, 0.002, 0.000, 0.000, 0.052, 0.000, 0.000, 0.491, -0.946, 0.401, -0.000, 19.29
0, 0, 0.000, 0.003, 0.000, 0.000, 0.100, 0.000, 0.000, 0.467, -0.942, 0.372, 0.000, 19.25
0, 0, 0.000, 0.005, 0.000, 0.000, 0.148, 0.000, 0.000, 0.444, -0.989, 0.392, 0.000, 19.22
0, 0, 0.000, 0.006, 0.000, 0.000, 0.187, 0.000, 0.000, 0.423, -0.986, 0.370, 0.000, 19.18
0, 0, 0.000, 0.007, 0.000, 0.000, 0.218, 0.000, 0.000, 0.402, -0.983, 0.355, 0.000, 19.14
1, 1, 0.000, -0.111, 0.000, 0.000, -3.365, 0.000, 0.000, 2.881, -13.398, -8.573, -22.566, 20.00
1, 1, 0.000, -0.102, 0.000, 0.000, -3.099, 0.000, 0.000, 3.017, -13.398, 0.000, -13.583, 20.00
1, 1, 0.000, -0.095, 0.000, 0.000, -2.892, 0.000, 0.000, 3.122, -13.398, 0.000, -13.263, 20.00
1, 1, 0.000, -0.092, 0.000, 0.000, -2.706, 0.000, 0.000, 3.211, -12.185, 0.000, -11.772, 20.00
1, 1, 0.000, -0.088, 0.000, 0.000, -2.432, 0.000, 0.000, 3.290, -10.383, 0.000, -9.614, 20.00
1, 1, 0.000, -0.083, 0.000, 0.000, -2.087, 0.000, 0.000, 3.361, -8.013, 0.000, -6.822, 20.00
1, 1, 0.000, -0.081, 0.000, 0.000, -1.968, 0.000, 0.000, 3.425, -7.426, 0.000, -6.049, 20.00
1, 1, 0.000, -0.080, 0.000, 0.000, -1.951, 0.000, 0.000, 3.485, -7.426, 0.000, -5.972, 20.00
0, 0, 0.000, -0.062, 0.000, 0.000, -1.477, 0.000, 0.000, 1.043, -0.604, 1.100, -0.000, 19.89
0, 0, 0.000, -0.047, 0.000, 0.000, -1.103, 0.000, 0.000, 0.941, -0.597, 0.806, -0.000, 19.81
0, 0, 0.000, -0.036, 0.000, 0.000, -0.869, 0.000, 0.000, 0.867, -0.640, 0.679, -0.000, 19.74
0, 0, 0.000, -0.030, 0.000, 0.000, -0.724, 0.000, 0.000, 0.807, -0.683, 0.629, 0.000, 19.68
0, 0, 0.000, -0.024, 0.000, 0.000, -0.603, 0.000, 0.000, 0.757, -0.727, 0.597, 0.000, 19.62
0, 0, 0.000, -0.019, 0.000, 0.000, -0.476, 0.000, 0.000, 0.712, -0.771, 0.554, 0.000, 19.56
0, 0, 0.000, -0.014, 0.000, 0.000, -0.363, 0.000, 0.000, 0.672, -0.767, 0.472, 0.000, 19.52
0, 0, 0.000, -0.011, 0.000, 0.000, -0.271, 0.000, 0.000, 0.636, -0.764, 0.409, -0.000, 19.48
0, 0, 0.000, -0.007, 0.000, 0.000, -0.188, 0.000, 0.000, 0.602, -0.809, 0.403, -0.000, 19.44
0, 0, 0.000, -0.005, 0.000, 0.000, -0.123, 0.000, 0.000, 0.571, -0.806, 0.362, 0.000, 19.40
0, 0, 0.000, -0.002, 0.000, 0.000, -0.062, 0.000, 0.000, 0.543, -0.852, 0.374, 0.000, 19.36
0, 0, 0.000, -0.000, 0.000, 0.000, -0.012, 0.000, 0.000, 0.516, -0.849, 0.346, -0.000, 19.33
0, 0, 0.000, 0.001, 0.000, 0.000, 0.027, 0.000, 0.000, 0.490, -0.847, 0.328, -0.000, 19.29
0, 0, 0.000, 0.002, 0.000, 0.000, 0.059, 0.000, 0.000, 0.467, -0.844, 0.315, 0.000, 19.26
0, 0, 0.000, 0.004, 0.000, 0.000, 0.096, 0.000, 0.000, 0.444, -0.890, 0.347, -0.000, 19.23
0, 0, 0.000, 0.005, 0.000, 0.000, 0.126, 0.000, 0.000, 0.423, -0.887, 0.333, 0.000, 19.19
1, 1, 0.000, -0.113, 0.000, 0.000, -2.980, 0.000, 0.000, 2.901, -11.582, -8.056, -19.830, 20.00
1, 1, 0.000, -0.102, 0.000, 0.000, -2.745, 0.000, 0.000, 3.035, -12.185, 0.000, -11.997, 20.00
1, 1, 0.000, -0.096, 0.000, 0.000, -2.552, 0.000, 0.000, 3.140, -11.582, 0.000, -11.090, 20.00
1, 1, 0.000, -0.094, 0.000, 0.000, -2.345, 0.000, 0.000, 3.228, -9.787, 0.000, -8.998, 20.00
1, 1, 0.000, -0.088, 0.000, 0.000, -2.042, 0.000, 0.000, 3.306, -8.013, 0.000, -6.837, 20.00
1, 1, 0.000, -0.081, 0.000, 0.000, -1.718, 0.000, 0.000, 3.376, -6.259, 0.000, -4.683, 20.00
1, 1, 0.000, -0.077, 0.000, 0.000, -1.524, 0.000, 0.000, 3.440, -5.101, 0.000, -3.263, 20.00
1, 1, 0.000, -0.072, 0.000, 0.000, -1.373, 0.000, 0.000, 3.499, -4.526, 0.000, -2.471, 20.00
0, 0, 0.000, -0.062, 0.000, 0.000, -1.203, 0.000, 0.000, 1.056, -0.416, 0.625, -0.000, 19.94
0, 0, 0.000, -0.052, 0.000, 0.000, -0.999, 0.000, 0.000, 0.954, -0.412, 0.508, -0.000, 19.89
0, 0, 0.000, -0.044, 0.000, 0.000, -0.873, 0.000, 0.000, 0.879, -0.503, 0.541, 0.000, 19.83
0, 0, 0.000, -0.038, 0.000, 0.000, -0.795, 0.000, 0.000, 0.819, -0.594, 0.608, -0.000, 19.77
0, 0, 0.000, -0.031, 0.000, 0.000, -0.661, 0.000, 0.000, 0.768, -0.638, 0.562, 0.000, 19.72
0, 0, 0.000, -0.025, 0.000, 0.000, -0.540, 0.000, 0.000, 0.723, -0.634, 0.476, 0.000, 19.67
0, 0, 0.000, -0.020, 0.000, 0.000, -0.426, 0.000, 0.000, 0.682, -0.679, 0.442, 0.000, 19.62
0, 0, 0.000, -0.015, 0.000, 0.000, -0.333, 0.000, 0.000, 0.645, -0.675, 0.378, -0.000, 19.59
0, 0, 0.000, -0.011, 0.000, 0.000, -0.251, 0.000, 0.000, 0.612, -0.721, 0.371, -0.000, 19.55
0, 0, 0.000, -0.008, 0.000, 0.000, -0.185, 0.000, 0.000, 0.580, -0.718, 0.331, -0.000, 19.52
0, 0, 0.000, -0.006, 0.000, 0.000, -0.133, 0.000, 0.000, 0.551, -0.716, 0.303, -0.000, 19.49
0, 0, 0.000, -0.004, 0.000, 0.000, -0.082, 0.000, 0.000, 0.524, -0.762, 0.324, -0.000, 19.45
0, 0, 0.000, -0.001, 0.000, 0.000, -0.031, 0.000, 0.000, 0.498, -0.808, 0.342, 0.000, 19.42
0, 0, 0.000, 0.001, 0.000, 0.000, 0.021, 0.000, 0.000, 0.474, -0.854, 0.359, -0.000, 19.38
0, 0, 0.000, 0.003, 0.000, 0.000, 0.062, 0.000, 0.000, 0.451, -0.851, 0.335, 0.000, 19.35
0, 0, 0.000, 0.004, 0.000, 0.000, 0.106, 0.000, 0.000, 0.430, -0.898, 0.358, -0.000, 19.31
1, 1, 0.000, -0.098, 0.000, 0.000, -2.471, 0.000, 0.000, 2.907, -12.185, -6.863, -18.711, 20.00
1, 1, 0.000, -0.090, 0.000, 0.000, -2.271, 0.000, 0.000, 3.041, -12.185, 0.000, -11.504, 20.00
1, 1, 0.000, -0.083, 0.000, 0.000, -2.116, 0.000, 0.000, 3.146, -12.185, 0.000, -11.238, 20.00
1, 1, 0.000, -0.080, 0.000, 0.000, -1.975, 0.000, 0.000, 3.234, -10.981, 0.000, -9.802, 20.00
1, 1, 0.000, -0.079, 0.000, 0.000, -1.849, 0.000, 0.000, 3.311, -9.787, 0.000, -8.404, 20.00
1, 1, 0.000, -0.078, 0.000, 0.000, -1.646, 0.000, 0.000, 3.381, -7.426, 0.000, -5.769, 20.00
1, 1, 0.000, -0.067, 0.000, 0.000, -1.273, 0.000, 0.000, 3.445, -5.679, 0.000, -3.575, 20.00
1, 1, 0.000, -0.002, 0.000, 0.000, -0.036, 0.000, 0.000, 3.504, -3.952, 0.000, -0.486, 20.00
0, 0, 0.000, -0.004, 0.000, 0.000, -0.055, 0.000, 0.000, 1.061, -0.239, -0.763, -0.000, 20.08
0, 0, 0.000, -0.018, 0.000, 0.000, -0.268, 0.000, 0.000, 0.958, -0.196, -0.477, -0.000, 20.12
0, 0, 0.000, -0.023, 0.000, 0.000, -0.353, 0.000, 0.000, 0.883, -0.245, -0.262, 0.000, 20.15
0, 0, 0.000, -0.045, 0.000, 0.000, -0.740, 0.000, 0.000, 0.823, -0.337, 0.299, -0.000, 20.12
0, 0, 0.000, -0.048, 0.000, 0.000, -0.837, 0.000, 0.000, 0.772, -0.427, 0.541, -0.000, 20.07
0, 0, 0.000, -0.044, 0.000, 0.000, -0.774, 0.000, 0.000, 0.726, -0.470, 0.561, 0.000, 20.01
0, 0, 0.000, -0.036, 0.000, 0.000, -0.651, 0.000, 0.000, 0.686, -0.514, 0.515, -0.000, 19.96
0, 0, 0.000, -0.028, 0.000, 0.000, -0.523, 0.000, 0.000, 0.649, -0.558, 0.460, 0.000, 19.91
0, 0, 0.000, -0.021, 0.000, 0.000, -0.405, 0.000, 0.000, 0.614, -0.603, 0.415, -0.000, 19.87
0, 0, 0.000, -0.016, 0.000, 0.000, -0.303, 0.000, 0.000, 0.583, -0.648, 0.383, 0.000, 19.83
0, 0, 0.000, -0.011, 0.000, 0.000, -0.214, 0.000, 0.000, 0.554, -0.693, 0.364, -0.000, 19.80
0, 0, 0.000, -0.007, 0.000, 0.000, -0.135, 0.000, 0.000, 0.526, -0.739, 0.354, -0.000, 19.76
0, 0, 0.000, -0.003, 0.000, 0.000, -0.064, 0.000, 0.000, 0.501, -0.785, 0.352, -0.000, 19.73
0, 0, 0.000, 0.000, 0.000, 0.000, 0.010, 0.000, 0.000, 0.476, -0.880, 0.394, 0.000, 19.69
0, 0, 0.000, 0.003, 0.000, 0.000, 0.078, 0.000, 0.000, 0.453, -0.926, 0.392, 0.000, 19.65
0, 0, 0.000, 0.006, 0.000, 0.000, 0.141, 0.000, 0.000, 0.432, -0.973, 0.394, 0.000, 19.61
1, 1, 0.000, -0.050, 0.000, 0.000, -1.244, 0.000, 0.000, 2.909, -13.398, -3.922, -15.706, 20.00
1, 1, 0.000, -0.045, 0.000, 0.000, -1.148, 0.000, 0.000, 3.043, -14.009, 0.000, -12.159, 20.00
1, 1, 0.000, -0.042, 0.000, 0.000, -1.070, 0.000, 0.000, 3.148, -14.009, 0.000, -11.973, 20.00
1, 1, 0.000, -0.036, 0.000, 0.000, -0.885, 0.000, 0.000, 3.236, -12.185, 0.000, -9.870, 20.00
1, 1, 0.000, -0.028, 0.000, 0.000, -0.634, 0.000, 0.000, 3.313, -10.383, 0.000, -7.732, 20.00
1, 1, 0.000, -0.017, 0.000, 0.000, -0.347, 0.000, 0.000, 3.383, -8.013, 0.000, -4.994, 20.00
1, 1, 0.000, -0.004, 0.000, 0.000, -0.083, 0.000, 0.000, 3.446, -6.259, 0.000, -2.901, 20.00
1, 1, 0.000, 0.023, 0.000, 0.000, 0.421, 0.000, 0.000, 3.505, -5.679, 0.000, -1.730, 20.00
0, 0, 0.000, 0.001, 0.000, 0.000, 0.012, 0.000, 0.000, 1.062, -0.427, -0.648, -0.000, 20.06
0, 0, 0.000, -0.007, 0.000, 0.000, -0.120, 0.000, 0.000, 0.960, -0.478, -0.355, 0.000, 20.10
0, 0, 0.000, 0.001, 0.000, 0.000, 0.010, 0.000, 0.000, 0.884, -0.481, -0.414, -0.000, 20.14
0, 0, 0.000, -0.020, 0.000, 0.000, -0.378, 0.000, 0.000, 0.824, -0.576, 0.150, 0.000, 20.13
0, 0, 0.000, -0.026, 0.000, 0.000, -0.510, 0.000, 0.000, 0.773, -0.669, 0.432, 0.000, 20.08
0, 0, 0.000, -0.024, 0.000, 0.000, -0.489, 0.000, 0.000, 0.727, -0.665, 0.452, -0.000, 20.04
0, 0, 0.000, -0.020, 0.000, 0.000, -0.405, 0.000, 0.000, 0.687, -0.710, 0.449, 0.000, 19.99
0, 0, 0.000, -0.015, 0.000, 0.000, -0.307, 0.000, 0.000, 0.650, -0.755, 0.427, 0.000, 19.95
0, 0, 0.000, -0.010, 0.000, 0.000, -0.211, 0.000, 0.000, 0.615, -0.801, 0.406, -0.000, 19.91
0, 0, 0.000, -0.006, 0.000, 0.000, -0.133, 0.000, 0.000, 0.584, -0.798, 0.353, -0.000, 19.87
0, 0, 0.000, -0.003, 0.000, 0.000, -0.062, 0.000, 0.000, 0.555, -0.844, 0.354, 0.000, 19.84
0, 0, 0.000, 0.000, 0.000, 0.000, 0.004, 0.000, 0.000, 0.527, -0.890, 0.359, 0.000, 19.80
0, 0, 0.000, 0.002, 0.000, 0.000, 0.056, 0.000, 0.000, 0.501, -0.888, 0.327, 0.000, 19.77
0, 0, 0.000, 0.005, 0.000, 0.000, 0.107, 0.000, 0.000, 0.477, -0.934, 0.345, -0.000, 19.74
0, 0, 0.000, 0.006, 0.000, 0.000, 0.148, 0.000, 0.000, 0.454, -0.931, 0.323, 0.000, 19.70
0, 0, 0.000, 0.008, 0.000, 0.000, 0.190, 0.000, 0.000, 0.432, -0.978, 0.348, -0.000, 19.67
1, 1, 0.000, -0.029, 0.000, 0.000, -0.720, 0.000, 0.000, 0.412, -1.007, -3.307, -4.651, 20.00
1, 1, 0.000, -0.027, 0.000, 0.000, -0.667, 0.000, 0.000, 0.393, -1.007, 0.000, -1.308, 20.00
1, 1, 0.000, -0.025, 0.000, 0.000, -0.634, 0.000, 0.000, 0.374, -1.007, 0.000, -1.292, 20.00
1, 1, 0.000, -0.012, 0.000, 0.000, -0.282, 0.000, 0.000, 0.357, -0.858, 0.000, -0.795, 20.00
1, 1, 0.000, 0.009, 0.000, 0.000, 0.182, 0.000, 0.000, 0.340, -0.662, 0.000, -0.131, 20.00
1, 0, 0.000, 0.016, 0.000, 0.000, 0.304, 0.000, 0.000, 0.324, -0.518, -0.125, 0.000, 20.01
1, 0, 0.000, 0.016, 0.000, 0.000, 0.289, 0.000, 0.000, 0.309, -0.377, -0.238, 0.000, 20.04
1, 0, 0.000, 0.034, 0.000, 0.000, 0.555, 0.000, 0.000, 0.295, -0.287, -0.597, -0.000, 20.10
0, 0, 0.000, 0.030, 0.000, 0.000, 0.462, 0.000, 0.000, 0.282, -0.245, -0.529, 0.000, 20.15
0, 0, 0.000, 0.019, 0.000, 0.000, 0.291, 0.000, 0.000, 0.269, -0.248, -0.332, 0.000, 20.18
0, 0, 0.000, 0.016, 0.000, 0.000, 0.250, 0.000, 0.000, 0.256, -0.297, -0.226, 0.000, 20.20
0, 0, 0.000, 0.015, 0.000, 0.000, 0.243, 0.000, 0.000, 0.244, -0.392, -0.110, 0.000, 20.22
0, 0, 0.000, -0.007, 0.000, 0.000, -0.113, 0.000, 0.000, 0.233, -0.437, 0.324, 0.000, 20.18
0, 0, 0.000, -0.010, 0.000, 0.000, -0.178, 0.000, 0.000, 0.222, -0.481, 0.447, -0.000, 20.14
0, 0, 0.000, -0.007, 0.000, 0.000, -0.129, 0.000, 0.000, 0.212, -0.525, 0.449, 0.000, 20.09
0, 0, 0.000, -0.003, 0.000, 0.000, -0.056, 0.000, 0.000, 0.202, -0.522, 0.378, -0.000, 20.06
0, 0, 0.000, 0.001, 0.000, 0.000, 0.020, 0.000, 0.000, 0.193, -0.567, 0.353, 0.000, 20.02
0, 0, 0.000, 0.005, 0.000, 0.000, 0.090, 0.000, 0.000, 0.184, -0.612, 0.333, -0.000, 19.99
0, 0, 0.000, 0.008, 0.000, 0.000, 0.144, 0.000, 0.000, 0.176, -0.610, 0.283, 0.000, 19.96
0, 0, 0.000, 0.010, 0.000, 0.000, 0.192, 0.000, 0.000, 0.168, -0.656, 0.286, -0.000, 19.93
0, 0, 0.000, 0.012, 0.000, 0.000, 0.237, 0.000, 0.000, 0.160, -0.702, 0.293, 0.000, 19.90
0, 0, 0.000, 0.014, 0.000, 0.000, 0.280, 0.000, 0.000, 0.152, -0.748, 0.302, 0.000, 19.87
0, 0, 0.000, 0.015, 0.000, 0.000, 0.321, 0.000, 0.000, 0.145, -0.795, 0.313, 0.000, 19.84
0, 0, 0.000, 0.017, 0.000, 0.000, 0.351, 0.000, 0.000, 0.139, -0.792, 0.286, 0.000, 19.81
1, 1, 0.000, -0.005, 0.000, 0.000, -0.101, 0.000, 0.000, 2.630, -10.383, -1.891, -9.750, 20.00
1, 1, 0.000, -0.009, 0.000, 0.000, -0.199, 0.000, 0.000, 2.778, -10.981, 0.000, -8.411, 20.00
1, 1, 0.000, -0.008, 0.000, 0.000, -0.182, 0.000, 0.000, 2.895, -10.383, 0.000, -7.678, 20.00
1, 1, 0.000, -0.008, 0.000, 0.000, -0.163, 0.000, 0.000, 2.994, -9.787, 0.000, -6.963, 20.00
1, 1, 0.000, -0.006, 0.000, 0.000, -0.114, 0.000, 0.000, 3.083, -8.602, 0.000, -5.639, 20.00
1, 1, 0.000, -0.004, 0.000, 0.000, -0.083, 0.000, 0.000, 3.163, -8.013, 0.000, -4.936, 20.00
1, 1, 0.000, -0.002, 0.000, 0.000, -0.030, 0.000, 0.000, 3.237, -7.426, 0.000, -4.220, 20.00
1, 1, 0.000, 0.007, 0.000, 0.000, 0.129, 0.000, 0.000, 3.306, -6.259, 0.000, -2.817, 20.00
0, 0, 0.000, 0.008, 0.000, 0.000, 0.131, 0.000, 0.000, 0.872, -0.474, -0.536, -0.000, 20.05
0, 0, 0.000, 0.008, 0.000, 0.000, 0.130, 0.000, 0.000, 0.778, -0.383, -0.533, 0.000, 20.11
0, 0, 0.000, -0.003, 0.000, 0.000, -0.055, 0.000, 0.000, 0.711, -0.432, -0.220, -0.000, 20.13
0, 0, 0.000, -0.019, 0.000, 0.000, -0.332, 0.000, 0.000, 0.659, -0.479, 0.170, -0.000, 20.11
0, 0, 0.000, -0.022, 0.000, 0.000, -0.390, 0.000, 0.000, 0.615, -0.524, 0.321, 0.000, 20.08
0, 0, 0.000, -0.020, 0.000, 0.000, -0.358, 0.000, 0.000, 0.577, -0.569, 0.370, 0.000, 20.04
0, 0, 0.000, -0.015, 0.000, 0.000, -0.286, 0.000, 0.000, 0.543, -0.614, 0.372, -0.000, 20.01
0, 0, 0.000, -0.011, 0.000, 0.000, -0.205, 0.000, 0.000, 0.513, -0.659, 0.362, 0.000, 19.97
0, 0, 0.000, -0.006, 0.000, 0.000, -0.127, 0.000, 0.000, 0.485, -0.705, 0.353, 0.000, 19.93
0, 0, 0.000, -0.003, 0.000, 0.000, -0.054, 0.000, 0.000, 0.459, -0.751, 0.348, -0.000, 19.90
0, 0, 0.000, 0.001, 0.000, 0.000, 0.012, 0.000, 0.000, 0.436, -0.797, 0.348, -0.000, 19.86
0, 0, 0.000, 0.004, 0.000, 0.000, 0.083, 0.000, 0.000, 0.414, -0.892, 0.392, 0.000, 19.83
0, 0, 0.000, 0.007, 0.000, 0.000, 0.148, 0.000, 0.000, 0.393, -0.938, 0.390, 0.000, 19.79
0, 0, 0.000, 0.009, 0.000, 0.000, 0.218, 0.000, 0.000, 0.374, -1.034, 0.433, 0.000, 19.74
0, 0, 0.000, 0.012, 0.000, 0.000, 0.282, 0.000, 0.000, 0.356, -1.081, 0.432, -0.000, 19.70
0, 0, 0.000, 0.013, 0.000, 0.000, 0.340, 0.000, 0.000, 0.339, -1.127, 0.435, -0.000, 19.66
1, 1, 0.000, -0.018, 0.000, 0.000, -0.470, 0.000, 0.000, 2.820, -15.237, -3.437, -16.341, 20.00
1, 1, 0.000, -0.015, 0.000, 0.000, -0.416, 0.000, 0.000, 2.959, -15.854, 0.000, -13.326, 20.00
1, 1, 0.000, -0.014, 0.000, 0.000, -0.370, 0.000, 0.000, 3.067, -15.237, 0.000, -12.554, 20.00
1, 1, 0.000, -0.012, 0.000, 0.000, -0.317, 0.000, 0.000, 3.159, -13.398, 0.000, -10.569, 20.00
1, 1, 0.000, -0.007, 0.000, 0.000, -0.161, 0.000, 0.000, 3.239, -10.981, 0.000, -7.909, 20.00
1, 1, 0.000, 0.004, 0.000, 0.000, 0.091, 0.000, 0.000, 3.312, -9.193, 0.000, -5.785, 20.00
1, 1, 0.000, 0.023, 0.000, 0.000, 0.448, 0.000, 0.000, 3.379, -6.841, 0.000, -2.991, 20.00
1, 0, 0.000, 0.095, 0.000, 0.000, 1.697, 0.000, 0.000, 3.441, -5.114, -0.120, 0.000, 20.01
0, 0, 0.000, 0.060, 0.000, 0.000, 0.999, 0.000, 0.000, 1.001, -0.342, -1.719, 0.000, 20.18
0, 0, 0.000, 0.031, 0.000, 0.000, 0.510, 0.000, 0.000, 0.902, -0.351, -1.091, -0.000, 20.29
0, 0, 0.000, 0.023, 0.000, 0.000, 0.375, 0.000, 0.000, 0.829, -0.358, -0.869, -0.000, 20.38
0, 0, 0.000, 0.014, 0.000, 0.000, 0.242, 0.000, 0.000, 0.771, -0.506, -0.521, -0.000, 20.43
0, 0, 0.000, -0.022, 0.000, 0.000, -0.411, 0.000, 0.000, 0.722, -0.599, 0.310, -0.000, 20.40
0, 0, 0.000, -0.028, 0.000, 0.000, -0.552, 0.000, 0.000, 0.679, -0.691, 0.592, -0.000, 20.34
0, 0, 0.000, -0.023, 0.000, 0.000, -0.483, 0.000, 0.000, 0.641, -0.783, 0.648, -0.000, 20.28
0, 0, 0.000, -0.017, 0.000, 0.000, -0.354, 0.000, 0.000, 0.606, -0.827, 0.592, 0.000, 20.22
0, 0, 0.000, -0.009, 0.000, 0.000, -0.212, 0.000, 0.000, 0.574, -0.921, 0.569, -0.000, 20.16
0, 0, 0.000, -0.003, 0.000, 0.000, -0.076, 0.000, 0.000, 0.544, -1.016, 0.551, 0.000, 20.11
0, 0, 0.000, 0.002, 0.000, 0.000, 0.050, 0.000, 0.000, 0.517, -1.111, 0.543, 0.000, 20.05
0, 0, 0.000, 0.006, 0.000, 0.000, 0.157, 0.000, 0.000, 0.491, -1.157, 0.504, 0.000, 20.00
0, 0, 0.000, 0.010, 0.000, 0.000, 0.257, 0.000, 0.000, 0.467, -1.254, 0.521, 0.000, 19.95
0, 0, 0.000, 0.013, 0.000, 0.000, 0.363, 0.000, 0.000, 0.444, -1.403, 0.583, 0.000, 19.89
0, 0, 0.000, 0.016, 0.000, 0.000, 0.465, 0.000, 0.000, 0.423, -1.501, 0.598, 0.000, 19.83
0, 0, 0.000, 0.018, 0.000, 0.000, 0.562, 0.000, 0.000, 0.402, -1.600, 0.617, -0.000, 19.77
1, 1, 0.000, 0.006, 0.000, 0.000, 0.185, 0.000, 0.000, 2.881, -20.886, -2.308, -20.122, 20.00
1, 1, 0.000, 0.006, 0.000, 0.000, 0.189, 0.000, 0.000, 3.017, -21.526, 0.000, -18.314, 20.00
1, 1, 0.000, 0.005, 0.000, 0.000, 0.185, 0.000, 0.000, 3.122, -22.169, 0.000, -18.857, 20.00
1, 1, 0.000, 0.005, 0.000, 0.000, 0.186, 0.000, 0.000, 3.211, -21.526, 0.000, -18.123, 20.00
1, 1, 0.000, 0.009, 0.000, 0.000, 0.293, 0.000, 0.000, 3.290, -19.612, 0.000, -16.021, 20.00
1, 1, 0.000, 0.017, 0.000, 0.000, 0.547, 0.000, 0.000, 3.361, -17.722, 0.000, -13.798, 20.00
1, 1, 0.000, 0.025, 0.000, 0.000, 0.745, 0.000, 0.000, 3.425, -16.474, 0.000, -12.280, 20.00
1, 1, 0.000, 0.064, 0.000, 0.000, 1.869, 0.000, 0.000, 3.485, -15.237, 0.000, -9.819, 20.00
0, 0, 0.000, 0.047, 0.000, 0.000, 1.367, 0.000, 0.000, 1.043, -1.269, -1.188, 0.000, 20.12
0, 0, 0.000, 0.032, 0.000, 0.000, 0.946, 0.000, 0.000, 0.941, -1.275, -0.644, -0.000, 20.18
0, 0, 0.000, 0.028, 0.000, 0.000, 0.844, 0.000, 0.000, 0.867, -1.329, -0.410, 0.000, 20.22
0, 0, 0.000, 0.023, 0.000, 0.000, 0.741, 0.000, 0.000, 0.807, -1.433, -0.138, 0.000, 20.24
0, 0, 0.000, 0.005, 0.000, 0.000, 0.155, 0.000, 0.000, 0.757, -1.531, 0.615, 0.000, 20.18
0, 0, 0.000, 0.001, 0.000, 0.000, 0.039, 0.000, 0.000, 0.712, -1.576, 0.824, 0.000, 20.09
0, 0, 0.000, 0.003, 0.000, 0.000, 0.110, 0.000, 0.000, 0.672, -1.621, 0.836, -0.000, 20.01
0, 0, 0.000, 0.007, 0.000, 0.000, 0.234, 0.000, 0.000, 0.636, -1.667, 0.790, -0.000, 19.93
0, 0, 0.000, 0.010, 0.000, 0.000, 0.363, 0.000, 0.000, 0.602, -1.713, 0.738, -0.000, 19.86
0, 0, 0.000, 0.013, 0.000, 0.000, 0.478, 0.000, 0.000, 0.571, -1.760, 0.697, 0.000, 19.79
0, 0, 0.000, 0.015, 0.000, 0.000, 0.590, 0.000, 0.000, 0.543, -1.860, 0.711, 0.000, 19.72
0, 0, 0.000, 0.017, 0.000, 0.000, 0.664, 0.000, 0.000, 0.516, -1.801, 0.604, -0.000, 19.66
0, 0, 0.000, 0.018, 0.000, 0.000, 0.719, 0.000, 0.000, 0.490, -1.796, 0.568, -0.000, 19.60
0, 0, 0.000, 0.019, 0.000, 0.000, 0.760, 0.000, 0.000, 0.467, -1.791, 0.545, 0.000, 19.55
0, 0, 0.000, 0.020, 0.000, 0.000, 0.780, 0.000, 0.000, 0.444, -1.734, 0.490, 0.000, 19.50
0, 0, 0.000, 0.020, 0.000, 0.000, 0.795, 0.000, 0.000, 0.423, -1.729, 0.491, 0.000, 19.45
1, 1, 0.000, -0.017, 0.000, 0.000, -0.657, 0.000, 0.000, 2.901, -20.886, -5.529, -24.188, 20.00
1, 1, 0.000, -0.014, 0.000, 0.000, -0.563, 0.000, 0.000, 3.035, -20.886, 0.000, -18.428, 20.00
1, 1, 0.000, -0.013, 0.000, 0.000, -0.491, 0.000, 0.000, 3.140, -19.612, 0.000, -16.976, 20.00
1, 1, 0.000, -0.012, 0.000, 0.000, -0.436, 0.000, 0.000, 3.228, -18.350, 0.000, -15.569, 20.00
1, 1, 0.000, -0.011, 0.000, 0.000, -0.386, 0.000, 0.000, 3.306, -16.474, 0.000, -13.565, 20.00
1, 1, 0.000, -0.010, 0.000, 0.000, -0.342, 0.000, 0.000, 3.376, -14.621, 0.000, -11.598, 20.00
1, 1, 0.000, -0.009, 0.000, 0.000, -0.313, 0.000, 0.000, 3.440, -14.009, 0.000, -10.891, 20.00
1, 1, 0.000, -0.009, 0.000, 0.000, -0.288, 0.000, 0.000, 3.499, -13.398, 0.000, -10.196, 20.00
0, 0, 0.000, -0.005, 0.000, 0.000, -0.155, 0.000, 0.000, 1.056, -1.055, 0.159, -0.000, 19.98
0, 0, 0.000, -0.003, 0.000, 0.000, -0.087, 0.000, 0.000, 0.954, -1.004, 0.140, 0.000, 19.97
0, 0, 0.000, -0.004, 0.000, 0.000, -0.118, 0.000, 0.000, 0.879, -1.052, 0.294, -0.000, 19.94
0, 0, 0.000, -0.000, 0.000, 0.000, -0.008, 0.000, 0.000, 0.819, -1.149, 0.339, -0.000, 19.91
0, 0, 0.000, -0.006, 0.000, 0.000, -0.199, 0.000, 0.000, 0.768, -1.144, 0.581, -0.000, 19.85
0, 0, 0.000, -0.006, 0.000, 0.000, -0.201, 0.000, 0.000, 0.723, -1.139, 0.623, -0.000, 19.79
0, 0, 0.000, -0.004, 0.000, 0.000, -0.139, 0.000, 0.000, 0.682, -1.084, 0.545, -0.000, 19.73
0, 0, 0.000, -0.002, 0.000, 0.000, -0.064, 0.000, 0.000, 0.645, -1.079, 0.500, -0.000, 19.68
0, 0, 0.000, -0.000, 0.000, 0.000, -0.004, 0.000, 0.000, 0.612, -1.026, 0.418, -0.000, 19.64
0, 0, 0.000, 0.001, 0.000, 0.000, 0.038, 0.000, 0.000, 0.580, -0.973, 0.353, 0.000, 19.60
0, 0, 0.000, 0.002, 0.000, 0.000, 0.072, 0.000, 0.000, 0.551, -0.970, 0.344, 0.000, 19.57
0, 0, 0.000, 0.003, 0.000, 0.000, 0.102, 0.000, 0.000, 0.524, -0.967, 0.337, 0.000, 19.54
0, 0, 0.000, 0.004, 0.000, 0.000, 0.119, 0.000, 0.000, 0.498, -0.914, 0.294, 0.000, 19.51
0, 0, 0.000, 0.004, 0.000, 0.000, 0.134, 0.000, 0.000, 0.474, -0.912, 0.299, 0.000, 19.48
0, 0, 0.000, 0.005, 0.000, 0.000, 0.149, 0.000, 0.000, 0.451, -0.909, 0.304, 0.000, 19.45
0, 0, 0.000, 0.006, 0.000, 0.000, 0.165, 0.000, 0.000, 0.430, -0.907, 0.307, 0.000, 19.42
1, 1, 0.000, -0.048, 0.000, 0.000, -1.428, 0.000, 0.000, 2.907, -11.582, -5.836, -15.986, 20.00
1, 1, 0.000, -0.044, 0.000, 0.000, -1.283, 0.000, 0.000, 3.041, -10.981, 0.000, -9.267, 20.00
1, 1, 0.000, -0.041, 0.000, 0.000, -1.181, 0.000, 0.000, 3.146, -10.981, 0.000, -9.057, 20.00
1, 1, 0.000, -0.038, 0.000, 0.000, -1.099, 0.000, 0.000, 3.234, -10.981, 0.000, -8.885, 20.00
1, 1, 0.000, -0.036, 0.000, 0.000, -1.025, 0.000, 0.000, 3.311, -10.383, 0.000, -8.133, 20.00
1, 1, 0.000, -0.035, 0.000, 0.000, -0.959, 0.000, 0.000, 3.381, -9.787, 0.000, -7.400, 20.00
1, 1, 0.000, -0.033, 0.000, 0.000, -0.904, 0.000, 0.000, 3.445, -9.787, 0.000, -7.280, 20.00
1, 1, 0.000, -0.032, 0.000, 0.000, -0.850, 0.000, 0.000, 3.504, -9.193, 0.000, -6.571, 20.00
0, 0, 0.000, -0.041, 0.000, 0.000, -1.074, 0.000, 0.000, 1.061, -0.753, 0.807, -0.000, 19.92
0, 0, 0.000, -0.038, 0.000, 0.000, -0.979, 0.000, 0.000, 0.958, -0.746, 0.804, -0.000, 19.84
0, 0, 0.000, -0.031, 0.000, 0.000, -0.815, 0.000, 0.000, 0.883, -0.740, 0.703, -0.000, 19.77
0, 0, 0.000, -0.026, 0.000, 0.000, -0.663, 0.000, 0.000, 0.823, -0.735, 0.601, -0.000, 19.71
0, 0, 0.000, -0.021, 0.000, 0.000, -0.537, 0.000, 0.000, 0.772, -0.730, 0.516, -0.000, 19.66
0, 0, 0.000, -0.016, 0.000, 0.000, -0.426, 0.000, 0.000, 0.726, -0.775, 0.491, 0.000, 19.61
0, 0, 0.000, -0.013, 0.000, 0.000, -0.332, 0.000, 0.000, 0.686, -0.771, 0.430, -0.000, 19.56
0, 0, 0.000, -0.010, 0.000, 0.000, -0.256, 0.000, 0.000, 0.649, -0.768, 0.386, -0.000, 19.53
0, 0, 0.000, -0.007, 0.000, 0.000, -0.186, 0.000, 0.000, 0.614, -0.814, 0.393, -0.000, 19.49
0, 0, 0.000, -0.005, 0.000, 0.000, -0.129, 0.000, 0.000, 0.583, -0.811, 0.362, -0.000, 19.45
0, 0, 0.000, -0.003, 0.000, 0.000, -0.084, 0.000, 0.000, 0.554, -0.808, 0.341, -0.000, 19.42
0, 0, 0.000, -0.001, 0.000, 0.000, -0.037, 0.000, 0.000, 0.526, -0.854, 0.366, 0.000, 19.38
0, 0, 0.000, 0.000, 0.000, 0.000, 0.012, 0.000, 0.000, 0.501, -0.900, 0.387, 0.000, 19.34
0, 0, 0.000, 0.002, 0.000, 0.000, 0.062, 0.000, 0.000, 0.476, -0.946, 0.406, 0.000, 19.30
0, 0, 0.000, 0.004, 0.000, 0.000, 0.122, 0.000, 0.000, 0.453, -1.042, 0.462, -0.000, 19.25
0, 0, 0.000, 0.006, 0.000, 0.000, 0.181, 0.000, 0.000, 0.432, -1.089, 0.469, 0.000, 19.21
1, 1, 0.000, -0.078, 0.000, 0.000, -2.285, 0.000, 0.000, 2.909, -14.621, -7.923, -21.999, 20.00
1, 1, 0.000, -0.069, 0.000, 0.000, -2.086, 0.000, 0.000, 3.043, -15.237, 0.000, -14.348, 20.00
1, 1, 0.000, -0.064, 0.000, 0.000, -1.932, 0.000, 0.000, 3.148, -15.237, 0.000, -14.084, 20.00
1, 1, 0.000, -0.063, 0.000, 0.000, -1.783, 0.000, 0.000, 3.236, -12.791, 0.000, -11.401, 20.00
1, 1, 0.000, -0.062, 0.000, 0.000, -1.658, 0.000, 0.000, 3.313, -10.981, 0.000, -9.389, 20.00
1, 1, 0.000, -0.061, 0.000, 0.000, -1.552, 0.000, 0.000, 3.383, -9.787, 0.000, -8.017, 20.00
1, 1, 0.000, -0.060, 0.000, 0.000, -1.455, 0.000, 0.000, 3.446, -8.602, 0.000, -6.670, 20.00
1, 1, 0.000, -0.044, 0.000, 0.000, -0.991, 0.000, 0.000, 3.505, -7.426, 0.000, -4.956, 20.00
0, 0, 0.000, -0.031, 0.000, 0.000, -0.661, 0.000, 0.000, 1.062, -0.516, 0.146, 0.000, 19.99
0, 0, 0.000, -0.030, 0.000, 0.000, -0.637, 0.000, 0.000, 0.960, -0.514, 0.221, -0.000, 19.96
0, 0, 0.000, -0.030, 0.000, 0.000, -0.654, 0.000, 0.000, 0.884, -0.559, 0.359, -0.000, 19.93
0, 0, 0.000, -0.031, 0.000, 0.000, -0.712, 0.000, 0.000, 0.824, -0.651, 0.571, -0.000, 19.87
0, 0, 0.000, -0.029, 0.000, 0.000, -0.689, 0.000, 0.000, 0.773, -0.743, 0.688, -0.000, 19.80
0, 0, 0.000, -0.024, 0.000, 0.000, -0.573, 0.000, 0.000, 0.727, -0.786, 0.656, 0.000, 19.74
0, 0, 0.000, -0.018, 0.000, 0.000, -0.438, 0.000, 0.000, 0.687, -0.830, 0.599, -0.000, 19.68
0, 0, 0.000, -0.012, 0.000, 0.000, -0.300, 0.000, 0.000, 0.650, -0.924, 0.587, -0.000, 19.62
0, 0, 0.000, -0.007, 0.000, 0.000, -0.180, 0.000, 0.000, 0.615, -0.969, 0.540, 0.000, 19.56
0, 0, 0.000, -0.003, 0.000, 0.000, -0.076, 0.000, 0.000, 0.584, -1.015, 0.510, 0.000, 19.51
0, 0, 0.000, 0.001, 0.000, 0.000, 0.023, 0.000, 0.000, 0.555, -1.110, 0.532, 0.000, 19.46
0, 0, 0.000, 0.004, 0.000, 0.000, 0.110, 0.000, 0.000, 0.527, -1.156, 0.515, 0.000, 19.41
0, 0, 0.000, 0.007, 0.000, 0.000, 0.197, 0.000, 0.000, 0.501, -1.253, 0.548, -0.000, 19.35
0, 0, 0.000, 0.009, 0.000, 0.000, 0.285, 0.000, 0.000, 0.477, -1.351, 0.579, 0.000, 19.29
0, 0, 0.000, 0.012, 0.000, 0.000, 0.363, 0.000, 0.000, 0.454, -1.397, 0.569, 0.000, 19.24
0, 0, 0.000, 0.014, 0.000, 0.000, 0.443, 0.000, 0.000, 0.432, -1.495, 0.607, 0.000, 19.18
1, 1, 0.000, -0.070, 0.000, 0.000, -2.339, 0.000, 0.000, 0.412, -1.620, -8.226, -11.843, 20.00
1, 1, 0.000, -0.061, 0.000, 0.000, -2.133, 0.000, 0.000, 0.393, -1.725, 0.000, -3.527, 20.00
1, 1, 0.000, -0.057, 0.000, 0.000, -1.976, 0.000, 0.000, 0.374, -1.673, 0.000, -3.331, 20.00
1, 1, 0.000, -0.041, 0.000, 0.000, -1.339, 0.000, 0.000, 0.357, -1.464, 0.000, -2.487, 20.00
1, 1, 0.000, -0.030, 0.000, 0.000, -0.904, 0.000, 0.000, 0.340, -1.208, 0.000, -1.801, 20.00
1, 1, 0.000, -0.034, 0.000, 0.000, -0.961, 0.000, 0.000, 0.324, -1.007, 0.000, -1.677, 20.00
1, 1, 0.000, -0.035, 0.000, 0.000, -0.925, 0.000, 0.000, 0.309, -0.907, 0.000, -1.558, 20.00
1, 1, 0.000, 0.016, 0.000, 0.000, 0.396, 0.000, 0.000, 0.295, -0.759, 0.000, -0.052, 20.00
0, 0, 0.000, 0.023, 0.000, 0.000, 0.535, 0.000, 0.000, 0.282, -0.663, -0.176, 0.000, 20.02
0, 0, 0.000, 0.021, 0.000, 0.000, 0.488, 0.000, 0.000, 0.269, -0.664, -0.113, 0.000, 20.03
0, 0, 0.000, 0.026, 0.000, 0.000, 0.612, 0.000, 0.000, 0.256, -0.715, -0.179, -0.000, 20.05
0, 0, 0.000, 0.025, 0.000, 0.000, 0.628, 0.000, 0.000, 0.244, -0.813, -0.084, 0.000, 20.06
0, 0, 0.000, 0.001, 0.000, 0.000, 0.034, 0.000, 0.000, 0.233, -0.906, 0.638, 0.000, 19.99
0, 0, 0.000, -0.003, 0.000, 0.000, -0.080, 0.000, 0.000, 0.222, -0.949, 0.810, -0.000, 19.91
0, 0, 0.000, -0.000, 0.000, 0.000, -0.005, 0.000, 0.000, 0.212, -0.992, 0.786, -0.000, 19.83
0, 0, 0.000, 0.004, 0.000, 0.000, 0.119, 0.000, 0.000, 0.202, -1.036, 0.710, 0.000, 19.76
0, 0, 0.000, 0.009, 0.000, 0.000, 0.243, 0.000, 0.000, 0.193, -1.081, 0.636, 0.000, 19.70
0, 0, 0.000, 0.012, 0.000, 0.000, 0.350, 0.000, 0.000, 0.184, -1.126, 0.579, 0.000, 19.64
0, 0, 0.000, 0.015, 0.000, 0.000, 0.441, 0.000, 0.000, 0.176, -1.172, 0.540, 0.000, 19.59
0, 0, 0.000, 0.017, 0.000, 0.000, 0.517, 0.000, 0.000, 0.168, -1.218, 0.517, -0.000, 19.53
0, 0, 0.000, 0.019, 0.000, 0.000, 0.581, 0.000, 0.000, 0.160, -1.265, 0.505, 0.000, 19.48
0, 0, 0.000, 0.020, 0.000, 0.000, 0.628, 0.000, 0.000, 0.152, -1.261, 0.460, 0.000, 19.44
0, 0, 0.000, 0.021, 0.000, 0.000, 0.670, 0.000, 0.000, 0.145, -1.308, 0.471, -0.000, 19.39
0, 0, 0.000, 0.022, 0.000, 0.000, 0.710, 0.000, 0.000, 0.139, -1.355, 0.484, 0.000, 19.34
1, 1, 0.000, -0.058, 0.000, 0.000, -1.879, 0.000, 0.000, 2.630, -17.097, -6.584, -22.987, 20.00
1, 1, 0.000, -0.052, 0.000, 0.000, -1.718, 0.000, 0.000, 2.778, -17.722, 0.000, -16.714, 20.00
1, 1, 0.000, -0.048, 0.000, 0.000, -1.588, 0.000, 0.000, 2.895, -17.097, 0.000, -15.838, 20.00
1, 1, 0.000, -0.047, 0.000, 0.000, -1.470, 0.000, 0.000, 2.994, -15.237, 0.000, -13.759, 20.00
1, 1, 0.000, -0.046, 0.000, 0.000, -1.361, 0.000, 0.000, 3.083, -12.791, 0.000, -11.114, 20.00
1, 1, 0.000, -0.045, 0.000, 0.000, -1.273, 0.000, 0.000, 3.163, -11.582, 0.000, -9.737, 20.00
1, 1, 0.000, -0.042, 0.000, 0.000, -1.138, 0.000, 0.000, 3.237, -10.383, 0.000, -8.326, 20.00
1, 1, 0.000, -0.022, 0.000, 0.000, -0.559, 0.000, 0.000, 3.306, -8.602, 0.000, -5.877, 20.00
0, 0, 0.000, -0.007, 0.000, 0.000, -0.174, 0.000, 0.000, 0.872, -0.614, -0.076, -0.000, 20.01
0, 0, 0.000, -0.001, 0.000, 0.000, -0.021, 0.000, 0.000, 0.778, -0.567, -0.188, -0.000, 20.03
0, 0, 0.000, 0.009, 0.000, 0.000, 0.194, 0.000, 0.000, 0.711, -0.570, -0.343, 0.000, 20.06
0, 0, 0.000, 0.014, 0.000, 0.000, 0.336, 0.000, 0.000, 0.659, -0.670, -0.339, -0.000, 20.09
0, 0, 0.000, -0.010, 0.000, 0.000, -0.250, 0.000, 0.000, 0.615, -0.764, 0.409, -0.000, 20.05
0, 0, 0.000, -0.015, 0.000, 0.000, -0.384, 0.000, 0.000, 0.577, -0.808, 0.630, -0.000, 19.99
0, 0, 0.000, -0.013, 0.000, 0.000, -0.326, 0.000, 0.000, 0.543, -0.851, 0.647, -0.000, 19.93
0, 0, 0.000, -0.008, 0.000, 0.000, -0.202, 0.000, 0.000, 0.513, -0.945, 0.642, 0.000, 19.86
0, 0, 0.000, -0.003, 0.000, 0.000, -0.074, 0.000, 0.000, 0.485, -0.990, 0.582, -0.000, 19.80
0, 0, 0.000, 0.001, 0.000, 0.000, 0.040, 0.000, 0.000, 0.459, -1.035, 0.534, -0.000, 19.75
0, 0, 0.000, 0.005, 0.000, 0.000, 0.139, 0.000, 0.000, 0.436, -1.081, 0.501, 0.000, 19.70
0, 0, 0.000, 0.008, 0.000, 0.000, 0.234, 0.000, 0.000, 0.414, -1.177, 0.522, -0.000, 19.65
0, 0, 0.000, 0.011, 0.000, 0.000, 0.316, 0.000, 0.000, 0.393, -1.224, 0.504, 0.000, 19.60
0, 0, 0.000, 0.013, 0.000, 0.000, 0.398, 0.000, 0.000, 0.374, -1.321, 0.536, 0.000, 19.54
0, 0, 0.000, 0.015, 0.000, 0.000, 0.470, 0.000, 0.000, 0.356, -1.368, 0.527, -0.000, 19.49
0, 0, 0.000, 0.017, 0.000, 0.000, 0.545, 0.000, 0.000, 0.339, -1.466, 0.566, -0.000, 19.43
1, 1, 0.000, -0.042, 0.000, 0.000, -1.421, 0.000, 0.000, 2.820, -18.980, -5.653, -23.276, 20.00
1, 1, 0.000, -0.038, 0.000, 0.000, -1.296, 0.000, 0.000, 2.959, -19.612, 0.000, -17.987, 20.00
1, 1, 0.000, -0.035, 0.000, 0.000, -1.199, 0.000, 0.000, 3.067, -19.612, 0.000, -17.779, 20.00
1, 1, 0.000, -0.028, 0.000, 0.000, -0.904, 0.000, 0.000, 3.159, -16.474, 0.000, -14.248, 20.00
1, 1, 0.000, -0.017, 0.000, 0.000, -0.502, 0.000, 0.000, 3.239, -13.398, 0.000, -10.678, 20.00
1, 1, 0.000, -0.014, 0.000, 0.000, -0.390, 0.000, 0.000, 3.312, -10.981, 0.000, -8.073, 20.00
1, 1, 0.000, -0.007, 0.000, 0.000, -0.184, 0.000, 0.000, 3.379, -9.193, 0.000, -6.005, 20.00
1, 1, 0.000, 0.041, 0.000, 0.000, 0.989, 0.000, 0.000, 3.441, -8.013, 0.000, -3.541, 20.00
0, 0, 0.000, 0.033, 0.000, 0.000, 0.736, 0.000, 0.000, 1.001, -0.575, -1.195, 0.000, 20.12
0, 0, 0.000, 0.018, 0.000, 0.000, 0.385, 0.000, 0.000, 0.902, -0.534, -0.771, 0.000, 20.20
0, 0, 0.000, 0.011, 0.000, 0.000, 0.250, 0.000, 0.000, 0.829, -0.634, -0.456, -0.000, 20.24
0, 0, 0.000, 0.006, 0.000, 0.000, 0.139, 0.000, 0.000, 0.771, -0.733, -0.183, 0.000, 20.26
0, 0, 0.000, -0.014, 0.000, 0.000, -0.350, 0.000, 0.000, 0.722, -0.827, 0.468, -0.000, 20.21
0, 0, 0.000, -0.017, 0.000, 0.000, -0.429, 0.000, 0.000, 0.679, -0.920, 0.686, 0.000, 20.15
0, 0, 0.000, -0.013, 0.000, 0.000, -0.344, 0.000, 0.000, 0.641, -0.963, 0.680, -0.000, 20.08
0, 0, 0.000, -0.008, 0.000, 0.000, -0.214, 0.000, 0.000, 0.606, -1.008, 0.624, 0.000, 20.01
0, 0, 0.000, -0.003, 0.000, 0.000, -0.085, 0.000, 0.000, 0.574, -1.053, 0.567, 0.000, 19.96
0, 0, 0.000, 0.001, 0.000, 0.000, 0.030, 0.000, 0.000, 0.544, -1.099, 0.523, 0.000, 19.91
0, 0, 0.000, 0.005, 0.000, 0.000, 0.130, 0.000, 0.000, 0.517, -1.145, 0.494, -0.000, 19.86
0, 0, 0.000, 0.007, 0.000, 0.000, 0.216, 0.000, 0.000, 0.491, -1.191, 0.477, -0.000, 19.81
0, 0, 0.000, 0.010, 0.000, 0.000, 0.291, 0.000, 0.000, 0.467, -1.238, 0.470, 0.000, 19.76
0, 0, 0.000, 0.012, 0.000, 0.000, 0.359, 0.000, 0.000, 0.444, -1.285, 0.470, -0.000, 19.71
0, 0, 0.000, 0.014, 0.000, 0.000, 0.421, 0.000, 0.000, 0.423, -1.332, 0.474, -0.000, 19.67
0, 0, 0.000, 0.015, 0.000, 0.000, 0.479, 0.000, 0.000, 0.402, -1.379, 0.483, -0.000, 19.62
1, 1, 0.000, -0.021, 0.000, 0.000, -0.700, 0.000, 0.000, 2.881, -17.722, -3.812, -19.375, 20.00
1, 1, 0.000, -0.019, 0.000, 0.000, -0.632, 0.000, 0.000, 3.017, -18.350, 0.000, -15.984, 20.00
1, 1, 0.000, -0.017, 0.000, 0.000, -0.570, 0.000, 0.000, 3.122, -17.097, 0.000, -14.562, 20.00
1, 1, 0.000, -0.001, 0.000, 0.000, -0.043, 0.000, 0.000, 3.211, -14.621, 0.000, -11.455, 20.00
1, 1, 0.000, 0.017, 0.000, 0.000, 0.479, 0.000, 0.000, 3.290, -11.582, 0.000, -7.796, 20.00
1, 1, 0.000, 0.026, 0.000, 0.000, 0.652, 0.000, 0.000, 3.361, -9.193, 0.000, -5.155, 20.00
1, 1, 0.000, 0.037, 0.000, 0.000, 0.847, 0.000, 0.000, 3.425, -6.841, 0.000, -2.532, 20.00
1, 0, 0.000, 0.102, 0.000, 0.000, 2.169, 0.000, 0.000, 3.485, -5.686, -0.069, -0.000, 20.01
0, 0, 0.000, 0.062, 0.000, 0.000, 1.234, 0.000, 0.000, 1.043, -0.391, -1.948, 0.000, 20.20
0, 0, 0.000, 0.026, 0.000, 0.000, 0.505, 0.000, 0.000, 0.941, -0.400, -1.072, 0.000, 20.31
0, 0, 0.000, 0.005, 0.000, 0.000, 0.101, 0.000, 0.000, 0.867, -0.499, -0.474, 0.000, 20.36
0, 0, 0.000, -0.011, 0.000, 0.000, -0.243, 0.000, 0.000, 0.807, -0.643, 0.089, -0.000, 20.35
0, 0, 0.000, -0.020, 0.000, 0.000, -0.471, 0.000, 0.000, 0.757, -0.736, 0.470, -0.000, 20.30
0, 0, 0.000, -0.020, 0.000, 0.000, -0.466, 0.000, 0.000, 0.712, -0.780, 0.553, -0.000, 20.24
0, 0, 0.000, -0.015, 0.000, 0.000, -0.369, 0.000, 0.000, 0.672, -0.825, 0.537, -0.000, 20.19
0, 0, 0.000, -0.011, 0.000, 0.000, -0.261, 0.000, 0.000, 0.636, -0.821, 0.458, 0.000, 20.15
0, 0, 0.000, -0.006, 0.000, 0.000, -0.158, 0.000, 0.000, 0.602, -0.867, 0.428, -0.000, 20.10
0, 0, 0.000, -0.003, 0.000, 0.000, -0.064, 0.000, 0.000, 0.571, -0.913, 0.407, 0.000, 20.06
0, 0, 0.000, 0.001, 0.000, 0.000, 0.020, 0.000, 0.000, 0.543, -0.959, 0.396, 0.000, 20.02
0, 0, 0.000, 0.004, 0.000, 0.000, 0.095, 0.000, 0.000, 0.516, -1.005, 0.391, -0.000, 19.98
0, 0, 0.000, 0.006, 0.000, 0.000, 0.163, 0.000, 0.000, 0.490, -1.052, 0.392, -0.000, 19.94
0, 0, 0.000, 0.008, 0.000, 0.000, 0.216, 0.000, 0.000, 0.467, -1.049, 0.358, 0.000, 19.91
0, 0, 0.000, 0.010, 0.000, 0.000, 0.267, 0.000, 0.000, 0.444, -1.096, 0.375, -0.000, 19.87
0, 0, 0.000, 0.011, 0.000, 0.000, 0.316, 0.000, 0.000, 0.423, -1.143, 0.392, 0.000, 19.83
1, 1, 0.000, 0.011, 0.000, 0.000, 0.318, 0.000, 0.000, 2.901, -14.621, -1.685, -13.077, 20.00
1, 1, 0.000, 0.006, 0.000, 0.000, 0.160, 0.000, 0.000, 3.035, -14.621, 0.000, -11.420, 20.00
1, 1, 0.000, 0.003, 0.000, 0.000, 0.075, 0.000, 0.000, 3.140, -14.621, 0.000, -11.404, 20.00
1, 1, 0.000, 0.003, 0.000, 0.000, 0.085, 0.000, 0.000, 3.228, -13.398, 0.000, -10.082, 20.00
1, 1, 0.000, 0.008, 0.000, 0.000, 0.222, 0.000, 0.000, 3.306, -11.582, 0.000, -8.046, 20.00
1, 1, 0.000, 0.025, 0.000, 0.000, 0.588, 0.000, 0.000, 3.376, -8.602, 0.000, -4.613, 20.00
1, 1, 0.000, 0.042, 0.000, 0.000, 0.889, 0.000, 0.000, 3.440, -6.259, 0.000, -1.888, 20.00
1, 0, 0.000, 0.070, 0.000, 0.000, 1.368, 0.000, 0.000, 3.499, -4.564, -0.374, 0.000, 20.04
0, 0, 0.000, 0.042, 0.000, 0.000, 0.767, 0.000, 0.000, 1.056, -0.342, -1.522, -0.000, 20.19
0, 0, 0.000, 0.023, 0.000, 0.000, 0.393, 0.000, 0.000, 0.954, -0.304, -1.066, -0.000, 20.30
0, 0, 0.000, 0.008, 0.000, 0.000, 0.152, 0.000, 0.000, 0.879, -0.357, -0.682, 0.000, 20.36
0, 0, 0.000, -0.013, 0.000, 0.000, -0.244, 0.000, 0.000, 0.819, -0.453, -0.109, -0.000, 20.38
0, 0, 0.000, -0.026, 0.000, 0.000, -0.518, 0.000, 0.000, 0.768, -0.546, 0.322, -0.000, 20.34
0, 0, 0.000, -0.027, 0.000, 0.000, -0.551, 0.000, 0.000, 0.723, -0.591, 0.446, -0.000, 20.30
0, 0, 0.000, -0.023, 0.000, 0.000, -0.477, 0.000, 0.000, 0.682, -0.635, 0.453, -0.000, 20.25
0, 0, 0.000, -0.018, 0.000, 0.000, -0.375, 0.000, 0.000, 0.645, -0.680, 0.427, -0.000, 20.21
0, 0, 0.000, -0.013, 0.000, 0.000, -0.272, 0.000, 0.000, 0.612, -0.725, 0.398, -0.000, 20.17
0, 0, 0.000, -0.008, 0.000, 0.000, -0.169, 0.000, 0.000, 0.580, -0.820, 0.416, -0.000, 20.13
0, 0, 0.000, -0.003, 0.000, 0.000, -0.077, 0.000, 0.000, 0.551, -0.865, 0.395, -0.000, 20.09
0, 0, 0.000, 0.000, 0.000, 0.000, 0.004, 0.000, 0.000, 0.524, -0.912, 0.383, 0.000, 20.05
0, 0, 0.000, 0.004, 0.000, 0.000, 0.086, 0.000, 0.000, 0.498, -1.007, 0.420, 0.000, 20.01
0, 0, 0.000, 0.006, 0.000, 0.000, 0.160, 0.000, 0.000, 0.474, -1.054, 0.414, 0.000, 19.97
0, 0, 0.000, 0.009, 0.000, 0.000, 0.237, 0.000, 0.000, 0.451, -1.151, 0.454, 0.000, 19.92
0, 0, 0.000, 0.011, 0.000, 0.000, 0.306, 0.000, 0.000, 0.430, -1.197, 0.450, -0.000, 19.88
1, 1, 0.000, 0.019, 0.000, 0.000, 0.539, 0.000, 0.000, 2.907, -15.237, -1.223, -12.994, 20.00
1, 1, 0.000, 0.015, 0.000, 0.000, 0.422, 0.000, 0.000, 3.041, -16.474, 0.000, -12.996, 20.00
1, 1, 0.000, 0.014, 0.000, 0.000, 0.410, 0.000, 0.000, 3.146, -15.854, 0.000, -12.284, 20.00
1, 1, 0.000, 0.034, 0.000, 0.000, 0.910, 0.000, 0.000, 3.234, -13.398, 0.000, -9.221, 20.00
1, 1, 0.000, 0.058, 0.000, 0.000, 1.416, 0.000, 0.000, 3.311, -10.383, 0.000, -5.598, 20.00
1, 1, 0.000, 0.076, 0.000, 0.000, 1.627, 0.000, 0.000, 3.381, -7.426, 0.000, -2.342, 20.00
1, 1, 0.000, 0.090, 0.000, 0.000, 1.774, 0.000, 0.000, 3.445, -5.679, 0.000, -0.370, 20.00
1, 0, 0.000, 0.114, 0.000, 0.000, 2.126, 0.000, 0.000, 3.504, -5.161, -0.583, 0.000, 20.06
0, 0, 0.000, 0.067, 0.000, 0.000, 1.162, 0.000, 0.000, 1.061, -0.348, -1.942, 0.000, 20.25
0, 0, 0.000, 0.032, 0.000, 0.000, 0.540, 0.000, 0.000, 0.958, -0.358, -1.173, 0.000, 20.37
0, 0, 0.000, 0.017, 0.000, 0.000, 0.293, 0.000, 0.000, 0.883, -0.412, -0.781, 0.000, 20.45
0, 0, 0.000, -0.001, 0.000, 0.000, -0.026, 0.000, 0.000, 0.823, -0.557, -0.239, 0.000, 20.47
0, 0, 0.000, -0.020, 0.000, 0.000, -0.407, 0.000, 0.000, 0.772, -0.651, 0.307, 0.000, 20.44
0, 0, 0.000, -0.023, 0.000, 0.000, -0.478, 0.000, 0.000, 0.726, -0.696, 0.470, -0.000, 20.39
0, 0, 0.000, -0.019, 0.000, 0.000, -0.405, 0.000, 0.000, 0.686, -0.789, 0.527, -0.000, 20.34
0, 0, 0.000, -0.013, 0.000, 0.000, -0.294, 0.000, 0.000, 0.649, -0.834, 0.493, -0.000, 20.29
0, 0, 0.000, -0.008, 0.000, 0.000, -0.173, 0.000, 0.000, 0.614, -0.928, 0.494, 0.000, 20.24
0, 0, 0.000, -0.003, 0.000, 0.000, -0.063, 0.000, 0.000, 0.583, -0.974, 0.457, 0.000, 20.20
0, 0, 0.000, 0.002, 0.000, 0.000, 0.042, 0.000, 0.000, 0.554, -1.070, 0.472, 0.000, 20.15
0, 0, 0.000, 0.005, 0.000, 0.000, 0.134, 0.000, 0.000, 0.526, -1.116, 0.450, 0.000, 20.10
0, 0, 0.000, 0.008, 0.000, 0.000, 0.214, 0.000, 0.000, 0.501, -1.163, 0.440, -0.000, 20.06
0, 0, 0.000, 0.011, 0.000, 0.000, 0.285, 0.000, 0.000, 0.476, -1.209, 0.438, 0.000, 20.02
0, 0, 0.000, 0.013, 0.000, 0.000, 0.360, 0.000, 0.000, 0.453, -1.307, 0.481, -0.000, 19.97
0, 0, 0.000, 0.015, 0.000, 0.000, 0.427, 0.000, 0.000, 0.432, -1.354, 0.480, 0.000, 19.92
1, 1, 0.000, 0.030, 0.000, 0.000, 0.890, 0.000, 0.000, 2.909, -17.097, -0.790, -14.058, 20.00
1, 1, 0.000, 0.024, 0.000, 0.000, 0.750, 0.000, 0.000, 3.043, -18.350, 0.000, -14.532, 20.00
1, 1, 0.000, 0.023, 0.000, 0.000, 0.718, 0.000, 0.000, 3.148, -17.722, 0.000, -13.833, 20.00
1, 1, 0.000, 0.036, 0.000, 0.000, 1.047, 0.000, 0.000, 3.236, -14.621, 0.000, -10.302, 20.00
1, 1, 0.000, 0.048, 0.000, 0.000, 1.249, 0.000, 0.000, 3.313, -11.582, 0.000, -6.972, 20.00
1, 1, 0.000, 0.054, 0.000, 0.000, 1.302, 0.000, 0.000, 3.383, -9.787, 0.000, -5.049, 20.00
1, 1, 0.000, 0.065, 0.000, 0.000, 1.457, 0.000, 0.000, 3.446, -8.013, 0.000, -3.044, 20.00
1, 1, 0.000, 0.087, 0.000, 0.000, 1.771, 0.000, 0.000, 3.505, -6.259, 0.000, -0.896, 20.00
0, 0, 0.000, 0.064, 0.000, 0.000, 1.219, 0.000, 0.000, 1.062, -0.438, -1.908, 0.000, 20.19
0, 0, 0.000, 0.034, 0.000, 0.000, 0.641, 0.000, 0.000, 0.960, -0.448, -1.187, 0.000, 20.31
0, 0, 0.000, 0.022, 0.000, 0.000, 0.420, 0.000, 0.000, 0.884, -0.502, -0.824, 0.000, 20.39
0, 0, 0.000, 0.015, 0.000, 0.000, 0.303, 0.000, 0.000, 0.824, -0.603, -0.539, -0.000, 20.45
0, 0, 0.000, -0.011, 0.000, 0.000, -0.244, 0.000, 0.000, 0.773, -0.747, 0.229, -0.000, 20.42
0, 0, 0.000, -0.018, 0.000, 0.000, -0.394, 0.000, 0.000, 0.727, -0.792, 0.475, 0.000, 20.38
0, 0, 0.000, -0.015, 0.000, 0.000, -0.348, 0.000, 0.000, 0.687, -0.885, 0.562, 0.000, 20.32
0, 0, 0.000, -0.010, 0.000, 0.000, -0.244, 0.000, 0.000, 0.650, -0.930, 0.535, 0.000, 20.27
0, 0, 0.000, -0.005, 0.000, 0.000, -0.122, 0.000, 0.000, 0.615, -1.025, 0.536, 0.000, 20.21
0, 0, 0.000, -0.000, 0.000, 0.000, -0.009, 0.000, 0.000, 0.584, -1.071, 0.496, 0.000, 20.16
0, 0, 0.000, 0.004, 0.000, 0.000, 0.099, 0.000, 0.000, 0.555, -1.167, 0.509, 0.000, 20.11
0, 0, 0.000, 0.007, 0.000, 0.000, 0.193, 0.000, 0.000, 0.527, -1.213, 0.486, -0.000, 20.06
0, 0, 0.000, 0.010, 0.000, 0.000, 0.285, 0.000, 0.000, 0.501, -1.311, 0.514, 0.000, 20.01
0, 0, 0.000, 0.013, 0.000, 0.000, 0.376, 0.000, 0.000, 0.477, -1.409, 0.543, -0.000, 19.96
0, 0, 0.000, 0.015, 0.000, 0.000, 0.456, 0.000, 0.000, 0.454, -1.456, 0.531, 0.000, 19.90
0, 0, 0.000, 0.017, 0.000, 0.000, 0.537, 0.000, 0.000, 0.432, -1.555, 0.568, 0.000, 19.85
1, 1, 0.000, 0.029, 0.000, 0.000, 0.966, 0.000, 0.000, 0.412, -1.620, -1.528, -1.741, 20.00
1, 1, 0.000, 0.026, 0.000, 0.000, 0.886, 0.000, 0.000, 0.393, -1.725, 0.000, -0.421, 20.00
1, 1, 0.000, 0.024, 0.000, 0.000, 0.817, 0.000, 0.000, 0.374, -1.673, 0.000, -0.458, 20.00
1, 0, 0.000, 0.036, 0.000, 0.000, 1.197, 0.000, 0.000, 0.357, -1.517, -0.074, 0.000, 20.01
1, 0, 0.000, 0.039, 0.000, 0.000, 1.222, 0.000, 0.000, 0.340, -1.364, -0.237, 0.000, 20.03
1, 0, 0.000, 0.034, 0.000, 0.000, 1.021, 0.000, 0.000, 0.324, -1.212, -0.167, 0.000, 20.05
1, 0, 0.000, 0.031, 0.000, 0.000, 0.880, 0.000, 0.000, 0.309, -1.112, -0.108, -0.000, 20.06
1, 0, 0.000, 0.028, 0.000, 0.000, 0.810, 0.000, 0.000, 0.295, -1.112, -0.021, 0.000, 20.06
0, 0, 0.000, 0.015, 0.000, 0.000, 0.450, 0.000, 0.000, 0.282, -1.209, 0.462, -0.000, 20.01
0, 0, 0.000, 0.012, 0.000, 0.000, 0.365, 0.000, 0.000, 0.269, -1.305, 0.660, 0.000, 19.95
0, 0, 0.000, 0.018, 0.000, 0.000, 0.554, 0.000, 0.000, 0.256, -1.352, 0.524, 0.000, 19.90
0, 0, 0.000, 0.026, 0.000, 0.000, 0.841, 0.000, 0.000, 0.244, -1.401, 0.289, -0.000, 19.87
0, 0, 0.000, 0.020, 0.000, 0.000, 0.650, 0.000, 0.000, 0.233, -1.396, 0.493, 0.000, 19.82
0, 0, 0.000, 0.018, 0.000, 0.000, 0.586, 0.000, 0.000, 0.222, -1.392, 0.566, 0.000, 19.76
0, 0, 0.000, 0.018, 0.000, 0.000, 0.589, 0.000, 0.000, 0.212, -1.336, 0.516, 0.000, 19.71
0, 0, 0.000, 0.019, 0.000, 0.000, 0.616, 0.000, 0.000, 0.202, -1.331, 0.494, 0.000, 19.66
0, 0, 0.000, 0.019, 0.000, 0.000, 0.645, 0.000, 0.000, 0.193, -1.327, 0.470, 0.000, 19.61
0, 0, 0.000, 0.020, 0.000, 0.000, 0.670, 0.000, 0.000, 0.184, -1.323, 0.449, -0.000, 19.57
0, 0, 0.000, 0.021, 0.000, 0.000, 0.679, 0.000, 0.000, 0.176, -1.269, 0.394, 0.000, 19.53
0, 0, 0.000, 0.021, 0.000, 0.000, 0.685, 0.000, 0.000, 0.168, -1.265, 0.392, 0.000, 19.49
0, 0, 0.000, 0.021, 0.000, 0.000, 0.679, 0.000, 0.000, 0.160, -1.211, 0.352, 0.000, 19.45
0, 0, 0.000, 0.021, 0.000, 0.000, 0.674, 0.000, 0.000, 0.152, -1.208, 0.361, -0.000, 19.42
0, 0, 0.000, 0.020, 0.000, 0.000, 0.670, 0.000, 0.000, 0.145, -1.205, 0.369, -0.000, 19.38
0, 0, 0.000, 0.020, 0.000, 0.000, 0.658, 0.000, 0.000, 0.139, -1.151, 0.334, 0.000, 19.35
1, 1, 0.000, -0.037, 0.000, 0.000, -1.198, 0.000, 0.000, 2.630, -14.621, -6.518, -19.745, 20.00
1, 1, 0.000, -0.033, 0.000, 0.000, -1.061, 0.000, 0.000, 2.778, -14.621, 0.000, -12.937, 20.00
1, 1, 0.000, -0.030, 0.000, 0.000, -0.959, 0.000, 0.000, 2.895, -14.009, 0.000, -12.103, 20.00
1, 1, 0.000, -0.028, 0.000, 0.000, -0.880, 0.000, 0.000, 2.994, -13.398, 0.000, -11.312, 20.00
1, 1, 0.000, -0.027, 0.000, 0.000, -0.813, 0.000, 0.000, 3.083, -12.791, 0.000, -10.548, 20.00
1, 1, 0.000, -0.025, 0.000, 0.000, -0.751, 0.000, 0.000, 3.163, -11.582, 0.000, -9.195, 20.00
1, 1, 0.000, -0.024, 0.000, 0.000, -0.700, 0.000, 0.000, 3.237, -10.981, 0.000, -8.468, 20.00
1, 1, 0.000, -0.023, 0.000, 0.000, -0.659, 0.000, 0.000, 3.306, -10.981, 0.000, -8.358, 20.00
0, 0, 0.000, -0.030, 0.000, 0.000, -0.837, 0.000, 0.000, 0.872, -0.900, 0.895, -0.000, 19.91
0, 0, 0.000, -0.026, 0.000, 0.000, -0.746, 0.000, 0.000, 0.778, -0.892, 0.886, 0.000, 19.82
0, 0, 0.000, -0.021, 0.000, 0.000, -0.594, 0.000, 0.000, 0.711, -0.885, 0.789, 0.000, 19.74
0, 0, 0.000, -0.015, 0.000, 0.000, -0.427, 0.000, 0.000, 0.659, -0.929, 0.712, -0.000, 19.67
0, 0, 0.000, -0.010, 0.000, 0.000, -0.296, 0.000, 0.000, 0.615, -0.923, 0.614, -0.000, 19.61
0, 0, 0.000, -0.006, 0.000, 0.000, -0.180, 0.000, 0.000, 0.577, -0.968, 0.577, -0.000, 19.55
0, 0, 0.000, -0.003, 0.000, 0.000, -0.083, 0.000, 0.000, 0.543, -0.964, 0.506, 0.000, 19.50
0, 0, 0.000, 0.000, 0.000, 0.000, 0.003, 0.000, 0.000, 0.513, -1.009, 0.494, -0.000, 19.45
0, 0, 0.000, 0.002, 0.000, 0.000, 0.070, 0.000, 0.000, 0.485, -1.005, 0.448, 0.000, 19.41
0, 0, 0.000, 0.004, 0.000, 0.000, 0.122, 0.000, 0.000, 0.459, -1.002, 0.416, -0.000, 19.37
0, 0, 0.000, 0.006, 0.000, 0.000, 0.172, 0.000, 0.000, 0.436, -1.048, 0.435, -0.000, 19.32
0, 0, 0.000, 0.007, 0.000, 0.000, 0.222, 0.000, 0.000, 0.414, -1.095, 0.452, -0.000, 19.28
0, 0, 0.000, 0.009, 0.000, 0.000, 0.272, 0.000, 0.000, 0.393, -1.141, 0.467, -0.000, 19.23
0, 0, 0.000, 0.010, 0.000, 0.000, 0.321, 0.000, 0.000, 0.374, -1.188, 0.482, 0.000, 19.18
0, 0, 0.000, 0.012, 0.000, 0.000, 0.370, 0.000, 0.000, 0.356, -1.234, 0.497, -0.000, 19.13
0, 0, 0.000, 0.013, 0.000, 0.000, 0.418, 0.000, 0.000, 0.339, -1.281, 0.511, -0.000, 19.08
1, 1, 0.000, -0.076, 0.000, 0.000, -2.507, 0.000, 0.000, 2.820, -17.097, -9.181, -26.040, 20.00
1, 1, 0.000, -0.067, 0.000, 0.000, -2.280, 0.000, 0.000, 2.959, -17.722, 0.000, -17.111, 20.00
1, 1, 0.000, -0.062, 0.000, 0.000, -2.108, 0.000, 0.000, 3.067, -17.722, 0.000, -16.825, 20.00
1, 1, 0.000, -0.060, 0.000, 0.000, -1.951, 0.000, 0.000, 3.159, -15.854, 0.000, -14.706, 20.00
1, 1, 0.000, -0.057, 0.000, 0.000, -1.820, 0.000, 0.000, 3.239, -14.621, 0.000, -13.260, 20.00
1, 1, 0.000, -0.056, 0.000, 0.000, -1.704, 0.000, 0.000, 3.312, -13.398, 0.000, -11.846, 20.00
1, 1, 0.000, -0.057, 0.000, 0.000, -1.586, 0.000, 0.000, 3.379, -10.981, 0.000, -9.245, 20.00
1, 1, 0.000, -0.056, 0.000, 0.000, -1.490, 0.000, 0.000, 3.441, -9.787, 0.000, -7.891, 20.00
0, 0, 0.000, -0.046, 0.000, 0.000, -1.217, 0.000, 0.000, 1.001, -0.799, 1.061, 0.000, 19.89
0, 0, 0.000, -0.037, 0.000, 0.000, -0.973, 0.000, 0.000, 0.902, -0.792, 0.899, -0.000, 19.80
0, 0, 0.000, -0.029, 0.000, 0.000, -0.776, 0.000, 0.000, 0.829, -0.834, 0.810, 0.000, 19.72
0, 0, 0.000, -0.021, 0.000, 0.000, -0.598, 0.000, 0.000, 0.771, -0.926, 0.774, -0.000, 19.65
0, 0, 0.000, -0.018, 0.000, 0.000, -0.501, 0.000, 0.000, 0.722, -0.969, 0.765, 0.000, 19.57
0, 0, 0.000, -0.013, 0.000, 0.000, -0.370, 0.000, 0.000, 0.679, -1.013, 0.717, 0.000, 19.50
0, 0, 0.000, -0.008, 0.000, 0.000, -0.244, 0.000, 0.000, 0.641, -1.008, 0.620, -0.000, 19.44
0, 0, 0.000, -0.005, 0.000, 0.000, -0.139, 0.000, 0.000, 0.606, -1.003, 0.541, -0.000, 19.38
0, 0, 0.000, -0.002, 0.000, 0.000, -0.046, 0.000, 0.000, 0.574, -1.049, 0.522, 0.000, 19.33
0, 0, 0.000, 0.001, 0.000, 0.000, 0.027, 0.000, 0.000, 0.544, -1.045, 0.472, 0.000, 19.28
0, 0, 0.000, 0.003, 0.000, 0.000, 0.094, 0.000, 0.000, 0.517, -1.091, 0.478, 0.000, 19.23
0, 0, 0.000, 0.005, 0.000, 0.000, 0.146, 0.000, 0.000, 0.491, -1.087, 0.445, 0.000, 19.19
0, 0, 0.000, 0.006, 0.000, 0.000, 0.187, 0.000, 0.000, 0.467, -1.083, 0.423, -0.000, 19.15
0, 0, 0.000, 0.007, 0.000, 0.000, 0.230, 0.000, 0.000, 0.444, -1.130, 0.448, -0.000, 19.10
0, 0, 0.000, 0.009, 0.000, 0.000, 0.265, 0.000, 0.000, 0.423, -1.126, 0.430, 0.000, 19.06
0, 0, 0.000, 0.009, 0.000, 0.000, 0.293, 0.000, 0.000, 0.402, -1.122, 0.418, 0.000, 19.02
1, 1, 0.000, -0.100, 0.000, 0.000, -3.101, 0.000, 0.000, 2.881, -14.621, -9.824, -24.766, 20.00
1, 1, 0.000, -0.090, 0.000, 0.000, -2.837, 0.000, 0.000, 3.017, -15.237, 0.000, -15.147, 20.00
1, 1, 0.000, -0.084, 0.000, 0.000, -2.627, 0.000, 0.000, 3.122, -14.621, 0.000, -14.210, 20.00
1, 1, 0.000, -0.080, 0.000, 0.000, -2.454, 0.000, 0.000, 3.211, -14.009, 0.000, -13.331, 20.00
1, 1, 0.000, -0.076, 0.000, 0.000, -2.303, 0.000, 0.000, 3.290, -13.398, 0.000, -12.488, 20.00
1, 1, 0.000, -0.075, 0.000, 0.000, -2.161, 0.000, 0.000, 3.361, -12.185, 0.000, -11.060, 20.00
1, 1, 0.000, -0.075, 0.000, 0.000, -2.025, 0.000, 0.000, 3.425, -10.383, 0.000, -9.058, 20.00
1, 1, 0.000, -0.075, 0.000, 0.000, -1.900, 0.000, 0.000, 3.485, -8.602, 0.000, -7.092, 20.00
0, 0, 0.000, -0.060, 0.000, 0.000, -1.466, 0.000, 0.000, 1.043, -0.652, 1.135, 0.000, 19.89
0, 0, 0.000, -0.050, 0.000, 0.000, -1.240, 0.000, 0.000, 0.941, -0.644, 0.993, -0.000, 19.79
0, 0, 0.000, -0.040, 0.000, 0.000, -0.993, 0.000, 0.000, 0.867, -0.685, 0.851, -0.000, 19.70
0, 0, 0.000, -0.033, 0.000, 0.000, -0.831, 0.000, 0.000, 0.807, -0.727, 0.783, -0.000, 19.62
0, 0, 0.000, -0.027, 0.000, 0.000, -0.687, 0.000, 0.000, 0.757, -0.770, 0.727, 0.000, 19.55
0, 0, 0.000, -0.021, 0.000, 0.000, -0.538, 0.000, 0.000, 0.712, -0.814, 0.660, -0.000, 19.49
0, 0, 0.000, -0.015, 0.000, 0.000, -0.397, 0.000, 0.000, 0.672, -0.858, 0.597, 0.000, 19.43
0, 0, 0.000, -0.011, 0.000, 0.000, -0.283, 0.000, 0.000, 0.636, -0.853, 0.511, 0.000, 19.37
0, 0, 0.000, -0.007, 0.000, 0.000, -0.185, 0.000, 0.000, 0.602, -0.899, 0.488, -0.000, 19.33
0, 0, 0.000, -0.004, 0.000, 0.000, -0.099, 0.000, 0.000, 0.571, -0.944, 0.475, -0.000, 19.28
0, 0, 0.000, -0.001, 0.000, 0.000, -0.032, 0.000, 0.000, 0.543, -0.941, 0.431, 0.000, 19.23
0, 0, 0.000, 0.001, 0.000, 0.000, 0.040, 0.000, 0.000, 0.516, -1.036, 0.479, -0.000, 19.19
0, 0, 0.000, 0.004, 0.000, 0.000, 0.107, 0.000, 0.000, 0.490, -1.083, 0.482, -0.000, 19.14
0, 0, 0.000, 0.006, 0.000, 0.000, 0.170, 0.000, 0.000, 0.467, -1.129, 0.487, -0.000, 19.09
0, 0, 0.000, 0.008, 0.000, 0.000, 0.229, 0.000, 0.000, 0.444, -1.175, 0.495, -0.000, 19.04
0, 0, 0.000, 0.009, 0.000, 0.000, 0.285, 0.000, 0.000, 0.423, -1.222, 0.504, 0.000, 18.99
1, 1, 0.000, -0.105, 0.000, 0.000, -3.334, 0.000, 0.000, 2.901, -17.097, -10.098, -27.733, 20.00
1, 1, 0.000, -0.094, 0.000, 0.000, -3.058, 0.000, 0.000, 3.035, -17.722, 0.000, -17.838, 20.00
1, 1, 0.000, -0.087, 0.000, 0.000, -2.836, 0.000, 0.000, 3.140, -17.097, 0.000, -16.880, 20.00
1, 1, 0.000, -0.082, 0.000, 0.000, -2.653, 0.000, 0.000, 3.228, -16.474, 0.000, -15.981, 20.00
1, 1, 0.000, -0.077, 0.000, 0.000, -2.498, 0.000, 0.000, 3.306, -16.474, 0.000, -15.744, 20.00
1, 1, 0.000, -0.076, 0.000, 0.000, -2.341, 0.000, 0.000, 3.376, -14.621, 0.000, -13.663, 20.00
1, 1, 0.000, -0.075, 0.000, 0.000, -2.204, 0.000, 0.000, 3.440, -13.398, 0.000, -12.236, 20.00
1, 1, 0.000, -0.072, 0.000, 0.000, -2.083, 0.000, 0.000, 3.499, -12.791, 0.000, -11.446, 20.00
0, 0, 0.000, -0.057, 0.000, 0.000, -1.575, 0.000, 0.000, 1.056, -0.944, 1.519, -0.000, 19.85
0, 0, 0.000, -0.038, 0.000, 0.000, -1.030, 0.000, 0.000, 0.954, -0.886, 0.999, 0.000, 19.75
0, 0, 0.000, -0.026, 0.000, 0.000, -0.689, 0.000, 0.000, 0.879, -0.830, 0.666, 0.000, 19.68
0, 0, 0.000, -0.023, 0.000, 0.000, -0.626, 0.000, 0.000, 0.819, -0.923, 0.753, -0.000, 19.61
0, 0, 0.000, -0.020, 0.000, 0.000, -0.579, 0.000, 0.000, 0.768, -0.966, 0.797, -0.000, 19.53
0, 0, 0.000, -0.016, 0.000, 0.000, -0.469, 0.000, 0.000, 0.723, -1.009, 0.771, 0.000, 19.45
0, 0, 0.000, -0.012, 0.000, 0.000, -0.338, 0.000, 0.000, 0.682, -1.003, 0.670, -0.000, 19.38
0, 0, 0.000, -0.007, 0.000, 0.000, -0.211, 0.000, 0.000, 0.645, -1.048, 0.621, -0.000, 19.32
0, 0, 0.000, -0.003, 0.000, 0.000, -0.099, 0.000, 0.000, 0.612, -1.093, 0.584, -0.000, 19.26
0, 0, 0.000, -0.000, 0.000, 0.000, -0.010, 0.000, 0.000, 0.580, -1.089, 0.519, 0.000, 19.21
0, 0, 0.000, 0.002, 0.000, 0.000, 0.069, 0.000, 0.000, 0.551, -1.135, 0.513, 0.000, 19.16
0, 0, 0.000, 0.004, 0.000, 0.000, 0.140, 0.000, 0.000, 0.524, -1.181, 0.513, -0.000, 19.11
0, 0, 0.000, 0.006, 0.000, 0.000, 0.205, 0.000, 0.000, 0.498, -1.227, 0.517, 0.000, 19.06
0, 0, 0.000, 0.008, 0.000, 0.000, 0.257, 0.000, 0.000, 0.474, -1.223, 0.484, -0.000, 19.01
0, 0, 0.000, 0.009, 0.000, 0.000, 0.307, 0.000, 0.000, 0.451, -1.270, 0.502, 0.000, 18.96
0, 0, 0.000, 0.011, 0.000, 0.000, 0.358, 0.000, 0.000, 0.430, -1.316, 0.519, 0.000, 18.91
1, 1, 0.000, -0.108, 0.000, 0.000, -3.638, 0.000, 0.000, 2.907, -17.722, -10.947, -29.508, 20.00
1, 1, 0.000, -0.098, 0.000, 0.000, -3.329, 0.000, 0.000, 3.041, -17.722, 0.000, -18.108, 20.00
1, 1, 0.000, -0.091, 0.000, 0.000, -3.094, 0.000, 0.000, 3.146, -17.722, 0.000, -17.761, 20.00
1, 1, 0.000, -0.088, 0.000, 0.000, -2.882, 0.000, 0.000, 3.234, -15.854, 0.000, -15.590, 20.00
1, 1, 0.000, -0.085, 0.000, 0.000, -2.702, 0.000, 0.000, 3.311, -14.621, 0.000, -14.097, 20.00
1, 1, 0.000, -0.081, 0.000, 0.000, -2.545, 0.000, 0.000, 3.381, -14.009, 0.000, -13.254, 20.00
1, 1, 0.000, -0.078, 0.000, 0.000, -2.403, 0.000, 0.000, 3.445, -13.398, 0.000, -12.435, 20.00
1, 1, 0.000, -0.078, 0.000, 0.000, -2.264, 0.000, 0.000, 3.504, -12.185, 0.000, -11.023, 20.00
0, 0, 0.000, -0.062, 0.000, 0.000, -1.762, 0.000, 0.000, 1.061, -0.942, 1.705, -0.000, 19.83
0, 0, 0.000, -0.047, 0.000, 0.000, -1.338, 0.000, 0.000, 0.958, -0.930, 1.357, 0.000, 19.69
0, 0, 0.000, -0.032, 0.000, 0.000, -0.919, 0.000, 0.000, 0.883, -0.922, 0.990, 0.000, 19.59
0, 0, 0.000, -0.020, 0.000, 0.000, -0.573, 0.000, 0.000, 0.823, -0.916, 0.686, -0.000, 19.53
0, 0, 0.000, -0.018, 0.000, 0.000, -0.528, 0.000, 0.000, 0.772, -1.009, 0.784, 0.000, 19.45
0, 0, 0.000, -0.015, 0.000, 0.000, -0.439, 0.000, 0.000, 0.726, -1.003, 0.730, -0.000, 19.37
0, 0, 0.000, -0.010, 0.000, 0.000, -0.313, 0.000, 0.000, 0.686, -1.047, 0.685, 0.000, 19.31
0, 0, 0.000, -0.006, 0.000, 0.000, -0.188, 0.000, 0.000, 0.649, -1.092, 0.637, -0.000, 19.24
0, 0, 0.000, -0.002, 0.000, 0.000, -0.076, 0.000, 0.000, 0.614, -1.137, 0.601, -0.000, 19.18
0, 0, 0.000, 0.001, 0.000, 0.000, 0.023, 0.000, 0.000, 0.583, -1.183, 0.576, 0.000, 19.13
0, 0, 0.000, 0.003, 0.000, 0.000, 0.110, 0.000, 0.000, 0.554, -1.228, 0.562, 0.000, 19.07
0, 0, 0.000, 0.006, 0.000, 0.000, 0.187, 0.000, 0.000, 0.526, -1.275, 0.556, 0.000, 19.01
0, 0, 0.000, 0.008, 0.000, 0.000, 0.247, 0.000, 0.000, 0.501, -1.270, 0.515, -0.000, 18.96
0, 0, 0.000, 0.009, 0.000, 0.000, 0.304, 0.000, 0.000, 0.476, -1.317, 0.528, 0.000, 18.91
0, 0, 0.000, 0.010, 0.000, 0.000, 0.358, 0.000, 0.000, 0.453, -1.364, 0.542, 0.000, 18.85
0, 0, 0.000, 0.012, 0.000, 0.000, 0.401, 0.000, 0.000, 0.432, -1.359, 0.515, -0.000, 18.80
1, 1, 0.000, -0.115, 0.000, 0.000, -4.028, 0.000, 0.000, 2.909, -18.350, -11.965, -31.549, 20.00
1, 1, 0.000, -0.104, 0.000, 0.000, -3.694, 0.000, 0.000, 3.043, -18.980, 0.000, -19.734, 20.00
1, 1, 0.000, -0.098, 0.000, 0.000, -3.422, 0.000, 0.000, 3.148, -17.722, 0.000, -18.094, 20.00
1, 1, 0.000, -0.095, 0.000, 0.000, -3.189, 0.000, 0.000, 3.236, -15.854, 0.000, -15.903, 20.00
1, 1, 0.000, -0.091, 0.000, 0.000, -2.997, 0.000, 0.000, 3.313, -15.237, 0.000, -15.011, 20.00
1, 1, 0.000, -0.089, 0.000, 0.000, -2.817, 0.000, 0.000, 3.383, -14.009, 0.000, -13.532, 20.00
1, 1, 0.000, -0.090, 0.000, 0.000, -2.641, 0.000, 0.000, 3.446, -11.582, 0.000, -10.867, 20.00
1, 1, 0.000, -0.090, 0.000, 0.000, -2.484, 0.000, 0.000, 3.505, -9.787, 0.000, -8.856, 20.00
0, 0, 0.000, -0.062, 0.000, 0.000, -1.615, 0.000, 0.000, 1.062, -0.699, 1.314, -0.000, 19.87
0, 0, 0.000, -0.041, 0.000, 0.000, -1.036, 0.000, 0.000, 0.960, -0.644, 0.762, 0.000, 19.79
0, 0, 0.000, -0.022, 0.000, 0.000, -0.538, 0.000, 0.000, 0.884, -0.642, 0.317, 0.000, 19.76
0, 0, 0.000, -0.016, 0.000, 0.000, -0.403, 0.000, 0.000, 0.824, -0.688, 0.283, -0.000, 19.73
0, 0, 0.000, -0.026, 0.000, 0.000, -0.691, 0.000, 0.000, 0.773, -0.779, 0.724, 0.000, 19.66
0, 0, 0.000, -0.025, 0.000, 0.000, -0.677, 0.000, 0.000, 0.727, -0.822, 0.797, 0.000, 19.58
0, 0, 0.000, -0.020, 0.000, 0.000, -0.551, 0.000, 0.000, 0.687, -0.865, 0.749, -0.000, 19.51
0, 0, 0.000, -0.015, 0.000, 0.000, -0.403, 0.000, 0.000, 0.650, -0.908, 0.677, 0.000, 19.44
0, 0, 0.000, -0.009, 0.000, 0.000, -0.266, 0.000, 0.000, 0.615, -0.953, 0.612, 0.000, 19.38
0, 0, 0.000, -0.005, 0.000, 0.000, -0.146, 0.000, 0.000, 0.584, -0.998, 0.565, -0.000, 19.32
0, 0, 0.000, -0.001, 0.000, 0.000, -0.043, 0.000, 0.000, 0.555, -1.043, 0.534, -0.000, 19.27
0, 0, 0.000, 0.002, 0.000, 0.000, 0.045, 0.000, 0.000, 0.527, -1.089, 0.515, -0.000, 19.22
0, 0, 0.000, 0.004, 0.000, 0.000, 0.123, 0.000, 0.000, 0.501, -1.135, 0.507, -0.000, 19.16
0, 0, 0.000, 0.006, 0.000, 0.000, 0.193, 0.000, 0.000, 0.477, -1.182, 0.505, -0.000, 19.11
0, 0, 0.000, 0.008, 0.000, 0.000, 0.258, 0.000, 0.000, 0.454, -1.228, 0.508, 0.000, 19.06
0, 0, 0.000, 0.010, 0.000, 0.000, 0.318, 0.000, 0.000, 0.432, -1.275, 0.515, 0.000, 19.01
1, 1, 0.000, -0.104, 0.000, 0.000, -3.441, 0.000, 0.000, 0.412, -1.464, -9.882, -14.479, 20.00
1, 1, 0.000, -0.093, 0.000, 0.000, -3.159, 0.000, 0.000, 0.393, -1.516, 0.000, -4.375, 20.00
1, 1, 0.000, -0.088, 0.000, 0.000, -2.938, 0.000, 0.000, 0.374, -1.412, 0.000, -4.065, 20.00
1, 1, 0.000, -0.086, 0.000, 0.000, -2.752, 0.000, 0.000, 0.357, -1.259, 0.000, -3.741, 20.00
1, 1, 0.000, -0.084, 0.000, 0.000, -2.591, 0.000, 0.000, 0.340, -1.157, 0.000, -3.492, 20.00
1, 1, 0.000, -0.086, 0.000, 0.000, -2.441, 0.000, 0.000, 0.324, -0.957, 0.000, -3.159, 20.00
1, 1, 0.000, -0.088, 0.000, 0.000, -2.283, 0.000, 0.000, 0.309, -0.759, 0.000, -2.821, 20.00
1, 1, 0.000, -0.087, 0.000, 0.000, -2.088, 0.000, 0.000, 0.295, -0.613, 0.000, -2.494, 20.00
0, 0, 0.000, -0.042, 0.000, 0.000, -0.970, 0.000, 0.000, 0.282, -0.554, 1.285, -0.000, 19.87
0, 0, 0.000, -0.023, 0.000, 0.000, -0.521, 0.000, 0.000, 0.269, -0.500, 0.776, 0.000, 19.79
0, 0, 0.000, -0.010, 0.000, 0.000, -0.237, 0.000, 0.000, 0.256, -0.543, 0.534, -0.000, 19.74
0, 0, 0.000, -0.006, 0.000, 0.000, -0.140, 0.000, 0.000, 0.244, -0.635, 0.537, 0.000, 19.69
0, 0, 0.000, -0.008, 0.000, 0.000, -0.201, 0.000, 0.000, 0.233, -0.727, 0.703, 0.000, 19.62
0, 0, 0.000, -0.006, 0.000, 0.000, -0.154, 0.000, 0.000, 0.222, -0.770, 0.708, -0.000, 19.55
0, 0, 0.000, -0.002, 0.000, 0.000, -0.047, 0.000, 0.000, 0.212, -0.813, 0.650, 0.000, 19.48
0, 0, 0.000, 0.003, 0.000, 0.000, 0.074, 0.000, 0.000, 0.202, -0.907, 0.627, -0.000, 19.42
0, 0, 0.000, 0.007, 0.000, 0.000, 0.183, 0.000, 0.000, 0.193, -0.952, 0.569, -0.000, 19.36
0, 0, 0.000, 0.010, 0.000, 0.000, 0.274, 0.000, 0.000, 0.184, -0.997, 0.529, 0.000, 19.31
0, 0, 0.000, 0.012, 0.000, 0.000, 0.351, 0.000, 0.000, 0.176, -1.043, 0.503, -0.000, 19.26
0, 0, 0.000, 0.015, 0.000, 0.000, 0.416, 0.000, 0.000, 0.168, -1.089, 0.490, 0.000, 19.21
0, 0, 0.000, 0.016, 0.000, 0.000, 0.474, 0.000, 0.000, 0.160, -1.135, 0.485, -0.000, 19.16
0, 0, 0.000, 0.018, 0.000, 0.000, 0.525, 0.000, 0.000, 0.152, -1.181, 0.487, 0.000, 19.11
0, 0, 0.000, 0.019, 0.000, 0.000, 0.572, 0.000, 0.000, 0.145, -1.228, 0.492, 0.000, 19.06
0, 0, 0.000, 0.020, 0.000, 0.000, 0.616, 0.000, 0.000, 0.139, -1.275, 0.500, 0.000, 19.01
1, 1, 0.000, -0.104, 0.000, 0.000, -3.357, 0.000, 0.000, 2.630, -17.722, -9.875, -28.428, 20.00
1, 1, 0.000, -0.093, 0.000, 0.000, -3.083, 0.000, 0.000, 2.778, -18.350, 0.000, -18.748, 20.00
1, 1, 0.000, -0.088, 0.000, 0.000, -2.856, 0.000, 0.000, 2.895, -17.097, 0.000, -17.146, 20.00
1, 1, 0.000, -0.087, 0.000, 0.000, -2.654, 0.000, 0.000, 2.994, -14.621, 0.000, -14.368, 20.00
1, 1, 0.000, -0.088, 0.000, 0.000, -2.475, 0.000, 0.000, 3.083, -12.185, 0.000, -11.665, 20.00
1, 1, 0.000, -0.089, 0.000, 0.000, -2.312, 0.000, 0.000, 3.163, -9.787, 0.000, -9.025, 20.00
1, 1, 0.000, -0.088, 0.000, 0.000, -2.109, 0.000, 0.000, 3.237, -8.013, 0.000, -6.972, 20.00
1, 1, 0.000, -0.085, 0.000, 0.000, -1.914, 0.000, 0.000, 3.306, -6.841, 0.000, -5.535, 20.00
0, 0, 0.000, -0.054, 0.000, 0.000, -1.243, 0.000, 0.000, 0.872, -0.605, 1.030, -0.000, 19.90
0, 0, 0.000, -0.039, 0.000, 0.000, -0.915, 0.000, 0.000, 0.778, -0.646, 0.822, 0.000, 19.81
0, 0, 0.000, -0.028, 0.000, 0.000, -0.674, 0.000, 0.000, 0.711, -0.737, 0.728, -0.000, 19.74
0, 0, 0.000, -0.019, 0.000, 0.000, -0.492, 0.000, 0.000, 0.659, -0.830, 0.682, -0.000, 19.67
0, 0, 0.000, -0.015, 0.000, 0.000, -0.386, 0.000, 0.000, 0.615, -0.923, 0.708, 0.000, 19.60
0, 0, 0.000, -0.011, 0.000, 0.000, -0.283, 0.000, 0.000, 0.577, -0.917, 0.633, -0.000, 19.54
0, 0, 0.000, -0.006, 0.000, 0.000, -0.164, 0.000, 0.000, 0.543, -0.962, 0.589, 0.000, 19.48
0, 0, 0.000, -0.002, 0.000, 0.000, -0.062, 0.000, 0.000, 0.513, -0.957, 0.510, 0.000, 19.43
0, 0, 0.000, 0.001, 0.000, 0.000, 0.028, 0.000, 0.000, 0.485, -1.003, 0.489, 0.000, 19.38
0, 0, 0.000, 0.004, 0.000, 0.000, 0.098, 0.000, 0.000, 0.459, -0.999, 0.438, -0.000, 19.34
0, 0, 0.000, 0.006, 0.000, 0.000, 0.162, 0.000, 0.000, 0.436, -1.046, 0.442, -0.000, 19.29
0, 0, 0.000, 0.007, 0.000, 0.000, 0.211, 0.000, 0.000, 0.414, -1.042, 0.410, 0.000, 19.25
0, 0, 0.000, 0.009, 0.000, 0.000, 0.259, 0.000, 0.000, 0.393, -1.089, 0.428, 0.000, 19.21
0, 0, 0.000, 0.010, 0.000, 0.000, 0.297, 0.000, 0.000, 0.374, -1.085, 0.404, 0.000, 19.17
0, 0, 0.000, 0.011, 0.000, 0.000, 0.326, 0.000, 0.000, 0.356, -1.082, 0.389, -0.000, 19.13
0, 0, 0.000, 0.012, 0.000, 0.000, 0.359, 0.000, 0.000, 0.339, -1.129, 0.419, -0.000, 19.09
1, 1, 0.000, -0.106, 0.000, 0.000, -3.170, 0.000, 0.000, 2.820, -14.621, -9.121, -24.199, 20.00
1, 1, 0.000, -0.096, 0.000, 0.000, -2.913, 0.000, 0.000, 2.959, -15.237, 0.000, -15.287, 20.00
1, 1, 0.000, -0.091, 0.000, 0.000, -2.699, 0.000, 0.000, 3.067, -14.009, 0.000, -13.731, 20.00
1, 1, 0.000, -0.086, 0.000, 0.000, -2.525, 0.000, 0.000, 3.159, -13.398, 0.000, -12.852, 20.00
1, 1, 0.000, -0.086, 0.000, 0.000, -2.360, 0.000, 0.000, 3.239, -11.582, 0.000, -10.789, 20.00
1, 1, 0.000, -0.089, 0.000, 0.000, -2.199, 0.000, 0.000, 3.312, -8.602, 0.000, -7.577, 20.00
1, 1, 0.000, -0.088, 0.000, 0.000, -2.068, 0.000, 0.000, 3.379, -7.426, 0.000, -6.203, 20.00
1, 1, 0.000, -0.086, 0.000, 0.000, -1.953, 0.000, 0.000, 3.441, -6.841, 0.000, -5.440, 20.00
0, 0, 0.000, -0.063, 0.000, 0.000, -1.347, 0.000, 0.000, 1.001, -0.462, 0.871, 0.000, 19.91
0, 0, 0.000, -0.047, 0.000, 0.000, -0.945, 0.000, 0.000, 0.902, -0.410, 0.500, -0.000, 19.86
0, 0, 0.000, -0.036, 0.000, 0.000, -0.718, 0.000, 0.000, 0.829, -0.407, 0.332, -0.000, 19.83
0, 0, 0.000, -0.029, 0.000, 0.000, -0.616, 0.000, 0.000, 0.771, -0.500, 0.374, -0.000, 19.79
0, 0, 0.000, -0.031, 0.000, 0.000, -0.663, 0.000, 0.000, 0.722, -0.543, 0.514, 0.000, 19.74
0, 0, 0.000, -0.027, 0.000, 0.000, -0.608, 0.000, 0.000, 0.679, -0.635, 0.591, -0.000, 19.68
0, 0, 0.000, -0.021, 0.000, 0.000, -0.487, 0.000, 0.000, 0.641, -0.727, 0.595, -0.000, 19.62
0, 0, 0.000, -0.015, 0.000, 0.000, -0.351, 0.000, 0.000, 0.606, -0.820, 0.580, 0.000, 19.56
0, 0, 0.000, -0.009, 0.000, 0.000, -0.228, 0.000, 0.000, 0.574, -0.865, 0.529, -0.000, 19.51
0, 0, 0.000, -0.004, 0.000, 0.000, -0.112, 0.000, 0.000, 0.544, -0.960, 0.532, 0.000, 19.46
0, 0, 0.000, -0.000, 0.000, 0.000, -0.002, 0.000, 0.000, 0.517, -1.055, 0.541, -0.000, 19.40
0, 0, 0.000, 0.004, 0.000, 0.000, 0.101, 0.000, 0.000, 0.491, -1.151, 0.555, -0.000, 19.35
0, 0, 0.000, 0.007, 0.000, 0.000, 0.201, 0.000, 0.000, 0.467, -1.248, 0.573, 0.000, 19.29
0, 0, 0.000, 0.010, 0.000, 0.000, 0.297, 0.000, 0.000, 0.444, -1.345, 0.594, 0.000, 19.23
0, 0, 0.000, 0.013, 0.000, 0.000, 0.401, 0.000, 0.000, 0.423, -1.494, 0.658, 0.000, 19.17
0, 0, 0.000, 0.015, 0.000, 0.000, 0.501, 0.000, 0.000, 0.402, -1.593, 0.674, -0.000, 19.10
1, 1, 0.000, -0.081, 0.000, 0.000, -2.845, 0.000, 0.000, 2.881, -22.169, -9.015, -31.229, 20.00
1, 1, 0.000, -0.072, 0.000, 0.000, -2.615, 0.000, 0.000, 3.017, -23.463, 0.000, -23.133, 20.00
1, 1, 0.000, -0.066, 0.000, 0.000, -2.431, 0.000, 0.000, 3.122, -23.463, 0.000, -22.838, 20.00
1, 1, 0.000, -0.064, 0.000, 0.000, -2.256, 0.000, 0.000, 3.211, -20.886, 0.000, -19.994, 20.00
1, 1, 0.000, -0.063, 0.000, 0.000, -2.101, 0.000, 0.000, 3.290, -18.350, 0.000, -17.224, 20.00
1, 1, 0.000, -0.063, 0.000, 0.000, -1.961, 0.000, 0.000, 3.361, -15.854, 0.000, -14.518, 20.00
1, 1, 0.000, -0.061, 0.000, 0.000, -1.845, 0.000, 0.000, 3.425, -14.621, 0.000, -13.102, 20.00
1, 1, 0.000, -0.059, 0.000, 0.000, -1.743, 0.000, 0.000, 3.485, -14.009, 0.000, -12.325, 20.00
0, 0, 0.000, -0.036, 0.000, 0.000, -1.069, 0.000, 0.000, 1.043, -1.147, 1.209, -0.000, 19.88
0, 0, 0.000, -0.021, 0.000, 0.000, -0.632, 0.000, 0.000, 0.941, -1.139, 0.851, -0.000, 19.79
0, 0, 0.000, -0.009, 0.000, 0.000, -0.260, 0.000, 0.000, 0.867, -1.185, 0.587, 0.000, 19.74
0, 0, 0.000, -0.004, 0.000, 0.000, -0.123, 0.000, 0.000, 0.807, -1.332, 0.651, 0.000, 19.67
0, 0, 0.000, -0.005, 0.000, 0.000, -0.175, 0.000, 0.000, 0.757, -1.428, 0.851, -0.000, 19.59
0, 0, 0.000, -0.003, 0.000, 0.000, -0.112, 0.000, 0.000, 0.712, -1.472, 0.874, 0.000, 19.50
0, 0, 0.000, 0.000, 0.000, 0.000, 0.017, 0.000, 0.000, 0.672, -1.516, 0.827, 0.000, 19.41
0, 0, 0.000, 0.005, 0.000, 0.000, 0.163, 0.000, 0.000, 0.636, -1.614, 0.811, 0.000, 19.33
0, 0, 0.000, 0.008, 0.000, 0.000, 0.294, 0.000, 0.000, 0.602, -1.660, 0.755, 0.000, 19.26
0, 0, 0.000, 0.011, 0.000, 0.000, 0.407, 0.000, 0.000, 0.571, -1.706, 0.716, -0.000, 19.19
0, 0, 0.000, 0.013, 0.000, 0.000, 0.515, 0.000, 0.000, 0.543, -1.806, 0.735, 0.000, 19.11
0, 0, 0.000, 0.015, 0.000, 0.000, 0.597, 0.000, 0.000, 0.516, -1.800, 0.672, 0.000, 19.05
0, 0, 0.000, 0.017, 0.000, 0.000, 0.658, 0.000, 0.000, 0.490, -1.794, 0.630, -0.000, 18.98
0, 0, 0.000, 0.018, 0.000, 0.000, 0.703, 0.000, 0.000, 0.467, -1.789, 0.602, 0.000, 18.92
0, 0, 0.000, 0.018, 0.000, 0.000, 0.737, 0.000, 0.000, 0.444, -1.783, 0.584, 0.000, 18.86
0, 0, 0.000, 0.019, 0.000, 0.000, 0.763, 0.000, 0.000, 0.423, -1.778, 0.573, -0.000, 18.81
1, 1, 0.000, -0.087, 0.000, 0.000, -3.610, 0.000, 0.000, 2.901, -23.463, -11.929, -36.188, 20.00
1, 1, 0.000, -0.079, 0.000, 0.000, -3.291, 0.000, 0.000, 3.035, -23.463, 0.000, -23.797, 20.00
1, 1, 0.000, -0.075, 0.000, 0.000, -3.028, 0.000, 0.000, 3.140, -20.886, 0.000, -20.848, 20.00
1, 1, 0.000, -0.074, 0.000, 0.000, -2.803, 0.000, 0.000, 3.228, -17.722, 0.000, -17.371, 20.00
1, 1, 0.000, -0.075, 0.000, 0.000, -2.606, 0.000, 0.000, 3.306, -14.621, 0.000, -13.996, 20.00
1, 1, 0.000, -0.075, 0.000, 0.000, -2.434, 0.000, 0.000, 3.376, -12.185, 0.000, -11.318, 20.00
1, 1, 0.000, -0.076, 0.000, 0.000, -2.282, 0.000, 0.000, 3.440, -10.383, 0.000, -9.301, 20.00
1, 1, 0.000, -0.074, 0.000, 0.000, -2.066, 0.000, 0.000, 3.499, -8.602, 0.000, -7.243, 20.00
0, 0, 0.000, -0.040, 0.000, 0.000, -1.072, 0.000, 0.000, 1.056, -0.608, 0.664, 0.000, 19.93
0, 0, 0.000, -0.032, 0.000, 0.000, -0.835, 0.000, 0.000, 0.954, -0.603, 0.516, -0.000, 19.88
0, 0, 0.000, -0.021, 0.000, 0.000, -0.557, 0.000, 0.000, 0.879, -0.649, 0.348, -0.000, 19.85
0, 0, 0.000, -0.010, 0.000, 0.000, -0.287, 0.000, 0.000, 0.819, -0.793, 0.272, 0.000, 19.82
0, 0, 0.000, -0.019, 0.000, 0.000, -0.554, 0.000, 0.000, 0.768, -0.886, 0.691, -0.000, 19.75
0, 0, 0.000, -0.019, 0.000, 0.000, -0.559, 0.000, 0.000, 0.723, -0.929, 0.784, -0.000, 19.67
0, 0, 0.000, -0.015, 0.000, 0.000, -0.442, 0.000, 0.000, 0.682, -0.972, 0.746, 0.000, 19.60
0, 0, 0.000, -0.010, 0.000, 0.000, -0.299, 0.000, 0.000, 0.645, -1.016, 0.680, 0.000, 19.53
0, 0, 0.000, -0.005, 0.000, 0.000, -0.165, 0.000, 0.000, 0.612, -1.061, 0.619, 0.000, 19.47
0, 0, 0.000, -0.002, 0.000, 0.000, -0.047, 0.000, 0.000, 0.580, -1.106, 0.574, 0.000, 19.41
0, 0, 0.000, 0.002, 0.000, 0.000, 0.054, 0.000, 0.000, 0.551, -1.152, 0.545, -0.000, 19.36
0, 0, 0.000, 0.004, 0.000, 0.000, 0.142, 0.000, 0.000, 0.524, -1.198, 0.528, 0.000, 19.30
0, 0, 0.000, 0.007, 0.000, 0.000, 0.219, 0.000, 0.000, 0.498, -1.244, 0.521, -0.000, 19.25
0, 0, 0.000, 0.009, 0.000, 0.000, 0.288, 0.000, 0.000, 0.474, -1.291, 0.520, -0.000, 19.20
0, 0, 0.000, 0.011, 0.000, 0.000, 0.362, 0.000, 0.000, 0.451, -1.389, 0.565, 0.000, 19.14
0, 0, 0.000, 0.012, 0.000, 0.000, 0.430, 0.000, 0.000, 0.430, -1.436, 0.563, -0.000, 19.09
1, 1, 0.000, -0.084, 0.000, 0.000, -2.990, 0.000, 0.000, 2.907, -18.980, -9.136, -28.283, 20.00
1, 1, 0.000, -0.076, 0.000, 0.000, -2.744, 0.000, 0.000, 3.041, -19.612, 0.000, -19.390, 20.00
1, 1, 0.000, -0.072, 0.000, 0.000, -2.534, 0.000, 0.000, 3.146, -17.722, 0.000, -17.182, 20.00
1, 1, 0.000, -0.068, 0.000, 0.000, -2.192, 0.000, 0.000, 3.234, -14.009, 0.000, -13.035, 20.00
1, 1, 0.000, -0.067, 0.000, 0.000, -1.935, 0.000, 0.000, 3.311, -10.981, 0.000, -9.672, 20.00
1, 1, 0.000, -0.069, 0.000, 0.000, -1.797, 0.000, 0.000, 3.381, -8.013, 0.000, -6.498, 20.00
1, 1, 0.000, -0.065, 0.000, 0.000, -1.506, 0.000, 0.000, 3.445, -5.679, 0.000, -3.805, 20.00
1, 1, 0.000, -0.054, 0.000, 0.000, -1.142, 0.000, 0.000, 3.504, -3.952, 0.000, -1.645, 20.00
0, 0, 0.000, -0.019, 0.000, 0.000, -0.368, 0.000, 0.000, 1.061, -0.236, -0.437, 0.000, 20.04
0, 0, 0.000, -0.022, 0.000, 0.000, -0.410, 0.000, 0.000, 0.958, -0.238, -0.288, -0.000, 20.07
0, 0, 0.000, -0.017, 0.000, 0.000, -0.343, 0.000, 0.000, 0.883, -0.334, -0.189, -0.000, 20.09
0, 0, 0.000, -0.018, 0.000, 0.000, -0.371, 0.000, 0.000, 0.823, -0.477, 0.042, 0.000, 20.09
0, 0, 0.000, -0.030, 0.000, 0.000, -0.688, 0.000, 0.000, 0.772, -0.616, 0.563, -0.000, 20.03
0, 0, 0.000, -0.030, 0.000, 0.000, -0.698, 0.000, 0.000, 0.726, -0.659, 0.661, -0.000, 19.96
0, 0, 0.000, -0.025, 0.000, 0.000, -0.587, 0.000, 0.000, 0.686, -0.702, 0.629, -0.000, 19.90
0, 0, 0.000, -0.018, 0.000, 0.000, -0.440, 0.000, 0.000, 0.649, -0.795, 0.605, -0.000, 19.84
0, 0, 0.000, -0.012, 0.000, 0.000, -0.301, 0.000, 0.000, 0.614, -0.840, 0.539, -0.000, 19.79
0, 0, 0.000, -0.007, 0.000, 0.000, -0.181, 0.000, 0.000, 0.583, -0.885, 0.490, -0.000, 19.74
0, 0, 0.000, -0.003, 0.000, 0.000, -0.068, 0.000, 0.000, 0.554, -0.980, 0.497, 0.000, 19.69
0, 0, 0.000, 0.001, 0.000, 0.000, 0.028, 0.000, 0.000, 0.526, -1.026, 0.470, -0.000, 19.64
0, 0, 0.000, 0.004, 0.000, 0.000, 0.112, 0.000, 0.000, 0.501, -1.072, 0.456, -0.000, 19.60
0, 0, 0.000, 0.007, 0.000, 0.000, 0.195, 0.000, 0.000, 0.476, -1.169, 0.490, 0.000, 19.55
0, 0, 0.000, 0.009, 0.000, 0.000, 0.270, 0.000, 0.000, 0.453, -1.215, 0.483, -0.000, 19.50
0, 0, 0.000, 0.011, 0.000, 0.000, 0.337, 0.000, 0.000, 0.432, -1.262, 0.482, 0.000, 19.45
1, 1, 0.000, -0.056, 0.000, 0.000, -1.715, 0.000, 0.000, 2.909, -16.474, -5.491, -20.827, 20.00
1, 1, 0.000, -0.050, 0.000, 0.000, -1.583, 0.000, 0.000, 3.043, -17.722, 0.000, -16.311, 20.00
1, 1, 0.000, -0.047, 0.000, 0.000, -1.462, 0.000, 0.000, 3.148, -16.474, 0.000, -14.836, 20.00
1, 1, 0.000, -0.047, 0.000, 0.000, -1.339, 0.000, 0.000, 3.236, -12.791, 0.000, -10.941, 20.00
1, 1, 0.000, -0.037, 0.000, 0.000, -0.925, 0.000, 0.000, 3.313, -9.787, 0.000, -7.436, 20.00
1, 1, 0.000, -0.028, 0.000, 0.000, -0.604, 0.000, 0.000, 3.383, -6.259, 0.000, -3.508, 20.00
1, 1, 0.000, -0.008, 0.000, 0.000, -0.149, 0.000, 0.000, 3.446, -3.952, 0.000, -0.663, 20.00
1, 0, 0.000, -0.004, 0.000, 0.000, -0.066, 0.000, 0.000, 3.505, -2.870, -0.565, -0.000, 20.06
0, 0, 0.000, 0.002, 0.000, 0.000, 0.029, 0.000, 0.000, 1.062, -0.151, -0.942, 0.000, 20.15
0, 0, 0.000, -0.015, 0.000, 0.000, -0.233, 0.000, 0.000, 0.960, -0.156, -0.556, -0.000, 20.21
0, 0, 0.000, -0.017, 0.000, 0.000, -0.279, 0.000, 0.000, 0.884, -0.252, -0.336, -0.000, 20.24
0, 0, 0.000, -0.023, 0.000, 0.000, -0.411, 0.000, 0.000, 0.824, -0.394, 0.004, -0.000, 20.24
0, 0, 0.000, -0.033, 0.000, 0.000, -0.637, 0.000, 0.000, 0.773, -0.534, 0.431, -0.000, 20.20
0, 0, 0.000, -0.033, 0.000, 0.000, -0.645, 0.000, 0.000, 0.727, -0.577, 0.528, -0.000, 20.14
0, 0, 0.000, -0.026, 0.000, 0.000, -0.542, 0.000, 0.000, 0.687, -0.669, 0.551, 0.000, 20.09
0, 0, 0.000, -0.019, 0.000, 0.000, -0.406, 0.000, 0.000, 0.650, -0.762, 0.538, 0.000, 20.03
0, 0, 0.000, -0.013, 0.000, 0.000, -0.278, 0.000, 0.000, 0.615, -0.807, 0.482, 0.000, 19.99
0, 0, 0.000, -0.007, 0.000, 0.000, -0.156, 0.000, 0.000, 0.584, -0.902, 0.481, -0.000, 19.94
0, 0, 0.000, -0.002, 0.000, 0.000, -0.042, 0.000, 0.000, 0.555, -0.997, 0.487, -0.000, 19.89
0, 0, 0.000, 0.002, 0.000, 0.000, 0.055, 0.000, 0.000, 0.527, -1.043, 0.458, 0.000, 19.84
0, 0, 0.000, 0.006, 0.000, 0.000, 0.149, 0.000, 0.000, 0.501, -1.140, 0.483, 0.000, 19.80
0, 0, 0.000, 0.009, 0.000, 0.000, 0.241, 0.000, 0.000, 0.477, -1.237, 0.509, -0.000, 19.74
0, 0, 0.000, 0.012, 0.000, 0.000, 0.332, 0.000, 0.000, 0.454, -1.334, 0.536, 0.000, 19.69
0, 0, 0.000, 0.014, 0.000, 0.000, 0.411, 0.000, 0.000, 0.432, -1.381, 0.523, 0.000, 19.64
1, 1, 0.000, -0.023, 0.000, 0.000, -0.713, 0.000, 0.000, 0.412, -1.516, -3.613, -5.454, 20.00
1, 1, 0.000, -0.020, 0.000, 0.000, -0.644, 0.000, 0.000, 0.393, -1.620, 0.000, -1.892, 20.00
1, 1, 0.000, -0.019, 0.000, 0.000, -0.593, 0.000, 0.000, 0.374, -1.516, 0.000, -1.753, 20.00
1, 1, 0.000, -0.015, 0.000, 0.000, -0.448, 0.000, 0.000, 0.357, -1.259, 0.000, -1.365, 20.00
1, 1, 0.000, -0.003, 0.000, 0.000, -0.091, 0.000, 0.000, 0.340, -1.007, 0.000, -0.761, 20.00
1, 1, 0.000, 0.004, 0.000, 0.000, 0.093, 0.000, 0.000, 0.324, -0.809, 0.000, -0.388, 20.00
1, 0, 0.000, 0.015, 0.000, 0.000, 0.326, 0.000, 0.000, 0.309, -0.614, -0.036, -0.000, 20.00
1, 0, 0.000, 0.021, 0.000, 0.000, 0.425, 0.000, 0.000, 0.295, -0.472, -0.270, -0.000, 20.03
0, 0, 0.000, 0.038, 0.000, 0.000, 0.701, 0.000, 0.000, 0.282, -0.382, -0.639, 0.000, 20.09
0, 0, 0.000, 0.029, 0.000, 0.000, 0.528, 0.000, 0.000, 0.269, -0.386, -0.440, 0.000, 20.14
0, 0, 0.000, 0.033, 0.000, 0.000, 0.599, 0.000, 0.000, 0.256, -0.390, -0.499, 0.000, 20.19
0, 0, 0.000, 0.035, 0.000, 0.000, 0.675, 0.000, 0.000, 0.244, -0.537, -0.417, -0.000, 20.23
0, 0, 0.000, 0.005, 0.000, 0.000, 0.098, 0.000, 0.000, 0.233, -0.631, 0.294, -0.000, 20.20
0, 0, 0.000, -0.004, 0.000, 0.000, -0.080, 0.000, 0.000, 0.222, -0.674, 0.536, -0.000, 20.15
0, 0, 0.000, -0.002, 0.000, 0.000, -0.047, 0.000, 0.000, 0.212, -0.767, 0.604, 0.000, 20.09
0, 0, 0.000, 0.002, 0.000, 0.000, 0.047, 0.000, 0.000, 0.202, -0.811, 0.559, -0.000, 20.03
0, 0, 0.000, 0.006, 0.000, 0.000, 0.150, 0.000, 0.000, 0.193, -0.856, 0.506, 0.000, 19.98
0, 0, 0.000, 0.010, 0.000, 0.000, 0.243, 0.000, 0.000, 0.184, -0.902, 0.464, 0.000, 19.93
0, 0, 0.000, 0.013, 0.000, 0.000, 0.333, 0.000, 0.000, 0.176, -0.997, 0.475, 0.000, 19.89
0, 0, 0.000, 0.016, 0.000, 0.000, 0.409, 0.000, 0.000, 0.168, -1.043, 0.450, 0.000, 19.84
0, 0, 0.000, 0.018, 0.000, 0.000, 0.464, 0.000, 0.000, 0.160, -1.040, 0.398, -0.000, 19.80
0, 0, 0.000, 0.019, 0.000, 0.000, 0.512, 0.000, 0.000, 0.152, -1.086, 0.402, 0.000, 19.76
0, 0, 0.000, 0.021, 0.000, 0.000, 0.557, 0.000, 0.000, 0.145, -1.133, 0.410, -0.000, 19.72
0, 0, 0.000, 0.022, 0.000, 0.000, 0.599, 0.000, 0.000, 0.139, -1.180, 0.421, 0.000, 19.68
1, 1, 0.000, -0.016, 0.000, 0.000, -0.460, 0.000, 0.000, 2.630, -15.237, -3.217, -16.300, 20.00
1, 1, 0.000, -0.014, 0.000, 0.000, -0.409, 0.000, 0.000, 2.778, -15.854, 0.000, -13.500, 20.00
1, 1, 0.000, -0.013, 0.000, 0.000, -0.362, 0.000, 0.000, 2.895, -14.621, 0.000, -12.101, 20.00
1, 1, 0.000, -0.011, 0.000, 0.000, -0.279, 0.000, 0.000, 2.994, -10.981, 0.000, -8.277, 20.00
1, 1, 0.000, -0.006, 0.000, 0.000, -0.134, 0.000, 0.000, 3.083, -8.602, 0.000, -5.659, 20.00
1, 1, 0.000, -0.004, 0.000, 0.000, -0.081, 0.000, 0.000, 3.163, -7.426, 0.000, -4.348, 20.00
1, 1, 0.000, -0.004, 0.000, 0.000, -0.083, 0.000, 0.000, 3.237, -7.426, 0.000, -4.275, 20.00
1, 1, 0.000, -0.001, 0.000, 0.000, -0.016, 0.000, 0.000, 3.306, -6.841, 0.000, -3.552, 20.00
0, 0, 0.000, 0.000, 0.000, 0.000, 0.003, 0.000, 0.000, 0.872, -0.520, -0.355, -0.000, 20.04
0, 0, 0.000, -0.003, 0.000, 0.000, -0.058, 0.000, 0.000, 0.778, -0.522, -0.195, -0.000, 20.06
0, 0, 0.000, 0.001, 0.000, 0.000, 0.018, 0.000, 0.000, 0.711, -0.523, -0.207, -0.000, 20.08
0, 0, 0.000, 0.006, 0.000, 0.000, 0.128, 0.000, 0.000, 0.659, -0.573, -0.220, 0.000, 20.10
0, 0, 0.000, -0.008, 0.000, 0.000, -0.180, 0.000, 0.000, 0.615, -0.668, 0.241, -0.000, 20.07
0, 0, 0.000, -0.012, 0.000, 0.000, -0.264, 0.000, 0.000, 0.577, -0.713, 0.413, 0.000, 20.03
0, 0, 0.000, -0.010, 0.000, 0.000, -0.225, 0.000, 0.000, 0.543, -0.758, 0.450, -0.000, 19.99
0, 0, 0.000, -0.007, 0.000, 0.000, -0.155, 0.000, 0.000, 0.513, -0.755, 0.404, -0.000, 19.95
0, 0, 0.000, -0.003, 0.000, 0.000, -0.077, 0.000, 0.000, 0.485, -0.801, 0.396, 0.000, 19.91
0, 0, 0.000, -0.000, 0.000, 0.000, -0.001, 0.000, 0.000, 0.459, -0.846, 0.388, -0.000, 19.87
0, 0, 0.000, 0.003, 0.000, 0.000, 0.079, 0.000, 0.000, 0.436, -0.942, 0.424, 0.000, 19.83
0, 0, 0.000, 0.006, 0.000, 0.000, 0.141, 0.000, 0.000, 0.414, -0.939, 0.378, 0.000, 19.79
0, 0, 0.000, 0.008, 0.000, 0.000, 0.190, 0.000, 0.000, 0.393, -0.936, 0.345, 0.000, 19.75
0, 0, 0.000, 0.009, 0.000, 0.000, 0.236, 0.000, 0.000, 0.374, -0.982, 0.363, 0.000, 19.72
0, 0, 0.000, 0.011, 0.000, 0.000, 0.272, 0.000, 0.000, 0.356, -0.979, 0.341, 0.000, 19.68
0, 0, 0.000, 0.012, 0.000, 0.000, 0.300, 0.000, 0.000, 0.339, -0.977, 0.326, 0.000, 19.65
1, 1, 0.000, -0.023, 0.000, 0.000, -0.596, 0.000, 0.000, 2.820, -12.791, -3.493, -14.082, 20.00
1, 1, 0.000, -0.020, 0.000, 0.000, -0.529, 0.000, 0.000, 2.959, -12.791, 0.000, -10.381, 20.00
1, 1, 0.000, -0.019, 0.000, 0.000, -0.472, 0.000, 0.000, 3.067, -11.582, 0.000, -9.006, 20.00
1, 1, 0.000, -0.018, 0.000, 0.000, -0.422, 0.000, 0.000, 3.159, -9.787, 0.000, -7.067, 20.00
1, 1, 0.000, -0.017, 0.000, 0.000, -0.378, 0.000, 0.000, 3.239, -8.013, 0.000, -5.168, 20.00
1, 1, 0.000, -0.013, 0.000, 0.000, -0.261, 0.000, 0.000, 3.312, -6.259, 0.000, -3.220, 20.00
1, 1, 0.000, -0.009, 0.000, 0.000, -0.170, 0.000, 0.000, 3.379, -5.101, 0.000, -1.901, 20.00
1, 1, 0.000, -0.008, 0.000, 0.000, -0.150, 0.000, 0.000, 3.441, -5.101, 0.000, -1.818, 20.00
0, 0, 0.000, -0.018, 0.000, 0.000, -0.338, 0.000, 0.000, 1.001, -0.471, -0.175, -0.000, 20.02
0, 0, 0.000, -0.023, 0.000, 0.000, -0.451, 0.000, 0.000, 0.902, -0.518, 0.091, -0.000, 20.01
0, 0, 0.000, -0.023, 0.000, 0.000, -0.466, 0.000, 0.000, 0.829, -0.612, 0.272, -0.000, 19.98
0, 0, 0.000, -0.020, 0.000, 0.000, -0.426, 0.000, 0.000, 0.771, -0.658, 0.333, -0.000, 19.95
0, 0, 0.000, -0.017, 0.000, 0.000, -0.366, 0.000, 0.000, 0.722, -0.703, 0.364, -0.000, 19.91
0, 0, 0.000, -0.015, 0.000, 0.000, -0.324, 0.000, 0.000, 0.679, -0.700, 0.360, 0.000, 19.88
0, 0, 0.000, -0.012, 0.000, 0.000, -0.265, 0.000, 0.000, 0.641, -0.697, 0.334, 0.000, 19.84
0, 0, 0.000, -0.009, 0.000, 0.000, -0.199, 0.000, 0.000, 0.606, -0.743, 0.345, -0.000, 19.81
0, 0, 0.000, -0.006, 0.000, 0.000, -0.141, 0.000, 0.000, 0.574, -0.740, 0.314, -0.000, 19.78
0, 0, 0.000, -0.004, 0.000, 0.000, -0.093, 0.000, 0.000, 0.544, -0.738, 0.291, 0.000, 19.75
0, 0, 0.000, -0.002, 0.000, 0.000, -0.054, 0.000, 0.000, 0.517, -0.736, 0.275, -0.000, 19.72
0, 0, 0.000, -0.001, 0.000, 0.000, -0.012, 0.000, 0.000, 0.491, -0.782, 0.304, 0.000, 19.69
0, 0, 0.000, 0.001, 0.000, 0.000, 0.023, 0.000, 0.000, 0.467, -0.779, 0.289, -0.000, 19.66
0, 0, 0.000, 0.003, 0.000, 0.000, 0.062, 0.000, 0.000, 0.444, -0.826, 0.317, -0.000, 19.63
0, 0, 0.000, 0.004, 0.000, 0.000, 0.094, 0.000, 0.000, 0.423, -0.823, 0.302, -0.000, 19.60
0, 0, 0.000, 0.005, 0.000, 0.000, 0.121, 0.000, 0.000, 0.402, -0.821, 0.292, 0.000, 19.57
1, 1, 0.000, -0.042, 0.000, 0.000, -1.006, 0.000, 0.000, 2.881, -10.981, -4.308, -13.456, 20.00
1, 1, 0.000, -0.038, 0.000, 0.000, -0.907, 0.000, 0.000, 3.017, -10.981, 0.000, -8.909, 20.00
1, 1, 0.000, -0.035, 0.000, 0.000, -0.830, 0.000, 0.000, 3.122, -10.383, 0.000, -8.125, 20.00
1, 1, 0.000, -0.034, 0.000, 0.000, -0.757, 0.000, 0.000, 3.211, -8.602, 0.000, -6.181, 20.00
1, 1, 0.000, -0.033, 0.000, 0.000, -0.704, 0.000, 0.000, 3.290, -8.013, 0.000, -5.459, 20.00
1, 1, 0.000, -0.033, 0.000, 0.000, -0.646, 0.000, 0.000, 3.361, -6.259, 0.000, -3.577, 20.00
1, 1, 0.000, -0.020, 0.000, 0.000, -0.323, 0.000, 0.000, 3.425, -3.381, 0.000, -0.299, 20.00
1, 0, 0.000, -0.035, 0.000, 0.000, -0.533, 0.000, 0.000, 3.485, -2.307, -0.610, -0.000, 20.06
0, 0, 0.000, -0.042, 0.000, 0.000, -0.623, 0.000, 0.000, 1.043, -0.192, -0.186, 0.000, 20.08
0, 0, 0.000, -0.042, 0.000, 0.000, -0.617, 0.000, 0.000, 0.941, -0.193, -0.089, -0.000, 20.09
0, 0, 0.000, -0.043, 0.000, 0.000, -0.645, 0.000, 0.000, 0.867, -0.239, 0.060, -0.000, 20.08
0, 0, 0.000, -0.046, 0.000, 0.000, -0.729, 0.000, 0.000, 0.807, -0.331, 0.298, 0.000, 20.05
0, 0, 0.000, -0.044, 0.000, 0.000, -0.711, 0.000, 0.000, 0.757, -0.375, 0.373, -0.000, 20.02
0, 0, 0.000, -0.038, 0.000, 0.000, -0.637, 0.000, 0.000, 0.712, -0.420, 0.383, 0.000, 19.98
0, 0, 0.000, -0.032, 0.000, 0.000, -0.543, 0.000, 0.000, 0.672, -0.464, 0.366, -0.000, 19.94
0, 0, 0.000, -0.026, 0.000, 0.000, -0.448, 0.000, 0.000, 0.636, -0.509, 0.347, -0.000, 19.91
0, 0, 0.000, -0.020, 0.000, 0.000, -0.361, 0.000, 0.000, 0.602, -0.554, 0.334, 0.000, 19.87
0, 0, 0.000, -0.015, 0.000, 0.000, -0.282, 0.000, 0.000, 0.571, -0.600, 0.326, -0.000, 19.84
0, 0, 0.000, -0.012, 0.000, 0.000, -0.219, 0.000, 0.000, 0.543, -0.597, 0.286, 0.000, 19.81
0, 0, 0.000, -0.008, 0.000, 0.000, -0.160, 0.000, 0.000, 0.516, -0.643, 0.297, -0.000, 19.78
0, 0, 0.000, -0.005, 0.000, 0.000, -0.095, 0.000, 0.000, 0.490, -0.738, 0.348, -0.000, 19.75
0, 0, 0.000, -0.002, 0.000, 0.000, -0.033, 0.000, 0.000, 0.467, -0.784, 0.352, 0.000, 19.71
0, 0, 0.000, 0.001, 0.000, 0.000, 0.026, 0.000, 0.000, 0.444, -0.830, 0.359, 0.000, 19.68
0, 0, 0.000, 0.004, 0.000, 0.000, 0.082, 0.000, 0.000, 0.423, -0.876, 0.368, -0.000, 19.64
1, 1, 0.000, -0.036, 0.000, 0.000, -0.801, 0.000, 0.000, 2.901, -11.582, -3.611, -13.129, 20.00
1, 1, 0.000, -0.031, 0.000, 0.000, -0.728, 0.000, 0.000, 3.035, -12.185, 0.000, -9.909, 20.00
1, 1, 0.000, -0.029, 0.000, 0.000, -0.661, 0.000, 0.000, 3.140, -10.981, 0.000, -8.531, 20.00
1, 1, 0.000, -0.029, 0.000, 0.000, -0.595, 0.000, 0.000, 3.228, -8.602, 0.000, -5.997, 20.00
1, 1, 0.000, -0.029, 0.000, 0.000, -0.537, 0.000, 0.000, 3.306, -6.259, 0.000, -3.519, 20.00
1, 1, 0.000, -0.020, 0.000, 0.000, -0.313, 0.000, 0.000, 3.376, -3.952, 0.000, -0.909, 20.00
1, 0, 0.000, -0.025, 0.000, 0.000, -0.349, 0.000, 0.000, 3.440, -2.321, -0.745, -0.000, 20.07
1, 0, 0.000, -0.067, 0.000, 0.000, -0.847, 0.000, 0.000, 3.499, -1.321, -1.264, 0.000, 20.20
0, 0, 0.000, -0.058, 0.000, 0.000, -0.718, 0.000, 0.000, 1.056, -0.111, -0.170, 0.000, 20.22
0, 0, 0.000, -0.056, 0.000, 0.000, -0.671, 0.000, 0.000, 0.954, -0.111, -0.115, 0.000, 20.23
0, 0, 0.000, -0.052, 0.000, 0.000, -0.637, 0.000, 0.000, 0.879, -0.158, -0.032, -0.000, 20.23
0, 0, 0.000, -0.042, 0.000, 0.000, -0.548, 0.000, 0.000, 0.819, -0.252, 0.022, 0.000, 20.23
0, 0, 0.000, -0.048, 0.000, 0.000, -0.673, 0.000, 0.000, 0.768, -0.343, 0.296, 0.000, 20.20
0, 0, 0.000, -0.046, 0.000, 0.000, -0.683, 0.000, 0.000, 0.723, -0.387, 0.394, -0.000, 20.16
0, 0, 0.000, -0.040, 0.000, 0.000, -0.608, 0.000, 0.000, 0.682, -0.432, 0.397, -0.000, 20.12
0, 0, 0.000, -0.033, 0.000, 0.000, -0.510, 0.000, 0.000, 0.645, -0.476, 0.373, 0.000, 20.08
0, 0, 0.000, -0.026, 0.000, 0.000, -0.413, 0.000, 0.000, 0.612, -0.521, 0.348, 0.000, 20.05
0, 0, 0.000, -0.020, 0.000, 0.000, -0.332, 0.000, 0.000, 0.580, -0.519, 0.291, 0.000, 20.02
0, 0, 0.000, -0.015, 0.000, 0.000, -0.251, 0.000, 0.000, 0.551, -0.612, 0.327, -0.000, 19.99
0, 0, 0.000, -0.011, 0.000, 0.000, -0.186, 0.000, 0.000, 0.524, -0.610, 0.283, -0.000, 19.96
0, 0, 0.000, -0.007, 0.000, 0.000, -0.126, 0.000, 0.000, 0.498, -0.656, 0.291, -0.000, 19.93
0, 0, 0.000, -0.004, 0.000, 0.000, -0.069, 0.000, 0.000, 0.474, -0.702, 0.301, -0.000, 19.90
0, 0, 0.000, -0.001, 0.000, 0.000, -0.023, 0.000, 0.000, 0.451, -0.700, 0.273, -0.000, 19.87
0, 0, 0.000, 0.001, 0.000, 0.000, 0.022, 0.000, 0.000, 0.430, -0.746, 0.293, -0.000, 19.84
1, 1, 0.000, -0.004, 0.000, 0.000, -0.082, 0.000, 0.000, 2.907, -9.787, -1.564, -8.530, 20.00
1, 1, 0.000, -0.003, 0.000, 0.000, -0.069, 0.000, 0.000, 3.041, -10.383, 0.000, -7.414, 20.00
1, 1, 0.000, -0.003, 0.000, 0.000, -0.058, 0.000, 0.000, 3.146, -10.383, 0.000, -7.298, 20.00
1, 1, 0.000, -0.002, 0.000, 0.000, -0.046, 0.000, 0.000, 3.234, -9.787, 0.000, -6.602, 20.00
1, 1, 0.000, -0.002, 0.000, 0.000, -0.042, 0.000, 0.000, 3.311, -9.787, 0.000, -6.519, 20.00
1, 1, 0.000, -0.002, 0.000, 0.000, -0.033, 0.000, 0.000, 3.381, -9.193, 0.000, -5.847, 20.00
1, 1, 0.000, -0.001, 0.000, 0.000, -0.026, 0.000, 0.000, 3.445, -8.602, 0.000, -5.184, 20.00
1, 1, 0.000, -0.001, 0.000, 0.000, -0.019, 0.000, 0.000, 3.504, -8.013, 0.000, -4.529, 20.00
0, 0, 0.000, -0.017, 0.000, 0.000, -0.320, 0.000, 0.000, 1.061, -0.614, -0.109, -0.000, 20.01
0, 0, 0.000, -0.021, 0.000, 0.000, -0.372, 0.000, 0.000, 0.958, -0.566, 0.000, 0.000, 20.01
0, 0, 0.000, -0.024, 0.000, 0.000, -0.432, 0.000, 0.000, 0.883, -0.565, 0.137, -0.000, 20.00
0, 0, 0.000, -0.025, 0.000, 0.000, -0.456, 0.000, 0.000, 0.823, -0.563, 0.222, 0.000, 19.97
0, 0, 0.000, -0.023, 0.000, 0.000, -0.441, 0.000, 0.000, 0.772, -0.609, 0.301, 0.000, 19.94
0, 0, 0.000, -0.021, 0.000, 0.000, -0.398, 0.000, 0.000, 0.726, -0.654, 0.347, 0.000, 19.91
0, 0, 0.000, -0.017, 0.000, 0.000, -0.330, 0.000, 0.000, 0.686, -0.700, 0.361, -0.000, 19.87
0, 0, 0.000, -0.013, 0.000, 0.000, -0.264, 0.000, 0.000, 0.649, -0.697, 0.326, -0.000, 19.84
0, 0, 0.000, -0.010, 0.000, 0.000, -0.198, 0.000, 0.000, 0.614, -0.743, 0.337, 0.000, 19.81
0, 0, 0.000, -0.006, 0.000, 0.000, -0.134, 0.000, 0.000, 0.583, -0.789, 0.347, 0.000, 19.77
0, 0, 0.000, -0.004, 0.000, 0.000, -0.081, 0.000, 0.000, 0.554, -0.786, 0.318, -0.000, 19.74
0, 0, 0.000, -0.001, 0.000, 0.000, -0.020, 0.000, 0.000, 0.526, -0.882, 0.377, -0.000, 19.70
0, 0, 0.000, 0.002, 0.000, 0.000, 0.040, 0.000, 0.000, 0.501, -0.928, 0.386, 0.000, 19.67
0, 0, 0.000, 0.004, 0.000, 0.000, 0.107, 0.000, 0.000, 0.476, -1.024, 0.436, 0.000, 19.62
0, 0, 0.000, 0.007, 0.000, 0.000, 0.170, 0.000, 0.000, 0.453, -1.070, 0.439, 0.000, 19.58
0, 0, 0.000, 0.009, 0.000, 0.000, 0.240, 0.000, 0.000, 0.432, -1.167, 0.486, 0.000, 19.53
1, 1, 0.000, -0.032, 0.000, 0.000, -0.864, 0.000, 0.000, 2.909, -15.237, -4.711, -17.935, 20.00
1, 1, 0.000, -0.028, 0.000, 0.000, -0.780, 0.000, 0.000, 3.043, -16.474, 0.000, -14.239, 20.00
1, 1, 0.000, -0.026, 0.000, 0.000, -0.702, 0.000, 0.000, 3.148, -15.237, 0.000, -12.817, 20.00
1, 1, 0.000, -0.025, 0.000, 0.000, -0.625, 0.000, 0.000, 3.236, -12.185, 0.000, -9.599, 20.00
1, 1, 0.000, -0.024, 0.000, 0.000, -0.567, 0.000, 0.000, 3.313, -10.383, 0.000, -7.661, 20.00
1, 1, 0.000, -0.024, 0.000, 0.000, -0.511, 0.000, 0.000, 3.383, -8.013, 0.000, -5.165, 20.00
1, 1, 0.000, -0.017, 0.000, 0.000, -0.312, 0.000, 0.000, 3.446, -5.101, 0.000, -1.984, 20.00
1, 0, 0.000, -0.008, 0.000, 0.000, -0.127, 0.000, 0.000, 3.505, -2.864, -0.506, -0.000, 20.05
0, 0, 0.000, -0.004, 0.000, 0.000, -0.058, 0.000, 0.000, 1.062, -0.150, -0.849, -0.000, 20.14
0, 0, 0.000, -0.023, 0.000, 0.000, -0.328, 0.000, 0.000, 0.960, -0.154, -0.454, 0.000, 20.18
0, 0, 0.000, -0.024, 0.000, 0.000, -0.344, 0.000, 0.000, 0.884, -0.203, -0.312, -0.000, 20.21
0, 0, 0.000, -0.006, 0.000, 0.000, -0.088, 0.000, 0.000, 0.824, -0.301, -0.430, 0.000, 20.26
0, 0, 0.000, -0.034, 0.000, 0.000, -0.544, 0.000, 0.000, 0.773, -0.394, 0.198, -0.000, 20.24
0, 0, 0.000, -0.041, 0.000, 0.000, -0.692, 0.000, 0.000, 0.727, -0.438, 0.444, -0.000, 20.19
0, 0, 0.000, -0.038, 0.000, 0.000, -0.652, 0.000, 0.000, 0.687, -0.481, 0.484, -0.000, 20.14
0, 0, 0.000, -0.030, 0.000, 0.000, -0.543, 0.000, 0.000, 0.650, -0.573, 0.497, -0.000, 20.09
0, 0, 0.000, -0.023, 0.000, 0.000, -0.425, 0.000, 0.000, 0.615, -0.618, 0.450, -0.000, 20.05
0, 0, 0.000, -0.017, 0.000, 0.000, -0.316, 0.000, 0.000, 0.584, -0.663, 0.411, 0.000, 20.01
0, 0, 0.000, -0.011, 0.000, 0.000, -0.220, 0.000, 0.000, 0.555, -0.708, 0.385, -0.000, 19.97
0, 0, 0.000, -0.007, 0.000, 0.000, -0.136, 0.000, 0.000, 0.527, -0.754, 0.369, -0.000, 19.93
0, 0, 0.000, -0.003, 0.000, 0.000, -0.061, 0.000, 0.000, 0.501, -0.800, 0.363, -0.000, 19.90
0, 0, 0.000, -0.000, 0.000, 0.000, -0.003, 0.000, 0.000, 0.477, -0.797, 0.323, 0.000, 19.86
0, 0, 0.000, 0.002, 0.000, 0.000, 0.051, 0.000, 0.000, 0.454, -0.843, 0.336, -0.000, 19.83
0, 0, 0.000, 0.005, 0.000, 0.000, 0.103, 0.000, 0.000, 0.432, -0.890, 0.349, -0.000, 19.79
1, 1, 0.000, -0.008, 0.000, 0.000, -0.174, 0.000, 0.000, 0.412, -0.907, -2.057, -2.734, 20.00
1, 1, 0.000, -0.006, 0.000, 0.000, -0.147, 0.000, 0.000, 0.393, -0.957, 0.000, -0.718, 20.00
1, 1, 0.000, -0.006, 0.000, 0.000, -0.129, 0.000, 0.000, 0.374, -0.907, 0.000, -0.668, 20.00
1, 1, 0.000, -0.005, 0.000, 0.000, -0.116, 0.000, 0.000, 0.357, -0.809, 0.000, -0.574, 20.00
1, 1, 0.000, -0.005, 0.000, 0.000, -0.106, 0.000, 0.000, 0.340, -0.711, 0.000, -0.482, 20.00
1, 1, 0.000, -0.005, 0.000, 0.000, -0.098, 0.000, 0.000, 0.324, -0.613, 0.000, -0.392, 20.00
1, 1, 0.000, -0.004, 0.000, 0.000, -0.084, 0.000, 0.000, 0.309, -0.565, 0.000, -0.344, 20.00
1, 1, 0.000, -0.002, 0.000, 0.000, -0.027, 0.000, 0.000, 0.295, -0.469, 0.000, -0.203, 20.00
0, 0, 0.000, -0.002, 0.000, 0.000, -0.043, 0.000, 0.000, 0.282, -0.515, 0.279, -0.000, 19.97
0, 0, 0.000, -0.000, 0.000, 0.000, -0.005, 0.000, 0.000, 0.269, -0.513, 0.250, 0.000, 19.95
0, 0, 0.000, 0.002, 0.000, 0.000, 0.032, 0.000, 0.000, 0.256, -0.511, 0.221, 0.000, 19.93
0, 0, 0.000, 0.001, 0.000, 0.000, 0.016, 0.000, 0.000, 0.244, -0.604, 0.343, 0.000, 19.89
0, 0, 0.000, 0.002, 0.000, 0.000, 0.034, 0.000, 0.000, 0.233, -0.649, 0.380, 0.000, 19.85
0, 0, 0.000, 0.003, 0.000, 0.000, 0.064, 0.000, 0.000, 0.222, -0.646, 0.357, -0.000, 19.82
0, 0, 0.000, 0.006, 0.000, 0.000, 0.113, 0.000, 0.000, 0.212, -0.692, 0.361, 0.000, 19.78
0, 0, 0.000, 0.008, 0.000, 0.000, 0.166, 0.000, 0.000, 0.202, -0.738, 0.361, 0.000, 19.74
0, 0, 0.000, 0.010, 0.000, 0.000, 0.218, 0.000, 0.000, 0.193, -0.784, 0.362, -0.000, 19.71
0, 0, 0.000, 0.012, 0.000, 0.000, 0.267, 0.000, 0.000, 0.184, -0.830, 0.366, 0.000, 19.67
0, 0, 0.000, 0.014, 0.000, 0.000, 0.314, 0.000, 0.000, 0.176, -0.876, 0.372, 0.000, 19.63
0, 0, 0.000, 0.015, 0.000, 0.000, 0.358, 0.000, 0.000, 0.168, -0.922, 0.381, -0.000, 19.60
0, 0, 0.000, 0.017, 0.000, 0.000, 0.410, 0.000, 0.000, 0.160, -1.018, 0.431, -0.000, 19.55
0, 0, 0.000, 0.018, 0.000, 0.000, 0.459, 0.000, 0.000, 0.152, -1.064, 0.434, 0.000, 19.51
0, 0, 0.000, 0.020, 0.000, 0.000, 0.505, 0.000, 0.000, 0.145, -1.111, 0.441, -0.000, 19.47
0, 0, 0.000, 0.021, 0.000, 0.000, 0.559, 0.000, 0.000, 0.139, -1.208, 0.490, 0.000, 19.42
1, 1, 0.000, -0.045, 0.000, 0.000, -1.245, 0.000, 0.000, 2.630, -15.854, -5.829, -20.343, 20.00
1, 1, 0.000, -0.039, 0.000, 0.000, -1.128, 0.000, 0.000, 2.778, -17.097, 0.000, -15.487, 20.00
1, 1, 0.000, -0.037, 0.000, 0.000, -1.020, 0.000, 0.000, 2.895, -15.237, 0.000, -13.398, 20.00
1, 1, 0.000, -0.036, 0.000, 0.000, -0.921, 0.000, 0.000, 2.994, -12.185, 0.000, -10.148, 20.00
1, 1, 0.000, -0.035, 0.000, 0.000, -0.845, 0.000, 0.000, 3.083, -10.383, 0.000, -8.180, 20.00
1, 1, 0.000, -0.036, 0.000, 0.000, -0.772, 0.000, 0.000, 3.163, -8.013, 0.000, -5.657, 20.00
1, 1, 0.000, -0.036, 0.000, 0.000, -0.703, 0.000, 0.000, 3.237, -6.259, 0.000, -3.760, 20.00
1, 1, 0.000, 0.014, 0.000, 0.000, 0.247, 0.000, 0.000, 3.306, -4.526, 0.000, -0.959, 20.00
0, 0, 0.000, 0.014, 0.000, 0.000, 0.218, 0.000, 0.000, 0.872, -0.286, -0.817, 0.000, 20.08
0, 0, 0.000, -0.005, 0.000, 0.000, -0.076, 0.000, 0.000, 0.778, -0.243, -0.454, 0.000, 20.13
0, 0, 0.000, -0.014, 0.000, 0.000, -0.225, 0.000, 0.000, 0.711, -0.292, -0.181, -0.000, 20.15
0, 0, 0.000, -0.021, 0.000, 0.000, -0.369, 0.000, 0.000, 0.659, -0.432, 0.164, -0.000, 20.13
0, 0, 0.000, -0.027, 0.000, 0.000, -0.511, 0.000, 0.000, 0.615, -0.572, 0.494, -0.000, 20.08
0, 0, 0.000, -0.025, 0.000, 0.000, -0.488, 0.000, 0.000, 0.577, -0.616, 0.551, -0.000, 20.02
0, 0, 0.000, -0.019, 0.000, 0.000, -0.381, 0.000, 0.000, 0.543, -0.708, 0.564, -0.000, 19.97
0, 0, 0.000, -0.012, 0.000, 0.000, -0.261, 0.000, 0.000, 0.513, -0.752, 0.513, -0.000, 19.92
0, 0, 0.000, -0.007, 0.000, 0.000, -0.149, 0.000, 0.000, 0.485, -0.797, 0.469, -0.000, 19.87
0, 0, 0.000, -0.002, 0.000, 0.000, -0.042, 0.000, 0.000, 0.459, -0.892, 0.477, 0.000, 19.82
0, 0, 0.000, 0.002, 0.000, 0.000, 0.050, 0.000, 0.000, 0.436, -0.938, 0.450, 0.000, 19.78
0, 0, 0.000, 0.006, 0.000, 0.000, 0.139, 0.000, 0.000, 0.414, -1.033, 0.474, 0.000, 19.73
0, 0, 0.000, 0.009, 0.000, 0.000, 0.218, 0.000, 0.000, 0.393, -1.079, 0.460, 0.000, 19.68
0, 0, 0.000, 0.011, 0.000, 0.000, 0.297, 0.000, 0.000, 0.374, -1.176, 0.494, -0.000, 19.63
0, 0, 0.000, 0.014, 0.000, 0.000, 0.367, 0.000, 0.000, 0.356, -1.223, 0.487, 0.000, 19.59
0, 0, 0.000, 0.015, 0.000, 0.000, 0.429, 0.000, 0.000, 0.339, -1.269, 0.486, -0.000, 19.54
1, 1, 0.000, -0.033, 0.000, 0.000, -0.951, 0.000, 0.000, 2.820, -17.097, -4.631, -19.892, 20.00
1, 1, 0.000, -0.029, 0.000, 0.000, -0.855, 0.000, 0.000, 2.959, -17.097, 0.000, -15.022, 20.00
1, 1, 0.000, -0.027, 0.000, 0.000, -0.776, 0.000, 0.000, 3.067, -15.854, 0.000, -13.590, 20.00
1, 1, 0.000, -0.013, 0.000, 0.000, -0.343, 0.000, 0.000, 3.159, -12.185, 0.000, -9.383, 20.00
1, 1, 0.000, -0.003, 0.000, 0.000, -0.073, 0.000, 0.000, 3.239, -8.602, 0.000, -5.438, 20.00
1, 1, 0.000, 0.002, 0.000, 0.000, 0.046, 0.000, 0.000, 3.312, -5.679, 0.000, -2.318, 20.00
1, 0, 0.000, 0.018, 0.000, 0.000, 0.297, 0.000, 0.000, 3.379, -3.410, -0.284, 0.000, 20.03
1, 0, 0.000, 0.027, 0.000, 0.000, 0.399, 0.000, 0.000, 3.441, -1.907, -1.960, 0.000, 20.22
0, 0, 0.000, 0.017, 0.000, 0.000, 0.219, 0.000, 0.000, 1.001, -0.029, -1.208, 0.000, 20.35
0, 0, 0.000, -0.015, 0.000, 0.000, -0.179, 0.000, 0.000, 0.902, -0.034, -0.673, 0.000, 20.41
0, 0, 0.000, -0.020, 0.000, 0.000, -0.246, 0.000, 0.000, 0.829, -0.084, -0.479, 0.000, 20.46
0, 0, 0.000, -0.008, 0.000, 0.000, -0.107, 0.000, 0.000, 0.771, -0.135, -0.521, 0.000, 20.51
0, 0, 0.000, -0.042, 0.000, 0.000, -0.616, 0.000, 0.000, 0.722, -0.273, 0.209, -0.000, 20.49
0, 0, 0.000, -0.049, 0.000, 0.000, -0.759, 0.000, 0.000, 0.679, -0.364, 0.493, -0.000, 20.44
0, 0, 0.000, -0.043, 0.000, 0.000, -0.694, 0.000, 0.000, 0.641, -0.454, 0.550, -0.000, 20.39
0, 0, 0.000, -0.033, 0.000, 0.000, -0.560, 0.000, 0.000, 0.606, -0.545, 0.533, -0.000, 20.33
0, 0, 0.000, -0.024, 0.000, 0.000, -0.423, 0.000, 0.000, 0.574, -0.590, 0.463, -0.000, 20.29
0, 0, 0.000, -0.016, 0.000, 0.000, -0.292, 0.000, 0.000, 0.544, -0.683, 0.446, -0.000, 20.24
0, 0, 0.000, -0.009, 0.000, 0.000, -0.179, 0.000, 0.000, 0.517, -0.728, 0.400, 0.000, 20.20
0, 0, 0.000, -0.004, 0.000, 0.000, -0.075, 0.000, 0.000, 0.491, -0.822, 0.410, -0.000, 20.16
0, 0, 0.000, 0.001, 0.000, 0.000, 0.024, 0.000, 0.000, 0.467, -0.918, 0.425, 0.000, 20.12
0, 0, 0.000, 0.005, 0.000, 0.000, 0.119, 0.000, 0.000, 0.444, -1.013, 0.444, 0.000, 20.08
0, 0, 0.000, 0.009, 0.000, 0.000, 0.212, 0.000, 0.000, 0.423, -1.109, 0.466, -0.000, 20.03
0, 0, 0.000, 0.012, 0.000, 0.000, 0.302, 0.000, 0.000, 0.402, -1.206, 0.490, 0.000, 19.98
1, 1, 0.000, 0.024, 0.000, 0.000, 0.621, 0.000, 0.000, 2.881, -15.854, -0.203, -12.531, 20.00
1, 1, 0.000, 0.021, 0.000, 0.000, 0.580, 0.000, 0.000, 3.017, -16.474, 0.000, -12.857, 20.00
1, 1, 0.000, 0.021, 0.000, 0.000, 0.555, 0.000, 0.000, 3.122, -15.237, 0.000, -11.538, 20.00
1, 1, 0.000, 0.054, 0.000, 0.000, 1.271, 0.000, 0.000, 3.211, -11.582, 0.000, -7.045, 20.00
1, 1, 0.000, 0.077, 0.000, 0.000, 1.568, 0.000, 0.000, 3.290, -8.013, 0.000, -3.078, 20.00
1, 1, 0.000, 0.103, 0.000, 0.000, 1.833, 0.000, 0.000, 3.361, -5.679, 0.000, -0.383, 20.00
1, 0, 0.000, 0.087, 0.000, 0.000, 1.335, 0.000, 0.000, 3.425, -3.516, -1.331, 0.000, 20.13
1, 0, 0.000, 0.069, 0.000, 0.000, 0.930, 0.000, 0.000, 3.485, -2.060, -2.424, 0.000, 20.38
0, 0, 0.000, 0.044, 0.000, 0.000, 0.525, 0.000, 0.000, 1.043, -0.090, -1.522, 0.000, 20.53
0, 0, 0.000, 0.005, 0.000, 0.000, 0.055, 0.000, 0.000, 0.941, -0.052, -0.950, 0.000, 20.62
0, 0, 0.000, -0.007, 0.000, 0.000, -0.078, 0.000, 0.000, 0.867, -0.058, -0.724, 0.000, 20.70
0, 0, 0.000, -0.016, 0.000, 0.000, -0.193, 0.000, 0.000, 0.807, -0.200, -0.398, -0.000, 20.73
0, 0, 0.000, -0.042, 0.000, 0.000, -0.595, 0.000, 0.000, 0.757, -0.339, 0.220, -0.000, 20.71
0, 0, 0.000, -0.046, 0.000, 0.000, -0.683, 0.000, 0.000, 0.712, -0.430, 0.446, 0.000, 20.67
0, 0, 0.000, -0.040, 0.000, 0.000, -0.613, 0.000, 0.000, 0.672, -0.474, 0.455, -0.000, 20.62
0, 0, 0.000, -0.031, 0.000, 0.000, -0.500, 0.000, 0.000, 0.636, -0.518, 0.413, 0.000, 20.58
0, 0, 0.000, -0.022, 0.000, 0.000, -0.375, 0.000, 0.000, 0.602, -0.611, 0.406, 0.000, 20.54
0, 0, 0.000, -0.015, 0.000, 0.000, -0.262, 0.000, 0.000, 0.571, -0.656, 0.362, 0.000, 20.50
0, 0, 0.000, -0.009, 0.000, 0.000, -0.165, 0.000, 0.000, 0.543, -0.702, 0.333, 0.000, 20.47
0, 0, 0.000, -0.004, 0.000, 0.000, -0.080, 0.000, 0.000, 0.516, -0.748, 0.317, -0.000, 20.44
0, 0, 0.000, 0.000, 0.000, 0.000, 0.004, 0.000, 0.000, 0.490, -0.843, 0.349, 0.000, 20.40
0, 0, 0.000, 0.004, 0.000, 0.000, 0.078, 0.000, 0.000, 0.467, -0.890, 0.341, 0.000, 20.37
0, 0, 0.000, 0.007, 0.000, 0.000, 0.155, 0.000, 0.000, 0.444, -0.985, 0.379, -0.000, 20.33
0, 0, 0.000, 0.010, 0.000, 0.000, 0.234, 0.000, 0.000, 0.423, -1.082, 0.415, 0.000, 20.29
1, 1, 0.000, 0.098, 0.000, 0.000, 2.303, 0.000, 0.000, 2.901, -13.398, 2.914, -5.183, 20.00
1, 1, 0.000, 0.081, 0.000, 0.000, 1.972, 0.000, 0.000, 3.035, -14.009, 0.000, -8.920, 20.00
1, 1, 0.000, 0.080, 0.000, 0.000, 1.842, 0.000, 0.000, 3.140, -12.185, 0.000, -7.123, 20.00
1, 1, 0.000, 0.113, 0.000, 0.000, 2.382, 0.000, 0.000, 3.228, -9.787, 0.000, -4.063, 20.00
1, 1, 0.000, 0.112, 0.000, 0.000, 2.252, 0.000, 0.000, 3.306, -8.602, 0.000, -2.932, 20.00
1, 1, 0.000, 0.105, 0.000, 0.000, 2.055, 0.000, 0.000, 3.376, -8.013, 0.000, -2.476, 20.00
1, 1, 0.000, 0.104, 0.000, 0.000, 1.970, 0.000, 0.000, 3.440, -7.426, 0.000, -1.912, 20.00
1, 1, 0.000, 0.110, 0.000, 0.000, 2.015, 0.000, 0.000, 3.499, -6.841, 0.000, -1.217, 20.00
0, 0, 0.000, 0.067, 0.000, 0.000, 1.174, 0.000, 0.000, 1.056, -0.532, -1.765, 0.000, 20.18
0, 0, 0.000, 0.038, 0.000, 0.000, 0.651, 0.000, 0.000, 0.954, -0.541, -1.102, 0.000, 20.29
0, 0, 0.000, 0.028, 0.000, 0.000, 0.462, 0.000, 0.000, 0.879, -0.501, -0.869, 0.000, 20.37
0, 0, 0.000, 0.030, 0.000, 0.000, 0.496, 0.000, 0.000, 0.819, -0.508, -0.837, 0.000, 20.46
0, 0, 0.000, -0.003, 0.000, 0.000, -0.054, 0.000, 0.000, 0.768, -0.605, -0.106, -0.000, 20.47
0, 0, 0.000, -0.014, 0.000, 0.000, -0.261, 0.000, 0.000, 0.723, -0.700, 0.251, -0.000, 20.44
0, 0, 0.000, -0.014, 0.000, 0.000, -0.279, 0.000, 0.000, 0.682, -0.745, 0.356, 0.000, 20.41
0, 0, 0.000, -0.011, 0.000, 0.000, -0.223, 0.000, 0.000, 0.645, -0.791, 0.379, 0.000, 20.37
0, 0, 0.000, -0.007, 0.000, 0.000, -0.144, 0.000, 0.000, 0.612, -0.837, 0.377, -0.000, 20.33
0, 0, 0.000, -0.003, 0.000, 0.000, -0.064, 0.000, 0.000, 0.580, -0.883, 0.370, 0.000, 20.29
0, 0, 0.000, 0.001, 0.000, 0.000, 0.013, 0.000, 0.000, 0.551, -0.929, 0.365, -0.000, 20.26
0, 0, 0.000, 0.004, 0.000, 0.000, 0.083, 0.000, 0.000, 0.524, -0.976, 0.366, 0.000, 20.22
0, 0, 0.000, 0.006, 0.000, 0.000, 0.148, 0.000, 0.000, 0.498, -1.023, 0.370, -0.000, 20.18
0, 0, 0.000, 0.009, 0.000, 0.000, 0.209, 0.000, 0.000, 0.474, -1.069, 0.378, 0.000, 20.15
0, 0, 0.000, 0.011, 0.000, 0.000, 0.256, 0.000, 0.000, 0.451, -1.066, 0.348, 0.000, 20.11
0, 0, 0.000, 0.012, 0.000, 0.000, 0.303, 0.000, 0.000, 0.430, -1.113, 0.369, -0.000, 20.08
1, 1, 0.000, 0.058, 0.000, 0.000, 1.499, 0.000, 0.000, 2.907, -14.009, 0.750, -8.794, 20.00
1, 1, 0.000, 0.054, 0.000, 0.000, 1.411, 0.000, 0.000, 3.041, -14.009, 0.000, -9.502, 20.00
1, 1, 0.000, 0.053, 0.000, 0.000, 1.341, 0.000, 0.000, 3.146, -12.791, 0.000, -8.250, 20.00
1, 1, 0.000, 0.062, 0.000, 0.000, 1.441, 0.000, 0.000, 3.234, -10.383, 0.000, -5.645, 20.00
1, 1, 0.000, 0.059, 0.000, 0.000, 1.300, 0.000, 0.000, 3.311, -9.193, 0.000, -4.523, 20.00
1, 1, 0.000, 0.060, 0.000, 0.000, 1.267, 0.000, 0.000, 3.381, -8.013, 0.000, -3.304, 20.00
1, 1, 0.000, 0.058, 0.000, 0.000, 1.206, 0.000, 0.000, 3.445, -8.013, 0.000, -3.304, 20.00
1, 1, 0.000, 0.060, 0.000, 0.000, 1.216, 0.000, 0.000, 3.504, -7.426, 0.000, -2.646, 20.00
0, 0, 0.000, 0.033, 0.000, 0.000, 0.641, 0.000, 0.000, 1.061, -0.575, -1.160, 0.000, 20.12
0, 0, 0.000, 0.014, 0.000, 0.000, 0.277, 0.000, 0.000, 0.958, -0.581, -0.669, 0.000, 20.18
0, 0, 0.000, -0.000, 0.000, 0.000, -0.002, 0.000, 0.000, 0.883, -0.583, -0.298, -0.000, 20.21
0, 0, 0.000, -0.009, 0.000, 0.000, -0.193, 0.000, 0.000, 0.823, -0.680, 0.059, 0.000, 20.21
0, 0, 0.000, -0.013, 0.000, 0.000, -0.268, 0.000, 0.000, 0.772, -0.726, 0.235, -0.000, 20.18
0, 0, 0.000, -0.012, 0.000, 0.000, -0.265, 0.000, 0.000, 0.726, -0.772, 0.323, -0.000, 20.15
0, 0, 0.000, -0.010, 0.000, 0.000, -0.213, 0.000, 0.000, 0.686, -0.818, 0.356, 0.000, 20.12
0, 0, 0.000, -0.006, 0.000, 0.000, -0.136, 0.000, 0.000, 0.649, -0.914, 0.407, -0.000, 20.07
0, 0, 0.000, -0.002, 0.000, 0.000, -0.057, 0.000, 0.000, 0.614, -0.960, 0.405, -0.000, 20.03
0, 0, 0.000, 0.001, 0.000, 0.000, 0.017, 0.000, 0.000, 0.583, -1.006, 0.405, 0.000, 19.99
0, 0, 0.000, 0.003, 0.000, 0.000, 0.087, 0.000, 0.000, 0.554, -1.053, 0.409, 0.000, 19.95
0, 0, 0.000, 0.006, 0.000, 0.000, 0.152, 0.000, 0.000, 0.526, -1.099, 0.415, -0.000, 19.91
0, 0, 0.000, 0.008, 0.000, 0.000, 0.213, 0.000, 0.000, 0.501, -1.146, 0.424, -0.000, 19.87
0, 0, 0.000, 0.010, 0.000, 0.000, 0.281, 0.000, 0.000, 0.476, -1.243, 0.476, 0.000, 19.82
0, 0, 0.000, 0.012, 0.000, 0.000, 0.345, 0.000, 0.000, 0.453, -1.290, 0.480, 0.000, 19.77
0, 0, 0.000, 0.014, 0.000, 0.000, 0.405, 0.000, 0.000, 0.432, -1.337, 0.487, 0.000, 19.72
1, 1, 0.000, 0.012, 0.000, 0.000, 0.356, 0.000, 0.000, 2.909, -17.722, -2.754, -17.199, 20.00
1, 1, 0.000, 0.012, 0.000, 0.000, 0.367, 0.000, 0.000, 3.043, -17.722, 0.000, -14.300, 20.00
1, 1, 0.000, 0.012, 0.000, 0.000, 0.365, 0.000, 0.000, 3.148, -17.722, 0.000, -14.198, 20.00
1, 1, 0.000, 0.012, 0.000, 0.000, 0.361, 0.000, 0.000, 3.236, -17.097, 0.000, -13.488, 20.00
1, 1, 0.000, 0.012, 0.000, 0.000, 0.364, 0.000, 0.000, 3.313, -15.237, 0.000, -11.547, 20.00
1, 1, 0.000, 0.014, 0.000, 0.000, 0.370, 0.000, 0.000, 3.383, -12.791, 0.000, -9.025, 20.00
1, 1, 0.000, 0.014, 0.000, 0.000, 0.364, 0.000, 0.000, 3.446, -11.582, 0.000, -7.757, 20.00
1, 1, 0.000, 0.014, 0.000, 0.000, 0.359, 0.000, 0.000, 3.505, -10.383, 0.000, -6.505, 20.00
0, 0, 0.000, 0.005, 0.000, 0.000, 0.112, 0.000, 0.000, 1.062, -0.763, -0.416, -0.000, 20.04
0, 0, 0.000, 0.001, 0.000, 0.000, 0.015, 0.000, 0.000, 0.960, -0.716, -0.259, 0.000, 20.07
0, 0, 0.000, -0.001, 0.000, 0.000, -0.012, 0.000, 0.000, 0.884, -0.718, -0.154, -0.000, 20.08
0, 0, 0.000, 0.001, 0.000, 0.000, 0.026, 0.000, 0.000, 0.824, -0.719, -0.132, 0.000, 20.10
0, 0, 0.000, -0.009, 0.000, 0.000, -0.226, 0.000, 0.000, 0.773, -0.814, 0.277, 0.000, 20.07
0, 0, 0.000, -0.013, 0.000, 0.000, -0.330, 0.000, 0.000, 0.727, -0.860, 0.475, -0.000, 20.02
0, 0, 0.000, -0.011, 0.000, 0.000, -0.288, 0.000, 0.000, 0.687, -0.954, 0.566, 0.000, 19.96
0, 0, 0.000, -0.007, 0.000, 0.000, -0.195, 0.000, 0.000, 0.650, -0.999, 0.552, -0.000, 19.91
0, 0, 0.000, -0.004, 0.000, 0.000, -0.094, 0.000, 0.000, 0.615, -1.044, 0.527, 0.000, 19.86
0, 0, 0.000, 0.000, 0.000, 0.000, 0.001, 0.000, 0.000, 0.584, -1.090, 0.505, 0.000, 19.81
0, 0, 0.000, 0.003, 0.000, 0.000, 0.097, 0.000, 0.000, 0.555, -1.186, 0.532, 0.000, 19.75
0, 0, 0.000, 0.006, 0.000, 0.000, 0.183, 0.000, 0.000, 0.527, -1.233, 0.517, 0.000, 19.70
0, 0, 0.000, 0.009, 0.000, 0.000, 0.259, 0.000, 0.000, 0.501, -1.279, 0.511, 0.000, 19.65
0, 0, 0.000, 0.011, 0.000, 0.000, 0.337, 0.000, 0.000, 0.477, -1.377, 0.552, 0.000, 19.59
0, 0, 0.000, 0.013, 0.000, 0.000, 0.409, 0.000, 0.000, 0.454, -1.424, 0.548, -0.000, 19.54
0, 0, 0.000, 0.015, 0.000, 0.000, 0.474, 0.000, 0.000, 0.432, -1.471, 0.550, 0.000, 19.49
1, 1, 0.000, -0.018, 0.000, 0.000, -0.610, 0.000, 0.000, 0.412, -1.620, -5.149, -6.985, 20.00
1, 1, 0.000, -0.015, 0.000, 0.000, -0.523, 0.000, 0.000, 0.393, -1.620, 0.000, -1.766, 20.00
1, 1, 0.000, -0.014, 0.000, 0.000, -0.464, 0.000, 0.000, 0.374, -1.516, 0.000, -1.620, 20.00
1, 1, 0.000, -0.013, 0.000, 0.000, -0.421, 0.000, 0.000, 0.357, -1.361, 0.000, -1.438, 20.00
1, 1, 0.000, -0.013, 0.000, 0.000, -0.386, 0.000, 0.000, 0.340, -1.208, 0.000, -1.267, 20.00
1, 1, 0.000, -0.013, 0.000, 0.000, -0.356, 0.000, 0.000, 0.324, -1.007, 0.000, -1.051, 20.00
1, 1, 0.000, -0.012, 0.000, 0.000, -0.331, 0.000, 0.000, 0.309, -0.907, 0.000, -0.941, 20.00
1, 1, 0.000, -0.003, 0.000, 0.000, -0.089, 0.000, 0.000, 0.295, -0.809, 0.000, -0.606, 20.00
0, 0, 0.000, 0.002, 0.000, 0.000, 0.048, 0.000, 0.000, 0.282, -0.804, 0.473, -0.000, 19.95
0, 0, 0.000, 0.005, 0.000, 0.000, 0.134, 0.000, 0.000, 0.269, -0.801, 0.394, 0.000, 19.91
0, 0, 0.000, 0.014, 0.000, 0.000, 0.345, 0.000, 0.000, 0.256, -0.800, 0.185, -0.000, 19.89
0, 0, 0.000, 0.025, 0.000, 0.000, 0.633, 0.000, 0.000, 0.244, -0.800, -0.102, -0.000, 19.91
0, 0, 0.000, 0.010, 0.000, 0.000, 0.262, 0.000, 0.000, 0.233, -0.945, 0.440, 0.000, 19.86
0, 0, 0.000, 0.005, 0.000, 0.000, 0.147, 0.000, 0.000, 0.222, -0.989, 0.614, -0.000, 19.80
0, 0, 0.000, 0.006, 0.000, 0.000, 0.176, 0.000, 0.000, 0.212, -1.034, 0.640, -0.000, 19.74
0, 0, 0.000, 0.009, 0.000, 0.000, 0.255, 0.000, 0.000, 0.202, -1.079, 0.612, -0.000, 19.67
0, 0, 0.000, 0.012, 0.000, 0.000, 0.343, 0.000, 0.000, 0.193, -1.124, 0.577, 0.000, 19.62
0, 0, 0.000, 0.014, 0.000, 0.000, 0.414, 0.000, 0.000, 0.184, -1.120, 0.508, 0.000, 19.57
0, 0, 0.000, 0.016, 0.000, 0.000, 0.486, 0.000, 0.000, 0.176, -1.216, 0.538, 0.000, 19.51
0, 0, 0.000, 0.018, 0.000, 0.000, 0.541, 0.000, 0.000, 0.168, -1.212, 0.486, 0.000, 19.46
0, 0, 0.000, 0.019, 0.000, 0.000, 0.579, 0.000, 0.000, 0.160, -1.208, 0.450, 0.000, 19.42
0, 0, 0.000, 0.020, 0.000, 0.000, 0.616, 0.000, 0.000, 0.152, -1.255, 0.467, 0.000, 19.37
0, 0, 0.000, 0.020, 0.000, 0.000, 0.643, 0.000, 0.000, 0.145, -1.251, 0.443, -0.000, 19.33
0, 0, 0.000, 0.021, 0.000, 0.000, 0.661, 0.000, 0.000, 0.139, -1.247, 0.427, 0.000, 19.28
1, 1, 0.000, -0.052, 0.000, 0.000, -1.665, 0.000, 0.000, 2.630, -16.474, -7.150, -22.712, 20.00
1, 1, 0.000, -0.046, 0.000, 0.000, -1.500, 0.000, 0.000, 2.778, -16.474, 0.000, -15.243, 20.00
1, 1, 0.000, -0.043, 0.000, 0.000, -1.374, 0.000, 0.000, 2.895, -15.854, 0.000, -14.377, 20.00
1, 1, 0.000, -0.040, 0.000, 0.000, -1.279, 0.000, 0.000, 2.994, -15.854, 0.000, -14.178, 20.00
1, 1, 0.000, -0.038, 0.000, 0.000, -1.187, 0.000, 0.000, 3.083, -14.621, 0.000, -12.764, 20.00
1, 1, 0.000, -0.036, 0.000, 0.000, -1.111, 0.000, 0.000, 3.163, -14.009, 0.000, -11.993, 20.00
1, 1, 0.000, -0.035, 0.000, 0.000, -1.037, 0.000, 0.000, 3.237, -12.791, 0.000, -10.626, 20.00
1, 1, 0.000, -0.034, 0.000, 0.000, -0.970, 0.000, 0.000, 3.306, -11.582, 0.000, -9.281, 20.00
0, 0, 0.000, -0.033, 0.000, 0.000, -0.930, 0.000, 0.000, 0.872, -0.948, 1.040, 0.000, 19.90
0, 0, 0.000, -0.024, 0.000, 0.000, -0.659, 0.000, 0.000, 0.778, -0.891, 0.796, 0.000, 19.82
0, 0, 0.000, -0.012, 0.000, 0.000, -0.307, 0.000, 0.000, 0.711, -0.838, 0.446, -0.000, 19.77
0, 0, 0.000, -0.006, 0.000, 0.000, -0.155, 0.000, 0.000, 0.659, -0.835, 0.338, 0.000, 19.74
0, 0, 0.000, -0.009, 0.000, 0.000, -0.254, 0.000, 0.000, 0.615, -0.929, 0.578, -0.000, 19.68
0, 0, 0.000, -0.008, 0.000, 0.000, -0.232, 0.000, 0.000, 0.577, -0.924, 0.588, 0.000, 19.62
0, 0, 0.000, -0.005, 0.000, 0.000, -0.152, 0.000, 0.000, 0.543, -0.969, 0.583, -0.000, 19.56
0, 0, 0.000, -0.002, 0.000, 0.000, -0.056, 0.000, 0.000, 0.513, -1.014, 0.559, 0.000, 19.51
0, 0, 0.000, 0.001, 0.000, 0.000, 0.028, 0.000, 0.000, 0.485, -1.010, 0.496, -0.000, 19.46
0, 0, 0.000, 0.004, 0.000, 0.000, 0.105, 0.000, 0.000, 0.459, -1.056, 0.488, 0.000, 19.41
0, 0, 0.000, 0.006, 0.000, 0.000, 0.165, 0.000, 0.000, 0.436, -1.052, 0.445, -0.000, 19.36
0, 0, 0.000, 0.007, 0.000, 0.000, 0.221, 0.000, 0.000, 0.414, -1.098, 0.456, -0.000, 19.32
0, 0, 0.000, 0.009, 0.000, 0.000, 0.275, 0.000, 0.000, 0.393, -1.145, 0.467, 0.000, 19.27
0, 0, 0.000, 0.011, 0.000, 0.000, 0.327, 0.000, 0.000, 0.374, -1.191, 0.479, 0.000, 19.22
0, 0, 0.000, 0.012, 0.000, 0.000, 0.378, 0.000, 0.000, 0.356, -1.238, 0.492, -0.000, 19.18
0, 0, 0.000, 0.013, 0.000, 0.000, 0.418, 0.000, 0.000, 0.339, -1.234, 0.464, 0.000, 19.13
1, 1, 0.000, -0.077, 0.000, 0.000, -2.489, 0.000, 0.000, 2.820, -16.474, -8.714, -24.934, 20.00
1, 1, 0.000, -0.070, 0.000, 0.000, -2.263, 0.000, 0.000, 2.959, -16.474, 0.000, -15.849, 20.00
1, 1, 0.000, -0.065, 0.000, 0.000, -2.090, 0.000, 0.000, 3.067, -15.854, 0.000, -14.942, 20.00
1, 1, 0.000, -0.063, 0.000, 0.000, -1.936, 0.000, 0.000, 3.159, -14.009, 0.000, -12.849, 20.00
1, 1, 0.000, -0.064, 0.000, 0.000, -1.795, 0.000, 0.000, 3.239, -11.582, 0.000, -10.201, 20.00
1, 1, 0.000, -0.064, 0.000, 0.000, -1.675, 0.000, 0.000, 3.312, -9.787, 0.000, -8.213, 20.00
1, 1, 0.000, -0.063, 0.000, 0.000, -1.571, 0.000, 0.000, 3.379, -8.602, 0.000, -6.855, 20.00
1, 1, 0.000, -0.062, 0.000, 0.000, -1.475, 0.000, 0.000, 3.441, -7.426, 0.000, -5.521, 20.00
0, 0, 0.000, -0.045, 0.000, 0.000, -1.018, 0.000, 0.000, 1.001, -0.560, 0.622, -0.000, 19.94
0, 0, 0.000, -0.034, 0.000, 0.000, -0.753, 0.000, 0.000, 0.902, -0.508, 0.395, -0.000, 19.90
0, 0, 0.000, -0.028, 0.000, 0.000, -0.623, 0.000, 0.000, 0.829, -0.553, 0.375, -0.000, 19.86
0, 0, 0.000, -0.020, 0.000, 0.000, -0.445, 0.000, 0.000, 0.771, -0.599, 0.292, -0.000, 19.83
0, 0, 0.000, -0.022, 0.000, 0.000, -0.504, 0.000, 0.000, 0.722, -0.644, 0.447, 0.000, 19.79
0, 0, 0.000, -0.021, 0.000, 0.000, -0.512, 0.000, 0.000, 0.679, -0.736, 0.590, 0.000, 19.73
0, 0, 0.000, -0.017, 0.000, 0.000, -0.429, 0.000, 0.000, 0.641, -0.780, 0.586, -0.000, 19.67
0, 0, 0.000, -0.012, 0.000, 0.000, -0.309, 0.000, 0.000, 0.606, -0.874, 0.589, 0.000, 19.61
0, 0, 0.000, -0.007, 0.000, 0.000, -0.192, 0.000, 0.000, 0.574, -0.919, 0.544, 0.000, 19.56
0, 0, 0.000, -0.003, 0.000, 0.000, -0.078, 0.000, 0.000, 0.544, -1.014, 0.550, -0.000, 19.50
0, 0, 0.000, 0.001, 0.000, 0.000, 0.022, 0.000, 0.000, 0.517, -1.059, 0.520, -0.000, 19.45
0, 0, 0.000, 0.004, 0.000, 0.000, 0.118, 0.000, 0.000, 0.491, -1.155, 0.543, -0.000, 19.39
0, 0, 0.000, 0.007, 0.000, 0.000, 0.202, 0.000, 0.000, 0.467, -1.201, 0.526, -0.000, 19.34
0, 0, 0.000, 0.009, 0.000, 0.000, 0.286, 0.000, 0.000, 0.444, -1.299, 0.560, 0.000, 19.29
0, 0, 0.000, 0.012, 0.000, 0.000, 0.371, 0.000, 0.000, 0.423, -1.396, 0.591, -0.000, 19.23
0, 0, 0.000, 0.014, 0.000, 0.000, 0.446, 0.000, 0.000, 0.402, -1.443, 0.581, -0.000, 19.17
1, 1, 0.000, -0.073, 0.000, 0.000, -2.450, 0.000, 0.000, 2.881, -19.612, -8.312, -27.566, 20.00
1, 1, 0.000, -0.065, 0.000, 0.000, -2.234, 0.000, 0.000, 3.017, -19.612, 0.000, -18.896, 20.00
1, 1, 0.000, -0.061, 0.000, 0.000, -2.067, 0.000, 0.000, 3.122, -18.980, 0.000, -17.985, 20.00
1, 1, 0.000, -0.060, 0.000, 0.000, -1.912, 0.000, 0.000, 3.211, -16.474, 0.000, -15.235, 20.00
1, 1, 0.000, -0.060, 0.000, 0.000, -1.775, 0.000, 0.000, 3.290, -14.009, 0.000, -12.554, 20.00
1, 1, 0.000, -0.061, 0.000, 0.000, -1.651, 0.000, 0.000, 3.361, -11.582, 0.000, -9.934, 20.00
1, 1, 0.000, -0.063, 0.000, 0.000, -1.537, 0.000, 0.000, 3.425, -9.193, 0.000, -7.368, 20.00
1, 1, 0.000, -0.011, 0.000, 0.000, -0.236, 0.000, 0.000, 3.485, -6.841, 0.000, -3.603, 20.00
0, 0, 0.000, -0.002, 0.000, 0.000, -0.050, 0.000, 0.000, 1.043, -0.474, -0.517, 0.000, 20.05
0, 0, 0.000, -0.014, 0.000, 0.000, -0.274, 0.000, 0.000, 0.941, -0.428, -0.226, -0.000, 20.07
0, 0, 0.000, -0.012, 0.000, 0.000, -0.246, 0.000, 0.000, 0.867, -0.429, -0.179, -0.000, 20.09
0, 0, 0.000, -0.005, 0.000, 0.000, -0.106, 0.000, 0.000, 0.807, -0.526, -0.170, 0.000, 20.11
0, 0, 0.000, -0.022, 0.000, 0.000, -0.506, 0.000, 0.000, 0.757, -0.668, 0.439, -0.000, 20.07
0, 0, 0.000, -0.025, 0.000, 0.000, -0.600, 0.000, 0.000, 0.712, -0.759, 0.672, -0.000, 20.00
0, 0, 0.000, -0.021, 0.000, 0.000, -0.517, 0.000, 0.000, 0.672, -0.851, 0.717, 0.000, 19.93
0, 0, 0.000, -0.015, 0.000, 0.000, -0.379, 0.000, 0.000, 0.636, -0.895, 0.654, -0.000, 19.86
0, 0, 0.000, -0.009, 0.000, 0.000, -0.231, 0.000, 0.000, 0.602, -0.989, 0.627, 0.000, 19.80
0, 0, 0.000, -0.004, 0.000, 0.000, -0.099, 0.000, 0.000, 0.571, -1.034, 0.566, 0.000, 19.74
0, 0, 0.000, 0.001, 0.000, 0.000, 0.023, 0.000, 0.000, 0.543, -1.130, 0.564, 0.000, 19.69
0, 0, 0.000, 0.005, 0.000, 0.000, 0.137, 0.000, 0.000, 0.516, -1.226, 0.569, 0.000, 19.63
0, 0, 0.000, 0.008, 0.000, 0.000, 0.244, 0.000, 0.000, 0.490, -1.323, 0.581, -0.000, 19.57
0, 0, 0.000, 0.011, 0.000, 0.000, 0.335, 0.000, 0.000, 0.467, -1.370, 0.557, -0.000, 19.51
0, 0, 0.000, 0.013, 0.000, 0.000, 0.424, 0.000, 0.000, 0.444, -1.468, 0.586, -0.000, 19.46
0, 0, 0.000, 0.015, 0.000, 0.000, 0.502, 0.000, 0.000, 0.423, -1.515, 0.574, 0.000, 19.40
1, 1, 0.000, -0.047, 0.000, 0.000, -1.601, 0.000, 0.000, 2.901, -20.248, -6.015, -25.010, 20.00
1, 1, 0.000, -0.042, 0.000, 0.000, -1.457, 0.000, 0.000, 3.035, -20.248, 0.000, -18.712, 20.00
1, 1, 0.000, -0.040, 0.000, 0.000, -1.340, 0.000, 0.000, 3.140, -18.980, 0.000, -17.219, 20.00
1, 1, 0.000, -0.038, 0.000, 0.000, -1.243, 0.000, 0.000, 3.228, -17.722, 0.000, -15.774, 20.00
1, 1, 0.000, -0.036, 0.000, 0.000, -1.158, 0.000, 0.000, 3.306, -16.474, 0.000, -14.363, 20.00
1, 1, 0.000, -0.036, 0.000, 0.000, -1.071, 0.000, 0.000, 3.376, -14.009, 0.000, -11.740, 20.00
1, 1, 0.000, -0.035, 0.000, 0.000, -1.002, 0.000, 0.000, 3.440, -12.791, 0.000, -10.388, 20.00
1, 1, 0.000, -0.034, 0.000, 0.000, -0.944, 0.000, 0.000, 3.499, -12.185, 0.000, -9.664, 20.00
0, 0, 0.000, -0.023, 0.000, 0.000, -0.631, 0.000, 0.000, 1.056, -1.001, 0.599, -0.000, 19.94
0, 0, 0.000, -0.018, 0.000, 0.000, -0.519, 0.000, 0.000, 0.954, -1.046, 0.629, -0.000, 19.88
0, 0, 0.000, -0.014, 0.000, 0.000, -0.412, 0.000, 0.000, 0.879, -1.091, 0.638, 0.000, 19.81
0, 0, 0.000, -0.009, 0.000, 0.000, -0.259, 0.000, 0.000, 0.819, -1.186, 0.635, -0.000, 19.75
0, 0, 0.000, -0.007, 0.000, 0.000, -0.203, 0.000, 0.000, 0.768, -1.231, 0.673, 0.000, 19.68
0, 0, 0.000, -0.003, 0.000, 0.000, -0.106, 0.000, 0.000, 0.723, -1.276, 0.662, -0.000, 19.62
0, 0, 0.000, 0.000, 0.000, 0.000, 0.003, 0.000, 0.000, 0.682, -1.322, 0.636, 0.000, 19.55
0, 0, 0.000, 0.003, 0.000, 0.000, 0.109, 0.000, 0.000, 0.645, -1.368, 0.610, 0.000, 19.49
0, 0, 0.000, 0.006, 0.000, 0.000, 0.206, 0.000, 0.000, 0.612, -1.414, 0.591, -0.000, 19.43
0, 0, 0.000, 0.008, 0.000, 0.000, 0.281, 0.000, 0.000, 0.580, -1.410, 0.540, -0.000, 19.38
0, 0, 0.000, 0.010, 0.000, 0.000, 0.350, 0.000, 0.000, 0.551, -1.456, 0.546, -0.000, 19.32
0, 0, 0.000, 0.012, 0.000, 0.000, 0.414, 0.000, 0.000, 0.524, -1.504, 0.554, -0.000, 19.27
0, 0, 0.000, 0.013, 0.000, 0.000, 0.464, 0.000, 0.000, 0.498, -1.499, 0.524, -0.000, 19.22
0, 0, 0.000, 0.014, 0.000, 0.000, 0.513, 0.000, 0.000, 0.474, -1.546, 0.545, 0.000, 19.16
0, 0, 0.000, 0.015, 0.000, 0.000, 0.563, 0.000, 0.000, 0.451, -1.594, 0.564, 0.000, 19.11
0, 0, 0.000, 0.016, 0.000, 0.000, 0.602, 0.000, 0.000, 0.430, -1.589, 0.541, -0.000, 19.05
1, 1, 0.000, -0.069, 0.000, 0.000, -2.602, 0.000, 0.000, 2.907, -20.886, -9.485, -30.135, 20.00
1, 1, 0.000, -0.062, 0.000, 0.000, -2.362, 0.000, 0.000, 3.041, -20.886, 0.000, -20.268, 20.00
1, 1, 0.000, -0.059, 0.000, 0.000, -2.167, 0.000, 0.000, 3.146, -18.980, 0.000, -18.060, 20.00
1, 1, 0.000, -0.058, 0.000, 0.000, -2.001, 0.000, 0.000, 3.234, -16.474, 0.000, -15.299, 20.00
1, 1, 0.000, -0.057, 0.000, 0.000, -1.862, 0.000, 0.000, 3.311, -14.621, 0.000, -13.228, 20.00
1, 1, 0.000, -0.056, 0.000, 0.000, -1.737, 0.000, 0.000, 3.381, -12.791, 0.000, -11.203, 20.00
1, 1, 0.000, -0.056, 0.000, 0.000, -1.623, 0.000, 0.000, 3.445, -10.981, 0.000, -9.216, 20.00
1, 1, 0.000, -0.053, 0.000, 0.000, -1.491, 0.000, 0.000, 3.504, -10.383, 0.000, -8.423, 20.00
0, 0, 0.000, -0.037, 0.000, 0.000, -1.032, 0.000, 0.000, 1.061, -0.802, 0.810, -0.000, 19.92
0, 0, 0.000, -0.029, 0.000, 0.000, -0.825, 0.000, 0.000, 0.958, -0.844, 0.740, 0.000, 19.84
0, 0, 0.000, -0.021, 0.000, 0.000, -0.594, 0.000, 0.000, 0.883, -0.889, 0.620, -0.000, 19.78
0, 0, 0.000, -0.008, 0.000, 0.000, -0.225, 0.000, 0.000, 0.823, -0.935, 0.345, 0.000, 19.75
0, 0, 0.000, 0.002, 0.000, 0.000, 0.051, 0.000, 0.000, 0.772, -1.033, 0.209, 0.000, 19.73
0, 0, 0.000, -0.007, 0.000, 0.000, -0.214, 0.000, 0.000, 0.726, -1.078, 0.573, 0.000, 19.67
0, 0, 0.000, -0.007, 0.000, 0.000, -0.231, 0.000, 0.000, 0.686, -1.123, 0.675, -0.000, 19.60
0, 0, 0.000, -0.004, 0.000, 0.000, -0.137, 0.000, 0.000, 0.649, -1.218, 0.711, -0.000, 19.53
0, 0, 0.000, -0.001, 0.000, 0.000, -0.021, 0.000, 0.000, 0.614, -1.263, 0.670, -0.000, 19.46
0, 0, 0.000, 0.003, 0.000, 0.000, 0.092, 0.000, 0.000, 0.583, -1.309, 0.631, -0.000, 19.40
0, 0, 0.000, 0.006, 0.000, 0.000, 0.193, 0.000, 0.000, 0.554, -1.355, 0.603, 0.000, 19.34
0, 0, 0.000, 0.008, 0.000, 0.000, 0.281, 0.000, 0.000, 0.526, -1.401, 0.586, 0.000, 19.28
0, 0, 0.000, 0.010, 0.000, 0.000, 0.370, 0.000, 0.000, 0.501, -1.499, 0.619, -0.000, 19.22
0, 0, 0.000, 0.012, 0.000, 0.000, 0.448, 0.000, 0.000, 0.476, -1.546, 0.609, 0.000, 19.16
0, 0, 0.000, 0.014, 0.000, 0.000, 0.519, 0.000, 0.000, 0.453, -1.593, 0.607, 0.000, 19.10
0, 0, 0.000, 0.016, 0.000, 0.000, 0.594, 0.000, 0.000, 0.432, -1.692, 0.651, 0.000, 19.03
1, 1, 0.000, -0.073, 0.000, 0.000, -2.828, 0.000, 0.000, 2.909, -22.169, -9.659, -31.820, 20.00
1, 1, 0.000, -0.066, 0.000, 0.000, -2.577, 0.000, 0.000, 3.043, -22.169, 0.000, -21.769, 20.00
1, 1, 0.000, -0.056, 0.000, 0.000, -2.097, 0.000, 0.000, 3.148, -20.248, 0.000, -19.253, 20.00
1, 1, 0.000, -0.052, 0.000, 0.000, -1.820, 0.000, 0.000, 3.236, -17.097, 0.000, -15.733, 20.00
1, 1, 0.000, -0.059, 0.000, 0.000, -1.894, 0.000, 0.000, 3.313, -14.621, 0.000, -13.261, 20.00
1, 1, 0.000, -0.065, 0.000, 0.000, -1.890, 0.000, 0.000, 3.383, -11.582, 0.000, -10.154, 20.00
1, 1, 0.000, -0.066, 0.000, 0.000, -1.766, 0.000, 0.000, 3.446, -9.787, 0.000, -8.172, 20.00
1, 1, 0.000, -0.003, 0.000, 0.000, -0.074, 0.000, 0.000, 3.505, -8.013, 0.000, -4.585, 20.00
0, 0, 0.000, 0.008, 0.000, 0.000, 0.192, 0.000, 0.000, 1.062, -0.571, -0.692, -0.000, 20.07
0, 0, 0.000, -0.002, 0.000, 0.000, -0.036, 0.000, 0.000, 0.960, -0.574, -0.348, -0.000, 20.10
0, 0, 0.000, -0.002, 0.000, 0.000, -0.038, 0.000, 0.000, 0.884, -0.576, -0.268, -0.000, 20.13
0, 0, 0.000, 0.009, 0.000, 0.000, 0.210, 0.000, 0.000, 0.824, -0.724, -0.319, 0.000, 20.16
0, 0, 0.000, 0.011, 0.000, 0.000, 0.284, 0.000, 0.000, 0.773, -0.873, -0.195, 0.000, 20.18
0, 0, 0.000, -0.012, 0.000, 0.000, -0.342, 0.000, 0.000, 0.727, -0.967, 0.594, -0.000, 20.12
0, 0, 0.000, -0.015, 0.000, 0.000, -0.436, 0.000, 0.000, 0.687, -1.060, 0.825, 0.000, 20.04
0, 0, 0.000, -0.011, 0.000, 0.000, -0.328, 0.000, 0.000, 0.650, -1.153, 0.843, 0.000, 19.96
0, 0, 0.000, -0.005, 0.000, 0.000, -0.161, 0.000, 0.000, 0.615, -1.248, 0.799, -0.000, 19.88
0, 0, 0.000, -0.000, 0.000, 0.000, -0.001, 0.000, 0.000, 0.584, -1.293, 0.710, -0.000, 19.80
0, 0, 0.000, 0.005, 0.000, 0.000, 0.148, 0.000, 0.000, 0.555, -1.389, 0.683, 0.000, 19.74
0, 0, 0.000, 0.008, 0.000, 0.000, 0.272, 0.000, 0.000, 0.527, -1.435, 0.628, 0.000, 19.67
0, 0, 0.000, 0.011, 0.000, 0.000, 0.376, 0.000, 0.000, 0.501, -1.482, 0.594, 0.000, 19.61
0, 0, 0.000, 0.013, 0.000, 0.000, 0.464, 0.000, 0.000, 0.477, -1.529, 0.575, -0.000, 19.56
0, 0, 0.000, 0.015, 0.000, 0.000, 0.540, 0.000, 0.000, 0.454, -1.576, 0.567, 0.000, 19.50
0, 0, 0.000, 0.017, 0.000, 0.000, 0.608, 0.000, 0.000, 0.432, -1.623, 0.566, -0.000, 19.44
1, 1, 0.000, -0.040, 0.000, 0.000, -1.485, 0.000, 0.000, 0.412, -1.725, -5.562, -8.401, 20.00
1, 1, 0.000, -0.037, 0.000, 0.000, -1.353, 0.000, 0.000, 0.393, -1.673, 0.000, -2.670, 20.00
1, 1, 0.000, -0.033, 0.000, 0.000, -1.199, 0.000, 0.000, 0.374, -1.568, 0.000, -2.427, 20.00
1, 1, 0.000, -0.020, 0.000, 0.000, -0.678, 0.000, 0.000, 0.357, -1.310, 0.000, -1.651, 20.00
1, 1, 0.000, -0.015, 0.000, 0.000, -0.442, 0.000, 0.000, 0.340, -1.057, 0.000, -1.173, 20.00
1, 1, 0.000, -0.006, 0.000, 0.000, -0.167, 0.000, 0.000, 0.324, -0.809, 0.000, -0.657, 20.00
1, 0, 0.000, 0.011, 0.000, 0.000, 0.251, 0.000, 0.000, 0.309, -0.565, -0.006, -0.000, 20.00
1, 0, 0.000, 0.058, 0.000, 0.000, 1.233, 0.000, 0.000, 0.295, -0.431, -1.155, 0.000, 20.12
0, 0, 0.000, 0.052, 0.000, 0.000, 1.015, 0.000, 0.000, 0.282, -0.345, -1.003, 0.000, 20.22
0, 0, 0.000, 0.031, 0.000, 0.000, 0.572, 0.000, 0.000, 0.269, -0.302, -0.569, -0.000, 20.27
0, 0, 0.000, 0.025, 0.000, 0.000, 0.462, 0.000, 0.000, 0.256, -0.306, -0.437, -0.000, 20.32
0, 0, 0.000, 0.033, 0.000, 0.000, 0.647, 0.000, 0.000, 0.244, -0.405, -0.520, -0.000, 20.37
0, 0, 0.000, 0.032, 0.000, 0.000, 0.686, 0.000, 0.000, 0.233, -0.552, -0.400, -0.000, 20.41
0, 0, 0.000, 0.000, 0.000, 0.000, 0.011, 0.000, 0.000, 0.222, -0.693, 0.459, 0.000, 20.36
0, 0, 0.000, -0.005, 0.000, 0.000, -0.125, 0.000, 0.000, 0.212, -0.785, 0.702, 0.000, 20.29
0, 0, 0.000, -0.002, 0.000, 0.000, -0.050, 0.000, 0.000, 0.202, -0.877, 0.726, -0.000, 20.22
0, 0, 0.000, 0.003, 0.000, 0.000, 0.078, 0.000, 0.000, 0.193, -0.921, 0.646, 0.000, 20.16
0, 0, 0.000, 0.008, 0.000, 0.000, 0.215, 0.000, 0.000, 0.184, -1.015, 0.607, 0.000, 20.09
0, 0, 0.000, 0.013, 0.000, 0.000, 0.344, 0.000, 0.000, 0.176, -1.110, 0.578, -0.000, 20.04
0, 0, 0.000, 0.016, 0.000, 0.000, 0.459, 0.000, 0.000, 0.168, -1.206, 0.563, 0.000, 19.98
0, 0, 0.000, 0.019, 0.000, 0.000, 0.564, 0.000, 0.000, 0.160, -1.303, 0.560, 0.000, 19.92
0, 0, 0.000, 0.022, 0.000, 0.000, 0.660, 0.000, 0.000, 0.152, -1.401, 0.567, 0.000, 19.87
0, 0, 0.000, 0.024, 0.000, 0.000, 0.750, 0.000, 0.000, 0.145, -1.499, 0.580, -0.000, 19.81
0, 0, 0.000, 0.025, 0.000, 0.000, 0.824, 0.000, 0.000, 0.139, -1.546, 0.558, 0.000, 19.75
1, 1, 0.000, -0.005, 0.000, 0.000, -0.180, 0.000, 0.000, 2.630, -20.248, -2.457, -20.260, 20.00
1, 1, 0.000, -0.004, 0.000, 0.000, -0.151, 0.000, 0.000, 2.778, -20.248, 0.000, -17.626, 20.00
1, 1, 0.000, -0.004, 0.000, 0.000, -0.124, 0.000, 0.000, 2.895, -18.980, 0.000, -16.213, 20.00
1, 1, 0.000, -0.003, 0.000, 0.000, -0.098, 0.000, 0.000, 2.994, -17.097, 0.000, -14.204, 20.00
1, 1, 0.000, -0.002, 0.000, 0.000, -0.071, 0.000, 0.000, 3.083, -14.621, 0.000, -11.612, 20.00
1, 1, 0.000, 0.004, 0.000, 0.000, 0.111, 0.000, 0.000, 3.163, -11.582, 0.000, -8.303, 20.00
1, 1, 0.000, 0.020, 0.000, 0.000, 0.465, 0.000, 0.000, 3.237, -8.602, 0.000, -4.880, 20.00
1, 1, 0.000, 0.087, 0.000, 0.000, 1.879, 0.000, 0.000, 3.306, -6.841, 0.000, -1.570, 20.00
0, 0, 0.000, 0.059, 0.000, 0.000, 1.233, 0.000, 0.000, 0.872, -0.531, -1.632, 0.000, 20.16
0, 0, 0.000, 0.033, 0.000, 0.000, 0.672, 0.000, 0.000, 0.778, -0.491, -0.991, 0.000, 20.26
0, 0, 0.000, 0.023, 0.000, 0.000, 0.470, 0.000, 0.000, 0.711, -0.497, -0.707, 0.000, 20.33
0, 0, 0.000, 0.024, 0.000, 0.000, 0.511, 0.000, 0.000, 0.659, -0.598, -0.596, -0.000, 20.39
0, 0, 0.000, 0.018, 0.000, 0.000, 0.406, 0.000, 0.000, 0.615, -0.747, -0.292, 0.000, 20.42
0, 0, 0.000, -0.004, 0.000, 0.000, -0.108, 0.000, 0.000, 0.577, -0.841, 0.377, 0.000, 20.38
0, 0, 0.000, -0.009, 0.000, 0.000, -0.213, 0.000, 0.000, 0.543, -0.886, 0.564, 0.000, 20.33
0, 0, 0.000, -0.006, 0.000, 0.000, -0.155, 0.000, 0.000, 0.513, -0.930, 0.579, -0.000, 20.27
0, 0, 0.000, -0.002, 0.000, 0.000, -0.040, 0.000, 0.000, 0.485, -1.025, 0.581, -0.000, 20.21
0, 0, 0.000, 0.003, 0.000, 0.000, 0.077, 0.000, 0.000, 0.459, -1.070, 0.531, 0.000, 20.16
0, 0, 0.000, 0.007, 0.000, 0.000, 0.182, 0.000, 0.000, 0.436, -1.116, 0.491, -0.000, 20.11
0, 0, 0.000, 0.010, 0.000, 0.000, 0.273, 0.000, 0.000, 0.414, -1.163, 0.466, 0.000, 20.06
0, 0, 0.000, 0.012, 0.000, 0.000, 0.352, 0.000, 0.000, 0.393, -1.209, 0.452, 0.000, 20.02
0, 0, 0.000, 0.014, 0.000, 0.000, 0.420, 0.000, 0.000, 0.374, -1.256, 0.448, -0.000, 19.97
0, 0, 0.000, 0.016, 0.000, 0.000, 0.482, 0.000, 0.000, 0.356, -1.304, 0.449, -0.000, 19.93
0, 0, 0.000, 0.018, 0.000, 0.000, 0.528, 0.000, 0.000, 0.339, -1.300, 0.415, -0.000, 19.89
1, 1, 0.000, 0.015, 0.000, 0.000, 0.456, 0.000, 0.000, 2.820, -16.474, -1.135, -14.318, 20.00
1, 1, 0.000, 0.014, 0.000, 0.000, 0.435, 0.000, 0.000, 2.959, -17.097, 0.000, -13.690, 20.00
1, 1, 0.000, 0.014, 0.000, 0.000, 0.426, 0.000, 0.000, 3.067, -15.854, 0.000, -12.348, 20.00
1, 1, 0.000, 0.014, 0.000, 0.000, 0.415, 0.000, 0.000, 3.159, -14.621, 0.000, -11.034, 20.00
1, 1, 0.000, 0.014, 0.000, 0.000, 0.409, 0.000, 0.000, 3.239, -12.791, 0.000, -9.127, 20.00
1, 1, 0.000, 0.016, 0.000, 0.000, 0.422, 0.000, 0.000, 3.312, -10.981, 0.000, -7.231, 20.00
1, 1, 0.000, 0.024, 0.000, 0.000, 0.567, 0.000, 0.000, 3.379, -8.602, 0.000, -4.631, 20.00
1, 1, 0.000, 0.049, 0.000, 0.000, 1.087, 0.000, 0.000, 3.441, -6.841, 0.000, -2.263, 20.00
0, 0, 0.000, 0.030, 0.000, 0.000, 0.635, 0.000, 0.000, 1.001, -0.527, -1.139, 0.000, 20.11
0, 0, 0.000, 0.013, 0.000, 0.000, 0.271, 0.000, 0.000, 0.902, -0.485, -0.701, -0.000, 20.18
0, 0, 0.000, 0.004, 0.000, 0.000, 0.091, 0.000, 0.000, 0.829, -0.488, -0.436, 0.000, 20.23
0, 0, 0.000, 0.007, 0.000, 0.000, 0.148, 0.000, 0.000, 0.771, -0.540, -0.386, 0.000, 20.27
0, 0, 0.000, 0.011, 0.000, 0.000, 0.236, 0.000, 0.000, 0.722, -0.639, -0.330, -0.000, 20.30
0, 0, 0.000, -0.009, 0.000, 0.000, -0.202, 0.000, 0.000, 0.679, -0.686, 0.217, 0.000, 20.28
0, 0, 0.000, -0.013, 0.000, 0.000, -0.298, 0.000, 0.000, 0.641, -0.779, 0.449, 0.000, 20.23
0, 0, 0.000, -0.011, 0.000, 0.000, -0.254, 0.000, 0.000, 0.606, -0.824, 0.483, 0.000, 20.18
0, 0, 0.000, -0.007, 0.000, 0.000, -0.166, 0.000, 0.000, 0.574, -0.870, 0.469, -0.000, 20.14
0, 0, 0.000, -0.003, 0.000, 0.000, -0.071, 0.000, 0.000, 0.544, -0.915, 0.445, -0.000, 20.09
0, 0, 0.000, 0.001, 0.000, 0.000, 0.017, 0.000, 0.000, 0.517, -0.961, 0.427, 0.000, 20.05
0, 0, 0.000, 0.004, 0.000, 0.000, 0.097, 0.000, 0.000, 0.491, -1.007, 0.415, 0.000, 20.01
0, 0, 0.000, 0.007, 0.000, 0.000, 0.179, 0.000, 0.000, 0.467, -1.104, 0.451, -0.000, 19.96
0, 0, 0.000, 0.009, 0.000, 0.000, 0.252, 0.000, 0.000, 0.444, -1.150, 0.445, -0.000, 19.92
0, 0, 0.000, 0.011, 0.000, 0.000, 0.319, 0.000, 0.000, 0.423, -1.197, 0.444, 0.000, 19.87
0, 0, 0.000, 0.013, 0.000, 0.000, 0.379, 0.000, 0.000, 0.402, -1.244, 0.449, -0.000, 19.83
1, 1, 0.000, 0.013, 0.000, 0.000, 0.376, 0.000, 0.000, 2.881, -15.854, -1.702, -14.286, 20.00
1, 1, 0.000, 0.013, 0.000, 0.000, 0.376, 0.000, 0.000, 3.017, -15.237, 0.000, -11.831, 20.00
1, 1, 0.000, 0.013, 0.000, 0.000, 0.374, 0.000, 0.000, 3.122, -14.009, 0.000, -10.499, 20.00
1, 1, 0.000, 0.013, 0.000, 0.000, 0.365, 0.000, 0.000, 3.211, -13.398, 0.000, -9.809, 20.00
1, 1, 0.000, 0.014, 0.000, 0.000, 0.363, 0.000, 0.000, 3.290, -11.582, 0.000, -7.915, 20.00
1, 1, 0.000, 0.015, 0.000, 0.000, 0.365, 0.000, 0.000, 3.361, -9.193, 0.000, -5.452, 20.00
1, 1, 0.000, 0.020, 0.000, 0.000, 0.447, 0.000, 0.000, 3.425, -7.426, 0.000, -3.533, 20.00
1, 1, 0.000, 0.062, 0.000, 0.000, 1.235, 0.000, 0.000, 3.485, -5.679, 0.000, -0.897, 20.00
0, 0, 0.000, 0.041, 0.000, 0.000, 0.757, 0.000, 0.000, 1.043, -0.386, -1.455, 0.000, 20.15
0, 0, 0.000, 0.013, 0.000, 0.000, 0.235, 0.000, 0.000, 0.941, -0.346, -0.844, -0.000, 20.23
0, 0, 0.000, -0.004, 0.000, 0.000, -0.078, 0.000, 0.000, 0.867, -0.396, -0.388, 0.000, 20.27
0, 0, 0.000, -0.006, 0.000, 0.000, -0.121, 0.000, 0.000, 0.807, -0.446, -0.234, -0.000, 20.29
0, 0, 0.000, -0.003, 0.000, 0.000, -0.067, 0.000, 0.000, 0.757, -0.543, -0.143, -0.000, 20.31
0, 0, 0.000, -0.017, 0.000, 0.000, -0.361, 0.000, 0.000, 0.712, -0.637, 0.303, -0.000, 20.28
0, 0, 0.000, -0.019, 0.000, 0.000, -0.408, 0.000, 0.000, 0.672, -0.682, 0.437, 0.000, 20.23
0, 0, 0.000, -0.015, 0.000, 0.000, -0.339, 0.000, 0.000, 0.636, -0.775, 0.494, -0.000, 20.18
0, 0, 0.000, -0.011, 0.000, 0.000, -0.240, 0.000, 0.000, 0.602, -0.820, 0.468, -0.000, 20.14
0, 0, 0.000, -0.006, 0.000, 0.000, -0.140, 0.000, 0.000, 0.571, -0.866, 0.440, -0.000, 20.09
0, 0, 0.000, -0.002, 0.000, 0.000, -0.039, 0.000, 0.000, 0.543, -0.961, 0.459, 0.000, 20.05
0, 0, 0.000, 0.002, 0.000, 0.000, 0.050, 0.000, 0.000, 0.516, -1.007, 0.439, 0.000, 20.00
0, 0, 0.000, 0.005, 0.000, 0.000, 0.129, 0.000, 0.000, 0.490, -1.053, 0.428, -0.000, 19.96
0, 0, 0.000, 0.008, 0.000, 0.000, 0.210, 0.000, 0.000, 0.467, -1.150, 0.466, 0.000, 19.91
0, 0, 0.000, 0.010, 0.000, 0.000, 0.282, 0.000, 0.000, 0.444, -1.196, 0.460, 0.000, 19.87
0, 0, 0.000, 0.013, 0.000, 0.000, 0.357, 0.000, 0.000, 0.423, -1.294, 0.501, -0.000, 19.82
1, 1, 0.000, 0.013, 0.000, 0.000, 0.369, 0.000, 0.000, 2.901, -16.474, -1.832, -15.023, 20.00
1, 1, 0.000, 0.012, 0.000, 0.000, 0.366, 0.000, 0.000, 3.035, -16.474, 0.000, -13.060, 20.00
1, 1, 0.000, 0.016, 0.000, 0.000, 0.450, 0.000, 0.000, 3.140, -14.621, 0.000, -11.016, 20.00
1, 1, 0.000, 0.018, 0.000, 0.000, 0.471, 0.000, 0.000, 3.228, -12.185, 0.000, -8.467, 20.00
1, 1, 0.000, 0.022, 0.000, 0.000, 0.501, 0.000, 0.000, 3.306, -9.193, 0.000, -5.364, 20.00
1, 1, 0.000, 0.035, 0.000, 0.000, 0.722, 0.000, 0.000, 3.376, -6.841, 0.000, -2.708, 20.00
1, 0, 0.000, 0.068, 0.000, 0.000, 1.208, 0.000, 0.000, 3.440, -4.543, -0.172, 0.000, 20.02
1, 0, 0.000, 0.095, 0.000, 0.000, 1.461, 0.000, 0.000, 3.499, -3.034, -2.020, -0.000, 20.22
0, 0, 0.000, 0.063, 0.000, 0.000, 0.867, 0.000, 0.000, 1.056, -0.172, -1.814, 0.000, 20.40
0, 0, 0.000, 0.020, 0.000, 0.000, 0.263, 0.000, 0.000, 0.954, -0.135, -1.103, -0.000, 20.51
0, 0, 0.000, -0.002, 0.000, 0.000, -0.029, 0.000, 0.000, 0.879, -0.187, -0.662, 0.000, 20.58
0, 0, 0.000, -0.018, 0.000, 0.000, -0.273, 0.000, 0.000, 0.819, -0.283, -0.245, -0.000, 20.60
0, 0, 0.000, -0.034, 0.000, 0.000, -0.564, 0.000, 0.000, 0.768, -0.422, 0.253, -0.000, 20.58
0, 0, 0.000, -0.037, 0.000, 0.000, -0.646, 0.000, 0.000, 0.723, -0.514, 0.474, 0.000, 20.53
0, 0, 0.000, -0.033, 0.000, 0.000, -0.584, 0.000, 0.000, 0.682, -0.558, 0.492, 0.000, 20.48
0, 0, 0.000, -0.026, 0.000, 0.000, -0.473, 0.000, 0.000, 0.645, -0.602, 0.455, -0.000, 20.43
0, 0, 0.000, -0.019, 0.000, 0.000, -0.356, 0.000, 0.000, 0.612, -0.647, 0.410, 0.000, 20.39
0, 0, 0.000, -0.013, 0.000, 0.000, -0.249, 0.000, 0.000, 0.580, -0.692, 0.374, -0.000, 20.36
0, 0, 0.000, -0.007, 0.000, 0.000, -0.146, 0.000, 0.000, 0.551, -0.787, 0.389, -0.000, 20.32
0, 0, 0.000, -0.003, 0.000, 0.000, -0.066, 0.000, 0.000, 0.524, -0.784, 0.329, -0.000, 20.28
0, 0, 0.000, 0.000, 0.000, 0.000, 0.005, 0.000, 0.000, 0.498, -0.830, 0.326, -0.000, 20.25
0, 0, 0.000, 0.003, 0.000, 0.000, 0.070, 0.000, 0.000, 0.474, -0.877, 0.330, -0.000, 20.22
0, 0, 0.000, 0.006, 0.000, 0.000, 0.130, 0.000, 0.000, 0.451, -0.923, 0.337, 0.000, 20.18
0, 0, 0.000, 0.008, 0.000, 0.000, 0.186, 0.000, 0.000, 0.430, -0.970, 0.346, 0.000, 20.15
1, 1, 0.000, 0.064, 0.000, 0.000, 1.479, 0.000, 0.000, 2.907, -11.582, 1.501, -5.631, 20.00
1, 1, 0.000, 0.056, 0.000, 0.000, 1.318, 0.000, 0.000, 3.041, -11.582, 0.000, -7.167, 20.00
1, 1, 0.000, 0.083, 0.000, 0.000, 1.776, 0.000, 0.000, 3.146, -9.193, 0.000, -4.188, 20.00
1, 1, 0.000, 0.109, 0.000, 0.000, 2.069, 0.000, 0.000, 3.234, -6.841, 0.000, -1.430, 20.00
1, 0, 0.000, 0.109, 0.000, 0.000, 1.746, 0.000, 0.000, 3.311, -4.064, -1.102, 0.000, 20.11
1, 0, 0.000, 0.071, 0.000, 0.000, 1.042, 0.000, 0.000, 3.381, -3.068, -1.426, 0.000, 20.25
1, 0, 0.000, 0.033, 0.000, 0.000, 0.494, 0.000, 0.000, 3.445, -3.151, -0.821, 0.000, 20.33
1, 0, 0.000, 0.017, 0.000, 0.000, 0.253, 0.000, 0.000, 3.504, -3.209, -0.565, -0.000, 20.39
0, 0, 0.000, -0.002, 0.000, 0.000, -0.030, 0.000, 0.000, 1.061, -0.225, -0.803, -0.000, 20.47
0, 0, 0.000, -0.007, 0.000, 0.000, -0.085, 0.000, 0.000, 0.958, -0.184, -0.682, -0.000, 20.54
0, 0, 0.000, -0.011, 0.000, 0.000, -0.134, 0.000, 0.000, 0.883, -0.188, -0.550, -0.000, 20.59
0, 0, 0.000, -0.027, 0.000, 0.000, -0.356, 0.000, 0.000, 0.823, -0.283, -0.156, 0.000, 20.61
0, 0, 0.000, -0.037, 0.000, 0.000, -0.526, 0.000, 0.000, 0.772, -0.376, 0.167, 0.000, 20.59
0, 0, 0.000, -0.035, 0.000, 0.000, -0.541, 0.000, 0.000, 0.726, -0.469, 0.319, 0.000, 20.56
0, 0, 0.000, -0.031, 0.000, 0.000, -0.484, 0.000, 0.000, 0.686, -0.514, 0.343, -0.000, 20.53
0, 0, 0.000, -0.024, 0.000, 0.000, -0.397, 0.000, 0.000, 0.649, -0.559, 0.332, -0.000, 20.49
0, 0, 0.000, -0.017, 0.000, 0.000, -0.299, 0.000, 0.000, 0.614, -0.652, 0.354, 0.000, 20.46
0, 0, 0.000, -0.012, 0.000, 0.000, -0.207, 0.000, 0.000, 0.583, -0.698, 0.334, -0.000, 20.43
0, 0, 0.000, -0.007, 0.000, 0.000, -0.125, 0.000, 0.000, 0.554, -0.744, 0.322, -0.000, 20.39
0, 0, 0.000, -0.002, 0.000, 0.000, -0.042, 0.000, 0.000, 0.526, -0.839, 0.357, -0.000, 20.36
0, 0, 0.000, 0.002, 0.000, 0.000, 0.033, 0.000, 0.000, 0.501, -0.885, 0.350, 0.000, 20.32
0, 0, 0.000, 0.005, 0.000, 0.000, 0.101, 0.000, 0.000, 0.476, -0.932, 0.350, -0.000, 20.29
0, 0, 0.000, 0.008, 0.000, 0.000, 0.163, 0.000, 0.000, 0.453, -0.979, 0.355, 0.000, 20.25
0, 0, 0.000, 0.010, 0.000, 0.000, 0.221, 0.000, 0.000, 0.432, -1.025, 0.363, 0.000, 20.22
1, 1, 0.000, 0.086, 0.000, 0.000, 1.981, 0.000, 0.000, 2.909, -12.791, 2.161, -5.654, 20.00
1, 1, 0.000, 0.081, 0.000, 0.000, 1.854, 0.000, 0.000, 3.043, -12.185, 0.000, -7.207, 20.00
1, 1, 0.000, 0.106, 0.000, 0.000, 2.265, 0.000, 0.000, 3.148, -10.383, 0.000, -4.864, 20.00
1, 1, 0.000, 0.155, 0.000, 0.000, 2.875, 0.000, 0.000, 3.236, -7.426, 0.000, -1.160, 20.00
1, 0, 0.000, 0.160, 0.000, 0.000, 2.451, 0.000, 0.000, 3.313, -4.655, -1.270, -0.000, 20.13
1, 0, 0.000, 0.101, 0.000, 0.000, 1.215, 0.000, 0.000, 3.383, -2.074, -2.626, 0.000, 20.39
1, 0, 0.000, -0.000, 0.000, 0.000, -0.004, 0.000, 0.000, 3.446, -0.669, -2.773, -0.000, 20.67
1, 0, 0.000, -0.080, 0.000, 0.000, -0.587, 0.000, 0.000, 3.505, 0.649, -3.488, -0.000, 21.02
0, 0, 0.000, -0.054, 0.000, 0.000, -0.310, 0.000, 0.000, 1.062, 0.138, -0.836, 0.000, 21.10
0, 0, 0.000, -0.082, 0.000, 0.000, -0.439, 0.000, 0.000, 0.960, 0.133, -0.572, 0.000, 21.16
0, 0, 0.000, -0.079, 0.000, 0.000, -0.427, 0.000, 0.000, 0.884, 0.129, -0.507, -0.000, 21.21
0, 0, 0.000, -0.056, 0.000, 0.000, -0.346, 0.000, 0.000, 0.824, 0.079, -0.501, -0.000, 21.26
0, 0, 0.000, -0.071, 0.000, 0.000, -0.557, 0.000, 0.000, 0.773, -0.059, -0.086, -0.000, 21.27
0, 0, 0.000, -0.095, 0.000, 0.000, -0.844, 0.000, 0.000, 0.727, -0.148, 0.359, -0.000, 21.23
0, 0, 0.000, -0.090, 0.000, 0.000, -0.838, 0.000, 0.000, 0.687, -0.191, 0.433, -0.000, 21.19
0, 0, 0.000, -0.076, 0.000, 0.000, -0.734, 0.000, 0.000, 0.650, -0.234, 0.395, -0.000, 21.15
0, 0, 0.000, -0.060, 0.000, 0.000, -0.610, 0.000, 0.000, 0.615, -0.279, 0.334, -0.000, 21.11
0, 0, 0.000, -0.047, 0.000, 0.000, -0.494, 0.000, 0.000, 0.584, -0.323, 0.280, -0.000, 21.09
0, 0, 0.000, -0.035, 0.000, 0.000, -0.392, 0.000, 0.000, 0.555, -0.368, 0.241, 0.000, 21.06
0, 0, 0.000, -0.026, 0.000, 0.000, -0.303, 0.000, 0.000, 0.527, -0.414, 0.216, 0.000, 21.04
0, 0, 0.000, -0.017, 0.000, 0.000, -0.218, 0.000, 0.000, 0.501, -0.507, 0.241, 0.000, 21.02
0, 0, 0.000, -0.011, 0.000, 0.000, -0.142, 0.000, 0.000, 0.477, -0.553, 0.229, -0.000, 20.99
0, 0, 0.000, -0.005, 0.000, 0.000, -0.066, 0.000, 0.000, 0.454, -0.647, 0.263, -0.000, 20.97
0, 0, 0.000, 0.000, 0.000, 0.000, 0.004, 0.000, 0.000, 0.432, -0.693, 0.257, 0.000, 20.94
1, 0, 0.000, 0.005, 0.000, 0.000, 0.076, 0.000, 0.000, 0.412, -0.788, 0.296, 0.000, 20.91
1, 0, 0.000, 0.009, 0.000, 0.000, 0.150, 0.000, 0.000, 0.393, -0.738, 0.186, -0.000, 20.89
1, 0, 0.000, 0.050, 0.000, 0.000, 0.708, 0.000, 0.000, 0.374, -0.597, -0.535, -0.000, 20.95
1, 0, 0.000, 0.053, 0.000, 0.000, 0.673, 0.000, 0.000, 0.357, -0.459, -0.624, -0.000, 21.01
1, 0, 0.000, 0.044, 0.000, 0.000, 0.487, 0.000, 0.000, 0.340, -0.321, -0.550, 0.000, 21.06
1, 0, 0.000, 0.042, 0.000, 0.000, 0.411, 0.000, 0.000, 0.324, -0.232, -0.546, 0.000, 21.12
1, 0, 0.000, 0.040, 0.000, 0.000, 0.358, 0.000, 0.000, 0.309, -0.190, -0.517, 0.000, 21.17
1, 0, 0.000, 0.066, 0.000, 0.000, 0.492, 0.000, 0.000, 0.295, -0.103, -0.750, 0.000, 21.24
0, 0, 0.000, 0.040, 0.000, 0.000, 0.301, 0.000, 0.000, 0.282, -0.107, -0.515, 0.000, 21.30
0, 0, 0.000, 0.001, 0.000, 0.000, 0.012, 0.000, 0.000, 0.269, -0.201, -0.081, -0.000, 21.30
0, 0, 0.000, -0.010, 0.000, 0.000, -0.096, 0.000, 0.000, 0.256, -0.293, 0.143, 0.000, 21.29
0, 0, 0.000, -0.001, 0.000, 0.000, -0.014, 0.000, 0.000, 0.244, -0.339, 0.110, -0.000, 21.28
0, 0, 0.000, 0.006, 0.000, 0.000, 0.067, 0.000, 0.000, 0.233, -0.433, 0.127, 0.000, 21.27
0, 0, 0.000, 0.001, 0.000, 0.000, 0.011, 0.000, 0.000, 0.222, -0.478, 0.244, 0.000, 21.24
0, 0, 0.000, 0.003, 0.000, 0.000, 0.037, 0.000, 0.000, 0.212, -0.524, 0.271, 0.000, 21.22
0, 0, 0.000, 0.007, 0.000, 0.000, 0.091, 0.000, 0.000, 0.202, -0.570, 0.269, -0.000, 21.19
0, 0, 0.000, 0.011, 0.000, 0.000, 0.149, 0.000, 0.000, 0.193, -0.615, 0.262, -0.000, 21.16
0, 0, 0.000, 0.015, 0.000, 0.000, 0.215, 0.000, 0.000, 0.184, -0.710, 0.296, 0.000, 21.13
0, 0, 0.000, 0.018, 0.000, 0.000, 0.275, 0.000, 0.000, 0.176, -0.756, 0.288, -0.000, 21.10
0, 0, 0.000, 0.020, 0.000, 0.000, 0.328, 0.000, 0.000, 0.168, -0.802, 0.286, 0.000, 21.08
0, 0, 0.000, 0.022, 0.000, 0.000, 0.387, 0.000, 0.000, 0.160, -0.898, 0.328, -0.000, 21.04
0, 0, 0.000, 0.024, 0.000, 0.000, 0.450, 0.000, 0.000, 0.152, -0.994, 0.367, -0.000, 21.01
0, 0, 0.000, 0.026, 0.000, 0.000, 0.516, 0.000, 0.000, 0.145, -1.090, 0.402, 0.000, 20.97
0, 0, 0.000, 0.028, 0.000, 0.000, 0.585, 0.000, 0.000, 0.139, -1.187, 0.436, 0.000, 20.92
1, 0, 0.000, 0.223, 0.000, 0.000, 5.010, 0.000, 0.000, 2.630, -14.856, 6.992, 0.000, 20.22
1, 1, 0.000, 0.271, 0.000, 0.000, 5.966, 0.000, 0.000, 2.778, -13.398, 2.224, -2.161, 20.00
1, 1, 0.000, 0.333, 0.000, 0.000, 6.718, 0.000, 0.000, 2.895, -10.981, 0.000, -1.035, 20.00
1, 0, 0.000, 0.356, 0.000, 0.000, 6.208, 0.000, 0.000, 2.994, -8.157, -1.402, 0.000, 20.14
1, 0, 0.000, 0.324, 0.000, 0.000, 4.659, 0.000, 0.000, 3.083, -5.506, -2.561, 0.000, 20.40
1, 0, 0.000, 0.251, 0.000, 0.000, 2.823, 0.000, 0.000, 3.163, -2.976, -3.261, 0.000, 20.72
1, 0, 0.000, 0.141, 0.000, 0.000, 1.282, 0.000, 0.000, 3.237, -1.592, -3.069, 0.000, 21.03
1, 0, 0.000, 0.053, 0.000, 0.000, 0.367, 0.000, 0.000, 3.306, -0.264, -3.461, 0.000, 21.38
0, 0, 0.000, 0.054, 0.000, 0.000, 0.300, 0.000, 0.000, 0.872, 0.059, -1.285, -0.000, 21.50
0, 0, 0.000, 0.006, 0.000, 0.000, 0.031, 0.000, 0.000, 0.778, 0.052, -0.867, -0.000, 21.59
0, 0, 0.000, -0.020, 0.000, 0.000, -0.117, 0.000, 0.000, 0.711, 0.002, -0.576, 0.000, 21.65
0, 0, 0.000, -0.013, 0.000, 0.000, -0.093, 0.000, 0.000, 0.659, -0.094, -0.458, 0.000, 21.69
0, 0, 0.000, 0.004, 0.000, 0.000, 0.037, 0.000, 0.000, 0.615, -0.237, -0.420, 0.000, 21.74
0, 0, 0.000, -0.041, 0.000, 0.000, -0.418, 0.000, 0.000, 0.577, -0.375, 0.257, -0.000, 21.71
0, 0, 0.000, -0.045, 0.000, 0.000, -0.500, 0.000, 0.000, 0.543, -0.466, 0.468, 0.000, 21.66
0, 0, 0.000, -0.034, 0.000, 0.000, -0.420, 0.000, 0.000, 0.513, -0.557, 0.499, 0.000, 21.61
0, 0, 0.000, -0.022, 0.000, 0.000, -0.290, 0.000, 0.000, 0.485, -0.650, 0.477, 0.000, 21.57
0, 0, 0.000, -0.011, 0.000, 0.000, -0.154, 0.000, 0.000, 0.459, -0.743, 0.448, 0.000, 21.52
0, 0, 0.000, -0.002, 0.000, 0.000, -0.025, 0.000, 0.000, 0.436, -0.837, 0.428, -0.000, 21.48
0, 0, 0.000, 0.005, 0.000, 0.000, 0.093, 0.000, 0.000, 0.414, -0.931, 0.420, 0.000, 21.44
0, 0, 0.000, 0.011, 0.000, 0.000, 0.201, 0.000, 0.000, 0.393, -1.027, 0.422, 0.000, 21.39
0, 0, 0.000, 0.016, 0.000, 0.000, 0.301, 0.000, 0.000, 0.374, -1.123, 0.432, 0.000, 21.35
0, 0, 0.000, 0.019, 0.000, 0.000, 0.396, 0.000, 0.000, 0.356, -1.220, 0.449, 0.000, 21.31
0, 0, 0.000, 0.022, 0.000, 0.000, 0.497, 0.000, 0.000, 0.339, -1.368, 0.510, -0.000, 21.25
1, 0, 0.000, 0.233, 0.000, 0.000, 5.622, 0.000, 0.000, 2.820, -16.929, 8.253, -0.000, 20.43
1, 1, 0.000, 0.318, 0.000, 0.000, 7.858, 0.000, 0.000, 2.959, -16.474, 4.295, -1.044, 20.00
1, 1, 0.000, 0.292, 0.000, 0.000, 7.057, 0.000, 0.000, 3.067, -15.237, 0.000, -4.821, 20.00
1, 1, 0.000, 0.293, 0.000, 0.000, 6.741, 0.000, 0.000, 3.159, -13.398, 0.000, -3.206, 20.00
1, 1, 0.000, 0.328, 0.000, 0.000, 6.835, 0.000, 0.000, 3.239, -10.981, 0.000, -0.579, 20.00
1, 0, 0.000, 0.343, 0.000, 0.000, 6.302, 0.000, 0.000, 3.312, -8.729, -1.229, 0.000, 20.12
1, 0, 0.000, 0.315, 0.000, 0.000, 5.476, 0.000, 0.000, 3.379, -7.703, -1.468, 0.000, 20.27
1, 0, 0.000, 0.281, 0.000, 0.000, 4.796, 0.000, 0.000, 3.441, -7.248, -1.270, 0.000, 20.40
0, 0, 0.000, 0.182, 0.000, 0.000, 2.843, 0.000, 0.000, 1.001, -0.532, -3.494, 0.000, 20.75
0, 0, 0.000, 0.103, 0.000, 0.000, 1.615, 0.000, 0.000, 0.902, -0.550, -2.070, 0.000, 20.95
0, 0, 0.000, 0.044, 0.000, 0.000, 0.756, 0.000, 0.000, 0.829, -0.654, -0.975, -0.000, 21.05
0, 0, 0.000, 0.014, 0.000, 0.000, 0.261, 0.000, 0.000, 0.771, -0.802, -0.244, -0.000, 21.07
0, 0, 0.000, 0.007, 0.000, 0.000, 0.144, 0.000, 0.000, 0.722, -0.900, 0.027, -0.000, 21.07
0, 0, 0.000, 0.003, 0.000, 0.000, 0.061, 0.000, 0.000, 0.679, -0.948, 0.205, -0.000, 21.05
0, 0, 0.000, 0.002, 0.000, 0.000, 0.039, 0.000, 0.000, 0.641, -0.946, 0.264, -0.000, 21.03
0, 0, 0.000, 0.003, 0.000, 0.000, 0.072, 0.000, 0.000, 0.606, -0.993, 0.312, 0.000, 20.99
0, 0, 0.000, 0.005, 0.000, 0.000, 0.116, 0.000, 0.000, 0.574, -0.990, 0.296, 0.000, 20.96
0, 0, 0.000, 0.007, 0.000, 0.000, 0.157, 0.000, 0.000, 0.544, -0.988, 0.279, 0.000, 20.94
0, 0, 0.000, 0.009, 0.000, 0.000, 0.203, 0.000, 0.000, 0.517, -1.035, 0.306, -0.000, 20.91
0, 0, 0.000, 0.011, 0.000, 0.000, 0.242, 0.000, 0.000, 0.491, -1.032, 0.290, 0.000, 20.88
0, 0, 0.000, 0.012, 0.000, 0.000, 0.273, 0.000, 0.000, 0.467, -1.030, 0.279, 0.000, 20.85
0, 0, 0.000, 0.013, 0.000, 0.000, 0.298, 0.000, 0.000, 0.444, -1.028, 0.272, 0.000, 20.82
0, 0, 0.000, 0.014, 0.000, 0.000, 0.320, 0.000, 0.000, 0.423, -1.025, 0.269, 0.000, 20.80
0, 0, 0.000, 0.014, 0.000, 0.000, 0.348, 0.000, 0.000, 0.402, -1.073, 0.308, -0.000, 20.76
1, 0, 0.000, 0.167, 0.000, 0.000, 4.058, 0.000, 0.000, 2.881, -12.428, 5.322, 0.000, 20.23
1, 1, 0.000, 0.225, 0.000, 0.000, 5.436, 0.000, 0.000, 3.017, -11.582, 2.321, -0.583, 20.00
1, 1, 0.000, 0.204, 0.000, 0.000, 4.946, 0.000, 0.000, 3.122, -11.582, 0.000, -3.309, 20.00
1, 1, 0.000, 0.196, 0.000, 0.000, 4.668, 0.000, 0.000, 3.211, -10.981, 0.000, -2.905, 20.00
1, 1, 0.000, 0.194, 0.000, 0.000, 4.419, 0.000, 0.000, 3.290, -9.787, 0.000, -1.883, 20.00
1, 1, 0.000, 0.188, 0.000, 0.000, 4.192, 0.000, 0.000, 3.361, -9.193, 0.000, -1.453, 20.00
1, 1, 0.000, 0.178, 0.000, 0.000, 3.981, 0.000, 0.000, 3.425, -9.193, 0.000, -1.609, 20.00
1, 1, 0.000, 0.170, 0.000, 0.000, 3.782, 0.000, 0.000, 3.485, -9.193, 0.000, -1.756, 20.00
0, 0, 0.000, 0.089, 0.000, 0.000, 1.949, 0.000, 0.000, 1.043, -0.779, -2.301, 0.000, 20.23
0, 0, 0.000, 0.051, 0.000, 0.000, 1.087, 0.000, 0.000, 0.941, -0.742, -1.338, 0.000, 20.36
0, 0, 0.000, 0.032, 0.000, 0.000, 0.653, 0.000, 0.000, 0.867, -0.700, -0.851, 0.000, 20.45
0, 0, 0.000, 0.017, 0.000, 0.000, 0.344, 0.000, 0.000, 0.807, -0.656, -0.512, 0.000, 20.50
0, 0, 0.000, 0.005, 0.000, 0.000, 0.109, 0.000, 0.000, 0.757, -0.706, -0.165, 0.000, 20.52
0, 0, 0.000, -0.003, 0.000, 0.000, -0.068, 0.000, 0.000, 0.712, -0.705, 0.064, -0.000, 20.51
0, 0, 0.000, -0.006, 0.000, 0.000, -0.136, 0.000, 0.000, 0.672, -0.704, 0.175, 0.000, 20.49
0, 0, 0.000, -0.006, 0.000, 0.000, -0.132, 0.000, 0.000, 0.636, -0.751, 0.253, -0.000, 20.47
0, 0, 0.000, -0.005, 0.000, 0.000, -0.105, 0.000, 0.000, 0.602, -0.748, 0.256, 0.000, 20.44
0, 0, 0.000, -0.003, 0.000, 0.000, -0.073, 0.000, 0.000, 0.571, -0.746, 0.251, -0.000, 20.42
0, 0, 0.000, -0.002, 0.000, 0.000, -0.041, 0.000, 0.000, 0.543, -0.744, 0.245, 0.000, 20.39
0, 0, 0.000, -0.001, 0.000, 0.000, -0.013, 0.000, 0.000, 0.516, -0.742, 0.240, -0.000, 20.37
0, 0, 0.000, 0.001, 0.000, 0.000, 0.012, 0.000, 0.000, 0.490, -0.740, 0.237, -0.000, 20.34
0, 0, 0.000, 0.002, 0.000, 0.000, 0.035, 0.000, 0.000, 0.467, -0.738, 0.235, -0.000, 20.32
0, 0, 0.000, 0.003, 0.000, 0.000, 0.055, 0.000, 0.000, 0.444, -0.736, 0.235, 0.000, 20.30
0, 0, 0.000, 0.003, 0.000, 0.000, 0.073, 0.000, 0.000, 0.423, -0.734, 0.235, -0.000, 20.27
1, 0, 0.000, 0.140, 0.000, 0.000, 3.010, 0.000, 0.000, 2.901, -8.620, 2.569, -0.000, 20.02
1, 1, 0.000, 0.135, 0.000, 0.000, 2.832, 0.000, 0.000, 3.035, -8.013, 0.174, -1.837, 20.00
1, 1, 0.000, 0.135, 0.000, 0.000, 2.676, 0.000, 0.000, 3.140, -6.841, 0.000, -0.890, 20.00
1, 0, 0.000, 0.123, 0.000, 0.000, 2.247, 0.000, 0.000, 3.228, -5.147, -0.451, 0.000, 20.05
1, 0, 0.000, 0.101, 0.000, 0.000, 1.763, 0.000, 0.000, 3.306, -4.627, -0.543, -0.000, 20.10
1, 0, 0.000, 0.077, 0.000, 0.000, 1.285, 0.000, 0.000, 3.376, -4.117, -0.621, 0.000, 20.16
1, 0, 0.000, 0.052, 0.000, 0.000, 0.771, 0.000, 0.000, 3.440, -3.094, -1.169, -0.000, 20.28
1, 0, 0.000, 0.030, 0.000, 0.000, 0.434, 0.000, 0.000, 3.499, -3.174, -0.789, 0.000, 20.36
0, 0, 0.000, -0.007, 0.000, 0.000, -0.100, 0.000, 0.000, 1.056, -0.268, -0.681, 0.000, 20.43
0, 0, 0.000, -0.024, 0.000, 0.000, -0.341, 0.000, 0.000, 0.954, -0.271, -0.319, 0.000, 20.46
0, 0, 0.000, -0.032, 0.000, 0.000, -0.478, 0.000, 0.000, 0.879, -0.318, -0.051, 0.000, 20.46
0, 0, 0.000, -0.036, 0.000, 0.000, -0.543, 0.000, 0.000, 0.819, -0.364, 0.124, -0.000, 20.45
0, 0, 0.000, -0.035, 0.000, 0.000, -0.547, 0.000, 0.000, 0.768, -0.410, 0.224, -0.000, 20.43
0, 0, 0.000, -0.032, 0.000, 0.000, -0.508, 0.000, 0.000, 0.723, -0.455, 0.272, -0.000, 20.40
0, 0, 0.000, -0.027, 0.000, 0.000, -0.443, 0.000, 0.000, 0.682, -0.501, 0.288, 0.000, 20.37
0, 0, 0.000, -0.022, 0.000, 0.000, -0.371, 0.000, 0.000, 0.645, -0.546, 0.294, 0.000, 20.34
0, 0, 0.000, -0.017, 0.000, 0.000, -0.300, 0.000, 0.000, 0.612, -0.592, 0.298, -0.000, 20.31
0, 0, 0.000, -0.014, 0.000, 0.000, -0.241, 0.000, 0.000, 0.580, -0.589, 0.264, -0.000, 20.29
0, 0, 0.000, -0.010, 0.000, 0.000, -0.185, 0.000, 0.000, 0.551, -0.635, 0.280, -0.000, 20.26
0, 0, 0.000, -0.006, 0.000, 0.000, -0.121, 0.000, 0.000, 0.524, -0.730, 0.333, 0.000, 20.22
0, 0, 0.000, -0.002, 0.000, 0.000, -0.050, 0.000, 0.000, 0.498, -0.825, 0.379, -0.000, 20.19
0, 0, 0.000, 0.001, 0.000, 0.000, 0.026, 0.000, 0.000, 0.474, -0.920, 0.418, 0.000, 20.15
0, 0, 0.000, 0.004, 0.000, 0.000, 0.096, 0.000, 0.000, 0.451, -0.966, 0.414, 0.000, 20.10
0, 0, 0.000, 0.007, 0.000, 0.000, 0.170, 0.000, 0.000, 0.430, -1.062, 0.455, 0.000, 20.06
1, 1, 0.000, 0.081, 0.000, 0.000, 1.964, 0.000, 0.000, 2.907, -14.009, 0.582, -8.474, 20.00
1, 1, 0.000, 0.077, 0.000, 0.000, 1.859, 0.000, 0.000, 3.041, -13.398, 0.000, -8.421, 20.00
1, 1, 0.000, 0.078, 0.000, 0.000, 1.771, 0.000, 0.000, 3.146, -11.582, 0.000, -6.587, 20.00
1, 1, 0.000, 0.089, 0.000, 0.000, 1.796, 0.000, 0.000, 3.234, -8.602, 0.000, -3.482, 20.00
1, 1, 0.000, 0.089, 0.000, 0.000, 1.642, 0.000, 0.000, 3.311, -6.841, 0.000, -1.799, 20.00
1, 1, 0.000, 0.095, 0.000, 0.000, 1.646, 0.000, 0.000, 3.381, -5.679, 0.000, -0.557, 20.00
1, 0, 0.000, 0.095, 0.000, 0.000, 1.515, 0.000, 0.000, 3.445, -4.575, -0.480, -0.000, 20.05
1, 0, 0.000, 0.093, 0.000, 0.000, 1.315, 0.000, 0.000, 3.504, -3.566, -1.345, 0.000, 20.18
0, 0, 0.000, 0.051, 0.000, 0.000, 0.653, 0.000, 0.000, 1.061, -0.214, -1.550, -0.000, 20.34
0, 0, 0.000, 0.014, 0.000, 0.000, 0.175, 0.000, 0.000, 0.958, -0.175, -0.972, -0.000, 20.43
0, 0, 0.000, -0.000, 0.000, 0.000, -0.006, 0.000, 0.000, 0.883, -0.181, -0.696, 0.000, 20.50
0, 0, 0.000, 0.004, 0.000, 0.000, 0.051, 0.000, 0.000, 0.823, -0.233, -0.645, 0.000, 20.57
0, 0, 0.000, -0.008, 0.000, 0.000, -0.107, 0.000, 0.000, 0.772, -0.330, -0.327, -0.000, 20.60
0, 0, 0.000, -0.033, 0.000, 0.000, -0.497, 0.000, 0.000, 0.726, -0.470, 0.274, -0.000, 20.57
0, 0, 0.000, -0.035, 0.000, 0.000, -0.563, 0.000, 0.000, 0.686, -0.562, 0.474, -0.000, 20.53
0, 0, 0.000, -0.030, 0.000, 0.000, -0.495, 0.000, 0.000, 0.649, -0.606, 0.482, -0.000, 20.48
0, 0, 0.000, -0.022, 0.000, 0.000, -0.383, 0.000, 0.000, 0.614, -0.699, 0.488, 0.000, 20.43
0, 0, 0.000, -0.014, 0.000, 0.000, -0.260, 0.000, 0.000, 0.583, -0.792, 0.483, -0.000, 20.38
0, 0, 0.000, -0.007, 0.000, 0.000, -0.140, 0.000, 0.000, 0.554, -0.886, 0.480, -0.000, 20.33
0, 0, 0.000, -0.001, 0.000, 0.000, -0.027, 0.000, 0.000, 0.526, -0.981, 0.484, 0.000, 20.29
0, 0, 0.000, 0.003, 0.000, 0.000, 0.070, 0.000, 0.000, 0.501, -1.027, 0.454, 0.000, 20.24
0, 0, 0.000, 0.007, 0.000, 0.000, 0.162, 0.000, 0.000, 0.476, -1.124, 0.478, 0.000, 20.19
0, 0, 0.000, 0.010, 0.000, 0.000, 0.253, 0.000, 0.000, 0.453, -1.220, 0.503, 0.000, 20.14
0, 0, 0.000, 0.013, 0.000, 0.000, 0.333, 0.000, 0.000, 0.432, -1.267, 0.489, 0.000, 20.09
1, 1, 0.000, 0.070, 0.000, 0.000, 1.847, 0.000, 0.000, 2.909, -16.474, 0.927, -10.721, 20.00
1, 1, 0.000, 0.068, 0.000, 0.000, 1.748, 0.000, 0.000, 3.043, -14.621, 0.000, -9.762, 20.00
1, 1, 0.000, 0.081, 0.000, 0.000, 1.926, 0.000, 0.000, 3.148, -12.185, 0.000, -7.030, 20.00
1, 1, 0.000, 0.096, 0.000, 0.000, 2.055, 0.000, 0.000, 3.236, -9.787, 0.000, -4.400, 20.00
1, 1, 0.000, 0.119, 0.000, 0.000, 2.190, 0.000, 0.000, 3.313, -6.841, 0.000, -1.220, 20.00
1, 0, 0.000, 0.127, 0.000, 0.000, 2.005, 0.000, 0.000, 3.383, -4.617, -0.897, 0.000, 20.09
1, 0, 0.000, 0.087, 0.000, 0.000, 1.133, 0.000, 0.000, 3.446, -2.550, -2.116, -0.000, 20.30
1, 0, 0.000, 0.058, 0.000, 0.000, 0.632, 0.000, 0.000, 3.505, -1.165, -3.030, 0.000, 20.60
0, 0, 0.000, 0.031, 0.000, 0.000, 0.289, 0.000, 0.000, 1.062, -0.015, -1.367, 0.000, 20.74
0, 0, 0.000, -0.011, 0.000, 0.000, -0.096, 0.000, 0.000, 0.960, -0.022, -0.831, -0.000, 20.82
0, 0, 0.000, -0.027, 0.000, 0.000, -0.245, 0.000, 0.000, 0.884, -0.027, -0.586, -0.000, 20.88
0, 0, 0.000, -0.026, 0.000, 0.000, -0.276, 0.000, 0.000, 0.824, -0.169, -0.353, -0.000, 20.92
0, 0, 0.000, -0.038, 0.000, 0.000, -0.468, 0.000, 0.000, 0.773, -0.309, 0.042, -0.000, 20.91
0, 0, 0.000, -0.050, 0.000, 0.000, -0.672, 0.000, 0.000, 0.727, -0.400, 0.395, 0.000, 20.87
0, 0, 0.000, -0.045, 0.000, 0.000, -0.656, 0.000, 0.000, 0.687, -0.491, 0.505, 0.000, 20.82
0, 0, 0.000, -0.035, 0.000, 0.000, -0.542, 0.000, 0.000, 0.650, -0.582, 0.510, -0.000, 20.77
0, 0, 0.000, -0.026, 0.000, 0.000, -0.411, 0.000, 0.000, 0.615, -0.627, 0.448, 0.000, 20.73
0, 0, 0.000, -0.017, 0.000, 0.000, -0.282, 0.000, 0.000, 0.584, -0.720, 0.434, 0.000, 20.68
0, 0, 0.000, -0.009, 0.000, 0.000, -0.160, 0.000, 0.000, 0.555, -0.814, 0.428, 0.000, 20.64
0, 0, 0.000, -0.003, 0.000, 0.000, -0.055, 0.000, 0.000, 0.527, -0.860, 0.391, -0.000, 20.60
0, 0, 0.000, 0.002, 0.000, 0.000, 0.033, 0.000, 0.000, 0.501, -0.906, 0.370, 0.000, 20.57
0, 0, 0.000, 0.005, 0.000, 0.000, 0.110, 0.000, 0.000, 0.477, -0.953, 0.360, -0.000, 20.53
0, 0, 0.000, 0.009, 0.000, 0.000, 0.188, 0.000, 0.000, 0.454, -1.049, 0.398, -0.000, 20.49
0, 0, 0.000, 0.012, 0.000, 0.000, 0.258, 0.000, 0.000, 0.432, -1.096, 0.393, 0.000, 20.45
1, 0, 0.000, 0.016, 0.000, 0.000, 0.380, 0.000, 0.000, 0.412, -1.143, 0.334, 0.000, 20.42
1, 0, 0.000, 0.019, 0.000, 0.000, 0.433, 0.000, 0.000, 0.393, -1.041, 0.196, -0.000, 20.40
1, 0, 0.000, 0.022, 0.000, 0.000, 0.488, 0.000, 0.000, 0.374, -0.941, 0.056, -0.000, 20.39
1, 0, 0.000, 0.027, 0.000, 0.000, 0.557, 0.000, 0.000, 0.357, -0.794, -0.147, 0.000, 20.41
1, 0, 0.000, 0.033, 0.000, 0.000, 0.608, 0.000, 0.000, 0.340, -0.651, -0.330, 0.000, 20.44
1, 0, 0.000, 0.032, 0.000, 0.000, 0.558, 0.000, 0.000, 0.324, -0.557, -0.357, -0.000, 20.48
1, 0, 0.000, 0.033, 0.000, 0.000, 0.556, 0.000, 0.000, 0.309, -0.513, -0.386, 0.000, 20.51
1, 0, 0.000, 0.046, 0.000, 0.000, 0.678, 0.000, 0.000, 0.295, -0.375, -0.645, 0.000, 20.58
0, 0, 0.000, 0.038, 0.000, 0.000, 0.532, 0.000, 0.000, 0.282, -0.332, -0.519, -0.000, 20.63
0, 0, 0.000, 0.028, 0.000, 0.000, 0.393, 0.000, 0.000, 0.269, -0.335, -0.355, -0.000, 20.67
0, 0, 0.000, 0.032, 0.000, 0.000, 0.416, 0.000, 0.000, 0.256, -0.291, -0.413, -0.000, 20.71
0, 0, 0.000, 0.048, 0.000, 0.000, 0.616, 0.000, 0.000, 0.244, -0.297, -0.612, -0.000, 20.77
0, 0, 0.000, 0.041, 0.000, 0.000, 0.569, 0.000, 0.000, 0.233, -0.395, -0.448, 0.000, 20.81
0, 0, 0.000, 0.006, 0.000, 0.000, 0.089, 0.000, 0.000, 0.222, -0.489, 0.172, 0.000, 20.80
0, 0, 0.000, -0.002, 0.000, 0.000, -0.038, 0.000, 0.000, 0.212, -0.581, 0.409, -0.000, 20.75
0, 0, 0.000, -0.000, 0.000, 0.000, -0.005, 0.000, 0.000, 0.202, -0.674, 0.476, -0.000, 20.71
0, 0, 0.000, 0.005, 0.000, 0.000, 0.084, 0.000, 0.000, 0.193, -0.767, 0.485, 0.000, 20.66
0, 0, 0.000, 0.009, 0.000, 0.000, 0.178, 0.000, 0.000, 0.184, -0.812, 0.441, -0.000, 20.61
0, 0, 0.000, 0.014, 0.000, 0.000, 0.281, 0.000, 0.000, 0.176, -0.956, 0.485, -0.000, 20.57
0, 0, 0.000, 0.017, 0.000, 0.000, 0.370, 0.000, 0.000, 0.168, -1.002, 0.447, 0.000, 20.52
0, 0, 0.000, 0.020, 0.000, 0.000, 0.454, 0.000, 0.000, 0.160, -1.098, 0.463, -0.000, 20.48
0, 0, 0.000, 0.023, 0.000, 0.000, 0.525, 0.000, 0.000, 0.152, -1.144, 0.444, 0.000, 20.43
0, 0, 0.000, 0.024, 0.000, 0.000, 0.596, 0.000, 0.000, 0.145, -1.241, 0.475, -0.000, 20.38
0, 0, 0.000, 0.026, 0.000, 0.000, 0.668, 0.000, 0.000, 0.139, -1.339, 0.506, 0.000, 20.33
1, 1, 0.000, 0.123, 0.000, 0.000, 3.286, 0.000, 0.000, 2.630, -16.474, 3.327, -7.109, 20.00
1, 1, 0.000, 0.113, 0.000, 0.000, 3.077, 0.000, 0.000, 2.778, -16.474, 0.000, -10.507, 20.00
1, 1, 0.000, 0.112, 0.000, 0.000, 2.908, 0.000, 0.000, 2.895, -14.621, 0.000, -8.707, 20.00
1, 1, 0.000, 0.115, 0.000, 0.000, 2.761, 0.000, 0.000, 2.994, -12.185, 0.000, -6.315, 20.00
1, 1, 0.000, 0.120, 0.000, 0.000, 2.635, 0.000, 0.000, 3.083, -9.787, 0.000, -3.949, 20.00
1, 1, 0.000, 0.134, 0.000, 0.000, 2.699, 0.000, 0.000, 3.163, -8.013, 0.000, -2.016, 20.00
1, 0, 0.000, 0.167, 0.000, 0.000, 3.037, 0.000, 0.000, 3.237, -6.276, -0.165, 0.000, 20.02
1, 0, 0.000, 0.172, 0.000, 0.000, 2.778, 0.000, 0.000, 3.306, -4.701, -1.554, 0.000, 20.17
0, 0, 0.000, 0.122, 0.000, 0.000, 1.744, 0.000, 0.000, 0.872, -0.314, -2.424, 0.000, 20.41
0, 0, 0.000, 0.080, 0.000, 0.000, 1.027, 0.000, 0.000, 0.778, -0.234, -1.651, 0.000, 20.58
0, 0, 0.000, 0.041, 0.000, 0.000, 0.536, 0.000, 0.000, 0.711, -0.243, -1.045, -0.000, 20.68
0, 0, 0.000, 0.010, 0.000, 0.000, 0.149, 0.000, 0.000, 0.659, -0.341, -0.478, 0.000, 20.73
0, 0, 0.000, -0.002, 0.000, 0.000, -0.025, 0.000, 0.000, 0.615, -0.484, -0.104, 0.000, 20.74
0, 0, 0.000, -0.015, 0.000, 0.000, -0.261, 0.000, 0.000, 0.577, -0.578, 0.277, 0.000, 20.71
0, 0, 0.000, -0.017, 0.000, 0.000, -0.301, 0.000, 0.000, 0.543, -0.622, 0.397, -0.000, 20.67
0, 0, 0.000, -0.014, 0.000, 0.000, -0.251, 0.000, 0.000, 0.513, -0.619, 0.371, 0.000, 20.64
0, 0, 0.000, -0.009, 0.000, 0.000, -0.171, 0.000, 0.000, 0.485, -0.665, 0.360, -0.000, 20.60
0, 0, 0.000, -0.005, 0.000, 0.000, -0.089, 0.000, 0.000, 0.459, -0.710, 0.344, 0.000, 20.57
0, 0, 0.000, -0.001, 0.000, 0.000, -0.011, 0.000, 0.000, 0.436, -0.756, 0.332, 0.000, 20.53
0, 0, 0.000, 0.003, 0.000, 0.000, 0.059, 0.000, 0.000, 0.414, -0.802, 0.327, 0.000, 20.50
0, 0, 0.000, 0.006, 0.000, 0.000, 0.113, 0.000, 0.000, 0.393, -0.800, 0.288, -0.000, 20.47
0, 0, 0.000, 0.008, 0.000, 0.000, 0.164, 0.000, 0.000, 0.374, -0.846, 0.300, -0.000, 20.44
0, 0, 0.000, 0.010, 0.000, 0.000, 0.213, 0.000, 0.000, 0.356, -0.893, 0.314, 0.000, 20.41
0, 0, 0.000, 0.012, 0.000, 0.000, 0.251, 0.000, 0.000, 0.339, -0.891, 0.289, 0.000, 20.38
1, 1, 0.000, 0.137, 0.000, 0.000, 3.032, 0.000, 0.000, 2.820, -10.981, 3.822, -1.170, 20.00
1, 1, 0.000, 0.128, 0.000, 0.000, 2.730, 0.000, 0.000, 2.959, -9.787, 0.000, -3.970, 20.00
1, 1, 0.000, 0.176, 0.000, 0.000, 3.296, 0.000, 0.000, 3.067, -6.841, 0.000, -0.303, 20.00
1, 0, 0.000, 0.167, 0.000, 0.000, 2.816, 0.000, 0.000, 3.159, -5.198, -0.944, 0.000, 20.09
1, 0, 0.000, 0.127, 0.000, 0.000, 1.800, 0.000, 0.000, 3.239, -3.116, -2.051, -0.000, 20.30
1, 0, 0.000, 0.058, 0.000, 0.000, 0.749, 0.000, 0.000, 3.312, -2.179, -1.940, 0.000, 20.49
1, 0, 0.000, -0.009, 0.000, 0.000, -0.100, 0.000, 0.000, 3.379, -1.257, -2.014, -0.000, 20.69
1, 0, 0.000, -0.063, 0.000, 0.000, -0.653, 0.000, 0.000, 3.441, -0.882, -1.843, -0.000, 20.88
0, 0, 0.000, -0.064, 0.000, 0.000, -0.709, 0.000, 0.000, 1.001, -0.120, -0.107, -0.000, 20.89
0, 0, 0.000, -0.059, 0.000, 0.000, -0.688, 0.000, 0.000, 0.902, -0.213, 0.058, -0.000, 20.88
0, 0, 0.000, -0.051, 0.000, 0.000, -0.600, 0.000, 0.000, 0.829, -0.259, 0.080, -0.000, 20.88
0, 0, 0.000, -0.046, 0.000, 0.000, -0.575, 0.000, 0.000, 0.771, -0.304, 0.154, -0.000, 20.86
0, 0, 0.000, -0.042, 0.000, 0.000, -0.558, 0.000, 0.000, 0.722, -0.397, 0.274, -0.000, 20.83
0, 0, 0.000, -0.037, 0.000, 0.000, -0.521, 0.000, 0.000, 0.679, -0.441, 0.320, -0.000, 20.80
0, 0, 0.000, -0.031, 0.000, 0.000, -0.452, 0.000, 0.000, 0.641, -0.486, 0.329, -0.000, 20.77
0, 0, 0.000, -0.026, 0.000, 0.000, -0.372, 0.000, 0.000, 0.606, -0.484, 0.276, -0.000, 20.74
0, 0, 0.000, -0.019, 0.000, 0.000, -0.293, 0.000, 0.000, 0.574, -0.529, 0.269, -0.000, 20.71
0, 0, 0.000, -0.014, 0.000, 0.000, -0.219, 0.000, 0.000, 0.544, -0.575, 0.264, 0.000, 20.69
0, 0, 0.000, -0.010, 0.000, 0.000, -0.158, 0.000, 0.000, 0.517, -0.573, 0.225, -0.000, 20.67
0, 0, 0.000, -0.006, 0.000, 0.000, -0.102, 0.000, 0.000, 0.491, -0.620, 0.237, 0.000, 20.64
0, 0, 0.000, -0.003, 0.000, 0.000, -0.048, 0.000, 0.000, 0.467, -0.666, 0.250, -0.000, 20.62
0, 0, 0.000, -0.000, 0.000, 0.000, -0.004, 0.000, 0.000, 0.444, -0.664, 0.225, -0.000, 20.59
0, 0, 0.000, 0.002, 0.000, 0.000, 0.039, 0.000, 0.000, 0.423, -0.710, 0.246, 0.000, 20.57
0, 0, 0.000, 0.004, 0.000, 0.000, 0.075, 0.000, 0.000, 0.402, -0.708, 0.227, 0.000, 20.55
1, 0, 0.000, 0.127, 0.000, 0.000, 2.315, 0.000, 0.000, 2.881, -8.806, 3.483, 0.000, 20.20
1, 0, 0.000, 0.184, 0.000, 0.000, 3.297, 0.000, 0.000, 3.017, -8.056, 1.559, 0.000, 20.04
1, 1, 0.000, 0.193, 0.000, 0.000, 3.379, 0.000, 0.000, 3.122, -7.426, 0.425, -0.307, 20.00
1, 1, 0.000, 0.186, 0.000, 0.000, 3.182, 0.000, 0.000, 3.211, -6.841, 0.000, -0.262, 20.00
1, 0, 0.000, 0.177, 0.000, 0.000, 2.800, 0.000, 0.000, 3.290, -5.734, -0.533, 0.000, 20.05
1, 0, 0.000, 0.147, 0.000, 0.000, 2.174, 0.000, 0.000, 3.361, -4.682, -0.999, 0.000, 20.15
1, 0, 0.000, 0.112, 0.000, 0.000, 1.691, 0.000, 0.000, 3.425, -4.732, -0.496, -0.000, 20.20
1, 0, 0.000, 0.105, 0.000, 0.000, 1.610, 0.000, 0.000, 3.485, -5.298, 0.099, 0.000, 20.19
0, 0, 0.000, 0.051, 0.000, 0.000, 0.741, 0.000, 0.000, 1.043, -0.402, -1.433, -0.000, 20.34
0, 0, 0.000, 0.028, 0.000, 0.000, 0.385, 0.000, 0.000, 0.941, -0.363, -0.992, -0.000, 20.44
0, 0, 0.000, 0.011, 0.000, 0.000, 0.146, 0.000, 0.000, 0.867, -0.322, -0.702, -0.000, 20.51
0, 0, 0.000, -0.008, 0.000, 0.000, -0.116, 0.000, 0.000, 0.807, -0.372, -0.311, -0.000, 20.54
0, 0, 0.000, -0.022, 0.000, 0.000, -0.313, 0.000, 0.000, 0.757, -0.419, -0.003, -0.000, 20.54
0, 0, 0.000, -0.025, 0.000, 0.000, -0.375, 0.000, 0.000, 0.712, -0.465, 0.154, -0.000, 20.52
0, 0, 0.000, -0.023, 0.000, 0.000, -0.358, 0.000, 0.000, 0.672, -0.511, 0.221, 0.000, 20.50
0, 0, 0.000, -0.020, 0.000, 0.000, -0.309, 0.000, 0.000, 0.636, -0.557, 0.250, 0.000, 20.47
0, 0, 0.000, -0.015, 0.000, 0.000, -0.249, 0.000, 0.000, 0.602, -0.603, 0.265, 0.000, 20.45
0, 0, 0.000, -0.011, 0.000, 0.000, -0.187, 0.000, 0.000, 0.571, -0.649, 0.276, -0.000, 20.42
0, 0, 0.000, -0.007, 0.000, 0.000, -0.126, 0.000, 0.000, 0.543, -0.695, 0.286, -0.000, 20.39
0, 0, 0.000, -0.003, 0.000, 0.000, -0.058, 0.000, 0.000, 0.516, -0.790, 0.336, -0.000, 20.36
0, 0, 0.000, 0.001, 0.000, 0.000, 0.016, 0.000, 0.000, 0.490, -0.885, 0.378, 0.000, 20.32
0, 0, 0.000, 0.005, 0.000, 0.000, 0.103, 0.000, 0.000, 0.467, -1.030, 0.456, -0.000, 20.27
0, 0, 0.000, 0.009, 0.000, 0.000, 0.192, 0.000, 0.000, 0.444, -1.127, 0.482, 0.000, 20.23
0, 0, 0.000, 0.012, 0.000, 0.000, 0.280, 0.000, 0.000, 0.423, -1.223, 0.508, 0.000, 20.18
1, 1, 0.000, 0.098, 0.000, 0.000, 2.469, 0.000, 0.000, 2.901, -15.854, 1.758, -8.628, 20.00
1, 1, 0.000, 0.095, 0.000, 0.000, 2.327, 0.000, 0.000, 3.035, -14.621, 0.000, -9.165, 20.00
1, 1, 0.000, 0.113, 0.000, 0.000, 2.524, 0.000, 0.000, 3.140, -11.582, 0.000, -5.805, 20.00
1, 1, 0.000, 0.120, 0.000, 0.000, 2.421, 0.000, 0.000, 3.228, -9.193, 0.000, -3.424, 20.00
1, 1, 0.000, 0.123, 0.000, 0.000, 2.276, 0.000, 0.000, 3.306, -7.426, 0.000, -1.721, 20.00
1, 0, 0.000, 0.142, 0.000, 0.000, 2.384, 0.000, 0.000, 3.376, -5.700, -0.203, 0.000, 20.02
1, 0, 0.000, 0.126, 0.000, 0.000, 1.861, 0.000, 0.000, 3.440, -4.107, -1.320, -0.000, 20.15
1, 0, 0.000, 0.101, 0.000, 0.000, 1.343, 0.000, 0.000, 3.499, -3.148, -1.795, 0.000, 20.33
0, 0, 0.000, 0.054, 0.000, 0.000, 0.673, 0.000, 0.000, 1.056, -0.226, -1.557, 0.000, 20.49
0, 0, 0.000, 0.017, 0.000, 0.000, 0.211, 0.000, 0.000, 0.954, -0.234, -0.948, 0.000, 20.58
0, 0, 0.000, -0.002, 0.000, 0.000, -0.025, 0.000, 0.000, 0.879, -0.239, -0.613, 0.000, 20.64
0, 0, 0.000, 0.003, 0.000, 0.000, 0.043, 0.000, 0.000, 0.819, -0.291, -0.574, -0.000, 20.70
0, 0, 0.000, 0.012, 0.000, 0.000, 0.168, 0.000, 0.000, 0.768, -0.437, -0.511, 0.000, 20.75
0, 0, 0.000, -0.023, 0.000, 0.000, -0.352, 0.000, 0.000, 0.723, -0.531, 0.183, -0.000, 20.73
0, 0, 0.000, -0.030, 0.000, 0.000, -0.488, 0.000, 0.000, 0.682, -0.624, 0.459, -0.000, 20.69
0, 0, 0.000, -0.025, 0.000, 0.000, -0.436, 0.000, 0.000, 0.645, -0.716, 0.532, -0.000, 20.63
0, 0, 0.000, -0.017, 0.000, 0.000, -0.320, 0.000, 0.000, 0.612, -0.809, 0.535, 0.000, 20.58
0, 0, 0.000, -0.010, 0.000, 0.000, -0.190, 0.000, 0.000, 0.580, -0.903, 0.522, -0.000, 20.53
0, 0, 0.000, -0.002, 0.000, 0.000, -0.053, 0.000, 0.000, 0.551, -1.048, 0.552, -0.000, 20.47
0, 0, 0.000, 0.003, 0.000, 0.000, 0.065, 0.000, 0.000, 0.524, -1.093, 0.502, 0.000, 20.42
0, 0, 0.000, 0.007, 0.000, 0.000, 0.164, 0.000, 0.000, 0.498, -1.140, 0.471, 0.000, 20.38
0, 0, 0.000, 0.011, 0.000, 0.000, 0.258, 0.000, 0.000, 0.474, -1.236, 0.494, 0.000, 20.33
0, 0, 0.000, 0.013, 0.000, 0.000, 0.340, 0.000, 0.000, 0.451, -1.283, 0.479, -0.000, 20.28
0, 0, 0.000, 0.016, 0.000, 0.000, 0.421, 0.000, 0.000, 0.430, -1.381, 0.514, -0.000, 20.23
1, 1, 0.000, 0.092, 0.000, 0.000, 2.535, 0.000, 0.000, 2.907, -17.097, 2.277, -9.285, 20.00
1, 1, 0.000, 0.088, 0.000, 0.000, 2.381, 0.000, 0.000, 3.041, -15.854, 0.000, -10.343, 20.00
1, 1, 0.000, 0.119, 0.000, 0.000, 2.851, 0.000, 0.000, 3.146, -12.185, 0.000, -6.069, 20.00
1, 1, 0.000, 0.164, 0.000, 0.000, 3.286, 0.000, 0.000, 3.234, -8.013, 0.000, -1.329, 20.00
1, 0, 0.000, 0.171, 0.000, 0.000, 2.881, 0.000, 0.000, 3.311, -5.218, -1.146, -0.000, 20.11
1, 0, 0.000, 0.129, 0.000, 0.000, 1.810, 0.000, 0.000, 3.381, -3.148, -2.171, 0.000, 20.33
1, 0, 0.000, 0.058, 0.000, 0.000, 0.683, 0.000, 0.000, 3.445, -1.702, -2.483, 0.000, 20.58
1, 0, 0.000, 0.006, 0.000, 0.000, 0.062, 0.000, 0.000, 3.504, -0.347, -3.225, 0.000, 20.90
0, 0, 0.000, -0.008, 0.000, 0.000, -0.073, 0.000, 0.000, 1.061, 0.009, -0.988, -0.000, 21.00
0, 0, 0.000, -0.039, 0.000, 0.000, -0.307, 0.000, 0.000, 0.958, 0.049, -0.662, -0.000, 21.07
0, 0, 0.000, -0.046, 0.000, 0.000, -0.411, 0.000, 0.000, 0.883, -0.045, -0.380, -0.000, 21.11
0, 0, 0.000, -0.038, 0.000, 0.000, -0.371, 0.000, 0.000, 0.823, -0.140, -0.274, -0.000, 21.13
0, 0, 0.000, -0.027, 0.000, 0.000, -0.323, 0.000, 0.000, 0.772, -0.328, -0.094, 0.000, 21.14
0, 0, 0.000, -0.047, 0.000, 0.000, -0.623, 0.000, 0.000, 0.726, -0.419, 0.363, -0.000, 21.11
0, 0, 0.000, -0.047, 0.000, 0.000, -0.651, 0.000, 0.000, 0.686, -0.463, 0.476, -0.000, 21.06
0, 0, 0.000, -0.038, 0.000, 0.000, -0.552, 0.000, 0.000, 0.649, -0.554, 0.496, -0.000, 21.01
0, 0, 0.000, -0.028, 0.000, 0.000, -0.425, 0.000, 0.000, 0.614, -0.599, 0.437, 0.000, 20.97
0, 0, 0.000, -0.019, 0.000, 0.000, -0.303, 0.000, 0.000, 0.583, -0.644, 0.383, 0.000, 20.93
0, 0, 0.000, -0.011, 0.000, 0.000, -0.187, 0.000, 0.000, 0.554, -0.738, 0.383, 0.000, 20.89
0, 0, 0.000, -0.006, 0.000, 0.000, -0.096, 0.000, 0.000, 0.526, -0.735, 0.311, -0.000, 20.86
0, 0, 0.000, -0.001, 0.000, 0.000, -0.018, 0.000, 0.000, 0.501, -0.781, 0.299, -0.000, 20.83
0, 0, 0.000, 0.003, 0.000, 0.000, 0.052, 0.000, 0.000, 0.476, -0.828, 0.297, -0.000, 20.80
0, 0, 0.000, 0.006, 0.000, 0.000, 0.105, 0.000, 0.000, 0.453, -0.825, 0.261, 0.000, 20.77
0, 0, 0.000, 0.008, 0.000, 0.000, 0.156, 0.000, 0.000, 0.432, -0.872, 0.276, 0.000, 20.74
1, 0, 0.000, 0.150, 0.000, 0.000, 3.007, 0.000, 0.000, 2.909, -10.677, 4.611, -0.000, 20.28
1, 0, 0.000, 0.206, 0.000, 0.000, 3.872, 0.000, 0.000, 3.043, -8.728, 1.607, 0.000, 20.12
1, 0, 0.000, 0.214, 0.000, 0.000, 3.723, 0.000, 0.000, 3.148, -6.978, -0.107, 0.000, 20.13
1, 0, 0.000, 0.195, 0.000, 0.000, 3.062, 0.000, 0.000, 3.236, -5.353, -1.140, 0.000, 20.25
1, 0, 0.000, 0.157, 0.000, 0.000, 2.165, 0.000, 0.000, 3.313, -3.816, -1.819, 0.000, 20.43
1, 0, 0.000, 0.097, 0.000, 0.000, 1.226, 0.000, 0.000, 3.383, -2.865, -1.841, 0.000, 20.61
1, 0, 0.000, 0.052, 0.000, 0.000, 0.645, 0.000, 0.000, 3.446, -2.982, -1.161, 0.000, 20.73
1, 0, 0.000, 0.004, 0.000, 0.000, 0.040, 0.000, 0.000, 3.505, -2.008, -1.541, 0.000, 20.88
0, 0, 0.000, -0.008, 0.000, 0.000, -0.079, 0.000, 0.000, 1.062, -0.126, -0.848, -0.000, 20.97
0, 0, 0.000, -0.027, 0.000, 0.000, -0.262, 0.000, 0.000, 0.960, -0.131, -0.540, -0.000, 21.02
0, 0, 0.000, -0.042, 0.000, 0.000, -0.435, 0.000, 0.000, 0.884, -0.179, -0.229, -0.000, 21.04
0, 0, 0.000, -0.022, 0.000, 0.000, -0.225, 0.000, 0.000, 0.824, -0.229, -0.348, 0.000, 21.08
0, 0, 0.000, 0.013, 0.000, 0.000, 0.132, 0.000, 0.000, 0.773, -0.235, -0.683, 0.000, 21.15
0, 0, 0.000, -0.030, 0.000, 0.000, -0.345, 0.000, 0.000, 0.727, -0.329, -0.024, 0.000, 21.15
0, 0, 0.000, -0.040, 0.000, 0.000, -0.499, 0.000, 0.000, 0.687, -0.421, 0.274, -0.000, 21.12
0, 0, 0.000, -0.035, 0.000, 0.000, -0.473, 0.000, 0.000, 0.650, -0.513, 0.372, -0.000, 21.09
0, 0, 0.000, -0.026, 0.000, 0.000, -0.381, 0.000, 0.000, 0.615, -0.606, 0.398, 0.000, 21.05
0, 0, 0.000, -0.017, 0.000, 0.000, -0.269, 0.000, 0.000, 0.584, -0.699, 0.402, -0.000, 21.01
0, 0, 0.000, -0.010, 0.000, 0.000, -0.165, 0.000, 0.000, 0.555, -0.744, 0.365, 0.000, 20.97
0, 0, 0.000, -0.004, 0.000, 0.000, -0.065, 0.000, 0.000, 0.527, -0.839, 0.380, 0.000, 20.93
0, 0, 0.000, 0.001, 0.000, 0.000, 0.014, 0.000, 0.000, 0.501, -0.836, 0.320, 0.000, 20.90
0, 0, 0.000, 0.005, 0.000, 0.000, 0.093, 0.000, 0.000, 0.477, -0.932, 0.357, -0.000, 20.86
0, 0, 0.000, 0.009, 0.000, 0.000, 0.173, 0.000, 0.000, 0.454, -1.028, 0.392, -0.000, 20.82
0, 0, 0.000, 0.012, 0.000, 0.000, 0.254, 0.000, 0.000, 0.432, -1.124, 0.426, 0.000, 20.78
1, 0, 0.000, 0.015, 0.000, 0.000, 0.327, 0.000, 0.000, 0.412, -1.171, 0.418, 0.000, 20.74
1, 0, 0.000, 0.017, 0.000, 0.000, 0.402, 0.000, 0.000, 0.393, -1.268, 0.457, 0.000, 20.69
1, 0, 0.000, 0.021, 0.000, 0.000, 0.489, 0.000, 0.000, 0.374, -1.165, 0.280, 0.000, 20.67
1, 0, 0.000, 0.027, 0.000, 0.000, 0.595, 0.000, 0.000, 0.357, -1.063, 0.085, 0.000, 20.66
1, 0, 0.000, 0.029, 0.000, 0.000, 0.629, 0.000, 0.000, 0.340, -1.013, 0.015, 0.000, 20.66
1, 0, 0.000, 0.036, 0.000, 0.000, 0.735, 0.000, 0.000, 0.324, -0.916, -0.179, -0.000, 20.67
1, 0, 0.000, 0.044, 0.000, 0.000, 0.830, 0.000, 0.000, 0.309, -0.772, -0.412, -0.000, 20.72
1, 0, 0.000, 0.040, 0.000, 0.000, 0.748, 0.000, 0.000, 0.295, -0.726, -0.358, -0.000, 20.75
0, 0, 0.000, 0.049, 0.000, 0.000, 0.860, 0.000, 0.000, 0.282, -0.682, -0.509, -0.000, 20.80
0, 0, 0.000, 0.055, 0.000, 0.000, 0.876, 0.000, 0.000, 0.269, -0.590, -0.609, 0.000, 20.86
0, 0, 0.000, 0.034, 0.000, 0.000, 0.578, 0.000, 0.000, 0.256, -0.592, -0.276, 0.000, 20.89
0, 0, 0.000, 0.026, 0.000, 0.000, 0.449, 0.000, 0.000, 0.244, -0.641, -0.078, -0.000, 20.90
0, 0, 0.000, 0.036, 0.000, 0.000, 0.604, 0.000, 0.000, 0.233, -0.643, -0.230, 0.000, 20.92
0, 0, 0.000, 0.041, 0.000, 0.000, 0.726, 0.000, 0.000, 0.222, -0.694, -0.295, -0.000, 20.95
0, 0, 0.000, 0.017, 0.000, 0.000, 0.318, 0.000, 0.000, 0.212, -0.790, 0.243, 0.000, 20.93
0, 0, 0.000, 0.010, 0.000, 0.000, 0.190, 0.000, 0.000, 0.202, -0.835, 0.433, 0.000, 20.88
0, 0, 0.000, 0.010, 0.000, 0.000, 0.204, 0.000, 0.000, 0.193, -0.880, 0.473, 0.000, 20.84
0, 0, 0.000, 0.013, 0.000, 0.000, 0.276, 0.000, 0.000, 0.184, -0.975, 0.502, -0.000, 20.79
0, 0, 0.000, 0.016, 0.000, 0.000, 0.355, 0.000, 0.000, 0.176, -1.020, 0.474, 0.000, 20.74
0, 0, 0.000, 0.019, 0.000, 0.000, 0.439, 0.000, 0.000, 0.168, -1.116, 0.491, -0.000, 20.69
0, 0, 0.000, 0.021, 0.000, 0.000, 0.513, 0.000, 0.000, 0.160, -1.163, 0.469, -0.000, 20.64
0, 0, 0.000, 0.023, 0.000, 0.000, 0.576, 0.000, 0.000, 0.152, -1.209, 0.457, -0.000, 20.60
0, 0, 0.000, 0.025, 0.000, 0.000, 0.632, 0.000, 0.000, 0.145, -1.256, 0.454, -0.000, 20.55
0, 0, 0.000, 0.026, 0.000, 0.000, 0.681, 0.000, 0.000, 0.139, -1.303, 0.457, 0.000, 20.51
1, 1, 0.000, 0.171, 0.000, 0.000, 4.660, 0.000, 0.000, 2.630, -15.854, 5.056, -3.338, 20.00
1, 1, 0.000, 0.153, 0.000, 0.000, 4.358, 0.000, 0.000, 2.778, -17.097, 0.000, -9.808, 20.00
1, 1, 0.000, 0.147, 0.000, 0.000, 4.114, 0.000, 0.000, 2.895, -15.854, 0.000, -8.699, 20.00
1, 1, 0.000, 0.157, 0.000, 0.000, 4.097, 0.000, 0.000, 2.994, -13.398, 0.000, -6.149, 20.00
1, 1, 0.000, 0.175, 0.000, 0.000, 4.114, 0.000, 0.000, 3.083, -10.981, 0.000, -3.609, 20.00
1, 1, 0.000, 0.211, 0.000, 0.000, 4.313, 0.000, 0.000, 3.163, -8.013, 0.000, -0.325, 20.00
1, 0, 0.000, 0.209, 0.000, 0.000, 3.871, 0.000, 0.000, 3.237, -6.357, -0.960, 0.000, 20.10
1, 0, 0.000, 0.189, 0.000, 0.000, 3.216, 0.000, 0.000, 3.306, -5.339, -1.371, 0.000, 20.23
0, 0, 0.000, 0.152, 0.000, 0.000, 2.314, 0.000, 0.000, 0.872, -0.371, -2.966, 0.000, 20.53
0, 0, 0.000, 0.092, 0.000, 0.000, 1.335, 0.000, 0.000, 0.778, -0.339, -1.866, 0.000, 20.72
0, 0, 0.000, 0.054, 0.000, 0.000, 0.739, 0.000, 0.000, 0.711, -0.302, -1.202, 0.000, 20.84
0, 0, 0.000, 0.032, 0.000, 0.000, 0.444, 0.000, 0.000, 0.659, -0.356, -0.779, 0.000, 20.91
0, 0, 0.000, 0.019, 0.000, 0.000, 0.286, 0.000, 0.000, 0.615, -0.408, -0.513, -0.000, 20.97
0, 0, 0.000, 0.013, 0.000, 0.000, 0.222, 0.000, 0.000, 0.577, -0.553, -0.260, -0.000, 20.99
0, 0, 0.000, -0.010, 0.000, 0.000, -0.170, 0.000, 0.000, 0.543, -0.647, 0.283, -0.000, 20.96
0, 0, 0.000, -0.014, 0.000, 0.000, -0.259, 0.000, 0.000, 0.513, -0.740, 0.499, -0.000, 20.91
0, 0, 0.000, -0.010, 0.000, 0.000, -0.193, 0.000, 0.000, 0.485, -0.833, 0.550, 0.000, 20.86
0, 0, 0.000, -0.004, 0.000, 0.000, -0.077, 0.000, 0.000, 0.459, -0.927, 0.547, -0.000, 20.80
0, 0, 0.000, 0.002, 0.000, 0.000, 0.049, 0.000, 0.000, 0.436, -1.021, 0.535, 0.000, 20.75
0, 0, 0.000, 0.008, 0.000, 0.000, 0.179, 0.000, 0.000, 0.414, -1.167, 0.566, 0.000, 20.69
0, 0, 0.000, 0.012, 0.000, 0.000, 0.300, 0.000, 0.000, 0.393, -1.263, 0.558, 0.000, 20.64
0, 0, 0.000, 0.016, 0.000, 0.000, 0.411, 0.000, 0.000, 0.374, -1.361, 0.560, 0.000, 20.58
0, 0, 0.000, 0.019, 0.000, 0.000, 0.513, 0.000, 0.000, 0.356, -1.458, 0.571, 0.000, 20.52
0, 0, 0.000, 0.021, 0.000, 0.000, 0.610, 0.000, 0.000, 0.339, -1.557, 0.587, -0.000, 20.47
1, 1, 0.000, 0.132, 0.000, 0.000, 4.023, 0.000, 0.000, 2.820, -19.612, 4.659, -7.978, 20.00
1, 1, 0.000, 0.116, 0.000, 0.000, 3.750, 0.000, 0.000, 2.959, -21.526, 0.000, -14.702, 20.00
1, 1, 0.000, 0.110, 0.000, 0.000, 3.537, 0.000, 0.000, 3.067, -20.248, 0.000, -13.533, 20.00
1, 1, 0.000, 0.120, 0.000, 0.000, 3.618, 0.000, 0.000, 3.159, -17.722, 0.000, -10.826, 20.00
1, 1, 0.000, 0.119, 0.000, 0.000, 3.396, 0.000, 0.000, 3.239, -15.854, 0.000, -9.100, 20.00
1, 1, 0.000, 0.116, 0.000, 0.000, 3.115, 0.000, 0.000, 3.312, -14.009, 0.000, -7.465, 20.00
1, 1, 0.000, 0.119, 0.000, 0.000, 2.967, 0.000, 0.000, 3.379, -12.185, 0.000, -5.720, 20.00
1, 1, 0.000, 0.125, 0.000, 0.000, 2.973, 0.000, 0.000, 3.441, -10.981, 0.000, -4.442, 20.00
0, 0, 0.000, 0.085, 0.000, 0.000, 2.057, 0.000, 0.000, 1.001, -0.926, -2.217, 0.000, 20.22
0, 0, 0.000, 0.055, 0.000, 0.000, 1.319, 0.000, 0.000, 0.902, -0.938, -1.337, 0.000, 20.36
0, 0, 0.000, 0.039, 0.000, 0.000, 0.926, 0.000, 0.000, 0.829, -0.945, -0.849, -0.000, 20.44
0, 0, 0.000, 0.031, 0.000, 0.000, 0.726, 0.000, 0.000, 0.771, -0.950, -0.578, -0.000, 20.50
0, 0, 0.000, 0.027, 0.000, 0.000, 0.656, 0.000, 0.000, 0.722, -1.003, -0.402, 0.000, 20.54
0, 0, 0.000, 0.020, 0.000, 0.000, 0.517, 0.000, 0.000, 0.679, -1.104, -0.112, 0.000, 20.55
0, 0, 0.000, 0.007, 0.000, 0.000, 0.180, 0.000, 0.000, 0.641, -1.202, 0.374, -0.000, 20.51
0, 0, 0.000, 0.003, 0.000, 0.000, 0.089, 0.000, 0.000, 0.606, -1.197, 0.500, 0.000, 20.46
0, 0, 0.000, 0.004, 0.000, 0.000, 0.124, 0.000, 0.000, 0.574, -1.243, 0.542, -0.000, 20.41
0, 0, 0.000, 0.007, 0.000, 0.000, 0.190, 0.000, 0.000, 0.544, -1.239, 0.499, -0.000, 20.36
0, 0, 0.000, 0.009, 0.000, 0.000, 0.266, 0.000, 0.000, 0.517, -1.286, 0.494, 0.000, 20.31
0, 0, 0.000, 0.011, 0.000, 0.000, 0.340, 0.000, 0.000, 0.491, -1.332, 0.490, -0.000, 20.26
0, 0, 0.000, 0.013, 0.000, 0.000, 0.389, 0.000, 0.000, 0.467, -1.278, 0.409, 0.000, 20.22
0, 0, 0.000, 0.014, 0.000, 0.000, 0.416, 0.000, 0.000, 0.444, -1.224, 0.350, 0.000, 20.18
0, 0, 0.000, 0.015, 0.000, 0.000, 0.437, 0.000, 0.000, 0.423, -1.221, 0.346, 0.000, 20.15
0, 0, 0.000, 0.015, 0.000, 0.000, 0.444, 0.000, 0.000, 0.402, -1.168, 0.306, -0.000, 20.12
1, 1, 0.000, 0.080, 0.000, 0.000, 2.323, 0.000, 0.000, 2.881, -13.398, 1.185, -6.929, 20.00
1, 1, 0.000, 0.075, 0.000, 0.000, 2.190, 0.000, 0.000, 3.017, -13.398, 0.000, -8.117, 20.00
1, 1, 0.000, 0.077, 0.000, 0.000, 2.086, 0.000, 0.000, 3.122, -10.981, 0.000, -5.696, 20.00
1, 1, 0.000, 0.085, 0.000, 0.000, 2.158, 0.000, 0.000, 3.211, -9.193, 0.000, -3.738, 20.00
1, 1, 0.000, 0.087, 0.000, 0.000, 2.036, 0.000, 0.000, 3.290, -7.426, 0.000, -2.013, 20.00
1, 1, 0.000, 0.091, 0.000, 0.000, 1.979, 0.000, 0.000, 3.361, -6.259, 0.000, -0.829, 20.00
1, 0, 0.000, 0.104, 0.000, 0.000, 2.151, 0.000, 0.000, 3.425, -5.679, -0.001, 0.000, 20.00
1, 0, 0.000, 0.098, 0.000, 0.000, 1.870, 0.000, 0.000, 3.485, -4.612, -0.841, 0.000, 20.08
0, 0, 0.000, 0.078, 0.000, 0.000, 1.317, 0.000, 0.000, 1.043, -0.304, -2.134, -0.000, 20.30
0, 0, 0.000, 0.036, 0.000, 0.000, 0.588, 0.000, 0.000, 0.941, -0.268, -1.297, 0.000, 20.43
0, 0, 0.000, 0.000, 0.000, 0.000, 0.008, 0.000, 0.000, 0.867, -0.367, -0.509, 0.000, 20.48
0, 0, 0.000, -0.011, 0.000, 0.000, -0.195, 0.000, 0.000, 0.807, -0.416, -0.186, -0.000, 20.50
0, 0, 0.000, -0.011, 0.000, 0.000, -0.194, 0.000, 0.000, 0.757, -0.464, -0.088, -0.000, 20.51
0, 0, 0.000, -0.014, 0.000, 0.000, -0.256, 0.000, 0.000, 0.712, -0.511, 0.068, -0.000, 20.50
0, 0, 0.000, -0.019, 0.000, 0.000, -0.372, 0.000, 0.000, 0.672, -0.557, 0.276, 0.000, 20.47
0, 0, 0.000, -0.019, 0.000, 0.000, -0.366, 0.000, 0.000, 0.636, -0.602, 0.351, 0.000, 20.44
0, 0, 0.000, -0.016, 0.000, 0.000, -0.311, 0.000, 0.000, 0.602, -0.599, 0.324, 0.000, 20.40
0, 0, 0.000, -0.012, 0.000, 0.000, -0.240, 0.000, 0.000, 0.571, -0.645, 0.325, 0.000, 20.37
0, 0, 0.000, -0.008, 0.000, 0.000, -0.166, 0.000, 0.000, 0.543, -0.691, 0.323, -0.000, 20.34
0, 0, 0.000, -0.005, 0.000, 0.000, -0.105, 0.000, 0.000, 0.516, -0.688, 0.283, -0.000, 20.31
0, 0, 0.000, -0.002, 0.000, 0.000, -0.047, 0.000, 0.000, 0.490, -0.735, 0.294, 0.000, 20.28
0, 0, 0.000, -0.000, 0.000, 0.000, -0.001, 0.000, 0.000, 0.467, -0.732, 0.267, 0.000, 20.25
0, 0, 0.000, 0.002, 0.000, 0.000, 0.045, 0.000, 0.000, 0.444, -0.779, 0.287, -0.000, 20.23
0, 0, 0.000, 0.004, 0.000, 0.000, 0.092, 0.000, 0.000, 0.423, -0.825, 0.306, -0.000, 20.20
1, 1, 0.000, 0.086, 0.000, 0.000, 1.953, 0.000, 0.000, 2.901, -10.383, 1.951, -3.492, 20.00
1, 1, 0.000, 0.080, 0.000, 0.000, 1.828, 0.000, 0.000, 3.035, -10.383, 0.000, -5.439, 20.00
1, 1, 0.000, 0.081, 0.000, 0.000, 1.732, 0.000, 0.000, 3.140, -8.602, 0.000, -3.649, 20.00
1, 1, 0.000, 0.094, 0.000, 0.000, 1.843, 0.000, 0.000, 3.228, -6.841, 0.000, -1.675, 20.00
1, 0, 0.000, 0.108, 0.000, 0.000, 1.822, 0.000, 0.000, 3.306, -4.591, -0.644, 0.000, 20.06
1, 0, 0.000, 0.074, 0.000, 0.000, 1.109, 0.000, 0.000, 3.376, -3.032, -1.528, 0.000, 20.22
1, 0, 0.000, 0.031, 0.000, 0.000, 0.405, 0.000, 0.000, 3.440, -2.081, -1.796, -0.000, 20.40
1, 0, 0.000, -0.031, 0.000, 0.000, -0.358, 0.000, 0.000, 3.499, -1.153, -1.956, 0.000, 20.59
0, 0, 0.000, -0.011, 0.000, 0.000, -0.109, 0.000, 0.000, 1.056, -0.011, -0.926, 0.000, 20.68
0, 0, 0.000, -0.027, 0.000, 0.000, -0.245, 0.000, 0.000, 0.954, 0.029, -0.711, -0.000, 20.76
0, 0, 0.000, -0.040, 0.000, 0.000, -0.340, 0.000, 0.000, 0.879, 0.025, -0.524, -0.000, 20.81
0, 0, 0.000, -0.045, 0.000, 0.000, -0.368, 0.000, 0.000, 0.819, 0.021, -0.428, 0.000, 20.85
0, 0, 0.000, -0.041, 0.000, 0.000, -0.378, 0.000, 0.000, 0.768, -0.073, -0.277, -0.000, 20.88
0, 0, 0.000, -0.049, 0.000, 0.000, -0.513, 0.000, 0.000, 0.723, -0.165, 0.004, 0.000, 20.88
0, 0, 0.000, -0.059, 0.000, 0.000, -0.673, 0.000, 0.000, 0.682, -0.256, 0.306, 0.000, 20.85
0, 0, 0.000, -0.055, 0.000, 0.000, -0.658, 0.000, 0.000, 0.645, -0.300, 0.368, -0.000, 20.81
0, 0, 0.000, -0.046, 0.000, 0.000, -0.572, 0.000, 0.000, 0.612, -0.344, 0.351, -0.000, 20.78
0, 0, 0.000, -0.037, 0.000, 0.000, -0.471, 0.000, 0.000, 0.580, -0.389, 0.317, 0.000, 20.74
0, 0, 0.000, -0.028, 0.000, 0.000, -0.375, 0.000, 0.000, 0.551, -0.434, 0.287, 0.000, 20.72
0, 0, 0.000, -0.021, 0.000, 0.000, -0.289, 0.000, 0.000, 0.524, -0.480, 0.265, -0.000, 20.69
0, 0, 0.000, -0.016, 0.000, 0.000, -0.220, 0.000, 0.000, 0.498, -0.478, 0.216, -0.000, 20.67
0, 0, 0.000, -0.011, 0.000, 0.000, -0.159, 0.000, 0.000, 0.474, -0.524, 0.219, -0.000, 20.65
0, 0, 0.000, -0.008, 0.000, 0.000, -0.110, 0.000, 0.000, 0.451, -0.522, 0.188, -0.000, 20.63
0, 0, 0.000, -0.004, 0.000, 0.000, -0.063, 0.000, 0.000, 0.430, -0.568, 0.206, -0.000, 20.61
1, 0, 0.000, 0.088, 0.000, 0.000, 1.340, 0.000, 0.000, 2.907, -6.644, 2.308, 0.000, 20.38
1, 0, 0.000, 0.141, 0.000, 0.000, 2.218, 0.000, 0.000, 3.041, -7.057, 1.657, 0.000, 20.21
1, 0, 0.000, 0.153, 0.000, 0.000, 2.286, 0.000, 0.000, 3.146, -5.865, 0.279, 0.000, 20.18
1, 0, 0.000, 0.139, 0.000, 0.000, 1.936, 0.000, 0.000, 3.234, -4.766, -0.542, 0.000, 20.24
1, 0, 0.000, 0.112, 0.000, 0.000, 1.419, 0.000, 0.000, 3.311, -3.733, -1.109, -0.000, 20.35
1, 0, 0.000, 0.083, 0.000, 0.000, 1.036, 0.000, 0.000, 3.381, -3.804, -0.696, -0.000, 20.42
1, 0, 0.000, 0.056, 0.000, 0.000, 0.665, 0.000, 0.000, 3.445, -3.320, -0.847, 0.000, 20.50
1, 0, 0.000, 0.021, 0.000, 0.000, 0.235, 0.000, 0.000, 3.504, -2.845, -0.915, 0.000, 20.59
0, 0, 0.000, -0.010, 0.000, 0.000, -0.109, 0.000, 0.000, 1.061, -0.241, -0.701, -0.000, 20.66
0, 0, 0.000, -0.026, 0.000, 0.000, -0.299, 0.000, 0.000, 0.958, -0.291, -0.343, -0.000, 20.70
0, 0, 0.000, -0.036, 0.000, 0.000, -0.417, 0.000, 0.000, 0.883, -0.292, -0.138, 0.000, 20.71
0, 0, 0.000, -0.036, 0.000, 0.000, -0.425, 0.000, 0.000, 0.823, -0.339, -0.023, -0.000, 20.71
0, 0, 0.000, -0.033, 0.000, 0.000, -0.383, 0.000, 0.000, 0.772, -0.339, -0.017, -0.000, 20.71
0, 0, 0.000, -0.032, 0.000, 0.000, -0.388, 0.000, 0.000, 0.726, -0.386, 0.079, -0.000, 20.71
0, 0, 0.000, -0.032, 0.000, 0.000, -0.404, 0.000, 0.000, 0.686, -0.385, 0.135, 0.000, 20.69
0, 0, 0.000, -0.029, 0.000, 0.000, -0.381, 0.000, 0.000, 0.649, -0.431, 0.192, 0.000, 20.67
0, 0, 0.000, -0.025, 0.000, 0.000, -0.331, 0.000, 0.000, 0.614, -0.476, 0.217, 0.000, 20.65
0, 0, 0.000, -0.019, 0.000, 0.000, -0.272, 0.000, 0.000, 0.583, -0.522, 0.231, -0.000, 20.63
0, 0, 0.000, -0.015, 0.000, 0.000, -0.212, 0.000, 0.000, 0.554, -0.568, 0.241, 0.000, 20.61
0, 0, 0.000, -0.010, 0.000, 0.000, -0.153, 0.000, 0.000, 0.526, -0.614, 0.251, -0.000, 20.58
0, 0, 0.000, -0.006, 0.000, 0.000, -0.096, 0.000, 0.000, 0.501, -0.661, 0.262, -0.000, 20.55
0, 0, 0.000, -0.002, 0.000, 0.000, -0.041, 0.000, 0.000, 0.476, -0.707, 0.273, -0.000, 20.53
0, 0, 0.000, 0.001, 0.000, 0.000, 0.013, 0.000, 0.000, 0.453, -0.753, 0.286, 0.000, 20.50
0, 0, 0.000, 0.004, 0.000, 0.000, 0.074, 0.000, 0.000, 0.432, -0.848, 0.338, 0.000, 20.46
1, 0, 0.000, 0.169, 0.000, 0.000, 3.192, 0.000, 0.000, 2.909, -10.433, 4.163, 0.000, 20.05
1, 1, 0.000, 0.160, 0.000, 0.000, 3.153, 0.000, 0.000, 3.043, -10.981, 0.479, -4.146, 20.00
1, 1, 0.000, 0.165, 0.000, 0.000, 2.966, 0.000, 0.000, 3.148, -8.602, 0.000, -2.323, 20.00
1, 0, 0.000, 0.212, 0.000, 0.000, 3.326, 0.000, 0.000, 3.236, -6.307, -0.467, 0.000, 20.05
1, 0, 0.000, 0.192, 0.000, 0.000, 2.526, 0.000, 0.000, 3.313, -4.187, -1.844, 0.000, 20.23
1, 0, 0.000, 0.126, 0.000, 0.000, 1.395, 0.000, 0.000, 3.383, -2.702, -2.202, 0.000, 20.45
1, 0, 0.000, 0.031, 0.000, 0.000, 0.271, 0.000, 0.000, 3.446, -1.262, -2.487, 0.000, 20.70
1, 0, 0.000, -0.119, 0.000, 0.000, -0.806, 0.000, 0.000, 3.505, 0.139, -2.719, -0.000, 20.97
0, 0, 0.000, -0.036, 0.000, 0.000, -0.183, 0.000, 0.000, 1.062, 0.095, -0.938, 0.000, 21.07
0, 0, 0.000, -0.052, 0.000, 0.000, -0.200, 0.000, 0.000, 0.960, 0.134, -0.842, 0.000, 21.15
0, 0, 0.000, -0.090, 0.000, 0.000, -0.338, 0.000, 0.000, 0.884, 0.129, -0.586, -0.000, 21.21
0, 0, 0.000, -0.092, 0.000, 0.000, -0.320, 0.000, 0.000, 0.824, 0.124, -0.537, 0.000, 21.26
0, 0, 0.000, -0.034, 0.000, 0.000, -0.133, 0.000, 0.000, 0.773, 0.073, -0.679, 0.000, 21.33
0, 0, 0.000, 0.005, 0.000, 0.000, 0.030, 0.000, 0.000, 0.727, -0.070, -0.693, -0.000, 21.40
0, 0, 0.000, -0.080, 0.000, 0.000, -0.560, 0.000, 0.000, 0.687, -0.161, 0.115, -0.000, 21.39
0, 0, 0.000, -0.096, 0.000, 0.000, -0.736, 0.000, 0.000, 0.650, -0.205, 0.387, -0.000, 21.35
0, 0, 0.000, -0.081, 0.000, 0.000, -0.696, 0.000, 0.000, 0.615, -0.294, 0.456, 0.000, 21.30
0, 0, 0.000, -0.061, 0.000, 0.000, -0.581, 0.000, 0.000, 0.584, -0.385, 0.443, -0.000, 21.26
0, 0, 0.000, -0.045, 0.000, 0.000, -0.455, 0.000, 0.000, 0.555, -0.429, 0.374, -0.000, 21.22
0, 0, 0.000, -0.030, 0.000, 0.000, -0.333, 0.000, 0.000, 0.527, -0.521, 0.358, -0.000, 21.19
0, 0, 0.000, -0.019, 0.000, 0.000, -0.227, 0.000, 0.000, 0.501, -0.567, 0.312, -0.000, 21.15
0, 0, 0.000, -0.011, 0.000, 0.000, -0.136, 0.000, 0.000, 0.477, -0.612, 0.283, -0.000, 21.13
0, 0, 0.000, -0.004, 0.000, 0.000, -0.058, 0.000, 0.000, 0.454, -0.658, 0.267, 0.000, 21.10
0, 0, 0.000, 0.001, 0.000, 0.000, 0.010, 0.000, 0.000, 0.432, -0.705, 0.261, 0.000, 21.07
1, 0, 0.000, 0.005, 0.000, 0.000, 0.072, 0.000, 0.000, 0.412, -0.751, 0.262, -0.000, 21.05
1, 0, 0.000, 0.008, 0.000, 0.000, 0.129, 0.000, 0.000, 0.393, -0.798, 0.268, 0.000, 21.02
1, 0, 0.000, 0.013, 0.000, 0.000, 0.198, 0.000, 0.000, 0.374, -0.699, 0.114, 0.000, 21.01
1, 0, 0.000, 0.022, 0.000, 0.000, 0.300, 0.000, 0.000, 0.357, -0.555, -0.124, 0.000, 21.02
1, 0, 0.000, 0.029, 0.000, 0.000, 0.355, 0.000, 0.000, 0.340, -0.462, -0.261, -0.000, 21.05
1, 0, 0.000, 0.026, 0.000, 0.000, 0.324, 0.000, 0.000, 0.324, -0.464, -0.211, 0.000, 21.07
1, 0, 0.000, 0.039, 0.000, 0.000, 0.419, 0.000, 0.000, 0.309, -0.372, -0.395, 0.000, 21.11
1, 0, 0.000, 0.057, 0.000, 0.000, 0.508, 0.000, 0.000, 0.295, -0.236, -0.624, -0.000, 21.17
0, 0, 0.000, 0.095, 0.000, 0.000, 0.694, 0.000, 0.000, 0.282, -0.151, -0.919, 0.000, 21.26
0, 0, 0.000, 0.085, 0.000, 0.000, 0.528, 0.000, 0.000, 0.269, -0.065, -0.816, -0.000, 21.34
0, 0, 0.000, 0.060, 0.000, 0.000, 0.359, 0.000, 0.000, 0.256, -0.070, -0.605, 0.000, 21.41
0, 0, 0.000, 0.036, 0.000, 0.000, 0.218, 0.000, 0.000, 0.244, -0.074, -0.425, 0.000, 21.45
0, 0, 0.000, 0.024, 0.000, 0.000, 0.149, 0.000, 0.000, 0.233, -0.077, -0.330, -0.000, 21.48
0, 0, 0.000, 0.028, 0.000, 0.000, 0.198, 0.000, 0.000, 0.222, -0.171, -0.277, 0.000, 21.51
0, 0, 0.000, -0.009, 0.000, 0.000, -0.067, 0.000, 0.000, 0.212, -0.217, 0.081, 0.000, 21.50
0, 0, 0.000, -0.017, 0.000, 0.000, -0.147, 0.000, 0.000, 0.202, -0.309, 0.270, -0.000, 21.47
0, 0, 0.000, -0.013, 0.000, 0.000, -0.117, 0.000, 0.000, 0.193, -0.353, 0.290, -0.000, 21.44
0, 0, 0.000, -0.004, 0.000, 0.000, -0.046, 0.000, 0.000, 0.184, -0.445, 0.311, -0.000, 21.41
0, 0, 0.000, 0.003, 0.000, 0.000, 0.030, 0.000, 0.000, 0.176, -0.490, 0.282, 0.000, 21.39
0, 0, 0.000, 0.009, 0.000, 0.000, 0.109, 0.000, 0.000, 0.168, -0.584, 0.298, 0.000, 21.36
0, 0, 0.000, 0.014, 0.000, 0.000, 0.179, 0.000, 0.000, 0.160, -0.629, 0.277, -0.000, 21.33
0, 0, 0.000, 0.018, 0.000, 0.000, 0.239, 0.000, 0.000, 0.152, -0.675, 0.266, -0.000, 21.30
0, 0, 0.000, 0.021, 0.000, 0.000, 0.293, 0.000, 0.000, 0.145, -0.722, 0.263, 0.000, 21.27
0, 0, 0.000, 0.023, 0.000, 0.000, 0.350, 0.000, 0.000, 0.139, -0.817, 0.305, 0.000, 21.24
1, 0, 0.000, 0.182, 0.000, 0.000, 2.922, 0.000, 0.000, 2.630, -10.035, 4.301, 0.000, 20.81
1, 0, 0.000, 0.268, 0.000, 0.000, 4.624, 0.000, 0.000, 2.778, -10.894, 3.224, -0.000, 20.49
1, 0, 0.000, 0.304, 0.000, 0.000, 4.920, 0.000, 0.000, 2.895, -9.017, 0.898, 0.000, 20.40
1, 0, 0.000, 0.334, 0.000, 0.000, 4.666, 0.000, 0.000, 2.994, -6.794, -1.200, -0.000, 20.52
1, 0, 0.000, 0.284, 0.000, 0.000, 3.729, 0.000, 0.000, 3.083, -5.769, -1.327, -0.000, 20.65
1, 0, 0.000, 0.244, 0.000, 0.000, 3.026, 0.000, 0.000, 3.163, -5.307, -1.126, -0.000, 20.77
1, 0, 0.000, 0.207, 0.000, 0.000, 2.302, 0.000, 0.000, 3.237, -4.306, -1.440, 0.000, 20.91
1, 0, 0.000, 0.164, 0.000, 0.000, 1.576, 0.000, 0.000, 3.306, -3.339, -1.707, 0.000, 21.08
0, 0, 0.000, 0.106, 0.000, 0.000, 0.955, 0.000, 0.000, 0.872, -0.243, -1.690, -0.000, 21.25
0, 0, 0.000, 0.049, 0.000, 0.000, 0.444, 0.000, 0.000, 0.778, -0.252, -1.019, 0.000, 21.35
0, 0, 0.000, 0.037, 0.000, 0.000, 0.290, 0.000, 0.000, 0.711, -0.212, -0.827, 0.000, 21.44
0, 0, 0.000, 0.025, 0.000, 0.000, 0.195, 0.000, 0.000, 0.659, -0.217, -0.662, 0.000, 21.50
0, 0, 0.000, -0.006, 0.000, 0.000, -0.060, 0.000, 0.000, 0.615, -0.313, -0.235, -0.000, 21.53
0, 0, 0.000, -0.021, 0.000, 0.000, -0.222, 0.000, 0.000, 0.577, -0.407, 0.072, -0.000, 21.52
0, 0, 0.000, -0.026, 0.000, 0.000, -0.291, 0.000, 0.000, 0.543, -0.452, 0.226, -0.000, 21.50
0, 0, 0.000, -0.023, 0.000, 0.000, -0.277, 0.000, 0.000, 0.513, -0.497, 0.285, 0.000, 21.47
0, 0, 0.000, -0.019, 0.000, 0.000, -0.222, 0.000, 0.000, 0.485, -0.495, 0.251, -0.000, 21.44
0, 0, 0.000, -0.012, 0.000, 0.000, -0.155, 0.000, 0.000, 0.459, -0.541, 0.249, -0.000, 21.42
0, 0, 0.000, -0.007, 0.000, 0.000, -0.088, 0.000, 0.000, 0.436, -0.587, 0.245, 0.000, 21.39
0, 0, 0.000, -0.002, 0.000, 0.000, -0.024, 0.000, 0.000, 0.414, -0.633, 0.245, 0.000, 21.37
0, 0, 0.000, 0.002, 0.000, 0.000, 0.027, 0.000, 0.000, 0.393, -0.631, 0.209, 0.000, 21.35
0, 0, 0.000, 0.005, 0.000, 0.000, 0.066, 0.000, 0.000, 0.374, -0.630, 0.185, 0.000, 21.33
0, 0, 0.000, 0.007, 0.000, 0.000, 0.096, 0.000, 0.000, 0.356, -0.628, 0.170, -0.000, 21.31
0, 0, 0.000, 0.008, 0.000, 0.000, 0.120, 0.000, 0.000, 0.339, -0.627, 0.160, 0.000, 21.30
1, 0, 0.000, 0.119, 0.000, 0.000, 1.725, 0.000, 0.000, 2.820, -7.315, 2.651, 0.000, 21.03
1, 0, 0.000, 0.171, 0.000, 0.000, 2.508, 0.000, 0.000, 2.959, -7.159, 1.522, 0.000, 20.88
1, 0, 0.000, 0.194, 0.000, 0.000, 2.661, 0.000, 0.000, 3.067, -5.991, 0.068, 0.000, 20.87
1, 0, 0.000, 0.176, 0.000, 0.000, 2.129, 0.000, 0.000, 3.159, -4.376, -1.088, 0.000, 20.98
1, 0, 0.000, 0.136, 0.000, 0.000, 1.356, 0.000, 0.000, 3.239, -2.859, -1.873, -0.000, 21.17
1, 0, 0.000, 0.044, 0.000, 0.000, 0.349, 0.000, 0.000, 3.312, -1.402, -2.304, 0.000, 21.40
1, 0, 0.000, -0.079, 0.000, 0.000, -0.489, 0.000, 0.000, 3.379, -0.516, -2.296, 0.000, 21.63
1, 0, 0.000, -0.340, 0.000, 0.000, -1.266, 0.000, 0.000, 3.441, 0.874, -2.709, 0.000, 21.90
0, 0, 0.000, -0.203, 0.000, 0.000, -0.829, 0.000, 0.000, 1.001, 0.072, -0.041, 0.000, 21.90
0, 0, 0.000, -0.183, 0.000, 0.000, -0.781, 0.000, 0.000, 0.902, 0.072, -0.009, 0.000, 21.90
0, 0, 0.000, -0.151, 0.000, 0.000, -0.760, 0.000, 0.000, 0.829, -0.019, 0.101, -0.000, 21.89
0, 0, 0.000, -0.131, 0.000, 0.000, -0.702, 0.000, 0.000, 0.771, -0.064, 0.125, -0.000, 21.88
0, 0, 0.000, -0.111, 0.000, 0.000, -0.641, 0.000, 0.000, 0.722, -0.108, 0.139, 0.000, 21.87
0, 0, 0.000, -0.090, 0.000, 0.000, -0.604, 0.000, 0.000, 0.679, -0.199, 0.214, 0.000, 21.85
0, 0, 0.000, -0.078, 0.000, 0.000, -0.569, 0.000, 0.000, 0.641, -0.244, 0.250, -0.000, 21.82
0, 0, 0.000, -0.069, 0.000, 0.000, -0.511, 0.000, 0.000, 0.606, -0.242, 0.216, 0.000, 21.80
0, 0, 0.000, -0.056, 0.000, 0.000, -0.439, 0.000, 0.000, 0.574, -0.287, 0.208, -0.000, 21.78
0, 0, 0.000, -0.047, 0.000, 0.000, -0.371, 0.000, 0.000, 0.544, -0.286, 0.159, -0.000, 21.76
0, 0, 0.000, -0.037, 0.000, 0.000, -0.309, 0.000, 0.000, 0.517, -0.331, 0.160, -0.000, 21.75
0, 0, 0.000, -0.030, 0.000, 0.000, -0.257, 0.000, 0.000, 0.491, -0.330, 0.126, -0.000, 21.73
0, 0, 0.000, -0.023, 0.000, 0.000, -0.208, 0.000, 0.000, 0.467, -0.376, 0.141, -0.000, 21.72
0, 0, 0.000, -0.017, 0.000, 0.000, -0.161, 0.000, 0.000, 0.444, -0.422, 0.155, 0.000, 21.70
0, 0, 0.000, -0.011, 0.000, 0.000, -0.113, 0.000, 0.000, 0.423, -0.468, 0.170, -0.000, 21.69
0, 0, 0.000, -0.007, 0.000, 0.000, -0.075, 0.000, 0.000, 0.402, -0.467, 0.146, 0.000, 21.67
1, 0, 0.000, 0.100, 0.000, 0.000, 1.083, 0.000, 0.000, 2.881, -6.029, 1.964, 0.000, 21.48
1, 0, 0.000, 0.161, 0.000, 0.000, 1.838, 0.000, 0.000, 3.017, -6.460, 1.444, -0.000, 21.33
1, 0, 0.000, 0.176, 0.000, 0.000, 1.872, 0.000, 0.000, 3.122, -5.293, 0.122, 0.000, 21.32
1, 0, 0.000, 0.156, 0.000, 0.000, 1.231, 0.000, 0.000, 3.211, -2.643, -1.955, 0.000, 21.51
1, 0, 0.000, 0.039, 0.000, 0.000, 0.229, 0.000, 0.000, 3.290, -1.196, -2.361, -0.000, 21.75
1, 0, 0.000, -0.196, 0.000, 0.000, -0.801, 0.000, 0.000, 3.361, 0.213, -2.576, -0.000, 22.01
1, 0, 0.000, -0.446, 0.000, 0.000, -1.504, 0.000, 0.000, 3.425, 0.562, -2.037, -0.000, 22.21
1, 0, 0.000, -0.590, 0.000, 0.000, -1.996, 0.000, 0.000, 3.485, 0.430, -1.329, 0.000, 22.34
0, 0, 0.000, -0.439, 0.000, 0.000, -1.323, 0.000, 0.000, 1.043, 0.041, 0.678, -0.000, 22.28
0, 0, 0.000, -0.354, 0.000, 0.000, -0.838, 0.000, 0.000, 0.941, 0.043, 0.207, -0.000, 22.26
0, 0, 0.000, -0.366, 0.000, 0.000, -0.435, 0.000, 0.000, 0.867, 0.087, -0.153, -0.000, 22.27
0, 0, 0.000, -0.309, 0.000, 0.000, -0.270, 0.000, 0.000, 0.807, 0.084, -0.312, -0.000, 22.30
0, 0, 0.000, -0.221, 0.000, 0.000, -0.206, 0.000, 0.000, 0.757, 0.081, -0.411, 0.000, 22.34
0, 0, 0.000, -0.101, 0.000, 0.000, -0.156, 0.000, 0.000, 0.712, 0.032, -0.487, -0.000, 22.39
0, 0, 0.000, -0.174, 0.000, 0.000, -0.479, 0.000, 0.000, 0.672, -0.059, 0.040, 0.000, 22.39
0, 0, 0.000, -0.158, 0.000, 0.000, -0.595, 0.000, 0.000, 0.636, -0.149, 0.267, 0.000, 22.36
0, 0, 0.000, -0.121, 0.000, 0.000, -0.570, 0.000, 0.000, 0.602, -0.239, 0.329, 0.000, 22.33
0, 0, 0.000, -0.086, 0.000, 0.000, -0.490, 0.000, 0.000, 0.571, -0.330, 0.335, -0.000, 22.30
0, 0, 0.000, -0.058, 0.000, 0.000, -0.391, 0.000, 0.000, 0.543, -0.422, 0.328, -0.000, 22.26
0, 0, 0.000, -0.037, 0.000, 0.000, -0.288, 0.000, 0.000, 0.516, -0.514, 0.323, -0.000, 22.23
0, 0, 0.000, -0.021, 0.000, 0.000, -0.188, 0.000, 0.000, 0.490, -0.607, 0.325, 0.000, 22.20
0, 0, 0.000, -0.009, 0.000, 0.000, -0.092, 0.000, 0.000, 0.467, -0.700, 0.334, -0.000, 22.16
0, 0, 0.000, 0.000, 0.000, 0.000, 0.001, 0.000, 0.000, 0.444, -0.794, 0.349, 0.000, 22.13
0, 0, 0.000, 0.007, 0.000, 0.000, 0.091, 0.000, 0.000, 0.423, -0.889, 0.368, 0.000, 22.09
1, 0, 0.000, 0.222, 0.000, 0.000, 3.147, 0.000, 0.000, 2.901, -11.422, 5.152, 0.000, 21.58
1, 0, 0.000, 0.329, 0.000, 0.000, 5.122, 0.000, 0.000, 3.035, -12.233, 3.746, 0.000, 21.20
1, 0, 0.000, 0.392, 0.000, 0.000, 5.916, 0.000, 0.000, 3.140, -10.885, 1.437, -0.000, 21.06
1, 0, 0.000, 0.441, 0.000, 0.000, 5.546, 0.000, 0.000, 3.228, -8.048, -1.168, -0.000, 21.18
1, 0, 0.000, 0.431, 0.000, 0.000, 4.397, 0.000, 0.000, 3.306, -5.946, -2.188, -0.000, 21.39
1, 0, 0.000, 0.367, 0.000, 0.000, 3.077, 0.000, 0.000, 3.376, -4.463, -2.357, 0.000, 21.63
1, 0, 0.000, 0.255, 0.000, 0.000, 1.935, 0.000, 0.000, 3.440, -3.537, -2.093, 0.000, 21.84
1, 0, 0.000, 0.168, 0.000, 0.000, 1.153, 0.000, 0.000, 3.499, -3.140, -1.680, 0.000, 22.01
0, 0, 0.000, 0.096, 0.000, 0.000, 0.643, 0.000, 0.000, 1.056, -0.272, -1.524, -0.000, 22.16
0, 0, 0.000, 0.030, 0.000, 0.000, 0.209, 0.000, 0.000, 0.954, -0.280, -0.913, -0.000, 22.25
0, 0, 0.000, -0.010, 0.000, 0.000, -0.080, 0.000, 0.000, 0.879, -0.377, -0.412, -0.000, 22.29
0, 0, 0.000, -0.016, 0.000, 0.000, -0.132, 0.000, 0.000, 0.819, -0.426, -0.245, -0.000, 22.32
0, 0, 0.000, 0.001, 0.000, 0.000, 0.009, 0.000, 0.000, 0.768, -0.476, -0.302, 0.000, 22.35
0, 0, 0.000, 0.016, 0.000, 0.000, 0.155, 0.000, 0.000, 0.723, -0.527, -0.368, -0.000, 22.38
0, 0, 0.000, -0.018, 0.000, 0.000, -0.187, 0.000, 0.000, 0.682, -0.574, 0.096, -0.000, 22.37
0, 0, 0.000, -0.024, 0.000, 0.000, -0.286, 0.000, 0.000, 0.645, -0.667, 0.332, -0.000, 22.34
0, 0, 0.000, -0.020, 0.000, 0.000, -0.251, 0.000, 0.000, 0.612, -0.712, 0.372, 0.000, 22.30
0, 0, 0.000, -0.013, 0.000, 0.000, -0.174, 0.000, 0.000, 0.580, -0.757, 0.364, -0.000, 22.27
0, 0, 0.000, -0.006, 0.000, 0.000, -0.079, 0.000, 0.000, 0.551, -0.852, 0.385, 0.000, 22.23
0, 0, 0.000, 0.001, 0.000, 0.000, 0.011, 0.000, 0.000, 0.524, -0.898, 0.362, 0.000, 22.19
0, 0, 0.000, 0.006, 0.000, 0.000, 0.091, 0.000, 0.000, 0.498, -0.944, 0.349, -0.000, 22.16
0, 0, 0.000, 0.010, 0.000, 0.000, 0.164, 0.000, 0.000, 0.474, -0.990, 0.343, 0.000, 22.12
0, 0, 0.000, 0.013, 0.000, 0.000, 0.219, 0.000, 0.000, 0.451, -0.988, 0.305, 0.000, 22.09
0, 0, 0.000, 0.015, 0.000, 0.000, 0.271, 0.000, 0.000, 0.430, -1.035, 0.319, 0.000, 22.06
1, 0, 0.000, 0.201, 0.000, 0.000, 3.732, 0.000, 0.000, 2.907, -12.534, 5.694, 0.000, 21.49
1, 0, 0.000, 0.289, 0.000, 0.000, 5.479, 0.000, 0.000, 3.041, -12.183, 3.373, 0.000, 21.15
1, 0, 0.000, 0.356, 0.000, 0.000, 6.441, 0.000, 0.000, 3.146, -10.886, 0.943, 0.000, 21.06
1, 0, 0.000, 0.351, 0.000, 0.000, 5.898, 0.000, 0.000, 3.234, -9.140, -0.342, 0.000, 21.09
1, 0, 0.000, 0.366, 0.000, 0.000, 5.082, 0.000, 0.000, 3.311, -6.980, -1.779, 0.000, 21.27
1, 0, 0.000, 0.314, 0.000, 0.000, 3.676, 0.000, 0.000, 3.381, -4.921, -2.449, 0.000, 21.52
1, 0, 0.000, 0.238, 0.000, 0.000, 2.343, 0.000, 0.000, 3.445, -3.469, -2.556, 0.000, 21.77
1, 0, 0.000, 0.147, 0.000, 0.000, 1.368, 0.000, 0.000, 3.504, -3.097, -1.921, -0.000, 21.97
0, 0, 0.000, 0.064, 0.000, 0.000, 0.609, 0.000, 0.000, 1.061, -0.268, -1.466, -0.000, 22.11
0, 0, 0.000, 0.009, 0.000, 0.000, 0.092, 0.000, 0.000, 0.958, -0.321, -0.738, 0.000, 22.19
0, 0, 0.000, -0.012, 0.000, 0.000, -0.129, 0.000, 0.000, 0.883, -0.371, -0.371, -0.000, 22.22
0, 0, 0.000, -0.013, 0.000, 0.000, -0.138, 0.000, 0.000, 0.823, -0.420, -0.251, -0.000, 22.25
0, 0, 0.000, -0.001, 0.000, 0.000, -0.014, 0.000, 0.000, 0.772, -0.423, -0.333, -0.000, 22.28
0, 0, 0.000, 0.001, 0.000, 0.000, 0.006, 0.000, 0.000, 0.726, -0.473, -0.260, -0.000, 22.31
0, 0, 0.000, -0.020, 0.000, 0.000, -0.247, 0.000, 0.000, 0.686, -0.567, 0.148, 0.000, 22.29
0, 0, 0.000, -0.024, 0.000, 0.000, -0.308, 0.000, 0.000, 0.649, -0.612, 0.295, -0.000, 22.26
0, 0, 0.000, -0.020, 0.000, 0.000, -0.268, 0.000, 0.000, 0.614, -0.657, 0.331, -0.000, 22.23
0, 0, 0.000, -0.013, 0.000, 0.000, -0.186, 0.000, 0.000, 0.583, -0.751, 0.367, 0.000, 22.19
0, 0, 0.000, -0.007, 0.000, 0.000, -0.100, 0.000, 0.000, 0.554, -0.797, 0.350, -0.000, 22.16
0, 0, 0.000, -0.001, 0.000, 0.000, -0.019, 0.000, 0.000, 0.526, -0.843, 0.337, -0.000, 22.12
0, 0, 0.000, 0.003, 0.000, 0.000, 0.055, 0.000, 0.000, 0.501, -0.889, 0.330, 0.000, 22.09
0, 0, 0.000, 0.007, 0.000, 0.000, 0.122, 0.000, 0.000, 0.476, -0.935, 0.330, 0.000, 22.06
0, 0, 0.000, 0.010, 0.000, 0.000, 0.183, 0.000, 0.000, 0.453, -0.982, 0.335, 0.000, 22.02
0, 0, 0.000, 0.013, 0.000, 0.000, 0.240, 0.000, 0.000, 0.432, -1.029, 0.344, -0.000, 21.99
1, 0, 0.000, 0.183, 0.000, 0.000, 3.489, 0.000, 0.000, 2.909, -11.898, 5.316, -0.000, 21.46
1, 0, 0.000, 0.269, 0.000, 0.000, 5.330, 0.000, 0.000, 3.043, -12.136, 3.493, 0.000, 21.11
1, 0, 0.000, 0.308, 0.000, 0.000, 6.059, 0.000, 0.000, 3.148, -11.345, 1.830, -0.000, 20.93
1, 0, 0.000, 0.323, 0.000, 0.000, 6.238, 0.000, 0.000, 3.236, -10.658, 0.861, -0.000, 20.84
1, 0, 0.000, 0.323, 0.000, 0.000, 5.937, 0.000, 0.000, 3.313, -9.479, -0.094, -0.000, 20.85
1, 0, 0.000, 0.316, 0.000, 0.000, 5.239, 0.000, 0.000, 3.383, -7.827, -1.110, 0.000, 20.96
1, 0, 0.000, 0.284, 0.000, 0.000, 4.405, 0.000, 0.000, 3.446, -6.798, -1.337, -0.000, 21.09
1, 0, 0.000, 0.259, 0.000, 0.000, 3.443, 0.000, 0.000, 3.505, -5.263, -1.945, -0.000, 21.29
0, 0, 0.000, 0.164, 0.000, 0.000, 2.002, 0.000, 0.000, 1.062, -0.364, -2.864, -0.000, 21.58
0, 0, 0.000, 0.109, 0.000, 0.000, 1.161, 0.000, 0.000, 0.960, -0.286, -1.943, 0.000, 21.77
0, 0, 0.000, 0.052, 0.000, 0.000, 0.539, 0.000, 0.000, 0.884, -0.250, -1.226, 0.000, 21.89
0, 0, 0.000, 0.010, 0.000, 0.000, 0.114, 0.000, 0.000, 0.824, -0.302, -0.646, 0.000, 21.96
0, 0, 0.000, -0.011, 0.000, 0.000, -0.119, 0.000, 0.000, 0.773, -0.305, -0.338, 0.000, 21.99
0, 0, 0.000, -0.024, 0.000, 0.000, -0.287, 0.000, 0.000, 0.727, -0.399, -0.017, 0.000, 21.99
0, 0, 0.000, -0.031, 0.000, 0.000, -0.384, 0.000, 0.000, 0.687, -0.445, 0.173, 0.000, 21.98
0, 0, 0.000, -0.028, 0.000, 0.000, -0.368, 0.000, 0.000, 0.650, -0.538, 0.284, 0.000, 21.95
0, 0, 0.000, -0.021, 0.000, 0.000, -0.299, 0.000, 0.000, 0.615, -0.631, 0.335, -0.000, 21.91
0, 0, 0.000, -0.014, 0.000, 0.000, -0.210, 0.000, 0.000, 0.584, -0.724, 0.364, -0.000, 21.88
0, 0, 0.000, -0.006, 0.000, 0.000, -0.106, 0.000, 0.000, 0.555, -0.867, 0.425, -0.000, 21.83
0, 0, 0.000, -0.001, 0.000, 0.000, -0.012, 0.000, 0.000, 0.527, -0.913, 0.399, -0.000, 21.79
0, 0, 0.000, 0.005, 0.000, 0.000, 0.089, 0.000, 0.000, 0.501, -1.057, 0.462, -0.000, 21.75
0, 0, 0.000, 0.009, 0.000, 0.000, 0.197, 0.000, 0.000, 0.477, -1.203, 0.519, 0.000, 21.70
0, 0, 0.000, 0.014, 0.000, 0.000, 0.300, 0.000, 0.000, 0.454, -1.300, 0.532, 0.000, 21.64
0, 0, 0.000, 0.017, 0.000, 0.000, 0.409, 0.000, 0.000, 0.432, -1.448, 0.590, -0.000, 21.58
1, 0, 0.000, 0.020, 0.000, 0.000, 0.522, 0.000, 0.000, 0.412, -1.598, 0.643, -0.000, 21.52
1, 0, 0.000, 0.023, 0.000, 0.000, 0.617, 0.000, 0.000, 0.393, -1.593, 0.560, 0.000, 21.46
1, 0, 0.000, 0.056, 0.000, 0.000, 1.418, 0.000, 0.000, 0.374, -1.441, -0.406, 0.000, 21.50
1, 0, 0.000, 0.070, 0.000, 0.000, 1.639, 0.000, 0.000, 0.357, -1.244, -0.821, -0.000, 21.59
1, 0, 0.000, 0.072, 0.000, 0.000, 1.463, 0.000, 0.000, 0.340, -1.001, -0.874, -0.000, 21.67
1, 0, 0.000, 0.070, 0.000, 0.000, 1.209, 0.000, 0.000, 0.324, -0.763, -0.841, 0.000, 21.76
1, 0, 0.000, 0.071, 0.000, 0.000, 1.051, 0.000, 0.000, 0.309, -0.577, -0.855, -0.000, 21.84
1, 0, 0.000, 0.076, 0.000, 0.000, 0.957, 0.000, 0.000, 0.295, -0.441, -0.887, 0.000, 21.93
0, 0, 0.000, 0.125, 0.000, 0.000, 1.342, 0.000, 0.000, 0.282, -0.358, -1.390, 0.000, 22.07
0, 0, 0.000, 0.102, 0.000, 0.000, 0.951, 0.000, 0.000, 0.269, -0.273, -1.048, 0.000, 22.18
0, 0, 0.000, 0.072, 0.000, 0.000, 0.634, 0.000, 0.000, 0.256, -0.233, -0.729, 0.000, 22.25
0, 0, 0.000, 0.060, 0.000, 0.000, 0.528, 0.000, 0.000, 0.244, -0.238, -0.595, 0.000, 22.31
0, 0, 0.000, 0.052, 0.000, 0.000, 0.521, 0.000, 0.000, 0.233, -0.335, -0.471, 0.000, 22.36
0, 0, 0.000, 0.050, 0.000, 0.000, 0.596, 0.000, 0.000, 0.222, -0.480, -0.388, 0.000, 22.39
0, 0, 0.000, 0.005, 0.000, 0.000, 0.075, 0.000, 0.000, 0.212, -0.621, 0.328, 0.000, 22.36
0, 0, 0.000, -0.005, 0.000, 0.000, -0.069, 0.000, 0.000, 0.202, -0.712, 0.584, -0.000, 22.30
0, 0, 0.000, -0.001, 0.000, 0.000, -0.016, 0.000, 0.000, 0.193, -0.804, 0.628, -0.000, 22.24
0, 0, 0.000, 0.006, 0.000, 0.000, 0.094, 0.000, 0.000, 0.184, -0.848, 0.564, -0.000, 22.18
0, 0, 0.000, 0.012, 0.000, 0.000, 0.217, 0.000, 0.000, 0.176, -0.942, 0.537, 0.000, 22.13
0, 0, 0.000, 0.018, 0.000, 0.000, 0.325, 0.000, 0.000, 0.168, -0.987, 0.476, 0.000, 22.08
0, 0, 0.000, 0.022, 0.000, 0.000, 0.416, 0.000, 0.000, 0.160, -1.033, 0.436, -0.000, 22.04
0, 0, 0.000, 0.024, 0.000, 0.000, 0.491, 0.000, 0.000, 0.152, -1.079, 0.411, 0.000, 22.00
0, 0, 0.000, 0.027, 0.000, 0.000, 0.544, 0.000, 0.000, 0.145, -1.076, 0.360, 0.000, 21.96
0, 0, 0.000, 0.028, 0.000, 0.000, 0.591, 0.000, 0.000, 0.139, -1.123, 0.365, 0.000, 21.93
1, 0, 0.000, 0.202, 0.000, 0.000, 4.422, 0.000, 0.000, 2.630, -13.540, 6.286, 0.000, 21.30
1, 0, 0.000, 0.286, 0.000, 0.000, 6.356, 0.000, 0.000, 2.778, -13.150, 3.730, 0.000, 20.92
1, 0, 0.000, 0.325, 0.000, 0.000, 7.140, 0.000, 0.000, 2.895, -12.339, 1.980, 0.000, 20.73
1, 0, 0.000, 0.341, 0.000, 0.000, 7.011, 0.000, 0.000, 2.994, -10.521, 0.174, -0.000, 20.71
1, 0, 0.000, 0.329, 0.000, 0.000, 6.275, 0.000, 0.000, 3.083, -8.831, -0.856, -0.000, 20.79
1, 0, 0.000, 0.301, 0.000, 0.000, 5.763, 0.000, 0.000, 3.163, -8.868, -0.360, 0.000, 20.83
1, 0, 0.000, 0.275, 0.000, 0.000, 5.347, 0.000, 0.000, 3.237, -8.867, 0.008, 0.000, 20.83
1, 0, 0.000, 0.272, 0.000, 0.000, 5.199, 0.000, 0.000, 3.306, -8.859, 0.082, -0.000, 20.82
0, 0, 0.000, 0.163, 0.000, 0.000, 2.998, 0.000, 0.000, 0.872, -0.711, -3.321, 0.000, 21.15
0, 0, 0.000, 0.105, 0.000, 0.000, 1.849, 0.000, 0.000, 0.778, -0.680, -2.052, 0.000, 21.36
0, 0, 0.000, 0.072, 0.000, 0.000, 1.189, 0.000, 0.000, 0.711, -0.596, -1.377, 0.000, 21.50
0, 0, 0.000, 0.057, 0.000, 0.000, 0.880, 0.000, 0.000, 0.659, -0.556, -1.039, -0.000, 21.60
0, 0, 0.000, 0.047, 0.000, 0.000, 0.730, 0.000, 0.000, 0.615, -0.563, -0.829, -0.000, 21.68
0, 0, 0.000, 0.036, 0.000, 0.000, 0.575, 0.000, 0.000, 0.577, -0.569, -0.620, -0.000, 21.75
0, 0, 0.000, 0.007, 0.000, 0.000, 0.114, 0.000, 0.000, 0.543, -0.617, -0.048, 0.000, 21.75
0, 0, 0.000, -0.003, 0.000, 0.000, -0.055, 0.000, 0.000, 0.513, -0.711, 0.257, -0.000, 21.72
0, 0, 0.000, -0.004, 0.000, 0.000, -0.068, 0.000, 0.000, 0.485, -0.757, 0.344, -0.000, 21.69
0, 0, 0.000, -0.001, 0.000, 0.000, -0.011, 0.000, 0.000, 0.459, -0.851, 0.403, -0.000, 21.65
0, 0, 0.000, 0.004, 0.000, 0.000, 0.073, 0.000, 0.000, 0.436, -0.946, 0.434, 0.000, 21.61
0, 0, 0.000, 0.007, 0.000, 0.000, 0.155, 0.000, 0.000, 0.414, -0.992, 0.416, 0.000, 21.56
0, 0, 0.000, 0.011, 0.000, 0.000, 0.239, 0.000, 0.000, 0.393, -1.088, 0.444, 0.000, 21.52
0, 0, 0.000, 0.014, 0.000, 0.000, 0.324, 0.000, 0.000, 0.374, -1.184, 0.472, -0.000, 21.47
0, 0, 0.000, 0.017, 0.000, 0.000, 0.399, 0.000, 0.000, 0.356, -1.231, 0.459, 0.000, 21.43
0, 0, 0.000, 0.019, 0.000, 0.000, 0.474, 0.000, 0.000, 0.339, -1.328, 0.496, -0.000, 21.38
1, 0, 0.000, 0.210, 0.000, 0.000, 5.518, 0.000, 0.000, 2.820, -16.473, 7.925, -0.000, 20.58
1, 0, 0.000, 0.313, 0.000, 0.000, 8.380, 0.000, 0.000, 2.959, -16.012, 4.360, -0.000, 20.15
1, 0, 0.000, 0.380, 0.000, 0.000, 9.649, 0.000, 0.000, 3.067, -14.064, 0.967, 0.000, 20.05
1, 0, 0.000, 0.392, 0.000, 0.000, 8.828, 0.000, 0.000, 3.159, -11.162, -1.217, -0.000, 20.17
1, 0, 0.000, 0.368, 0.000, 0.000, 7.161, 0.000, 0.000, 3.239, -8.433, -2.336, 0.000, 20.41
1, 0, 0.000, 0.324, 0.000, 0.000, 5.378, 0.000, 0.000, 3.312, -6.366, -2.647, 0.000, 20.67
1, 0, 0.000, 0.266, 0.000, 0.000, 3.696, 0.000, 0.000, 3.379, -4.365, -2.976, 0.000, 20.97
1, 0, 0.000, 0.193, 0.000, 0.000, 2.248, 0.000, 0.000, 3.441, -2.955, -2.928, 0.000, 21.26
0, 0, 0.000, 0.181, 0.000, 0.000, 1.729, 0.000, 0.000, 1.001, -0.128, -2.784, 0.000, 21.54
0, 0, 0.000, 0.103, 0.000, 0.000, 0.895, 0.000, 0.000, 0.902, -0.096, -1.803, -0.000, 21.72
0, 0, 0.000, 0.050, 0.000, 0.000, 0.390, 0.000, 0.000, 0.829, -0.060, -1.209, 0.000, 21.84
0, 0, 0.000, 0.026, 0.000, 0.000, 0.199, 0.000, 0.000, 0.771, -0.068, -0.928, -0.000, 21.94
0, 0, 0.000, 0.004, 0.000, 0.000, 0.034, 0.000, 0.000, 0.722, -0.165, -0.595, 0.000, 21.99
0, 0, 0.000, -0.008, 0.000, 0.000, -0.085, 0.000, 0.000, 0.679, -0.307, -0.279, 0.000, 22.02
0, 0, 0.000, -0.035, 0.000, 0.000, -0.427, 0.000, 0.000, 0.641, -0.447, 0.267, -0.000, 22.00
0, 0, 0.000, -0.037, 0.000, 0.000, -0.499, 0.000, 0.000, 0.606, -0.538, 0.468, 0.000, 21.95
0, 0, 0.000, -0.029, 0.000, 0.000, -0.422, 0.000, 0.000, 0.574, -0.629, 0.507, -0.000, 21.90
0, 0, 0.000, -0.018, 0.000, 0.000, -0.286, 0.000, 0.000, 0.544, -0.770, 0.531, 0.000, 21.85
0, 0, 0.000, -0.009, 0.000, 0.000, -0.144, 0.000, 0.000, 0.517, -0.864, 0.500, -0.000, 21.80
0, 0, 0.000, -0.001, 0.000, 0.000, -0.011, 0.000, 0.000, 0.491, -0.958, 0.479, -0.000, 21.75
0, 0, 0.000, 0.005, 0.000, 0.000, 0.101, 0.000, 0.000, 0.467, -1.004, 0.431, 0.000, 21.70
0, 0, 0.000, 0.010, 0.000, 0.000, 0.205, 0.000, 0.000, 0.444, -1.100, 0.441, -0.000, 21.66
0, 0, 0.000, 0.014, 0.000, 0.000, 0.302, 0.000, 0.000, 0.423, -1.196, 0.457, -0.000, 21.61
0, 0, 0.000, 0.017, 0.000, 0.000, 0.385, 0.000, 0.000, 0.402, -1.243, 0.438, -0.000, 21.57
1, 0, 0.000, 0.209, 0.000, 0.000, 4.944, 0.000, 0.000, 2.881, -15.490, 7.455, -0.000, 20.83
1, 0, 0.000, 0.303, 0.000, 0.000, 7.316, 0.000, 0.000, 3.017, -15.028, 4.392, -0.000, 20.39
1, 0, 0.000, 0.348, 0.000, 0.000, 8.550, 0.000, 0.000, 3.122, -14.741, 2.721, 0.000, 20.11
1, 1, 0.000, 0.355, 0.000, 0.000, 8.691, 0.000, 0.000, 3.211, -14.009, 1.139, -0.612, 20.00
1, 1, 0.000, 0.345, 0.000, 0.000, 8.135, 0.000, 0.000, 3.290, -12.791, 0.000, -1.021, 20.00
1, 0, 0.000, 0.352, 0.000, 0.000, 7.903, 0.000, 0.000, 3.361, -11.585, -0.030, 0.000, 20.00
1, 0, 0.000, 0.343, 0.000, 0.000, 7.164, 0.000, 0.000, 3.425, -9.897, -1.036, 0.000, 20.11
1, 0, 0.000, 0.316, 0.000, 0.000, 6.290, 0.000, 0.000, 3.485, -8.841, -1.251, -0.000, 20.23
0, 0, 0.000, 0.174, 0.000, 0.000, 3.457, 0.000, 0.000, 1.043, -0.715, -3.958, -0.000, 20.63
0, 0, 0.000, 0.100, 0.000, 0.000, 1.965, 0.000, 0.000, 0.941, -0.735, -2.272, -0.000, 20.85
0, 0, 0.000, 0.061, 0.000, 0.000, 1.183, 0.000, 0.000, 0.867, -0.746, -1.364, 0.000, 20.99
0, 0, 0.000, 0.041, 0.000, 0.000, 0.768, 0.000, 0.000, 0.807, -0.705, -0.911, 0.000, 21.08
0, 0, 0.000, 0.029, 0.000, 0.000, 0.550, 0.000, 0.000, 0.757, -0.711, -0.625, 0.000, 21.14
0, 0, 0.000, 0.025, 0.000, 0.000, 0.478, 0.000, 0.000, 0.712, -0.763, -0.452, -0.000, 21.19
0, 0, 0.000, 0.006, 0.000, 0.000, 0.129, 0.000, 0.000, 0.672, -0.812, 0.004, 0.000, 21.19
0, 0, 0.000, -0.001, 0.000, 0.000, -0.014, 0.000, 0.000, 0.636, -0.859, 0.238, -0.000, 21.17
0, 0, 0.000, -0.001, 0.000, 0.000, -0.016, 0.000, 0.000, 0.602, -0.955, 0.369, -0.000, 21.13
0, 0, 0.000, 0.002, 0.000, 0.000, 0.035, 0.000, 0.000, 0.571, -1.001, 0.393, 0.000, 21.09
0, 0, 0.000, 0.004, 0.000, 0.000, 0.102, 0.000, 0.000, 0.543, -1.047, 0.398, 0.000, 21.05
0, 0, 0.000, 0.007, 0.000, 0.000, 0.181, 0.000, 0.000, 0.516, -1.144, 0.439, 0.000, 21.01
0, 0, 0.000, 0.010, 0.000, 0.000, 0.255, 0.000, 0.000, 0.490, -1.190, 0.434, 0.000, 20.96
0, 0, 0.000, 0.013, 0.000, 0.000, 0.323, 0.000, 0.000, 0.467, -1.237, 0.435, -0.000, 20.92
0, 0, 0.000, 0.015, 0.000, 0.000, 0.385, 0.000, 0.000, 0.444, -1.284, 0.440, -0.000, 20.87
0, 0, 0.000, 0.016, 0.000, 0.000, 0.443, 0.000, 0.000, 0.423, -1.331, 0.449, -0.000, 20.83
1, 0, 0.000, 0.208, 0.000, 0.000, 5.803, 0.000, 0.000, 2.901, -15.984, 7.073, 0.000, 20.12
1, 1, 0.000, 0.214, 0.000, 0.000, 6.154, 0.000, 0.000, 3.035, -16.474, 1.226, -5.844, 20.00
1, 1, 0.000, 0.215, 0.000, 0.000, 5.902, 0.000, 0.000, 3.140, -14.621, 0.000, -5.364, 20.00
1, 1, 0.000, 0.205, 0.000, 0.000, 5.476, 0.000, 0.000, 3.228, -13.398, 0.000, -4.489, 20.00
1, 1, 0.000, 0.202, 0.000, 0.000, 5.190, 0.000, 0.000, 3.306, -12.185, 0.000, -3.488, 20.00
1, 1, 0.000, 0.190, 0.000, 0.000, 4.925, 0.000, 0.000, 3.376, -12.185, 0.000, -3.694, 20.00
1, 1, 0.000, 0.186, 0.000, 0.000, 4.677, 0.000, 0.000, 3.440, -11.582, 0.000, -3.278, 20.00
1, 1, 0.000, 0.181, 0.000, 0.000, 4.447, 0.000, 0.000, 3.499, -10.981, 0.000, -2.853, 20.00
0, 0, 0.000, 0.100, 0.000, 0.000, 2.400, 0.000, 0.000, 1.056, -0.881, -2.676, -0.000, 20.27
0, 0, 0.000, 0.060, 0.000, 0.000, 1.405, 0.000, 0.000, 0.954, -0.845, -1.574, 0.000, 20.42
0, 0, 0.000, 0.043, 0.000, 0.000, 0.949, 0.000, 0.000, 0.879, -0.805, -1.066, 0.000, 20.53
0, 0, 0.000, 0.029, 0.000, 0.000, 0.636, 0.000, 0.000, 0.819, -0.762, -0.722, 0.000, 20.60
0, 0, 0.000, 0.014, 0.000, 0.000, 0.322, 0.000, 0.000, 0.768, -0.814, -0.290, 0.000, 20.63
0, 0, 0.000, 0.003, 0.000, 0.000, 0.077, 0.000, 0.000, 0.723, -0.862, 0.059, 0.000, 20.63
0, 0, 0.000, -0.002, 0.000, 0.000, -0.047, 0.000, 0.000, 0.682, -0.909, 0.275, -0.000, 20.60
0, 0, 0.000, -0.002, 0.000, 0.000, -0.052, 0.000, 0.000, 0.645, -1.005, 0.413, 0.000, 20.56
0, 0, 0.000, -0.000, 0.000, 0.000, -0.001, 0.000, 0.000, 0.612, -1.051, 0.441, 0.000, 20.51
0, 0, 0.000, 0.003, 0.000, 0.000, 0.067, 0.000, 0.000, 0.580, -1.097, 0.447, -0.000, 20.47
0, 0, 0.000, 0.005, 0.000, 0.000, 0.138, 0.000, 0.000, 0.551, -1.144, 0.449, 0.000, 20.42
0, 0, 0.000, 0.008, 0.000, 0.000, 0.206, 0.000, 0.000, 0.524, -1.190, 0.453, -0.000, 20.38
0, 0, 0.000, 0.010, 0.000, 0.000, 0.271, 0.000, 0.000, 0.498, -1.237, 0.459, 0.000, 20.33
0, 0, 0.000, 0.012, 0.000, 0.000, 0.331, 0.000, 0.000, 0.474, -1.284, 0.467, 0.000, 20.29
0, 0, 0.000, 0.013, 0.000, 0.000, 0.388, 0.000, 0.000, 0.451, -1.331, 0.478, 0.000, 20.24
0, 0, 0.000, 0.015, 0.000, 0.000, 0.433, 0.000, 0.000, 0.430, -1.327, 0.450, -0.000, 20.19
1, 1, 0.000, 0.112, 0.000, 0.000, 3.421, 0.000, 0.000, 2.907, -16.474, 1.936, -8.098, 20.00
1, 1, 0.000, 0.105, 0.000, 0.000, 3.225, 0.000, 0.000, 3.041, -16.474, 0.000, -10.103, 20.00
1, 1, 0.000, 0.114, 0.000, 0.000, 3.326, 0.000, 0.000, 3.146, -14.621, 0.000, -8.036, 20.00
1, 1, 0.000, 0.126, 0.000, 0.000, 3.402, 0.000, 0.000, 3.234, -12.185, 0.000, -5.423, 20.00
1, 1, 0.000, 0.125, 0.000, 0.000, 3.137, 0.000, 0.000, 3.311, -10.383, 0.000, -3.810, 20.00
1, 1, 0.000, 0.124, 0.000, 0.000, 2.882, 0.000, 0.000, 3.381, -8.602, 0.000, -2.215, 20.00
1, 1, 0.000, 0.126, 0.000, 0.000, 2.772, 0.000, 0.000, 3.445, -7.426, 0.000, -1.083, 20.00
1, 1, 0.000, 0.115, 0.000, 0.000, 2.567, 0.000, 0.000, 3.504, -7.426, 0.000, -1.240, 20.00
0, 0, 0.000, 0.064, 0.000, 0.000, 1.380, 0.000, 0.000, 1.061, -0.629, -1.875, 0.000, 20.19
0, 0, 0.000, 0.041, 0.000, 0.000, 0.830, 0.000, 0.000, 0.958, -0.592, -1.237, -0.000, 20.31
0, 0, 0.000, 0.028, 0.000, 0.000, 0.536, 0.000, 0.000, 0.883, -0.551, -0.896, 0.000, 20.40
0, 0, 0.000, 0.009, 0.000, 0.000, 0.181, 0.000, 0.000, 0.823, -0.555, -0.458, -0.000, 20.45
0, 0, 0.000, -0.004, 0.000, 0.000, -0.085, 0.000, 0.000, 0.772, -0.652, -0.031, 0.000, 20.45
0, 0, 0.000, -0.010, 0.000, 0.000, -0.211, 0.000, 0.000, 0.726, -0.699, 0.193, -0.000, 20.43
0, 0, 0.000, -0.011, 0.000, 0.000, -0.254, 0.000, 0.000, 0.686, -0.793, 0.373, -0.000, 20.39
0, 0, 0.000, -0.009, 0.000, 0.000, -0.216, 0.000, 0.000, 0.649, -0.888, 0.464, 0.000, 20.35
0, 0, 0.000, -0.005, 0.000, 0.000, -0.131, 0.000, 0.000, 0.614, -0.982, 0.505, -0.000, 20.30
0, 0, 0.000, -0.001, 0.000, 0.000, -0.029, 0.000, 0.000, 0.583, -1.078, 0.525, -0.000, 20.24
0, 0, 0.000, 0.003, 0.000, 0.000, 0.078, 0.000, 0.000, 0.554, -1.174, 0.540, 0.000, 20.19
0, 0, 0.000, 0.007, 0.000, 0.000, 0.182, 0.000, 0.000, 0.526, -1.270, 0.556, -0.000, 20.13
0, 0, 0.000, 0.010, 0.000, 0.000, 0.273, 0.000, 0.000, 0.501, -1.317, 0.534, 0.000, 20.08
0, 0, 0.000, 0.012, 0.000, 0.000, 0.362, 0.000, 0.000, 0.476, -1.415, 0.564, 0.000, 20.02
0, 0, 0.000, 0.014, 0.000, 0.000, 0.451, 0.000, 0.000, 0.453, -1.513, 0.594, 0.000, 19.96
0, 0, 0.000, 0.017, 0.000, 0.000, 0.550, 0.000, 0.000, 0.432, -1.664, 0.665, 0.000, 19.90
1, 1, 0.000, 0.051, 0.000, 0.000, 1.726, 0.000, 0.000, 2.909, -20.886, -1.016, -17.215, 20.00
1, 1, 0.000, 0.048, 0.000, 0.000, 1.646, 0.000, 0.000, 3.043, -20.886, 0.000, -16.148, 20.00
1, 1, 0.000, 0.049, 0.000, 0.000, 1.630, 0.000, 0.000, 3.148, -19.612, 0.000, -14.786, 20.00
1, 1, 0.000, 0.053, 0.000, 0.000, 1.675, 0.000, 0.000, 3.236, -17.097, 0.000, -12.134, 20.00
1, 1, 0.000, 0.058, 0.000, 0.000, 1.687, 0.000, 0.000, 3.313, -14.621, 0.000, -9.563, 20.00
1, 1, 0.000, 0.062, 0.000, 0.000, 1.598, 0.000, 0.000, 3.383, -11.582, 0.000, -6.539, 20.00
1, 1, 0.000, 0.072, 0.000, 0.000, 1.646, 0.000, 0.000, 3.446, -9.193, 0.000, -4.029, 20.00
1, 1, 0.000, 0.101, 0.000, 0.000, 2.069, 0.000, 0.000, 3.505, -7.426, 0.000, -1.750, 20.00
0, 0, 0.000, 0.101, 0.000, 0.000, 1.848, 0.000, 0.000, 1.062, -0.490, -2.520, 0.000, 20.25
0, 0, 0.000, 0.064, 0.000, 0.000, 1.075, 0.000, 0.000, 0.960, -0.409, -1.689, 0.000, 20.42
0, 0, 0.000, 0.037, 0.000, 0.000, 0.598, 0.000, 0.000, 0.884, -0.372, -1.148, -0.000, 20.54
0, 0, 0.000, 0.023, 0.000, 0.000, 0.373, 0.000, 0.000, 0.824, -0.379, -0.842, 0.000, 20.62
0, 0, 0.000, 0.015, 0.000, 0.000, 0.258, 0.000, 0.000, 0.773, -0.431, -0.615, 0.000, 20.68
0, 0, 0.000, 0.010, 0.000, 0.000, 0.183, 0.000, 0.000, 0.727, -0.578, -0.343, 0.000, 20.72
0, 0, 0.000, -0.014, 0.000, 0.000, -0.294, 0.000, 0.000, 0.687, -0.768, 0.389, -0.000, 20.68
0, 0, 0.000, -0.019, 0.000, 0.000, -0.417, 0.000, 0.000, 0.650, -0.812, 0.599, 0.000, 20.62
0, 0, 0.000, -0.015, 0.000, 0.000, -0.351, 0.000, 0.000, 0.615, -0.905, 0.656, 0.000, 20.55
0, 0, 0.000, -0.010, 0.000, 0.000, -0.226, 0.000, 0.000, 0.584, -0.949, 0.602, -0.000, 20.49
0, 0, 0.000, -0.004, 0.000, 0.000, -0.098, 0.000, 0.000, 0.555, -0.994, 0.542, 0.000, 20.44
0, 0, 0.000, 0.001, 0.000, 0.000, 0.027, 0.000, 0.000, 0.527, -1.090, 0.535, 0.000, 20.38
0, 0, 0.000, 0.005, 0.000, 0.000, 0.125, 0.000, 0.000, 0.501, -1.086, 0.455, 0.000, 20.34
0, 0, 0.000, 0.008, 0.000, 0.000, 0.199, 0.000, 0.000, 0.477, -1.082, 0.399, 0.000, 20.30
0, 0, 0.000, 0.010, 0.000, 0.000, 0.254, 0.000, 0.000, 0.454, -1.079, 0.362, 0.000, 20.26
0, 0, 0.000, 0.011, 0.000, 0.000, 0.295, 0.000, 0.000, 0.432, -1.076, 0.337, -0.000, 20.23
1, 0, 0.000, 0.021, 0.000, 0.000, 0.553, 0.000, 0.000, 0.412, -1.125, 0.140, 0.000, 20.21
1, 0, 0.000, 0.021, 0.000, 0.000, 0.550, 0.000, 0.000, 0.393, -1.074, 0.111, 0.000, 20.20
1, 0, 0.000, 0.021, 0.000, 0.000, 0.552, 0.000, 0.000, 0.374, -1.024, 0.076, -0.000, 20.20
1, 0, 0.000, 0.026, 0.000, 0.000, 0.623, 0.000, 0.000, 0.357, -0.876, -0.129, 0.000, 20.21
1, 0, 0.000, 0.024, 0.000, 0.000, 0.557, 0.000, 0.000, 0.340, -0.779, -0.143, 0.000, 20.22
1, 0, 0.000, 0.026, 0.000, 0.000, 0.567, 0.000, 0.000, 0.324, -0.683, -0.234, 0.000, 20.25
1, 0, 0.000, 0.022, 0.000, 0.000, 0.480, 0.000, 0.000, 0.309, -0.636, -0.176, -0.000, 20.26
1, 0, 0.000, 0.024, 0.000, 0.000, 0.497, 0.000, 0.000, 0.295, -0.589, -0.227, 0.000, 20.29
0, 0, 0.000, 0.027, 0.000, 0.000, 0.510, 0.000, 0.000, 0.282, -0.496, -0.322, 0.000, 20.32
0, 0, 0.000, 0.017, 0.000, 0.000, 0.335, 0.000, 0.000, 0.269, -0.497, -0.124, 0.000, 20.33
0, 0, 0.000, 0.015, 0.000, 0.000, 0.292, 0.000, 0.000, 0.256, -0.545, -0.018, -0.000, 20.33
0, 0, 0.000, 0.024, 0.000, 0.000, 0.434, 0.000, 0.000, 0.244, -0.499, -0.203, 0.000, 20.35
0, 0, 0.000, 0.021, 0.000, 0.000, 0.379, 0.000, 0.000, 0.233, -0.500, -0.132, 0.000, 20.37
0, 0, 0.000, 0.010, 0.000, 0.000, 0.190, 0.000, 0.000, 0.222, -0.595, 0.173, 0.000, 20.35
0, 0, 0.000, 0.006, 0.000, 0.000, 0.113, 0.000, 0.000, 0.212, -0.641, 0.310, -0.000, 20.32
0, 0, 0.000, 0.006, 0.000, 0.000, 0.120, 0.000, 0.000, 0.202, -0.686, 0.358, -0.000, 20.28
0, 0, 0.000, 0.008, 0.000, 0.000, 0.171, 0.000, 0.000, 0.193, -0.780, 0.408, 0.000, 20.24
0, 0, 0.000, 0.011, 0.000, 0.000, 0.235, 0.000, 0.000, 0.184, -0.826, 0.396, 0.000, 20.20
0, 0, 0.000, 0.013, 0.000, 0.000, 0.306, 0.000, 0.000, 0.176, -0.921, 0.426, 0.000, 20.16
0, 0, 0.000, 0.016, 0.000, 0.000, 0.371, 0.000, 0.000, 0.168, -0.967, 0.413, -0.000, 20.12
0, 0, 0.000, 0.018, 0.000, 0.000, 0.429, 0.000, 0.000, 0.160, -1.013, 0.407, 0.000, 20.08
0, 0, 0.000, 0.019, 0.000, 0.000, 0.490, 0.000, 0.000, 0.152, -1.110, 0.448, -0.000, 20.03
0, 0, 0.000, 0.021, 0.000, 0.000, 0.546, 0.000, 0.000, 0.145, -1.156, 0.444, 0.000, 19.99
0, 0, 0.000, 0.022, 0.000, 0.000, 0.595, 0.000, 0.000, 0.139, -1.203, 0.447, -0.000, 19.94
1, 1, 0.000, 0.050, 0.000, 0.000, 1.408, 0.000, 0.000, 2.630, -15.854, -0.566, -12.333, 20.00
1, 1, 0.000, 0.048, 0.000, 0.000, 1.344, 0.000, 0.000, 2.778, -15.237, 0.000, -11.067, 20.00
1, 1, 0.000, 0.047, 0.000, 0.000, 1.287, 0.000, 0.000, 2.895, -14.009, 0.000, -9.779, 20.00
1, 1, 0.000, 0.048, 0.000, 0.000, 1.237, 0.000, 0.000, 2.994, -12.185, 0.000, -7.906, 20.00
1, 1, 0.000, 0.050, 0.000, 0.000, 1.188, 0.000, 0.000, 3.083, -10.383, 0.000, -6.062, 20.00
1, 1, 0.000, 0.052, 0.000, 0.000, 1.142, 0.000, 0.000, 3.163, -8.602, 0.000, -4.245, 20.00
1, 1, 0.000, 0.079, 0.000, 0.000, 1.481, 0.000, 0.000, 3.237, -6.259, 0.000, -1.461, 20.00
1, 0, 0.000, 0.097, 0.000, 0.000, 1.558, 0.000, 0.000, 3.306, -4.046, -0.916, 0.000, 20.09
0, 0, 0.000, 0.090, 0.000, 0.000, 1.256, 0.000, 0.000, 0.872, -0.210, -2.007, -0.000, 20.29
0, 0, 0.000, 0.058, 0.000, 0.000, 0.716, 0.000, 0.000, 0.778, -0.129, -1.424, 0.000, 20.43
0, 0, 0.000, 0.030, 0.000, 0.000, 0.341, 0.000, 0.000, 0.711, -0.090, -0.992, 0.000, 20.53
0, 0, 0.000, 0.017, 0.000, 0.000, 0.180, 0.000, 0.000, 0.659, -0.051, -0.805, -0.000, 20.61
0, 0, 0.000, 0.010, 0.000, 0.000, 0.114, 0.000, 0.000, 0.615, -0.102, -0.637, 0.000, 20.68
0, 0, 0.000, -0.011, 0.000, 0.000, -0.136, 0.000, 0.000, 0.577, -0.197, -0.233, 0.000, 20.70
0, 0, 0.000, -0.033, 0.000, 0.000, -0.464, 0.000, 0.000, 0.543, -0.336, 0.289, -0.000, 20.67
0, 0, 0.000, -0.033, 0.000, 0.000, -0.509, 0.000, 0.000, 0.513, -0.474, 0.502, 0.000, 20.62
0, 0, 0.000, -0.026, 0.000, 0.000, -0.423, 0.000, 0.000, 0.485, -0.565, 0.529, -0.000, 20.57
0, 0, 0.000, -0.017, 0.000, 0.000, -0.296, 0.000, 0.000, 0.459, -0.658, 0.511, 0.000, 20.52
0, 0, 0.000, -0.009, 0.000, 0.000, -0.164, 0.000, 0.000, 0.436, -0.751, 0.488, -0.000, 20.47
0, 0, 0.000, -0.002, 0.000, 0.000, -0.040, 0.000, 0.000, 0.414, -0.845, 0.473, -0.000, 20.42
0, 0, 0.000, 0.004, 0.000, 0.000, 0.075, 0.000, 0.000, 0.393, -0.939, 0.468, 0.000, 20.38
0, 0, 0.000, 0.008, 0.000, 0.000, 0.190, 0.000, 0.000, 0.374, -1.085, 0.512, 0.000, 20.32
0, 0, 0.000, 0.013, 0.000, 0.000, 0.297, 0.000, 0.000, 0.356, -1.181, 0.516, -0.000, 20.27
0, 0, 0.000, 0.016, 0.000, 0.000, 0.396, 0.000, 0.000, 0.339, -1.278, 0.527, 0.000, 20.22
1, 1, 0.000, 0.078, 0.000, 0.000, 2.066, 0.000, 0.000, 2.820, -16.474, 2.200, -9.309, 20.00
1, 1, 0.000, 0.072, 0.000, 0.000, 1.929, 0.000, 0.000, 2.959, -16.474, 0.000, -11.515, 20.00
1, 1, 0.000, 0.078, 0.000, 0.000, 2.013, 0.000, 0.000, 3.067, -14.621, 0.000, -9.463, 20.00
1, 1, 0.000, 0.069, 0.000, 0.000, 1.730, 0.000, 0.000, 3.159, -13.398, 0.000, -8.441, 20.00
1, 1, 0.000, 0.068, 0.000, 0.000, 1.644, 0.000, 0.000, 3.239, -12.185, 0.000, -7.233, 20.00
1, 1, 0.000, 0.068, 0.000, 0.000, 1.565, 0.000, 0.000, 3.312, -10.981, 0.000, -6.035, 20.00
1, 1, 0.000, 0.066, 0.000, 0.000, 1.490, 0.000, 0.000, 3.379, -10.383, 0.000, -5.448, 20.00
1, 1, 0.000, 0.074, 0.000, 0.000, 1.524, 0.000, 0.000, 3.441, -9.193, 0.000, -4.154, 20.00
0, 0, 0.000, 0.075, 0.000, 0.000, 1.386, 0.000, 0.000, 1.001, -0.629, -1.833, 0.000, 20.18
0, 0, 0.000, 0.052, 0.000, 0.000, 0.914, 0.000, 0.000, 0.902, -0.544, -1.324, 0.000, 20.32
0, 0, 0.000, 0.033, 0.000, 0.000, 0.564, 0.000, 0.000, 0.829, -0.504, -0.923, 0.000, 20.41
0, 0, 0.000, 0.024, 0.000, 0.000, 0.393, 0.000, 0.000, 0.771, -0.462, -0.726, 0.000, 20.48
0, 0, 0.000, 0.013, 0.000, 0.000, 0.226, 0.000, 0.000, 0.722, -0.514, -0.448, 0.000, 20.53
0, 0, 0.000, 0.012, 0.000, 0.000, 0.207, 0.000, 0.000, 0.679, -0.564, -0.334, 0.000, 20.56
0, 0, 0.000, -0.007, 0.000, 0.000, -0.140, 0.000, 0.000, 0.641, -0.660, 0.166, -0.000, 20.54
0, 0, 0.000, -0.013, 0.000, 0.000, -0.260, 0.000, 0.000, 0.606, -0.753, 0.420, -0.000, 20.50
0, 0, 0.000, -0.011, 0.000, 0.000, -0.232, 0.000, 0.000, 0.574, -0.798, 0.468, -0.000, 20.45
0, 0, 0.000, -0.006, 0.000, 0.000, -0.140, 0.000, 0.000, 0.544, -0.892, 0.495, 0.000, 20.40
0, 0, 0.000, -0.002, 0.000, 0.000, -0.039, 0.000, 0.000, 0.517, -0.938, 0.462, -0.000, 20.36
0, 0, 0.000, 0.003, 0.000, 0.000, 0.065, 0.000, 0.000, 0.491, -1.033, 0.475, 0.000, 20.31
0, 0, 0.000, 0.007, 0.000, 0.000, 0.157, 0.000, 0.000, 0.467, -1.080, 0.449, 0.000, 20.27
0, 0, 0.000, 0.010, 0.000, 0.000, 0.237, 0.000, 0.000, 0.444, -1.126, 0.435, -0.000, 20.22
0, 0, 0.000, 0.012, 0.000, 0.000, 0.308, 0.000, 0.000, 0.423, -1.173, 0.430, -0.000, 20.18
0, 0, 0.000, 0.014, 0.000, 0.000, 0.372, 0.000, 0.000, 0.402, -1.220, 0.431, -0.000, 20.14
1, 1, 0.000, 0.067, 0.000, 0.000, 1.813, 0.000, 0.000, 2.881, -15.237, 1.355, -9.121, 20.00
1, 1, 0.000, 0.062, 0.000, 0.000, 1.700, 0.000, 0.000, 3.017, -15.237, 0.000, -10.458, 20.00
1, 1, 0.000, 0.074, 0.000, 0.000, 1.924, 0.000, 0.000, 3.122, -13.398, 0.000, -8.278, 20.00
1, 1, 0.000, 0.100, 0.000, 0.000, 2.299, 0.000, 0.000, 3.211, -10.383, 0.000, -4.773, 20.00
1, 1, 0.000, 0.126, 0.000, 0.000, 2.513, 0.000, 0.000, 3.290, -7.426, 0.000, -1.497, 20.00
1, 0, 0.000, 0.143, 0.000, 0.000, 2.566, 0.000, 0.000, 3.361, -5.715, -0.355, -0.000, 20.04
1, 0, 0.000, 0.124, 0.000, 0.000, 1.989, 0.000, 0.000, 3.425, -4.132, -1.407, 0.000, 20.18
1, 0, 0.000, 0.090, 0.000, 0.000, 1.298, 0.000, 0.000, 3.485, -3.164, -1.709, 0.000, 20.35
0, 0, 0.000, 0.052, 0.000, 0.000, 0.723, 0.000, 0.000, 1.043, -0.228, -1.590, 0.000, 20.51
0, 0, 0.000, 0.024, 0.000, 0.000, 0.310, 0.000, 0.000, 0.941, -0.190, -1.085, 0.000, 20.61
0, 0, 0.000, 0.008, 0.000, 0.000, 0.095, 0.000, 0.000, 0.867, -0.197, -0.773, 0.000, 20.69
0, 0, 0.000, -0.010, 0.000, 0.000, -0.127, 0.000, 0.000, 0.807, -0.247, -0.424, -0.000, 20.73
0, 0, 0.000, -0.011, 0.000, 0.000, -0.149, 0.000, 0.000, 0.757, -0.296, -0.301, -0.000, 20.76
0, 0, 0.000, -0.020, 0.000, 0.000, -0.286, 0.000, 0.000, 0.712, -0.391, -0.016, 0.000, 20.77
0, 0, 0.000, -0.028, 0.000, 0.000, -0.451, 0.000, 0.000, 0.672, -0.531, 0.338, -0.000, 20.73
0, 0, 0.000, -0.025, 0.000, 0.000, -0.435, 0.000, 0.000, 0.636, -0.623, 0.449, 0.000, 20.69
0, 0, 0.000, -0.020, 0.000, 0.000, -0.349, 0.000, 0.000, 0.602, -0.668, 0.435, 0.000, 20.64
0, 0, 0.000, -0.013, 0.000, 0.000, -0.245, 0.000, 0.000, 0.571, -0.713, 0.401, -0.000, 20.60
0, 0, 0.000, -0.008, 0.000, 0.000, -0.146, 0.000, 0.000, 0.543, -0.759, 0.370, -0.000, 20.57
0, 0, 0.000, -0.002, 0.000, 0.000, -0.048, 0.000, 0.000, 0.516, -0.854, 0.388, -0.000, 20.53
0, 0, 0.000, 0.002, 0.000, 0.000, 0.039, 0.000, 0.000, 0.490, -0.900, 0.368, 0.000, 20.49
0, 0, 0.000, 0.005, 0.000, 0.000, 0.106, 0.000, 0.000, 0.467, -0.897, 0.320, -0.000, 20.46
0, 0, 0.000, 0.008, 0.000, 0.000, 0.166, 0.000, 0.000, 0.444, -0.944, 0.326, 0.000, 20.43
0, 0, 0.000, 0.010, 0.000, 0.000, 0.222, 0.000, 0.000, 0.423, -0.991, 0.336, 0.000, 20.39
1, 1, 0.000, 0.116, 0.000, 0.000, 2.653, 0.000, 0.000, 2.901, -12.185, 3.929, -2.586, 20.00
1, 1, 0.000, 0.110, 0.000, 0.000, 2.453, 0.000, 0.000, 3.035, -10.981, 0.000, -5.383, 20.00
1, 1, 0.000, 0.105, 0.000, 0.000, 2.304, 0.000, 0.000, 3.140, -10.383, 0.000, -4.834, 20.00
1, 1, 0.000, 0.102, 0.000, 0.000, 2.174, 0.000, 0.000, 3.228, -9.787, 0.000, -4.282, 20.00
1, 1, 0.000, 0.102, 0.000, 0.000, 2.061, 0.000, 0.000, 3.306, -8.602, 0.000, -3.134, 20.00
1, 1, 0.000, 0.138, 0.000, 0.000, 2.454, 0.000, 0.000, 3.376, -6.259, 0.000, -0.291, 20.00
1, 0, 0.000, 0.142, 0.000, 0.000, 2.211, 0.000, 0.000, 3.440, -4.643, -1.150, 0.000, 20.12
1, 0, 0.000, 0.111, 0.000, 0.000, 1.591, 0.000, 0.000, 3.499, -3.655, -1.546, 0.000, 20.27
0, 0, 0.000, 0.045, 0.000, 0.000, 0.668, 0.000, 0.000, 1.056, -0.314, -1.455, 0.000, 20.42
0, 0, 0.000, 0.016, 0.000, 0.000, 0.227, 0.000, 0.000, 0.954, -0.321, -0.875, 0.000, 20.50
0, 0, 0.000, -0.007, 0.000, 0.000, -0.105, 0.000, 0.000, 0.879, -0.372, -0.395, -0.000, 20.54
0, 0, 0.000, -0.012, 0.000, 0.000, -0.178, 0.000, 0.000, 0.819, -0.374, -0.255, 0.000, 20.57
0, 0, 0.000, -0.011, 0.000, 0.000, -0.152, 0.000, 0.000, 0.768, -0.376, -0.229, 0.000, 20.59
0, 0, 0.000, -0.010, 0.000, 0.000, -0.148, 0.000, 0.000, 0.723, -0.425, -0.141, 0.000, 20.60
0, 0, 0.000, -0.019, 0.000, 0.000, -0.300, 0.000, 0.000, 0.682, -0.519, 0.156, -0.000, 20.59
0, 0, 0.000, -0.020, 0.000, 0.000, -0.340, 0.000, 0.000, 0.645, -0.565, 0.279, -0.000, 20.56
0, 0, 0.000, -0.018, 0.000, 0.000, -0.301, 0.000, 0.000, 0.612, -0.610, 0.317, -0.000, 20.53
0, 0, 0.000, -0.012, 0.000, 0.000, -0.223, 0.000, 0.000, 0.580, -0.704, 0.359, -0.000, 20.49
0, 0, 0.000, -0.008, 0.000, 0.000, -0.141, 0.000, 0.000, 0.551, -0.750, 0.347, 0.000, 20.46
0, 0, 0.000, -0.003, 0.000, 0.000, -0.063, 0.000, 0.000, 0.524, -0.796, 0.339, -0.000, 20.42
0, 0, 0.000, 0.001, 0.000, 0.000, 0.018, 0.000, 0.000, 0.498, -0.891, 0.374, 0.000, 20.39
0, 0, 0.000, 0.004, 0.000, 0.000, 0.091, 0.000, 0.000, 0.474, -0.937, 0.368, -0.000, 20.35
0, 0, 0.000, 0.007, 0.000, 0.000, 0.157, 0.000, 0.000, 0.451, -0.984, 0.368, 0.000, 20.31
0, 0, 0.000, 0.010, 0.000, 0.000, 0.218, 0.000, 0.000, 0.430, -1.031, 0.373, 0.000, 20.28
1, 1, 0.000, 0.102, 0.000, 0.000, 2.404, 0.000, 0.000, 2.907, -13.398, 2.765, -5.220, 20.00
1, 1, 0.000, 0.095, 0.000, 0.000, 2.250, 0.000, 0.000, 3.041, -12.791, 0.000, -7.404, 20.00
1, 1, 0.000, 0.098, 0.000, 0.000, 2.189, 0.000, 0.000, 3.146, -10.981, 0.000, -5.548, 20.00
1, 1, 0.000, 0.094, 0.000, 0.000, 2.014, 0.000, 0.000, 3.234, -9.787, 0.000, -4.445, 20.00
1, 1, 0.000, 0.091, 0.000, 0.000, 1.910, 0.000, 0.000, 3.311, -9.193, 0.000, -3.880, 20.00
1, 1, 0.000, 0.093, 0.000, 0.000, 1.827, 0.000, 0.000, 3.381, -8.013, 0.000, -2.711, 20.00
1, 1, 0.000, 0.101, 0.000, 0.000, 1.858, 0.000, 0.000, 3.445, -6.841, 0.000, -1.438, 20.00
1, 0, 0.000, 0.126, 0.000, 0.000, 2.149, 0.000, 0.000, 3.504, -5.688, -0.090, 0.000, 20.01
0, 0, 0.000, 0.085, 0.000, 0.000, 1.310, 0.000, 0.000, 1.061, -0.392, -2.064, 0.000, 20.22
0, 0, 0.000, 0.064, 0.000, 0.000, 0.831, 0.000, 0.000, 0.958, -0.264, -1.590, 0.000, 20.37
0, 0, 0.000, 0.033, 0.000, 0.000, 0.420, 0.000, 0.000, 0.883, -0.226, -1.110, 0.000, 20.49
0, 0, 0.000, 0.010, 0.000, 0.000, 0.119, 0.000, 0.000, 0.823, -0.186, -0.766, 0.000, 20.56
0, 0, 0.000, 0.002, 0.000, 0.000, 0.027, 0.000, 0.000, 0.772, -0.237, -0.564, 0.000, 20.62
0, 0, 0.000, 0.007, 0.000, 0.000, 0.087, 0.000, 0.000, 0.726, -0.289, -0.532, -0.000, 20.67
0, 0, 0.000, -0.023, 0.000, 0.000, -0.324, 0.000, 0.000, 0.686, -0.383, 0.044, -0.000, 20.67
0, 0, 0.000, -0.031, 0.000, 0.000, -0.468, 0.000, 0.000, 0.649, -0.475, 0.325, 0.000, 20.63
0, 0, 0.000, -0.028, 0.000, 0.000, -0.445, 0.000, 0.000, 0.614, -0.567, 0.426, 0.000, 20.59
0, 0, 0.000, -0.021, 0.000, 0.000, -0.352, 0.000, 0.000, 0.583, -0.660, 0.449, 0.000, 20.55
0, 0, 0.000, -0.013, 0.000, 0.000, -0.238, 0.000, 0.000, 0.554, -0.753, 0.451, -0.000, 20.50
0, 0, 0.000, -0.006, 0.000, 0.000, -0.122, 0.000, 0.000, 0.526, -0.848, 0.450, -0.000, 20.46
0, 0, 0.000, -0.001, 0.000, 0.000, -0.012, 0.000, 0.000, 0.501, -0.943, 0.455, 0.000, 20.41
0, 0, 0.000, 0.004, 0.000, 0.000, 0.093, 0.000, 0.000, 0.476, -1.038, 0.465, -0.000, 20.37
0, 0, 0.000, 0.008, 0.000, 0.000, 0.192, 0.000, 0.000, 0.453, -1.134, 0.480, 0.000, 20.32
0, 0, 0.000, 0.012, 0.000, 0.000, 0.288, 0.000, 0.000, 0.432, -1.231, 0.500, 0.000, 20.27
1, 1, 0.000, 0.094, 0.000, 0.000, 2.349, 0.000, 0.000, 2.909, -15.237, 2.671, -7.214, 20.00
1, 1, 0.000, 0.086, 0.000, 0.000, 2.193, 0.000, 0.000, 3.043, -15.237, 0.000, -9.914, 20.00
1, 1, 0.000, 0.084, 0.000, 0.000, 2.070, 0.000, 0.000, 3.148, -14.009, 0.000, -8.708, 20.00
1, 1, 0.000, 0.084, 0.000, 0.000, 1.964, 0.000, 0.000, 3.236, -12.185, 0.000, -6.902, 20.00
1, 1, 0.000, 0.088, 0.000, 0.000, 1.870, 0.000, 0.000, 3.313, -9.787, 0.000, -4.516, 20.00
1, 1, 0.000, 0.105, 0.000, 0.000, 2.013, 0.000, 0.000, 3.383, -8.013, 0.000, -2.512, 20.00
1, 1, 0.000, 0.139, 0.000, 0.000, 2.451, 0.000, 0.000, 3.446, -6.259, 0.000, -0.223, 20.00
1, 0, 0.000, 0.146, 0.000, 0.000, 2.466, 0.000, 0.000, 3.505, -5.720, -0.397, 0.000, 20.04
0, 0, 0.000, 0.106, 0.000, 0.000, 1.554, 0.000, 0.000, 1.062, -0.350, -2.372, 0.000, 20.28
0, 0, 0.000, 0.068, 0.000, 0.000, 0.914, 0.000, 0.000, 0.960, -0.316, -1.625, -0.000, 20.44
0, 0, 0.000, 0.039, 0.000, 0.000, 0.499, 0.000, 0.000, 0.884, -0.279, -1.144, -0.000, 20.55
0, 0, 0.000, 0.006, 0.000, 0.000, 0.085, 0.000, 0.000, 0.824, -0.284, -0.632, 0.000, 20.62
0, 0, 0.000, -0.012, 0.000, 0.000, -0.169, 0.000, 0.000, 0.773, -0.380, -0.212, -0.000, 20.64
0, 0, 0.000, -0.007, 0.000, 0.000, -0.109, 0.000, 0.000, 0.727, -0.429, -0.182, -0.000, 20.66
0, 0, 0.000, -0.020, 0.000, 0.000, -0.324, 0.000, 0.000, 0.687, -0.523, 0.180, 0.000, 20.64
0, 0, 0.000, -0.021, 0.000, 0.000, -0.374, 0.000, 0.000, 0.650, -0.664, 0.410, 0.000, 20.60
0, 0, 0.000, -0.017, 0.000, 0.000, -0.312, 0.000, 0.000, 0.615, -0.758, 0.470, 0.000, 20.55
0, 0, 0.000, -0.010, 0.000, 0.000, -0.196, 0.000, 0.000, 0.584, -0.901, 0.522, -0.000, 20.50
0, 0, 0.000, -0.003, 0.000, 0.000, -0.071, 0.000, 0.000, 0.555, -0.995, 0.515, -0.000, 20.45
0, 0, 0.000, 0.003, 0.000, 0.000, 0.060, 0.000, 0.000, 0.527, -1.141, 0.552, 0.000, 20.39
0, 0, 0.000, 0.007, 0.000, 0.000, 0.181, 0.000, 0.000, 0.501, -1.237, 0.547, 0.000, 20.34
0, 0, 0.000, 0.012, 0.000, 0.000, 0.304, 0.000, 0.000, 0.477, -1.385, 0.592, 0.000, 20.28
0, 0, 0.000, 0.015, 0.000, 0.000, 0.418, 0.000, 0.000, 0.454, -1.483, 0.596, 0.000, 20.22
0, 0, 0.000, 0.018, 0.000, 0.000, 0.534, 0.000, 0.000, 0.432, -1.634, 0.649, 0.000, 20.15
1, 0, 0.000, 0.038, 0.000, 0.000, 1.166, 0.000, 0.000, 0.412, -1.738, 0.122, 0.000, 20.14
1, 0, 0.000, 0.037, 0.000, 0.000, 1.152, 0.000, 0.000, 0.393, -1.684, 0.103, 0.000, 20.13
1, 0, 0.000, 0.043, 0.000, 0.000, 1.310, 0.000, 0.000, 0.374, -1.581, -0.146, -0.000, 20.15
1, 0, 0.000, 0.044, 0.000, 0.000, 1.256, 0.000, 0.000, 0.357, -1.376, -0.280, 0.000, 20.17
1, 0, 0.000, 0.042, 0.000, 0.000, 1.118, 0.000, 0.000, 0.340, -1.225, -0.274, 0.000, 20.20
1, 0, 0.000, 0.045, 0.000, 0.000, 1.085, 0.000, 0.000, 0.324, -1.028, -0.427, 0.000, 20.24
1, 0, 0.000, 0.052, 0.000, 0.000, 1.125, 0.000, 0.000, 0.309, -0.835, -0.651, -0.000, 20.31
1, 0, 0.000, 0.054, 0.000, 0.000, 1.077, 0.000, 0.000, 0.295, -0.694, -0.732, -0.000, 20.38
0, 0, 0.000, 0.066, 0.000, 0.000, 1.210, 0.000, 0.000, 0.282, -0.606, -0.952, -0.000, 20.48
0, 0, 0.000, 0.053, 0.000, 0.000, 0.941, 0.000, 0.000, 0.269, -0.563, -0.699, 0.000, 20.55
0, 0, 0.000, 0.044, 0.000, 0.000, 0.769, 0.000, 0.000, 0.256, -0.568, -0.502, -0.000, 20.60
0, 0, 0.000, 0.035, 0.000, 0.000, 0.623, 0.000, 0.000, 0.244, -0.570, -0.332, -0.000, 20.63
0, 0, 0.000, 0.032, 0.000, 0.000, 0.596, 0.000, 0.000, 0.233, -0.621, -0.241, 0.000, 20.65
0, 0, 0.000, 0.027, 0.000, 0.000, 0.543, 0.000, 0.000, 0.222, -0.718, -0.074, 0.000, 20.66
0, 0, 0.000, 0.011, 0.000, 0.000, 0.231, 0.000, 0.000, 0.212, -0.862, 0.408, -0.000, 20.62
0, 0, 0.000, 0.007, 0.000, 0.000, 0.165, 0.000, 0.000, 0.202, -1.005, 0.630, 0.000, 20.56
0, 0, 0.000, 0.010, 0.000, 0.000, 0.233, 0.000, 0.000, 0.193, -1.099, 0.664, -0.000, 20.49
0, 0, 0.000, 0.014, 0.000, 0.000, 0.347, 0.000, 0.000, 0.184, -1.194, 0.649, 0.000, 20.43
0, 0, 0.000, 0.017, 0.000, 0.000, 0.469, 0.000, 0.000, 0.176, -1.290, 0.628, 0.000, 20.36
0, 0, 0.000, 0.021, 0.000, 0.000, 0.584, 0.000, 0.000, 0.168, -1.387, 0.615, 0.000, 20.30
0, 0, 0.000, 0.023, 0.000, 0.000, 0.690, 0.000, 0.000, 0.160, -1.485, 0.612, -0.000, 20.24
0, 0, 0.000, 0.026, 0.000, 0.000, 0.777, 0.000, 0.000, 0.152, -1.532, 0.577, -0.000, 20.18
0, 0, 0.000, 0.027, 0.000, 0.000, 0.859, 0.000, 0.000, 0.145, -1.631, 0.599, -0.000, 20.12
0, 0, 0.000, 0.028, 0.000, 0.000, 0.928, 0.000, 0.000, 0.139, -1.679, 0.583, 0.000, 20.07
1, 1, 0.000, 0.064, 0.000, 0.000, 2.165, 0.000, 0.000, 2.630, -21.526, 0.650, -16.017, 20.00
1, 1, 0.000, 0.060, 0.000, 0.000, 2.046, 0.000, 0.000, 2.778, -20.886, 0.000, -16.002, 20.00
1, 1, 0.000, 0.066, 0.000, 0.000, 2.204, 0.000, 0.000, 2.895, -19.612, 0.000, -14.448, 20.00
1, 1, 0.000, 0.067, 0.000, 0.000, 2.089, 0.000, 0.000, 2.994, -17.097, 0.000, -11.947, 20.00
1, 1, 0.000, 0.067, 0.000, 0.000, 1.954, 0.000, 0.000, 3.083, -15.237, 0.000, -10.133, 20.00
1, 1, 0.000, 0.066, 0.000, 0.000, 1.790, 0.000, 0.000, 3.163, -13.398, 0.000, -8.379, 20.00
1, 1, 0.000, 0.074, 0.000, 0.000, 1.833, 0.000, 0.000, 3.237, -10.981, 0.000, -5.837, 20.00
1, 1, 0.000, 0.095, 0.000, 0.000, 2.177, 0.000, 0.000, 3.306, -9.787, 0.000, -4.210, 20.00
0, 0, 0.000, 0.091, 0.000, 0.000, 1.964, 0.000, 0.000, 0.872, -0.729, -2.198, 0.000, 20.22
0, 0, 0.000, 0.064, 0.000, 0.000, 1.337, 0.000, 0.000, 0.778, -0.693, -1.486, 0.000, 20.37
0, 0, 0.000, 0.045, 0.000, 0.000, 0.908, 0.000, 0.000, 0.711, -0.653, -1.010, -0.000, 20.47
0, 0, 0.000, 0.029, 0.000, 0.000, 0.607, 0.000, 0.000, 0.659, -0.707, -0.588, -0.000, 20.53
0, 0, 0.000, 0.022, 0.000, 0.000, 0.480, 0.000, 0.000, 0.615, -0.759, -0.359, -0.000, 20.56
0, 0, 0.000, 0.016, 0.000, 0.000, 0.368, 0.000, 0.000, 0.577, -0.858, -0.103, 0.000, 20.57
0, 0, 0.000, 0.002, 0.000, 0.000, 0.055, 0.000, 0.000, 0.543, -1.003, 0.403, 0.000, 20.53
0, 0, 0.000, -0.001, 0.000, 0.000, -0.013, 0.000, 0.000, 0.513, -1.098, 0.599, -0.000, 20.47
0, 0, 0.000, 0.001, 0.000, 0.000, 0.038, 0.000, 0.000, 0.485, -1.093, 0.568, -0.000, 20.42
0, 0, 0.000, 0.005, 0.000, 0.000, 0.131, 0.000, 0.000, 0.459, -1.138, 0.543, 0.000, 20.36
0, 0, 0.000, 0.008, 0.000, 0.000, 0.228, 0.000, 0.000, 0.436, -1.184, 0.513, 0.000, 20.31
0, 0, 0.000, 0.011, 0.000, 0.000, 0.317, 0.000, 0.000, 0.414, -1.231, 0.489, 0.000, 20.26
0, 0, 0.000, 0.013, 0.000, 0.000, 0.376, 0.000, 0.000, 0.393, -1.177, 0.394, 0.000, 20.22
0, 0, 0.000, 0.015, 0.000, 0.000, 0.419, 0.000, 0.000, 0.374, -1.174, 0.366, -0.000, 20.19
0, 0, 0.000, 0.016, 0.000, 0.000, 0.441, 0.000, 0.000, 0.356, -1.120, 0.308, -0.000, 20.16
0, 0, 0.000, 0.016, 0.000, 0.000, 0.448, 0.000, 0.000, 0.339, -1.068, 0.265, -0.000, 20.13
1, 1, 0.000, 0.066, 0.000, 0.000, 1.836, 0.000, 0.000, 2.820, -12.791, 1.297, -6.771, 20.00
1, 1, 0.000, 0.063, 0.000, 0.000, 1.728, 0.000, 0.000, 2.959, -12.185, 0.000, -7.436, 20.00
1, 1, 0.000, 0.061, 0.000, 0.000, 1.634, 0.000, 0.000, 3.067, -11.582, 0.000, -6.820, 20.00
1, 1, 0.000, 0.059, 0.000, 0.000, 1.551, 0.000, 0.000, 3.159, -10.981, 0.000, -6.213, 20.00
1, 1, 0.000, 0.056, 0.000, 0.000, 1.471, 0.000, 0.000, 3.239, -10.981, 0.000, -6.215, 20.00
1, 1, 0.000, 0.059, 0.000, 0.000, 1.406, 0.000, 0.000, 3.312, -9.193, 0.000, -4.416, 20.00
1, 1, 0.000, 0.081, 0.000, 0.000, 1.691, 0.000, 0.000, 3.379, -6.841, 0.000, -1.690, 20.00
1, 0, 0.000, 0.110, 0.000, 0.000, 2.041, 0.000, 0.000, 3.441, -5.147, -0.446, 0.000, 20.04
0, 0, 0.000, 0.076, 0.000, 0.000, 1.317, 0.000, 0.000, 1.001, -0.347, -2.046, 0.000, 20.25
0, 0, 0.000, 0.034, 0.000, 0.000, 0.584, 0.000, 0.000, 0.902, -0.310, -1.209, -0.000, 20.37
0, 0, 0.000, 0.004, 0.000, 0.000, 0.066, 0.000, 0.000, 0.829, -0.362, -0.537, -0.000, 20.42
0, 0, 0.000, -0.007, 0.000, 0.000, -0.131, 0.000, 0.000, 0.771, -0.364, -0.269, -0.000, 20.45
0, 0, 0.000, -0.012, 0.000, 0.000, -0.212, 0.000, 0.000, 0.722, -0.413, -0.086, -0.000, 20.46
0, 0, 0.000, -0.007, 0.000, 0.000, -0.132, 0.000, 0.000, 0.679, -0.461, -0.079, -0.000, 20.47
0, 0, 0.000, -0.014, 0.000, 0.000, -0.264, 0.000, 0.000, 0.641, -0.507, 0.145, 0.000, 20.45
0, 0, 0.000, -0.017, 0.000, 0.000, -0.321, 0.000, 0.000, 0.606, -0.553, 0.285, -0.000, 20.42
0, 0, 0.000, -0.015, 0.000, 0.000, -0.293, 0.000, 0.000, 0.574, -0.598, 0.333, -0.000, 20.39
0, 0, 0.000, -0.012, 0.000, 0.000, -0.236, 0.000, 0.000, 0.544, -0.596, 0.300, -0.000, 20.36
0, 0, 0.000, -0.009, 0.000, 0.000, -0.169, 0.000, 0.000, 0.517, -0.642, 0.303, 0.000, 20.33
0, 0, 0.000, -0.006, 0.000, 0.000, -0.111, 0.000, 0.000, 0.491, -0.639, 0.265, -0.000, 20.30
0, 0, 0.000, -0.003, 0.000, 0.000, -0.054, 0.000, 0.000, 0.467, -0.685, 0.275, 0.000, 20.28
0, 0, 0.000, 0.000, 0.000, 0.000, 0.001, 0.000, 0.000, 0.444, -0.732, 0.287, -0.000, 20.25
0, 0, 0.000, 0.003, 0.000, 0.000, 0.054, 0.000, 0.000, 0.423, -0.778, 0.299, 0.000, 20.22
0, 0, 0.000, 0.005, 0.000, 0.000, 0.106, 0.000, 0.000, 0.402, -0.825, 0.311, 0.000, 20.19
1, 1, 0.000, 0.077, 0.000, 0.000, 1.724, 0.000, 0.000, 2.881, -10.383, 1.869, -3.832, 20.00
1, 1, 0.000, 0.073, 0.000, 0.000, 1.614, 0.000, 0.000, 3.017, -9.787, 0.000, -5.082, 20.00
1, 1, 0.000, 0.085, 0.000, 0.000, 1.773, 0.000, 0.000, 3.122, -8.602, 0.000, -3.621, 20.00
1, 1, 0.000, 0.081, 0.000, 0.000, 1.595, 0.000, 0.000, 3.211, -7.426, 0.000, -2.539, 20.00
1, 1, 0.000, 0.074, 0.000, 0.000, 1.417, 0.000, 0.000, 3.290, -6.841, 0.000, -2.061, 20.00
1, 1, 0.000, 0.094, 0.000, 0.000, 1.650, 0.000, 0.000, 3.361, -5.679, 0.000, -0.574, 20.00
1, 0, 0.000, 0.102, 0.000, 0.000, 1.546, 0.000, 0.000, 3.425, -4.056, -1.017, -0.000, 20.10
1, 0, 0.000, 0.075, 0.000, 0.000, 1.031, 0.000, 0.000, 3.485, -3.069, -1.522, 0.000, 20.25
0, 0, 0.000, 0.054, 0.000, 0.000, 0.659, 0.000, 0.000, 1.043, -0.173, -1.583, 0.000, 20.41
0, 0, 0.000, 0.028, 0.000, 0.000, 0.297, 0.000, 0.000, 0.941, -0.090, -1.176, 0.000, 20.53
0, 0, 0.000, 0.001, 0.000, 0.000, 0.008, 0.000, 0.000, 0.867, -0.097, -0.780, 0.000, 20.61
0, 0, 0.000, -0.016, 0.000, 0.000, -0.171, 0.000, 0.000, 0.807, -0.101, -0.520, 0.000, 20.66
0, 0, 0.000, -0.030, 0.000, 0.000, -0.338, 0.000, 0.000, 0.757, -0.149, -0.239, -0.000, 20.68
0, 0, 0.000, -0.036, 0.000, 0.000, -0.419, 0.000, 0.000, 0.712, -0.196, -0.061, 0.000, 20.69
0, 0, 0.000, -0.041, 0.000, 0.000, -0.513, 0.000, 0.000, 0.672, -0.289, 0.171, -0.000, 20.67
0, 0, 0.000, -0.041, 0.000, 0.000, -0.537, 0.000, 0.000, 0.636, -0.333, 0.276, 0.000, 20.65
0, 0, 0.000, -0.035, 0.000, 0.000, -0.485, 0.000, 0.000, 0.602, -0.425, 0.343, 0.000, 20.61
0, 0, 0.000, -0.028, 0.000, 0.000, -0.399, 0.000, 0.000, 0.571, -0.470, 0.325, 0.000, 20.58
0, 0, 0.000, -0.020, 0.000, 0.000, -0.301, 0.000, 0.000, 0.543, -0.563, 0.341, 0.000, 20.54
0, 0, 0.000, -0.013, 0.000, 0.000, -0.210, 0.000, 0.000, 0.516, -0.609, 0.317, -0.000, 20.51
0, 0, 0.000, -0.008, 0.000, 0.000, -0.130, 0.000, 0.000, 0.490, -0.654, 0.301, -0.000, 20.48
0, 0, 0.000, -0.003, 0.000, 0.000, -0.057, 0.000, 0.000, 0.467, -0.701, 0.295, -0.000, 20.45
0, 0, 0.000, 0.001, 0.000, 0.000, 0.017, 0.000, 0.000, 0.444, -0.795, 0.333, 0.000, 20.42
0, 0, 0.000, 0.004, 0.000, 0.000, 0.084, 0.000, 0.000, 0.423, -0.842, 0.330, 0.000, 20.39
1, 1, 0.000, 0.131, 0.000, 0.000, 2.581, 0.000, 0.000, 2.901, -10.383, 3.866, -0.904, 20.00
1, 1, 0.000, 0.113, 0.000, 0.000, 2.256, 0.000, 0.000, 3.035, -10.383, 0.000, -4.978, 20.00
1, 1, 0.000, 0.140, 0.000, 0.000, 2.586, 0.000, 0.000, 3.140, -8.602, 0.000, -2.735, 20.00
1, 1, 0.000, 0.169, 0.000, 0.000, 2.818, 0.000, 0.000, 3.228, -6.841, 0.000, -0.626, 20.00
1, 0, 0.000, 0.171, 0.000, 0.000, 2.661, 0.000, 0.000, 3.306, -5.722, -0.416, -0.000, 20.04
1, 0, 0.000, 0.149, 0.000, 0.000, 2.152, 0.000, 0.000, 3.376, -4.671, -1.006, -0.000, 20.14
1, 0, 0.000, 0.124, 0.000, 0.000, 1.577, 0.000, 0.000, 3.440, -3.674, -1.466, -0.000, 20.29
1, 0, 0.000, 0.083, 0.000, 0.000, 0.829, 0.000, 0.000, 3.499, -2.196, -2.215, 0.000, 20.51
0, 0, 0.000, 0.047, 0.000, 0.000, 0.457, 0.000, 0.000, 1.056, -0.147, -1.413, -0.000, 20.65
0, 0, 0.000, 0.003, 0.000, 0.000, 0.030, 0.000, 0.000, 0.954, -0.108, -0.880, 0.000, 20.74
0, 0, 0.000, -0.032, 0.000, 0.000, -0.349, 0.000, 0.000, 0.879, -0.203, -0.295, -0.000, 20.77
0, 0, 0.000, -0.036, 0.000, 0.000, -0.389, 0.000, 0.000, 0.819, -0.251, -0.143, 0.000, 20.78
0, 0, 0.000, -0.025, 0.000, 0.000, -0.257, 0.000, 0.000, 0.768, -0.253, -0.233, -0.000, 20.81
0, 0, 0.000, -0.018, 0.000, 0.000, -0.195, 0.000, 0.000, 0.723, -0.302, -0.208, -0.000, 20.83
0, 0, 0.000, -0.030, 0.000, 0.000, -0.371, 0.000, 0.000, 0.682, -0.395, 0.114, -0.000, 20.82
0, 0, 0.000, -0.034, 0.000, 0.000, -0.437, 0.000, 0.000, 0.645, -0.440, 0.266, -0.000, 20.79
0, 0, 0.000, -0.029, 0.000, 0.000, -0.398, 0.000, 0.000, 0.612, -0.533, 0.348, -0.000, 20.75
0, 0, 0.000, -0.021, 0.000, 0.000, -0.310, 0.000, 0.000, 0.580, -0.626, 0.376, 0.000, 20.72
0, 0, 0.000, -0.013, 0.000, 0.000, -0.206, 0.000, 0.000, 0.551, -0.720, 0.388, -0.000, 20.68
0, 0, 0.000, -0.006, 0.000, 0.000, -0.101, 0.000, 0.000, 0.524, -0.814, 0.397, -0.000, 20.64
0, 0, 0.000, -0.000, 0.000, 0.000, -0.008, 0.000, 0.000, 0.498, -0.860, 0.370, -0.000, 20.60
0, 0, 0.000, 0.004, 0.000, 0.000, 0.083, 0.000, 0.000, 0.474, -0.956, 0.395, 0.000, 20.56
0, 0, 0.000, 0.008, 0.000, 0.000, 0.172, 0.000, 0.000, 0.451, -1.052, 0.420, 0.000, 20.52
0, 0, 0.000, 0.012, 0.000, 0.000, 0.260, 0.000, 0.000, 0.430, -1.148, 0.447, 0.000, 20.48
1, 1, 0.000, 0.138, 0.000, 0.000, 3.176, 0.000, 0.000, 2.907, -14.621, 4.757, -3.644, 20.00
1, 1, 0.000, 0.125, 0.000, 0.000, 2.955, 0.000, 0.000, 3.041, -14.621, 0.000, -8.500, 20.00
1, 1, 0.000, 0.127, 0.000, 0.000, 2.832, 0.000, 0.000, 3.146, -12.791, 0.000, -6.686, 20.00
1, 1, 0.000, 0.143, 0.000, 0.000, 2.939, 0.000, 0.000, 3.234, -10.981, 0.000, -4.666, 20.00
1, 1, 0.000, 0.192, 0.000, 0.000, 3.357, 0.000, 0.000, 3.311, -8.013, 0.000, -1.152, 20.00
1, 0, 0.000, 0.217, 0.000, 0.000, 3.193, 0.000, 0.000, 3.381, -5.782, -1.008, -0.000, 20.10
1, 0, 0.000, 0.193, 0.000, 0.000, 2.314, 0.000, 0.000, 3.445, -3.711, -2.241, 0.000, 20.32
1, 0, 0.000, 0.130, 0.000, 0.000, 1.264, 0.000, 0.000, 3.504, -2.273, -2.624, 0.000, 20.59
0, 0, 0.000, 0.140, 0.000, 0.000, 1.065, 0.000, 0.000, 1.061, -0.067, -2.199, 0.000, 20.81
0, 0, 0.000, 0.076, 0.000, 0.000, 0.508, 0.000, 0.000, 0.958, -0.033, -1.509, 0.000, 20.96
0, 0, 0.000, 0.029, 0.000, 0.000, 0.173, 0.000, 0.000, 0.883, 0.004, -1.089, -0.000, 21.07
0, 0, 0.000, -0.000, 0.000, 0.000, -0.001, 0.000, 0.000, 0.823, -0.003, -0.819, 0.000, 21.15
0, 0, 0.000, -0.003, 0.000, 0.000, -0.018, 0.000, 0.000, 0.772, -0.055, -0.696, -0.000, 21.22
0, 0, 0.000, -0.007, 0.000, 0.000, -0.052, 0.000, 0.000, 0.726, -0.152, -0.516, -0.000, 21.27
0, 0, 0.000, -0.011, 0.000, 0.000, -0.107, 0.000, 0.000, 0.686, -0.294, -0.274, -0.000, 21.30
0, 0, 0.000, -0.047, 0.000, 0.000, -0.510, 0.000, 0.000, 0.649, -0.386, 0.294, 0.000, 21.27
0, 0, 0.000, -0.047, 0.000, 0.000, -0.561, 0.000, 0.000, 0.614, -0.477, 0.470, -0.000, 21.22
0, 0, 0.000, -0.036, 0.000, 0.000, -0.471, 0.000, 0.000, 0.583, -0.568, 0.492, 0.000, 21.17
0, 0, 0.000, -0.024, 0.000, 0.000, -0.340, 0.000, 0.000, 0.554, -0.661, 0.471, -0.000, 21.12
0, 0, 0.000, -0.012, 0.000, 0.000, -0.195, 0.000, 0.000, 0.526, -0.802, 0.484, -0.000, 21.08
0, 0, 0.000, -0.004, 0.000, 0.000, -0.068, 0.000, 0.000, 0.501, -0.848, 0.420, -0.000, 21.03
0, 0, 0.000, 0.003, 0.000, 0.000, 0.048, 0.000, 0.000, 0.476, -0.943, 0.416, 0.000, 20.99
0, 0, 0.000, 0.008, 0.000, 0.000, 0.145, 0.000, 0.000, 0.453, -0.989, 0.383, 0.000, 20.95
0, 0, 0.000, 0.012, 0.000, 0.000, 0.237, 0.000, 0.000, 0.432, -1.086, 0.404, 0.000, 20.91
1, 0, 0.000, 0.195, 0.000, 0.000, 4.141, 0.000, 0.000, 2.909, -13.682, 6.436, 0.000, 20.27
1, 1, 0.000, 0.261, 0.000, 0.000, 5.403, 0.000, 0.000, 3.043, -12.185, 2.704, -0.773, 20.00
1, 1, 0.000, 0.284, 0.000, 0.000, 5.514, 0.000, 0.000, 3.148, -10.383, 0.000, -1.437, 20.00
1, 0, 0.000, 0.321, 0.000, 0.000, 5.440, 0.000, 0.000, 3.236, -8.105, -0.891, -0.000, 20.09
1, 0, 0.000, 0.308, 0.000, 0.000, 4.410, 0.000, 0.000, 3.313, -5.980, -2.051, 0.000, 20.29
1, 0, 0.000, 0.263, 0.000, 0.000, 3.019, 0.000, 0.000, 3.383, -3.955, -2.710, 0.000, 20.57
1, 0, 0.000, 0.185, 0.000, 0.000, 1.588, 0.000, 0.000, 3.446, -2.011, -3.209, -0.000, 20.89
1, 0, 0.000, 0.046, 0.000, 0.000, 0.295, 0.000, 0.000, 3.505, -0.651, -3.195, 0.000, 21.21
0, 0, 0.000, 0.103, 0.000, 0.000, 0.485, 0.000, 0.000, 1.062, 0.024, -1.674, -0.000, 21.37
0, 0, 0.000, 0.047, 0.000, 0.000, 0.179, 0.000, 0.000, 0.960, 0.060, -1.246, -0.000, 21.50
0, 0, 0.000, -0.001, 0.000, 0.000, -0.003, 0.000, 0.000, 0.884, 0.097, -0.978, 0.000, 21.60
0, 0, 0.000, -0.037, 0.000, 0.000, -0.109, 0.000, 0.000, 0.824, 0.091, -0.769, -0.000, 21.67
0, 0, 0.000, -0.035, 0.000, 0.000, -0.132, 0.000, 0.000, 0.773, 0.040, -0.646, 0.000, 21.74
0, 0, 0.000, -0.021, 0.000, 0.000, -0.113, 0.000, 0.000, 0.727, -0.102, -0.492, -0.000, 21.79
0, 0, 0.000, -0.016, 0.000, 0.000, -0.118, 0.000, 0.000, 0.687, -0.244, -0.309, 0.000, 21.82
0, 0, 0.000, -0.060, 0.000, 0.000, -0.508, 0.000, 0.000, 0.650, -0.335, 0.253, -0.000, 21.79
0, 0, 0.000, -0.062, 0.000, 0.000, -0.564, 0.000, 0.000, 0.615, -0.379, 0.390, -0.000, 21.75
0, 0, 0.000, -0.048, 0.000, 0.000, -0.484, 0.000, 0.000, 0.584, -0.470, 0.418, -0.000, 21.71
0, 0, 0.000, -0.032, 0.000, 0.000, -0.360, 0.000, 0.000, 0.555, -0.562, 0.400, -0.000, 21.67
0, 0, 0.000, -0.020, 0.000, 0.000, -0.238, 0.000, 0.000, 0.527, -0.607, 0.338, 0.000, 21.64
0, 0, 0.000, -0.010, 0.000, 0.000, -0.130, 0.000, 0.000, 0.501, -0.653, 0.292, 0.000, 21.61
0, 0, 0.000, -0.003, 0.000, 0.000, -0.038, 0.000, 0.000, 0.477, -0.699, 0.263, -0.000, 21.58
0, 0, 0.000, 0.003, 0.000, 0.000, 0.042, 0.000, 0.000, 0.454, -0.746, 0.247, -0.000, 21.56
0, 0, 0.000, 0.008, 0.000, 0.000, 0.111, 0.000, 0.000, 0.432, -0.792, 0.241, 0.000, 21.53
1, 0, 0.000, 0.011, 0.000, 0.000, 0.174, 0.000, 0.000, 0.412, -0.839, 0.242, -0.000, 21.51
1, 0, 0.000, 0.014, 0.000, 0.000, 0.225, 0.000, 0.000, 0.393, -0.838, 0.206, -0.000, 21.49
1, 0, 0.000, 0.017, 0.000, 0.000, 0.266, 0.000, 0.000, 0.374, -0.787, 0.130, -0.000, 21.47
1, 0, 0.000, 0.025, 0.000, 0.000, 0.372, 0.000, 0.000, 0.357, -0.691, -0.063, -0.000, 21.48
1, 0, 0.000, 0.036, 0.000, 0.000, 0.491, 0.000, 0.000, 0.340, -0.597, -0.271, -0.000, 21.51
1, 0, 0.000, 0.056, 0.000, 0.000, 0.640, 0.000, 0.000, 0.324, -0.458, -0.562, -0.000, 21.56
1, 0, 0.000, 0.071, 0.000, 0.000, 0.685, 0.000, 0.000, 0.309, -0.322, -0.743, -0.000, 21.64
1, 0, 0.000, 0.055, 0.000, 0.000, 0.518, 0.000, 0.000, 0.295, -0.280, -0.588, 0.000, 21.70
0, 0, 0.000, 0.047, 0.000, 0.000, 0.415, 0.000, 0.000, 0.282, -0.238, -0.506, 0.000, 21.75
0, 0, 0.000, 0.083, 0.000, 0.000, 0.535, 0.000, 0.000, 0.269, -0.151, -0.735, -0.000, 21.82
0, 0, 0.000, 0.089, 0.000, 0.000, 0.509, 0.000, 0.000, 0.256, -0.111, -0.743, -0.000, 21.90
0, 0, 0.000, 0.079, 0.000, 0.000, 0.412, 0.000, 0.000, 0.244, -0.070, -0.666, -0.000, 21.96
0, 0, 0.000, 0.042, 0.000, 0.000, 0.256, 0.000, 0.000, 0.233, -0.120, -0.411, 0.000, 22.00
0, 0, 0.000, 0.006, 0.000, 0.000, 0.042, 0.000, 0.000, 0.222, -0.167, -0.103, 0.000, 22.01
0, 0, 0.000, -0.012, 0.000, 0.000, -0.094, 0.000, 0.000, 0.212, -0.259, 0.153, -0.000, 22.00
0, 0, 0.000, -0.013, 0.000, 0.000, -0.113, 0.000, 0.000, 0.202, -0.304, 0.227, -0.000, 21.98
0, 0, 0.000, -0.007, 0.000, 0.000, -0.062, 0.000, 0.000, 0.193, -0.395, 0.271, 0.000, 21.95
0, 0, 0.000, 0.002, 0.000, 0.000, 0.016, 0.000, 0.000, 0.184, -0.488, 0.286, 0.000, 21.92
0, 0, 0.000, 0.009, 0.000, 0.000, 0.102, 0.000, 0.000, 0.176, -0.581, 0.294, 0.000, 21.89
0, 0, 0.000, 0.015, 0.000, 0.000, 0.188, 0.000, 0.000, 0.168, -0.675, 0.304, -0.000, 21.86
0, 0, 0.000, 0.020, 0.000, 0.000, 0.271, 0.000, 0.000, 0.160, -0.769, 0.318, 0.000, 21.83
0, 0, 0.000, 0.024, 0.000, 0.000, 0.351, 0.000, 0.000, 0.152, -0.864, 0.337, 0.000, 21.80
0, 0, 0.000, 0.027, 0.000, 0.000, 0.429, 0.000, 0.000, 0.145, -0.959, 0.358, 0.000, 21.76
0, 0, 0.000, 0.029, 0.000, 0.000, 0.505, 0.000, 0.000, 0.139, -1.055, 0.382, 0.000, 21.72
1, 0, 0.000, 0.227, 0.000, 0.000, 4.249, 0.000, 0.000, 2.630, -13.332, 6.226, 0.000, 21.10
1, 0, 0.000, 0.320, 0.000, 0.000, 6.159, 0.000, 0.000, 2.778, -12.947, 3.690, 0.000, 20.73
1, 0, 0.000, 0.363, 0.000, 0.000, 6.948, 0.000, 0.000, 2.895, -12.141, 1.935, -0.000, 20.54
1, 0, 0.000, 0.380, 0.000, 0.000, 7.164, 0.000, 0.000, 2.994, -11.444, 0.906, -0.000, 20.45
1, 0, 0.000, 0.375, 0.000, 0.000, 6.824, 0.000, 0.000, 3.083, -10.251, -0.030, -0.000, 20.45
1, 0, 0.000, 0.371, 0.000, 0.000, 6.494, 0.000, 0.000, 3.163, -9.692, -0.337, 0.000, 20.48
1, 0, 0.000, 0.370, 0.000, 0.000, 5.778, 0.000, 0.000, 3.237, -8.058, -1.327, 0.000, 20.61
1, 0, 0.000, 0.341, 0.000, 0.000, 4.947, 0.000, 0.000, 3.306, -7.047, -1.547, -0.000, 20.77
0, 0, 0.000, 0.207, 0.000, 0.000, 2.867, 0.000, 0.000, 0.872, -0.515, -3.431, -0.000, 21.11
0, 0, 0.000, 0.156, 0.000, 0.000, 1.846, 0.000, 0.000, 0.778, -0.440, -2.340, 0.000, 21.35
0, 0, 0.000, 0.118, 0.000, 0.000, 1.265, 0.000, 0.000, 0.711, -0.406, -1.688, 0.000, 21.52
0, 0, 0.000, 0.084, 0.000, 0.000, 0.857, 0.000, 0.000, 0.659, -0.369, -1.231, 0.000, 21.64
0, 0, 0.000, 0.052, 0.000, 0.000, 0.537, 0.000, 0.000, 0.615, -0.330, -0.874, -0.000, 21.73
0, 0, 0.000, 0.030, 0.000, 0.000, 0.334, 0.000, 0.000, 0.577, -0.381, -0.559, 0.000, 21.78
0, 0, 0.000, 0.008, 0.000, 0.000, 0.098, 0.000, 0.000, 0.543, -0.478, -0.172, 0.000, 21.80
0, 0, 0.000, -0.011, 0.000, 0.000, -0.147, 0.000, 0.000, 0.513, -0.571, 0.217, 0.000, 21.78
0, 0, 0.000, -0.012, 0.000, 0.000, -0.171, 0.000, 0.000, 0.485, -0.664, 0.362, 0.000, 21.74
0, 0, 0.000, -0.007, 0.000, 0.000, -0.112, 0.000, 0.000, 0.459, -0.710, 0.369, -0.000, 21.70
0, 0, 0.000, -0.001, 0.000, 0.000, -0.021, 0.000, 0.000, 0.436, -0.804, 0.390, -0.000, 21.67
0, 0, 0.000, 0.005, 0.000, 0.000, 0.078, 0.000, 0.000, 0.414, -0.898, 0.402, -0.000, 21.62
0, 0, 0.000, 0.010, 0.000, 0.000, 0.177, 0.000, 0.000, 0.393, -0.994, 0.414, 0.000, 21.58
0, 0, 0.000, 0.014, 0.000, 0.000, 0.272, 0.000, 0.000, 0.374, -1.089, 0.430, -0.000, 21.54
0, 0, 0.000, 0.017, 0.000, 0.000, 0.354, 0.000, 0.000, 0.356, -1.136, 0.410, 0.000, 21.50
0, 0, 0.000, 0.020, 0.000, 0.000, 0.434, 0.000, 0.000, 0.339, -1.233, 0.440, -0.000, 21.46
1, 0, 0.000, 0.213, 0.000, 0.000, 4.952, 0.000, 0.000, 2.820, -15.376, 7.390, -0.000, 20.72
1, 0, 0.000, 0.307, 0.000, 0.000, 7.268, 0.000, 0.000, 2.959, -14.915, 4.381, -0.000, 20.28
1, 0, 0.000, 0.354, 0.000, 0.000, 7.967, 0.000, 0.000, 3.067, -12.921, 1.533, 0.000, 20.13
1, 0, 0.000, 0.369, 0.000, 0.000, 7.733, 0.000, 0.000, 3.159, -11.125, -0.135, -0.000, 20.14
1, 0, 0.000, 0.348, 0.000, 0.000, 7.215, 0.000, 0.000, 3.239, -10.553, -0.250, 0.000, 20.16
1, 0, 0.000, 0.338, 0.000, 0.000, 6.584, 0.000, 0.000, 3.312, -9.444, -0.790, 0.000, 20.24
1, 0, 0.000, 0.319, 0.000, 0.000, 5.844, 0.000, 0.000, 3.379, -8.382, -1.161, 0.000, 20.36
1, 0, 0.000, 0.293, 0.000, 0.000, 5.189, 0.000, 0.000, 3.441, -7.900, -1.024, -0.000, 20.46
0, 0, 0.000, 0.188, 0.000, 0.000, 3.121, 0.000, 0.000, 1.001, -0.635, -3.674, 0.000, 20.83
0, 0, 0.000, 0.121, 0.000, 0.000, 1.886, 0.000, 0.000, 0.902, -0.559, -2.350, -0.000, 21.06
0, 0, 0.000, 0.066, 0.000, 0.000, 1.044, 0.000, 0.000, 0.829, -0.571, -1.368, -0.000, 21.20
0, 0, 0.000, 0.043, 0.000, 0.000, 0.670, 0.000, 0.000, 0.771, -0.578, -0.907, 0.000, 21.29
0, 0, 0.000, 0.024, 0.000, 0.000, 0.378, 0.000, 0.000, 0.722, -0.583, -0.541, -0.000, 21.35
0, 0, 0.000, 0.015, 0.000, 0.000, 0.258, 0.000, 0.000, 0.679, -0.682, -0.271, -0.000, 21.37
0, 0, 0.000, 0.017, 0.000, 0.000, 0.299, 0.000, 0.000, 0.641, -0.732, -0.224, -0.000, 21.39
0, 0, 0.000, -0.000, 0.000, 0.000, -0.005, 0.000, 0.000, 0.606, -0.828, 0.227, 0.000, 21.37
0, 0, 0.000, -0.004, 0.000, 0.000, -0.070, 0.000, 0.000, 0.574, -0.874, 0.374, -0.000, 21.33
0, 0, 0.000, -0.001, 0.000, 0.000, -0.022, 0.000, 0.000, 0.544, -0.968, 0.448, -0.000, 21.29
0, 0, 0.000, 0.003, 0.000, 0.000, 0.058, 0.000, 0.000, 0.517, -1.014, 0.437, 0.000, 21.25
0, 0, 0.000, 0.007, 0.000, 0.000, 0.152, 0.000, 0.000, 0.491, -1.110, 0.461, 0.000, 21.20
0, 0, 0.000, 0.010, 0.000, 0.000, 0.238, 0.000, 0.000, 0.467, -1.157, 0.441, -0.000, 21.16
0, 0, 0.000, 0.013, 0.000, 0.000, 0.315, 0.000, 0.000, 0.444, -1.203, 0.431, 0.000, 21.11
0, 0, 0.000, 0.016, 0.000, 0.000, 0.384, 0.000, 0.000, 0.423, -1.250, 0.428, -0.000, 21.07
0, 0, 0.000, 0.017, 0.000, 0.000, 0.446, 0.000, 0.000, 0.402, -1.297, 0.431, -0.000, 21.03
1, 0, 0.000, 0.198, 0.000, 0.000, 5.207, 0.000, 0.000, 2.881, -15.553, 7.267, -0.000, 20.30
1, 1, 0.000, 0.266, 0.000, 0.000, 6.967, 0.000, 0.000, 3.017, -14.621, 3.001, -1.370, 20.00
1, 1, 0.000, 0.251, 0.000, 0.000, 6.382, 0.000, 0.000, 3.122, -13.398, 0.000, -3.643, 20.00
1, 1, 0.000, 0.248, 0.000, 0.000, 6.018, 0.000, 0.000, 3.211, -12.185, 0.000, -2.708, 20.00
1, 1, 0.000, 0.244, 0.000, 0.000, 5.707, 0.000, 0.000, 3.290, -10.981, 0.000, -1.740, 20.00
1, 1, 0.000, 0.242, 0.000, 0.000, 5.507, 0.000, 0.000, 3.361, -10.383, 0.000, -1.274, 20.00
1, 1, 0.000, 0.242, 0.000, 0.000, 5.374, 0.000, 0.000, 3.425, -9.787, 0.000, -0.746, 20.00
1, 0, 0.000, 0.254, 0.000, 0.000, 5.267, 0.000, 0.000, 3.485, -8.640, -0.366, 0.000, 20.04
0, 0, 0.000, 0.152, 0.000, 0.000, 3.063, 0.000, 0.000, 1.043, -0.695, -3.563, -0.000, 20.39
0, 0, 0.000, 0.094, 0.000, 0.000, 1.824, 0.000, 0.000, 0.941, -0.666, -2.194, 0.000, 20.61
0, 0, 0.000, 0.057, 0.000, 0.000, 1.100, 0.000, 0.000, 0.867, -0.677, -1.347, -0.000, 20.75
0, 0, 0.000, 0.039, 0.000, 0.000, 0.722, 0.000, 0.000, 0.807, -0.636, -0.933, 0.000, 20.84
0, 0, 0.000, 0.028, 0.000, 0.000, 0.523, 0.000, 0.000, 0.757, -0.642, -0.666, -0.000, 20.91
0, 0, 0.000, 0.017, 0.000, 0.000, 0.319, 0.000, 0.000, 0.712, -0.694, -0.354, 0.000, 20.94
0, 0, 0.000, 0.006, 0.000, 0.000, 0.128, 0.000, 0.000, 0.672, -0.743, -0.064, 0.000, 20.95
0, 0, 0.000, -0.004, 0.000, 0.000, -0.087, 0.000, 0.000, 0.636, -0.838, 0.293, -0.000, 20.92
0, 0, 0.000, -0.005, 0.000, 0.000, -0.106, 0.000, 0.000, 0.602, -0.933, 0.441, -0.000, 20.88
0, 0, 0.000, -0.002, 0.000, 0.000, -0.038, 0.000, 0.000, 0.571, -1.028, 0.496, 0.000, 20.83
0, 0, 0.000, 0.002, 0.000, 0.000, 0.051, 0.000, 0.000, 0.543, -1.074, 0.478, 0.000, 20.78
0, 0, 0.000, 0.006, 0.000, 0.000, 0.149, 0.000, 0.000, 0.516, -1.170, 0.499, 0.000, 20.73
0, 0, 0.000, 0.009, 0.000, 0.000, 0.248, 0.000, 0.000, 0.490, -1.267, 0.519, -0.000, 20.68
0, 0, 0.000, 0.012, 0.000, 0.000, 0.334, 0.000, 0.000, 0.467, -1.313, 0.500, -0.000, 20.63
0, 0, 0.000, 0.015, 0.000, 0.000, 0.421, 0.000, 0.000, 0.444, -1.411, 0.531, 0.000, 20.57
0, 0, 0.000, 0.017, 0.000, 0.000, 0.496, 0.000, 0.000, 0.423, -1.458, 0.522, 0.000, 20.52
1, 1, 0.000, 0.156, 0.000, 0.000, 4.739, 0.000, 0.000, 2.901, -18.350, 5.207, -5.347, 20.00
1, 1, 0.000, 0.146, 0.000, 0.000, 4.439, 0.000, 0.000, 3.035, -17.722, 0.000, -10.102, 20.00
1, 1, 0.000, 0.139, 0.000, 0.000, 4.187, 0.000, 0.000, 3.140, -17.097, 0.000, -9.631, 20.00
1, 1, 0.000, 0.139, 0.000, 0.000, 3.967, 0.000, 0.000, 3.228, -15.237, 0.000, -7.903, 20.00
1, 1, 0.000, 0.136, 0.000, 0.000, 3.765, 0.000, 0.000, 3.306, -14.009, 0.000, -6.801, 20.00
1, 1, 0.000, 0.139, 0.000, 0.000, 3.579, 0.000, 0.000, 3.376, -12.185, 0.000, -5.091, 20.00
1, 1, 0.000, 0.151, 0.000, 0.000, 3.539, 0.000, 0.000, 3.440, -10.383, 0.000, -3.253, 20.00
1, 1, 0.000, 0.172, 0.000, 0.000, 3.756, 0.000, 0.000, 3.499, -8.602, 0.000, -1.175, 20.00
0, 0, 0.000, 0.117, 0.000, 0.000, 2.386, 0.000, 0.000, 1.056, -0.638, -2.920, 0.000, 20.29
0, 0, 0.000, 0.073, 0.000, 0.000, 1.436, 0.000, 0.000, 0.954, -0.606, -1.858, 0.000, 20.48
0, 0, 0.000, 0.050, 0.000, 0.000, 0.930, 0.000, 0.000, 0.879, -0.568, -1.291, 0.000, 20.61
0, 0, 0.000, 0.026, 0.000, 0.000, 0.493, 0.000, 0.000, 0.819, -0.575, -0.763, 0.000, 20.68
0, 0, 0.000, 0.020, 0.000, 0.000, 0.388, 0.000, 0.000, 0.768, -0.628, -0.549, -0.000, 20.74
0, 0, 0.000, 0.019, 0.000, 0.000, 0.388, 0.000, 0.000, 0.723, -0.680, -0.450, 0.000, 20.78
0, 0, 0.000, 0.007, 0.000, 0.000, 0.145, 0.000, 0.000, 0.682, -0.778, -0.056, 0.000, 20.79
0, 0, 0.000, -0.007, 0.000, 0.000, -0.162, 0.000, 0.000, 0.645, -0.873, 0.397, -0.000, 20.75
0, 0, 0.000, -0.009, 0.000, 0.000, -0.199, 0.000, 0.000, 0.612, -0.918, 0.514, -0.000, 20.70
0, 0, 0.000, -0.006, 0.000, 0.000, -0.133, 0.000, 0.000, 0.580, -0.963, 0.521, -0.000, 20.65
0, 0, 0.000, -0.002, 0.000, 0.000, -0.038, 0.000, 0.000, 0.551, -1.008, 0.496, -0.000, 20.60
0, 0, 0.000, 0.002, 0.000, 0.000, 0.058, 0.000, 0.000, 0.524, -1.054, 0.470, -0.000, 20.55
0, 0, 0.000, 0.006, 0.000, 0.000, 0.145, 0.000, 0.000, 0.498, -1.100, 0.452, 0.000, 20.50
0, 0, 0.000, 0.008, 0.000, 0.000, 0.213, 0.000, 0.000, 0.474, -1.097, 0.401, 0.000, 20.46
0, 0, 0.000, 0.010, 0.000, 0.000, 0.275, 0.000, 0.000, 0.451, -1.144, 0.407, -0.000, 20.42
0, 0, 0.000, 0.012, 0.000, 0.000, 0.323, 0.000, 0.000, 0.430, -1.140, 0.376, -0.000, 20.39
1, 1, 0.000, 0.126, 0.000, 0.000, 3.436, 0.000, 0.000, 2.907, -14.009, 3.853, -3.687, 20.00
1, 1, 0.000, 0.119, 0.000, 0.000, 3.217, 0.000, 0.000, 3.041, -13.398, 0.000, -7.021, 20.00
1, 1, 0.000, 0.112, 0.000, 0.000, 3.029, 0.000, 0.000, 3.146, -13.398, 0.000, -7.111, 20.00
1, 1, 0.000, 0.113, 0.000, 0.000, 2.872, 0.000, 0.000, 3.234, -11.582, 0.000, -5.363, 20.00
1, 1, 0.000, 0.116, 0.000, 0.000, 2.726, 0.000, 0.000, 3.311, -9.787, 0.000, -3.633, 20.00
1, 1, 0.000, 0.128, 0.000, 0.000, 2.754, 0.000, 0.000, 3.381, -8.013, 0.000, -1.750, 20.00
1, 0, 0.000, 0.152, 0.000, 0.000, 2.836, 0.000, 0.000, 3.445, -5.749, -0.683, 0.000, 20.07
1, 0, 0.000, 0.137, 0.000, 0.000, 2.380, 0.000, 0.000, 3.504, -4.727, -1.294, -0.000, 20.20
0, 0, 0.000, 0.085, 0.000, 0.000, 1.397, 0.000, 0.000, 1.061, -0.361, -2.182, 0.000, 20.42
0, 0, 0.000, 0.039, 0.000, 0.000, 0.637, 0.000, 0.000, 0.958, -0.325, -1.310, 0.000, 20.55
0, 0, 0.000, 0.008, 0.000, 0.000, 0.130, 0.000, 0.000, 0.883, -0.378, -0.643, 0.000, 20.61
0, 0, 0.000, -0.004, 0.000, 0.000, -0.074, 0.000, 0.000, 0.823, -0.428, -0.317, -0.000, 20.64
0, 0, 0.000, -0.002, 0.000, 0.000, -0.035, 0.000, 0.000, 0.772, -0.431, -0.304, -0.000, 20.67
0, 0, 0.000, -0.007, 0.000, 0.000, -0.128, 0.000, 0.000, 0.726, -0.479, -0.112, -0.000, 20.68
0, 0, 0.000, -0.009, 0.000, 0.000, -0.163, 0.000, 0.000, 0.686, -0.574, 0.060, 0.000, 20.68
0, 0, 0.000, -0.016, 0.000, 0.000, -0.303, 0.000, 0.000, 0.649, -0.620, 0.291, 0.000, 20.65
0, 0, 0.000, -0.015, 0.000, 0.000, -0.295, 0.000, 0.000, 0.614, -0.714, 0.409, -0.000, 20.61
0, 0, 0.000, -0.010, 0.000, 0.000, -0.215, 0.000, 0.000, 0.583, -0.808, 0.450, -0.000, 20.56
0, 0, 0.000, -0.006, 0.000, 0.000, -0.122, 0.000, 0.000, 0.554, -0.853, 0.427, -0.000, 20.52
0, 0, 0.000, -0.001, 0.000, 0.000, -0.022, 0.000, 0.000, 0.526, -0.948, 0.445, 0.000, 20.48
0, 0, 0.000, 0.003, 0.000, 0.000, 0.077, 0.000, 0.000, 0.501, -1.044, 0.463, 0.000, 20.43
0, 0, 0.000, 0.007, 0.000, 0.000, 0.174, 0.000, 0.000, 0.476, -1.140, 0.483, -0.000, 20.38
0, 0, 0.000, 0.010, 0.000, 0.000, 0.268, 0.000, 0.000, 0.453, -1.237, 0.504, 0.000, 20.33
0, 0, 0.000, 0.013, 0.000, 0.000, 0.361, 0.000, 0.000, 0.432, -1.334, 0.528, -0.000, 20.28
1, 1, 0.000, 0.102, 0.000, 0.000, 2.835, 0.000, 0.000, 2.909, -16.474, 2.783, -7.845, 20.00
1, 1, 0.000, 0.094, 0.000, 0.000, 2.654, 0.000, 0.000, 3.043, -16.474, 0.000, -10.683, 20.00
1, 1, 0.000, 0.093, 0.000, 0.000, 2.511, 0.000, 0.000, 3.148, -14.621, 0.000, -8.870, 20.00
1, 1, 0.000, 0.091, 0.000, 0.000, 2.381, 0.000, 0.000, 3.236, -13.398, 0.000, -7.691, 20.00
1, 1, 0.000, 0.086, 0.000, 0.000, 2.257, 0.000, 0.000, 3.313, -13.398, 0.000, -7.743, 20.00
1, 1, 0.000, 0.086, 0.000, 0.000, 2.146, 0.000, 0.000, 3.383, -12.185, 0.000, -6.570, 20.00
1, 1, 0.000, 0.086, 0.000, 0.000, 2.045, 0.000, 0.000, 3.446, -10.981, 0.000, -5.404, 20.00
1, 1, 0.000, 0.081, 0.000, 0.000, 1.945, 0.000, 0.000, 3.505, -10.981, 0.000, -5.450, 20.00
0, 0, 0.000, 0.044, 0.000, 0.000, 1.057, 0.000, 0.000, 1.062, -0.918, -1.245, 0.000, 20.12
0, 0, 0.000, 0.031, 0.000, 0.000, 0.721, 0.000, 0.000, 0.960, -0.876, -0.836, -0.000, 20.21
0, 0, 0.000, 0.021, 0.000, 0.000, 0.481, 0.000, 0.000, 0.884, -0.831, -0.555, 0.000, 20.26
0, 0, 0.000, 0.013, 0.000, 0.000, 0.306, 0.000, 0.000, 0.824, -0.834, -0.310, -0.000, 20.29
0, 0, 0.000, 0.012, 0.000, 0.000, 0.261, 0.000, 0.000, 0.773, -0.836, -0.210, 0.000, 20.32
0, 0, 0.000, 0.006, 0.000, 0.000, 0.150, 0.000, 0.000, 0.727, -0.885, 0.001, -0.000, 20.32
0, 0, 0.000, -0.000, 0.000, 0.000, -0.001, 0.000, 0.000, 0.687, -0.981, 0.296, 0.000, 20.29
0, 0, 0.000, -0.002, 0.000, 0.000, -0.058, 0.000, 0.000, 0.650, -1.028, 0.439, -0.000, 20.24
0, 0, 0.000, -0.001, 0.000, 0.000, -0.019, 0.000, 0.000, 0.615, -1.073, 0.478, 0.000, 20.19
0, 0, 0.000, 0.002, 0.000, 0.000, 0.042, 0.000, 0.000, 0.584, -1.070, 0.442, -0.000, 20.15
0, 0, 0.000, 0.004, 0.000, 0.000, 0.112, 0.000, 0.000, 0.555, -1.116, 0.445, -0.000, 20.11
0, 0, 0.000, 0.007, 0.000, 0.000, 0.181, 0.000, 0.000, 0.527, -1.163, 0.448, -0.000, 20.06
0, 0, 0.000, 0.009, 0.000, 0.000, 0.237, 0.000, 0.000, 0.501, -1.159, 0.412, 0.000, 20.02
0, 0, 0.000, 0.010, 0.000, 0.000, 0.281, 0.000, 0.000, 0.477, -1.156, 0.388, 0.000, 19.98
0, 0, 0.000, 0.011, 0.000, 0.000, 0.315, 0.000, 0.000, 0.454, -1.152, 0.372, 0.000, 19.94
0, 0, 0.000, 0.012, 0.000, 0.000, 0.343, 0.000, 0.000, 0.432, -1.149, 0.362, 0.000, 19.91
1, 1, 0.000, 0.045, 0.000, 0.000, 1.292, 0.000, 0.000, 0.412, -1.157, -0.925, -0.333, 20.00
1, 0, 0.000, 0.035, 0.000, 0.000, 0.973, 0.000, 0.000, 0.393, -1.060, -0.341, 0.000, 20.03
1, 0, 0.000, 0.029, 0.000, 0.000, 0.770, 0.000, 0.000, 0.374, -0.962, -0.212, -0.000, 20.06
1, 0, 0.000, 0.025, 0.000, 0.000, 0.628, 0.000, 0.000, 0.357, -0.864, -0.145, -0.000, 20.07
1, 0, 0.000, 0.022, 0.000, 0.000, 0.532, 0.000, 0.000, 0.340, -0.767, -0.128, -0.000, 20.08
1, 0, 0.000, 0.021, 0.000, 0.000, 0.479, 0.000, 0.000, 0.324, -0.670, -0.154, 0.000, 20.10
1, 0, 0.000, 0.021, 0.000, 0.000, 0.441, 0.000, 0.000, 0.309, -0.575, -0.196, 0.000, 20.12
1, 0, 0.000, 0.023, 0.000, 0.000, 0.456, 0.000, 0.000, 0.295, -0.529, -0.245, 0.000, 20.14
0, 0, 0.000, 0.018, 0.000, 0.000, 0.358, 0.000, 0.000, 0.282, -0.530, -0.127, 0.000, 20.15
0, 0, 0.000, 0.017, 0.000, 0.000, 0.326, 0.000, 0.000, 0.269, -0.483, -0.128, 0.000, 20.17
0, 0, 0.000, 0.026, 0.000, 0.000, 0.459, 0.000, 0.000, 0.256, -0.438, -0.303, -0.000, 20.20
0, 0, 0.000, 0.028, 0.000, 0.000, 0.487, 0.000, 0.000, 0.244, -0.441, -0.319, 0.000, 20.23
0, 0, 0.000, 0.024, 0.000, 0.000, 0.430, 0.000, 0.000, 0.233, -0.443, -0.244, 0.000, 20.25
0, 0, 0.000, 0.017, 0.000, 0.000, 0.304, 0.000, 0.000, 0.222, -0.491, -0.052, -0.000, 20.26
0, 0, 0.000, 0.012, 0.000, 0.000, 0.230, 0.000, 0.000, 0.212, -0.538, 0.084, -0.000, 20.25
0, 0, 0.000, 0.003, 0.000, 0.000, 0.056, 0.000, 0.000, 0.202, -0.632, 0.370, -0.000, 20.21
0, 0, 0.000, 0.002, 0.000, 0.000, 0.042, 0.000, 0.000, 0.193, -0.676, 0.439, -0.000, 20.17
0, 0, 0.000, 0.005, 0.000, 0.000, 0.103, 0.000, 0.000, 0.184, -0.770, 0.478, 0.000, 20.12
0, 0, 0.000, 0.008, 0.000, 0.000, 0.180, 0.000, 0.000, 0.176, -0.815, 0.451, -0.000, 20.08
0, 0, 0.000, 0.011, 0.000, 0.000, 0.255, 0.000, 0.000, 0.168, -0.861, 0.427, -0.000, 20.03
0, 0, 0.000, 0.014, 0.000, 0.000, 0.321, 0.000, 0.000, 0.160, -0.907, 0.412, -0.000, 19.99
0, 0, 0.000, 0.016, 0.000, 0.000, 0.380, 0.000, 0.000, 0.152, -0.953, 0.404, -0.000, 19.95
0, 0, 0.000, 0.018, 0.000, 0.000, 0.433, 0.000, 0.000, 0.145, -0.999, 0.403, -0.000, 19.91
0, 0, 0.000, 0.019, 0.000, 0.000, 0.491, 0.000, 0.000, 0.139, -1.095, 0.447, 0.000, 19.87
1, 1, 0.000, 0.028, 0.000, 0.000, 0.731, 0.000, 0.000, 2.630, -14.009, -1.321, -11.940, 20.00
1, 1, 0.000, 0.027, 0.000, 0.000, 0.710, 0.000, 0.000, 2.778, -13.398, 0.000, -9.884, 20.00
1, 1, 0.000, 0.027, 0.000, 0.000, 0.685, 0.000, 0.000, 2.895, -12.791, 0.000, -9.184, 20.00
1, 1, 0.000, 0.025, 0.000, 0.000, 0.655, 0.000, 0.000, 2.994, -12.791, 0.000, -9.115, 20.00
1, 1, 0.000, 0.027, 0.000, 0.000, 0.638, 0.000, 0.000, 3.083, -10.981, 0.000, -7.234, 20.00
1, 1, 0.000, 0.027, 0.000, 0.000, 0.617, 0.000, 0.000, 3.163, -9.787, 0.000, -5.979, 20.00
1, 1, 0.000, 0.027, 0.000, 0.000, 0.593, 0.000, 0.000, 3.237, -9.193, 0.000, -5.336, 20.00
1, 1, 0.000, 0.026, 0.000, 0.000, 0.570, 0.000, 0.000, 3.306, -8.602, 0.000, -4.700, 20.00
0, 0, 0.000, 0.017, 0.000, 0.000, 0.358, 0.000, 0.000, 0.872, -0.667, -0.580, 0.000, 20.06
0, 0, 0.000, 0.008, 0.000, 0.000, 0.170, 0.000, 0.000, 0.778, -0.669, -0.287, -0.000, 20.09
0, 0, 0.000, 0.004, 0.000, 0.000, 0.073, 0.000, 0.000, 0.711, -0.622, -0.166, -0.000, 20.10
0, 0, 0.000, -0.001, 0.000, 0.000, -0.028, 0.000, 0.000, 0.659, -0.670, 0.040, -0.000, 20.10
0, 0, 0.000, 0.001, 0.000, 0.000, 0.018, 0.000, 0.000, 0.615, -0.670, 0.036, -0.000, 20.10
0, 0, 0.000, 0.006, 0.000, 0.000, 0.117, 0.000, 0.000, 0.577, -0.670, -0.029, 0.000, 20.10
0, 0, 0.000, 0.009, 0.000, 0.000, 0.195, 0.000, 0.000, 0.543, -0.719, -0.028, -0.000, 20.10
0, 0, 0.000, -0.002, 0.000, 0.000, -0.037, 0.000, 0.000, 0.513, -0.766, 0.291, -0.000, 20.07
0, 0, 0.000, -0.004, 0.000, 0.000, -0.090, 0.000, 0.000, 0.485, -0.762, 0.372, -0.000, 20.03
0, 0, 0.000, -0.003, 0.000, 0.000, -0.057, 0.000, 0.000, 0.459, -0.808, 0.409, 0.000, 19.99
0, 0, 0.000, -0.000, 0.000, 0.000, -0.005, 0.000, 0.000, 0.436, -0.805, 0.374, -0.000, 19.96
0, 0, 0.000, 0.002, 0.000, 0.000, 0.046, 0.000, 0.000, 0.414, -0.802, 0.340, 0.000, 19.92
0, 0, 0.000, 0.004, 0.000, 0.000, 0.090, 0.000, 0.000, 0.393, -0.799, 0.313, -0.000, 19.89
0, 0, 0.000, 0.005, 0.000, 0.000, 0.125, 0.000, 0.000, 0.374, -0.797, 0.293, 0.000, 19.86
0, 0, 0.000, 0.007, 0.000, 0.000, 0.153, 0.000, 0.000, 0.356, -0.794, 0.279, 0.000, 19.83
0, 0, 0.000, 0.008, 0.000, 0.000, 0.176, 0.000, 0.000, 0.339, -0.792, 0.270, 0.000, 19.81
1, 1, 0.000, 0.006, 0.000, 0.000, 0.139, 0.000, 0.000, 2.820, -9.193, -1.927, -8.155, 20.00
1, 1, 0.000, 0.007, 0.000, 0.000, 0.152, 0.000, 0.000, 2.959, -9.193, 0.000, -6.076, 20.00
1, 1, 0.000, 0.008, 0.000, 0.000, 0.169, 0.000, 0.000, 3.067, -7.426, 0.000, -4.182, 20.00
1, 1, 0.000, 0.013, 0.000, 0.000, 0.241, 0.000, 0.000, 3.159, -5.101, 0.000, -1.689, 20.00
1, 1, 0.000, 0.018, 0.000, 0.000, 0.310, 0.000, 0.000, 3.239, -3.952, 0.000, -0.385, 20.00
1, 1, 0.000, 0.023, 0.000, 0.000, 0.381, 0.000, 0.000, 3.312, -3.952, 0.000, -0.236, 20.00
1, 1, 0.000, 0.024, 0.000, 0.000, 0.408, 0.000, 0.000, 3.379, -3.952, 0.000, -0.141, 20.00
1, 1, 0.000, 0.029, 0.000, 0.000, 0.472, 0.000, 0.000, 3.441, -3.952, 0.000, -0.010, 20.00
0, 0, 0.000, 0.009, 0.000, 0.000, 0.138, 0.000, 0.000, 1.001, -0.240, -0.908, 0.000, 20.09
0, 0, 0.000, 0.001, 0.000, 0.000, 0.017, 0.000, 0.000, 0.902, -0.199, -0.721, -0.000, 20.16
0, 0, 0.000, -0.002, 0.000, 0.000, -0.023, 0.000, 0.000, 0.829, -0.158, -0.646, 0.000, 20.23
0, 0, 0.000, 0.004, 0.000, 0.000, 0.046, 0.000, 0.000, 0.771, -0.071, -0.750, 0.000, 20.30
0, 0, 0.000, 0.007, 0.000, 0.000, 0.069, 0.000, 0.000, 0.722, -0.031, -0.767, 0.000, 20.38
0, 0, 0.000, -0.008, 0.000, 0.000, -0.084, 0.000, 0.000, 0.679, -0.082, -0.506, -0.000, 20.43
0, 0, 0.000, -0.033, 0.000, 0.000, -0.385, 0.000, 0.000, 0.641, -0.129, -0.094, -0.000, 20.44
0, 0, 0.000, -0.048, 0.000, 0.000, -0.598, 0.000, 0.000, 0.606, -0.220, 0.261, -0.000, 20.41
0, 0, 0.000, -0.045, 0.000, 0.000, -0.599, 0.000, 0.000, 0.574, -0.311, 0.382, -0.000, 20.37
0, 0, 0.000, -0.037, 0.000, 0.000, -0.515, 0.000, 0.000, 0.544, -0.402, 0.409, -0.000, 20.33
0, 0, 0.000, -0.028, 0.000, 0.000, -0.412, 0.000, 0.000, 0.517, -0.446, 0.370, 0.000, 20.30
0, 0, 0.000, -0.020, 0.000, 0.000, -0.305, 0.000, 0.000, 0.491, -0.539, 0.373, -0.000, 20.26
0, 0, 0.000, -0.012, 0.000, 0.000, -0.202, 0.000, 0.000, 0.467, -0.632, 0.380, 0.000, 20.22
0, 0, 0.000, -0.006, 0.000, 0.000, -0.103, 0.000, 0.000, 0.444, -0.726, 0.390, 0.000, 20.18
0, 0, 0.000, -0.000, 0.000, 0.000, -0.007, 0.000, 0.000, 0.423, -0.821, 0.406, -0.000, 20.14
0, 0, 0.000, 0.004, 0.000, 0.000, 0.084, 0.000, 0.000, 0.402, -0.916, 0.425, 0.000, 20.10
1, 1, 0.000, 0.046, 0.000, 0.000, 0.969, 0.000, 0.000, 2.881, -12.185, 0.996, -7.293, 20.00
1, 1, 0.000, 0.044, 0.000, 0.000, 0.909, 0.000, 0.000, 3.017, -10.981, 0.000, -7.012, 20.00
1, 1, 0.000, 0.044, 0.000, 0.000, 0.860, 0.000, 0.000, 3.122, -9.787, 0.000, -5.761, 20.00
1, 1, 0.000, 0.042, 0.000, 0.000, 0.813, 0.000, 0.000, 3.211, -9.193, 0.000, -5.126, 20.00
1, 1, 0.000, 0.059, 0.000, 0.000, 0.976, 0.000, 0.000, 3.290, -6.841, 0.000, -2.516, 20.00
1, 1, 0.000, 0.106, 0.000, 0.000, 1.551, 0.000, 0.000, 3.361, -5.101, 0.000, -0.083, 20.00
1, 0, 0.000, 0.105, 0.000, 0.000, 1.407, 0.000, 0.000, 3.425, -4.043, -0.894, -0.000, 20.09
1, 0, 0.000, 0.079, 0.000, 0.000, 1.015, 0.000, 0.000, 3.485, -3.574, -1.004, 0.000, 20.19
0, 0, 0.000, 0.033, 0.000, 0.000, 0.423, 0.000, 0.000, 1.043, -0.305, -1.193, 0.000, 20.31
0, 0, 0.000, 0.006, 0.000, 0.000, 0.081, 0.000, 0.000, 0.941, -0.311, -0.718, -0.000, 20.38
0, 0, 0.000, -0.005, 0.000, 0.000, -0.058, 0.000, 0.000, 0.867, -0.315, -0.489, 0.000, 20.43
0, 0, 0.000, -0.011, 0.000, 0.000, -0.133, 0.000, 0.000, 0.807, -0.318, -0.346, -0.000, 20.46
0, 0, 0.000, -0.012, 0.000, 0.000, -0.154, 0.000, 0.000, 0.757, -0.367, -0.224, 0.000, 20.49
0, 0, 0.000, -0.010, 0.000, 0.000, -0.137, 0.000, 0.000, 0.712, -0.416, -0.149, 0.000, 20.50
0, 0, 0.000, -0.011, 0.000, 0.000, -0.167, 0.000, 0.000, 0.672, -0.511, 0.018, -0.000, 20.50
0, 0, 0.000, -0.022, 0.000, 0.000, -0.335, 0.000, 0.000, 0.636, -0.557, 0.278, -0.000, 20.47
0, 0, 0.000, -0.021, 0.000, 0.000, -0.340, 0.000, 0.000, 0.602, -0.602, 0.361, 0.000, 20.44
0, 0, 0.000, -0.016, 0.000, 0.000, -0.268, 0.000, 0.000, 0.571, -0.696, 0.408, 0.000, 20.40
0, 0, 0.000, -0.010, 0.000, 0.000, -0.178, 0.000, 0.000, 0.543, -0.741, 0.387, -0.000, 20.36
0, 0, 0.000, -0.004, 0.000, 0.000, -0.082, 0.000, 0.000, 0.516, -0.836, 0.406, 0.000, 20.32
0, 0, 0.000, -0.000, 0.000, 0.000, -0.003, 0.000, 0.000, 0.490, -0.833, 0.346, 0.000, 20.28
0, 0, 0.000, 0.003, 0.000, 0.000, 0.057, 0.000, 0.000, 0.467, -0.830, 0.303, 0.000, 20.25
0, 0, 0.000, 0.006, 0.000, 0.000, 0.113, 0.000, 0.000, 0.444, -0.877, 0.313, 0.000, 20.22
0, 0, 0.000, 0.008, 0.000, 0.000, 0.157, 0.000, 0.000, 0.423, -0.874, 0.286, -0.000, 20.19
1, 1, 0.000, 0.075, 0.000, 0.000, 1.545, 0.000, 0.000, 2.901, -10.383, 1.910, -3.951, 20.00
1, 1, 0.000, 0.071, 0.000, 0.000, 1.443, 0.000, 0.000, 3.035, -9.787, 0.000, -5.237, 20.00
1, 1, 0.000, 0.069, 0.000, 0.000, 1.358, 0.000, 0.000, 3.140, -9.193, 0.000, -4.626, 20.00
1, 1, 0.000, 0.067, 0.000, 0.000, 1.284, 0.000, 0.000, 3.228, -8.602, 0.000, -4.022, 20.00
1, 1, 0.000, 0.074, 0.000, 0.000, 1.300, 0.000, 0.000, 3.306, -6.841, 0.000, -2.161, 20.00
1, 1, 0.000, 0.093, 0.000, 0.000, 1.511, 0.000, 0.000, 3.376, -5.679, 0.000, -0.699, 20.00
1, 0, 0.000, 0.106, 0.000, 0.000, 1.668, 0.000, 0.000, 3.440, -5.112, -0.103, 0.000, 20.01
1, 0, 0.000, 0.096, 0.000, 0.000, 1.372, 0.000, 0.000, 3.499, -4.056, -0.912, 0.000, 20.10
0, 0, 0.000, 0.059, 0.000, 0.000, 0.778, 0.000, 0.000, 1.056, -0.301, -1.592, -0.000, 20.26
0, 0, 0.000, 0.024, 0.000, 0.000, 0.308, 0.000, 0.000, 0.954, -0.263, -1.023, -0.000, 20.36
0, 0, 0.000, 0.002, 0.000, 0.000, 0.021, 0.000, 0.000, 0.879, -0.268, -0.633, -0.000, 20.43
0, 0, 0.000, -0.004, 0.000, 0.000, -0.051, 0.000, 0.000, 0.819, -0.226, -0.539, 0.000, 20.48
0, 0, 0.000, -0.008, 0.000, 0.000, -0.098, 0.000, 0.000, 0.768, -0.229, -0.433, -0.000, 20.52
0, 0, 0.000, -0.022, 0.000, 0.000, -0.272, 0.000, 0.000, 0.723, -0.277, -0.151, -0.000, 20.54
0, 0, 0.000, -0.033, 0.000, 0.000, -0.429, 0.000, 0.000, 0.682, -0.324, 0.103, 0.000, 20.53
0, 0, 0.000, -0.034, 0.000, 0.000, -0.471, 0.000, 0.000, 0.645, -0.416, 0.276, 0.000, 20.50
0, 0, 0.000, -0.027, 0.000, 0.000, -0.415, 0.000, 0.000, 0.612, -0.556, 0.387, -0.000, 20.46
0, 0, 0.000, -0.019, 0.000, 0.000, -0.317, 0.000, 0.000, 0.580, -0.649, 0.406, 0.000, 20.42
0, 0, 0.000, -0.012, 0.000, 0.000, -0.210, 0.000, 0.000, 0.551, -0.743, 0.414, -0.000, 20.38
0, 0, 0.000, -0.006, 0.000, 0.000, -0.103, 0.000, 0.000, 0.524, -0.837, 0.422, -0.000, 20.34
0, 0, 0.000, 0.000, 0.000, 0.000, 0.000, 0.000, 0.000, 0.498, -0.933, 0.434, 0.000, 20.29
0, 0, 0.000, 0.005, 0.000, 0.000, 0.109, 0.000, 0.000, 0.474, -1.078, 0.490, -0.000, 20.25
0, 0, 0.000, 0.009, 0.000, 0.000, 0.212, 0.000, 0.000, 0.451, -1.174, 0.502, -0.000, 20.20
0, 0, 0.000, 0.013, 0.000, 0.000, 0.321, 0.000, 0.000, 0.430, -1.322, 0.558, -0.000, 20.14
1, 1, 0.000, 0.066, 0.000, 0.000, 1.717, 0.000, 0.000, 2.907, -17.097, 1.395, -11.013, 20.00
1, 1, 0.000, 0.062, 0.000, 0.000, 1.611, 0.000, 0.000, 3.041, -16.474, 0.000, -11.760, 20.00
1, 1, 0.000, 0.074, 0.000, 0.000, 1.787, 0.000, 0.000, 3.146, -14.009, 0.000, -9.002, 20.00
1, 1, 0.000, 0.090, 0.000, 0.000, 1.973, 0.000, 0.000, 3.234, -11.582, 0.000, -6.284, 20.00
1, 1, 0.000, 0.100, 0.000, 0.000, 1.943, 0.000, 0.000, 3.311, -9.193, 0.000, -3.839, 20.00
1, 1, 0.000, 0.143, 0.000, 0.000, 2.389, 0.000, 0.000, 3.381, -6.841, 0.000, -0.928, 20.00
1, 0, 0.000, 0.163, 0.000, 0.000, 2.259, 0.000, 0.000, 3.445, -4.650, -1.216, 0.000, 20.12
1, 0, 0.000, 0.134, 0.000, 0.000, 1.558, 0.000, 0.000, 3.504, -3.143, -2.053, 0.000, 20.33
0, 0, 0.000, 0.118, 0.000, 0.000, 1.180, 0.000, 0.000, 1.061, -0.184, -2.174, 0.000, 20.54
0, 0, 0.000, 0.068, 0.000, 0.000, 0.618, 0.000, 0.000, 0.958, -0.150, -1.495, 0.000, 20.69
0, 0, 0.000, 0.031, 0.000, 0.000, 0.262, 0.000, 0.000, 0.883, -0.113, -1.064, 0.000, 20.80
0, 0, 0.000, 0.005, 0.000, 0.000, 0.040, 0.000, 0.000, 0.823, -0.119, -0.749, 0.000, 20.88
0, 0, 0.000, 0.003, 0.000, 0.000, 0.023, 0.000, 0.000, 0.772, -0.170, -0.627, 0.000, 20.94
0, 0, 0.000, 0.002, 0.000, 0.000, 0.027, 0.000, 0.000, 0.726, -0.314, -0.441, 0.000, 20.98
0, 0, 0.000, 0.003, 0.000, 0.000, 0.044, 0.000, 0.000, 0.686, -0.459, -0.274, -0.000, 21.01
0, 0, 0.000, -0.029, 0.000, 0.000, -0.404, 0.000, 0.000, 0.649, -0.552, 0.336, -0.000, 20.98
0, 0, 0.000, -0.031, 0.000, 0.000, -0.473, 0.000, 0.000, 0.614, -0.643, 0.533, 0.000, 20.92
0, 0, 0.000, -0.024, 0.000, 0.000, -0.386, 0.000, 0.000, 0.583, -0.736, 0.562, -0.000, 20.87
0, 0, 0.000, -0.015, 0.000, 0.000, -0.259, 0.000, 0.000, 0.554, -0.780, 0.501, -0.000, 20.82
0, 0, 0.000, -0.007, 0.000, 0.000, -0.127, 0.000, 0.000, 0.526, -0.874, 0.482, -0.000, 20.77
0, 0, 0.000, -0.001, 0.000, 0.000, -0.010, 0.000, 0.000, 0.501, -0.920, 0.430, -0.000, 20.73
0, 0, 0.000, 0.005, 0.000, 0.000, 0.090, 0.000, 0.000, 0.476, -0.966, 0.395, 0.000, 20.69
0, 0, 0.000, 0.009, 0.000, 0.000, 0.175, 0.000, 0.000, 0.453, -1.013, 0.375, -0.000, 20.65
0, 0, 0.000, 0.012, 0.000, 0.000, 0.249, 0.000, 0.000, 0.432, -1.059, 0.367, 0.000, 20.61
1, 0, 0.000, 0.173, 0.000, 0.000, 3.844, 0.000, 0.000, 2.909, -12.814, 5.887, -0.000, 20.02
1, 1, 0.000, 0.152, 0.000, 0.000, 3.279, 0.000, 0.000, 3.043, -11.582, 0.225, -4.882, 20.00
1, 1, 0.000, 0.175, 0.000, 0.000, 3.501, 0.000, 0.000, 3.148, -9.787, 0.000, -2.963, 20.00
1, 0, 0.000, 0.226, 0.000, 0.000, 4.005, 0.000, 0.000, 3.236, -7.430, -0.037, 0.000, 20.00
1, 0, 0.000, 0.229, 0.000, 0.000, 3.399, 0.000, 0.000, 3.313, -5.275, -1.666, 0.000, 20.17
1, 0, 0.000, 0.187, 0.000, 0.000, 2.236, 0.000, 0.000, 3.383, -3.244, -2.561, 0.000, 20.43
1, 0, 0.000, 0.099, 0.000, 0.000, 0.905, 0.000, 0.000, 3.446, -1.303, -3.148, -0.000, 20.74
1, 0, 0.000, -0.046, 0.000, 0.000, -0.311, 0.000, 0.000, 3.505, 0.050, -3.198, -0.000, 21.06
0, 0, 0.000, 0.017, 0.000, 0.000, 0.082, 0.000, 0.000, 1.062, 0.085, -1.246, -0.000, 21.19
0, 0, 0.000, -0.013, 0.000, 0.000, -0.043, 0.000, 0.000, 0.960, 0.167, -1.071, 0.000, 21.29
0, 0, 0.000, -0.057, 0.000, 0.000, -0.149, 0.000, 0.000, 0.884, 0.205, -0.884, -0.000, 21.38
0, 0, 0.000, -0.094, 0.000, 0.000, -0.223, 0.000, 0.000, 0.824, 0.199, -0.706, 0.000, 21.45
0, 0, 0.000, -0.065, 0.000, 0.000, -0.187, 0.000, 0.000, 0.773, 0.149, -0.669, -0.000, 21.52
0, 0, 0.000, -0.048, 0.000, 0.000, -0.225, 0.000, 0.000, 0.727, 0.008, -0.463, 0.000, 21.56
0, 0, 0.000, -0.035, 0.000, 0.000, -0.222, 0.000, 0.000, 0.687, -0.132, -0.298, 0.000, 21.59
0, 0, 0.000, -0.082, 0.000, 0.000, -0.591, 0.000, 0.000, 0.650, -0.177, 0.200, -0.000, 21.57
0, 0, 0.000, -0.084, 0.000, 0.000, -0.653, 0.000, 0.000, 0.615, -0.221, 0.342, 0.000, 21.54
0, 0, 0.000, -0.071, 0.000, 0.000, -0.585, 0.000, 0.000, 0.584, -0.264, 0.337, -0.000, 21.51
0, 0, 0.000, -0.055, 0.000, 0.000, -0.482, 0.000, 0.000, 0.555, -0.309, 0.292, -0.000, 21.48
0, 0, 0.000, -0.038, 0.000, 0.000, -0.371, 0.000, 0.000, 0.527, -0.401, 0.283, -0.000, 21.45
0, 0, 0.000, -0.028, 0.000, 0.000, -0.277, 0.000, 0.000, 0.501, -0.399, 0.203, -0.000, 21.43
0, 0, 0.000, -0.020, 0.000, 0.000, -0.204, 0.000, 0.000, 0.477, -0.398, 0.145, 0.000, 21.41
0, 0, 0.000, -0.015, 0.000, 0.000, -0.147, 0.000, 0.000, 0.454, -0.397, 0.105, -0.000, 21.40
0, 0, 0.000, -0.010, 0.000, 0.000, -0.104, 0.000, 0.000, 0.432, -0.396, 0.078, -0.000, 21.40
1, 0, 0.000, -0.007, 0.000, 0.000, -0.071, 0.000, 0.000, 0.412, -0.396, 0.061, -0.000, 21.39
1, 0, 0.000, -0.002, 0.000, 0.000, -0.014, 0.000, 0.000, 0.393, -0.302, -0.075, -0.000, 21.40
1, 0, 0.000, 0.030, 0.000, 0.000, 0.230, 0.000, 0.000, 0.374, -0.166, -0.468, 0.000, 21.44
1, 0, 0.000, 0.069, 0.000, 0.000, 0.376, 0.000, 0.000, 0.357, -0.034, -0.768, -0.000, 21.52
1, 0, 0.000, 0.112, 0.000, 0.000, 0.319, 0.000, 0.000, 0.340, 0.141, -0.912, -0.000, 21.61
1, 0, 0.000, 0.252, 0.000, 0.000, 0.144, 0.000, 0.000, 0.324, 0.268, -0.988, 0.000, 21.71
1, 0, 0.000, 0.172, 0.000, 0.000, 0.227, 0.000, 0.000, 0.309, 0.349, -1.057, 0.000, 21.82
1, 0, 0.000, 0.079, 0.000, 0.000, 0.296, 0.000, 0.000, 0.295, 0.472, -1.141, -0.000, 21.93
0, 0, 0.000, 0.057, 0.000, 0.000, 0.284, 0.000, 0.000, 0.282, 0.550, -1.173, 0.000, 22.05
0, 0, 0.000, 0.024, 0.000, 0.000, 0.130, 0.000, 0.000, 0.269, 0.542, -0.965, -0.000, 22.14
0, 0, 0.000, 0.002, 0.000, 0.000, 0.014, 0.000, 0.000, 0.256, 0.579, -0.852, 0.000, 22.23
0, 0, 0.000, -0.004, 0.000, 0.000, -0.032, 0.000, 0.000, 0.244, 0.573, -0.780, 0.000, 22.31
0, 0, 0.000, -0.001, 0.000, 0.000, -0.006, 0.000, 0.000, 0.233, 0.523, -0.750, -0.000, 22.38
0, 0, 0.000, 0.001, 0.000, 0.000, 0.007, 0.000, 0.000, 0.222, 0.474, -0.705, 0.000, 22.45
0, 0, 0.000, -0.007, 0.000, 0.000, -0.036, 0.000, 0.000, 0.212, 0.381, -0.550, 0.000, 22.51
0, 0, 0.000, -0.096, 0.000, 0.000, -0.360, 0.000, 0.000, 0.202, 0.248, 0.006, 0.000, 22.51
0, 0, 0.000, -0.139, 0.000, 0.000, -0.392, 0.000, 0.000, 0.193, 0.160, 0.178, 0.000, 22.49
0, 0, 0.000, -0.182, 0.000, 0.000, -0.272, 0.000, 0.000, 0.184, 0.026, 0.245, -0.000, 22.47
0, 0, 0.000, -0.228, 0.000, 0.000, -0.108, 0.000, 0.000, 0.176, -0.064, 0.224, -0.000, 22.44
0, 0, 0.000, -0.102, 0.000, 0.000, -0.103, 0.000, 0.000, 0.168, -0.200, 0.238, -0.000, 22.42
0, 0, 0.000, -0.026, 0.000, 0.000, -0.057, 0.000, 0.000, 0.160, -0.292, 0.215, -0.000, 22.40
0, 0, 0.000, 0.007, 0.000, 0.000, 0.028, 0.000, 0.000, 0.152, -0.431, 0.244, 0.000, 22.37
0, 0, 0.000, 0.023, 0.000, 0.000, 0.118, 0.000, 0.000, 0.145, -0.524, 0.237, -0.000, 22.35
0, 0, 0.000, 0.032, 0.000, 0.000, 0.205, 0.000, 0.000, 0.139, -0.617, 0.242, 0.000, 22.33
1, 0, 0.000, 0.274, 0.000, 0.000, 2.243, 0.000, 0.000, 2.630, -8.848, 3.701, -0.000, 21.96
1, 0, 0.000, 0.376, 0.000, 0.000, 2.935, 0.000, 0.000, 2.778, -7.531, 1.442, 0.000, 21.81
1, 0, 0.000, 0.434, 0.000, 0.000, 3.048, 0.000, 0.000, 2.895, -6.371, -0.006, 0.000, 21.81
1, 0, 0.000, 0.510, 0.000, 0.000, 2.406, 0.000, 0.000, 2.994, -4.245, -1.665, 0.000, 21.98
1, 0, 0.000, 0.554, 0.000, 0.000, 0.954, 0.000, 0.000, 3.083, -1.712, -2.879, -0.000, 22.27
1, 0, 0.000, -0.067, 0.000, 0.000, -0.058, 0.000, 0.000, 3.163, 0.188, -3.226, 0.000, 22.59
1, 0, 0.000, -0.436, 0.000, 0.000, -1.386, 0.000, 0.000, 3.237, 1.541, -2.956, -0.000, 22.88
1, 0, 0.000, -0.567, 0.000, 0.000, -3.010, 0.000, 0.000, 3.306, 2.910, -2.640, -0.000, 23.15
0, 0, 0.000, -0.184, 0.000, 0.000, -1.261, 0.000, 0.000, 0.872, 0.331, 0.242, -0.000, 23.12
0, 0, 0.000, -0.079, 0.000, 0.000, -0.651, 0.000, 0.000, 0.778, 0.416, -0.464, 0.000, 23.17
0, 0, 0.000, -0.047, 0.000, 0.000, -0.407, 0.000, 0.000, 0.711, 0.411, -0.668, 0.000, 23.24
0, 0, 0.000, -0.039, 0.000, 0.000, -0.348, 0.000, 0.000, 0.659, 0.405, -0.677, -0.000, 23.31
0, 0, 0.000, -0.030, 0.000, 0.000, -0.250, 0.000, 0.000, 0.615, 0.355, -0.690, -0.000, 23.37
0, 0, 0.000, -0.014, 0.000, 0.000, -0.097, 0.000, 0.000, 0.577, 0.261, -0.727, 0.000, 23.45
0, 0, 0.000, -0.001, 0.000, 0.000, -0.007, 0.000, 0.000, 0.543, 0.121, -0.657, 0.000, 23.51
0, 0, 0.000, -0.120, 0.000, 0.000, -0.452, 0.000, 0.000, 0.513, 0.031, 0.029, 0.000, 23.51
0, 0, 0.000, -0.207, 0.000, 0.000, -0.470, 0.000, 0.000, 0.485, -0.103, 0.295, 0.000, 23.48
0, 0, 0.000, -0.339, 0.000, 0.000, -0.247, 0.000, 0.000, 0.459, -0.239, 0.365, 0.000, 23.44
0, 0, 0.000, -0.227, 0.000, 0.000, -0.203, 0.000, 0.000, 0.436, -0.376, 0.370, -0.000, 23.41
0, 0, 0.000, -0.073, 0.000, 0.000, -0.190, 0.000, 0.000, 0.414, -0.514, 0.363, -0.000, 23.37
0, 0, 0.000, -0.022, 0.000, 0.000, -0.088, 0.000, 0.000, 0.393, -0.607, 0.324, 0.000, 23.34
0, 0, 0.000, 0.004, 0.000, 0.000, 0.020, 0.000, 0.000, 0.374, -0.700, 0.302, -0.000, 23.31
0, 0, 0.000, 0.019, 0.000, 0.000, 0.134, 0.000, 0.000, 0.356, -0.843, 0.334, 0.000, 23.27
0, 0, 0.000, 0.028, 0.000, 0.000, 0.241, 0.000, 0.000, 0.339, -0.938, 0.331, 0.000, 23.24
1, 0, 0.000, 0.334, 0.000, 0.000, 3.544, 0.000, 0.000, 2.820, -12.540, 5.842, 0.000, 22.66
1, 0, 0.000, 0.475, 0.000, 0.000, 4.909, 0.000, 0.000, 2.959, -11.063, 2.722, 0.000, 22.38
1, 0, 0.000, 0.582, 0.000, 0.000, 5.318, 0.000, 0.000, 3.067, -9.259, 0.291, 0.000, 22.36
1, 0, 0.000, 0.674, 0.000, 0.000, 4.354, 0.000, 0.000, 3.159, -6.516, -1.670, -0.000, 22.52
1, 0, 0.000, 0.723, 0.000, 0.000, 2.825, 0.000, 0.000, 3.239, -4.460, -2.327, -0.000, 22.76
1, 0, 0.000, 0.703, 0.000, 0.000, 1.316, 0.000, 0.000, 3.312, -2.997, -2.333, -0.000, 22.99
1, 0, 0.000, 0.128, 0.000, 0.000, 0.073, 0.000, 0.000, 3.379, -1.018, -2.562, 0.000, 23.24
1, 0, 0.000, -0.403, 0.000, 0.000, -0.877, 0.000, 0.000, 3.441, -0.115, -2.046, 0.000, 23.45
0, 0, 0.000, 0.002, 0.000, 0.000, 0.006, 0.000, 0.000, 1.001, 0.072, -1.082, 0.000, 23.56
0, 0, 0.000, 0.043, 0.000, 0.000, 0.182, 0.000, 0.000, 0.902, 0.107, -1.234, -0.000, 23.68
0, 0, 0.000, 0.031, 0.000, 0.000, 0.156, 0.000, 0.000, 0.829, 0.143, -1.159, -0.000, 23.80
0, 0, 0.000, 0.011, 0.000, 0.000, 0.058, 0.000, 0.000, 0.771, 0.135, -0.976, 0.000, 23.89
0, 0, 0.000, -0.008, 0.000, 0.000, -0.032, 0.000, 0.000, 0.722, 0.039, -0.721, 0.000, 23.97
0, 0, 0.000, 0.020, 0.000, 0.000, 0.052, 0.000, 0.000, 0.679, -0.058, -0.694, -0.000, 24.04
0, 0, 0.000, 0.000, 0.000, 0.000, -0.000, 0.000, 0.000, 0.641, -0.153, -0.488, 0.000, 24.08
0, 0, 0.000, -0.251, 0.000, 0.000, -0.182, 0.000, 0.000, 0.606, -0.291, 0.118, -0.000, 24.07
0, 0, 0.000, -0.172, 0.000, 0.000, -0.326, 0.000, 0.000, 0.574, -0.382, 0.306, 0.000, 24.04
0, 0, 0.000, -0.102, 0.000, 0.000, -0.311, 0.000, 0.000, 0.544, -0.473, 0.342, -0.000, 24.01
0, 0, 0.000, -0.054, 0.000, 0.000, -0.229, 0.000, 0.000, 0.517, -0.565, 0.331, 0.000, 23.97
0, 0, 0.000, -0.023, 0.000, 0.000, -0.125, 0.000, 0.000, 0.491, -0.658, 0.315, -0.000, 23.94
0, 0, 0.000, -0.004, 0.000, 0.000, -0.026, 0.000, 0.000, 0.467, -0.703, 0.267, -0.000, 23.92
0, 0, 0.000, 0.008, 0.000, 0.000, 0.061, 0.000, 0.000, 0.444, -0.750, 0.236, -0.000, 23.89
0, 0, 0.000, 0.017, 0.000, 0.000, 0.137, 0.000, 0.000, 0.423, -0.796, 0.220, 0.000, 23.87
0, 0, 0.000, 0.023, 0.000, 0.000, 0.203, 0.000, 0.000, 0.402, -0.843, 0.214, 0.000, 23.85
1, 0, 0.000, 0.268, 0.000, 0.000, 2.630, 0.000, 0.000, 2.881, -10.325, 4.547, 0.000, 23.40
1, 0, 0.000, 0.393, 0.000, 0.000, 3.825, 0.000, 0.000, 3.017, -9.504, 2.269, 0.000, 23.17
1, 0, 0.000, 0.476, 0.000, 0.000, 3.992, 0.000, 0.000, 3.122, -7.737, 0.147, 0.000, 23.15
1, 0, 0.000, 0.510, 0.000, 0.000, 3.170, 0.000, 0.000, 3.211, -5.566, -1.325, -0.000, 23.29
1, 0, 0.000, 0.445, 0.000, 0.000, 2.244, 0.000, 0.000, 3.290, -4.568, -1.410, -0.000, 23.43
1, 0, 0.000, 0.355, 0.000, 0.000, 1.077, 0.000, 0.000, 3.361, -3.049, -1.744, 0.000, 23.60
1, 0, 0.000, -0.010, 0.000, 0.000, -0.010, 0.000, 0.000, 3.425, -1.557, -1.848, 0.000, 23.79
1, 0, 0.000, -0.636, 0.000, 0.000, -0.830, 0.000, 0.000, 3.485, -0.089, -1.929, -0.000, 23.98
0, 0, 0.000, -0.049, 0.000, 0.000, -0.123, 0.000, 0.000, 1.043, 0.075, -0.946, 0.000, 24.07
0, 0, 0.000, 0.019, 0.000, 0.000, 0.060, 0.000, 0.000, 0.941, 0.111, -1.131, 0.000, 24.19
0, 0, 0.000, 0.010, 0.000, 0.000, 0.034, 0.000, 0.000, 0.867, 0.103, -1.014, 0.000, 24.29
0, 0, 0.000, -0.008, 0.000, 0.000, -0.030, 0.000, 0.000, 0.807, 0.096, -0.866, 0.000, 24.37
0, 0, 0.000, -0.003, 0.000, 0.000, -0.013, 0.000, 0.000, 0.757, 0.045, -0.786, -0.000, 24.45
0, 0, 0.000, -0.009, 0.000, 0.000, -0.024, 0.000, 0.000, 0.712, -0.006, -0.673, 0.000, 24.52
0, 0, 0.000, -0.020, 0.000, 0.000, -0.026, 0.000, 0.000, 0.672, -0.102, -0.525, -0.000, 24.57
0, 0, 0.000, -0.421, 0.000, 0.000, -0.050, 0.000, 0.000, 0.636, -0.193, 0.028, 0.000, 24.57
0, 0, 0.000, -0.233, 0.000, 0.000, -0.313, 0.000, 0.000, 0.602, -0.330, 0.273, 0.000, 24.54
0, 0, 0.000, -0.138, 0.000, 0.000, -0.333, 0.000, 0.000, 0.571, -0.421, 0.320, 0.000, 24.51
0, 0, 0.000, -0.077, 0.000, 0.000, -0.272, 0.000, 0.000, 0.543, -0.512, 0.319, 0.000, 24.48
0, 0, 0.000, -0.038, 0.000, 0.000, -0.181, 0.000, 0.000, 0.516, -0.604, 0.309, 0.000, 24.45
0, 0, 0.000, -0.014, 0.000, 0.000, -0.082, 0.000, 0.000, 0.490, -0.697, 0.303, -0.000, 24.42
0, 0, 0.000, 0.001, 0.000, 0.000, 0.008, 0.000, 0.000, 0.467, -0.743, 0.268, 0.000, 24.39
0, 0, 0.000, 0.012, 0.000, 0.000, 0.095, 0.000, 0.000, 0.444, -0.838, 0.286, 0.000, 24.36
0, 0, 0.000, 0.019, 0.000, 0.000, 0.182, 0.000, 0.000, 0.423, -0.932, 0.308, 0.000, 24.33
1, 0, 0.000, 0.288, 0.000, 0.000, 2.959, 0.000, 0.000, 2.901, -11.345, 5.197, -0.000, 23.81
1, 0, 0.000, 0.425, 0.000, 0.000, 4.159, 0.000, 0.000, 3.035, -9.927, 2.308, 0.000, 23.58
1, 0, 0.000, 0.486, 0.000, 0.000, 4.622, 0.000, 0.000, 3.140, -9.239, 0.990, 0.000, 23.48
1, 0, 0.000, 0.489, 0.000, 0.000, 4.581, 0.000, 0.000, 3.228, -8.621, 0.323, 0.000, 23.45
1, 0, 0.000, 0.562, 0.000, 0.000, 4.057, 0.000, 0.000, 3.306, -6.977, -0.948, 0.000, 23.54
1, 0, 0.000, 0.515, 0.000, 0.000, 3.264, 0.000, 0.000, 3.376, -5.949, -1.206, 0.000, 23.67
1, 0, 0.000, 0.422, 0.000, 0.000, 2.581, 0.000, 0.000, 3.440, -5.475, -0.967, 0.000, 23.76
1, 0, 0.000, 0.345, 0.000, 0.000, 2.196, 0.000, 0.000, 3.499, -5.527, -0.514, -0.000, 23.81
0, 0, 0.000, 0.252, 0.000, 0.000, 1.313, 0.000, 0.000, 1.056, -0.428, -2.194, -0.000, 24.03
0, 0, 0.000, 0.204, 0.000, 0.000, 0.860, 0.000, 0.000, 0.954, -0.394, -1.624, -0.000, 24.20
0, 0, 0.000, 0.177, 0.000, 0.000, 0.586, 0.000, 0.000, 0.879, -0.358, -1.284, 0.000, 24.32
0, 0, 0.000, 0.179, 0.000, 0.000, 0.364, 0.000, 0.000, 0.819, -0.274, -1.087, 0.000, 24.43
0, 0, 0.000, 0.061, 0.000, 0.000, 0.191, 0.000, 0.000, 0.768, -0.326, -0.693, 0.000, 24.50
0, 0, 0.000, -0.020, 0.000, 0.000, -0.085, 0.000, 0.000, 0.723, -0.375, -0.243, -0.000, 24.53
0, 0, 0.000, -0.045, 0.000, 0.000, -0.244, 0.000, 0.000, 0.682, -0.468, 0.074, 0.000, 24.52
0, 0, 0.000, -0.047, 0.000, 0.000, -0.286, 0.000, 0.000, 0.645, -0.514, 0.201, -0.000, 24.50
0, 0, 0.000, -0.038, 0.000, 0.000, -0.255, 0.000, 0.000, 0.612, -0.559, 0.241, 0.000, 24.47
0, 0, 0.000, -0.026, 0.000, 0.000, -0.193, 0.000, 0.000, 0.580, -0.605, 0.244, -0.000, 24.45
0, 0, 0.000, -0.016, 0.000, 0.000, -0.124, 0.000, 0.000, 0.551, -0.650, 0.239, -0.000, 24.43
0, 0, 0.000, -0.007, 0.000, 0.000, -0.057, 0.000, 0.000, 0.524, -0.696, 0.236, -0.000, 24.40
0, 0, 0.000, 0.001, 0.000, 0.000, 0.007, 0.000, 0.000, 0.498, -0.742, 0.237, 0.000, 24.38
0, 0, 0.000, 0.007, 0.000, 0.000, 0.066, 0.000, 0.000, 0.474, -0.788, 0.241, 0.000, 24.35
0, 0, 0.000, 0.011, 0.000, 0.000, 0.113, 0.000, 0.000, 0.451, -0.787, 0.211, 0.000, 24.33
0, 0, 0.000, 0.015, 0.000, 0.000, 0.159, 0.000, 0.000, 0.430, -0.833, 0.230, 0.000, 24.31
1, 0, 0.000, 0.234, 0.000, 0.000, 2.719, 0.000, 0.000, 2.907, -10.227, 4.367, -0.000, 23.87
1, 0, 0.000, 0.336, 0.000, 0.000, 3.830, 0.000, 0.000, 3.041, -9.414, 2.206, -0.000, 23.65
1, 0, 0.000, 0.377, 0.000, 0.000, 4.005, 0.000, 0.000, 3.146, -8.180, 0.651, 0.000, 23.59
1, 0, 0.000, 0.391, 0.000, 0.000, 3.731, 0.000, 0.000, 3.234, -7.052, -0.304, 0.000, 23.62
1, 0, 0.000, 0.378, 0.000, 0.000, 3.377, 0.000, 0.000, 3.311, -6.530, -0.536, 0.000, 23.67
1, 0, 0.000, 0.339, 0.000, 0.000, 2.905, 0.000, 0.000, 3.381, -6.018, -0.607, 0.000, 23.73
1, 0, 0.000, 0.310, 0.000, 0.000, 2.630, 0.000, 0.000, 3.445, -6.051, -0.334, 0.000, 23.77
1, 0, 0.000, 0.335, 0.000, 0.000, 2.026, 0.000, 0.000, 3.504, -4.481, -1.383, 0.000, 23.90
0, 0, 0.000, 0.265, 0.000, 0.000, 1.206, 0.000, 0.000, 1.061, -0.295, -2.236, 0.000, 24.13
0, 0, 0.000, 0.222, 0.000, 0.000, 0.689, 0.000, 0.000, 0.958, -0.216, -1.653, -0.000, 24.29
0, 0, 0.000, 0.135, 0.000, 0.000, 0.347, 0.000, 0.000, 0.883, -0.180, -1.185, -0.000, 24.41
0, 0, 0.000, 0.070, 0.000, 0.000, 0.130, 0.000, 0.000, 0.823, -0.141, -0.882, 0.000, 24.50
0, 0, 0.000, 0.011, 0.000, 0.000, 0.021, 0.000, 0.000, 0.772, -0.147, -0.657, 0.000, 24.57
0, 0, 0.000, -0.053, 0.000, 0.000, -0.142, 0.000, 0.000, 0.726, -0.195, -0.336, -0.000, 24.60
0, 0, 0.000, -0.072, 0.000, 0.000, -0.237, 0.000, 0.000, 0.686, -0.243, -0.134, -0.000, 24.61
0, 0, 0.000, -0.090, 0.000, 0.000, -0.387, 0.000, 0.000, 0.649, -0.334, 0.163, -0.000, 24.60
0, 0, 0.000, -0.083, 0.000, 0.000, -0.401, 0.000, 0.000, 0.614, -0.379, 0.249, -0.000, 24.57
0, 0, 0.000, -0.061, 0.000, 0.000, -0.349, 0.000, 0.000, 0.583, -0.470, 0.297, -0.000, 24.54
0, 0, 0.000, -0.044, 0.000, 0.000, -0.275, 0.000, 0.000, 0.554, -0.515, 0.280, 0.000, 24.51
0, 0, 0.000, -0.026, 0.000, 0.000, -0.193, 0.000, 0.000, 0.526, -0.607, 0.300, -0.000, 24.48
0, 0, 0.000, -0.013, 0.000, 0.000, -0.107, 0.000, 0.000, 0.501, -0.700, 0.319, -0.000, 24.45
0, 0, 0.000, -0.003, 0.000, 0.000, -0.029, 0.000, 0.000, 0.476, -0.746, 0.302, -0.000, 24.42
0, 0, 0.000, 0.005, 0.000, 0.000, 0.050, 0.000, 0.000, 0.453, -0.840, 0.332, 0.000, 24.39
0, 0, 0.000, 0.011, 0.000, 0.000, 0.129, 0.000, 0.000, 0.432, -0.934, 0.362, -0.000, 24.35
1, 0, 0.000, 0.263, 0.000, 0.000, 3.333, 0.000, 0.000, 2.909, -11.937, 5.432, 0.000, 23.81
1, 0, 0.000, 0.380, 0.000, 0.000, 4.595, 0.000, 0.000, 3.043, -10.496, 2.478, 0.000, 23.56
1, 0, 0.000, 0.495, 0.000, 0.000, 4.929, 0.000, 0.000, 3.148, -8.191, -0.381, 0.000, 23.60
1, 0, 0.000, 0.516, 0.000, 0.000, 3.603, 0.000, 0.000, 3.236, -5.499, -1.857, 0.000, 23.79
1, 0, 0.000, 0.483, 0.000, 0.000, 2.084, 0.000, 0.000, 3.313, -3.474, -2.406, 0.000, 24.03
1, 0, 0.000, 0.289, 0.000, 0.000, 0.611, 0.000, 0.000, 3.383, -2.020, -2.263, 0.000, 24.25
1, 0, 0.000, -0.763, 0.000, 0.000, -0.015, 0.000, 0.000, 3.446, -0.567, -2.101, 0.000, 24.46
1, 0, 0.000, -0.704, 0.000, 0.000, -1.628, 0.000, 0.000, 3.505, 0.875, -2.048, 0.000, 24.67
0, 0, 0.000, -0.104, 0.000, 0.000, -0.435, 0.000, 0.000, 1.062, 0.156, -0.680, -0.000, 24.73
0, 0, 0.000, -0.022, 0.000, 0.000, -0.115, 0.000, 0.000, 0.960, 0.193, -1.016, 0.000, 24.84
0, 0, 0.000, -0.017, 0.000, 0.000, -0.091, 0.000, 0.000, 0.884, 0.185, -0.962, 0.000, 24.93
0, 0, 0.000, -0.032, 0.000, 0.000, -0.177, 0.000, 0.000, 0.824, 0.179, -0.794, 0.000, 25.01
0, 0, 0.000, -0.039, 0.000, 0.000, -0.191, 0.000, 0.000, 0.773, 0.129, -0.672, 0.000, 25.08
0, 0, 0.000, -0.060, 0.000, 0.000, -0.190, 0.000, 0.000, 0.727, -0.010, -0.467, -0.000, 25.13
0, 0, 0.000, -0.055, 0.000, 0.000, -0.106, 0.000, 0.000, 0.687, -0.105, -0.421, 0.000, 25.17
0, 0, 0.000, -0.463, 0.000, 0.000, -0.123, 0.000, 0.000, 0.650, -0.241, 0.177, 0.000, 25.15
0, 0, 0.000, -0.359, 0.000, 0.000, -0.294, 0.000, 0.000, 0.615, -0.330, 0.368, 0.000, 25.11
0, 0, 0.000, -0.197, 0.000, 0.000, -0.370, 0.000, 0.000, 0.584, -0.420, 0.404, 0.000, 25.07
0, 0, 0.000, -0.109, 0.000, 0.000, -0.326, 0.000, 0.000, 0.555, -0.511, 0.392, -0.000, 25.03
0, 0, 0.000, -0.058, 0.000, 0.000, -0.239, 0.000, 0.000, 0.527, -0.603, 0.373, -0.000, 25.00
0, 0, 0.000, -0.030, 0.000, 0.000, -0.147, 0.000, 0.000, 0.501, -0.648, 0.323, 0.000, 24.96
0, 0, 0.000, -0.011, 0.000, 0.000, -0.064, 0.000, 0.000, 0.477, -0.693, 0.291, -0.000, 24.94
0, 0, 0.000, 0.002, 0.000, 0.000, 0.010, 0.000, 0.000, 0.454, -0.739, 0.273, 0.000, 24.91
0, 0, 0.000, 0.011, 0.000, 0.000, 0.086, 0.000, 0.000, 0.432, -0.833, 0.303, 0.000, 24.88
1, 0, 0.000, -0.032, 0.000, 0.000, -0.270, 0.000, 0.000, 0.412, -0.875, 0.764, -0.000, 24.80
1, 0, 0.000, -0.001, 0.000, 0.000, -0.008, 0.000, 0.000, 0.393, -0.775, 0.390, 0.000, 24.76
1, 0, 0.000, 0.018, 0.000, 0.000, 0.134, 0.000, 0.000, 0.374, -0.725, 0.199, 0.000, 24.74
1, 0, 0.000, 0.025, 0.000, 0.000, 0.134, 0.000, 0.000, 0.357, -0.534, 0.019, 0.000, 24.74
1, 0, 0.000, 0.024, 0.000, 0.000, 0.067, 0.000, 0.000, 0.340, -0.347, -0.084, 0.000, 24.75
1, 0, 0.000, -0.015, 0.000, 0.000, -0.002, 0.000, 0.000, 0.324, -0.163, -0.144, 0.000, 24.76
1, 0, 0.000, -0.040, 0.000, 0.000, -0.106, 0.000, 0.000, 0.309, 0.018, -0.181, -0.000, 24.78
1, 0, 0.000, -0.045, 0.000, 0.000, -0.220, 0.000, 0.000, 0.295, 0.151, -0.181, 0.000, 24.80
0, 0, 0.000, 0.130, 0.000, 0.000, 0.845, 0.000, 0.000, 0.282, 0.228, -1.484, 0.000, 24.95
0, 0, 0.000, 0.115, 0.000, 0.000, 0.932, 0.000, 0.000, 0.269, 0.304, -1.620, 0.000, 25.11
0, 0, 0.000, 0.088, 0.000, 0.000, 0.740, 0.000, 0.000, 0.256, 0.293, -1.377, -0.000, 25.25
0, 0, 0.000, 0.055, 0.000, 0.000, 0.491, 0.000, 0.000, 0.244, 0.328, -1.118, -0.000, 25.36
0, 0, 0.000, 0.047, 0.000, 0.000, 0.408, 0.000, 0.000, 0.233, 0.276, -0.965, -0.000, 25.46
0, 0, 0.000, 0.052, 0.000, 0.000, 0.390, 0.000, 0.000, 0.222, 0.181, -0.846, -0.000, 25.54
0, 0, 0.000, 0.041, 0.000, 0.000, 0.234, 0.000, 0.000, 0.212, 0.042, -0.530, -0.000, 25.59
0, 0, 0.000, -0.040, 0.000, 0.000, -0.180, 0.000, 0.000, 0.202, -0.048, 0.065, 0.000, 25.59
0, 0, 0.000, -0.073, 0.000, 0.000, -0.258, 0.000, 0.000, 0.193, -0.137, 0.275, 0.000, 25.56
0, 0, 0.000, -0.079, 0.000, 0.000, -0.200, 0.000, 0.000, 0.184, -0.226, 0.321, 0.000, 25.53
0, 0, 0.000, -0.071, 0.000, 0.000, -0.105, 0.000, 0.000, 0.176, -0.315, 0.315, 0.000, 25.50
0, 0, 0.000, -0.045, 0.000, 0.000, -0.017, 0.000, 0.000, 0.168, -0.406, 0.301, 0.000, 25.47
0, 0, 0.000, 0.026, 0.000, 0.000, 0.020, 0.000, 0.000, 0.160, -0.497, 0.291, 0.000, 25.44
0, 0, 0.000, 0.049, 0.000, 0.000, 0.097, 0.000, 0.000, 0.152, -0.589, 0.291, -0.000, 25.41
0, 0, 0.000, 0.060, 0.000, 0.000, 0.169, 0.000, 0.000, 0.145, -0.635, 0.260, -0.000, 25.38
0, 0, 0.000, 0.061, 0.000, 0.000, 0.246, 0.000, 0.000, 0.139, -0.728, 0.282, -0.000, 25.35
1, 0, 0.000, 0.310, 0.000, 0.000, 1.653, 0.000, 0.000, 2.630, -9.480, 4.887, -0.000, 24.86
1, 0, 0.000, 0.599, 0.000, 0.000, 2.562, 0.000, 0.000, 2.778, -7.572, 1.633, 0.000, 24.70
1, 0, 0.000, 0.827, 0.000, 0.000, 2.124, 0.000, 0.000, 2.895, -5.851, 0.005, -0.000, 24.70
1, 0, 0.000, 1.721, 0.000, 0.000, 0.111, 0.000, 0.000, 2.994, -3.699, -1.128, -0.000, 24.81
1, 0, 0.000, 0.056, 0.000, 0.000, 0.147, 0.000, 0.000, 3.083, -1.632, -1.654, -0.000, 24.98
1, 1, 0.000, -0.002, 0.000, 0.000, -0.013, 0.000, 0.000, 3.163, 0.000, -0.209, 2.939, 25.00
1, 1, 0.000, -0.002, 0.000, 0.000, -0.018, 0.000, 0.000, 3.237, 1.634, 0.000, 4.851, 25.00
1, 1, 0.000, -0.003, 0.000, 0.000, -0.027, 0.000, 0.000, 3.306, 3.250, 0.000, 6.527, 25.00
0, 0, 0.000, 0.106, 0.000, 0.000, 1.185, 0.000, 0.000, 0.872, 0.337, -2.499, 0.000, 25.25
0, 0, 0.000, 0.089, 0.000, 0.000, 1.089, 0.000, 0.000, 0.778, 0.362, -2.319, 0.000, 25.48
0, 0, 0.000, 0.059, 0.000, 0.000, 0.769, 0.000, 0.000, 0.711, 0.390, -1.930, 0.000, 25.67
0, 0, 0.000, 0.032, 0.000, 0.000, 0.410, 0.000, 0.000, 0.659, 0.378, -1.479, 0.000, 25.82
0, 0, 0.000, 0.022, 0.000, 0.000, 0.269, 0.000, 0.000, 0.615, 0.325, -1.231, -0.000, 25.95
0, 0, 0.000, 0.020, 0.000, 0.000, 0.227, 0.000, 0.000, 0.577, 0.272, -1.096, 0.000, 26.06
0, 0, 0.000, -0.012, 0.000, 0.000, -0.115, 0.000, 0.000, 0.543, 0.135, -0.551, 0.000, 26.11
0, 0, 0.000, -0.062, 0.000, 0.000, -0.515, 0.000, 0.000, 0.513, 0.045, 0.019, -0.000, 26.11
0, 0, 0.000, -0.079, 0.000, 0.000, -0.578, 0.000, 0.000, 0.485, -0.043, 0.215, -0.000, 26.09
0, 0, 0.000, -0.077, 0.000, 0.000, -0.519, 0.000, 0.000, 0.459, -0.087, 0.223, -0.000, 26.06
0, 0, 0.000, -0.073, 0.000, 0.000, -0.414, 0.000, 0.000, 0.436, -0.176, 0.227, 0.000, 26.04
0, 0, 0.000, -0.066, 0.000, 0.000, -0.302, 0.000, 0.000, 0.414, -0.266, 0.220, 0.000, 26.02
0, 0, 0.000, -0.057, 0.000, 0.000, -0.197, 0.000, 0.000, 0.393, -0.357, 0.217, 0.000, 26.00
0, 0, 0.000, -0.045, 0.000, 0.000, -0.102, 0.000, 0.000, 0.374, -0.448, 0.221, -0.000, 25.98
0, 0, 0.000, -0.023, 0.000, 0.000, -0.014, 0.000, 0.000, 0.356, -0.587, 0.269, -0.000, 25.95
0, 0, 0.000, 0.037, 0.000, 0.000, 0.027, 0.000, 0.000, 0.339, -0.680, 0.277, 0.000, 25.92
1, 1, 0.000, 0.978, 0.000, 0.000, 2.453, 0.000, 0.000, 2.820, -9.034, 9.216, 6.433, 25.00
1, 0, 0.000, 1.169, 0.000, 0.000, 3.023, 0.000, 0.000, 2.959, -8.333, 1.183, -0.000, 24.88
1, 0, 0.000, 1.208, 0.000, 0.000, 3.053, 0.000, 0.000, 3.067, -7.716, 0.388, 0.000, 24.84
1, 0, 0.000, 1.226, 0.000, 0.000, 2.779, 0.000, 0.000, 3.159, -7.142, -0.022, -0.000, 24.85
1, 0, 0.000, 1.363, 0.000, 0.000, 1.982, 0.000, 0.000, 3.239, -6.050, -0.535, 0.000, 24.90
1, 0, 0.000, 1.713, 0.000, 0.000, 0.733, 0.000, 0.000, 3.312, -4.990, -0.769, 0.000, 24.98
1, 1, 0.000, 1.166, 0.000, 0.000, 0.904, 0.000, 0.000, 3.379, -3.885, -0.245, 1.319, 25.00
1, 1, 0.000, 0.963, 0.000, 0.000, 1.002, 0.000, 0.000, 3.441, -3.324, 0.000, 2.082, 25.00
0, 0, 0.000, 0.859, 0.000, 0.000, 0.664, 0.000, 0.000, 1.001, -0.293, -2.231, -0.000, 25.22
0, 0, 0.000, 0.561, 0.000, 0.000, 0.528, 0.000, 0.000, 0.902, -0.307, -1.684, -0.000, 25.39
0, 0, 0.000, 0.365, 0.000, 0.000, 0.387, 0.000, 0.000, 0.829, -0.317, -1.264, 0.000, 25.52
0, 0, 0.000, 0.194, 0.000, 0.000, 0.337, 0.000, 0.000, 0.771, -0.279, -1.023, 0.000, 25.62
0, 0, 0.000, 0.121, 0.000, 0.000, 0.097, 0.000, 0.000, 0.722, -0.331, -0.610, 0.000, 25.68
0, 0, 0.000, -0.042, 0.000, 0.000, -0.003, 0.000, 0.000, 0.679, -0.379, -0.256, -0.000, 25.71
0, 0, 0.000, -0.104, 0.000, 0.000, -0.084, 0.000, 0.000, 0.641, -0.426, -0.027, -0.000, 25.71
0, 0, 0.000, -0.076, 0.000, 0.000, -0.143, 0.000, 0.000, 0.606, -0.519, 0.132, 0.000, 25.70
0, 0, 0.000, -0.053, 0.000, 0.000, -0.138, 0.000, 0.000, 0.574, -0.565, 0.183, -0.000, 25.68
0, 0, 0.000, -0.028, 0.000, 0.000, -0.102, 0.000, 0.000, 0.544, -0.658, 0.243, 0.000, 25.65
0, 0, 0.000, -0.009, 0.000, 0.000, -0.043, 0.000, 0.000, 0.517, -0.751, 0.287, 0.000, 25.62
0, 0, 0.000, 0.004, 0.000, 0.000, 0.027, 0.000, 0.000, 0.491, -0.844, 0.322, 0.000, 25.59
0, 0, 0.000, 0.014, 0.000, 0.000, 0.103, 0.000, 0.000, 0.467, -0.938, 0.355, 0.000, 25.56
0, 0, 0.000, 0.021, 0.000, 0.000, 0.193, 0.000, 0.000, 0.444, -1.082, 0.424, 0.000, 25.51
0, 0, 0.000, 0.027, 0.000, 0.000, 0.281, 0.000, 0.000, 0.423, -1.177, 0.446, -0.000, 25.47
0, 0, 0.000, 0.030, 0.000, 0.000, 0.380, 0.000, 0.000, 0.402, -1.323, 0.510, -0.000, 25.42
1, 0, 0.000, 0.370, 0.000, 0.000, 5.352, 0.000, 0.000, 2.881, -16.971, 8.367, 0.000, 24.58
1, 0, 0.000, 0.536, 0.000, 0.000, 7.323, 0.000, 0.000, 3.017, -14.740, 3.864, 0.000, 24.20
1, 0, 0.000, 0.668, 0.000, 0.000, 7.859, 0.000, 0.000, 3.122, -12.271, 0.623, -0.000, 24.13
1, 0, 0.000, 0.732, 0.000, 0.000, 6.915, 0.000, 0.000, 3.211, -9.993, -0.866, 0.000, 24.22
1, 0, 0.000, 0.813, 0.000, 0.000, 5.233, 0.000, 0.000, 3.290, -7.292, -2.043, 0.000, 24.42
1, 0, 0.000, 0.853, 0.000, 0.000, 3.194, 0.000, 0.000, 3.361, -5.223, -2.184, 0.000, 24.64
1, 0, 0.000, 0.887, 0.000, 0.000, 1.385, 0.000, 0.000, 3.425, -3.726, -1.971, 0.000, 24.84
1, 0, 0.000, 0.733, 0.000, 0.000, 0.074, 0.000, 0.000, 3.485, -2.758, -1.534, 0.000, 24.99
0, 0, 0.000, 0.562, 0.000, 0.000, 0.899, 0.000, 0.000, 1.043, -0.155, -2.348, 0.000, 25.23
0, 0, 0.000, 0.299, 0.000, 0.000, 0.868, 0.000, 0.000, 0.941, -0.081, -2.027, 0.000, 25.43
0, 0, 0.000, 0.191, 0.000, 0.000, 0.602, 0.000, 0.000, 0.867, -0.093, -1.566, -0.000, 25.59
0, 0, 0.000, 0.107, 0.000, 0.000, 0.325, 0.000, 0.000, 0.807, -0.103, -1.137, 0.000, 25.70
0, 0, 0.000, 0.093, 0.000, 0.000, 0.159, 0.000, 0.000, 0.757, -0.201, -0.809, 0.000, 25.78
0, 0, 0.000, 0.240, 0.000, 0.000, 0.107, 0.000, 0.000, 0.712, -0.299, -0.760, -0.000, 25.86
0, 0, 0.000, 0.209, 0.000, 0.000, 0.312, 0.000, 0.000, 0.672, -0.445, -0.749, -0.000, 25.93
0, 0, 0.000, -0.055, 0.000, 0.000, -0.165, 0.000, 0.000, 0.636, -0.538, 0.123, 0.000, 25.92
0, 0, 0.000, -0.080, 0.000, 0.000, -0.335, 0.000, 0.000, 0.602, -0.629, 0.442, 0.000, 25.88
0, 0, 0.000, -0.058, 0.000, 0.000, -0.313, 0.000, 0.000, 0.571, -0.720, 0.519, -0.000, 25.82
0, 0, 0.000, -0.036, 0.000, 0.000, -0.221, 0.000, 0.000, 0.543, -0.763, 0.478, 0.000, 25.78
0, 0, 0.000, -0.015, 0.000, 0.000, -0.109, 0.000, 0.000, 0.516, -0.856, 0.465, -0.000, 25.73
0, 0, 0.000, -0.002, 0.000, 0.000, -0.013, 0.000, 0.000, 0.490, -0.853, 0.377, 0.000, 25.69
0, 0, 0.000, 0.008, 0.000, 0.000, 0.063, 0.000, 0.000, 0.467, -0.850, 0.313, 0.000, 25.66
0, 0, 0.000, 0.015, 0.000, 0.000, 0.130, 0.000, 0.000, 0.444, -0.896, 0.307, 0.000, 25.63
0, 0, 0.000, 0.020, 0.000, 0.000, 0.181, 0.000, 0.000, 0.423, -0.894, 0.269, 0.000, 25.60
1, 1, 0.000, 0.286, 0.000, 0.000, 2.702, 0.000, 0.000, 2.901, -10.203, 6.040, 1.727, 25.00
1, 0, 0.000, 0.422, 0.000, 0.000, 3.911, 0.000, 0.000, 3.035, -9.409, 2.041, -0.000, 24.80
1, 0, 0.000, 0.482, 0.000, 0.000, 4.274, 0.000, 0.000, 3.140, -8.741, 0.845, 0.000, 24.71
1, 0, 0.000, 0.505, 0.000, 0.000, 3.995, 0.000, 0.000, 3.228, -7.596, -0.133, 0.000, 24.72
1, 0, 0.000, 0.492, 0.000, 0.000, 3.365, 0.000, 0.000, 3.306, -6.512, -0.652, -0.000, 24.79
1, 0, 0.000, 0.436, 0.000, 0.000, 2.768, 0.000, 0.000, 3.376, -5.999, -0.581, -0.000, 24.85
1, 0, 0.000, 0.392, 0.000, 0.000, 2.462, 0.000, 0.000, 3.440, -6.026, -0.269, 0.000, 24.87
1, 0, 0.000, 0.371, 0.000, 0.000, 2.022, 0.000, 0.000, 3.499, -5.496, -0.397, -0.000, 24.91
0, 0, 0.000, 0.241, 0.000, 0.000, 1.199, 0.000, 0.000, 1.056, -0.424, -2.072, 0.000, 25.12
0, 0, 0.000, 0.132, 0.000, 0.000, 0.661, 0.000, 0.000, 0.954, -0.435, -1.311, -0.000, 25.25
0, 0, 0.000, 0.095, 0.000, 0.000, 0.397, 0.000, 0.000, 0.879, -0.396, -0.975, 0.000, 25.35
0, 0, 0.000, 0.071, 0.000, 0.000, 0.267, 0.000, 0.000, 0.819, -0.403, -0.754, 0.000, 25.43
0, 0, 0.000, 0.032, 0.000, 0.000, 0.112, 0.000, 0.000, 0.768, -0.361, -0.552, 0.000, 25.48
0, 0, 0.000, -0.008, 0.000, 0.000, -0.033, 0.000, 0.000, 0.723, -0.410, -0.272, 0.000, 25.51
0, 0, 0.000, -0.037, 0.000, 0.000, -0.159, 0.000, 0.000, 0.682, -0.410, -0.076, 0.000, 25.52
0, 0, 0.000, -0.046, 0.000, 0.000, -0.244, 0.000, 0.000, 0.645, -0.503, 0.147, 0.000, 25.50
0, 0, 0.000, -0.038, 0.000, 0.000, -0.241, 0.000, 0.000, 0.612, -0.595, 0.263, -0.000, 25.47
0, 0, 0.000, -0.028, 0.000, 0.000, -0.195, 0.000, 0.000, 0.580, -0.640, 0.284, 0.000, 25.45
0, 0, 0.000, -0.016, 0.000, 0.000, -0.128, 0.000, 0.000, 0.551, -0.733, 0.327, -0.000, 25.41
0, 0, 0.000, -0.007, 0.000, 0.000, -0.060, 0.000, 0.000, 0.524, -0.778, 0.321, -0.000, 25.38
0, 0, 0.000, 0.001, 0.000, 0.000, 0.014, 0.000, 0.000, 0.498, -0.872, 0.358, 0.000, 25.35
0, 0, 0.000, 0.008, 0.000, 0.000, 0.092, 0.000, 0.000, 0.474, -0.966, 0.392, 0.000, 25.31
0, 0, 0.000, 0.014, 0.000, 0.000, 0.162, 0.000, 0.000, 0.451, -1.012, 0.385, -0.000, 25.27
0, 0, 0.000, 0.018, 0.000, 0.000, 0.235, 0.000, 0.000, 0.430, -1.107, 0.423, -0.000, 25.23
1, 0, 0.000, 0.294, 0.000, 0.000, 4.157, 0.000, 0.000, 2.907, -13.919, 6.561, 0.000, 24.57
1, 0, 0.000, 0.421, 0.000, 0.000, 5.946, 0.000, 0.000, 3.041, -12.953, 3.545, -0.000, 24.22
1, 0, 0.000, 0.481, 0.000, 0.000, 6.463, 0.000, 0.000, 3.146, -11.604, 1.514, 0.000, 24.06
1, 0, 0.000, 0.507, 0.000, 0.000, 6.113, 0.000, 0.000, 3.234, -9.835, -0.019, -0.000, 24.07
1, 0, 0.000, 0.492, 0.000, 0.000, 5.698, 0.000, 0.000, 3.311, -9.273, -0.228, 0.000, 24.09
1, 0, 0.000, 0.469, 0.000, 0.000, 5.231, 0.000, 0.000, 3.381, -8.725, -0.356, 0.000, 24.12
1, 0, 0.000, 0.462, 0.000, 0.000, 4.580, 0.000, 0.000, 3.445, -7.650, -0.838, -0.000, 24.21
1, 0, 0.000, 0.424, 0.000, 0.000, 4.184, 0.000, 0.000, 3.504, -7.692, -0.420, 0.000, 24.25
0, 0, 0.000, 0.275, 0.000, 0.000, 2.314, 0.000, 0.000, 1.061, -0.566, -3.083, 0.000, 24.56
0, 0, 0.000, 0.180, 0.000, 0.000, 1.294, 0.000, 0.000, 0.958, -0.488, -1.944, -0.000, 24.75
0, 0, 0.000, 0.108, 0.000, 0.000, 0.708, 0.000, 0.000, 0.883, -0.451, -1.248, 0.000, 24.88
0, 0, 0.000, 0.037, 0.000, 0.000, 0.276, 0.000, 0.000, 0.823, -0.503, -0.633, 0.000, 24.94
0, 0, 0.000, 0.010, 0.000, 0.000, 0.072, 0.000, 0.000, 0.772, -0.506, -0.347, 0.000, 24.98
0, 0, 0.000, 0.017, 0.000, 0.000, 0.116, 0.000, 0.000, 0.726, -0.509, -0.350, 0.000, 25.01
0, 0, 0.000, 0.019, 0.000, 0.000, 0.147, 0.000, 0.000, 0.686, -0.559, -0.292, 0.000, 25.04
0, 0, 0.000, -0.015, 0.000, 0.000, -0.134, 0.000, 0.000, 0.649, -0.653, 0.152, -0.000, 25.02
0, 0, 0.000, -0.020, 0.000, 0.000, -0.200, 0.000, 0.000, 0.614, -0.745, 0.350, 0.000, 24.99
0, 0, 0.000, -0.014, 0.000, 0.000, -0.160, 0.000, 0.000, 0.583, -0.838, 0.429, -0.000, 24.95
0, 0, 0.000, -0.006, 0.000, 0.000, -0.070, 0.000, 0.000, 0.554, -0.980, 0.502, -0.000, 24.90
0, 0, 0.000, 0.002, 0.000, 0.000, 0.032, 0.000, 0.000, 0.526, -1.074, 0.514, 0.000, 24.84
0, 0, 0.000, 0.008, 0.000, 0.000, 0.125, 0.000, 0.000, 0.501, -1.120, 0.486, 0.000, 24.80
0, 0, 0.000, 0.014, 0.000, 0.000, 0.217, 0.000, 0.000, 0.476, -1.215, 0.508, 0.000, 24.75
0, 0, 0.000, 0.018, 0.000, 0.000, 0.307, 0.000, 0.000, 0.453, -1.310, 0.533, 0.000, 24.69
0, 0, 0.000, 0.021, 0.000, 0.000, 0.395, 0.000, 0.000, 0.432, -1.407, 0.559, 0.000, 24.64
1, 0, 0.000, 0.281, 0.000, 0.000, 5.619, 0.000, 0.000, 2.909, -17.363, 8.554, 0.000, 23.78
1, 0, 0.000, 0.404, 0.000, 0.000, 7.672, 0.000, 0.000, 3.043, -15.107, 3.988, 0.000, 23.38
1, 0, 0.000, 0.481, 0.000, 0.000, 8.194, 0.000, 0.000, 3.148, -12.609, 0.787, 0.000, 23.30
1, 0, 0.000, 0.507, 0.000, 0.000, 7.415, 0.000, 0.000, 3.236, -10.317, -0.840, -0.000, 23.39
1, 0, 0.000, 0.507, 0.000, 0.000, 6.082, 0.000, 0.000, 3.313, -8.153, -1.749, 0.000, 23.56
1, 0, 0.000, 0.484, 0.000, 0.000, 4.552, 0.000, 0.000, 3.383, -6.081, -2.337, -0.000, 23.80
1, 0, 0.000, 0.441, 0.000, 0.000, 3.148, 0.000, 0.000, 3.446, -4.615, -2.420, 0.000, 24.04
1, 0, 0.000, 0.363, 0.000, 0.000, 1.771, 0.000, 0.000, 3.505, -3.171, -2.469, -0.000, 24.28
0, 0, 0.000, 0.286, 0.000, 0.000, 0.992, 0.000, 0.000, 1.062, -0.187, -2.153, 0.000, 24.50
0, 0, 0.000, 0.169, 0.000, 0.000, 0.444, 0.000, 0.000, 0.960, -0.153, -1.420, 0.000, 24.64
0, 0, 0.000, 0.075, 0.000, 0.000, 0.136, 0.000, 0.000, 0.884, -0.115, -0.980, 0.000, 24.74
0, 0, 0.000, -0.018, 0.000, 0.000, -0.037, 0.000, 0.000, 0.824, -0.166, -0.603, -0.000, 24.80
0, 0, 0.000, -0.044, 0.000, 0.000, -0.117, 0.000, 0.000, 0.773, -0.215, -0.397, 0.000, 24.84
0, 0, 0.000, -0.037, 0.000, 0.000, -0.151, 0.000, 0.000, 0.727, -0.310, -0.229, -0.000, 24.86
0, 0, 0.000, -0.018, 0.000, 0.000, -0.101, 0.000, 0.000, 0.687, -0.451, -0.117, 0.000, 24.87
0, 0, 0.000, -0.045, 0.000, 0.000, -0.336, 0.000, 0.000, 0.650, -0.590, 0.321, 0.000, 24.84
0, 0, 0.000, -0.042, 0.000, 0.000, -0.362, 0.000, 0.000, 0.615, -0.681, 0.469, -0.000, 24.80
0, 0, 0.000, -0.027, 0.000, 0.000, -0.278, 0.000, 0.000, 0.584, -0.821, 0.543, 0.000, 24.74
0, 0, 0.000, -0.014, 0.000, 0.000, -0.162, 0.000, 0.000, 0.555, -0.914, 0.535, 0.000, 24.69
0, 0, 0.000, -0.002, 0.000, 0.000, -0.032, 0.000, 0.000, 0.527, -1.056, 0.564, -0.000, 24.63
0, 0, 0.000, 0.006, 0.000, 0.000, 0.091, 0.000, 0.000, 0.501, -1.150, 0.552, -0.000, 24.58
0, 0, 0.000, 0.013, 0.000, 0.000, 0.194, 0.000, 0.000, 0.477, -1.196, 0.512, -0.000, 24.52
0, 0, 0.000, 0.018, 0.000, 0.000, 0.292, 0.000, 0.000, 0.454, -1.292, 0.528, 0.000, 24.47
0, 0, 0.000, 0.021, 0.000, 0.000, 0.375, 0.000, 0.000, 0.432, -1.338, 0.509, 0.000, 24.42
1, 0, 0.000, 0.024, 0.000, 0.000, 0.458, 0.000, 0.000, 0.412, -1.434, 0.541, 0.000, 24.37
1, 0, 0.000, 0.030, 0.000, 0.000, 0.543, 0.000, 0.000, 0.393, -1.280, 0.314, -0.000, 24.34
1, 0, 0.000, 0.054, 0.000, 0.000, 0.867, 0.000, 0.000, 0.374, -1.082, -0.213, 0.000, 24.36
1, 0, 0.000, 0.066, 0.000, 0.000, 0.896, 0.000, 0.000, 0.357, -0.889, -0.430, 0.000, 24.40
1, 0, 0.000, 0.071, 0.000, 0.000, 0.781, 0.000, 0.000, 0.340, -0.700, -0.493, 0.000, 24.45
1, 0, 0.000, 0.076, 0.000, 0.000, 0.647, 0.000, 0.000, 0.324, -0.514, -0.534, 0.000, 24.50
1, 0, 0.000, 0.079, 0.000, 0.000, 0.492, 0.000, 0.000, 0.309, -0.377, -0.503, 0.000, 24.55
1, 0, 0.000, 0.088, 0.000, 0.000, 0.350, 0.000, 0.000, 0.295, -0.242, -0.491, 0.000, 24.60
0, 0, 0.000, 0.191, 0.000, 0.000, 0.469, 0.000, 0.000, 0.282, -0.156, -0.785, -0.000, 24.68
0, 0, 0.000, 0.213, 0.000, 0.000, 0.329, 0.000, 0.000, 0.269, -0.116, -0.694, -0.000, 24.75
0, 0, 0.000, 0.216, 0.000, 0.000, 0.183, 0.000, 0.000, 0.256, -0.075, -0.581, -0.000, 24.81
0, 0, 0.000, 0.120, 0.000, 0.000, 0.139, 0.000, 0.000, 0.244, -0.124, -0.380, 0.000, 24.85
0, 0, 0.000, 0.082, 0.000, 0.000, 0.137, 0.000, 0.000, 0.233, -0.172, -0.280, -0.000, 24.87
0, 0, 0.000, 0.041, 0.000, 0.000, 0.128, 0.000, 0.000, 0.222, -0.265, -0.126, 0.000, 24.89
0, 0, 0.000, 0.030, 0.000, 0.000, 0.144, 0.000, 0.000, 0.212, -0.405, 0.018, 0.000, 24.88
0, 0, 0.000, -0.003, 0.000, 0.000, -0.017, 0.000, 0.000, 0.202, -0.543, 0.360, -0.000, 24.85
0, 0, 0.000, -0.002, 0.000, 0.000, -0.014, 0.000, 0.000, 0.193, -0.681, 0.505, 0.000, 24.80
0, 0, 0.000, 0.008, 0.000, 0.000, 0.074, 0.000, 0.000, 0.184, -0.821, 0.556, 0.000, 24.74
0, 0, 0.000, 0.017, 0.000, 0.000, 0.193, 0.000, 0.000, 0.176, -0.962, 0.577, 0.000, 24.69
0, 0, 0.000, 0.025, 0.000, 0.000, 0.320, 0.000, 0.000, 0.168, -1.105, 0.593, -0.000, 24.63
0, 0, 0.000, 0.030, 0.000, 0.000, 0.436, 0.000, 0.000, 0.160, -1.200, 0.574, 0.000, 24.57
0, 0, 0.000, 0.034, 0.000, 0.000, 0.541, 0.000, 0.000, 0.152, -1.295, 0.568, 0.000, 24.51
0, 0, 0.000, 0.037, 0.000, 0.000, 0.636, 0.000, 0.000, 0.145, -1.391, 0.573, 0.000, 24.45
0, 0, 0.000, 0.039, 0.000, 0.000, 0.725, 0.000, 0.000, 0.139, -1.488, 0.586, -0.000, 24.40
1, 0, 0.000, 0.309, 0.000, 0.000, 6.255, 0.000, 0.000, 2.630, -18.292, 9.097, -0.000, 23.49
1, 0, 0.000, 0.435, 0.000, 0.000, 8.660, 0.000, 0.000, 2.778, -16.562, 4.689, 0.000, 23.02
1, 0, 0.000, 0.488, 0.000, 0.000, 9.679, 0.000, 0.000, 2.895, -15.675, 2.613, 0.000, 22.76
1, 0, 0.000, 0.506, 0.000, 0.000, 9.960, 0.000, 0.000, 2.994, -14.912, 1.451, 0.000, 22.61
1, 0, 0.000, 0.510, 0.000, 0.000, 9.658, 0.000, 0.000, 3.083, -13.655, 0.404, 0.000, 22.57
1, 0, 0.000, 0.520, 0.000, 0.000, 9.119, 0.000, 0.000, 3.163, -12.483, -0.319, 0.000, 22.60
1, 0, 0.000, 0.527, 0.000, 0.000, 7.993, 0.000, 0.000, 3.237, -10.256, -1.501, -0.000, 22.75
1, 0, 0.000, 0.490, 0.000, 0.000, 6.926, 0.000, 0.000, 3.306, -9.231, -1.491, 0.000, 22.90
0, 0, 0.000, 0.305, 0.000, 0.000, 4.022, 0.000, 0.000, 0.872, -0.704, -4.495, -0.000, 23.35
0, 0, 0.000, 0.200, 0.000, 0.000, 2.429, 0.000, 0.000, 0.778, -0.679, -2.728, 0.000, 23.62
0, 0, 0.000, 0.127, 0.000, 0.000, 1.489, 0.000, 0.000, 0.711, -0.645, -1.682, -0.000, 23.79
0, 0, 0.000, 0.076, 0.000, 0.000, 0.899, 0.000, 0.000, 0.659, -0.653, -0.980, -0.000, 23.89
0, 0, 0.000, 0.052, 0.000, 0.000, 0.609, 0.000, 0.000, 0.615, -0.658, -0.618, 0.000, 23.95
0, 0, 0.000, 0.034, 0.000, 0.000, 0.427, 0.000, 0.000, 0.577, -0.709, -0.329, 0.000, 23.98
0, 0, 0.000, 0.026, 0.000, 0.000, 0.362, 0.000, 0.000, 0.543, -0.807, -0.125, -0.000, 24.00
0, 0, 0.000, 0.007, 0.000, 0.000, 0.110, 0.000, 0.000, 0.513, -0.853, 0.224, 0.000, 23.97
0, 0, 0.000, 0.003, 0.000, 0.000, 0.053, 0.000, 0.000, 0.485, -0.948, 0.407, 0.000, 23.93
0, 0, 0.000, 0.006, 0.000, 0.000, 0.095, 0.000, 0.000, 0.459, -1.042, 0.482, -0.000, 23.89
0, 0, 0.000, 0.010, 0.000, 0.000, 0.176, 0.000, 0.000, 0.436, -1.137, 0.515, -0.000, 23.83
0, 0, 0.000, 0.014, 0.000, 0.000, 0.268, 0.000, 0.000, 0.414, -1.232, 0.536, 0.000, 23.78
0, 0, 0.000, 0.017, 0.000, 0.000, 0.342, 0.000, 0.000, 0.393, -1.228, 0.476, 0.000, 23.73
0, 0, 0.000, 0.020, 0.000, 0.000, 0.408, 0.000, 0.000, 0.374, -1.274, 0.473, 0.000, 23.69
0, 0, 0.000, 0.022, 0.000, 0.000, 0.478, 0.000, 0.000, 0.356, -1.371, 0.516, 0.000, 23.63
0, 0, 0.000, 0.024, 0.000, 0.000, 0.540, 0.000, 0.000, 0.339, -1.417, 0.514, -0.000, 23.58
1, 0, 0.000, 0.240, 0.000, 0.000, 5.616, 0.000, 0.000, 2.820, -16.908, 8.231, 0.000, 22.76
1, 0, 0.000, 0.339, 0.000, 0.000, 7.571, 0.000, 0.000, 2.959, -14.670, 3.802, 0.000, 22.38
1, 0, 0.000, 0.384, 0.000, 0.000, 8.025, 0.000, 0.000, 3.067, -12.724, 1.248, 0.000, 22.25
1, 0, 0.000, 0.400, 0.000, 0.000, 7.618, 0.000, 0.000, 3.159, -10.952, -0.224, 0.000, 22.28
1, 0, 0.000, 0.399, 0.000, 0.000, 6.541, 0.000, 0.000, 3.239, -8.739, -1.440, -0.000, 22.42
1, 0, 0.000, 0.377, 0.000, 0.000, 4.947, 0.000, 0.000, 3.312, -6.095, -2.542, -0.000, 22.68
1, 0, 0.000, 0.322, 0.000, 0.000, 3.514, 0.000, 0.000, 3.379, -4.639, -2.577, 0.000, 22.93
1, 0, 0.000, 0.244, 0.000, 0.000, 2.145, 0.000, 0.000, 3.441, -3.205, -2.625, 0.000, 23.20
0, 0, 0.000, 0.168, 0.000, 0.000, 1.224, 0.000, 0.000, 1.001, -0.190, -2.204, 0.000, 23.42
0, 0, 0.000, 0.098, 0.000, 0.000, 0.605, 0.000, 0.000, 0.902, -0.156, -1.449, -0.000, 23.56
0, 0, 0.000, 0.049, 0.000, 0.000, 0.247, 0.000, 0.000, 0.829, -0.118, -1.007, 0.000, 23.66
0, 0, 0.000, 0.003, 0.000, 0.000, 0.016, 0.000, 0.000, 0.771, -0.124, -0.666, 0.000, 23.73
0, 0, 0.000, -0.020, 0.000, 0.000, -0.106, 0.000, 0.000, 0.722, -0.173, -0.423, 0.000, 23.77
0, 0, 0.000, -0.013, 0.000, 0.000, -0.082, 0.000, 0.000, 0.679, -0.268, -0.316, -0.000, 23.80
0, 0, 0.000, 0.002, 0.000, 0.000, 0.012, 0.000, 0.000, 0.641, -0.364, -0.290, -0.000, 23.83
0, 0, 0.000, -0.034, 0.000, 0.000, -0.325, 0.000, 0.000, 0.606, -0.503, 0.257, -0.000, 23.81
0, 0, 0.000, -0.035, 0.000, 0.000, -0.381, 0.000, 0.000, 0.574, -0.642, 0.484, -0.000, 23.76
0, 0, 0.000, -0.026, 0.000, 0.000, -0.309, 0.000, 0.000, 0.544, -0.734, 0.525, -0.000, 23.70
0, 0, 0.000, -0.014, 0.000, 0.000, -0.188, 0.000, 0.000, 0.517, -0.875, 0.560, 0.000, 23.65
0, 0, 0.000, -0.004, 0.000, 0.000, -0.061, 0.000, 0.000, 0.491, -0.968, 0.542, -0.000, 23.59
0, 0, 0.000, 0.004, 0.000, 0.000, 0.060, 0.000, 0.000, 0.467, -1.062, 0.531, 0.000, 23.54
0, 0, 0.000, 0.010, 0.000, 0.000, 0.182, 0.000, 0.000, 0.444, -1.207, 0.570, 0.000, 23.48
0, 0, 0.000, 0.015, 0.000, 0.000, 0.295, 0.000, 0.000, 0.423, -1.302, 0.570, 0.000, 23.43
0, 0, 0.000, 0.020, 0.000, 0.000, 0.399, 0.000, 0.000, 0.402, -1.399, 0.578, -0.000, 23.37
1, 0, 0.000, 0.257, 0.000, 0.000, 5.611, 0.000, 0.000, 2.881, -17.271, 8.522, 0.000, 22.52
1, 0, 0.000, 0.367, 0.000, 0.000, 7.665, 0.000, 0.000, 3.017, -15.010, 3.962, 0.000, 22.12
1, 0, 0.000, 0.425, 0.000, 0.000, 8.104, 0.000, 0.000, 3.122, -12.497, 0.846, 0.000, 22.04
1, 0, 0.000, 0.432, 0.000, 0.000, 7.518, 0.000, 0.000, 3.211, -10.746, -0.414, 0.000, 22.08
1, 0, 0.000, 0.426, 0.000, 0.000, 6.555, 0.000, 0.000, 3.290, -9.094, -1.176, 0.000, 22.20
1, 0, 0.000, 0.405, 0.000, 0.000, 5.223, 0.000, 0.000, 3.361, -6.967, -2.021, -0.000, 22.40
1, 0, 0.000, 0.366, 0.000, 0.000, 3.932, 0.000, 0.000, 3.425, -5.468, -2.256, 0.000, 22.62
1, 0, 0.000, 0.303, 0.000, 0.000, 2.638, 0.000, 0.000, 3.485, -4.003, -2.423, 0.000, 22.87
0, 0, 0.000, 0.209, 0.000, 0.000, 1.515, 0.000, 0.000, 1.043, -0.258, -2.508, 0.000, 23.12
0, 0, 0.000, 0.121, 0.000, 0.000, 0.774, 0.000, 0.000, 0.941, -0.225, -1.611, -0.000, 23.28
0, 0, 0.000, 0.057, 0.000, 0.000, 0.346, 0.000, 0.000, 0.867, -0.234, -1.036, -0.000, 23.38
0, 0, 0.000, 0.014, 0.000, 0.000, 0.081, 0.000, 0.000, 0.807, -0.239, -0.663, 0.000, 23.45
0, 0, 0.000, -0.009, 0.000, 0.000, -0.057, 0.000, 0.000, 0.757, -0.289, -0.403, -0.000, 23.49
0, 0, 0.000, -0.015, 0.000, 0.000, -0.118, 0.000, 0.000, 0.712, -0.384, -0.195, -0.000, 23.51
0, 0, 0.000, -0.020, 0.000, 0.000, -0.191, 0.000, 0.000, 0.672, -0.525, 0.064, -0.000, 23.50
0, 0, 0.000, -0.028, 0.000, 0.000, -0.317, 0.000, 0.000, 0.636, -0.665, 0.375, -0.000, 23.46
0, 0, 0.000, -0.023, 0.000, 0.000, -0.291, 0.000, 0.000, 0.602, -0.758, 0.469, -0.000, 23.42
0, 0, 0.000, -0.013, 0.000, 0.000, -0.189, 0.000, 0.000, 0.571, -0.899, 0.530, -0.000, 23.36
0, 0, 0.000, -0.005, 0.000, 0.000, -0.070, 0.000, 0.000, 0.543, -0.993, 0.525, 0.000, 23.31
0, 0, 0.000, 0.003, 0.000, 0.000, 0.058, 0.000, 0.000, 0.516, -1.137, 0.560, -0.000, 23.25
0, 0, 0.000, 0.010, 0.000, 0.000, 0.178, 0.000, 0.000, 0.490, -1.232, 0.554, 0.000, 23.20
0, 0, 0.000, 0.015, 0.000, 0.000, 0.289, 0.000, 0.000, 0.467, -1.328, 0.558, -0.000, 23.14
0, 0, 0.000, 0.019, 0.000, 0.000, 0.393, 0.000, 0.000, 0.444, -1.425, 0.569, -0.000, 23.09
0, 0, 0.000, 0.022, 0.000, 0.000, 0.491, 0.000, 0.000, 0.423, -1.523, 0.587, -0.000, 23.03
1, 0, 0.000, 0.259, 0.000, 0.000, 6.217, 0.000, 0.000, 2.901, -18.694, 9.318, 0.000, 22.10
1, 0, 0.000, 0.367, 0.000, 0.000, 8.312, 0.000, 0.000, 3.035, -15.784, 4.069, 0.000, 21.69
1, 0, 0.000, 0.421, 0.000, 0.000, 8.962, 0.000, 0.000, 3.140, -13.815, 1.291, 0.000, 21.56
1, 0, 0.000, 0.440, 0.000, 0.000, 8.341, 0.000, 0.000, 3.228, -11.460, -0.548, 0.000, 21.61
1, 0, 0.000, 0.435, 0.000, 0.000, 6.904, 0.000, 0.000, 3.306, -8.698, -1.947, -0.000, 21.81
1, 0, 0.000, 0.407, 0.000, 0.000, 5.518, 0.000, 0.000, 3.376, -7.166, -2.136, -0.000, 22.02
1, 0, 0.000, 0.363, 0.000, 0.000, 3.983, 0.000, 0.000, 3.440, -5.130, -2.656, 0.000, 22.29
1, 0, 0.000, 0.296, 0.000, 0.000, 2.577, 0.000, 0.000, 3.499, -3.692, -2.679, 0.000, 22.56
0, 0, 0.000, 0.219, 0.000, 0.000, 1.543, 0.000, 0.000, 1.056, -0.233, -2.585, 0.000, 22.82
0, 0, 0.000, 0.138, 0.000, 0.000, 0.772, 0.000, 0.000, 0.954, -0.155, -1.709, 0.000, 22.99
0, 0, 0.000, 0.065, 0.000, 0.000, 0.339, 0.000, 0.000, 0.879, -0.164, -1.119, -0.000, 23.10
0, 0, 0.000, 0.012, 0.000, 0.000, 0.063, 0.000, 0.000, 0.819, -0.170, -0.725, 0.000, 23.17
0, 0, 0.000, -0.012, 0.000, 0.000, -0.072, 0.000, 0.000, 0.768, -0.220, -0.464, 0.000, 23.22
0, 0, 0.000, -0.019, 0.000, 0.000, -0.140, 0.000, 0.000, 0.723, -0.315, -0.249, -0.000, 23.24
0, 0, 0.000, -0.010, 0.000, 0.000, -0.088, 0.000, 0.000, 0.682, -0.457, -0.127, -0.000, 23.25
0, 0, 0.000, -0.028, 0.000, 0.000, -0.316, 0.000, 0.000, 0.645, -0.645, 0.343, 0.000, 23.22
0, 0, 0.000, -0.025, 0.000, 0.000, -0.325, 0.000, 0.000, 0.612, -0.785, 0.524, -0.000, 23.17
0, 0, 0.000, -0.015, 0.000, 0.000, -0.223, 0.000, 0.000, 0.580, -0.927, 0.585, -0.000, 23.11
0, 0, 0.000, -0.005, 0.000, 0.000, -0.084, 0.000, 0.000, 0.551, -1.070, 0.608, -0.000, 23.05
0, 0, 0.000, 0.004, 0.000, 0.000, 0.064, 0.000, 0.000, 0.524, -1.214, 0.622, 0.000, 22.99
0, 0, 0.000, 0.010, 0.000, 0.000, 0.201, 0.000, 0.000, 0.498, -1.310, 0.601, 0.000, 22.93
0, 0, 0.000, 0.016, 0.000, 0.000, 0.334, 0.000, 0.000, 0.474, -1.457, 0.633, -0.000, 22.86
0, 0, 0.000, 0.020, 0.000, 0.000, 0.466, 0.000, 0.000, 0.451, -1.606, 0.669, -0.000, 22.80
0, 0, 0.000, 0.024, 0.000, 0.000, 0.585, 0.000, 0.000, 0.430, -1.704, 0.666, 0.000, 22.73
1, 0, 0.000, 0.272, 0.000, 0.000, 7.293, 0.000, 0.000, 2.907, -21.367, 10.895, 0.000, 21.64
1, 0, 0.000, 0.388, 0.000, 0.000, 10.309, 0.000, 0.000, 3.041, -19.485, 5.747, -0.000, 21.07
1, 0, 0.000, 0.450, 0.000, 0.000, 11.225, 0.000, 0.000, 3.146, -16.774, 1.953, -0.000, 20.87
1, 0, 0.000, 0.474, 0.000, 0.000, 10.745, 0.000, 0.000, 3.234, -14.324, -0.129, 0.000, 20.88
1, 0, 0.000, 0.470, 0.000, 0.000, 9.535, 0.000, 0.000, 3.311, -12.033, -1.283, 0.000, 21.01
1, 0, 0.000, 0.450, 0.000, 0.000, 8.035, 0.000, 0.000, 3.381, -9.853, -2.013, 0.000, 21.21
1, 0, 0.000, 0.421, 0.000, 0.000, 6.622, 0.000, 0.000, 3.445, -8.309, -2.178, 0.000, 21.43
1, 0, 0.000, 0.384, 0.000, 0.000, 5.439, 0.000, 0.000, 3.504, -7.344, -1.983, -0.000, 21.63
0, 0, 0.000, 0.256, 0.000, 0.000, 3.254, 0.000, 0.000, 1.061, -0.545, -4.026, 0.000, 22.03
0, 0, 0.000, 0.163, 0.000, 0.000, 1.859, 0.000, 0.000, 0.958, -0.471, -2.509, 0.000, 22.28
0, 0, 0.000, 0.096, 0.000, 0.000, 1.068, 0.000, 0.000, 0.883, -0.484, -1.564, -0.000, 22.44
0, 0, 0.000, 0.052, 0.000, 0.000, 0.580, 0.000, 0.000, 0.823, -0.492, -0.963, 0.000, 22.53
0, 0, 0.000, 0.029, 0.000, 0.000, 0.348, 0.000, 0.000, 0.772, -0.544, -0.604, -0.000, 22.60
0, 0, 0.000, 0.025, 0.000, 0.000, 0.333, 0.000, 0.000, 0.726, -0.644, -0.441, -0.000, 22.64
0, 0, 0.000, 0.027, 0.000, 0.000, 0.418, 0.000, 0.000, 0.686, -0.792, -0.339, 0.000, 22.67
0, 0, 0.000, -0.001, 0.000, 0.000, -0.022, 0.000, 0.000, 0.649, -0.887, 0.262, 0.000, 22.65
0, 0, 0.000, -0.007, 0.000, 0.000, -0.124, 0.000, 0.000, 0.614, -0.981, 0.498, -0.000, 22.60
0, 0, 0.000, -0.004, 0.000, 0.000, -0.070, 0.000, 0.000, 0.583, -1.076, 0.567, -0.000, 22.54
0, 0, 0.000, 0.001, 0.000, 0.000, 0.027, 0.000, 0.000, 0.554, -1.121, 0.539, 0.000, 22.49
0, 0, 0.000, 0.007, 0.000, 0.000, 0.149, 0.000, 0.000, 0.526, -1.267, 0.585, 0.000, 22.43
0, 0, 0.000, 0.011, 0.000, 0.000, 0.248, 0.000, 0.000, 0.501, -1.262, 0.503, -0.000, 22.38
0, 0, 0.000, 0.014, 0.000, 0.000, 0.323, 0.000, 0.000, 0.476, -1.258, 0.445, 0.000, 22.33
0, 0, 0.000, 0.017, 0.000, 0.000, 0.379, 0.000, 0.000, 0.453, -1.255, 0.406, -0.000, 22.29
0, 0, 0.000, 0.018, 0.000, 0.000, 0.432, 0.000, 0.000, 0.432, -1.302, 0.420, 0.000, 22.25
1, 0, 0.000, 0.200, 0.000, 0.000, 4.815, 0.000, 0.000, 2.909, -15.015, 7.091, -0.000, 21.54
1, 0, 0.000, 0.283, 0.000, 0.000, 6.616, 0.000, 0.000, 3.043, -13.431, 3.489, 0.000, 21.19
1, 0, 0.000, 0.320, 0.000, 0.000, 7.005, 0.000, 0.000, 3.148, -11.513, 1.041, -0.000, 21.09
1, 0, 0.000, 0.333, 0.000, 0.000, 6.440, 0.000, 0.000, 3.236, -9.216, -0.793, 0.000, 21.17
1, 0, 0.000, 0.306, 0.000, 0.000, 5.403, 0.000, 0.000, 3.313, -7.601, -1.420, 0.000, 21.31
1, 0, 0.000, 0.270, 0.000, 0.000, 4.423, 0.000, 0.000, 3.383, -6.590, -1.486, 0.000, 21.46
1, 0, 0.000, 0.238, 0.000, 0.000, 3.343, 0.000, 0.000, 3.446, -5.061, -1.967, 0.000, 21.66
1, 0, 0.000, 0.188, 0.000, 0.000, 2.353, 0.000, 0.000, 3.505, -4.114, -1.932, -0.000, 21.85
0, 0, 0.000, 0.093, 0.000, 0.000, 1.188, 0.000, 0.000, 1.062, -0.356, -1.987, -0.000, 22.05
0, 0, 0.000, 0.046, 0.000, 0.000, 0.565, 0.000, 0.000, 0.960, -0.366, -1.204, 0.000, 22.17
0, 0, 0.000, 0.019, 0.000, 0.000, 0.217, 0.000, 0.000, 0.884, -0.326, -0.794, 0.000, 22.25
0, 0, 0.000, -0.003, 0.000, 0.000, -0.039, 0.000, 0.000, 0.824, -0.377, -0.405, -0.000, 22.29
0, 0, 0.000, -0.011, 0.000, 0.000, -0.135, 0.000, 0.000, 0.773, -0.472, -0.155, 0.000, 22.30
0, 0, 0.000, -0.010, 0.000, 0.000, -0.138, 0.000, 0.000, 0.727, -0.520, -0.059, 0.000, 22.31
0, 0, 0.000, -0.014, 0.000, 0.000, -0.198, 0.000, 0.000, 0.687, -0.615, 0.139, -0.000, 22.30
0, 0, 0.000, -0.017, 0.000, 0.000, -0.260, 0.000, 0.000, 0.650, -0.708, 0.336, -0.000, 22.26
0, 0, 0.000, -0.014, 0.000, 0.000, -0.224, 0.000, 0.000, 0.615, -0.754, 0.376, -0.000, 22.22
0, 0, 0.000, -0.008, 0.000, 0.000, -0.144, 0.000, 0.000, 0.584, -0.848, 0.417, 0.000, 22.18
0, 0, 0.000, -0.003, 0.000, 0.000, -0.059, 0.000, 0.000, 0.555, -0.893, 0.401, 0.000, 22.14
0, 0, 0.000, 0.002, 0.000, 0.000, 0.031, 0.000, 0.000, 0.527, -0.988, 0.429, 0.000, 22.10
0, 0, 0.000, 0.006, 0.000, 0.000, 0.122, 0.000, 0.000, 0.501, -1.084, 0.455, 0.000, 22.05
0, 0, 0.000, 0.010, 0.000, 0.000, 0.202, 0.000, 0.000, 0.477, -1.130, 0.441, -0.000, 22.01
0, 0, 0.000, 0.013, 0.000, 0.000, 0.273, 0.000, 0.000, 0.454, -1.176, 0.437, 0.000, 21.97
0, 0, 0.000, 0.015, 0.000, 0.000, 0.347, 0.000, 0.000, 0.432, -1.273, 0.478, 0.000, 21.92
1, 0, 0.000, 0.017, 0.000, 0.000, 0.414, 0.000, 0.000, 0.412, -1.320, 0.476, -0.000, 21.87
1, 0, 0.000, 0.021, 0.000, 0.000, 0.486, 0.000, 0.000, 0.393, -1.166, 0.266, 0.000, 21.84
1, 0, 0.000, 0.031, 0.000, 0.000, 0.658, 0.000, 0.000, 0.374, -1.016, -0.047, 0.000, 21.85
1, 0, 0.000, 0.038, 0.000, 0.000, 0.728, 0.000, 0.000, 0.357, -0.870, -0.252, -0.000, 21.87
1, 0, 0.000, 0.041, 0.000, 0.000, 0.694, 0.000, 0.000, 0.340, -0.679, -0.396, 0.000, 21.91
1, 0, 0.000, 0.045, 0.000, 0.000, 0.666, 0.000, 0.000, 0.324, -0.539, -0.496, 0.000, 21.96
1, 0, 0.000, 0.050, 0.000, 0.000, 0.642, 0.000, 0.000, 0.309, -0.402, -0.600, -0.000, 22.02
1, 0, 0.000, 0.058, 0.000, 0.000, 0.602, 0.000, 0.000, 0.295, -0.266, -0.689, -0.000, 22.09
0, 0, 0.000, 0.071, 0.000, 0.000, 0.619, 0.000, 0.000, 0.282, -0.180, -0.791, -0.000, 22.17
0, 0, 0.000, 0.064, 0.000, 0.000, 0.477, 0.000, 0.000, 0.269, -0.139, -0.670, -0.000, 22.24
0, 0, 0.000, 0.053, 0.000, 0.000, 0.347, 0.000, 0.000, 0.256, -0.098, -0.559, 0.000, 22.29
0, 0, 0.000, 0.036, 0.000, 0.000, 0.215, 0.000, 0.000, 0.244, -0.055, -0.440, 0.000, 22.34
0, 0, 0.000, 0.024, 0.000, 0.000, 0.155, 0.000, 0.000, 0.233, -0.104, -0.308, -0.000, 22.37
0, 0, 0.000, 0.011, 0.000, 0.000, 0.085, 0.000, 0.000, 0.222, -0.197, -0.121, 0.000, 22.38
0, 0, 0.000, 0.001, 0.000, 0.000, 0.008, 0.000, 0.000, 0.212, -0.336, 0.116, 0.000, 22.37
0, 0, 0.000, -0.010, 0.000, 0.000, -0.107, 0.000, 0.000, 0.202, -0.428, 0.342, 0.000, 22.34
0, 0, 0.000, -0.008, 0.000, 0.000, -0.091, 0.000, 0.000, 0.193, -0.519, 0.425, 0.000, 22.29
0, 0, 0.000, -0.000, 0.000, 0.000, -0.004, 0.000, 0.000, 0.184, -0.659, 0.479, 0.000, 22.24
0, 0, 0.000, 0.007, 0.000, 0.000, 0.099, 0.000, 0.000, 0.176, -0.752, 0.470, -0.000, 22.20
0, 0, 0.000, 0.013, 0.000, 0.000, 0.202, 0.000, 0.000, 0.168, -0.845, 0.462, -0.000, 22.15
0, 0, 0.000, 0.018, 0.000, 0.000, 0.289, 0.000, 0.000, 0.160, -0.891, 0.424, -0.000, 22.11
0, 0, 0.000, 0.021, 0.000, 0.000, 0.372, 0.000, 0.000, 0.152, -0.985, 0.440, -0.000, 22.07
0, 0, 0.000, 0.024, 0.000, 0.000, 0.441, 0.000, 0.000, 0.145, -1.031, 0.420, 0.000, 22.02
0, 0, 0.000, 0.026, 0.000, 0.000, 0.501, 0.000, 0.000, 0.139, -1.078, 0.412, -0.000, 21.98
1, 0, 0.000, 0.216, 0.000, 0.000, 4.377, 0.000, 0.000, 2.630, -13.590, 6.367, 0.000, 21.35
1, 0, 0.000, 0.300, 0.000, 0.000, 5.751, 0.000, 0.000, 2.778, -11.502, 2.674, -0.000, 21.08
1, 0, 0.000, 0.348, 0.000, 0.000, 5.771, 0.000, 0.000, 2.895, -8.579, -0.435, -0.000, 21.12
1, 0, 0.000, 0.333, 0.000, 0.000, 4.709, 0.000, 0.000, 2.994, -6.411, -1.625, 0.000, 21.28
1, 0, 0.000, 0.290, 0.000, 0.000, 3.478, 0.000, 0.000, 3.083, -4.884, -1.968, -0.000, 21.48
1, 0, 0.000, 0.221, 0.000, 0.000, 2.060, 0.000, 0.000, 3.163, -2.869, -2.575, 0.000, 21.74
1, 0, 0.000, 0.111, 0.000, 0.000, 0.787, 0.000, 0.000, 3.237, -1.452, -2.682, 0.000, 22.01
1, 0, 0.000, -0.041, 0.000, 0.000, -0.216, 0.000, 0.000, 3.306, -0.585, -2.465, -0.000, 22.25
0, 0, 0.000, -0.022, 0.000, 0.000, -0.084, 0.000, 0.000, 0.872, 0.036, -0.803, 0.000, 22.33
0, 0, 0.000, -0.045, 0.000, 0.000, -0.127, 0.000, 0.000, 0.778, 0.076, -0.682, 0.000, 22.40
0, 0, 0.000, -0.083, 0.000, 0.000, -0.153, 0.000, 0.000, 0.711, 0.117, -0.592, -0.000, 22.46
0, 0, 0.000, -0.103, 0.000, 0.000, -0.226, 0.000, 0.000, 0.659, 0.068, -0.398, -0.000, 22.50
0, 0, 0.000, -0.097, 0.000, 0.000, -0.262, 0.000, 0.000, 0.615, 0.020, -0.277, 0.000, 22.53
0, 0, 0.000, -0.062, 0.000, 0.000, -0.237, 0.000, 0.000, 0.577, -0.073, -0.205, -0.000, 22.55
0, 0, 0.000, -0.033, 0.000, 0.000, -0.182, 0.000, 0.000, 0.543, -0.212, -0.117, 0.000, 22.56
0, 0, 0.000, -0.058, 0.000, 0.000, -0.393, 0.000, 0.000, 0.513, -0.303, 0.241, -0.000, 22.54
0, 0, 0.000, -0.049, 0.000, 0.000, -0.407, 0.000, 0.000, 0.485, -0.441, 0.413, -0.000, 22.50
0, 0, 0.000, -0.035, 0.000, 0.000, -0.326, 0.000, 0.000, 0.459, -0.532, 0.434, -0.000, 22.45
0, 0, 0.000, -0.019, 0.000, 0.000, -0.208, 0.000, 0.000, 0.436, -0.672, 0.464, 0.000, 22.41
0, 0, 0.000, -0.007, 0.000, 0.000, -0.087, 0.000, 0.000, 0.414, -0.765, 0.446, 0.000, 22.36
0, 0, 0.000, 0.002, 0.000, 0.000, 0.027, 0.000, 0.000, 0.393, -0.859, 0.437, 0.000, 22.32
0, 0, 0.000, 0.009, 0.000, 0.000, 0.133, 0.000, 0.000, 0.374, -0.954, 0.437, 0.000, 22.27
0, 0, 0.000, 0.014, 0.000, 0.000, 0.222, 0.000, 0.000, 0.356, -1.000, 0.407, 0.000, 22.23
0, 0, 0.000, 0.018, 0.000, 0.000, 0.308, 0.000, 0.000, 0.339, -1.095, 0.431, 0.000, 22.19
1, 0, 0.000, 0.232, 0.000, 0.000, 4.237, 0.000, 0.000, 2.820, -13.793, 6.503, -0.000, 21.54
1, 0, 0.000, 0.324, 0.000, 0.000, 5.454, 0.000, 0.000, 2.959, -11.133, 2.397, 0.000, 21.30
1, 0, 0.000, 0.382, 0.000, 0.000, 5.627, 0.000, 0.000, 3.067, -8.791, -0.285, 0.000, 21.33
1, 0, 0.000, 0.379, 0.000, 0.000, 4.648, 0.000, 0.000, 3.159, -6.616, -1.570, -0.000, 21.48
1, 0, 0.000, 0.337, 0.000, 0.000, 3.245, 0.000, 0.000, 3.239, -4.546, -2.275, 0.000, 21.71
1, 0, 0.000, 0.247, 0.000, 0.000, 1.755, 0.000, 0.000, 3.312, -2.556, -2.759, 0.000, 21.99
1, 0, 0.000, 0.103, 0.000, 0.000, 0.483, 0.000, 0.000, 3.379, -1.157, -2.808, 0.000, 22.27
1, 0, 0.000, -0.233, 0.000, 0.000, -0.558, 0.000, 0.000, 3.441, 0.220, -2.870, -0.000, 22.56
0, 0, 0.000, -0.230, 0.000, 0.000, -0.153, 0.000, 0.000, 1.001, 0.103, -0.721, -0.000, 22.63
0, 0, 0.000, -0.268, 0.000, 0.000, -0.116, 0.000, 0.000, 0.902, 0.143, -0.660, 0.000, 22.69
0, 0, 0.000, -0.187, 0.000, 0.000, -0.232, 0.000, 0.000, 0.829, 0.183, -0.593, 0.000, 22.75
0, 0, 0.000, -0.200, 0.000, 0.000, -0.274, 0.000, 0.000, 0.771, 0.179, -0.476, 0.000, 22.80
0, 0, 0.000, -0.419, 0.000, 0.000, -0.068, 0.000, 0.000, 0.722, 0.086, -0.321, -0.000, 22.83
0, 0, 0.000, -0.219, 0.000, 0.000, -0.282, 0.000, 0.000, 0.679, -0.006, -0.172, -0.000, 22.85
0, 0, 0.000, -0.127, 0.000, 0.000, -0.448, 0.000, 0.000, 0.641, -0.189, 0.123, 0.000, 22.84
0, 0, 0.000, -0.111, 0.000, 0.000, -0.530, 0.000, 0.000, 0.606, -0.279, 0.315, 0.000, 22.81
0, 0, 0.000, -0.084, 0.000, 0.000, -0.489, 0.000, 0.000, 0.574, -0.370, 0.368, -0.000, 22.77
0, 0, 0.000, -0.057, 0.000, 0.000, -0.395, 0.000, 0.000, 0.544, -0.461, 0.369, -0.000, 22.73
0, 0, 0.000, -0.036, 0.000, 0.000, -0.287, 0.000, 0.000, 0.517, -0.553, 0.359, -0.000, 22.70
0, 0, 0.000, -0.019, 0.000, 0.000, -0.179, 0.000, 0.000, 0.491, -0.646, 0.353, 0.000, 22.66
0, 0, 0.000, -0.008, 0.000, 0.000, -0.084, 0.000, 0.000, 0.467, -0.691, 0.317, -0.000, 22.63
0, 0, 0.000, -0.000, 0.000, 0.000, -0.002, 0.000, 0.000, 0.444, -0.737, 0.295, -0.000, 22.60
0, 0, 0.000, 0.006, 0.000, 0.000, 0.069, 0.000, 0.000, 0.423, -0.783, 0.286, 0.000, 22.57
0, 0, 0.000, 0.011, 0.000, 0.000, 0.132, 0.000, 0.000, 0.402, -0.830, 0.284, 0.000, 22.54
1, 0, 0.000, 0.206, 0.000, 0.000, 2.725, 0.000, 0.000, 2.881, -10.183, 4.371, 0.000, 22.11
1, 0, 0.000, 0.293, 0.000, 0.000, 3.673, 0.000, 0.000, 3.017, -8.815, 1.833, 0.000, 21.92
1, 0, 0.000, 0.339, 0.000, 0.000, 3.581, 0.000, 0.000, 3.122, -6.536, -0.506, 0.000, 21.97
1, 0, 0.000, 0.318, 0.000, 0.000, 2.616, 0.000, 0.000, 3.211, -4.415, -1.731, -0.000, 22.15
1, 0, 0.000, 0.244, 0.000, 0.000, 1.332, 0.000, 0.000, 3.290, -2.400, -2.465, -0.000, 22.39
1, 0, 0.000, 0.064, 0.000, 0.000, 0.191, 0.000, 0.000, 3.361, -0.987, -2.629, -0.000, 22.66
1, 0, 0.000, -1.071, 0.000, 0.000, -0.176, 0.000, 0.000, 3.425, 0.914, -3.092, -0.000, 22.97
1, 0, 0.000, -0.868, 0.000, 0.000, -1.858, 0.000, 0.000, 3.485, 2.253, -3.012, 0.000, 23.27
0, 0, 0.000, -0.306, 0.000, 0.000, -1.204, 0.000, 0.000, 1.043, 0.277, 0.190, 0.000, 23.25
0, 0, 0.000, -0.168, 0.000, 0.000, -0.913, 0.000, 0.000, 0.941, 0.364, -0.224, 0.000, 23.27
0, 0, 0.000, -0.123, 0.000, 0.000, -0.764, 0.000, 0.000, 0.867, 0.405, -0.386, -0.000, 23.31
0, 0, 0.000, -0.121, 0.000, 0.000, -0.706, 0.000, 0.000, 0.807, 0.358, -0.339, 0.000, 23.34
0, 0, 0.000, -0.106, 0.000, 0.000, -0.633, 0.000, 0.000, 0.757, 0.355, -0.373, -0.000, 23.38
0, 0, 0.000, -0.094, 0.000, 0.000, -0.461, 0.000, 0.000, 0.712, 0.263, -0.421, -0.000, 23.42
0, 0, 0.000, -0.098, 0.000, 0.000, -0.307, 0.000, 0.000, 0.672, 0.125, -0.392, -0.000, 23.46
0, 0, 0.000, -0.269, 0.000, 0.000, -0.491, 0.000, 0.000, 0.636, 0.036, 0.089, -0.000, 23.45
0, 0, 0.000, -0.580, 0.000, 0.000, -0.224, 0.000, 0.000, 0.602, -0.099, 0.300, -0.000, 23.42
0, 0, 0.000, -0.340, 0.000, 0.000, -0.362, 0.000, 0.000, 0.571, -0.234, 0.365, 0.000, 23.39
0, 0, 0.000, -0.153, 0.000, 0.000, -0.400, 0.000, 0.000, 0.543, -0.371, 0.381, -0.000, 23.35
0, 0, 0.000, -0.084, 0.000, 0.000, -0.320, 0.000, 0.000, 0.516, -0.462, 0.351, -0.000, 23.31
0, 0, 0.000, -0.040, 0.000, 0.000, -0.218, 0.000, 0.000, 0.490, -0.602, 0.369, 0.000, 23.28
0, 0, 0.000, -0.014, 0.000, 0.000, -0.102, 0.000, 0.000, 0.467, -0.743, 0.392, -0.000, 23.24
0, 0, 0.000, 0.002, 0.000, 0.000, 0.018, 0.000, 0.000, 0.444, -0.885, 0.421, 0.000, 23.19
0, 0, 0.000, 0.013, 0.000, 0.000, 0.139, 0.000, 0.000, 0.423, -1.029, 0.453, 0.000, 23.15
1, 0, 0.000, 0.304, 0.000, 0.000, 3.922, 0.000, 0.000, 2.901, -13.586, 6.458, -0.000, 22.50
1, 0, 0.000, 0.438, 0.000, 0.000, 5.294, 0.000, 0.000, 3.035, -11.500, 2.732, -0.000, 22.23
1, 0, 0.000, 0.527, 0.000, 0.000, 5.448, 0.000, 0.000, 3.140, -9.129, 0.013, 0.000, 22.23
1, 0, 0.000, 0.563, 0.000, 0.000, 4.545, 0.000, 0.000, 3.228, -6.938, -1.398, 0.000, 22.37
1, 0, 0.000, 0.571, 0.000, 0.000, 3.176, 0.000, 0.000, 3.306, -4.861, -2.192, 0.000, 22.59
1, 0, 0.000, 0.542, 0.000, 0.000, 1.645, 0.000, 0.000, 3.376, -2.866, -2.697, 0.000, 22.86
1, 0, 0.000, 0.377, 0.000, 0.000, 0.360, 0.000, 0.000, 3.440, -1.459, -2.718, -0.000, 23.13
1, 0, 0.000, -0.367, 0.000, 0.000, -0.422, 0.000, 0.000, 3.499, -0.060, -2.650, -0.000, 23.39
0, 0, 0.000, -0.084, 0.000, 0.000, -0.232, 0.000, 0.000, 1.056, 0.079, -0.819, -0.000, 23.48
0, 0, 0.000, -0.061, 0.000, 0.000, -0.228, 0.000, 0.000, 0.954, 0.118, -0.783, 0.000, 23.55
0, 0, 0.000, -0.060, 0.000, 0.000, -0.268, 0.000, 0.000, 0.879, 0.157, -0.708, 0.000, 23.63
0, 0, 0.000, -0.074, 0.000, 0.000, -0.332, 0.000, 0.000, 0.819, 0.152, -0.565, 0.000, 23.68
0, 0, 0.000, -0.088, 0.000, 0.000, -0.306, 0.000, 0.000, 0.768, 0.059, -0.433, -0.000, 23.73
0, 0, 0.000, -0.081, 0.000, 0.000, -0.175, 0.000, 0.000, 0.723, -0.036, -0.431, -0.000, 23.77
0, 0, 0.000, -0.098, 0.000, 0.000, -0.018, 0.000, 0.000, 0.682, -0.176, -0.390, 0.000, 23.81
0, 0, 0.000, -0.217, 0.000, 0.000, -0.284, 0.000, 0.000, 0.645, -0.268, 0.123, 0.000, 23.79
0, 0, 0.000, -0.142, 0.000, 0.000, -0.416, 0.000, 0.000, 0.612, -0.405, 0.351, -0.000, 23.76
0, 0, 0.000, -0.092, 0.000, 0.000, -0.380, 0.000, 0.000, 0.580, -0.496, 0.388, 0.000, 23.72
0, 0, 0.000, -0.050, 0.000, 0.000, -0.285, 0.000, 0.000, 0.551, -0.635, 0.419, 0.000, 23.68
0, 0, 0.000, -0.022, 0.000, 0.000, -0.161, 0.000, 0.000, 0.524, -0.776, 0.435, -0.000, 23.64
0, 0, 0.000, -0.006, 0.000, 0.000, -0.047, 0.000, 0.000, 0.498, -0.822, 0.376, -0.000, 23.60
0, 0, 0.000, 0.005, 0.000, 0.000, 0.051, 0.000, 0.000, 0.474, -0.867, 0.337, 0.000, 23.56
0, 0, 0.000, 0.013, 0.000, 0.000, 0.135, 0.000, 0.000, 0.451, -0.914, 0.315, 0.000, 23.53
0, 0, 0.000, 0.019, 0.000, 0.000, 0.217, 0.000, 0.000, 0.430, -1.009, 0.344, 0.000, 23.50
1, 0, 0.000, 0.276, 0.000, 0.000, 3.490, 0.000, 0.000, 2.907, -12.236, 5.563, -0.000, 22.94
1, 0, 0.000, 0.392, 0.000, 0.000, 4.773, 0.000, 0.000, 3.041, -10.779, 2.572, -0.000, 22.68
1, 0, 0.000, 0.443, 0.000, 0.000, 5.067, 0.000, 0.000, 3.146, -9.509, 0.853, -0.000, 22.60
1, 0, 0.000, 0.460, 0.000, 0.000, 4.611, 0.000, 0.000, 3.234, -7.805, -0.500, 0.000, 22.65
1, 0, 0.000, 0.444, 0.000, 0.000, 3.963, 0.000, 0.000, 3.311, -6.744, -0.973, 0.000, 22.75
1, 0, 0.000, 0.429, 0.000, 0.000, 3.023, 0.000, 0.000, 3.381, -5.188, -1.646, 0.000, 22.91
1, 0, 0.000, 0.366, 0.000, 0.000, 2.131, 0.000, 0.000, 3.445, -4.223, -1.719, -0.000, 23.08
1, 0, 0.000, 0.284, 0.000, 0.000, 1.053, 0.000, 0.000, 3.504, -2.741, -2.100, -0.000, 23.29
0, 0, 0.000, 0.253, 0.000, 0.000, 0.560, 0.000, 0.000, 1.061, -0.148, -1.726, -0.000, 23.47
0, 0, 0.000, 0.224, 0.000, 0.000, 0.183, 0.000, 0.000, 0.958, -0.067, -1.299, 0.000, 23.60
0, 0, 0.000, 0.120, 0.000, 0.000, 0.045, 0.000, 0.000, 0.883, -0.030, -1.018, 0.000, 23.70
0, 0, 0.000, -0.074, 0.000, 0.000, -0.003, 0.000, 0.000, 0.823, -0.036, -0.710, -0.000, 23.77
0, 0, 0.000, -0.197, 0.000, 0.000, -0.061, 0.000, 0.000, 0.772, -0.040, -0.474, 0.000, 23.82
0, 0, 0.000, -0.160, 0.000, 0.000, -0.264, 0.000, 0.000, 0.726, -0.132, -0.170, 0.000, 23.83
0, 0, 0.000, -0.123, 0.000, 0.000, -0.395, 0.000, 0.000, 0.686, -0.270, 0.103, 0.000, 23.82
0, 0, 0.000, -0.097, 0.000, 0.000, -0.419, 0.000, 0.000, 0.649, -0.362, 0.229, -0.000, 23.80
0, 0, 0.000, -0.070, 0.000, 0.000, -0.376, 0.000, 0.000, 0.614, -0.453, 0.284, -0.000, 23.77
0, 0, 0.000, -0.050, 0.000, 0.000, -0.300, 0.000, 0.000, 0.583, -0.498, 0.265, -0.000, 23.74
0, 0, 0.000, -0.030, 0.000, 0.000, -0.216, 0.000, 0.000, 0.554, -0.591, 0.283, -0.000, 23.72
0, 0, 0.000, -0.015, 0.000, 0.000, -0.127, 0.000, 0.000, 0.526, -0.684, 0.301, -0.000, 23.69
0, 0, 0.000, -0.005, 0.000, 0.000, -0.047, 0.000, 0.000, 0.501, -0.730, 0.281, 0.000, 23.66
0, 0, 0.000, 0.003, 0.000, 0.000, 0.034, 0.000, 0.000, 0.476, -0.824, 0.311, -0.000, 23.63
0, 0, 0.000, 0.010, 0.000, 0.000, 0.115, 0.000, 0.000, 0.453, -0.919, 0.340, 0.000, 23.59
0, 0, 0.000, 0.015, 0.000, 0.000, 0.187, 0.000, 0.000, 0.432, -0.965, 0.331, -0.000, 23.56
1, 0, 0.000, 0.257, 0.000, 0.000, 3.517, 0.000, 0.000, 2.909, -12.295, 5.611, 0.000, 23.00
1, 0, 0.000, 0.367, 0.000, 0.000, 4.830, 0.000, 0.000, 3.043, -10.835, 2.595, -0.000, 22.74
1, 0, 0.000, 0.434, 0.000, 0.000, 4.890, 0.000, 0.000, 3.148, -8.479, 0.006, 0.000, 22.74
1, 0, 0.000, 0.454, 0.000, 0.000, 4.029, 0.000, 0.000, 3.236, -6.303, -1.415, -0.000, 22.88
1, 0, 0.000, 0.427, 0.000, 0.000, 2.710, 0.000, 0.000, 3.313, -4.241, -2.210, 0.000, 23.10
1, 0, 0.000, 0.365, 0.000, 0.000, 1.256, 0.000, 0.000, 3.383, -2.262, -2.742, -0.000, 23.38
1, 0, 0.000, 0.076, 0.000, 0.000, 0.178, 0.000, 0.000, 3.446, -1.379, -2.322, -0.000, 23.61
1, 0, 0.000, -0.283, 0.000, 0.000, -0.474, 0.000, 0.000, 3.505, -0.998, -1.750, 0.000, 23.78
0, 0, 0.000, -0.258, 0.000, 0.000, -0.172, 0.000, 0.000, 1.062, -0.042, -0.591, 0.000, 23.84
0, 0, 0.000, -0.363, 0.000, 0.000, -0.022, 0.000, 0.000, 0.960, -0.001, -0.574, 0.000, 23.90
0, 0, 0.000, -0.276, 0.000, 0.000, -0.149, 0.000, 0.000, 0.884, -0.050, -0.409, -0.000, 23.94
0, 0, 0.000, -0.243, 0.000, 0.000, -0.194, 0.000, 0.000, 0.824, -0.098, -0.289, 0.000, 23.97
0, 0, 0.000, -0.193, 0.000, 0.000, -0.228, 0.000, 0.000, 0.773, -0.145, -0.206, 0.000, 23.99
0, 0, 0.000, -0.112, 0.000, 0.000, -0.242, 0.000, 0.000, 0.727, -0.239, -0.135, 0.000, 24.00
0, 0, 0.000, -0.046, 0.000, 0.000, -0.157, 0.000, 0.000, 0.687, -0.333, -0.151, -0.000, 24.02
0, 0, 0.000, -0.071, 0.000, 0.000, -0.337, 0.000, 0.000, 0.650, -0.425, 0.183, -0.000, 24.00
0, 0, 0.000, -0.061, 0.000, 0.000, -0.362, 0.000, 0.000, 0.615, -0.517, 0.325, -0.000, 23.97
0, 0, 0.000, -0.043, 0.000, 0.000, -0.300, 0.000, 0.000, 0.584, -0.609, 0.368, -0.000, 23.93
0, 0, 0.000, -0.025, 0.000, 0.000, -0.207, 0.000, 0.000, 0.555, -0.701, 0.379, -0.000, 23.89
0, 0, 0.000, -0.011, 0.000, 0.000, -0.105, 0.000, 0.000, 0.527, -0.795, 0.384, -0.000, 23.85
0, 0, 0.000, -0.000, 0.000, 0.000, -0.003, 0.000, 0.000, 0.501, -0.889, 0.391, -0.000, 23.82
0, 0, 0.000, 0.007, 0.000, 0.000, 0.085, 0.000, 0.000, 0.477, -0.934, 0.365, 0.000, 23.78
0, 0, 0.000, 0.013, 0.000, 0.000, 0.172, 0.000, 0.000, 0.454, -1.030, 0.390, 0.000, 23.74
0, 0, 0.000, 0.018, 0.000, 0.000, 0.247, 0.000, 0.000, 0.432, -1.076, 0.378, 0.000, 23.70
1, 0, 0.000, 0.021, 0.000, 0.000, 0.325, 0.000, 0.000, 0.412, -1.172, 0.414, 0.000, 23.66
1, 0, 0.000, 0.029, 0.000, 0.000, 0.415, 0.000, 0.000, 0.393, -1.021, 0.184, 0.000, 23.64
1, 0, 0.000, 0.070, 0.000, 0.000, 0.814, 0.000, 0.000, 0.374, -0.781, -0.477, 0.000, 23.69
1, 0, 0.000, 0.080, 0.000, 0.000, 0.729, 0.000, 0.000, 0.357, -0.593, -0.572, -0.000, 23.75
1, 0, 0.000, 0.081, 0.000, 0.000, 0.540, 0.000, 0.000, 0.340, -0.409, -0.552, -0.000, 23.80
1, 0, 0.000, 0.092, 0.000, 0.000, 0.393, 0.000, 0.000, 0.324, -0.273, -0.536, 0.000, 23.86
1, 0, 0.000, 0.114, 0.000, 0.000, 0.255, 0.000, 0.000, 0.309, -0.139, -0.539, 0.000, 23.91
1, 0, 0.000, 0.192, 0.000, 0.000, 0.046, 0.000, 0.000, 0.295, -0.006, -0.527, -0.000, 23.96
0, 0, 0.000, 0.259, 0.000, 0.000, 0.265, 0.000, 0.000, 0.282, 0.032, -0.838, -0.000, 24.05
0, 0, 0.000, 0.126, 0.000, 0.000, 0.337, 0.000, 0.000, 0.269, 0.116, -0.847, -0.000, 24.13
0, 0, 0.000, 0.086, 0.000, 0.000, 0.242, 0.000, 0.000, 0.256, 0.110, -0.695, -0.000, 24.20
0, 0, 0.000, 0.047, 0.000, 0.000, 0.131, 0.000, 0.000, 0.244, 0.106, -0.528, -0.000, 24.25
0, 0, 0.000, 0.040, 0.000, 0.000, 0.076, 0.000, 0.000, 0.233, 0.013, -0.362, 0.000, 24.29
0, 0, 0.000, 0.055, 0.000, 0.000, 0.032, 0.000, 0.000, 0.222, -0.080, -0.229, 0.000, 24.31
0, 0, 0.000, 0.063, 0.000, 0.000, 0.070, 0.000, 0.000, 0.212, -0.219, -0.126, 0.000, 24.33
0, 0, 0.000, -0.027, 0.000, 0.000, -0.066, 0.000, 0.000, 0.202, -0.310, 0.201, -0.000, 24.31
0, 0, 0.000, -0.032, 0.000, 0.000, -0.102, 0.000, 0.000, 0.193, -0.354, 0.296, -0.000, 24.28
0, 0, 0.000, -0.014, 0.000, 0.000, -0.060, 0.000, 0.000, 0.184, -0.445, 0.335, 0.000, 24.24
0, 0, 0.000, 0.003, 0.000, 0.000, 0.016, 0.000, 0.000, 0.176, -0.537, 0.342, 0.000, 24.21
0, 0, 0.000, 0.016, 0.000, 0.000, 0.102, 0.000, 0.000, 0.168, -0.629, 0.344, -0.000, 24.17
0, 0, 0.000, 0.025, 0.000, 0.000, 0.169, 0.000, 0.000, 0.160, -0.627, 0.273, 0.000, 24.15
0, 0, 0.000, 0.031, 0.000, 0.000, 0.229, 0.000, 0.000, 0.152, -0.672, 0.261, 0.000, 24.12
0, 0, 0.000, 0.035, 0.000, 0.000, 0.271, 0.000, 0.000, 0.145, -0.671, 0.219, 0.000, 24.10
0, 0, 0.000, 0.037, 0.000, 0.000, 0.312, 0.000, 0.000, 0.139, -0.717, 0.230, -0.000, 24.08
1, 0, 0.000, 0.248, 0.000, 0.000, 2.180, 0.000, 0.000, 2.630, -8.341, 3.283, 0.000, 23.75
1, 0, 0.000, 0.337, 0.000, 0.000, 2.546, 0.000, 0.000, 2.778, -6.519, 0.859, 0.000, 23.66
1, 0, 0.000, 0.355, 0.000, 0.000, 2.532, 0.000, 0.000, 2.895, -5.930, 0.148, 0.000, 23.65
1, 0, 0.000, 0.348, 0.000, 0.000, 2.480, 0.000, 0.000, 2.994, -5.920, 0.098, 0.000, 23.64
1, 0, 0.000, 0.346, 0.000, 0.000, 2.064, 0.000, 0.000, 3.083, -4.844, -0.648, 0.000, 23.70
1, 0, 0.000, 0.321, 0.000, 0.000, 1.288, 0.000, 0.000, 3.163, -3.296, -1.475, -0.000, 23.85
1, 0, 0.000, 0.170, 0.000, 0.000, 0.474, 0.000, 0.000, 3.237, -2.330, -1.550, -0.000, 24.00
1, 0, 0.000, -0.135, 0.000, 0.000, -0.166, 0.000, 0.000, 3.306, -1.379, -1.625, 0.000, 24.17
0, 0, 0.000, -0.041, 0.000, 0.000, -0.021, 0.000, 0.000, 0.872, -0.029, -0.781, 0.000, 24.24
0, 0, 0.000, -0.023, 0.000, 0.000, -0.041, 0.000, 0.000, 0.778, 0.055, -0.770, -0.000, 24.32
0, 0, 0.000, -0.019, 0.000, 0.000, -0.069, 0.000, 0.000, 0.711, 0.139, -0.763, -0.000, 24.40
0, 0, 0.000, -0.026, 0.000, 0.000, -0.122, 0.000, 0.000, 0.659, 0.178, -0.689, 0.000, 24.47
0, 0, 0.000, -0.047, 0.000, 0.000, -0.204, 0.000, 0.000, 0.615, 0.174, -0.538, -0.000, 24.52
0, 0, 0.000, -0.075, 0.000, 0.000, -0.267, 0.000, 0.000, 0.577, 0.126, -0.361, 0.000, 24.56
0, 0, 0.000, -0.135, 0.000, 0.000, -0.320, 0.000, 0.000, 0.543, 0.035, -0.123, 0.000, 24.57
0, 0, 0.000, -0.213, 0.000, 0.000, -0.375, 0.000, 0.000, 0.513, -0.009, 0.085, 0.000, 24.56
0, 0, 0.000, -0.251, 0.000, 0.000, -0.333, 0.000, 0.000, 0.485, -0.054, 0.153, -0.000, 24.54
0, 0, 0.000, -0.273, 0.000, 0.000, -0.248, 0.000, 0.000, 0.459, -0.098, 0.160, 0.000, 24.53
0, 0, 0.000, -0.417, 0.000, 0.000, -0.017, 0.000, 0.000, 0.436, -0.188, 0.187, 0.000, 24.51
0, 0, 0.000, -0.236, 0.000, 0.000, -0.114, 0.000, 0.000, 0.414, -0.233, 0.169, -0.000, 24.49
0, 0, 0.000, -0.176, 0.000, 0.000, -0.106, 0.000, 0.000, 0.393, -0.232, 0.121, 0.000, 24.48
0, 0, 0.000, -0.104, 0.000, 0.000, -0.117, 0.000, 0.000, 0.374, -0.277, 0.124, 0.000, 24.47
0, 0, 0.000, -0.062, 0.000, 0.000, -0.103, 0.000, 0.000, 0.356, -0.323, 0.131, 0.000, 24.46
0, 0, 0.000, -0.043, 0.000, 0.000, -0.077, 0.000, 0.000, 0.339, -0.322, 0.103, -0.000, 24.45
1, 0, 0.000, 0.121, 0.000, 0.000, 0.288, 0.000, 0.000, 2.820, -4.346, 1.117, -0.000, 24.33
1, 0, 0.000, 0.134, 0.000, 0.000, 0.205, 0.000, 0.000, 2.959, -3.227, -0.070, 0.000, 24.34
1, 0, 0.000, -0.081, 0.000, 0.000, -0.035, 0.000, 0.000, 3.067, -2.185, -0.766, -0.000, 24.42
1, 0, 0.000, -0.504, 0.000, 0.000, -0.115, 0.000, 0.000, 3.159, -1.711, -0.828, -0.000, 24.50
1, 0, 0.000, -0.440, 0.000, 0.000, -1.109, 0.000, 0.000, 3.239, -0.202, -1.489, 0.000, 24.65
1, 0, 0.000, -0.499, 0.000, 0.000, -2.102, 0.000, 0.000, 3.312, 0.748, -1.460, 0.000, 24.80
1, 0, 0.000, -0.579, 0.000, 0.000, -3.169, 0.000, 0.000, 3.379, 1.704, -1.336, 0.000, 24.93
1, 1, 0.000, -0.524, 0.000, 0.000, -3.724, 0.000, 0.000, 3.441, 2.714, -0.712, 1.194, 25.00
0, 0, 0.000, -0.250, 0.000, 0.000, -1.870, 0.000, 0.000, 1.001, 0.275, 0.844, -0.000, 24.92
0, 0, 0.000, -0.124, 0.000, 0.000, -1.063, 0.000, 0.000, 0.902, 0.319, -0.033, -0.000, 24.92
0, 0, 0.000, -0.076, 0.000, 0.000, -0.676, 0.000, 0.000, 0.829, 0.272, -0.349, 0.000, 24.95
0, 0, 0.000, -0.060, 0.000, 0.000, -0.547, 0.000, 0.000, 0.771, 0.269, -0.433, -0.000, 25.00
0, 0, 0.000, -0.061, 0.000, 0.000, -0.540, 0.000, 0.000, 0.722, 0.266, -0.387, -0.000, 25.04
0, 0, 0.000, -0.070, 0.000, 0.000, -0.599, 0.000, 0.000, 0.679, 0.263, -0.274, -0.000, 25.06
0, 0, 0.000, -0.081, 0.000, 0.000, -0.674, 0.000, 0.000, 0.641, 0.262, -0.148, -0.000, 25.08
0, 0, 0.000, -0.092, 0.000, 0.000, -0.721, 0.000, 0.000, 0.606, 0.218, -0.011, -0.000, 25.08
0, 0, 0.000, -0.093, 0.000, 0.000, -0.699, 0.000, 0.000, 0.574, 0.174, 0.045, -0.000, 25.07
0, 0, 0.000, -0.090, 0.000, 0.000, -0.641, 0.000, 0.000, 0.544, 0.129, 0.057, -0.000, 25.07
0, 0, 0.000, -0.086, 0.000, 0.000, -0.572, 0.000, 0.000, 0.517, 0.085, 0.056, -0.000, 25.06
0, 0, 0.000, -0.081, 0.000, 0.000, -0.505, 0.000, 0.000, 0.491, 0.040, 0.054, -0.000, 25.06
0, 0, 0.000, -0.080, 0.000, 0.000, -0.429, 0.000, 0.000, 0.467, -0.049, 0.092, 0.000, 25.05
0, 0, 0.000, -0.080, 0.000, 0.000, -0.349, 0.000, 0.000, 0.444, -0.139, 0.125, 0.000, 25.04
0, 0, 0.000, -0.081, 0.000, 0.000, -0.267, 0.000, 0.000, 0.423, -0.230, 0.156, 0.000, 25.02
0, 0, 0.000, -0.084, 0.000, 0.000, -0.182, 0.000, 0.000, 0.402, -0.321, 0.185, 0.000, 25.00
1, 0, 0.000, 0.054, 0.000, 0.000, 0.053, 0.000, 0.000, 2.881, -4.832, 1.843, -0.000, 24.82
1, 0, 0.000, 0.124, 0.000, 0.000, 0.198, 0.000, 0.000, 3.017, -3.670, 0.332, -0.000, 24.78
1, 0, 0.000, -0.016, 0.000, 0.000, -0.043, 0.000, 0.000, 3.122, -2.597, -0.467, 0.000, 24.83
1, 0, 0.000, -0.215, 0.000, 0.000, -0.892, 0.000, 0.000, 3.211, -1.038, -1.066, 0.000, 24.94
1, 1, 0.000, -0.300, 0.000, 0.000, -1.369, 0.000, 0.000, 3.290, -0.549, -0.621, 0.450, 25.00
1, 1, 0.000, -0.247, 0.000, 0.000, -1.336, 0.000, 0.000, 3.361, 0.000, 0.000, 1.777, 25.00
1, 1, 0.000, -0.211, 0.000, 0.000, -1.297, 0.000, 0.000, 3.425, 0.547, 0.000, 2.465, 25.00
1, 1, 0.000, -0.152, 0.000, 0.000, -1.294, 0.000, 0.000, 3.485, 2.175, 0.000, 4.214, 25.00
0, 0, 0.000, -0.068, 0.000, 0.000, -0.560, 0.000, 0.000, 1.043, 0.175, -0.589, -0.000, 25.06
0, 0, 0.000, -0.051, 0.000, 0.000, -0.409, 0.000, 0.000, 0.941, 0.170, -0.651, 0.000, 25.12
0, 0, 0.000, -0.035, 0.000, 0.000, -0.322, 0.000, 0.000, 0.867, 0.208, -0.718, -0.000, 25.20
0, 0, 0.000, -0.035, 0.000, 0.000, -0.330, 0.000, 0.000, 0.807, 0.203, -0.646, -0.000, 25.26
0, 0, 0.000, -0.047, 0.000, 0.000, -0.430, 0.000, 0.000, 0.757, 0.199, -0.479, -0.000, 25.31
0, 0, 0.000, -0.052, 0.000, 0.000, -0.458, 0.000, 0.000, 0.712, 0.152, -0.354, 0.000, 25.34
0, 0, 0.000, -0.049, 0.000, 0.000, -0.399, 0.000, 0.000, 0.672, 0.105, -0.329, -0.000, 25.38
0, 0, 0.000, -0.079, 0.000, 0.000, -0.550, 0.000, 0.000, 0.636, 0.014, -0.021, -0.000, 25.38
0, 0, 0.000, -0.094, 0.000, 0.000, -0.562, 0.000, 0.000, 0.602, -0.075, 0.129, 0.000, 25.37
0, 0, 0.000, -0.101, 0.000, 0.000, -0.496, 0.000, 0.000, 0.571, -0.165, 0.191, 0.000, 25.35
0, 0, 0.000, -0.105, 0.000, 0.000, -0.402, 0.000, 0.000, 0.543, -0.255, 0.219, 0.000, 25.32
0, 0, 0.000, -0.122, 0.000, 0.000, -0.277, 0.000, 0.000, 0.516, -0.392, 0.275, 0.000, 25.30
0, 0, 0.000, -0.145, 0.000, 0.000, -0.147, 0.000, 0.000, 0.490, -0.483, 0.285, 0.000, 25.27
0, 0, 0.000, -0.150, 0.000, 0.000, -0.040, 0.000, 0.000, 0.467, -0.575, 0.298, 0.000, 25.24
0, 0, 0.000, -0.036, 0.000, 0.000, -0.057, 0.000, 0.000, 0.444, -0.668, 0.316, 0.000, 25.21
0, 0, 0.000, 0.000, 0.000, 0.000, 0.001, 0.000, 0.000, 0.423, -0.761, 0.337, 0.000, 25.17
1, 0, 0.000, 0.481, 0.000, 0.000, 2.098, 0.000, 0.000, 2.901, -9.926, 4.447, -0.000, 24.73
1, 0, 0.000, 0.761, 0.000, 0.000, 2.913, 0.000, 0.000, 3.035, -8.570, 1.860, -0.000, 24.54
1, 0, 0.000, 1.165, 0.000, 0.000, 2.320, 0.000, 0.000, 3.140, -6.296, -0.329, 0.000, 24.58
1, 0, 0.000, 2.302, 0.000, 0.000, 0.247, 0.000, 0.000, 3.228, -4.697, -1.080, 0.000, 24.68
1, 0, 0.000, 0.435, 0.000, 0.000, 0.854, 0.000, 0.000, 3.306, -3.153, -1.442, -0.000, 24.83
1, 1, 0.000, -0.070, 0.000, 0.000, -0.321, 0.000, 0.000, 3.376, -1.100, -1.718, 0.167, 25.00
1, 1, 0.000, -0.046, 0.000, 0.000, -0.312, 0.000, 0.000, 3.440, 0.547, 0.000, 3.629, 25.00
1, 1, 0.000, -0.035, 0.000, 0.000, -0.300, 0.000, 0.000, 3.499, 1.634, 0.000, 4.799, 25.00
0, 0, 0.000, 0.036, 0.000, 0.000, 0.358, 0.000, 0.000, 1.056, 0.211, -1.661, 0.000, 25.17
0, 0, 0.000, 0.024, 0.000, 0.000, 0.268, 0.000, 0.000, 0.954, 0.287, -1.533, 0.000, 25.32
0, 0, 0.000, 0.007, 0.000, 0.000, 0.078, 0.000, 0.000, 0.879, 0.233, -1.197, 0.000, 25.44
0, 0, 0.000, -0.012, 0.000, 0.000, -0.132, 0.000, 0.000, 0.819, 0.226, -0.902, -0.000, 25.53
0, 0, 0.000, -0.024, 0.000, 0.000, -0.261, 0.000, 0.000, 0.768, 0.220, -0.703, 0.000, 25.60
0, 0, 0.000, -0.031, 0.000, 0.000, -0.305, 0.000, 0.000, 0.723, 0.171, -0.558, -0.000, 25.66
0, 0, 0.000, -0.042, 0.000, 0.000, -0.355, 0.000, 0.000, 0.682, 0.079, -0.364, -0.000, 25.69
0, 0, 0.000, -0.082, 0.000, 0.000, -0.584, 0.000, 0.000, 0.645, -0.011, 0.031, -0.000, 25.69
0, 0, 0.000, -0.096, 0.000, 0.000, -0.620, 0.000, 0.000, 0.612, -0.055, 0.160, -0.000, 25.67
0, 0, 0.000, -0.102, 0.000, 0.000, -0.553, 0.000, 0.000, 0.580, -0.144, 0.219, -0.000, 25.65
0, 0, 0.000, -0.103, 0.000, 0.000, -0.452, 0.000, 0.000, 0.551, -0.234, 0.238, 0.000, 25.63
0, 0, 0.000, -0.097, 0.000, 0.000, -0.358, 0.000, 0.000, 0.524, -0.278, 0.210, 0.000, 25.61
0, 0, 0.000, -0.100, 0.000, 0.000, -0.255, 0.000, 0.000, 0.498, -0.369, 0.226, 0.000, 25.58
0, 0, 0.000, -0.128, 0.000, 0.000, -0.121, 0.000, 0.000, 0.474, -0.507, 0.282, 0.000, 25.56
0, 0, 0.000, -0.109, 0.000, 0.000, -0.038, 0.000, 0.000, 0.451, -0.599, 0.295, -0.000, 25.53
0, 0, 0.000, -0.013, 0.000, 0.000, -0.027, 0.000, 0.000, 0.430, -0.739, 0.350, -0.000, 25.49
1, 1, 0.000, 0.426, 0.000, 0.000, 1.494, 0.000, 0.000, 2.907, -9.617, 4.907, 0.117, 25.00
1, 0, 0.000, 0.778, 0.000, 0.000, 2.758, 0.000, 0.000, 3.041, -8.808, 2.230, -0.000, 24.78
1, 0, 0.000, 0.974, 0.000, 0.000, 2.874, 0.000, 0.000, 3.146, -7.589, 0.594, 0.000, 24.72
1, 0, 0.000, 1.433, 0.000, 0.000, 1.858, 0.000, 0.000, 3.234, -5.928, -0.597, -0.000, 24.78
1, 0, 0.000, 0.919, 0.000, 0.000, 1.002, 0.000, 0.000, 3.311, -3.805, -1.427, -0.000, 24.92
1, 1, 0.000, 0.238, 0.000, 0.000, 0.788, 0.000, 0.000, 3.381, -2.208, -0.801, 1.399, 25.00
1, 1, 0.000, 0.156, 0.000, 0.000, 0.817, 0.000, 0.000, 3.445, -0.549, 0.000, 3.869, 25.00
1, 1, 0.000, 0.111, 0.000, 0.000, 0.806, 0.000, 0.000, 3.504, 1.092, 0.000, 5.512, 25.00
0, 0, 0.000, 0.108, 0.000, 0.000, 0.922, 0.000, 0.000, 1.061, 0.161, -2.252, 0.000, 25.23
0, 0, 0.000, 0.065, 0.000, 0.000, 0.611, 0.000, 0.000, 0.958, 0.191, -1.826, -0.000, 25.41
0, 0, 0.000, 0.029, 0.000, 0.000, 0.299, 0.000, 0.000, 0.883, 0.224, -1.436, 0.000, 25.55
0, 0, 0.000, 0.002, 0.000, 0.000, 0.014, 0.000, 0.000, 0.823, 0.216, -1.054, 0.000, 25.66
0, 0, 0.000, -0.016, 0.000, 0.000, -0.166, 0.000, 0.000, 0.772, 0.209, -0.799, -0.000, 25.74
0, 0, 0.000, -0.025, 0.000, 0.000, -0.227, 0.000, 0.000, 0.726, 0.115, -0.590, -0.000, 25.80
0, 0, 0.000, -0.037, 0.000, 0.000, -0.277, 0.000, 0.000, 0.686, 0.022, -0.395, -0.000, 25.84
0, 0, 0.000, -0.079, 0.000, 0.000, -0.527, 0.000, 0.000, 0.649, -0.023, -0.020, 0.000, 25.84
0, 0, 0.000, -0.100, 0.000, 0.000, -0.564, 0.000, 0.000, 0.614, -0.112, 0.162, 0.000, 25.82
0, 0, 0.000, -0.108, 0.000, 0.000, -0.499, 0.000, 0.000, 0.583, -0.202, 0.226, 0.000, 25.80
0, 0, 0.000, -0.105, 0.000, 0.000, -0.413, 0.000, 0.000, 0.554, -0.246, 0.211, 0.000, 25.78
0, 0, 0.000, -0.109, 0.000, 0.000, -0.310, 0.000, 0.000, 0.526, -0.337, 0.229, -0.000, 25.75
0, 0, 0.000, -0.117, 0.000, 0.000, -0.200, 0.000, 0.000, 0.501, -0.428, 0.245, -0.000, 25.73
0, 0, 0.000, -0.146, 0.000, 0.000, -0.073, 0.000, 0.000, 0.476, -0.520, 0.262, 0.000, 25.70
0, 0, 0.000, -0.071, 0.000, 0.000, -0.053, 0.000, 0.000, 0.453, -0.612, 0.283, 0.000, 25.68
0, 0, 0.000, -0.011, 0.000, 0.000, -0.022, 0.000, 0.000, 0.432, -0.705, 0.305, 0.000, 25.64
1, 1, 0.000, 0.677, 0.000, 0.000, 2.294, 0.000, 0.000, 2.909, -9.034, 6.448, 3.294, 25.00
1, 0, 0.000, 1.001, 0.000, 0.000, 2.405, 0.000, 0.000, 3.043, -7.220, 0.771, 0.000, 24.92
1, 0, 0.000, 1.488, 0.000, 0.000, 1.343, 0.000, 0.000, 3.148, -5.548, -0.431, 0.000, 24.97
1, 1, 0.000, 0.972, 0.000, 0.000, 1.333, 0.000, 0.000, 3.236, -3.324, -0.340, 1.877, 25.00
1, 1, 0.000, 0.778, 0.000, 0.000, 1.394, 0.000, 0.000, 3.313, -2.765, 0.000, 2.720, 25.00
1, 1, 0.000, 0.495, 0.000, 0.000, 1.550, 0.000, 0.000, 3.383, -1.653, 0.000, 3.775, 25.00
1, 1, 0.000, 0.342, 0.000, 0.000, 1.586, 0.000, 0.000, 3.446, -0.549, 0.000, 4.826, 25.00
1, 1, 0.000, 0.254, 0.000, 0.000, 1.566, 0.000, 0.000, 3.505, 0.547, 0.000, 5.872, 25.00
0, 0, 0.000, 0.171, 0.000, 0.000, 1.275, 0.000, 0.000, 1.062, 0.114, -2.622, 0.000, 25.26
0, 0, 0.000, 0.098, 0.000, 0.000, 0.822, 0.000, 0.000, 0.960, 0.142, -2.021, 0.000, 25.46
0, 0, 0.000, 0.048, 0.000, 0.000, 0.402, 0.000, 0.000, 0.884, 0.130, -1.465, 0.000, 25.61
0, 0, 0.000, 0.009, 0.000, 0.000, 0.070, 0.000, 0.000, 0.824, 0.122, -1.025, 0.000, 25.71
0, 0, 0.000, -0.018, 0.000, 0.000, -0.143, 0.000, 0.000, 0.773, 0.072, -0.684, -0.000, 25.78
0, 0, 0.000, -0.047, 0.000, 0.000, -0.327, 0.000, 0.000, 0.727, 0.024, -0.377, -0.000, 25.82
0, 0, 0.000, -0.084, 0.000, 0.000, -0.444, 0.000, 0.000, 0.687, -0.113, -0.046, 0.000, 25.82
0, 0, 0.000, -0.104, 0.000, 0.000, -0.472, 0.000, 0.000, 0.650, -0.158, 0.084, 0.000, 25.82
0, 0, 0.000, -0.121, 0.000, 0.000, -0.421, 0.000, 0.000, 0.615, -0.248, 0.174, 0.000, 25.80
0, 0, 0.000, -0.123, 0.000, 0.000, -0.349, 0.000, 0.000, 0.584, -0.293, 0.181, -0.000, 25.78
0, 0, 0.000, -0.141, 0.000, 0.000, -0.245, 0.000, 0.000, 0.555, -0.384, 0.215, -0.000, 25.76
0, 0, 0.000, -0.150, 0.000, 0.000, -0.154, 0.000, 0.000, 0.527, -0.429, 0.205, 0.000, 25.74
0, 0, 0.000, -0.195, 0.000, 0.000, -0.024, 0.000, 0.000, 0.501, -0.520, 0.239, 0.000, 25.71
0, 0, 0.000, -0.075, 0.000, 0.000, -0.068, 0.000, 0.000, 0.477, -0.566, 0.232, 0.000, 25.69
0, 0, 0.000, -0.028, 0.000, 0.000, -0.048, 0.000, 0.000, 0.454, -0.611, 0.232, 0.000, 25.67
0, 0, 0.000, -0.004, 0.000, 0.000, -0.009, 0.000, 0.000, 0.432, -0.657, 0.237, -0.000, 25.64
1, 1, 0.000, 0.782, 0.000, 0.000, 2.582, 0.000, 0.000, 0.412, -0.651, 6.437, 9.563, 25.00
1, 1, 0.000, 0.853, 0.000, 0.000, 2.256, 0.000, 0.000, 0.393, -0.556, 0.000, 2.946, 25.00
1, 1, 0.000, 1.264, 0.000, 0.000, 1.641, 0.000, 0.000, 0.374, -0.414, 0.000, 2.865, 25.00
1, 1, 0.000, 2.118, 0.000, 0.000, 0.613, 0.000, 0.000, 0.357, -0.321, 0.000, 2.767, 25.00
1, 1, 0.000, 1.277, 0.000, 0.000, 1.302, 0.000, 0.000, 0.340, -0.228, 0.000, 2.690, 25.00
1, 1, 0.000, 1.082, 0.000, 0.000, 1.357, 0.000, 0.000, 0.324, -0.182, 0.000, 2.581, 25.00
1, 1, 0.000, 0.918, 0.000, 0.000, 1.394, 0.000, 0.000, 0.309, -0.182, 0.000, 2.439, 25.00
1, 1, 0.000, 0.558, 0.000, 0.000, 1.635, 0.000, 0.000, 0.295, -0.091, 0.000, 2.398, 25.00
0, 0, 0.000, 0.362, 0.000, 0.000, 1.294, 0.000, 0.000, 0.282, -0.061, -1.876, -0.000, 25.19
0, 0, 0.000, 0.224, 0.000, 0.000, 0.974, 0.000, 0.000, 0.269, -0.027, -1.439, 0.000, 25.33
0, 0, 0.000, 0.151, 0.000, 0.000, 0.675, 0.000, 0.000, 0.256, -0.036, -1.046, -0.000, 25.44
0, 0, 0.000, 0.099, 0.000, 0.000, 0.467, 0.000, 0.000, 0.244, -0.042, -0.769, 0.000, 25.51
0, 0, 0.000, 0.071, 0.000, 0.000, 0.357, 0.000, 0.000, 0.233, -0.047, -0.614, 0.000, 25.57
0, 0, 0.000, 0.070, 0.000, 0.000, 0.348, 0.000, 0.000, 0.222, -0.052, -0.589, -0.000, 25.63
0, 0, 0.000, 0.096, 0.000, 0.000, 0.400, 0.000, 0.000, 0.212, -0.102, -0.607, -0.000, 25.69
0, 0, 0.000, 0.009, 0.000, 0.000, 0.027, 0.000, 0.000, 0.202, -0.148, -0.090, 0.000, 25.70
0, 0, 0.000, -0.037, 0.000, 0.000, -0.083, 0.000, 0.000, 0.193, -0.239, 0.166, 0.000, 25.69
0, 0, 0.000, -0.048, 0.000, 0.000, -0.079, 0.000, 0.000, 0.184, -0.283, 0.226, -0.000, 25.66
0, 0, 0.000, -0.039, 0.000, 0.000, -0.042, 0.000, 0.000, 0.176, -0.327, 0.233, 0.000, 25.64
0, 0, 0.000, -0.014, 0.000, 0.000, -0.007, 0.000, 0.000, 0.168, -0.372, 0.225, 0.000, 25.62
0, 0, 0.000, 0.033, 0.000, 0.000, 0.006, 0.000, 0.000, 0.160, -0.417, 0.218, 0.000, 25.60
0, 0, 0.000, 0.061, 0.000, 0.000, 0.024, 0.000, 0.000, 0.152, -0.415, 0.178, 0.000, 25.58
0, 0, 0.000, 0.074, 0.000, 0.000, 0.045, 0.000, 0.000, 0.145, -0.414, 0.150, 0.000, 25.56
0, 0, 0.000, 0.069, 0.000, 0.000, 0.083, 0.000, 0.000, 0.139, -0.460, 0.169, -0.000, 25.55
1, 1, 0.000, 1.272, 0.000, 0.000, 1.798, 0.000, 0.000, 2.630, -5.014, 5.465, 6.151, 25.00
1, 1, 0.000, 1.710, 0.000, 0.000, 1.119, 0.000, 0.000, 2.778, -3.885, 0.000, 1.721, 25.00
1, 1, 0.000, 2.340, 0.000, 0.000, 0.311, 0.000, 0.000, 2.895, -3.324, 0.000, 2.222, 25.00
1, 1, 0.000, 1.219, 0.000, 0.000, 1.269, 0.000, 0.000, 2.994, -2.208, 0.000, 3.274, 25.00
1, 1, 0.000, 0.622, 0.000, 0.000, 1.715, 0.000, 0.000, 3.083, -0.549, 0.000, 4.871, 25.00
1, 1, 0.000, 0.500, 0.000, 0.000, 1.709, 0.000, 0.000, 3.163, 0.000, 0.000, 5.372, 25.00
1, 1, 0.000, 0.406, 0.000, 0.000, 1.684, 0.000, 0.000, 3.237, 0.547, 0.000, 5.874, 25.00
1, 1, 0.000, 0.323, 0.000, 0.000, 1.657, 0.000, 0.000, 3.306, 1.092, 0.000, 6.377, 25.00
0, 0, 0.000, 0.176, 0.000, 0.000, 1.022, 0.000, 0.000, 0.872, 0.117, -2.186, 0.000, 25.22
0, 0, 0.000, 0.085, 0.000, 0.000, 0.498, 0.000, 0.000, 0.778, 0.105, -1.466, -0.000, 25.37
0, 0, 0.000, 0.031, 0.000, 0.000, 0.209, 0.000, 0.000, 0.711, 0.141, -1.093, 0.000, 25.47
0, 0, 0.000, -0.004, 0.000, 0.000, -0.032, 0.000, 0.000, 0.659, 0.135, -0.758, 0.000, 25.55
0, 0, 0.000, -0.046, 0.000, 0.000, -0.261, 0.000, 0.000, 0.615, 0.043, -0.350, 0.000, 25.59
0, 0, 0.000, -0.066, 0.000, 0.000, -0.346, 0.000, 0.000, 0.577, -0.004, -0.161, 0.000, 25.60
0, 0, 0.000, -0.077, 0.000, 0.000, -0.367, 0.000, 0.000, 0.543, -0.049, -0.050, 0.000, 25.61
0, 0, 0.000, -0.088, 0.000, 0.000, -0.370, 0.000, 0.000, 0.513, -0.095, 0.040, 0.000, 25.60
0, 0, 0.000, -0.100, 0.000, 0.000, -0.327, 0.000, 0.000, 0.485, -0.185, 0.127, -0.000, 25.59
0, 0, 0.000, -0.112, 0.000, 0.000, -0.254, 0.000, 0.000, 0.459, -0.275, 0.182, -0.000, 25.57
0, 0, 0.000, -0.114, 0.000, 0.000, -0.186, 0.000, 0.000, 0.436, -0.320, 0.184, 0.000, 25.55
0, 0, 0.000, -0.145, 0.000, 0.000, -0.082, 0.000, 0.000, 0.414, -0.411, 0.225, 0.000, 25.53
0, 0, 0.000, -0.096, 0.000, 0.000, -0.054, 0.000, 0.000, 0.393, -0.503, 0.260, 0.000, 25.50
0, 0, 0.000, -0.026, 0.000, 0.000, -0.046, 0.000, 0.000, 0.374, -0.595, 0.293, 0.000, 25.48
0, 0, 0.000, 0.002, 0.000, 0.000, 0.006, 0.000, 0.000, 0.356, -0.688, 0.323, -0.000, 25.44
0, 0, 0.000, 0.016, 0.000, 0.000, 0.063, 0.000, 0.000, 0.339, -0.733, 0.315, 0.000, 25.41
1, 0, 0.000, 0.400, 0.000, 0.000, 2.064, 0.000, 0.000, 2.820, -9.597, 4.313, -0.000, 24.98
1, 0, 0.000, 0.618, 0.000, 0.000, 3.135, 0.000, 0.000, 2.959, -8.802, 2.090, 0.000, 24.77
1, 0, 0.000, 0.729, 0.000, 0.000, 3.238, 0.000, 0.000, 3.067, -7.587, 0.553, 0.000, 24.72
1, 0, 0.000, 0.752, 0.000, 0.000, 3.072, 0.000, 0.000, 3.159, -7.009, 0.026, -0.000, 24.71
1, 0, 0.000, 0.857, 0.000, 0.000, 2.439, 0.000, 0.000, 3.239, -5.925, -0.610, 0.000, 24.77
1, 0, 0.000, 1.337, 0.000, 0.000, 0.753, 0.000, 0.000, 3.312, -3.818, -1.584, 0.000, 24.93
1, 1, 0.000, 0.909, 0.000, 0.000, 0.572, 0.000, 0.000, 3.379, -2.765, -0.671, 1.425, 25.00
1, 1, 0.000, 0.631, 0.000, 0.000, 0.811, 0.000, 0.000, 3.441, -2.208, 0.000, 2.676, 25.00
0, 0, 0.000, 0.262, 0.000, 0.000, 0.604, 0.000, 0.000, 1.001, -0.105, -1.762, 0.000, 25.18
0, 0, 0.000, 0.114, 0.000, 0.000, 0.406, 0.000, 0.000, 0.902, -0.071, -1.351, -0.000, 25.31
0, 0, 0.000, 0.042, 0.000, 0.000, 0.140, 0.000, 0.000, 0.829, -0.078, -0.933, 0.000, 25.40
0, 0, 0.000, -0.023, 0.000, 0.000, -0.072, 0.000, 0.000, 0.771, -0.083, -0.593, -0.000, 25.46
0, 0, 0.000, -0.076, 0.000, 0.000, -0.196, 0.000, 0.000, 0.722, -0.131, -0.319, 0.000, 25.50
0, 0, 0.000, -0.163, 0.000, 0.000, -0.236, 0.000, 0.000, 0.679, -0.224, -0.057, -0.000, 25.50
0, 0, 0.000, -0.203, 0.000, 0.000, -0.173, 0.000, 0.000, 0.641, -0.270, 0.005, 0.000, 25.50
0, 0, 0.000, -0.336, 0.000, 0.000, -0.085, 0.000, 0.000, 0.606, -0.361, 0.177, 0.000, 25.48
0, 0, 0.000, -0.167, 0.000, 0.000, -0.230, 0.000, 0.000, 0.574, -0.452, 0.276, 0.000, 25.46
0, 0, 0.000, -0.093, 0.000, 0.000, -0.230, 0.000, 0.000, 0.544, -0.543, 0.322, -0.000, 25.42
0, 0, 0.000, -0.050, 0.000, 0.000, -0.180, 0.000, 0.000, 0.517, -0.635, 0.349, -0.000, 25.39
0, 0, 0.000, -0.023, 0.000, 0.000, -0.111, 0.000, 0.000, 0.491, -0.728, 0.370, 0.000, 25.35
0, 0, 0.000, -0.005, 0.000, 0.000, -0.032, 0.000, 0.000, 0.467, -0.821, 0.391, -0.000, 25.31
0, 0, 0.000, 0.007, 0.000, 0.000, 0.050, 0.000, 0.000, 0.444, -0.914, 0.413, 0.000, 25.27
0, 0, 0.000, 0.015, 0.000, 0.000, 0.133, 0.000, 0.000, 0.423, -1.008, 0.437, -0.000, 25.23
0, 0, 0.000, 0.021, 0.000, 0.000, 0.217, 0.000, 0.000, 0.402, -1.103, 0.463, 0.000, 25.18
1, 0, 0.000, 0.353, 0.000, 0.000, 4.079, 0.000, 0.000, 2.881, -13.873, 6.560, 0.000, 24.53
1, 0, 0.000, 0.509, 0.000, 0.000, 5.655, 0.000, 0.000, 3.017, -12.348, 3.168, -0.000, 24.21
1, 0, 0.000, 0.616, 0.000, 0.000, 5.789, 0.000, 0.000, 3.122, -9.939, 0.412, 0.000, 24.17
1, 0, 0.000, 0.685, 0.000, 0.000, 4.916, 0.000, 0.000, 3.211, -7.719, -1.093, 0.000, 24.28
1, 0, 0.000, 0.752, 0.000, 0.000, 3.506, 0.000, 0.000, 3.290, -5.618, -1.930, -0.000, 24.47
1, 0, 0.000, 0.754, 0.000, 0.000, 2.036, 0.000, 0.000, 3.361, -4.121, -2.030, -0.000, 24.67
1, 0, 0.000, 0.789, 0.000, 0.000, 0.492, 0.000, 0.000, 3.425, -2.644, -2.063, 0.000, 24.88
1, 1, 0.000, 0.067, 0.000, 0.000, 0.107, 0.000, 0.000, 3.485, -1.100, -1.214, 1.346, 25.00
0, 0, 0.000, 0.100, 0.000, 0.000, 0.321, 0.000, 0.000, 1.043, -0.012, -1.452, 0.000, 25.15
0, 0, 0.000, 0.042, 0.000, 0.000, 0.190, 0.000, 0.000, 0.941, 0.068, -1.241, -0.000, 25.27
0, 0, 0.000, 0.004, 0.000, 0.000, 0.019, 0.000, 0.000, 0.867, 0.105, -0.995, -0.000, 25.37
0, 0, 0.000, -0.026, 0.000, 0.000, -0.148, 0.000, 0.000, 0.807, 0.099, -0.733, 0.000, 25.44
0, 0, 0.000, -0.047, 0.000, 0.000, -0.238, 0.000, 0.000, 0.757, 0.050, -0.522, 0.000, 25.49
0, 0, 0.000, -0.058, 0.000, 0.000, -0.222, 0.000, 0.000, 0.712, -0.043, -0.389, -0.000, 25.53
0, 0, 0.000, -0.059, 0.000, 0.000, -0.120, 0.000, 0.000, 0.672, -0.183, -0.310, 0.000, 25.56
0, 0, 0.000, -0.408, 0.000, 0.000, -0.096, 0.000, 0.000, 0.636, -0.320, 0.188, -0.000, 25.55
0, 0, 0.000, -0.288, 0.000, 0.000, -0.274, 0.000, 0.000, 0.602, -0.410, 0.369, 0.000, 25.51
0, 0, 0.000, -0.137, 0.000, 0.000, -0.341, 0.000, 0.000, 0.571, -0.547, 0.454, -0.000, 25.46
0, 0, 0.000, -0.067, 0.000, 0.000, -0.277, 0.000, 0.000, 0.543, -0.685, 0.487, 0.000, 25.41
0, 0, 0.000, -0.029, 0.000, 0.000, -0.169, 0.000, 0.000, 0.516, -0.825, 0.507, 0.000, 25.36
0, 0, 0.000, -0.008, 0.000, 0.000, -0.054, 0.000, 0.000, 0.490, -0.918, 0.489, -0.000, 25.31
0, 0, 0.000, 0.007, 0.000, 0.000, 0.056, 0.000, 0.000, 0.467, -1.012, 0.483, 0.000, 25.27
0, 0, 0.000, 0.016, 0.000, 0.000, 0.159, 0.000, 0.000, 0.444, -1.106, 0.486, 0.000, 25.22
0, 0, 0.000, 0.022, 0.000, 0.000, 0.257, 0.000, 0.000, 0.423, -1.201, 0.498, 0.000, 25.17
1, 0, 0.000, 0.350, 0.000, 0.000, 4.525, 0.000, 0.000, 2.901, -14.999, 7.222, -0.000, 24.45
1, 0, 0.000, 0.502, 0.000, 0.000, 6.308, 0.000, 0.000, 3.035, -13.421, 3.575, 0.000, 24.09
1, 0, 0.000, 0.597, 0.000, 0.000, 6.757, 0.000, 0.000, 3.140, -11.523, 1.030, 0.000, 23.99
1, 0, 0.000, 0.660, 0.000, 0.000, 6.067, 0.000, 0.000, 3.228, -9.240, -0.715, -0.000, 24.06
1, 0, 0.000, 0.698, 0.000, 0.000, 4.791, 0.000, 0.000, 3.306, -7.092, -1.703, 0.000, 24.23
1, 0, 0.000, 0.703, 0.000, 0.000, 3.385, 0.000, 0.000, 3.376, -5.565, -1.899, 0.000, 24.42
1, 0, 0.000, 0.693, 0.000, 0.000, 1.944, 0.000, 0.000, 3.440, -4.066, -2.011, 0.000, 24.62
1, 0, 0.000, 0.620, 0.000, 0.000, 0.484, 0.000, 0.000, 3.499, -2.585, -2.018, 0.000, 24.82
0, 0, 0.000, 0.501, 0.000, 0.000, 0.390, 0.000, 0.000, 1.056, -0.137, -1.811, -0.000, 25.00
0, 0, 0.000, 0.162, 0.000, 0.000, 0.352, 0.000, 0.000, 0.954, -0.057, -1.411, -0.000, 25.14
0, 0, 0.000, 0.063, 0.000, 0.000, 0.153, 0.000, 0.000, 0.879, -0.065, -1.029, 0.000, 25.24
0, 0, 0.000, -0.005, 0.000, 0.000, -0.013, 0.000, 0.000, 0.819, -0.071, -0.730, -0.000, 25.32
0, 0, 0.000, -0.059, 0.000, 0.000, -0.107, 0.000, 0.000, 0.768, -0.121, -0.481, -0.000, 25.37
0, 0, 0.000, -0.151, 0.000, 0.000, -0.073, 0.000, 0.000, 0.723, -0.215, -0.284, 0.000, 25.39
0, 0, 0.000, -0.128, 0.000, 0.000, -0.178, 0.000, 0.000, 0.682, -0.354, -0.022, -0.000, 25.40
0, 0, 0.000, -0.126, 0.000, 0.000, -0.340, 0.000, 0.000, 0.645, -0.445, 0.265, -0.000, 25.37
0, 0, 0.000, -0.104, 0.000, 0.000, -0.353, 0.000, 0.000, 0.612, -0.489, 0.335, 0.000, 25.34
0, 0, 0.000, -0.076, 0.000, 0.000, -0.306, 0.000, 0.000, 0.580, -0.533, 0.336, 0.000, 25.30
0, 0, 0.000, -0.046, 0.000, 0.000, -0.235, 0.000, 0.000, 0.551, -0.625, 0.356, -0.000, 25.27
0, 0, 0.000, -0.027, 0.000, 0.000, -0.158, 0.000, 0.000, 0.524, -0.670, 0.331, 0.000, 25.23
0, 0, 0.000, -0.013, 0.000, 0.000, -0.085, 0.000, 0.000, 0.498, -0.715, 0.315, -0.000, 25.20
0, 0, 0.000, -0.004, 0.000, 0.000, -0.027, 0.000, 0.000, 0.474, -0.713, 0.270, -0.000, 25.18
0, 0, 0.000, 0.003, 0.000, 0.000, 0.018, 0.000, 0.000, 0.451, -0.711, 0.240, 0.000, 25.15
0, 0, 0.000, 0.007, 0.000, 0.000, 0.053, 0.000, 0.000, 0.430, -0.709, 0.220, 0.000, 25.13
1, 0, 0.000, 0.241, 0.000, 0.000, 1.823, 0.000, 0.000, 2.907, -8.252, 3.281, 0.000, 24.80
1, 0, 0.000, 0.357, 0.000, 0.000, 2.763, 0.000, 0.000, 3.041, -8.060, 1.899, 0.000, 24.61
1, 0, 0.000, 0.408, 0.000, 0.000, 3.227, 0.000, 0.000, 3.146, -7.942, 1.161, 0.000, 24.50
1, 0, 0.000, 0.429, 0.000, 0.000, 3.247, 0.000, 0.000, 3.234, -7.322, 0.412, 0.000, 24.45
1, 0, 0.000, 0.425, 0.000, 0.000, 3.040, 0.000, 0.000, 3.311, -6.750, -0.026, 0.000, 24.46
1, 0, 0.000, 0.403, 0.000, 0.000, 2.903, 0.000, 0.000, 3.381, -6.744, 0.057, 0.000, 24.45
1, 0, 0.000, 0.377, 0.000, 0.000, 2.781, 0.000, 0.000, 3.445, -6.731, 0.128, 0.000, 24.44
1, 0, 0.000, 0.362, 0.000, 0.000, 2.882, 0.000, 0.000, 3.504, -7.255, 0.507, -0.000, 24.39
0, 0, 0.000, 0.175, 0.000, 0.000, 1.411, 0.000, 0.000, 1.061, -0.616, -2.030, -0.000, 24.59
0, 0, 0.000, 0.083, 0.000, 0.000, 0.669, 0.000, 0.000, 0.958, -0.625, -1.084, 0.000, 24.70
0, 0, 0.000, 0.037, 0.000, 0.000, 0.283, 0.000, 0.000, 0.883, -0.583, -0.620, 0.000, 24.76
0, 0, 0.000, 0.008, 0.000, 0.000, 0.062, 0.000, 0.000, 0.823, -0.586, -0.307, 0.000, 24.79
0, 0, 0.000, -0.007, 0.000, 0.000, -0.051, 0.000, 0.000, 0.772, -0.587, -0.127, -0.000, 24.80
0, 0, 0.000, -0.013, 0.000, 0.000, -0.104, 0.000, 0.000, 0.726, -0.587, -0.023, 0.000, 24.81
0, 0, 0.000, -0.018, 0.000, 0.000, -0.141, 0.000, 0.000, 0.686, -0.586, 0.059, -0.000, 24.80
0, 0, 0.000, -0.018, 0.000, 0.000, -0.157, 0.000, 0.000, 0.649, -0.633, 0.160, -0.000, 24.79
0, 0, 0.000, -0.017, 0.000, 0.000, -0.150, 0.000, 0.000, 0.614, -0.631, 0.184, -0.000, 24.77
0, 0, 0.000, -0.015, 0.000, 0.000, -0.132, 0.000, 0.000, 0.583, -0.629, 0.193, -0.000, 24.75
0, 0, 0.000, -0.011, 0.000, 0.000, -0.102, 0.000, 0.000, 0.554, -0.675, 0.235, 0.000, 24.72
0, 0, 0.000, -0.008, 0.000, 0.000, -0.073, 0.000, 0.000, 0.526, -0.673, 0.228, -0.000, 24.70
0, 0, 0.000, -0.003, 0.000, 0.000, -0.030, 0.000, 0.000, 0.501, -0.767, 0.300, -0.000, 24.67
0, 0, 0.000, 0.002, 0.000, 0.000, 0.025, 0.000, 0.000, 0.476, -0.861, 0.358, -0.000, 24.64
0, 0, 0.000, 0.007, 0.000, 0.000, 0.089, 0.000, 0.000, 0.453, -0.955, 0.405, 0.000, 24.59
0, 0, 0.000, 0.012, 0.000, 0.000, 0.159, 0.000, 0.000, 0.432, -1.049, 0.446, 0.000, 24.55
1, 0, 0.000, 0.254, 0.000, 0.000, 3.687, 0.000, 0.000, 2.909, -12.695, 5.845, -0.000, 23.97
1, 0, 0.000, 0.366, 0.000, 0.000, 5.076, 0.000, 0.000, 3.043, -11.222, 2.737, -0.000, 23.69
1, 0, 0.000, 0.417, 0.000, 0.000, 5.233, 0.000, 0.000, 3.148, -9.392, 0.594, 0.000, 23.63
1, 0, 0.000, 0.440, 0.000, 0.000, 4.707, 0.000, 0.000, 3.236, -7.712, -0.670, 0.000, 23.70
1, 0, 0.000, 0.436, 0.000, 0.000, 3.792, 0.000, 0.000, 3.313, -6.127, -1.414, 0.000, 23.84
1, 0, 0.000, 0.410, 0.000, 0.000, 2.503, 0.000, 0.000, 3.383, -4.075, -2.221, -0.000, 24.06
1, 0, 0.000, 0.312, 0.000, 0.000, 1.264, 0.000, 0.000, 3.446, -2.628, -2.395, -0.000, 24.30
1, 0, 0.000, 0.088, 0.000, 0.000, 0.235, 0.000, 0.000, 3.505, -1.724, -2.105, 0.000, 24.51
0, 0, 0.000, 0.091, 0.000, 0.000, 0.075, 0.000, 0.000, 1.062, -0.061, -1.167, 0.000, 24.63
0, 0, 0.000, -0.035, 0.000, 0.000, -0.011, 0.000, 0.000, 0.960, -0.022, -0.891, -0.000, 24.72
0, 0, 0.000, -0.109, 0.000, 0.000, -0.109, 0.000, 0.000, 0.884, 0.017, -0.684, 0.000, 24.79
0, 0, 0.000, -0.172, 0.000, 0.000, -0.188, 0.000, 0.000, 0.824, 0.013, -0.477, -0.000, 24.83
0, 0, 0.000, -0.237, 0.000, 0.000, -0.181, 0.000, 0.000, 0.773, -0.034, -0.320, 0.000, 24.87
0, 0, 0.000, -0.262, 0.000, 0.000, -0.073, 0.000, 0.000, 0.727, -0.082, -0.310, -0.000, 24.90
0, 0, 0.000, -0.086, 0.000, 0.000, -0.122, 0.000, 0.000, 0.687, -0.222, -0.257, 0.000, 24.92
0, 0, 0.000, -0.144, 0.000, 0.000, -0.395, 0.000, 0.000, 0.650, -0.313, 0.203, 0.000, 24.90
0, 0, 0.000, -0.113, 0.000, 0.000, -0.477, 0.000, 0.000, 0.615, -0.450, 0.424, -0.000, 24.86
0, 0, 0.000, -0.081, 0.000, 0.000, -0.428, 0.000, 0.000, 0.584, -0.540, 0.465, -0.000, 24.81
0, 0, 0.000, -0.048, 0.000, 0.000, -0.329, 0.000, 0.000, 0.555, -0.679, 0.502, 0.000, 24.76
0, 0, 0.000, -0.027, 0.000, 0.000, -0.216, 0.000, 0.000, 0.527, -0.771, 0.486, 0.000, 24.72
0, 0, 0.000, -0.011, 0.000, 0.000, -0.104, 0.000, 0.000, 0.501, -0.863, 0.477, -0.000, 24.67
0, 0, 0.000, 0.000, 0.000, 0.000, 0.003, 0.000, 0.000, 0.477, -0.957, 0.477, -0.000, 24.62
0, 0, 0.000, 0.009, 0.000, 0.000, 0.103, 0.000, 0.000, 0.454, -1.051, 0.485, 0.000, 24.57
0, 0, 0.000, 0.015, 0.000, 0.000, 0.189, 0.000, 0.000, 0.432, -1.097, 0.461, -0.000, 24.53
1, 0, 0.000, 0.019, 0.000, 0.000, 0.273, 0.000, 0.000, 0.412, -1.192, 0.488, 0.000, 24.48
1, 0, 0.000, 0.025, 0.000, 0.000, 0.355, 0.000, 0.000, 0.393, -1.139, 0.366, -0.000, 24.44
1, 0, 0.000, 0.039, 0.000, 0.000, 0.509, 0.000, 0.000, 0.374, -0.990, 0.068, 0.000, 24.43
1, 0, 0.000, 0.050, 0.000, 0.000, 0.571, 0.000, 0.000, 0.357, -0.845, -0.134, 0.000, 24.45
1, 0, 0.000, 0.065, 0.000, 0.000, 0.584, 0.000, 0.000, 0.340, -0.655, -0.335, 0.000, 24.48
1, 0, 0.000, 0.085, 0.000, 0.000, 0.527, 0.000, 0.000, 0.324, -0.469, -0.467, -0.000, 24.53
1, 0, 0.000, 0.104, 0.000, 0.000, 0.413, 0.000, 0.000, 0.309, -0.333, -0.494, 0.000, 24.58
1, 0, 0.000, 0.138, 0.000, 0.000, 0.256, 0.000, 0.000, 0.295, -0.198, -0.492, -0.000, 24.63
0, 0, 0.000, 0.507, 0.000, 0.000, 0.146, 0.000, 0.000, 0.282, -0.067, -0.867, 0.000, 24.71
0, 0, 0.000, 0.224, 0.000, 0.000, 0.301, 0.000, 0.000, 0.269, -0.028, -0.765, -0.000, 24.79
0, 0, 0.000, 0.128, 0.000, 0.000, 0.250, 0.000, 0.000, 0.256, 0.012, -0.647, -0.000, 24.85
0, 0, 0.000, 0.074, 0.000, 0.000, 0.162, 0.000, 0.000, 0.244, 0.008, -0.489, 0.000, 24.90
0, 0, 0.000, 0.048, 0.000, 0.000, 0.097, 0.000, 0.000, 0.233, 0.005, -0.382, 0.000, 24.94
0, 0, 0.000, 0.087, 0.000, 0.000, 0.076, 0.000, 0.000, 0.222, -0.088, -0.297, 0.000, 24.97
0, 0, 0.000, 0.166, 0.000, 0.000, 0.137, 0.000, 0.000, 0.212, -0.228, -0.287, 0.000, 25.00
0, 0, 0.000, -0.023, 0.000, 0.000, -0.050, 0.000, 0.000, 0.202, -0.319, 0.191, 0.000, 24.98
0, 0, 0.000, -0.033, 0.000, 0.000, -0.124, 0.000, 0.000, 0.193, -0.456, 0.420, 0.000, 24.94
0, 0, 0.000, -0.017, 0.000, 0.000, -0.083, 0.000, 0.000, 0.184, -0.546, 0.462, 0.000, 24.89
0, 0, 0.000, 0.000, 0.000, 0.000, 0.002, 0.000, 0.000, 0.176, -0.638, 0.459, -0.000, 24.85
0, 0, 0.000, 0.014, 0.000, 0.000, 0.099, 0.000, 0.000, 0.168, -0.730, 0.449, 0.000, 24.80
0, 0, 0.000, 0.024, 0.000, 0.000, 0.196, 0.000, 0.000, 0.160, -0.822, 0.443, 0.000, 24.76
0, 0, 0.000, 0.030, 0.000, 0.000, 0.277, 0.000, 0.000, 0.152, -0.867, 0.408, 0.000, 24.72
0, 0, 0.000, 0.034, 0.000, 0.000, 0.356, 0.000, 0.000, 0.145, -0.961, 0.425, -0.000, 24.67
0, 0, 0.000, 0.037, 0.000, 0.000, 0.423, 0.000, 0.000, 0.139, -1.007, 0.408, 0.000, 24.63
1, 0, 0.000, 0.311, 0.000, 0.000, 3.915, 0.000, 0.000, 2.630, -12.773, 5.917, 0.000, 24.04
1, 0, 0.000, 0.438, 0.000, 0.000, 5.495, 0.000, 0.000, 2.778, -11.852, 3.141, -0.000, 23.73
1, 0, 0.000, 0.534, 0.000, 0.000, 5.697, 0.000, 0.000, 2.895, -9.455, 0.330, -0.000, 23.69
1, 0, 0.000, 0.569, 0.000, 0.000, 4.829, 0.000, 0.000, 2.994, -7.245, -1.148, -0.000, 23.81
1, 0, 0.000, 0.579, 0.000, 0.000, 3.483, 0.000, 0.000, 3.083, -5.153, -1.992, 0.000, 24.01
1, 0, 0.000, 0.564, 0.000, 0.000, 2.112, 0.000, 0.000, 3.163, -3.672, -2.167, 0.000, 24.22
1, 0, 0.000, 0.491, 0.000, 0.000, 0.735, 0.000, 0.000, 3.237, -2.216, -2.246, 0.000, 24.45
1, 0, 0.000, -0.177, 0.000, 0.000, -0.138, 0.000, 0.000, 3.306, -0.774, -2.217, 0.000, 24.67
0, 0, 0.000, 0.028, 0.000, 0.000, 0.081, 0.000, 0.000, 0.872, 0.063, -1.044, 0.000, 24.78
0, 0, 0.000, 0.010, 0.000, 0.000, 0.041, 0.000, 0.000, 0.778, 0.101, -0.931, 0.000, 24.87
0, 0, 0.000, -0.009, 0.000, 0.000, -0.045, 0.000, 0.000, 0.711, 0.139, -0.797, 0.000, 24.95
0, 0, 0.000, -0.034, 0.000, 0.000, -0.163, 0.000, 0.000, 0.659, 0.134, -0.596, 0.000, 25.01
0, 0, 0.000, -0.050, 0.000, 0.000, -0.212, 0.000, 0.000, 0.615, 0.086, -0.439, -0.000, 25.05
0, 0, 0.000, -0.072, 0.000, 0.000, -0.213, 0.000, 0.000, 0.577, -0.007, -0.286, 0.000, 25.08
0, 0, 0.000, -0.192, 0.000, 0.000, -0.206, 0.000, 0.000, 0.543, -0.143, -0.002, -0.000, 25.08
0, 0, 0.000, -0.338, 0.000, 0.000, -0.182, 0.000, 0.000, 0.513, -0.279, 0.286, 0.000, 25.05
0, 0, 0.000, -0.184, 0.000, 0.000, -0.297, 0.000, 0.000, 0.485, -0.369, 0.365, 0.000, 25.02
0, 0, 0.000, -0.103, 0.000, 0.000, -0.276, 0.000, 0.000, 0.459, -0.459, 0.378, -0.000, 24.98
0, 0, 0.000, -0.054, 0.000, 0.000, -0.206, 0.000, 0.000, 0.436, -0.550, 0.375, -0.000, 24.94
0, 0, 0.000, -0.021, 0.000, 0.000, -0.113, 0.000, 0.000, 0.414, -0.690, 0.410, -0.000, 24.90
0, 0, 0.000, -0.004, 0.000, 0.000, -0.023, 0.000, 0.000, 0.393, -0.735, 0.368, 0.000, 24.86
0, 0, 0.000, 0.009, 0.000, 0.000, 0.065, 0.000, 0.000, 0.374, -0.828, 0.381, 0.000, 24.82
0, 0, 0.000, 0.017, 0.000, 0.000, 0.141, 0.000, 0.000, 0.356, -0.874, 0.360, 0.000, 24.79
0, 0, 0.000, 0.023, 0.000, 0.000, 0.218, 0.000, 0.000, 0.339, -0.968, 0.389, -0.000, 24.75
1, 0, 0.000, 0.320, 0.000, 0.000, 3.521, 0.000, 0.000, 2.820, -12.322, 5.660, 0.000, 24.18
1, 0, 0.000, 0.460, 0.000, 0.000, 4.817, 0.000, 0.000, 2.959, -10.864, 2.629, 0.000, 23.92
1, 0, 0.000, 0.562, 0.000, 0.000, 4.861, 0.000, 0.000, 3.067, -8.515, 0.025, 0.000, 23.92
1, 0, 0.000, 0.602, 0.000, 0.000, 3.899, 0.000, 0.000, 3.159, -6.338, -1.322, 0.000, 24.05
1, 0, 0.000, 0.608, 0.000, 0.000, 2.702, 0.000, 0.000, 3.239, -4.803, -1.746, 0.000, 24.22
1, 0, 0.000, 0.580, 0.000, 0.000, 1.362, 0.000, 0.000, 3.312, -3.305, -1.949, 0.000, 24.42
1, 0, 0.000, 0.227, 0.000, 0.000, 0.040, 0.000, 0.000, 3.379, -1.309, -2.338, 0.000, 24.65
1, 0, 0.000, -0.406, 0.000, 0.000, -0.787, 0.000, 0.000, 3.441, -0.390, -1.859, 0.000, 24.84
0, 0, 0.000, -0.068, 0.000, 0.000, -0.275, 0.000, 0.000, 1.001, 0.097, -0.756, -0.000, 24.91
0, 0, 0.000, -0.031, 0.000, 0.000, -0.163, 0.000, 0.000, 0.902, 0.135, -0.842, 0.000, 25.00
0, 0, 0.000, -0.031, 0.000, 0.000, -0.186, 0.000, 0.000, 0.829, 0.173, -0.785, -0.000, 25.08
0, 0, 0.000, -0.043, 0.000, 0.000, -0.268, 0.000, 0.000, 0.771, 0.168, -0.629, -0.000, 25.14
0, 0, 0.000, -0.049, 0.000, 0.000, -0.305, 0.000, 0.000, 0.722, 0.164, -0.532, 0.000, 25.19
0, 0, 0.000, -0.050, 0.000, 0.000, -0.249, 0.000, 0.000, 0.679, 0.071, -0.451, 0.000, 25.24
0, 0, 0.000, -0.040, 0.000, 0.000, -0.132, 0.000, 0.000, 0.641, -0.068, -0.400, 0.000, 25.28
0, 0, 0.000, -0.212, 0.000, 0.000, -0.318, 0.000, 0.000, 0.606, -0.204, 0.129, 0.000, 25.27
0, 0, 0.000, -0.390, 0.000, 0.000, -0.193, 0.000, 0.000, 0.574, -0.386, 0.396, 0.000, 25.23
0, 0, 0.000, -0.158, 0.000, 0.000, -0.330, 0.000, 0.000, 0.544, -0.523, 0.468, 0.000, 25.18
0, 0, 0.000, -0.065, 0.000, 0.000, -0.270, 0.000, 0.000, 0.517, -0.709, 0.527, -0.000, 25.13
0, 0, 0.000, -0.022, 0.000, 0.000, -0.139, 0.000, 0.000, 0.491, -0.897, 0.568, -0.000, 25.07
0, 0, 0.000, 0.001, 0.000, 0.000, 0.005, 0.000, 0.000, 0.467, -1.039, 0.567, 0.000, 25.01
0, 0, 0.000, 0.014, 0.000, 0.000, 0.147, 0.000, 0.000, 0.444, -1.183, 0.578, 0.000, 24.96
0, 0, 0.000, 0.023, 0.000, 0.000, 0.285, 0.000, 0.000, 0.423, -1.328, 0.597, 0.000, 24.90
0, 0, 0.000, 0.029, 0.000, 0.000, 0.418, 0.000, 0.000, 0.402, -1.475, 0.625, 0.000, 24.83
1, 0, 0.000, 0.368, 0.000, 0.000, 6.058, 0.000, 0.000, 2.881, -18.719, 9.411, 0.000, 23.89
1, 0, 0.000, 0.524, 0.000, 0.000, 8.550, 0.000, 0.000, 3.017, -16.968, 4.877, -0.000, 23.40
1, 0, 0.000, 0.608, 0.000, 0.000, 9.091, 0.000, 0.000, 3.122, -14.363, 1.541, 0.000, 23.25
1, 0, 0.000, 0.637, 0.000, 0.000, 8.444, 0.000, 0.000, 3.211, -11.988, -0.304, -0.000, 23.28
1, 0, 0.000, 0.662, 0.000, 0.000, 7.258, 0.000, 0.000, 3.290, -9.767, -1.442, -0.000, 23.42
1, 0, 0.000, 0.692, 0.000, 0.000, 5.544, 0.000, 0.000, 3.361, -7.108, -2.488, 0.000, 23.67
1, 0, 0.000, 0.704, 0.000, 0.000, 3.529, 0.000, 0.000, 3.425, -4.561, -3.097, -0.000, 23.98
1, 0, 0.000, 0.635, 0.000, 0.000, 1.769, 0.000, 0.000, 3.485, -3.144, -2.746, -0.000, 24.26
0, 0, 0.000, 1.116, 0.000, 0.000, 0.444, 0.000, 0.000, 1.043, -0.096, -2.506, -0.000, 24.51
0, 0, 0.000, 0.419, 0.000, 0.000, 0.416, 0.000, 0.000, 0.941, -0.020, -1.757, 0.000, 24.68
0, 0, 0.000, 0.129, 0.000, 0.000, 0.254, 0.000, 0.000, 0.867, 0.015, -1.265, 0.000, 24.81
0, 0, 0.000, 0.019, 0.000, 0.000, 0.039, 0.000, 0.000, 0.807, 0.008, -0.874, 0.000, 24.90
0, 0, 0.000, -0.046, 0.000, 0.000, -0.071, 0.000, 0.000, 0.757, -0.042, -0.598, 0.000, 24.96
0, 0, 0.000, -0.209, 0.000, 0.000, -0.022, 0.000, 0.000, 0.712, -0.136, -0.345, 0.000, 24.99
0, 0, 0.000, -0.137, 0.000, 0.000, -0.231, 0.000, 0.000, 0.672, -0.274, -0.030, 0.000, 25.00
0, 0, 0.000, -0.113, 0.000, 0.000, -0.374, 0.000, 0.000, 0.636, -0.412, 0.264, -0.000, 24.97
0, 0, 0.000, -0.094, 0.000, 0.000, -0.375, 0.000, 0.000, 0.602, -0.456, 0.322, 0.000, 24.94
0, 0, 0.000, -0.063, 0.000, 0.000, -0.316, 0.000, 0.000, 0.571, -0.547, 0.354, -0.000, 24.90
0, 0, 0.000, -0.037, 0.000, 0.000, -0.230, 0.000, 0.000, 0.543, -0.639, 0.364, -0.000, 24.87
0, 0, 0.000, -0.021, 0.000, 0.000, -0.144, 0.000, 0.000, 0.516, -0.684, 0.333, -0.000, 24.83
0, 0, 0.000, -0.007, 0.000, 0.000, -0.057, 0.000, 0.000, 0.490, -0.777, 0.351, -0.000, 24.80
0, 0, 0.000, 0.003, 0.000, 0.000, 0.030, 0.000, 0.000, 0.467, -0.871, 0.372, 0.000, 24.76
0, 0, 0.000, 0.011, 0.000, 0.000, 0.116, 0.000, 0.000, 0.444, -0.965, 0.395, 0.000, 24.72
0, 0, 0.000, 0.017, 0.000, 0.000, 0.211, 0.000, 0.000, 0.423, -1.109, 0.458, -0.000, 24.67
1, 0, 0.000, 0.304, 0.000, 0.000, 4.133, 0.000, 0.000, 2.901, -13.946, 6.608, -0.000, 24.01
1, 0, 0.000, 0.435, 0.000, 0.000, 5.941, 0.000, 0.000, 3.035, -12.975, 3.565, -0.000, 23.66
1, 0, 0.000, 0.500, 0.000, 0.000, 6.293, 0.000, 0.000, 3.140, -11.069, 1.136, 0.000, 23.54
1, 0, 0.000, 0.511, 0.000, 0.000, 6.236, 0.000, 0.000, 3.228, -10.431, 0.456, 0.000, 23.50
1, 0, 0.000, 0.528, 0.000, 0.000, 5.597, 0.000, 0.000, 3.306, -8.740, -0.690, -0.000, 23.57
1, 0, 0.000, 0.528, 0.000, 0.000, 4.641, 0.000, 0.000, 3.376, -7.142, -1.403, 0.000, 23.71
1, 0, 0.000, 0.543, 0.000, 0.000, 3.517, 0.000, 0.000, 3.440, -5.611, -1.889, 0.000, 23.90
1, 0, 0.000, 0.524, 0.000, 0.000, 1.983, 0.000, 0.000, 3.499, -3.586, -2.420, 0.000, 24.14
0, 0, 0.000, 0.532, 0.000, 0.000, 1.021, 0.000, 0.000, 1.056, -0.178, -2.432, -0.000, 24.38
0, 0, 0.000, 0.326, 0.000, 0.000, 0.468, 0.000, 0.000, 0.954, -0.145, -1.604, 0.000, 24.54
0, 0, 0.000, 0.198, 0.000, 0.000, 0.138, 0.000, 0.000, 0.879, -0.108, -1.107, -0.000, 24.65
0, 0, 0.000, 0.032, 0.000, 0.000, 0.013, 0.000, 0.000, 0.819, -0.114, -0.749, 0.000, 24.73
0, 0, 0.000, -0.052, 0.000, 0.000, -0.039, 0.000, 0.000, 0.768, -0.164, -0.513, 0.000, 24.78
0, 0, 0.000, -0.043, 0.000, 0.000, -0.064, 0.000, 0.000, 0.723, -0.214, -0.403, 0.000, 24.82
0, 0, 0.000, -0.031, 0.000, 0.000, -0.088, 0.000, 0.000, 0.682, -0.308, -0.256, 0.000, 24.84
0, 0, 0.000, -0.078, 0.000, 0.000, -0.323, 0.000, 0.000, 0.645, -0.400, 0.156, 0.000, 24.83
0, 0, 0.000, -0.072, 0.000, 0.000, -0.375, 0.000, 0.000, 0.612, -0.491, 0.327, 0.000, 24.80
0, 0, 0.000, -0.052, 0.000, 0.000, -0.326, 0.000, 0.000, 0.580, -0.583, 0.381, 0.000, 24.76
0, 0, 0.000, -0.033, 0.000, 0.000, -0.239, 0.000, 0.000, 0.551, -0.675, 0.396, -0.000, 24.72
0, 0, 0.000, -0.017, 0.000, 0.000, -0.141, 0.000, 0.000, 0.524, -0.767, 0.401, 0.000, 24.68
0, 0, 0.000, -0.005, 0.000, 0.000, -0.050, 0.000, 0.000, 0.498, -0.813, 0.370, 0.000, 24.64
0, 0, 0.000, 0.004, 0.000, 0.000, 0.039, 0.000, 0.000, 0.474, -0.907, 0.390, -0.000, 24.60
0, 0, 0.000, 0.010, 0.000, 0.000, 0.117, 0.000, 0.000, 0.451, -0.952, 0.373, 0.000, 24.57
0, 0, 0.000, 0.016, 0.000, 0.000, 0.196, 0.000, 0.000, 0.430, -1.047, 0.406, 0.000, 24.52
1, 0, 0.000, 0.273, 0.000, 0.000, 3.664, 0.000, 0.000, 2.907, -12.671, 5.826, -0.000, 23.94
1, 0, 0.000, 0.392, 0.000, 0.000, 4.837, 0.000, 0.000, 3.041, -10.643, 2.372, 0.000, 23.70
1, 0, 0.000, 0.444, 0.000, 0.000, 5.098, 0.000, 0.000, 3.146, -9.394, 0.706, 0.000, 23.63
1, 0, 0.000, 0.464, 0.000, 0.000, 4.789, 0.000, 0.000, 3.234, -8.250, -0.236, 0.000, 23.66
1, 0, 0.000, 0.428, 0.000, 0.000, 4.322, 0.000, 0.000, 3.311, -7.706, -0.355, 0.000, 23.69
1, 0, 0.000, 0.400, 0.000, 0.000, 4.048, 0.000, 0.000, 3.381, -7.717, -0.111, 0.000, 23.70
1, 0, 0.000, 0.399, 0.000, 0.000, 3.720, 0.000, 0.000, 3.445, -7.178, -0.387, 0.000, 23.74
1, 0, 0.000, 0.377, 0.000, 0.000, 3.313, 0.000, 0.000, 3.504, -6.656, -0.538, 0.000, 23.80
0, 0, 0.000, 0.201, 0.000, 0.000, 1.763, 0.000, 0.000, 1.061, -0.570, -2.455, 0.000, 24.04
0, 0, 0.000, 0.098, 0.000, 0.000, 0.880, 0.000, 0.000, 0.958, -0.582, -1.354, 0.000, 24.18
0, 0, 0.000, 0.044, 0.000, 0.000, 0.414, 0.000, 0.000, 0.883, -0.635, -0.705, 0.000, 24.25
0, 0, 0.000, 0.028, 0.000, 0.000, 0.242, 0.000, 0.000, 0.823, -0.592, -0.501, -0.000, 24.30
0, 0, 0.000, 0.010, 0.000, 0.000, 0.093, 0.000, 0.000, 0.772, -0.642, -0.233, 0.000, 24.32
0, 0, 0.000, -0.006, 0.000, 0.000, -0.064, 0.000, 0.000, 0.726, -0.689, 0.033, 0.000, 24.32
0, 0, 0.000, -0.011, 0.000, 0.000, -0.121, 0.000, 0.000, 0.686, -0.736, 0.182, -0.000, 24.30
0, 0, 0.000, -0.009, 0.000, 0.000, -0.111, 0.000, 0.000, 0.649, -0.830, 0.302, 0.000, 24.27
0, 0, 0.000, -0.005, 0.000, 0.000, -0.070, 0.000, 0.000, 0.614, -0.876, 0.336, 0.000, 24.24
0, 0, 0.000, -0.001, 0.000, 0.000, -0.012, 0.000, 0.000, 0.583, -0.921, 0.352, 0.000, 24.20
0, 0, 0.000, 0.003, 0.000, 0.000, 0.049, 0.000, 0.000, 0.554, -0.967, 0.361, 0.000, 24.16
0, 0, 0.000, 0.007, 0.000, 0.000, 0.109, 0.000, 0.000, 0.526, -1.013, 0.371, -0.000, 24.13
0, 0, 0.000, 0.011, 0.000, 0.000, 0.167, 0.000, 0.000, 0.501, -1.059, 0.381, 0.000, 24.09
0, 0, 0.000, 0.013, 0.000, 0.000, 0.213, 0.000, 0.000, 0.476, -1.056, 0.354, 0.000, 24.05
0, 0, 0.000, 0.016, 0.000, 0.000, 0.259, 0.000, 0.000, 0.453, -1.103, 0.375, 0.000, 24.02
0, 0, 0.000, 0.017, 0.000, 0.000, 0.295, 0.000, 0.000, 0.432, -1.100, 0.356, 0.000, 23.98
1, 0, 0.000, 0.228, 0.000, 0.000, 4.030, 0.000, 0.000, 2.909, -13.279, 6.111, -0.000, 23.37
1, 0, 0.000, 0.322, 0.000, 0.000, 5.314, 0.000, 0.000, 3.043, -11.223, 2.543, 0.000, 23.12
1, 0, 0.000, 0.386, 0.000, 0.000, 5.507, 0.000, 0.000, 3.148, -8.881, -0.160, 0.000, 23.13
1, 0, 0.000, 0.395, 0.000, 0.000, 4.577, 0.000, 0.000, 3.236, -6.710, -1.497, 0.000, 23.28
1, 0, 0.000, 0.356, 0.000, 0.000, 2.986, 0.000, 0.000, 3.313, -4.111, -2.544, 0.000, 23.54
1, 0, 0.000, 0.262, 0.000, 0.000, 1.576, 0.000, 0.000, 3.383, -2.677, -2.544, 0.000, 23.79
1, 0, 0.000, 0.088, 0.000, 0.000, 0.336, 0.000, 0.000, 3.446, -1.265, -2.606, -0.000, 24.05
1, 0, 0.000, -0.417, 0.000, 0.000, -0.641, 0.000, 0.000, 3.505, 0.134, -2.581, -0.000, 24.31
0, 0, 0.000, -0.420, 0.000, 0.000, -0.140, 0.000, 0.000, 1.062, 0.096, -0.599, -0.000, 24.37
0, 0, 0.000, -0.214, 0.000, 0.000, -0.307, 0.000, 0.000, 0.960, 0.137, -0.576, 0.000, 24.43
0, 0, 0.000, -0.183, 0.000, 0.000, -0.341, 0.000, 0.000, 0.884, 0.133, -0.493, 0.000, 24.48
0, 0, 0.000, -0.178, 0.000, 0.000, -0.384, 0.000, 0.000, 0.824, 0.130, -0.391, -0.000, 24.51
0, 0, 0.000, -0.204, 0.000, 0.000, -0.348, 0.000, 0.000, 0.773, 0.082, -0.303, 0.000, 24.55
0, 0, 0.000, -0.270, 0.000, 0.000, -0.170, 0.000, 0.000, 0.727, -0.010, -0.277, 0.000, 24.57
0, 0, 0.000, -0.161, 0.000, 0.000, -0.106, 0.000, 0.000, 0.687, -0.104, -0.315, -0.000, 24.60
0, 0, 0.000, -0.184, 0.000, 0.000, -0.429, 0.000, 0.000, 0.650, -0.240, 0.203, 0.000, 24.58
0, 0, 0.000, -0.152, 0.000, 0.000, -0.517, 0.000, 0.000, 0.615, -0.330, 0.384, -0.000, 24.55
0, 0, 0.000, -0.109, 0.000, 0.000, -0.479, 0.000, 0.000, 0.584, -0.420, 0.424, 0.000, 24.50
0, 0, 0.000, -0.072, 0.000, 0.000, -0.392, 0.000, 0.000, 0.555, -0.511, 0.420, 0.000, 24.46
0, 0, 0.000, -0.041, 0.000, 0.000, -0.283, 0.000, 0.000, 0.527, -0.649, 0.447, 0.000, 24.42
0, 0, 0.000, -0.023, 0.000, 0.000, -0.179, 0.000, 0.000, 0.501, -0.694, 0.395, -0.000, 24.38
0, 0, 0.000, -0.009, 0.000, 0.000, -0.080, 0.000, 0.000, 0.477, -0.787, 0.399, -0.000, 24.34
0, 0, 0.000, 0.001, 0.000, 0.000, 0.006, 0.000, 0.000, 0.454, -0.832, 0.372, 0.000, 24.30
0, 0, 0.000, 0.008, 0.000, 0.000, 0.090, 0.000, 0.000, 0.432, -0.926, 0.396, 0.000, 24.26
1, 0, 0.000, 0.014, 0.000, 0.000, 0.163, 0.000, 0.000, 0.412, -0.972, 0.384, -0.000, 24.22
1, 0, 0.000, 0.022, 0.000, 0.000, 0.248, 0.000, 0.000, 0.393, -0.873, 0.209, 0.000, 24.20
1, 0, 0.000, 0.068, 0.000, 0.000, 0.617, 0.000, 0.000, 0.374, -0.682, -0.376, 0.000, 24.24
1, 0, 0.000, 0.085, 0.000, 0.000, 0.560, 0.000, 0.000, 0.357, -0.496, -0.505, -0.000, 24.29
1, 0, 0.000, 0.097, 0.000, 0.000, 0.380, 0.000, 0.000, 0.340, -0.313, -0.504, 0.000, 24.34
1, 0, 0.000, 0.149, 0.000, 0.000, 0.164, 0.000, 0.000, 0.324, -0.132, -0.505, -0.000, 24.39
1, 0, 0.000, 0.051, 0.000, 0.000, 0.090, 0.000, 0.000, 0.309, 0.046, -0.496, -0.000, 24.44
1, 0, 0.000, -0.009, 0.000, 0.000, -0.035, 0.000, 0.000, 0.295, 0.133, -0.384, -0.000, 24.48
0, 0, 0.000, 0.070, 0.000, 0.000, 0.409, 0.000, 0.000, 0.282, 0.258, -1.019, 0.000, 24.58
0, 0, 0.000, 0.048, 0.000, 0.000, 0.337, 0.000, 0.000, 0.269, 0.295, -0.949, 0.000, 24.67
0, 0, 0.000, 0.028, 0.000, 0.000, 0.216, 0.000, 0.000, 0.256, 0.332, -0.833, 0.000, 24.76
0, 0, 0.000, 0.011, 0.000, 0.000, 0.083, 0.000, 0.000, 0.244, 0.327, -0.665, 0.000, 24.82
0, 0, 0.000, 0.004, 0.000, 0.000, 0.027, 0.000, 0.000, 0.233, 0.234, -0.499, 0.000, 24.87
0, 0, 0.000, 0.012, 0.000, 0.000, 0.066, 0.000, 0.000, 0.222, 0.142, -0.442, 0.000, 24.92
0, 0, 0.000, 0.037, 0.000, 0.000, 0.148, 0.000, 0.000, 0.212, 0.003, -0.400, 0.000, 24.96
0, 0, 0.000, -0.058, 0.000, 0.000, -0.158, 0.000, 0.000, 0.202, -0.087, 0.101, -0.000, 24.95
0, 0, 0.000, -0.118, 0.000, 0.000, -0.194, 0.000, 0.000, 0.193, -0.176, 0.295, -0.000, 24.92
0, 0, 0.000, -0.161, 0.000, 0.000, -0.099, 0.000, 0.000, 0.184, -0.265, 0.342, -0.000, 24.89
0, 0, 0.000, -0.111, 0.000, 0.000, -0.050, 0.000, 0.000, 0.176, -0.355, 0.341, 0.000, 24.85
0, 0, 0.000, -0.021, 0.000, 0.000, -0.032, 0.000, 0.000, 0.168, -0.446, 0.332, 0.000, 24.82
0, 0, 0.000, 0.013, 0.000, 0.000, 0.029, 0.000, 0.000, 0.160, -0.491, 0.289, 0.000, 24.79
0, 0, 0.000, 0.031, 0.000, 0.000, 0.081, 0.000, 0.000, 0.152, -0.489, 0.224, 0.000, 24.77
0, 0, 0.000, 0.040, 0.000, 0.000, 0.132, 0.000, 0.000, 0.145, -0.534, 0.217, 0.000, 24.74
0, 0, 0.000, 0.044, 0.000, 0.000, 0.179, 0.000, 0.000, 0.139, -0.580, 0.218, 0.000, 24.72
1, 0, 0.000, 0.308, 0.000, 0.000, 1.345, 0.000, 0.000, 2.630, -6.767, 2.484, 0.000, 24.47
1, 0, 0.000, 0.444, 0.000, 0.000, 1.594, 0.000, 0.000, 2.778, -5.549, 0.734, -0.000, 24.40
1, 0, 0.000, 0.565, 0.000, 0.000, 1.139, 0.000, 0.000, 2.895, -3.918, -0.681, 0.000, 24.47
1, 0, 0.000, 0.671, 0.000, 0.000, 0.021, 0.000, 0.000, 2.994, -2.368, -1.319, -0.000, 24.60
1, 0, 0.000, -0.197, 0.000, 0.000, -0.435, 0.000, 0.000, 3.083, -0.862, -1.589, -0.000, 24.76
1, 0, 0.000, -0.390, 0.000, 0.000, -1.981, 0.000, 0.000, 3.163, 1.138, -1.930, 0.000, 24.95
1, 1, 0.000, -0.317, 0.000, 0.000, -2.383, 0.000, 0.000, 3.237, 2.714, -0.470, 2.781, 25.00
1, 1, 0.000, -0.236, 0.000, 0.000, -2.320, 0.000, 0.000, 3.306, 4.318, 0.000, 5.068, 25.00
0, 0, 0.000, -0.058, 0.000, 0.000, -0.677, 0.000, 0.000, 0.872, 0.440, -0.577, -0.000, 25.06
0, 0, 0.000, -0.023, 0.000, 0.000, -0.301, 0.000, 0.000, 0.778, 0.519, -0.973, 0.000, 25.15
0, 0, 0.000, -0.018, 0.000, 0.000, -0.244, 0.000, 0.000, 0.711, 0.468, -0.917, 0.000, 25.25
0, 0, 0.000, -0.023, 0.000, 0.000, -0.312, 0.000, 0.000, 0.659, 0.462, -0.786, 0.000, 25.33
0, 0, 0.000, -0.026, 0.000, 0.000, -0.364, 0.000, 0.000, 0.615, 0.500, -0.724, -0.000, 25.40
0, 0, 0.000, -0.030, 0.000, 0.000, -0.383, 0.000, 0.000, 0.577, 0.451, -0.615, 0.000, 25.46
0, 0, 0.000, -0.041, 0.000, 0.000, -0.470, 0.000, 0.000, 0.543, 0.361, -0.393, 0.000, 25.50
0, 0, 0.000, -0.066, 0.000, 0.000, -0.695, 0.000, 0.000, 0.513, 0.272, -0.024, -0.000, 25.50
0, 0, 0.000, -0.077, 0.000, 0.000, -0.705, 0.000, 0.000, 0.485, 0.140, 0.157, -0.000, 25.49
0, 0, 0.000, -0.077, 0.000, 0.000, -0.627, 0.000, 0.000, 0.459, 0.052, 0.192, -0.000, 25.47
0, 0, 0.000, -0.073, 0.000, 0.000, -0.522, 0.000, 0.000, 0.436, -0.036, 0.196, -0.000, 25.45
0, 0, 0.000, -0.068, 0.000, 0.000, -0.414, 0.000, 0.000, 0.414, -0.126, 0.194, -0.000, 25.43
0, 0, 0.000, -0.066, 0.000, 0.000, -0.299, 0.000, 0.000, 0.393, -0.262, 0.233, 0.000, 25.40
0, 0, 0.000, -0.063, 0.000, 0.000, -0.184, 0.000, 0.000, 0.374, -0.399, 0.272, 0.000, 25.38
0, 0, 0.000, -0.059, 0.000, 0.000, -0.070, 0.000, 0.000, 0.356, -0.537, 0.310, -0.000, 25.35
0, 0, 0.000, -0.007, 0.000, 0.000, -0.004, 0.000, 0.000, 0.339, -0.677, 0.350, 0.000, 25.31
1, 0, 0.000, 0.562, 0.000, 0.000, 1.635, 0.000, 0.000, 2.820, -10.010, 4.992, -0.000, 24.81
1, 0, 0.000, 1.001, 0.000, 0.000, 2.594, 0.000, 0.000, 2.959, -8.631, 2.077, 0.000, 24.60
1, 0, 0.000, 1.598, 0.000, 0.000, 2.028, 0.000, 0.000, 3.067, -6.879, 0.186, 0.000, 24.58
1, 0, 0.000, 1.271, 0.000, 0.000, 1.288, 0.000, 0.000, 3.159, -4.700, -1.018, 0.000, 24.69
1, 0, 0.000, 0.160, 0.000, 0.000, 0.634, 0.000, 0.000, 3.239, -2.090, -1.945, 0.000, 24.88
1, 1, 0.000, -0.058, 0.000, 0.000, -0.353, 0.000, 0.000, 3.312, -0.549, -1.189, 1.164, 25.00
1, 1, 0.000, -0.042, 0.000, 0.000, -0.342, 0.000, 0.000, 3.379, 1.092, 0.000, 4.087, 25.00
1, 1, 0.000, -0.033, 0.000, 0.000, -0.335, 0.000, 0.000, 3.441, 2.714, 0.000, 5.787, 25.00
0, 0, 0.000, 0.043, 0.000, 0.000, 0.499, 0.000, 0.000, 1.001, 0.298, -1.840, 0.000, 25.18
0, 0, 0.000, 0.033, 0.000, 0.000, 0.421, 0.000, 0.000, 0.902, 0.328, -1.684, 0.000, 25.35
0, 0, 0.000, 0.015, 0.000, 0.000, 0.194, 0.000, 0.000, 0.829, 0.361, -1.399, -0.000, 25.49
0, 0, 0.000, -0.003, 0.000, 0.000, -0.044, 0.000, 0.000, 0.771, 0.353, -1.077, 0.000, 25.60
0, 0, 0.000, -0.013, 0.000, 0.000, -0.173, 0.000, 0.000, 0.722, 0.302, -0.838, 0.000, 25.68
0, 0, 0.000, -0.014, 0.000, 0.000, -0.170, 0.000, 0.000, 0.679, 0.208, -0.703, -0.000, 25.75
0, 0, 0.000, -0.013, 0.000, 0.000, -0.131, 0.000, 0.000, 0.641, 0.069, -0.566, -0.000, 25.81
0, 0, 0.000, -0.060, 0.000, 0.000, -0.496, 0.000, 0.000, 0.606, -0.021, -0.028, 0.000, 25.81
0, 0, 0.000, -0.085, 0.000, 0.000, -0.560, 0.000, 0.000, 0.574, -0.156, 0.226, 0.000, 25.79
0, 0, 0.000, -0.095, 0.000, 0.000, -0.479, 0.000, 0.000, 0.544, -0.291, 0.321, 0.000, 25.76
0, 0, 0.000, -0.096, 0.000, 0.000, -0.360, 0.000, 0.000, 0.517, -0.381, 0.320, -0.000, 25.73
0, 0, 0.000, -0.105, 0.000, 0.000, -0.216, 0.000, 0.000, 0.491, -0.519, 0.348, -0.000, 25.69
0, 0, 0.000, -0.113, 0.000, 0.000, -0.079, 0.000, 0.000, 0.467, -0.610, 0.336, 0.000, 25.66
0, 0, 0.000, -0.044, 0.000, 0.000, -0.031, 0.000, 0.000, 0.444, -0.703, 0.334, 0.000, 25.63
0, 0, 0.000, 0.011, 0.000, 0.000, 0.022, 0.000, 0.000, 0.423, -0.796, 0.340, -0.000, 25.59
0, 0, 0.000, 0.029, 0.000, 0.000, 0.104, 0.000, 0.000, 0.402, -0.890, 0.354, -0.000, 25.56
1, 0, 0.000, 0.421, 0.000, 0.000, 2.132, 0.000, 0.000, 2.881, -11.344, 5.910, 0.000, 24.96
1, 0, 0.000, 0.746, 0.000, 0.000, 3.866, 0.000, 0.000, 3.017, -10.464, 2.835, -0.000, 24.68
1, 0, 0.000, 0.984, 0.000, 0.000, 3.981, 0.000, 0.000, 3.122, -8.653, 0.565, 0.000, 24.62
1, 0, 0.000, 1.415, 0.000, 0.000, 2.604, 0.000, 0.000, 3.211, -6.427, -0.804, -0.000, 24.71
1, 0, 0.000, 1.546, 0.000, 0.000, 0.996, 0.000, 0.000, 3.290, -4.306, -1.526, -0.000, 24.86
1, 1, 0.000, 0.263, 0.000, 0.000, 0.828, 0.000, 0.000, 3.361, -2.208, -1.424, 0.821, 25.00
1, 1, 0.000, 0.167, 0.000, 0.000, 0.875, 0.000, 0.000, 3.425, -0.549, 0.000, 3.919, 25.00
1, 1, 0.000, 0.120, 0.000, 0.000, 0.867, 0.000, 0.000, 3.485, 1.092, 0.000, 5.563, 25.00
0, 0, 0.000, 0.127, 0.000, 0.000, 1.112, 0.000, 0.000, 1.043, 0.160, -2.442, 0.000, 25.24
0, 0, 0.000, 0.075, 0.000, 0.000, 0.761, 0.000, 0.000, 0.941, 0.233, -2.010, 0.000, 25.45
0, 0, 0.000, 0.039, 0.000, 0.000, 0.402, 0.000, 0.000, 0.867, 0.220, -1.528, 0.000, 25.60
0, 0, 0.000, 0.008, 0.000, 0.000, 0.090, 0.000, 0.000, 0.807, 0.255, -1.161, 0.000, 25.71
0, 0, 0.000, -0.007, 0.000, 0.000, -0.080, 0.000, 0.000, 0.757, 0.204, -0.874, -0.000, 25.80
0, 0, 0.000, -0.011, 0.000, 0.000, -0.100, 0.000, 0.000, 0.712, 0.109, -0.711, -0.000, 25.87
0, 0, 0.000, -0.007, 0.000, 0.000, -0.053, 0.000, 0.000, 0.672, -0.031, -0.582, -0.000, 25.93
0, 0, 0.000, -0.071, 0.000, 0.000, -0.420, 0.000, 0.000, 0.636, -0.121, -0.023, -0.000, 25.93
0, 0, 0.000, -0.105, 0.000, 0.000, -0.495, 0.000, 0.000, 0.602, -0.211, 0.210, 0.000, 25.91
0, 0, 0.000, -0.120, 0.000, 0.000, -0.431, 0.000, 0.000, 0.571, -0.301, 0.281, -0.000, 25.88
0, 0, 0.000, -0.131, 0.000, 0.000, -0.318, 0.000, 0.000, 0.543, -0.391, 0.297, 0.000, 25.85
0, 0, 0.000, -0.149, 0.000, 0.000, -0.184, 0.000, 0.000, 0.516, -0.483, 0.299, -0.000, 25.82
0, 0, 0.000, -0.161, 0.000, 0.000, -0.067, 0.000, 0.000, 0.490, -0.527, 0.265, -0.000, 25.80
0, 0, 0.000, -0.098, 0.000, 0.000, -0.039, 0.000, 0.000, 0.467, -0.573, 0.243, 0.000, 25.77
0, 0, 0.000, -0.038, 0.000, 0.000, -0.030, 0.000, 0.000, 0.444, -0.571, 0.194, 0.000, 25.75
0, 0, 0.000, -0.002, 0.000, 0.000, -0.004, 0.000, 0.000, 0.423, -0.617, 0.200, -0.000, 25.73
1, 1, 0.000, 0.975, 0.000, 0.000, 2.300, 0.000, 0.000, 2.901, -7.298, 7.341, 6.218, 25.00
1, 0, 0.000, 1.036, 0.000, 0.000, 2.297, 0.000, 0.000, 3.035, -6.691, 0.322, 0.000, 24.97
1, 1, 0.000, 1.129, 0.000, 0.000, 1.649, 0.000, 0.000, 3.140, -5.582, -0.322, 0.014, 25.00
1, 1, 0.000, 1.265, 0.000, 0.000, 1.339, 0.000, 0.000, 3.228, -5.014, 0.000, 0.819, 25.00
1, 1, 0.000, 2.273, 0.000, 0.000, 0.173, 0.000, 0.000, 3.306, -3.885, 0.000, 1.867, 25.00
1, 1, 0.000, 1.068, 0.000, 0.000, 1.235, 0.000, 0.000, 3.376, -2.765, 0.000, 2.914, 25.00
1, 1, 0.000, 0.616, 0.000, 0.000, 1.555, 0.000, 0.000, 3.440, -1.653, 0.000, 3.959, 25.00
1, 1, 0.000, 0.438, 0.000, 0.000, 1.613, 0.000, 0.000, 3.499, -0.549, 0.000, 5.001, 25.00
0, 0, 0.000, 0.260, 0.000, 0.000, 1.115, 0.000, 0.000, 1.056, -0.020, -2.412, 0.000, 25.24
0, 0, 0.000, 0.134, 0.000, 0.000, 0.707, 0.000, 0.000, 0.954, 0.011, -1.806, -0.000, 25.42
0, 0, 0.000, 0.064, 0.000, 0.000, 0.394, 0.000, 0.000, 0.879, 0.045, -1.382, 0.000, 25.56
0, 0, 0.000, 0.019, 0.000, 0.000, 0.130, 0.000, 0.000, 0.819, 0.081, -1.050, 0.000, 25.66
0, 0, 0.000, -0.012, 0.000, 0.000, -0.083, 0.000, 0.000, 0.768, 0.075, -0.749, -0.000, 25.74
0, 0, 0.000, -0.048, 0.000, 0.000, -0.283, 0.000, 0.000, 0.723, 0.027, -0.419, -0.000, 25.78
0, 0, 0.000, -0.077, 0.000, 0.000, -0.372, 0.000, 0.000, 0.682, -0.065, -0.169, 0.000, 25.80
0, 0, 0.000, -0.103, 0.000, 0.000, -0.437, 0.000, 0.000, 0.645, -0.110, 0.005, 0.000, 25.80
0, 0, 0.000, -0.128, 0.000, 0.000, -0.413, 0.000, 0.000, 0.612, -0.201, 0.131, -0.000, 25.79
0, 0, 0.000, -0.134, 0.000, 0.000, -0.355, 0.000, 0.000, 0.580, -0.246, 0.155, 0.000, 25.77
0, 0, 0.000, -0.137, 0.000, 0.000, -0.284, 0.000, 0.000, 0.551, -0.290, 0.160, 0.000, 25.75
0, 0, 0.000, -0.168, 0.000, 0.000, -0.174, 0.000, 0.000, 0.524, -0.382, 0.200, 0.000, 25.73
0, 0, 0.000, -0.197, 0.000, 0.000, -0.070, 0.000, 0.000, 0.498, -0.427, 0.196, 0.000, 25.71
0, 0, 0.000, -0.149, 0.000, 0.000, -0.049, 0.000, 0.000, 0.474, -0.472, 0.196, -0.000, 25.69
0, 0, 0.000, -0.051, 0.000, 0.000, -0.075, 0.000, 0.000, 0.451, -0.564, 0.239, -0.000, 25.67
0, 0, 0.000, -0.019, 0.000, 0.000, -0.041, 0.000, 0.000, 0.430, -0.609, 0.239, -0.000, 25.65
1, 1, 0.000, 0.855, 0.000, 0.000, 2.560, 0.000, 0.000, 2.907, -7.298, 6.465, 5.488, 25.00
1, 1, 0.000, 0.930, 0.000, 0.000, 2.183, 0.000, 0.000, 3.041, -6.152, 0.000, 0.002, 25.00
1, 1, 0.000, 1.680, 0.000, 0.000, 1.251, 0.000, 0.000, 3.146, -4.449, 0.000, 1.628, 25.00
1, 1, 0.000, 1.060, 0.000, 0.000, 1.679, 0.000, 0.000, 3.234, -2.208, 0.000, 3.766, 25.00
1, 1, 0.000, 0.585, 0.000, 0.000, 1.988, 0.000, 0.000, 3.311, -0.549, 0.000, 5.335, 25.00
1, 1, 0.000, 0.436, 0.000, 0.000, 1.990, 0.000, 0.000, 3.381, 0.547, 0.000, 6.354, 25.00
1, 1, 0.000, 0.331, 0.000, 0.000, 1.960, 0.000, 0.000, 3.445, 1.634, 0.000, 7.370, 25.00
1, 1, 0.000, 0.268, 0.000, 0.000, 1.901, 0.000, 0.000, 3.504, 2.175, 0.000, 7.848, 25.00
0, 0, 0.000, 0.165, 0.000, 0.000, 1.296, 0.000, 0.000, 1.061, 0.202, -2.724, 0.000, 25.27
0, 0, 0.000, 0.084, 0.000, 0.000, 0.648, 0.000, 0.000, 0.958, 0.187, -1.877, -0.000, 25.46
0, 0, 0.000, 0.026, 0.000, 0.000, 0.199, 0.000, 0.000, 0.883, 0.177, -1.285, 0.000, 25.59
0, 0, 0.000, -0.006, 0.000, 0.000, -0.047, 0.000, 0.000, 0.823, 0.125, -0.895, 0.000, 25.68
0, 0, 0.000, -0.026, 0.000, 0.000, -0.209, 0.000, 0.000, 0.772, 0.120, -0.656, -0.000, 25.74
0, 0, 0.000, -0.046, 0.000, 0.000, -0.335, 0.000, 0.000, 0.726, 0.071, -0.417, 0.000, 25.79
0, 0, 0.000, -0.062, 0.000, 0.000, -0.385, 0.000, 0.000, 0.686, -0.020, -0.218, -0.000, 25.81
0, 0, 0.000, -0.098, 0.000, 0.000, -0.455, 0.000, 0.000, 0.649, -0.156, 0.061, -0.000, 25.80
0, 0, 0.000, -0.133, 0.000, 0.000, -0.410, 0.000, 0.000, 0.614, -0.292, 0.221, 0.000, 25.78
0, 0, 0.000, -0.159, 0.000, 0.000, -0.308, 0.000, 0.000, 0.583, -0.383, 0.267, -0.000, 25.75
0, 0, 0.000, -0.269, 0.000, 0.000, -0.091, 0.000, 0.000, 0.554, -0.521, 0.327, 0.000, 25.72
0, 0, 0.000, -0.102, 0.000, 0.000, -0.139, 0.000, 0.000, 0.526, -0.660, 0.375, 0.000, 25.68
0, 0, 0.000, -0.028, 0.000, 0.000, -0.089, 0.000, 0.000, 0.501, -0.800, 0.417, 0.000, 25.64
0, 0, 0.000, 0.001, 0.000, 0.000, 0.006, 0.000, 0.000, 0.476, -0.942, 0.458, 0.000, 25.59
0, 0, 0.000, 0.017, 0.000, 0.000, 0.116, 0.000, 0.000, 0.453, -1.084, 0.499, 0.000, 25.54
0, 0, 0.000, 0.026, 0.000, 0.000, 0.220, 0.000, 0.000, 0.432, -1.179, 0.501, 0.000, 25.49
1, 0, 0.000, 0.430, 0.000, 0.000, 4.516, 0.000, 0.000, 2.909, -15.314, 7.458, 0.000, 24.75
1, 0, 0.000, 0.609, 0.000, 0.000, 6.556, 0.000, 0.000, 3.043, -14.285, 4.077, -0.000, 24.34
1, 0, 0.000, 0.767, 0.000, 0.000, 6.997, 0.000, 0.000, 3.148, -11.798, 0.887, 0.000, 24.25
1, 0, 0.000, 0.879, 0.000, 0.000, 6.191, 0.000, 0.000, 3.236, -9.520, -0.785, 0.000, 24.33
1, 0, 0.000, 1.006, 0.000, 0.000, 4.673, 0.000, 0.000, 3.313, -7.362, -1.629, -0.000, 24.49
1, 0, 0.000, 1.228, 0.000, 0.000, 2.736, 0.000, 0.000, 3.383, -5.281, -2.065, -0.000, 24.70
1, 0, 0.000, 1.740, 0.000, 0.000, 0.539, 0.000, 0.000, 3.446, -3.781, -1.945, 0.000, 24.90
1, 1, 0.000, 0.572, 0.000, 0.000, 0.632, 0.000, 0.000, 3.505, -2.765, -1.049, 0.895, 25.00
0, 0, 0.000, 0.325, 0.000, 0.000, 0.859, 0.000, 0.000, 1.062, -0.154, -2.092, 0.000, 25.21
0, 0, 0.000, 0.149, 0.000, 0.000, 0.608, 0.000, 0.000, 0.960, -0.076, -1.641, -0.000, 25.37
0, 0, 0.000, 0.076, 0.000, 0.000, 0.327, 0.000, 0.000, 0.884, -0.086, -1.202, 0.000, 25.49
0, 0, 0.000, 0.022, 0.000, 0.000, 0.090, 0.000, 0.000, 0.824, -0.093, -0.844, 0.000, 25.58
0, 0, 0.000, -0.022, 0.000, 0.000, -0.068, 0.000, 0.000, 0.773, -0.143, -0.541, -0.000, 25.63
0, 0, 0.000, -0.052, 0.000, 0.000, -0.098, 0.000, 0.000, 0.727, -0.237, -0.340, -0.000, 25.67
0, 0, 0.000, -0.057, 0.000, 0.000, -0.004, 0.000, 0.000, 0.687, -0.378, -0.248, -0.000, 25.69
0, 0, 0.000, -0.124, 0.000, 0.000, -0.225, 0.000, 0.000, 0.650, -0.517, 0.216, -0.000, 25.67
0, 0, 0.000, -0.096, 0.000, 0.000, -0.296, 0.000, 0.000, 0.615, -0.608, 0.385, -0.000, 25.63
0, 0, 0.000, -0.054, 0.000, 0.000, -0.254, 0.000, 0.000, 0.584, -0.747, 0.472, -0.000, 25.58
0, 0, 0.000, -0.027, 0.000, 0.000, -0.161, 0.000, 0.000, 0.555, -0.840, 0.473, 0.000, 25.54
0, 0, 0.000, -0.006, 0.000, 0.000, -0.047, 0.000, 0.000, 0.527, -0.981, 0.507, -0.000, 25.49
0, 0, 0.000, 0.007, 0.000, 0.000, 0.058, 0.000, 0.000, 0.501, -1.026, 0.461, 0.000, 25.44
0, 0, 0.000, 0.016, 0.000, 0.000, 0.158, 0.000, 0.000, 0.477, -1.121, 0.470, -0.000, 25.39
0, 0, 0.000, 0.022, 0.000, 0.000, 0.254, 0.000, 0.000, 0.454, -1.216, 0.486, -0.000, 25.34
0, 0, 0.000, 0.027, 0.000, 0.000, 0.336, 0.000, 0.000, 0.432, -1.262, 0.467, 0.000, 25.30
1, 1, 0.000, 0.135, 0.000, 0.000, 1.906, 0.000, 0.000, 0.412, -1.337, 2.972, 4.088, 25.00
1, 1, 0.000, 0.119, 0.000, 0.000, 1.633, 0.000, 0.000, 0.393, -1.237, 0.000, 0.908, 25.00
1, 1, 0.000, 0.137, 0.000, 0.000, 1.704, 0.000, 0.000, 0.374, -1.088, 0.000, 1.127, 25.00
1, 1, 0.000, 0.150, 0.000, 0.000, 1.645, 0.000, 0.000, 0.357, -0.940, 0.000, 1.212, 25.00
1, 1, 0.000, 0.173, 0.000, 0.000, 1.593, 0.000, 0.000, 0.340, -0.795, 0.000, 1.312, 25.00
1, 1, 0.000, 0.205, 0.000, 0.000, 1.515, 0.000, 0.000, 0.324, -0.651, 0.000, 1.394, 25.00
1, 1, 0.000, 0.228, 0.000, 0.000, 1.417, 0.000, 0.000, 0.309, -0.556, 0.000, 1.399, 25.00
1, 1, 0.000, 0.252, 0.000, 0.000, 1.310, 0.000, 0.000, 0.295, -0.461, 0.000, 1.396, 25.00
0, 0, 0.000, 0.252, 0.000, 0.000, 1.115, 0.000, 0.000, 0.282, -0.424, -1.224, 0.000, 25.12
0, 0, 0.000, 0.237, 0.000, 0.000, 0.856, 0.000, 0.000, 0.269, -0.386, -0.976, 0.000, 25.22
0, 0, 0.000, 0.211, 0.000, 0.000, 0.666, 0.000, 0.000, 0.256, -0.392, -0.741, 0.000, 25.29
0, 0, 0.000, 0.212, 0.000, 0.000, 0.489, 0.000, 0.000, 0.244, -0.350, -0.595, 0.000, 25.35
0, 0, 0.000, 0.142, 0.000, 0.000, 0.425, 0.000, 0.000, 0.233, -0.400, -0.400, -0.000, 25.39
0, 0, 0.000, 0.082, 0.000, 0.000, 0.337, 0.000, 0.000, 0.222, -0.448, -0.193, -0.000, 25.41
0, 0, 0.000, 0.038, 0.000, 0.000, 0.213, 0.000, 0.000, 0.212, -0.542, 0.079, -0.000, 25.41
0, 0, 0.000, 0.016, 0.000, 0.000, 0.112, 0.000, 0.000, 0.202, -0.682, 0.352, 0.000, 25.37
0, 0, 0.000, 0.015, 0.000, 0.000, 0.119, 0.000, 0.000, 0.193, -0.726, 0.399, 0.000, 25.33
0, 0, 0.000, 0.020, 0.000, 0.000, 0.180, 0.000, 0.000, 0.184, -0.819, 0.434, -0.000, 25.29
0, 0, 0.000, 0.026, 0.000, 0.000, 0.260, 0.000, 0.000, 0.176, -0.912, 0.451, -0.000, 25.24
0, 0, 0.000, 0.030, 0.000, 0.000, 0.344, 0.000, 0.000, 0.168, -1.006, 0.464, 0.000, 25.19
0, 0, 0.000, 0.034, 0.000, 0.000, 0.416, 0.000, 0.000, 0.160, -1.051, 0.441, 0.000, 25.15
0, 0, 0.000, 0.037, 0.000, 0.000, 0.479, 0.000, 0.000, 0.152, -1.097, 0.429, -0.000, 25.11
0, 0, 0.000, 0.038, 0.000, 0.000, 0.533, 0.000, 0.000, 0.145, -1.143, 0.425, 0.000, 25.07
0, 0, 0.000, 0.039, 0.000, 0.000, 0.593, 0.000, 0.000, 0.139, -1.238, 0.467, 0.000, 25.02
1, 0, 0.000, 0.302, 0.000, 0.000, 4.854, 0.000, 0.000, 2.630, -14.859, 7.073, 0.000, 24.31
1, 0, 0.000, 0.427, 0.000, 0.000, 6.616, 0.000, 0.000, 2.778, -13.293, 3.472, 0.000, 23.96
1, 0, 0.000, 0.518, 0.000, 0.000, 7.006, 0.000, 0.000, 2.895, -10.864, 0.446, 0.000, 23.92
1, 0, 0.000, 0.556, 0.000, 0.000, 6.162, 0.000, 0.000, 2.994, -8.628, -1.085, -0.000, 24.03
1, 0, 0.000, 0.561, 0.000, 0.000, 4.767, 0.000, 0.000, 3.083, -6.508, -1.903, 0.000, 24.22
1, 0, 0.000, 0.540, 0.000, 0.000, 3.141, 0.000, 0.000, 3.163, -4.469, -2.375, -0.000, 24.46
1, 0, 0.000, 0.468, 0.000, 0.000, 1.610, 0.000, 0.000, 3.237, -3.011, -2.304, -0.000, 24.69
1, 0, 0.000, 0.183, 0.000, 0.000, 0.219, 0.000, 0.000, 3.306, -1.555, -2.152, 0.000, 24.90
0, 0, 0.000, 0.407, 0.000, 0.000, 0.204, 0.000, 0.000, 0.872, -0.049, -1.433, 0.000, 25.04
0, 0, 0.000, 0.116, 0.000, 0.000, 0.239, 0.000, 0.000, 0.778, 0.032, -1.164, 0.000, 25.16
0, 0, 0.000, 0.036, 0.000, 0.000, 0.107, 0.000, 0.000, 0.711, 0.070, -0.924, 0.000, 25.25
0, 0, 0.000, -0.013, 0.000, 0.000, -0.041, 0.000, 0.000, 0.659, 0.064, -0.668, -0.000, 25.32
0, 0, 0.000, -0.038, 0.000, 0.000, -0.098, 0.000, 0.000, 0.615, 0.015, -0.493, 0.000, 25.37
0, 0, 0.000, -0.036, 0.000, 0.000, -0.052, 0.000, 0.000, 0.577, -0.079, -0.410, -0.000, 25.41
0, 0, 0.000, 0.028, 0.000, 0.000, 0.011, 0.000, 0.000, 0.543, -0.219, -0.363, 0.000, 25.45
0, 0, 0.000, -0.112, 0.000, 0.000, -0.239, 0.000, 0.000, 0.513, -0.356, 0.195, 0.000, 25.43
0, 0, 0.000, -0.102, 0.000, 0.000, -0.333, 0.000, 0.000, 0.485, -0.446, 0.396, 0.000, 25.39
0, 0, 0.000, -0.069, 0.000, 0.000, -0.299, 0.000, 0.000, 0.459, -0.537, 0.446, -0.000, 25.34
0, 0, 0.000, -0.039, 0.000, 0.000, -0.214, 0.000, 0.000, 0.436, -0.628, 0.446, -0.000, 25.30
0, 0, 0.000, -0.017, 0.000, 0.000, -0.113, 0.000, 0.000, 0.414, -0.720, 0.437, -0.000, 25.26
0, 0, 0.000, -0.003, 0.000, 0.000, -0.020, 0.000, 0.000, 0.393, -0.765, 0.394, -0.000, 25.22
0, 0, 0.000, 0.008, 0.000, 0.000, 0.062, 0.000, 0.000, 0.374, -0.810, 0.366, 0.000, 25.18
0, 0, 0.000, 0.015, 0.000, 0.000, 0.133, 0.000, 0.000, 0.356, -0.855, 0.352, 0.000, 25.14
0, 0, 0.000, 0.020, 0.000, 0.000, 0.205, 0.000, 0.000, 0.339, -0.949, 0.385, 0.000, 25.11
1, 0, 0.000, 0.296, 0.000, 0.000, 3.230, 0.000, 0.000, 2.820, -11.547, 5.201, 0.000, 24.59
1, 0, 0.000, 0.424, 0.000, 0.000, 4.579, 0.000, 0.000, 2.959, -10.678, 2.715, 0.000, 24.31
1, 0, 0.000, 0.504, 0.000, 0.000, 4.762, 0.000, 0.000, 3.067, -8.865, 0.532, 0.000, 24.26
1, 0, 0.000, 0.557, 0.000, 0.000, 4.005, 0.000, 0.000, 3.159, -6.659, -1.061, 0.000, 24.37
1, 0, 0.000, 0.579, 0.000, 0.000, 2.655, 0.000, 0.000, 3.239, -4.571, -1.904, 0.000, 24.56
1, 0, 0.000, 0.529, 0.000, 0.000, 0.996, 0.000, 0.000, 3.312, -2.552, -2.285, -0.000, 24.79
1, 0, 0.000, -0.252, 0.000, 0.000, -0.060, 0.000, 0.000, 3.379, -1.084, -1.984, 0.000, 24.98
1, 1, 0.000, -0.139, 0.000, 0.000, -0.276, 0.000, 0.000, 3.441, 0.000, -0.156, 2.870, 25.00
0, 0, 0.000, 0.044, 0.000, 0.000, 0.160, 0.000, 0.000, 1.001, 0.080, -1.285, -0.000, 25.13
0, 0, 0.000, 0.022, 0.000, 0.000, 0.109, 0.000, 0.000, 0.902, 0.160, -1.192, -0.000, 25.25
0, 0, 0.000, -0.006, 0.000, 0.000, -0.032, 0.000, 0.000, 0.829, 0.152, -0.943, -0.000, 25.34
0, 0, 0.000, -0.032, 0.000, 0.000, -0.181, 0.000, 0.000, 0.771, 0.146, -0.705, 0.000, 25.41
0, 0, 0.000, -0.054, 0.000, 0.000, -0.269, 0.000, 0.000, 0.722, 0.098, -0.497, -0.000, 25.46
0, 0, 0.000, -0.073, 0.000, 0.000, -0.281, 0.000, 0.000, 0.679, 0.005, -0.330, 0.000, 25.50
0, 0, 0.000, -0.097, 0.000, 0.000, -0.253, 0.000, 0.000, 0.641, -0.087, -0.203, -0.000, 25.52
0, 0, 0.000, -0.233, 0.000, 0.000, -0.330, 0.000, 0.000, 0.606, -0.178, 0.136, -0.000, 25.50
0, 0, 0.000, -0.415, 0.000, 0.000, -0.166, 0.000, 0.000, 0.574, -0.267, 0.275, -0.000, 25.47
0, 0, 0.000, -0.437, 0.000, 0.000, -0.076, 0.000, 0.000, 0.544, -0.311, 0.280, -0.000, 25.45
0, 0, 0.000, -0.190, 0.000, 0.000, -0.223, 0.000, 0.000, 0.517, -0.402, 0.299, -0.000, 25.42
0, 0, 0.000, -0.095, 0.000, 0.000, -0.212, 0.000, 0.000, 0.491, -0.493, 0.309, 0.000, 25.39
0, 0, 0.000, -0.063, 0.000, 0.000, -0.158, 0.000, 0.000, 0.467, -0.491, 0.246, 0.000, 25.36
0, 0, 0.000, -0.035, 0.000, 0.000, -0.111, 0.000, 0.000, 0.444, -0.536, 0.238, 0.000, 25.34
0, 0, 0.000, -0.016, 0.000, 0.000, -0.062, 0.000, 0.000, 0.423, -0.582, 0.237, 0.000, 25.31
0, 0, 0.000, -0.003, 0.000, 0.000, -0.014, 0.000, 0.000, 0.402, -0.627, 0.242, -0.000, 25.29
1, 0, 0.000, 0.256, 0.000, 0.000, 1.340, 0.000, 0.000, 2.881, -7.828, 3.352, -0.000, 24.95
1, 0, 0.000, 0.427, 0.000, 0.000, 2.146, 0.000, 0.000, 3.017, -7.099, 1.510, 0.000, 24.80
1, 0, 0.000, 0.510, 0.000, 0.000, 2.116, 0.000, 0.000, 3.122, -5.935, 0.186, 0.000, 24.78
1, 0, 0.000, 0.564, 0.000, 0.000, 1.405, 0.000, 0.000, 3.211, -4.319, -0.861, -0.000, 24.87
1, 1, 0.000, 0.676, 0.000, 0.000, 0.009, 0.000, 0.000, 3.290, -2.208, -1.294, 0.473, 25.00
1, 1, 0.000, 0.191, 0.000, 0.000, 0.457, 0.000, 0.000, 3.361, -0.549, 0.000, 3.460, 25.00
1, 1, 0.000, 0.111, 0.000, 0.000, 0.497, 0.000, 0.000, 3.425, 1.092, 0.000, 5.125, 25.00
1, 1, 0.000, 0.075, 0.000, 0.000, 0.492, 0.000, 0.000, 3.485, 2.714, 0.000, 6.766, 25.00
0, 0, 0.000, 0.077, 0.000, 0.000, 0.639, 0.000, 0.000, 1.043, 0.296, -2.055, 0.000, 25.21
0, 0, 0.000, 0.037, 0.000, 0.000, 0.368, 0.000, 0.000, 0.941, 0.370, -1.716, -0.000, 25.38
0, 0, 0.000, 0.006, 0.000, 0.000, 0.063, 0.000, 0.000, 0.867, 0.403, -1.340, 0.000, 25.51
0, 0, 0.000, -0.018, 0.000, 0.000, -0.197, 0.000, 0.000, 0.807, 0.396, -0.989, -0.000, 25.61
0, 0, 0.000, -0.030, 0.000, 0.000, -0.338, 0.000, 0.000, 0.757, 0.389, -0.778, -0.000, 25.69
0, 0, 0.000, -0.048, 0.000, 0.000, -0.477, 0.000, 0.000, 0.712, 0.298, -0.485, -0.000, 25.74
0, 0, 0.000, -0.079, 0.000, 0.000, -0.646, 0.000, 0.000, 0.672, 0.164, -0.112, 0.000, 25.75
0, 0, 0.000, -0.095, 0.000, 0.000, -0.720, 0.000, 0.000, 0.636, 0.120, 0.059, -0.000, 25.74
0, 0, 0.000, -0.102, 0.000, 0.000, -0.683, 0.000, 0.000, 0.602, 0.031, 0.152, 0.000, 25.73
0, 0, 0.000, -0.098, 0.000, 0.000, -0.610, 0.000, 0.000, 0.571, -0.013, 0.149, -0.000, 25.71
0, 0, 0.000, -0.093, 0.000, 0.000, -0.528, 0.000, 0.000, 0.543, -0.057, 0.135, 0.000, 25.70
0, 0, 0.000, -0.092, 0.000, 0.000, -0.436, 0.000, 0.000, 0.516, -0.147, 0.160, 0.000, 25.68
0, 0, 0.000, -0.087, 0.000, 0.000, -0.358, 0.000, 0.000, 0.490, -0.191, 0.146, 0.000, 25.67
0, 0, 0.000, -0.082, 0.000, 0.000, -0.288, 0.000, 0.000, 0.467, -0.236, 0.140, 0.000, 25.65
0, 0, 0.000, -0.078, 0.000, 0.000, -0.225, 0.000, 0.000, 0.444, -0.281, 0.140, -0.000, 25.64
0, 0, 0.000, -0.074, 0.000, 0.000, -0.167, 0.000, 0.000, 0.423, -0.326, 0.144, -0.000, 25.62
1, 1, 0.000, 1.013, 0.000, 0.000, 1.590, 0.000, 0.000, 2.901, -3.885, 6.248, 7.867, 25.00
1, 1, 0.000, 0.721, 0.000, 0.000, 1.659, 0.000, 0.000, 3.035, -2.765, 0.000, 2.650, 25.00
1, 1, 0.000, 0.591, 0.000, 0.000, 1.619, 0.000, 0.000, 3.140, -2.208, 0.000, 3.142, 25.00
1, 1, 0.000, 0.492, 0.000, 0.000, 1.575, 0.000, 0.000, 3.228, -1.653, 0.000, 3.643, 25.00
1, 1, 0.000, 0.405, 0.000, 0.000, 1.538, 0.000, 0.000, 3.306, -1.100, 0.000, 4.149, 25.00
1, 1, 0.000, 0.304, 0.000, 0.000, 1.521, 0.000, 0.000, 3.376, 0.000, 0.000, 5.201, 25.00
1, 1, 0.000, 0.267, 0.000, 0.000, 1.456, 0.000, 0.000, 3.440, 0.547, 0.000, 5.710, 25.00
1, 1, 0.000, 0.246, 0.000, 0.000, 1.387, 0.000, 0.000, 3.499, 0.547, 0.000, 5.679, 25.00
0, 0, 0.000, 0.129, 0.000, 0.000, 0.839, 0.000, 0.000, 1.056, 0.073, -2.097, -0.000, 25.21
0, 0, 0.000, 0.057, 0.000, 0.000, 0.403, 0.000, 0.000, 0.954, 0.106, -1.520, 0.000, 25.36
0, 0, 0.000, 0.018, 0.000, 0.000, 0.148, 0.000, 0.000, 0.879, 0.141, -1.187, 0.000, 25.48
0, 0, 0.000, -0.003, 0.000, 0.000, -0.031, 0.000, 0.000, 0.819, 0.178, -0.963, -0.000, 25.58
0, 0, 0.000, -0.021, 0.000, 0.000, -0.198, 0.000, 0.000, 0.768, 0.216, -0.765, 0.000, 25.65
0, 0, 0.000, -0.040, 0.000, 0.000, -0.358, 0.000, 0.000, 0.723, 0.168, -0.492, -0.000, 25.70
0, 0, 0.000, -0.059, 0.000, 0.000, -0.484, 0.000, 0.000, 0.682, 0.121, -0.260, -0.000, 25.73
0, 0, 0.000, -0.077, 0.000, 0.000, -0.588, 0.000, 0.000, 0.645, 0.076, -0.056, -0.000, 25.73
0, 0, 0.000, -0.088, 0.000, 0.000, -0.587, 0.000, 0.000, 0.612, -0.014, 0.078, -0.000, 25.73
0, 0, 0.000, -0.092, 0.000, 0.000, -0.528, 0.000, 0.000, 0.580, -0.103, 0.143, -0.000, 25.71
0, 0, 0.000, -0.094, 0.000, 0.000, -0.444, 0.000, 0.000, 0.551, -0.193, 0.181, 0.000, 25.69
0, 0, 0.000, -0.097, 0.000, 0.000, -0.351, 0.000, 0.000, 0.524, -0.284, 0.208, -0.000, 25.67
0, 0, 0.000, -0.101, 0.000, 0.000, -0.254, 0.000, 0.000, 0.498, -0.375, 0.232, -0.000, 25.65
0, 0, 0.000, -0.114, 0.000, 0.000, -0.150, 0.000, 0.000, 0.474, -0.466, 0.256, -0.000, 25.62
0, 0, 0.000, -0.162, 0.000, 0.000, -0.012, 0.000, 0.000, 0.451, -0.558, 0.281, 0.000, 25.60
0, 0, 0.000, -0.039, 0.000, 0.000, -0.047, 0.000, 0.000, 0.430, -0.650, 0.306, 0.000, 25.57
1, 1, 0.000, 0.837, 0.000, 0.000, 2.122, 0.000, 0.000, 2.907, -8.453, 5.655, 3.068, 25.00
1, 0, 0.000, 1.015, 0.000, 0.000, 2.558, 0.000, 0.000, 3.041, -7.759, 1.144, 0.000, 24.89
1, 0, 0.000, 1.392, 0.000, 0.000, 1.850, 0.000, 0.000, 3.146, -6.069, -0.319, 0.000, 24.92
1, 0, 0.000, 1.721, 0.000, 0.000, 0.734, 0.000, 0.000, 3.234, -5.001, -0.689, 0.000, 24.99
1, 1, 0.000, 1.254, 0.000, 0.000, 0.927, 0.000, 0.000, 3.311, -3.885, -0.136, 1.471, 25.00
1, 1, 0.000, 0.541, 0.000, 0.000, 1.514, 0.000, 0.000, 3.381, -2.208, 0.000, 3.228, 25.00
1, 1, 0.000, 0.334, 0.000, 0.000, 1.603, 0.000, 0.000, 3.445, -0.549, 0.000, 4.832, 25.00
1, 1, 0.000, 0.247, 0.000, 0.000, 1.583, 0.000, 0.000, 3.504, 0.547, 0.000, 5.881, 25.00
0, 0, 0.000, 0.158, 0.000, 0.000, 1.201, 0.000, 0.000, 1.061, 0.114, -2.533, 0.000, 25.25
0, 0, 0.000, 0.077, 0.000, 0.000, 0.678, 0.000, 0.000, 0.958, 0.188, -1.902, -0.000, 25.44
0, 0, 0.000, 0.031, 0.000, 0.000, 0.278, 0.000, 0.000, 0.883, 0.177, -1.369, 0.000, 25.58
0, 0, 0.000, -0.005, 0.000, 0.000, -0.044, 0.000, 0.000, 0.823, 0.170, -0.944, -0.000, 25.67
0, 0, 0.000, -0.029, 0.000, 0.000, -0.245, 0.000, 0.000, 0.772, 0.120, -0.617, -0.000, 25.74
0, 0, 0.000, -0.050, 0.000, 0.000, -0.365, 0.000, 0.000, 0.726, 0.028, -0.338, -0.000, 25.77
0, 0, 0.000, -0.070, 0.000, 0.000, -0.418, 0.000, 0.000, 0.686, -0.064, -0.135, 0.000, 25.78
0, 0, 0.000, -0.097, 0.000, 0.000, -0.508, 0.000, 0.000, 0.649, -0.109, 0.065, -0.000, 25.78
0, 0, 0.000, -0.109, 0.000, 0.000, -0.501, 0.000, 0.000, 0.614, -0.153, 0.149, -0.000, 25.76
0, 0, 0.000, -0.111, 0.000, 0.000, -0.445, 0.000, 0.000, 0.583, -0.198, 0.170, -0.000, 25.75
0, 0, 0.000, -0.109, 0.000, 0.000, -0.374, 0.000, 0.000, 0.554, -0.242, 0.172, -0.000, 25.73
0, 0, 0.000, -0.108, 0.000, 0.000, -0.301, 0.000, 0.000, 0.526, -0.287, 0.169, -0.000, 25.71
0, 0, 0.000, -0.097, 0.000, 0.000, -0.250, 0.000, 0.000, 0.501, -0.286, 0.133, 0.000, 25.70
0, 0, 0.000, -0.088, 0.000, 0.000, -0.210, 0.000, 0.000, 0.476, -0.285, 0.107, -0.000, 25.69
0, 0, 0.000, -0.080, 0.000, 0.000, -0.178, 0.000, 0.000, 0.453, -0.284, 0.089, 0.000, 25.68
0, 0, 0.000, -0.073, 0.000, 0.000, -0.153, 0.000, 0.000, 0.432, -0.284, 0.078, -0.000, 25.67
1, 1, 0.000, 1.124, 0.000, 0.000, 2.179, 0.000, 0.000, 2.909, -2.765, 6.707, 10.154, 25.00
1, 1, 0.000, 0.812, 0.000, 0.000, 2.230, 0.000, 0.000, 3.043, -1.653, 0.000, 4.432, 25.00
1, 1, 0.000, 0.582, 0.000, 0.000, 2.251, 0.000, 0.000, 3.148, -0.549, 0.000, 5.432, 25.00
1, 1, 0.000, 0.438, 0.000, 0.000, 2.217, 0.000, 0.000, 3.236, 0.547, 0.000, 6.438, 25.00
1, 1, 0.000, 0.306, 0.000, 0.000, 2.187, 0.000, 0.000, 3.313, 2.175, 0.000, 7.981, 25.00
1, 1, 0.000, 0.243, 0.000, 0.000, 2.107, 0.000, 0.000, 3.383, 3.250, 0.000, 8.983, 25.00
1, 1, 0.000, 0.214, 0.000, 0.000, 2.009, 0.000, 0.000, 3.446, 3.785, 0.000, 9.454, 25.00
1, 1, 0.000, 0.178, 0.000, 0.000, 1.923, 0.000, 0.000, 3.505, 4.849, 0.000, 10.454, 25.00
0, 0, 0.000, 0.105, 0.000, 0.000, 1.257, 0.000, 0.000, 1.062, 0.422, -2.845, 0.000, 25.28
0, 0, 0.000, 0.050, 0.000, 0.000, 0.678, 0.000, 0.000, 0.960, 0.491, -2.178, 0.000, 25.50
0, 0, 0.000, 0.019, 0.000, 0.000, 0.257, 0.000, 0.000, 0.884, 0.435, -1.595, -0.000, 25.66
0, 0, 0.000, -0.007, 0.000, 0.000, -0.098, 0.000, 0.000, 0.824, 0.426, -1.145, -0.000, 25.78
0, 0, 0.000, -0.023, 0.000, 0.000, -0.327, 0.000, 0.000, 0.773, 0.419, -0.842, -0.000, 25.86
0, 0, 0.000, -0.029, 0.000, 0.000, -0.417, 0.000, 0.000, 0.727, 0.457, -0.739, 0.000, 25.93
0, 0, 0.000, -0.028, 0.000, 0.000, -0.402, 0.000, 0.000, 0.687, 0.451, -0.707, -0.000, 26.01
0, 0, 0.000, -0.055, 0.000, 0.000, -0.731, 0.000, 0.000, 0.650, 0.362, -0.225, 0.000, 26.03
0, 0, 0.000, -0.067, 0.000, 0.000, -0.822, 0.000, 0.000, 0.615, 0.274, -0.001, -0.000, 26.03
0, 0, 0.000, -0.069, 0.000, 0.000, -0.789, 0.000, 0.000, 0.584, 0.186, 0.087, -0.000, 26.02
0, 0, 0.000, -0.066, 0.000, 0.000, -0.719, 0.000, 0.000, 0.555, 0.143, 0.087, -0.000, 26.01
0, 0, 0.000, -0.063, 0.000, 0.000, -0.630, 0.000, 0.000, 0.527, 0.054, 0.112, -0.000, 26.00
0, 0, 0.000, -0.062, 0.000, 0.000, -0.528, 0.000, 0.000, 0.501, -0.080, 0.169, -0.000, 25.98
0, 0, 0.000, -0.058, 0.000, 0.000, -0.431, 0.000, 0.000, 0.477, -0.170, 0.181, 0.000, 25.96
0, 0, 0.000, -0.056, 0.000, 0.000, -0.327, 0.000, 0.000, 0.454, -0.306, 0.234, 0.000, 25.94
0, 0, 0.000, -0.053, 0.000, 0.000, -0.219, 0.000, 0.000, 0.432, -0.443, 0.283, -0.000, 25.91
1, 1, 0.000, 1.122, 0.000, 0.000, 3.118, 0.000, 0.000, 0.412, -0.461, 9.123, 13.314, 25.00
1, 1, 0.000, 1.143, 0.000, 0.000, 2.763, 0.000, 0.000, 0.393, -0.461, 0.000, 3.838, 25.00
1, 1, 0.000, 0.759, 0.000, 0.000, 2.884, 0.000, 0.000, 0.374, -0.321, 0.000, 3.697, 25.00
1, 1, 0.000, 0.482, 0.000, 0.000, 2.939, 0.000, 0.000, 0.357, -0.137, 0.000, 3.642, 25.00
1, 1, 0.000, 0.351, 0.000, 0.000, 2.875, 0.000, 0.000, 0.340, 0.000, 0.000, 3.566, 25.00
1, 1, 0.000, 0.270, 0.000, 0.000, 2.780, 0.000, 0.000, 0.324, 0.135, 0.000, 3.509, 25.00
1, 1, 0.000, 0.215, 0.000, 0.000, 2.673, 0.000, 0.000, 0.309, 0.269, 0.000, 3.466, 25.00
1, 1, 0.000, 0.177, 0.000, 0.000, 2.561, 0.000, 0.000, 0.295, 0.401, 0.000, 3.434, 25.00
0, 0, 0.000, 0.153, 0.000, 0.000, 2.372, 0.000, 0.000, 0.282, 0.418, -3.226, 0.000, 25.32
0, 0, 0.000, 0.099, 0.000, 0.000, 1.661, 0.000, 0.000, 0.269, 0.485, -2.513, -0.000, 25.57
0, 0, 0.000, 0.063, 0.000, 0.000, 1.070, 0.000, 0.000, 0.256, 0.471, -1.860, 0.000, 25.76
0, 0, 0.000, 0.036, 0.000, 0.000, 0.605, 0.000, 0.000, 0.244, 0.460, -1.345, -0.000, 25.89
0, 0, 0.000, 0.019, 0.000, 0.000, 0.314, 0.000, 0.000, 0.233, 0.452, -1.018, 0.000, 26.00
0, 0, 0.000, 0.012, 0.000, 0.000, 0.180, 0.000, 0.000, 0.222, 0.358, -0.772, 0.000, 26.07
0, 0, 0.000, 0.007, 0.000, 0.000, 0.093, 0.000, 0.000, 0.212, 0.310, -0.622, -0.000, 26.14
0, 0, 0.000, -0.020, 0.000, 0.000, -0.262, 0.000, 0.000, 0.202, 0.220, -0.141, -0.000, 26.15
0, 0, 0.000, -0.029, 0.000, 0.000, -0.359, 0.000, 0.000, 0.193, 0.132, 0.063, -0.000, 26.14
0, 0, 0.000, -0.029, 0.000, 0.000, -0.342, 0.000, 0.000, 0.184, 0.088, 0.100, 0.000, 26.13
0, 0, 0.000, -0.026, 0.000, 0.000, -0.280, 0.000, 0.000, 0.176, -0.001, 0.132, -0.000, 26.12
0, 0, 0.000, -0.021, 0.000, 0.000, -0.213, 0.000, 0.000, 0.168, -0.045, 0.112, -0.000, 26.11
0, 0, 0.000, -0.016, 0.000, 0.000, -0.142, 0.000, 0.000, 0.160, -0.135, 0.133, -0.000, 26.10
0, 0, 0.000, -0.009, 0.000, 0.000, -0.073, 0.000, 0.000, 0.152, -0.225, 0.155, -0.000, 26.08
0, 0, 0.000, -0.001, 0.000, 0.000, -0.007, 0.000, 0.000, 0.145, -0.316, 0.178, 0.000, 26.06
0, 0, 0.000, 0.013, 0.000, 0.000, 0.062, 0.000, 0.000, 0.139, -0.453, 0.239, -0.000, 26.04
1, 1, 0.000, 1.135, 0.000, 0.000, 3.804, 0.000, 0.000, 2.630, -5.582, 10.386, 12.374, 25.00
1, 1, 0.000, 1.044, 0.000, 0.000, 3.508, 0.000, 0.000, 2.778, -5.014, 0.000, 2.315, 25.00
1, 1, 0.000, 0.840, 0.000, 0.000, 3.401, 0.000, 0.000, 2.895, -3.885, 0.000, 3.251, 25.00
1, 1, 0.000, 0.603, 0.000, 0.000, 3.371, 0.000, 0.000, 2.994, -2.208, 0.000, 4.760, 25.00
1, 1, 0.000, 0.439, 0.000, 0.000, 3.297, 0.000, 0.000, 3.083, -0.549, 0.000, 6.270, 25.00
1, 1, 0.000, 0.336, 0.000, 0.000, 3.184, 0.000, 0.000, 3.163, 1.092, 0.000, 7.775, 25.00
1, 1, 0.000, 0.264, 0.000, 0.000, 3.058, 0.000, 0.000, 3.237, 2.714, 0.000, 9.273, 25.00
1, 1, 0.000, 0.213, 0.000, 0.000, 2.926, 0.000, 0.000, 3.306, 4.318, 0.000, 10.762, 25.00
0, 0, 0.000, 0.154, 0.000, 0.000, 2.282, 0.000, 0.000, 0.872, 0.415, -3.722, 0.000, 25.37
0, 0, 0.000, 0.092, 0.000, 0.000, 1.407, 0.000, 0.000, 0.778, 0.436, -2.714, -0.000, 25.64
0, 0, 0.000, 0.049, 0.000, 0.000, 0.772, 0.000, 0.000, 0.711, 0.421, -1.953, 0.000, 25.84
0, 0, 0.000, 0.020, 0.000, 0.000, 0.313, 0.000, 0.000, 0.659, 0.410, -1.401, 0.000, 25.98
0, 0, 0.000, 0.001, 0.000, 0.000, 0.010, 0.000, 0.000, 0.615, 0.358, -0.984, 0.000, 26.08
0, 0, 0.000, -0.015, 0.000, 0.000, -0.218, 0.000, 0.000, 0.577, 0.309, -0.653, 0.000, 26.14
0, 0, 0.000, -0.029, 0.000, 0.000, -0.385, 0.000, 0.000, 0.543, 0.218, -0.346, 0.000, 26.18
0, 0, 0.000, -0.044, 0.000, 0.000, -0.523, 0.000, 0.000, 0.513, 0.129, -0.074, -0.000, 26.18
0, 0, 0.000, -0.049, 0.000, 0.000, -0.534, 0.000, 0.000, 0.485, 0.040, 0.058, -0.000, 26.18
0, 0, 0.000, -0.049, 0.000, 0.000, -0.477, 0.000, 0.000, 0.459, -0.050, 0.116, -0.000, 26.17
0, 0, 0.000, -0.046, 0.000, 0.000, -0.397, 0.000, 0.000, 0.436, -0.139, 0.146, -0.000, 26.15
0, 0, 0.000, -0.041, 0.000, 0.000, -0.310, 0.000, 0.000, 0.414, -0.230, 0.167, -0.000, 26.14
0, 0, 0.000, -0.036, 0.000, 0.000, -0.225, 0.000, 0.000, 0.393, -0.320, 0.187, -0.000, 26.12
0, 0, 0.000, -0.028, 0.000, 0.000, -0.143, 0.000, 0.000, 0.374, -0.411, 0.209, 0.000, 26.10
0, 0, 0.000, -0.018, 0.000, 0.000, -0.067, 0.000, 0.000, 0.356, -0.503, 0.232, -0.000, 26.07
0, 0, 0.000, 0.000, 0.000, 0.000, -0.000, 0.000, 0.000, 0.339, -0.595, 0.257, 0.000, 26.05
1, 1, 0.000, 2.703, 0.000, 0.000, 2.542, 0.000, 0.000, 2.820, -7.298, 10.477, 11.244, 25.00
1, 1, 0.000, 3.271, 0.000, 0.000, 1.575, 0.000, 0.000, 2.959, -7.298, 0.000, 0.506, 25.00
1, 1, 0.000, 1.793, 0.000, 0.000, 2.722, 0.000, 0.000, 3.067, -5.582, 0.000, 2.000, 25.00
1, 1, 0.000, 1.002, 0.000, 0.000, 3.231, 0.000, 0.000, 3.159, -3.885, 0.000, 3.506, 25.00
1, 1, 0.000, 0.587, 0.000, 0.000, 3.391, 0.000, 0.000, 3.239, -1.653, 0.000, 5.565, 25.00
1, 1, 0.000, 0.398, 0.000, 0.000, 3.348, 0.000, 0.000, 3.312, 0.547, 0.000, 7.605, 25.00
1, 1, 0.000, 0.309, 0.000, 0.000, 3.229, 0.000, 0.000, 3.379, 2.175, 0.000, 9.092, 25.00
1, 1, 0.000, 0.248, 0.000, 0.000, 3.095, 0.000, 0.000, 3.441, 3.785, 0.000, 10.570, 25.00
0, 0, 0.000, 0.172, 0.000, 0.000, 2.421, 0.000, 0.000, 1.001, 0.369, -3.963, 0.000, 25.40
0, 0, 0.000, 0.099, 0.000, 0.000, 1.467, 0.000, 0.000, 0.902, 0.390, -2.857, -0.000, 25.68
0, 0, 0.000, 0.050, 0.000, 0.000, 0.775, 0.000, 0.000, 0.829, 0.417, -2.070, 0.000, 25.89
0, 0, 0.000, 0.017, 0.000, 0.000, 0.271, 0.000, 0.000, 0.771, 0.405, -1.465, 0.000, 26.04
0, 0, 0.000, -0.001, 0.000, 0.000, -0.016, 0.000, 0.000, 0.722, 0.396, -1.102, 0.000, 26.15
0, 0, 0.000, -0.009, 0.000, 0.000, -0.133, 0.000, 0.000, 0.679, 0.302, -0.840, 0.000, 26.23
0, 0, 0.000, -0.012, 0.000, 0.000, -0.155, 0.000, 0.000, 0.641, 0.208, -0.682, 0.000, 26.30
0, 0, 0.000, -0.046, 0.000, 0.000, -0.537, 0.000, 0.000, 0.606, 0.118, -0.140, -0.000, 26.31
0, 0, 0.000, -0.062, 0.000, 0.000, -0.626, 0.000, 0.000, 0.574, -0.015, 0.129, 0.000, 26.30
0, 0, 0.000, -0.065, 0.000, 0.000, -0.578, 0.000, 0.000, 0.544, -0.104, 0.203, -0.000, 26.28
0, 0, 0.000, -0.062, 0.000, 0.000, -0.484, 0.000, 0.000, 0.517, -0.194, 0.223, 0.000, 26.26
0, 0, 0.000, -0.057, 0.000, 0.000, -0.379, 0.000, 0.000, 0.491, -0.284, 0.229, 0.000, 26.23
0, 0, 0.000, -0.051, 0.000, 0.000, -0.276, 0.000, 0.000, 0.467, -0.374, 0.235, 0.000, 26.21
0, 0, 0.000, -0.046, 0.000, 0.000, -0.168, 0.000, 0.000, 0.444, -0.512, 0.282, 0.000, 26.18
0, 0, 0.000, -0.033, 0.000, 0.000, -0.075, 0.000, 0.000, 0.423, -0.604, 0.290, -0.000, 26.15
0, 0, 0.000, 0.000, 0.000, 0.000, -0.000, 0.000, 0.000, 0.402, -0.744, 0.342, 0.000, 26.12
1, 1, 0.000, 2.753, 0.000, 0.000, 2.898, 0.000, 0.000, 2.881, -9.034, 11.186, 10.685, 25.00
1, 0, 0.000, 2.157, 0.000, 0.000, 3.428, 0.000, 0.000, 3.017, -8.994, 0.393, -0.000, 24.96
1, 1, 0.000, 4.540, 0.000, 0.000, 0.304, 0.000, 0.000, 3.122, -6.724, -0.393, 0.850, 25.00
1, 1, 0.000, 1.403, 0.000, 0.000, 3.137, 0.000, 0.000, 3.211, -4.449, 0.000, 3.303, 25.00
1, 1, 0.000, 0.760, 0.000, 0.000, 3.509, 0.000, 0.000, 3.290, -2.208, 0.000, 5.351, 25.00
1, 1, 0.000, 0.518, 0.000, 0.000, 3.508, 0.000, 0.000, 3.361, -0.549, 0.000, 6.838, 25.00
1, 1, 0.000, 0.368, 0.000, 0.000, 3.430, 0.000, 0.000, 3.425, 1.634, 0.000, 8.858, 25.00
1, 1, 0.000, 0.303, 0.000, 0.000, 3.293, 0.000, 0.000, 3.485, 2.714, 0.000, 9.795, 25.00
0, 0, 0.000, 0.206, 0.000, 0.000, 2.567, 0.000, 0.000, 1.043, 0.280, -4.096, -0.000, 25.41
0, 0, 0.000, 0.115, 0.000, 0.000, 1.572, 0.000, 0.000, 0.941, 0.344, -2.972, 0.000, 25.71
0, 0, 0.000, 0.058, 0.000, 0.000, 0.843, 0.000, 0.000, 0.867, 0.371, -2.139, 0.000, 25.92
0, 0, 0.000, 0.022, 0.000, 0.000, 0.311, 0.000, 0.000, 0.807, 0.359, -1.499, 0.000, 26.07
0, 0, 0.000, 0.001, 0.000, 0.000, 0.008, 0.000, 0.000, 0.757, 0.306, -1.072, -0.000, 26.18
0, 0, 0.000, -0.012, 0.000, 0.000, -0.154, 0.000, 0.000, 0.712, 0.212, -0.758, 0.000, 26.25
0, 0, 0.000, -0.021, 0.000, 0.000, -0.229, 0.000, 0.000, 0.672, 0.074, -0.496, -0.000, 26.30
0, 0, 0.000, -0.056, 0.000, 0.000, -0.499, 0.000, 0.000, 0.636, -0.061, -0.020, 0.000, 26.31
0, 0, 0.000, -0.071, 0.000, 0.000, -0.546, 0.000, 0.000, 0.602, -0.151, 0.165, -0.000, 26.29
0, 0, 0.000, -0.077, 0.000, 0.000, -0.472, 0.000, 0.000, 0.571, -0.286, 0.264, -0.000, 26.26
0, 0, 0.000, -0.080, 0.000, 0.000, -0.354, 0.000, 0.000, 0.543, -0.423, 0.314, 0.000, 26.23
0, 0, 0.000, -0.082, 0.000, 0.000, -0.220, 0.000, 0.000, 0.516, -0.560, 0.347, 0.000, 26.20
0, 0, 0.000, -0.078, 0.000, 0.000, -0.100, 0.000, 0.000, 0.490, -0.652, 0.339, -0.000, 26.16
0, 0, 0.000, -0.055, 0.000, 0.000, -0.008, 0.000, 0.000, 0.467, -0.745, 0.341, 0.000, 26.13
0, 0, 0.000, 0.018, 0.000, 0.000, 0.036, 0.000, 0.000, 0.444, -0.886, 0.389, 0.000, 26.09
0, 0, 0.000, 0.035, 0.000, 0.000, 0.125, 0.000, 0.000, 0.423, -0.980, 0.397, 0.000, 26.05
1, 1, 0.000, 0.871, 0.000, 0.000, 4.813, 0.000, 0.000, 2.901, -12.567, 10.496, 6.514, 25.00
1, 0, 0.000, 0.978, 0.000, 0.000, 6.065, 0.000, 0.000, 3.035, -12.335, 2.256, 0.000, 24.77
1, 0, 0.000, 1.180, 0.000, 0.000, 5.606, 0.000, 0.000, 3.140, -9.968, 0.042, 0.000, 24.77
1, 0, 0.000, 1.388, 0.000, 0.000, 4.406, 0.000, 0.000, 3.228, -8.294, -0.729, 0.000, 24.84
1, 0, 0.000, 2.186, 0.000, 0.000, 2.068, 0.000, 0.000, 3.306, -6.137, -1.423, -0.000, 24.99
1, 1, 0.000, 1.506, 0.000, 0.000, 2.375, 0.000, 0.000, 3.376, -3.885, -0.146, 3.225, 25.00
1, 1, 0.000, 0.800, 0.000, 0.000, 2.877, 0.000, 0.000, 3.440, -2.208, 0.000, 4.909, 25.00
1, 1, 0.000, 0.538, 0.000, 0.000, 2.944, 0.000, 0.000, 3.499, -0.549, 0.000, 6.433, 25.00
0, 0, 0.000, 0.332, 0.000, 0.000, 2.320, 0.000, 0.000, 1.056, 0.015, -3.723, 0.000, 25.37
0, 0, 0.000, 0.175, 0.000, 0.000, 1.456, 0.000, 0.000, 0.954, 0.083, -2.668, 0.000, 25.64
0, 0, 0.000, 0.091, 0.000, 0.000, 0.814, 0.000, 0.000, 0.879, 0.113, -1.897, -0.000, 25.83
0, 0, 0.000, 0.039, 0.000, 0.000, 0.351, 0.000, 0.000, 0.819, 0.102, -1.311, 0.000, 25.96
0, 0, 0.000, 0.014, 0.000, 0.000, 0.112, 0.000, 0.000, 0.768, 0.050, -0.943, 0.000, 26.05
0, 0, 0.000, 0.005, 0.000, 0.000, 0.032, 0.000, 0.000, 0.723, -0.046, -0.714, 0.000, 26.13
0, 0, 0.000, 0.006, 0.000, 0.000, 0.030, 0.000, 0.000, 0.682, -0.187, -0.532, 0.000, 26.18
0, 0, 0.000, -0.082, 0.000, 0.000, -0.300, 0.000, 0.000, 0.645, -0.279, 0.016, -0.000, 26.18
0, 0, 0.000, -0.141, 0.000, 0.000, -0.343, 0.000, 0.000, 0.612, -0.370, 0.242, 0.000, 26.15
0, 0, 0.000, -0.191, 0.000, 0.000, -0.245, 0.000, 0.000, 0.580, -0.460, 0.317, 0.000, 26.12
0, 0, 0.000, -0.311, 0.000, 0.000, -0.026, 0.000, 0.000, 0.551, -0.551, 0.337, 0.000, 26.09
0, 0, 0.000, -0.103, 0.000, 0.000, -0.120, 0.000, 0.000, 0.524, -0.643, 0.343, 0.000, 26.05
0, 0, 0.000, -0.040, 0.000, 0.000, -0.081, 0.000, 0.000, 0.498, -0.688, 0.312, 0.000, 26.02
0, 0, 0.000, -0.008, 0.000, 0.000, -0.024, 0.000, 0.000, 0.474, -0.734, 0.292, -0.000, 25.99
0, 0, 0.000, 0.008, 0.000, 0.000, 0.027, 0.000, 0.000, 0.451, -0.732, 0.245, 0.000, 25.97
0, 0, 0.000, 0.019, 0.000, 0.000, 0.077, 0.000, 0.000, 0.430, -0.777, 0.252, 0.000, 25.94
1, 1, 0.000, 0.874, 0.000, 0.000, 4.320, 0.000, 0.000, 2.907, -9.034, 9.432, 8.499, 25.00
1, 0, 0.000, 0.879, 0.000, 0.000, 4.198, 0.000, 0.000, 3.041, -8.422, 0.304, -0.000, 24.97
1, 1, 0.000, 1.016, 0.000, 0.000, 3.456, 0.000, 0.000, 3.146, -6.724, -0.304, 0.589, 25.00
1, 1, 0.000, 1.946, 0.000, 0.000, 2.248, 0.000, 0.000, 3.234, -4.449, 0.000, 2.979, 25.00
1, 1, 0.000, 1.945, 0.000, 0.000, 2.004, 0.000, 0.000, 3.311, -2.765, 0.000, 4.496, 25.00
1, 1, 0.000, 0.776, 0.000, 0.000, 2.945, 0.000, 0.000, 3.381, -0.549, 0.000, 6.554, 25.00
1, 1, 0.000, 0.469, 0.000, 0.000, 3.042, 0.000, 0.000, 3.445, 1.634, 0.000, 8.590, 25.00
1, 1, 0.000, 0.360, 0.000, 0.000, 2.965, 0.000, 0.000, 3.504, 2.714, 0.000, 9.542, 25.00
0, 0, 0.000, 0.221, 0.000, 0.000, 2.290, 0.000, 0.000, 1.061, 0.325, -3.898, 0.000, 25.39
0, 0, 0.000, 0.118, 0.000, 0.000, 1.361, 0.000, 0.000, 0.958, 0.347, -2.785, 0.000, 25.67
0, 0, 0.000, 0.056, 0.000, 0.000, 0.682, 0.000, 0.000, 0.883, 0.375, -1.996, 0.000, 25.87
0, 0, 0.000, 0.016, 0.000, 0.000, 0.194, 0.000, 0.000, 0.823, 0.364, -1.396, 0.000, 26.01
0, 0, 0.000, -0.006, 0.000, 0.000, -0.078, 0.000, 0.000, 0.772, 0.312, -0.999, -0.000, 26.11
0, 0, 0.000, -0.019, 0.000, 0.000, -0.204, 0.000, 0.000, 0.726, 0.218, -0.722, 0.000, 26.18
0, 0, 0.000, -0.033, 0.000, 0.000, -0.304, 0.000, 0.000, 0.686, 0.125, -0.474, -0.000, 26.23
0, 0, 0.000, -0.072, 0.000, 0.000, -0.574, 0.000, 0.000, 0.649, 0.035, -0.038, 0.000, 26.23
0, 0, 0.000, -0.088, 0.000, 0.000, -0.613, 0.000, 0.000, 0.614, -0.054, 0.140, 0.000, 26.22
0, 0, 0.000, -0.088, 0.000, 0.000, -0.563, 0.000, 0.000, 0.583, -0.098, 0.165, 0.000, 26.20
0, 0, 0.000, -0.087, 0.000, 0.000, -0.472, 0.000, 0.000, 0.554, -0.187, 0.194, 0.000, 26.18
0, 0, 0.000, -0.086, 0.000, 0.000, -0.372, 0.000, 0.000, 0.526, -0.278, 0.209, -0.000, 26.16
0, 0, 0.000, -0.079, 0.000, 0.000, -0.286, 0.000, 0.000, 0.501, -0.322, 0.187, 0.000, 26.14
0, 0, 0.000, -0.072, 0.000, 0.000, -0.211, 0.000, 0.000, 0.476, -0.367, 0.174, -0.000, 26.12
0, 0, 0.000, -0.072, 0.000, 0.000, -0.129, 0.000, 0.000, 0.453, -0.459, 0.206, -0.000, 26.10
0, 0, 0.000, -0.063, 0.000, 0.000, -0.065, 0.000, 0.000, 0.432, -0.504, 0.200, -0.000, 26.08
1, 1, 0.000, 4.380, 0.000, 0.000, 1.061, 0.000, 0.000, 2.909, -5.582, 10.833, 13.600, 25.00
1, 1, 0.000, 4.888, 0.000, 0.000, 0.140, 0.000, 0.000, 3.043, -5.582, 0.000, 2.489, 25.00
1, 1, 0.000, 2.723, 0.000, 0.000, 1.967, 0.000, 0.000, 3.148, -4.449, 0.000, 3.390, 25.00
1, 1, 0.000, 1.608, 0.000, 0.000, 2.795, 0.000, 0.000, 3.236, -3.324, 0.000, 4.315, 25.00
1, 1, 0.000, 0.902, 0.000, 0.000, 3.242, 0.000, 0.000, 3.313, -1.653, 0.000, 5.804, 25.00
1, 1, 0.000, 0.596, 0.000, 0.000, 3.312, 0.000, 0.000, 3.383, 0.000, 0.000, 7.291, 25.00
1, 1, 0.000, 0.427, 0.000, 0.000, 3.264, 0.000, 0.000, 3.446, 1.634, 0.000, 8.772, 25.00
1, 1, 0.000, 0.344, 0.000, 0.000, 3.150, 0.000, 0.000, 3.505, 2.714, 0.000, 9.713, 25.00
0, 0, 0.000, 0.202, 0.000, 0.000, 2.258, 0.000, 0.000, 1.062, 0.326, -3.848, 0.000, 25.38
0, 0, 0.000, 0.109, 0.000, 0.000, 1.341, 0.000, 0.000, 0.960, 0.348, -2.758, 0.000, 25.66
0, 0, 0.000, 0.052, 0.000, 0.000, 0.668, 0.000, 0.000, 0.884, 0.376, -1.980, -0.000, 25.86
0, 0, 0.000, 0.013, 0.000, 0.000, 0.171, 0.000, 0.000, 0.824, 0.365, -1.373, 0.000, 26.00
0, 0, 0.000, -0.014, 0.000, 0.000, -0.169, 0.000, 0.000, 0.773, 0.314, -0.903, 0.000, 26.09
0, 0, 0.000, -0.033, 0.000, 0.000, -0.379, 0.000, 0.000, 0.727, 0.265, -0.581, -0.000, 26.14
0, 0, 0.000, -0.047, 0.000, 0.000, -0.496, 0.000, 0.000, 0.687, 0.174, -0.317, -0.000, 26.18
0, 0, 0.000, -0.066, 0.000, 0.000, -0.623, 0.000, 0.000, 0.650, 0.084, -0.045, 0.000, 26.18
0, 0, 0.000, -0.071, 0.000, 0.000, -0.628, 0.000, 0.000, 0.615, 0.040, 0.044, 0.000, 26.18
0, 0, 0.000, -0.070, 0.000, 0.000, -0.580, 0.000, 0.000, 0.584, -0.005, 0.071, -0.000, 26.17
0, 0, 0.000, -0.066, 0.000, 0.000, -0.516, 0.000, 0.000, 0.555, -0.049, 0.077, -0.000, 26.16
0, 0, 0.000, -0.065, 0.000, 0.000, -0.438, 0.000, 0.000, 0.527, -0.139, 0.115, 0.000, 26.15
0, 0, 0.000, -0.058, 0.000, 0.000, -0.379, 0.000, 0.000, 0.501, -0.139, 0.074, 0.000, 26.14
0, 0, 0.000, -0.054, 0.000, 0.000, -0.322, 0.000, 0.000, 0.477, -0.184, 0.082, 0.000, 26.13
0, 0, 0.000, -0.050, 0.000, 0.000, -0.267, 0.000, 0.000, 0.454, -0.229, 0.092, 0.000, 26.12
0, 0, 0.000, -0.046, 0.000, 0.000, -0.216, 0.000, 0.000, 0.432, -0.274, 0.104, 0.000, 26.11
1, 1, 0.000, 1.097, 0.000, 0.000, 4.381, 0.000, 0.000, 0.412, -0.228, 11.145, 16.807, 25.00
1, 1, 0.000, 0.960, 0.000, 0.000, 4.102, 0.000, 0.000, 0.393, -0.182, 0.000, 5.272, 25.00
1, 1, 0.000, 0.711, 0.000, 0.000, 4.019, 0.000, 0.000, 0.374, -0.045, 0.000, 5.059, 25.00
1, 1, 0.000, 0.555, 0.000, 0.000, 3.893, 0.000, 0.000, 0.357, 0.045, 0.000, 4.851, 25.00
1, 1, 0.000, 0.435, 0.000, 0.000, 3.764, 0.000, 0.000, 0.340, 0.180, 0.000, 4.719, 25.00
1, 1, 0.000, 0.376, 0.000, 0.000, 3.597, 0.000, 0.000, 0.324, 0.224, 0.000, 4.522, 25.00
1, 1, 0.000, 0.311, 0.000, 0.000, 3.454, 0.000, 0.000, 0.309, 0.313, 0.000, 4.388, 25.00
1, 1, 0.000, 0.267, 0.000, 0.000, 3.306, 0.000, 0.000, 0.295, 0.401, 0.000, 4.269, 25.00
0, 0, 0.000, 0.184, 0.000, 0.000, 2.406, 0.000, 0.000, 0.282, 0.418, -3.290, -0.000, 25.33
0, 0, 0.000, 0.116, 0.000, 0.000, 1.603, 0.000, 0.000, 0.269, 0.442, -2.429, -0.000, 25.57
0, 0, 0.000, 0.071, 0.000, 0.000, 1.008, 0.000, 0.000, 0.256, 0.428, -1.763, 0.000, 25.75
0, 0, 0.000, 0.039, 0.000, 0.000, 0.577, 0.000, 0.000, 0.244, 0.461, -1.321, 0.000, 25.88
0, 0, 0.000, 0.020, 0.000, 0.000, 0.298, 0.000, 0.000, 0.233, 0.453, -1.004, -0.000, 25.98
0, 0, 0.000, 0.005, 0.000, 0.000, 0.073, 0.000, 0.000, 0.222, 0.404, -0.705, 0.000, 26.05
0, 0, 0.000, -0.007, 0.000, 0.000, -0.100, 0.000, 0.000, 0.212, 0.313, -0.418, 0.000, 26.09
0, 0, 0.000, -0.022, 0.000, 0.000, -0.273, 0.000, 0.000, 0.202, 0.224, -0.131, -0.000, 26.11
0, 0, 0.000, -0.027, 0.000, 0.000, -0.317, 0.000, 0.000, 0.193, 0.135, 0.016, -0.000, 26.10
0, 0, 0.000, -0.027, 0.000, 0.000, -0.286, 0.000, 0.000, 0.184, 0.046, 0.083, -0.000, 26.10
0, 0, 0.000, -0.024, 0.000, 0.000, -0.228, 0.000, 0.000, 0.176, -0.043, 0.119, -0.000, 26.08
0, 0, 0.000, -0.019, 0.000, 0.000, -0.160, 0.000, 0.000, 0.168, -0.133, 0.144, -0.000, 26.07
0, 0, 0.000, -0.013, 0.000, 0.000, -0.091, 0.000, 0.000, 0.160, -0.223, 0.167, -0.000, 26.05
0, 0, 0.000, -0.003, 0.000, 0.000, -0.017, 0.000, 0.000, 0.152, -0.360, 0.227, -0.000, 26.03
0, 0, 0.000, 0.015, 0.000, 0.000, 0.056, 0.000, 0.000, 0.145, -0.497, 0.281, 0.000, 26.00
0, 0, 0.000, 0.046, 0.000, 0.000, 0.111, 0.000, 0.000, 0.139, -0.589, 0.293, 0.000, 25.97
1, 1, 0.000, 3.258, 0.000, 0.000, 1.912, 0.000, 0.000, 2.630, -7.875, 9.731, 9.656, 25.00
1, 1, 0.000, 3.265, 0.000, 0.000, 1.515, 0.000, 0.000, 2.778, -7.298, 0.000, 0.259, 25.00
1, 1, 0.000, 1.691, 0.000, 0.000, 2.767, 0.000, 0.000, 2.895, -5.582, 0.000, 1.771, 25.00
1, 1, 0.000, 1.006, 0.000, 0.000, 3.177, 0.000, 0.000, 2.994, -3.885, 0.000, 3.292, 25.00
1, 1, 0.000, 0.654, 0.000, 0.000, 3.284, 0.000, 0.000, 3.083, -2.208, 0.000, 4.813, 25.00
1, 1, 0.000, 0.474, 0.000, 0.000, 3.240, 0.000, 0.000, 3.163, -0.549, 0.000, 6.329, 25.00
1, 1, 0.000, 0.356, 0.000, 0.000, 3.152, 0.000, 0.000, 3.237, 1.092, 0.000, 7.837, 25.00
1, 1, 0.000, 0.283, 0.000, 0.000, 3.034, 0.000, 0.000, 3.306, 2.714, 0.000, 9.336, 25.00
0, 0, 0.000, 0.189, 0.000, 0.000, 2.285, 0.000, 0.000, 0.872, 0.284, -3.629, 0.000, 25.36
0, 0, 0.000, 0.109, 0.000, 0.000, 1.425, 0.000, 0.000, 0.778, 0.307, -2.619, -0.000, 25.62
0, 0, 0.000, 0.058, 0.000, 0.000, 0.789, 0.000, 0.000, 0.711, 0.335, -1.894, 0.000, 25.81
0, 0, 0.000, 0.024, 0.000, 0.000, 0.331, 0.000, 0.000, 0.659, 0.325, -1.339, -0.000, 25.95
0, 0, 0.000, 0.005, 0.000, 0.000, 0.069, 0.000, 0.000, 0.615, 0.273, -0.962, -0.000, 26.04
0, 0, 0.000, -0.011, 0.000, 0.000, -0.127, 0.000, 0.000, 0.577, 0.179, -0.619, -0.000, 26.11
0, 0, 0.000, -0.025, 0.000, 0.000, -0.265, 0.000, 0.000, 0.543, 0.087, -0.341, -0.000, 26.14
0, 0, 0.000, -0.048, 0.000, 0.000, -0.447, 0.000, 0.000, 0.513, -0.002, -0.015, -0.000, 26.14
0, 0, 0.000, -0.058, 0.000, 0.000, -0.471, 0.000, 0.000, 0.485, -0.092, 0.136, 0.000, 26.13
0, 0, 0.000, -0.059, 0.000, 0.000, -0.413, 0.000, 0.000, 0.459, -0.182, 0.194, -0.000, 26.11
0, 0, 0.000, -0.055, 0.000, 0.000, -0.327, 0.000, 0.000, 0.436, -0.272, 0.218, -0.000, 26.09
0, 0, 0.000, -0.050, 0.000, 0.000, -0.235, 0.000, 0.000, 0.414, -0.362, 0.233, -0.000, 26.06
0, 0, 0.000, -0.041, 0.000, 0.000, -0.157, 0.000, 0.000, 0.393, -0.407, 0.211, -0.000, 26.04
0, 0, 0.000, -0.030, 0.000, 0.000, -0.091, 0.000, 0.000, 0.374, -0.452, 0.199, -0.000, 26.02
0, 0, 0.000, -0.017, 0.000, 0.000, -0.037, 0.000, 0.000, 0.356, -0.497, 0.195, -0.000, 26.00
0, 0, 0.000, 0.003, 0.000, 0.000, 0.004, 0.000, 0.000, 0.339, -0.543, 0.198, -0.000, 25.98
1, 1, 0.000, 3.310, 0.000, 0.000, 1.817, 0.000, 0.000, 2.820, -6.152, 9.834, 11.629, 25.00
1, 1, 0.000, 3.964, 0.000, 0.000, 0.778, 0.000, 0.000, 2.959, -6.152, 0.000, 1.549, 25.00
1, 1, 0.000, 1.734, 0.000, 0.000, 2.688, 0.000, 0.000, 3.067, -4.449, 0.000, 3.041, 25.00
1, 1, 0.000, 0.854, 0.000, 0.000, 3.289, 0.000, 0.000, 3.159, -2.208, 0.000, 5.095, 25.00
1, 1, 0.000, 0.553, 0.000, 0.000, 3.347, 0.000, 0.000, 3.239, -0.549, 0.000, 6.590, 25.00
1, 1, 0.000, 0.374, 0.000, 0.000, 3.299, 0.000, 0.000, 3.312, 1.634, 0.000, 8.620, 25.00
1, 1, 0.000, 0.287, 0.000, 0.000, 3.182, 0.000, 0.000, 3.379, 3.250, 0.000, 10.099, 25.00
1, 1, 0.000, 0.230, 0.000, 0.000, 3.050, 0.000, 0.000, 3.441, 4.849, 0.000, 11.570, 25.00
0, 0, 0.000, 0.162, 0.000, 0.000, 2.399, 0.000, 0.000, 1.001, 0.456, -4.019, -0.000, 25.40
0, 0, 0.000, 0.093, 0.000, 0.000, 1.432, 0.000, 0.000, 0.902, 0.433, -2.859, -0.000, 25.69
0, 0, 0.000, 0.047, 0.000, 0.000, 0.741, 0.000, 0.000, 0.829, 0.417, -2.034, -0.000, 25.89
0, 0, 0.000, 0.016, 0.000, 0.000, 0.249, 0.000, 0.000, 0.771, 0.405, -1.441, -0.000, 26.04
0, 0, 0.000, -0.003, 0.000, 0.000, -0.054, 0.000, 0.000, 0.722, 0.397, -1.061, 0.000, 26.14
0, 0, 0.000, -0.015, 0.000, 0.000, -0.222, 0.000, 0.000, 0.679, 0.390, -0.833, -0.000, 26.22
0, 0, 0.000, -0.021, 0.000, 0.000, -0.300, 0.000, 0.000, 0.641, 0.341, -0.660, 0.000, 26.29
0, 0, 0.000, -0.049, 0.000, 0.000, -0.638, 0.000, 0.000, 0.606, 0.252, -0.170, 0.000, 26.31
0, 0, 0.000, -0.060, 0.000, 0.000, -0.716, 0.000, 0.000, 0.574, 0.164, 0.039, 0.000, 26.30
0, 0, 0.000, -0.061, 0.000, 0.000, -0.674, 0.000, 0.000, 0.544, 0.075, 0.116, 0.000, 26.29
0, 0, 0.000, -0.061, 0.000, 0.000, -0.578, 0.000, 0.000, 0.517, -0.058, 0.181, -0.000, 26.27
0, 0, 0.000, -0.058, 0.000, 0.000, -0.464, 0.000, 0.000, 0.491, -0.193, 0.224, -0.000, 26.25
0, 0, 0.000, -0.054, 0.000, 0.000, -0.344, 0.000, 0.000, 0.467, -0.329, 0.261, 0.000, 26.23
0, 0, 0.000, -0.049, 0.000, 0.000, -0.225, 0.000, 0.000, 0.444, -0.466, 0.296, 0.000, 26.20
0, 0, 0.000, -0.038, 0.000, 0.000, -0.122, 0.000, 0.000, 0.423, -0.558, 0.295, -0.000, 26.17
0, 0, 0.000, -0.019, 0.000, 0.000, -0.026, 0.000, 0.000, 0.402, -0.697, 0.340, -0.000, 26.13
1, 1, 0.000, 2.878, 0.000, 0.000, 2.780, 0.000, 0.000, 2.881, -9.617, 11.325, 10.247, 25.00
1, 0, 0.000, 2.246, 0.000, 0.000, 3.594, 0.000, 0.000, 3.017, -9.547, 0.690, 0.000, 24.93
1, 0, 0.000, 4.188, 0.000, 0.000, 0.661, 0.000, 0.000, 3.122, -7.297, -0.675, 0.000, 25.00
1, 1, 0.000, 1.883, 0.000, 0.000, 2.652, 0.000, 0.000, 3.211, -5.582, -0.015, 2.150, 25.00
1, 1, 0.000, 0.915, 0.000, 0.000, 3.349, 0.000, 0.000, 3.290, -3.324, 0.000, 4.230, 25.00
1, 1, 0.000, 0.571, 0.000, 0.000, 3.447, 0.000, 0.000, 3.361, -1.100, 0.000, 6.279, 25.00
1, 1, 0.000, 0.420, 0.000, 0.000, 3.375, 0.000, 0.000, 3.425, 0.547, 0.000, 7.767, 25.00
1, 1, 0.000, 0.322, 0.000, 0.000, 3.267, 0.000, 0.000, 3.485, 2.175, 0.000, 9.248, 25.00
0, 0, 0.000, 0.209, 0.000, 0.000, 2.545, 0.000, 0.000, 1.043, 0.280, -4.077, -0.000, 25.41
0, 0, 0.000, 0.119, 0.000, 0.000, 1.538, 0.000, 0.000, 0.941, 0.301, -2.899, -0.000, 25.70
0, 0, 0.000, 0.060, 0.000, 0.000, 0.808, 0.000, 0.000, 0.867, 0.328, -2.063, -0.000, 25.90
0, 0, 0.000, 0.022, 0.000, 0.000, 0.292, 0.000, 0.000, 0.807, 0.317, -1.438, -0.000, 26.05
0, 0, 0.000, -0.000, 0.000, 0.000, -0.003, 0.000, 0.000, 0.757, 0.264, -1.018, 0.000, 26.15
0, 0, 0.000, -0.011, 0.000, 0.000, -0.131, 0.000, 0.000, 0.712, 0.170, -0.740, -0.000, 26.22
0, 0, 0.000, -0.017, 0.000, 0.000, -0.171, 0.000, 0.000, 0.672, 0.032, -0.516, -0.000, 26.27
0, 0, 0.000, -0.058, 0.000, 0.000, -0.466, 0.000, 0.000, 0.636, -0.104, -0.008, -0.000, 26.28
0, 0, 0.000, -0.075, 0.000, 0.000, -0.517, 0.000, 0.000, 0.602, -0.194, 0.183, 0.000, 26.26
0, 0, 0.000, -0.083, 0.000, 0.000, -0.442, 0.000, 0.000, 0.571, -0.329, 0.283, 0.000, 26.23
0, 0, 0.000, -0.088, 0.000, 0.000, -0.320, 0.000, 0.000, 0.543, -0.466, 0.332, 0.000, 26.20
0, 0, 0.000, -0.096, 0.000, 0.000, -0.179, 0.000, 0.000, 0.516, -0.605, 0.365, 0.000, 26.16
0, 0, 0.000, -0.104, 0.000, 0.000, -0.047, 0.000, 0.000, 0.490, -0.697, 0.357, 0.000, 26.12
0, 0, 0.000, -0.018, 0.000, 0.000, -0.017, 0.000, 0.000, 0.467, -0.790, 0.358, 0.000, 26.09
0, 0, 0.000, 0.021, 0.000, 0.000, 0.061, 0.000, 0.000, 0.444, -0.931, 0.405, 0.000, 26.05
0, 0, 0.000, 0.035, 0.000, 0.000, 0.154, 0.000, 0.000, 0.423, -1.025, 0.413, -0.000, 26.01
1, 1, 0.000, 0.797, 0.000, 0.000, 4.762, 0.000, 0.000, 2.901, -12.567, 10.062, 5.955, 25.00
1, 0, 0.000, 0.911, 0.000, 0.000, 6.034, 0.000, 0.000, 3.035, -12.326, 2.346, -0.000, 24.77
1, 0, 0.000, 1.054, 0.000, 0.000, 5.951, 0.000, 0.000, 3.140, -10.513, 0.368, -0.000, 24.73
1, 0, 0.000, 1.198, 0.000, 0.000, 4.964, 0.000, 0.000, 3.228, -8.817, -0.574, -0.000, 24.79
1, 0, 0.000, 1.830, 0.000, 0.000, 2.617, 0.000, 0.000, 3.306, -6.103, -1.650, 0.000, 24.95
1, 1, 0.000, 1.798, 0.000, 0.000, 1.946, 0.000, 0.000, 3.376, -3.885, -0.490, 2.744, 25.00
1, 1, 0.000, 0.760, 0.000, 0.000, 2.787, 0.000, 0.000, 3.440, -1.653, 0.000, 5.334, 25.00
1, 1, 0.000, 0.500, 0.000, 0.000, 2.862, 0.000, 0.000, 3.499, 0.000, 0.000, 6.861, 25.00
0, 0, 0.000, 0.314, 0.000, 0.000, 2.293, 0.000, 0.000, 1.056, 0.060, -3.723, 0.000, 25.37
0, 0, 0.000, 0.163, 0.000, 0.000, 1.413, 0.000, 0.000, 0.954, 0.128, -2.658, 0.000, 25.64
0, 0, 0.000, 0.083, 0.000, 0.000, 0.765, 0.000, 0.000, 0.879, 0.157, -1.885, -0.000, 25.83
0, 0, 0.000, 0.032, 0.000, 0.000, 0.291, 0.000, 0.000, 0.819, 0.147, -1.290, 0.000, 25.96
0, 0, 0.000, 0.001, 0.000, 0.000, 0.010, 0.000, 0.000, 0.768, 0.095, -0.875, 0.000, 26.04
0, 0, 0.000, -0.021, 0.000, 0.000, -0.143, 0.000, 0.000, 0.723, -0.044, -0.514, 0.000, 26.09
0, 0, 0.000, -0.056, 0.000, 0.000, -0.264, 0.000, 0.000, 0.682, -0.182, -0.181, -0.000, 26.11
0, 0, 0.000, -0.124, 0.000, 0.000, -0.368, 0.000, 0.000, 0.645, -0.319, 0.165, 0.000, 26.10
0, 0, 0.000, -0.170, 0.000, 0.000, -0.308, 0.000, 0.000, 0.612, -0.409, 0.276, 0.000, 26.07
0, 0, 0.000, -0.318, 0.000, 0.000, -0.065, 0.000, 0.000, 0.580, -0.547, 0.350, 0.000, 26.03
0, 0, 0.000, -0.104, 0.000, 0.000, -0.155, 0.000, 0.000, 0.551, -0.686, 0.393, 0.000, 25.99
0, 0, 0.000, -0.035, 0.000, 0.000, -0.100, 0.000, 0.000, 0.524, -0.778, 0.390, -0.000, 25.96
0, 0, 0.000, -0.002, 0.000, 0.000, -0.008, 0.000, 0.000, 0.498, -0.920, 0.431, 0.000, 25.91
0, 0, 0.000, 0.015, 0.000, 0.000, 0.092, 0.000, 0.000, 0.474, -1.014, 0.433, 0.000, 25.87
0, 0, 0.000, 0.025, 0.000, 0.000, 0.199, 0.000, 0.000, 0.451, -1.157, 0.482, 0.000, 25.82
0, 0, 0.000, 0.031, 0.000, 0.000, 0.301, 0.000, 0.000, 0.430, -1.253, 0.491, -0.000, 25.77
1, 0, 0.000, 0.396, 0.000, 0.000, 4.418, 0.000, 0.000, 2.907, -15.561, 7.840, -0.000, 24.99
1, 0, 0.000, 0.584, 0.000, 0.000, 6.909, 0.000, 0.000, 3.041, -15.088, 4.554, -0.000, 24.53
1, 0, 0.000, 0.706, 0.000, 0.000, 7.668, 0.000, 0.000, 3.146, -13.115, 1.595, -0.000, 24.37
1, 0, 0.000, 0.804, 0.000, 0.000, 7.133, 0.000, 0.000, 3.234, -10.778, -0.393, 0.000, 24.41
1, 0, 0.000, 0.897, 0.000, 0.000, 5.822, 0.000, 0.000, 3.311, -8.583, -1.446, 0.000, 24.56
1, 0, 0.000, 0.970, 0.000, 0.000, 4.006, 0.000, 0.000, 3.381, -6.467, -1.890, -0.000, 24.75
1, 0, 0.000, 1.112, 0.000, 0.000, 1.909, 0.000, 0.000, 3.445, -4.401, -2.065, 0.000, 24.95
1, 1, 0.000, 2.042, 0.000, 0.000, 0.375, 0.000, 0.000, 3.504, -2.765, -0.481, 2.676, 25.00
0, 0, 0.000, 0.746, 0.000, 0.000, 1.173, 0.000, 0.000, 1.061, -0.160, -2.819, 0.000, 25.28
0, 0, 0.000, 0.349, 0.000, 0.000, 0.830, 0.000, 0.000, 0.958, -0.130, -2.007, 0.000, 25.48
0, 0, 0.000, 0.159, 0.000, 0.000, 0.494, 0.000, 0.000, 0.883, -0.096, -1.440, 0.000, 25.63
0, 0, 0.000, 0.067, 0.000, 0.000, 0.212, 0.000, 0.000, 0.823, -0.105, -0.997, 0.000, 25.73
0, 0, 0.000, 0.025, 0.000, 0.000, 0.064, 0.000, 0.000, 0.772, -0.156, -0.705, 0.000, 25.80
0, 0, 0.000, 0.015, 0.000, 0.000, 0.020, 0.000, 0.000, 0.726, -0.252, -0.510, -0.000, 25.85
0, 0, 0.000, -0.034, 0.000, 0.000, -0.008, 0.000, 0.000, 0.686, -0.347, -0.296, 0.000, 25.88
0, 0, 0.000, -0.116, 0.000, 0.000, -0.230, 0.000, 0.000, 0.649, -0.485, 0.182, -0.000, 25.86
0, 0, 0.000, -0.083, 0.000, 0.000, -0.296, 0.000, 0.000, 0.614, -0.624, 0.388, 0.000, 25.82
0, 0, 0.000, -0.047, 0.000, 0.000, -0.243, 0.000, 0.000, 0.583, -0.763, 0.470, 0.000, 25.77
0, 0, 0.000, -0.020, 0.000, 0.000, -0.138, 0.000, 0.000, 0.554, -0.904, 0.508, -0.000, 25.72
0, 0, 0.000, -0.001, 0.000, 0.000, -0.013, 0.000, 0.000, 0.526, -1.046, 0.534, 0.000, 25.67
0, 0, 0.000, 0.011, 0.000, 0.000, 0.118, 0.000, 0.000, 0.501, -1.189, 0.559, 0.000, 25.61
0, 0, 0.000, 0.020, 0.000, 0.000, 0.239, 0.000, 0.000, 0.476, -1.284, 0.549, 0.000, 25.56
0, 0, 0.000, 0.026, 0.000, 0.000, 0.350, 0.000, 0.000, 0.453, -1.380, 0.551, 0.000, 25.50
0, 0, 0.000, 0.030, 0.000, 0.000, 0.453, 0.000, 0.000, 0.432, -1.477, 0.562, 0.000, 25.45
1, 0, 0.000, 0.357, 0.000, 0.000, 6.103, 0.000, 0.000, 2.909, -18.747, 9.377, 0.000, 24.51
1, 0, 0.000, 0.503, 0.000, 0.000, 9.003, 0.000, 0.000, 3.043, -18.157, 5.608, 0.000, 23.95
1, 0, 0.000, 0.589, 0.000, 0.000, 9.979, 0.000, 0.000, 3.148, -16.064, 2.349, 0.000, 23.71
1, 0, 0.000, 0.646, 0.000, 0.000, 9.418, 0.000, 0.000, 3.236, -13.059, -0.241, -0.000, 23.74
1, 0, 0.000, 0.665, 0.000, 0.000, 7.984, 0.000, 0.000, 3.313, -10.262, -1.700, 0.000, 23.91
1, 0, 0.000, 0.661, 0.000, 0.000, 6.344, 0.000, 0.000, 3.383, -8.152, -2.236, 0.000, 24.13
1, 0, 0.000, 0.635, 0.000, 0.000, 4.593, 0.000, 0.000, 3.446, -6.107, -2.568, 0.000, 24.39
1, 0, 0.000, 0.545, 0.000, 0.000, 2.909, 0.000, 0.000, 3.505, -4.634, -2.325, -0.000, 24.62
0, 0, 0.000, 0.434, 0.000, 0.000, 1.725, 0.000, 0.000, 1.062, -0.314, -2.907, 0.000, 24.91
0, 0, 0.000, 0.317, 0.000, 0.000, 0.870, 0.000, 0.000, 0.960, -0.237, -1.910, 0.000, 25.10
0, 0, 0.000, 0.202, 0.000, 0.000, 0.404, 0.000, 0.000, 0.884, -0.201, -1.288, 0.000, 25.23
0, 0, 0.000, 0.062, 0.000, 0.000, 0.155, 0.000, 0.000, 0.824, -0.254, -0.787, 0.000, 25.31
0, 0, 0.000, -0.001, 0.000, 0.000, -0.004, 0.000, 0.000, 0.773, -0.304, -0.463, 0.000, 25.36
0, 0, 0.000, -0.009, 0.000, 0.000, -0.037, 0.000, 0.000, 0.727, -0.399, -0.282, 0.000, 25.38
0, 0, 0.000, 0.004, 0.000, 0.000, 0.021, 0.000, 0.000, 0.687, -0.495, -0.217, -0.000, 25.41
0, 0, 0.000, -0.034, 0.000, 0.000, -0.222, 0.000, 0.000, 0.650, -0.588, 0.194, -0.000, 25.39
0, 0, 0.000, -0.035, 0.000, 0.000, -0.267, 0.000, 0.000, 0.615, -0.680, 0.367, -0.000, 25.35
0, 0, 0.000, -0.027, 0.000, 0.000, -0.221, 0.000, 0.000, 0.584, -0.724, 0.388, -0.000, 25.31
0, 0, 0.000, -0.016, 0.000, 0.000, -0.146, 0.000, 0.000, 0.555, -0.769, 0.377, -0.000, 25.27
0, 0, 0.000, -0.007, 0.000, 0.000, -0.067, 0.000, 0.000, 0.527, -0.815, 0.362, -0.000, 25.24
0, 0, 0.000, 0.001, 0.000, 0.000, 0.006, 0.000, 0.000, 0.501, -0.860, 0.352, 0.000, 25.20
0, 0, 0.000, 0.007, 0.000, 0.000, 0.083, 0.000, 0.000, 0.477, -0.954, 0.386, 0.000, 25.16
0, 0, 0.000, 0.013, 0.000, 0.000, 0.153, 0.000, 0.000, 0.454, -1.000, 0.380, 0.000, 25.13
0, 0, 0.000, 0.017, 0.000, 0.000, 0.216, 0.000, 0.000, 0.432, -1.046, 0.381, 0.000, 25.09
1, 1, 0.000, 0.022, 0.000, 0.000, 0.301, 0.000, 0.000, 0.412, -1.088, 0.876, 0.524, 25.00
1, 0, 0.000, 0.026, 0.000, 0.000, 0.368, 0.000, 0.000, 0.393, -1.085, 0.298, 0.000, 24.97
1, 0, 0.000, 0.052, 0.000, 0.000, 0.636, 0.000, 0.000, 0.374, -0.890, -0.172, 0.000, 24.99
1, 1, 0.000, 0.058, 0.000, 0.000, 0.575, 0.000, 0.000, 0.357, -0.698, -0.127, 0.165, 25.00
1, 1, 0.000, 0.092, 0.000, 0.000, 0.662, 0.000, 0.000, 0.340, -0.508, 0.000, 0.586, 25.00
1, 1, 0.000, 0.141, 0.000, 0.000, 0.641, 0.000, 0.000, 0.324, -0.321, 0.000, 0.785, 25.00
1, 1, 0.000, 0.278, 0.000, 0.000, 0.462, 0.000, 0.000, 0.309, -0.137, 0.000, 0.914, 25.00
1, 1, 0.000, 0.395, 0.000, 0.000, 0.308, 0.000, 0.000, 0.295, 0.000, 0.000, 0.998, 25.00
0, 0, 0.000, 0.332, 0.000, 0.000, 0.810, 0.000, 0.000, 0.282, 0.078, -1.502, 0.000, 25.15
0, 0, 0.000, 0.176, 0.000, 0.000, 0.649, 0.000, 0.000, 0.269, 0.157, -1.251, -0.000, 25.28
0, 0, 0.000, 0.106, 0.000, 0.000, 0.444, 0.000, 0.000, 0.256, 0.150, -0.956, -0.000, 25.37
0, 0, 0.000, 0.059, 0.000, 0.000, 0.263, 0.000, 0.000, 0.244, 0.144, -0.710, 0.000, 25.44
0, 0, 0.000, 0.039, 0.000, 0.000, 0.151, 0.000, 0.000, 0.233, 0.095, -0.518, -0.000, 25.49
0, 0, 0.000, 0.005, 0.000, 0.000, 0.013, 0.000, 0.000, 0.222, 0.003, -0.244, -0.000, 25.52
0, 0, 0.000, -0.071, 0.000, 0.000, -0.062, 0.000, 0.000, 0.212, -0.133, 0.053, 0.000, 25.51
0, 0, 0.000, -0.134, 0.000, 0.000, -0.077, 0.000, 0.000, 0.202, -0.268, 0.277, 0.000, 25.49
0, 0, 0.000, -0.068, 0.000, 0.000, -0.110, 0.000, 0.000, 0.193, -0.358, 0.343, -0.000, 25.45
0, 0, 0.000, -0.021, 0.000, 0.000, -0.064, 0.000, 0.000, 0.184, -0.495, 0.396, 0.000, 25.41
0, 0, 0.000, 0.004, 0.000, 0.000, 0.017, 0.000, 0.000, 0.176, -0.587, 0.390, -0.000, 25.37
0, 0, 0.000, 0.019, 0.000, 0.000, 0.104, 0.000, 0.000, 0.168, -0.678, 0.388, -0.000, 25.33
0, 0, 0.000, 0.029, 0.000, 0.000, 0.190, 0.000, 0.000, 0.160, -0.771, 0.392, -0.000, 25.29
0, 0, 0.000, 0.035, 0.000, 0.000, 0.273, 0.000, 0.000, 0.152, -0.864, 0.403, -0.000, 25.25
0, 0, 0.000, 0.039, 0.000, 0.000, 0.354, 0.000, 0.000, 0.145, -0.958, 0.420, 0.000, 25.21
0, 0, 0.000, 0.042, 0.000, 0.000, 0.432, 0.000, 0.000, 0.139, -1.052, 0.440, 0.000, 25.17
1, 0, 0.000, 0.347, 0.000, 0.000, 4.085, 0.000, 0.000, 2.630, -13.293, 6.231, 0.000, 24.54
1, 0, 0.000, 0.485, 0.000, 0.000, 5.954, 0.000, 0.000, 2.778, -12.911, 3.695, 0.000, 24.18
1, 0, 0.000, 0.565, 0.000, 0.000, 6.575, 0.000, 0.000, 2.895, -11.562, 1.527, 0.000, 24.02
1, 0, 0.000, 0.628, 0.000, 0.000, 6.060, 0.000, 0.000, 2.994, -9.250, -0.433, 0.000, 24.07
1, 0, 0.000, 0.702, 0.000, 0.000, 4.925, 0.000, 0.000, 3.083, -7.093, -1.617, 0.000, 24.23
1, 0, 0.000, 0.781, 0.000, 0.000, 3.113, 0.000, 0.000, 3.163, -4.496, -2.561, 0.000, 24.48
1, 0, 0.000, 0.753, 0.000, 0.000, 1.378, 0.000, 0.000, 3.237, -3.041, -2.327, -0.000, 24.72
1, 0, 0.000, 0.049, 0.000, 0.000, 0.039, 0.000, 0.000, 3.306, -1.051, -2.343, 0.000, 24.95
0, 0, 0.000, 0.173, 0.000, 0.000, 0.401, 0.000, 0.000, 0.872, -0.008, -1.438, -0.000, 25.09
0, 0, 0.000, 0.077, 0.000, 0.000, 0.268, 0.000, 0.000, 0.778, 0.073, -1.195, 0.000, 25.21
0, 0, 0.000, 0.028, 0.000, 0.000, 0.111, 0.000, 0.000, 0.711, 0.065, -0.915, -0.000, 25.31
0, 0, 0.000, -0.007, 0.000, 0.000, -0.030, 0.000, 0.000, 0.659, 0.060, -0.682, 0.000, 25.37
0, 0, 0.000, -0.030, 0.000, 0.000, -0.107, 0.000, 0.000, 0.615, 0.011, -0.488, 0.000, 25.42
0, 0, 0.000, -0.078, 0.000, 0.000, -0.165, 0.000, 0.000, 0.577, -0.082, -0.252, -0.000, 25.45
0, 0, 0.000, -0.223, 0.000, 0.000, -0.094, 0.000, 0.000, 0.543, -0.219, -0.007, 0.000, 25.45
0, 0, 0.000, -0.255, 0.000, 0.000, -0.186, 0.000, 0.000, 0.513, -0.310, 0.238, 0.000, 25.42
0, 0, 0.000, -0.127, 0.000, 0.000, -0.281, 0.000, 0.000, 0.485, -0.446, 0.370, -0.000, 25.39
0, 0, 0.000, -0.072, 0.000, 0.000, -0.239, 0.000, 0.000, 0.459, -0.537, 0.389, -0.000, 25.35
0, 0, 0.000, -0.032, 0.000, 0.000, -0.155, 0.000, 0.000, 0.436, -0.676, 0.428, 0.000, 25.31
0, 0, 0.000, -0.009, 0.000, 0.000, -0.057, 0.000, 0.000, 0.414, -0.769, 0.421, 0.000, 25.26
0, 0, 0.000, 0.006, 0.000, 0.000, 0.041, 0.000, 0.000, 0.393, -0.862, 0.421, 0.000, 25.22
0, 0, 0.000, 0.016, 0.000, 0.000, 0.136, 0.000, 0.000, 0.374, -0.955, 0.430, 0.000, 25.18
0, 0, 0.000, 0.023, 0.000, 0.000, 0.227, 0.000, 0.000, 0.356, -1.050, 0.444, -0.000, 25.13
0, 0, 0.000, 0.028, 0.000, 0.000, 0.315, 0.000, 0.000, 0.339, -1.145, 0.463, 0.000, 25.09
1, 0, 0.000, 0.339, 0.000, 0.000, 4.358, 0.000, 0.000, 2.820, -14.351, 6.834, 0.000, 24.40
1, 0, 0.000, 0.479, 0.000, 0.000, 6.220, 0.000, 0.000, 2.959, -13.365, 3.708, -0.000, 24.03
1, 0, 0.000, 0.542, 0.000, 0.000, 6.985, 0.000, 0.000, 3.067, -12.563, 1.968, 0.000, 23.84
1, 0, 0.000, 0.593, 0.000, 0.000, 6.802, 0.000, 0.000, 3.159, -10.758, 0.204, 0.000, 23.82
1, 0, 0.000, 0.604, 0.000, 0.000, 6.045, 0.000, 0.000, 3.239, -9.078, -0.810, 0.000, 23.90
1, 0, 0.000, 0.601, 0.000, 0.000, 5.003, 0.000, 0.000, 3.312, -7.481, -1.435, 0.000, 24.04
1, 0, 0.000, 0.572, 0.000, 0.000, 4.023, 0.000, 0.000, 3.379, -6.481, -1.494, 0.000, 24.19
1, 0, 0.000, 0.528, 0.000, 0.000, 3.016, 0.000, 0.000, 3.441, -5.488, -1.497, -0.000, 24.34
0, 0, 0.000, 0.469, 0.000, 0.000, 1.703, 0.000, 0.000, 1.001, -0.336, -2.837, 0.000, 24.62
0, 0, 0.000, 0.422, 0.000, 0.000, 0.828, 0.000, 0.000, 0.902, -0.259, -1.892, -0.000, 24.81
0, 0, 0.000, 0.272, 0.000, 0.000, 0.392, 0.000, 0.000, 0.829, -0.224, -1.270, 0.000, 24.94
0, 0, 0.000, 0.078, 0.000, 0.000, 0.150, 0.000, 0.000, 0.771, -0.230, -0.769, 0.000, 25.02
0, 0, 0.000, -0.014, 0.000, 0.000, -0.044, 0.000, 0.000, 0.722, -0.325, -0.339, 0.000, 25.05
0, 0, 0.000, -0.041, 0.000, 0.000, -0.178, 0.000, 0.000, 0.679, -0.419, -0.041, 0.000, 25.06
0, 0, 0.000, -0.037, 0.000, 0.000, -0.200, 0.000, 0.000, 0.641, -0.512, 0.108, 0.000, 25.04
0, 0, 0.000, -0.041, 0.000, 0.000, -0.251, 0.000, 0.000, 0.606, -0.557, 0.243, -0.000, 25.02
0, 0, 0.000, -0.032, 0.000, 0.000, -0.230, 0.000, 0.000, 0.574, -0.649, 0.337, 0.000, 24.99
0, 0, 0.000, -0.021, 0.000, 0.000, -0.169, 0.000, 0.000, 0.544, -0.694, 0.341, -0.000, 24.95
0, 0, 0.000, -0.012, 0.000, 0.000, -0.099, 0.000, 0.000, 0.517, -0.740, 0.334, -0.000, 24.92
0, 0, 0.000, -0.003, 0.000, 0.000, -0.031, 0.000, 0.000, 0.491, -0.785, 0.328, -0.000, 24.89
0, 0, 0.000, 0.003, 0.000, 0.000, 0.033, 0.000, 0.000, 0.467, -0.831, 0.327, 0.000, 24.85
0, 0, 0.000, 0.009, 0.000, 0.000, 0.093, 0.000, 0.000, 0.444, -0.876, 0.331, 0.000, 24.82
0, 0, 0.000, 0.013, 0.000, 0.000, 0.149, 0.000, 0.000, 0.423, -0.922, 0.338, 0.000, 24.79
0, 0, 0.000, 0.017, 0.000, 0.000, 0.201, 0.000, 0.000, 0.402, -0.968, 0.348, -0.000, 24.75
1, 0, 0.000, 0.260, 0.000, 0.000, 3.350, 0.000, 0.000, 2.881, -11.769, 5.278, -0.000, 24.22
1, 0, 0.000, 0.371, 0.000, 0.000, 4.735, 0.000, 0.000, 3.017, -10.892, 2.770, -0.000, 23.95
1, 0, 0.000, 0.426, 0.000, 0.000, 5.083, 0.000, 0.000, 3.122, -9.614, 0.983, 0.000, 23.85
1, 0, 0.000, 0.448, 0.000, 0.000, 4.647, 0.000, 0.000, 3.211, -7.905, -0.401, -0.000, 23.89
1, 0, 0.000, 0.465, 0.000, 0.000, 3.838, 0.000, 0.000, 3.290, -6.306, -1.287, 0.000, 24.02
1, 0, 0.000, 0.456, 0.000, 0.000, 2.554, 0.000, 0.000, 3.361, -4.243, -2.127, -0.000, 24.23
1, 0, 0.000, 0.362, 0.000, 0.000, 1.056, 0.000, 0.000, 3.425, -2.256, -2.587, -0.000, 24.49
1, 0, 0.000, -0.128, 0.000, 0.000, -0.122, 0.000, 0.000, 3.485, -0.832, -2.403, -0.000, 24.73
0, 0, 0.000, 0.015, 0.000, 0.000, 0.009, 0.000, 0.000, 1.043, 0.013, -1.080, -0.000, 24.84
0, 0, 0.000, -0.031, 0.000, 0.000, -0.072, 0.000, 0.000, 0.941, 0.096, -0.934, -0.000, 24.93
0, 0, 0.000, -0.054, 0.000, 0.000, -0.178, 0.000, 0.000, 0.867, 0.134, -0.769, 0.000, 25.01
0, 0, 0.000, -0.084, 0.000, 0.000, -0.282, 0.000, 0.000, 0.807, 0.130, -0.571, 0.000, 25.06
0, 0, 0.000, -0.136, 0.000, 0.000, -0.352, 0.000, 0.000, 0.757, 0.082, -0.350, 0.000, 25.10
0, 0, 0.000, -0.262, 0.000, 0.000, -0.358, 0.000, 0.000, 0.712, -0.009, -0.083, 0.000, 25.11
0, 0, 0.000, -0.620, 0.000, 0.000, -0.043, 0.000, 0.000, 0.672, -0.144, 0.135, -0.000, 25.09
0, 0, 0.000, -0.323, 0.000, 0.000, -0.347, 0.000, 0.000, 0.636, -0.234, 0.268, -0.000, 25.07
0, 0, 0.000, -0.197, 0.000, 0.000, -0.402, 0.000, 0.000, 0.602, -0.324, 0.320, 0.000, 25.04
0, 0, 0.000, -0.108, 0.000, 0.000, -0.374, 0.000, 0.000, 0.571, -0.461, 0.372, 0.000, 25.00
0, 0, 0.000, -0.065, 0.000, 0.000, -0.295, 0.000, 0.000, 0.543, -0.552, 0.370, 0.000, 24.96
0, 0, 0.000, -0.037, 0.000, 0.000, -0.207, 0.000, 0.000, 0.516, -0.644, 0.372, 0.000, 24.92
0, 0, 0.000, -0.015, 0.000, 0.000, -0.109, 0.000, 0.000, 0.490, -0.785, 0.418, -0.000, 24.88
0, 0, 0.000, -0.001, 0.000, 0.000, -0.011, 0.000, 0.000, 0.467, -0.878, 0.424, 0.000, 24.84
0, 0, 0.000, 0.009, 0.000, 0.000, 0.092, 0.000, 0.000, 0.444, -1.021, 0.475, 0.000, 24.79
0, 0, 0.000, 0.016, 0.000, 0.000, 0.191, 0.000, 0.000, 0.423, -1.115, 0.485, -0.000, 24.74
1, 0, 0.000, 0.321, 0.000, 0.000, 4.351, 0.000, 0.000, 2.901, -14.581, 7.008, -0.000, 24.04
1, 0, 0.000, 0.459, 0.000, 0.000, 6.277, 0.000, 0.000, 3.035, -13.582, 3.811, 0.000, 23.66
1, 0, 0.000, 0.542, 0.000, 0.000, 7.042, 0.000, 0.000, 3.140, -12.227, 1.502, 0.000, 23.51
1, 0, 0.000, 0.599, 0.000, 0.000, 6.543, 0.000, 0.000, 3.228, -9.904, -0.466, 0.000, 23.56
1, 0, 0.000, 0.650, 0.000, 0.000, 5.180, 0.000, 0.000, 3.306, -7.189, -1.947, 0.000, 23.75
1, 0, 0.000, 0.678, 0.000, 0.000, 3.553, 0.000, 0.000, 3.376, -5.145, -2.462, 0.000, 24.00
1, 0, 0.000, 0.669, 0.000, 0.000, 1.826, 0.000, 0.000, 3.440, -3.163, -2.772, -0.000, 24.28
1, 0, 0.000, 0.447, 0.000, 0.000, 0.510, 0.000, 0.000, 3.499, -2.263, -2.193, 0.000, 24.50
0, 0, 0.000, 0.450, 0.000, 0.000, 0.359, 0.000, 0.000, 1.056, -0.064, -1.802, 0.000, 24.68
0, 0, 0.000, 0.122, 0.000, 0.000, 0.219, 0.000, 0.000, 0.954, -0.029, -1.266, 0.000, 24.80
0, 0, 0.000, 0.012, 0.000, 0.000, 0.031, 0.000, 0.000, 0.879, 0.008, -0.931, -0.000, 24.90
0, 0, 0.000, -0.061, 0.000, 0.000, -0.114, 0.000, 0.000, 0.819, -0.042, -0.602, -0.000, 24.96
0, 0, 0.000, -0.130, 0.000, 0.000, -0.153, 0.000, 0.000, 0.768, -0.090, -0.394, -0.000, 25.00
0, 0, 0.000, -0.274, 0.000, 0.000, -0.003, 0.000, 0.000, 0.723, -0.184, -0.262, -0.000, 25.02
0, 0, 0.000, -0.094, 0.000, 0.000, -0.170, 0.000, 0.000, 0.682, -0.324, -0.095, 0.000, 25.03
0, 0, 0.000, -0.119, 0.000, 0.000, -0.365, 0.000, 0.000, 0.645, -0.415, 0.253, 0.000, 25.01
0, 0, 0.000, -0.094, 0.000, 0.000, -0.391, 0.000, 0.000, 0.612, -0.506, 0.378, -0.000, 24.97
0, 0, 0.000, -0.063, 0.000, 0.000, -0.331, 0.000, 0.000, 0.580, -0.597, 0.411, 0.000, 24.93
0, 0, 0.000, -0.041, 0.000, 0.000, -0.245, 0.000, 0.000, 0.551, -0.641, 0.377, 0.000, 24.89
0, 0, 0.000, -0.021, 0.000, 0.000, -0.153, 0.000, 0.000, 0.524, -0.734, 0.384, 0.000, 24.85
0, 0, 0.000, -0.008, 0.000, 0.000, -0.067, 0.000, 0.000, 0.498, -0.779, 0.356, -0.000, 24.82
0, 0, 0.000, 0.001, 0.000, 0.000, 0.009, 0.000, 0.000, 0.474, -0.824, 0.340, 0.000, 24.78
0, 0, 0.000, 0.008, 0.000, 0.000, 0.077, 0.000, 0.000, 0.451, -0.870, 0.334, 0.000, 24.75
0, 0, 0.000, 0.013, 0.000, 0.000, 0.129, 0.000, 0.000, 0.430, -0.868, 0.296, 0.000, 24.72
1, 0, 0.000, 0.267, 0.000, 0.000, 2.833, 0.000, 0.000, 2.907, -10.619, 4.612, 0.000, 24.26
1, 0, 0.000, 0.384, 0.000, 0.000, 4.006, 0.000, 0.000, 3.041, -9.790, 2.359, 0.000, 24.02
1, 0, 0.000, 0.455, 0.000, 0.000, 4.335, 0.000, 0.000, 3.146, -8.558, 0.622, -0.000, 23.96
1, 0, 0.000, 0.484, 0.000, 0.000, 3.826, 0.000, 0.000, 3.234, -6.887, -0.657, 0.000, 24.02
1, 0, 0.000, 0.500, 0.000, 0.000, 2.713, 0.000, 0.000, 3.311, -4.778, -1.747, 0.000, 24.20
1, 0, 0.000, 0.473, 0.000, 0.000, 1.251, 0.000, 0.000, 3.381, -2.760, -2.345, 0.000, 24.43
1, 0, 0.000, -0.082, 0.000, 0.000, -0.013, 0.000, 0.000, 3.445, -0.793, -2.556, -0.000, 24.69
1, 0, 0.000, -0.596, 0.000, 0.000, -1.346, 0.000, 0.000, 3.504, 0.636, -2.198, -0.000, 24.91
0, 0, 0.000, -0.149, 0.000, 0.000, -0.568, 0.000, 0.000, 1.061, 0.138, -0.482, 0.000, 24.96
0, 0, 0.000, -0.094, 0.000, 0.000, -0.419, 0.000, 0.000, 0.958, 0.178, -0.624, -0.000, 25.02
0, 0, 0.000, -0.087, 0.000, 0.000, -0.407, 0.000, 0.000, 0.883, 0.174, -0.563, -0.000, 25.08
0, 0, 0.000, -0.085, 0.000, 0.000, -0.429, 0.000, 0.000, 0.823, 0.170, -0.478, -0.000, 25.12
0, 0, 0.000, -0.098, 0.000, 0.000, -0.442, 0.000, 0.000, 0.772, 0.122, -0.354, 0.000, 25.16
0, 0, 0.000, -0.112, 0.000, 0.000, -0.395, 0.000, 0.000, 0.726, 0.030, -0.250, -0.000, 25.18
0, 0, 0.000, -0.136, 0.000, 0.000, -0.261, 0.000, 0.000, 0.686, -0.107, -0.181, 0.000, 25.20
0, 0, 0.000, -0.362, 0.000, 0.000, -0.260, 0.000, 0.000, 0.649, -0.198, 0.172, 0.000, 25.19
0, 0, 0.000, -0.562, 0.000, 0.000, -0.075, 0.000, 0.000, 0.614, -0.241, 0.264, 0.000, 25.16
0, 0, 0.000, -0.402, 0.000, 0.000, -0.166, 0.000, 0.000, 0.583, -0.285, 0.270, 0.000, 25.13
0, 0, 0.000, -0.195, 0.000, 0.000, -0.271, 0.000, 0.000, 0.554, -0.376, 0.288, -0.000, 25.10
0, 0, 0.000, -0.104, 0.000, 0.000, -0.254, 0.000, 0.000, 0.526, -0.467, 0.299, -0.000, 25.07
0, 0, 0.000, -0.063, 0.000, 0.000, -0.198, 0.000, 0.000, 0.501, -0.512, 0.273, 0.000, 25.05
0, 0, 0.000, -0.037, 0.000, 0.000, -0.140, 0.000, 0.000, 0.476, -0.557, 0.257, 0.000, 25.02
0, 0, 0.000, -0.018, 0.000, 0.000, -0.083, 0.000, 0.000, 0.453, -0.603, 0.251, 0.000, 25.00
0, 0, 0.000, -0.006, 0.000, 0.000, -0.030, 0.000, 0.000, 0.432, -0.648, 0.251, -0.000, 24.97
1, 0, 0.000, 0.279, 0.000, 0.000, 1.665, 0.000, 0.000, 2.909, -8.094, 3.242, 0.000, 24.65
1, 0, 0.000, 0.408, 0.000, 0.000, 2.362, 0.000, 0.000, 3.043, -7.360, 1.546, -0.000, 24.49
1, 0, 0.000, 0.537, 0.000, 0.000, 2.291, 0.000, 0.000, 3.148, -5.671, -0.305, 0.000, 24.52
1, 0, 0.000, 0.546, 0.000, 0.000, 1.159, 0.000, 0.000, 3.236, -3.547, -1.393, 0.000, 24.66
1, 0, 0.000, 0.273, 0.000, 0.000, 0.091, 0.000, 0.000, 3.313, -2.034, -1.643, -0.000, 24.83
1, 0, 0.000, -0.433, 0.000, 0.000, -0.788, 0.000, 0.000, 3.383, -0.537, -1.625, -0.000, 24.99
1, 1, 0.000, -0.269, 0.000, 0.000, -0.995, 0.000, 0.000, 3.446, 1.092, -0.120, 3.155, 25.00
1, 1, 0.000, -0.191, 0.000, 0.000, -1.001, 0.000, 0.000, 3.505, 2.175, 0.000, 4.488, 25.00
0, 0, 0.000, -0.051, 0.000, 0.000, -0.322, 0.000, 0.000, 1.062, 0.217, -0.906, -0.000, 25.09
0, 0, 0.000, -0.028, 0.000, 0.000, -0.208, 0.000, 0.000, 0.960, 0.253, -0.977, -0.000, 25.19
0, 0, 0.000, -0.025, 0.000, 0.000, -0.219, 0.000, 0.000, 0.884, 0.290, -0.931, 0.000, 25.28
0, 0, 0.000, -0.035, 0.000, 0.000, -0.326, 0.000, 0.000, 0.824, 0.328, -0.791, -0.000, 25.36
0, 0, 0.000, -0.047, 0.000, 0.000, -0.407, 0.000, 0.000, 0.773, 0.279, -0.598, -0.000, 25.42
0, 0, 0.000, -0.056, 0.000, 0.000, -0.425, 0.000, 0.000, 0.727, 0.187, -0.433, -0.000, 25.46
0, 0, 0.000, -0.067, 0.000, 0.000, -0.428, 0.000, 0.000, 0.687, 0.095, -0.287, -0.000, 25.49
0, 0, 0.000, -0.113, 0.000, 0.000, -0.605, 0.000, 0.000, 0.650, 0.006, 0.063, 0.000, 25.49
0, 0, 0.000, -0.136, 0.000, 0.000, -0.596, 0.000, 0.000, 0.615, -0.083, 0.200, 0.000, 25.47
0, 0, 0.000, -0.149, 0.000, 0.000, -0.507, 0.000, 0.000, 0.584, -0.173, 0.244, 0.000, 25.44
0, 0, 0.000, -0.163, 0.000, 0.000, -0.387, 0.000, 0.000, 0.555, -0.263, 0.257, 0.000, 25.42
0, 0, 0.000, -0.191, 0.000, 0.000, -0.247, 0.000, 0.000, 0.527, -0.353, 0.264, -0.000, 25.39
0, 0, 0.000, -0.215, 0.000, 0.000, -0.124, 0.000, 0.000, 0.501, -0.398, 0.236, -0.000, 25.37
0, 0, 0.000, -0.156, 0.000, 0.000, -0.088, 0.000, 0.000, 0.477, -0.489, 0.256, 0.000, 25.34
0, 0, 0.000, -0.069, 0.000, 0.000, -0.092, 0.000, 0.000, 0.454, -0.535, 0.242, 0.000, 25.32
0, 0, 0.000, -0.029, 0.000, 0.000, -0.060, 0.000, 0.000, 0.432, -0.580, 0.236, 0.000, 25.29
1, 1, 0.000, 0.193, 0.000, 0.000, 0.639, 0.000, 0.000, 0.412, -0.651, 2.923, 3.516, 25.00
1, 1, 0.000, 0.172, 0.000, 0.000, 0.553, 0.000, 0.000, 0.393, -0.603, 0.000, 0.514, 25.00
1, 1, 0.000, 0.243, 0.000, 0.000, 0.437, 0.000, 0.000, 0.374, -0.461, 0.000, 0.593, 25.00
1, 1, 0.000, 0.399, 0.000, 0.000, 0.228, 0.000, 0.000, 0.357, -0.275, 0.000, 0.710, 25.00
1, 1, 0.000, 0.138, 0.000, 0.000, 0.446, 0.000, 0.000, 0.340, -0.091, 0.000, 0.833, 25.00
1, 1, 0.000, 0.084, 0.000, 0.000, 0.461, 0.000, 0.000, 0.324, 0.045, 0.000, 0.915, 25.00
1, 1, 0.000, 0.057, 0.000, 0.000, 0.454, 0.000, 0.000, 0.309, 0.224, 0.000, 1.045, 25.00
1, 1, 0.000, 0.045, 0.000, 0.000, 0.436, 0.000, 0.000, 0.295, 0.313, 0.000, 1.089, 25.00
0, 0, 0.000, 0.095, 0.000, 0.000, 1.054, 0.000, 0.000, 0.282, 0.386, -1.817, 0.000, 25.18
0, 0, 0.000, 0.067, 0.000, 0.000, 0.842, 0.000, 0.000, 0.269, 0.460, -1.638, 0.000, 25.35
0, 0, 0.000, 0.042, 0.000, 0.000, 0.546, 0.000, 0.000, 0.256, 0.450, -1.294, 0.000, 25.47
0, 0, 0.000, 0.021, 0.000, 0.000, 0.269, 0.000, 0.000, 0.244, 0.442, -0.976, -0.000, 25.57
0, 0, 0.000, 0.007, 0.000, 0.000, 0.084, 0.000, 0.000, 0.233, 0.393, -0.717, 0.000, 25.64
0, 0, 0.000, -0.002, 0.000, 0.000, -0.030, 0.000, 0.000, 0.222, 0.301, -0.491, 0.000, 25.69
0, 0, 0.000, -0.010, 0.000, 0.000, -0.098, 0.000, 0.000, 0.212, 0.210, -0.315, -0.000, 25.72
0, 0, 0.000, -0.034, 0.000, 0.000, -0.292, 0.000, 0.000, 0.202, 0.077, 0.047, -0.000, 25.72
0, 0, 0.000, -0.041, 0.000, 0.000, -0.311, 0.000, 0.000, 0.193, -0.012, 0.171, 0.000, 25.70
0, 0, 0.000, -0.039, 0.000, 0.000, -0.254, 0.000, 0.000, 0.184, -0.101, 0.210, -0.000, 25.68
0, 0, 0.000, -0.032, 0.000, 0.000, -0.175, 0.000, 0.000, 0.176, -0.191, 0.222, 0.000, 25.66
0, 0, 0.000, -0.022, 0.000, 0.000, -0.093, 0.000, 0.000, 0.168, -0.281, 0.228, 0.000, 25.64
0, 0, 0.000, -0.004, 0.000, 0.000, -0.012, 0.000, 0.000, 0.160, -0.418, 0.275, 0.000, 25.61
0, 0, 0.000, 0.032, 0.000, 0.000, 0.044, 0.000, 0.000, 0.152, -0.509, 0.281, 0.000, 25.58
0, 0, 0.000, 0.129, 0.000, 0.000, 0.043, 0.000, 0.000, 0.145, -0.649, 0.332, -0.000, 25.55
0, 0, 0.000, 0.086, 0.000, 0.000, 0.185, 0.000, 0.000, 0.139, -0.789, 0.380, 0.000, 25.51
1, 0, 0.000, 0.522, 0.000, 0.000, 1.895, 0.000, 0.000, 2.630, -10.198, 5.151, 0.000, 25.00
1, 0, 0.000, 0.813, 0.000, 0.000, 3.768, 0.000, 0.000, 2.778, -10.468, 3.109, -0.000, 24.68
1, 0, 0.000, 1.093, 0.000, 0.000, 3.980, 0.000, 0.000, 2.895, -8.645, 0.677, -0.000, 24.62
1, 0, 0.000, 1.402, 0.000, 0.000, 3.069, 0.000, 0.000, 2.994, -6.962, -0.504, 0.000, 24.67
1, 0, 0.000, 2.750, 0.000, 0.000, 0.364, 0.000, 0.000, 3.083, -4.819, -1.378, 0.000, 24.80
1, 0, 0.000, 0.373, 0.000, 0.000, 1.009, 0.000, 0.000, 3.163, -2.749, -1.796, 0.000, 24.98
1, 1, 0.000, 0.185, 0.000, 0.000, 0.977, 0.000, 0.000, 3.237, -0.549, -0.156, 3.695, 25.00
1, 1, 0.000, 0.125, 0.000, 0.000, 0.975, 0.000, 0.000, 3.306, 1.634, 0.000, 6.041, 25.00
0, 0, 0.000, 0.135, 0.000, 0.000, 1.251, 0.000, 0.000, 0.872, 0.204, -2.462, -0.000, 25.25
0, 0, 0.000, 0.081, 0.000, 0.000, 0.810, 0.000, 0.000, 0.778, 0.233, -1.903, 0.000, 25.44
0, 0, 0.000, 0.039, 0.000, 0.000, 0.421, 0.000, 0.000, 0.711, 0.266, -1.438, -0.000, 25.58
0, 0, 0.000, 0.012, 0.000, 0.000, 0.134, 0.000, 0.000, 0.659, 0.258, -1.062, 0.000, 25.69
0, 0, 0.000, -0.001, 0.000, 0.000, -0.015, 0.000, 0.000, 0.615, 0.207, -0.806, 0.000, 25.77
0, 0, 0.000, -0.010, 0.000, 0.000, -0.092, 0.000, 0.000, 0.577, 0.113, -0.587, -0.000, 25.83
0, 0, 0.000, -0.027, 0.000, 0.000, -0.190, 0.000, 0.000, 0.543, -0.024, -0.302, 0.000, 25.86
0, 0, 0.000, -0.072, 0.000, 0.000, -0.415, 0.000, 0.000, 0.513, -0.114, 0.088, 0.000, 25.85
0, 0, 0.000, -0.090, 0.000, 0.000, -0.422, 0.000, 0.000, 0.485, -0.204, 0.231, 0.000, 25.82
0, 0, 0.000, -0.095, 0.000, 0.000, -0.345, 0.000, 0.000, 0.459, -0.294, 0.274, 0.000, 25.80
0, 0, 0.000, -0.097, 0.000, 0.000, -0.240, 0.000, 0.000, 0.436, -0.384, 0.285, 0.000, 25.77
0, 0, 0.000, -0.101, 0.000, 0.000, -0.128, 0.000, 0.000, 0.414, -0.475, 0.290, 0.000, 25.74
0, 0, 0.000, -0.121, 0.000, 0.000, -0.003, 0.000, 0.000, 0.393, -0.567, 0.298, -0.000, 25.71
0, 0, 0.000, -0.018, 0.000, 0.000, -0.016, 0.000, 0.000, 0.374, -0.612, 0.272, -0.000, 25.68
0, 0, 0.000, 0.016, 0.000, 0.000, 0.027, 0.000, 0.000, 0.356, -0.658, 0.259, 0.000, 25.66
0, 0, 0.000, 0.031, 0.000, 0.000, 0.079, 0.000, 0.000, 0.339, -0.703, 0.255, 0.000, 25.63
1, 1, 0.000, 0.693, 0.000, 0.000, 2.369, 0.000, 0.000, 2.820, -8.453, 6.307, 3.736, 25.00
1, 0, 0.000, 0.857, 0.000, 0.000, 2.882, 0.000, 0.000, 2.959, -7.767, 1.069, 0.000, 24.89
1, 0, 0.000, 1.018, 0.000, 0.000, 2.539, 0.000, 0.000, 3.067, -6.617, -0.008, -0.000, 24.89
1, 1, 0.000, 1.786, 0.000, 0.000, 0.572, 0.000, 0.000, 3.159, -4.449, -1.061, 0.007, 25.00
1, 1, 0.000, 0.693, 0.000, 0.000, 1.521, 0.000, 0.000, 3.239, -2.208, 0.000, 3.246, 25.00
1, 1, 0.000, 0.387, 0.000, 0.000, 1.698, 0.000, 0.000, 3.312, -0.549, 0.000, 4.848, 25.00
1, 1, 0.000, 0.242, 0.000, 0.000, 1.717, 0.000, 0.000, 3.379, 1.634, 0.000, 6.973, 25.00
1, 1, 0.000, 0.179, 0.000, 0.000, 1.667, 0.000, 0.000, 3.441, 3.250, 0.000, 8.538, 25.00
0, 0, 0.000, 0.147, 0.000, 0.000, 1.608, 0.000, 0.000, 1.001, 0.332, -3.089, -0.000, 25.31
0, 0, 0.000, 0.077, 0.000, 0.000, 0.948, 0.000, 0.000, 0.902, 0.401, -2.328, 0.000, 25.54
0, 0, 0.000, 0.032, 0.000, 0.000, 0.417, 0.000, 0.000, 0.829, 0.431, -1.709, -0.000, 25.71
0, 0, 0.000, 0.005, 0.000, 0.000, 0.059, 0.000, 0.000, 0.771, 0.421, -1.255, -0.000, 25.84
0, 0, 0.000, -0.013, 0.000, 0.000, -0.163, 0.000, 0.000, 0.722, 0.370, -0.917, -0.000, 25.93
0, 0, 0.000, -0.027, 0.000, 0.000, -0.309, 0.000, 0.000, 0.679, 0.277, -0.621, -0.000, 25.99
0, 0, 0.000, -0.043, 0.000, 0.000, -0.418, 0.000, 0.000, 0.641, 0.142, -0.321, 0.000, 26.02
0, 0, 0.000, -0.073, 0.000, 0.000, -0.619, 0.000, 0.000, 0.606, 0.052, 0.034, -0.000, 26.02
0, 0, 0.000, -0.082, 0.000, 0.000, -0.617, 0.000, 0.000, 0.574, -0.037, 0.162, -0.000, 26.00
0, 0, 0.000, -0.083, 0.000, 0.000, -0.540, 0.000, 0.000, 0.544, -0.126, 0.205, 0.000, 25.98
0, 0, 0.000, -0.081, 0.000, 0.000, -0.438, 0.000, 0.000, 0.517, -0.215, 0.218, -0.000, 25.96
0, 0, 0.000, -0.078, 0.000, 0.000, -0.334, 0.000, 0.000, 0.491, -0.306, 0.227, 0.000, 25.94
0, 0, 0.000, -0.081, 0.000, 0.000, -0.217, 0.000, 0.000, 0.467, -0.443, 0.275, 0.000, 25.91
0, 0, 0.000, -0.080, 0.000, 0.000, -0.111, 0.000, 0.000, 0.444, -0.535, 0.282, -0.000, 25.88
0, 0, 0.000, -0.060, 0.000, 0.000, -0.021, 0.000, 0.000, 0.423, -0.674, 0.333, -0.000, 25.85
0, 0, 0.000, 0.008, 0.000, 0.000, 0.014, 0.000, 0.000, 0.402, -0.767, 0.343, 0.000, 25.82
1, 1, 0.000, 0.873, 0.000, 0.000, 3.146, 0.000, 0.000, 2.881, -10.203, 8.163, 4.860, 25.00
1, 0, 0.000, 0.999, 0.000, 0.000, 4.201, 0.000, 0.000, 3.017, -10.019, 1.802, -0.000, 24.82
1, 0, 0.000, 1.244, 0.000, 0.000, 3.794, 0.000, 0.000, 3.122, -8.260, 0.100, 0.000, 24.81
1, 0, 0.000, 2.036, 0.000, 0.000, 1.848, 0.000, 0.000, 3.211, -6.064, -1.032, -0.000, 24.91
1, 1, 0.000, 0.957, 0.000, 0.000, 1.898, 0.000, 0.000, 3.290, -3.324, -0.870, 1.951, 25.00
1, 1, 0.000, 0.478, 0.000, 0.000, 2.217, 0.000, 0.000, 3.361, -1.100, 0.000, 4.955, 25.00
1, 1, 0.000, 0.323, 0.000, 0.000, 2.223, 0.000, 0.000, 3.425, 0.547, 0.000, 6.518, 25.00
1, 1, 0.000, 0.230, 0.000, 0.000, 2.172, 0.000, 0.000, 3.485, 2.714, 0.000, 8.601, 25.00
0, 0, 0.000, 0.180, 0.000, 0.000, 1.980, 0.000, 0.000, 1.043, 0.285, -3.487, 0.000, 25.35
0, 0, 0.000, 0.099, 0.000, 0.000, 1.177, 0.000, 0.000, 0.941, 0.308, -2.526, 0.000, 25.60
0, 0, 0.000, 0.045, 0.000, 0.000, 0.564, 0.000, 0.000, 0.867, 0.338, -1.815, 0.000, 25.78
0, 0, 0.000, 0.012, 0.000, 0.000, 0.140, 0.000, 0.000, 0.807, 0.328, -1.286, 0.000, 25.91
0, 0, 0.000, -0.010, 0.000, 0.000, -0.110, 0.000, 0.000, 0.757, 0.232, -0.870, -0.000, 26.00
0, 0, 0.000, -0.032, 0.000, 0.000, -0.315, 0.000, 0.000, 0.712, 0.140, -0.505, -0.000, 26.05
0, 0, 0.000, -0.060, 0.000, 0.000, -0.480, 0.000, 0.000, 0.672, 0.004, -0.136, -0.000, 26.06
0, 0, 0.000, -0.082, 0.000, 0.000, -0.563, 0.000, 0.000, 0.636, -0.086, 0.095, 0.000, 26.05
0, 0, 0.000, -0.090, 0.000, 0.000, -0.524, 0.000, 0.000, 0.602, -0.175, 0.187, 0.000, 26.03
0, 0, 0.000, -0.092, 0.000, 0.000, -0.435, 0.000, 0.000, 0.571, -0.265, 0.221, 0.000, 26.01
0, 0, 0.000, -0.093, 0.000, 0.000, -0.331, 0.000, 0.000, 0.543, -0.356, 0.237, -0.000, 25.99
0, 0, 0.000, -0.095, 0.000, 0.000, -0.224, 0.000, 0.000, 0.516, -0.447, 0.250, -0.000, 25.96
0, 0, 0.000, -0.103, 0.000, 0.000, -0.114, 0.000, 0.000, 0.490, -0.539, 0.266, -0.000, 25.94
0, 0, 0.000, -0.104, 0.000, 0.000, -0.025, 0.000, 0.000, 0.467, -0.584, 0.247, -0.000, 25.91
0, 0, 0.000, -0.021, 0.000, 0.000, -0.022, 0.000, 0.000, 0.444, -0.677, 0.276, 0.000, 25.88
0, 0, 0.000, 0.012, 0.000, 0.000, 0.029, 0.000, 0.000, 0.423, -0.770, 0.305, -0.000, 25.85
1, 1, 0.000, 1.019, 0.000, 0.000, 3.388, 0.000, 0.000, 2.901, -9.034, 8.541, 6.814, 25.00
1, 0, 0.000, 1.018, 0.000, 0.000, 3.902, 0.000, 0.000, 3.035, -8.935, 0.979, -0.000, 24.90
1, 0, 0.000, 1.057, 0.000, 0.000, 3.840, 0.000, 0.000, 3.140, -8.325, 0.288, -0.000, 24.87
1, 0, 0.000, 1.416, 0.000, 0.000, 2.398, 0.000, 0.000, 3.228, -6.118, -0.925, 0.000, 24.97
1, 1, 0.000, 2.148, 0.000, 0.000, 1.101, 0.000, 0.000, 3.306, -3.885, -0.342, 2.328, 25.00
1, 1, 0.000, 0.876, 0.000, 0.000, 2.192, 0.000, 0.000, 3.376, -2.208, 0.000, 4.236, 25.00
1, 1, 0.000, 0.545, 0.000, 0.000, 2.353, 0.000, 0.000, 3.440, -0.549, 0.000, 5.789, 25.00
1, 1, 0.000, 0.371, 0.000, 0.000, 2.368, 0.000, 0.000, 3.499, 1.092, 0.000, 7.330, 25.00
0, 0, 0.000, 0.223, 0.000, 0.000, 1.933, 0.000, 0.000, 1.056, 0.197, -3.409, 0.000, 25.34
0, 0, 0.000, 0.120, 0.000, 0.000, 1.133, 0.000, 0.000, 0.954, 0.222, -2.428, 0.000, 25.58
0, 0, 0.000, 0.053, 0.000, 0.000, 0.515, 0.000, 0.000, 0.879, 0.252, -1.699, 0.000, 25.75
0, 0, 0.000, 0.011, 0.000, 0.000, 0.111, 0.000, 0.000, 0.819, 0.243, -1.184, 0.000, 25.87
0, 0, 0.000, -0.011, 0.000, 0.000, -0.111, 0.000, 0.000, 0.768, 0.192, -0.837, 0.000, 25.96
0, 0, 0.000, -0.027, 0.000, 0.000, -0.226, 0.000, 0.000, 0.723, 0.098, -0.567, 0.000, 26.01
0, 0, 0.000, -0.041, 0.000, 0.000, -0.290, 0.000, 0.000, 0.682, 0.005, -0.357, -0.000, 26.05
0, 0, 0.000, -0.084, 0.000, 0.000, -0.499, 0.000, 0.000, 0.645, -0.085, 0.023, -0.000, 26.05
0, 0, 0.000, -0.104, 0.000, 0.000, -0.510, 0.000, 0.000, 0.612, -0.175, 0.177, 0.000, 26.03
0, 0, 0.000, -0.106, 0.000, 0.000, -0.452, 0.000, 0.000, 0.580, -0.219, 0.197, 0.000, 26.01
0, 0, 0.000, -0.111, 0.000, 0.000, -0.357, 0.000, 0.000, 0.551, -0.309, 0.226, 0.000, 25.99
0, 0, 0.000, -0.118, 0.000, 0.000, -0.249, 0.000, 0.000, 0.524, -0.400, 0.244, -0.000, 25.96
0, 0, 0.000, -0.118, 0.000, 0.000, -0.160, 0.000, 0.000, 0.498, -0.445, 0.224, 0.000, 25.94
0, 0, 0.000, -0.122, 0.000, 0.000, -0.075, 0.000, 0.000, 0.474, -0.490, 0.213, -0.000, 25.92
0, 0, 0.000, -0.110, 0.000, 0.000, -0.016, 0.000, 0.000, 0.451, -0.536, 0.210, 0.000, 25.90
0, 0, 0.000, -0.032, 0.000, 0.000, -0.029, 0.000, 0.000, 0.430, -0.581, 0.213, -0.000, 25.88
1, 1, 0.000, 1.685, 0.000, 0.000, 2.846, 0.000, 0.000, 2.907, -6.724, 8.753, 9.467, 25.00
1, 1, 0.000, 1.617, 0.000, 0.000, 2.567, 0.000, 0.000, 3.041, -6.152, 0.000, 1.074, 25.00
1, 1, 0.000, 1.778, 0.000, 0.000, 2.130, 0.000, 0.000, 3.146, -5.582, 0.000, 1.472, 25.00
1, 1, 0.000, 2.789, 0.000, 0.000, 0.874, 0.000, 0.000, 3.234, -3.885, 0.000, 3.012, 25.00
1, 1, 0.000, 1.049, 0.000, 0.000, 2.396, 0.000, 0.000, 3.311, -2.208, 0.000, 4.549, 25.00
1, 1, 0.000, 0.555, 0.000, 0.000, 2.688, 0.000, 0.000, 3.381, 0.000, 0.000, 6.624, 25.00
1, 1, 0.000, 0.374, 0.000, 0.000, 2.686, 0.000, 0.000, 3.445, 1.634, 0.000, 8.140, 25.00
1, 1, 0.000, 0.283, 0.000, 0.000, 2.609, 0.000, 0.000, 3.504, 3.250, 0.000, 9.646, 25.00
0, 0, 0.000, 0.186, 0.000, 0.000, 2.004, 0.000, 0.000, 1.061, 0.328, -3.579, 0.000, 25.36
0, 0, 0.000, 0.095, 0.000, 0.000, 1.151, 0.000, 0.000, 0.958, 0.395, -2.599, -0.000, 25.62
0, 0, 0.000, 0.040, 0.000, 0.000, 0.529, 0.000, 0.000, 0.883, 0.424, -1.876, -0.000, 25.81
0, 0, 0.000, 0.009, 0.000, 0.000, 0.119, 0.000, 0.000, 0.823, 0.413, -1.363, -0.000, 25.94
0, 0, 0.000, -0.008, 0.000, 0.000, -0.111, 0.000, 0.000, 0.772, 0.404, -1.057, 0.000, 26.05
0, 0, 0.000, -0.026, 0.000, 0.000, -0.312, 0.000, 0.000, 0.726, 0.311, -0.699, -0.000, 26.12
0, 0, 0.000, -0.059, 0.000, 0.000, -0.628, 0.000, 0.000, 0.686, 0.221, -0.220, -0.000, 26.14
0, 0, 0.000, -0.075, 0.000, 0.000, -0.728, 0.000, 0.000, 0.649, 0.132, 0.022, -0.000, 26.14
0, 0, 0.000, -0.075, 0.000, 0.000, -0.719, 0.000, 0.000, 0.614, 0.133, 0.046, 0.000, 26.13
0, 0, 0.000, -0.072, 0.000, 0.000, -0.661, 0.000, 0.000, 0.583, 0.089, 0.062, -0.000, 26.13
0, 0, 0.000, -0.068, 0.000, 0.000, -0.591, 0.000, 0.000, 0.554, 0.044, 0.061, -0.000, 26.12
0, 0, 0.000, -0.062, 0.000, 0.000, -0.532, 0.000, 0.000, 0.526, 0.044, 0.023, 0.000, 26.12
0, 0, 0.000, -0.060, 0.000, 0.000, -0.463, 0.000, 0.000, 0.501, -0.045, 0.067, 0.000, 26.11
0, 0, 0.000, -0.056, 0.000, 0.000, -0.400, 0.000, 0.000, 0.476, -0.090, 0.070, 0.000, 26.10
0, 0, 0.000, -0.052, 0.000, 0.000, -0.342, 0.000, 0.000, 0.453, -0.135, 0.075, -0.000, 26.10
0, 0, 0.000, -0.048, 0.000, 0.000, -0.287, 0.000, 0.000, 0.432, -0.180, 0.084, -0.000, 26.09
1, 1, 0.000, 0.807, 0.000, 0.000, 4.278, 0.000, 0.000, 2.909, -1.653, 10.882, 17.224, 25.00
1, 1, 0.000, 0.765, 0.000, 0.000, 3.926, 0.000, 0.000, 3.043, -1.653, 0.000, 6.081, 25.00
1, 1, 0.000, 0.628, 0.000, 0.000, 3.743, 0.000, 0.000, 3.148, -0.549, 0.000, 6.970, 25.00
1, 1, 0.000, 0.504, 0.000, 0.000, 3.596, 0.000, 0.000, 3.236, 0.547, 0.000, 7.883, 25.00
1, 1, 0.000, 0.389, 0.000, 0.000, 3.467, 0.000, 0.000, 3.313, 2.175, 0.000, 9.344, 25.00
1, 1, 0.000, 0.331, 0.000, 0.000, 3.308, 0.000, 0.000, 3.383, 3.250, 0.000, 10.272, 25.00
1, 1, 0.000, 0.310, 0.000, 0.000, 3.138, 0.000, 0.000, 3.446, 3.250, 0.000, 10.145, 25.00
1, 1, 0.000, 0.293, 0.000, 0.000, 2.978, 0.000, 0.000, 3.505, 3.250, 0.000, 10.027, 25.00
0, 0, 0.000, 0.166, 0.000, 0.000, 1.674, 0.000, 0.000, 1.062, 0.243, -3.145, -0.000, 25.31
0, 0, 0.000, 0.082, 0.000, 0.000, 0.799, 0.000, 0.000, 0.960, 0.182, -2.024, 0.000, 25.52
0, 0, 0.000, 0.027, 0.000, 0.000, 0.245, 0.000, 0.000, 0.884, 0.128, -1.283, 0.000, 25.65
0, 0, 0.000, -0.001, 0.000, 0.000, -0.014, 0.000, 0.000, 0.824, 0.120, -0.929, 0.000, 25.74
0, 0, 0.000, -0.013, 0.000, 0.000, -0.129, 0.000, 0.000, 0.773, 0.114, -0.745, -0.000, 25.81
0, 0, 0.000, -0.029, 0.000, 0.000, -0.277, 0.000, 0.000, 0.727, 0.110, -0.531, -0.000, 25.87
0, 0, 0.000, -0.050, 0.000, 0.000, -0.442, 0.000, 0.000, 0.687, 0.063, -0.258, 0.000, 25.89
0, 0, 0.000, -0.061, 0.000, 0.000, -0.508, 0.000, 0.000, 0.650, 0.017, -0.098, 0.000, 25.90
0, 0, 0.000, -0.065, 0.000, 0.000, -0.505, 0.000, 0.000, 0.615, -0.028, -0.017, -0.000, 25.90
0, 0, 0.000, -0.067, 0.000, 0.000, -0.461, 0.000, 0.000, 0.584, -0.119, 0.063, -0.000, 25.90
0, 0, 0.000, -0.066, 0.000, 0.000, -0.409, 0.000, 0.000, 0.555, -0.163, 0.084, -0.000, 25.89
0, 0, 0.000, -0.064, 0.000, 0.000, -0.354, 0.000, 0.000, 0.527, -0.208, 0.100, -0.000, 25.88
0, 0, 0.000, -0.061, 0.000, 0.000, -0.300, 0.000, 0.000, 0.501, -0.254, 0.113, 0.000, 25.87
0, 0, 0.000, -0.062, 0.000, 0.000, -0.234, 0.000, 0.000, 0.477, -0.345, 0.164, -0.000, 25.85
0, 0, 0.000, -0.058, 0.000, 0.000, -0.176, 0.000, 0.000, 0.454, -0.390, 0.170, 0.000, 25.83
0, 0, 0.000, -0.054, 0.000, 0.000, -0.122, 0.000, 0.000, 0.432, -0.435, 0.179, 0.000, 25.82
1, 1, 0.000, 1.766, 0.000, 0.000, 2.653, 0.000, 0.000, 0.412, -0.414, 8.158, 12.575, 25.00
1, 1, 0.000, 1.850, 0.000, 0.000, 2.243, 0.000, 0.000, 0.393, -0.414, 0.000, 4.072, 25.00
1, 1, 0.000, 1.260, 0.000, 0.000, 2.571, 0.000, 0.000, 0.374, -0.321, 0.000, 3.885, 25.00
1, 1, 0.000, 0.746, 0.000, 0.000, 2.861, 0.000, 0.000, 0.357, -0.182, 0.000, 3.781, 25.00
1, 1, 0.000, 0.463, 0.000, 0.000, 2.944, 0.000, 0.000, 0.340, 0.000, 0.000, 3.747, 25.00
1, 1, 0.000, 0.345, 0.000, 0.000, 2.880, 0.000, 0.000, 0.324, 0.135, 0.000, 3.684, 25.00
1, 1, 0.000, 0.267, 0.000, 0.000, 2.790, 0.000, 0.000, 0.309, 0.269, 0.000, 3.635, 25.00
1, 1, 0.000, 0.214, 0.000, 0.000, 2.687, 0.000, 0.000, 0.295, 0.401, 0.000, 3.597, 25.00
0, 0, 0.000, 0.163, 0.000, 0.000, 2.295, 0.000, 0.000, 0.282, 0.462, -3.201, 0.000, 25.32
0, 0, 0.000, 0.101, 0.000, 0.000, 1.495, 0.000, 0.000, 0.269, 0.487, -2.352, -0.000, 25.56
0, 0, 0.000, 0.061, 0.000, 0.000, 0.880, 0.000, 0.000, 0.256, 0.431, -1.627, -0.000, 25.72
0, 0, 0.000, 0.030, 0.000, 0.000, 0.444, 0.000, 0.000, 0.244, 0.465, -1.183, 0.000, 25.84
0, 0, 0.000, 0.013, 0.000, 0.000, 0.178, 0.000, 0.000, 0.233, 0.414, -0.838, -0.000, 25.92
0, 0, 0.000, 0.004, 0.000, 0.000, 0.054, 0.000, 0.000, 0.222, 0.366, -0.646, -0.000, 25.98
0, 0, 0.000, -0.018, 0.000, 0.000, -0.225, 0.000, 0.000, 0.212, 0.276, -0.245, -0.000, 26.01
0, 0, 0.000, -0.030, 0.000, 0.000, -0.349, 0.000, 0.000, 0.202, 0.187, -0.011, -0.000, 26.01
0, 0, 0.000, -0.033, 0.000, 0.000, -0.360, 0.000, 0.000, 0.193, 0.143, 0.057, -0.000, 26.00
0, 0, 0.000, -0.031, 0.000, 0.000, -0.314, 0.000, 0.000, 0.184, 0.054, 0.107, -0.000, 25.99
0, 0, 0.000, -0.027, 0.000, 0.000, -0.257, 0.000, 0.000, 0.176, 0.010, 0.098, -0.000, 25.98
0, 0, 0.000, -0.023, 0.000, 0.000, -0.192, 0.000, 0.000, 0.168, -0.079, 0.126, 0.000, 25.97
0, 0, 0.000, -0.017, 0.000, 0.000, -0.126, 0.000, 0.000, 0.160, -0.169, 0.152, -0.000, 25.96
0, 0, 0.000, -0.009, 0.000, 0.000, -0.052, 0.000, 0.000, 0.152, -0.305, 0.214, 0.000, 25.93
0, 0, 0.000, 0.004, 0.000, 0.000, 0.015, 0.000, 0.000, 0.145, -0.396, 0.232, 0.000, 25.91
0, 0, 0.000, 0.023, 0.000, 0.000, 0.073, 0.000, 0.000, 0.139, -0.488, 0.253, 0.000, 25.89
1, 1, 0.000, 1.877, 0.000, 0.000, 2.704, 0.000, 0.000, 2.630, -6.724, 8.864, 9.351, 25.00
1, 1, 0.000, 2.206, 0.000, 0.000, 2.030, 0.000, 0.000, 2.778, -6.724, 0.000, 0.289, 25.00
1, 1, 0.000, 1.273, 0.000, 0.000, 2.675, 0.000, 0.000, 2.895, -5.014, 0.000, 1.828, 25.00
1, 1, 0.000, 0.792, 0.000, 0.000, 2.909, 0.000, 0.000, 2.994, -3.324, 0.000, 3.371, 25.00
1, 1, 0.000, 0.496, 0.000, 0.000, 2.981, 0.000, 0.000, 3.083, -1.100, 0.000, 5.460, 25.00
1, 1, 0.000, 0.366, 0.000, 0.000, 2.911, 0.000, 0.000, 3.163, 0.547, 0.000, 6.987, 25.00
1, 1, 0.000, 0.284, 0.000, 0.000, 2.809, 0.000, 0.000, 3.237, 2.175, 0.000, 8.505, 25.00
1, 1, 0.000, 0.233, 0.000, 0.000, 2.694, 0.000, 0.000, 3.306, 3.250, 0.000, 9.483, 25.00
0, 0, 0.000, 0.168, 0.000, 0.000, 2.165, 0.000, 0.000, 0.872, 0.328, -3.532, 0.000, 25.35
0, 0, 0.000, 0.093, 0.000, 0.000, 1.325, 0.000, 0.000, 0.778, 0.395, -2.592, 0.000, 25.61
0, 0, 0.000, 0.046, 0.000, 0.000, 0.683, 0.000, 0.000, 0.711, 0.424, -1.864, 0.000, 25.80
0, 0, 0.000, 0.016, 0.000, 0.000, 0.238, 0.000, 0.000, 0.659, 0.413, -1.327, -0.000, 25.93
0, 0, 0.000, -0.003, 0.000, 0.000, -0.048, 0.000, 0.000, 0.615, 0.362, -0.926, -0.000, 26.02
0, 0, 0.000, -0.015, 0.000, 0.000, -0.195, 0.000, 0.000, 0.577, 0.269, -0.637, 0.000, 26.09
0, 0, 0.000, -0.040, 0.000, 0.000, -0.466, 0.000, 0.000, 0.543, 0.179, -0.217, 0.000, 26.11
0, 0, 0.000, -0.055, 0.000, 0.000, -0.557, 0.000, 0.000, 0.513, 0.046, 0.053, 0.000, 26.10
0, 0, 0.000, -0.058, 0.000, 0.000, -0.529, 0.000, 0.000, 0.485, -0.043, 0.146, -0.000, 26.09
0, 0, 0.000, -0.056, 0.000, 0.000, -0.451, 0.000, 0.000, 0.459, -0.133, 0.181, -0.000, 26.07
0, 0, 0.000, -0.052, 0.000, 0.000, -0.359, 0.000, 0.000, 0.436, -0.223, 0.199, 0.000, 26.05
0, 0, 0.000, -0.047, 0.000, 0.000, -0.266, 0.000, 0.000, 0.414, -0.313, 0.213, -0.000, 26.03
0, 0, 0.000, -0.042, 0.000, 0.000, -0.167, 0.000, 0.000, 0.393, -0.451, 0.266, 0.000, 26.00
0, 0, 0.000, -0.030, 0.000, 0.000, -0.080, 0.000, 0.000, 0.374, -0.542, 0.278, -0.000, 25.98
0, 0, 0.000, -0.003, 0.000, 0.000, -0.003, 0.000, 0.000, 0.356, -0.682, 0.332, -0.000, 25.94
0, 0, 0.000, 0.057, 0.000, 0.000, 0.035, 0.000, 0.000, 0.339, -0.774, 0.344, 0.000, 25.91
1, 1, 0.000, 1.371, 0.000, 0.000, 3.444, 0.000, 0.000, 2.820, -10.203, 9.084, 6.517, 25.00
1, 0, 0.000, 1.347, 0.000, 0.000, 4.295, 0.000, 0.000, 2.959, -10.054, 1.454, -0.000, 24.85
1, 0, 0.000, 1.505, 0.000, 0.000, 4.050, 0.000, 0.000, 3.067, -8.862, 0.239, 0.000, 24.83
1, 0, 0.000, 2.546, 0.000, 0.000, 1.903, 0.000, 0.000, 3.159, -6.650, -0.957, 0.000, 24.93
1, 1, 0.000, 1.384, 0.000, 0.000, 2.136, 0.000, 0.000, 3.239, -4.449, -0.736, 1.575, 25.00
1, 1, 0.000, 0.677, 0.000, 0.000, 2.647, 0.000, 0.000, 3.312, -2.208, 0.000, 4.429, 25.00
1, 1, 0.000, 0.460, 0.000, 0.000, 2.684, 0.000, 0.000, 3.379, -0.549, 0.000, 5.974, 25.00
1, 1, 0.000, 0.338, 0.000, 0.000, 2.636, 0.000, 0.000, 3.441, 1.092, 0.000, 7.507, 25.00
0, 0, 0.000, 0.229, 0.000, 0.000, 2.126, 0.000, 0.000, 1.001, 0.151, -3.507, 0.000, 25.35
0, 0, 0.000, 0.123, 0.000, 0.000, 1.247, 0.000, 0.000, 0.902, 0.220, -2.491, -0.000, 25.60
0, 0, 0.000, 0.060, 0.000, 0.000, 0.621, 0.000, 0.000, 0.829, 0.206, -1.717, 0.000, 25.77
0, 0, 0.000, 0.022, 0.000, 0.000, 0.229, 0.000, 0.000, 0.771, 0.197, -1.218, 0.000, 25.89
0, 0, 0.000, 0.003, 0.000, 0.000, 0.032, 0.000, 0.000, 0.722, 0.145, -0.903, 0.000, 25.98
0, 0, 0.000, -0.010, 0.000, 0.000, -0.091, 0.000, 0.000, 0.679, 0.050, -0.628, 0.000, 26.05
0, 0, 0.000, -0.055, 0.000, 0.000, -0.395, 0.000, 0.000, 0.641, -0.041, -0.150, 0.000, 26.06
0, 0, 0.000, -0.085, 0.000, 0.000, -0.480, 0.000, 0.000, 0.606, -0.177, 0.136, -0.000, 26.05
0, 0, 0.000, -0.098, 0.000, 0.000, -0.439, 0.000, 0.000, 0.574, -0.267, 0.230, 0.000, 26.02
0, 0, 0.000, -0.112, 0.000, 0.000, -0.329, 0.000, 0.000, 0.544, -0.403, 0.300, 0.000, 25.99
0, 0, 0.000, -0.123, 0.000, 0.000, -0.207, 0.000, 0.000, 0.517, -0.494, 0.307, 0.000, 25.96
0, 0, 0.000, -0.207, 0.000, 0.000, -0.002, 0.000, 0.000, 0.491, -0.633, 0.351, -0.000, 25.93
0, 0, 0.000, -0.040, 0.000, 0.000, -0.055, 0.000, 0.000, 0.467, -0.725, 0.354, -0.000, 25.89
0, 0, 0.000, 0.003, 0.000, 0.000, 0.008, 0.000, 0.000, 0.444, -0.818, 0.364, -0.000, 25.86
0, 0, 0.000, 0.021, 0.000, 0.000, 0.089, 0.000, 0.000, 0.423, -0.912, 0.379, -0.000, 25.82
0, 0, 0.000, 0.031, 0.000, 0.000, 0.173, 0.000, 0.000, 0.402, -1.006, 0.400, 0.000, 25.78
1, 1, 0.000, 0.559, 0.000, 0.000, 3.987, 0.000, 0.000, 2.881, -12.567, 7.793, 2.653, 25.00
1, 0, 0.000, 0.713, 0.000, 0.000, 5.548, 0.000, 0.000, 3.017, -12.260, 2.982, 0.000, 24.70
1, 0, 0.000, 0.822, 0.000, 0.000, 5.962, 0.000, 0.000, 3.122, -10.966, 1.060, 0.000, 24.60
1, 0, 0.000, 0.906, 0.000, 0.000, 5.438, 0.000, 0.000, 3.211, -9.238, -0.317, 0.000, 24.63
1, 0, 0.000, 1.008, 0.000, 0.000, 4.345, 0.000, 0.000, 3.290, -7.603, -1.040, -0.000, 24.73
1, 0, 0.000, 1.126, 0.000, 0.000, 2.895, 0.000, 0.000, 3.361, -6.019, -1.362, 0.000, 24.87
1, 1, 0.000, 1.254, 0.000, 0.000, 1.381, 0.000, 0.000, 3.425, -4.449, -1.322, 0.289, 25.00
1, 1, 0.000, 2.179, 0.000, 0.000, 0.341, 0.000, 0.000, 3.485, -3.324, 0.000, 2.681, 25.00
0, 0, 0.000, 0.677, 0.000, 0.000, 1.217, 0.000, 0.000, 1.043, -0.205, -2.732, -0.000, 25.27
0, 0, 0.000, 0.340, 0.000, 0.000, 0.799, 0.000, 0.000, 0.941, -0.175, -1.906, 0.000, 25.46
0, 0, 0.000, 0.158, 0.000, 0.000, 0.420, 0.000, 0.000, 0.867, -0.139, -1.305, -0.000, 25.59
0, 0, 0.000, 0.058, 0.000, 0.000, 0.110, 0.000, 0.000, 0.807, -0.192, -0.784, -0.000, 25.67
0, 0, 0.000, -0.003, 0.000, 0.000, -0.005, 0.000, 0.000, 0.757, -0.242, -0.508, -0.000, 25.72
0, 0, 0.000, -0.018, 0.000, 0.000, -0.016, 0.000, 0.000, 0.712, -0.291, -0.388, 0.000, 25.76
0, 0, 0.000, -0.140, 0.000, 0.000, -0.135, 0.000, 0.000, 0.672, -0.430, 0.033, -0.000, 25.76
0, 0, 0.000, -0.130, 0.000, 0.000, -0.233, 0.000, 0.000, 0.636, -0.475, 0.202, -0.000, 25.74
0, 0, 0.000, -0.099, 0.000, 0.000, -0.244, 0.000, 0.000, 0.602, -0.520, 0.260, -0.000, 25.71
0, 0, 0.000, -0.059, 0.000, 0.000, -0.210, 0.000, 0.000, 0.571, -0.612, 0.310, 0.000, 25.68
0, 0, 0.000, -0.035, 0.000, 0.000, -0.152, 0.000, 0.000, 0.543, -0.657, 0.302, 0.000, 25.65
0, 0, 0.000, -0.015, 0.000, 0.000, -0.083, 0.000, 0.000, 0.516, -0.750, 0.333, -0.000, 25.62
0, 0, 0.000, -0.004, 0.000, 0.000, -0.024, 0.000, 0.000, 0.490, -0.748, 0.285, 0.000, 25.59
0, 0, 0.000, 0.005, 0.000, 0.000, 0.032, 0.000, 0.000, 0.467, -0.793, 0.290, -0.000, 25.56
0, 0, 0.000, 0.012, 0.000, 0.000, 0.085, 0.000, 0.000, 0.444, -0.839, 0.298, 0.000, 25.53
0, 0, 0.000, 0.017, 0.000, 0.000, 0.136, 0.000, 0.000, 0.423, -0.885, 0.309, 0.000, 25.50
1, 1, 0.000, 0.303, 0.000, 0.000, 2.689, 0.000, 0.000, 2.901, -10.790, 5.001, 0.102, 25.00
1, 0, 0.000, 0.455, 0.000, 0.000, 4.204, 0.000, 0.000, 3.035, -10.503, 2.808, 0.000, 24.72
1, 0, 0.000, 0.553, 0.000, 0.000, 4.672, 0.000, 0.000, 3.140, -9.242, 0.876, -0.000, 24.63
1, 0, 0.000, 0.597, 0.000, 0.000, 4.171, 0.000, 0.000, 3.228, -7.547, -0.450, 0.000, 24.68
1, 0, 0.000, 0.606, 0.000, 0.000, 3.225, 0.000, 0.000, 3.306, -5.946, -1.191, -0.000, 24.80
1, 0, 0.000, 0.594, 0.000, 0.000, 1.934, 0.000, 0.000, 3.376, -4.395, -1.508, 0.000, 24.95
1, 1, 0.000, 0.985, 0.000, 0.000, 0.938, 0.000, 0.000, 3.440, -2.765, -0.536, 2.063, 25.00
1, 1, 0.000, 1.389, 0.000, 0.000, 0.448, 0.000, 0.000, 3.499, -1.653, 0.000, 3.684, 25.00
0, 0, 0.000, 0.524, 0.000, 0.000, 0.725, 0.000, 0.000, 1.056, -0.064, -2.241, 0.000, 25.22
0, 0, 0.000, 0.266, 0.000, 0.000, 0.314, 0.000, 0.000, 0.954, -0.076, -1.458, 0.000, 25.37
0, 0, 0.000, 0.061, 0.000, 0.000, 0.032, 0.000, 0.000, 0.879, -0.128, -0.844, 0.000, 25.45
0, 0, 0.000, -0.086, 0.000, 0.000, -0.036, 0.000, 0.000, 0.819, -0.178, -0.519, -0.000, 25.51
0, 0, 0.000, -0.137, 0.000, 0.000, -0.074, 0.000, 0.000, 0.768, -0.181, -0.376, 0.000, 25.54
0, 0, 0.000, -0.200, 0.000, 0.000, -0.131, 0.000, 0.000, 0.723, -0.274, -0.118, 0.000, 25.56
0, 0, 0.000, -0.154, 0.000, 0.000, -0.279, 0.000, 0.000, 0.682, -0.366, 0.117, -0.000, 25.54
0, 0, 0.000, -0.128, 0.000, 0.000, -0.310, 0.000, 0.000, 0.645, -0.411, 0.204, 0.000, 25.52
0, 0, 0.000, -0.098, 0.000, 0.000, -0.293, 0.000, 0.000, 0.612, -0.456, 0.236, -0.000, 25.50
0, 0, 0.000, -0.063, 0.000, 0.000, -0.252, 0.000, 0.000, 0.580, -0.547, 0.283, 0.000, 25.47
0, 0, 0.000, -0.042, 0.000, 0.000, -0.196, 0.000, 0.000, 0.551, -0.592, 0.280, 0.000, 25.44
0, 0, 0.000, -0.026, 0.000, 0.000, -0.139, 0.000, 0.000, 0.524, -0.638, 0.279, -0.000, 25.42
0, 0, 0.000, -0.014, 0.000, 0.000, -0.083, 0.000, 0.000, 0.498, -0.683, 0.282, 0.000, 25.39
0, 0, 0.000, -0.003, 0.000, 0.000, -0.021, 0.000, 0.000, 0.474, -0.776, 0.327, 0.000, 25.36
0, 0, 0.000, 0.005, 0.000, 0.000, 0.038, 0.000, 0.000, 0.451, -0.822, 0.328, 0.000, 25.32
0, 0, 0.000, 0.011, 0.000, 0.000, 0.093, 0.000, 0.000, 0.430, -0.867, 0.334, 0.000, 25.29
1, 0, 0.000, 0.303, 0.000, 0.000, 2.976, 0.000, 0.000, 2.907, -11.166, 4.980, 0.000, 24.79
1, 0, 0.000, 0.433, 0.000, 0.000, 4.237, 0.000, 0.000, 3.041, -10.311, 2.599, 0.000, 24.53
1, 0, 0.000, 0.532, 0.000, 0.000, 4.711, 0.000, 0.000, 3.146, -9.070, 0.681, 0.000, 24.46
1, 0, 0.000, 0.594, 0.000, 0.000, 3.951, 0.000, 0.000, 3.234, -6.849, -0.929, 0.000, 24.56
1, 0, 0.000, 0.619, 0.000, 0.000, 2.849, 0.000, 0.000, 3.311, -5.286, -1.493, -0.000, 24.71
1, 0, 0.000, 0.668, 0.000, 0.000, 1.204, 0.000, 0.000, 3.381, -3.232, -2.022, -0.000, 24.91
1, 1, 0.000, 0.495, 0.000, 0.000, 0.487, 0.000, 0.000, 3.445, -1.100, -0.927, 2.400, 25.00
1, 1, 0.000, 0.230, 0.000, 0.000, 0.720, 0.000, 0.000, 3.504, 0.547, 0.000, 5.000, 25.00
0, 0, 0.000, 0.175, 0.000, 0.000, 0.776, 0.000, 0.000, 1.061, 0.118, -2.129, 0.000, 25.21
0, 0, 0.000, 0.065, 0.000, 0.000, 0.374, 0.000, 0.000, 0.958, 0.194, -1.592, -0.000, 25.37
0, 0, 0.000, 0.007, 0.000, 0.000, 0.042, 0.000, 0.000, 0.883, 0.185, -1.117, -0.000, 25.48
0, 0, 0.000, -0.032, 0.000, 0.000, -0.191, 0.000, 0.000, 0.823, 0.179, -0.779, -0.000, 25.56
0, 0, 0.000, -0.062, 0.000, 0.000, -0.310, 0.000, 0.000, 0.772, 0.086, -0.485, 0.000, 25.61
0, 0, 0.000, -0.109, 0.000, 0.000, -0.408, 0.000, 0.000, 0.726, -0.006, -0.203, 0.000, 25.63
0, 0, 0.000, -0.216, 0.000, 0.000, -0.461, 0.000, 0.000, 0.686, -0.141, 0.133, 0.000, 25.62
0, 0, 0.000, -0.320, 0.000, 0.000, -0.359, 0.000, 0.000, 0.649, -0.231, 0.261, 0.000, 25.59
0, 0, 0.000, -0.389, 0.000, 0.000, -0.218, 0.000, 0.000, 0.614, -0.275, 0.267, 0.000, 25.56
0, 0, 0.000, -0.354, 0.000, 0.000, -0.151, 0.000, 0.000, 0.583, -0.365, 0.288, -0.000, 25.54
0, 0, 0.000, -0.199, 0.000, 0.000, -0.209, 0.000, 0.000, 0.554, -0.410, 0.264, 0.000, 25.51
0, 0, 0.000, -0.100, 0.000, 0.000, -0.211, 0.000, 0.000, 0.526, -0.501, 0.285, 0.000, 25.48
0, 0, 0.000, -0.059, 0.000, 0.000, -0.166, 0.000, 0.000, 0.501, -0.546, 0.270, -0.000, 25.45
0, 0, 0.000, -0.033, 0.000, 0.000, -0.116, 0.000, 0.000, 0.476, -0.591, 0.264, -0.000, 25.43
0, 0, 0.000, -0.016, 0.000, 0.000, -0.066, 0.000, 0.000, 0.453, -0.636, 0.264, -0.000, 25.40
0, 0, 0.000, -0.003, 0.000, 0.000, -0.016, 0.000, 0.000, 0.432, -0.682, 0.269, -0.000, 25.37
1, 1, 0.000, 0.293, 0.000, 0.000, 1.668, 0.000, 0.000, 2.909, -8.453, 3.740, 0.157, 25.00
1, 0, 0.000, 0.457, 0.000, 0.000, 2.740, 0.000, 0.000, 3.043, -8.250, 2.009, 0.000, 24.80
1, 0, 0.000, 0.592, 0.000, 0.000, 2.737, 0.000, 0.000, 3.148, -6.517, 0.040, -0.000, 24.80
1, 0, 0.000, 0.694, 0.000, 0.000, 1.885, 0.000, 0.000, 3.236, -4.901, -0.914, 0.000, 24.89
1, 1, 0.000, 1.178, 0.000, 0.000, 0.278, 0.000, 0.000, 3.313, -2.765, -1.135, 0.869, 25.00
1, 1, 0.000, 0.409, 0.000, 0.000, 0.981, 0.000, 0.000, 3.383, -0.549, 0.000, 4.224, 25.00
1, 1, 0.000, 0.209, 0.000, 0.000, 1.099, 0.000, 0.000, 3.446, 1.634, 0.000, 6.388, 25.00
1, 1, 0.000, 0.144, 0.000, 0.000, 1.088, 0.000, 0.000, 3.505, 3.250, 0.000, 7.988, 25.00
0, 0, 0.000, 0.125, 0.000, 0.000, 1.165, 0.000, 0.000, 1.062, 0.335, -2.687, -0.000, 25.27
0, 0, 0.000, 0.055, 0.000, 0.000, 0.589, 0.000, 0.000, 0.960, 0.407, -2.011, 0.000, 25.47
0, 0, 0.000, 0.011, 0.000, 0.000, 0.115, 0.000, 0.000, 0.884, 0.395, -1.406, 0.000, 25.61
0, 0, 0.000, -0.016, 0.000, 0.000, -0.177, 0.000, 0.000, 0.824, 0.387, -1.019, 0.000, 25.71
0, 0, 0.000, -0.034, 0.000, 0.000, -0.351, 0.000, 0.000, 0.773, 0.338, -0.726, 0.000, 25.78
0, 0, 0.000, -0.049, 0.000, 0.000, -0.459, 0.000, 0.000, 0.727, 0.246, -0.465, -0.000, 25.83
0, 0, 0.000, -0.087, 0.000, 0.000, -0.666, 0.000, 0.000, 0.687, 0.112, -0.046, 0.000, 25.84
0, 0, 0.000, -0.107, 0.000, 0.000, -0.707, 0.000, 0.000, 0.650, 0.023, 0.141, -0.000, 25.82
0, 0, 0.000, -0.114, 0.000, 0.000, -0.646, 0.000, 0.000, 0.615, -0.065, 0.210, -0.000, 25.80
0, 0, 0.000, -0.116, 0.000, 0.000, -0.545, 0.000, 0.000, 0.584, -0.154, 0.232, 0.000, 25.78
0, 0, 0.000, -0.119, 0.000, 0.000, -0.432, 0.000, 0.000, 0.555, -0.244, 0.240, 0.000, 25.75
0, 0, 0.000, -0.124, 0.000, 0.000, -0.317, 0.000, 0.000, 0.527, -0.335, 0.249, 0.000, 25.73
0, 0, 0.000, -0.123, 0.000, 0.000, -0.223, 0.000, 0.000, 0.501, -0.379, 0.224, 0.000, 25.71
0, 0, 0.000, -0.196, 0.000, 0.000, -0.048, 0.000, 0.000, 0.477, -0.517, 0.285, -0.000, 25.68
0, 0, 0.000, -0.073, 0.000, 0.000, -0.074, 0.000, 0.000, 0.454, -0.609, 0.303, -0.000, 25.65
0, 0, 0.000, -0.016, 0.000, 0.000, -0.038, 0.000, 0.000, 0.432, -0.702, 0.323, 0.000, 25.62
1, 1, 0.000, 0.667, 0.000, 0.000, 2.428, 0.000, 0.000, 0.412, -0.746, 6.153, 8.914, 25.00
1, 1, 0.000, 0.555, 0.000, 0.000, 2.301, 0.000, 0.000, 0.393, -0.746, 0.000, 2.502, 25.00
1, 1, 0.000, 0.582, 0.000, 0.000, 2.084, 0.000, 0.000, 0.374, -0.651, 0.000, 2.389, 25.00
1, 1, 0.000, 0.683, 0.000, 0.000, 1.822, 0.000, 0.000, 0.357, -0.556, 0.000, 2.306, 25.00
1, 1, 0.000, 0.824, 0.000, 0.000, 1.538, 0.000, 0.000, 0.340, -0.461, 0.000, 2.241, 25.00
1, 1, 0.000, 1.443, 0.000, 0.000, 0.790, 0.000, 0.000, 0.324, -0.368, 0.000, 2.190, 25.00
1, 1, 0.000, 1.035, 0.000, 0.000, 1.079, 0.000, 0.000, 0.309, -0.228, 0.000, 2.196, 25.00
1, 1, 0.000, 0.601, 0.000, 0.000, 1.404, 0.000, 0.000, 0.295, -0.137, 0.000, 2.164, 25.00
0, 0, 0.000, 0.355, 0.000, 0.000, 1.388, 0.000, 0.000, 0.282, -0.061, -1.963, -0.000, 25.20
0, 0, 0.000, 0.202, 0.000, 0.000, 1.078, 0.000, 0.000, 0.269, 0.016, -1.566, 0.000, 25.35
0, 0, 0.000, 0.123, 0.000, 0.000, 0.751, 0.000, 0.000, 0.256, 0.052, -1.182, 0.000, 25.47
0, 0, 0.000, 0.082, 0.000, 0.000, 0.519, 0.000, 0.000, 0.244, 0.045, -0.890, -0.000, 25.56
0, 0, 0.000, 0.057, 0.000, 0.000, 0.341, 0.000, 0.000, 0.233, 0.039, -0.670, -0.000, 25.63
0, 0, 0.000, 0.043, 0.000, 0.000, 0.220, 0.000, 0.000, 0.222, -0.010, -0.475, 0.000, 25.67
0, 0, 0.000, -0.009, 0.000, 0.000, -0.036, 0.000, 0.000, 0.212, -0.101, -0.066, -0.000, 25.68
0, 0, 0.000, -0.042, 0.000, 0.000, -0.120, 0.000, 0.000, 0.202, -0.191, 0.151, -0.000, 25.67
0, 0, 0.000, -0.049, 0.000, 0.000, -0.112, 0.000, 0.000, 0.193, -0.235, 0.204, 0.000, 25.65
0, 0, 0.000, -0.042, 0.000, 0.000, -0.072, 0.000, 0.000, 0.184, -0.280, 0.210, -0.000, 25.62
0, 0, 0.000, -0.026, 0.000, 0.000, -0.029, 0.000, 0.000, 0.176, -0.324, 0.204, -0.000, 25.60
0, 0, 0.000, 0.012, 0.000, 0.000, 0.001, 0.000, 0.000, 0.168, -0.416, 0.235, 0.000, 25.58
0, 0, 0.000, 0.046, 0.000, 0.000, 0.028, 0.000, 0.000, 0.160, -0.461, 0.226, 0.000, 25.56
0, 0, 0.000, 0.064, 0.000, 0.000, 0.056, 0.000, 0.000, 0.152, -0.459, 0.186, -0.000, 25.54
0, 0, 0.000, 0.064, 0.000, 0.000, 0.098, 0.000, 0.000, 0.145, -0.504, 0.197, 0.000, 25.52
0, 0, 0.000, 0.063, 0.000, 0.000, 0.139, 0.000, 0.000, 0.139, -0.550, 0.209, 0.000, 25.50
1, 1, 0.000, 0.742, 0.000, 0.000, 2.172, 0.000, 0.000, 2.630, -6.724, 4.991, 3.811, 25.00
1, 0, 0.000, 0.762, 0.000, 0.000, 2.442, 0.000, 0.000, 2.778, -6.656, 0.675, -0.000, 24.93
1, 0, 0.000, 0.877, 0.000, 0.000, 2.022, 0.000, 0.000, 2.895, -5.540, -0.254, -0.000, 24.96
1, 1, 0.000, 1.406, 0.000, 0.000, 0.914, 0.000, 0.000, 2.994, -3.885, -0.421, 1.008, 25.00
1, 1, 0.000, 1.009, 0.000, 0.000, 1.174, 0.000, 0.000, 3.083, -2.208, 0.000, 3.059, 25.00
1, 1, 0.000, 0.431, 0.000, 0.000, 1.621, 0.000, 0.000, 3.163, 0.000, 0.000, 5.215, 25.00
1, 1, 0.000, 0.319, 0.000, 0.000, 1.619, 0.000, 0.000, 3.237, 1.092, 0.000, 6.267, 25.00
1, 1, 0.000, 0.242, 0.000, 0.000, 1.590, 0.000, 0.000, 3.306, 2.175, 0.000, 7.313, 25.00
0, 0, 0.000, 0.151, 0.000, 0.000, 1.154, 0.000, 0.000, 0.872, 0.249, -2.426, 0.000, 25.24
0, 0, 0.000, 0.078, 0.000, 0.000, 0.672, 0.000, 0.000, 0.778, 0.279, -1.806, 0.000, 25.42
0, 0, 0.000, 0.032, 0.000, 0.000, 0.287, 0.000, 0.000, 0.711, 0.268, -1.299, 0.000, 25.55
0, 0, 0.000, 0.002, 0.000, 0.000, 0.016, 0.000, 0.000, 0.659, 0.261, -0.937, 0.000, 25.65
0, 0, 0.000, -0.024, 0.000, 0.000, -0.208, 0.000, 0.000, 0.615, 0.212, -0.595, 0.000, 25.71
0, 0, 0.000, -0.054, 0.000, 0.000, -0.396, 0.000, 0.000, 0.577, 0.121, -0.248, -0.000, 25.73
0, 0, 0.000, -0.077, 0.000, 0.000, -0.487, 0.000, 0.000, 0.543, 0.031, -0.011, -0.000, 25.73
0, 0, 0.000, -0.088, 0.000, 0.000, -0.479, 0.000, 0.000, 0.513, -0.059, 0.113, -0.000, 25.72
0, 0, 0.000, -0.094, 0.000, 0.000, -0.416, 0.000, 0.000, 0.485, -0.148, 0.173, -0.000, 25.70
0, 0, 0.000, -0.090, 0.000, 0.000, -0.346, 0.000, 0.000, 0.459, -0.193, 0.170, 0.000, 25.69
0, 0, 0.000, -0.092, 0.000, 0.000, -0.261, 0.000, 0.000, 0.436, -0.283, 0.201, 0.000, 25.67
0, 0, 0.000, -0.098, 0.000, 0.000, -0.169, 0.000, 0.000, 0.414, -0.374, 0.228, 0.000, 25.64
0, 0, 0.000, -0.116, 0.000, 0.000, -0.066, 0.000, 0.000, 0.393, -0.465, 0.254, -0.000, 25.62
0, 0, 0.000, -0.088, 0.000, 0.000, -0.018, 0.000, 0.000, 0.374, -0.510, 0.243, 0.000, 25.59
0, 0, 0.000, -0.013, 0.000, 0.000, -0.018, 0.000, 0.000, 0.356, -0.603, 0.277, 0.000, 25.57
0, 0, 0.000, 0.012, 0.000, 0.000, 0.026, 0.000, 0.000, 0.339, -0.648, 0.272, 0.000, 25.54
1, 1, 0.000, 0.678, 0.000, 0.000, 2.372, 0.000, 0.000, 2.820, -8.453, 5.390, 2.808, 25.00
1, 0, 0.000, 0.778, 0.000, 0.000, 3.064, 0.000, 0.000, 2.959, -8.301, 1.500, -0.000, 24.85
1, 0, 0.000, 0.922, 0.000, 0.000, 2.976, 0.000, 0.000, 3.067, -7.130, 0.165, -0.000, 24.83
1, 0, 0.000, 1.178, 0.000, 0.000, 1.941, 0.000, 0.000, 3.159, -5.493, -0.783, -0.000, 24.91
1, 1, 0.000, 1.218, 0.000, 0.000, 0.952, 0.000, 0.000, 3.239, -3.324, -0.882, 1.204, 25.00
1, 1, 0.000, 0.580, 0.000, 0.000, 1.472, 0.000, 0.000, 3.312, -1.653, 0.000, 3.713, 25.00
1, 1, 0.000, 0.409, 0.000, 0.000, 1.535, 0.000, 0.000, 3.379, -0.549, 0.000, 4.774, 25.00
1, 1, 0.000, 0.272, 0.000, 0.000, 1.564, 0.000, 0.000, 3.441, 1.092, 0.000, 6.368, 25.00
0, 0, 0.000, 0.176, 0.000, 0.000, 1.328, 0.000, 0.000, 1.001, 0.158, -2.664, 0.000, 25.27
0, 0, 0.000, 0.086, 0.000, 0.000, 0.777, 0.000, 0.000, 0.902, 0.231, -1.995, 0.000, 25.47
0, 0, 0.000, 0.032, 0.000, 0.000, 0.288, 0.000, 0.000, 0.829, 0.220, -1.370, 0.000, 25.60
0, 0, 0.000, -0.006, 0.000, 0.000, -0.055, 0.000, 0.000, 0.771, 0.213, -0.922, -0.000, 25.70
0, 0, 0.000, -0.037, 0.000, 0.000, -0.300, 0.000, 0.000, 0.722, 0.164, -0.549, -0.000, 25.75
0, 0, 0.000, -0.071, 0.000, 0.000, -0.462, 0.000, 0.000, 0.679, 0.028, -0.174, -0.000, 25.77
0, 0, 0.000, -0.099, 0.000, 0.000, -0.532, 0.000, 0.000, 0.641, -0.062, 0.052, -0.000, 25.76
0, 0, 0.000, -0.117, 0.000, 0.000, -0.505, 0.000, 0.000, 0.606, -0.152, 0.168, 0.000, 25.75
0, 0, 0.000, -0.128, 0.000, 0.000, -0.424, 0.000, 0.000, 0.574, -0.242, 0.220, 0.000, 25.72
0, 0, 0.000, -0.142, 0.000, 0.000, -0.316, 0.000, 0.000, 0.544, -0.332, 0.246, 0.000, 25.70
0, 0, 0.000, -0.171, 0.000, 0.000, -0.188, 0.000, 0.000, 0.517, -0.423, 0.266, 0.000, 25.67
0, 0, 0.000, -0.242, 0.000, 0.000, -0.019, 0.000, 0.000, 0.491, -0.515, 0.284, -0.000, 25.64
0, 0, 0.000, -0.072, 0.000, 0.000, -0.093, 0.000, 0.000, 0.467, -0.607, 0.305, 0.000, 25.61
0, 0, 0.000, -0.026, 0.000, 0.000, -0.056, 0.000, 0.000, 0.444, -0.652, 0.289, 0.000, 25.58
0, 0, 0.000, 0.000, 0.000, 0.000, 0.001, 0.000, 0.000, 0.423, -0.745, 0.321, 0.000, 25.55
0, 0, 0.000, 0.014, 0.000, 0.000, 0.069, 0.000, 0.000, 0.402, -0.838, 0.353, -0.000, 25.52
1, 1, 0.000, 0.408, 0.000, 0.000, 2.490, 0.000, 0.000, 2.881, -10.790, 5.169, 0.157, 25.00
1, 0, 0.000, 0.597, 0.000, 0.000, 4.238, 0.000, 0.000, 3.017, -11.052, 3.201, 0.000, 24.68
1, 0, 0.000, 0.746, 0.000, 0.000, 4.826, 0.000, 0.000, 3.122, -9.767, 1.072, -0.000, 24.57
1, 0, 0.000, 0.914, 0.000, 0.000, 4.045, 0.000, 0.000, 3.211, -7.509, -0.662, -0.000, 24.64
1, 0, 0.000, 1.194, 0.000, 0.000, 2.450, 0.000, 0.000, 3.290, -5.376, -1.558, -0.000, 24.79
1, 0, 0.000, 1.939, 0.000, 0.000, 0.219, 0.000, 0.000, 3.361, -3.847, -1.671, -0.000, 24.96
1, 1, 0.000, 0.630, 0.000, 0.000, 1.053, 0.000, 0.000, 3.425, -2.208, -0.382, 2.519, 25.00
1, 1, 0.000, 0.354, 0.000, 0.000, 1.250, 0.000, 0.000, 3.485, -0.549, 0.000, 4.541, 25.00
0, 0, 0.000, 0.231, 0.000, 0.000, 1.127, 0.000, 0.000, 1.043, 0.025, -2.426, 0.000, 25.24
0, 0, 0.000, 0.115, 0.000, 0.000, 0.677, 0.000, 0.000, 0.941, 0.056, -1.790, -0.000, 25.42
0, 0, 0.000, 0.046, 0.000, 0.000, 0.268, 0.000, 0.000, 0.867, 0.046, -1.227, -0.000, 25.54
0, 0, 0.000, -0.001, 0.000, 0.000, -0.008, 0.000, 0.000, 0.807, 0.039, -0.838, 0.000, 25.63
0, 0, 0.000, -0.036, 0.000, 0.000, -0.180, 0.000, 0.000, 0.757, -0.010, -0.531, -0.000, 25.68
0, 0, 0.000, -0.060, 0.000, 0.000, -0.232, 0.000, 0.000, 0.712, -0.104, -0.317, 0.000, 25.71
0, 0, 0.000, -0.160, 0.000, 0.000, -0.341, 0.000, 0.000, 0.672, -0.240, 0.069, 0.000, 25.71
0, 0, 0.000, -0.231, 0.000, 0.000, -0.322, 0.000, 0.000, 0.636, -0.285, 0.201, -0.000, 25.69
0, 0, 0.000, -0.364, 0.000, 0.000, -0.134, 0.000, 0.000, 0.602, -0.375, 0.271, 0.000, 25.66
0, 0, 0.000, -0.376, 0.000, 0.000, -0.048, 0.000, 0.000, 0.571, -0.373, 0.226, 0.000, 25.64
0, 0, 0.000, -0.232, 0.000, 0.000, -0.113, 0.000, 0.000, 0.543, -0.418, 0.221, 0.000, 25.61
0, 0, 0.000, -0.102, 0.000, 0.000, -0.159, 0.000, 0.000, 0.516, -0.510, 0.255, 0.000, 25.59
0, 0, 0.000, -0.068, 0.000, 0.000, -0.125, 0.000, 0.000, 0.490, -0.508, 0.212, 0.000, 25.57
0, 0, 0.000, -0.038, 0.000, 0.000, -0.094, 0.000, 0.000, 0.467, -0.554, 0.219, 0.000, 25.55
0, 0, 0.000, -0.022, 0.000, 0.000, -0.061, 0.000, 0.000, 0.444, -0.552, 0.191, -0.000, 25.53
0, 0, 0.000, -0.008, 0.000, 0.000, -0.027, 0.000, 0.000, 0.423, -0.598, 0.210, -0.000, 25.51
1, 1, 0.000, 0.604, 0.000, 0.000, 2.238, 0.000, 0.000, 2.901, -6.724, 5.053, 4.071, 25.00
1, 0, 0.000, 0.613, 0.000, 0.000, 2.421, 0.000, 0.000, 3.035, -6.664, 0.595, 0.000, 24.94
1, 0, 0.000, 0.640, 0.000, 0.000, 2.281, 0.000, 0.000, 3.140, -6.089, 0.028, -0.000, 24.94
1, 0, 0.000, 0.627, 0.000, 0.000, 1.652, 0.000, 0.000, 3.228, -5.003, -0.506, 0.000, 24.99
1, 1, 0.000, 1.058, 0.000, 0.000, 1.056, 0.000, 0.000, 3.306, -3.324, -0.117, 1.979, 25.00
1, 1, 0.000, 1.430, 0.000, 0.000, 0.574, 0.000, 0.000, 3.376, -2.765, 0.000, 2.615, 25.00
1, 1, 0.000, 1.826, 0.000, 0.000, 0.071, 0.000, 0.000, 3.440, -2.208, 0.000, 3.129, 25.00
1, 1, 0.000, 0.909, 0.000, 0.000, 0.888, 0.000, 0.000, 3.499, -1.653, 0.000, 3.644, 25.00
0, 0, 0.000, 0.301, 0.000, 0.000, 0.742, 0.000, 0.000, 1.056, -0.062, -2.038, 0.000, 25.20
0, 0, 0.000, 0.118, 0.000, 0.000, 0.365, 0.000, 0.000, 0.954, -0.028, -1.410, 0.000, 25.34
0, 0, 0.000, 0.028, 0.000, 0.000, 0.091, 0.000, 0.000, 0.879, -0.036, -0.962, -0.000, 25.44
0, 0, 0.000, -0.041, 0.000, 0.000, -0.130, 0.000, 0.000, 0.819, -0.041, -0.608, 0.000, 25.50
0, 0, 0.000, -0.077, 0.000, 0.000, -0.251, 0.000, 0.000, 0.768, -0.044, -0.396, 0.000, 25.54
0, 0, 0.000, -0.102, 0.000, 0.000, -0.284, 0.000, 0.000, 0.723, -0.092, -0.245, -0.000, 25.57
0, 0, 0.000, -0.169, 0.000, 0.000, -0.357, 0.000, 0.000, 0.682, -0.137, -0.019, 0.000, 25.57
0, 0, 0.000, -0.218, 0.000, 0.000, -0.346, 0.000, 0.000, 0.645, -0.182, 0.100, -0.000, 25.56
0, 0, 0.000, -0.251, 0.000, 0.000, -0.281, 0.000, 0.000, 0.612, -0.227, 0.148, 0.000, 25.54
0, 0, 0.000, -0.388, 0.000, 0.000, -0.078, 0.000, 0.000, 0.580, -0.318, 0.204, 0.000, 25.52
0, 0, 0.000, -0.287, 0.000, 0.000, -0.108, 0.000, 0.000, 0.551, -0.362, 0.207, 0.000, 25.50
0, 0, 0.000, -0.165, 0.000, 0.000, -0.160, 0.000, 0.000, 0.524, -0.407, 0.209, -0.000, 25.48
0, 0, 0.000, -0.101, 0.000, 0.000, -0.159, 0.000, 0.000, 0.498, -0.452, 0.214, 0.000, 25.46
0, 0, 0.000, -0.062, 0.000, 0.000, -0.136, 0.000, 0.000, 0.474, -0.497, 0.222, -0.000, 25.44
0, 0, 0.000, -0.030, 0.000, 0.000, -0.100, 0.000, 0.000, 0.451, -0.590, 0.269, 0.000, 25.41
0, 0, 0.000, -0.013, 0.000, 0.000, -0.054, 0.000, 0.000, 0.430, -0.635, 0.272, 0.000, 25.38
1, 1, 0.000, 0.373, 0.000, 0.000, 1.778, 0.000, 0.000, 2.907, -7.875, 3.834, 1.018, 25.00
1, 0, 0.000, 0.502, 0.000, 0.000, 2.552, 0.000, 0.000, 3.041, -7.711, 1.616, -0.000, 24.84
1, 0, 0.000, 0.633, 0.000, 0.000, 2.628, 0.000, 0.000, 3.146, -6.547, 0.140, -0.000, 24.82
1, 0, 0.000, 0.752, 0.000, 0.000, 1.813, 0.000, 0.000, 3.234, -4.926, -0.873, 0.000, 24.91
1, 1, 0.000, 1.434, 0.000, 0.000, 0.272, 0.000, 0.000, 3.311, -2.765, -0.883, 1.370, 25.00
1, 1, 0.000, 0.371, 0.000, 0.000, 1.268, 0.000, 0.000, 3.381, 0.000, 0.000, 5.020, 25.00
1, 1, 0.000, 0.228, 0.000, 0.000, 1.320, 0.000, 0.000, 3.445, 1.634, 0.000, 6.627, 25.00
1, 1, 0.000, 0.161, 0.000, 0.000, 1.300, 0.000, 0.000, 3.504, 3.250, 0.000, 8.215, 25.00
0, 0, 0.000, 0.125, 0.000, 0.000, 1.278, 0.000, 0.000, 1.061, 0.378, -2.841, 0.000, 25.28
0, 0, 0.000, 0.056, 0.000, 0.000, 0.624, 0.000, 0.000, 0.958, 0.405, -2.044, 0.000, 25.49
0, 0, 0.000, 0.009, 0.000, 0.000, 0.106, 0.000, 0.000, 0.883, 0.437, -1.435, -0.000, 25.63
0, 0, 0.000, -0.014, 0.000, 0.000, -0.175, 0.000, 0.000, 0.823, 0.429, -1.062, -0.000, 25.74
0, 0, 0.000, -0.027, 0.000, 0.000, -0.314, 0.000, 0.000, 0.772, 0.379, -0.809, -0.000, 25.82
0, 0, 0.000, -0.051, 0.000, 0.000, -0.519, 0.000, 0.000, 0.726, 0.287, -0.443, 0.000, 25.86
0, 0, 0.000, -0.088, 0.000, 0.000, -0.748, 0.000, 0.000, 0.686, 0.154, -0.003, 0.000, 25.86
0, 0, 0.000, -0.103, 0.000, 0.000, -0.773, 0.000, 0.000, 0.649, 0.066, 0.161, -0.000, 25.85
0, 0, 0.000, -0.106, 0.000, 0.000, -0.700, 0.000, 0.000, 0.614, -0.022, 0.213, 0.000, 25.83
0, 0, 0.000, -0.106, 0.000, 0.000, -0.594, 0.000, 0.000, 0.583, -0.111, 0.228, 0.000, 25.80
0, 0, 0.000, -0.105, 0.000, 0.000, -0.482, 0.000, 0.000, 0.554, -0.200, 0.234, -0.000, 25.78
0, 0, 0.000, -0.106, 0.000, 0.000, -0.371, 0.000, 0.000, 0.526, -0.291, 0.241, -0.000, 25.76
0, 0, 0.000, -0.111, 0.000, 0.000, -0.261, 0.000, 0.000, 0.501, -0.381, 0.253, 0.000, 25.73
0, 0, 0.000, -0.126, 0.000, 0.000, -0.147, 0.000, 0.000, 0.476, -0.473, 0.269, -0.000, 25.70
0, 0, 0.000, -0.165, 0.000, 0.000, -0.013, 0.000, 0.000, 0.453, -0.564, 0.289, 0.000, 25.68
0, 0, 0.000, -0.036, 0.000, 0.000, -0.050, 0.000, 0.000, 0.432, -0.657, 0.311, -0.000, 25.64
1, 1, 0.000, 0.893, 0.000, 0.000, 2.398, 0.000, 0.000, 2.909, -8.453, 6.440, 4.187, 25.00
1, 0, 0.000, 0.879, 0.000, 0.000, 3.562, 0.000, 0.000, 3.043, -9.420, 1.936, -0.000, 24.81
1, 0, 0.000, 1.096, 0.000, 0.000, 3.323, 0.000, 0.000, 3.148, -7.668, 0.102, -0.000, 24.80
1, 0, 0.000, 1.595, 0.000, 0.000, 1.758, 0.000, 0.000, 3.236, -5.488, -1.101, 0.000, 24.91
1, 1, 0.000, 1.027, 0.000, 0.000, 1.277, 0.000, 0.000, 3.313, -3.324, -0.937, 1.356, 25.00
1, 1, 0.000, 0.504, 0.000, 0.000, 1.676, 0.000, 0.000, 3.383, -1.653, 0.000, 3.910, 25.00
1, 1, 0.000, 0.295, 0.000, 0.000, 1.759, 0.000, 0.000, 3.446, 0.547, 0.000, 6.048, 25.00
1, 1, 0.000, 0.215, 0.000, 0.000, 1.725, 0.000, 0.000, 3.505, 2.175, 0.000, 7.621, 25.00
0, 0, 0.000, 0.162, 0.000, 0.000, 1.543, 0.000, 0.000, 1.062, 0.244, -3.011, 0.000, 25.30
0, 0, 0.000, 0.084, 0.000, 0.000, 0.858, 0.000, 0.000, 0.960, 0.271, -2.173, 0.000, 25.52
0, 0, 0.000, 0.032, 0.000, 0.000, 0.341, 0.000, 0.000, 0.884, 0.259, -1.517, 0.000, 25.67
0, 0, 0.000, -0.001, 0.000, 0.000, -0.009, 0.000, 0.000, 0.824, 0.250, -1.064, -0.000, 25.78
0, 0, 0.000, -0.024, 0.000, 0.000, -0.221, 0.000, 0.000, 0.773, 0.156, -0.684, -0.000, 25.84
0, 0, 0.000, -0.049, 0.000, 0.000, -0.364, 0.000, 0.000, 0.727, 0.019, -0.334, -0.000, 25.88
0, 0, 0.000, -0.084, 0.000, 0.000, -0.551, 0.000, 0.000, 0.687, -0.026, -0.025, -0.000, 25.88
0, 0, 0.000, -0.104, 0.000, 0.000, -0.572, 0.000, 0.000, 0.650, -0.116, 0.143, 0.000, 25.87
0, 0, 0.000, -0.106, 0.000, 0.000, -0.521, 0.000, 0.000, 0.615, -0.160, 0.172, 0.000, 25.85
0, 0, 0.000, -0.103, 0.000, 0.000, -0.446, 0.000, 0.000, 0.584, -0.205, 0.170, 0.000, 25.83
0, 0, 0.000, -0.100, 0.000, 0.000, -0.368, 0.000, 0.000, 0.555, -0.249, 0.163, 0.000, 25.82
0, 0, 0.000, -0.105, 0.000, 0.000, -0.277, 0.000, 0.000, 0.527, -0.340, 0.195, -0.000, 25.80
0, 0, 0.000, -0.104, 0.000, 0.000, -0.200, 0.000, 0.000, 0.501, -0.385, 0.188, -0.000, 25.78
0, 0, 0.000, -0.105, 0.000, 0.000, -0.128, 0.000, 0.000, 0.477, -0.430, 0.186, -0.000, 25.76
0, 0, 0.000, -0.149, 0.000, 0.000, -0.010, 0.000, 0.000, 0.454, -0.522, 0.228, -0.000, 25.74
0, 0, 0.000, -0.054, 0.000, 0.000, -0.039, 0.000, 0.000, 0.432, -0.568, 0.227, 0.000, 25.71
1, 1, 0.000, 1.240, 0.000, 0.000, 2.405, 0.000, 0.000, 0.412, -0.603, 7.136, 10.591, 25.00
1, 1, 0.000, 0.889, 0.000, 0.000, 2.480, 0.000, 0.000, 0.393, -0.651, 0.000, 3.111, 25.00
1, 1, 0.000, 1.176, 0.000, 0.000, 1.971, 0.000, 0.000, 0.374, -0.508, 0.000, 3.013, 25.00
1, 1, 0.000, 1.245, 0.000, 0.000, 1.713, 0.000, 0.000, 0.357, -0.228, 0.000, 3.086, 25.00
1, 1, 0.000, 0.806, 0.000, 0.000, 1.986, 0.000, 0.000, 0.340, -0.137, 0.000, 2.995, 25.00
1, 1, 0.000, 0.564, 0.000, 0.000, 2.076, 0.000, 0.000, 0.324, -0.045, 0.000, 2.920, 25.00
1, 1, 0.000, 0.464, 0.000, 0.000, 2.039, 0.000, 0.000, 0.309, 0.000, 0.000, 2.812, 25.00
1, 1, 0.000, 0.375, 0.000, 0.000, 1.999, 0.000, 0.000, 0.295, 0.045, 0.000, 2.715, 25.00
0, 0, 0.000, 0.246, 0.000, 0.000, 1.744, 0.000, 0.000, 0.282, 0.116, -2.387, 0.000, 25.24
0, 0, 0.000, 0.157, 0.000, 0.000, 1.264, 0.000, 0.000, 0.269, 0.146, -1.835, 0.000, 25.42
0, 0, 0.000, 0.095, 0.000, 0.000, 0.816, 0.000, 0.000, 0.256, 0.179, -1.347, 0.000, 25.56
0, 0, 0.000, 0.059, 0.000, 0.000, 0.508, 0.000, 0.000, 0.244, 0.171, -0.982, 0.000, 25.66
0, 0, 0.000, 0.041, 0.000, 0.000, 0.333, 0.000, 0.000, 0.233, 0.121, -0.728, 0.000, 25.73
0, 0, 0.000, 0.032, 0.000, 0.000, 0.225, 0.000, 0.000, 0.222, 0.027, -0.507, -0.000, 25.78
0, 0, 0.000, -0.012, 0.000, 0.000, -0.074, 0.000, 0.000, 0.212, -0.019, -0.108, -0.000, 25.79
0, 0, 0.000, -0.033, 0.000, 0.000, -0.180, 0.000, 0.000, 0.202, -0.064, 0.074, 0.000, 25.78
0, 0, 0.000, -0.036, 0.000, 0.000, -0.180, 0.000, 0.000, 0.193, -0.108, 0.131, 0.000, 25.77
0, 0, 0.000, -0.032, 0.000, 0.000, -0.144, 0.000, 0.000, 0.184, -0.153, 0.144, 0.000, 25.75
0, 0, 0.000, -0.025, 0.000, 0.000, -0.107, 0.000, 0.000, 0.176, -0.152, 0.108, -0.000, 25.74
0, 0, 0.000, -0.017, 0.000, 0.000, -0.059, 0.000, 0.000, 0.168, -0.242, 0.151, -0.000, 25.73
0, 0, 0.000, -0.008, 0.000, 0.000, -0.025, 0.000, 0.000, 0.160, -0.241, 0.114, -0.000, 25.72
0, 0, 0.000, 0.000, 0.000, 0.000, -0.001, 0.000, 0.000, 0.152, -0.241, 0.089, 0.000, 25.71
0, 0, 0.000, 0.006, 0.000, 0.000, 0.017, 0.000, 0.000, 0.145, -0.240, 0.071, 0.000, 25.70
0, 0, 0.000, 0.011, 0.000, 0.000, 0.029, 0.000, 0.000, 0.139, -0.239, 0.061, -0.000, 25.70
1, 1, 0.000, 0.995, 0.000, 0.000, 2.581, 0.000, 0.000, 2.630, -2.208, 6.950, 10.949, 25.00
1, 1, 0.000, 0.949, 0.000, 0.000, 2.360, 0.000, 0.000, 2.778, -2.208, 0.000, 3.878, 25.00
1, 1, 0.000, 0.799, 0.000, 0.000, 2.291, 0.000, 0.000, 2.895, -1.653, 0.000, 4.332, 25.00
1, 1, 0.000, 0.656, 0.000, 0.000, 2.248, 0.000, 0.000, 2.994, -1.100, 0.000, 4.799, 25.00
1, 1, 0.000, 0.554, 0.000, 0.000, 2.185, 0.000, 0.000, 3.083, -0.549, 0.000, 5.272, 25.00
1, 1, 0.000, 0.514, 0.000, 0.000, 2.078, 0.000, 0.000, 3.163, -0.549, 0.000, 5.207, 25.00
1, 1, 0.000, 0.442, 0.000, 0.000, 2.011, 0.000, 0.000, 3.237, 0.000, 0.000, 5.690, 25.00
1, 1, 0.000, 0.411, 0.000, 0.000, 1.917, 0.000, 0.000, 3.306, 0.000, 0.000, 5.634, 25.00
0, 0, 0.000, 0.213, 0.000, 0.000, 1.022, 0.000, 0.000, 0.872, -0.017, -2.090, -0.000, 25.21
0, 0, 0.000, 0.095, 0.000, 0.000, 0.444, 0.000, 0.000, 0.778, -0.028, -1.289, -0.000, 25.34
0, 0, 0.000, 0.020, 0.000, 0.000, 0.089, 0.000, 0.000, 0.711, -0.034, -0.786, -0.000, 25.42
0, 0, 0.000, -0.021, 0.000, 0.000, -0.089, 0.000, 0.000, 0.659, -0.083, -0.466, 0.000, 25.46
0, 0, 0.000, -0.046, 0.000, 0.000, -0.197, 0.000, 0.000, 0.615, -0.085, -0.287, -0.000, 25.49
0, 0, 0.000, -0.063, 0.000, 0.000, -0.260, 0.000, 0.000, 0.577, -0.087, -0.167, 0.000, 25.51
0, 0, 0.000, -0.077, 0.000, 0.000, -0.282, 0.000, 0.000, 0.543, -0.133, -0.052, -0.000, 25.51
0, 0, 0.000, -0.080, 0.000, 0.000, -0.286, 0.000, 0.000, 0.513, -0.133, -0.014, 0.000, 25.52
0, 0, 0.000, -0.085, 0.000, 0.000, -0.264, 0.000, 0.000, 0.485, -0.178, 0.043, -0.000, 25.51
0, 0, 0.000, -0.082, 0.000, 0.000, -0.246, 0.000, 0.000, 0.459, -0.178, 0.046, -0.000, 25.51
0, 0, 0.000, -0.078, 0.000, 0.000, -0.228, 0.000, 0.000, 0.436, -0.178, 0.047, 0.000, 25.50
0, 0, 0.000, -0.074, 0.000, 0.000, -0.211, 0.000, 0.000, 0.414, -0.177, 0.048, -0.000, 25.50
0, 0, 0.000, -0.084, 0.000, 0.000, -0.163, 0.000, 0.000, 0.393, -0.268, 0.122, 0.000, 25.48
0, 0, 0.000, -0.087, 0.000, 0.000, -0.119, 0.000, 0.000, 0.374, -0.313, 0.145, -0.000, 25.47
0, 0, 0.000, -0.092, 0.000, 0.000, -0.070, 0.000, 0.000, 0.356, -0.358, 0.165, -0.000, 25.45
0, 0, 0.000, -0.105, 0.000, 0.000, -0.013, 0.000, 0.000, 0.339, -0.404, 0.182, -0.000, 25.44
1, 1, 0.000, 1.364, 0.000, 0.000, 1.304, 0.000, 0.000, 2.820, -5.582, 4.352, 4.258, 25.00
1, 0, 0.000, 0.992, 0.000, 0.000, 1.671, 0.000, 0.000, 2.959, -6.103, 0.482, 0.000, 24.95
1, 0, 0.000, 1.133, 0.000, 0.000, 1.085, 0.000, 0.000, 3.067, -4.995, -0.290, 0.000, 24.98
1, 1, 0.000, 1.363, 0.000, 0.000, 0.801, 0.000, 0.000, 3.159, -3.324, -0.192, 1.807, 25.00
1, 1, 0.000, 0.494, 0.000, 0.000, 1.568, 0.000, 0.000, 3.239, -1.100, 0.000, 4.202, 25.00
1, 1, 0.000, 0.292, 0.000, 0.000, 1.646, 0.000, 0.000, 3.312, 1.092, 0.000, 6.342, 25.00
1, 1, 0.000, 0.204, 0.000, 0.000, 1.622, 0.000, 0.000, 3.379, 2.714, 0.000, 7.919, 25.00
1, 1, 0.000, 0.172, 0.000, 0.000, 1.554, 0.000, 0.000, 3.441, 3.785, 0.000, 8.953, 25.00
0, 0, 0.000, 0.105, 0.000, 0.000, 1.034, 0.000, 0.000, 1.001, 0.337, -2.477, -0.000, 25.25
0, 0, 0.000, 0.047, 0.000, 0.000, 0.483, 0.000, 0.000, 0.902, 0.323, -1.754, -0.000, 25.42
0, 0, 0.000, 0.006, 0.000, 0.000, 0.059, 0.000, 0.000, 0.829, 0.313, -1.207, 0.000, 25.54
0, 0, 0.000, -0.025, 0.000, 0.000, -0.245, 0.000, 0.000, 0.771, 0.263, -0.765, 0.000, 25.62
0, 0, 0.000, -0.042, 0.000, 0.000, -0.401, 0.000, 0.000, 0.722, 0.215, -0.493, 0.000, 25.67
0, 0, 0.000, -0.060, 0.000, 0.000, -0.500, 0.000, 0.000, 0.679, 0.124, -0.244, -0.000, 25.69
0, 0, 0.000, -0.083, 0.000, 0.000, -0.604, 0.000, 0.000, 0.641, 0.034, 0.013, 0.000, 25.69
0, 0, 0.000, -0.091, 0.000, 0.000, -0.608, 0.000, 0.000, 0.606, -0.010, 0.104, -0.000, 25.68
0, 0, 0.000, -0.091, 0.000, 0.000, -0.559, 0.000, 0.000, 0.574, -0.055, 0.131, -0.000, 25.67
0, 0, 0.000, -0.088, 0.000, 0.000, -0.493, 0.000, 0.000, 0.544, -0.099, 0.136, 0.000, 25.66
0, 0, 0.000, -0.085, 0.000, 0.000, -0.425, 0.000, 0.000, 0.517, -0.143, 0.137, -0.000, 25.64
0, 0, 0.000, -0.081, 0.000, 0.000, -0.360, 0.000, 0.000, 0.491, -0.188, 0.139, 0.000, 25.63
0, 0, 0.000, -0.078, 0.000, 0.000, -0.299, 0.000, 0.000, 0.467, -0.233, 0.143, 0.000, 25.61
0, 0, 0.000, -0.082, 0.000, 0.000, -0.226, 0.000, 0.000, 0.444, -0.324, 0.188, 0.000, 25.59
0, 0, 0.000, -0.080, 0.000, 0.000, -0.164, 0.000, 0.000, 0.423, -0.369, 0.190, -0.000, 25.58
0, 0, 0.000, -0.079, 0.000, 0.000, -0.105, 0.000, 0.000, 0.402, -0.414, 0.195, 0.000, 25.56
1, 1, 0.000, 2.494, 0.000, 0.000, 0.469, 0.000, 0.000, 2.881, -5.582, 5.564, 5.826, 25.00
1, 0, 0.000, 1.794, 0.000, 0.000, 1.083, 0.000, 0.000, 3.017, -6.128, 0.234, 0.000, 24.98
1, 1, 0.000, 2.363, 0.000, 0.000, 0.095, 0.000, 0.000, 3.122, -5.014, -0.234, 0.333, 25.00
1, 1, 0.000, 0.801, 0.000, 0.000, 1.581, 0.000, 0.000, 3.211, -2.765, 0.000, 2.828, 25.00
1, 1, 0.000, 0.542, 0.000, 0.000, 1.699, 0.000, 0.000, 3.290, -1.653, 0.000, 3.878, 25.00
1, 1, 0.000, 0.345, 0.000, 0.000, 1.763, 0.000, 0.000, 3.361, 0.000, 0.000, 5.468, 25.00
1, 1, 0.000, 0.249, 0.000, 0.000, 1.735, 0.000, 0.000, 3.425, 1.634, 0.000, 7.044, 25.00
1, 1, 0.000, 0.212, 0.000, 0.000, 1.667, 0.000, 0.000, 3.485, 2.175, 0.000, 7.539, 25.00
0, 0, 0.000, 0.125, 0.000, 0.000, 1.177, 0.000, 0.000, 1.043, 0.248, -2.592, 0.000, 25.26
0, 0, 0.000, 0.056, 0.000, 0.000, 0.544, 0.000, 0.000, 0.941, 0.277, -1.818, 0.000, 25.44
0, 0, 0.000, 0.013, 0.000, 0.000, 0.133, 0.000, 0.000, 0.867, 0.267, -1.280, 0.000, 25.57
0, 0, 0.000, -0.017, 0.000, 0.000, -0.173, 0.000, 0.000, 0.807, 0.260, -0.877, -0.000, 25.66
0, 0, 0.000, -0.038, 0.000, 0.000, -0.369, 0.000, 0.000, 0.757, 0.211, -0.561, 0.000, 25.71
0, 0, 0.000, -0.064, 0.000, 0.000, -0.518, 0.000, 0.000, 0.712, 0.076, -0.206, -0.000, 25.73
0, 0, 0.000, -0.084, 0.000, 0.000, -0.617, 0.000, 0.000, 0.672, 0.031, -0.001, -0.000, 25.73
0, 0, 0.000, -0.094, 0.000, 0.000, -0.602, 0.000, 0.000, 0.636, -0.059, 0.119, -0.000, 25.72
0, 0, 0.000, -0.094, 0.000, 0.000, -0.545, 0.000, 0.000, 0.602, -0.103, 0.140, 0.000, 25.71
0, 0, 0.000, -0.096, 0.000, 0.000, -0.461, 0.000, 0.000, 0.571, -0.193, 0.179, 0.000, 25.69
0, 0, 0.000, -0.093, 0.000, 0.000, -0.384, 0.000, 0.000, 0.543, -0.238, 0.172, 0.000, 25.67
0, 0, 0.000, -0.090, 0.000, 0.000, -0.312, 0.000, 0.000, 0.516, -0.282, 0.169, 0.000, 25.66
0, 0, 0.000, -0.096, 0.000, 0.000, -0.228, 0.000, 0.000, 0.490, -0.373, 0.207, -0.000, 25.63
0, 0, 0.000, -0.096, 0.000, 0.000, -0.157, 0.000, 0.000, 0.467, -0.418, 0.205, 0.000, 25.61
0, 0, 0.000, -0.123, 0.000, 0.000, -0.056, 0.000, 0.000, 0.444, -0.510, 0.245, 0.000, 25.59
0, 0, 0.000, -0.083, 0.000, 0.000, -0.029, 0.000, 0.000, 0.423, -0.555, 0.244, -0.000, 25.57
1, 1, 0.000, 1.206, 0.000, 0.000, 1.915, 0.000, 0.000, 2.901, -7.298, 5.656, 4.379, 25.00
1, 0, 0.000, 1.047, 0.000, 0.000, 2.572, 0.000, 0.000, 3.035, -7.762, 1.108, -0.000, 24.89
1, 0, 0.000, 1.086, 0.000, 0.000, 2.556, 0.000, 0.000, 3.140, -7.149, 0.368, -0.000, 24.85
1, 0, 0.000, 2.394, 0.000, 0.000, 0.131, 0.000, 0.000, 3.228, -4.433, -1.321, -0.000, 24.98
1, 1, 0.000, 0.700, 0.000, 0.000, 1.570, 0.000, 0.000, 3.306, -2.208, -0.155, 3.213, 25.00
1, 1, 0.000, 0.506, 0.000, 0.000, 1.641, 0.000, 0.000, 3.376, -1.100, 0.000, 4.423, 25.00
1, 1, 0.000, 0.323, 0.000, 0.000, 1.702, 0.000, 0.000, 3.440, 0.547, 0.000, 6.012, 25.00
1, 1, 0.000, 0.283, 0.000, 0.000, 1.638, 0.000, 0.000, 3.499, 1.092, 0.000, 6.511, 25.00
0, 0, 0.000, 0.152, 0.000, 0.000, 0.993, 0.000, 0.000, 1.056, 0.116, -2.318, -0.000, 25.23
0, 0, 0.000, 0.069, 0.000, 0.000, 0.517, 0.000, 0.000, 0.954, 0.147, -1.688, 0.000, 25.40
0, 0, 0.000, 0.023, 0.000, 0.000, 0.192, 0.000, 0.000, 0.879, 0.182, -1.275, 0.000, 25.53
0, 0, 0.000, -0.001, 0.000, 0.000, -0.009, 0.000, 0.000, 0.819, 0.174, -0.983, -0.000, 25.63
0, 0, 0.000, -0.016, 0.000, 0.000, -0.139, 0.000, 0.000, 0.768, 0.167, -0.781, -0.000, 25.70
0, 0, 0.000, -0.047, 0.000, 0.000, -0.345, 0.000, 0.000, 0.723, 0.075, -0.405, -0.000, 25.75
0, 0, 0.000, -0.094, 0.000, 0.000, -0.537, 0.000, 0.000, 0.682, -0.061, 0.010, 0.000, 25.74
0, 0, 0.000, -0.118, 0.000, 0.000, -0.552, 0.000, 0.000, 0.645, -0.150, 0.175, 0.000, 25.73
0, 0, 0.000, -0.132, 0.000, 0.000, -0.479, 0.000, 0.000, 0.612, -0.240, 0.240, 0.000, 25.70
0, 0, 0.000, -0.163, 0.000, 0.000, -0.345, 0.000, 0.000, 0.580, -0.376, 0.304, -0.000, 25.67
0, 0, 0.000, -0.206, 0.000, 0.000, -0.191, 0.000, 0.000, 0.551, -0.467, 0.313, -0.000, 25.64
0, 0, 0.000, -0.161, 0.000, 0.000, -0.117, 0.000, 0.000, 0.524, -0.606, 0.361, -0.000, 25.60
0, 0, 0.000, -0.055, 0.000, 0.000, -0.112, 0.000, 0.000, 0.498, -0.698, 0.367, 0.000, 25.57
0, 0, 0.000, -0.014, 0.000, 0.000, -0.048, 0.000, 0.000, 0.474, -0.791, 0.380, -0.000, 25.53
0, 0, 0.000, 0.006, 0.000, 0.000, 0.030, 0.000, 0.000, 0.451, -0.884, 0.397, 0.000, 25.49
0, 0, 0.000, 0.018, 0.000, 0.000, 0.122, 0.000, 0.000, 0.430, -1.027, 0.456, -0.000, 25.44
1, 0, 0.000, 0.434, 0.000, 0.000, 3.539, 0.000, 0.000, 2.907, -12.992, 6.112, 0.000, 24.83
1, 0, 0.000, 0.596, 0.000, 0.000, 5.782, 0.000, 0.000, 3.041, -13.745, 4.326, 0.000, 24.40
1, 0, 0.000, 0.684, 0.000, 0.000, 6.729, 0.000, 0.000, 3.146, -12.902, 2.344, 0.000, 24.17
1, 0, 0.000, 0.752, 0.000, 0.000, 6.614, 0.000, 0.000, 3.234, -11.069, 0.469, 0.000, 24.12
1, 0, 0.000, 0.848, 0.000, 0.000, 5.722, 0.000, 0.000, 3.311, -8.828, -1.053, 0.000, 24.22
1, 0, 0.000, 0.958, 0.000, 0.000, 4.300, 0.000, 0.000, 3.381, -6.710, -1.928, 0.000, 24.42
1, 0, 0.000, 1.188, 0.000, 0.000, 2.365, 0.000, 0.000, 3.445, -4.664, -2.333, 0.000, 24.65
1, 0, 0.000, 1.798, 0.000, 0.000, 0.076, 0.000, 0.000, 3.504, -3.194, -2.184, -0.000, 24.87
0, 0, 0.000, 0.511, 0.000, 0.000, 0.990, 0.000, 0.000, 1.061, -0.146, -2.416, 0.000, 25.11
0, 0, 0.000, 0.222, 0.000, 0.000, 0.571, 0.000, 0.000, 0.958, -0.113, -1.638, -0.000, 25.27
0, 0, 0.000, 0.082, 0.000, 0.000, 0.198, 0.000, 0.000, 0.883, -0.122, -1.041, 0.000, 25.38
0, 0, 0.000, -0.002, 0.000, 0.000, -0.006, 0.000, 0.000, 0.823, -0.127, -0.687, 0.000, 25.45
0, 0, 0.000, -0.069, 0.000, 0.000, -0.077, 0.000, 0.000, 0.772, -0.222, -0.404, 0.000, 25.49
0, 0, 0.000, -0.175, 0.000, 0.000, -0.135, 0.000, 0.000, 0.726, -0.362, -0.055, 0.000, 25.49
0, 0, 0.000, -0.178, 0.000, 0.000, -0.297, 0.000, 0.000, 0.686, -0.407, 0.196, -0.000, 25.47
0, 0, 0.000, -0.144, 0.000, 0.000, -0.335, 0.000, 0.000, 0.649, -0.451, 0.282, 0.000, 25.45
0, 0, 0.000, -0.105, 0.000, 0.000, -0.310, 0.000, 0.000, 0.614, -0.496, 0.297, 0.000, 25.42
0, 0, 0.000, -0.073, 0.000, 0.000, -0.260, 0.000, 0.000, 0.583, -0.540, 0.290, 0.000, 25.39
0, 0, 0.000, -0.048, 0.000, 0.000, -0.202, 0.000, 0.000, 0.554, -0.585, 0.282, 0.000, 25.36
0, 0, 0.000, -0.029, 0.000, 0.000, -0.144, 0.000, 0.000, 0.526, -0.631, 0.277, -0.000, 25.33
0, 0, 0.000, -0.018, 0.000, 0.000, -0.094, 0.000, 0.000, 0.501, -0.629, 0.240, 0.000, 25.31
0, 0, 0.000, -0.010, 0.000, 0.000, -0.054, 0.000, 0.000, 0.476, -0.627, 0.215, 0.000, 25.29
0, 0, 0.000, -0.004, 0.000, 0.000, -0.023, 0.000, 0.000, 0.453, -0.625, 0.198, 0.000, 25.27
0, 0, 0.000, 0.001, 0.000, 0.000, 0.003, 0.000, 0.000, 0.432, -0.624, 0.188, 0.000, 25.25
1, 0, 0.000, 0.219, 0.000, 0.000, 1.309, 0.000, 0.000, 2.909, -7.262, 2.826, 0.000, 24.96
1, 0, 0.000, 0.348, 0.000, 0.000, 2.139, 0.000, 0.000, 3.043, -7.103, 1.574, 0.000, 24.81
1, 0, 0.000, 0.395, 0.000, 0.000, 2.126, 0.000, 0.000, 3.148, -5.931, 0.262, -0.000, 24.78
1, 0, 0.000, 0.390, 0.000, 0.000, 1.907, 0.000, 0.000, 3.236, -5.378, -0.155, 0.000, 24.80
1, 0, 0.000, 0.362, 0.000, 0.000, 1.576, 0.000, 0.000, 3.313, -4.850, -0.400, -0.000, 24.84
1, 0, 0.000, 0.338, 0.000, 0.000, 1.195, 0.000, 0.000, 3.383, -4.342, -0.573, -0.000, 24.89
1, 0, 0.000, 0.208, 0.000, 0.000, 0.509, 0.000, 0.000, 3.446, -3.304, -0.860, 0.000, 24.98
1, 1, 0.000, 0.284, 0.000, 0.000, 0.333, 0.000, 0.000, 3.505, -2.208, -0.202, 1.713, 25.00
0, 0, 0.000, 0.147, 0.000, 0.000, 0.071, 0.000, 0.000, 1.062, -0.146, -1.134, -0.000, 25.11
0, 0, 0.000, -0.085, 0.000, 0.000, -0.056, 0.000, 0.000, 0.960, -0.151, -0.667, -0.000, 25.18
0, 0, 0.000, -0.218, 0.000, 0.000, -0.030, 0.000, 0.000, 0.884, -0.155, -0.481, 0.000, 25.23
0, 0, 0.000, -0.314, 0.000, 0.000, -0.036, 0.000, 0.000, 0.824, -0.158, -0.316, 0.000, 25.26
0, 0, 0.000, -0.381, 0.000, 0.000, -0.064, 0.000, 0.000, 0.773, -0.159, -0.168, 0.000, 25.28
0, 0, 0.000, -0.309, 0.000, 0.000, -0.197, 0.000, 0.000, 0.727, -0.205, -0.016, -0.000, 25.28
0, 0, 0.000, -0.247, 0.000, 0.000, -0.287, 0.000, 0.000, 0.687, -0.250, 0.098, 0.000, 25.27
0, 0, 0.000, -0.165, 0.000, 0.000, -0.338, 0.000, 0.000, 0.650, -0.342, 0.196, -0.000, 25.25
0, 0, 0.000, -0.125, 0.000, 0.000, -0.321, 0.000, 0.000, 0.615, -0.386, 0.217, -0.000, 25.23
0, 0, 0.000, -0.093, 0.000, 0.000, -0.287, 0.000, 0.000, 0.584, -0.431, 0.228, 0.000, 25.20
0, 0, 0.000, -0.067, 0.000, 0.000, -0.247, 0.000, 0.000, 0.555, -0.476, 0.236, -0.000, 25.18
0, 0, 0.000, -0.048, 0.000, 0.000, -0.203, 0.000, 0.000, 0.527, -0.521, 0.245, 0.000, 25.16
0, 0, 0.000, -0.025, 0.000, 0.000, -0.145, 0.000, 0.000, 0.501, -0.661, 0.330, -0.000, 25.12
0, 0, 0.000, -0.011, 0.000, 0.000, -0.076, 0.000, 0.000, 0.477, -0.754, 0.364, 0.000, 25.09
0, 0, 0.000, 0.001, 0.000, 0.000, 0.007, 0.000, 0.000, 0.454, -0.895, 0.433, 0.000, 25.04
0, 0, 0.000, 0.009, 0.000, 0.000, 0.092, 0.000, 0.000, 0.432, -0.989, 0.455, 0.000, 25.00
1, 0, 0.000, 0.010, 0.000, 0.000, 0.115, 0.000, 0.000, 0.412, -1.132, 0.595, 0.000, 24.94
1, 0, 0.000, 0.021, 0.000, 0.000, 0.268, 0.000, 0.000, 0.393, -1.227, 0.546, 0.000, 24.88
1, 0, 0.000, 0.031, 0.000, 0.000, 0.391, 0.000, 0.000, 0.374, -1.124, 0.328, -0.000, 24.85
1, 0, 0.000, 0.069, 0.000, 0.000, 0.700, 0.000, 0.000, 0.357, -0.881, -0.245, 0.000, 24.88
1, 0, 0.000, 0.092, 0.000, 0.000, 0.670, 0.000, 0.000, 0.340, -0.644, -0.458, 0.000, 24.92
1, 0, 0.000, 0.088, 0.000, 0.000, 0.492, 0.000, 0.000, 0.324, -0.505, -0.399, -0.000, 24.96
1, 0, 0.000, 0.067, 0.000, 0.000, 0.287, 0.000, 0.000, 0.309, -0.413, -0.250, -0.000, 24.99
1, 1, 0.000, 0.072, 0.000, 0.000, 0.203, 0.000, 0.000, 0.295, -0.321, -0.134, 0.115, 25.00
0, 0, 0.000, 0.337, 0.000, 0.000, 0.412, 0.000, 0.000, 0.282, -0.235, -0.796, 0.000, 25.08
0, 0, 0.000, 0.389, 0.000, 0.000, 0.214, 0.000, 0.000, 0.269, -0.194, -0.677, 0.000, 25.15
0, 0, 0.000, 0.352, 0.000, 0.000, 0.090, 0.000, 0.000, 0.256, -0.153, -0.546, 0.000, 25.20
0, 0, 0.000, 0.171, 0.000, 0.000, 0.104, 0.000, 0.000, 0.244, -0.202, -0.318, 0.000, 25.23
0, 0, 0.000, 0.040, 0.000, 0.000, 0.093, 0.000, 0.000, 0.233, -0.340, -0.026, 0.000, 25.24
0, 0, 0.000, 0.006, 0.000, 0.000, 0.022, 0.000, 0.000, 0.222, -0.432, 0.182, 0.000, 25.22
0, 0, 0.000, -0.008, 0.000, 0.000, -0.041, 0.000, 0.000, 0.212, -0.523, 0.361, 0.000, 25.18
0, 0, 0.000, -0.003, 0.000, 0.000, -0.017, 0.000, 0.000, 0.202, -0.615, 0.432, -0.000, 25.14
0, 0, 0.000, 0.008, 0.000, 0.000, 0.053, 0.000, 0.000, 0.193, -0.706, 0.453, -0.000, 25.09
0, 0, 0.000, 0.017, 0.000, 0.000, 0.129, 0.000, 0.000, 0.184, -0.751, 0.421, 0.000, 25.05
0, 0, 0.000, 0.023, 0.000, 0.000, 0.210, 0.000, 0.000, 0.176, -0.844, 0.435, 0.000, 25.01
0, 0, 0.000, 0.029, 0.000, 0.000, 0.290, 0.000, 0.000, 0.168, -0.937, 0.451, -0.000, 24.96
0, 0, 0.000, 0.033, 0.000, 0.000, 0.359, 0.000, 0.000, 0.160, -0.982, 0.431, 0.000, 24.92
0, 0, 0.000, 0.035, 0.000, 0.000, 0.418, 0.000, 0.000, 0.152, -1.028, 0.422, -0.000, 24.88
0, 0, 0.000, 0.037, 0.000, 0.000, 0.470, 0.000, 0.000, 0.145, -1.074, 0.421, 0.000, 24.84
0, 0, 0.000, 0.038, 0.000, 0.000, 0.518, 0.000, 0.000, 0.139, -1.119, 0.425, -0.000, 24.79
1, 0, 0.000, 0.292, 0.000, 0.000, 4.079, 0.000, 0.000, 2.630, -12.937, 5.936, 0.000, 24.20
1, 0, 0.000, 0.411, 0.000, 0.000, 6.076, 0.000, 0.000, 2.778, -13.136, 3.872, -0.000, 23.81
1, 0, 0.000, 0.470, 0.000, 0.000, 6.880, 0.000, 0.000, 2.895, -12.322, 2.078, -0.000, 23.60
1, 0, 0.000, 0.500, 0.000, 0.000, 6.898, 0.000, 0.000, 2.994, -11.063, 0.671, -0.000, 23.54
1, 0, 0.000, 0.512, 0.000, 0.000, 6.286, 0.000, 0.000, 3.083, -9.350, -0.531, 0.000, 23.59
1, 0, 0.000, 0.495, 0.000, 0.000, 5.737, 0.000, 0.000, 3.163, -8.823, -0.573, 0.000, 23.65
1, 0, 0.000, 0.541, 0.000, 0.000, 4.650, 0.000, 0.000, 3.237, -6.682, -1.745, 0.000, 23.82
1, 0, 0.000, 0.562, 0.000, 0.000, 3.233, 0.000, 0.000, 3.306, -4.646, -2.455, 0.000, 24.07
0, 0, 0.000, 0.279, 0.000, 0.000, 1.856, 0.000, 0.000, 0.872, -0.405, -2.601, 0.000, 24.33
0, 0, 0.000, 0.131, 0.000, 0.000, 0.918, 0.000, 0.000, 0.778, -0.417, -1.410, 0.000, 24.47
0, 0, 0.000, 0.047, 0.000, 0.000, 0.376, 0.000, 0.000, 0.711, -0.516, -0.618, 0.000, 24.53
0, 0, 0.000, 0.010, 0.000, 0.000, 0.091, 0.000, 0.000, 0.659, -0.565, -0.195, 0.000, 24.55
0, 0, 0.000, -0.006, 0.000, 0.000, -0.057, 0.000, 0.000, 0.615, -0.660, 0.108, -0.000, 24.54
0, 0, 0.000, -0.008, 0.000, 0.000, -0.086, 0.000, 0.000, 0.577, -0.754, 0.271, -0.000, 24.51
0, 0, 0.000, -0.006, 0.000, 0.000, -0.068, 0.000, 0.000, 0.543, -0.799, 0.330, 0.000, 24.48
0, 0, 0.000, -0.003, 0.000, 0.000, -0.032, 0.000, 0.000, 0.513, -0.796, 0.318, 0.000, 24.45
0, 0, 0.000, 0.001, 0.000, 0.000, 0.016, 0.000, 0.000, 0.485, -0.842, 0.339, 0.000, 24.41
0, 0, 0.000, 0.005, 0.000, 0.000, 0.059, 0.000, 0.000, 0.459, -0.839, 0.316, 0.000, 24.38
0, 0, 0.000, 0.008, 0.000, 0.000, 0.104, 0.000, 0.000, 0.436, -0.885, 0.338, -0.000, 24.35
0, 0, 0.000, 0.010, 0.000, 0.000, 0.140, 0.000, 0.000, 0.414, -0.882, 0.318, -0.000, 24.32
0, 0, 0.000, 0.013, 0.000, 0.000, 0.178, 0.000, 0.000, 0.393, -0.928, 0.344, -0.000, 24.28
0, 0, 0.000, 0.015, 0.000, 0.000, 0.218, 0.000, 0.000, 0.374, -0.974, 0.367, 0.000, 24.25
0, 0, 0.000, 0.017, 0.000, 0.000, 0.260, 0.000, 0.000, 0.356, -1.020, 0.387, -0.000, 24.21
0, 0, 0.000, 0.019, 0.000, 0.000, 0.293, 0.000, 0.000, 0.339, -1.017, 0.366, 0.000, 24.17
1, 0, 0.000, 0.227, 0.000, 0.000, 3.699, 0.000, 0.000, 2.820, -12.330, 5.584, 0.000, 23.61
1, 0, 0.000, 0.329, 0.000, 0.000, 5.605, 0.000, 0.000, 2.959, -12.550, 3.657, -0.000, 23.25
1, 0, 0.000, 0.378, 0.000, 0.000, 6.353, 0.000, 0.000, 3.067, -11.751, 1.953, 0.000, 23.05
1, 0, 0.000, 0.399, 0.000, 0.000, 6.342, 0.000, 0.000, 3.159, -10.501, 0.601, 0.000, 22.99
1, 0, 0.000, 0.395, 0.000, 0.000, 5.898, 0.000, 0.000, 3.239, -9.342, -0.191, 0.000, 23.01
1, 0, 0.000, 0.376, 0.000, 0.000, 5.417, 0.000, 0.000, 3.312, -8.788, -0.318, 0.000, 23.04
1, 0, 0.000, 0.366, 0.000, 0.000, 4.972, 0.000, 0.000, 3.379, -8.252, -0.466, 0.000, 23.09
1, 0, 0.000, 0.343, 0.000, 0.000, 4.291, 0.000, 0.000, 3.441, -7.182, -0.893, 0.000, 23.18
0, 0, 0.000, 0.184, 0.000, 0.000, 2.295, 0.000, 0.000, 1.001, -0.617, -2.863, 0.000, 23.46
0, 0, 0.000, 0.096, 0.000, 0.000, 1.193, 0.000, 0.000, 0.902, -0.630, -1.559, 0.000, 23.62
0, 0, 0.000, 0.045, 0.000, 0.000, 0.563, 0.000, 0.000, 0.829, -0.637, -0.799, -0.000, 23.70
0, 0, 0.000, 0.020, 0.000, 0.000, 0.253, 0.000, 0.000, 0.771, -0.688, -0.356, 0.000, 23.74
0, 0, 0.000, 0.003, 0.000, 0.000, 0.045, 0.000, 0.000, 0.722, -0.737, -0.034, -0.000, 23.74
0, 0, 0.000, -0.004, 0.000, 0.000, -0.063, 0.000, 0.000, 0.679, -0.783, 0.172, -0.000, 23.72
0, 0, 0.000, -0.006, 0.000, 0.000, -0.087, 0.000, 0.000, 0.641, -0.830, 0.282, 0.000, 23.69
0, 0, 0.000, -0.004, 0.000, 0.000, -0.064, 0.000, 0.000, 0.606, -0.875, 0.338, -0.000, 23.66
0, 0, 0.000, -0.001, 0.000, 0.000, -0.022, 0.000, 0.000, 0.574, -0.921, 0.370, -0.000, 23.62
0, 0, 0.000, 0.002, 0.000, 0.000, 0.029, 0.000, 0.000, 0.544, -0.967, 0.392, 0.000, 23.58
0, 0, 0.000, 0.005, 0.000, 0.000, 0.082, 0.000, 0.000, 0.517, -1.013, 0.410, -0.000, 23.54
0, 0, 0.000, 0.007, 0.000, 0.000, 0.125, 0.000, 0.000, 0.491, -1.009, 0.386, -0.000, 23.50
0, 0, 0.000, 0.009, 0.000, 0.000, 0.170, 0.000, 0.000, 0.467, -1.055, 0.409, -0.000, 23.46
0, 0, 0.000, 0.011, 0.000, 0.000, 0.216, 0.000, 0.000, 0.444, -1.101, 0.430, -0.000, 23.42
0, 0, 0.000, 0.013, 0.000, 0.000, 0.262, 0.000, 0.000, 0.423, -1.147, 0.449, 0.000, 23.37
0, 0, 0.000, 0.015, 0.000, 0.000, 0.309, 0.000, 0.000, 0.402, -1.193, 0.466, 0.000, 23.33
1, 0, 0.000, 0.214, 0.000, 0.000, 4.491, 0.000, 0.000, 2.881, -14.346, 6.760, -0.000, 22.65
1, 0, 0.000, 0.316, 0.000, 0.000, 7.008, 0.000, 0.000, 3.017, -15.071, 4.731, -0.000, 22.18
1, 0, 0.000, 0.362, 0.000, 0.000, 7.462, 0.000, 0.000, 3.122, -12.485, 1.540, -0.000, 22.03
1, 0, 0.000, 0.379, 0.000, 0.000, 7.205, 0.000, 0.000, 3.211, -10.702, -0.093, -0.000, 22.03
1, 0, 0.000, 0.373, 0.000, 0.000, 6.202, 0.000, 0.000, 3.290, -8.484, -1.381, 0.000, 22.17
1, 0, 0.000, 0.336, 0.000, 0.000, 4.974, 0.000, 0.000, 3.361, -6.917, -1.754, 0.000, 22.35
1, 0, 0.000, 0.286, 0.000, 0.000, 3.883, 0.000, 0.000, 3.425, -5.932, -1.662, 0.000, 22.51
1, 0, 0.000, 0.241, 0.000, 0.000, 2.900, 0.000, 0.000, 3.485, -4.955, -1.670, -0.000, 22.68
0, 0, 0.000, 0.150, 0.000, 0.000, 1.639, 0.000, 0.000, 1.043, -0.383, -2.449, 0.000, 22.93
0, 0, 0.000, 0.081, 0.000, 0.000, 0.815, 0.000, 0.000, 0.941, -0.348, -1.489, 0.000, 23.07
0, 0, 0.000, 0.035, 0.000, 0.000, 0.326, 0.000, 0.000, 0.867, -0.309, -0.919, 0.000, 23.17
0, 0, 0.000, 0.006, 0.000, 0.000, 0.058, 0.000, 0.000, 0.807, -0.360, -0.512, -0.000, 23.22
0, 0, 0.000, -0.010, 0.000, 0.000, -0.100, 0.000, 0.000, 0.757, -0.409, -0.239, 0.000, 23.24
0, 0, 0.000, -0.021, 0.000, 0.000, -0.259, 0.000, 0.000, 0.712, -0.550, 0.118, -0.000, 23.23
0, 0, 0.000, -0.029, 0.000, 0.000, -0.371, 0.000, 0.000, 0.672, -0.595, 0.323, 0.000, 23.20
0, 0, 0.000, -0.026, 0.000, 0.000, -0.354, 0.000, 0.000, 0.636, -0.687, 0.431, -0.000, 23.15
0, 0, 0.000, -0.020, 0.000, 0.000, -0.286, 0.000, 0.000, 0.602, -0.732, 0.435, -0.000, 23.11
0, 0, 0.000, -0.013, 0.000, 0.000, -0.197, 0.000, 0.000, 0.571, -0.825, 0.463, 0.000, 23.06
0, 0, 0.000, -0.007, 0.000, 0.000, -0.111, 0.000, 0.000, 0.543, -0.870, 0.445, -0.000, 23.02
0, 0, 0.000, -0.001, 0.000, 0.000, -0.023, 0.000, 0.000, 0.516, -0.964, 0.473, -0.000, 22.97
0, 0, 0.000, 0.003, 0.000, 0.000, 0.056, 0.000, 0.000, 0.490, -1.010, 0.460, 0.000, 22.93
0, 0, 0.000, 0.007, 0.000, 0.000, 0.126, 0.000, 0.000, 0.467, -1.055, 0.456, 0.000, 22.88
0, 0, 0.000, 0.010, 0.000, 0.000, 0.189, 0.000, 0.000, 0.444, -1.101, 0.458, 0.000, 22.84
0, 0, 0.000, 0.012, 0.000, 0.000, 0.248, 0.000, 0.000, 0.423, -1.147, 0.464, 0.000, 22.79
1, 0, 0.000, 0.205, 0.000, 0.000, 4.240, 0.000, 0.000, 2.901, -13.815, 6.469, 0.000, 22.14
1, 0, 0.000, 0.300, 0.000, 0.000, 6.448, 0.000, 0.000, 3.035, -13.984, 4.201, 0.000, 21.72
1, 0, 0.000, 0.346, 0.000, 0.000, 7.362, 0.000, 0.000, 3.140, -13.138, 2.290, -0.000, 21.49
1, 0, 0.000, 0.369, 0.000, 0.000, 7.136, 0.000, 0.000, 3.228, -10.737, 0.003, -0.000, 21.49
1, 0, 0.000, 0.356, 0.000, 0.000, 6.304, 0.000, 0.000, 3.306, -9.054, -0.911, 0.000, 21.58
1, 0, 0.000, 0.331, 0.000, 0.000, 5.424, 0.000, 0.000, 3.376, -7.997, -1.133, -0.000, 21.70
1, 0, 0.000, 0.306, 0.000, 0.000, 4.182, 0.000, 0.000, 3.440, -5.885, -2.043, 0.000, 21.90
1, 0, 0.000, 0.261, 0.000, 0.000, 2.933, 0.000, 0.000, 3.499, -4.399, -2.294, -0.000, 22.13
0, 0, 0.000, 0.192, 0.000, 0.000, 1.810, 0.000, 0.000, 1.056, -0.246, -2.812, 0.000, 22.41
0, 0, 0.000, 0.105, 0.000, 0.000, 0.890, 0.000, 0.000, 0.954, -0.214, -1.734, 0.000, 22.59
0, 0, 0.000, 0.032, 0.000, 0.000, 0.280, 0.000, 0.000, 0.879, -0.222, -0.969, 0.000, 22.68
0, 0, 0.000, -0.002, 0.000, 0.000, -0.021, 0.000, 0.000, 0.819, -0.273, -0.523, 0.000, 22.73
0, 0, 0.000, -0.025, 0.000, 0.000, -0.265, 0.000, 0.000, 0.768, -0.368, -0.110, -0.000, 22.75
0, 0, 0.000, -0.032, 0.000, 0.000, -0.387, 0.000, 0.000, 0.723, -0.508, 0.204, 0.000, 22.73
0, 0, 0.000, -0.034, 0.000, 0.000, -0.431, 0.000, 0.000, 0.682, -0.553, 0.335, -0.000, 22.69
0, 0, 0.000, -0.032, 0.000, 0.000, -0.404, 0.000, 0.000, 0.645, -0.550, 0.340, 0.000, 22.66
0, 0, 0.000, -0.027, 0.000, 0.000, -0.349, 0.000, 0.000, 0.612, -0.547, 0.311, -0.000, 22.63
0, 0, 0.000, -0.021, 0.000, 0.000, -0.284, 0.000, 0.000, 0.580, -0.592, 0.317, 0.000, 22.60
0, 0, 0.000, -0.016, 0.000, 0.000, -0.218, 0.000, 0.000, 0.551, -0.637, 0.321, -0.000, 22.56
0, 0, 0.000, -0.012, 0.000, 0.000, -0.164, 0.000, 0.000, 0.524, -0.635, 0.287, -0.000, 22.53
0, 0, 0.000, -0.009, 0.000, 0.000, -0.120, 0.000, 0.000, 0.498, -0.633, 0.263, 0.000, 22.51
0, 0, 0.000, -0.006, 0.000, 0.000, -0.084, 0.000, 0.000, 0.474, -0.631, 0.247, -0.000, 22.48
0, 0, 0.000, -0.004, 0.000, 0.000, -0.056, 0.000, 0.000, 0.451, -0.629, 0.237, 0.000, 22.46
0, 0, 0.000, -0.002, 0.000, 0.000, -0.022, 0.000, 0.000, 0.430, -0.675, 0.269, 0.000, 22.43
1, 0, 0.000, 0.125, 0.000, 0.000, 1.824, 0.000, 0.000, 2.907, -7.859, 3.003, 0.000, 22.13
1, 0, 0.000, 0.185, 0.000, 0.000, 2.714, 0.000, 0.000, 3.041, -7.681, 1.740, -0.000, 21.96
1, 0, 0.000, 0.194, 0.000, 0.000, 2.571, 0.000, 0.000, 3.146, -5.940, 0.029, -0.000, 21.96
1, 0, 0.000, 0.177, 0.000, 0.000, 1.925, 0.000, 0.000, 3.234, -3.807, -1.529, -0.000, 22.11
1, 0, 0.000, 0.088, 0.000, 0.000, 0.661, 0.000, 0.000, 3.311, -1.275, -2.786, 0.000, 22.39
1, 0, 0.000, -0.156, 0.000, 0.000, -0.746, 0.000, 0.000, 3.381, 0.630, -3.109, 0.000, 22.70
1, 0, 0.000, -0.871, 0.000, 0.000, -1.718, 0.000, 0.000, 3.445, 2.484, -3.340, -0.000, 23.03
1, 0, 0.000, -3.754, 0.000, 0.000, -0.132, 0.000, 0.000, 3.504, 3.280, -2.898, -0.000, 23.32
0, 0, 0.000, -0.842, 0.000, 0.000, -1.383, 0.000, 0.000, 1.061, 0.366, 0.799, 0.000, 23.24
0, 0, 0.000, -0.472, 0.000, 0.000, -1.200, 0.000, 0.000, 0.958, 0.413, 0.301, 0.000, 23.21
0, 0, 0.000, -0.315, 0.000, 0.000, -1.048, 0.000, 0.000, 0.883, 0.413, 0.067, -0.000, 23.20
0, 0, 0.000, -0.246, 0.000, 0.000, -0.895, 0.000, 0.000, 0.823, 0.412, -0.095, 0.000, 23.21
0, 0, 0.000, -0.291, 0.000, 0.000, -0.750, 0.000, 0.000, 0.772, 0.324, -0.055, 0.000, 23.22
0, 0, 0.000, -0.559, 0.000, 0.000, -0.549, 0.000, 0.000, 0.726, 0.191, 0.191, 0.000, 23.20
0, 0, 0.000, -1.027, 0.000, 0.000, -0.091, 0.000, 0.000, 0.686, 0.104, 0.328, 0.000, 23.17
0, 0, 0.000, -0.598, 0.000, 0.000, -0.417, 0.000, 0.000, 0.649, 0.016, 0.349, 0.000, 23.13
0, 0, 0.000, -0.346, 0.000, 0.000, -0.531, 0.000, 0.000, 0.614, -0.072, 0.334, -0.000, 23.10
0, 0, 0.000, -0.247, 0.000, 0.000, -0.498, 0.000, 0.000, 0.583, -0.116, 0.278, -0.000, 23.07
0, 0, 0.000, -0.158, 0.000, 0.000, -0.464, 0.000, 0.000, 0.554, -0.206, 0.274, 0.000, 23.04
0, 0, 0.000, -0.103, 0.000, 0.000, -0.404, 0.000, 0.000, 0.526, -0.297, 0.278, 0.000, 23.02
0, 0, 0.000, -0.067, 0.000, 0.000, -0.333, 0.000, 0.000, 0.501, -0.388, 0.288, 0.000, 22.99
0, 0, 0.000, -0.042, 0.000, 0.000, -0.257, 0.000, 0.000, 0.476, -0.480, 0.303, -0.000, 22.96
0, 0, 0.000, -0.025, 0.000, 0.000, -0.178, 0.000, 0.000, 0.453, -0.572, 0.322, -0.000, 22.93
0, 0, 0.000, -0.012, 0.000, 0.000, -0.098, 0.000, 0.000, 0.432, -0.665, 0.343, -0.000, 22.89
1, 0, 0.000, 0.210, 0.000, 0.000, 2.033, 0.000, 0.000, 2.909, -8.842, 3.689, 0.000, 22.52
1, 0, 0.000, 0.321, 0.000, 0.000, 3.517, 0.000, 0.000, 3.043, -9.727, 2.846, -0.000, 22.24
1, 0, 0.000, 0.372, 0.000, 0.000, 3.881, 0.000, 0.000, 3.148, -8.444, 1.043, 0.000, 22.13
1, 0, 0.000, 0.414, 0.000, 0.000, 3.297, 0.000, 0.000, 3.236, -5.675, -1.273, 0.000, 22.26
1, 0, 0.000, 0.378, 0.000, 0.000, 2.125, 0.000, 0.000, 3.313, -3.616, -2.200, -0.000, 22.48
1, 0, 0.000, 0.264, 0.000, 0.000, 0.759, 0.000, 0.000, 3.383, -1.644, -2.762, -0.000, 22.76
1, 0, 0.000, -0.427, 0.000, 0.000, -0.180, 0.000, 0.000, 3.446, 0.264, -3.104, 0.000, 23.07
1, 0, 0.000, -0.925, 0.000, 0.000, -1.005, 0.000, 0.000, 3.505, 1.097, -2.672, 0.000, 23.33
0, 0, 0.000, -0.239, 0.000, 0.000, -0.683, 0.000, 0.000, 1.062, 0.178, -0.318, -0.000, 23.37
0, 0, 0.000, -0.184, 0.000, 0.000, -0.641, 0.000, 0.000, 0.960, 0.220, -0.354, 0.000, 23.40
0, 0, 0.000, -0.179, 0.000, 0.000, -0.647, 0.000, 0.000, 0.884, 0.218, -0.276, 0.000, 23.43
0, 0, 0.000, -0.215, 0.000, 0.000, -0.624, 0.000, 0.000, 0.824, 0.172, -0.157, 0.000, 23.44
0, 0, 0.000, -0.381, 0.000, 0.000, -0.487, 0.000, 0.000, 0.773, 0.037, 0.059, 0.000, 23.44
0, 0, 0.000, -0.811, 0.000, 0.000, -0.079, 0.000, 0.000, 0.727, -0.053, 0.215, 0.000, 23.42
0, 0, 0.000, -0.431, 0.000, 0.000, -0.422, 0.000, 0.000, 0.687, -0.142, 0.308, 0.000, 23.39
0, 0, 0.000, -0.251, 0.000, 0.000, -0.499, 0.000, 0.000, 0.650, -0.231, 0.332, -0.000, 23.35
0, 0, 0.000, -0.175, 0.000, 0.000, -0.455, 0.000, 0.000, 0.615, -0.275, 0.291, 0.000, 23.32
0, 0, 0.000, -0.110, 0.000, 0.000, -0.400, 0.000, 0.000, 0.584, -0.366, 0.292, -0.000, 23.30
0, 0, 0.000, -0.076, 0.000, 0.000, -0.327, 0.000, 0.000, 0.555, -0.411, 0.260, -0.000, 23.27
0, 0, 0.000, -0.047, 0.000, 0.000, -0.254, 0.000, 0.000, 0.527, -0.503, 0.278, 0.000, 23.24
0, 0, 0.000, -0.030, 0.000, 0.000, -0.183, 0.000, 0.000, 0.501, -0.549, 0.261, -0.000, 23.22
0, 0, 0.000, -0.015, 0.000, 0.000, -0.111, 0.000, 0.000, 0.477, -0.642, 0.291, -0.000, 23.19
0, 0, 0.000, -0.005, 0.000, 0.000, -0.044, 0.000, 0.000, 0.454, -0.688, 0.283, -0.000, 23.16
0, 0, 0.000, 0.002, 0.000, 0.000, 0.017, 0.000, 0.000, 0.432, -0.734, 0.282, 0.000, 23.13
1, 0, 0.000, 0.008, 0.000, 0.000, 0.074, 0.000, 0.000, 0.412, -0.780, 0.286, 0.000, 23.10
1, 0, 0.000, 0.012, 0.000, 0.000, 0.127, 0.000, 0.000, 0.393, -0.826, 0.294, 0.000, 23.07
1, 0, 0.000, 0.019, 0.000, 0.000, 0.192, 0.000, 0.000, 0.374, -0.727, 0.142, 0.000, 23.06
1, 0, 0.000, 0.036, 0.000, 0.000, 0.314, 0.000, 0.000, 0.357, -0.584, -0.123, 0.000, 23.07
1, 0, 0.000, 0.063, 0.000, 0.000, 0.398, 0.000, 0.000, 0.340, -0.398, -0.403, 0.000, 23.11
1, 0, 0.000, 0.096, 0.000, 0.000, 0.377, 0.000, 0.000, 0.324, -0.216, -0.581, -0.000, 23.17
1, 0, 0.000, 0.142, 0.000, 0.000, 0.284, 0.000, 0.000, 0.309, -0.083, -0.653, -0.000, 23.23
1, 0, 0.000, 0.229, 0.000, 0.000, 0.121, 0.000, 0.000, 0.295, 0.003, -0.648, -0.000, 23.30
0, 0, 0.000, 0.259, 0.000, 0.000, 0.297, 0.000, 0.000, 0.282, 0.086, -0.923, 0.000, 23.39
0, 0, 0.000, 0.098, 0.000, 0.000, 0.222, 0.000, 0.000, 0.269, 0.170, -0.758, -0.000, 23.47
0, 0, 0.000, 0.035, 0.000, 0.000, 0.089, 0.000, 0.000, 0.256, 0.165, -0.545, -0.000, 23.52
0, 0, 0.000, 0.018, 0.000, 0.000, 0.051, 0.000, 0.000, 0.244, 0.162, -0.475, -0.000, 23.57
0, 0, 0.000, 0.030, 0.000, 0.000, 0.066, 0.000, 0.000, 0.233, 0.113, -0.442, 0.000, 23.61
0, 0, 0.000, 0.002, 0.000, 0.000, 0.002, 0.000, 0.000, 0.222, 0.021, -0.246, 0.000, 23.64
0, 0, 0.000, -0.164, 0.000, 0.000, -0.101, 0.000, 0.000, 0.212, -0.115, 0.168, 0.000, 23.62
0, 0, 0.000, -0.095, 0.000, 0.000, -0.194, 0.000, 0.000, 0.202, -0.251, 0.338, 0.000, 23.59
0, 0, 0.000, -0.052, 0.000, 0.000, -0.162, 0.000, 0.000, 0.193, -0.341, 0.362, -0.000, 23.55
0, 0, 0.000, -0.018, 0.000, 0.000, -0.082, 0.000, 0.000, 0.184, -0.479, 0.394, 0.000, 23.51
0, 0, 0.000, 0.003, 0.000, 0.000, 0.022, 0.000, 0.000, 0.176, -0.618, 0.417, -0.000, 23.47
0, 0, 0.000, 0.016, 0.000, 0.000, 0.124, 0.000, 0.000, 0.168, -0.710, 0.403, 0.000, 23.43
0, 0, 0.000, 0.025, 0.000, 0.000, 0.230, 0.000, 0.000, 0.160, -0.852, 0.438, 0.000, 23.39
0, 0, 0.000, 0.030, 0.000, 0.000, 0.337, 0.000, 0.000, 0.152, -0.995, 0.475, 0.000, 23.34
0, 0, 0.000, 0.035, 0.000, 0.000, 0.435, 0.000, 0.000, 0.145, -1.090, 0.475, 0.000, 23.29
0, 0, 0.000, 0.037, 0.000, 0.000, 0.537, 0.000, 0.000, 0.139, -1.236, 0.523, 0.000, 23.24
1, 0, 0.000, 0.317, 0.000, 0.000, 5.213, 0.000, 0.000, 2.630, -15.974, 7.815, -0.000, 22.46
1, 0, 0.000, 0.446, 0.000, 0.000, 8.259, 0.000, 0.000, 2.778, -17.223, 5.740, 0.000, 21.88
1, 0, 0.000, 0.515, 0.000, 0.000, 9.417, 0.000, 0.000, 2.895, -15.686, 2.859, -0.000, 21.60
1, 0, 0.000, 0.560, 0.000, 0.000, 9.584, 0.000, 0.000, 2.994, -13.785, 0.647, 0.000, 21.53
1, 0, 0.000, 0.578, 0.000, 0.000, 8.734, 0.000, 0.000, 3.083, -11.470, -0.924, 0.000, 21.62
1, 0, 0.000, 0.560, 0.000, 0.000, 7.559, 0.000, 0.000, 3.163, -9.835, -1.447, -0.000, 21.77
1, 0, 0.000, 0.543, 0.000, 0.000, 6.300, 0.000, 0.000, 3.237, -8.258, -1.822, 0.000, 21.95
1, 0, 0.000, 0.523, 0.000, 0.000, 4.995, 0.000, 0.000, 3.306, -6.727, -2.098, 0.000, 22.16
0, 0, 0.000, 0.402, 0.000, 0.000, 3.301, 0.000, 0.000, 0.872, -0.495, -4.079, 0.000, 22.57
0, 0, 0.000, 0.254, 0.000, 0.000, 1.922, 0.000, 0.000, 0.778, -0.468, -2.486, -0.000, 22.82
0, 0, 0.000, 0.148, 0.000, 0.000, 1.076, 0.000, 0.000, 0.711, -0.433, -1.502, -0.000, 22.97
0, 0, 0.000, 0.083, 0.000, 0.000, 0.667, 0.000, 0.000, 0.659, -0.488, -0.921, 0.000, 23.06
0, 0, 0.000, 0.047, 0.000, 0.000, 0.455, 0.000, 0.000, 0.615, -0.588, -0.529, 0.000, 23.11
0, 0, 0.000, 0.015, 0.000, 0.000, 0.171, 0.000, 0.000, 0.577, -0.732, -0.031, 0.000, 23.12
0, 0, 0.000, -0.003, 0.000, 0.000, -0.037, 0.000, 0.000, 0.543, -0.778, 0.275, 0.000, 23.09
0, 0, 0.000, -0.004, 0.000, 0.000, -0.059, 0.000, 0.000, 0.513, -0.824, 0.374, 0.000, 23.05
0, 0, 0.000, -0.000, 0.000, 0.000, -0.007, 0.000, 0.000, 0.485, -0.869, 0.391, 0.000, 23.01
0, 0, 0.000, 0.004, 0.000, 0.000, 0.067, 0.000, 0.000, 0.459, -0.915, 0.384, 0.000, 22.97
0, 0, 0.000, 0.009, 0.000, 0.000, 0.142, 0.000, 0.000, 0.436, -0.961, 0.374, 0.000, 22.94
0, 0, 0.000, 0.013, 0.000, 0.000, 0.221, 0.000, 0.000, 0.414, -1.056, 0.408, 0.000, 22.90
0, 0, 0.000, 0.016, 0.000, 0.000, 0.273, 0.000, 0.000, 0.393, -1.004, 0.322, 0.000, 22.86
0, 0, 0.000, 0.018, 0.000, 0.000, 0.311, 0.000, 0.000, 0.374, -1.002, 0.298, -0.000, 22.83
0, 0, 0.000, 0.020, 0.000, 0.000, 0.340, 0.000, 0.000, 0.356, -0.999, 0.283, 0.000, 22.81
0, 0, 0.000, 0.021, 0.000, 0.000, 0.353, 0.000, 0.000, 0.339, -0.948, 0.236, 0.000, 22.78
1, 0, 0.000, 0.187, 0.000, 0.000, 3.246, 0.000, 0.000, 2.820, -10.984, 4.731, 0.000, 22.31
1, 0, 0.000, 0.266, 0.000, 0.000, 4.684, 0.000, 0.000, 2.959, -10.697, 2.788, 0.000, 22.03
1, 0, 0.000, 0.291, 0.000, 0.000, 4.613, 0.000, 0.000, 3.067, -8.304, 0.332, 0.000, 22.00
1, 0, 0.000, 0.303, 0.000, 0.000, 4.073, 0.000, 0.000, 3.159, -6.125, -1.410, -0.000, 22.14
1, 0, 0.000, 0.262, 0.000, 0.000, 2.687, 0.000, 0.000, 3.239, -3.537, -2.652, 0.000, 22.40
1, 0, 0.000, 0.152, 0.000, 0.000, 1.113, 0.000, 0.000, 3.312, -1.589, -2.989, 0.000, 22.70
1, 0, 0.000, -0.086, 0.000, 0.000, -0.382, 0.000, 0.000, 3.379, 0.307, -3.219, 0.000, 23.02
1, 0, 0.000, -0.850, 0.000, 0.000, -1.362, 0.000, 0.000, 3.441, 2.159, -3.388, 0.000, 23.36
0, 0, 0.000, -0.772, 0.000, 0.000, -0.201, 0.000, 0.000, 1.001, 0.265, -0.293, 0.000, 23.39
0, 0, 0.000, -0.337, 0.000, 0.000, -0.487, 0.000, 0.000, 0.902, 0.307, -0.385, -0.000, 23.43
0, 0, 0.000, -0.246, 0.000, 0.000, -0.569, 0.000, 0.000, 0.829, 0.348, -0.362, 0.000, 23.47
0, 0, 0.000, -0.262, 0.000, 0.000, -0.506, 0.000, 0.000, 0.771, 0.301, -0.305, -0.000, 23.50
0, 0, 0.000, -0.348, 0.000, 0.000, -0.322, 0.000, 0.000, 0.722, 0.210, -0.262, 0.000, 23.52
0, 0, 0.000, -0.437, 0.000, 0.000, -0.300, 0.000, 0.000, 0.679, 0.075, -0.017, 0.000, 23.52
0, 0, 0.000, -0.330, 0.000, 0.000, -0.555, 0.000, 0.000, 0.641, -0.014, 0.257, 0.000, 23.50
0, 0, 0.000, -0.239, 0.000, 0.000, -0.600, 0.000, 0.000, 0.606, -0.102, 0.335, 0.000, 23.47
0, 0, 0.000, -0.165, 0.000, 0.000, -0.555, 0.000, 0.000, 0.574, -0.192, 0.338, -0.000, 23.43
0, 0, 0.000, -0.111, 0.000, 0.000, -0.474, 0.000, 0.000, 0.544, -0.282, 0.322, 0.000, 23.40
0, 0, 0.000, -0.072, 0.000, 0.000, -0.382, 0.000, 0.000, 0.517, -0.373, 0.310, 0.000, 23.37
0, 0, 0.000, -0.046, 0.000, 0.000, -0.288, 0.000, 0.000, 0.491, -0.464, 0.306, -0.000, 23.34
0, 0, 0.000, -0.026, 0.000, 0.000, -0.195, 0.000, 0.000, 0.467, -0.556, 0.311, -0.000, 23.31
0, 0, 0.000, -0.012, 0.000, 0.000, -0.105, 0.000, 0.000, 0.444, -0.649, 0.323, -0.000, 23.27
0, 0, 0.000, -0.002, 0.000, 0.000, -0.018, 0.000, 0.000, 0.423, -0.743, 0.340, 0.000, 23.24
0, 0, 0.000, 0.006, 0.000, 0.000, 0.068, 0.000, 0.000, 0.402, -0.837, 0.360, 0.000, 23.20
1, 0, 0.000, 0.244, 0.000, 0.000, 3.098, 0.000, 0.000, 2.881, -11.377, 5.154, -0.000, 22.69
1, 0, 0.000, 0.359, 0.000, 0.000, 5.063, 0.000, 0.000, 3.017, -12.185, 3.746, 0.000, 22.31
1, 0, 0.000, 0.415, 0.000, 0.000, 5.468, 0.000, 0.000, 3.122, -10.267, 1.261, -0.000, 22.19
1, 0, 0.000, 0.451, 0.000, 0.000, 5.270, 0.000, 0.000, 3.211, -8.540, -0.392, 0.000, 22.23
1, 0, 0.000, 0.463, 0.000, 0.000, 4.116, 0.000, 0.000, 3.290, -5.846, -2.023, 0.000, 22.43
1, 0, 0.000, 0.420, 0.000, 0.000, 2.636, 0.000, 0.000, 3.361, -3.825, -2.592, -0.000, 22.69
1, 0, 0.000, 0.291, 0.000, 0.000, 1.089, 0.000, 0.000, 3.425, -1.869, -2.936, -0.000, 22.98
1, 0, 0.000, -0.055, 0.000, 0.000, -0.086, 0.000, 0.000, 3.485, -0.487, -2.857, 0.000, 23.27
0, 0, 0.000, 0.202, 0.000, 0.000, 0.016, 0.000, 0.000, 1.043, 0.040, -1.301, -0.000, 23.40
0, 0, 0.000, -0.029, 0.000, 0.000, -0.037, 0.000, 0.000, 0.941, 0.122, -0.997, -0.000, 23.50
0, 0, 0.000, -0.111, 0.000, 0.000, -0.178, 0.000, 0.000, 0.867, 0.117, -0.695, 0.000, 23.57
0, 0, 0.000, -0.186, 0.000, 0.000, -0.189, 0.000, 0.000, 0.807, 0.068, -0.500, 0.000, 23.62
0, 0, 0.000, -0.284, 0.000, 0.000, -0.058, 0.000, 0.000, 0.757, -0.026, -0.389, 0.000, 23.66
0, 0, 0.000, -0.139, 0.000, 0.000, -0.279, 0.000, 0.000, 0.712, -0.165, -0.129, 0.000, 23.67
0, 0, 0.000, -0.153, 0.000, 0.000, -0.494, 0.000, 0.000, 0.672, -0.256, 0.231, -0.000, 23.65
0, 0, 0.000, -0.122, 0.000, 0.000, -0.519, 0.000, 0.000, 0.636, -0.346, 0.351, 0.000, 23.61
0, 0, 0.000, -0.086, 0.000, 0.000, -0.453, 0.000, 0.000, 0.602, -0.437, 0.373, 0.000, 23.57
0, 0, 0.000, -0.056, 0.000, 0.000, -0.355, 0.000, 0.000, 0.571, -0.528, 0.368, -0.000, 23.54
0, 0, 0.000, -0.031, 0.000, 0.000, -0.243, 0.000, 0.000, 0.543, -0.668, 0.399, 0.000, 23.50
0, 0, 0.000, -0.014, 0.000, 0.000, -0.131, 0.000, 0.000, 0.516, -0.761, 0.390, 0.000, 23.46
0, 0, 0.000, -0.003, 0.000, 0.000, -0.033, 0.000, 0.000, 0.490, -0.807, 0.353, -0.000, 23.42
0, 0, 0.000, 0.005, 0.000, 0.000, 0.059, 0.000, 0.000, 0.467, -0.901, 0.370, 0.000, 23.39
0, 0, 0.000, 0.012, 0.000, 0.000, 0.149, 0.000, 0.000, 0.444, -0.996, 0.391, 0.000, 23.35
0, 0, 0.000, 0.017, 0.000, 0.000, 0.236, 0.000, 0.000, 0.423, -1.091, 0.416, 0.000, 23.30
1, 0, 0.000, 0.267, 0.000, 0.000, 4.106, 0.000, 0.000, 2.901, -13.746, 6.473, 0.000, 22.66
1, 0, 0.000, 0.387, 0.000, 0.000, 6.509, 0.000, 0.000, 3.035, -14.485, 4.554, -0.000, 22.20
1, 0, 0.000, 0.445, 0.000, 0.000, 7.534, 0.000, 0.000, 3.140, -13.617, 2.497, -0.000, 21.95
1, 0, 0.000, 0.489, 0.000, 0.000, 7.414, 0.000, 0.000, 3.228, -11.205, 0.073, 0.000, 21.95
1, 0, 0.000, 0.514, 0.000, 0.000, 6.341, 0.000, 0.000, 3.306, -8.429, -1.732, 0.000, 22.12
1, 0, 0.000, 0.498, 0.000, 0.000, 4.644, 0.000, 0.000, 3.376, -5.805, -2.713, 0.000, 22.39
1, 0, 0.000, 0.435, 0.000, 0.000, 2.930, 0.000, 0.000, 3.440, -3.824, -2.980, -0.000, 22.69
1, 0, 0.000, 0.303, 0.000, 0.000, 1.443, 0.000, 0.000, 3.499, -2.417, -2.828, -0.000, 22.97
0, 0, 0.000, 0.314, 0.000, 0.000, 1.040, 0.000, 0.000, 1.056, -0.126, -2.284, -0.000, 23.20
0, 0, 0.000, 0.187, 0.000, 0.000, 0.454, 0.000, 0.000, 0.954, -0.093, -1.502, 0.000, 23.35
0, 0, 0.000, 0.049, 0.000, 0.000, 0.116, 0.000, 0.000, 0.879, -0.100, -0.944, 0.000, 23.44
0, 0, 0.000, -0.019, 0.000, 0.000, -0.059, 0.000, 0.000, 0.819, -0.151, -0.590, 0.000, 23.50
0, 0, 0.000, -0.023, 0.000, 0.000, -0.096, 0.000, 0.000, 0.768, -0.247, -0.402, 0.000, 23.54
0, 0, 0.000, -0.047, 0.000, 0.000, -0.292, 0.000, 0.000, 0.723, -0.387, 0.003, 0.000, 23.54
0, 0, 0.000, -0.059, 0.000, 0.000, -0.435, 0.000, 0.000, 0.682, -0.479, 0.290, -0.000, 23.51
0, 0, 0.000, -0.052, 0.000, 0.000, -0.416, 0.000, 0.000, 0.645, -0.523, 0.346, -0.000, 23.48
0, 0, 0.000, -0.039, 0.000, 0.000, -0.341, 0.000, 0.000, 0.612, -0.568, 0.337, 0.000, 23.45
0, 0, 0.000, -0.027, 0.000, 0.000, -0.253, 0.000, 0.000, 0.580, -0.613, 0.313, 0.000, 23.41
0, 0, 0.000, -0.017, 0.000, 0.000, -0.169, 0.000, 0.000, 0.551, -0.659, 0.293, -0.000, 23.38
0, 0, 0.000, -0.008, 0.000, 0.000, -0.083, 0.000, 0.000, 0.524, -0.752, 0.319, -0.000, 23.35
0, 0, 0.000, -0.001, 0.000, 0.000, -0.007, 0.000, 0.000, 0.498, -0.798, 0.307, -0.000, 23.32
0, 0, 0.000, 0.004, 0.000, 0.000, 0.053, 0.000, 0.000, 0.474, -0.796, 0.265, -0.000, 23.30
0, 0, 0.000, 0.008, 0.000, 0.000, 0.108, 0.000, 0.000, 0.451, -0.842, 0.275, -0.000, 23.27
0, 0, 0.000, 0.012, 0.000, 0.000, 0.160, 0.000, 0.000, 0.430, -0.889, 0.287, 0.000, 23.24
1, 0, 0.000, 0.210, 0.000, 0.000, 3.000, 0.000, 0.000, 2.907, -10.861, 4.744, -0.000, 22.76
1, 0, 0.000, 0.303, 0.000, 0.000, 4.430, 0.000, 0.000, 3.041, -10.573, 2.798, 0.000, 22.49
1, 0, 0.000, 0.343, 0.000, 0.000, 4.765, 0.000, 0.000, 3.146, -9.286, 1.031, -0.000, 22.38
1, 0, 0.000, 0.369, 0.000, 0.000, 4.355, 0.000, 0.000, 3.234, -7.044, -0.913, 0.000, 22.47
1, 0, 0.000, 0.352, 0.000, 0.000, 3.276, 0.000, 0.000, 3.311, -4.946, -1.992, 0.000, 22.67
1, 0, 0.000, 0.274, 0.000, 0.000, 1.675, 0.000, 0.000, 3.381, -2.411, -2.919, 0.000, 22.96
1, 0, 0.000, 0.047, 0.000, 0.000, 0.156, 0.000, 0.000, 3.445, -0.498, -3.149, -0.000, 23.28
1, 0, 0.000, -0.652, 0.000, 0.000, -0.760, 0.000, 0.000, 3.504, 0.859, -2.952, 0.000, 23.57
0, 0, 0.000, -0.503, 0.000, 0.000, -0.129, 0.000, 0.000, 1.061, 0.156, -0.585, 0.000, 23.63
0, 0, 0.000, -0.243, 0.000, 0.000, -0.333, 0.000, 0.000, 0.958, 0.196, -0.579, -0.000, 23.69
0, 0, 0.000, -0.223, 0.000, 0.000, -0.394, 0.000, 0.000, 0.883, 0.193, -0.459, 0.000, 23.74
0, 0, 0.000, -0.195, 0.000, 0.000, -0.371, 0.000, 0.000, 0.823, 0.189, -0.446, 0.000, 23.78
0, 0, 0.000, -0.276, 0.000, 0.000, -0.212, 0.000, 0.000, 0.772, 0.096, -0.379, -0.000, 23.82
0, 0, 0.000, -0.282, 0.000, 0.000, -0.252, 0.000, 0.000, 0.726, -0.041, -0.152, -0.000, 23.83
0, 0, 0.000, -0.256, 0.000, 0.000, -0.508, 0.000, 0.000, 0.686, -0.131, 0.209, 0.000, 23.81
0, 0, 0.000, -0.193, 0.000, 0.000, -0.561, 0.000, 0.000, 0.649, -0.220, 0.326, 0.000, 23.78
0, 0, 0.000, -0.122, 0.000, 0.000, -0.519, 0.000, 0.000, 0.614, -0.357, 0.383, -0.000, 23.74
0, 0, 0.000, -0.080, 0.000, 0.000, -0.424, 0.000, 0.000, 0.583, -0.448, 0.369, 0.000, 23.71
0, 0, 0.000, -0.050, 0.000, 0.000, -0.319, 0.000, 0.000, 0.554, -0.539, 0.355, -0.000, 23.67
0, 0, 0.000, -0.028, 0.000, 0.000, -0.215, 0.000, 0.000, 0.526, -0.632, 0.349, -0.000, 23.64
0, 0, 0.000, -0.012, 0.000, 0.000, -0.107, 0.000, 0.000, 0.501, -0.773, 0.391, 0.000, 23.60
0, 0, 0.000, -0.000, 0.000, 0.000, -0.003, 0.000, 0.000, 0.476, -0.867, 0.394, -0.000, 23.56
0, 0, 0.000, 0.008, 0.000, 0.000, 0.095, 0.000, 0.000, 0.453, -0.961, 0.405, 0.000, 23.52
0, 0, 0.000, 0.015, 0.000, 0.000, 0.199, 0.000, 0.000, 0.432, -1.106, 0.460, -0.000, 23.47
1, 0, 0.000, 0.275, 0.000, 0.000, 4.130, 0.000, 0.000, 2.909, -13.906, 6.592, 0.000, 22.81
1, 0, 0.000, 0.398, 0.000, 0.000, 6.569, 0.000, 0.000, 3.043, -14.638, 4.628, 0.000, 22.35
1, 0, 0.000, 0.460, 0.000, 0.000, 7.416, 0.000, 0.000, 3.148, -13.198, 2.174, 0.000, 22.13
1, 0, 0.000, 0.496, 0.000, 0.000, 7.383, 0.000, 0.000, 3.236, -11.371, 0.256, 0.000, 22.11
1, 0, 0.000, 0.513, 0.000, 0.000, 6.525, 0.000, 0.000, 3.313, -9.128, -1.223, -0.000, 22.23
1, 0, 0.000, 0.499, 0.000, 0.000, 5.171, 0.000, 0.000, 3.383, -7.003, -2.049, -0.000, 22.43
1, 0, 0.000, 0.461, 0.000, 0.000, 3.837, 0.000, 0.000, 3.446, -5.502, -2.241, 0.000, 22.66
1, 0, 0.000, 0.392, 0.000, 0.000, 2.513, 0.000, 0.000, 3.505, -4.033, -2.378, 0.000, 22.89
0, 0, 0.000, 0.371, 0.000, 0.000, 1.659, 0.000, 0.000, 1.062, -0.217, -2.875, 0.000, 23.18
0, 0, 0.000, 0.239, 0.000, 0.000, 0.845, 0.000, 0.000, 0.960, -0.186, -1.857, 0.000, 23.37
0, 0, 0.000, 0.111, 0.000, 0.000, 0.338, 0.000, 0.000, 0.884, -0.150, -1.184, 0.000, 23.49
0, 0, 0.000, 0.038, 0.000, 0.000, 0.136, 0.000, 0.000, 0.824, -0.203, -0.796, -0.000, 23.57
0, 0, 0.000, 0.012, 0.000, 0.000, 0.060, 0.000, 0.000, 0.773, -0.300, -0.545, -0.000, 23.62
0, 0, 0.000, -0.024, 0.000, 0.000, -0.164, 0.000, 0.000, 0.727, -0.441, -0.099, 0.000, 23.63
0, 0, 0.000, -0.049, 0.000, 0.000, -0.376, 0.000, 0.000, 0.687, -0.487, 0.225, -0.000, 23.61
0, 0, 0.000, -0.044, 0.000, 0.000, -0.386, 0.000, 0.000, 0.650, -0.579, 0.359, -0.000, 23.57
0, 0, 0.000, -0.034, 0.000, 0.000, -0.318, 0.000, 0.000, 0.615, -0.623, 0.359, -0.000, 23.54
0, 0, 0.000, -0.023, 0.000, 0.000, -0.230, 0.000, 0.000, 0.584, -0.669, 0.338, -0.000, 23.50
0, 0, 0.000, -0.012, 0.000, 0.000, -0.135, 0.000, 0.000, 0.555, -0.762, 0.355, -0.000, 23.47
0, 0, 0.000, -0.004, 0.000, 0.000, -0.049, 0.000, 0.000, 0.527, -0.808, 0.333, -0.000, 23.43
0, 0, 0.000, 0.002, 0.000, 0.000, 0.019, 0.000, 0.000, 0.501, -0.805, 0.283, 0.000, 23.41
0, 0, 0.000, 0.006, 0.000, 0.000, 0.080, 0.000, 0.000, 0.477, -0.851, 0.288, -0.000, 23.38
0, 0, 0.000, 0.010, 0.000, 0.000, 0.137, 0.000, 0.000, 0.454, -0.898, 0.297, -0.000, 23.35
0, 0, 0.000, 0.013, 0.000, 0.000, 0.191, 0.000, 0.000, 0.432, -0.944, 0.308, 0.000, 23.32
1, 0, 0.000, 0.016, 0.000, 0.000, 0.232, 0.000, 0.000, 0.412, -0.942, 0.282, 0.000, 23.29
1, 0, 0.000, 0.018, 0.000, 0.000, 0.274, 0.000, 0.000, 0.393, -0.988, 0.304, -0.000, 23.26
1, 0, 0.000, 0.021, 0.000, 0.000, 0.317, 0.000, 0.000, 0.374, -0.937, 0.225, 0.000, 23.23
1, 0, 0.000, 0.044, 0.000, 0.000, 0.576, 0.000, 0.000, 0.357, -0.744, -0.232, -0.000, 23.26
1, 0, 0.000, 0.061, 0.000, 0.000, 0.662, 0.000, 0.000, 0.340, -0.557, -0.507, 0.000, 23.31
1, 0, 0.000, 0.068, 0.000, 0.000, 0.566, 0.000, 0.000, 0.324, -0.372, -0.586, 0.000, 23.37
1, 0, 0.000, 0.085, 0.000, 0.000, 0.471, 0.000, 0.000, 0.309, -0.192, -0.674, 0.000, 23.43
1, 0, 0.000, 0.097, 0.000, 0.000, 0.334, 0.000, 0.000, 0.295, -0.059, -0.667, -0.000, 23.50
0, 0, 0.000, 0.273, 0.000, 0.000, 0.488, 0.000, 0.000, 0.282, 0.023, -1.065, -0.000, 23.61
0, 0, 0.000, 0.398, 0.000, 0.000, 0.107, 0.000, 0.000, 0.269, 0.106, -0.880, -0.000, 23.70
0, 0, 0.000, 0.240, 0.000, 0.000, 0.029, 0.000, 0.000, 0.256, 0.101, -0.627, -0.000, 23.76
0, 0, 0.000, 0.167, 0.000, 0.000, 0.010, 0.000, 0.000, 0.244, 0.097, -0.518, 0.000, 23.81
0, 0, 0.000, 0.052, 0.000, 0.000, 0.059, 0.000, 0.000, 0.233, 0.004, -0.348, 0.000, 23.85
0, 0, 0.000, -0.048, 0.000, 0.000, -0.131, 0.000, 0.000, 0.222, -0.133, 0.089, -0.000, 23.84
0, 0, 0.000, -0.065, 0.000, 0.000, -0.220, 0.000, 0.000, 0.212, -0.177, 0.249, -0.000, 23.81
0, 0, 0.000, -0.054, 0.000, 0.000, -0.208, 0.000, 0.000, 0.202, -0.221, 0.280, 0.000, 23.78
0, 0, 0.000, -0.041, 0.000, 0.000, -0.159, 0.000, 0.000, 0.193, -0.219, 0.225, 0.000, 23.76
0, 0, 0.000, -0.024, 0.000, 0.000, -0.103, 0.000, 0.000, 0.184, -0.263, 0.207, 0.000, 23.74
0, 0, 0.000, -0.010, 0.000, 0.000, -0.049, 0.000, 0.000, 0.176, -0.308, 0.191, 0.000, 23.72
0, 0, 0.000, -0.001, 0.000, 0.000, -0.005, 0.000, 0.000, 0.168, -0.307, 0.146, 0.000, 23.71
0, 0, 0.000, 0.007, 0.000, 0.000, 0.035, 0.000, 0.000, 0.160, -0.353, 0.152, -0.000, 23.69
0, 0, 0.000, 0.012, 0.000, 0.000, 0.064, 0.000, 0.000, 0.152, -0.352, 0.123, 0.000, 23.68
0, 0, 0.000, 0.016, 0.000, 0.000, 0.086, 0.000, 0.000, 0.145, -0.351, 0.104, -0.000, 23.67
0, 0, 0.000, 0.019, 0.000, 0.000, 0.101, 0.000, 0.000, 0.139, -0.350, 0.091, 0.000, 23.66
1, 0, 0.000, 0.125, 0.000, 0.000, 0.740, 0.000, 0.000, 2.630, -4.683, 1.189, 0.000, 23.54
1, 0, 0.000, 0.172, 0.000, 0.000, 1.034, 0.000, 0.000, 2.778, -4.619, 0.636, 0.000, 23.48
1, 0, 0.000, 0.174, 0.000, 0.000, 0.976, 0.000, 0.000, 2.895, -4.051, 0.007, -0.000, 23.48
1, 0, 0.000, 0.125, 0.000, 0.000, 0.493, 0.000, 0.000, 2.994, -2.477, -1.135, 0.000, 23.59
1, 0, 0.000, -0.043, 0.000, 0.000, -0.117, 0.000, 0.000, 3.083, -1.503, -1.421, -0.000, 23.73
1, 0, 0.000, -0.407, 0.000, 0.000, -0.575, 0.000, 0.000, 3.163, -0.556, -1.625, -0.000, 23.89
1, 0, 0.000, -1.205, 0.000, 0.000, -0.479, 0.000, 0.000, 3.237, -0.145, -1.409, 0.000, 24.04
1, 0, 0.000, -0.971, 0.000, 0.000, -1.709, 0.000, 0.000, 3.306, 1.306, -1.931, -0.000, 24.23
0, 0, 0.000, -0.514, 0.000, 0.000, -1.156, 0.000, 0.000, 0.872, 0.158, 0.640, -0.000, 24.16
0, 0, 0.000, -0.313, 0.000, 0.000, -0.834, 0.000, 0.000, 0.778, 0.160, 0.209, -0.000, 24.14
0, 0, 0.000, -0.302, 0.000, 0.000, -0.651, 0.000, 0.000, 0.711, 0.116, 0.126, 0.000, 24.13
0, 0, 0.000, -0.260, 0.000, 0.000, -0.581, 0.000, 0.000, 0.659, 0.116, 0.066, -0.000, 24.12
0, 0, 0.000, -0.318, 0.000, 0.000, -0.450, 0.000, 0.000, 0.615, 0.027, 0.126, 0.000, 24.11
0, 0, 0.000, -0.347, 0.000, 0.000, -0.348, 0.000, 0.000, 0.577, -0.017, 0.134, -0.000, 24.10
0, 0, 0.000, -0.426, 0.000, 0.000, -0.212, 0.000, 0.000, 0.543, -0.061, 0.156, 0.000, 24.08
0, 0, 0.000, -0.534, 0.000, 0.000, -0.030, 0.000, 0.000, 0.513, -0.106, 0.158, -0.000, 24.07
0, 0, 0.000, -0.263, 0.000, 0.000, -0.215, 0.000, 0.000, 0.485, -0.196, 0.189, -0.000, 24.05
0, 0, 0.000, -0.168, 0.000, 0.000, -0.227, 0.000, 0.000, 0.459, -0.241, 0.177, -0.000, 24.03
0, 0, 0.000, -0.111, 0.000, 0.000, -0.210, 0.000, 0.000, 0.436, -0.286, 0.171, 0.000, 24.01
0, 0, 0.000, -0.073, 0.000, 0.000, -0.180, 0.000, 0.000, 0.414, -0.331, 0.170, 0.000, 24.00
0, 0, 0.000, -0.040, 0.000, 0.000, -0.141, 0.000, 0.000, 0.393, -0.423, 0.211, 0.000, 23.98
0, 0, 0.000, -0.019, 0.000, 0.000, -0.088, 0.000, 0.000, 0.374, -0.515, 0.249, 0.000, 23.95
0, 0, 0.000, -0.006, 0.000, 0.000, -0.034, 0.000, 0.000, 0.356, -0.561, 0.245, 0.000, 23.93
0, 0, 0.000, 0.004, 0.000, 0.000, 0.026, 0.000, 0.000, 0.339, -0.654, 0.285, 0.000, 23.90
1, 0, 0.000, 0.266, 0.000, 0.000, 2.045, 0.000, 0.000, 2.820, -8.712, 3.581, 0.000, 23.54
1, 0, 0.000, 0.383, 0.000, 0.000, 3.273, 0.000, 0.000, 2.959, -9.048, 2.434, 0.000, 23.30
1, 0, 0.000, 0.440, 0.000, 0.000, 3.498, 0.000, 0.000, 3.067, -7.801, 0.796, -0.000, 23.22
1, 0, 0.000, 0.496, 0.000, 0.000, 3.201, 0.000, 0.000, 3.159, -6.141, -0.714, 0.000, 23.29
1, 0, 0.000, 0.521, 0.000, 0.000, 2.174, 0.000, 0.000, 3.239, -4.051, -1.884, -0.000, 23.48
1, 0, 0.000, 0.530, 0.000, 0.000, 0.762, 0.000, 0.000, 3.312, -2.058, -2.546, 0.000, 23.73
1, 0, 0.000, -0.181, 0.000, 0.000, -0.220, 0.000, 0.000, 3.379, -0.126, -2.852, 0.000, 24.02
1, 0, 0.000, -0.494, 0.000, 0.000, -1.543, 0.000, 0.000, 3.441, 1.254, -2.658, 0.000, 24.28
0, 0, 0.000, -0.136, 0.000, 0.000, -0.658, 0.000, 0.000, 1.001, 0.190, -0.398, -0.000, 24.32
0, 0, 0.000, -0.093, 0.000, 0.000, -0.561, 0.000, 0.000, 0.902, 0.275, -0.522, -0.000, 24.37
0, 0, 0.000, -0.092, 0.000, 0.000, -0.577, 0.000, 0.000, 0.829, 0.271, -0.432, -0.000, 24.42
0, 0, 0.000, -0.090, 0.000, 0.000, -0.522, 0.000, 0.000, 0.771, 0.224, -0.383, 0.000, 24.46
0, 0, 0.000, -0.108, 0.000, 0.000, -0.492, 0.000, 0.000, 0.722, 0.132, -0.255, 0.000, 24.48
0, 0, 0.000, -0.205, 0.000, 0.000, -0.593, 0.000, 0.000, 0.679, -0.002, 0.120, -0.000, 24.47
0, 0, 0.000, -0.298, 0.000, 0.000, -0.531, 0.000, 0.000, 0.641, -0.091, 0.279, -0.000, 24.44
0, 0, 0.000, -0.414, 0.000, 0.000, -0.332, 0.000, 0.000, 0.606, -0.180, 0.320, -0.000, 24.41
0, 0, 0.000, -0.515, 0.000, 0.000, -0.108, 0.000, 0.000, 0.574, -0.270, 0.318, -0.000, 24.38
0, 0, 0.000, -0.217, 0.000, 0.000, -0.277, 0.000, 0.000, 0.544, -0.360, 0.310, 0.000, 24.35
0, 0, 0.000, -0.095, 0.000, 0.000, -0.267, 0.000, 0.000, 0.517, -0.498, 0.344, 0.000, 24.31
0, 0, 0.000, -0.048, 0.000, 0.000, -0.193, 0.000, 0.000, 0.491, -0.590, 0.340, 0.000, 24.28
0, 0, 0.000, -0.020, 0.000, 0.000, -0.108, 0.000, 0.000, 0.467, -0.683, 0.345, 0.000, 24.24
0, 0, 0.000, -0.003, 0.000, 0.000, -0.021, 0.000, 0.000, 0.444, -0.776, 0.357, 0.000, 24.21
0, 0, 0.000, 0.008, 0.000, 0.000, 0.065, 0.000, 0.000, 0.423, -0.870, 0.374, 0.000, 24.17
0, 0, 0.000, 0.016, 0.000, 0.000, 0.150, 0.000, 0.000, 0.402, -0.964, 0.395, 0.000, 24.13
1, 0, 0.000, 0.326, 0.000, 0.000, 3.645, 0.000, 0.000, 2.881, -12.845, 5.992, 0.000, 23.53
1, 0, 0.000, 0.463, 0.000, 0.000, 5.869, 0.000, 0.000, 3.017, -13.607, 4.258, -0.000, 23.11
1, 0, 0.000, 0.533, 0.000, 0.000, 6.592, 0.000, 0.000, 3.122, -12.202, 1.956, 0.000, 22.91
1, 0, 0.000, 0.588, 0.000, 0.000, 6.530, 0.000, 0.000, 3.211, -10.409, 0.080, -0.000, 22.90
1, 0, 0.000, 0.630, 0.000, 0.000, 5.639, 0.000, 0.000, 3.290, -8.201, -1.358, 0.000, 23.04
1, 0, 0.000, 0.638, 0.000, 0.000, 4.233, 0.000, 0.000, 3.361, -6.103, -2.128, 0.000, 23.25
1, 0, 0.000, 0.595, 0.000, 0.000, 2.861, 0.000, 0.000, 3.425, -4.618, -2.263, -0.000, 23.48
1, 0, 0.000, 0.522, 0.000, 0.000, 1.502, 0.000, 0.000, 3.485, -3.159, -2.350, -0.000, 23.71
0, 0, 0.000, 0.599, 0.000, 0.000, 0.882, 0.000, 0.000, 1.043, -0.188, -2.336, -0.000, 23.95
0, 0, 0.000, 0.575, 0.000, 0.000, 0.169, 0.000, 0.000, 0.941, -0.109, -1.577, 0.000, 24.10
0, 0, 0.000, 0.261, 0.000, 0.000, 0.010, 0.000, 0.000, 0.867, -0.117, -1.020, 0.000, 24.20
0, 0, 0.000, 0.053, 0.000, 0.000, 0.015, 0.000, 0.000, 0.807, -0.123, -0.753, 0.000, 24.28
0, 0, 0.000, -0.058, 0.000, 0.000, -0.136, 0.000, 0.000, 0.757, -0.264, -0.299, 0.000, 24.31
0, 0, 0.000, -0.089, 0.000, 0.000, -0.366, 0.000, 0.000, 0.712, -0.403, 0.145, 0.000, 24.30
0, 0, 0.000, -0.087, 0.000, 0.000, -0.424, 0.000, 0.000, 0.672, -0.447, 0.286, 0.000, 24.27
0, 0, 0.000, -0.065, 0.000, 0.000, -0.383, 0.000, 0.000, 0.636, -0.539, 0.351, 0.000, 24.23
0, 0, 0.000, -0.043, 0.000, 0.000, -0.300, 0.000, 0.000, 0.602, -0.631, 0.371, -0.000, 24.19
0, 0, 0.000, -0.027, 0.000, 0.000, -0.209, 0.000, 0.000, 0.571, -0.676, 0.340, 0.000, 24.16
0, 0, 0.000, -0.013, 0.000, 0.000, -0.117, 0.000, 0.000, 0.543, -0.769, 0.356, -0.000, 24.13
0, 0, 0.000, -0.002, 0.000, 0.000, -0.025, 0.000, 0.000, 0.516, -0.863, 0.375, -0.000, 24.09
0, 0, 0.000, 0.005, 0.000, 0.000, 0.056, 0.000, 0.000, 0.490, -0.909, 0.357, 0.000, 24.05
0, 0, 0.000, 0.011, 0.000, 0.000, 0.128, 0.000, 0.000, 0.467, -0.955, 0.349, 0.000, 24.02
0, 0, 0.000, 0.015, 0.000, 0.000, 0.202, 0.000, 0.000, 0.444, -1.050, 0.388, 0.000, 23.98
0, 0, 0.000, 0.019, 0.000, 0.000, 0.268, 0.000, 0.000, 0.423, -1.096, 0.386, 0.000, 23.94
1, 0, 0.000, 0.265, 0.000, 0.000, 3.944, 0.000, 0.000, 2.901, -13.235, 6.125, 0.000, 23.33
1, 0, 0.000, 0.385, 0.000, 0.000, 6.234, 0.000, 0.000, 3.035, -13.991, 4.337, 0.000, 22.89
1, 0, 0.000, 0.444, 0.000, 0.000, 6.986, 0.000, 0.000, 3.140, -12.577, 2.007, -0.000, 22.69
1, 0, 0.000, 0.481, 0.000, 0.000, 6.915, 0.000, 0.000, 3.228, -10.772, 0.147, 0.000, 22.68
1, 0, 0.000, 0.505, 0.000, 0.000, 6.079, 0.000, 0.000, 3.306, -8.553, -1.336, -0.000, 22.81
1, 0, 0.000, 0.488, 0.000, 0.000, 4.700, 0.000, 0.000, 3.376, -6.448, -2.116, 0.000, 23.02
1, 0, 0.000, 0.433, 0.000, 0.000, 3.137, 0.000, 0.000, 3.440, -4.423, -2.588, 0.000, 23.28
1, 0, 0.000, 0.340, 0.000, 0.000, 1.725, 0.000, 0.000, 3.499, -2.987, -2.577, 0.000, 23.54
0, 0, 0.000, 0.359, 0.000, 0.000, 1.219, 0.000, 0.000, 1.056, -0.175, -2.460, -0.000, 23.79
0, 0, 0.000, 0.249, 0.000, 0.000, 0.534, 0.000, 0.000, 0.954, -0.096, -1.640, 0.000, 23.95
0, 0, 0.000, 0.094, 0.000, 0.000, 0.147, 0.000, 0.000, 0.879, -0.059, -1.061, 0.000, 24.06
0, 0, 0.000, -0.013, 0.000, 0.000, -0.030, 0.000, 0.000, 0.819, -0.110, -0.665, -0.000, 24.12
0, 0, 0.000, -0.053, 0.000, 0.000, -0.215, 0.000, 0.000, 0.768, -0.251, -0.250, 0.000, 24.15
0, 0, 0.000, -0.081, 0.000, 0.000, -0.435, 0.000, 0.000, 0.723, -0.342, 0.135, 0.000, 24.13
0, 0, 0.000, -0.076, 0.000, 0.000, -0.484, 0.000, 0.000, 0.682, -0.434, 0.311, -0.000, 24.10
0, 0, 0.000, -0.058, 0.000, 0.000, -0.431, 0.000, 0.000, 0.645, -0.525, 0.369, -0.000, 24.07
0, 0, 0.000, -0.040, 0.000, 0.000, -0.338, 0.000, 0.000, 0.612, -0.617, 0.384, 0.000, 24.03
0, 0, 0.000, -0.025, 0.000, 0.000, -0.235, 0.000, 0.000, 0.580, -0.709, 0.389, -0.000, 23.99
0, 0, 0.000, -0.012, 0.000, 0.000, -0.131, 0.000, 0.000, 0.551, -0.803, 0.395, -0.000, 23.95
0, 0, 0.000, -0.003, 0.000, 0.000, -0.040, 0.000, 0.000, 0.524, -0.848, 0.368, 0.000, 23.91
0, 0, 0.000, 0.004, 0.000, 0.000, 0.049, 0.000, 0.000, 0.498, -0.942, 0.392, 0.000, 23.87
0, 0, 0.000, 0.010, 0.000, 0.000, 0.136, 0.000, 0.000, 0.474, -1.037, 0.417, 0.000, 23.83
0, 0, 0.000, 0.015, 0.000, 0.000, 0.222, 0.000, 0.000, 0.451, -1.133, 0.444, 0.000, 23.79
0, 0, 0.000, 0.019, 0.000, 0.000, 0.308, 0.000, 0.000, 0.430, -1.229, 0.472, 0.000, 23.74
1, 0, 0.000, 0.267, 0.000, 0.000, 4.773, 0.000, 0.000, 2.907, -15.321, 7.375, -0.000, 23.00
1, 0, 0.000, 0.387, 0.000, 0.000, 7.476, 0.000, 0.000, 3.041, -16.011, 5.107, 0.000, 22.49
1, 0, 0.000, 0.445, 0.000, 0.000, 8.858, 0.000, 0.000, 3.146, -15.673, 3.224, 0.000, 22.17
1, 0, 0.000, 0.478, 0.000, 0.000, 9.201, 0.000, 0.000, 3.234, -14.305, 1.393, 0.000, 22.03
1, 0, 0.000, 0.505, 0.000, 0.000, 8.653, 0.000, 0.000, 3.311, -11.945, -0.524, 0.000, 22.08
1, 0, 0.000, 0.508, 0.000, 0.000, 7.259, 0.000, 0.000, 3.381, -9.180, -1.968, 0.000, 22.28
1, 0, 0.000, 0.453, 0.000, 0.000, 6.034, 0.000, 0.000, 3.445, -8.187, -1.745, -0.000, 22.45
1, 0, 0.000, 0.408, 0.000, 0.000, 4.938, 0.000, 0.000, 3.504, -7.193, -1.656, 0.000, 22.62
0, 0, 0.000, 0.291, 0.000, 0.000, 3.052, 0.000, 0.000, 1.061, -0.531, -3.872, -0.000, 23.01
0, 0, 0.000, 0.180, 0.000, 0.000, 1.704, 0.000, 0.000, 0.958, -0.456, -2.386, -0.000, 23.25
0, 0, 0.000, 0.090, 0.000, 0.000, 0.869, 0.000, 0.000, 0.883, -0.468, -1.374, -0.000, 23.38
0, 0, 0.000, 0.043, 0.000, 0.000, 0.446, 0.000, 0.000, 0.823, -0.522, -0.790, 0.000, 23.46
0, 0, 0.000, 0.015, 0.000, 0.000, 0.176, 0.000, 0.000, 0.772, -0.620, -0.343, 0.000, 23.50
0, 0, 0.000, -0.006, 0.000, 0.000, -0.082, 0.000, 0.000, 0.726, -0.763, 0.125, -0.000, 23.48
0, 0, 0.000, -0.013, 0.000, 0.000, -0.176, 0.000, 0.000, 0.686, -0.761, 0.264, 0.000, 23.46
0, 0, 0.000, -0.011, 0.000, 0.000, -0.163, 0.000, 0.000, 0.649, -0.807, 0.332, -0.000, 23.42
0, 0, 0.000, -0.008, 0.000, 0.000, -0.116, 0.000, 0.000, 0.614, -0.804, 0.314, -0.000, 23.39
0, 0, 0.000, -0.004, 0.000, 0.000, -0.065, 0.000, 0.000, 0.583, -0.802, 0.288, -0.000, 23.36
0, 0, 0.000, -0.001, 0.000, 0.000, -0.010, 0.000, 0.000, 0.554, -0.848, 0.305, -0.000, 23.33
0, 0, 0.000, 0.002, 0.000, 0.000, 0.036, 0.000, 0.000, 0.526, -0.845, 0.281, 0.000, 23.30
0, 0, 0.000, 0.005, 0.000, 0.000, 0.073, 0.000, 0.000, 0.501, -0.843, 0.265, 0.000, 23.28
0, 0, 0.000, 0.006, 0.000, 0.000, 0.095, 0.000, 0.000, 0.476, -0.793, 0.216, -0.000, 23.26
0, 0, 0.000, 0.007, 0.000, 0.000, 0.112, 0.000, 0.000, 0.453, -0.791, 0.218, 0.000, 23.24
0, 0, 0.000, 0.008, 0.000, 0.000, 0.128, 0.000, 0.000, 0.432, -0.789, 0.221, -0.000, 23.21
1, 0, 0.000, 0.146, 0.000, 0.000, 2.198, 0.000, 0.000, 2.909, -8.619, 3.367, 0.000, 22.88
1, 0, 0.000, 0.213, 0.000, 0.000, 3.205, 0.000, 0.000, 3.043, -8.419, 1.958, 0.000, 22.68
1, 0, 0.000, 0.239, 0.000, 0.000, 3.491, 0.000, 0.000, 3.148, -7.747, 0.870, -0.000, 22.59
1, 0, 0.000, 0.240, 0.000, 0.000, 3.245, 0.000, 0.000, 3.236, -6.601, -0.120, -0.000, 22.61
1, 0, 0.000, 0.220, 0.000, 0.000, 2.575, 0.000, 0.000, 3.313, -4.991, -1.116, -0.000, 22.72
1, 0, 0.000, 0.178, 0.000, 0.000, 1.685, 0.000, 0.000, 3.383, -3.467, -1.778, 0.000, 22.89
1, 0, 0.000, 0.072, 0.000, 0.000, 0.489, 0.000, 0.000, 3.446, -1.477, -2.531, 0.000, 23.15
1, 0, 0.000, -0.063, 0.000, 0.000, -0.386, 0.000, 0.000, 3.505, -1.115, -1.942, 0.000, 23.34
0, 0, 0.000, -0.074, 0.000, 0.000, -0.346, 0.000, 0.000, 1.062, -0.006, -0.636, -0.000, 23.41
0, 0, 0.000, -0.102, 0.000, 0.000, -0.461, 0.000, 0.000, 0.960, -0.009, -0.387, -0.000, 23.44
0, 0, 0.000, -0.118, 0.000, 0.000, -0.458, 0.000, 0.000, 0.884, -0.012, -0.297, 0.000, 23.47
0, 0, 0.000, -0.116, 0.000, 0.000, -0.405, 0.000, 0.000, 0.824, -0.014, -0.289, 0.000, 23.50
0, 0, 0.000, -0.109, 0.000, 0.000, -0.444, 0.000, 0.000, 0.773, -0.061, -0.159, 0.000, 23.52
0, 0, 0.000, -0.115, 0.000, 0.000, -0.591, 0.000, 0.000, 0.727, -0.152, 0.131, 0.000, 23.51
0, 0, 0.000, -0.111, 0.000, 0.000, -0.612, 0.000, 0.000, 0.687, -0.196, 0.232, 0.000, 23.48
0, 0, 0.000, -0.096, 0.000, 0.000, -0.568, 0.000, 0.000, 0.650, -0.240, 0.254, -0.000, 23.46
0, 0, 0.000, -0.074, 0.000, 0.000, -0.497, 0.000, 0.000, 0.615, -0.331, 0.286, -0.000, 23.43
0, 0, 0.000, -0.054, 0.000, 0.000, -0.414, 0.000, 0.000, 0.584, -0.422, 0.306, -0.000, 23.40
0, 0, 0.000, -0.041, 0.000, 0.000, -0.333, 0.000, 0.000, 0.555, -0.467, 0.286, 0.000, 23.37
0, 0, 0.000, -0.028, 0.000, 0.000, -0.252, 0.000, 0.000, 0.527, -0.559, 0.312, 0.000, 23.34
0, 0, 0.000, -0.018, 0.000, 0.000, -0.179, 0.000, 0.000, 0.501, -0.604, 0.300, 0.000, 23.31
0, 0, 0.000, -0.010, 0.000, 0.000, -0.104, 0.000, 0.000, 0.477, -0.697, 0.334, -0.000, 23.27
0, 0, 0.000, -0.002, 0.000, 0.000, -0.028, 0.000, 0.000, 0.454, -0.791, 0.367, -0.000, 23.24
0, 0, 0.000, 0.004, 0.000, 0.000, 0.051, 0.000, 0.000, 0.432, -0.885, 0.398, 0.000, 23.20
1, 0, 0.000, 0.009, 0.000, 0.000, 0.121, 0.000, 0.000, 0.412, -0.931, 0.389, 0.000, 23.16
1, 0, 0.000, 0.013, 0.000, 0.000, 0.194, 0.000, 0.000, 0.393, -1.026, 0.426, -0.000, 23.12
1, 0, 0.000, 0.017, 0.000, 0.000, 0.260, 0.000, 0.000, 0.374, -0.974, 0.322, -0.000, 23.08
1, 0, 0.000, 0.050, 0.000, 0.000, 0.655, 0.000, 0.000, 0.357, -0.780, -0.281, 0.000, 23.11
1, 0, 0.000, 0.073, 0.000, 0.000, 0.740, 0.000, 0.000, 0.340, -0.545, -0.607, -0.000, 23.17
1, 0, 0.000, 0.078, 0.000, 0.000, 0.597, 0.000, 0.000, 0.324, -0.362, -0.637, 0.000, 23.24
1, 0, 0.000, 0.085, 0.000, 0.000, 0.467, 0.000, 0.000, 0.309, -0.227, -0.634, -0.000, 23.30
1, 0, 0.000, 0.093, 0.000, 0.000, 0.326, 0.000, 0.000, 0.295, -0.094, -0.620, -0.000, 23.36
0, 0, 0.000, 0.261, 0.000, 0.000, 0.505, 0.000, 0.000, 0.282, -0.011, -1.037, 0.000, 23.47
0, 0, 0.000, 0.280, 0.000, 0.000, 0.245, 0.000, 0.000, 0.269, 0.028, -0.821, -0.000, 23.55
0, 0, 0.000, 0.211, 0.000, 0.000, 0.051, 0.000, 0.000, 0.256, 0.068, -0.587, 0.000, 23.61
0, 0, 0.000, 0.111, 0.000, 0.000, 0.088, 0.000, 0.000, 0.244, 0.019, -0.463, 0.000, 23.65
0, 0, 0.000, 0.020, 0.000, 0.000, 0.043, 0.000, 0.000, 0.233, -0.074, -0.222, 0.000, 23.68
0, 0, 0.000, -0.046, 0.000, 0.000, -0.174, 0.000, 0.000, 0.222, -0.210, 0.208, -0.000, 23.65
0, 0, 0.000, -0.049, 0.000, 0.000, -0.236, 0.000, 0.000, 0.212, -0.300, 0.372, -0.000, 23.62
0, 0, 0.000, -0.033, 0.000, 0.000, -0.191, 0.000, 0.000, 0.202, -0.390, 0.411, -0.000, 23.58
0, 0, 0.000, -0.015, 0.000, 0.000, -0.106, 0.000, 0.000, 0.193, -0.481, 0.409, 0.000, 23.54
0, 0, 0.000, -0.000, 0.000, 0.000, -0.002, 0.000, 0.000, 0.184, -0.620, 0.438, -0.000, 23.49
0, 0, 0.000, 0.011, 0.000, 0.000, 0.100, 0.000, 0.000, 0.176, -0.712, 0.426, 0.000, 23.45
0, 0, 0.000, 0.018, 0.000, 0.000, 0.196, 0.000, 0.000, 0.168, -0.805, 0.423, 0.000, 23.41
0, 0, 0.000, 0.024, 0.000, 0.000, 0.286, 0.000, 0.000, 0.160, -0.899, 0.430, 0.000, 23.36
0, 0, 0.000, 0.028, 0.000, 0.000, 0.380, 0.000, 0.000, 0.152, -1.043, 0.482, 0.000, 23.32
0, 0, 0.000, 0.031, 0.000, 0.000, 0.469, 0.000, 0.000, 0.145, -1.138, 0.492, -0.000, 23.27
0, 0, 0.000, 0.034, 0.000, 0.000, 0.553, 0.000, 0.000, 0.139, -1.234, 0.508, -0.000, 23.22
1, 0, 0.000, 0.281, 0.000, 0.000, 5.039, 0.000, 0.000, 2.630, -15.378, 7.428, -0.000, 22.47
1, 0, 0.000, 0.401, 0.000, 0.000, 7.966, 0.000, 0.000, 2.778, -16.646, 5.501, 0.000, 21.92
1, 0, 0.000, 0.461, 0.000, 0.000, 9.038, 0.000, 0.000, 2.895, -15.128, 2.734, -0.000, 21.65
1, 0, 0.000, 0.509, 0.000, 0.000, 9.148, 0.000, 0.000, 2.994, -12.693, 0.041, 0.000, 21.65
1, 0, 0.000, 0.519, 0.000, 0.000, 8.022, 0.000, 0.000, 3.083, -9.886, -1.737, 0.000, 21.82
1, 0, 0.000, 0.503, 0.000, 0.000, 6.085, 0.000, 0.000, 3.163, -6.690, -3.062, 0.000, 22.13
1, 0, 0.000, 0.425, 0.000, 0.000, 4.396, 0.000, 0.000, 3.237, -5.248, -2.810, 0.000, 22.41
1, 0, 0.000, 0.343, 0.000, 0.000, 2.892, 0.000, 0.000, 3.306, -3.815, -2.725, 0.000, 22.68
0, 0, 0.000, 0.253, 0.000, 0.000, 1.844, 0.000, 0.000, 0.872, -0.244, -2.724, 0.000, 22.95
0, 0, 0.000, 0.170, 0.000, 0.000, 1.073, 0.000, 0.000, 0.778, -0.213, -1.807, 0.000, 23.13
0, 0, 0.000, 0.079, 0.000, 0.000, 0.511, 0.000, 0.000, 0.711, -0.222, -1.080, -0.000, 23.24
0, 0, 0.000, 0.061, 0.000, 0.000, 0.402, 0.000, 0.000, 0.659, -0.275, -0.847, -0.000, 23.32
0, 0, 0.000, 0.061, 0.000, 0.000, 0.473, 0.000, 0.000, 0.615, -0.375, -0.774, 0.000, 23.40
0, 0, 0.000, -0.010, 0.000, 0.000, -0.100, 0.000, 0.000, 0.577, -0.516, 0.050, -0.000, 23.40
0, 0, 0.000, -0.027, 0.000, 0.000, -0.290, 0.000, 0.000, 0.543, -0.609, 0.382, -0.000, 23.36
0, 0, 0.000, -0.023, 0.000, 0.000, -0.274, 0.000, 0.000, 0.513, -0.700, 0.485, -0.000, 23.31
0, 0, 0.000, -0.014, 0.000, 0.000, -0.180, 0.000, 0.000, 0.485, -0.793, 0.502, 0.000, 23.26
0, 0, 0.000, -0.005, 0.000, 0.000, -0.064, 0.000, 0.000, 0.459, -0.886, 0.495, -0.000, 23.21
0, 0, 0.000, 0.003, 0.000, 0.000, 0.053, 0.000, 0.000, 0.436, -0.980, 0.488, 0.000, 23.16
0, 0, 0.000, 0.010, 0.000, 0.000, 0.163, 0.000, 0.000, 0.414, -1.075, 0.488, 0.000, 23.11
0, 0, 0.000, 0.015, 0.000, 0.000, 0.267, 0.000, 0.000, 0.393, -1.170, 0.495, -0.000, 23.06
0, 0, 0.000, 0.019, 0.000, 0.000, 0.364, 0.000, 0.000, 0.374, -1.267, 0.509, 0.000, 23.01
0, 0, 0.000, 0.022, 0.000, 0.000, 0.447, 0.000, 0.000, 0.356, -1.313, 0.488, -0.000, 22.96
0, 0, 0.000, 0.025, 0.000, 0.000, 0.528, 0.000, 0.000, 0.339, -1.410, 0.518, 0.000, 22.91
1, 0, 0.000, 0.254, 0.000, 0.000, 5.770, 0.000, 0.000, 2.820, -17.405, 8.561, 0.000, 22.06
1, 0, 0.000, 0.364, 0.000, 0.000, 8.651, 0.000, 0.000, 2.959, -17.448, 5.475, 0.000, 21.51
1, 0, 0.000, 0.416, 0.000, 0.000, 9.915, 0.000, 0.000, 3.067, -16.500, 3.103, -0.000, 21.20
1, 0, 0.000, 0.461, 0.000, 0.000, 9.998, 0.000, 0.000, 3.159, -13.453, -0.165, 0.000, 21.21
1, 0, 0.000, 0.472, 0.000, 0.000, 8.909, 0.000, 0.000, 3.239, -10.653, -1.968, 0.000, 21.41
1, 0, 0.000, 0.438, 0.000, 0.000, 7.018, 0.000, 0.000, 3.312, -7.989, -2.779, -0.000, 21.69
1, 0, 0.000, 0.380, 0.000, 0.000, 4.975, 0.000, 0.000, 3.379, -5.430, -3.304, 0.000, 22.02
1, 0, 0.000, 0.298, 0.000, 0.000, 3.280, 0.000, 0.000, 3.441, -4.020, -2.999, 0.000, 22.32
0, 0, 0.000, 0.259, 0.000, 0.000, 2.332, 0.000, 0.000, 1.001, -0.220, -3.372, 0.000, 22.66
0, 0, 0.000, 0.177, 0.000, 0.000, 1.325, 0.000, 0.000, 0.902, -0.146, -2.257, 0.000, 22.88
0, 0, 0.000, 0.092, 0.000, 0.000, 0.667, 0.000, 0.000, 0.829, -0.158, -1.431, 0.000, 23.03
0, 0, 0.000, 0.041, 0.000, 0.000, 0.324, 0.000, 0.000, 0.771, -0.212, -0.924, 0.000, 23.12
0, 0, 0.000, 0.028, 0.000, 0.000, 0.263, 0.000, 0.000, 0.722, -0.357, -0.656, 0.000, 23.18
0, 0, 0.000, -0.024, 0.000, 0.000, -0.266, 0.000, 0.000, 0.679, -0.498, 0.108, -0.000, 23.17
0, 0, 0.000, -0.035, 0.000, 0.000, -0.425, 0.000, 0.000, 0.641, -0.589, 0.409, -0.000, 23.13
0, 0, 0.000, -0.031, 0.000, 0.000, -0.396, 0.000, 0.000, 0.606, -0.634, 0.455, -0.000, 23.09
0, 0, 0.000, -0.022, 0.000, 0.000, -0.296, 0.000, 0.000, 0.574, -0.726, 0.469, -0.000, 23.04
0, 0, 0.000, -0.013, 0.000, 0.000, -0.185, 0.000, 0.000, 0.544, -0.771, 0.424, -0.000, 23.00
0, 0, 0.000, -0.005, 0.000, 0.000, -0.073, 0.000, 0.000, 0.517, -0.864, 0.426, 0.000, 22.95
0, 0, 0.000, 0.002, 0.000, 0.000, 0.025, 0.000, 0.000, 0.491, -0.910, 0.393, -0.000, 22.91
0, 0, 0.000, 0.007, 0.000, 0.000, 0.119, 0.000, 0.000, 0.467, -1.005, 0.413, 0.000, 22.87
0, 0, 0.000, 0.011, 0.000, 0.000, 0.200, 0.000, 0.000, 0.444, -1.051, 0.396, -0.000, 22.83
0, 0, 0.000, 0.014, 0.000, 0.000, 0.271, 0.000, 0.000, 0.423, -1.098, 0.390, -0.000, 22.79
0, 0, 0.000, 0.017, 0.000, 0.000, 0.334, 0.000, 0.000, 0.402, -1.144, 0.390, -0.000, 22.76
1, 0, 0.000, 0.210, 0.000, 0.000, 4.261, 0.000, 0.000, 2.881, -13.784, 6.432, 0.000, 22.11
1, 0, 0.000, 0.310, 0.000, 0.000, 6.671, 0.000, 0.000, 3.017, -14.527, 4.530, 0.000, 21.66
1, 0, 0.000, 0.358, 0.000, 0.000, 7.686, 0.000, 0.000, 3.122, -13.658, 2.493, -0.000, 21.41
1, 0, 0.000, 0.383, 0.000, 0.000, 7.730, 0.000, 0.000, 3.211, -11.798, 0.474, -0.000, 21.36
1, 0, 0.000, 0.384, 0.000, 0.000, 6.777, 0.000, 0.000, 3.290, -8.979, -1.472, 0.000, 21.51
1, 0, 0.000, 0.346, 0.000, 0.000, 5.532, 0.000, 0.000, 3.361, -7.410, -1.828, -0.000, 21.69
1, 0, 0.000, 0.305, 0.000, 0.000, 4.294, 0.000, 0.000, 3.425, -5.890, -2.133, 0.000, 21.91
1, 0, 0.000, 0.253, 0.000, 0.000, 3.050, 0.000, 0.000, 3.485, -4.412, -2.376, 0.000, 22.14
0, 0, 0.000, 0.173, 0.000, 0.000, 1.857, 0.000, 0.000, 1.043, -0.294, -2.779, 0.000, 22.42
0, 0, 0.000, 0.122, 0.000, 0.000, 1.106, 0.000, 0.000, 0.941, -0.217, -1.953, 0.000, 22.62
0, 0, 0.000, 0.068, 0.000, 0.000, 0.569, 0.000, 0.000, 0.867, -0.181, -1.323, 0.000, 22.75
0, 0, 0.000, 0.054, 0.000, 0.000, 0.413, 0.000, 0.000, 0.807, -0.145, -1.129, -0.000, 22.86
0, 0, 0.000, 0.010, 0.000, 0.000, 0.091, 0.000, 0.000, 0.757, -0.288, -0.569, -0.000, 22.92
0, 0, 0.000, -0.033, 0.000, 0.000, -0.346, 0.000, 0.000, 0.712, -0.382, 0.048, 0.000, 22.91
0, 0, 0.000, -0.041, 0.000, 0.000, -0.467, 0.000, 0.000, 0.672, -0.474, 0.309, -0.000, 22.88
0, 0, 0.000, -0.035, 0.000, 0.000, -0.431, 0.000, 0.000, 0.636, -0.565, 0.396, -0.000, 22.84
0, 0, 0.000, -0.027, 0.000, 0.000, -0.345, 0.000, 0.000, 0.602, -0.610, 0.379, 0.000, 22.81
0, 0, 0.000, -0.017, 0.000, 0.000, -0.241, 0.000, 0.000, 0.571, -0.703, 0.390, -0.000, 22.77
0, 0, 0.000, -0.010, 0.000, 0.000, -0.143, 0.000, 0.000, 0.543, -0.748, 0.359, -0.000, 22.73
0, 0, 0.000, -0.003, 0.000, 0.000, -0.048, 0.000, 0.000, 0.516, -0.842, 0.378, -0.000, 22.69
0, 0, 0.000, 0.002, 0.000, 0.000, 0.035, 0.000, 0.000, 0.490, -0.888, 0.360, 0.000, 22.66
0, 0, 0.000, 0.007, 0.000, 0.000, 0.118, 0.000, 0.000, 0.467, -0.983, 0.391, -0.000, 22.62
0, 0, 0.000, 0.011, 0.000, 0.000, 0.202, 0.000, 0.000, 0.444, -1.079, 0.422, 0.000, 22.58
0, 0, 0.000, 0.014, 0.000, 0.000, 0.275, 0.000, 0.000, 0.423, -1.125, 0.413, 0.000, 22.53
1, 0, 0.000, 0.212, 0.000, 0.000, 4.348, 0.000, 0.000, 2.901, -14.136, 6.675, 0.000, 21.87
1, 0, 0.000, 0.310, 0.000, 0.000, 6.622, 0.000, 0.000, 3.035, -14.292, 4.325, -0.000, 21.43
1, 0, 0.000, 0.356, 0.000, 0.000, 7.583, 0.000, 0.000, 3.140, -13.438, 2.358, 0.000, 21.20
1, 0, 0.000, 0.385, 0.000, 0.000, 7.521, 0.000, 0.000, 3.228, -11.039, -0.096, 0.000, 21.21
1, 0, 0.000, 0.386, 0.000, 0.000, 6.491, 0.000, 0.000, 3.306, -8.277, -1.906, 0.000, 21.40
1, 0, 0.000, 0.354, 0.000, 0.000, 4.658, 0.000, 0.000, 3.376, -5.131, -3.257, -0.000, 21.73
1, 0, 0.000, 0.266, 0.000, 0.000, 2.833, 0.000, 0.000, 3.440, -3.192, -3.347, 0.000, 22.06
1, 0, 0.000, 0.138, 0.000, 0.000, 1.099, 0.000, 0.000, 3.499, -1.292, -3.444, 0.000, 22.40
0, 0, 0.000, 0.148, 0.000, 0.000, 0.954, 0.000, 0.000, 1.056, -0.032, -2.126, -0.000, 22.62
0, 0, 0.000, 0.086, 0.000, 0.000, 0.430, 0.000, 0.000, 0.954, 0.046, -1.516, 0.000, 22.77
0, 0, 0.000, 0.021, 0.000, 0.000, 0.097, 0.000, 0.000, 0.879, 0.038, -1.035, -0.000, 22.87
0, 0, 0.000, 0.020, 0.000, 0.000, 0.100, 0.000, 0.000, 0.819, -0.015, -0.924, -0.000, 22.96
0, 0, 0.000, 0.026, 0.000, 0.000, 0.153, 0.000, 0.000, 0.768, -0.114, -0.833, 0.000, 23.05
0, 0, 0.000, -0.057, 0.000, 0.000, -0.463, 0.000, 0.000, 0.723, -0.298, 0.096, -0.000, 23.04
0, 0, 0.000, -0.075, 0.000, 0.000, -0.644, 0.000, 0.000, 0.682, -0.342, 0.378, -0.000, 23.00
0, 0, 0.000, -0.064, 0.000, 0.000, -0.611, 0.000, 0.000, 0.645, -0.432, 0.462, 0.000, 22.95
0, 0, 0.000, -0.051, 0.000, 0.000, -0.507, 0.000, 0.000, 0.612, -0.476, 0.422, -0.000, 22.91
0, 0, 0.000, -0.035, 0.000, 0.000, -0.384, 0.000, 0.000, 0.580, -0.568, 0.407, -0.000, 22.87
0, 0, 0.000, -0.022, 0.000, 0.000, -0.263, 0.000, 0.000, 0.551, -0.660, 0.394, -0.000, 22.83
0, 0, 0.000, -0.012, 0.000, 0.000, -0.156, 0.000, 0.000, 0.524, -0.705, 0.350, -0.000, 22.80
0, 0, 0.000, -0.005, 0.000, 0.000, -0.065, 0.000, 0.000, 0.498, -0.751, 0.323, -0.000, 22.76
0, 0, 0.000, 0.002, 0.000, 0.000, 0.022, 0.000, 0.000, 0.474, -0.845, 0.348, 0.000, 22.73
0, 0, 0.000, 0.007, 0.000, 0.000, 0.099, 0.000, 0.000, 0.451, -0.891, 0.335, -0.000, 22.70
0, 0, 0.000, 0.010, 0.000, 0.000, 0.166, 0.000, 0.000, 0.430, -0.938, 0.331, -0.000, 22.66
1, 0, 0.000, 0.195, 0.000, 0.000, 3.233, 0.000, 0.000, 2.907, -11.421, 5.087, 0.000, 22.15
1, 0, 0.000, 0.292, 0.000, 0.000, 5.199, 0.000, 0.000, 3.041, -12.235, 3.703, 0.000, 21.78
1, 0, 0.000, 0.336, 0.000, 0.000, 5.797, 0.000, 0.000, 3.146, -10.873, 1.595, -0.000, 21.62
1, 0, 0.000, 0.378, 0.000, 0.000, 5.782, 0.000, 0.000, 3.234, -8.591, -0.803, -0.000, 21.70
1, 0, 0.000, 0.377, 0.000, 0.000, 4.489, 0.000, 0.000, 3.311, -5.393, -2.785, -0.000, 21.98
1, 0, 0.000, 0.282, 0.000, 0.000, 2.879, 0.000, 0.000, 3.381, -3.944, -2.599, 0.000, 22.24
1, 0, 0.000, 0.186, 0.000, 0.000, 1.644, 0.000, 0.000, 3.445, -3.037, -2.237, -0.000, 22.47
1, 0, 0.000, 0.088, 0.000, 0.000, 0.646, 0.000, 0.000, 3.504, -2.125, -2.113, 0.000, 22.68
0, 0, 0.000, 0.082, 0.000, 0.000, 0.475, 0.000, 0.000, 1.061, -0.096, -1.522, -0.000, 22.83
0, 0, 0.000, 0.052, 0.000, 0.000, 0.222, 0.000, 0.000, 0.958, -0.014, -1.218, -0.000, 22.95
0, 0, 0.000, -0.019, 0.000, 0.000, -0.082, 0.000, 0.000, 0.883, -0.021, -0.762, 0.000, 23.03
0, 0, 0.000, -0.061, 0.000, 0.000, -0.362, 0.000, 0.000, 0.823, -0.160, -0.240, -0.000, 23.05
0, 0, 0.000, -0.070, 0.000, 0.000, -0.482, 0.000, 0.000, 0.772, -0.253, 0.033, 0.000, 23.05
0, 0, 0.000, -0.067, 0.000, 0.000, -0.558, 0.000, 0.000, 0.726, -0.391, 0.289, -0.000, 23.02
0, 0, 0.000, -0.058, 0.000, 0.000, -0.521, 0.000, 0.000, 0.686, -0.435, 0.329, -0.000, 22.99
0, 0, 0.000, -0.044, 0.000, 0.000, -0.431, 0.000, 0.000, 0.649, -0.527, 0.352, -0.000, 22.95
0, 0, 0.000, -0.032, 0.000, 0.000, -0.331, 0.000, 0.000, 0.614, -0.572, 0.320, -0.000, 22.92
0, 0, 0.000, -0.022, 0.000, 0.000, -0.238, 0.000, 0.000, 0.583, -0.617, 0.294, -0.000, 22.89
0, 0, 0.000, -0.012, 0.000, 0.000, -0.147, 0.000, 0.000, 0.554, -0.711, 0.316, -0.000, 22.86
0, 0, 0.000, -0.005, 0.000, 0.000, -0.066, 0.000, 0.000, 0.526, -0.756, 0.301, -0.000, 22.83
0, 0, 0.000, 0.000, 0.000, 0.000, 0.007, 0.000, 0.000, 0.501, -0.803, 0.295, -0.000, 22.80
0, 0, 0.000, 0.006, 0.000, 0.000, 0.081, 0.000, 0.000, 0.476, -0.897, 0.334, -0.000, 22.77
0, 0, 0.000, 0.010, 0.000, 0.000, 0.149, 0.000, 0.000, 0.453, -0.944, 0.332, 0.000, 22.73
0, 0, 0.000, 0.013, 0.000, 0.000, 0.220, 0.000, 0.000, 0.432, -1.039, 0.374, -0.000, 22.70
1, 0, 0.000, 0.212, 0.000, 0.000, 3.704, 0.000, 0.000, 2.909, -12.584, 5.758, 0.000, 22.12
1, 0, 0.000, 0.315, 0.000, 0.000, 5.889, 0.000, 0.000, 3.043, -13.362, 4.116, 0.000, 21.71
1, 0, 0.000, 0.362, 0.000, 0.000, 6.593, 0.000, 0.000, 3.148, -11.963, 1.861, -0.000, 21.52
1, 0, 0.000, 0.400, 0.000, 0.000, 6.544, 0.000, 0.000, 3.236, -9.637, -0.543, 0.000, 21.58
1, 0, 0.000, 0.405, 0.000, 0.000, 5.500, 0.000, 0.000, 3.313, -6.942, -2.277, -0.000, 21.80
1, 0, 0.000, 0.351, 0.000, 0.000, 3.711, 0.000, 0.000, 3.383, -4.378, -3.066, -0.000, 22.11
1, 0, 0.000, 0.242, 0.000, 0.000, 1.802, 0.000, 0.000, 3.446, -1.914, -3.575, 0.000, 22.47
1, 0, 0.000, 0.018, 0.000, 0.000, 0.088, 0.000, 0.000, 3.505, -0.047, -3.565, 0.000, 22.82
0, 0, 0.000, 0.129, 0.000, 0.000, 0.412, 0.000, 0.000, 1.062, 0.073, -1.676, 0.000, 22.99
0, 0, 0.000, 0.071, 0.000, 0.000, 0.123, 0.000, 0.000, 0.960, 0.153, -1.307, 0.000, 23.12
0, 0, 0.000, -0.061, 0.000, 0.000, -0.055, 0.000, 0.000, 0.884, 0.190, -0.958, -0.000, 23.22
0, 0, 0.000, -0.035, 0.000, 0.000, -0.044, 0.000, 0.000, 0.824, 0.138, -0.884, 0.000, 23.31
0, 0, 0.000, -0.041, 0.000, 0.000, -0.116, 0.000, 0.000, 0.773, -0.003, -0.612, 0.000, 23.37
0, 0, 0.000, -0.121, 0.000, 0.000, -0.588, 0.000, 0.000, 0.727, -0.185, 0.167, 0.000, 23.35
0, 0, 0.000, -0.130, 0.000, 0.000, -0.702, 0.000, 0.000, 0.687, -0.228, 0.374, -0.000, 23.31
0, 0, 0.000, -0.104, 0.000, 0.000, -0.654, 0.000, 0.000, 0.650, -0.318, 0.427, -0.000, 23.27
0, 0, 0.000, -0.076, 0.000, 0.000, -0.544, 0.000, 0.000, 0.615, -0.408, 0.413, -0.000, 23.23
0, 0, 0.000, -0.051, 0.000, 0.000, -0.419, 0.000, 0.000, 0.584, -0.499, 0.386, -0.000, 23.19
0, 0, 0.000, -0.034, 0.000, 0.000, -0.304, 0.000, 0.000, 0.555, -0.544, 0.328, -0.000, 23.16
0, 0, 0.000, -0.020, 0.000, 0.000, -0.198, 0.000, 0.000, 0.527, -0.637, 0.327, -0.000, 23.13
0, 0, 0.000, -0.009, 0.000, 0.000, -0.097, 0.000, 0.000, 0.501, -0.730, 0.335, 0.000, 23.09
0, 0, 0.000, -0.001, 0.000, 0.000, -0.010, 0.000, 0.000, 0.477, -0.776, 0.310, -0.000, 23.06
0, 0, 0.000, 0.006, 0.000, 0.000, 0.075, 0.000, 0.000, 0.454, -0.871, 0.336, -0.000, 23.03
0, 0, 0.000, 0.011, 0.000, 0.000, 0.159, 0.000, 0.000, 0.432, -0.966, 0.364, 0.000, 22.99
1, 0, 0.000, 0.015, 0.000, 0.000, 0.232, 0.000, 0.000, 0.412, -1.012, 0.353, -0.000, 22.96
1, 0, 0.000, 0.019, 0.000, 0.000, 0.307, 0.000, 0.000, 0.393, -1.108, 0.389, -0.000, 22.92
1, 0, 0.000, 0.023, 0.000, 0.000, 0.367, 0.000, 0.000, 0.374, -1.007, 0.242, 0.000, 22.89
1, 0, 0.000, 0.069, 0.000, 0.000, 0.960, 0.000, 0.000, 0.357, -0.815, -0.570, -0.000, 22.95
1, 0, 0.000, 0.082, 0.000, 0.000, 0.962, 0.000, 0.000, 0.340, -0.628, -0.755, 0.000, 23.03
1, 0, 0.000, 0.085, 0.000, 0.000, 0.743, 0.000, 0.000, 0.324, -0.397, -0.754, 0.000, 23.10
1, 0, 0.000, 0.097, 0.000, 0.000, 0.537, 0.000, 0.000, 0.309, -0.171, -0.772, -0.000, 23.18
1, 0, 0.000, 0.122, 0.000, 0.000, 0.362, 0.000, 0.000, 0.295, 0.006, -0.785, 0.000, 23.26
0, 0, 0.000, 0.359, 0.000, 0.000, 0.593, 0.000, 0.000, 0.282, 0.086, -1.320, -0.000, 23.39
0, 0, 0.000, 0.390, 0.000, 0.000, 0.296, 0.000, 0.000, 0.269, 0.122, -1.077, -0.000, 23.50
0, 0, 0.000, 0.367, 0.000, 0.000, 0.026, 0.000, 0.000, 0.256, 0.161, -0.810, -0.000, 23.58
0, 0, 0.000, 0.177, 0.000, 0.000, 0.162, 0.000, 0.000, 0.244, 0.065, -0.648, -0.000, 23.64
0, 0, 0.000, 0.157, 0.000, 0.000, 0.298, 0.000, 0.000, 0.233, -0.031, -0.657, -0.000, 23.71
0, 0, 0.000, -0.025, 0.000, 0.000, -0.100, 0.000, 0.000, 0.222, -0.213, 0.116, 0.000, 23.70
0, 0, 0.000, -0.052, 0.000, 0.000, -0.234, 0.000, 0.000, 0.212, -0.257, 0.330, -0.000, 23.66
0, 0, 0.000, -0.039, 0.000, 0.000, -0.210, 0.000, 0.000, 0.202, -0.347, 0.394, 0.000, 23.62
0, 0, 0.000, -0.022, 0.000, 0.000, -0.131, 0.000, 0.000, 0.193, -0.391, 0.351, 0.000, 23.59
0, 0, 0.000, -0.005, 0.000, 0.000, -0.036, 0.000, 0.000, 0.184, -0.482, 0.340, 0.000, 23.56
0, 0, 0.000, 0.007, 0.000, 0.000, 0.051, 0.000, 0.000, 0.176, -0.527, 0.293, 0.000, 23.53
0, 0, 0.000, 0.015, 0.000, 0.000, 0.127, 0.000, 0.000, 0.168, -0.573, 0.262, 0.000, 23.50
0, 0, 0.000, 0.022, 0.000, 0.000, 0.192, 0.000, 0.000, 0.160, -0.618, 0.245, -0.000, 23.48
0, 0, 0.000, 0.026, 0.000, 0.000, 0.258, 0.000, 0.000, 0.152, -0.712, 0.275, 0.000, 23.45
0, 0, 0.000, 0.030, 0.000, 0.000, 0.316, 0.000, 0.000, 0.145, -0.758, 0.267, 0.000, 23.42
0, 0, 0.000, 0.032, 0.000, 0.000, 0.367, 0.000, 0.000, 0.139, -0.804, 0.267, 0.000, 23.39
1, 0, 0.000, 0.232, 0.000, 0.000, 2.827, 0.000, 0.000, 2.630, -9.893, 4.204, -0.000, 22.97
1, 0, 0.000, 0.330, 0.000, 0.000, 4.274, 0.000, 0.000, 2.778, -10.194, 2.813, -0.000, 22.69
1, 0, 0.000, 0.377, 0.000, 0.000, 5.002, 0.000, 0.000, 2.895, -10.015, 1.742, -0.000, 22.52
1, 0, 0.000, 0.407, 0.000, 0.000, 4.882, 0.000, 0.000, 2.994, -8.256, -0.027, 0.000, 22.52
1, 0, 0.000, 0.414, 0.000, 0.000, 4.092, 0.000, 0.000, 3.083, -6.091, -1.498, 0.000, 22.67
1, 0, 0.000, 0.358, 0.000, 0.000, 3.148, 0.000, 0.000, 3.163, -5.103, -1.566, 0.000, 22.83
1, 0, 0.000, 0.288, 0.000, 0.000, 2.225, 0.000, 0.000, 3.237, -4.128, -1.622, -0.000, 22.99
1, 0, 0.000, 0.220, 0.000, 0.000, 1.535, 0.000, 0.000, 3.306, -3.699, -1.362, -0.000, 23.13
0, 0, 0.000, 0.133, 0.000, 0.000, 0.837, 0.000, 0.000, 0.872, -0.272, -1.570, 0.000, 23.28
0, 0, 0.000, 0.066, 0.000, 0.000, 0.412, 0.000, 0.000, 0.778, -0.280, -0.976, 0.000, 23.38
0, 0, 0.000, 0.046, 0.000, 0.000, 0.264, 0.000, 0.000, 0.711, -0.286, -0.735, 0.000, 23.45
0, 0, 0.000, -0.009, 0.000, 0.000, -0.064, 0.000, 0.000, 0.659, -0.335, -0.250, -0.000, 23.48
0, 0, 0.000, -0.026, 0.000, 0.000, -0.200, 0.000, 0.000, 0.615, -0.428, 0.039, -0.000, 23.48
0, 0, 0.000, -0.026, 0.000, 0.000, -0.231, 0.000, 0.000, 0.577, -0.521, 0.202, 0.000, 23.46
0, 0, 0.000, -0.023, 0.000, 0.000, -0.208, 0.000, 0.000, 0.543, -0.520, 0.208, -0.000, 23.43
0, 0, 0.000, -0.017, 0.000, 0.000, -0.158, 0.000, 0.000, 0.513, -0.565, 0.227, -0.000, 23.41
0, 0, 0.000, -0.011, 0.000, 0.000, -0.107, 0.000, 0.000, 0.485, -0.564, 0.197, 0.000, 23.39
0, 0, 0.000, -0.005, 0.000, 0.000, -0.056, 0.000, 0.000, 0.459, -0.610, 0.211, -0.000, 23.37
0, 0, 0.000, -0.000, 0.000, 0.000, -0.004, 0.000, 0.000, 0.436, -0.656, 0.224, -0.000, 23.35
0, 0, 0.000, 0.003, 0.000, 0.000, 0.037, 0.000, 0.000, 0.414, -0.654, 0.199, 0.000, 23.33
0, 0, 0.000, 0.007, 0.000, 0.000, 0.079, 0.000, 0.000, 0.393, -0.700, 0.221, 0.000, 23.31
0, 0, 0.000, 0.010, 0.000, 0.000, 0.112, 0.000, 0.000, 0.374, -0.698, 0.202, 0.000, 23.29
0, 0, 0.000, 0.012, 0.000, 0.000, 0.148, 0.000, 0.000, 0.356, -0.745, 0.229, 0.000, 23.26
0, 0, 0.000, 0.014, 0.000, 0.000, 0.176, 0.000, 0.000, 0.339, -0.743, 0.214, -0.000, 23.24
1, 0, 0.000, 0.185, 0.000, 0.000, 2.426, 0.000, 0.000, 2.820, -9.194, 3.762, -0.000, 22.87
1, 0, 0.000, 0.266, 0.000, 0.000, 3.544, 0.000, 0.000, 2.959, -8.969, 2.201, 0.000, 22.65
1, 0, 0.000, 0.304, 0.000, 0.000, 4.099, 0.000, 0.000, 3.067, -8.829, 1.360, -0.000, 22.51
1, 0, 0.000, 0.319, 0.000, 0.000, 4.016, 0.000, 0.000, 3.159, -7.646, 0.153, 0.000, 22.49
1, 0, 0.000, 0.301, 0.000, 0.000, 3.697, 0.000, 0.000, 3.239, -7.082, -0.156, 0.000, 22.51
1, 0, 0.000, 0.304, 0.000, 0.000, 2.934, 0.000, 0.000, 3.312, -4.944, -1.606, 0.000, 22.67
1, 0, 0.000, 0.246, 0.000, 0.000, 1.931, 0.000, 0.000, 3.379, -3.453, -2.104, 0.000, 22.88
1, 0, 0.000, 0.149, 0.000, 0.000, 0.983, 0.000, 0.000, 3.441, -2.532, -2.041, 0.000, 23.08
0, 0, 0.000, 0.146, 0.000, 0.000, 0.654, 0.000, 0.000, 1.001, -0.085, -1.716, 0.000, 23.26
0, 0, 0.000, 0.030, 0.000, 0.000, 0.141, 0.000, 0.000, 0.902, -0.093, -0.980, -0.000, 23.35
0, 0, 0.000, -0.013, 0.000, 0.000, -0.049, 0.000, 0.000, 0.829, -0.053, -0.714, 0.000, 23.43
0, 0, 0.000, -0.041, 0.000, 0.000, -0.151, 0.000, 0.000, 0.771, -0.057, -0.522, -0.000, 23.48
0, 0, 0.000, -0.077, 0.000, 0.000, -0.405, 0.000, 0.000, 0.722, -0.196, -0.044, 0.000, 23.48
0, 0, 0.000, -0.082, 0.000, 0.000, -0.509, 0.000, 0.000, 0.679, -0.287, 0.199, 0.000, 23.46
0, 0, 0.000, -0.081, 0.000, 0.000, -0.503, 0.000, 0.000, 0.641, -0.285, 0.228, 0.000, 23.44
0, 0, 0.000, -0.073, 0.000, 0.000, -0.454, 0.000, 0.000, 0.606, -0.283, 0.205, -0.000, 23.42
0, 0, 0.000, -0.060, 0.000, 0.000, -0.393, 0.000, 0.000, 0.574, -0.328, 0.207, -0.000, 23.40
0, 0, 0.000, -0.051, 0.000, 0.000, -0.335, 0.000, 0.000, 0.544, -0.327, 0.168, -0.000, 23.38
0, 0, 0.000, -0.043, 0.000, 0.000, -0.286, 0.000, 0.000, 0.517, -0.326, 0.139, -0.000, 23.37
0, 0, 0.000, -0.034, 0.000, 0.000, -0.241, 0.000, 0.000, 0.491, -0.371, 0.156, -0.000, 23.35
0, 0, 0.000, -0.029, 0.000, 0.000, -0.202, 0.000, 0.000, 0.467, -0.370, 0.134, -0.000, 23.34
0, 0, 0.000, -0.024, 0.000, 0.000, -0.170, 0.000, 0.000, 0.444, -0.369, 0.119, -0.000, 23.33
0, 0, 0.000, -0.020, 0.000, 0.000, -0.144, 0.000, 0.000, 0.423, -0.368, 0.110, 0.000, 23.32
0, 0, 0.000, -0.015, 0.000, 0.000, -0.115, 0.000, 0.000, 0.402, -0.414, 0.142, -0.000, 23.30
1, 0, 0.000, 0.083, 0.000, 0.000, 0.634, 0.000, 0.000, 2.881, -4.882, 1.283, -0.000, 23.17
1, 0, 0.000, 0.128, 0.000, 0.000, 0.975, 0.000, 0.000, 3.017, -4.812, 0.692, -0.000, 23.10
1, 0, 0.000, 0.146, 0.000, 0.000, 1.122, 0.000, 0.000, 3.122, -4.773, 0.383, 0.000, 23.07
1, 0, 0.000, 0.130, 0.000, 0.000, 0.789, 0.000, 0.000, 3.211, -3.171, -0.959, 0.000, 23.16
1, 0, 0.000, 0.034, 0.000, 0.000, 0.167, 0.000, 0.000, 3.290, -2.180, -1.311, -0.000, 23.29
1, 0, 0.000, -0.091, 0.000, 0.000, -0.409, 0.000, 0.000, 3.361, -1.734, -1.127, -0.000, 23.41
1, 0, 0.000, -0.165, 0.000, 0.000, -0.681, 0.000, 0.000, 3.425, -1.811, -0.768, 0.000, 23.48
1, 0, 0.000, -0.365, 0.000, 0.000, -0.973, 0.000, 0.000, 3.485, -0.831, -1.316, -0.000, 23.61
0, 0, 0.000, -0.298, 0.000, 0.000, -0.754, 0.000, 0.000, 1.043, -0.068, 0.078, -0.000, 23.61
0, 0, 0.000, -0.309, 0.000, 0.000, -0.580, 0.000, 0.000, 0.941, -0.023, -0.030, -0.000, 23.61
0, 0, 0.000, -0.297, 0.000, 0.000, -0.443, 0.000, 0.000, 0.867, -0.023, -0.104, 0.000, 23.62
0, 0, 0.000, -0.324, 0.000, 0.000, -0.230, 0.000, 0.000, 0.807, 0.020, -0.273, 0.000, 23.65
0, 0, 0.000, -0.277, 0.000, 0.000, -0.361, 0.000, 0.000, 0.757, -0.026, -0.093, 0.000, 23.66
0, 0, 0.000, -0.261, 0.000, 0.000, -0.479, 0.000, 0.000, 0.712, -0.071, 0.099, 0.000, 23.65
0, 0, 0.000, -0.227, 0.000, 0.000, -0.504, 0.000, 0.000, 0.672, -0.116, 0.175, 0.000, 23.63
0, 0, 0.000, -0.186, 0.000, 0.000, -0.482, 0.000, 0.000, 0.636, -0.160, 0.192, 0.000, 23.61
0, 0, 0.000, -0.166, 0.000, 0.000, -0.431, 0.000, 0.000, 0.602, -0.159, 0.154, -0.000, 23.59
0, 0, 0.000, -0.131, 0.000, 0.000, -0.394, 0.000, 0.000, 0.571, -0.204, 0.157, 0.000, 23.58
0, 0, 0.000, -0.102, 0.000, 0.000, -0.353, 0.000, 0.000, 0.543, -0.249, 0.161, 0.000, 23.56
0, 0, 0.000, -0.079, 0.000, 0.000, -0.310, 0.000, 0.000, 0.516, -0.294, 0.167, 0.000, 23.55
0, 0, 0.000, -0.060, 0.000, 0.000, -0.266, 0.000, 0.000, 0.490, -0.339, 0.175, -0.000, 23.53
0, 0, 0.000, -0.049, 0.000, 0.000, -0.226, 0.000, 0.000, 0.467, -0.338, 0.146, -0.000, 23.51
0, 0, 0.000, -0.037, 0.000, 0.000, -0.189, 0.000, 0.000, 0.444, -0.383, 0.165, 0.000, 23.50
0, 0, 0.000, -0.027, 0.000, 0.000, -0.150, 0.000, 0.000, 0.423, -0.429, 0.182, -0.000, 23.48
1, 0, 0.000, 0.109, 0.000, 0.000, 0.636, 0.000, 0.000, 2.901, -5.049, 1.402, -0.000, 23.34
1, 0, 0.000, 0.186, 0.000, 0.000, 1.190, 0.000, 0.000, 3.035, -5.509, 1.097, 0.000, 23.23
1, 0, 0.000, 0.206, 0.000, 0.000, 1.259, 0.000, 0.000, 3.140, -4.907, 0.303, -0.000, 23.20
1, 0, 0.000, 0.202, 0.000, 0.000, 1.129, 0.000, 0.000, 3.228, -4.359, -0.201, 0.000, 23.22
1, 0, 0.000, 0.165, 0.000, 0.000, 0.852, 0.000, 0.000, 3.306, -3.841, -0.482, -0.000, 23.27
1, 0, 0.000, 0.107, 0.000, 0.000, 0.504, 0.000, 0.000, 3.376, -3.341, -0.646, 0.000, 23.33
1, 0, 0.000, 0.012, 0.000, 0.000, 0.042, 0.000, 0.000, 3.440, -2.334, -1.160, -0.000, 23.45
1, 0, 0.000, -0.122, 0.000, 0.000, -0.344, 0.000, 0.000, 3.499, -1.890, -1.143, 0.000, 23.56
0, 0, 0.000, -0.081, 0.000, 0.000, -0.022, 0.000, 0.000, 1.056, -0.026, -0.927, 0.000, 23.65
0, 0, 0.000, 0.008, 0.000, 0.000, 0.018, 0.000, 0.000, 0.954, 0.145, -1.125, 0.000, 23.77
0, 0, 0.000, -0.021, 0.000, 0.000, -0.085, 0.000, 0.000, 0.879, 0.271, -1.044, -0.000, 23.87
0, 0, 0.000, -0.004, 0.000, 0.000, -0.018, 0.000, 0.000, 0.819, 0.306, -1.104, -0.000, 23.98
0, 0, 0.000, -0.035, 0.000, 0.000, -0.135, 0.000, 0.000, 0.768, 0.255, -0.853, 0.000, 24.07
0, 0, 0.000, -0.217, 0.000, 0.000, -0.605, 0.000, 0.000, 0.723, 0.165, -0.067, 0.000, 24.07
0, 0, 0.000, -0.289, 0.000, 0.000, -0.711, 0.000, 0.000, 0.682, 0.122, 0.196, -0.000, 24.05
0, 0, 0.000, -0.352, 0.000, 0.000, -0.612, 0.000, 0.000, 0.645, 0.034, 0.285, 0.000, 24.03
0, 0, 0.000, -0.366, 0.000, 0.000, -0.496, 0.000, 0.000, 0.612, -0.009, 0.260, 0.000, 24.00
0, 0, 0.000, -0.385, 0.000, 0.000, -0.364, 0.000, 0.000, 0.580, -0.053, 0.221, -0.000, 23.98
0, 0, 0.000, -0.427, 0.000, 0.000, -0.215, 0.000, 0.000, 0.551, -0.097, 0.188, 0.000, 23.96
0, 0, 0.000, -0.532, 0.000, 0.000, -0.016, 0.000, 0.000, 0.524, -0.141, 0.166, 0.000, 23.94
0, 0, 0.000, -0.241, 0.000, 0.000, -0.215, 0.000, 0.000, 0.498, -0.232, 0.190, 0.000, 23.92
0, 0, 0.000, -0.151, 0.000, 0.000, -0.223, 0.000, 0.000, 0.474, -0.277, 0.178, -0.000, 23.91
0, 0, 0.000, -0.084, 0.000, 0.000, -0.209, 0.000, 0.000, 0.451, -0.369, 0.211, -0.000, 23.88
0, 0, 0.000, -0.053, 0.000, 0.000, -0.167, 0.000, 0.000, 0.430, -0.414, 0.204, 0.000, 23.86
1, 0, 0.000, 0.199, 0.000, 0.000, 0.847, 0.000, 0.000, 2.907, -5.949, 1.996, 0.000, 23.66
1, 0, 0.000, 0.323, 0.000, 0.000, 1.754, 0.000, 0.000, 3.041, -6.916, 1.798, -0.000, 23.48
1, 0, 0.000, 0.374, 0.000, 0.000, 2.006, 0.000, 0.000, 3.146, -6.266, 0.740, -0.000, 23.41
1, 0, 0.000, 0.411, 0.000, 0.000, 1.851, 0.000, 0.000, 3.234, -5.155, -0.341, 0.000, 23.44
1, 0, 0.000, 0.357, 0.000, 0.000, 1.493, 0.000, 0.000, 3.311, -4.639, -0.522, 0.000, 23.50
1, 0, 0.000, 0.303, 0.000, 0.000, 0.960, 0.000, 0.000, 3.381, -3.611, -1.033, -0.000, 23.60
1, 0, 0.000, 0.197, 0.000, 0.000, 0.387, 0.000, 0.000, 3.445, -2.627, -1.402, 0.000, 23.74
1, 0, 0.000, -0.125, 0.000, 0.000, -0.111, 0.000, 0.000, 3.504, -1.670, -1.598, -0.000, 23.90
0, 0, 0.000, -0.220, 0.000, 0.000, -0.249, 0.000, 0.000, 1.061, -0.142, -0.450, 0.000, 23.95
0, 0, 0.000, -0.358, 0.000, 0.000, -0.062, 0.000, 0.000, 0.958, -0.099, -0.439, -0.000, 23.99
0, 0, 0.000, -0.287, 0.000, 0.000, -0.243, 0.000, 0.000, 0.883, -0.147, -0.206, 0.000, 24.01
0, 0, 0.000, -0.292, 0.000, 0.000, -0.189, 0.000, 0.000, 0.823, -0.149, -0.193, 0.000, 24.03
0, 0, 0.000, -0.175, 0.000, 0.000, -0.120, 0.000, 0.000, 0.772, -0.151, -0.325, 0.000, 24.06
0, 0, 0.000, -0.185, 0.000, 0.000, -0.342, 0.000, 0.000, 0.726, -0.243, 0.043, 0.000, 24.06
0, 0, 0.000, -0.169, 0.000, 0.000, -0.409, 0.000, 0.000, 0.686, -0.288, 0.180, 0.000, 24.04
0, 0, 0.000, -0.136, 0.000, 0.000, -0.401, 0.000, 0.000, 0.649, -0.333, 0.221, -0.000, 24.02
0, 0, 0.000, -0.092, 0.000, 0.000, -0.364, 0.000, 0.000, 0.614, -0.424, 0.265, 0.000, 23.99
0, 0, 0.000, -0.066, 0.000, 0.000, -0.304, 0.000, 0.000, 0.583, -0.469, 0.256, 0.000, 23.96
0, 0, 0.000, -0.046, 0.000, 0.000, -0.242, 0.000, 0.000, 0.554, -0.514, 0.249, -0.000, 23.94
0, 0, 0.000, -0.028, 0.000, 0.000, -0.176, 0.000, 0.000, 0.526, -0.607, 0.285, -0.000, 23.91
0, 0, 0.000, -0.016, 0.000, 0.000, -0.112, 0.000, 0.000, 0.501, -0.653, 0.279, -0.000, 23.88
0, 0, 0.000, -0.007, 0.000, 0.000, -0.051, 0.000, 0.000, 0.476, -0.698, 0.280, -0.000, 23.86
0, 0, 0.000, 0.002, 0.000, 0.000, 0.014, 0.000, 0.000, 0.453, -0.792, 0.323, 0.000, 23.82
0, 0, 0.000, 0.008, 0.000, 0.000, 0.075, 0.000, 0.000, 0.432, -0.838, 0.323, 0.000, 23.79
1, 0, 0.000, 0.251, 0.000, 0.000, 2.680, 0.000, 0.000, 2.909, -10.276, 4.436, 0.000, 23.35
1, 0, 0.000, 0.365, 0.000, 0.000, 4.200, 0.000, 0.000, 3.043, -10.564, 2.956, 0.000, 23.05
1, 0, 0.000, 0.418, 0.000, 0.000, 4.966, 0.000, 0.000, 3.148, -10.374, 1.842, 0.000, 22.87
1, 0, 0.000, 0.451, 0.000, 0.000, 5.035, 0.000, 0.000, 3.236, -9.152, 0.430, 0.000, 22.82
1, 0, 0.000, 0.487, 0.000, 0.000, 4.213, 0.000, 0.000, 3.313, -6.409, -1.604, 0.000, 22.98
1, 0, 0.000, 0.496, 0.000, 0.000, 2.778, 0.000, 0.000, 3.383, -3.840, -2.816, -0.000, 23.27
1, 0, 0.000, 0.387, 0.000, 0.000, 1.208, 0.000, 0.000, 3.446, -1.908, -3.134, -0.000, 23.58
1, 0, 0.000, -0.141, 0.000, 0.000, -0.129, 0.000, 0.000, 3.505, -0.013, -3.222, -0.000, 23.90
0, 0, 0.000, 0.077, 0.000, 0.000, 0.046, 0.000, 0.000, 1.062, 0.079, -1.264, 0.000, 24.03
0, 0, 0.000, -0.017, 0.000, 0.000, -0.026, 0.000, 0.000, 0.960, 0.116, -1.033, -0.000, 24.13
0, 0, 0.000, -0.068, 0.000, 0.000, -0.158, 0.000, 0.000, 0.884, 0.154, -0.813, -0.000, 24.21
0, 0, 0.000, -0.012, 0.000, 0.000, -0.023, 0.000, 0.000, 0.824, 0.102, -0.891, 0.000, 24.30
0, 0, 0.000, 0.011, 0.000, 0.000, 0.008, 0.000, 0.000, 0.773, 0.005, -0.797, 0.000, 24.38
0, 0, 0.000, -0.367, 0.000, 0.000, -0.322, 0.000, 0.000, 0.727, -0.131, 0.092, -0.000, 24.37
0, 0, 0.000, -0.361, 0.000, 0.000, -0.498, 0.000, 0.000, 0.687, -0.174, 0.347, 0.000, 24.34
0, 0, 0.000, -0.287, 0.000, 0.000, -0.527, 0.000, 0.000, 0.650, -0.217, 0.381, 0.000, 24.30
0, 0, 0.000, -0.211, 0.000, 0.000, -0.489, 0.000, 0.000, 0.615, -0.260, 0.345, 0.000, 24.27
0, 0, 0.000, -0.151, 0.000, 0.000, -0.427, 0.000, 0.000, 0.584, -0.304, 0.299, -0.000, 24.24
0, 0, 0.000, -0.107, 0.000, 0.000, -0.359, 0.000, 0.000, 0.555, -0.349, 0.260, 0.000, 24.21
0, 0, 0.000, -0.075, 0.000, 0.000, -0.292, 0.000, 0.000, 0.527, -0.394, 0.234, -0.000, 24.19
0, 0, 0.000, -0.051, 0.000, 0.000, -0.230, 0.000, 0.000, 0.501, -0.439, 0.219, -0.000, 24.16
0, 0, 0.000, -0.034, 0.000, 0.000, -0.172, 0.000, 0.000, 0.477, -0.484, 0.213, -0.000, 24.14
0, 0, 0.000, -0.023, 0.000, 0.000, -0.124, 0.000, 0.000, 0.454, -0.483, 0.176, 0.000, 24.13
0, 0, 0.000, -0.013, 0.000, 0.000, -0.079, 0.000, 0.000, 0.432, -0.528, 0.188, -0.000, 24.11
1, 0, 0.000, -0.009, 0.000, 0.000, -0.058, 0.000, 0.000, 0.412, -0.574, 0.229, 0.000, 24.08
1, 0, 0.000, -0.001, 0.000, 0.000, -0.010, 0.000, 0.000, 0.393, -0.620, 0.239, 0.000, 24.06
1, 0, 0.000, 0.005, 0.000, 0.000, 0.034, 0.000, 0.000, 0.374, -0.618, 0.205, 0.000, 24.04
1, 0, 0.000, 0.014, 0.000, 0.000, 0.096, 0.000, 0.000, 0.357, -0.522, 0.055, -0.000, 24.03
1, 0, 0.000, 0.020, 0.000, 0.000, 0.123, 0.000, 0.000, 0.340, -0.475, -0.008, 0.000, 24.03
1, 0, 0.000, 0.035, 0.000, 0.000, 0.194, 0.000, 0.000, 0.324, -0.429, -0.124, -0.000, 24.05
1, 0, 0.000, 0.039, 0.000, 0.000, 0.200, 0.000, 0.000, 0.309, -0.383, -0.166, -0.000, 24.06
1, 0, 0.000, 0.040, 0.000, 0.000, 0.181, 0.000, 0.000, 0.295, -0.338, -0.178, -0.000, 24.08
0, 0, 0.000, 0.102, 0.000, 0.000, 0.312, 0.000, 0.000, 0.282, -0.249, -0.447, -0.000, 24.13
0, 0, 0.000, 0.049, 0.000, 0.000, 0.168, 0.000, 0.000, 0.269, -0.251, -0.234, 0.000, 24.15
0, 0, 0.000, 0.024, 0.000, 0.000, 0.082, 0.000, 0.000, 0.256, -0.252, -0.111, -0.000, 24.16
0, 0, 0.000, 0.023, 0.000, 0.000, 0.076, 0.000, 0.000, 0.244, -0.252, -0.091, 0.000, 24.17
0, 0, 0.000, 0.014, 0.000, 0.000, 0.045, 0.000, 0.000, 0.233, -0.253, -0.039, 0.000, 24.17
0, 0, 0.000, -0.008, 0.000, 0.000, -0.030, 0.000, 0.000, 0.222, -0.298, 0.114, -0.000, 24.16
0, 0, 0.000, -0.009, 0.000, 0.000, -0.038, 0.000, 0.000, 0.212, -0.343, 0.177, -0.000, 24.14
0, 0, 0.000, -0.003, 0.000, 0.000, -0.013, 0.000, 0.000, 0.202, -0.388, 0.202, -0.000, 24.12
0, 0, 0.000, 0.003, 0.000, 0.000, 0.016, 0.000, 0.000, 0.193, -0.387, 0.175, -0.000, 24.11
0, 0, 0.000, 0.009, 0.000, 0.000, 0.050, 0.000, 0.000, 0.184, -0.432, 0.190, 0.000, 24.09
0, 0, 0.000, 0.014, 0.000, 0.000, 0.085, 0.000, 0.000, 0.176, -0.478, 0.203, 0.000, 24.07
0, 0, 0.000, 0.018, 0.000, 0.000, 0.113, 0.000, 0.000, 0.168, -0.476, 0.178, 0.000, 24.05
0, 0, 0.000, 0.021, 0.000, 0.000, 0.142, 0.000, 0.000, 0.160, -0.522, 0.199, -0.000, 24.03
0, 0, 0.000, 0.024, 0.000, 0.000, 0.164, 0.000, 0.000, 0.152, -0.520, 0.180, 0.000, 24.01
0, 0, 0.000, 0.026, 0.000, 0.000, 0.190, 0.000, 0.000, 0.145, -0.566, 0.205, 0.000, 23.99
0, 0, 0.000, 0.027, 0.000, 0.000, 0.219, 0.000, 0.000, 0.139, -0.612, 0.227, 0.000, 23.97
1, 0, 0.000, 0.208, 0.000, 0.000, 1.712, 0.000, 0.000, 2.630, -7.144, 2.594, 0.000, 23.71
1, 0, 0.000, 0.298, 0.000, 0.000, 2.635, 0.000, 0.000, 2.778, -7.537, 1.826, 0.000, 23.53
1, 0, 0.000, 0.339, 0.000, 0.000, 3.071, 0.000, 0.000, 2.895, -7.423, 1.118, 0.000, 23.41
1, 0, 0.000, 0.348, 0.000, 0.000, 2.887, 0.000, 0.000, 2.994, -6.266, 0.036, 0.000, 23.41
1, 0, 0.000, 0.339, 0.000, 0.000, 2.616, 0.000, 0.000, 3.083, -5.724, -0.314, 0.000, 23.44
1, 0, 0.000, 0.310, 0.000, 0.000, 2.244, 0.000, 0.000, 3.163, -5.205, -0.513, 0.000, 23.49
1, 0, 0.000, 0.279, 0.000, 0.000, 1.693, 0.000, 0.000, 3.237, -4.173, -1.036, 0.000, 23.60
1, 0, 0.000, 0.208, 0.000, 0.000, 1.165, 0.000, 0.000, 3.306, -3.705, -0.974, -0.000, 23.69
0, 0, 0.000, 0.102, 0.000, 0.000, 0.510, 0.000, 0.000, 0.872, -0.270, -1.214, -0.000, 23.82
0, 0, 0.000, 0.068, 0.000, 0.000, 0.268, 0.000, 0.000, 0.778, -0.231, -0.883, 0.000, 23.90
0, 0, 0.000, 0.018, 0.000, 0.000, 0.064, 0.000, 0.000, 0.711, -0.189, -0.604, 0.000, 23.96
0, 0, 0.000, -0.010, 0.000, 0.000, -0.035, 0.000, 0.000, 0.659, -0.193, -0.421, -0.000, 24.01
0, 0, 0.000, -0.056, 0.000, 0.000, -0.228, 0.000, 0.000, 0.615, -0.240, -0.092, -0.000, 24.02
0, 0, 0.000, -0.072, 0.000, 0.000, -0.331, 0.000, 0.000, 0.577, -0.285, 0.111, 0.000, 24.00
0, 0, 0.000, -0.067, 0.000, 0.000, -0.339, 0.000, 0.000, 0.543, -0.330, 0.194, -0.000, 23.99
0, 0, 0.000, -0.056, 0.000, 0.000, -0.306, 0.000, 0.000, 0.513, -0.375, 0.224, -0.000, 23.96
0, 0, 0.000, -0.043, 0.000, 0.000, -0.258, 0.000, 0.000, 0.485, -0.420, 0.236, -0.000, 23.94
0, 0, 0.000, -0.031, 0.000, 0.000, -0.205, 0.000, 0.000, 0.459, -0.465, 0.242, 0.000, 23.92
0, 0, 0.000, -0.022, 0.000, 0.000, -0.152, 0.000, 0.000, 0.436, -0.510, 0.248, -0.000, 23.89
0, 0, 0.000, -0.011, 0.000, 0.000, -0.093, 0.000, 0.000, 0.414, -0.603, 0.293, -0.000, 23.86
0, 0, 0.000, -0.004, 0.000, 0.000, -0.036, 0.000, 0.000, 0.393, -0.648, 0.295, -0.000, 23.83
0, 0, 0.000, 0.003, 0.000, 0.000, 0.027, 0.000, 0.000, 0.374, -0.742, 0.338, -0.000, 23.80
0, 0, 0.000, 0.009, 0.000, 0.000, 0.095, 0.000, 0.000, 0.356, -0.835, 0.376, 0.000, 23.76
0, 0, 0.000, 0.013, 0.000, 0.000, 0.157, 0.000, 0.000, 0.339, -0.881, 0.372, 0.000, 23.72
1, 0, 0.000, 0.245, 0.000, 0.000, 3.183, 0.000, 0.000, 2.820, -11.325, 5.076, 0.000, 23.22
1, 0, 0.000, 0.359, 0.000, 0.000, 5.123, 0.000, 0.000, 2.959, -12.137, 3.695, 0.000, 22.85
1, 0, 0.000, 0.418, 0.000, 0.000, 6.518, 0.000, 0.000, 3.067, -13.024, 3.021, 0.000, 22.54
1, 0, 0.000, 0.460, 0.000, 0.000, 6.296, 0.000, 0.000, 3.159, -10.030, 0.115, -0.000, 22.53
1, 0, 0.000, 0.482, 0.000, 0.000, 5.569, 0.000, 0.000, 3.239, -7.834, -1.457, 0.000, 22.68
1, 0, 0.000, 0.441, 0.000, 0.000, 4.380, 0.000, 0.000, 3.312, -6.286, -1.848, 0.000, 22.86
1, 0, 0.000, 0.385, 0.000, 0.000, 3.341, 0.000, 0.000, 3.379, -5.319, -1.786, 0.000, 23.04
1, 0, 0.000, 0.349, 0.000, 0.000, 2.269, 0.000, 0.000, 3.441, -3.838, -2.222, -0.000, 23.26
0, 0, 0.000, 0.321, 0.000, 0.000, 1.517, 0.000, 0.000, 1.001, -0.199, -2.640, 0.000, 23.53
0, 0, 0.000, 0.122, 0.000, 0.000, 0.668, 0.000, 0.000, 0.902, -0.258, -1.434, -0.000, 23.67
0, 0, 0.000, 0.050, 0.000, 0.000, 0.260, 0.000, 0.000, 0.829, -0.265, -0.875, 0.000, 23.76
0, 0, 0.000, 0.026, 0.000, 0.000, 0.150, 0.000, 0.000, 0.771, -0.317, -0.631, 0.000, 23.82
0, 0, 0.000, -0.010, 0.000, 0.000, -0.067, 0.000, 0.000, 0.722, -0.412, -0.234, -0.000, 23.85
0, 0, 0.000, -0.045, 0.000, 0.000, -0.367, 0.000, 0.000, 0.679, -0.505, 0.237, 0.000, 23.82
0, 0, 0.000, -0.047, 0.000, 0.000, -0.415, 0.000, 0.000, 0.641, -0.549, 0.370, -0.000, 23.78
0, 0, 0.000, -0.039, 0.000, 0.000, -0.365, 0.000, 0.000, 0.606, -0.593, 0.392, 0.000, 23.75
0, 0, 0.000, -0.029, 0.000, 0.000, -0.285, 0.000, 0.000, 0.574, -0.638, 0.378, 0.000, 23.71
0, 0, 0.000, -0.019, 0.000, 0.000, -0.202, 0.000, 0.000, 0.544, -0.683, 0.360, -0.000, 23.67
0, 0, 0.000, -0.010, 0.000, 0.000, -0.115, 0.000, 0.000, 0.517, -0.776, 0.384, -0.000, 23.63
0, 0, 0.000, -0.003, 0.000, 0.000, -0.036, 0.000, 0.000, 0.491, -0.821, 0.369, -0.000, 23.60
0, 0, 0.000, 0.003, 0.000, 0.000, 0.035, 0.000, 0.000, 0.467, -0.867, 0.362, 0.000, 23.56
0, 0, 0.000, 0.007, 0.000, 0.000, 0.090, 0.000, 0.000, 0.444, -0.864, 0.324, 0.000, 23.53
0, 0, 0.000, 0.010, 0.000, 0.000, 0.141, 0.000, 0.000, 0.423, -0.910, 0.336, -0.000, 23.49
0, 0, 0.000, 0.013, 0.000, 0.000, 0.191, 0.000, 0.000, 0.402, -0.956, 0.350, 0.000, 23.46
1, 0, 0.000, 0.216, 0.000, 0.000, 3.337, 0.000, 0.000, 2.881, -11.635, 5.201, 0.000, 22.94
1, 0, 0.000, 0.316, 0.000, 0.000, 5.122, 0.000, 0.000, 3.017, -11.878, 3.424, 0.000, 22.60
1, 0, 0.000, 0.363, 0.000, 0.000, 6.008, 0.000, 0.000, 3.122, -11.655, 2.161, 0.000, 22.38
1, 0, 0.000, 0.415, 0.000, 0.000, 5.753, 0.000, 0.000, 3.211, -8.230, -1.150, 0.000, 22.50
1, 0, 0.000, 0.397, 0.000, 0.000, 4.596, 0.000, 0.000, 3.290, -6.131, -2.152, -0.000, 22.71
1, 0, 0.000, 0.323, 0.000, 0.000, 3.333, 0.000, 0.000, 3.361, -5.171, -1.846, 0.000, 22.90
1, 0, 0.000, 0.261, 0.000, 0.000, 2.162, 0.000, 0.000, 3.425, -3.685, -2.164, 0.000, 23.11
1, 0, 0.000, 0.172, 0.000, 0.000, 1.029, 0.000, 0.000, 3.485, -2.243, -2.443, 0.000, 23.36
0, 0, 0.000, 0.179, 0.000, 0.000, 0.819, 0.000, 0.000, 1.043, -0.109, -1.932, -0.000, 23.55
0, 0, 0.000, 0.116, 0.000, 0.000, 0.416, 0.000, 0.000, 0.941, -0.075, -1.398, -0.000, 23.69
0, 0, 0.000, 0.017, 0.000, 0.000, 0.063, 0.000, 0.000, 0.867, -0.082, -0.865, 0.000, 23.78
0, 0, 0.000, -0.014, 0.000, 0.000, -0.064, 0.000, 0.000, 0.807, -0.178, -0.552, 0.000, 23.83
0, 0, 0.000, -0.060, 0.000, 0.000, -0.375, 0.000, 0.000, 0.757, -0.317, -0.005, 0.000, 23.83
0, 0, 0.000, -0.082, 0.000, 0.000, -0.573, 0.000, 0.000, 0.712, -0.362, 0.305, -0.000, 23.80
0, 0, 0.000, -0.082, 0.000, 0.000, -0.575, 0.000, 0.000, 0.672, -0.359, 0.343, -0.000, 23.77
0, 0, 0.000, -0.068, 0.000, 0.000, -0.508, 0.000, 0.000, 0.636, -0.403, 0.343, -0.000, 23.73
0, 0, 0.000, -0.053, 0.000, 0.000, -0.421, 0.000, 0.000, 0.602, -0.447, 0.320, 0.000, 23.70
0, 0, 0.000, -0.040, 0.000, 0.000, -0.336, 0.000, 0.000, 0.571, -0.492, 0.296, -0.000, 23.67
0, 0, 0.000, -0.029, 0.000, 0.000, -0.257, 0.000, 0.000, 0.543, -0.537, 0.280, -0.000, 23.64
0, 0, 0.000, -0.020, 0.000, 0.000, -0.186, 0.000, 0.000, 0.516, -0.582, 0.272, 0.000, 23.61
0, 0, 0.000, -0.012, 0.000, 0.000, -0.121, 0.000, 0.000, 0.490, -0.628, 0.270, -0.000, 23.59
0, 0, 0.000, -0.006, 0.000, 0.000, -0.061, 0.000, 0.000, 0.467, -0.673, 0.273, 0.000, 23.56
0, 0, 0.000, -0.001, 0.000, 0.000, -0.014, 0.000, 0.000, 0.444, -0.671, 0.242, -0.000, 23.54
0, 0, 0.000, 0.003, 0.000, 0.000, 0.032, 0.000, 0.000, 0.423, -0.717, 0.259, 0.000, 23.51
1, 0, 0.000, 0.182, 0.000, 0.000, 2.188, 0.000, 0.000, 2.901, -8.897, 3.626, 0.000, 23.15
1, 0, 0.000, 0.265, 0.000, 0.000, 3.259, 0.000, 0.000, 3.035, -8.680, 2.121, 0.000, 22.94
1, 0, 0.000, 0.309, 0.000, 0.000, 3.984, 0.000, 0.000, 3.140, -9.096, 1.663, 0.000, 22.77
1, 0, 0.000, 0.337, 0.000, 0.000, 3.597, 0.000, 0.000, 3.228, -6.280, -0.882, 0.000, 22.86
1, 0, 0.000, 0.294, 0.000, 0.000, 2.962, 0.000, 0.000, 3.306, -5.784, -0.778, 0.000, 22.94
1, 0, 0.000, 0.258, 0.000, 0.000, 2.431, 0.000, 0.000, 3.376, -5.290, -0.775, 0.000, 23.01
1, 0, 0.000, 0.234, 0.000, 0.000, 1.855, 0.000, 0.000, 3.440, -4.278, -1.251, 0.000, 23.14
1, 0, 0.000, 0.184, 0.000, 0.000, 1.327, 0.000, 0.000, 3.499, -3.830, -1.180, -0.000, 23.26
0, 0, 0.000, 0.084, 0.000, 0.000, 0.568, 0.000, 0.000, 1.056, -0.282, -1.426, 0.000, 23.40
0, 0, 0.000, 0.030, 0.000, 0.000, 0.196, 0.000, 0.000, 0.954, -0.289, -0.892, 0.000, 23.49
0, 0, 0.000, -0.025, 0.000, 0.000, -0.182, 0.000, 0.000, 0.879, -0.338, -0.334, -0.000, 23.52
0, 0, 0.000, -0.040, 0.000, 0.000, -0.306, 0.000, 0.000, 0.819, -0.386, -0.087, -0.000, 23.53
0, 0, 0.000, -0.039, 0.000, 0.000, -0.312, 0.000, 0.000, 0.768, -0.433, 0.015, -0.000, 23.53
0, 0, 0.000, -0.043, 0.000, 0.000, -0.376, 0.000, 0.000, 0.723, -0.479, 0.175, -0.000, 23.51
0, 0, 0.000, -0.039, 0.000, 0.000, -0.360, 0.000, 0.000, 0.682, -0.524, 0.240, 0.000, 23.49
0, 0, 0.000, -0.032, 0.000, 0.000, -0.310, 0.000, 0.000, 0.645, -0.569, 0.266, -0.000, 23.46
0, 0, 0.000, -0.024, 0.000, 0.000, -0.249, 0.000, 0.000, 0.612, -0.615, 0.276, 0.000, 23.43
0, 0, 0.000, -0.017, 0.000, 0.000, -0.186, 0.000, 0.000, 0.580, -0.660, 0.283, -0.000, 23.40
0, 0, 0.000, -0.011, 0.000, 0.000, -0.125, 0.000, 0.000, 0.551, -0.706, 0.291, -0.000, 23.38
0, 0, 0.000, -0.005, 0.000, 0.000, -0.066, 0.000, 0.000, 0.524, -0.752, 0.300, -0.000, 23.35
0, 0, 0.000, -0.001, 0.000, 0.000, -0.010, 0.000, 0.000, 0.498, -0.798, 0.310, 0.000, 23.31
0, 0, 0.000, 0.004, 0.000, 0.000, 0.054, 0.000, 0.000, 0.474, -0.892, 0.361, 0.000, 23.28
0, 0, 0.000, 0.008, 0.000, 0.000, 0.123, 0.000, 0.000, 0.451, -0.987, 0.404, 0.000, 23.24
0, 0, 0.000, 0.012, 0.000, 0.000, 0.188, 0.000, 0.000, 0.430, -1.033, 0.404, -0.000, 23.20
1, 0, 0.000, 0.226, 0.000, 0.000, 3.872, 0.000, 0.000, 2.907, -13.073, 6.068, -0.000, 22.59
1, 0, 0.000, 0.335, 0.000, 0.000, 6.152, 0.000, 0.000, 3.041, -13.834, 4.306, 0.000, 22.16
1, 0, 0.000, 0.389, 0.000, 0.000, 7.513, 0.000, 0.000, 3.146, -14.120, 3.073, -0.000, 21.85
1, 0, 0.000, 0.449, 0.000, 0.000, 7.528, 0.000, 0.000, 3.234, -10.580, -0.631, -0.000, 21.92
1, 0, 0.000, 0.450, 0.000, 0.000, 6.562, 0.000, 0.000, 3.311, -8.417, -1.907, -0.000, 22.11
1, 0, 0.000, 0.418, 0.000, 0.000, 5.041, 0.000, 0.000, 3.381, -6.347, -2.493, -0.000, 22.36
1, 0, 0.000, 0.353, 0.000, 0.000, 3.568, 0.000, 0.000, 3.445, -4.878, -2.488, 0.000, 22.60
1, 0, 0.000, 0.274, 0.000, 0.000, 2.048, 0.000, 0.000, 3.504, -2.905, -2.920, -0.000, 22.90
0, 0, 0.000, 0.267, 0.000, 0.000, 1.600, 0.000, 0.000, 1.061, -0.170, -2.757, -0.000, 23.17
0, 0, 0.000, 0.147, 0.000, 0.000, 0.840, 0.000, 0.000, 0.958, -0.185, -1.760, 0.000, 23.35
0, 0, 0.000, 0.056, 0.000, 0.000, 0.324, 0.000, 0.000, 0.883, -0.194, -1.069, 0.000, 23.46
0, 0, 0.000, 0.010, 0.000, 0.000, 0.068, 0.000, 0.000, 0.823, -0.291, -0.610, 0.000, 23.52
0, 0, 0.000, -0.029, 0.000, 0.000, -0.265, 0.000, 0.000, 0.772, -0.479, 0.002, 0.000, 23.52
0, 0, 0.000, -0.054, 0.000, 0.000, -0.515, 0.000, 0.000, 0.726, -0.476, 0.319, -0.000, 23.48
0, 0, 0.000, -0.053, 0.000, 0.000, -0.526, 0.000, 0.000, 0.686, -0.520, 0.414, -0.000, 23.44
0, 0, 0.000, -0.046, 0.000, 0.000, -0.458, 0.000, 0.000, 0.649, -0.517, 0.373, 0.000, 23.41
0, 0, 0.000, -0.035, 0.000, 0.000, -0.369, 0.000, 0.000, 0.614, -0.562, 0.351, 0.000, 23.37
0, 0, 0.000, -0.027, 0.000, 0.000, -0.286, 0.000, 0.000, 0.583, -0.559, 0.290, -0.000, 23.34
0, 0, 0.000, -0.019, 0.000, 0.000, -0.211, 0.000, 0.000, 0.554, -0.605, 0.281, -0.000, 23.31
0, 0, 0.000, -0.012, 0.000, 0.000, -0.142, 0.000, 0.000, 0.526, -0.650, 0.278, 0.000, 23.29
0, 0, 0.000, -0.007, 0.000, 0.000, -0.087, 0.000, 0.000, 0.501, -0.648, 0.242, -0.000, 23.26
0, 0, 0.000, -0.005, 0.000, 0.000, -0.052, 0.000, 0.000, 0.476, -0.599, 0.179, -0.000, 23.24
0, 0, 0.000, -0.002, 0.000, 0.000, -0.025, 0.000, 0.000, 0.453, -0.597, 0.171, -0.000, 23.23
0, 0, 0.000, -0.000, 0.000, 0.000, -0.002, 0.000, 0.000, 0.432, -0.596, 0.166, -0.000, 23.21
1, 0, 0.000, 0.126, 0.000, 0.000, 1.474, 0.000, 0.000, 2.909, -6.965, 2.456, 0.000, 22.96
1, 0, 0.000, 0.187, 0.000, 0.000, 2.186, 0.000, 0.000, 3.043, -6.822, 1.406, 0.000, 22.82
1, 0, 0.000, 0.214, 0.000, 0.000, 2.516, 0.000, 0.000, 3.148, -6.735, 0.857, -0.000, 22.74
1, 0, 0.000, 0.203, 0.000, 0.000, 2.109, 0.000, 0.000, 3.236, -5.062, -0.486, 0.000, 22.79
1, 0, 0.000, 0.168, 0.000, 0.000, 1.437, 0.000, 0.000, 3.313, -3.500, -1.417, 0.000, 22.93
1, 0, 0.000, 0.100, 0.000, 0.000, 0.787, 0.000, 0.000, 3.383, -3.058, -1.211, 0.000, 23.05
1, 0, 0.000, 0.059, 0.000, 0.000, 0.496, 0.000, 0.000, 3.446, -3.657, -0.344, 0.000, 23.08
1, 0, 0.000, 0.029, 0.000, 0.000, 0.189, 0.000, 0.000, 3.505, -2.639, -1.084, 0.000, 23.19
0, 0, 0.000, -0.020, 0.000, 0.000, -0.130, 0.000, 0.000, 1.062, -0.224, -0.688, -0.000, 23.26
0, 0, 0.000, -0.050, 0.000, 0.000, -0.328, 0.000, 0.000, 0.960, -0.227, -0.355, 0.000, 23.30
0, 0, 0.000, -0.060, 0.000, 0.000, -0.345, 0.000, 0.000, 0.884, -0.183, -0.297, 0.000, 23.33
0, 0, 0.000, -0.061, 0.000, 0.000, -0.338, 0.000, 0.000, 0.824, -0.185, -0.241, 0.000, 23.35
0, 0, 0.000, -0.073, 0.000, 0.000, -0.447, 0.000, 0.000, 0.773, -0.231, -0.021, 0.000, 23.35
0, 0, 0.000, -0.077, 0.000, 0.000, -0.511, 0.000, 0.000, 0.727, -0.277, 0.138, -0.000, 23.34
0, 0, 0.000, -0.070, 0.000, 0.000, -0.492, 0.000, 0.000, 0.687, -0.322, 0.197, 0.000, 23.32
0, 0, 0.000, -0.059, 0.000, 0.000, -0.442, 0.000, 0.000, 0.650, -0.367, 0.218, -0.000, 23.30
0, 0, 0.000, -0.048, 0.000, 0.000, -0.382, 0.000, 0.000, 0.615, -0.412, 0.226, -0.000, 23.27
0, 0, 0.000, -0.041, 0.000, 0.000, -0.326, 0.000, 0.000, 0.584, -0.410, 0.194, -0.000, 23.26
0, 0, 0.000, -0.033, 0.000, 0.000, -0.274, 0.000, 0.000, 0.555, -0.456, 0.207, 0.000, 23.23
0, 0, 0.000, -0.025, 0.000, 0.000, -0.222, 0.000, 0.000, 0.527, -0.501, 0.221, -0.000, 23.21
0, 0, 0.000, -0.018, 0.000, 0.000, -0.171, 0.000, 0.000, 0.501, -0.547, 0.234, -0.000, 23.19
0, 0, 0.000, -0.012, 0.000, 0.000, -0.120, 0.000, 0.000, 0.477, -0.592, 0.247, -0.000, 23.16
0, 0, 0.000, -0.007, 0.000, 0.000, -0.071, 0.000, 0.000, 0.454, -0.638, 0.261, 0.000, 23.14
0, 0, 0.000, -0.003, 0.000, 0.000, -0.030, 0.000, 0.000, 0.432, -0.636, 0.236, -0.000, 23.11
1, 0, 0.000, 0.001, 0.000, 0.000, 0.011, 0.000, 0.000, 0.412, -0.682, 0.258, -0.000, 23.09
1, 0, 0.000, 0.004, 0.000, 0.000, 0.053, 0.000, 0.000, 0.393, -0.728, 0.278, 0.000, 23.06
1, 0, 0.000, 0.008, 0.000, 0.000, 0.095, 0.000, 0.000, 0.374, -0.774, 0.297, -0.000, 23.03
1, 0, 0.000, 0.044, 0.000, 0.000, 0.464, 0.000, 0.000, 0.357, -0.536, -0.329, 0.000, 23.06
1, 0, 0.000, 0.048, 0.000, 0.000, 0.422, 0.000, 0.000, 0.340, -0.398, -0.413, 0.000, 23.11
1, 0, 0.000, 0.067, 0.000, 0.000, 0.453, 0.000, 0.000, 0.324, -0.262, -0.582, 0.000, 23.16
1, 0, 0.000, 0.053, 0.000, 0.000, 0.322, 0.000, 0.000, 0.309, -0.220, -0.465, 0.000, 23.21
1, 0, 0.000, 0.067, 0.000, 0.000, 0.307, 0.000, 0.000, 0.295, -0.132, -0.538, 0.000, 23.26
0, 0, 0.000, 0.049, 0.000, 0.000, 0.222, 0.000, 0.000, 0.282, -0.135, -0.417, 0.000, 23.31
0, 0, 0.000, 0.021, 0.000, 0.000, 0.093, 0.000, 0.000, 0.269, -0.137, -0.246, -0.000, 23.33
0, 0, 0.000, 0.002, 0.000, 0.000, 0.012, 0.000, 0.000, 0.256, -0.230, -0.041, 0.000, 23.33
0, 0, 0.000, 0.001, 0.000, 0.000, 0.005, 0.000, 0.000, 0.244, -0.276, 0.026, 0.000, 23.33
0, 0, 0.000, 0.011, 0.000, 0.000, 0.071, 0.000, 0.000, 0.233, -0.323, 0.007, -0.000, 23.33
0, 0, 0.000, -0.010, 0.000, 0.000, -0.071, 0.000, 0.000, 0.222, -0.368, 0.227, 0.000, 23.31
0, 0, 0.000, -0.009, 0.000, 0.000, -0.074, 0.000, 0.000, 0.212, -0.459, 0.330, -0.000, 23.28
0, 0, 0.000, -0.003, 0.000, 0.000, -0.029, 0.000, 0.000, 0.202, -0.503, 0.333, 0.000, 23.24
0, 0, 0.000, 0.003, 0.000, 0.000, 0.030, 0.000, 0.000, 0.193, -0.548, 0.322, 0.000, 23.21
0, 0, 0.000, 0.009, 0.000, 0.000, 0.089, 0.000, 0.000, 0.184, -0.593, 0.311, 0.000, 23.18
0, 0, 0.000, 0.014, 0.000, 0.000, 0.153, 0.000, 0.000, 0.176, -0.686, 0.343, 0.000, 23.14
0, 0, 0.000, 0.019, 0.000, 0.000, 0.211, 0.000, 0.000, 0.168, -0.732, 0.335, -0.000, 23.11
0, 0, 0.000, 0.022, 0.000, 0.000, 0.263, 0.000, 0.000, 0.160, -0.777, 0.333, 0.000, 23.08
0, 0, 0.000, 0.024, 0.000, 0.000, 0.320, 0.000, 0.000, 0.152, -0.872, 0.375, 0.000, 23.04
0, 0, 0.000, 0.027, 0.000, 0.000, 0.372, 0.000, 0.000, 0.145, -0.918, 0.374, 0.000, 23.00
0, 0, 0.000, 0.028, 0.000, 0.000, 0.429, 0.000, 0.000, 0.139, -1.012, 0.416, 0.000, 22.96
1, 0, 0.000, 0.237, 0.000, 0.000, 3.808, 0.000, 0.000, 2.630, -12.275, 5.599, 0.000, 22.40
1, 0, 0.000, 0.342, 0.000, 0.000, 5.923, 0.000, 0.000, 2.778, -13.061, 4.018, -0.000, 22.00
1, 0, 0.000, 0.395, 0.000, 0.000, 7.191, 0.000, 0.000, 2.895, -13.365, 2.885, -0.000, 21.71
1, 0, 0.000, 0.426, 0.000, 0.000, 7.125, 0.000, 0.000, 2.994, -10.923, 0.378, 0.000, 21.67
1, 0, 0.000, 0.430, 0.000, 0.000, 6.343, 0.000, 0.000, 3.083, -8.679, -1.177, 0.000, 21.79
1, 0, 0.000, 0.408, 0.000, 0.000, 5.292, 0.000, 0.000, 3.163, -7.107, -1.757, 0.000, 21.97
1, 0, 0.000, 0.371, 0.000, 0.000, 3.921, 0.000, 0.000, 3.237, -5.054, -2.475, 0.000, 22.21
1, 0, 0.000, 0.304, 0.000, 0.000, 2.436, 0.000, 0.000, 3.306, -3.080, -2.966, -0.000, 22.51
0, 0, 0.000, 0.287, 0.000, 0.000, 1.850, 0.000, 0.000, 0.872, -0.185, -2.824, 0.000, 22.79
0, 0, 0.000, 0.153, 0.000, 0.000, 0.936, 0.000, 0.000, 0.778, -0.153, -1.714, 0.000, 22.96
0, 0, 0.000, 0.088, 0.000, 0.000, 0.507, 0.000, 0.000, 0.711, -0.162, -1.145, -0.000, 23.08
0, 0, 0.000, 0.081, 0.000, 0.000, 0.503, 0.000, 0.000, 0.659, -0.217, -1.025, 0.000, 23.18
0, 0, 0.000, 0.047, 0.000, 0.000, 0.371, 0.000, 0.000, 0.615, -0.363, -0.670, 0.000, 23.25
0, 0, 0.000, -0.031, 0.000, 0.000, -0.274, 0.000, 0.000, 0.577, -0.408, 0.136, 0.000, 23.23
0, 0, 0.000, -0.045, 0.000, 0.000, -0.431, 0.000, 0.000, 0.543, -0.499, 0.431, -0.000, 23.19
0, 0, 0.000, -0.039, 0.000, 0.000, -0.401, 0.000, 0.000, 0.513, -0.543, 0.470, -0.000, 23.14
0, 0, 0.000, -0.027, 0.000, 0.000, -0.303, 0.000, 0.000, 0.485, -0.634, 0.479, -0.000, 23.10
0, 0, 0.000, -0.015, 0.000, 0.000, -0.187, 0.000, 0.000, 0.459, -0.727, 0.470, 0.000, 23.05
0, 0, 0.000, -0.006, 0.000, 0.000, -0.081, 0.000, 0.000, 0.436, -0.772, 0.423, -0.000, 23.01
0, 0, 0.000, 0.001, 0.000, 0.000, 0.021, 0.000, 0.000, 0.414, -0.865, 0.429, -0.000, 22.96
0, 0, 0.000, 0.007, 0.000, 0.000, 0.108, 0.000, 0.000, 0.393, -0.911, 0.402, 0.000, 22.92
0, 0, 0.000, 0.012, 0.000, 0.000, 0.193, 0.000, 0.000, 0.374, -1.006, 0.427, 0.000, 22.88
0, 0, 0.000, 0.016, 0.000, 0.000, 0.266, 0.000, 0.000, 0.356, -1.052, 0.414, 0.000, 22.84
0, 0, 0.000, 0.019, 0.000, 0.000, 0.341, 0.000, 0.000, 0.339, -1.147, 0.449, -0.000, 22.79
1, 0, 0.000, 0.227, 0.000, 0.000, 4.286, 0.000, 0.000, 2.820, -13.819, 6.486, 0.000, 22.15
1, 0, 0.000, 0.332, 0.000, 0.000, 6.705, 0.000, 0.000, 2.959, -14.559, 4.564, -0.000, 21.69
1, 0, 0.000, 0.385, 0.000, 0.000, 8.138, 0.000, 0.000, 3.067, -14.831, 3.240, 0.000, 21.37
1, 0, 0.000, 0.432, 0.000, 0.000, 8.261, 0.000, 0.000, 3.159, -11.806, -0.046, -0.000, 21.37
1, 0, 0.000, 0.442, 0.000, 0.000, 7.320, 0.000, 0.000, 3.239, -9.037, -1.965, -0.000, 21.57
1, 0, 0.000, 0.405, 0.000, 0.000, 5.927, 0.000, 0.000, 3.312, -7.500, -2.144, 0.000, 21.78
1, 0, 0.000, 0.362, 0.000, 0.000, 4.370, 0.000, 0.000, 3.379, -5.458, -2.654, 0.000, 22.05
1, 0, 0.000, 0.291, 0.000, 0.000, 2.936, 0.000, 0.000, 3.441, -4.013, -2.656, 0.000, 22.31
0, 0, 0.000, 0.235, 0.000, 0.000, 2.068, 0.000, 0.000, 1.001, -0.263, -3.040, 0.000, 22.62
0, 0, 0.000, 0.148, 0.000, 0.000, 1.185, 0.000, 0.000, 0.902, -0.233, -2.001, 0.000, 22.82
0, 0, 0.000, 0.084, 0.000, 0.000, 0.659, 0.000, 0.000, 0.829, -0.244, -1.328, -0.000, 22.95
0, 0, 0.000, 0.065, 0.000, 0.000, 0.582, 0.000, 0.000, 0.771, -0.347, -1.072, 0.000, 23.06
0, 0, 0.000, 0.031, 0.000, 0.000, 0.328, 0.000, 0.000, 0.722, -0.493, -0.588, -0.000, 23.12
0, 0, 0.000, -0.026, 0.000, 0.000, -0.300, 0.000, 0.000, 0.679, -0.539, 0.186, -0.000, 23.10
0, 0, 0.000, -0.037, 0.000, 0.000, -0.444, 0.000, 0.000, 0.641, -0.583, 0.423, 0.000, 23.05
0, 0, 0.000, -0.032, 0.000, 0.000, -0.407, 0.000, 0.000, 0.606, -0.627, 0.461, -0.000, 23.01
0, 0, 0.000, -0.024, 0.000, 0.000, -0.312, 0.000, 0.000, 0.574, -0.671, 0.434, -0.000, 22.96
0, 0, 0.000, -0.015, 0.000, 0.000, -0.209, 0.000, 0.000, 0.544, -0.716, 0.396, -0.000, 22.93
0, 0, 0.000, -0.008, 0.000, 0.000, -0.112, 0.000, 0.000, 0.517, -0.762, 0.365, -0.000, 22.89
0, 0, 0.000, -0.002, 0.000, 0.000, -0.026, 0.000, 0.000, 0.491, -0.807, 0.345, 0.000, 22.85
0, 0, 0.000, 0.003, 0.000, 0.000, 0.049, 0.000, 0.000, 0.467, -0.853, 0.334, 0.000, 22.82
0, 0, 0.000, 0.007, 0.000, 0.000, 0.117, 0.000, 0.000, 0.444, -0.899, 0.331, 0.000, 22.79
0, 0, 0.000, 0.010, 0.000, 0.000, 0.168, 0.000, 0.000, 0.423, -0.897, 0.295, -0.000, 22.76
0, 0, 0.000, 0.013, 0.000, 0.000, 0.218, 0.000, 0.000, 0.402, -0.943, 0.310, -0.000, 22.73
1, 0, 0.000, 0.180, 0.000, 0.000, 3.109, 0.000, 0.000, 2.881, -10.926, 4.756, 0.000, 22.25
1, 0, 0.000, 0.266, 0.000, 0.000, 4.763, 0.000, 0.000, 3.017, -11.196, 3.151, 0.000, 21.94
1, 0, 0.000, 0.311, 0.000, 0.000, 5.793, 0.000, 0.000, 3.122, -11.553, 2.326, -0.000, 21.70
1, 0, 0.000, 0.335, 0.000, 0.000, 5.673, 0.000, 0.000, 3.211, -9.182, -0.038, 0.000, 21.71
1, 0, 0.000, 0.319, 0.000, 0.000, 5.230, 0.000, 0.000, 3.290, -8.617, -0.222, -0.000, 21.73
1, 0, 0.000, 0.306, 0.000, 0.000, 4.480, 0.000, 0.000, 3.361, -6.985, -1.162, 0.000, 21.85
1, 0, 0.000, 0.271, 0.000, 0.000, 3.805, 0.000, 0.000, 3.425, -6.507, -0.994, 0.000, 21.95
1, 0, 0.000, 0.246, 0.000, 0.000, 2.955, 0.000, 0.000, 3.485, -4.957, -1.729, 0.000, 22.12
0, 0, 0.000, 0.156, 0.000, 0.000, 1.701, 0.000, 0.000, 1.043, -0.337, -2.564, 0.000, 22.37
0, 0, 0.000, 0.131, 0.000, 0.000, 1.168, 0.000, 0.000, 0.941, -0.260, -1.981, 0.000, 22.57
0, 0, 0.000, 0.062, 0.000, 0.000, 0.572, 0.000, 0.000, 0.867, -0.270, -1.232, 0.000, 22.70
0, 0, 0.000, 0.017, 0.000, 0.000, 0.163, 0.000, 0.000, 0.807, -0.322, -0.664, 0.000, 22.76
0, 0, 0.000, 0.001, 0.000, 0.000, 0.012, 0.000, 0.000, 0.757, -0.372, -0.398, 0.000, 22.80
0, 0, 0.000, -0.029, 0.000, 0.000, -0.332, 0.000, 0.000, 0.712, -0.466, 0.114, -0.000, 22.79
0, 0, 0.000, -0.034, 0.000, 0.000, -0.402, 0.000, 0.000, 0.672, -0.511, 0.274, 0.000, 22.76
0, 0, 0.000, -0.030, 0.000, 0.000, -0.366, 0.000, 0.000, 0.636, -0.556, 0.316, 0.000, 22.73
0, 0, 0.000, -0.023, 0.000, 0.000, -0.295, 0.000, 0.000, 0.602, -0.601, 0.317, -0.000, 22.70
0, 0, 0.000, -0.016, 0.000, 0.000, -0.217, 0.000, 0.000, 0.571, -0.646, 0.309, -0.000, 22.67
0, 0, 0.000, -0.009, 0.000, 0.000, -0.134, 0.000, 0.000, 0.543, -0.740, 0.340, -0.000, 22.64
0, 0, 0.000, -0.004, 0.000, 0.000, -0.057, 0.000, 0.000, 0.516, -0.786, 0.331, 0.000, 22.60
0, 0, 0.000, 0.001, 0.000, 0.000, 0.013, 0.000, 0.000, 0.490, -0.832, 0.327, -0.000, 22.57
0, 0, 0.000, 0.005, 0.000, 0.000, 0.077, 0.000, 0.000, 0.467, -0.878, 0.330, -0.000, 22.54
0, 0, 0.000, 0.008, 0.000, 0.000, 0.146, 0.000, 0.000, 0.444, -0.973, 0.375, 0.000, 22.50
0, 0, 0.000, 0.012, 0.000, 0.000, 0.209, 0.000, 0.000, 0.423, -1.019, 0.376, 0.000, 22.46
1, 0, 0.000, 0.200, 0.000, 0.000, 3.848, 0.000, 0.000, 2.901, -12.921, 5.972, 0.000, 21.86
1, 0, 0.000, 0.294, 0.000, 0.000, 5.894, 0.000, 0.000, 3.035, -13.119, 3.896, 0.000, 21.47
1, 0, 0.000, 0.342, 0.000, 0.000, 7.133, 0.000, 0.000, 3.140, -13.431, 2.816, -0.000, 21.19
1, 0, 0.000, 0.361, 0.000, 0.000, 7.165, 0.000, 0.000, 3.228, -11.540, 0.785, 0.000, 21.11
1, 0, 0.000, 0.360, 0.000, 0.000, 6.796, 0.000, 0.000, 3.306, -10.357, -0.105, 0.000, 21.13
1, 0, 0.000, 0.347, 0.000, 0.000, 6.194, 0.000, 0.000, 3.376, -9.241, -0.677, 0.000, 21.19
1, 0, 0.000, 0.328, 0.000, 0.000, 5.467, 0.000, 0.000, 3.440, -8.174, -1.061, 0.000, 21.30
1, 0, 0.000, 0.311, 0.000, 0.000, 4.724, 0.000, 0.000, 3.499, -7.149, -1.386, -0.000, 21.44
0, 0, 0.000, 0.235, 0.000, 0.000, 3.089, 0.000, 0.000, 1.056, -0.480, -3.901, 0.000, 21.83
0, 0, 0.000, 0.120, 0.000, 0.000, 1.621, 0.000, 0.000, 0.954, -0.498, -2.196, 0.000, 22.05
0, 0, 0.000, 0.052, 0.000, 0.000, 0.720, 0.000, 0.000, 0.879, -0.508, -1.144, -0.000, 22.16
0, 0, 0.000, 0.018, 0.000, 0.000, 0.264, 0.000, 0.000, 0.819, -0.608, -0.493, 0.000, 22.21
0, 0, 0.000, 0.016, 0.000, 0.000, 0.237, 0.000, 0.000, 0.768, -0.659, -0.362, 0.000, 22.25
0, 0, 0.000, -0.007, 0.000, 0.000, -0.111, 0.000, 0.000, 0.723, -0.706, 0.102, 0.000, 22.24
0, 0, 0.000, -0.012, 0.000, 0.000, -0.198, 0.000, 0.000, 0.682, -0.752, 0.280, 0.000, 22.21
0, 0, 0.000, -0.010, 0.000, 0.000, -0.179, 0.000, 0.000, 0.645, -0.798, 0.342, 0.000, 22.17
0, 0, 0.000, -0.007, 0.000, 0.000, -0.122, 0.000, 0.000, 0.612, -0.844, 0.361, 0.000, 22.14
0, 0, 0.000, -0.003, 0.000, 0.000, -0.054, 0.000, 0.000, 0.580, -0.890, 0.367, 0.000, 22.10
0, 0, 0.000, 0.000, 0.000, 0.000, 0.005, 0.000, 0.000, 0.551, -0.887, 0.331, -0.000, 22.07
0, 0, 0.000, 0.003, 0.000, 0.000, 0.063, 0.000, 0.000, 0.524, -0.933, 0.344, 0.000, 22.03
0, 0, 0.000, 0.006, 0.000, 0.000, 0.119, 0.000, 0.000, 0.498, -0.980, 0.357, -0.000, 22.00
0, 0, 0.000, 0.009, 0.000, 0.000, 0.173, 0.000, 0.000, 0.474, -1.026, 0.371, 0.000, 21.96
0, 0, 0.000, 0.010, 0.000, 0.000, 0.216, 0.000, 0.000, 0.451, -1.023, 0.345, -0.000, 21.93
0, 0, 0.000, 0.012, 0.000, 0.000, 0.260, 0.000, 0.000, 0.430, -1.070, 0.368, -0.000, 21.89
1, 0, 0.000, 0.179, 0.000, 0.000, 3.921, 0.000, 0.000, 2.907, -12.934, 5.928, 0.000, 21.30
1, 0, 0.000, 0.270, 0.000, 0.000, 6.100, 0.000, 0.000, 3.041, -13.150, 3.739, -0.000, 20.92
1, 0, 0.000, 0.314, 0.000, 0.000, 7.197, 0.000, 0.000, 3.146, -12.914, 2.258, -0.000, 20.70
1, 0, 0.000, 0.327, 0.000, 0.000, 7.275, 0.000, 0.000, 3.234, -11.625, 0.789, 0.000, 20.62
1, 0, 0.000, 0.326, 0.000, 0.000, 6.713, 0.000, 0.000, 3.311, -9.882, -0.469, 0.000, 20.67
1, 0, 0.000, 0.296, 0.000, 0.000, 5.835, 0.000, 0.000, 3.381, -8.775, -0.737, 0.000, 20.74
1, 0, 0.000, 0.275, 0.000, 0.000, 5.210, 0.000, 0.000, 3.445, -8.256, -0.674, 0.000, 20.81
1, 0, 0.000, 0.253, 0.000, 0.000, 4.801, 0.000, 0.000, 3.504, -8.284, -0.274, 0.000, 20.83
0, 0, 0.000, 0.149, 0.000, 0.000, 2.697, 0.000, 0.000, 1.061, -0.663, -3.243, 0.000, 21.16
0, 0, 0.000, 0.102, 0.000, 0.000, 1.692, 0.000, 0.000, 0.958, -0.585, -2.167, 0.000, 21.38
0, 0, 0.000, 0.056, 0.000, 0.000, 0.910, 0.000, 0.000, 0.883, -0.548, -1.300, 0.000, 21.51
0, 0, 0.000, 0.028, 0.000, 0.000, 0.465, 0.000, 0.000, 0.823, -0.602, -0.713, 0.000, 21.58
0, 0, 0.000, 0.002, 0.000, 0.000, 0.040, 0.000, 0.000, 0.772, -0.700, -0.114, 0.000, 21.59
0, 0, 0.000, -0.009, 0.000, 0.000, -0.155, 0.000, 0.000, 0.726, -0.699, 0.136, 0.000, 21.57
0, 0, 0.000, -0.010, 0.000, 0.000, -0.195, 0.000, 0.000, 0.686, -0.745, 0.265, 0.000, 21.55
0, 0, 0.000, -0.009, 0.000, 0.000, -0.169, 0.000, 0.000, 0.649, -0.791, 0.320, -0.000, 21.52
0, 0, 0.000, -0.006, 0.000, 0.000, -0.117, 0.000, 0.000, 0.614, -0.837, 0.345, -0.000, 21.48
0, 0, 0.000, -0.003, 0.000, 0.000, -0.067, 0.000, 0.000, 0.583, -0.834, 0.321, -0.000, 21.45
0, 0, 0.000, -0.001, 0.000, 0.000, -0.013, 0.000, 0.000, 0.554, -0.880, 0.341, 0.000, 21.42
0, 0, 0.000, 0.002, 0.000, 0.000, 0.041, 0.000, 0.000, 0.526, -0.927, 0.358, 0.000, 21.38
0, 0, 0.000, 0.004, 0.000, 0.000, 0.094, 0.000, 0.000, 0.501, -0.973, 0.374, -0.000, 21.34
0, 0, 0.000, 0.006, 0.000, 0.000, 0.138, 0.000, 0.000, 0.476, -0.970, 0.350, -0.000, 21.31
0, 0, 0.000, 0.008, 0.000, 0.000, 0.182, 0.000, 0.000, 0.453, -1.016, 0.373, -0.000, 21.27
0, 0, 0.000, 0.010, 0.000, 0.000, 0.227, 0.000, 0.000, 0.432, -1.063, 0.394, 0.000, 21.23
1, 0, 0.000, 0.184, 0.000, 0.000, 4.335, 0.000, 0.000, 2.909, -12.899, 5.471, -0.000, 20.68
1, 0, 0.000, 0.263, 0.000, 0.000, 6.264, 0.000, 0.000, 3.043, -12.584, 3.014, 0.000, 20.38
1, 0, 0.000, 0.305, 0.000, 0.000, 7.465, 0.000, 0.000, 3.148, -12.975, 2.057, 0.000, 20.18
1, 0, 0.000, 0.316, 0.000, 0.000, 7.502, 0.000, 0.000, 3.236, -11.698, 0.645, -0.000, 20.11
1, 0, 0.000, 0.305, 0.000, 0.000, 6.759, 0.000, 0.000, 3.313, -9.947, -0.430, -0.000, 20.15
1, 0, 0.000, 0.278, 0.000, 0.000, 5.879, 0.000, 0.000, 3.383, -8.834, -0.705, -0.000, 20.23
1, 0, 0.000, 0.257, 0.000, 0.000, 4.859, 0.000, 0.000, 3.446, -7.211, -1.351, 0.000, 20.36
1, 0, 0.000, 0.230, 0.000, 0.000, 3.562, 0.000, 0.000, 3.505, -4.594, -2.704, -0.000, 20.63
0, 0, 0.000, 0.130, 0.000, 0.000, 1.992, 0.000, 0.000, 1.062, -0.356, -2.828, 0.000, 20.91
0, 0, 0.000, 0.045, 0.000, 0.000, 0.744, 0.000, 0.000, 0.960, -0.462, -1.287, 0.000, 21.04
0, 0, 0.000, 0.018, 0.000, 0.000, 0.290, 0.000, 0.000, 0.884, -0.468, -0.725, 0.000, 21.11
0, 0, 0.000, 0.003, 0.000, 0.000, 0.048, 0.000, 0.000, 0.824, -0.566, -0.309, -0.000, 21.15
0, 0, 0.000, -0.009, 0.000, 0.000, -0.165, 0.000, 0.000, 0.773, -0.614, 0.015, -0.000, 21.14
0, 0, 0.000, -0.017, 0.000, 0.000, -0.308, 0.000, 0.000, 0.727, -0.660, 0.257, 0.000, 21.12
0, 0, 0.000, -0.017, 0.000, 0.000, -0.317, 0.000, 0.000, 0.687, -0.657, 0.305, -0.000, 21.09
0, 0, 0.000, -0.014, 0.000, 0.000, -0.272, 0.000, 0.000, 0.650, -0.703, 0.340, -0.000, 21.05
0, 0, 0.000, -0.011, 0.000, 0.000, -0.209, 0.000, 0.000, 0.615, -0.749, 0.353, -0.000, 21.02
0, 0, 0.000, -0.008, 0.000, 0.000, -0.150, 0.000, 0.000, 0.584, -0.746, 0.320, -0.000, 20.99
0, 0, 0.000, -0.005, 0.000, 0.000, -0.091, 0.000, 0.000, 0.555, -0.792, 0.333, -0.000, 20.95
0, 0, 0.000, -0.002, 0.000, 0.000, -0.043, 0.000, 0.000, 0.527, -0.789, 0.307, -0.000, 20.92
0, 0, 0.000, 0.000, 0.000, 0.000, 0.006, 0.000, 0.000, 0.501, -0.836, 0.328, 0.000, 20.89
0, 0, 0.000, 0.003, 0.000, 0.000, 0.055, 0.000, 0.000, 0.477, -0.882, 0.347, 0.000, 20.86
0, 0, 0.000, 0.005, 0.000, 0.000, 0.104, 0.000, 0.000, 0.454, -0.928, 0.365, -0.000, 20.82
0, 0, 0.000, 0.007, 0.000, 0.000, 0.154, 0.000, 0.000, 0.432, -0.974, 0.381, -0.000, 20.78
1, 0, 0.000, 0.024, 0.000, 0.000, 0.545, 0.000, 0.000, 0.412, -1.024, 0.043, 0.000, 20.78
1, 0, 0.000, 0.022, 0.000, 0.000, 0.517, 0.000, 0.000, 0.393, -1.072, 0.141, -0.000, 20.76
1, 0, 0.000, 0.022, 0.000, 0.000, 0.514, 0.000, 0.000, 0.374, -1.071, 0.161, 0.000, 20.75
1, 0, 0.000, 0.022, 0.000, 0.000, 0.510, 0.000, 0.000, 0.357, -1.020, 0.131, 0.000, 20.73
1, 0, 0.000, 0.022, 0.000, 0.000, 0.489, 0.000, 0.000, 0.340, -0.871, 0.020, 0.000, 20.73
1, 0, 0.000, 0.021, 0.000, 0.000, 0.458, 0.000, 0.000, 0.324, -0.871, 0.067, 0.000, 20.72
1, 0, 0.000, 0.022, 0.000, 0.000, 0.457, 0.000, 0.000, 0.309, -0.773, -0.016, -0.000, 20.73
1, 0, 0.000, 0.025, 0.000, 0.000, 0.482, 0.000, 0.000, 0.295, -0.628, -0.174, 0.000, 20.74
0, 0, 0.000, 0.023, 0.000, 0.000, 0.437, 0.000, 0.000, 0.282, -0.629, -0.112, 0.000, 20.75
0, 0, 0.000, 0.024, 0.000, 0.000, 0.433, 0.000, 0.000, 0.269, -0.582, -0.143, -0.000, 20.77
0, 0, 0.000, 0.015, 0.000, 0.000, 0.275, 0.000, 0.000, 0.256, -0.582, 0.036, 0.000, 20.77
0, 0, 0.000, 0.025, 0.000, 0.000, 0.450, 0.000, 0.000, 0.244, -0.583, -0.136, 0.000, 20.78
0, 0, 0.000, 0.026, 0.000, 0.000, 0.496, 0.000, 0.000, 0.233, -0.632, -0.124, 0.000, 20.79
0, 0, 0.000, 0.009, 0.000, 0.000, 0.170, 0.000, 0.000, 0.222, -0.678, 0.278, -0.000, 20.76
0, 0, 0.000, 0.005, 0.000, 0.000, 0.095, 0.000, 0.000, 0.212, -0.723, 0.412, -0.000, 20.72
0, 0, 0.000, 0.006, 0.000, 0.000, 0.116, 0.000, 0.000, 0.202, -0.768, 0.445, 0.000, 20.68
0, 0, 0.000, 0.008, 0.000, 0.000, 0.160, 0.000, 0.000, 0.193, -0.765, 0.404, 0.000, 20.64
0, 0, 0.000, 0.010, 0.000, 0.000, 0.212, 0.000, 0.000, 0.184, -0.810, 0.404, 0.000, 20.60
0, 0, 0.000, 0.012, 0.000, 0.000, 0.265, 0.000, 0.000, 0.176, -0.856, 0.403, 0.000, 20.56
0, 0, 0.000, 0.014, 0.000, 0.000, 0.315, 0.000, 0.000, 0.168, -0.902, 0.405, -0.000, 20.52
0, 0, 0.000, 0.016, 0.000, 0.000, 0.362, 0.000, 0.000, 0.160, -0.948, 0.410, -0.000, 20.47
0, 0, 0.000, 0.017, 0.000, 0.000, 0.397, 0.000, 0.000, 0.152, -0.945, 0.378, -0.000, 20.44
0, 0, 0.000, 0.018, 0.000, 0.000, 0.431, 0.000, 0.000, 0.145, -0.991, 0.396, -0.000, 20.40
0, 0, 0.000, 0.019, 0.000, 0.000, 0.466, 0.000, 0.000, 0.139, -1.037, 0.413, 0.000, 20.36
1, 1, 0.000, 0.190, 0.000, 0.000, 4.623, 0.000, 0.000, 2.630, -12.185, 3.561, -1.182, 20.00
1, 1, 0.000, 0.173, 0.000, 0.000, 4.320, 0.000, 0.000, 2.778, -12.791, 0.000, -5.521, 20.00
1, 1, 0.000, 0.159, 0.000, 0.000, 4.083, 0.000, 0.000, 2.895, -13.398, 0.000, -6.262, 20.00
1, 1, 0.000, 0.162, 0.000, 0.000, 3.878, 0.000, 0.000, 2.994, -10.981, 0.000, -3.947, 20.00
1, 1, 0.000, 0.201, 0.000, 0.000, 4.240, 0.000, 0.000, 3.083, -8.013, 0.000, -0.489, 20.00
1, 0, 0.000, 0.186, 0.000, 0.000, 3.355, 0.000, 0.000, 3.163, -5.250, -1.454, 0.000, 20.15
1, 0, 0.000, 0.135, 0.000, 0.000, 2.163, 0.000, 0.000, 3.237, -3.714, -1.821, 0.000, 20.33
1, 0, 0.000, 0.077, 0.000, 0.000, 1.063, 0.000, 0.000, 3.306, -2.234, -2.211, 0.000, 20.55
0, 0, 0.000, 0.080, 0.000, 0.000, 1.014, 0.000, 0.000, 0.872, -0.153, -1.813, 0.000, 20.73
0, 0, 0.000, 0.050, 0.000, 0.000, 0.580, 0.000, 0.000, 0.778, -0.117, -1.290, 0.000, 20.86
0, 0, 0.000, 0.026, 0.000, 0.000, 0.304, 0.000, 0.000, 0.711, -0.125, -0.916, -0.000, 20.95
0, 0, 0.000, 0.019, 0.000, 0.000, 0.232, 0.000, 0.000, 0.659, -0.178, -0.732, 0.000, 21.02
0, 0, 0.000, -0.029, 0.000, 0.000, -0.397, 0.000, 0.000, 0.615, -0.317, 0.128, -0.000, 21.01
0, 0, 0.000, -0.043, 0.000, 0.000, -0.620, 0.000, 0.000, 0.577, -0.360, 0.446, 0.000, 20.97
0, 0, 0.000, -0.041, 0.000, 0.000, -0.599, 0.000, 0.000, 0.543, -0.403, 0.501, 0.000, 20.92
0, 0, 0.000, -0.033, 0.000, 0.000, -0.500, 0.000, 0.000, 0.513, -0.447, 0.468, -0.000, 20.87
0, 0, 0.000, -0.024, 0.000, 0.000, -0.379, 0.000, 0.000, 0.485, -0.539, 0.456, 0.000, 20.82
0, 0, 0.000, -0.016, 0.000, 0.000, -0.265, 0.000, 0.000, 0.459, -0.583, 0.405, -0.000, 20.78
0, 0, 0.000, -0.010, 0.000, 0.000, -0.166, 0.000, 0.000, 0.436, -0.628, 0.368, 0.000, 20.75
0, 0, 0.000, -0.005, 0.000, 0.000, -0.081, 0.000, 0.000, 0.414, -0.674, 0.346, 0.000, 20.71
0, 0, 0.000, -0.000, 0.000, 0.000, -0.007, 0.000, 0.000, 0.393, -0.720, 0.334, -0.000, 20.68
0, 0, 0.000, 0.003, 0.000, 0.000, 0.059, 0.000, 0.000, 0.374, -0.766, 0.330, -0.000, 20.65
0, 0, 0.000, 0.006, 0.000, 0.000, 0.118, 0.000, 0.000, 0.356, -0.812, 0.332, -0.000, 20.61
0, 0, 0.000, 0.009, 0.000, 0.000, 0.173, 0.000, 0.000, 0.339, -0.858, 0.338, -0.000, 20.58
1, 0, 0.000, 0.175, 0.000, 0.000, 3.673, 0.000, 0.000, 2.820, -11.120, 4.452, 0.000, 20.13
1, 1, 0.000, 0.192, 0.000, 0.000, 4.157, 0.000, 0.000, 2.959, -11.582, 1.335, -2.939, 20.00
1, 1, 0.000, 0.169, 0.000, 0.000, 3.796, 0.000, 0.000, 3.067, -12.185, 0.000, -5.153, 20.00
1, 1, 0.000, 0.179, 0.000, 0.000, 3.637, 0.000, 0.000, 3.159, -9.193, 0.000, -2.219, 20.00
1, 0, 0.000, 0.215, 0.000, 0.000, 3.881, 0.000, 0.000, 3.239, -6.887, -0.448, -0.000, 20.04
1, 0, 0.000, 0.196, 0.000, 0.000, 3.046, 0.000, 0.000, 3.312, -4.755, -1.800, -0.000, 20.22
1, 0, 0.000, 0.138, 0.000, 0.000, 1.767, 0.000, 0.000, 3.379, -2.731, -2.554, -0.000, 20.48
1, 0, 0.000, 0.052, 0.000, 0.000, 0.552, 0.000, 0.000, 3.441, -1.315, -2.730, 0.000, 20.75
0, 0, 0.000, 0.083, 0.000, 0.000, 0.765, 0.000, 0.000, 1.001, -0.031, -1.818, -0.000, 20.93
0, 0, 0.000, 0.035, 0.000, 0.000, 0.308, 0.000, 0.000, 0.902, -0.041, -1.203, 0.000, 21.06
0, 0, 0.000, 0.010, 0.000, 0.000, 0.083, 0.000, 0.000, 0.829, -0.049, -0.873, -0.000, 21.14
0, 0, 0.000, -0.009, 0.000, 0.000, -0.085, 0.000, 0.000, 0.771, -0.145, -0.532, 0.000, 21.20
0, 0, 0.000, -0.050, 0.000, 0.000, -0.542, 0.000, 0.000, 0.722, -0.238, 0.107, 0.000, 21.18
0, 0, 0.000, -0.059, 0.000, 0.000, -0.706, 0.000, 0.000, 0.679, -0.328, 0.414, -0.000, 21.14
0, 0, 0.000, -0.053, 0.000, 0.000, -0.664, 0.000, 0.000, 0.641, -0.371, 0.448, -0.000, 21.10
0, 0, 0.000, -0.041, 0.000, 0.000, -0.551, 0.000, 0.000, 0.606, -0.463, 0.449, 0.000, 21.05
0, 0, 0.000, -0.031, 0.000, 0.000, -0.428, 0.000, 0.000, 0.574, -0.507, 0.392, -0.000, 21.01
0, 0, 0.000, -0.021, 0.000, 0.000, -0.308, 0.000, 0.000, 0.544, -0.600, 0.384, -0.000, 20.98
0, 0, 0.000, -0.013, 0.000, 0.000, -0.203, 0.000, 0.000, 0.517, -0.645, 0.344, 0.000, 20.94
0, 0, 0.000, -0.007, 0.000, 0.000, -0.113, 0.000, 0.000, 0.491, -0.691, 0.320, -0.000, 20.91
0, 0, 0.000, -0.002, 0.000, 0.000, -0.026, 0.000, 0.000, 0.467, -0.785, 0.346, -0.000, 20.88
0, 0, 0.000, 0.003, 0.000, 0.000, 0.051, 0.000, 0.000, 0.444, -0.831, 0.334, -0.000, 20.84
0, 0, 0.000, 0.007, 0.000, 0.000, 0.128, 0.000, 0.000, 0.423, -0.927, 0.369, 0.000, 20.80
0, 0, 0.000, 0.010, 0.000, 0.000, 0.198, 0.000, 0.000, 0.402, -0.973, 0.363, 0.000, 20.77
1, 0, 0.000, 0.188, 0.000, 0.000, 3.923, 0.000, 0.000, 2.881, -12.421, 5.429, -0.000, 20.23
1, 1, 0.000, 0.234, 0.000, 0.000, 5.089, 0.000, 0.000, 3.017, -12.791, 2.257, -2.194, 20.00
1, 1, 0.000, 0.199, 0.000, 0.000, 4.585, 0.000, 0.000, 3.122, -14.009, 0.000, -6.103, 20.00
1, 1, 0.000, 0.201, 0.000, 0.000, 4.337, 0.000, 0.000, 3.211, -11.582, 0.000, -3.832, 20.00
1, 0, 0.000, 0.269, 0.000, 0.000, 5.091, 0.000, 0.000, 3.290, -8.606, -0.043, -0.000, 20.00
1, 0, 0.000, 0.264, 0.000, 0.000, 4.502, 0.000, 0.000, 3.361, -6.965, -1.161, 0.000, 20.12
1, 0, 0.000, 0.230, 0.000, 0.000, 3.342, 0.000, 0.000, 3.425, -4.866, -2.132, 0.000, 20.33
1, 0, 0.000, 0.174, 0.000, 0.000, 2.175, 0.000, 0.000, 3.485, -3.397, -2.437, -0.000, 20.58
0, 0, 0.000, 0.137, 0.000, 0.000, 1.560, 0.000, 0.000, 1.043, -0.208, -2.532, 0.000, 20.83
0, 0, 0.000, 0.080, 0.000, 0.000, 0.876, 0.000, 0.000, 0.941, -0.222, -1.675, 0.000, 21.00
0, 0, 0.000, 0.036, 0.000, 0.000, 0.395, 0.000, 0.000, 0.867, -0.231, -1.066, 0.000, 21.10
0, 0, 0.000, 0.009, 0.000, 0.000, 0.108, 0.000, 0.000, 0.807, -0.330, -0.595, 0.000, 21.16
0, 0, 0.000, -0.024, 0.000, 0.000, -0.337, 0.000, 0.000, 0.757, -0.471, 0.075, -0.000, 21.16
0, 0, 0.000, -0.035, 0.000, 0.000, -0.507, 0.000, 0.000, 0.712, -0.516, 0.346, -0.000, 21.12
0, 0, 0.000, -0.032, 0.000, 0.000, -0.483, 0.000, 0.000, 0.672, -0.561, 0.403, -0.000, 21.08
0, 0, 0.000, -0.024, 0.000, 0.000, -0.386, 0.000, 0.000, 0.636, -0.653, 0.428, 0.000, 21.04
0, 0, 0.000, -0.017, 0.000, 0.000, -0.276, 0.000, 0.000, 0.602, -0.698, 0.389, -0.000, 21.00
0, 0, 0.000, -0.010, 0.000, 0.000, -0.174, 0.000, 0.000, 0.571, -0.744, 0.357, 0.000, 20.96
0, 0, 0.000, -0.005, 0.000, 0.000, -0.083, 0.000, 0.000, 0.543, -0.790, 0.335, 0.000, 20.93
0, 0, 0.000, 0.001, 0.000, 0.000, 0.016, 0.000, 0.000, 0.516, -0.934, 0.402, 0.000, 20.89
0, 0, 0.000, 0.005, 0.000, 0.000, 0.103, 0.000, 0.000, 0.490, -0.980, 0.382, 0.000, 20.85
0, 0, 0.000, 0.009, 0.000, 0.000, 0.180, 0.000, 0.000, 0.467, -1.027, 0.372, 0.000, 20.82
0, 0, 0.000, 0.011, 0.000, 0.000, 0.248, 0.000, 0.000, 0.444, -1.074, 0.371, 0.000, 20.78
0, 0, 0.000, 0.014, 0.000, 0.000, 0.309, 0.000, 0.000, 0.423, -1.121, 0.375, 0.000, 20.74
1, 0, 0.000, 0.196, 0.000, 0.000, 4.567, 0.000, 0.000, 2.901, -13.557, 5.893, 0.000, 20.15
1, 1, 0.000, 0.210, 0.000, 0.000, 5.045, 0.000, 0.000, 3.035, -14.009, 1.515, -4.204, 20.00
1, 1, 0.000, 0.194, 0.000, 0.000, 4.656, 0.000, 0.000, 3.140, -13.398, 0.000, -5.408, 20.00
1, 1, 0.000, 0.184, 0.000, 0.000, 4.366, 0.000, 0.000, 3.228, -12.791, 0.000, -5.012, 20.00
1, 1, 0.000, 0.179, 0.000, 0.000, 4.152, 0.000, 0.000, 3.306, -12.185, 0.000, -4.548, 20.00
1, 1, 0.000, 0.179, 0.000, 0.000, 4.002, 0.000, 0.000, 3.376, -10.981, 0.000, -3.424, 20.00
1, 1, 0.000, 0.169, 0.000, 0.000, 3.805, 0.000, 0.000, 3.440, -10.981, 0.000, -3.567, 20.00
1, 1, 0.000, 0.156, 0.000, 0.000, 3.577, 0.000, 0.000, 3.499, -10.981, 0.000, -3.749, 20.00
0, 0, 0.000, 0.076, 0.000, 0.000, 1.786, 0.000, 0.000, 1.056, -0.974, -1.945, 0.000, 20.19
0, 0, 0.000, 0.039, 0.000, 0.000, 0.942, 0.000, 0.000, 0.954, -1.031, -0.904, 0.000, 20.28
0, 0, 0.000, 0.021, 0.000, 0.000, 0.500, 0.000, 0.000, 0.879, -1.034, -0.365, 0.000, 20.32
0, 0, 0.000, 0.012, 0.000, 0.000, 0.298, 0.000, 0.000, 0.819, -1.085, -0.044, 0.000, 20.33
0, 0, 0.000, 0.007, 0.000, 0.000, 0.188, 0.000, 0.000, 0.768, -1.084, 0.120, 0.000, 20.31
0, 0, 0.000, 0.006, 0.000, 0.000, 0.149, 0.000, 0.000, 0.723, -1.082, 0.204, -0.000, 20.29
0, 0, 0.000, 0.006, 0.000, 0.000, 0.154, 0.000, 0.000, 0.682, -1.130, 0.288, 0.000, 20.26
0, 0, 0.000, 0.007, 0.000, 0.000, 0.171, 0.000, 0.000, 0.645, -1.127, 0.304, 0.000, 20.23
0, 0, 0.000, 0.007, 0.000, 0.000, 0.193, 0.000, 0.000, 0.612, -1.124, 0.312, -0.000, 20.20
0, 0, 0.000, 0.008, 0.000, 0.000, 0.226, 0.000, 0.000, 0.580, -1.172, 0.357, -0.000, 20.17
0, 0, 0.000, 0.009, 0.000, 0.000, 0.256, 0.000, 0.000, 0.551, -1.169, 0.352, 0.000, 20.13
0, 0, 0.000, 0.010, 0.000, 0.000, 0.293, 0.000, 0.000, 0.524, -1.216, 0.389, 0.000, 20.09
0, 0, 0.000, 0.012, 0.000, 0.000, 0.344, 0.000, 0.000, 0.498, -1.314, 0.460, 0.000, 20.05
0, 0, 0.000, 0.013, 0.000, 0.000, 0.397, 0.000, 0.000, 0.474, -1.361, 0.476, -0.000, 20.00
0, 0, 0.000, 0.015, 0.000, 0.000, 0.461, 0.000, 0.000, 0.451, -1.459, 0.533, 0.000, 19.95
0, 0, 0.000, 0.016, 0.000, 0.000, 0.521, 0.000, 0.000, 0.430, -1.506, 0.539, 0.000, 19.89
1, 1, 0.000, 0.058, 0.000, 0.000, 1.899, 0.000, 0.000, 2.907, -18.980, -1.077, -15.193, 20.00
1, 1, 0.000, 0.053, 0.000, 0.000, 1.806, 0.000, 0.000, 3.041, -20.248, 0.000, -15.347, 20.00
1, 1, 0.000, 0.054, 0.000, 0.000, 1.741, 0.000, 0.000, 3.146, -17.722, 0.000, -12.781, 20.00
1, 1, 0.000, 0.057, 0.000, 0.000, 1.696, 0.000, 0.000, 3.234, -14.621, 0.000, -9.634, 20.00
1, 1, 0.000, 0.072, 0.000, 0.000, 1.905, 0.000, 0.000, 3.311, -10.981, 0.000, -5.693, 20.00
1, 1, 0.000, 0.083, 0.000, 0.000, 2.011, 0.000, 0.000, 3.381, -8.602, 0.000, -3.126, 20.00
1, 1, 0.000, 0.098, 0.000, 0.000, 2.167, 0.000, 0.000, 3.445, -6.841, 0.000, -1.132, 20.00
1, 0, 0.000, 0.133, 0.000, 0.000, 2.735, 0.000, 0.000, 3.504, -5.743, -0.629, -0.000, 20.06
0, 0, 0.000, 0.075, 0.000, 0.000, 1.478, 0.000, 0.000, 1.061, -0.445, -2.169, 0.000, 20.28
0, 0, 0.000, 0.031, 0.000, 0.000, 0.632, 0.000, 0.000, 0.958, -0.502, -1.119, 0.000, 20.39
0, 0, 0.000, 0.019, 0.000, 0.000, 0.408, 0.000, 0.000, 0.883, -0.604, -0.706, 0.000, 20.46
0, 0, 0.000, -0.010, 0.000, 0.000, -0.217, 0.000, 0.000, 0.823, -0.749, 0.153, 0.000, 20.45
0, 0, 0.000, -0.018, 0.000, 0.000, -0.430, 0.000, 0.000, 0.772, -0.794, 0.470, -0.000, 20.40
0, 0, 0.000, -0.017, 0.000, 0.000, -0.415, 0.000, 0.000, 0.726, -0.838, 0.545, -0.000, 20.35
0, 0, 0.000, -0.013, 0.000, 0.000, -0.315, 0.000, 0.000, 0.686, -0.932, 0.574, 0.000, 20.29
0, 0, 0.000, -0.008, 0.000, 0.000, -0.199, 0.000, 0.000, 0.649, -0.977, 0.535, -0.000, 20.23
0, 0, 0.000, -0.003, 0.000, 0.000, -0.089, 0.000, 0.000, 0.614, -1.023, 0.500, -0.000, 20.18
0, 0, 0.000, 0.000, 0.000, 0.000, 0.009, 0.000, 0.000, 0.583, -1.069, 0.476, 0.000, 20.14
0, 0, 0.000, 0.004, 0.000, 0.000, 0.095, 0.000, 0.000, 0.554, -1.115, 0.462, -0.000, 20.09
0, 0, 0.000, 0.006, 0.000, 0.000, 0.172, 0.000, 0.000, 0.526, -1.161, 0.457, -0.000, 20.04
0, 0, 0.000, 0.009, 0.000, 0.000, 0.241, 0.000, 0.000, 0.501, -1.208, 0.458, 0.000, 20.00
0, 0, 0.000, 0.011, 0.000, 0.000, 0.305, 0.000, 0.000, 0.476, -1.255, 0.463, 0.000, 19.95
0, 0, 0.000, 0.012, 0.000, 0.000, 0.375, 0.000, 0.000, 0.453, -1.352, 0.512, 0.000, 19.90
0, 0, 0.000, 0.014, 0.000, 0.000, 0.440, 0.000, 0.000, 0.432, -1.399, 0.514, 0.000, 19.85
1, 1, 0.000, 0.035, 0.000, 0.000, 1.094, 0.000, 0.000, 2.909, -17.722, -1.496, -15.181, 20.00
1, 1, 0.000, 0.032, 0.000, 0.000, 1.047, 0.000, 0.000, 3.043, -18.350, 0.000, -14.227, 20.00
1, 1, 0.000, 0.033, 0.000, 0.000, 1.021, 0.000, 0.000, 3.148, -15.854, 0.000, -11.653, 20.00
1, 1, 0.000, 0.036, 0.000, 0.000, 1.030, 0.000, 0.000, 3.236, -13.398, 0.000, -9.097, 20.00
1, 1, 0.000, 0.045, 0.000, 0.000, 1.180, 0.000, 0.000, 3.313, -10.981, 0.000, -6.443, 20.00
1, 1, 0.000, 0.054, 0.000, 0.000, 1.297, 0.000, 0.000, 3.383, -8.602, 0.000, -3.869, 20.00
1, 1, 0.000, 0.065, 0.000, 0.000, 1.437, 0.000, 0.000, 3.446, -6.841, 0.000, -1.893, 20.00
1, 1, 0.000, 0.077, 0.000, 0.000, 1.655, 0.000, 0.000, 3.505, -6.259, 0.000, -1.022, 20.00
0, 0, 0.000, 0.044, 0.000, 0.000, 0.899, 0.000, 0.000, 1.062, -0.482, -1.523, 0.000, 20.15
0, 0, 0.000, 0.025, 0.000, 0.000, 0.496, 0.000, 0.000, 0.960, -0.490, -0.990, 0.000, 20.25
0, 0, 0.000, 0.007, 0.000, 0.000, 0.153, 0.000, 0.000, 0.884, -0.590, -0.454, 0.000, 20.30
0, 0, 0.000, -0.013, 0.000, 0.000, -0.286, 0.000, 0.000, 0.824, -0.734, 0.209, -0.000, 20.28
0, 0, 0.000, -0.018, 0.000, 0.000, -0.412, 0.000, 0.000, 0.773, -0.779, 0.436, -0.000, 20.23
0, 0, 0.000, -0.016, 0.000, 0.000, -0.378, 0.000, 0.000, 0.727, -0.824, 0.490, 0.000, 20.18
0, 0, 0.000, -0.011, 0.000, 0.000, -0.281, 0.000, 0.000, 0.687, -0.918, 0.524, 0.000, 20.13
0, 0, 0.000, -0.007, 0.000, 0.000, -0.174, 0.000, 0.000, 0.650, -0.964, 0.495, -0.000, 20.08
0, 0, 0.000, -0.003, 0.000, 0.000, -0.074, 0.000, 0.000, 0.615, -1.010, 0.471, -0.000, 20.03
0, 0, 0.000, 0.001, 0.000, 0.000, 0.016, 0.000, 0.000, 0.584, -1.056, 0.456, 0.000, 19.99
0, 0, 0.000, 0.004, 0.000, 0.000, 0.096, 0.000, 0.000, 0.555, -1.102, 0.448, -0.000, 19.94
0, 0, 0.000, 0.006, 0.000, 0.000, 0.168, 0.000, 0.000, 0.527, -1.149, 0.448, -0.000, 19.90
0, 0, 0.000, 0.008, 0.000, 0.000, 0.244, 0.000, 0.000, 0.501, -1.246, 0.492, 0.000, 19.85
0, 0, 0.000, 0.011, 0.000, 0.000, 0.314, 0.000, 0.000, 0.477, -1.292, 0.491, 0.000, 19.80
0, 0, 0.000, 0.013, 0.000, 0.000, 0.378, 0.000, 0.000, 0.454, -1.339, 0.495, -0.000, 19.75
0, 0, 0.000, 0.014, 0.000, 0.000, 0.438, 0.000, 0.000, 0.432, -1.386, 0.502, 0.000, 19.70
1, 1, 0.000, 0.009, 0.000, 0.000, 0.288, 0.000, 0.000, 0.412, -1.464, -2.990, -3.745, 20.00
1, 1, 0.000, 0.009, 0.000, 0.000, 0.304, 0.000, 0.000, 0.393, -1.516, 0.000, -0.810, 20.00
1, 1, 0.000, 0.010, 0.000, 0.000, 0.307, 0.000, 0.000, 0.374, -1.310, 0.000, -0.618, 20.00
1, 1, 0.000, 0.024, 0.000, 0.000, 0.681, 0.000, 0.000, 0.357, -1.107, 0.000, -0.045, 20.00
1, 0, 0.000, 0.032, 0.000, 0.000, 0.824, 0.000, 0.000, 0.340, -0.861, -0.335, 0.000, 20.03
1, 0, 0.000, 0.027, 0.000, 0.000, 0.644, 0.000, 0.000, 0.324, -0.668, -0.328, 0.000, 20.07
1, 0, 0.000, 0.028, 0.000, 0.000, 0.602, 0.000, 0.000, 0.309, -0.526, -0.413, 0.000, 20.11
1, 0, 0.000, 0.033, 0.000, 0.000, 0.661, 0.000, 0.000, 0.295, -0.435, -0.554, -0.000, 20.16
0, 0, 0.000, 0.023, 0.000, 0.000, 0.452, 0.000, 0.000, 0.282, -0.438, -0.318, 0.000, 20.19
0, 0, 0.000, 0.026, 0.000, 0.000, 0.502, 0.000, 0.000, 0.269, -0.441, -0.355, 0.000, 20.23
0, 0, 0.000, 0.019, 0.000, 0.000, 0.387, 0.000, 0.000, 0.256, -0.538, -0.124, -0.000, 20.24
0, 0, 0.000, 0.002, 0.000, 0.000, 0.041, 0.000, 0.000, 0.244, -0.679, 0.392, 0.000, 20.20
0, 0, 0.000, -0.003, 0.000, 0.000, -0.070, 0.000, 0.000, 0.233, -0.723, 0.564, 0.000, 20.15
0, 0, 0.000, -0.001, 0.000, 0.000, -0.018, 0.000, 0.000, 0.222, -0.816, 0.612, -0.000, 20.09
0, 0, 0.000, 0.003, 0.000, 0.000, 0.080, 0.000, 0.000, 0.212, -0.860, 0.565, -0.000, 20.03
0, 0, 0.000, 0.007, 0.000, 0.000, 0.179, 0.000, 0.000, 0.202, -0.905, 0.516, 0.000, 19.98
0, 0, 0.000, 0.011, 0.000, 0.000, 0.268, 0.000, 0.000, 0.193, -0.951, 0.479, 0.000, 19.93
0, 0, 0.000, 0.014, 0.000, 0.000, 0.355, 0.000, 0.000, 0.184, -1.046, 0.494, -0.000, 19.88
0, 0, 0.000, 0.016, 0.000, 0.000, 0.429, 0.000, 0.000, 0.176, -1.092, 0.472, -0.000, 19.83
0, 0, 0.000, 0.018, 0.000, 0.000, 0.492, 0.000, 0.000, 0.168, -1.139, 0.462, 0.000, 19.79
0, 0, 0.000, 0.019, 0.000, 0.000, 0.547, 0.000, 0.000, 0.160, -1.185, 0.459, 0.000, 19.74
0, 0, 0.000, 0.021, 0.000, 0.000, 0.597, 0.000, 0.000, 0.152, -1.232, 0.462, 0.000, 19.69
0, 0, 0.000, 0.022, 0.000, 0.000, 0.643, 0.000, 0.000, 0.145, -1.279, 0.469, 0.000, 19.65
0, 0, 0.000, 0.023, 0.000, 0.000, 0.686, 0.000, 0.000, 0.139, -1.326, 0.479, 0.000, 19.60
1, 1, 0.000, -0.008, 0.000, 0.000, -0.262, 0.000, 0.000, 2.630, -17.097, -3.997, -18.735, 20.00
1, 1, 0.000, -0.007, 0.000, 0.000, -0.211, 0.000, 0.000, 2.778, -17.722, 0.000, -15.163, 20.00
1, 1, 0.000, -0.005, 0.000, 0.000, -0.153, 0.000, 0.000, 2.895, -14.621, 0.000, -11.884, 20.00
1, 1, 0.000, -0.001, 0.000, 0.000, -0.030, 0.000, 0.000, 2.994, -12.185, 0.000, -9.222, 20.00
1, 1, 0.000, 0.011, 0.000, 0.000, 0.282, 0.000, 0.000, 3.083, -9.787, 0.000, -6.411, 20.00
1, 1, 0.000, 0.024, 0.000, 0.000, 0.530, 0.000, 0.000, 3.163, -7.426, 0.000, -3.709, 20.00
1, 1, 0.000, 0.035, 0.000, 0.000, 0.729, 0.000, 0.000, 3.237, -5.679, 0.000, -1.677, 20.00
1, 0, 0.000, 0.077, 0.000, 0.000, 1.418, 0.000, 0.000, 3.306, -4.031, -0.770, -0.000, 20.08
0, 0, 0.000, 0.047, 0.000, 0.000, 0.819, 0.000, 0.000, 0.872, -0.298, -1.440, 0.000, 20.22
0, 0, 0.000, 0.019, 0.000, 0.000, 0.343, 0.000, 0.000, 0.778, -0.352, -0.788, 0.000, 20.30
0, 0, 0.000, 0.003, 0.000, 0.000, 0.055, 0.000, 0.000, 0.711, -0.449, -0.320, -0.000, 20.33
0, 0, 0.000, -0.019, 0.000, 0.000, -0.385, 0.000, 0.000, 0.659, -0.590, 0.336, 0.000, 20.30
0, 0, 0.000, -0.023, 0.000, 0.000, -0.478, 0.000, 0.000, 0.615, -0.634, 0.520, -0.000, 20.25
0, 0, 0.000, -0.019, 0.000, 0.000, -0.406, 0.000, 0.000, 0.577, -0.727, 0.574, -0.000, 20.19
0, 0, 0.000, -0.013, 0.000, 0.000, -0.290, 0.000, 0.000, 0.543, -0.771, 0.531, 0.000, 20.14
0, 0, 0.000, -0.008, 0.000, 0.000, -0.173, 0.000, 0.000, 0.513, -0.816, 0.484, 0.000, 20.09
0, 0, 0.000, -0.003, 0.000, 0.000, -0.067, 0.000, 0.000, 0.485, -0.861, 0.447, 0.000, 20.04
0, 0, 0.000, 0.001, 0.000, 0.000, 0.025, 0.000, 0.000, 0.459, -0.907, 0.422, -0.000, 20.00
0, 0, 0.000, 0.004, 0.000, 0.000, 0.105, 0.000, 0.000, 0.436, -0.953, 0.408, 0.000, 19.96
0, 0, 0.000, 0.007, 0.000, 0.000, 0.176, 0.000, 0.000, 0.414, -1.000, 0.403, -0.000, 19.92
0, 0, 0.000, 0.010, 0.000, 0.000, 0.249, 0.000, 0.000, 0.393, -1.096, 0.444, 0.000, 19.87
0, 0, 0.000, 0.012, 0.000, 0.000, 0.316, 0.000, 0.000, 0.374, -1.143, 0.441, -0.000, 19.83
0, 0, 0.000, 0.014, 0.000, 0.000, 0.377, 0.000, 0.000, 0.356, -1.189, 0.443, 0.000, 19.79
0, 0, 0.000, 0.015, 0.000, 0.000, 0.433, 0.000, 0.000, 0.339, -1.236, 0.450, -0.000, 19.74
1, 1, 0.000, -0.000, 0.000, 0.000, -0.004, 0.000, 0.000, 2.820, -15.854, -2.586, -15.624, 20.00
1, 1, 0.000, 0.001, 0.000, 0.000, 0.016, 0.000, 0.000, 2.959, -16.474, 0.000, -13.499, 20.00
1, 1, 0.000, 0.002, 0.000, 0.000, 0.048, 0.000, 0.000, 3.067, -14.009, 0.000, -10.892, 20.00
1, 1, 0.000, 0.018, 0.000, 0.000, 0.461, 0.000, 0.000, 3.159, -11.582, 0.000, -7.945, 20.00
1, 1, 0.000, 0.030, 0.000, 0.000, 0.704, 0.000, 0.000, 3.239, -8.602, 0.000, -4.628, 20.00
1, 1, 0.000, 0.047, 0.000, 0.000, 0.961, 0.000, 0.000, 3.312, -6.259, 0.000, -1.939, 20.00
1, 1, 0.000, 0.061, 0.000, 0.000, 1.177, 0.000, 0.000, 3.379, -5.101, 0.000, -0.484, 20.00
1, 0, 0.000, 0.087, 0.000, 0.000, 1.525, 0.000, 0.000, 3.441, -4.054, -0.999, 0.000, 20.10
0, 0, 0.000, 0.041, 0.000, 0.000, 0.700, 0.000, 0.000, 1.001, -0.300, -1.443, 0.000, 20.24
0, 0, 0.000, 0.012, 0.000, 0.000, 0.215, 0.000, 0.000, 0.902, -0.354, -0.775, 0.000, 20.32
0, 0, 0.000, 0.003, 0.000, 0.000, 0.056, 0.000, 0.000, 0.829, -0.452, -0.436, -0.000, 20.37
0, 0, 0.000, -0.019, 0.000, 0.000, -0.376, 0.000, 0.000, 0.771, -0.594, 0.218, 0.000, 20.34
0, 0, 0.000, -0.025, 0.000, 0.000, -0.502, 0.000, 0.000, 0.722, -0.639, 0.443, -0.000, 20.30
0, 0, 0.000, -0.022, 0.000, 0.000, -0.458, 0.000, 0.000, 0.679, -0.683, 0.484, -0.000, 20.25
0, 0, 0.000, -0.017, 0.000, 0.000, -0.361, 0.000, 0.000, 0.641, -0.728, 0.465, 0.000, 20.20
0, 0, 0.000, -0.011, 0.000, 0.000, -0.245, 0.000, 0.000, 0.606, -0.822, 0.473, -0.000, 20.16
0, 0, 0.000, -0.006, 0.000, 0.000, -0.138, 0.000, 0.000, 0.574, -0.867, 0.438, -0.000, 20.11
0, 0, 0.000, -0.002, 0.000, 0.000, -0.043, 0.000, 0.000, 0.544, -0.913, 0.414, 0.000, 20.07
0, 0, 0.000, 0.002, 0.000, 0.000, 0.040, 0.000, 0.000, 0.517, -0.960, 0.401, 0.000, 20.03
0, 0, 0.000, 0.005, 0.000, 0.000, 0.114, 0.000, 0.000, 0.491, -1.006, 0.396, -0.000, 19.99
0, 0, 0.000, 0.007, 0.000, 0.000, 0.191, 0.000, 0.000, 0.467, -1.102, 0.438, 0.000, 19.95
0, 0, 0.000, 0.010, 0.000, 0.000, 0.260, 0.000, 0.000, 0.444, -1.149, 0.435, 0.000, 19.90
0, 0, 0.000, 0.012, 0.000, 0.000, 0.324, 0.000, 0.000, 0.423, -1.196, 0.437, -0.000, 19.86
0, 0, 0.000, 0.014, 0.000, 0.000, 0.382, 0.000, 0.000, 0.402, -1.243, 0.444, -0.000, 19.82
1, 1, 0.000, 0.010, 0.000, 0.000, 0.285, 0.000, 0.000, 2.881, -16.474, -1.833, -15.132, 20.00
1, 1, 0.000, 0.009, 0.000, 0.000, 0.282, 0.000, 0.000, 3.017, -17.097, 0.000, -13.789, 20.00
1, 1, 0.000, 0.010, 0.000, 0.000, 0.295, 0.000, 0.000, 3.122, -14.621, 0.000, -11.194, 20.00
1, 1, 0.000, 0.029, 0.000, 0.000, 0.744, 0.000, 0.000, 3.211, -11.582, 0.000, -7.598, 20.00
1, 1, 0.000, 0.042, 0.000, 0.000, 0.975, 0.000, 0.000, 3.290, -9.193, 0.000, -4.887, 20.00
1, 1, 0.000, 0.055, 0.000, 0.000, 1.157, 0.000, 0.000, 3.361, -6.841, 0.000, -2.268, 20.00
1, 0, 0.000, 0.079, 0.000, 0.000, 1.440, 0.000, 0.000, 3.425, -4.564, -0.380, 0.000, 20.04
1, 0, 0.000, 0.094, 0.000, 0.000, 1.574, 0.000, 0.000, 3.485, -3.579, -1.573, 0.000, 20.20
0, 0, 0.000, 0.054, 0.000, 0.000, 0.858, 0.000, 0.000, 1.043, -0.263, -1.692, -0.000, 20.36
0, 0, 0.000, 0.023, 0.000, 0.000, 0.364, 0.000, 0.000, 0.941, -0.272, -1.057, 0.000, 20.47
0, 0, 0.000, 0.010, 0.000, 0.000, 0.163, 0.000, 0.000, 0.867, -0.372, -0.668, -0.000, 20.54
0, 0, 0.000, -0.024, 0.000, 0.000, -0.445, 0.000, 0.000, 0.807, -0.561, 0.222, 0.000, 20.51
0, 0, 0.000, -0.031, 0.000, 0.000, -0.608, 0.000, 0.000, 0.757, -0.605, 0.487, -0.000, 20.47
0, 0, 0.000, -0.029, 0.000, 0.000, -0.571, 0.000, 0.000, 0.712, -0.601, 0.489, -0.000, 20.42
0, 0, 0.000, -0.024, 0.000, 0.000, -0.468, 0.000, 0.000, 0.672, -0.645, 0.465, -0.000, 20.37
0, 0, 0.000, -0.017, 0.000, 0.000, -0.354, 0.000, 0.000, 0.636, -0.690, 0.426, -0.000, 20.33
0, 0, 0.000, -0.012, 0.000, 0.000, -0.247, 0.000, 0.000, 0.602, -0.735, 0.392, -0.000, 20.29
0, 0, 0.000, -0.007, 0.000, 0.000, -0.152, 0.000, 0.000, 0.571, -0.781, 0.368, -0.000, 20.25
0, 0, 0.000, -0.003, 0.000, 0.000, -0.067, 0.000, 0.000, 0.543, -0.827, 0.355, 0.000, 20.22
0, 0, 0.000, -0.000, 0.000, 0.000, -0.002, 0.000, 0.000, 0.516, -0.824, 0.311, -0.000, 20.19
0, 0, 0.000, 0.003, 0.000, 0.000, 0.058, 0.000, 0.000, 0.490, -0.871, 0.320, 0.000, 20.15
0, 0, 0.000, 0.005, 0.000, 0.000, 0.115, 0.000, 0.000, 0.467, -0.918, 0.331, 0.000, 20.12
0, 0, 0.000, 0.007, 0.000, 0.000, 0.160, 0.000, 0.000, 0.444, -0.915, 0.304, -0.000, 20.09
0, 0, 0.000, 0.009, 0.000, 0.000, 0.204, 0.000, 0.000, 0.423, -0.962, 0.326, 0.000, 20.06
1, 1, 0.000, 0.059, 0.000, 0.000, 1.420, 0.000, 0.000, 2.901, -11.582, 0.575, -6.627, 20.00
1, 1, 0.000, 0.049, 0.000, 0.000, 1.199, 0.000, 0.000, 3.035, -12.185, 0.000, -7.902, 20.00
1, 1, 0.000, 0.048, 0.000, 0.000, 1.129, 0.000, 0.000, 3.140, -10.383, 0.000, -6.066, 20.00
1, 1, 0.000, 0.078, 0.000, 0.000, 1.658, 0.000, 0.000, 3.228, -8.013, 0.000, -3.048, 20.00
1, 0, 0.000, 0.105, 0.000, 0.000, 1.930, 0.000, 0.000, 3.306, -5.124, -0.217, -0.000, 20.02
1, 0, 0.000, 0.076, 0.000, 0.000, 1.253, 0.000, 0.000, 3.376, -3.523, -1.182, 0.000, 20.14
1, 0, 0.000, 0.032, 0.000, 0.000, 0.455, 0.000, 0.000, 3.440, -2.015, -1.912, -0.000, 20.33
1, 0, 0.000, -0.009, 0.000, 0.000, -0.101, 0.000, 0.000, 3.499, -0.611, -2.779, 0.000, 20.61
0, 0, 0.000, -0.011, 0.000, 0.000, -0.120, 0.000, 0.000, 1.056, -0.012, -0.914, -0.000, 20.70
0, 0, 0.000, -0.021, 0.000, 0.000, -0.221, 0.000, 0.000, 0.954, 0.028, -0.739, -0.000, 20.77
0, 0, 0.000, -0.042, 0.000, 0.000, -0.498, 0.000, 0.000, 0.879, -0.112, -0.227, -0.000, 20.80
0, 0, 0.000, -0.059, 0.000, 0.000, -0.779, 0.000, 0.000, 0.819, -0.250, 0.269, -0.000, 20.77
0, 0, 0.000, -0.062, 0.000, 0.000, -0.841, 0.000, 0.000, 0.768, -0.293, 0.428, 0.000, 20.73
0, 0, 0.000, -0.054, 0.000, 0.000, -0.761, 0.000, 0.000, 0.723, -0.337, 0.429, 0.000, 20.68
0, 0, 0.000, -0.045, 0.000, 0.000, -0.642, 0.000, 0.000, 0.682, -0.381, 0.385, -0.000, 20.65
0, 0, 0.000, -0.035, 0.000, 0.000, -0.523, 0.000, 0.000, 0.645, -0.425, 0.338, -0.000, 20.61
0, 0, 0.000, -0.027, 0.000, 0.000, -0.416, 0.000, 0.000, 0.612, -0.470, 0.302, -0.000, 20.58
0, 0, 0.000, -0.021, 0.000, 0.000, -0.322, 0.000, 0.000, 0.580, -0.516, 0.279, 0.000, 20.55
0, 0, 0.000, -0.015, 0.000, 0.000, -0.240, 0.000, 0.000, 0.551, -0.562, 0.266, 0.000, 20.53
0, 0, 0.000, -0.009, 0.000, 0.000, -0.158, 0.000, 0.000, 0.524, -0.656, 0.300, -0.000, 20.50
0, 0, 0.000, -0.005, 0.000, 0.000, -0.085, 0.000, 0.000, 0.498, -0.702, 0.293, -0.000, 20.47
0, 0, 0.000, -0.001, 0.000, 0.000, -0.018, 0.000, 0.000, 0.474, -0.748, 0.293, -0.000, 20.44
0, 0, 0.000, 0.003, 0.000, 0.000, 0.053, 0.000, 0.000, 0.451, -0.843, 0.336, -0.000, 20.41
0, 0, 0.000, 0.006, 0.000, 0.000, 0.118, 0.000, 0.000, 0.430, -0.890, 0.336, 0.000, 20.37
1, 1, 0.000, 0.150, 0.000, 0.000, 3.113, 0.000, 0.000, 2.907, -10.981, 3.716, -1.095, 20.00
1, 1, 0.000, 0.121, 0.000, 0.000, 2.655, 0.000, 0.000, 3.041, -12.185, 0.000, -6.368, 20.00
1, 1, 0.000, 0.123, 0.000, 0.000, 2.507, 0.000, 0.000, 3.146, -9.787, 0.000, -4.010, 20.00
1, 0, 0.000, 0.198, 0.000, 0.000, 3.507, 0.000, 0.000, 3.234, -6.850, -0.088, 0.000, 20.01
1, 0, 0.000, 0.175, 0.000, 0.000, 2.602, 0.000, 0.000, 3.311, -4.158, -1.931, -0.000, 20.20
1, 0, 0.000, 0.103, 0.000, 0.000, 1.342, 0.000, 0.000, 3.381, -2.668, -2.159, -0.000, 20.42
1, 0, 0.000, 0.025, 0.000, 0.000, 0.271, 0.000, 0.000, 3.445, -1.230, -2.511, 0.000, 20.67
1, 0, 0.000, -0.089, 0.000, 0.000, -0.786, 0.000, 0.000, 3.504, 0.163, -2.792, 0.000, 20.95
0, 0, 0.000, -0.067, 0.000, 0.000, -0.579, 0.000, 0.000, 1.061, 0.010, -0.425, -0.000, 20.99
0, 0, 0.000, -0.048, 0.000, 0.000, -0.400, 0.000, 0.000, 0.958, 0.006, -0.516, -0.000, 21.04
0, 0, 0.000, -0.029, 0.000, 0.000, -0.266, 0.000, 0.000, 0.883, -0.090, -0.498, -0.000, 21.09
0, 0, 0.000, -0.063, 0.000, 0.000, -0.700, 0.000, 0.000, 0.823, -0.275, 0.214, 0.000, 21.07
0, 0, 0.000, -0.071, 0.000, 0.000, -0.810, 0.000, 0.000, 0.772, -0.272, 0.382, -0.000, 21.03
0, 0, 0.000, -0.064, 0.000, 0.000, -0.750, 0.000, 0.000, 0.726, -0.315, 0.403, -0.000, 20.99
0, 0, 0.000, -0.052, 0.000, 0.000, -0.639, 0.000, 0.000, 0.686, -0.359, 0.365, -0.000, 20.96
0, 0, 0.000, -0.041, 0.000, 0.000, -0.522, 0.000, 0.000, 0.649, -0.404, 0.319, -0.000, 20.92
0, 0, 0.000, -0.032, 0.000, 0.000, -0.416, 0.000, 0.000, 0.614, -0.449, 0.282, 0.000, 20.90
0, 0, 0.000, -0.024, 0.000, 0.000, -0.322, 0.000, 0.000, 0.583, -0.495, 0.258, 0.000, 20.87
0, 0, 0.000, -0.017, 0.000, 0.000, -0.240, 0.000, 0.000, 0.554, -0.541, 0.244, -0.000, 20.85
0, 0, 0.000, -0.012, 0.000, 0.000, -0.176, 0.000, 0.000, 0.526, -0.539, 0.201, 0.000, 20.83
0, 0, 0.000, -0.008, 0.000, 0.000, -0.117, 0.000, 0.000, 0.501, -0.585, 0.210, -0.000, 20.80
0, 0, 0.000, -0.004, 0.000, 0.000, -0.062, 0.000, 0.000, 0.476, -0.632, 0.221, 0.000, 20.78
0, 0, 0.000, -0.001, 0.000, 0.000, -0.017, 0.000, 0.000, 0.453, -0.630, 0.195, -0.000, 20.76
0, 0, 0.000, 0.002, 0.000, 0.000, 0.027, 0.000, 0.000, 0.432, -0.676, 0.216, 0.000, 20.74
1, 0, 0.000, 0.119, 0.000, 0.000, 1.938, 0.000, 0.000, 2.909, -7.888, 2.921, 0.000, 20.45
1, 0, 0.000, 0.181, 0.000, 0.000, 3.060, 0.000, 0.000, 3.043, -8.271, 1.986, -0.000, 20.25
1, 0, 0.000, 0.190, 0.000, 0.000, 2.988, 0.000, 0.000, 3.148, -6.498, 0.173, 0.000, 20.23
1, 0, 0.000, 0.180, 0.000, 0.000, 2.734, 0.000, 0.000, 3.236, -5.939, -0.211, 0.000, 20.25
1, 0, 0.000, 0.156, 0.000, 0.000, 2.099, 0.000, 0.000, 3.313, -4.336, -1.232, 0.000, 20.38
1, 0, 0.000, 0.104, 0.000, 0.000, 1.293, 0.000, 0.000, 3.383, -3.340, -1.440, 0.000, 20.52
1, 0, 0.000, 0.060, 0.000, 0.000, 0.696, 0.000, 0.000, 3.446, -2.904, -1.299, -0.000, 20.65
1, 0, 0.000, 0.010, 0.000, 0.000, 0.098, 0.000, 0.000, 3.505, -1.432, -2.182, 0.000, 20.87
0, 0, 0.000, -0.022, 0.000, 0.000, -0.195, 0.000, 0.000, 1.062, -0.078, -0.767, -0.000, 20.95
0, 0, 0.000, -0.018, 0.000, 0.000, -0.153, 0.000, 0.000, 0.960, -0.084, -0.704, 0.000, 21.02
0, 0, 0.000, -0.019, 0.000, 0.000, -0.159, 0.000, 0.000, 0.884, -0.089, -0.617, -0.000, 21.08
0, 0, 0.000, -0.058, 0.000, 0.000, -0.563, 0.000, 0.000, 0.824, -0.182, -0.021, 0.000, 21.08
0, 0, 0.000, -0.067, 0.000, 0.000, -0.674, 0.000, 0.000, 0.773, -0.227, 0.195, -0.000, 21.06
0, 0, 0.000, -0.065, 0.000, 0.000, -0.652, 0.000, 0.000, 0.727, -0.225, 0.215, -0.000, 21.04
0, 0, 0.000, -0.056, 0.000, 0.000, -0.584, 0.000, 0.000, 0.687, -0.270, 0.224, -0.000, 21.02
0, 0, 0.000, -0.049, 0.000, 0.000, -0.511, 0.000, 0.000, 0.650, -0.269, 0.179, -0.000, 21.00
0, 0, 0.000, -0.041, 0.000, 0.000, -0.439, 0.000, 0.000, 0.615, -0.314, 0.179, -0.000, 20.98
0, 0, 0.000, -0.035, 0.000, 0.000, -0.378, 0.000, 0.000, 0.584, -0.313, 0.142, -0.000, 20.97
0, 0, 0.000, -0.029, 0.000, 0.000, -0.321, 0.000, 0.000, 0.555, -0.359, 0.154, -0.000, 20.95
0, 0, 0.000, -0.024, 0.000, 0.000, -0.273, 0.000, 0.000, 0.527, -0.358, 0.129, 0.000, 20.94
0, 0, 0.000, -0.019, 0.000, 0.000, -0.227, 0.000, 0.000, 0.501, -0.404, 0.149, -0.000, 20.92
0, 0, 0.000, -0.016, 0.000, 0.000, -0.188, 0.000, 0.000, 0.477, -0.403, 0.130, 0.000, 20.91
0, 0, 0.000, -0.013, 0.000, 0.000, -0.156, 0.000, 0.000, 0.454, -0.402, 0.117, -0.000, 20.90
0, 0, 0.000, -0.010, 0.000, 0.000, -0.122, 0.000, 0.000, 0.432, -0.448, 0.147, -0.000, 20.88
1, 0, 0.000, -0.007, 0.000, 0.000, -0.092, 0.000, 0.000, 0.412, -0.447, 0.135, 0.000, 20.87
1, 0, 0.000, -0.005, 0.000, 0.000, -0.067, 0.000, 0.000, 0.393, -0.446, 0.126, -0.000, 20.86
1, 0, 0.000, -0.003, 0.000, 0.000, -0.032, 0.000, 0.000, 0.374, -0.398, 0.058, -0.000, 20.85
1, 0, 0.000, -0.000, 0.000, 0.000, -0.003, 0.000, 0.000, 0.357, -0.351, -0.003, -0.000, 20.85
1, 0, 0.000, 0.008, 0.000, 0.000, 0.084, 0.000, 0.000, 0.340, -0.258, -0.174, -0.000, 20.87
1, 0, 0.000, 0.024, 0.000, 0.000, 0.202, 0.000, 0.000, 0.324, -0.122, -0.428, 0.000, 20.91
1, 0, 0.000, 0.012, 0.000, 0.000, 0.107, 0.000, 0.000, 0.309, -0.124, -0.304, -0.000, 20.94
1, 0, 0.000, 0.006, 0.000, 0.000, 0.053, 0.000, 0.000, 0.295, -0.126, -0.228, 0.000, 20.97
0, 0, 0.000, -0.004, 0.000, 0.000, -0.030, 0.000, 0.000, 0.282, -0.127, -0.121, 0.000, 20.98
0, 0, 0.000, -0.003, 0.000, 0.000, -0.028, 0.000, 0.000, 0.269, -0.128, -0.109, -0.000, 20.99
0, 0, 0.000, -0.014, 0.000, 0.000, -0.117, 0.000, 0.000, 0.256, -0.174, 0.049, -0.000, 20.98
0, 0, 0.000, -0.015, 0.000, 0.000, -0.135, 0.000, 0.000, 0.244, -0.220, 0.125, -0.000, 20.97
0, 0, 0.000, -0.013, 0.000, 0.000, -0.122, 0.000, 0.000, 0.233, -0.265, 0.167, 0.000, 20.96
0, 0, 0.000, -0.010, 0.000, 0.000, -0.094, 0.000, 0.000, 0.222, -0.264, 0.146, -0.000, 20.94
0, 0, 0.000, -0.006, 0.000, 0.000, -0.059, 0.000, 0.000, 0.212, -0.310, 0.163, -0.000, 20.92
0, 0, 0.000, -0.002, 0.000, 0.000, -0.021, 0.000, 0.000, 0.202, -0.355, 0.176, -0.000, 20.91
0, 0, 0.000, 0.001, 0.000, 0.000, 0.010, 0.000, 0.000, 0.193, -0.354, 0.150, 0.000, 20.89
0, 0, 0.000, 0.004, 0.000, 0.000, 0.042, 0.000, 0.000, 0.184, -0.400, 0.170, 0.000, 20.87
0, 0, 0.000, 0.007, 0.000, 0.000, 0.075, 0.000, 0.000, 0.176, -0.446, 0.188, 0.000, 20.86
0, 0, 0.000, 0.009, 0.000, 0.000, 0.110, 0.000, 0.000, 0.168, -0.492, 0.205, 0.000, 20.84
0, 0, 0.000, 0.011, 0.000, 0.000, 0.145, 0.000, 0.000, 0.160, -0.538, 0.221, 0.000, 20.81
0, 0, 0.000, 0.014, 0.000, 0.000, 0.190, 0.000, 0.000, 0.152, -0.632, 0.275, 0.000, 20.79
0, 0, 0.000, 0.016, 0.000, 0.000, 0.234, 0.000, 0.000, 0.145, -0.678, 0.282, 0.000, 20.76
0, 0, 0.000, 0.018, 0.000, 0.000, 0.276, 0.000, 0.000, 0.139, -0.724, 0.291, 0.000, 20.73
1, 0, 0.000, 0.168, 0.000, 0.000, 2.673, 0.000, 0.000, 2.630, -8.990, 3.519, -0.000, 20.38
1, 0, 0.000, 0.254, 0.000, 0.000, 4.340, 0.000, 0.000, 2.778, -9.913, 2.542, 0.000, 20.12
1, 0, 0.000, 0.281, 0.000, 0.000, 4.649, 0.000, 0.000, 2.895, -8.643, 0.818, 0.000, 20.04
1, 0, 0.000, 0.274, 0.000, 0.000, 4.312, 0.000, 0.000, 2.994, -7.478, -0.103, -0.000, 20.05
1, 0, 0.000, 0.256, 0.000, 0.000, 3.892, 0.000, 0.000, 3.083, -6.925, -0.306, 0.000, 20.08
1, 0, 0.000, 0.229, 0.000, 0.000, 3.240, 0.000, 0.000, 3.163, -5.843, -0.789, 0.000, 20.16
1, 0, 0.000, 0.195, 0.000, 0.000, 2.415, 0.000, 0.000, 3.237, -4.275, -1.572, -0.000, 20.32
1, 0, 0.000, 0.150, 0.000, 0.000, 1.770, 0.000, 0.000, 3.306, -3.844, -1.383, 0.000, 20.46
0, 0, 0.000, 0.074, 0.000, 0.000, 0.845, 0.000, 0.000, 0.872, -0.283, -1.507, -0.000, 20.61
0, 0, 0.000, 0.020, 0.000, 0.000, 0.238, 0.000, 0.000, 0.778, -0.336, -0.700, -0.000, 20.68
0, 0, 0.000, -0.005, 0.000, 0.000, -0.059, 0.000, 0.000, 0.711, -0.386, -0.262, -0.000, 20.70
0, 0, 0.000, -0.016, 0.000, 0.000, -0.215, 0.000, 0.000, 0.659, -0.480, 0.053, 0.000, 20.70
0, 0, 0.000, -0.018, 0.000, 0.000, -0.259, 0.000, 0.000, 0.615, -0.526, 0.189, -0.000, 20.68
0, 0, 0.000, -0.017, 0.000, 0.000, -0.244, 0.000, 0.000, 0.577, -0.525, 0.209, 0.000, 20.66
0, 0, 0.000, -0.014, 0.000, 0.000, -0.202, 0.000, 0.000, 0.543, -0.571, 0.243, 0.000, 20.63
0, 0, 0.000, -0.010, 0.000, 0.000, -0.150, 0.000, 0.000, 0.513, -0.617, 0.263, -0.000, 20.61
0, 0, 0.000, -0.007, 0.000, 0.000, -0.103, 0.000, 0.000, 0.485, -0.615, 0.239, -0.000, 20.58
0, 0, 0.000, -0.003, 0.000, 0.000, -0.055, 0.000, 0.000, 0.459, -0.661, 0.260, -0.000, 20.56
0, 0, 0.000, -0.000, 0.000, 0.000, -0.007, 0.000, 0.000, 0.436, -0.707, 0.279, -0.000, 20.53
0, 0, 0.000, 0.002, 0.000, 0.000, 0.032, 0.000, 0.000, 0.414, -0.705, 0.257, -0.000, 20.50
0, 0, 0.000, 0.004, 0.000, 0.000, 0.073, 0.000, 0.000, 0.393, -0.751, 0.281, 0.000, 20.48
0, 0, 0.000, 0.006, 0.000, 0.000, 0.115, 0.000, 0.000, 0.374, -0.798, 0.302, 0.000, 20.45
0, 0, 0.000, 0.008, 0.000, 0.000, 0.158, 0.000, 0.000, 0.356, -0.844, 0.321, 0.000, 20.41
0, 0, 0.000, 0.010, 0.000, 0.000, 0.193, 0.000, 0.000, 0.339, -0.841, 0.300, -0.000, 20.38
1, 0, 0.000, 0.185, 0.000, 0.000, 3.660, 0.000, 0.000, 2.820, -10.394, 3.728, -0.000, 20.01
1, 1, 0.000, 0.165, 0.000, 0.000, 3.376, 0.000, 0.000, 2.959, -10.981, 0.102, -4.379, 20.00
1, 1, 0.000, 0.157, 0.000, 0.000, 3.187, 0.000, 0.000, 3.067, -10.383, 0.000, -3.972, 20.00
1, 1, 0.000, 0.155, 0.000, 0.000, 3.018, 0.000, 0.000, 3.159, -9.193, 0.000, -2.861, 20.00
1, 1, 0.000, 0.171, 0.000, 0.000, 2.967, 0.000, 0.000, 3.239, -6.841, 0.000, -0.464, 20.00
1, 1, 0.000, 0.159, 0.000, 0.000, 2.792, 0.000, 0.000, 3.312, -6.841, 0.000, -0.578, 20.00
1, 1, 0.000, 0.151, 0.000, 0.000, 2.632, 0.000, 0.000, 3.379, -6.841, 0.000, -0.679, 20.00
1, 0, 0.000, 0.153, 0.000, 0.000, 2.456, 0.000, 0.000, 3.441, -5.714, -0.336, 0.000, 20.03
0, 0, 0.000, 0.076, 0.000, 0.000, 1.173, 0.000, 0.000, 1.001, -0.440, -1.810, 0.000, 20.21
0, 0, 0.000, 0.029, 0.000, 0.000, 0.452, 0.000, 0.000, 0.902, -0.447, -0.935, 0.000, 20.31
0, 0, 0.000, 0.012, 0.000, 0.000, 0.181, 0.000, 0.000, 0.829, -0.452, -0.569, 0.000, 20.37
0, 0, 0.000, -0.009, 0.000, 0.000, -0.154, 0.000, 0.000, 0.771, -0.501, -0.107, -0.000, 20.38
0, 0, 0.000, -0.018, 0.000, 0.000, -0.297, 0.000, 0.000, 0.722, -0.548, 0.140, -0.000, 20.36
0, 0, 0.000, -0.018, 0.000, 0.000, -0.313, 0.000, 0.000, 0.679, -0.594, 0.245, 0.000, 20.34
0, 0, 0.000, -0.016, 0.000, 0.000, -0.285, 0.000, 0.000, 0.641, -0.592, 0.252, -0.000, 20.31
0, 0, 0.000, -0.013, 0.000, 0.000, -0.237, 0.000, 0.000, 0.606, -0.638, 0.282, 0.000, 20.28
0, 0, 0.000, -0.010, 0.000, 0.000, -0.180, 0.000, 0.000, 0.574, -0.684, 0.300, -0.000, 20.25
0, 0, 0.000, -0.007, 0.000, 0.000, -0.131, 0.000, 0.000, 0.544, -0.681, 0.275, -0.000, 20.23
0, 0, 0.000, -0.004, 0.000, 0.000, -0.081, 0.000, 0.000, 0.517, -0.727, 0.296, 0.000, 20.20
0, 0, 0.000, -0.002, 0.000, 0.000, -0.039, 0.000, 0.000, 0.491, -0.725, 0.276, -0.000, 20.17
0, 0, 0.000, 0.000, 0.000, 0.000, 0.004, 0.000, 0.000, 0.467, -0.771, 0.301, 0.000, 20.14
0, 0, 0.000, 0.002, 0.000, 0.000, 0.049, 0.000, 0.000, 0.444, -0.818, 0.322, 0.000, 20.11
0, 0, 0.000, 0.004, 0.000, 0.000, 0.086, 0.000, 0.000, 0.423, -0.815, 0.303, 0.000, 20.08
0, 0, 0.000, 0.006, 0.000, 0.000, 0.125, 0.000, 0.000, 0.402, -0.862, 0.328, 0.000, 20.04
1, 1, 0.000, 0.085, 0.000, 0.000, 1.816, 0.000, 0.000, 2.881, -10.383, 0.437, -5.164, 20.00
1, 1, 0.000, 0.078, 0.000, 0.000, 1.715, 0.000, 0.000, 3.017, -10.981, 0.000, -6.171, 20.00
1, 1, 0.000, 0.077, 0.000, 0.000, 1.634, 0.000, 0.000, 3.122, -9.787, 0.000, -4.953, 20.00
1, 1, 0.000, 0.075, 0.000, 0.000, 1.555, 0.000, 0.000, 3.211, -9.193, 0.000, -4.351, 20.00
1, 1, 0.000, 0.078, 0.000, 0.000, 1.487, 0.000, 0.000, 3.290, -7.426, 0.000, -2.571, 20.00
1, 1, 0.000, 0.081, 0.000, 0.000, 1.440, 0.000, 0.000, 3.361, -6.259, 0.000, -1.378, 20.00
1, 1, 0.000, 0.078, 0.000, 0.000, 1.372, 0.000, 0.000, 3.425, -5.679, 0.000, -0.804, 20.00
1, 1, 0.000, 0.078, 0.000, 0.000, 1.337, 0.000, 0.000, 3.485, -5.679, 0.000, -0.778, 20.00
0, 0, 0.000, 0.024, 0.000, 0.000, 0.394, 0.000, 0.000, 1.043, -0.430, -1.030, -0.000, 20.10
0, 0, 0.000, -0.004, 0.000, 0.000, -0.062, 0.000, 0.000, 0.941, -0.481, -0.394, -0.000, 20.14
0, 0, 0.000, -0.016, 0.000, 0.000, -0.281, 0.000, 0.000, 0.867, -0.529, -0.041, -0.000, 20.15
0, 0, 0.000, -0.021, 0.000, 0.000, -0.380, 0.000, 0.000, 0.807, -0.576, 0.169, -0.000, 20.13
0, 0, 0.000, -0.021, 0.000, 0.000, -0.388, 0.000, 0.000, 0.757, -0.622, 0.275, 0.000, 20.10
0, 0, 0.000, -0.018, 0.000, 0.000, -0.345, 0.000, 0.000, 0.712, -0.668, 0.319, -0.000, 20.07
0, 0, 0.000, -0.015, 0.000, 0.000, -0.292, 0.000, 0.000, 0.672, -0.665, 0.300, -0.000, 20.04
0, 0, 0.000, -0.012, 0.000, 0.000, -0.232, 0.000, 0.000, 0.636, -0.711, 0.319, -0.000, 20.01
0, 0, 0.000, -0.008, 0.000, 0.000, -0.171, 0.000, 0.000, 0.602, -0.757, 0.334, 0.000, 19.97
0, 0, 0.000, -0.005, 0.000, 0.000, -0.110, 0.000, 0.000, 0.571, -0.803, 0.347, -0.000, 19.94
0, 0, 0.000, -0.003, 0.000, 0.000, -0.060, 0.000, 0.000, 0.543, -0.801, 0.320, -0.000, 19.91
0, 0, 0.000, -0.000, 0.000, 0.000, -0.010, 0.000, 0.000, 0.516, -0.847, 0.341, 0.000, 19.87
0, 0, 0.000, 0.002, 0.000, 0.000, 0.041, 0.000, 0.000, 0.490, -0.893, 0.360, 0.000, 19.84
0, 0, 0.000, 0.004, 0.000, 0.000, 0.091, 0.000, 0.000, 0.467, -0.940, 0.378, -0.000, 19.80
0, 0, 0.000, 0.006, 0.000, 0.000, 0.142, 0.000, 0.000, 0.444, -0.986, 0.394, 0.000, 19.76
0, 0, 0.000, 0.008, 0.000, 0.000, 0.192, 0.000, 0.000, 0.423, -1.032, 0.409, -0.000, 19.72
1, 1, 0.000, 0.013, 0.000, 0.000, 0.317, 0.000, 0.000, 2.901, -13.398, -2.801, -12.970, 20.00
1, 1, 0.000, 0.013, 0.000, 0.000, 0.327, 0.000, 0.000, 3.035, -14.009, 0.000, -10.633, 20.00
1, 1, 0.000, 0.013, 0.000, 0.000, 0.333, 0.000, 0.000, 3.140, -13.398, 0.000, -9.912, 20.00
1, 1, 0.000, 0.013, 0.000, 0.000, 0.333, 0.000, 0.000, 3.228, -12.791, 0.000, -9.216, 20.00
1, 1, 0.000, 0.014, 0.000, 0.000, 0.333, 0.000, 0.000, 3.306, -11.582, 0.000, -7.930, 20.00
1, 1, 0.000, 0.014, 0.000, 0.000, 0.327, 0.000, 0.000, 3.376, -10.981, 0.000, -7.265, 20.00
1, 1, 0.000, 0.014, 0.000, 0.000, 0.319, 0.000, 0.000, 3.440, -10.383, 0.000, -6.610, 20.00
1, 1, 0.000, 0.014, 0.000, 0.000, 0.316, 0.000, 0.000, 3.499, -9.193, 0.000, -5.364, 20.00
0, 0, 0.000, -0.011, 0.000, 0.000, -0.248, 0.000, 0.000, 1.056, -0.711, -0.086, 0.000, 20.01
0, 0, 0.000, -0.008, 0.000, 0.000, -0.163, 0.000, 0.000, 0.954, -0.664, -0.119, 0.000, 20.02
0, 0, 0.000, 0.003, 0.000, 0.000, 0.059, 0.000, 0.000, 0.879, -0.666, -0.275, 0.000, 20.05
0, 0, 0.000, -0.016, 0.000, 0.000, -0.339, 0.000, 0.000, 0.819, -0.713, 0.248, -0.000, 20.02
0, 0, 0.000, -0.020, 0.000, 0.000, -0.456, 0.000, 0.000, 0.768, -0.757, 0.466, 0.000, 19.98
0, 0, 0.000, -0.019, 0.000, 0.000, -0.428, 0.000, 0.000, 0.723, -0.753, 0.477, 0.000, 19.93
0, 0, 0.000, -0.015, 0.000, 0.000, -0.348, 0.000, 0.000, 0.682, -0.798, 0.479, 0.000, 19.88
0, 0, 0.000, -0.012, 0.000, 0.000, -0.265, 0.000, 0.000, 0.645, -0.795, 0.426, -0.000, 19.84
0, 0, 0.000, -0.008, 0.000, 0.000, -0.184, 0.000, 0.000, 0.612, -0.840, 0.421, -0.000, 19.80
0, 0, 0.000, -0.005, 0.000, 0.000, -0.107, 0.000, 0.000, 0.580, -0.886, 0.418, 0.000, 19.75
0, 0, 0.000, -0.002, 0.000, 0.000, -0.045, 0.000, 0.000, 0.551, -0.883, 0.379, -0.000, 19.72
0, 0, 0.000, 0.000, 0.000, 0.000, 0.004, 0.000, 0.000, 0.524, -0.880, 0.352, 0.000, 19.68
0, 0, 0.000, 0.002, 0.000, 0.000, 0.053, 0.000, 0.000, 0.498, -0.926, 0.373, 0.000, 19.64
0, 0, 0.000, 0.004, 0.000, 0.000, 0.092, 0.000, 0.000, 0.474, -0.923, 0.353, 0.000, 19.61
0, 0, 0.000, 0.005, 0.000, 0.000, 0.134, 0.000, 0.000, 0.451, -0.970, 0.379, 0.000, 19.57
0, 0, 0.000, 0.007, 0.000, 0.000, 0.169, 0.000, 0.000, 0.430, -0.967, 0.361, -0.000, 19.53
1, 1, 0.000, -0.027, 0.000, 0.000, -0.710, 0.000, 0.000, 2.907, -12.791, -4.653, -15.273, 20.00
1, 1, 0.000, -0.024, 0.000, 0.000, -0.621, 0.000, 0.000, 3.041, -12.791, 0.000, -10.394, 20.00
1, 1, 0.000, -0.022, 0.000, 0.000, -0.556, 0.000, 0.000, 3.146, -12.185, 0.000, -9.616, 20.00
1, 1, 0.000, -0.021, 0.000, 0.000, -0.490, 0.000, 0.000, 3.234, -9.787, 0.000, -7.064, 20.00
1, 1, 0.000, -0.019, 0.000, 0.000, -0.449, 0.000, 0.000, 3.311, -9.193, 0.000, -6.351, 20.00
1, 1, 0.000, -0.018, 0.000, 0.000, -0.414, 0.000, 0.000, 3.381, -8.602, 0.000, -5.653, 20.00
1, 1, 0.000, -0.018, 0.000, 0.000, -0.383, 0.000, 0.000, 3.445, -8.013, 0.000, -4.968, 20.00
1, 1, 0.000, -0.017, 0.000, 0.000, -0.354, 0.000, 0.000, 3.504, -7.426, 0.000, -4.293, 20.00
0, 0, 0.000, -0.029, 0.000, 0.000, -0.591, 0.000, 0.000, 1.061, -0.564, 0.124, 0.000, 19.99
0, 0, 0.000, -0.032, 0.000, 0.000, -0.655, 0.000, 0.000, 0.958, -0.562, 0.291, 0.000, 19.96
0, 0, 0.000, -0.025, 0.000, 0.000, -0.510, 0.000, 0.000, 0.883, -0.608, 0.260, -0.000, 19.93
0, 0, 0.000, -0.026, 0.000, 0.000, -0.556, 0.000, 0.000, 0.823, -0.653, 0.412, -0.000, 19.89
0, 0, 0.000, -0.025, 0.000, 0.000, -0.536, 0.000, 0.000, 0.772, -0.697, 0.487, 0.000, 19.84
0, 0, 0.000, -0.021, 0.000, 0.000, -0.462, 0.000, 0.000, 0.726, -0.693, 0.450, -0.000, 19.80
0, 0, 0.000, -0.017, 0.000, 0.000, -0.371, 0.000, 0.000, 0.686, -0.738, 0.440, -0.000, 19.75
0, 0, 0.000, -0.013, 0.000, 0.000, -0.289, 0.000, 0.000, 0.649, -0.735, 0.389, -0.000, 19.71
0, 0, 0.000, -0.009, 0.000, 0.000, -0.213, 0.000, 0.000, 0.614, -0.781, 0.389, 0.000, 19.68
0, 0, 0.000, -0.007, 0.000, 0.000, -0.151, 0.000, 0.000, 0.583, -0.778, 0.352, -0.000, 19.64
0, 0, 0.000, -0.004, 0.000, 0.000, -0.091, 0.000, 0.000, 0.554, -0.824, 0.365, -0.000, 19.60
0, 0, 0.000, -0.001, 0.000, 0.000, -0.034, 0.000, 0.000, 0.526, -0.870, 0.379, 0.000, 19.57
0, 0, 0.000, 0.001, 0.000, 0.000, 0.013, 0.000, 0.000, 0.501, -0.867, 0.353, 0.000, 19.53
0, 0, 0.000, 0.002, 0.000, 0.000, 0.060, 0.000, 0.000, 0.476, -0.913, 0.374, -0.000, 19.49
0, 0, 0.000, 0.004, 0.000, 0.000, 0.099, 0.000, 0.000, 0.453, -0.910, 0.354, -0.000, 19.46
0, 0, 0.000, 0.006, 0.000, 0.000, 0.140, 0.000, 0.000, 0.432, -0.957, 0.380, 0.000, 19.42
1, 1, 0.000, -0.055, 0.000, 0.000, -1.403, 0.000, 0.000, 2.909, -12.185, -5.796, -16.531, 20.00
1, 1, 0.000, -0.049, 0.000, 0.000, -1.272, 0.000, 0.000, 3.043, -12.791, 0.000, -11.069, 20.00
1, 1, 0.000, -0.046, 0.000, 0.000, -1.162, 0.000, 0.000, 3.148, -11.582, 0.000, -9.642, 20.00
1, 1, 0.000, -0.045, 0.000, 0.000, -1.066, 0.000, 0.000, 3.236, -9.787, 0.000, -7.662, 20.00
1, 1, 0.000, -0.042, 0.000, 0.000, -0.999, 0.000, 0.000, 3.313, -9.787, 0.000, -7.515, 20.00
1, 1, 0.000, -0.041, 0.000, 0.000, -0.929, 0.000, 0.000, 3.383, -8.602, 0.000, -6.190, 20.00
1, 1, 0.000, -0.041, 0.000, 0.000, -0.866, 0.000, 0.000, 3.446, -7.426, 0.000, -4.886, 20.00
1, 1, 0.000, -0.040, 0.000, 0.000, -0.813, 0.000, 0.000, 3.505, -6.841, 0.000, -4.189, 20.00
0, 0, 0.000, -0.031, 0.000, 0.000, -0.593, 0.000, 0.000, 1.062, -0.469, 0.032, -0.000, 20.00
0, 0, 0.000, -0.015, 0.000, 0.000, -0.264, 0.000, 0.000, 0.960, -0.376, -0.305, -0.000, 20.03
0, 0, 0.000, -0.011, 0.000, 0.000, -0.203, 0.000, 0.000, 0.884, -0.379, -0.291, 0.000, 20.06
0, 0, 0.000, -0.034, 0.000, 0.000, -0.639, 0.000, 0.000, 0.824, -0.471, 0.320, -0.000, 20.02
0, 0, 0.000, -0.039, 0.000, 0.000, -0.746, 0.000, 0.000, 0.773, -0.515, 0.526, 0.000, 19.97
0, 0, 0.000, -0.035, 0.000, 0.000, -0.683, 0.000, 0.000, 0.727, -0.558, 0.549, 0.000, 19.92
0, 0, 0.000, -0.028, 0.000, 0.000, -0.571, 0.000, 0.000, 0.687, -0.602, 0.514, -0.000, 19.87
0, 0, 0.000, -0.023, 0.000, 0.000, -0.461, 0.000, 0.000, 0.650, -0.598, 0.433, 0.000, 19.82
0, 0, 0.000, -0.018, 0.000, 0.000, -0.361, 0.000, 0.000, 0.615, -0.643, 0.406, 0.000, 19.78
0, 0, 0.000, -0.013, 0.000, 0.000, -0.271, 0.000, 0.000, 0.584, -0.689, 0.388, -0.000, 19.74
0, 0, 0.000, -0.009, 0.000, 0.000, -0.190, 0.000, 0.000, 0.555, -0.734, 0.379, 0.000, 19.70
0, 0, 0.000, -0.005, 0.000, 0.000, -0.117, 0.000, 0.000, 0.527, -0.780, 0.376, -0.000, 19.67
0, 0, 0.000, -0.002, 0.000, 0.000, -0.051, 0.000, 0.000, 0.501, -0.826, 0.378, 0.000, 19.63
0, 0, 0.000, 0.000, 0.000, 0.000, 0.011, 0.000, 0.000, 0.477, -0.872, 0.383, 0.000, 19.59
0, 0, 0.000, 0.003, 0.000, 0.000, 0.070, 0.000, 0.000, 0.454, -0.918, 0.391, 0.000, 19.55
0, 0, 0.000, 0.005, 0.000, 0.000, 0.126, 0.000, 0.000, 0.432, -0.965, 0.401, 0.000, 19.51
1, 1, 0.000, -0.050, 0.000, 0.000, -1.255, 0.000, 0.000, 0.412, -1.057, -4.881, -6.831, 20.00
1, 1, 0.000, -0.044, 0.000, 0.000, -1.141, 0.000, 0.000, 0.393, -1.107, 0.000, -1.900, 20.00
1, 1, 0.000, -0.041, 0.000, 0.000, -1.054, 0.000, 0.000, 0.374, -1.057, 0.000, -1.778, 20.00
1, 1, 0.000, -0.040, 0.000, 0.000, -0.983, 0.000, 0.000, 0.357, -0.957, 0.000, -1.623, 20.00
1, 1, 0.000, -0.040, 0.000, 0.000, -0.908, 0.000, 0.000, 0.340, -0.809, 0.000, -1.416, 20.00
1, 1, 0.000, -0.040, 0.000, 0.000, -0.865, 0.000, 0.000, 0.324, -0.711, 0.000, -1.291, 20.00
1, 1, 0.000, -0.038, 0.000, 0.000, -0.817, 0.000, 0.000, 0.309, -0.662, 0.000, -1.207, 20.00
1, 1, 0.000, -0.035, 0.000, 0.000, -0.716, 0.000, 0.000, 0.295, -0.613, 0.000, -1.070, 20.00
0, 0, 0.000, -0.014, 0.000, 0.000, -0.273, 0.000, 0.000, 0.282, -0.560, 0.565, -0.000, 19.94
0, 0, 0.000, 0.002, 0.000, 0.000, 0.046, 0.000, 0.000, 0.269, -0.511, 0.194, 0.000, 19.92
0, 0, 0.000, -0.000, 0.000, 0.000, -0.001, 0.000, 0.000, 0.256, -0.604, 0.349, 0.000, 19.89
0, 0, 0.000, -0.006, 0.000, 0.000, -0.121, 0.000, 0.000, 0.244, -0.648, 0.530, -0.000, 19.84
0, 0, 0.000, -0.005, 0.000, 0.000, -0.110, 0.000, 0.000, 0.233, -0.692, 0.573, -0.000, 19.78
0, 0, 0.000, -0.002, 0.000, 0.000, -0.040, 0.000, 0.000, 0.222, -0.687, 0.507, -0.000, 19.73
0, 0, 0.000, 0.002, 0.000, 0.000, 0.034, 0.000, 0.000, 0.212, -0.684, 0.436, 0.000, 19.68
0, 0, 0.000, 0.005, 0.000, 0.000, 0.097, 0.000, 0.000, 0.202, -0.681, 0.377, -0.000, 19.65
0, 0, 0.000, 0.007, 0.000, 0.000, 0.145, 0.000, 0.000, 0.193, -0.678, 0.333, 0.000, 19.61
0, 0, 0.000, 0.009, 0.000, 0.000, 0.191, 0.000, 0.000, 0.184, -0.724, 0.340, 0.000, 19.58
0, 0, 0.000, 0.010, 0.000, 0.000, 0.225, 0.000, 0.000, 0.176, -0.721, 0.310, -0.000, 19.55
0, 0, 0.000, 0.011, 0.000, 0.000, 0.250, 0.000, 0.000, 0.168, -0.718, 0.290, 0.000, 19.52
0, 0, 0.000, 0.012, 0.000, 0.000, 0.268, 0.000, 0.000, 0.160, -0.716, 0.276, 0.000, 19.49
0, 0, 0.000, 0.013, 0.000, 0.000, 0.273, 0.000, 0.000, 0.152, -0.665, 0.228, 0.000, 19.47
0, 0, 0.000, 0.013, 0.000, 0.000, 0.275, 0.000, 0.000, 0.145, -0.663, 0.230, 0.000, 19.45
0, 0, 0.000, 0.013, 0.000, 0.000, 0.277, 0.000, 0.000, 0.139, -0.661, 0.232, 0.000, 19.42
1, 1, 0.000, -0.080, 0.000, 0.000, -1.725, 0.000, 0.000, 2.630, -8.602, -5.771, -13.547, 20.00
1, 1, 0.000, -0.073, 0.000, 0.000, -1.572, 0.000, 0.000, 2.778, -8.602, 0.000, -7.469, 20.00
1, 1, 0.000, -0.070, 0.000, 0.000, -1.445, 0.000, 0.000, 2.895, -7.426, 0.000, -6.046, 20.00
1, 1, 0.000, -0.069, 0.000, 0.000, -1.339, 0.000, 0.000, 2.994, -6.259, 0.000, -4.672, 20.00
1, 1, 0.000, -0.069, 0.000, 0.000, -1.245, 0.000, 0.000, 3.083, -5.101, 0.000, -3.332, 20.00
1, 1, 0.000, -0.071, 0.000, 0.000, -1.155, 0.000, 0.000, 3.163, -3.381, 0.000, -1.443, 20.00
1, 1, 0.000, -0.067, 0.000, 0.000, -1.042, 0.000, 0.000, 3.237, -2.812, 0.000, -0.684, 20.00
1, 0, 0.000, -0.067, 0.000, 0.000, -0.870, 0.000, 0.000, 3.306, -1.233, -1.136, -0.000, 20.11
0, 0, 0.000, -0.037, 0.000, 0.000, -0.426, 0.000, 0.000, 0.872, -0.013, -0.397, -0.000, 20.15
0, 0, 0.000, -0.042, 0.000, 0.000, -0.463, 0.000, 0.000, 0.778, 0.031, -0.304, 0.000, 20.18
0, 0, 0.000, -0.038, 0.000, 0.000, -0.429, 0.000, 0.000, 0.711, -0.017, -0.227, -0.000, 20.21
0, 0, 0.000, -0.063, 0.000, 0.000, -0.784, 0.000, 0.000, 0.659, -0.107, 0.296, -0.000, 20.18
0, 0, 0.000, -0.066, 0.000, 0.000, -0.834, 0.000, 0.000, 0.615, -0.150, 0.435, 0.000, 20.13
0, 0, 0.000, -0.059, 0.000, 0.000, -0.757, 0.000, 0.000, 0.577, -0.193, 0.432, -0.000, 20.09
0, 0, 0.000, -0.051, 0.000, 0.000, -0.653, 0.000, 0.000, 0.543, -0.190, 0.351, 0.000, 20.05
0, 0, 0.000, -0.042, 0.000, 0.000, -0.550, 0.000, 0.000, 0.513, -0.234, 0.314, 0.000, 20.02
0, 0, 0.000, -0.034, 0.000, 0.000, -0.456, 0.000, 0.000, 0.485, -0.279, 0.284, -0.000, 20.00
0, 0, 0.000, -0.027, 0.000, 0.000, -0.374, 0.000, 0.000, 0.459, -0.324, 0.265, -0.000, 19.97
0, 0, 0.000, -0.021, 0.000, 0.000, -0.300, 0.000, 0.000, 0.436, -0.369, 0.255, 0.000, 19.94
0, 0, 0.000, -0.016, 0.000, 0.000, -0.234, 0.000, 0.000, 0.414, -0.415, 0.251, -0.000, 19.92
0, 0, 0.000, -0.011, 0.000, 0.000, -0.174, 0.000, 0.000, 0.393, -0.460, 0.252, -0.000, 19.89
0, 0, 0.000, -0.007, 0.000, 0.000, -0.110, 0.000, 0.000, 0.374, -0.554, 0.296, -0.000, 19.86
0, 0, 0.000, -0.003, 0.000, 0.000, -0.049, 0.000, 0.000, 0.356, -0.599, 0.295, -0.000, 19.83
0, 0, 0.000, 0.000, 0.000, 0.000, 0.007, 0.000, 0.000, 0.339, -0.645, 0.299, -0.000, 19.80
1, 1, 0.000, -0.030, 0.000, 0.000, -0.530, 0.000, 0.000, 2.820, -8.602, -1.962, -8.302, 20.00
1, 1, 0.000, -0.026, 0.000, 0.000, -0.496, 0.000, 0.000, 2.959, -9.787, 0.000, -7.350, 20.00
1, 1, 0.000, -0.024, 0.000, 0.000, -0.457, 0.000, 0.000, 3.067, -9.193, 0.000, -6.608, 20.00
1, 1, 0.000, -0.023, 0.000, 0.000, -0.425, 0.000, 0.000, 3.159, -8.602, 0.000, -5.891, 20.00
1, 1, 0.000, -0.020, 0.000, 0.000, -0.332, 0.000, 0.000, 3.239, -6.259, 0.000, -3.372, 20.00
1, 1, 0.000, -0.013, 0.000, 0.000, -0.190, 0.000, 0.000, 3.312, -4.526, 0.000, -1.416, 20.00
1, 1, 0.000, -0.001, 0.000, 0.000, -0.020, 0.000, 0.000, 3.379, -3.952, 0.000, -0.595, 20.00
1, 0, 0.000, 0.017, 0.000, 0.000, 0.198, 0.000, 0.000, 3.441, -2.375, -1.281, 0.000, 20.13
0, 0, 0.000, 0.020, 0.000, 0.000, 0.202, 0.000, 0.000, 1.001, -0.066, -1.157, -0.000, 20.24
0, 0, 0.000, -0.021, 0.000, 0.000, -0.213, 0.000, 0.000, 0.902, -0.071, -0.596, -0.000, 20.30
0, 0, 0.000, -0.027, 0.000, 0.000, -0.295, 0.000, 0.000, 0.829, -0.121, -0.386, -0.000, 20.34
0, 0, 0.000, -0.054, 0.000, 0.000, -0.658, 0.000, 0.000, 0.771, -0.259, 0.200, 0.000, 20.32
0, 0, 0.000, -0.058, 0.000, 0.000, -0.730, 0.000, 0.000, 0.722, -0.303, 0.368, 0.000, 20.29
0, 0, 0.000, -0.051, 0.000, 0.000, -0.671, 0.000, 0.000, 0.679, -0.347, 0.391, 0.000, 20.25
0, 0, 0.000, -0.042, 0.000, 0.000, -0.574, 0.000, 0.000, 0.641, -0.392, 0.367, 0.000, 20.21
0, 0, 0.000, -0.034, 0.000, 0.000, -0.472, 0.000, 0.000, 0.606, -0.436, 0.336, -0.000, 20.18
0, 0, 0.000, -0.026, 0.000, 0.000, -0.378, 0.000, 0.000, 0.574, -0.481, 0.311, 0.000, 20.14
0, 0, 0.000, -0.019, 0.000, 0.000, -0.293, 0.000, 0.000, 0.544, -0.527, 0.295, 0.000, 20.12
0, 0, 0.000, -0.014, 0.000, 0.000, -0.217, 0.000, 0.000, 0.517, -0.573, 0.287, 0.000, 20.09
0, 0, 0.000, -0.008, 0.000, 0.000, -0.140, 0.000, 0.000, 0.491, -0.667, 0.325, -0.000, 20.05
0, 0, 0.000, -0.004, 0.000, 0.000, -0.070, 0.000, 0.000, 0.467, -0.713, 0.320, -0.000, 20.02
0, 0, 0.000, -0.000, 0.000, 0.000, -0.006, 0.000, 0.000, 0.444, -0.759, 0.320, -0.000, 19.99
0, 0, 0.000, 0.003, 0.000, 0.000, 0.063, 0.000, 0.000, 0.423, -0.854, 0.365, 0.000, 19.95
0, 0, 0.000, 0.006, 0.000, 0.000, 0.127, 0.000, 0.000, 0.402, -0.900, 0.364, 0.000, 19.92
1, 1, 0.000, 0.012, 0.000, 0.000, 0.255, 0.000, 0.000, 2.881, -11.582, -0.829, -9.262, 20.00
1, 1, 0.000, 0.011, 0.000, 0.000, 0.241, 0.000, 0.000, 3.017, -12.185, 0.000, -8.916, 20.00
1, 1, 0.000, 0.011, 0.000, 0.000, 0.235, 0.000, 0.000, 3.122, -11.582, 0.000, -8.213, 20.00
1, 1, 0.000, 0.011, 0.000, 0.000, 0.233, 0.000, 0.000, 3.211, -10.383, 0.000, -6.927, 20.00
1, 1, 0.000, 0.011, 0.000, 0.000, 0.227, 0.000, 0.000, 3.290, -9.787, 0.000, -6.259, 20.00
1, 1, 0.000, 0.012, 0.000, 0.000, 0.230, 0.000, 0.000, 3.361, -8.602, 0.000, -4.999, 20.00
1, 1, 0.000, 0.018, 0.000, 0.000, 0.322, 0.000, 0.000, 3.425, -7.426, 0.000, -3.661, 20.00
1, 1, 0.000, 0.045, 0.000, 0.000, 0.746, 0.000, 0.000, 3.485, -6.259, 0.000, -1.983, 20.00
0, 0, 0.000, 0.008, 0.000, 0.000, 0.138, 0.000, 0.000, 1.043, -0.523, -0.666, -0.000, 20.07
0, 0, 0.000, -0.010, 0.000, 0.000, -0.175, 0.000, 0.000, 0.941, -0.572, -0.184, 0.000, 20.08
0, 0, 0.000, -0.011, 0.000, 0.000, -0.196, 0.000, 0.000, 0.867, -0.621, -0.039, 0.000, 20.09
0, 0, 0.000, -0.018, 0.000, 0.000, -0.332, 0.000, 0.000, 0.807, -0.668, 0.210, -0.000, 20.07
0, 0, 0.000, -0.018, 0.000, 0.000, -0.351, 0.000, 0.000, 0.757, -0.714, 0.326, 0.000, 20.04
0, 0, 0.000, -0.016, 0.000, 0.000, -0.311, 0.000, 0.000, 0.712, -0.711, 0.326, -0.000, 20.00
0, 0, 0.000, -0.012, 0.000, 0.000, -0.248, 0.000, 0.000, 0.672, -0.757, 0.345, 0.000, 19.97
0, 0, 0.000, -0.009, 0.000, 0.000, -0.178, 0.000, 0.000, 0.636, -0.803, 0.354, -0.000, 19.93
0, 0, 0.000, -0.006, 0.000, 0.000, -0.117, 0.000, 0.000, 0.602, -0.800, 0.321, 0.000, 19.90
0, 0, 0.000, -0.003, 0.000, 0.000, -0.058, 0.000, 0.000, 0.571, -0.846, 0.336, 0.000, 19.87
0, 0, 0.000, 0.000, 0.000, 0.000, 0.000, 0.000, 0.000, 0.543, -0.893, 0.350, 0.000, 19.83
0, 0, 0.000, 0.002, 0.000, 0.000, 0.047, 0.000, 0.000, 0.516, -0.890, 0.325, 0.000, 19.80
0, 0, 0.000, 0.004, 0.000, 0.000, 0.095, 0.000, 0.000, 0.490, -0.937, 0.347, -0.000, 19.77
0, 0, 0.000, 0.006, 0.000, 0.000, 0.134, 0.000, 0.000, 0.467, -0.934, 0.327, -0.000, 19.73
0, 0, 0.000, 0.007, 0.000, 0.000, 0.175, 0.000, 0.000, 0.444, -0.981, 0.354, -0.000, 19.70
0, 0, 0.000, 0.009, 0.000, 0.000, 0.218, 0.000, 0.000, 0.423, -1.027, 0.377, -0.000, 19.66
1, 1, 0.000, -0.016, 0.000, 0.000, -0.404, 0.000, 0.000, 2.901, -12.791, -3.408, -13.718, 20.00
1, 1, 0.000, -0.014, 0.000, 0.000, -0.352, 0.000, 0.000, 3.035, -13.398, 0.000, -10.729, 20.00
1, 1, 0.000, -0.012, 0.000, 0.000, -0.304, 0.000, 0.000, 3.140, -12.185, 0.000, -9.361, 20.00
1, 1, 0.000, -0.008, 0.000, 0.000, -0.175, 0.000, 0.000, 3.228, -9.787, 0.000, -6.741, 20.00
1, 1, 0.000, 0.008, 0.000, 0.000, 0.164, 0.000, 0.000, 3.306, -7.426, 0.000, -3.947, 20.00
1, 1, 0.000, 0.035, 0.000, 0.000, 0.618, 0.000, 0.000, 3.376, -5.101, 0.000, -1.072, 20.00
1, 0, 0.000, 0.030, 0.000, 0.000, 0.460, 0.000, 0.000, 3.440, -2.915, -1.015, 0.000, 20.10
1, 0, 0.000, 0.019, 0.000, 0.000, 0.266, 0.000, 0.000, 3.499, -1.967, -1.818, -0.000, 20.28
0, 0, 0.000, -0.000, 0.000, 0.000, -0.003, 0.000, 0.000, 1.056, -0.170, -0.884, 0.000, 20.37
0, 0, 0.000, -0.017, 0.000, 0.000, -0.223, 0.000, 0.000, 0.954, -0.174, -0.541, -0.000, 20.43
0, 0, 0.000, -0.010, 0.000, 0.000, -0.137, 0.000, 0.000, 0.879, -0.272, -0.461, 0.000, 20.47
0, 0, 0.000, -0.042, 0.000, 0.000, -0.668, 0.000, 0.000, 0.819, -0.411, 0.303, -0.000, 20.44
0, 0, 0.000, -0.050, 0.000, 0.000, -0.790, 0.000, 0.000, 0.768, -0.407, 0.478, -0.000, 20.39
0, 0, 0.000, -0.045, 0.000, 0.000, -0.729, 0.000, 0.000, 0.723, -0.450, 0.501, 0.000, 20.34
0, 0, 0.000, -0.037, 0.000, 0.000, -0.613, 0.000, 0.000, 0.682, -0.494, 0.461, -0.000, 20.30
0, 0, 0.000, -0.030, 0.000, 0.000, -0.499, 0.000, 0.000, 0.645, -0.491, 0.375, 0.000, 20.26
0, 0, 0.000, -0.023, 0.000, 0.000, -0.396, 0.000, 0.000, 0.612, -0.536, 0.343, -0.000, 20.23
0, 0, 0.000, -0.018, 0.000, 0.000, -0.312, 0.000, 0.000, 0.580, -0.534, 0.284, -0.000, 20.20
0, 0, 0.000, -0.014, 0.000, 0.000, -0.238, 0.000, 0.000, 0.551, -0.580, 0.280, 0.000, 20.17
0, 0, 0.000, -0.009, 0.000, 0.000, -0.170, 0.000, 0.000, 0.524, -0.625, 0.281, 0.000, 20.14
0, 0, 0.000, -0.006, 0.000, 0.000, -0.116, 0.000, 0.000, 0.498, -0.623, 0.248, -0.000, 20.12
0, 0, 0.000, -0.003, 0.000, 0.000, -0.064, 0.000, 0.000, 0.474, -0.670, 0.263, 0.000, 20.09
0, 0, 0.000, -0.001, 0.000, 0.000, -0.023, 0.000, 0.000, 0.451, -0.668, 0.240, -0.000, 20.07
0, 0, 0.000, 0.001, 0.000, 0.000, 0.020, 0.000, 0.000, 0.430, -0.714, 0.263, -0.000, 20.04
1, 1, 0.000, 0.050, 0.000, 0.000, 0.967, 0.000, 0.000, 2.907, -8.602, 0.397, -4.281, 20.00
1, 1, 0.000, 0.041, 0.000, 0.000, 0.812, 0.000, 0.000, 3.041, -9.193, 0.000, -5.300, 20.00
1, 1, 0.000, 0.035, 0.000, 0.000, 0.708, 0.000, 0.000, 3.146, -9.193, 0.000, -5.304, 20.00
1, 1, 0.000, 0.039, 0.000, 0.000, 0.736, 0.000, 0.000, 3.234, -7.426, 0.000, -3.417, 20.00
1, 1, 0.000, 0.052, 0.000, 0.000, 0.885, 0.000, 0.000, 3.311, -5.679, 0.000, -1.431, 20.00
1, 0, 0.000, 0.069, 0.000, 0.000, 1.087, 0.000, 0.000, 3.381, -4.527, -0.010, 0.000, 20.00
1, 0, 0.000, 0.058, 0.000, 0.000, 0.870, 0.000, 0.000, 3.445, -3.992, -0.380, -0.000, 20.04
1, 0, 0.000, 0.049, 0.000, 0.000, 0.735, 0.000, 0.000, 3.504, -4.019, -0.269, -0.000, 20.07
0, 0, 0.000, 0.007, 0.000, 0.000, 0.100, 0.000, 0.000, 1.061, -0.339, -0.828, 0.000, 20.15
0, 0, 0.000, -0.016, 0.000, 0.000, -0.254, 0.000, 0.000, 0.958, -0.389, -0.299, -0.000, 20.18
0, 0, 0.000, -0.024, 0.000, 0.000, -0.380, 0.000, 0.000, 0.883, -0.437, -0.042, 0.000, 20.18
0, 0, 0.000, -0.028, 0.000, 0.000, -0.452, 0.000, 0.000, 0.823, -0.483, 0.140, 0.000, 20.17
0, 0, 0.000, -0.027, 0.000, 0.000, -0.445, 0.000, 0.000, 0.772, -0.529, 0.230, -0.000, 20.15
0, 0, 0.000, -0.024, 0.000, 0.000, -0.404, 0.000, 0.000, 0.726, -0.528, 0.229, 0.000, 20.12
0, 0, 0.000, -0.020, 0.000, 0.000, -0.347, 0.000, 0.000, 0.686, -0.573, 0.255, 0.000, 20.10
0, 0, 0.000, -0.016, 0.000, 0.000, -0.285, 0.000, 0.000, 0.649, -0.619, 0.271, -0.000, 20.07
0, 0, 0.000, -0.013, 0.000, 0.000, -0.230, 0.000, 0.000, 0.614, -0.617, 0.246, -0.000, 20.05
0, 0, 0.000, -0.010, 0.000, 0.000, -0.176, 0.000, 0.000, 0.583, -0.664, 0.266, -0.000, 20.02
0, 0, 0.000, -0.006, 0.000, 0.000, -0.121, 0.000, 0.000, 0.554, -0.710, 0.284, 0.000, 19.99
0, 0, 0.000, -0.003, 0.000, 0.000, -0.067, 0.000, 0.000, 0.526, -0.756, 0.301, -0.000, 19.96
0, 0, 0.000, -0.000, 0.000, 0.000, -0.004, 0.000, 0.000, 0.501, -0.851, 0.355, -0.000, 19.93
0, 0, 0.000, 0.003, 0.000, 0.000, 0.056, 0.000, 0.000, 0.476, -0.898, 0.362, 0.000, 19.89
0, 0, 0.000, 0.005, 0.000, 0.000, 0.114, 0.000, 0.000, 0.453, -0.944, 0.371, 0.000, 19.85
0, 0, 0.000, 0.008, 0.000, 0.000, 0.179, 0.000, 0.000, 0.432, -1.040, 0.421, 0.000, 19.81
1, 1, 0.000, 0.009, 0.000, 0.000, 0.225, 0.000, 0.000, 2.909, -13.398, -1.902, -12.157, 20.00
1, 1, 0.000, 0.009, 0.000, 0.000, 0.223, 0.000, 0.000, 3.043, -14.621, 0.000, -11.346, 20.00
1, 1, 0.000, 0.009, 0.000, 0.000, 0.227, 0.000, 0.000, 3.148, -14.009, 0.000, -10.625, 20.00
1, 1, 0.000, 0.010, 0.000, 0.000, 0.235, 0.000, 0.000, 3.236, -12.185, 0.000, -8.704, 20.00
1, 1, 0.000, 0.010, 0.000, 0.000, 0.228, 0.000, 0.000, 3.313, -12.185, 0.000, -8.634, 20.00
1, 1, 0.000, 0.010, 0.000, 0.000, 0.229, 0.000, 0.000, 3.383, -10.981, 0.000, -7.360, 20.00
1, 1, 0.000, 0.010, 0.000, 0.000, 0.225, 0.000, 0.000, 3.446, -10.383, 0.000, -6.702, 20.00
1, 1, 0.000, 0.024, 0.000, 0.000, 0.506, 0.000, 0.000, 3.505, -9.193, 0.000, -5.158, 20.00
0, 0, 0.000, 0.011, 0.000, 0.000, 0.224, 0.000, 0.000, 1.062, -0.716, -0.581, -0.000, 20.06
0, 0, 0.000, -0.005, 0.000, 0.000, -0.107, 0.000, 0.000, 0.960, -0.717, -0.131, 0.000, 20.07
0, 0, 0.000, -0.017, 0.000, 0.000, -0.365, 0.000, 0.000, 0.884, -0.763, 0.260, 0.000, 20.05
0, 0, 0.000, -0.018, 0.000, 0.000, -0.417, 0.000, 0.000, 0.824, -0.858, 0.469, -0.000, 20.00
0, 0, 0.000, -0.016, 0.000, 0.000, -0.361, 0.000, 0.000, 0.773, -0.903, 0.507, -0.000, 19.95
0, 0, 0.000, -0.012, 0.000, 0.000, -0.278, 0.000, 0.000, 0.727, -0.899, 0.461, 0.000, 19.90
0, 0, 0.000, -0.008, 0.000, 0.000, -0.198, 0.000, 0.000, 0.687, -0.895, 0.415, -0.000, 19.86
0, 0, 0.000, -0.005, 0.000, 0.000, -0.119, 0.000, 0.000, 0.650, -0.941, 0.416, 0.000, 19.82
0, 0, 0.000, -0.002, 0.000, 0.000, -0.054, 0.000, 0.000, 0.615, -0.938, 0.379, 0.000, 19.78
0, 0, 0.000, 0.000, 0.000, 0.000, 0.008, 0.000, 0.000, 0.584, -0.984, 0.393, 0.000, 19.74
0, 0, 0.000, 0.002, 0.000, 0.000, 0.058, 0.000, 0.000, 0.555, -0.981, 0.366, -0.000, 19.70
0, 0, 0.000, 0.004, 0.000, 0.000, 0.099, 0.000, 0.000, 0.527, -0.978, 0.349, 0.000, 19.67
0, 0, 0.000, 0.005, 0.000, 0.000, 0.142, 0.000, 0.000, 0.501, -1.025, 0.377, 0.000, 19.63
0, 0, 0.000, 0.007, 0.000, 0.000, 0.177, 0.000, 0.000, 0.477, -1.022, 0.361, 0.000, 19.60
0, 0, 0.000, 0.008, 0.000, 0.000, 0.207, 0.000, 0.000, 0.454, -1.019, 0.350, -0.000, 19.56
0, 0, 0.000, 0.009, 0.000, 0.000, 0.231, 0.000, 0.000, 0.432, -1.016, 0.343, -0.000, 19.53
1, 1, 0.000, -0.029, 0.000, 0.000, -0.787, 0.000, 0.000, 0.412, -1.107, -4.733, -6.245, 20.00
1, 1, 0.000, -0.026, 0.000, 0.000, -0.694, 0.000, 0.000, 0.393, -1.107, 0.000, -1.434, 20.00
1, 1, 0.000, -0.023, 0.000, 0.000, -0.629, 0.000, 0.000, 0.374, -1.057, 0.000, -1.335, 20.00
1, 1, 0.000, -0.007, 0.000, 0.000, -0.175, 0.000, 0.000, 0.357, -0.858, 0.000, -0.683, 20.00
1, 1, 0.000, 0.007, 0.000, 0.000, 0.148, 0.000, 0.000, 0.340, -0.662, 0.000, -0.167, 20.00
1, 1, 0.000, -0.004, 0.000, 0.000, -0.085, 0.000, 0.000, 0.324, -0.565, 0.000, -0.330, 20.00
1, 1, 0.000, -0.008, 0.000, 0.000, -0.167, 0.000, 0.000, 0.309, -0.517, 0.000, -0.382, 20.00
1, 0, 0.000, 0.009, 0.000, 0.000, 0.170, 0.000, 0.000, 0.295, -0.469, -0.005, -0.000, 20.00
0, 0, 0.000, 0.027, 0.000, 0.000, 0.468, 0.000, 0.000, 0.282, -0.330, -0.447, 0.000, 20.05
0, 0, 0.000, 0.016, 0.000, 0.000, 0.272, 0.000, 0.000, 0.269, -0.332, -0.224, -0.000, 20.07
0, 0, 0.000, 0.001, 0.000, 0.000, 0.016, 0.000, 0.000, 0.256, -0.426, 0.153, 0.000, 20.05
0, 0, 0.000, -0.009, 0.000, 0.000, -0.179, 0.000, 0.000, 0.244, -0.518, 0.462, 0.000, 20.01
0, 0, 0.000, -0.010, 0.000, 0.000, -0.194, 0.000, 0.000, 0.233, -0.561, 0.532, -0.000, 19.95
0, 0, 0.000, -0.006, 0.000, 0.000, -0.126, 0.000, 0.000, 0.222, -0.605, 0.515, -0.000, 19.90
0, 0, 0.000, -0.002, 0.000, 0.000, -0.035, 0.000, 0.000, 0.212, -0.650, 0.474, 0.000, 19.85
0, 0, 0.000, 0.003, 0.000, 0.000, 0.053, 0.000, 0.000, 0.202, -0.694, 0.437, -0.000, 19.81
0, 0, 0.000, 0.006, 0.000, 0.000, 0.131, 0.000, 0.000, 0.193, -0.740, 0.410, 0.000, 19.77
0, 0, 0.000, 0.009, 0.000, 0.000, 0.199, 0.000, 0.000, 0.184, -0.785, 0.393, -0.000, 19.73
0, 0, 0.000, 0.011, 0.000, 0.000, 0.258, 0.000, 0.000, 0.176, -0.831, 0.386, 0.000, 19.69
0, 0, 0.000, 0.013, 0.000, 0.000, 0.312, 0.000, 0.000, 0.168, -0.877, 0.385, -0.000, 19.65
0, 0, 0.000, 0.015, 0.000, 0.000, 0.370, 0.000, 0.000, 0.160, -0.973, 0.428, 0.000, 19.61
0, 0, 0.000, 0.017, 0.000, 0.000, 0.423, 0.000, 0.000, 0.152, -1.019, 0.426, -0.000, 19.57
0, 0, 0.000, 0.018, 0.000, 0.000, 0.472, 0.000, 0.000, 0.145, -1.066, 0.430, 0.000, 19.52
0, 0, 0.000, 0.020, 0.000, 0.000, 0.528, 0.000, 0.000, 0.139, -1.162, 0.476, 0.000, 19.48
1, 1, 0.000, -0.042, 0.000, 0.000, -1.148, 0.000, 0.000, 2.630, -15.237, -5.231, -19.027, 20.00
1, 1, 0.000, -0.037, 0.000, 0.000, -1.039, 0.000, 0.000, 2.778, -15.854, 0.000, -14.152, 20.00
1, 1, 0.000, -0.034, 0.000, 0.000, -0.950, 0.000, 0.000, 2.895, -15.237, 0.000, -13.326, 20.00
1, 1, 0.000, -0.032, 0.000, 0.000, -0.869, 0.000, 0.000, 2.994, -13.398, 0.000, -11.305, 20.00
1, 1, 0.000, -0.020, 0.000, 0.000, -0.489, 0.000, 0.000, 3.083, -10.383, 0.000, -7.810, 20.00
1, 1, 0.000, -0.003, 0.000, 0.000, -0.072, 0.000, 0.000, 3.163, -8.013, 0.000, -4.925, 20.00
1, 1, 0.000, 0.012, 0.000, 0.000, 0.235, 0.000, 0.000, 3.237, -6.259, 0.000, -2.776, 20.00
1, 1, 0.000, 0.061, 0.000, 0.000, 1.134, 0.000, 0.000, 3.306, -5.101, 0.000, -0.601, 20.00
0, 0, 0.000, 0.043, 0.000, 0.000, 0.755, 0.000, 0.000, 0.872, -0.385, -1.285, 0.000, 20.13
0, 0, 0.000, 0.027, 0.000, 0.000, 0.482, 0.000, 0.000, 0.778, -0.392, -0.896, -0.000, 20.22
0, 0, 0.000, 0.011, 0.000, 0.000, 0.214, 0.000, 0.000, 0.711, -0.491, -0.446, -0.000, 20.26
0, 0, 0.000, -0.019, 0.000, 0.000, -0.370, 0.000, 0.000, 0.659, -0.585, 0.314, 0.000, 20.23
0, 0, 0.000, -0.024, 0.000, 0.000, -0.503, 0.000, 0.000, 0.615, -0.677, 0.589, -0.000, 20.17
0, 0, 0.000, -0.021, 0.000, 0.000, -0.445, 0.000, 0.000, 0.577, -0.720, 0.609, 0.000, 20.11
0, 0, 0.000, -0.015, 0.000, 0.000, -0.329, 0.000, 0.000, 0.543, -0.764, 0.565, 0.000, 20.05
0, 0, 0.000, -0.009, 0.000, 0.000, -0.206, 0.000, 0.000, 0.513, -0.809, 0.511, 0.000, 20.00
0, 0, 0.000, -0.004, 0.000, 0.000, -0.094, 0.000, 0.000, 0.485, -0.854, 0.467, -0.000, 19.96
0, 0, 0.000, 0.000, 0.000, 0.000, 0.003, 0.000, 0.000, 0.459, -0.900, 0.437, -0.000, 19.91
0, 0, 0.000, 0.004, 0.000, 0.000, 0.087, 0.000, 0.000, 0.436, -0.946, 0.419, 0.000, 19.87
0, 0, 0.000, 0.007, 0.000, 0.000, 0.171, 0.000, 0.000, 0.414, -1.042, 0.450, 0.000, 19.83
0, 0, 0.000, 0.010, 0.000, 0.000, 0.245, 0.000, 0.000, 0.393, -1.088, 0.440, -0.000, 19.78
0, 0, 0.000, 0.012, 0.000, 0.000, 0.311, 0.000, 0.000, 0.374, -1.135, 0.438, -0.000, 19.74
0, 0, 0.000, 0.014, 0.000, 0.000, 0.371, 0.000, 0.000, 0.356, -1.181, 0.441, 0.000, 19.69
0, 0, 0.000, 0.015, 0.000, 0.000, 0.427, 0.000, 0.000, 0.339, -1.228, 0.447, -0.000, 19.65
1, 1, 0.000, -0.021, 0.000, 0.000, -0.590, 0.000, 0.000, 2.820, -15.854, -3.501, -17.146, 20.00
1, 1, 0.000, -0.018, 0.000, 0.000, -0.531, 0.000, 0.000, 2.959, -16.474, 0.000, -14.065, 20.00
1, 1, 0.000, -0.016, 0.000, 0.000, -0.480, 0.000, 0.000, 3.067, -15.854, 0.000, -13.284, 20.00
1, 1, 0.000, -0.009, 0.000, 0.000, -0.250, 0.000, 0.000, 3.159, -13.398, 0.000, -10.499, 20.00
1, 1, 0.000, -0.001, 0.000, 0.000, -0.029, 0.000, 0.000, 3.239, -10.981, 0.000, -7.772, 20.00
1, 1, 0.000, 0.012, 0.000, 0.000, 0.284, 0.000, 0.000, 3.312, -9.193, 0.000, -5.584, 20.00
1, 1, 0.000, 0.032, 0.000, 0.000, 0.686, 0.000, 0.000, 3.379, -7.426, 0.000, -3.329, 20.00
1, 1, 0.000, 0.093, 0.000, 0.000, 1.821, 0.000, 0.000, 3.441, -5.679, 0.000, -0.323, 20.00
0, 0, 0.000, 0.060, 0.000, 0.000, 1.128, 0.000, 0.000, 1.001, -0.436, -1.753, 0.000, 20.18
0, 0, 0.000, 0.032, 0.000, 0.000, 0.601, 0.000, 0.000, 0.902, -0.445, -1.089, 0.000, 20.28
0, 0, 0.000, 0.007, 0.000, 0.000, 0.141, 0.000, 0.000, 0.829, -0.545, -0.432, -0.000, 20.33
0, 0, 0.000, -0.018, 0.000, 0.000, -0.385, 0.000, 0.000, 0.771, -0.687, 0.319, -0.000, 20.30
0, 0, 0.000, -0.023, 0.000, 0.000, -0.502, 0.000, 0.000, 0.722, -0.731, 0.534, 0.000, 20.24
0, 0, 0.000, -0.020, 0.000, 0.000, -0.444, 0.000, 0.000, 0.679, -0.775, 0.560, 0.000, 20.19
0, 0, 0.000, -0.015, 0.000, 0.000, -0.333, 0.000, 0.000, 0.641, -0.820, 0.527, 0.000, 20.13
0, 0, 0.000, -0.009, 0.000, 0.000, -0.216, 0.000, 0.000, 0.606, -0.865, 0.485, -0.000, 20.08
0, 0, 0.000, -0.004, 0.000, 0.000, -0.099, 0.000, 0.000, 0.574, -0.960, 0.490, -0.000, 20.04
0, 0, 0.000, 0.000, 0.000, 0.000, 0.003, 0.000, 0.000, 0.544, -1.006, 0.458, -0.000, 19.99
0, 0, 0.000, 0.004, 0.000, 0.000, 0.092, 0.000, 0.000, 0.517, -1.052, 0.439, -0.000, 19.95
0, 0, 0.000, 0.007, 0.000, 0.000, 0.170, 0.000, 0.000, 0.491, -1.099, 0.431, 0.000, 19.90
0, 0, 0.000, 0.009, 0.000, 0.000, 0.250, 0.000, 0.000, 0.467, -1.195, 0.469, -0.000, 19.86
0, 0, 0.000, 0.011, 0.000, 0.000, 0.322, 0.000, 0.000, 0.444, -1.242, 0.464, 0.000, 19.81
0, 0, 0.000, 0.013, 0.000, 0.000, 0.387, 0.000, 0.000, 0.423, -1.289, 0.466, 0.000, 19.76
0, 0, 0.000, 0.015, 0.000, 0.000, 0.457, 0.000, 0.000, 0.402, -1.387, 0.512, -0.000, 19.71
1, 1, 0.000, -0.006, 0.000, 0.000, -0.190, 0.000, 0.000, 2.881, -17.722, -2.881, -17.917, 20.00
1, 1, 0.000, -0.005, 0.000, 0.000, -0.158, 0.000, 0.000, 3.017, -18.350, 0.000, -15.496, 20.00
1, 1, 0.000, -0.004, 0.000, 0.000, -0.130, 0.000, 0.000, 3.122, -17.722, 0.000, -14.734, 20.00
1, 1, 0.000, 0.012, 0.000, 0.000, 0.354, 0.000, 0.000, 3.211, -15.237, 0.000, -11.659, 20.00
1, 1, 0.000, 0.032, 0.000, 0.000, 0.854, 0.000, 0.000, 3.290, -12.185, 0.000, -8.009, 20.00
1, 1, 0.000, 0.038, 0.000, 0.000, 0.967, 0.000, 0.000, 3.361, -10.383, 0.000, -6.017, 20.00
1, 1, 0.000, 0.042, 0.000, 0.000, 1.020, 0.000, 0.000, 3.425, -9.193, 0.000, -4.705, 20.00
1, 1, 0.000, 0.079, 0.000, 0.000, 1.786, 0.000, 0.000, 3.485, -8.013, 0.000, -2.662, 20.00
0, 0, 0.000, 0.045, 0.000, 0.000, 0.993, 0.000, 0.000, 1.043, -0.626, -1.455, 0.000, 20.15
0, 0, 0.000, 0.028, 0.000, 0.000, 0.610, 0.000, 0.000, 0.941, -0.634, -0.945, 0.000, 20.24
0, 0, 0.000, 0.023, 0.000, 0.000, 0.524, 0.000, 0.000, 0.867, -0.737, -0.677, 0.000, 20.31
0, 0, 0.000, -0.007, 0.000, 0.000, -0.162, 0.000, 0.000, 0.807, -0.882, 0.244, -0.000, 20.28
0, 0, 0.000, -0.014, 0.000, 0.000, -0.351, 0.000, 0.000, 0.757, -0.927, 0.535, 0.000, 20.23
0, 0, 0.000, -0.012, 0.000, 0.000, -0.321, 0.000, 0.000, 0.712, -0.972, 0.593, -0.000, 20.17
0, 0, 0.000, -0.008, 0.000, 0.000, -0.220, 0.000, 0.000, 0.672, -1.016, 0.573, -0.000, 20.11
0, 0, 0.000, -0.004, 0.000, 0.000, -0.106, 0.000, 0.000, 0.636, -1.062, 0.536, 0.000, 20.06
0, 0, 0.000, 0.000, 0.000, 0.000, 0.002, 0.000, 0.000, 0.602, -1.108, 0.503, -0.000, 20.01
0, 0, 0.000, 0.004, 0.000, 0.000, 0.098, 0.000, 0.000, 0.571, -1.154, 0.481, -0.000, 19.96
0, 0, 0.000, 0.006, 0.000, 0.000, 0.183, 0.000, 0.000, 0.543, -1.201, 0.468, -0.000, 19.91
0, 0, 0.000, 0.009, 0.000, 0.000, 0.259, 0.000, 0.000, 0.516, -1.247, 0.464, 0.000, 19.87
0, 0, 0.000, 0.011, 0.000, 0.000, 0.327, 0.000, 0.000, 0.490, -1.294, 0.466, 0.000, 19.82
0, 0, 0.000, 0.013, 0.000, 0.000, 0.391, 0.000, 0.000, 0.467, -1.341, 0.471, 0.000, 19.77
0, 0, 0.000, 0.014, 0.000, 0.000, 0.450, 0.000, 0.000, 0.444, -1.388, 0.480, -0.000, 19.73
0, 0, 0.000, 0.016, 0.000, 0.000, 0.506, 0.000, 0.000, 0.423, -1.436, 0.491, -0.000, 19.68
1, 1, 0.000, -0.005, 0.000, 0.000, -0.176, 0.000, 0.000, 2.901, -18.350, -3.228, -18.859, 20.00
1, 1, 0.000, -0.004, 0.000, 0.000, -0.140, 0.000, 0.000, 3.035, -18.980, 0.000, -16.089, 20.00
1, 1, 0.000, -0.003, 0.000, 0.000, -0.116, 0.000, 0.000, 3.140, -18.980, 0.000, -15.959, 20.00
1, 1, 0.000, -0.003, 0.000, 0.000, -0.085, 0.000, 0.000, 3.228, -17.097, 0.000, -13.956, 20.00
1, 1, 0.000, 0.003, 0.000, 0.000, 0.097, 0.000, 0.000, 3.306, -15.237, 0.000, -11.830, 20.00
1, 1, 0.000, 0.004, 0.000, 0.000, 0.128, 0.000, 0.000, 3.376, -13.398, 0.000, -9.890, 20.00
1, 1, 0.000, 0.012, 0.000, 0.000, 0.343, 0.000, 0.000, 3.440, -12.185, 0.000, -8.390, 20.00
1, 1, 0.000, 0.044, 0.000, 0.000, 1.152, 0.000, 0.000, 3.499, -10.383, 0.000, -5.688, 20.00
0, 0, 0.000, 0.026, 0.000, 0.000, 0.659, 0.000, 0.000, 1.056, -0.816, -0.924, -0.000, 20.09
0, 0, 0.000, 0.015, 0.000, 0.000, 0.397, 0.000, 0.000, 0.954, -0.821, -0.545, 0.000, 20.15
0, 0, 0.000, -0.002, 0.000, 0.000, -0.043, 0.000, 0.000, 0.879, -0.919, 0.084, 0.000, 20.14
0, 0, 0.000, -0.011, 0.000, 0.000, -0.304, 0.000, 0.000, 0.819, -1.014, 0.510, -0.000, 20.09
0, 0, 0.000, -0.011, 0.000, 0.000, -0.323, 0.000, 0.000, 0.768, -1.059, 0.625, -0.000, 20.02
0, 0, 0.000, -0.009, 0.000, 0.000, -0.246, 0.000, 0.000, 0.723, -1.054, 0.585, -0.000, 19.97
0, 0, 0.000, -0.005, 0.000, 0.000, -0.140, 0.000, 0.000, 0.682, -1.099, 0.562, -0.000, 19.91
0, 0, 0.000, -0.002, 0.000, 0.000, -0.044, 0.000, 0.000, 0.645, -1.095, 0.495, 0.000, 19.86
0, 0, 0.000, 0.002, 0.000, 0.000, 0.045, 0.000, 0.000, 0.612, -1.141, 0.483, 0.000, 19.81
0, 0, 0.000, 0.004, 0.000, 0.000, 0.116, 0.000, 0.000, 0.580, -1.137, 0.437, 0.000, 19.77
0, 0, 0.000, 0.006, 0.000, 0.000, 0.171, 0.000, 0.000, 0.551, -1.134, 0.406, -0.000, 19.73
0, 0, 0.000, 0.007, 0.000, 0.000, 0.225, 0.000, 0.000, 0.524, -1.181, 0.424, 0.000, 19.69
0, 0, 0.000, 0.009, 0.000, 0.000, 0.269, 0.000, 0.000, 0.498, -1.177, 0.402, 0.000, 19.65
0, 0, 0.000, 0.010, 0.000, 0.000, 0.313, 0.000, 0.000, 0.474, -1.224, 0.427, -0.000, 19.60
0, 0, 0.000, 0.011, 0.000, 0.000, 0.350, 0.000, 0.000, 0.451, -1.221, 0.409, 0.000, 19.56
0, 0, 0.000, 0.012, 0.000, 0.000, 0.379, 0.000, 0.000, 0.430, -1.217, 0.397, 0.000, 19.52
1, 1, 0.000, -0.025, 0.000, 0.000, -0.784, 0.000, 0.000, 2.907, -15.854, -4.776, -18.532, 20.00
1, 1, 0.000, -0.022, 0.000, 0.000, -0.691, 0.000, 0.000, 3.041, -15.854, 0.000, -13.526, 20.00
1, 1, 0.000, -0.020, 0.000, 0.000, -0.622, 0.000, 0.000, 3.146, -15.237, 0.000, -12.732, 20.00
1, 1, 0.000, -0.018, 0.000, 0.000, -0.573, 0.000, 0.000, 3.234, -15.237, 0.000, -12.594, 20.00
1, 1, 0.000, -0.017, 0.000, 0.000, -0.528, 0.000, 0.000, 3.311, -14.621, 0.000, -11.855, 20.00
1, 1, 0.000, -0.016, 0.000, 0.000, -0.489, 0.000, 0.000, 3.381, -14.009, 0.000, -11.133, 20.00
1, 1, 0.000, -0.015, 0.000, 0.000, -0.449, 0.000, 0.000, 3.445, -12.791, 0.000, -9.810, 20.00
1, 1, 0.000, -0.012, 0.000, 0.000, -0.341, 0.000, 0.000, 3.504, -11.582, 0.000, -8.431, 20.00
0, 0, 0.000, -0.016, 0.000, 0.000, -0.444, 0.000, 0.000, 1.061, -0.905, 0.304, -0.000, 19.97
0, 0, 0.000, -0.021, 0.000, 0.000, -0.578, 0.000, 0.000, 0.958, -0.900, 0.541, 0.000, 19.92
0, 0, 0.000, -0.020, 0.000, 0.000, -0.557, 0.000, 0.000, 0.883, -0.944, 0.638, -0.000, 19.85
0, 0, 0.000, -0.017, 0.000, 0.000, -0.482, 0.000, 0.000, 0.823, -0.988, 0.664, -0.000, 19.79
0, 0, 0.000, -0.013, 0.000, 0.000, -0.366, 0.000, 0.000, 0.772, -1.033, 0.639, 0.000, 19.72
0, 0, 0.000, -0.009, 0.000, 0.000, -0.251, 0.000, 0.000, 0.726, -1.028, 0.561, -0.000, 19.67
0, 0, 0.000, -0.005, 0.000, 0.000, -0.154, 0.000, 0.000, 0.686, -1.023, 0.497, -0.000, 19.62
0, 0, 0.000, -0.003, 0.000, 0.000, -0.075, 0.000, 0.000, 0.649, -1.020, 0.449, 0.000, 19.57
0, 0, 0.000, -0.000, 0.000, 0.000, -0.013, 0.000, 0.000, 0.614, -1.016, 0.415, 0.000, 19.53
0, 0, 0.000, 0.002, 0.000, 0.000, 0.047, 0.000, 0.000, 0.583, -1.062, 0.431, -0.000, 19.49
0, 0, 0.000, 0.003, 0.000, 0.000, 0.096, 0.000, 0.000, 0.554, -1.059, 0.406, 0.000, 19.45
0, 0, 0.000, 0.005, 0.000, 0.000, 0.135, 0.000, 0.000, 0.526, -1.056, 0.390, 0.000, 19.41
0, 0, 0.000, 0.006, 0.000, 0.000, 0.177, 0.000, 0.000, 0.501, -1.102, 0.419, -0.000, 19.36
0, 0, 0.000, 0.007, 0.000, 0.000, 0.213, 0.000, 0.000, 0.476, -1.099, 0.403, 0.000, 19.32
0, 0, 0.000, 0.008, 0.000, 0.000, 0.252, 0.000, 0.000, 0.453, -1.145, 0.432, -0.000, 19.28
0, 0, 0.000, 0.009, 0.000, 0.000, 0.284, 0.000, 0.000, 0.432, -1.142, 0.417, 0.000, 19.24
1, 1, 0.000, -0.062, 0.000, 0.000, -1.947, 0.000, 0.000, 2.909, -15.237, -7.604, -21.941, 20.00
1, 1, 0.000, -0.056, 0.000, 0.000, -1.761, 0.000, 0.000, 3.043, -15.237, 0.000, -14.010, 20.00
1, 1, 0.000, -0.052, 0.000, 0.000, -1.619, 0.000, 0.000, 3.148, -14.621, 0.000, -13.144, 20.00
1, 1, 0.000, -0.052, 0.000, 0.000, -1.481, 0.000, 0.000, 3.236, -11.582, 0.000, -9.879, 20.00
1, 1, 0.000, -0.046, 0.000, 0.000, -1.218, 0.000, 0.000, 3.313, -9.193, 0.000, -7.144, 20.00
1, 1, 0.000, -0.042, 0.000, 0.000, -1.019, 0.000, 0.000, 3.383, -7.426, 0.000, -5.104, 20.00
1, 1, 0.000, -0.041, 0.000, 0.000, -0.939, 0.000, 0.000, 3.446, -6.259, 0.000, -3.792, 20.00
1, 1, 0.000, -0.038, 0.000, 0.000, -0.837, 0.000, 0.000, 3.505, -5.679, 0.000, -3.048, 20.00
0, 0, 0.000, -0.032, 0.000, 0.000, -0.667, 0.000, 0.000, 1.062, -0.421, 0.057, 0.000, 19.99
0, 0, 0.000, -0.019, 0.000, 0.000, -0.383, 0.000, 0.000, 0.960, -0.422, -0.135, 0.000, 20.01
0, 0, 0.000, -0.020, 0.000, 0.000, -0.424, 0.000, 0.000, 0.884, -0.470, 0.029, -0.000, 20.00
0, 0, 0.000, -0.031, 0.000, 0.000, -0.703, 0.000, 0.000, 0.824, -0.609, 0.519, 0.000, 19.95
0, 0, 0.000, -0.031, 0.000, 0.000, -0.713, 0.000, 0.000, 0.773, -0.653, 0.624, 0.000, 19.89
0, 0, 0.000, -0.026, 0.000, 0.000, -0.613, 0.000, 0.000, 0.727, -0.696, 0.608, -0.000, 19.83
0, 0, 0.000, -0.021, 0.000, 0.000, -0.494, 0.000, 0.000, 0.687, -0.692, 0.520, -0.000, 19.78
0, 0, 0.000, -0.016, 0.000, 0.000, -0.377, 0.000, 0.000, 0.650, -0.736, 0.480, 0.000, 19.73
0, 0, 0.000, -0.011, 0.000, 0.000, -0.273, 0.000, 0.000, 0.615, -0.782, 0.450, 0.000, 19.68
0, 0, 0.000, -0.007, 0.000, 0.000, -0.180, 0.000, 0.000, 0.584, -0.827, 0.431, -0.000, 19.64
0, 0, 0.000, -0.004, 0.000, 0.000, -0.098, 0.000, 0.000, 0.555, -0.873, 0.420, 0.000, 19.60
0, 0, 0.000, -0.001, 0.000, 0.000, -0.024, 0.000, 0.000, 0.527, -0.919, 0.417, 0.000, 19.56
0, 0, 0.000, 0.002, 0.000, 0.000, 0.043, 0.000, 0.000, 0.501, -0.965, 0.419, 0.000, 19.52
0, 0, 0.000, 0.004, 0.000, 0.000, 0.106, 0.000, 0.000, 0.477, -1.011, 0.424, -0.000, 19.47
0, 0, 0.000, 0.006, 0.000, 0.000, 0.165, 0.000, 0.000, 0.454, -1.058, 0.432, 0.000, 19.43
0, 0, 0.000, 0.008, 0.000, 0.000, 0.211, 0.000, 0.000, 0.432, -1.054, 0.403, 0.000, 19.39
1, 1, 0.000, -0.061, 0.000, 0.000, -1.734, 0.000, 0.000, 0.412, -1.208, -6.098, -8.689, 20.00
1, 1, 0.000, -0.055, 0.000, 0.000, -1.579, 0.000, 0.000, 0.393, -1.208, 0.000, -2.449, 20.00
1, 1, 0.000, -0.051, 0.000, 0.000, -1.464, 0.000, 0.000, 0.374, -1.208, 0.000, -2.348, 20.00
1, 1, 0.000, -0.047, 0.000, 0.000, -1.370, 0.000, 0.000, 0.357, -1.208, 0.000, -2.268, 20.00
1, 1, 0.000, -0.045, 0.000, 0.000, -1.287, 0.000, 0.000, 0.340, -1.157, 0.000, -2.149, 20.00
1, 1, 0.000, -0.042, 0.000, 0.000, -1.215, 0.000, 0.000, 0.324, -1.157, 0.000, -2.090, 20.00
1, 1, 0.000, -0.041, 0.000, 0.000, -1.147, 0.000, 0.000, 0.309, -1.057, 0.000, -1.935, 20.00
1, 1, 0.000, -0.040, 0.000, 0.000, -1.086, 0.000, 0.000, 0.295, -1.007, 0.000, -1.837, 20.00
0, 0, 0.000, -0.029, 0.000, 0.000, -0.788, 0.000, 0.000, 0.282, -0.993, 1.529, 0.000, 19.85
0, 0, 0.000, -0.017, 0.000, 0.000, -0.469, 0.000, 0.000, 0.269, -0.983, 1.200, 0.000, 19.73
0, 0, 0.000, -0.008, 0.000, 0.000, -0.219, 0.000, 0.000, 0.256, -0.975, 0.946, -0.000, 19.63
0, 0, 0.000, -0.002, 0.000, 0.000, -0.057, 0.000, 0.000, 0.244, -1.018, 0.832, -0.000, 19.55
0, 0, 0.000, 0.003, 0.000, 0.000, 0.074, 0.000, 0.000, 0.233, -1.012, 0.702, 0.000, 19.48
0, 0, 0.000, 0.006, 0.000, 0.000, 0.182, 0.000, 0.000, 0.222, -1.006, 0.596, -0.000, 19.42
0, 0, 0.000, 0.009, 0.000, 0.000, 0.263, 0.000, 0.000, 0.212, -1.002, 0.518, 0.000, 19.37
0, 0, 0.000, 0.011, 0.000, 0.000, 0.322, 0.000, 0.000, 0.202, -0.998, 0.462, -0.000, 19.32
0, 0, 0.000, 0.013, 0.000, 0.000, 0.355, 0.000, 0.000, 0.193, -0.945, 0.384, 0.000, 19.28
0, 0, 0.000, 0.014, 0.000, 0.000, 0.377, 0.000, 0.000, 0.184, -0.942, 0.367, -0.000, 19.25
0, 0, 0.000, 0.014, 0.000, 0.000, 0.393, 0.000, 0.000, 0.176, -0.939, 0.356, 0.000, 19.21
0, 0, 0.000, 0.014, 0.000, 0.000, 0.404, 0.000, 0.000, 0.168, -0.936, 0.349, -0.000, 19.18
0, 0, 0.000, 0.015, 0.000, 0.000, 0.413, 0.000, 0.000, 0.160, -0.933, 0.344, 0.000, 19.14
0, 0, 0.000, 0.015, 0.000, 0.000, 0.411, 0.000, 0.000, 0.152, -0.880, 0.302, 0.000, 19.11
0, 0, 0.000, 0.015, 0.000, 0.000, 0.409, 0.000, 0.000, 0.145, -0.878, 0.309, 0.000, 19.08
0, 0, 0.000, 0.015, 0.000, 0.000, 0.408, 0.000, 0.000, 0.139, -0.875, 0.314, -0.000, 19.05
1, 1, 0.000, -0.112, 0.000, 0.000, -3.009, 0.000, 0.000, 2.630, -10.981, -9.510, -20.982, 20.00
1, 1, 0.000, -0.102, 0.000, 0.000, -2.745, 0.000, 0.000, 2.778, -10.981, 0.000, -11.051, 20.00
1, 1, 0.000, -0.096, 0.000, 0.000, -2.540, 0.000, 0.000, 2.895, -10.383, 0.000, -10.124, 20.00
1, 1, 0.000, -0.094, 0.000, 0.000, -2.363, 0.000, 0.000, 2.994, -9.193, 0.000, -8.656, 20.00
1, 1, 0.000, -0.094, 0.000, 0.000, -2.203, 0.000, 0.000, 3.083, -7.426, 0.000, -6.640, 20.00
1, 1, 0.000, -0.096, 0.000, 0.000, -2.057, 0.000, 0.000, 3.163, -5.679, 0.000, -4.669, 20.00
1, 1, 0.000, -0.095, 0.000, 0.000, -1.931, 0.000, 0.000, 3.237, -4.526, 0.000, -3.315, 20.00
1, 1, 0.000, -0.092, 0.000, 0.000, -1.828, 0.000, 0.000, 3.306, -4.526, 0.000, -3.140, 20.00
0, 0, 0.000, -0.079, 0.000, 0.000, -1.497, 0.000, 0.000, 0.872, -0.318, 1.022, -0.000, 19.90
0, 0, 0.000, -0.062, 0.000, 0.000, -1.159, 0.000, 0.000, 0.778, -0.312, 0.755, 0.000, 19.82
0, 0, 0.000, -0.051, 0.000, 0.000, -0.969, 0.000, 0.000, 0.711, -0.353, 0.662, -0.000, 19.76
0, 0, 0.000, -0.042, 0.000, 0.000, -0.839, 0.000, 0.000, 0.659, -0.443, 0.666, 0.000, 19.69
0, 0, 0.000, -0.035, 0.000, 0.000, -0.697, 0.000, 0.000, 0.615, -0.486, 0.602, 0.000, 19.63
0, 0, 0.000, -0.028, 0.000, 0.000, -0.562, 0.000, 0.000, 0.577, -0.482, 0.495, -0.000, 19.58
0, 0, 0.000, -0.022, 0.000, 0.000, -0.442, 0.000, 0.000, 0.543, -0.526, 0.447, 0.000, 19.54
0, 0, 0.000, -0.016, 0.000, 0.000, -0.339, 0.000, 0.000, 0.513, -0.570, 0.413, -0.000, 19.49
0, 0, 0.000, -0.012, 0.000, 0.000, -0.250, 0.000, 0.000, 0.485, -0.616, 0.393, 0.000, 19.45
0, 0, 0.000, -0.008, 0.000, 0.000, -0.172, 0.000, 0.000, 0.459, -0.661, 0.382, -0.000, 19.42
0, 0, 0.000, -0.005, 0.000, 0.000, -0.111, 0.000, 0.000, 0.436, -0.658, 0.339, -0.000, 19.38
0, 0, 0.000, -0.003, 0.000, 0.000, -0.056, 0.000, 0.000, 0.414, -0.704, 0.348, -0.000, 19.35
0, 0, 0.000, 0.000, 0.000, 0.000, 0.006, 0.000, 0.000, 0.393, -0.798, 0.398, 0.000, 19.31
0, 0, 0.000, 0.003, 0.000, 0.000, 0.066, 0.000, 0.000, 0.374, -0.844, 0.402, 0.000, 19.27
0, 0, 0.000, 0.005, 0.000, 0.000, 0.122, 0.000, 0.000, 0.356, -0.890, 0.408, -0.000, 19.23
0, 0, 0.000, 0.007, 0.000, 0.000, 0.175, 0.000, 0.000, 0.339, -0.936, 0.416, 0.000, 19.19
1, 1, 0.000, -0.111, 0.000, 0.000, -2.810, 0.000, 0.000, 2.820, -12.791, -8.146, -21.037, 20.00
1, 1, 0.000, -0.099, 0.000, 0.000, -2.583, 0.000, 0.000, 2.959, -13.398, 0.000, -13.123, 20.00
1, 1, 0.000, -0.093, 0.000, 0.000, -2.399, 0.000, 0.000, 3.067, -12.791, 0.000, -12.215, 20.00
1, 1, 0.000, -0.093, 0.000, 0.000, -2.225, 0.000, 0.000, 3.159, -10.383, 0.000, -9.542, 20.00
1, 1, 0.000, -0.092, 0.000, 0.000, -2.083, 0.000, 0.000, 3.239, -9.193, 0.000, -8.128, 20.00
1, 1, 0.000, -0.093, 0.000, 0.000, -1.899, 0.000, 0.000, 3.312, -6.841, 0.000, -5.521, 20.00
1, 1, 0.000, -0.092, 0.000, 0.000, -1.755, 0.000, 0.000, 3.379, -5.679, 0.000, -4.146, 20.00
1, 1, 0.000, -0.057, 0.000, 0.000, -1.002, 0.000, 0.000, 3.441, -4.526, 0.000, -2.143, 20.00
0, 0, 0.000, -0.039, 0.000, 0.000, -0.644, 0.000, 0.000, 1.001, -0.280, -0.038, -0.000, 20.00
0, 0, 0.000, -0.026, 0.000, 0.000, -0.411, 0.000, 0.000, 0.902, -0.281, -0.184, -0.000, 20.02
0, 0, 0.000, -0.030, 0.000, 0.000, -0.508, 0.000, 0.000, 0.829, -0.328, 0.037, -0.000, 20.02
0, 0, 0.000, -0.043, 0.000, 0.000, -0.788, 0.000, 0.000, 0.771, -0.466, 0.527, 0.000, 19.97
0, 0, 0.000, -0.043, 0.000, 0.000, -0.792, 0.000, 0.000, 0.722, -0.509, 0.621, -0.000, 19.90
0, 0, 0.000, -0.036, 0.000, 0.000, -0.686, 0.000, 0.000, 0.679, -0.552, 0.594, -0.000, 19.84
0, 0, 0.000, -0.028, 0.000, 0.000, -0.552, 0.000, 0.000, 0.641, -0.596, 0.535, 0.000, 19.79
0, 0, 0.000, -0.021, 0.000, 0.000, -0.424, 0.000, 0.000, 0.606, -0.640, 0.480, -0.000, 19.74
0, 0, 0.000, -0.015, 0.000, 0.000, -0.302, 0.000, 0.000, 0.574, -0.733, 0.477, -0.000, 19.70
0, 0, 0.000, -0.009, 0.000, 0.000, -0.197, 0.000, 0.000, 0.544, -0.779, 0.441, -0.000, 19.65
0, 0, 0.000, -0.005, 0.000, 0.000, -0.107, 0.000, 0.000, 0.517, -0.824, 0.419, 0.000, 19.61
0, 0, 0.000, -0.001, 0.000, 0.000, -0.027, 0.000, 0.000, 0.491, -0.870, 0.408, -0.000, 19.57
0, 0, 0.000, 0.002, 0.000, 0.000, 0.043, 0.000, 0.000, 0.467, -0.916, 0.404, 0.000, 19.53
0, 0, 0.000, 0.004, 0.000, 0.000, 0.108, 0.000, 0.000, 0.444, -0.962, 0.406, 0.000, 19.49
0, 0, 0.000, 0.007, 0.000, 0.000, 0.177, 0.000, 0.000, 0.423, -1.059, 0.452, 0.000, 19.44
0, 0, 0.000, 0.009, 0.000, 0.000, 0.241, 0.000, 0.000, 0.402, -1.105, 0.452, 0.000, 19.40
1, 1, 0.000, -0.074, 0.000, 0.000, -1.965, 0.000, 0.000, 2.881, -14.621, -6.032, -19.812, 20.00
1, 1, 0.000, -0.066, 0.000, 0.000, -1.808, 0.000, 0.000, 3.017, -15.237, 0.000, -14.094, 20.00
1, 1, 0.000, -0.061, 0.000, 0.000, -1.683, 0.000, 0.000, 3.122, -15.237, 0.000, -13.858, 20.00
1, 1, 0.000, -0.057, 0.000, 0.000, -1.574, 0.000, 0.000, 3.211, -14.621, 0.000, -13.042, 20.00
1, 1, 0.000, -0.055, 0.000, 0.000, -1.478, 0.000, 0.000, 3.290, -14.009, 0.000, -12.252, 20.00
1, 1, 0.000, -0.054, 0.000, 0.000, -1.380, 0.000, 0.000, 3.361, -12.185, 0.000, -10.259, 20.00
1, 1, 0.000, -0.050, 0.000, 0.000, -1.161, 0.000, 0.000, 3.425, -9.787, 0.000, -7.573, 20.00
1, 1, 0.000, -0.013, 0.000, 0.000, -0.278, 0.000, 0.000, 3.485, -8.013, 0.000, -4.819, 20.00
0, 0, 0.000, -0.010, 0.000, 0.000, -0.200, 0.000, 0.000, 1.043, -0.567, -0.266, -0.000, 20.03
0, 0, 0.000, -0.019, 0.000, 0.000, -0.380, 0.000, 0.000, 0.941, -0.567, 0.024, -0.000, 20.02
0, 0, 0.000, -0.026, 0.000, 0.000, -0.547, 0.000, 0.000, 0.867, -0.613, 0.318, 0.000, 19.99
0, 0, 0.000, -0.030, 0.000, 0.000, -0.658, 0.000, 0.000, 0.807, -0.705, 0.585, -0.000, 19.93
0, 0, 0.000, -0.027, 0.000, 0.000, -0.608, 0.000, 0.000, 0.757, -0.748, 0.626, 0.000, 19.87
0, 0, 0.000, -0.021, 0.000, 0.000, -0.490, 0.000, 0.000, 0.712, -0.792, 0.591, -0.000, 19.81
0, 0, 0.000, -0.016, 0.000, 0.000, -0.372, 0.000, 0.000, 0.672, -0.788, 0.504, 0.000, 19.76
0, 0, 0.000, -0.011, 0.000, 0.000, -0.262, 0.000, 0.000, 0.636, -0.833, 0.470, 0.000, 19.71
0, 0, 0.000, -0.007, 0.000, 0.000, -0.173, 0.000, 0.000, 0.602, -0.830, 0.408, -0.000, 19.67
0, 0, 0.000, -0.004, 0.000, 0.000, -0.103, 0.000, 0.000, 0.571, -0.827, 0.363, -0.000, 19.64
0, 0, 0.000, -0.002, 0.000, 0.000, -0.040, 0.000, 0.000, 0.543, -0.873, 0.372, -0.000, 19.60
0, 0, 0.000, 0.001, 0.000, 0.000, 0.021, 0.000, 0.000, 0.516, -0.919, 0.382, 0.000, 19.56
0, 0, 0.000, 0.003, 0.000, 0.000, 0.069, 0.000, 0.000, 0.490, -0.916, 0.353, 0.000, 19.53
0, 0, 0.000, 0.005, 0.000, 0.000, 0.118, 0.000, 0.000, 0.467, -0.963, 0.374, 0.000, 19.49
0, 0, 0.000, 0.006, 0.000, 0.000, 0.157, 0.000, 0.000, 0.444, -0.960, 0.352, 0.000, 19.45
0, 0, 0.000, 0.008, 0.000, 0.000, 0.198, 0.000, 0.000, 0.423, -1.006, 0.378, 0.000, 19.42
1, 1, 0.000, -0.067, 0.000, 0.000, -1.753, 0.000, 0.000, 2.901, -12.791, -5.835, -17.543, 20.00
1, 1, 0.000, -0.060, 0.000, 0.000, -1.605, 0.000, 0.000, 3.035, -13.398, 0.000, -12.028, 20.00
1, 1, 0.000, -0.055, 0.000, 0.000, -1.490, 0.000, 0.000, 3.140, -13.398, 0.000, -11.804, 20.00
1, 1, 0.000, -0.052, 0.000, 0.000, -1.390, 0.000, 0.000, 3.228, -12.791, 0.000, -11.004, 20.00
1, 1, 0.000, -0.049, 0.000, 0.000, -1.303, 0.000, 0.000, 3.306, -12.185, 0.000, -10.231, 20.00
1, 1, 0.000, -0.047, 0.000, 0.000, -1.230, 0.000, 0.000, 3.376, -12.185, 0.000, -10.086, 20.00
1, 1, 0.000, -0.045, 0.000, 0.000, -1.158, 0.000, 0.000, 3.440, -11.582, 0.000, -9.345, 20.00
1, 1, 0.000, -0.042, 0.000, 0.000, -1.098, 0.000, 0.000, 3.499, -11.582, 0.000, -9.223, 20.00
0, 0, 0.000, -0.044, 0.000, 0.000, -1.121, 0.000, 0.000, 1.056, -0.899, 1.007, -0.000, 19.90
0, 0, 0.000, -0.037, 0.000, 0.000, -0.940, 0.000, 0.000, 0.954, -0.891, 0.913, -0.000, 19.81
0, 0, 0.000, -0.029, 0.000, 0.000, -0.731, 0.000, 0.000, 0.879, -0.884, 0.764, -0.000, 19.73
0, 0, 0.000, -0.022, 0.000, 0.000, -0.567, 0.000, 0.000, 0.819, -0.928, 0.697, -0.000, 19.66
0, 0, 0.000, -0.016, 0.000, 0.000, -0.431, 0.000, 0.000, 0.768, -0.923, 0.602, 0.000, 19.60
0, 0, 0.000, -0.012, 0.000, 0.000, -0.314, 0.000, 0.000, 0.723, -0.918, 0.521, 0.000, 19.55
0, 0, 0.000, -0.008, 0.000, 0.000, -0.219, 0.000, 0.000, 0.682, -0.914, 0.459, -0.000, 19.50
0, 0, 0.000, -0.005, 0.000, 0.000, -0.134, 0.000, 0.000, 0.645, -0.960, 0.454, 0.000, 19.46
0, 0, 0.000, -0.003, 0.000, 0.000, -0.067, 0.000, 0.000, 0.612, -0.956, 0.414, 0.000, 19.42
0, 0, 0.000, -0.001, 0.000, 0.000, -0.014, 0.000, 0.000, 0.580, -0.953, 0.387, 0.000, 19.38
0, 0, 0.000, 0.001, 0.000, 0.000, 0.029, 0.000, 0.000, 0.551, -0.950, 0.369, 0.000, 19.34
0, 0, 0.000, 0.003, 0.000, 0.000, 0.074, 0.000, 0.000, 0.524, -0.996, 0.396, 0.000, 19.30
0, 0, 0.000, 0.004, 0.000, 0.000, 0.112, 0.000, 0.000, 0.498, -0.993, 0.379, 0.000, 19.26
0, 0, 0.000, 0.005, 0.000, 0.000, 0.143, 0.000, 0.000, 0.474, -0.990, 0.368, 0.000, 19.23
0, 0, 0.000, 0.006, 0.000, 0.000, 0.169, 0.000, 0.000, 0.451, -0.987, 0.360, 0.000, 19.19
0, 0, 0.000, 0.007, 0.000, 0.000, 0.192, 0.000, 0.000, 0.430, -0.984, 0.356, 0.000, 19.16
1, 1, 0.000, -0.094, 0.000, 0.000, -2.607, 0.000, 0.000, 2.907, -12.791, -8.447, -21.030, 20.00
1, 1, 0.000, -0.085, 0.000, 0.000, -2.377, 0.000, 0.000, 3.041, -12.791, 0.000, -12.212, 20.00
1, 1, 0.000, -0.079, 0.000, 0.000, -2.205, 0.000, 0.000, 3.146, -12.791, 0.000, -11.928, 20.00
1, 1, 0.000, -0.076, 0.000, 0.000, -2.051, 0.000, 0.000, 3.234, -11.582, 0.000, -10.475, 20.00
1, 1, 0.000, -0.073, 0.000, 0.000, -1.923, 0.000, 0.000, 3.311, -10.981, 0.000, -9.666, 20.00
1, 1, 0.000, -0.070, 0.000, 0.000, -1.808, 0.000, 0.000, 3.381, -10.383, 0.000, -8.880, 20.00
1, 1, 0.000, -0.068, 0.000, 0.000, -1.704, 0.000, 0.000, 3.445, -9.787, 0.000, -8.114, 20.00
1, 1, 0.000, -0.065, 0.000, 0.000, -1.608, 0.000, 0.000, 3.504, -9.193, 0.000, -7.363, 20.00
0, 0, 0.000, -0.063, 0.000, 0.000, -1.542, 0.000, 0.000, 1.061, -0.748, 1.292, 0.000, 19.87
0, 0, 0.000, -0.052, 0.000, 0.000, -1.291, 0.000, 0.000, 0.958, -0.787, 1.172, -0.000, 19.75
0, 0, 0.000, -0.040, 0.000, 0.000, -1.024, 0.000, 0.000, 0.883, -0.828, 1.009, -0.000, 19.65
0, 0, 0.000, -0.030, 0.000, 0.000, -0.775, 0.000, 0.000, 0.823, -0.870, 0.852, 0.000, 19.57
0, 0, 0.000, -0.022, 0.000, 0.000, -0.577, 0.000, 0.000, 0.772, -0.864, 0.692, -0.000, 19.50
0, 0, 0.000, -0.016, 0.000, 0.000, -0.425, 0.000, 0.000, 0.726, -0.859, 0.574, -0.000, 19.44
0, 0, 0.000, -0.012, 0.000, 0.000, -0.310, 0.000, 0.000, 0.686, -0.855, 0.491, 0.000, 19.39
0, 0, 0.000, -0.008, 0.000, 0.000, -0.214, 0.000, 0.000, 0.649, -0.900, 0.474, -0.000, 19.34
0, 0, 0.000, -0.005, 0.000, 0.000, -0.139, 0.000, 0.000, 0.614, -0.897, 0.427, 0.000, 19.30
0, 0, 0.000, -0.003, 0.000, 0.000, -0.081, 0.000, 0.000, 0.583, -0.893, 0.394, 0.000, 19.26
0, 0, 0.000, -0.001, 0.000, 0.000, -0.035, 0.000, 0.000, 0.554, -0.890, 0.373, 0.000, 19.23
0, 0, 0.000, 0.000, 0.000, 0.000, 0.012, 0.000, 0.000, 0.526, -0.936, 0.398, -0.000, 19.19
0, 0, 0.000, 0.002, 0.000, 0.000, 0.051, 0.000, 0.000, 0.501, -0.933, 0.379, 0.000, 19.15
0, 0, 0.000, 0.003, 0.000, 0.000, 0.084, 0.000, 0.000, 0.476, -0.930, 0.367, 0.000, 19.11
0, 0, 0.000, 0.004, 0.000, 0.000, 0.121, 0.000, 0.000, 0.453, -0.976, 0.398, 0.000, 19.07
0, 0, 0.000, 0.005, 0.000, 0.000, 0.152, 0.000, 0.000, 0.432, -0.973, 0.384, 0.000, 19.03
1, 1, 0.000, -0.116, 0.000, 0.000, -3.214, 0.000, 0.000, 2.909, -12.791, -9.675, -22.886, 20.00
1, 1, 0.000, -0.104, 0.000, 0.000, -2.946, 0.000, 0.000, 3.043, -13.398, 0.000, -13.406, 20.00
1, 1, 0.000, -0.098, 0.000, 0.000, -2.731, 0.000, 0.000, 3.148, -12.791, 0.000, -12.472, 20.00
1, 1, 0.000, -0.095, 0.000, 0.000, -2.547, 0.000, 0.000, 3.236, -11.582, 0.000, -10.988, 20.00
1, 1, 0.000, -0.096, 0.000, 0.000, -2.372, 0.000, 0.000, 3.313, -9.193, 0.000, -8.348, 20.00
1, 1, 0.000, -0.094, 0.000, 0.000, -2.226, 0.000, 0.000, 3.383, -8.013, 0.000, -6.950, 20.00
1, 1, 0.000, -0.090, 0.000, 0.000, -2.105, 0.000, 0.000, 3.446, -8.013, 0.000, -6.762, 20.00
1, 1, 0.000, -0.088, 0.000, 0.000, -1.989, 0.000, 0.000, 3.505, -7.426, 0.000, -5.997, 20.00
0, 0, 0.000, -0.078, 0.000, 0.000, -1.749, 0.000, 0.000, 1.062, -0.602, 1.366, -0.000, 19.86
0, 0, 0.000, -0.061, 0.000, 0.000, -1.396, 0.000, 0.000, 0.960, -0.641, 1.138, -0.000, 19.75
0, 0, 0.000, -0.041, 0.000, 0.000, -0.931, 0.000, 0.000, 0.884, -0.635, 0.722, -0.000, 19.68
0, 0, 0.000, -0.036, 0.000, 0.000, -0.830, 0.000, 0.000, 0.824, -0.677, 0.719, -0.000, 19.61
0, 0, 0.000, -0.030, 0.000, 0.000, -0.702, 0.000, 0.000, 0.773, -0.720, 0.679, 0.000, 19.54
0, 0, 0.000, -0.023, 0.000, 0.000, -0.560, 0.000, 0.000, 0.727, -0.764, 0.619, -0.000, 19.48
0, 0, 0.000, -0.017, 0.000, 0.000, -0.425, 0.000, 0.000, 0.687, -0.808, 0.564, -0.000, 19.42
0, 0, 0.000, -0.012, 0.000, 0.000, -0.307, 0.000, 0.000, 0.650, -0.853, 0.523, -0.000, 19.37
0, 0, 0.000, -0.008, 0.000, 0.000, -0.205, 0.000, 0.000, 0.615, -0.898, 0.495, -0.000, 19.32
0, 0, 0.000, -0.004, 0.000, 0.000, -0.115, 0.000, 0.000, 0.584, -0.944, 0.480, -0.000, 19.27
0, 0, 0.000, -0.001, 0.000, 0.000, -0.036, 0.000, 0.000, 0.555, -0.989, 0.473, 0.000, 19.22
0, 0, 0.000, 0.001, 0.000, 0.000, 0.036, 0.000, 0.000, 0.527, -1.035, 0.472, 0.000, 19.18
0, 0, 0.000, 0.004, 0.000, 0.000, 0.102, 0.000, 0.000, 0.501, -1.082, 0.475, -0.000, 19.13
0, 0, 0.000, 0.006, 0.000, 0.000, 0.173, 0.000, 0.000, 0.477, -1.178, 0.522, -0.000, 19.08
0, 0, 0.000, 0.008, 0.000, 0.000, 0.240, 0.000, 0.000, 0.454, -1.224, 0.522, 0.000, 19.02
0, 0, 0.000, 0.010, 0.000, 0.000, 0.302, 0.000, 0.000, 0.432, -1.271, 0.526, 0.000, 18.97
1, 1, 0.000, -0.109, 0.000, 0.000, -3.432, 0.000, 0.000, 0.412, -1.464, -10.295, -14.888, 20.00
1, 1, 0.000, -0.097, 0.000, 0.000, -3.144, 0.000, 0.000, 0.393, -1.516, 0.000, -4.365, 20.00
1, 1, 0.000, -0.091, 0.000, 0.000, -2.922, 0.000, 0.000, 0.374, -1.464, 0.000, -4.103, 20.00
1, 1, 0.000, -0.086, 0.000, 0.000, -2.738, 0.000, 0.000, 0.357, -1.412, 0.000, -3.880, 20.00
1, 1, 0.000, -0.086, 0.000, 0.000, -2.572, 0.000, 0.000, 0.340, -1.208, 0.000, -3.526, 20.00
1, 1, 0.000, -0.081, 0.000, 0.000, -2.146, 0.000, 0.000, 0.324, -0.907, 0.000, -2.810, 20.00
1, 1, 0.000, -0.072, 0.000, 0.000, -1.759, 0.000, 0.000, 0.309, -0.711, 0.000, -2.233, 20.00
1, 1, 0.000, -0.032, 0.000, 0.000, -0.729, 0.000, 0.000, 0.295, -0.613, 0.000, -1.080, 20.00
0, 0, 0.000, -0.011, 0.000, 0.000, -0.241, 0.000, 0.000, 0.282, -0.561, 0.531, -0.000, 19.95
0, 0, 0.000, -0.003, 0.000, 0.000, -0.061, 0.000, 0.000, 0.269, -0.510, 0.305, -0.000, 19.92
0, 0, 0.000, -0.001, 0.000, 0.000, -0.021, 0.000, 0.000, 0.256, -0.603, 0.369, -0.000, 19.88
0, 0, 0.000, -0.014, 0.000, 0.000, -0.331, 0.000, 0.000, 0.244, -0.742, 0.842, -0.000, 19.80
0, 0, 0.000, -0.013, 0.000, 0.000, -0.328, 0.000, 0.000, 0.233, -0.783, 0.892, -0.000, 19.71
0, 0, 0.000, -0.008, 0.000, 0.000, -0.204, 0.000, 0.000, 0.222, -0.826, 0.816, -0.000, 19.62
0, 0, 0.000, -0.002, 0.000, 0.000, -0.057, 0.000, 0.000, 0.212, -0.869, 0.716, -0.000, 19.55
0, 0, 0.000, 0.003, 0.000, 0.000, 0.077, 0.000, 0.000, 0.202, -0.913, 0.631, 0.000, 19.49
0, 0, 0.000, 0.007, 0.000, 0.000, 0.180, 0.000, 0.000, 0.193, -0.908, 0.528, -0.000, 19.44
0, 0, 0.000, 0.010, 0.000, 0.000, 0.265, 0.000, 0.000, 0.184, -0.954, 0.494, -0.000, 19.39
0, 0, 0.000, 0.012, 0.000, 0.000, 0.337, 0.000, 0.000, 0.176, -1.000, 0.475, -0.000, 19.34
0, 0, 0.000, 0.014, 0.000, 0.000, 0.398, 0.000, 0.000, 0.168, -1.046, 0.465, -0.000, 19.29
0, 0, 0.000, 0.016, 0.000, 0.000, 0.443, 0.000, 0.000, 0.160, -1.042, 0.423, 0.000, 19.25
0, 0, 0.000, 0.017, 0.000, 0.000, 0.485, 0.000, 0.000, 0.152, -1.089, 0.434, -0.000, 19.21
0, 0, 0.000, 0.018, 0.000, 0.000, 0.525, 0.000, 0.000, 0.145, -1.135, 0.447, -0.000, 19.16
0, 0, 0.000, 0.019, 0.000, 0.000, 0.564, 0.000, 0.000, 0.139, -1.182, 0.460, 0.000, 19.12
1, 1, 0.000, -0.101, 0.000, 0.000, -3.012, 0.000, 0.000, 2.630, -15.237, -8.829, -24.548, 20.00
1, 1, 0.000, -0.091, 0.000, 0.000, -2.768, 0.000, 0.000, 2.778, -15.854, 0.000, -15.935, 20.00
1, 1, 0.000, -0.084, 0.000, 0.000, -2.576, 0.000, 0.000, 2.895, -15.854, 0.000, -15.619, 20.00
1, 1, 0.000, -0.081, 0.000, 0.000, -2.398, 0.000, 0.000, 2.994, -14.009, 0.000, -13.494, 20.00
1, 1, 0.000, -0.081, 0.000, 0.000, -2.241, 0.000, 0.000, 3.083, -12.185, 0.000, -11.424, 20.00
1, 1, 0.000, -0.080, 0.000, 0.000, -2.099, 0.000, 0.000, 3.163, -10.383, 0.000, -9.399, 20.00
1, 1, 0.000, -0.076, 0.000, 0.000, -1.878, 0.000, 0.000, 3.237, -9.193, 0.000, -7.910, 20.00
1, 1, 0.000, -0.053, 0.000, 0.000, -1.212, 0.000, 0.000, 3.306, -7.426, 0.000, -5.385, 20.00
0, 0, 0.000, -0.032, 0.000, 0.000, -0.706, 0.000, 0.000, 0.872, -0.562, 0.428, 0.000, 19.96
0, 0, 0.000, -0.030, 0.000, 0.000, -0.656, 0.000, 0.000, 0.778, -0.558, 0.465, -0.000, 19.91
0, 0, 0.000, -0.028, 0.000, 0.000, -0.636, 0.000, 0.000, 0.711, -0.649, 0.602, -0.000, 19.85
0, 0, 0.000, -0.026, 0.000, 0.000, -0.632, 0.000, 0.000, 0.659, -0.740, 0.740, 0.000, 19.78
0, 0, 0.000, -0.021, 0.000, 0.000, -0.527, 0.000, 0.000, 0.615, -0.783, 0.716, -0.000, 19.70
0, 0, 0.000, -0.015, 0.000, 0.000, -0.387, 0.000, 0.000, 0.577, -0.827, 0.652, 0.000, 19.64
0, 0, 0.000, -0.010, 0.000, 0.000, -0.249, 0.000, 0.000, 0.543, -0.871, 0.587, 0.000, 19.58
0, 0, 0.000, -0.005, 0.000, 0.000, -0.137, 0.000, 0.000, 0.513, -0.867, 0.496, -0.000, 19.53
0, 0, 0.000, -0.002, 0.000, 0.000, -0.041, 0.000, 0.000, 0.485, -0.912, 0.470, -0.000, 19.48
0, 0, 0.000, 0.002, 0.000, 0.000, 0.043, 0.000, 0.000, 0.459, -0.958, 0.454, -0.000, 19.44
0, 0, 0.000, 0.004, 0.000, 0.000, 0.116, 0.000, 0.000, 0.436, -1.004, 0.448, -0.000, 19.39
0, 0, 0.000, 0.007, 0.000, 0.000, 0.183, 0.000, 0.000, 0.414, -1.051, 0.447, 0.000, 19.35
0, 0, 0.000, 0.009, 0.000, 0.000, 0.254, 0.000, 0.000, 0.393, -1.147, 0.491, 0.000, 19.30
0, 0, 0.000, 0.011, 0.000, 0.000, 0.319, 0.000, 0.000, 0.374, -1.194, 0.490, -0.000, 19.25
0, 0, 0.000, 0.013, 0.000, 0.000, 0.379, 0.000, 0.000, 0.356, -1.240, 0.493, 0.000, 19.20
0, 0, 0.000, 0.014, 0.000, 0.000, 0.434, 0.000, 0.000, 0.339, -1.287, 0.500, -0.000, 19.15
1, 1, 0.000, -0.088, 0.000, 0.000, -2.770, 0.000, 0.000, 2.820, -17.097, -8.480, -25.615, 20.00
1, 1, 0.000, -0.078, 0.000, 0.000, -2.548, 0.000, 0.000, 2.959, -18.350, 0.000, -18.017, 20.00
1, 1, 0.000, -0.072, 0.000, 0.000, -2.370, 0.000, 0.000, 3.067, -18.350, 0.000, -17.724, 20.00
1, 1, 0.000, -0.069, 0.000, 0.000, -2.210, 0.000, 0.000, 3.159, -17.097, 0.000, -16.217, 20.00
1, 1, 0.000, -0.067, 0.000, 0.000, -2.064, 0.000, 0.000, 3.239, -15.237, 0.000, -14.129, 20.00
1, 1, 0.000, -0.065, 0.000, 0.000, -1.939, 0.000, 0.000, 3.312, -14.009, 0.000, -12.700, 20.00
1, 1, 0.000, -0.062, 0.000, 0.000, -1.829, 0.000, 0.000, 3.379, -13.398, 0.000, -11.911, 20.00
1, 1, 0.000, -0.061, 0.000, 0.000, -1.722, 0.000, 0.000, 3.441, -12.185, 0.000, -10.527, 20.00
0, 0, 0.000, -0.037, 0.000, 0.000, -0.983, 0.000, 0.000, 1.001, -0.899, 0.918, 0.000, 19.91
0, 0, 0.000, -0.027, 0.000, 0.000, -0.738, 0.000, 0.000, 0.902, -0.893, 0.756, 0.000, 19.83
0, 0, 0.000, -0.016, 0.000, 0.000, -0.453, 0.000, 0.000, 0.829, -0.937, 0.578, -0.000, 19.77
0, 0, 0.000, -0.019, 0.000, 0.000, -0.543, 0.000, 0.000, 0.771, -0.981, 0.772, -0.000, 19.70
0, 0, 0.000, -0.016, 0.000, 0.000, -0.472, 0.000, 0.000, 0.722, -1.024, 0.790, 0.000, 19.62
0, 0, 0.000, -0.012, 0.000, 0.000, -0.339, 0.000, 0.000, 0.679, -1.067, 0.739, -0.000, 19.54
0, 0, 0.000, -0.007, 0.000, 0.000, -0.208, 0.000, 0.000, 0.641, -1.062, 0.636, -0.000, 19.48
0, 0, 0.000, -0.003, 0.000, 0.000, -0.088, 0.000, 0.000, 0.606, -1.107, 0.592, -0.000, 19.42
0, 0, 0.000, 0.000, 0.000, 0.000, 0.007, 0.000, 0.000, 0.574, -1.103, 0.521, -0.000, 19.37
0, 0, 0.000, 0.003, 0.000, 0.000, 0.091, 0.000, 0.000, 0.544, -1.149, 0.511, 0.000, 19.32
0, 0, 0.000, 0.005, 0.000, 0.000, 0.155, 0.000, 0.000, 0.517, -1.145, 0.468, 0.000, 19.27
0, 0, 0.000, 0.007, 0.000, 0.000, 0.205, 0.000, 0.000, 0.491, -1.141, 0.438, 0.000, 19.23
0, 0, 0.000, 0.008, 0.000, 0.000, 0.255, 0.000, 0.000, 0.467, -1.188, 0.458, -0.000, 19.18
0, 0, 0.000, 0.009, 0.000, 0.000, 0.294, 0.000, 0.000, 0.444, -1.184, 0.436, 0.000, 19.14
0, 0, 0.000, 0.010, 0.000, 0.000, 0.325, 0.000, 0.000, 0.423, -1.180, 0.422, 0.000, 19.10
0, 0, 0.000, 0.011, 0.000, 0.000, 0.361, 0.000, 0.000, 0.402, -1.227, 0.452, 0.000, 19.05
1, 1, 0.000, -0.096, 0.000, 0.000, -3.069, 0.000, 0.000, 2.881, -15.854, -9.488, -25.625, 20.00
1, 1, 0.000, -0.087, 0.000, 0.000, -2.805, 0.000, 0.000, 3.017, -15.854, 0.000, -15.730, 20.00
1, 1, 0.000, -0.081, 0.000, 0.000, -2.600, 0.000, 0.000, 3.122, -15.237, 0.000, -14.796, 20.00
1, 1, 0.000, -0.080, 0.000, 0.000, -2.417, 0.000, 0.000, 3.211, -13.398, 0.000, -12.684, 20.00
1, 1, 0.000, -0.078, 0.000, 0.000, -2.208, 0.000, 0.000, 3.290, -10.981, 0.000, -9.977, 20.00
1, 1, 0.000, -0.068, 0.000, 0.000, -1.740, 0.000, 0.000, 3.361, -8.602, 0.000, -7.049, 20.00
1, 1, 0.000, -0.056, 0.000, 0.000, -1.291, 0.000, 0.000, 3.425, -6.259, 0.000, -4.181, 20.00
1, 1, 0.000, -0.015, 0.000, 0.000, -0.321, 0.000, 0.000, 3.485, -5.101, 0.000, -1.952, 20.00
0, 0, 0.000, -0.014, 0.000, 0.000, -0.293, 0.000, 0.000, 1.043, -0.330, -0.405, -0.000, 20.04
0, 0, 0.000, -0.020, 0.000, 0.000, -0.398, 0.000, 0.000, 0.941, -0.332, -0.191, -0.000, 20.06
0, 0, 0.000, -0.024, 0.000, 0.000, -0.495, 0.000, 0.000, 0.867, -0.426, 0.078, -0.000, 20.05
0, 0, 0.000, -0.037, 0.000, 0.000, -0.817, 0.000, 0.000, 0.807, -0.564, 0.611, -0.000, 19.99
0, 0, 0.000, -0.037, 0.000, 0.000, -0.823, 0.000, 0.000, 0.757, -0.607, 0.710, -0.000, 19.92
0, 0, 0.000, -0.031, 0.000, 0.000, -0.704, 0.000, 0.000, 0.712, -0.649, 0.672, -0.000, 19.85
0, 0, 0.000, -0.024, 0.000, 0.000, -0.556, 0.000, 0.000, 0.672, -0.693, 0.600, -0.000, 19.79
0, 0, 0.000, -0.018, 0.000, 0.000, -0.415, 0.000, 0.000, 0.636, -0.737, 0.534, 0.000, 19.74
0, 0, 0.000, -0.012, 0.000, 0.000, -0.291, 0.000, 0.000, 0.602, -0.782, 0.483, -0.000, 19.69
0, 0, 0.000, -0.008, 0.000, 0.000, -0.186, 0.000, 0.000, 0.571, -0.827, 0.449, 0.000, 19.65
0, 0, 0.000, -0.004, 0.000, 0.000, -0.104, 0.000, 0.000, 0.543, -0.824, 0.390, 0.000, 19.61
0, 0, 0.000, -0.001, 0.000, 0.000, -0.023, 0.000, 0.000, 0.516, -0.919, 0.427, 0.000, 19.56
0, 0, 0.000, 0.002, 0.000, 0.000, 0.051, 0.000, 0.000, 0.490, -0.965, 0.422, -0.000, 19.52
0, 0, 0.000, 0.004, 0.000, 0.000, 0.118, 0.000, 0.000, 0.467, -1.012, 0.423, 0.000, 19.48
0, 0, 0.000, 0.007, 0.000, 0.000, 0.190, 0.000, 0.000, 0.444, -1.108, 0.467, 0.000, 19.43
0, 0, 0.000, 0.009, 0.000, 0.000, 0.256, 0.000, 0.000, 0.423, -1.155, 0.467, -0.000, 19.39
1, 1, 0.000, -0.069, 0.000, 0.000, -2.012, 0.000, 0.000, 2.901, -15.237, -6.136, -20.554, 20.00
1, 1, 0.000, -0.062, 0.000, 0.000, -1.857, 0.000, 0.000, 3.035, -16.474, 0.000, -15.357, 20.00
1, 1, 0.000, -0.057, 0.000, 0.000, -1.729, 0.000, 0.000, 3.140, -16.474, 0.000, -15.120, 20.00
1, 1, 0.000, -0.054, 0.000, 0.000, -1.612, 0.000, 0.000, 3.228, -15.237, 0.000, -13.674, 20.00
1, 1, 0.000, -0.052, 0.000, 0.000, -1.514, 0.000, 0.000, 3.306, -14.621, 0.000, -12.881, 20.00
1, 1, 0.000, -0.050, 0.000, 0.000, -1.420, 0.000, 0.000, 3.376, -13.398, 0.000, -11.492, 20.00
1, 1, 0.000, -0.050, 0.000, 0.000, -1.328, 0.000, 0.000, 3.440, -11.582, 0.000, -9.519, 20.00
1, 1, 0.000, -0.041, 0.000, 0.000, -1.053, 0.000, 0.000, 3.499, -10.383, 0.000, -7.977, 20.00
0, 0, 0.000, -0.035, 0.000, 0.000, -0.873, 0.000, 0.000, 1.056, -0.803, 0.655, -0.000, 19.93
0, 0, 0.000, -0.021, 0.000, 0.000, -0.533, 0.000, 0.000, 0.954, -0.800, 0.400, 0.000, 19.89
0, 0, 0.000, -0.011, 0.000, 0.000, -0.268, 0.000, 0.000, 0.879, -0.798, 0.198, -0.000, 19.87
0, 0, 0.000, -0.018, 0.000, 0.000, -0.477, 0.000, 0.000, 0.819, -0.892, 0.568, -0.000, 19.82
0, 0, 0.000, -0.018, 0.000, 0.000, -0.473, 0.000, 0.000, 0.768, -0.935, 0.658, -0.000, 19.75
0, 0, 0.000, -0.014, 0.000, 0.000, -0.385, 0.000, 0.000, 0.723, -0.930, 0.607, -0.000, 19.69
0, 0, 0.000, -0.011, 0.000, 0.000, -0.281, 0.000, 0.000, 0.682, -0.926, 0.535, -0.000, 19.64
0, 0, 0.000, -0.007, 0.000, 0.000, -0.178, 0.000, 0.000, 0.645, -0.971, 0.510, 0.000, 19.59
0, 0, 0.000, -0.003, 0.000, 0.000, -0.092, 0.000, 0.000, 0.612, -0.967, 0.451, 0.000, 19.54
0, 0, 0.000, -0.001, 0.000, 0.000, -0.024, 0.000, 0.000, 0.580, -0.964, 0.409, 0.000, 19.50
0, 0, 0.000, 0.001, 0.000, 0.000, 0.039, 0.000, 0.000, 0.551, -1.010, 0.418, 0.000, 19.46
0, 0, 0.000, 0.003, 0.000, 0.000, 0.090, 0.000, 0.000, 0.524, -1.007, 0.390, -0.000, 19.42
0, 0, 0.000, 0.005, 0.000, 0.000, 0.130, 0.000, 0.000, 0.498, -1.003, 0.370, 0.000, 19.38
0, 0, 0.000, 0.006, 0.000, 0.000, 0.163, 0.000, 0.000, 0.474, -1.000, 0.357, 0.000, 19.35
0, 0, 0.000, 0.007, 0.000, 0.000, 0.190, 0.000, 0.000, 0.451, -0.997, 0.349, 0.000, 19.31
0, 0, 0.000, 0.008, 0.000, 0.000, 0.213, 0.000, 0.000, 0.430, -0.994, 0.344, 0.000, 19.28
1, 1, 0.000, -0.080, 0.000, 0.000, -2.243, 0.000, 0.000, 2.907, -12.791, -7.218, -19.424, 20.00
1, 1, 0.000, -0.073, 0.000, 0.000, -2.048, 0.000, 0.000, 3.041, -12.791, 0.000, -11.869, 20.00
1, 1, 0.000, -0.067, 0.000, 0.000, -1.900, 0.000, 0.000, 3.146, -12.791, 0.000, -11.612, 20.00
1, 1, 0.000, -0.065, 0.000, 0.000, -1.768, 0.000, 0.000, 3.234, -11.582, 0.000, -10.180, 20.00
1, 1, 0.000, -0.064, 0.000, 0.000, -1.645, 0.000, 0.000, 3.311, -9.787, 0.000, -8.185, 20.00
1, 1, 0.000, -0.064, 0.000, 0.000, -1.535, 0.000, 0.000, 3.381, -8.013, 0.000, -6.231, 20.00
1, 1, 0.000, -0.062, 0.000, 0.000, -1.377, 0.000, 0.000, 3.445, -6.841, 0.000, -4.835, 20.00
1, 1, 0.000, -0.059, 0.000, 0.000, -1.291, 0.000, 0.000, 3.504, -6.259, 0.000, -4.106, 20.00
0, 0, 0.000, -0.054, 0.000, 0.000, -1.167, 0.000, 0.000, 1.061, -0.511, 0.673, -0.000, 19.93
0, 0, 0.000, -0.038, 0.000, 0.000, -0.793, 0.000, 0.000, 0.958, -0.461, 0.334, -0.000, 19.90
0, 0, 0.000, -0.020, 0.000, 0.000, -0.424, 0.000, 0.000, 0.883, -0.508, 0.069, -0.000, 19.89
0, 0, 0.000, -0.031, 0.000, 0.000, -0.670, 0.000, 0.000, 0.823, -0.552, 0.431, -0.000, 19.85
0, 0, 0.000, -0.031, 0.000, 0.000, -0.685, 0.000, 0.000, 0.772, -0.596, 0.541, -0.000, 19.80
0, 0, 0.000, -0.028, 0.000, 0.000, -0.606, 0.000, 0.000, 0.726, -0.592, 0.499, 0.000, 19.75
0, 0, 0.000, -0.023, 0.000, 0.000, -0.499, 0.000, 0.000, 0.686, -0.636, 0.473, -0.000, 19.70
0, 0, 0.000, -0.018, 0.000, 0.000, -0.402, 0.000, 0.000, 0.649, -0.633, 0.405, -0.000, 19.66
0, 0, 0.000, -0.014, 0.000, 0.000, -0.313, 0.000, 0.000, 0.614, -0.678, 0.391, -0.000, 19.62
0, 0, 0.000, -0.010, 0.000, 0.000, -0.232, 0.000, 0.000, 0.583, -0.724, 0.383, -0.000, 19.58
0, 0, 0.000, -0.007, 0.000, 0.000, -0.167, 0.000, 0.000, 0.554, -0.721, 0.341, -0.000, 19.55
0, 0, 0.000, -0.005, 0.000, 0.000, -0.106, 0.000, 0.000, 0.526, -0.767, 0.351, -0.000, 19.51
0, 0, 0.000, -0.002, 0.000, 0.000, -0.048, 0.000, 0.000, 0.501, -0.813, 0.363, -0.000, 19.47
0, 0, 0.000, -0.000, 0.000, 0.000, -0.001, 0.000, 0.000, 0.476, -0.810, 0.335, 0.000, 19.44
0, 0, 0.000, 0.002, 0.000, 0.000, 0.045, 0.000, 0.000, 0.453, -0.856, 0.356, 0.000, 19.41
0, 0, 0.000, 0.004, 0.000, 0.000, 0.093, 0.000, 0.000, 0.432, -0.902, 0.374, -0.000, 19.37
1, 1, 0.000, -0.081, 0.000, 0.000, -2.039, 0.000, 0.000, 2.909, -11.582, -6.317, -17.110, 20.00
1, 1, 0.000, -0.073, 0.000, 0.000, -1.872, 0.000, 0.000, 3.043, -12.185, 0.000, -11.087, 20.00
1, 1, 0.000, -0.068, 0.000, 0.000, -1.740, 0.000, 0.000, 3.148, -12.185, 0.000, -10.845, 20.00
1, 1, 0.000, -0.065, 0.000, 0.000, -1.620, 0.000, 0.000, 3.236, -10.981, 0.000, -9.431, 20.00
1, 1, 0.000, -0.063, 0.000, 0.000, -1.514, 0.000, 0.000, 3.313, -9.787, 0.000, -8.051, 20.00
1, 1, 0.000, -0.063, 0.000, 0.000, -1.418, 0.000, 0.000, 3.383, -8.602, 0.000, -6.700, 20.00
1, 1, 0.000, -0.062, 0.000, 0.000, -1.329, 0.000, 0.000, 3.446, -7.426, 0.000, -5.371, 20.00
1, 1, 0.000, -0.059, 0.000, 0.000, -1.260, 0.000, 0.000, 3.505, -7.426, 0.000, -5.240, 20.00
0, 0, 0.000, -0.056, 0.000, 0.000, -1.169, 0.000, 0.000, 1.062, -0.559, 0.722, -0.000, 19.93
0, 0, 0.000, -0.043, 0.000, 0.000, -0.884, 0.000, 0.000, 0.960, -0.555, 0.522, -0.000, 19.88
0, 0, 0.000, -0.032, 0.000, 0.000, -0.673, 0.000, 0.000, 0.884, -0.599, 0.420, -0.000, 19.83
0, 0, 0.000, -0.032, 0.000, 0.000, -0.683, 0.000, 0.000, 0.824, -0.643, 0.534, 0.000, 19.78
0, 0, 0.000, -0.029, 0.000, 0.000, -0.617, 0.000, 0.000, 0.773, -0.639, 0.511, 0.000, 19.73
0, 0, 0.000, -0.023, 0.000, 0.000, -0.512, 0.000, 0.000, 0.727, -0.683, 0.492, -0.000, 19.68
0, 0, 0.000, -0.019, 0.000, 0.000, -0.413, 0.000, 0.000, 0.687, -0.680, 0.425, -0.000, 19.64
0, 0, 0.000, -0.015, 0.000, 0.000, -0.330, 0.000, 0.000, 0.650, -0.677, 0.372, -0.000, 19.60
0, 0, 0.000, -0.012, 0.000, 0.000, -0.262, 0.000, 0.000, 0.615, -0.674, 0.332, -0.000, 19.57
0, 0, 0.000, -0.009, 0.000, 0.000, -0.208, 0.000, 0.000, 0.584, -0.671, 0.304, -0.000, 19.54
0, 0, 0.000, -0.007, 0.000, 0.000, -0.163, 0.000, 0.000, 0.555, -0.669, 0.285, -0.000, 19.51
0, 0, 0.000, -0.006, 0.000, 0.000, -0.127, 0.000, 0.000, 0.527, -0.666, 0.272, 0.000, 19.48
0, 0, 0.000, -0.004, 0.000, 0.000, -0.096, 0.000, 0.000, 0.501, -0.664, 0.263, 0.000, 19.45
0, 0, 0.000, -0.004, 0.000, 0.000, -0.078, 0.000, 0.000, 0.477, -0.614, 0.218, -0.000, 19.43
0, 0, 0.000, -0.003, 0.000, 0.000, -0.062, 0.000, 0.000, 0.454, -0.612, 0.223, 0.000, 19.41
0, 0, 0.000, -0.002, 0.000, 0.000, -0.047, 0.000, 0.000, 0.432, -0.610, 0.226, -0.000, 19.39
1, 1, 0.000, -0.098, 0.000, 0.000, -2.080, 0.000, 0.000, 0.412, -0.662, -6.123, -8.551, 20.00
1, 1, 0.000, -0.092, 0.000, 0.000, -1.903, 0.000, 0.000, 0.393, -0.613, 0.000, -2.216, 20.00
1, 1, 0.000, -0.086, 0.000, 0.000, -1.769, 0.000, 0.000, 0.374, -0.613, 0.000, -2.094, 20.00
1, 1, 0.000, -0.081, 0.000, 0.000, -1.659, 0.000, 0.000, 0.357, -0.613, 0.000, -1.996, 20.00
1, 1, 0.000, -0.078, 0.000, 0.000, -1.560, 0.000, 0.000, 0.340, -0.565, 0.000, -1.863, 20.00
1, 1, 0.000, -0.076, 0.000, 0.000, -1.471, 0.000, 0.000, 0.324, -0.517, 0.000, -1.740, 20.00
1, 1, 0.000, -0.074, 0.000, 0.000, -1.390, 0.000, 0.000, 0.309, -0.469, 0.000, -1.624, 20.00
1, 1, 0.000, -0.075, 0.000, 0.000, -1.295, 0.000, 0.000, 0.295, -0.374, 0.000, -1.449, 20.00
0, 0, 0.000, -0.052, 0.000, 0.000, -0.838, 0.000, 0.000, 0.282, -0.272, 0.881, -0.000, 19.91
0, 0, 0.000, -0.040, 0.000, 0.000, -0.635, 0.000, 0.000, 0.269, -0.266, 0.672, -0.000, 19.84
0, 0, 0.000, -0.032, 0.000, 0.000, -0.505, 0.000, 0.000, 0.256, -0.262, 0.542, -0.000, 19.79
0, 0, 0.000, -0.026, 0.000, 0.000, -0.426, 0.000, 0.000, 0.244, -0.305, 0.513, -0.000, 19.74
0, 0, 0.000, -0.020, 0.000, 0.000, -0.334, 0.000, 0.000, 0.233, -0.348, 0.470, -0.000, 19.69
0, 0, 0.000, -0.015, 0.000, 0.000, -0.246, 0.000, 0.000, 0.222, -0.345, 0.383, 0.000, 19.65
0, 0, 0.000, -0.010, 0.000, 0.000, -0.166, 0.000, 0.000, 0.212, -0.389, 0.353, 0.000, 19.62
0, 0, 0.000, -0.006, 0.000, 0.000, -0.103, 0.000, 0.000, 0.202, -0.387, 0.294, -0.000, 19.59
0, 0, 0.000, -0.003, 0.000, 0.000, -0.049, 0.000, 0.000, 0.193, -0.432, 0.291, -0.000, 19.56
0, 0, 0.000, 0.000, 0.000, 0.000, 0.001, 0.000, 0.000, 0.184, -0.477, 0.292, -0.000, 19.53
0, 0, 0.000, 0.002, 0.000, 0.000, 0.039, 0.000, 0.000, 0.176, -0.475, 0.258, -0.000, 19.51
0, 0, 0.000, 0.005, 0.000, 0.000, 0.084, 0.000, 0.000, 0.168, -0.569, 0.312, 0.000, 19.47
0, 0, 0.000, 0.007, 0.000, 0.000, 0.138, 0.000, 0.000, 0.160, -0.663, 0.358, -0.000, 19.44
0, 0, 0.000, 0.010, 0.000, 0.000, 0.207, 0.000, 0.000, 0.152, -0.806, 0.436, 0.000, 19.39
0, 0, 0.000, 0.013, 0.000, 0.000, 0.279, 0.000, 0.000, 0.145, -0.901, 0.463, 0.000, 19.35
0, 0, 0.000, 0.015, 0.000, 0.000, 0.353, 0.000, 0.000, 0.139, -0.996, 0.489, -0.000, 19.30
1, 1, 0.000, -0.093, 0.000, 0.000, -2.243, 0.000, 0.000, 2.630, -14.009, -7.008, -20.722, 20.00
1, 1, 0.000, -0.080, 0.000, 0.000, -2.072, 0.000, 0.000, 2.778, -15.854, 0.000, -15.229, 20.00
1, 1, 0.000, -0.073, 0.000, 0.000, -1.928, 0.000, 0.000, 2.895, -15.854, 0.000, -14.960, 20.00
1, 1, 0.000, -0.071, 0.000, 0.000, -1.790, 0.000, 0.000, 2.994, -14.009, 0.000, -12.875, 20.00
1, 1, 0.000, -0.064, 0.000, 0.000, -1.462, 0.000, 0.000, 3.083, -10.981, 0.000, -9.424, 20.00
1, 1, 0.000, -0.052, 0.000, 0.000, -1.082, 0.000, 0.000, 3.163, -8.602, 0.000, -6.572, 20.00
1, 1, 0.000, -0.038, 0.000, 0.000, -0.725, 0.000, 0.000, 3.237, -6.841, 0.000, -4.367, 20.00
1, 1, 0.000, 0.017, 0.000, 0.000, 0.287, 0.000, 0.000, 3.306, -5.101, 0.000, -1.492, 20.00
0, 0, 0.000, 0.010, 0.000, 0.000, 0.172, 0.000, 0.000, 0.872, -0.380, -0.675, 0.000, 20.07
0, 0, 0.000, 0.005, 0.000, 0.000, 0.088, 0.000, 0.000, 0.778, -0.431, -0.440, -0.000, 20.11
0, 0, 0.000, 0.008, 0.000, 0.000, 0.139, 0.000, 0.000, 0.711, -0.482, -0.377, -0.000, 20.15
0, 0, 0.000, -0.023, 0.000, 0.000, -0.436, 0.000, 0.000, 0.659, -0.623, 0.423, -0.000, 20.11
0, 0, 0.000, -0.028, 0.000, 0.000, -0.560, 0.000, 0.000, 0.615, -0.666, 0.639, -0.000, 20.04
0, 0, 0.000, -0.024, 0.000, 0.000, -0.490, 0.000, 0.000, 0.577, -0.709, 0.646, -0.000, 19.98
0, 0, 0.000, -0.018, 0.000, 0.000, -0.365, 0.000, 0.000, 0.543, -0.753, 0.592, 0.000, 19.92
0, 0, 0.000, -0.012, 0.000, 0.000, -0.245, 0.000, 0.000, 0.513, -0.748, 0.492, -0.000, 19.87
0, 0, 0.000, -0.006, 0.000, 0.000, -0.137, 0.000, 0.000, 0.485, -0.794, 0.452, 0.000, 19.82
0, 0, 0.000, -0.002, 0.000, 0.000, -0.043, 0.000, 0.000, 0.459, -0.839, 0.424, -0.000, 19.78
0, 0, 0.000, 0.002, 0.000, 0.000, 0.040, 0.000, 0.000, 0.436, -0.885, 0.408, -0.000, 19.74
0, 0, 0.000, 0.005, 0.000, 0.000, 0.103, 0.000, 0.000, 0.414, -0.882, 0.361, -0.000, 19.71
0, 0, 0.000, 0.007, 0.000, 0.000, 0.151, 0.000, 0.000, 0.393, -0.879, 0.329, 0.000, 19.67
0, 0, 0.000, 0.008, 0.000, 0.000, 0.187, 0.000, 0.000, 0.374, -0.876, 0.307, -0.000, 19.64
0, 0, 0.000, 0.009, 0.000, 0.000, 0.225, 0.000, 0.000, 0.356, -0.923, 0.333, 0.000, 19.61
0, 0, 0.000, 0.011, 0.000, 0.000, 0.255, 0.000, 0.000, 0.339, -0.920, 0.316, 0.000, 19.58
1, 1, 0.000, -0.054, 0.000, 0.000, -1.298, 0.000, 0.000, 2.820, -11.582, -4.230, -14.344, 20.00
1, 1, 0.000, -0.049, 0.000, 0.000, -1.189, 0.000, 0.000, 2.959, -11.582, 0.000, -9.861, 20.00
1, 1, 0.000, -0.045, 0.000, 0.000, -1.106, 0.000, 0.000, 3.067, -11.582, 0.000, -9.666, 20.00
1, 1, 0.000, -0.044, 0.000, 0.000, -1.026, 0.000, 0.000, 3.159, -10.383, 0.000, -8.294, 20.00
1, 1, 0.000, -0.030, 0.000, 0.000, -0.646, 0.000, 0.000, 3.239, -8.013, 0.000, -5.449, 20.00
1, 1, 0.000, -0.011, 0.000, 0.000, -0.207, 0.000, 0.000, 3.312, -5.679, 0.000, -2.585, 20.00
1, 0, 0.000, 0.004, 0.000, 0.000, 0.059, 0.000, 0.000, 3.379, -2.870, -0.572, -0.000, 20.06
1, 0, 0.000, -0.006, 0.000, 0.000, -0.078, 0.000, 0.000, 3.441, -1.376, -1.982, 0.000, 20.26
0, 0, 0.000, -0.020, 0.000, 0.000, -0.276, 0.000, 0.000, 1.001, -0.165, -0.541, -0.000, 20.31
0, 0, 0.000, -0.038, 0.000, 0.000, -0.538, 0.000, 0.000, 0.902, -0.166, -0.159, -0.000, 20.33
0, 0, 0.000, -0.036, 0.000, 0.000, -0.522, 0.000, 0.000, 0.829, -0.213, -0.058, 0.000, 20.33
0, 0, 0.000, -0.051, 0.000, 0.000, -0.771, 0.000, 0.000, 0.771, -0.304, 0.354, 0.000, 20.30
0, 0, 0.000, -0.050, 0.000, 0.000, -0.785, 0.000, 0.000, 0.722, -0.348, 0.461, -0.000, 20.25
0, 0, 0.000, -0.044, 0.000, 0.000, -0.694, 0.000, 0.000, 0.679, -0.391, 0.449, -0.000, 20.20
0, 0, 0.000, -0.035, 0.000, 0.000, -0.577, 0.000, 0.000, 0.641, -0.435, 0.407, -0.000, 20.16
0, 0, 0.000, -0.028, 0.000, 0.000, -0.463, 0.000, 0.000, 0.606, -0.480, 0.365, -0.000, 20.13
0, 0, 0.000, -0.021, 0.000, 0.000, -0.362, 0.000, 0.000, 0.574, -0.525, 0.334, 0.000, 20.09
0, 0, 0.000, -0.016, 0.000, 0.000, -0.281, 0.000, 0.000, 0.544, -0.523, 0.276, 0.000, 20.07
0, 0, 0.000, -0.012, 0.000, 0.000, -0.210, 0.000, 0.000, 0.517, -0.569, 0.273, -0.000, 20.04
0, 0, 0.000, -0.007, 0.000, 0.000, -0.136, 0.000, 0.000, 0.491, -0.663, 0.315, -0.000, 20.01
0, 0, 0.000, -0.004, 0.000, 0.000, -0.068, 0.000, 0.000, 0.467, -0.709, 0.313, -0.000, 19.98
0, 0, 0.000, -0.000, 0.000, 0.000, -0.005, 0.000, 0.000, 0.444, -0.755, 0.316, -0.000, 19.94
0, 0, 0.000, 0.003, 0.000, 0.000, 0.063, 0.000, 0.000, 0.423, -0.850, 0.361, -0.000, 19.91
0, 0, 0.000, 0.006, 0.000, 0.000, 0.126, 0.000, 0.000, 0.402, -0.896, 0.362, -0.000, 19.87
1, 1, 0.000, 0.006, 0.000, 0.000, 0.130, 0.000, 0.000, 2.881, -11.582, -1.274, -9.839, 20.00
1, 1, 0.000, -0.001, 0.000, 0.000, -0.028, 0.000, 0.000, 3.017, -12.791, 0.000, -9.803, 20.00
1, 1, 0.000, -0.002, 0.000, 0.000, -0.046, 0.000, 0.000, 3.122, -12.791, 0.000, -9.716, 20.00
1, 1, 0.000, 0.032, 0.000, 0.000, 0.716, 0.000, 0.000, 3.211, -10.981, 0.000, -7.021, 20.00
1, 1, 0.000, 0.072, 0.000, 0.000, 1.418, 0.000, 0.000, 3.290, -8.013, 0.000, -3.233, 20.00
1, 0, 0.000, 0.105, 0.000, 0.000, 1.781, 0.000, 0.000, 3.361, -5.115, -0.132, 0.000, 20.01
1, 0, 0.000, 0.080, 0.000, 0.000, 1.204, 0.000, 0.000, 3.425, -3.516, -1.193, 0.000, 20.13
1, 0, 0.000, 0.050, 0.000, 0.000, 0.698, 0.000, 0.000, 3.485, -2.550, -1.684, 0.000, 20.30
0, 0, 0.000, 0.017, 0.000, 0.000, 0.235, 0.000, 0.000, 1.043, -0.220, -1.076, 0.000, 20.41
0, 0, 0.000, -0.002, 0.000, 0.000, -0.032, 0.000, 0.000, 0.941, -0.225, -0.681, 0.000, 20.48
0, 0, 0.000, -0.014, 0.000, 0.000, -0.202, 0.000, 0.000, 0.867, -0.322, -0.329, 0.000, 20.51
0, 0, 0.000, -0.037, 0.000, 0.000, -0.580, 0.000, 0.000, 0.807, -0.462, 0.271, 0.000, 20.48
0, 0, 0.000, -0.040, 0.000, 0.000, -0.647, 0.000, 0.000, 0.757, -0.506, 0.436, -0.000, 20.44
0, 0, 0.000, -0.034, 0.000, 0.000, -0.578, 0.000, 0.000, 0.712, -0.550, 0.450, -0.000, 20.39
0, 0, 0.000, -0.027, 0.000, 0.000, -0.469, 0.000, 0.000, 0.672, -0.595, 0.419, -0.000, 20.35
0, 0, 0.000, -0.020, 0.000, 0.000, -0.359, 0.000, 0.000, 0.636, -0.640, 0.383, 0.000, 20.31
0, 0, 0.000, -0.013, 0.000, 0.000, -0.249, 0.000, 0.000, 0.602, -0.734, 0.394, -0.000, 20.27
0, 0, 0.000, -0.008, 0.000, 0.000, -0.152, 0.000, 0.000, 0.571, -0.780, 0.368, 0.000, 20.24
0, 0, 0.000, -0.003, 0.000, 0.000, -0.066, 0.000, 0.000, 0.543, -0.826, 0.353, -0.000, 20.20
0, 0, 0.000, 0.000, 0.000, 0.000, 0.009, 0.000, 0.000, 0.516, -0.872, 0.347, -0.000, 20.17
0, 0, 0.000, 0.004, 0.000, 0.000, 0.077, 0.000, 0.000, 0.490, -0.919, 0.347, -0.000, 20.13
0, 0, 0.000, 0.006, 0.000, 0.000, 0.140, 0.000, 0.000, 0.467, -0.965, 0.352, -0.000, 20.10
0, 0, 0.000, 0.009, 0.000, 0.000, 0.198, 0.000, 0.000, 0.444, -1.012, 0.361, 0.000, 20.06
0, 0, 0.000, 0.011, 0.000, 0.000, 0.254, 0.000, 0.000, 0.423, -1.059, 0.371, 0.000, 20.02
1, 1, 0.000, 0.049, 0.000, 0.000, 1.216, 0.000, 0.000, 2.901, -14.009, 0.243, -9.600, 20.00
1, 1, 0.000, 0.038, 0.000, 0.000, 0.971, 0.000, 0.000, 3.035, -14.621, 0.000, -10.577, 20.00
1, 1, 0.000, 0.031, 0.000, 0.000, 0.806, 0.000, 0.000, 3.140, -14.621, 0.000, -10.644, 20.00
1, 1, 0.000, 0.054, 0.000, 0.000, 1.312, 0.000, 0.000, 3.228, -12.185, 0.000, -7.590, 20.00
1, 1, 0.000, 0.086, 0.000, 0.000, 1.855, 0.000, 0.000, 3.306, -9.193, 0.000, -3.947, 20.00
1, 1, 0.000, 0.115, 0.000, 0.000, 2.234, 0.000, 0.000, 3.376, -6.841, 0.000, -1.115, 20.00
1, 0, 0.000, 0.126, 0.000, 0.000, 2.199, 0.000, 0.000, 3.440, -5.163, -0.603, -0.000, 20.06
1, 0, 0.000, 0.112, 0.000, 0.000, 1.743, 0.000, 0.000, 3.499, -3.618, -1.735, 0.000, 20.23
0, 0, 0.000, 0.059, 0.000, 0.000, 0.879, 0.000, 0.000, 1.056, -0.266, -1.727, -0.000, 20.41
0, 0, 0.000, 0.030, 0.000, 0.000, 0.448, 0.000, 0.000, 0.954, -0.276, -1.156, 0.000, 20.52
0, 0, 0.000, 0.021, 0.000, 0.000, 0.320, 0.000, 0.000, 0.879, -0.331, -0.890, -0.000, 20.61
0, 0, 0.000, -0.022, 0.000, 0.000, -0.369, 0.000, 0.000, 0.819, -0.473, 0.044, 0.000, 20.61
0, 0, 0.000, -0.032, 0.000, 0.000, -0.568, 0.000, 0.000, 0.768, -0.565, 0.397, -0.000, 20.57
0, 0, 0.000, -0.029, 0.000, 0.000, -0.537, 0.000, 0.000, 0.723, -0.657, 0.500, 0.000, 20.52
0, 0, 0.000, -0.023, 0.000, 0.000, -0.434, 0.000, 0.000, 0.682, -0.702, 0.476, 0.000, 20.47
0, 0, 0.000, -0.015, 0.000, 0.000, -0.308, 0.000, 0.000, 0.645, -0.796, 0.474, 0.000, 20.42
0, 0, 0.000, -0.009, 0.000, 0.000, -0.182, 0.000, 0.000, 0.612, -0.890, 0.469, 0.000, 20.37
0, 0, 0.000, -0.003, 0.000, 0.000, -0.072, 0.000, 0.000, 0.580, -0.936, 0.431, 0.000, 20.33
0, 0, 0.000, 0.001, 0.000, 0.000, 0.033, 0.000, 0.000, 0.551, -1.031, 0.446, 0.000, 20.29
0, 0, 0.000, 0.006, 0.000, 0.000, 0.133, 0.000, 0.000, 0.524, -1.128, 0.466, 0.000, 20.24
0, 0, 0.000, 0.009, 0.000, 0.000, 0.230, 0.000, 0.000, 0.498, -1.225, 0.488, 0.000, 20.19
0, 0, 0.000, 0.012, 0.000, 0.000, 0.324, 0.000, 0.000, 0.474, -1.322, 0.512, -0.000, 20.14
0, 0, 0.000, 0.015, 0.000, 0.000, 0.417, 0.000, 0.000, 0.451, -1.420, 0.537, 0.000, 20.09
0, 0, 0.000, 0.017, 0.000, 0.000, 0.507, 0.000, 0.000, 0.430, -1.519, 0.564, 0.000, 20.03
1, 1, 0.000, 0.054, 0.000, 0.000, 1.662, 0.000, 0.000, 2.907, -19.612, 0.306, -14.683, 20.00
1, 1, 0.000, 0.041, 0.000, 0.000, 1.316, 0.000, 0.000, 3.041, -20.886, 0.000, -16.487, 20.00
1, 1, 0.000, 0.037, 0.000, 0.000, 1.240, 0.000, 0.000, 3.146, -21.526, 0.000, -17.103, 20.00
1, 1, 0.000, 0.045, 0.000, 0.000, 1.431, 0.000, 0.000, 3.234, -18.980, 0.000, -14.270, 20.00
1, 1, 0.000, 0.055, 0.000, 0.000, 1.641, 0.000, 0.000, 3.311, -16.474, 0.000, -11.467, 20.00
1, 1, 0.000, 0.071, 0.000, 0.000, 1.985, 0.000, 0.000, 3.381, -14.009, 0.000, -8.571, 20.00
1, 1, 0.000, 0.092, 0.000, 0.000, 2.348, 0.000, 0.000, 3.445, -11.582, 0.000, -5.697, 20.00
1, 1, 0.000, 0.137, 0.000, 0.000, 3.344, 0.000, 0.000, 3.504, -10.383, 0.000, -3.398, 20.00
0, 0, 0.000, 0.087, 0.000, 0.000, 2.043, 0.000, 0.000, 1.061, -0.780, -2.411, 0.000, 20.24
0, 0, 0.000, 0.043, 0.000, 0.000, 1.039, 0.000, 0.000, 0.958, -0.839, -1.201, -0.000, 20.36
0, 0, 0.000, 0.021, 0.000, 0.000, 0.538, 0.000, 0.000, 0.883, -0.943, -0.500, -0.000, 20.41
0, 0, 0.000, -0.000, 0.000, 0.000, -0.010, 0.000, 0.000, 0.823, -1.090, 0.277, -0.000, 20.38
0, 0, 0.000, -0.006, 0.000, 0.000, -0.158, 0.000, 0.000, 0.772, -1.136, 0.528, 0.000, 20.33
0, 0, 0.000, -0.005, 0.000, 0.000, -0.135, 0.000, 0.000, 0.726, -1.131, 0.544, 0.000, 20.28
0, 0, 0.000, -0.002, 0.000, 0.000, -0.060, 0.000, 0.000, 0.686, -1.126, 0.503, -0.000, 20.23
0, 0, 0.000, 0.001, 0.000, 0.000, 0.030, 0.000, 0.000, 0.649, -1.173, 0.493, 0.000, 20.18
0, 0, 0.000, 0.004, 0.000, 0.000, 0.110, 0.000, 0.000, 0.614, -1.169, 0.441, 0.000, 20.13
0, 0, 0.000, 0.006, 0.000, 0.000, 0.174, 0.000, 0.000, 0.583, -1.165, 0.402, -0.000, 20.09
0, 0, 0.000, 0.008, 0.000, 0.000, 0.225, 0.000, 0.000, 0.554, -1.162, 0.375, 0.000, 20.05
0, 0, 0.000, 0.009, 0.000, 0.000, 0.266, 0.000, 0.000, 0.526, -1.159, 0.357, 0.000, 20.02
0, 0, 0.000, 0.010, 0.000, 0.000, 0.290, 0.000, 0.000, 0.501, -1.106, 0.306, -0.000, 19.99
0, 0, 0.000, 0.011, 0.000, 0.000, 0.309, 0.000, 0.000, 0.476, -1.103, 0.307, 0.000, 19.96
0, 0, 0.000, 0.011, 0.000, 0.000, 0.326, 0.000, 0.000, 0.453, -1.101, 0.310, -0.000, 19.93
0, 0, 0.000, 0.012, 0.000, 0.000, 0.342, 0.000, 0.000, 0.432, -1.098, 0.312, 0.000, 19.90
1, 1, 0.000, 0.041, 0.000, 0.000, 1.166, 0.000, 0.000, 2.909, -12.791, -1.044, -9.718, 20.00
1, 1, 0.000, 0.035, 0.000, 0.000, 0.995, 0.000, 0.000, 3.043, -12.791, 0.000, -8.717, 20.00
1, 1, 0.000, 0.030, 0.000, 0.000, 0.870, 0.000, 0.000, 3.148, -12.791, 0.000, -8.743, 20.00
1, 1, 0.000, 0.033, 0.000, 0.000, 0.907, 0.000, 0.000, 3.236, -11.582, 0.000, -7.407, 20.00
1, 1, 0.000, 0.034, 0.000, 0.000, 0.892, 0.000, 0.000, 3.313, -10.383, 0.000, -6.144, 20.00
1, 1, 0.000, 0.036, 0.000, 0.000, 0.914, 0.000, 0.000, 3.383, -9.193, 0.000, -4.861, 20.00
1, 1, 0.000, 0.046, 0.000, 0.000, 1.081, 0.000, 0.000, 3.446, -7.426, 0.000, -2.852, 20.00
1, 1, 0.000, 0.058, 0.000, 0.000, 1.276, 0.000, 0.000, 3.505, -6.259, 0.000, -1.421, 20.00
0, 0, 0.000, 0.019, 0.000, 0.000, 0.401, 0.000, 0.000, 1.062, -0.478, -1.004, -0.000, 20.10
0, 0, 0.000, 0.002, 0.000, 0.000, 0.036, 0.000, 0.000, 0.960, -0.482, -0.515, 0.000, 20.15
0, 0, 0.000, -0.011, 0.000, 0.000, -0.236, 0.000, 0.000, 0.884, -0.531, -0.106, -0.000, 20.16
0, 0, 0.000, -0.019, 0.000, 0.000, -0.418, 0.000, 0.000, 0.824, -0.625, 0.238, -0.000, 20.14
0, 0, 0.000, -0.019, 0.000, 0.000, -0.436, 0.000, 0.000, 0.773, -0.671, 0.353, 0.000, 20.10
0, 0, 0.000, -0.017, 0.000, 0.000, -0.389, 0.000, 0.000, 0.727, -0.668, 0.346, 0.000, 20.07
0, 0, 0.000, -0.014, 0.000, 0.000, -0.318, 0.000, 0.000, 0.687, -0.713, 0.358, -0.000, 20.03
0, 0, 0.000, -0.010, 0.000, 0.000, -0.241, 0.000, 0.000, 0.650, -0.759, 0.361, -0.000, 20.00
0, 0, 0.000, -0.007, 0.000, 0.000, -0.166, 0.000, 0.000, 0.615, -0.805, 0.363, -0.000, 19.96
0, 0, 0.000, -0.004, 0.000, 0.000, -0.096, 0.000, 0.000, 0.584, -0.851, 0.367, 0.000, 19.92
0, 0, 0.000, -0.001, 0.000, 0.000, -0.029, 0.000, 0.000, 0.555, -0.897, 0.373, -0.000, 19.89
0, 0, 0.000, 0.001, 0.000, 0.000, 0.034, 0.000, 0.000, 0.527, -0.944, 0.381, -0.000, 19.85
0, 0, 0.000, 0.004, 0.000, 0.000, 0.094, 0.000, 0.000, 0.501, -0.990, 0.392, -0.000, 19.81
0, 0, 0.000, 0.006, 0.000, 0.000, 0.161, 0.000, 0.000, 0.477, -1.087, 0.443, -0.000, 19.77
0, 0, 0.000, 0.008, 0.000, 0.000, 0.224, 0.000, 0.000, 0.454, -1.133, 0.447, 0.000, 19.72
0, 0, 0.000, 0.010, 0.000, 0.000, 0.293, 0.000, 0.000, 0.432, -1.230, 0.494, -0.000, 19.67
1, 1, 0.000, -0.002, 0.000, 0.000, -0.052, 0.000, 0.000, 0.412, -1.310, -3.291, -4.243, 20.00
1, 1, 0.000, -0.001, 0.000, 0.000, -0.016, 0.000, 0.000, 0.393, -1.412, 0.000, -1.036, 20.00
1, 1, 0.000, 0.000, 0.000, 0.000, 0.005, 0.000, 0.000, 0.374, -1.412, 0.000, -1.034, 20.00
1, 1, 0.000, 0.001, 0.000, 0.000, 0.017, 0.000, 0.000, 0.357, -1.310, 0.000, -0.936, 20.00
1, 1, 0.000, 0.001, 0.000, 0.000, 0.024, 0.000, 0.000, 0.340, -1.259, 0.000, -0.893, 20.00
1, 1, 0.000, 0.001, 0.000, 0.000, 0.030, 0.000, 0.000, 0.324, -1.157, 0.000, -0.802, 20.00
1, 1, 0.000, 0.001, 0.000, 0.000, 0.042, 0.000, 0.000, 0.309, -1.057, 0.000, -0.704, 20.00
1, 1, 0.000, 0.003, 0.000, 0.000, 0.069, 0.000, 0.000, 0.295, -1.007, 0.000, -0.641, 20.00
0, 0, 0.000, 0.002, 0.000, 0.000, 0.058, 0.000, 0.000, 0.282, -0.952, 0.609, 0.000, 19.94
0, 0, 0.000, 0.009, 0.000, 0.000, 0.235, 0.000, 0.000, 0.269, -0.899, 0.386, 0.000, 19.90
0, 0, 0.000, 0.010, 0.000, 0.000, 0.255, 0.000, 0.000, 0.256, -0.945, 0.424, -0.000, 19.86
0, 0, 0.000, 0.005, 0.000, 0.000, 0.130, 0.000, 0.000, 0.244, -0.989, 0.610, 0.000, 19.80
0, 0, 0.000, 0.005, 0.000, 0.000, 0.145, 0.000, 0.000, 0.233, -1.034, 0.650, 0.000, 19.73
0, 0, 0.000, 0.008, 0.000, 0.000, 0.220, 0.000, 0.000, 0.222, -1.078, 0.628, 0.000, 19.67
0, 0, 0.000, 0.011, 0.000, 0.000, 0.308, 0.000, 0.000, 0.212, -1.123, 0.593, -0.000, 19.61
0, 0, 0.000, 0.013, 0.000, 0.000, 0.390, 0.000, 0.000, 0.202, -1.169, 0.564, -0.000, 19.55
0, 0, 0.000, 0.015, 0.000, 0.000, 0.463, 0.000, 0.000, 0.193, -1.215, 0.544, 0.000, 19.50
0, 0, 0.000, 0.017, 0.000, 0.000, 0.516, 0.000, 0.000, 0.184, -1.211, 0.494, 0.000, 19.45
0, 0, 0.000, 0.018, 0.000, 0.000, 0.564, 0.000, 0.000, 0.176, -1.257, 0.499, -0.000, 19.40
0, 0, 0.000, 0.019, 0.000, 0.000, 0.610, 0.000, 0.000, 0.168, -1.304, 0.508, -0.000, 19.35
0, 0, 0.000, 0.020, 0.000, 0.000, 0.653, 0.000, 0.000, 0.160, -1.351, 0.518, -0.000, 19.30
0, 0, 0.000, 0.021, 0.000, 0.000, 0.684, 0.000, 0.000, 0.152, -1.347, 0.489, 0.000, 19.25
0, 0, 0.000, 0.022, 0.000, 0.000, 0.716, 0.000, 0.000, 0.145, -1.394, 0.511, 0.000, 19.20
0, 0, 0.000, 0.022, 0.000, 0.000, 0.750, 0.000, 0.000, 0.139, -1.441, 0.530, 0.000, 19.14
1, 1, 0.000, -0.055, 0.000, 0.000, -1.916, 0.000, 0.000, 2.630, -18.980, -8.558, -26.879, 20.00
1, 1, 0.000, -0.049, 0.000, 0.000, -1.720, 0.000, 0.000, 2.778, -18.980, 0.000, -17.971, 20.00
1, 1, 0.000, -0.044, 0.000, 0.000, -1.584, 0.000, 0.000, 2.895, -19.612, 0.000, -18.347, 20.00
1, 1, 0.000, -0.042, 0.000, 0.000, -1.456, 0.000, 0.000, 2.994, -17.722, 0.000, -16.226, 20.00
1, 1, 0.000, -0.040, 0.000, 0.000, -1.352, 0.000, 0.000, 3.083, -16.474, 0.000, -14.783, 20.00
1, 1, 0.000, -0.039, 0.000, 0.000, -1.259, 0.000, 0.000, 3.163, -15.237, 0.000, -13.371, 20.00
1, 1, 0.000, -0.037, 0.000, 0.000, -1.176, 0.000, 0.000, 3.237, -14.009, 0.000, -11.985, 20.00
1, 1, 0.000, -0.034, 0.000, 0.000, -1.006, 0.000, 0.000, 3.306, -12.791, 0.000, -10.525, 20.00
0, 0, 0.000, -0.021, 0.000, 0.000, -0.616, 0.000, 0.000, 0.872, -0.951, 0.716, 0.000, 19.93
0, 0, 0.000, -0.015, 0.000, 0.000, -0.447, 0.000, 0.000, 0.778, -0.945, 0.629, -0.000, 19.87
0, 0, 0.000, -0.015, 0.000, 0.000, -0.455, 0.000, 0.000, 0.711, -0.989, 0.748, -0.000, 19.79
0, 0, 0.000, -0.015, 0.000, 0.000, -0.467, 0.000, 0.000, 0.659, -1.081, 0.904, -0.000, 19.70
0, 0, 0.000, -0.011, 0.000, 0.000, -0.354, 0.000, 0.000, 0.615, -1.124, 0.874, 0.000, 19.61
0, 0, 0.000, -0.007, 0.000, 0.000, -0.210, 0.000, 0.000, 0.577, -1.117, 0.757, -0.000, 19.54
0, 0, 0.000, -0.002, 0.000, 0.000, -0.071, 0.000, 0.000, 0.543, -1.162, 0.691, -0.000, 19.47
0, 0, 0.000, 0.002, 0.000, 0.000, 0.052, 0.000, 0.000, 0.513, -1.207, 0.641, -0.000, 19.40
0, 0, 0.000, 0.005, 0.000, 0.000, 0.157, 0.000, 0.000, 0.485, -1.252, 0.606, -0.000, 19.34
0, 0, 0.000, 0.007, 0.000, 0.000, 0.237, 0.000, 0.000, 0.459, -1.248, 0.544, 0.000, 19.29
0, 0, 0.000, 0.009, 0.000, 0.000, 0.307, 0.000, 0.000, 0.436, -1.294, 0.542, 0.000, 19.23
0, 0, 0.000, 0.011, 0.000, 0.000, 0.371, 0.000, 0.000, 0.414, -1.341, 0.545, 0.000, 19.18
0, 0, 0.000, 0.012, 0.000, 0.000, 0.430, 0.000, 0.000, 0.393, -1.387, 0.552, 0.000, 19.13
0, 0, 0.000, 0.014, 0.000, 0.000, 0.486, 0.000, 0.000, 0.374, -1.434, 0.560, -0.000, 19.07
0, 0, 0.000, 0.015, 0.000, 0.000, 0.539, 0.000, 0.000, 0.356, -1.481, 0.571, 0.000, 19.01
0, 0, 0.000, 0.016, 0.000, 0.000, 0.590, 0.000, 0.000, 0.339, -1.528, 0.583, -0.000, 18.95
1, 1, 0.000, -0.079, 0.000, 0.000, -2.941, 0.000, 0.000, 2.820, -20.248, -10.463, -30.910, 20.00
1, 1, 0.000, -0.071, 0.000, 0.000, -2.678, 0.000, 0.000, 2.959, -20.886, 0.000, -20.676, 20.00
1, 1, 0.000, -0.065, 0.000, 0.000, -2.478, 0.000, 0.000, 3.067, -20.886, 0.000, -20.362, 20.00
1, 1, 0.000, -0.062, 0.000, 0.000, -2.304, 0.000, 0.000, 3.159, -19.612, 0.000, -18.820, 20.00
1, 1, 0.000, -0.059, 0.000, 0.000, -2.154, 0.000, 0.000, 3.239, -18.350, 0.000, -17.323, 20.00
1, 1, 0.000, -0.056, 0.000, 0.000, -2.025, 0.000, 0.000, 3.312, -17.722, 0.000, -16.490, 20.00
1, 1, 0.000, -0.055, 0.000, 0.000, -1.902, 0.000, 0.000, 3.379, -16.474, 0.000, -15.051, 20.00
1, 1, 0.000, -0.053, 0.000, 0.000, -1.789, 0.000, 0.000, 3.441, -15.237, 0.000, -13.638, 20.00
0, 0, 0.000, -0.046, 0.000, 0.000, -1.540, 0.000, 0.000, 1.001, -1.192, 1.777, -0.000, 19.82
0, 0, 0.000, -0.034, 0.000, 0.000, -1.150, 0.000, 0.000, 0.902, -1.230, 1.512, 0.000, 19.67
0, 0, 0.000, -0.024, 0.000, 0.000, -0.797, 0.000, 0.000, 0.829, -1.220, 1.211, -0.000, 19.55
0, 0, 0.000, -0.016, 0.000, 0.000, -0.567, 0.000, 0.000, 0.771, -1.312, 1.123, 0.000, 19.44
0, 0, 0.000, -0.010, 0.000, 0.000, -0.365, 0.000, 0.000, 0.722, -1.303, 0.956, 0.000, 19.34
0, 0, 0.000, -0.005, 0.000, 0.000, -0.179, 0.000, 0.000, 0.679, -1.347, 0.852, 0.000, 19.26
0, 0, 0.000, -0.001, 0.000, 0.000, -0.021, 0.000, 0.000, 0.641, -1.392, 0.773, -0.000, 19.18
0, 0, 0.000, 0.003, 0.000, 0.000, 0.100, 0.000, 0.000, 0.606, -1.386, 0.677, 0.000, 19.11
0, 0, 0.000, 0.005, 0.000, 0.000, 0.201, 0.000, 0.000, 0.574, -1.432, 0.651, 0.000, 19.05
0, 0, 0.000, 0.008, 0.000, 0.000, 0.289, 0.000, 0.000, 0.544, -1.478, 0.638, -0.000, 18.98
0, 0, 0.000, 0.009, 0.000, 0.000, 0.355, 0.000, 0.000, 0.517, -1.473, 0.592, 0.000, 18.92
0, 0, 0.000, 0.011, 0.000, 0.000, 0.417, 0.000, 0.000, 0.491, -1.520, 0.601, 0.000, 18.86
0, 0, 0.000, 0.012, 0.000, 0.000, 0.475, 0.000, 0.000, 0.467, -1.567, 0.613, -0.000, 18.80
0, 0, 0.000, 0.013, 0.000, 0.000, 0.521, 0.000, 0.000, 0.444, -1.562, 0.583, -0.000, 18.74
0, 0, 0.000, 0.014, 0.000, 0.000, 0.567, 0.000, 0.000, 0.423, -1.609, 0.605, 0.000, 18.68
0, 0, 0.000, 0.015, 0.000, 0.000, 0.603, 0.000, 0.000, 0.402, -1.603, 0.583, -0.000, 18.63
1, 1, 0.000, -0.107, 0.000, 0.000, -4.300, 0.000, 0.000, 2.881, -21.526, -13.748, -36.800, 20.00
1, 1, 0.000, -0.096, 0.000, 0.000, -3.929, 0.000, 0.000, 3.017, -22.169, 0.000, -23.177, 20.00
1, 1, 0.000, -0.088, 0.000, 0.000, -3.644, 0.000, 0.000, 3.122, -22.169, 0.000, -22.779, 20.00
1, 1, 0.000, -0.085, 0.000, 0.000, -3.393, 0.000, 0.000, 3.211, -20.248, 0.000, -20.514, 20.00
1, 1, 0.000, -0.084, 0.000, 0.000, -3.167, 0.000, 0.000, 3.290, -17.722, 0.000, -17.683, 20.00
1, 1, 0.000, -0.083, 0.000, 0.000, -2.964, 0.000, 0.000, 3.361, -15.237, 0.000, -14.924, 20.00
1, 1, 0.000, -0.082, 0.000, 0.000, -2.765, 0.000, 0.000, 3.425, -13.398, 0.000, -12.821, 20.00
1, 1, 0.000, -0.054, 0.000, 0.000, -1.737, 0.000, 0.000, 3.485, -12.185, 0.000, -10.491, 20.00
0, 0, 0.000, -0.034, 0.000, 0.000, -1.051, 0.000, 0.000, 1.043, -0.899, 0.942, 0.000, 19.91
0, 0, 0.000, -0.025, 0.000, 0.000, -0.756, 0.000, 0.000, 0.941, -0.893, 0.732, -0.000, 19.83
0, 0, 0.000, -0.019, 0.000, 0.000, -0.598, 0.000, 0.000, 0.867, -0.986, 0.736, 0.000, 19.76
0, 0, 0.000, -0.024, 0.000, 0.000, -0.785, 0.000, 0.000, 0.807, -1.077, 1.078, 0.000, 19.65
0, 0, 0.000, -0.021, 0.000, 0.000, -0.692, 0.000, 0.000, 0.757, -1.168, 1.123, -0.000, 19.54
0, 0, 0.000, -0.015, 0.000, 0.000, -0.507, 0.000, 0.000, 0.712, -1.159, 0.969, -0.000, 19.44
0, 0, 0.000, -0.009, 0.000, 0.000, -0.316, 0.000, 0.000, 0.672, -1.203, 0.856, -0.000, 19.36
0, 0, 0.000, -0.004, 0.000, 0.000, -0.147, 0.000, 0.000, 0.636, -1.247, 0.763, -0.000, 19.28
0, 0, 0.000, -0.000, 0.000, 0.000, -0.015, 0.000, 0.000, 0.602, -1.241, 0.655, -0.000, 19.21
0, 0, 0.000, 0.003, 0.000, 0.000, 0.095, 0.000, 0.000, 0.571, -1.287, 0.618, -0.000, 19.15
0, 0, 0.000, 0.005, 0.000, 0.000, 0.188, 0.000, 0.000, 0.543, -1.333, 0.597, -0.000, 19.09
0, 0, 0.000, 0.007, 0.000, 0.000, 0.260, 0.000, 0.000, 0.516, -1.328, 0.545, -0.000, 19.04
0, 0, 0.000, 0.009, 0.000, 0.000, 0.324, 0.000, 0.000, 0.490, -1.375, 0.551, 0.000, 18.98
0, 0, 0.000, 0.011, 0.000, 0.000, 0.385, 0.000, 0.000, 0.467, -1.422, 0.559, 0.000, 18.93
0, 0, 0.000, 0.012, 0.000, 0.000, 0.432, 0.000, 0.000, 0.444, -1.417, 0.529, -0.000, 18.87
0, 0, 0.000, 0.013, 0.000, 0.000, 0.479, 0.000, 0.000, 0.423, -1.464, 0.549, 0.000, 18.82
1, 1, 0.000, -0.106, 0.000, 0.000, -4.022, 0.000, 0.000, 2.901, -19.612, -11.802, -32.641, 20.00
1, 1, 0.000, -0.096, 0.000, 0.000, -3.690, 0.000, 0.000, 3.035, -20.248, 0.000, -20.998, 20.00
1, 1, 0.000, -0.088, 0.000, 0.000, -3.432, 0.000, 0.000, 3.140, -20.248, 0.000, -20.628, 20.00
1, 1, 0.000, -0.085, 0.000, 0.000, -3.201, 0.000, 0.000, 3.228, -18.350, 0.000, -18.407, 20.00
1, 1, 0.000, -0.085, 0.000, 0.000, -2.990, 0.000, 0.000, 3.306, -15.854, 0.000, -15.624, 20.00
1, 1, 0.000, -0.081, 0.000, 0.000, -2.578, 0.000, 0.000, 3.376, -12.185, 0.000, -11.468, 20.00
1, 1, 0.000, -0.079, 0.000, 0.000, -2.398, 0.000, 0.000, 3.440, -10.981, 0.000, -10.018, 20.00
1, 1, 0.000, -0.075, 0.000, 0.000, -2.252, 0.000, 0.000, 3.499, -10.383, 0.000, -9.211, 20.00
0, 0, 0.000, -0.057, 0.000, 0.000, -1.730, 0.000, 0.000, 1.056, -0.893, 1.625, 0.000, 19.84
0, 0, 0.000, -0.040, 0.000, 0.000, -1.192, 0.000, 0.000, 0.954, -0.883, 1.161, 0.000, 19.72
0, 0, 0.000, -0.022, 0.000, 0.000, -0.677, 0.000, 0.000, 0.879, -0.926, 0.747, 0.000, 19.65
0, 0, 0.000, -0.022, 0.000, 0.000, -0.673, 0.000, 0.000, 0.819, -1.018, 0.894, -0.000, 19.56
0, 0, 0.000, -0.018, 0.000, 0.000, -0.567, 0.000, 0.000, 0.768, -1.061, 0.878, 0.000, 19.47
0, 0, 0.000, -0.013, 0.000, 0.000, -0.407, 0.000, 0.000, 0.723, -1.104, 0.801, -0.000, 19.39
0, 0, 0.000, -0.008, 0.000, 0.000, -0.249, 0.000, 0.000, 0.682, -1.149, 0.723, -0.000, 19.32
0, 0, 0.000, -0.004, 0.000, 0.000, -0.120, 0.000, 0.000, 0.645, -1.143, 0.621, -0.000, 19.26
0, 0, 0.000, -0.000, 0.000, 0.000, -0.010, 0.000, 0.000, 0.612, -1.189, 0.587, -0.000, 19.20
0, 0, 0.000, 0.002, 0.000, 0.000, 0.076, 0.000, 0.000, 0.580, -1.184, 0.526, -0.000, 19.14
0, 0, 0.000, 0.004, 0.000, 0.000, 0.151, 0.000, 0.000, 0.551, -1.230, 0.524, 0.000, 19.09
0, 0, 0.000, 0.006, 0.000, 0.000, 0.219, 0.000, 0.000, 0.524, -1.277, 0.527, 0.000, 19.04
0, 0, 0.000, 0.008, 0.000, 0.000, 0.273, 0.000, 0.000, 0.498, -1.273, 0.494, -0.000, 18.99
0, 0, 0.000, 0.009, 0.000, 0.000, 0.325, 0.000, 0.000, 0.474, -1.319, 0.511, -0.000, 18.94
0, 0, 0.000, 0.011, 0.000, 0.000, 0.377, 0.000, 0.000, 0.451, -1.366, 0.527, 0.000, 18.89
0, 0, 0.000, 0.012, 0.000, 0.000, 0.428, 0.000, 0.000, 0.430, -1.413, 0.543, 0.000, 18.83
1, 1, 0.000, -0.112, 0.000, 0.000, -4.047, 0.000, 0.000, 2.907, -18.350, -11.689, -31.291, 20.00
1, 1, 0.000, -0.101, 0.000, 0.000, -3.715, 0.000, 0.000, 3.041, -18.980, 0.000, -19.755, 20.00
1, 1, 0.000, -0.094, 0.000, 0.000, -3.456, 0.000, 0.000, 3.146, -18.980, 0.000, -19.384, 20.00
1, 1, 0.000, -0.090, 0.000, 0.000, -3.230, 0.000, 0.000, 3.234, -17.722, 0.000, -17.807, 20.00
1, 1, 0.000, -0.088, 0.000, 0.000, -3.024, 0.000, 0.000, 3.311, -15.854, 0.000, -15.655, 20.00
1, 1, 0.000, -0.086, 0.000, 0.000, -2.839, 0.000, 0.000, 3.381, -14.009, 0.000, -13.553, 20.00
1, 1, 0.000, -0.085, 0.000, 0.000, -2.675, 0.000, 0.000, 3.445, -12.791, 0.000, -12.105, 20.00
1, 1, 0.000, -0.083, 0.000, 0.000, -2.523, 0.000, 0.000, 3.504, -11.582, 0.000, -10.685, 20.00
0, 0, 0.000, -0.059, 0.000, 0.000, -1.737, 0.000, 0.000, 1.061, -0.893, 1.629, -0.000, 19.84
0, 0, 0.000, -0.042, 0.000, 0.000, -1.233, 0.000, 0.000, 0.958, -0.883, 1.200, 0.000, 19.72
0, 0, 0.000, -0.027, 0.000, 0.000, -0.789, 0.000, 0.000, 0.883, -0.925, 0.857, -0.000, 19.63
0, 0, 0.000, -0.024, 0.000, 0.000, -0.750, 0.000, 0.000, 0.823, -1.016, 0.968, 0.000, 19.53
0, 0, 0.000, -0.020, 0.000, 0.000, -0.618, 0.000, 0.000, 0.772, -1.059, 0.924, -0.000, 19.44
0, 0, 0.000, -0.014, 0.000, 0.000, -0.452, 0.000, 0.000, 0.726, -1.052, 0.792, -0.000, 19.36
0, 0, 0.000, -0.009, 0.000, 0.000, -0.293, 0.000, 0.000, 0.686, -1.096, 0.713, 0.000, 19.29
0, 0, 0.000, -0.005, 0.000, 0.000, -0.165, 0.000, 0.000, 0.649, -1.091, 0.612, 0.000, 19.23
0, 0, 0.000, -0.002, 0.000, 0.000, -0.055, 0.000, 0.000, 0.614, -1.136, 0.578, -0.000, 19.17
0, 0, 0.000, 0.001, 0.000, 0.000, 0.030, 0.000, 0.000, 0.583, -1.131, 0.518, -0.000, 19.12
0, 0, 0.000, 0.003, 0.000, 0.000, 0.094, 0.000, 0.000, 0.554, -1.127, 0.476, 0.000, 19.07
0, 0, 0.000, 0.005, 0.000, 0.000, 0.155, 0.000, 0.000, 0.526, -1.174, 0.488, 0.000, 19.02
0, 0, 0.000, 0.006, 0.000, 0.000, 0.203, 0.000, 0.000, 0.501, -1.170, 0.460, -0.000, 18.98
0, 0, 0.000, 0.008, 0.000, 0.000, 0.251, 0.000, 0.000, 0.476, -1.216, 0.482, -0.000, 18.93
0, 0, 0.000, 0.009, 0.000, 0.000, 0.290, 0.000, 0.000, 0.453, -1.212, 0.460, -0.000, 18.88
0, 0, 0.000, 0.010, 0.000, 0.000, 0.321, 0.000, 0.000, 0.432, -1.208, 0.446, 0.000, 18.84
1, 1, 0.000, -0.121, 0.000, 0.000, -4.097, 0.000, 0.000, 2.909, -16.474, -11.605, -29.388, 20.00
1, 1, 0.000, -0.110, 0.000, 0.000, -3.756, 0.000, 0.000, 3.043, -16.474, 0.000, -17.298, 20.00
1, 1, 0.000, -0.102, 0.000, 0.000, -3.495, 0.000, 0.000, 3.148, -16.474, 0.000, -16.924, 20.00
1, 1, 0.000, -0.097, 0.000, 0.000, -3.272, 0.000, 0.000, 3.236, -15.854, 0.000, -15.988, 20.00
1, 1, 0.000, -0.096, 0.000, 0.000, -3.064, 0.000, 0.000, 3.313, -14.009, 0.000, -13.856, 20.00
1, 1, 0.000, -0.096, 0.000, 0.000, -2.870, 0.000, 0.000, 3.383, -11.582, 0.000, -11.166, 20.00
1, 1, 0.000, -0.093, 0.000, 0.000, -2.710, 0.000, 0.000, 3.446, -10.981, 0.000, -10.338, 20.00
1, 1, 0.000, -0.090, 0.000, 0.000, -2.563, 0.000, 0.000, 3.505, -10.383, 0.000, -9.531, 20.00
0, 0, 0.000, -0.070, 0.000, 0.000, -1.940, 0.000, 0.000, 1.062, -0.794, 1.742, -0.000, 19.83
0, 0, 0.000, -0.051, 0.000, 0.000, -1.435, 0.000, 0.000, 0.960, -0.831, 1.358, 0.000, 19.69
0, 0, 0.000, -0.036, 0.000, 0.000, -1.005, 0.000, 0.000, 0.884, -0.823, 0.979, -0.000, 19.59
0, 0, 0.000, -0.029, 0.000, 0.000, -0.838, 0.000, 0.000, 0.824, -0.913, 0.956, -0.000, 19.50
0, 0, 0.000, -0.023, 0.000, 0.000, -0.662, 0.000, 0.000, 0.773, -0.956, 0.868, 0.000, 19.41
0, 0, 0.000, -0.017, 0.000, 0.000, -0.489, 0.000, 0.000, 0.727, -0.949, 0.728, 0.000, 19.34
0, 0, 0.000, -0.012, 0.000, 0.000, -0.346, 0.000, 0.000, 0.687, -0.944, 0.615, 0.000, 19.28
0, 0, 0.000, -0.008, 0.000, 0.000, -0.233, 0.000, 0.000, 0.650, -0.940, 0.531, -0.000, 19.22
0, 0, 0.000, -0.005, 0.000, 0.000, -0.136, 0.000, 0.000, 0.615, -0.985, 0.511, -0.000, 19.17
0, 0, 0.000, -0.002, 0.000, 0.000, -0.061, 0.000, 0.000, 0.584, -0.981, 0.460, 0.000, 19.13
0, 0, 0.000, -0.000, 0.000, 0.000, -0.003, 0.000, 0.000, 0.555, -0.977, 0.426, -0.000, 19.08
0, 0, 0.000, 0.001, 0.000, 0.000, 0.043, 0.000, 0.000, 0.527, -0.974, 0.402, 0.000, 19.04
0, 0, 0.000, 0.003, 0.000, 0.000, 0.080, 0.000, 0.000, 0.501, -0.971, 0.386, -0.000, 19.00
0, 0, 0.000, 0.004, 0.000, 0.000, 0.120, 0.000, 0.000, 0.477, -1.017, 0.415, 0.000, 18.96
0, 0, 0.000, 0.005, 0.000, 0.000, 0.154, 0.000, 0.000, 0.454, -1.014, 0.400, -0.000, 18.92
0, 0, 0.000, 0.006, 0.000, 0.000, 0.183, 0.000, 0.000, 0.432, -1.010, 0.389, 0.000, 18.88
1, 1, 0.000, -0.136, 0.000, 0.000, -4.075, 0.000, 0.000, 0.412, -1.107, -11.167, -16.073, 20.00
1, 1, 0.000, -0.124, 0.000, 0.000, -3.741, 0.000, 0.000, 0.393, -1.107, 0.000, -4.580, 20.00
1, 1, 0.000, -0.116, 0.000, 0.000, -3.483, 0.000, 0.000, 0.374, -1.107, 0.000, -4.332, 20.00
1, 1, 0.000, -0.110, 0.000, 0.000, -3.267, 0.000, 0.000, 0.357, -1.057, 0.000, -4.077, 20.00
1, 1, 0.000, -0.110, 0.000, 0.000, -3.072, 0.000, 0.000, 0.340, -0.907, 0.000, -3.749, 20.00
1, 1, 0.000, -0.108, 0.000, 0.000, -2.898, 0.000, 0.000, 0.324, -0.809, 0.000, -3.491, 20.00
1, 1, 0.000, -0.106, 0.000, 0.000, -2.741, 0.000, 0.000, 0.309, -0.759, 0.000, -3.297, 20.00
1, 1, 0.000, -0.105, 0.000, 0.000, -2.595, 0.000, 0.000, 0.295, -0.662, 0.000, -3.066, 20.00
0, 0, 0.000, -0.071, 0.000, 0.000, -1.736, 0.000, 0.000, 0.282, -0.644, 2.169, -0.000, 19.78
0, 0, 0.000, -0.042, 0.000, 0.000, -1.002, 0.000, 0.000, 0.269, -0.584, 1.360, -0.000, 19.65
0, 0, 0.000, -0.025, 0.000, 0.000, -0.591, 0.000, 0.000, 0.256, -0.576, 0.935, 0.000, 19.55
0, 0, 0.000, -0.020, 0.000, 0.000, -0.483, 0.000, 0.000, 0.244, -0.617, 0.875, 0.000, 19.47
0, 0, 0.000, -0.013, 0.000, 0.000, -0.332, 0.000, 0.000, 0.233, -0.707, 0.819, 0.000, 19.38
0, 0, 0.000, -0.008, 0.000, 0.000, -0.187, 0.000, 0.000, 0.222, -0.701, 0.674, 0.000, 19.32
0, 0, 0.000, -0.002, 0.000, 0.000, -0.059, 0.000, 0.000, 0.212, -0.745, 0.595, -0.000, 19.26
0, 0, 0.000, 0.002, 0.000, 0.000, 0.047, 0.000, 0.000, 0.202, -0.789, 0.538, 0.000, 19.20
0, 0, 0.000, 0.005, 0.000, 0.000, 0.136, 0.000, 0.000, 0.193, -0.834, 0.500, 0.000, 19.15
0, 0, 0.000, 0.008, 0.000, 0.000, 0.210, 0.000, 0.000, 0.184, -0.880, 0.478, -0.000, 19.11
0, 0, 0.000, 0.010, 0.000, 0.000, 0.273, 0.000, 0.000, 0.176, -0.925, 0.466, -0.000, 19.06
0, 0, 0.000, 0.012, 0.000, 0.000, 0.339, 0.000, 0.000, 0.168, -1.021, 0.502, 0.000, 19.01
0, 0, 0.000, 0.014, 0.000, 0.000, 0.398, 0.000, 0.000, 0.160, -1.067, 0.495, 0.000, 18.96
0, 0, 0.000, 0.016, 0.000, 0.000, 0.461, 0.000, 0.000, 0.152, -1.163, 0.535, 0.000, 18.91
0, 0, 0.000, 0.017, 0.000, 0.000, 0.527, 0.000, 0.000, 0.145, -1.260, 0.570, 0.000, 18.85
0, 0, 0.000, 0.019, 0.000, 0.000, 0.597, 0.000, 0.000, 0.139, -1.358, 0.603, 0.000, 18.79
1, 1, 0.000, -0.131, 0.000, 0.000, -4.268, 0.000, 0.000, 2.630, -18.350, -12.114, -32.232, 20.00
1, 1, 0.000, -0.116, 0.000, 0.000, -3.928, 0.000, 0.000, 2.778, -19.612, 0.000, -20.879, 20.00
1, 1, 0.000, -0.107, 0.000, 0.000, -3.657, 0.000, 0.000, 2.895, -19.612, 0.000, -20.482, 20.00
1, 1, 0.000, -0.104, 0.000, 0.000, -3.413, 0.000, 0.000, 2.994, -17.722, 0.000, -18.244, 20.00
1, 1, 0.000, -0.102, 0.000, 0.000, -3.113, 0.000, 0.000, 3.083, -14.621, 0.000, -14.753, 20.00
1, 1, 0.000, -0.095, 0.000, 0.000, -2.688, 0.000, 0.000, 3.163, -12.185, 0.000, -11.806, 20.00
1, 1, 0.000, -0.087, 0.000, 0.000, -2.248, 0.000, 0.000, 3.237, -9.787, 0.000, -8.885, 20.00
1, 1, 0.000, -0.045, 0.000, 0.000, -1.081, 0.000, 0.000, 3.306, -8.013, 0.000, -5.832, 20.00
0, 0, 0.000, -0.025, 0.000, 0.000, -0.576, 0.000, 0.000, 0.872, -0.611, 0.340, -0.000, 19.97
0, 0, 0.000, -0.018, 0.000, 0.000, -0.407, 0.000, 0.000, 0.778, -0.608, 0.255, 0.000, 19.94
0, 0, 0.000, -0.011, 0.000, 0.000, -0.272, 0.000, 0.000, 0.711, -0.703, 0.276, -0.000, 19.91
0, 0, 0.000, -0.024, 0.000, 0.000, -0.607, 0.000, 0.000, 0.659, -0.843, 0.815, -0.000, 19.83
0, 0, 0.000, -0.023, 0.000, 0.000, -0.604, 0.000, 0.000, 0.615, -0.934, 0.946, 0.000, 19.74
0, 0, 0.000, -0.017, 0.000, 0.000, -0.463, 0.000, 0.000, 0.577, -0.976, 0.879, 0.000, 19.65
0, 0, 0.000, -0.010, 0.000, 0.000, -0.290, 0.000, 0.000, 0.543, -1.020, 0.777, -0.000, 19.57
0, 0, 0.000, -0.005, 0.000, 0.000, -0.131, 0.000, 0.000, 0.513, -1.064, 0.686, 0.000, 19.50
0, 0, 0.000, 0.001, 0.000, 0.000, 0.016, 0.000, 0.000, 0.485, -1.159, 0.658, 0.000, 19.44
0, 0, 0.000, 0.005, 0.000, 0.000, 0.138, 0.000, 0.000, 0.459, -1.204, 0.603, 0.000, 19.38
