hci(W/m2K), hri(W/m2K), Taire interior(ºC), Tradiante interior(ºC), Carga sensible del espacio(W), hce(W/m2K), hre(W/m2K), Taire exterior(ºC), Tradiante exterior(ºC), Radiación Directa(W/m2), Radiación difusa(W/m2), Angulo Radiación Directa con la normal, Azimuth, Zenit, Caudal de aire (m3/s), Delta T ext-int (ºC)
2.00, 5.70, 18.43, 18.43, -4670.63, 20.00, 4.63, 2.22, -4.04, 0.00, 0.00, 0.00, 0.00, 90.00, 0, 0
2.00, 5.70, 18.41, 18.41, -4342.04, 20.00, 4.63, 9.44, 3.94, 0.00, 0.00, 0.00, 0.00, 90.00, 0, 0
2.00, 5.70, 18.43, 18.43, -4221.80, 20.00, 4.63, 11.67, 6.40, 0.00, 0.00, 0.00, 0.00, 90.00, 0, 0
2.00, 5.70, 18.41, 18.41, -4271.46, 20.00, 4.63, 11.11, 5.79, 0.00, 0.00, 0.00, 0.00, 90.00, 0, 0
2.00, 5.70, 18.37, 18.37, -4344.64, 20.00, 4.63, 10.56, 5.29, 0.00, 0.00, 0.00, 0.00, 90.00, 0, 0
2.00, 5.70, 18.31, 18.31, -4432.44, 20.00, 4.63, 10.00, 4.68, 0.00, 0.00, 0.00, 0.00, 90.00, 0, 0
2.00, 5.70, 20.00, 20.00, -4333.04, 20.00, 4.63, 10.00, 4.68, 0.00, 0.00, 0.00, 0.00, 90.00, 0, 0
2.00, 5.70, 20.00, 20.00, -4423.66, 20.00, 4.63, 9.44, 4.07, 0.00, 0.00, 0.00, 0.00, 90.00, 0, 0
2.00, 5.70, 20.00, 20.00, -4408.86, 20.00, 4.63, 9.44, 4.07, 0.00, 3.77, 0.00, 0.00, 90.00, 0, 0
2.00, 5.70, 20.00, 20.00, -4071.93, 20.00, 4.63, 10.56, 5.17, 0.00, 41.48, 39.19, -51.34, 83.01, 0, 0
2.00, 5.70, 20.08, 20.08, -1858.97, 20.00, 4.63, 11.67, 6.40, 273.87, 61.48, 51.67, -39.97, 74.87, 0, 0
2.00, 5.70, 20.00, 20.00, -2541.63, 20.00, 4.63, 13.33, 8.00, 146.77, 97.28, 64.98, -27.02, 68.58, 0, 0
2.00, 5.70, 20.00, 20.00, -2922.41, 20.00, 4.63, 13.89, 8.62, 16.78, 93.16, 78.64, -12.58, 64.72, 0, 0
2.00, 5.70, 20.00, 20.00, -3205.82, 20.00, 4.63, 13.33, 8.00, 0.00, 64.11, 0.00, 2.71, 63.74, 0, 0
2.00, 5.70, 19.63, 19.63, -3006.10, 20.00, 4.63, 12.22, 6.89, 0.00, 20.74, 0.00, 17.81, 65.77, 0, 0
2.00, 5.70, 19.43, 19.43, -3090.33, 20.00, 4.63, 12.22, 6.89, 0.00, 44.73, 0.00, 31.77, 70.55, 0, 0
2.00, 5.70, 19.30, 19.30, -3176.60, 20.00, 4.63, 12.22, 6.89, 0.00, 45.98, 0.00, 44.15, 77.56, 0, 0
2.00, 5.70, 19.14, 19.14, -3443.20, 20.00, 4.63, 11.67, 6.28, 0.00, 16.97, 0.00, 55.01, 86.22, 0, 0
2.00, 5.70, 18.99, 18.99, -3660.14, 20.00, 4.63, 11.11, 5.79, 0.00, 1.89, 0.00, 0.00, 90.00, 0, 0
2.00, 5.70, 18.87, 18.87, -3778.64, 20.00, 4.63, 11.11, 5.79, 0.00, 0.00, 0.00, 0.00, 90.00, 0, 0
2.00, 5.70, 18.77, 18.77, -3908.95, 20.00, 4.63, 10.56, 5.17, 0.00, 0.00, 0.00, 0.00, 90.00, 0, 0
2.00, 5.70, 18.68, 18.68, -3995.48, 20.00, 4.63, 10.56, 5.17, 0.00, 0.00, 0.00, 0.00, 90.00, 0, 0
2.00, 5.70, 18.59, 18.59, -4110.66, 20.00, 4.63, 10.00, 4.56, 0.00, 0.00, 0.00, 0.00, 90.00, 0, 0
2.00, 5.70, 18.51, 18.51, -4188.50, 20.00, 4.63, 10.00, 4.56, 0.00, 0.00, 0.00, 0.00, 90.00, 0, 0
2.00, 5.70, 18.44, 18.44, -4259.40, 20.00, 4.63, 10.00, 4.56, 0.00, 0.00, 0.00, 0.00, 90.00, 0, 0
2.00, 5.70, 18.36, 18.36, -4364.47, 20.00, 4.63, 9.44, 3.94, 0.00, 0.00, 0.00, 0.00, 90.00, 0, 0
2.00, 5.70, 18.28, 18.28, -4475.67, 20.00, 4.63, 8.89, 3.46, 0.00, 0.00, 0.00, 0.00, 90.00, 0, 0
2.00, 5.70, 18.19, 18.19, -4591.41, 20.00, 4.63, 8.33, 2.84, 0.00, 0.00, 0.00, 0.00, 90.00, 0, 0
2.00, 5.70, 18.09, 18.09, -4710.81, 20.00, 4.63, 7.78, 2.23, 0.00, 0.00, 0.00, 0.00, 90.00, 0, 0
2.00, 5.70, 18.01, 18.01, -4793.86, 20.00, 4.63, 7.78, 2.23, 0.00, 0.00, 0.00, 0.00, 90.00, 0, 0
2.00, 5.70, 20.00, 20.00, -4838.83, 20.00, 4.63, 7.22, 1.62, 0.00, 0.00, 0.00, 0.00, 90.00, 0, 0
2.00, 5.70, 20.00, 20.00, -4939.62, 20.00, 4.63, 6.67, 1.14, 0.00, 0.00, 0.00, 0.00, 90.00, 0, 0
2.00, 5.70, 20.00, 20.00, -4933.36, 20.00, 4.63, 6.67, 1.14, 0.00, 3.77, 0.00, 0.00, 90.00, 0, 0
2.00, 5.70, 20.00, 20.00, -4615.90, 20.00, 4.63, 7.78, 2.23, 0.00, 37.71, 39.06, -51.47, 83.01, 0, 0
2.00, 5.70, 20.00, 20.00, -2969.59, 20.00, 4.63, 9.44, 3.94, 182.43, 63.72, 51.55, -40.11, 74.86, 0, 0
2.00, 5.70, 20.00, 20.00, -3182.81, 20.00, 4.63, 11.11, 5.66, 119.27, 97.91, 64.86, -27.16, 68.55, 0, 0
2.00, 5.70, 20.00, 20.00, -3471.09, 20.00, 4.63, 11.67, 6.15, 15.68, 90.70, 78.53, -12.71, 64.66, 0, 0
2.00, 5.70, 20.00, 20.00, -3407.56, 20.00, 4.63, 11.67, 6.28, 0.00, 107.94, 0.00, 2.60, 63.65, 0, 0
2.00, 5.70, 19.72, 19.72, -2662.89, 20.00, 4.63, 12.22, 6.77, 0.00, 106.46, 0.00, 17.73, 65.67, 0, 0
2.00, 5.70, 19.57, 19.57, -2706.29, 20.00, 4.63, 12.22, 6.77, 0.00, 84.72, 0.00, 31.71, 70.43, 0, 0
2.00, 5.70, 19.41, 19.41, -2969.67, 20.00, 4.63, 12.22, 6.77, 0.00, 52.92, 0.00, 44.11, 77.43, 0, 0
2.00, 5.70, 19.18, 19.18, -3423.49, 20.00, 4.63, 11.11, 5.66, 0.00, 18.86, 0.00, 54.99, 86.09, 0, 0
2.00, 5.70, 18.98, 18.98, -3702.98, 20.00, 4.63, 10.56, 5.17, 0.00, 1.89, 0.00, 0.00, 90.00, 0, 0
2.00, 5.70, 18.82, 18.82, -3858.33, 20.00, 4.63, 10.56, 5.05, 0.00, 0.00, 0.00, 0.00, 90.00, 0, 0
2.00, 5.70, 18.69, 18.69, -4012.88, 20.00, 4.63, 10.00, 4.56, 0.00, 0.00, 0.00, 0.00, 90.00, 0, 0
2.00, 5.70, 18.58, 18.58, -4115.92, 20.00, 4.63, 10.00, 4.56, 0.00, 0.00, 0.00, 0.00, 90.00, 0, 0
2.00, 5.70, 18.47, 18.47, -4242.73, 20.00, 4.63, 9.44, 3.94, 0.00, 0.00, 0.00, 0.00, 90.00, 0, 0
2.00, 5.70, 18.39, 18.39, -4329.00, 20.00, 4.63, 9.44, 3.94, 0.00, 0.00, 0.00, 0.00, 90.00, 0, 0
2.00, 5.70, 18.30, 18.30, -4445.60, 20.00, 4.63, 8.89, 3.46, 0.00, 0.00, 0.00, 0.00, 90.00, 0, 0
2.00, 5.70, 18.22, 18.22, -4525.93, 20.00, 4.63, 8.89, 3.33, 0.00, 0.00, 0.00, 0.00, 90.00, 0, 0
2.00, 5.70, 18.13, 18.13, -4639.13, 20.00, 4.63, 8.33, 2.84, 0.00, 0.00, 0.00, 0.00, 90.00, 0, 0
2.00, 5.70, 18.05, 18.05, -4717.56, 20.00, 4.63, 8.33, 2.84, 0.00, 0.00, 0.00, 0.00, 90.00, 0, 0
2.00, 5.70, 17.98, 17.98, -4790.61, 20.00, 4.63, 8.33, 2.84, 0.00, 0.00, 0.00, 0.00, 90.00, 0, 0
2.00, 5.70, 17.89, 17.89, -4899.45, 20.00, 4.63, 7.78, 2.23, 0.00, 0.00, 0.00, 0.00, 90.00, 0, 0
2.00, 5.70, 20.00, 20.00, -4769.59, 20.00, 4.63, 7.78, 2.23, 0.00, 0.00, 0.00, 0.00, 90.00, 0, 0
2.00, 5.70, 20.00, 20.00, -4767.62, 20.00, 4.63, 7.78, 2.23, 0.00, 0.00, 0.00, 0.00, 90.00, 0, 0
2.00, 5.70, 20.00, 20.00, -4755.63, 20.00, 4.63, 7.78, 2.23, 0.00, 3.77, 0.00, 0.00, 90.00, 0, 0
2.00, 5.70, 20.00, 20.00, -4546.73, 20.00, 4.63, 8.33, 2.84, 0.00, 33.94, 38.93, -51.61, 83.01, 0, 0
2.00, 5.70, 20.00, 20.00, -3709.66, 20.00, 4.63, 10.00, 4.56, 59.01, 68.77, 51.42, -40.24, 74.84, 0, 0
2.00, 5.70, 20.00, 20.00, -3604.21, 20.00, 4.63, 11.11, 5.66, 36.34, 97.62, 64.74, -27.29, 68.50, 0, 0
2.00, 5.70, 20.00, 20.00, -3577.94, 20.00, 4.63, 11.67, 6.28, 6.33, 98.86, 78.42, -12.84, 64.59, 0, 0
2.00, 5.70, 20.00, 20.00, -3334.66, 20.00, 4.63, 12.22, 6.77, 0.00, 116.70, 0.00, 2.49, 63.56, 0, 0
2.00, 5.70, 19.70, 19.70, -2678.32, 20.00, 4.63, 12.78, 7.39, 0.00, 111.99, 0.00, 17.64, 65.56, 0, 0
2.00, 5.70, 19.41, 19.41, -3121.79, 20.00, 4.63, 12.22, 6.77, 0.00, 62.82, 0.00, 31.65, 70.31, 0, 0
2.00, 5.70, 19.15, 19.15, -3469.76, 20.00, 4.63, 11.67, 6.28, 0.00, 32.05, 0.00, 44.08, 77.30, 0, 0
2.00, 5.70, 18.93, 18.93, -3755.26, 20.00, 4.63, 11.11, 5.66, 0.00, 11.31, 0.00, 54.97, 85.96, 0, 0
2.00, 5.70, 18.74, 18.74, -3986.16, 20.00, 4.63, 10.56, 5.17, 0.00, 0.00, 0.00, 0.00, 90.00, 0, 0
2.00, 5.70, 18.60, 18.60, -4110.67, 20.00, 4.63, 10.56, 5.17, 0.00, 0.00, 0.00, 0.00, 90.00, 0, 0
2.00, 5.70, 18.48, 18.48, -4247.67, 20.00, 4.63, 10.00, 4.56, 0.00, 0.00, 0.00, 0.00, 90.00, 0, 0
2.00, 5.70, 18.38, 18.38, -4337.70, 20.00, 4.63, 10.00, 4.56, 0.00, 0.00, 0.00, 0.00, 90.00, 0, 0
2.00, 5.70, 18.30, 18.30, -4415.02, 20.00, 4.63, 10.00, 4.56, 0.00, 0.00, 0.00, 0.00, 90.00, 0, 0
2.00, 5.70, 18.21, 18.21, -4523.54, 20.00, 4.63, 9.44, 3.94, 0.00, 0.00, 0.00, 0.00, 90.00, 0, 0
2.00, 5.70, 18.13, 18.13, -4596.22, 20.00, 4.63, 9.44, 3.94, 0.00, 0.00, 0.00, 0.00, 90.00, 0, 0
2.00, 5.70, 18.05, 18.05, -4702.22, 20.00, 4.63, 8.89, 3.46, 0.00, 0.00, 0.00, 0.00, 90.00, 0, 0
2.00, 5.70, 17.98, 17.98, -4773.89, 20.00, 4.63, 8.89, 3.33, 0.00, 0.00, 0.00, 0.00, 90.00, 0, 0
2.00, 5.70, 17.89, 17.89, -4879.76, 20.00, 4.63, 8.33, 2.84, 0.00, 0.00, 0.00, 0.00, 90.00, 0, 0
2.00, 5.70, 17.82, 17.82, -4951.78, 20.00, 4.63, 8.33, 2.84, 0.00, 0.00, 0.00, 0.00, 90.00, 0, 0
2.00, 5.70, 17.74, 17.74, -5058.65, 20.00, 4.63, 7.78, 2.23, 0.00, 0.00, 0.00, 0.00, 90.00, 0, 0
2.00, 5.70, 20.00, 20.00, -4806.38, 20.00, 4.63, 7.78, 2.23, 0.00, 0.00, 0.00, 0.00, 90.00, 0, 0
2.00, 5.70, 20.00, 20.00, -4901.22, 20.00, 4.63, 7.22, 1.75, 0.00, 0.00, 0.00, 0.00, 90.00, 0, 0
2.00, 5.70, 20.00, 20.00, -4896.87, 20.00, 4.63, 7.22, 1.75, 0.00, 1.89, 0.00, 0.00, 90.00, 0, 0
2.00, 5.70, 20.00, 20.00, -4744.88, 20.00, 4.63, 7.78, 2.36, 0.00, 16.97, 38.79, -51.74, 83.01, 0, 0
2.00, 5.70, 20.00, 20.00, -4599.84, 20.00, 4.63, 8.33, 2.84, 0.00, 28.28, 51.30, -40.38, 74.81, 0, 0
2.00, 5.70, 20.00, 20.00, -4291.22, 20.00, 4.63, 8.89, 3.46, 8.11, 73.85, 64.63, -27.43, 68.45, 0, 0
2.00, 5.70, 20.00, 20.00, -4001.02, 20.00, 4.63, 10.00, 4.56, 2.56, 97.23, 78.31, -12.97, 64.52, 0, 0
2.00, 5.70, 20.00, 20.00, -3891.12, 20.00, 4.63, 10.56, 5.05, 0.00, 93.58, 0.00, 2.38, 63.46, 0, 0
2.00, 5.70, 19.45, 19.45, -3352.08, 20.00, 4.63, 10.56, 5.05, 0.00, 60.34, 0.00, 17.56, 65.44, 0, 0
2.00, 5.70, 19.09, 19.09, -3654.81, 20.00, 4.63, 10.56, 5.05, 0.00, 49.02, 0.00, 31.60, 70.18, 0, 0
2.00, 5.70, 18.81, 18.81, -3960.57, 20.00, 4.63, 10.00, 4.56, 0.00, 30.17, 0.00, 44.05, 77.17, 0, 0
2.00, 5.70, 18.58, 18.58, -4212.54, 20.00, 4.63, 10.00, 4.56, 0.00, 9.43, 0.00, 54.96, 85.82, 0, 0
2.00, 5.70, 18.40, 18.40, -4422.78, 20.00, 4.63, 9.44, 3.94, 0.00, 1.89, 0.00, 0.00, 90.00, 0, 0
2.00, 5.70, 18.24, 18.24, -4591.27, 20.00, 4.63, 8.89, 3.46, 0.00, 0.00, 0.00, 0.00, 90.00, 0, 0
2.00, 5.70, 18.12, 18.12, -4698.02, 20.00, 4.63, 8.89, 3.33, 0.00, 0.00, 0.00, 0.00, 90.00, 0, 0
2.00, 5.70, 18.01, 18.01, -4825.83, 20.00, 4.63, 8.33, 2.84, 0.00, 0.00, 0.00, 0.00, 90.00, 0, 0
2.00, 5.70, 17.91, 17.91, -4911.85, 20.00, 4.63, 8.33, 2.71, 0.00, 0.00, 0.00, 0.00, 90.00, 0, 0
2.00, 5.70, 17.81, 17.81, -5027.50, 20.00, 4.63, 7.78, 2.23, 0.00, 0.00, 0.00, 0.00, 90.00, 0, 0
2.00, 5.70, 17.73, 17.73, -5106.50, 20.00, 4.63, 7.78, 2.10, 0.00, 0.00, 0.00, 0.00, 90.00, 0, 0
2.00, 5.70, 17.64, 17.64, -5218.33, 20.00, 4.63, 7.22, 1.62, 0.00, 0.00, 0.00, 0.00, 90.00, 0, 0
2.00, 5.70, 17.54, 17.54, -5334.95, 20.00, 4.63, 6.67, 1.01, 0.00, 0.00, 0.00, 0.00, 90.00, 0, 0
2.00, 5.70, 17.45, 17.45, -5415.80, 20.00, 4.63, 6.67, 1.01, 0.00, 0.00, 0.00, 0.00, 90.00, 0, 0
2.00, 5.70, 17.36, 17.36, -5530.34, 20.00, 4.63, 6.11, 0.53, 0.00, 0.00, 0.00, 0.00, 90.00, 0, 0
2.00, 5.70, 17.26, 17.26, -5650.24, 20.00, 4.63, 5.56, -0.08, 0.00, 0.00, 0.00, 0.00, 90.00, 0, 0
2.00, 5.70, 20.00, 20.00, -5331.65, 20.00, 4.63, 5.56, -0.08, 0.00, 0.00, 0.00, 0.00, 90.00, 0, 0
2.00, 5.70, 20.00, 20.00, -5429.13, 20.00, 4.63, 5.00, -0.69, 0.00, 0.00, 0.00, 0.00, 90.00, 0, 0
2.00, 5.70, 20.00, 20.00, -5419.06, 20.00, 4.63, 5.00, -0.69, 0.00, 3.77, 0.00, 0.00, 90.00, 0, 0
2.00, 5.70, 20.00, 20.00, -3908.56, 20.00, 4.63, 6.11, 0.39, 128.10, 29.65, 38.66, -51.89, 82.99, 0, 0
2.00, 5.70, 20.00, 20.00, -4365.05, 20.00, 4.63, 7.22, 1.62, 45.49, 64.06, 51.17, -40.53, 74.78, 0, 0
2.00, 5.70, 20.00, 20.00, -4185.41, 20.00, 4.63, 8.33, 2.71, 36.66, 97.54, 64.51, -27.57, 68.40, 0, 0
2.00, 5.70, 20.00, 20.00, -3760.36, 20.00, 4.63, 10.00, 4.43, 41.27, 120.73, 78.20, -13.10, 64.44, 0, 0
2.00, 5.70, 20.00, 20.00, -3219.33, 20.00, 4.63, 11.11, 5.53, 0.00, 120.59, 0.00, 2.28, 63.36, 0, 0
2.00, 5.70, 19.70, 19.70, -2505.38, 20.00, 4.63, 11.67, 6.15, 0.00, 112.59, 0.00, 17.48, 65.32, 0, 0
2.00, 5.70, 19.41, 19.41, -2970.75, 20.00, 4.63, 11.67, 6.15, 0.00, 88.49, 0.00, 31.55, 70.05, 0, 0
2.00, 5.70, 19.15, 19.15, -3321.00, 20.00, 4.63, 11.11, 5.53, 0.00, 57.34, 0.00, 44.02, 77.03, 0, 0
2.00, 5.70, 18.89, 18.89, -3734.99, 20.00, 4.63, 10.56, 4.91, 0.00, 26.40, 0.00, 54.96, 85.68, 0, 0
2.00, 5.70, 18.65, 18.65, -4064.47, 20.00, 4.63, 10.00, 4.43, 0.00, 1.89, 0.00, 0.00, 90.00, 0, 0
2.00, 5.70, 18.46, 18.46, -4275.00, 20.00, 4.63, 9.44, 3.81, 0.00, 0.00, 0.00, 0.00, 90.00, 0, 0
2.00, 5.70, 18.31, 18.31, -4408.78, 20.00, 4.63, 9.44, 3.81, 0.00, 0.00, 0.00, 0.00, 90.00, 0, 0
2.00, 5.70, 18.18, 18.18, -4554.43, 20.00, 4.63, 8.89, 3.33, 0.00, 0.00, 0.00, 0.00, 90.00, 0, 0
2.00, 5.70, 18.08, 18.08, -4652.56, 20.00, 4.63, 8.89, 3.19, 0.00, 0.00, 0.00, 0.00, 90.00, 0, 0
2.00, 5.70, 17.98, 17.98, -4776.60, 20.00, 4.63, 8.33, 2.71, 0.00, 0.00, 0.00, 0.00, 90.00, 0, 0
2.00, 5.70, 17.89, 17.89, -4861.48, 20.00, 4.63, 8.33, 2.71, 0.00, 0.00, 0.00, 0.00, 90.00, 0, 0
2.00, 5.70, 17.80, 17.80, -4977.75, 20.00, 4.63, 7.78, 2.10, 0.00, 0.00, 0.00, 0.00, 90.00, 0, 0
2.00, 5.70, 17.71, 17.71, -5058.06, 20.00, 4.63, 7.78, 2.10, 0.00, 0.00, 0.00, 0.00, 90.00, 0, 0
2.00, 5.70, 17.62, 17.62, -5171.87, 20.00, 4.63, 7.22, 1.48, 0.00, 0.00, 0.00, 0.00, 90.00, 0, 0
2.00, 5.70, 17.53, 17.53, -5290.53, 20.00, 4.63, 6.67, 1.01, 0.00, 0.00, 0.00, 0.00, 90.00, 0, 0
2.00, 5.70, 17.44, 17.44, -5373.62, 20.00, 4.63, 6.67, 1.01, 0.00, 0.00, 0.00, 0.00, 90.00, 0, 0
2.00, 5.70, 20.00, 20.00, -5160.89, 20.00, 4.63, 6.11, 0.39, 0.00, 0.00, 0.00, 0.00, 90.00, 0, 0
2.00, 5.70, 20.00, 20.00, -5160.35, 20.00, 4.63, 6.11, 0.39, 0.00, 0.00, 0.00, 0.00, 90.00, 0, 0
2.00, 5.70, 20.00, 20.00, -5156.52, 20.00, 4.63, 6.11, 0.39, 0.00, 1.89, 0.00, 0.00, 90.00, 0, 0
2.00, 5.70, 20.00, 20.00, -5104.14, 20.00, 4.63, 6.11, 0.53, 0.00, 16.97, 38.51, -52.03, 82.97, 0, 0
2.00, 5.70, 20.00, 20.00, -4813.16, 20.00, 4.63, 7.22, 1.62, 0.00, 41.48, 51.04, -40.67, 74.74, 0, 0
2.00, 5.70, 20.00, 20.00, -4771.62, 20.00, 4.63, 7.22, 1.62, 0.00, 49.02, 64.39, -27.72, 68.34, 0, 0
2.00, 5.70, 20.00, 20.00, -4660.66, 20.00, 4.63, 7.78, 2.23, 0.00, 49.02, 78.10, -13.23, 64.35, 0, 0
2.00, 5.70, 20.00, 20.00, -4641.55, 20.00, 4.63, 7.78, 2.23, 0.00, 50.91, 0.00, 2.17, 63.25, 0, 0
2.00, 5.70, 19.27, 19.27, -3810.65, 20.00, 4.63, 7.78, 2.23, 0.00, 43.37, 0.00, 17.41, 65.19, 0, 0
2.00, 5.70, 18.83, 18.83, -4079.22, 20.00, 4.63, 8.33, 2.84, 0.00, 49.02, 0.00, 31.50, 69.91, 0, 0
2.00, 5.70, 18.51, 18.51, -4391.24, 20.00, 4.63, 7.78, 2.23, 0.00, 35.83, 0.00, 44.00, 76.88, 0, 0
2.00, 5.70, 18.25, 18.25, -4671.44, 20.00, 4.63, 7.78, 2.23, 0.00, 13.20, 0.00, 54.96, 85.53, 0, 0
2.00, 5.70, 18.03, 18.03, -4918.11, 20.00, 4.63, 7.22, 1.75, 0.00, 1.89, 0.00, 0.00, 90.00, 0, 0
2.00, 5.70, 17.87, 17.87, -5066.72, 20.00, 4.63, 7.22, 1.75, 0.00, 0.00, 0.00, 0.00, 90.00, 0, 0
2.00, 5.70, 17.73, 17.73, -5180.40, 20.00, 4.63, 7.22, 1.75, 0.00, 0.00, 0.00, 0.00, 90.00, 0, 0
2.00, 5.70, 17.62, 17.62, -5275.73, 20.00, 4.63, 7.22, 1.75, 0.00, 0.00, 0.00, 0.00, 90.00, 0, 0
2.00, 5.70, 17.53, 17.53, -5359.23, 20.00, 4.63, 7.22, 1.75, 0.00, 0.00, 0.00, 0.00, 90.00, 0, 0
2.00, 5.70, 17.43, 17.43, -5474.46, 20.00, 4.63, 6.67, 1.14, 0.00, 0.00, 0.00, 0.00, 90.00, 0, 0
2.00, 5.70, 17.34, 17.34, -5553.76, 20.00, 4.63, 6.67, 1.14, 0.00, 0.00, 0.00, 0.00, 90.00, 0, 0
2.00, 5.70, 17.26, 17.26, -5626.95, 20.00, 4.63, 6.67, 1.14, 0.00, 0.00, 0.00, 0.00, 90.00, 0, 0
2.00, 5.70, 17.19, 17.19, -5695.87, 20.00, 4.63, 6.67, 1.14, 0.00, 0.00, 0.00, 0.00, 90.00, 0, 0
2.00, 5.70, 17.13, 17.13, -5722.26, 20.00, 4.63, 7.22, 1.62, 0.00, 0.00, 0.00, 0.00, 90.00, 0, 0
2.00, 5.70, 17.06, 17.06, -5776.74, 20.00, 4.63, 7.22, 1.62, 0.00, 0.00, 0.00, 0.00, 90.00, 0, 0
2.00, 5.70, 17.00, 17.00, -5831.41, 20.00, 4.63, 7.22, 1.75, 0.00, 0.00, 0.00, 0.00, 90.00, 0, 0
2.00, 5.70, 20.00, 20.00, -3696.51, 20.00, 4.63, 7.22, 1.75, 0.00, 0.00, 0.00, 0.00, 90.00, 0, 0
2.00, 5.70, 20.00, 20.00, -3704.65, 20.00, 4.63, 7.22, 1.75, 0.00, 0.00, 0.00, 0.00, 90.00, 0, 0
2.00, 5.70, 20.00, 20.00, -3705.27, 20.00, 4.63, 7.22, 1.75, 0.00, 1.89, 0.00, 0.00, 90.00, 0, 0
2.00, 5.70, 20.00, 20.00, -3711.77, 20.00, 4.63, 7.22, 1.75, 0.00, 1.89, 38.37, -52.18, 82.95, 0, 0
2.00, 5.70, 20.00, 20.00, -3560.73, 20.00, 4.63, 7.78, 2.36, 0.00, 35.83, 50.91, -40.82, 74.69, 0, 0
2.00, 5.70, 20.00, 20.00, -3287.84, 20.00, 4.63, 8.89, 3.46, 5.48, 84.41, 64.27, -27.86, 68.27, 0, 0
2.00, 5.70, 20.00, 20.00, -3096.20, 20.00, 4.63, 10.00, 4.56, 5.91, 110.77, 77.99, -13.36, 64.25, 0, 0
2.00, 5.70, 20.00, 20.00, -3162.26, 20.00, 4.63, 10.56, 5.05, 0.00, 78.24, 0.00, 2.06, 63.13, 0, 0
2.00, 5.70, 19.25, 19.25, -3752.08, 20.00, 4.63, 10.56, 5.05, 0.00, 56.57, 0.00, 17.33, 65.05, 0, 0
2.00, 5.70, 18.76, 18.76, -4136.89, 20.00, 4.63, 10.56, 5.05, 0.00, 43.37, 0.00, 31.46, 69.76, 0, 0
2.00, 5.70, 18.40, 18.40, -4496.68, 20.00, 4.63, 10.00, 4.56, 0.00, 22.63, 0.00, 43.99, 76.73, 0, 0
2.00, 5.70, 18.13, 18.13, -4748.68, 20.00, 4.63, 10.00, 4.43, 0.00, 7.54, 0.00, 54.96, 85.38, 0, 0
2.00, 5.70, 17.93, 17.93, -4957.43, 20.00, 4.63, 9.44, 3.94, 0.00, 1.89, 0.00, 0.00, 90.00, 0, 0
2.00, 5.70, 17.77, 17.77, -5085.80, 20.00, 4.63, 9.44, 3.94, 0.00, 0.00, 0.00, 0.00, 90.00, 0, 0
2.00, 5.70, 17.64, 17.64, -5218.80, 20.00, 4.63, 8.89, 3.33, 0.00, 0.00, 0.00, 0.00, 90.00, 0, 0
2.00, 5.70, 17.53, 17.53, -5303.35, 20.00, 4.63, 8.89, 3.33, 0.00, 0.00, 0.00, 0.00, 90.00, 0, 0
2.00, 5.70, 17.43, 17.43, -5413.76, 20.00, 4.63, 8.33, 2.71, 0.00, 0.00, 0.00, 0.00, 90.00, 0, 0
2.00, 5.70, 17.35, 17.35, -5485.03, 20.00, 4.63, 8.33, 2.71, 0.00, 0.00, 0.00, 0.00, 90.00, 0, 0
2.00, 5.70, 17.27, 17.27, -5548.55, 20.00, 4.63, 8.33, 2.58, 0.00, 0.00, 0.00, 0.00, 90.00, 0, 0
2.00, 5.70, 17.18, 17.18, -5685.68, 20.00, 4.63, 7.22, 1.62, 0.00, 0.00, 0.00, 0.00, 90.00, 0, 0
2.00, 5.70, 17.08, 17.08, -5798.26, 20.00, 4.63, 6.67, 1.01, 0.00, 0.00, 0.00, 0.00, 90.00, 0, 0
2.00, 5.70, 16.98, 16.98, -5913.25, 20.00, 4.63, 6.11, 0.39, 0.00, 0.00, 0.00, 0.00, 90.00, 0, 0
2.00, 5.70, 16.88, 16.88, -6030.84, 20.00, 4.63, 5.56, -0.22, 0.00, 0.00, 0.00, 0.00, 90.00, 0, 0
2.00, 5.70, 16.77, 16.77, -6151.27, 20.00, 4.63, 5.00, -0.83, 0.00, 0.00, 0.00, 0.00, 90.00, 0, 0
2.00, 5.70, 20.00, 20.00, -5628.92, 20.00, 4.63, 4.44, -1.30, 0.00, 0.00, 0.00, 0.00, 90.00, 0, 0
2.00, 5.70, 20.00, 20.00, -5726.36, 20.00, 4.63, 3.89, -1.91, 0.00, 0.00, 0.00, 0.00, 90.00, 0, 0
2.00, 5.70, 20.00, 20.00, -5816.22, 20.00, 4.63, 3.33, -2.39, 0.00, 3.77, 0.00, 0.00, 90.00, 0, 0
2.00, 5.70, 20.00, 20.00, -2255.40, 20.00, 4.63, 5.00, -0.83, 334.55, 26.70, 38.23, -52.34, 82.92, 0, 0
2.00, 5.70, 20.00, 20.00, -2104.51, 20.00, 4.63, 7.22, 1.48, 365.03, 61.64, 50.78, -40.97, 74.64, 0, 0
2.00, 5.70, 20.00, 20.00, -3075.88, 20.00, 4.63, 9.44, 3.67, 202.17, 99.14, 64.15, -28.01, 68.19, 0, 0
2.00, 5.70, 20.00, 20.00, -3492.33, 20.00, 4.63, 10.00, 4.29, 44.36, 122.00, 77.88, -13.49, 64.15, 0, 0
2.00, 5.70, 20.00, 20.00, -3445.07, 20.00, 4.63, 10.56, 4.77, 0.00, 131.59, 0.00, 1.96, 63.01, 0, 0
2.00, 5.70, 19.61, 19.61, -2606.58, 20.00, 4.63, 11.11, 5.39, 0.00, 119.94, 0.00, 17.26, 64.91, 0, 0
2.00, 5.70, 19.34, 19.34, -2893.46, 20.00, 4.63, 11.11, 5.24, 0.00, 95.03, 0.00, 31.43, 69.61, 0, 0
2.00, 5.70, 19.09, 19.09, -3253.95, 20.00, 4.63, 10.56, 4.77, 0.00, 58.83, 0.00, 43.98, 76.58, 0, 0
2.00, 5.70, 18.80, 18.80, -3752.56, 20.00, 4.63, 9.44, 3.67, 0.00, 32.05, 0.00, 54.97, 85.22, 0, 0
2.00, 5.70, 18.53, 18.53, -4134.07, 20.00, 4.63, 8.89, 3.05, 0.00, 1.89, 0.00, 0.00, 90.00, 0, 0
2.00, 5.70, 18.32, 18.32, -4371.86, 20.00, 4.63, 8.33, 2.58, 0.00, 0.00, 0.00, 0.00, 90.00, 0, 0
2.00, 5.70, 18.14, 18.14, -4568.15, 20.00, 4.63, 7.78, 1.96, 0.00, 0.00, 0.00, 0.00, 90.00, 0, 0
2.00, 5.70, 17.99, 17.99, -4743.25, 20.00, 4.63, 7.22, 1.34, 0.00, 0.00, 0.00, 0.00, 90.00, 0, 0
2.00, 5.70, 17.87, 17.87, -4866.39, 20.00, 4.63, 7.22, 1.34, 0.00, 0.00, 0.00, 0.00, 90.00, 0, 0
2.00, 5.70, 17.75, 17.75, -5012.96, 20.00, 4.63, 6.67, 0.72, 0.00, 0.00, 0.00, 0.00, 90.00, 0, 0
2.00, 5.70, 17.63, 17.63, -5157.86, 20.00, 4.63, 6.11, 0.25, 0.00, 0.00, 0.00, 0.00, 90.00, 0, 0
2.00, 5.70, 17.52, 17.52, -5302.47, 20.00, 4.63, 5.56, -0.36, 0.00, 0.00, 0.00, 0.00, 90.00, 0, 0
2.00, 5.70, 17.40, 17.40, -5447.33, 20.00, 4.63, 5.00, -0.83, 0.00, 0.00, 0.00, 0.00, 90.00, 0, 0
2.00, 5.70, 17.30, 17.30, -5553.58, 20.00, 4.63, 5.00, -0.98, 0.00, 0.00, 0.00, 0.00, 90.00, 0, 0
2.00, 5.70, 17.19, 17.19, -5691.46, 20.00, 4.63, 4.44, -1.44, 0.00, 0.00, 0.00, 0.00, 90.00, 0, 0
2.00, 5.70, 17.07, 17.07, -5833.17, 20.00, 4.63, 3.89, -2.06, 0.00, 0.00, 0.00, 0.00, 90.00, 0, 0
2.00, 5.70, 20.00, 20.00, -5562.70, 20.00, 4.63, 3.89, -2.06, 0.00, 0.00, 0.00, 0.00, 90.00, 0, 0
2.00, 5.70, 20.00, 20.00, -5670.90, 20.00, 4.63, 3.33, -2.67, 0.00, 0.00, 0.00, 0.00, 90.00, 0, 0
2.00, 5.70, 20.00, 20.00, -5656.04, 20.00, 4.63, 3.33, -2.67, 0.00, 7.54, 0.00, 0.00, 90.00, 0, 0
2.00, 5.70, 20.00, 20.00, -3025.05, 20.00, 4.63, 5.00, -0.98, 235.90, 34.34, 38.08, -52.49, 82.88, 0, 0
2.00, 5.70, 20.00, 20.00, -3108.59, 20.00, 4.63, 6.67, 0.72, 224.04, 66.45, 50.65, -41.13, 74.59, 0, 0
2.00, 5.70, 20.00, 20.00, -3912.61, 20.00, 4.63, 7.78, 1.96, 77.34, 95.48, 64.04, -28.15, 68.11, 0, 0
2.00, 5.70, 20.00, 20.00, -4055.32, 20.00, 4.63, 8.33, 2.43, 8.01, 103.01, 77.78, -13.62, 64.05, 0, 0
2.00, 5.70, 20.00, 20.00, -3929.31, 20.00, 4.63, 8.89, 3.05, 0.00, 114.95, 0.00, 1.86, 62.88, 0, 0
2.00, 5.70, 19.50, 19.50, -3015.13, 20.00, 4.63, 8.89, 3.05, 0.00, 116.61, 0.00, 17.20, 64.76, 0, 0
2.00, 5.70, 19.19, 19.19, -3240.92, 20.00, 4.63, 9.44, 3.67, 0.00, 92.29, 0.00, 31.39, 69.46, 0, 0
2.00, 5.70, 18.95, 18.95, -3511.74, 20.00, 4.63, 8.89, 3.19, 0.00, 65.64, 0.00, 43.97, 76.42, 0, 0
2.00, 5.70, 18.69, 18.69, -3956.61, 20.00, 4.63, 8.33, 2.58, 0.00, 39.60, 0.00, 54.99, 85.07, 0, 0
2.00, 5.70, 18.42, 18.42, -4349.50, 20.00, 4.63, 7.78, 1.96, 0.00, 3.77, 0.00, 0.00, 90.00, 0, 0
2.00, 5.70, 18.22, 18.22, -4554.09, 20.00, 4.63, 7.78, 1.96, 0.00, 0.00, 0.00, 0.00, 90.00, 0, 0
2.00, 5.70, 18.05, 18.05, -4742.58, 20.00, 4.63, 7.22, 1.48, 0.00, 0.00, 0.00, 0.00, 90.00, 0, 0
2.00, 5.70, 17.90, 17.90, -4912.80, 20.00, 4.63, 6.67, 0.87, 0.00, 0.00, 0.00, 0.00, 90.00, 0, 0
2.00, 5.70, 17.78, 17.78, -5032.76, 20.00, 4.63, 6.67, 0.87, 0.00, 0.00, 0.00, 0.00, 90.00, 0, 0
2.00, 5.70, 17.66, 17.66, -5177.09, 20.00, 4.63, 6.11, 0.39, 0.00, 0.00, 0.00, 0.00, 90.00, 0, 0
2.00, 5.70, 17.55, 17.55, -5281.06, 20.00, 4.63, 6.11, 0.25, 0.00, 0.00, 0.00, 0.00, 90.00, 0, 0
2.00, 5.70, 17.45, 17.45, -5415.37, 20.00, 4.63, 5.56, -0.22, 0.00, 0.00, 0.00, 0.00, 90.00, 0, 0
2.00, 5.70, 17.35, 17.35, -5512.91, 20.00, 4.63, 5.56, -0.22, 0.00, 0.00, 0.00, 0.00, 90.00, 0, 0
2.00, 5.70, 17.26, 17.26, -5603.70, 20.00, 4.63, 5.56, -0.22, 0.00, 0.00, 0.00, 0.00, 90.00, 0, 0
2.00, 5.70, 17.16, 17.16, -5729.40, 20.00, 4.63, 5.00, -0.83, 0.00, 0.00, 0.00, 0.00, 90.00, 0, 0
2.00, 5.70, 17.06, 17.06, -5820.99, 20.00, 4.63, 5.00, -0.83, 0.00, 0.00, 0.00, 0.00, 90.00, 0, 0
2.00, 5.70, 20.00, 20.00, -5398.07, 20.00, 4.63, 5.00, -0.83, 0.00, 0.00, 0.00, 0.00, 90.00, 0, 0
2.00, 5.70, 20.00, 20.00, -5399.32, 20.00, 4.63, 5.00, -0.83, 0.00, 0.00, 0.00, 0.00, 90.00, 0, 0
2.00, 5.70, 20.00, 20.00, -5390.46, 20.00, 4.63, 5.00, -0.69, 0.00, 3.77, 0.00, 0.00, 90.00, 0, 0
2.00, 5.70, 20.00, 20.00, -5218.33, 20.00, 4.63, 5.56, -0.08, 0.00, 24.51, 37.93, -52.65, 82.84, 0, 0
2.00, 5.70, 20.00, 20.00, -5065.26, 20.00, 4.63, 6.11, 0.39, 0.00, 37.71, 50.51, -41.29, 74.52, 0, 0
2.00, 5.70, 20.00, 20.00, -4928.78, 20.00, 4.63, 6.67, 1.01, 0.00, 45.25, 63.92, -28.30, 68.02, 0, 0
2.00, 5.70, 20.00, 20.00, -4712.66, 20.00, 4.63, 7.22, 1.62, 0.00, 73.54, 77.67, -13.75, 63.93, 0, 0
2.00, 5.70, 20.00, 20.00, -4453.91, 20.00, 4.63, 7.78, 2.10, 0.00, 106.22, 0.00, 1.76, 62.74, 0, 0
2.00, 5.70, 19.38, 19.38, -3373.46, 20.00, 4.63, 8.89, 3.19, 0.00, 113.42, 0.00, 17.13, 64.61, 0, 0
2.00, 5.70, 19.02, 19.02, -3584.73, 20.00, 4.63, 9.44, 3.81, 0.00, 93.62, 0.00, 31.36, 69.29, 0, 0
2.00, 5.70, 18.70, 18.70, -4012.74, 20.00, 4.63, 8.89, 3.33, 0.00, 55.63, 0.00, 43.97, 76.25, 0, 0
2.00, 5.70, 18.39, 18.39, -4480.01, 20.00, 4.63, 8.33, 2.71, 0.00, 16.97, 0.00, 55.01, 84.90, 0, 0
2.00, 5.70, 18.14, 18.14, -4746.02, 20.00, 4.63, 8.33, 2.71, 0.00, 1.89, 0.00, 0.00, 90.00, 0, 0
2.00, 5.70, 17.94, 17.94, -4953.34, 20.00, 4.63, 7.78, 2.23, 0.00, 0.00, 0.00, 0.00, 90.00, 0, 0
2.00, 5.70, 17.79, 17.79, -5086.21, 20.00, 4.63, 7.78, 2.23, 0.00, 0.00, 0.00, 0.00, 90.00, 0, 0
2.00, 5.70, 17.66, 17.66, -5193.10, 20.00, 4.63, 7.78, 2.10, 0.00, 0.00, 0.00, 0.00, 90.00, 0, 0
2.00, 5.70, 17.55, 17.55, -5322.75, 20.00, 4.63, 7.22, 1.62, 0.00, 0.00, 0.00, 0.00, 90.00, 0, 0
2.00, 5.70, 17.45, 17.45, -5411.19, 20.00, 4.63, 7.22, 1.62, 0.00, 0.00, 0.00, 0.00, 90.00, 0, 0
2.00, 5.70, 17.36, 17.36, -5490.16, 20.00, 4.63, 7.22, 1.62, 0.00, 0.00, 0.00, 0.00, 90.00, 0, 0
2.00, 5.70, 17.28, 17.28, -5562.86, 20.00, 4.63, 7.22, 1.48, 0.00, 0.00, 0.00, 0.00, 90.00, 0, 0
2.00, 5.70, 17.19, 17.19, -5670.53, 20.00, 4.63, 6.67, 1.01, 0.00, 0.00, 0.00, 0.00, 90.00, 0, 0
2.00, 5.70, 17.11, 17.11, -5744.59, 20.00, 4.63, 6.67, 1.01, 0.00, 0.00, 0.00, 0.00, 90.00, 0, 0
2.00, 5.70, 17.02, 17.02, -5853.52, 20.00, 4.63, 6.11, 0.53, 0.00, 0.00, 0.00, 0.00, 90.00, 0, 0
2.00, 5.70, 16.94, 16.94, -5928.88, 20.00, 4.63, 6.11, 0.39, 0.00, 0.00, 0.00, 0.00, 90.00, 0, 0
2.00, 5.70, 20.00, 20.00, -5285.73, 20.00, 4.63, 6.11, 0.39, 0.00, 0.00, 0.00, 0.00, 90.00, 0, 0
2.00, 5.70, 20.00, 20.00, -5378.01, 20.00, 4.63, 5.56, -0.08, 0.00, 0.00, 0.00, 0.00, 90.00, 0, 0
2.00, 5.70, 20.00, 20.00, -5263.79, 20.00, 4.63, 6.11, 0.39, 0.00, 3.77, 0.00, 0.00, 90.00, 0, 0
2.00, 5.70, 20.00, 20.00, -5225.60, 20.00, 4.63, 6.11, 0.53, 0.00, 13.20, 37.78, -52.81, 82.79, 0, 0
2.00, 5.70, 20.00, 20.00, -5050.86, 20.00, 4.63, 6.67, 1.01, 0.00, 32.05, 50.38, -41.44, 74.45, 0, 0
2.00, 5.70, 20.00, 20.00, -4988.22, 20.00, 4.63, 7.22, 1.48, 0.00, 18.86, 63.80, -28.45, 67.93, 0, 0
2.00, 5.70, 20.00, 20.00, -4433.95, 20.00, 4.63, 8.33, 2.71, 31.24, 81.29, 77.57, -13.88, 63.81, 0, 0
2.00, 5.70, 20.00, 20.00, -3978.54, 20.00, 4.63, 9.44, 3.81, 0.00, 131.60, 0.00, 1.66, 62.60, 0, 0
2.00, 5.70, 19.42, 19.42, -3228.89, 20.00, 4.63, 10.56, 4.91, 0.00, 116.82, 0.00, 17.07, 64.45, 0, 0
2.00, 5.70, 19.02, 19.02, -3593.07, 20.00, 4.63, 10.56, 4.91, 0.00, 93.86, 0.00, 31.34, 69.13, 0, 0
2.00, 5.70, 18.72, 18.72, -3908.08, 20.00, 4.63, 10.56, 4.91, 0.00, 62.98, 0.00, 43.98, 76.09, 0, 0
2.00, 5.70, 18.44, 18.44, -4326.22, 20.00, 4.63, 10.00, 4.29, 0.00, 24.51, 0.00, 55.04, 84.74, 0, 0
2.00, 5.70, 18.19, 18.19, -4640.67, 20.00, 4.63, 9.44, 3.81, 0.00, 1.89, 0.00, 0.00, 90.00, 0, 0
2.00, 5.70, 17.99, 17.99, -4842.83, 20.00, 4.63, 8.89, 3.19, 0.00, 0.00, 0.00, 0.00, 90.00, 0, 0
2.00, 5.70, 17.84, 17.84, -4968.88, 20.00, 4.63, 8.89, 3.19, 0.00, 0.00, 0.00, 0.00, 90.00, 0, 0
2.00, 5.70, 17.71, 17.71, -5107.57, 20.00, 4.63, 8.33, 2.58, 0.00, 0.00, 0.00, 0.00, 90.00, 0, 0
2.00, 5.70, 17.59, 17.59, -5238.62, 20.00, 4.63, 7.78, 1.96, 0.00, 0.00, 0.00, 0.00, 90.00, 0, 0
2.00, 5.70, 17.48, 17.48, -5365.78, 20.00, 4.63, 7.22, 1.48, 0.00, 0.00, 0.00, 0.00, 90.00, 0, 0
2.00, 5.70, 17.39, 17.39, -5452.14, 20.00, 4.63, 7.22, 1.34, 0.00, 0.00, 0.00, 0.00, 90.00, 0, 0
2.00, 5.70, 17.29, 17.29, -5568.95, 20.00, 4.63, 6.67, 0.72, 0.00, 0.00, 0.00, 0.00, 90.00, 0, 0
2.00, 5.70, 17.19, 17.19, -5688.86, 20.00, 4.63, 6.11, 0.25, 0.00, 0.00, 0.00, 0.00, 90.00, 0, 0
2.00, 5.70, 17.07, 17.07, -5851.43, 20.00, 4.63, 5.00, -0.83, 0.00, 0.00, 0.00, 0.00, 90.00, 0, 0
2.00, 5.70, 16.95, 16.95, -5986.39, 20.00, 4.63, 4.44, -1.44, 0.00, 0.00, 0.00, 0.00, 90.00, 0, 0
2.00, 5.70, 16.84, 16.84, -6121.96, 20.00, 4.63, 3.89, -2.06, 0.00, 0.00, 0.00, 0.00, 90.00, 0, 0
2.00, 5.70, 20.00, 20.00, -5799.88, 20.00, 4.63, 3.33, -2.52, 0.00, 0.00, 0.00, 0.00, 90.00, 0, 0
2.00, 5.70, 20.00, 20.00, -5903.45, 20.00, 4.63, 2.78, -3.13, 0.00, 0.00, 0.00, 0.00, 90.00, 0, 0
2.00, 5.70, 20.00, 20.00, -5897.67, 20.00, 4.63, 2.78, -3.13, 0.00, 3.77, 0.00, 0.00, 90.00, 0, 0
2.00, 5.70, 20.00, 20.00, -5726.83, 20.00, 4.63, 3.33, -2.67, 0.00, 24.51, 37.62, -52.98, 82.74, 0, 0
2.00, 5.70, 20.00, 20.00, -5391.72, 20.00, 4.63, 4.44, -1.60, 2.02, 56.14, 50.25, -41.61, 74.38, 0, 0
2.00, 5.70, 20.00, 20.00, -5212.67, 20.00, 4.63, 5.00, -0.98, 1.40, 74.83, 63.68, -28.60, 67.83, 0, 0
2.00, 5.70, 20.00, 20.00, -5244.71, 20.00, 4.63, 5.00, -0.83, 0.00, 62.22, 77.47, -14.01, 63.68, 0, 0
2.00, 5.70, 20.00, 20.00, -5332.73, 20.00, 4.63, 5.00, -0.83, 0.00, 35.83, 0.00, 1.56, 62.45, 0, 0
2.00, 5.70, 19.11, 19.11, -4137.10, 20.00, 4.63, 5.00, -0.83, 0.00, 65.84, 0.00, 17.01, 64.29, 0, 0
2.00, 5.70, 18.58, 18.58, -4442.53, 20.00, 4.63, 5.56, -0.36, 0.00, 78.07, 0.00, 31.32, 68.96, 0, 0
2.00, 5.70, 18.15, 18.15, -4937.10, 20.00, 4.63, 5.00, -0.83, 0.00, 35.83, 0.00, 43.99, 75.91, 0, 0
2.00, 5.70, 17.80, 17.80, -5344.93, 20.00, 4.63, 4.44, -1.44, 0.00, 7.54, 0.00, 55.07, 84.57, 0, 0
2.00, 5.70, 17.54, 17.54, -5583.47, 20.00, 4.63, 4.44, -1.44, 0.00, 1.89, 0.00, 0.00, 90.00, 0, 0
2.00, 5.70, 17.32, 17.32, -5800.02, 20.00, 4.63, 3.89, -2.06, 0.00, 0.00, 0.00, 0.00, 90.00, 0, 0
2.00, 5.70, 17.15, 17.15, -5945.74, 20.00, 4.63, 3.89, -2.06, 0.00, 0.00, 0.00, 0.00, 90.00, 0, 0
2.00, 5.70, 17.00, 17.00, -6107.21, 20.00, 4.63, 3.33, -2.52, 0.00, 0.00, 0.00, 0.00, 90.00, 0, 0
2.00, 5.70, 16.87, 16.87, -6222.81, 20.00, 4.63, 3.33, -2.67, 0.00, 0.00, 0.00, 0.00, 90.00, 0, 0
2.00, 5.70, 16.74, 16.74, -6365.59, 20.00, 4.63, 2.78, -3.13, 0.00, 0.00, 0.00, 0.00, 90.00, 0, 0
2.00, 5.70, 16.63, 16.63, -6469.54, 20.00, 4.63, 2.78, -3.29, 0.00, 0.00, 0.00, 0.00, 90.00, 0, 0
2.00, 5.70, 16.51, 16.51, -6605.15, 20.00, 4.63, 2.22, -3.75, 0.00, 0.00, 0.00, 0.00, 90.00, 0, 0
2.00, 5.70, 16.40, 16.40, -6704.59, 20.00, 4.63, 2.22, -3.75, 0.00, 0.00, 0.00, 0.00, 90.00, 0, 0
2.00, 5.70, 16.30, 16.30, -6797.99, 20.00, 4.63, 2.22, -3.89, 0.00, 0.00, 0.00, 0.00, 90.00, 0, 0
2.00, 5.70, 16.18, 16.18, -6926.74, 20.00, 4.63, 1.67, -4.36, 0.00, 0.00, 0.00, 0.00, 90.00, 0, 0
2.00, 5.70, 16.08, 16.08, -7021.66, 20.00, 4.63, 1.67, -4.36, 0.00, 0.00, 0.00, 0.00, 90.00, 0, 0
2.00, 5.70, 20.00, 20.00, -6337.47, 20.00, 4.63, 1.67, -4.36, 0.00, 0.00, 0.00, 0.00, 90.00, 0, 0
2.00, 5.70, 20.00, 20.00, -6435.88, 20.00, 4.63, 1.11, -4.82, 0.00, 0.00, 0.00, 0.00, 90.00, 0, 0
2.00, 5.70, 20.00, 20.00, -6315.63, 20.00, 4.63, 1.67, -4.36, 0.00, 5.66, 0.00, 0.00, 90.00, 0, 0
2.00, 5.70, 20.00, 20.00, -2539.28, 20.00, 4.63, 3.33, -2.67, 358.03, 28.00, 37.47, -53.15, 82.68, 0, 0
2.00, 5.70, 20.00, 20.00, -2810.23, 20.00, 4.63, 5.56, -0.36, 333.79, 63.84, 50.11, -41.77, 74.30, 0, 0
2.00, 5.70, 20.00, 20.00, -3887.51, 20.00, 4.63, 7.22, 1.19, 147.45, 101.61, 63.57, -28.76, 67.72, 0, 0
2.00, 5.70, 20.00, 20.00, -4229.19, 20.00, 4.63, 7.78, 1.81, 22.08, 109.63, 77.37, -14.14, 63.55, 0, 0
2.00, 5.70, 20.00, 20.00, -4085.21, 20.00, 4.63, 8.33, 2.27, 0.00, 124.16, 0.00, 1.46, 62.29, 0, 0
2.00, 5.70, 19.38, 19.38, -3150.74, 20.00, 4.63, 8.33, 2.43, 0.00, 129.30, 0.00, 16.96, 64.12, 0, 0
2.00, 5.70, 19.00, 19.00, -3422.18, 20.00, 4.63, 8.89, 2.90, 0.00, 97.87, 0.00, 31.30, 68.78, 0, 0
2.00, 5.70, 18.70, 18.70, -3790.01, 20.00, 4.63, 8.33, 2.43, 0.00, 56.13, 0.00, 44.00, 75.74, 0, 0
2.00, 5.70, 18.38, 18.38, -4303.27, 20.00, 4.63, 7.78, 1.81, 0.00, 37.71, 0.00, 55.11, 84.39, 0, 0
2.00, 5.70, 18.07, 18.07, -4756.42, 20.00, 4.63, 6.67, 0.72, 0.00, 3.77, 0.00, 0.00, 90.00, 0, 0
2.00, 5.70, 17.84, 17.84, -4987.07, 20.00, 4.63, 6.67, 0.56, 0.00, 0.00, 0.00, 0.00, 90.00, 0, 0
2.00, 5.70, 17.64, 17.64, -5193.08, 20.00, 4.63, 6.11, 0.10, 0.00, 0.00, 0.00, 0.00, 90.00, 0, 0
2.00, 5.70, 17.48, 17.48, -5375.48, 20.00, 4.63, 5.56, -0.52, 0.00, 0.00, 0.00, 0.00, 90.00, 0, 0
2.00, 5.70, 17.33, 17.33, -5543.91, 20.00, 4.63, 5.00, -1.14, 0.00, 0.00, 0.00, 0.00, 90.00, 0, 0
2.00, 5.70, 17.19, 17.19, -5704.09, 20.00, 4.63, 4.44, -1.60, 0.00, 0.00, 0.00, 0.00, 90.00, 0, 0
2.00, 5.70, 17.06, 17.06, -5859.92, 20.00, 4.63, 3.89, -2.21, 0.00, 0.00, 0.00, 0.00, 90.00, 0, 0
2.00, 5.70, 16.93, 16.93, -6013.50, 20.00, 4.63, 3.33, -2.67, 0.00, 0.00, 0.00, 0.00, 90.00, 0, 0
2.00, 5.70, 16.81, 16.81, -6126.83, 20.00, 4.63, 3.33, -2.82, 0.00, 0.00, 0.00, 0.00, 90.00, 0, 0
2.00, 5.70, 16.70, 16.70, -6271.04, 20.00, 4.63, 2.78, -3.43, 0.00, 0.00, 0.00, 0.00, 90.00, 0, 0
2.00, 5.70, 16.57, 16.57, -6418.26, 20.00, 4.63, 2.22, -3.89, 0.00, 0.00, 0.00, 0.00, 90.00, 0, 0
2.00, 5.70, 16.45, 16.45, -6568.22, 20.00, 4.63, 1.67, -4.50, 0.00, 0.00, 0.00, 0.00, 90.00, 0, 0
2.00, 5.70, 20.00, 20.00, -4056.48, 20.00, 4.63, 1.11, -4.96, 0.00, 0.00, 0.00, 0.00, 90.00, 0, 0
2.00, 5.70, 20.00, 20.00, -4116.61, 20.00, 4.63, 0.56, -5.57, 0.00, 0.00, 0.00, 0.00, 90.00, 0, 0
2.00, 5.70, 20.00, 20.00, -4087.49, 20.00, 4.63, 1.11, -5.11, 0.00, 7.54, 0.00, 0.00, 90.00, 0, 0
2.00, 5.70, 20.00, 20.00, -1599.47, 20.00, 4.63, 2.22, -3.89, 248.39, 34.73, 37.31, -53.32, 82.62, 0, 0
2.00, 5.70, 20.11, 20.11, -797.71, 20.00, 4.63, 5.00, -1.14, 385.44, 69.75, 49.98, -41.94, 74.21, 0, 0
2.00, 5.70, 20.00, 20.00, -1899.58, 20.00, 4.63, 7.22, 1.02, 280.60, 96.06, 63.45, -28.91, 67.61, 0, 0
2.00, 5.70, 20.00, 20.00, -2214.82, 20.00, 4.63, 8.89, 2.73, 150.89, 105.99, 77.27, -14.27, 63.41, 0, 0
2.00, 5.70, 20.00, 20.00, -2178.72, 20.00, 4.63, 10.00, 3.82, 0.00, 121.74, 0.00, 1.37, 62.13, 0, 0
2.00, 5.70, 19.58, 19.58, -2622.55, 20.00, 4.63, 10.00, 3.82, 0.00, 118.79, 0.00, 16.91, 63.94, 0, 0
2.00, 5.70, 19.25, 19.25, -3035.55, 20.00, 4.63, 10.00, 3.82, 0.00, 98.09, 0.00, 31.29, 68.60, 0, 0
2.00, 5.70, 18.93, 18.93, -3512.26, 20.00, 4.63, 8.89, 2.73, 0.00, 63.83, 0.00, 44.02, 75.55, 0, 0
2.00, 5.70, 18.61, 18.61, -4032.26, 20.00, 4.63, 7.78, 1.65, 0.00, 39.60, 0.00, 55.15, 84.22, 0, 0
2.00, 5.70, 18.30, 18.30, -4457.36, 20.00, 4.63, 7.22, 1.02, 0.00, 5.66, 0.00, 0.00, 90.00, 0, 0
2.00, 5.70, 18.06, 18.06, -4735.76, 20.00, 4.63, 6.67, 0.40, 0.00, 0.00, 0.00, 0.00, 90.00, 0, 0
2.00, 5.70, 17.86, 17.86, -4952.60, 20.00, 4.63, 6.11, -0.06, 0.00, 0.00, 0.00, 0.00, 90.00, 0, 0
2.00, 5.70, 17.69, 17.69, -5143.41, 20.00, 4.63, 5.56, -0.68, 0.00, 0.00, 0.00, 0.00, 90.00, 0, 0
2.00, 5.70, 17.54, 17.54, -5318.79, 20.00, 4.63, 5.00, -1.29, 0.00, 0.00, 0.00, 0.00, 90.00, 0, 0
2.00, 5.70, 17.40, 17.40, -5485.07, 20.00, 4.63, 4.44, -1.75, 0.00, 0.00, 0.00, 0.00, 90.00, 0, 0
2.00, 5.70, 17.26, 17.26, -5646.47, 20.00, 4.63, 3.89, -2.36, 0.00, 0.00, 0.00, 0.00, 90.00, 0, 0
2.00, 5.70, 17.13, 17.13, -5805.39, 20.00, 4.63, 3.33, -2.98, 0.00, 0.00, 0.00, 0.00, 90.00, 0, 0
2.00, 5.70, 17.00, 17.00, -5963.25, 20.00, 4.63, 2.78, -3.43, 0.00, 0.00, 0.00, 0.00, 90.00, 0, 0
2.00, 5.70, 16.87, 16.87, -6121.28, 20.00, 4.63, 2.22, -4.04, 0.00, 0.00, 0.00, 0.00, 90.00, 0, 0
2.00, 5.70, 16.73, 16.73, -6280.07, 20.00, 4.63, 1.67, -4.65, 0.00, 0.00, 0.00, 0.00, 90.00, 0, 0
2.00, 5.70, 16.60, 16.60, -6440.03, 20.00, 4.63, 1.11, -5.27, 0.00, 0.00, 0.00, 0.00, 90.00, 0, 0
2.00, 5.70, 20.00, 20.00, -6403.72, 20.00, 4.63, 0.00, -6.34, 0.00, 0.00, 0.00, 0.00, 90.00, 0, 0
2.00, 5.70, 20.00, 20.00, -6522.38, 20.00, 4.63, -0.56, -6.79, 0.00, 0.00, 0.00, 0.00, 90.00, 0, 0
2.00, 5.70, 20.00, 20.00, -6528.77, 20.00, 4.63, -0.56, -6.95, 0.00, 3.77, 0.00, 0.00, 90.00, 0, 0
2.00, 5.70, 20.00, 20.00, -6215.27, 20.00, 4.63, 0.00, -6.34, 15.09, 27.06, 37.16, -53.49, 82.54, 0, 0
2.00, 5.70, 20.00, 20.00, -4960.61, 20.00, 4.63, 1.11, -5.11, 154.61, 67.31, 49.84, -42.10, 74.11, 0, 0
2.00, 5.70, 20.00, 20.00, -4872.63, 20.00, 4.63, 2.78, -3.43, 155.73, 99.87, 63.33, -29.06, 67.49, 0, 0
2.00, 5.70, 20.00, 20.00, -4793.82, 20.00, 4.63, 3.89, -2.36, 93.89, 118.52, 77.17, -14.40, 63.26, 0, 0
2.00, 5.70, 20.00, 20.00, -4357.28, 20.00, 4.63, 5.00, -1.14, 0.00, 115.62, 0.00, 1.28, 61.96, 0, 0
2.00, 5.70, 19.48, 19.48, -2970.89, 20.00, 4.63, 5.56, -0.68, 0.00, 104.83, 0.00, 16.86, 63.76, 0, 0
2.00, 5.70, 19.08, 19.08, -3449.72, 20.00, 4.63, 5.56, -0.68, 0.00, 91.22, 0.00, 31.29, 68.41, 0, 0
2.00, 5.70, 18.76, 18.76, -3850.65, 20.00, 4.63, 5.56, -0.68, 0.00, 68.48, 0.00, 44.05, 75.37, 0, 0
2.00, 5.70, 18.40, 18.40, -4429.13, 20.00, 4.63, 4.44, -1.75, 0.00, 52.80, 0.00, 55.20, 84.04, 0, 0
2.00, 5.70, 18.06, 18.06, -4932.43, 20.00, 4.63, 3.89, -2.36, 0.00, 7.54, 0.00, 0.00, 90.00, 0, 0
2.00, 5.70, 17.77, 17.77, -5252.98, 20.00, 4.63, 3.33, -2.82, 0.00, 0.00, 0.00, 0.00, 90.00, 0, 0
2.00, 5.70, 17.54, 17.54, -5498.85, 20.00, 4.63, 2.78, -3.43, 0.00, 0.00, 0.00, 0.00, 90.00, 0, 0
2.00, 5.70, 17.36, 17.36, -5673.75, 20.00, 4.63, 2.78, -3.43, 0.00, 0.00, 0.00, 0.00, 90.00, 0, 0
2.00, 5.70, 17.19, 17.19, -5860.56, 20.00, 4.63, 2.22, -4.04, 0.00, 0.00, 0.00, 0.00, 90.00, 0, 0
2.00, 5.70, 17.04, 17.04, -6038.23, 20.00, 4.63, 1.67, -4.50, 0.00, 0.00, 0.00, 0.00, 90.00, 0, 0
2.00, 5.70, 16.89, 16.89, -6210.78, 20.00, 4.63, 1.11, -5.11, 0.00, 0.00, 0.00, 0.00, 90.00, 0, 0
2.00, 5.70, 16.75, 16.75, -6340.53, 20.00, 4.63, 1.11, -5.11, 0.00, 0.00, 0.00, 0.00, 90.00, 0, 0
2.00, 5.70, 16.63, 16.63, -6459.80, 20.00, 4.63, 1.11, -5.11, 0.00, 0.00, 0.00, 0.00, 90.00, 0, 0
2.00, 5.70, 16.52, 16.52, -6571.82, 20.00, 4.63, 1.11, -5.11, 0.00, 0.00, 0.00, 0.00, 90.00, 0, 0
2.00, 5.70, 16.41, 16.41, -6678.62, 20.00, 4.63, 1.11, -5.11, 0.00, 0.00, 0.00, 0.00, 90.00, 0, 0
2.00, 5.70, 16.30, 16.30, -6781.39, 20.00, 4.63, 1.11, -5.11, 0.00, 0.00, 0.00, 0.00, 90.00, 0, 0
2.00, 5.70, 20.00, 20.00, -6367.81, 20.00, 4.63, 1.11, -5.11, 0.00, 0.00, 0.00, 0.00, 90.00, 0, 0
2.00, 5.70, 20.00, 20.00, -6370.03, 20.00, 4.63, 1.11, -5.11, 0.00, 0.00, 0.00, 0.00, 90.00, 0, 0
2.00, 5.70, 20.00, 20.00, -6252.86, 20.00, 4.63, 1.67, -4.50, 0.00, 5.66, 0.00, 0.00, 90.00, 0, 0
2.00, 5.70, 20.00, 20.00, -3273.45, 20.00, 4.63, 2.78, -3.29, 284.70, 31.45, 37.00, -53.67, 82.47, 0, 0
2.00, 5.70, 20.00, 20.00, -2254.25, 20.00, 4.63, 5.56, -0.52, 420.23, 59.99, 49.71, -42.27, 74.01, 0, 0
2.00, 5.70, 20.00, 20.00, -2803.19, 20.00, 4.63, 8.33, 2.27, 375.23, 76.32, 63.22, -29.22, 67.36, 0, 0
2.00, 5.70, 20.00, 20.00, -3095.95, 20.00, 4.63, 10.00, 3.99, 184.23, 88.28, 77.07, -14.53, 63.11, 0, 0
2.00, 5.70, 20.00, 20.00, -2622.04, 20.00, 4.63, 11.67, 5.72, 0.00, 93.21, 0.00, 1.19, 61.79, 0, 0
2.00, 5.70, 19.87, 19.87, -1760.38, 20.00, 4.63, 12.22, 6.35, 0.00, 81.10, 0.00, 16.82, 63.57, 0, 0
2.00, 5.70, 19.75, 19.75, -1981.18, 20.00, 4.63, 12.78, 6.82, 0.00, 85.44, 0.00, 31.29, 68.22, 0, 0
2.00, 5.70, 19.50, 19.50, -2585.59, 20.00, 4.63, 11.67, 5.72, 0.00, 67.56, 0.00, 44.08, 75.18, 0, 0
2.00, 5.70, 19.15, 19.15, -3275.15, 20.00, 4.63, 10.00, 4.15, 0.00, 33.94, 0.00, 55.25, 83.85, 0, 0
2.00, 5.70, 18.85, 18.85, -3699.58, 20.00, 4.63, 9.44, 3.52, 0.00, 7.54, 0.00, 0.00, 90.00, 0, 0
2.00, 5.70, 18.61, 18.61, -3960.15, 20.00, 4.63, 9.44, 3.52, 0.00, 0.00, 0.00, 0.00, 90.00, 0, 0
2.00, 5.70, 18.42, 18.42, -4175.27, 20.00, 4.63, 8.89, 3.05, 0.00, 0.00, 0.00, 0.00, 90.00, 0, 0
2.00, 5.70, 18.28, 18.28, -4321.61, 20.00, 4.63, 8.89, 3.05, 0.00, 0.00, 0.00, 0.00, 90.00, 0, 0
2.00, 5.70, 18.16, 18.16, -4441.08, 20.00, 4.63, 8.89, 3.05, 0.00, 0.00, 0.00, 0.00, 90.00, 0, 0
2.00, 5.70, 18.06, 18.06, -4543.01, 20.00, 4.63, 8.89, 3.05, 0.00, 0.00, 0.00, 0.00, 90.00, 0, 0
2.00, 5.70, 17.96, 17.96, -4672.56, 20.00, 4.63, 8.33, 2.58, 0.00, 0.00, 0.00, 0.00, 90.00, 0, 0
2.00, 5.70, 17.87, 17.87, -4763.64, 20.00, 4.63, 8.33, 2.58, 0.00, 0.00, 0.00, 0.00, 90.00, 0, 0
2.00, 5.70, 17.79, 17.79, -4846.80, 20.00, 4.63, 8.33, 2.43, 0.00, 0.00, 0.00, 0.00, 90.00, 0, 0
2.00, 5.70, 17.71, 17.71, -4963.58, 20.00, 4.63, 7.78, 1.96, 0.00, 0.00, 0.00, 0.00, 90.00, 0, 0
2.00, 5.70, 17.63, 17.63, -5045.88, 20.00, 4.63, 7.78, 1.96, 0.00, 0.00, 0.00, 0.00, 90.00, 0, 0
2.00, 5.70, 17.55, 17.55, -5122.82, 20.00, 4.63, 7.78, 1.96, 0.00, 0.00, 0.00, 0.00, 90.00, 0, 0
2.00, 5.70, 20.00, 20.00, -4869.46, 20.00, 4.63, 7.22, 1.48, 0.00, 0.00, 0.00, 0.00, 90.00, 0, 0
2.00, 5.70, 20.00, 20.00, -4869.81, 20.00, 4.63, 7.22, 1.48, 0.00, 0.00, 0.00, 0.00, 90.00, 0, 0
2.00, 5.70, 20.00, 20.00, -4866.70, 20.00, 4.63, 7.22, 1.62, 0.00, 1.89, 0.00, 0.00, 90.00, 0, 0
2.00, 5.70, 20.00, 20.00, -3658.26, 20.00, 4.63, 8.33, 2.71, 95.94, 31.70, 36.84, -53.85, 82.38, 0, 0
2.00, 5.70, 20.00, 20.00, -2655.76, 20.00, 4.63, 10.00, 4.43, 202.51, 68.21, 49.58, -42.45, 73.91, 0, 0
2.00, 5.70, 20.00, 20.00, -2690.66, 20.00, 4.63, 12.22, 6.64, 165.52, 103.05, 63.11, -29.38, 67.23, 0, 0
2.00, 5.70, 20.00, 20.00, -3006.67, 20.00, 4.63, 12.78, 7.26, 33.42, 109.78, 76.97, -14.66, 62.95, 0, 0
2.00, 5.70, 20.00, 20.00, -3182.26, 20.00, 4.63, 12.78, 7.26, 0.00, 93.53, 0.00, 1.10, 61.60, 0, 0
2.00, 5.70, 19.64, 19.64, -2665.75, 20.00, 4.63, 12.78, 7.26, 0.00, 99.49, 0.00, 16.78, 63.38, 0, 0
2.00, 5.70, 19.40, 19.40, -2889.11, 20.00, 4.63, 12.78, 7.26, 0.00, 88.87, 0.00, 31.29, 68.02, 0, 0
2.00, 5.70, 19.18, 19.18, -3207.46, 20.00, 4.63, 12.22, 6.77, 0.00, 57.64, 0.00, 44.12, 74.99, 0, 0
2.00, 5.70, 18.96, 18.96, -3535.26, 20.00, 4.63, 11.67, 6.15, 0.00, 24.51, 0.00, 55.32, 83.67, 0, 0
2.00, 5.70, 18.76, 18.76, -3811.64, 20.00, 4.63, 11.11, 5.66, 0.00, 3.77, 0.00, 0.00, 90.00, 0, 0
2.00, 5.70, 18.60, 18.60, -4003.82, 20.00, 4.63, 10.56, 5.17, 0.00, 0.00, 0.00, 0.00, 90.00, 0, 0
2.00, 5.70, 18.47, 18.47, -4121.48, 20.00, 4.63, 10.56, 5.17, 0.00, 0.00, 0.00, 0.00, 90.00, 0, 0
2.00, 5.70, 18.37, 18.37, -4217.08, 20.00, 4.63, 10.56, 5.05, 0.00, 0.00, 0.00, 0.00, 90.00, 0, 0
2.00, 5.70, 18.28, 18.28, -4338.01, 20.00, 4.63, 10.00, 4.56, 0.00, 0.00, 0.00, 0.00, 90.00, 0, 0
2.00, 5.70, 18.20, 18.20, -4419.71, 20.00, 4.63, 10.00, 4.56, 0.00, 0.00, 0.00, 0.00, 90.00, 0, 0
2.00, 5.70, 18.11, 18.11, -4532.48, 20.00, 4.63, 9.44, 4.07, 0.00, 0.00, 0.00, 0.00, 90.00, 0, 0
2.00, 5.70, 18.04, 18.04, -4609.46, 20.00, 4.63, 9.44, 3.94, 0.00, 0.00, 0.00, 0.00, 90.00, 0, 0
2.00, 5.70, 17.97, 17.97, -4680.22, 20.00, 4.63, 9.44, 3.94, 0.00, 0.00, 0.00, 0.00, 90.00, 0, 0
2.00, 5.70, 17.90, 17.90, -4746.68, 20.00, 4.63, 9.44, 3.94, 0.00, 0.00, 0.00, 0.00, 90.00, 0, 0
2.00, 5.70, 17.83, 17.83, -4849.40, 20.00, 4.63, 8.89, 3.46, 0.00, 0.00, 0.00, 0.00, 90.00, 0, 0
2.00, 5.70, 17.76, 17.76, -4919.42, 20.00, 4.63, 8.89, 3.46, 0.00, 0.00, 0.00, 0.00, 90.00, 0, 0
2.00, 5.70, 20.00, 20.00, -4526.13, 20.00, 4.63, 8.89, 3.46, 0.00, 0.00, 0.00, 0.00, 90.00, 0, 0
2.00, 5.70, 20.00, 20.00, -4620.68, 20.00, 4.63, 8.33, 2.97, 0.00, 0.00, 0.00, 0.00, 90.00, 0, 0
2.00, 5.70, 20.00, 20.00, -4490.31, 20.00, 4.63, 8.89, 3.46, 0.00, 9.43, 0.00, 0.00, 90.00, 0, 0
2.00, 5.70, 20.21, 20.21, -1116.89, 20.00, 4.63, 10.56, 5.17, 308.68, 30.92, 36.67, -54.03, 82.30, 0, 0
2.00, 5.70, 20.21, 20.21, -1462.45, 20.00, 4.63, 12.22, 6.89, 276.91, 63.48, 49.44, -42.62, 73.80, 0, 0
2.00, 5.70, 20.07, 20.07, -1954.79, 20.00, 4.63, 13.89, 8.50, 214.86, 95.09, 62.99, -29.54, 67.09, 0, 0
2.00, 5.70, 20.00, 20.00, -2160.14, 20.00, 4.63, 15.00, 9.61, 73.75, 124.11, 76.88, -14.79, 62.79, 0, 0
2.00, 5.70, 20.00, 20.00, -2223.66, 20.00, 4.63, 15.56, 10.23, 0.00, 124.95, 0.00, 1.02, 61.42, 0, 0
2.00, 5.70, 19.85, 19.85, -2117.61, 20.00, 4.63, 15.00, 9.74, 0.00, 103.94, 0.00, 16.74, 63.18, 0, 0
2.00, 5.70, 19.73, 19.73, -2304.71, 20.00, 4.63, 15.00, 9.61, 0.00, 86.47, 0.00, 31.30, 67.82, 0, 0
2.00, 5.70, 19.53, 19.53, -2722.18, 20.00, 4.63, 13.89, 8.62, 0.00, 35.48, 0.00, 44.16, 74.79, 0, 0
2.00, 5.70, 19.31, 19.31, -3110.05, 20.00, 4.63, 12.78, 7.51, 0.00, 3.77, 0.00, 55.38, 83.48, 0, 0
2.00, 5.70, 19.14, 19.14, -3307.93, 20.00, 4.63, 12.22, 6.89, 0.00, 3.77, 0.00, 0.00, 90.00, 0, 0
2.00, 5.70, 19.00, 19.00, -3454.36, 20.00, 4.63, 12.22, 6.89, 0.00, 0.00, 0.00, 0.00, 90.00, 0, 0
2.00, 5.70, 18.89, 18.89, -3599.61, 20.00, 4.63, 11.67, 6.40, 0.00, 0.00, 0.00, 0.00, 90.00, 0, 0
2.00, 5.70, 18.79, 18.79, -3697.15, 20.00, 4.63, 11.67, 6.28, 0.00, 0.00, 0.00, 0.00, 90.00, 0, 0
2.00, 5.70, 18.70, 18.70, -3820.40, 20.00, 4.63, 11.11, 5.79, 0.00, 0.00, 0.00, 0.00, 90.00, 0, 0
2.00, 5.70, 18.62, 18.62, -3904.55, 20.00, 4.63, 11.11, 5.79, 0.00, 0.00, 0.00, 0.00, 90.00, 0, 0
2.00, 5.70, 18.56, 18.56, -3980.57, 20.00, 4.63, 11.11, 5.66, 0.00, 0.00, 0.00, 0.00, 90.00, 0, 0
2.00, 5.70, 18.48, 18.48, -4090.07, 20.00, 4.63, 10.56, 5.17, 0.00, 0.00, 0.00, 0.00, 90.00, 0, 0
2.00, 5.70, 18.40, 18.40, -4204.67, 20.00, 4.63, 10.00, 4.56, 0.00, 0.00, 0.00, 0.00, 90.00, 0, 0
2.00, 5.70, 18.31, 18.31, -4322.98, 20.00, 4.63, 9.44, 4.07, 0.00, 0.00, 0.00, 0.00, 90.00, 0, 0
2.00, 5.70, 18.23, 18.23, -4405.15, 20.00, 4.63, 9.44, 3.94, 0.00, 0.00, 0.00, 0.00, 90.00, 0, 0
2.00, 5.70, 18.15, 18.15, -4520.27, 20.00, 4.63, 8.89, 3.46, 0.00, 0.00, 0.00, 0.00, 90.00, 0, 0
2.00, 5.70, 20.00, 20.00, -4486.45, 20.00, 4.63, 8.33, 2.97, 0.00, 0.00, 0.00, 0.00, 90.00, 0, 0
2.00, 5.70, 20.00, 20.00, -4492.33, 20.00, 4.63, 8.33, 2.84, 0.00, 0.00, 0.00, 0.00, 90.00, 0, 0
2.00, 5.70, 20.00, 20.00, -4473.24, 20.00, 4.63, 8.33, 2.84, 0.00, 7.54, 0.00, 0.00, 90.00, 0, 0
2.00, 5.70, 20.00, 20.00, -4199.98, 20.00, 4.63, 9.44, 3.94, 0.00, 30.17, 36.51, -54.22, 82.20, 0, 0
2.00, 5.70, 20.00, 20.00, -3476.03, 20.00, 4.63, 10.56, 5.17, 57.59, 68.74, 49.31, -42.79, 73.68, 0, 0
2.00, 5.70, 20.00, 20.00, -2686.08, 20.00, 4.63, 12.78, 7.39, 152.41, 102.71, 62.88, -29.69, 66.94, 0, 0
2.00, 5.70, 20.00, 20.00, -2342.39, 20.00, 4.63, 14.44, 9.12, 131.22, 108.17, 76.79, -14.92, 62.61, 0, 0
2.00, 5.70, 20.10, 20.10, -1738.79, 20.00, 4.63, 16.11, 10.73, 0.00, 98.26, 0.00, 0.93, 61.23, 0, 0
2.00, 5.70, 20.25, 20.25, -1162.84, 20.00, 4.63, 17.22, 11.84, 0.00, 91.32, 0.00, 16.71, 62.98, 0, 0
2.00, 5.70, 20.30, 20.30, -1295.32, 20.00, 4.63, 17.78, 12.34, 0.00, 81.93, 0.00, 31.31, 67.62, 0, 0
2.00, 5.70, 20.22, 20.22, -1628.41, 20.00, 4.63, 17.22, 11.84, 0.00, 61.47, 0.00, 44.21, 74.59, 0, 0
2.00, 5.70, 20.03, 20.03, -2096.37, 20.00, 4.63, 16.11, 10.73, 0.00, 47.14, 0.00, 55.45, 83.28, 0, 0
2.00, 5.70, 19.81, 19.81, -2514.45, 20.00, 4.63, 15.00, 9.61, 0.00, 7.54, 0.00, 0.00, 90.00, 0, 0
2.00, 5.70, 19.63, 19.63, -2755.04, 20.00, 4.63, 14.44, 8.99, 0.00, 0.00, 0.00, 0.00, 90.00, 0, 0
2.00, 5.70, 19.48, 19.48, -2929.72, 20.00, 4.63, 13.89, 8.50, 0.00, 0.00, 0.00, 0.00, 90.00, 0, 0
2.00, 5.70, 19.36, 19.36, -3079.51, 20.00, 4.63, 13.33, 7.88, 0.00, 0.00, 0.00, 0.00, 90.00, 0, 0
2.00, 5.70, 19.25, 19.25, -3214.92, 20.00, 4.63, 12.78, 7.26, 0.00, 0.00, 0.00, 0.00, 90.00, 0, 0
2.00, 5.70, 19.15, 19.15, -3342.42, 20.00, 4.63, 12.22, 6.64, 0.00, 0.00, 0.00, 0.00, 90.00, 0, 0
2.00, 5.70, 19.06, 19.06, -3465.77, 20.00, 4.63, 11.67, 6.15, 0.00, 0.00, 0.00, 0.00, 90.00, 0, 0
2.00, 5.70, 18.97, 18.97, -3587.61, 20.00, 4.63, 11.11, 5.53, 0.00, 0.00, 0.00, 0.00, 90.00, 0, 0
2.00, 5.70, 18.88, 18.88, -3709.29, 20.00, 4.63, 10.56, 5.05, 0.00, 0.00, 0.00, 0.00, 90.00, 0, 0
2.00, 5.70, 18.77, 18.77, -3871.28, 20.00, 4.63, 9.44, 3.94, 0.00, 0.00, 0.00, 0.00, 90.00, 0, 0
2.00, 5.70, 18.67, 18.67, -4004.57, 20.00, 4.63, 8.89, 3.33, 0.00, 0.00, 0.00, 0.00, 90.00, 0, 0
2.00, 5.70, 18.57, 18.57, -4137.61, 20.00, 4.63, 8.33, 2.71, 0.00, 0.00, 0.00, 0.00, 90.00, 0, 0
2.00, 5.70, 20.00, 20.00, -4652.23, 20.00, 4.63, 7.22, 1.62, 0.00, 0.00, 0.00, 0.00, 90.00, 0, 0
2.00, 5.70, 20.00, 20.00, -4763.01, 20.00, 4.63, 6.67, 1.01, 0.00, 0.00, 0.00, 0.00, 90.00, 0, 0
2.00, 5.70, 20.00, 20.00, -4751.57, 20.00, 4.63, 6.67, 1.01, 0.00, 7.54, 0.00, 0.00, 90.00, 0, 0
2.00, 5.70, 20.20, 20.20, -1489.47, 20.00, 4.63, 8.33, 2.71, 297.28, 31.35, 36.35, -54.41, 82.10, 0, 0
2.00, 5.70, 20.22, 20.22, -1764.24, 20.00, 4.63, 10.00, 4.43, 272.22, 65.83, 49.18, -42.97, 73.55, 0, 0
2.00, 5.70, 20.13, 20.13, -2113.86, 20.00, 4.63, 12.22, 6.64, 225.15, 90.26, 62.77, -29.85, 66.79, 0, 0
2.00, 5.70, 20.10, 20.10, -2083.02, 20.00, 4.63, 13.89, 8.37, 121.21, 110.73, 76.70, -15.04, 62.44, 0, 0
2.00, 5.70, 20.14, 20.14, -1939.89, 20.00, 4.63, 14.44, 8.99, 0.00, 133.61, 0.00, 0.85, 61.03, 0, 0
2.00, 5.70, 20.23, 20.23, -1482.38, 20.00, 4.63, 15.00, 9.48, 0.00, 127.89, 0.00, 16.68, 62.77, 0, 0
2.00, 5.70, 20.25, 20.25, -1572.71, 20.00, 4.63, 14.44, 8.99, 0.00, 96.09, 0.00, 31.33, 67.40, 0, 0
2.00, 5.70, 20.23, 20.23, -1687.35, 20.00, 4.63, 14.44, 8.99, 0.00, 61.77, 0.00, 44.26, 74.38, 0, 0
2.00, 5.70, 20.07, 20.07, -2151.64, 20.00, 4.63, 13.33, 7.88, 0.00, 45.25, 0.00, 55.53, 83.09, 0, 0
2.00, 5.70, 19.86, 19.86, -2563.30, 20.00, 4.63, 12.22, 6.77, 0.00, 5.66, 0.00, 0.00, 90.00, 0, 0
2.00, 5.70, 19.69, 19.69, -2761.00, 20.00, 4.63, 12.22, 6.64, 0.00, 0.00, 0.00, 0.00, 90.00, 0, 0
2.00, 5.70, 19.55, 19.55, -2937.56, 20.00, 4.63, 11.67, 6.15, 0.00, 0.00, 0.00, 0.00, 90.00, 0, 0
2.00, 5.70, 19.43, 19.43, -3096.66, 20.00, 4.63, 11.11, 5.66, 0.00, 0.00, 0.00, 0.00, 90.00, 0, 0
2.00, 5.70, 19.31, 19.31, -3246.01, 20.00, 4.63, 10.56, 5.05, 0.00, 0.00, 0.00, 0.00, 90.00, 0, 0
2.00, 5.70, 19.22, 19.22, -3350.57, 20.00, 4.63, 10.56, 5.05, 0.00, 0.00, 0.00, 0.00, 90.00, 0, 0
2.00, 5.70, 19.13, 19.13, -3482.74, 20.00, 4.63, 10.00, 4.43, 0.00, 0.00, 0.00, 0.00, 90.00, 0, 0
2.00, 5.70, 19.03, 19.03, -3615.97, 20.00, 4.63, 9.44, 3.94, 0.00, 0.00, 0.00, 0.00, 90.00, 0, 0
2.00, 5.70, 18.94, 18.94, -3711.31, 20.00, 4.63, 9.44, 3.81, 0.00, 0.00, 0.00, 0.00, 90.00, 0, 0
2.00, 5.70, 18.85, 18.85, -3838.29, 20.00, 4.63, 8.89, 3.33, 0.00, 0.00, 0.00, 0.00, 90.00, 0, 0
2.00, 5.70, 18.77, 18.77, -3929.66, 20.00, 4.63, 8.89, 3.33, 0.00, 0.00, 0.00, 0.00, 90.00, 0, 0
2.00, 5.70, 18.68, 18.68, -4054.36, 20.00, 4.63, 8.33, 2.84, 0.00, 0.00, 0.00, 0.00, 90.00, 0, 0
2.00, 5.70, 20.00, 20.00, -3145.95, 20.00, 4.63, 8.33, 2.84, 0.00, 0.00, 0.00, 0.00, 90.00, 0, 0
2.00, 5.70, 20.00, 20.00, -3175.70, 20.00, 4.63, 8.33, 2.71, 0.00, 0.00, 0.00, 0.00, 90.00, 0, 0
2.00, 5.70, 20.00, 20.00, -3176.03, 20.00, 4.63, 8.33, 2.84, 0.00, 7.54, 0.00, 0.00, 90.00, 0, 0
2.00, 5.70, 20.34, 20.34, -908.72, 20.00, 4.63, 10.00, 4.56, 206.24, 35.10, 36.18, -54.59, 81.99, 0, 0
2.00, 5.70, 20.65, 20.65, -480.30, 20.00, 4.63, 12.22, 6.77, 266.75, 66.72, 49.04, -43.15, 73.42, 0, 0
2.00, 5.70, 20.59, 20.59, -1160.98, 20.00, 4.63, 13.89, 8.50, 197.00, 96.42, 62.67, -30.01, 66.63, 0, 0
2.00, 5.70, 20.52, 20.52, -1329.89, 20.00, 4.63, 15.56, 10.10, 100.09, 118.69, 76.61, -15.17, 62.25, 0, 0
2.00, 5.70, 20.57, 20.57, -1089.55, 20.00, 4.63, 16.67, 11.22, 0.00, 127.89, 0.00, 0.77, 60.82, 0, 0
2.00, 5.70, 20.63, 20.63, -1016.75, 20.00, 4.63, 17.22, 11.84, 0.00, 117.08, 0.00, 16.66, 62.55, 0, 0
2.00, 5.70, 20.63, 20.63, -1153.41, 20.00, 4.63, 17.22, 11.84, 0.00, 97.35, 0.00, 31.35, 67.19, 0, 0
2.00, 5.70, 20.54, 20.54, -1427.31, 20.00, 4.63, 16.67, 11.35, 0.00, 65.49, 0.00, 44.32, 74.18, 0, 0
2.00, 5.70, 20.38, 20.38, -1823.42, 20.00, 4.63, 15.56, 10.23, 0.00, 29.86, 0.00, 55.61, 82.89, 0, 0
2.00, 5.70, 20.18, 20.18, -2190.82, 20.00, 4.63, 15.00, 9.61, 0.00, 5.66, 0.00, 0.00, 90.00, 0, 0
2.00, 5.70, 20.01, 20.01, -2412.37, 20.00, 4.63, 14.44, 9.12, 0.00, 0.00, 0.00, 0.00, 90.00, 0, 0
2.00, 5.70, 19.87, 19.87, -2581.99, 20.00, 4.63, 13.89, 8.50, 0.00, 0.00, 0.00, 0.00, 90.00, 0, 0
2.00, 5.70, 19.77, 19.77, -2691.99, 20.00, 4.63, 13.89, 8.50, 0.00, 0.00, 0.00, 0.00, 90.00, 0, 0
2.00, 5.70, 19.67, 19.67, -2820.17, 20.00, 4.63, 13.33, 8.00, 0.00, 0.00, 0.00, 0.00, 90.00, 0, 0
2.00, 5.70, 19.58, 19.58, -2944.01, 20.00, 4.63, 12.78, 7.39, 0.00, 0.00, 0.00, 0.00, 90.00, 0, 0
2.00, 5.70, 19.51, 19.51, -3026.54, 20.00, 4.63, 12.78, 7.39, 0.00, 0.00, 0.00, 0.00, 90.00, 0, 0
2.00, 5.70, 19.43, 19.43, -3138.71, 20.00, 4.63, 12.22, 6.77, 0.00, 0.00, 0.00, 0.00, 90.00, 0, 0
2.00, 5.70, 19.35, 19.35, -3253.40, 20.00, 4.63, 11.67, 6.28, 0.00, 0.00, 0.00, 0.00, 90.00, 0, 0
2.00, 5.70, 19.26, 19.26, -3370.63, 20.00, 4.63, 11.11, 5.66, 0.00, 0.00, 0.00, 0.00, 90.00, 0, 0
2.00, 5.70, 19.17, 19.17, -3490.09, 20.00, 4.63, 10.56, 5.17, 0.00, 0.00, 0.00, 0.00, 90.00, 0, 0
2.00, 5.70, 19.10, 19.10, -3572.58, 20.00, 4.63, 10.56, 5.17, 0.00, 0.00, 0.00, 0.00, 90.00, 0, 0
2.00, 5.70, 20.00, 20.00, -4042.08, 20.00, 4.63, 10.00, 4.56, 0.00, 0.00, 0.00, 0.00, 90.00, 0, 0
2.00, 5.70, 20.00, 20.00, -4157.58, 20.00, 4.63, 9.44, 4.07, 0.00, 0.00, 0.00, 0.00, 90.00, 0, 0
2.00, 5.70, 20.00, 20.00, -4055.46, 20.00, 4.63, 10.00, 4.56, 0.00, 5.66, 0.00, 0.00, 90.00, 0, 0
2.00, 5.70, 20.00, 20.00, -3819.67, 20.00, 4.63, 10.56, 5.17, 5.10, 31.61, 36.02, -54.79, 81.88, 0, 0
2.00, 5.70, 20.00, 20.00, -3462.20, 20.00, 4.63, 11.67, 6.28, 10.37, 65.62, 48.91, -43.33, 73.28, 0, 0
2.00, 5.70, 20.00, 20.00, -3397.43, 20.00, 4.63, 12.22, 6.89, 2.91, 64.74, 62.56, -30.18, 66.47, 0, 0
2.00, 5.70, 20.00, 20.00, -3195.15, 20.00, 4.63, 12.78, 7.39, 2.94, 87.57, 76.52, -15.30, 62.06, 0, 0
2.00, 5.70, 20.00, 20.00, -2799.75, 20.00, 4.63, 13.89, 8.50, 0.00, 123.10, 0.00, 0.70, 60.61, 0, 0
2.00, 5.70, 20.07, 20.07, -1898.28, 20.00, 4.63, 14.44, 9.12, 0.00, 124.21, 0.00, 16.64, 62.33, 0, 0
2.00, 5.70, 20.16, 20.16, -1745.72, 20.00, 4.63, 15.56, 10.10, 0.00, 107.96, 0.00, 31.38, 66.97, 0, 0
2.00, 5.70, 20.07, 20.07, -2155.05, 20.00, 4.63, 15.00, 9.61, 0.00, 54.93, 0.00, 44.38, 73.96, 0, 0
2.00, 5.70, 19.90, 19.90, -2561.86, 20.00, 4.63, 14.44, 8.99, 0.00, 15.08, 0.00, 55.70, 82.69, 0, 0
2.00, 5.70, 19.74, 19.74, -2776.96, 20.00, 4.63, 13.89, 8.50, 0.00, 5.66, 0.00, 0.00, 90.00, 0, 0
2.00, 5.70, 19.60, 19.60, -2957.49, 20.00, 4.63, 13.33, 7.88, 0.00, 0.00, 0.00, 0.00, 90.00, 0, 0
2.00, 5.70, 19.49, 19.49, -3098.66, 20.00, 4.63, 12.78, 7.26, 0.00, 0.00, 0.00, 0.00, 90.00, 0, 0
2.00, 5.70, 19.38, 19.38, -3227.99, 20.00, 4.63, 12.22, 6.64, 0.00, 0.00, 0.00, 0.00, 90.00, 0, 0
2.00, 5.70, 19.28, 19.28, -3351.08, 20.00, 4.63, 11.67, 6.15, 0.00, 0.00, 0.00, 0.00, 90.00, 0, 0
2.00, 5.70, 19.19, 19.19, -3471.57, 20.00, 4.63, 11.11, 5.53, 0.00, 0.00, 0.00, 0.00, 90.00, 0, 0
2.00, 5.70, 19.10, 19.10, -3591.46, 20.00, 4.63, 10.56, 4.91, 0.00, 0.00, 0.00, 0.00, 90.00, 0, 0
2.00, 5.70, 18.99, 18.99, -3751.33, 20.00, 4.63, 9.44, 3.81, 0.00, 0.00, 0.00, 0.00, 90.00, 0, 0
2.00, 5.70, 18.89, 18.89, -3882.29, 20.00, 4.63, 8.89, 3.33, 0.00, 0.00, 0.00, 0.00, 90.00, 0, 0
2.00, 5.70, 18.77, 18.77, -4052.50, 20.00, 4.63, 7.78, 2.23, 0.00, 0.00, 0.00, 0.00, 90.00, 0, 0
2.00, 5.70, 18.66, 18.66, -4193.34, 20.00, 4.63, 7.22, 1.62, 0.00, 0.00, 0.00, 0.00, 90.00, 0, 0
2.00, 5.70, 18.55, 18.55, -4333.69, 20.00, 4.63, 6.67, 1.01, 0.00, 0.00, 0.00, 0.00, 90.00, 0, 0
2.00, 5.70, 20.00, 20.00, -5045.67, 20.00, 4.63, 5.56, -0.08, 0.00, 0.00, 0.00, 0.00, 90.00, 0, 0
2.00, 5.70, 20.00, 20.00, -5158.43, 20.00, 4.63, 5.00, -0.69, 0.00, 0.00, 0.00, 0.00, 90.00, 0, 0
2.00, 5.70, 20.00, 20.00, -5026.94, 20.00, 4.63, 5.56, -0.22, 0.00, 13.20, 0.00, 0.00, 90.00, 0, 0
2.00, 5.70, 20.18, 20.18, -1675.54, 20.00, 4.63, 7.22, 1.48, 309.37, 38.80, 35.86, -54.98, 81.76, 0, 0
2.00, 5.70, 20.12, 20.12, -2153.62, 20.00, 4.63, 9.44, 3.67, 247.36, 75.98, 48.78, -43.51, 73.14, 0, 0
2.00, 5.70, 20.04, 20.04, -2353.23, 20.00, 4.63, 11.11, 5.39, 248.02, 98.36, 62.45, -30.34, 66.30, 0, 0
2.00, 5.70, 20.09, 20.09, -2090.77, 20.00, 4.63, 13.33, 7.60, 180.50, 104.27, 76.44, -15.42, 61.86, 0, 0
2.00, 5.70, 20.31, 20.31, -1484.48, 20.00, 4.63, 15.00, 9.19, 0.00, 102.24, 0.00, 0.62, 60.39, 0, 0
2.00, 5.70, 20.58, 20.58, -759.44, 20.00, 4.63, 16.11, 10.30, 0.00, 94.70, 0.00, 16.62, 62.11, 0, 0
2.00, 5.70, 20.72, 20.72, -775.88, 20.00, 4.63, 16.11, 10.30, 0.00, 81.47, 0.00, 31.41, 66.75, 0, 0
2.00, 5.70, 20.72, 20.72, -995.84, 20.00, 4.63, 16.11, 10.14, 0.00, 58.63, 0.00, 44.45, 73.75, 0, 0
2.00, 5.70, 20.57, 20.57, -1505.39, 20.00, 4.63, 14.44, 8.56, 0.00, 30.21, 0.00, 55.80, 82.48, 0, 0
2.00, 5.70, 20.34, 20.34, -1991.25, 20.00, 4.63, 13.33, 7.45, 0.00, 9.43, 0.00, 0.00, 90.00, 0, 0
2.00, 5.70, 20.12, 20.12, -2318.93, 20.00, 4.63, 12.22, 6.35, 0.00, 0.00, 0.00, 0.00, 90.00, 0, 0
2.00, 5.70, 19.93, 19.93, -2579.10, 20.00, 4.63, 11.11, 5.09, 0.00, 0.00, 0.00, 0.00, 90.00, 0, 0
2.00, 5.70, 19.77, 19.77, -2777.65, 20.00, 4.63, 10.56, 4.45, 0.00, 0.00, 0.00, 0.00, 90.00, 0, 0
2.00, 5.70, 19.62, 19.62, -2994.15, 20.00, 4.63, 9.44, 3.36, 0.00, 0.00, 0.00, 0.00, 90.00, 0, 0
2.00, 5.70, 19.47, 19.47, -3207.06, 20.00, 4.63, 8.33, 2.27, 0.00, 0.00, 0.00, 0.00, 90.00, 0, 0
2.00, 5.70, 19.32, 19.32, -3419.77, 20.00, 4.63, 7.22, 1.02, 0.00, 0.00, 0.00, 0.00, 90.00, 0, 0
2.00, 5.70, 19.18, 19.18, -3594.44, 20.00, 4.63, 6.67, 0.56, 0.00, 0.00, 0.00, 0.00, 90.00, 0, 0
2.00, 5.70, 19.04, 19.04, -3802.64, 20.00, 4.63, 5.56, -0.52, 0.00, 0.00, 0.00, 0.00, 90.00, 0, 0
2.00, 5.70, 18.88, 18.88, -4056.83, 20.00, 4.63, 3.89, -2.21, 0.00, 0.00, 0.00, 0.00, 90.00, 0, 0
2.00, 5.70, 18.71, 18.71, -4286.56, 20.00, 4.63, 2.78, -3.43, 0.00, 0.00, 0.00, 0.00, 90.00, 0, 0
2.00, 5.70, 18.54, 18.54, -4519.77, 20.00, 4.63, 1.67, -4.50, 0.00, 0.00, 0.00, 0.00, 90.00, 0, 0
2.00, 5.70, 20.00, 20.00, -5937.20, 20.00, 4.63, 0.56, -5.72, 0.00, 0.00, 0.00, 0.00, 90.00, 0, 0
2.00, 5.70, 20.00, 20.00, -6075.66, 20.00, 4.63, 0.00, -6.34, 0.00, 0.00, 0.00, 0.00, 90.00, 0, 0
2.00, 5.70, 20.00, 20.00, -6165.01, 20.00, 4.63, -0.56, -6.79, 0.00, 13.20, 0.00, 0.00, 90.00, 0, 0
2.00, 5.70, 20.00, 20.00, -4430.86, 20.00, 4.63, 0.00, -6.34, 169.10, 39.63, 35.69, -55.18, 81.64, 0, 0
2.00, 5.70, 20.00, 20.00, -3154.82, 20.00, 4.63, 1.67, -4.65, 350.12, 71.90, 48.65, -43.70, 72.99, 0, 0
2.00, 5.70, 20.00, 20.00, -3545.30, 20.00, 4.63, 3.33, -2.98, 360.14, 81.41, 62.35, -30.50, 66.12, 0, 0
2.00, 5.70, 20.00, 20.00, -3841.93, 20.00, 4.63, 4.44, -1.75, 200.18, 80.70, 76.36, -15.55, 61.66, 0, 0
2.00, 5.70, 20.00, 20.00, -3477.42, 20.00, 4.63, 5.56, -0.68, 0.00, 84.96, 0.00, 0.55, 60.17, 0, 0
2.00, 5.70, 20.10, 20.10, -1795.39, 20.00, 4.63, 5.56, -0.68, 0.00, 81.27, 0.00, 16.61, 61.88, 0, 0
2.00, 5.70, 20.08, 20.08, -1982.28, 20.00, 4.63, 5.56, -0.68, 0.00, 71.30, 0.00, 31.45, 66.52, 0, 0
2.00, 5.70, 19.95, 19.95, -2374.19, 20.00, 4.63, 5.00, -1.29, 0.00, 52.81, 0.00, 44.53, 73.53, 0, 0
2.00, 5.70, 19.70, 19.70, -2926.83, 20.00, 4.63, 3.89, -2.36, 0.00, 29.97, 0.00, 55.90, 82.27, 0, 0
2.00, 5.70, 19.40, 19.40, -3483.22, 20.00, 4.63, 2.78, -3.43, 0.00, 9.43, 0.00, 0.00, 90.00, 0, 0
2.00, 5.70, 19.12, 19.12, -3843.30, 20.00, 4.63, 2.22, -4.04, 0.00, 0.00, 0.00, 0.00, 90.00, 0, 0
2.00, 5.70, 18.89, 18.89, -4123.82, 20.00, 4.63, 1.67, -4.50, 0.00, 0.00, 0.00, 0.00, 90.00, 0, 0
2.00, 5.70, 18.68, 18.68, -4372.96, 20.00, 4.63, 1.11, -5.11, 0.00, 0.00, 0.00, 0.00, 90.00, 0, 0
2.00, 5.70, 18.49, 18.49, -4602.25, 20.00, 4.63, 0.56, -5.72, 0.00, 0.00, 0.00, 0.00, 90.00, 0, 0
2.00, 5.70, 18.32, 18.32, -4819.00, 20.00, 4.63, 0.00, -6.34, 0.00, 0.00, 0.00, 0.00, 90.00, 0, 0
2.00, 5.70, 18.13, 18.13, -5067.80, 20.00, 4.63, -1.11, -7.40, 0.00, 0.00, 0.00, 0.00, 90.00, 0, 0
2.00, 5.70, 17.98, 17.98, -5200.91, 20.00, 4.63, -0.56, -6.95, 0.00, 0.00, 0.00, 0.00, 90.00, 0, 0
2.00, 5.70, 17.84, 17.84, -5350.26, 20.00, 4.63, -0.56, -6.79, 0.00, 0.00, 0.00, 0.00, 90.00, 0, 0
2.00, 5.70, 17.71, 17.71, -5491.92, 20.00, 4.63, -0.56, -6.79, 0.00, 0.00, 0.00, 0.00, 90.00, 0, 0
2.00, 5.70, 17.60, 17.60, -5587.78, 20.00, 4.63, 0.00, -6.34, 0.00, 0.00, 0.00, 0.00, 90.00, 0, 0
2.00, 5.70, 17.48, 17.48, -5709.53, 20.00, 4.63, 0.00, -6.34, 0.00, 0.00, 0.00, 0.00, 90.00, 0, 0
2.00, 5.70, 20.00, 20.00, -6319.94, 20.00, 4.63, 0.56, -5.72, 0.00, 0.00, 0.00, 0.00, 90.00, 0, 0
2.00, 5.70, 20.00, 20.00, -6331.69, 20.00, 4.63, 0.56, -5.72, 0.00, 0.00, 0.00, 0.00, 90.00, 0, 0
2.00, 5.70, 20.00, 20.00, -6093.23, 20.00, 4.63, 1.67, -4.50, 0.00, 13.20, 0.00, 0.00, 90.00, 0, 0
2.00, 5.70, 20.00, 20.00, -5137.70, 20.00, 4.63, 2.78, -3.43, 71.89, 38.77, 35.53, -55.37, 81.51, 0, 0
2.00, 5.70, 20.00, 20.00, -4087.95, 20.00, 4.63, 4.44, -1.75, 185.95, 75.72, 48.52, -43.88, 72.84, 0, 0
2.00, 5.70, 20.00, 20.00, -4365.88, 20.00, 4.63, 6.11, 0.10, 98.42, 109.89, 62.25, -30.66, 65.94, 0, 0
2.00, 5.70, 20.00, 20.00, -4485.27, 20.00, 4.63, 6.67, 0.72, 11.23, 126.40, 76.28, -15.67, 61.45, 0, 0
2.00, 5.70, 20.00, 20.00, -4338.17, 20.00, 4.63, 7.22, 1.19, 0.00, 131.05, 0.00, 0.48, 59.95, 0, 0
2.00, 5.70, 19.67, 19.67, -2846.33, 20.00, 4.63, 7.78, 1.96, 0.00, 125.77, 0.00, 16.60, 61.64, 0, 0
2.00, 5.70, 19.46, 19.46, -3006.08, 20.00, 4.63, 8.33, 2.43, 0.00, 105.36, 0.00, 31.50, 66.29, 0, 0
2.00, 5.70, 19.21, 19.21, -3438.94, 20.00, 4.63, 7.78, 1.96, 0.00, 75.07, 0.00, 44.61, 73.31, 0, 0
2.00, 5.70, 18.95, 18.95, -3857.94, 20.00, 4.63, 6.67, 0.87, 0.00, 35.38, 0.00, 56.01, 82.06, 0, 0
2.00, 5.70, 18.69, 18.69, -4225.89, 20.00, 4.63, 6.67, 0.87, 0.00, 7.54, 0.00, 0.00, 90.00, 0, 0
2.00, 5.70, 18.49, 18.49, -4442.50, 20.00, 4.63, 6.67, 0.87, 0.00, 0.00, 0.00, 0.00, 90.00, 0, 0
2.00, 5.70, 18.34, 18.34, -4551.90, 20.00, 4.63, 7.22, 1.48, 0.00, 0.00, 0.00, 0.00, 90.00, 0, 0
2.00, 5.70, 18.22, 18.22, -4664.28, 20.00, 4.63, 7.22, 1.62, 0.00, 0.00, 0.00, 0.00, 90.00, 0, 0
2.00, 5.70, 18.13, 18.13, -4722.00, 20.00, 4.63, 7.78, 2.10, 0.00, 0.00, 0.00, 0.00, 90.00, 0, 0
2.00, 5.70, 18.06, 18.06, -4760.34, 20.00, 4.63, 8.33, 2.71, 0.00, 0.00, 0.00, 0.00, 90.00, 0, 0
2.00, 5.70, 17.99, 17.99, -4824.01, 20.00, 4.63, 8.33, 2.84, 0.00, 0.00, 0.00, 0.00, 90.00, 0, 0
2.00, 5.70, 17.93, 17.93, -4886.19, 20.00, 4.63, 8.33, 2.71, 0.00, 0.00, 0.00, 0.00, 90.00, 0, 0
2.00, 5.70, 17.88, 17.88, -4907.07, 20.00, 4.63, 8.89, 3.19, 0.00, 0.00, 0.00, 0.00, 90.00, 0, 0
2.00, 5.70, 17.82, 17.82, -4956.44, 20.00, 4.63, 8.89, 3.19, 0.00, 0.00, 0.00, 0.00, 90.00, 0, 0
2.00, 5.70, 17.77, 17.77, -5006.29, 20.00, 4.63, 8.89, 3.19, 0.00, 0.00, 0.00, 0.00, 90.00, 0, 0
2.00, 5.70, 17.71, 17.71, -5055.84, 20.00, 4.63, 8.89, 3.33, 0.00, 0.00, 0.00, 0.00, 90.00, 0, 0
2.00, 5.70, 20.00, 20.00, -4722.50, 20.00, 4.63, 8.89, 3.46, 0.00, 0.00, 0.00, 0.00, 90.00, 0, 0
2.00, 5.70, 20.00, 20.00, -4610.70, 20.00, 4.63, 9.44, 4.07, 0.00, 0.00, 0.00, 0.00, 90.00, 0, 0
2.00, 5.70, 20.00, 20.00, -4592.08, 20.00, 4.63, 9.44, 4.07, 0.00, 1.89, 0.00, 0.00, 90.00, 0, 0
2.00, 5.70, 20.00, 20.00, -4561.43, 20.00, 4.63, 9.44, 4.07, 0.00, 7.54, 35.36, -55.57, 81.37, 0, 0
2.00, 5.70, 20.00, 20.00, -4418.44, 20.00, 4.63, 10.00, 4.56, 0.00, 16.97, 48.40, -44.07, 72.68, 0, 0
2.00, 5.70, 20.00, 20.00, -4263.92, 20.00, 4.63, 10.56, 5.17, 0.00, 28.28, 62.15, -30.82, 65.75, 0, 0
2.00, 5.70, 20.00, 20.00, -4188.22, 20.00, 4.63, 10.56, 5.17, 0.00, 43.37, 76.20, -15.79, 61.24, 0, 0
2.00, 5.70, 20.00, 20.00, -4033.65, 20.00, 4.63, 11.11, 5.79, 0.00, 52.80, 0.00, 0.42, 59.71, 0, 0
2.00, 5.70, 19.41, 19.41, -3495.65, 20.00, 4.63, 11.11, 5.79, 0.00, 41.48, 0.00, 16.60, 61.40, 0, 0
2.00, 5.70, 19.02, 19.02, -3809.78, 20.00, 4.63, 11.11, 5.79, 0.00, 28.28, 0.00, 31.54, 66.05, 0, 0
2.00, 5.70, 18.75, 18.75, -4033.35, 20.00, 4.63, 11.11, 5.79, 0.00, 18.86, 0.00, 44.70, 73.08, 0, 0
2.00, 5.70, 18.56, 18.56, -4211.30, 20.00, 4.63, 11.11, 5.79, 0.00, 9.43, 0.00, 56.12, 81.85, 0, 0
2.00, 5.70, 18.41, 18.41, -4344.78, 20.00, 4.63, 11.11, 5.66, 0.00, 3.77, 0.00, 0.00, 90.00, 0, 0
2.00, 5.70, 18.28, 18.28, -4489.09, 20.00, 4.63, 10.56, 5.17, 0.00, 0.00, 0.00, 0.00, 90.00, 0, 0
2.00, 5.70, 18.18, 18.18, -4571.31, 20.00, 4.63, 10.56, 5.17, 0.00, 0.00, 0.00, 0.00, 90.00, 0, 0
2.00, 5.70, 18.10, 18.10, -4638.76, 20.00, 4.63, 10.56, 5.17, 0.00, 0.00, 0.00, 0.00, 90.00, 0, 0
2.00, 5.70, 18.01, 18.01, -4736.24, 20.00, 4.63, 10.00, 4.56, 0.00, 0.00, 0.00, 0.00, 90.00, 0, 0
2.00, 5.70, 17.94, 17.94, -4797.36, 20.00, 4.63, 10.00, 4.56, 0.00, 0.00, 0.00, 0.00, 90.00, 0, 0
2.00, 5.70, 17.88, 17.88, -4852.27, 20.00, 4.63, 10.00, 4.56, 0.00, 0.00, 0.00, 0.00, 90.00, 0, 0
2.00, 5.70, 17.81, 17.81, -4942.52, 20.00, 4.63, 9.44, 3.94, 0.00, 0.00, 0.00, 0.00, 90.00, 0, 0
2.00, 5.70, 17.73, 17.73, -5039.18, 20.00, 4.63, 8.89, 3.33, 0.00, 0.00, 0.00, 0.00, 90.00, 0, 0
2.00, 5.70, 17.65, 17.65, -5140.74, 20.00, 4.63, 8.33, 2.84, 0.00, 0.00, 0.00, 0.00, 90.00, 0, 0
2.00, 5.70, 17.55, 17.55, -5286.06, 20.00, 4.63, 7.22, 1.75, 0.00, 0.00, 0.00, 0.00, 90.00, 0, 0
2.00, 5.70, 17.44, 17.44, -5404.87, 20.00, 4.63, 6.67, 1.14, 0.00, 0.00, 0.00, 0.00, 90.00, 0, 0
2.00, 5.70, 20.00, 20.00, -5206.73, 20.00, 4.63, 6.11, 0.53, 0.00, 0.00, 0.00, 0.00, 90.00, 0, 0
2.00, 5.70, 20.00, 20.00, -5303.23, 20.00, 4.63, 5.56, -0.08, 0.00, 0.00, 0.00, 0.00, 90.00, 0, 0
2.00, 5.70, 20.00, 20.00, -5263.90, 20.00, 4.63, 5.56, 0.04, 0.00, 11.31, 0.00, 0.00, 90.00, 0, 0
2.00, 5.70, 20.00, 20.00, -2318.53, 20.00, 4.63, 7.78, 2.10, 268.10, 35.47, 35.20, -55.78, 81.23, 0, 0
2.00, 5.70, 20.00, 20.00, -2970.88, 20.00, 4.63, 9.44, 3.81, 174.28, 79.67, 48.27, -44.26, 72.51, 0, 0
2.00, 5.70, 20.00, 20.00, -3382.91, 20.00, 4.63, 10.56, 5.05, 72.45, 120.93, 62.05, -30.99, 65.56, 0, 0
2.00, 5.70, 20.00, 20.00, -3289.13, 20.00, 4.63, 11.67, 6.01, 23.46, 134.83, 76.12, -15.91, 61.02, 0, 0
2.00, 5.70, 20.00, 20.00, -2830.93, 20.00, 4.63, 12.78, 7.12, 0.00, 133.41, 0.00, 0.36, 59.47, 0, 0
2.00, 5.70, 19.91, 19.91, -1907.84, 20.00, 4.63, 13.89, 8.23, 0.00, 131.64, 0.00, 16.60, 61.16, 0, 0
2.00, 5.70, 19.78, 19.78, -2196.59, 20.00, 4.63, 13.89, 8.23, 0.00, 113.11, 0.00, 31.60, 65.81, 0, 0
2.00, 5.70, 19.58, 19.58, -2623.09, 20.00, 4.63, 13.33, 7.60, 0.00, 78.13, 0.00, 44.79, 72.85, 0, 0
2.00, 5.70, 19.32, 19.32, -3131.58, 20.00, 4.63, 12.22, 6.50, 0.00, 28.34, 0.00, 56.24, 81.64, 0, 0
2.00, 5.70, 19.06, 19.06, -3522.34, 20.00, 4.63, 11.11, 5.39, 0.00, 1.89, 0.00, 0.00, 90.00, 0, 0
2.00, 5.70, 18.86, 18.86, -3747.14, 20.00, 4.63, 10.56, 4.77, 0.00, 0.00, 0.00, 0.00, 90.00, 0, 0
2.00, 5.70, 18.70, 18.70, -3929.32, 20.00, 4.63, 10.00, 4.15, 0.00, 0.00, 0.00, 0.00, 90.00, 0, 0
2.00, 5.70, 18.54, 18.54, -4129.57, 20.00, 4.63, 8.89, 3.05, 0.00, 0.00, 0.00, 0.00, 90.00, 0, 0
2.00, 5.70, 18.41, 18.41, -4287.58, 20.00, 4.63, 8.33, 2.43, 0.00, 0.00, 0.00, 0.00, 90.00, 0, 0
2.00, 5.70, 18.29, 18.29, -4436.98, 20.00, 4.63, 7.78, 1.81, 0.00, 0.00, 0.00, 0.00, 90.00, 0, 0
2.00, 5.70, 18.16, 18.16, -4621.39, 20.00, 4.63, 6.67, 0.72, 0.00, 0.00, 0.00, 0.00, 90.00, 0, 0
2.00, 5.70, 18.03, 18.03, -4773.60, 20.00, 4.63, 6.11, 0.10, 0.00, 0.00, 0.00, 0.00, 90.00, 0, 0
2.00, 5.70, 17.90, 17.90, -4962.91, 20.00, 4.63, 5.00, -0.98, 0.00, 0.00, 0.00, 0.00, 90.00, 0, 0
2.00, 5.70, 17.76, 17.76, -5160.79, 20.00, 4.63, 3.89, -2.06, 0.00, 0.00, 0.00, 0.00, 90.00, 0, 0
2.00, 5.70, 17.62, 17.62, -5326.52, 20.00, 4.63, 3.33, -2.67, 0.00, 0.00, 0.00, 0.00, 90.00, 0, 0
2.00, 5.70, 17.47, 17.47, -5529.69, 20.00, 4.63, 2.22, -3.75, 0.00, 0.00, 0.00, 0.00, 90.00, 0, 0
2.00, 5.70, 20.00, 20.00, -3809.29, 20.00, 4.63, 1.67, -4.50, 0.00, 0.00, 0.00, 0.00, 90.00, 0, 0
2.00, 5.70, 20.00, 20.00, -3909.02, 20.00, 4.63, 0.56, -5.57, 0.00, 0.00, 0.00, 0.00, 90.00, 0, 0
2.00, 5.70, 20.00, 20.00, -3869.68, 20.00, 4.63, 1.11, -5.11, 0.00, 13.20, 0.00, 0.00, 90.00, 0, 0
2.00, 5.70, 20.97, 20.97, 1394.04, 20.00, 4.63, 3.33, -2.82, 503.69, 29.89, 35.03, -55.98, 81.08, 0, 0
2.00, 5.70, 21.23, 21.23, 694.50, 20.00, 4.63, 6.11, -0.06, 484.12, 65.91, 48.15, -44.45, 72.34, 0, 0
2.00, 5.70, 20.75, 20.75, -1213.02, 20.00, 4.63, 8.33, 2.27, 256.60, 109.36, 61.95, -31.15, 65.36, 0, 0
2.00, 5.70, 20.38, 20.38, -1685.01, 20.00, 4.63, 9.44, 3.36, 149.07, 115.86, 76.05, -16.03, 60.79, 0, 0
2.00, 5.70, 20.31, 20.31, -1373.53, 20.00, 4.63, 11.11, 5.09, 0.00, 95.52, 0.00, 0.30, 59.23, 0, 0
2.00, 5.70, 20.34, 20.34, -1234.59, 20.00, 4.63, 12.22, 6.18, 0.00, 90.05, 0.00, 16.60, 60.91, 0, 0
2.00, 5.70, 20.32, 20.32, -1377.61, 20.00, 4.63, 12.22, 6.18, 0.00, 77.99, 0.00, 31.66, 65.57, 0, 0
2.00, 5.70, 20.18, 20.18, -1768.50, 20.00, 4.63, 11.67, 5.72, 0.00, 56.35, 0.00, 44.89, 72.62, 0, 0
2.00, 5.70, 19.94, 19.94, -2337.80, 20.00, 4.63, 10.56, 4.45, 0.00, 30.92, 0.00, 56.36, 81.42, 0, 0
2.00, 5.70, 19.64, 19.64, -2899.27, 20.00, 4.63, 9.44, 3.36, 0.00, 11.31, 0.00, 0.00, 90.00, 0, 0
2.00, 5.70, 19.38, 19.38, -3243.88, 20.00, 4.63, 8.89, 2.90, 0.00, 0.00, 0.00, 0.00, 90.00, 0, 0
2.00, 5.70, 19.16, 19.16, -3495.86, 20.00, 4.63, 8.33, 2.27, 0.00, 0.00, 0.00, 0.00, 90.00, 0, 0
2.00, 5.70, 18.98, 18.98, -3711.82, 20.00, 4.63, 7.78, 1.81, 0.00, 0.00, 0.00, 0.00, 90.00, 0, 0
2.00, 5.70, 18.83, 18.83, -3905.47, 20.00, 4.63, 7.22, 1.19, 0.00, 0.00, 0.00, 0.00, 90.00, 0, 0
2.00, 5.70, 18.68, 18.68, -4085.25, 20.00, 4.63, 6.67, 0.56, 0.00, 0.00, 0.00, 0.00, 90.00, 0, 0
2.00, 5.70, 18.55, 18.55, -4256.40, 20.00, 4.63, 6.11, 0.10, 0.00, 0.00, 0.00, 0.00, 90.00, 0, 0
2.00, 5.70, 18.42, 18.42, -4422.64, 20.00, 4.63, 5.56, -0.52, 0.00, 0.00, 0.00, 0.00, 90.00, 0, 0
2.00, 5.70, 18.29, 18.29, -4586.02, 20.00, 4.63, 5.00, -0.98, 0.00, 0.00, 0.00, 0.00, 90.00, 0, 0
2.00, 5.70, 18.17, 18.17, -4708.68, 20.00, 4.63, 5.00, -1.14, 0.00, 0.00, 0.00, 0.00, 90.00, 0, 0
2.00, 5.70, 18.05, 18.05, -4861.43, 20.00, 4.63, 4.44, -1.60, 0.00, 0.00, 0.00, 0.00, 90.00, 0, 0
2.00, 5.70, 17.93, 17.93, -5016.87, 20.00, 4.63, 3.89, -2.21, 0.00, 0.00, 0.00, 0.00, 90.00, 0, 0
2.00, 5.70, 20.00, 20.00, -5434.41, 20.00, 4.63, 3.89, -2.21, 0.00, 0.00, 0.00, 0.00, 90.00, 0, 0
2.00, 5.70, 20.00, 20.00, -5549.06, 20.00, 4.63, 3.33, -2.67, 0.00, 0.00, 0.00, 0.00, 90.00, 0, 0
2.00, 5.70, 20.00, 20.00, -5425.42, 20.00, 4.63, 3.89, -2.21, 0.00, 11.31, 0.00, 0.00, 90.00, 0, 0
2.00, 5.70, 20.00, 20.00, -2685.62, 20.00, 4.63, 5.56, -0.36, 256.23, 39.62, 34.87, -56.19, 80.93, 0, 0
2.00, 5.70, 20.00, 20.00, -3398.53, 20.00, 4.63, 7.78, 1.81, 135.03, 80.49, 48.02, -44.64, 72.16, 0, 0
2.00, 5.70, 20.00, 20.00, -3682.63, 20.00, 4.63, 8.89, 2.90, 47.61, 118.44, 61.86, -31.32, 65.15, 0, 0
2.00, 5.70, 20.00, 20.00, -3394.88, 20.00, 4.63, 10.00, 3.99, 37.45, 147.01, 75.98, -16.15, 60.56, 0, 0
2.00, 5.70, 20.00, 20.00, -2873.23, 20.00, 4.63, 11.67, 5.72, 0.00, 150.29, 0.00, 0.24, 58.98, 0, 0
2.00, 5.70, 20.02, 20.02, -1798.56, 20.00, 4.63, 12.78, 6.82, 0.00, 122.48, 0.00, 16.61, 60.65, 0, 0
2.00, 5.70, 20.03, 20.03, -1811.15, 20.00, 4.63, 13.33, 7.29, 0.00, 88.17, 0.00, 31.72, 65.32, 0, 0
2.00, 5.70, 19.97, 19.97, -2003.18, 20.00, 4.63, 13.33, 7.29, 0.00, 66.77, 0.00, 44.99, 72.39, 0, 0
2.00, 5.70, 19.81, 19.81, -2429.09, 20.00, 4.63, 12.22, 6.18, 0.00, 38.64, 0.00, 56.49, 81.20, 0, 0
2.00, 5.70, 19.57, 19.57, -2939.29, 20.00, 4.63, 11.11, 5.09, 0.00, 15.08, 0.00, 0.00, 90.00, 0, 0
2.00, 5.70, 19.35, 19.35, -3249.46, 20.00, 4.63, 10.56, 4.62, 0.00, 0.00, 0.00, 0.00, 90.00, 0, 0
2.00, 5.70, 19.16, 19.16, -3463.59, 20.00, 4.63, 10.00, 3.99, 0.00, 0.00, 0.00, 0.00, 90.00, 0, 0
2.00, 5.70, 19.00, 19.00, -3687.23, 20.00, 4.63, 8.89, 2.90, 0.00, 0.00, 0.00, 0.00, 90.00, 0, 0
2.00, 5.70, 18.85, 18.85, -3862.60, 20.00, 4.63, 8.33, 2.27, 0.00, 0.00, 0.00, 0.00, 90.00, 0, 0
2.00, 5.70, 18.72, 18.72, -4025.14, 20.00, 4.63, 7.78, 1.65, 0.00, 0.00, 0.00, 0.00, 90.00, 0, 0
2.00, 5.70, 18.59, 18.59, -4180.17, 20.00, 4.63, 7.22, 1.19, 0.00, 0.00, 0.00, 0.00, 90.00, 0, 0
2.00, 5.70, 18.46, 18.46, -4370.93, 20.00, 4.63, 6.11, 0.10, 0.00, 0.00, 0.00, 0.00, 90.00, 0, 0
2.00, 5.70, 18.33, 18.33, -4529.62, 20.00, 4.63, 5.56, -0.52, 0.00, 0.00, 0.00, 0.00, 90.00, 0, 0
2.00, 5.70, 18.20, 18.20, -4725.43, 20.00, 4.63, 4.44, -1.60, 0.00, 0.00, 0.00, 0.00, 90.00, 0, 0
2.00, 5.70, 18.06, 18.06, -4890.02, 20.00, 4.63, 3.89, -2.21, 0.00, 0.00, 0.00, 0.00, 90.00, 0, 0
2.00, 5.70, 17.92, 17.92, -5092.52, 20.00, 4.63, 2.78, -3.29, 0.00, 0.00, 0.00, 0.00, 90.00, 0, 0
2.00, 5.70, 20.00, 20.00, -5768.73, 20.00, 4.63, 2.22, -3.89, 0.00, 0.00, 0.00, 0.00, 90.00, 0, 0
2.00, 5.70, 20.00, 20.00, -5888.94, 20.00, 4.63, 1.67, -4.50, 0.00, 0.00, 0.00, 0.00, 90.00, 0, 0
2.00, 5.70, 20.00, 20.00, -5855.92, 20.00, 4.63, 1.67, -4.36, 0.00, 15.08, 0.00, 0.00, 90.00, 0, 0
2.00, 5.70, 20.50, 20.50, -447.15, 20.00, 4.63, 4.44, -1.60, 505.69, 32.01, 34.71, -56.39, 80.77, 0, 0
2.00, 5.70, 20.68, 20.68, -686.98, 20.00, 4.63, 7.22, 1.19, 516.02, 60.71, 47.90, -44.83, 71.97, 0, 0
2.00, 5.70, 20.28, 20.28, -2246.23, 20.00, 4.63, 9.44, 3.36, 313.37, 98.07, 61.77, -31.48, 64.94, 0, 0
2.00, 5.70, 20.04, 20.04, -2443.22, 20.00, 4.63, 11.11, 5.09, 165.88, 111.33, 75.91, -16.27, 60.32, 0, 0
2.00, 5.70, 20.07, 20.07, -2004.98, 20.00, 4.63, 12.22, 6.18, 0.00, 102.68, 0.00, 0.18, 58.72, 0, 0
2.00, 5.70, 20.37, 20.37, -885.21, 20.00, 4.63, 13.33, 7.29, 0.00, 103.90, 0.00, 16.62, 60.39, 0, 0
2.00, 5.70, 20.51, 20.51, -937.02, 20.00, 4.63, 13.89, 7.92, 0.00, 93.81, 0.00, 31.80, 65.07, 0, 0
2.00, 5.70, 20.45, 20.45, -1357.10, 20.00, 4.63, 12.78, 6.82, 0.00, 70.38, 0.00, 45.10, 72.15, 0, 0
2.00, 5.70, 20.25, 20.25, -1893.90, 20.00, 4.63, 11.67, 5.72, 0.00, 37.13, 0.00, 56.63, 80.98, 0, 0
2.00, 5.70, 19.99, 19.99, -2415.66, 20.00, 4.63, 10.56, 4.45, 0.00, 13.20, 0.00, 0.00, 90.00, 0, 0
2.00, 5.70, 19.74, 19.74, -2785.81, 20.00, 4.63, 9.44, 3.52, 0.00, 0.00, 0.00, 0.00, 90.00, 0, 0
2.00, 5.70, 19.54, 19.54, -3032.70, 20.00, 4.63, 8.89, 2.90, 0.00, 0.00, 0.00, 0.00, 90.00, 0, 0
2.00, 5.70, 19.37, 19.37, -3245.49, 20.00, 4.63, 8.33, 2.43, 0.00, 0.00, 0.00, 0.00, 90.00, 0, 0
2.00, 5.70, 19.22, 19.22, -3437.61, 20.00, 4.63, 7.78, 1.81, 0.00, 0.00, 0.00, 0.00, 90.00, 0, 0
2.00, 5.70, 19.08, 19.08, -3617.18, 20.00, 4.63, 7.22, 1.19, 0.00, 0.00, 0.00, 0.00, 90.00, 0, 0
2.00, 5.70, 18.95, 18.95, -3789.26, 20.00, 4.63, 6.67, 0.56, 0.00, 0.00, 0.00, 0.00, 90.00, 0, 0
2.00, 5.70, 18.82, 18.82, -3956.86, 20.00, 4.63, 6.11, 0.10, 0.00, 0.00, 0.00, 0.00, 90.00, 0, 0
2.00, 5.70, 18.69, 18.69, -4122.27, 20.00, 4.63, 5.56, -0.52, 0.00, 0.00, 0.00, 0.00, 90.00, 0, 0
2.00, 5.70, 18.57, 18.57, -4286.57, 20.00, 4.63, 5.00, -0.98, 0.00, 0.00, 0.00, 0.00, 90.00, 0, 0
2.00, 5.70, 18.44, 18.44, -4450.87, 20.00, 4.63, 4.44, -1.60, 0.00, 0.00, 0.00, 0.00, 90.00, 0, 0
2.00, 5.70, 18.31, 18.31, -4615.65, 20.00, 4.63, 3.89, -2.21, 0.00, 0.00, 0.00, 0.00, 90.00, 0, 0
2.00, 5.70, 20.00, 20.00, -5428.36, 20.00, 4.63, 3.33, -2.67, 0.00, 0.00, 0.00, 0.00, 90.00, 0, 0
2.00, 5.70, 20.00, 20.00, -5564.19, 20.00, 4.63, 2.78, -3.29, 0.00, 0.00, 0.00, 0.00, 90.00, 0, 0
2.00, 5.70, 20.00, 20.00, -5324.48, 20.00, 4.63, 3.89, -2.21, 0.00, 16.97, 0.00, 0.00, 90.00, 0, 0
2.00, 5.70, 20.72, 20.72, 102.04, 20.00, 4.63, 6.11, 0.10, 506.67, 33.03, 34.55, -56.60, 80.60, 0, 0
2.00, 5.70, 21.05, 21.05, 18.86, 20.00, 4.63, 8.89, 2.90, 534.15, 55.58, 47.78, -45.02, 71.78, 0, 0
2.00, 5.70, 20.78, 20.78, -1354.21, 20.00, 4.63, 11.11, 5.24, 386.11, 81.75, 61.68, -31.64, 64.72, 0, 0
2.00, 5.70, 20.61, 20.61, -1530.92, 20.00, 4.63, 13.33, 7.29, 207.52, 93.13, 75.84, -16.39, 60.08, 0, 0
2.00, 5.70, 20.67, 20.67, -1137.57, 20.00, 4.63, 14.44, 8.56, 0.00, 102.17, 0.00, 0.13, 58.46, 0, 0
2.00, 5.70, 20.91, 20.91, -332.15, 20.00, 4.63, 15.56, 9.66, 0.00, 108.62, 0.00, 16.64, 60.13, 0, 0
2.00, 5.70, 20.98, 20.98, -503.05, 20.00, 4.63, 15.56, 9.66, 0.00, 101.78, 0.00, 31.87, 64.81, 0, 0
2.00, 5.70, 20.87, 20.87, -978.55, 20.00, 4.63, 14.44, 8.56, 0.00, 76.96, 0.00, 45.22, 71.91, 0, 0
2.00, 5.70, 20.63, 20.63, -1579.53, 20.00, 4.63, 12.78, 6.97, 0.00, 38.07, 0.00, 56.77, 80.75, 0, 0
2.00, 5.70, 20.36, 20.36, -2049.50, 20.00, 4.63, 11.67, 5.87, 0.00, 7.54, 0.00, 0.00, 90.00, 0, 0
2.00, 5.70, 20.14, 20.14, -2340.54, 20.00, 4.63, 11.11, 5.24, 0.00, 0.00, 0.00, 0.00, 90.00, 0, 0
2.00, 5.70, 19.96, 19.96, -2562.03, 20.00, 4.63, 10.56, 4.77, 0.00, 0.00, 0.00, 0.00, 90.00, 0, 0
2.00, 5.70, 19.82, 19.82, -2717.00, 20.00, 4.63, 10.56, 4.62, 0.00, 0.00, 0.00, 0.00, 90.00, 0, 0
2.00, 5.70, 19.69, 19.69, -2885.81, 20.00, 4.63, 10.00, 4.15, 0.00, 0.00, 0.00, 0.00, 90.00, 0, 0
2.00, 5.70, 19.57, 19.57, -3047.34, 20.00, 4.63, 9.44, 3.52, 0.00, 0.00, 0.00, 0.00, 90.00, 0, 0
2.00, 5.70, 19.45, 19.45, -3204.55, 20.00, 4.63, 8.89, 3.05, 0.00, 0.00, 0.00, 0.00, 90.00, 0, 0
2.00, 5.70, 19.34, 19.34, -3359.48, 20.00, 4.63, 8.33, 2.58, 0.00, 0.00, 0.00, 0.00, 90.00, 0, 0
2.00, 5.70, 19.23, 19.23, -3513.56, 20.00, 4.63, 7.78, 1.96, 0.00, 0.00, 0.00, 0.00, 90.00, 0, 0
2.00, 5.70, 19.13, 19.13, -3628.01, 20.00, 4.63, 7.78, 1.96, 0.00, 0.00, 0.00, 0.00, 90.00, 0, 0
2.00, 5.70, 19.02, 19.02, -3773.28, 20.00, 4.63, 7.22, 1.48, 0.00, 0.00, 0.00, 0.00, 90.00, 0, 0
2.00, 5.70, 18.91, 18.91, -3921.73, 20.00, 4.63, 6.67, 0.87, 0.00, 0.00, 0.00, 0.00, 90.00, 0, 0
2.00, 5.70, 20.00, 20.00, -4739.61, 20.00, 4.63, 6.11, 0.39, 0.00, 0.00, 0.00, 0.00, 90.00, 0, 0
2.00, 5.70, 20.00, 20.00, -4777.06, 20.00, 4.63, 6.11, 0.39, 0.00, 0.00, 0.00, 0.00, 90.00, 0, 0
2.00, 5.70, 20.00, 20.00, -4795.94, 20.00, 4.63, 6.11, 0.39, 0.00, 3.77, 0.00, 0.00, 90.00, 0, 0
2.00, 5.70, 20.00, 20.00, -4422.20, 20.00, 4.63, 7.22, 1.48, 10.41, 31.01, 34.39, -56.81, 80.43, 0, 0
2.00, 5.70, 20.00, 20.00, -3470.01, 20.00, 4.63, 8.89, 3.19, 91.35, 76.75, 47.67, -45.22, 71.59, 0, 0
2.00, 5.70, 20.00, 20.00, -2540.36, 20.00, 4.63, 11.67, 6.01, 228.11, 110.42, 61.59, -31.81, 64.49, 0, 0
2.00, 5.70, 20.06, 20.06, -2201.97, 20.00, 4.63, 13.89, 8.23, 136.36, 130.90, 75.78, -16.51, 59.83, 0, 0
2.00, 5.70, 20.24, 20.24, -1756.40, 20.00, 4.63, 15.56, 9.82, 0.00, 144.75, 0.00, 0.08, 58.20, 0, 0
2.00, 5.70, 20.48, 20.48, -1053.23, 20.00, 4.63, 16.11, 10.30, 0.00, 129.65, 0.00, 16.67, 59.86, 0, 0
2.00, 5.70, 20.64, 20.64, -930.13, 20.00, 4.63, 16.67, 10.93, 0.00, 99.04, 0.00, 31.95, 64.56, 0, 0
2.00, 5.70, 20.62, 20.62, -1255.43, 20.00, 4.63, 16.11, 10.30, 0.00, 74.07, 0.00, 45.34, 71.67, 0, 0
2.00, 5.70, 20.44, 20.44, -1790.08, 20.00, 4.63, 15.00, 9.19, 0.00, 38.96, 0.00, 56.92, 80.53, 0, 0
2.00, 5.70, 20.23, 20.23, -2192.30, 20.00, 4.63, 13.89, 8.08, 0.00, 11.31, 0.00, 0.00, 90.00, 0, 0
2.00, 5.70, 20.04, 20.04, -2450.92, 20.00, 4.63, 13.33, 7.60, 0.00, 0.00, 0.00, 0.00, 90.00, 0, 0
2.00, 5.70, 19.89, 19.89, -2633.28, 20.00, 4.63, 12.78, 6.97, 0.00, 0.00, 0.00, 0.00, 90.00, 0, 0
2.00, 5.70, 19.76, 19.76, -2791.65, 20.00, 4.63, 12.22, 6.50, 0.00, 0.00, 0.00, 0.00, 90.00, 0, 0
2.00, 5.70, 19.64, 19.64, -2936.50, 20.00, 4.63, 11.67, 5.87, 0.00, 0.00, 0.00, 0.00, 90.00, 0, 0
2.00, 5.70, 19.53, 19.53, -3113.15, 20.00, 4.63, 10.56, 4.77, 0.00, 0.00, 0.00, 0.00, 90.00, 0, 0
2.00, 5.70, 19.42, 19.42, -3255.88, 20.00, 4.63, 10.00, 4.15, 0.00, 0.00, 0.00, 0.00, 90.00, 0, 0
2.00, 5.70, 19.31, 19.31, -3394.99, 20.00, 4.63, 9.44, 3.52, 0.00, 0.00, 0.00, 0.00, 90.00, 0, 0
2.00, 5.70, 19.19, 19.19, -3572.13, 20.00, 4.63, 8.33, 2.43, 0.00, 0.00, 0.00, 0.00, 90.00, 0, 0
2.00, 5.70, 19.08, 19.08, -3719.12, 20.00, 4.63, 7.78, 1.81, 0.00, 0.00, 0.00, 0.00, 90.00, 0, 0
2.00, 5.70, 18.95, 18.95, -3904.42, 20.00, 4.63, 6.67, 0.72, 0.00, 0.00, 0.00, 0.00, 90.00, 0, 0
2.00, 5.70, 18.83, 18.83, -4059.43, 20.00, 4.63, 6.11, 0.25, 0.00, 0.00, 0.00, 0.00, 90.00, 0, 0
2.00, 5.70, 20.00, 20.00, -4944.44, 20.00, 4.63, 5.56, -0.36, 0.00, 0.00, 0.00, 0.00, 90.00, 0, 0
2.00, 5.70, 20.00, 20.00, -5183.71, 20.00, 4.63, 4.44, -1.44, 0.00, 0.00, 0.00, 0.00, 90.00, 0, 0
2.00, 5.70, 20.00, 20.00, -5061.22, 20.00, 4.63, 5.00, -0.98, 0.00, 15.08, 0.00, 0.00, 90.00, 0, 0
2.00, 5.70, 20.74, 20.74, -63.46, 20.00, 4.63, 7.22, 1.34, 461.65, 32.21, 34.23, -57.02, 80.25, 0, 0
2.00, 5.70, 21.14, 21.14, 63.35, 20.00, 4.63, 10.00, 4.15, 504.58, 56.71, 47.55, -45.41, 71.39, 0, 0
2.00, 5.70, 21.00, 21.00, -991.40, 20.00, 4.63, 12.78, 6.82, 376.20, 82.42, 61.51, -31.97, 64.27, 0, 0
2.00, 5.70, 20.85, 20.85, -1289.54, 20.00, 4.63, 14.44, 8.39, 147.04, 119.52, 75.72, -16.62, 59.57, 0, 0
2.00, 5.70, 20.86, 20.86, -1077.46, 20.00, 4.63, 15.00, 9.03, 0.00, 130.56, 0.00, 0.04, 57.93, 0, 0
2.00, 5.70, 21.05, 21.05, -377.90, 20.00, 4.63, 16.11, 10.14, 0.00, 121.27, 0.00, 16.69, 59.59, 0, 0
2.00, 5.70, 21.15, 21.15, -391.38, 20.00, 4.63, 16.11, 10.14, 0.00, 111.51, 0.00, 32.04, 64.29, 0, 0
2.00, 5.70, 21.11, 21.11, -667.57, 20.00, 4.63, 15.56, 9.50, 0.00, 79.33, 0.00, 45.47, 71.42, 0, 0
2.00, 5.70, 20.91, 20.91, -1261.40, 20.00, 4.63, 13.89, 7.92, 0.00, 39.16, 0.00, 57.08, 80.30, 0, 0
2.00, 5.70, 20.66, 20.66, -1733.33, 20.00, 4.63, 12.78, 6.82, 0.00, 11.31, 0.00, 0.00, 90.00, 0, 0
2.00, 5.70, 20.45, 20.45, -2029.65, 20.00, 4.63, 12.22, 6.18, 0.00, 0.00, 0.00, 0.00, 90.00, 0, 0
2.00, 5.70, 20.26, 20.26, -2283.92, 20.00, 4.63, 11.11, 5.24, 0.00, 0.00, 0.00, 0.00, 90.00, 0, 0
2.00, 5.70, 20.10, 20.10, -2480.96, 20.00, 4.63, 10.56, 4.62, 0.00, 0.00, 0.00, 0.00, 90.00, 0, 0
2.00, 5.70, 19.95, 19.95, -2699.11, 20.00, 4.63, 9.44, 3.52, 0.00, 0.00, 0.00, 0.00, 90.00, 0, 0
2.00, 5.70, 19.81, 19.81, -2876.40, 20.00, 4.63, 8.89, 2.90, 0.00, 0.00, 0.00, 0.00, 90.00, 0, 0
2.00, 5.70, 19.67, 19.67, -3084.90, 20.00, 4.63, 7.78, 1.81, 0.00, 0.00, 0.00, 0.00, 90.00, 0, 0
2.00, 5.70, 19.54, 19.54, -3258.59, 20.00, 4.63, 7.22, 1.19, 0.00, 0.00, 0.00, 0.00, 90.00, 0, 0
2.00, 5.70, 19.41, 19.41, -3427.92, 20.00, 4.63, 6.67, 0.56, 0.00, 0.00, 0.00, 0.00, 90.00, 0, 0
2.00, 5.70, 19.28, 19.28, -3595.15, 20.00, 4.63, 6.11, -0.06, 0.00, 0.00, 0.00, 0.00, 90.00, 0, 0
2.00, 5.70, 19.14, 19.14, -3801.28, 20.00, 4.63, 5.00, -1.14, 0.00, 0.00, 0.00, 0.00, 90.00, 0, 0
2.00, 5.70, 19.01, 19.01, -3977.00, 20.00, 4.63, 4.44, -1.60, 0.00, 0.00, 0.00, 0.00, 90.00, 0, 0
2.00, 5.70, 20.00, 20.00, -5176.83, 20.00, 4.63, 3.89, -2.21, 0.00, 0.00, 0.00, 0.00, 90.00, 0, 0
2.00, 5.70, 20.00, 20.00, -5431.49, 20.00, 4.63, 2.78, -3.29, 0.00, 0.00, 0.00, 0.00, 90.00, 0, 0
2.00, 5.70, 20.00, 20.00, -5316.97, 20.00, 4.63, 3.33, -2.67, 0.00, 15.08, 0.00, 0.00, 90.00, 0, 0
2.00, 5.70, 20.52, 20.52, -875.57, 20.00, 4.63, 6.11, 0.10, 399.80, 43.48, 34.07, -57.24, 80.07, 0, 0
2.00, 5.70, 20.58, 20.58, -1474.46, 20.00, 4.63, 8.89, 2.90, 324.31, 83.36, 47.44, -45.61, 71.18, 0, 0
2.00, 5.70, 20.38, 20.38, -2224.29, 20.00, 4.63, 10.56, 4.45, 241.39, 105.07, 61.43, -32.14, 64.03, 0, 0
2.00, 5.70, 20.31, 20.31, -2147.41, 20.00, 4.63, 12.22, 6.18, 146.83, 115.38, 75.67, -16.73, 59.31, 0, 0
2.00, 5.70, 20.44, 20.44, -1665.96, 20.00, 4.63, 13.89, 7.75, 0.02, 115.61, 90.00, -0.00, 57.65, 0, 0
2.00, 5.70, 20.74, 20.74, -713.36, 20.00, 4.63, 15.00, 8.85, 0.00, 110.74, 0.00, 16.73, 59.31, 0, 0
2.00, 5.70, 20.87, 20.87, -776.78, 20.00, 4.63, 15.00, 8.85, 0.00, 95.77, 0.00, 32.14, 64.03, 0, 0
2.00, 5.70, 20.87, 20.87, -1006.22, 20.00, 4.63, 14.44, 8.21, 0.00, 72.22, 0.00, 45.60, 71.18, 0, 0
2.00, 5.70, 20.74, 20.74, -1425.55, 20.00, 4.63, 13.33, 7.11, 0.00, 42.95, 0.00, 57.24, 80.07, 0, 0
2.00, 5.70, 20.51, 20.51, -1948.11, 20.00, 4.63, 11.67, 5.55, 0.00, 18.86, 0.00, 0.00, 90.00, 0, 0
2.00, 5.70, 20.29, 20.29, -2276.44, 20.00, 4.63, 11.11, 4.91, 0.00, 0.00, 0.00, 0.00, 90.00, 0, 0
2.00, 5.70, 20.09, 20.09, -2537.41, 20.00, 4.63, 10.00, 3.82, 0.00, 0.00, 0.00, 0.00, 90.00, 0, 0
2.00, 5.70, 19.93, 19.93, -2739.73, 20.00, 4.63, 9.44, 3.19, 0.00, 0.00, 0.00, 0.00, 90.00, 0, 0
2.00, 5.70, 19.77, 19.77, -2962.33, 20.00, 4.63, 8.33, 2.10, 0.00, 0.00, 0.00, 0.00, 90.00, 0, 0
2.00, 5.70, 19.63, 19.63, -3143.48, 20.00, 4.63, 7.78, 1.48, 0.00, 0.00, 0.00, 0.00, 90.00, 0, 0
2.00, 5.70, 19.48, 19.48, -3355.60, 20.00, 4.63, 6.67, 0.40, 0.00, 0.00, 0.00, 0.00, 90.00, 0, 0
2.00, 5.70, 19.34, 19.34, -3532.67, 20.00, 4.63, 6.11, -0.22, 0.00, 0.00, 0.00, 0.00, 90.00, 0, 0
2.00, 5.70, 19.20, 19.20, -3744.85, 20.00, 4.63, 5.00, -1.29, 0.00, 0.00, 0.00, 0.00, 90.00, 0, 0
2.00, 5.70, 19.04, 19.04, -3964.10, 20.00, 4.63, 3.89, -2.36, 0.00, 0.00, 0.00, 0.00, 90.00, 0, 0
2.00, 5.70, 18.89, 18.89, -4150.01, 20.00, 4.63, 3.33, -2.98, 0.00, 0.00, 0.00, 0.00, 90.00, 0, 0
2.00, 5.70, 18.74, 18.74, -4372.37, 20.00, 4.63, 2.22, -4.04, 0.00, 0.00, 0.00, 0.00, 90.00, 0, 0
2.00, 5.70, 20.00, 20.00, -3554.89, 20.00, 4.63, 1.67, -4.65, 0.00, 0.00, 0.00, 0.00, 90.00, 0, 0
2.00, 5.70, 20.00, 20.00, -3673.73, 20.00, 4.63, 0.56, -5.72, 0.00, 0.00, 0.00, 0.00, 90.00, 0, 0
2.00, 5.70, 20.00, 20.00, -3635.39, 20.00, 4.63, 1.11, -5.11, 0.00, 16.97, 0.00, -67.73, 89.98, 0, 0
2.00, 5.70, 20.57, 20.57, -460.87, 20.00, 4.63, 2.78, -3.43, 308.90, 39.15, 33.92, -57.45, 79.88, 0, 0
2.00, 5.70, 20.68, 20.68, -987.52, 20.00, 4.63, 4.44, -1.75, 284.36, 75.27, 47.33, -45.80, 70.96, 0, 0
2.00, 5.70, 20.40, 20.40, -2009.57, 20.00, 4.63, 6.11, -0.06, 140.66, 120.36, 61.35, -32.30, 63.79, 0, 0
2.00, 5.70, 20.20, 20.20, -2230.08, 20.00, 4.63, 7.22, 1.02, 39.98, 151.18, 75.61, -16.84, 59.04, 0, 0
2.00, 5.70, 20.04, 20.04, -2407.30, 20.00, 4.63, 7.22, 1.02, 0.05, 136.40, 89.97, -0.04, 57.37, 0, 0
2.00, 5.70, 19.75, 19.75, -3064.44, 20.00, 4.63, 6.11, -0.06, 0.00, 60.88, 0.00, 16.77, 59.03, 0, 0
2.00, 5.70, 19.46, 19.46, -3497.88, 20.00, 4.63, 5.00, -1.14, 0.00, 35.83, 0.00, 32.23, 63.76, 0, 0
2.00, 5.70, 19.30, 19.30, -3537.23, 20.00, 4.63, 4.44, -1.60, 0.00, 63.82, 0.00, 45.74, 70.93, 0, 0
2.00, 5.70, 19.14, 19.14, -3732.60, 20.00, 4.63, 3.89, -2.21, 0.00, 45.80, 0.00, 57.40, 79.84, 0, 0
2.00, 5.70, 18.95, 18.95, -4076.35, 20.00, 4.63, 3.89, -2.21, 0.00, 18.86, 0.00, 67.68, 89.93, 0, 0
2.00, 5.70, 18.75, 18.75, -4334.95, 20.00, 4.63, 3.89, -2.06, 0.00, 0.00, 0.00, 0.00, 90.00, 0, 0
2.00, 5.70, 18.60, 18.60, -4460.21, 20.00, 4.63, 4.44, -1.60, 0.00, 0.00, 0.00, 0.00, 90.00, 0, 0
2.00, 5.70, 18.47, 18.47, -4593.91, 20.00, 4.63, 4.44, -1.44, 0.00, 0.00, 0.00, 0.00, 90.00, 0, 0
2.00, 5.70, 18.36, 18.36, -4715.40, 20.00, 4.63, 4.44, -1.44, 0.00, 0.00, 0.00, 0.00, 90.00, 0, 0
2.00, 5.70, 18.25, 18.25, -4828.29, 20.00, 4.63, 4.44, -1.44, 0.00, 0.00, 0.00, 0.00, 90.00, 0, 0
2.00, 5.70, 18.16, 18.16, -4894.99, 20.00, 4.63, 5.00, -0.83, 0.00, 0.00, 0.00, 0.00, 90.00, 0, 0
2.00, 5.70, 18.07, 18.07, -4987.22, 20.00, 4.63, 5.00, -0.83, 0.00, 0.00, 0.00, 0.00, 90.00, 0, 0
2.00, 5.70, 17.99, 17.99, -5037.97, 20.00, 4.63, 5.56, -0.36, 0.00, 0.00, 0.00, 0.00, 90.00, 0, 0
2.00, 5.70, 17.91, 17.91, -5117.06, 20.00, 4.63, 5.56, -0.36, 0.00, 0.00, 0.00, 0.00, 90.00, 0, 0
2.00, 5.70, 17.83, 17.83, -5196.12, 20.00, 4.63, 5.56, -0.36, 0.00, 0.00, 0.00, 0.00, 90.00, 0, 0
2.00, 5.70, 17.76, 17.76, -5234.63, 20.00, 4.63, 6.11, 0.25, 0.00, 0.00, 0.00, 0.00, 90.00, 0, 0
2.00, 5.70, 20.00, 20.00, -5225.37, 20.00, 4.63, 6.11, 0.39, 0.00, 0.00, 0.00, 0.00, 90.00, 0, 0
2.00, 5.70, 20.00, 20.00, -5221.28, 20.00, 4.63, 6.11, 0.53, 0.00, 0.00, 0.00, 0.00, 90.00, 0, 0
2.00, 5.70, 20.00, 20.00, -5108.10, 20.00, 4.63, 6.67, 1.01, 0.00, 3.77, 0.00, -67.96, 89.80, 0, 0
2.00, 5.70, 20.00, 20.00, -4950.65, 20.00, 4.63, 7.22, 1.62, 0.00, 18.86, 33.76, -57.67, 79.69, 0, 0
2.00, 5.70, 20.00, 20.00, -4737.50, 20.00, 4.63, 7.78, 2.23, 0.00, 47.14, 47.23, -46.00, 70.75, 0, 0
2.00, 5.70, 20.00, 20.00, -4444.10, 20.00, 4.63, 8.89, 3.19, 0.00, 67.88, 61.27, -32.47, 63.54, 0, 0
2.00, 5.70, 20.00, 20.00, -4339.63, 20.00, 4.63, 9.44, 3.67, 0.00, 62.22, 75.56, -16.95, 58.77, 0, 0
2.00, 5.70, 20.00, 20.00, -4309.48, 20.00, 4.63, 9.44, 3.81, 0.00, 64.11, 89.94, -0.08, 57.08, 0, 0
2.00, 5.70, 19.45, 19.45, -3503.22, 20.00, 4.63, 9.44, 3.81, 0.00, 65.99, 0.00, 16.81, 58.74, 0, 0
2.00, 5.70, 19.07, 19.07, -3876.34, 20.00, 4.63, 9.44, 3.67, 0.00, 37.71, 0.00, 32.34, 63.49, 0, 0
2.00, 5.70, 18.78, 18.78, -4155.90, 20.00, 4.63, 9.44, 3.67, 0.00, 18.86, 0.00, 45.89, 70.67, 0, 0
2.00, 5.70, 18.56, 18.56, -4375.06, 20.00, 4.63, 8.89, 3.19, 0.00, 13.20, 0.00, 57.57, 79.61, 0, 0
2.00, 5.70, 18.38, 18.38, -4548.08, 20.00, 4.63, 8.89, 3.19, 0.00, 3.77, 0.00, 67.87, 89.71, 0, 0
2.00, 5.70, 18.23, 18.23, -4715.24, 20.00, 4.63, 8.33, 2.58, 0.00, 0.00, 0.00, 0.00, 90.00, 0, 0
2.00, 5.70, 18.11, 18.11, -4817.03, 20.00, 4.63, 8.33, 2.58, 0.00, 0.00, 0.00, 0.00, 90.00, 0, 0
2.00, 5.70, 18.00, 18.00, -4941.57, 20.00, 4.63, 7.78, 2.10, 0.00, 0.00, 0.00, 0.00, 90.00, 0, 0
2.00, 5.70, 17.90, 17.90, -5025.17, 20.00, 4.63, 7.78, 2.10, 0.00, 0.00, 0.00, 0.00, 90.00, 0, 0
2.00, 5.70, 17.82, 17.82, -5099.84, 20.00, 4.63, 7.78, 1.96, 0.00, 0.00, 0.00, 0.00, 90.00, 0, 0
2.00, 5.70, 17.73, 17.73, -5207.92, 20.00, 4.63, 7.22, 1.48, 0.00, 0.00, 0.00, 0.00, 90.00, 0, 0
2.00, 5.70, 17.63, 17.63, -5321.23, 20.00, 4.63, 6.67, 0.87, 0.00, 0.00, 0.00, 0.00, 90.00, 0, 0
2.00, 5.70, 17.53, 17.53, -5438.53, 20.00, 4.63, 6.11, 0.39, 0.00, 0.00, 0.00, 0.00, 90.00, 0, 0
2.00, 5.70, 17.43, 17.43, -5559.46, 20.00, 4.63, 5.56, -0.22, 0.00, 0.00, 0.00, 0.00, 90.00, 0, 0
2.00, 5.70, 17.32, 17.32, -5683.67, 20.00, 4.63, 5.00, -0.83, 0.00, 0.00, 0.00, 0.00, 90.00, 0, 0
2.00, 5.70, 17.21, 17.21, -5810.88, 20.00, 4.63, 4.44, -1.30, 0.00, 0.00, 0.00, 0.00, 90.00, 0, 0
2.00, 5.70, 20.00, 20.00, -5710.25, 20.00, 4.63, 3.89, -1.91, 0.00, 0.00, 0.00, 0.00, 90.00, 0, 0
2.00, 5.70, 20.00, 20.00, -5810.93, 20.00, 4.63, 3.33, -2.52, 0.00, 0.00, 0.00, 0.00, 90.00, 0, 0
2.00, 5.70, 20.00, 20.00, -5788.56, 20.00, 4.63, 3.33, -2.52, 0.00, 7.54, 0.00, -68.19, 89.63, 0, 0
2.00, 5.70, 20.00, 20.00, -4769.18, 20.00, 4.63, 5.00, -0.83, 68.31, 39.70, 33.61, -57.89, 79.49, 0, 0
2.00, 5.70, 20.00, 20.00, -4812.82, 20.00, 4.63, 6.11, 0.39, 30.05, 69.99, 47.12, -46.20, 70.52, 0, 0
2.00, 5.70, 20.00, 20.00, -4445.07, 20.00, 4.63, 7.22, 1.48, 59.27, 106.38, 61.20, -32.63, 63.29, 0, 0
2.00, 5.70, 20.00, 20.00, -3799.65, 20.00, 4.63, 9.44, 3.67, 67.87, 146.36, 75.51, -17.06, 58.50, 0, 0
2.00, 5.70, 20.00, 20.00, -3582.68, 20.00, 4.63, 10.56, 4.77, 0.31, 151.41, 89.91, -0.11, 56.79, 0, 0
2.00, 5.70, 19.57, 19.57, -2928.42, 20.00, 4.63, 10.56, 4.77, 0.00, 141.64, 0.00, 16.86, 58.45, 0, 0
2.00, 5.70, 19.25, 19.25, -3285.41, 20.00, 4.63, 10.56, 4.77, 0.00, 108.89, 0.00, 32.45, 63.21, 0, 0
2.00, 5.70, 18.97, 18.97, -3665.43, 20.00, 4.63, 10.00, 4.29, 0.00, 72.27, 0.00, 46.04, 70.42, 0, 0
2.00, 5.70, 18.70, 18.70, -4056.90, 20.00, 4.63, 8.89, 3.19, 0.00, 36.99, 0.00, 57.75, 79.37, 0, 0
2.00, 5.70, 18.44, 18.44, -4417.03, 20.00, 4.63, 8.33, 2.58, 0.00, 5.66, 0.00, 68.07, 89.49, 0, 0
2.00, 5.70, 18.23, 18.23, -4647.29, 20.00, 4.63, 7.78, 2.10, 0.00, 0.00, 0.00, 0.00, 90.00, 0, 0
2.00, 5.70, 18.08, 18.08, -4787.34, 20.00, 4.63, 7.78, 2.10, 0.00, 0.00, 0.00, 0.00, 90.00, 0, 0
2.00, 5.70, 17.95, 17.95, -4899.51, 20.00, 4.63, 7.78, 2.10, 0.00, 0.00, 0.00, 0.00, 90.00, 0, 0
2.00, 5.70, 17.83, 17.83, -5033.99, 20.00, 4.63, 7.22, 1.48, 0.00, 0.00, 0.00, 0.00, 90.00, 0, 0
2.00, 5.70, 17.73, 17.73, -5127.01, 20.00, 4.63, 7.22, 1.48, 0.00, 0.00, 0.00, 0.00, 90.00, 0, 0
2.00, 5.70, 17.63, 17.63, -5250.01, 20.00, 4.63, 6.67, 1.01, 0.00, 0.00, 0.00, 0.00, 90.00, 0, 0
2.00, 5.70, 17.54, 17.54, -5336.32, 20.00, 4.63, 6.67, 0.87, 0.00, 0.00, 0.00, 0.00, 90.00, 0, 0
2.00, 5.70, 17.45, 17.45, -5415.91, 20.00, 4.63, 6.67, 0.87, 0.00, 0.00, 0.00, 0.00, 90.00, 0, 0
2.00, 5.70, 17.36, 17.36, -5530.40, 20.00, 4.63, 6.11, 0.39, 0.00, 0.00, 0.00, 0.00, 90.00, 0, 0
2.00, 5.70, 17.27, 17.27, -5611.19, 20.00, 4.63, 6.11, 0.39, 0.00, 0.00, 0.00, 0.00, 90.00, 0, 0
2.00, 5.70, 17.19, 17.19, -5687.28, 20.00, 4.63, 6.11, 0.39, 0.00, 0.00, 0.00, 0.00, 90.00, 0, 0
2.00, 5.70, 20.00, 20.00, -5248.70, 20.00, 4.63, 6.11, 0.39, 0.00, 0.00, 0.00, 0.00, 90.00, 0, 0
2.00, 5.70, 20.00, 20.00, -5343.16, 20.00, 4.63, 5.56, -0.08, 0.00, 0.00, 0.00, 0.00, 90.00, 0, 0
2.00, 5.70, 20.00, 20.00, -5223.96, 20.00, 4.63, 6.11, 0.39, 0.00, 5.66, 0.00, -68.42, 89.44, 0, 0
2.00, 5.70, 20.00, 20.00, -5066.43, 20.00, 4.63, 6.67, 1.01, 0.00, 20.74, 33.46, -58.11, 79.29, 0, 0
2.00, 5.70, 20.00, 20.00, -4944.95, 20.00, 4.63, 7.22, 1.48, 0.00, 24.51, 47.02, -46.40, 70.29, 0, 0
2.00, 5.70, 20.00, 20.00, -4400.74, 20.00, 4.63, 8.33, 2.58, 45.69, 78.60, 61.13, -32.80, 63.03, 0, 0
2.00, 5.70, 20.00, 20.00, -3874.05, 20.00, 4.63, 10.00, 4.29, 28.50, 138.07, 75.47, -17.17, 58.21, 0, 0
2.00, 5.70, 20.00, 20.00, -3431.05, 20.00, 4.63, 11.67, 5.87, 0.34, 149.35, 89.89, -0.14, 56.50, 0, 0
2.00, 5.70, 19.59, 19.59, -2817.18, 20.00, 4.63, 12.22, 6.50, 0.00, 128.10, 0.00, 16.91, 58.16, 0, 0
2.00, 5.70, 19.23, 19.23, -3306.04, 20.00, 4.63, 12.22, 6.50, 0.00, 89.79, 0.00, 32.57, 62.94, 0, 0
2.00, 5.70, 18.96, 18.96, -3605.13, 20.00, 4.63, 11.67, 5.87, 0.00, 68.70, 0.00, 46.20, 70.16, 0, 0
2.00, 5.70, 18.70, 18.70, -3985.90, 20.00, 4.63, 11.11, 5.39, 0.00, 26.40, 0.00, 57.93, 79.14, 0, 0
2.00, 5.70, 18.47, 18.47, -4281.99, 20.00, 4.63, 10.56, 4.77, 0.00, 3.77, 0.00, 68.27, 89.28, 0, 0
2.00, 5.70, 18.29, 18.29, -4479.08, 20.00, 4.63, 10.00, 4.29, 0.00, 0.00, 0.00, 0.00, 90.00, 0, 0
2.00, 5.70, 18.14, 18.14, -4635.85, 20.00, 4.63, 9.44, 3.67, 0.00, 0.00, 0.00, 0.00, 90.00, 0, 0
2.00, 5.70, 18.02, 18.02, -4737.07, 20.00, 4.63, 9.44, 3.67, 0.00, 0.00, 0.00, 0.00, 90.00, 0, 0
2.00, 5.70, 17.91, 17.91, -4859.88, 20.00, 4.63, 8.89, 3.19, 0.00, 0.00, 0.00, 0.00, 90.00, 0, 0
2.00, 5.70, 17.81, 17.81, -4980.77, 20.00, 4.63, 8.33, 2.58, 0.00, 0.00, 0.00, 0.00, 90.00, 0, 0
2.00, 5.70, 17.72, 17.72, -5062.04, 20.00, 4.63, 8.33, 2.43, 0.00, 0.00, 0.00, 0.00, 90.00, 0, 0
2.00, 5.70, 17.61, 17.61, -5213.74, 20.00, 4.63, 7.22, 1.48, 0.00, 0.00, 0.00, 0.00, 90.00, 0, 0
2.00, 5.70, 17.51, 17.51, -5338.90, 20.00, 4.63, 6.67, 0.87, 0.00, 0.00, 0.00, 0.00, 90.00, 0, 0
2.00, 5.70, 17.40, 17.40, -5465.19, 20.00, 4.63, 6.11, 0.25, 0.00, 0.00, 0.00, 0.00, 90.00, 0, 0
2.00, 5.70, 17.30, 17.30, -5593.22, 20.00, 4.63, 5.56, -0.36, 0.00, 0.00, 0.00, 0.00, 90.00, 0, 0
2.00, 5.70, 17.19, 17.19, -5723.29, 20.00, 4.63, 5.00, -0.83, 0.00, 0.00, 0.00, 0.00, 90.00, 0, 0
2.00, 5.70, 20.00, 20.00, -5617.94, 20.00, 4.63, 3.89, -1.91, 0.00, 0.00, 0.00, 0.00, 90.00, 0, 0
2.00, 5.70, 20.00, 20.00, -5723.94, 20.00, 4.63, 3.33, -2.52, 0.00, 0.00, 0.00, 0.00, 90.00, 0, 0
2.00, 5.70, 20.00, 20.00, -5598.24, 20.00, 4.63, 3.89, -2.06, 0.00, 9.43, 0.00, -68.66, 89.25, 0, 0
2.00, 5.70, 20.00, 20.00, -5467.41, 20.00, 4.63, 4.44, -1.44, 0.00, 18.86, 33.32, -58.33, 79.08, 0, 0
2.00, 5.70, 20.00, 20.00, -5425.87, 20.00, 4.63, 4.44, -1.44, 0.00, 30.17, 46.92, -46.60, 70.06, 0, 0
2.00, 5.70, 20.00, 20.00, -4835.86, 20.00, 4.63, 6.11, 0.25, 24.42, 88.45, 61.07, -32.96, 62.77, 0, 0
2.00, 5.70, 20.00, 20.00, -4500.53, 20.00, 4.63, 7.22, 1.34, 12.70, 122.43, 75.42, -17.28, 57.93, 0, 0
2.00, 5.70, 20.00, 20.00, -4406.23, 20.00, 4.63, 7.78, 1.96, 0.03, 119.07, 89.87, -0.16, 56.20, 0, 0
2.00, 5.70, 19.46, 19.46, -3177.83, 20.00, 4.63, 8.89, 3.05, 0.00, 134.84, 0.00, 16.97, 57.86, 0, 0
2.00, 5.70, 19.20, 19.20, -3207.18, 20.00, 4.63, 9.44, 3.52, 0.00, 129.65, 0.00, 32.69, 62.65, 0, 0
2.00, 5.70, 18.97, 18.97, -3529.99, 20.00, 4.63, 10.00, 4.15, 0.00, 87.00, 0.00, 46.36, 69.90, 0, 0
2.00, 5.70, 18.67, 18.67, -4069.78, 20.00, 4.63, 8.89, 3.05, 0.00, 42.61, 0.00, 58.12, 78.90, 0, 0
2.00, 5.70, 18.40, 18.40, -4446.85, 20.00, 4.63, 8.33, 2.58, 0.00, 13.20, 0.00, 68.47, 89.06, 0, 0
2.00, 5.70, 18.16, 18.16, -4724.38, 20.00, 4.63, 7.78, 1.96, 0.00, 0.00, 0.00, 0.00, 90.00, 0, 0
2.00, 5.70, 17.99, 17.99, -4878.67, 20.00, 4.63, 7.78, 1.96, 0.00, 0.00, 0.00, 0.00, 90.00, 0, 0
2.00, 5.70, 17.84, 17.84, -5038.83, 20.00, 4.63, 7.22, 1.34, 0.00, 0.00, 0.00, 0.00, 90.00, 0, 0
2.00, 5.70, 17.71, 17.71, -5187.02, 20.00, 4.63, 6.67, 0.87, 0.00, 0.00, 0.00, 0.00, 90.00, 0, 0
2.00, 5.70, 17.59, 17.59, -5289.41, 20.00, 4.63, 6.67, 0.72, 0.00, 0.00, 0.00, 0.00, 90.00, 0, 0
2.00, 5.70, 17.48, 17.48, -5418.92, 20.00, 4.63, 6.11, 0.25, 0.00, 0.00, 0.00, 0.00, 90.00, 0, 0
2.00, 5.70, 17.37, 17.37, -5549.61, 20.00, 4.63, 5.56, -0.36, 0.00, 0.00, 0.00, 0.00, 90.00, 0, 0
2.00, 5.70, 17.26, 17.26, -5681.67, 20.00, 4.63, 5.00, -0.83, 0.00, 0.00, 0.00, 0.00, 90.00, 0, 0
2.00, 5.70, 17.16, 17.16, -5776.00, 20.00, 4.63, 5.00, -0.98, 0.00, 0.00, 0.00, 0.00, 90.00, 0, 0
2.00, 5.70, 17.05, 17.05, -5902.68, 20.00, 4.63, 4.44, -1.44, 0.00, 0.00, 0.00, 0.00, 90.00, 0, 0
2.00, 5.70, 16.94, 16.94, -6033.82, 20.00, 4.63, 3.89, -2.06, 0.00, 0.00, 0.00, 0.00, 90.00, 0, 0
2.00, 5.70, 20.00, 20.00, -5801.33, 20.00, 4.63, 3.33, -2.52, 0.00, 0.00, 0.00, 0.00, 90.00, 0, 0
2.00, 5.70, 20.00, 20.00, -5803.89, 20.00, 4.63, 3.33, -2.67, 0.00, 0.00, 0.00, 0.00, 90.00, 0, 0
2.00, 5.70, 20.00, 20.00, -5774.52, 20.00, 4.63, 3.33, -2.52, 0.00, 9.43, 0.00, -68.89, 89.06, 0, 0
2.00, 5.70, 20.00, 20.00, -5320.14, 20.00, 4.63, 5.00, -0.83, 5.28, 38.99, 33.17, -58.55, 78.86, 0, 0
2.00, 5.70, 20.00, 20.00, -5006.37, 20.00, 4.63, 6.11, 0.25, 4.32, 70.57, 46.83, -46.80, 69.82, 0, 0
2.00, 5.70, 20.00, 20.00, -4913.21, 20.00, 4.63, 6.67, 0.72, 1.53, 67.16, 61.00, -33.13, 62.50, 0, 0
2.00, 5.70, 20.00, 20.00, -4706.25, 20.00, 4.63, 7.22, 1.34, 3.98, 88.19, 75.39, -17.38, 57.63, 0, 0
2.00, 5.70, 20.00, 20.00, -4235.63, 20.00, 4.63, 8.33, 2.43, 0.17, 142.68, 89.85, -0.18, 55.89, 0, 0
2.00, 5.70, 19.39, 19.39, -3355.98, 20.00, 4.63, 8.89, 2.90, 0.00, 125.23, 0.00, 17.03, 57.56, 0, 0
2.00, 5.70, 18.95, 18.95, -3798.02, 20.00, 4.63, 8.89, 2.90, 0.00, 93.98, 0.00, 32.82, 62.37, 0, 0
2.00, 5.70, 18.67, 18.67, -4002.75, 20.00, 4.63, 8.89, 3.05, 0.00, 82.28, 0.00, 46.53, 69.64, 0, 0
2.00, 5.70, 18.44, 18.44, -4271.30, 20.00, 4.63, 8.89, 2.90, 0.00, 49.27, 0.00, 58.32, 78.66, 0, 0
2.00, 5.70, 18.18, 18.18, -4686.03, 20.00, 4.63, 7.78, 1.96, 0.00, 16.97, 0.00, 68.68, 88.84, 0, 0
2.00, 5.70, 17.97, 17.97, -4929.59, 20.00, 4.63, 7.78, 1.81, 0.00, 0.00, 0.00, 0.00, 90.00, 0, 0
2.00, 5.70, 17.79, 17.79, -5110.42, 20.00, 4.63, 7.22, 1.34, 0.00, 0.00, 0.00, 0.00, 90.00, 0, 0
2.00, 5.70, 17.64, 17.64, -5270.44, 20.00, 4.63, 6.67, 0.72, 0.00, 0.00, 0.00, 0.00, 90.00, 0, 0
2.00, 5.70, 17.51, 17.51, -5418.57, 20.00, 4.63, 6.11, 0.25, 0.00, 0.00, 0.00, 0.00, 90.00, 0, 0
2.00, 5.70, 17.38, 17.38, -5560.52, 20.00, 4.63, 5.56, -0.36, 0.00, 0.00, 0.00, 0.00, 90.00, 0, 0
2.00, 5.70, 17.26, 17.26, -5699.52, 20.00, 4.63, 5.00, -0.98, 0.00, 0.00, 0.00, 0.00, 90.00, 0, 0
2.00, 5.70, 17.14, 17.14, -5837.47, 20.00, 4.63, 4.44, -1.44, 0.00, 0.00, 0.00, 0.00, 90.00, 0, 0
2.00, 5.70, 17.03, 17.03, -5936.25, 20.00, 4.63, 4.44, -1.60, 0.00, 0.00, 0.00, 0.00, 90.00, 0, 0
2.00, 5.70, 16.92, 16.92, -6066.55, 20.00, 4.63, 3.89, -2.06, 0.00, 0.00, 0.00, 0.00, 90.00, 0, 0
2.00, 5.70, 16.81, 16.81, -6200.81, 20.00, 4.63, 3.33, -2.67, 0.00, 0.00, 0.00, 0.00, 90.00, 0, 0
2.00, 5.70, 16.70, 16.70, -6298.54, 20.00, 4.63, 3.33, -2.67, 0.00, 0.00, 0.00, 0.00, 90.00, 0, 0
2.00, 5.70, 20.00, 20.00, -5960.83, 20.00, 4.63, 2.78, -3.13, 0.00, 0.00, 0.00, 0.00, 90.00, 0, 0
2.00, 5.70, 20.00, 20.00, -6063.94, 20.00, 4.63, 2.22, -3.75, 0.00, 0.00, 0.00, 0.00, 90.00, 0, 0
2.00, 5.70, 20.00, 20.00, -5791.21, 20.00, 4.63, 3.33, -2.52, 0.00, 20.74, 0.00, -69.13, 88.86, 0, 0
2.00, 5.70, 20.00, 20.00, -4932.20, 20.00, 4.63, 5.00, -0.83, 52.89, 46.62, 33.03, -58.77, 78.64, 0, 0
2.00, 5.70, 20.00, 20.00, -5132.51, 20.00, 4.63, 5.56, -0.36, 6.49, 62.47, 46.74, -47.00, 69.57, 0, 0
2.00, 5.70, 20.00, 20.00, -4711.89, 20.00, 4.63, 6.67, 0.72, 33.71, 102.71, 60.94, -33.29, 62.23, 0, 0
2.00, 5.70, 20.00, 20.00, -4010.68, 20.00, 4.63, 8.89, 2.90, 42.28, 158.78, 75.35, -17.48, 57.34, 0, 0
2.00, 5.70, 20.00, 20.00, -3570.40, 20.00, 4.63, 10.56, 4.62, 0.57, 173.19, 89.83, -0.20, 55.58, 0, 0
2.00, 5.70, 19.62, 19.62, -2592.91, 20.00, 4.63, 11.67, 5.72, 0.00, 146.92, 0.00, 17.10, 57.26, 0, 0
2.00, 5.70, 19.44, 19.44, -2623.16, 20.00, 4.63, 12.22, 6.35, 0.00, 102.57, 0.00, 32.95, 62.09, 0, 0
2.00, 5.70, 19.27, 19.27, -2890.57, 20.00, 4.63, 12.22, 6.35, 0.00, 75.89, 0.00, 46.71, 69.38, 0, 0
2.00, 5.70, 19.01, 19.01, -3420.76, 20.00, 4.63, 11.67, 5.72, 0.00, 46.45, 0.00, 58.52, 78.42, 0, 0
2.00, 5.70, 18.70, 18.70, -3981.05, 20.00, 4.63, 10.56, 4.62, 0.00, 9.43, 0.00, 68.90, 88.61, 0, 0
2.00, 5.70, 18.45, 18.45, -4270.64, 20.00, 4.63, 10.00, 4.15, 0.00, 0.00, 0.00, 0.00, 90.00, 0, 0
2.00, 5.70, 18.25, 18.25, -4476.46, 20.00, 4.63, 9.44, 3.52, 0.00, 0.00, 0.00, 0.00, 90.00, 0, 0
2.00, 5.70, 18.09, 18.09, -4649.65, 20.00, 4.63, 8.89, 3.05, 0.00, 0.00, 0.00, 0.00, 90.00, 0, 0
2.00, 5.70, 17.95, 17.95, -4803.80, 20.00, 4.63, 8.33, 2.43, 0.00, 0.00, 0.00, 0.00, 90.00, 0, 0
2.00, 5.70, 17.83, 17.83, -4946.98, 20.00, 4.63, 7.78, 1.81, 0.00, 0.00, 0.00, 0.00, 90.00, 0, 0
2.00, 5.70, 17.71, 17.71, -5084.02, 20.00, 4.63, 7.22, 1.34, 0.00, 0.00, 0.00, 0.00, 90.00, 0, 0
2.00, 5.70, 17.60, 17.60, -5218.29, 20.00, 4.63, 6.67, 0.72, 0.00, 0.00, 0.00, 0.00, 90.00, 0, 0
2.00, 5.70, 17.49, 17.49, -5351.68, 20.00, 4.63, 6.11, 0.10, 0.00, 0.00, 0.00, 0.00, 90.00, 0, 0
2.00, 5.70, 17.38, 17.38, -5485.44, 20.00, 4.63, 5.56, -0.52, 0.00, 0.00, 0.00, 0.00, 90.00, 0, 0
2.00, 5.70, 17.26, 17.26, -5620.23, 20.00, 4.63, 5.00, -0.98, 0.00, 0.00, 0.00, 0.00, 90.00, 0, 0
2.00, 5.70, 17.15, 17.15, -5756.80, 20.00, 4.63, 4.44, -1.60, 0.00, 0.00, 0.00, 0.00, 90.00, 0, 0
2.00, 5.70, 20.00, 20.00, -3819.06, 20.00, 4.63, 3.33, -2.67, 0.00, 0.00, 0.00, 0.00, 90.00, 0, 0
2.00, 5.70, 20.00, 20.00, -3877.17, 20.00, 4.63, 2.78, -3.13, 0.00, 0.00, 0.00, 0.00, 90.00, 0, 0
2.00, 5.70, 20.00, 20.00, -3773.05, 20.00, 4.63, 3.89, -2.06, 0.00, 18.86, 0.00, -69.36, 88.65, 0, 0
2.00, 5.70, 20.00, 20.00, -3065.48, 20.00, 4.63, 5.56, -0.36, 60.92, 47.44, 32.90, -58.99, 78.42, 0, 0
2.00, 5.70, 20.00, 20.00, -3193.85, 20.00, 4.63, 6.67, 0.72, 28.15, 81.42, 46.65, -47.20, 69.32, 0, 0
2.00, 5.70, 20.00, 20.00, -2698.52, 20.00, 4.63, 8.89, 2.90, 136.60, 119.15, 60.89, -33.46, 61.95, 0, 0
2.00, 5.70, 20.00, 20.00, -2385.79, 20.00, 4.63, 11.11, 5.24, 99.94, 153.53, 75.32, -17.58, 57.03, 0, 0
2.00, 5.70, 20.00, 20.00, -2204.31, 20.00, 4.63, 12.78, 6.82, 1.20, 157.84, 89.82, -0.21, 55.27, 0, 0
2.00, 5.70, 19.76, 19.76, -2279.96, 20.00, 4.63, 13.33, 7.45, 0.00, 142.68, 0.00, 17.17, 56.95, 0, 0
2.00, 5.70, 19.57, 19.57, -2495.97, 20.00, 4.63, 13.89, 7.92, 0.00, 121.77, 0.00, 33.10, 61.80, 0, 0
2.00, 5.70, 19.37, 19.37, -2853.55, 20.00, 4.63, 13.33, 7.29, 0.00, 92.57, 0.00, 46.89, 69.12, 0, 0
2.00, 5.70, 19.12, 19.12, -3329.21, 20.00, 4.63, 12.22, 6.18, 0.00, 54.71, 0.00, 58.72, 78.18, 0, 0
2.00, 5.70, 18.85, 18.85, -3782.40, 20.00, 4.63, 11.11, 5.24, 0.00, 18.86, 0.00, 69.12, 88.39, 0, 0
2.00, 5.70, 18.61, 18.61, -4084.97, 20.00, 4.63, 10.56, 4.62, 0.00, 0.00, 0.00, 0.00, 90.00, 0, 0
2.00, 5.70, 18.43, 18.43, -4278.02, 20.00, 4.63, 10.00, 4.15, 0.00, 0.00, 0.00, 0.00, 90.00, 0, 0
2.00, 5.70, 18.26, 18.26, -4481.43, 20.00, 4.63, 8.89, 3.05, 0.00, 0.00, 0.00, 0.00, 90.00, 0, 0
2.00, 5.70, 18.12, 18.12, -4638.10, 20.00, 4.63, 8.33, 2.43, 0.00, 0.00, 0.00, 0.00, 90.00, 0, 0
2.00, 5.70, 17.99, 17.99, -4783.60, 20.00, 4.63, 7.78, 1.81, 0.00, 0.00, 0.00, 0.00, 90.00, 0, 0
2.00, 5.70, 17.87, 17.87, -4923.11, 20.00, 4.63, 7.22, 1.34, 0.00, 0.00, 0.00, 0.00, 90.00, 0, 0
2.00, 5.70, 17.76, 17.76, -5060.11, 20.00, 4.63, 6.67, 0.72, 0.00, 0.00, 0.00, 0.00, 90.00, 0, 0
2.00, 5.70, 17.65, 17.65, -5196.49, 20.00, 4.63, 6.11, 0.10, 0.00, 0.00, 0.00, 0.00, 90.00, 0, 0
2.00, 5.70, 17.54, 17.54, -5333.41, 20.00, 4.63, 5.56, -0.52, 0.00, 0.00, 0.00, 0.00, 90.00, 0, 0
2.00, 5.70, 17.42, 17.42, -5471.44, 20.00, 4.63, 5.00, -0.98, 0.00, 0.00, 0.00, 0.00, 90.00, 0, 0
2.00, 5.70, 17.31, 17.31, -5611.26, 20.00, 4.63, 4.44, -1.60, 0.00, 0.00, 0.00, 0.00, 90.00, 0, 0
2.00, 5.70, 20.00, 20.00, -5671.41, 20.00, 4.63, 3.33, -2.67, 0.00, 0.00, 0.00, 0.00, 90.00, 0, 0
2.00, 5.70, 20.00, 20.00, -5782.31, 20.00, 4.63, 2.78, -3.13, 0.00, 0.00, 0.00, 0.00, 90.00, 0, 0
2.00, 5.70, 20.00, 20.00, -5531.56, 20.00, 4.63, 3.89, -2.06, 0.00, 16.97, 0.00, -69.60, 88.44, 0, 0
2.00, 5.70, 20.00, 20.00, -2309.96, 20.00, 4.63, 6.11, 0.10, 318.33, 46.32, 32.76, -59.22, 78.19, 0, 0
2.00, 5.70, 20.00, 20.00, -2117.43, 20.00, 4.63, 8.33, 2.43, 390.42, 78.26, 46.56, -47.41, 69.06, 0, 0
2.00, 5.70, 20.00, 20.00, -2885.46, 20.00, 4.63, 10.56, 4.62, 241.38, 116.95, 60.83, -33.62, 61.67, 0, 0
2.00, 5.70, 20.00, 20.00, -2606.73, 20.00, 4.63, 12.22, 6.35, 127.37, 147.91, 75.29, -17.68, 56.73, 0, 0
2.00, 5.70, 20.00, 20.00, -2416.29, 20.00, 4.63, 13.33, 7.45, 1.31, 155.33, 89.82, -0.23, 54.95, 0, 0
2.00, 5.70, 19.81, 19.81, -2196.63, 20.00, 4.63, 12.78, 6.82, 0.00, 139.52, 0.00, 17.25, 56.64, 0, 0
2.00, 5.70, 19.59, 19.59, -2598.56, 20.00, 4.63, 12.22, 6.35, 0.00, 108.64, 0.00, 33.24, 61.51, 0, 0
2.00, 5.70, 19.37, 19.37, -2948.51, 20.00, 4.63, 11.11, 5.24, 0.00, 80.70, 0.00, 47.08, 68.85, 0, 0
2.00, 5.70, 19.14, 19.14, -3332.16, 20.00, 4.63, 10.00, 4.15, 0.00, 44.52, 0.00, 58.94, 77.94, 0, 0
2.00, 5.70, 18.89, 18.89, -3718.90, 20.00, 4.63, 8.89, 3.05, 0.00, 15.08, 0.00, 69.35, 88.17, 0, 0
2.00, 5.70, 18.69, 18.69, -3963.12, 20.00, 4.63, 8.89, 3.05, 0.00, 0.00, 0.00, 0.00, 90.00, 0, 0
2.00, 5.70, 18.53, 18.53, -4153.20, 20.00, 4.63, 8.33, 2.58, 0.00, 0.00, 0.00, 0.00, 90.00, 0, 0
2.00, 5.70, 18.39, 18.39, -4284.88, 20.00, 4.63, 8.33, 2.58, 0.00, 0.00, 0.00, 0.00, 90.00, 0, 0
2.00, 5.70, 18.27, 18.27, -4436.30, 20.00, 4.63, 7.78, 2.10, 0.00, 0.00, 0.00, 0.00, 90.00, 0, 0
2.00, 5.70, 18.17, 18.17, -4544.89, 20.00, 4.63, 7.78, 1.96, 0.00, 0.00, 0.00, 0.00, 90.00, 0, 0
2.00, 5.70, 18.06, 18.06, -4682.19, 20.00, 4.63, 7.22, 1.48, 0.00, 0.00, 0.00, 0.00, 90.00, 0, 0
2.00, 5.70, 17.97, 17.97, -4781.94, 20.00, 4.63, 7.22, 1.34, 0.00, 0.00, 0.00, 0.00, 90.00, 0, 0
2.00, 5.70, 17.87, 17.87, -4913.64, 20.00, 4.63, 6.67, 0.87, 0.00, 0.00, 0.00, 0.00, 90.00, 0, 0
2.00, 5.70, 17.77, 17.77, -5009.64, 20.00, 4.63, 6.67, 0.87, 0.00, 0.00, 0.00, 0.00, 90.00, 0, 0
2.00, 5.70, 17.69, 17.69, -5099.64, 20.00, 4.63, 6.67, 0.72, 0.00, 0.00, 0.00, 0.00, 90.00, 0, 0
2.00, 5.70, 17.59, 17.59, -5224.62, 20.00, 4.63, 6.11, 0.25, 0.00, 0.00, 0.00, 0.00, 90.00, 0, 0
2.00, 5.70, 20.00, 20.00, -5045.42, 20.00, 4.63, 6.11, 0.25, 0.00, 0.00, 0.00, 0.00, 90.00, 0, 0
2.00, 5.70, 20.00, 20.00, -5150.39, 20.00, 4.63, 5.56, -0.08, 0.00, 0.00, 0.00, 0.00, 90.00, 0, 0
2.00, 5.70, 20.00, 20.00, -4920.53, 20.00, 4.63, 6.67, 0.87, 0.00, 11.31, 0.00, -69.84, 88.23, 0, 0
2.00, 5.70, 20.00, 20.00, -4760.99, 20.00, 4.63, 7.22, 1.48, 0.00, 28.28, 32.63, -59.44, 77.95, 0, 0
2.00, 5.70, 20.00, 20.00, -3759.62, 20.00, 4.63, 8.89, 3.19, 97.75, 76.30, 46.48, -47.61, 68.80, 0, 0
2.00, 5.70, 20.00, 20.00, -3276.77, 20.00, 4.63, 11.67, 5.87, 90.85, 132.92, 60.78, -33.79, 61.38, 0, 0
2.00, 5.70, 20.00, 20.00, -3137.65, 20.00, 4.63, 12.78, 6.97, 20.86, 143.37, 75.26, -17.78, 56.41, 0, 0
2.00, 5.70, 20.00, 20.00, -3029.09, 20.00, 4.63, 13.33, 7.45, 0.15, 143.79, 89.81, -0.23, 54.63, 0, 0
2.00, 5.70, 19.80, 19.80, -2259.88, 20.00, 4.63, 14.44, 8.56, 0.00, 153.92, 0.00, 17.34, 56.33, 0, 0
2.00, 5.70, 19.72, 19.72, -2252.33, 20.00, 4.63, 15.00, 9.03, 0.00, 142.48, 0.00, 33.40, 61.21, 0, 0
2.00, 5.70, 19.60, 19.60, -2511.53, 20.00, 4.63, 15.00, 9.03, 0.00, 101.64, 0.00, 47.28, 68.59, 0, 0
2.00, 5.70, 19.40, 19.40, -2928.44, 20.00, 4.63, 13.89, 7.92, 0.00, 54.63, 0.00, 59.15, 77.70, 0, 0
2.00, 5.70, 19.18, 19.18, -3300.70, 20.00, 4.63, 13.33, 7.29, 0.00, 18.86, 0.00, 69.59, 87.95, 0, 0
2.00, 5.70, 18.98, 18.98, -3608.21, 20.00, 4.63, 12.22, 6.18, 0.00, 0.00, 0.00, 0.00, 90.00, 0, 0
2.00, 5.70, 18.80, 18.80, -3824.92, 20.00, 4.63, 11.11, 5.09, 0.00, 0.00, 0.00, 0.00, 90.00, 0, 0
2.00, 5.70, 18.64, 18.64, -4025.53, 20.00, 4.63, 10.00, 3.99, 0.00, 0.00, 0.00, 0.00, 90.00, 0, 0
2.00, 5.70, 18.51, 18.51, -4179.77, 20.00, 4.63, 9.44, 3.36, 0.00, 0.00, 0.00, 0.00, 90.00, 0, 0
2.00, 5.70, 18.37, 18.37, -4362.80, 20.00, 4.63, 8.33, 2.10, 0.00, 0.00, 0.00, 0.00, 90.00, 0, 0
2.00, 5.70, 18.24, 18.24, -4549.51, 20.00, 4.63, 7.22, 1.02, 0.00, 0.00, 0.00, 0.00, 90.00, 0, 0
2.00, 5.70, 18.10, 18.10, -4741.03, 20.00, 4.63, 6.11, -0.06, 0.00, 0.00, 0.00, 0.00, 90.00, 0, 0
2.00, 5.70, 17.95, 17.95, -4938.08, 20.00, 4.63, 5.00, -1.29, 0.00, 0.00, 0.00, 0.00, 90.00, 0, 0
2.00, 5.70, 17.80, 17.80, -5140.81, 20.00, 4.63, 3.89, -2.36, 0.00, 0.00, 0.00, 0.00, 90.00, 0, 0
2.00, 5.70, 17.63, 17.63, -5389.40, 20.00, 4.63, 2.22, -4.04, 0.00, 0.00, 0.00, 0.00, 90.00, 0, 0
2.00, 5.70, 17.46, 17.46, -5613.64, 20.00, 4.63, 1.11, -5.27, 0.00, 0.00, 0.00, 0.00, 90.00, 0, 0
2.00, 5.70, 20.00, 20.00, -6319.74, 20.00, 4.63, -0.56, -6.79, 0.00, 0.00, 0.00, 0.00, 90.00, 0, 0
2.00, 5.70, 20.00, 20.00, -6554.16, 20.00, 4.63, -1.67, -8.01, 0.00, 0.00, 0.00, 0.00, 90.00, 0, 0
2.00, 5.70, 20.00, 20.00, -6510.08, 20.00, 4.63, -1.67, -8.01, 0.00, 20.74, 0.00, -70.08, 88.00, 0, 0
2.00, 5.70, 20.00, 20.00, -3241.39, 20.00, 4.63, 0.56, -5.72, 329.89, 47.23, 32.51, -59.67, 77.71, 0, 0
2.00, 5.70, 20.00, 20.00, -3094.92, 20.00, 4.63, 2.78, -3.59, 404.61, 81.83, 46.40, -47.81, 68.54, 0, 0
2.00, 5.70, 20.00, 20.00, -3818.02, 20.00, 4.63, 5.00, -1.29, 291.45, 118.77, 60.74, -33.95, 61.08, 0, 0
2.00, 5.70, 20.00, 20.00, -3796.17, 20.00, 4.63, 6.11, -0.22, 110.91, 150.80, 75.24, -17.88, 56.10, 0, 0
2.00, 5.70, 20.00, 20.00, -3778.62, 20.00, 4.63, 6.67, 0.23, 0.87, 167.28, 89.81, -0.24, 54.30, 0, 0
2.00, 5.70, 19.71, 19.71, -2583.18, 20.00, 4.63, 6.67, 0.23, 0.00, 160.81, 0.00, 17.43, 56.01, 0, 0
2.00, 5.70, 19.51, 19.51, -2780.98, 20.00, 4.63, 6.67, 0.23, 0.00, 133.99, 0.00, 33.55, 60.92, 0, 0
2.00, 5.70, 19.31, 19.31, -3088.90, 20.00, 4.63, 6.11, -0.39, 0.00, 98.99, 0.00, 47.48, 68.32, 0, 0
2.00, 5.70, 19.02, 19.02, -3678.44, 20.00, 4.63, 4.44, -1.91, 0.00, 57.53, 0.00, 59.38, 77.45, 0, 0
2.00, 5.70, 18.70, 18.70, -4211.08, 20.00, 4.63, 3.33, -2.98, 0.00, 20.74, 0.00, 69.82, 87.72, 0, 0
2.00, 5.70, 18.41, 18.41, -4590.75, 20.00, 4.63, 2.78, -3.59, 0.00, 0.00, 0.00, 0.00, 90.00, 0, 0
2.00, 5.70, 18.17, 18.17, -4853.28, 20.00, 4.63, 2.22, -4.21, 0.00, 0.00, 0.00, 0.00, 90.00, 0, 0
2.00, 5.70, 17.95, 17.95, -5124.94, 20.00, 4.63, 1.11, -5.27, 0.00, 0.00, 0.00, 0.00, 90.00, 0, 0
2.00, 5.70, 17.76, 17.76, -5347.72, 20.00, 4.63, 0.56, -5.72, 0.00, 0.00, 0.00, 0.00, 90.00, 0, 0
2.00, 5.70, 17.58, 17.58, -5557.76, 20.00, 4.63, 0.00, -6.34, 0.00, 0.00, 0.00, 0.00, 90.00, 0, 0
2.00, 5.70, 17.40, 17.40, -5800.35, 20.00, 4.63, -1.11, -7.57, 0.00, 0.00, 0.00, 0.00, 90.00, 0, 0
2.00, 5.70, 17.23, 17.23, -5967.68, 20.00, 4.63, -1.11, -7.57, 0.00, 0.00, 0.00, 0.00, 90.00, 0, 0
2.00, 5.70, 17.09, 17.09, -6121.21, 20.00, 4.63, -1.11, -7.57, 0.00, 0.00, 0.00, 0.00, 90.00, 0, 0
2.00, 5.70, 16.95, 16.95, -6265.22, 20.00, 4.63, -1.11, -7.57, 0.00, 0.00, 0.00, 0.00, 90.00, 0, 0
2.00, 5.70, 16.82, 16.82, -6402.37, 20.00, 4.63, -1.11, -7.57, 0.00, 0.00, 0.00, 0.00, 90.00, 0, 0
2.00, 5.70, 16.69, 16.69, -6534.21, 20.00, 4.63, -1.11, -7.57, 0.00, 0.00, 0.00, 0.00, 90.00, 0, 0
2.00, 5.70, 20.00, 20.00, -6767.03, 20.00, 4.63, -1.67, -8.01, 0.00, 0.00, 0.00, 0.00, 90.00, 0, 0
2.00, 5.70, 20.00, 20.00, -6786.02, 20.00, 4.63, -1.67, -8.01, 0.00, 0.00, 0.00, 0.00, 90.00, 0, 0
2.00, 5.70, 20.00, 20.00, -6281.74, 20.00, 4.63, 0.56, -5.89, 0.00, 30.17, 19.79, -70.33, 87.78, 0, 0
2.00, 5.70, 20.00, 20.00, -2389.83, 20.00, 4.63, 3.33, -2.98, 394.27, 51.45, 32.38, -59.89, 77.47, 0, 0
2.00, 5.70, 20.00, 20.00, -2565.62, 20.00, 4.63, 6.11, -0.22, 418.23, 84.61, 46.33, -48.02, 68.27, 0, 0
2.00, 5.70, 20.00, 20.00, -3385.94, 20.00, 4.63, 8.33, 2.10, 274.85, 122.07, 60.69, -34.11, 60.79, 0, 0
2.00, 5.70, 20.00, 20.00, -3105.89, 20.00, 4.63, 10.00, 3.65, 147.26, 140.28, 75.22, -17.97, 55.78, 0, 0
2.00, 5.70, 20.00, 20.00, -2628.79, 20.00, 4.63, 11.67, 5.37, 2.51, 127.43, 89.81, -0.24, 53.97, 0, 0
2.00, 5.70, 19.96, 19.96, -1682.84, 20.00, 4.63, 12.78, 6.46, 0.00, 128.70, 0.00, 17.52, 55.69, 0, 0
2.00, 5.70, 19.86, 19.86, -1988.02, 20.00, 4.63, 12.78, 6.46, 0.00, 127.90, 0.00, 33.72, 60.62, 0, 0
2.00, 5.70, 19.70, 19.70, -2327.06, 20.00, 4.63, 12.22, 5.83, 0.00, 97.97, 0.00, 47.68, 68.05, 0, 0
2.00, 5.70, 19.46, 19.46, -2840.71, 20.00, 4.63, 10.56, 4.28, 0.00, 55.69, 0.00, 59.61, 77.21, 0, 0
2.00, 5.70, 19.15, 19.15, -3428.98, 20.00, 4.63, 9.44, 3.19, 0.00, 20.74, 0.00, 70.07, 87.50, 0, 0
2.00, 5.70, 18.88, 18.88, -3788.64, 20.00, 4.63, 8.89, 2.73, 0.00, 0.00, 0.00, 0.00, 90.00, 0, 0
2.00, 5.70, 18.67, 18.67, -4023.97, 20.00, 4.63, 8.33, 2.10, 0.00, 0.00, 0.00, 0.00, 90.00, 0, 0
2.00, 5.70, 18.49, 18.49, -4224.13, 20.00, 4.63, 7.78, 1.48, 0.00, 0.00, 0.00, 0.00, 90.00, 0, 0
2.00, 5.70, 18.34, 18.34, -4403.39, 20.00, 4.63, 7.22, 1.02, 0.00, 0.00, 0.00, 0.00, 90.00, 0, 0
2.00, 5.70, 18.20, 18.20, -4570.67, 20.00, 4.63, 6.67, 0.40, 0.00, 0.00, 0.00, 0.00, 90.00, 0, 0
2.00, 5.70, 18.07, 18.07, -4730.94, 20.00, 4.63, 6.11, -0.06, 0.00, 0.00, 0.00, 0.00, 90.00, 0, 0
2.00, 5.70, 17.94, 17.94, -4887.64, 20.00, 4.63, 5.56, -0.68, 0.00, 0.00, 0.00, 0.00, 90.00, 0, 0
2.00, 5.70, 17.82, 17.82, -5042.71, 20.00, 4.63, 5.00, -1.29, 0.00, 0.00, 0.00, 0.00, 90.00, 0, 0
2.00, 5.70, 17.70, 17.70, -5197.41, 20.00, 4.63, 4.44, -1.91, 0.00, 0.00, 0.00, 0.00, 90.00, 0, 0
2.00, 5.70, 17.56, 17.56, -5392.08, 20.00, 4.63, 3.33, -2.82, 0.00, 0.00, 0.00, 0.00, 90.00, 0, 0
2.00, 5.70, 17.42, 17.42, -5557.31, 20.00, 4.63, 2.78, -3.43, 0.00, 0.00, 0.00, 0.00, 90.00, 0, 0
2.00, 5.70, 20.00, 20.00, -5804.87, 20.00, 4.63, 2.22, -3.89, 0.00, 0.00, 0.00, 0.00, 90.00, 0, 0
2.00, 5.70, 20.00, 20.00, -5923.31, 20.00, 4.63, 1.67, -4.50, 0.00, 0.00, 0.00, 0.00, 90.00, 0, 0
2.00, 5.70, 20.00, 20.00, -5527.69, 20.00, 4.63, 3.33, -2.82, 0.00, 30.17, 19.58, -70.57, 87.55, 0, 0
2.00, 5.70, 20.64, 20.64, 219.13, 20.00, 4.63, 6.67, 0.56, 576.18, 40.06, 32.26, -60.12, 77.22, 0, 0
2.00, 5.70, 20.72, 20.72, -533.59, 20.00, 4.63, 9.44, 3.36, 567.08, 71.58, 46.26, -48.22, 67.99, 0, 0
2.00, 5.70, 20.35, 20.35, -1880.11, 20.00, 4.63, 12.22, 6.18, 415.87, 97.61, 60.65, -34.28, 60.48, 0, 0
2.00, 5.70, 20.26, 20.26, -1632.38, 20.00, 4.63, 14.44, 8.39, 205.42, 116.38, 75.21, -18.06, 55.45, 0, 0
2.00, 5.70, 20.40, 20.40, -1126.13, 20.00, 4.63, 16.11, 9.96, 2.75, 126.97, 89.81, -0.23, 53.63, 0, 0
2.00, 5.70, 20.65, 20.65, -391.48, 20.00, 4.63, 17.22, 11.07, 0.00, 120.60, 0.00, 17.62, 55.36, 0, 0
2.00, 5.70, 20.72, 20.72, -557.85, 20.00, 4.63, 17.22, 11.07, 0.00, 104.45, 0.00, 33.89, 60.32, 0, 0
2.00, 5.70, 20.63, 20.63, -1002.23, 20.00, 4.63, 16.11, 9.96, 0.00, 85.08, 0.00, 47.90, 67.78, 0, 0
2.00, 5.70, 20.39, 20.39, -1623.38, 20.00, 4.63, 14.44, 8.39, 0.00, 50.66, 0.00, 59.84, 76.97, 0, 0
2.00, 5.70, 20.08, 20.08, -2259.97, 20.00, 4.63, 12.78, 6.82, 0.00, 11.31, 0.00, 70.32, 87.28, 0, 0
2.00, 5.70, 19.82, 19.82, -2589.06, 20.00, 4.63, 12.22, 6.18, 0.00, 0.00, 0.00, 0.00, 90.00, 0, 0
2.00, 5.70, 19.62, 19.62, -2822.68, 20.00, 4.63, 11.67, 5.55, 0.00, 0.00, 0.00, 0.00, 90.00, 0, 0
2.00, 5.70, 19.44, 19.44, -3059.69, 20.00, 4.63, 10.56, 4.62, 0.00, 0.00, 0.00, 0.00, 90.00, 0, 0
2.00, 5.70, 19.29, 19.29, -3245.53, 20.00, 4.63, 10.00, 3.99, 0.00, 0.00, 0.00, 0.00, 90.00, 0, 0
2.00, 5.70, 19.16, 19.16, -3416.82, 20.00, 4.63, 9.44, 3.36, 0.00, 0.00, 0.00, 0.00, 90.00, 0, 0
2.00, 5.70, 19.02, 19.02, -3619.03, 20.00, 4.63, 8.33, 2.27, 0.00, 0.00, 0.00, 0.00, 90.00, 0, 0
2.00, 5.70, 18.89, 18.89, -3786.30, 20.00, 4.63, 7.78, 1.65, 0.00, 0.00, 0.00, 0.00, 90.00, 0, 0
2.00, 5.70, 18.77, 18.77, -3948.89, 20.00, 4.63, 7.22, 1.19, 0.00, 0.00, 0.00, 0.00, 90.00, 0, 0
2.00, 5.70, 18.63, 18.63, -4148.88, 20.00, 4.63, 6.11, 0.10, 0.00, 0.00, 0.00, 0.00, 90.00, 0, 0
2.00, 5.70, 18.50, 18.50, -4317.79, 20.00, 4.63, 5.56, -0.52, 0.00, 0.00, 0.00, 0.00, 90.00, 0, 0
2.00, 5.70, 18.38, 18.38, -4484.71, 20.00, 4.63, 5.00, -1.14, 0.00, 0.00, 0.00, 0.00, 90.00, 0, 0
2.00, 5.70, 20.00, 20.00, -5113.51, 20.00, 4.63, 4.44, -1.60, 0.00, 0.00, 0.00, 0.00, 90.00, 0, 0
2.00, 5.70, 20.00, 20.00, -5338.43, 20.00, 4.63, 3.33, -2.67, 0.00, 0.00, 0.00, 0.00, 90.00, 0, 0
2.00, 5.70, 20.00, 20.00, -5076.04, 20.00, 4.63, 4.44, -1.60, 0.00, 24.51, 19.37, -70.81, 87.31, 0, 0
2.00, 5.70, 20.24, 20.24, -1373.80, 20.00, 4.63, 7.78, 1.81, 352.56, 51.34, 32.15, -60.35, 76.96, 0, 0
2.00, 5.70, 20.55, 20.55, -790.37, 20.00, 4.63, 10.56, 4.62, 473.86, 89.66, 46.19, -48.43, 67.71, 0, 0
2.00, 5.70, 20.51, 20.51, -1401.57, 20.00, 4.63, 13.89, 7.92, 419.43, 109.17, 60.62, -34.44, 60.18, 0, 0
2.00, 5.70, 20.64, 20.64, -997.94, 20.00, 4.63, 16.11, 10.14, 206.39, 119.24, 75.19, -18.15, 55.12, 0, 0
2.00, 5.70, 20.83, 20.83, -610.79, 20.00, 4.63, 17.22, 11.25, 2.38, 128.60, 89.82, -0.22, 53.30, 0, 0
2.00, 5.70, 21.01, 21.01, -195.93, 20.00, 4.63, 18.33, 12.19, 0.00, 137.11, 0.00, 17.73, 55.04, 0, 0
2.00, 5.70, 21.07, 21.07, -335.74, 20.00, 4.63, 18.33, 12.19, 0.00, 129.94, 0.00, 34.07, 60.02, 0, 0
2.00, 5.70, 21.00, 21.00, -684.85, 20.00, 4.63, 17.22, 11.07, 0.00, 95.04, 0.00, 48.11, 67.51, 0, 0
2.00, 5.70, 20.78, 20.78, -1271.08, 20.00, 4.63, 15.56, 9.50, 0.00, 55.33, 0.00, 60.08, 76.72, 0, 0
2.00, 5.70, 20.50, 20.50, -1822.51, 20.00, 4.63, 13.89, 7.92, 0.00, 16.97, 0.00, 70.57, 87.05, 0, 0
2.00, 5.70, 20.27, 20.27, -2147.45, 20.00, 4.63, 13.33, 7.29, 0.00, 0.00, 0.00, 0.00, 90.00, 0, 0
2.00, 5.70, 20.07, 20.07, -2403.77, 20.00, 4.63, 12.22, 6.18, 0.00, 0.00, 0.00, 0.00, 90.00, 0, 0
2.00, 5.70, 19.89, 19.89, -2637.47, 20.00, 4.63, 11.11, 5.09, 0.00, 0.00, 0.00, 0.00, 90.00, 0, 0
2.00, 5.70, 19.75, 19.75, -2820.57, 20.00, 4.63, 10.56, 4.45, 0.00, 0.00, 0.00, 0.00, 90.00, 0, 0
2.00, 5.70, 19.60, 19.60, -3029.13, 20.00, 4.63, 9.44, 3.36, 0.00, 0.00, 0.00, 0.00, 90.00, 0, 0
2.00, 5.70, 19.46, 19.46, -3239.10, 20.00, 4.63, 8.33, 2.27, 0.00, 0.00, 0.00, 0.00, 90.00, 0, 0
2.00, 5.70, 19.32, 19.32, -3412.56, 20.00, 4.63, 7.78, 1.65, 0.00, 0.00, 0.00, 0.00, 90.00, 0, 0
2.00, 5.70, 19.18, 19.18, -3620.13, 20.00, 4.63, 6.67, 0.56, 0.00, 0.00, 0.00, 0.00, 90.00, 0, 0
2.00, 5.70, 19.03, 19.03, -3834.28, 20.00, 4.63, 5.56, -0.52, 0.00, 0.00, 0.00, 0.00, 90.00, 0, 0
2.00, 5.70, 18.88, 18.88, -4054.55, 20.00, 4.63, 4.44, -1.60, 0.00, 0.00, 0.00, 0.00, 90.00, 0, 0
2.00, 5.70, 18.73, 18.73, -4240.94, 20.00, 4.63, 3.89, -2.21, 0.00, 0.00, 0.00, 0.00, 90.00, 0, 0
2.00, 5.70, 20.00, 20.00, -3407.01, 20.00, 4.63, 2.78, -3.29, 0.00, 0.00, 0.00, 0.00, 90.00, 0, 0
2.00, 5.70, 20.00, 20.00, -3520.54, 20.00, 4.63, 1.67, -4.50, 0.00, 0.00, 0.00, 0.00, 90.00, 0, 0
2.00, 5.70, 20.00, 20.00, -3435.08, 20.00, 4.63, 2.78, -3.29, 0.00, 20.74, 19.16, -71.06, 87.07, 0, 0
2.00, 5.70, 20.19, 20.19, -1508.71, 20.00, 4.63, 5.56, -0.52, 195.21, 56.63, 32.04, -60.58, 76.70, 0, 0
2.00, 5.70, 20.49, 20.49, -883.61, 20.00, 4.63, 8.33, 2.27, 327.92, 90.72, 46.13, -48.63, 67.43, 0, 0
2.00, 5.70, 20.43, 20.43, -1542.70, 20.00, 4.63, 10.56, 4.62, 299.00, 113.90, 60.59, -34.60, 59.86, 0, 0
2.00, 5.70, 20.48, 20.48, -1311.24, 20.00, 4.63, 12.78, 6.82, 163.76, 131.31, 75.18, -18.24, 54.79, 0, 0
2.00, 5.70, 20.61, 20.61, -1032.12, 20.00, 4.63, 14.44, 8.39, 1.99, 133.43, 89.83, -0.21, 52.95, 0, 0
2.00, 5.70, 20.77, 20.77, -760.67, 20.00, 4.63, 15.56, 9.50, 0.00, 121.56, 0.00, 17.84, 54.71, 0, 0
2.00, 5.70, 20.84, 20.84, -793.78, 20.00, 4.63, 15.56, 9.50, 0.00, 98.99, 0.00, 34.25, 59.72, 0, 0
2.00, 5.70, 20.83, 20.83, -977.46, 20.00, 4.63, 15.56, 9.50, 0.00, 79.20, 0.00, 48.34, 67.23, 0, 0
2.00, 5.70, 20.67, 20.67, -1476.96, 20.00, 4.63, 13.89, 7.92, 0.00, 52.77, 0.00, 60.33, 76.48, 0, 0
2.00, 5.70, 20.40, 20.40, -2069.20, 20.00, 4.63, 12.78, 6.82, 0.00, 28.28, 0.00, 70.83, 86.83, 0, 0
2.00, 5.70, 20.15, 20.15, -2445.57, 20.00, 4.63, 12.22, 6.18, 0.00, 0.00, 0.00, 0.00, 90.00, 0, 0
2.00, 5.70, 19.93, 19.93, -2712.10, 20.00, 4.63, 11.11, 5.24, 0.00, 0.00, 0.00, 0.00, 90.00, 0, 0
2.00, 5.70, 19.76, 19.76, -2912.97, 20.00, 4.63, 10.56, 4.62, 0.00, 0.00, 0.00, 0.00, 90.00, 0, 0
2.00, 5.70, 19.61, 19.61, -3090.46, 20.00, 4.63, 10.00, 4.15, 0.00, 0.00, 0.00, 0.00, 90.00, 0, 0
2.00, 5.70, 19.48, 19.48, -3254.49, 20.00, 4.63, 9.44, 3.52, 0.00, 0.00, 0.00, 0.00, 90.00, 0, 0
2.00, 5.70, 19.35, 19.35, -3450.21, 20.00, 4.63, 8.33, 2.43, 0.00, 0.00, 0.00, 0.00, 90.00, 0, 0
2.00, 5.70, 19.22, 19.22, -3611.54, 20.00, 4.63, 7.78, 1.81, 0.00, 0.00, 0.00, 0.00, 90.00, 0, 0
2.00, 5.70, 19.11, 19.11, -3729.19, 20.00, 4.63, 7.78, 1.81, 0.00, 0.00, 0.00, 0.00, 90.00, 0, 0
2.00, 5.70, 19.00, 19.00, -3875.43, 20.00, 4.63, 7.22, 1.19, 0.00, 0.00, 0.00, 0.00, 90.00, 0, 0
2.00, 5.70, 18.88, 18.88, -4023.31, 20.00, 4.63, 6.67, 0.72, 0.00, 0.00, 0.00, 0.00, 90.00, 0, 0
2.00, 5.70, 18.76, 18.76, -4173.07, 20.00, 4.63, 6.11, 0.10, 0.00, 0.00, 0.00, 0.00, 90.00, 0, 0
2.00, 5.70, 20.00, 20.00, -4967.86, 20.00, 4.63, 5.56, -0.36, 0.00, 0.00, 0.00, 0.00, 90.00, 0, 0
2.00, 5.70, 20.00, 20.00, -5084.48, 20.00, 4.63, 5.00, -0.83, 0.00, 0.00, 0.00, 0.00, 90.00, 0, 0
2.00, 5.70, 20.00, 20.00, -4822.04, 20.00, 4.63, 6.11, 0.25, 0.00, 22.63, 18.96, -71.30, 86.83, 0, 0
2.00, 5.70, 20.14, 20.14, -1956.97, 20.00, 4.63, 9.44, 3.67, 257.01, 55.20, 31.93, -60.81, 76.44, 0, 0
2.00, 5.70, 20.08, 20.08, -2345.79, 20.00, 4.63, 11.67, 5.87, 188.21, 102.22, 46.07, -48.84, 67.14, 0, 0
2.00, 5.70, 20.00, 20.00, -2817.84, 20.00, 4.63, 12.78, 6.97, 48.07, 128.09, 60.56, -34.76, 59.55, 0, 0
2.00, 5.70, 20.00, 20.00, -2925.61, 20.00, 4.63, 12.78, 6.97, 4.04, 121.77, 75.18, -18.33, 54.45, 0, 0
2.00, 5.70, 20.00, 20.00, -2660.26, 20.00, 4.63, 13.33, 7.60, 0.21, 145.89, 89.85, -0.19, 52.61, 0, 0
2.00, 5.70, 20.11, 20.11, -1799.37, 20.00, 4.63, 13.89, 8.08, 0.00, 157.44, 0.00, 17.96, 54.37, 0, 0
2.00, 5.70, 20.15, 20.15, -1880.32, 20.00, 4.63, 13.89, 8.08, 0.00, 134.95, 0.00, 34.44, 59.41, 0, 0
2.00, 5.70, 20.16, 20.16, -1885.52, 20.00, 4.63, 13.89, 8.08, 0.00, 104.85, 0.00, 48.57, 66.96, 0, 0
2.00, 5.70, 20.09, 20.09, -2148.60, 20.00, 4.63, 13.33, 7.60, 0.00, 60.70, 0.00, 60.58, 76.23, 0, 0
2.00, 5.70, 19.89, 19.89, -2629.48, 20.00, 4.63, 12.22, 6.50, 0.00, 20.74, 0.00, 71.09, 86.60, 0, 0
2.00, 5.70, 19.70, 19.70, -2917.49, 20.00, 4.63, 11.67, 6.01, 0.00, 0.00, 0.00, 0.00, 90.00, 0, 0
2.00, 5.70, 19.54, 19.54, -3101.97, 20.00, 4.63, 11.11, 5.53, 0.00, 0.00, 0.00, 0.00, 90.00, 0, 0
2.00, 5.70, 19.42, 19.42, -3225.27, 20.00, 4.63, 11.11, 5.53, 0.00, 0.00, 0.00, 0.00, 90.00, 0, 0
2.00, 5.70, 19.31, 19.31, -3366.69, 20.00, 4.63, 10.56, 4.91, 0.00, 0.00, 0.00, 0.00, 90.00, 0, 0
2.00, 5.70, 19.20, 19.20, -3503.74, 20.00, 4.63, 10.00, 4.43, 0.00, 0.00, 0.00, 0.00, 90.00, 0, 0
2.00, 5.70, 19.09, 19.09, -3678.45, 20.00, 4.63, 8.89, 3.33, 0.00, 0.00, 0.00, 0.00, 90.00, 0, 0
2.00, 5.70, 18.99, 18.99, -3783.15, 20.00, 4.63, 8.89, 3.19, 0.00, 0.00, 0.00, 0.00, 90.00, 0, 0
2.00, 5.70, 18.90, 18.90, -3877.01, 20.00, 4.63, 8.89, 3.19, 0.00, 0.00, 0.00, 0.00, 90.00, 0, 0
2.00, 5.70, 18.80, 18.80, -4003.12, 20.00, 4.63, 8.33, 2.71, 0.00, 0.00, 0.00, 0.00, 90.00, 0, 0
2.00, 5.70, 18.72, 18.72, -4094.05, 20.00, 4.63, 8.33, 2.71, 0.00, 0.00, 0.00, 0.00, 90.00, 0, 0
2.00, 5.70, 18.64, 18.64, -4179.21, 20.00, 4.63, 8.33, 2.71, 0.00, 0.00, 0.00, 0.00, 90.00, 0, 0
2.00, 5.70, 20.00, 20.00, -4603.32, 20.00, 4.63, 7.78, 2.23, 0.00, 0.00, 0.00, 0.00, 90.00, 0, 0
2.00, 5.70, 20.00, 20.00, -4610.35, 20.00, 4.63, 7.78, 2.23, 0.00, 0.00, 0.00, 0.00, 90.00, 0, 0
2.00, 5.70, 20.00, 20.00, -4332.29, 20.00, 4.63, 8.89, 3.46, 0.00, 24.51, 18.76, -71.55, 86.58, 0, 0
2.00, 5.70, 20.00, 20.00, -3216.64, 20.00, 4.63, 10.56, 5.17, 85.76, 57.77, 31.83, -61.04, 76.17, 0, 0
2.00, 5.70, 20.00, 20.00, -2792.51, 20.00, 4.63, 12.22, 6.77, 116.10, 103.08, 46.02, -49.05, 66.85, 0, 0
2.00, 5.70, 20.00, 20.00, -2544.86, 20.00, 4.63, 13.89, 8.50, 113.28, 148.83, 60.53, -34.93, 59.23, 0, 0
2.00, 5.70, 20.00, 20.00, -2374.49, 20.00, 4.63, 15.00, 9.61, 32.29, 155.55, 75.17, -18.41, 54.10, 0, 0
2.00, 5.70, 20.00, 20.00, -2456.40, 20.00, 4.63, 15.00, 9.61, 0.07, 144.09, 89.86, -0.17, 52.26, 0, 0
2.00, 5.70, 19.94, 19.94, -2220.23, 20.00, 4.63, 14.44, 8.99, 0.00, 99.10, 0.00, 18.08, 54.04, 0, 0
2.00, 5.70, 19.81, 19.81, -2529.55, 20.00, 4.63, 13.89, 8.37, 0.00, 58.45, 0.00, 34.64, 59.10, 0, 0
2.00, 5.70, 19.66, 19.66, -2799.25, 20.00, 4.63, 12.78, 7.39, 0.00, 37.71, 0.00, 48.80, 66.69, 0, 0
2.00, 5.70, 19.52, 19.52, -3015.55, 20.00, 4.63, 12.22, 6.77, 0.00, 21.49, 0.00, 60.83, 75.98, 0, 0
2.00, 5.70, 19.39, 19.39, -3184.40, 20.00, 4.63, 11.67, 6.28, 0.00, 16.97, 0.00, 71.36, 86.38, 0, 0
2.00, 5.70, 19.26, 19.26, -3363.16, 20.00, 4.63, 11.67, 6.28, 0.00, 0.00, 0.00, 0.00, 90.00, 0, 0
2.00, 5.70, 19.16, 19.16, -3462.16, 20.00, 4.63, 11.67, 6.28, 0.00, 0.00, 0.00, 0.00, 90.00, 0, 0
2.00, 5.70, 19.06, 19.06, -3584.44, 20.00, 4.63, 11.11, 5.79, 0.00, 0.00, 0.00, 0.00, 90.00, 0, 0
2.00, 5.70, 18.98, 18.98, -3666.52, 20.00, 4.63, 11.11, 5.79, 0.00, 0.00, 0.00, 0.00, 90.00, 0, 0
2.00, 5.70, 18.91, 18.91, -3740.03, 20.00, 4.63, 11.11, 5.66, 0.00, 0.00, 0.00, 0.00, 90.00, 0, 0
2.00, 5.70, 18.85, 18.85, -3807.65, 20.00, 4.63, 11.11, 5.66, 0.00, 0.00, 0.00, 0.00, 90.00, 0, 0
2.00, 5.70, 18.77, 18.77, -3910.48, 20.00, 4.63, 10.56, 5.17, 0.00, 0.00, 0.00, 0.00, 90.00, 0, 0
2.00, 5.70, 18.71, 18.71, -3980.21, 20.00, 4.63, 10.56, 5.05, 0.00, 0.00, 0.00, 0.00, 90.00, 0, 0
2.00, 5.70, 18.63, 18.63, -4084.61, 20.00, 4.63, 10.00, 4.56, 0.00, 0.00, 0.00, 0.00, 90.00, 0, 0
2.00, 5.70, 18.56, 18.56, -4155.50, 20.00, 4.63, 10.00, 4.56, 0.00, 0.00, 0.00, 0.00, 90.00, 0, 0
2.00, 5.70, 18.50, 18.50, -4221.80, 20.00, 4.63, 10.00, 4.56, 0.00, 0.00, 0.00, 0.00, 90.00, 0, 0
2.00, 5.70, 20.00, 20.00, -4335.14, 20.00, 4.63, 9.44, 4.07, 0.00, 0.00, 0.00, 0.00, 90.00, 0, 0
2.00, 5.70, 20.00, 20.00, -4334.67, 20.00, 4.63, 9.44, 4.07, 0.00, 0.00, 0.00, 0.00, 90.00, 0, 0
2.00, 5.70, 20.00, 20.00, -4183.85, 20.00, 4.63, 10.00, 4.68, 0.00, 15.08, 18.56, -71.79, 86.32, 0, 0
2.00, 5.70, 20.00, 20.00, -3776.45, 20.00, 4.63, 11.67, 6.28, 0.00, 45.25, 31.74, -61.27, 75.90, 0, 0
2.00, 5.70, 20.00, 20.00, -3617.95, 20.00, 4.63, 12.22, 6.89, 0.00, 56.57, 45.97, -49.25, 66.55, 0, 0
2.00, 5.70, 20.00, 20.00, -2843.08, 20.00, 4.63, 13.89, 8.62, 119.56, 107.33, 60.51, -35.09, 58.90, 0, 0
2.00, 5.70, 20.11, 20.11, -1858.95, 20.00, 4.63, 16.67, 11.35, 94.43, 172.47, 75.18, -18.50, 53.76, 0, 0
2.00, 5.70, 20.21, 20.21, -1717.04, 20.00, 4.63, 17.78, 12.47, 0.33, 163.72, 89.88, -0.15, 51.91, 0, 0
2.00, 5.70, 20.18, 20.18, -1720.30, 20.00, 4.63, 17.78, 12.47, 0.00, 144.37, 0.00, 18.21, 53.70, 0, 0
2.00, 5.70, 20.18, 20.18, -1723.10, 20.00, 4.63, 17.78, 12.47, 0.00, 134.59, 0.00, 34.84, 58.80, 0, 0
2.00, 5.70, 20.08, 20.08, -2022.14, 20.00, 4.63, 17.22, 11.84, 0.00, 77.95, 0.00, 49.05, 66.41, 0, 0
2.00, 5.70, 19.89, 19.89, -2474.42, 20.00, 4.63, 16.11, 10.73, 0.00, 20.74, 0.00, 61.09, 75.74, 0, 0
2.00, 5.70, 19.72, 19.72, -2715.09, 20.00, 4.63, 15.56, 10.23, 0.00, 3.77, 0.00, 71.63, 86.15, 0, 0
2.00, 5.70, 19.58, 19.58, -2881.58, 20.00, 4.63, 15.00, 9.61, 0.00, 0.00, 0.00, 0.00, 90.00, 0, 0
2.00, 5.70, 19.46, 19.46, -3012.40, 20.00, 4.63, 14.44, 9.12, 0.00, 0.00, 0.00, 0.00, 90.00, 0, 0
2.00, 5.70, 19.37, 19.37, -3130.65, 20.00, 4.63, 13.89, 8.62, 0.00, 0.00, 0.00, 0.00, 90.00, 0, 0
2.00, 5.70, 19.28, 19.28, -3242.88, 20.00, 4.63, 13.33, 8.00, 0.00, 0.00, 0.00, 0.00, 90.00, 0, 0
2.00, 5.70, 19.19, 19.19, -3352.72, 20.00, 4.63, 12.78, 7.39, 0.00, 0.00, 0.00, 0.00, 90.00, 0, 0
2.00, 5.70, 19.13, 19.13, -3422.97, 20.00, 4.63, 12.78, 7.39, 0.00, 0.00, 0.00, 0.00, 90.00, 0, 0
2.00, 5.70, 19.05, 19.05, -3524.36, 20.00, 4.63, 12.22, 6.77, 0.00, 0.00, 0.00, 0.00, 90.00, 0, 0
2.00, 5.70, 18.96, 18.96, -3668.86, 20.00, 4.63, 11.11, 5.66, 0.00, 0.00, 0.00, 0.00, 90.00, 0, 0
2.00, 5.70, 18.87, 18.87, -3786.53, 20.00, 4.63, 10.56, 5.17, 0.00, 0.00, 0.00, 0.00, 90.00, 0, 0
2.00, 5.70, 18.78, 18.78, -3905.25, 20.00, 4.63, 10.00, 4.56, 0.00, 0.00, 0.00, 0.00, 90.00, 0, 0
2.00, 5.70, 18.69, 18.69, -4025.56, 20.00, 4.63, 9.44, 4.07, 0.00, 0.00, 0.00, 0.00, 90.00, 0, 0
2.00, 5.70, 20.00, 20.00, -4354.62, 20.00, 4.63, 8.89, 3.46, 0.00, 0.00, 0.00, 0.00, 90.00, 0, 0
2.00, 5.70, 20.00, 20.00, -4458.28, 20.00, 4.63, 8.33, 2.84, 0.00, 0.00, 0.00, 0.00, 90.00, 0, 0
2.00, 5.70, 20.00, 20.00, -4174.61, 20.00, 4.63, 9.44, 4.07, 0.00, 26.40, 18.37, -72.04, 86.07, 0, 0
2.00, 5.70, 20.00, 20.00, -2818.54, 20.00, 4.63, 11.67, 6.28, 104.74, 60.23, 31.64, -61.50, 75.62, 0, 0
2.00, 5.70, 20.04, 20.04, -2084.01, 20.00, 4.63, 13.89, 8.50, 190.91, 103.43, 45.93, -49.46, 66.25, 0, 0
2.00, 5.70, 20.15, 20.15, -1840.14, 20.00, 4.63, 16.11, 10.73, 189.53, 141.59, 60.50, -35.25, 58.57, 0, 0
2.00, 5.70, 20.39, 20.39, -1242.39, 20.00, 4.63, 17.78, 12.47, 101.67, 165.04, 75.18, -18.58, 53.41, 0, 0
2.00, 5.70, 20.61, 20.61, -966.41, 20.00, 4.63, 18.89, 13.46, 0.43, 162.36, 89.90, -0.12, 51.55, 0, 0
2.00, 5.70, 20.64, 20.64, -991.48, 20.00, 4.63, 18.89, 13.46, 0.00, 159.60, 0.00, 18.35, 53.36, 0, 0
2.00, 5.70, 20.66, 20.66, -1024.10, 20.00, 4.63, 18.89, 13.46, 0.00, 144.70, 0.00, 35.05, 58.49, 0, 0
2.00, 5.70, 20.61, 20.61, -1237.26, 20.00, 4.63, 18.33, 12.96, 0.00, 108.51, 0.00, 49.29, 66.13, 0, 0
2.00, 5.70, 20.50, 20.50, -1521.30, 20.00, 4.63, 17.22, 11.84, 0.00, 69.37, 0.00, 61.36, 75.49, 0, 0
2.00, 5.70, 20.31, 20.31, -1950.80, 20.00, 4.63, 16.11, 10.73, 0.00, 26.40, 0.00, 71.91, 85.93, 0, 0
2.00, 5.70, 20.12, 20.12, -2244.96, 20.00, 4.63, 15.56, 10.23, 0.00, 0.00, 0.00, 0.00, 90.00, 0, 0
2.00, 5.70, 19.98, 19.98, -2413.25, 20.00, 4.63, 15.00, 9.74, 0.00, 0.00, 0.00, 0.00, 90.00, 0, 0
2.00, 5.70, 19.86, 19.86, -2557.60, 20.00, 4.63, 14.44, 9.12, 0.00, 0.00, 0.00, 0.00, 90.00, 0, 0
2.00, 5.70, 19.76, 19.76, -2688.78, 20.00, 4.63, 13.89, 8.62, 0.00, 0.00, 0.00, 0.00, 90.00, 0, 0
2.00, 5.70, 19.68, 19.68, -2774.25, 20.00, 4.63, 13.89, 8.50, 0.00, 0.00, 0.00, 0.00, 90.00, 0, 0
2.00, 5.70, 19.59, 19.59, -2925.79, 20.00, 4.63, 12.78, 7.51, 0.00, 0.00, 0.00, 0.00, 90.00, 0, 0
2.00, 5.70, 19.51, 19.51, -3009.43, 20.00, 4.63, 12.78, 7.39, 0.00, 0.00, 0.00, 0.00, 90.00, 0, 0
2.00, 5.70, 19.43, 19.43, -3122.70, 20.00, 4.63, 12.22, 6.77, 0.00, 0.00, 0.00, 0.00, 90.00, 0, 0
2.00, 5.70, 19.35, 19.35, -3238.62, 20.00, 4.63, 11.67, 6.28, 0.00, 0.00, 0.00, 0.00, 90.00, 0, 0
2.00, 5.70, 19.28, 19.28, -3317.89, 20.00, 4.63, 11.67, 6.28, 0.00, 0.00, 0.00, 0.00, 90.00, 0, 0
2.00, 5.70, 19.20, 19.20, -3429.90, 20.00, 4.63, 11.11, 5.66, 0.00, 0.00, 0.00, 0.00, 90.00, 0, 0
2.00, 5.70, 20.00, 20.00, -3916.12, 20.00, 4.63, 10.56, 5.17, 0.00, 0.00, 0.00, 0.00, 90.00, 0, 0
2.00, 5.70, 20.00, 20.00, -4020.62, 20.00, 4.63, 10.00, 4.68, 0.00, 0.00, 0.00, 0.00, 90.00, 0, 0
2.00, 5.70, 20.00, 20.00, -4019.35, 20.00, 4.63, 10.00, 4.68, 0.00, 3.77, 18.19, -72.29, 85.80, 0, 0
2.00, 5.70, 20.00, 20.00, -3905.79, 20.00, 4.63, 10.56, 5.17, 0.00, 11.31, 31.56, -61.74, 75.34, 0, 0
2.00, 5.70, 20.00, 20.00, -3912.80, 20.00, 4.63, 10.56, 5.17, 0.00, 11.31, 45.88, -49.67, 65.94, 0, 0
2.00, 5.70, 20.00, 20.00, -3767.63, 20.00, 4.63, 11.11, 5.66, 0.00, 26.40, 60.48, -35.41, 58.24, 0, 0
2.00, 5.70, 20.00, 20.00, -3495.08, 20.00, 4.63, 11.67, 6.28, 0.00, 73.54, 75.19, -18.66, 53.05, 0, 0
2.00, 5.70, 20.00, 20.00, -3359.29, 20.00, 4.63, 12.22, 6.89, 0.00, 79.19, 89.93, -0.09, 51.19, 0, 0
2.00, 5.70, 19.86, 19.86, -2554.66, 20.00, 4.63, 12.78, 7.39, 0.00, 88.62, 0.00, 18.49, 53.02, 0, 0
2.00, 5.70, 19.80, 19.80, -2536.32, 20.00, 4.63, 13.33, 7.88, 0.00, 96.39, 0.00, 35.26, 58.18, 0, 0
2.00, 5.70, 19.68, 19.68, -2783.89, 20.00, 4.63, 13.33, 7.88, 0.00, 50.91, 0.00, 49.55, 65.86, 0, 0
2.00, 5.70, 19.56, 19.56, -2981.22, 20.00, 4.63, 13.33, 7.88, 0.00, 24.51, 0.00, 61.63, 75.24, 0, 0
2.00, 5.70, 19.43, 19.43, -3176.30, 20.00, 4.63, 12.78, 7.26, 0.00, 9.43, 0.00, 72.19, 85.70, 0, 0
2.00, 5.70, 19.31, 19.31, -3351.95, 20.00, 4.63, 12.22, 6.77, 0.00, 0.00, 0.00, 0.00, 90.00, 0, 0
2.00, 5.70, 19.20, 19.20, -3483.52, 20.00, 4.63, 11.67, 6.28, 0.00, 0.00, 0.00, 0.00, 90.00, 0, 0
2.00, 5.70, 19.11, 19.11, -3568.54, 20.00, 4.63, 11.67, 6.15, 0.00, 0.00, 0.00, 0.00, 90.00, 0, 0
2.00, 5.70, 19.02, 19.02, -3680.30, 20.00, 4.63, 11.11, 5.66, 0.00, 0.00, 0.00, 0.00, 90.00, 0, 0
2.00, 5.70, 18.93, 18.93, -3793.44, 20.00, 4.63, 10.56, 5.05, 0.00, 0.00, 0.00, 0.00, 90.00, 0, 0
2.00, 5.70, 18.85, 18.85, -3869.16, 20.00, 4.63, 10.56, 4.91, 0.00, 0.00, 0.00, 0.00, 90.00, 0, 0
2.00, 5.70, 18.76, 18.76, -4016.44, 20.00, 4.63, 9.44, 3.94, 0.00, 0.00, 0.00, 0.00, 90.00, 0, 0
2.00, 5.70, 18.66, 18.66, -4138.08, 20.00, 4.63, 8.89, 3.33, 0.00, 0.00, 0.00, 0.00, 90.00, 0, 0
2.00, 5.70, 18.55, 18.55, -4300.79, 20.00, 4.63, 7.78, 2.23, 0.00, 0.00, 0.00, 0.00, 90.00, 0, 0
2.00, 5.70, 18.44, 18.44, -4435.23, 20.00, 4.63, 7.22, 1.62, 0.00, 0.00, 0.00, 0.00, 90.00, 0, 0
2.00, 5.70, 18.32, 18.32, -4609.41, 20.00, 4.63, 6.11, 0.53, 0.00, 0.00, 0.00, 0.00, 90.00, 0, 0
2.00, 5.70, 20.00, 20.00, -5098.48, 20.00, 4.63, 5.56, -0.08, 0.00, 0.00, 0.00, 0.00, 90.00, 0, 0
2.00, 5.70, 20.00, 20.00, -5308.29, 20.00, 4.63, 4.44, -1.17, 0.00, 0.00, 0.00, 0.00, 90.00, 0, 0
2.00, 5.70, 20.00, 20.00, -5033.80, 20.00, 4.63, 5.56, -0.08, 0.00, 24.51, 18.01, -72.53, 85.54, 0, 0
2.00, 5.70, 20.00, 20.00, -3872.79, 20.00, 4.63, 8.33, 2.71, 67.26, 61.54, 31.48, -61.97, 75.05, 0, 0
2.00, 5.70, 20.00, 20.00, -3527.66, 20.00, 4.63, 10.00, 4.43, 74.71, 108.10, 45.85, -49.88, 65.63, 0, 0
2.00, 5.70, 20.00, 20.00, -2875.05, 20.00, 4.63, 12.22, 6.64, 192.77, 136.13, 60.47, -35.57, 57.90, 0, 0
2.00, 5.70, 20.09, 20.09, -1948.78, 20.00, 4.63, 15.00, 9.48, 183.75, 135.89, 75.20, -18.73, 52.69, 0, 0
2.00, 5.70, 20.38, 20.38, -1191.86, 20.00, 4.63, 17.22, 11.71, 0.56, 140.17, 89.96, -0.05, 50.83, 0, 0
2.00, 5.70, 20.58, 20.58, -798.52, 20.00, 4.63, 18.33, 12.68, 0.00, 156.98, 0.00, 18.63, 52.67, 0, 0
2.00, 5.70, 20.62, 20.62, -1004.47, 20.00, 4.63, 18.33, 12.68, 0.00, 150.17, 0.00, 35.48, 57.87, 0, 0
2.00, 5.70, 20.60, 20.60, -1168.03, 20.00, 4.63, 17.78, 12.20, 0.00, 110.05, 0.00, 49.80, 65.58, 0, 0
2.00, 5.70, 20.50, 20.50, -1463.75, 20.00, 4.63, 16.67, 11.08, 0.00, 58.50, 0.00, 61.91, 75.00, 0, 0
2.00, 5.70, 20.28, 20.28, -1991.41, 20.00, 4.63, 15.56, 9.97, 0.00, 39.60, 0.00, 72.48, 85.48, 0, 0
2.00, 5.70, 20.06, 20.06, -2367.79, 20.00, 4.63, 15.00, 9.48, 0.00, 0.00, 0.00, 0.00, 90.00, 0, 0
2.00, 5.70, 19.89, 19.89, -2561.87, 20.00, 4.63, 14.44, 8.99, 0.00, 0.00, 0.00, 0.00, 90.00, 0, 0
2.00, 5.70, 19.74, 19.74, -2761.79, 20.00, 4.63, 13.33, 7.88, 0.00, 0.00, 0.00, 0.00, 90.00, 0, 0
2.00, 5.70, 19.61, 19.61, -2912.59, 20.00, 4.63, 12.78, 7.26, 0.00, 0.00, 0.00, 0.00, 90.00, 0, 0
2.00, 5.70, 19.50, 19.50, -3050.57, 20.00, 4.63, 12.22, 6.77, 0.00, 0.00, 0.00, 0.00, 90.00, 0, 0
2.00, 5.70, 19.40, 19.40, -3181.85, 20.00, 4.63, 11.67, 6.15, 0.00, 0.00, 0.00, 0.00, 90.00, 0, 0
2.00, 5.70, 19.30, 19.30, -3309.96, 20.00, 4.63, 11.11, 5.53, 0.00, 0.00, 0.00, 0.00, 90.00, 0, 0
2.00, 5.70, 19.21, 19.21, -3436.92, 20.00, 4.63, 10.56, 5.05, 0.00, 0.00, 0.00, 0.00, 90.00, 0, 0
2.00, 5.70, 19.12, 19.12, -3524.96, 20.00, 4.63, 10.56, 4.91, 0.00, 0.00, 0.00, 0.00, 90.00, 0, 0
2.00, 5.70, 19.04, 19.04, -3644.17, 20.00, 4.63, 10.00, 4.43, 0.00, 0.00, 0.00, 0.00, 90.00, 0, 0
2.00, 5.70, 18.95, 18.95, -3767.08, 20.00, 4.63, 9.44, 3.94, 0.00, 0.00, 0.00, 0.00, 90.00, 0, 0
2.00, 5.70, 20.00, 20.00, -3066.80, 20.00, 4.63, 9.44, 3.94, 0.00, 0.00, 0.00, 0.00, 90.00, 0, 0
2.00, 5.70, 20.00, 20.00, -3123.19, 20.00, 4.63, 8.89, 3.46, 0.00, 0.00, 0.00, 0.00, 90.00, 0, 0
2.00, 5.70, 20.00, 20.00, -3091.75, 20.00, 4.63, 9.44, 3.94, 0.00, 7.54, 17.84, -72.78, 85.27, 0, 0
2.00, 5.70, 20.00, 20.00, -2924.29, 20.00, 4.63, 10.56, 5.05, 0.00, 41.48, 31.40, -62.20, 74.76, 0, 0
2.00, 5.70, 20.00, 20.00, -2702.94, 20.00, 4.63, 11.67, 6.28, 2.20, 82.31, 45.82, -50.09, 65.32, 0, 0
2.00, 5.70, 20.00, 20.00, -2603.45, 20.00, 4.63, 12.78, 7.26, 1.55, 89.66, 60.47, -35.73, 57.56, 0, 0
2.00, 5.70, 20.00, 20.00, -2423.32, 20.00, 4.63, 13.33, 7.88, 4.03, 119.65, 75.21, -18.81, 52.33, 0, 0
2.00, 5.70, 20.00, 20.00, -2266.26, 20.00, 4.63, 14.44, 8.85, 0.00, 133.54, 89.99, -0.01, 50.46, 0, 0
2.00, 5.70, 19.83, 19.83, -2597.56, 20.00, 4.63, 13.89, 8.37, 0.00, 82.01, 0.00, 18.78, 52.33, 0, 0
2.00, 5.70, 19.71, 19.71, -2709.31, 20.00, 4.63, 13.89, 8.37, 0.00, 73.74, 0.00, 35.71, 57.55, 0, 0
2.00, 5.70, 19.61, 19.61, -2815.23, 20.00, 4.63, 13.89, 8.23, 0.00, 62.80, 0.00, 50.07, 65.31, 0, 0
2.00, 5.70, 19.45, 19.45, -3148.98, 20.00, 4.63, 12.78, 7.26, 0.00, 20.74, 0.00, 62.19, 74.75, 0, 0
2.00, 5.70, 19.30, 19.30, -3353.27, 20.00, 4.63, 12.22, 6.64, 0.00, 7.54, 0.00, 72.77, 85.25, 0, 0
2.00, 5.70, 19.18, 19.18, -3489.78, 20.00, 4.63, 12.22, 6.64, 0.00, 0.00, 0.00, 0.00, 90.00, 0, 0
2.00, 5.70, 19.07, 19.07, -3616.04, 20.00, 4.63, 11.67, 6.01, 0.00, 0.00, 0.00, 0.00, 90.00, 0, 0
2.00, 5.70, 18.97, 18.97, -3735.80, 20.00, 4.63, 11.11, 5.53, 0.00, 0.00, 0.00, 0.00, 90.00, 0, 0
2.00, 5.70, 18.88, 18.88, -3853.12, 20.00, 4.63, 10.56, 4.91, 0.00, 0.00, 0.00, 0.00, 90.00, 0, 0
2.00, 5.70, 18.78, 18.78, -3970.10, 20.00, 4.63, 10.00, 4.29, 0.00, 0.00, 0.00, 0.00, 90.00, 0, 0
2.00, 5.70, 18.69, 18.69, -4087.85, 20.00, 4.63, 9.44, 3.81, 0.00, 0.00, 0.00, 0.00, 90.00, 0, 0
2.00, 5.70, 18.60, 18.60, -4207.34, 20.00, 4.63, 8.89, 3.19, 0.00, 0.00, 0.00, 0.00, 90.00, 0, 0
2.00, 5.70, 18.49, 18.49, -4368.37, 20.00, 4.63, 7.78, 2.10, 0.00, 0.00, 0.00, 0.00, 90.00, 0, 0
2.00, 5.70, 18.38, 18.38, -4501.49, 20.00, 4.63, 7.22, 1.48, 0.00, 0.00, 0.00, 0.00, 90.00, 0, 0
2.00, 5.70, 18.27, 18.27, -4634.99, 20.00, 4.63, 6.67, 0.87, 0.00, 0.00, 0.00, 0.00, 90.00, 0, 0
2.00, 5.70, 18.15, 18.15, -4809.35, 20.00, 4.63, 5.56, -0.22, 0.00, 0.00, 0.00, 0.00, 90.00, 0, 0
2.00, 5.70, 20.00, 20.00, -5245.50, 20.00, 4.63, 5.00, -0.83, 0.00, 0.00, 0.00, 0.00, 90.00, 0, 0
2.00, 5.70, 20.00, 20.00, -5455.79, 20.00, 4.63, 3.89, -1.91, 0.00, 0.00, 0.00, 0.00, 90.00, 0, 0
2.00, 5.70, 20.00, 20.00, -5031.18, 20.00, 4.63, 5.56, -0.22, 0.00, 37.71, 17.67, -73.03, 84.99, 0, 0
2.00, 5.70, 20.00, 20.00, -3409.41, 20.00, 4.63, 8.33, 2.58, 132.03, 64.28, 31.33, -62.44, 74.47, 0, 0
2.00, 5.70, 20.00, 20.00, -3177.14, 20.00, 4.63, 10.00, 4.29, 153.98, 110.11, 45.79, -50.30, 65.00, 0, 0
2.00, 5.70, 20.00, 20.00, -2952.57, 20.00, 4.63, 12.22, 6.50, 121.29, 150.61, 60.47, -35.89, 57.22, 0, 0
2.00, 5.70, 20.00, 20.00, -2447.31, 20.00, 4.63, 13.89, 8.08, 83.64, 171.03, 75.23, -18.89, 51.97, 0, 0
2.00, 5.70, 20.17, 20.17, -1659.25, 20.00, 4.63, 15.56, 9.82, 0.00, 164.21, 0.00, 0.03, 50.09, 0, 0
2.00, 5.70, 20.41, 20.41, -947.19, 20.00, 4.63, 16.67, 10.78, 0.00, 147.35, 0.00, 18.94, 51.98, 0, 0
2.00, 5.70, 20.50, 20.50, -1044.64, 20.00, 4.63, 17.22, 11.41, 0.00, 139.88, 0.00, 35.94, 57.24, 0, 0
2.00, 5.70, 20.44, 20.44, -1403.45, 20.00, 4.63, 16.67, 10.78, 0.00, 113.52, 0.00, 50.34, 65.03, 0, 0
2.00, 5.70, 20.23, 20.23, -1978.97, 20.00, 4.63, 15.00, 9.19, 0.00, 57.40, 0.00, 62.47, 74.50, 0, 0
2.00, 5.70, 19.96, 19.96, -2508.40, 20.00, 4.63, 13.33, 7.60, 0.00, 13.20, 0.00, 73.06, 85.03, 0, 0
2.00, 5.70, 19.73, 19.73, -2796.36, 20.00, 4.63, 12.78, 6.97, 0.00, 0.00, 0.00, 0.00, 90.00, 0, 0
2.00, 5.70, 19.54, 19.54, -3030.89, 20.00, 4.63, 11.67, 5.87, 0.00, 0.00, 0.00, 0.00, 90.00, 0, 0
2.00, 5.70, 19.39, 19.39, -3206.00, 20.00, 4.63, 11.11, 5.24, 0.00, 0.00, 0.00, 0.00, 90.00, 0, 0
2.00, 5.70, 19.26, 19.26, -3362.43, 20.00, 4.63, 10.56, 4.77, 0.00, 0.00, 0.00, 0.00, 90.00, 0, 0
2.00, 5.70, 19.13, 19.13, -3548.12, 20.00, 4.63, 9.44, 3.67, 0.00, 0.00, 0.00, 0.00, 90.00, 0, 0
2.00, 5.70, 19.01, 19.01, -3698.52, 20.00, 4.63, 8.89, 2.90, 0.00, 0.00, 0.00, 0.00, 90.00, 0, 0
2.00, 5.70, 18.88, 18.88, -3883.77, 20.00, 4.63, 7.78, 1.81, 0.00, 0.00, 0.00, 0.00, 90.00, 0, 0
2.00, 5.70, 18.76, 18.76, -4036.71, 20.00, 4.63, 7.22, 1.34, 0.00, 0.00, 0.00, 0.00, 90.00, 0, 0
2.00, 5.70, 18.63, 18.63, -4226.85, 20.00, 4.63, 6.11, 0.25, 0.00, 0.00, 0.00, 0.00, 90.00, 0, 0
2.00, 5.70, 18.50, 18.50, -4386.04, 20.00, 4.63, 5.56, -0.36, 0.00, 0.00, 0.00, 0.00, 90.00, 0, 0
2.00, 5.70, 18.37, 18.37, -4543.61, 20.00, 4.63, 5.00, -0.98, 0.00, 0.00, 0.00, 0.00, 90.00, 0, 0
2.00, 5.70, 20.00, 20.00, -5340.11, 20.00, 4.63, 3.89, -2.06, 0.00, 0.00, 0.00, 0.00, 90.00, 0, 0
2.00, 5.70, 20.00, 20.00, -5359.46, 20.00, 4.63, 3.89, -2.06, 0.00, 0.00, 0.00, 0.00, 90.00, 0, 0
2.00, 5.70, 20.00, 20.00, -4996.90, 20.00, 4.63, 5.00, -0.83, 0.00, 49.02, 17.51, -73.28, 84.71, 0, 0
2.00, 5.70, 21.04, 21.04, 1067.01, 20.00, 4.63, 8.33, 2.43, 641.73, 49.06, 31.27, -62.67, 74.18, 0, 0
2.00, 5.70, 21.20, 21.20, -18.70, 20.00, 4.63, 11.67, 5.72, 602.96, 72.66, 45.77, -50.51, 64.68, 0, 0
2.00, 5.70, 20.97, 20.97, -1001.64, 20.00, 4.63, 14.44, 8.56, 412.04, 100.95, 60.47, -36.06, 56.87, 0, 0
2.00, 5.70, 21.03, 21.03, -554.48, 20.00, 4.63, 16.67, 10.78, 202.40, 124.08, 75.25, -18.96, 51.60, 0, 0
2.00, 5.70, 21.30, 21.30, 173.98, 20.00, 4.63, 18.33, 12.37, 0.00, 129.02, 0.00, 0.08, 49.72, 0, 0
2.00, 5.70, 21.56, 21.56, 626.95, 20.00, 4.63, 20.00, 13.96, 0.00, 131.60, 0.00, 19.10, 51.63, 0, 0
2.00, 5.70, 21.67, 21.67, 516.76, 20.00, 4.63, 20.00, 13.96, 0.00, 126.08, 0.00, 36.18, 56.92, 0, 0
2.00, 5.70, 21.64, 21.64, 217.84, 20.00, 4.63, 19.44, 13.49, 0.00, 100.68, 0.00, 50.61, 64.75, 0, 0
2.00, 5.70, 21.51, 21.51, -182.76, 20.00, 4.63, 18.89, 13.01, 0.00, 61.18, 0.00, 62.76, 74.26, 0, 0
2.00, 5.70, 21.24, 21.24, -840.88, 20.00, 4.63, 17.22, 11.25, 0.00, 37.71, 0.00, 73.36, 84.80, 0, 0
2.00, 5.70, 20.98, 20.98, -1294.50, 20.00, 4.63, 16.11, 10.14, 0.00, 0.00, 0.00, 0.00, 90.00, 0, 0
2.00, 5.70, 20.76, 20.76, -1569.60, 20.00, 4.63, 15.00, 9.03, 0.00, 0.00, 0.00, 0.00, 90.00, 0, 0
2.00, 5.70, 20.58, 20.58, -1810.66, 20.00, 4.63, 13.89, 8.08, 0.00, 0.00, 0.00, 0.00, 90.00, 0, 0
2.00, 5.70, 20.43, 20.43, -1994.28, 20.00, 4.63, 13.33, 7.45, 0.00, 0.00, 0.00, 0.00, 90.00, 0, 0
2.00, 5.70, 20.29, 20.29, -2198.92, 20.00, 4.63, 12.22, 6.35, 0.00, 0.00, 0.00, 0.00, 90.00, 0, 0
2.00, 5.70, 20.17, 20.17, -2363.06, 20.00, 4.63, 11.67, 5.72, 0.00, 0.00, 0.00, 0.00, 90.00, 0, 0
2.00, 5.70, 20.04, 20.04, -2558.57, 20.00, 4.63, 10.56, 4.62, 0.00, 0.00, 0.00, 0.00, 90.00, 0, 0
2.00, 5.70, 19.91, 19.91, -2759.18, 20.00, 4.63, 9.44, 3.36, 0.00, 0.00, 0.00, 0.00, 90.00, 0, 0
2.00, 5.70, 19.77, 19.77, -2964.79, 20.00, 4.63, 8.33, 2.27, 0.00, 0.00, 0.00, 0.00, 90.00, 0, 0
2.00, 5.70, 19.63, 19.63, -3175.58, 20.00, 4.63, 7.22, 1.19, 0.00, 0.00, 0.00, 0.00, 90.00, 0, 0
2.00, 5.70, 19.48, 19.48, -3391.70, 20.00, 4.63, 6.11, 0.10, 0.00, 0.00, 0.00, 0.00, 90.00, 0, 0
2.00, 5.70, 20.00, 20.00, -4799.18, 20.00, 4.63, 5.00, -0.98, 0.00, 0.00, 0.00, 0.00, 90.00, 0, 0
2.00, 5.70, 20.00, 20.00, -4947.49, 20.00, 4.63, 4.44, -1.60, 0.00, 0.00, 0.00, 0.00, 90.00, 0, 0
2.00, 5.70, 20.00, 20.00, -4599.60, 20.00, 4.63, 5.56, -0.36, 0.00, 49.02, 17.36, -73.53, 84.43, 0, 0
2.00, 5.70, 21.36, 21.36, 1636.21, 20.00, 4.63, 8.89, 3.05, 644.83, 56.18, 31.21, -62.91, 73.88, 0, 0
2.00, 5.70, 21.61, 21.61, 361.47, 20.00, 4.63, 12.22, 6.35, 548.12, 87.43, 45.75, -50.72, 64.36, 0, 0
2.00, 5.70, 21.47, 21.47, -465.12, 20.00, 4.63, 14.44, 8.56, 397.97, 106.61, 60.48, -36.22, 56.52, 0, 0
2.00, 5.70, 21.58, 21.58, 8.29, 20.00, 4.63, 16.67, 10.78, 194.06, 128.13, 75.27, -19.03, 51.23, 0, 0
2.00, 5.70, 21.84, 21.84, 640.54, 20.00, 4.63, 18.33, 12.37, 0.00, 145.44, 0.00, 0.13, 49.35, 0, 0
2.00, 5.70, 22.10, 22.10, 1042.45, 20.00, 4.63, 19.44, 13.49, 0.00, 131.63, 0.00, 19.27, 51.28, 0, 0
2.00, 5.70, 22.24, 22.24, 1060.18, 20.00, 4.63, 20.00, 13.96, 0.00, 106.66, 0.00, 36.43, 56.61, 0, 0
2.00, 5.70, 22.25, 22.25, 810.79, 20.00, 4.63, 20.00, 13.96, 0.00, 89.86, 0.00, 50.89, 64.47, 0, 0
2.00, 5.70, 22.08, 22.08, 222.58, 20.00, 4.63, 18.33, 12.37, 0.00, 63.18, 0.00, 63.06, 74.01, 0, 0
2.00, 5.70, 21.79, 21.79, -423.88, 20.00, 4.63, 16.67, 10.78, 0.00, 24.51, 0.00, 73.66, 84.58, 0, 0
2.00, 5.70, 21.53, 21.53, -832.03, 20.00, 4.63, 15.56, 9.66, 0.00, 0.00, 0.00, 0.00, 90.00, 0, 0
2.00, 5.70, 21.33, 21.33, -1069.97, 20.00, 4.63, 15.00, 9.19, 0.00, 0.00, 0.00, 0.00, 90.00, 0, 0
2.00, 5.70, 21.17, 21.17, -1268.73, 20.00, 4.63, 14.44, 8.56, 0.00, 0.00, 0.00, 0.00, 90.00, 0, 0
2.00, 5.70, 21.02, 21.02, -1483.42, 20.00, 4.63, 13.33, 7.60, 0.00, 0.00, 0.00, 0.00, 90.00, 0, 0
2.00, 5.70, 20.89, 20.89, -1654.81, 20.00, 4.63, 12.78, 6.97, 0.00, 0.00, 0.00, 0.00, 90.00, 0, 0
2.00, 5.70, 20.78, 20.78, -1816.40, 20.00, 4.63, 12.22, 6.35, 0.00, 0.00, 0.00, 0.00, 90.00, 0, 0
2.00, 5.70, 20.66, 20.66, -1972.33, 20.00, 4.63, 11.67, 5.87, 0.00, 0.00, 0.00, 0.00, 90.00, 0, 0
2.00, 5.70, 20.54, 20.54, -2164.77, 20.00, 4.63, 10.56, 4.77, 0.00, 0.00, 0.00, 0.00, 90.00, 0, 0
2.00, 5.70, 20.42, 20.42, -2325.85, 20.00, 4.63, 10.00, 4.15, 0.00, 0.00, 0.00, 0.00, 90.00, 0, 0
2.00, 5.70, 20.30, 20.30, -2523.94, 20.00, 4.63, 8.89, 3.05, 0.00, 0.00, 0.00, 0.00, 90.00, 0, 0
2.00, 5.70, 20.16, 20.16, -2730.36, 20.00, 4.63, 7.78, 1.96, 0.00, 0.00, 0.00, 0.00, 90.00, 0, 0
2.00, 5.70, 20.00, 20.00, -4243.48, 20.00, 4.63, 7.22, 1.34, 0.00, 0.00, 0.00, 0.00, 90.00, 0, 0
2.00, 5.70, 20.00, 20.00, -4381.04, 20.00, 4.63, 6.67, 0.87, 0.00, 3.77, 0.00, 0.00, 90.00, 0, 0
2.00, 5.70, 20.00, 20.00, -3928.52, 20.00, 4.63, 8.33, 2.58, 0.00, 54.68, 17.22, -73.78, 84.15, 0, 0
2.00, 5.70, 21.05, 21.05, 323.06, 20.00, 4.63, 10.56, 4.91, 434.62, 68.13, 31.16, -63.15, 73.57, 0, 0
2.00, 5.70, 20.87, 20.87, -1779.01, 20.00, 4.63, 11.67, 6.01, 156.33, 98.31, 45.74, -50.93, 64.03, 0, 0
2.00, 5.70, 20.62, 20.62, -2327.26, 20.00, 4.63, 12.22, 6.50, 17.10, 122.38, 60.49, -36.38, 56.17, 0, 0
2.00, 5.70, 20.53, 20.53, -2230.31, 20.00, 4.63, 12.78, 7.12, 8.00, 140.94, 75.30, -19.10, 50.85, 0, 0
2.00, 5.70, 20.53, 20.53, -2108.38, 20.00, 4.63, 13.33, 7.60, 0.00, 142.43, 0.00, 0.19, 48.97, 0, 0
2.00, 5.70, 20.78, 20.78, -1119.66, 20.00, 4.63, 13.89, 8.08, 0.00, 148.48, 0.00, 19.45, 50.92, 0, 0
2.00, 5.70, 20.94, 20.94, -1008.59, 20.00, 4.63, 13.89, 8.23, 0.00, 139.09, 0.00, 36.68, 56.29, 0, 0
2.00, 5.70, 21.07, 21.07, -839.19, 20.00, 4.63, 14.44, 8.71, 0.00, 114.50, 0.00, 51.18, 64.20, 0, 0
2.00, 5.70, 21.10, 21.10, -964.76, 20.00, 4.63, 14.44, 8.71, 0.00, 73.89, 0.00, 63.36, 73.76, 0, 0
2.00, 5.70, 20.93, 20.93, -1535.18, 20.00, 4.63, 13.33, 7.60, 0.00, 30.17, 0.00, 73.97, 84.35, 0, 0
2.00, 5.70, 20.73, 20.73, -1896.04, 20.00, 4.63, 12.22, 6.64, 0.00, 1.89, 0.00, 0.00, 90.00, 0, 0
2.00, 5.70, 20.56, 20.56, -2107.71, 20.00, 4.63, 11.67, 6.01, 0.00, 0.00, 0.00, 0.00, 90.00, 0, 0
2.00, 5.70, 20.42, 20.42, -2287.58, 20.00, 4.63, 11.11, 5.53, 0.00, 0.00, 0.00, 0.00, 90.00, 0, 0
2.00, 5.70, 20.29, 20.29, -2452.98, 20.00, 4.63, 10.56, 4.91, 0.00, 0.00, 0.00, 0.00, 90.00, 0, 0
2.00, 5.70, 20.17, 20.17, -2610.48, 20.00, 4.63, 10.00, 4.29, 0.00, 0.00, 0.00, 0.00, 90.00, 0, 0
2.00, 5.70, 20.05, 20.05, -2763.77, 20.00, 4.63, 9.44, 3.81, 0.00, 0.00, 0.00, 0.00, 90.00, 0, 0
2.00, 5.70, 19.94, 19.94, -2915.29, 20.00, 4.63, 8.89, 3.19, 0.00, 0.00, 0.00, 0.00, 90.00, 0, 0
2.00, 5.70, 19.82, 19.82, -3066.33, 20.00, 4.63, 8.33, 2.58, 0.00, 0.00, 0.00, 0.00, 90.00, 0, 0
2.00, 5.70, 19.71, 19.71, -3217.58, 20.00, 4.63, 7.78, 2.10, 0.00, 0.00, 0.00, 0.00, 90.00, 0, 0
2.00, 5.70, 19.61, 19.61, -3330.33, 20.00, 4.63, 7.78, 1.96, 0.00, 0.00, 0.00, 0.00, 90.00, 0, 0
2.00, 5.70, 19.50, 19.50, -3474.49, 20.00, 4.63, 7.22, 1.48, 0.00, 0.00, 0.00, 0.00, 90.00, 0, 0
2.00, 5.70, 20.00, 20.00, -4654.31, 20.00, 4.63, 6.67, 1.01, 0.00, 0.00, 0.00, 0.00, 90.00, 0, 0
2.00, 5.70, 20.00, 20.00, -4671.36, 20.00, 4.63, 6.67, 1.01, 0.00, 1.89, 0.00, 0.00, 90.00, 0, 0
2.00, 5.70, 20.00, 20.00, -4345.60, 20.00, 4.63, 7.78, 2.10, 0.00, 41.48, 17.08, -74.03, 83.86, 0, 0
2.00, 5.70, 20.45, 20.45, -1359.57, 20.00, 4.63, 10.00, 4.29, 305.19, 65.88, 31.11, -63.38, 73.27, 0, 0
2.00, 5.70, 20.23, 20.23, -2704.00, 20.00, 4.63, 11.11, 5.53, 118.92, 103.89, 45.73, -51.14, 63.70, 0, 0
2.00, 5.70, 20.07, 20.07, -2866.01, 20.00, 4.63, 12.22, 6.50, 23.30, 130.08, 60.50, -36.54, 55.81, 0, 0
2.00, 5.70, 20.00, 20.00, -2951.39, 20.00, 4.63, 12.22, 6.50, 7.19, 117.35, 75.33, -19.17, 50.48, 0, 0
2.00, 5.70, 20.00, 20.00, -2792.16, 20.00, 4.63, 12.78, 6.97, 0.00, 127.27, 0.00, 0.25, 48.60, 0, 0
2.00, 5.70, 20.23, 20.23, -1738.40, 20.00, 4.63, 13.33, 7.60, 0.00, 154.65, 0.00, 19.63, 50.57, 0, 0
2.00, 5.70, 20.34, 20.34, -1751.17, 20.00, 4.63, 13.33, 7.60, 0.00, 133.91, 0.00, 36.93, 55.98, 0, 0
2.00, 5.70, 20.31, 20.31, -2001.34, 20.00, 4.63, 13.33, 7.60, 0.00, 79.33, 0.00, 51.47, 63.92, 0, 0
2.00, 5.70, 20.18, 20.18, -2373.06, 20.00, 4.63, 12.22, 6.50, 0.00, 32.05, 0.00, 63.66, 73.52, 0, 0
2.00, 5.70, 20.02, 20.02, -2634.27, 20.00, 4.63, 11.67, 5.87, 0.00, 9.43, 0.00, 74.28, 84.13, 0, 0
2.00, 5.70, 19.87, 19.87, -2842.17, 20.00, 4.63, 11.11, 5.39, 0.00, 0.00, 0.00, 0.00, 90.00, 0, 0
2.00, 5.70, 19.74, 19.74, -3000.45, 20.00, 4.63, 10.56, 4.77, 0.00, 0.00, 0.00, 0.00, 90.00, 0, 0
2.00, 5.70, 19.61, 19.61, -3187.56, 20.00, 4.63, 9.44, 3.67, 0.00, 0.00, 0.00, 0.00, 90.00, 0, 0
2.00, 5.70, 19.49, 19.49, -3339.21, 20.00, 4.63, 8.89, 3.19, 0.00, 0.00, 0.00, 0.00, 90.00, 0, 0
2.00, 5.70, 19.37, 19.37, -3486.77, 20.00, 4.63, 8.33, 2.58, 0.00, 0.00, 0.00, 0.00, 90.00, 0, 0
2.00, 5.70, 19.26, 19.26, -3632.75, 20.00, 4.63, 7.78, 1.96, 0.00, 0.00, 0.00, 0.00, 90.00, 0, 0
2.00, 5.70, 19.14, 19.14, -3778.71, 20.00, 4.63, 7.22, 1.34, 0.00, 0.00, 0.00, 0.00, 90.00, 0, 0
2.00, 5.70, 19.03, 19.03, -3925.53, 20.00, 4.63, 6.67, 0.72, 0.00, 0.00, 0.00, 0.00, 90.00, 0, 0
2.00, 5.70, 18.90, 18.90, -4113.25, 20.00, 4.63, 5.56, -0.36, 0.00, 0.00, 0.00, 0.00, 90.00, 0, 0
2.00, 5.70, 18.77, 18.77, -4272.22, 20.00, 4.63, 5.00, -0.98, 0.00, 0.00, 0.00, 0.00, 90.00, 0, 0
2.00, 5.70, 18.64, 18.64, -4430.67, 20.00, 4.63, 4.44, -1.44, 0.00, 0.00, 0.00, 0.00, 90.00, 0, 0
2.00, 5.70, 20.00, 20.00, -5468.10, 20.00, 4.63, 3.33, -2.52, 0.00, 0.00, 0.00, 0.00, 90.00, 0, 0
2.00, 5.70, 20.00, 20.00, -5488.02, 20.00, 4.63, 3.33, -2.67, 0.00, 0.00, 0.00, 0.00, 90.00, 0, 0
2.00, 5.70, 20.00, 20.00, -5495.92, 20.00, 4.63, 3.33, -2.52, 0.00, 3.77, 16.96, -74.28, 83.56, 0, 0
2.00, 5.70, 20.00, 20.00, -5317.56, 20.00, 4.63, 3.89, -2.06, 0.00, 30.17, 31.07, -63.62, 72.96, 0, 0
2.00, 5.70, 20.00, 20.00, -4570.69, 20.00, 4.63, 5.56, -0.36, 55.06, 93.67, 45.72, -51.35, 63.36, 0, 0
2.00, 5.70, 20.00, 20.00, -4026.99, 20.00, 4.63, 7.78, 1.81, 59.00, 143.44, 60.52, -36.70, 55.45, 0, 0
2.00, 5.70, 20.00, 20.00, -3698.91, 20.00, 4.63, 8.89, 3.05, 32.68, 166.16, 75.36, -19.23, 50.09, 0, 0
2.00, 5.70, 20.00, 20.00, -3447.34, 20.00, 4.63, 10.00, 4.15, 0.00, 169.15, 0.00, 0.31, 48.21, 0, 0
2.00, 5.70, 19.98, 19.98, -2222.41, 20.00, 4.63, 11.11, 5.09, 0.00, 162.76, 0.00, 19.82, 50.21, 0, 0
2.00, 5.70, 20.02, 20.02, -2083.28, 20.00, 4.63, 11.67, 5.72, 0.00, 145.34, 0.00, 37.20, 55.66, 0, 0
2.00, 5.70, 19.98, 19.98, -2263.64, 20.00, 4.63, 11.67, 5.72, 0.00, 111.79, 0.00, 51.77, 63.64, 0, 0
2.00, 5.70, 19.87, 19.87, -2546.73, 20.00, 4.63, 11.67, 5.72, 0.00, 69.27, 0.00, 63.97, 73.27, 0, 0
2.00, 5.70, 19.67, 19.67, -2960.11, 20.00, 4.63, 10.56, 4.62, 0.00, 49.02, 0.00, 74.60, 83.91, 0, 0
2.00, 5.70, 19.45, 19.45, -3348.82, 20.00, 4.63, 10.00, 3.99, 0.00, 3.77, 0.00, 0.00, 90.00, 0, 0
2.00, 5.70, 19.25, 19.25, -3604.41, 20.00, 4.63, 8.89, 3.05, 0.00, 0.00, 0.00, 0.00, 90.00, 0, 0
2.00, 5.70, 19.08, 19.08, -3788.46, 20.00, 4.63, 8.33, 2.43, 0.00, 0.00, 0.00, 0.00, 90.00, 0, 0
2.00, 5.70, 18.94, 18.94, -3953.72, 20.00, 4.63, 7.78, 1.81, 0.00, 0.00, 0.00, 0.00, 90.00, 0, 0
2.00, 5.70, 18.81, 18.81, -4108.75, 20.00, 4.63, 7.22, 1.19, 0.00, 0.00, 0.00, 0.00, 90.00, 0, 0
2.00, 5.70, 18.67, 18.67, -4298.07, 20.00, 4.63, 6.11, 0.10, 0.00, 0.00, 0.00, 0.00, 90.00, 0, 0
2.00, 5.70, 18.54, 18.54, -4454.76, 20.00, 4.63, 5.56, -0.52, 0.00, 0.00, 0.00, 0.00, 90.00, 0, 0
2.00, 5.70, 18.41, 18.41, -4608.76, 20.00, 4.63, 5.00, -1.14, 0.00, 0.00, 0.00, 0.00, 90.00, 0, 0
2.00, 5.70, 18.27, 18.27, -4801.62, 20.00, 4.63, 3.89, -2.21, 0.00, 0.00, 0.00, 0.00, 90.00, 0, 0
2.00, 5.70, 18.13, 18.13, -4964.45, 20.00, 4.63, 3.33, -2.82, 0.00, 0.00, 0.00, 0.00, 90.00, 0, 0
2.00, 5.70, 18.00, 18.00, -5126.25, 20.00, 4.63, 2.78, -3.43, 0.00, 0.00, 0.00, 0.00, 90.00, 0, 0
2.00, 5.70, 20.00, 20.00, -3829.35, 20.00, 4.63, 1.67, -4.50, 0.00, 0.00, 0.00, 0.00, 90.00, 0, 0
2.00, 5.70, 20.00, 20.00, -3845.80, 20.00, 4.63, 1.67, -4.50, 0.00, 5.66, 0.00, 0.00, 90.00, 0, 0
2.00, 5.70, 20.00, 20.00, -3676.13, 20.00, 4.63, 2.78, -3.29, 0.00, 43.37, 16.84, -74.53, 83.27, 0, 0
2.00, 5.70, 20.00, 20.00, -2190.87, 20.00, 4.63, 4.44, -1.60, 178.39, 70.94, 31.04, -63.86, 72.64, 0, 0
2.00, 5.70, 20.00, 20.00, -2497.18, 20.00, 4.63, 6.11, 0.10, 151.96, 122.50, 45.72, -51.57, 63.03, 0, 0
2.00, 5.70, 20.00, 20.00, -2491.16, 20.00, 4.63, 8.33, 2.27, 121.03, 158.14, 60.54, -36.86, 55.08, 0, 0
2.00, 5.70, 20.00, 20.00, -2330.42, 20.00, 4.63, 9.44, 3.36, 62.82, 178.20, 75.40, -19.30, 49.71, 0, 0
2.00, 5.70, 20.00, 20.00, -2254.64, 20.00, 4.63, 10.56, 4.45, 0.00, 179.67, 0.00, 0.38, 47.83, 0, 0
2.00, 5.70, 19.84, 19.84, -2434.45, 20.00, 4.63, 10.56, 4.45, 0.00, 165.22, 0.00, 20.01, 49.86, 0, 0
2.00, 5.70, 19.72, 19.72, -2591.21, 20.00, 4.63, 10.56, 4.62, 0.00, 142.56, 0.00, 37.46, 55.34, 0, 0
2.00, 5.70, 19.66, 19.66, -2587.08, 20.00, 4.63, 10.56, 4.62, 0.00, 109.36, 0.00, 52.07, 63.37, 0, 0
2.00, 5.70, 19.56, 19.56, -2804.21, 20.00, 4.63, 10.56, 4.45, 0.00, 67.67, 0.00, 64.28, 73.03, 0, 0
2.00, 5.70, 19.30, 19.30, -3432.72, 20.00, 4.63, 8.89, 2.90, 0.00, 33.94, 0.00, 74.91, 83.68, 0, 0
2.00, 5.70, 19.05, 19.05, -3794.90, 20.00, 4.63, 8.33, 2.43, 0.00, 3.77, 0.00, 0.00, 90.00, 0, 0
2.00, 5.70, 18.84, 18.84, -4028.36, 20.00, 4.63, 7.78, 1.81, 0.00, 0.00, 0.00, 0.00, 90.00, 0, 0
2.00, 5.70, 18.67, 18.67, -4217.53, 20.00, 4.63, 7.22, 1.34, 0.00, 0.00, 0.00, 0.00, 90.00, 0, 0
2.00, 5.70, 18.52, 18.52, -4388.36, 20.00, 4.63, 6.67, 0.72, 0.00, 0.00, 0.00, 0.00, 90.00, 0, 0
2.00, 5.70, 18.40, 18.40, -4509.30, 20.00, 4.63, 6.67, 0.72, 0.00, 0.00, 0.00, 0.00, 90.00, 0, 0
2.00, 5.70, 18.26, 18.26, -4694.79, 20.00, 4.63, 5.56, -0.36, 0.00, 0.00, 0.00, 0.00, 90.00, 0, 0
2.00, 5.70, 18.15, 18.15, -4809.74, 20.00, 4.63, 5.56, -0.36, 0.00, 0.00, 0.00, 0.00, 90.00, 0, 0
2.00, 5.70, 18.04, 18.04, -4913.92, 20.00, 4.63, 5.56, -0.52, 0.00, 0.00, 0.00, 0.00, 90.00, 0, 0
2.00, 5.70, 17.93, 17.93, -5050.23, 20.00, 4.63, 5.00, -0.98, 0.00, 0.00, 0.00, 0.00, 90.00, 0, 0
2.00, 5.70, 17.83, 17.83, -5150.96, 20.00, 4.63, 5.00, -0.98, 0.00, 0.00, 0.00, 0.00, 90.00, 0, 0
2.00, 5.70, 17.74, 17.74, -5245.71, 20.00, 4.63, 5.00, -0.98, 0.00, 0.00, 0.00, 0.00, 90.00, 0, 0
2.00, 5.70, 20.00, 20.00, -5465.96, 20.00, 4.63, 4.44, -1.44, 0.00, 0.00, 0.00, 0.00, 90.00, 0, 0
2.00, 5.70, 20.00, 20.00, -5464.56, 20.00, 4.63, 4.44, -1.44, 0.00, 1.89, 0.00, 0.00, 90.00, 0, 0
2.00, 5.70, 20.00, 20.00, -5344.34, 20.00, 4.63, 5.00, -0.83, 0.00, 9.43, 16.73, -74.78, 82.97, 0, 0
2.00, 5.70, 20.00, 20.00, -5313.47, 20.00, 4.63, 5.00, -0.83, 0.00, 18.86, 31.01, -64.10, 72.33, 0, 0
2.00, 5.70, 20.00, 20.00, -5010.48, 20.00, 4.63, 6.11, 0.25, 0.00, 47.14, 45.73, -51.78, 62.69, 0, 0
2.00, 5.70, 20.00, 20.00, -4722.54, 20.00, 4.63, 6.67, 0.87, 3.10, 92.47, 60.56, -37.02, 54.72, 0, 0
2.00, 5.70, 20.00, 20.00, -4358.65, 20.00, 4.63, 7.78, 1.96, 3.97, 126.88, 75.44, -19.36, 49.33, 0, 0
2.00, 5.70, 20.00, 20.00, -4115.38, 20.00, 4.63, 8.89, 3.05, 0.00, 128.57, 0.00, 0.45, 47.45, 0, 0
2.00, 5.70, 19.49, 19.49, -3359.23, 20.00, 4.63, 8.89, 3.05, 0.00, 90.35, 0.00, 20.21, 49.50, 0, 0
2.00, 5.70, 19.22, 19.22, -3416.96, 20.00, 4.63, 9.44, 3.52, 0.00, 99.10, 0.00, 37.74, 55.03, 0, 0
2.00, 5.70, 19.13, 19.13, -3295.44, 20.00, 4.63, 10.00, 4.15, 0.00, 113.42, 0.00, 52.38, 63.09, 0, 0
2.00, 5.70, 18.96, 18.96, -3650.67, 20.00, 4.63, 10.00, 4.15, 0.00, 57.90, 0.00, 64.60, 72.79, 0, 0
2.00, 5.70, 18.71, 18.71, -4137.86, 20.00, 4.63, 8.89, 3.05, 0.00, 13.20, 0.00, 75.23, 83.46, 0, 0
2.00, 5.70, 18.51, 18.51, -4352.63, 20.00, 4.63, 8.89, 3.05, 0.00, 1.89, 0.00, 0.00, 90.00, 0, 0
2.00, 5.70, 18.35, 18.35, -4533.86, 20.00, 4.63, 8.33, 2.58, 0.00, 0.00, 0.00, 0.00, 90.00, 0, 0
2.00, 5.70, 18.21, 18.21, -4688.98, 20.00, 4.63, 7.78, 1.96, 0.00, 0.00, 0.00, 0.00, 90.00, 0, 0
2.00, 5.70, 18.09, 18.09, -4793.43, 20.00, 4.63, 7.78, 1.96, 0.00, 0.00, 0.00, 0.00, 90.00, 0, 0
2.00, 5.70, 17.98, 17.98, -4922.42, 20.00, 4.63, 7.22, 1.48, 0.00, 0.00, 0.00, 0.00, 90.00, 0, 0
2.00, 5.70, 17.88, 17.88, -5011.64, 20.00, 4.63, 7.22, 1.34, 0.00, 0.00, 0.00, 0.00, 90.00, 0, 0
2.00, 5.70, 17.78, 17.78, -5131.92, 20.00, 4.63, 6.67, 0.72, 0.00, 0.00, 0.00, 0.00, 90.00, 0, 0
2.00, 5.70, 17.68, 17.68, -5255.55, 20.00, 4.63, 6.11, 0.25, 0.00, 0.00, 0.00, 0.00, 90.00, 0, 0
2.00, 5.70, 17.57, 17.57, -5382.34, 20.00, 4.63, 5.56, -0.36, 0.00, 0.00, 0.00, 0.00, 90.00, 0, 0
2.00, 5.70, 17.46, 17.46, -5511.80, 20.00, 4.63, 5.00, -0.83, 0.00, 0.00, 0.00, 0.00, 90.00, 0, 0
2.00, 5.70, 17.36, 17.36, -5604.48, 20.00, 4.63, 5.00, -0.98, 0.00, 0.00, 0.00, 0.00, 90.00, 0, 0
2.00, 5.70, 20.00, 20.00, -5549.76, 20.00, 4.63, 4.44, -1.44, 0.00, 0.00, 0.00, 0.00, 90.00, 0, 0
2.00, 5.70, 20.00, 20.00, -5536.51, 20.00, 4.63, 4.44, -1.44, 0.00, 3.77, 0.00, 0.00, 90.00, 0, 0
2.00, 5.70, 20.00, 20.00, -5266.55, 20.00, 4.63, 5.00, -0.83, 9.07, 25.80, 16.63, -75.03, 82.67, 0, 0
2.00, 5.70, 20.00, 20.00, -4339.41, 20.00, 4.63, 6.67, 0.87, 75.72, 69.40, 30.99, -64.33, 72.01, 0, 0
2.00, 5.70, 20.00, 20.00, -3546.18, 20.00, 4.63, 8.89, 3.05, 184.95, 117.98, 45.74, -51.99, 62.35, 0, 0
2.00, 5.70, 20.00, 20.00, -3403.73, 20.00, 4.63, 10.56, 4.77, 128.57, 152.28, 60.59, -37.18, 54.35, 0, 0
2.00, 5.70, 20.00, 20.00, -3224.39, 20.00, 4.63, 11.67, 5.87, 37.17, 170.30, 75.48, -19.42, 48.94, 0, 0
2.00, 5.70, 20.00, 20.00, -2978.86, 20.00, 4.63, 12.78, 6.82, 0.00, 174.60, 0.00, 0.53, 47.06, 0, 0
2.00, 5.70, 19.83, 19.83, -2177.36, 20.00, 4.63, 13.33, 7.45, 0.00, 173.27, 0.00, 20.41, 49.14, 0, 0
2.00, 5.70, 19.75, 19.75, -2215.90, 20.00, 4.63, 13.89, 7.92, 0.00, 156.28, 0.00, 38.02, 54.71, 0, 0
2.00, 5.70, 19.59, 19.59, -2585.42, 20.00, 4.63, 13.33, 7.45, 0.00, 112.49, 0.00, 52.69, 62.81, 0, 0
2.00, 5.70, 19.42, 19.42, -2881.47, 20.00, 4.63, 12.78, 6.82, 0.00, 71.23, 0.00, 64.92, 72.54, 0, 0
2.00, 5.70, 19.22, 19.22, -3222.82, 20.00, 4.63, 12.22, 6.35, 0.00, 50.91, 0.00, 75.56, 83.24, 0, 0
2.00, 5.70, 18.99, 18.99, -3647.74, 20.00, 4.63, 11.11, 5.24, 0.00, 3.77, 0.00, 0.00, 90.00, 0, 0
2.00, 5.70, 18.80, 18.80, -3862.36, 20.00, 4.63, 10.56, 4.62, 0.00, 0.00, 0.00, 0.00, 90.00, 0, 0
2.00, 5.70, 18.63, 18.63, -4071.81, 20.00, 4.63, 9.44, 3.52, 0.00, 0.00, 0.00, 0.00, 90.00, 0, 0
2.00, 5.70, 18.49, 18.49, -4232.61, 20.00, 4.63, 8.89, 2.90, 0.00, 0.00, 0.00, 0.00, 90.00, 0, 0
2.00, 5.70, 18.35, 18.35, -4420.75, 20.00, 4.63, 7.78, 1.81, 0.00, 0.00, 0.00, 0.00, 90.00, 0, 0
2.00, 5.70, 18.22, 18.22, -4572.35, 20.00, 4.63, 7.22, 1.19, 0.00, 0.00, 0.00, 0.00, 90.00, 0, 0
2.00, 5.70, 18.08, 18.08, -4758.50, 20.00, 4.63, 6.11, 0.10, 0.00, 0.00, 0.00, 0.00, 90.00, 0, 0
2.00, 5.70, 17.96, 17.96, -4912.24, 20.00, 4.63, 5.56, -0.52, 0.00, 0.00, 0.00, 0.00, 90.00, 0, 0
2.00, 5.70, 17.82, 17.82, -5103.12, 20.00, 4.63, 4.44, -1.60, 0.00, 0.00, 0.00, 0.00, 90.00, 0, 0
2.00, 5.70, 17.67, 17.67, -5302.67, 20.00, 4.63, 3.33, -2.67, 0.00, 0.00, 0.00, 0.00, 90.00, 0, 0
2.00, 5.70, 17.53, 17.53, -5470.14, 20.00, 4.63, 2.78, -3.29, 0.00, 0.00, 0.00, 0.00, 90.00, 0, 0
2.00, 5.70, 20.00, 20.00, -5921.87, 20.00, 4.63, 1.67, -4.50, 0.00, 0.00, 0.00, 0.00, 90.00, 0, 0
2.00, 5.70, 20.00, 20.00, -5933.06, 20.00, 4.63, 1.67, -4.50, 0.00, 1.89, 0.00, 0.00, 90.00, 0, 0
2.00, 5.70, 20.00, 20.00, -5307.51, 20.00, 4.63, 2.22, -3.89, 45.36, 27.04, 16.54, -75.29, 82.37, 0, 0
2.00, 5.70, 20.00, 20.00, -3698.06, 20.00, 4.63, 4.44, -1.75, 205.56, 71.92, 30.97, -64.57, 71.69, 0, 0
2.00, 5.70, 20.00, 20.00, -3206.68, 20.00, 4.63, 6.67, 0.56, 347.79, 111.83, 45.75, -52.21, 62.00, 0, 0
2.00, 5.70, 20.00, 20.00, -3177.47, 20.00, 4.63, 8.89, 2.73, 273.92, 144.10, 60.62, -37.34, 53.98, 0, 0
2.00, 5.70, 20.00, 20.00, -2539.82, 20.00, 4.63, 11.11, 5.09, 182.13, 156.13, 75.53, -19.48, 48.55, 0, 0
2.00, 5.70, 20.12, 20.12, -1601.94, 20.00, 4.63, 13.33, 7.11, 0.00, 151.77, 0.00, 0.61, 46.67, 0, 0
2.00, 5.70, 20.40, 20.40, -708.11, 20.00, 4.63, 14.44, 8.21, 0.00, 147.09, 0.00, 20.62, 48.78, 0, 0
2.00, 5.70, 20.48, 20.48, -913.39, 20.00, 4.63, 15.00, 8.85, 0.00, 127.32, 0.00, 38.30, 54.39, 0, 0
2.00, 5.70, 20.45, 20.45, -1158.30, 20.00, 4.63, 15.00, 8.67, 0.00, 101.38, 0.00, 53.00, 62.54, 0, 0
2.00, 5.70, 20.28, 20.28, -1671.85, 20.00, 4.63, 13.89, 7.75, 0.00, 67.40, 0.00, 65.25, 72.30, 0, 0
2.00, 5.70, 19.98, 19.98, -2348.60, 20.00, 4.63, 12.22, 6.01, 0.00, 45.25, 0.00, 75.89, 83.02, 0, 0
2.00, 5.70, 19.68, 19.68, -2826.13, 20.00, 4.63, 11.11, 4.91, 0.00, 5.66, 0.00, 0.00, 90.00, 0, 0
2.00, 5.70, 19.43, 19.43, -3143.82, 20.00, 4.63, 10.00, 3.82, 0.00, 0.00, 0.00, 0.00, 90.00, 0, 0
2.00, 5.70, 19.23, 19.23, -3366.01, 20.00, 4.63, 9.44, 3.19, 0.00, 0.00, 0.00, 0.00, 90.00, 0, 0
2.00, 5.70, 19.06, 19.06, -3597.45, 20.00, 4.63, 8.33, 2.10, 0.00, 0.00, 0.00, 0.00, 90.00, 0, 0
2.00, 5.70, 18.90, 18.90, -3781.08, 20.00, 4.63, 7.78, 1.48, 0.00, 0.00, 0.00, 0.00, 90.00, 0, 0
2.00, 5.70, 18.75, 18.75, -3992.01, 20.00, 4.63, 6.67, 0.40, 0.00, 0.00, 0.00, 0.00, 90.00, 0, 0
2.00, 5.70, 18.60, 18.60, -4205.28, 20.00, 4.63, 5.56, -0.68, 0.00, 0.00, 0.00, 0.00, 90.00, 0, 0
2.00, 5.70, 18.45, 18.45, -4422.03, 20.00, 4.63, 4.44, -1.75, 0.00, 0.00, 0.00, 0.00, 90.00, 0, 0
2.00, 5.70, 18.30, 18.30, -4603.30, 20.00, 4.63, 3.89, -2.36, 0.00, 0.00, 0.00, 0.00, 90.00, 0, 0
2.00, 5.70, 18.15, 18.15, -4819.73, 20.00, 4.63, 2.78, -3.43, 0.00, 0.00, 0.00, 0.00, 90.00, 0, 0
2.00, 5.70, 18.00, 18.00, -5003.59, 20.00, 4.63, 2.22, -4.04, 0.00, 0.00, 0.00, 0.00, 90.00, 0, 0
2.00, 5.70, 20.00, 20.00, -5883.99, 20.00, 4.63, 1.11, -5.27, 0.00, 0.00, 0.00, 0.00, 90.00, 0, 0
2.00, 5.70, 20.00, 20.00, -5883.27, 20.00, 4.63, 1.11, -5.27, 0.00, 7.54, 0.00, 0.00, 90.00, 0, 0
2.00, 5.70, 20.00, 20.00, -3377.80, 20.00, 4.63, 2.22, -4.04, 226.90, 32.77, 16.46, -75.54, 82.06, 0, 0
2.00, 5.70, 20.00, 20.00, -4390.44, 20.00, 4.63, 3.33, -2.82, 97.38, 70.58, 30.96, -64.81, 71.37, 0, 0
2.00, 5.70, 20.00, 20.00, -4408.30, 20.00, 4.63, 4.44, -1.75, 77.01, 117.24, 45.77, -52.42, 61.66, 0, 0
2.00, 5.70, 20.00, 20.00, -3675.47, 20.00, 4.63, 6.67, 0.40, 194.78, 152.39, 60.66, -37.50, 53.61, 0, 0
2.00, 5.70, 20.00, 20.00, -3539.90, 20.00, 4.63, 7.78, 1.48, 71.52, 163.11, 75.57, -19.54, 48.15, 0, 0
2.00, 5.70, 20.00, 20.00, -3663.71, 20.00, 4.63, 8.33, 2.10, 0.00, 163.15, 0.00, 0.69, 46.28, 0, 0
2.00, 5.70, 19.80, 19.80, -2480.14, 20.00, 4.63, 8.33, 2.10, 0.00, 160.84, 0.00, 20.83, 48.42, 0, 0
2.00, 5.70, 19.53, 19.53, -2996.51, 20.00, 4.63, 7.78, 1.48, 0.00, 87.14, 0.00, 38.60, 54.08, 0, 0
2.00, 5.70, 19.27, 19.27, -3385.46, 20.00, 4.63, 7.22, 0.86, 0.00, 57.11, 0.00, 53.33, 62.26, 0, 0
2.00, 5.70, 19.05, 19.05, -3683.36, 20.00, 4.63, 6.11, -0.06, 0.00, 46.56, 0.00, 65.58, 72.06, 0, 0
2.00, 5.70, 18.80, 18.80, -4087.91, 20.00, 4.63, 5.56, -0.68, 0.00, 7.54, 0.00, 76.22, 82.80, 0, 0
2.00, 5.70, 18.58, 18.58, -4340.50, 20.00, 4.63, 5.00, -1.29, 0.00, 1.89, 0.00, 0.00, 90.00, 0, 0
2.00, 5.70, 18.40, 18.40, -4555.53, 20.00, 4.63, 4.44, -1.75, 0.00, 0.00, 0.00, 0.00, 90.00, 0, 0
2.00, 5.70, 18.23, 18.23, -4747.21, 20.00, 4.63, 3.89, -2.36, 0.00, 0.00, 0.00, 0.00, 90.00, 0, 0
2.00, 5.70, 18.08, 18.08, -4928.93, 20.00, 4.63, 3.33, -2.82, 0.00, 0.00, 0.00, 0.00, 90.00, 0, 0
2.00, 5.70, 17.94, 17.94, -5065.69, 20.00, 4.63, 3.33, -2.98, 0.00, 0.00, 0.00, 0.00, 90.00, 0, 0
2.00, 5.70, 17.81, 17.81, -5230.15, 20.00, 4.63, 2.78, -3.43, 0.00, 0.00, 0.00, 0.00, 90.00, 0, 0
2.00, 5.70, 17.68, 17.68, -5395.77, 20.00, 4.63, 2.22, -4.04, 0.00, 0.00, 0.00, 0.00, 90.00, 0, 0
2.00, 5.70, 17.55, 17.55, -5522.63, 20.00, 4.63, 2.22, -4.04, 0.00, 0.00, 0.00, 0.00, 90.00, 0, 0
2.00, 5.70, 17.42, 17.42, -5681.38, 20.00, 4.63, 1.67, -4.65, 0.00, 0.00, 0.00, 0.00, 90.00, 0, 0
2.00, 5.70, 17.29, 17.29, -5843.47, 20.00, 4.63, 1.11, -5.11, 0.00, 0.00, 0.00, 0.00, 90.00, 0, 0
2.00, 5.70, 17.17, 17.17, -5968.53, 20.00, 4.63, 1.11, -5.27, 0.00, 0.00, 0.00, 0.00, 90.00, 0, 0
2.00, 5.70, 20.00, 20.00, -6265.01, 20.00, 4.63, 0.56, -5.72, 0.00, 0.00, 0.00, 0.00, 90.00, 0, 0
2.00, 5.70, 20.00, 20.00, -6258.83, 20.00, 4.63, 0.56, -5.72, 0.00, 5.66, 0.00, 0.00, 90.00, 0, 0
2.00, 5.70, 20.11, 20.11, -1419.35, 20.00, 4.63, 2.22, -3.89, 450.93, 32.46, 16.39, -75.79, 81.75, 0, 0
2.00, 5.70, 20.00, 20.00, -2411.18, 20.00, 4.63, 4.44, -1.75, 357.08, 77.93, 30.96, -65.05, 71.04, 0, 0
2.00, 5.70, 20.00, 20.00, -3659.22, 20.00, 4.63, 6.11, -0.06, 173.76, 123.41, 45.79, -52.64, 61.31, 0, 0
2.00, 5.70, 20.00, 20.00, -3440.17, 20.00, 4.63, 7.78, 1.65, 163.66, 158.81, 60.70, -37.66, 53.23, 0, 0
2.00, 5.70, 20.00, 20.00, -3090.17, 20.00, 4.63, 9.44, 3.19, 77.54, 182.23, 75.62, -19.60, 47.76, 0, 0
2.00, 5.70, 20.00, 20.00, -3019.99, 20.00, 4.63, 10.00, 3.82, 0.00, 190.93, 0.00, 0.78, 45.89, 0, 0
2.00, 5.70, 19.86, 19.86, -2129.65, 20.00, 4.63, 10.56, 4.28, 0.00, 171.97, 0.00, 21.05, 48.05, 0, 0
2.00, 5.70, 19.64, 19.64, -2600.42, 20.00, 4.63, 10.00, 3.82, 0.00, 121.85, 0.00, 38.89, 53.76, 0, 0
2.00, 5.70, 19.45, 19.45, -2840.76, 20.00, 4.63, 9.44, 3.19, 0.00, 96.05, 0.00, 53.65, 61.99, 0, 0
2.00, 5.70, 19.31, 19.31, -3006.16, 20.00, 4.63, 8.89, 2.56, 0.00, 72.30, 0.00, 65.91, 71.82, 0, 0
2.00, 5.70, 19.09, 19.09, -3458.98, 20.00, 4.63, 7.78, 1.65, 0.00, 29.70, 0.00, 76.55, 82.58, 0, 0
2.00, 5.70, 18.85, 18.85, -3860.48, 20.00, 4.63, 7.22, 1.02, 0.00, 7.54, 0.00, 0.00, 90.00, 0, 0
2.00, 5.70, 18.64, 18.64, -4122.47, 20.00, 4.63, 6.67, 0.40, 0.00, 0.00, 0.00, 0.00, 90.00, 0, 0
2.00, 5.70, 18.45, 18.45, -4369.45, 20.00, 4.63, 5.56, -0.68, 0.00, 0.00, 0.00, 0.00, 90.00, 0, 0
2.00, 5.70, 18.28, 18.28, -4567.75, 20.00, 4.63, 5.00, -1.14, 0.00, 0.00, 0.00, 0.00, 90.00, 0, 0
2.00, 5.70, 18.13, 18.13, -4753.36, 20.00, 4.63, 4.44, -1.75, 0.00, 0.00, 0.00, 0.00, 90.00, 0, 0
2.00, 5.70, 17.98, 17.98, -4931.62, 20.00, 4.63, 3.89, -2.36, 0.00, 0.00, 0.00, 0.00, 90.00, 0, 0
2.00, 5.70, 17.84, 17.84, -5105.84, 20.00, 4.63, 3.33, -2.98, 0.00, 0.00, 0.00, 0.00, 90.00, 0, 0
2.00, 5.70, 17.69, 17.69, -5317.78, 20.00, 4.63, 2.22, -4.04, 0.00, 0.00, 0.00, 0.00, 90.00, 0, 0
2.00, 5.70, 17.54, 17.54, -5498.40, 20.00, 4.63, 1.67, -4.65, 0.00, 0.00, 0.00, 0.00, 90.00, 0, 0
2.00, 5.70, 17.40, 17.40, -5676.88, 20.00, 4.63, 1.11, -5.27, 0.00, 0.00, 0.00, 0.00, 90.00, 0, 0
2.00, 5.70, 17.24, 17.24, -5894.49, 20.00, 4.63, 0.00, -6.34, 0.00, 0.00, 0.00, 0.00, 90.00, 0, 0
2.00, 5.70, 20.00, 20.00, -6366.19, 20.00, 4.63, -0.56, -6.95, 0.00, 0.00, 0.00, 0.00, 90.00, 0, 0
2.00, 5.70, 20.00, 20.00, -6348.10, 20.00, 4.63, -0.56, -6.79, 0.00, 11.31, 0.00, 0.00, 90.00, 0, 0
2.00, 5.70, 21.01, 21.01, 1405.63, 20.00, 4.63, 1.11, -5.11, 711.42, 28.09, 16.33, -76.04, 81.44, 0, 0
2.00, 5.70, 21.39, 21.39, 1060.52, 20.00, 4.63, 3.89, -2.36, 746.59, 60.67, 30.96, -65.30, 70.71, 0, 0
2.00, 5.70, 20.89, 20.89, -1175.18, 20.00, 4.63, 6.11, -0.06, 674.91, 98.11, 45.82, -52.86, 60.95, 0, 0
2.00, 5.70, 20.51, 20.51, -1702.16, 20.00, 4.63, 8.89, 2.56, 539.68, 115.41, 60.74, -37.82, 52.85, 0, 0
2.00, 5.70, 20.43, 20.43, -1429.79, 20.00, 4.63, 10.56, 4.28, 291.10, 118.51, 75.68, -19.65, 47.36, 0, 0
2.00, 5.70, 20.63, 20.63, -719.23, 20.00, 4.63, 12.22, 5.83, 0.00, 124.34, 0.00, 0.87, 45.49, 0, 0
2.00, 5.70, 21.06, 21.06, 427.90, 20.00, 4.63, 13.33, 6.92, 0.00, 118.29, 0.00, 21.28, 47.69, 0, 0
2.00, 5.70, 21.24, 21.24, 294.16, 20.00, 4.63, 13.33, 6.92, 0.00, 113.29, 0.00, 39.19, 53.44, 0, 0
2.00, 5.70, 21.21, 21.21, -110.07, 20.00, 4.63, 13.33, 6.92, 0.00, 94.18, 0.00, 53.98, 61.72, 0, 0
2.00, 5.70, 21.00, 21.00, -750.90, 20.00, 4.63, 11.67, 5.37, 0.00, 60.09, 0.00, 66.24, 71.58, 0, 0
2.00, 5.70, 20.66, 20.66, -1513.73, 20.00, 4.63, 10.00, 3.65, 0.00, 27.23, 0.00, 76.89, 82.36, 0, 0
2.00, 5.70, 20.30, 20.30, -2132.72, 20.00, 4.63, 8.89, 2.56, 0.00, 5.66, 0.00, 0.00, 90.00, 0, 0
2.00, 5.70, 20.00, 20.00, -2524.46, 20.00, 4.63, 7.78, 1.48, 0.00, 0.00, 0.00, 0.00, 90.00, 0, 0
2.00, 5.70, 19.75, 19.75, -2851.49, 20.00, 4.63, 6.67, 0.40, 0.00, 0.00, 0.00, 0.00, 90.00, 0, 0
2.00, 5.70, 19.52, 19.52, -3150.91, 20.00, 4.63, 5.56, -0.68, 0.00, 0.00, 0.00, 0.00, 90.00, 0, 0
2.00, 5.70, 19.33, 19.33, -3394.82, 20.00, 4.63, 5.00, -1.29, 0.00, 0.00, 0.00, 0.00, 90.00, 0, 0
2.00, 5.70, 19.14, 19.14, -3660.58, 20.00, 4.63, 3.89, -2.53, 0.00, 0.00, 0.00, 0.00, 90.00, 0, 0
2.00, 5.70, 18.97, 18.97, -3884.53, 20.00, 4.63, 3.33, -3.15, 0.00, 0.00, 0.00, 0.00, 90.00, 0, 0
2.00, 5.70, 18.80, 18.80, -4099.08, 20.00, 4.63, 2.78, -3.59, 0.00, 0.00, 0.00, 0.00, 90.00, 0, 0
2.00, 5.70, 18.64, 18.64, -4308.00, 20.00, 4.63, 2.22, -4.21, 0.00, 0.00, 0.00, 0.00, 90.00, 0, 0
2.00, 5.70, 18.49, 18.49, -4513.29, 20.00, 4.63, 1.67, -4.65, 0.00, 0.00, 0.00, 0.00, 90.00, 0, 0
2.00, 5.70, 18.33, 18.33, -4716.59, 20.00, 4.63, 1.11, -5.27, 0.00, 0.00, 0.00, 0.00, 90.00, 0, 0
2.00, 5.70, 20.00, 20.00, -3540.57, 20.00, 4.63, 0.56, -5.89, 0.00, 0.00, 0.00, 0.00, 90.00, 0, 0
2.00, 5.70, 20.00, 20.00, -3534.00, 20.00, 4.63, 1.11, -5.27, 0.00, 9.43, 0.00, 0.00, 90.00, 0, 0
2.00, 5.70, 20.31, 20.31, -983.34, 20.00, 4.63, 2.22, -4.04, 242.24, 35.32, 16.28, -76.29, 81.12, 0, 0
2.00, 5.70, 21.16, 21.16, 1096.67, 20.00, 4.63, 5.00, -1.29, 516.61, 72.90, 30.97, -65.54, 70.38, 0, 0
2.00, 5.70, 21.24, 21.24, 39.62, 20.00, 4.63, 7.78, 1.48, 566.86, 101.19, 45.85, -53.08, 60.60, 0, 0
2.00, 5.70, 21.16, 21.16, -394.65, 20.00, 4.63, 10.56, 4.28, 460.39, 121.64, 60.78, -37.99, 52.47, 0, 0
2.00, 5.70, 21.25, 21.25, -46.42, 20.00, 4.63, 13.33, 6.92, 267.45, 123.94, 75.73, -19.71, 46.96, 0, 0
2.00, 5.70, 21.51, 21.51, 543.41, 20.00, 4.63, 15.00, 8.67, 0.00, 119.01, 0.00, 0.97, 45.10, 0, 0
2.00, 5.70, 21.74, 21.74, 808.32, 20.00, 4.63, 16.11, 9.77, 0.00, 121.26, 0.00, 21.51, 47.33, 0, 0
2.00, 5.70, 21.83, 21.83, 686.19, 20.00, 4.63, 16.67, 10.23, 0.00, 108.05, 0.00, 39.50, 53.13, 0, 0
2.00, 5.70, 21.77, 21.77, 324.38, 20.00, 4.63, 16.67, 10.23, 0.00, 84.71, 0.00, 54.32, 61.44, 0, 0
2.00, 5.70, 21.59, 21.59, -213.40, 20.00, 4.63, 15.56, 9.12, 0.00, 60.72, 0.00, 66.58, 71.34, 0, 0
2.00, 5.70, 21.27, 21.27, -928.25, 20.00, 4.63, 13.89, 7.56, 0.00, 28.07, 0.00, 77.23, 82.14, 0, 0
2.00, 5.70, 20.93, 20.93, -1549.23, 20.00, 4.63, 12.22, 5.83, 0.00, 7.54, 0.00, 0.00, 90.00, 0, 0
2.00, 5.70, 20.64, 20.64, -1920.08, 20.00, 4.63, 11.11, 4.91, 0.00, 0.00, 0.00, 0.00, 90.00, 0, 0
2.00, 5.70, 20.40, 20.40, -2219.35, 20.00, 4.63, 10.00, 3.82, 0.00, 0.00, 0.00, 0.00, 90.00, 0, 0
2.00, 5.70, 20.21, 20.21, -2451.75, 20.00, 4.63, 9.44, 3.02, 0.00, 0.00, 0.00, 0.00, 90.00, 0, 0
2.00, 5.70, 20.03, 20.03, -2698.80, 20.00, 4.63, 8.33, 1.94, 0.00, 0.00, 0.00, 0.00, 90.00, 0, 0
2.00, 5.70, 19.85, 19.85, -2939.98, 20.00, 4.63, 7.22, 0.86, 0.00, 0.00, 0.00, 0.00, 90.00, 0, 0
2.00, 5.70, 19.68, 19.68, -3179.08, 20.00, 4.63, 6.11, -0.22, 0.00, 0.00, 0.00, 0.00, 90.00, 0, 0
2.00, 5.70, 19.51, 19.51, -3418.46, 20.00, 4.63, 5.00, -1.29, 0.00, 0.00, 0.00, 0.00, 90.00, 0, 0
2.00, 5.70, 19.34, 19.34, -3659.88, 20.00, 4.63, 3.89, -2.53, 0.00, 0.00, 0.00, 0.00, 90.00, 0, 0
2.00, 5.70, 19.17, 19.17, -3904.15, 20.00, 4.63, 2.78, -3.59, 0.00, 0.00, 0.00, 0.00, 90.00, 0, 0
2.00, 5.70, 19.00, 19.00, -4112.32, 20.00, 4.63, 2.22, -4.21, 0.00, 0.00, 0.00, 0.00, 90.00, 0, 0
2.00, 5.70, 20.00, 20.00, -5638.55, 20.00, 4.63, 1.11, -5.27, 0.00, 0.00, 0.00, 0.00, 90.00, 0, 0
2.00, 5.70, 20.00, 20.00, -5650.22, 20.00, 4.63, 1.11, -5.27, 0.00, 7.54, 0.00, 0.00, 90.00, 0, 0
2.00, 5.70, 20.00, 20.00, -4803.40, 20.00, 4.63, 2.22, -4.04, 60.57, 34.59, 16.25, -76.55, 80.81, 0, 0
2.00, 5.70, 20.00, 20.00, -4004.90, 20.00, 4.63, 3.89, -2.36, 129.81, 81.79, 30.99, -65.78, 70.05, 0, 0
2.00, 5.70, 20.00, 20.00, -3199.50, 20.00, 4.63, 6.11, -0.06, 331.55, 118.17, 45.89, -53.29, 60.25, 0, 0
2.00, 5.70, 20.00, 20.00, -2723.16, 20.00, 4.63, 8.89, 2.56, 336.69, 141.58, 60.83, -38.15, 52.09, 0, 0
2.00, 5.70, 20.24, 20.24, -1826.01, 20.00, 4.63, 11.67, 5.37, 214.51, 159.49, 75.79, -19.76, 46.56, 0, 0
2.00, 5.70, 20.58, 20.58, -1109.97, 20.00, 4.63, 13.33, 7.11, 0.00, 169.48, 0.00, 1.07, 44.70, 0, 0
2.00, 5.70, 20.94, 20.94, -351.39, 20.00, 4.63, 13.89, 7.56, 0.00, 166.78, 0.00, 21.75, 46.97, 0, 0
2.00, 5.70, 21.12, 21.12, -329.57, 20.00, 4.63, 14.44, 8.21, 0.00, 134.66, 0.00, 39.81, 52.81, 0, 0
2.00, 5.70, 21.18, 21.18, -471.20, 20.00, 4.63, 14.44, 8.21, 0.00, 94.55, 0.00, 54.65, 61.17, 0, 0
2.00, 5.70, 21.06, 21.06, -947.16, 20.00, 4.63, 13.33, 7.11, 0.00, 62.51, 0.00, 66.93, 71.10, 0, 0
2.00, 5.70, 20.80, 20.80, -1599.25, 20.00, 4.63, 11.67, 5.55, 0.00, 28.17, 0.00, 77.57, 81.92, 0, 0
2.00, 5.70, 20.50, 20.50, -2102.41, 20.00, 4.63, 10.56, 4.45, 0.00, 7.54, 0.00, 0.00, 90.00, 0, 0
2.00, 5.70, 20.27, 20.27, -2396.98, 20.00, 4.63, 10.00, 3.82, 0.00, 0.00, 0.00, 0.00, 90.00, 0, 0
2.00, 5.70, 20.07, 20.07, -2622.93, 20.00, 4.63, 9.44, 3.36, 0.00, 0.00, 0.00, 0.00, 90.00, 0, 0
2.00, 5.70, 19.90, 19.90, -2861.75, 20.00, 4.63, 8.33, 2.27, 0.00, 0.00, 0.00, 0.00, 90.00, 0, 0
2.00, 5.70, 19.74, 19.74, -3054.32, 20.00, 4.63, 7.78, 1.81, 0.00, 0.00, 0.00, 0.00, 90.00, 0, 0
2.00, 5.70, 19.60, 19.60, -3235.44, 20.00, 4.63, 7.22, 1.19, 0.00, 0.00, 0.00, 0.00, 90.00, 0, 0
2.00, 5.70, 19.46, 19.46, -3409.79, 20.00, 4.63, 6.67, 0.56, 0.00, 0.00, 0.00, 0.00, 90.00, 0, 0
2.00, 5.70, 19.33, 19.33, -3580.42, 20.00, 4.63, 6.11, -0.06, 0.00, 0.00, 0.00, 0.00, 90.00, 0, 0
2.00, 5.70, 19.20, 19.20, -3749.02, 20.00, 4.63, 5.56, -0.52, 0.00, 0.00, 0.00, 0.00, 90.00, 0, 0
2.00, 5.70, 19.07, 19.07, -3917.04, 20.00, 4.63, 5.00, -1.14, 0.00, 0.00, 0.00, 0.00, 90.00, 0, 0
2.00, 5.70, 18.95, 18.95, -4045.39, 20.00, 4.63, 5.00, -1.14, 0.00, 0.00, 0.00, 0.00, 90.00, 0, 0
2.00, 5.70, 20.00, 20.00, -5136.34, 20.00, 4.63, 4.44, -1.60, 0.00, 0.00, 0.00, 0.00, 90.00, 0, 0
2.00, 5.70, 20.00, 20.00, -5255.26, 20.00, 4.63, 3.89, -2.06, 0.00, 1.89, 0.00, 0.00, 90.00, 0, 0
2.00, 5.70, 20.00, 20.00, -5010.29, 20.00, 4.63, 5.00, -0.98, 0.00, 20.74, 16.22, -76.80, 80.49, 0, 0
2.00, 5.70, 20.00, 20.00, -4523.94, 20.00, 4.63, 6.11, 0.25, 18.93, 67.85, 31.01, -66.02, 69.72, 0, 0
2.00, 5.70, 20.00, 20.00, -4070.98, 20.00, 4.63, 7.78, 1.81, 26.33, 115.00, 45.93, -53.51, 59.89, 0, 0
2.00, 5.70, 20.00, 20.00, -3449.85, 20.00, 4.63, 9.44, 3.52, 82.89, 156.82, 60.88, -38.31, 51.71, 0, 0
2.00, 5.70, 20.00, 20.00, -2722.26, 20.00, 4.63, 11.67, 5.72, 74.80, 186.89, 75.85, -19.81, 46.16, 0, 0
2.00, 5.70, 20.09, 20.09, -2245.65, 20.00, 4.63, 13.33, 7.45, 0.00, 196.86, 0.00, 1.17, 44.30, 0, 0
2.00, 5.70, 20.29, 20.29, -1510.74, 20.00, 4.63, 13.89, 7.92, 0.00, 185.32, 0.00, 21.99, 46.60, 0, 0
2.00, 5.70, 20.37, 20.37, -1551.08, 20.00, 4.63, 14.44, 8.39, 0.00, 160.72, 0.00, 40.13, 52.50, 0, 0
2.00, 5.70, 20.40, 20.40, -1613.93, 20.00, 4.63, 14.44, 8.56, 0.00, 128.83, 0.00, 55.00, 60.90, 0, 0
2.00, 5.70, 20.36, 20.36, -1791.35, 20.00, 4.63, 13.89, 7.92, 0.00, 80.40, 0.00, 67.27, 70.86, 0, 0
2.00, 5.70, 20.20, 20.20, -2213.56, 20.00, 4.63, 12.78, 6.97, 0.00, 33.79, 0.00, 77.91, 81.71, 0, 0
2.00, 5.70, 19.99, 19.99, -2611.21, 20.00, 4.63, 12.22, 6.35, 0.00, 7.54, 0.00, 0.00, 90.00, 0, 0
2.00, 5.70, 19.80, 19.80, -2876.06, 20.00, 4.63, 11.11, 5.39, 0.00, 0.00, 0.00, 0.00, 90.00, 0, 0
2.00, 5.70, 19.64, 19.64, -3056.96, 20.00, 4.63, 10.56, 4.77, 0.00, 0.00, 0.00, 0.00, 90.00, 0, 0
2.00, 5.70, 19.51, 19.51, -3218.64, 20.00, 4.63, 10.00, 4.15, 0.00, 0.00, 0.00, 0.00, 90.00, 0, 0
2.00, 5.70, 19.39, 19.39, -3369.47, 20.00, 4.63, 9.44, 3.67, 0.00, 0.00, 0.00, 0.00, 90.00, 0, 0
2.00, 5.70, 19.27, 19.27, -3514.75, 20.00, 4.63, 8.89, 3.05, 0.00, 0.00, 0.00, 0.00, 90.00, 0, 0
2.00, 5.70, 19.16, 19.16, -3657.40, 20.00, 4.63, 8.33, 2.43, 0.00, 0.00, 0.00, 0.00, 90.00, 0, 0
2.00, 5.70, 19.04, 19.04, -3838.66, 20.00, 4.63, 7.22, 1.34, 0.00, 0.00, 0.00, 0.00, 90.00, 0, 0
2.00, 5.70, 18.92, 18.92, -3989.88, 20.00, 4.63, 6.67, 0.72, 0.00, 0.00, 0.00, 0.00, 90.00, 0, 0
2.00, 5.70, 18.80, 18.80, -4139.77, 20.00, 4.63, 6.11, 0.25, 0.00, 0.00, 0.00, 0.00, 90.00, 0, 0
2.00, 5.70, 18.68, 18.68, -4289.88, 20.00, 4.63, 5.56, -0.36, 0.00, 0.00, 0.00, 0.00, 90.00, 0, 0
2.00, 5.70, 20.00, 20.00, -5143.00, 20.00, 4.63, 5.00, -0.83, 0.00, 0.00, 0.00, 0.00, 90.00, 0, 0
2.00, 5.70, 20.00, 20.00, -5022.37, 20.00, 4.63, 5.56, -0.36, 0.00, 9.43, 0.00, 0.00, 90.00, 0, 0
2.00, 5.70, 20.00, 20.00, -4639.77, 20.00, 4.63, 6.67, 0.87, 12.12, 30.98, 16.20, -77.05, 80.17, 0, 0
2.00, 5.70, 20.00, 20.00, -4505.76, 20.00, 4.63, 7.22, 1.48, 2.70, 63.56, 31.04, -66.27, 69.38, 0, 0
2.00, 5.70, 20.00, 20.00, -3879.04, 20.00, 4.63, 8.89, 3.05, 48.23, 114.49, 45.98, -53.73, 59.53, 0, 0
2.00, 5.70, 20.00, 20.00, -3144.25, 20.00, 4.63, 11.11, 5.24, 95.00, 167.39, 60.94, -38.48, 51.32, 0, 0
2.00, 5.70, 20.00, 20.00, -2613.66, 20.00, 4.63, 12.78, 6.97, 58.36, 194.01, 75.91, -19.86, 45.76, 0, 0
2.00, 5.70, 20.16, 20.16, -1906.67, 20.00, 4.63, 14.44, 8.56, 0.00, 194.01, 0.00, 1.28, 43.91, 0, 0
2.00, 5.70, 20.46, 20.46, -986.37, 20.00, 4.63, 15.56, 9.66, 0.00, 184.57, 0.00, 22.24, 46.24, 0, 0
2.00, 5.70, 20.54, 20.54, -1190.65, 20.00, 4.63, 16.11, 10.30, 0.00, 159.76, 0.00, 40.46, 52.18, 0, 0
2.00, 5.70, 20.49, 20.49, -1500.94, 20.00, 4.63, 15.56, 9.66, 0.00, 123.43, 0.00, 55.34, 60.63, 0, 0
2.00, 5.70, 20.39, 20.39, -1736.35, 20.00, 4.63, 15.00, 9.19, 0.00, 78.73, 0.00, 67.62, 70.62, 0, 0
2.00, 5.70, 20.21, 20.21, -2149.49, 20.00, 4.63, 13.89, 8.08, 0.00, 31.94, 0.00, 78.26, 81.49, 0, 0
2.00, 5.70, 19.99, 19.99, -2545.53, 20.00, 4.63, 12.78, 6.97, 0.00, 9.43, 0.00, 0.00, 90.00, 0, 0
2.00, 5.70, 19.81, 19.81, -2780.51, 20.00, 4.63, 12.22, 6.35, 0.00, 0.00, 0.00, 0.00, 90.00, 0, 0
2.00, 5.70, 19.65, 19.65, -2991.67, 20.00, 4.63, 11.11, 5.39, 0.00, 0.00, 0.00, 0.00, 90.00, 0, 0
2.00, 5.70, 19.51, 19.51, -3154.02, 20.00, 4.63, 10.56, 4.77, 0.00, 0.00, 0.00, 0.00, 90.00, 0, 0
2.00, 5.70, 19.39, 19.39, -3303.96, 20.00, 4.63, 10.00, 4.15, 0.00, 0.00, 0.00, 0.00, 90.00, 0, 0
2.00, 5.70, 19.26, 19.26, -3486.68, 20.00, 4.63, 8.89, 3.05, 0.00, 0.00, 0.00, 0.00, 90.00, 0, 0
2.00, 5.70, 19.14, 19.14, -3636.07, 20.00, 4.63, 8.33, 2.43, 0.00, 0.00, 0.00, 0.00, 90.00, 0, 0
2.00, 5.70, 19.03, 19.03, -3782.28, 20.00, 4.63, 7.78, 1.81, 0.00, 0.00, 0.00, 0.00, 90.00, 0, 0
2.00, 5.70, 18.90, 18.90, -3966.88, 20.00, 4.63, 6.67, 0.72, 0.00, 0.00, 0.00, 0.00, 90.00, 0, 0
2.00, 5.70, 18.78, 18.78, -4121.39, 20.00, 4.63, 6.11, 0.10, 0.00, 0.00, 0.00, 0.00, 90.00, 0, 0
2.00, 5.70, 18.64, 18.64, -4314.32, 20.00, 4.63, 5.00, -0.98, 0.00, 0.00, 0.00, 0.00, 90.00, 0, 0
2.00, 5.70, 20.00, 20.00, -5228.76, 20.00, 4.63, 4.44, -1.60, 0.00, 0.00, 0.00, 0.00, 90.00, 0, 0
2.00, 5.70, 20.00, 20.00, -5210.85, 20.00, 4.63, 4.44, -1.44, 0.00, 9.43, 0.00, 0.00, 90.00, 0, 0
2.00, 5.70, 20.44, 20.44, -933.89, 20.00, 4.63, 6.11, 0.25, 393.81, 35.73, 16.20, -77.31, 79.85, 0, 0
2.00, 5.70, 20.59, 20.59, -1152.26, 20.00, 4.63, 8.33, 2.58, 386.37, 80.07, 31.08, -66.51, 69.05, 0, 0
2.00, 5.70, 20.54, 20.54, -1530.26, 20.00, 4.63, 11.11, 5.24, 433.68, 112.40, 46.03, -53.95, 59.17, 0, 0
2.00, 5.70, 20.58, 20.58, -1380.96, 20.00, 4.63, 13.33, 7.60, 359.42, 133.55, 61.00, -38.64, 50.94, 0, 0
2.00, 5.70, 20.83, 20.83, -679.66, 20.00, 4.63, 15.56, 9.66, 191.86, 153.27, 75.98, -19.91, 45.35, 0, 0
2.00, 5.70, 21.28, 21.28, 303.90, 20.00, 4.63, 17.22, 11.41, 0.00, 144.88, 0.00, 1.39, 43.51, 0, 0
2.00, 5.70, 21.67, 21.67, 940.78, 20.00, 4.63, 18.33, 12.53, 0.00, 124.38, 0.00, 22.49, 45.88, 0, 0
2.00, 5.70, 21.88, 21.88, 931.67, 20.00, 4.63, 18.89, 13.01, 0.00, 112.79, 0.00, 40.78, 51.87, 0, 0
2.00, 5.70, 21.87, 21.87, 513.52, 20.00, 4.63, 18.33, 12.53, 0.00, 109.23, 0.00, 55.69, 60.36, 0, 0
2.00, 5.70, 21.64, 21.64, -206.91, 20.00, 4.63, 17.22, 11.41, 0.00, 76.77, 0.00, 67.97, 70.39, 0, 0
2.00, 5.70, 21.32, 21.32, -876.51, 20.00, 4.63, 15.56, 9.82, 0.00, 29.44, 0.00, 78.61, 81.27, 0, 0
2.00, 5.70, 21.04, 21.04, -1300.59, 20.00, 4.63, 14.44, 8.71, 0.00, 5.66, 0.00, 0.00, 90.00, 0, 0
2.00, 5.70, 20.82, 20.82, -1571.58, 20.00, 4.63, 13.89, 8.23, 0.00, 0.00, 0.00, 0.00, 90.00, 0, 0
2.00, 5.70, 20.64, 20.64, -1779.54, 20.00, 4.63, 13.33, 7.60, 0.00, 0.00, 0.00, 0.00, 90.00, 0, 0
2.00, 5.70, 20.50, 20.50, -1960.95, 20.00, 4.63, 12.78, 7.12, 0.00, 0.00, 0.00, 0.00, 90.00, 0, 0
2.00, 5.70, 20.37, 20.37, -2127.14, 20.00, 4.63, 12.22, 6.50, 0.00, 0.00, 0.00, 0.00, 90.00, 0, 0
2.00, 5.70, 20.25, 20.25, -2323.66, 20.00, 4.63, 11.11, 5.53, 0.00, 0.00, 0.00, 0.00, 90.00, 0, 0
2.00, 5.70, 20.14, 20.14, -2445.96, 20.00, 4.63, 11.11, 5.39, 0.00, 0.00, 0.00, 0.00, 90.00, 0, 0
2.00, 5.70, 20.04, 20.04, -2593.79, 20.00, 4.63, 10.56, 4.77, 0.00, 0.00, 0.00, 0.00, 90.00, 0, 0
2.00, 5.70, 19.93, 19.93, -2741.34, 20.00, 4.63, 10.00, 4.29, 0.00, 0.00, 0.00, 0.00, 90.00, 0, 0
2.00, 5.70, 19.83, 19.83, -2889.50, 20.00, 4.63, 9.44, 3.67, 0.00, 0.00, 0.00, 0.00, 90.00, 0, 0
2.00, 5.70, 19.72, 19.72, -3038.38, 20.00, 4.63, 8.89, 3.19, 0.00, 0.00, 0.00, 0.00, 90.00, 0, 0
2.00, 5.70, 20.00, 20.00, -4048.00, 20.00, 4.63, 8.89, 3.19, 0.00, 0.00, 0.00, 0.00, 90.00, 0, 0
2.00, 5.70, 20.00, 20.00, -4051.95, 20.00, 4.63, 8.89, 3.33, 0.00, 7.54, 0.00, 0.00, 90.00, 0, 0
2.00, 5.70, 21.29, 21.29, 1322.34, 20.00, 4.63, 11.11, 5.53, 457.41, 36.15, 16.21, -77.56, 79.53, 0, 0
2.00, 5.70, 21.77, 21.77, 926.86, 20.00, 4.63, 13.33, 7.74, 410.51, 85.03, 31.12, -66.76, 68.71, 0, 0
2.00, 5.70, 21.88, 21.88, 487.51, 20.00, 4.63, 16.11, 10.59, 402.63, 127.75, 46.08, -54.18, 58.81, 0, 0
2.00, 5.70, 21.80, 21.80, 26.04, 20.00, 4.63, 17.22, 11.71, 158.76, 156.57, 61.06, -38.80, 50.55, 0, 0
2.00, 5.70, 21.61, 21.61, -482.85, 20.00, 4.63, 17.22, 11.71, 12.93, 128.20, 76.04, -19.96, 44.95, 0, 0
2.00, 5.70, 21.53, 21.53, -499.99, 20.00, 4.63, 17.22, 11.71, 0.00, 139.39, 0.00, 1.51, 43.11, 0, 0
2.00, 5.70, 21.60, 21.60, -89.93, 20.00, 4.63, 17.78, 12.20, 0.00, 158.25, 0.00, 22.75, 45.51, 0, 0
2.00, 5.70, 21.78, 21.78, 321.62, 20.00, 4.63, 18.33, 12.68, 0.00, 156.85, 0.00, 41.12, 51.56, 0, 0
2.00, 5.70, 21.87, 21.87, 264.42, 20.00, 4.63, 18.33, 12.68, 0.00, 130.05, 0.00, 56.05, 60.10, 0, 0
2.00, 5.70, 21.71, 21.71, -367.29, 20.00, 4.63, 17.22, 11.57, 0.00, 64.53, 0.00, 68.32, 70.15, 0, 0
2.00, 5.70, 21.49, 21.49, -826.06, 20.00, 4.63, 16.11, 10.59, 0.00, 20.74, 0.00, 78.96, 81.06, 0, 0
2.00, 5.70, 21.28, 21.28, -1140.85, 20.00, 4.63, 15.00, 9.48, 0.00, 5.66, 0.00, 0.00, 90.00, 0, 0
2.00, 5.70, 21.11, 21.11, -1364.90, 20.00, 4.63, 14.44, 8.85, 0.00, 0.00, 0.00, 0.00, 90.00, 0, 0
2.00, 5.70, 20.97, 20.97, -1542.87, 20.00, 4.63, 13.89, 8.37, 0.00, 0.00, 0.00, 0.00, 90.00, 0, 0
2.00, 5.70, 20.84, 20.84, -1744.34, 20.00, 4.63, 12.78, 7.26, 0.00, 0.00, 0.00, 0.00, 90.00, 0, 0
2.00, 5.70, 20.71, 20.71, -1907.19, 20.00, 4.63, 12.22, 6.64, 0.00, 0.00, 0.00, 0.00, 90.00, 0, 0
2.00, 5.70, 20.60, 20.60, -2063.43, 20.00, 4.63, 11.67, 6.01, 0.00, 0.00, 0.00, 0.00, 90.00, 0, 0
2.00, 5.70, 20.48, 20.48, -2255.54, 20.00, 4.63, 10.56, 4.91, 0.00, 0.00, 0.00, 0.00, 90.00, 0, 0
2.00, 5.70, 20.36, 20.36, -2415.95, 20.00, 4.63, 10.00, 4.43, 0.00, 0.00, 0.00, 0.00, 90.00, 0, 0
2.00, 5.70, 20.24, 20.24, -2574.04, 20.00, 4.63, 9.44, 3.81, 0.00, 0.00, 0.00, 0.00, 90.00, 0, 0
2.00, 5.70, 20.13, 20.13, -2731.28, 20.00, 4.63, 8.89, 3.19, 0.00, 0.00, 0.00, 0.00, 90.00, 0, 0
2.00, 5.70, 20.01, 20.01, -2888.55, 20.00, 4.63, 8.33, 2.71, 0.00, 0.00, 0.00, 0.00, 90.00, 0, 0
2.00, 5.70, 20.00, 20.00, -4235.39, 20.00, 4.63, 7.78, 2.10, 0.00, 0.00, 0.00, 0.00, 90.00, 0, 0
2.00, 5.70, 20.00, 20.00, -4108.80, 20.00, 4.63, 8.33, 2.71, 0.00, 16.97, 0.00, 0.00, 90.00, 0, 0
2.00, 5.70, 21.43, 21.43, 1504.63, 20.00, 4.63, 10.00, 4.43, 490.69, 42.92, 16.23, -77.81, 79.21, 0, 0
2.00, 5.70, 22.59, 22.59, 3027.54, 20.00, 4.63, 12.78, 7.26, 696.45, 75.24, 31.16, -67.00, 68.37, 0, 0
2.00, 5.70, 22.78, 22.78, 1863.06, 20.00, 4.63, 15.56, 10.10, 703.86, 95.93, 46.14, -54.40, 58.45, 0, 0
2.00, 5.70, 22.90, 22.90, 1852.80, 20.00, 4.63, 18.33, 12.83, 524.06, 120.13, 61.12, -38.97, 50.16, 0, 0
2.00, 5.70, 23.16, 23.16, 2449.91, 20.00, 4.63, 20.00, 14.58, 273.34, 128.18, 76.11, -20.01, 44.54, 0, 0
2.00, 5.70, 23.57, 23.57, 3251.38, 20.00, 4.63, 21.67, 16.20, 0.00, 124.92, 0.00, 1.63, 42.71, 0, 0
2.00, 5.70, 23.85, 23.85, 3300.72, 20.00, 4.63, 22.78, 17.18, 0.00, 120.62, 0.00, 23.02, 45.15, 0, 0
2.00, 5.70, 23.98, 23.98, 3176.30, 20.00, 4.63, 22.78, 17.18, 0.00, 108.01, 0.00, 41.46, 51.24, 0, 0
2.00, 5.70, 23.95, 23.95, 2827.25, 20.00, 4.63, 22.78, 17.18, 0.00, 97.29, 0.00, 56.41, 59.83, 0, 0
2.00, 5.70, 23.76, 23.76, 2214.05, 20.00, 4.63, 22.22, 16.69, 0.00, 77.10, 0.00, 68.68, 69.92, 0, 0
2.00, 5.70, 23.43, 23.43, 1405.52, 20.00, 4.63, 20.56, 15.07, 0.00, 27.57, 0.00, 79.31, 80.85, 0, 0
2.00, 5.70, 23.11, 23.11, 883.04, 20.00, 4.63, 19.44, 13.95, 0.00, 1.89, 0.00, 0.00, 90.00, 0, 0
2.00, 5.70, 22.87, 22.87, 601.96, 20.00, 4.63, 18.89, 13.46, 0.00, 0.00, 0.00, 0.00, 90.00, 0, 0
2.00, 5.70, 22.69, 22.69, 379.37, 20.00, 4.63, 18.33, 12.96, 0.00, 0.00, 0.00, 0.00, 90.00, 0, 0
2.00, 5.70, 22.55, 22.55, 188.13, 20.00, 4.63, 17.78, 12.34, 0.00, 0.00, 0.00, 0.00, 90.00, 0, 0
2.00, 5.70, 22.43, 22.43, 15.88, 20.00, 4.63, 17.22, 11.84, 0.00, 0.00, 0.00, 0.00, 90.00, 0, 0
2.00, 5.70, 22.32, 22.32, -145.03, 20.00, 4.63, 16.67, 11.22, 0.00, 0.00, 0.00, 0.00, 90.00, 0, 0
2.00, 5.70, 22.21, 22.21, -299.07, 20.00, 4.63, 16.11, 10.59, 0.00, 0.00, 0.00, 0.00, 90.00, 0, 0
2.00, 5.70, 22.10, 22.10, -488.12, 20.00, 4.63, 15.00, 9.48, 0.00, 0.00, 0.00, 0.00, 90.00, 0, 0
2.00, 5.70, 21.99, 21.99, -645.03, 20.00, 4.63, 14.44, 8.85, 0.00, 0.00, 0.00, 0.00, 90.00, 0, 0
2.00, 5.70, 21.88, 21.88, -837.82, 20.00, 4.63, 13.33, 7.88, 0.00, 0.00, 0.00, 0.00, 90.00, 0, 0
2.00, 5.70, 21.76, 21.76, -999.20, 20.00, 4.63, 12.78, 7.26, 0.00, 0.00, 0.00, 0.00, 90.00, 0, 0
2.00, 5.70, 21.64, 21.64, -1197.17, 20.00, 4.63, 11.67, 6.28, 0.00, 0.00, 0.00, 0.00, 90.00, 0, 0
2.00, 5.70, 21.57, 21.57, -1211.15, 20.00, 4.63, 12.22, 6.77, 0.00, 15.08, 0.00, 0.00, 90.00, 0, 0
2.00, 5.70, 23.42, 23.42, 4482.05, 20.00, 4.63, 13.89, 8.50, 496.67, 42.79, 16.26, -78.07, 78.88, 0, 0
2.00, 5.70, 23.72, 23.72, 2624.04, 20.00, 4.63, 15.56, 10.23, 291.37, 91.25, 31.21, -67.25, 68.03, 0, 0
2.00, 5.70, 23.48, 23.48, 1393.75, 20.00, 4.63, 17.22, 11.84, 113.54, 134.13, 46.20, -54.62, 58.09, 0, 0
2.00, 5.70, 23.37, 23.37, 1349.66, 20.00, 4.63, 18.33, 12.83, 65.37, 169.52, 61.19, -39.14, 49.77, 0, 0
2.00, 5.70, 23.34, 23.34, 1394.62, 20.00, 4.63, 18.89, 13.46, 23.36, 183.83, 76.18, -20.06, 44.13, 0, 0
2.00, 5.70, 23.47, 23.47, 1797.38, 20.00, 4.63, 20.00, 14.44, 0.00, 199.90, 0.00, 1.75, 42.31, 0, 0
2.00, 5.70, 23.47, 23.47, 1563.20, 20.00, 4.63, 20.00, 14.44, 0.00, 146.01, 0.00, 23.29, 44.79, 0, 0
2.00, 5.70, 23.25, 23.25, 865.35, 20.00, 4.63, 18.89, 13.32, 0.00, 56.47, 0.00, 41.80, 50.93, 0, 0
2.00, 5.70, 23.03, 23.03, 506.93, 20.00, 4.63, 17.78, 12.20, 0.00, 32.05, 0.00, 56.77, 59.57, 0, 0
2.00, 5.70, 22.91, 22.91, 437.91, 20.00, 4.63, 17.22, 11.71, 0.00, 49.20, 0.00, 69.04, 69.69, 0, 0
2.00, 5.70, 22.76, 22.76, 154.32, 20.00, 4.63, 16.11, 10.59, 0.00, 27.30, 0.00, 79.66, 80.63, 0, 0
2.00, 5.70, 22.58, 22.58, -165.13, 20.00, 4.63, 15.56, 10.10, 0.00, 0.00, 0.00, 0.00, 90.00, 0, 0
2.00, 5.70, 22.43, 22.43, -351.65, 20.00, 4.63, 15.00, 9.48, 0.00, 0.00, 0.00, 0.00, 90.00, 0, 0
2.00, 5.70, 22.30, 22.30, -521.41, 20.00, 4.63, 14.44, 8.85, 0.00, 0.00, 0.00, 0.00, 90.00, 0, 0
2.00, 5.70, 22.18, 22.18, -681.64, 20.00, 4.63, 13.89, 8.37, 0.00, 0.00, 0.00, 0.00, 90.00, 0, 0
2.00, 5.70, 22.05, 22.05, -876.08, 20.00, 4.63, 12.78, 7.26, 0.00, 0.00, 0.00, 0.00, 90.00, 0, 0
2.00, 5.70, 21.93, 21.93, -1037.98, 20.00, 4.63, 12.22, 6.64, 0.00, 0.00, 0.00, 0.00, 90.00, 0, 0
2.00, 5.70, 21.81, 21.81, -1196.74, 20.00, 4.63, 11.67, 6.01, 0.00, 0.00, 0.00, 0.00, 90.00, 0, 0
2.00, 5.70, 21.68, 21.68, -1393.39, 20.00, 4.63, 10.56, 4.91, 0.00, 0.00, 0.00, 0.00, 90.00, 0, 0
2.00, 5.70, 21.54, 21.54, -1598.95, 20.00, 4.63, 9.44, 3.81, 0.00, 0.00, 0.00, 0.00, 90.00, 0, 0
2.00, 5.70, 21.39, 21.39, -1811.95, 20.00, 4.63, 8.33, 2.71, 0.00, 0.00, 0.00, 0.00, 90.00, 0, 0
2.00, 5.70, 21.24, 21.24, -2031.62, 20.00, 4.63, 7.22, 1.48, 0.00, 0.00, 0.00, 0.00, 90.00, 0, 0
2.00, 5.70, 20.50, 20.50, -4224.98, 20.00, 4.63, 6.11, 0.39, 0.00, 0.00, 0.00, 0.00, 90.00, 0, 0
2.00, 5.70, 20.16, 20.16, -4135.48, 20.00, 4.63, 7.22, 1.48, 0.00, 22.63, 0.00, -90.00, 89.84, 0, 0
2.00, 5.70, 22.69, 22.69, 4307.20, 20.00, 4.63, 9.44, 3.81, 738.80, 39.09, 16.30, -78.32, 78.56, 0, 0
2.00, 5.70, 23.79, 23.79, 4051.73, 20.00, 4.63, 12.22, 6.64, 746.86, 70.80, 31.27, -67.49, 67.69, 0, 0
2.00, 5.70, 23.84, 23.84, 2509.51, 20.00, 4.63, 15.00, 9.34, 678.25, 95.95, 46.26, -54.85, 57.73, 0, 0
2.00, 5.70, 23.85, 23.85, 2423.54, 20.00, 4.63, 17.78, 12.05, 486.92, 117.28, 61.26, -39.30, 49.39, 0, 0
2.00, 5.70, 24.04, 24.04, 2908.01, 20.00, 4.63, 19.44, 13.65, 231.60, 136.25, 76.26, -20.11, 43.72, 0, 0
2.00, 5.70, 24.37, 24.37, 3636.13, 20.00, 4.63, 21.11, 15.25, 0.00, 138.65, 0.00, 1.87, 41.91, 0, 0
2.00, 5.70, 24.66, 24.66, 3724.98, 20.00, 4.63, 22.22, 16.38, 0.00, 132.92, 0.00, 23.56, 44.43, 0, 0
2.00, 5.70, 24.79, 24.79, 3639.74, 20.00, 4.63, 22.22, 16.38, 0.00, 128.28, 0.00, 42.14, 50.62, 0, 0
2.00, 5.70, 24.73, 24.73, 3162.31, 20.00, 4.63, 21.67, 15.90, 0.00, 118.65, 0.00, 57.13, 59.30, 0, 0
2.00, 5.70, 24.53, 24.53, 2596.10, 20.00, 4.63, 20.56, 14.77, 0.00, 75.68, 0.00, 69.40, 69.46, 0, 0
2.00, 5.70, 24.24, 24.24, 1977.89, 20.00, 4.63, 18.89, 13.01, 0.00, 30.59, 0.00, 80.02, 80.42, 0, 0
2.00, 5.70, 23.92, 23.92, 1388.24, 20.00, 4.63, 17.22, 11.41, 0.00, 13.20, 0.00, 0.00, 90.00, 0, 0
2.00, 5.70, 23.65, 23.65, 1005.78, 20.00, 4.63, 16.11, 10.30, 0.00, 0.00, 0.00, 0.00, 90.00, 0, 0
2.00, 5.70, 23.42, 23.42, 709.81, 20.00, 4.63, 15.00, 9.19, 0.00, 0.00, 0.00, 0.00, 90.00, 0, 0
2.00, 5.70, 23.23, 23.23, 439.17, 20.00, 4.63, 13.89, 8.08, 0.00, 0.00, 0.00, 0.00, 90.00, 0, 0
2.00, 5.70, 23.04, 23.04, 182.31, 20.00, 4.63, 12.78, 6.97, 0.00, 0.00, 0.00, 0.00, 90.00, 0, 0
2.00, 5.70, 22.87, 22.87, -67.80, 20.00, 4.63, 11.67, 5.72, 0.00, 0.00, 0.00, 0.00, 90.00, 0, 0
2.00, 5.70, 22.70, 22.70, -315.09, 20.00, 4.63, 10.56, 4.62, 0.00, 0.00, 0.00, 0.00, 90.00, 0, 0
2.00, 5.70, 22.53, 22.53, -562.21, 20.00, 4.63, 9.44, 3.52, 0.00, 0.00, 0.00, 0.00, 90.00, 0, 0
2.00, 5.70, 22.36, 22.36, -810.80, 20.00, 4.63, 8.33, 2.43, 0.00, 0.00, 0.00, 0.00, 90.00, 0, 0
2.00, 5.70, 22.18, 22.18, -1062.07, 20.00, 4.63, 7.22, 1.19, 0.00, 0.00, 0.00, 0.00, 90.00, 0, 0
2.00, 5.70, 21.99, 21.99, -1355.98, 20.00, 4.63, 5.56, -0.36, 0.00, 0.00, 0.00, 0.00, 90.00, 0, 0
2.00, 5.70, 21.10, 21.10, -3898.13, 20.00, 4.63, 4.44, -1.60, 0.00, 0.00, 0.00, 0.00, 90.00, 0, 0
2.00, 5.70, 20.52, 20.52, -4322.70, 20.00, 4.63, 4.44, -1.60, 0.00, 7.54, 0.00, -90.00, 89.52, 0, 0
2.00, 5.70, 20.49, 20.49, -3513.46, 20.00, 4.63, 5.56, -0.36, 63.57, 40.42, 16.35, -78.58, 78.23, 0, 0
2.00, 5.70, 20.59, 20.59, -3068.12, 20.00, 4.63, 7.22, 1.34, 75.44, 88.68, 31.34, -67.74, 67.35, 0, 0
2.00, 5.70, 20.92, 20.92, -2105.60, 20.00, 4.63, 9.44, 3.52, 202.57, 136.30, 46.33, -55.08, 57.36, 0, 0
2.00, 5.70, 21.33, 21.33, -1264.79, 20.00, 4.63, 11.67, 5.72, 231.55, 168.76, 61.33, -39.47, 49.00, 0, 0
2.00, 5.70, 21.62, 21.62, -904.42, 20.00, 4.63, 12.78, 6.97, 76.79, 191.69, 76.33, -20.15, 43.31, 0, 0
2.00, 5.70, 21.78, 21.78, -834.35, 20.00, 4.63, 13.33, 7.45, 0.00, 188.50, 0.00, 2.00, 41.50, 0, 0
2.00, 5.70, 22.26, 22.26, 471.02, 20.00, 4.63, 14.44, 8.56, 0.00, 180.38, 0.00, 23.84, 44.07, 0, 0
2.00, 5.70, 22.49, 22.49, 471.48, 20.00, 4.63, 14.44, 8.56, 0.00, 154.76, 0.00, 42.50, 50.32, 0, 0
2.00, 5.70, 22.39, 22.39, -188.46, 20.00, 4.63, 13.33, 7.60, 0.00, 77.60, 0.00, 57.50, 59.04, 0, 0
2.00, 5.70, 22.16, 22.16, -735.94, 20.00, 4.63, 11.67, 5.87, 0.00, 20.74, 0.00, 69.76, 69.23, 0, 0
2.00, 5.70, 21.96, 21.96, -989.60, 20.00, 4.63, 10.56, 4.77, 0.00, 17.56, 0.00, 80.38, 80.21, 0, 0
2.00, 5.70, 21.78, 21.78, -1227.58, 20.00, 4.63, 10.00, 4.29, 0.00, 13.20, 0.00, 0.00, 90.00, 0, 0
2.00, 5.70, 21.62, 21.62, -1440.82, 20.00, 4.63, 10.00, 4.29, 0.00, 0.00, 0.00, 0.00, 90.00, 0, 0
2.00, 5.70, 21.47, 21.47, -1623.83, 20.00, 4.63, 9.44, 3.81, 0.00, 0.00, 0.00, 0.00, 90.00, 0, 0
2.00, 5.70, 21.35, 21.35, -1759.40, 20.00, 4.63, 9.44, 3.81, 0.00, 0.00, 0.00, 0.00, 90.00, 0, 0
2.00, 5.70, 21.23, 21.23, -1881.68, 20.00, 4.63, 9.44, 3.81, 0.00, 0.00, 0.00, 0.00, 90.00, 0, 0
2.00, 5.70, 21.12, 21.12, -2034.36, 20.00, 4.63, 8.89, 3.33, 0.00, 0.00, 0.00, 0.00, 90.00, 0, 0
2.00, 5.70, 21.01, 21.01, -2150.50, 20.00, 4.63, 8.89, 3.19, 0.00, 0.00, 0.00, 0.00, 90.00, 0, 0
2.00, 5.70, 20.91, 20.91, -2259.50, 20.00, 4.63, 8.89, 3.19, 0.00, 0.00, 0.00, 0.00, 90.00, 0, 0
2.00, 5.70, 20.82, 20.82, -2363.21, 20.00, 4.63, 8.89, 3.19, 0.00, 0.00, 0.00, 0.00, 90.00, 0, 0
2.00, 5.70, 20.73, 20.73, -2462.77, 20.00, 4.63, 8.89, 3.19, 0.00, 0.00, 0.00, 0.00, 90.00, 0, 0
2.00, 5.70, 20.62, 20.62, -2598.29, 20.00, 4.63, 8.33, 2.71, 0.00, 0.00, 0.00, 0.00, 90.00, 0, 0
2.00, 5.70, 20.12, 20.12, -4203.39, 20.00, 4.63, 8.33, 2.84, 0.00, 0.00, 0.00, 0.00, 90.00, 0, 0
2.00, 5.70, 20.00, 20.00, -4197.74, 20.00, 4.63, 8.89, 3.33, 0.00, 1.89, 0.00, -90.00, 89.20, 0, 0
2.00, 5.70, 20.00, 20.00, -4208.12, 20.00, 4.63, 8.89, 3.46, 0.00, 7.54, 16.41, -78.83, 77.90, 0, 0
2.00, 5.70, 20.00, 20.00, -4040.84, 20.00, 4.63, 9.44, 4.07, 0.00, 30.17, 31.41, -67.99, 67.01, 0, 0
2.00, 5.70, 20.00, 20.00, -3701.85, 20.00, 4.63, 10.56, 5.17, 0.00, 67.88, 46.41, -55.30, 57.00, 0, 0
2.00, 5.70, 20.00, 20.00, -3615.63, 20.00, 4.63, 11.11, 5.66, 0.00, 60.34, 61.41, -39.64, 48.60, 0, 0
2.00, 5.70, 20.00, 20.00, -3715.47, 20.00, 4.63, 11.11, 5.66, 0.00, 32.05, 76.40, -20.20, 42.90, 0, 0
2.00, 5.70, 20.00, 20.00, -3664.43, 20.00, 4.63, 11.11, 5.66, 0.00, 47.14, 0.00, 2.14, 41.10, 0, 0
2.00, 5.70, 20.16, 20.16, -2511.90, 20.00, 4.63, 11.11, 5.79, 0.00, 75.42, 0.00, 24.12, 43.71, 0, 0
2.00, 5.70, 20.32, 20.32, -2221.58, 20.00, 4.63, 11.67, 6.28, 0.00, 110.86, 0.00, 42.85, 50.01, 0, 0
2.00, 5.70, 20.46, 20.46, -2019.36, 20.00, 4.63, 12.22, 6.89, 0.00, 117.62, 0.00, 57.87, 58.78, 0, 0
2.00, 5.70, 20.49, 20.49, -2109.60, 20.00, 4.63, 12.78, 7.39, 0.00, 78.50, 0.00, 70.13, 69.00, 0, 0
2.00, 5.70, 20.41, 20.41, -2378.54, 20.00, 4.63, 12.22, 6.89, 0.00, 34.44, 0.00, 80.73, 80.00, 0, 0
2.00, 5.70, 20.30, 20.30, -2578.74, 20.00, 4.63, 12.22, 6.89, 0.00, 9.43, 0.00, 0.00, 90.00, 0, 0
2.00, 5.70, 20.19, 20.19, -2711.41, 20.00, 4.63, 12.22, 7.01, 0.00, 0.00, 0.00, 0.00, 90.00, 0, 0
2.00, 5.70, 20.09, 20.09, -2833.39, 20.00, 4.63, 11.67, 6.51, 0.00, 0.00, 0.00, 0.00, 90.00, 0, 0
2.00, 5.70, 20.00, 20.00, -2913.15, 20.00, 4.63, 11.67, 6.51, 0.00, 0.00, 0.00, 0.00, 90.00, 0, 0
2.00, 5.70, 19.93, 19.93, -2983.39, 20.00, 4.63, 11.67, 6.51, 0.00, 0.00, 0.00, 0.00, 90.00, 0, 0
2.00, 5.70, 19.86, 19.86, -3047.60, 20.00, 4.63, 11.67, 6.51, 0.00, 0.00, 0.00, 0.00, 90.00, 0, 0
2.00, 5.70, 19.80, 19.80, -3107.96, 20.00, 4.63, 11.67, 6.40, 0.00, 0.00, 0.00, 0.00, 90.00, 0, 0
2.00, 5.70, 19.74, 19.74, -3165.45, 20.00, 4.63, 11.67, 6.40, 0.00, 0.00, 0.00, 0.00, 90.00, 0, 0
2.00, 5.70, 19.68, 19.68, -3220.83, 20.00, 4.63, 11.67, 6.40, 0.00, 0.00, 0.00, 0.00, 90.00, 0, 0
2.00, 5.70, 19.62, 19.62, -3274.51, 20.00, 4.63, 11.67, 6.40, 0.00, 0.00, 0.00, 0.00, 90.00, 0, 0
2.00, 5.70, 19.57, 19.57, -3326.76, 20.00, 4.63, 11.67, 6.40, 0.00, 0.00, 0.00, 0.00, 90.00, 0, 0
2.00, 5.70, 20.00, 20.00, -3928.34, 20.00, 4.63, 11.67, 6.51, 0.00, 0.00, 0.00, 0.00, 90.00, 0, 0
2.00, 5.70, 20.00, 20.00, -3789.28, 20.00, 4.63, 12.22, 7.13, 0.00, 11.31, 0.00, -90.00, 88.88, 0, 0
2.00, 5.70, 20.00, 20.00, -2941.77, 20.00, 4.63, 13.33, 8.24, 57.47, 46.38, 16.48, -79.08, 77.58, 0, 0
2.00, 5.70, 20.00, 20.00, -2798.06, 20.00, 4.63, 15.00, 9.85, 24.21, 79.26, 31.48, -68.24, 66.67, 0, 0
2.00, 5.70, 20.02, 20.02, -2714.04, 20.00, 4.63, 15.56, 10.47, 4.34, 90.67, 46.48, -55.53, 56.64, 0, 0
2.00, 5.70, 20.10, 20.10, -2474.74, 20.00, 4.63, 16.11, 10.97, 3.01, 105.39, 61.48, -39.81, 48.21, 0, 0
2.00, 5.70, 20.39, 20.39, -1702.31, 20.00, 4.63, 17.22, 11.97, 23.60, 166.63, 76.48, -20.25, 42.49, 0, 0
2.00, 5.70, 20.53, 20.53, -1684.60, 20.00, 4.63, 17.22, 12.09, 0.00, 131.53, 0.00, 2.27, 40.70, 0, 0
2.00, 5.70, 20.53, 20.53, -1647.19, 20.00, 4.63, 17.22, 11.97, 0.00, 91.25, 0.00, 24.41, 43.35, 0, 0
2.00, 5.70, 20.52, 20.52, -1694.47, 20.00, 4.63, 17.22, 11.97, 0.00, 82.96, 0.00, 43.21, 49.70, 0, 0
2.00, 5.70, 20.45, 20.45, -1900.61, 20.00, 4.63, 16.67, 11.35, 0.00, 49.02, 0.00, 58.24, 58.52, 0, 0
2.00, 5.70, 20.35, 20.35, -2121.35, 20.00, 4.63, 16.11, 10.85, 0.00, 20.74, 0.00, 70.50, 68.77, 0, 0
2.00, 5.70, 20.23, 20.23, -2305.20, 20.00, 4.63, 15.56, 10.23, 0.00, 5.66, 0.00, 81.09, 79.79, 0, 0
2.00, 5.70, 20.13, 20.13, -2450.55, 20.00, 4.63, 15.00, 9.74, 0.00, 0.00, 0.00, 0.00, 90.00, 0, 0
2.00, 5.70, 20.03, 20.03, -2565.92, 20.00, 4.63, 14.44, 9.12, 0.00, 0.00, 0.00, 0.00, 90.00, 0, 0
2.00, 5.70, 19.95, 19.95, -2675.45, 20.00, 4.63, 13.89, 8.62, 0.00, 0.00, 0.00, 0.00, 90.00, 0, 0
2.00, 5.70, 19.87, 19.87, -2783.05, 20.00, 4.63, 13.33, 8.00, 0.00, 0.00, 0.00, 0.00, 90.00, 0, 0
2.00, 5.70, 19.80, 19.80, -2851.63, 20.00, 4.63, 13.33, 7.88, 0.00, 0.00, 0.00, 0.00, 90.00, 0, 0
2.00, 5.70, 19.72, 19.72, -2951.60, 20.00, 4.63, 12.78, 7.26, 0.00, 0.00, 0.00, 0.00, 90.00, 0, 0
2.00, 5.70, 19.63, 19.63, -3094.80, 20.00, 4.63, 11.67, 6.28, 0.00, 0.00, 0.00, 0.00, 90.00, 0, 0
2.00, 5.70, 19.53, 19.53, -3250.89, 20.00, 4.63, 10.56, 5.17, 0.00, 0.00, 0.00, 0.00, 90.00, 0, 0
2.00, 5.70, 19.42, 19.42, -3417.43, 20.00, 4.63, 9.44, 3.94, 0.00, 0.00, 0.00, 0.00, 90.00, 0, 0
2.00, 5.70, 19.31, 19.31, -3553.37, 20.00, 4.63, 8.89, 3.33, 0.00, 0.00, 0.00, 0.00, 90.00, 0, 0
2.00, 5.70, 19.19, 19.19, -3727.61, 20.00, 4.63, 7.78, 2.23, 0.00, 0.00, 0.00, 0.00, 90.00, 0, 0
2.00, 5.70, 20.00, 20.00, -4760.76, 20.00, 4.63, 6.67, 1.01, 0.00, 0.00, 0.00, 0.00, 90.00, 0, 0
2.00, 5.70, 20.00, 20.00, -4611.29, 20.00, 4.63, 7.22, 1.62, 0.00, 16.97, 0.00, -90.00, 88.55, 0, 0
2.00, 5.70, 20.00, 20.00, -2973.83, 20.00, 4.63, 8.89, 3.33, 139.09, 50.07, 16.56, -79.34, 77.25, 0, 0
2.00, 5.70, 20.44, 20.44, -1187.34, 20.00, 4.63, 11.67, 6.01, 341.37, 99.16, 31.56, -68.49, 66.33, 0, 0
2.00, 5.70, 20.34, 20.34, -2143.75, 20.00, 4.63, 13.33, 7.74, 160.51, 129.78, 46.56, -55.76, 56.27, 0, 0
2.00, 5.70, 20.31, 20.31, -2132.35, 20.00, 4.63, 14.44, 8.85, 49.58, 163.23, 61.56, -39.99, 47.82, 0, 0
2.00, 5.70, 20.43, 20.43, -1689.54, 20.00, 4.63, 15.56, 9.82, 27.13, 190.74, 76.56, -20.29, 42.08, 0, 0
2.00, 5.70, 20.76, 20.76, -878.71, 20.00, 4.63, 16.67, 10.93, 0.00, 204.02, 0.00, 2.41, 40.30, 0, 0
2.00, 5.70, 21.07, 21.07, -241.75, 20.00, 4.63, 17.78, 12.05, 0.00, 202.38, 0.00, 24.71, 42.99, 0, 0
2.00, 5.70, 21.24, 21.24, -221.47, 20.00, 4.63, 18.33, 12.53, 0.00, 174.56, 0.00, 43.58, 49.40, 0, 0
2.00, 5.70, 21.34, 21.34, -177.70, 20.00, 4.63, 18.33, 12.68, 0.00, 124.09, 0.00, 58.62, 58.26, 0, 0
2.00, 5.70, 21.32, 21.32, -435.69, 20.00, 4.63, 17.78, 12.05, 0.00, 78.26, 0.00, 70.87, 68.55, 0, 0
2.00, 5.70, 21.13, 21.13, -1014.23, 20.00, 4.63, 16.67, 10.93, 0.00, 36.11, 0.00, 81.45, 79.58, 0, 0
2.00, 5.70, 20.88, 20.88, -1513.09, 20.00, 4.63, 15.00, 9.34, 0.00, 9.43, 0.00, 0.00, 90.00, 0, 0
2.00, 5.70, 20.67, 20.67, -1811.56, 20.00, 4.63, 13.89, 8.23, 0.00, 0.00, 0.00, 0.00, 90.00, 0, 0
2.00, 5.70, 20.50, 20.50, -2008.37, 20.00, 4.63, 13.33, 7.60, 0.00, 0.00, 0.00, 0.00, 90.00, 0, 0
2.00, 5.70, 20.35, 20.35, -2218.13, 20.00, 4.63, 12.22, 6.50, 0.00, 0.00, 0.00, 0.00, 90.00, 0, 0
2.00, 5.70, 20.20, 20.20, -2422.22, 20.00, 4.63, 11.11, 5.39, 0.00, 0.00, 0.00, 0.00, 90.00, 0, 0
2.00, 5.70, 20.06, 20.06, -2625.32, 20.00, 4.63, 10.00, 4.15, 0.00, 0.00, 0.00, 0.00, 90.00, 0, 0
2.00, 5.70, 19.92, 19.92, -2829.81, 20.00, 4.63, 8.89, 3.05, 0.00, 0.00, 0.00, 0.00, 90.00, 0, 0
2.00, 5.70, 19.79, 19.79, -2997.96, 20.00, 4.63, 8.33, 2.43, 0.00, 0.00, 0.00, 0.00, 90.00, 0, 0
2.00, 5.70, 19.65, 19.65, -3200.49, 20.00, 4.63, 7.22, 1.34, 0.00, 0.00, 0.00, 0.00, 90.00, 0, 0
2.00, 5.70, 19.51, 19.51, -3409.91, 20.00, 4.63, 6.11, 0.25, 0.00, 0.00, 0.00, 0.00, 90.00, 0, 0
2.00, 5.70, 19.37, 19.37, -3586.16, 20.00, 4.63, 5.56, -0.36, 0.00, 0.00, 0.00, 0.00, 90.00, 0, 0
2.00, 5.70, 20.00, 20.00, -5027.27, 20.00, 4.63, 4.44, -1.44, 0.00, 0.00, 0.00, 0.00, 90.00, 0, 0
2.00, 5.70, 20.00, 20.00, -4642.57, 20.00, 4.63, 6.11, 0.25, 0.00, 30.17, 0.00, -90.00, 88.23, 0, 0
2.00, 5.70, 20.86, 20.86, 18.03, 20.00, 4.63, 8.33, 2.43, 432.18, 51.07, 16.66, -79.59, 76.92, 0, 0
2.00, 5.70, 21.48, 21.48, 694.03, 20.00, 4.63, 10.56, 4.77, 566.64, 80.29, 31.65, -68.74, 65.99, 0, 0
2.00, 5.70, 21.52, 21.52, -135.65, 20.00, 4.63, 13.33, 7.60, 521.94, 112.48, 46.64, -55.99, 55.91, 0, 0
2.00, 5.70, 21.57, 21.57, -83.20, 20.00, 4.63, 15.56, 9.82, 344.63, 150.08, 61.64, -40.16, 47.43, 0, 0
2.00, 5.70, 21.89, 21.89, 774.44, 20.00, 4.63, 17.78, 11.89, 198.27, 158.42, 76.64, -20.34, 41.67, 0, 0
2.00, 5.70, 22.35, 22.35, 1695.71, 20.00, 4.63, 19.44, 13.65, 0.00, 158.14, 0.00, 2.55, 39.90, 0, 0
2.00, 5.70, 22.67, 22.67, 1951.92, 20.00, 4.63, 20.56, 14.61, 0.00, 152.09, 0.00, 25.01, 42.63, 0, 0
2.00, 5.70, 22.80, 22.80, 1811.86, 20.00, 4.63, 20.56, 14.77, 0.00, 139.58, 0.00, 43.94, 49.10, 0, 0
2.00, 5.70, 22.80, 22.80, 1530.27, 20.00, 4.63, 20.56, 14.61, 0.00, 116.78, 0.00, 59.00, 58.01, 0, 0
2.00, 5.70, 22.61, 22.61, 909.91, 20.00, 4.63, 18.89, 13.17, 0.00, 84.54, 0.00, 71.24, 68.32, 0, 0
2.00, 5.70, 22.31, 22.31, 204.41, 20.00, 4.63, 17.22, 11.41, 0.00, 41.68, 0.00, 81.81, 79.37, 0, 0
2.00, 5.70, 22.01, 22.01, -295.27, 20.00, 4.63, 16.11, 10.30, 0.00, 11.31, 0.00, 0.00, 90.00, 0, 0
2.00, 5.70, 21.75, 21.75, -643.92, 20.00, 4.63, 15.00, 9.19, 0.00, 0.00, 0.00, 0.00, 90.00, 0, 0
2.00, 5.70, 21.55, 21.55, -913.98, 20.00, 4.63, 13.89, 8.23, 0.00, 0.00, 0.00, 0.00, 90.00, 0, 0
2.00, 5.70, 21.38, 21.38, -1121.57, 20.00, 4.63, 13.33, 7.60, 0.00, 0.00, 0.00, 0.00, 90.00, 0, 0
2.00, 5.70, 21.22, 21.22, -1347.13, 20.00, 4.63, 12.22, 6.50, 0.00, 0.00, 0.00, 0.00, 90.00, 0, 0
2.00, 5.70, 21.07, 21.07, -1569.44, 20.00, 4.63, 11.11, 5.39, 0.00, 0.00, 0.00, 0.00, 90.00, 0, 0
2.00, 5.70, 20.94, 20.94, -1752.33, 20.00, 4.63, 10.56, 4.77, 0.00, 0.00, 0.00, 0.00, 90.00, 0, 0
2.00, 5.70, 20.81, 20.81, -1927.77, 20.00, 4.63, 10.00, 4.15, 0.00, 0.00, 0.00, 0.00, 90.00, 0, 0
2.00, 5.70, 20.69, 20.69, -2099.12, 20.00, 4.63, 9.44, 3.52, 0.00, 0.00, 0.00, 0.00, 90.00, 0, 0
2.00, 5.70, 20.55, 20.55, -2307.69, 20.00, 4.63, 8.33, 2.58, 0.00, 0.00, 0.00, 0.00, 90.00, 0, 0
2.00, 5.70, 20.42, 20.42, -2485.25, 20.00, 4.63, 7.78, 1.96, 0.00, 0.00, 0.00, 0.00, 90.00, 0, 0
2.00, 5.70, 20.30, 20.30, -2625.13, 20.00, 4.63, 7.22, 1.34, 0.00, 0.00, 0.00, 0.00, 90.00, 0, 0
2.00, 5.70, 20.26, 20.26, -2535.21, 20.00, 4.63, 8.33, 2.58, 0.00, 26.40, 2.09, -90.00, 87.91, 0, 0
2.00, 5.70, 20.40, 20.40, -2041.14, 20.00, 4.63, 9.44, 3.67, 42.29, 38.28, 16.76, -79.85, 76.59, 0, 0
2.00, 5.70, 20.61, 20.61, -1598.55, 20.00, 4.63, 11.11, 5.39, 69.75, 88.78, 31.74, -68.99, 65.65, 0, 0
2.00, 5.70, 20.79, 20.79, -1363.21, 20.00, 4.63, 12.78, 7.12, 71.36, 136.65, 46.73, -56.23, 55.55, 0, 0
2.00, 5.70, 20.89, 20.89, -1315.57, 20.00, 4.63, 13.89, 8.08, 22.42, 144.24, 61.72, -40.34, 47.04, 0, 0
2.00, 5.70, 21.03, 21.03, -1034.43, 20.00, 4.63, 14.44, 8.71, 16.67, 170.87, 76.72, -20.38, 41.26, 0, 0
2.00, 5.70, 21.28, 21.28, -500.98, 20.00, 4.63, 16.11, 10.30, 0.00, 198.49, 0.00, 2.70, 39.50, 0, 0
2.00, 5.70, 21.41, 21.41, -467.11, 20.00, 4.63, 16.67, 10.78, 0.00, 178.54, 0.00, 25.31, 42.28, 0, 0
2.00, 5.70, 21.48, 21.48, -493.72, 20.00, 4.63, 16.67, 10.78, 0.00, 156.53, 0.00, 44.31, 48.80, 0, 0
2.00, 5.70, 21.60, 21.60, -238.13, 20.00, 4.63, 17.22, 11.41, 0.00, 130.67, 0.00, 59.38, 57.75, 0, 0
2.00, 5.70, 21.65, 21.65, -269.87, 20.00, 4.63, 17.22, 11.41, 0.00, 88.85, 0.00, 71.61, 68.10, 0, 0
2.00, 5.70, 21.52, 21.52, -789.20, 20.00, 4.63, 16.11, 10.30, 0.00, 42.99, 0.00, 82.18, 79.17, 0, 0
2.00, 5.70, 21.29, 21.29, -1278.21, 20.00, 4.63, 15.00, 9.19, 0.00, 11.31, 0.00, 0.00, 90.00, 0, 0
2.00, 5.70, 21.09, 21.09, -1569.33, 20.00, 4.63, 13.89, 8.08, 0.00, 0.00, 0.00, 0.00, 90.00, 0, 0
2.00, 5.70, 20.91, 20.91, -1796.50, 20.00, 4.63, 12.78, 7.12, 0.00, 0.00, 0.00, 0.00, 90.00, 0, 0
2.00, 5.70, 20.75, 20.75, -2009.69, 20.00, 4.63, 11.67, 5.87, 0.00, 0.00, 0.00, 0.00, 90.00, 0, 0
2.00, 5.70, 20.62, 20.62, -2177.52, 20.00, 4.63, 11.11, 5.24, 0.00, 0.00, 0.00, 0.00, 90.00, 0, 0
2.00, 5.70, 20.47, 20.47, -2413.53, 20.00, 4.63, 9.44, 3.67, 0.00, 0.00, 0.00, 0.00, 90.00, 0, 0
2.00, 5.70, 20.33, 20.33, -2583.66, 20.00, 4.63, 8.89, 3.05, 0.00, 0.00, 0.00, 0.00, 90.00, 0, 0
2.00, 5.70, 20.19, 20.19, -2786.37, 20.00, 4.63, 7.78, 1.96, 0.00, 0.00, 0.00, 0.00, 90.00, 0, 0
2.00, 5.70, 20.05, 20.05, -2955.43, 20.00, 4.63, 7.22, 1.34, 0.00, 0.00, 0.00, 0.00, 90.00, 0, 0
2.00, 5.70, 19.91, 19.91, -3160.65, 20.00, 4.63, 6.11, 0.25, 0.00, 0.00, 0.00, 0.00, 90.00, 0, 0
2.00, 5.70, 19.76, 19.76, -3373.80, 20.00, 4.63, 5.00, -0.83, 0.00, 0.00, 0.00, 0.00, 90.00, 0, 0
2.00, 5.70, 20.00, 20.00, -5049.83, 20.00, 4.63, 4.44, -1.44, 0.00, 0.00, 0.00, 0.00, 90.00, 0, 0
2.00, 5.70, 20.00, 20.00, -5041.08, 20.00, 4.63, 4.44, -1.44, 0.00, 9.43, 2.41, -90.00, 87.59, 0, 0
2.00, 5.70, 20.00, 20.00, -3572.59, 20.00, 4.63, 6.11, 0.25, 120.75, 51.10, 16.87, -80.10, 76.27, 0, 0
2.00, 5.70, 20.00, 20.00, -3228.07, 20.00, 4.63, 8.33, 2.58, 120.60, 108.16, 31.83, -69.24, 65.31, 0, 0
2.00, 5.70, 20.03, 20.03, -2842.10, 20.00, 4.63, 10.56, 4.77, 142.48, 152.09, 46.82, -56.46, 55.19, 0, 0
2.00, 5.70, 20.16, 20.16, -2445.50, 20.00, 4.63, 12.22, 6.50, 93.89, 186.73, 61.81, -40.51, 46.65, 0, 0
2.00, 5.70, 20.46, 20.46, -1718.04, 20.00, 4.63, 13.89, 8.08, 68.42, 204.08, 76.80, -20.43, 40.85, 0, 0
2.00, 5.70, 20.86, 20.86, -897.34, 20.00, 4.63, 15.56, 9.82, 0.00, 209.10, 0.00, 2.85, 39.10, 0, 0
2.00, 5.70, 21.37, 21.37, 239.12, 20.00, 4.63, 16.67, 10.93, 0.00, 176.23, 0.00, 25.62, 41.92, 0, 0
2.00, 5.70, 21.76, 21.76, 644.34, 20.00, 4.63, 17.78, 12.05, 0.00, 142.77, 0.00, 44.69, 48.50, 0, 0
2.00, 5.70, 21.84, 21.84, 244.87, 20.00, 4.63, 17.78, 12.05, 0.00, 127.18, 0.00, 59.76, 57.50, 0, 0
2.00, 5.70, 21.67, 21.67, -389.55, 20.00, 4.63, 16.67, 10.93, 0.00, 89.83, 0.00, 71.98, 67.88, 0, 0
2.00, 5.70, 21.44, 21.44, -899.73, 20.00, 4.63, 15.00, 9.34, 0.00, 44.80, 0.00, 82.54, 78.96, 0, 0
2.00, 5.70, 21.18, 21.18, -1345.56, 20.00, 4.63, 13.89, 8.37, 0.00, 15.08, 0.00, 0.00, 90.00, 0, 0
2.00, 5.70, 20.96, 20.96, -1635.00, 20.00, 4.63, 13.33, 7.74, 0.00, 0.00, 0.00, 0.00, 90.00, 0, 0
2.00, 5.70, 20.80, 20.80, -1793.39, 20.00, 4.63, 13.33, 7.74, 0.00, 0.00, 0.00, 0.00, 90.00, 0, 0
2.00, 5.70, 20.67, 20.67, -1956.66, 20.00, 4.63, 12.78, 7.26, 0.00, 0.00, 0.00, 0.00, 90.00, 0, 0
2.00, 5.70, 20.55, 20.55, -2108.07, 20.00, 4.63, 12.22, 6.64, 0.00, 0.00, 0.00, 0.00, 90.00, 0, 0
2.00, 5.70, 20.44, 20.44, -2252.96, 20.00, 4.63, 11.67, 6.15, 0.00, 0.00, 0.00, 0.00, 90.00, 0, 0
2.00, 5.70, 20.34, 20.34, -2394.68, 20.00, 4.63, 11.11, 5.53, 0.00, 0.00, 0.00, 0.00, 90.00, 0, 0
2.00, 5.70, 20.25, 20.25, -2495.84, 20.00, 4.63, 11.11, 5.39, 0.00, 0.00, 0.00, 0.00, 90.00, 0, 0
2.00, 5.70, 20.15, 20.15, -2626.94, 20.00, 4.63, 10.56, 4.91, 0.00, 0.00, 0.00, 0.00, 90.00, 0, 0
2.00, 5.70, 20.06, 20.06, -2760.83, 20.00, 4.63, 10.00, 4.43, 0.00, 0.00, 0.00, 0.00, 90.00, 0, 0
2.00, 5.70, 19.97, 19.97, -2857.82, 20.00, 4.63, 10.00, 4.43, 0.00, 0.00, 0.00, 0.00, 90.00, 0, 0
2.00, 5.70, 20.00, 20.00, -4044.26, 20.00, 4.63, 9.44, 3.94, 0.00, 0.00, 0.00, 0.00, 90.00, 0, 0
2.00, 5.70, 20.00, 20.00, -3766.60, 20.00, 4.63, 10.56, 5.17, 0.00, 28.28, 2.74, -90.00, 87.26, 0, 0
2.00, 5.70, 21.53, 21.53, 1861.87, 20.00, 4.63, 13.33, 7.88, 500.80, 49.88, 16.99, -80.36, 75.94, 0, 0
2.00, 5.70, 21.72, 21.72, 192.12, 20.00, 4.63, 15.00, 9.61, 278.43, 104.45, 31.93, -69.50, 64.97, 0, 0
2.00, 5.70, 21.88, 21.88, 364.86, 20.00, 4.63, 17.22, 11.84, 323.26, 145.42, 46.91, -56.70, 54.82, 0, 0
2.00, 5.70, 21.88, 21.88, 101.60, 20.00, 4.63, 18.33, 12.96, 123.34, 149.47, 61.90, -40.69, 46.26, 0, 0
2.00, 5.70, 22.09, 22.09, 710.60, 20.00, 4.63, 19.44, 14.09, 71.58, 187.99, 76.88, -20.47, 40.45, 0, 0
2.00, 5.70, 22.29, 22.29, 985.45, 20.00, 4.63, 20.00, 14.58, 0.00, 192.82, 0.00, 3.00, 38.70, 0, 0
2.00, 5.70, 22.19, 22.19, 364.59, 20.00, 4.63, 19.44, 14.09, 0.00, 128.05, 0.00, 25.93, 41.57, 0, 0
2.00, 5.70, 22.07, 22.07, 112.19, 20.00, 4.63, 18.33, 12.96, 0.00, 114.61, 0.00, 45.07, 48.20, 0, 0
2.00, 5.70, 21.99, 21.99, -4.80, 20.00, 4.63, 17.78, 12.47, 0.00, 111.81, 0.00, 60.15, 57.25, 0, 0
2.00, 5.70, 21.85, 21.85, -317.97, 20.00, 4.63, 17.22, 11.84, 0.00, 67.98, 0.00, 72.35, 67.66, 0, 0
2.00, 5.70, 21.68, 21.68, -671.15, 20.00, 4.63, 16.11, 10.85, 0.00, 32.05, 0.00, 82.90, 78.75, 0, 0
2.00, 5.70, 21.50, 21.50, -959.37, 20.00, 4.63, 15.56, 10.23, 0.00, 7.54, 0.00, 0.00, 90.00, 0, 0
2.00, 5.70, 21.35, 21.35, -1172.08, 20.00, 4.63, 15.00, 9.74, 0.00, 0.00, 0.00, 0.00, 90.00, 0, 0
2.00, 5.70, 21.23, 21.23, -1298.36, 20.00, 4.63, 15.00, 9.74, 0.00, 0.00, 0.00, 0.00, 90.00, 0, 0
2.00, 5.70, 21.12, 21.12, -1441.61, 20.00, 4.63, 14.44, 9.24, 0.00, 0.00, 0.00, 0.00, 90.00, 0, 0
2.00, 5.70, 21.03, 21.03, -1580.19, 20.00, 4.63, 13.89, 8.62, 0.00, 0.00, 0.00, 0.00, 90.00, 0, 0
2.00, 5.70, 20.94, 20.94, -1677.44, 20.00, 4.63, 13.89, 8.62, 0.00, 0.00, 0.00, 0.00, 90.00, 0, 0
2.00, 5.70, 20.86, 20.86, -1804.17, 20.00, 4.63, 13.33, 8.00, 0.00, 0.00, 0.00, 0.00, 90.00, 0, 0
2.00, 5.70, 20.77, 20.77, -1933.20, 20.00, 4.63, 12.78, 7.51, 0.00, 0.00, 0.00, 0.00, 90.00, 0, 0
2.00, 5.70, 20.69, 20.69, -2025.24, 20.00, 4.63, 12.78, 7.39, 0.00, 0.00, 0.00, 0.00, 90.00, 0, 0
2.00, 5.70, 20.60, 20.60, -2149.20, 20.00, 4.63, 12.22, 6.89, 0.00, 0.00, 0.00, 0.00, 90.00, 0, 0
2.00, 5.70, 20.53, 20.53, -2237.92, 20.00, 4.63, 12.22, 6.89, 0.00, 0.00, 0.00, 0.00, 90.00, 0, 0
2.00, 5.70, 20.19, 20.19, -3376.14, 20.00, 4.63, 11.67, 6.40, 0.00, 0.00, 0.00, 0.00, 90.00, 0, 0
2.00, 5.70, 20.05, 20.05, -3322.60, 20.00, 4.63, 12.22, 7.01, 0.00, 11.31, 3.06, -90.00, 86.94, 0, 0
2.00, 5.70, 20.00, 20.00, -3206.82, 20.00, 4.63, 12.78, 7.63, 0.00, 24.51, 17.12, -80.62, 75.61, 0, 0
2.00, 5.70, 20.02, 20.02, -3039.57, 20.00, 4.63, 13.33, 8.12, 0.00, 41.48, 32.04, -69.75, 64.63, 0, 0
2.00, 5.70, 20.21, 20.21, -2461.64, 20.00, 4.63, 14.44, 9.24, 21.51, 100.25, 47.00, -56.94, 54.46, 0, 0
2.00, 5.70, 20.39, 20.39, -2143.15, 20.00, 4.63, 15.56, 10.23, 8.89, 102.81, 61.98, -40.87, 45.88, 0, 0
2.00, 5.70, 20.40, 20.40, -2380.78, 20.00, 4.63, 15.56, 10.23, 0.71, 36.51, 76.97, -20.52, 40.04, 0, 0
2.00, 5.70, 20.34, 20.34, -2547.40, 20.00, 4.63, 15.00, 9.61, 0.00, 30.17, 0.00, 3.15, 38.30, 0, 0
2.00, 5.70, 20.51, 20.51, -1709.03, 20.00, 4.63, 15.56, 10.10, 0.00, 85.79, 0.00, 26.25, 41.21, 0, 0
2.00, 5.70, 20.74, 20.74, -1252.13, 20.00, 4.63, 16.11, 10.73, 0.00, 139.86, 0.00, 45.45, 47.91, 0, 0
2.00, 5.70, 20.88, 20.88, -1144.87, 20.00, 4.63, 16.67, 11.22, 0.00, 127.43, 0.00, 60.53, 57.00, 0, 0
2.00, 5.70, 20.85, 20.85, -1479.55, 20.00, 4.63, 16.11, 10.73, 0.00, 59.90, 0.00, 72.73, 67.44, 0, 0
2.00, 5.70, 20.72, 20.72, -1808.09, 20.00, 4.63, 15.56, 10.10, 0.00, 11.31, 0.00, 83.26, 78.55, 0, 0
2.00, 5.70, 20.60, 20.60, -1999.17, 20.00, 4.63, 15.00, 9.61, 0.00, 0.00, 0.00, 93.11, 89.91, 0, 0
2.00, 5.70, 20.49, 20.49, -2133.72, 20.00, 4.63, 14.44, 8.99, 0.00, 0.00, 0.00, 0.00, 90.00, 0, 0
2.00, 5.70, 20.39, 20.39, -2257.35, 20.00, 4.63, 13.89, 8.50, 0.00, 0.00, 0.00, 0.00, 90.00, 0, 0
2.00, 5.70, 20.30, 20.30, -2376.19, 20.00, 4.63, 13.33, 7.88, 0.00, 0.00, 0.00, 0.00, 90.00, 0, 0
2.00, 5.70, 20.21, 20.21, -2493.47, 20.00, 4.63, 12.78, 7.26, 0.00, 0.00, 0.00, 0.00, 90.00, 0, 0
2.00, 5.70, 20.13, 20.13, -2611.03, 20.00, 4.63, 12.22, 6.64, 0.00, 0.00, 0.00, 0.00, 90.00, 0, 0
2.00, 5.70, 20.02, 20.02, -2769.09, 20.00, 4.63, 11.11, 5.53, 0.00, 0.00, 0.00, 0.00, 90.00, 0, 0
2.00, 5.70, 19.91, 19.91, -2938.16, 20.00, 4.63, 10.00, 4.43, 0.00, 0.00, 0.00, 0.00, 90.00, 0, 0
2.00, 5.70, 19.78, 19.78, -3155.95, 20.00, 4.63, 8.33, 2.71, 0.00, 0.00, 0.00, 0.00, 90.00, 0, 0
2.00, 5.70, 19.64, 19.64, -3351.53, 20.00, 4.63, 7.22, 1.62, 0.00, 0.00, 0.00, 0.00, 90.00, 0, 0
2.00, 5.70, 19.49, 19.49, -3552.58, 20.00, 4.63, 6.11, 0.39, 0.00, 0.00, 0.00, 0.00, 90.00, 0, 0
2.00, 5.70, 20.00, 20.00, -4999.45, 20.00, 4.63, 5.00, -0.83, 0.00, 0.00, 0.00, 0.00, 90.00, 0, 0
2.00, 5.70, 20.00, 20.00, -4687.60, 20.00, 4.63, 6.11, 0.39, 0.00, 35.83, 3.38, -90.00, 86.62, 0, 0
2.00, 5.70, 20.97, 20.97, 246.83, 20.00, 4.63, 8.89, 3.19, 463.93, 55.57, 17.26, -80.87, 75.29, 0, 0
2.00, 5.70, 21.11, 21.11, -768.55, 20.00, 4.63, 11.11, 5.39, 344.55, 102.67, 32.15, -70.01, 64.29, 0, 0
2.00, 5.70, 20.95, 20.95, -1476.14, 20.00, 4.63, 12.78, 7.12, 214.74, 153.17, 47.10, -57.17, 54.10, 0, 0
2.00, 5.70, 20.94, 20.94, -1297.41, 20.00, 4.63, 14.44, 8.71, 106.38, 192.36, 62.07, -41.05, 45.49, 0, 0
2.00, 5.70, 21.17, 21.17, -610.91, 20.00, 4.63, 16.11, 10.30, 72.10, 208.65, 77.05, -20.57, 39.63, 0, 0
2.00, 5.70, 21.45, 21.45, -65.62, 20.00, 4.63, 17.22, 11.41, 0.00, 210.71, 0.00, 3.31, 37.91, 0, 0
2.00, 5.70, 21.72, 21.72, 429.50, 20.00, 4.63, 17.78, 11.89, 0.00, 201.60, 0.00, 26.57, 40.86, 0, 0
2.00, 5.70, 21.85, 21.85, 376.26, 20.00, 4.63, 17.78, 11.89, 0.00, 180.28, 0.00, 45.83, 47.61, 0, 0
2.00, 5.70, 21.89, 21.89, 247.95, 20.00, 4.63, 17.78, 11.89, 0.00, 140.94, 0.00, 60.92, 56.75, 0, 0
2.00, 5.70, 21.86, 21.86, 68.45, 20.00, 4.63, 17.22, 11.41, 0.00, 89.21, 0.00, 73.10, 67.22, 0, 0
2.00, 5.70, 21.68, 21.68, -458.89, 20.00, 4.63, 15.56, 9.82, 0.00, 40.68, 0.00, 83.62, 78.35, 0, 0
2.00, 5.70, 21.42, 21.42, -995.16, 20.00, 4.63, 14.44, 8.71, 0.00, 20.74, 0.00, 93.46, 89.71, 0, 0
2.00, 5.70, 21.19, 21.19, -1357.71, 20.00, 4.63, 13.33, 7.45, 0.00, 0.00, 0.00, 0.00, 90.00, 0, 0
2.00, 5.70, 20.98, 20.98, -1617.05, 20.00, 4.63, 12.22, 6.35, 0.00, 0.00, 0.00, 0.00, 90.00, 0, 0
2.00, 5.70, 20.81, 20.81, -1856.29, 20.00, 4.63, 11.11, 5.24, 0.00, 0.00, 0.00, 0.00, 90.00, 0, 0
2.00, 5.70, 20.64, 20.64, -2085.59, 20.00, 4.63, 10.00, 4.15, 0.00, 0.00, 0.00, 0.00, 90.00, 0, 0
2.00, 5.70, 20.47, 20.47, -2350.48, 20.00, 4.63, 8.33, 2.43, 0.00, 0.00, 0.00, 0.00, 90.00, 0, 0
2.00, 5.70, 20.32, 20.32, -2545.21, 20.00, 4.63, 7.78, 1.81, 0.00, 0.00, 0.00, 0.00, 90.00, 0, 0
2.00, 5.70, 20.17, 20.17, -2730.32, 20.00, 4.63, 7.22, 1.19, 0.00, 0.00, 0.00, 0.00, 90.00, 0, 0
2.00, 5.70, 20.02, 20.02, -2949.67, 20.00, 4.63, 6.11, 0.10, 0.00, 0.00, 0.00, 0.00, 90.00, 0, 0
2.00, 5.70, 19.88, 19.88, -3136.05, 20.00, 4.63, 5.56, -0.52, 0.00, 0.00, 0.00, 0.00, 90.00, 0, 0
2.00, 5.70, 19.72, 19.72, -3358.63, 20.00, 4.63, 4.44, -1.44, 0.00, 0.00, 0.00, 0.00, 90.00, 0, 0
2.00, 5.70, 20.00, 20.00, -5065.97, 20.00, 4.63, 3.89, -2.06, 0.00, 0.00, 0.00, 0.00, 90.00, 0, 0
2.00, 5.70, 20.00, 20.00, -4799.52, 20.00, 4.63, 5.00, -0.98, 0.00, 26.40, 3.70, -90.00, 86.30, 0, 0
2.00, 5.70, 21.65, 21.65, 2220.89, 20.00, 4.63, 8.33, 2.43, 662.23, 57.56, 17.41, -81.13, 74.96, 0, 0
2.00, 5.70, 22.68, 22.68, 3024.48, 20.00, 4.63, 12.22, 6.35, 832.31, 84.93, 32.26, -70.26, 63.95, 0, 0
2.00, 5.70, 22.71, 22.71, 1510.36, 20.00, 4.63, 15.00, 9.19, 688.02, 113.33, 47.20, -57.41, 53.74, 0, 0
2.00, 5.70, 22.71, 22.71, 1396.47, 20.00, 4.63, 17.22, 11.41, 452.22, 135.31, 62.16, -41.24, 45.10, 0, 0
2.00, 5.70, 22.91, 22.91, 1964.39, 20.00, 4.63, 18.89, 13.01, 205.78, 153.11, 77.14, -20.61, 39.22, 0, 0
2.00, 5.70, 23.31, 23.31, 2824.72, 20.00, 4.63, 20.56, 14.77, 0.00, 160.40, 0.00, 3.47, 37.51, 0, 0
2.00, 5.70, 23.54, 23.54, 2797.25, 20.00, 4.63, 21.11, 15.25, 0.00, 166.75, 0.00, 26.89, 40.51, 0, 0
2.00, 5.70, 23.64, 23.64, 2651.89, 20.00, 4.63, 21.67, 15.90, 0.00, 148.83, 0.00, 46.22, 47.32, 0, 0
2.00, 5.70, 23.55, 23.55, 2163.60, 20.00, 4.63, 20.56, 14.77, 0.00, 130.04, 0.00, 61.31, 56.50, 0, 0
2.00, 5.70, 23.35, 23.35, 1637.18, 20.00, 4.63, 19.44, 13.65, 0.00, 89.66, 0.00, 73.48, 67.00, 0, 0
2.00, 5.70, 23.05, 23.05, 950.82, 20.00, 4.63, 17.22, 11.57, 0.00, 43.01, 0.00, 83.99, 78.14, 0, 0
2.00, 5.70, 22.73, 22.73, 372.90, 20.00, 4.63, 16.11, 10.45, 0.00, 15.08, 0.00, 93.82, 89.50, 0, 0
2.00, 5.70, 22.46, 22.46, 24.98, 20.00, 4.63, 15.56, 9.97, 0.00, 0.00, 0.00, 0.00, 90.00, 0, 0
2.00, 5.70, 22.25, 22.25, -257.97, 20.00, 4.63, 14.44, 8.85, 0.00, 0.00, 0.00, 0.00, 90.00, 0, 0
2.00, 5.70, 22.07, 22.07, -477.62, 20.00, 4.63, 13.89, 8.23, 0.00, 0.00, 0.00, 0.00, 90.00, 0, 0
2.00, 5.70, 21.92, 21.92, -675.20, 20.00, 4.63, 13.33, 7.74, 0.00, 0.00, 0.00, 0.00, 90.00, 0, 0
2.00, 5.70, 21.78, 21.78, -898.91, 20.00, 4.63, 12.22, 6.64, 0.00, 0.00, 0.00, 0.00, 90.00, 0, 0
2.00, 5.70, 21.65, 21.65, -1045.47, 20.00, 4.63, 12.22, 6.50, 0.00, 0.00, 0.00, 0.00, 90.00, 0, 0
2.00, 5.70, 21.54, 21.54, -1215.19, 20.00, 4.63, 11.67, 6.01, 0.00, 0.00, 0.00, 0.00, 90.00, 0, 0
2.00, 5.70, 21.42, 21.42, -1383.17, 20.00, 4.63, 11.11, 5.39, 0.00, 0.00, 0.00, 0.00, 90.00, 0, 0
2.00, 5.70, 21.31, 21.31, -1510.88, 20.00, 4.63, 11.11, 5.39, 0.00, 0.00, 0.00, 0.00, 90.00, 0, 0
2.00, 5.70, 21.20, 21.20, -1668.38, 20.00, 4.63, 10.56, 4.91, 0.00, 0.00, 0.00, 0.00, 90.00, 0, 0
2.00, 5.70, 20.71, 20.71, -3173.30, 20.00, 4.63, 10.00, 4.43, 0.00, 0.00, 0.00, 0.00, 90.00, 0, 0
2.00, 5.70, 20.55, 20.55, -2936.08, 20.00, 4.63, 11.67, 6.15, 0.00, 24.51, 4.02, -90.00, 85.98, 0, 0
2.00, 5.70, 20.77, 20.77, -1955.79, 20.00, 4.63, 13.33, 7.88, 54.14, 58.52, 17.56, -81.38, 74.64, 0, 0
2.00, 5.70, 21.04, 21.04, -1427.36, 20.00, 4.63, 15.00, 9.48, 53.28, 104.85, 32.38, -70.52, 63.62, 0, 0
2.00, 5.70, 21.39, 21.39, -687.91, 20.00, 4.63, 16.67, 11.22, 94.13, 151.17, 47.30, -57.66, 53.39, 0, 0
2.00, 5.70, 21.65, 21.65, -394.58, 20.00, 4.63, 17.78, 12.34, 32.31, 156.49, 62.26, -41.43, 44.72, 0, 0
2.00, 5.70, 21.78, 21.78, -372.58, 20.00, 4.63, 17.78, 12.34, 3.49, 140.96, 77.22, -20.66, 38.82, 0, 0
2.00, 5.70, 22.03, 22.03, 191.59, 20.00, 4.63, 18.89, 13.32, 0.00, 174.82, 0.00, 3.63, 37.11, 0, 0
2.00, 5.70, 22.26, 22.26, 551.98, 20.00, 4.63, 19.44, 13.80, 0.00, 190.14, 0.00, 27.22, 40.17, 0, 0
2.00, 5.70, 22.32, 22.32, 394.34, 20.00, 4.63, 19.44, 13.80, 0.00, 142.35, 0.00, 46.61, 47.03, 0, 0
2.00, 5.70, 22.25, 22.25, 59.56, 20.00, 4.63, 18.89, 13.32, 0.00, 84.99, 0.00, 61.70, 56.26, 0, 0
2.00, 5.70, 22.29, 22.29, 254.81, 20.00, 4.63, 18.33, 12.83, 0.00, 86.61, 0.00, 73.85, 66.79, 0, 0
2.00, 5.70, 22.27, 22.27, 131.72, 20.00, 4.63, 18.33, 12.83, 0.00, 52.62, 0.00, 84.35, 77.94, 0, 0
2.00, 5.70, 22.11, 22.11, -345.51, 20.00, 4.63, 17.22, 11.71, 0.00, 26.40, 0.00, 94.17, 89.30, 0, 0
2.00, 5.70, 21.93, 21.93, -670.62, 20.00, 4.63, 16.11, 10.59, 0.00, 0.00, 0.00, 0.00, 90.00, 0, 0
2.00, 5.70, 21.77, 21.77, -888.31, 20.00, 4.63, 15.00, 9.48, 0.00, 0.00, 0.00, 0.00, 90.00, 0, 0
2.00, 5.70, 21.63, 21.63, -1094.09, 20.00, 4.63, 13.89, 8.37, 0.00, 0.00, 0.00, 0.00, 90.00, 0, 0
2.00, 5.70, 21.49, 21.49, -1295.15, 20.00, 4.63, 12.78, 7.26, 0.00, 0.00, 0.00, 0.00, 90.00, 0, 0
2.00, 5.70, 21.36, 21.36, -1456.59, 20.00, 4.63, 12.22, 6.64, 0.00, 0.00, 0.00, 0.00, 90.00, 0, 0
2.00, 5.70, 21.23, 21.23, -1650.83, 20.00, 4.63, 11.11, 4.87, 0.00, 0.00, 0.00, 0.00, 90.00, 0, 0
2.00, 5.70, 21.12, 21.12, -1771.67, 20.00, 4.63, 11.11, 4.87, 0.00, 0.00, 0.00, 0.00, 90.00, 0, 0
2.00, 5.70, 21.00, 21.00, -1958.55, 20.00, 4.63, 10.00, 3.77, 0.00, 0.00, 0.00, 0.00, 90.00, 0, 0
2.00, 5.70, 20.86, 20.86, -2155.37, 20.00, 4.63, 8.89, 2.68, 0.00, 0.00, 0.00, 0.00, 90.00, 0, 0
2.00, 5.70, 20.72, 20.72, -2360.42, 20.00, 4.63, 7.78, 1.58, 0.00, 0.00, 0.00, 0.00, 90.00, 0, 0
2.00, 5.70, 20.59, 20.59, -2533.09, 20.00, 4.63, 7.22, 0.97, 0.00, 0.00, 0.00, 0.00, 90.00, 0, 0
2.00, 5.70, 20.44, 20.44, -2742.59, 20.00, 4.63, 6.11, -0.12, 0.00, 0.00, 0.00, 0.00, 90.00, 0, 0
2.00, 5.70, 20.38, 20.38, -2657.43, 20.00, 4.63, 7.22, 0.97, 0.00, 28.28, 4.34, -90.00, 85.66, 0, 0
2.00, 5.70, 20.54, 20.54, -2062.32, 20.00, 4.63, 8.33, 2.06, 48.08, 51.67, 17.72, -81.64, 74.32, 0, 0
2.00, 5.70, 20.56, 20.56, -2224.25, 20.00, 4.63, 8.89, 2.68, 10.64, 80.14, 32.50, -70.78, 63.28, 0, 0
2.00, 5.70, 20.72, 20.72, -1731.43, 20.00, 4.63, 10.00, 3.77, 70.46, 131.03, 47.40, -57.90, 53.03, 0, 0
2.00, 5.70, 20.96, 20.96, -1216.20, 20.00, 4.63, 11.67, 5.35, 87.84, 179.70, 62.35, -41.61, 44.33, 0, 0
2.00, 5.70, 21.08, 21.08, -1224.67, 20.00, 4.63, 12.22, 5.97, 21.49, 161.77, 77.31, -20.71, 38.41, 0, 0
2.00, 5.70, 21.27, 21.27, -803.77, 20.00, 4.63, 12.78, 6.45, 0.00, 183.52, 0.00, 3.80, 36.72, 0, 0
2.00, 5.70, 21.55, 21.55, -251.20, 20.00, 4.63, 13.89, 7.55, 0.00, 203.13, 0.00, 27.55, 39.82, 0, 0
2.00, 5.70, 21.52, 21.52, -765.19, 20.00, 4.63, 13.89, 7.39, 0.00, 122.96, 0.00, 47.00, 46.74, 0, 0
2.00, 5.70, 21.44, 21.44, -948.08, 20.00, 4.63, 13.33, 6.92, 0.00, 107.36, 0.00, 62.10, 56.02, 0, 0
2.00, 5.70, 21.43, 21.43, -891.75, 20.00, 4.63, 13.33, 6.92, 0.00, 87.37, 0.00, 74.23, 66.57, 0, 0
2.00, 5.70, 21.30, 21.30, -1264.86, 20.00, 4.63, 12.78, 6.29, 0.00, 41.23, 0.00, 84.71, 77.74, 0, 0
2.00, 5.70, 21.08, 21.08, -1732.65, 20.00, 4.63, 11.67, 5.35, 0.00, 18.86, 0.00, 94.53, 89.10, 0, 0
2.00, 5.70, 20.88, 20.88, -2019.69, 20.00, 4.63, 11.11, 4.72, 0.00, 0.00, 0.00, 0.00, 90.00, 0, 0
2.00, 5.70, 20.71, 20.71, -2211.98, 20.00, 4.63, 10.56, 4.10, 0.00, 0.00, 0.00, 0.00, 90.00, 0, 0
2.00, 5.70, 20.55, 20.55, -2423.48, 20.00, 4.63, 9.44, 3.00, 0.00, 0.00, 0.00, 0.00, 90.00, 0, 0
2.00, 5.70, 20.41, 20.41, -2593.57, 20.00, 4.63, 8.89, 2.38, 0.00, 0.00, 0.00, 0.00, 90.00, 0, 0
2.00, 5.70, 20.26, 20.26, -2794.91, 20.00, 4.63, 7.78, 1.29, 0.00, 0.00, 0.00, 0.00, 90.00, 0, 0
2.00, 5.70, 20.13, 20.13, -2961.58, 20.00, 4.63, 7.22, 0.83, 0.00, 0.00, 0.00, 0.00, 90.00, 0, 0
2.00, 5.70, 19.99, 19.99, -3124.33, 20.00, 4.63, 6.67, 0.21, 0.00, 0.00, 0.00, 0.00, 90.00, 0, 0
2.00, 5.70, 19.86, 19.86, -3285.39, 20.00, 4.63, 6.11, -0.41, 0.00, 0.00, 0.00, 0.00, 90.00, 0, 0
2.00, 5.70, 19.73, 19.73, -3446.19, 20.00, 4.63, 5.56, -1.03, 0.00, 0.00, 0.00, 0.00, 90.00, 0, 0
2.00, 5.70, 20.00, 20.00, -5061.24, 20.00, 4.63, 5.00, -1.49, 0.00, 0.00, 0.00, 0.00, 90.00, 0, 0
2.00, 5.70, 20.00, 20.00, -5281.20, 20.00, 4.63, 3.89, -2.57, 0.00, 0.00, 0.00, 0.00, 90.00, 0, 0
2.00, 5.70, 20.00, 20.00, -5022.34, 20.00, 4.63, 5.00, -1.49, 0.00, 22.63, 4.66, -90.00, 85.34, 0, 0
2.00, 5.70, 20.69, 20.69, -856.84, 20.00, 4.63, 7.22, 0.67, 411.28, 57.67, 17.89, -81.90, 74.00, 0, 0
2.00, 5.70, 21.33, 21.33, 140.82, 20.00, 4.63, 9.44, 3.00, 611.10, 94.27, 32.62, -71.04, 62.95, 0, 0
2.00, 5.70, 21.42, 21.42, -543.63, 20.00, 4.63, 12.22, 5.66, 549.74, 128.01, 47.51, -58.15, 52.68, 0, 0
2.00, 5.70, 21.44, 21.44, -648.25, 20.00, 4.63, 13.89, 7.22, 290.42, 171.27, 62.44, -41.80, 43.95, 0, 0
2.00, 5.70, 21.59, 21.59, -225.91, 20.00, 4.63, 15.00, 8.33, 126.70, 191.22, 77.39, -20.76, 38.01, 0, 0
2.00, 5.70, 22.03, 22.03, 965.27, 20.00, 4.63, 16.11, 9.43, 0.00, 195.31, 0.00, 3.96, 36.33, 0, 0
2.00, 5.70, 22.29, 22.29, 1056.92, 20.00, 4.63, 16.67, 9.89, 0.00, 195.58, 0.00, 27.89, 39.48, 0, 0
2.00, 5.70, 22.49, 22.49, 1222.82, 20.00, 4.63, 17.22, 10.35, 0.00, 160.14, 0.00, 47.40, 46.46, 0, 0
2.00, 5.70, 22.52, 22.52, 956.18, 20.00, 4.63, 16.67, 9.89, 0.00, 123.49, 0.00, 62.49, 55.78, 0, 0
2.00, 5.70, 22.37, 22.37, 422.61, 20.00, 4.63, 16.11, 9.24, 0.00, 89.82, 0.00, 74.60, 66.36, 0, 0
2.00, 5.70, 22.11, 22.11, -181.32, 20.00, 4.63, 14.44, 7.68, 0.00, 46.87, 0.00, 85.07, 77.54, 0, 0
2.00, 5.70, 21.81, 21.81, -730.53, 20.00, 4.63, 13.33, 6.58, 0.00, 20.74, 0.00, 94.88, 88.91, 0, 0
2.00, 5.70, 21.54, 21.54, -1122.28, 20.00, 4.63, 12.22, 5.49, 0.00, 0.00, 0.00, 0.00, 90.00, 0, 0
2.00, 5.70, 21.31, 21.31, -1404.66, 20.00, 4.63, 11.11, 4.39, 0.00, 0.00, 0.00, 0.00, 90.00, 0, 0
2.00, 5.70, 21.12, 21.12, -1663.28, 20.00, 4.63, 10.00, 3.13, 0.00, 0.00, 0.00, 0.00, 90.00, 0, 0
2.00, 5.70, 20.93, 20.93, -1909.45, 20.00, 4.63, 8.89, 2.05, 0.00, 0.00, 0.00, 0.00, 90.00, 0, 0
2.00, 5.70, 20.75, 20.75, -2189.68, 20.00, 4.63, 7.22, 0.35, 0.00, 0.00, 0.00, 0.00, 90.00, 0, 0
2.00, 5.70, 20.57, 20.57, -2438.03, 20.00, 4.63, 6.11, -0.73, 0.00, 0.00, 0.00, 0.00, 90.00, 0, 0
2.00, 5.70, 20.39, 20.39, -2685.16, 20.00, 4.63, 5.00, -1.80, 0.00, 0.00, 0.00, 0.00, 90.00, 0, 0
2.00, 5.70, 20.21, 20.21, -2933.59, 20.00, 4.63, 3.89, -3.03, 0.00, 0.00, 0.00, 0.00, 90.00, 0, 0
2.00, 5.70, 20.03, 20.03, -3184.57, 20.00, 4.63, 2.78, -4.10, 0.00, 0.00, 0.00, 0.00, 90.00, 0, 0
2.00, 5.70, 20.00, 20.00, -5429.44, 20.00, 4.63, 1.67, -5.33, 0.00, 0.00, 0.00, 0.00, 90.00, 0, 0
2.00, 5.70, 20.00, 20.00, -5780.49, 20.00, 4.63, 0.00, -6.84, 0.00, 0.00, 0.00, 0.00, 90.00, 0, 0
2.00, 5.70, 20.00, 20.00, -5521.47, 20.00, 4.63, 1.11, -5.77, 0.00, 28.28, 4.98, -90.00, 85.02, 0, 0
2.00, 5.70, 20.87, 20.87, -392.16, 20.00, 4.63, 3.33, -3.48, 530.84, 55.86, 18.06, -82.15, 73.68, 0, 0
2.00, 5.70, 20.87, 20.87, -1664.75, 20.00, 4.63, 5.00, -1.80, 419.20, 102.87, 32.75, -71.29, 62.62, 0, 0
2.00, 5.70, 20.61, 20.61, -2499.24, 20.00, 4.63, 6.67, -0.11, 316.84, 145.66, 47.62, -58.39, 52.32, 0, 0
2.00, 5.70, 20.55, 20.55, -2286.30, 20.00, 4.63, 8.33, 1.42, 235.67, 179.83, 62.54, -42.00, 43.57, 0, 0
2.00, 5.70, 20.60, 20.60, -2032.18, 20.00, 4.63, 9.44, 2.67, 90.29, 199.91, 77.48, -20.81, 37.60, 0, 0
2.00, 5.70, 20.94, 20.94, -862.12, 20.00, 4.63, 9.44, 2.67, 0.00, 195.91, 0.00, 4.13, 35.94, 0, 0
2.00, 5.70, 21.09, 21.09, -882.30, 20.00, 4.63, 9.44, 2.67, 0.00, 186.49, 0.00, 28.23, 39.14, 0, 0
2.00, 5.70, 21.24, 21.24, -686.40, 20.00, 4.63, 9.44, 2.67, 0.00, 173.49, 0.00, 47.80, 46.17, 0, 0
2.00, 5.70, 21.31, 21.31, -709.73, 20.00, 4.63, 9.44, 2.67, 0.00, 136.52, 0.00, 62.88, 55.54, 0, 0
2.00, 5.70, 21.23, 21.23, -1056.00, 20.00, 4.63, 8.89, 2.22, 0.00, 88.46, 0.00, 74.98, 66.15, 0, 0
2.00, 5.70, 21.00, 21.00, -1632.09, 20.00, 4.63, 7.78, 1.13, 0.00, 45.70, 0.00, 85.43, 77.34, 0, 0
2.00, 5.70, 20.72, 20.72, -2161.15, 20.00, 4.63, 6.67, 0.21, 0.00, 15.08, 0.00, 95.23, 88.71, 0, 0
2.00, 5.70, 20.48, 20.48, -2459.03, 20.00, 4.63, 6.67, 0.21, 0.00, 0.00, 0.00, 0.00, 90.00, 0, 0
2.00, 5.70, 20.28, 20.28, -2698.49, 20.00, 4.63, 6.11, -0.41, 0.00, 0.00, 0.00, 0.00, 90.00, 0, 0
2.00, 5.70, 20.11, 20.11, -2876.40, 20.00, 4.63, 6.11, -0.41, 0.00, 0.00, 0.00, 0.00, 90.00, 0, 0
2.00, 5.70, 19.96, 19.96, -3071.94, 20.00, 4.63, 5.56, -0.87, 0.00, 0.00, 0.00, 0.00, 90.00, 0, 0
2.00, 5.70, 19.81, 19.81, -3262.08, 20.00, 4.63, 5.00, -1.34, 0.00, 0.00, 0.00, 0.00, 90.00, 0, 0
2.00, 5.70, 19.69, 19.69, -3370.00, 20.00, 4.63, 5.56, -1.03, 0.00, 0.00, 0.00, 0.00, 90.00, 0, 0
2.00, 5.70, 19.59, 19.59, -3457.59, 20.00, 4.63, 6.11, -0.41, 0.00, 0.00, 0.00, 0.00, 90.00, 0, 0
2.00, 5.70, 19.49, 19.49, -3569.91, 20.00, 4.63, 6.11, -0.41, 0.00, 0.00, 0.00, 0.00, 90.00, 0, 0
2.00, 5.70, 19.41, 19.41, -3640.03, 20.00, 4.63, 6.67, 0.21, 0.00, 0.00, 0.00, 0.00, 90.00, 0, 0
2.00, 5.70, 20.00, 20.00, -4606.54, 20.00, 4.63, 7.22, 0.67, 0.00, 0.00, 0.00, 0.00, 90.00, 0, 0
2.00, 5.70, 20.00, 20.00, -4619.97, 20.00, 4.63, 7.22, 0.97, 0.00, 0.00, 0.00, 0.00, 90.00, 0, 0
2.00, 5.70, 20.00, 20.00, -4039.49, 20.00, 4.63, 9.44, 3.29, 0.00, 54.68, 5.29, -90.00, 84.71, 0, 0
2.00, 5.70, 20.62, 20.62, -876.32, 20.00, 4.63, 11.11, 4.87, 320.57, 65.08, 18.24, -82.41, 73.36, 0, 0
2.00, 5.70, 20.65, 20.65, -1684.92, 20.00, 4.63, 12.78, 6.59, 193.40, 116.46, 32.88, -71.55, 62.29, 0, 0
2.00, 5.70, 20.58, 20.58, -1973.21, 20.00, 4.63, 13.89, 7.70, 108.22, 152.48, 47.73, -58.64, 51.97, 0, 0
2.00, 5.70, 20.59, 20.59, -1841.95, 20.00, 4.63, 14.44, 8.32, 58.00, 178.64, 62.63, -42.19, 43.19, 0, 0
2.00, 5.70, 20.77, 20.77, -1281.06, 20.00, 4.63, 15.56, 9.29, 44.16, 199.75, 77.56, -20.87, 37.20, 0, 0
2.00, 5.70, 21.21, 21.21, -41.75, 20.00, 4.63, 16.67, 10.40, 0.00, 204.68, 0.00, 4.30, 35.55, 0, 0
2.00, 5.70, 21.39, 21.39, -168.11, 20.00, 4.63, 17.22, 10.88, 0.00, 179.50, 0.00, 28.57, 38.80, 0, 0
2.00, 5.70, 21.27, 21.27, -829.41, 20.00, 4.63, 16.11, 9.92, 0.00, 107.58, 0.00, 48.20, 45.89, 0, 0
2.00, 5.70, 21.18, 21.18, -949.54, 20.00, 4.63, 15.56, 9.43, 0.00, 103.71, 0.00, 63.28, 55.30, 0, 0
2.00, 5.70, 21.11, 21.11, -1053.33, 20.00, 4.63, 15.00, 8.81, 0.00, 91.29, 0.00, 75.36, 65.94, 0, 0
2.00, 5.70, 20.95, 20.95, -1436.69, 20.00, 4.63, 14.44, 8.32, 0.00, 43.03, 0.00, 85.79, 77.15, 0, 0
2.00, 5.70, 20.76, 20.76, -1797.73, 20.00, 4.63, 13.89, 7.70, 0.00, 7.54, 0.00, 95.58, 88.51, 0, 0
2.00, 5.70, 20.59, 20.59, -2016.75, 20.00, 4.63, 13.33, 7.22, 0.00, 0.00, 0.00, 0.00, 90.00, 0, 0
2.00, 5.70, 20.47, 20.47, -2145.87, 20.00, 4.63, 13.33, 7.22, 0.00, 0.00, 0.00, 0.00, 90.00, 0, 0
2.00, 5.70, 20.35, 20.35, -2290.07, 20.00, 4.63, 12.78, 6.73, 0.00, 0.00, 0.00, 0.00, 90.00, 0, 0
2.00, 5.70, 20.25, 20.25, -2428.44, 20.00, 4.63, 12.22, 6.24, 0.00, 0.00, 0.00, 0.00, 90.00, 0, 0
2.00, 5.70, 20.16, 20.16, -2525.05, 20.00, 4.63, 12.22, 6.11, 0.00, 0.00, 0.00, 0.00, 90.00, 0, 0
2.00, 5.70, 20.07, 20.07, -2650.80, 20.00, 4.63, 11.67, 5.63, 0.00, 0.00, 0.00, 0.00, 90.00, 0, 0
2.00, 5.70, 19.99, 19.99, -2739.77, 20.00, 4.63, 11.67, 5.49, 0.00, 0.00, 0.00, 0.00, 90.00, 0, 0
2.00, 5.70, 19.91, 19.91, -2860.96, 20.00, 4.63, 11.11, 5.01, 0.00, 0.00, 0.00, 0.00, 90.00, 0, 0
2.00, 5.70, 19.81, 19.81, -2986.44, 20.00, 4.63, 10.56, 4.39, 0.00, 0.00, 0.00, 0.00, 90.00, 0, 0
2.00, 5.70, 20.00, 20.00, -3963.09, 20.00, 4.63, 10.00, 3.91, 0.00, 0.00, 0.00, 0.00, 90.00, 0, 0
2.00, 5.70, 20.00, 20.00, -3974.80, 20.00, 4.63, 10.00, 3.91, 0.00, 0.00, 0.00, 0.00, 90.00, 0, 0
2.00, 5.70, 20.00, 20.00, -3536.10, 20.00, 4.63, 11.67, 5.63, 0.00, 43.37, 6.16, -92.57, 84.40, 0, 0
2.00, 5.70, 20.66, 20.66, -722.24, 20.00, 4.63, 13.33, 7.35, 269.35, 66.31, 18.43, -82.67, 73.04, 0, 0
2.00, 5.70, 21.33, 21.33, 377.14, 20.00, 4.63, 15.56, 9.57, 417.95, 107.90, 33.01, -71.82, 61.96, 0, 0
2.00, 5.70, 21.46, 21.46, -219.89, 20.00, 4.63, 17.22, 11.31, 256.21, 153.71, 47.84, -58.89, 51.62, 0, 0
2.00, 5.70, 21.69, 21.69, 277.37, 20.00, 4.63, 18.33, 12.43, 225.48, 182.55, 62.73, -42.39, 42.81, 0, 0
2.00, 5.70, 21.97, 21.97, 767.68, 20.00, 4.63, 19.44, 13.55, 89.75, 202.56, 77.65, -20.92, 36.80, 0, 0
2.00, 5.70, 22.21, 22.21, 1098.32, 20.00, 4.63, 20.56, 14.53, 0.00, 209.90, 0.00, 4.48, 35.16, 0, 0
2.00, 5.70, 22.37, 22.37, 1153.34, 20.00, 4.63, 21.11, 15.16, 0.00, 205.28, 0.00, 28.92, 38.46, 0, 0
2.00, 5.70, 22.48, 22.48, 1212.36, 20.00, 4.63, 21.11, 15.16, 0.00, 177.76, 0.00, 48.60, 45.61, 0, 0
2.00, 5.70, 22.51, 22.51, 1083.96, 20.00, 4.63, 21.11, 15.16, 0.00, 135.47, 0.00, 63.67, 55.07, 0, 0
2.00, 5.70, 22.40, 22.40, 641.88, 20.00, 4.63, 20.00, 14.04, 0.00, 94.42, 0.00, 75.73, 65.73, 0, 0
2.00, 5.70, 22.16, 22.16, 46.73, 20.00, 4.63, 18.89, 13.05, 0.00, 42.16, 0.00, 86.15, 76.95, 0, 0
2.00, 5.70, 21.90, 21.90, -416.62, 20.00, 4.63, 17.78, 11.93, 0.00, 7.54, 0.00, 95.93, 88.31, 0, 0
2.00, 5.70, 21.70, 21.70, -670.10, 20.00, 4.63, 17.22, 11.43, 0.00, 0.00, 0.00, 0.00, 90.00, 0, 0
2.00, 5.70, 21.55, 21.55, -857.07, 20.00, 4.63, 16.67, 10.81, 0.00, 0.00, 0.00, 0.00, 90.00, 0, 0
2.00, 5.70, 21.42, 21.42, -1019.53, 20.00, 4.63, 16.11, 10.32, 0.00, 0.00, 0.00, 0.00, 90.00, 0, 0
2.00, 5.70, 21.31, 21.31, -1168.36, 20.00, 4.63, 15.56, 9.70, 0.00, 0.00, 0.00, 0.00, 90.00, 0, 0
2.00, 5.70, 21.21, 21.21, -1309.55, 20.00, 4.63, 15.00, 9.20, 0.00, 0.00, 0.00, 0.00, 90.00, 0, 0
2.00, 5.70, 21.13, 21.13, -1407.80, 20.00, 4.63, 15.00, 9.08, 0.00, 0.00, 0.00, 0.00, 90.00, 0, 0
2.00, 5.70, 21.04, 21.04, -1534.14, 20.00, 4.63, 14.44, 8.59, 0.00, 0.00, 0.00, 0.00, 90.00, 0, 0
2.00, 5.70, 20.97, 20.97, -1623.02, 20.00, 4.63, 14.44, 8.59, 0.00, 0.00, 0.00, 0.00, 90.00, 0, 0
2.00, 5.70, 20.89, 20.89, -1743.52, 20.00, 4.63, 13.89, 8.09, 0.00, 0.00, 0.00, 0.00, 90.00, 0, 0
2.00, 5.70, 20.65, 20.65, -2551.86, 20.00, 4.63, 13.89, 8.09, 0.00, 0.00, 0.00, 0.00, 90.00, 0, 0
2.00, 5.70, 20.45, 20.45, -2798.90, 20.00, 4.63, 13.33, 7.60, 0.00, 0.00, 0.00, 0.00, 90.00, 0, 0
2.00, 5.70, 20.44, 20.44, -2543.99, 20.00, 4.63, 14.44, 8.71, 0.00, 24.51, 6.55, -92.82, 84.08, 0, 0
2.00, 5.70, 20.56, 20.56, -2089.65, 20.00, 4.63, 15.56, 9.82, 11.96, 47.16, 18.62, -82.93, 72.73, 0, 0
2.00, 5.70, 20.85, 20.85, -1374.20, 20.00, 4.63, 16.67, 10.94, 47.54, 94.06, 33.15, -72.08, 61.64, 0, 0
2.00, 5.70, 20.94, 20.94, -1506.40, 20.00, 4.63, 16.67, 10.94, 14.79, 77.98, 47.95, -59.15, 51.28, 0, 0
2.00, 5.70, 21.08, 21.08, -1191.42, 20.00, 4.63, 17.22, 11.43, 5.76, 110.39, 62.83, -42.59, 42.44, 0, 0
2.00, 5.70, 21.21, 21.21, -1000.88, 20.00, 4.63, 17.78, 11.93, 1.34, 104.95, 77.73, -20.97, 36.41, 0, 0
2.00, 5.70, 21.28, 21.28, -826.68, 20.00, 4.63, 17.78, 11.93, 0.00, 94.28, 0.00, 4.65, 34.77, 0, 0
2.00, 5.70, 21.28, 21.28, -945.22, 20.00, 4.63, 17.22, 11.43, 0.00, 73.54, 0.00, 29.26, 38.13, 0, 0
2.00, 5.70, 21.23, 21.23, -1099.66, 20.00, 4.63, 17.22, 11.31, 0.00, 45.25, 0.00, 49.00, 45.34, 0, 0
2.00, 5.70, 21.19, 21.19, -1155.25, 20.00, 4.63, 16.67, 10.81, 0.00, 50.91, 0.00, 64.07, 54.83, 0, 0
2.00, 5.70, 21.18, 21.18, -1143.91, 20.00, 4.63, 16.67, 10.81, 0.00, 59.04, 0.00, 76.10, 65.52, 0, 0
2.00, 5.70, 21.11, 21.11, -1345.24, 20.00, 4.63, 16.11, 10.32, 0.00, 29.81, 0.00, 86.50, 76.75, 0, 0
2.00, 5.70, 21.01, 21.01, -1526.05, 20.00, 4.63, 16.11, 10.32, 0.00, 5.66, 0.00, 96.28, 88.11, 0, 0
2.00, 5.70, 20.91, 20.91, -1672.91, 20.00, 4.63, 15.56, 9.70, 0.00, 0.00, 0.00, 0.00, 90.00, 0, 0
2.00, 5.70, 20.82, 20.82, -1793.67, 20.00, 4.63, 15.00, 9.20, 0.00, 0.00, 0.00, 0.00, 90.00, 0, 0
2.00, 5.70, 20.74, 20.74, -1910.87, 20.00, 4.63, 14.44, 8.59, 0.00, 0.00, 0.00, 0.00, 90.00, 0, 0
2.00, 5.70, 20.66, 20.66, -2026.94, 20.00, 4.63, 13.89, 8.09, 0.00, 0.00, 0.00, 0.00, 90.00, 0, 0
2.00, 5.70, 20.57, 20.57, -2143.59, 20.00, 4.63, 13.33, 7.48, 0.00, 0.00, 0.00, 0.00, 90.00, 0, 0
2.00, 5.70, 20.49, 20.49, -2261.61, 20.00, 4.63, 12.78, 6.86, 0.00, 0.00, 0.00, 0.00, 90.00, 0, 0
2.00, 5.70, 20.40, 20.40, -2381.37, 20.00, 4.63, 12.22, 6.37, 0.00, 0.00, 0.00, 0.00, 90.00, 0, 0
2.00, 5.70, 20.31, 20.31, -2503.34, 20.00, 4.63, 11.67, 5.75, 0.00, 0.00, 0.00, 0.00, 90.00, 0, 0
2.00, 5.70, 20.20, 20.20, -2666.89, 20.00, 4.63, 10.56, 4.65, 0.00, 0.00, 0.00, 0.00, 90.00, 0, 0
2.00, 5.70, 20.00, 20.00, -3913.76, 20.00, 4.63, 10.00, 4.16, 0.00, 0.00, 0.00, 0.00, 90.00, 0, 0
2.00, 5.70, 20.00, 20.00, -4054.90, 20.00, 4.63, 9.44, 3.55, 0.00, 0.00, 0.00, 0.00, 90.00, 0, 0
2.00, 5.70, 20.00, 20.00, -3463.38, 20.00, 4.63, 11.67, 5.75, 0.00, 56.57, 6.94, -93.07, 83.77, 0, 0
2.00, 5.70, 21.98, 21.98, 3171.16, 20.00, 4.63, 13.89, 7.97, 680.80, 54.15, 18.82, -83.18, 72.42, 0, 0
2.00, 5.70, 22.69, 22.69, 2456.68, 20.00, 4.63, 16.11, 10.19, 632.87, 92.73, 33.29, -72.34, 61.31, 0, 0
2.00, 5.70, 22.69, 22.69, 1335.37, 20.00, 4.63, 17.78, 11.93, 444.84, 138.40, 48.06, -59.40, 50.93, 0, 0
2.00, 5.70, 22.80, 22.80, 1631.78, 20.00, 4.63, 19.44, 13.55, 308.72, 164.50, 62.92, -42.80, 42.07, 0, 0
2.00, 5.70, 23.10, 23.10, 2307.93, 20.00, 4.63, 21.11, 15.16, 137.79, 188.05, 77.82, -21.03, 36.01, 0, 0
2.00, 5.70, 23.38, 23.38, 2610.43, 20.00, 4.63, 22.22, 16.15, 0.00, 190.92, 0.00, 4.83, 34.39, 0, 0
2.00, 5.70, 23.65, 23.65, 2908.34, 20.00, 4.63, 22.78, 16.78, 0.00, 181.01, 0.00, 29.62, 37.79, 0, 0
2.00, 5.70, 23.73, 23.73, 2707.15, 20.00, 4.63, 22.78, 16.78, 0.00, 171.64, 0.00, 49.40, 45.06, 0, 0
2.00, 5.70, 23.77, 23.77, 2613.65, 20.00, 4.63, 22.78, 16.78, 0.00, 127.95, 0.00, 64.46, 54.60, 0, 0
2.00, 5.70, 23.71, 23.71, 2307.63, 20.00, 4.63, 22.22, 16.15, 0.00, 77.83, 0.00, 76.48, 65.32, 0, 0
2.00, 5.70, 23.49, 23.49, 1653.26, 20.00, 4.63, 20.56, 14.53, 0.00, 42.51, 0.00, 86.86, 76.56, 0, 0
2.00, 5.70, 23.18, 23.18, 1005.48, 20.00, 4.63, 19.44, 13.55, 0.00, 30.17, 0.00, 96.62, 87.92, 0, 0
2.00, 5.70, 22.92, 22.92, 611.63, 20.00, 4.63, 18.89, 12.92, 0.00, 0.00, 0.00, 0.00, 90.00, 0, 0
2.00, 5.70, 22.71, 22.71, 338.11, 20.00, 4.63, 17.78, 11.80, 0.00, 0.00, 0.00, 0.00, 90.00, 0, 0
2.00, 5.70, 22.53, 22.53, 93.34, 20.00, 4.63, 16.67, 10.81, 0.00, 0.00, 0.00, 0.00, 90.00, 0, 0
2.00, 5.70, 22.39, 22.39, -97.05, 20.00, 4.63, 16.11, 10.19, 0.00, 0.00, 0.00, 0.00, 90.00, 0, 0
2.00, 5.70, 22.25, 22.25, -309.81, 20.00, 4.63, 15.00, 8.95, 0.00, 0.00, 0.00, 0.00, 90.00, 0, 0
2.00, 5.70, 22.12, 22.12, -482.41, 20.00, 4.63, 14.44, 8.46, 0.00, 0.00, 0.00, 0.00, 90.00, 0, 0
2.00, 5.70, 22.01, 22.01, -647.15, 20.00, 4.63, 13.89, 7.84, 0.00, 0.00, 0.00, 0.00, 90.00, 0, 0
2.00, 5.70, 21.90, 21.90, -807.24, 20.00, 4.63, 13.33, 7.35, 0.00, 0.00, 0.00, 0.00, 90.00, 0, 0
2.00, 5.70, 21.79, 21.79, -965.04, 20.00, 4.63, 12.78, 6.73, 0.00, 0.00, 0.00, 0.00, 90.00, 0, 0
2.00, 5.70, 21.68, 21.68, -1121.66, 20.00, 4.63, 12.22, 6.24, 0.00, 0.00, 0.00, 0.00, 90.00, 0, 0
2.00, 5.70, 21.57, 21.57, -1278.12, 20.00, 4.63, 11.67, 5.63, 0.00, 0.00, 0.00, 0.00, 90.00, 0, 0
2.00, 5.70, 21.54, 21.54, -1195.96, 20.00, 4.63, 12.78, 6.86, 0.00, 24.51, 7.33, -93.32, 83.47, 0, 0
2.00, 5.70, 21.71, 21.71, -614.28, 20.00, 4.63, 14.44, 8.46, 35.79, 63.98, 19.02, -83.44, 72.11, 0, 0
2.00, 5.70, 21.85, 21.85, -433.78, 20.00, 4.63, 15.56, 9.57, 31.59, 98.35, 33.43, -72.60, 60.99, 0, 0
2.00, 5.70, 21.89, 21.89, -540.34, 20.00, 4.63, 15.56, 9.57, 8.41, 92.18, 48.18, -59.66, 50.59, 0, 0
2.00, 5.70, 22.08, 22.08, -10.28, 20.00, 4.63, 16.67, 10.68, 47.23, 153.68, 63.02, -43.00, 41.70, 0, 0
2.00, 5.70, 22.38, 22.38, 609.14, 20.00, 4.63, 18.33, 12.29, 39.01, 200.07, 77.90, -21.09, 35.62, 0, 0
2.00, 5.70, 22.74, 22.74, 1239.00, 20.00, 4.63, 19.44, 13.41, 0.00, 210.56, 0.00, 5.01, 34.01, 0, 0
2.00, 5.70, 22.99, 22.99, 1446.68, 20.00, 4.63, 20.56, 14.53, 0.00, 199.72, 0.00, 29.97, 37.46, 0, 0
2.00, 5.70, 23.13, 23.13, 1437.23, 20.00, 4.63, 20.56, 14.53, 0.00, 179.82, 0.00, 49.81, 44.79, 0, 0
2.00, 5.70, 23.14, 23.14, 1236.63, 20.00, 4.63, 20.56, 14.53, 0.00, 144.94, 0.00, 64.86, 54.37, 0, 0
2.00, 5.70, 23.08, 23.08, 1020.38, 20.00, 4.63, 20.56, 14.53, 0.00, 99.08, 0.00, 76.85, 65.11, 0, 0
2.00, 5.70, 22.95, 22.95, 681.46, 20.00, 4.63, 19.44, 13.41, 0.00, 54.65, 0.00, 87.21, 76.37, 0, 0
2.00, 5.70, 22.76, 22.76, 267.76, 20.00, 4.63, 18.89, 12.92, 0.00, 22.63, 0.00, 96.96, 87.72, 0, 0
2.00, 5.70, 22.57, 22.57, -50.98, 20.00, 4.63, 17.78, 11.80, 0.00, 0.00, 0.00, 0.00, 90.00, 0, 0
2.00, 5.70, 22.41, 22.41, -229.71, 20.00, 4.63, 17.22, 11.31, 0.00, 0.00, 0.00, 0.00, 90.00, 0, 0
2.00, 5.70, 22.28, 22.28, -423.60, 20.00, 4.63, 16.11, 10.19, 0.00, 0.00, 0.00, 0.00, 90.00, 0, 0
2.00, 5.70, 22.16, 22.16, -574.37, 20.00, 4.63, 15.56, 9.57, 0.00, 0.00, 0.00, 0.00, 90.00, 0, 0
2.00, 5.70, 22.04, 22.04, -755.12, 20.00, 4.63, 14.44, 8.46, 0.00, 0.00, 0.00, 0.00, 90.00, 0, 0
2.00, 5.70, 21.93, 21.93, -901.26, 20.00, 4.63, 13.89, 7.84, 0.00, 0.00, 0.00, 0.00, 90.00, 0, 0
2.00, 5.70, 21.82, 21.82, -1043.20, 20.00, 4.63, 13.33, 7.35, 0.00, 0.00, 0.00, 0.00, 90.00, 0, 0
2.00, 5.70, 21.72, 21.72, -1183.57, 20.00, 4.63, 12.78, 6.73, 0.00, 0.00, 0.00, 0.00, 90.00, 0, 0
2.00, 5.70, 21.60, 21.60, -1362.99, 20.00, 4.63, 11.67, 5.63, 0.00, 0.00, 0.00, 0.00, 90.00, 0, 0
2.00, 5.70, 21.15, 21.15, -2699.75, 20.00, 4.63, 11.11, 5.01, 0.00, 0.00, 0.00, 0.00, 90.00, 0, 0
2.00, 5.70, 20.76, 20.76, -3192.49, 20.00, 4.63, 10.00, 4.04, 0.00, 0.00, 0.00, 0.00, 90.00, 0, 0
2.00, 5.70, 20.68, 20.68, -2847.10, 20.00, 4.63, 11.67, 5.75, 0.00, 37.71, 7.71, -93.57, 83.16, 0, 0
2.00, 5.70, 22.28, 22.28, 2306.87, 20.00, 4.63, 13.89, 7.97, 506.38, 67.58, 19.22, -83.70, 71.80, 0, 0
2.00, 5.70, 22.25, 22.25, -99.80, 20.00, 4.63, 15.00, 9.08, 144.56, 97.29, 33.57, -72.87, 60.68, 0, 0
2.00, 5.70, 22.17, 22.17, -356.55, 20.00, 4.63, 15.56, 9.70, 54.57, 141.74, 48.29, -59.92, 50.26, 0, 0
2.00, 5.70, 22.27, 22.27, 88.42, 20.00, 4.63, 16.67, 10.81, 54.20, 175.86, 63.12, -43.21, 41.33, 0, 0
2.00, 5.70, 22.54, 22.54, 744.61, 20.00, 4.63, 17.78, 11.80, 43.34, 203.94, 77.99, -21.15, 35.23, 0, 0
2.00, 5.70, 22.79, 22.79, 1088.39, 20.00, 4.63, 18.33, 12.43, 0.00, 198.25, 0.00, 5.18, 33.63, 0, 0
2.00, 5.70, 22.87, 22.87, 936.63, 20.00, 4.63, 18.33, 12.43, 0.00, 162.93, 0.00, 30.33, 37.14, 0, 0
2.00, 5.70, 23.09, 23.09, 1476.70, 20.00, 4.63, 18.89, 12.92, 0.00, 163.80, 0.00, 50.21, 44.52, 0, 0
2.00, 5.70, 23.21, 23.21, 1448.11, 20.00, 4.63, 18.89, 12.92, 0.00, 141.66, 0.00, 65.25, 54.15, 0, 0
2.00, 5.70, 23.03, 23.03, 723.91, 20.00, 4.63, 17.78, 11.93, 0.00, 65.24, 0.00, 77.22, 64.91, 0, 0
2.00, 5.70, 22.81, 22.81, 290.73, 20.00, 4.63, 16.67, 10.81, 0.00, 34.34, 0.00, 90.00, 76.17, 0, 0
2.00, 5.70, 22.60, 22.60, -27.97, 20.00, 4.63, 16.11, 10.32, 0.00, 11.31, 0.00, 97.30, 87.52, 0, 0
2.00, 5.70, 22.42, 22.42, -275.02, 20.00, 4.63, 15.56, 9.82, 0.00, 0.00, 0.00, 0.00, 90.00, 0, 0
2.00, 5.70, 22.29, 22.29, -416.12, 20.00, 4.63, 15.56, 9.82, 0.00, 0.00, 0.00, 0.00, 90.00, 0, 0
2.00, 5.70, 22.17, 22.17, -569.87, 20.00, 4.63, 15.00, 9.20, 0.00, 0.00, 0.00, 0.00, 90.00, 0, 0
2.00, 5.70, 22.06, 22.06, -716.10, 20.00, 4.63, 14.44, 8.71, 0.00, 0.00, 0.00, 0.00, 90.00, 0, 0
2.00, 5.70, 21.96, 21.96, -858.56, 20.00, 4.63, 13.89, 8.21, 0.00, 0.00, 0.00, 0.00, 90.00, 0, 0
2.00, 5.70, 21.87, 21.87, -960.28, 20.00, 4.63, 13.89, 8.09, 0.00, 0.00, 0.00, 0.00, 90.00, 0, 0
2.00, 5.70, 21.79, 21.79, -1052.41, 20.00, 4.63, 13.89, 8.09, 0.00, 0.00, 0.00, 0.00, 90.00, 0, 0
2.00, 5.70, 21.72, 21.72, -1137.97, 20.00, 4.63, 13.89, 8.09, 0.00, 0.00, 0.00, 0.00, 90.00, 0, 0
2.00, 5.70, 21.65, 21.65, -1218.74, 20.00, 4.63, 13.89, 8.09, 0.00, 0.00, 0.00, 0.00, 90.00, 0, 0
2.00, 5.70, 21.38, 21.38, -2047.83, 20.00, 4.63, 13.89, 8.09, 0.00, 0.00, 0.00, 0.00, 90.00, 0, 0
2.00, 5.70, 21.20, 21.20, -2182.85, 20.00, 4.63, 13.89, 8.21, 0.00, 0.00, 0.00, 0.00, 90.00, 0, 0
2.00, 5.70, 21.74, 21.74, -209.99, 20.00, 4.63, 15.00, 9.44, 140.54, 27.05, 8.09, -93.81, 82.86, 0, 0
2.00, 5.70, 22.15, 22.15, 297.23, 20.00, 4.63, 16.67, 11.05, 145.77, 69.89, 19.43, -83.95, 71.50, 0, 0
2.00, 5.70, 22.70, 22.70, 1408.60, 20.00, 4.63, 18.33, 12.79, 280.76, 118.77, 33.72, -73.13, 60.36, 0, 0
2.00, 5.70, 22.98, 22.98, 1470.80, 20.00, 4.63, 20.00, 14.42, 207.31, 164.01, 48.41, -60.18, 49.92, 0, 0
2.00, 5.70, 23.32, 23.32, 2064.72, 20.00, 4.63, 21.11, 15.54, 167.74, 194.00, 63.22, -43.42, 40.96, 0, 0
2.00, 5.70, 23.83, 23.83, 3125.83, 20.00, 4.63, 22.78, 17.17, 120.65, 204.98, 78.07, -21.21, 34.84, 0, 0
2.00, 5.70, 23.87, 23.87, 2307.28, 20.00, 4.63, 22.78, 17.17, 0.00, 172.01, 0.00, 5.36, 33.25, 0, 0
2.00, 5.70, 23.78, 23.78, 1897.13, 20.00, 4.63, 22.78, 17.05, 0.00, 147.08, 0.00, 30.68, 36.81, 0, 0
2.00, 5.70, 23.63, 23.63, 1558.00, 20.00, 4.63, 21.67, 16.05, 0.00, 109.00, 0.00, 50.62, 44.25, 0, 0
2.00, 5.70, 23.50, 23.50, 1335.39, 20.00, 4.63, 21.11, 15.42, 0.00, 87.70, 0.00, 65.65, 53.92, 0, 0
2.00, 5.70, 23.38, 23.38, 1123.82, 20.00, 4.63, 20.56, 14.92, 0.00, 67.88, 0.00, 77.59, 64.71, 0, 0
2.00, 5.70, 23.23, 23.23, 813.00, 20.00, 4.63, 19.44, 13.91, 0.00, 35.83, 0.00, 90.00, 75.98, 0, 0
2.00, 5.70, 23.06, 23.06, 526.64, 20.00, 4.63, 18.89, 13.29, 0.00, 7.54, 0.00, 97.64, 87.33, 0, 0
2.00, 5.70, 22.93, 22.93, 365.32, 20.00, 4.63, 18.89, 13.29, 0.00, 0.00, 0.00, 0.00, 90.00, 0, 0
2.00, 5.70, 22.82, 22.82, 220.74, 20.00, 4.63, 18.33, 12.79, 0.00, 0.00, 0.00, 0.00, 90.00, 0, 0
2.00, 5.70, 22.74, 22.74, 125.43, 20.00, 4.63, 18.33, 12.79, 0.00, 0.00, 0.00, 0.00, 90.00, 0, 0
2.00, 5.70, 22.66, 22.66, 5.50, 20.00, 4.63, 17.78, 12.29, 0.00, 0.00, 0.00, 0.00, 90.00, 0, 0
2.00, 5.70, 22.59, 22.59, -75.40, 20.00, 4.63, 17.78, 12.17, 0.00, 0.00, 0.00, 0.00, 90.00, 0, 0
2.00, 5.70, 22.52, 22.52, -186.72, 20.00, 4.63, 17.22, 11.67, 0.00, 0.00, 0.00, 0.00, 90.00, 0, 0
2.00, 5.70, 22.45, 22.45, -301.33, 20.00, 4.63, 16.67, 11.05, 0.00, 0.00, 0.00, 0.00, 90.00, 0, 0
2.00, 5.70, 22.37, 22.37, -418.52, 20.00, 4.63, 16.11, 10.55, 0.00, 0.00, 0.00, 0.00, 90.00, 0, 0
2.00, 5.70, 22.30, 22.30, -499.15, 20.00, 4.63, 16.11, 10.44, 0.00, 0.00, 0.00, 0.00, 90.00, 0, 0
2.00, 5.70, 22.07, 22.07, -1126.81, 20.00, 4.63, 15.56, 9.94, 0.00, 0.00, 0.00, 0.00, 90.00, 0, 0
2.00, 5.70, 21.88, 21.88, -1362.95, 20.00, 4.63, 15.00, 9.44, 0.00, 0.00, 0.00, 0.00, 90.00, 0, 0
2.00, 5.70, 21.97, 21.97, -774.70, 20.00, 4.63, 16.11, 10.55, 28.08, 22.68, 8.47, -94.06, 82.56, 0, 0
2.00, 5.70, 23.25, 23.25, 3087.58, 20.00, 4.63, 18.89, 13.29, 374.35, 70.18, 19.64, -84.21, 71.20, 0, 0
2.00, 5.70, 23.69, 23.69, 2599.33, 20.00, 4.63, 20.56, 15.04, 259.32, 128.01, 33.87, -73.40, 60.05, 0, 0
2.00, 5.70, 23.90, 23.90, 2539.91, 20.00, 4.63, 22.22, 16.67, 154.61, 164.23, 48.52, -60.44, 49.59, 0, 0
2.00, 5.70, 24.02, 24.02, 2578.18, 20.00, 4.63, 22.78, 17.17, 41.09, 170.99, 63.31, -43.64, 40.60, 0, 0
2.00, 5.70, 24.04, 24.04, 2383.06, 20.00, 4.63, 22.78, 17.05, 3.24, 125.52, 78.15, -21.28, 34.45, 0, 0
2.00, 5.70, 23.97, 23.97, 1954.40, 20.00, 4.63, 22.78, 17.05, 0.00, 131.06, 0.00, 5.55, 32.88, 0, 0
2.00, 5.70, 24.03, 24.03, 2194.15, 20.00, 4.63, 22.78, 17.05, 0.00, 172.78, 0.00, 31.04, 36.49, 0, 0
2.00, 5.70, 24.21, 24.21, 2591.84, 20.00, 4.63, 23.33, 17.55, 0.00, 176.72, 0.00, 51.03, 43.99, 0, 0
2.00, 5.70, 24.33, 24.33, 2659.24, 20.00, 4.63, 23.33, 17.55, 0.00, 142.18, 0.00, 66.04, 53.70, 0, 0
2.00, 5.70, 24.34, 24.34, 2466.54, 20.00, 4.63, 23.33, 17.55, 0.00, 94.21, 0.00, 77.96, 64.51, 0, 0
2.00, 5.70, 24.24, 24.24, 2113.67, 20.00, 4.63, 22.78, 16.92, 0.00, 49.31, 0.00, 90.00, 75.79, 0, 0
2.00, 5.70, 24.04, 24.04, 1620.01, 20.00, 4.63, 21.67, 15.92, 0.00, 24.51, 0.00, 97.98, 87.14, 0, 0
2.00, 5.70, 23.84, 23.84, 1285.11, 20.00, 4.63, 20.56, 14.80, 0.00, 0.00, 0.00, 0.00, 90.00, 0, 0
2.00, 5.70, 23.67, 23.67, 1061.28, 20.00, 4.63, 19.44, 13.67, 0.00, 0.00, 0.00, 0.00, 90.00, 0, 0
2.00, 5.70, 23.53, 23.53, 854.79, 20.00, 4.63, 18.33, 12.43, 0.00, 0.00, 0.00, 0.00, 90.00, 0, 0
2.00, 5.70, 23.39, 23.39, 656.39, 20.00, 4.63, 17.22, 11.31, 0.00, 0.00, 0.00, 0.00, 90.00, 0, 0
2.00, 5.70, 23.26, 23.26, 460.47, 20.00, 4.63, 16.11, 10.19, 0.00, 0.00, 0.00, 0.00, 90.00, 0, 0
2.00, 5.70, 23.13, 23.13, 263.79, 20.00, 4.63, 15.00, 9.08, 0.00, 0.00, 0.00, 0.00, 90.00, 0, 0
2.00, 5.70, 23.00, 23.00, 64.43, 20.00, 4.63, 13.89, 7.97, 0.00, 0.00, 0.00, 0.00, 90.00, 0, 0
2.00, 5.70, 22.86, 22.86, -138.78, 20.00, 4.63, 12.78, 6.86, 0.00, 0.00, 0.00, 0.00, 90.00, 0, 0
2.00, 5.70, 22.72, 22.72, -346.66, 20.00, 4.63, 11.67, 5.63, 0.00, 0.00, 0.00, 0.00, 90.00, 0, 0
2.00, 5.70, 22.16, 22.16, -1873.49, 20.00, 4.63, 10.56, 4.52, 0.00, 0.00, 0.00, 0.00, 90.00, 0, 0
2.00, 5.70, 21.70, 21.70, -2434.65, 20.00, 4.63, 9.44, 3.42, 0.00, 0.00, 0.00, 0.00, 90.00, 0, 0
2.00, 5.70, 22.17, 22.17, -247.78, 20.00, 4.63, 10.56, 4.52, 174.55, 25.88, 8.85, -94.31, 82.26, 0, 0
2.00, 5.70, 23.62, 23.62, 3650.80, 20.00, 4.63, 13.33, 7.35, 557.80, 69.44, 19.86, -84.47, 70.90, 0, 0
2.00, 5.70, 24.26, 24.26, 3478.93, 20.00, 4.63, 15.56, 9.57, 593.56, 103.44, 34.01, -73.67, 59.74, 0, 0
2.00, 5.70, 24.27, 24.27, 2537.01, 20.00, 4.63, 17.22, 11.17, 379.37, 155.00, 48.64, -60.70, 49.26, 0, 0
2.00, 5.70, 24.22, 24.22, 2321.55, 20.00, 4.63, 18.33, 12.29, 110.14, 185.69, 63.41, -43.85, 40.24, 0, 0
2.00, 5.70, 24.27, 24.27, 2502.41, 20.00, 4.63, 18.89, 12.78, 36.67, 205.01, 78.23, -21.35, 34.07, 0, 0
2.00, 5.70, 24.42, 24.42, 2648.00, 20.00, 4.63, 18.89, 12.78, 0.00, 203.70, 0.00, 5.73, 32.50, 0, 0
2.00, 5.70, 24.43, 24.43, 2423.43, 20.00, 4.63, 18.89, 12.78, 0.00, 170.16, 0.00, 31.41, 36.17, 0, 0
2.00, 5.70, 24.31, 24.31, 2025.55, 20.00, 4.63, 17.78, 11.66, 0.00, 118.78, 0.00, 51.44, 43.73, 0, 0
2.00, 5.70, 24.26, 24.26, 2011.35, 20.00, 4.63, 17.22, 11.17, 0.00, 120.04, 0.00, 66.43, 53.48, 0, 0
2.00, 5.70, 24.24, 24.24, 2009.67, 20.00, 4.63, 16.67, 10.55, 0.00, 95.97, 0.00, 78.32, 64.31, 0, 0
2.00, 5.70, 24.12, 24.12, 1650.81, 20.00, 4.63, 16.11, 10.06, 0.00, 50.99, 0.00, 90.00, 75.60, 0, 0
2.00, 5.70, 23.91, 23.91, 1158.62, 20.00, 4.63, 15.56, 9.43, 0.00, 22.63, 0.00, 98.31, 86.94, 0, 0
2.00, 5.70, 23.69, 23.69, 795.73, 20.00, 4.63, 14.44, 8.46, 0.00, 0.00, 0.00, 0.00, 90.00, 0, 0
2.00, 5.70, 23.50, 23.50, 571.07, 20.00, 4.63, 13.89, 7.84, 0.00, 0.00, 0.00, 0.00, 90.00, 0, 0
2.00, 5.70, 23.35, 23.35, 369.98, 20.00, 4.63, 13.33, 7.22, 0.00, 0.00, 0.00, 0.00, 90.00, 0, 0
2.00, 5.70, 23.19, 23.19, 143.58, 20.00, 4.63, 12.22, 6.24, 0.00, 0.00, 0.00, 0.00, 90.00, 0, 0
2.00, 5.70, 23.05, 23.05, -44.89, 20.00, 4.63, 11.67, 5.63, 0.00, 0.00, 0.00, 0.00, 90.00, 0, 0
2.00, 5.70, 22.91, 22.91, -226.67, 20.00, 4.63, 11.11, 5.01, 0.00, 0.00, 0.00, 0.00, 90.00, 0, 0
2.00, 5.70, 22.78, 22.78, -404.51, 20.00, 4.63, 10.56, 4.52, 0.00, 0.00, 0.00, 0.00, 90.00, 0, 0
2.00, 5.70, 22.66, 22.66, -541.11, 20.00, 4.63, 10.56, 4.39, 0.00, 0.00, 0.00, 0.00, 90.00, 0, 0
2.00, 5.70, 22.54, 22.54, -706.85, 20.00, 4.63, 10.00, 3.91, 0.00, 0.00, 0.00, 0.00, 90.00, 0, 0
2.00, 5.70, 21.94, 21.94, -2359.68, 20.00, 4.63, 9.44, 3.42, 0.00, 0.00, 0.00, 0.00, 90.00, 0, 0
2.00, 5.70, 21.54, 21.54, -2679.21, 20.00, 4.63, 9.44, 3.42, 0.00, 0.00, 0.00, 0.00, 90.00, 0, 0
2.00, 5.70, 23.14, 23.14, 2948.42, 20.00, 4.63, 10.56, 4.52, 460.84, 33.55, 9.23, -94.55, 81.96, 0, 0
2.00, 5.70, 23.02, 23.02, 262.42, 20.00, 4.63, 12.22, 6.11, 145.18, 70.64, 20.07, -84.73, 70.60, 0, 0
2.00, 5.70, 23.72, 23.72, 2606.40, 20.00, 4.63, 14.44, 8.46, 537.70, 133.63, 34.16, -73.93, 59.44, 0, 0
2.00, 5.70, 23.83, 23.83, 1896.09, 20.00, 4.63, 16.67, 10.68, 314.02, 172.52, 48.76, -60.97, 48.93, 0, 0
2.00, 5.70, 24.02, 24.02, 2303.83, 20.00, 4.63, 18.33, 12.29, 189.98, 195.80, 63.51, -44.08, 39.89, 0, 0
2.00, 5.70, 24.12, 24.12, 2320.22, 20.00, 4.63, 18.89, 12.78, 43.45, 199.76, 78.31, -21.42, 33.69, 0, 0
2.00, 5.70, 24.17, 24.17, 2095.65, 20.00, 4.63, 18.89, 12.78, 0.00, 165.98, 0.00, 5.91, 32.13, 0, 0
2.00, 5.70, 24.07, 24.07, 1709.94, 20.00, 4.63, 18.33, 12.29, 0.00, 107.43, 0.00, 31.77, 35.85, 0, 0
2.00, 5.70, 23.99, 23.99, 1579.91, 20.00, 4.63, 17.78, 11.66, 0.00, 104.06, 0.00, 51.84, 43.47, 0, 0
2.00, 5.70, 23.98, 23.98, 1650.74, 20.00, 4.63, 17.22, 11.17, 0.00, 121.73, 0.00, 66.82, 53.26, 0, 0
2.00, 5.70, 24.00, 24.00, 1712.25, 20.00, 4.63, 17.22, 11.17, 0.00, 100.20, 0.00, 78.69, 64.12, 0, 0
2.00, 5.70, 23.89, 23.89, 1330.44, 20.00, 4.63, 16.67, 10.55, 0.00, 53.16, 0.00, 90.00, 75.41, 0, 0
2.00, 5.70, 23.68, 23.68, 842.36, 20.00, 4.63, 15.56, 9.57, 0.00, 15.08, 0.00, 98.64, 86.75, 0, 0
2.00, 5.70, 23.48, 23.48, 560.51, 20.00, 4.63, 15.00, 8.95, 0.00, 0.00, 0.00, 0.00, 90.00, 0, 0
2.00, 5.70, 23.32, 23.32, 359.42, 20.00, 4.63, 14.44, 8.46, 0.00, 0.00, 0.00, 0.00, 90.00, 0, 0
2.00, 5.70, 23.16, 23.16, 138.03, 20.00, 4.63, 13.33, 7.35, 0.00, 0.00, 0.00, 0.00, 90.00, 0, 0
2.00, 5.70, 23.02, 23.02, -42.75, 20.00, 4.63, 12.78, 6.73, 0.00, 0.00, 0.00, 0.00, 90.00, 0, 0
2.00, 5.70, 22.89, 22.89, -215.45, 20.00, 4.63, 12.22, 6.24, 0.00, 0.00, 0.00, 0.00, 90.00, 0, 0
2.00, 5.70, 22.77, 22.77, -383.88, 20.00, 4.63, 11.67, 5.63, 0.00, 0.00, 0.00, 0.00, 90.00, 0, 0
2.00, 5.70, 22.64, 22.64, -550.17, 20.00, 4.63, 11.11, 5.01, 0.00, 0.00, 0.00, 0.00, 90.00, 0, 0
2.00, 5.70, 22.52, 22.52, -715.46, 20.00, 4.63, 10.56, 4.52, 0.00, 0.00, 0.00, 0.00, 90.00, 0, 0
2.00, 5.70, 22.39, 22.39, -880.74, 20.00, 4.63, 10.00, 3.91, 0.00, 0.00, 0.00, 0.00, 90.00, 0, 0
2.00, 5.70, 21.84, 21.84, -2397.30, 20.00, 4.63, 10.00, 3.91, 0.00, 0.00, 0.00, 0.00, 90.00, 0, 0
2.00, 5.70, 21.43, 21.43, -2815.66, 20.00, 4.63, 9.44, 3.42, 0.00, 0.00, 0.00, 0.00, 90.00, 0, 0
2.00, 5.70, 21.20, 21.20, -2871.05, 20.00, 4.63, 10.00, 4.04, 0.00, 11.31, 9.60, -94.80, 81.67, 0, 0
2.00, 5.70, 21.11, 21.11, -2755.28, 20.00, 4.63, 10.56, 4.52, 0.00, 39.60, 20.29, -84.98, 70.31, 0, 0
2.00, 5.70, 21.18, 21.18, -2349.69, 20.00, 4.63, 11.67, 5.63, 5.21, 79.47, 34.32, -74.20, 59.13, 0, 0
2.00, 5.70, 21.46, 21.46, -1496.23, 20.00, 4.63, 13.33, 7.22, 56.02, 143.59, 48.88, -61.24, 48.61, 0, 0
2.00, 5.70, 21.72, 21.72, -1072.89, 20.00, 4.63, 14.44, 8.32, 29.45, 153.73, 63.60, -44.30, 39.54, 0, 0
2.00, 5.70, 22.16, 22.16, -33.68, 20.00, 4.63, 16.11, 9.92, 50.78, 193.07, 78.39, -21.49, 33.31, 0, 0
2.00, 5.70, 22.60, 22.60, 707.22, 20.00, 4.63, 17.22, 11.03, 0.00, 200.85, 0.00, 6.09, 31.77, 0, 0
2.00, 5.70, 23.01, 23.01, 1272.95, 20.00, 4.63, 18.33, 12.15, 0.00, 206.85, 0.00, 32.14, 35.54, 0, 0
2.00, 5.70, 23.17, 23.17, 1137.05, 20.00, 4.63, 18.89, 12.63, 0.00, 169.11, 0.00, 52.25, 43.21, 0, 0
2.00, 5.70, 23.14, 23.14, 800.84, 20.00, 4.63, 18.33, 12.15, 0.00, 123.50, 0.00, 67.21, 53.04, 0, 0
2.00, 5.70, 23.07, 23.07, 617.40, 20.00, 4.63, 18.33, 11.99, 0.00, 89.09, 0.00, 79.05, 63.92, 0, 0
2.00, 5.70, 22.91, 22.91, 212.18, 20.00, 4.63, 17.22, 10.88, 0.00, 34.91, 0.00, 90.00, 75.22, 0, 0
2.00, 5.70, 22.72, 22.72, -101.37, 20.00, 4.63, 16.67, 10.40, 0.00, 3.77, 0.00, 98.97, 86.56, 0, 0
2.00, 5.70, 22.56, 22.56, -327.64, 20.00, 4.63, 15.56, 9.29, 0.00, 0.00, 0.00, 0.00, 90.00, 0, 0
2.00, 5.70, 22.41, 22.41, -527.61, 20.00, 4.63, 14.44, 8.18, 0.00, 0.00, 0.00, 0.00, 90.00, 0, 0
2.00, 5.70, 22.27, 22.27, -722.22, 20.00, 4.63, 13.33, 6.92, 0.00, 0.00, 0.00, 0.00, 90.00, 0, 0
2.00, 5.70, 22.12, 22.12, -955.50, 20.00, 4.63, 11.67, 5.35, 0.00, 0.00, 0.00, 0.00, 90.00, 0, 0
2.00, 5.70, 21.98, 21.98, -1122.00, 20.00, 4.63, 11.11, 4.56, 0.00, 0.00, 0.00, 0.00, 90.00, 0, 0
2.00, 5.70, 21.82, 21.82, -1359.74, 20.00, 4.63, 9.44, 3.00, 0.00, 0.00, 0.00, 0.00, 90.00, 0, 0
2.00, 5.70, 21.66, 21.66, -1612.52, 20.00, 4.63, 7.78, 1.44, 0.00, 0.00, 0.00, 0.00, 90.00, 0, 0
2.00, 5.70, 21.49, 21.49, -1839.06, 20.00, 4.63, 6.67, 0.21, 0.00, 0.00, 0.00, 0.00, 90.00, 0, 0
2.00, 5.70, 21.30, 21.30, -2107.80, 20.00, 4.63, 5.00, -1.49, 0.00, 0.00, 0.00, 0.00, 90.00, 0, 0
2.00, 5.70, 21.11, 21.11, -2389.87, 20.00, 4.63, 3.33, -3.18, 0.00, 0.00, 0.00, 0.00, 90.00, 0, 0
2.00, 5.70, 20.95, 20.95, -2536.52, 20.00, 4.63, 3.33, -3.18, 0.00, 5.66, 0.00, 0.00, 90.00, 0, 0
2.00, 5.70, 23.73, 23.73, 6117.58, 20.00, 4.63, 5.00, -1.49, 730.12, 25.86, 9.98, -95.04, 81.38, 0, 0
2.00, 5.70, 25.00, 25.00, 7039.09, 20.00, 4.63, 7.22, 0.83, 912.95, 55.03, 20.52, -85.24, 70.02, 0, 0
2.00, 5.70, 25.00, 25.00, 5177.35, 20.00, 4.63, 10.00, 3.47, 905.07, 81.48, 34.47, -74.47, 58.84, 0, 0
2.00, 5.70, 24.92, 24.92, 3508.12, 20.00, 4.63, 12.78, 6.29, 738.93, 115.86, 48.99, -61.51, 48.29, 0, 0
2.00, 5.70, 24.87, 24.87, 3394.10, 20.00, 4.63, 15.00, 8.50, 443.10, 152.06, 63.70, -44.53, 39.19, 0, 0
2.00, 5.70, 24.98, 24.98, 3722.85, 20.00, 4.63, 16.67, 10.08, 198.61, 168.03, 78.47, -21.57, 32.94, 0, 0
2.00, 5.70, 25.24, 25.24, 4289.32, 20.00, 4.63, 17.78, 11.19, 0.00, 163.65, 0.00, 6.28, 31.40, 0, 0
2.00, 5.70, 25.46, 25.46, 4492.37, 20.00, 4.63, 18.89, 12.30, 0.00, 152.49, 0.00, 32.50, 35.23, 0, 0
2.00, 5.70, 25.55, 25.55, 4342.05, 20.00, 4.63, 19.44, 12.95, 0.00, 144.93, 0.00, 52.66, 42.96, 0, 0
2.00, 5.70, 25.52, 25.52, 4074.24, 20.00, 4.63, 19.44, 12.95, 0.00, 123.91, 0.00, 67.60, 52.83, 0, 0
2.00, 5.70, 25.31, 25.31, 3397.87, 20.00, 4.63, 18.33, 11.83, 0.00, 92.01, 0.00, 79.41, 63.73, 0, 0
2.00, 5.70, 24.98, 24.98, 2637.01, 20.00, 4.63, 16.67, 10.24, 0.00, 47.48, 0.00, 90.00, 75.04, 0, 0
2.00, 5.70, 24.58, 24.58, 1885.61, 20.00, 4.63, 15.00, 8.66, 0.00, 33.94, 0.00, 99.30, 86.36, 0, 0
2.00, 5.70, 24.22, 24.22, 1368.33, 20.00, 4.63, 13.89, 7.55, 0.00, 1.89, 0.00, 0.00, 90.00, 0, 0
2.00, 5.70, 23.94, 23.94, 1008.84, 20.00, 4.63, 12.78, 6.45, 0.00, 0.00, 0.00, 0.00, 90.00, 0, 0
2.00, 5.70, 23.70, 23.70, 733.16, 20.00, 4.63, 12.22, 5.82, 0.00, 0.00, 0.00, 0.00, 90.00, 0, 0
2.00, 5.70, 23.50, 23.50, 449.33, 20.00, 4.63, 11.11, 4.72, 0.00, 0.00, 0.00, 0.00, 90.00, 0, 0
2.00, 5.70, 23.31, 23.31, 214.82, 20.00, 4.63, 10.56, 4.25, 0.00, 0.00, 0.00, 0.00, 90.00, 0, 0
2.00, 5.70, 23.15, 23.15, -5.77, 20.00, 4.63, 10.00, 3.63, 0.00, 0.00, 0.00, 0.00, 90.00, 0, 0
2.00, 5.70, 22.99, 22.99, -217.55, 20.00, 4.63, 9.44, 3.00, 0.00, 0.00, 0.00, 0.00, 90.00, 0, 0
2.00, 5.70, 22.85, 22.85, -384.26, 20.00, 4.63, 9.44, 3.00, 0.00, 0.00, 0.00, 0.00, 90.00, 0, 0
2.00, 5.70, 22.70, 22.70, -577.60, 20.00, 4.63, 8.89, 2.53, 0.00, 0.00, 0.00, 0.00, 90.00, 0, 0
2.00, 5.70, 22.03, 22.03, -2434.56, 20.00, 4.63, 8.33, 1.91, 0.00, 0.00, 0.00, 0.00, 90.00, 0, 0
2.00, 5.70, 21.58, 21.58, -2795.48, 20.00, 4.63, 8.33, 2.06, 0.00, 1.89, 0.00, 0.00, 90.00, 0, 0
2.00, 5.70, 21.33, 21.33, -2849.47, 20.00, 4.63, 8.89, 2.68, 0.00, 20.74, 10.34, -95.29, 81.10, 0, 0
2.00, 5.70, 21.54, 21.54, -1740.31, 20.00, 4.63, 10.56, 4.25, 79.66, 68.30, 20.74, -85.50, 69.74, 0, 0
2.00, 5.70, 21.70, 21.70, -1517.51, 20.00, 4.63, 12.22, 5.97, 41.54, 107.58, 34.62, -74.74, 58.54, 0, 0
2.00, 5.70, 21.68, 21.68, -1735.27, 20.00, 4.63, 12.22, 5.97, 6.19, 85.47, 49.11, -61.78, 47.98, 0, 0
2.00, 5.70, 21.56, 21.56, -2052.33, 20.00, 4.63, 12.22, 5.97, 0.00, 28.28, 63.79, -44.76, 38.84, 0, 0
2.00, 5.70, 21.54, 21.54, -1877.53, 20.00, 4.63, 12.22, 5.97, 1.25, 82.21, 78.55, -21.65, 32.57, 0, 0
2.00, 5.70, 21.90, 21.90, -632.49, 20.00, 4.63, 12.78, 6.45, 0.00, 122.30, 0.00, 6.46, 31.04, 0, 0
2.00, 5.70, 22.20, 22.20, -218.15, 20.00, 4.63, 13.33, 7.07, 0.00, 159.32, 0.00, 32.87, 34.92, 0, 0
2.00, 5.70, 22.44, 22.44, 83.33, 20.00, 4.63, 14.44, 8.03, 0.00, 164.35, 0.00, 53.07, 42.71, 0, 0
2.00, 5.70, 22.69, 22.69, 487.50, 20.00, 4.63, 15.00, 8.66, 0.00, 145.10, 0.00, 67.99, 52.61, 0, 0
2.00, 5.70, 22.79, 22.79, 432.54, 20.00, 4.63, 15.00, 8.66, 0.00, 100.20, 0.00, 79.77, 63.53, 0, 0
2.00, 5.70, 22.72, 22.72, 65.23, 20.00, 4.63, 15.00, 8.66, 0.00, 53.29, 0.00, 90.00, 74.85, 0, 0
2.00, 5.70, 22.54, 22.54, -368.67, 20.00, 4.63, 14.44, 8.18, 0.00, 24.51, 0.00, 99.62, 86.17, 0, 0
2.00, 5.70, 22.35, 22.35, -690.20, 20.00, 4.63, 13.33, 7.07, 0.00, 1.89, 0.00, 0.00, 90.00, 0, 0
2.00, 5.70, 22.18, 22.18, -887.60, 20.00, 4.63, 12.78, 6.45, 0.00, 0.00, 0.00, 0.00, 90.00, 0, 0
2.00, 5.70, 22.02, 22.02, -1097.42, 20.00, 4.63, 11.67, 5.35, 0.00, 0.00, 0.00, 0.00, 90.00, 0, 0
2.00, 5.70, 21.87, 21.87, -1304.96, 20.00, 4.63, 10.56, 4.25, 0.00, 0.00, 0.00, 0.00, 90.00, 0, 0
2.00, 5.70, 21.73, 21.73, -1474.28, 20.00, 4.63, 10.00, 3.63, 0.00, 0.00, 0.00, 0.00, 90.00, 0, 0
2.00, 5.70, 21.59, 21.59, -1676.76, 20.00, 4.63, 8.89, 2.53, 0.00, 0.00, 0.00, 0.00, 90.00, 0, 0
2.00, 5.70, 21.43, 21.43, -1885.48, 20.00, 4.63, 7.78, 1.44, 0.00, 0.00, 0.00, 0.00, 90.00, 0, 0
2.00, 5.70, 21.29, 21.29, -2060.80, 20.00, 4.63, 7.22, 0.83, 0.00, 0.00, 0.00, 0.00, 90.00, 0, 0
2.00, 5.70, 21.13, 21.13, -2272.33, 20.00, 4.63, 6.11, -0.26, 0.00, 0.00, 0.00, 0.00, 90.00, 0, 0
2.00, 5.70, 20.34, 20.34, -4649.79, 20.00, 4.63, 5.00, -1.34, 0.00, 0.00, 0.00, 0.00, 90.00, 0, 0
2.00, 5.70, 20.00, 20.00, -4843.12, 20.00, 4.63, 5.00, -1.34, 0.00, 5.66, 0.00, 0.00, 90.00, 0, 0
2.00, 5.70, 22.78, 22.78, 4784.45, 20.00, 4.63, 6.67, 0.36, 824.50, 25.80, 10.71, -95.53, 80.81, 0, 0
2.00, 5.70, 24.36, 24.36, 5643.97, 20.00, 4.63, 9.44, 3.15, 957.39, 58.69, 20.96, -85.75, 69.45, 0, 0
2.00, 5.70, 24.58, 24.58, 3928.36, 20.00, 4.63, 12.22, 5.82, 881.02, 88.98, 34.77, -75.01, 58.25, 0, 0
2.00, 5.70, 24.25, 24.25, 2486.23, 20.00, 4.63, 14.44, 8.18, 725.14, 112.83, 49.23, -62.05, 47.67, 0, 0
2.00, 5.70, 24.24, 24.24, 2862.06, 20.00, 4.63, 16.67, 10.24, 469.31, 141.41, 63.89, -44.99, 38.50, 0, 0
2.00, 5.70, 24.46, 24.46, 3489.97, 20.00, 4.63, 18.33, 11.99, 202.87, 161.31, 78.62, -21.73, 32.20, 0, 0
2.00, 5.70, 24.89, 24.89, 4188.53, 20.00, 4.63, 20.00, 13.59, 0.00, 170.71, 0.00, 6.65, 30.68, 0, 0
2.00, 5.70, 25.15, 25.15, 4269.27, 20.00, 4.63, 20.56, 14.07, 0.00, 175.97, 0.00, 33.24, 34.61, 0, 0
2.00, 5.70, 25.30, 25.30, 4261.96, 20.00, 4.63, 21.11, 14.54, 0.00, 152.94, 0.00, 53.47, 42.46, 0, 0
2.00, 5.70, 25.36, 25.36, 4129.63, 20.00, 4.63, 21.11, 14.54, 0.00, 126.74, 0.00, 68.37, 52.40, 0, 0
2.00, 5.70, 25.15, 25.15, 3346.27, 20.00, 4.63, 20.00, 13.59, 0.00, 98.46, 0.00, 80.12, 63.34, 0, 0
2.00, 5.70, 24.82, 24.82, 2581.63, 20.00, 4.63, 18.33, 11.99, 0.00, 53.75, 0.00, 90.00, 74.67, 0, 0
2.00, 5.70, 24.46, 24.46, 1920.91, 20.00, 4.63, 16.67, 10.24, 0.00, 30.17, 0.00, 99.94, 85.98, 0, 0
2.00, 5.70, 24.13, 24.13, 1441.18, 20.00, 4.63, 15.56, 9.13, 0.00, 1.89, 0.00, 0.00, 90.00, 0, 0
2.00, 5.70, 23.86, 23.86, 1101.38, 20.00, 4.63, 14.44, 8.03, 0.00, 0.00, 0.00, 0.00, 90.00, 0, 0
2.00, 5.70, 23.63, 23.63, 763.25, 20.00, 4.63, 12.78, 6.45, 0.00, 0.00, 0.00, 0.00, 90.00, 0, 0
2.00, 5.70, 23.42, 23.42, 474.51, 20.00, 4.63, 11.67, 5.35, 0.00, 0.00, 0.00, 0.00, 90.00, 0, 0
2.00, 5.70, 23.22, 23.22, 198.01, 20.00, 4.63, 10.56, 4.10, 0.00, 0.00, 0.00, 0.00, 90.00, 0, 0
2.00, 5.70, 23.04, 23.04, -32.93, 20.00, 4.63, 10.00, 3.47, 0.00, 0.00, 0.00, 0.00, 90.00, 0, 0
2.00, 5.70, 22.87, 22.87, -291.72, 20.00, 4.63, 8.89, 2.38, 0.00, 0.00, 0.00, 0.00, 90.00, 0, 0
2.00, 5.70, 22.69, 22.69, -552.62, 20.00, 4.63, 7.78, 1.29, 0.00, 0.00, 0.00, 0.00, 90.00, 0, 0
2.00, 5.70, 22.51, 22.51, -776.75, 20.00, 4.63, 7.22, 0.67, 0.00, 0.00, 0.00, 0.00, 90.00, 0, 0
2.00, 5.70, 21.70, 21.70, -3050.55, 20.00, 4.63, 6.11, -0.26, 0.00, 0.00, 0.00, 0.00, 90.00, 0, 0
2.00, 5.70, 21.16, 21.16, -3481.86, 20.00, 4.63, 6.11, -0.26, 0.00, 3.77, 0.00, 0.00, 90.00, 0, 0
2.00, 5.70, 20.78, 20.78, -3800.38, 20.00, 4.63, 6.11, -0.26, 0.00, 5.66, 11.07, -95.77, 80.53, 0, 0
2.00, 5.70, 20.55, 20.55, -3878.20, 20.00, 4.63, 6.67, 0.21, 0.00, 13.20, 21.19, -86.01, 69.17, 0, 0
2.00, 5.70, 20.55, 20.55, -3467.29, 20.00, 4.63, 7.78, 1.29, 7.76, 72.93, 34.93, -75.28, 57.96, 0, 0
2.00, 5.70, 20.70, 20.70, -2920.49, 20.00, 4.63, 8.89, 2.53, 18.50, 137.51, 49.35, -62.33, 47.36, 0, 0
2.00, 5.70, 20.97, 20.97, -2222.50, 20.00, 4.63, 10.56, 4.10, 23.53, 180.79, 63.98, -45.23, 38.17, 0, 0
2.00, 5.70, 21.21, 21.21, -1809.83, 20.00, 4.63, 11.67, 5.19, 8.66, 184.98, 78.70, -21.81, 31.83, 0, 0
2.00, 5.70, 21.53, 21.53, -1004.53, 20.00, 4.63, 12.22, 5.66, 0.00, 100.18, 0.00, 6.83, 30.33, 0, 0
2.00, 5.70, 21.74, 21.74, -807.51, 20.00, 4.63, 12.22, 5.66, 0.00, 119.26, 0.00, 33.61, 34.31, 0, 0
2.00, 5.70, 21.90, 21.90, -633.81, 20.00, 4.63, 12.22, 5.82, 0.00, 135.17, 0.00, 53.88, 42.21, 0, 0
2.00, 5.70, 22.03, 22.03, -440.81, 20.00, 4.63, 12.78, 6.29, 0.00, 132.32, 0.00, 68.75, 52.20, 0, 0
2.00, 5.70, 22.09, 22.09, -446.89, 20.00, 4.63, 12.78, 6.29, 0.00, 107.88, 0.00, 80.48, 63.15, 0, 0
2.00, 5.70, 22.04, 22.04, -708.48, 20.00, 4.63, 12.22, 5.82, 0.00, 56.72, 0.00, 90.00, 74.48, 0, 0
2.00, 5.70, 21.87, 21.87, -1107.93, 20.00, 4.63, 11.67, 5.35, 0.00, 26.40, 0.00, 100.25, 85.79, 0, 0
2.00, 5.70, 21.69, 21.69, -1398.62, 20.00, 4.63, 11.11, 4.72, 0.00, 1.89, 0.00, 0.00, 90.00, 0, 0
2.00, 5.70, 21.52, 21.52, -1632.85, 20.00, 4.63, 10.00, 3.63, 0.00, 0.00, 0.00, 0.00, 90.00, 0, 0
2.00, 5.70, 21.36, 21.36, -1814.82, 20.00, 4.63, 9.44, 3.00, 0.00, 0.00, 0.00, 0.00, 90.00, 0, 0
2.00, 5.70, 21.22, 21.22, -1985.91, 20.00, 4.63, 8.89, 2.53, 0.00, 0.00, 0.00, 0.00, 90.00, 0, 0
2.00, 5.70, 21.07, 21.07, -2190.99, 20.00, 4.63, 7.78, 1.44, 0.00, 0.00, 0.00, 0.00, 90.00, 0, 0
2.00, 5.70, 20.93, 20.93, -2363.28, 20.00, 4.63, 7.22, 0.83, 0.00, 0.00, 0.00, 0.00, 90.00, 0, 0
2.00, 5.70, 20.79, 20.79, -2532.63, 20.00, 4.63, 6.67, 0.21, 0.00, 0.00, 0.00, 0.00, 90.00, 0, 0
2.00, 5.70, 20.65, 20.65, -2700.89, 20.00, 4.63, 6.11, -0.41, 0.00, 0.00, 0.00, 0.00, 90.00, 0, 0
2.00, 5.70, 20.52, 20.52, -2869.06, 20.00, 4.63, 5.56, -0.87, 0.00, 0.00, 0.00, 0.00, 90.00, 0, 0
2.00, 5.70, 20.00, 20.00, -4932.62, 20.00, 4.63, 5.00, -1.49, 0.00, 0.00, 0.00, 0.00, 90.00, 0, 0
2.00, 5.70, 20.00, 20.00, -5083.66, 20.00, 4.63, 4.44, -1.95, 0.00, 1.89, 0.00, 0.00, 90.00, 0, 0
2.00, 5.70, 20.45, 20.45, -2174.82, 20.00, 4.63, 6.11, -0.26, 244.27, 33.72, 11.43, -96.01, 80.26, 0, 0
2.00, 5.70, 20.15, 20.15, -3747.88, 20.00, 4.63, 7.22, 0.83, 55.80, 66.58, 21.41, -86.27, 68.90, 0, 0
2.00, 5.70, 20.00, 20.00, -3804.74, 20.00, 4.63, 8.33, 1.91, 15.49, 96.79, 35.08, -75.55, 57.68, 0, 0
2.00, 5.70, 20.00, 20.00, -3986.81, 20.00, 4.63, 8.33, 1.91, 2.05, 66.81, 49.46, -62.60, 47.06, 0, 0
2.00, 5.70, 20.00, 20.00, -3685.20, 20.00, 4.63, 8.89, 2.53, 6.90, 122.02, 64.07, -45.47, 37.83, 0, 0
2.00, 5.70, 20.00, 20.00, -3494.96, 20.00, 4.63, 9.44, 3.00, 3.07, 140.38, 78.77, -21.90, 31.47, 0, 0
2.00, 5.70, 20.28, 20.28, -2183.19, 20.00, 4.63, 10.00, 3.63, 0.00, 124.14, 0.00, 7.01, 29.98, 0, 0
2.00, 5.70, 20.52, 20.52, -1851.92, 20.00, 4.63, 10.56, 4.10, 0.00, 156.11, 0.00, 33.98, 34.01, 0, 0
2.00, 5.70, 20.78, 20.78, -1387.17, 20.00, 4.63, 11.11, 4.72, 0.00, 176.50, 0.00, 54.28, 41.97, 0, 0
2.00, 5.70, 20.92, 20.92, -1334.98, 20.00, 4.63, 11.67, 5.19, 0.00, 147.53, 0.00, 69.13, 51.99, 0, 0
2.00, 5.70, 20.85, 20.85, -1749.30, 20.00, 4.63, 11.11, 4.72, 0.00, 88.02, 0.00, 80.83, 62.97, 0, 0
2.00, 5.70, 20.69, 20.69, -2143.72, 20.00, 4.63, 10.56, 4.25, 0.00, 38.75, 0.00, 90.00, 74.30, 0, 0
2.00, 5.70, 20.49, 20.49, -2463.63, 20.00, 4.63, 10.00, 3.63, 0.00, 7.54, 0.00, 100.56, 85.60, 0, 0
2.00, 5.70, 20.31, 20.31, -2723.92, 20.00, 4.63, 8.89, 2.53, 0.00, 0.00, 0.00, 0.00, 90.00, 0, 0
2.00, 5.70, 20.15, 20.15, -2906.96, 20.00, 4.63, 8.33, 2.06, 0.00, 0.00, 0.00, 0.00, 90.00, 0, 0
2.00, 5.70, 20.00, 20.00, -3075.57, 20.00, 4.63, 7.78, 1.44, 0.00, 0.00, 0.00, 0.00, 90.00, 0, 0
2.00, 5.70, 19.87, 19.87, -3236.71, 20.00, 4.63, 7.22, 0.83, 0.00, 0.00, 0.00, 0.00, 90.00, 0, 0
2.00, 5.70, 19.74, 19.74, -3394.26, 20.00, 4.63, 6.67, 0.36, 0.00, 0.00, 0.00, 0.00, 90.00, 0, 0
2.00, 5.70, 19.61, 19.61, -3550.69, 20.00, 4.63, 6.11, -0.26, 0.00, 0.00, 0.00, 0.00, 90.00, 0, 0
2.00, 5.70, 19.48, 19.48, -3707.21, 20.00, 4.63, 5.56, -0.87, 0.00, 0.00, 0.00, 0.00, 90.00, 0, 0
2.00, 5.70, 19.35, 19.35, -3864.43, 20.00, 4.63, 5.00, -1.34, 0.00, 0.00, 0.00, 0.00, 90.00, 0, 0
2.00, 5.70, 19.24, 19.24, -3983.39, 20.00, 4.63, 5.00, -1.49, 0.00, 0.00, 0.00, 0.00, 90.00, 0, 0
2.00, 5.70, 20.00, 20.00, -5277.36, 20.00, 4.63, 4.44, -1.95, 0.00, 0.00, 0.00, 0.00, 90.00, 0, 0
2.00, 5.70, 20.00, 20.00, -5257.10, 20.00, 4.63, 4.44, -1.95, 0.00, 9.43, 0.00, 0.00, 90.00, 0, 0
2.00, 5.70, 20.88, 20.88, -88.78, 20.00, 4.63, 6.11, -0.26, 463.21, 32.64, 11.79, -96.25, 79.99, 0, 0
2.00, 5.70, 21.55, 21.55, 697.68, 20.00, 4.63, 8.33, 1.91, 580.59, 71.63, 21.64, -86.52, 68.63, 0, 0
2.00, 5.70, 21.31, 21.31, -1078.24, 20.00, 4.63, 10.00, 3.63, 365.89, 123.26, 35.23, -75.82, 57.40, 0, 0
2.00, 5.70, 21.01, 21.01, -1702.39, 20.00, 4.63, 11.67, 5.19, 208.64, 169.48, 49.58, -62.88, 46.76, 0, 0
2.00, 5.70, 20.88, 20.88, -1680.90, 20.00, 4.63, 12.78, 6.29, 78.37, 189.29, 64.16, -45.71, 37.51, 0, 0
2.00, 5.70, 20.68, 20.68, -2106.85, 20.00, 4.63, 12.78, 6.29, 9.16, 143.90, 78.84, -22.00, 31.12, 0, 0
2.00, 5.70, 20.86, 20.86, -1089.30, 20.00, 4.63, 12.78, 6.29, 0.00, 181.30, 0.00, 7.20, 29.63, 0, 0
2.00, 5.70, 21.10, 21.10, -621.99, 20.00, 4.63, 13.33, 6.76, 0.00, 202.67, 0.00, 34.35, 33.71, 0, 0
2.00, 5.70, 21.33, 21.33, -300.57, 20.00, 4.63, 13.89, 7.39, 0.00, 193.61, 0.00, 54.68, 41.73, 0, 0
2.00, 5.70, 21.28, 21.28, -784.77, 20.00, 4.63, 13.89, 7.22, 0.00, 125.18, 0.00, 69.51, 51.78, 0, 0
2.00, 5.70, 21.10, 21.10, -1290.53, 20.00, 4.63, 12.78, 6.29, 0.00, 74.44, 0.00, 81.17, 62.78, 0, 0
2.00, 5.70, 20.91, 20.91, -1622.25, 20.00, 4.63, 12.22, 5.66, 0.00, 43.37, 0.00, 90.00, 74.12, 0, 0
2.00, 5.70, 20.69, 20.69, -2001.01, 20.00, 4.63, 11.11, 4.56, 0.00, 11.31, 0.00, 100.87, 85.41, 0, 0
2.00, 5.70, 20.48, 20.48, -2293.97, 20.00, 4.63, 10.00, 3.47, 0.00, 1.89, 0.00, 0.00, 90.00, 0, 0
2.00, 5.70, 20.30, 20.30, -2546.31, 20.00, 4.63, 8.89, 2.38, 0.00, 0.00, 0.00, 0.00, 90.00, 0, 0
2.00, 5.70, 20.12, 20.12, -2782.49, 20.00, 4.63, 7.78, 1.13, 0.00, 0.00, 0.00, 0.00, 90.00, 0, 0
2.00, 5.70, 19.95, 19.95, -3014.79, 20.00, 4.63, 6.67, 0.05, 0.00, 0.00, 0.00, 0.00, 90.00, 0, 0
2.00, 5.70, 19.78, 19.78, -3247.23, 20.00, 4.63, 5.56, -1.19, 0.00, 0.00, 0.00, 0.00, 90.00, 0, 0
2.00, 5.70, 19.62, 19.62, -3442.13, 20.00, 4.63, 5.00, -1.80, 0.00, 0.00, 0.00, 0.00, 90.00, 0, 0
2.00, 5.70, 19.46, 19.46, -3670.84, 20.00, 4.63, 3.89, -2.87, 0.00, 0.00, 0.00, 0.00, 90.00, 0, 0
2.00, 5.70, 19.29, 19.29, -3905.84, 20.00, 4.63, 2.78, -3.94, 0.00, 0.00, 0.00, 0.00, 90.00, 0, 0
2.00, 5.70, 19.10, 19.10, -4186.62, 20.00, 4.63, 1.11, -5.61, 0.00, 0.00, 0.00, 0.00, 90.00, 0, 0
2.00, 5.70, 20.00, 20.00, -5823.96, 20.00, 4.63, 0.56, -6.22, 0.00, 0.00, 0.00, 0.00, 90.00, 0, 0
2.00, 5.70, 20.00, 20.00, -5826.19, 20.00, 4.63, 0.56, -6.22, 0.00, 9.43, 0.00, 0.00, 90.00, 0, 0
2.00, 5.70, 20.42, 20.42, -1424.29, 20.00, 4.63, 1.67, -5.00, 422.51, 33.31, 12.14, -96.49, 79.72, 0, 0
2.00, 5.70, 20.79, 20.79, -886.61, 20.00, 4.63, 3.89, -2.87, 518.20, 73.00, 21.86, -86.78, 68.36, 0, 0
2.00, 5.70, 21.01, 21.01, -771.69, 20.00, 4.63, 6.11, -0.57, 686.67, 106.46, 35.39, -76.09, 57.13, 0, 0
2.00, 5.70, 20.92, 20.92, -1387.85, 20.00, 4.63, 8.89, 2.22, 659.13, 126.26, 49.69, -63.16, 46.47, 0, 0
2.00, 5.70, 21.12, 21.12, -674.36, 20.00, 4.63, 11.11, 4.39, 479.65, 141.54, 64.25, -45.96, 37.18, 0, 0
2.00, 5.70, 21.45, 21.45, 67.36, 20.00, 4.63, 12.78, 6.12, 219.07, 152.71, 78.91, -22.09, 30.76, 0, 0
2.00, 5.70, 22.09, 22.09, 1586.66, 20.00, 4.63, 14.44, 7.68, 0.00, 155.00, 0.00, 7.38, 29.28, 0, 0
2.00, 5.70, 22.54, 22.54, 1931.96, 20.00, 4.63, 15.56, 8.79, 0.00, 152.00, 0.00, 34.72, 33.42, 0, 0
2.00, 5.70, 22.81, 22.81, 2040.28, 20.00, 4.63, 16.11, 9.43, 0.00, 128.92, 0.00, 55.08, 41.49, 0, 0
2.00, 5.70, 22.89, 22.89, 1787.64, 20.00, 4.63, 16.11, 9.43, 0.00, 115.93, 0.00, 69.89, 51.58, 0, 0
2.00, 5.70, 22.72, 22.72, 1105.24, 20.00, 4.63, 15.56, 8.79, 0.00, 95.15, 0.00, 81.52, 62.59, 0, 0
2.00, 5.70, 22.39, 22.39, 287.33, 20.00, 4.63, 13.89, 7.22, 0.00, 53.15, 0.00, 90.00, 73.94, 0, 0
2.00, 5.70, 21.99, 21.99, -484.86, 20.00, 4.63, 11.67, 5.19, 0.00, 35.83, 0.00, 101.18, 85.23, 0, 0
2.00, 5.70, 21.64, 21.64, -960.37, 20.00, 4.63, 11.11, 4.56, 0.00, 3.77, 0.00, 0.00, 90.00, 0, 0
2.00, 5.70, 21.36, 21.36, -1315.15, 20.00, 4.63, 10.00, 3.47, 0.00, 0.00, 0.00, 0.00, 90.00, 0, 0
2.00, 5.70, 21.13, 21.13, -1580.06, 20.00, 4.63, 9.44, 3.00, 0.00, 0.00, 0.00, 0.00, 90.00, 0, 0
2.00, 5.70, 20.94, 20.94, -1814.45, 20.00, 4.63, 8.89, 2.38, 0.00, 0.00, 0.00, 0.00, 90.00, 0, 0
2.00, 5.70, 20.76, 20.76, -2069.74, 20.00, 4.63, 7.78, 1.29, 0.00, 0.00, 0.00, 0.00, 90.00, 0, 0
2.00, 5.70, 20.61, 20.61, -2243.85, 20.00, 4.63, 7.78, 1.29, 0.00, 0.00, 0.00, 0.00, 90.00, 0, 0
2.00, 5.70, 20.48, 20.48, -2399.62, 20.00, 4.63, 7.78, 1.29, 0.00, 0.00, 0.00, 0.00, 90.00, 0, 0
2.00, 5.70, 20.36, 20.36, -2542.75, 20.00, 4.63, 7.78, 1.29, 0.00, 0.00, 0.00, 0.00, 90.00, 0, 0
2.00, 5.70, 20.25, 20.25, -2676.82, 20.00, 4.63, 7.78, 1.29, 0.00, 0.00, 0.00, 0.00, 90.00, 0, 0
2.00, 5.70, 20.17, 20.17, -2725.24, 20.00, 4.63, 7.22, 0.83, 0.00, 0.00, 0.00, 0.00, 90.00, 0, 0
2.00, 5.70, 20.11, 20.11, -2749.78, 20.00, 4.63, 7.78, 1.44, 0.00, 5.66, 0.00, 0.00, 90.00, 0, 0
2.00, 5.70, 20.10, 20.10, -2696.18, 20.00, 4.63, 8.33, 2.06, 0.00, 26.40, 12.49, -96.73, 79.46, 0, 0
2.00, 5.70, 20.60, 20.60, -1125.80, 20.00, 4.63, 10.00, 3.63, 166.61, 77.90, 22.09, -87.03, 68.10, 0, 0
2.00, 5.70, 20.65, 20.65, -1695.36, 20.00, 4.63, 11.11, 4.87, 53.90, 110.21, 35.54, -76.36, 56.86, 0, 0
2.00, 5.70, 20.72, 20.72, -1549.58, 20.00, 4.63, 12.22, 5.97, 38.68, 150.95, 49.81, -63.44, 46.18, 0, 0
2.00, 5.70, 20.73, 20.73, -1653.33, 20.00, 4.63, 12.78, 6.45, 9.56, 123.20, 64.34, -46.21, 36.86, 0, 0
2.00, 5.70, 20.80, 20.80, -1417.30, 20.00, 4.63, 13.33, 7.07, 4.83, 160.76, 78.98, -22.19, 30.41, 0, 0
2.00, 5.70, 20.92, 20.92, -1187.55, 20.00, 4.63, 14.44, 8.03, 0.00, 174.83, 0.00, 7.56, 28.94, 0, 0
2.00, 5.70, 20.87, 20.87, -1512.14, 20.00, 4.63, 14.44, 8.03, 0.00, 97.88, 0.00, 35.09, 33.13, 0, 0
2.00, 5.70, 20.83, 20.83, -1547.00, 20.00, 4.63, 13.89, 7.55, 0.00, 103.47, 0.00, 55.48, 41.25, 0, 0
2.00, 5.70, 20.97, 20.97, -1077.13, 20.00, 4.63, 14.44, 8.03, 0.00, 130.77, 0.00, 70.26, 51.38, 0, 0
2.00, 5.70, 20.94, 20.94, -1362.14, 20.00, 4.63, 14.44, 8.03, 0.00, 91.76, 0.00, 81.86, 62.41, 0, 0
2.00, 5.70, 20.76, 20.76, -1894.83, 20.00, 4.63, 13.33, 7.07, 0.00, 26.53, 0.00, 90.00, 73.76, 0, 0
2.00, 5.70, 20.57, 20.57, -2167.77, 20.00, 4.63, 12.78, 6.45, 0.00, 7.54, 0.00, 101.48, 85.04, 0, 0
2.00, 5.70, 20.41, 20.41, -2368.41, 20.00, 4.63, 12.22, 5.97, 0.00, 1.89, 0.00, 0.00, 90.00, 0, 0
2.00, 5.70, 20.26, 20.26, -2577.33, 20.00, 4.63, 11.11, 4.87, 0.00, 0.00, 0.00, 0.00, 90.00, 0, 0
2.00, 5.70, 20.13, 20.13, -2737.25, 20.00, 4.63, 10.56, 4.25, 0.00, 0.00, 0.00, 0.00, 90.00, 0, 0
2.00, 5.70, 19.99, 19.99, -2927.77, 20.00, 4.63, 9.44, 3.15, 0.00, 0.00, 0.00, 0.00, 90.00, 0, 0
2.00, 5.70, 19.87, 19.87, -3083.83, 20.00, 4.63, 8.89, 2.53, 0.00, 0.00, 0.00, 0.00, 90.00, 0, 0
2.00, 5.70, 19.74, 19.74, -3236.12, 20.00, 4.63, 8.33, 1.91, 0.00, 0.00, 0.00, 0.00, 90.00, 0, 0
2.00, 5.70, 19.61, 19.61, -3426.46, 20.00, 4.63, 7.22, 0.83, 0.00, 0.00, 0.00, 0.00, 90.00, 0, 0
2.00, 5.70, 19.48, 19.48, -3586.37, 20.00, 4.63, 6.67, 0.36, 0.00, 0.00, 0.00, 0.00, 90.00, 0, 0
2.00, 5.70, 19.35, 19.35, -3745.04, 20.00, 4.63, 6.11, -0.26, 0.00, 0.00, 0.00, 0.00, 90.00, 0, 0
2.00, 5.70, 20.00, 20.00, -5007.07, 20.00, 4.63, 5.00, -1.34, 0.00, 0.00, 0.00, 0.00, 90.00, 0, 0
2.00, 5.70, 20.00, 20.00, -4886.74, 20.00, 4.63, 5.56, -0.73, 0.00, 11.31, 0.00, 0.00, 90.00, 0, 0
2.00, 5.70, 20.00, 20.00, -3943.74, 20.00, 4.63, 6.67, 0.36, 70.74, 40.38, 12.84, -96.97, 79.20, 0, 0
2.00, 5.70, 20.00, 20.00, -3493.35, 20.00, 4.63, 8.33, 2.06, 90.47, 85.37, 22.32, -87.29, 67.84, 0, 0
2.00, 5.70, 20.00, 20.00, -3102.01, 20.00, 4.63, 10.00, 3.63, 122.98, 128.25, 35.69, -76.64, 56.59, 0, 0
2.00, 5.70, 20.00, 20.00, -2800.20, 20.00, 4.63, 11.67, 5.35, 121.87, 170.20, 49.92, -63.72, 45.89, 0, 0
2.00, 5.70, 20.43, 20.43, -1413.65, 20.00, 4.63, 13.89, 7.55, 280.53, 191.10, 64.43, -46.46, 36.55, 0, 0
2.00, 5.70, 20.96, 20.96, -365.30, 20.00, 4.63, 16.11, 9.77, 137.92, 204.47, 79.04, -22.30, 30.07, 0, 0
2.00, 5.70, 21.50, 21.50, 634.15, 20.00, 4.63, 17.78, 11.36, 0.00, 210.09, 0.00, 7.74, 28.60, 0, 0
2.00, 5.70, 21.93, 21.93, 1083.53, 20.00, 4.63, 18.89, 12.47, 0.00, 189.90, 0.00, 35.46, 32.85, 0, 0
2.00, 5.70, 22.16, 22.16, 1081.04, 20.00, 4.63, 19.44, 12.95, 0.00, 172.84, 0.00, 55.88, 41.02, 0, 0
2.00, 5.70, 22.30, 22.30, 1118.62, 20.00, 4.63, 20.00, 13.42, 0.00, 132.18, 0.00, 70.63, 51.18, 0, 0
2.00, 5.70, 22.23, 22.23, 657.14, 20.00, 4.63, 19.44, 12.95, 0.00, 98.52, 0.00, 82.19, 62.23, 0, 0
2.00, 5.70, 21.96, 21.96, -136.02, 20.00, 4.63, 18.33, 11.83, 0.00, 52.15, 0.00, 90.00, 73.58, 0, 0
2.00, 5.70, 21.63, 21.63, -740.11, 20.00, 4.63, 16.67, 10.24, 0.00, 18.86, 0.00, 101.77, 84.85, 0, 0
2.00, 5.70, 21.35, 21.35, -1145.10, 20.00, 4.63, 15.00, 8.66, 0.00, 1.89, 0.00, 0.00, 90.00, 0, 0
2.00, 5.70, 21.12, 21.12, -1424.50, 20.00, 4.63, 13.89, 7.55, 0.00, 0.00, 0.00, 0.00, 90.00, 0, 0
2.00, 5.70, 20.94, 20.94, -1667.18, 20.00, 4.63, 12.78, 6.29, 0.00, 0.00, 0.00, 0.00, 90.00, 0, 0
2.00, 5.70, 20.77, 20.77, -1893.77, 20.00, 4.63, 11.67, 5.19, 0.00, 0.00, 0.00, 0.00, 90.00, 0, 0
2.00, 5.70, 20.61, 20.61, -2113.09, 20.00, 4.63, 10.56, 4.10, 0.00, 0.00, 0.00, 0.00, 90.00, 0, 0
2.00, 5.70, 20.46, 20.46, -2330.38, 20.00, 4.63, 9.44, 2.84, 0.00, 0.00, 0.00, 0.00, 90.00, 0, 0
2.00, 5.70, 20.29, 20.29, -2587.79, 20.00, 4.63, 7.78, 1.29, 0.00, 0.00, 0.00, 0.00, 90.00, 0, 0
2.00, 5.70, 20.13, 20.13, -2817.56, 20.00, 4.63, 6.67, 0.21, 0.00, 0.00, 0.00, 0.00, 90.00, 0, 0
2.00, 5.70, 19.96, 19.96, -3049.06, 20.00, 4.63, 5.56, -1.03, 0.00, 0.00, 0.00, 0.00, 90.00, 0, 0
2.00, 5.70, 20.00, 20.00, -4858.88, 20.00, 4.63, 4.44, -2.10, 0.00, 0.00, 0.00, 0.00, 90.00, 0, 0
2.00, 5.70, 20.00, 20.00, -4853.17, 20.00, 4.63, 4.44, -2.10, 0.00, 11.31, 0.00, 0.00, 90.00, 0, 0
2.00, 5.70, 20.67, 20.67, -878.18, 20.00, 4.63, 6.11, -0.41, 356.30, 44.29, 13.18, -97.21, 78.94, 0, 0
2.00, 5.70, 20.23, 20.23, -3224.51, 20.00, 4.63, 7.22, 0.83, 87.49, 74.45, 22.41, -90.00, 67.59, 0, 0
2.00, 5.70, 20.00, 20.00, -3394.05, 20.00, 4.63, 8.33, 1.91, 35.80, 117.93, 35.84, -76.91, 56.33, 0, 0
2.00, 5.70, 20.00, 20.00, -3136.47, 20.00, 4.63, 9.44, 3.00, 34.45, 154.82, 50.03, -64.01, 45.61, 0, 0
2.00, 5.70, 20.00, 20.00, -3151.35, 20.00, 4.63, 10.00, 3.47, 10.86, 131.30, 64.51, -46.72, 36.24, 0, 0
2.00, 5.70, 20.18, 20.18, -2310.96, 20.00, 4.63, 11.11, 4.56, 45.31, 196.30, 79.11, -22.41, 29.73, 0, 0
2.00, 5.70, 20.83, 20.83, -364.25, 20.00, 4.63, 12.78, 6.29, 0.00, 224.33, 0.00, 7.92, 28.26, 0, 0
2.00, 5.70, 21.22, 21.22, -140.55, 20.00, 4.63, 13.89, 7.39, 0.00, 212.84, 0.00, 35.82, 32.56, 0, 0
2.00, 5.70, 21.44, 21.44, -78.89, 20.00, 4.63, 14.44, 8.03, 0.00, 190.14, 0.00, 56.27, 40.79, 0, 0
2.00, 5.70, 21.60, 21.60, 61.43, 20.00, 4.63, 15.00, 8.50, 0.00, 142.66, 0.00, 70.99, 50.99, 0, 0
2.00, 5.70, 21.54, 21.54, -397.57, 20.00, 4.63, 14.44, 8.03, 0.00, 107.15, 0.00, 82.53, 62.05, 0, 0
2.00, 5.70, 21.39, 21.39, -810.87, 20.00, 4.63, 13.89, 7.39, 0.00, 60.54, 0.00, 90.00, 73.40, 0, 0
2.00, 5.70, 21.15, 21.15, -1315.33, 20.00, 4.63, 12.78, 6.29, 0.00, 41.48, 0.00, 102.07, 84.67, 0, 0
2.00, 5.70, 20.90, 20.90, -1744.38, 20.00, 4.63, 11.67, 5.35, 0.00, 3.77, 0.00, 0.00, 90.00, 0, 0
2.00, 5.70, 20.69, 20.69, -1991.33, 20.00, 4.63, 11.11, 4.72, 0.00, 0.00, 0.00, 0.00, 90.00, 0, 0
2.00, 5.70, 20.51, 20.51, -2231.99, 20.00, 4.63, 10.00, 3.63, 0.00, 0.00, 0.00, 0.00, 90.00, 0, 0
2.00, 5.70, 20.35, 20.35, -2423.11, 20.00, 4.63, 9.44, 3.00, 0.00, 0.00, 0.00, 0.00, 90.00, 0, 0
2.00, 5.70, 20.20, 20.20, -2640.55, 20.00, 4.63, 8.33, 1.91, 0.00, 0.00, 0.00, 0.00, 90.00, 0, 0
2.00, 5.70, 20.06, 20.06, -2820.40, 20.00, 4.63, 7.78, 1.29, 0.00, 0.00, 0.00, 0.00, 90.00, 0, 0
2.00, 5.70, 19.92, 19.92, -2994.22, 20.00, 4.63, 7.22, 0.67, 0.00, 0.00, 0.00, 0.00, 90.00, 0, 0
2.00, 5.70, 19.79, 19.79, -3164.76, 20.00, 4.63, 6.67, 0.21, 0.00, 0.00, 0.00, 0.00, 90.00, 0, 0
2.00, 5.70, 19.66, 19.66, -3334.07, 20.00, 4.63, 6.11, -0.41, 0.00, 0.00, 0.00, 0.00, 90.00, 0, 0
2.00, 5.70, 20.00, 20.00, -4768.96, 20.00, 4.63, 5.56, -0.87, 0.00, 0.00, 0.00, 0.00, 90.00, 0, 0
2.00, 5.70, 20.00, 20.00, -4753.37, 20.00, 4.63, 5.56, -0.73, 0.00, 11.31, 0.00, -107.01, 89.79, 0, 0
2.00, 5.70, 20.97, 20.97, 177.63, 20.00, 4.63, 7.22, 0.97, 447.82, 38.05, 13.51, -97.44, 78.69, 0, 0
2.00, 5.70, 22.18, 22.18, 2517.53, 20.00, 4.63, 10.00, 3.77, 762.69, 75.49, 22.66, -90.00, 67.34, 0, 0
2.00, 5.70, 22.47, 22.47, 1620.18, 20.00, 4.63, 12.78, 6.45, 745.26, 106.43, 36.00, -77.18, 56.07, 0, 0
2.00, 5.70, 22.20, 22.20, 272.12, 20.00, 4.63, 14.44, 8.18, 440.74, 155.65, 50.14, -64.29, 45.34, 0, 0
2.00, 5.70, 22.21, 22.21, 625.52, 20.00, 4.63, 16.11, 9.77, 215.19, 201.60, 64.59, -46.98, 35.93, 0, 0
2.00, 5.70, 22.39, 22.39, 1120.18, 20.00, 4.63, 17.22, 10.88, 94.86, 218.81, 79.17, -22.52, 29.39, 0, 0
2.00, 5.70, 22.53, 22.53, 1265.91, 20.00, 4.63, 17.78, 11.51, 0.00, 222.51, 0.00, 8.10, 27.93, 0, 0
2.00, 5.70, 22.68, 22.68, 1452.46, 20.00, 4.63, 18.33, 11.99, 0.00, 214.91, 0.00, 36.19, 32.28, 0, 0
2.00, 5.70, 22.81, 22.81, 1541.13, 20.00, 4.63, 18.33, 11.99, 0.00, 195.43, 0.00, 56.66, 40.56, 0, 0
2.00, 5.70, 22.73, 22.73, 1068.79, 20.00, 4.63, 17.78, 11.51, 0.00, 148.43, 0.00, 71.35, 50.79, 0, 0
2.00, 5.70, 22.63, 22.63, 850.20, 20.00, 4.63, 17.22, 10.88, 0.00, 109.44, 0.00, 82.86, 61.87, 0, 0
2.00, 5.70, 22.38, 22.38, 193.45, 20.00, 4.63, 16.11, 9.92, 0.00, 47.58, 0.00, 92.84, 73.22, 0, 0
2.00, 5.70, 22.09, 22.09, -364.81, 20.00, 4.63, 14.44, 8.18, 0.00, 11.31, 0.00, 102.36, 84.49, 0, 0
2.00, 5.70, 21.84, 21.84, -708.86, 20.00, 4.63, 13.33, 7.22, 0.00, 1.89, 0.00, 0.00, 90.00, 0, 0
2.00, 5.70, 21.64, 21.64, -955.43, 20.00, 4.63, 12.78, 6.59, 0.00, 0.00, 0.00, 0.00, 90.00, 0, 0
2.00, 5.70, 21.47, 21.47, -1165.63, 20.00, 4.63, 12.22, 6.11, 0.00, 0.00, 0.00, 0.00, 90.00, 0, 0
2.00, 5.70, 21.32, 21.32, -1358.43, 20.00, 4.63, 11.67, 5.49, 0.00, 0.00, 0.00, 0.00, 90.00, 0, 0
2.00, 5.70, 21.18, 21.18, -1580.39, 20.00, 4.63, 10.56, 4.39, 0.00, 0.00, 0.00, 0.00, 90.00, 0, 0
2.00, 5.70, 21.04, 21.04, -1766.34, 20.00, 4.63, 10.00, 3.77, 0.00, 0.00, 0.00, 0.00, 90.00, 0, 0
2.00, 5.70, 20.92, 20.92, -1907.32, 20.00, 4.63, 10.00, 3.77, 0.00, 0.00, 0.00, 0.00, 90.00, 0, 0
2.00, 5.70, 20.80, 20.80, -2075.49, 20.00, 4.63, 9.44, 3.15, 0.00, 0.00, 0.00, 0.00, 90.00, 0, 0
2.00, 5.70, 20.68, 20.68, -2244.11, 20.00, 4.63, 8.89, 2.68, 0.00, 0.00, 0.00, 0.00, 90.00, 0, 0
2.00, 5.70, 20.15, 20.15, -3915.11, 20.00, 4.63, 8.33, 2.20, 0.00, 0.00, 0.00, 0.00, 90.00, 0, 0
2.00, 5.70, 20.00, 20.00, -3738.38, 20.00, 4.63, 9.44, 3.29, 0.00, 15.08, 0.00, -107.23, 89.54, 0, 0
2.00, 5.70, 20.00, 20.00, -3387.57, 20.00, 4.63, 10.00, 3.91, 21.44, 37.40, 13.85, -97.68, 78.44, 0, 0
2.00, 5.70, 20.00, 20.00, -3362.86, 20.00, 4.63, 10.56, 4.52, 2.91, 63.50, 22.91, -90.00, 67.09, 0, 0
2.00, 5.70, 20.08, 20.08, -2948.76, 20.00, 4.63, 11.67, 5.63, 17.83, 101.31, 36.14, -77.45, 55.82, 0, 0
2.00, 5.70, 20.44, 20.44, -1926.90, 20.00, 4.63, 13.89, 7.84, 116.99, 167.68, 50.25, -64.58, 45.07, 0, 0
2.00, 5.70, 20.91, 20.91, -963.62, 20.00, 4.63, 15.56, 9.43, 121.44, 205.82, 64.68, -47.24, 35.63, 0, 0
2.00, 5.70, 21.28, 21.28, -487.27, 20.00, 4.63, 16.67, 10.55, 38.33, 214.46, 79.23, -22.64, 29.06, 0, 0
2.00, 5.70, 21.39, 21.39, -597.53, 20.00, 4.63, 16.67, 10.55, 0.00, 128.61, 0.00, 8.27, 27.61, 0, 0
2.00, 5.70, 21.48, 21.48, -474.32, 20.00, 4.63, 16.67, 10.55, 0.00, 149.75, 0.00, 36.56, 32.01, 0, 0
2.00, 5.70, 21.42, 21.42, -821.91, 20.00, 4.63, 16.11, 9.92, 0.00, 86.41, 0.00, 57.05, 40.34, 0, 0
2.00, 5.70, 21.43, 21.43, -723.72, 20.00, 4.63, 16.11, 9.92, 0.00, 105.53, 0.00, 71.71, 50.60, 0, 0
2.00, 5.70, 21.45, 21.45, -676.03, 20.00, 4.63, 16.11, 9.92, 0.00, 104.87, 0.00, 83.18, 61.69, 0, 0
2.00, 5.70, 21.38, 21.38, -923.79, 20.00, 4.63, 15.56, 9.43, 0.00, 63.81, 0.00, 93.15, 73.05, 0, 0
2.00, 5.70, 21.22, 21.22, -1335.90, 20.00, 4.63, 14.44, 8.46, 0.00, 22.63, 0.00, 102.64, 84.30, 0, 0
2.00, 5.70, 21.05, 21.05, -1601.92, 20.00, 4.63, 13.89, 7.84, 0.00, 1.89, 0.00, 0.00, 90.00, 0, 0
2.00, 5.70, 20.91, 20.91, -1781.65, 20.00, 4.63, 13.33, 7.22, 0.00, 0.00, 0.00, 0.00, 90.00, 0, 0
2.00, 5.70, 20.77, 20.77, -1976.86, 20.00, 4.63, 12.22, 6.24, 0.00, 0.00, 0.00, 0.00, 90.00, 0, 0
2.00, 5.70, 20.65, 20.65, -2132.75, 20.00, 4.63, 11.67, 5.63, 0.00, 0.00, 0.00, 0.00, 90.00, 0, 0
2.00, 5.70, 20.53, 20.53, -2281.96, 20.00, 4.63, 11.11, 5.01, 0.00, 0.00, 0.00, 0.00, 90.00, 0, 0
2.00, 5.70, 20.41, 20.41, -2467.34, 20.00, 4.63, 10.00, 3.91, 0.00, 0.00, 0.00, 0.00, 90.00, 0, 0
2.00, 5.70, 20.29, 20.29, -2621.51, 20.00, 4.63, 9.44, 3.29, 0.00, 0.00, 0.00, 0.00, 90.00, 0, 0
2.00, 5.70, 20.17, 20.17, -2773.70, 20.00, 4.63, 8.89, 2.68, 0.00, 0.00, 0.00, 0.00, 90.00, 0, 0
2.00, 5.70, 20.05, 20.05, -2925.35, 20.00, 4.63, 8.33, 2.20, 0.00, 0.00, 0.00, 0.00, 90.00, 0, 0
2.00, 5.70, 20.00, 20.00, -4439.07, 20.00, 4.63, 7.22, 1.10, 0.00, 0.00, 0.00, 0.00, 90.00, 0, 0
2.00, 5.70, 20.00, 20.00, -4327.72, 20.00, 4.63, 7.78, 1.71, 0.00, 9.43, 0.00, -107.45, 89.28, 0, 0
2.00, 5.70, 20.33, 20.33, -2002.93, 20.00, 4.63, 9.44, 3.29, 198.80, 39.49, 14.18, -97.91, 78.20, 0, 0
2.00, 5.70, 20.12, 20.12, -3136.81, 20.00, 4.63, 10.56, 4.52, 46.41, 73.10, 23.15, -90.00, 66.85, 0, 0
2.00, 5.70, 20.00, 20.00, -3318.20, 20.00, 4.63, 11.11, 5.01, 2.54, 80.19, 36.29, -77.72, 55.57, 0, 0
2.00, 5.70, 20.06, 20.06, -2805.02, 20.00, 4.63, 12.22, 6.11, 30.19, 145.47, 50.36, -64.87, 44.81, 0, 0
2.00, 5.70, 20.21, 20.21, -2397.65, 20.00, 4.63, 13.33, 7.22, 16.14, 171.32, 64.76, -47.51, 35.34, 0, 0
2.00, 5.70, 20.43, 20.43, -1902.66, 20.00, 4.63, 14.44, 8.32, 9.38, 194.83, 79.29, -22.76, 28.73, 0, 0
2.00, 5.70, 20.87, 20.87, -672.59, 20.00, 4.63, 15.56, 9.43, 0.00, 219.37, 0.00, 8.44, 27.28, 0, 0
2.00, 5.70, 21.38, 21.38, 213.13, 20.00, 4.63, 17.22, 11.03, 0.00, 205.27, 0.00, 36.92, 31.73, 0, 0
2.00, 5.70, 21.63, 21.63, 185.98, 20.00, 4.63, 17.78, 11.51, 0.00, 190.16, 0.00, 57.44, 40.12, 0, 0
2.00, 5.70, 21.72, 21.72, 66.45, 20.00, 4.63, 18.33, 11.99, 0.00, 157.94, 0.00, 72.07, 50.41, 0, 0
2.00, 5.70, 21.73, 21.73, -80.16, 20.00, 4.63, 17.78, 11.51, 0.00, 104.97, 0.00, 83.51, 61.52, 0, 0
2.00, 5.70, 21.63, 21.63, -429.98, 20.00, 4.63, 17.22, 11.03, 0.00, 56.28, 0.00, 93.44, 72.87, 0, 0
2.00, 5.70, 21.42, 21.42, -939.61, 20.00, 4.63, 16.11, 9.92, 0.00, 41.48, 0.00, 102.92, 84.12, 0, 0
2.00, 5.70, 21.19, 21.19, -1328.95, 20.00, 4.63, 15.00, 8.81, 0.00, 5.66, 0.00, 0.00, 90.00, 0, 0
2.00, 5.70, 21.00, 21.00, -1593.27, 20.00, 4.63, 13.89, 7.70, 0.00, 0.00, 0.00, 0.00, 90.00, 0, 0
2.00, 5.70, 20.83, 20.83, -1816.26, 20.00, 4.63, 12.78, 6.59, 0.00, 0.00, 0.00, 0.00, 90.00, 0, 0
2.00, 5.70, 20.67, 20.67, -2027.84, 20.00, 4.63, 11.67, 5.49, 0.00, 0.00, 0.00, 0.00, 90.00, 0, 0
2.00, 5.70, 20.52, 20.52, -2235.25, 20.00, 4.63, 10.56, 4.25, 0.00, 0.00, 0.00, 0.00, 90.00, 0, 0
2.00, 5.70, 20.38, 20.38, -2442.37, 20.00, 4.63, 9.44, 3.15, 0.00, 0.00, 0.00, 0.00, 90.00, 0, 0
2.00, 5.70, 20.23, 20.23, -2651.67, 20.00, 4.63, 8.33, 2.06, 0.00, 0.00, 0.00, 0.00, 90.00, 0, 0
2.00, 5.70, 20.08, 20.08, -2864.58, 20.00, 4.63, 7.22, 0.97, 0.00, 0.00, 0.00, 0.00, 90.00, 0, 0
2.00, 5.70, 19.93, 19.93, -3082.09, 20.00, 4.63, 6.11, -0.26, 0.00, 0.00, 0.00, 0.00, 90.00, 0, 0
2.00, 5.70, 20.00, 20.00, -4725.00, 20.00, 4.63, 5.56, -0.87, 0.00, 0.00, 0.00, 0.00, 90.00, 0, 0
2.00, 5.70, 20.00, 20.00, -4725.51, 20.00, 4.63, 5.56, -0.87, 0.00, 7.54, 0.00, -107.66, 89.04, 0, 0
2.00, 5.70, 20.00, 20.00, -3456.29, 20.00, 4.63, 6.67, 0.36, 106.89, 45.12, 14.50, -98.14, 77.96, 0, 0
2.00, 5.70, 20.00, 20.00, -3080.84, 20.00, 4.63, 8.33, 2.06, 127.40, 93.29, 23.38, -90.00, 66.62, 0, 0
2.00, 5.70, 20.16, 20.16, -2424.60, 20.00, 4.63, 10.56, 4.25, 205.56, 138.92, 36.44, -77.99, 55.33, 0, 0
2.00, 5.70, 20.34, 20.34, -2070.02, 20.00, 4.63, 12.22, 5.82, 228.92, 179.93, 50.46, -65.15, 44.55, 0, 0
2.00, 5.70, 20.58, 20.58, -1584.43, 20.00, 4.63, 13.89, 7.39, 97.93, 204.19, 64.83, -47.78, 35.05, 0, 0
2.00, 5.70, 20.76, 20.76, -1356.88, 20.00, 4.63, 14.44, 8.03, 28.01, 212.84, 79.34, -22.88, 28.40, 0, 0
2.00, 5.70, 21.24, 21.24, -5.75, 20.00, 4.63, 16.11, 9.61, 0.00, 229.85, 0.00, 8.62, 26.96, 0, 0
2.00, 5.70, 21.65, 21.65, 498.45, 20.00, 4.63, 16.67, 10.08, 0.00, 213.68, 0.00, 37.28, 31.47, 0, 0
2.00, 5.70, 21.91, 21.91, 649.49, 20.00, 4.63, 17.22, 10.72, 0.00, 192.14, 0.00, 57.82, 39.90, 0, 0
2.00, 5.70, 21.86, 21.86, 77.60, 20.00, 4.63, 17.22, 10.54, 0.00, 143.55, 0.00, 72.42, 50.22, 0, 0
2.00, 5.70, 21.70, 21.70, -380.11, 20.00, 4.63, 16.11, 9.61, 0.00, 100.74, 0.00, 83.82, 61.34, 0, 0
2.00, 5.70, 21.56, 21.56, -602.15, 20.00, 4.63, 15.56, 8.97, 0.00, 61.27, 0.00, 93.74, 72.70, 0, 0
2.00, 5.70, 21.34, 21.34, -1069.61, 20.00, 4.63, 14.44, 7.86, 0.00, 33.94, 0.00, 103.20, 83.94, 0, 0
2.00, 5.70, 21.10, 21.10, -1485.26, 20.00, 4.63, 12.78, 6.29, 0.00, 3.77, 0.00, 0.00, 90.00, 0, 0
2.00, 5.70, 20.89, 20.89, -1758.96, 20.00, 4.63, 11.67, 5.03, 0.00, 0.00, 0.00, 0.00, 90.00, 0, 0
2.00, 5.70, 20.70, 20.70, -2037.63, 20.00, 4.63, 10.00, 3.47, 0.00, 0.00, 0.00, 0.00, 90.00, 0, 0
2.00, 5.70, 20.52, 20.52, -2275.49, 20.00, 4.63, 8.89, 2.22, 0.00, 0.00, 0.00, 0.00, 90.00, 0, 0
2.00, 5.70, 20.34, 20.34, -2546.70, 20.00, 4.63, 7.22, 0.51, 0.00, 0.00, 0.00, 0.00, 90.00, 0, 0
2.00, 5.70, 20.17, 20.17, -2786.12, 20.00, 4.63, 6.11, -0.57, 0.00, 0.00, 0.00, 0.00, 90.00, 0, 0
2.00, 5.70, 19.98, 19.98, -3064.53, 20.00, 4.63, 4.44, -2.26, 0.00, 0.00, 0.00, 0.00, 90.00, 0, 0
2.00, 5.70, 19.80, 19.80, -3314.16, 20.00, 4.63, 3.33, -3.33, 0.00, 0.00, 0.00, 0.00, 90.00, 0, 0
2.00, 5.70, 19.60, 19.60, -3604.74, 20.00, 4.63, 1.67, -5.00, 0.00, 0.00, 0.00, 0.00, 90.00, 0, 0
2.00, 5.70, 20.00, 20.00, -3427.59, 20.00, 4.63, 0.56, -6.22, 0.00, 0.00, 0.00, 0.00, 90.00, 0, 0
2.00, 5.70, 20.00, 20.00, -3399.91, 20.00, 4.63, 1.11, -5.77, 0.00, 16.97, 0.00, -107.88, 88.79, 0, 0
2.00, 5.70, 20.98, 20.98, 323.50, 20.00, 4.63, 2.22, -4.55, 353.76, 40.52, 14.82, -98.37, 77.73, 0, 0
2.00, 5.70, 21.61, 21.61, 795.62, 20.00, 4.63, 4.44, -2.26, 456.69, 81.75, 23.61, -90.00, 66.39, 0, 0
2.00, 5.70, 21.60, 21.60, -230.23, 20.00, 4.63, 6.11, -0.57, 362.22, 131.88, 36.59, -78.26, 55.10, 0, 0
2.00, 5.70, 21.52, 21.52, -459.18, 20.00, 4.63, 8.33, 1.59, 396.72, 162.39, 50.57, -65.44, 44.29, 0, 0
2.00, 5.70, 21.71, 21.71, 167.19, 20.00, 4.63, 10.56, 3.76, 313.02, 186.87, 64.91, -48.05, 34.76, 0, 0
2.00, 5.70, 21.91, 21.91, 477.23, 20.00, 4.63, 12.22, 5.31, 116.70, 210.25, 79.39, -23.01, 28.09, 0, 0
2.00, 5.70, 22.15, 22.15, 873.47, 20.00, 4.63, 13.33, 6.40, 0.00, 214.64, 0.00, 8.78, 26.65, 0, 0
2.00, 5.70, 22.31, 22.31, 941.54, 20.00, 4.63, 13.89, 6.86, 0.00, 206.25, 0.00, 37.64, 31.20, 0, 0
2.00, 5.70, 22.40, 22.40, 942.30, 20.00, 4.63, 13.89, 7.04, 0.00, 177.35, 0.00, 58.20, 39.68, 0, 0
2.00, 5.70, 22.35, 22.35, 615.89, 20.00, 4.63, 13.89, 7.04, 0.00, 149.42, 0.00, 72.76, 50.03, 0, 0
2.00, 5.70, 22.21, 22.21, 208.01, 20.00, 4.63, 13.33, 6.40, 0.00, 102.21, 0.00, 84.14, 61.17, 0, 0
2.00, 5.70, 21.94, 21.94, -433.36, 20.00, 4.63, 12.22, 5.31, 0.00, 62.28, 0.00, 94.02, 72.53, 0, 0
2.00, 5.70, 21.59, 21.59, -1088.70, 20.00, 4.63, 10.56, 3.59, 0.00, 32.05, 0.00, 103.47, 83.76, 0, 0
2.00, 5.70, 21.27, 21.27, -1583.69, 20.00, 4.63, 8.89, 2.05, 0.00, 3.77, 0.00, 0.00, 90.00, 0, 0
2.00, 5.70, 20.99, 20.99, -1924.26, 20.00, 4.63, 7.78, 0.97, 0.00, 0.00, 0.00, 0.00, 90.00, 0, 0
2.00, 5.70, 20.76, 20.76, -2219.32, 20.00, 4.63, 6.67, -0.11, 0.00, 0.00, 0.00, 0.00, 90.00, 0, 0
2.00, 5.70, 20.54, 20.54, -2496.44, 20.00, 4.63, 5.56, -1.35, 0.00, 0.00, 0.00, 0.00, 90.00, 0, 0
2.00, 5.70, 20.34, 20.34, -2764.50, 20.00, 4.63, 4.44, -2.42, 0.00, 0.00, 0.00, 0.00, 90.00, 0, 0
2.00, 5.70, 20.15, 20.15, -3028.88, 20.00, 4.63, 3.33, -3.48, 0.00, 0.00, 0.00, 0.00, 90.00, 0, 0
2.00, 5.70, 19.96, 19.96, -3252.99, 20.00, 4.63, 2.78, -4.10, 0.00, 0.00, 0.00, 0.00, 90.00, 0, 0
2.00, 5.70, 19.78, 19.78, -3508.97, 20.00, 4.63, 1.67, -5.16, 0.00, 0.00, 0.00, 0.00, 90.00, 0, 0
2.00, 5.70, 19.60, 19.60, -3729.82, 20.00, 4.63, 1.11, -5.77, 0.00, 0.00, 0.00, 0.00, 90.00, 0, 0
2.00, 5.70, 20.00, 20.00, -5826.93, 20.00, 4.63, 0.00, -6.84, 0.00, 0.00, 0.00, 0.00, 90.00, 0, 0
2.00, 5.70, 20.00, 20.00, -5727.08, 20.00, 4.63, 0.56, -6.39, 0.00, 11.31, 0.00, -108.09, 88.55, 0, 0
2.00, 5.70, 20.89, 20.89, -263.70, 20.00, 4.63, 1.67, -5.00, 538.99, 36.06, 15.14, -98.60, 77.50, 0, 0
2.00, 5.70, 20.95, 20.95, -1373.12, 20.00, 4.63, 3.89, -2.87, 441.47, 84.03, 23.84, -90.00, 66.16, 0, 0
2.00, 5.70, 20.87, 20.87, -1740.70, 20.00, 4.63, 5.56, -1.19, 508.19, 120.27, 36.73, -78.53, 54.86, 0, 0
2.00, 5.70, 20.66, 20.66, -2274.15, 20.00, 4.63, 7.22, 0.51, 417.85, 160.36, 50.67, -65.73, 44.04, 0, 0
2.00, 5.70, 20.80, 20.80, -1536.44, 20.00, 4.63, 9.44, 2.67, 285.48, 190.97, 64.98, -48.33, 34.48, 0, 0
2.00, 5.70, 21.06, 21.06, -897.47, 20.00, 4.63, 10.56, 3.93, 136.37, 208.01, 79.45, -23.15, 27.77, 0, 0
2.00, 5.70, 21.71, 21.71, 817.86, 20.00, 4.63, 11.67, 5.03, 0.00, 206.74, 0.00, 8.95, 26.34, 0, 0
2.00, 5.70, 22.09, 22.09, 975.16, 20.00, 4.63, 12.22, 5.49, 0.00, 198.90, 0.00, 38.00, 30.94, 0, 0
2.00, 5.70, 22.30, 22.30, 996.01, 20.00, 4.63, 12.78, 6.12, 0.00, 173.80, 0.00, 58.57, 39.47, 0, 0
2.00, 5.70, 22.28, 22.28, 604.45, 20.00, 4.63, 12.22, 5.66, 0.00, 147.21, 0.00, 73.11, 49.85, 0, 0
2.00, 5.70, 22.14, 22.14, 150.50, 20.00, 4.63, 11.67, 5.03, 0.00, 104.57, 0.00, 84.45, 61.00, 0, 0
2.00, 5.70, 21.86, 21.86, -511.13, 20.00, 4.63, 10.56, 3.93, 0.00, 63.22, 0.00, 94.31, 72.36, 0, 0
2.00, 5.70, 21.51, 21.51, -1190.03, 20.00, 4.63, 8.89, 2.38, 0.00, 28.28, 0.00, 103.74, 83.58, 0, 0
2.00, 5.70, 21.19, 21.19, -1656.85, 20.00, 4.63, 7.78, 1.29, 0.00, 1.89, 0.00, 0.00, 90.00, 0, 0
2.00, 5.70, 20.94, 20.94, -1917.35, 20.00, 4.63, 7.78, 1.29, 0.00, 0.00, 0.00, 0.00, 90.00, 0, 0
2.00, 5.70, 20.74, 20.74, -2162.42, 20.00, 4.63, 7.22, 0.83, 0.00, 0.00, 0.00, 0.00, 90.00, 0, 0
2.00, 5.70, 20.56, 20.56, -2386.26, 20.00, 4.63, 6.67, 0.21, 0.00, 0.00, 0.00, 0.00, 90.00, 0, 0
2.00, 5.70, 20.39, 20.39, -2597.27, 20.00, 4.63, 6.11, -0.26, 0.00, 0.00, 0.00, 0.00, 90.00, 0, 0
2.00, 5.70, 20.26, 20.26, -2721.44, 20.00, 4.63, 6.67, 0.21, 0.00, 0.00, 0.00, 0.00, 90.00, 0, 0
2.00, 5.70, 20.14, 20.14, -2862.06, 20.00, 4.63, 6.67, 0.21, 0.00, 0.00, 0.00, 0.00, 90.00, 0, 0
2.00, 5.70, 20.04, 20.04, -2955.45, 20.00, 4.63, 7.22, 0.67, 0.00, 0.00, 0.00, 0.00, 90.00, 0, 0
2.00, 5.70, 19.96, 19.96, -3033.52, 20.00, 4.63, 7.78, 1.29, 0.00, 0.00, 0.00, 0.00, 90.00, 0, 0
2.00, 5.70, 20.00, 20.00, -4284.95, 20.00, 4.63, 7.78, 1.29, 0.00, 0.00, 0.00, 0.00, 90.00, 0, 0
2.00, 5.70, 20.00, 20.00, -4160.61, 20.00, 4.63, 8.33, 1.91, 0.00, 13.20, 0.00, -108.30, 88.32, 0, 0
2.00, 5.70, 20.00, 20.00, -3959.92, 20.00, 4.63, 8.89, 2.53, 6.08, 31.36, 15.45, -98.83, 77.27, 0, 0
2.00, 5.70, 20.00, 20.00, -3933.87, 20.00, 4.63, 9.44, 3.00, 0.00, 28.28, 24.06, -90.00, 65.94, 0, 0
2.00, 5.70, 20.00, 20.00, -3849.18, 20.00, 4.63, 9.44, 3.15, 0.00, 54.68, 36.87, -78.80, 54.64, 0, 0
2.00, 5.70, 20.00, 20.00, -3106.45, 20.00, 4.63, 11.11, 4.72, 51.87, 145.93, 50.77, -66.02, 43.80, 0, 0
2.00, 5.70, 20.35, 20.35, -1840.28, 20.00, 4.63, 13.33, 6.92, 146.35, 213.70, 65.06, -48.61, 34.21, 0, 0
2.00, 5.70, 20.81, 20.81, -919.79, 20.00, 4.63, 15.00, 8.66, 80.53, 233.20, 79.49, -23.29, 27.46, 0, 0
2.00, 5.70, 21.26, 21.26, -65.50, 20.00, 4.63, 16.11, 9.77, 0.00, 239.04, 0.00, 9.11, 26.03, 0, 0
2.00, 5.70, 21.38, 21.38, -370.04, 20.00, 4.63, 16.67, 10.24, 0.00, 193.33, 0.00, 38.35, 30.68, 0, 0
2.00, 5.70, 21.28, 21.28, -867.07, 20.00, 4.63, 16.11, 9.77, 0.00, 117.16, 0.00, 58.95, 39.26, 0, 0
2.00, 5.70, 21.23, 21.23, -914.31, 20.00, 4.63, 16.11, 9.77, 0.00, 119.23, 0.00, 73.44, 49.67, 0, 0
2.00, 5.70, 21.15, 21.15, -1075.16, 20.00, 4.63, 15.56, 9.29, 0.00, 98.71, 0.00, 84.75, 60.83, 0, 0
2.00, 5.70, 21.07, 21.07, -1222.29, 20.00, 4.63, 15.00, 8.81, 0.00, 66.45, 0.00, 94.59, 72.19, 0, 0
2.00, 5.70, 20.93, 20.93, -1552.24, 20.00, 4.63, 14.44, 8.32, 0.00, 39.60, 0.00, 104.00, 83.40, 0, 0
2.00, 5.70, 20.75, 20.75, -1860.20, 20.00, 4.63, 13.89, 7.84, 0.00, 5.66, 0.00, 0.00, 90.00, 0, 0
2.00, 5.70, 20.60, 20.60, -2055.88, 20.00, 4.63, 13.33, 7.35, 0.00, 0.00, 0.00, 0.00, 90.00, 0, 0
2.00, 5.70, 20.49, 20.49, -2173.57, 20.00, 4.63, 13.33, 7.22, 0.00, 0.00, 0.00, 0.00, 90.00, 0, 0
2.00, 5.70, 20.38, 20.38, -2309.78, 20.00, 4.63, 12.78, 6.73, 0.00, 0.00, 0.00, 0.00, 90.00, 0, 0
2.00, 5.70, 20.30, 20.30, -2403.14, 20.00, 4.63, 12.78, 6.73, 0.00, 0.00, 0.00, 0.00, 90.00, 0, 0
2.00, 5.70, 20.21, 20.21, -2525.44, 20.00, 4.63, 12.22, 6.11, 0.00, 0.00, 0.00, 0.00, 90.00, 0, 0
2.00, 5.70, 20.12, 20.12, -2649.96, 20.00, 4.63, 11.67, 5.49, 0.00, 0.00, 0.00, 0.00, 90.00, 0, 0
2.00, 5.70, 20.02, 20.02, -2776.48, 20.00, 4.63, 11.11, 5.01, 0.00, 0.00, 0.00, 0.00, 90.00, 0, 0
2.00, 5.70, 19.93, 19.93, -2905.16, 20.00, 4.63, 10.56, 4.39, 0.00, 0.00, 0.00, 0.00, 90.00, 0, 0
2.00, 5.70, 20.00, 20.00, -3956.44, 20.00, 4.63, 10.00, 3.91, 0.00, 0.00, 0.00, 0.00, 90.00, 0, 0
2.00, 5.70, 20.00, 20.00, -3828.59, 20.00, 4.63, 10.56, 4.52, 0.00, 11.31, 0.00, -108.51, 88.09, 0, 0
2.00, 5.70, 20.78, 20.78, -438.01, 20.00, 4.63, 11.67, 5.75, 306.64, 47.47, 15.76, -99.05, 77.05, 0, 0
2.00, 5.70, 20.64, 20.64, -2016.38, 20.00, 4.63, 12.78, 6.86, 97.77, 87.44, 24.28, -90.00, 65.72, 0, 0
2.00, 5.70, 20.42, 20.42, -2524.36, 20.00, 4.63, 13.33, 7.48, 15.11, 90.69, 37.01, -79.07, 54.42, 0, 0
2.00, 5.70, 20.51, 20.51, -1909.60, 20.00, 4.63, 14.44, 8.59, 63.71, 165.39, 50.87, -66.31, 43.56, 0, 0
2.00, 5.70, 20.89, 20.89, -862.86, 20.00, 4.63, 16.11, 10.19, 119.43, 214.76, 65.12, -48.89, 33.94, 0, 0
2.00, 5.70, 21.25, 21.25, -298.41, 20.00, 4.63, 17.22, 11.31, 41.80, 235.65, 79.54, -23.44, 27.16, 0, 0
2.00, 5.70, 21.64, 21.64, 460.91, 20.00, 4.63, 18.33, 12.43, 0.00, 244.30, 0.00, 9.27, 25.72, 0, 0
2.00, 5.70, 21.94, 21.94, 768.01, 20.00, 4.63, 19.44, 13.41, 0.00, 229.74, 0.00, 38.70, 30.43, 0, 0
2.00, 5.70, 22.05, 22.05, 619.06, 20.00, 4.63, 19.44, 13.41, 0.00, 204.77, 0.00, 59.31, 39.05, 0, 0
2.00, 5.70, 22.09, 22.09, 508.81, 20.00, 4.63, 19.44, 13.41, 0.00, 164.53, 0.00, 73.78, 49.49, 0, 0
2.00, 5.70, 21.98, 21.98, 92.98, 20.00, 4.63, 18.89, 12.92, 0.00, 112.28, 0.00, 85.05, 60.66, 0, 0
2.00, 5.70, 21.83, 21.83, -262.44, 20.00, 4.63, 18.33, 12.29, 0.00, 66.07, 0.00, 94.86, 72.02, 0, 0
2.00, 5.70, 21.64, 21.64, -624.65, 20.00, 4.63, 17.22, 11.31, 0.00, 39.60, 0.00, 104.26, 83.22, 0, 0
2.00, 5.70, 21.45, 21.45, -946.12, 20.00, 4.63, 16.67, 10.68, 0.00, 7.54, 0.00, 0.00, 90.00, 0, 0
2.00, 5.70, 21.27, 21.27, -1199.68, 20.00, 4.63, 15.56, 9.57, 0.00, 0.00, 0.00, 0.00, 90.00, 0, 0
2.00, 5.70, 21.13, 21.13, -1371.54, 20.00, 4.63, 15.00, 9.08, 0.00, 0.00, 0.00, 0.00, 90.00, 0, 0
2.00, 5.70, 21.00, 21.00, -1564.96, 20.00, 4.63, 13.89, 7.97, 0.00, 0.00, 0.00, 0.00, 90.00, 0, 0
2.00, 5.70, 20.89, 20.89, -1718.82, 20.00, 4.63, 13.33, 7.35, 0.00, 0.00, 0.00, 0.00, 90.00, 0, 0
2.00, 5.70, 20.78, 20.78, -1865.71, 20.00, 4.63, 12.78, 6.73, 0.00, 0.00, 0.00, 0.00, 90.00, 0, 0
2.00, 5.70, 20.67, 20.67, -2009.19, 20.00, 4.63, 12.22, 6.11, 0.00, 0.00, 0.00, 0.00, 90.00, 0, 0
2.00, 5.70, 20.56, 20.56, -2190.51, 20.00, 4.63, 11.11, 5.14, 0.00, 0.00, 0.00, 0.00, 90.00, 0, 0
2.00, 5.70, 20.45, 20.45, -2341.72, 20.00, 4.63, 10.56, 4.52, 0.00, 0.00, 0.00, 0.00, 90.00, 0, 0
2.00, 5.70, 20.02, 20.02, -3718.20, 20.00, 4.63, 10.00, 3.91, 0.00, 0.00, 0.00, 0.00, 90.00, 0, 0
2.00, 5.70, 20.00, 20.00, -3764.92, 20.00, 4.63, 10.00, 4.04, 0.00, 3.77, 18.84, -108.72, 87.86, 0, 0
2.00, 5.70, 21.30, 21.30, 997.04, 20.00, 4.63, 11.67, 5.63, 424.41, 38.62, 16.06, -99.28, 76.84, 0, 0
2.00, 5.70, 21.75, 21.75, 483.93, 20.00, 4.63, 13.33, 7.35, 358.85, 94.10, 24.49, -90.00, 65.51, 0, 0
2.00, 5.70, 21.60, 21.60, -691.71, 20.00, 4.63, 14.44, 8.46, 135.78, 139.02, 37.15, -79.34, 54.20, 0, 0
2.00, 5.70, 21.53, 21.53, -718.06, 20.00, 4.63, 15.56, 9.43, 47.68, 174.37, 50.97, -66.60, 43.33, 0, 0
2.00, 5.70, 21.73, 21.73, -16.79, 20.00, 4.63, 16.67, 10.55, 91.33, 209.75, 65.19, -49.17, 33.68, 0, 0
2.00, 5.70, 22.23, 22.23, 1252.11, 20.00, 4.63, 18.33, 12.15, 101.51, 228.00, 79.59, -23.59, 26.86, 0, 0
2.00, 5.70, 22.48, 22.48, 1246.39, 20.00, 4.63, 18.89, 12.78, 0.00, 227.50, 0.00, 9.43, 25.43, 0, 0
2.00, 5.70, 22.53, 22.53, 973.48, 20.00, 4.63, 19.44, 13.11, 0.00, 192.90, 0.00, 39.05, 30.17, 0, 0
2.00, 5.70, 22.34, 22.34, 296.44, 20.00, 4.63, 18.33, 12.15, 0.00, 86.28, 0.00, 59.67, 38.85, 0, 0
2.00, 5.70, 22.27, 22.27, 315.21, 20.00, 4.63, 17.78, 11.51, 0.00, 113.58, 0.00, 74.11, 49.31, 0, 0
2.00, 5.70, 22.29, 22.29, 450.90, 20.00, 4.63, 17.78, 11.51, 0.00, 113.56, 0.00, 85.34, 60.49, 0, 0
2.00, 5.70, 22.21, 22.21, 139.67, 20.00, 4.63, 17.22, 11.03, 0.00, 72.24, 0.00, 95.13, 71.85, 0, 0
2.00, 5.70, 22.03, 22.03, -296.32, 20.00, 4.63, 16.11, 9.92, 0.00, 41.48, 0.00, 104.51, 83.05, 0, 0
2.00, 5.70, 21.84, 21.84, -644.88, 20.00, 4.63, 15.56, 9.29, 0.00, 5.66, 0.00, 0.00, 90.00, 0, 0
2.00, 5.70, 21.66, 21.66, -906.22, 20.00, 4.63, 14.44, 8.18, 0.00, 0.00, 0.00, 0.00, 90.00, 0, 0
2.00, 5.70, 21.50, 21.50, -1132.58, 20.00, 4.63, 13.33, 7.07, 0.00, 0.00, 0.00, 0.00, 90.00, 0, 0
2.00, 5.70, 21.35, 21.35, -1351.10, 20.00, 4.63, 12.22, 5.97, 0.00, 0.00, 0.00, 0.00, 90.00, 0, 0
2.00, 5.70, 21.20, 21.20, -1567.22, 20.00, 4.63, 11.11, 4.87, 0.00, 0.00, 0.00, 0.00, 90.00, 0, 0
2.00, 5.70, 21.06, 21.06, -1744.78, 20.00, 4.63, 10.56, 4.25, 0.00, 0.00, 0.00, 0.00, 90.00, 0, 0
2.00, 5.70, 20.92, 20.92, -1955.07, 20.00, 4.63, 9.44, 3.15, 0.00, 0.00, 0.00, 0.00, 90.00, 0, 0
2.00, 5.70, 20.78, 20.78, -2171.16, 20.00, 4.63, 8.33, 2.06, 0.00, 0.00, 0.00, 0.00, 90.00, 0, 0
2.00, 5.70, 20.62, 20.62, -2392.81, 20.00, 4.63, 7.22, 0.97, 0.00, 0.00, 0.00, 0.00, 90.00, 0, 0
2.00, 5.70, 20.00, 20.00, -4426.55, 20.00, 4.63, 6.11, -0.26, 0.00, 0.00, 0.00, 0.00, 90.00, 0, 0
2.00, 5.70, 20.00, 20.00, -4439.87, 20.00, 4.63, 6.11, -0.26, 0.00, 9.43, 19.07, -108.92, 87.64, 0, 0
2.00, 5.70, 20.29, 20.29, -2389.83, 20.00, 4.63, 7.78, 1.44, 175.56, 48.73, 16.35, -99.50, 76.63, 0, 0
2.00, 5.70, 21.02, 21.02, -517.52, 20.00, 4.63, 9.44, 3.15, 421.32, 92.24, 24.69, -90.00, 65.31, 0, 0
2.00, 5.70, 21.62, 21.62, 304.24, 20.00, 4.63, 12.22, 5.97, 647.56, 112.83, 37.28, -79.60, 53.99, 0, 0
2.00, 5.70, 21.87, 21.87, 167.56, 20.00, 4.63, 14.44, 8.18, 608.68, 125.52, 51.06, -66.89, 43.10, 0, 0
2.00, 5.70, 22.33, 22.33, 1222.56, 20.00, 4.63, 16.67, 10.24, 426.47, 142.87, 65.26, -49.46, 33.42, 0, 0
2.00, 5.70, 22.85, 22.85, 2147.42, 20.00, 4.63, 18.33, 11.99, 191.98, 150.00, 79.63, -23.74, 26.57, 0, 0
2.00, 5.70, 23.41, 23.41, 2953.56, 20.00, 4.63, 20.00, 13.59, 0.00, 162.14, 0.00, 9.58, 25.13, 0, 0
2.00, 5.70, 23.77, 23.77, 3148.74, 20.00, 4.63, 20.56, 14.07, 0.00, 158.79, 0.00, 39.40, 29.93, 0, 0
2.00, 5.70, 23.99, 23.99, 3213.78, 20.00, 4.63, 21.11, 14.71, 0.00, 128.17, 0.00, 60.03, 38.64, 0, 0
2.00, 5.70, 24.07, 24.07, 3034.55, 20.00, 4.63, 21.11, 14.71, 0.00, 100.22, 0.00, 74.43, 49.13, 0, 0
2.00, 5.70, 23.97, 23.97, 2546.33, 20.00, 4.63, 20.56, 14.07, 0.00, 89.18, 0.00, 85.63, 60.33, 0, 0
2.00, 5.70, 23.71, 23.71, 1821.34, 20.00, 4.63, 19.44, 13.11, 0.00, 61.57, 0.00, 95.40, 71.69, 0, 0
2.00, 5.70, 23.37, 23.37, 1138.47, 20.00, 4.63, 17.78, 11.36, 0.00, 25.29, 0.00, 104.76, 82.87, 0, 0
2.00, 5.70, 23.06, 23.06, 640.84, 20.00, 4.63, 16.67, 10.40, 0.00, 5.66, 0.00, 0.00, 90.00, 0, 0
2.00, 5.70, 22.80, 22.80, 303.40, 20.00, 4.63, 15.56, 9.29, 0.00, 0.00, 0.00, 0.00, 90.00, 0, 0
2.00, 5.70, 22.59, 22.59, 22.67, 20.00, 4.63, 14.44, 8.18, 0.00, 0.00, 0.00, 0.00, 90.00, 0, 0
2.00, 5.70, 22.40, 22.40, -236.39, 20.00, 4.63, 13.33, 6.92, 0.00, 0.00, 0.00, 0.00, 90.00, 0, 0
2.00, 5.70, 22.22, 22.22, -522.82, 20.00, 4.63, 11.67, 5.35, 0.00, 0.00, 0.00, 0.00, 90.00, 0, 0
2.00, 5.70, 22.06, 22.06, -734.23, 20.00, 4.63, 11.11, 4.72, 0.00, 0.00, 0.00, 0.00, 90.00, 0, 0
2.00, 5.70, 21.90, 21.90, -971.70, 20.00, 4.63, 10.00, 3.63, 0.00, 0.00, 0.00, 0.00, 90.00, 0, 0
2.00, 5.70, 21.75, 21.75, -1171.13, 20.00, 4.63, 9.44, 3.00, 0.00, 0.00, 0.00, 0.00, 90.00, 0, 0
2.00, 5.70, 21.59, 21.59, -1403.28, 20.00, 4.63, 8.33, 1.91, 0.00, 0.00, 0.00, 0.00, 90.00, 0, 0
2.00, 5.70, 20.89, 20.89, -3448.03, 20.00, 4.63, 7.22, 0.97, 0.00, 0.00, 0.00, 0.00, 90.00, 0, 0
2.00, 5.70, 20.55, 20.55, -3452.58, 20.00, 4.63, 8.33, 2.06, 0.00, 24.51, 19.29, -109.13, 87.43, 0, 0
2.00, 5.70, 21.70, 21.70, 703.77, 20.00, 4.63, 10.00, 3.77, 371.76, 47.11, 16.65, -99.72, 76.42, 0, 0
2.00, 5.70, 22.89, 22.89, 2736.31, 20.00, 4.63, 12.22, 5.97, 663.86, 76.87, 24.90, -90.00, 65.10, 0, 0
2.00, 5.70, 23.31, 23.31, 2285.42, 20.00, 4.63, 14.44, 8.18, 699.02, 101.62, 37.42, -79.87, 53.78, 0, 0
2.00, 5.70, 23.45, 23.45, 2031.58, 20.00, 4.63, 16.67, 10.40, 631.22, 127.43, 51.15, -67.18, 42.88, 0, 0
2.00, 5.70, 23.87, 23.87, 3092.29, 20.00, 4.63, 18.89, 12.63, 441.26, 152.29, 65.32, -49.74, 33.17, 0, 0
2.00, 5.70, 24.34, 24.34, 3903.02, 20.00, 4.63, 20.56, 14.23, 184.47, 163.81, 79.67, -23.90, 26.28, 0, 0
2.00, 5.70, 24.81, 24.81, 4339.95, 20.00, 4.63, 21.67, 15.36, 0.00, 165.78, 0.00, 9.73, 24.84, 0, 0
2.00, 5.70, 25.12, 25.12, 4503.79, 20.00, 4.63, 22.22, 16.00, 0.00, 159.63, 0.00, 39.74, 29.68, 0, 0
2.00, 5.70, 25.32, 25.32, 4553.24, 20.00, 4.63, 22.78, 16.48, 0.00, 138.19, 0.00, 60.39, 38.45, 0, 0
2.00, 5.70, 25.36, 25.36, 4294.87, 20.00, 4.63, 22.78, 16.48, 0.00, 117.73, 0.00, 74.75, 48.96, 0, 0
2.00, 5.70, 25.23, 25.23, 3741.51, 20.00, 4.63, 22.22, 16.00, 0.00, 91.86, 0.00, 85.92, 60.16, 0, 0
2.00, 5.70, 24.95, 24.95, 3005.99, 20.00, 4.63, 20.56, 14.39, 0.00, 56.91, 0.00, 95.66, 71.52, 0, 0
2.00, 5.70, 24.60, 24.60, 2323.04, 20.00, 4.63, 18.89, 12.78, 0.00, 25.41, 0.00, 105.00, 82.70, 0, 0
2.00, 5.70, 24.28, 24.28, 1813.22, 20.00, 4.63, 17.78, 11.66, 0.00, 7.54, 0.00, 0.00, 90.00, 0, 0
2.00, 5.70, 24.03, 24.03, 1493.06, 20.00, 4.63, 17.22, 11.03, 0.00, 0.00, 0.00, 0.00, 90.00, 0, 0
2.00, 5.70, 23.82, 23.82, 1207.33, 20.00, 4.63, 16.11, 10.06, 0.00, 0.00, 0.00, 0.00, 90.00, 0, 0
2.00, 5.70, 23.63, 23.63, 942.33, 20.00, 4.63, 15.00, 8.95, 0.00, 0.00, 0.00, 0.00, 90.00, 0, 0
2.00, 5.70, 23.47, 23.47, 727.77, 20.00, 4.63, 14.44, 8.32, 0.00, 0.00, 0.00, 0.00, 90.00, 0, 0
2.00, 5.70, 23.33, 23.33, 528.07, 20.00, 4.63, 13.89, 7.70, 0.00, 0.00, 0.00, 0.00, 90.00, 0, 0
2.00, 5.70, 23.19, 23.19, 337.69, 20.00, 4.63, 13.33, 7.22, 0.00, 0.00, 0.00, 0.00, 90.00, 0, 0
2.00, 5.70, 23.07, 23.07, 152.88, 20.00, 4.63, 12.78, 6.59, 0.00, 0.00, 0.00, 0.00, 90.00, 0, 0
2.00, 5.70, 22.94, 22.94, -28.35, 20.00, 4.63, 12.22, 6.11, 0.00, 0.00, 0.00, 0.00, 90.00, 0, 0
2.00, 5.70, 22.81, 22.81, -207.46, 20.00, 4.63, 11.67, 5.63, 0.00, 0.00, 0.00, 0.00, 90.00, 0, 0
2.00, 5.70, 22.70, 22.70, -336.82, 20.00, 4.63, 11.67, 5.63, 0.00, 1.89, 19.52, -109.33, 87.22, 0, 0
2.00, 5.70, 22.63, 22.63, -386.70, 20.00, 4.63, 12.22, 6.24, 0.00, 9.43, 16.93, -99.94, 76.22, 0, 0
2.00, 5.70, 22.67, 22.67, -113.67, 20.00, 4.63, 13.33, 7.35, 2.86, 65.33, 25.09, -90.00, 64.91, 0, 0
2.00, 5.70, 22.83, 22.83, 311.57, 20.00, 4.63, 14.44, 8.46, 25.01, 120.79, 37.55, -80.13, 53.58, 0, 0
2.00, 5.70, 23.13, 23.13, 999.61, 20.00, 4.63, 16.11, 10.19, 108.62, 185.47, 51.24, -67.47, 42.67, 0, 0
2.00, 5.70, 23.45, 23.45, 1513.70, 20.00, 4.63, 17.78, 11.80, 73.59, 218.54, 65.38, -50.04, 32.92, 0, 0
2.00, 5.70, 23.55, 23.55, 1333.32, 20.00, 4.63, 18.33, 12.29, 8.46, 173.07, 79.70, -24.07, 26.00, 0, 0
2.00, 5.70, 23.63, 23.63, 1407.69, 20.00, 4.63, 18.89, 12.78, 0.00, 170.52, 0.00, 9.88, 24.56, 0, 0
2.00, 5.70, 24.00, 24.00, 2389.78, 20.00, 4.63, 20.00, 13.90, 0.00, 210.36, 0.00, 40.07, 29.44, 0, 0
2.00, 5.70, 24.25, 24.25, 2586.94, 20.00, 4.63, 20.56, 14.39, 0.00, 206.11, 0.00, 60.73, 38.25, 0, 0
2.00, 5.70, 24.39, 24.39, 2586.26, 20.00, 4.63, 21.11, 15.02, 0.00, 166.15, 0.00, 75.06, 48.79, 0, 0
2.00, 5.70, 24.30, 24.30, 2095.59, 20.00, 4.63, 20.56, 14.53, 0.00, 117.16, 0.00, 86.20, 60.00, 0, 0
2.00, 5.70, 24.09, 24.09, 1549.58, 20.00, 4.63, 20.00, 13.90, 0.00, 57.59, 0.00, 95.91, 71.36, 0, 0
2.00, 5.70, 23.85, 23.85, 1105.56, 20.00, 4.63, 18.89, 12.78, 0.00, 15.08, 0.00, 105.24, 82.53, 0, 0
2.00, 5.70, 23.65, 23.65, 837.74, 20.00, 4.63, 18.33, 12.29, 0.00, 1.89, 0.00, 0.00, 90.00, 0, 0
2.00, 5.70, 23.47, 23.47, 605.61, 20.00, 4.63, 17.22, 11.17, 0.00, 0.00, 0.00, 0.00, 90.00, 0, 0
2.00, 5.70, 23.32, 23.32, 395.06, 20.00, 4.63, 16.11, 10.06, 0.00, 0.00, 0.00, 0.00, 90.00, 0, 0
2.00, 5.70, 23.17, 23.17, 191.16, 20.00, 4.63, 15.00, 8.95, 0.00, 0.00, 0.00, 0.00, 90.00, 0, 0
2.00, 5.70, 23.03, 23.03, -11.19, 20.00, 4.63, 13.89, 7.84, 0.00, 0.00, 0.00, 0.00, 90.00, 0, 0
2.00, 5.70, 22.88, 22.88, -214.95, 20.00, 4.63, 12.78, 6.73, 0.00, 0.00, 0.00, 0.00, 90.00, 0, 0
2.00, 5.70, 22.74, 22.74, -422.00, 20.00, 4.63, 11.67, 5.49, 0.00, 0.00, 0.00, 0.00, 90.00, 0, 0
2.00, 5.70, 22.59, 22.59, -633.17, 20.00, 4.63, 10.56, 4.39, 0.00, 0.00, 0.00, 0.00, 90.00, 0, 0
2.00, 5.70, 22.44, 22.44, -849.12, 20.00, 4.63, 9.44, 3.29, 0.00, 0.00, 0.00, 0.00, 90.00, 0, 0
2.00, 5.70, 21.76, 21.76, -2729.64, 20.00, 4.63, 8.33, 2.20, 0.00, 0.00, 0.00, 0.00, 90.00, 0, 0
2.00, 5.70, 21.31, 21.31, -3072.79, 20.00, 4.63, 8.33, 2.20, 0.00, 3.77, 19.75, -109.53, 87.01, 0, 0
2.00, 5.70, 21.08, 21.08, -3085.93, 20.00, 4.63, 8.89, 2.81, 0.00, 28.28, 17.21, -100.16, 76.03, 0, 0
2.00, 5.70, 20.99, 20.99, -2934.73, 20.00, 4.63, 9.44, 3.42, 0.00, 64.11, 25.28, -90.00, 64.72, 0, 0
2.00, 5.70, 21.01, 21.01, -2678.85, 20.00, 4.63, 10.56, 4.39, 0.00, 77.31, 37.68, -80.40, 53.39, 0, 0
2.00, 5.70, 21.15, 21.15, -2214.79, 20.00, 4.63, 11.11, 5.01, 15.77, 139.70, 51.33, -67.76, 42.46, 0, 0
2.00, 5.70, 21.51, 21.51, -1254.04, 20.00, 4.63, 12.78, 6.59, 51.14, 206.84, 65.44, -50.33, 32.69, 0, 0
2.00, 5.70, 21.85, 21.85, -662.87, 20.00, 4.63, 13.89, 7.70, 23.60, 223.49, 79.74, -24.24, 25.72, 0, 0
2.00, 5.70, 22.25, 22.25, 129.97, 20.00, 4.63, 15.00, 8.81, 0.00, 183.96, 0.00, 10.02, 24.28, 0, 0
2.00, 5.70, 22.75, 22.75, 1075.48, 20.00, 4.63, 16.11, 9.77, 0.00, 214.21, 0.00, 40.41, 29.21, 0, 0
2.00, 5.70, 23.19, 23.19, 1637.13, 20.00, 4.63, 16.67, 10.40, 0.00, 183.00, 0.00, 61.08, 38.06, 0, 0
2.00, 5.70, 23.43, 23.43, 1705.78, 20.00, 4.63, 17.22, 11.03, 0.00, 145.26, 0.00, 75.37, 48.62, 0, 0
2.00, 5.70, 23.43, 23.43, 1317.52, 20.00, 4.63, 17.78, 11.51, 0.00, 112.02, 0.00, 86.47, 59.84, 0, 0
2.00, 5.70, 23.29, 23.29, 858.28, 20.00, 4.63, 17.22, 10.88, 0.00, 69.49, 0.00, 96.16, 71.20, 0, 0
2.00, 5.70, 23.05, 23.05, 318.40, 20.00, 4.63, 16.11, 9.92, 0.00, 23.93, 0.00, 105.47, 82.36, 0, 0
2.00, 5.70, 22.81, 22.81, -61.62, 20.00, 4.63, 15.00, 8.81, 0.00, 3.77, 0.00, 0.00, 90.00, 0, 0
2.00, 5.70, 22.60, 22.60, -329.68, 20.00, 4.63, 13.89, 7.70, 0.00, 0.00, 0.00, 0.00, 90.00, 0, 0
2.00, 5.70, 22.43, 22.43, -523.56, 20.00, 4.63, 13.33, 7.07, 0.00, 0.00, 0.00, 0.00, 90.00, 0, 0
2.00, 5.70, 22.27, 22.27, -736.13, 20.00, 4.63, 12.22, 5.97, 0.00, 0.00, 0.00, 0.00, 90.00, 0, 0
2.00, 5.70, 22.12, 22.12, -946.40, 20.00, 4.63, 11.11, 4.87, 0.00, 0.00, 0.00, 0.00, 90.00, 0, 0
2.00, 5.70, 21.97, 21.97, -1157.52, 20.00, 4.63, 10.00, 3.77, 0.00, 0.00, 0.00, 0.00, 90.00, 0, 0
2.00, 5.70, 21.82, 21.82, -1371.29, 20.00, 4.63, 8.89, 2.68, 0.00, 0.00, 0.00, 0.00, 90.00, 0, 0
2.00, 5.70, 21.67, 21.67, -1549.58, 20.00, 4.63, 8.33, 1.91, 0.00, 0.00, 0.00, 0.00, 90.00, 0, 0
2.00, 5.70, 21.52, 21.52, -1762.58, 20.00, 4.63, 7.22, 0.83, 0.00, 0.00, 0.00, 0.00, 90.00, 0, 0
2.00, 5.70, 20.77, 20.77, -3978.06, 20.00, 4.63, 6.11, -0.12, 0.00, 0.00, 0.00, 0.00, 90.00, 0, 0
2.00, 5.70, 20.28, 20.28, -4342.44, 20.00, 4.63, 6.11, -0.12, 0.00, 7.54, 19.98, -109.73, 86.81, 0, 0
2.00, 5.70, 20.52, 20.52, -2801.30, 20.00, 4.63, 7.78, 1.44, 120.35, 48.76, 17.49, -100.37, 75.84, 0, 0
2.00, 5.70, 20.92, 20.92, -1843.37, 20.00, 4.63, 9.44, 3.15, 210.76, 100.94, 25.47, -90.00, 64.53, 0, 0
2.00, 5.70, 20.83, 20.83, -2667.68, 20.00, 4.63, 10.00, 3.77, 44.87, 109.42, 37.80, -80.66, 53.20, 0, 0
2.00, 5.70, 20.92, 20.92, -2218.58, 20.00, 4.63, 11.11, 4.87, 51.16, 165.92, 51.41, -68.05, 42.26, 0, 0
2.00, 5.70, 21.11, 21.11, -1705.80, 20.00, 4.63, 12.22, 5.82, 23.55, 208.10, 65.49, -50.62, 32.45, 0, 0
2.00, 5.70, 21.28, 21.28, -1418.18, 20.00, 4.63, 12.78, 6.45, 11.76, 205.95, 79.77, -24.41, 25.45, 0, 0
2.00, 5.70, 21.79, 21.79, 16.53, 20.00, 4.63, 13.33, 6.92, 0.00, 229.00, 0.00, 10.15, 24.00, 0, 0
2.00, 5.70, 22.16, 22.16, 393.12, 20.00, 4.63, 14.44, 8.03, 0.00, 228.80, 0.00, 40.73, 28.98, 0, 0
2.00, 5.70, 22.26, 22.26, 122.97, 20.00, 4.63, 14.44, 8.03, 0.00, 168.27, 0.00, 61.41, 37.87, 0, 0
2.00, 5.70, 22.39, 22.39, 371.87, 20.00, 4.63, 14.44, 8.03, 0.00, 162.75, 0.00, 75.67, 48.45, 0, 0
2.00, 5.70, 22.36, 22.36, 78.86, 20.00, 4.63, 14.44, 8.03, 0.00, 118.80, 0.00, 86.74, 59.68, 0, 0
2.00, 5.70, 22.24, 22.24, -268.94, 20.00, 4.63, 13.33, 6.92, 0.00, 70.58, 0.00, 96.41, 71.04, 0, 0
2.00, 5.70, 22.07, 22.07, -623.04, 20.00, 4.63, 12.78, 6.45, 0.00, 30.70, 0.00, 105.70, 82.19, 0, 0
2.00, 5.70, 21.85, 21.85, -1020.47, 20.00, 4.63, 11.67, 5.35, 0.00, 7.54, 0.00, 0.00, 90.00, 0, 0
2.00, 5.70, 21.66, 21.66, -1264.85, 20.00, 4.63, 11.11, 4.72, 0.00, 0.00, 0.00, 0.00, 90.00, 0, 0
2.00, 5.70, 21.49, 21.49, -1497.02, 20.00, 4.63, 10.00, 3.63, 0.00, 0.00, 0.00, 0.00, 90.00, 0, 0
2.00, 5.70, 21.33, 21.33, -1683.27, 20.00, 4.63, 9.44, 3.00, 0.00, 0.00, 0.00, 0.00, 90.00, 0, 0
2.00, 5.70, 21.18, 21.18, -1898.04, 20.00, 4.63, 8.33, 1.91, 0.00, 0.00, 0.00, 0.00, 90.00, 0, 0
2.00, 5.70, 21.04, 21.04, -2076.48, 20.00, 4.63, 7.78, 1.44, 0.00, 0.00, 0.00, 0.00, 90.00, 0, 0
2.00, 5.70, 20.90, 20.90, -2249.89, 20.00, 4.63, 7.22, 0.83, 0.00, 0.00, 0.00, 0.00, 90.00, 0, 0
2.00, 5.70, 20.76, 20.76, -2420.79, 20.00, 4.63, 6.67, 0.21, 0.00, 0.00, 0.00, 0.00, 90.00, 0, 0
2.00, 5.70, 20.63, 20.63, -2590.80, 20.00, 4.63, 6.11, -0.41, 0.00, 0.00, 0.00, 0.00, 90.00, 0, 0
2.00, 5.70, 20.00, 20.00, -4700.88, 20.00, 4.63, 5.56, -0.87, 0.00, 0.00, 0.00, 0.00, 90.00, 0, 0
2.00, 5.70, 20.00, 20.00, -4621.51, 20.00, 4.63, 6.11, -0.26, 0.00, 24.51, 20.20, -109.93, 86.62, 0, 0
2.00, 5.70, 20.00, 20.00, -3831.18, 20.00, 4.63, 7.22, 0.83, 63.09, 48.41, 17.76, -100.59, 75.66, 0, 0
2.00, 5.70, 20.05, 20.05, -3293.66, 20.00, 4.63, 8.33, 1.91, 110.91, 99.86, 25.65, -90.00, 64.35, 0, 0
2.00, 5.70, 20.00, 20.00, -3482.10, 20.00, 4.63, 9.44, 3.00, 29.86, 116.90, 37.92, -80.92, 53.02, 0, 0
2.00, 5.70, 20.02, 20.02, -3302.26, 20.00, 4.63, 10.00, 3.63, 13.75, 146.46, 51.49, -68.34, 42.06, 0, 0
2.00, 5.70, 20.07, 20.07, -3135.64, 20.00, 4.63, 10.56, 4.10, 6.53, 151.75, 65.55, -50.92, 32.23, 0, 0
2.00, 5.70, 20.30, 20.30, -2460.37, 20.00, 4.63, 11.67, 5.19, 15.08, 204.92, 79.80, -24.59, 25.18, 0, 0
2.00, 5.70, 20.74, 20.74, -1185.34, 20.00, 4.63, 12.22, 5.66, 0.00, 212.19, 0.00, 10.29, 23.73, 0, 0
2.00, 5.70, 21.05, 21.05, -868.61, 20.00, 4.63, 12.78, 6.29, 0.00, 210.39, 0.00, 41.06, 28.75, 0, 0
2.00, 5.70, 21.24, 21.24, -776.01, 20.00, 4.63, 12.78, 6.29, 0.00, 189.67, 0.00, 61.75, 37.68, 0, 0
2.00, 5.70, 21.42, 21.42, -515.04, 20.00, 4.63, 13.33, 6.76, 0.00, 166.49, 0.00, 75.97, 48.29, 0, 0
2.00, 5.70, 21.48, 21.48, -589.87, 20.00, 4.63, 13.33, 6.76, 0.00, 120.60, 0.00, 87.01, 59.53, 0, 0
2.00, 5.70, 21.37, 21.37, -1031.73, 20.00, 4.63, 12.78, 6.29, 0.00, 73.24, 0.00, 96.65, 70.88, 0, 0
2.00, 5.70, 21.18, 21.18, -1464.42, 20.00, 4.63, 12.22, 5.66, 0.00, 29.01, 0.00, 105.92, 82.02, 0, 0
2.00, 5.70, 20.96, 20.96, -1831.77, 20.00, 4.63, 11.11, 4.56, 0.00, 5.66, 0.00, 0.00, 90.00, 0, 0
2.00, 5.70, 20.77, 20.77, -2099.47, 20.00, 4.63, 10.00, 3.47, 0.00, 0.00, 0.00, 0.00, 90.00, 0, 0
2.00, 5.70, 20.59, 20.59, -2331.17, 20.00, 4.63, 8.89, 2.38, 0.00, 0.00, 0.00, 0.00, 90.00, 0, 0
2.00, 5.70, 20.44, 20.44, -2515.27, 20.00, 4.63, 8.33, 1.76, 0.00, 0.00, 0.00, 0.00, 90.00, 0, 0
2.00, 5.70, 20.28, 20.28, -2727.35, 20.00, 4.63, 7.22, 0.51, 0.00, 0.00, 0.00, 0.00, 90.00, 0, 0
2.00, 5.70, 20.13, 20.13, -2942.23, 20.00, 4.63, 6.11, -0.41, 0.00, 0.00, 0.00, 0.00, 90.00, 0, 0
2.00, 5.70, 19.98, 19.98, -3121.74, 20.00, 4.63, 5.56, -1.03, 0.00, 0.00, 0.00, 0.00, 90.00, 0, 0
2.00, 5.70, 19.83, 19.83, -3336.33, 20.00, 4.63, 4.44, -2.10, 0.00, 0.00, 0.00, 0.00, 90.00, 0, 0
2.00, 5.70, 19.68, 19.68, -3518.48, 20.00, 4.63, 3.89, -2.72, 0.00, 0.00, 0.00, 0.00, 90.00, 0, 0
2.00, 5.70, 20.00, 20.00, -5458.11, 20.00, 4.63, 2.78, -3.79, 0.00, 0.00, 0.00, 0.00, 90.00, 0, 0
2.00, 5.70, 20.00, 20.00, -5349.29, 20.00, 4.63, 3.33, -3.33, 0.00, 9.43, 20.42, -110.12, 86.43, 0, 0
2.00, 5.70, 20.00, 20.00, -5159.08, 20.00, 4.63, 3.89, -2.72, 0.00, 39.60, 18.03, -100.80, 75.48, 0, 0
2.00, 5.70, 20.00, 20.00, -3606.82, 20.00, 4.63, 5.56, -1.03, 190.26, 99.42, 25.82, -90.00, 64.18, 0, 0
2.00, 5.70, 20.00, 20.00, -3989.65, 20.00, 4.63, 6.67, 0.05, 67.08, 136.58, 38.04, -81.17, 52.84, 0, 0
2.00, 5.70, 20.00, 20.00, -3422.50, 20.00, 4.63, 8.33, 1.76, 123.52, 186.63, 51.57, -68.63, 41.87, 0, 0
2.00, 5.70, 20.13, 20.13, -2496.23, 20.00, 4.63, 10.00, 3.47, 186.37, 213.33, 65.60, -51.21, 32.01, 0, 0
2.00, 5.70, 20.35, 20.35, -2020.12, 20.00, 4.63, 11.67, 5.03, 58.50, 233.43, 79.83, -24.78, 24.92, 0, 0
2.00, 5.70, 20.84, 20.84, -589.38, 20.00, 4.63, 12.78, 6.12, 0.00, 240.15, 0.00, 10.41, 23.46, 0, 0
2.00, 5.70, 21.15, 21.15, -371.76, 20.00, 4.63, 13.33, 6.76, 0.00, 231.63, 0.00, 41.37, 28.52, 0, 0
2.00, 5.70, 21.47, 21.47, 79.68, 20.00, 4.63, 13.89, 7.22, 0.00, 188.43, 0.00, 62.07, 37.49, 0, 0
2.00, 5.70, 21.50, 21.50, -316.11, 20.00, 4.63, 13.89, 7.22, 0.00, 161.81, 0.00, 76.26, 48.12, 0, 0
2.00, 5.70, 21.49, 21.49, -403.91, 20.00, 4.63, 13.33, 6.76, 0.00, 109.41, 0.00, 87.27, 59.37, 0, 0
2.00, 5.70, 21.36, 21.36, -838.45, 20.00, 4.63, 12.78, 6.29, 0.00, 69.52, 0.00, 96.88, 70.72, 0, 0
2.00, 5.70, 21.08, 21.08, -1479.93, 20.00, 4.63, 11.67, 5.19, 0.00, 24.94, 0.00, 106.14, 81.86, 0, 0
2.00, 5.70, 20.81, 20.81, -1908.59, 20.00, 4.63, 10.56, 4.25, 0.00, 3.77, 0.00, 0.00, 90.00, 0, 0
2.00, 5.70, 20.59, 20.59, -2164.31, 20.00, 4.63, 10.00, 3.63, 0.00, 0.00, 0.00, 0.00, 90.00, 0, 0
2.00, 5.70, 20.41, 20.41, -2371.87, 20.00, 4.63, 9.44, 3.00, 0.00, 0.00, 0.00, 0.00, 90.00, 0, 0
2.00, 5.70, 20.26, 20.26, -2558.34, 20.00, 4.63, 8.89, 2.53, 0.00, 0.00, 0.00, 0.00, 90.00, 0, 0
2.00, 5.70, 20.12, 20.12, -2732.88, 20.00, 4.63, 8.33, 1.91, 0.00, 0.00, 0.00, 0.00, 90.00, 0, 0
2.00, 5.70, 19.99, 19.99, -2900.64, 20.00, 4.63, 7.78, 1.29, 0.00, 0.00, 0.00, 0.00, 90.00, 0, 0
2.00, 5.70, 19.88, 19.88, -3025.15, 20.00, 4.63, 7.78, 1.29, 0.00, 0.00, 0.00, 0.00, 90.00, 0, 0
2.00, 5.70, 19.76, 19.76, -3178.15, 20.00, 4.63, 7.22, 0.83, 0.00, 0.00, 0.00, 0.00, 90.00, 0, 0
2.00, 5.70, 19.66, 19.66, -3293.25, 20.00, 4.63, 7.22, 0.83, 0.00, 0.00, 0.00, 0.00, 90.00, 0, 0
2.00, 5.70, 20.00, 20.00, -4670.51, 20.00, 4.63, 6.67, 0.36, 0.00, 0.00, 0.00, 0.00, 90.00, 0, 0
2.00, 5.70, 20.00, 20.00, -4568.18, 20.00, 4.63, 7.22, 0.83, 0.00, 5.66, 20.64, -110.32, 86.25, 0, 0
2.00, 5.70, 20.00, 20.00, -4513.75, 20.00, 4.63, 7.22, 0.97, 0.00, 24.51, 18.29, -101.01, 75.30, 0, 0
2.00, 5.70, 20.00, 20.00, -3618.88, 20.00, 4.63, 8.89, 2.68, 68.05, 89.10, 25.99, -90.00, 64.01, 0, 0
2.00, 5.70, 20.00, 20.00, -2960.41, 20.00, 4.63, 10.56, 4.25, 138.90, 152.27, 38.16, -81.43, 52.67, 0, 0
2.00, 5.70, 20.08, 20.08, -2529.74, 20.00, 4.63, 12.22, 5.97, 133.10, 191.87, 51.65, -68.91, 41.68, 0, 0
2.00, 5.70, 20.48, 20.48, -1418.84, 20.00, 4.63, 14.44, 8.03, 160.01, 222.58, 65.65, -51.51, 31.79, 0, 0
2.00, 5.70, 20.83, 20.83, -894.49, 20.00, 4.63, 15.56, 9.13, 55.58, 236.48, 79.85, -24.97, 24.67, 0, 0
2.00, 5.70, 21.19, 21.19, -161.31, 20.00, 4.63, 16.11, 9.77, 0.00, 236.73, 0.00, 10.53, 23.20, 0, 0
2.00, 5.70, 21.31, 21.31, -351.95, 20.00, 4.63, 16.67, 10.24, 0.00, 206.46, 0.00, 41.69, 28.30, 0, 0
2.00, 5.70, 21.25, 21.25, -734.72, 20.00, 4.63, 16.11, 9.77, 0.00, 141.47, 0.00, 62.39, 37.31, 0, 0
2.00, 5.70, 21.21, 21.21, -795.85, 20.00, 4.63, 15.56, 9.13, 0.00, 131.94, 0.00, 76.54, 47.96, 0, 0
2.00, 5.70, 21.25, 21.25, -644.98, 20.00, 4.63, 15.56, 9.13, 0.00, 120.09, 0.00, 90.00, 59.22, 0, 0
2.00, 5.70, 21.13, 21.13, -1078.40, 20.00, 4.63, 15.00, 8.66, 0.00, 68.39, 0.00, 97.11, 70.57, 0, 0
2.00, 5.70, 20.95, 20.95, -1462.99, 20.00, 4.63, 13.89, 7.55, 0.00, 30.99, 0.00, 106.35, 81.69, 0, 0
2.00, 5.70, 20.76, 20.76, -1778.41, 20.00, 4.63, 13.33, 6.92, 0.00, 7.54, 0.00, 0.00, 90.00, 0, 0
2.00, 5.70, 20.58, 20.58, -2034.94, 20.00, 4.63, 12.22, 5.82, 0.00, 0.00, 0.00, 0.00, 90.00, 0, 0
2.00, 5.70, 20.42, 20.42, -2251.53, 20.00, 4.63, 11.11, 4.72, 0.00, 0.00, 0.00, 0.00, 90.00, 0, 0
2.00, 5.70, 20.29, 20.29, -2421.84, 20.00, 4.63, 10.56, 4.10, 0.00, 0.00, 0.00, 0.00, 90.00, 0, 0
2.00, 5.70, 20.15, 20.15, -2620.62, 20.00, 4.63, 9.44, 3.00, 0.00, 0.00, 0.00, 0.00, 90.00, 0, 0
2.00, 5.70, 20.01, 20.01, -2822.91, 20.00, 4.63, 8.33, 1.91, 0.00, 0.00, 0.00, 0.00, 90.00, 0, 0
2.00, 5.70, 19.86, 19.86, -3029.66, 20.00, 4.63, 7.22, 0.83, 0.00, 0.00, 0.00, 0.00, 90.00, 0, 0
2.00, 5.70, 19.71, 19.71, -3241.34, 20.00, 4.63, 6.11, -0.26, 0.00, 0.00, 0.00, 0.00, 90.00, 0, 0
2.00, 5.70, 19.56, 19.56, -3458.29, 20.00, 4.63, 5.00, -1.34, 0.00, 0.00, 0.00, 0.00, 90.00, 0, 0
2.00, 5.70, 20.00, 20.00, -5042.20, 20.00, 4.63, 4.44, -1.95, 0.00, 0.00, 0.00, 0.00, 90.00, 0, 0
2.00, 5.70, 20.00, 20.00, -5005.66, 20.00, 4.63, 4.44, -1.95, 0.00, 16.97, 20.86, -110.51, 86.07, 0, 0
2.00, 5.70, 20.00, 20.00, -3436.97, 20.00, 4.63, 6.11, -0.26, 137.58, 55.03, 18.54, -101.21, 75.14, 0, 0
2.00, 5.70, 20.00, 20.00, -3945.36, 20.00, 4.63, 7.22, 0.83, 39.64, 88.37, 26.15, -90.00, 63.85, 0, 0
2.00, 5.70, 20.00, 20.00, -4128.99, 20.00, 4.63, 7.22, 0.83, 7.43, 89.53, 38.28, -81.68, 52.50, 0, 0
2.00, 5.70, 20.00, 20.00, -3571.51, 20.00, 4.63, 8.33, 2.06, 52.76, 164.38, 51.72, -69.20, 41.50, 0, 0
2.00, 5.70, 20.00, 20.00, -3254.46, 20.00, 4.63, 9.44, 3.15, 20.78, 191.69, 65.69, -51.81, 31.58, 0, 0
2.00, 5.70, 20.00, 20.00, -3403.13, 20.00, 4.63, 9.44, 3.15, 2.22, 154.56, 79.88, -25.16, 24.42, 0, 0
2.00, 5.70, 20.05, 20.05, -2285.93, 20.00, 4.63, 9.44, 3.15, 0.00, 134.76, 0.00, 10.65, 22.94, 0, 0
2.00, 5.70, 20.20, 20.20, -1886.02, 20.00, 4.63, 10.00, 3.63, 0.00, 193.19, 0.00, 41.99, 28.09, 0, 0
2.00, 5.70, 20.29, 20.29, -1845.37, 20.00, 4.63, 10.56, 4.10, 0.00, 174.80, 0.00, 62.70, 37.13, 0, 0
2.00, 5.70, 20.31, 20.31, -1919.30, 20.00, 4.63, 10.56, 4.10, 0.00, 146.58, 0.00, 76.82, 47.80, 0, 0
2.00, 5.70, 20.32, 20.32, -1900.64, 20.00, 4.63, 10.56, 4.25, 0.00, 123.20, 0.00, 90.00, 59.06, 0, 0
2.00, 5.70, 20.20, 20.20, -2287.01, 20.00, 4.63, 10.00, 3.77, 0.00, 69.91, 0.00, 97.34, 70.42, 0, 0
2.00, 5.70, 19.98, 19.98, -2778.92, 20.00, 4.63, 8.89, 2.68, 0.00, 15.12, 0.00, 106.56, 81.53, 0, 0
2.00, 5.70, 19.77, 19.77, -3066.68, 20.00, 4.63, 8.33, 2.20, 0.00, 0.00, 0.00, 0.00, 90.00, 0, 0
2.00, 5.70, 19.60, 19.60, -3266.47, 20.00, 4.63, 7.78, 1.58, 0.00, 0.00, 0.00, 0.00, 90.00, 0, 0
2.00, 5.70, 19.46, 19.46, -3406.81, 20.00, 4.63, 7.78, 1.58, 0.00, 0.00, 0.00, 0.00, 90.00, 0, 0
2.00, 5.70, 19.33, 19.33, -3566.84, 20.00, 4.63, 7.22, 0.97, 0.00, 0.00, 0.00, 0.00, 90.00, 0, 0
2.00, 5.70, 19.21, 19.21, -3723.38, 20.00, 4.63, 6.67, 0.49, 0.00, 0.00, 0.00, 0.00, 90.00, 0, 0
2.00, 5.70, 19.10, 19.10, -3839.20, 20.00, 4.63, 6.67, 0.36, 0.00, 0.00, 0.00, 0.00, 90.00, 0, 0
2.00, 5.70, 19.00, 19.00, -3945.59, 20.00, 4.63, 6.67, 0.36, 0.00, 0.00, 0.00, 0.00, 90.00, 0, 0
2.00, 5.70, 18.90, 18.90, -4045.52, 20.00, 4.63, 6.67, 0.36, 0.00, 0.00, 0.00, 0.00, 90.00, 0, 0
2.00, 5.70, 18.81, 18.81, -4140.74, 20.00, 4.63, 6.67, 0.36, 0.00, 0.00, 0.00, 0.00, 90.00, 0, 0
2.00, 5.70, 20.00, 20.00, -3375.61, 20.00, 4.63, 6.67, 0.49, 0.00, 0.00, 0.00, 0.00, 90.00, 0, 0
2.00, 5.70, 20.00, 20.00, -3245.21, 20.00, 4.63, 7.78, 1.58, 0.00, 24.51, 21.08, -110.69, 85.89, 0, 0
2.00, 5.70, 20.00, 20.00, -2315.58, 20.00, 4.63, 8.89, 2.81, 92.58, 53.39, 18.79, -101.41, 74.97, 0, 0
2.00, 5.70, 20.00, 20.00, -2589.73, 20.00, 4.63, 10.00, 3.91, 36.76, 96.55, 26.31, -90.00, 63.69, 0, 0
2.00, 5.70, 20.00, 20.00, -2205.65, 20.00, 4.63, 11.11, 5.01, 96.44, 149.30, 38.39, -81.93, 52.34, 0, 0
2.00, 5.70, 20.02, 20.02, -2102.90, 20.00, 4.63, 12.22, 6.11, 64.39, 179.86, 51.79, -69.48, 41.33, 0, 0
2.00, 5.70, 20.08, 20.08, -1955.19, 20.00, 4.63, 13.33, 7.22, 19.45, 196.75, 65.73, -52.11, 31.38, 0, 0
2.00, 5.70, 20.21, 20.21, -1686.76, 20.00, 4.63, 13.89, 7.70, 14.39, 211.69, 79.90, -25.36, 24.18, 0, 0
2.00, 5.70, 20.20, 20.20, -1903.41, 20.00, 4.63, 13.89, 7.70, 0.00, 161.89, 0.00, 10.76, 22.69, 0, 0
2.00, 5.70, 20.23, 20.23, -1811.57, 20.00, 4.63, 14.44, 8.18, 0.00, 163.88, 0.00, 42.29, 27.87, 0, 0
2.00, 5.70, 20.44, 20.44, -1205.90, 20.00, 4.63, 15.00, 8.81, 0.00, 197.04, 0.00, 63.01, 36.96, 0, 0
2.00, 5.70, 20.60, 20.60, -1066.13, 20.00, 4.63, 15.00, 8.81, 0.00, 165.25, 0.00, 77.09, 47.65, 0, 0
2.00, 5.70, 20.60, 20.60, -1316.74, 20.00, 4.63, 15.00, 8.81, 0.00, 132.12, 0.00, 90.00, 58.91, 0, 0
2.00, 5.70, 20.46, 20.46, -1758.96, 20.00, 4.63, 14.44, 8.32, 0.00, 77.75, 0.00, 97.55, 70.26, 0, 0
2.00, 5.70, 20.27, 20.27, -2159.47, 20.00, 4.63, 13.89, 7.70, 0.00, 29.71, 0.00, 106.76, 81.37, 0, 0
2.00, 5.70, 20.05, 20.05, -2522.35, 20.00, 4.63, 12.78, 6.59, 0.00, 5.66, 0.00, 0.00, 90.00, 0, 0
2.00, 5.70, 19.88, 19.88, -2737.10, 20.00, 4.63, 12.22, 6.11, 0.00, 0.00, 0.00, 0.00, 90.00, 0, 0
2.00, 5.70, 19.72, 19.72, -2943.82, 20.00, 4.63, 11.11, 5.01, 0.00, 0.00, 0.00, 0.00, 90.00, 0, 0
2.00, 5.70, 19.58, 19.58, -3104.00, 20.00, 4.63, 10.56, 4.39, 0.00, 0.00, 0.00, 0.00, 90.00, 0, 0
2.00, 5.70, 19.46, 19.46, -3253.28, 20.00, 4.63, 10.00, 3.77, 0.00, 0.00, 0.00, 0.00, 90.00, 0, 0
2.00, 5.70, 19.35, 19.35, -3396.96, 20.00, 4.63, 9.44, 3.15, 0.00, 0.00, 0.00, 0.00, 90.00, 0, 0
2.00, 5.70, 19.24, 19.24, -3538.03, 20.00, 4.63, 8.89, 2.68, 0.00, 0.00, 0.00, 0.00, 90.00, 0, 0
2.00, 5.70, 19.13, 19.13, -3678.52, 20.00, 4.63, 8.33, 2.06, 0.00, 0.00, 0.00, 0.00, 90.00, 0, 0
2.00, 5.70, 19.01, 19.01, -3858.92, 20.00, 4.63, 7.22, 0.97, 0.00, 0.00, 0.00, 0.00, 90.00, 0, 0
2.00, 5.70, 20.00, 20.00, -4727.77, 20.00, 4.63, 6.67, 0.49, 0.00, 0.00, 0.00, 0.00, 90.00, 0, 0
2.00, 5.70, 20.00, 20.00, -4615.34, 20.00, 4.63, 7.22, 0.97, 0.00, 7.54, 21.29, -110.88, 85.73, 0, 0
2.00, 5.70, 20.00, 20.00, -4472.37, 20.00, 4.63, 7.78, 1.58, 0.00, 22.63, 19.03, -101.62, 74.82, 0, 0
2.00, 5.70, 20.00, 20.00, -4436.37, 20.00, 4.63, 7.78, 1.58, 0.00, 33.94, 26.46, -90.00, 63.54, 0, 0
2.00, 5.70, 20.00, 20.00, -3592.86, 20.00, 4.63, 9.44, 3.29, 69.13, 127.69, 38.49, -82.18, 52.19, 0, 0
2.00, 5.70, 20.00, 20.00, -3423.15, 20.00, 4.63, 10.56, 4.39, 21.43, 147.28, 51.86, -69.76, 41.16, 0, 0
2.00, 5.70, 20.00, 20.00, -3264.46, 20.00, 4.63, 11.11, 5.01, 6.47, 157.33, 65.77, -52.41, 31.19, 0, 0
2.00, 5.70, 20.00, 20.00, -3132.36, 20.00, 4.63, 11.67, 5.49, 2.76, 154.99, 79.91, -25.57, 23.94, 0, 0
2.00, 5.70, 20.08, 20.08, -1931.11, 20.00, 4.63, 12.22, 6.11, 0.00, 192.20, 0.00, 10.87, 22.45, 0, 0
2.00, 5.70, 20.07, 20.07, -2090.37, 20.00, 4.63, 12.22, 6.11, 0.00, 152.93, 0.00, 42.59, 27.66, 0, 0
2.00, 5.70, 20.06, 20.06, -2113.83, 20.00, 4.63, 12.78, 6.59, 0.00, 140.79, 0.00, 63.31, 36.78, 0, 0
2.00, 5.70, 19.96, 19.96, -2385.98, 20.00, 4.63, 12.22, 6.11, 0.00, 94.04, 0.00, 77.36, 47.49, 0, 0
2.00, 5.70, 19.94, 19.94, -2323.20, 20.00, 4.63, 12.22, 6.11, 0.00, 103.86, 0.00, 90.00, 58.77, 0, 0
2.00, 5.70, 19.90, 19.90, -2407.14, 20.00, 4.63, 12.22, 6.11, 0.00, 76.00, 0.00, 97.77, 70.11, 0, 0
2.00, 5.70, 19.77, 19.77, -2737.72, 20.00, 4.63, 11.67, 5.63, 0.00, 28.72, 0.00, 106.95, 81.21, 0, 0
2.00, 5.70, 19.60, 19.60, -3043.72, 20.00, 4.63, 11.11, 5.14, 0.00, 7.54, 0.00, 0.00, 90.00, 0, 0
2.00, 5.70, 19.46, 19.46, -3207.72, 20.00, 4.63, 11.11, 5.14, 0.00, 0.00, 0.00, 0.00, 90.00, 0, 0
2.00, 5.70, 19.34, 19.34, -3357.85, 20.00, 4.63, 10.56, 4.65, 0.00, 0.00, 0.00, 0.00, 90.00, 0, 0
2.00, 5.70, 19.24, 19.24, -3459.68, 20.00, 4.63, 10.56, 4.65, 0.00, 0.00, 0.00, 0.00, 90.00, 0, 0
2.00, 5.70, 19.15, 19.15, -3547.88, 20.00, 4.63, 10.56, 4.65, 0.00, 0.00, 0.00, 0.00, 90.00, 0, 0
2.00, 5.70, 19.08, 19.08, -3627.32, 20.00, 4.63, 10.56, 4.52, 0.00, 0.00, 0.00, 0.00, 90.00, 0, 0
2.00, 5.70, 19.01, 19.01, -3700.63, 20.00, 4.63, 10.56, 4.52, 0.00, 0.00, 0.00, 0.00, 90.00, 0, 0
2.00, 5.70, 18.94, 18.94, -3769.47, 20.00, 4.63, 10.56, 4.65, 0.00, 0.00, 0.00, 0.00, 90.00, 0, 0
2.00, 5.70, 18.88, 18.88, -3835.06, 20.00, 4.63, 10.56, 4.65, 0.00, 0.00, 0.00, 0.00, 90.00, 0, 0
2.00, 5.70, 20.00, 20.00, -3994.85, 20.00, 4.63, 11.11, 5.14, 0.00, 0.00, 0.00, 0.00, 90.00, 0, 0
2.00, 5.70, 20.00, 20.00, -3961.93, 20.00, 4.63, 11.11, 5.38, 0.00, 7.54, 21.50, -111.06, 85.56, 0, 0
2.00, 5.70, 20.00, 20.00, -2898.19, 20.00, 4.63, 12.78, 6.98, 74.45, 49.97, 19.27, -101.81, 74.66, 0, 0
2.00, 5.70, 20.32, 20.32, -1328.07, 20.00, 4.63, 15.00, 9.20, 253.84, 108.36, 26.61, -90.00, 63.39, 0, 0
2.00, 5.70, 20.25, 20.25, -2039.30, 20.00, 4.63, 16.11, 10.32, 73.96, 127.56, 38.60, -82.42, 52.04, 0, 0
2.00, 5.70, 20.14, 20.14, -2282.87, 20.00, 4.63, 16.11, 10.32, 9.73, 116.64, 51.93, -70.04, 41.00, 0, 0
2.00, 5.70, 20.06, 20.06, -2387.80, 20.00, 4.63, 16.11, 10.32, 1.29, 92.93, 65.81, -52.71, 31.00, 0, 0
2.00, 5.70, 20.08, 20.08, -2241.61, 20.00, 4.63, 16.11, 10.32, 1.10, 121.57, 79.93, -25.78, 23.72, 0, 0
2.00, 5.70, 20.28, 20.28, -1374.78, 20.00, 4.63, 17.22, 11.31, 0.00, 183.74, 0.00, 10.96, 22.20, 0, 0
2.00, 5.70, 20.52, 20.52, -970.41, 20.00, 4.63, 17.78, 11.93, 0.00, 211.41, 0.00, 42.88, 27.46, 0, 0
2.00, 5.70, 20.78, 20.78, -569.56, 20.00, 4.63, 18.33, 12.43, 0.00, 199.72, 0.00, 63.60, 36.61, 0, 0
2.00, 5.70, 21.15, 21.15, 146.07, 20.00, 4.63, 19.44, 13.55, 0.00, 165.67, 0.00, 77.62, 47.34, 0, 0
2.00, 5.70, 21.31, 21.31, 29.40, 20.00, 4.63, 20.00, 14.04, 0.00, 115.07, 0.00, 90.00, 58.62, 0, 0
2.00, 5.70, 21.20, 21.20, -589.61, 20.00, 4.63, 19.44, 13.55, 0.00, 72.10, 0.00, 97.97, 69.96, 0, 0
2.00, 5.70, 20.97, 20.97, -1136.48, 20.00, 4.63, 18.89, 13.05, 0.00, 25.16, 0.00, 107.14, 81.06, 0, 0
2.00, 5.70, 20.76, 20.76, -1492.24, 20.00, 4.63, 17.78, 11.93, 0.00, 3.77, 0.00, 0.00, 90.00, 0, 0
2.00, 5.70, 20.58, 20.58, -1731.52, 20.00, 4.63, 16.67, 10.81, 0.00, 0.00, 0.00, 0.00, 90.00, 0, 0
2.00, 5.70, 20.43, 20.43, -1933.76, 20.00, 4.63, 15.56, 9.70, 0.00, 0.00, 0.00, 0.00, 90.00, 0, 0
2.00, 5.70, 20.30, 20.30, -2084.63, 20.00, 4.63, 15.00, 9.08, 0.00, 0.00, 0.00, 0.00, 90.00, 0, 0
2.00, 5.70, 20.19, 20.19, -2260.66, 20.00, 4.63, 13.89, 7.97, 0.00, 0.00, 0.00, 0.00, 90.00, 0, 0
2.00, 5.70, 20.07, 20.07, -2438.39, 20.00, 4.63, 12.78, 6.86, 0.00, 0.00, 0.00, 0.00, 90.00, 0, 0
2.00, 5.70, 19.95, 19.95, -2619.57, 20.00, 4.63, 11.67, 5.75, 0.00, 0.00, 0.00, 0.00, 90.00, 0, 0
2.00, 5.70, 19.83, 19.83, -2805.21, 20.00, 4.63, 10.56, 4.65, 0.00, 0.00, 0.00, 0.00, 90.00, 0, 0
2.00, 5.70, 19.70, 19.70, -2996.10, 20.00, 4.63, 9.44, 3.42, 0.00, 0.00, 0.00, 0.00, 90.00, 0, 0
2.00, 5.70, 20.00, 20.00, -4161.84, 20.00, 4.63, 8.33, 2.33, 0.00, 0.00, 0.00, 0.00, 90.00, 0, 0
2.00, 5.70, 20.00, 20.00, -3868.36, 20.00, 4.63, 9.44, 3.55, 0.00, 32.05, 21.71, -111.24, 85.41, 0, 0
2.00, 5.70, 20.00, 20.00, -2891.35, 20.00, 4.63, 10.56, 4.65, 86.23, 53.85, 19.50, -102.01, 74.52, 0, 0
2.00, 5.70, 20.00, 20.00, -3132.54, 20.00, 4.63, 11.11, 5.14, 33.76, 85.81, 26.88, -92.77, 63.25, 0, 0
2.00, 5.70, 20.28, 20.28, -1732.25, 20.00, 4.63, 13.33, 7.35, 265.90, 151.92, 38.70, -82.67, 51.90, 0, 0
2.00, 5.70, 20.55, 20.55, -1304.66, 20.00, 4.63, 15.00, 9.08, 223.40, 193.54, 51.99, -70.32, 40.84, 0, 0
2.00, 5.70, 20.82, 20.82, -852.89, 20.00, 4.63, 16.11, 10.19, 94.23, 224.11, 65.85, -53.01, 30.82, 0, 0
2.00, 5.70, 20.99, 20.99, -741.89, 20.00, 4.63, 16.67, 10.68, 18.73, 216.96, 79.94, -25.99, 23.49, 0, 0
2.00, 5.70, 21.12, 21.12, -486.87, 20.00, 4.63, 16.67, 10.68, 0.00, 196.48, 0.00, 11.06, 21.97, 0, 0
2.00, 5.70, 21.17, 21.17, -526.86, 20.00, 4.63, 16.67, 10.68, 0.00, 180.68, 0.00, 43.16, 27.26, 0, 0
2.00, 5.70, 21.24, 21.24, -436.10, 20.00, 4.63, 16.67, 10.68, 0.00, 183.47, 0.00, 63.89, 36.45, 0, 0
2.00, 5.70, 21.29, 21.29, -428.22, 20.00, 4.63, 16.67, 10.68, 0.00, 161.67, 0.00, 77.87, 47.19, 0, 0
2.00, 5.70, 21.29, 21.29, -535.32, 20.00, 4.63, 16.11, 10.19, 0.00, 131.73, 0.00, 90.00, 58.48, 0, 0
2.00, 5.70, 21.20, 21.20, -805.20, 20.00, 4.63, 15.56, 9.57, 0.00, 83.36, 0.00, 98.17, 69.82, 0, 0
2.00, 5.70, 21.02, 21.02, -1261.34, 20.00, 4.63, 14.44, 8.59, 0.00, 32.21, 0.00, 107.33, 80.90, 0, 0
2.00, 5.70, 20.82, 20.82, -1610.92, 20.00, 4.63, 13.89, 7.97, 0.00, 5.66, 0.00, 0.00, 90.00, 0, 0
2.00, 5.70, 20.65, 20.65, -1831.75, 20.00, 4.63, 13.33, 7.35, 0.00, 0.00, 0.00, 0.00, 90.00, 0, 0
2.00, 5.70, 20.50, 20.50, -2046.38, 20.00, 4.63, 12.22, 6.37, 0.00, 0.00, 0.00, 0.00, 90.00, 0, 0
2.00, 5.70, 20.37, 20.37, -2215.63, 20.00, 4.63, 11.67, 5.75, 0.00, 0.00, 0.00, 0.00, 90.00, 0, 0
2.00, 5.70, 20.24, 20.24, -2413.64, 20.00, 4.63, 10.56, 4.65, 0.00, 0.00, 0.00, 0.00, 90.00, 0, 0
2.00, 5.70, 20.13, 20.13, -2536.52, 20.00, 4.63, 10.56, 4.52, 0.00, 0.00, 0.00, 0.00, 90.00, 0, 0
2.00, 5.70, 20.03, 20.03, -2645.30, 20.00, 4.63, 10.56, 4.52, 0.00, 0.00, 0.00, 0.00, 90.00, 0, 0
2.00, 5.70, 19.93, 19.93, -2784.08, 20.00, 4.63, 10.00, 4.04, 0.00, 0.00, 0.00, 0.00, 90.00, 0, 0
2.00, 5.70, 19.85, 19.85, -2886.20, 20.00, 4.63, 10.00, 4.04, 0.00, 0.00, 0.00, 0.00, 90.00, 0, 0
2.00, 5.70, 20.00, 20.00, -3883.51, 20.00, 4.63, 10.00, 4.04, 0.00, 0.00, 0.00, 0.00, 90.00, 0, 0
2.00, 5.70, 20.00, 20.00, -3757.95, 20.00, 4.63, 10.56, 4.65, 0.00, 13.20, 21.91, -111.42, 85.26, 0, 0
2.00, 5.70, 20.00, 20.00, -3571.21, 20.00, 4.63, 11.11, 5.14, 0.00, 39.60, 19.73, -102.20, 74.38, 0, 0
2.00, 5.70, 20.00, 20.00, -3355.44, 20.00, 4.63, 11.67, 5.75, 0.00, 69.76, 27.04, -92.98, 63.11, 0, 0
2.00, 5.70, 20.03, 20.03, -2656.84, 20.00, 4.63, 13.33, 7.35, 39.34, 135.31, 38.79, -82.91, 51.76, 0, 0
2.00, 5.70, 20.15, 20.15, -2310.11, 20.00, 4.63, 14.44, 8.46, 19.40, 161.58, 52.05, -70.59, 40.70, 0, 0
2.00, 5.70, 20.27, 20.27, -2102.80, 20.00, 4.63, 15.00, 8.95, 7.74, 159.72, 65.88, -53.31, 30.64, 0, 0
2.00, 5.70, 20.51, 20.51, -1534.82, 20.00, 4.63, 16.11, 10.06, 8.81, 191.90, 79.95, -26.21, 23.28, 0, 0
2.00, 5.70, 20.84, 20.84, -654.17, 20.00, 4.63, 16.67, 10.55, 0.00, 222.85, 0.00, 11.14, 21.74, 0, 0
2.00, 5.70, 21.00, 21.00, -689.85, 20.00, 4.63, 17.22, 11.03, 0.00, 189.74, 0.00, 43.43, 27.06, 0, 0
2.00, 5.70, 21.07, 21.07, -734.65, 20.00, 4.63, 17.22, 11.03, 0.00, 165.24, 0.00, 64.17, 36.28, 0, 0
2.00, 5.70, 21.22, 21.22, -402.36, 20.00, 4.63, 17.78, 11.51, 0.00, 164.34, 0.00, 78.12, 47.04, 0, 0
2.00, 5.70, 21.29, 21.29, -463.68, 20.00, 4.63, 17.78, 11.51, 0.00, 129.99, 0.00, 90.00, 58.33, 0, 0
2.00, 5.70, 21.17, 21.17, -936.04, 20.00, 4.63, 17.22, 11.03, 0.00, 69.34, 0.00, 98.37, 69.67, 0, 0
2.00, 5.70, 21.00, 21.00, -1301.02, 20.00, 4.63, 16.67, 10.40, 0.00, 28.03, 0.00, 107.50, 80.75, 0, 0
2.00, 5.70, 20.82, 20.82, -1614.07, 20.00, 4.63, 15.56, 9.29, 0.00, 3.77, 0.00, 0.00, 90.00, 0, 0
2.00, 5.70, 20.64, 20.64, -1879.43, 20.00, 4.63, 13.89, 7.70, 0.00, 0.00, 0.00, 0.00, 90.00, 0, 0
2.00, 5.70, 20.49, 20.49, -2087.52, 20.00, 4.63, 12.78, 6.59, 0.00, 0.00, 0.00, 0.00, 90.00, 0, 0
2.00, 5.70, 20.35, 20.35, -2287.22, 20.00, 4.63, 11.67, 5.49, 0.00, 0.00, 0.00, 0.00, 90.00, 0, 0
2.00, 5.70, 20.21, 20.21, -2484.84, 20.00, 4.63, 10.56, 4.25, 0.00, 0.00, 0.00, 0.00, 90.00, 0, 0
2.00, 5.70, 20.07, 20.07, -2683.73, 20.00, 4.63, 9.44, 3.15, 0.00, 0.00, 0.00, 0.00, 90.00, 0, 0
2.00, 5.70, 19.92, 19.92, -2925.39, 20.00, 4.63, 7.78, 1.58, 0.00, 0.00, 0.00, 0.00, 90.00, 0, 0
2.00, 5.70, 19.76, 19.76, -3141.41, 20.00, 4.63, 6.67, 0.36, 0.00, 0.00, 0.00, 0.00, 90.00, 0, 0
2.00, 5.70, 19.59, 19.59, -3400.03, 20.00, 4.63, 5.00, -1.34, 0.00, 0.00, 0.00, 0.00, 90.00, 0, 0
2.00, 5.70, 20.00, 20.00, -5080.06, 20.00, 4.63, 3.89, -2.42, 0.00, 0.00, 0.00, 0.00, 90.00, 0, 0
2.00, 5.70, 20.00, 20.00, -4927.26, 20.00, 4.63, 4.44, -1.95, 0.00, 22.63, 22.12, -111.59, 85.11, 0, 0
2.00, 5.70, 20.84, 20.84, -142.62, 20.00, 4.63, 6.67, 0.21, 477.41, 53.98, 19.95, -102.39, 74.24, 0, 0
2.00, 5.70, 21.59, 21.59, 956.25, 20.00, 4.63, 8.89, 2.53, 729.56, 74.98, 27.19, -93.19, 62.98, 0, 0
2.00, 5.70, 21.61, 21.61, -125.70, 20.00, 4.63, 11.11, 4.72, 643.33, 112.61, 38.89, -83.14, 51.63, 0, 0
2.00, 5.70, 21.61, 21.61, -182.27, 20.00, 4.63, 13.33, 6.92, 558.03, 139.52, 52.10, -70.87, 40.55, 0, 0
2.00, 5.70, 21.95, 21.95, 818.32, 20.00, 4.63, 15.56, 9.13, 406.92, 155.50, 65.91, -53.61, 30.47, 0, 0
2.00, 5.70, 22.40, 22.40, 1697.09, 20.00, 4.63, 17.22, 10.72, 184.82, 156.27, 79.96, -26.43, 23.07, 0, 0
2.00, 5.70, 22.91, 22.91, 2515.58, 20.00, 4.63, 18.33, 11.83, 0.00, 156.50, 0.00, 11.22, 21.51, 0, 0
2.00, 5.70, 23.26, 23.26, 2735.22, 20.00, 4.63, 18.89, 12.47, 0.00, 152.48, 0.00, 43.69, 26.87, 0, 0
2.00, 5.70, 23.45, 23.45, 2719.33, 20.00, 4.63, 19.44, 12.95, 0.00, 144.10, 0.00, 64.44, 36.12, 0, 0
2.00, 5.70, 23.51, 23.51, 2546.01, 20.00, 4.63, 19.44, 12.95, 0.00, 113.61, 0.00, 78.36, 46.90, 0, 0
2.00, 5.70, 23.43, 23.43, 2108.11, 20.00, 4.63, 18.89, 12.47, 0.00, 88.38, 0.00, 90.00, 58.19, 0, 0
2.00, 5.70, 23.16, 23.16, 1349.06, 20.00, 4.63, 17.22, 10.88, 0.00, 65.18, 0.00, 98.56, 69.53, 0, 0
2.00, 5.70, 22.82, 22.82, 673.24, 20.00, 4.63, 15.56, 9.29, 0.00, 33.03, 0.00, 107.68, 80.60, 0, 0
2.00, 5.70, 22.48, 22.48, 104.12, 20.00, 4.63, 14.44, 8.18, 0.00, 9.43, 0.00, 0.00, 90.00, 0, 0
2.00, 5.70, 22.20, 22.20, -274.40, 20.00, 4.63, 13.33, 7.07, 0.00, 0.00, 0.00, 0.00, 90.00, 0, 0
2.00, 5.70, 21.97, 21.97, -578.26, 20.00, 4.63, 12.22, 5.97, 0.00, 0.00, 0.00, 0.00, 90.00, 0, 0
2.00, 5.70, 21.78, 21.78, -817.31, 20.00, 4.63, 11.67, 5.35, 0.00, 0.00, 0.00, 0.00, 90.00, 0, 0
2.00, 5.70, 21.60, 21.60, -1072.30, 20.00, 4.63, 10.56, 4.25, 0.00, 0.00, 0.00, 0.00, 90.00, 0, 0
2.00, 5.70, 21.44, 21.44, -1282.83, 20.00, 4.63, 10.00, 3.63, 0.00, 0.00, 0.00, 0.00, 90.00, 0, 0
2.00, 5.70, 21.30, 21.30, -1482.26, 20.00, 4.63, 9.44, 3.15, 0.00, 0.00, 0.00, 0.00, 90.00, 0, 0
2.00, 5.70, 21.16, 21.16, -1675.04, 20.00, 4.63, 8.89, 2.53, 0.00, 0.00, 0.00, 0.00, 90.00, 0, 0
2.00, 5.70, 21.02, 21.02, -1863.63, 20.00, 4.63, 8.33, 2.06, 0.00, 0.00, 0.00, 0.00, 90.00, 0, 0
2.00, 5.70, 20.41, 20.41, -3746.19, 20.00, 4.63, 7.78, 1.58, 0.00, 0.00, 0.00, 0.00, 90.00, 0, 0
2.00, 5.70, 20.15, 20.15, -3602.52, 20.00, 4.63, 8.89, 2.68, 0.00, 28.28, 22.31, -111.77, 84.97, 0, 0
2.00, 5.70, 21.10, 21.10, -213.05, 20.00, 4.63, 10.56, 4.39, 313.89, 54.42, 20.16, -102.58, 74.11, 0, 0
2.00, 5.70, 21.75, 21.75, 428.43, 20.00, 4.63, 12.78, 6.59, 392.32, 103.48, 27.34, -93.39, 62.86, 0, 0
2.00, 5.70, 22.26, 22.26, 1086.81, 20.00, 4.63, 15.00, 8.95, 610.64, 120.82, 38.98, -83.38, 51.50, 0, 0
2.00, 5.70, 22.61, 22.61, 1356.32, 20.00, 4.63, 17.22, 11.17, 555.43, 138.12, 52.16, -71.13, 40.42, 0, 0
2.00, 5.70, 23.14, 23.14, 2478.52, 20.00, 4.63, 19.44, 13.27, 397.49, 152.95, 65.93, -53.91, 30.31, 0, 0
2.00, 5.70, 23.72, 23.72, 3442.05, 20.00, 4.63, 21.11, 15.02, 177.02, 160.68, 79.96, -26.65, 22.86, 0, 0
2.00, 5.70, 24.20, 24.20, 3828.80, 20.00, 4.63, 22.22, 16.15, 0.00, 168.07, 0.00, 11.29, 21.29, 0, 0
2.00, 5.70, 24.55, 24.55, 4086.47, 20.00, 4.63, 23.33, 17.27, 0.00, 155.92, 0.00, 43.95, 26.68, 0, 0
2.00, 5.70, 24.75, 24.75, 4105.85, 20.00, 4.63, 23.89, 17.77, 0.00, 134.99, 0.00, 64.70, 35.96, 0, 0
2.00, 5.70, 24.83, 24.83, 3949.29, 20.00, 4.63, 23.89, 17.91, 0.00, 111.67, 0.00, 78.59, 46.76, 0, 0
2.00, 5.70, 24.77, 24.77, 3549.61, 20.00, 4.63, 23.33, 17.42, 0.00, 98.53, 0.00, 90.00, 58.05, 0, 0
2.00, 5.70, 24.51, 24.51, 2752.93, 20.00, 4.63, 21.67, 15.79, 0.00, 73.73, 0.00, 98.74, 69.39, 0, 0
2.00, 5.70, 24.18, 24.18, 2090.86, 20.00, 4.63, 20.00, 14.17, 0.00, 35.03, 0.00, 107.84, 80.45, 0, 0
2.00, 5.70, 23.87, 23.87, 1589.73, 20.00, 4.63, 19.44, 13.67, 0.00, 11.31, 0.00, 0.00, 90.00, 0, 0
2.00, 5.70, 23.63, 23.63, 1269.40, 20.00, 4.63, 18.89, 13.17, 0.00, 0.00, 0.00, 0.00, 90.00, 0, 0
2.00, 5.70, 23.44, 23.44, 1037.41, 20.00, 4.63, 18.33, 12.55, 0.00, 0.00, 0.00, 0.00, 90.00, 0, 0
2.00, 5.70, 23.29, 23.29, 837.08, 20.00, 4.63, 17.78, 12.05, 0.00, 0.00, 0.00, 0.00, 90.00, 0, 0
2.00, 5.70, 23.15, 23.15, 616.94, 20.00, 4.63, 16.67, 11.05, 0.00, 0.00, 0.00, 0.00, 90.00, 0, 0
2.00, 5.70, 23.04, 23.04, 477.28, 20.00, 4.63, 16.67, 10.94, 0.00, 0.00, 0.00, 0.00, 90.00, 0, 0
2.00, 5.70, 22.94, 22.94, 356.02, 20.00, 4.63, 16.67, 10.94, 0.00, 0.00, 0.00, 0.00, 90.00, 0, 0
2.00, 5.70, 22.86, 22.86, 247.27, 20.00, 4.63, 16.67, 10.94, 0.00, 0.00, 0.00, 0.00, 90.00, 0, 0
2.00, 5.70, 22.79, 22.79, 147.33, 20.00, 4.63, 16.67, 10.94, 0.00, 0.00, 0.00, 0.00, 90.00, 0, 0
2.00, 5.70, 22.72, 22.72, 53.99, 20.00, 4.63, 16.67, 10.94, 0.00, 0.00, 0.00, 0.00, 90.00, 0, 0
2.00, 5.70, 22.73, 22.73, 174.26, 20.00, 4.63, 17.78, 12.29, 0.00, 26.40, 22.51, -111.94, 84.83, 0, 0
2.00, 5.70, 23.48, 23.48, 2422.17, 20.00, 4.63, 19.44, 14.02, 201.09, 64.86, 20.37, -102.76, 73.99, 0, 0
2.00, 5.70, 24.28, 24.28, 3701.79, 20.00, 4.63, 21.11, 15.66, 405.81, 101.36, 27.48, -93.59, 62.74, 0, 0
2.00, 5.70, 24.55, 24.55, 3300.23, 20.00, 4.63, 23.33, 17.80, 355.16, 148.44, 39.06, -83.60, 51.38, 0, 0
2.00, 5.70, 24.71, 24.71, 3331.87, 20.00, 4.63, 25.00, 19.43, 278.37, 185.98, 52.21, -71.40, 40.28, 0, 0
2.00, 5.70, 24.98, 24.98, 3846.44, 20.00, 4.63, 26.11, 20.57, 186.35, 220.07, 65.96, -54.20, 30.15, 0, 0
2.00, 5.70, 25.00, 25.00, 4396.47, 20.00, 4.63, 27.78, 22.21, 102.78, 221.51, 79.97, -26.88, 22.66, 0, 0
2.00, 5.70, 25.41, 25.41, 4580.47, 20.00, 4.63, 28.89, 23.22, 0.00, 236.71, 0.00, 11.36, 21.08, 0, 0
2.00, 5.70, 25.65, 25.65, 4626.13, 20.00, 4.63, 28.89, 23.22, 0.00, 237.11, 0.00, 44.20, 26.49, 0, 0
2.00, 5.70, 25.82, 25.82, 4720.03, 20.00, 4.63, 29.44, 23.72, 0.00, 208.44, 0.00, 64.96, 35.81, 0, 0
2.00, 5.70, 26.00, 26.00, 4929.17, 20.00, 4.63, 29.44, 23.72, 0.00, 153.04, 0.00, 78.82, 46.62, 0, 0
2.00, 5.70, 26.04, 26.04, 4710.76, 20.00, 4.63, 28.89, 23.22, 0.00, 102.52, 0.00, 90.00, 57.92, 0, 0
2.00, 5.70, 25.92, 25.92, 4210.35, 20.00, 4.63, 28.33, 22.72, 0.00, 65.59, 0.00, 98.92, 69.25, 0, 0
2.00, 5.70, 25.71, 25.71, 3681.56, 20.00, 4.63, 27.22, 21.58, 0.00, 29.92, 0.00, 108.00, 80.30, 0, 0
2.00, 5.70, 25.47, 25.47, 3210.06, 20.00, 4.63, 25.56, 19.94, 0.00, 9.43, 0.00, 0.00, 90.00, 0, 0
2.00, 5.70, 25.27, 25.27, 2913.61, 20.00, 4.63, 24.44, 18.81, 0.00, 0.00, 0.00, 0.00, 90.00, 0, 0
2.00, 5.70, 25.09, 25.09, 2643.45, 20.00, 4.63, 22.78, 17.17, 0.00, 0.00, 0.00, 0.00, 90.00, 0, 0
2.00, 5.70, 24.94, 24.94, 2421.88, 20.00, 4.63, 21.67, 16.05, 0.00, 0.00, 0.00, 0.00, 90.00, 0, 0
2.00, 5.70, 24.79, 24.79, 2172.92, 20.00, 4.63, 20.00, 14.30, 0.00, 0.00, 0.00, 0.00, 90.00, 0, 0
2.00, 5.70, 24.66, 24.66, 1958.84, 20.00, 4.63, 18.89, 13.29, 0.00, 0.00, 0.00, 0.00, 90.00, 0, 0
2.00, 5.70, 24.51, 24.51, 1708.78, 20.00, 4.63, 17.22, 11.56, 0.00, 0.00, 0.00, 0.00, 90.00, 0, 0
2.00, 5.70, 24.36, 24.36, 1488.52, 20.00, 4.63, 16.11, 10.44, 0.00, 0.00, 0.00, 0.00, 90.00, 0, 0
2.00, 5.70, 24.22, 24.22, 1268.28, 20.00, 4.63, 15.00, 9.32, 0.00, 0.00, 0.00, 0.00, 90.00, 0, 0
2.00, 5.70, 23.71, 23.71, 87.29, 20.00, 4.63, 13.33, 7.71, 0.00, 0.00, 0.00, 0.00, 90.00, 0, 0
2.00, 5.70, 23.49, 23.49, 177.42, 20.00, 4.63, 14.44, 8.71, 0.00, 24.51, 22.70, -112.10, 84.70, 0, 0
2.00, 5.70, 23.92, 23.92, 1838.62, 20.00, 4.63, 15.56, 9.94, 141.76, 60.16, 20.57, -102.94, 73.87, 0, 0
2.00, 5.70, 24.88, 24.88, 4254.41, 20.00, 4.63, 17.78, 12.17, 469.59, 97.57, 27.62, -93.79, 62.62, 0, 0
2.00, 5.70, 25.00, 25.00, 4518.25, 20.00, 4.63, 20.56, 14.92, 584.71, 121.84, 39.15, -83.83, 51.27, 0, 0
2.00, 5.70, 25.00, 25.00, 4540.46, 20.00, 4.63, 22.78, 17.05, 461.53, 160.42, 52.25, -71.66, 40.16, 0, 0
2.00, 5.70, 25.00, 25.00, 5181.83, 20.00, 4.63, 24.44, 18.68, 337.72, 178.30, 65.98, -54.50, 30.00, 0, 0
2.00, 5.70, 25.00, 25.00, 5699.87, 20.00, 4.63, 26.11, 20.31, 145.64, 192.95, 79.97, -27.11, 22.47, 0, 0
2.00, 5.70, 26.04, 26.04, 5769.54, 20.00, 4.63, 27.22, 21.45, 0.00, 201.83, 0.00, 11.41, 20.87, 0, 0
2.00, 5.70, 26.72, 26.72, 6215.32, 20.00, 4.63, 28.33, 22.45, 0.00, 194.89, 0.00, 44.44, 26.31, 0, 0
2.00, 5.70, 27.14, 27.14, 6424.20, 20.00, 4.63, 28.33, 22.45, 0.00, 150.96, 0.00, 65.21, 35.65, 0, 0
2.00, 5.70, 27.35, 27.35, 6347.13, 20.00, 4.63, 28.33, 22.45, 0.00, 117.24, 0.00, 79.03, 46.48, 0, 0
2.00, 5.70, 27.36, 27.36, 5954.48, 20.00, 4.63, 27.78, 21.95, 0.00, 88.72, 0.00, 90.00, 57.78, 0, 0
2.00, 5.70, 27.20, 27.20, 5393.32, 20.00, 4.63, 26.67, 20.81, 0.00, 57.30, 0.00, 99.09, 69.11, 0, 0
2.00, 5.70, 26.94, 26.94, 4780.70, 20.00, 4.63, 25.00, 19.18, 0.00, 31.45, 0.00, 108.16, 80.16, 0, 0
2.00, 5.70, 26.66, 26.66, 4243.39, 20.00, 4.63, 23.89, 18.05, 0.00, 11.31, 0.00, 0.00, 90.00, 0, 0
2.00, 5.70, 26.41, 26.41, 3855.36, 20.00, 4.63, 22.22, 16.42, 0.00, 0.00, 0.00, 0.00, 90.00, 0, 0
2.00, 5.70, 26.19, 26.19, 3535.52, 20.00, 4.63, 20.56, 14.67, 0.00, 0.00, 0.00, 0.00, 90.00, 0, 0
2.00, 5.70, 26.00, 26.00, 3232.35, 20.00, 4.63, 18.89, 13.05, 0.00, 0.00, 0.00, 0.00, 90.00, 0, 0
2.00, 5.70, 25.81, 25.81, 2936.12, 20.00, 4.63, 17.22, 11.31, 0.00, 0.00, 0.00, 0.00, 90.00, 0, 0
2.00, 5.70, 25.63, 25.63, 2680.24, 20.00, 4.63, 16.11, 10.19, 0.00, 0.00, 0.00, 0.00, 90.00, 0, 0
2.00, 5.70, 25.47, 25.47, 2431.22, 20.00, 4.63, 15.00, 9.08, 0.00, 0.00, 0.00, 0.00, 90.00, 0, 0
2.00, 5.70, 25.29, 25.29, 2145.56, 20.00, 4.63, 13.33, 7.48, 0.00, 0.00, 0.00, 0.00, 90.00, 0, 0
2.00, 5.70, 25.12, 25.12, 1889.60, 20.00, 4.63, 12.22, 6.24, 0.00, 0.00, 0.00, 0.00, 90.00, 0, 0
2.00, 5.70, 24.39, 24.39, 196.25, 20.00, 4.63, 10.56, 4.65, 0.00, 0.00, 0.00, 0.00, 90.00, 0, 0
2.00, 5.70, 24.04, 24.04, 194.01, 20.00, 4.63, 11.67, 5.75, 0.00, 30.17, 22.88, -112.27, 84.58, 0, 0
2.00, 5.70, 25.00, 25.00, 3813.30, 20.00, 4.63, 13.33, 7.48, 345.10, 56.14, 20.77, -103.12, 73.75, 0, 0
2.00, 5.70, 25.00, 25.00, 5087.10, 20.00, 4.63, 16.11, 10.19, 605.82, 91.84, 27.75, -93.99, 62.52, 0, 0
2.00, 5.70, 25.00, 25.00, 4635.96, 20.00, 4.63, 18.33, 12.43, 679.37, 111.21, 39.22, -84.05, 51.16, 0, 0
2.00, 5.70, 25.00, 25.00, 4358.75, 20.00, 4.63, 20.00, 14.04, 513.17, 148.24, 52.30, -71.92, 40.04, 0, 0
2.00, 5.70, 25.00, 25.00, 4984.91, 20.00, 4.63, 22.22, 16.29, 329.77, 180.29, 66.00, -54.79, 29.86, 0, 0
2.00, 5.70, 25.00, 25.00, 5371.82, 20.00, 4.63, 23.33, 17.42, 138.52, 199.99, 79.97, -27.35, 22.29, 0, 0
2.00, 5.70, 26.23, 26.23, 5804.01, 20.00, 4.63, 24.44, 18.40, 0.00, 217.06, 0.00, 11.46, 20.66, 0, 0
2.00, 5.70, 26.99, 26.99, 6274.04, 20.00, 4.63, 25.00, 19.04, 0.00, 208.79, 0.00, 44.68, 26.14, 0, 0
2.00, 5.70, 27.48, 27.48, 6556.71, 20.00, 4.63, 25.56, 19.54, 0.00, 169.79, 0.00, 65.45, 35.50, 0, 0
2.00, 5.70, 27.74, 27.74, 6565.62, 20.00, 4.63, 25.56, 19.54, 0.00, 136.49, 0.00, 79.24, 46.34, 0, 0
2.00, 5.70, 27.71, 27.71, 5987.77, 20.00, 4.63, 24.44, 18.55, 0.00, 123.00, 0.00, 90.00, 57.65, 0, 0
2.00, 5.70, 27.58, 27.58, 5560.97, 20.00, 4.63, 23.33, 17.42, 0.00, 80.34, 0.00, 99.25, 68.98, 0, 0
2.00, 5.70, 27.31, 27.31, 4886.62, 20.00, 4.63, 22.22, 16.29, 0.00, 31.49, 0.00, 108.31, 80.01, 0, 0
2.00, 5.70, 27.01, 27.01, 4322.10, 20.00, 4.63, 20.56, 14.80, 0.00, 7.54, 0.00, 0.00, 90.00, 0, 0
2.00, 5.70, 26.76, 26.76, 3967.01, 20.00, 4.63, 19.44, 13.67, 0.00, 0.00, 0.00, 0.00, 90.00, 0, 0
2.00, 5.70, 26.54, 26.54, 3675.34, 20.00, 4.63, 18.33, 12.55, 0.00, 0.00, 0.00, 0.00, 90.00, 0, 0
2.00, 5.70, 26.36, 26.36, 3405.81, 20.00, 4.63, 17.22, 11.43, 0.00, 0.00, 0.00, 0.00, 90.00, 0, 0
2.00, 5.70, 26.18, 26.18, 3148.10, 20.00, 4.63, 16.11, 10.32, 0.00, 0.00, 0.00, 0.00, 90.00, 0, 0
2.00, 5.70, 26.03, 26.03, 2935.15, 20.00, 4.63, 15.56, 9.70, 0.00, 0.00, 0.00, 0.00, 90.00, 0, 0
2.00, 5.70, 25.89, 25.89, 2733.37, 20.00, 4.63, 15.00, 9.08, 0.00, 0.00, 0.00, 0.00, 90.00, 0, 0
2.00, 5.70, 25.75, 25.75, 2538.48, 20.00, 4.63, 14.44, 8.59, 0.00, 0.00, 0.00, 0.00, 90.00, 0, 0
2.00, 5.70, 25.62, 25.62, 2347.60, 20.00, 4.63, 13.89, 7.97, 0.00, 0.00, 0.00, 0.00, 90.00, 0, 0
2.00, 5.70, 25.00, 25.00, 1156.88, 20.00, 4.63, 13.33, 7.48, 0.00, 0.00, 0.00, 0.00, 90.00, 0, 0
2.00, 5.70, 24.73, 24.73, 1079.37, 20.00, 4.63, 13.89, 8.09, 0.00, 20.74, 23.06, -112.43, 84.46, 0, 0
2.00, 5.70, 25.00, 25.00, 3058.23, 20.00, 4.63, 15.56, 9.82, 170.86, 61.12, 20.96, -103.29, 73.64, 0, 0
2.00, 5.70, 25.00, 25.00, 3912.73, 20.00, 4.63, 17.78, 12.05, 303.95, 109.39, 27.88, -94.18, 62.41, 0, 0
2.00, 5.70, 25.00, 25.00, 3337.91, 20.00, 4.63, 18.89, 13.17, 166.00, 155.46, 39.30, -84.27, 51.05, 0, 0
2.00, 5.70, 25.00, 25.00, 3743.91, 20.00, 4.63, 20.56, 14.80, 188.89, 197.03, 52.34, -72.17, 39.93, 0, 0
2.00, 5.70, 25.00, 25.00, 4315.86, 20.00, 4.63, 22.22, 16.42, 146.19, 229.39, 66.01, -55.08, 29.72, 0, 0
2.00, 5.70, 25.00, 25.00, 4970.52, 20.00, 4.63, 23.89, 18.05, 96.23, 224.67, 79.96, -27.58, 22.11, 0, 0
2.00, 5.70, 26.12, 26.12, 5213.53, 20.00, 4.63, 25.00, 19.18, 0.00, 242.03, 0.00, 11.51, 20.47, 0, 0
2.00, 5.70, 26.78, 26.78, 5550.84, 20.00, 4.63, 25.56, 19.68, 0.00, 238.47, 0.00, 44.90, 25.97, 0, 0
2.00, 5.70, 27.16, 27.16, 5687.55, 20.00, 4.63, 25.56, 19.68, 0.00, 210.28, 0.00, 65.68, 35.36, 0, 0
2.00, 5.70, 27.42, 27.42, 5831.98, 20.00, 4.63, 25.56, 19.68, 0.00, 165.28, 0.00, 79.45, 46.21, 0, 0
2.00, 5.70, 27.53, 27.53, 5736.21, 20.00, 4.63, 25.00, 19.18, 0.00, 113.76, 0.00, 90.00, 57.52, 0, 0
2.00, 5.70, 27.44, 27.44, 5250.97, 20.00, 4.63, 24.44, 18.68, 0.00, 74.05, 0.00, 99.41, 68.84, 0, 0
2.00, 5.70, 27.25, 27.25, 4746.90, 20.00, 4.63, 23.33, 17.55, 0.00, 35.39, 0.00, 108.45, 79.87, 0, 0
2.00, 5.70, 27.02, 27.02, 4280.37, 20.00, 4.63, 22.22, 16.55, 0.00, 11.31, 0.00, 0.00, 90.00, 0, 0
2.00, 5.70, 26.79, 26.79, 3923.45, 20.00, 4.63, 20.56, 14.92, 0.00, 0.00, 0.00, 0.00, 90.00, 0, 0
2.00, 5.70, 26.60, 26.60, 3663.10, 20.00, 4.63, 19.44, 13.80, 0.00, 0.00, 0.00, 0.00, 90.00, 0, 0
2.00, 5.70, 26.44, 26.44, 3421.44, 20.00, 4.63, 18.33, 12.67, 0.00, 0.00, 0.00, 0.00, 90.00, 0, 0
2.00, 5.70, 26.28, 26.28, 3188.95, 20.00, 4.63, 17.22, 11.43, 0.00, 0.00, 0.00, 0.00, 90.00, 0, 0
2.00, 5.70, 26.12, 26.12, 2960.19, 20.00, 4.63, 16.11, 10.32, 0.00, 0.00, 0.00, 0.00, 90.00, 0, 0
2.00, 5.70, 25.99, 25.99, 2770.94, 20.00, 4.63, 15.56, 9.82, 0.00, 0.00, 0.00, 0.00, 90.00, 0, 0
2.00, 5.70, 25.84, 25.84, 2550.04, 20.00, 4.63, 14.44, 8.71, 0.00, 0.00, 0.00, 0.00, 90.00, 0, 0
2.00, 5.70, 25.69, 25.69, 2324.14, 20.00, 4.63, 13.33, 7.60, 0.00, 0.00, 0.00, 0.00, 90.00, 0, 0
2.00, 5.70, 25.00, 25.00, 1004.44, 20.00, 4.63, 12.78, 7.10, 0.00, 0.00, 0.00, 0.00, 90.00, 0, 0
2.00, 5.70, 24.76, 24.76, 1071.61, 20.00, 4.63, 13.89, 8.21, 0.00, 26.40, 23.24, -112.58, 84.35, 0, 0
2.00, 5.70, 24.78, 24.78, 1528.10, 20.00, 4.63, 14.44, 8.82, 38.25, 52.68, 21.14, -103.46, 73.54, 0, 0
2.00, 5.70, 24.70, 24.70, 1302.43, 20.00, 4.63, 15.00, 9.32, 5.57, 51.34, 28.00, -94.37, 62.32, 0, 0
2.00, 5.70, 25.00, 25.00, 2653.83, 20.00, 4.63, 16.67, 11.05, 207.29, 144.18, 39.37, -84.48, 50.96, 0, 0
2.00, 5.70, 25.00, 25.00, 2653.26, 20.00, 4.63, 17.78, 12.17, 75.11, 173.63, 52.38, -72.42, 39.82, 0, 0
2.00, 5.70, 25.00, 25.00, 2601.83, 20.00, 4.63, 18.33, 12.67, 11.54, 155.54, 66.03, -55.37, 29.59, 0, 0
2.00, 5.70, 25.00, 25.00, 2415.64, 20.00, 4.63, 18.33, 12.67, 1.65, 108.77, 79.95, -27.83, 21.94, 0, 0
2.00, 5.70, 25.50, 25.50, 3293.98, 20.00, 4.63, 18.89, 13.17, 0.00, 181.49, 0.00, 11.54, 20.27, 0, 0
2.00, 5.70, 25.95, 25.95, 3896.99, 20.00, 4.63, 19.44, 13.80, 0.00, 225.90, 0.00, 45.12, 25.80, 0, 0
2.00, 5.70, 26.32, 26.32, 4368.10, 20.00, 4.63, 20.00, 14.30, 0.00, 211.20, 0.00, 65.90, 35.21, 0, 0
2.00, 5.70, 26.64, 26.64, 4759.95, 20.00, 4.63, 21.11, 15.42, 0.00, 164.75, 0.00, 79.64, 46.08, 0, 0
2.00, 5.70, 26.63, 26.63, 4225.05, 20.00, 4.63, 20.56, 14.92, 0.00, 123.81, 0.00, 90.00, 57.39, 0, 0
2.00, 5.70, 26.43, 26.43, 3584.32, 20.00, 4.63, 20.00, 14.42, 0.00, 56.71, 0.00, 99.56, 68.71, 0, 0
2.00, 5.70, 26.20, 26.20, 3166.48, 20.00, 4.63, 18.89, 13.29, 0.00, 22.63, 0.00, 108.59, 79.74, 0, 0
2.00, 5.70, 25.99, 25.99, 2868.15, 20.00, 4.63, 18.33, 12.79, 0.00, 3.77, 0.00, 0.00, 90.00, 0, 0
2.00, 5.70, 25.81, 25.81, 2652.77, 20.00, 4.63, 17.78, 12.17, 0.00, 0.00, 0.00, 0.00, 90.00, 0, 0
2.00, 5.70, 25.67, 25.67, 2474.78, 20.00, 4.63, 17.22, 11.67, 0.00, 0.00, 0.00, 0.00, 90.00, 0, 0
2.00, 5.70, 25.54, 25.54, 2310.75, 20.00, 4.63, 16.67, 11.05, 0.00, 0.00, 0.00, 0.00, 90.00, 0, 0
2.00, 5.70, 25.42, 25.42, 2154.37, 20.00, 4.63, 16.11, 10.55, 0.00, 0.00, 0.00, 0.00, 90.00, 0, 0
2.00, 5.70, 25.31, 25.31, 2001.78, 20.00, 4.63, 15.56, 9.94, 0.00, 0.00, 0.00, 0.00, 90.00, 0, 0
2.00, 5.70, 25.20, 25.20, 1851.00, 20.00, 4.63, 15.00, 9.44, 0.00, 0.00, 0.00, 0.00, 90.00, 0, 0
2.00, 5.70, 25.10, 25.10, 1739.63, 20.00, 4.63, 15.00, 9.32, 0.00, 0.00, 0.00, 0.00, 90.00, 0, 0
2.00, 5.70, 25.00, 25.00, 1597.99, 20.00, 4.63, 14.44, 8.82, 0.00, 0.00, 0.00, 0.00, 90.00, 0, 0
2.00, 5.70, 24.52, 24.52, 576.16, 20.00, 4.63, 13.89, 8.32, 0.00, 0.00, 0.00, 0.00, 90.00, 0, 0
2.00, 5.70, 24.27, 24.27, 517.68, 20.00, 4.63, 14.44, 8.93, 0.00, 13.20, 23.42, -112.74, 84.24, 0, 0
2.00, 5.70, 24.20, 24.20, 740.92, 20.00, 4.63, 15.56, 10.05, 0.00, 37.71, 21.32, -103.63, 73.44, 0, 0
2.00, 5.70, 24.31, 24.31, 1224.22, 20.00, 4.63, 16.67, 11.17, 8.35, 84.54, 28.12, -94.55, 62.22, 0, 0
2.00, 5.70, 24.44, 24.44, 1502.89, 20.00, 4.63, 17.22, 11.78, 9.75, 109.17, 39.44, -84.69, 50.86, 0, 0
2.00, 5.70, 24.51, 24.51, 1565.47, 20.00, 4.63, 17.78, 12.29, 1.92, 87.41, 52.41, -72.67, 39.72, 0, 0
2.00, 5.70, 24.55, 24.55, 1608.46, 20.00, 4.63, 17.78, 12.29, 2.56, 87.78, 66.04, -55.65, 29.47, 0, 0
2.00, 5.70, 24.92, 24.92, 2747.24, 20.00, 4.63, 19.44, 13.91, 26.99, 200.16, 79.95, -28.07, 21.78, 0, 0
2.00, 5.70, 25.42, 25.42, 3450.32, 20.00, 4.63, 20.56, 14.92, 0.00, 239.71, 0.00, 11.57, 20.09, 0, 0
2.00, 5.70, 25.85, 25.85, 3989.86, 20.00, 4.63, 21.67, 16.05, 0.00, 237.13, 0.00, 45.32, 25.63, 0, 0
2.00, 5.70, 26.09, 26.09, 4074.70, 20.00, 4.63, 22.22, 16.67, 0.00, 209.28, 0.00, 66.11, 35.07, 0, 0
2.00, 5.70, 26.26, 26.26, 4201.07, 20.00, 4.63, 22.78, 17.17, 0.00, 173.49, 0.00, 79.83, 45.95, 0, 0
2.00, 5.70, 26.31, 26.31, 4053.63, 20.00, 4.63, 22.78, 17.17, 0.00, 131.57, 0.00, 90.00, 57.27, 0, 0
2.00, 5.70, 26.18, 26.18, 3564.79, 20.00, 4.63, 22.22, 16.67, 0.00, 79.66, 0.00, 99.71, 68.59, 0, 0
2.00, 5.70, 26.00, 26.00, 3193.61, 20.00, 4.63, 21.67, 16.05, 0.00, 35.63, 0.00, 108.72, 79.60, 0, 0
2.00, 5.70, 25.80, 25.80, 2824.02, 20.00, 4.63, 20.56, 15.04, 0.00, 7.54, 0.00, 0.00, 90.00, 0, 0
2.00, 5.70, 25.63, 25.63, 2605.86, 20.00, 4.63, 20.00, 14.42, 0.00, 0.00, 0.00, 0.00, 90.00, 0, 0
2.00, 5.70, 25.48, 25.48, 2403.67, 20.00, 4.63, 18.89, 13.41, 0.00, 0.00, 0.00, 0.00, 90.00, 0, 0
2.00, 5.70, 25.36, 25.36, 2248.39, 20.00, 4.63, 18.33, 12.79, 0.00, 0.00, 0.00, 0.00, 90.00, 0, 0
2.00, 5.70, 25.23, 25.23, 2065.46, 20.00, 4.63, 17.22, 11.67, 0.00, 0.00, 0.00, 0.00, 90.00, 0, 0
2.00, 5.70, 25.10, 25.10, 1879.23, 20.00, 4.63, 16.11, 10.55, 0.00, 0.00, 0.00, 0.00, 90.00, 0, 0
2.00, 5.70, 24.99, 24.99, 1727.64, 20.00, 4.63, 15.56, 9.94, 0.00, 0.00, 0.00, 0.00, 90.00, 0, 0
2.00, 5.70, 24.86, 24.86, 1541.09, 20.00, 4.63, 14.44, 8.82, 0.00, 0.00, 0.00, 0.00, 90.00, 0, 0
2.00, 5.70, 24.73, 24.73, 1346.98, 20.00, 4.63, 13.33, 7.71, 0.00, 0.00, 0.00, 0.00, 90.00, 0, 0
2.00, 5.70, 24.15, 24.15, 15.22, 20.00, 4.63, 12.22, 6.60, 0.00, 0.00, 0.00, 0.00, 90.00, 0, 0
2.00, 5.70, 23.90, 23.90, 118.33, 20.00, 4.63, 13.33, 7.71, 0.00, 32.05, 23.59, -112.89, 84.14, 0, 0
2.00, 5.70, 25.00, 25.00, 6206.09, 20.00, 4.63, 15.56, 9.94, 631.08, 52.36, 21.49, -103.79, 73.35, 0, 0
2.00, 5.70, 25.00, 25.00, 6390.04, 20.00, 4.63, 18.33, 12.79, 833.82, 68.61, 28.23, -94.73, 62.14, 0, 0
2.00, 5.70, 25.00, 25.00, 5026.09, 20.00, 4.63, 20.56, 15.04, 715.63, 104.40, 39.50, -84.90, 50.78, 0, 0
2.00, 5.70, 25.00, 25.00, 4701.17, 20.00, 4.63, 22.22, 16.67, 496.13, 154.07, 52.44, -72.91, 39.62, 0, 0
2.00, 5.70, 25.00, 25.00, 5158.97, 20.00, 4.63, 23.89, 18.30, 285.61, 198.60, 66.05, -55.93, 29.35, 0, 0
2.00, 5.70, 25.00, 25.00, 5722.89, 20.00, 4.63, 25.56, 19.94, 137.83, 203.07, 79.94, -28.31, 21.62, 0, 0
2.00, 5.70, 26.35, 26.35, 6195.73, 20.00, 4.63, 26.67, 20.95, 0.00, 185.83, 0.00, 11.59, 19.91, 0, 0
2.00, 5.70, 27.19, 27.19, 6703.93, 20.00, 4.63, 27.22, 21.45, 0.00, 188.12, 0.00, 45.52, 25.47, 0, 0
2.00, 5.70, 27.67, 27.67, 6820.16, 20.00, 4.63, 27.22, 21.58, 0.00, 178.09, 0.00, 66.32, 34.94, 0, 0
2.00, 5.70, 27.91, 27.91, 6770.99, 20.00, 4.63, 27.22, 21.58, 0.00, 137.62, 0.00, 80.01, 45.82, 0, 0
2.00, 5.70, 27.94, 27.94, 6407.31, 20.00, 4.63, 26.67, 20.95, 0.00, 104.04, 0.00, 90.00, 57.14, 0, 0
2.00, 5.70, 27.77, 27.77, 5774.03, 20.00, 4.63, 25.00, 19.43, 0.00, 74.74, 0.00, 99.85, 68.46, 0, 0
2.00, 5.70, 27.53, 27.53, 5243.57, 20.00, 4.63, 23.89, 18.18, 0.00, 33.08, 0.00, 108.84, 79.47, 0, 0
2.00, 5.70, 27.25, 27.25, 4694.21, 20.00, 4.63, 22.22, 16.67, 0.00, 11.31, 0.00, 118.23, 89.89, 0, 0
2.00, 5.70, 27.01, 27.01, 4341.87, 20.00, 4.63, 21.11, 15.54, 0.00, 0.00, 0.00, 0.00, 90.00, 0, 0
2.00, 5.70, 26.81, 26.81, 4064.89, 20.00, 4.63, 20.00, 14.42, 0.00, 0.00, 0.00, 0.00, 90.00, 0, 0
2.00, 5.70, 26.64, 26.64, 3809.94, 20.00, 4.63, 18.89, 13.29, 0.00, 0.00, 0.00, 0.00, 90.00, 0, 0
2.00, 5.70, 26.48, 26.48, 3566.56, 20.00, 4.63, 17.78, 12.17, 0.00, 0.00, 0.00, 0.00, 90.00, 0, 0
2.00, 5.70, 26.34, 26.34, 3367.53, 20.00, 4.63, 17.22, 11.56, 0.00, 0.00, 0.00, 0.00, 90.00, 0, 0
2.00, 5.70, 26.21, 26.21, 3179.30, 20.00, 4.63, 16.67, 10.94, 0.00, 0.00, 0.00, 0.00, 90.00, 0, 0
2.00, 5.70, 26.09, 26.09, 2997.58, 20.00, 4.63, 16.11, 10.44, 0.00, 0.00, 0.00, 0.00, 90.00, 0, 0
2.00, 5.70, 25.95, 25.95, 2780.45, 20.00, 4.63, 15.00, 9.32, 0.00, 0.00, 0.00, 0.00, 90.00, 0, 0
2.00, 5.70, 25.00, 25.00, 2133.32, 20.00, 4.63, 14.44, 8.82, 0.00, 0.00, 0.00, 0.00, 90.00, 0, 0
2.00, 5.70, 25.00, 25.00, 2186.69, 20.00, 4.63, 15.56, 9.94, 0.00, 16.97, 23.75, -113.03, 84.04, 0, 0
2.00, 5.70, 25.00, 25.00, 2333.43, 20.00, 4.63, 16.11, 10.55, 5.86, 50.01, 21.66, -103.95, 73.27, 0, 0
2.00, 5.70, 25.00, 25.00, 3734.51, 20.00, 4.63, 18.33, 12.67, 230.46, 110.59, 28.34, -94.91, 62.06, 0, 0
2.00, 5.70, 25.00, 25.00, 4040.05, 20.00, 4.63, 20.56, 14.92, 408.58, 144.22, 39.56, -85.10, 50.70, 0, 0
2.00, 5.70, 25.00, 25.00, 4048.08, 20.00, 4.63, 22.78, 17.17, 370.90, 173.84, 52.47, -73.15, 39.53, 0, 0
2.00, 5.70, 25.00, 25.00, 4516.26, 20.00, 4.63, 25.00, 19.31, 275.31, 201.68, 66.05, -56.21, 29.24, 0, 0
2.00, 5.70, 25.00, 25.00, 4842.20, 20.00, 4.63, 26.67, 21.07, 123.65, 216.12, 79.92, -28.56, 21.47, 0, 0
2.00, 5.70, 26.40, 26.40, 5986.14, 20.00, 4.63, 27.78, 22.08, 0.00, 217.12, 0.00, 11.60, 19.73, 0, 0
2.00, 5.70, 27.34, 27.34, 6732.68, 20.00, 4.63, 28.89, 23.22, 0.00, 193.32, 0.00, 45.71, 25.32, 0, 0
2.00, 5.70, 27.88, 27.88, 6934.90, 20.00, 4.63, 28.89, 23.22, 0.00, 173.73, 0.00, 66.52, 34.80, 0, 0
2.00, 5.70, 28.19, 28.19, 6985.10, 20.00, 4.63, 29.44, 23.72, 0.00, 139.22, 0.00, 80.19, 45.70, 0, 0
2.00, 5.70, 28.31, 28.31, 6802.48, 20.00, 4.63, 28.89, 23.22, 0.00, 96.40, 0.00, 90.00, 57.02, 0, 0
2.00, 5.70, 28.22, 28.22, 6280.46, 20.00, 4.63, 27.78, 22.21, 0.00, 66.40, 0.00, 99.98, 68.34, 0, 0
2.00, 5.70, 27.98, 27.98, 5639.41, 20.00, 4.63, 26.11, 20.57, 0.00, 33.21, 0.00, 108.96, 79.34, 0, 0
2.00, 5.70, 27.73, 27.73, 5149.97, 20.00, 4.63, 25.00, 19.43, 0.00, 9.43, 0.00, 118.34, 89.75, 0, 0
2.00, 5.70, 27.51, 27.51, 4835.30, 20.00, 4.63, 23.89, 18.42, 0.00, 0.00, 0.00, 0.00, 90.00, 0, 0
2.00, 5.70, 27.33, 27.33, 4587.58, 20.00, 4.63, 22.78, 17.29, 0.00, 0.00, 0.00, 0.00, 90.00, 0, 0
2.00, 5.70, 27.18, 27.18, 4359.97, 20.00, 4.63, 21.67, 16.16, 0.00, 0.00, 0.00, 0.00, 90.00, 0, 0
2.00, 5.70, 27.04, 27.04, 4142.49, 20.00, 4.63, 20.56, 15.04, 0.00, 0.00, 0.00, 0.00, 90.00, 0, 0
2.00, 5.70, 26.90, 26.90, 3929.23, 20.00, 4.63, 19.44, 13.91, 0.00, 0.00, 0.00, 0.00, 90.00, 0, 0
2.00, 5.70, 26.77, 26.77, 3716.64, 20.00, 4.63, 18.33, 12.79, 0.00, 0.00, 0.00, 0.00, 90.00, 0, 0
2.00, 5.70, 26.65, 26.65, 3541.46, 20.00, 4.63, 17.78, 12.17, 0.00, 0.00, 0.00, 0.00, 90.00, 0, 0
2.00, 5.70, 26.52, 26.52, 3333.56, 20.00, 4.63, 16.67, 11.05, 0.00, 0.00, 0.00, 0.00, 90.00, 0, 0
2.00, 5.70, 25.00, 25.00, 1803.75, 20.00, 4.63, 15.56, 10.05, 0.00, 0.00, 0.00, 0.00, 90.00, 0, 0
2.00, 5.70, 25.00, 25.00, 2202.37, 20.00, 4.63, 17.22, 11.67, 0.00, 47.14, 23.91, -113.18, 83.95, 0, 0
2.00, 5.70, 25.00, 25.00, 8526.14, 20.00, 4.63, 18.89, 13.41, 776.10, 40.05, 21.82, -104.10, 73.18, 0, 0
2.00, 5.70, 25.00, 25.00, 7669.95, 20.00, 4.63, 21.11, 15.66, 854.37, 71.00, 28.44, -95.08, 61.98, 0, 0
2.00, 5.70, 25.00, 25.00, 6329.69, 20.00, 4.63, 23.33, 17.91, 799.51, 95.00, 39.62, -85.29, 50.62, 0, 0
2.00, 5.70, 25.00, 25.00, 5990.86, 20.00, 4.63, 25.00, 19.55, 651.12, 119.32, 52.49, -73.38, 39.45, 0, 0
2.00, 5.70, 25.00, 25.00, 6563.98, 20.00, 4.63, 26.67, 21.20, 432.77, 155.44, 66.05, -56.48, 29.13, 0, 0
2.00, 5.70, 25.00, 25.00, 7034.67, 20.00, 4.63, 28.33, 22.84, 191.83, 156.79, 79.91, -28.80, 21.33, 0, 0
2.00, 5.70, 26.97, 26.97, 7495.16, 20.00, 4.63, 29.44, 23.86, 0.00, 155.77, 0.00, 11.60, 19.56, 0, 0
2.00, 5.70, 28.21, 28.21, 8302.33, 20.00, 4.63, 30.00, 24.36, 0.00, 147.62, 0.00, 45.89, 25.17, 0, 0
2.00, 5.70, 28.98, 28.98, 8724.77, 20.00, 4.63, 30.56, 25.00, 0.00, 129.92, 0.00, 66.70, 34.67, 0, 0
2.00, 5.70, 29.39, 29.39, 8741.07, 20.00, 4.63, 30.56, 25.00, 0.00, 105.56, 0.00, 80.35, 45.58, 0, 0
2.00, 5.70, 29.52, 29.52, 8418.95, 20.00, 4.63, 30.00, 24.36, 0.00, 81.66, 0.00, 90.00, 56.90, 0, 0
2.00, 5.70, 29.45, 29.45, 7885.40, 20.00, 4.63, 29.44, 23.86, 0.00, 71.94, 0.00, 100.11, 68.21, 0, 0
2.00, 5.70, 29.18, 29.18, 7093.43, 20.00, 4.63, 27.78, 22.21, 0.00, 32.20, 0.00, 109.08, 79.21, 0, 0
2.00, 5.70, 28.90, 28.90, 6578.43, 20.00, 4.63, 26.67, 21.20, 0.00, 5.66, 0.00, 118.44, 89.62, 0, 0
2.00, 5.70, 28.68, 28.68, 6248.99, 20.00, 4.63, 25.56, 20.06, 0.00, 0.00, 0.00, 0.00, 90.00, 0, 0
2.00, 5.70, 28.51, 28.51, 6015.47, 20.00, 4.63, 25.00, 19.43, 0.00, 0.00, 0.00, 0.00, 90.00, 0, 0
2.00, 5.70, 28.37, 28.37, 5774.37, 20.00, 4.63, 23.89, 18.30, 0.00, 0.00, 0.00, 0.00, 90.00, 0, 0
2.00, 5.70, 28.23, 28.23, 5542.91, 20.00, 4.63, 22.78, 17.17, 0.00, 0.00, 0.00, 0.00, 90.00, 0, 0
2.00, 5.70, 28.10, 28.10, 5315.86, 20.00, 4.63, 21.67, 16.05, 0.00, 0.00, 0.00, 0.00, 90.00, 0, 0
2.00, 5.70, 27.96, 27.96, 5090.10, 20.00, 4.63, 20.56, 14.92, 0.00, 0.00, 0.00, 0.00, 90.00, 0, 0
2.00, 5.70, 27.82, 27.82, 4824.80, 20.00, 4.63, 18.89, 13.29, 0.00, 0.00, 0.00, 0.00, 90.00, 0, 0
2.00, 5.70, 27.67, 27.67, 4587.23, 20.00, 4.63, 17.78, 12.17, 0.00, 0.00, 0.00, 0.00, 90.00, 0, 0
2.00, 5.70, 25.00, 25.00, 2303.22, 20.00, 4.63, 16.11, 10.55, 0.00, 0.00, 0.00, 0.00, 90.00, 0, 0
2.00, 5.70, 25.00, 25.00, 2393.53, 20.00, 4.63, 16.67, 11.17, 0.00, 16.97, 24.07, -113.32, 83.87, 0, 0
2.00, 5.70, 25.00, 25.00, 2498.75, 20.00, 4.63, 17.22, 11.67, 0.00, 33.94, 21.97, -104.26, 73.11, 0, 0
2.00, 5.70, 25.00, 25.00, 2678.99, 20.00, 4.63, 17.78, 12.29, 0.00, 67.88, 28.54, -95.24, 61.91, 0, 0
2.00, 5.70, 25.00, 25.00, 2997.41, 20.00, 4.63, 18.89, 13.29, 4.86, 105.48, 39.67, -85.48, 50.55, 0, 0
2.00, 5.70, 25.00, 25.00, 3360.64, 20.00, 4.63, 20.00, 14.42, 11.52, 153.00, 52.51, -73.60, 39.37, 0, 0
2.00, 5.70, 25.00, 25.00, 3778.84, 20.00, 4.63, 21.11, 15.42, 17.93, 203.30, 66.05, -56.75, 29.04, 0, 0
2.00, 5.70, 25.00, 25.00, 3745.68, 20.00, 4.63, 21.67, 16.05, 5.54, 166.39, 79.89, -29.05, 21.19, 0, 0
2.00, 5.70, 25.87, 25.87, 3839.68, 20.00, 4.63, 21.67, 15.92, 0.00, 120.01, 0.00, 11.59, 19.40, 0, 0
2.00, 5.70, 26.43, 26.43, 4289.49, 20.00, 4.63, 21.67, 15.92, 0.00, 145.16, 0.00, 46.05, 25.02, 0, 0
2.00, 5.70, 26.81, 26.81, 4605.98, 20.00, 4.63, 21.67, 15.92, 0.00, 158.77, 0.00, 66.88, 34.54, 0, 0
2.00, 5.70, 27.12, 27.12, 4973.55, 20.00, 4.63, 22.22, 16.42, 0.00, 161.52, 0.00, 80.51, 45.46, 0, 0
2.00, 5.70, 27.17, 27.17, 4640.42, 20.00, 4.63, 21.67, 15.92, 0.00, 93.56, 0.00, 90.00, 56.79, 0, 0
2.00, 5.70, 27.09, 27.09, 4293.32, 20.00, 4.63, 21.11, 15.42, 0.00, 41.48, 0.00, 100.23, 68.10, 0, 0
2.00, 5.70, 26.96, 26.96, 4015.33, 20.00, 4.63, 20.56, 14.92, 0.00, 11.31, 0.00, 109.18, 79.09, 0, 0
2.00, 5.70, 26.82, 26.82, 3772.34, 20.00, 4.63, 19.44, 13.80, 0.00, 1.89, 0.00, 118.53, 89.48, 0, 0
2.00, 5.70, 26.70, 26.70, 3597.24, 20.00, 4.63, 18.89, 13.17, 0.00, 0.00, 0.00, 0.00, 90.00, 0, 0
2.00, 5.70, 26.58, 26.58, 3401.20, 20.00, 4.63, 17.78, 12.05, 0.00, 0.00, 0.00, 0.00, 90.00, 0, 0
2.00, 5.70, 26.45, 26.45, 3202.01, 20.00, 4.63, 16.67, 10.94, 0.00, 0.00, 0.00, 0.00, 90.00, 0, 0
2.00, 5.70, 26.31, 26.31, 2998.39, 20.00, 4.63, 15.56, 9.82, 0.00, 0.00, 0.00, 0.00, 90.00, 0, 0
2.00, 5.70, 26.18, 26.18, 2789.62, 20.00, 4.63, 14.44, 8.59, 0.00, 0.00, 0.00, 0.00, 90.00, 0, 0
2.00, 5.70, 26.02, 26.02, 2536.44, 20.00, 4.63, 12.78, 6.98, 0.00, 0.00, 0.00, 0.00, 90.00, 0, 0
2.00, 5.70, 25.86, 25.86, 2307.83, 20.00, 4.63, 11.67, 5.87, 0.00, 0.00, 0.00, 0.00, 90.00, 0, 0
2.00, 5.70, 25.68, 25.68, 2036.39, 20.00, 4.63, 10.00, 4.16, 0.00, 0.00, 0.00, 0.00, 90.00, 0, 0
2.00, 5.70, 24.81, 24.81, -41.21, 20.00, 4.63, 8.33, 2.56, 0.00, 0.00, 0.00, 0.00, 90.00, 0, 0
2.00, 5.70, 24.43, 24.43, 108.53, 20.00, 4.63, 10.00, 4.16, 0.00, 49.02, 24.22, -113.45, 83.79, 0, 0
2.00, 5.70, 25.00, 25.00, 6812.18, 20.00, 4.63, 12.22, 6.37, 771.55, 41.38, 22.11, -104.40, 73.04, 0, 0
2.00, 5.70, 25.00, 25.00, 5992.23, 20.00, 4.63, 14.44, 8.71, 852.84, 70.00, 28.63, -95.41, 61.85, 0, 0
2.00, 5.70, 25.00, 25.00, 4854.28, 20.00, 4.63, 17.22, 11.43, 822.64, 95.39, 39.71, -85.67, 50.48, 0, 0
2.00, 5.70, 25.00, 25.00, 4651.77, 20.00, 4.63, 19.44, 13.67, 669.72, 119.50, 52.53, -73.82, 39.30, 0, 0
2.00, 5.70, 25.00, 25.00, 5184.57, 20.00, 4.63, 21.11, 15.30, 436.66, 141.05, 66.05, -57.01, 28.94, 0, 0
2.00, 5.70, 25.00, 25.00, 5553.24, 20.00, 4.63, 22.22, 16.42, 184.75, 157.52, 79.87, -29.30, 21.06, 0, 0
2.00, 5.70, 26.61, 26.61, 6460.74, 20.00, 4.63, 23.33, 17.42, 0.00, 160.41, 0.00, 11.58, 19.24, 0, 0
2.00, 5.70, 27.62, 27.62, 7159.19, 20.00, 4.63, 24.44, 18.55, 0.00, 152.72, 0.00, 46.21, 24.88, 0, 0
2.00, 5.70, 28.23, 28.23, 7413.24, 20.00, 4.63, 24.44, 18.55, 0.00, 135.08, 0.00, 67.05, 34.42, 0, 0
2.00, 5.70, 28.52, 28.52, 7320.29, 20.00, 4.63, 24.44, 18.55, 0.00, 124.04, 0.00, 80.66, 45.34, 0, 0
2.00, 5.70, 28.52, 28.52, 6822.48, 20.00, 4.63, 23.33, 17.55, 0.00, 109.01, 0.00, 90.00, 56.67, 0, 0
2.00, 5.70, 28.39, 28.39, 6339.65, 20.00, 4.63, 22.22, 16.42, 0.00, 63.35, 0.00, 100.34, 67.98, 0, 0
2.00, 5.70, 28.14, 28.14, 5708.26, 20.00, 4.63, 20.56, 14.80, 0.00, 28.16, 0.00, 109.28, 78.97, 0, 0
2.00, 5.70, 27.83, 27.83, 5100.60, 20.00, 4.63, 19.44, 13.67, 0.00, 15.08, 0.00, 118.62, 89.36, 0, 0
2.00, 5.70, 27.56, 27.56, 4694.87, 20.00, 4.63, 18.33, 12.67, 0.00, 0.00, 0.00, 0.00, 90.00, 0, 0
2.00, 5.70, 27.33, 27.33, 4381.10, 20.00, 4.63, 17.22, 11.56, 0.00, 0.00, 0.00, 0.00, 90.00, 0, 0
2.00, 5.70, 27.15, 27.15, 4131.79, 20.00, 4.63, 16.67, 10.94, 0.00, 0.00, 0.00, 0.00, 90.00, 0, 0
2.00, 5.70, 26.97, 26.97, 3866.92, 20.00, 4.63, 15.56, 9.82, 0.00, 0.00, 0.00, 0.00, 90.00, 0, 0
2.00, 5.70, 26.83, 26.83, 3685.57, 20.00, 4.63, 15.56, 9.70, 0.00, 0.00, 0.00, 0.00, 90.00, 0, 0
2.00, 5.70, 26.70, 26.70, 3524.67, 20.00, 4.63, 15.56, 9.70, 0.00, 0.00, 0.00, 0.00, 90.00, 0, 0
2.00, 5.70, 26.58, 26.58, 3338.79, 20.00, 4.63, 15.00, 9.20, 0.00, 0.00, 0.00, 0.00, 90.00, 0, 0
2.00, 5.70, 26.47, 26.47, 3193.01, 20.00, 4.63, 15.00, 9.20, 0.00, 0.00, 0.00, 0.00, 90.00, 0, 0
2.00, 5.70, 25.00, 25.00, 1679.41, 20.00, 4.63, 15.00, 9.20, 0.00, 0.00, 0.00, 0.00, 90.00, 0, 0
2.00, 5.70, 25.00, 25.00, 1730.45, 20.00, 4.63, 15.56, 9.82, 0.00, 3.77, 24.36, -113.59, 83.72, 0, 0
2.00, 5.70, 25.00, 25.00, 1898.44, 20.00, 4.63, 16.11, 10.44, 0.00, 35.83, 22.25, -104.54, 72.97, 0, 0
2.00, 5.70, 25.00, 25.00, 2215.66, 20.00, 4.63, 17.22, 11.56, 2.77, 72.79, 28.71, -95.56, 61.79, 0, 0
2.00, 5.70, 25.00, 25.00, 2548.88, 20.00, 4.63, 18.33, 12.67, 7.28, 110.13, 39.76, -85.85, 50.42, 0, 0
2.00, 5.70, 25.00, 25.00, 2627.95, 20.00, 4.63, 18.89, 13.17, 1.92, 106.26, 52.55, -74.04, 39.23, 0, 0
2.00, 5.70, 25.00, 25.00, 2611.78, 20.00, 4.63, 18.89, 13.17, 1.28, 100.45, 66.05, -57.27, 28.86, 0, 0
2.00, 5.70, 25.00, 25.00, 2900.68, 20.00, 4.63, 19.44, 13.67, 3.89, 146.25, 79.85, -29.54, 20.94, 0, 0
2.00, 5.70, 25.58, 25.58, 3252.34, 20.00, 4.63, 20.00, 14.30, 0.00, 135.08, 0.00, 11.56, 19.09, 0, 0
2.00, 5.70, 25.89, 25.89, 3343.94, 20.00, 4.63, 20.00, 14.17, 0.00, 106.51, 0.00, 46.36, 24.74, 0, 0
2.00, 5.70, 26.16, 26.16, 3736.14, 20.00, 4.63, 20.56, 14.80, 0.00, 149.32, 0.00, 67.21, 34.30, 0, 0
2.00, 5.70, 26.40, 26.40, 4028.13, 20.00, 4.63, 20.56, 14.80, 0.00, 161.40, 0.00, 80.80, 45.23, 0, 0
2.00, 5.70, 26.50, 26.50, 3970.64, 20.00, 4.63, 21.11, 15.30, 0.00, 125.86, 0.00, 90.00, 56.56, 0, 0
2.00, 5.70, 26.47, 26.47, 3718.41, 20.00, 4.63, 20.56, 14.80, 0.00, 80.12, 0.00, 100.45, 67.87, 0, 0
2.00, 5.70, 26.37, 26.37, 3456.71, 20.00, 4.63, 20.56, 14.80, 0.00, 36.50, 0.00, 109.38, 78.85, 0, 0
2.00, 5.70, 26.22, 26.22, 3139.37, 20.00, 4.63, 19.44, 13.67, 0.00, 5.66, 0.00, 118.70, 89.23, 0, 0
2.00, 5.70, 26.07, 26.07, 2911.45, 20.00, 4.63, 18.33, 12.67, 0.00, 0.00, 0.00, 0.00, 90.00, 0, 0
2.00, 5.70, 25.95, 25.95, 2749.70, 20.00, 4.63, 17.78, 12.05, 0.00, 0.00, 0.00, 0.00, 90.00, 0, 0
2.00, 5.70, 25.82, 25.82, 2560.84, 20.00, 4.63, 16.67, 10.94, 0.00, 0.00, 0.00, 0.00, 90.00, 0, 0
2.00, 5.70, 25.70, 25.70, 2407.66, 20.00, 4.63, 16.11, 10.32, 0.00, 0.00, 0.00, 0.00, 90.00, 0, 0
2.00, 5.70, 25.58, 25.58, 2219.93, 20.00, 4.63, 15.00, 9.20, 0.00, 0.00, 0.00, 0.00, 90.00, 0, 0
2.00, 5.70, 25.45, 25.45, 2024.83, 20.00, 4.63, 13.89, 8.09, 0.00, 0.00, 0.00, 0.00, 90.00, 0, 0
2.00, 5.70, 25.32, 25.32, 1862.00, 20.00, 4.63, 13.33, 7.48, 0.00, 0.00, 0.00, 0.00, 90.00, 0, 0
2.00, 5.70, 25.18, 25.18, 1662.65, 20.00, 4.63, 12.22, 6.37, 0.00, 0.00, 0.00, 0.00, 90.00, 0, 0
2.00, 5.70, 24.52, 24.52, 128.57, 20.00, 4.63, 11.11, 5.26, 0.00, 0.00, 0.00, 0.00, 90.00, 0, 0
2.00, 5.70, 24.13, 24.13, -67.27, 20.00, 4.63, 11.67, 5.87, 0.00, 11.31, 24.50, -113.71, 83.65, 0, 0
2.00, 5.70, 23.98, 23.98, 98.30, 20.00, 4.63, 12.78, 6.98, 8.75, 47.64, 22.38, -104.68, 72.91, 0, 0
2.00, 5.70, 24.03, 24.03, 520.04, 20.00, 4.63, 14.44, 8.59, 19.35, 94.73, 28.79, -95.72, 61.73, 0, 0
2.00, 5.70, 24.07, 24.07, 657.35, 20.00, 4.63, 15.00, 9.08, 9.70, 109.13, 39.80, -86.02, 50.37, 0, 0
2.00, 5.70, 24.12, 24.12, 803.75, 20.00, 4.63, 15.56, 9.70, 1.92, 115.69, 52.56, -74.24, 39.17, 0, 0
2.00, 5.70, 24.26, 24.26, 1208.42, 20.00, 4.63, 16.67, 10.68, 10.25, 166.24, 66.04, -57.52, 28.78, 0, 0
2.00, 5.70, 24.33, 24.33, 1243.18, 20.00, 4.63, 16.67, 10.68, 4.46, 150.43, 79.83, -29.79, 20.83, 0, 0
2.00, 5.70, 24.68, 24.68, 2035.09, 20.00, 4.63, 17.78, 11.66, 0.00, 202.10, 0.00, 11.53, 18.95, 0, 0
2.00, 5.70, 24.95, 24.95, 2367.06, 20.00, 4.63, 18.89, 12.78, 0.00, 216.88, 0.00, 46.49, 24.61, 0, 0
2.00, 5.70, 25.14, 25.14, 2540.15, 20.00, 4.63, 19.44, 13.27, 0.00, 198.64, 0.00, 67.36, 34.18, 0, 0
2.00, 5.70, 25.16, 25.16, 2314.06, 20.00, 4.63, 18.89, 12.63, 0.00, 116.95, 0.00, 80.93, 45.12, 0, 0
2.00, 5.70, 25.16, 25.16, 2303.32, 20.00, 4.63, 18.89, 12.63, 0.00, 108.74, 0.00, 90.00, 56.45, 0, 0
2.00, 5.70, 25.19, 25.19, 2374.12, 20.00, 4.63, 18.89, 12.63, 0.00, 79.46, 0.00, 100.55, 67.76, 0, 0
2.00, 5.70, 25.13, 25.13, 2166.72, 20.00, 4.63, 18.33, 12.15, 0.00, 38.08, 0.00, 109.47, 78.73, 0, 0
2.00, 5.70, 25.00, 25.00, 1869.24, 20.00, 4.63, 17.22, 11.03, 0.00, 11.31, 0.00, 118.78, 89.11, 0, 0
2.00, 5.70, 24.86, 24.86, 1648.81, 20.00, 4.63, 16.11, 9.92, 0.00, 0.00, 0.00, 0.00, 90.00, 0, 0
2.00, 5.70, 24.72, 24.72, 1453.97, 20.00, 4.63, 15.00, 8.81, 0.00, 0.00, 0.00, 0.00, 90.00, 0, 0
2.00, 5.70, 24.57, 24.57, 1221.70, 20.00, 4.63, 13.33, 7.07, 0.00, 0.00, 0.00, 0.00, 90.00, 0, 0
2.00, 5.70, 24.43, 24.43, 1018.04, 20.00, 4.63, 12.22, 5.97, 0.00, 0.00, 0.00, 0.00, 90.00, 0, 0
2.00, 5.70, 24.29, 24.29, 852.23, 20.00, 4.63, 11.67, 5.35, 0.00, 0.00, 0.00, 0.00, 90.00, 0, 0
2.00, 5.70, 24.15, 24.15, 652.89, 20.00, 4.63, 10.56, 4.25, 0.00, 0.00, 0.00, 0.00, 90.00, 0, 0
2.00, 5.70, 24.00, 24.00, 446.73, 20.00, 4.63, 9.44, 3.15, 0.00, 0.00, 0.00, 0.00, 90.00, 0, 0
2.00, 5.70, 23.85, 23.85, 233.95, 20.00, 4.63, 8.33, 2.06, 0.00, 0.00, 0.00, 0.00, 90.00, 0, 0
2.00, 5.70, 23.03, 23.03, -1897.44, 20.00, 4.63, 7.22, 0.83, 0.00, 0.00, 0.00, 0.00, 90.00, 0, 0
2.00, 5.70, 22.65, 22.65, -1813.12, 20.00, 4.63, 8.89, 2.53, 0.00, 49.02, 24.64, -113.84, 83.58, 0, 0
2.00, 5.70, 23.55, 23.55, 1626.93, 20.00, 4.63, 11.11, 4.72, 649.88, 44.00, 22.51, -104.82, 72.86, 0, 0
2.00, 5.70, 24.04, 24.04, 1893.17, 20.00, 4.63, 13.33, 6.92, 756.93, 71.44, 28.87, -95.86, 61.68, 0, 0
2.00, 5.70, 24.21, 24.21, 1709.45, 20.00, 4.63, 15.56, 9.13, 717.07, 99.57, 39.83, -86.19, 50.32, 0, 0
2.00, 5.70, 24.38, 24.38, 2006.56, 20.00, 4.63, 17.78, 11.36, 544.55, 133.38, 52.57, -74.45, 39.12, 0, 0
2.00, 5.70, 24.67, 24.67, 2648.23, 20.00, 4.63, 19.44, 12.95, 365.28, 158.55, 66.03, -57.77, 28.71, 0, 0
2.00, 5.70, 25.00, 25.00, 3259.90, 20.00, 4.63, 21.11, 14.54, 164.79, 172.53, 79.80, -30.04, 20.72, 0, 0
2.00, 5.70, 25.33, 25.33, 3466.89, 20.00, 4.63, 22.22, 15.66, 0.00, 196.93, 0.00, 11.49, 18.81, 0, 0
2.00, 5.70, 25.56, 25.56, 3665.63, 20.00, 4.63, 22.78, 16.14, 0.00, 196.81, 0.00, 46.62, 24.48, 0, 0
2.00, 5.70, 25.73, 25.73, 3793.96, 20.00, 4.63, 23.33, 16.79, 0.00, 164.99, 0.00, 67.50, 34.07, 0, 0
2.00, 5.70, 25.80, 25.80, 3720.76, 20.00, 4.63, 22.78, 16.32, 0.00, 130.09, 0.00, 81.05, 45.01, 0, 0
2.00, 5.70, 25.78, 25.78, 3529.29, 20.00, 4.63, 22.22, 15.66, 0.00, 97.90, 0.00, 90.00, 56.35, 0, 0
2.00, 5.70, 25.67, 25.67, 3172.98, 20.00, 4.63, 21.11, 14.54, 0.00, 70.79, 0.00, 100.64, 67.65, 0, 0
2.00, 5.70, 25.50, 25.50, 2809.96, 20.00, 4.63, 19.44, 12.95, 0.00, 37.11, 0.00, 109.55, 78.62, 0, 0
2.00, 5.70, 25.29, 25.29, 2411.04, 20.00, 4.63, 17.78, 11.36, 0.00, 15.08, 0.00, 118.85, 88.99, 0, 0
2.00, 5.70, 25.10, 25.10, 2126.97, 20.00, 4.63, 16.67, 10.24, 0.00, 0.00, 0.00, 0.00, 90.00, 0, 0
2.00, 5.70, 24.91, 24.91, 1852.27, 20.00, 4.63, 15.00, 8.66, 0.00, 0.00, 0.00, 0.00, 90.00, 0, 0
2.00, 5.70, 24.75, 24.75, 1619.35, 20.00, 4.63, 13.89, 7.39, 0.00, 0.00, 0.00, 0.00, 90.00, 0, 0
2.00, 5.70, 24.57, 24.57, 1354.49, 20.00, 4.63, 12.22, 5.82, 0.00, 0.00, 0.00, 0.00, 90.00, 0, 0
2.00, 5.70, 24.41, 24.41, 1121.71, 20.00, 4.63, 11.11, 4.72, 0.00, 0.00, 0.00, 0.00, 90.00, 0, 0
2.00, 5.70, 24.25, 24.25, 929.33, 20.00, 4.63, 10.56, 4.10, 0.00, 0.00, 0.00, 0.00, 90.00, 0, 0
2.00, 5.70, 24.10, 24.10, 705.24, 20.00, 4.63, 9.44, 3.00, 0.00, 0.00, 0.00, 0.00, 90.00, 0, 0
2.00, 5.70, 23.95, 23.95, 515.22, 20.00, 4.63, 8.89, 2.38, 0.00, 0.00, 0.00, 0.00, 90.00, 0, 0
2.00, 5.70, 23.79, 23.79, 289.77, 20.00, 4.63, 7.78, 1.44, 0.00, 0.00, 0.00, 0.00, 90.00, 0, 0
2.00, 5.70, 23.73, 23.73, 367.58, 20.00, 4.63, 9.44, 3.00, 0.00, 41.48, 24.77, -113.96, 83.53, 0, 0
2.00, 5.70, 24.59, 24.59, 3067.22, 20.00, 4.63, 11.67, 5.19, 532.85, 49.06, 22.63, -104.95, 72.81, 0, 0
2.00, 5.70, 25.00, 25.00, 3440.61, 20.00, 4.63, 13.89, 7.55, 750.90, 76.41, 28.94, -96.01, 61.64, 0, 0
2.00, 5.70, 25.00, 25.00, 2870.73, 20.00, 4.63, 16.11, 9.77, 721.59, 102.95, 39.86, -86.36, 50.28, 0, 0
2.00, 5.70, 25.00, 25.00, 2699.33, 20.00, 4.63, 18.33, 11.83, 486.97, 148.92, 52.57, -74.64, 39.07, 0, 0
2.00, 5.70, 25.00, 25.00, 2918.89, 20.00, 4.63, 20.00, 13.42, 323.15, 179.21, 66.02, -58.01, 28.64, 0, 0
2.00, 5.70, 25.00, 25.00, 3145.86, 20.00, 4.63, 21.67, 15.01, 153.46, 184.21, 79.77, -30.28, 20.62, 0, 0
2.00, 5.70, 25.40, 25.40, 3592.46, 20.00, 4.63, 22.78, 16.14, 0.00, 194.07, 0.00, 11.44, 18.68, 0, 0
2.00, 5.70, 25.68, 25.68, 3822.96, 20.00, 4.63, 23.33, 16.60, 0.00, 193.51, 0.00, 46.73, 24.35, 0, 0
2.00, 5.70, 25.85, 25.85, 3920.79, 20.00, 4.63, 23.89, 17.07, 0.00, 166.85, 0.00, 67.63, 33.95, 0, 0
2.00, 5.70, 25.93, 25.93, 3837.31, 20.00, 4.63, 23.33, 16.60, 0.00, 133.05, 0.00, 81.17, 44.91, 0, 0
2.00, 5.70, 25.92, 25.92, 3672.41, 20.00, 4.63, 22.78, 16.14, 0.00, 105.18, 0.00, 90.00, 56.25, 0, 0
2.00, 5.70, 25.80, 25.80, 3284.72, 20.00, 4.63, 21.67, 15.01, 0.00, 75.62, 0.00, 100.73, 67.54, 0, 0
2.00, 5.70, 25.63, 25.63, 2919.72, 20.00, 4.63, 20.00, 13.23, 0.00, 42.91, 0.00, 109.63, 78.51, 0, 0
2.00, 5.70, 25.42, 25.42, 2530.33, 20.00, 4.63, 18.33, 11.65, 0.00, 13.20, 0.00, 118.92, 88.87, 0, 0
2.00, 5.70, 25.22, 25.22, 2216.04, 20.00, 4.63, 16.67, 10.08, 0.00, 0.00, 0.00, 0.00, 90.00, 0, 0
2.00, 5.70, 25.03, 25.03, 1936.81, 20.00, 4.63, 15.00, 8.33, 0.00, 0.00, 0.00, 0.00, 90.00, 0, 0
2.00, 5.70, 24.84, 24.84, 1661.94, 20.00, 4.63, 13.33, 6.76, 0.00, 0.00, 0.00, 0.00, 90.00, 0, 0
2.00, 5.70, 24.66, 24.66, 1385.54, 20.00, 4.63, 11.67, 5.03, 0.00, 0.00, 0.00, 0.00, 90.00, 0, 0
2.00, 5.70, 24.48, 24.48, 1143.74, 20.00, 4.63, 10.56, 3.93, 0.00, 0.00, 0.00, 0.00, 90.00, 0, 0
2.00, 5.70, 24.31, 24.31, 904.39, 20.00, 4.63, 9.44, 2.84, 0.00, 0.00, 0.00, 0.00, 90.00, 0, 0
2.00, 5.70, 24.14, 24.14, 664.23, 20.00, 4.63, 8.33, 1.76, 0.00, 0.00, 0.00, 0.00, 90.00, 0, 0
2.00, 5.70, 23.96, 23.96, 421.18, 20.00, 4.63, 7.22, 0.51, 0.00, 0.00, 0.00, 0.00, 90.00, 0, 0
2.00, 5.70, 23.06, 23.06, -1920.57, 20.00, 4.63, 6.11, -0.57, 0.00, 0.00, 0.00, 0.00, 90.00, 0, 0
2.00, 5.70, 22.58, 22.58, -2068.60, 20.00, 4.63, 7.22, 0.51, 0.00, 30.17, 24.89, -114.08, 83.48, 0, 0
2.00, 5.70, 22.32, 22.32, -2096.13, 20.00, 4.63, 7.78, 1.13, 17.46, 48.12, 22.74, -105.07, 72.77, 0, 0
2.00, 5.70, 22.15, 22.15, -2151.99, 20.00, 4.63, 8.33, 1.76, 2.76, 72.79, 29.01, -96.14, 61.60, 0, 0
2.00, 5.70, 22.12, 22.12, -1924.27, 20.00, 4.63, 9.44, 2.84, 9.68, 105.35, 39.89, -86.51, 50.24, 0, 0
2.00, 5.70, 22.24, 22.24, -1422.68, 20.00, 4.63, 10.56, 3.93, 82.44, 175.76, 52.57, -74.83, 39.02, 0, 0
2.00, 5.70, 22.54, 22.54, -584.86, 20.00, 4.63, 12.78, 6.12, 114.19, 218.71, 66.00, -58.24, 28.58, 0, 0
2.00, 5.70, 22.80, 22.80, -156.72, 20.00, 4.63, 13.89, 7.22, 39.31, 232.81, 79.74, -30.52, 20.52, 0, 0
2.00, 5.70, 23.27, 23.27, 872.77, 20.00, 4.63, 15.00, 8.33, 0.00, 231.23, 0.00, 11.39, 18.55, 0, 0
2.00, 5.70, 23.62, 23.62, 1276.05, 20.00, 4.63, 15.56, 8.97, 0.00, 233.71, 0.00, 46.83, 24.23, 0, 0
2.00, 5.70, 23.84, 23.84, 1421.05, 20.00, 4.63, 16.11, 9.43, 0.00, 205.65, 0.00, 67.75, 33.85, 0, 0
2.00, 5.70, 23.92, 23.92, 1365.27, 20.00, 4.63, 16.11, 9.43, 0.00, 172.45, 0.00, 81.28, 44.80, 0, 0
2.00, 5.70, 23.98, 23.98, 1410.10, 20.00, 4.63, 16.11, 9.43, 0.00, 122.76, 0.00, 90.00, 56.14, 0, 0
2.00, 5.70, 23.93, 23.93, 1162.27, 20.00, 4.63, 15.56, 8.97, 0.00, 79.68, 0.00, 100.81, 67.44, 0, 0
2.00, 5.70, 23.81, 23.81, 880.30, 20.00, 4.63, 14.44, 7.86, 0.00, 40.45, 0.00, 109.70, 78.40, 0, 0
2.00, 5.70, 23.66, 23.66, 600.03, 20.00, 4.63, 13.89, 7.39, 0.00, 13.20, 0.00, 118.98, 88.76, 0, 0
2.00, 5.70, 23.50, 23.50, 356.81, 20.00, 4.63, 12.78, 6.29, 0.00, 0.00, 0.00, 0.00, 90.00, 0, 0
2.00, 5.70, 23.35, 23.35, 145.20, 20.00, 4.63, 11.67, 5.19, 0.00, 0.00, 0.00, 0.00, 90.00, 0, 0
2.00, 5.70, 23.19, 23.19, -62.84, 20.00, 4.63, 10.56, 4.25, 0.00, 0.00, 0.00, 0.00, 90.00, 0, 0
2.00, 5.70, 23.04, 23.04, -271.56, 20.00, 4.63, 9.44, 3.00, 0.00, 0.00, 0.00, 0.00, 90.00, 0, 0
2.00, 5.70, 22.92, 22.92, -404.14, 20.00, 4.63, 9.44, 3.00, 0.00, 0.00, 0.00, 0.00, 90.00, 0, 0
2.00, 5.70, 22.79, 22.79, -562.05, 20.00, 4.63, 8.89, 2.38, 0.00, 0.00, 0.00, 0.00, 90.00, 0, 0
2.00, 5.70, 22.65, 22.65, -759.47, 20.00, 4.63, 7.78, 1.29, 0.00, 0.00, 0.00, 0.00, 90.00, 0, 0
2.00, 5.70, 22.52, 22.52, -927.41, 20.00, 4.63, 7.22, 0.83, 0.00, 0.00, 0.00, 0.00, 90.00, 0, 0
2.00, 5.70, 21.76, 21.76, -3051.67, 20.00, 4.63, 6.67, 0.21, 0.00, 0.00, 0.00, 0.00, 90.00, 0, 0
2.00, 5.70, 21.42, 21.42, -2968.71, 20.00, 4.63, 8.33, 2.06, 0.00, 35.83, 25.01, -114.19, 83.43, 0, 0
2.00, 5.70, 21.58, 21.58, -1885.63, 20.00, 4.63, 10.00, 3.63, 168.61, 65.38, 22.85, -105.19, 72.73, 0, 0
2.00, 5.70, 21.87, 21.87, -1128.83, 20.00, 4.63, 11.67, 5.35, 325.37, 107.97, 29.06, -96.28, 61.56, 0, 0
2.00, 5.70, 22.17, 22.17, -571.62, 20.00, 4.63, 13.89, 7.55, 467.00, 132.47, 39.91, -86.66, 50.21, 0, 0
2.00, 5.70, 22.55, 22.55, 206.13, 20.00, 4.63, 16.67, 10.24, 469.70, 155.75, 52.57, -75.01, 38.99, 0, 0
2.00, 5.70, 22.97, 22.97, 957.02, 20.00, 4.63, 18.33, 11.99, 291.46, 192.54, 65.98, -58.47, 28.52, 0, 0
2.00, 5.70, 23.38, 23.38, 1643.48, 20.00, 4.63, 20.00, 13.59, 121.67, 208.63, 79.71, -30.76, 20.43, 0, 0
2.00, 5.70, 23.72, 23.72, 1953.70, 20.00, 4.63, 21.11, 14.71, 0.00, 215.70, 0.00, 11.32, 18.43, 0, 0
2.00, 5.70, 23.98, 23.98, 2208.64, 20.00, 4.63, 21.67, 15.19, 0.00, 211.44, 0.00, 46.92, 24.12, 0, 0
2.00, 5.70, 24.19, 24.19, 2434.32, 20.00, 4.63, 22.22, 15.66, 0.00, 160.90, 0.00, 67.86, 33.74, 0, 0
2.00, 5.70, 24.31, 24.31, 2443.44, 20.00, 4.63, 22.22, 15.66, 0.00, 127.24, 0.00, 81.38, 44.71, 0, 0
2.00, 5.70, 24.30, 24.30, 2217.12, 20.00, 4.63, 21.67, 15.19, 0.00, 102.11, 0.00, 90.00, 56.05, 0, 0
2.00, 5.70, 24.22, 24.22, 1941.27, 20.00, 4.63, 20.56, 14.07, 0.00, 62.11, 0.00, 100.89, 67.34, 0, 0
2.00, 5.70, 24.08, 24.08, 1622.72, 20.00, 4.63, 19.44, 12.95, 0.00, 29.15, 0.00, 109.77, 78.30, 0, 0
2.00, 5.70, 23.89, 23.89, 1231.77, 20.00, 4.63, 17.78, 11.36, 0.00, 15.08, 0.00, 119.04, 88.65, 0, 0
2.00, 5.70, 23.70, 23.70, 926.69, 20.00, 4.63, 16.11, 9.77, 0.00, 0.00, 0.00, 0.00, 90.00, 0, 0
2.00, 5.70, 23.54, 23.54, 699.22, 20.00, 4.63, 15.00, 8.50, 0.00, 0.00, 0.00, 0.00, 90.00, 0, 0
2.00, 5.70, 23.37, 23.37, 446.60, 20.00, 4.63, 13.33, 6.92, 0.00, 0.00, 0.00, 0.00, 90.00, 0, 0
2.00, 5.70, 23.22, 23.22, 230.01, 20.00, 4.63, 12.22, 5.82, 0.00, 0.00, 0.00, 0.00, 90.00, 0, 0
2.00, 5.70, 23.07, 23.07, 16.59, 20.00, 4.63, 11.11, 4.56, 0.00, 0.00, 0.00, 0.00, 90.00, 0, 0
2.00, 5.70, 22.90, 22.90, -236.46, 20.00, 4.63, 9.44, 3.00, 0.00, 0.00, 0.00, 0.00, 90.00, 0, 0
2.00, 5.70, 22.74, 22.74, -461.99, 20.00, 4.63, 8.33, 1.91, 0.00, 0.00, 0.00, 0.00, 90.00, 0, 0
2.00, 5.70, 22.58, 22.58, -689.35, 20.00, 4.63, 7.22, 0.83, 0.00, 0.00, 0.00, 0.00, 90.00, 0, 0
2.00, 5.70, 21.76, 21.76, -2969.16, 20.00, 4.63, 6.11, -0.26, 0.00, 0.00, 0.00, 0.00, 90.00, 0, 0
2.00, 5.70, 21.39, 21.39, -2896.84, 20.00, 4.63, 7.78, 1.44, 0.00, 47.14, 25.13, -114.30, 83.39, 0, 0
2.00, 5.70, 22.00, 22.00, -353.51, 20.00, 4.63, 10.00, 3.47, 461.88, 54.04, 22.95, -105.31, 72.69, 0, 0
2.00, 5.70, 22.22, 22.22, -541.63, 20.00, 4.63, 11.67, 5.19, 388.58, 100.12, 29.12, -96.40, 61.53, 0, 0
2.00, 5.70, 22.36, 22.36, -371.53, 20.00, 4.63, 13.33, 6.92, 440.26, 132.09, 39.93, -86.81, 50.18, 0, 0
2.00, 5.70, 22.59, 22.59, 136.28, 20.00, 4.63, 15.56, 8.97, 377.71, 165.13, 52.57, -75.19, 38.95, 0, 0
2.00, 5.70, 22.92, 22.92, 846.55, 20.00, 4.63, 17.22, 10.72, 267.27, 194.08, 65.96, -58.68, 28.48, 0, 0
2.00, 5.70, 23.28, 23.28, 1503.34, 20.00, 4.63, 18.89, 12.12, 118.65, 204.09, 79.68, -31.00, 20.35, 0, 0
2.00, 5.70, 23.64, 23.64, 1953.64, 20.00, 4.63, 20.00, 13.23, 0.00, 207.26, 0.00, 11.25, 18.32, 0, 0
2.00, 5.70, 23.89, 23.89, 2162.49, 20.00, 4.63, 20.56, 13.69, 0.00, 204.32, 0.00, 47.00, 24.01, 0, 0
2.00, 5.70, 24.05, 24.05, 2230.41, 20.00, 4.63, 20.56, 13.89, 0.00, 176.47, 0.00, 67.97, 33.64, 0, 0
2.00, 5.70, 24.13, 24.13, 2215.65, 20.00, 4.63, 20.56, 13.89, 0.00, 143.76, 0.00, 81.47, 44.61, 0, 0
2.00, 5.70, 24.12, 24.12, 2011.90, 20.00, 4.63, 20.00, 13.23, 0.00, 114.34, 0.00, 90.00, 55.95, 0, 0
2.00, 5.70, 24.01, 24.01, 1684.86, 20.00, 4.63, 18.89, 12.12, 0.00, 79.46, 0.00, 100.96, 67.24, 0, 0
2.00, 5.70, 23.83, 23.83, 1278.82, 20.00, 4.63, 17.22, 10.54, 0.00, 37.65, 0.00, 109.82, 78.20, 0, 0
2.00, 5.70, 23.63, 23.63, 902.50, 20.00, 4.63, 15.56, 8.97, 0.00, 7.54, 0.00, 119.09, 88.55, 0, 0
2.00, 5.70, 23.44, 23.44, 641.29, 20.00, 4.63, 14.44, 7.68, 0.00, 0.00, 0.00, 0.00, 90.00, 0, 0
2.00, 5.70, 23.27, 23.27, 373.52, 20.00, 4.63, 12.78, 6.12, 0.00, 0.00, 0.00, 0.00, 90.00, 0, 0
2.00, 5.70, 23.10, 23.10, 145.13, 20.00, 4.63, 11.67, 4.85, 0.00, 0.00, 0.00, 0.00, 90.00, 0, 0
2.00, 5.70, 22.93, 22.93, -117.26, 20.00, 4.63, 10.00, 3.13, 0.00, 0.00, 0.00, 0.00, 90.00, 0, 0
2.00, 5.70, 22.77, 22.77, -348.47, 20.00, 4.63, 8.89, 2.22, 0.00, 0.00, 0.00, 0.00, 90.00, 0, 0
2.00, 5.70, 22.60, 22.60, -579.53, 20.00, 4.63, 7.78, 1.13, 0.00, 0.00, 0.00, 0.00, 90.00, 0, 0
2.00, 5.70, 22.44, 22.44, -812.92, 20.00, 4.63, 6.67, -0.11, 0.00, 0.00, 0.00, 0.00, 90.00, 0, 0
2.00, 5.70, 22.27, 22.27, -1049.82, 20.00, 4.63, 5.56, -1.19, 0.00, 0.00, 0.00, 0.00, 90.00, 0, 0
2.00, 5.70, 21.37, 21.37, -3603.54, 20.00, 4.63, 4.44, -2.26, 0.00, 0.00, 0.00, 0.00, 90.00, 0, 0
2.00, 5.70, 20.99, 20.99, -3437.84, 20.00, 4.63, 6.67, -0.11, 0.00, 49.02, 25.24, -114.40, 83.35, 0, 0
2.00, 5.70, 21.49, 21.49, -1221.28, 20.00, 4.63, 8.33, 1.59, 420.93, 58.57, 23.04, -105.42, 72.66, 0, 0
2.00, 5.70, 21.92, 21.92, -578.62, 20.00, 4.63, 10.56, 3.76, 594.99, 87.30, 29.17, -96.53, 61.51, 0, 0
2.00, 5.70, 22.20, 22.20, -265.72, 20.00, 4.63, 13.33, 6.40, 694.12, 105.68, 39.94, -86.95, 50.15, 0, 0
2.00, 5.70, 22.43, 22.43, 43.33, 20.00, 4.63, 15.00, 8.14, 579.13, 129.32, 52.56, -75.36, 38.92, 0, 0
2.00, 5.70, 22.80, 22.80, 855.56, 20.00, 4.63, 17.22, 10.15, 379.39, 155.06, 65.94, -58.90, 28.43, 0, 0
2.00, 5.70, 23.21, 23.21, 1597.65, 20.00, 4.63, 18.89, 11.91, 175.16, 162.01, 79.65, -31.23, 20.28, 0, 0
2.00, 5.70, 23.61, 23.61, 2118.91, 20.00, 4.63, 20.00, 13.03, 0.00, 160.90, 0.00, 11.17, 18.21, 0, 0
2.00, 5.70, 23.92, 23.92, 2405.97, 20.00, 4.63, 21.11, 13.94, 0.00, 151.65, 0.00, 47.07, 23.90, 0, 0
2.00, 5.70, 24.11, 24.11, 2487.66, 20.00, 4.63, 21.11, 13.94, 0.00, 133.03, 0.00, 68.06, 33.54, 0, 0
2.00, 5.70, 24.19, 24.19, 2429.39, 20.00, 4.63, 21.11, 13.94, 0.00, 115.58, 0.00, 81.55, 44.52, 0, 0
2.00, 5.70, 24.16, 24.16, 2171.33, 20.00, 4.63, 20.56, 13.48, 0.00, 105.28, 0.00, 90.00, 55.86, 0, 0
2.00, 5.70, 24.04, 24.04, 1788.67, 20.00, 4.63, 19.44, 12.16, 0.00, 77.13, 0.00, 101.02, 67.15, 0, 0
2.00, 5.70, 23.86, 23.86, 1425.62, 20.00, 4.63, 17.78, 10.61, 0.00, 40.61, 0.00, 109.88, 78.10, 0, 0
2.00, 5.70, 23.64, 23.64, 979.08, 20.00, 4.63, 15.56, 8.60, 0.00, 16.97, 0.00, 119.13, 88.45, 0, 0
2.00, 5.70, 23.42, 23.42, 638.30, 20.00, 4.63, 13.89, 6.86, 0.00, 0.00, 0.00, 0.00, 90.00, 0, 0
2.00, 5.70, 23.22, 23.22, 343.86, 20.00, 4.63, 12.22, 5.12, 0.00, 0.00, 0.00, 0.00, 90.00, 0, 0
2.00, 5.70, 23.02, 23.02, 57.01, 20.00, 4.63, 10.56, 3.59, 0.00, 0.00, 0.00, 0.00, 90.00, 0, 0
2.00, 5.70, 22.83, 22.83, -229.37, 20.00, 4.63, 8.89, 1.87, 0.00, 0.00, 0.00, 0.00, 90.00, 0, 0
2.00, 5.70, 22.65, 22.65, -479.88, 20.00, 4.63, 7.78, 0.61, 0.00, 0.00, 0.00, 0.00, 90.00, 0, 0
2.00, 5.70, 22.46, 22.46, -766.43, 20.00, 4.63, 6.11, -0.90, 0.00, 0.00, 0.00, 0.00, 90.00, 0, 0
2.00, 5.70, 22.26, 22.26, -1062.63, 20.00, 4.63, 4.44, -2.59, 0.00, 0.00, 0.00, 0.00, 90.00, 0, 0
2.00, 5.70, 22.06, 22.06, -1328.47, 20.00, 4.63, 3.33, -3.65, 0.00, 0.00, 0.00, 0.00, 90.00, 0, 0
2.00, 5.70, 20.99, 20.99, -4404.55, 20.00, 4.63, 1.67, -5.33, 0.00, 0.00, 0.00, 0.00, 90.00, 0, 0
2.00, 5.70, 20.40, 20.40, -4634.39, 20.00, 4.63, 2.78, -4.27, 0.00, 33.94, 25.34, -114.50, 83.32, 0, 0
2.00, 5.70, 20.81, 20.81, -2372.59, 20.00, 4.63, 5.00, -2.15, 420.66, 56.60, 23.13, -105.52, 72.64, 0, 0
2.00, 5.70, 21.25, 21.25, -1555.20, 20.00, 4.63, 7.22, 0.17, 674.59, 80.58, 29.21, -96.64, 61.49, 0, 0
2.00, 5.70, 21.41, 21.41, -1638.80, 20.00, 4.63, 9.44, 2.32, 657.74, 107.45, 39.95, -87.08, 50.13, 0, 0
2.00, 5.70, 21.58, 21.58, -1277.37, 20.00, 4.63, 11.67, 4.48, 519.80, 140.63, 52.55, -75.52, 38.90, 0, 0
2.00, 5.70, 21.87, 21.87, -607.28, 20.00, 4.63, 13.33, 6.21, 351.43, 166.41, 65.92, -59.10, 28.40, 0, 0
2.00, 5.70, 22.18, 22.18, -65.72, 20.00, 4.63, 14.44, 7.30, 155.28, 180.86, 79.61, -31.46, 20.21, 0, 0
2.00, 5.70, 22.67, 22.67, 1022.96, 20.00, 4.63, 15.56, 8.40, 0.00, 180.35, 0.00, 11.08, 18.11, 0, 0
2.00, 5.70, 23.02, 23.02, 1345.77, 20.00, 4.63, 16.67, 9.50, 0.00, 171.34, 0.00, 47.13, 23.80, 0, 0
2.00, 5.70, 23.25, 23.25, 1487.09, 20.00, 4.63, 16.67, 9.70, 0.00, 138.55, 0.00, 68.14, 33.45, 0, 0
2.00, 5.70, 23.36, 23.36, 1458.58, 20.00, 4.63, 16.67, 9.70, 0.00, 108.10, 0.00, 81.63, 44.43, 0, 0
2.00, 5.70, 23.35, 23.35, 1240.92, 20.00, 4.63, 16.11, 9.24, 0.00, 79.89, 0.00, 90.00, 55.77, 0, 0
2.00, 5.70, 23.25, 23.25, 907.95, 20.00, 4.63, 15.00, 8.14, 0.00, 54.44, 0.00, 101.07, 67.06, 0, 0
2.00, 5.70, 23.07, 23.07, 501.50, 20.00, 4.63, 13.33, 6.40, 0.00, 29.24, 0.00, 109.92, 78.01, 0, 0
2.00, 5.70, 22.84, 22.84, 80.00, 20.00, 4.63, 12.22, 5.49, 0.00, 16.97, 0.00, 119.17, 88.35, 0, 0
2.00, 5.70, 22.63, 22.63, -234.03, 20.00, 4.63, 11.11, 4.39, 0.00, 0.00, 0.00, 0.00, 90.00, 0, 0
2.00, 5.70, 22.44, 22.44, -494.92, 20.00, 4.63, 10.00, 3.30, 0.00, 0.00, 0.00, 0.00, 90.00, 0, 0
2.00, 5.70, 22.28, 22.28, -702.86, 20.00, 4.63, 9.44, 2.67, 0.00, 0.00, 0.00, 0.00, 90.00, 0, 0
2.00, 5.70, 22.10, 22.10, -973.91, 20.00, 4.63, 7.78, 1.13, 0.00, 0.00, 0.00, 0.00, 90.00, 0, 0
2.00, 5.70, 21.95, 21.95, -1135.89, 20.00, 4.63, 7.78, 0.97, 0.00, 0.00, 0.00, 0.00, 90.00, 0, 0
2.00, 5.70, 21.83, 21.83, -1279.22, 20.00, 4.63, 7.78, 0.97, 0.00, 0.00, 0.00, 0.00, 90.00, 0, 0
2.00, 5.70, 21.71, 21.71, -1410.30, 20.00, 4.63, 7.78, 0.97, 0.00, 0.00, 0.00, 0.00, 90.00, 0, 0
2.00, 5.70, 21.59, 21.59, -1572.49, 20.00, 4.63, 7.22, 0.51, 0.00, 0.00, 0.00, 0.00, 90.00, 0, 0
2.00, 5.70, 20.94, 20.94, -3527.22, 20.00, 4.63, 7.22, 0.51, 0.00, 0.00, 0.00, 0.00, 90.00, 0, 0
2.00, 5.70, 20.60, 20.60, -3578.49, 20.00, 4.63, 8.33, 1.76, 0.00, 16.97, 25.44, -114.60, 83.30, 0, 0
2.00, 5.70, 20.72, 20.72, -2625.82, 20.00, 4.63, 10.00, 3.47, 136.27, 59.06, 23.21, -105.62, 72.62, 0, 0
2.00, 5.70, 21.22, 21.22, -1197.89, 20.00, 4.63, 12.22, 5.66, 465.16, 101.58, 29.25, -96.75, 61.47, 0, 0
2.00, 5.70, 21.37, 21.37, -1405.92, 20.00, 4.63, 13.89, 7.39, 220.03, 151.73, 39.96, -87.21, 50.12, 0, 0
2.00, 5.70, 21.52, 21.52, -1146.27, 20.00, 4.63, 15.00, 8.50, 113.20, 188.18, 52.54, -75.67, 38.88, 0, 0
2.00, 5.70, 21.82, 21.82, -408.44, 20.00, 4.63, 16.67, 10.08, 135.31, 222.78, 65.89, -59.30, 28.36, 0, 0
2.00, 5.70, 22.13, 22.13, 115.89, 20.00, 4.63, 17.78, 11.19, 62.79, 232.13, 79.58, -31.68, 20.15, 0, 0
2.00, 5.70, 22.31, 22.31, 240.22, 20.00, 4.63, 17.78, 11.19, 0.00, 194.58, 0.00, 10.99, 18.02, 0, 0
2.00, 5.70, 22.44, 22.44, 355.67, 20.00, 4.63, 17.78, 11.19, 0.00, 208.96, 0.00, 47.17, 23.70, 0, 0
2.00, 5.70, 22.54, 22.54, 451.67, 20.00, 4.63, 18.33, 11.65, 0.00, 196.50, 0.00, 68.21, 33.36, 0, 0
2.00, 5.70, 22.53, 22.53, 276.05, 20.00, 4.63, 17.78, 11.19, 0.00, 143.09, 0.00, 81.69, 44.34, 0, 0
2.00, 5.70, 22.50, 22.50, 162.58, 20.00, 4.63, 16.67, 10.24, 0.00, 121.67, 0.00, 90.00, 55.68, 0, 0
2.00, 5.70, 22.44, 22.44, 26.95, 20.00, 4.63, 16.11, 9.61, 0.00, 83.91, 0.00, 101.12, 66.97, 0, 0
2.00, 5.70, 22.30, 22.30, -313.63, 20.00, 4.63, 15.00, 8.66, 0.00, 21.55, 0.00, 109.97, 77.92, 0, 0
2.00, 5.70, 22.15, 22.15, -581.71, 20.00, 4.63, 13.89, 7.55, 0.00, 1.89, 0.00, 119.20, 88.26, 0, 0
2.00, 5.70, 22.01, 22.01, -753.71, 20.00, 4.63, 13.33, 6.92, 0.00, 0.00, 0.00, 0.00, 90.00, 0, 0
2.00, 5.70, 21.88, 21.88, -945.64, 20.00, 4.63, 12.22, 5.82, 0.00, 0.00, 0.00, 0.00, 90.00, 0, 0
2.00, 5.70, 21.76, 21.76, -1099.15, 20.00, 4.63, 11.67, 5.19, 0.00, 0.00, 0.00, 0.00, 90.00, 0, 0
2.00, 5.70, 21.64, 21.64, -1286.00, 20.00, 4.63, 10.56, 4.10, 0.00, 0.00, 0.00, 0.00, 90.00, 0, 0
2.00, 5.70, 21.51, 21.51, -1479.50, 20.00, 4.63, 9.44, 3.00, 0.00, 0.00, 0.00, 0.00, 90.00, 0, 0
2.00, 5.70, 21.38, 21.38, -1639.99, 20.00, 4.63, 8.89, 2.53, 0.00, 0.00, 0.00, 0.00, 90.00, 0, 0
2.00, 5.70, 21.26, 21.26, -1797.74, 20.00, 4.63, 8.33, 1.91, 0.00, 0.00, 0.00, 0.00, 90.00, 0, 0
2.00, 5.70, 21.13, 21.13, -1994.16, 20.00, 4.63, 7.22, 0.83, 0.00, 0.00, 0.00, 0.00, 90.00, 0, 0
2.00, 5.70, 21.00, 21.00, -2160.57, 20.00, 4.63, 6.67, 0.36, 0.00, 0.00, 0.00, 0.00, 90.00, 0, 0
2.00, 5.70, 20.95, 20.95, -2064.62, 20.00, 4.63, 8.33, 2.06, 0.00, 37.71, 25.53, -114.69, 83.28, 0, 0
2.00, 5.70, 21.31, 21.31, -883.01, 20.00, 4.63, 10.00, 3.63, 214.43, 67.13, 23.28, -105.72, 72.61, 0, 0
2.00, 5.70, 21.66, 21.66, -355.03, 20.00, 4.63, 11.67, 5.35, 382.47, 101.39, 29.28, -96.86, 61.46, 0, 0
2.00, 5.70, 21.79, 21.79, -464.47, 20.00, 4.63, 13.89, 7.55, 331.24, 145.04, 39.96, -87.33, 50.11, 0, 0
2.00, 5.70, 21.92, 21.92, -278.18, 20.00, 4.63, 15.56, 9.29, 293.66, 178.98, 52.52, -75.82, 38.87, 0, 0
2.00, 5.70, 22.11, 22.11, 116.72, 20.00, 4.63, 17.22, 10.88, 211.57, 207.30, 65.86, -59.48, 28.34, 0, 0
2.00, 5.70, 22.35, 22.35, 553.84, 20.00, 4.63, 18.89, 12.47, 112.28, 214.77, 79.54, -31.90, 20.10, 0, 0
2.00, 5.70, 22.60, 22.60, 916.61, 20.00, 4.63, 20.00, 13.59, 0.00, 213.82, 0.00, 10.89, 17.93, 0, 0
2.00, 5.70, 22.82, 22.82, 1193.47, 20.00, 4.63, 20.56, 14.23, 0.00, 187.56, 0.00, 47.21, 23.61, 0, 0
2.00, 5.70, 22.98, 22.98, 1329.42, 20.00, 4.63, 21.11, 14.71, 0.00, 154.34, 0.00, 68.27, 33.27, 0, 0
2.00, 5.70, 23.08, 23.08, 1339.61, 20.00, 4.63, 21.67, 15.19, 0.00, 124.78, 0.00, 81.75, 44.26, 0, 0
2.00, 5.70, 23.07, 23.07, 1135.62, 20.00, 4.63, 21.11, 14.71, 0.00, 106.45, 0.00, 90.00, 55.60, 0, 0
2.00, 5.70, 22.95, 22.95, 745.88, 20.00, 4.63, 20.00, 13.59, 0.00, 81.94, 0.00, 101.16, 66.89, 0, 0
2.00, 5.70, 22.77, 22.77, 355.29, 20.00, 4.63, 18.33, 11.99, 0.00, 42.59, 0.00, 110.00, 77.84, 0, 0
2.00, 5.70, 22.58, 22.58, 36.27, 20.00, 4.63, 17.22, 10.88, 0.00, 11.31, 0.00, 119.23, 88.17, 0, 0
2.00, 5.70, 22.41, 22.41, -207.69, 20.00, 4.63, 16.11, 9.77, 0.00, 0.00, 0.00, 0.00, 90.00, 0, 0
2.00, 5.70, 22.25, 22.25, -451.94, 20.00, 4.63, 14.44, 8.18, 0.00, 0.00, 0.00, 0.00, 90.00, 0, 0
2.00, 5.70, 22.10, 22.10, -656.80, 20.00, 4.63, 13.33, 7.07, 0.00, 0.00, 0.00, 0.00, 90.00, 0, 0
2.00, 5.70, 21.96, 21.96, -856.53, 20.00, 4.63, 12.22, 5.97, 0.00, 0.00, 0.00, 0.00, 90.00, 0, 0
2.00, 5.70, 21.84, 21.84, -1016.57, 20.00, 4.63, 11.67, 5.35, 0.00, 0.00, 0.00, 0.00, 90.00, 0, 0
2.00, 5.70, 21.71, 21.71, -1209.05, 20.00, 4.63, 10.56, 4.25, 0.00, 0.00, 0.00, 0.00, 90.00, 0, 0
2.00, 5.70, 21.58, 21.58, -1368.29, 20.00, 4.63, 10.00, 3.63, 0.00, 0.00, 0.00, 0.00, 90.00, 0, 0
2.00, 5.70, 21.47, 21.47, -1524.32, 20.00, 4.63, 9.44, 3.15, 0.00, 0.00, 0.00, 0.00, 90.00, 0, 0
2.00, 5.70, 20.85, 20.85, -3359.78, 20.00, 4.63, 8.33, 2.06, 0.00, 0.00, 0.00, 0.00, 90.00, 0, 0
2.00, 5.70, 20.61, 20.61, -3185.55, 20.00, 4.63, 10.00, 3.77, 0.00, 43.37, 25.62, -114.78, 83.26, 0, 0
2.00, 5.70, 21.65, 21.65, 475.42, 20.00, 4.63, 12.78, 6.59, 651.67, 52.86, 23.35, -105.81, 72.60, 0, 0
2.00, 5.70, 22.13, 22.13, 447.69, 20.00, 4.63, 15.00, 8.66, 629.94, 84.85, 29.31, -96.96, 61.46, 0, 0
2.00, 5.70, 22.30, 22.30, 282.20, 20.00, 4.63, 16.67, 10.40, 571.19, 117.10, 39.89, -90.00, 50.11, 0, 0
2.00, 5.70, 22.52, 22.52, 716.79, 20.00, 4.63, 18.89, 12.63, 449.32, 151.69, 52.50, -75.96, 38.86, 0, 0
2.00, 5.70, 22.86, 22.86, 1404.50, 20.00, 4.63, 20.56, 14.23, 285.44, 187.02, 65.83, -59.66, 28.32, 0, 0
2.00, 5.70, 23.21, 23.21, 1990.24, 20.00, 4.63, 21.67, 15.36, 129.38, 198.36, 79.50, -32.12, 20.05, 0, 0
2.00, 5.70, 23.43, 23.43, 1996.44, 20.00, 4.63, 22.78, 16.32, 0.00, 211.72, 0.00, 10.78, 17.85, 0, 0
2.00, 5.70, 23.61, 23.61, 2170.81, 20.00, 4.63, 23.33, 16.96, 0.00, 211.63, 0.00, 47.23, 23.52, 0, 0
2.00, 5.70, 23.75, 23.75, 2295.86, 20.00, 4.63, 23.89, 17.44, 0.00, 185.28, 0.00, 68.32, 33.19, 0, 0
2.00, 5.70, 23.80, 23.80, 2175.11, 20.00, 4.63, 23.33, 16.96, 0.00, 148.42, 0.00, 81.80, 44.18, 0, 0
2.00, 5.70, 23.77, 23.77, 1970.96, 20.00, 4.63, 22.78, 16.48, 0.00, 112.27, 0.00, 90.00, 55.52, 0, 0
2.00, 5.70, 23.67, 23.67, 1673.72, 20.00, 4.63, 21.67, 15.36, 0.00, 72.28, 0.00, 101.20, 66.81, 0, 0
2.00, 5.70, 23.52, 23.52, 1305.34, 20.00, 4.63, 20.00, 13.75, 0.00, 36.94, 0.00, 110.03, 77.75, 0, 0
2.00, 5.70, 23.34, 23.34, 954.72, 20.00, 4.63, 18.89, 12.63, 0.00, 15.08, 0.00, 119.25, 88.09, 0, 0
2.00, 5.70, 23.15, 23.15, 651.61, 20.00, 4.63, 17.22, 11.03, 0.00, 0.00, 0.00, 0.00, 90.00, 0, 0
2.00, 5.70, 22.99, 22.99, 425.38, 20.00, 4.63, 16.11, 9.92, 0.00, 0.00, 0.00, 0.00, 90.00, 0, 0
2.00, 5.70, 22.84, 22.84, 173.23, 20.00, 4.63, 14.44, 8.18, 0.00, 0.00, 0.00, 0.00, 90.00, 0, 0
2.00, 5.70, 22.69, 22.69, -43.16, 20.00, 4.63, 13.33, 7.07, 0.00, 0.00, 0.00, 0.00, 90.00, 0, 0
2.00, 5.70, 22.55, 22.55, -256.32, 20.00, 4.63, 12.22, 5.97, 0.00, 0.00, 0.00, 0.00, 90.00, 0, 0
2.00, 5.70, 22.40, 22.40, -469.82, 20.00, 4.63, 11.11, 4.87, 0.00, 0.00, 0.00, 0.00, 90.00, 0, 0
2.00, 5.70, 22.27, 22.27, -646.56, 20.00, 4.63, 10.56, 4.25, 0.00, 0.00, 0.00, 0.00, 90.00, 0, 0
2.00, 5.70, 22.13, 22.13, -857.23, 20.00, 4.63, 9.44, 3.15, 0.00, 0.00, 0.00, 0.00, 90.00, 0, 0
2.00, 5.70, 21.47, 21.47, -2736.22, 20.00, 4.63, 8.33, 2.20, 0.00, 0.00, 0.00, 0.00, 90.00, 0, 0
2.00, 5.70, 21.24, 21.24, -2446.02, 20.00, 4.63, 10.56, 4.39, 0.00, 50.91, 25.70, -114.86, 83.25, 0, 0
2.00, 5.70, 22.36, 22.36, 1415.64, 20.00, 4.63, 12.78, 6.59, 729.55, 42.06, 23.40, -105.90, 72.60, 0, 0
2.00, 5.70, 22.93, 22.93, 1570.61, 20.00, 4.63, 15.00, 8.81, 811.33, 65.56, 29.33, -97.05, 61.46, 0, 0
2.00, 5.70, 23.11, 23.11, 1292.60, 20.00, 4.63, 17.22, 11.03, 718.83, 101.00, 39.89, -90.00, 50.11, 0, 0
2.00, 5.70, 23.30, 23.30, 1592.41, 20.00, 4.63, 19.44, 13.27, 489.89, 152.43, 52.48, -76.09, 38.86, 0, 0
2.00, 5.70, 23.64, 23.64, 2319.06, 20.00, 4.63, 21.11, 14.87, 364.70, 164.97, 65.80, -59.83, 28.31, 0, 0
2.00, 5.70, 24.03, 24.03, 3008.61, 20.00, 4.63, 22.78, 16.48, 172.59, 168.42, 79.46, -32.33, 20.01, 0, 0
2.00, 5.70, 24.28, 24.28, 2992.44, 20.00, 4.63, 23.89, 17.61, 0.00, 164.54, 0.00, 10.66, 17.78, 0, 0
2.00, 5.70, 24.49, 24.49, 3187.63, 20.00, 4.63, 24.44, 18.09, 0.00, 153.91, 0.00, 47.24, 23.44, 0, 0
2.00, 5.70, 24.64, 24.64, 3273.88, 20.00, 4.63, 25.00, 18.74, 0.00, 135.48, 0.00, 68.36, 33.11, 0, 0
2.00, 5.70, 24.71, 24.71, 3213.44, 20.00, 4.63, 25.00, 18.74, 0.00, 123.33, 0.00, 81.84, 44.10, 0, 0
2.00, 5.70, 24.66, 24.66, 2894.11, 20.00, 4.63, 23.89, 17.61, 0.00, 110.87, 0.00, 90.00, 55.45, 0, 0
2.00, 5.70, 24.52, 24.52, 2481.64, 20.00, 4.63, 22.78, 16.48, 0.00, 81.56, 0.00, 101.23, 66.73, 0, 0
2.00, 5.70, 24.30, 24.30, 1983.64, 20.00, 4.63, 20.56, 14.39, 0.00, 34.08, 0.00, 110.05, 77.67, 0, 0
2.00, 5.70, 24.09, 24.09, 1638.24, 20.00, 4.63, 19.44, 13.27, 0.00, 5.66, 0.00, 119.27, 88.01, 0, 0
2.00, 5.70, 23.91, 23.91, 1381.57, 20.00, 4.63, 18.33, 12.29, 0.00, 0.00, 0.00, 0.00, 90.00, 0, 0
2.00, 5.70, 23.75, 23.75, 1157.01, 20.00, 4.63, 17.22, 11.17, 0.00, 0.00, 0.00, 0.00, 90.00, 0, 0
2.00, 5.70, 23.61, 23.61, 943.80, 20.00, 4.63, 16.11, 10.06, 0.00, 0.00, 0.00, 0.00, 90.00, 0, 0
2.00, 5.70, 23.47, 23.47, 735.08, 20.00, 4.63, 15.00, 8.95, 0.00, 0.00, 0.00, 0.00, 90.00, 0, 0
2.00, 5.70, 23.35, 23.35, 565.90, 20.00, 4.63, 14.44, 8.32, 0.00, 0.00, 0.00, 0.00, 90.00, 0, 0
2.00, 5.70, 23.24, 23.24, 403.94, 20.00, 4.63, 13.89, 7.70, 0.00, 0.00, 0.00, 0.00, 90.00, 0, 0
2.00, 5.70, 23.13, 23.13, 245.78, 20.00, 4.63, 13.33, 7.22, 0.00, 0.00, 0.00, 0.00, 90.00, 0, 0
2.00, 5.70, 23.02, 23.02, 89.09, 20.00, 4.63, 12.78, 6.59, 0.00, 0.00, 0.00, 0.00, 90.00, 0, 0
2.00, 5.70, 22.55, 22.55, -1135.63, 20.00, 4.63, 12.22, 6.11, 0.00, 0.00, 0.00, 0.00, 90.00, 0, 0
2.00, 5.70, 22.36, 22.36, -1030.78, 20.00, 4.63, 13.33, 7.35, 0.00, 39.60, 25.78, -114.94, 83.25, 0, 0
2.00, 5.70, 23.06, 23.06, 1479.44, 20.00, 4.63, 15.56, 9.57, 434.08, 52.20, 23.46, -105.98, 72.60, 0, 0
2.00, 5.70, 23.52, 23.52, 1887.31, 20.00, 4.63, 17.78, 11.80, 492.23, 92.16, 29.34, -97.14, 61.46, 0, 0
2.00, 5.70, 23.84, 23.84, 2212.07, 20.00, 4.63, 20.00, 13.90, 563.97, 123.92, 39.89, -90.00, 50.11, 0, 0
2.00, 5.70, 24.14, 24.14, 2648.82, 20.00, 4.63, 21.67, 15.66, 534.38, 141.32, 52.46, -76.21, 38.86, 0, 0
2.00, 5.70, 24.55, 24.55, 3479.28, 20.00, 4.63, 23.89, 17.77, 385.91, 154.16, 65.76, -59.99, 28.30, 0, 0
2.00, 5.70, 24.98, 24.98, 4143.44, 20.00, 4.63, 25.56, 19.39, 175.01, 165.79, 79.41, -32.53, 19.98, 0, 0
2.00, 5.70, 25.19, 25.19, 3839.23, 20.00, 4.63, 26.67, 20.36, 0.00, 162.55, 0.00, 10.54, 17.71, 0, 0
2.00, 5.70, 25.39, 25.39, 4067.07, 20.00, 4.63, 27.78, 21.50, 0.00, 160.95, 0.00, 47.23, 23.37, 0, 0
2.00, 5.70, 25.54, 25.54, 4139.50, 20.00, 4.63, 28.33, 21.98, 0.00, 154.00, 0.00, 68.39, 33.04, 0, 0
2.00, 5.70, 25.58, 25.58, 3999.90, 20.00, 4.63, 27.78, 21.50, 0.00, 140.41, 0.00, 81.87, 44.03, 0, 0
2.00, 5.70, 25.59, 25.59, 3894.88, 20.00, 4.63, 27.78, 21.50, 0.00, 99.57, 0.00, 90.00, 55.37, 0, 0
2.00, 5.70, 25.52, 25.52, 3627.03, 20.00, 4.63, 26.67, 20.36, 0.00, 60.99, 0.00, 101.25, 66.66, 0, 0
2.00, 5.70, 25.38, 25.38, 3242.96, 20.00, 4.63, 25.00, 18.90, 0.00, 32.17, 0.00, 110.07, 77.60, 0, 0
2.00, 5.70, 25.20, 25.20, 2873.24, 20.00, 4.63, 23.89, 17.77, 0.00, 16.97, 0.00, 119.28, 87.93, 0, 0
2.00, 5.70, 25.03, 25.03, 2569.75, 20.00, 4.63, 22.22, 16.00, 0.00, 0.00, 0.00, 0.00, 90.00, 0, 0
2.00, 5.70, 24.87, 24.87, 2311.19, 20.00, 4.63, 20.56, 14.39, 0.00, 0.00, 0.00, 0.00, 90.00, 0, 0
2.00, 5.70, 24.71, 24.71, 2059.38, 20.00, 4.63, 18.89, 12.78, 0.00, 0.00, 0.00, 0.00, 90.00, 0, 0
2.00, 5.70, 24.57, 24.57, 1846.79, 20.00, 4.63, 17.78, 11.51, 0.00, 0.00, 0.00, 0.00, 90.00, 0, 0
2.00, 5.70, 24.42, 24.42, 1600.99, 20.00, 4.63, 16.11, 9.92, 0.00, 0.00, 0.00, 0.00, 90.00, 0, 0
2.00, 5.70, 24.26, 24.26, 1346.98, 20.00, 4.63, 14.44, 8.18, 0.00, 0.00, 0.00, 0.00, 90.00, 0, 0
2.00, 5.70, 24.10, 24.10, 1084.34, 20.00, 4.63, 12.78, 6.59, 0.00, 0.00, 0.00, 0.00, 90.00, 0, 0
2.00, 5.70, 23.93, 23.93, 812.52, 20.00, 4.63, 11.11, 4.87, 0.00, 0.00, 0.00, 0.00, 90.00, 0, 0
2.00, 5.70, 23.21, 23.21, -1011.02, 20.00, 4.63, 9.44, 3.29, 0.00, 0.00, 0.00, 0.00, 90.00, 0, 0
2.00, 5.70, 22.89, 22.89, -893.04, 20.00, 4.63, 11.11, 4.87, 0.00, 49.02, 25.85, -115.01, 83.25, 0, 0
2.00, 5.70, 23.67, 23.67, 2034.50, 20.00, 4.63, 13.33, 7.07, 540.97, 49.95, 23.50, -106.05, 72.60, 0, 0
2.00, 5.70, 24.17, 24.17, 2483.07, 20.00, 4.63, 15.56, 9.29, 670.90, 81.22, 29.35, -97.22, 61.47, 0, 0
2.00, 5.70, 24.40, 24.40, 2458.61, 20.00, 4.63, 17.78, 11.66, 682.67, 104.86, 39.88, -90.00, 50.12, 0, 0
2.00, 5.70, 24.62, 24.62, 2795.50, 20.00, 4.63, 20.00, 13.75, 544.33, 133.36, 52.43, -76.33, 38.87, 0, 0
2.00, 5.70, 24.92, 24.92, 3387.15, 20.00, 4.63, 21.67, 15.36, 347.55, 167.29, 65.73, -60.15, 28.29, 0, 0
2.00, 5.70, 25.00, 25.00, 3902.64, 20.00, 4.63, 23.33, 16.96, 159.43, 180.60, 79.37, -32.72, 19.95, 0, 0
2.00, 5.70, 25.39, 25.39, 3923.34, 20.00, 4.63, 24.44, 18.09, 0.00, 177.84, 0.00, 10.41, 17.65, 0, 0
2.00, 5.70, 25.68, 25.68, 4181.31, 20.00, 4.63, 25.00, 18.74, 0.00, 162.36, 0.00, 47.22, 23.29, 0, 0
2.00, 5.70, 25.88, 25.88, 4296.67, 20.00, 4.63, 25.56, 19.23, 0.00, 143.57, 0.00, 68.41, 32.97, 0, 0
2.00, 5.70, 25.98, 25.98, 4252.08, 20.00, 4.63, 25.56, 19.23, 0.00, 117.59, 0.00, 81.89, 43.96, 0, 0
2.00, 5.70, 25.97, 25.97, 4040.58, 20.00, 4.63, 24.44, 18.09, 0.00, 83.68, 0.00, 90.00, 55.30, 0, 0
2.00, 5.70, 25.88, 25.88, 3731.36, 20.00, 4.63, 23.33, 17.12, 0.00, 57.40, 0.00, 101.27, 66.59, 0, 0
2.00, 5.70, 25.72, 25.72, 3331.42, 20.00, 4.63, 21.67, 15.51, 0.00, 32.87, 0.00, 110.08, 77.53, 0, 0
2.00, 5.70, 25.52, 25.52, 2927.87, 20.00, 4.63, 20.56, 14.39, 0.00, 16.97, 0.00, 119.28, 87.86, 0, 0
2.00, 5.70, 25.32, 25.32, 2596.26, 20.00, 4.63, 18.89, 12.78, 0.00, 0.00, 0.00, 0.00, 90.00, 0, 0
2.00, 5.70, 25.15, 25.15, 2348.77, 20.00, 4.63, 17.78, 11.66, 0.00, 0.00, 0.00, 0.00, 90.00, 0, 0
2.00, 5.70, 24.98, 24.98, 2078.55, 20.00, 4.63, 16.11, 9.92, 0.00, 0.00, 0.00, 0.00, 90.00, 0, 0
2.00, 5.70, 24.80, 24.80, 1807.34, 20.00, 4.63, 14.44, 8.32, 0.00, 0.00, 0.00, 0.00, 90.00, 0, 0
2.00, 5.70, 24.65, 24.65, 1610.22, 20.00, 4.63, 13.89, 7.70, 0.00, 0.00, 0.00, 0.00, 90.00, 0, 0
2.00, 5.70, 24.52, 24.52, 1425.39, 20.00, 4.63, 13.33, 7.07, 0.00, 0.00, 0.00, 0.00, 90.00, 0, 0
2.00, 5.70, 24.39, 24.39, 1247.51, 20.00, 4.63, 12.78, 6.59, 0.00, 0.00, 0.00, 0.00, 90.00, 0, 0
2.00, 5.70, 24.25, 24.25, 1033.87, 20.00, 4.63, 11.67, 5.49, 0.00, 0.00, 0.00, 0.00, 90.00, 0, 0
2.00, 5.70, 23.64, 23.64, -437.09, 20.00, 4.63, 11.11, 5.01, 0.00, 0.00, 0.00, 0.00, 90.00, 0, 0
2.00, 5.70, 23.34, 23.34, -450.00, 20.00, 4.63, 12.22, 6.11, 0.00, 24.51, 25.91, -115.08, 83.25, 0, 0
2.00, 5.70, 23.31, 23.31, -49.15, 20.00, 4.63, 13.33, 7.22, 49.16, 59.91, 23.54, -106.12, 72.61, 0, 0
2.00, 5.70, 23.44, 23.44, 416.82, 20.00, 4.63, 15.00, 8.95, 74.24, 109.89, 29.36, -97.29, 61.48, 0, 0
2.00, 5.70, 23.58, 23.58, 722.74, 20.00, 4.63, 16.11, 10.06, 72.64, 147.08, 39.87, -90.00, 50.13, 0, 0
2.00, 5.70, 23.82, 23.82, 1311.53, 20.00, 4.63, 17.78, 11.66, 128.96, 187.83, 52.40, -76.43, 38.88, 0, 0
2.00, 5.70, 24.07, 24.07, 1744.28, 20.00, 4.63, 18.89, 12.78, 72.73, 216.81, 65.69, -60.29, 28.30, 0, 0
2.00, 5.70, 24.40, 24.40, 2408.00, 20.00, 4.63, 20.56, 14.39, 60.18, 234.68, 79.33, -32.91, 19.93, 0, 0
2.00, 5.70, 24.74, 24.74, 2727.17, 20.00, 4.63, 21.67, 15.51, 0.00, 236.99, 0.00, 10.27, 17.59, 0, 0
2.00, 5.70, 25.01, 25.01, 3058.62, 20.00, 4.63, 22.78, 16.64, 0.00, 223.26, 0.00, 47.19, 23.23, 0, 0
2.00, 5.70, 25.26, 25.26, 3365.83, 20.00, 4.63, 23.33, 17.12, 0.00, 181.51, 0.00, 68.42, 32.90, 0, 0
2.00, 5.70, 25.35, 25.35, 3246.50, 20.00, 4.63, 23.33, 17.12, 0.00, 167.60, 0.00, 81.91, 43.89, 0, 0
2.00, 5.70, 25.34, 25.34, 3055.45, 20.00, 4.63, 23.33, 17.12, 0.00, 132.68, 0.00, 90.00, 55.24, 0, 0
2.00, 5.70, 25.23, 25.23, 2687.42, 20.00, 4.63, 22.22, 16.00, 0.00, 69.89, 0.00, 101.28, 66.52, 0, 0
2.00, 5.70, 25.06, 25.06, 2350.37, 20.00, 4.63, 20.56, 14.53, 0.00, 33.60, 0.00, 110.09, 77.46, 0, 0
2.00, 5.70, 24.90, 24.90, 2084.50, 20.00, 4.63, 19.44, 13.41, 0.00, 7.54, 0.00, 119.28, 87.79, 0, 0
2.00, 5.70, 24.75, 24.75, 1863.41, 20.00, 4.63, 18.33, 12.29, 0.00, 0.00, 0.00, 0.00, 90.00, 0, 0
2.00, 5.70, 24.63, 24.63, 1706.08, 20.00, 4.63, 17.78, 11.80, 0.00, 0.00, 0.00, 0.00, 90.00, 0, 0
2.00, 5.70, 24.51, 24.51, 1523.26, 20.00, 4.63, 16.67, 10.68, 0.00, 0.00, 0.00, 0.00, 90.00, 0, 0
2.00, 5.70, 24.38, 24.38, 1338.13, 20.00, 4.63, 15.56, 9.57, 0.00, 0.00, 0.00, 0.00, 90.00, 0, 0
2.00, 5.70, 24.27, 24.27, 1187.97, 20.00, 4.63, 15.00, 8.95, 0.00, 0.00, 0.00, 0.00, 90.00, 0, 0
2.00, 5.70, 24.15, 24.15, 1002.86, 20.00, 4.63, 13.89, 7.84, 0.00, 0.00, 0.00, 0.00, 90.00, 0, 0
2.00, 5.70, 24.02, 24.02, 810.12, 20.00, 4.63, 12.78, 6.73, 0.00, 0.00, 0.00, 0.00, 90.00, 0, 0
2.00, 5.70, 23.90, 23.90, 649.52, 20.00, 4.63, 12.22, 6.11, 0.00, 0.00, 0.00, 0.00, 90.00, 0, 0
2.00, 5.70, 23.31, 23.31, -828.07, 20.00, 4.63, 11.11, 5.14, 0.00, 0.00, 0.00, 0.00, 90.00, 0, 0
2.00, 5.70, 23.03, 23.03, -807.77, 20.00, 4.63, 12.22, 6.24, 0.00, 30.17, 25.97, -115.14, 83.26, 0, 0
2.00, 5.70, 23.57, 23.57, 1364.40, 20.00, 4.63, 14.44, 8.46, 364.30, 57.90, 23.57, -106.19, 72.63, 0, 0
2.00, 5.70, 24.08, 24.08, 2186.46, 20.00, 4.63, 16.67, 10.68, 558.15, 85.68, 29.36, -97.36, 61.50, 0, 0
2.00, 5.70, 24.35, 24.35, 2283.31, 20.00, 4.63, 18.89, 12.92, 535.24, 122.97, 39.85, -90.00, 50.15, 0, 0
2.00, 5.70, 24.65, 24.65, 2828.45, 20.00, 4.63, 21.11, 15.02, 512.36, 154.24, 52.37, -76.53, 38.89, 0, 0
2.00, 5.70, 24.89, 24.89, 3118.80, 20.00, 4.63, 22.22, 16.15, 195.12, 213.36, 65.65, -60.42, 28.30, 0, 0
2.00, 5.70, 25.00, 25.00, 3268.94, 20.00, 4.63, 22.78, 16.78, 47.53, 252.02, 79.28, -33.09, 19.92, 0, 0
2.00, 5.70, 25.18, 25.18, 3175.73, 20.00, 4.63, 23.33, 17.27, 0.00, 246.37, 0.00, 10.13, 17.55, 0, 0
2.00, 5.70, 25.32, 25.32, 3278.55, 20.00, 4.63, 23.89, 17.77, 0.00, 230.82, 0.00, 47.16, 23.17, 0, 0
2.00, 5.70, 25.36, 25.36, 3172.89, 20.00, 4.63, 23.33, 17.12, 0.00, 197.32, 0.00, 68.41, 32.83, 0, 0
2.00, 5.70, 25.37, 25.37, 3127.30, 20.00, 4.63, 22.78, 16.64, 0.00, 173.46, 0.00, 81.92, 43.83, 0, 0
2.00, 5.70, 25.36, 25.36, 3037.40, 20.00, 4.63, 22.22, 16.15, 0.00, 142.55, 0.00, 90.00, 55.17, 0, 0
2.00, 5.70, 25.29, 25.29, 2837.63, 20.00, 4.63, 21.11, 15.16, 0.00, 89.45, 0.00, 101.28, 66.46, 0, 0
2.00, 5.70, 25.19, 25.19, 2580.75, 20.00, 4.63, 20.00, 14.04, 0.00, 42.59, 0.00, 110.09, 77.40, 0, 0
2.00, 5.70, 25.03, 25.03, 2250.28, 20.00, 4.63, 18.89, 12.92, 0.00, 16.97, 0.00, 119.28, 87.73, 0, 0
2.00, 5.70, 24.87, 24.87, 1992.93, 20.00, 4.63, 17.78, 11.80, 0.00, 0.00, 0.00, 0.00, 90.00, 0, 0
2.00, 5.70, 24.72, 24.72, 1778.95, 20.00, 4.63, 16.67, 10.68, 0.00, 0.00, 0.00, 0.00, 90.00, 0, 0
2.00, 5.70, 24.58, 24.58, 1571.87, 20.00, 4.63, 15.56, 9.57, 0.00, 0.00, 0.00, 0.00, 90.00, 0, 0
2.00, 5.70, 24.44, 24.44, 1366.39, 20.00, 4.63, 14.44, 8.32, 0.00, 0.00, 0.00, 0.00, 90.00, 0, 0
2.00, 5.70, 24.30, 24.30, 1159.76, 20.00, 4.63, 13.33, 7.35, 0.00, 0.00, 0.00, 0.00, 90.00, 0, 0
2.00, 5.70, 24.17, 24.17, 989.08, 20.00, 4.63, 12.78, 6.73, 0.00, 0.00, 0.00, 0.00, 90.00, 0, 0
2.00, 5.70, 24.04, 24.04, 784.16, 20.00, 4.63, 11.67, 5.63, 0.00, 0.00, 0.00, 0.00, 90.00, 0, 0
2.00, 5.70, 23.91, 23.91, 611.58, 20.00, 4.63, 11.11, 5.01, 0.00, 0.00, 0.00, 0.00, 90.00, 0, 0
2.00, 5.70, 23.76, 23.76, 402.59, 20.00, 4.63, 10.00, 4.04, 0.00, 0.00, 0.00, 0.00, 90.00, 0, 0
2.00, 5.70, 23.72, 23.72, 510.99, 20.00, 4.63, 11.67, 5.63, 0.00, 47.14, 26.02, -115.20, 83.28, 0, 0
2.00, 5.70, 24.86, 24.86, 4021.45, 20.00, 4.63, 14.44, 8.46, 702.45, 46.59, 23.60, -106.25, 72.65, 0, 0
2.00, 5.70, 25.00, 25.00, 3561.39, 20.00, 4.63, 16.67, 10.68, 706.66, 79.34, 29.35, -97.43, 61.52, 0, 0
2.00, 5.70, 25.00, 25.00, 2935.43, 20.00, 4.63, 18.89, 12.92, 593.56, 117.83, 39.83, -90.00, 50.17, 0, 0
2.00, 5.70, 25.00, 25.00, 2884.78, 20.00, 4.63, 20.56, 14.53, 514.70, 147.46, 52.33, -76.62, 38.91, 0, 0
2.00, 5.70, 25.00, 25.00, 3059.33, 20.00, 4.63, 22.22, 16.29, 302.27, 188.79, 65.61, -60.54, 28.32, 0, 0
2.00, 5.70, 25.00, 25.00, 3220.69, 20.00, 4.63, 23.89, 17.91, 127.28, 207.56, 79.23, -33.27, 19.91, 0, 0
2.00, 5.70, 25.40, 25.40, 3686.23, 20.00, 4.63, 24.44, 18.40, 0.00, 213.67, 0.00, 9.98, 17.51, 0, 0
2.00, 5.70, 25.74, 25.74, 4079.87, 20.00, 4.63, 25.56, 19.54, 0.00, 186.19, 0.00, 47.11, 23.11, 0, 0
2.00, 5.70, 25.93, 25.93, 4118.39, 20.00, 4.63, 25.56, 19.54, 0.00, 173.95, 0.00, 68.40, 32.78, 0, 0
2.00, 5.70, 26.01, 26.01, 4057.65, 20.00, 4.63, 25.56, 19.54, 0.00, 150.60, 0.00, 81.91, 43.77, 0, 0
2.00, 5.70, 26.01, 26.01, 3873.33, 20.00, 4.63, 24.44, 18.55, 0.00, 113.94, 0.00, 90.00, 55.11, 0, 0
2.00, 5.70, 25.91, 25.91, 3535.99, 20.00, 4.63, 23.33, 17.42, 0.00, 82.41, 0.00, 101.28, 66.40, 0, 0
2.00, 5.70, 25.75, 25.75, 3194.81, 20.00, 4.63, 21.67, 15.79, 0.00, 48.07, 0.00, 110.08, 77.34, 0, 0
2.00, 5.70, 25.57, 25.57, 2842.32, 20.00, 4.63, 20.56, 14.80, 0.00, 18.86, 0.00, 119.27, 87.67, 0, 0
2.00, 5.70, 25.41, 25.41, 2607.64, 20.00, 4.63, 20.00, 14.17, 0.00, 0.00, 0.00, 0.00, 90.00, 0, 0
2.00, 5.70, 25.27, 25.27, 2396.44, 20.00, 4.63, 18.89, 13.17, 0.00, 0.00, 0.00, 0.00, 90.00, 0, 0
2.00, 5.70, 25.13, 25.13, 2194.02, 20.00, 4.63, 17.78, 12.05, 0.00, 0.00, 0.00, 0.00, 90.00, 0, 0
2.00, 5.70, 25.00, 25.00, 1994.58, 20.00, 4.63, 16.67, 10.94, 0.00, 0.00, 0.00, 0.00, 90.00, 0, 0
2.00, 5.70, 24.89, 24.89, 1872.63, 20.00, 4.63, 16.67, 10.81, 0.00, 0.00, 0.00, 0.00, 90.00, 0, 0
2.00, 5.70, 24.79, 24.79, 1727.44, 20.00, 4.63, 16.11, 10.32, 0.00, 0.00, 0.00, 0.00, 90.00, 0, 0
2.00, 5.70, 24.70, 24.70, 1622.33, 20.00, 4.63, 16.11, 10.32, 0.00, 0.00, 0.00, 0.00, 90.00, 0, 0
2.00, 5.70, 24.61, 24.61, 1487.19, 20.00, 4.63, 15.56, 9.82, 0.00, 0.00, 0.00, 0.00, 90.00, 0, 0
2.00, 5.70, 24.25, 24.25, 764.14, 20.00, 4.63, 15.56, 9.82, 0.00, 0.00, 0.00, 0.00, 90.00, 0, 0
2.00, 5.70, 24.17, 24.17, 1045.04, 20.00, 4.63, 17.22, 11.56, 0.00, 35.83, 26.07, -115.25, 83.30, 0, 0
2.00, 5.70, 24.20, 24.20, 1310.36, 20.00, 4.63, 17.78, 12.17, 37.57, 41.07, 23.62, -106.30, 72.67, 0, 0
2.00, 5.70, 24.17, 24.17, 1179.01, 20.00, 4.63, 17.78, 12.29, 0.00, 54.68, 29.34, -97.48, 61.55, 0, 0
2.00, 5.70, 24.26, 24.26, 1539.72, 20.00, 4.63, 18.89, 13.29, 12.12, 106.23, 39.80, -90.00, 50.20, 0, 0
2.00, 5.70, 24.50, 24.50, 2151.98, 20.00, 4.63, 20.56, 15.04, 59.81, 171.48, 52.29, -76.70, 38.94, 0, 0
2.00, 5.70, 24.73, 24.73, 2541.26, 20.00, 4.63, 21.67, 16.05, 27.41, 197.28, 65.56, -60.66, 28.33, 0, 0
2.00, 5.70, 24.99, 24.99, 3027.03, 20.00, 4.63, 22.78, 17.17, 27.22, 222.54, 79.19, -33.43, 19.91, 0, 0
2.00, 5.70, 25.24, 25.24, 3119.98, 20.00, 4.63, 23.89, 18.30, 0.00, 236.04, 0.00, 9.83, 17.48, 0, 0
2.00, 5.70, 25.46, 25.46, 3386.74, 20.00, 4.63, 25.00, 19.43, 0.00, 231.83, 0.00, 47.05, 23.06, 0, 0
2.00, 5.70, 25.70, 25.70, 3760.74, 20.00, 4.63, 26.11, 20.57, 0.00, 191.65, 0.00, 68.38, 32.72, 0, 0
2.00, 5.70, 25.91, 25.91, 3998.20, 20.00, 4.63, 26.67, 21.07, 0.00, 144.60, 0.00, 81.90, 43.71, 0, 0
2.00, 5.70, 25.96, 25.96, 3830.05, 20.00, 4.63, 26.67, 21.20, 0.00, 122.77, 0.00, 90.00, 55.06, 0, 0
2.00, 5.70, 25.92, 25.92, 3572.91, 20.00, 4.63, 26.11, 20.69, 0.00, 89.17, 0.00, 101.27, 66.34, 0, 0
2.00, 5.70, 25.80, 25.80, 3258.57, 20.00, 4.63, 25.00, 19.55, 0.00, 40.87, 0.00, 110.07, 77.28, 0, 0
2.00, 5.70, 25.67, 25.67, 3020.73, 20.00, 4.63, 24.44, 19.04, 0.00, 7.54, 0.00, 119.25, 87.61, 0, 0
2.00, 5.70, 25.57, 25.57, 2869.58, 20.00, 4.63, 23.89, 18.53, 0.00, 0.00, 0.00, 0.00, 90.00, 0, 0
2.00, 5.70, 25.48, 25.48, 2751.70, 20.00, 4.63, 23.33, 18.02, 0.00, 0.00, 0.00, 0.00, 90.00, 0, 0
2.00, 5.70, 25.39, 25.39, 2606.21, 20.00, 4.63, 22.22, 16.89, 0.00, 0.00, 0.00, 0.00, 90.00, 0, 0
2.00, 5.70, 25.32, 25.32, 2495.84, 20.00, 4.63, 21.67, 16.38, 0.00, 0.00, 0.00, 0.00, 90.00, 0, 0
2.00, 5.70, 25.26, 25.26, 2428.20, 20.00, 4.63, 21.67, 16.28, 0.00, 0.00, 0.00, 0.00, 90.00, 0, 0
2.00, 5.70, 25.20, 25.20, 2332.10, 20.00, 4.63, 21.11, 15.66, 0.00, 0.00, 0.00, 0.00, 90.00, 0, 0
2.00, 5.70, 25.14, 25.14, 2233.51, 20.00, 4.63, 20.56, 15.15, 0.00, 0.00, 0.00, 0.00, 90.00, 0, 0
2.00, 5.70, 25.08, 25.08, 2171.01, 20.00, 4.63, 20.56, 15.15, 0.00, 0.00, 0.00, 0.00, 90.00, 0, 0
2.00, 5.70, 24.91, 24.91, 2011.81, 20.00, 4.63, 20.00, 14.64, 0.00, 0.00, 0.00, 0.00, 90.00, 0, 0
2.00, 5.70, 24.91, 24.91, 2241.66, 20.00, 4.63, 21.11, 15.87, 0.00, 26.40, 26.11, -115.30, 83.32, 0, 0
2.00, 5.70, 25.00, 25.00, 2877.63, 20.00, 4.63, 22.22, 17.00, 72.25, 59.99, 23.63, -106.35, 72.70, 0, 0
2.00, 5.70, 25.00, 25.00, 2861.18, 20.00, 4.63, 22.78, 17.62, 30.25, 86.07, 29.32, -97.53, 61.58, 0, 0
2.00, 5.70, 25.00, 25.00, 3512.23, 20.00, 4.63, 24.44, 19.26, 223.07, 149.05, 39.77, -90.00, 50.23, 0, 0
2.00, 5.70, 25.00, 25.00, 3767.68, 20.00, 4.63, 25.56, 20.40, 204.70, 193.18, 52.25, -76.77, 38.97, 0, 0
2.00, 5.70, 25.00, 25.00, 3989.81, 20.00, 4.63, 26.67, 21.42, 92.82, 218.78, 65.52, -60.76, 28.36, 0, 0
2.00, 5.70, 25.00, 25.00, 4301.64, 20.00, 4.63, 27.78, 22.56, 55.28, 230.55, 79.14, -33.59, 19.91, 0, 0
2.00, 5.70, 25.49, 25.49, 3650.89, 20.00, 4.63, 28.33, 23.07, 0.00, 197.43, 0.00, 9.67, 17.45, 0, 0
2.00, 5.70, 25.87, 25.87, 4042.03, 20.00, 4.63, 28.89, 23.59, 0.00, 216.08, 0.00, 46.97, 23.01, 0, 0
2.00, 5.70, 26.15, 26.15, 4329.14, 20.00, 4.63, 28.33, 23.07, 0.00, 208.51, 0.00, 68.35, 32.67, 0, 0
2.00, 5.70, 26.34, 26.34, 4448.54, 20.00, 4.63, 28.33, 23.07, 0.00, 171.93, 0.00, 81.88, 43.66, 0, 0
2.00, 5.70, 26.42, 26.42, 4357.89, 20.00, 4.63, 28.33, 23.07, 0.00, 134.90, 0.00, 90.00, 55.01, 0, 0
2.00, 5.70, 26.41, 26.41, 4175.84, 20.00, 4.63, 28.33, 23.07, 0.00, 86.65, 0.00, 101.26, 66.29, 0, 0
2.00, 5.70, 26.36, 26.36, 4008.83, 20.00, 4.63, 28.33, 23.07, 0.00, 41.09, 0.00, 110.05, 77.23, 0, 0
2.00, 5.70, 26.29, 26.29, 3838.79, 20.00, 4.63, 27.78, 22.56, 0.00, 9.43, 0.00, 119.23, 87.57, 0, 0
2.00, 5.70, 26.23, 26.23, 3719.96, 20.00, 4.63, 27.22, 22.05, 0.00, 0.00, 0.00, 0.00, 90.00, 0, 0
2.00, 5.70, 26.18, 26.18, 3629.11, 20.00, 4.63, 26.67, 21.42, 0.00, 0.00, 0.00, 0.00, 90.00, 0, 0
2.00, 5.70, 26.13, 26.13, 3544.43, 20.00, 4.63, 26.11, 20.91, 0.00, 0.00, 0.00, 0.00, 90.00, 0, 0
2.00, 5.70, 26.09, 26.09, 3461.85, 20.00, 4.63, 25.56, 20.29, 0.00, 0.00, 0.00, 0.00, 90.00, 0, 0
2.00, 5.70, 26.03, 26.03, 3340.61, 20.00, 4.63, 24.44, 19.16, 0.00, 0.00, 0.00, 0.00, 90.00, 0, 0
2.00, 5.70, 25.96, 25.96, 3209.08, 20.00, 4.63, 23.33, 18.13, 0.00, 0.00, 0.00, 0.00, 90.00, 0, 0
2.00, 5.70, 25.89, 25.89, 3068.46, 20.00, 4.63, 22.22, 17.00, 0.00, 0.00, 0.00, 0.00, 90.00, 0, 0
2.00, 5.70, 25.80, 25.80, 2919.62, 20.00, 4.63, 21.11, 15.87, 0.00, 0.00, 0.00, 0.00, 90.00, 0, 0
2.00, 5.70, 25.00, 25.00, 2329.35, 20.00, 4.63, 20.00, 14.75, 0.00, 0.00, 0.00, 0.00, 90.00, 0, 0
2.00, 5.70, 25.00, 25.00, 2543.58, 20.00, 4.63, 21.11, 15.87, 0.00, 22.63, 26.14, -115.34, 83.35, 0, 0
2.00, 5.70, 25.00, 25.00, 3360.34, 20.00, 4.63, 22.22, 17.10, 141.61, 62.03, 23.64, -106.39, 72.73, 0, 0
2.00, 5.70, 25.00, 25.00, 3491.53, 20.00, 4.63, 23.89, 18.75, 112.79, 105.19, 29.30, -97.58, 61.61, 0, 0
2.00, 5.70, 25.00, 25.00, 3368.13, 20.00, 4.63, 24.44, 19.26, 31.54, 101.99, 39.73, -90.00, 50.27, 0, 0
2.00, 5.70, 25.00, 25.00, 3540.78, 20.00, 4.63, 25.00, 19.78, 21.26, 152.52, 52.21, -76.83, 39.00, 0, 0
2.00, 5.70, 25.00, 25.00, 3698.46, 20.00, 4.63, 25.56, 20.29, 13.10, 178.53, 65.47, -60.85, 28.38, 0, 0
2.00, 5.70, 25.00, 25.00, 4245.93, 20.00, 4.63, 27.22, 21.94, 43.59, 229.88, 79.09, -33.74, 19.93, 0, 0
2.00, 5.70, 25.55, 25.55, 3617.78, 20.00, 4.63, 27.22, 21.94, 0.00, 167.46, 0.00, 9.51, 17.43, 0, 0
2.00, 5.70, 25.86, 25.86, 3747.66, 20.00, 4.63, 27.22, 21.82, 0.00, 145.51, 0.00, 46.89, 22.97, 0, 0
2.00, 5.70, 26.15, 26.15, 4152.81, 20.00, 4.63, 27.78, 22.33, 0.00, 183.99, 0.00, 68.31, 32.62, 0, 0
2.00, 5.70, 26.36, 26.36, 4320.11, 20.00, 4.63, 27.78, 22.33, 0.00, 174.76, 0.00, 81.86, 43.61, 0, 0
2.00, 5.70, 26.45, 26.45, 4245.56, 20.00, 4.63, 27.78, 22.33, 0.00, 125.46, 0.00, 90.00, 54.96, 0, 0
2.00, 5.70, 26.48, 26.48, 4187.17, 20.00, 4.63, 27.22, 21.82, 0.00, 85.92, 0.00, 101.24, 66.24, 0, 0
2.00, 5.70, 26.47, 26.47, 4062.80, 20.00, 4.63, 26.67, 21.31, 0.00, 42.43, 0.00, 110.03, 77.19, 0, 0
2.00, 5.70, 26.39, 26.39, 3822.21, 20.00, 4.63, 25.56, 20.18, 0.00, 15.08, 0.00, 119.20, 87.52, 0, 0
2.00, 5.70, 26.30, 26.30, 3633.06, 20.00, 4.63, 24.44, 19.04, 0.00, 0.00, 0.00, 0.00, 90.00, 0, 0
2.00, 5.70, 26.21, 26.21, 3474.61, 20.00, 4.63, 23.33, 17.91, 0.00, 0.00, 0.00, 0.00, 90.00, 0, 0
2.00, 5.70, 26.11, 26.11, 3316.85, 20.00, 4.63, 22.22, 16.78, 0.00, 0.00, 0.00, 0.00, 90.00, 0, 0
2.00, 5.70, 26.01, 26.01, 3117.87, 20.00, 4.63, 20.56, 15.15, 0.00, 0.00, 0.00, 0.00, 90.00, 0, 0
2.00, 5.70, 25.90, 25.90, 2944.22, 20.00, 4.63, 19.44, 14.02, 0.00, 0.00, 0.00, 0.00, 90.00, 0, 0
2.00, 5.70, 25.79, 25.79, 2767.28, 20.00, 4.63, 18.33, 12.90, 0.00, 0.00, 0.00, 0.00, 90.00, 0, 0
2.00, 5.70, 25.67, 25.67, 2585.64, 20.00, 4.63, 17.22, 11.78, 0.00, 0.00, 0.00, 0.00, 90.00, 0, 0
2.00, 5.70, 25.55, 25.55, 2398.46, 20.00, 4.63, 16.11, 10.66, 0.00, 0.00, 0.00, 0.00, 90.00, 0, 0
2.00, 5.70, 25.00, 25.00, 1346.73, 20.00, 4.63, 15.00, 9.54, 0.00, 0.00, 0.00, 0.00, 90.00, 0, 0
2.00, 5.70, 24.82, 24.82, 1473.67, 20.00, 4.63, 16.11, 10.66, 0.00, 47.14, 26.17, -115.38, 83.38, 0, 0
2.00, 5.70, 25.00, 25.00, 4062.69, 20.00, 4.63, 18.33, 12.79, 528.87, 50.73, 23.63, -106.43, 72.77, 0, 0
2.00, 5.70, 25.00, 25.00, 4132.66, 20.00, 4.63, 20.00, 14.53, 660.43, 77.71, 29.27, -97.61, 61.65, 0, 0
2.00, 5.70, 25.00, 25.00, 3834.17, 20.00, 4.63, 21.67, 16.16, 650.51, 106.77, 39.70, -90.00, 50.30, 0, 0
2.00, 5.70, 25.00, 25.00, 4014.03, 20.00, 4.63, 23.89, 18.30, 543.75, 136.63, 52.16, -76.89, 39.04, 0, 0
2.00, 5.70, 25.00, 25.00, 4464.33, 20.00, 4.63, 25.56, 19.94, 398.89, 152.01, 65.42, -60.93, 28.42, 0, 0
2.00, 5.70, 25.00, 25.00, 4781.63, 20.00, 4.63, 26.67, 21.07, 188.93, 159.74, 79.04, -33.87, 19.95, 0, 0
2.00, 5.70, 25.97, 25.97, 4828.94, 20.00, 4.63, 27.78, 22.08, 0.00, 163.29, 0.00, 9.35, 17.42, 0, 0
2.00, 5.70, 26.61, 26.61, 5348.15, 20.00, 4.63, 28.89, 23.09, 0.00, 160.54, 0.00, 46.80, 22.94, 0, 0
2.00, 5.70, 27.01, 27.01, 5554.95, 20.00, 4.63, 28.33, 22.59, 0.00, 146.03, 0.00, 68.25, 32.58, 0, 0
2.00, 5.70, 27.23, 27.23, 5585.43, 20.00, 4.63, 28.33, 22.59, 0.00, 127.20, 0.00, 81.82, 43.57, 0, 0
2.00, 5.70, 27.32, 27.32, 5472.35, 20.00, 4.63, 28.33, 22.59, 0.00, 100.83, 0.00, 90.00, 54.91, 0, 0
2.00, 5.70, 27.30, 27.30, 5221.43, 20.00, 4.63, 27.78, 22.08, 0.00, 75.22, 0.00, 101.21, 66.20, 0, 0
2.00, 5.70, 27.20, 27.20, 4895.34, 20.00, 4.63, 26.67, 20.95, 0.00, 41.50, 0.00, 110.00, 77.14, 0, 0
2.00, 5.70, 27.06, 27.06, 4574.64, 20.00, 4.63, 25.56, 19.94, 0.00, 15.08, 0.00, 119.17, 87.48, 0, 0
2.00, 5.70, 26.94, 26.94, 4373.65, 20.00, 4.63, 25.00, 19.31, 0.00, 0.00, 0.00, 0.00, 90.00, 0, 0
2.00, 5.70, 26.83, 26.83, 4186.19, 20.00, 4.63, 23.89, 18.18, 0.00, 0.00, 0.00, 0.00, 90.00, 0, 0
2.00, 5.70, 26.72, 26.72, 4005.36, 20.00, 4.63, 22.78, 17.05, 0.00, 0.00, 0.00, 0.00, 90.00, 0, 0
2.00, 5.70, 26.63, 26.63, 3864.89, 20.00, 4.63, 22.22, 16.42, 0.00, 0.00, 0.00, 0.00, 90.00, 0, 0
2.00, 5.70, 26.53, 26.53, 3693.45, 20.00, 4.63, 21.11, 15.30, 0.00, 0.00, 0.00, 0.00, 90.00, 0, 0
2.00, 5.70, 26.41, 26.41, 3477.96, 20.00, 4.63, 19.44, 13.67, 0.00, 0.00, 0.00, 0.00, 90.00, 0, 0
2.00, 5.70, 26.30, 26.30, 3286.69, 20.00, 4.63, 18.33, 12.55, 0.00, 0.00, 0.00, 0.00, 90.00, 0, 0
2.00, 5.70, 26.16, 26.16, 3052.94, 20.00, 4.63, 16.67, 10.94, 0.00, 0.00, 0.00, 0.00, 90.00, 0, 0
2.00, 5.70, 25.00, 25.00, 1651.20, 20.00, 4.63, 15.56, 9.82, 0.00, 0.00, 0.00, 0.00, 90.00, 0, 0
2.00, 5.70, 24.98, 24.98, 1709.58, 20.00, 4.63, 16.11, 10.32, 0.00, 22.63, 26.19, -115.41, 83.42, 0, 0
2.00, 5.70, 25.00, 25.00, 2067.29, 20.00, 4.63, 17.22, 11.43, 28.90, 51.93, 23.63, -106.46, 72.81, 0, 0
2.00, 5.70, 25.00, 25.00, 2926.11, 20.00, 4.63, 18.89, 13.17, 236.73, 105.74, 29.24, -97.65, 61.69, 0, 0
2.00, 5.70, 25.00, 25.00, 3345.05, 20.00, 4.63, 21.11, 15.30, 369.18, 143.91, 39.65, -90.00, 50.35, 0, 0
2.00, 5.70, 25.00, 25.00, 3656.89, 20.00, 4.63, 22.78, 17.05, 410.67, 166.15, 52.12, -76.93, 39.08, 0, 0
2.00, 5.70, 25.00, 25.00, 4058.63, 20.00, 4.63, 24.44, 18.68, 262.92, 201.28, 65.37, -61.00, 28.45, 0, 0
2.00, 5.70, 25.00, 25.00, 4464.58, 20.00, 4.63, 26.11, 20.31, 128.33, 215.88, 78.99, -34.00, 19.97, 0, 0
2.00, 5.70, 25.91, 25.91, 4492.84, 20.00, 4.63, 27.22, 21.31, 0.00, 219.18, 0.00, 9.18, 17.41, 0, 0
2.00, 5.70, 26.51, 26.51, 4957.07, 20.00, 4.63, 27.78, 21.95, 0.00, 215.01, 0.00, 46.69, 22.91, 0, 0
2.00, 5.70, 26.93, 26.93, 5305.39, 20.00, 4.63, 28.33, 22.45, 0.00, 180.54, 0.00, 68.19, 32.54, 0, 0
2.00, 5.70, 27.18, 27.18, 5408.32, 20.00, 4.63, 28.33, 22.59, 0.00, 138.92, 0.00, 81.78, 43.53, 0, 0
2.00, 5.70, 27.30, 27.30, 5353.80, 20.00, 4.63, 28.33, 22.59, 0.00, 99.13, 0.00, 90.00, 54.87, 0, 0
2.00, 5.70, 27.30, 27.30, 5102.72, 20.00, 4.63, 27.22, 21.45, 0.00, 70.63, 0.00, 101.18, 66.16, 0, 0
2.00, 5.70, 27.21, 27.21, 4797.19, 20.00, 4.63, 26.11, 20.44, 0.00, 39.65, 0.00, 109.97, 77.11, 0, 0
2.00, 5.70, 27.08, 27.08, 4525.33, 20.00, 4.63, 25.56, 19.81, 0.00, 15.08, 0.00, 119.14, 87.45, 0, 0
2.00, 5.70, 26.96, 26.96, 4302.16, 20.00, 4.63, 24.44, 18.81, 0.00, 0.00, 0.00, 0.00, 90.00, 0, 0
2.00, 5.70, 26.85, 26.85, 4117.96, 20.00, 4.63, 23.33, 17.68, 0.00, 0.00, 0.00, 0.00, 90.00, 0, 0
2.00, 5.70, 26.75, 26.75, 3978.62, 20.00, 4.63, 22.78, 17.17, 0.00, 0.00, 0.00, 0.00, 90.00, 0, 0
2.00, 5.70, 26.66, 26.66, 3810.77, 20.00, 4.63, 21.67, 16.05, 0.00, 0.00, 0.00, 0.00, 90.00, 0, 0
2.00, 5.70, 26.56, 26.56, 3639.04, 20.00, 4.63, 20.56, 14.92, 0.00, 0.00, 0.00, 0.00, 90.00, 0, 0
2.00, 5.70, 26.45, 26.45, 3462.50, 20.00, 4.63, 19.44, 13.80, 0.00, 0.00, 0.00, 0.00, 90.00, 0, 0
2.00, 5.70, 26.34, 26.34, 3280.63, 20.00, 4.63, 18.33, 12.67, 0.00, 0.00, 0.00, 0.00, 90.00, 0, 0
2.00, 5.70, 26.22, 26.22, 3093.11, 20.00, 4.63, 17.22, 11.56, 0.00, 0.00, 0.00, 0.00, 90.00, 0, 0
2.00, 5.70, 25.00, 25.00, 1682.29, 20.00, 4.63, 16.11, 10.44, 0.00, 0.00, 0.00, 0.00, 90.00, 0, 0
2.00, 5.70, 25.00, 25.00, 2015.74, 20.00, 4.63, 17.78, 12.17, 0.00, 41.48, 26.21, -115.44, 83.47, 0, 0
2.00, 5.70, 25.00, 25.00, 4265.60, 20.00, 4.63, 19.44, 13.91, 494.28, 49.15, 23.61, -106.48, 72.85, 0, 0
2.00, 5.70, 25.00, 25.00, 4243.19, 20.00, 4.63, 21.67, 16.16, 525.96, 95.75, 29.20, -97.67, 61.74, 0, 0
2.00, 5.70, 25.00, 25.00, 3429.72, 20.00, 4.63, 22.22, 16.67, 172.56, 138.31, 39.61, -90.00, 50.39, 0, 0
2.00, 5.70, 25.00, 25.00, 3600.21, 20.00, 4.63, 23.33, 17.80, 135.75, 184.47, 52.07, -76.97, 39.12, 0, 0
2.00, 5.70, 25.00, 25.00, 3912.99, 20.00, 4.63, 24.44, 18.93, 111.96, 222.24, 65.32, -61.06, 28.50, 0, 0
2.00, 5.70, 25.00, 25.00, 4221.76, 20.00, 4.63, 25.56, 19.94, 67.18, 234.27, 78.94, -34.12, 20.00, 0, 0
2.00, 5.70, 25.87, 25.87, 4312.44, 20.00, 4.63, 26.67, 21.07, 0.00, 238.57, 0.00, 9.01, 17.42, 0, 0
2.00, 5.70, 26.47, 26.47, 4831.73, 20.00, 4.63, 27.22, 21.58, 0.00, 225.42, 0.00, 46.57, 22.89, 0, 0
2.00, 5.70, 26.83, 26.83, 5007.19, 20.00, 4.63, 27.22, 21.58, 0.00, 205.43, 0.00, 68.12, 32.51, 0, 0
2.00, 5.70, 27.02, 27.02, 5030.48, 20.00, 4.63, 27.22, 21.58, 0.00, 182.06, 0.00, 81.72, 43.49, 0, 0
2.00, 5.70, 27.11, 27.11, 4967.01, 20.00, 4.63, 26.67, 21.07, 0.00, 142.38, 0.00, 90.00, 54.84, 0, 0
2.00, 5.70, 27.08, 27.08, 4716.78, 20.00, 4.63, 26.11, 20.57, 0.00, 79.62, 0.00, 101.14, 66.12, 0, 0
2.00, 5.70, 26.97, 26.97, 4399.58, 20.00, 4.63, 24.44, 18.93, 0.00, 33.59, 0.00, 109.93, 77.07, 0, 0
2.00, 5.70, 26.86, 26.86, 4196.50, 20.00, 4.63, 23.89, 18.42, 0.00, 7.54, 0.00, 119.09, 87.42, 0, 0
2.00, 5.70, 26.75, 26.75, 4001.40, 20.00, 4.63, 22.78, 17.29, 0.00, 0.00, 0.00, 0.00, 90.00, 0, 0
2.00, 5.70, 26.66, 26.66, 3863.30, 20.00, 4.63, 22.22, 16.78, 0.00, 0.00, 0.00, 0.00, 90.00, 0, 0
2.00, 5.70, 26.56, 26.56, 3695.84, 20.00, 4.63, 21.11, 15.66, 0.00, 0.00, 0.00, 0.00, 90.00, 0, 0
2.00, 5.70, 26.48, 26.48, 3562.40, 20.00, 4.63, 20.56, 15.04, 0.00, 0.00, 0.00, 0.00, 90.00, 0, 0
2.00, 5.70, 26.38, 26.38, 3393.66, 20.00, 4.63, 19.44, 13.91, 0.00, 0.00, 0.00, 0.00, 90.00, 0, 0
2.00, 5.70, 26.29, 26.29, 3255.89, 20.00, 4.63, 18.89, 13.41, 0.00, 0.00, 0.00, 0.00, 90.00, 0, 0
2.00, 5.70, 26.20, 26.20, 3119.83, 20.00, 4.63, 18.33, 12.79, 0.00, 0.00, 0.00, 0.00, 90.00, 0, 0
2.00, 5.70, 26.11, 26.11, 2984.03, 20.00, 4.63, 17.78, 12.29, 0.00, 0.00, 0.00, 0.00, 90.00, 0, 0
2.00, 5.70, 25.00, 25.00, 2043.26, 20.00, 4.63, 17.22, 11.78, 0.00, 0.00, 0.00, 0.00, 90.00, 0, 0
2.00, 5.70, 25.00, 25.00, 2127.93, 20.00, 4.63, 18.33, 12.90, 0.00, 33.94, 26.22, -115.46, 83.51, 0, 0
2.00, 5.70, 25.00, 25.00, 2831.73, 20.00, 4.63, 20.00, 14.64, 147.44, 61.33, 23.59, -106.50, 72.90, 0, 0
2.00, 5.70, 25.00, 25.00, 2586.01, 20.00, 4.63, 21.11, 15.77, 66.12, 101.00, 29.16, -97.69, 61.79, 0, 0
2.00, 5.70, 25.00, 25.00, 2700.44, 20.00, 4.63, 22.22, 16.89, 99.72, 145.72, 39.56, -90.00, 50.44, 0, 0
2.00, 5.70, 25.00, 25.00, 2565.16, 20.00, 4.63, 22.78, 17.40, 29.12, 109.98, 52.01, -77.00, 39.17, 0, 0
2.00, 5.70, 25.00, 25.00, 2603.66, 20.00, 4.63, 22.78, 17.40, 6.60, 143.95, 65.27, -61.11, 28.54, 0, 0
2.00, 5.70, 25.00, 25.00, 2805.79, 20.00, 4.63, 23.89, 18.53, 9.73, 202.69, 78.89, -34.23, 20.04, 0, 0
2.00, 5.70, 25.52, 25.52, 3269.03, 20.00, 4.63, 24.44, 19.04, 0.00, 201.55, 0.00, 8.84, 17.42, 0, 0
2.00, 5.70, 25.89, 25.89, 3644.34, 20.00, 4.63, 25.00, 19.55, 0.00, 204.78, 0.00, 46.45, 22.87, 0, 0
2.00, 5.70, 26.13, 26.13, 3812.27, 20.00, 4.63, 25.00, 19.55, 0.00, 188.49, 0.00, 68.04, 32.48, 0, 0
2.00, 5.70, 26.30, 26.30, 3961.27, 20.00, 4.63, 25.00, 19.67, 0.00, 168.63, 0.00, 81.66, 43.46, 0, 0
2.00, 5.70, 26.44, 26.44, 4106.57, 20.00, 4.63, 25.00, 19.67, 0.00, 130.24, 0.00, 90.00, 54.80, 0, 0
2.00, 5.70, 26.51, 26.51, 4097.23, 20.00, 4.63, 25.00, 19.67, 0.00, 74.02, 0.00, 101.09, 66.09, 0, 0
2.00, 5.70, 26.50, 26.50, 3936.36, 20.00, 4.63, 24.44, 19.16, 0.00, 36.19, 0.00, 109.88, 77.04, 0, 0
2.00, 5.70, 26.42, 26.42, 3678.17, 20.00, 4.63, 23.89, 18.64, 0.00, 20.74, 0.00, 119.05, 87.39, 0, 0
2.00, 5.70, 26.31, 26.31, 3464.37, 20.00, 4.63, 22.78, 17.62, 0.00, 0.00, 0.00, 0.00, 90.00, 0, 0
2.00, 5.70, 26.22, 26.22, 3332.06, 20.00, 4.63, 22.22, 17.00, 0.00, 0.00, 0.00, 0.00, 90.00, 0, 0
2.00, 5.70, 26.14, 26.14, 3211.76, 20.00, 4.63, 21.67, 16.49, 0.00, 0.00, 0.00, 0.00, 90.00, 0, 0
2.00, 5.70, 26.06, 26.06, 3097.58, 20.00, 4.63, 21.11, 15.87, 0.00, 0.00, 0.00, 0.00, 90.00, 0, 0
2.00, 5.70, 25.99, 25.99, 2985.98, 20.00, 4.63, 20.56, 15.26, 0.00, 0.00, 0.00, 0.00, 90.00, 0, 0
2.00, 5.70, 25.93, 25.93, 2913.76, 20.00, 4.63, 20.56, 15.26, 0.00, 0.00, 0.00, 0.00, 90.00, 0, 0
2.00, 5.70, 25.87, 25.87, 2849.84, 20.00, 4.63, 20.56, 15.26, 0.00, 0.00, 0.00, 0.00, 90.00, 0, 0
2.00, 5.70, 25.81, 25.81, 2752.57, 20.00, 4.63, 20.00, 14.75, 0.00, 0.00, 0.00, 0.00, 90.00, 0, 0
2.00, 5.70, 25.00, 25.00, 2139.68, 20.00, 4.63, 20.00, 14.75, 0.00, 0.00, 0.00, 0.00, 90.00, 0, 0
2.00, 5.70, 25.00, 25.00, 2354.20, 20.00, 4.63, 21.11, 15.98, 0.00, 16.97, 26.22, -115.48, 83.57, 0, 0
2.00, 5.70, 25.00, 25.00, 2498.74, 20.00, 4.63, 21.67, 16.59, 0.00, 43.37, 23.56, -106.51, 72.95, 0, 0
2.00, 5.70, 25.00, 25.00, 2831.91, 20.00, 4.63, 22.78, 17.62, 19.29, 92.87, 29.11, -97.70, 61.84, 0, 0
2.00, 5.70, 25.00, 25.00, 3216.62, 20.00, 4.63, 24.44, 19.26, 38.95, 136.77, 39.50, -90.00, 50.50, 0, 0
2.00, 5.70, 25.00, 25.00, 3304.48, 20.00, 4.63, 25.00, 19.78, 15.55, 137.35, 51.96, -77.01, 39.23, 0, 0
2.00, 5.70, 25.00, 25.00, 3435.02, 20.00, 4.63, 25.56, 20.29, 6.61, 147.73, 65.22, -61.15, 28.60, 0, 0
2.00, 5.70, 25.00, 25.00, 3641.00, 20.00, 4.63, 26.11, 20.91, 6.72, 185.55, 78.84, -34.33, 20.08, 0, 0
2.00, 5.70, 25.51, 25.51, 3342.50, 20.00, 4.63, 26.67, 21.42, 0.00, 180.74, 0.00, 8.66, 17.44, 0, 0
2.00, 5.70, 25.80, 25.80, 3505.88, 20.00, 4.63, 26.67, 21.31, 0.00, 139.41, 0.00, 46.31, 22.86, 0, 0
2.00, 5.70, 26.06, 26.06, 3821.66, 20.00, 4.63, 27.22, 21.82, 0.00, 159.44, 0.00, 67.94, 32.46, 0, 0
2.00, 5.70, 26.20, 26.20, 3877.81, 20.00, 4.63, 27.22, 21.82, 0.00, 128.10, 0.00, 81.60, 43.43, 0, 0
2.00, 5.70, 26.20, 26.20, 3631.23, 20.00, 4.63, 26.11, 20.80, 0.00, 41.56, 0.00, 90.00, 54.77, 0, 0
2.00, 5.70, 26.18, 26.18, 3564.51, 20.00, 4.63, 25.56, 20.18, 0.00, 37.71, 0.00, 101.04, 66.06, 0, 0
2.00, 5.70, 26.15, 26.15, 3483.03, 20.00, 4.63, 25.00, 19.67, 0.00, 28.28, 0.00, 109.83, 77.02, 0, 0
2.00, 5.70, 26.10, 26.10, 3356.96, 20.00, 4.63, 24.44, 19.16, 0.00, 5.66, 0.00, 119.00, 87.37, 0, 0
2.00, 5.70, 26.04, 26.04, 3218.94, 20.00, 4.63, 23.33, 18.02, 0.00, 0.00, 0.00, 0.00, 90.00, 0, 0
2.00, 5.70, 25.96, 25.96, 3083.82, 20.00, 4.63, 22.22, 16.89, 0.00, 0.00, 0.00, 0.00, 90.00, 0, 0
2.00, 5.70, 25.89, 25.89, 2980.39, 20.00, 4.63, 21.67, 16.28, 0.00, 0.00, 0.00, 0.00, 90.00, 0, 0
2.00, 5.70, 25.81, 25.81, 2839.93, 20.00, 4.63, 20.56, 15.15, 0.00, 0.00, 0.00, 0.00, 90.00, 0, 0
2.00, 5.70, 25.72, 25.72, 2689.88, 20.00, 4.63, 19.44, 14.02, 0.00, 0.00, 0.00, 0.00, 90.00, 0, 0
2.00, 5.70, 25.63, 25.63, 2531.10, 20.00, 4.63, 18.33, 12.90, 0.00, 0.00, 0.00, 0.00, 90.00, 0, 0
2.00, 5.70, 25.52, 25.52, 2364.24, 20.00, 4.63, 17.22, 11.78, 0.00, 0.00, 0.00, 0.00, 90.00, 0, 0
2.00, 5.70, 25.42, 25.42, 2228.71, 20.00, 4.63, 16.67, 11.17, 0.00, 0.00, 0.00, 0.00, 90.00, 0, 0
2.00, 5.70, 24.96, 24.96, 1284.31, 20.00, 4.63, 15.56, 10.16, 0.00, 0.00, 0.00, 0.00, 90.00, 0, 0
2.00, 5.70, 24.73, 24.73, 1278.22, 20.00, 4.63, 16.11, 10.66, 0.00, 24.51, 26.22, -115.49, 83.62, 0, 0
2.00, 5.70, 24.70, 24.70, 1552.92, 20.00, 4.63, 17.22, 11.78, 17.35, 48.16, 23.53, -106.52, 73.01, 0, 0
2.00, 5.70, 24.71, 24.71, 1652.60, 20.00, 4.63, 17.78, 12.29, 5.52, 75.83, 29.05, -97.70, 61.90, 0, 0
2.00, 5.70, 24.86, 24.86, 2134.56, 20.00, 4.63, 18.89, 13.41, 77.95, 135.93, 39.44, -90.00, 50.56, 0, 0
2.00, 5.70, 25.00, 25.00, 2759.01, 20.00, 4.63, 21.11, 15.54, 128.46, 185.75, 51.90, -77.02, 39.29, 0, 0
2.00, 5.70, 25.00, 25.00, 3018.03, 20.00, 4.63, 22.22, 16.67, 68.91, 213.15, 65.16, -61.17, 28.65, 0, 0
2.00, 5.70, 25.00, 25.00, 3139.47, 20.00, 4.63, 22.78, 17.17, 20.25, 228.58, 78.78, -34.41, 20.13, 0, 0
2.00, 5.70, 25.40, 25.40, 3160.10, 20.00, 4.63, 23.89, 18.18, 0.00, 218.71, 0.00, 8.49, 17.46, 0, 0
2.00, 5.70, 25.76, 25.76, 3648.08, 20.00, 4.63, 24.44, 18.68, 0.00, 229.31, 0.00, 46.16, 22.85, 0, 0
2.00, 5.70, 25.95, 25.95, 3675.69, 20.00, 4.63, 24.44, 18.68, 0.00, 194.23, 0.00, 67.84, 32.44, 0, 0
2.00, 5.70, 26.02, 26.02, 3602.56, 20.00, 4.63, 24.44, 18.68, 0.00, 156.03, 0.00, 81.52, 43.41, 0, 0
2.00, 5.70, 26.03, 26.03, 3498.53, 20.00, 4.63, 23.89, 18.18, 0.00, 115.39, 0.00, 90.00, 54.75, 0, 0
2.00, 5.70, 25.96, 25.96, 3264.16, 20.00, 4.63, 22.78, 17.05, 0.00, 59.68, 0.00, 100.98, 66.04, 0, 0
2.00, 5.70, 25.89, 25.89, 3127.80, 20.00, 4.63, 22.22, 16.55, 0.00, 31.37, 0.00, 109.78, 77.00, 0, 0
2.00, 5.70, 25.79, 25.79, 2919.62, 20.00, 4.63, 21.11, 15.42, 0.00, 15.08, 0.00, 118.94, 87.35, 0, 0
2.00, 5.70, 25.68, 25.68, 2718.25, 20.00, 4.63, 20.00, 14.30, 0.00, 0.00, 0.00, 0.00, 90.00, 0, 0
2.00, 5.70, 25.56, 25.56, 2545.54, 20.00, 4.63, 18.89, 13.17, 0.00, 0.00, 0.00, 0.00, 90.00, 0, 0
2.00, 5.70, 25.45, 25.45, 2372.15, 20.00, 4.63, 17.78, 12.05, 0.00, 0.00, 0.00, 0.00, 90.00, 0, 0
2.00, 5.70, 25.33, 25.33, 2195.29, 20.00, 4.63, 16.67, 10.81, 0.00, 0.00, 0.00, 0.00, 90.00, 0, 0
2.00, 5.70, 25.21, 25.21, 2013.75, 20.00, 4.63, 15.56, 9.82, 0.00, 0.00, 0.00, 0.00, 90.00, 0, 0
2.00, 5.70, 25.09, 25.09, 1826.45, 20.00, 4.63, 14.44, 8.71, 0.00, 0.00, 0.00, 0.00, 90.00, 0, 0
2.00, 5.70, 24.96, 24.96, 1633.05, 20.00, 4.63, 13.33, 7.60, 0.00, 0.00, 0.00, 0.00, 90.00, 0, 0
2.00, 5.70, 24.82, 24.82, 1433.27, 20.00, 4.63, 12.22, 6.37, 0.00, 0.00, 0.00, 0.00, 90.00, 0, 0
2.00, 5.70, 24.17, 24.17, -98.72, 20.00, 4.63, 11.11, 5.26, 0.00, 0.00, 0.00, 0.00, 90.00, 0, 0
2.00, 5.70, 23.86, 23.86, -91.43, 20.00, 4.63, 12.22, 6.37, 0.00, 35.83, 26.21, -115.49, 83.68, 0, 0
2.00, 5.70, 24.34, 24.34, 1917.31, 20.00, 4.63, 14.44, 8.59, 335.62, 56.39, 23.48, -106.52, 73.07, 0, 0
2.00, 5.70, 24.77, 24.77, 2614.32, 20.00, 4.63, 16.67, 10.81, 482.87, 91.60, 28.99, -97.70, 61.96, 0, 0
2.00, 5.70, 25.00, 25.00, 2820.33, 20.00, 4.63, 18.89, 13.05, 524.22, 127.34, 39.38, -90.00, 50.62, 0, 0
2.00, 5.70, 25.00, 25.00, 2954.86, 20.00, 4.63, 20.56, 14.67, 381.99, 165.80, 51.84, -77.02, 39.35, 0, 0
2.00, 5.70, 25.00, 25.00, 3395.38, 20.00, 4.63, 22.22, 16.29, 258.95, 199.40, 65.11, -61.19, 28.71, 0, 0
2.00, 5.70, 25.00, 25.00, 3834.02, 20.00, 4.63, 23.89, 17.91, 137.47, 209.13, 78.73, -34.49, 20.19, 0, 0
2.00, 5.70, 25.63, 25.63, 4000.42, 20.00, 4.63, 25.00, 18.90, 0.00, 203.30, 0.00, 8.31, 17.49, 0, 0
2.00, 5.70, 26.07, 26.07, 4401.61, 20.00, 4.63, 26.11, 20.03, 0.00, 198.76, 0.00, 46.00, 22.85, 0, 0
2.00, 5.70, 26.38, 26.38, 4645.12, 20.00, 4.63, 26.67, 20.52, 0.00, 165.32, 0.00, 67.73, 32.43, 0, 0
2.00, 5.70, 26.56, 26.56, 4698.11, 20.00, 4.63, 26.67, 20.52, 0.00, 132.05, 0.00, 81.43, 43.39, 0, 0
2.00, 5.70, 26.61, 26.61, 4546.38, 20.00, 4.63, 26.11, 20.03, 0.00, 97.77, 0.00, 90.00, 54.73, 0, 0
2.00, 5.70, 26.56, 26.56, 4267.98, 20.00, 4.63, 25.00, 18.90, 0.00, 68.58, 0.00, 100.92, 66.02, 0, 0
2.00, 5.70, 26.44, 26.44, 3935.63, 20.00, 4.63, 23.33, 17.27, 0.00, 36.11, 0.00, 109.72, 76.98, 0, 0
2.00, 5.70, 26.26, 26.26, 3547.73, 20.00, 4.63, 21.67, 15.66, 0.00, 20.74, 0.00, 118.88, 87.34, 0, 0
2.00, 5.70, 26.09, 26.09, 3271.75, 20.00, 4.63, 20.56, 14.53, 0.00, 0.00, 0.00, 0.00, 90.00, 0, 0
2.00, 5.70, 25.92, 25.92, 3015.19, 20.00, 4.63, 18.89, 12.78, 0.00, 0.00, 0.00, 0.00, 90.00, 0, 0
2.00, 5.70, 25.76, 25.76, 2761.87, 20.00, 4.63, 17.22, 11.17, 0.00, 0.00, 0.00, 0.00, 90.00, 0, 0
2.00, 5.70, 25.60, 25.60, 2506.42, 20.00, 4.63, 15.56, 9.43, 0.00, 0.00, 0.00, 0.00, 90.00, 0, 0
2.00, 5.70, 25.45, 25.45, 2285.01, 20.00, 4.63, 14.44, 8.32, 0.00, 0.00, 0.00, 0.00, 90.00, 0, 0
2.00, 5.70, 25.30, 25.30, 2065.73, 20.00, 4.63, 13.33, 7.22, 0.00, 0.00, 0.00, 0.00, 90.00, 0, 0
2.00, 5.70, 25.15, 25.15, 1845.31, 20.00, 4.63, 12.22, 6.11, 0.00, 0.00, 0.00, 0.00, 90.00, 0, 0
2.00, 5.70, 24.99, 24.99, 1621.83, 20.00, 4.63, 11.11, 5.01, 0.00, 0.00, 0.00, 0.00, 90.00, 0, 0
2.00, 5.70, 24.26, 24.26, -125.96, 20.00, 4.63, 10.00, 3.91, 0.00, 0.00, 0.00, 0.00, 90.00, 0, 0
2.00, 5.70, 23.89, 23.89, -184.72, 20.00, 4.63, 11.11, 5.01, 0.00, 28.28, 26.20, -115.49, 83.75, 0, 0
2.00, 5.70, 24.21, 24.21, 1437.16, 20.00, 4.63, 12.78, 6.59, 283.65, 57.24, 23.43, -106.52, 73.14, 0, 0
2.00, 5.70, 24.58, 24.58, 2171.66, 20.00, 4.63, 15.00, 8.81, 438.99, 96.11, 28.93, -97.69, 62.03, 0, 0
2.00, 5.70, 24.82, 24.82, 2372.05, 20.00, 4.63, 17.22, 11.03, 451.49, 131.05, 39.32, -90.00, 50.68, 0, 0
2.00, 5.70, 25.00, 25.00, 2670.54, 20.00, 4.63, 18.89, 12.78, 394.22, 160.63, 51.78, -77.01, 39.41, 0, 0
2.00, 5.70, 25.00, 25.00, 3126.78, 20.00, 4.63, 20.56, 14.39, 266.15, 192.70, 65.05, -61.19, 28.78, 0, 0
2.00, 5.70, 25.00, 25.00, 3550.11, 20.00, 4.63, 22.22, 16.00, 129.42, 207.24, 78.68, -34.56, 20.25, 0, 0
2.00, 5.70, 25.59, 25.59, 3857.19, 20.00, 4.63, 23.33, 17.12, 0.00, 213.26, 0.00, 8.13, 17.53, 0, 0
2.00, 5.70, 26.01, 26.01, 4270.89, 20.00, 4.63, 24.44, 18.25, 0.00, 201.23, 0.00, 45.84, 22.86, 0, 0
2.00, 5.70, 26.28, 26.28, 4415.52, 20.00, 4.63, 24.44, 18.25, 0.00, 178.60, 0.00, 67.61, 32.42, 0, 0
2.00, 5.70, 26.43, 26.43, 4447.48, 20.00, 4.63, 24.44, 18.25, 0.00, 145.43, 0.00, 81.34, 43.37, 0, 0
2.00, 5.70, 26.45, 26.45, 4249.75, 20.00, 4.63, 23.89, 17.77, 0.00, 116.36, 0.00, 90.00, 54.71, 0, 0
2.00, 5.70, 26.38, 26.38, 3943.56, 20.00, 4.63, 22.78, 16.78, 0.00, 83.58, 0.00, 100.85, 66.01, 0, 0
2.00, 5.70, 26.21, 26.21, 3535.78, 20.00, 4.63, 21.11, 15.16, 0.00, 39.60, 0.00, 109.65, 76.97, 0, 0
2.00, 5.70, 26.03, 26.03, 3195.42, 20.00, 4.63, 20.00, 14.17, 0.00, 7.54, 0.00, 118.82, 87.34, 0, 0
2.00, 5.70, 25.87, 25.87, 2988.17, 20.00, 4.63, 19.44, 13.55, 0.00, 0.00, 0.00, 0.00, 90.00, 0, 0
2.00, 5.70, 25.75, 25.75, 2820.74, 20.00, 4.63, 18.89, 13.05, 0.00, 0.00, 0.00, 0.00, 90.00, 0, 0
2.00, 5.70, 25.62, 25.62, 2629.69, 20.00, 4.63, 17.78, 11.93, 0.00, 0.00, 0.00, 0.00, 90.00, 0, 0
2.00, 5.70, 25.51, 25.51, 2476.69, 20.00, 4.63, 17.22, 11.31, 0.00, 0.00, 0.00, 0.00, 90.00, 0, 0
2.00, 5.70, 25.41, 25.41, 2330.02, 20.00, 4.63, 16.67, 10.81, 0.00, 0.00, 0.00, 0.00, 90.00, 0, 0
2.00, 5.70, 25.32, 25.32, 2225.21, 20.00, 4.63, 16.67, 10.68, 0.00, 0.00, 0.00, 0.00, 90.00, 0, 0
2.00, 5.70, 25.24, 25.24, 2130.53, 20.00, 4.63, 16.67, 10.68, 0.00, 0.00, 0.00, 0.00, 90.00, 0, 0
2.00, 5.70, 25.17, 25.17, 2042.74, 20.00, 4.63, 16.67, 10.81, 0.00, 0.00, 0.00, 0.00, 90.00, 0, 0
2.00, 5.70, 24.83, 24.83, 1393.15, 20.00, 4.63, 16.67, 10.81, 0.00, 0.00, 0.00, 0.00, 90.00, 0, 0
2.00, 5.70, 24.62, 24.62, 1265.28, 20.00, 4.63, 16.67, 10.94, 0.00, 5.66, 26.18, -115.49, 83.82, 0, 0
2.00, 5.70, 24.48, 24.48, 1166.86, 20.00, 4.63, 16.67, 10.94, 0.00, 7.54, 23.38, -106.51, 73.21, 0, 0
2.00, 5.70, 24.43, 24.43, 1248.14, 20.00, 4.63, 17.22, 11.56, 0.00, 24.51, 28.86, -97.68, 62.10, 0, 0
2.00, 5.70, 24.43, 24.43, 1363.49, 20.00, 4.63, 17.78, 12.05, 0.00, 39.60, 39.25, -90.00, 50.75, 0, 0
2.00, 5.70, 24.42, 24.42, 1346.86, 20.00, 4.63, 17.78, 12.05, 0.00, 37.71, 51.72, -76.99, 39.48, 0, 0
2.00, 5.70, 24.38, 24.38, 1282.74, 20.00, 4.63, 17.78, 12.05, 0.00, 18.86, 64.99, -61.19, 28.85, 0, 0
2.00, 5.70, 24.29, 24.29, 1097.35, 20.00, 4.63, 17.22, 11.56, 0.00, 5.66, 78.63, -34.61, 20.31, 0, 0
2.00, 5.70, 24.41, 24.41, 1394.25, 20.00, 4.63, 17.22, 11.43, 0.00, 5.66, 0.00, 7.96, 17.58, 0, 0
2.00, 5.70, 24.48, 24.48, 1459.17, 20.00, 4.63, 17.22, 11.43, 0.00, 26.40, 0.00, 45.66, 22.87, 0, 0
2.00, 5.70, 24.53, 24.53, 1537.28, 20.00, 4.63, 17.78, 12.05, 0.00, 39.60, 0.00, 67.48, 32.41, 0, 0
2.00, 5.70, 24.54, 24.54, 1511.77, 20.00, 4.63, 17.78, 12.05, 0.00, 28.28, 0.00, 81.24, 43.36, 0, 0
2.00, 5.70, 24.54, 24.54, 1492.90, 20.00, 4.63, 17.78, 12.05, 0.00, 28.28, 0.00, 90.00, 54.70, 0, 0
2.00, 5.70, 24.52, 24.52, 1466.88, 20.00, 4.63, 17.78, 12.05, 0.00, 28.28, 0.00, 100.77, 66.00, 0, 0
2.00, 5.70, 24.48, 24.48, 1400.74, 20.00, 4.63, 17.78, 12.05, 0.00, 15.08, 0.00, 109.58, 76.97, 0, 0
2.00, 5.70, 24.42, 24.42, 1282.76, 20.00, 4.63, 17.22, 11.56, 0.00, 1.89, 0.00, 118.75, 87.34, 0, 0
2.00, 5.70, 24.36, 24.36, 1216.07, 20.00, 4.63, 17.22, 11.56, 0.00, 0.00, 0.00, 0.00, 90.00, 0, 0
2.00, 5.70, 24.31, 24.31, 1158.36, 20.00, 4.63, 17.22, 11.56, 0.00, 0.00, 0.00, 0.00, 90.00, 0, 0
2.00, 5.70, 24.25, 24.25, 1065.53, 20.00, 4.63, 16.67, 11.05, 0.00, 0.00, 0.00, 0.00, 90.00, 0, 0
2.00, 5.70, 24.19, 24.19, 1005.04, 20.00, 4.63, 16.67, 10.94, 0.00, 0.00, 0.00, 0.00, 90.00, 0, 0
2.00, 5.70, 24.11, 24.11, 870.47, 20.00, 4.63, 15.56, 9.82, 0.00, 0.00, 0.00, 0.00, 90.00, 0, 0
2.00, 5.70, 24.01, 24.01, 720.39, 20.00, 4.63, 14.44, 8.71, 0.00, 0.00, 0.00, 0.00, 90.00, 0, 0
2.00, 5.70, 23.90, 23.90, 558.39, 20.00, 4.63, 13.33, 7.71, 0.00, 0.00, 0.00, 0.00, 90.00, 0, 0
2.00, 5.70, 23.78, 23.78, 386.40, 20.00, 4.63, 12.22, 6.60, 0.00, 0.00, 0.00, 0.00, 90.00, 0, 0
2.00, 5.70, 23.24, 23.24, -949.09, 20.00, 4.63, 11.67, 5.99, 0.00, 0.00, 0.00, 0.00, 90.00, 0, 0
2.00, 5.70, 23.00, 23.00, -881.45, 20.00, 4.63, 12.78, 7.10, 0.00, 33.94, 26.15, -115.48, 83.89, 0, 0
2.00, 5.70, 23.17, 23.17, 89.28, 20.00, 4.63, 14.44, 8.82, 133.26, 58.44, 23.32, -106.49, 73.28, 0, 0
2.00, 5.70, 23.52, 23.52, 946.83, 20.00, 4.63, 16.11, 10.44, 293.07, 101.51, 28.79, -97.66, 62.17, 0, 0
2.00, 5.70, 23.78, 23.78, 1304.75, 20.00, 4.63, 17.78, 12.05, 322.79, 144.51, 39.18, -90.00, 50.82, 0, 0
2.00, 5.70, 24.10, 24.10, 1925.19, 20.00, 4.63, 20.00, 14.17, 320.95, 173.14, 51.66, -76.97, 39.55, 0, 0
2.00, 5.70, 24.45, 24.45, 2572.98, 20.00, 4.63, 21.67, 15.79, 205.82, 207.20, 64.93, -61.17, 28.92, 0, 0
2.00, 5.70, 24.76, 24.76, 2993.20, 20.00, 4.63, 22.78, 16.92, 74.36, 234.23, 78.57, -34.66, 20.39, 0, 0
2.00, 5.70, 25.03, 25.03, 3086.73, 20.00, 4.63, 23.89, 17.91, 0.00, 227.05, 0.00, 7.78, 17.63, 0, 0
2.00, 5.70, 25.26, 25.26, 3368.88, 20.00, 4.63, 24.44, 18.40, 0.00, 214.97, 0.00, 45.47, 22.89, 0, 0
2.00, 5.70, 25.42, 25.42, 3476.10, 20.00, 4.63, 25.00, 18.90, 0.00, 191.43, 0.00, 67.34, 32.41, 0, 0
2.00, 5.70, 25.50, 25.50, 3447.64, 20.00, 4.63, 25.00, 18.90, 0.00, 166.82, 0.00, 81.13, 43.36, 0, 0
2.00, 5.70, 25.52, 25.52, 3345.37, 20.00, 4.63, 24.44, 18.40, 0.00, 123.17, 0.00, 90.00, 54.70, 0, 0
2.00, 5.70, 25.49, 25.49, 3195.68, 20.00, 4.63, 23.89, 17.77, 0.00, 77.19, 0.00, 100.69, 65.99, 0, 0
2.00, 5.70, 25.37, 25.37, 2868.73, 20.00, 4.63, 22.22, 16.15, 0.00, 38.74, 0.00, 109.50, 76.97, 0, 0
2.00, 5.70, 25.21, 25.21, 2518.79, 20.00, 4.63, 21.11, 15.02, 0.00, 18.86, 0.00, 118.67, 87.34, 0, 0
2.00, 5.70, 25.04, 25.04, 2226.00, 20.00, 4.63, 19.44, 13.41, 0.00, 0.00, 0.00, 0.00, 90.00, 0, 0
2.00, 5.70, 24.89, 24.89, 2015.26, 20.00, 4.63, 18.33, 12.29, 0.00, 0.00, 0.00, 0.00, 90.00, 0, 0
2.00, 5.70, 24.74, 24.74, 1777.95, 20.00, 4.63, 16.67, 10.55, 0.00, 0.00, 0.00, 0.00, 90.00, 0, 0
2.00, 5.70, 24.60, 24.60, 1575.45, 20.00, 4.63, 15.56, 9.29, 0.00, 0.00, 0.00, 0.00, 90.00, 0, 0
2.00, 5.70, 24.46, 24.46, 1375.74, 20.00, 4.63, 14.44, 8.32, 0.00, 0.00, 0.00, 0.00, 90.00, 0, 0
2.00, 5.70, 24.32, 24.32, 1174.97, 20.00, 4.63, 13.33, 7.22, 0.00, 0.00, 0.00, 0.00, 90.00, 0, 0
2.00, 5.70, 24.18, 24.18, 971.05, 20.00, 4.63, 12.22, 6.11, 0.00, 0.00, 0.00, 0.00, 90.00, 0, 0
2.00, 5.70, 24.05, 24.05, 801.88, 20.00, 4.63, 11.67, 5.35, 0.00, 0.00, 0.00, 0.00, 90.00, 0, 0
2.00, 5.70, 23.91, 23.91, 597.64, 20.00, 4.63, 10.56, 4.25, 0.00, 0.00, 0.00, 0.00, 90.00, 0, 0
2.00, 5.70, 23.83, 23.83, 565.75, 20.00, 4.63, 11.11, 4.72, 0.00, 22.63, 26.12, -115.46, 83.97, 0, 0
2.00, 5.70, 24.05, 24.05, 1384.03, 20.00, 4.63, 12.78, 6.45, 139.13, 59.52, 23.25, -106.47, 73.36, 0, 0
2.00, 5.70, 24.23, 24.23, 1640.62, 20.00, 4.63, 14.44, 8.03, 190.91, 109.87, 28.71, -97.63, 62.24, 0, 0
2.00, 5.70, 24.43, 24.43, 1959.01, 20.00, 4.63, 16.67, 10.24, 340.26, 139.68, 39.10, -90.00, 50.90, 0, 0
2.00, 5.70, 24.61, 24.61, 2226.63, 20.00, 4.63, 18.89, 12.47, 397.85, 162.07, 51.59, -76.93, 39.63, 0, 0
2.00, 5.70, 24.83, 24.83, 2621.64, 20.00, 4.63, 20.56, 14.07, 309.41, 179.04, 64.87, -61.14, 29.00, 0, 0
2.00, 5.70, 25.00, 25.00, 2944.72, 20.00, 4.63, 22.22, 15.66, 149.40, 193.34, 78.52, -34.69, 20.47, 0, 0
2.00, 5.70, 25.31, 25.31, 3465.15, 20.00, 4.63, 23.89, 17.26, 0.00, 181.81, 0.00, 7.60, 17.69, 0, 0
2.00, 5.70, 25.57, 25.57, 3738.70, 20.00, 4.63, 24.44, 17.92, 0.00, 169.85, 0.00, 45.28, 22.91, 0, 0
2.00, 5.70, 25.73, 25.73, 3836.23, 20.00, 4.63, 25.00, 18.40, 0.00, 170.07, 0.00, 67.20, 32.42, 0, 0
2.00, 5.70, 25.83, 25.83, 3858.50, 20.00, 4.63, 25.00, 18.40, 0.00, 134.57, 0.00, 81.02, 43.36, 0, 0
2.00, 5.70, 25.85, 25.85, 3714.21, 20.00, 4.63, 25.00, 18.40, 0.00, 98.40, 0.00, 90.00, 54.69, 0, 0
2.00, 5.70, 25.78, 25.78, 3435.71, 20.00, 4.63, 23.89, 17.26, 0.00, 66.45, 0.00, 100.60, 65.99, 0, 0
2.00, 5.70, 25.64, 25.64, 3110.33, 20.00, 4.63, 22.22, 15.84, 0.00, 33.22, 0.00, 109.42, 76.97, 0, 0
2.00, 5.70, 25.47, 25.47, 2756.27, 20.00, 4.63, 21.11, 14.71, 0.00, 22.63, 0.00, 118.59, 87.35, 0, 0
2.00, 5.70, 25.29, 25.29, 2446.21, 20.00, 4.63, 19.44, 13.11, 0.00, 0.00, 0.00, 0.00, 90.00, 0, 0
2.00, 5.70, 25.13, 25.13, 2226.96, 20.00, 4.63, 18.33, 11.99, 0.00, 0.00, 0.00, 0.00, 90.00, 0, 0
2.00, 5.70, 24.99, 24.99, 2021.94, 20.00, 4.63, 17.22, 10.88, 0.00, 0.00, 0.00, 0.00, 90.00, 0, 0
2.00, 5.70, 24.85, 24.85, 1823.04, 20.00, 4.63, 16.11, 9.61, 0.00, 0.00, 0.00, 0.00, 90.00, 0, 0
2.00, 5.70, 24.72, 24.72, 1625.69, 20.00, 4.63, 15.00, 8.66, 0.00, 0.00, 0.00, 0.00, 90.00, 0, 0
2.00, 5.70, 24.59, 24.59, 1465.69, 20.00, 4.63, 14.44, 8.03, 0.00, 0.00, 0.00, 0.00, 90.00, 0, 0
2.00, 5.70, 24.47, 24.47, 1272.32, 20.00, 4.63, 13.33, 6.92, 0.00, 0.00, 0.00, 0.00, 90.00, 0, 0
2.00, 5.70, 24.34, 24.34, 1111.69, 20.00, 4.63, 12.78, 6.45, 0.00, 0.00, 0.00, 0.00, 90.00, 0, 0
2.00, 5.70, 23.76, 23.76, -298.23, 20.00, 4.63, 11.67, 5.35, 0.00, 0.00, 0.00, 0.00, 90.00, 0, 0
2.00, 5.70, 23.44, 23.44, -424.73, 20.00, 4.63, 12.22, 5.97, 0.00, 22.63, 26.08, -115.44, 84.05, 0, 0
2.00, 5.70, 24.05, 24.05, 2001.70, 20.00, 4.63, 14.44, 8.18, 411.81, 49.64, 23.17, -106.44, 73.44, 0, 0
2.00, 5.70, 24.44, 24.44, 2384.68, 20.00, 4.63, 16.67, 10.40, 470.75, 87.34, 28.62, -97.59, 62.32, 0, 0
2.00, 5.70, 24.68, 24.68, 2555.35, 20.00, 4.63, 18.89, 12.63, 477.88, 122.32, 39.03, -90.00, 50.97, 0, 0
2.00, 5.70, 24.90, 24.90, 2876.73, 20.00, 4.63, 20.56, 14.23, 441.62, 150.90, 51.52, -76.88, 39.71, 0, 0
2.00, 5.70, 25.00, 25.00, 3433.29, 20.00, 4.63, 22.22, 15.84, 322.17, 174.50, 64.82, -61.10, 29.08, 0, 0
2.00, 5.70, 25.00, 25.00, 3896.16, 20.00, 4.63, 23.89, 17.44, 169.61, 176.30, 78.47, -34.71, 20.55, 0, 0
2.00, 5.70, 25.53, 25.53, 4017.49, 20.00, 4.63, 25.56, 19.05, 0.00, 172.04, 0.00, 7.43, 17.75, 0, 0
2.00, 5.70, 25.92, 25.92, 4370.00, 20.00, 4.63, 26.11, 19.71, 0.00, 158.35, 0.00, 45.08, 22.94, 0, 0
2.00, 5.70, 26.18, 26.18, 4543.88, 20.00, 4.63, 26.67, 20.19, 0.00, 148.61, 0.00, 67.04, 32.43, 0, 0
2.00, 5.70, 26.30, 26.30, 4486.81, 20.00, 4.63, 26.67, 20.19, 0.00, 135.86, 0.00, 80.89, 43.36, 0, 0
2.00, 5.70, 26.33, 26.33, 4329.35, 20.00, 4.63, 26.11, 19.71, 0.00, 106.35, 0.00, 90.00, 54.70, 0, 0
2.00, 5.70, 26.24, 26.24, 3999.35, 20.00, 4.63, 25.00, 18.57, 0.00, 78.36, 0.00, 100.51, 66.00, 0, 0
2.00, 5.70, 26.07, 26.07, 3561.49, 20.00, 4.63, 23.33, 16.96, 0.00, 34.42, 0.00, 109.34, 76.98, 0, 0
2.00, 5.70, 25.88, 25.88, 3201.64, 20.00, 4.63, 21.67, 15.36, 0.00, 5.66, 0.00, 118.51, 87.37, 0, 0
2.00, 5.70, 25.71, 25.71, 2961.75, 20.00, 4.63, 20.56, 14.23, 0.00, 0.00, 0.00, 0.00, 90.00, 0, 0
2.00, 5.70, 25.57, 25.57, 2752.16, 20.00, 4.63, 19.44, 13.11, 0.00, 0.00, 0.00, 0.00, 90.00, 0, 0
2.00, 5.70, 25.44, 25.44, 2552.55, 20.00, 4.63, 18.33, 11.99, 0.00, 0.00, 0.00, 0.00, 90.00, 0, 0
2.00, 5.70, 25.29, 25.29, 2317.40, 20.00, 4.63, 16.67, 10.40, 0.00, 0.00, 0.00, 0.00, 90.00, 0, 0
2.00, 5.70, 25.17, 25.17, 2150.61, 20.00, 4.63, 16.11, 9.77, 0.00, 0.00, 0.00, 0.00, 90.00, 0, 0
2.00, 5.70, 25.04, 25.04, 1953.35, 20.00, 4.63, 15.00, 8.66, 0.00, 0.00, 0.00, 0.00, 90.00, 0, 0
2.00, 5.70, 24.92, 24.92, 1790.45, 20.00, 4.63, 14.44, 8.18, 0.00, 0.00, 0.00, 0.00, 90.00, 0, 0
2.00, 5.70, 24.79, 24.79, 1592.16, 20.00, 4.63, 13.33, 7.07, 0.00, 0.00, 0.00, 0.00, 90.00, 0, 0
2.00, 5.70, 24.21, 24.21, 238.59, 20.00, 4.63, 12.22, 5.97, 0.00, 0.00, 0.00, 0.00, 90.00, 0, 0
2.00, 5.70, 23.94, 23.94, 270.69, 20.00, 4.63, 13.33, 7.22, 0.00, 33.94, 26.03, -115.41, 84.14, 0, 0
2.00, 5.70, 24.59, 24.59, 2754.52, 20.00, 4.63, 15.56, 9.29, 429.48, 47.28, 23.09, -106.40, 73.52, 0, 0
2.00, 5.70, 24.97, 24.97, 2991.72, 20.00, 4.63, 17.78, 11.51, 443.43, 89.28, 28.53, -97.55, 62.40, 0, 0
2.00, 5.70, 25.00, 25.00, 2993.04, 20.00, 4.63, 19.44, 13.11, 451.44, 124.07, 38.95, -90.00, 51.05, 0, 0
2.00, 5.70, 25.00, 25.00, 3158.64, 20.00, 4.63, 21.11, 14.71, 389.21, 153.59, 51.45, -76.83, 39.79, 0, 0
2.00, 5.70, 25.00, 25.00, 3690.46, 20.00, 4.63, 23.33, 16.79, 266.38, 187.04, 64.76, -61.05, 29.17, 0, 0
2.00, 5.70, 25.00, 25.00, 4026.34, 20.00, 4.63, 24.44, 17.92, 131.10, 207.18, 78.42, -34.72, 20.64, 0, 0
2.00, 5.70, 25.64, 25.64, 4146.03, 20.00, 4.63, 26.11, 19.33, 0.00, 199.64, 0.00, 7.25, 17.82, 0, 0
2.00, 5.70, 26.09, 26.09, 4539.69, 20.00, 4.63, 26.67, 20.00, 0.00, 181.64, 0.00, 44.87, 22.98, 0, 0
2.00, 5.70, 26.40, 26.40, 4764.24, 20.00, 4.63, 27.22, 20.47, 0.00, 156.13, 0.00, 66.87, 32.45, 0, 0
2.00, 5.70, 26.58, 26.58, 4810.64, 20.00, 4.63, 27.22, 20.47, 0.00, 122.43, 0.00, 80.76, 43.37, 0, 0
2.00, 5.70, 26.65, 26.65, 4723.24, 20.00, 4.63, 27.22, 20.26, 0.00, 90.12, 0.00, 90.00, 54.70, 0, 0
2.00, 5.70, 26.62, 26.62, 4454.63, 20.00, 4.63, 26.11, 19.33, 0.00, 61.26, 0.00, 100.41, 66.01, 0, 0
2.00, 5.70, 26.50, 26.50, 4113.56, 20.00, 4.63, 24.44, 17.73, 0.00, 31.80, 0.00, 109.25, 76.99, 0, 0
2.00, 5.70, 26.33, 26.33, 3726.38, 20.00, 4.63, 22.78, 15.94, 0.00, 22.63, 0.00, 118.42, 87.39, 0, 0
2.00, 5.70, 26.13, 26.13, 3369.48, 20.00, 4.63, 20.56, 13.69, 0.00, 0.00, 0.00, 0.00, 90.00, 0, 0
2.00, 5.70, 25.95, 25.95, 3095.49, 20.00, 4.63, 18.89, 12.12, 0.00, 0.00, 0.00, 0.00, 90.00, 0, 0
2.00, 5.70, 25.77, 25.77, 2790.44, 20.00, 4.63, 16.67, 9.89, 0.00, 0.00, 0.00, 0.00, 90.00, 0, 0
2.00, 5.70, 25.58, 25.58, 2476.98, 20.00, 4.63, 14.44, 7.50, 0.00, 0.00, 0.00, 0.00, 90.00, 0, 0
2.00, 5.70, 25.39, 25.39, 2192.60, 20.00, 4.63, 12.78, 6.12, 0.00, 0.00, 0.00, 0.00, 90.00, 0, 0
2.00, 5.70, 25.20, 25.20, 1905.41, 20.00, 4.63, 11.11, 4.39, 0.00, 0.00, 0.00, 0.00, 90.00, 0, 0
2.00, 5.70, 25.00, 25.00, 1612.65, 20.00, 4.63, 9.44, 2.67, 0.00, 0.00, 0.00, 0.00, 90.00, 0, 0
2.00, 5.70, 24.80, 24.80, 1312.61, 20.00, 4.63, 7.78, 0.97, 0.00, 0.00, 0.00, 0.00, 90.00, 0, 0
2.00, 5.70, 23.84, 23.84, -1121.05, 20.00, 4.63, 6.11, -0.73, 0.00, 0.00, 0.00, 0.00, 90.00, 0, 0
2.00, 5.70, 23.31, 23.31, -1303.86, 20.00, 4.63, 7.22, 0.35, 0.00, 33.94, 25.98, -115.38, 84.23, 0, 0
2.00, 5.70, 23.45, 23.45, 1.08, 20.00, 4.63, 9.44, 2.50, 209.07, 58.64, 23.00, -106.36, 73.61, 0, 0
2.00, 5.70, 23.58, 23.58, 256.43, 20.00, 4.63, 11.67, 4.67, 185.85, 107.96, 28.44, -97.50, 62.49, 0, 0
2.00, 5.70, 23.84, 23.84, 931.36, 20.00, 4.63, 13.89, 7.04, 351.26, 138.35, 38.86, -90.00, 51.14, 0, 0
2.00, 5.70, 24.17, 24.17, 1641.05, 20.00, 4.63, 16.67, 9.70, 403.59, 156.78, 51.38, -76.76, 39.88, 0, 0
2.00, 5.70, 24.62, 24.62, 2572.87, 20.00, 4.63, 19.44, 12.37, 312.82, 176.59, 64.70, -60.99, 29.26, 0, 0
2.00, 5.70, 25.00, 25.00, 3259.28, 20.00, 4.63, 21.11, 14.15, 164.11, 181.60, 78.37, -34.72, 20.73, 0, 0
2.00, 5.70, 25.47, 25.47, 3671.56, 20.00, 4.63, 23.33, 16.18, 0.00, 184.80, 0.00, 7.08, 17.90, 0, 0
2.00, 5.70, 25.81, 25.81, 4008.37, 20.00, 4.63, 24.44, 17.30, 0.00, 183.19, 0.00, 44.65, 23.02, 0, 0
2.00, 5.70, 26.07, 26.07, 4239.92, 20.00, 4.63, 25.00, 17.98, 0.00, 155.99, 0.00, 66.70, 32.47, 0, 0
2.00, 5.70, 26.21, 26.21, 4245.21, 20.00, 4.63, 25.00, 17.98, 0.00, 128.20, 0.00, 80.63, 43.38, 0, 0
2.00, 5.70, 26.23, 26.23, 4069.00, 20.00, 4.63, 24.44, 17.53, 0.00, 105.69, 0.00, 90.00, 54.71, 0, 0
2.00, 5.70, 26.14, 26.14, 3706.68, 20.00, 4.63, 23.33, 16.40, 0.00, 79.88, 0.00, 100.31, 66.02, 0, 0
2.00, 5.70, 25.96, 25.96, 3292.73, 20.00, 4.63, 21.67, 14.81, 0.00, 40.70, 0.00, 109.15, 77.01, 0, 0
2.00, 5.70, 25.77, 25.77, 2938.04, 20.00, 4.63, 20.00, 13.23, 0.00, 11.31, 0.00, 118.33, 87.42, 0, 0
2.00, 5.70, 25.61, 25.61, 2722.33, 20.00, 4.63, 19.44, 12.77, 0.00, 0.00, 0.00, 0.00, 90.00, 0, 0
2.00, 5.70, 25.46, 25.46, 2516.51, 20.00, 4.63, 18.33, 11.65, 0.00, 0.00, 0.00, 0.00, 90.00, 0, 0
2.00, 5.70, 25.33, 25.33, 2318.55, 20.00, 4.63, 17.22, 10.54, 0.00, 0.00, 0.00, 0.00, 90.00, 0, 0
2.00, 5.70, 25.21, 25.21, 2161.73, 20.00, 4.63, 16.67, 10.08, 0.00, 0.00, 0.00, 0.00, 90.00, 0, 0
2.00, 5.70, 25.09, 25.09, 1973.47, 20.00, 4.63, 15.56, 8.79, 0.00, 0.00, 0.00, 0.00, 90.00, 0, 0
2.00, 5.70, 24.96, 24.96, 1779.96, 20.00, 4.63, 14.44, 7.68, 0.00, 0.00, 0.00, 0.00, 90.00, 0, 0
2.00, 5.70, 24.83, 24.83, 1580.80, 20.00, 4.63, 13.33, 6.58, 0.00, 0.00, 0.00, 0.00, 90.00, 0, 0
2.00, 5.70, 24.67, 24.67, 1336.87, 20.00, 4.63, 11.67, 5.19, 0.00, 0.00, 0.00, 0.00, 90.00, 0, 0
2.00, 5.70, 24.00, 24.00, -282.80, 20.00, 4.63, 10.56, 4.10, 0.00, 0.00, 0.00, 0.00, 90.00, 0, 0
2.00, 5.70, 23.61, 23.61, -475.85, 20.00, 4.63, 11.11, 4.72, 0.00, 16.97, 25.92, -115.34, 84.32, 0, 0
2.00, 5.70, 23.60, 23.60, 127.02, 20.00, 4.63, 12.78, 6.45, 72.65, 51.22, 22.91, -106.31, 73.70, 0, 0
2.00, 5.70, 23.56, 23.56, 66.98, 20.00, 4.63, 13.33, 7.07, 33.32, 83.72, 28.34, -97.45, 62.58, 0, 0
2.00, 5.70, 23.70, 23.70, 627.82, 20.00, 4.63, 15.00, 8.66, 110.67, 133.05, 38.77, -90.00, 51.23, 0, 0
2.00, 5.70, 23.92, 23.92, 1157.16, 20.00, 4.63, 16.67, 10.24, 136.06, 177.27, 51.31, -76.69, 39.96, 0, 0
2.00, 5.70, 24.26, 24.26, 1918.19, 20.00, 4.63, 18.33, 11.99, 197.30, 200.16, 64.64, -60.92, 29.35, 0, 0
2.00, 5.70, 24.69, 24.69, 2760.31, 20.00, 4.63, 20.56, 14.07, 127.76, 210.30, 78.32, -34.70, 20.84, 0, 0
2.00, 5.70, 25.11, 25.11, 3165.14, 20.00, 4.63, 22.22, 15.66, 0.00, 210.77, 0.00, 6.91, 17.99, 0, 0
2.00, 5.70, 25.37, 25.37, 3313.07, 20.00, 4.63, 22.78, 16.32, 0.00, 216.15, 0.00, 44.43, 23.07, 0, 0
2.00, 5.70, 25.55, 25.55, 3465.83, 20.00, 4.63, 23.33, 16.79, 0.00, 191.53, 0.00, 66.52, 32.50, 0, 0
2.00, 5.70, 25.67, 25.67, 3521.58, 20.00, 4.63, 23.33, 16.79, 0.00, 149.77, 0.00, 80.48, 43.40, 0, 0
2.00, 5.70, 25.71, 25.71, 3444.93, 20.00, 4.63, 22.78, 16.32, 0.00, 107.75, 0.00, 90.00, 54.73, 0, 0
2.00, 5.70, 25.67, 25.67, 3231.20, 20.00, 4.63, 22.22, 15.84, 0.00, 71.26, 0.00, 100.20, 66.04, 0, 0
2.00, 5.70, 25.55, 25.55, 2910.00, 20.00, 4.63, 21.11, 14.87, 0.00, 38.63, 0.00, 109.05, 77.03, 0, 0
2.00, 5.70, 25.39, 25.39, 2579.66, 20.00, 4.63, 20.00, 13.75, 0.00, 15.08, 0.00, 118.24, 87.45, 0, 0
2.00, 5.70, 25.23, 25.23, 2333.95, 20.00, 4.63, 18.89, 12.63, 0.00, 0.00, 0.00, 0.00, 90.00, 0, 0
2.00, 5.70, 25.09, 25.09, 2130.47, 20.00, 4.63, 17.78, 11.51, 0.00, 0.00, 0.00, 0.00, 90.00, 0, 0
2.00, 5.70, 24.96, 24.96, 1935.03, 20.00, 4.63, 16.67, 10.40, 0.00, 0.00, 0.00, 0.00, 90.00, 0, 0
2.00, 5.70, 24.83, 24.83, 1742.07, 20.00, 4.63, 15.56, 9.43, 0.00, 0.00, 0.00, 0.00, 90.00, 0, 0
2.00, 5.70, 24.71, 24.71, 1586.81, 20.00, 4.63, 15.00, 8.66, 0.00, 0.00, 0.00, 0.00, 90.00, 0, 0
2.00, 5.70, 24.58, 24.58, 1398.64, 20.00, 4.63, 13.89, 7.70, 0.00, 0.00, 0.00, 0.00, 90.00, 0, 0
2.00, 5.70, 24.47, 24.47, 1243.01, 20.00, 4.63, 13.33, 7.07, 0.00, 0.00, 0.00, 0.00, 90.00, 0, 0
2.00, 5.70, 24.34, 24.34, 1051.10, 20.00, 4.63, 12.22, 6.11, 0.00, 0.00, 0.00, 0.00, 90.00, 0, 0
2.00, 5.70, 23.76, 23.76, -323.63, 20.00, 4.63, 11.67, 5.49, 0.00, 0.00, 0.00, 0.00, 90.00, 0, 0
2.00, 5.70, 23.54, 23.54, -140.75, 20.00, 4.63, 13.33, 7.22, 0.00, 41.48, 25.86, -115.29, 84.42, 0, 0
2.00, 5.70, 23.71, 23.71, 749.04, 20.00, 4.63, 14.44, 8.32, 145.40, 55.42, 22.80, -106.26, 73.79, 0, 0
2.00, 5.70, 23.88, 23.88, 1088.87, 20.00, 4.63, 15.56, 9.57, 194.54, 96.66, 28.24, -97.38, 62.67, 0, 0
2.00, 5.70, 23.85, 23.85, 778.84, 20.00, 4.63, 16.11, 10.06, 59.10, 87.72, 38.68, -90.00, 51.32, 0, 0
2.00, 5.70, 23.80, 23.80, 696.09, 20.00, 4.63, 16.11, 10.06, 5.92, 100.10, 51.24, -76.61, 40.06, 0, 0
2.00, 5.70, 23.85, 23.85, 946.48, 20.00, 4.63, 16.67, 10.55, 12.19, 155.52, 64.57, -60.83, 29.45, 0, 0
2.00, 5.70, 23.92, 23.92, 1116.49, 20.00, 4.63, 17.22, 11.03, 5.13, 161.75, 78.27, -34.68, 20.94, 0, 0
2.00, 5.70, 24.13, 24.13, 1509.14, 20.00, 4.63, 17.22, 11.03, 0.00, 151.33, 0.00, 6.75, 18.08, 0, 0
2.00, 5.70, 24.22, 24.22, 1487.14, 20.00, 4.63, 17.22, 11.03, 0.00, 108.81, 0.00, 44.19, 23.13, 0, 0
2.00, 5.70, 24.25, 24.25, 1444.35, 20.00, 4.63, 16.67, 10.55, 0.00, 95.97, 0.00, 66.33, 32.53, 0, 0
2.00, 5.70, 24.34, 24.34, 1668.11, 20.00, 4.63, 17.22, 11.03, 0.00, 133.96, 0.00, 80.33, 43.42, 0, 0
2.00, 5.70, 24.33, 24.33, 1525.42, 20.00, 4.63, 16.67, 10.55, 0.00, 92.39, 0.00, 90.00, 54.75, 0, 0
2.00, 5.70, 24.23, 24.23, 1251.30, 20.00, 4.63, 16.11, 10.06, 0.00, 30.17, 0.00, 100.09, 66.06, 0, 0
2.00, 5.70, 24.13, 24.13, 1078.14, 20.00, 4.63, 15.56, 9.57, 0.00, 13.20, 0.00, 108.94, 77.06, 0, 0
2.00, 5.70, 24.01, 24.01, 879.63, 20.00, 4.63, 14.44, 8.46, 0.00, 3.77, 0.00, 118.14, 87.48, 0, 0
2.00, 5.70, 23.89, 23.89, 724.75, 20.00, 4.63, 13.89, 7.97, 0.00, 0.00, 0.00, 0.00, 90.00, 0, 0
2.00, 5.70, 23.78, 23.78, 582.77, 20.00, 4.63, 13.33, 7.35, 0.00, 0.00, 0.00, 0.00, 90.00, 0, 0
2.00, 5.70, 23.67, 23.67, 443.69, 20.00, 4.63, 12.78, 6.86, 0.00, 0.00, 0.00, 0.00, 90.00, 0, 0
2.00, 5.70, 23.57, 23.57, 304.99, 20.00, 4.63, 12.22, 6.24, 0.00, 0.00, 0.00, 0.00, 90.00, 0, 0
2.00, 5.70, 23.46, 23.46, 165.48, 20.00, 4.63, 11.67, 5.63, 0.00, 0.00, 0.00, 0.00, 90.00, 0, 0
2.00, 5.70, 23.37, 23.37, 63.84, 20.00, 4.63, 11.67, 5.63, 0.00, 0.00, 0.00, 0.00, 90.00, 0, 0
2.00, 5.70, 23.27, 23.27, -69.73, 20.00, 4.63, 11.11, 5.14, 0.00, 0.00, 0.00, 0.00, 90.00, 0, 0
2.00, 5.70, 23.17, 23.17, -168.17, 20.00, 4.63, 11.11, 5.14, 0.00, 0.00, 0.00, 0.00, 90.00, 0, 0
2.00, 5.70, 22.62, 22.62, -1650.95, 20.00, 4.63, 10.56, 4.65, 0.00, 0.00, 0.00, 0.00, 90.00, 0, 0
2.00, 5.70, 22.40, 22.40, -1462.15, 20.00, 4.63, 12.22, 6.24, 0.00, 35.83, 25.79, -115.24, 84.52, 0, 0
2.00, 5.70, 23.48, 23.48, 2273.33, 20.00, 4.63, 14.44, 8.46, 663.55, 40.28, 22.70, -106.20, 73.89, 0, 0
2.00, 5.70, 24.15, 24.15, 2797.94, 20.00, 4.63, 16.67, 10.68, 823.45, 62.81, 28.13, -97.31, 62.76, 0, 0
2.00, 5.70, 24.43, 24.43, 2671.44, 20.00, 4.63, 19.44, 13.41, 761.91, 93.70, 38.59, -90.00, 51.41, 0, 0
2.00, 5.70, 24.58, 24.58, 2732.63, 20.00, 4.63, 21.11, 15.02, 569.69, 128.05, 51.17, -76.52, 40.15, 0, 0
2.00, 5.70, 24.84, 24.84, 3282.97, 20.00, 4.63, 22.78, 16.64, 332.57, 171.09, 64.51, -60.74, 29.55, 0, 0
2.00, 5.70, 25.00, 25.00, 3823.17, 20.00, 4.63, 24.44, 18.25, 159.12, 189.07, 78.22, -34.64, 21.05, 0, 0
2.00, 5.70, 25.29, 25.29, 3700.92, 20.00, 4.63, 25.56, 19.39, 0.00, 181.44, 0.00, 6.58, 18.18, 0, 0
2.00, 5.70, 25.52, 25.52, 3916.99, 20.00, 4.63, 26.11, 19.87, 0.00, 175.77, 0.00, 43.96, 23.19, 0, 0
2.00, 5.70, 25.67, 25.67, 3982.25, 20.00, 4.63, 26.11, 19.87, 0.00, 163.22, 0.00, 66.14, 32.57, 0, 0
2.00, 5.70, 25.75, 25.75, 3975.63, 20.00, 4.63, 26.11, 19.87, 0.00, 126.71, 0.00, 80.17, 43.45, 0, 0
2.00, 5.70, 25.76, 25.76, 3801.02, 20.00, 4.63, 25.56, 19.39, 0.00, 93.67, 0.00, 90.00, 54.78, 0, 0
2.00, 5.70, 25.68, 25.68, 3522.96, 20.00, 4.63, 24.44, 18.25, 0.00, 63.04, 0.00, 99.97, 66.09, 0, 0
2.00, 5.70, 25.55, 25.55, 3207.07, 20.00, 4.63, 23.33, 17.12, 0.00, 32.13, 0.00, 108.83, 77.10, 0, 0
2.00, 5.70, 25.37, 25.37, 2809.24, 20.00, 4.63, 21.67, 15.51, 0.00, 20.74, 0.00, 118.03, 87.53, 0, 0
2.00, 5.70, 25.19, 25.19, 2532.13, 20.00, 4.63, 20.56, 14.53, 0.00, 0.00, 0.00, 0.00, 90.00, 0, 0
2.00, 5.70, 25.04, 25.04, 2314.69, 20.00, 4.63, 19.44, 13.41, 0.00, 0.00, 0.00, 0.00, 90.00, 0, 0
2.00, 5.70, 24.91, 24.91, 2110.52, 20.00, 4.63, 18.33, 12.15, 0.00, 0.00, 0.00, 0.00, 90.00, 0, 0
2.00, 5.70, 24.76, 24.76, 1873.40, 20.00, 4.63, 16.67, 10.55, 0.00, 0.00, 0.00, 0.00, 90.00, 0, 0
2.00, 5.70, 24.64, 24.64, 1706.41, 20.00, 4.63, 16.11, 9.92, 0.00, 0.00, 0.00, 0.00, 90.00, 0, 0
2.00, 5.70, 24.51, 24.51, 1510.29, 20.00, 4.63, 15.00, 8.95, 0.00, 0.00, 0.00, 0.00, 90.00, 0, 0
2.00, 5.70, 24.39, 24.39, 1349.10, 20.00, 4.63, 14.44, 8.32, 0.00, 0.00, 0.00, 0.00, 90.00, 0, 0
2.00, 5.70, 24.27, 24.27, 1153.13, 20.00, 4.63, 13.33, 7.22, 0.00, 0.00, 0.00, 0.00, 90.00, 0, 0
2.00, 5.70, 24.15, 24.15, 986.78, 20.00, 4.63, 12.78, 6.73, 0.00, 0.00, 0.00, 0.00, 90.00, 0, 0
2.00, 5.70, 24.10, 24.10, 1045.52, 20.00, 4.63, 13.89, 7.84, 0.00, 37.71, 25.72, -115.18, 84.62, 0, 0
2.00, 5.70, 25.00, 25.00, 4298.30, 20.00, 4.63, 16.11, 10.06, 634.98, 39.55, 22.58, -106.13, 73.99, 0, 0
2.00, 5.70, 25.00, 25.00, 4117.63, 20.00, 4.63, 18.33, 12.29, 768.61, 66.51, 28.02, -97.24, 62.86, 0, 0
2.00, 5.70, 25.00, 25.00, 3491.79, 20.00, 4.63, 20.56, 14.39, 753.05, 90.70, 38.49, -90.00, 51.51, 0, 0
2.00, 5.70, 25.00, 25.00, 3262.61, 20.00, 4.63, 22.78, 16.64, 626.09, 115.78, 51.09, -76.41, 40.25, 0, 0
2.00, 5.70, 25.00, 25.00, 3545.89, 20.00, 4.63, 25.00, 18.74, 448.94, 134.79, 64.45, -60.63, 29.66, 0, 0
2.00, 5.70, 25.00, 25.00, 3740.82, 20.00, 4.63, 26.11, 19.87, 218.00, 146.36, 78.17, -34.60, 21.17, 0, 0
2.00, 5.70, 25.66, 25.66, 4425.75, 20.00, 4.63, 27.78, 21.50, 0.00, 150.89, 0.00, 6.42, 18.29, 0, 0
2.00, 5.70, 26.12, 26.12, 4791.64, 20.00, 4.63, 28.33, 22.15, 0.00, 145.87, 0.00, 43.71, 23.26, 0, 0
2.00, 5.70, 26.42, 26.42, 4977.80, 20.00, 4.63, 28.89, 22.64, 0.00, 135.77, 0.00, 65.93, 32.61, 0, 0
2.00, 5.70, 26.59, 26.59, 5013.90, 20.00, 4.63, 28.89, 22.64, 0.00, 116.37, 0.00, 80.01, 43.48, 0, 0
2.00, 5.70, 26.64, 26.64, 4823.23, 20.00, 4.63, 27.78, 21.66, 0.00, 87.11, 0.00, 90.00, 54.81, 0, 0
2.00, 5.70, 26.57, 26.57, 4518.11, 20.00, 4.63, 26.67, 20.52, 0.00, 56.78, 0.00, 99.84, 66.12, 0, 0
2.00, 5.70, 26.44, 26.44, 4146.90, 20.00, 4.63, 25.00, 19.04, 0.00, 30.94, 0.00, 108.72, 77.14, 0, 0
2.00, 5.70, 26.26, 26.26, 3778.21, 20.00, 4.63, 23.89, 17.91, 0.00, 20.74, 0.00, 117.92, 87.58, 0, 0
2.00, 5.70, 26.10, 26.10, 3503.34, 20.00, 4.63, 22.78, 16.92, 0.00, 0.00, 0.00, 0.00, 90.00, 0, 0
2.00, 5.70, 25.95, 25.95, 3287.90, 20.00, 4.63, 21.67, 15.79, 0.00, 0.00, 0.00, 0.00, 90.00, 0, 0
2.00, 5.70, 25.82, 25.82, 3085.75, 20.00, 4.63, 20.56, 14.67, 0.00, 0.00, 0.00, 0.00, 90.00, 0, 0
2.00, 5.70, 25.70, 25.70, 2889.56, 20.00, 4.63, 19.44, 13.55, 0.00, 0.00, 0.00, 0.00, 90.00, 0, 0
2.00, 5.70, 25.59, 25.59, 2733.66, 20.00, 4.63, 18.89, 12.92, 0.00, 0.00, 0.00, 0.00, 90.00, 0, 0
2.00, 5.70, 25.50, 25.50, 2624.50, 20.00, 4.63, 18.89, 12.92, 0.00, 0.00, 0.00, 0.00, 90.00, 0, 0
2.00, 5.70, 25.41, 25.41, 2489.51, 20.00, 4.63, 18.33, 12.43, 0.00, 0.00, 0.00, 0.00, 90.00, 0, 0
2.00, 5.70, 25.33, 25.33, 2354.08, 20.00, 4.63, 17.78, 11.93, 0.00, 0.00, 0.00, 0.00, 90.00, 0, 0
2.00, 5.70, 25.00, 25.00, 1857.28, 20.00, 4.63, 17.78, 11.93, 0.00, 0.00, 0.00, 0.00, 90.00, 0, 0
2.00, 5.70, 24.92, 24.92, 2030.87, 20.00, 4.63, 18.89, 13.05, 0.00, 32.05, 25.63, -115.12, 84.73, 0, 0
2.00, 5.70, 25.00, 25.00, 4004.62, 20.00, 4.63, 20.56, 14.80, 381.90, 47.38, 22.46, -106.06, 74.09, 0, 0
2.00, 5.70, 25.00, 25.00, 4259.37, 20.00, 4.63, 22.22, 16.42, 504.59, 82.12, 27.90, -97.15, 62.96, 0, 0
2.00, 5.70, 25.00, 25.00, 4170.26, 20.00, 4.63, 23.89, 18.05, 536.51, 118.61, 38.39, -90.00, 51.61, 0, 0
2.00, 5.70, 25.00, 25.00, 4384.52, 20.00, 4.63, 26.11, 20.31, 531.85, 136.00, 51.02, -76.30, 40.35, 0, 0
2.00, 5.70, 25.00, 25.00, 4835.32, 20.00, 4.63, 27.78, 21.81, 398.13, 149.30, 64.39, -60.52, 29.77, 0, 0
2.00, 5.70, 25.00, 25.00, 5245.03, 20.00, 4.63, 29.44, 23.44, 197.44, 157.28, 78.12, -34.54, 21.29, 0, 0
2.00, 5.70, 25.98, 25.98, 5023.86, 20.00, 4.63, 30.56, 24.58, 0.00, 154.68, 0.00, 6.27, 18.40, 0, 0
2.00, 5.70, 26.64, 26.64, 5568.10, 20.00, 4.63, 31.67, 25.58, 0.00, 145.80, 0.00, 43.46, 23.34, 0, 0
2.00, 5.70, 27.05, 27.05, 5783.81, 20.00, 4.63, 31.11, 25.08, 0.00, 131.29, 0.00, 65.72, 32.66, 0, 0
2.00, 5.70, 27.30, 27.30, 5865.77, 20.00, 4.63, 31.11, 25.08, 0.00, 112.80, 0.00, 79.84, 43.52, 0, 0
2.00, 5.70, 27.43, 27.43, 5813.91, 20.00, 4.63, 31.67, 25.58, 0.00, 91.71, 0.00, 90.00, 54.85, 0, 0
2.00, 5.70, 27.43, 27.43, 5561.57, 20.00, 4.63, 31.11, 25.08, 0.00, 73.06, 0.00, 99.71, 66.16, 0, 0
2.00, 5.70, 27.34, 27.34, 5216.62, 20.00, 4.63, 30.00, 23.94, 0.00, 39.44, 0.00, 108.60, 77.18, 0, 0
2.00, 5.70, 27.21, 27.21, 4913.35, 20.00, 4.63, 28.89, 22.80, 0.00, 11.31, 0.00, 117.81, 87.63, 0, 0
2.00, 5.70, 27.08, 27.08, 4662.69, 20.00, 4.63, 27.22, 21.31, 0.00, 0.00, 0.00, 0.00, 90.00, 0, 0
2.00, 5.70, 26.96, 26.96, 4477.89, 20.00, 4.63, 26.11, 20.18, 0.00, 0.00, 0.00, 0.00, 90.00, 0, 0
2.00, 5.70, 26.86, 26.86, 4303.55, 20.00, 4.63, 25.00, 19.04, 0.00, 0.00, 0.00, 0.00, 90.00, 0, 0
2.00, 5.70, 26.77, 26.77, 4132.97, 20.00, 4.63, 23.89, 17.91, 0.00, 0.00, 0.00, 0.00, 90.00, 0, 0
2.00, 5.70, 26.66, 26.66, 3923.28, 20.00, 4.63, 22.22, 16.15, 0.00, 0.00, 0.00, 0.00, 90.00, 0, 0
2.00, 5.70, 26.53, 26.53, 3701.86, 20.00, 4.63, 20.56, 14.53, 0.00, 0.00, 0.00, 0.00, 90.00, 0, 0
2.00, 5.70, 26.40, 26.40, 3469.32, 20.00, 4.63, 18.89, 12.92, 0.00, 0.00, 0.00, 0.00, 90.00, 0, 0
2.00, 5.70, 26.26, 26.26, 3225.92, 20.00, 4.63, 17.22, 11.17, 0.00, 0.00, 0.00, 0.00, 90.00, 0, 0
2.00, 5.70, 25.00, 25.00, 1667.63, 20.00, 4.63, 15.00, 9.08, 0.00, 0.00, 0.00, 0.00, 90.00, 0, 0
2.00, 5.70, 25.00, 25.00, 1832.87, 20.00, 4.63, 16.11, 10.06, 0.00, 32.05, 25.55, -115.05, 84.84, 0, 0
2.00, 5.70, 25.00, 25.00, 4292.52, 20.00, 4.63, 17.78, 11.80, 519.40, 48.41, 22.33, -105.98, 74.19, 0, 0
2.00, 5.70, 25.00, 25.00, 4767.81, 20.00, 4.63, 20.00, 14.04, 761.91, 70.00, 27.78, -97.06, 63.06, 0, 0
2.00, 5.70, 25.00, 25.00, 4536.35, 20.00, 4.63, 22.78, 16.64, 772.48, 94.64, 38.29, -90.00, 51.71, 0, 0
2.00, 5.70, 25.00, 25.00, 4410.46, 20.00, 4.63, 24.44, 18.40, 608.26, 125.10, 50.94, -76.19, 40.46, 0, 0
2.00, 5.70, 25.00, 25.00, 4779.19, 20.00, 4.63, 26.11, 20.03, 396.27, 150.59, 64.33, -60.39, 29.88, 0, 0
2.00, 5.70, 25.00, 25.00, 5151.06, 20.00, 4.63, 27.78, 21.50, 190.39, 161.98, 78.07, -34.47, 21.42, 0, 0
2.00, 5.70, 26.13, 26.13, 5175.38, 20.00, 4.63, 28.89, 22.64, 0.00, 168.37, 0.00, 6.12, 18.53, 0, 0
2.00, 5.70, 26.88, 26.88, 5738.58, 20.00, 4.63, 29.44, 23.12, 0.00, 160.43, 0.00, 43.21, 23.42, 0, 0
2.00, 5.70, 27.35, 27.35, 6030.81, 20.00, 4.63, 30.00, 23.61, 0.00, 154.35, 0.00, 65.50, 32.72, 0, 0
2.00, 5.70, 27.64, 27.64, 6151.61, 20.00, 4.63, 30.00, 23.61, 0.00, 123.75, 0.00, 79.66, 43.57, 0, 0
2.00, 5.70, 27.78, 27.78, 6077.12, 20.00, 4.63, 29.44, 23.12, 0.00, 83.37, 0.00, 90.00, 54.89, 0, 0
2.00, 5.70, 27.78, 27.78, 5815.13, 20.00, 4.63, 28.33, 22.15, 0.00, 57.28, 0.00, 99.58, 66.21, 0, 0
2.00, 5.70, 27.68, 27.68, 5444.24, 20.00, 4.63, 26.67, 20.52, 0.00, 32.69, 0.00, 108.48, 77.23, 0, 0
2.00, 5.70, 27.52, 27.52, 5081.99, 20.00, 4.63, 25.56, 19.39, 0.00, 18.86, 0.00, 117.70, 87.69, 0, 0
2.00, 5.70, 27.36, 27.36, 4776.23, 20.00, 4.63, 23.89, 17.77, 0.00, 0.00, 0.00, 0.00, 90.00, 0, 0
2.00, 5.70, 27.21, 27.21, 4514.34, 20.00, 4.63, 22.22, 16.15, 0.00, 0.00, 0.00, 0.00, 90.00, 0, 0
2.00, 5.70, 27.07, 27.07, 4295.23, 20.00, 4.63, 21.11, 14.87, 0.00, 0.00, 0.00, 0.00, 90.00, 0, 0
2.00, 5.70, 26.92, 26.92, 4045.50, 20.00, 4.63, 19.44, 13.27, 0.00, 0.00, 0.00, 0.00, 90.00, 0, 0
2.00, 5.70, 26.78, 26.78, 3828.20, 20.00, 4.63, 18.33, 12.15, 0.00, 0.00, 0.00, 0.00, 90.00, 0, 0
2.00, 5.70, 26.65, 26.65, 3612.42, 20.00, 4.63, 17.22, 11.03, 0.00, 0.00, 0.00, 0.00, 90.00, 0, 0
2.00, 5.70, 26.51, 26.51, 3395.40, 20.00, 4.63, 16.11, 9.92, 0.00, 0.00, 0.00, 0.00, 90.00, 0, 0
2.00, 5.70, 26.37, 26.37, 3175.45, 20.00, 4.63, 15.00, 8.81, 0.00, 0.00, 0.00, 0.00, 90.00, 0, 0
2.00, 5.70, 25.00, 25.00, 1433.33, 20.00, 4.63, 13.89, 7.70, 0.00, 0.00, 0.00, 0.00, 90.00, 0, 0
2.00, 5.70, 24.95, 24.95, 1455.21, 20.00, 4.63, 14.44, 8.32, 0.00, 20.74, 25.45, -114.98, 84.95, 0, 0
2.00, 5.70, 25.00, 25.00, 2846.41, 20.00, 4.63, 16.11, 9.92, 251.19, 50.24, 22.20, -105.90, 74.30, 0, 0
2.00, 5.70, 25.00, 25.00, 3766.55, 20.00, 4.63, 18.33, 12.15, 539.26, 83.97, 27.66, -96.97, 63.16, 0, 0
2.00, 5.70, 25.00, 25.00, 3801.89, 20.00, 4.63, 20.56, 14.39, 634.74, 106.27, 38.19, -90.00, 51.81, 0, 0
2.00, 5.70, 25.00, 25.00, 3883.84, 20.00, 4.63, 22.78, 16.64, 539.58, 129.67, 50.86, -76.06, 40.57, 0, 0
2.00, 5.70, 25.00, 25.00, 4292.75, 20.00, 4.63, 24.44, 18.25, 371.12, 156.12, 64.27, -60.25, 30.00, 0, 0
2.00, 5.70, 25.00, 25.00, 4659.15, 20.00, 4.63, 26.11, 19.87, 170.18, 178.88, 78.02, -34.39, 21.55, 0, 0
2.00, 5.70, 26.07, 26.07, 4834.27, 20.00, 4.63, 27.22, 21.01, 0.00, 180.53, 0.00, 5.97, 18.65, 0, 0
2.00, 5.70, 26.78, 26.78, 5420.32, 20.00, 4.63, 28.33, 22.15, 0.00, 168.83, 0.00, 42.95, 23.51, 0, 0
2.00, 5.70, 27.24, 27.24, 5711.98, 20.00, 4.63, 28.33, 22.15, 0.00, 146.12, 0.00, 65.28, 32.78, 0, 0
2.00, 5.70, 27.53, 27.53, 5863.94, 20.00, 4.63, 28.89, 22.64, 0.00, 116.84, 0.00, 79.48, 43.62, 0, 0
2.00, 5.70, 27.66, 27.66, 5791.27, 20.00, 4.63, 28.33, 22.15, 0.00, 85.16, 0.00, 90.00, 54.93, 0, 0
2.00, 5.70, 27.66, 27.66, 5543.11, 20.00, 4.63, 27.22, 21.17, 0.00, 58.26, 0.00, 99.44, 66.25, 0, 0
2.00, 5.70, 27.56, 27.56, 5190.92, 20.00, 4.63, 25.56, 19.54, 0.00, 33.64, 0.00, 108.35, 77.29, 0, 0
2.00, 5.70, 27.41, 27.41, 4831.40, 20.00, 4.63, 24.44, 18.40, 0.00, 20.74, 0.00, 117.58, 87.75, 0, 0
2.00, 5.70, 27.26, 27.26, 4562.84, 20.00, 4.63, 23.33, 17.42, 0.00, 0.00, 0.00, 0.00, 90.00, 0, 0
2.00, 5.70, 27.12, 27.12, 4349.82, 20.00, 4.63, 22.22, 16.29, 0.00, 0.00, 0.00, 0.00, 90.00, 0, 0
2.00, 5.70, 27.00, 27.00, 4147.61, 20.00, 4.63, 21.11, 15.16, 0.00, 0.00, 0.00, 0.00, 90.00, 0, 0
2.00, 5.70, 26.87, 26.87, 3949.92, 20.00, 4.63, 20.00, 14.17, 0.00, 0.00, 0.00, 0.00, 90.00, 0, 0
2.00, 5.70, 26.76, 26.76, 3791.38, 20.00, 4.63, 19.44, 13.55, 0.00, 0.00, 0.00, 0.00, 90.00, 0, 0
2.00, 5.70, 26.66, 26.66, 3639.95, 20.00, 4.63, 18.89, 12.92, 0.00, 0.00, 0.00, 0.00, 90.00, 0, 0
2.00, 5.70, 26.58, 26.58, 3531.03, 20.00, 4.63, 18.89, 12.92, 0.00, 0.00, 0.00, 0.00, 90.00, 0, 0
2.00, 5.70, 26.49, 26.49, 3393.74, 20.00, 4.63, 18.33, 12.43, 0.00, 0.00, 0.00, 0.00, 90.00, 0, 0
2.00, 5.70, 25.00, 25.00, 2030.39, 20.00, 4.63, 17.78, 11.93, 0.00, 0.00, 0.00, 0.00, 90.00, 0, 0
2.00, 5.70, 25.00, 25.00, 2131.55, 20.00, 4.63, 18.33, 12.55, 0.00, 16.97, 25.35, -114.90, 85.07, 0, 0
2.00, 5.70, 25.00, 25.00, 2438.28, 20.00, 4.63, 19.44, 13.67, 20.47, 46.07, 22.06, -105.81, 74.41, 0, 0
2.00, 5.70, 25.00, 25.00, 2504.97, 20.00, 4.63, 20.00, 14.30, 8.39, 67.65, 27.53, -96.86, 63.27, 0, 0
2.00, 5.70, 25.00, 25.00, 2743.28, 20.00, 4.63, 21.11, 15.42, 9.92, 103.61, 38.16, -87.32, 51.92, 0, 0
2.00, 5.70, 25.00, 25.00, 3035.44, 20.00, 4.63, 22.22, 16.55, 23.93, 153.54, 50.79, -75.92, 40.68, 0, 0
2.00, 5.70, 25.00, 25.00, 3350.37, 20.00, 4.63, 23.33, 17.55, 39.80, 192.58, 64.21, -60.10, 30.12, 0, 0
2.00, 5.70, 25.00, 25.00, 3583.66, 20.00, 4.63, 24.44, 18.68, 17.08, 207.23, 77.98, -34.30, 21.69, 0, 0
2.00, 5.70, 25.65, 25.65, 3531.09, 20.00, 4.63, 25.00, 19.18, 0.00, 196.57, 0.00, 5.83, 18.79, 0, 0
2.00, 5.70, 26.11, 26.11, 4007.08, 20.00, 4.63, 25.56, 19.81, 0.00, 203.97, 0.00, 42.69, 23.60, 0, 0
2.00, 5.70, 26.47, 26.47, 4382.29, 20.00, 4.63, 26.11, 20.31, 0.00, 196.10, 0.00, 65.05, 32.84, 0, 0
2.00, 5.70, 26.72, 26.72, 4589.03, 20.00, 4.63, 26.67, 20.95, 0.00, 165.98, 0.00, 79.29, 43.67, 0, 0
2.00, 5.70, 26.84, 26.84, 4563.28, 20.00, 4.63, 26.67, 20.95, 0.00, 130.11, 0.00, 90.00, 54.98, 0, 0
2.00, 5.70, 26.83, 26.83, 4329.93, 20.00, 4.63, 26.11, 20.44, 0.00, 74.11, 0.00, 99.30, 66.31, 0, 0
2.00, 5.70, 26.76, 26.76, 4113.89, 20.00, 4.63, 25.00, 19.31, 0.00, 35.47, 0.00, 108.22, 77.35, 0, 0
2.00, 5.70, 26.68, 26.68, 3945.09, 20.00, 4.63, 24.44, 18.81, 0.00, 15.08, 0.00, 117.45, 87.82, 0, 0
2.00, 5.70, 26.59, 26.59, 3757.96, 20.00, 4.63, 23.33, 17.80, 0.00, 0.00, 0.00, 0.00, 90.00, 0, 0
2.00, 5.70, 26.50, 26.50, 3637.84, 20.00, 4.63, 22.78, 17.17, 0.00, 0.00, 0.00, 0.00, 90.00, 0, 0
2.00, 5.70, 26.43, 26.43, 3525.87, 20.00, 4.63, 22.22, 16.67, 0.00, 0.00, 0.00, 0.00, 90.00, 0, 0
2.00, 5.70, 26.35, 26.35, 3378.45, 20.00, 4.63, 21.11, 15.54, 0.00, 0.00, 0.00, 0.00, 90.00, 0, 0
2.00, 5.70, 26.27, 26.27, 3261.31, 20.00, 4.63, 20.56, 14.92, 0.00, 0.00, 0.00, 0.00, 90.00, 0, 0
2.00, 5.70, 26.19, 26.19, 3145.36, 20.00, 4.63, 20.00, 14.30, 0.00, 0.00, 0.00, 0.00, 90.00, 0, 0
2.00, 5.70, 26.10, 26.10, 2990.25, 20.00, 4.63, 18.89, 13.29, 0.00, 0.00, 0.00, 0.00, 90.00, 0, 0
2.00, 5.70, 26.01, 26.01, 2863.53, 20.00, 4.63, 18.33, 12.79, 0.00, 0.00, 0.00, 0.00, 90.00, 0, 0
2.00, 5.70, 25.00, 25.00, 1820.42, 20.00, 4.63, 17.78, 12.29, 0.00, 0.00, 0.00, 0.00, 90.00, 0, 0
2.00, 5.70, 25.00, 25.00, 2044.66, 20.00, 4.63, 18.89, 13.41, 0.00, 26.40, 25.25, -114.81, 85.19, 0, 0
2.00, 5.70, 25.00, 25.00, 4431.27, 20.00, 4.63, 20.56, 15.04, 494.61, 44.32, 21.91, -105.71, 74.53, 0, 0
2.00, 5.70, 25.00, 25.00, 4477.24, 20.00, 4.63, 22.78, 17.29, 551.74, 80.31, 27.40, -96.75, 63.38, 0, 0
2.00, 5.70, 25.00, 25.00, 3992.90, 20.00, 4.63, 24.44, 18.81, 350.22, 131.69, 38.06, -87.19, 52.03, 0, 0
2.00, 5.70, 25.00, 25.00, 3903.81, 20.00, 4.63, 25.56, 19.94, 147.83, 174.23, 50.71, -75.78, 40.79, 0, 0
2.00, 5.70, 25.00, 25.00, 4131.99, 20.00, 4.63, 26.67, 20.95, 79.77, 204.25, 64.15, -59.95, 30.25, 0, 0
2.00, 5.70, 25.00, 25.00, 4340.58, 20.00, 4.63, 27.22, 21.45, 52.09, 220.62, 77.93, -34.20, 21.83, 0, 0
2.00, 5.70, 25.79, 25.79, 4107.98, 20.00, 4.63, 27.78, 21.95, 0.00, 219.94, 0.00, 5.70, 18.93, 0, 0
2.00, 5.70, 26.24, 26.24, 4298.12, 20.00, 4.63, 27.78, 21.81, 0.00, 182.37, 0.00, 42.42, 23.71, 0, 0
2.00, 5.70, 26.51, 26.51, 4444.65, 20.00, 4.63, 27.78, 21.81, 0.00, 163.33, 0.00, 64.81, 32.92, 0, 0
2.00, 5.70, 26.71, 26.71, 4602.81, 20.00, 4.63, 27.22, 21.17, 0.00, 159.82, 0.00, 79.09, 43.73, 0, 0
2.00, 5.70, 26.83, 26.83, 4653.74, 20.00, 4.63, 27.22, 21.17, 0.00, 133.21, 0.00, 90.00, 55.04, 0, 0
2.00, 5.70, 26.86, 26.86, 4526.03, 20.00, 4.63, 26.67, 20.67, 0.00, 87.99, 0.00, 99.15, 66.37, 0, 0
2.00, 5.70, 26.82, 26.82, 4319.24, 20.00, 4.63, 25.56, 19.54, 0.00, 41.01, 0.00, 108.08, 77.41, 0, 0
2.00, 5.70, 26.72, 26.72, 4053.98, 20.00, 4.63, 23.89, 17.91, 0.00, 15.08, 0.00, 117.33, 87.90, 0, 0
2.00, 5.70, 26.59, 26.59, 3806.76, 20.00, 4.63, 22.22, 16.15, 0.00, 0.00, 0.00, 0.00, 90.00, 0, 0
2.00, 5.70, 26.48, 26.48, 3621.51, 20.00, 4.63, 21.11, 15.02, 0.00, 0.00, 0.00, 0.00, 90.00, 0, 0
2.00, 5.70, 26.35, 26.35, 3400.86, 20.00, 4.63, 19.44, 13.27, 0.00, 0.00, 0.00, 0.00, 90.00, 0, 0
2.00, 5.70, 26.22, 26.22, 3170.09, 20.00, 4.63, 17.78, 11.51, 0.00, 0.00, 0.00, 0.00, 90.00, 0, 0
2.00, 5.70, 26.07, 26.07, 2929.05, 20.00, 4.63, 16.11, 10.06, 0.00, 0.00, 0.00, 0.00, 90.00, 0, 0
2.00, 5.70, 25.91, 25.91, 2677.35, 20.00, 4.63, 14.44, 8.46, 0.00, 0.00, 0.00, 0.00, 90.00, 0, 0
2.00, 5.70, 25.75, 25.75, 2414.97, 20.00, 4.63, 12.78, 6.73, 0.00, 0.00, 0.00, 0.00, 90.00, 0, 0
2.00, 5.70, 25.58, 25.58, 2181.32, 20.00, 4.63, 11.67, 5.49, 0.00, 0.00, 0.00, 0.00, 90.00, 0, 0
2.00, 5.70, 24.79, 24.79, 318.30, 20.00, 4.63, 10.00, 3.91, 0.00, 0.00, 0.00, 0.00, 90.00, 0, 0
2.00, 5.70, 24.34, 24.34, 100.78, 20.00, 4.63, 10.56, 4.39, 0.00, 20.74, 25.13, -114.72, 85.32, 0, 0
2.00, 5.70, 24.99, 24.99, 2871.48, 20.00, 4.63, 12.78, 6.45, 480.49, 50.69, 21.76, -105.61, 74.65, 0, 0
2.00, 5.70, 25.00, 25.00, 3218.41, 20.00, 4.63, 15.00, 8.66, 630.93, 80.11, 27.26, -96.64, 63.50, 0, 0
2.00, 5.70, 25.00, 25.00, 3066.07, 20.00, 4.63, 17.22, 10.88, 666.60, 105.96, 37.96, -87.06, 52.14, 0, 0
2.00, 5.70, 25.00, 25.00, 3111.36, 20.00, 4.63, 19.44, 12.95, 542.27, 135.09, 50.63, -75.62, 40.91, 0, 0
2.00, 5.70, 25.00, 25.00, 3504.82, 20.00, 4.63, 21.11, 14.71, 344.58, 167.07, 64.09, -59.78, 30.38, 0, 0
2.00, 5.70, 25.00, 25.00, 3759.77, 20.00, 4.63, 22.22, 15.66, 149.55, 197.40, 77.89, -34.08, 21.98, 0, 0
2.00, 5.70, 25.80, 25.80, 4220.63, 20.00, 4.63, 23.33, 16.79, 0.00, 187.31, 0.00, 5.56, 19.08, 0, 0
2.00, 5.70, 26.36, 26.36, 4732.43, 20.00, 4.63, 24.44, 17.73, 0.00, 161.88, 0.00, 42.16, 23.81, 0, 0
2.00, 5.70, 26.71, 26.71, 4933.60, 20.00, 4.63, 24.44, 17.92, 0.00, 144.23, 0.00, 64.57, 33.00, 0, 0
2.00, 5.70, 26.89, 26.89, 4923.00, 20.00, 4.63, 24.44, 17.92, 0.00, 137.49, 0.00, 78.89, 43.80, 0, 0
2.00, 5.70, 26.91, 26.91, 4680.88, 20.00, 4.63, 23.89, 17.26, 0.00, 118.81, 0.00, 90.00, 55.10, 0, 0
2.00, 5.70, 26.84, 26.84, 4404.80, 20.00, 4.63, 22.78, 16.32, 0.00, 74.40, 0.00, 99.00, 66.43, 0, 0
2.00, 5.70, 26.71, 26.71, 4062.81, 20.00, 4.63, 21.11, 14.54, 0.00, 33.72, 0.00, 107.94, 77.48, 0, 0
2.00, 5.70, 26.52, 26.52, 3665.94, 20.00, 4.63, 19.44, 12.95, 0.00, 16.97, 0.00, 117.19, 87.98, 0, 0
2.00, 5.70, 26.34, 26.34, 3381.20, 20.00, 4.63, 18.33, 11.83, 0.00, 0.00, 0.00, 0.00, 90.00, 0, 0
2.00, 5.70, 26.16, 26.16, 3107.10, 20.00, 4.63, 16.67, 10.24, 0.00, 0.00, 0.00, 0.00, 90.00, 0, 0
2.00, 5.70, 26.00, 26.00, 2873.65, 20.00, 4.63, 15.56, 9.13, 0.00, 0.00, 0.00, 0.00, 90.00, 0, 0
2.00, 5.70, 25.83, 25.83, 2607.36, 20.00, 4.63, 13.89, 7.39, 0.00, 0.00, 0.00, 0.00, 90.00, 0, 0
2.00, 5.70, 25.68, 25.68, 2412.03, 20.00, 4.63, 13.33, 6.92, 0.00, 0.00, 0.00, 0.00, 90.00, 0, 0
2.00, 5.70, 25.53, 25.53, 2187.49, 20.00, 4.63, 12.22, 5.82, 0.00, 0.00, 0.00, 0.00, 90.00, 0, 0
2.00, 5.70, 25.37, 25.37, 1959.18, 20.00, 4.63, 11.11, 4.72, 0.00, 0.00, 0.00, 0.00, 90.00, 0, 0
2.00, 5.70, 25.23, 25.23, 1765.74, 20.00, 4.63, 10.56, 4.10, 0.00, 0.00, 0.00, 0.00, 90.00, 0, 0
2.00, 5.70, 25.00, 25.00, 1368.66, 20.00, 4.63, 9.44, 3.00, 0.00, 0.00, 0.00, 0.00, 90.00, 0, 0
2.00, 5.70, 24.89, 24.89, 1365.04, 20.00, 4.63, 10.56, 4.10, 0.00, 26.40, 25.02, -114.62, 85.44, 0, 0
2.00, 5.70, 25.00, 25.00, 3156.28, 20.00, 4.63, 12.22, 5.82, 381.30, 46.36, 21.60, -105.50, 74.77, 0, 0
2.00, 5.70, 25.00, 25.00, 2842.85, 20.00, 4.63, 13.89, 7.39, 370.61, 87.12, 27.12, -96.51, 63.61, 0, 0
2.00, 5.70, 25.00, 25.00, 2583.75, 20.00, 4.63, 15.56, 9.13, 356.19, 128.58, 37.85, -86.92, 52.26, 0, 0
2.00, 5.70, 25.00, 25.00, 2506.04, 20.00, 4.63, 17.22, 10.72, 280.61, 169.99, 50.55, -75.46, 41.03, 0, 0
2.00, 5.70, 25.00, 25.00, 2588.24, 20.00, 4.63, 18.33, 11.83, 147.79, 202.36, 64.03, -59.60, 30.51, 0, 0
2.00, 5.70, 25.00, 25.00, 2628.42, 20.00, 4.63, 19.44, 12.95, 48.47, 220.15, 77.85, -33.96, 22.14, 0, 0
2.00, 5.70, 25.39, 25.39, 3023.76, 20.00, 4.63, 20.00, 13.42, 0.00, 234.13, 0.00, 5.44, 19.23, 0, 0
2.00, 5.70, 25.67, 25.67, 3325.18, 20.00, 4.63, 20.56, 14.07, 0.00, 224.64, 0.00, 41.88, 23.93, 0, 0
2.00, 5.70, 25.89, 25.89, 3538.54, 20.00, 4.63, 20.56, 14.07, 0.00, 192.34, 0.00, 64.32, 33.08, 0, 0
2.00, 5.70, 26.06, 26.06, 3739.95, 20.00, 4.63, 21.11, 14.54, 0.00, 146.85, 0.00, 78.68, 43.87, 0, 0
2.00, 5.70, 26.10, 26.10, 3596.58, 20.00, 4.63, 20.56, 14.07, 0.00, 114.63, 0.00, 90.00, 55.17, 0, 0
2.00, 5.70, 26.03, 26.03, 3279.08, 20.00, 4.63, 20.00, 13.59, 0.00, 81.41, 0.00, 98.84, 66.50, 0, 0
2.00, 5.70, 25.87, 25.87, 2901.92, 20.00, 4.63, 18.89, 12.47, 0.00, 29.32, 0.00, 107.80, 77.56, 0, 0
2.00, 5.70, 25.68, 25.68, 2563.80, 20.00, 4.63, 17.22, 10.88, 0.00, 3.77, 0.00, 117.06, 88.07, 0, 0
2.00, 5.70, 25.52, 25.52, 2365.18, 20.00, 4.63, 16.67, 10.24, 0.00, 0.00, 0.00, 0.00, 90.00, 0, 0
2.00, 5.70, 25.37, 25.37, 2156.86, 20.00, 4.63, 15.56, 9.29, 0.00, 0.00, 0.00, 0.00, 90.00, 0, 0
2.00, 5.70, 25.23, 25.23, 1951.94, 20.00, 4.63, 14.44, 8.18, 0.00, 0.00, 0.00, 0.00, 90.00, 0, 0
2.00, 5.70, 25.09, 25.09, 1746.45, 20.00, 4.63, 13.33, 7.07, 0.00, 0.00, 0.00, 0.00, 90.00, 0, 0
2.00, 5.70, 24.95, 24.95, 1577.33, 20.00, 4.63, 12.78, 6.45, 0.00, 0.00, 0.00, 0.00, 90.00, 0, 0
2.00, 5.70, 24.83, 24.83, 1413.26, 20.00, 4.63, 12.22, 5.82, 0.00, 0.00, 0.00, 0.00, 90.00, 0, 0
2.00, 5.70, 24.70, 24.70, 1251.53, 20.00, 4.63, 11.67, 5.35, 0.00, 0.00, 0.00, 0.00, 90.00, 0, 0
2.00, 5.70, 24.57, 24.57, 1050.94, 20.00, 4.63, 10.56, 4.25, 0.00, 0.00, 0.00, 0.00, 90.00, 0, 0
2.00, 5.70, 23.88, 23.88, -607.07, 20.00, 4.63, 10.00, 3.77, 0.00, 0.00, 0.00, 0.00, 90.00, 0, 0
2.00, 5.70, 23.54, 23.54, -620.42, 20.00, 4.63, 11.11, 4.87, 0.00, 35.83, 24.89, -114.52, 85.57, 0, 0
2.00, 5.70, 24.52, 24.52, 2984.16, 20.00, 4.63, 13.33, 7.22, 634.27, 38.02, 21.43, -105.38, 74.89, 0, 0
2.00, 5.70, 25.00, 25.00, 3349.45, 20.00, 4.63, 15.56, 9.43, 753.41, 68.52, 26.98, -96.38, 63.73, 0, 0
2.00, 5.70, 25.00, 25.00, 2981.93, 20.00, 4.63, 17.78, 11.51, 695.95, 100.54, 37.75, -86.77, 52.37, 0, 0
2.00, 5.70, 25.00, 25.00, 3004.14, 20.00, 4.63, 20.00, 13.75, 568.17, 125.87, 50.47, -75.29, 41.15, 0, 0
2.00, 5.70, 25.00, 25.00, 3470.26, 20.00, 4.63, 21.67, 15.36, 413.84, 143.37, 63.98, -59.41, 30.64, 0, 0
2.00, 5.70, 25.00, 25.00, 3892.55, 20.00, 4.63, 23.33, 16.96, 200.52, 157.18, 77.81, -33.83, 22.29, 0, 0
2.00, 5.70, 25.66, 25.66, 4116.60, 20.00, 4.63, 24.44, 18.09, 0.00, 159.32, 0.00, 5.32, 19.39, 0, 0
2.00, 5.70, 26.13, 26.13, 4543.36, 20.00, 4.63, 25.56, 19.05, 0.00, 148.94, 0.00, 41.61, 24.05, 0, 0
2.00, 5.70, 26.44, 26.44, 4765.61, 20.00, 4.63, 26.11, 19.71, 0.00, 136.35, 0.00, 64.07, 33.17, 0, 0
2.00, 5.70, 26.61, 26.61, 4746.67, 20.00, 4.63, 26.11, 19.71, 0.00, 123.18, 0.00, 78.47, 43.95, 0, 0
2.00, 5.70, 26.65, 26.65, 4597.47, 20.00, 4.63, 25.56, 19.05, 0.00, 96.31, 0.00, 90.00, 55.24, 0, 0
2.00, 5.70, 26.59, 26.59, 4317.60, 20.00, 4.63, 24.44, 18.09, 0.00, 59.82, 0.00, 98.68, 66.58, 0, 0
2.00, 5.70, 26.46, 26.46, 3943.00, 20.00, 4.63, 22.78, 16.48, 0.00, 30.00, 0.00, 107.65, 77.64, 0, 0
2.00, 5.70, 26.26, 26.26, 3537.88, 20.00, 4.63, 21.11, 14.87, 0.00, 22.63, 0.00, 116.92, 88.16, 0, 0
2.00, 5.70, 26.08, 26.08, 3244.78, 20.00, 4.63, 20.00, 13.75, 0.00, 0.00, 0.00, 0.00, 90.00, 0, 0
2.00, 5.70, 25.92, 25.92, 3015.36, 20.00, 4.63, 18.89, 12.78, 0.00, 0.00, 0.00, 0.00, 90.00, 0, 0
2.00, 5.70, 25.77, 25.77, 2799.65, 20.00, 4.63, 17.78, 11.66, 0.00, 0.00, 0.00, 0.00, 90.00, 0, 0
2.00, 5.70, 25.63, 25.63, 2589.99, 20.00, 4.63, 16.67, 10.40, 0.00, 0.00, 0.00, 0.00, 90.00, 0, 0
2.00, 5.70, 25.51, 25.51, 2421.09, 20.00, 4.63, 16.11, 9.92, 0.00, 0.00, 0.00, 0.00, 90.00, 0, 0
2.00, 5.70, 25.39, 25.39, 2259.96, 20.00, 4.63, 15.56, 9.29, 0.00, 0.00, 0.00, 0.00, 90.00, 0, 0
2.00, 5.70, 25.28, 25.28, 2102.85, 20.00, 4.63, 15.00, 8.66, 0.00, 0.00, 0.00, 0.00, 90.00, 0, 0
2.00, 5.70, 25.16, 25.16, 1908.55, 20.00, 4.63, 13.89, 7.70, 0.00, 0.00, 0.00, 0.00, 90.00, 0, 0
2.00, 5.70, 24.62, 24.62, 735.95, 20.00, 4.63, 13.33, 7.22, 0.00, 0.00, 0.00, 0.00, 90.00, 0, 0
2.00, 5.70, 24.33, 24.33, 637.88, 20.00, 4.63, 13.89, 7.70, 0.00, 18.86, 24.76, -114.41, 85.71, 0, 0
2.00, 5.70, 24.60, 24.60, 1968.65, 20.00, 4.63, 15.56, 9.43, 202.85, 51.21, 21.26, -105.26, 75.01, 0, 0
2.00, 5.70, 25.00, 25.00, 2982.30, 20.00, 4.63, 17.78, 11.66, 399.71, 90.41, 26.83, -96.25, 63.85, 0, 0
2.00, 5.70, 25.00, 25.00, 3221.93, 20.00, 4.63, 20.00, 13.90, 519.60, 114.38, 37.64, -86.61, 52.49, 0, 0
2.00, 5.70, 25.00, 25.00, 3404.39, 20.00, 4.63, 22.22, 16.00, 464.54, 144.43, 50.40, -75.11, 41.27, 0, 0
2.00, 5.70, 25.00, 25.00, 3798.67, 20.00, 4.63, 23.89, 17.61, 288.48, 183.59, 63.92, -59.21, 30.78, 0, 0
2.00, 5.70, 25.00, 25.00, 4099.48, 20.00, 4.63, 25.00, 18.74, 141.01, 201.40, 77.77, -33.68, 22.46, 0, 0
2.00, 5.70, 25.72, 25.72, 4191.40, 20.00, 4.63, 26.11, 19.87, 0.00, 200.04, 0.00, 5.21, 19.56, 0, 0
2.00, 5.70, 26.21, 26.21, 4615.84, 20.00, 4.63, 27.22, 21.01, 0.00, 193.38, 0.00, 41.33, 24.18, 0, 0
2.00, 5.70, 26.51, 26.51, 4756.11, 20.00, 4.63, 27.22, 21.01, 0.00, 175.20, 0.00, 63.81, 33.27, 0, 0
2.00, 5.70, 26.68, 26.68, 4793.03, 20.00, 4.63, 27.22, 21.01, 0.00, 144.05, 0.00, 78.25, 44.03, 0, 0
2.00, 5.70, 26.73, 26.73, 4645.54, 20.00, 4.63, 26.67, 20.52, 0.00, 112.49, 0.00, 90.00, 55.32, 0, 0
2.00, 5.70, 26.68, 26.68, 4387.43, 20.00, 4.63, 25.56, 19.54, 0.00, 76.47, 0.00, 98.52, 66.66, 0, 0
2.00, 5.70, 26.57, 26.57, 4079.81, 20.00, 4.63, 24.44, 18.40, 0.00, 36.66, 0.00, 107.50, 77.73, 0, 0
2.00, 5.70, 26.42, 26.42, 3772.78, 20.00, 4.63, 23.33, 17.27, 0.00, 13.20, 0.00, 116.78, 88.26, 0, 0
2.00, 5.70, 26.28, 26.28, 3540.98, 20.00, 4.63, 22.22, 16.29, 0.00, 0.00, 0.00, 0.00, 90.00, 0, 0
2.00, 5.70, 26.17, 26.17, 3385.20, 20.00, 4.63, 21.67, 15.66, 0.00, 0.00, 0.00, 0.00, 90.00, 0, 0
2.00, 5.70, 26.06, 26.06, 3206.74, 20.00, 4.63, 20.56, 14.67, 0.00, 0.00, 0.00, 0.00, 90.00, 0, 0
2.00, 5.70, 25.95, 25.95, 3027.66, 20.00, 4.63, 19.44, 13.55, 0.00, 0.00, 0.00, 0.00, 90.00, 0, 0
2.00, 5.70, 25.86, 25.86, 2923.40, 20.00, 4.63, 19.44, 13.41, 0.00, 0.00, 0.00, 0.00, 90.00, 0, 0
2.00, 5.70, 25.78, 25.78, 2794.44, 20.00, 4.63, 18.89, 12.92, 0.00, 0.00, 0.00, 0.00, 90.00, 0, 0
2.00, 5.70, 25.69, 25.69, 2665.33, 20.00, 4.63, 18.33, 12.29, 0.00, 0.00, 0.00, 0.00, 90.00, 0, 0
2.00, 5.70, 25.61, 25.61, 2535.41, 20.00, 4.63, 17.78, 11.80, 0.00, 0.00, 0.00, 0.00, 90.00, 0, 0
2.00, 5.70, 25.00, 25.00, 1756.63, 20.00, 4.63, 17.22, 11.31, 0.00, 0.00, 0.00, 0.00, 90.00, 0, 0
2.00, 5.70, 24.92, 24.92, 1791.02, 20.00, 4.63, 17.78, 11.93, 0.00, 15.08, 24.63, -114.30, 85.84, 0, 0
2.00, 5.70, 25.00, 25.00, 2290.50, 20.00, 4.63, 18.89, 13.17, 50.04, 47.84, 21.08, -105.13, 75.14, 0, 0
2.00, 5.70, 25.00, 25.00, 2887.59, 20.00, 4.63, 20.56, 14.80, 146.57, 94.32, 26.69, -96.10, 63.97, 0, 0
2.00, 5.70, 25.00, 25.00, 3412.73, 20.00, 4.63, 22.78, 17.05, 282.69, 137.52, 37.53, -86.45, 52.61, 0, 0
2.00, 5.70, 25.00, 25.00, 3710.38, 20.00, 4.63, 24.44, 18.68, 362.58, 159.70, 50.32, -74.92, 41.40, 0, 0
2.00, 5.70, 25.00, 25.00, 4119.21, 20.00, 4.63, 26.11, 20.31, 247.36, 186.66, 63.86, -59.01, 30.92, 0, 0
2.00, 5.70, 25.00, 25.00, 4491.74, 20.00, 4.63, 27.78, 21.95, 117.98, 201.52, 77.73, -33.53, 22.62, 0, 0
2.00, 5.70, 25.82, 25.82, 4388.54, 20.00, 4.63, 28.89, 23.09, 0.00, 202.96, 0.00, 5.10, 19.73, 0, 0
2.00, 5.70, 26.42, 26.42, 4984.40, 20.00, 4.63, 30.00, 24.09, 0.00, 185.88, 0.00, 41.06, 24.32, 0, 0
2.00, 5.70, 26.81, 26.81, 5226.94, 20.00, 4.63, 30.56, 24.73, 0.00, 168.18, 0.00, 63.55, 33.38, 0, 0
2.00, 5.70, 27.04, 27.04, 5318.72, 20.00, 4.63, 30.56, 24.73, 0.00, 137.71, 0.00, 78.03, 44.12, 0, 0
2.00, 5.70, 27.17, 27.17, 5304.80, 20.00, 4.63, 30.56, 24.73, 0.00, 108.78, 0.00, 90.00, 55.41, 0, 0
2.00, 5.70, 27.14, 27.14, 4978.55, 20.00, 4.63, 29.44, 23.72, 0.00, 75.87, 0.00, 98.35, 66.75, 0, 0
2.00, 5.70, 27.01, 27.01, 4602.76, 20.00, 4.63, 27.78, 22.21, 0.00, 34.30, 0.00, 107.35, 77.82, 0, 0
2.00, 5.70, 26.90, 26.90, 4393.69, 20.00, 4.63, 27.22, 21.58, 0.00, 7.54, 0.00, 116.64, 88.36, 0, 0
2.00, 5.70, 26.79, 26.79, 4209.74, 20.00, 4.63, 26.11, 20.57, 0.00, 0.00, 0.00, 0.00, 90.00, 0, 0
2.00, 5.70, 26.71, 26.71, 4087.79, 20.00, 4.63, 25.56, 20.06, 0.00, 0.00, 0.00, 0.00, 90.00, 0, 0
2.00, 5.70, 26.64, 26.64, 3978.40, 20.00, 4.63, 25.00, 19.55, 0.00, 0.00, 0.00, 0.00, 90.00, 0, 0
2.00, 5.70, 26.56, 26.56, 3836.43, 20.00, 4.63, 23.89, 18.42, 0.00, 0.00, 0.00, 0.00, 90.00, 0, 0
2.00, 5.70, 26.49, 26.49, 3726.38, 20.00, 4.63, 23.33, 17.80, 0.00, 0.00, 0.00, 0.00, 90.00, 0, 0
2.00, 5.70, 26.43, 26.43, 3618.76, 20.00, 4.63, 22.78, 17.29, 0.00, 0.00, 0.00, 0.00, 90.00, 0, 0
2.00, 5.70, 26.36, 26.36, 3511.34, 20.00, 4.63, 22.22, 16.67, 0.00, 0.00, 0.00, 0.00, 90.00, 0, 0
2.00, 5.70, 26.30, 26.30, 3403.04, 20.00, 4.63, 21.67, 16.16, 0.00, 0.00, 0.00, 0.00, 90.00, 0, 0
2.00, 5.70, 25.00, 25.00, 2572.35, 20.00, 4.63, 21.11, 15.66, 0.00, 0.00, 0.00, 0.00, 90.00, 0, 0
2.00, 5.70, 25.00, 25.00, 2791.52, 20.00, 4.63, 22.22, 16.78, 0.00, 24.51, 24.49, -114.18, 85.98, 0, 0
2.00, 5.70, 25.00, 25.00, 3048.71, 20.00, 4.63, 22.78, 17.51, 32.42, 40.87, 20.90, -105.00, 75.27, 0, 0
2.00, 5.70, 25.00, 25.00, 3048.40, 20.00, 4.63, 23.33, 18.02, 0.00, 60.34, 26.53, -95.95, 64.10, 0, 0
2.00, 5.70, 25.00, 25.00, 3195.99, 20.00, 4.63, 23.89, 18.53, 5.01, 86.72, 37.42, -86.28, 52.74, 0, 0
2.00, 5.70, 25.00, 25.00, 3472.21, 20.00, 4.63, 25.00, 19.67, 14.12, 129.43, 50.24, -74.73, 41.53, 0, 0
2.00, 5.70, 25.00, 25.00, 3532.64, 20.00, 4.63, 25.56, 20.18, 5.57, 107.76, 63.81, -58.79, 31.07, 0, 0
2.00, 5.70, 25.00, 25.00, 3552.04, 20.00, 4.63, 25.56, 20.06, 1.34, 114.01, 77.70, -33.37, 22.80, 0, 0
2.00, 5.70, 25.55, 25.55, 3416.74, 20.00, 4.63, 26.11, 20.57, 0.00, 159.38, 0.00, 5.00, 19.92, 0, 0
2.00, 5.70, 25.92, 25.92, 3737.36, 20.00, 4.63, 26.67, 21.07, 0.00, 157.82, 0.00, 40.78, 24.46, 0, 0
2.00, 5.70, 26.24, 26.24, 4141.39, 20.00, 4.63, 27.22, 21.70, 0.00, 170.14, 0.00, 63.28, 33.49, 0, 0
2.00, 5.70, 26.51, 26.51, 4446.20, 20.00, 4.63, 27.78, 22.21, 0.00, 162.12, 0.00, 77.81, 44.21, 0, 0
2.00, 5.70, 26.67, 26.67, 4512.82, 20.00, 4.63, 28.33, 22.72, 0.00, 133.00, 0.00, 90.00, 55.50, 0, 0
2.00, 5.70, 26.70, 26.70, 4359.02, 20.00, 4.63, 27.78, 22.21, 0.00, 86.06, 0.00, 98.17, 66.84, 0, 0
2.00, 5.70, 26.67, 26.67, 4172.56, 20.00, 4.63, 27.22, 21.70, 0.00, 38.94, 0.00, 107.19, 77.92, 0, 0
2.00, 5.70, 26.61, 26.61, 4009.05, 20.00, 4.63, 26.67, 21.20, 0.00, 11.31, 0.00, 116.49, 88.47, 0, 0
2.00, 5.70, 26.53, 26.53, 3848.31, 20.00, 4.63, 25.56, 20.06, 0.00, 0.00, 0.00, 0.00, 90.00, 0, 0
2.00, 5.70, 26.45, 26.45, 3707.93, 20.00, 4.63, 24.44, 18.93, 0.00, 0.00, 0.00, 0.00, 90.00, 0, 0
2.00, 5.70, 26.37, 26.37, 3565.45, 20.00, 4.63, 23.33, 17.80, 0.00, 0.00, 0.00, 0.00, 90.00, 0, 0
2.00, 5.70, 26.29, 26.29, 3418.61, 20.00, 4.63, 22.22, 16.67, 0.00, 0.00, 0.00, 0.00, 90.00, 0, 0
2.00, 5.70, 26.20, 26.20, 3266.12, 20.00, 4.63, 21.11, 15.54, 0.00, 0.00, 0.00, 0.00, 90.00, 0, 0
2.00, 5.70, 26.11, 26.11, 3107.27, 20.00, 4.63, 20.00, 14.42, 0.00, 0.00, 0.00, 0.00, 90.00, 0, 0
2.00, 5.70, 26.00, 26.00, 2941.72, 20.00, 4.63, 18.89, 13.29, 0.00, 0.00, 0.00, 0.00, 90.00, 0, 0
2.00, 5.70, 25.90, 25.90, 2769.45, 20.00, 4.63, 17.78, 12.29, 0.00, 0.00, 0.00, 0.00, 90.00, 0, 0
2.00, 5.70, 25.00, 25.00, 1666.94, 20.00, 4.63, 16.67, 11.17, 0.00, 0.00, 0.00, 0.00, 90.00, 0, 0
2.00, 5.70, 24.96, 24.96, 1738.21, 20.00, 4.63, 17.22, 11.67, 0.00, 18.86, 24.34, -114.05, 86.12, 0, 0
2.00, 5.70, 25.00, 25.00, 2719.08, 20.00, 4.63, 18.89, 13.29, 141.63, 52.68, 20.71, -104.86, 75.40, 0, 0
2.00, 5.70, 25.00, 25.00, 2673.56, 20.00, 4.63, 20.00, 14.42, 90.44, 89.42, 26.38, -95.80, 64.22, 0, 0
2.00, 5.70, 25.00, 25.00, 2882.86, 20.00, 4.63, 21.11, 15.54, 115.42, 131.80, 37.31, -86.10, 52.86, 0, 0
2.00, 5.70, 25.00, 25.00, 3291.73, 20.00, 4.63, 22.78, 17.29, 220.28, 170.21, 50.16, -74.52, 41.66, 0, 0
2.00, 5.70, 25.00, 25.00, 3739.94, 20.00, 4.63, 24.44, 18.93, 185.54, 200.62, 63.75, -58.56, 31.22, 0, 0
2.00, 5.70, 25.00, 25.00, 4070.20, 20.00, 4.63, 25.56, 19.94, 109.21, 207.31, 77.66, -33.20, 22.97, 0, 0
2.00, 5.70, 25.75, 25.75, 4067.58, 20.00, 4.63, 26.67, 21.07, 0.00, 215.94, 0.00, 4.91, 20.10, 0, 0
2.00, 5.70, 26.27, 26.27, 4512.81, 20.00, 4.63, 27.78, 22.21, 0.00, 213.88, 0.00, 40.50, 24.61, 0, 0
2.00, 5.70, 26.60, 26.60, 4738.24, 20.00, 4.63, 27.78, 22.21, 0.00, 193.95, 0.00, 63.01, 33.60, 0, 0
2.00, 5.70, 26.78, 26.78, 4739.84, 20.00, 4.63, 27.78, 22.21, 0.00, 166.80, 0.00, 77.57, 44.31, 0, 0
2.00, 5.70, 26.84, 26.84, 4648.62, 20.00, 4.63, 27.22, 21.70, 0.00, 130.85, 0.00, 90.00, 55.59, 0, 0
2.00, 5.70, 26.82, 26.82, 4424.53, 20.00, 4.63, 26.11, 20.69, 0.00, 82.58, 0.00, 98.00, 66.93, 0, 0
2.00, 5.70, 26.73, 26.73, 4166.61, 20.00, 4.63, 25.00, 19.55, 0.00, 38.48, 0.00, 107.03, 78.03, 0, 0
2.00, 5.70, 26.62, 26.62, 3957.05, 20.00, 4.63, 24.44, 19.04, 0.00, 13.20, 0.00, 116.34, 88.59, 0, 0
2.00, 5.70, 26.53, 26.53, 3797.12, 20.00, 4.63, 23.89, 18.53, 0.00, 0.00, 0.00, 0.00, 90.00, 0, 0
2.00, 5.70, 26.45, 26.45, 3675.58, 20.00, 4.63, 23.33, 18.02, 0.00, 0.00, 0.00, 0.00, 90.00, 0, 0
2.00, 5.70, 26.37, 26.37, 3562.55, 20.00, 4.63, 22.78, 17.51, 0.00, 0.00, 0.00, 0.00, 90.00, 0, 0
2.00, 5.70, 26.30, 26.30, 3453.19, 20.00, 4.63, 22.22, 16.89, 0.00, 0.00, 0.00, 0.00, 90.00, 0, 0
2.00, 5.70, 26.25, 26.25, 3383.65, 20.00, 4.63, 22.22, 16.89, 0.00, 0.00, 0.00, 0.00, 90.00, 0, 0
2.00, 5.70, 26.20, 26.20, 3322.55, 20.00, 4.63, 22.22, 16.78, 0.00, 0.00, 0.00, 0.00, 90.00, 0, 0
2.00, 5.70, 26.16, 26.16, 3267.17, 20.00, 4.63, 22.22, 16.89, 0.00, 0.00, 0.00, 0.00, 90.00, 0, 0
2.00, 5.70, 26.13, 26.13, 3215.53, 20.00, 4.63, 22.22, 16.89, 0.00, 0.00, 0.00, 0.00, 90.00, 0, 0
2.00, 5.70, 25.00, 25.00, 2642.34, 20.00, 4.63, 22.22, 16.89, 0.00, 0.00, 0.00, 0.00, 90.00, 0, 0
2.00, 5.70, 25.00, 25.00, 2852.07, 20.00, 4.63, 23.33, 18.13, 0.00, 15.08, 24.19, -113.92, 86.26, 0, 0
2.00, 5.70, 25.00, 25.00, 3499.84, 20.00, 4.63, 24.44, 19.26, 91.59, 50.08, 20.52, -104.71, 75.54, 0, 0
2.00, 5.70, 25.00, 25.00, 3572.95, 20.00, 4.63, 25.56, 20.40, 59.43, 87.56, 26.22, -95.63, 64.35, 0, 0
2.00, 5.70, 25.00, 25.00, 4093.04, 20.00, 4.63, 27.22, 21.94, 190.97, 133.78, 37.20, -85.92, 52.99, 0, 0
2.00, 5.70, 25.00, 25.00, 4241.05, 20.00, 4.63, 28.33, 23.07, 145.74, 172.25, 50.08, -74.31, 41.80, 0, 0
2.00, 5.70, 25.00, 25.00, 4330.13, 20.00, 4.63, 28.89, 23.59, 43.33, 190.41, 63.70, -58.33, 31.37, 0, 0
2.00, 5.70, 25.00, 25.00, 4593.89, 20.00, 4.63, 30.00, 24.61, 24.33, 208.30, 77.63, -33.02, 23.16, 0, 0
2.00, 5.70, 25.80, 25.80, 4182.81, 20.00, 4.63, 30.56, 25.12, 0.00, 217.84, 0.00, 4.82, 20.30, 0, 0
2.00, 5.70, 26.40, 26.40, 4822.59, 20.00, 4.63, 31.67, 26.14, 0.00, 215.85, 0.00, 40.22, 24.77, 0, 0
2.00, 5.70, 26.82, 26.82, 5189.30, 20.00, 4.63, 31.11, 25.63, 0.00, 188.42, 0.00, 62.73, 33.72, 0, 0
2.00, 5.70, 27.07, 27.07, 5266.86, 20.00, 4.63, 31.11, 25.63, 0.00, 159.37, 0.00, 77.34, 44.42, 0, 0
2.00, 5.70, 27.21, 27.21, 5275.06, 20.00, 4.63, 31.11, 25.63, 0.00, 121.31, 0.00, 90.00, 55.69, 0, 0
2.00, 5.70, 27.29, 27.29, 5270.05, 20.00, 4.63, 31.67, 26.14, 0.00, 70.02, 0.00, 97.81, 67.04, 0, 0
2.00, 5.70, 27.31, 27.31, 5169.04, 20.00, 4.63, 31.67, 26.26, 0.00, 36.12, 0.00, 106.86, 78.14, 0, 0
2.00, 5.70, 27.26, 27.26, 4942.51, 20.00, 4.63, 30.56, 25.12, 0.00, 18.86, 0.00, 116.19, 88.71, 0, 0
2.00, 5.70, 27.20, 27.20, 4769.99, 20.00, 4.63, 29.44, 23.98, 0.00, 0.00, 0.00, 0.00, 90.00, 0, 0
2.00, 5.70, 27.13, 27.13, 4635.53, 20.00, 4.63, 28.33, 22.96, 0.00, 0.00, 0.00, 0.00, 90.00, 0, 0
2.00, 5.70, 27.08, 27.08, 4540.89, 20.00, 4.63, 27.78, 22.33, 0.00, 0.00, 0.00, 0.00, 90.00, 0, 0
2.00, 5.70, 27.02, 27.02, 4414.70, 20.00, 4.63, 26.67, 21.07, 0.00, 0.00, 0.00, 0.00, 90.00, 0, 0
2.00, 5.70, 26.94, 26.94, 4243.94, 20.00, 4.63, 25.00, 19.55, 0.00, 0.00, 0.00, 0.00, 90.00, 0, 0
2.00, 5.70, 26.86, 26.86, 4096.00, 20.00, 4.63, 23.89, 18.42, 0.00, 0.00, 0.00, 0.00, 90.00, 0, 0
2.00, 5.70, 26.76, 26.76, 3904.69, 20.00, 4.63, 22.22, 16.78, 0.00, 0.00, 0.00, 0.00, 90.00, 0, 0
2.00, 5.70, 26.65, 26.65, 3698.61, 20.00, 4.63, 20.56, 15.15, 0.00, 0.00, 0.00, 0.00, 90.00, 0, 0
2.00, 5.70, 25.00, 25.00, 2330.72, 20.00, 4.63, 19.44, 14.02, 0.00, 0.00, 0.00, 0.00, 90.00, 0, 0
2.00, 5.70, 25.00, 25.00, 2344.01, 20.00, 4.63, 19.44, 14.02, 0.00, 28.28, 24.03, -113.78, 86.41, 0, 0
2.00, 5.70, 25.00, 25.00, 5204.68, 20.00, 4.63, 21.11, 15.66, 641.97, 36.47, 20.31, -104.56, 75.67, 0, 0
2.00, 5.70, 25.00, 25.00, 5102.86, 20.00, 4.63, 23.33, 17.80, 799.18, 62.16, 26.06, -95.47, 64.48, 0, 0
2.00, 5.70, 25.00, 25.00, 4349.76, 20.00, 4.63, 25.00, 19.43, 775.06, 87.25, 37.09, -85.73, 53.12, 0, 0
2.00, 5.70, 25.00, 25.00, 3912.52, 20.00, 4.63, 26.67, 21.07, 622.42, 115.11, 50.01, -74.09, 41.94, 0, 0
2.00, 5.70, 25.00, 25.00, 4123.33, 20.00, 4.63, 28.33, 22.72, 425.67, 142.31, 63.65, -58.08, 31.53, 0, 0
2.00, 5.70, 25.00, 25.00, 4299.32, 20.00, 4.63, 30.00, 24.36, 198.54, 162.62, 77.60, -32.83, 23.34, 0, 0
2.00, 5.70, 26.22, 26.22, 5302.27, 20.00, 4.63, 30.56, 24.87, 0.00, 167.73, 0.00, 4.74, 20.49, 0, 0
2.00, 5.70, 27.03, 27.03, 5970.62, 20.00, 4.63, 31.67, 25.87, 0.00, 158.87, 0.00, 39.94, 24.93, 0, 0
2.00, 5.70, 27.55, 27.55, 6282.11, 20.00, 4.63, 31.67, 25.87, 0.00, 148.20, 0.00, 62.46, 33.85, 0, 0
2.00, 5.70, 27.86, 27.86, 6391.95, 20.00, 4.63, 31.67, 25.87, 0.00, 121.68, 0.00, 77.10, 44.53, 0, 0
2.00, 5.70, 28.01, 28.01, 6326.23, 20.00, 4.63, 31.67, 25.87, 0.00, 96.13, 0.00, 90.00, 55.80, 0, 0
2.00, 5.70, 28.03, 28.03, 6102.14, 20.00, 4.63, 30.56, 24.87, 0.00, 69.51, 0.00, 97.63, 67.14, 0, 0
2.00, 5.70, 27.97, 27.97, 5838.54, 20.00, 4.63, 30.00, 24.36, 0.00, 35.71, 0.00, 106.69, 78.25, 0, 0
2.00, 5.70, 27.86, 27.86, 5537.36, 20.00, 4.63, 28.89, 23.22, 0.00, 13.20, 0.00, 116.03, 88.84, 0, 0
2.00, 5.70, 27.75, 27.75, 5324.06, 20.00, 4.63, 27.78, 22.21, 0.00, 0.00, 0.00, 0.00, 90.00, 0, 0
2.00, 5.70, 27.67, 27.67, 5185.06, 20.00, 4.63, 27.22, 21.58, 0.00, 0.00, 0.00, 0.00, 90.00, 0, 0
2.00, 5.70, 27.58, 27.58, 5022.82, 20.00, 4.63, 26.11, 20.44, 0.00, 0.00, 0.00, 0.00, 90.00, 0, 0
2.00, 5.70, 27.51, 27.51, 4898.36, 20.00, 4.63, 25.56, 19.81, 0.00, 0.00, 0.00, 0.00, 90.00, 0, 0
2.00, 5.70, 27.43, 27.43, 4741.50, 20.00, 4.63, 24.44, 18.68, 0.00, 0.00, 0.00, 0.00, 90.00, 0, 0
2.00, 5.70, 27.35, 27.35, 4578.59, 20.00, 4.63, 23.33, 17.68, 0.00, 0.00, 0.00, 0.00, 90.00, 0, 0
2.00, 5.70, 27.25, 27.25, 4409.49, 20.00, 4.63, 22.22, 16.55, 0.00, 0.00, 0.00, 0.00, 90.00, 0, 0
2.00, 5.70, 27.14, 27.14, 4195.59, 20.00, 4.63, 20.56, 14.92, 0.00, 0.00, 0.00, 0.00, 90.00, 0, 0
2.00, 5.70, 25.00, 25.00, 2535.43, 20.00, 4.63, 19.44, 13.80, 0.00, 0.00, 0.00, 0.00, 90.00, 0, 0
2.00, 5.70, 25.00, 25.00, 2641.30, 20.00, 4.63, 20.00, 14.42, 0.00, 22.63, 23.87, -113.63, 86.56, 0, 0
2.00, 5.70, 25.00, 25.00, 3493.14, 20.00, 4.63, 21.11, 15.54, 148.12, 46.78, 20.11, -104.40, 75.81, 0, 0
2.00, 5.70, 25.00, 25.00, 4018.04, 20.00, 4.63, 22.78, 17.17, 266.77, 91.42, 25.89, -95.29, 64.62, 0, 0
2.00, 5.70, 25.00, 25.00, 4281.32, 20.00, 4.63, 24.44, 18.81, 393.14, 125.16, 36.98, -85.53, 53.26, 0, 0
2.00, 5.70, 25.00, 25.00, 4376.38, 20.00, 4.63, 26.11, 20.44, 355.36, 156.42, 49.93, -73.86, 42.08, 0, 0
2.00, 5.70, 25.00, 25.00, 4827.47, 20.00, 4.63, 27.78, 22.08, 283.34, 184.85, 63.60, -57.83, 31.69, 0, 0
2.00, 5.70, 25.00, 25.00, 5255.88, 20.00, 4.63, 29.44, 23.59, 156.89, 195.81, 77.57, -32.63, 23.54, 0, 0
2.00, 5.70, 26.19, 26.19, 5066.78, 20.00, 4.63, 30.56, 24.73, 0.00, 208.79, 0.00, 4.66, 20.70, 0, 0
2.00, 5.70, 26.93, 26.93, 5545.64, 20.00, 4.63, 31.11, 25.23, 0.00, 213.72, 0.00, 39.66, 25.10, 0, 0
2.00, 5.70, 27.42, 27.42, 5909.08, 20.00, 4.63, 31.11, 25.23, 0.00, 184.99, 0.00, 62.18, 33.99, 0, 0
2.00, 5.70, 27.74, 27.74, 6096.82, 20.00, 4.63, 31.11, 25.23, 0.00, 145.06, 0.00, 76.86, 44.65, 0, 0
2.00, 5.70, 27.89, 27.89, 6016.47, 20.00, 4.63, 30.56, 24.73, 0.00, 117.04, 0.00, 90.00, 55.91, 0, 0
2.00, 5.70, 27.91, 27.91, 5802.80, 20.00, 4.63, 30.00, 24.09, 0.00, 82.88, 0.00, 97.44, 67.26, 0, 0
2.00, 5.70, 27.85, 27.85, 5538.15, 20.00, 4.63, 28.89, 23.09, 0.00, 39.53, 0.00, 106.52, 78.37, 0, 0
2.00, 5.70, 27.75, 27.75, 5299.74, 20.00, 4.63, 27.78, 21.95, 0.00, 11.31, 0.00, 115.87, 88.97, 0, 0
2.00, 5.70, 27.66, 27.66, 5106.62, 20.00, 4.63, 26.67, 20.95, 0.00, 0.00, 0.00, 0.00, 90.00, 0, 0
2.00, 5.70, 27.56, 27.56, 4940.41, 20.00, 4.63, 25.56, 19.81, 0.00, 0.00, 0.00, 0.00, 90.00, 0, 0
2.00, 5.70, 27.47, 27.47, 4776.23, 20.00, 4.63, 24.44, 18.68, 0.00, 0.00, 0.00, 0.00, 90.00, 0, 0
2.00, 5.70, 27.38, 27.38, 4610.34, 20.00, 4.63, 23.33, 17.55, 0.00, 0.00, 0.00, 0.00, 90.00, 0, 0
2.00, 5.70, 27.29, 27.29, 4440.66, 20.00, 4.63, 22.22, 16.42, 0.00, 0.00, 0.00, 0.00, 90.00, 0, 0
2.00, 5.70, 27.19, 27.19, 4266.02, 20.00, 4.63, 21.11, 15.30, 0.00, 0.00, 0.00, 0.00, 90.00, 0, 0
2.00, 5.70, 27.08, 27.08, 4085.82, 20.00, 4.63, 20.00, 14.17, 0.00, 0.00, 0.00, 0.00, 90.00, 0, 0
2.00, 5.70, 26.97, 26.97, 3899.86, 20.00, 4.63, 18.89, 13.17, 0.00, 0.00, 0.00, 0.00, 90.00, 0, 0
2.00, 5.70, 25.00, 25.00, 2142.67, 20.00, 4.63, 17.78, 12.05, 0.00, 0.00, 0.00, 0.00, 90.00, 0, 0
2.00, 5.70, 25.00, 25.00, 2151.96, 20.00, 4.63, 17.78, 12.05, 0.00, 20.74, 23.70, -113.48, 86.71, 0, 0
2.00, 5.70, 25.00, 25.00, 3078.42, 20.00, 4.63, 19.44, 13.67, 142.38, 47.72, 19.89, -104.23, 75.95, 0, 0
2.00, 5.70, 25.00, 25.00, 4103.93, 20.00, 4.63, 21.11, 15.30, 437.66, 81.77, 25.73, -95.11, 64.75, 0, 0
2.00, 5.70, 25.00, 25.00, 4368.93, 20.00, 4.63, 23.33, 17.55, 620.86, 107.44, 36.86, -85.32, 53.39, 0, 0
2.00, 5.70, 25.00, 25.00, 4407.40, 20.00, 4.63, 25.56, 19.68, 585.72, 125.57, 49.86, -73.63, 42.22, 0, 0
2.00, 5.70, 25.00, 25.00, 4804.11, 20.00, 4.63, 27.22, 21.31, 384.99, 155.40, 63.55, -57.57, 31.85, 0, 0
2.00, 5.70, 25.00, 25.00, 5177.83, 20.00, 4.63, 28.89, 22.95, 185.14, 169.50, 77.54, -32.42, 23.73, 0, 0
2.00, 5.70, 26.26, 26.26, 5237.68, 20.00, 4.63, 30.00, 23.94, 0.00, 169.93, 0.00, 4.59, 20.91, 0, 0
2.00, 5.70, 27.07, 27.07, 5842.98, 20.00, 4.63, 30.56, 24.58, 0.00, 169.12, 0.00, 39.38, 25.28, 0, 0
2.00, 5.70, 27.61, 27.61, 6232.47, 20.00, 4.63, 31.11, 25.08, 0.00, 147.50, 0.00, 61.89, 34.13, 0, 0
2.00, 5.70, 27.93, 27.93, 6362.93, 20.00, 4.63, 31.11, 25.08, 0.00, 126.29, 0.00, 76.61, 44.77, 0, 0
2.00, 5.70, 28.10, 28.10, 6341.54, 20.00, 4.63, 31.11, 25.08, 0.00, 95.98, 0.00, 90.00, 56.03, 0, 0
2.00, 5.70, 28.13, 28.13, 6112.50, 20.00, 4.63, 30.00, 23.94, 0.00, 60.29, 0.00, 97.25, 67.38, 0, 0
2.00, 5.70, 28.06, 28.06, 5823.47, 20.00, 4.63, 28.89, 22.95, 0.00, 32.04, 0.00, 106.35, 78.50, 0, 0
2.00, 5.70, 27.95, 27.95, 5519.23, 20.00, 4.63, 27.78, 21.81, 0.00, 18.86, 0.00, 115.71, 89.11, 0, 0
2.00, 5.70, 27.82, 27.82, 5249.31, 20.00, 4.63, 26.11, 20.18, 0.00, 0.00, 0.00, 0.00, 90.00, 0, 0
2.00, 5.70, 27.70, 27.70, 5055.85, 20.00, 4.63, 25.00, 19.04, 0.00, 0.00, 0.00, 0.00, 90.00, 0, 0
2.00, 5.70, 27.59, 27.59, 4871.70, 20.00, 4.63, 23.89, 17.91, 0.00, 0.00, 0.00, 0.00, 90.00, 0, 0
2.00, 5.70, 27.49, 27.49, 4690.74, 20.00, 4.63, 22.78, 16.78, 0.00, 0.00, 0.00, 0.00, 90.00, 0, 0
2.00, 5.70, 27.38, 27.38, 4509.19, 20.00, 4.63, 21.67, 15.66, 0.00, 0.00, 0.00, 0.00, 90.00, 0, 0
2.00, 5.70, 27.26, 27.26, 4286.07, 20.00, 4.63, 20.00, 14.04, 0.00, 0.00, 0.00, 0.00, 90.00, 0, 0
2.00, 5.70, 27.14, 27.14, 4088.57, 20.00, 4.63, 18.89, 12.92, 0.00, 0.00, 0.00, 0.00, 90.00, 0, 0
2.00, 5.70, 27.00, 27.00, 3849.42, 20.00, 4.63, 17.22, 11.31, 0.00, 0.00, 0.00, 0.00, 90.00, 0, 0
2.00, 5.70, 25.00, 25.00, 1854.73, 20.00, 4.63, 16.11, 10.19, 0.00, 0.00, 0.00, 0.00, 90.00, 0, 0
2.00, 5.70, 25.00, 25.00, 1858.38, 20.00, 4.63, 16.11, 10.19, 0.00, 20.74, 23.52, -113.32, 86.86, 0, 0
2.00, 5.70, 25.00, 25.00, 4538.35, 20.00, 4.63, 18.33, 12.43, 522.79, 43.04, 19.68, -104.06, 76.10, 0, 0
2.00, 5.70, 25.00, 25.00, 4899.84, 20.00, 4.63, 20.56, 14.53, 702.95, 67.54, 25.56, -94.92, 64.89, 0, 0
2.00, 5.70, 25.00, 25.00, 4520.41, 20.00, 4.63, 22.78, 16.78, 672.32, 97.08, 36.75, -85.11, 53.53, 0, 0
2.00, 5.70, 25.00, 25.00, 4357.46, 20.00, 4.63, 24.44, 18.40, 580.51, 124.16, 49.78, -73.38, 42.36, 0, 0
2.00, 5.70, 25.00, 25.00, 4854.94, 20.00, 4.63, 26.67, 20.52, 415.19, 143.22, 63.50, -57.30, 32.02, 0, 0
2.00, 5.70, 25.00, 25.00, 5116.67, 20.00, 4.63, 27.78, 21.66, 186.88, 171.01, 77.51, -32.21, 23.93, 0, 0
2.00, 5.70, 26.29, 26.29, 5316.57, 20.00, 4.63, 28.89, 22.64, 0.00, 175.15, 0.00, 4.53, 21.13, 0, 0
2.00, 5.70, 27.14, 27.14, 5976.35, 20.00, 4.63, 30.00, 23.78, 0.00, 167.79, 0.00, 39.11, 25.47, 0, 0
2.00, 5.70, 27.70, 27.70, 6362.46, 20.00, 4.63, 30.56, 24.27, 0.00, 144.61, 0.00, 61.61, 34.28, 0, 0
2.00, 5.70, 28.02, 28.02, 6481.53, 20.00, 4.63, 30.56, 24.27, 0.00, 118.18, 0.00, 76.36, 44.90, 0, 0
2.00, 5.70, 28.17, 28.17, 6381.93, 20.00, 4.63, 30.00, 23.61, 0.00, 92.40, 0.00, 90.00, 56.15, 0, 0
2.00, 5.70, 28.17, 28.17, 6103.09, 20.00, 4.63, 28.89, 22.64, 0.00, 65.36, 0.00, 97.06, 67.50, 0, 0
2.00, 5.70, 28.08, 28.08, 5759.72, 20.00, 4.63, 27.22, 21.01, 0.00, 36.51, 0.00, 106.17, 78.63, 0, 0
2.00, 5.70, 27.93, 27.93, 5412.45, 20.00, 4.63, 25.56, 19.39, 0.00, 16.97, 0.00, 115.55, 89.25, 0, 0
2.00, 5.70, 27.79, 27.79, 5160.33, 20.00, 4.63, 24.44, 18.25, 0.00, 0.00, 0.00, 0.00, 90.00, 0, 0
2.00, 5.70, 27.65, 27.65, 4915.77, 20.00, 4.63, 22.78, 16.48, 0.00, 0.00, 0.00, 0.00, 90.00, 0, 0
2.00, 5.70, 27.51, 27.51, 4670.81, 20.00, 4.63, 21.11, 14.87, 0.00, 0.00, 0.00, 0.00, 90.00, 0, 0
2.00, 5.70, 27.36, 27.36, 4421.40, 20.00, 4.63, 19.44, 13.11, 0.00, 0.00, 0.00, 0.00, 90.00, 0, 0
2.00, 5.70, 27.23, 27.23, 4204.57, 20.00, 4.63, 18.33, 12.15, 0.00, 0.00, 0.00, 0.00, 90.00, 0, 0
2.00, 5.70, 27.09, 27.09, 3988.94, 20.00, 4.63, 17.22, 11.03, 0.00, 0.00, 0.00, 0.00, 90.00, 0, 0
2.00, 5.70, 26.94, 26.94, 3732.60, 20.00, 4.63, 15.56, 9.29, 0.00, 0.00, 0.00, 0.00, 90.00, 0, 0
2.00, 5.70, 26.79, 26.79, 3502.98, 20.00, 4.63, 14.44, 8.18, 0.00, 0.00, 0.00, 0.00, 90.00, 0, 0
2.00, 5.70, 25.00, 25.00, 1238.09, 20.00, 4.63, 12.78, 6.59, 0.00, 0.00, 0.00, 0.00, 90.00, 0, 0
2.00, 5.70, 24.95, 24.95, 1171.14, 20.00, 4.63, 12.78, 6.59, 0.00, 16.97, 23.34, -113.16, 87.02, 0, 0
2.00, 5.70, 25.00, 25.00, 3241.35, 20.00, 4.63, 15.00, 8.66, 374.79, 41.63, 19.45, -103.89, 76.24, 0, 0
2.00, 5.70, 25.00, 25.00, 3656.60, 20.00, 4.63, 16.67, 10.40, 541.50, 74.07, 25.39, -94.72, 65.03, 0, 0
2.00, 5.70, 25.00, 25.00, 3536.75, 20.00, 4.63, 18.89, 12.63, 551.80, 110.44, 36.64, -84.89, 53.67, 0, 0
2.00, 5.70, 25.00, 25.00, 3596.55, 20.00, 4.63, 21.11, 14.87, 534.46, 132.67, 49.71, -73.13, 42.51, 0, 0
2.00, 5.70, 25.00, 25.00, 4000.53, 20.00, 4.63, 22.78, 16.48, 374.97, 156.04, 63.46, -57.02, 32.19, 0, 0
2.00, 5.70, 25.00, 25.00, 4355.44, 20.00, 4.63, 24.44, 18.09, 173.56, 177.64, 77.49, -31.98, 24.14, 0, 0
2.00, 5.70, 26.12, 26.12, 4794.45, 20.00, 4.63, 25.56, 19.23, 0.00, 175.49, 0.00, 4.48, 21.35, 0, 0
2.00, 5.70, 26.86, 26.86, 5403.37, 20.00, 4.63, 26.67, 20.36, 0.00, 160.41, 0.00, 38.83, 25.66, 0, 0
2.00, 5.70, 27.34, 27.34, 5720.94, 20.00, 4.63, 27.22, 20.84, 0.00, 142.45, 0.00, 61.32, 34.43, 0, 0
2.00, 5.70, 27.62, 27.62, 5820.73, 20.00, 4.63, 27.22, 20.84, 0.00, 114.82, 0.00, 76.11, 45.03, 0, 0
2.00, 5.70, 27.75, 27.75, 5738.98, 20.00, 4.63, 26.67, 20.36, 0.00, 84.30, 0.00, 87.27, 56.28, 0, 0
2.00, 5.70, 27.73, 27.73, 5469.68, 20.00, 4.63, 25.56, 19.39, 0.00, 55.01, 0.00, 96.86, 67.63, 0, 0
2.00, 5.70, 27.62, 27.62, 5095.25, 20.00, 4.63, 23.89, 17.77, 0.00, 27.85, 0.00, 105.99, 78.77, 0, 0
2.00, 5.70, 27.46, 27.46, 4749.62, 20.00, 4.63, 22.78, 16.64, 0.00, 16.97, 0.00, 115.38, 89.40, 0, 0
2.00, 5.70, 27.31, 27.31, 4485.83, 20.00, 4.63, 21.67, 15.66, 0.00, 0.00, 0.00, 0.00, 90.00, 0, 0
2.00, 5.70, 27.16, 27.16, 4268.21, 20.00, 4.63, 20.56, 14.53, 0.00, 0.00, 0.00, 0.00, 90.00, 0, 0
2.00, 5.70, 27.03, 27.03, 4059.43, 20.00, 4.63, 19.44, 13.41, 0.00, 0.00, 0.00, 0.00, 90.00, 0, 0
2.00, 5.70, 26.90, 26.90, 3853.83, 20.00, 4.63, 18.33, 12.29, 0.00, 0.00, 0.00, 0.00, 90.00, 0, 0
2.00, 5.70, 26.78, 26.78, 3686.86, 20.00, 4.63, 17.78, 11.66, 0.00, 0.00, 0.00, 0.00, 90.00, 0, 0
2.00, 5.70, 26.67, 26.67, 3526.77, 20.00, 4.63, 17.22, 11.17, 0.00, 0.00, 0.00, 0.00, 90.00, 0, 0
2.00, 5.70, 26.58, 26.58, 3409.03, 20.00, 4.63, 17.22, 11.17, 0.00, 0.00, 0.00, 0.00, 90.00, 0, 0
2.00, 5.70, 26.48, 26.48, 3262.78, 20.00, 4.63, 16.67, 10.68, 0.00, 0.00, 0.00, 0.00, 90.00, 0, 0
2.00, 5.70, 25.00, 25.00, 1670.39, 20.00, 4.63, 16.11, 10.06, 0.00, 0.00, 0.00, 0.00, 90.00, 0, 0
2.00, 5.70, 25.00, 25.00, 1788.76, 20.00, 4.63, 16.67, 10.81, 0.00, 26.40, 23.16, -112.99, 87.18, 0, 0
2.00, 5.70, 25.00, 25.00, 3873.56, 20.00, 4.63, 18.33, 12.55, 405.11, 44.08, 19.22, -103.70, 76.39, 0, 0
2.00, 5.70, 25.00, 25.00, 4303.32, 20.00, 4.63, 20.56, 14.67, 556.54, 73.33, 25.21, -94.52, 65.17, 0, 0
2.00, 5.70, 25.00, 25.00, 4132.83, 20.00, 4.63, 22.22, 16.42, 605.83, 106.76, 36.53, -84.67, 53.81, 0, 0
2.00, 5.70, 25.00, 25.00, 4145.86, 20.00, 4.63, 24.44, 18.55, 576.11, 127.31, 49.64, -72.87, 42.66, 0, 0
2.00, 5.70, 25.00, 25.00, 4657.02, 20.00, 4.63, 26.67, 20.67, 410.83, 146.22, 63.41, -56.74, 32.36, 0, 0
2.00, 5.70, 25.00, 25.00, 4941.98, 20.00, 4.63, 27.78, 21.81, 195.07, 162.23, 77.47, -31.75, 24.35, 0, 0
2.00, 5.70, 26.19, 26.19, 5115.60, 20.00, 4.63, 29.44, 23.44, 0.00, 165.63, 0.00, 4.43, 21.58, 0, 0
2.00, 5.70, 26.99, 26.99, 5754.10, 20.00, 4.63, 30.00, 23.94, 0.00, 155.96, 0.00, 38.56, 25.85, 0, 0
2.00, 5.70, 27.50, 27.50, 6094.49, 20.00, 4.63, 30.56, 24.58, 0.00, 134.80, 0.00, 61.03, 34.59, 0, 0
2.00, 5.70, 27.80, 27.80, 6197.45, 20.00, 4.63, 30.56, 24.58, 0.00, 112.10, 0.00, 75.85, 45.18, 0, 0
2.00, 5.70, 27.93, 27.93, 6083.23, 20.00, 4.63, 30.00, 23.94, 0.00, 87.88, 0.00, 87.04, 56.41, 0, 0
2.00, 5.70, 27.92, 27.92, 5816.45, 20.00, 4.63, 28.89, 22.95, 0.00, 63.46, 0.00, 96.66, 67.77, 0, 0
2.00, 5.70, 27.83, 27.83, 5485.06, 20.00, 4.63, 27.78, 21.95, 0.00, 32.07, 0.00, 105.80, 78.91, 0, 0
2.00, 5.70, 27.69, 27.69, 5182.37, 20.00, 4.63, 26.67, 20.81, 0.00, 9.43, 0.00, 115.21, 89.56, 0, 0
2.00, 5.70, 27.57, 27.57, 4967.11, 20.00, 4.63, 25.56, 19.68, 0.00, 0.00, 0.00, 0.00, 90.00, 0, 0
2.00, 5.70, 27.47, 27.47, 4820.42, 20.00, 4.63, 25.00, 19.18, 0.00, 0.00, 0.00, 0.00, 90.00, 0, 0
2.00, 5.70, 27.38, 27.38, 4650.20, 20.00, 4.63, 23.89, 18.05, 0.00, 0.00, 0.00, 0.00, 90.00, 0, 0
2.00, 5.70, 27.28, 27.28, 4479.15, 20.00, 4.63, 22.78, 17.05, 0.00, 0.00, 0.00, 0.00, 90.00, 0, 0
2.00, 5.70, 27.19, 27.19, 4343.66, 20.00, 4.63, 22.22, 16.42, 0.00, 0.00, 0.00, 0.00, 90.00, 0, 0
2.00, 5.70, 27.11, 27.11, 4212.99, 20.00, 4.63, 21.67, 15.79, 0.00, 0.00, 0.00, 0.00, 90.00, 0, 0
2.00, 5.70, 27.02, 27.02, 4045.68, 20.00, 4.63, 20.56, 14.80, 0.00, 0.00, 0.00, 0.00, 90.00, 0, 0
2.00, 5.70, 26.93, 26.93, 3908.28, 20.00, 4.63, 20.00, 14.17, 0.00, 0.00, 0.00, 0.00, 90.00, 0, 0
2.00, 5.70, 25.00, 25.00, 2396.11, 20.00, 4.63, 19.44, 13.67, 0.00, 0.00, 0.00, 0.00, 90.00, 0, 0
2.00, 5.70, 25.00, 25.00, 2402.07, 20.00, 4.63, 19.44, 13.80, 0.00, 15.08, 22.97, -112.82, 87.34, 0, 0
2.00, 5.70, 25.00, 25.00, 2897.15, 20.00, 4.63, 20.56, 14.92, 62.64, 43.24, 18.99, -103.51, 76.54, 0, 0
2.00, 5.70, 25.00, 25.00, 3160.04, 20.00, 4.63, 21.67, 16.05, 88.60, 85.28, 25.04, -94.32, 65.31, 0, 0
2.00, 5.70, 25.00, 25.00, 3633.30, 20.00, 4.63, 23.33, 17.68, 213.23, 129.89, 36.42, -84.43, 53.95, 0, 0
2.00, 5.70, 25.00, 25.00, 3877.75, 20.00, 4.63, 25.00, 19.31, 218.91, 171.05, 49.57, -72.61, 42.81, 0, 0
2.00, 5.70, 25.00, 25.00, 4318.14, 20.00, 4.63, 26.67, 20.95, 197.94, 192.00, 63.37, -56.45, 32.53, 0, 0
2.00, 5.70, 25.00, 25.00, 4600.84, 20.00, 4.63, 27.78, 22.08, 96.65, 211.82, 77.45, -31.52, 24.56, 0, 0
2.00, 5.70, 26.07, 26.07, 4689.76, 20.00, 4.63, 29.44, 23.72, 0.00, 206.48, 0.00, 4.38, 21.82, 0, 0
2.00, 5.70, 26.79, 26.79, 5315.18, 20.00, 4.63, 30.00, 24.23, 0.00, 191.47, 0.00, 38.29, 26.06, 0, 0
2.00, 5.70, 27.26, 27.26, 5650.07, 20.00, 4.63, 30.56, 24.87, 0.00, 171.91, 0.00, 60.73, 34.76, 0, 0
2.00, 5.70, 27.53, 27.53, 5710.10, 20.00, 4.63, 30.56, 24.87, 0.00, 155.32, 0.00, 75.59, 45.32, 0, 0
2.00, 5.70, 27.63, 27.63, 5573.64, 20.00, 4.63, 30.00, 24.36, 0.00, 126.79, 0.00, 86.82, 56.55, 0, 0
2.00, 5.70, 27.64, 27.64, 5411.88, 20.00, 4.63, 29.44, 23.86, 0.00, 81.52, 0.00, 96.45, 67.91, 0, 0
2.00, 5.70, 27.58, 27.58, 5166.01, 20.00, 4.63, 28.33, 22.84, 0.00, 31.86, 0.00, 105.62, 79.06, 0, 0
2.00, 5.70, 27.49, 27.49, 4933.79, 20.00, 4.63, 27.22, 21.70, 0.00, 5.66, 0.00, 115.04, 89.72, 0, 0
2.00, 5.70, 27.41, 27.41, 4799.34, 20.00, 4.63, 26.67, 21.20, 0.00, 0.00, 0.00, 0.00, 90.00, 0, 0
2.00, 5.70, 27.34, 27.34, 4689.49, 20.00, 4.63, 26.11, 20.69, 0.00, 0.00, 0.00, 0.00, 90.00, 0, 0
2.00, 5.70, 27.28, 27.28, 4587.18, 20.00, 4.63, 25.56, 20.18, 0.00, 0.00, 0.00, 0.00, 90.00, 0, 0
2.00, 5.70, 27.21, 27.21, 4449.21, 20.00, 4.63, 24.44, 19.04, 0.00, 0.00, 0.00, 0.00, 90.00, 0, 0
2.00, 5.70, 27.16, 27.16, 4379.83, 20.00, 4.63, 24.44, 18.93, 0.00, 0.00, 0.00, 0.00, 90.00, 0, 0
2.00, 5.70, 27.11, 27.11, 4282.14, 20.00, 4.63, 23.89, 18.42, 0.00, 0.00, 0.00, 0.00, 90.00, 0, 0
2.00, 5.70, 27.05, 27.05, 4181.94, 20.00, 4.63, 23.33, 17.91, 0.00, 0.00, 0.00, 0.00, 90.00, 0, 0
2.00, 5.70, 27.00, 27.00, 4079.09, 20.00, 4.63, 22.78, 17.40, 0.00, 0.00, 0.00, 0.00, 90.00, 0, 0
2.00, 5.70, 25.00, 25.00, 2488.01, 20.00, 4.63, 22.22, 16.89, 0.00, 0.00, 0.00, 0.00, 90.00, 0, 0
2.00, 5.70, 25.00, 25.00, 2525.90, 20.00, 4.63, 22.78, 17.51, 0.00, 20.74, 22.77, -112.64, 87.50, 0, 0
2.00, 5.70, 25.00, 25.00, 3401.60, 20.00, 4.63, 24.44, 19.16, 170.27, 47.30, 18.75, -103.32, 76.69, 0, 0
2.00, 5.70, 25.00, 25.00, 3607.11, 20.00, 4.63, 25.56, 20.29, 254.74, 90.98, 24.86, -94.10, 65.46, 0, 0
2.00, 5.70, 25.00, 25.00, 3332.34, 20.00, 4.63, 27.22, 21.94, 155.07, 130.57, 36.31, -84.19, 54.10, 0, 0
2.00, 5.70, 25.00, 25.00, 3278.47, 20.00, 4.63, 27.78, 22.45, 100.39, 166.26, 49.50, -72.34, 42.97, 0, 0
2.00, 5.70, 25.00, 25.00, 3460.61, 20.00, 4.63, 28.89, 23.47, 94.86, 198.19, 63.33, -56.15, 32.71, 0, 0
2.00, 5.70, 25.00, 25.00, 3557.27, 20.00, 4.63, 30.00, 24.61, 39.12, 211.10, 77.43, -31.27, 24.78, 0, 0
2.00, 5.70, 25.93, 25.93, 4289.16, 20.00, 4.63, 30.56, 25.12, 0.00, 213.54, 0.00, 4.35, 22.06, 0, 0
2.00, 5.70, 26.56, 26.56, 4815.77, 20.00, 4.63, 31.11, 25.63, 0.00, 207.72, 0.00, 38.02, 26.27, 0, 0
2.00, 5.70, 26.98, 26.98, 5152.97, 20.00, 4.63, 31.11, 25.50, 0.00, 189.49, 0.00, 60.44, 34.94, 0, 0
2.00, 5.70, 27.28, 27.28, 5406.55, 20.00, 4.63, 31.67, 26.01, 0.00, 160.92, 0.00, 75.33, 45.48, 0, 0
2.00, 5.70, 27.48, 27.48, 5524.83, 20.00, 4.63, 31.67, 26.01, 0.00, 119.33, 0.00, 86.59, 56.70, 0, 0
2.00, 5.70, 27.55, 27.55, 5390.08, 20.00, 4.63, 31.11, 25.50, 0.00, 74.17, 0.00, 96.25, 68.06, 0, 0
2.00, 5.70, 27.52, 27.52, 5178.75, 20.00, 4.63, 30.00, 24.49, 0.00, 35.23, 0.00, 105.43, 79.22, 0, 0
2.00, 5.70, 27.46, 27.46, 4987.43, 20.00, 4.63, 28.89, 23.35, 0.00, 13.20, 0.00, 114.86, 89.89, 0, 0
2.00, 5.70, 27.39, 27.39, 4821.68, 20.00, 4.63, 27.78, 22.21, 0.00, 0.00, 0.00, 0.00, 90.00, 0, 0
2.00, 5.70, 27.32, 27.32, 4681.68, 20.00, 4.63, 26.67, 21.07, 0.00, 0.00, 0.00, 0.00, 90.00, 0, 0
2.00, 5.70, 27.24, 27.24, 4540.77, 20.00, 4.63, 25.56, 19.94, 0.00, 0.00, 0.00, 0.00, 90.00, 0, 0
2.00, 5.70, 27.17, 27.17, 4396.09, 20.00, 4.63, 24.44, 18.81, 0.00, 0.00, 0.00, 0.00, 90.00, 0, 0
2.00, 5.70, 27.08, 27.08, 4246.06, 20.00, 4.63, 23.33, 17.68, 0.00, 0.00, 0.00, 0.00, 90.00, 0, 0
2.00, 5.70, 26.98, 26.98, 4051.18, 20.00, 4.63, 21.67, 16.05, 0.00, 0.00, 0.00, 0.00, 90.00, 0, 0
2.00, 5.70, 26.87, 26.87, 3840.62, 20.00, 4.63, 20.00, 14.42, 0.00, 0.00, 0.00, 0.00, 90.00, 0, 0
2.00, 5.70, 26.75, 26.75, 3655.19, 20.00, 4.63, 18.89, 13.29, 0.00, 0.00, 0.00, 0.00, 90.00, 0, 0
2.00, 5.70, 25.00, 25.00, 1951.63, 20.00, 4.63, 17.22, 11.67, 0.00, 0.00, 0.00, 0.00, 90.00, 0, 0
2.00, 5.70, 25.00, 25.00, 2050.23, 20.00, 4.63, 17.78, 12.17, 0.00, 16.97, 22.57, -112.46, 87.66, 0, 0
2.00, 5.70, 25.00, 25.00, 4111.82, 20.00, 4.63, 19.44, 13.80, 394.88, 37.72, 18.50, -103.12, 76.84, 0, 0
2.00, 5.70, 25.00, 25.00, 4078.49, 20.00, 4.63, 21.11, 15.42, 407.01, 79.59, 24.69, -93.88, 65.60, 0, 0
2.00, 5.70, 25.00, 25.00, 4064.36, 20.00, 4.63, 22.78, 17.17, 460.77, 115.07, 36.20, -83.95, 54.24, 0, 0
2.00, 5.70, 25.00, 25.00, 4010.63, 20.00, 4.63, 24.44, 18.81, 356.98, 153.43, 49.43, -72.06, 43.13, 0, 0
2.00, 5.70, 25.00, 25.00, 4427.33, 20.00, 4.63, 26.11, 20.44, 270.78, 180.28, 63.29, -55.84, 32.90, 0, 0
2.00, 5.70, 25.00, 25.00, 4786.65, 20.00, 4.63, 27.78, 21.95, 129.88, 197.10, 77.42, -31.02, 25.00, 0, 0
2.00, 5.70, 26.09, 26.09, 4812.67, 20.00, 4.63, 28.89, 23.09, 0.00, 199.48, 0.00, 4.32, 22.31, 0, 0
2.00, 5.70, 26.82, 26.82, 5415.36, 20.00, 4.63, 29.44, 23.59, 0.00, 193.98, 0.00, 37.75, 26.48, 0, 0
2.00, 5.70, 27.30, 27.30, 5762.07, 20.00, 4.63, 30.00, 24.09, 0.00, 168.65, 0.00, 60.15, 35.12, 0, 0
2.00, 5.70, 27.60, 27.60, 5909.43, 20.00, 4.63, 30.00, 24.09, 0.00, 131.35, 0.00, 75.07, 45.64, 0, 0
2.00, 5.70, 27.75, 27.75, 5845.84, 20.00, 4.63, 29.44, 23.59, 0.00, 102.74, 0.00, 86.35, 56.85, 0, 0
2.00, 5.70, 27.73, 27.73, 5547.62, 20.00, 4.63, 28.33, 22.59, 0.00, 72.25, 0.00, 96.04, 68.21, 0, 0
2.00, 5.70, 27.65, 27.65, 5252.57, 20.00, 4.63, 27.22, 21.45, 0.00, 37.64, 0.00, 105.24, 79.38, 0, 0
2.00, 5.70, 27.53, 27.53, 4992.12, 20.00, 4.63, 26.11, 20.31, 0.00, 15.08, 0.00, 0.00, 90.00, 0, 0
2.00, 5.70, 27.41, 27.41, 4774.16, 20.00, 4.63, 25.00, 19.31, 0.00, 0.00, 0.00, 0.00, 90.00, 0, 0
2.00, 5.70, 27.31, 27.31, 4592.84, 20.00, 4.63, 23.89, 18.18, 0.00, 0.00, 0.00, 0.00, 90.00, 0, 0
2.00, 5.70, 27.20, 27.20, 4415.89, 20.00, 4.63, 22.78, 17.05, 0.00, 0.00, 0.00, 0.00, 90.00, 0, 0
2.00, 5.70, 27.10, 27.10, 4238.87, 20.00, 4.63, 21.67, 15.92, 0.00, 0.00, 0.00, 0.00, 90.00, 0, 0
2.00, 5.70, 27.01, 27.01, 4098.07, 20.00, 4.63, 21.11, 15.42, 0.00, 0.00, 0.00, 0.00, 90.00, 0, 0
2.00, 5.70, 26.92, 26.92, 3962.13, 20.00, 4.63, 20.56, 14.80, 0.00, 0.00, 0.00, 0.00, 90.00, 0, 0
2.00, 5.70, 26.83, 26.83, 3828.28, 20.00, 4.63, 20.00, 14.30, 0.00, 0.00, 0.00, 0.00, 90.00, 0, 0
2.00, 5.70, 26.75, 26.75, 3694.61, 20.00, 4.63, 19.44, 13.67, 0.00, 0.00, 0.00, 0.00, 90.00, 0, 0
2.00, 5.70, 25.00, 25.00, 2250.00, 20.00, 4.63, 18.89, 13.17, 0.00, 0.00, 0.00, 0.00, 90.00, 0, 0
2.00, 5.70, 25.00, 25.00, 2249.10, 20.00, 4.63, 18.89, 13.29, 0.00, 11.31, 22.37, -112.27, 87.83, 0, 0
2.00, 5.70, 25.00, 25.00, 4219.83, 20.00, 4.63, 20.56, 14.92, 368.50, 43.32, 18.25, -102.91, 76.99, 0, 0
2.00, 5.70, 25.00, 25.00, 4969.06, 20.00, 4.63, 22.78, 17.05, 605.65, 75.27, 24.51, -93.66, 65.75, 0, 0
2.00, 5.70, 25.00, 25.00, 4778.74, 20.00, 4.63, 24.44, 18.68, 683.19, 100.33, 36.09, -83.70, 54.39, 0, 0
2.00, 5.70, 25.00, 25.00, 4683.95, 20.00, 4.63, 26.67, 20.81, 630.68, 122.79, 49.37, -71.77, 43.29, 0, 0
2.00, 5.70, 25.00, 25.00, 5106.81, 20.00, 4.63, 28.33, 22.45, 455.65, 134.42, 63.26, -55.52, 33.08, 0, 0
2.00, 5.70, 25.00, 25.00, 5489.87, 20.00, 4.63, 30.00, 23.94, 222.18, 145.15, 77.41, -30.76, 25.23, 0, 0
2.00, 5.70, 26.30, 26.30, 5429.78, 20.00, 4.63, 31.11, 25.08, 0.00, 158.31, 0.00, 4.30, 22.56, 0, 0
2.00, 5.70, 27.14, 27.14, 6055.38, 20.00, 4.63, 31.11, 25.08, 0.00, 155.88, 0.00, 37.49, 26.71, 0, 0
2.00, 5.70, 27.68, 27.68, 6405.28, 20.00, 4.63, 31.11, 25.08, 0.00, 131.52, 0.00, 59.85, 35.30, 0, 0
2.00, 5.70, 28.00, 28.00, 6516.34, 20.00, 4.63, 31.11, 24.92, 0.00, 114.70, 0.00, 74.80, 45.80, 0, 0
2.00, 5.70, 28.14, 28.14, 6399.42, 20.00, 4.63, 31.11, 24.92, 0.00, 98.13, 0.00, 86.12, 57.01, 0, 0
2.00, 5.70, 28.17, 28.17, 6219.02, 20.00, 4.63, 31.11, 24.92, 0.00, 69.74, 0.00, 95.83, 68.37, 0, 0
2.00, 5.70, 28.12, 28.12, 5971.02, 20.00, 4.63, 30.56, 24.43, 0.00, 32.16, 0.00, 105.04, 79.54, 0, 0
2.00, 5.70, 28.02, 28.02, 5690.81, 20.00, 4.63, 29.44, 23.29, 0.00, 11.31, 0.00, 0.00, 90.00, 0, 0
2.00, 5.70, 27.92, 27.92, 5491.70, 20.00, 4.63, 28.33, 22.15, 0.00, 0.00, 0.00, 0.00, 90.00, 0, 0
2.00, 5.70, 27.83, 27.83, 5323.00, 20.00, 4.63, 27.22, 21.17, 0.00, 0.00, 0.00, 0.00, 90.00, 0, 0
2.00, 5.70, 27.73, 27.73, 5120.21, 20.00, 4.63, 25.56, 19.39, 0.00, 0.00, 0.00, 0.00, 90.00, 0, 0
2.00, 5.70, 27.62, 27.62, 4908.62, 20.00, 4.63, 23.89, 17.61, 0.00, 0.00, 0.00, 0.00, 90.00, 0, 0
2.00, 5.70, 27.50, 27.50, 4688.13, 20.00, 4.63, 22.22, 16.29, 0.00, 0.00, 0.00, 0.00, 90.00, 0, 0
2.00, 5.70, 27.38, 27.38, 4457.83, 20.00, 4.63, 20.56, 14.67, 0.00, 0.00, 0.00, 0.00, 90.00, 0, 0
2.00, 5.70, 27.25, 27.25, 4256.29, 20.00, 4.63, 19.44, 13.41, 0.00, 0.00, 0.00, 0.00, 90.00, 0, 0
2.00, 5.70, 27.11, 27.11, 4014.99, 20.00, 4.63, 17.78, 11.80, 0.00, 0.00, 0.00, 0.00, 90.00, 0, 0
2.00, 5.70, 25.00, 25.00, 1832.40, 20.00, 4.63, 15.56, 9.57, 0.00, 0.00, 0.00, 0.00, 90.00, 0, 0
2.00, 5.70, 25.00, 25.00, 1826.61, 20.00, 4.63, 15.56, 9.57, 0.00, 20.74, 22.16, -112.07, 87.99, 0, 0
2.00, 5.70, 25.00, 25.00, 4105.29, 20.00, 4.63, 17.78, 11.66, 423.04, 37.55, 17.99, -102.70, 77.15, 0, 0
2.00, 5.70, 25.00, 25.00, 4326.70, 20.00, 4.63, 19.44, 13.41, 534.64, 73.21, 24.33, -93.43, 65.90, 0, 0
2.00, 5.70, 25.00, 25.00, 4198.48, 20.00, 4.63, 21.67, 15.51, 553.93, 108.03, 35.98, -83.44, 54.54, 0, 0
2.00, 5.70, 25.00, 25.00, 4152.12, 20.00, 4.63, 23.89, 17.77, 473.11, 137.86, 49.30, -71.48, 43.45, 0, 0
2.00, 5.70, 25.00, 25.00, 4544.77, 20.00, 4.63, 25.56, 19.39, 322.59, 171.85, 63.22, -55.20, 33.27, 0, 0
2.00, 5.70, 25.00, 25.00, 4955.50, 20.00, 4.63, 27.22, 21.01, 175.54, 180.09, 77.40, -30.50, 25.46, 0, 0
2.00, 5.70, 26.27, 26.27, 5238.86, 20.00, 4.63, 28.89, 22.47, 0.00, 172.22, 0.00, 4.28, 22.82, 0, 0
2.00, 5.70, 27.08, 27.08, 5822.75, 20.00, 4.63, 29.44, 23.12, 0.00, 177.57, 0.00, 37.23, 26.94, 0, 0
2.00, 5.70, 27.59, 27.59, 6129.39, 20.00, 4.63, 30.00, 23.61, 0.00, 167.68, 0.00, 59.56, 35.50, 0, 0
2.00, 5.70, 27.89, 27.89, 6244.25, 20.00, 4.63, 30.00, 23.61, 0.00, 131.20, 0.00, 74.53, 45.97, 0, 0
2.00, 5.70, 28.03, 28.03, 6156.71, 20.00, 4.63, 29.44, 23.12, 0.00, 95.68, 0.00, 85.88, 57.17, 0, 0
2.00, 5.70, 28.04, 28.04, 5926.21, 20.00, 4.63, 28.33, 21.98, 0.00, 67.12, 0.00, 95.61, 68.53, 0, 0
2.00, 5.70, 27.95, 27.95, 5583.05, 20.00, 4.63, 26.67, 20.36, 0.00, 31.74, 0.00, 104.85, 79.71, 0, 0
2.00, 5.70, 27.80, 27.80, 5233.87, 20.00, 4.63, 25.00, 18.74, 0.00, 13.20, 0.00, 0.00, 90.00, 0, 0
2.00, 5.70, 27.66, 27.66, 4991.19, 20.00, 4.63, 23.89, 17.61, 0.00, 0.00, 0.00, 0.00, 90.00, 0, 0
2.00, 5.70, 27.52, 27.52, 4748.25, 20.00, 4.63, 22.22, 16.00, 0.00, 0.00, 0.00, 0.00, 90.00, 0, 0
2.00, 5.70, 27.38, 27.38, 4503.54, 20.00, 4.63, 20.56, 14.23, 0.00, 0.00, 0.00, 0.00, 90.00, 0, 0
2.00, 5.70, 27.24, 27.24, 4253.96, 20.00, 4.63, 18.89, 12.63, 0.00, 0.00, 0.00, 0.00, 90.00, 0, 0
2.00, 5.70, 27.10, 27.10, 4036.35, 20.00, 4.63, 17.78, 11.51, 0.00, 0.00, 0.00, 0.00, 90.00, 0, 0
2.00, 5.70, 26.96, 26.96, 3819.80, 20.00, 4.63, 16.67, 10.40, 0.00, 0.00, 0.00, 0.00, 90.00, 0, 0
2.00, 5.70, 26.80, 26.80, 3562.50, 20.00, 4.63, 15.00, 8.81, 0.00, 0.00, 0.00, 0.00, 90.00, 0, 0
2.00, 5.70, 26.65, 26.65, 3331.77, 20.00, 4.63, 13.89, 7.70, 0.00, 0.00, 0.00, 0.00, 90.00, 0, 0
2.00, 5.70, 25.00, 25.00, 1190.53, 20.00, 4.63, 12.78, 6.45, 0.00, 0.00, 0.00, 0.00, 90.00, 0, 0
2.00, 5.70, 24.92, 24.92, 1104.02, 20.00, 4.63, 12.78, 6.45, 0.00, 15.08, 0.00, -111.87, 88.16, 0, 0
2.00, 5.70, 25.00, 25.00, 2762.64, 20.00, 4.63, 14.44, 8.18, 291.45, 40.11, 17.73, -102.49, 77.31, 0, 0
2.00, 5.70, 25.00, 25.00, 3245.29, 20.00, 4.63, 16.11, 9.92, 434.65, 82.99, 24.15, -93.19, 66.05, 0, 0
2.00, 5.70, 25.00, 25.00, 3498.23, 20.00, 4.63, 18.89, 12.47, 547.01, 113.37, 35.88, -83.18, 54.69, 0, 0
2.00, 5.70, 25.00, 25.00, 3502.95, 20.00, 4.63, 21.11, 14.71, 521.07, 135.08, 49.24, -71.18, 43.61, 0, 0
2.00, 5.70, 25.00, 25.00, 4035.60, 20.00, 4.63, 23.33, 16.96, 398.35, 150.31, 63.19, -54.88, 33.46, 0, 0
2.00, 5.70, 25.00, 25.00, 4420.50, 20.00, 4.63, 25.00, 18.57, 196.31, 162.92, 77.39, -30.23, 25.70, 0, 0
2.00, 5.70, 26.11, 26.11, 4811.86, 20.00, 4.63, 26.11, 19.53, 0.00, 161.12, 0.00, 4.27, 23.08, 0, 0
2.00, 5.70, 26.86, 26.86, 5422.62, 20.00, 4.63, 27.22, 20.67, 0.00, 152.92, 0.00, 36.98, 27.17, 0, 0
2.00, 5.70, 27.32, 27.32, 5703.30, 20.00, 4.63, 27.78, 21.14, 0.00, 150.64, 0.00, 59.26, 35.70, 0, 0
2.00, 5.70, 27.57, 27.57, 5723.78, 20.00, 4.63, 27.78, 21.14, 0.00, 132.02, 0.00, 74.26, 46.15, 0, 0
2.00, 5.70, 27.66, 27.66, 5571.25, 20.00, 4.63, 27.22, 20.67, 0.00, 105.45, 0.00, 85.64, 57.34, 0, 0
2.00, 5.70, 27.61, 27.61, 5245.60, 20.00, 4.63, 25.56, 19.05, 0.00, 73.55, 0.00, 95.40, 68.70, 0, 0
2.00, 5.70, 27.46, 27.46, 4838.01, 20.00, 4.63, 23.89, 17.44, 0.00, 24.65, 0.00, 104.65, 79.89, 0, 0
2.00, 5.70, 27.29, 27.29, 4497.61, 20.00, 4.63, 22.22, 15.84, 0.00, 1.89, 0.00, 0.00, 90.00, 0, 0
2.00, 5.70, 27.14, 27.14, 4269.85, 20.00, 4.63, 21.11, 14.54, 0.00, 0.00, 0.00, 0.00, 90.00, 0, 0
2.00, 5.70, 26.99, 26.99, 4021.43, 20.00, 4.63, 19.44, 12.95, 0.00, 0.00, 0.00, 0.00, 90.00, 0, 0
2.00, 5.70, 26.83, 26.83, 3770.05, 20.00, 4.63, 17.78, 11.36, 0.00, 0.00, 0.00, 0.00, 90.00, 0, 0
2.00, 5.70, 26.69, 26.69, 3551.46, 20.00, 4.63, 16.67, 10.08, 0.00, 0.00, 0.00, 0.00, 90.00, 0, 0
2.00, 5.70, 26.53, 26.53, 3295.51, 20.00, 4.63, 15.00, 8.50, 0.00, 0.00, 0.00, 0.00, 90.00, 0, 0
2.00, 5.70, 26.38, 26.38, 3067.97, 20.00, 4.63, 13.89, 7.39, 0.00, 0.00, 0.00, 0.00, 90.00, 0, 0
2.00, 5.70, 26.21, 26.21, 2800.12, 20.00, 4.63, 12.22, 5.82, 0.00, 0.00, 0.00, 0.00, 90.00, 0, 0
2.00, 5.70, 26.04, 26.04, 2559.18, 20.00, 4.63, 11.11, 4.56, 0.00, 0.00, 0.00, 0.00, 90.00, 0, 0
2.00, 5.70, 25.00, 25.00, 510.07, 20.00, 4.63, 10.00, 3.47, 0.00, 0.00, 0.00, 0.00, 90.00, 0, 0
2.00, 5.70, 24.57, 24.57, 197.90, 20.00, 4.63, 10.00, 3.47, 0.00, 13.20, 0.00, -111.66, 88.33, 0, 0
2.00, 5.70, 24.89, 24.89, 1917.34, 20.00, 4.63, 11.67, 5.19, 276.84, 42.22, 17.47, -102.26, 77.46, 0, 0
2.00, 5.70, 25.00, 25.00, 2829.18, 20.00, 4.63, 13.89, 7.39, 501.56, 80.33, 23.97, -92.95, 66.20, 0, 0
2.00, 5.70, 25.00, 25.00, 2950.24, 20.00, 4.63, 16.11, 9.61, 634.76, 102.27, 35.77, -82.91, 54.85, 0, 0
2.00, 5.70, 25.00, 25.00, 2842.54, 20.00, 4.63, 18.33, 11.83, 513.45, 134.75, 49.18, -70.87, 43.78, 0, 0
2.00, 5.70, 25.00, 25.00, 3353.93, 20.00, 4.63, 20.56, 13.89, 348.90, 166.65, 63.16, -54.54, 33.66, 0, 0
2.00, 5.70, 25.00, 25.00, 3705.47, 20.00, 4.63, 22.22, 15.48, 160.55, 186.16, 77.38, -29.96, 25.94, 0, 0
2.00, 5.70, 25.86, 25.86, 4170.71, 20.00, 4.63, 23.33, 16.60, 0.00, 195.55, 0.00, 4.26, 23.35, 0, 0
2.00, 5.70, 26.41, 26.41, 4599.16, 20.00, 4.63, 23.89, 17.07, 0.00, 193.72, 0.00, 36.72, 27.42, 0, 0
2.00, 5.70, 26.78, 26.78, 4867.81, 20.00, 4.63, 24.44, 17.53, 0.00, 164.73, 0.00, 58.96, 35.90, 0, 0
2.00, 5.70, 26.99, 26.99, 4928.30, 20.00, 4.63, 24.44, 17.53, 0.00, 134.76, 0.00, 73.99, 46.33, 0, 0
2.00, 5.70, 27.07, 27.07, 4824.82, 20.00, 4.63, 23.89, 17.07, 0.00, 95.93, 0.00, 85.40, 57.52, 0, 0
2.00, 5.70, 27.03, 27.03, 4552.16, 20.00, 4.63, 22.78, 15.94, 0.00, 64.98, 0.00, 95.18, 68.88, 0, 0
2.00, 5.70, 26.90, 26.90, 4180.14, 20.00, 4.63, 21.67, 14.81, 0.00, 32.19, 0.00, 104.45, 80.07, 0, 0
2.00, 5.70, 26.72, 26.72, 3808.15, 20.00, 4.63, 20.00, 13.23, 0.00, 9.43, 0.00, 0.00, 90.00, 0, 0
2.00, 5.70, 26.54, 26.54, 3515.01, 20.00, 4.63, 18.33, 11.65, 0.00, 0.00, 0.00, 0.00, 90.00, 0, 0
2.00, 5.70, 26.36, 26.36, 3245.10, 20.00, 4.63, 16.67, 9.89, 0.00, 0.00, 0.00, 0.00, 90.00, 0, 0
2.00, 5.70, 26.19, 26.19, 2976.17, 20.00, 4.63, 15.00, 8.33, 0.00, 0.00, 0.00, 0.00, 90.00, 0, 0
2.00, 5.70, 26.01, 26.01, 2703.68, 20.00, 4.63, 13.33, 6.58, 0.00, 0.00, 0.00, 0.00, 90.00, 0, 0
2.00, 5.70, 25.83, 25.83, 2425.33, 20.00, 4.63, 11.67, 5.03, 0.00, 0.00, 0.00, 0.00, 90.00, 0, 0
2.00, 5.70, 25.65, 25.65, 2178.79, 20.00, 4.63, 10.56, 3.93, 0.00, 0.00, 0.00, 0.00, 90.00, 0, 0
2.00, 5.70, 25.48, 25.48, 1932.95, 20.00, 4.63, 9.44, 2.67, 0.00, 0.00, 0.00, 0.00, 90.00, 0, 0
2.00, 5.70, 25.30, 25.30, 1685.49, 20.00, 4.63, 8.33, 1.59, 0.00, 0.00, 0.00, 0.00, 90.00, 0, 0
2.00, 5.70, 24.35, 24.35, -660.13, 20.00, 4.63, 6.67, 0.05, 0.00, 0.00, 0.00, 0.00, 90.00, 0, 0
2.00, 5.70, 23.73, 23.73, -1166.33, 20.00, 4.63, 6.67, -0.11, 0.00, 5.66, 0.00, -111.45, 88.51, 0, 0
2.00, 5.70, 23.84, 23.84, 172.47, 20.00, 4.63, 8.33, 1.59, 223.00, 41.12, 17.20, -102.04, 77.62, 0, 0
2.00, 5.70, 24.31, 24.31, 1564.26, 20.00, 4.63, 11.11, 4.39, 490.71, 75.97, 23.79, -92.70, 66.35, 0, 0
2.00, 5.70, 24.56, 24.56, 1716.80, 20.00, 4.63, 13.89, 7.22, 448.50, 117.88, 35.67, -82.63, 55.00, 0, 0
2.00, 5.70, 24.74, 24.74, 1920.69, 20.00, 4.63, 16.11, 9.43, 404.64, 148.25, 49.12, -70.56, 43.95, 0, 0
2.00, 5.70, 25.00, 25.00, 2554.51, 20.00, 4.63, 18.33, 11.65, 267.98, 181.29, 63.14, -54.20, 33.86, 0, 0
2.00, 5.70, 25.00, 25.00, 2960.39, 20.00, 4.63, 20.00, 13.23, 124.06, 197.33, 77.38, -29.68, 26.19, 0, 0
2.00, 5.70, 25.51, 25.51, 3425.26, 20.00, 4.63, 21.11, 14.35, 0.00, 201.17, 0.00, 4.26, 23.62, 0, 0
2.00, 5.70, 25.87, 25.87, 3749.24, 20.00, 4.63, 22.22, 15.48, 0.00, 198.24, 0.00, 36.47, 27.67, 0, 0
2.00, 5.70, 26.11, 26.11, 3928.77, 20.00, 4.63, 22.78, 15.94, 0.00, 182.59, 0.00, 58.67, 36.11, 0, 0
2.00, 5.70, 26.20, 26.20, 3832.17, 20.00, 4.63, 22.22, 15.48, 0.00, 157.39, 0.00, 73.71, 46.52, 0, 0
2.00, 5.70, 26.20, 26.20, 3675.65, 20.00, 4.63, 21.67, 15.01, 0.00, 120.24, 0.00, 85.15, 57.70, 0, 0
2.00, 5.70, 26.14, 26.14, 3472.13, 20.00, 4.63, 20.56, 14.07, 0.00, 74.66, 0.00, 94.96, 69.06, 0, 0
2.00, 5.70, 26.02, 26.02, 3179.79, 20.00, 4.63, 19.44, 12.95, 0.00, 33.21, 0.00, 104.24, 80.26, 0, 0
2.00, 5.70, 25.86, 25.86, 2860.41, 20.00, 4.63, 18.33, 11.83, 0.00, 13.20, 0.00, 0.00, 90.00, 0, 0
2.00, 5.70, 25.70, 25.70, 2613.19, 20.00, 4.63, 17.22, 10.88, 0.00, 0.00, 0.00, 0.00, 90.00, 0, 0
2.00, 5.70, 25.56, 25.56, 2439.65, 20.00, 4.63, 16.67, 10.40, 0.00, 0.00, 0.00, 0.00, 90.00, 0, 0
2.00, 5.70, 25.44, 25.44, 2280.42, 20.00, 4.63, 16.11, 9.77, 0.00, 0.00, 0.00, 0.00, 90.00, 0, 0
2.00, 5.70, 25.33, 25.33, 2129.01, 20.00, 4.63, 15.56, 9.29, 0.00, 0.00, 0.00, 0.00, 90.00, 0, 0
2.00, 5.70, 25.22, 25.22, 1981.23, 20.00, 4.63, 15.00, 8.66, 0.00, 0.00, 0.00, 0.00, 90.00, 0, 0
2.00, 5.70, 25.10, 25.10, 1795.79, 20.00, 4.63, 13.89, 7.55, 0.00, 0.00, 0.00, 0.00, 90.00, 0, 0
2.00, 5.70, 24.98, 24.98, 1640.46, 20.00, 4.63, 13.33, 6.92, 0.00, 0.00, 0.00, 0.00, 90.00, 0, 0
2.00, 5.70, 24.87, 24.87, 1486.72, 20.00, 4.63, 12.78, 6.45, 0.00, 0.00, 0.00, 0.00, 90.00, 0, 0
2.00, 5.70, 24.72, 24.72, 1226.73, 20.00, 4.63, 12.22, 5.97, 0.00, 0.00, 0.00, 0.00, 90.00, 0, 0
2.00, 5.70, 24.61, 24.61, 1162.90, 20.00, 4.63, 12.22, 6.11, 0.00, 15.08, 0.00, -111.23, 88.68, 0, 0
2.00, 5.70, 25.00, 25.00, 3859.95, 20.00, 4.63, 14.44, 8.32, 510.04, 40.08, 16.92, -101.80, 77.78, 0, 0
2.00, 5.70, 25.00, 25.00, 3790.82, 20.00, 4.63, 16.67, 10.55, 601.78, 73.62, 23.49, -90.00, 66.51, 0, 0
2.00, 5.70, 25.00, 25.00, 3381.01, 20.00, 4.63, 18.89, 12.78, 651.79, 102.40, 35.57, -82.35, 55.16, 0, 0
2.00, 5.70, 25.00, 25.00, 2944.50, 20.00, 4.63, 21.11, 15.02, 512.56, 139.37, 49.07, -70.25, 44.12, 0, 0
2.00, 5.70, 25.00, 25.00, 3233.78, 20.00, 4.63, 23.33, 17.12, 400.88, 153.43, 63.11, -53.85, 34.06, 0, 0
2.00, 5.70, 25.00, 25.00, 3468.39, 20.00, 4.63, 25.00, 18.74, 213.66, 152.96, 77.38, -29.39, 26.43, 0, 0
2.00, 5.70, 25.72, 25.72, 4185.38, 20.00, 4.63, 26.11, 19.87, 0.00, 164.42, 0.00, 4.27, 23.90, 0, 0
2.00, 5.70, 26.19, 26.19, 4543.06, 20.00, 4.63, 27.22, 20.84, 0.00, 185.45, 0.00, 36.23, 27.92, 0, 0
2.00, 5.70, 26.50, 26.50, 4728.36, 20.00, 4.63, 27.22, 20.84, 0.00, 161.23, 0.00, 58.37, 36.33, 0, 0
2.00, 5.70, 26.67, 26.67, 4777.32, 20.00, 4.63, 27.22, 20.84, 0.00, 120.47, 0.00, 73.44, 46.72, 0, 0
2.00, 5.70, 26.72, 26.72, 4607.86, 20.00, 4.63, 26.67, 20.36, 0.00, 102.94, 0.00, 84.90, 57.88, 0, 0
2.00, 5.70, 26.63, 26.63, 4219.82, 20.00, 4.63, 25.56, 19.23, 0.00, 69.42, 0.00, 94.73, 69.24, 0, 0
2.00, 5.70, 26.47, 26.47, 3843.81, 20.00, 4.63, 23.89, 17.61, 0.00, 29.91, 0.00, 104.04, 80.45, 0, 0
2.00, 5.70, 26.30, 26.30, 3541.30, 20.00, 4.63, 22.22, 16.00, 0.00, 9.43, 0.00, 0.00, 90.00, 0, 0
2.00, 5.70, 26.15, 26.15, 3311.15, 20.00, 4.63, 21.11, 14.87, 0.00, 0.00, 0.00, 0.00, 90.00, 0, 0
2.00, 5.70, 26.00, 26.00, 3073.95, 20.00, 4.63, 19.44, 13.27, 0.00, 0.00, 0.00, 0.00, 90.00, 0, 0
2.00, 5.70, 25.86, 25.86, 2873.35, 20.00, 4.63, 18.33, 12.15, 0.00, 0.00, 0.00, 0.00, 90.00, 0, 0
2.00, 5.70, 25.73, 25.73, 2676.04, 20.00, 4.63, 17.22, 10.88, 0.00, 0.00, 0.00, 0.00, 90.00, 0, 0
2.00, 5.70, 25.60, 25.60, 2478.24, 20.00, 4.63, 16.11, 9.77, 0.00, 0.00, 0.00, 0.00, 90.00, 0, 0
2.00, 5.70, 25.47, 25.47, 2277.51, 20.00, 4.63, 15.00, 8.66, 0.00, 0.00, 0.00, 0.00, 90.00, 0, 0
2.00, 5.70, 25.33, 25.33, 2072.53, 20.00, 4.63, 13.89, 7.55, 0.00, 0.00, 0.00, 0.00, 90.00, 0, 0
2.00, 5.70, 25.19, 25.19, 1862.60, 20.00, 4.63, 12.78, 6.45, 0.00, 0.00, 0.00, 0.00, 90.00, 0, 0
2.00, 5.70, 24.55, 24.55, 391.78, 20.00, 4.63, 11.67, 5.35, 0.00, 0.00, 0.00, 0.00, 90.00, 0, 0
2.00, 5.70, 24.13, 24.13, 76.57, 20.00, 4.63, 11.67, 5.35, 0.00, 9.43, 0.00, -111.00, 88.86, 0, 0
2.00, 5.70, 24.23, 24.23, 1023.94, 20.00, 4.63, 12.78, 6.59, 154.14, 39.86, 16.64, -101.56, 77.95, 0, 0
2.00, 5.70, 24.59, 24.59, 2087.01, 20.00, 4.63, 15.00, 8.66, 330.21, 83.80, 23.33, -90.00, 66.67, 0, 0
2.00, 5.70, 25.00, 25.00, 2859.49, 20.00, 4.63, 17.22, 11.03, 578.09, 114.10, 35.47, -82.06, 55.32, 0, 0
2.00, 5.70, 25.00, 25.00, 2969.00, 20.00, 4.63, 20.00, 13.75, 542.07, 133.90, 49.02, -69.92, 44.29, 0, 0
2.00, 5.70, 25.00, 25.00, 3412.45, 20.00, 4.63, 21.67, 15.36, 372.62, 157.61, 63.09, -53.50, 34.26, 0, 0
2.00, 5.70, 25.00, 25.00, 3932.92, 20.00, 4.63, 23.89, 17.44, 192.95, 165.78, 77.38, -29.10, 26.69, 0, 0
2.00, 5.70, 25.69, 25.69, 4104.34, 20.00, 4.63, 25.00, 18.57, 0.00, 187.66, 0.00, 4.28, 24.19, 0, 0
2.00, 5.70, 26.15, 26.15, 4438.86, 20.00, 4.63, 26.11, 19.53, 0.00, 192.15, 0.00, 35.99, 28.18, 0, 0
2.00, 5.70, 26.44, 26.44, 4631.53, 20.00, 4.63, 26.11, 19.71, 0.00, 159.61, 0.00, 58.08, 36.56, 0, 0
2.00, 5.70, 26.61, 26.61, 4667.11, 20.00, 4.63, 26.11, 19.71, 0.00, 124.96, 0.00, 73.16, 46.92, 0, 0
2.00, 5.70, 26.64, 26.64, 4482.34, 20.00, 4.63, 25.56, 19.05, 0.00, 101.95, 0.00, 84.66, 58.07, 0, 0
2.00, 5.70, 26.56, 26.56, 4127.44, 20.00, 4.63, 24.44, 18.09, 0.00, 70.20, 0.00, 94.51, 69.43, 0, 0
2.00, 5.70, 26.40, 26.40, 3753.72, 20.00, 4.63, 22.78, 16.48, 0.00, 31.09, 0.00, 103.83, 80.65, 0, 0
2.00, 5.70, 26.24, 26.24, 3466.05, 20.00, 4.63, 21.67, 15.36, 0.00, 9.43, 0.00, 0.00, 90.00, 0, 0
2.00, 5.70, 26.07, 26.07, 3196.35, 20.00, 4.63, 20.00, 13.75, 0.00, 0.00, 0.00, 0.00, 90.00, 0, 0
2.00, 5.70, 25.93, 25.93, 2986.60, 20.00, 4.63, 18.89, 12.63, 0.00, 0.00, 0.00, 0.00, 90.00, 0, 0
2.00, 5.70, 25.78, 25.78, 2746.07, 20.00, 4.63, 17.22, 10.88, 0.00, 0.00, 0.00, 0.00, 90.00, 0, 0
2.00, 5.70, 25.64, 25.64, 2537.81, 20.00, 4.63, 16.11, 9.77, 0.00, 0.00, 0.00, 0.00, 90.00, 0, 0
2.00, 5.70, 25.50, 25.50, 2330.52, 20.00, 4.63, 15.00, 8.66, 0.00, 0.00, 0.00, 0.00, 90.00, 0, 0
2.00, 5.70, 25.36, 25.36, 2121.32, 20.00, 4.63, 13.89, 7.55, 0.00, 0.00, 0.00, 0.00, 90.00, 0, 0
2.00, 5.70, 25.22, 25.22, 1908.53, 20.00, 4.63, 12.78, 6.45, 0.00, 0.00, 0.00, 0.00, 90.00, 0, 0
2.00, 5.70, 25.07, 25.07, 1691.20, 20.00, 4.63, 11.67, 5.35, 0.00, 0.00, 0.00, 0.00, 90.00, 0, 0
2.00, 5.70, 24.37, 24.37, 54.83, 20.00, 4.63, 10.56, 4.25, 0.00, 0.00, 0.00, 0.00, 90.00, 0, 0
2.00, 5.70, 23.96, 23.96, -161.26, 20.00, 4.63, 11.11, 4.87, 0.00, 13.20, 0.00, -110.77, 89.03, 0, 0
2.00, 5.70, 23.79, 23.79, -54.22, 20.00, 4.63, 11.67, 5.49, 30.27, 34.48, 16.36, -101.32, 78.11, 0, 0
2.00, 5.70, 24.01, 24.01, 955.34, 20.00, 4.63, 13.33, 7.07, 208.80, 80.01, 23.18, -90.00, 66.82, 0, 0
2.00, 5.70, 24.16, 24.16, 1136.27, 20.00, 4.63, 15.00, 8.81, 159.49, 127.80, 35.37, -81.77, 55.48, 0, 0
2.00, 5.70, 24.32, 24.32, 1484.53, 20.00, 4.63, 16.67, 10.40, 136.69, 173.14, 48.96, -69.59, 44.47, 0, 0
2.00, 5.70, 24.52, 24.52, 1894.94, 20.00, 4.63, 17.78, 11.51, 100.00, 203.64, 63.07, -53.15, 34.47, 0, 0
2.00, 5.70, 24.74, 24.74, 2307.76, 20.00, 4.63, 18.89, 12.63, 55.79, 220.50, 77.39, -28.81, 26.95, 0, 0
2.00, 5.70, 25.16, 25.16, 2995.22, 20.00, 4.63, 20.56, 14.23, 0.00, 218.76, 0.00, 4.30, 24.48, 0, 0
2.00, 5.70, 25.52, 25.52, 3462.01, 20.00, 4.63, 21.67, 15.36, 0.00, 200.39, 0.00, 35.75, 28.45, 0, 0
2.00, 5.70, 25.74, 25.74, 3592.33, 20.00, 4.63, 22.22, 15.84, 0.00, 184.34, 0.00, 57.79, 36.79, 0, 0
2.00, 5.70, 25.80, 25.80, 3415.76, 20.00, 4.63, 22.22, 15.84, 0.00, 157.20, 0.00, 72.89, 47.13, 0, 0
2.00, 5.70, 25.73, 25.73, 3121.00, 20.00, 4.63, 21.11, 14.87, 0.00, 114.43, 0.00, 84.41, 58.27, 0, 0
2.00, 5.70, 25.62, 25.62, 2836.11, 20.00, 4.63, 20.00, 13.75, 0.00, 67.48, 0.00, 94.28, 69.63, 0, 0
2.00, 5.70, 25.48, 25.48, 2577.65, 20.00, 4.63, 18.89, 12.78, 0.00, 31.12, 0.00, 103.62, 80.85, 0, 0
2.00, 5.70, 25.34, 25.34, 2359.47, 20.00, 4.63, 18.33, 12.15, 0.00, 11.31, 0.00, 0.00, 90.00, 0, 0
2.00, 5.70, 25.20, 25.20, 2139.57, 20.00, 4.63, 17.22, 11.17, 0.00, 0.00, 0.00, 0.00, 90.00, 0, 0
2.00, 5.70, 25.08, 25.08, 1984.01, 20.00, 4.63, 16.67, 10.55, 0.00, 0.00, 0.00, 0.00, 90.00, 0, 0
2.00, 5.70, 24.97, 24.97, 1838.97, 20.00, 4.63, 16.11, 10.06, 0.00, 0.00, 0.00, 0.00, 90.00, 0, 0
2.00, 5.70, 24.86, 24.86, 1698.91, 20.00, 4.63, 15.56, 9.43, 0.00, 0.00, 0.00, 0.00, 90.00, 0, 0
2.00, 5.70, 24.76, 24.76, 1560.78, 20.00, 4.63, 15.00, 8.81, 0.00, 0.00, 0.00, 0.00, 90.00, 0, 0
2.00, 5.70, 24.66, 24.66, 1422.95, 20.00, 4.63, 14.44, 8.32, 0.00, 0.00, 0.00, 0.00, 90.00, 0, 0
2.00, 5.70, 24.56, 24.56, 1284.23, 20.00, 4.63, 13.89, 7.70, 0.00, 0.00, 0.00, 0.00, 90.00, 0, 0
2.00, 5.70, 24.45, 24.45, 1144.25, 20.00, 4.63, 13.33, 7.22, 0.00, 0.00, 0.00, 0.00, 90.00, 0, 0
2.00, 5.70, 23.95, 23.95, -39.44, 20.00, 4.63, 12.78, 6.73, 0.00, 0.00, 0.00, 0.00, 90.00, 0, 0
2.00, 5.70, 23.66, 23.66, -155.53, 20.00, 4.63, 13.33, 7.35, 0.00, 9.43, 0.00, -110.54, 89.21, 0, 0
2.00, 5.70, 23.72, 23.72, 507.92, 20.00, 4.63, 14.44, 8.46, 87.91, 41.67, 16.07, -101.07, 78.28, 0, 0
2.00, 5.70, 23.93, 23.93, 1102.99, 20.00, 4.63, 16.11, 10.06, 145.17, 86.24, 23.02, -90.00, 66.98, 0, 0
2.00, 5.70, 24.28, 24.28, 1931.33, 20.00, 4.63, 17.78, 11.80, 357.98, 122.09, 35.27, -81.47, 55.64, 0, 0
2.00, 5.70, 24.56, 24.56, 2324.23, 20.00, 4.63, 20.00, 13.90, 387.66, 151.48, 48.92, -69.26, 44.64, 0, 0
2.00, 5.70, 24.95, 24.95, 3113.67, 20.00, 4.63, 22.22, 16.15, 297.32, 178.63, 63.06, -52.78, 34.68, 0, 0
2.00, 5.70, 25.00, 25.00, 3541.88, 20.00, 4.63, 23.89, 17.77, 124.60, 203.85, 77.40, -28.51, 27.21, 0, 0
2.00, 5.70, 25.40, 25.40, 3533.12, 20.00, 4.63, 25.00, 18.74, 0.00, 208.45, 0.00, 4.32, 24.77, 0, 0
2.00, 5.70, 25.73, 25.73, 3926.42, 20.00, 4.63, 26.11, 19.87, 0.00, 189.55, 0.00, 35.52, 28.72, 0, 0
2.00, 5.70, 25.96, 25.96, 4117.89, 20.00, 4.63, 26.67, 20.36, 0.00, 163.92, 0.00, 57.49, 37.02, 0, 0
2.00, 5.70, 26.08, 26.08, 4083.12, 20.00, 4.63, 26.67, 20.36, 0.00, 140.87, 0.00, 72.61, 47.34, 0, 0
2.00, 5.70, 26.06, 26.06, 3826.99, 20.00, 4.63, 26.11, 19.87, 0.00, 114.74, 0.00, 84.16, 58.47, 0, 0
2.00, 5.70, 25.95, 25.95, 3484.33, 20.00, 4.63, 25.00, 18.74, 0.00, 69.70, 0.00, 94.05, 69.83, 0, 0
2.00, 5.70, 25.80, 25.80, 3168.29, 20.00, 4.63, 23.33, 17.12, 0.00, 29.31, 0.00, 103.41, 81.06, 0, 0
2.00, 5.70, 25.66, 25.66, 2921.49, 20.00, 4.63, 22.22, 16.00, 0.00, 7.54, 0.00, 0.00, 90.00, 0, 0
2.00, 5.70, 25.52, 25.52, 2717.53, 20.00, 4.63, 21.11, 14.87, 0.00, 0.00, 0.00, 0.00, 90.00, 0, 0
2.00, 5.70, 25.39, 25.39, 2498.92, 20.00, 4.63, 19.44, 13.27, 0.00, 0.00, 0.00, 0.00, 90.00, 0, 0
2.00, 5.70, 25.26, 25.26, 2313.99, 20.00, 4.63, 18.33, 12.15, 0.00, 0.00, 0.00, 0.00, 90.00, 0, 0
2.00, 5.70, 25.14, 25.14, 2130.45, 20.00, 4.63, 17.22, 10.88, 0.00, 0.00, 0.00, 0.00, 90.00, 0, 0
2.00, 5.70, 25.00, 25.00, 1906.09, 20.00, 4.63, 15.56, 9.29, 0.00, 0.00, 0.00, 0.00, 90.00, 0, 0
2.00, 5.70, 24.87, 24.87, 1707.72, 20.00, 4.63, 14.44, 8.18, 0.00, 0.00, 0.00, 0.00, 90.00, 0, 0
2.00, 5.70, 24.72, 24.72, 1467.31, 20.00, 4.63, 12.78, 6.59, 0.00, 0.00, 0.00, 0.00, 90.00, 0, 0
2.00, 5.70, 24.57, 24.57, 1252.47, 20.00, 4.63, 11.67, 5.35, 0.00, 0.00, 0.00, 0.00, 90.00, 0, 0
2.00, 5.70, 23.86, 23.86, -490.41, 20.00, 4.63, 10.00, 3.77, 0.00, 0.00, 0.00, 0.00, 90.00, 0, 0
2.00, 5.70, 23.44, 23.44, -707.79, 20.00, 4.63, 10.56, 4.25, 0.00, 15.08, 0.00, -110.30, 89.39, 0, 0
2.00, 5.70, 23.91, 23.91, 1424.35, 20.00, 4.63, 11.67, 5.49, 367.32, 37.40, 15.78, -100.82, 78.44, 0, 0
2.00, 5.70, 24.42, 24.42, 2361.28, 20.00, 4.63, 13.89, 7.70, 546.50, 75.92, 22.86, -90.00, 67.14, 0, 0
2.00, 5.70, 24.79, 24.79, 2803.00, 20.00, 4.63, 16.67, 10.40, 683.26, 102.06, 35.18, -81.17, 55.81, 0, 0
2.00, 5.70, 24.95, 24.95, 2759.14, 20.00, 4.63, 18.89, 12.63, 639.08, 121.24, 48.87, -68.92, 44.82, 0, 0
2.00, 5.70, 25.00, 25.00, 3329.98, 20.00, 4.63, 21.11, 14.71, 420.45, 146.01, 63.04, -52.42, 34.89, 0, 0
2.00, 5.70, 25.00, 25.00, 3617.76, 20.00, 4.63, 22.22, 15.84, 188.47, 167.44, 77.41, -28.21, 27.47, 0, 0
2.00, 5.70, 25.54, 25.54, 3913.84, 20.00, 4.63, 23.89, 17.44, 0.00, 170.78, 0.00, 4.35, 25.07, 0, 0
2.00, 5.70, 25.91, 25.91, 4225.47, 20.00, 4.63, 24.44, 18.09, 0.00, 159.48, 0.00, 35.29, 29.00, 0, 0
2.00, 5.70, 26.15, 26.15, 4383.77, 20.00, 4.63, 25.00, 18.57, 0.00, 146.40, 0.00, 57.20, 37.26, 0, 0
2.00, 5.70, 26.23, 26.23, 4228.60, 20.00, 4.63, 24.44, 18.09, 0.00, 140.47, 0.00, 72.33, 47.56, 0, 0
2.00, 5.70, 26.22, 26.22, 4016.85, 20.00, 4.63, 23.89, 17.61, 0.00, 101.85, 0.00, 83.90, 58.68, 0, 0
2.00, 5.70, 26.12, 26.12, 3723.20, 20.00, 4.63, 22.78, 16.48, 0.00, 61.76, 0.00, 93.82, 70.04, 0, 0
2.00, 5.70, 25.96, 25.96, 3325.66, 20.00, 4.63, 21.11, 14.87, 0.00, 26.36, 0.00, 103.20, 81.28, 0, 0
2.00, 5.70, 25.78, 25.78, 3002.76, 20.00, 4.63, 20.00, 13.75, 0.00, 7.54, 0.00, 0.00, 90.00, 0, 0
2.00, 5.70, 25.62, 25.62, 2759.16, 20.00, 4.63, 18.89, 12.78, 0.00, 0.00, 0.00, 0.00, 90.00, 0, 0
2.00, 5.70, 25.47, 25.47, 2543.99, 20.00, 4.63, 17.78, 11.66, 0.00, 0.00, 0.00, 0.00, 90.00, 0, 0
2.00, 5.70, 25.34, 25.34, 2375.06, 20.00, 4.63, 17.22, 11.03, 0.00, 0.00, 0.00, 0.00, 90.00, 0, 0
2.00, 5.70, 25.21, 25.21, 2178.50, 20.00, 4.63, 16.11, 10.06, 0.00, 0.00, 0.00, 0.00, 90.00, 0, 0
2.00, 5.70, 25.10, 25.10, 2017.76, 20.00, 4.63, 15.56, 9.43, 0.00, 0.00, 0.00, 0.00, 90.00, 0, 0
2.00, 5.70, 24.98, 24.98, 1862.01, 20.00, 4.63, 15.00, 8.81, 0.00, 0.00, 0.00, 0.00, 90.00, 0, 0
2.00, 5.70, 24.88, 24.88, 1708.73, 20.00, 4.63, 14.44, 8.32, 0.00, 0.00, 0.00, 0.00, 90.00, 0, 0
2.00, 5.70, 24.78, 24.78, 1595.28, 20.00, 4.63, 14.44, 8.32, 0.00, 0.00, 0.00, 0.00, 90.00, 0, 0
2.00, 5.70, 24.32, 24.32, 573.72, 20.00, 4.63, 13.89, 7.70, 0.00, 0.00, 0.00, 0.00, 90.00, 0, 0
2.00, 5.70, 24.07, 24.07, 496.97, 20.00, 4.63, 14.44, 8.32, 0.00, 16.97, 0.00, -110.05, 89.57, 0, 0
2.00, 5.70, 24.49, 24.49, 2219.40, 20.00, 4.63, 15.56, 9.57, 276.65, 39.69, 15.48, -100.56, 78.61, 0, 0
2.00, 5.70, 24.80, 24.80, 2590.22, 20.00, 4.63, 17.22, 11.31, 311.41, 80.44, 22.69, -90.00, 67.31, 0, 0
2.00, 5.70, 25.00, 25.00, 3044.06, 20.00, 4.63, 19.44, 13.41, 418.15, 118.03, 35.09, -80.86, 55.97, 0, 0
2.00, 5.70, 25.00, 25.00, 3204.67, 20.00, 4.63, 21.67, 15.66, 452.72, 146.70, 48.83, -68.57, 45.01, 0, 0
2.00, 5.70, 25.00, 25.00, 3792.54, 20.00, 4.63, 23.89, 17.91, 361.96, 161.90, 63.03, -52.04, 35.11, 0, 0
2.00, 5.70, 25.00, 25.00, 4160.70, 20.00, 4.63, 25.56, 19.54, 158.04, 189.85, 77.42, -27.90, 27.74, 0, 0
2.00, 5.70, 25.63, 25.63, 4087.67, 20.00, 4.63, 26.67, 20.67, 0.00, 201.62, 0.00, 4.38, 25.37, 0, 0
2.00, 5.70, 26.01, 26.01, 4301.09, 20.00, 4.63, 27.22, 21.17, 0.00, 205.20, 0.00, 35.07, 29.28, 0, 0
2.00, 5.70, 26.23, 26.23, 4374.39, 20.00, 4.63, 27.22, 21.17, 0.00, 188.95, 0.00, 56.91, 37.51, 0, 0
2.00, 5.70, 26.37, 26.37, 4434.88, 20.00, 4.63, 27.22, 21.17, 0.00, 146.06, 0.00, 72.05, 47.78, 0, 0
2.00, 5.70, 26.40, 26.40, 4281.00, 20.00, 4.63, 26.67, 20.67, 0.00, 110.68, 0.00, 83.65, 58.89, 0, 0
2.00, 5.70, 26.36, 26.36, 4056.07, 20.00, 4.63, 25.56, 19.54, 0.00, 73.95, 0.00, 93.59, 70.25, 0, 0
2.00, 5.70, 26.24, 26.24, 3730.51, 20.00, 4.63, 23.89, 18.05, 0.00, 29.06, 0.00, 102.99, 81.50, 0, 0
2.00, 5.70, 26.09, 26.09, 3430.77, 20.00, 4.63, 22.78, 16.92, 0.00, 7.54, 0.00, 0.00, 90.00, 0, 0
2.00, 5.70, 25.97, 25.97, 3252.84, 20.00, 4.63, 22.22, 16.42, 0.00, 0.00, 0.00, 0.00, 90.00, 0, 0
2.00, 5.70, 25.87, 25.87, 3109.32, 20.00, 4.63, 21.67, 15.79, 0.00, 0.00, 0.00, 0.00, 90.00, 0, 0
2.00, 5.70, 25.76, 25.76, 2939.30, 20.00, 4.63, 20.56, 14.80, 0.00, 0.00, 0.00, 0.00, 90.00, 0, 0
2.00, 5.70, 25.66, 25.66, 2766.34, 20.00, 4.63, 19.44, 13.67, 0.00, 0.00, 0.00, 0.00, 90.00, 0, 0
2.00, 5.70, 25.56, 25.56, 2628.05, 20.00, 4.63, 18.89, 13.05, 0.00, 0.00, 0.00, 0.00, 90.00, 0, 0
2.00, 5.70, 25.47, 25.47, 2494.08, 20.00, 4.63, 18.33, 12.55, 0.00, 0.00, 0.00, 0.00, 90.00, 0, 0
2.00, 5.70, 25.38, 25.38, 2361.61, 20.00, 4.63, 17.78, 11.93, 0.00, 0.00, 0.00, 0.00, 90.00, 0, 0
2.00, 5.70, 25.29, 25.29, 2229.28, 20.00, 4.63, 17.22, 11.43, 0.00, 0.00, 0.00, 0.00, 90.00, 0, 0
2.00, 5.70, 24.92, 24.92, 1531.15, 20.00, 4.63, 16.67, 10.94, 0.00, 0.00, 0.00, 0.00, 90.00, 0, 0
2.00, 5.70, 24.74, 24.74, 1519.22, 20.00, 4.63, 17.22, 11.56, 0.00, 13.20, 0.00, -109.80, 89.75, 0, 0
2.00, 5.70, 25.00, 25.00, 4563.16, 20.00, 4.63, 18.89, 13.17, 544.96, 37.75, 15.18, -100.29, 78.78, 0, 0
2.00, 5.70, 25.00, 25.00, 4095.29, 20.00, 4.63, 21.11, 15.42, 425.41, 80.07, 22.53, -90.00, 67.47, 0, 0
2.00, 5.70, 25.00, 25.00, 3678.60, 20.00, 4.63, 22.78, 17.05, 263.56, 129.59, 35.00, -80.55, 56.14, 0, 0
2.00, 5.70, 25.00, 25.00, 3793.10, 20.00, 4.63, 24.44, 18.68, 266.03, 167.76, 48.79, -68.22, 45.19, 0, 0
2.00, 5.70, 25.00, 25.00, 4112.90, 20.00, 4.63, 26.11, 20.31, 150.26, 197.52, 63.02, -51.67, 35.33, 0, 0
2.00, 5.70, 25.00, 25.00, 4360.43, 20.00, 4.63, 27.22, 21.45, 65.88, 219.68, 77.43, -27.59, 28.01, 0, 0
2.00, 5.70, 25.67, 25.67, 4063.23, 20.00, 4.63, 27.78, 21.95, 0.00, 224.45, 0.00, 4.42, 25.68, 0, 0
2.00, 5.70, 26.14, 26.14, 4483.27, 20.00, 4.63, 28.33, 22.45, 0.00, 213.87, 0.00, 34.85, 29.57, 0, 0
2.00, 5.70, 26.52, 26.52, 4889.84, 20.00, 4.63, 28.89, 23.09, 0.00, 176.84, 0.00, 56.62, 37.77, 0, 0
2.00, 5.70, 26.74, 26.74, 4984.66, 20.00, 4.63, 29.44, 23.59, 0.00, 141.95, 0.00, 71.78, 48.01, 0, 0
2.00, 5.70, 26.83, 26.83, 4870.68, 20.00, 4.63, 28.89, 23.09, 0.00, 103.96, 0.00, 83.40, 59.11, 0, 0
2.00, 5.70, 26.81, 26.81, 4632.03, 20.00, 4.63, 27.78, 22.08, 0.00, 61.09, 0.00, 93.36, 70.47, 0, 0
2.00, 5.70, 26.72, 26.72, 4338.98, 20.00, 4.63, 26.67, 20.95, 0.00, 26.14, 0.00, 102.77, 81.72, 0, 0
2.00, 5.70, 26.60, 26.60, 4078.24, 20.00, 4.63, 25.56, 19.94, 0.00, 7.54, 0.00, 0.00, 90.00, 0, 0
2.00, 5.70, 26.49, 26.49, 3881.88, 20.00, 4.63, 24.44, 18.81, 0.00, 0.00, 0.00, 0.00, 90.00, 0, 0
2.00, 5.70, 26.38, 26.38, 3707.91, 20.00, 4.63, 23.33, 17.68, 0.00, 0.00, 0.00, 0.00, 90.00, 0, 0
2.00, 5.70, 26.28, 26.28, 3537.23, 20.00, 4.63, 22.22, 16.55, 0.00, 0.00, 0.00, 0.00, 90.00, 0, 0
2.00, 5.70, 26.18, 26.18, 3365.91, 20.00, 4.63, 21.11, 15.42, 0.00, 0.00, 0.00, 0.00, 90.00, 0, 0
2.00, 5.70, 26.09, 26.09, 3230.36, 20.00, 4.63, 20.56, 14.80, 0.00, 0.00, 0.00, 0.00, 90.00, 0, 0
2.00, 5.70, 25.99, 25.99, 3060.87, 20.00, 4.63, 19.44, 13.80, 0.00, 0.00, 0.00, 0.00, 90.00, 0, 0
2.00, 5.70, 25.90, 25.90, 2922.91, 20.00, 4.63, 18.89, 13.17, 0.00, 0.00, 0.00, 0.00, 90.00, 0, 0
2.00, 5.70, 25.81, 25.81, 2787.32, 20.00, 4.63, 18.33, 12.67, 0.00, 0.00, 0.00, 0.00, 90.00, 0, 0
2.00, 5.70, 25.00, 25.00, 2075.07, 20.00, 4.63, 17.22, 11.56, 0.00, 0.00, 0.00, 0.00, 90.00, 0, 0
2.00, 5.70, 25.00, 25.00, 2090.93, 20.00, 4.63, 17.78, 12.17, 0.00, 15.08, 0.00, -109.55, 89.93, 0, 0
2.00, 5.70, 25.00, 25.00, 4987.06, 20.00, 4.63, 19.44, 13.80, 597.57, 31.57, 14.88, -100.02, 78.95, 0, 0
2.00, 5.70, 25.00, 25.00, 5102.65, 20.00, 4.63, 21.67, 16.05, 767.23, 59.88, 22.37, -90.00, 67.63, 0, 0
2.00, 5.70, 25.00, 25.00, 4411.99, 20.00, 4.63, 23.89, 18.18, 775.99, 87.83, 34.92, -80.23, 56.31, 0, 0
2.00, 5.70, 25.00, 25.00, 3733.93, 20.00, 4.63, 25.56, 19.94, 607.32, 119.55, 48.75, -67.87, 45.38, 0, 0
2.00, 5.70, 25.00, 25.00, 3897.23, 20.00, 4.63, 27.78, 21.95, 370.72, 157.90, 63.02, -51.29, 35.56, 0, 0
2.00, 5.70, 25.00, 25.00, 4030.80, 20.00, 4.63, 28.89, 23.09, 169.95, 179.82, 77.45, -27.28, 28.29, 0, 0
2.00, 5.70, 26.00, 26.00, 4872.46, 20.00, 4.63, 30.00, 24.09, 0.00, 194.75, 0.00, 4.46, 26.00, 0, 0
2.00, 5.70, 26.68, 26.68, 5443.34, 20.00, 4.63, 31.11, 25.23, 0.00, 182.18, 0.00, 34.64, 29.87, 0, 0
2.00, 5.70, 27.10, 27.10, 5682.86, 20.00, 4.63, 31.11, 25.23, 0.00, 161.50, 0.00, 56.34, 38.03, 0, 0
2.00, 5.70, 27.33, 27.33, 5702.44, 20.00, 4.63, 31.11, 25.23, 0.00, 135.35, 0.00, 71.50, 48.25, 0, 0
2.00, 5.70, 27.42, 27.42, 5574.21, 20.00, 4.63, 30.56, 24.58, 0.00, 100.58, 0.00, 83.14, 59.34, 0, 0
2.00, 5.70, 27.40, 27.40, 5311.98, 20.00, 4.63, 29.44, 23.44, 0.00, 63.16, 0.00, 93.12, 70.69, 0, 0
2.00, 5.70, 27.31, 27.31, 5018.09, 20.00, 4.63, 28.33, 22.45, 0.00, 24.73, 0.00, 102.55, 81.95, 0, 0
2.00, 5.70, 27.18, 27.18, 4728.21, 20.00, 4.63, 26.67, 20.81, 0.00, 7.54, 0.00, 0.00, 90.00, 0, 0
2.00, 5.70, 27.06, 27.06, 4523.70, 20.00, 4.63, 25.56, 19.68, 0.00, 0.00, 0.00, 0.00, 90.00, 0, 0
2.00, 5.70, 26.96, 26.96, 4343.50, 20.00, 4.63, 24.44, 18.55, 0.00, 0.00, 0.00, 0.00, 90.00, 0, 0
2.00, 5.70, 26.85, 26.85, 4167.76, 20.00, 4.63, 23.33, 17.42, 0.00, 0.00, 0.00, 0.00, 90.00, 0, 0
2.00, 5.70, 26.75, 26.75, 3992.05, 20.00, 4.63, 22.22, 16.29, 0.00, 0.00, 0.00, 0.00, 90.00, 0, 0
2.00, 5.70, 26.64, 26.64, 3775.07, 20.00, 4.63, 20.56, 14.67, 0.00, 0.00, 0.00, 0.00, 90.00, 0, 0
2.00, 5.70, 26.52, 26.52, 3583.80, 20.00, 4.63, 19.44, 13.55, 0.00, 0.00, 0.00, 0.00, 90.00, 0, 0
2.00, 5.70, 26.39, 26.39, 3350.80, 20.00, 4.63, 17.78, 11.80, 0.00, 0.00, 0.00, 0.00, 90.00, 0, 0
2.00, 5.70, 26.24, 26.24, 3104.70, 20.00, 4.63, 16.11, 10.19, 0.00, 0.00, 0.00, 0.00, 90.00, 0, 0
2.00, 5.70, 25.00, 25.00, 1606.71, 20.00, 4.63, 15.00, 9.08, 0.00, 0.00, 0.00, 0.00, 90.00, 0, 0
2.00, 5.70, 24.89, 24.89, 1390.97, 20.00, 4.63, 14.44, 8.59, 0.00, 11.31, 0.00, 0.00, 90.00, 0, 0
2.00, 5.70, 25.00, 25.00, 3266.78, 20.00, 4.63, 16.11, 10.19, 320.58, 36.79, 14.57, -99.75, 79.12, 0, 0
2.00, 5.70, 25.00, 25.00, 3580.08, 20.00, 4.63, 17.78, 11.80, 408.90, 75.42, 22.20, -90.00, 67.80, 0, 0
2.00, 5.70, 25.00, 25.00, 3791.14, 20.00, 4.63, 20.00, 14.04, 530.78, 109.05, 34.84, -79.91, 56.48, 0, 0
2.00, 5.70, 25.00, 25.00, 3777.18, 20.00, 4.63, 22.22, 16.29, 545.29, 127.17, 48.72, -67.51, 45.57, 0, 0
2.00, 5.70, 25.00, 25.00, 4270.30, 20.00, 4.63, 24.44, 18.40, 406.54, 144.00, 63.01, -50.90, 35.78, 0, 0
2.00, 5.70, 25.00, 25.00, 4744.56, 20.00, 4.63, 26.67, 20.67, 198.40, 158.71, 77.47, -26.96, 28.57, 0, 0
2.00, 5.70, 26.04, 26.04, 4838.72, 20.00, 4.63, 27.78, 21.66, 0.00, 172.46, 0.00, 4.50, 26.31, 0, 0
2.00, 5.70, 26.70, 26.70, 5291.27, 20.00, 4.63, 28.33, 22.30, 0.00, 175.56, 0.00, 34.43, 30.17, 0, 0
2.00, 5.70, 27.12, 27.12, 5576.67, 20.00, 4.63, 28.89, 22.80, 0.00, 148.82, 0.00, 56.05, 38.29, 0, 0
2.00, 5.70, 27.38, 27.38, 5669.73, 20.00, 4.63, 28.89, 22.80, 0.00, 110.21, 0.00, 71.22, 48.49, 0, 0
2.00, 5.70, 27.48, 27.48, 5552.36, 20.00, 4.63, 28.33, 22.30, 0.00, 80.84, 0.00, 82.88, 59.57, 0, 0
2.00, 5.70, 27.45, 27.45, 5246.77, 20.00, 4.63, 27.22, 21.17, 0.00, 56.57, 0.00, 92.89, 70.92, 0, 0
2.00, 5.70, 27.32, 27.32, 4848.42, 20.00, 4.63, 25.56, 19.68, 0.00, 23.21, 0.00, 102.34, 82.18, 0, 0
2.00, 5.70, 27.17, 27.17, 4552.07, 20.00, 4.63, 24.44, 18.55, 0.00, 3.77, 0.00, 0.00, 90.00, 0, 0
2.00, 5.70, 27.03, 27.03, 4337.01, 20.00, 4.63, 23.33, 17.42, 0.00, 0.00, 0.00, 0.00, 90.00, 0, 0
2.00, 5.70, 26.91, 26.91, 4141.15, 20.00, 4.63, 22.22, 16.29, 0.00, 0.00, 0.00, 0.00, 90.00, 0, 0
2.00, 5.70, 26.79, 26.79, 3950.64, 20.00, 4.63, 21.11, 15.16, 0.00, 0.00, 0.00, 0.00, 90.00, 0, 0
2.00, 5.70, 26.68, 26.68, 3761.07, 20.00, 4.63, 20.00, 14.17, 0.00, 0.00, 0.00, 0.00, 90.00, 0, 0
2.00, 5.70, 26.56, 26.56, 3569.56, 20.00, 4.63, 18.89, 13.05, 0.00, 0.00, 0.00, 0.00, 90.00, 0, 0
2.00, 5.70, 26.45, 26.45, 3413.50, 20.00, 4.63, 18.33, 12.43, 0.00, 0.00, 0.00, 0.00, 90.00, 0, 0
2.00, 5.70, 26.35, 26.35, 3262.28, 20.00, 4.63, 17.78, 11.93, 0.00, 0.00, 0.00, 0.00, 90.00, 0, 0
2.00, 5.70, 26.25, 26.25, 3113.00, 20.00, 4.63, 17.22, 11.31, 0.00, 0.00, 0.00, 0.00, 90.00, 0, 0
2.00, 5.70, 25.00, 25.00, 1810.79, 20.00, 4.63, 16.67, 10.81, 0.00, 0.00, 0.00, 0.00, 90.00, 0, 0
2.00, 5.70, 25.00, 25.00, 1897.23, 20.00, 4.63, 17.22, 11.43, 0.00, 13.20, 0.00, 0.00, 90.00, 0, 0
2.00, 5.70, 25.00, 25.00, 4059.75, 20.00, 4.63, 18.33, 12.55, 412.75, 34.18, 14.26, -99.47, 79.29, 0, 0
2.00, 5.70, 25.00, 25.00, 4652.30, 20.00, 4.63, 20.56, 14.80, 587.75, 64.63, 22.04, -90.00, 67.96, 0, 0
2.00, 5.70, 25.00, 25.00, 4497.87, 20.00, 4.63, 22.78, 16.92, 634.95, 94.23, 34.76, -79.58, 56.65, 0, 0
2.00, 5.70, 25.00, 25.00, 4201.84, 20.00, 4.63, 24.44, 18.55, 531.04, 128.26, 48.69, -67.14, 45.76, 0, 0
2.00, 5.70, 25.00, 25.00, 4685.41, 20.00, 4.63, 26.67, 20.81, 397.94, 148.89, 63.01, -50.52, 36.01, 0, 0
2.00, 5.70, 25.00, 25.00, 5067.56, 20.00, 4.63, 28.33, 22.30, 197.35, 157.40, 77.50, -26.65, 28.86, 0, 0
2.00, 5.70, 26.14, 26.14, 5080.46, 20.00, 4.63, 29.44, 23.44, 0.00, 158.21, 0.00, 4.55, 26.64, 0, 0
2.00, 5.70, 26.88, 26.88, 5657.78, 20.00, 4.63, 30.56, 24.43, 0.00, 156.76, 0.00, 34.22, 30.48, 0, 0
2.00, 5.70, 27.36, 27.36, 5951.95, 20.00, 4.63, 31.11, 25.08, 0.00, 144.63, 0.00, 55.77, 38.56, 0, 0
2.00, 5.70, 27.65, 27.65, 6070.56, 20.00, 4.63, 31.11, 25.08, 0.00, 125.28, 0.00, 70.94, 48.74, 0, 0
2.00, 5.70, 27.76, 27.76, 5935.03, 20.00, 4.63, 30.56, 24.43, 0.00, 98.41, 0.00, 82.63, 59.80, 0, 0
2.00, 5.70, 27.74, 27.74, 5629.18, 20.00, 4.63, 29.44, 23.44, 0.00, 59.57, 0.00, 92.65, 71.15, 0, 0
2.00, 5.70, 27.62, 27.62, 5251.09, 20.00, 4.63, 27.78, 21.81, 0.00, 16.41, 0.00, 102.12, 82.42, 0, 0
2.00, 5.70, 27.48, 27.48, 4982.54, 20.00, 4.63, 26.67, 20.67, 0.00, 0.00, 0.00, 0.00, 90.00, 0, 0
2.00, 5.70, 27.37, 27.37, 4792.43, 20.00, 4.63, 25.56, 19.54, 0.00, 0.00, 0.00, 0.00, 90.00, 0, 0
2.00, 5.70, 27.26, 27.26, 4612.90, 20.00, 4.63, 24.44, 18.40, 0.00, 0.00, 0.00, 0.00, 90.00, 0, 0
2.00, 5.70, 27.16, 27.16, 4437.00, 20.00, 4.63, 23.33, 17.27, 0.00, 0.00, 0.00, 0.00, 90.00, 0, 0
2.00, 5.70, 27.06, 27.06, 4260.67, 20.00, 4.63, 22.22, 16.15, 0.00, 0.00, 0.00, 0.00, 90.00, 0, 0
2.00, 5.70, 26.94, 26.94, 4042.86, 20.00, 4.63, 20.56, 14.53, 0.00, 0.00, 0.00, 0.00, 90.00, 0, 0
2.00, 5.70, 26.83, 26.83, 3850.65, 20.00, 4.63, 19.44, 13.41, 0.00, 0.00, 0.00, 0.00, 90.00, 0, 0
2.00, 5.70, 26.69, 26.69, 3616.79, 20.00, 4.63, 17.78, 11.80, 0.00, 0.00, 0.00, 0.00, 90.00, 0, 0
2.00, 5.70, 26.56, 26.56, 3408.65, 20.00, 4.63, 16.67, 10.68, 0.00, 0.00, 0.00, 0.00, 90.00, 0, 0
2.00, 5.70, 25.00, 25.00, 1618.33, 20.00, 4.63, 15.00, 9.08, 0.00, 0.00, 0.00, 0.00, 90.00, 0, 0
2.00, 5.70, 25.00, 25.00, 1574.23, 20.00, 4.63, 15.00, 9.08, 0.00, 9.43, 0.00, 0.00, 90.00, 0, 0
2.00, 5.70, 25.00, 25.00, 4567.63, 20.00, 4.63, 16.67, 10.68, 566.39, 31.78, 13.95, -99.19, 79.46, 0, 0
2.00, 5.70, 25.00, 25.00, 5083.65, 20.00, 4.63, 18.89, 12.92, 761.17, 59.30, 21.87, -90.00, 68.13, 0, 0
2.00, 5.70, 25.00, 25.00, 4771.47, 20.00, 4.63, 21.67, 15.66, 793.75, 82.44, 34.69, -79.25, 56.82, 0, 0
2.00, 5.70, 25.00, 25.00, 4388.19, 20.00, 4.63, 23.89, 17.91, 681.35, 105.41, 48.66, -66.78, 45.95, 0, 0
2.00, 5.70, 25.00, 25.00, 4735.59, 20.00, 4.63, 25.56, 19.54, 479.48, 126.86, 63.02, -50.12, 36.24, 0, 0
2.00, 5.70, 25.00, 25.00, 5191.12, 20.00, 4.63, 27.78, 21.66, 230.32, 138.53, 77.53, -26.33, 29.15, 0, 0
2.00, 5.70, 26.25, 26.25, 5326.42, 20.00, 4.63, 28.89, 22.80, 0.00, 143.07, 0.00, 4.61, 26.96, 0, 0
2.00, 5.70, 27.04, 27.04, 5879.31, 20.00, 4.63, 29.44, 23.29, 0.00, 141.00, 0.00, 34.02, 30.79, 0, 0
2.00, 5.70, 27.53, 27.53, 6167.18, 20.00, 4.63, 30.00, 23.78, 0.00, 131.33, 0.00, 55.49, 38.84, 0, 0
2.00, 5.70, 27.80, 27.80, 6195.50, 20.00, 4.63, 30.00, 23.78, 0.00, 120.17, 0.00, 70.66, 48.99, 0, 0
2.00, 5.70, 27.89, 27.89, 5993.96, 20.00, 4.63, 28.89, 22.80, 0.00, 99.33, 0.00, 82.37, 60.04, 0, 0
2.00, 5.70, 27.83, 27.83, 5637.96, 20.00, 4.63, 27.78, 21.66, 0.00, 62.85, 0.00, 90.00, 71.39, 0, 0
2.00, 5.70, 27.69, 27.69, 5261.53, 20.00, 4.63, 26.11, 20.03, 0.00, 23.76, 0.00, 101.89, 82.66, 0, 0
2.00, 5.70, 27.56, 27.56, 4997.41, 20.00, 4.63, 25.00, 18.90, 0.00, 3.77, 0.00, 0.00, 90.00, 0, 0
2.00, 5.70, 27.43, 27.43, 4785.60, 20.00, 4.63, 23.89, 17.91, 0.00, 0.00, 0.00, 0.00, 90.00, 0, 0
2.00, 5.70, 27.31, 27.31, 4590.65, 20.00, 4.63, 22.78, 16.78, 0.00, 0.00, 0.00, 0.00, 90.00, 0, 0
2.00, 5.70, 27.20, 27.20, 4399.45, 20.00, 4.63, 21.67, 15.66, 0.00, 0.00, 0.00, 0.00, 90.00, 0, 0
2.00, 5.70, 27.09, 27.09, 4207.96, 20.00, 4.63, 20.56, 14.53, 0.00, 0.00, 0.00, 0.00, 90.00, 0, 0
2.00, 5.70, 26.97, 26.97, 4013.90, 20.00, 4.63, 19.44, 13.41, 0.00, 0.00, 0.00, 0.00, 90.00, 0, 0
2.00, 5.70, 26.86, 26.86, 3854.80, 20.00, 4.63, 18.89, 12.78, 0.00, 0.00, 0.00, 0.00, 90.00, 0, 0
2.00, 5.70, 26.75, 26.75, 3661.42, 20.00, 4.63, 17.78, 11.80, 0.00, 0.00, 0.00, 0.00, 90.00, 0, 0
2.00, 5.70, 26.63, 26.63, 3460.78, 20.00, 4.63, 16.67, 10.68, 0.00, 0.00, 0.00, 0.00, 90.00, 0, 0
2.00, 5.70, 25.00, 25.00, 1820.22, 20.00, 4.63, 16.11, 10.06, 0.00, 0.00, 0.00, 0.00, 90.00, 0, 0
2.00, 5.70, 25.00, 25.00, 1783.37, 20.00, 4.63, 16.11, 10.19, 0.00, 1.89, 0.00, 0.00, 90.00, 0, 0
2.00, 5.70, 25.00, 25.00, 2383.12, 20.00, 4.63, 16.67, 10.81, 101.17, 32.17, 13.63, -98.90, 79.63, 0, 0
2.00, 5.70, 25.00, 25.00, 3475.27, 20.00, 4.63, 18.89, 13.05, 325.35, 75.17, 21.70, -90.00, 68.30, 0, 0
2.00, 5.70, 25.00, 25.00, 3624.81, 20.00, 4.63, 21.11, 15.16, 358.27, 117.81, 34.61, -78.91, 57.00, 0, 0
2.00, 5.70, 25.00, 25.00, 3651.79, 20.00, 4.63, 22.78, 16.92, 335.62, 153.15, 48.64, -66.40, 46.15, 0, 0
2.00, 5.70, 25.00, 25.00, 3970.28, 20.00, 4.63, 24.44, 18.55, 203.20, 188.62, 63.02, -49.73, 36.48, 0, 0
2.00, 5.70, 25.00, 25.00, 4374.22, 20.00, 4.63, 26.11, 20.18, 113.53, 205.59, 77.55, -26.01, 29.44, 0, 0
2.00, 5.70, 26.05, 26.05, 4706.06, 20.00, 4.63, 27.78, 21.81, 0.00, 196.09, 0.00, 4.67, 27.29, 0, 0
2.00, 5.70, 26.73, 26.73, 5184.09, 20.00, 4.63, 28.33, 22.30, 0.00, 188.85, 0.00, 33.82, 31.10, 0, 0
2.00, 5.70, 27.12, 27.12, 5357.86, 20.00, 4.63, 28.89, 22.95, 0.00, 181.96, 0.00, 55.21, 39.12, 0, 0
2.00, 5.70, 27.36, 27.36, 5455.43, 20.00, 4.63, 28.89, 22.95, 0.00, 138.96, 0.00, 70.39, 49.25, 0, 0
2.00, 5.70, 27.46, 27.46, 5386.38, 20.00, 4.63, 28.33, 22.45, 0.00, 98.32, 0.00, 82.11, 60.29, 0, 0
2.00, 5.70, 27.45, 27.45, 5139.97, 20.00, 4.63, 27.22, 21.31, 0.00, 60.96, 0.00, 90.00, 71.63, 0, 0
2.00, 5.70, 27.36, 27.36, 4844.74, 20.00, 4.63, 26.11, 20.31, 0.00, 24.69, 0.00, 101.67, 82.91, 0, 0
2.00, 5.70, 27.24, 27.24, 4587.31, 20.00, 4.63, 25.00, 19.18, 0.00, 5.66, 0.00, 0.00, 90.00, 0, 0
2.00, 5.70, 27.13, 27.13, 4392.11, 20.00, 4.63, 23.89, 18.18, 0.00, 0.00, 0.00, 0.00, 90.00, 0, 0
2.00, 5.70, 27.03, 27.03, 4252.75, 20.00, 4.63, 23.33, 17.55, 0.00, 0.00, 0.00, 0.00, 90.00, 0, 0
2.00, 5.70, 26.94, 26.94, 4085.96, 20.00, 4.63, 22.22, 16.55, 0.00, 0.00, 0.00, 0.00, 90.00, 0, 0
2.00, 5.70, 26.84, 26.84, 3915.56, 20.00, 4.63, 21.11, 15.42, 0.00, 0.00, 0.00, 0.00, 90.00, 0, 0
2.00, 5.70, 26.75, 26.75, 3779.24, 20.00, 4.63, 20.56, 14.80, 0.00, 0.00, 0.00, 0.00, 90.00, 0, 0
2.00, 5.70, 26.66, 26.66, 3646.81, 20.00, 4.63, 20.00, 14.30, 0.00, 0.00, 0.00, 0.00, 90.00, 0, 0
2.00, 5.70, 26.57, 26.57, 3515.61, 20.00, 4.63, 19.44, 13.67, 0.00, 0.00, 0.00, 0.00, 90.00, 0, 0
2.00, 5.70, 26.49, 26.49, 3384.33, 20.00, 4.63, 18.89, 13.17, 0.00, 0.00, 0.00, 0.00, 90.00, 0, 0
2.00, 5.70, 25.00, 25.00, 2072.47, 20.00, 4.63, 18.33, 12.67, 0.00, 0.00, 0.00, 0.00, 90.00, 0, 0
2.00, 5.70, 25.00, 25.00, 2159.96, 20.00, 4.63, 18.89, 13.29, 0.00, 7.54, 0.00, 0.00, 90.00, 0, 0
2.00, 5.70, 25.00, 25.00, 2878.21, 20.00, 4.63, 19.44, 13.91, 122.79, 36.04, 13.31, -98.61, 79.81, 0, 0
2.00, 5.70, 25.00, 25.00, 3251.45, 20.00, 4.63, 21.11, 15.54, 161.40, 85.25, 21.53, -90.00, 68.47, 0, 0
2.00, 5.70, 25.00, 25.00, 3753.86, 20.00, 4.63, 22.78, 17.29, 332.58, 121.22, 34.55, -78.57, 57.17, 0, 0
2.00, 5.70, 25.00, 25.00, 3953.01, 20.00, 4.63, 25.00, 19.43, 362.87, 151.02, 48.62, -66.03, 46.34, 0, 0
2.00, 5.70, 25.00, 25.00, 4392.40, 20.00, 4.63, 26.67, 21.07, 314.72, 170.31, 63.03, -49.33, 36.72, 0, 0
2.00, 5.70, 25.00, 25.00, 4770.10, 20.00, 4.63, 28.33, 22.72, 147.15, 190.96, 77.59, -25.68, 29.73, 0, 0
2.00, 5.70, 26.05, 26.05, 4731.18, 20.00, 4.63, 29.44, 23.86, 0.00, 193.89, 0.00, 4.73, 27.63, 0, 0
2.00, 5.70, 26.75, 26.75, 5324.55, 20.00, 4.63, 30.56, 25.00, 0.00, 183.72, 0.00, 33.63, 31.42, 0, 0
2.00, 5.70, 27.23, 27.23, 5709.90, 20.00, 4.63, 31.11, 25.50, 0.00, 152.44, 0.00, 54.94, 39.41, 0, 0
2.00, 5.70, 27.54, 27.54, 5875.91, 20.00, 4.63, 31.11, 25.50, 0.00, 109.47, 0.00, 70.11, 49.51, 0, 0
2.00, 5.70, 27.69, 27.69, 5831.52, 20.00, 4.63, 31.11, 25.63, 0.00, 87.23, 0.00, 81.85, 60.54, 0, 0
2.00, 5.70, 27.68, 27.68, 5516.09, 20.00, 4.63, 30.00, 24.61, 0.00, 62.82, 0.00, 90.00, 71.88, 0, 0
2.00, 5.70, 27.58, 27.58, 5177.93, 20.00, 4.63, 28.89, 23.47, 0.00, 32.05, 0.00, 101.45, 83.17, 0, 0
2.00, 5.70, 27.46, 27.46, 4943.33, 20.00, 4.63, 27.78, 22.45, 0.00, 1.89, 0.00, 0.00, 90.00, 0, 0
2.00, 5.70, 27.39, 27.39, 4849.24, 20.00, 4.63, 27.78, 22.45, 0.00, 0.00, 0.00, 0.00, 90.00, 0, 0
2.00, 5.70, 27.33, 27.33, 4746.62, 20.00, 4.63, 27.22, 21.94, 0.00, 0.00, 0.00, 0.00, 90.00, 0, 0
2.00, 5.70, 27.28, 27.28, 4650.99, 20.00, 4.63, 26.67, 21.31, 0.00, 0.00, 0.00, 0.00, 90.00, 0, 0
2.00, 5.70, 27.24, 27.24, 4596.73, 20.00, 4.63, 26.67, 21.31, 0.00, 0.00, 0.00, 0.00, 90.00, 0, 0
2.00, 5.70, 27.19, 27.19, 4474.89, 20.00, 4.63, 25.56, 20.18, 0.00, 0.00, 0.00, 0.00, 90.00, 0, 0
2.00, 5.70, 27.14, 27.14, 4379.73, 20.00, 4.63, 25.00, 19.67, 0.00, 0.00, 0.00, 0.00, 90.00, 0, 0
2.00, 5.70, 27.09, 27.09, 4283.71, 20.00, 4.63, 24.44, 19.04, 0.00, 0.00, 0.00, 0.00, 90.00, 0, 0
2.00, 5.70, 27.03, 27.03, 4186.24, 20.00, 4.63, 23.89, 18.53, 0.00, 0.00, 0.00, 0.00, 90.00, 0, 0
2.00, 5.70, 25.00, 25.00, 3054.91, 20.00, 4.63, 23.33, 18.02, 0.00, 0.00, 0.00, 0.00, 90.00, 0, 0
2.00, 5.70, 25.00, 25.00, 3063.27, 20.00, 4.63, 23.33, 18.13, 0.00, 9.43, 0.00, 0.00, 90.00, 0, 0
2.00, 5.70, 25.00, 25.00, 3545.56, 20.00, 4.63, 24.44, 19.26, 55.33, 32.80, 12.99, -98.31, 79.98, 0, 0
2.00, 5.70, 25.00, 25.00, 3953.99, 20.00, 4.63, 25.56, 20.40, 111.64, 80.11, 21.36, -90.00, 68.64, 0, 0
2.00, 5.70, 25.00, 25.00, 4259.60, 20.00, 4.63, 27.22, 22.05, 145.62, 124.21, 34.48, -78.22, 57.35, 0, 0
2.00, 5.70, 25.00, 25.00, 4273.84, 20.00, 4.63, 28.33, 23.07, 54.24, 141.65, 48.60, -65.65, 46.54, 0, 0
2.00, 5.70, 25.00, 25.00, 4233.98, 20.00, 4.63, 28.33, 23.18, 8.58, 135.78, 63.05, -48.93, 36.96, 0, 0
2.00, 5.70, 25.00, 25.00, 4184.06, 20.00, 4.63, 28.33, 23.07, 2.03, 107.17, 77.62, -25.36, 30.03, 0, 0
2.00, 5.70, 25.71, 25.71, 3641.91, 20.00, 4.63, 28.33, 23.07, 0.00, 72.15, 0.00, 4.79, 27.97, 0, 0
2.00, 5.70, 26.12, 26.12, 3872.59, 20.00, 4.63, 27.78, 22.45, 0.00, 54.68, 0.00, 33.45, 31.75, 0, 0
2.00, 5.70, 26.36, 26.36, 3980.03, 20.00, 4.63, 27.22, 21.94, 0.00, 39.60, 0.00, 54.66, 39.70, 0, 0
2.00, 5.70, 26.56, 26.56, 4230.69, 20.00, 4.63, 27.22, 21.94, 0.00, 85.02, 0.00, 69.83, 49.78, 0, 0
2.00, 5.70, 26.74, 26.74, 4434.96, 20.00, 4.63, 27.22, 21.94, 0.00, 100.55, 0.00, 81.59, 60.79, 0, 0
2.00, 5.70, 26.81, 26.81, 4381.40, 20.00, 4.63, 27.22, 22.05, 0.00, 57.66, 0.00, 90.00, 72.13, 0, 0
2.00, 5.70, 26.81, 26.81, 4225.14, 20.00, 4.63, 26.67, 21.42, 0.00, 15.08, 0.00, 101.22, 83.42, 0, 0
2.00, 5.70, 26.77, 26.77, 4118.17, 20.00, 4.63, 26.11, 20.91, 0.00, 0.00, 0.00, 0.00, 90.00, 0, 0
2.00, 5.70, 26.74, 26.74, 4037.59, 20.00, 4.63, 25.56, 20.40, 0.00, 0.00, 0.00, 0.00, 90.00, 0, 0
2.00, 5.70, 26.69, 26.69, 3917.67, 20.00, 4.63, 24.44, 19.26, 0.00, 0.00, 0.00, 0.00, 90.00, 0, 0
2.00, 5.70, 26.63, 26.63, 3825.29, 20.00, 4.63, 23.89, 18.75, 0.00, 0.00, 0.00, 0.00, 90.00, 0, 0
2.00, 5.70, 26.58, 26.58, 3732.10, 20.00, 4.63, 23.33, 18.13, 0.00, 0.00, 0.00, 0.00, 90.00, 0, 0
2.00, 5.70, 26.53, 26.53, 3637.02, 20.00, 4.63, 22.78, 17.51, 0.00, 0.00, 0.00, 0.00, 90.00, 0, 0
2.00, 5.70, 26.46, 26.46, 3500.82, 20.00, 4.63, 21.67, 16.49, 0.00, 0.00, 0.00, 0.00, 90.00, 0, 0
2.00, 5.70, 26.39, 26.39, 3391.44, 20.00, 4.63, 21.11, 15.87, 0.00, 0.00, 0.00, 0.00, 90.00, 0, 0
2.00, 5.70, 26.32, 26.32, 3281.39, 20.00, 4.63, 20.56, 15.36, 0.00, 0.00, 0.00, 0.00, 90.00, 0, 0
2.00, 5.70, 25.00, 25.00, 2198.56, 20.00, 4.63, 20.00, 14.85, 0.00, 0.00, 0.00, 0.00, 90.00, 0, 0
2.00, 5.70, 25.00, 25.00, 2189.20, 20.00, 4.63, 20.00, 14.85, 0.00, 11.31, 0.00, 0.00, 90.00, 0, 0
2.00, 5.70, 25.00, 25.00, 3666.90, 20.00, 4.63, 21.11, 15.98, 289.32, 35.14, 12.66, -98.01, 80.16, 0, 0
2.00, 5.70, 25.00, 25.00, 4359.04, 20.00, 4.63, 22.78, 17.62, 529.44, 71.45, 21.19, -90.00, 68.81, 0, 0
2.00, 5.70, 25.00, 25.00, 4116.50, 20.00, 4.63, 25.00, 19.78, 621.91, 100.48, 34.42, -77.87, 57.53, 0, 0
2.00, 5.70, 25.00, 25.00, 3582.93, 20.00, 4.63, 26.67, 21.42, 448.65, 140.41, 48.59, -65.26, 46.75, 0, 0
2.00, 5.70, 25.00, 25.00, 3717.49, 20.00, 4.63, 28.33, 23.07, 304.41, 171.38, 63.06, -48.53, 37.20, 0, 0
2.00, 5.70, 25.00, 25.00, 3918.43, 20.00, 4.63, 30.00, 24.61, 153.04, 184.88, 77.66, -25.03, 30.34, 0, 0
2.00, 5.70, 26.07, 26.07, 4877.36, 20.00, 4.63, 31.11, 25.63, 0.00, 192.65, 0.00, 4.86, 28.31, 0, 0
2.00, 5.70, 26.75, 26.75, 5370.79, 20.00, 4.63, 31.67, 26.14, 0.00, 187.76, 0.00, 33.27, 32.08, 0, 0
2.00, 5.70, 27.16, 27.16, 5546.40, 20.00, 4.63, 31.11, 25.63, 0.00, 172.54, 0.00, 54.39, 40.00, 0, 0
2.00, 5.70, 27.40, 27.40, 5630.57, 20.00, 4.63, 31.67, 26.14, 0.00, 143.73, 0.00, 69.56, 50.05, 0, 0
2.00, 5.70, 27.51, 27.51, 5565.26, 20.00, 4.63, 31.11, 25.63, 0.00, 100.35, 0.00, 81.33, 61.05, 0, 0
2.00, 5.70, 27.53, 27.53, 5421.11, 20.00, 4.63, 30.56, 25.12, 0.00, 60.79, 0.00, 90.00, 72.39, 0, 0
2.00, 5.70, 27.48, 27.48, 5161.94, 20.00, 4.63, 29.44, 23.98, 0.00, 47.14, 0.00, 101.00, 83.68, 0, 0
2.00, 5.70, 27.38, 27.38, 4925.62, 20.00, 4.63, 28.33, 22.84, 0.00, 5.66, 0.00, 0.00, 90.00, 0, 0
2.00, 5.70, 27.31, 27.31, 4794.53, 20.00, 4.63, 27.78, 22.33, 0.00, 0.00, 0.00, 0.00, 90.00, 0, 0
2.00, 5.70, 27.23, 27.23, 4649.91, 20.00, 4.63, 26.67, 21.20, 0.00, 0.00, 0.00, 0.00, 90.00, 0, 0
2.00, 5.70, 27.17, 27.17, 4542.68, 20.00, 4.63, 26.11, 20.57, 0.00, 0.00, 0.00, 0.00, 90.00, 0, 0
2.00, 5.70, 27.10, 27.10, 4402.26, 20.00, 4.63, 25.00, 19.43, 0.00, 0.00, 0.00, 0.00, 90.00, 0, 0
2.00, 5.70, 27.02, 27.02, 4254.71, 20.00, 4.63, 23.89, 18.30, 0.00, 0.00, 0.00, 0.00, 90.00, 0, 0
2.00, 5.70, 26.93, 26.93, 4061.46, 20.00, 4.63, 22.22, 16.67, 0.00, 0.00, 0.00, 0.00, 90.00, 0, 0
2.00, 5.70, 26.83, 26.83, 3890.98, 20.00, 4.63, 21.11, 15.54, 0.00, 0.00, 0.00, 0.00, 90.00, 0, 0
2.00, 5.70, 26.72, 26.72, 3715.82, 20.00, 4.63, 20.00, 14.42, 0.00, 0.00, 0.00, 0.00, 90.00, 0, 0
2.00, 5.70, 25.00, 25.00, 2197.54, 20.00, 4.63, 18.33, 12.79, 0.00, 0.00, 0.00, 0.00, 90.00, 0, 0
2.00, 5.70, 25.00, 25.00, 2188.45, 20.00, 4.63, 18.33, 12.79, 0.00, 9.43, 0.00, 0.00, 90.00, 0, 0
2.00, 5.70, 25.00, 25.00, 5129.37, 20.00, 4.63, 20.00, 14.30, 545.47, 30.70, 12.34, -97.70, 80.33, 0, 0
2.00, 5.70, 25.00, 25.00, 4922.59, 20.00, 4.63, 21.67, 16.05, 538.90, 66.78, 21.01, -90.00, 68.99, 0, 0
2.00, 5.70, 25.00, 25.00, 4764.94, 20.00, 4.63, 23.89, 18.18, 565.04, 102.94, 34.37, -77.52, 57.71, 0, 0
2.00, 5.70, 25.00, 25.00, 4481.79, 20.00, 4.63, 25.56, 19.81, 440.39, 138.03, 48.58, -64.88, 46.95, 0, 0
2.00, 5.70, 25.00, 25.00, 4767.93, 20.00, 4.63, 27.22, 21.45, 287.08, 170.23, 63.08, -48.12, 37.45, 0, 0
2.00, 5.70, 25.00, 25.00, 5068.15, 20.00, 4.63, 28.33, 22.59, 149.19, 185.05, 77.70, -24.71, 30.64, 0, 0
2.00, 5.70, 26.16, 26.16, 5062.64, 20.00, 4.63, 29.44, 23.59, 0.00, 194.72, 0.00, 4.93, 28.66, 0, 0
2.00, 5.70, 26.92, 26.92, 5674.83, 20.00, 4.63, 30.56, 24.58, 0.00, 179.93, 0.00, 33.09, 32.42, 0, 0
2.00, 5.70, 27.42, 27.42, 6013.71, 20.00, 4.63, 31.11, 25.08, 0.00, 153.81, 0.00, 54.13, 40.30, 0, 0
2.00, 5.70, 27.71, 27.71, 6087.07, 20.00, 4.63, 31.11, 25.08, 0.00, 124.91, 0.00, 69.28, 50.33, 0, 0
2.00, 5.70, 27.82, 27.82, 5946.35, 20.00, 4.63, 30.56, 24.58, 0.00, 95.65, 0.00, 81.07, 61.31, 0, 0
2.00, 5.70, 27.81, 27.81, 5703.61, 20.00, 4.63, 29.44, 23.44, 0.00, 54.32, 0.00, 90.00, 72.65, 0, 0
2.00, 5.70, 27.73, 27.73, 5414.48, 20.00, 4.63, 28.33, 22.45, 0.00, 41.48, 0.00, 100.77, 83.95, 0, 0
2.00, 5.70, 27.61, 27.61, 5122.22, 20.00, 4.63, 26.67, 20.81, 0.00, 3.77, 0.00, 0.00, 90.00, 0, 0
2.00, 5.70, 27.50, 27.50, 4927.30, 20.00, 4.63, 25.56, 19.68, 0.00, 0.00, 0.00, 0.00, 90.00, 0, 0
2.00, 5.70, 27.39, 27.39, 4748.38, 20.00, 4.63, 24.44, 18.55, 0.00, 0.00, 0.00, 0.00, 90.00, 0, 0
2.00, 5.70, 27.29, 27.29, 4572.55, 20.00, 4.63, 23.33, 17.42, 0.00, 0.00, 0.00, 0.00, 90.00, 0, 0
2.00, 5.70, 27.19, 27.19, 4395.75, 20.00, 4.63, 22.22, 16.29, 0.00, 0.00, 0.00, 0.00, 90.00, 0, 0
2.00, 5.70, 27.08, 27.08, 4176.98, 20.00, 4.63, 20.56, 14.67, 0.00, 0.00, 0.00, 0.00, 90.00, 0, 0
2.00, 5.70, 26.96, 26.96, 3983.44, 20.00, 4.63, 19.44, 13.55, 0.00, 0.00, 0.00, 0.00, 90.00, 0, 0
2.00, 5.70, 26.83, 26.83, 3747.86, 20.00, 4.63, 17.78, 11.80, 0.00, 0.00, 0.00, 0.00, 90.00, 0, 0
2.00, 5.70, 26.69, 26.69, 3537.94, 20.00, 4.63, 16.67, 10.68, 0.00, 0.00, 0.00, 0.00, 90.00, 0, 0
2.00, 5.70, 25.00, 25.00, 1645.35, 20.00, 4.63, 15.00, 9.08, 0.00, 0.00, 0.00, 0.00, 90.00, 0, 0
2.00, 5.70, 25.00, 25.00, 1604.26, 20.00, 4.63, 15.00, 9.08, 0.00, 5.66, 0.00, 0.00, 90.00, 0, 0
2.00, 5.70, 25.00, 25.00, 2888.27, 20.00, 4.63, 16.11, 10.19, 222.16, 32.29, 12.01, -97.39, 80.51, 0, 0
2.00, 5.70, 25.00, 25.00, 4024.97, 20.00, 4.63, 18.33, 12.29, 483.51, 72.54, 20.84, -90.00, 69.16, 0, 0
2.00, 5.70, 25.00, 25.00, 4101.58, 20.00, 4.63, 20.56, 14.53, 588.83, 98.24, 34.32, -77.16, 57.90, 0, 0
2.00, 5.70, 25.00, 25.00, 3927.67, 20.00, 4.63, 22.78, 16.78, 494.73, 128.14, 48.57, -64.48, 47.16, 0, 0
2.00, 5.70, 25.00, 25.00, 4211.43, 20.00, 4.63, 24.44, 18.40, 318.27, 164.51, 63.10, -47.72, 37.70, 0, 0
2.00, 5.70, 25.00, 25.00, 4575.42, 20.00, 4.63, 26.11, 20.03, 151.35, 184.40, 77.74, -24.38, 30.95, 0, 0
2.00, 5.70, 26.09, 26.09, 4813.54, 20.00, 4.63, 27.22, 21.01, 0.00, 186.95, 0.00, 5.00, 29.01, 0, 0
2.00, 5.70, 26.77, 26.77, 5245.90, 20.00, 4.63, 28.33, 22.15, 0.00, 196.08, 0.00, 32.91, 32.76, 0, 0
2.00, 5.70, 27.19, 27.19, 5507.52, 20.00, 4.63, 28.33, 22.15, 0.00, 166.49, 0.00, 53.86, 40.61, 0, 0
2.00, 5.70, 27.45, 27.45, 5629.45, 20.00, 4.63, 28.33, 22.15, 0.00, 126.99, 0.00, 69.01, 50.61, 0, 0
2.00, 5.70, 27.58, 27.58, 5566.10, 20.00, 4.63, 27.78, 21.66, 0.00, 93.15, 0.00, 80.81, 61.58, 0, 0
2.00, 5.70, 27.55, 27.55, 5271.92, 20.00, 4.63, 26.67, 20.52, 0.00, 54.42, 0.00, 90.00, 72.92, 0, 0
2.00, 5.70, 27.45, 27.45, 4931.47, 20.00, 4.63, 25.56, 19.39, 0.00, 39.60, 0.00, 100.54, 84.22, 0, 0
2.00, 5.70, 27.30, 27.30, 4623.79, 20.00, 4.63, 23.89, 17.77, 0.00, 3.77, 0.00, 0.00, 90.00, 0, 0
2.00, 5.70, 27.17, 27.17, 4412.50, 20.00, 4.63, 22.78, 16.64, 0.00, 0.00, 0.00, 0.00, 90.00, 0, 0
2.00, 5.70, 27.04, 27.04, 4179.84, 20.00, 4.63, 21.11, 15.02, 0.00, 0.00, 0.00, 0.00, 90.00, 0, 0
2.00, 5.70, 26.91, 26.91, 3980.81, 20.00, 4.63, 20.00, 13.90, 0.00, 0.00, 0.00, 0.00, 90.00, 0, 0
2.00, 5.70, 26.77, 26.77, 3744.57, 20.00, 4.63, 18.33, 12.15, 0.00, 0.00, 0.00, 0.00, 90.00, 0, 0
2.00, 5.70, 26.64, 26.64, 3536.69, 20.00, 4.63, 17.22, 11.03, 0.00, 0.00, 0.00, 0.00, 90.00, 0, 0
2.00, 5.70, 26.51, 26.51, 3327.68, 20.00, 4.63, 16.11, 10.06, 0.00, 0.00, 0.00, 0.00, 90.00, 0, 0
2.00, 5.70, 26.37, 26.37, 3115.39, 20.00, 4.63, 15.00, 8.95, 0.00, 0.00, 0.00, 0.00, 90.00, 0, 0
2.00, 5.70, 26.23, 26.23, 2898.78, 20.00, 4.63, 13.89, 7.84, 0.00, 0.00, 0.00, 0.00, 90.00, 0, 0
2.00, 5.70, 25.00, 25.00, 1084.61, 20.00, 4.63, 12.78, 6.73, 0.00, 0.00, 0.00, 0.00, 90.00, 0, 0
2.00, 5.70, 24.79, 24.79, 912.01, 20.00, 4.63, 12.78, 6.73, 0.00, 5.66, 0.00, 0.00, 90.00, 0, 0
2.00, 5.70, 25.00, 25.00, 2105.83, 20.00, 4.63, 13.89, 7.84, 179.18, 36.19, 11.68, -97.08, 80.69, 0, 0
2.00, 5.70, 25.00, 25.00, 2323.43, 20.00, 4.63, 15.56, 9.43, 188.71, 81.48, 20.82, -87.39, 69.34, 0, 0
2.00, 5.70, 25.00, 25.00, 2724.04, 20.00, 4.63, 17.22, 11.17, 318.04, 119.45, 34.27, -76.81, 58.08, 0, 0
2.00, 5.70, 25.00, 25.00, 2786.20, 20.00, 4.63, 18.89, 12.78, 277.65, 158.53, 48.57, -64.09, 47.37, 0, 0
2.00, 5.70, 25.00, 25.00, 3035.50, 20.00, 4.63, 20.56, 14.39, 136.90, 190.52, 63.13, -47.31, 37.95, 0, 0
2.00, 5.70, 25.00, 25.00, 3281.24, 20.00, 4.63, 21.67, 15.51, 64.06, 208.82, 77.79, -24.05, 31.27, 0, 0
2.00, 5.70, 25.75, 25.75, 3841.77, 20.00, 4.63, 22.78, 16.64, 0.00, 207.25, 0.00, 5.08, 29.36, 0, 0
2.00, 5.70, 26.22, 26.22, 4183.41, 20.00, 4.63, 23.33, 17.12, 0.00, 203.69, 0.00, 32.75, 33.10, 0, 0
2.00, 5.70, 26.50, 26.50, 4313.41, 20.00, 4.63, 23.89, 17.61, 0.00, 185.56, 0.00, 53.60, 40.92, 0, 0
2.00, 5.70, 26.60, 26.60, 4179.63, 20.00, 4.63, 23.33, 17.12, 0.00, 141.79, 0.00, 68.74, 50.90, 0, 0
2.00, 5.70, 26.64, 26.64, 4134.05, 20.00, 4.63, 22.78, 16.64, 0.00, 96.68, 0.00, 80.55, 61.86, 0, 0
2.00, 5.70, 26.61, 26.61, 3977.63, 20.00, 4.63, 22.22, 16.15, 0.00, 56.54, 0.00, 90.00, 73.19, 0, 0
2.00, 5.70, 26.49, 26.49, 3627.18, 20.00, 4.63, 20.56, 14.53, 0.00, 37.71, 0.00, 100.32, 84.49, 0, 0
2.00, 5.70, 26.36, 26.36, 3393.12, 20.00, 4.63, 20.00, 14.04, 0.00, 3.77, 0.00, 0.00, 90.00, 0, 0
2.00, 5.70, 26.24, 26.24, 3228.21, 20.00, 4.63, 19.44, 13.41, 0.00, 0.00, 0.00, 0.00, 90.00, 0, 0
2.00, 5.70, 26.12, 26.12, 3044.66, 20.00, 4.63, 18.33, 12.43, 0.00, 0.00, 0.00, 0.00, 90.00, 0, 0
2.00, 5.70, 26.02, 26.02, 2897.90, 20.00, 4.63, 17.78, 11.80, 0.00, 0.00, 0.00, 0.00, 90.00, 0, 0
2.00, 5.70, 25.90, 25.90, 2717.39, 20.00, 4.63, 16.67, 10.68, 0.00, 0.00, 0.00, 0.00, 90.00, 0, 0
2.00, 5.70, 25.81, 25.81, 2607.98, 20.00, 4.63, 16.67, 10.68, 0.00, 0.00, 0.00, 0.00, 90.00, 0, 0
2.00, 5.70, 25.71, 25.71, 2471.02, 20.00, 4.63, 16.11, 10.06, 0.00, 0.00, 0.00, 0.00, 90.00, 0, 0
2.00, 5.70, 25.62, 25.62, 2332.62, 20.00, 4.63, 15.56, 9.57, 0.00, 0.00, 0.00, 0.00, 90.00, 0, 0
2.00, 5.70, 25.52, 25.52, 2192.32, 20.00, 4.63, 15.00, 8.95, 0.00, 0.00, 0.00, 0.00, 90.00, 0, 0
2.00, 5.70, 25.00, 25.00, 1080.29, 20.00, 4.63, 14.44, 8.46, 0.00, 0.00, 0.00, 0.00, 90.00, 0, 0
2.00, 5.70, 24.68, 24.68, 890.60, 20.00, 4.63, 14.44, 8.59, 0.00, 5.66, 0.00, 0.00, 90.00, 0, 0
2.00, 5.70, 25.00, 25.00, 2666.96, 20.00, 4.63, 15.56, 9.70, 281.46, 30.14, 11.35, -96.76, 80.87, 0, 0
2.00, 5.70, 25.00, 25.00, 2448.54, 20.00, 4.63, 17.22, 11.31, 185.92, 80.44, 20.69, -87.05, 69.51, 0, 0
2.00, 5.70, 25.00, 25.00, 2570.36, 20.00, 4.63, 18.89, 12.92, 172.14, 124.68, 34.23, -76.44, 58.27, 0, 0
2.00, 5.70, 25.00, 25.00, 2859.44, 20.00, 4.63, 20.56, 14.67, 235.89, 163.28, 48.57, -63.70, 47.58, 0, 0
2.00, 5.70, 25.00, 25.00, 3308.56, 20.00, 4.63, 22.22, 16.29, 253.59, 180.39, 63.15, -46.90, 38.21, 0, 0
2.00, 5.70, 25.00, 25.00, 3517.05, 20.00, 4.63, 23.33, 17.42, 91.72, 205.94, 77.84, -23.72, 31.58, 0, 0
2.00, 5.70, 25.59, 25.59, 3585.23, 20.00, 4.63, 24.44, 18.40, 0.00, 217.03, 0.00, 5.16, 29.72, 0, 0
2.00, 5.70, 25.90, 25.90, 3651.28, 20.00, 4.63, 24.44, 18.40, 0.00, 181.62, 0.00, 32.58, 33.45, 0, 0
2.00, 5.70, 26.02, 26.02, 3545.44, 20.00, 4.63, 23.89, 17.91, 0.00, 125.62, 0.00, 53.34, 41.24, 0, 0
2.00, 5.70, 26.10, 26.10, 3600.19, 20.00, 4.63, 23.33, 17.27, 0.00, 121.27, 0.00, 68.47, 51.19, 0, 0
2.00, 5.70, 26.15, 26.15, 3625.28, 20.00, 4.63, 23.33, 17.27, 0.00, 103.82, 0.00, 80.29, 62.13, 0, 0
2.00, 5.70, 26.10, 26.10, 3366.80, 20.00, 4.63, 22.22, 16.29, 0.00, 47.94, 0.00, 90.00, 73.46, 0, 0
2.00, 5.70, 25.99, 25.99, 3113.43, 20.00, 4.63, 21.11, 15.16, 0.00, 13.20, 0.00, 100.09, 84.77, 0, 0
2.00, 5.70, 25.89, 25.89, 2952.91, 20.00, 4.63, 20.56, 14.67, 0.00, 1.89, 0.00, 0.00, 90.00, 0, 0
2.00, 5.70, 25.79, 25.79, 2819.79, 20.00, 4.63, 20.00, 14.17, 0.00, 0.00, 0.00, 0.00, 90.00, 0, 0
2.00, 5.70, 25.70, 25.70, 2658.08, 20.00, 4.63, 18.89, 13.05, 0.00, 0.00, 0.00, 0.00, 90.00, 0, 0
2.00, 5.70, 25.60, 25.60, 2528.94, 20.00, 4.63, 18.33, 12.43, 0.00, 0.00, 0.00, 0.00, 90.00, 0, 0
2.00, 5.70, 25.51, 25.51, 2402.27, 20.00, 4.63, 17.78, 11.80, 0.00, 0.00, 0.00, 0.00, 90.00, 0, 0
2.00, 5.70, 25.43, 25.43, 2276.03, 20.00, 4.63, 17.22, 11.31, 0.00, 0.00, 0.00, 0.00, 90.00, 0, 0
2.00, 5.70, 25.32, 25.32, 2109.80, 20.00, 4.63, 16.11, 10.19, 0.00, 0.00, 0.00, 0.00, 90.00, 0, 0
2.00, 5.70, 25.22, 25.22, 1971.88, 20.00, 4.63, 15.56, 9.57, 0.00, 0.00, 0.00, 0.00, 90.00, 0, 0
2.00, 5.70, 25.12, 25.12, 1834.27, 20.00, 4.63, 15.00, 9.08, 0.00, 0.00, 0.00, 0.00, 90.00, 0, 0
2.00, 5.70, 24.62, 24.62, 729.77, 20.00, 4.63, 13.89, 7.97, 0.00, 0.00, 0.00, 0.00, 90.00, 0, 0
2.00, 5.70, 24.34, 24.34, 624.44, 20.00, 4.63, 14.44, 8.59, 0.00, 5.66, 0.00, 0.00, 90.00, 0, 0
2.00, 5.70, 25.00, 25.00, 3752.22, 20.00, 4.63, 15.56, 9.70, 517.11, 27.11, 11.02, -96.44, 81.05, 0, 0
2.00, 5.70, 25.00, 25.00, 4183.20, 20.00, 4.63, 17.78, 11.93, 646.83, 58.02, 20.56, -86.71, 69.69, 0, 0
2.00, 5.70, 25.00, 25.00, 3693.51, 20.00, 4.63, 19.44, 13.55, 597.55, 98.71, 34.19, -76.08, 58.45, 0, 0
2.00, 5.70, 25.00, 25.00, 3602.26, 20.00, 4.63, 21.67, 15.79, 590.73, 124.18, 48.57, -63.30, 47.79, 0, 0
2.00, 5.70, 25.00, 25.00, 4000.31, 20.00, 4.63, 23.89, 17.91, 449.71, 132.40, 63.18, -46.48, 38.47, 0, 0
2.00, 5.70, 25.00, 25.00, 4354.88, 20.00, 4.63, 25.56, 19.54, 198.57, 154.94, 77.89, -23.39, 31.90, 0, 0
2.00, 5.70, 25.78, 25.78, 4346.73, 20.00, 4.63, 26.67, 20.67, 0.00, 184.76, 0.00, 5.24, 30.08, 0, 0
2.00, 5.70, 26.30, 26.30, 4745.69, 20.00, 4.63, 27.78, 21.66, 0.00, 172.38, 0.00, 32.42, 33.80, 0, 0
2.00, 5.70, 26.62, 26.62, 4910.94, 20.00, 4.63, 27.78, 21.81, 0.00, 153.15, 0.00, 53.08, 41.56, 0, 0
2.00, 5.70, 26.77, 26.77, 4853.20, 20.00, 4.63, 27.78, 21.81, 0.00, 134.75, 0.00, 68.20, 51.48, 0, 0
2.00, 5.70, 26.79, 26.79, 4646.08, 20.00, 4.63, 26.67, 20.67, 0.00, 99.36, 0.00, 80.03, 62.42, 0, 0
2.00, 5.70, 26.70, 26.70, 4309.61, 20.00, 4.63, 25.56, 19.54, 0.00, 53.80, 0.00, 90.00, 73.74, 0, 0
2.00, 5.70, 26.55, 26.55, 3949.05, 20.00, 4.63, 23.89, 18.05, 0.00, 15.08, 0.00, 99.86, 85.06, 0, 0
2.00, 5.70, 26.41, 26.41, 3711.09, 20.00, 4.63, 22.78, 16.92, 0.00, 0.00, 0.00, 0.00, 90.00, 0, 0
2.00, 5.70, 26.30, 26.30, 3555.00, 20.00, 4.63, 22.22, 16.42, 0.00, 0.00, 0.00, 0.00, 90.00, 0, 0
2.00, 5.70, 26.19, 26.19, 3377.17, 20.00, 4.63, 21.11, 15.30, 0.00, 0.00, 0.00, 0.00, 90.00, 0, 0
2.00, 5.70, 26.09, 26.09, 3237.87, 20.00, 4.63, 20.56, 14.67, 0.00, 0.00, 0.00, 0.00, 90.00, 0, 0
2.00, 5.70, 25.99, 25.99, 3066.13, 20.00, 4.63, 19.44, 13.67, 0.00, 0.00, 0.00, 0.00, 90.00, 0, 0
2.00, 5.70, 25.89, 25.89, 2926.82, 20.00, 4.63, 18.89, 13.05, 0.00, 0.00, 0.00, 0.00, 90.00, 0, 0
2.00, 5.70, 25.80, 25.80, 2790.34, 20.00, 4.63, 18.33, 12.43, 0.00, 0.00, 0.00, 0.00, 90.00, 0, 0
2.00, 5.70, 25.71, 25.71, 2654.79, 20.00, 4.63, 17.78, 11.93, 0.00, 0.00, 0.00, 0.00, 90.00, 0, 0
2.00, 5.70, 25.62, 25.62, 2518.77, 20.00, 4.63, 17.22, 11.31, 0.00, 0.00, 0.00, 0.00, 90.00, 0, 0
2.00, 5.70, 25.00, 25.00, 1671.27, 20.00, 4.63, 16.67, 10.81, 0.00, 0.00, 0.00, 0.00, 90.00, 0, 0
2.00, 5.70, 24.85, 24.85, 1555.66, 20.00, 4.63, 16.67, 10.81, 0.00, 5.66, 0.00, 0.00, 90.00, 0, 0
2.00, 5.70, 25.00, 25.00, 4792.70, 20.00, 4.63, 18.33, 12.55, 573.48, 27.39, 10.68, -96.12, 81.23, 0, 0
2.00, 5.70, 25.00, 25.00, 5150.57, 20.00, 4.63, 20.00, 14.17, 727.15, 55.76, 20.44, -86.37, 69.87, 0, 0
2.00, 5.70, 25.00, 25.00, 4574.89, 20.00, 4.63, 22.22, 16.42, 657.83, 90.37, 34.16, -75.71, 58.64, 0, 0
2.00, 5.70, 25.00, 25.00, 4284.30, 20.00, 4.63, 24.44, 18.55, 540.55, 122.32, 48.58, -62.90, 48.01, 0, 0
2.00, 5.70, 25.00, 25.00, 4679.83, 20.00, 4.63, 26.67, 20.81, 416.49, 139.32, 63.22, -46.07, 38.73, 0, 0
2.00, 5.70, 25.00, 25.00, 5052.98, 20.00, 4.63, 28.33, 22.30, 197.71, 152.58, 77.94, -23.06, 32.23, 0, 0
2.00, 5.70, 26.04, 26.04, 5024.04, 20.00, 4.63, 29.44, 23.44, 0.00, 153.26, 0.00, 5.32, 30.45, 0, 0
2.00, 5.70, 26.72, 26.72, 5530.86, 20.00, 4.63, 30.56, 24.58, 0.00, 148.77, 0.00, 32.27, 34.16, 0, 0
2.00, 5.70, 27.12, 27.12, 5697.79, 20.00, 4.63, 30.56, 24.58, 0.00, 138.66, 0.00, 52.83, 41.89, 0, 0
2.00, 5.70, 27.34, 27.34, 5720.60, 20.00, 4.63, 30.56, 24.58, 0.00, 117.76, 0.00, 67.93, 51.78, 0, 0
2.00, 5.70, 27.41, 27.41, 5533.25, 20.00, 4.63, 30.00, 23.94, 0.00, 87.90, 0.00, 79.78, 62.70, 0, 0
2.00, 5.70, 27.36, 27.36, 5234.36, 20.00, 4.63, 28.89, 22.95, 0.00, 52.84, 0.00, 90.00, 74.02, 0, 0
2.00, 5.70, 27.24, 27.24, 4891.84, 20.00, 4.63, 27.22, 21.31, 0.00, 33.94, 0.00, 99.62, 85.34, 0, 0
2.00, 5.70, 27.11, 27.11, 4634.95, 20.00, 4.63, 26.11, 20.18, 0.00, 3.77, 0.00, 0.00, 90.00, 0, 0
2.00, 5.70, 26.99, 26.99, 4437.85, 20.00, 4.63, 25.00, 19.18, 0.00, 0.00, 0.00, 0.00, 90.00, 0, 0
2.00, 5.70, 26.89, 26.89, 4257.27, 20.00, 4.63, 23.89, 18.05, 0.00, 0.00, 0.00, 0.00, 90.00, 0, 0
2.00, 5.70, 26.78, 26.78, 4080.21, 20.00, 4.63, 22.78, 16.92, 0.00, 0.00, 0.00, 0.00, 90.00, 0, 0
2.00, 5.70, 26.68, 26.68, 3902.58, 20.00, 4.63, 21.67, 15.79, 0.00, 0.00, 0.00, 0.00, 90.00, 0, 0
2.00, 5.70, 26.59, 26.59, 3760.79, 20.00, 4.63, 21.11, 15.16, 0.00, 0.00, 0.00, 0.00, 90.00, 0, 0
2.00, 5.70, 26.47, 26.47, 3546.28, 20.00, 4.63, 19.44, 13.55, 0.00, 0.00, 0.00, 0.00, 90.00, 0, 0
2.00, 5.70, 26.36, 26.36, 3354.43, 20.00, 4.63, 18.33, 12.43, 0.00, 0.00, 0.00, 0.00, 90.00, 0, 0
2.00, 5.70, 26.24, 26.24, 3158.06, 20.00, 4.63, 17.22, 11.31, 0.00, 0.00, 0.00, 0.00, 90.00, 0, 0
2.00, 5.70, 25.00, 25.00, 2137.60, 20.00, 4.63, 16.11, 10.19, 0.00, 0.00, 0.00, 0.00, 90.00, 0, 0
2.00, 5.70, 25.00, 25.00, 2091.20, 20.00, 4.63, 16.11, 10.19, 0.00, 3.77, 0.00, 0.00, 90.00, 0, 0
2.00, 5.70, 25.00, 25.00, 2430.34, 20.00, 4.63, 17.22, 11.31, 55.86, 29.72, 10.35, -95.79, 81.41, 0, 0
2.00, 5.70, 25.00, 25.00, 2721.09, 20.00, 4.63, 18.33, 12.55, 121.28, 72.33, 20.33, -86.03, 70.05, 0, 0
2.00, 5.70, 25.00, 25.00, 2504.52, 20.00, 4.63, 19.44, 13.55, 47.00, 96.64, 34.13, -75.33, 58.83, 0, 0
2.00, 5.70, 25.00, 25.00, 2660.99, 20.00, 4.63, 20.56, 14.80, 98.07, 148.87, 48.59, -62.49, 48.22, 0, 0
2.00, 5.70, 25.00, 25.00, 2795.58, 20.00, 4.63, 22.22, 16.29, 63.89, 182.73, 63.25, -45.66, 39.00, 0, 0
2.00, 5.70, 25.00, 25.00, 2929.57, 20.00, 4.63, 23.33, 17.42, 35.42, 203.91, 78.00, -22.74, 32.55, 0, 0
2.00, 5.70, 25.64, 25.64, 3645.19, 20.00, 4.63, 24.44, 18.55, 0.00, 211.44, 0.00, 5.41, 30.81, 0, 0
2.00, 5.70, 26.12, 26.12, 4138.64, 20.00, 4.63, 25.56, 19.68, 0.00, 197.39, 0.00, 32.11, 34.52, 0, 0
2.00, 5.70, 26.44, 26.44, 4406.08, 20.00, 4.63, 26.11, 20.18, 0.00, 164.87, 0.00, 52.58, 42.22, 0, 0
2.00, 5.70, 26.64, 26.64, 4518.22, 20.00, 4.63, 26.11, 20.18, 0.00, 126.61, 0.00, 67.66, 52.09, 0, 0
2.00, 5.70, 26.71, 26.71, 4401.92, 20.00, 4.63, 26.11, 20.31, 0.00, 93.84, 0.00, 79.52, 62.99, 0, 0
2.00, 5.70, 26.68, 26.68, 4174.15, 20.00, 4.63, 25.56, 19.68, 0.00, 51.33, 0.00, 90.00, 74.30, 0, 0
2.00, 5.70, 26.58, 26.58, 3887.41, 20.00, 4.63, 24.44, 18.68, 0.00, 35.83, 0.00, 99.39, 85.63, 0, 0
2.00, 5.70, 26.46, 26.46, 3646.16, 20.00, 4.63, 23.33, 17.68, 0.00, 3.77, 0.00, 0.00, 90.00, 0, 0
2.00, 5.70, 26.36, 26.36, 3500.19, 20.00, 4.63, 22.78, 17.05, 0.00, 0.00, 0.00, 0.00, 90.00, 0, 0
2.00, 5.70, 26.27, 26.27, 3376.23, 20.00, 4.63, 22.22, 16.55, 0.00, 0.00, 0.00, 0.00, 90.00, 0, 0
2.00, 5.70, 26.19, 26.19, 3260.27, 20.00, 4.63, 21.67, 15.92, 0.00, 0.00, 0.00, 0.00, 90.00, 0, 0
2.00, 5.70, 26.10, 26.10, 3109.18, 20.00, 4.63, 20.56, 14.92, 0.00, 0.00, 0.00, 0.00, 90.00, 0, 0
2.00, 5.70, 26.02, 26.02, 2988.65, 20.00, 4.63, 20.00, 14.30, 0.00, 0.00, 0.00, 0.00, 90.00, 0, 0
2.00, 5.70, 25.95, 25.95, 2908.61, 20.00, 4.63, 20.00, 14.30, 0.00, 0.00, 0.00, 0.00, 90.00, 0, 0
2.00, 5.70, 25.88, 25.88, 2798.57, 20.00, 4.63, 19.44, 13.67, 0.00, 0.00, 0.00, 0.00, 90.00, 0, 0
2.00, 5.70, 25.80, 25.80, 2685.32, 20.00, 4.63, 18.89, 13.17, 0.00, 0.00, 0.00, 0.00, 90.00, 0, 0
2.00, 5.70, 25.00, 25.00, 1892.20, 20.00, 4.63, 18.33, 12.67, 0.00, 0.00, 0.00, 0.00, 90.00, 0, 0
2.00, 5.70, 25.00, 25.00, 1875.54, 20.00, 4.63, 18.33, 12.79, 0.00, 3.77, 0.00, 0.00, 90.00, 0, 0
2.00, 5.70, 25.00, 25.00, 4136.91, 20.00, 4.63, 19.44, 13.91, 406.95, 26.51, 10.02, -95.46, 81.59, 0, 0
2.00, 5.70, 25.00, 25.00, 4092.38, 20.00, 4.63, 21.11, 15.54, 399.62, 66.02, 20.22, -85.68, 70.23, 0, 0
2.00, 5.70, 25.00, 25.00, 3810.46, 20.00, 4.63, 22.78, 17.17, 321.28, 113.79, 34.10, -74.96, 59.02, 0, 0
2.00, 5.70, 25.00, 25.00, 3990.76, 20.00, 4.63, 25.00, 19.43, 348.36, 148.69, 48.60, -62.09, 48.44, 0, 0
2.00, 5.70, 25.00, 25.00, 4097.94, 20.00, 4.63, 26.11, 20.44, 163.04, 184.67, 63.29, -45.24, 39.26, 0, 0
2.00, 5.70, 25.00, 25.00, 4350.44, 20.00, 4.63, 27.22, 21.58, 71.16, 209.04, 78.06, -22.41, 32.88, 0, 0
2.00, 5.70, 25.75, 25.75, 4062.97, 20.00, 4.63, 28.33, 22.59, 0.00, 207.77, 0.00, 5.50, 31.19, 0, 0
2.00, 5.70, 26.27, 26.27, 4514.73, 20.00, 4.63, 28.89, 23.09, 0.00, 200.39, 0.00, 31.97, 34.88, 0, 0
2.00, 5.70, 26.60, 26.60, 4738.95, 20.00, 4.63, 28.89, 23.09, 0.00, 182.20, 0.00, 52.33, 42.55, 0, 0
2.00, 5.70, 26.80, 26.80, 4824.41, 20.00, 4.63, 28.89, 23.09, 0.00, 146.59, 0.00, 67.39, 52.40, 0, 0
2.00, 5.70, 26.86, 26.86, 4669.67, 20.00, 4.63, 28.33, 22.59, 0.00, 99.12, 0.00, 79.26, 63.29, 0, 0
2.00, 5.70, 26.82, 26.82, 4405.12, 20.00, 4.63, 27.22, 21.45, 0.00, 47.38, 0.00, 90.00, 74.59, 0, 0
2.00, 5.70, 26.73, 26.73, 4179.03, 20.00, 4.63, 26.11, 20.44, 0.00, 13.20, 0.00, 99.16, 85.92, 0, 0
2.00, 5.70, 26.64, 26.64, 3996.75, 20.00, 4.63, 25.00, 19.31, 0.00, 1.89, 0.00, 0.00, 90.00, 0, 0
2.00, 5.70, 26.55, 26.55, 3834.43, 20.00, 4.63, 23.89, 18.30, 0.00, 0.00, 0.00, 0.00, 90.00, 0, 0
2.00, 5.70, 26.47, 26.47, 3714.78, 20.00, 4.63, 23.33, 17.68, 0.00, 0.00, 0.00, 0.00, 90.00, 0, 0
2.00, 5.70, 26.38, 26.38, 3562.94, 20.00, 4.63, 22.22, 16.55, 0.00, 0.00, 0.00, 0.00, 90.00, 0, 0
2.00, 5.70, 26.29, 26.29, 3404.43, 20.00, 4.63, 21.11, 15.42, 0.00, 0.00, 0.00, 0.00, 90.00, 0, 0
2.00, 5.70, 26.20, 26.20, 3239.09, 20.00, 4.63, 20.00, 14.30, 0.00, 0.00, 0.00, 0.00, 90.00, 0, 0
2.00, 5.70, 26.11, 26.11, 3105.81, 20.00, 4.63, 19.44, 13.67, 0.00, 0.00, 0.00, 0.00, 90.00, 0, 0
2.00, 5.70, 26.01, 26.01, 2936.16, 20.00, 4.63, 18.33, 12.67, 0.00, 0.00, 0.00, 0.00, 90.00, 0, 0
2.00, 5.70, 25.91, 25.91, 2796.61, 20.00, 4.63, 17.78, 12.05, 0.00, 0.00, 0.00, 0.00, 90.00, 0, 0
2.00, 5.70, 25.00, 25.00, 1711.74, 20.00, 4.63, 16.67, 10.94, 0.00, 0.00, 0.00, 0.00, 90.00, 0, 0
2.00, 5.70, 24.93, 24.93, 1634.96, 20.00, 4.63, 16.67, 10.94, 0.00, 3.77, 0.00, 0.00, 90.00, 0, 0
2.00, 5.70, 25.00, 25.00, 3315.80, 20.00, 4.63, 17.78, 12.05, 282.97, 28.59, 9.69, -95.13, 81.77, 0, 0
2.00, 5.70, 25.00, 25.00, 3832.06, 20.00, 4.63, 19.44, 13.80, 396.91, 69.06, 20.12, -85.33, 70.41, 0, 0
2.00, 5.70, 25.00, 25.00, 4070.04, 20.00, 4.63, 21.67, 15.92, 519.92, 106.14, 34.09, -74.58, 59.22, 0, 0
2.00, 5.70, 25.00, 25.00, 3746.07, 20.00, 4.63, 23.33, 17.55, 310.69, 154.90, 48.62, -61.68, 48.66, 0, 0
2.00, 5.70, 25.00, 25.00, 3849.44, 20.00, 4.63, 24.44, 18.68, 148.64, 187.88, 63.34, -44.83, 39.53, 0, 0
2.00, 5.70, 25.00, 25.00, 4235.40, 20.00, 4.63, 26.11, 20.18, 86.40, 202.60, 78.12, -22.08, 33.21, 0, 0
2.00, 5.70, 25.86, 25.86, 4382.51, 20.00, 4.63, 27.22, 21.31, 0.00, 199.18, 0.00, 5.59, 31.56, 0, 0
2.00, 5.70, 26.46, 26.46, 4929.05, 20.00, 4.63, 28.33, 22.30, 0.00, 180.74, 0.00, 31.82, 35.25, 0, 0
2.00, 5.70, 26.80, 26.80, 5028.34, 20.00, 4.63, 28.33, 22.30, 0.00, 170.97, 0.00, 52.09, 42.89, 0, 0
2.00, 5.70, 26.95, 26.95, 4963.91, 20.00, 4.63, 28.33, 22.30, 0.00, 148.24, 0.00, 67.13, 52.71, 0, 0
2.00, 5.70, 26.98, 26.98, 4769.14, 20.00, 4.63, 27.78, 21.81, 0.00, 101.37, 0.00, 79.00, 63.59, 0, 0
2.00, 5.70, 26.90, 26.90, 4451.06, 20.00, 4.63, 26.11, 20.18, 0.00, 48.14, 0.00, 90.00, 74.89, 0, 0
2.00, 5.70, 26.79, 26.79, 4199.88, 20.00, 4.63, 25.00, 19.04, 0.00, 15.08, 0.00, 98.93, 86.22, 0, 0
2.00, 5.70, 26.68, 26.68, 3992.96, 20.00, 4.63, 23.89, 17.91, 0.00, 1.89, 0.00, 0.00, 90.00, 0, 0
2.00, 5.70, 26.57, 26.57, 3813.37, 20.00, 4.63, 22.78, 16.92, 0.00, 0.00, 0.00, 0.00, 90.00, 0, 0
2.00, 5.70, 26.46, 26.46, 3640.52, 20.00, 4.63, 21.67, 15.79, 0.00, 0.00, 0.00, 0.00, 90.00, 0, 0
2.00, 5.70, 26.36, 26.36, 3466.86, 20.00, 4.63, 20.56, 14.67, 0.00, 0.00, 0.00, 0.00, 90.00, 0, 0
2.00, 5.70, 26.25, 26.25, 3289.72, 20.00, 4.63, 19.44, 13.41, 0.00, 0.00, 0.00, 0.00, 90.00, 0, 0
2.00, 5.70, 26.14, 26.14, 3108.08, 20.00, 4.63, 18.33, 12.43, 0.00, 0.00, 0.00, 0.00, 90.00, 0, 0
2.00, 5.70, 26.04, 26.04, 2959.83, 20.00, 4.63, 17.78, 11.80, 0.00, 0.00, 0.00, 0.00, 90.00, 0, 0
2.00, 5.70, 25.92, 25.92, 2775.92, 20.00, 4.63, 16.67, 10.68, 0.00, 0.00, 0.00, 0.00, 90.00, 0, 0
2.00, 5.70, 25.80, 25.80, 2583.91, 20.00, 4.63, 15.56, 9.57, 0.00, 0.00, 0.00, 0.00, 90.00, 0, 0
2.00, 5.70, 25.00, 25.00, 1303.87, 20.00, 4.63, 14.44, 8.46, 0.00, 0.00, 0.00, 0.00, 90.00, 0, 0
2.00, 5.70, 24.72, 24.72, 989.00, 20.00, 4.63, 13.89, 7.84, 0.00, 0.00, 0.00, 0.00, 90.00, 0, 0
2.00, 5.70, 25.00, 25.00, 3209.90, 20.00, 4.63, 15.00, 8.95, 370.40, 26.66, 9.36, -94.79, 81.95, 0, 0
2.00, 5.70, 25.00, 25.00, 4253.87, 20.00, 4.63, 17.22, 11.17, 628.33, 59.20, 20.03, -84.97, 70.59, 0, 0
2.00, 5.70, 25.00, 25.00, 4057.56, 20.00, 4.63, 19.44, 13.41, 676.79, 85.57, 34.07, -74.20, 59.41, 0, 0
2.00, 5.70, 25.00, 25.00, 3611.29, 20.00, 4.63, 21.11, 15.16, 493.97, 128.95, 48.65, -61.27, 48.89, 0, 0
2.00, 5.70, 25.00, 25.00, 3782.36, 20.00, 4.63, 22.78, 16.78, 282.68, 166.32, 63.38, -44.42, 39.81, 0, 0
2.00, 5.70, 25.00, 25.00, 4107.92, 20.00, 4.63, 24.44, 18.40, 126.65, 181.27, 78.18, -21.76, 33.55, 0, 0
2.00, 5.70, 25.83, 25.83, 4284.51, 20.00, 4.63, 25.56, 19.54, 0.00, 189.68, 0.00, 5.68, 31.94, 0, 0
2.00, 5.70, 26.39, 26.39, 4750.22, 20.00, 4.63, 26.11, 20.03, 0.00, 183.60, 0.00, 31.68, 35.62, 0, 0
2.00, 5.70, 26.70, 26.70, 4851.89, 20.00, 4.63, 26.11, 20.03, 0.00, 168.19, 0.00, 51.85, 43.24, 0, 0
2.00, 5.70, 26.85, 26.85, 4814.90, 20.00, 4.63, 26.11, 20.03, 0.00, 132.87, 0.00, 66.87, 53.03, 0, 0
2.00, 5.70, 26.88, 26.88, 4631.92, 20.00, 4.63, 25.56, 19.54, 0.00, 98.42, 0.00, 78.74, 63.89, 0, 0
2.00, 5.70, 26.82, 26.82, 4379.72, 20.00, 4.63, 24.44, 18.55, 0.00, 51.81, 0.00, 90.00, 75.18, 0, 0
2.00, 5.70, 26.69, 26.69, 4029.22, 20.00, 4.63, 22.78, 16.92, 0.00, 24.51, 0.00, 98.69, 86.52, 0, 0
2.00, 5.70, 26.56, 26.56, 3808.83, 20.00, 4.63, 22.22, 16.42, 0.00, 0.00, 0.00, 0.00, 90.00, 0, 0
2.00, 5.70, 26.44, 26.44, 3615.36, 20.00, 4.63, 21.11, 15.30, 0.00, 0.00, 0.00, 0.00, 90.00, 0, 0
2.00, 5.70, 26.35, 26.35, 3504.41, 20.00, 4.63, 21.11, 15.30, 0.00, 0.00, 0.00, 0.00, 90.00, 0, 0
2.00, 5.70, 26.26, 26.26, 3373.05, 20.00, 4.63, 20.56, 14.80, 0.00, 0.00, 0.00, 0.00, 90.00, 0, 0
2.00, 5.70, 26.17, 26.17, 3205.20, 20.00, 4.63, 19.44, 13.67, 0.00, 0.00, 0.00, 0.00, 90.00, 0, 0
2.00, 5.70, 26.09, 26.09, 3106.43, 20.00, 4.63, 19.44, 13.55, 0.00, 0.00, 0.00, 0.00, 90.00, 0, 0
2.00, 5.70, 26.01, 26.01, 2979.65, 20.00, 4.63, 18.89, 13.05, 0.00, 0.00, 0.00, 0.00, 90.00, 0, 0
2.00, 5.70, 25.94, 25.94, 2889.86, 20.00, 4.63, 18.89, 13.05, 0.00, 0.00, 0.00, 0.00, 90.00, 0, 0
2.00, 5.70, 25.86, 25.86, 2768.32, 20.00, 4.63, 18.33, 12.55, 0.00, 0.00, 0.00, 0.00, 90.00, 0, 0
2.00, 5.70, 25.00, 25.00, 1976.99, 20.00, 4.63, 18.33, 12.55, 0.00, 0.00, 0.00, 0.00, 90.00, 0, 0
2.00, 5.70, 25.00, 25.00, 1960.02, 20.00, 4.63, 18.33, 12.67, 0.00, 0.00, 0.00, 0.00, 90.00, 0, 0
2.00, 5.70, 25.00, 25.00, 2401.32, 20.00, 4.63, 18.89, 13.29, 62.31, 25.88, 9.03, -94.45, 82.13, 0, 0
2.00, 5.70, 25.00, 25.00, 2467.55, 20.00, 4.63, 20.00, 14.42, 29.65, 60.83, 19.94, -84.62, 70.77, 0, 0
2.00, 5.70, 25.00, 25.00, 2870.23, 20.00, 4.63, 21.67, 16.05, 62.72, 109.18, 34.06, -73.82, 59.61, 0, 0
2.00, 5.70, 25.00, 25.00, 2888.39, 20.00, 4.63, 22.22, 16.55, 22.91, 118.81, 48.67, -60.86, 49.11, 0, 0
2.00, 5.70, 25.00, 25.00, 2933.77, 20.00, 4.63, 22.78, 17.17, 2.82, 103.19, 63.43, -44.00, 40.08, 0, 0
2.00, 5.70, 25.00, 25.00, 3141.10, 20.00, 4.63, 23.33, 17.68, 5.78, 152.33, 78.25, -21.43, 33.89, 0, 0
2.00, 5.70, 25.49, 25.49, 3282.81, 20.00, 4.63, 24.44, 18.68, 0.00, 192.72, 0.00, 5.77, 32.32, 0, 0
2.00, 5.70, 25.82, 25.82, 3542.79, 20.00, 4.63, 25.00, 19.31, 0.00, 183.27, 0.00, 31.55, 36.00, 0, 0
2.00, 5.70, 26.03, 26.03, 3692.07, 20.00, 4.63, 25.00, 19.31, 0.00, 165.04, 0.00, 51.61, 43.58, 0, 0
2.00, 5.70, 26.12, 26.12, 3645.98, 20.00, 4.63, 25.00, 19.31, 0.00, 115.12, 0.00, 66.60, 53.35, 0, 0
2.00, 5.70, 26.16, 26.16, 3632.74, 20.00, 4.63, 25.00, 19.31, 0.00, 87.68, 0.00, 78.49, 64.19, 0, 0
2.00, 5.70, 26.16, 26.16, 3526.42, 20.00, 4.63, 24.44, 18.81, 0.00, 51.52, 0.00, 90.00, 75.48, 0, 0
2.00, 5.70, 26.10, 26.10, 3334.05, 20.00, 4.63, 23.89, 18.30, 0.00, 16.97, 0.00, 98.46, 86.82, 0, 0
2.00, 5.70, 26.02, 26.02, 3193.65, 20.00, 4.63, 23.33, 17.68, 0.00, 0.00, 0.00, 0.00, 90.00, 0, 0
2.00, 5.70, 25.96, 25.96, 3091.03, 20.00, 4.63, 22.78, 17.17, 0.00, 0.00, 0.00, 0.00, 90.00, 0, 0
2.00, 5.70, 25.88, 25.88, 2953.92, 20.00, 4.63, 21.67, 16.05, 0.00, 0.00, 0.00, 0.00, 90.00, 0, 0
2.00, 5.70, 25.81, 25.81, 2847.62, 20.00, 4.63, 21.11, 15.54, 0.00, 0.00, 0.00, 0.00, 90.00, 0, 0
2.00, 5.70, 25.74, 25.74, 2742.50, 20.00, 4.63, 20.56, 14.92, 0.00, 0.00, 0.00, 0.00, 90.00, 0, 0
2.00, 5.70, 25.67, 25.67, 2636.78, 20.00, 4.63, 20.00, 14.30, 0.00, 0.00, 0.00, 0.00, 90.00, 0, 0
2.00, 5.70, 25.59, 25.59, 2529.50, 20.00, 4.63, 19.44, 13.80, 0.00, 0.00, 0.00, 0.00, 90.00, 0, 0
2.00, 5.70, 25.51, 25.51, 2381.04, 20.00, 4.63, 18.33, 12.67, 0.00, 0.00, 0.00, 0.00, 90.00, 0, 0
2.00, 5.70, 25.42, 25.42, 2260.00, 20.00, 4.63, 17.78, 12.17, 0.00, 0.00, 0.00, 0.00, 90.00, 0, 0
2.00, 5.70, 25.00, 25.00, 1604.50, 20.00, 4.63, 17.22, 11.67, 0.00, 0.00, 0.00, 0.00, 90.00, 0, 0
2.00, 5.70, 24.82, 24.82, 1478.52, 20.00, 4.63, 17.22, 11.67, 0.00, 0.00, 0.00, 0.00, 90.00, 0, 0
2.00, 5.70, 25.00, 25.00, 4721.94, 20.00, 4.63, 18.33, 12.79, 573.76, 23.64, 8.71, -94.11, 82.32, 0, 0
2.00, 5.70, 25.00, 25.00, 4601.97, 20.00, 4.63, 20.00, 14.42, 581.52, 59.97, 19.86, -84.26, 70.96, 0, 0
2.00, 5.70, 25.00, 25.00, 4547.73, 20.00, 4.63, 22.22, 16.67, 682.12, 90.17, 34.06, -73.44, 59.81, 0, 0
2.00, 5.70, 25.00, 25.00, 4392.61, 20.00, 4.63, 25.00, 19.31, 655.80, 104.27, 48.70, -60.45, 49.34, 0, 0
2.00, 5.70, 25.00, 25.00, 4601.36, 20.00, 4.63, 26.67, 20.95, 460.57, 122.09, 63.48, -43.59, 40.36, 0, 0
2.00, 5.70, 25.00, 25.00, 4978.76, 20.00, 4.63, 28.33, 22.59, 214.71, 133.76, 78.31, -21.11, 34.23, 0, 0
2.00, 5.70, 26.01, 26.01, 4961.30, 20.00, 4.63, 30.00, 24.23, 0.00, 146.55, 0.00, 5.86, 32.70, 0, 0
2.00, 5.70, 26.65, 26.65, 5411.04, 20.00, 4.63, 30.56, 24.73, 0.00, 144.07, 0.00, 31.41, 36.38, 0, 0
2.00, 5.70, 27.06, 27.06, 5638.35, 20.00, 4.63, 31.11, 25.23, 0.00, 120.49, 0.00, 51.37, 43.93, 0, 0
2.00, 5.70, 27.29, 27.29, 5691.15, 20.00, 4.63, 31.11, 25.23, 0.00, 96.60, 0.00, 66.34, 53.67, 0, 0
2.00, 5.70, 27.37, 27.37, 5523.84, 20.00, 4.63, 30.56, 24.58, 0.00, 85.37, 0.00, 78.23, 64.50, 0, 0
2.00, 5.70, 27.30, 27.30, 5147.03, 20.00, 4.63, 29.44, 23.59, 0.00, 50.38, 0.00, 90.00, 75.79, 0, 0
2.00, 5.70, 27.16, 27.16, 4782.97, 20.00, 4.63, 27.78, 21.95, 0.00, 13.20, 0.00, 98.22, 87.13, 0, 0
2.00, 5.70, 27.04, 27.04, 4561.69, 20.00, 4.63, 26.67, 20.81, 0.00, 0.00, 0.00, 0.00, 90.00, 0, 0
2.00, 5.70, 26.93, 26.93, 4381.49, 20.00, 4.63, 25.56, 19.68, 0.00, 0.00, 0.00, 0.00, 90.00, 0, 0
2.00, 5.70, 26.83, 26.83, 4210.11, 20.00, 4.63, 24.44, 18.55, 0.00, 0.00, 0.00, 0.00, 90.00, 0, 0
2.00, 5.70, 26.73, 26.73, 4041.19, 20.00, 4.63, 23.33, 17.42, 0.00, 0.00, 0.00, 0.00, 90.00, 0, 0
2.00, 5.70, 26.63, 26.63, 3870.92, 20.00, 4.63, 22.22, 16.15, 0.00, 0.00, 0.00, 0.00, 90.00, 0, 0
2.00, 5.70, 26.53, 26.53, 3697.67, 20.00, 4.63, 21.11, 15.30, 0.00, 0.00, 0.00, 0.00, 90.00, 0, 0
2.00, 5.70, 26.43, 26.43, 3519.73, 20.00, 4.63, 20.00, 14.17, 0.00, 0.00, 0.00, 0.00, 90.00, 0, 0
2.00, 5.70, 26.32, 26.32, 3336.54, 20.00, 4.63, 18.89, 13.05, 0.00, 0.00, 0.00, 0.00, 90.00, 0, 0
2.00, 5.70, 26.20, 26.20, 3147.71, 20.00, 4.63, 17.78, 11.93, 0.00, 0.00, 0.00, 0.00, 90.00, 0, 0
2.00, 5.70, 25.00, 25.00, 1858.80, 20.00, 4.63, 16.67, 10.81, 0.00, 0.00, 0.00, 0.00, 90.00, 0, 0
2.00, 5.70, 24.93, 24.93, 1571.04, 20.00, 4.63, 15.56, 9.70, 0.00, 0.00, 0.00, 0.00, 90.00, 0, 0
2.00, 5.70, 25.00, 25.00, 3766.12, 20.00, 4.63, 17.22, 11.31, 362.02, 27.16, 8.39, -93.76, 82.50, 0, 0
2.00, 5.70, 25.00, 25.00, 4182.59, 20.00, 4.63, 19.44, 13.67, 439.31, 66.39, 19.79, -83.90, 71.14, 0, 0
2.00, 5.70, 25.00, 25.00, 4279.77, 20.00, 4.63, 21.67, 15.79, 530.53, 97.28, 34.06, -73.05, 60.01, 0, 0
2.00, 5.70, 25.00, 25.00, 4058.34, 20.00, 4.63, 23.33, 17.55, 463.96, 131.46, 48.74, -60.04, 49.57, 0, 0
2.00, 5.70, 25.00, 25.00, 4431.05, 20.00, 4.63, 25.56, 19.68, 361.29, 152.35, 63.54, -43.17, 40.64, 0, 0
2.00, 5.70, 25.00, 25.00, 4787.52, 20.00, 4.63, 27.22, 21.31, 165.80, 166.40, 78.38, -20.79, 34.57, 0, 0
2.00, 5.70, 26.02, 26.02, 4823.72, 20.00, 4.63, 28.33, 22.45, 0.00, 173.45, 0.00, 5.95, 33.08, 0, 0
2.00, 5.70, 26.66, 26.66, 5249.34, 20.00, 4.63, 28.89, 22.95, 0.00, 176.73, 0.00, 31.28, 36.76, 0, 0
2.00, 5.70, 27.07, 27.07, 5495.45, 20.00, 4.63, 28.89, 23.09, 0.00, 155.11, 0.00, 51.14, 44.28, 0, 0
2.00, 5.70, 27.27, 27.27, 5460.20, 20.00, 4.63, 28.89, 22.95, 0.00, 132.92, 0.00, 66.08, 54.00, 0, 0
2.00, 5.70, 27.32, 27.32, 5239.91, 20.00, 4.63, 27.78, 21.95, 0.00, 93.23, 0.00, 77.97, 64.81, 0, 0
2.00, 5.70, 27.24, 27.24, 4901.06, 20.00, 4.63, 26.11, 20.31, 0.00, 52.81, 0.00, 90.00, 76.09, 0, 0
2.00, 5.70, 27.12, 27.12, 4621.90, 20.00, 4.63, 25.56, 19.81, 0.00, 16.97, 0.00, 97.99, 87.44, 0, 0
2.00, 5.70, 27.00, 27.00, 4395.62, 20.00, 4.63, 24.44, 18.81, 0.00, 0.00, 0.00, 0.00, 90.00, 0, 0
2.00, 5.70, 26.91, 26.91, 4249.02, 20.00, 4.63, 23.89, 18.18, 0.00, 0.00, 0.00, 0.00, 90.00, 0, 0
2.00, 5.70, 26.82, 26.82, 4116.60, 20.00, 4.63, 23.33, 17.68, 0.00, 0.00, 0.00, 0.00, 90.00, 0, 0
2.00, 5.70, 26.75, 26.75, 3991.32, 20.00, 4.63, 22.78, 17.05, 0.00, 0.00, 0.00, 0.00, 90.00, 0, 0
2.00, 5.70, 26.66, 26.66, 3830.70, 20.00, 4.63, 21.67, 16.05, 0.00, 0.00, 0.00, 0.00, 90.00, 0, 0
2.00, 5.70, 26.58, 26.58, 3700.68, 20.00, 4.63, 21.11, 15.42, 0.00, 0.00, 0.00, 0.00, 90.00, 0, 0
2.00, 5.70, 26.50, 26.50, 3572.52, 20.00, 4.63, 20.56, 14.80, 0.00, 0.00, 0.00, 0.00, 90.00, 0, 0
2.00, 5.70, 26.41, 26.41, 3405.82, 20.00, 4.63, 19.44, 13.67, 0.00, 0.00, 0.00, 0.00, 90.00, 0, 0
2.00, 5.70, 26.32, 26.32, 3268.29, 20.00, 4.63, 18.89, 13.17, 0.00, 0.00, 0.00, 0.00, 90.00, 0, 0
2.00, 5.70, 25.00, 25.00, 2182.97, 20.00, 4.63, 17.78, 12.05, 0.00, 0.00, 0.00, 0.00, 90.00, 0, 0
2.00, 5.70, 25.00, 25.00, 2107.37, 20.00, 4.63, 17.22, 11.56, 0.00, 0.00, 0.00, 0.00, 90.00, 0, 0
2.00, 5.70, 25.00, 25.00, 3518.68, 20.00, 4.63, 18.89, 13.41, 256.11, 28.88, 8.07, -93.41, 82.68, 0, 0
2.00, 5.70, 25.00, 25.00, 4564.50, 20.00, 4.63, 22.22, 16.67, 528.57, 74.66, 19.72, -83.53, 71.33, 0, 0
2.00, 5.70, 25.00, 25.00, 3303.98, 20.00, 4.63, 23.33, 17.91, 188.16, 119.25, 34.06, -72.67, 60.21, 0, 0
2.00, 5.70, 25.00, 25.00, 3100.57, 20.00, 4.63, 24.44, 18.93, 79.00, 163.29, 48.77, -59.63, 49.81, 0, 0
2.00, 5.70, 25.00, 25.00, 3090.70, 20.00, 4.63, 25.00, 19.55, 28.06, 181.82, 63.59, -42.76, 40.92, 0, 0
2.00, 5.70, 25.00, 25.00, 3190.42, 20.00, 4.63, 25.56, 20.06, 20.20, 205.86, 78.45, -20.47, 34.92, 0, 0
2.00, 5.70, 25.79, 25.79, 4051.26, 20.00, 4.63, 26.67, 21.20, 0.00, 221.20, 0.00, 6.05, 33.47, 0, 0
2.00, 5.70, 26.34, 26.34, 4542.55, 20.00, 4.63, 27.22, 21.82, 0.00, 208.91, 0.00, 31.16, 37.14, 0, 0
2.00, 5.70, 26.68, 26.68, 4751.79, 20.00, 4.63, 27.78, 22.33, 0.00, 186.48, 0.00, 50.91, 44.64, 0, 0
2.00, 5.70, 26.89, 26.89, 4845.21, 20.00, 4.63, 27.78, 22.33, 0.00, 140.70, 0.00, 65.83, 54.33, 0, 0
2.00, 5.70, 26.97, 26.97, 4764.69, 20.00, 4.63, 27.22, 21.94, 0.00, 89.62, 0.00, 77.72, 65.13, 0, 0
2.00, 5.70, 26.94, 26.94, 4515.31, 20.00, 4.63, 26.11, 20.80, 0.00, 46.27, 0.00, 90.00, 76.40, 0, 0
2.00, 5.70, 26.85, 26.85, 4251.64, 20.00, 4.63, 25.56, 20.29, 0.00, 22.63, 0.00, 97.75, 87.75, 0, 0
2.00, 5.70, 26.76, 26.76, 4073.75, 20.00, 4.63, 25.00, 19.78, 0.00, 0.00, 0.00, 0.00, 90.00, 0, 0
2.00, 5.70, 26.68, 26.68, 3952.15, 20.00, 4.63, 24.44, 19.26, 0.00, 0.00, 0.00, 0.00, 90.00, 0, 0
2.00, 5.70, 26.61, 26.61, 3840.47, 20.00, 4.63, 23.89, 18.75, 0.00, 0.00, 0.00, 0.00, 90.00, 0, 0
2.00, 5.70, 26.56, 26.56, 3772.07, 20.00, 4.63, 23.89, 18.75, 0.00, 0.00, 0.00, 0.00, 90.00, 0, 0
2.00, 5.70, 26.49, 26.49, 3636.99, 20.00, 4.63, 22.78, 17.72, 0.00, 0.00, 0.00, 0.00, 90.00, 0, 0
2.00, 5.70, 26.44, 26.44, 3567.89, 20.00, 4.63, 22.78, 17.62, 0.00, 0.00, 0.00, 0.00, 90.00, 0, 0
2.00, 5.70, 26.39, 26.39, 3507.50, 20.00, 4.63, 22.78, 17.51, 0.00, 0.00, 0.00, 0.00, 90.00, 0, 0
2.00, 5.70, 26.36, 26.36, 3453.02, 20.00, 4.63, 22.78, 17.62, 0.00, 0.00, 0.00, 0.00, 90.00, 0, 0
2.00, 5.70, 26.32, 26.32, 3402.37, 20.00, 4.63, 22.78, 17.62, 0.00, 0.00, 0.00, 0.00, 90.00, 0, 0
2.00, 5.70, 25.00, 25.00, 2791.14, 20.00, 4.63, 22.78, 17.62, 0.00, 0.00, 0.00, 0.00, 90.00, 0, 0
2.00, 5.70, 25.00, 25.00, 2788.02, 20.00, 4.63, 22.78, 17.72, 0.00, 0.00, 0.00, 0.00, 90.00, 0, 0
2.00, 5.70, 25.00, 25.00, 2890.52, 20.00, 4.63, 23.33, 18.33, 0.00, 9.43, 7.76, -93.06, 82.87, 0, 0
2.00, 5.70, 25.00, 25.00, 3032.44, 20.00, 4.63, 23.89, 18.95, 0.00, 37.71, 19.67, -83.17, 71.51, 0, 0
2.00, 5.70, 25.00, 25.00, 3147.69, 20.00, 4.63, 24.44, 19.47, 0.00, 49.02, 34.08, -72.28, 60.41, 0, 0
2.00, 5.70, 25.00, 25.00, 3160.00, 20.00, 4.63, 24.44, 19.47, 0.00, 52.80, 48.81, -59.22, 50.04, 0, 0
2.00, 5.70, 25.00, 25.00, 3265.36, 20.00, 4.63, 25.00, 19.98, 0.00, 58.45, 63.65, -42.35, 41.21, 0, 0
2.00, 5.70, 25.00, 25.00, 3275.83, 20.00, 4.63, 25.00, 19.98, 0.00, 60.34, 78.53, -20.15, 35.27, 0, 0
2.00, 5.70, 25.42, 25.42, 2975.92, 20.00, 4.63, 25.00, 19.98, 0.00, 69.76, 0.00, 6.14, 33.86, 0, 0
2.00, 5.70, 25.66, 25.66, 3086.05, 20.00, 4.63, 25.00, 19.98, 0.00, 39.60, 0.00, 31.03, 37.53, 0, 0
2.00, 5.70, 25.79, 25.79, 3135.02, 20.00, 4.63, 25.00, 19.88, 0.00, 20.74, 0.00, 50.68, 45.00, 0, 0
2.00, 5.70, 25.87, 25.87, 3165.38, 20.00, 4.63, 24.44, 19.37, 0.00, 28.28, 0.00, 65.57, 54.67, 0, 0
2.00, 5.70, 25.90, 25.90, 3164.99, 20.00, 4.63, 24.44, 19.37, 0.00, 18.86, 0.00, 77.46, 65.45, 0, 0
2.00, 5.70, 25.92, 25.92, 3144.87, 20.00, 4.63, 24.44, 19.37, 0.00, 9.43, 0.00, 90.00, 76.72, 0, 0
2.00, 5.70, 25.90, 25.90, 3077.38, 20.00, 4.63, 23.89, 18.85, 0.00, 1.89, 0.00, 97.52, 88.06, 0, 0
2.00, 5.70, 25.89, 25.89, 3046.31, 20.00, 4.63, 23.89, 18.85, 0.00, 0.00, 0.00, 0.00, 90.00, 0, 0
2.00, 5.70, 25.86, 25.86, 2981.94, 20.00, 4.63, 23.33, 18.33, 0.00, 0.00, 0.00, 0.00, 90.00, 0, 0
2.00, 5.70, 25.83, 25.83, 2948.51, 20.00, 4.63, 23.33, 18.33, 0.00, 0.00, 0.00, 0.00, 90.00, 0, 0
2.00, 5.70, 25.81, 25.81, 2917.85, 20.00, 4.63, 23.33, 18.23, 0.00, 0.00, 0.00, 0.00, 90.00, 0, 0
2.00, 5.70, 25.79, 25.79, 2889.05, 20.00, 4.63, 23.33, 18.23, 0.00, 0.00, 0.00, 0.00, 90.00, 0, 0
2.00, 5.70, 25.75, 25.75, 2784.01, 20.00, 4.63, 22.22, 17.10, 0.00, 0.00, 0.00, 0.00, 90.00, 0, 0
2.00, 5.70, 25.70, 25.70, 2700.60, 20.00, 4.63, 21.67, 16.59, 0.00, 0.00, 0.00, 0.00, 90.00, 0, 0
2.00, 5.70, 25.64, 25.64, 2613.10, 20.00, 4.63, 21.11, 15.98, 0.00, 0.00, 0.00, 0.00, 90.00, 0, 0
2.00, 5.70, 25.58, 25.58, 2522.00, 20.00, 4.63, 20.56, 15.46, 0.00, 0.00, 0.00, 0.00, 90.00, 0, 0
2.00, 5.70, 25.00, 25.00, 2005.42, 20.00, 4.63, 19.44, 14.33, 0.00, 0.00, 0.00, 0.00, 90.00, 0, 0
2.00, 5.70, 24.95, 24.95, 1877.14, 20.00, 4.63, 18.89, 13.82, 0.00, 0.00, 0.00, 0.00, 90.00, 0, 0
2.00, 5.70, 25.00, 25.00, 2137.04, 20.00, 4.63, 20.00, 14.95, 0.00, 32.05, 7.45, -92.71, 83.05, 0, 0
2.00, 5.70, 25.00, 25.00, 3179.41, 20.00, 4.63, 21.67, 16.59, 175.31, 74.65, 19.62, -82.80, 71.70, 0, 0
2.00, 5.70, 25.00, 25.00, 4105.56, 20.00, 4.63, 23.89, 18.85, 462.40, 108.90, 34.09, -71.89, 60.61, 0, 0
2.00, 5.70, 25.00, 25.00, 4039.40, 20.00, 4.63, 26.11, 21.02, 363.20, 148.92, 48.86, -58.80, 50.28, 0, 0
2.00, 5.70, 25.00, 25.00, 4375.30, 20.00, 4.63, 27.78, 22.67, 293.36, 173.81, 63.71, -41.94, 41.50, 0, 0
2.00, 5.70, 25.00, 25.00, 4488.44, 20.00, 4.63, 28.89, 23.70, 69.19, 211.08, 78.60, -19.83, 35.62, 0, 0
2.00, 5.70, 25.71, 25.71, 4047.58, 20.00, 4.63, 29.44, 24.21, 0.00, 222.26, 0.00, 6.23, 34.25, 0, 0
2.00, 5.70, 26.17, 26.17, 4388.95, 20.00, 4.63, 29.44, 24.21, 0.00, 209.66, 0.00, 30.91, 37.91, 0, 0
2.00, 5.70, 26.45, 26.45, 4517.35, 20.00, 4.63, 29.44, 24.21, 0.00, 184.98, 0.00, 50.46, 45.36, 0, 0
2.00, 5.70, 26.57, 26.57, 4452.81, 20.00, 4.63, 28.89, 23.59, 0.00, 141.64, 0.00, 65.32, 55.00, 0, 0
2.00, 5.70, 26.63, 26.63, 4395.48, 20.00, 4.63, 28.33, 23.07, 0.00, 99.21, 0.00, 77.21, 65.77, 0, 0
2.00, 5.70, 26.60, 26.60, 4190.54, 20.00, 4.63, 27.22, 22.05, 0.00, 51.21, 0.00, 90.00, 77.03, 0, 0
2.00, 5.70, 26.51, 26.51, 3947.38, 20.00, 4.63, 26.11, 20.91, 0.00, 11.31, 0.00, 97.28, 88.38, 0, 0
2.00, 5.70, 26.43, 26.43, 3808.71, 20.00, 4.63, 25.56, 20.40, 0.00, 0.00, 0.00, 0.00, 90.00, 0, 0
2.00, 5.70, 26.37, 26.37, 3703.70, 20.00, 4.63, 25.00, 19.78, 0.00, 0.00, 0.00, 0.00, 90.00, 0, 0
2.00, 5.70, 26.31, 26.31, 3605.98, 20.00, 4.63, 24.44, 19.26, 0.00, 0.00, 0.00, 0.00, 90.00, 0, 0
2.00, 5.70, 26.25, 26.25, 3510.74, 20.00, 4.63, 23.89, 18.64, 0.00, 0.00, 0.00, 0.00, 90.00, 0, 0
2.00, 5.70, 26.20, 26.20, 3415.53, 20.00, 4.63, 23.33, 18.02, 0.00, 0.00, 0.00, 0.00, 90.00, 0, 0
2.00, 5.70, 26.14, 26.14, 3319.13, 20.00, 4.63, 22.78, 17.51, 0.00, 0.00, 0.00, 0.00, 90.00, 0, 0
2.00, 5.70, 26.07, 26.07, 3181.99, 20.00, 4.63, 21.67, 16.38, 0.00, 0.00, 0.00, 0.00, 90.00, 0, 0
2.00, 5.70, 26.00, 26.00, 3072.18, 20.00, 4.63, 21.11, 15.77, 0.00, 0.00, 0.00, 0.00, 90.00, 0, 0
2.00, 5.70, 25.93, 25.93, 2962.05, 20.00, 4.63, 20.56, 15.26, 0.00, 0.00, 0.00, 0.00, 90.00, 0, 0
2.00, 5.70, 25.00, 25.00, 2180.66, 20.00, 4.63, 19.44, 14.13, 0.00, 0.00, 0.00, 0.00, 90.00, 0, 0
2.00, 5.70, 25.00, 25.00, 2074.66, 20.00, 4.63, 18.89, 13.52, 0.00, 0.00, 0.00, 0.00, 90.00, 0, 0
2.00, 5.70, 25.00, 25.00, 2297.59, 20.00, 4.63, 20.00, 14.64, 0.00, 28.28, 6.76, -90.00, 83.24, 0, 0
2.00, 5.70, 25.00, 25.00, 3465.46, 20.00, 4.63, 22.22, 16.89, 187.25, 72.99, 19.58, -82.43, 71.89, 0, 0
2.00, 5.70, 25.00, 25.00, 3335.20, 20.00, 4.63, 23.33, 18.02, 101.86, 119.13, 34.11, -71.50, 60.82, 0, 0
2.00, 5.70, 25.00, 25.00, 3695.95, 20.00, 4.63, 25.00, 19.67, 167.95, 164.34, 48.91, -58.39, 50.51, 0, 0
2.00, 5.70, 25.00, 25.00, 4016.53, 20.00, 4.63, 26.67, 21.31, 112.90, 197.54, 63.78, -41.53, 41.79, 0, 0
2.00, 5.70, 25.00, 25.00, 4163.02, 20.00, 4.63, 27.22, 21.82, 42.72, 215.99, 78.68, -19.52, 35.97, 0, 0
2.00, 5.70, 25.73, 25.73, 4045.79, 20.00, 4.63, 28.33, 22.96, 0.00, 222.39, 0.00, 6.33, 34.65, 0, 0
2.00, 5.70, 26.17, 26.17, 4304.01, 20.00, 4.63, 28.89, 23.47, 0.00, 200.06, 0.00, 30.79, 38.31, 0, 0
2.00, 5.70, 26.48, 26.48, 4554.48, 20.00, 4.63, 28.89, 23.47, 0.00, 182.84, 0.00, 50.23, 45.73, 0, 0
2.00, 5.70, 26.64, 26.64, 4556.12, 20.00, 4.63, 28.89, 23.47, 0.00, 144.17, 0.00, 65.07, 55.34, 0, 0
2.00, 5.70, 26.70, 26.70, 4462.63, 20.00, 4.63, 28.33, 22.84, 0.00, 98.96, 0.00, 76.96, 66.09, 0, 0
2.00, 5.70, 26.64, 26.64, 4176.48, 20.00, 4.63, 26.67, 21.31, 0.00, 40.78, 0.00, 87.28, 77.35, 0, 0
2.00, 5.70, 26.56, 26.56, 3977.29, 20.00, 4.63, 26.11, 20.69, 0.00, 5.66, 0.00, 97.04, 88.70, 0, 0
2.00, 5.70, 26.47, 26.47, 3815.41, 20.00, 4.63, 25.00, 19.67, 0.00, 0.00, 0.00, 0.00, 90.00, 0, 0
2.00, 5.70, 26.40, 26.40, 3705.22, 20.00, 4.63, 24.44, 19.04, 0.00, 0.00, 0.00, 0.00, 90.00, 0, 0
2.00, 5.70, 26.33, 26.33, 3564.43, 20.00, 4.63, 23.33, 18.02, 0.00, 0.00, 0.00, 0.00, 90.00, 0, 0
2.00, 5.70, 26.26, 26.26, 3456.21, 20.00, 4.63, 22.78, 17.40, 0.00, 0.00, 0.00, 0.00, 90.00, 0, 0
2.00, 5.70, 26.19, 26.19, 3350.37, 20.00, 4.63, 22.22, 16.78, 0.00, 0.00, 0.00, 0.00, 90.00, 0, 0
2.00, 5.70, 26.11, 26.11, 3205.92, 20.00, 4.63, 21.11, 15.66, 0.00, 0.00, 0.00, 0.00, 90.00, 0, 0
2.00, 5.70, 26.04, 26.04, 3089.97, 20.00, 4.63, 20.56, 15.04, 0.00, 0.00, 0.00, 0.00, 90.00, 0, 0
2.00, 5.70, 25.95, 25.95, 2935.56, 20.00, 4.63, 19.44, 14.02, 0.00, 0.00, 0.00, 0.00, 90.00, 0, 0
2.00, 5.70, 25.87, 25.87, 2809.89, 20.00, 4.63, 18.89, 13.41, 0.00, 0.00, 0.00, 0.00, 90.00, 0, 0
2.00, 5.70, 25.00, 25.00, 1866.94, 20.00, 4.63, 17.78, 12.39, 0.00, 0.00, 0.00, 0.00, 90.00, 0, 0
2.00, 5.70, 24.93, 24.93, 1703.74, 20.00, 4.63, 17.22, 11.78, 0.00, 0.00, 0.00, 0.00, 90.00, 0, 0
2.00, 5.70, 24.92, 24.92, 1802.90, 20.00, 4.63, 17.78, 12.39, 0.00, 20.74, 6.58, -90.00, 83.42, 0, 0
2.00, 5.70, 25.00, 25.00, 3703.67, 20.00, 4.63, 20.56, 15.15, 332.95, 70.40, 19.55, -82.06, 72.08, 0, 0
2.00, 5.70, 25.00, 25.00, 3691.60, 20.00, 4.63, 22.78, 17.29, 287.21, 121.95, 34.14, -71.10, 61.02, 0, 0
2.00, 5.70, 25.00, 25.00, 3425.72, 20.00, 4.63, 23.89, 18.42, 91.14, 152.44, 48.96, -57.98, 50.76, 0, 0
2.00, 5.70, 25.00, 25.00, 3820.46, 20.00, 4.63, 25.56, 19.94, 115.41, 186.22, 63.85, -41.12, 42.08, 0, 0
2.00, 5.70, 25.00, 25.00, 3854.38, 20.00, 4.63, 26.11, 20.44, 20.90, 190.85, 78.76, -19.21, 36.33, 0, 0
2.00, 5.70, 25.59, 25.59, 3618.34, 20.00, 4.63, 26.67, 20.95, 0.00, 200.42, 0.00, 6.42, 35.04, 0, 0
2.00, 5.70, 26.02, 26.02, 4042.04, 20.00, 4.63, 27.22, 21.45, 0.00, 201.55, 0.00, 30.68, 38.70, 0, 0
2.00, 5.70, 26.36, 26.36, 4421.33, 20.00, 4.63, 27.78, 21.95, 0.00, 174.88, 0.00, 50.02, 46.09, 0, 0
2.00, 5.70, 26.59, 26.59, 4595.39, 20.00, 4.63, 27.78, 22.08, 0.00, 118.03, 0.00, 64.82, 55.69, 0, 0
2.00, 5.70, 26.69, 26.69, 4519.62, 20.00, 4.63, 27.78, 21.95, 0.00, 82.55, 0.00, 76.70, 66.42, 0, 0
2.00, 5.70, 26.65, 26.65, 4209.91, 20.00, 4.63, 26.67, 20.81, 0.00, 44.39, 0.00, 87.04, 77.67, 0, 0
2.00, 5.70, 26.54, 26.54, 3904.46, 20.00, 4.63, 25.00, 19.18, 0.00, 11.31, 0.00, 96.80, 89.02, 0, 0
2.00, 5.70, 26.43, 26.43, 3707.06, 20.00, 4.63, 23.89, 18.18, 0.00, 0.00, 0.00, 0.00, 90.00, 0, 0
2.00, 5.70, 26.32, 26.32, 3538.88, 20.00, 4.63, 22.78, 16.92, 0.00, 0.00, 0.00, 0.00, 90.00, 0, 0
2.00, 5.70, 26.21, 26.21, 3335.44, 20.00, 4.63, 21.11, 15.30, 0.00, 0.00, 0.00, 0.00, 90.00, 0, 0
2.00, 5.70, 26.10, 26.10, 3160.59, 20.00, 4.63, 20.00, 14.17, 0.00, 0.00, 0.00, 0.00, 90.00, 0, 0
2.00, 5.70, 25.98, 25.98, 2945.29, 20.00, 4.63, 18.33, 12.43, 0.00, 0.00, 0.00, 0.00, 90.00, 0, 0
2.00, 5.70, 25.85, 25.85, 2756.18, 20.00, 4.63, 17.22, 11.31, 0.00, 0.00, 0.00, 0.00, 90.00, 0, 0
2.00, 5.70, 25.73, 25.73, 2564.22, 20.00, 4.63, 16.11, 10.19, 0.00, 0.00, 0.00, 0.00, 90.00, 0, 0
2.00, 5.70, 25.60, 25.60, 2367.88, 20.00, 4.63, 15.00, 9.08, 0.00, 0.00, 0.00, 0.00, 90.00, 0, 0
2.00, 5.70, 25.45, 25.45, 2127.16, 20.00, 4.63, 13.33, 7.48, 0.00, 0.00, 0.00, 0.00, 90.00, 0, 0
2.00, 5.70, 24.80, 24.80, 674.93, 20.00, 4.63, 12.22, 6.24, 0.00, 0.00, 0.00, 0.00, 90.00, 0, 0
2.00, 5.70, 24.31, 24.31, 106.68, 20.00, 4.63, 11.11, 5.14, 0.00, 0.00, 0.00, 0.00, 90.00, 0, 0
2.00, 5.70, 24.03, 24.03, 20.85, 20.00, 4.63, 11.67, 5.75, 0.00, 24.51, 6.39, -90.00, 83.61, 0, 0
2.00, 5.70, 24.11, 24.11, 733.51, 20.00, 4.63, 13.33, 7.35, 83.25, 67.70, 19.53, -81.69, 72.27, 0, 0
2.00, 5.70, 24.45, 24.45, 1761.37, 20.00, 4.63, 15.56, 9.57, 261.00, 120.62, 34.17, -70.71, 61.23, 0, 0
2.00, 5.70, 24.75, 24.75, 2218.98, 20.00, 4.63, 17.78, 11.93, 302.08, 155.70, 49.01, -57.56, 51.00, 0, 0
2.00, 5.70, 25.00, 25.00, 2855.39, 20.00, 4.63, 20.00, 14.04, 291.27, 163.99, 63.92, -40.72, 42.38, 0, 0
2.00, 5.70, 25.00, 25.00, 3295.18, 20.00, 4.63, 21.67, 15.79, 148.34, 169.54, 78.84, -18.90, 36.68, 0, 0
2.00, 5.70, 25.59, 25.59, 3753.29, 20.00, 4.63, 23.33, 17.42, 0.00, 169.97, 0.00, 6.52, 35.44, 0, 0
2.00, 5.70, 25.98, 25.98, 4026.07, 20.00, 4.63, 23.89, 18.05, 0.00, 165.83, 0.00, 30.57, 39.09, 0, 0
2.00, 5.70, 26.17, 26.17, 4029.77, 20.00, 4.63, 23.89, 18.05, 0.00, 166.82, 0.00, 49.80, 46.46, 0, 0
2.00, 5.70, 26.26, 26.26, 3971.17, 20.00, 4.63, 23.89, 18.05, 0.00, 127.54, 0.00, 64.57, 56.03, 0, 0
2.00, 5.70, 26.23, 26.23, 3738.74, 20.00, 4.63, 22.78, 16.92, 0.00, 90.53, 0.00, 76.45, 66.75, 0, 0
2.00, 5.70, 26.09, 26.09, 3334.51, 20.00, 4.63, 21.11, 15.30, 0.00, 40.68, 0.00, 86.79, 77.99, 0, 0
2.00, 5.70, 25.94, 25.94, 3054.69, 20.00, 4.63, 20.56, 14.80, 0.00, 7.54, 0.00, 96.56, 89.35, 0, 0
2.00, 5.70, 25.80, 25.80, 2873.89, 20.00, 4.63, 20.00, 14.30, 0.00, 0.00, 0.00, 0.00, 90.00, 0, 0
2.00, 5.70, 25.69, 25.69, 2727.42, 20.00, 4.63, 19.44, 13.80, 0.00, 0.00, 0.00, 0.00, 90.00, 0, 0
2.00, 5.70, 25.59, 25.59, 2592.70, 20.00, 4.63, 18.89, 13.29, 0.00, 0.00, 0.00, 0.00, 90.00, 0, 0
2.00, 5.70, 25.50, 25.50, 2463.70, 20.00, 4.63, 18.33, 12.67, 0.00, 0.00, 0.00, 0.00, 90.00, 0, 0
2.00, 5.70, 25.41, 25.41, 2337.21, 20.00, 4.63, 17.78, 12.17, 0.00, 0.00, 0.00, 0.00, 90.00, 0, 0
2.00, 5.70, 25.34, 25.34, 2250.03, 20.00, 4.63, 17.78, 12.05, 0.00, 0.00, 0.00, 0.00, 90.00, 0, 0
2.00, 5.70, 25.27, 25.27, 2171.34, 20.00, 4.63, 17.78, 12.05, 0.00, 0.00, 0.00, 0.00, 90.00, 0, 0
2.00, 5.70, 25.21, 25.21, 2098.26, 20.00, 4.63, 17.78, 12.05, 0.00, 0.00, 0.00, 0.00, 90.00, 0, 0
2.00, 5.70, 25.16, 25.16, 2029.23, 20.00, 4.63, 17.78, 12.17, 0.00, 0.00, 0.00, 0.00, 90.00, 0, 0
2.00, 5.70, 24.87, 24.87, 1536.89, 20.00, 4.63, 17.78, 12.17, 0.00, 0.00, 0.00, 0.00, 90.00, 0, 0
2.00, 5.70, 24.70, 24.70, 1437.04, 20.00, 4.63, 17.78, 12.29, 0.00, 0.00, 0.00, 0.00, 90.00, 0, 0
2.00, 5.70, 24.67, 24.67, 1628.86, 20.00, 4.63, 18.89, 13.41, 0.00, 13.20, 6.20, -90.00, 83.80, 0, 0
2.00, 5.70, 24.69, 24.69, 1768.97, 20.00, 4.63, 19.44, 13.91, 0.00, 30.17, 19.51, -81.32, 72.46, 0, 0
2.00, 5.70, 24.75, 24.75, 1928.93, 20.00, 4.63, 20.00, 14.53, 0.00, 47.14, 34.21, -70.32, 61.44, 0, 0
2.00, 5.70, 24.85, 24.85, 2193.75, 20.00, 4.63, 20.56, 15.04, 6.20, 100.76, 49.07, -57.15, 51.24, 0, 0
2.00, 5.70, 24.99, 24.99, 2507.30, 20.00, 4.63, 21.67, 16.16, 4.15, 120.99, 63.99, -40.31, 42.67, 0, 0
2.00, 5.70, 25.00, 25.00, 2806.94, 20.00, 4.63, 22.78, 17.17, 3.03, 154.01, 78.92, -18.60, 37.04, 0, 0
2.00, 5.70, 25.20, 25.20, 2655.35, 20.00, 4.63, 23.33, 17.68, 0.00, 150.14, 0.00, 6.61, 35.84, 0, 0
2.00, 5.70, 25.28, 25.28, 2586.55, 20.00, 4.63, 23.33, 17.68, 0.00, 76.10, 0.00, 30.46, 39.49, 0, 0
2.00, 5.70, 25.37, 25.37, 2774.11, 20.00, 4.63, 23.33, 17.68, 0.00, 118.04, 0.00, 49.58, 46.84, 0, 0
2.00, 5.70, 25.42, 25.42, 2769.15, 20.00, 4.63, 23.33, 17.68, 0.00, 95.59, 0.00, 64.32, 56.38, 0, 0
2.00, 5.70, 25.43, 25.43, 2706.26, 20.00, 4.63, 23.33, 17.55, 0.00, 62.22, 0.00, 76.20, 67.08, 0, 0
2.00, 5.70, 25.39, 25.39, 2587.85, 20.00, 4.63, 22.78, 17.05, 0.00, 32.05, 0.00, 86.54, 78.31, 0, 0
2.00, 5.70, 25.33, 25.33, 2448.60, 20.00, 4.63, 22.22, 16.55, 0.00, 5.66, 0.00, 96.32, 89.67, 0, 0
2.00, 5.70, 25.25, 25.25, 2305.08, 20.00, 4.63, 21.11, 15.42, 0.00, 0.00, 0.00, 0.00, 90.00, 0, 0
2.00, 5.70, 25.18, 25.18, 2204.41, 20.00, 4.63, 20.56, 14.80, 0.00, 0.00, 0.00, 0.00, 90.00, 0, 0
2.00, 5.70, 25.11, 25.11, 2106.61, 20.00, 4.63, 20.00, 14.30, 0.00, 0.00, 0.00, 0.00, 90.00, 0, 0
2.00, 5.70, 25.04, 25.04, 2008.74, 20.00, 4.63, 19.44, 13.67, 0.00, 0.00, 0.00, 0.00, 90.00, 0, 0
2.00, 5.70, 24.97, 24.97, 1909.25, 20.00, 4.63, 18.89, 13.05, 0.00, 0.00, 0.00, 0.00, 90.00, 0, 0
2.00, 5.70, 24.88, 24.88, 1729.56, 20.00, 4.63, 17.22, 11.43, 0.00, 0.00, 0.00, 0.00, 90.00, 0, 0
2.00, 5.70, 24.77, 24.77, 1567.82, 20.00, 4.63, 16.11, 10.32, 0.00, 0.00, 0.00, 0.00, 90.00, 0, 0
2.00, 5.70, 24.64, 24.64, 1359.10, 20.00, 4.63, 14.44, 8.59, 0.00, 0.00, 0.00, 0.00, 90.00, 0, 0
2.00, 5.70, 24.51, 24.51, 1172.93, 20.00, 4.63, 13.33, 7.48, 0.00, 0.00, 0.00, 0.00, 90.00, 0, 0
2.00, 5.70, 24.36, 24.36, 920.89, 20.00, 4.63, 11.67, 5.75, 0.00, 0.00, 0.00, 0.00, 90.00, 0, 0
2.00, 5.70, 24.21, 24.21, 721.28, 20.00, 4.63, 10.56, 4.65, 0.00, 0.00, 0.00, 0.00, 90.00, 0, 0
2.00, 5.70, 24.15, 24.15, 785.70, 20.00, 4.63, 11.67, 5.75, 0.00, 41.48, 6.01, -90.00, 83.99, 0, 0
2.00, 5.70, 25.00, 25.00, 4002.91, 20.00, 4.63, 14.44, 8.59, 648.24, 54.56, 19.50, -80.94, 72.65, 0, 0
2.00, 5.70, 25.00, 25.00, 3537.50, 20.00, 4.63, 17.22, 11.31, 675.38, 88.09, 34.25, -69.93, 61.65, 0, 0
2.00, 5.70, 25.00, 25.00, 2680.26, 20.00, 4.63, 18.89, 12.92, 346.76, 150.83, 49.13, -56.74, 51.49, 0, 0
2.00, 5.70, 25.00, 25.00, 2613.16, 20.00, 4.63, 20.00, 14.04, 169.71, 194.49, 64.06, -39.91, 42.97, 0, 0
2.00, 5.70, 25.00, 25.00, 2748.49, 20.00, 4.63, 21.11, 15.16, 86.61, 203.37, 79.01, -18.29, 37.41, 0, 0
2.00, 5.70, 25.35, 25.35, 3269.37, 20.00, 4.63, 22.22, 16.15, 0.00, 190.18, 0.00, 6.71, 36.24, 0, 0
2.00, 5.70, 25.59, 25.59, 3465.51, 20.00, 4.63, 22.78, 16.78, 0.00, 191.41, 0.00, 30.35, 39.89, 0, 0
2.00, 5.70, 25.76, 25.76, 3633.43, 20.00, 4.63, 23.33, 17.27, 0.00, 161.75, 0.00, 49.37, 47.21, 0, 0
2.00, 5.70, 25.79, 25.79, 3409.78, 20.00, 4.63, 22.78, 16.64, 0.00, 138.97, 0.00, 64.08, 56.73, 0, 0
2.00, 5.70, 25.69, 25.69, 3053.67, 20.00, 4.63, 21.11, 15.02, 0.00, 96.89, 0.00, 75.95, 67.41, 0, 0
2.00, 5.70, 25.53, 25.53, 2723.67, 20.00, 4.63, 20.00, 13.90, 0.00, 45.72, 0.00, 86.30, 78.64, 0, 0
2.00, 5.70, 25.36, 25.36, 2417.55, 20.00, 4.63, 18.89, 12.92, 0.00, 9.43, 0.00, 96.08, 90.00, 0, 0
2.00, 5.70, 25.20, 25.20, 2182.70, 20.00, 4.63, 17.78, 11.80, 0.00, 0.00, 0.00, 0.00, 90.00, 0, 0
2.00, 5.70, 25.06, 25.06, 1978.06, 20.00, 4.63, 16.67, 10.68, 0.00, 0.00, 0.00, 0.00, 90.00, 0, 0
2.00, 5.70, 24.93, 24.93, 1818.37, 20.00, 4.63, 16.11, 10.06, 0.00, 0.00, 0.00, 0.00, 90.00, 0, 0
2.00, 5.70, 24.80, 24.80, 1629.56, 20.00, 4.63, 15.00, 8.95, 0.00, 0.00, 0.00, 0.00, 90.00, 0, 0
2.00, 5.70, 24.67, 24.67, 1436.44, 20.00, 4.63, 13.89, 7.84, 0.00, 0.00, 0.00, 0.00, 90.00, 0, 0
2.00, 5.70, 24.55, 24.55, 1277.37, 20.00, 4.63, 13.33, 7.22, 0.00, 0.00, 0.00, 0.00, 90.00, 0, 0
2.00, 5.70, 24.43, 24.43, 1122.10, 20.00, 4.63, 12.78, 6.73, 0.00, 0.00, 0.00, 0.00, 90.00, 0, 0
2.00, 5.70, 24.31, 24.31, 968.07, 20.00, 4.63, 12.22, 6.11, 0.00, 0.00, 0.00, 0.00, 90.00, 0, 0
2.00, 5.70, 24.20, 24.20, 814.10, 20.00, 4.63, 11.67, 5.63, 0.00, 0.00, 0.00, 0.00, 90.00, 0, 0
2.00, 5.70, 23.65, 23.65, -509.59, 20.00, 4.63, 11.67, 5.49, 0.00, 0.00, 0.00, 0.00, 90.00, 0, 0
2.00, 5.70, 23.24, 23.24, -929.45, 20.00, 4.63, 11.11, 5.01, 0.00, 0.00, 0.00, 0.00, 90.00, 0, 0
2.00, 5.70, 23.02, 23.02, -974.60, 20.00, 4.63, 11.67, 5.63, 0.00, 24.51, 5.83, -90.00, 84.17, 0, 0
2.00, 5.70, 23.04, 23.04, -523.55, 20.00, 4.63, 12.78, 6.73, 47.58, 66.14, 19.51, -80.57, 72.85, 0, 0
2.00, 5.70, 23.19, 23.19, -15.06, 20.00, 4.63, 14.44, 8.32, 72.97, 118.82, 34.29, -69.53, 61.87, 0, 0
2.00, 5.70, 23.30, 23.30, 169.72, 20.00, 4.63, 15.00, 8.95, 59.78, 150.96, 49.20, -56.33, 51.74, 0, 0
2.00, 5.70, 23.67, 23.67, 1175.90, 20.00, 4.63, 17.22, 11.17, 242.17, 179.92, 64.14, -39.51, 43.28, 0, 0
2.00, 5.70, 24.13, 24.13, 2109.86, 20.00, 4.63, 19.44, 13.27, 154.58, 189.90, 79.09, -17.99, 37.77, 0, 0
2.00, 5.70, 24.36, 24.36, 1971.43, 20.00, 4.63, 19.44, 13.41, 0.00, 173.38, 0.00, 6.80, 36.65, 0, 0
2.00, 5.70, 24.45, 24.45, 1868.74, 20.00, 4.63, 19.44, 13.27, 0.00, 153.28, 0.00, 30.25, 40.29, 0, 0
2.00, 5.70, 24.41, 24.41, 1637.25, 20.00, 4.63, 18.33, 12.29, 0.00, 88.39, 0.00, 49.16, 47.59, 0, 0
2.00, 5.70, 24.34, 24.34, 1470.45, 20.00, 4.63, 17.78, 11.66, 0.00, 56.57, 0.00, 63.83, 57.08, 0, 0
2.00, 5.70, 24.22, 24.22, 1225.02, 20.00, 4.63, 16.67, 10.55, 0.00, 16.97, 0.00, 75.70, 67.75, 0, 0
2.00, 5.70, 24.10, 24.10, 1031.86, 20.00, 4.63, 15.56, 9.57, 0.00, 9.43, 0.00, 86.05, 78.97, 0, 0
2.00, 5.70, 23.98, 23.98, 872.73, 20.00, 4.63, 15.00, 9.08, 0.00, 1.89, 0.00, 0.00, 90.00, 0, 0
2.00, 5.70, 23.89, 23.89, 769.80, 20.00, 4.63, 15.00, 9.08, 0.00, 0.00, 0.00, 0.00, 90.00, 0, 0
2.00, 5.70, 23.79, 23.79, 644.70, 20.00, 4.63, 14.44, 8.46, 0.00, 0.00, 0.00, 0.00, 90.00, 0, 0
2.00, 5.70, 23.71, 23.71, 558.10, 20.00, 4.63, 14.44, 8.46, 0.00, 0.00, 0.00, 0.00, 90.00, 0, 0
2.00, 5.70, 23.62, 23.62, 439.88, 20.00, 4.63, 13.89, 7.97, 0.00, 0.00, 0.00, 0.00, 90.00, 0, 0
2.00, 5.70, 23.55, 23.55, 356.63, 20.00, 4.63, 13.89, 7.97, 0.00, 0.00, 0.00, 0.00, 90.00, 0, 0
2.00, 5.70, 23.46, 23.46, 239.71, 20.00, 4.63, 13.33, 7.35, 0.00, 0.00, 0.00, 0.00, 90.00, 0, 0
2.00, 5.70, 23.37, 23.37, 117.55, 20.00, 4.63, 12.78, 6.73, 0.00, 0.00, 0.00, 0.00, 90.00, 0, 0
2.00, 5.70, 23.28, 23.28, -8.60, 20.00, 4.63, 12.22, 6.24, 0.00, 0.00, 0.00, 0.00, 90.00, 0, 0
2.00, 5.70, 23.19, 23.19, -98.91, 20.00, 4.63, 12.22, 6.24, 0.00, 0.00, 0.00, 0.00, 90.00, 0, 0
2.00, 5.70, 22.70, 22.70, -1396.43, 20.00, 4.63, 11.67, 5.63, 0.00, 0.00, 0.00, 0.00, 90.00, 0, 0
2.00, 5.70, 22.33, 22.33, -1776.41, 20.00, 4.63, 11.11, 5.14, 0.00, 0.00, 0.00, 0.00, 90.00, 0, 0
2.00, 5.70, 22.13, 22.13, -1815.03, 20.00, 4.63, 11.67, 5.75, 0.00, 15.08, 5.64, -90.00, 84.36, 0, 0
2.00, 5.70, 22.13, 22.13, -1452.85, 20.00, 4.63, 12.78, 6.86, 23.79, 58.56, 19.52, -80.19, 73.04, 0, 0
2.00, 5.70, 22.19, 22.19, -1209.45, 20.00, 4.63, 13.89, 7.97, 7.81, 90.19, 34.34, -69.14, 62.08, 0, 0
2.00, 5.70, 22.26, 22.26, -1039.34, 20.00, 4.63, 14.44, 8.46, 4.12, 99.89, 49.27, -55.92, 51.99, 0, 0
2.00, 5.70, 22.37, 22.37, -726.97, 20.00, 4.63, 15.00, 9.08, 9.60, 150.43, 64.22, -39.12, 43.58, 0, 0
2.00, 5.70, 22.53, 22.53, -359.83, 20.00, 4.63, 16.11, 10.06, 3.55, 164.18, 79.18, -17.70, 38.13, 0, 0
2.00, 5.70, 22.77, 22.77, 156.07, 20.00, 4.63, 16.11, 10.06, 0.00, 142.07, 0.00, 6.89, 37.05, 0, 0
2.00, 5.70, 22.90, 22.90, 195.11, 20.00, 4.63, 16.11, 10.06, 0.00, 116.41, 0.00, 30.14, 40.70, 0, 0
2.00, 5.70, 22.94, 22.94, 149.66, 20.00, 4.63, 16.11, 10.06, 0.00, 81.08, 0.00, 48.96, 47.97, 0, 0
2.00, 5.70, 22.94, 22.94, 118.34, 20.00, 4.63, 15.56, 9.57, 0.00, 80.23, 0.00, 63.59, 57.43, 0, 0
2.00, 5.70, 22.88, 22.88, -60.90, 20.00, 4.63, 15.00, 8.95, 0.00, 32.05, 0.00, 75.45, 68.08, 0, 0
2.00, 5.70, 22.79, 22.79, -229.05, 20.00, 4.63, 14.44, 8.46, 0.00, 5.66, 0.00, 85.81, 79.29, 0, 0
2.00, 5.70, 22.69, 22.69, -362.21, 20.00, 4.63, 13.89, 7.84, 0.00, 0.00, 0.00, 0.00, 90.00, 0, 0
2.00, 5.70, 22.60, 22.60, -481.66, 20.00, 4.63, 13.33, 7.35, 0.00, 0.00, 0.00, 0.00, 90.00, 0, 0
2.00, 5.70, 22.51, 22.51, -600.25, 20.00, 4.63, 12.78, 6.73, 0.00, 0.00, 0.00, 0.00, 90.00, 0, 0
2.00, 5.70, 22.42, 22.42, -719.69, 20.00, 4.63, 12.22, 6.24, 0.00, 0.00, 0.00, 0.00, 90.00, 0, 0
2.00, 5.70, 22.32, 22.32, -841.19, 20.00, 4.63, 11.67, 5.63, 0.00, 0.00, 0.00, 0.00, 90.00, 0, 0
2.00, 5.70, 22.24, 22.24, -925.94, 20.00, 4.63, 11.67, 5.49, 0.00, 0.00, 0.00, 0.00, 90.00, 0, 0
2.00, 5.70, 22.15, 22.15, -1043.42, 20.00, 4.63, 11.11, 5.01, 0.00, 0.00, 0.00, 0.00, 90.00, 0, 0
2.00, 5.70, 22.05, 22.05, -1165.92, 20.00, 4.63, 10.56, 4.39, 0.00, 0.00, 0.00, 0.00, 90.00, 0, 0
2.00, 5.70, 21.96, 21.96, -1292.51, 20.00, 4.63, 10.00, 3.77, 0.00, 0.00, 0.00, 0.00, 90.00, 0, 0
2.00, 5.70, 21.85, 21.85, -1422.48, 20.00, 4.63, 9.44, 3.29, 0.00, 0.00, 0.00, 0.00, 90.00, 0, 0
2.00, 5.70, 21.27, 21.27, -3127.33, 20.00, 4.63, 8.89, 2.68, 0.00, 0.00, 0.00, 0.00, 90.00, 0, 0
2.00, 5.70, 20.80, 20.80, -3686.27, 20.00, 4.63, 7.78, 1.71, 0.00, 0.00, 0.00, 0.00, 90.00, 0, 0
2.00, 5.70, 20.68, 20.68, -3316.52, 20.00, 4.63, 10.00, 3.91, 0.00, 43.37, 5.45, -90.00, 84.55, 0, 0
2.00, 5.70, 21.25, 21.25, -1278.86, 20.00, 4.63, 11.67, 5.63, 341.89, 66.77, 19.54, -79.82, 73.24, 0, 0
2.00, 5.70, 21.67, 21.67, -754.78, 20.00, 4.63, 13.89, 7.84, 406.06, 110.64, 34.40, -68.74, 62.30, 0, 0
2.00, 5.70, 21.84, 21.84, -808.34, 20.00, 4.63, 15.56, 9.43, 224.05, 159.30, 49.34, -55.51, 52.24, 0, 0
2.00, 5.70, 22.00, 22.00, -547.89, 20.00, 4.63, 16.67, 10.55, 77.98, 195.78, 64.30, -38.73, 43.89, 0, 0
2.00, 5.70, 22.23, 22.23, -68.20, 20.00, 4.63, 17.78, 11.51, 44.64, 210.29, 79.27, -17.40, 38.50, 0, 0
2.00, 5.70, 22.50, 22.50, 462.88, 20.00, 4.63, 18.33, 12.15, 0.00, 212.98, 0.00, 6.99, 37.46, 0, 0
2.00, 5.70, 22.70, 22.70, 652.89, 20.00, 4.63, 18.89, 12.63, 0.00, 199.52, 0.00, 30.04, 41.10, 0, 0
2.00, 5.70, 22.84, 22.84, 759.23, 20.00, 4.63, 19.44, 13.11, 0.00, 169.91, 0.00, 48.75, 48.35, 0, 0
2.00, 5.70, 22.88, 22.88, 668.83, 20.00, 4.63, 18.89, 12.63, 0.00, 128.27, 0.00, 63.35, 57.79, 0, 0
2.00, 5.70, 22.83, 22.83, 458.56, 20.00, 4.63, 18.33, 12.15, 0.00, 88.93, 0.00, 75.21, 68.42, 0, 0
2.00, 5.70, 22.70, 22.70, 91.17, 20.00, 4.63, 16.67, 10.55, 0.00, 38.86, 0.00, 85.56, 79.63, 0, 0
2.00, 5.70, 22.55, 22.55, -159.54, 20.00, 4.63, 16.11, 9.92, 0.00, 5.66, 0.00, 0.00, 90.00, 0, 0
2.00, 5.70, 22.41, 22.41, -364.97, 20.00, 4.63, 15.00, 8.81, 0.00, 0.00, 0.00, 0.00, 90.00, 0, 0
2.00, 5.70, 22.29, 22.29, -512.39, 20.00, 4.63, 14.44, 8.18, 0.00, 0.00, 0.00, 0.00, 90.00, 0, 0
2.00, 5.70, 22.17, 22.17, -686.95, 20.00, 4.63, 13.33, 7.22, 0.00, 0.00, 0.00, 0.00, 90.00, 0, 0
2.00, 5.70, 22.06, 22.06, -825.86, 20.00, 4.63, 12.78, 6.59, 0.00, 0.00, 0.00, 0.00, 90.00, 0, 0
2.00, 5.70, 21.94, 21.94, -999.72, 20.00, 4.63, 11.67, 5.49, 0.00, 0.00, 0.00, 0.00, 90.00, 0, 0
2.00, 5.70, 21.84, 21.84, -1142.05, 20.00, 4.63, 11.11, 4.87, 0.00, 0.00, 0.00, 0.00, 90.00, 0, 0
2.00, 5.70, 21.73, 21.73, -1282.50, 20.00, 4.63, 10.56, 4.25, 0.00, 0.00, 0.00, 0.00, 90.00, 0, 0
2.00, 5.70, 21.62, 21.62, -1422.73, 20.00, 4.63, 10.00, 3.77, 0.00, 0.00, 0.00, 0.00, 90.00, 0, 0
2.00, 5.70, 21.51, 21.51, -1564.04, 20.00, 4.63, 9.44, 3.15, 0.00, 0.00, 0.00, 0.00, 90.00, 0, 0
2.00, 5.70, 20.95, 20.95, -3264.52, 20.00, 4.63, 8.89, 2.53, 0.00, 0.00, 0.00, 0.00, 90.00, 0, 0
2.00, 5.70, 20.53, 20.53, -3693.40, 20.00, 4.63, 8.33, 2.06, 0.00, 0.00, 0.00, 0.00, 90.00, 0, 0
2.00, 5.70, 20.30, 20.30, -3744.53, 20.00, 4.63, 8.89, 2.68, 0.00, 22.63, 5.26, -90.00, 84.74, 0, 0
2.00, 5.70, 20.77, 20.77, -1872.29, 20.00, 4.63, 11.11, 4.87, 282.38, 66.88, 19.57, -79.44, 73.43, 0, 0
2.00, 5.70, 20.93, 20.93, -2016.96, 20.00, 4.63, 12.78, 6.59, 143.06, 122.34, 34.46, -68.35, 62.51, 0, 0
2.00, 5.70, 21.06, 21.06, -1804.26, 20.00, 4.63, 13.89, 7.70, 108.78, 158.69, 49.41, -55.10, 52.49, 0, 0
2.00, 5.70, 21.39, 21.39, -952.65, 20.00, 4.63, 16.11, 9.92, 199.14, 180.89, 64.38, -38.34, 44.20, 0, 0
2.00, 5.70, 21.80, 21.80, -143.65, 20.00, 4.63, 17.78, 11.66, 131.66, 178.46, 79.36, -17.11, 38.87, 0, 0
2.00, 5.70, 22.19, 22.19, 522.60, 20.00, 4.63, 19.44, 13.27, 0.00, 179.44, 0.00, 7.08, 37.86, 0, 0
2.00, 5.70, 22.46, 22.46, 742.51, 20.00, 4.63, 20.00, 13.90, 0.00, 178.29, 0.00, 29.94, 41.51, 0, 0
2.00, 5.70, 22.55, 22.55, 606.66, 20.00, 4.63, 20.00, 13.90, 0.00, 168.92, 0.00, 48.55, 48.73, 0, 0
2.00, 5.70, 22.58, 22.58, 512.98, 20.00, 4.63, 19.44, 13.41, 0.00, 138.07, 0.00, 63.11, 58.15, 0, 0
2.00, 5.70, 22.47, 22.47, 146.40, 20.00, 4.63, 18.33, 12.29, 0.00, 73.08, 0.00, 74.96, 68.76, 0, 0
2.00, 5.70, 22.32, 22.32, -180.37, 20.00, 4.63, 16.67, 10.68, 0.00, 34.16, 0.00, 85.31, 79.96, 0, 0
2.00, 5.70, 22.18, 22.18, -408.61, 20.00, 4.63, 16.11, 10.19, 0.00, 7.54, 0.00, 0.00, 90.00, 0, 0
2.00, 5.70, 22.06, 22.06, -538.95, 20.00, 4.63, 16.11, 10.19, 0.00, 0.00, 0.00, 0.00, 90.00, 0, 0
2.00, 5.70, 21.98, 21.98, -628.83, 20.00, 4.63, 16.11, 10.19, 0.00, 0.00, 0.00, 0.00, 90.00, 0, 0
2.00, 5.70, 21.90, 21.90, -740.95, 20.00, 4.63, 15.56, 9.70, 0.00, 0.00, 0.00, 0.00, 90.00, 0, 0
2.00, 5.70, 21.82, 21.82, -852.07, 20.00, 4.63, 15.00, 9.08, 0.00, 0.00, 0.00, 0.00, 90.00, 0, 0
2.00, 5.70, 21.76, 21.76, -924.53, 20.00, 4.63, 15.00, 9.08, 0.00, 0.00, 0.00, 0.00, 90.00, 0, 0
2.00, 5.70, 21.70, 21.70, -989.24, 20.00, 4.63, 15.00, 9.08, 0.00, 0.00, 0.00, 0.00, 90.00, 0, 0
2.00, 5.70, 21.65, 21.65, -1049.01, 20.00, 4.63, 15.00, 8.95, 0.00, 0.00, 0.00, 0.00, 90.00, 0, 0
2.00, 5.70, 21.60, 21.60, -1105.13, 20.00, 4.63, 15.00, 9.08, 0.00, 0.00, 0.00, 0.00, 90.00, 0, 0
2.00, 5.70, 21.54, 21.54, -1197.84, 20.00, 4.63, 14.44, 8.59, 0.00, 0.00, 0.00, 0.00, 90.00, 0, 0
2.00, 5.70, 21.31, 21.31, -1936.14, 20.00, 4.63, 14.44, 8.59, 0.00, 0.00, 0.00, 0.00, 90.00, 0, 0
2.00, 5.70, 21.16, 21.16, -2049.38, 20.00, 4.63, 14.44, 8.71, 0.00, 0.00, 0.00, 0.00, 90.00, 0, 0
2.00, 5.70, 21.20, 21.20, -1677.32, 20.00, 4.63, 16.11, 10.44, 0.00, 30.17, 5.07, -90.00, 84.93, 0, 0
2.00, 5.70, 22.13, 22.13, 1194.93, 20.00, 4.63, 18.33, 12.67, 460.61, 59.70, 19.61, -79.06, 73.63, 0, 0
2.00, 5.70, 22.89, 22.89, 2193.70, 20.00, 4.63, 21.11, 15.42, 652.36, 98.70, 34.52, -67.96, 62.73, 0, 0
2.00, 5.70, 23.22, 23.22, 2088.62, 20.00, 4.63, 23.33, 17.55, 471.33, 130.49, 49.49, -54.70, 52.75, 0, 0
2.00, 5.70, 23.59, 23.59, 2675.66, 20.00, 4.63, 25.56, 19.68, 308.68, 153.38, 64.47, -37.95, 44.51, 0, 0
2.00, 5.70, 23.96, 23.96, 3240.72, 20.00, 4.63, 26.67, 20.81, 131.72, 164.28, 79.45, -16.83, 39.24, 0, 0
2.00, 5.70, 24.01, 24.01, 2636.26, 20.00, 4.63, 27.78, 21.95, 0.00, 178.16, 0.00, 7.17, 38.27, 0, 0
2.00, 5.70, 24.06, 24.06, 2639.80, 20.00, 4.63, 28.33, 22.45, 0.00, 194.68, 0.00, 29.84, 41.91, 0, 0
2.00, 5.70, 24.13, 24.13, 2695.24, 20.00, 4.63, 28.33, 22.45, 0.00, 148.50, 0.00, 48.35, 49.11, 0, 0
2.00, 5.70, 24.16, 24.16, 2627.16, 20.00, 4.63, 28.33, 22.45, 0.00, 113.90, 0.00, 62.87, 58.51, 0, 0
2.00, 5.70, 24.08, 24.08, 2299.06, 20.00, 4.63, 27.22, 21.31, 0.00, 84.13, 0.00, 74.71, 69.10, 0, 0
2.00, 5.70, 23.92, 23.92, 1867.93, 20.00, 4.63, 25.56, 19.68, 0.00, 26.57, 0.00, 85.07, 80.29, 0, 0
2.00, 5.70, 23.76, 23.76, 1599.29, 20.00, 4.63, 24.44, 18.68, 0.00, 1.89, 0.00, 0.00, 90.00, 0, 0
2.00, 5.70, 23.64, 23.64, 1411.46, 20.00, 4.63, 23.33, 17.55, 0.00, 0.00, 0.00, 0.00, 90.00, 0, 0
2.00, 5.70, 23.53, 23.53, 1244.05, 20.00, 4.63, 22.22, 16.42, 0.00, 0.00, 0.00, 0.00, 90.00, 0, 0
2.00, 5.70, 23.44, 23.44, 1122.77, 20.00, 4.63, 21.67, 15.79, 0.00, 0.00, 0.00, 0.00, 90.00, 0, 0
2.00, 5.70, 23.36, 23.36, 973.37, 20.00, 4.63, 20.56, 14.67, 0.00, 0.00, 0.00, 0.00, 90.00, 0, 0
2.00, 5.70, 23.27, 23.27, 820.00, 20.00, 4.63, 19.44, 13.55, 0.00, 0.00, 0.00, 0.00, 90.00, 0, 0
2.00, 5.70, 23.18, 23.18, 661.53, 20.00, 4.63, 18.33, 12.43, 0.00, 0.00, 0.00, 0.00, 90.00, 0, 0
2.00, 5.70, 23.08, 23.08, 497.39, 20.00, 4.63, 17.22, 11.31, 0.00, 0.00, 0.00, 0.00, 90.00, 0, 0
2.00, 5.70, 22.98, 22.98, 327.18, 20.00, 4.63, 16.11, 10.19, 0.00, 0.00, 0.00, 0.00, 90.00, 0, 0
2.00, 5.70, 22.87, 22.87, 150.71, 20.00, 4.63, 15.00, 9.08, 0.00, 0.00, 0.00, 0.00, 90.00, 0, 0
2.00, 5.70, 22.49, 22.49, -837.01, 20.00, 4.63, 13.89, 7.97, 0.00, 0.00, 0.00, 0.00, 90.00, 0, 0
2.00, 5.70, 22.16, 22.16, -1294.27, 20.00, 4.63, 12.78, 6.86, 0.00, 0.00, 0.00, 0.00, 90.00, 0, 0
2.00, 5.70, 22.04, 22.04, -1158.24, 20.00, 4.63, 13.89, 7.97, 0.00, 30.17, 4.88, -90.00, 85.12, 0, 0
2.00, 5.70, 23.02, 23.02, 2095.20, 20.00, 4.63, 16.67, 10.81, 528.81, 61.77, 19.65, -78.69, 73.83, 0, 0
2.00, 5.70, 23.51, 23.51, 2184.24, 20.00, 4.63, 18.89, 13.05, 501.20, 101.82, 34.59, -67.57, 62.95, 0, 0
2.00, 5.70, 23.83, 23.83, 2441.70, 20.00, 4.63, 21.11, 15.30, 529.90, 128.93, 49.57, -54.29, 53.01, 0, 0
2.00, 5.70, 24.15, 24.15, 2936.01, 20.00, 4.63, 23.33, 17.42, 322.62, 157.59, 64.55, -37.56, 44.82, 0, 0
2.00, 5.70, 24.44, 24.44, 3339.35, 20.00, 4.63, 24.44, 18.40, 121.43, 175.65, 79.54, -16.55, 39.61, 0, 0
2.00, 5.70, 24.62, 24.62, 3187.58, 20.00, 4.63, 25.56, 19.54, 0.00, 171.17, 0.00, 7.26, 38.68, 0, 0
2.00, 5.70, 24.74, 24.74, 3226.04, 20.00, 4.63, 26.11, 20.18, 0.00, 172.60, 0.00, 29.75, 42.32, 0, 0
2.00, 5.70, 24.80, 24.80, 3159.44, 20.00, 4.63, 26.11, 20.18, 0.00, 150.24, 0.00, 48.15, 49.50, 0, 0
2.00, 5.70, 24.76, 24.76, 2901.36, 20.00, 4.63, 25.56, 19.54, 0.00, 131.45, 0.00, 62.64, 58.87, 0, 0
2.00, 5.70, 24.63, 24.63, 2516.07, 20.00, 4.63, 23.89, 17.91, 0.00, 83.65, 0.00, 74.47, 69.45, 0, 0
2.00, 5.70, 24.46, 24.46, 2181.11, 20.00, 4.63, 22.78, 16.78, 0.00, 33.53, 0.00, 84.82, 80.62, 0, 0
2.00, 5.70, 24.30, 24.30, 1904.78, 20.00, 4.63, 21.67, 15.79, 0.00, 5.66, 0.00, 0.00, 90.00, 0, 0
2.00, 5.70, 24.16, 24.16, 1688.67, 20.00, 4.63, 20.56, 14.67, 0.00, 0.00, 0.00, 0.00, 90.00, 0, 0
2.00, 5.70, 24.05, 24.05, 1535.59, 20.00, 4.63, 20.00, 14.04, 0.00, 0.00, 0.00, 0.00, 90.00, 0, 0
2.00, 5.70, 23.94, 23.94, 1359.13, 20.00, 4.63, 18.89, 13.05, 0.00, 0.00, 0.00, 0.00, 90.00, 0, 0
2.00, 5.70, 23.85, 23.85, 1220.43, 20.00, 4.63, 18.33, 12.43, 0.00, 0.00, 0.00, 0.00, 90.00, 0, 0
2.00, 5.70, 23.74, 23.74, 1048.72, 20.00, 4.63, 17.22, 11.31, 0.00, 0.00, 0.00, 0.00, 90.00, 0, 0
2.00, 5.70, 23.65, 23.65, 909.54, 20.00, 4.63, 16.67, 10.68, 0.00, 0.00, 0.00, 0.00, 90.00, 0, 0
2.00, 5.70, 23.54, 23.54, 734.17, 20.00, 4.63, 15.56, 9.57, 0.00, 0.00, 0.00, 0.00, 90.00, 0, 0
2.00, 5.70, 23.44, 23.44, 589.73, 20.00, 4.63, 15.00, 9.08, 0.00, 0.00, 0.00, 0.00, 90.00, 0, 0
2.00, 5.70, 23.35, 23.35, 447.00, 20.00, 4.63, 14.44, 8.46, 0.00, 0.00, 0.00, 0.00, 90.00, 0, 0
2.00, 5.70, 23.25, 23.25, 304.64, 20.00, 4.63, 13.89, 7.97, 0.00, 0.00, 0.00, 0.00, 90.00, 0, 0
2.00, 5.70, 23.15, 23.15, 161.53, 20.00, 4.63, 13.33, 7.35, 0.00, 0.00, 0.00, 0.00, 90.00, 0, 0
2.00, 5.70, 23.11, 23.11, 222.58, 20.00, 4.63, 14.44, 8.59, 0.00, 32.05, 4.69, -90.00, 85.31, 0, 0
2.00, 5.70, 23.42, 23.42, 1214.04, 20.00, 4.63, 16.11, 10.19, 166.31, 64.45, 19.71, -78.31, 74.03, 0, 0
2.00, 5.70, 23.75, 23.75, 1757.94, 20.00, 4.63, 18.33, 12.43, 300.97, 108.33, 34.67, -67.17, 63.17, 0, 0
2.00, 5.70, 23.94, 23.94, 1820.83, 20.00, 4.63, 20.56, 14.53, 300.25, 148.72, 49.65, -53.89, 53.27, 0, 0
2.00, 5.70, 24.09, 24.09, 1987.21, 20.00, 4.63, 22.22, 16.15, 177.01, 183.14, 64.64, -37.18, 45.13, 0, 0
2.00, 5.70, 24.24, 24.24, 2196.18, 20.00, 4.63, 23.33, 17.27, 70.98, 202.39, 79.63, -16.27, 39.98, 0, 0
2.00, 5.70, 24.46, 24.46, 2621.66, 20.00, 4.63, 24.44, 18.25, 0.00, 185.07, 0.00, 7.34, 39.09, 0, 0
2.00, 5.70, 24.63, 24.63, 2784.57, 20.00, 4.63, 25.56, 19.23, 0.00, 185.45, 0.00, 29.65, 42.73, 0, 0
2.00, 5.70, 24.73, 24.73, 2804.16, 20.00, 4.63, 25.56, 19.39, 0.00, 162.83, 0.00, 47.96, 49.88, 0, 0
2.00, 5.70, 24.80, 24.80, 2827.76, 20.00, 4.63, 25.56, 19.23, 0.00, 113.00, 0.00, 62.40, 59.23, 0, 0
2.00, 5.70, 24.78, 24.78, 2633.04, 20.00, 4.63, 25.00, 18.74, 0.00, 68.30, 0.00, 74.22, 69.79, 0, 0
2.00, 5.70, 24.67, 24.67, 2288.59, 20.00, 4.63, 23.89, 17.61, 0.00, 31.40, 0.00, 84.58, 80.96, 0, 0
2.00, 5.70, 24.51, 24.51, 1958.70, 20.00, 4.63, 22.22, 15.84, 0.00, 9.43, 0.00, 0.00, 90.00, 0, 0
2.00, 5.70, 24.36, 24.36, 1704.44, 20.00, 4.63, 20.56, 14.23, 0.00, 0.00, 0.00, 0.00, 90.00, 0, 0
2.00, 5.70, 24.23, 24.23, 1511.89, 20.00, 4.63, 19.44, 13.11, 0.00, 0.00, 0.00, 0.00, 90.00, 0, 0
2.00, 5.70, 24.09, 24.09, 1289.84, 20.00, 4.63, 17.78, 11.51, 0.00, 0.00, 0.00, 0.00, 90.00, 0, 0
2.00, 5.70, 23.95, 23.95, 1061.35, 20.00, 4.63, 16.11, 9.77, 0.00, 0.00, 0.00, 0.00, 90.00, 0, 0
2.00, 5.70, 23.81, 23.81, 863.79, 20.00, 4.63, 15.00, 8.50, 0.00, 0.00, 0.00, 0.00, 90.00, 0, 0
2.00, 5.70, 23.66, 23.66, 627.38, 20.00, 4.63, 13.33, 6.92, 0.00, 0.00, 0.00, 0.00, 90.00, 0, 0
2.00, 5.70, 23.51, 23.51, 379.24, 20.00, 4.63, 11.67, 5.35, 0.00, 0.00, 0.00, 0.00, 90.00, 0, 0
2.00, 5.70, 23.35, 23.35, 159.03, 20.00, 4.63, 10.56, 4.10, 0.00, 0.00, 0.00, 0.00, 90.00, 0, 0
2.00, 5.70, 23.18, 23.18, -102.16, 20.00, 4.63, 8.89, 2.38, 0.00, 0.00, 0.00, 0.00, 90.00, 0, 0
2.00, 5.70, 22.38, 22.38, -2257.04, 20.00, 4.63, 7.22, 0.67, 0.00, 0.00, 0.00, 0.00, 90.00, 0, 0
2.00, 5.70, 21.72, 21.72, -3084.68, 20.00, 4.63, 5.56, -1.03, 0.00, 0.00, 0.00, 0.00, 90.00, 0, 0
2.00, 5.70, 21.38, 21.38, -3103.67, 20.00, 4.63, 6.67, 0.21, 0.00, 39.60, 4.50, -90.00, 85.50, 0, 0
2.00, 5.70, 22.05, 22.05, -440.09, 20.00, 4.63, 8.33, 1.91, 486.87, 54.52, 19.77, -77.93, 74.22, 0, 0
2.00, 5.70, 22.41, 22.41, -249.01, 20.00, 4.63, 10.56, 4.10, 531.39, 89.82, 34.74, -66.78, 63.39, 0, 0
2.00, 5.70, 22.48, 22.48, -509.24, 20.00, 4.63, 12.22, 5.82, 389.44, 131.17, 49.73, -53.49, 53.53, 0, 0
2.00, 5.70, 22.64, 22.64, -95.40, 20.00, 4.63, 13.89, 7.39, 301.68, 157.04, 64.73, -36.81, 45.45, 0, 0
2.00, 5.70, 22.92, 22.92, 565.51, 20.00, 4.63, 15.56, 9.13, 167.17, 144.74, 79.72, -15.99, 40.36, 0, 0
2.00, 5.70, 23.40, 23.40, 1585.19, 20.00, 4.63, 16.67, 10.24, 0.00, 131.96, 0.00, 7.43, 39.50, 0, 0
2.00, 5.70, 23.73, 23.73, 1833.92, 20.00, 4.63, 17.22, 10.72, 0.00, 130.08, 0.00, 29.56, 43.14, 0, 0
2.00, 5.70, 23.90, 23.90, 1879.56, 20.00, 4.63, 17.78, 11.36, 0.00, 104.58, 0.00, 47.76, 50.27, 0, 0
2.00, 5.70, 23.94, 23.94, 1721.05, 20.00, 4.63, 17.22, 10.72, 0.00, 92.40, 0.00, 62.17, 59.59, 0, 0
2.00, 5.70, 23.85, 23.85, 1361.97, 20.00, 4.63, 16.11, 9.77, 0.00, 78.11, 0.00, 73.98, 70.13, 0, 0
2.00, 5.70, 23.65, 23.65, 864.00, 20.00, 4.63, 14.44, 8.18, 0.00, 31.47, 0.00, 84.33, 81.29, 0, 0
2.00, 5.70, 23.45, 23.45, 551.63, 20.00, 4.63, 13.89, 7.55, 0.00, 3.77, 0.00, 0.00, 90.00, 0, 0
2.00, 5.70, 23.28, 23.28, 336.78, 20.00, 4.63, 13.33, 7.07, 0.00, 0.00, 0.00, 0.00, 90.00, 0, 0
2.00, 5.70, 23.13, 23.13, 152.93, 20.00, 4.63, 12.78, 6.59, 0.00, 0.00, 0.00, 0.00, 90.00, 0, 0
2.00, 5.70, 23.00, 23.00, -16.90, 20.00, 4.63, 12.22, 5.97, 0.00, 0.00, 0.00, 0.00, 90.00, 0, 0
2.00, 5.70, 22.88, 22.88, -178.83, 20.00, 4.63, 11.67, 5.49, 0.00, 0.00, 0.00, 0.00, 90.00, 0, 0
2.00, 5.70, 22.75, 22.75, -376.04, 20.00, 4.63, 10.56, 4.39, 0.00, 0.00, 0.00, 0.00, 90.00, 0, 0
2.00, 5.70, 22.65, 22.65, -462.53, 20.00, 4.63, 11.11, 4.87, 0.00, 0.00, 0.00, 0.00, 90.00, 0, 0
2.00, 5.70, 22.55, 22.55, -567.41, 20.00, 4.63, 11.11, 4.87, 0.00, 0.00, 0.00, 0.00, 90.00, 0, 0
2.00, 5.70, 22.47, 22.47, -666.50, 20.00, 4.63, 11.11, 4.87, 0.00, 0.00, 0.00, 0.00, 90.00, 0, 0
2.00, 5.70, 22.40, 22.40, -721.96, 20.00, 4.63, 11.67, 5.49, 0.00, 0.00, 0.00, 0.00, 90.00, 0, 0
2.00, 5.70, 21.97, 21.97, -1946.12, 20.00, 4.63, 11.67, 5.49, 0.00, 0.00, 0.00, 0.00, 90.00, 0, 0
2.00, 5.70, 21.68, 21.68, -2170.68, 20.00, 4.63, 11.67, 5.63, 0.00, 0.00, 0.00, 0.00, 90.00, 0, 0
2.00, 5.70, 21.68, 21.68, -1725.33, 20.00, 4.63, 13.89, 7.84, 0.00, 39.60, 4.31, -90.00, 85.69, 0, 0
2.00, 5.70, 22.95, 22.95, 2294.95, 20.00, 4.63, 16.11, 10.06, 691.40, 48.96, 19.84, -77.56, 74.43, 0, 0
2.00, 5.70, 23.63, 23.63, 2565.05, 20.00, 4.63, 18.89, 12.78, 740.62, 75.98, 34.83, -66.40, 63.62, 0, 0
2.00, 5.70, 23.89, 23.89, 2373.46, 20.00, 4.63, 21.11, 15.02, 649.26, 94.77, 49.82, -53.09, 53.79, 0, 0
2.00, 5.70, 24.17, 24.17, 2816.75, 20.00, 4.63, 23.33, 17.27, 433.56, 114.23, 64.82, -36.43, 45.76, 0, 0
2.00, 5.70, 24.55, 24.55, 3533.04, 20.00, 4.63, 25.56, 19.39, 181.30, 126.64, 79.81, -15.72, 40.73, 0, 0
2.00, 5.70, 24.72, 24.72, 3230.64, 20.00, 4.63, 26.67, 20.36, 0.00, 126.53, 0.00, 7.51, 39.91, 0, 0
2.00, 5.70, 24.87, 24.87, 3376.10, 20.00, 4.63, 27.22, 21.01, 0.00, 118.14, 0.00, 29.47, 43.54, 0, 0
2.00, 5.70, 24.97, 24.97, 3398.08, 20.00, 4.63, 27.78, 21.50, 0.00, 110.15, 0.00, 47.57, 50.65, 0, 0
2.00, 5.70, 24.97, 24.97, 3196.46, 20.00, 4.63, 27.22, 21.01, 0.00, 93.73, 0.00, 61.94, 59.95, 0, 0
2.00, 5.70, 24.88, 24.88, 2882.44, 20.00, 4.63, 26.11, 19.87, 0.00, 68.66, 0.00, 73.73, 70.48, 0, 0
2.00, 5.70, 24.71, 24.71, 2452.34, 20.00, 4.63, 24.44, 18.25, 0.00, 31.16, 0.00, 84.09, 81.63, 0, 0
2.00, 5.70, 24.54, 24.54, 2142.42, 20.00, 4.63, 23.33, 17.12, 0.00, 5.66, 0.00, 0.00, 90.00, 0, 0
2.00, 5.70, 24.39, 24.39, 1925.86, 20.00, 4.63, 22.22, 16.00, 0.00, 0.00, 0.00, 0.00, 90.00, 0, 0
2.00, 5.70, 24.27, 24.27, 1738.59, 20.00, 4.63, 21.11, 15.02, 0.00, 0.00, 0.00, 0.00, 90.00, 0, 0
2.00, 5.70, 24.15, 24.15, 1560.60, 20.00, 4.63, 20.00, 13.90, 0.00, 0.00, 0.00, 0.00, 90.00, 0, 0
2.00, 5.70, 24.04, 24.04, 1385.64, 20.00, 4.63, 18.89, 12.78, 0.00, 0.00, 0.00, 0.00, 90.00, 0, 0
2.00, 5.70, 23.93, 23.93, 1209.95, 20.00, 4.63, 17.78, 11.66, 0.00, 0.00, 0.00, 0.00, 90.00, 0, 0
2.00, 5.70, 23.82, 23.82, 1031.30, 20.00, 4.63, 16.67, 10.55, 0.00, 0.00, 0.00, 0.00, 90.00, 0, 0
2.00, 5.70, 23.70, 23.70, 848.20, 20.00, 4.63, 15.56, 9.29, 0.00, 0.00, 0.00, 0.00, 90.00, 0, 0
2.00, 5.70, 23.58, 23.58, 660.08, 20.00, 4.63, 14.44, 8.18, 0.00, 0.00, 0.00, 0.00, 90.00, 0, 0
2.00, 5.70, 23.46, 23.46, 466.39, 20.00, 4.63, 13.33, 7.07, 0.00, 0.00, 0.00, 0.00, 90.00, 0, 0
2.00, 5.70, 22.91, 22.91, -946.57, 20.00, 4.63, 11.67, 5.49, 0.00, 0.00, 0.00, 0.00, 90.00, 0, 0
2.00, 5.70, 22.46, 22.46, -1499.31, 20.00, 4.63, 10.56, 4.39, 0.00, 0.00, 0.00, 0.00, 90.00, 0, 0
2.00, 5.70, 22.31, 22.31, -1285.65, 20.00, 4.63, 12.22, 5.97, 0.00, 35.83, 4.94, -87.26, 85.89, 0, 0
2.00, 5.70, 23.06, 23.06, 1330.77, 20.00, 4.63, 13.89, 7.70, 447.85, 57.90, 19.92, -77.18, 74.63, 0, 0
2.00, 5.70, 23.66, 23.66, 2120.23, 20.00, 4.63, 16.67, 10.55, 613.09, 86.93, 34.91, -66.01, 63.84, 0, 0
2.00, 5.70, 23.94, 23.94, 2117.85, 20.00, 4.63, 18.89, 12.78, 578.99, 105.31, 49.91, -52.70, 54.06, 0, 0
2.00, 5.70, 24.21, 24.21, 2550.86, 20.00, 4.63, 21.11, 14.87, 381.26, 127.42, 64.91, -36.07, 46.08, 0, 0
2.00, 5.70, 24.54, 24.54, 3145.87, 20.00, 4.63, 22.78, 16.48, 165.28, 138.81, 79.91, -15.46, 41.11, 0, 0
2.00, 5.70, 24.80, 24.80, 3171.84, 20.00, 4.63, 23.89, 17.61, 0.00, 142.98, 0.00, 7.60, 40.32, 0, 0
2.00, 5.70, 25.01, 25.01, 3388.68, 20.00, 4.63, 25.00, 18.57, 0.00, 131.93, 0.00, 29.38, 43.95, 0, 0
2.00, 5.70, 25.13, 25.13, 3412.90, 20.00, 4.63, 25.00, 18.57, 0.00, 122.04, 0.00, 47.38, 51.04, 0, 0
2.00, 5.70, 25.15, 25.15, 3221.26, 20.00, 4.63, 24.44, 18.09, 0.00, 92.86, 0.00, 61.71, 60.31, 0, 0
2.00, 5.70, 25.06, 25.06, 2899.89, 20.00, 4.63, 23.33, 16.96, 0.00, 61.51, 0.00, 73.49, 70.82, 0, 0
2.00, 5.70, 24.89, 24.89, 2467.26, 20.00, 4.63, 21.67, 15.36, 0.00, 29.87, 0.00, 83.84, 81.96, 0, 0
2.00, 5.70, 24.71, 24.71, 2135.84, 20.00, 4.63, 20.56, 14.23, 0.00, 7.54, 0.00, 0.00, 90.00, 0, 0
2.00, 5.70, 24.54, 24.54, 1894.53, 20.00, 4.63, 19.44, 13.11, 0.00, 0.00, 0.00, 0.00, 90.00, 0, 0
2.00, 5.70, 24.40, 24.40, 1684.76, 20.00, 4.63, 18.33, 11.99, 0.00, 0.00, 0.00, 0.00, 90.00, 0, 0
2.00, 5.70, 24.27, 24.27, 1484.21, 20.00, 4.63, 17.22, 10.88, 0.00, 0.00, 0.00, 0.00, 90.00, 0, 0
2.00, 5.70, 24.12, 24.12, 1247.93, 20.00, 4.63, 15.56, 9.29, 0.00, 0.00, 0.00, 0.00, 90.00, 0, 0
2.00, 5.70, 23.98, 23.98, 1041.22, 20.00, 4.63, 14.44, 8.18, 0.00, 0.00, 0.00, 0.00, 90.00, 0, 0
2.00, 5.70, 23.86, 23.86, 873.25, 20.00, 4.63, 13.89, 7.55, 0.00, 0.00, 0.00, 0.00, 90.00, 0, 0
2.00, 5.70, 23.73, 23.73, 672.75, 20.00, 4.63, 12.78, 6.45, 0.00, 0.00, 0.00, 0.00, 90.00, 0, 0
2.00, 5.70, 23.59, 23.59, 466.08, 20.00, 4.63, 11.67, 5.19, 0.00, 0.00, 0.00, 0.00, 90.00, 0, 0
2.00, 5.70, 23.45, 23.45, 253.60, 20.00, 4.63, 10.56, 4.10, 0.00, 0.00, 0.00, 0.00, 90.00, 0, 0
2.00, 5.70, 22.78, 22.78, -1494.84, 20.00, 4.63, 9.44, 3.00, 0.00, 0.00, 0.00, 0.00, 90.00, 0, 0
2.00, 5.70, 22.25, 22.25, -2116.55, 20.00, 4.63, 8.33, 1.91, 0.00, 0.00, 0.00, 0.00, 90.00, 0, 0
2.00, 5.70, 21.94, 21.94, -2255.14, 20.00, 4.63, 8.89, 2.53, 0.00, 16.97, 5.01, -86.89, 86.08, 0, 0
2.00, 5.70, 22.49, 22.49, -12.29, 20.00, 4.63, 11.11, 4.72, 352.75, 62.41, 20.00, -76.81, 74.83, 0, 0
2.00, 5.70, 23.12, 23.12, 1188.68, 20.00, 4.63, 13.89, 7.55, 622.75, 94.93, 35.00, -65.62, 64.07, 0, 0
2.00, 5.70, 23.46, 23.46, 1343.36, 20.00, 4.63, 16.67, 10.40, 638.72, 96.53, 50.00, -52.31, 54.32, 0, 0
2.00, 5.70, 23.77, 23.77, 1816.63, 20.00, 4.63, 18.89, 12.47, 423.94, 123.70, 65.00, -35.70, 46.40, 0, 0
2.00, 5.70, 24.10, 24.10, 2377.07, 20.00, 4.63, 20.56, 14.23, 166.51, 136.86, 80.00, -15.20, 41.48, 0, 0
2.00, 5.70, 24.43, 24.43, 2699.00, 20.00, 4.63, 21.67, 15.36, 0.00, 134.63, 0.00, 7.68, 40.73, 0, 0
2.00, 5.70, 24.67, 24.67, 2895.37, 20.00, 4.63, 22.22, 15.84, 0.00, 120.45, 0.00, 29.29, 44.36, 0, 0
2.00, 5.70, 24.79, 24.79, 2879.08, 20.00, 4.63, 22.22, 15.84, 0.00, 117.36, 0.00, 47.19, 51.43, 0, 0
2.00, 5.70, 24.78, 24.78, 2653.53, 20.00, 4.63, 21.67, 15.36, 0.00, 106.87, 0.00, 61.48, 60.68, 0, 0
2.00, 5.70, 24.70, 24.70, 2373.89, 20.00, 4.63, 20.56, 14.23, 0.00, 78.95, 0.00, 73.25, 71.17, 0, 0
2.00, 5.70, 24.51, 24.51, 1885.75, 20.00, 4.63, 18.89, 12.63, 0.00, 25.73, 0.00, 83.60, 82.30, 0, 0
2.00, 5.70, 24.31, 24.31, 1564.24, 20.00, 4.63, 17.78, 11.66, 0.00, 1.89, 0.00, 0.00, 90.00, 0, 0
2.00, 5.70, 24.16, 24.16, 1365.91, 20.00, 4.63, 17.22, 11.03, 0.00, 0.00, 0.00, 0.00, 90.00, 0, 0
2.00, 5.70, 24.02, 24.02, 1196.91, 20.00, 4.63, 16.67, 10.55, 0.00, 0.00, 0.00, 0.00, 90.00, 0, 0
2.00, 5.70, 23.91, 23.91, 1042.55, 20.00, 4.63, 16.11, 9.92, 0.00, 0.00, 0.00, 0.00, 90.00, 0, 0
2.00, 5.70, 23.80, 23.80, 896.29, 20.00, 4.63, 15.56, 9.43, 0.00, 0.00, 0.00, 0.00, 90.00, 0, 0
2.00, 5.70, 23.69, 23.69, 714.93, 20.00, 4.63, 14.44, 8.32, 0.00, 0.00, 0.00, 0.00, 90.00, 0, 0
2.00, 5.70, 23.58, 23.58, 565.26, 20.00, 4.63, 13.89, 7.70, 0.00, 0.00, 0.00, 0.00, 90.00, 0, 0
2.00, 5.70, 23.49, 23.49, 457.30, 20.00, 4.63, 13.89, 7.70, 0.00, 0.00, 0.00, 0.00, 90.00, 0, 0
2.00, 5.70, 23.39, 23.39, 320.08, 20.00, 4.63, 13.33, 7.22, 0.00, 0.00, 0.00, 0.00, 90.00, 0, 0
2.00, 5.70, 23.29, 23.29, 180.26, 20.00, 4.63, 12.78, 6.59, 0.00, 0.00, 0.00, 0.00, 90.00, 0, 0
2.00, 5.70, 22.82, 22.82, -1045.19, 20.00, 4.63, 12.22, 6.11, 0.00, 0.00, 0.00, 0.00, 90.00, 0, 0
2.00, 5.70, 22.50, 22.50, -1297.39, 20.00, 4.63, 12.22, 6.11, 0.00, 0.00, 0.00, 0.00, 90.00, 0, 0
2.00, 5.70, 22.39, 22.39, -1144.69, 20.00, 4.63, 13.33, 7.35, 0.00, 32.05, 5.10, -86.52, 86.27, 0, 0
2.00, 5.70, 23.30, 23.30, 1904.34, 20.00, 4.63, 15.56, 9.57, 497.71, 50.75, 20.10, -76.43, 75.03, 0, 0
2.00, 5.70, 23.82, 23.82, 2230.86, 20.00, 4.63, 17.78, 11.80, 549.77, 88.93, 35.09, -65.24, 64.30, 0, 0
2.00, 5.70, 24.14, 24.14, 2441.29, 20.00, 4.63, 20.56, 14.39, 566.64, 103.81, 50.09, -51.92, 54.59, 0, 0
2.00, 5.70, 24.45, 24.45, 2924.67, 20.00, 4.63, 22.78, 16.64, 393.23, 121.10, 65.09, -35.34, 46.72, 0, 0
2.00, 5.70, 24.79, 24.79, 3482.60, 20.00, 4.63, 24.44, 18.25, 152.49, 143.18, 80.09, -14.94, 41.86, 0, 0
2.00, 5.70, 24.96, 24.96, 3218.53, 20.00, 4.63, 25.56, 19.23, 0.00, 169.35, 0.00, 7.76, 41.14, 0, 0
2.00, 5.70, 25.12, 25.12, 3400.15, 20.00, 4.63, 26.11, 19.87, 0.00, 146.35, 0.00, 29.20, 44.77, 0, 0
2.00, 5.70, 25.21, 25.21, 3411.69, 20.00, 4.63, 26.11, 19.87, 0.00, 116.37, 0.00, 47.01, 51.82, 0, 0
2.00, 5.70, 25.25, 25.25, 3337.66, 20.00, 4.63, 26.11, 19.87, 0.00, 90.61, 0.00, 61.25, 61.04, 0, 0
2.00, 5.70, 25.18, 25.18, 3029.79, 20.00, 4.63, 25.00, 18.74, 0.00, 59.91, 0.00, 73.01, 71.51, 0, 0
2.00, 5.70, 25.02, 25.02, 2624.26, 20.00, 4.63, 23.33, 17.12, 0.00, 27.22, 0.00, 83.35, 82.64, 0, 0
2.00, 5.70, 24.86, 24.86, 2315.38, 20.00, 4.63, 22.22, 16.00, 0.00, 5.66, 0.00, 0.00, 90.00, 0, 0
2.00, 5.70, 24.71, 24.71, 2096.49, 20.00, 4.63, 21.11, 14.87, 0.00, 0.00, 0.00, 0.00, 90.00, 0, 0
2.00, 5.70, 24.57, 24.57, 1865.13, 20.00, 4.63, 19.44, 13.27, 0.00, 0.00, 0.00, 0.00, 90.00, 0, 0
2.00, 5.70, 24.44, 24.44, 1671.15, 20.00, 4.63, 18.33, 11.99, 0.00, 0.00, 0.00, 0.00, 90.00, 0, 0
2.00, 5.70, 24.31, 24.31, 1481.58, 20.00, 4.63, 17.22, 10.88, 0.00, 0.00, 0.00, 0.00, 90.00, 0, 0
2.00, 5.70, 24.19, 24.19, 1292.15, 20.00, 4.63, 16.11, 9.77, 0.00, 0.00, 0.00, 0.00, 90.00, 0, 0
2.00, 5.70, 24.05, 24.05, 1061.25, 20.00, 4.63, 14.44, 8.18, 0.00, 0.00, 0.00, 0.00, 90.00, 0, 0
2.00, 5.70, 23.91, 23.91, 856.37, 20.00, 4.63, 13.33, 7.07, 0.00, 0.00, 0.00, 0.00, 90.00, 0, 0
2.00, 5.70, 23.77, 23.77, 648.69, 20.00, 4.63, 12.22, 5.82, 0.00, 0.00, 0.00, 0.00, 90.00, 0, 0
2.00, 5.70, 23.61, 23.61, 397.83, 20.00, 4.63, 10.56, 4.25, 0.00, 0.00, 0.00, 0.00, 90.00, 0, 0
2.00, 5.70, 22.93, 22.93, -1364.21, 20.00, 4.63, 9.44, 3.15, 0.00, 0.00, 0.00, 0.00, 90.00, 0, 0
2.00, 5.70, 22.39, 22.39, -1994.70, 20.00, 4.63, 8.33, 1.91, 0.00, 0.00, 0.00, 0.00, 90.00, 0, 0
2.00, 5.70, 22.13, 22.13, -1969.85, 20.00, 4.63, 9.44, 3.00, 0.00, 32.05, 5.22, -86.15, 86.46, 0, 0
2.00, 5.70, 22.61, 22.61, -26.35, 20.00, 4.63, 11.11, 4.72, 319.75, 58.66, 20.20, -76.06, 75.24, 0, 0
2.00, 5.70, 23.05, 23.05, 715.29, 20.00, 4.63, 13.33, 6.92, 476.93, 92.05, 35.19, -64.85, 64.53, 0, 0
2.00, 5.70, 23.28, 23.28, 811.41, 20.00, 4.63, 15.56, 9.29, 450.39, 117.35, 50.19, -51.53, 54.86, 0, 0
2.00, 5.70, 23.53, 23.53, 1240.34, 20.00, 4.63, 17.22, 10.88, 330.94, 138.22, 65.19, -34.98, 47.04, 0, 0
2.00, 5.70, 23.82, 23.82, 1809.69, 20.00, 4.63, 18.89, 12.47, 138.16, 152.25, 80.19, -14.69, 42.24, 0, 0
2.00, 5.70, 24.22, 24.22, 2438.92, 20.00, 4.63, 20.56, 14.07, 0.00, 150.11, 0.00, 7.83, 41.55, 0, 0
2.00, 5.70, 24.51, 24.51, 2695.72, 20.00, 4.63, 21.11, 14.71, 0.00, 129.17, 0.00, 29.11, 45.18, 0, 0
2.00, 5.70, 24.68, 24.68, 2739.98, 20.00, 4.63, 21.67, 15.19, 0.00, 102.67, 0.00, 46.82, 52.20, 0, 0
2.00, 5.70, 24.72, 24.72, 2591.78, 20.00, 4.63, 21.11, 14.71, 0.00, 78.38, 0.00, 61.02, 61.40, 0, 0
2.00, 5.70, 24.64, 24.64, 2271.62, 20.00, 4.63, 20.00, 13.75, 0.00, 65.56, 0.00, 72.77, 71.86, 0, 0
2.00, 5.70, 24.46, 24.46, 1800.86, 20.00, 4.63, 18.33, 12.15, 0.00, 27.60, 0.00, 83.11, 82.97, 0, 0
2.00, 5.70, 24.28, 24.28, 1513.99, 20.00, 4.63, 17.78, 11.51, 0.00, 3.77, 0.00, 0.00, 90.00, 0, 0
2.00, 5.70, 24.12, 24.12, 1280.74, 20.00, 4.63, 16.67, 10.55, 0.00, 0.00, 0.00, 0.00, 90.00, 0, 0
2.00, 5.70, 23.98, 23.98, 1107.53, 20.00, 4.63, 16.11, 9.92, 0.00, 0.00, 0.00, 0.00, 90.00, 0, 0
2.00, 5.70, 23.86, 23.86, 950.28, 20.00, 4.63, 15.56, 9.43, 0.00, 0.00, 0.00, 0.00, 90.00, 0, 0
2.00, 5.70, 23.74, 23.74, 762.65, 20.00, 4.63, 14.44, 8.32, 0.00, 0.00, 0.00, 0.00, 90.00, 0, 0
2.00, 5.70, 23.62, 23.62, 609.53, 20.00, 4.63, 13.89, 7.70, 0.00, 0.00, 0.00, 0.00, 90.00, 0, 0
2.00, 5.70, 23.53, 23.53, 499.79, 20.00, 4.63, 13.89, 7.70, 0.00, 0.00, 0.00, 0.00, 90.00, 0, 0
2.00, 5.70, 23.43, 23.43, 361.68, 20.00, 4.63, 13.33, 7.07, 0.00, 0.00, 0.00, 0.00, 90.00, 0, 0
2.00, 5.70, 23.33, 23.33, 221.82, 20.00, 4.63, 12.78, 6.59, 0.00, 0.00, 0.00, 0.00, 90.00, 0, 0
2.00, 5.70, 23.23, 23.23, 80.10, 20.00, 4.63, 12.22, 6.11, 0.00, 0.00, 0.00, 0.00, 90.00, 0, 0
2.00, 5.70, 23.14, 23.14, -24.36, 20.00, 4.63, 12.22, 5.97, 0.00, 0.00, 0.00, 0.00, 90.00, 0, 0
2.00, 5.70, 23.04, 23.04, -160.54, 20.00, 4.63, 11.67, 5.63, 0.00, 0.00, 0.00, 0.00, 90.00, 0, 0
2.00, 5.70, 22.97, 22.97, -181.00, 20.00, 4.63, 12.22, 6.24, 0.00, 15.08, 5.38, -85.79, 86.66, 0, 0
2.00, 5.70, 23.72, 23.72, 2177.88, 20.00, 4.63, 14.44, 8.46, 411.24, 54.57, 20.30, -75.69, 75.44, 0, 0
2.00, 5.70, 24.16, 24.16, 2415.57, 20.00, 4.63, 16.67, 10.68, 525.26, 86.06, 35.29, -64.47, 64.76, 0, 0
2.00, 5.70, 24.22, 24.22, 1939.09, 20.00, 4.63, 18.89, 12.92, 399.09, 126.03, 50.29, -51.15, 55.13, 0, 0
2.00, 5.70, 24.32, 24.32, 2134.93, 20.00, 4.63, 21.11, 15.16, 333.71, 142.32, 65.28, -34.63, 47.37, 0, 0
2.00, 5.70, 24.46, 24.46, 2379.27, 20.00, 4.63, 22.78, 16.78, 131.53, 156.16, 80.28, -14.44, 42.62, 0, 0
2.00, 5.70, 24.67, 24.67, 2790.24, 20.00, 4.63, 23.89, 17.91, 0.00, 151.95, 0.00, 7.91, 41.97, 0, 0
2.00, 5.70, 24.87, 24.87, 3044.80, 20.00, 4.63, 25.00, 19.04, 0.00, 129.10, 0.00, 29.02, 45.59, 0, 0
2.00, 5.70, 24.99, 24.99, 3079.92, 20.00, 4.63, 25.00, 19.04, 0.00, 107.28, 0.00, 46.64, 52.59, 0, 0
2.00, 5.70, 25.02, 25.02, 2957.72, 20.00, 4.63, 25.00, 19.04, 0.00, 89.26, 0.00, 60.80, 61.77, 0, 0
2.00, 5.70, 24.94, 24.94, 2628.74, 20.00, 4.63, 23.89, 18.05, 0.00, 65.56, 0.00, 72.53, 72.21, 0, 0
2.00, 5.70, 24.78, 24.78, 2244.05, 20.00, 4.63, 22.22, 16.42, 0.00, 50.91, 0.00, 82.86, 83.31, 0, 0
2.00, 5.70, 24.62, 24.62, 1974.93, 20.00, 4.63, 21.67, 15.92, 0.00, 5.66, 0.00, 0.00, 90.00, 0, 0
2.00, 5.70, 24.49, 24.49, 1804.87, 20.00, 4.63, 21.11, 15.42, 0.00, 0.00, 0.00, 0.00, 90.00, 0, 0
2.00, 5.70, 24.40, 24.40, 1707.49, 20.00, 4.63, 21.11, 15.42, 0.00, 0.00, 0.00, 0.00, 90.00, 0, 0
2.00, 5.70, 24.32, 24.32, 1594.06, 20.00, 4.63, 20.56, 14.92, 0.00, 0.00, 0.00, 0.00, 90.00, 0, 0
2.00, 5.70, 24.24, 24.24, 1485.58, 20.00, 4.63, 20.00, 14.42, 0.00, 0.00, 0.00, 0.00, 90.00, 0, 0
2.00, 5.70, 24.19, 24.19, 1417.81, 20.00, 4.63, 20.00, 14.42, 0.00, 0.00, 0.00, 0.00, 90.00, 0, 0
2.00, 5.70, 24.12, 24.12, 1320.32, 20.00, 4.63, 19.44, 13.80, 0.00, 0.00, 0.00, 0.00, 90.00, 0, 0
2.00, 5.70, 24.07, 24.07, 1258.71, 20.00, 4.63, 19.44, 13.80, 0.00, 0.00, 0.00, 0.00, 90.00, 0, 0
2.00, 5.70, 24.03, 24.03, 1203.27, 20.00, 4.63, 19.44, 13.80, 0.00, 0.00, 0.00, 0.00, 90.00, 0, 0
2.00, 5.70, 23.99, 23.99, 1152.03, 20.00, 4.63, 19.44, 13.80, 0.00, 0.00, 0.00, 0.00, 90.00, 0, 0
2.00, 5.70, 23.85, 23.85, 965.27, 20.00, 4.63, 18.89, 13.29, 0.00, 0.00, 0.00, 0.00, 90.00, 0, 0
2.00, 5.70, 23.77, 23.77, 914.72, 20.00, 4.63, 18.89, 13.41, 0.00, 0.00, 0.00, 0.00, 90.00, 0, 0
2.00, 5.70, 23.76, 23.76, 1020.42, 20.00, 4.63, 19.44, 14.02, 0.00, 9.43, 5.55, -85.42, 86.85, 0, 0
2.00, 5.70, 24.17, 24.17, 2312.46, 20.00, 4.63, 21.11, 15.66, 156.69, 56.71, 20.42, -75.32, 75.65, 0, 0
2.00, 5.70, 24.31, 24.31, 2182.13, 20.00, 4.63, 22.22, 16.78, 33.43, 96.97, 35.40, -64.10, 64.99, 0, 0
2.00, 5.70, 24.49, 24.49, 2515.26, 20.00, 4.63, 23.33, 17.91, 22.13, 131.62, 50.39, -50.77, 55.40, 0, 0
2.00, 5.70, 24.68, 24.68, 2809.53, 20.00, 4.63, 23.89, 18.42, 23.66, 163.90, 65.38, -34.29, 47.69, 0, 0
2.00, 5.70, 24.97, 24.97, 3440.22, 20.00, 4.63, 25.56, 20.06, 32.70, 198.52, 80.37, -14.19, 43.00, 0, 0
2.00, 5.70, 24.99, 24.99, 2756.55, 20.00, 4.63, 26.11, 20.57, 0.00, 170.31, 0.00, 7.98, 42.38, 0, 0
2.00, 5.70, 25.03, 25.03, 2820.63, 20.00, 4.63, 26.11, 20.57, 0.00, 168.15, 0.00, 28.93, 46.00, 0, 0
2.00, 5.70, 25.00, 25.00, 2640.42, 20.00, 4.63, 25.56, 20.06, 0.00, 101.81, 0.00, 46.45, 52.98, 0, 0
2.00, 5.70, 24.96, 24.96, 2559.98, 20.00, 4.63, 25.56, 19.94, 0.00, 75.42, 0.00, 60.57, 62.13, 0, 0
2.00, 5.70, 24.89, 24.89, 2380.84, 20.00, 4.63, 24.44, 18.93, 0.00, 41.48, 0.00, 72.29, 72.55, 0, 0
2.00, 5.70, 24.82, 24.82, 2259.36, 20.00, 4.63, 23.89, 18.30, 0.00, 26.40, 0.00, 82.62, 83.64, 0, 0
2.00, 5.70, 24.75, 24.75, 2113.55, 20.00, 4.63, 23.33, 17.80, 0.00, 3.77, 0.00, 0.00, 90.00, 0, 0
2.00, 5.70, 24.68, 24.68, 2006.82, 20.00, 4.63, 22.78, 17.29, 0.00, 0.00, 0.00, 0.00, 90.00, 0, 0
2.00, 5.70, 24.60, 24.60, 1874.19, 20.00, 4.63, 21.67, 16.16, 0.00, 0.00, 0.00, 0.00, 90.00, 0, 0
2.00, 5.70, 24.53, 24.53, 1773.69, 20.00, 4.63, 21.11, 15.54, 0.00, 0.00, 0.00, 0.00, 90.00, 0, 0
2.00, 5.70, 24.47, 24.47, 1675.41, 20.00, 4.63, 20.56, 15.04, 0.00, 0.00, 0.00, 0.00, 90.00, 0, 0
2.00, 5.70, 24.40, 24.40, 1576.91, 20.00, 4.63, 20.00, 14.42, 0.00, 0.00, 0.00, 0.00, 90.00, 0, 0
2.00, 5.70, 24.32, 24.32, 1438.12, 20.00, 4.63, 18.89, 13.29, 0.00, 0.00, 0.00, 0.00, 90.00, 0, 0
2.00, 5.70, 24.24, 24.24, 1288.10, 20.00, 4.63, 17.78, 12.17, 0.00, 0.00, 0.00, 0.00, 90.00, 0, 0
2.00, 5.70, 24.15, 24.15, 1167.56, 20.00, 4.63, 17.22, 11.56, 0.00, 0.00, 0.00, 0.00, 90.00, 0, 0
2.00, 5.70, 24.05, 24.05, 1008.78, 20.00, 4.63, 16.11, 10.44, 0.00, 0.00, 0.00, 0.00, 90.00, 0, 0
2.00, 5.70, 23.67, 23.67, 165.77, 20.00, 4.63, 15.00, 9.44, 0.00, 0.00, 0.00, 0.00, 90.00, 0, 0
2.00, 5.70, 23.39, 23.39, -152.86, 20.00, 4.63, 14.44, 8.82, 0.00, 0.00, 0.00, 0.00, 90.00, 0, 0
2.00, 5.70, 23.29, 23.29, 8.72, 20.00, 4.63, 15.56, 9.94, 0.00, 28.28, 5.76, -85.06, 87.05, 0, 0
2.00, 5.70, 24.07, 24.07, 2590.13, 20.00, 4.63, 17.22, 11.56, 416.52, 53.44, 20.54, -74.95, 75.86, 0, 0
2.00, 5.70, 24.55, 24.55, 2990.56, 20.00, 4.63, 19.44, 13.80, 469.96, 90.90, 35.50, -63.72, 65.22, 0, 0
2.00, 5.70, 24.86, 24.86, 3208.46, 20.00, 4.63, 21.67, 16.05, 545.94, 110.16, 50.49, -50.39, 55.67, 0, 0
2.00, 5.70, 25.00, 25.00, 3621.04, 20.00, 4.63, 23.89, 18.18, 395.44, 122.53, 65.48, -33.94, 48.02, 0, 0
2.00, 5.70, 25.00, 25.00, 3943.90, 20.00, 4.63, 25.56, 19.81, 133.74, 155.05, 80.47, -13.95, 43.38, 0, 0
2.00, 5.70, 25.38, 25.38, 3803.69, 20.00, 4.63, 26.67, 20.81, 0.00, 148.51, 0.00, 8.05, 42.79, 0, 0
2.00, 5.70, 25.65, 25.65, 4006.43, 20.00, 4.63, 27.78, 21.81, 0.00, 137.14, 0.00, 28.85, 46.41, 0, 0
2.00, 5.70, 25.80, 25.80, 4027.70, 20.00, 4.63, 27.78, 21.81, 0.00, 108.43, 0.00, 46.27, 53.36, 0, 0
2.00, 5.70, 25.84, 25.84, 3883.16, 20.00, 4.63, 27.22, 21.31, 0.00, 91.14, 0.00, 60.35, 62.49, 0, 0
2.00, 5.70, 25.77, 25.77, 3560.70, 20.00, 4.63, 26.11, 20.18, 0.00, 65.10, 0.00, 72.05, 72.89, 0, 0
2.00, 5.70, 25.62, 25.62, 3189.75, 20.00, 4.63, 24.44, 18.55, 0.00, 43.37, 0.00, 82.37, 83.98, 0, 0
2.00, 5.70, 25.47, 25.47, 2898.27, 20.00, 4.63, 23.33, 17.42, 0.00, 3.77, 0.00, 0.00, 90.00, 0, 0
2.00, 5.70, 25.33, 25.33, 2690.18, 20.00, 4.63, 22.22, 16.29, 0.00, 0.00, 0.00, 0.00, 90.00, 0, 0
2.00, 5.70, 25.21, 25.21, 2503.98, 20.00, 4.63, 21.11, 15.16, 0.00, 0.00, 0.00, 0.00, 90.00, 0, 0
2.00, 5.70, 25.09, 25.09, 2324.44, 20.00, 4.63, 20.00, 13.90, 0.00, 0.00, 0.00, 0.00, 90.00, 0, 0
2.00, 5.70, 24.96, 24.96, 2107.51, 20.00, 4.63, 18.33, 12.29, 0.00, 0.00, 0.00, 0.00, 90.00, 0, 0
2.00, 5.70, 24.84, 24.84, 1918.59, 20.00, 4.63, 17.22, 11.17, 0.00, 0.00, 0.00, 0.00, 90.00, 0, 0
2.00, 5.70, 24.72, 24.72, 1728.17, 20.00, 4.63, 16.11, 10.06, 0.00, 0.00, 0.00, 0.00, 90.00, 0, 0
2.00, 5.70, 24.59, 24.59, 1534.29, 20.00, 4.63, 15.00, 8.95, 0.00, 0.00, 0.00, 0.00, 90.00, 0, 0
2.00, 5.70, 24.46, 24.46, 1335.66, 20.00, 4.63, 13.89, 7.70, 0.00, 0.00, 0.00, 0.00, 90.00, 0, 0
2.00, 5.70, 24.32, 24.32, 1131.85, 20.00, 4.63, 12.78, 6.59, 0.00, 0.00, 0.00, 0.00, 90.00, 0, 0
2.00, 5.70, 23.69, 23.69, -411.88, 20.00, 4.63, 11.11, 5.01, 0.00, 0.00, 0.00, 0.00, 90.00, 0, 0
2.00, 5.70, 23.20, 23.20, -1009.90, 20.00, 4.63, 10.00, 3.77, 0.00, 0.00, 0.00, 0.00, 90.00, 0, 0
2.00, 5.70, 22.95, 22.95, -990.35, 20.00, 4.63, 11.11, 4.87, 0.00, 22.63, 5.98, -84.69, 87.24, 0, 0
2.00, 5.70, 23.54, 23.54, 1272.39, 20.00, 4.63, 12.78, 6.59, 368.95, 54.61, 20.67, -74.58, 76.06, 0, 0
2.00, 5.70, 24.03, 24.03, 1985.98, 20.00, 4.63, 15.00, 8.81, 523.18, 87.71, 35.61, -63.35, 65.45, 0, 0
2.00, 5.70, 24.24, 24.24, 1932.64, 20.00, 4.63, 17.22, 11.03, 474.67, 112.41, 50.59, -50.02, 55.95, 0, 0
2.00, 5.70, 24.44, 24.44, 2224.88, 20.00, 4.63, 18.89, 12.63, 289.61, 143.82, 65.57, -33.61, 48.35, 0, 0
2.00, 5.70, 24.69, 24.69, 2748.31, 20.00, 4.63, 20.56, 14.23, 126.24, 153.51, 80.56, -13.72, 43.76, 0, 0
2.00, 5.70, 25.02, 25.02, 3099.32, 20.00, 4.63, 21.67, 15.36, 0.00, 145.78, 0.00, 8.12, 43.20, 0, 0
2.00, 5.70, 25.27, 25.27, 3348.32, 20.00, 4.63, 22.78, 16.32, 0.00, 130.99, 0.00, 28.76, 46.82, 0, 0
2.00, 5.70, 25.42, 25.42, 3417.29, 20.00, 4.63, 22.78, 16.48, 0.00, 106.51, 0.00, 46.09, 53.75, 0, 0
2.00, 5.70, 25.47, 25.47, 3305.60, 20.00, 4.63, 22.78, 16.48, 0.00, 96.07, 0.00, 60.13, 62.85, 0, 0
2.00, 5.70, 25.35, 25.35, 2833.83, 20.00, 4.63, 21.11, 14.87, 0.00, 64.51, 0.00, 71.81, 73.24, 0, 0
2.00, 5.70, 25.16, 25.16, 2422.38, 20.00, 4.63, 19.44, 13.27, 0.00, 26.40, 0.00, 82.13, 84.31, 0, 0
2.00, 5.70, 24.99, 24.99, 2168.89, 20.00, 4.63, 18.89, 12.63, 0.00, 1.89, 0.00, 0.00, 90.00, 0, 0
2.00, 5.70, 24.84, 24.84, 1948.02, 20.00, 4.63, 17.78, 11.51, 0.00, 0.00, 0.00, 0.00, 90.00, 0, 0
2.00, 5.70, 24.70, 24.70, 1742.75, 20.00, 4.63, 16.67, 10.55, 0.00, 0.00, 0.00, 0.00, 90.00, 0, 0
2.00, 5.70, 24.57, 24.57, 1581.26, 20.00, 4.63, 16.11, 9.92, 0.00, 0.00, 0.00, 0.00, 90.00, 0, 0
2.00, 5.70, 24.45, 24.45, 1390.33, 20.00, 4.63, 15.00, 8.81, 0.00, 0.00, 0.00, 0.00, 90.00, 0, 0
2.00, 5.70, 24.32, 24.32, 1195.13, 20.00, 4.63, 13.89, 7.70, 0.00, 0.00, 0.00, 0.00, 90.00, 0, 0
2.00, 5.70, 24.20, 24.20, 1034.15, 20.00, 4.63, 13.33, 7.07, 0.00, 0.00, 0.00, 0.00, 90.00, 0, 0
2.00, 5.70, 24.08, 24.08, 877.02, 20.00, 4.63, 12.78, 6.45, 0.00, 0.00, 0.00, 0.00, 90.00, 0, 0
2.00, 5.70, 23.95, 23.95, 682.19, 20.00, 4.63, 11.67, 5.35, 0.00, 0.00, 0.00, 0.00, 90.00, 0, 0
2.00, 5.70, 23.83, 23.83, 517.70, 20.00, 4.63, 11.11, 4.87, 0.00, 0.00, 0.00, 0.00, 90.00, 0, 0
2.00, 5.70, 23.22, 23.22, -1014.17, 20.00, 4.63, 10.56, 4.25, 0.00, 0.00, 0.00, 0.00, 90.00, 0, 0
2.00, 5.70, 22.74, 22.74, -1595.98, 20.00, 4.63, 9.44, 3.29, 0.00, 0.00, 0.00, 0.00, 90.00, 0, 0
2.00, 5.70, 22.50, 22.50, -1563.98, 20.00, 4.63, 10.56, 4.39, 0.00, 22.63, 6.22, -84.33, 87.44, 0, 0
2.00, 5.70, 23.00, 23.00, 404.21, 20.00, 4.63, 12.22, 5.97, 309.64, 55.20, 20.80, -74.22, 76.27, 0, 0
2.00, 5.70, 23.57, 23.57, 1499.83, 20.00, 4.63, 14.44, 8.18, 560.85, 82.99, 35.73, -62.98, 65.69, 0, 0
2.00, 5.70, 23.80, 23.80, 1409.60, 20.00, 4.63, 16.67, 10.40, 491.61, 107.93, 50.69, -49.65, 56.22, 0, 0
2.00, 5.70, 24.04, 24.04, 1842.70, 20.00, 4.63, 18.89, 12.63, 306.73, 140.24, 65.67, -33.27, 48.67, 0, 0
2.00, 5.70, 24.36, 24.36, 2456.04, 20.00, 4.63, 20.56, 14.23, 139.88, 147.13, 80.65, -13.49, 44.13, 0, 0
2.00, 5.70, 24.72, 24.72, 2879.35, 20.00, 4.63, 21.67, 15.36, 0.00, 135.15, 0.00, 8.19, 43.60, 0, 0
2.00, 5.70, 24.99, 24.99, 3123.06, 20.00, 4.63, 22.78, 16.32, 0.00, 114.98, 0.00, 28.67, 47.22, 0, 0
2.00, 5.70, 25.14, 25.14, 3173.60, 20.00, 4.63, 23.33, 16.79, 0.00, 113.65, 0.00, 45.91, 54.14, 0, 0
2.00, 5.70, 25.15, 25.15, 2939.50, 20.00, 4.63, 22.78, 16.32, 0.00, 99.77, 0.00, 59.91, 63.22, 0, 0
2.00, 5.70, 25.03, 25.03, 2521.76, 20.00, 4.63, 21.11, 14.71, 0.00, 64.81, 0.00, 71.57, 73.58, 0, 0
2.00, 5.70, 24.85, 24.85, 2156.81, 20.00, 4.63, 20.00, 13.59, 0.00, 26.40, 0.00, 81.89, 84.64, 0, 0
2.00, 5.70, 24.68, 24.68, 1879.20, 20.00, 4.63, 18.89, 12.47, 0.00, 1.89, 0.00, 0.00, 90.00, 0, 0
2.00, 5.70, 24.53, 24.53, 1662.11, 20.00, 4.63, 17.78, 11.36, 0.00, 0.00, 0.00, 0.00, 90.00, 0, 0
2.00, 5.70, 24.39, 24.39, 1461.37, 20.00, 4.63, 16.67, 10.24, 0.00, 0.00, 0.00, 0.00, 90.00, 0, 0
2.00, 5.70, 24.26, 24.26, 1265.97, 20.00, 4.63, 15.56, 9.13, 0.00, 0.00, 0.00, 0.00, 90.00, 0, 0
2.00, 5.70, 24.12, 24.12, 1071.16, 20.00, 4.63, 14.44, 8.03, 0.00, 0.00, 0.00, 0.00, 90.00, 0, 0
2.00, 5.70, 24.00, 24.00, 913.26, 20.00, 4.63, 13.89, 7.39, 0.00, 0.00, 0.00, 0.00, 90.00, 0, 0
2.00, 5.70, 23.87, 23.87, 721.54, 20.00, 4.63, 12.78, 6.29, 0.00, 0.00, 0.00, 0.00, 90.00, 0, 0
2.00, 5.70, 23.74, 23.74, 522.92, 20.00, 4.63, 11.67, 5.19, 0.00, 0.00, 0.00, 0.00, 90.00, 0, 0
2.00, 5.70, 23.60, 23.60, 317.74, 20.00, 4.63, 10.56, 4.10, 0.00, 0.00, 0.00, 0.00, 90.00, 0, 0
2.00, 5.70, 23.45, 23.45, 106.25, 20.00, 4.63, 9.44, 3.00, 0.00, 0.00, 0.00, 0.00, 90.00, 0, 0
2.00, 5.70, 22.72, 22.72, -1825.25, 20.00, 4.63, 8.33, 1.91, 0.00, 0.00, 0.00, 0.00, 90.00, 0, 0
2.00, 5.70, 22.15, 22.15, -2479.45, 20.00, 4.63, 7.22, 0.67, 0.00, 0.00, 0.00, 0.00, 90.00, 0, 0
2.00, 5.70, 21.77, 21.77, -2788.37, 20.00, 4.63, 7.22, 0.83, 0.00, 9.43, 6.47, -83.97, 87.63, 0, 0
2.00, 5.70, 21.72, 21.72, -2269.11, 20.00, 4.63, 8.33, 1.91, 73.66, 51.17, 20.94, -73.86, 76.48, 0, 0
2.00, 5.70, 22.13, 22.13, -856.18, 20.00, 4.63, 10.56, 4.25, 355.46, 101.52, 35.84, -62.61, 65.93, 0, 0
2.00, 5.70, 22.47, 22.47, -326.11, 20.00, 4.63, 13.33, 6.92, 450.64, 124.91, 50.80, -49.29, 56.50, 0, 0
2.00, 5.70, 22.66, 22.66, -218.53, 20.00, 4.63, 14.44, 8.18, 155.38, 176.34, 65.77, -32.95, 49.00, 0, 0
2.00, 5.70, 22.86, 22.86, 181.22, 20.00, 4.63, 15.56, 9.29, 57.34, 194.17, 80.74, -13.26, 44.51, 0, 0
2.00, 5.70, 23.31, 23.31, 1221.40, 20.00, 4.63, 16.67, 10.40, 0.00, 178.67, 0.00, 8.25, 44.01, 0, 0
2.00, 5.70, 23.61, 23.61, 1471.56, 20.00, 4.63, 17.78, 11.51, 0.00, 157.58, 0.00, 28.59, 47.63, 0, 0
2.00, 5.70, 23.74, 23.74, 1421.06, 20.00, 4.63, 17.78, 11.51, 0.00, 144.86, 0.00, 45.74, 54.52, 0, 0
2.00, 5.70, 23.77, 23.77, 1292.67, 20.00, 4.63, 17.22, 11.03, 0.00, 104.25, 0.00, 59.69, 63.58, 0, 0
2.00, 5.70, 23.68, 23.68, 993.49, 20.00, 4.63, 16.11, 9.92, 0.00, 68.81, 0.00, 71.34, 73.92, 0, 0
2.00, 5.70, 23.52, 23.52, 618.24, 20.00, 4.63, 14.44, 8.32, 0.00, 28.28, 0.00, 81.64, 84.97, 0, 0
2.00, 5.70, 23.37, 23.37, 412.05, 20.00, 4.63, 14.44, 8.32, 0.00, 1.89, 0.00, 0.00, 90.00, 0, 0
2.00, 5.70, 23.24, 23.24, 242.50, 20.00, 4.63, 13.89, 7.84, 0.00, 0.00, 0.00, 0.00, 90.00, 0, 0
2.00, 5.70, 23.13, 23.13, 129.54, 20.00, 4.63, 13.89, 7.97, 0.00, 0.00, 0.00, 0.00, 90.00, 0, 0
2.00, 5.70, 23.05, 23.05, 32.77, 20.00, 4.63, 13.89, 7.84, 0.00, 0.00, 0.00, 0.00, 90.00, 0, 0
2.00, 5.70, 22.95, 22.95, -92.78, 20.00, 4.63, 13.33, 7.35, 0.00, 0.00, 0.00, 0.00, 90.00, 0, 0
2.00, 5.70, 22.87, 22.87, -181.54, 20.00, 4.63, 13.33, 7.35, 0.00, 0.00, 0.00, 0.00, 90.00, 0, 0
2.00, 5.70, 22.80, 22.80, -263.45, 20.00, 4.63, 13.33, 7.35, 0.00, 0.00, 0.00, 0.00, 90.00, 0, 0
2.00, 5.70, 22.74, 22.74, -301.46, 20.00, 4.63, 13.89, 7.84, 0.00, 0.00, 0.00, 0.00, 90.00, 0, 0
2.00, 5.70, 22.69, 22.69, -366.06, 20.00, 4.63, 13.89, 7.84, 0.00, 0.00, 0.00, 0.00, 90.00, 0, 0
2.00, 5.70, 22.63, 22.63, -429.95, 20.00, 4.63, 13.89, 7.97, 0.00, 0.00, 0.00, 0.00, 90.00, 0, 0
2.00, 5.70, 22.36, 22.36, -1171.34, 20.00, 4.63, 14.44, 8.46, 0.00, 0.00, 0.00, 0.00, 90.00, 0, 0
2.00, 5.70, 22.17, 22.17, -1306.11, 20.00, 4.63, 14.44, 8.71, 0.00, 0.00, 0.00, 0.00, 90.00, 0, 0
2.00, 5.70, 22.09, 22.09, -1255.58, 20.00, 4.63, 15.00, 9.20, 0.00, 9.43, 6.74, -83.61, 87.83, 0, 0
2.00, 5.70, 22.14, 22.14, -928.68, 20.00, 4.63, 16.11, 10.44, 5.89, 44.53, 21.08, -73.50, 76.69, 0, 0
2.00, 5.70, 22.40, 22.40, -162.05, 20.00, 4.63, 17.78, 12.05, 74.05, 96.64, 35.96, -62.24, 66.16, 0, 0
2.00, 5.70, 22.75, 22.75, 573.94, 20.00, 4.63, 19.44, 13.67, 189.00, 140.86, 50.90, -48.93, 56.78, 0, 0
2.00, 5.70, 23.17, 23.17, 1374.20, 20.00, 4.63, 21.67, 15.79, 168.99, 173.45, 65.86, -32.62, 49.33, 0, 0
2.00, 5.70, 23.45, 23.45, 1612.59, 20.00, 4.63, 22.22, 16.42, 25.13, 187.68, 80.83, -13.04, 44.89, 0, 0
2.00, 5.70, 23.59, 23.59, 1521.48, 20.00, 4.63, 23.33, 17.42, 0.00, 193.30, 0.00, 8.31, 44.42, 0, 0
2.00, 5.70, 23.65, 23.65, 1458.04, 20.00, 4.63, 23.33, 17.42, 0.00, 159.20, 0.00, 28.50, 48.03, 0, 0
2.00, 5.70, 23.72, 23.72, 1564.93, 20.00, 4.63, 23.33, 17.42, 0.00, 147.81, 0.00, 45.56, 54.90, 0, 0
2.00, 5.70, 23.77, 23.77, 1592.32, 20.00, 4.63, 23.33, 17.42, 0.00, 109.13, 0.00, 59.47, 63.93, 0, 0
2.00, 5.70, 23.73, 23.73, 1387.58, 20.00, 4.63, 22.78, 16.92, 0.00, 65.54, 0.00, 71.10, 74.26, 0, 0
2.00, 5.70, 23.62, 23.62, 1103.31, 20.00, 4.63, 21.67, 15.79, 0.00, 20.74, 0.00, 81.40, 85.30, 0, 0
2.00, 5.70, 23.52, 23.52, 939.46, 20.00, 4.63, 21.11, 15.30, 0.00, 1.89, 0.00, 0.00, 90.00, 0, 0
2.00, 5.70, 23.44, 23.44, 823.03, 20.00, 4.63, 20.56, 14.67, 0.00, 0.00, 0.00, 0.00, 90.00, 0, 0
2.00, 5.70, 23.35, 23.35, 682.91, 20.00, 4.63, 19.44, 13.55, 0.00, 0.00, 0.00, 0.00, 90.00, 0, 0
2.00, 5.70, 23.26, 23.26, 539.26, 20.00, 4.63, 18.33, 12.43, 0.00, 0.00, 0.00, 0.00, 90.00, 0, 0
2.00, 5.70, 23.18, 23.18, 429.46, 20.00, 4.63, 17.78, 11.93, 0.00, 0.00, 0.00, 0.00, 90.00, 0, 0
2.00, 5.70, 23.09, 23.09, 283.67, 20.00, 4.63, 16.67, 10.81, 0.00, 0.00, 0.00, 0.00, 90.00, 0, 0
2.00, 5.70, 23.01, 23.01, 168.15, 20.00, 4.63, 16.11, 10.19, 0.00, 0.00, 0.00, 0.00, 90.00, 0, 0
2.00, 5.70, 22.91, 22.91, 14.58, 20.00, 4.63, 15.00, 9.08, 0.00, 0.00, 0.00, 0.00, 90.00, 0, 0
2.00, 5.70, 22.81, 22.81, -148.83, 20.00, 4.63, 13.89, 7.97, 0.00, 0.00, 0.00, 0.00, 90.00, 0, 0
2.00, 5.70, 22.70, 22.70, -320.93, 20.00, 4.63, 12.78, 6.86, 0.00, 0.00, 0.00, 0.00, 90.00, 0, 0
2.00, 5.70, 22.59, 22.59, -461.76, 20.00, 4.63, 12.22, 6.24, 0.00, 0.00, 0.00, 0.00, 90.00, 0, 0
2.00, 5.70, 22.47, 22.47, -640.15, 20.00, 4.63, 11.11, 5.14, 0.00, 0.00, 0.00, 0.00, 90.00, 0, 0
2.00, 5.70, 22.39, 22.39, -668.56, 20.00, 4.63, 11.67, 5.75, 0.00, 15.08, 0.00, -83.25, 88.03, 0, 0
2.00, 5.70, 23.51, 23.51, 2822.18, 20.00, 4.63, 13.89, 7.97, 608.67, 43.35, 21.23, -73.14, 76.90, 0, 0
2.00, 5.70, 24.05, 24.05, 2805.73, 20.00, 4.63, 16.67, 10.68, 678.19, 76.23, 36.08, -61.88, 66.40, 0, 0
2.00, 5.70, 24.07, 24.07, 2028.55, 20.00, 4.63, 18.89, 12.78, 549.84, 99.37, 51.01, -48.57, 57.05, 0, 0
2.00, 5.70, 24.08, 24.08, 1985.67, 20.00, 4.63, 20.56, 14.53, 366.25, 117.94, 65.96, -32.31, 49.66, 0, 0
2.00, 5.70, 24.15, 24.15, 2175.08, 20.00, 4.63, 22.22, 16.00, 137.35, 134.71, 80.92, -12.83, 45.27, 0, 0
2.00, 5.70, 24.32, 24.32, 2545.51, 20.00, 4.63, 23.33, 17.12, 0.00, 136.97, 0.00, 8.37, 44.82, 0, 0
2.00, 5.70, 24.49, 24.49, 2750.06, 20.00, 4.63, 23.89, 17.61, 0.00, 122.04, 0.00, 28.41, 48.43, 0, 0
2.00, 5.70, 24.58, 24.58, 2765.48, 20.00, 4.63, 24.44, 18.09, 0.00, 93.28, 0.00, 45.38, 55.28, 0, 0
2.00, 5.70, 24.59, 24.59, 2590.11, 20.00, 4.63, 23.89, 17.61, 0.00, 92.23, 0.00, 59.25, 64.29, 0, 0
2.00, 5.70, 24.47, 24.47, 2205.08, 20.00, 4.63, 22.78, 16.48, 0.00, 63.40, 0.00, 70.86, 74.60, 0, 0
2.00, 5.70, 24.29, 24.29, 1802.73, 20.00, 4.63, 21.11, 14.87, 0.00, 32.05, 0.00, 81.15, 85.63, 0, 0
2.00, 5.70, 24.12, 24.12, 1511.73, 20.00, 4.63, 20.00, 13.75, 0.00, 1.89, 0.00, 0.00, 90.00, 0, 0
2.00, 5.70, 23.97, 23.97, 1295.29, 20.00, 4.63, 18.89, 12.63, 0.00, 0.00, 0.00, 0.00, 90.00, 0, 0
2.00, 5.70, 23.83, 23.83, 1098.29, 20.00, 4.63, 17.78, 11.51, 0.00, 0.00, 0.00, 0.00, 90.00, 0, 0
2.00, 5.70, 23.69, 23.69, 869.52, 20.00, 4.63, 16.11, 9.77, 0.00, 0.00, 0.00, 0.00, 90.00, 0, 0
2.00, 5.70, 23.55, 23.55, 672.55, 20.00, 4.63, 15.00, 8.66, 0.00, 0.00, 0.00, 0.00, 90.00, 0, 0
2.00, 5.70, 23.42, 23.42, 476.15, 20.00, 4.63, 13.89, 7.39, 0.00, 0.00, 0.00, 0.00, 90.00, 0, 0
2.00, 5.70, 23.29, 23.29, 277.94, 20.00, 4.63, 12.78, 6.45, 0.00, 0.00, 0.00, 0.00, 90.00, 0, 0
2.00, 5.70, 23.14, 23.14, 36.49, 20.00, 4.63, 11.11, 4.72, 0.00, 0.00, 0.00, 0.00, 90.00, 0, 0
2.00, 5.70, 22.99, 22.99, -179.49, 20.00, 4.63, 10.00, 3.63, 0.00, 0.00, 0.00, 0.00, 90.00, 0, 0
2.00, 5.70, 22.83, 22.83, -398.58, 20.00, 4.63, 8.89, 2.53, 0.00, 0.00, 0.00, 0.00, 90.00, 0, 0
2.00, 5.70, 22.10, 22.10, -2402.32, 20.00, 4.63, 7.78, 1.29, 0.00, 0.00, 0.00, 0.00, 90.00, 0, 0
2.00, 5.70, 21.49, 21.49, -3191.18, 20.00, 4.63, 6.11, -0.41, 0.00, 0.00, 0.00, 0.00, 90.00, 0, 0
2.00, 5.70, 21.17, 21.17, -3208.21, 20.00, 4.63, 7.22, 0.67, 0.00, 16.97, 0.00, -82.90, 88.22, 0, 0
2.00, 5.70, 22.47, 22.47, 1376.82, 20.00, 4.63, 9.44, 3.00, 387.73, 50.01, 21.39, -72.78, 77.12, 0, 0
2.00, 5.70, 23.18, 23.18, 1742.22, 20.00, 4.63, 12.22, 5.82, 430.21, 91.01, 36.20, -61.52, 66.64, 0, 0
2.00, 5.70, 23.54, 23.54, 1792.81, 20.00, 4.63, 15.56, 8.97, 467.38, 122.66, 51.11, -48.22, 57.33, 0, 0
2.00, 5.70, 23.73, 23.73, 1880.22, 20.00, 4.63, 17.22, 10.72, 225.32, 161.93, 66.06, -32.00, 49.99, 0, 0
2.00, 5.70, 24.03, 24.03, 2496.17, 20.00, 4.63, 18.89, 12.30, 87.72, 176.31, 81.01, -12.62, 45.65, 0, 0
2.00, 5.70, 24.37, 24.37, 2865.28, 20.00, 4.63, 20.00, 13.42, 0.00, 199.45, 0.00, 8.43, 45.23, 0, 0
2.00, 5.70, 24.64, 24.64, 3138.90, 20.00, 4.63, 20.56, 13.89, 0.00, 173.88, 0.00, 28.32, 48.84, 0, 0
2.00, 5.70, 24.70, 24.70, 2902.15, 20.00, 4.63, 20.56, 13.89, 0.00, 159.08, 0.00, 45.21, 55.66, 0, 0
2.00, 5.70, 24.74, 24.74, 2856.20, 20.00, 4.63, 20.00, 13.42, 0.00, 102.99, 0.00, 59.04, 64.65, 0, 0
2.00, 5.70, 24.62, 24.62, 2408.57, 20.00, 4.63, 18.89, 12.30, 0.00, 52.37, 0.00, 70.63, 74.94, 0, 0
2.00, 5.70, 24.36, 24.36, 1766.19, 20.00, 4.63, 17.22, 10.72, 0.00, 30.17, 0.00, 80.91, 85.95, 0, 0
2.00, 5.70, 24.11, 24.11, 1356.70, 20.00, 4.63, 16.11, 9.61, 0.00, 1.89, 0.00, 0.00, 90.00, 0, 0
2.00, 5.70, 23.89, 23.89, 1073.75, 20.00, 4.63, 15.00, 8.50, 0.00, 0.00, 0.00, 0.00, 90.00, 0, 0
2.00, 5.70, 23.71, 23.71, 823.16, 20.00, 4.63, 13.89, 7.39, 0.00, 0.00, 0.00, 0.00, 90.00, 0, 0
2.00, 5.70, 23.54, 23.54, 586.22, 20.00, 4.63, 12.78, 6.29, 0.00, 0.00, 0.00, 0.00, 90.00, 0, 0
2.00, 5.70, 23.38, 23.38, 355.40, 20.00, 4.63, 11.67, 5.19, 0.00, 0.00, 0.00, 0.00, 90.00, 0, 0
2.00, 5.70, 23.22, 23.22, 126.27, 20.00, 4.63, 10.56, 4.10, 0.00, 0.00, 0.00, 0.00, 90.00, 0, 0
2.00, 5.70, 23.06, 23.06, -103.80, 20.00, 4.63, 9.44, 3.00, 0.00, 0.00, 0.00, 0.00, 90.00, 0, 0
2.00, 5.70, 22.90, 22.90, -336.41, 20.00, 4.63, 8.33, 1.91, 0.00, 0.00, 0.00, 0.00, 90.00, 0, 0
2.00, 5.70, 22.74, 22.74, -533.10, 20.00, 4.63, 7.78, 1.29, 0.00, 0.00, 0.00, 0.00, 90.00, 0, 0
2.00, 5.70, 22.58, 22.58, -764.21, 20.00, 4.63, 6.67, 0.21, 0.00, 0.00, 0.00, 0.00, 90.00, 0, 0
2.00, 5.70, 21.73, 21.73, -3134.54, 20.00, 4.63, 5.56, -0.87, 0.00, 0.00, 0.00, 0.00, 90.00, 0, 0
2.00, 5.70, 21.13, 21.13, -3728.61, 20.00, 4.63, 5.00, -1.49, 0.00, 0.00, 0.00, 0.00, 90.00, 0, 0
2.00, 5.70, 20.77, 20.77, -3886.27, 20.00, 4.63, 5.56, -0.87, 0.00, 15.08, 0.00, -82.55, 88.42, 0, 0
2.00, 5.70, 22.36, 22.36, 1698.66, 20.00, 4.63, 8.33, 1.91, 469.46, 48.67, 21.55, -72.43, 77.33, 0, 0
2.00, 5.70, 23.43, 23.43, 2752.52, 20.00, 4.63, 11.11, 4.72, 643.02, 78.01, 36.32, -61.17, 66.88, 0, 0
2.00, 5.70, 23.58, 23.58, 1639.21, 20.00, 4.63, 13.89, 7.55, 543.35, 97.08, 51.22, -47.88, 57.61, 0, 0
2.00, 5.70, 23.78, 23.78, 1987.06, 20.00, 4.63, 16.67, 10.24, 350.74, 120.59, 66.15, -31.69, 50.32, 0, 0
2.00, 5.70, 24.07, 24.07, 2582.97, 20.00, 4.63, 18.33, 11.99, 131.78, 135.90, 81.10, -12.42, 46.03, 0, 0
2.00, 5.70, 24.53, 24.53, 3336.28, 20.00, 4.63, 20.00, 13.59, 0.00, 134.64, 0.00, 8.48, 45.63, 0, 0
2.00, 5.70, 24.88, 24.88, 3675.16, 20.00, 4.63, 21.11, 14.54, 0.00, 121.19, 0.00, 28.24, 49.24, 0, 0
2.00, 5.70, 25.05, 25.05, 3614.68, 20.00, 4.63, 21.11, 14.71, 0.00, 125.50, 0.00, 45.04, 56.04, 0, 0
2.00, 5.70, 24.99, 24.99, 3122.77, 20.00, 4.63, 20.56, 14.07, 0.00, 104.07, 0.00, 58.82, 65.00, 0, 0
2.00, 5.70, 24.81, 24.81, 2601.53, 20.00, 4.63, 18.89, 12.47, 0.00, 63.64, 0.00, 70.39, 75.27, 0, 0
2.00, 5.70, 24.51, 24.51, 1927.61, 20.00, 4.63, 17.22, 10.88, 0.00, 30.17, 0.00, 80.67, 86.28, 0, 0
2.00, 5.70, 24.22, 24.22, 1490.20, 20.00, 4.63, 16.11, 9.77, 0.00, 1.89, 0.00, 0.00, 90.00, 0, 0
2.00, 5.70, 24.01, 24.01, 1226.58, 20.00, 4.63, 15.56, 9.29, 0.00, 0.00, 0.00, 0.00, 90.00, 0, 0
2.00, 5.70, 23.82, 23.82, 970.37, 20.00, 4.63, 14.44, 8.18, 0.00, 0.00, 0.00, 0.00, 90.00, 0, 0
2.00, 5.70, 23.66, 23.66, 767.98, 20.00, 4.63, 13.89, 7.55, 0.00, 0.00, 0.00, 0.00, 90.00, 0, 0
2.00, 5.70, 23.50, 23.50, 542.65, 20.00, 4.63, 12.78, 6.59, 0.00, 0.00, 0.00, 0.00, 90.00, 0, 0
2.00, 5.70, 23.36, 23.36, 356.69, 20.00, 4.63, 12.22, 5.97, 0.00, 0.00, 0.00, 0.00, 90.00, 0, 0
2.00, 5.70, 23.22, 23.22, 139.00, 20.00, 4.63, 11.11, 4.87, 0.00, 0.00, 0.00, 0.00, 90.00, 0, 0
2.00, 5.70, 23.08, 23.08, -44.36, 20.00, 4.63, 10.56, 4.25, 0.00, 0.00, 0.00, 0.00, 90.00, 0, 0
2.00, 5.70, 22.95, 22.95, -223.42, 20.00, 4.63, 10.00, 3.63, 0.00, 0.00, 0.00, 0.00, 90.00, 0, 0
2.00, 5.70, 22.82, 22.82, -400.18, 20.00, 4.63, 9.44, 3.15, 0.00, 0.00, 0.00, 0.00, 90.00, 0, 0
2.00, 5.70, 22.17, 22.17, -2168.76, 20.00, 4.63, 8.89, 2.53, 0.00, 0.00, 0.00, 0.00, 90.00, 0, 0
2.00, 5.70, 21.66, 21.66, -2779.33, 20.00, 4.63, 7.78, 1.58, 0.00, 0.00, 0.00, 0.00, 90.00, 0, 0
2.00, 5.70, 21.35, 21.35, -2919.91, 20.00, 4.63, 8.33, 2.20, 0.00, 7.54, 0.00, -82.19, 88.62, 0, 0
2.00, 5.70, 21.67, 21.67, -1401.77, 20.00, 4.63, 10.00, 3.91, 102.58, 56.04, 21.71, -72.08, 77.54, 0, 0
2.00, 5.70, 22.23, 22.23, -73.73, 20.00, 4.63, 12.78, 6.59, 200.46, 108.33, 36.45, -60.82, 67.12, 0, 0
2.00, 5.70, 22.42, 22.42, -245.47, 20.00, 4.63, 14.44, 8.32, 76.88, 154.16, 51.33, -47.53, 57.89, 0, 0
2.00, 5.70, 22.73, 22.73, 440.64, 20.00, 4.63, 16.11, 9.92, 76.24, 187.34, 66.25, -31.39, 50.65, 0, 0
2.00, 5.70, 23.13, 23.13, 1252.16, 20.00, 4.63, 17.78, 11.51, 47.86, 200.28, 81.19, -12.22, 46.40, 0, 0
2.00, 5.70, 23.55, 23.55, 1856.68, 20.00, 4.63, 18.89, 12.63, 0.00, 202.90, 0.00, 8.53, 46.03, 0, 0
2.00, 5.70, 23.93, 23.93, 2380.28, 20.00, 4.63, 20.00, 13.75, 0.00, 155.54, 0.00, 28.15, 49.63, 0, 0
2.00, 5.70, 24.15, 24.15, 2449.13, 20.00, 4.63, 20.56, 14.39, 0.00, 124.01, 0.00, 44.86, 56.42, 0, 0
2.00, 5.70, 24.27, 24.27, 2426.93, 20.00, 4.63, 21.11, 14.87, 0.00, 105.75, 0.00, 58.60, 65.36, 0, 0
2.00, 5.70, 24.11, 24.11, 1764.89, 20.00, 4.63, 19.44, 13.27, 0.00, 61.86, 0.00, 70.16, 75.61, 0, 0
2.00, 5.70, 23.87, 23.87, 1230.62, 20.00, 4.63, 18.33, 12.15, 0.00, 18.86, 0.00, 80.42, 86.60, 0, 0
2.00, 5.70, 23.65, 23.65, 896.46, 20.00, 4.63, 17.22, 11.03, 0.00, 1.89, 0.00, 0.00, 90.00, 0, 0
2.00, 5.70, 23.46, 23.46, 646.07, 20.00, 4.63, 16.11, 10.06, 0.00, 0.00, 0.00, 0.00, 90.00, 0, 0
2.00, 5.70, 23.31, 23.31, 462.30, 20.00, 4.63, 15.56, 9.43, 0.00, 0.00, 0.00, 0.00, 90.00, 0, 0
2.00, 5.70, 23.17, 23.17, 259.03, 20.00, 4.63, 14.44, 8.32, 0.00, 0.00, 0.00, 0.00, 90.00, 0, 0
2.00, 5.70, 23.04, 23.04, 96.57, 20.00, 4.63, 13.89, 7.70, 0.00, 0.00, 0.00, 0.00, 90.00, 0, 0
2.00, 5.70, 22.91, 22.91, -97.18, 20.00, 4.63, 12.78, 6.59, 0.00, 0.00, 0.00, 0.00, 90.00, 0, 0
2.00, 5.70, 22.79, 22.79, -256.87, 20.00, 4.63, 12.22, 5.97, 0.00, 0.00, 0.00, 0.00, 90.00, 0, 0
2.00, 5.70, 22.66, 22.66, -452.00, 20.00, 4.63, 11.11, 4.87, 0.00, 0.00, 0.00, 0.00, 90.00, 0, 0
2.00, 5.70, 22.52, 22.52, -654.73, 20.00, 4.63, 10.00, 3.77, 0.00, 0.00, 0.00, 0.00, 90.00, 0, 0
2.00, 5.70, 22.39, 22.39, -824.96, 20.00, 4.63, 9.44, 3.15, 0.00, 0.00, 0.00, 0.00, 90.00, 0, 0
2.00, 5.70, 21.72, 21.72, -2700.30, 20.00, 4.63, 8.33, 2.20, 0.00, 0.00, 0.00, 0.00, 90.00, 0, 0
2.00, 5.70, 21.24, 21.24, -3186.89, 20.00, 4.63, 7.78, 1.58, 0.00, 0.00, 0.00, 0.00, 90.00, 0, 0
2.00, 5.70, 20.97, 20.97, -3259.55, 20.00, 4.63, 8.33, 2.20, 0.00, 16.97, 0.00, -81.85, 88.82, 0, 0
2.00, 5.70, 21.83, 21.83, -96.66, 20.00, 4.63, 10.56, 4.39, 245.90, 53.14, 21.88, -71.73, 77.76, 0, 0
2.00, 5.70, 22.69, 22.69, 1363.20, 20.00, 4.63, 13.33, 7.22, 402.80, 94.47, 36.58, -60.47, 67.36, 0, 0
2.00, 5.70, 23.20, 23.20, 1708.96, 20.00, 4.63, 16.67, 10.55, 507.37, 122.27, 51.44, -47.20, 58.18, 0, 0
2.00, 5.70, 23.56, 23.56, 2063.77, 20.00, 4.63, 18.89, 12.78, 303.79, 142.02, 66.34, -31.10, 50.98, 0, 0
2.00, 5.70, 24.02, 24.02, 2925.09, 20.00, 4.63, 21.11, 14.87, 131.66, 136.44, 81.27, -12.02, 46.78, 0, 0
2.00, 5.70, 24.39, 24.39, 3184.88, 20.00, 4.63, 22.22, 16.00, 0.00, 150.01, 0.00, 8.58, 46.43, 0, 0
2.00, 5.70, 24.67, 24.67, 3396.21, 20.00, 4.63, 23.33, 17.12, 0.00, 135.94, 0.00, 28.06, 50.03, 0, 0
2.00, 5.70, 24.82, 24.82, 3411.94, 20.00, 4.63, 23.33, 17.12, 0.00, 100.27, 0.00, 44.69, 56.79, 0, 0
2.00, 5.70, 24.83, 24.83, 3141.48, 20.00, 4.63, 22.78, 16.64, 0.00, 72.65, 0.00, 58.39, 65.71, 0, 0
2.00, 5.70, 24.68, 24.68, 2621.00, 20.00, 4.63, 21.67, 15.51, 0.00, 48.55, 0.00, 69.93, 75.94, 0, 0
2.00, 5.70, 24.39, 24.39, 1916.39, 20.00, 4.63, 19.44, 13.41, 0.00, 26.40, 0.00, 80.18, 86.92, 0, 0
2.00, 5.70, 24.14, 24.14, 1548.61, 20.00, 4.63, 18.89, 12.78, 0.00, 1.89, 0.00, 0.00, 90.00, 0, 0
2.00, 5.70, 23.93, 23.93, 1273.58, 20.00, 4.63, 17.78, 11.66, 0.00, 0.00, 0.00, 0.00, 90.00, 0, 0
2.00, 5.70, 23.76, 23.76, 1073.01, 20.00, 4.63, 17.22, 11.17, 0.00, 0.00, 0.00, 0.00, 90.00, 0, 0
2.00, 5.70, 23.62, 23.62, 858.15, 20.00, 4.63, 16.11, 10.06, 0.00, 0.00, 0.00, 0.00, 90.00, 0, 0
2.00, 5.70, 23.47, 23.47, 648.66, 20.00, 4.63, 15.00, 8.95, 0.00, 0.00, 0.00, 0.00, 90.00, 0, 0
2.00, 5.70, 23.35, 23.35, 479.55, 20.00, 4.63, 14.44, 8.32, 0.00, 0.00, 0.00, 0.00, 90.00, 0, 0
2.00, 5.70, 23.23, 23.23, 318.43, 20.00, 4.63, 13.89, 7.70, 0.00, 0.00, 0.00, 0.00, 90.00, 0, 0
2.00, 5.70, 23.11, 23.11, 122.59, 20.00, 4.63, 12.78, 6.73, 0.00, 0.00, 0.00, 0.00, 90.00, 0, 0
2.00, 5.70, 22.99, 22.99, -41.29, 20.00, 4.63, 12.22, 6.11, 0.00, 0.00, 0.00, 0.00, 90.00, 0, 0
2.00, 5.70, 22.87, 22.87, -202.41, 20.00, 4.63, 11.67, 5.49, 0.00, 0.00, 0.00, 0.00, 90.00, 0, 0
2.00, 5.70, 22.34, 22.34, -1600.88, 20.00, 4.63, 11.11, 5.01, 0.00, 0.00, 0.00, 0.00, 90.00, 0, 0
2.00, 5.70, 21.92, 21.92, -2138.05, 20.00, 4.63, 10.00, 4.04, 0.00, 0.00, 0.00, 0.00, 90.00, 0, 0
2.00, 5.70, 21.73, 21.73, -2054.68, 20.00, 4.63, 11.11, 5.14, 0.00, 16.97, 0.00, -81.50, 89.02, 0, 0
2.00, 5.70, 23.35, 23.35, 3337.89, 20.00, 4.63, 13.33, 7.35, 447.36, 53.70, 22.05, -71.38, 77.97, 0, 0
2.00, 5.70, 24.43, 24.43, 4359.52, 20.00, 4.63, 16.67, 10.68, 561.46, 104.94, 36.71, -60.12, 67.61, 0, 0
2.00, 5.70, 24.37, 24.37, 2523.97, 20.00, 4.63, 18.33, 12.43, 221.70, 152.42, 51.54, -46.86, 58.46, 0, 0
2.00, 5.70, 24.37, 24.37, 2551.28, 20.00, 4.63, 19.44, 13.41, 90.80, 185.85, 66.44, -30.81, 51.31, 0, 0
2.00, 5.70, 24.51, 24.51, 2979.87, 20.00, 4.63, 20.56, 14.53, 39.36, 203.74, 81.35, -11.83, 47.15, 0, 0
2.00, 5.70, 24.76, 24.76, 3252.09, 20.00, 4.63, 21.67, 15.66, 0.00, 196.34, 0.00, 8.62, 46.83, 0, 0
2.00, 5.70, 25.01, 25.01, 3585.72, 20.00, 4.63, 22.78, 16.64, 0.00, 163.54, 0.00, 27.97, 50.42, 0, 0
2.00, 5.70, 25.05, 25.05, 3290.62, 20.00, 4.63, 22.78, 16.64, 0.00, 152.10, 0.00, 44.52, 57.17, 0, 0
2.00, 5.70, 24.88, 24.88, 2657.44, 20.00, 4.63, 21.11, 15.02, 0.00, 92.30, 0.00, 58.18, 66.06, 0, 0
2.00, 5.70, 24.68, 24.68, 2264.45, 20.00, 4.63, 20.00, 13.90, 0.00, 55.85, 0.00, 69.69, 76.27, 0, 0
2.00, 5.70, 24.42, 24.42, 1758.70, 20.00, 4.63, 18.33, 12.43, 0.00, 7.54, 0.00, 79.94, 87.24, 0, 0
2.00, 5.70, 24.22, 24.22, 1493.34, 20.00, 4.63, 17.78, 11.80, 0.00, 0.00, 0.00, 0.00, 90.00, 0, 0
2.00, 5.70, 24.04, 24.04, 1254.36, 20.00, 4.63, 16.67, 10.68, 0.00, 0.00, 0.00, 0.00, 90.00, 0, 0
2.00, 5.70, 23.89, 23.89, 1069.11, 20.00, 4.63, 16.11, 10.19, 0.00, 0.00, 0.00, 0.00, 90.00, 0, 0
2.00, 5.70, 23.77, 23.77, 899.10, 20.00, 4.63, 15.56, 9.57, 0.00, 0.00, 0.00, 0.00, 90.00, 0, 0
2.00, 5.70, 23.64, 23.64, 698.52, 20.00, 4.63, 14.44, 8.46, 0.00, 0.00, 0.00, 0.00, 90.00, 0, 0
2.00, 5.70, 23.51, 23.51, 532.43, 20.00, 4.63, 13.89, 7.84, 0.00, 0.00, 0.00, 0.00, 90.00, 0, 0
2.00, 5.70, 23.40, 23.40, 370.66, 20.00, 4.63, 13.33, 7.22, 0.00, 0.00, 0.00, 0.00, 90.00, 0, 0
2.00, 5.70, 23.27, 23.27, 171.82, 20.00, 4.63, 12.22, 6.11, 0.00, 0.00, 0.00, 0.00, 90.00, 0, 0
2.00, 5.70, 23.15, 23.15, 3.89, 20.00, 4.63, 11.67, 5.63, 0.00, 0.00, 0.00, 0.00, 90.00, 0, 0
2.00, 5.70, 23.01, 23.01, -201.36, 20.00, 4.63, 10.56, 4.52, 0.00, 0.00, 0.00, 0.00, 90.00, 0, 0
2.00, 5.70, 22.41, 22.41, -1793.54, 20.00, 4.63, 10.00, 3.91, 0.00, 0.00, 0.00, 0.00, 90.00, 0, 0
2.00, 5.70, 21.93, 21.93, -2373.25, 20.00, 4.63, 8.89, 2.94, 0.00, 0.00, 0.00, 0.00, 90.00, 0, 0
2.00, 5.70, 21.70, 21.70, -2327.61, 20.00, 4.63, 10.00, 4.04, 0.00, 15.08, 0.00, -81.15, 89.22, 0, 0
2.00, 5.70, 23.03, 23.03, 2221.25, 20.00, 4.63, 12.22, 6.24, 370.88, 49.73, 22.22, -71.04, 78.19, 0, 0
2.00, 5.70, 24.14, 24.14, 3781.15, 20.00, 4.63, 15.00, 9.08, 578.18, 75.77, 36.84, -59.78, 67.85, 0, 0
2.00, 5.70, 24.39, 24.39, 2892.04, 20.00, 4.63, 17.78, 11.80, 514.76, 98.97, 51.65, -46.54, 58.74, 0, 0
2.00, 5.70, 24.67, 24.67, 3370.15, 20.00, 4.63, 20.56, 14.53, 363.08, 116.57, 66.53, -30.52, 51.64, 0, 0
2.00, 5.70, 25.00, 25.00, 4072.81, 20.00, 4.63, 22.78, 16.78, 134.82, 125.98, 81.44, -11.65, 47.53, 0, 0
2.00, 5.70, 25.37, 25.37, 4216.44, 20.00, 4.63, 23.89, 17.91, 0.00, 122.21, 0.00, 8.66, 47.23, 0, 0
2.00, 5.70, 25.64, 25.64, 4447.67, 20.00, 4.63, 25.00, 18.90, 0.00, 117.84, 0.00, 27.89, 50.81, 0, 0
2.00, 5.70, 25.79, 25.79, 4431.01, 20.00, 4.63, 25.56, 19.39, 0.00, 99.02, 0.00, 44.35, 57.54, 0, 0
2.00, 5.70, 25.78, 25.78, 4106.54, 20.00, 4.63, 25.00, 18.90, 0.00, 79.38, 0.00, 57.96, 66.40, 0, 0
2.00, 5.70, 25.59, 25.59, 3482.66, 20.00, 4.63, 23.33, 17.27, 0.00, 58.30, 0.00, 69.46, 76.60, 0, 0
2.00, 5.70, 25.28, 25.28, 2779.22, 20.00, 4.63, 21.11, 15.16, 0.00, 20.74, 0.00, 79.69, 87.55, 0, 0
2.00, 5.70, 25.02, 25.02, 2423.78, 20.00, 4.63, 20.56, 14.53, 0.00, 1.89, 0.00, 0.00, 90.00, 0, 0
2.00, 5.70, 24.81, 24.81, 2144.33, 20.00, 4.63, 19.44, 13.41, 0.00, 0.00, 0.00, 0.00, 90.00, 0, 0
2.00, 5.70, 24.64, 24.64, 1901.11, 20.00, 4.63, 18.33, 12.43, 0.00, 0.00, 0.00, 0.00, 90.00, 0, 0
2.00, 5.70, 24.48, 24.48, 1673.92, 20.00, 4.63, 17.22, 11.31, 0.00, 0.00, 0.00, 0.00, 90.00, 0, 0
2.00, 5.70, 24.34, 24.34, 1493.53, 20.00, 4.63, 16.67, 10.68, 0.00, 0.00, 0.00, 0.00, 90.00, 0, 0
2.00, 5.70, 24.21, 24.21, 1286.12, 20.00, 4.63, 15.56, 9.57, 0.00, 0.00, 0.00, 0.00, 90.00, 0, 0
2.00, 5.70, 24.07, 24.07, 1076.42, 20.00, 4.63, 14.44, 8.46, 0.00, 0.00, 0.00, 0.00, 90.00, 0, 0
2.00, 5.70, 23.94, 23.94, 902.50, 20.00, 4.63, 13.89, 7.84, 0.00, 0.00, 0.00, 0.00, 90.00, 0, 0
2.00, 5.70, 23.81, 23.81, 694.62, 20.00, 4.63, 12.78, 6.73, 0.00, 0.00, 0.00, 0.00, 90.00, 0, 0
2.00, 5.70, 23.67, 23.67, 480.21, 20.00, 4.63, 11.67, 5.63, 0.00, 0.00, 0.00, 0.00, 90.00, 0, 0
2.00, 5.70, 23.53, 23.53, 299.09, 20.00, 4.63, 11.11, 5.01, 0.00, 0.00, 0.00, 0.00, 90.00, 0, 0
2.00, 5.70, 23.38, 23.38, 82.34, 20.00, 4.63, 10.00, 4.04, 0.00, 0.00, 0.00, 0.00, 90.00, 0, 0
2.00, 5.70, 23.30, 23.30, 80.54, 20.00, 4.63, 11.11, 5.14, 0.00, 13.20, 0.00, -80.81, 89.42, 0, 0
2.00, 5.70, 25.00, 25.00, 5720.73, 20.00, 4.63, 13.33, 7.35, 495.82, 44.45, 22.40, -70.70, 78.40, 0, 0
2.00, 5.70, 25.00, 25.00, 4621.87, 20.00, 4.63, 15.56, 9.57, 453.69, 85.12, 36.97, -59.45, 68.09, 0, 0
2.00, 5.70, 25.00, 25.00, 3676.35, 20.00, 4.63, 18.33, 12.43, 480.34, 106.90, 51.76, -46.21, 59.02, 0, 0
2.00, 5.70, 25.00, 25.00, 3718.06, 20.00, 4.63, 21.11, 15.16, 383.01, 117.28, 66.62, -30.25, 51.97, 0, 0
2.00, 5.70, 25.00, 25.00, 3938.12, 20.00, 4.63, 23.33, 17.27, 137.76, 139.42, 81.52, -11.47, 47.90, 0, 0
2.00, 5.70, 25.56, 25.56, 4380.33, 20.00, 4.63, 24.44, 18.40, 0.00, 160.62, 0.00, 8.70, 47.62, 0, 0
2.00, 5.70, 25.91, 25.91, 4553.42, 20.00, 4.63, 25.00, 19.04, 0.00, 140.03, 0.00, 27.80, 51.20, 0, 0
2.00, 5.70, 26.08, 26.08, 4507.73, 20.00, 4.63, 25.56, 19.54, 0.00, 111.88, 0.00, 44.18, 57.90, 0, 0
2.00, 5.70, 26.06, 26.06, 4146.44, 20.00, 4.63, 24.44, 18.55, 0.00, 89.01, 0.00, 57.75, 66.75, 0, 0
2.00, 5.70, 25.93, 25.93, 3715.83, 20.00, 4.63, 23.33, 17.42, 0.00, 49.60, 0.00, 69.23, 76.92, 0, 0
2.00, 5.70, 25.66, 25.66, 3056.07, 20.00, 4.63, 21.11, 15.16, 0.00, 20.74, 0.00, 79.45, 87.86, 0, 0
2.00, 5.70, 25.42, 25.42, 2720.75, 20.00, 4.63, 20.56, 14.67, 0.00, 1.89, 0.00, 0.00, 90.00, 0, 0
2.00, 5.70, 25.23, 25.23, 2452.72, 20.00, 4.63, 19.44, 13.67, 0.00, 0.00, 0.00, 0.00, 90.00, 0, 0
2.00, 5.70, 25.07, 25.07, 2254.25, 20.00, 4.63, 18.89, 13.05, 0.00, 0.00, 0.00, 0.00, 90.00, 0, 0
2.00, 5.70, 24.93, 24.93, 2038.95, 20.00, 4.63, 17.78, 12.05, 0.00, 0.00, 0.00, 0.00, 90.00, 0, 0
2.00, 5.70, 24.80, 24.80, 1866.23, 20.00, 4.63, 17.22, 11.43, 0.00, 0.00, 0.00, 0.00, 90.00, 0, 0
2.00, 5.70, 24.68, 24.68, 1702.97, 20.00, 4.63, 16.67, 10.81, 0.00, 0.00, 0.00, 0.00, 90.00, 0, 0
2.00, 5.70, 24.57, 24.57, 1545.05, 20.00, 4.63, 16.11, 10.19, 0.00, 0.00, 0.00, 0.00, 90.00, 0, 0
2.00, 5.70, 24.45, 24.45, 1350.89, 20.00, 4.63, 15.00, 9.08, 0.00, 0.00, 0.00, 0.00, 90.00, 0, 0
2.00, 5.70, 24.33, 24.33, 1188.05, 20.00, 4.63, 14.44, 8.59, 0.00, 0.00, 0.00, 0.00, 90.00, 0, 0
2.00, 5.70, 24.22, 24.22, 1027.68, 20.00, 4.63, 13.89, 8.09, 0.00, 0.00, 0.00, 0.00, 90.00, 0, 0
2.00, 5.70, 23.74, 23.74, -62.55, 20.00, 4.63, 13.33, 7.48, 0.00, 0.00, 0.00, 0.00, 90.00, 0, 0
2.00, 5.70, 23.39, 23.39, -441.20, 20.00, 4.63, 12.78, 6.98, 0.00, 0.00, 0.00, 0.00, 90.00, 0, 0
2.00, 5.70, 23.15, 23.15, -625.71, 20.00, 4.63, 12.78, 7.10, 0.00, 5.66, 0.00, -80.48, 89.62, 0, 0
2.00, 5.70, 23.45, 23.45, 699.55, 20.00, 4.63, 14.44, 8.71, 81.56, 49.79, 22.58, -70.37, 78.62, 0, 0
2.00, 5.70, 23.99, 23.99, 2010.22, 20.00, 4.63, 16.67, 10.94, 181.16, 101.62, 37.10, -59.12, 68.34, 0, 0
2.00, 5.70, 24.13, 24.13, 1659.06, 20.00, 4.63, 17.78, 12.05, 60.39, 137.34, 51.87, -45.90, 59.31, 0, 0
2.00, 5.70, 24.28, 24.28, 1931.50, 20.00, 4.63, 18.89, 13.17, 13.72, 155.38, 66.71, -29.98, 52.30, 0, 0
2.00, 5.70, 24.44, 24.44, 2196.14, 20.00, 4.63, 19.44, 13.67, 4.15, 165.96, 81.59, -11.30, 48.27, 0, 0
2.00, 5.70, 24.65, 24.65, 2395.89, 20.00, 4.63, 20.00, 14.30, 0.00, 165.91, 0.00, 8.74, 48.02, 0, 0
2.00, 5.70, 24.76, 24.76, 2392.68, 20.00, 4.63, 20.00, 14.30, 0.00, 141.16, 0.00, 27.71, 51.59, 0, 0
2.00, 5.70, 24.90, 24.90, 2660.81, 20.00, 4.63, 20.00, 14.30, 0.00, 144.37, 0.00, 44.00, 58.27, 0, 0
2.00, 5.70, 24.75, 24.75, 1970.27, 20.00, 4.63, 19.44, 13.80, 0.00, 32.16, 0.00, 57.54, 67.09, 0, 0
2.00, 5.70, 24.59, 24.59, 1692.73, 20.00, 4.63, 18.33, 12.67, 0.00, 18.86, 0.00, 69.00, 77.24, 0, 0
2.00, 5.70, 24.42, 24.42, 1416.93, 20.00, 4.63, 17.22, 11.67, 0.00, 3.77, 0.00, 79.21, 88.17, 0, 0
2.00, 5.70, 24.29, 24.29, 1266.76, 20.00, 4.63, 17.22, 11.67, 0.00, 0.00, 0.00, 0.00, 90.00, 0, 0
2.00, 5.70, 24.17, 24.17, 1117.36, 20.00, 4.63, 16.67, 11.05, 0.00, 0.00, 0.00, 0.00, 90.00, 0, 0
2.00, 5.70, 24.07, 24.07, 1014.85, 20.00, 4.63, 16.67, 11.05, 0.00, 0.00, 0.00, 0.00, 90.00, 0, 0
2.00, 5.70, 23.98, 23.98, 886.00, 20.00, 4.63, 16.11, 10.55, 0.00, 0.00, 0.00, 0.00, 90.00, 0, 0
2.00, 5.70, 23.88, 23.88, 756.21, 20.00, 4.63, 15.56, 9.94, 0.00, 0.00, 0.00, 0.00, 90.00, 0, 0
2.00, 5.70, 23.80, 23.80, 664.24, 20.00, 4.63, 15.56, 9.94, 0.00, 0.00, 0.00, 0.00, 90.00, 0, 0
2.00, 5.70, 23.71, 23.71, 540.68, 20.00, 4.63, 15.00, 9.32, 0.00, 0.00, 0.00, 0.00, 90.00, 0, 0
2.00, 5.70, 23.63, 23.63, 452.45, 20.00, 4.63, 15.00, 9.32, 0.00, 0.00, 0.00, 0.00, 90.00, 0, 0
2.00, 5.70, 23.55, 23.55, 331.14, 20.00, 4.63, 14.44, 8.82, 0.00, 0.00, 0.00, 0.00, 90.00, 0, 0
2.00, 5.70, 23.47, 23.47, 244.17, 20.00, 4.63, 14.44, 8.82, 0.00, 0.00, 0.00, 0.00, 90.00, 0, 0
2.00, 5.70, 23.08, 23.08, -697.72, 20.00, 4.63, 13.89, 8.32, 0.00, 0.00, 0.00, 0.00, 90.00, 0, 0
2.00, 5.70, 22.83, 22.83, -889.82, 20.00, 4.63, 13.89, 8.32, 0.00, 0.00, 0.00, 0.00, 90.00, 0, 0
2.00, 5.70, 22.66, 22.66, -995.26, 20.00, 4.63, 13.89, 8.43, 0.00, 7.54, 0.00, -80.14, 89.82, 0, 0
2.00, 5.70, 22.73, 22.73, -489.80, 20.00, 4.63, 15.00, 9.54, 17.45, 41.55, 22.76, -70.04, 78.84, 0, 0
2.00, 5.70, 22.73, 22.73, -546.90, 20.00, 4.63, 15.56, 10.05, 0.00, 35.83, 37.23, -58.79, 68.58, 0, 0
2.00, 5.70, 23.16, 23.16, 842.46, 20.00, 4.63, 17.78, 12.39, 122.43, 138.54, 51.97, -45.59, 59.59, 0, 0
2.00, 5.70, 23.58, 23.58, 1524.90, 20.00, 4.63, 19.44, 14.02, 70.82, 175.78, 66.80, -29.71, 52.63, 0, 0
2.00, 5.70, 23.93, 23.93, 2022.96, 20.00, 4.63, 20.56, 15.15, 18.74, 185.66, 81.67, -11.13, 48.64, 0, 0
2.00, 5.70, 24.34, 24.34, 2578.11, 20.00, 4.63, 22.22, 16.78, 0.00, 199.85, 0.00, 8.77, 48.41, 0, 0
2.00, 5.70, 24.44, 24.44, 2251.03, 20.00, 4.63, 22.22, 16.78, 0.00, 144.67, 0.00, 27.61, 51.97, 0, 0
2.00, 5.70, 24.58, 24.58, 2495.57, 20.00, 4.63, 22.78, 17.40, 0.00, 148.44, 0.00, 43.83, 58.63, 0, 0
2.00, 5.70, 24.60, 24.60, 2340.30, 20.00, 4.63, 22.78, 17.40, 0.00, 102.89, 0.00, 57.33, 67.43, 0, 0
2.00, 5.70, 24.42, 24.42, 1747.98, 20.00, 4.63, 21.11, 15.77, 0.00, 29.69, 0.00, 68.77, 77.56, 0, 0
2.00, 5.70, 24.24, 24.24, 1433.31, 20.00, 4.63, 20.00, 14.75, 0.00, 7.54, 0.00, 78.97, 88.48, 0, 0
2.00, 5.70, 24.09, 24.09, 1270.10, 20.00, 4.63, 20.00, 14.75, 0.00, 0.00, 0.00, 0.00, 90.00, 0, 0
2.00, 5.70, 23.99, 23.99, 1170.05, 20.00, 4.63, 20.00, 14.75, 0.00, 0.00, 0.00, 0.00, 90.00, 0, 0
2.00, 5.70, 23.90, 23.90, 1054.50, 20.00, 4.63, 19.44, 14.24, 0.00, 0.00, 0.00, 0.00, 90.00, 0, 0
2.00, 5.70, 23.84, 23.84, 982.74, 20.00, 4.63, 19.44, 14.24, 0.00, 0.00, 0.00, 0.00, 90.00, 0, 0
2.00, 5.70, 23.78, 23.78, 921.73, 20.00, 4.63, 19.44, 14.13, 0.00, 0.00, 0.00, 0.00, 90.00, 0, 0
2.00, 5.70, 23.72, 23.72, 828.95, 20.00, 4.63, 18.89, 13.62, 0.00, 0.00, 0.00, 0.00, 90.00, 0, 0
2.00, 5.70, 23.67, 23.67, 770.69, 20.00, 4.63, 18.89, 13.62, 0.00, 0.00, 0.00, 0.00, 90.00, 0, 0
2.00, 5.70, 23.62, 23.62, 717.87, 20.00, 4.63, 18.89, 13.62, 0.00, 0.00, 0.00, 0.00, 90.00, 0, 0
2.00, 5.70, 23.58, 23.58, 668.80, 20.00, 4.63, 18.89, 13.62, 0.00, 0.00, 0.00, 0.00, 90.00, 0, 0
2.00, 5.70, 23.52, 23.52, 583.54, 20.00, 4.63, 18.33, 13.11, 0.00, 0.00, 0.00, 0.00, 90.00, 0, 0
2.00, 5.70, 23.39, 23.39, 388.11, 20.00, 4.63, 18.33, 13.11, 0.00, 0.00, 0.00, 0.00, 90.00, 0, 0
2.00, 5.70, 23.31, 23.31, 338.28, 20.00, 4.63, 18.33, 13.21, 0.00, 0.00, 0.00, 0.00, 90.00, 0, 0
2.00, 5.70, 23.26, 23.26, 318.44, 20.00, 4.63, 18.33, 13.21, 0.00, 3.77, 0.00, 0.00, 90.00, 0, 0
2.00, 5.70, 23.80, 23.80, 2088.38, 20.00, 4.63, 20.00, 14.95, 110.39, 47.14, 22.94, -69.71, 79.05, 0, 0
2.00, 5.70, 23.95, 23.95, 1769.99, 20.00, 4.63, 21.11, 16.07, 22.57, 79.75, 37.36, -58.47, 68.83, 0, 0
2.00, 5.70, 24.00, 24.00, 1694.57, 20.00, 4.63, 21.67, 16.59, 0.00, 49.02, 52.08, -45.28, 59.88, 0, 0
2.00, 5.70, 24.07, 24.07, 1842.45, 20.00, 4.63, 21.67, 16.59, 0.00, 69.76, 66.89, -29.45, 52.96, 0, 0
2.00, 5.70, 24.31, 24.31, 2463.74, 20.00, 4.63, 22.78, 17.62, 2.26, 132.50, 81.75, -10.96, 49.01, 0, 0
2.00, 5.70, 24.34, 24.34, 2010.82, 20.00, 4.63, 22.78, 17.62, 0.00, 104.56, 0.00, 8.80, 48.79, 0, 0
2.00, 5.70, 24.38, 24.38, 2048.70, 20.00, 4.63, 23.33, 18.13, 0.00, 98.98, 0.00, 27.52, 52.36, 0, 0
2.00, 5.70, 24.44, 24.44, 2162.89, 20.00, 4.63, 23.33, 18.23, 0.00, 112.06, 0.00, 43.66, 58.99, 0, 0
2.00, 5.70, 24.53, 24.53, 2320.52, 20.00, 4.63, 23.89, 18.75, 0.00, 101.72, 0.00, 57.12, 67.76, 0, 0
2.00, 5.70, 24.47, 24.47, 1992.32, 20.00, 4.63, 23.33, 18.23, 0.00, 48.84, 0.00, 68.54, 77.88, 0, 0
2.00, 5.70, 24.35, 24.35, 1697.42, 20.00, 4.63, 22.78, 17.72, 0.00, 7.54, 0.00, 78.72, 88.78, 0, 0
2.00, 5.70, 24.24, 24.24, 1537.30, 20.00, 4.63, 22.22, 17.20, 0.00, 0.00, 0.00, 0.00, 90.00, 0, 0
2.00, 5.70, 24.15, 24.15, 1421.72, 20.00, 4.63, 21.67, 16.59, 0.00, 0.00, 0.00, 0.00, 90.00, 0, 0
2.00, 5.70, 24.09, 24.09, 1355.90, 20.00, 4.63, 21.67, 16.59, 0.00, 0.00, 0.00, 0.00, 90.00, 0, 0
2.00, 5.70, 24.03, 24.03, 1265.44, 20.00, 4.63, 21.11, 16.07, 0.00, 0.00, 0.00, 0.00, 90.00, 0, 0
2.00, 5.70, 23.97, 23.97, 1174.48, 20.00, 4.63, 20.56, 15.46, 0.00, 0.00, 0.00, 0.00, 90.00, 0, 0
2.00, 5.70, 23.90, 23.90, 1082.01, 20.00, 4.63, 20.00, 14.85, 0.00, 0.00, 0.00, 0.00, 90.00, 0, 0
2.00, 5.70, 23.84, 23.84, 987.60, 20.00, 4.63, 19.44, 14.33, 0.00, 0.00, 0.00, 0.00, 90.00, 0, 0
2.00, 5.70, 23.79, 23.79, 929.57, 20.00, 4.63, 19.44, 14.24, 0.00, 0.00, 0.00, 0.00, 90.00, 0, 0
2.00, 5.70, 23.73, 23.73, 839.19, 20.00, 4.63, 18.89, 13.72, 0.00, 0.00, 0.00, 0.00, 90.00, 0, 0
2.00, 5.70, 23.67, 23.67, 743.94, 20.00, 4.63, 18.33, 13.21, 0.00, 0.00, 0.00, 0.00, 90.00, 0, 0
2.00, 5.70, 23.53, 23.53, 536.36, 20.00, 4.63, 18.33, 13.21, 0.00, 0.00, 0.00, 0.00, 90.00, 0, 0
2.00, 5.70, 23.40, 23.40, 355.05, 20.00, 4.63, 17.78, 12.70, 0.00, 0.00, 0.00, 0.00, 90.00, 0, 0
2.00, 5.70, 23.35, 23.35, 429.62, 20.00, 4.63, 18.33, 13.21, 0.00, 3.77, 0.00, 0.00, 90.00, 0, 0
2.00, 5.70, 23.41, 23.41, 692.58, 20.00, 4.63, 18.89, 13.82, 0.00, 37.71, 23.13, -69.39, 79.27, 0, 0
2.00, 5.70, 23.49, 23.49, 872.82, 20.00, 4.63, 19.44, 14.43, 0.00, 41.48, 37.50, -58.15, 69.07, 0, 0
2.00, 5.70, 23.58, 23.58, 1054.46, 20.00, 4.63, 20.00, 14.95, 0.00, 43.37, 52.18, -44.98, 60.16, 0, 0
2.00, 5.70, 23.80, 23.80, 1603.41, 20.00, 4.63, 21.11, 15.98, 0.00, 94.28, 66.98, -29.20, 53.28, 0, 0
2.00, 5.70, 24.01, 24.01, 1932.79, 20.00, 4.63, 21.67, 16.49, 1.35, 104.41, 81.82, -10.81, 49.38, 0, 0
2.00, 5.70, 24.42, 24.42, 2717.28, 20.00, 4.63, 23.33, 18.23, 0.00, 193.31, 0.00, 8.83, 49.18, 0, 0
2.00, 5.70, 24.90, 24.90, 3499.81, 20.00, 4.63, 25.56, 20.40, 0.00, 141.63, 0.00, 27.43, 52.73, 0, 0
2.00, 5.70, 25.23, 25.23, 3768.26, 20.00, 4.63, 27.22, 22.05, 0.00, 104.57, 0.00, 43.50, 59.35, 0, 0
2.00, 5.70, 25.37, 25.37, 3654.41, 20.00, 4.63, 27.78, 22.56, 0.00, 81.56, 0.00, 56.91, 68.10, 0, 0
2.00, 5.70, 25.30, 25.30, 3189.62, 20.00, 4.63, 27.22, 22.05, 0.00, 47.66, 0.00, 68.31, 78.19, 0, 0
2.00, 5.70, 25.11, 25.11, 2691.94, 20.00, 4.63, 26.11, 20.91, 0.00, 13.20, 0.00, 78.48, 89.08, 0, 0
2.00, 5.70, 24.96, 24.96, 2462.77, 20.00, 4.63, 25.56, 20.40, 0.00, 0.00, 0.00, 0.00, 90.00, 0, 0
2.00, 5.70, 24.83, 24.83, 2281.41, 20.00, 4.63, 24.44, 19.37, 0.00, 0.00, 0.00, 0.00, 90.00, 0, 0
2.00, 5.70, 24.73, 24.73, 2155.60, 20.00, 4.63, 23.89, 18.75, 0.00, 0.00, 0.00, 0.00, 90.00, 0, 0
2.00, 5.70, 24.65, 24.65, 2046.68, 20.00, 4.63, 23.33, 18.23, 0.00, 0.00, 0.00, 0.00, 90.00, 0, 0
2.00, 5.70, 24.58, 24.58, 1946.82, 20.00, 4.63, 22.78, 17.62, 0.00, 0.00, 0.00, 0.00, 90.00, 0, 0
2.00, 5.70, 24.52, 24.52, 1851.37, 20.00, 4.63, 22.22, 17.00, 0.00, 0.00, 0.00, 0.00, 90.00, 0, 0
2.00, 5.70, 24.45, 24.45, 1718.90, 20.00, 4.63, 21.11, 15.98, 0.00, 0.00, 0.00, 0.00, 90.00, 0, 0
2.00, 5.70, 24.38, 24.38, 1615.93, 20.00, 4.63, 20.56, 15.36, 0.00, 0.00, 0.00, 0.00, 90.00, 0, 0
2.00, 5.70, 24.30, 24.30, 1475.05, 20.00, 4.63, 19.44, 14.24, 0.00, 0.00, 0.00, 0.00, 90.00, 0, 0
2.00, 5.70, 24.22, 24.22, 1363.31, 20.00, 4.63, 18.89, 13.62, 0.00, 0.00, 0.00, 0.00, 90.00, 0, 0
2.00, 5.70, 23.99, 23.99, 957.69, 20.00, 4.63, 17.78, 12.50, 0.00, 0.00, 0.00, 0.00, 90.00, 0, 0
2.00, 5.70, 23.77, 23.77, 600.72, 20.00, 4.63, 16.67, 11.38, 0.00, 0.00, 0.00, 0.00, 90.00, 0, 0
2.00, 5.70, 23.66, 23.66, 616.41, 20.00, 4.63, 17.22, 11.99, 0.00, 3.77, 0.00, 0.00, 90.00, 0, 0
2.00, 5.70, 24.00, 24.00, 1855.84, 20.00, 4.63, 18.33, 13.11, 78.22, 43.19, 23.32, -69.07, 79.49, 0, 0
2.00, 5.70, 24.00, 24.00, 1374.68, 20.00, 4.63, 18.89, 13.62, 2.50, 52.24, 37.63, -57.84, 69.32, 0, 0
2.00, 5.70, 24.14, 24.14, 1793.44, 20.00, 4.63, 20.00, 14.75, 1.93, 91.62, 52.29, -44.68, 60.44, 0, 0
2.00, 5.70, 24.38, 24.38, 2358.41, 20.00, 4.63, 21.11, 15.77, 8.60, 138.67, 67.07, -28.95, 53.61, 0, 0
2.00, 5.70, 24.63, 24.63, 2778.38, 20.00, 4.63, 22.22, 16.89, 3.56, 150.28, 81.89, -10.66, 49.74, 0, 0
2.00, 5.70, 24.65, 24.65, 2230.01, 20.00, 4.63, 22.22, 16.78, 0.00, 81.08, 0.00, 8.85, 49.56, 0, 0
2.00, 5.70, 24.80, 24.80, 2604.63, 20.00, 4.63, 22.78, 17.40, 0.00, 134.84, 0.00, 27.34, 53.11, 0, 0
2.00, 5.70, 24.77, 24.77, 2312.38, 20.00, 4.63, 22.22, 16.78, 0.00, 72.74, 0.00, 43.33, 59.70, 0, 0
2.00, 5.70, 24.80, 24.80, 2395.61, 20.00, 4.63, 22.22, 16.78, 0.00, 84.47, 0.00, 56.70, 68.42, 0, 0
2.00, 5.70, 24.79, 24.79, 2323.43, 20.00, 4.63, 22.22, 16.78, 0.00, 51.34, 0.00, 68.08, 78.50, 0, 0
2.00, 5.70, 24.67, 24.67, 1950.42, 20.00, 4.63, 21.11, 15.77, 0.00, 11.31, 0.00, 78.24, 89.38, 0, 0
2.00, 5.70, 24.55, 24.55, 1760.96, 20.00, 4.63, 20.56, 15.15, 0.00, 0.00, 0.00, 0.00, 90.00, 0, 0
2.00, 5.70, 24.45, 24.45, 1628.30, 20.00, 4.63, 20.00, 14.64, 0.00, 0.00, 0.00, 0.00, 90.00, 0, 0
2.00, 5.70, 24.34, 24.34, 1468.12, 20.00, 4.63, 18.89, 13.52, 0.00, 0.00, 0.00, 0.00, 90.00, 0, 0
2.00, 5.70, 24.25, 24.25, 1343.29, 20.00, 4.63, 18.33, 12.90, 0.00, 0.00, 0.00, 0.00, 90.00, 0, 0
2.00, 5.70, 24.17, 24.17, 1222.74, 20.00, 4.63, 17.78, 12.29, 0.00, 0.00, 0.00, 0.00, 90.00, 0, 0
2.00, 5.70, 24.07, 24.07, 1064.74, 20.00, 4.63, 16.67, 11.17, 0.00, 0.00, 0.00, 0.00, 90.00, 0, 0
2.00, 5.70, 23.97, 23.97, 936.56, 20.00, 4.63, 16.11, 10.66, 0.00, 0.00, 0.00, 0.00, 90.00, 0, 0
2.00, 5.70, 23.88, 23.88, 809.30, 20.00, 4.63, 15.56, 10.05, 0.00, 0.00, 0.00, 0.00, 90.00, 0, 0
2.00, 5.70, 23.78, 23.78, 642.56, 20.00, 4.63, 14.44, 8.93, 0.00, 0.00, 0.00, 0.00, 90.00, 0, 0
2.00, 5.70, 23.67, 23.67, 504.52, 20.00, 4.63, 13.89, 8.32, 0.00, 0.00, 0.00, 0.00, 90.00, 0, 0
2.00, 5.70, 23.24, 23.24, -553.89, 20.00, 4.63, 13.33, 7.71, 0.00, 0.00, 0.00, 0.00, 90.00, 0, 0
2.00, 5.70, 22.91, 22.91, -906.59, 20.00, 4.63, 12.78, 7.10, 0.00, 0.00, 0.00, 0.00, 90.00, 0, 0
2.00, 5.70, 22.69, 22.69, -1068.22, 20.00, 4.63, 12.78, 7.21, 0.00, 5.66, 0.00, 0.00, 90.00, 0, 0
2.00, 5.70, 22.87, 22.87, -133.89, 20.00, 4.63, 13.89, 8.32, 57.86, 41.54, 23.50, -68.75, 79.71, 0, 0
2.00, 5.70, 23.61, 23.61, 1954.16, 20.00, 4.63, 16.67, 11.17, 234.43, 95.61, 37.76, -57.53, 69.57, 0, 0
2.00, 5.70, 24.24, 24.24, 2848.74, 20.00, 4.63, 19.44, 13.91, 421.58, 116.78, 52.39, -44.39, 60.73, 0, 0
2.00, 5.70, 24.69, 24.69, 3333.84, 20.00, 4.63, 21.67, 16.16, 306.24, 121.80, 67.15, -28.71, 53.94, 0, 0
2.00, 5.70, 25.00, 25.00, 3961.12, 20.00, 4.63, 23.89, 18.30, 84.31, 158.58, 81.96, -10.51, 50.10, 0, 0
2.00, 5.70, 25.37, 25.37, 3939.21, 20.00, 4.63, 25.00, 19.43, 0.00, 151.47, 0.00, 8.87, 49.94, 0, 0
2.00, 5.70, 25.64, 25.64, 4172.23, 20.00, 4.63, 25.56, 19.94, 0.00, 135.02, 0.00, 27.24, 53.48, 0, 0
2.00, 5.70, 25.81, 25.81, 4235.28, 20.00, 4.63, 26.11, 20.57, 0.00, 102.06, 0.00, 43.16, 60.05, 0, 0
2.00, 5.70, 25.84, 25.84, 4019.67, 20.00, 4.63, 25.56, 20.06, 0.00, 65.83, 0.00, 56.49, 68.75, 0, 0
2.00, 5.70, 25.71, 25.71, 3530.92, 20.00, 4.63, 24.44, 18.93, 0.00, 41.54, 0.00, 67.85, 78.81, 0, 0
2.00, 5.70, 25.46, 25.46, 2916.36, 20.00, 4.63, 22.78, 17.29, 0.00, 9.43, 0.00, 78.00, 89.67, 0, 0
2.00, 5.70, 25.26, 25.26, 2646.99, 20.00, 4.63, 22.22, 16.78, 0.00, 0.00, 0.00, 0.00, 90.00, 0, 0
2.00, 5.70, 25.10, 25.10, 2458.32, 20.00, 4.63, 21.67, 16.16, 0.00, 0.00, 0.00, 0.00, 90.00, 0, 0
2.00, 5.70, 24.98, 24.98, 2299.99, 20.00, 4.63, 21.11, 15.66, 0.00, 0.00, 0.00, 0.00, 90.00, 0, 0
2.00, 5.70, 24.88, 24.88, 2159.31, 20.00, 4.63, 20.56, 15.15, 0.00, 0.00, 0.00, 0.00, 90.00, 0, 0
2.00, 5.70, 24.79, 24.79, 2028.63, 20.00, 4.63, 20.00, 14.53, 0.00, 0.00, 0.00, 0.00, 90.00, 0, 0
2.00, 5.70, 24.70, 24.70, 1903.57, 20.00, 4.63, 19.44, 14.02, 0.00, 0.00, 0.00, 0.00, 90.00, 0, 0
2.00, 5.70, 24.62, 24.62, 1781.14, 20.00, 4.63, 18.89, 13.41, 0.00, 0.00, 0.00, 0.00, 90.00, 0, 0
2.00, 5.70, 24.54, 24.54, 1659.62, 20.00, 4.63, 18.33, 12.79, 0.00, 0.00, 0.00, 0.00, 90.00, 0, 0
2.00, 5.70, 24.47, 24.47, 1576.87, 20.00, 4.63, 18.33, 12.79, 0.00, 0.00, 0.00, 0.00, 90.00, 0, 0
2.00, 5.70, 24.40, 24.40, 1463.34, 20.00, 4.63, 17.78, 12.29, 0.00, 0.00, 0.00, 0.00, 90.00, 0, 0
2.00, 5.70, 24.31, 24.31, 1304.34, 20.00, 4.63, 17.22, 11.78, 0.00, 0.00, 0.00, 0.00, 90.00, 0, 0
2.00, 5.70, 24.22, 24.22, 1188.07, 20.00, 4.63, 16.67, 11.27, 0.00, 0.00, 0.00, 0.00, 90.00, 0, 0
2.00, 5.70, 24.15, 24.15, 1109.91, 20.00, 4.63, 16.67, 11.27, 0.00, 0.00, 0.00, 0.00, 90.00, 0, 0
2.00, 5.70, 24.16, 24.16, 1250.37, 20.00, 4.63, 17.78, 12.39, 0.00, 28.28, 23.69, -68.44, 79.93, 0, 0
2.00, 5.70, 24.18, 24.18, 1308.08, 20.00, 4.63, 18.33, 13.01, 0.00, 35.83, 37.89, -57.22, 69.81, 0, 0
2.00, 5.70, 24.27, 24.27, 1572.47, 20.00, 4.63, 18.89, 13.52, 0.00, 84.85, 52.50, -44.11, 61.01, 0, 0
2.00, 5.70, 24.35, 24.35, 1677.59, 20.00, 4.63, 19.44, 14.13, 0.00, 88.62, 67.23, -28.47, 54.26, 0, 0
2.00, 5.70, 24.41, 24.41, 1766.62, 20.00, 4.63, 20.00, 14.64, 0.00, 90.51, 82.02, -10.37, 50.46, 0, 0
2.00, 5.70, 24.65, 24.65, 2369.28, 20.00, 4.63, 21.11, 15.77, 0.00, 157.63, 0.00, 8.89, 50.32, 0, 0
2.00, 5.70, 24.65, 24.65, 2037.55, 20.00, 4.63, 21.11, 15.77, 0.00, 78.27, 0.00, 27.15, 53.85, 0, 0
2.00, 5.70, 24.63, 24.63, 1957.33, 20.00, 4.63, 21.11, 15.77, 0.00, 62.22, 0.00, 42.99, 60.40, 0, 0
2.00, 5.70, 24.64, 24.64, 2008.16, 20.00, 4.63, 21.11, 15.77, 0.00, 73.74, 0.00, 56.28, 69.07, 0, 0
2.00, 5.70, 24.60, 24.60, 1872.59, 20.00, 4.63, 21.11, 15.77, 0.00, 43.48, 0.00, 67.62, 79.11, 0, 0
2.00, 5.70, 24.49, 24.49, 1595.05, 20.00, 4.63, 20.56, 15.26, 0.00, 1.89, 0.00, 77.75, 89.96, 0, 0
2.00, 5.70, 24.39, 24.39, 1464.87, 20.00, 4.63, 20.00, 14.75, 0.00, 0.00, 0.00, 0.00, 90.00, 0, 0
2.00, 5.70, 24.30, 24.30, 1352.45, 20.00, 4.63, 19.44, 14.24, 0.00, 0.00, 0.00, 0.00, 90.00, 0, 0
2.00, 5.70, 24.24, 24.24, 1284.45, 20.00, 4.63, 19.44, 14.13, 0.00, 0.00, 0.00, 0.00, 90.00, 0, 0
2.00, 5.70, 24.17, 24.17, 1188.66, 20.00, 4.63, 18.89, 13.62, 0.00, 0.00, 0.00, 0.00, 90.00, 0, 0
2.00, 5.70, 24.10, 24.10, 1090.60, 20.00, 4.63, 18.33, 13.11, 0.00, 0.00, 0.00, 0.00, 90.00, 0, 0
2.00, 5.70, 24.04, 24.04, 1028.77, 20.00, 4.63, 18.33, 13.01, 0.00, 0.00, 0.00, 0.00, 90.00, 0, 0
2.00, 5.70, 23.98, 23.98, 934.47, 20.00, 4.63, 17.78, 12.50, 0.00, 0.00, 0.00, 0.00, 90.00, 0, 0
2.00, 5.70, 23.92, 23.92, 874.09, 20.00, 4.63, 17.78, 12.39, 0.00, 0.00, 0.00, 0.00, 90.00, 0, 0
2.00, 5.70, 23.85, 23.85, 779.80, 20.00, 4.63, 17.22, 11.89, 0.00, 0.00, 0.00, 0.00, 90.00, 0, 0
2.00, 5.70, 23.78, 23.78, 679.83, 20.00, 4.63, 16.67, 11.38, 0.00, 0.00, 0.00, 0.00, 90.00, 0, 0
2.00, 5.70, 23.55, 23.55, 205.09, 20.00, 4.63, 16.67, 11.38, 0.00, 0.00, 0.00, 0.00, 90.00, 0, 0
2.00, 5.70, 23.35, 23.35, -28.58, 20.00, 4.63, 16.11, 10.87, 0.00, 0.00, 0.00, 0.00, 90.00, 0, 0
2.00, 5.70, 23.22, 23.22, -131.68, 20.00, 4.63, 16.11, 10.87, 0.00, 0.00, 0.00, 0.00, 90.00, 0, 0
2.00, 5.70, 23.23, 23.23, 128.97, 20.00, 4.63, 17.22, 11.99, 0.00, 18.86, 23.88, -68.13, 80.15, 0, 0
2.00, 5.70, 23.32, 23.32, 430.08, 20.00, 4.63, 17.78, 12.50, 0.00, 54.68, 38.03, -56.93, 70.06, 0, 0
2.00, 5.70, 23.42, 23.42, 639.85, 20.00, 4.63, 18.33, 13.11, 0.00, 60.34, 52.60, -43.83, 61.29, 0, 0
2.00, 5.70, 23.63, 23.63, 1179.53, 20.00, 4.63, 19.44, 14.13, 2.43, 105.66, 67.31, -28.24, 54.59, 0, 0
2.00, 5.70, 23.79, 23.79, 1373.48, 20.00, 4.63, 20.00, 14.64, 0.00, 92.39, 82.09, -10.23, 50.82, 0, 0
2.00, 5.70, 23.94, 23.94, 1460.30, 20.00, 4.63, 20.56, 15.15, 0.00, 97.05, 0.00, 8.90, 50.69, 0, 0
2.00, 5.70, 24.16, 24.16, 1902.29, 20.00, 4.63, 21.11, 15.77, 0.00, 150.34, 0.00, 27.05, 54.22, 0, 0
2.00, 5.70, 24.28, 24.28, 1925.17, 20.00, 4.63, 21.67, 16.28, 0.00, 123.20, 0.00, 42.82, 60.75, 0, 0
2.00, 5.70, 24.33, 24.33, 1898.27, 20.00, 4.63, 21.67, 16.28, 0.00, 91.47, 0.00, 56.08, 69.39, 0, 0
2.00, 5.70, 24.24, 24.24, 1534.07, 20.00, 4.63, 21.11, 15.66, 0.00, 29.59, 0.00, 67.39, 79.41, 0, 0
2.00, 5.70, 24.11, 24.11, 1292.82, 20.00, 4.63, 20.56, 15.15, 0.00, 1.89, 0.00, 0.00, 90.00, 0, 0
2.00, 5.70, 24.01, 24.01, 1158.49, 20.00, 4.63, 20.00, 14.53, 0.00, 0.00, 0.00, 0.00, 90.00, 0, 0
2.00, 5.70, 23.92, 23.92, 1045.70, 20.00, 4.63, 19.44, 14.02, 0.00, 0.00, 0.00, 0.00, 90.00, 0, 0
2.00, 5.70, 23.84, 23.84, 940.37, 20.00, 4.63, 18.89, 13.41, 0.00, 0.00, 0.00, 0.00, 90.00, 0, 0
2.00, 5.70, 23.77, 23.77, 837.94, 20.00, 4.63, 18.33, 12.79, 0.00, 0.00, 0.00, 0.00, 90.00, 0, 0
2.00, 5.70, 23.69, 23.69, 735.86, 20.00, 4.63, 17.78, 12.17, 0.00, 0.00, 0.00, 0.00, 90.00, 0, 0
2.00, 5.70, 23.60, 23.60, 593.85, 20.00, 4.63, 16.67, 11.17, 0.00, 0.00, 0.00, 0.00, 90.00, 0, 0
2.00, 5.70, 23.52, 23.52, 479.77, 20.00, 4.63, 16.11, 10.55, 0.00, 0.00, 0.00, 0.00, 90.00, 0, 0
2.00, 5.70, 23.42, 23.42, 326.41, 20.00, 4.63, 15.00, 9.44, 0.00, 0.00, 0.00, 0.00, 90.00, 0, 0
2.00, 5.70, 23.31, 23.31, 162.57, 20.00, 4.63, 13.89, 8.32, 0.00, 0.00, 0.00, 0.00, 90.00, 0, 0
2.00, 5.70, 23.21, 23.21, 28.83, 20.00, 4.63, 13.33, 7.71, 0.00, 0.00, 0.00, 0.00, 90.00, 0, 0
2.00, 5.70, 22.72, 22.72, -1223.88, 20.00, 4.63, 12.22, 6.60, 0.00, 0.00, 0.00, 0.00, 90.00, 0, 0
2.00, 5.70, 22.32, 22.32, -1726.68, 20.00, 4.63, 11.11, 5.38, 0.00, 0.00, 0.00, 0.00, 90.00, 0, 0
2.00, 5.70, 21.97, 21.97, -2208.16, 20.00, 4.63, 10.00, 4.27, 0.00, 0.00, 0.00, 0.00, 90.00, 0, 0
2.00, 5.70, 22.25, 22.25, -743.85, 20.00, 4.63, 12.78, 7.10, 74.89, 40.32, 24.07, -67.83, 80.37, 0, 0
2.00, 5.70, 23.10, 23.10, 1545.79, 20.00, 4.63, 15.00, 9.32, 292.70, 88.49, 38.16, -56.63, 70.31, 0, 0
2.00, 5.70, 23.31, 23.31, 972.45, 20.00, 4.63, 16.67, 11.05, 130.00, 145.34, 52.70, -43.56, 61.58, 0, 0
2.00, 5.70, 23.51, 23.51, 1303.62, 20.00, 4.63, 17.78, 12.05, 88.53, 164.22, 67.39, -28.02, 54.91, 0, 0
2.00, 5.70, 23.91, 23.91, 2245.73, 20.00, 4.63, 19.44, 13.80, 76.29, 163.50, 82.15, -10.10, 51.18, 0, 0
2.00, 5.70, 24.35, 24.35, 2825.50, 20.00, 4.63, 21.11, 15.30, 0.00, 157.52, 0.00, 8.91, 51.06, 0, 0
2.00, 5.70, 24.47, 24.47, 2494.37, 20.00, 4.63, 20.56, 14.80, 0.00, 161.19, 0.00, 26.95, 54.58, 0, 0
2.00, 5.70, 24.56, 24.56, 2560.61, 20.00, 4.63, 20.56, 14.80, 0.00, 136.09, 0.00, 42.65, 61.09, 0, 0
2.00, 5.70, 24.54, 24.54, 2328.12, 20.00, 4.63, 20.00, 14.17, 0.00, 86.09, 0.00, 55.87, 69.71, 0, 0
2.00, 5.70, 24.37, 24.37, 1831.69, 20.00, 4.63, 18.89, 13.05, 0.00, 44.36, 0.00, 67.17, 79.70, 0, 0
2.00, 5.70, 24.14, 24.14, 1356.84, 20.00, 4.63, 17.78, 12.05, 0.00, 1.89, 0.00, 0.00, 90.00, 0, 0
2.00, 5.70, 23.96, 23.96, 1135.94, 20.00, 4.63, 17.22, 11.56, 0.00, 0.00, 0.00, 0.00, 90.00, 0, 0
2.00, 5.70, 23.81, 23.81, 956.98, 20.00, 4.63, 16.67, 10.94, 0.00, 0.00, 0.00, 0.00, 90.00, 0, 0
2.00, 5.70, 23.68, 23.68, 798.61, 20.00, 4.63, 16.11, 10.32, 0.00, 0.00, 0.00, 0.00, 90.00, 0, 0
2.00, 5.70, 23.57, 23.57, 651.77, 20.00, 4.63, 15.56, 9.82, 0.00, 0.00, 0.00, 0.00, 90.00, 0, 0
2.00, 5.70, 23.46, 23.46, 471.87, 20.00, 4.63, 14.44, 8.71, 0.00, 0.00, 0.00, 0.00, 90.00, 0, 0
2.00, 5.70, 23.35, 23.35, 324.91, 20.00, 4.63, 13.89, 8.09, 0.00, 0.00, 0.00, 0.00, 90.00, 0, 0
2.00, 5.70, 23.24, 23.24, 181.26, 20.00, 4.63, 13.33, 7.60, 0.00, 0.00, 0.00, 0.00, 90.00, 0, 0
2.00, 5.70, 23.15, 23.15, 77.86, 20.00, 4.63, 13.33, 7.48, 0.00, 0.00, 0.00, 0.00, 90.00, 0, 0
2.00, 5.70, 23.05, 23.05, -55.75, 20.00, 4.63, 12.78, 6.86, 0.00, 0.00, 0.00, 0.00, 90.00, 0, 0
2.00, 5.70, 22.95, 22.95, -192.29, 20.00, 4.63, 12.22, 6.37, 0.00, 0.00, 0.00, 0.00, 90.00, 0, 0
2.00, 5.70, 22.46, 22.46, -1491.31, 20.00, 4.63, 11.67, 5.87, 0.00, 0.00, 0.00, 0.00, 90.00, 0, 0
2.00, 5.70, 22.10, 22.10, -1874.82, 20.00, 4.63, 11.11, 5.26, 0.00, 0.00, 0.00, 0.00, 90.00, 0, 0
2.00, 5.70, 21.85, 21.85, -2085.86, 20.00, 4.63, 11.11, 5.26, 0.00, 0.00, 0.00, 0.00, 90.00, 0, 0
2.00, 5.70, 23.53, 23.53, 3605.75, 20.00, 4.63, 14.44, 8.71, 431.39, 38.84, 24.26, -67.53, 80.59, 0, 0
2.00, 5.70, 24.24, 24.24, 3351.46, 20.00, 4.63, 16.67, 10.94, 378.84, 82.28, 38.29, -56.34, 70.56, 0, 0
2.00, 5.70, 24.12, 24.12, 1893.04, 20.00, 4.63, 17.78, 12.05, 123.98, 134.82, 52.80, -43.29, 61.86, 0, 0
2.00, 5.70, 24.23, 24.23, 2396.12, 20.00, 4.63, 19.44, 13.67, 134.18, 162.82, 67.47, -27.81, 55.23, 0, 0
2.00, 5.70, 24.54, 24.54, 3167.68, 20.00, 4.63, 21.11, 15.30, 91.13, 144.80, 82.21, -9.97, 51.53, 0, 0
2.00, 5.70, 24.86, 24.86, 3414.90, 20.00, 4.63, 22.22, 16.42, 0.00, 143.41, 0.00, 8.92, 51.43, 0, 0
2.00, 5.70, 25.12, 25.12, 3678.84, 20.00, 4.63, 22.78, 17.05, 0.00, 127.11, 0.00, 26.85, 54.94, 0, 0
2.00, 5.70, 25.19, 25.19, 3456.25, 20.00, 4.63, 22.78, 16.92, 0.00, 117.61, 0.00, 42.48, 61.42, 0, 0
2.00, 5.70, 25.11, 25.11, 3056.05, 20.00, 4.63, 21.67, 15.92, 0.00, 88.45, 0.00, 55.66, 70.02, 0, 0
2.00, 5.70, 24.87, 24.87, 2400.90, 20.00, 4.63, 20.00, 14.30, 0.00, 40.33, 0.00, 66.94, 80.00, 0, 0
2.00, 5.70, 24.62, 24.62, 1967.83, 20.00, 4.63, 19.44, 13.80, 0.00, 1.89, 0.00, 0.00, 90.00, 0, 0
2.00, 5.70, 24.44, 24.44, 1771.36, 20.00, 4.63, 19.44, 13.80, 0.00, 0.00, 0.00, 0.00, 90.00, 0, 0
2.00, 5.70, 24.29, 24.29, 1591.56, 20.00, 4.63, 18.89, 13.17, 0.00, 0.00, 0.00, 0.00, 90.00, 0, 0
2.00, 5.70, 24.17, 24.17, 1433.26, 20.00, 4.63, 18.33, 12.67, 0.00, 0.00, 0.00, 0.00, 90.00, 0, 0
2.00, 5.70, 24.07, 24.07, 1287.15, 20.00, 4.63, 17.78, 12.17, 0.00, 0.00, 0.00, 0.00, 90.00, 0, 0
2.00, 5.70, 23.97, 23.97, 1147.76, 20.00, 4.63, 17.22, 11.56, 0.00, 0.00, 0.00, 0.00, 90.00, 0, 0
2.00, 5.70, 23.88, 23.88, 1012.05, 20.00, 4.63, 16.67, 11.05, 0.00, 0.00, 0.00, 0.00, 90.00, 0, 0
2.00, 5.70, 23.78, 23.78, 877.82, 20.00, 4.63, 16.11, 10.44, 0.00, 0.00, 0.00, 0.00, 90.00, 0, 0
2.00, 5.70, 23.69, 23.69, 743.85, 20.00, 4.63, 15.56, 9.82, 0.00, 0.00, 0.00, 0.00, 90.00, 0, 0
2.00, 5.70, 23.61, 23.61, 648.49, 20.00, 4.63, 15.56, 9.82, 0.00, 0.00, 0.00, 0.00, 90.00, 0, 0
2.00, 5.70, 23.53, 23.53, 522.13, 20.00, 4.63, 15.00, 9.32, 0.00, 0.00, 0.00, 0.00, 90.00, 0, 0
2.00, 5.70, 23.17, 23.17, -347.80, 20.00, 4.63, 14.44, 8.82, 0.00, 0.00, 0.00, 0.00, 90.00, 0, 0
2.00, 5.70, 22.93, 22.93, -536.74, 20.00, 4.63, 14.44, 8.82, 0.00, 0.00, 0.00, 0.00, 90.00, 0, 0
2.00, 5.70, 22.72, 22.72, -803.19, 20.00, 4.63, 13.89, 8.32, 0.00, 0.00, 0.00, 0.00, 90.00, 0, 0
2.00, 5.70, 23.53, 23.53, 2056.28, 20.00, 4.63, 16.67, 11.17, 189.53, 41.92, 24.45, -67.24, 80.81, 0, 0
2.00, 5.70, 23.48, 23.48, 741.94, 20.00, 4.63, 17.22, 11.67, 12.36, 72.84, 38.42, -56.06, 70.80, 0, 0
2.00, 5.70, 23.50, 23.50, 869.90, 20.00, 4.63, 17.78, 12.17, 3.81, 92.81, 52.89, -43.03, 62.14, 0, 0
2.00, 5.70, 23.72, 23.72, 1537.09, 20.00, 4.63, 18.89, 13.29, 36.15, 150.63, 67.54, -27.60, 55.55, 0, 0
2.00, 5.70, 23.91, 23.91, 1834.43, 20.00, 4.63, 19.44, 13.80, 6.37, 166.49, 82.26, -9.85, 51.88, 0, 0
2.00, 5.70, 24.07, 24.07, 1850.76, 20.00, 4.63, 20.00, 14.30, 0.00, 138.45, 0.00, 8.92, 51.79, 0, 0
2.00, 5.70, 24.20, 24.20, 1978.41, 20.00, 4.63, 20.00, 14.30, 0.00, 134.97, 0.00, 26.76, 55.29, 0, 0
2.00, 5.70, 24.09, 24.09, 1464.46, 20.00, 4.63, 19.44, 13.67, 0.00, 38.85, 0.00, 42.32, 61.75, 0, 0
2.00, 5.70, 24.01, 24.01, 1375.49, 20.00, 4.63, 18.89, 13.17, 0.00, 47.14, 0.00, 55.46, 70.33, 0, 0
2.00, 5.70, 23.93, 23.93, 1240.35, 20.00, 4.63, 18.33, 12.55, 0.00, 36.95, 0.00, 66.71, 80.28, 0, 0
2.00, 5.70, 23.80, 23.80, 954.17, 20.00, 4.63, 17.78, 12.05, 0.00, 1.89, 0.00, 0.00, 90.00, 0, 0
2.00, 5.70, 23.68, 23.68, 798.57, 20.00, 4.63, 17.22, 11.43, 0.00, 0.00, 0.00, 0.00, 90.00, 0, 0
2.00, 5.70, 23.58, 23.58, 661.85, 20.00, 4.63, 16.67, 10.94, 0.00, 0.00, 0.00, 0.00, 90.00, 0, 0
2.00, 5.70, 23.48, 23.48, 531.54, 20.00, 4.63, 16.11, 10.32, 0.00, 0.00, 0.00, 0.00, 90.00, 0, 0
2.00, 5.70, 23.39, 23.39, 404.04, 20.00, 4.63, 15.56, 9.82, 0.00, 0.00, 0.00, 0.00, 90.00, 0, 0
2.00, 5.70, 23.30, 23.30, 277.05, 20.00, 4.63, 15.00, 9.20, 0.00, 0.00, 0.00, 0.00, 90.00, 0, 0
2.00, 5.70, 23.20, 23.20, 149.44, 20.00, 4.63, 14.44, 8.59, 0.00, 0.00, 0.00, 0.00, 90.00, 0, 0
2.00, 5.70, 23.11, 23.11, 20.63, 20.00, 4.63, 13.89, 8.09, 0.00, 0.00, 0.00, 0.00, 90.00, 0, 0
2.00, 5.70, 23.00, 23.00, -149.12, 20.00, 4.63, 12.78, 6.98, 0.00, 0.00, 0.00, 0.00, 90.00, 0, 0
2.00, 5.70, 22.88, 22.88, -329.97, 20.00, 4.63, 11.67, 5.87, 0.00, 0.00, 0.00, 0.00, 90.00, 0, 0
2.00, 5.70, 22.76, 22.76, -480.65, 20.00, 4.63, 11.11, 5.26, 0.00, 0.00, 0.00, 0.00, 90.00, 0, 0
2.00, 5.70, 22.17, 22.17, -2084.70, 20.00, 4.63, 10.00, 4.16, 0.00, 0.00, 0.00, 0.00, 90.00, 0, 0
2.00, 5.70, 21.70, 21.70, -2649.96, 20.00, 4.63, 8.89, 2.94, 0.00, 0.00, 0.00, 0.00, 90.00, 0, 0
2.00, 5.70, 21.33, 21.33, -3049.55, 20.00, 4.63, 8.33, 2.45, 0.00, 0.00, 0.00, 0.00, 90.00, 0, 0
2.00, 5.70, 23.07, 23.07, 2964.50, 20.00, 4.63, 11.67, 5.87, 461.63, 36.05, 24.64, -66.95, 81.03, 0, 0
2.00, 5.70, 24.01, 24.01, 3404.76, 20.00, 4.63, 13.89, 8.09, 513.17, 67.53, 38.55, -55.78, 71.05, 0, 0
2.00, 5.70, 24.20, 24.20, 2573.03, 20.00, 4.63, 16.11, 10.32, 484.24, 95.81, 52.99, -42.78, 62.42, 0, 0
2.00, 5.70, 24.24, 24.24, 2370.48, 20.00, 4.63, 17.78, 11.93, 287.13, 125.33, 67.61, -27.39, 55.87, 0, 0
2.00, 5.70, 24.51, 24.51, 3146.55, 20.00, 4.63, 20.00, 14.17, 124.03, 132.44, 82.31, -9.74, 52.23, 0, 0
2.00, 5.70, 24.89, 24.89, 3622.27, 20.00, 4.63, 21.11, 15.30, 0.00, 119.33, 0.00, 8.92, 52.15, 0, 0
2.00, 5.70, 25.11, 25.11, 3659.16, 20.00, 4.63, 21.11, 15.30, 0.00, 116.63, 0.00, 26.65, 55.64, 0, 0
2.00, 5.70, 25.17, 25.17, 3457.17, 20.00, 4.63, 21.11, 15.30, 0.00, 112.60, 0.00, 42.15, 62.08, 0, 0
2.00, 5.70, 25.03, 25.03, 2926.74, 20.00, 4.63, 20.00, 14.30, 0.00, 85.64, 0.00, 55.25, 70.63, 0, 0
2.00, 5.70, 24.75, 24.75, 2217.64, 20.00, 4.63, 17.78, 12.05, 0.00, 39.77, 0.00, 66.49, 80.57, 0, 0
2.00, 5.70, 24.48, 24.48, 1778.82, 20.00, 4.63, 17.78, 12.05, 0.00, 1.89, 0.00, 0.00, 90.00, 0, 0
2.00, 5.70, 24.26, 24.26, 1519.64, 20.00, 4.63, 17.22, 11.56, 0.00, 0.00, 0.00, 0.00, 90.00, 0, 0
2.00, 5.70, 24.11, 24.11, 1348.51, 20.00, 4.63, 17.22, 11.56, 0.00, 0.00, 0.00, 0.00, 90.00, 0, 0
2.00, 5.70, 23.97, 23.97, 1172.88, 20.00, 4.63, 16.67, 11.05, 0.00, 0.00, 0.00, 0.00, 90.00, 0, 0
2.00, 5.70, 23.87, 23.87, 1049.05, 20.00, 4.63, 16.67, 11.05, 0.00, 0.00, 0.00, 0.00, 90.00, 0, 0
2.00, 5.70, 23.77, 23.77, 902.79, 20.00, 4.63, 16.11, 10.55, 0.00, 0.00, 0.00, 0.00, 90.00, 0, 0
2.00, 5.70, 23.67, 23.67, 758.61, 20.00, 4.63, 15.56, 9.94, 0.00, 0.00, 0.00, 0.00, 90.00, 0, 0
2.00, 5.70, 23.58, 23.58, 654.55, 20.00, 4.63, 15.56, 9.94, 0.00, 0.00, 0.00, 0.00, 90.00, 0, 0
2.00, 5.70, 23.52, 23.52, 598.81, 20.00, 4.63, 16.11, 10.44, 0.00, 0.00, 0.00, 0.00, 90.00, 0, 0
2.00, 5.70, 23.46, 23.46, 519.68, 20.00, 4.63, 16.11, 10.44, 0.00, 0.00, 0.00, 0.00, 90.00, 0, 0
2.00, 5.70, 23.40, 23.40, 443.28, 20.00, 4.63, 16.11, 10.44, 0.00, 0.00, 0.00, 0.00, 90.00, 0, 0
2.00, 5.70, 23.15, 23.15, -106.12, 20.00, 4.63, 16.11, 10.55, 0.00, 0.00, 0.00, 0.00, 90.00, 0, 0
2.00, 5.70, 23.00, 23.00, -227.80, 20.00, 4.63, 16.11, 10.66, 0.00, 0.00, 0.00, 0.00, 90.00, 0, 0
2.00, 5.70, 22.88, 22.88, -321.23, 20.00, 4.63, 16.11, 10.66, 0.00, 0.00, 0.00, 0.00, 90.00, 0, 0
2.00, 5.70, 22.96, 22.96, 111.85, 20.00, 4.63, 17.78, 12.29, 0.00, 28.28, 24.83, -66.67, 81.25, 0, 0
2.00, 5.70, 23.36, 23.36, 1282.60, 20.00, 4.63, 19.44, 14.02, 64.03, 81.20, 38.68, -55.51, 71.30, 0, 0
2.00, 5.70, 23.51, 23.51, 1176.50, 20.00, 4.63, 20.00, 14.53, 1.89, 86.02, 53.08, -42.53, 62.70, 0, 0
2.00, 5.70, 23.48, 23.48, 848.23, 20.00, 4.63, 19.44, 14.02, 0.00, 24.51, 67.68, -27.19, 56.19, 0, 0
2.00, 5.70, 23.74, 23.74, 1723.63, 20.00, 4.63, 20.56, 15.04, 8.38, 143.10, 82.36, -9.63, 52.58, 0, 0
2.00, 5.70, 23.83, 23.83, 1451.71, 20.00, 4.63, 20.56, 15.15, 0.00, 98.98, 0.00, 8.92, 52.51, 0, 0
2.00, 5.70, 23.84, 23.84, 1339.43, 20.00, 4.63, 20.56, 15.04, 0.00, 69.76, 0.00, 26.55, 55.99, 0, 0
2.00, 5.70, 23.91, 23.91, 1536.87, 20.00, 4.63, 21.11, 15.54, 0.00, 100.80, 0.00, 41.98, 62.41, 0, 0
2.00, 5.70, 23.94, 23.94, 1522.87, 20.00, 4.63, 21.11, 15.66, 0.00, 80.26, 0.00, 55.05, 70.93, 0, 0
2.00, 5.70, 23.86, 23.86, 1229.13, 20.00, 4.63, 20.56, 15.04, 0.00, 31.80, 0.00, 66.26, 80.85, 0, 0
2.00, 5.70, 23.74, 23.74, 973.87, 20.00, 4.63, 20.00, 14.53, 0.00, 0.00, 0.00, 0.00, 90.00, 0, 0
2.00, 5.70, 23.64, 23.64, 843.82, 20.00, 4.63, 19.44, 14.02, 0.00, 0.00, 0.00, 0.00, 90.00, 0, 0
2.00, 5.70, 23.55, 23.55, 726.81, 20.00, 4.63, 18.89, 13.52, 0.00, 0.00, 0.00, 0.00, 90.00, 0, 0
2.00, 5.70, 23.47, 23.47, 616.15, 20.00, 4.63, 18.33, 13.01, 0.00, 0.00, 0.00, 0.00, 90.00, 0, 0
2.00, 5.70, 23.41, 23.41, 546.64, 20.00, 4.63, 18.33, 12.90, 0.00, 0.00, 0.00, 0.00, 90.00, 0, 0
2.00, 5.70, 23.34, 23.34, 447.52, 20.00, 4.63, 17.78, 12.39, 0.00, 0.00, 0.00, 0.00, 90.00, 0, 0
2.00, 5.70, 23.27, 23.27, 345.10, 20.00, 4.63, 17.22, 11.78, 0.00, 0.00, 0.00, 0.00, 90.00, 0, 0
2.00, 5.70, 23.19, 23.19, 239.60, 20.00, 4.63, 16.67, 11.17, 0.00, 0.00, 0.00, 0.00, 90.00, 0, 0
2.00, 5.70, 23.12, 23.12, 131.29, 20.00, 4.63, 16.11, 10.66, 0.00, 0.00, 0.00, 0.00, 90.00, 0, 0
2.00, 5.70, 23.04, 23.04, 20.06, 20.00, 4.63, 15.56, 10.05, 0.00, 0.00, 0.00, 0.00, 90.00, 0, 0
2.00, 5.70, 22.97, 22.97, -54.85, 20.00, 4.63, 15.56, 10.05, 0.00, 0.00, 0.00, 0.00, 90.00, 0, 0
2.00, 5.70, 22.89, 22.89, -162.50, 20.00, 4.63, 15.00, 9.54, 0.00, 0.00, 0.00, 0.00, 90.00, 0, 0
2.00, 5.70, 22.81, 22.81, -275.04, 20.00, 4.63, 14.44, 9.04, 0.00, 0.00, 0.00, 0.00, 90.00, 0, 0
2.00, 5.70, 22.72, 22.72, -391.67, 20.00, 4.63, 13.89, 8.43, 0.00, 0.00, 0.00, 0.00, 90.00, 0, 0
2.00, 5.70, 23.77, 23.77, 2898.38, 20.00, 4.63, 16.67, 11.27, 254.41, 41.52, 25.02, -66.39, 81.47, 0, 0
2.00, 5.70, 23.94, 23.94, 1869.68, 20.00, 4.63, 18.33, 12.90, 120.46, 85.03, 38.80, -55.24, 71.54, 0, 0
2.00, 5.70, 24.14, 24.14, 2210.07, 20.00, 4.63, 20.00, 14.53, 202.32, 127.41, 53.17, -42.29, 62.98, 0, 0
2.00, 5.70, 24.12, 24.12, 1827.73, 20.00, 4.63, 20.56, 15.04, 33.44, 151.12, 67.75, -27.00, 56.50, 0, 0
2.00, 5.70, 24.25, 24.25, 2206.60, 20.00, 4.63, 21.67, 16.16, 27.91, 174.23, 82.41, -9.53, 52.92, 0, 0
2.00, 5.70, 24.27, 24.27, 2081.89, 20.00, 4.63, 21.67, 16.05, 0.00, 157.37, 0.00, 8.91, 52.86, 0, 0
2.00, 5.70, 24.25, 24.25, 1937.50, 20.00, 4.63, 21.67, 16.05, 0.00, 126.62, 0.00, 26.45, 56.33, 0, 0
2.00, 5.70, 24.16, 24.16, 1706.04, 20.00, 4.63, 20.56, 14.92, 0.00, 94.73, 0.00, 41.81, 62.73, 0, 0
2.00, 5.70, 24.08, 24.08, 1566.65, 20.00, 4.63, 20.00, 14.42, 0.00, 77.41, 0.00, 54.84, 71.23, 0, 0
2.00, 5.70, 23.97, 23.97, 1321.24, 20.00, 4.63, 19.44, 13.80, 0.00, 37.46, 0.00, 66.04, 81.12, 0, 0
2.00, 5.70, 23.80, 23.80, 979.98, 20.00, 4.63, 18.89, 13.29, 0.00, 0.00, 0.00, 0.00, 90.00, 0, 0
2.00, 5.70, 23.65, 23.65, 779.08, 20.00, 4.63, 17.78, 12.17, 0.00, 0.00, 0.00, 0.00, 90.00, 0, 0
2.00, 5.70, 23.53, 23.53, 627.86, 20.00, 4.63, 17.22, 11.56, 0.00, 0.00, 0.00, 0.00, 90.00, 0, 0
2.00, 5.70, 23.42, 23.42, 489.55, 20.00, 4.63, 16.67, 11.05, 0.00, 0.00, 0.00, 0.00, 90.00, 0, 0
2.00, 5.70, 23.32, 23.32, 357.68, 20.00, 4.63, 16.11, 10.44, 0.00, 0.00, 0.00, 0.00, 90.00, 0, 0
2.00, 5.70, 23.21, 23.21, 189.63, 20.00, 4.63, 15.00, 9.32, 0.00, 0.00, 0.00, 0.00, 90.00, 0, 0
2.00, 5.70, 23.11, 23.11, 52.33, 20.00, 4.63, 14.44, 8.71, 0.00, 0.00, 0.00, 0.00, 90.00, 0, 0
2.00, 5.70, 23.01, 23.01, -83.26, 20.00, 4.63, 13.89, 8.09, 0.00, 0.00, 0.00, 0.00, 90.00, 0, 0
2.00, 5.70, 22.89, 22.89, -257.85, 20.00, 4.63, 12.78, 6.98, 0.00, 0.00, 0.00, 0.00, 90.00, 0, 0
2.00, 5.70, 22.78, 22.78, -403.23, 20.00, 4.63, 12.22, 6.37, 0.00, 0.00, 0.00, 0.00, 90.00, 0, 0
2.00, 5.70, 22.66, 22.66, -586.99, 20.00, 4.63, 11.11, 5.38, 0.00, 0.00, 0.00, 0.00, 90.00, 0, 0
2.00, 5.70, 22.11, 22.11, -2061.10, 20.00, 4.63, 10.56, 4.77, 0.00, 0.00, 0.00, 0.00, 90.00, 0, 0
2.00, 5.70, 21.67, 21.67, -2601.78, 20.00, 4.63, 9.44, 3.55, 0.00, 0.00, 0.00, 0.00, 90.00, 0, 0
2.00, 5.70, 21.32, 21.32, -2984.57, 20.00, 4.63, 8.89, 2.94, 0.00, 0.00, 0.00, 0.00, 90.00, 0, 0
2.00, 5.70, 21.59, 21.59, -1569.11, 20.00, 4.63, 11.11, 5.26, 79.92, 38.91, 25.21, -66.11, 81.69, 0, 0
2.00, 5.70, 22.10, 22.10, -301.09, 20.00, 4.63, 13.33, 7.48, 159.52, 90.70, 38.93, -54.98, 71.79, 0, 0
2.00, 5.70, 22.48, 22.48, 170.00, 20.00, 4.63, 15.00, 9.20, 216.99, 120.61, 53.26, -42.05, 63.26, 0, 0
2.00, 5.70, 22.85, 22.85, 802.92, 20.00, 4.63, 17.22, 11.31, 189.38, 150.12, 67.82, -26.82, 56.82, 0, 0
2.00, 5.70, 23.35, 23.35, 1790.57, 20.00, 4.63, 19.44, 13.41, 100.21, 135.02, 82.46, -9.43, 53.26, 0, 0
2.00, 5.70, 23.85, 23.85, 2462.00, 20.00, 4.63, 20.56, 14.53, 0.00, 138.60, 0.00, 8.91, 53.21, 0, 0
2.00, 5.70, 24.07, 24.07, 2380.90, 20.00, 4.63, 21.11, 15.02, 0.00, 154.11, 0.00, 26.35, 56.67, 0, 0
2.00, 5.70, 24.22, 24.22, 2444.23, 20.00, 4.63, 21.11, 15.02, 0.00, 108.75, 0.00, 41.64, 63.04, 0, 0
2.00, 5.70, 24.23, 24.23, 2223.78, 20.00, 4.63, 20.56, 14.53, 0.00, 71.64, 0.00, 54.64, 71.52, 0, 0
2.00, 5.70, 24.06, 24.06, 1657.62, 20.00, 4.63, 18.89, 12.92, 0.00, 38.33, 0.00, 65.81, 81.39, 0, 0
2.00, 5.70, 23.81, 23.81, 1145.35, 20.00, 4.63, 18.33, 12.29, 0.00, 1.89, 0.00, 0.00, 90.00, 0, 0
2.00, 5.70, 23.61, 23.61, 867.03, 20.00, 4.63, 17.22, 11.17, 0.00, 0.00, 0.00, 0.00, 90.00, 0, 0
2.00, 5.70, 23.44, 23.44, 667.06, 20.00, 4.63, 16.67, 10.68, 0.00, 0.00, 0.00, 0.00, 90.00, 0, 0
2.00, 5.70, 23.29, 23.29, 455.49, 20.00, 4.63, 15.56, 9.57, 0.00, 0.00, 0.00, 0.00, 90.00, 0, 0
2.00, 5.70, 23.15, 23.15, 251.00, 20.00, 4.63, 14.44, 8.46, 0.00, 0.00, 0.00, 0.00, 90.00, 0, 0
2.00, 5.70, 23.03, 23.03, 87.98, 20.00, 4.63, 13.89, 7.84, 0.00, 0.00, 0.00, 0.00, 90.00, 0, 0
2.00, 5.70, 22.90, 22.90, -105.61, 20.00, 4.63, 12.78, 6.73, 0.00, 0.00, 0.00, 0.00, 90.00, 0, 0
2.00, 5.70, 22.77, 22.77, -264.58, 20.00, 4.63, 12.22, 6.11, 0.00, 0.00, 0.00, 0.00, 90.00, 0, 0
2.00, 5.70, 22.65, 22.65, -458.62, 20.00, 4.63, 11.11, 5.01, 0.00, 0.00, 0.00, 0.00, 90.00, 0, 0
2.00, 5.70, 22.52, 22.52, -620.70, 20.00, 4.63, 10.56, 4.39, 0.00, 0.00, 0.00, 0.00, 90.00, 0, 0
2.00, 5.70, 22.39, 22.39, -819.51, 20.00, 4.63, 9.44, 3.42, 0.00, 0.00, 0.00, 0.00, 90.00, 0, 0
2.00, 5.70, 21.76, 21.76, -2568.99, 20.00, 4.63, 8.89, 2.81, 0.00, 0.00, 0.00, 0.00, 90.00, 0, 0
2.00, 5.70, 21.26, 21.26, -3163.13, 20.00, 4.63, 7.78, 1.71, 0.00, 0.00, 0.00, 0.00, 90.00, 0, 0
2.00, 5.70, 20.87, 20.87, -3585.11, 20.00, 4.63, 7.22, 1.10, 0.00, 0.00, 0.00, 0.00, 90.00, 0, 0
2.00, 5.70, 22.10, 22.10, 911.75, 20.00, 4.63, 10.00, 3.91, 336.27, 34.29, 25.40, -65.84, 81.91, 0, 0
2.00, 5.70, 23.23, 23.23, 2669.17, 20.00, 4.63, 12.78, 6.73, 512.02, 62.94, 39.05, -54.73, 72.03, 0, 0
2.00, 5.70, 23.38, 23.38, 1466.79, 20.00, 4.63, 14.44, 8.46, 391.67, 97.88, 53.35, -41.82, 63.54, 0, 0
2.00, 5.70, 23.51, 23.51, 1618.59, 20.00, 4.63, 16.67, 10.55, 319.55, 114.19, 67.88, -26.64, 57.13, 0, 0
2.00, 5.70, 23.75, 23.75, 2148.24, 20.00, 4.63, 18.33, 12.29, 119.43, 114.76, 82.50, -9.33, 53.60, 0, 0
2.00, 5.70, 24.11, 24.11, 2698.11, 20.00, 4.63, 19.44, 13.27, 0.00, 121.69, 0.00, 8.89, 53.56, 0, 0
2.00, 5.70, 24.36, 24.36, 2888.31, 20.00, 4.63, 20.00, 13.90, 0.00, 106.24, 0.00, 26.24, 57.00, 0, 0
2.00, 5.70, 24.47, 24.47, 2809.35, 20.00, 4.63, 20.00, 13.90, 0.00, 83.31, 0.00, 41.48, 63.35, 0, 0
2.00, 5.70, 24.42, 24.42, 2439.07, 20.00, 4.63, 18.89, 12.78, 0.00, 59.51, 0.00, 54.44, 71.81, 0, 0
2.00, 5.70, 24.19, 24.19, 1807.36, 20.00, 4.63, 17.22, 11.17, 0.00, 34.14, 0.00, 65.59, 81.66, 0, 0
2.00, 5.70, 23.92, 23.92, 1279.35, 20.00, 4.63, 16.67, 10.68, 0.00, 0.00, 0.00, 0.00, 90.00, 0, 0
2.00, 5.70, 23.71, 23.71, 1016.32, 20.00, 4.63, 16.11, 10.06, 0.00, 0.00, 0.00, 0.00, 90.00, 0, 0
2.00, 5.70, 23.54, 23.54, 797.85, 20.00, 4.63, 15.56, 9.57, 0.00, 0.00, 0.00, 0.00, 90.00, 0, 0
2.00, 5.70, 23.39, 23.39, 606.47, 20.00, 4.63, 15.00, 9.08, 0.00, 0.00, 0.00, 0.00, 90.00, 0, 0
2.00, 5.70, 23.26, 23.26, 431.42, 20.00, 4.63, 14.44, 8.46, 0.00, 0.00, 0.00, 0.00, 90.00, 0, 0
2.00, 5.70, 23.14, 23.14, 266.29, 20.00, 4.63, 13.89, 7.84, 0.00, 0.00, 0.00, 0.00, 90.00, 0, 0
2.00, 5.70, 23.03, 23.03, 107.18, 20.00, 4.63, 13.33, 7.35, 0.00, 0.00, 0.00, 0.00, 90.00, 0, 0
2.00, 5.70, 22.91, 22.91, -48.69, 20.00, 4.63, 12.78, 6.73, 0.00, 0.00, 0.00, 0.00, 90.00, 0, 0
2.00, 5.70, 22.80, 22.80, -202.81, 20.00, 4.63, 12.22, 6.24, 0.00, 0.00, 0.00, 0.00, 90.00, 0, 0
2.00, 5.70, 22.71, 22.71, -317.27, 20.00, 4.63, 12.22, 6.11, 0.00, 0.00, 0.00, 0.00, 90.00, 0, 0
2.00, 5.70, 22.60, 22.60, -461.93, 20.00, 4.63, 11.67, 5.63, 0.00, 0.00, 0.00, 0.00, 90.00, 0, 0
2.00, 5.70, 22.14, 22.14, -1714.09, 20.00, 4.63, 11.67, 5.63, 0.00, 0.00, 0.00, 0.00, 90.00, 0, 0
2.00, 5.70, 21.80, 21.80, -2086.41, 20.00, 4.63, 11.11, 5.14, 0.00, 0.00, 0.00, 0.00, 90.00, 0, 0
2.00, 5.70, 21.52, 21.52, -2419.22, 20.00, 4.63, 10.56, 4.65, 0.00, 0.00, 0.00, 0.00, 90.00, 0, 0
2.00, 5.70, 21.98, 21.98, -490.24, 20.00, 4.63, 12.78, 6.86, 122.35, 34.13, 25.58, -65.58, 82.13, 0, 0
2.00, 5.70, 21.92, 21.92, -1332.74, 20.00, 4.63, 13.33, 7.48, 7.34, 62.68, 39.17, -54.48, 72.28, 0, 0
2.00, 5.70, 22.13, 22.13, -545.66, 20.00, 4.63, 15.00, 9.08, 54.50, 117.58, 53.44, -41.59, 63.82, 0, 0
2.00, 5.70, 22.26, 22.26, -438.85, 20.00, 4.63, 15.56, 9.70, 9.48, 127.12, 67.94, -26.47, 57.44, 0, 0
2.00, 5.70, 22.60, 22.60, 455.86, 20.00, 4.63, 17.22, 11.31, 27.86, 169.14, 82.54, -9.25, 53.93, 0, 0
2.00, 5.70, 22.96, 22.96, 1029.30, 20.00, 4.63, 18.33, 12.29, 0.00, 166.01, 0.00, 8.88, 53.90, 0, 0
2.00, 5.70, 23.39, 23.39, 1817.86, 20.00, 4.63, 19.44, 13.41, 0.00, 139.89, 0.00, 26.13, 57.33, 0, 0
2.00, 5.70, 23.53, 23.53, 1571.78, 20.00, 4.63, 19.44, 13.41, 0.00, 122.72, 0.00, 41.31, 63.66, 0, 0
2.00, 5.70, 23.49, 23.49, 1219.60, 20.00, 4.63, 18.89, 12.92, 0.00, 88.05, 0.00, 54.23, 72.09, 0, 0
2.00, 5.70, 23.36, 23.36, 859.31, 20.00, 4.63, 18.33, 12.29, 0.00, 33.59, 0.00, 65.37, 81.92, 0, 0
2.00, 5.70, 23.17, 23.17, 446.61, 20.00, 4.63, 17.22, 11.31, 0.00, 0.00, 0.00, 0.00, 90.00, 0, 0
2.00, 5.70, 23.01, 23.01, 256.40, 20.00, 4.63, 16.67, 10.68, 0.00, 0.00, 0.00, 0.00, 90.00, 0, 0
2.00, 5.70, 22.88, 22.88, 94.91, 20.00, 4.63, 16.11, 10.19, 0.00, 0.00, 0.00, 0.00, 90.00, 0, 0
2.00, 5.70, 22.77, 22.77, -50.36, 20.00, 4.63, 15.56, 9.70, 0.00, 0.00, 0.00, 0.00, 90.00, 0, 0
2.00, 5.70, 22.66, 22.66, -187.03, 20.00, 4.63, 15.00, 9.08, 0.00, 0.00, 0.00, 0.00, 90.00, 0, 0
2.00, 5.70, 22.55, 22.55, -358.44, 20.00, 4.63, 13.89, 7.97, 0.00, 0.00, 0.00, 0.00, 90.00, 0, 0
2.00, 5.70, 22.45, 22.45, -498.06, 20.00, 4.63, 13.33, 7.35, 0.00, 0.00, 0.00, 0.00, 90.00, 0, 0
2.00, 5.70, 22.35, 22.35, -635.31, 20.00, 4.63, 12.78, 6.73, 0.00, 0.00, 0.00, 0.00, 90.00, 0, 0
2.00, 5.70, 22.25, 22.25, -772.03, 20.00, 4.63, 12.22, 6.11, 0.00, 0.00, 0.00, 0.00, 90.00, 0, 0
2.00, 5.70, 22.13, 22.13, -948.49, 20.00, 4.63, 11.11, 5.14, 0.00, 0.00, 0.00, 0.00, 90.00, 0, 0
2.00, 5.70, 22.02, 22.02, -1096.17, 20.00, 4.63, 10.56, 4.52, 0.00, 0.00, 0.00, 0.00, 90.00, 0, 0
2.00, 5.70, 21.44, 21.44, -2761.43, 20.00, 4.63, 9.44, 3.42, 0.00, 0.00, 0.00, 0.00, 90.00, 0, 0
2.00, 5.70, 21.02, 21.02, -3194.07, 20.00, 4.63, 8.89, 2.94, 0.00, 0.00, 0.00, 0.00, 90.00, 0, 0
2.00, 5.70, 20.68, 20.68, -3567.91, 20.00, 4.63, 8.33, 2.33, 0.00, 0.00, 0.00, 0.00, 90.00, 0, 0
2.00, 5.70, 20.63, 20.63, -3180.16, 20.00, 4.63, 10.00, 4.04, 5.68, 29.75, 25.77, -65.32, 82.35, 0, 0
2.00, 5.70, 20.73, 20.73, -2711.59, 20.00, 4.63, 11.11, 5.14, 14.65, 72.60, 39.29, -54.23, 72.52, 0, 0
2.00, 5.70, 20.91, 20.91, -2237.16, 20.00, 4.63, 12.22, 6.24, 20.63, 113.14, 53.52, -41.38, 64.09, 0, 0
2.00, 5.70, 21.15, 21.15, -1712.68, 20.00, 4.63, 13.33, 7.35, 29.55, 145.00, 68.00, -26.30, 57.74, 0, 0
2.00, 5.70, 21.48, 21.48, -981.89, 20.00, 4.63, 14.44, 8.46, 33.43, 168.13, 82.57, -9.16, 54.26, 0, 0
2.00, 5.70, 22.09, 22.09, 491.94, 20.00, 4.63, 16.11, 10.06, 0.00, 154.79, 0.00, 8.86, 54.23, 0, 0
2.00, 5.70, 22.33, 22.33, 310.08, 20.00, 4.63, 16.11, 10.06, 0.00, 151.84, 0.00, 26.03, 57.66, 0, 0
2.00, 5.70, 22.37, 22.37, 84.82, 20.00, 4.63, 16.11, 10.06, 0.00, 114.99, 0.00, 41.14, 63.96, 0, 0
2.00, 5.70, 22.30, 22.30, -196.49, 20.00, 4.63, 15.00, 8.95, 0.00, 71.12, 0.00, 54.03, 72.37, 0, 0
2.00, 5.70, 22.21, 22.21, -386.64, 20.00, 4.63, 14.44, 8.46, 0.00, 41.41, 0.00, 65.15, 82.17, 0, 0
2.00, 5.70, 22.03, 22.03, -772.22, 20.00, 4.63, 13.89, 7.84, 0.00, 0.00, 0.00, 0.00, 90.00, 0, 0
2.00, 5.70, 21.89, 21.89, -950.06, 20.00, 4.63, 13.33, 7.35, 0.00, 0.00, 0.00, 0.00, 90.00, 0, 0
2.00, 5.70, 21.76, 21.76, -1107.07, 20.00, 4.63, 12.78, 6.86, 0.00, 0.00, 0.00, 0.00, 90.00, 0, 0
2.00, 5.70, 21.65, 21.65, -1252.79, 20.00, 4.63, 12.22, 6.24, 0.00, 0.00, 0.00, 0.00, 90.00, 0, 0
2.00, 5.70, 21.54, 21.54, -1392.65, 20.00, 4.63, 11.67, 5.75, 0.00, 0.00, 0.00, 0.00, 90.00, 0, 0
2.00, 5.70, 21.45, 21.45, -1490.82, 20.00, 4.63, 11.67, 5.63, 0.00, 0.00, 0.00, 0.00, 90.00, 0, 0
2.00, 5.70, 21.35, 21.35, -1618.50, 20.00, 4.63, 11.11, 5.01, 0.00, 0.00, 0.00, 0.00, 90.00, 0, 0
2.00, 5.70, 21.26, 21.26, -1748.72, 20.00, 4.63, 10.56, 4.52, 0.00, 0.00, 0.00, 0.00, 90.00, 0, 0
2.00, 5.70, 21.16, 21.16, -1881.48, 20.00, 4.63, 10.00, 3.91, 0.00, 0.00, 0.00, 0.00, 90.00, 0, 0
2.00, 5.70, 21.07, 21.07, -1977.12, 20.00, 4.63, 10.00, 3.91, 0.00, 0.00, 0.00, 0.00, 90.00, 0, 0
2.00, 5.70, 20.97, 20.97, -2105.23, 20.00, 4.63, 9.44, 3.42, 0.00, 0.00, 0.00, 0.00, 90.00, 0, 0
2.00, 5.70, 20.44, 20.44, -3771.62, 20.00, 4.63, 8.89, 2.81, 0.00, 0.00, 0.00, 0.00, 90.00, 0, 0
2.00, 5.70, 20.06, 20.06, -4117.17, 20.00, 4.63, 8.33, 2.33, 0.00, 0.00, 0.00, 0.00, 90.00, 0, 0
2.00, 5.70, 20.00, 20.00, -4211.07, 20.00, 4.63, 8.33, 2.33, 0.00, 0.00, 0.00, 0.00, 90.00, 0, 0
2.00, 5.70, 20.00, 20.00, -3973.85, 20.00, 4.63, 9.44, 3.42, 0.00, 20.74, 25.95, -65.07, 82.57, 0, 0
2.00, 5.70, 20.35, 20.35, -2418.56, 20.00, 4.63, 11.11, 5.14, 126.74, 75.77, 39.41, -53.99, 72.77, 0, 0
2.00, 5.70, 20.35, 20.35, -2882.36, 20.00, 4.63, 12.22, 6.24, 7.49, 91.56, 53.60, -41.17, 64.36, 0, 0
2.00, 5.70, 20.43, 20.43, -2593.22, 20.00, 4.63, 12.78, 6.86, 5.90, 124.07, 68.05, -26.14, 58.05, 0, 0
2.00, 5.70, 20.45, 20.45, -2629.50, 20.00, 4.63, 12.78, 6.86, 0.41, 104.68, 82.61, -9.08, 54.59, 0, 0
2.00, 5.70, 20.78, 20.78, -1399.07, 20.00, 4.63, 13.33, 7.35, 0.00, 138.38, 0.00, 8.84, 54.57, 0, 0
2.00, 5.70, 21.15, 21.15, -744.86, 20.00, 4.63, 14.44, 8.46, 0.00, 157.81, 0.00, 25.92, 57.98, 0, 0
2.00, 5.70, 21.30, 21.30, -843.67, 20.00, 4.63, 15.00, 8.95, 0.00, 127.74, 0.00, 40.97, 64.26, 0, 0
2.00, 5.70, 21.30, 21.30, -1060.83, 20.00, 4.63, 14.44, 8.46, 0.00, 79.34, 0.00, 53.83, 72.64, 0, 0
2.00, 5.70, 21.15, 21.15, -1513.34, 20.00, 4.63, 13.33, 7.35, 0.00, 22.42, 0.00, 64.92, 82.43, 0, 0
2.00, 5.70, 21.00, 21.00, -1739.84, 20.00, 4.63, 13.33, 7.35, 0.00, 0.00, 0.00, 0.00, 90.00, 0, 0
2.00, 5.70, 20.87, 20.87, -1893.08, 20.00, 4.63, 12.78, 6.86, 0.00, 0.00, 0.00, 0.00, 90.00, 0, 0
2.00, 5.70, 20.76, 20.76, -2031.12, 20.00, 4.63, 12.22, 6.24, 0.00, 0.00, 0.00, 0.00, 90.00, 0, 0
2.00, 5.70, 20.66, 20.66, -2161.53, 20.00, 4.63, 11.67, 5.75, 0.00, 0.00, 0.00, 0.00, 90.00, 0, 0
2.00, 5.70, 20.57, 20.57, -2249.59, 20.00, 4.63, 11.67, 5.63, 0.00, 0.00, 0.00, 0.00, 90.00, 0, 0
2.00, 5.70, 20.48, 20.48, -2366.93, 20.00, 4.63, 11.11, 5.14, 0.00, 0.00, 0.00, 0.00, 90.00, 0, 0
2.00, 5.70, 20.39, 20.39, -2487.12, 20.00, 4.63, 10.56, 4.52, 0.00, 0.00, 0.00, 0.00, 90.00, 0, 0
2.00, 5.70, 20.30, 20.30, -2610.03, 20.00, 4.63, 10.00, 3.91, 0.00, 0.00, 0.00, 0.00, 90.00, 0, 0
2.00, 5.70, 20.22, 20.22, -2696.13, 20.00, 4.63, 10.00, 3.91, 0.00, 0.00, 0.00, 0.00, 90.00, 0, 0
2.00, 5.70, 20.13, 20.13, -2815.00, 20.00, 4.63, 9.44, 3.42, 0.00, 0.00, 0.00, 0.00, 90.00, 0, 0
2.00, 5.70, 20.03, 20.03, -2938.73, 20.00, 4.63, 8.89, 2.81, 0.00, 0.00, 0.00, 0.00, 90.00, 0, 0
2.00, 5.70, 20.00, 20.00, -4331.17, 20.00, 4.63, 8.33, 2.33, 0.00, 0.00, 0.00, 0.00, 90.00, 0, 0
2.00, 5.70, 20.00, 20.00, -4399.63, 20.00, 4.63, 8.33, 2.33, 0.00, 0.00, 0.00, 0.00, 90.00, 0, 0
2.00, 5.70, 20.00, 20.00, -4552.70, 20.00, 4.63, 7.78, 1.84, 0.00, 0.00, 0.00, 0.00, 90.00, 0, 0
2.00, 5.70, 20.00, 20.00, -4290.79, 20.00, 4.63, 8.89, 2.94, 0.00, 24.51, 26.13, -64.82, 82.79, 0, 0
2.00, 5.70, 20.00, 20.00, -3190.96, 20.00, 4.63, 10.56, 4.65, 85.17, 76.35, 39.52, -53.76, 73.01, 0, 0
2.00, 5.70, 20.00, 20.00, -3290.94, 20.00, 4.63, 11.67, 5.63, 26.16, 99.96, 53.68, -40.96, 64.64, 0, 0
2.00, 5.70, 20.19, 20.19, -2361.76, 20.00, 4.63, 13.33, 7.35, 131.77, 154.84, 68.10, -25.99, 58.35, 0, 0
2.00, 5.70, 20.74, 20.74, -904.36, 20.00, 4.63, 16.11, 10.06, 89.35, 204.29, 82.64, -9.01, 54.92, 0, 0
2.00, 5.70, 21.01, 21.01, -689.20, 20.00, 4.63, 16.67, 10.55, 0.00, 159.36, 0.00, 8.81, 54.90, 0, 0
2.00, 5.70, 20.95, 20.95, -1309.34, 20.00, 4.63, 15.56, 9.43, 0.00, 85.91, 0.00, 25.81, 58.29, 0, 0
2.00, 5.70, 20.98, 20.98, -1122.05, 20.00, 4.63, 15.56, 9.43, 0.00, 115.95, 0.00, 40.81, 64.55, 0, 0
2.00, 5.70, 20.92, 20.92, -1381.35, 20.00, 4.63, 14.44, 8.46, 0.00, 78.56, 0.00, 53.63, 72.91, 0, 0
2.00, 5.70, 20.77, 20.77, -1743.55, 20.00, 4.63, 13.89, 7.84, 0.00, 29.65, 0.00, 64.70, 82.67, 0, 0
2.00, 5.70, 20.59, 20.59, -2044.46, 20.00, 4.63, 13.33, 7.35, 0.00, 0.00, 0.00, 0.00, 90.00, 0, 0
2.00, 5.70, 20.47, 20.47, -2170.68, 20.00, 4.63, 13.33, 7.35, 0.00, 0.00, 0.00, 0.00, 90.00, 0, 0
2.00, 5.70, 20.36, 20.36, -2307.24, 20.00, 4.63, 12.78, 6.86, 0.00, 0.00, 0.00, 0.00, 90.00, 0, 0
2.00, 5.70, 20.25, 20.25, -2435.67, 20.00, 4.63, 12.22, 6.24, 0.00, 0.00, 0.00, 0.00, 90.00, 0, 0
2.00, 5.70, 20.17, 20.17, -2521.14, 20.00, 4.63, 12.22, 6.24, 0.00, 0.00, 0.00, 0.00, 90.00, 0, 0
2.00, 5.70, 20.09, 20.09, -2635.65, 20.00, 4.63, 11.67, 5.63, 0.00, 0.00, 0.00, 0.00, 90.00, 0, 0
2.00, 5.70, 20.01, 20.01, -2713.27, 20.00, 4.63, 11.67, 5.63, 0.00, 0.00, 0.00, 0.00, 90.00, 0, 0
2.00, 5.70, 19.94, 19.94, -2823.61, 20.00, 4.63, 11.11, 5.01, 0.00, 0.00, 0.00, 0.00, 90.00, 0, 0
2.00, 5.70, 19.85, 19.85, -2938.44, 20.00, 4.63, 10.56, 4.52, 0.00, 0.00, 0.00, 0.00, 90.00, 0, 0
2.00, 5.70, 19.76, 19.76, -3057.12, 20.00, 4.63, 10.00, 3.91, 0.00, 0.00, 0.00, 0.00, 90.00, 0, 0
2.00, 5.70, 19.67, 19.67, -3178.94, 20.00, 4.63, 9.44, 3.42, 0.00, 0.00, 0.00, 0.00, 90.00, 0, 0
2.00, 5.70, 20.00, 20.00, -3002.09, 20.00, 4.63, 8.89, 2.81, 0.00, 0.00, 0.00, 0.00, 90.00, 0, 0
2.00, 5.70, 20.00, 20.00, -3068.26, 20.00, 4.63, 8.33, 2.33, 0.00, 0.00, 0.00, 0.00, 90.00, 0, 0
2.00, 5.70, 20.00, 20.00, -3103.79, 20.00, 4.63, 8.33, 2.33, 0.00, 0.00, 0.00, 0.00, 90.00, 0, 0
2.00, 5.70, 20.00, 20.00, -3039.43, 20.00, 4.63, 8.89, 2.94, 0.00, 16.97, 26.31, -64.58, 83.00, 0, 0
2.00, 5.70, 20.00, 20.00, -2598.07, 20.00, 4.63, 10.56, 4.52, 24.29, 67.13, 39.64, -53.54, 73.25, 0, 0
2.00, 5.70, 20.00, 20.00, -2781.54, 20.00, 4.63, 10.56, 4.52, 0.00, 56.57, 53.75, -40.76, 64.91, 0, 0
2.00, 5.70, 20.00, 20.00, -2425.54, 20.00, 4.63, 11.67, 5.63, 9.39, 123.57, 68.15, -25.84, 58.65, 0, 0
2.00, 5.70, 20.13, 20.13, -2049.46, 20.00, 4.63, 13.33, 7.22, 12.49, 153.29, 82.66, -8.94, 55.24, 0, 0
2.00, 5.70, 20.17, 20.17, -2101.60, 20.00, 4.63, 13.33, 7.35, 0.00, 135.25, 0.00, 8.79, 55.22, 0, 0
2.00, 5.70, 20.24, 20.24, -1943.25, 20.00, 4.63, 13.89, 7.84, 0.00, 138.78, 0.00, 25.69, 58.60, 0, 0
2.00, 5.70, 20.18, 20.18, -2237.72, 20.00, 4.63, 13.89, 7.84, 0.00, 81.08, 0.00, 40.64, 64.84, 0, 0
2.00, 5.70, 20.18, 20.18, -2124.42, 20.00, 4.63, 13.89, 7.84, 0.00, 74.47, 0.00, 53.43, 73.17, 0, 0
2.00, 5.70, 20.10, 20.10, -2389.64, 20.00, 4.63, 13.33, 7.35, 0.00, 38.48, 0.00, 64.49, 82.91, 0, 0
2.00, 5.70, 19.94, 19.94, -2741.13, 20.00, 4.63, 12.78, 6.73, 0.00, 0.00, 0.00, 0.00, 90.00, 0, 0
2.00, 5.70, 19.80, 19.80, -2900.16, 20.00, 4.63, 12.22, 6.24, 0.00, 0.00, 0.00, 0.00, 90.00, 0, 0
2.00, 5.70, 19.68, 19.68, -3040.20, 20.00, 4.63, 11.67, 5.75, 0.00, 0.00, 0.00, 0.00, 90.00, 0, 0
2.00, 5.70, 19.59, 19.59, -3130.70, 20.00, 4.63, 11.67, 5.63, 0.00, 0.00, 0.00, 0.00, 90.00, 0, 0
2.00, 5.70, 19.50, 19.50, -3246.24, 20.00, 4.63, 11.11, 5.01, 0.00, 0.00, 0.00, 0.00, 90.00, 0, 0
2.00, 5.70, 19.41, 19.41, -3361.79, 20.00, 4.63, 10.56, 4.52, 0.00, 0.00, 0.00, 0.00, 90.00, 0, 0
2.00, 5.70, 19.32, 19.32, -3478.51, 20.00, 4.63, 10.00, 3.91, 0.00, 0.00, 0.00, 0.00, 90.00, 0, 0
2.00, 5.70, 19.23, 19.23, -3596.76, 20.00, 4.63, 9.44, 3.42, 0.00, 0.00, 0.00, 0.00, 90.00, 0, 0
2.00, 5.70, 19.14, 19.14, -3677.79, 20.00, 4.63, 9.44, 3.29, 0.00, 0.00, 0.00, 0.00, 90.00, 0, 0
2.00, 5.70, 19.06, 19.06, -3791.26, 20.00, 4.63, 8.89, 2.81, 0.00, 0.00, 0.00, 0.00, 90.00, 0, 0
2.00, 5.70, 18.96, 18.96, -3909.35, 20.00, 4.63, 8.33, 2.33, 0.00, 0.00, 0.00, 0.00, 90.00, 0, 0
2.00, 5.70, 20.00, 20.00, -4590.71, 20.00, 4.63, 8.33, 2.20, 0.00, 0.00, 0.00, 0.00, 90.00, 0, 0
2.00, 5.70, 20.00, 20.00, -4689.32, 20.00, 4.63, 7.78, 1.71, 0.00, 0.00, 0.00, 0.00, 90.00, 0, 0
2.00, 5.70, 20.00, 20.00, -4794.72, 20.00, 4.63, 7.22, 1.23, 0.00, 0.00, 0.00, 0.00, 90.00, 0, 0
2.00, 5.70, 20.00, 20.00, -4270.41, 20.00, 4.63, 9.44, 3.42, 0.00, 37.71, 26.48, -64.34, 83.22, 0, 0
2.00, 5.70, 20.90, 20.90, 359.34, 20.00, 4.63, 12.22, 6.24, 497.23, 70.81, 39.75, -53.31, 73.49, 0, 0
2.00, 5.70, 21.21, 21.21, -44.37, 20.00, 4.63, 15.00, 8.95, 499.03, 89.40, 53.82, -40.57, 65.18, 0, 0
2.00, 5.70, 21.16, 21.16, -698.39, 20.00, 4.63, 16.67, 10.68, 274.19, 114.26, 68.20, -25.70, 58.95, 0, 0
2.00, 5.70, 21.34, 21.34, -96.48, 20.00, 4.63, 18.33, 12.29, 116.06, 107.54, 82.69, -8.88, 55.55, 0, 0
2.00, 5.70, 21.55, 21.55, 371.46, 20.00, 4.63, 18.89, 12.78, 0.00, 110.67, 0.00, 8.76, 55.54, 0, 0
2.00, 5.70, 21.74, 21.74, 556.96, 20.00, 4.63, 19.44, 13.41, 0.00, 99.41, 0.00, 25.58, 58.91, 0, 0
2.00, 5.70, 21.79, 21.79, 407.06, 20.00, 4.63, 19.44, 13.41, 0.00, 75.01, 0.00, 40.47, 65.12, 0, 0
2.00, 5.70, 21.71, 21.71, 24.40, 20.00, 4.63, 18.89, 12.78, 0.00, 70.01, 0.00, 53.23, 73.43, 0, 0
2.00, 5.70, 21.46, 21.46, -655.27, 20.00, 4.63, 17.22, 11.17, 0.00, 47.14, 0.00, 64.27, 83.15, 0, 0
2.00, 5.70, 21.20, 21.20, -1111.19, 20.00, 4.63, 16.67, 10.55, 0.00, 0.00, 0.00, 0.00, 90.00, 0, 0
2.00, 5.70, 21.00, 21.00, -1343.32, 20.00, 4.63, 16.11, 10.06, 0.00, 0.00, 0.00, 0.00, 90.00, 0, 0
2.00, 5.70, 20.84, 20.84, -1530.49, 20.00, 4.63, 15.56, 9.57, 0.00, 0.00, 0.00, 0.00, 90.00, 0, 0
2.00, 5.70, 20.70, 20.70, -1730.18, 20.00, 4.63, 14.44, 8.46, 0.00, 0.00, 0.00, 0.00, 90.00, 0, 0
2.00, 5.70, 20.58, 20.58, -1884.37, 20.00, 4.63, 13.89, 7.84, 0.00, 0.00, 0.00, 0.00, 90.00, 0, 0
2.00, 5.70, 20.48, 20.48, -2027.60, 20.00, 4.63, 13.33, 7.22, 0.00, 0.00, 0.00, 0.00, 90.00, 0, 0
2.00, 5.70, 20.38, 20.38, -2164.65, 20.00, 4.63, 12.78, 6.73, 0.00, 0.00, 0.00, 0.00, 90.00, 0, 0
2.00, 5.70, 20.28, 20.28, -2298.85, 20.00, 4.63, 12.22, 6.11, 0.00, 0.00, 0.00, 0.00, 90.00, 0, 0
2.00, 5.70, 20.19, 20.19, -2432.03, 20.00, 4.63, 11.67, 5.49, 0.00, 0.00, 0.00, 0.00, 90.00, 0, 0
2.00, 5.70, 20.10, 20.10, -2565.22, 20.00, 4.63, 11.11, 5.01, 0.00, 0.00, 0.00, 0.00, 90.00, 0, 0
2.00, 5.70, 20.00, 20.00, -2699.38, 20.00, 4.63, 10.56, 4.39, 0.00, 0.00, 0.00, 0.00, 90.00, 0, 0
2.00, 5.70, 20.00, 20.00, -3920.20, 20.00, 4.63, 9.44, 3.42, 0.00, 0.00, 0.00, 0.00, 90.00, 0, 0
2.00, 5.70, 20.00, 20.00, -4082.57, 20.00, 4.63, 8.89, 2.81, 0.00, 0.00, 0.00, 0.00, 90.00, 0, 0
2.00, 5.70, 20.00, 20.00, -4217.66, 20.00, 4.63, 8.33, 2.33, 0.00, 0.00, 0.00, 0.00, 90.00, 0, 0
2.00, 5.70, 20.00, 20.00, -3548.92, 20.00, 4.63, 11.11, 5.01, 0.00, 52.80, 26.65, -64.11, 83.44, 0, 0
2.00, 5.70, 20.94, 20.94, 165.02, 20.00, 4.63, 13.33, 7.22, 385.05, 67.79, 39.85, -53.10, 73.73, 0, 0
2.00, 5.70, 21.41, 21.41, 253.72, 20.00, 4.63, 15.56, 9.43, 440.58, 88.76, 53.89, -40.38, 65.44, 0, 0
2.00, 5.70, 21.62, 21.62, 176.22, 20.00, 4.63, 17.78, 11.66, 330.99, 110.52, 68.24, -25.56, 59.24, 0, 0
2.00, 5.70, 21.94, 21.94, 811.40, 20.00, 4.63, 19.44, 13.27, 128.95, 99.39, 82.71, -8.82, 55.86, 0, 0
2.00, 5.70, 22.24, 22.24, 1247.52, 20.00, 4.63, 20.56, 14.39, 0.00, 107.75, 0.00, 8.72, 55.85, 0, 0
2.00, 5.70, 22.39, 22.39, 1211.71, 20.00, 4.63, 20.56, 14.39, 0.00, 110.42, 0.00, 25.47, 59.21, 0, 0
2.00, 5.70, 22.45, 22.45, 1129.10, 20.00, 4.63, 20.56, 14.39, 0.00, 100.84, 0.00, 40.30, 65.40, 0, 0
2.00, 5.70, 22.32, 22.32, 572.55, 20.00, 4.63, 19.44, 13.27, 0.00, 68.09, 0.00, 53.03, 73.68, 0, 0
2.00, 5.70, 22.10, 22.10, 45.28, 20.00, 4.63, 18.33, 12.15, 0.00, 52.80, 0.00, 64.05, 83.38, 0, 0
2.00, 5.70, 21.83, 21.83, -460.19, 20.00, 4.63, 17.22, 11.03, 0.00, 0.00, 0.00, 0.00, 90.00, 0, 0
2.00, 5.70, 21.63, 21.63, -697.49, 20.00, 4.63, 16.67, 10.55, 0.00, 0.00, 0.00, 0.00, 90.00, 0, 0
2.00, 5.70, 21.46, 21.46, -929.15, 20.00, 4.63, 15.56, 9.43, 0.00, 0.00, 0.00, 0.00, 90.00, 0, 0
2.00, 5.70, 21.33, 21.33, -1104.41, 20.00, 4.63, 15.00, 8.81, 0.00, 0.00, 0.00, 0.00, 90.00, 0, 0
2.00, 5.70, 21.20, 21.20, -1301.18, 20.00, 4.63, 13.89, 7.84, 0.00, 0.00, 0.00, 0.00, 90.00, 0, 0
2.00, 5.70, 21.08, 21.08, -1458.04, 20.00, 4.63, 13.33, 7.22, 0.00, 0.00, 0.00, 0.00, 90.00, 0, 0
2.00, 5.70, 20.97, 20.97, -1607.34, 20.00, 4.63, 12.78, 6.59, 0.00, 0.00, 0.00, 0.00, 90.00, 0, 0
2.00, 5.70, 20.86, 20.86, -1791.89, 20.00, 4.63, 11.67, 5.49, 0.00, 0.00, 0.00, 0.00, 90.00, 0, 0
2.00, 5.70, 20.75, 20.75, -1944.62, 20.00, 4.63, 11.11, 4.87, 0.00, 0.00, 0.00, 0.00, 90.00, 0, 0
2.00, 5.70, 20.63, 20.63, -2134.14, 20.00, 4.63, 10.00, 3.77, 0.00, 0.00, 0.00, 0.00, 90.00, 0, 0
2.00, 5.70, 20.51, 20.51, -2292.66, 20.00, 4.63, 9.44, 3.15, 0.00, 0.00, 0.00, 0.00, 90.00, 0, 0
2.00, 5.70, 20.00, 20.00, -3946.19, 20.00, 4.63, 8.33, 2.20, 0.00, 0.00, 0.00, 0.00, 90.00, 0, 0
2.00, 5.70, 20.00, 20.00, -4141.45, 20.00, 4.63, 7.78, 1.58, 0.00, 0.00, 0.00, 0.00, 90.00, 0, 0
2.00, 5.70, 20.00, 20.00, -4392.80, 20.00, 4.63, 6.67, 0.49, 0.00, 0.00, 0.00, 0.00, 90.00, 0, 0
2.00, 5.70, 20.00, 20.00, -3871.34, 20.00, 4.63, 8.89, 2.68, 0.00, 43.37, 26.82, -63.88, 83.66, 0, 0
2.00, 5.70, 21.26, 21.26, 881.43, 20.00, 4.63, 11.67, 5.49, 486.01, 69.46, 39.96, -52.89, 73.97, 0, 0
2.00, 5.70, 21.56, 21.56, -19.04, 20.00, 4.63, 13.33, 7.22, 408.32, 89.98, 53.96, -40.20, 65.71, 0, 0
2.00, 5.70, 21.68, 21.68, -142.18, 20.00, 4.63, 15.56, 9.29, 322.24, 106.71, 68.28, -25.43, 59.53, 0, 0
2.00, 5.70, 21.93, 21.93, 455.15, 20.00, 4.63, 17.22, 11.03, 115.86, 120.16, 82.72, -8.77, 56.17, 0, 0
2.00, 5.70, 22.22, 22.22, 981.47, 20.00, 4.63, 18.33, 11.99, 0.00, 126.51, 0.00, 8.69, 56.17, 0, 0
2.00, 5.70, 22.42, 22.42, 1088.08, 20.00, 4.63, 18.33, 11.99, 0.00, 100.43, 0.00, 25.35, 59.51, 0, 0
2.00, 5.70, 22.45, 22.45, 868.34, 20.00, 4.63, 18.33, 11.99, 0.00, 93.93, 0.00, 40.14, 65.67, 0, 0
2.00, 5.70, 22.32, 22.32, 383.23, 20.00, 4.63, 17.22, 10.88, 0.00, 69.29, 0.00, 52.83, 73.93, 0, 0
2.00, 5.70, 22.09, 22.09, -161.23, 20.00, 4.63, 15.56, 9.29, 0.00, 47.14, 0.00, 63.83, 83.61, 0, 0
2.00, 5.70, 21.84, 21.84, -612.54, 20.00, 4.63, 15.00, 8.81, 0.00, 0.00, 0.00, 0.00, 90.00, 0, 0
2.00, 5.70, 21.64, 21.64, -849.85, 20.00, 4.63, 14.44, 8.18, 0.00, 0.00, 0.00, 0.00, 90.00, 0, 0
2.00, 5.70, 21.47, 21.47, -1087.51, 20.00, 4.63, 13.33, 7.07, 0.00, 0.00, 0.00, 0.00, 90.00, 0, 0
2.00, 5.70, 21.33, 21.33, -1272.20, 20.00, 4.63, 12.78, 6.59, 0.00, 0.00, 0.00, 0.00, 90.00, 0, 0
2.00, 5.70, 21.20, 21.20, -1441.65, 20.00, 4.63, 12.22, 5.97, 0.00, 0.00, 0.00, 0.00, 90.00, 0, 0
2.00, 5.70, 21.08, 21.08, -1602.34, 20.00, 4.63, 11.67, 5.35, 0.00, 0.00, 0.00, 0.00, 90.00, 0, 0
2.00, 5.70, 20.94, 20.94, -1836.29, 20.00, 4.63, 10.00, 4.29, 0.00, 0.00, 0.00, 0.00, 90.00, 0, 0
2.00, 5.70, 20.81, 20.81, -2007.80, 20.00, 4.63, 9.44, 3.67, 0.00, 0.00, 0.00, 0.00, 90.00, 0, 0
2.00, 5.70, 20.69, 20.69, -2174.12, 20.00, 4.63, 8.89, 3.05, 0.00, 0.00, 0.00, 0.00, 90.00, 0, 0
2.00, 5.70, 20.57, 20.57, -2337.77, 20.00, 4.63, 8.33, 2.58, 0.00, 0.00, 0.00, 0.00, 90.00, 0, 0
2.00, 5.70, 20.45, 20.45, -2500.66, 20.00, 4.63, 7.78, 1.96, 0.00, 0.00, 0.00, 0.00, 90.00, 0, 0
2.00, 5.70, 20.00, 20.00, -4225.94, 20.00, 4.63, 7.22, 1.48, 0.00, 0.00, 0.00, 0.00, 90.00, 0, 0
2.00, 5.70, 20.00, 20.00, -4414.19, 20.00, 4.63, 6.67, 0.87, 0.00, 0.00, 0.00, 0.00, 90.00, 0, 0
2.00, 5.70, 20.00, 20.00, -4310.68, 20.00, 4.63, 7.22, 1.48, 0.00, 13.20, 26.99, -63.66, 83.87, 0, 0
2.00, 5.70, 20.00, 20.00, -4163.14, 20.00, 4.63, 7.78, 1.96, 0.00, 33.94, 40.06, -52.69, 74.21, 0, 0
2.00, 5.70, 20.00, 20.00, -3906.89, 20.00, 4.63, 8.33, 2.58, 0.00, 79.19, 54.02, -40.03, 65.97, 0, 0
2.00, 5.70, 20.00, 20.00, -3571.51, 20.00, 4.63, 9.44, 3.67, 3.50, 110.77, 68.31, -25.31, 59.82, 0, 0
2.00, 5.70, 20.00, 20.00, -3668.12, 20.00, 4.63, 9.44, 3.67, 0.00, 82.96, 82.74, -8.72, 56.48, 0, 0
2.00, 5.70, 20.00, 20.00, -3859.92, 20.00, 4.63, 9.44, 3.67, 0.00, 33.94, 0.00, 8.65, 56.47, 0, 0
2.00, 5.70, 19.95, 19.95, -2885.23, 20.00, 4.63, 8.89, 3.05, 0.00, 13.20, 0.00, 25.24, 59.80, 0, 0
2.00, 5.70, 19.89, 19.89, -2955.79, 20.00, 4.63, 8.33, 2.58, 0.00, 24.51, 0.00, 39.97, 65.94, 0, 0
2.00, 5.70, 19.81, 19.81, -3093.18, 20.00, 4.63, 8.33, 2.58, 0.00, 11.31, 0.00, 52.64, 74.17, 0, 0
2.00, 5.70, 19.71, 19.71, -3218.69, 20.00, 4.63, 7.78, 1.96, 0.00, 11.31, 0.00, 63.62, 83.83, 0, 0
2.00, 5.70, 19.61, 19.61, -3364.18, 20.00, 4.63, 7.78, 1.96, 0.00, 0.00, 0.00, 0.00, 90.00, 0, 0
2.00, 5.70, 19.52, 19.52, -3462.98, 20.00, 4.63, 7.78, 1.96, 0.00, 0.00, 0.00, 0.00, 90.00, 0, 0
2.00, 5.70, 19.42, 19.42, -3594.46, 20.00, 4.63, 7.22, 1.34, 0.00, 0.00, 0.00, 0.00, 90.00, 0, 0
2.00, 5.70, 19.32, 19.32, -3690.85, 20.00, 4.63, 7.22, 1.34, 0.00, 0.00, 0.00, 0.00, 90.00, 0, 0
2.00, 5.70, 19.24, 19.24, -3781.69, 20.00, 4.63, 7.22, 1.34, 0.00, 0.00, 0.00, 0.00, 90.00, 0, 0
2.00, 5.70, 19.14, 19.14, -3908.18, 20.00, 4.63, 6.67, 0.72, 0.00, 0.00, 0.00, 0.00, 90.00, 0, 0
2.00, 5.70, 19.05, 19.05, -4001.20, 20.00, 4.63, 6.67, 0.72, 0.00, 0.00, 0.00, 0.00, 90.00, 0, 0
2.00, 5.70, 18.95, 18.95, -4129.23, 20.00, 4.63, 6.11, 0.10, 0.00, 0.00, 0.00, 0.00, 90.00, 0, 0
2.00, 5.70, 18.83, 18.83, -4302.59, 20.00, 4.63, 5.00, -0.98, 0.00, 0.00, 0.00, 0.00, 90.00, 0, 0
2.00, 5.70, 18.70, 18.70, -4449.89, 20.00, 4.63, 4.44, -1.60, 0.00, 0.00, 0.00, 0.00, 90.00, 0, 0
2.00, 5.70, 18.57, 18.57, -4638.21, 20.00, 4.63, 3.33, -2.67, 0.00, 0.00, 0.00, 0.00, 90.00, 0, 0
2.00, 5.70, 18.43, 18.43, -4797.80, 20.00, 4.63, 2.78, -3.29, 0.00, 0.00, 0.00, 0.00, 90.00, 0, 0
2.00, 5.70, 20.00, 20.00, -5873.88, 20.00, 4.63, 2.22, -3.75, 0.00, 0.00, 0.00, 0.00, 90.00, 0, 0
2.00, 5.70, 20.00, 20.00, -6090.62, 20.00, 4.63, 1.11, -4.96, 0.00, 0.00, 0.00, 0.00, 90.00, 0, 0
2.00, 5.70, 20.00, 20.00, -5584.51, 20.00, 4.63, 3.33, -2.67, 0.00, 32.05, 27.16, -63.45, 84.09, 0, 0
2.00, 5.70, 20.13, 20.13, -2032.84, 20.00, 4.63, 6.11, 0.10, 388.14, 69.93, 40.16, -52.49, 74.44, 0, 0
2.00, 5.70, 20.24, 20.24, -1902.81, 20.00, 4.63, 9.44, 3.52, 449.66, 97.19, 54.08, -39.86, 66.23, 0, 0
2.00, 5.70, 20.09, 20.09, -2531.38, 20.00, 4.63, 11.67, 5.72, 271.21, 112.01, 68.35, -25.19, 60.10, 0, 0
2.00, 5.70, 20.15, 20.15, -2139.73, 20.00, 4.63, 13.33, 7.45, 97.16, 116.55, 82.75, -8.68, 56.78, 0, 0
2.00, 5.70, 20.37, 20.37, -1559.23, 20.00, 4.63, 14.44, 8.56, 0.00, 107.86, 0.00, 8.60, 56.77, 0, 0
2.00, 5.70, 20.66, 20.66, -777.10, 20.00, 4.63, 15.00, 9.19, 0.00, 117.31, 0.00, 25.12, 60.08, 0, 0
2.00, 5.70, 20.69, 20.69, -1126.46, 20.00, 4.63, 14.44, 8.56, 0.00, 108.72, 0.00, 39.80, 66.20, 0, 0
2.00, 5.70, 20.61, 20.61, -1452.34, 20.00, 4.63, 13.33, 7.45, 0.00, 70.19, 0.00, 52.44, 74.41, 0, 0
2.00, 5.70, 20.35, 20.35, -2112.59, 20.00, 4.63, 11.67, 5.72, 0.00, 33.94, 0.00, 63.40, 84.04, 0, 0
2.00, 5.70, 20.10, 20.10, -2515.79, 20.00, 4.63, 11.11, 5.24, 0.00, 0.00, 0.00, 0.00, 90.00, 0, 0
2.00, 5.70, 19.90, 19.90, -2749.07, 20.00, 4.63, 10.56, 4.62, 0.00, 0.00, 0.00, 0.00, 90.00, 0, 0
2.00, 5.70, 19.72, 19.72, -2984.33, 20.00, 4.63, 9.44, 3.52, 0.00, 0.00, 0.00, 0.00, 90.00, 0, 0
2.00, 5.70, 19.57, 19.57, -3167.42, 20.00, 4.63, 8.89, 3.05, 0.00, 0.00, 0.00, 0.00, 90.00, 0, 0
2.00, 5.70, 19.43, 19.43, -3335.93, 20.00, 4.63, 8.33, 2.43, 0.00, 0.00, 0.00, 0.00, 90.00, 0, 0
2.00, 5.70, 19.30, 19.30, -3496.17, 20.00, 4.63, 7.78, 1.81, 0.00, 0.00, 0.00, 0.00, 90.00, 0, 0
2.00, 5.70, 19.18, 19.18, -3652.05, 20.00, 4.63, 7.22, 1.19, 0.00, 0.00, 0.00, 0.00, 90.00, 0, 0
2.00, 5.70, 19.06, 19.06, -3805.94, 20.00, 4.63, 6.67, 0.56, 0.00, 0.00, 0.00, 0.00, 90.00, 0, 0
2.00, 5.70, 18.94, 18.94, -3959.14, 20.00, 4.63, 6.11, 0.10, 0.00, 0.00, 0.00, 0.00, 90.00, 0, 0
2.00, 5.70, 18.82, 18.82, -4112.79, 20.00, 4.63, 5.56, -0.52, 0.00, 0.00, 0.00, 0.00, 90.00, 0, 0
2.00, 5.70, 18.69, 18.69, -4306.99, 20.00, 4.63, 4.44, -1.60, 0.00, 0.00, 0.00, 0.00, 90.00, 0, 0
2.00, 5.70, 18.55, 18.55, -4471.90, 20.00, 4.63, 3.89, -2.06, 0.00, 0.00, 0.00, 0.00, 90.00, 0, 0
2.00, 5.70, 20.00, 20.00, -5504.63, 20.00, 4.63, 3.33, -2.67, 0.00, 0.00, 0.00, 0.00, 90.00, 0, 0
2.00, 5.70, 20.00, 20.00, -5623.52, 20.00, 4.63, 2.78, -3.29, 0.00, 0.00, 0.00, 0.00, 90.00, 0, 0
2.00, 5.70, 20.00, 20.00, -5116.28, 20.00, 4.63, 5.00, -0.98, 0.00, 33.94, 27.32, -63.24, 84.30, 0, 0
2.00, 5.70, 20.00, 20.00, -2583.15, 20.00, 4.63, 7.22, 1.19, 272.03, 64.42, 40.26, -52.30, 74.68, 0, 0
2.00, 5.70, 20.00, 20.00, -2598.56, 20.00, 4.63, 9.44, 3.52, 288.26, 98.51, 54.14, -39.70, 66.49, 0, 0
2.00, 5.70, 20.00, 20.00, -2750.35, 20.00, 4.63, 11.67, 5.72, 168.55, 128.98, 68.38, -25.08, 60.39, 0, 0
2.00, 5.70, 20.02, 20.02, -2319.93, 20.00, 4.63, 13.33, 7.29, 58.87, 154.79, 82.76, -8.64, 57.08, 0, 0
2.00, 5.70, 20.04, 20.04, -2276.51, 20.00, 4.63, 13.89, 7.92, 0.00, 167.62, 0.00, 8.56, 57.07, 0, 0
2.00, 5.70, 20.27, 20.27, -1356.01, 20.00, 4.63, 14.44, 8.56, 0.00, 135.89, 0.00, 25.00, 60.36, 0, 0
2.00, 5.70, 20.37, 20.37, -1402.55, 20.00, 4.63, 14.44, 8.56, 0.00, 102.81, 0.00, 39.64, 66.46, 0, 0
2.00, 5.70, 20.27, 20.27, -1871.95, 20.00, 4.63, 13.33, 7.45, 0.00, 69.63, 0.00, 52.25, 74.64, 0, 0
2.00, 5.70, 20.03, 20.03, -2460.94, 20.00, 4.63, 11.67, 5.72, 0.00, 20.74, 0.00, 63.19, 84.25, 0, 0
2.00, 5.70, 19.81, 19.81, -2785.13, 20.00, 4.63, 11.11, 5.24, 0.00, 0.00, 0.00, 0.00, 90.00, 0, 0
2.00, 5.70, 19.63, 19.63, -2993.34, 20.00, 4.63, 10.56, 4.62, 0.00, 0.00, 0.00, 0.00, 90.00, 0, 0
2.00, 5.70, 19.47, 19.47, -3211.38, 20.00, 4.63, 9.44, 3.52, 0.00, 0.00, 0.00, 0.00, 90.00, 0, 0
2.00, 5.70, 19.32, 19.32, -3382.52, 20.00, 4.63, 8.89, 2.90, 0.00, 0.00, 0.00, 0.00, 90.00, 0, 0
2.00, 5.70, 19.20, 19.20, -3542.15, 20.00, 4.63, 8.33, 2.43, 0.00, 0.00, 0.00, 0.00, 90.00, 0, 0
2.00, 5.70, 19.08, 19.08, -3695.77, 20.00, 4.63, 7.78, 1.81, 0.00, 0.00, 0.00, 0.00, 90.00, 0, 0
2.00, 5.70, 18.96, 18.96, -3846.47, 20.00, 4.63, 7.22, 1.19, 0.00, 0.00, 0.00, 0.00, 90.00, 0, 0
2.00, 5.70, 18.84, 18.84, -3996.17, 20.00, 4.63, 6.67, 0.56, 0.00, 0.00, 0.00, 0.00, 90.00, 0, 0
2.00, 5.70, 18.71, 18.71, -4185.38, 20.00, 4.63, 5.56, -0.36, 0.00, 0.00, 0.00, 0.00, 90.00, 0, 0
2.00, 5.70, 18.59, 18.59, -4345.11, 20.00, 4.63, 5.00, -0.98, 0.00, 0.00, 0.00, 0.00, 90.00, 0, 0
2.00, 5.70, 18.46, 18.46, -4503.95, 20.00, 4.63, 4.44, -1.60, 0.00, 0.00, 0.00, 0.00, 90.00, 0, 0
2.00, 5.70, 18.33, 18.33, -4663.04, 20.00, 4.63, 3.89, -2.21, 0.00, 0.00, 0.00, 0.00, 90.00, 0, 0
2.00, 5.70, 20.00, 20.00, -3618.12, 20.00, 4.63, 3.33, -2.67, 0.00, 0.00, 0.00, 0.00, 90.00, 0, 0
2.00, 5.70, 20.00, 20.00, -3686.20, 20.00, 4.63, 2.78, -3.29, 0.00, 0.00, 0.00, 0.00, 90.00, 0, 0
2.00, 5.70, 20.00, 20.00, -3453.14, 20.00, 4.63, 5.00, -0.98, 0.00, 39.60, 27.47, -63.04, 84.51, 0, 0
2.00, 5.70, 20.41, 20.41, -701.25, 20.00, 4.63, 7.22, 1.19, 312.52, 65.72, 40.35, -52.12, 74.91, 0, 0
2.00, 5.70, 20.64, 20.64, -625.59, 20.00, 4.63, 10.00, 4.15, 400.45, 97.57, 54.20, -39.55, 66.75, 0, 0
2.00, 5.70, 20.48, 20.48, -1486.16, 20.00, 4.63, 12.22, 6.35, 207.83, 128.33, 68.40, -24.97, 60.66, 0, 0
2.00, 5.70, 20.51, 20.51, -1190.45, 20.00, 4.63, 13.89, 8.08, 97.80, 127.58, 82.76, -8.61, 57.37, 0, 0
2.00, 5.70, 20.54, 20.54, -1179.25, 20.00, 4.63, 15.00, 9.03, 0.00, 154.59, 0.00, 8.51, 57.36, 0, 0
2.00, 5.70, 20.53, 20.53, -1282.08, 20.00, 4.63, 15.00, 9.19, 0.00, 142.44, 0.00, 24.88, 60.64, 0, 0
2.00, 5.70, 20.54, 20.54, -1269.89, 20.00, 4.63, 15.00, 9.19, 0.00, 100.94, 0.00, 39.47, 66.71, 0, 0
2.00, 5.70, 20.38, 20.38, -1792.21, 20.00, 4.63, 13.89, 8.08, 0.00, 66.93, 0.00, 52.05, 74.86, 0, 0
2.00, 5.70, 20.12, 20.12, -2334.36, 20.00, 4.63, 12.22, 6.35, 0.00, 37.71, 0.00, 62.98, 84.45, 0, 0
2.00, 5.70, 19.87, 19.87, -2737.21, 20.00, 4.63, 11.67, 5.72, 0.00, 0.00, 0.00, 0.00, 90.00, 0, 0
2.00, 5.70, 19.66, 19.66, -2998.95, 20.00, 4.63, 10.56, 4.77, 0.00, 0.00, 0.00, 0.00, 90.00, 0, 0
2.00, 5.70, 19.49, 19.49, -3194.60, 20.00, 4.63, 10.00, 4.15, 0.00, 0.00, 0.00, 0.00, 90.00, 0, 0
2.00, 5.70, 19.34, 19.34, -3367.27, 20.00, 4.63, 9.44, 3.52, 0.00, 0.00, 0.00, 0.00, 90.00, 0, 0
2.00, 5.70, 19.21, 19.21, -3526.92, 20.00, 4.63, 8.89, 2.90, 0.00, 0.00, 0.00, 0.00, 90.00, 0, 0
2.00, 5.70, 19.07, 19.07, -3718.88, 20.00, 4.63, 7.78, 1.81, 0.00, 0.00, 0.00, 0.00, 90.00, 0, 0
2.00, 5.70, 18.95, 18.95, -3876.80, 20.00, 4.63, 7.22, 1.34, 0.00, 0.00, 0.00, 0.00, 90.00, 0, 0
2.00, 5.70, 18.83, 18.83, -4031.16, 20.00, 4.63, 6.67, 0.72, 0.00, 0.00, 0.00, 0.00, 90.00, 0, 0
2.00, 5.70, 18.71, 18.71, -4184.07, 20.00, 4.63, 6.11, 0.10, 0.00, 0.00, 0.00, 0.00, 90.00, 0, 0
2.00, 5.70, 18.58, 18.58, -4336.77, 20.00, 4.63, 5.56, -0.36, 0.00, 0.00, 0.00, 0.00, 90.00, 0, 0
2.00, 5.70, 18.46, 18.46, -4490.28, 20.00, 4.63, 5.00, -0.98, 0.00, 0.00, 0.00, 0.00, 90.00, 0, 0
2.00, 5.70, 18.34, 18.34, -4645.01, 20.00, 4.63, 4.44, -1.60, 0.00, 0.00, 0.00, 0.00, 90.00, 0, 0
2.00, 5.70, 20.00, 20.00, -5403.36, 20.00, 4.63, 3.89, -2.06, 0.00, 0.00, 0.00, 0.00, 90.00, 0, 0
2.00, 5.70, 20.00, 20.00, -5520.17, 20.00, 4.63, 3.33, -2.67, 0.00, 0.00, 0.00, 0.00, 90.00, 0, 0
2.00, 5.70, 20.00, 20.00, -4884.61, 20.00, 4.63, 6.11, 0.10, 0.00, 41.48, 27.63, -62.84, 84.72, 0, 0
2.00, 5.70, 20.10, 20.10, -1919.42, 20.00, 4.63, 8.33, 2.43, 324.11, 64.51, 40.44, -51.94, 75.14, 0, 0
2.00, 5.70, 20.21, 20.21, -1721.09, 20.00, 4.63, 10.56, 4.77, 411.01, 85.86, 54.25, -39.40, 67.00, 0, 0
2.00, 5.70, 20.12, 20.12, -2191.28, 20.00, 4.63, 12.78, 6.97, 276.04, 103.42, 68.43, -24.87, 60.94, 0, 0
2.00, 5.70, 20.19, 20.19, -1889.37, 20.00, 4.63, 14.44, 8.56, 84.67, 122.97, 82.76, -8.58, 57.65, 0, 0
2.00, 5.70, 20.48, 20.48, -1094.85, 20.00, 4.63, 16.11, 10.30, 0.00, 114.24, 0.00, 8.46, 57.64, 0, 0
2.00, 5.70, 20.71, 20.71, -595.07, 20.00, 4.63, 16.67, 10.78, 0.00, 102.25, 0.00, 24.76, 60.91, 0, 0
2.00, 5.70, 20.74, 20.74, -895.93, 20.00, 4.63, 16.11, 10.30, 0.00, 99.30, 0.00, 39.30, 66.95, 0, 0
2.00, 5.70, 20.61, 20.61, -1372.95, 20.00, 4.63, 15.00, 9.19, 0.00, 71.81, 0.00, 51.86, 75.08, 0, 0
2.00, 5.70, 20.33, 20.33, -2043.20, 20.00, 4.63, 13.33, 7.45, 0.00, 15.08, 0.00, 62.77, 84.65, 0, 0
2.00, 5.70, 20.09, 20.09, -2369.90, 20.00, 4.63, 12.78, 6.97, 0.00, 0.00, 0.00, 0.00, 90.00, 0, 0
2.00, 5.70, 19.89, 19.89, -2629.30, 20.00, 4.63, 11.67, 5.87, 0.00, 0.00, 0.00, 0.00, 90.00, 0, 0
2.00, 5.70, 19.73, 19.73, -2823.32, 20.00, 4.63, 11.11, 5.39, 0.00, 0.00, 0.00, 0.00, 90.00, 0, 0
2.00, 5.70, 19.59, 19.59, -2994.81, 20.00, 4.63, 10.56, 4.77, 0.00, 0.00, 0.00, 0.00, 90.00, 0, 0
2.00, 5.70, 19.46, 19.46, -3153.27, 20.00, 4.63, 10.00, 4.15, 0.00, 0.00, 0.00, 0.00, 90.00, 0, 0
2.00, 5.70, 19.35, 19.35, -3304.48, 20.00, 4.63, 9.44, 3.52, 0.00, 0.00, 0.00, 0.00, 90.00, 0, 0
2.00, 5.70, 19.24, 19.24, -3451.77, 20.00, 4.63, 8.89, 3.05, 0.00, 0.00, 0.00, 0.00, 90.00, 0, 0
2.00, 5.70, 19.13, 19.13, -3597.50, 20.00, 4.63, 8.33, 2.43, 0.00, 0.00, 0.00, 0.00, 90.00, 0, 0
2.00, 5.70, 19.01, 19.01, -3782.37, 20.00, 4.63, 7.22, 1.34, 0.00, 0.00, 0.00, 0.00, 90.00, 0, 0
2.00, 5.70, 18.89, 18.89, -3937.45, 20.00, 4.63, 6.67, 0.72, 0.00, 0.00, 0.00, 0.00, 90.00, 0, 0
2.00, 5.70, 18.77, 18.77, -4091.29, 20.00, 4.63, 6.11, 0.25, 0.00, 0.00, 0.00, 0.00, 90.00, 0, 0
2.00, 5.70, 18.65, 18.65, -4245.34, 20.00, 4.63, 5.56, -0.36, 0.00, 0.00, 0.00, 0.00, 90.00, 0, 0
2.00, 5.70, 20.00, 20.00, -5090.80, 20.00, 4.63, 5.00, -0.98, 0.00, 0.00, 0.00, 0.00, 90.00, 0, 0
2.00, 5.70, 20.00, 20.00, -5213.76, 20.00, 4.63, 4.44, -1.44, 0.00, 0.00, 0.00, 0.00, 90.00, 0, 0
2.00, 5.70, 20.00, 20.00, -4681.51, 20.00, 4.63, 6.67, 0.87, 0.00, 41.48, 27.78, -62.65, 84.94, 0, 0
2.00, 5.70, 20.51, 20.51, -708.25, 20.00, 4.63, 8.89, 3.05, 429.18, 57.34, 40.53, -51.77, 75.37, 0, 0
2.00, 5.70, 20.53, 20.53, -1424.90, 20.00, 4.63, 11.67, 5.87, 346.10, 89.64, 54.30, -39.26, 67.25, 0, 0
2.00, 5.70, 20.48, 20.48, -1637.46, 20.00, 4.63, 13.89, 8.08, 281.58, 104.96, 68.45, -24.78, 61.21, 0, 0
2.00, 5.70, 20.49, 20.49, -1533.43, 20.00, 4.63, 15.00, 9.19, 64.02, 146.91, 82.76, -8.55, 57.94, 0, 0
2.00, 5.70, 20.71, 20.71, -905.43, 20.00, 4.63, 16.11, 10.30, 0.00, 128.59, 0.00, 8.40, 57.92, 0, 0
2.00, 5.70, 20.86, 20.86, -595.92, 20.00, 4.63, 16.67, 10.93, 0.00, 134.32, 0.00, 24.64, 61.17, 0, 0
2.00, 5.70, 20.86, 20.86, -870.05, 20.00, 4.63, 16.11, 10.30, 0.00, 97.53, 0.00, 39.14, 67.19, 0, 0
2.00, 5.70, 20.74, 20.74, -1242.50, 20.00, 4.63, 15.00, 9.19, 0.00, 62.89, 0.00, 51.66, 75.30, 0, 0
2.00, 5.70, 20.50, 20.50, -1819.26, 20.00, 4.63, 13.33, 7.60, 0.00, 28.28, 0.00, 62.56, 84.85, 0, 0
2.00, 5.70, 20.27, 20.27, -2183.86, 20.00, 4.63, 12.78, 6.97, 0.00, 0.00, 0.00, 0.00, 90.00, 0, 0
2.00, 5.70, 20.09, 20.09, -2403.03, 20.00, 4.63, 12.22, 6.35, 0.00, 0.00, 0.00, 0.00, 90.00, 0, 0
2.00, 5.70, 19.93, 19.93, -2588.83, 20.00, 4.63, 11.67, 5.87, 0.00, 0.00, 0.00, 0.00, 90.00, 0, 0
2.00, 5.70, 19.79, 19.79, -2794.63, 20.00, 4.63, 10.56, 4.77, 0.00, 0.00, 0.00, 0.00, 90.00, 0, 0
2.00, 5.70, 19.66, 19.66, -2959.26, 20.00, 4.63, 10.00, 4.15, 0.00, 0.00, 0.00, 0.00, 90.00, 0, 0
2.00, 5.70, 19.54, 19.54, -3115.50, 20.00, 4.63, 9.44, 3.67, 0.00, 0.00, 0.00, 0.00, 90.00, 0, 0
2.00, 5.70, 19.43, 19.43, -3267.42, 20.00, 4.63, 8.89, 3.05, 0.00, 0.00, 0.00, 0.00, 90.00, 0, 0
2.00, 5.70, 19.32, 19.32, -3417.37, 20.00, 4.63, 8.33, 2.43, 0.00, 0.00, 0.00, 0.00, 90.00, 0, 0
2.00, 5.70, 19.19, 19.19, -3606.23, 20.00, 4.63, 7.22, 1.34, 0.00, 0.00, 0.00, 0.00, 90.00, 0, 0
2.00, 5.70, 19.07, 19.07, -3765.00, 20.00, 4.63, 6.67, 0.87, 0.00, 0.00, 0.00, 0.00, 90.00, 0, 0
2.00, 5.70, 18.95, 18.95, -3922.60, 20.00, 4.63, 6.11, 0.25, 0.00, 0.00, 0.00, 0.00, 90.00, 0, 0
2.00, 5.70, 18.83, 18.83, -4080.18, 20.00, 4.63, 5.56, -0.36, 0.00, 0.00, 0.00, 0.00, 90.00, 0, 0
2.00, 5.70, 20.00, 20.00, -5140.18, 20.00, 4.63, 4.44, -1.44, 0.00, 0.00, 0.00, 0.00, 90.00, 0, 0
2.00, 5.70, 20.00, 20.00, -5275.51, 20.00, 4.63, 3.89, -1.91, 0.00, 0.00, 0.00, 0.00, 90.00, 0, 0
2.00, 5.70, 20.00, 20.00, -4774.32, 20.00, 4.63, 6.11, 0.25, 0.00, 33.94, 27.93, -62.46, 85.14, 0, 0
2.00, 5.70, 20.56, 20.56, -644.62, 20.00, 4.63, 8.89, 3.05, 428.64, 54.65, 40.62, -51.60, 75.60, 0, 0
2.00, 5.70, 20.58, 20.58, -1405.80, 20.00, 4.63, 11.11, 5.39, 356.75, 85.34, 54.34, -39.12, 67.50, 0, 0
2.00, 5.70, 20.49, 20.49, -1758.62, 20.00, 4.63, 13.33, 7.60, 246.63, 112.02, 68.47, -24.69, 61.48, 0, 0
2.00, 5.70, 20.67, 20.67, -1082.86, 20.00, 4.63, 15.56, 9.82, 113.01, 116.12, 82.75, -8.53, 58.22, 0, 0
2.00, 5.70, 20.93, 20.93, -578.43, 20.00, 4.63, 16.67, 11.08, 0.00, 93.68, 0.00, 8.35, 58.20, 0, 0
2.00, 5.70, 21.17, 21.17, -92.13, 20.00, 4.63, 17.22, 11.57, 0.00, 105.23, 0.00, 24.52, 61.43, 0, 0
2.00, 5.70, 21.22, 21.22, -325.97, 20.00, 4.63, 17.22, 11.57, 0.00, 83.85, 0.00, 38.97, 67.42, 0, 0
2.00, 5.70, 21.11, 21.11, -757.40, 20.00, 4.63, 16.11, 10.45, 0.00, 58.96, 0.00, 51.47, 75.50, 0, 0
2.00, 5.70, 20.84, 20.84, -1465.37, 20.00, 4.63, 13.89, 8.37, 0.00, 22.63, 0.00, 62.35, 85.03, 0, 0
2.00, 5.70, 20.59, 20.59, -1835.13, 20.00, 4.63, 13.33, 7.74, 0.00, 0.00, 0.00, 0.00, 90.00, 0, 0
2.00, 5.70, 20.41, 20.41, -2030.38, 20.00, 4.63, 13.33, 7.74, 0.00, 0.00, 0.00, 0.00, 90.00, 0, 0
2.00, 5.70, 20.26, 20.26, -2217.30, 20.00, 4.63, 12.78, 7.12, 0.00, 0.00, 0.00, 0.00, 90.00, 0, 0
2.00, 5.70, 20.13, 20.13, -2383.43, 20.00, 4.63, 12.22, 6.64, 0.00, 0.00, 0.00, 0.00, 90.00, 0, 0
2.00, 5.70, 20.01, 20.01, -2537.55, 20.00, 4.63, 11.67, 6.01, 0.00, 0.00, 0.00, 0.00, 90.00, 0, 0
2.00, 5.70, 19.90, 19.90, -2684.59, 20.00, 4.63, 11.11, 5.53, 0.00, 0.00, 0.00, 0.00, 90.00, 0, 0
2.00, 5.70, 19.80, 19.80, -2827.81, 20.00, 4.63, 10.56, 5.05, 0.00, 0.00, 0.00, 0.00, 90.00, 0, 0
2.00, 5.70, 19.71, 19.71, -2930.08, 20.00, 4.63, 10.56, 4.91, 0.00, 0.00, 0.00, 0.00, 90.00, 0, 0
2.00, 5.70, 19.61, 19.61, -3062.03, 20.00, 4.63, 10.00, 4.43, 0.00, 0.00, 0.00, 0.00, 90.00, 0, 0
2.00, 5.70, 19.52, 19.52, -3196.66, 20.00, 4.63, 9.44, 3.81, 0.00, 0.00, 0.00, 0.00, 90.00, 0, 0
2.00, 5.70, 19.43, 19.43, -3294.10, 20.00, 4.63, 9.44, 3.81, 0.00, 0.00, 0.00, 0.00, 90.00, 0, 0
2.00, 5.70, 19.34, 19.34, -3423.83, 20.00, 4.63, 8.89, 3.33, 0.00, 0.00, 0.00, 0.00, 90.00, 0, 0
2.00, 5.70, 20.00, 20.00, -4180.56, 20.00, 4.63, 8.89, 3.33, 0.00, 0.00, 0.00, 0.00, 90.00, 0, 0
2.00, 5.70, 20.00, 20.00, -4307.76, 20.00, 4.63, 8.33, 2.84, 0.00, 0.00, 0.00, 0.00, 90.00, 0, 0
2.00, 5.70, 20.00, 20.00, -3934.14, 20.00, 4.63, 10.00, 4.43, 0.00, 26.40, 28.07, -62.28, 85.35, 0, 0
2.00, 5.70, 20.66, 20.66, -466.25, 20.00, 4.63, 12.22, 6.77, 342.02, 56.35, 40.70, -51.44, 75.83, 0, 0
2.00, 5.70, 20.91, 20.91, -688.67, 20.00, 4.63, 15.00, 9.48, 292.09, 90.37, 54.38, -38.99, 67.75, 0, 0
2.00, 5.70, 20.91, 20.91, -1065.20, 20.00, 4.63, 16.67, 11.22, 122.66, 136.25, 68.48, -24.61, 61.74, 0, 0
2.00, 5.70, 21.14, 21.14, -394.70, 20.00, 4.63, 18.33, 12.96, 75.30, 135.46, 82.74, -8.52, 58.49, 0, 0
2.00, 5.70, 21.53, 21.53, 461.38, 20.00, 4.63, 20.00, 14.58, 0.00, 129.59, 0.00, 8.29, 58.47, 0, 0
2.00, 5.70, 21.70, 21.70, 460.96, 20.00, 4.63, 20.56, 15.21, 0.00, 90.98, 0.00, 24.40, 61.68, 0, 0
2.00, 5.70, 21.77, 21.77, 370.10, 20.00, 4.63, 21.11, 15.71, 0.00, 92.99, 0.00, 38.80, 67.65, 0, 0
2.00, 5.70, 21.62, 21.62, -244.93, 20.00, 4.63, 19.44, 14.09, 0.00, 63.01, 0.00, 51.28, 75.71, 0, 0
2.00, 5.70, 21.40, 21.40, -722.44, 20.00, 4.63, 17.78, 12.47, 0.00, 37.71, 0.00, 62.14, 85.21, 0, 0
2.00, 5.70, 21.17, 21.17, -1108.08, 20.00, 4.63, 17.22, 11.84, 0.00, 0.00, 0.00, 0.00, 90.00, 0, 0
2.00, 5.70, 21.00, 21.00, -1312.87, 20.00, 4.63, 16.67, 11.35, 0.00, 0.00, 0.00, 0.00, 90.00, 0, 0
2.00, 5.70, 20.87, 20.87, -1481.21, 20.00, 4.63, 16.11, 10.73, 0.00, 0.00, 0.00, 0.00, 90.00, 0, 0
2.00, 5.70, 20.75, 20.75, -1628.34, 20.00, 4.63, 15.56, 10.10, 0.00, 0.00, 0.00, 0.00, 90.00, 0, 0
2.00, 5.70, 20.66, 20.66, -1763.35, 20.00, 4.63, 15.00, 9.61, 0.00, 0.00, 0.00, 0.00, 90.00, 0, 0
2.00, 5.70, 20.56, 20.56, -1891.93, 20.00, 4.63, 14.44, 8.99, 0.00, 0.00, 0.00, 0.00, 90.00, 0, 0
2.00, 5.70, 20.48, 20.48, -2017.31, 20.00, 4.63, 13.89, 8.37, 0.00, 0.00, 0.00, 0.00, 90.00, 0, 0
2.00, 5.70, 20.38, 20.38, -2180.56, 20.00, 4.63, 12.78, 7.39, 0.00, 0.00, 0.00, 0.00, 90.00, 0, 0
2.00, 5.70, 20.28, 20.28, -2313.94, 20.00, 4.63, 12.22, 6.77, 0.00, 0.00, 0.00, 0.00, 90.00, 0, 0
2.00, 5.70, 20.19, 20.19, -2446.12, 20.00, 4.63, 11.67, 6.15, 0.00, 0.00, 0.00, 0.00, 90.00, 0, 0
2.00, 5.70, 20.08, 20.08, -2617.73, 20.00, 4.63, 10.56, 5.05, 0.00, 0.00, 0.00, 0.00, 90.00, 0, 0
2.00, 5.70, 19.98, 19.98, -2760.12, 20.00, 4.63, 10.00, 4.56, 0.00, 0.00, 0.00, 0.00, 90.00, 0, 0
2.00, 5.70, 20.00, 20.00, -3901.57, 20.00, 4.63, 9.44, 3.94, 0.00, 0.00, 0.00, 0.00, 90.00, 0, 0
2.00, 5.70, 20.00, 20.00, -4137.83, 20.00, 4.63, 8.33, 2.84, 0.00, 0.00, 0.00, 0.00, 90.00, 0, 0
2.00, 5.70, 20.00, 20.00, -3638.20, 20.00, 4.63, 10.56, 5.17, 0.00, 35.83, 28.21, -62.11, 85.56, 0, 0
2.00, 5.70, 21.47, 21.47, 1783.58, 20.00, 4.63, 13.33, 8.00, 532.74, 47.70, 40.77, -51.29, 76.05, 0, 0
2.00, 5.70, 21.92, 21.92, 1024.06, 20.00, 4.63, 16.11, 10.73, 431.30, 78.74, 54.42, -38.87, 67.99, 0, 0
2.00, 5.70, 21.88, 21.88, 177.15, 20.00, 4.63, 17.78, 12.47, 179.27, 127.25, 68.49, -24.53, 62.00, 0, 0
2.00, 5.70, 22.08, 22.08, 821.26, 20.00, 4.63, 19.44, 14.21, 100.96, 124.19, 82.73, -8.51, 58.76, 0, 0
2.00, 5.70, 22.35, 22.35, 1310.07, 20.00, 4.63, 21.11, 15.84, 0.00, 112.97, 0.00, 8.22, 58.73, 0, 0
2.00, 5.70, 22.39, 22.39, 990.09, 20.00, 4.63, 21.11, 15.84, 0.00, 128.01, 0.00, 24.27, 61.92, 0, 0
2.00, 5.70, 22.40, 22.40, 913.13, 20.00, 4.63, 21.11, 15.84, 0.00, 82.65, 0.00, 38.64, 67.87, 0, 0
2.00, 5.70, 22.30, 22.30, 542.07, 20.00, 4.63, 20.00, 14.84, 0.00, 59.17, 0.00, 51.09, 75.90, 0, 0
2.00, 5.70, 22.06, 22.06, -98.87, 20.00, 4.63, 17.78, 12.59, 0.00, 30.17, 0.00, 61.94, 85.39, 0, 0
2.00, 5.70, 21.83, 21.83, -437.11, 20.00, 4.63, 17.78, 12.59, 0.00, 0.00, 0.00, 0.00, 90.00, 0, 0
2.00, 5.70, 21.66, 21.66, -647.98, 20.00, 4.63, 17.22, 11.97, 0.00, 0.00, 0.00, 0.00, 90.00, 0, 0
2.00, 5.70, 21.53, 21.53, -823.73, 20.00, 4.63, 16.67, 11.47, 0.00, 0.00, 0.00, 0.00, 90.00, 0, 0
2.00, 5.70, 21.41, 21.41, -978.98, 20.00, 4.63, 16.11, 10.85, 0.00, 0.00, 0.00, 0.00, 90.00, 0, 0
2.00, 5.70, 21.31, 21.31, -1122.19, 20.00, 4.63, 15.56, 10.35, 0.00, 0.00, 0.00, 0.00, 90.00, 0, 0
2.00, 5.70, 21.22, 21.22, -1258.60, 20.00, 4.63, 15.00, 9.85, 0.00, 0.00, 0.00, 0.00, 90.00, 0, 0
2.00, 5.70, 21.13, 21.13, -1391.53, 20.00, 4.63, 14.44, 9.24, 0.00, 0.00, 0.00, 0.00, 90.00, 0, 0
2.00, 5.70, 21.05, 21.05, -1483.82, 20.00, 4.63, 14.44, 9.12, 0.00, 0.00, 0.00, 0.00, 90.00, 0, 0
2.00, 5.70, 20.97, 20.97, -1605.74, 20.00, 4.63, 13.89, 8.62, 0.00, 0.00, 0.00, 0.00, 90.00, 0, 0
2.00, 5.70, 20.89, 20.89, -1730.30, 20.00, 4.63, 13.33, 8.12, 0.00, 0.00, 0.00, 0.00, 90.00, 0, 0
2.00, 5.70, 20.82, 20.82, -1818.02, 20.00, 4.63, 13.33, 8.12, 0.00, 0.00, 0.00, 0.00, 90.00, 0, 0
2.00, 5.70, 20.74, 20.74, -1937.91, 20.00, 4.63, 12.78, 7.63, 0.00, 0.00, 0.00, 0.00, 90.00, 0, 0
2.00, 5.70, 20.45, 20.45, -2915.50, 20.00, 4.63, 12.78, 7.63, 0.00, 0.00, 0.00, 0.00, 90.00, 0, 0
2.00, 5.70, 20.24, 20.24, -3132.80, 20.00, 4.63, 12.22, 7.13, 0.00, 0.00, 0.00, 0.00, 90.00, 0, 0
2.00, 5.70, 20.24, 20.24, -2797.01, 20.00, 4.63, 13.89, 8.74, 0.00, 18.86, 28.35, -61.94, 85.77, 0, 0
2.00, 5.70, 20.30, 20.30, -2577.25, 20.00, 4.63, 14.44, 9.35, 0.00, 45.25, 40.85, -51.14, 76.28, 0, 0
2.00, 5.70, 20.62, 20.62, -1623.23, 20.00, 4.63, 16.11, 11.09, 51.35, 98.74, 54.46, -38.75, 68.23, 0, 0
2.00, 5.70, 20.84, 20.84, -1411.00, 20.00, 4.63, 17.22, 12.21, 4.62, 108.33, 68.50, -24.46, 62.26, 0, 0
2.00, 5.70, 21.07, 21.07, -1020.23, 20.00, 4.63, 17.78, 12.82, 4.40, 130.65, 82.72, -8.50, 59.02, 0, 0
2.00, 5.70, 21.49, 21.49, -47.49, 20.00, 4.63, 19.44, 14.45, 0.00, 155.70, 0.00, 8.16, 58.99, 0, 0
2.00, 5.70, 21.62, 21.62, -181.64, 20.00, 4.63, 20.00, 15.07, 0.00, 125.10, 0.00, 24.15, 62.16, 0, 0
2.00, 5.70, 21.75, 21.75, 11.78, 20.00, 4.63, 20.00, 15.07, 0.00, 99.86, 0.00, 38.47, 68.09, 0, 0
2.00, 5.70, 21.76, 21.76, -196.34, 20.00, 4.63, 20.00, 15.07, 0.00, 61.49, 0.00, 50.90, 76.09, 0, 0
2.00, 5.70, 21.60, 21.60, -693.58, 20.00, 4.63, 18.89, 13.95, 0.00, 13.20, 0.00, 61.73, 85.56, 0, 0
2.00, 5.70, 21.46, 21.46, -920.30, 20.00, 4.63, 18.33, 13.44, 0.00, 0.00, 0.00, 0.00, 90.00, 0, 0
2.00, 5.70, 21.36, 21.36, -1030.83, 20.00, 4.63, 18.33, 13.44, 0.00, 0.00, 0.00, 0.00, 90.00, 0, 0
2.00, 5.70, 21.27, 21.27, -1150.68, 20.00, 4.63, 17.78, 12.93, 0.00, 0.00, 0.00, 0.00, 90.00, 0, 0
2.00, 5.70, 21.20, 21.20, -1222.51, 20.00, 4.63, 17.78, 12.93, 0.00, 0.00, 0.00, 0.00, 90.00, 0, 0
2.00, 5.70, 21.14, 21.14, -1319.89, 20.00, 4.63, 17.22, 12.32, 0.00, 0.00, 0.00, 0.00, 90.00, 0, 0
2.00, 5.70, 21.09, 21.09, -1378.66, 20.00, 4.63, 17.22, 12.32, 0.00, 0.00, 0.00, 0.00, 90.00, 0, 0
2.00, 5.70, 21.03, 21.03, -1468.55, 20.00, 4.63, 16.67, 11.81, 0.00, 0.00, 0.00, 0.00, 90.00, 0, 0
2.00, 5.70, 20.98, 20.98, -1523.41, 20.00, 4.63, 16.67, 11.70, 0.00, 0.00, 0.00, 0.00, 90.00, 0, 0
2.00, 5.70, 20.93, 20.93, -1611.50, 20.00, 4.63, 16.11, 11.20, 0.00, 0.00, 0.00, 0.00, 90.00, 0, 0
2.00, 5.70, 20.88, 20.88, -1665.79, 20.00, 4.63, 16.11, 11.20, 0.00, 0.00, 0.00, 0.00, 90.00, 0, 0
2.00, 5.70, 20.84, 20.84, -1715.25, 20.00, 4.63, 16.11, 11.20, 0.00, 0.00, 0.00, 0.00, 90.00, 0, 0
2.00, 5.70, 20.79, 20.79, -1800.45, 20.00, 4.63, 15.56, 10.69, 0.00, 0.00, 0.00, 0.00, 90.00, 0, 0
2.00, 5.70, 20.74, 20.74, -1853.33, 20.00, 4.63, 15.56, 10.69, 0.00, 0.00, 0.00, 0.00, 90.00, 0, 0
2.00, 5.70, 20.70, 20.70, -1902.29, 20.00, 4.63, 15.56, 10.69, 0.00, 0.00, 0.00, 0.00, 90.00, 0, 0
2.00, 5.70, 20.69, 20.69, -1844.29, 20.00, 4.63, 16.11, 11.30, 0.00, 13.20, 28.48, -61.78, 85.97, 0, 0
2.00, 5.70, 20.71, 20.71, -1767.57, 20.00, 4.63, 16.67, 11.81, 0.00, 24.51, 40.92, -51.00, 76.50, 0, 0
2.00, 5.70, 20.84, 20.84, -1411.66, 20.00, 4.63, 17.78, 12.93, 3.66, 76.16, 54.49, -38.64, 68.47, 0, 0
2.00, 5.70, 21.08, 21.08, -857.14, 20.00, 4.63, 19.44, 14.67, 35.84, 124.63, 68.50, -24.40, 62.51, 0, 0
2.00, 5.70, 21.16, 21.16, -982.83, 20.00, 4.63, 19.44, 14.67, 0.00, 90.51, 82.70, -8.50, 59.28, 0, 0
2.00, 5.70, 21.21, 21.21, -934.49, 20.00, 4.63, 19.44, 14.67, 0.00, 88.62, 0.00, 8.09, 59.24, 0, 0
2.00, 5.70, 21.20, 21.20, -1053.68, 20.00, 4.63, 19.44, 14.67, 0.00, 54.68, 0.00, 24.02, 62.40, 0, 0
2.00, 5.70, 21.23, 21.23, -969.17, 20.00, 4.63, 19.44, 14.67, 0.00, 71.65, 0.00, 38.31, 68.30, 0, 0
2.00, 5.70, 21.14, 21.14, -1275.49, 20.00, 4.63, 18.89, 14.06, 0.00, 11.31, 0.00, 50.71, 76.28, 0, 0
2.00, 5.70, 21.06, 21.06, -1400.06, 20.00, 4.63, 18.33, 13.55, 0.00, 5.66, 0.00, 61.53, 85.72, 0, 0
2.00, 5.70, 20.98, 20.98, -1522.51, 20.00, 4.63, 17.78, 12.93, 0.00, 0.00, 0.00, 0.00, 90.00, 0, 0
2.00, 5.70, 20.92, 20.92, -1579.68, 20.00, 4.63, 17.78, 12.93, 0.00, 0.00, 0.00, 0.00, 90.00, 0, 0
2.00, 5.70, 20.86, 20.86, -1663.49, 20.00, 4.63, 17.22, 12.32, 0.00, 0.00, 0.00, 0.00, 90.00, 0, 0
2.00, 5.70, 20.80, 20.80, -1748.95, 20.00, 4.63, 16.67, 11.81, 0.00, 0.00, 0.00, 0.00, 90.00, 0, 0
2.00, 5.70, 20.76, 20.76, -1797.99, 20.00, 4.63, 16.67, 11.70, 0.00, 0.00, 0.00, 0.00, 90.00, 0, 0
2.00, 5.70, 20.70, 20.70, -1879.67, 20.00, 4.63, 16.11, 11.20, 0.00, 0.00, 0.00, 0.00, 90.00, 0, 0
2.00, 5.70, 20.64, 20.64, -1966.58, 20.00, 4.63, 15.56, 10.58, 0.00, 0.00, 0.00, 0.00, 90.00, 0, 0
2.00, 5.70, 20.58, 20.58, -2057.77, 20.00, 4.63, 15.00, 10.08, 0.00, 0.00, 0.00, 0.00, 90.00, 0, 0
2.00, 5.70, 20.51, 20.51, -2152.92, 20.00, 4.63, 14.44, 9.46, 0.00, 0.00, 0.00, 0.00, 90.00, 0, 0
2.00, 5.70, 20.43, 20.43, -2290.80, 20.00, 4.63, 13.33, 8.35, 0.00, 0.00, 0.00, 0.00, 90.00, 0, 0
2.00, 5.70, 20.35, 20.35, -2402.06, 20.00, 4.63, 12.78, 7.74, 0.00, 0.00, 0.00, 0.00, 90.00, 0, 0
2.00, 5.70, 20.26, 20.26, -2514.50, 20.00, 4.63, 12.22, 7.13, 0.00, 0.00, 0.00, 0.00, 90.00, 0, 0
2.00, 5.70, 20.00, 20.00, -3574.59, 20.00, 4.63, 11.67, 6.51, 0.00, 0.00, 0.00, 0.00, 90.00, 0, 0
2.00, 5.70, 20.00, 20.00, -3823.03, 20.00, 4.63, 10.56, 5.41, 0.00, 0.00, 0.00, 0.00, 90.00, 0, 0
2.00, 5.70, 20.00, 20.00, -3601.78, 20.00, 4.63, 11.67, 6.51, 0.00, 15.08, 28.61, -61.63, 86.17, 0, 0
2.00, 5.70, 20.00, 20.00, -3284.70, 20.00, 4.63, 12.78, 7.63, 0.00, 47.14, 40.98, -50.87, 76.71, 0, 0
2.00, 5.70, 20.00, 20.00, -3043.49, 20.00, 4.63, 13.33, 8.24, 1.83, 74.85, 54.52, -38.53, 68.71, 0, 0
2.00, 5.70, 20.11, 20.11, -2593.30, 20.00, 4.63, 14.44, 9.35, 10.40, 112.33, 68.50, -24.34, 62.76, 0, 0
2.00, 5.70, 20.40, 20.40, -1824.44, 20.00, 4.63, 16.11, 11.09, 19.30, 148.51, 82.68, -8.50, 59.54, 0, 0
2.00, 5.70, 20.64, 20.64, -1517.17, 20.00, 4.63, 16.67, 11.70, 0.00, 149.88, 0.00, 8.02, 59.49, 0, 0
2.00, 5.70, 20.79, 20.79, -1197.35, 20.00, 4.63, 17.22, 12.21, 0.00, 122.34, 0.00, 23.89, 62.63, 0, 0
2.00, 5.70, 20.76, 20.76, -1512.95, 20.00, 4.63, 16.67, 11.59, 0.00, 60.34, 0.00, 38.14, 68.50, 0, 0
2.00, 5.70, 20.69, 20.69, -1679.58, 20.00, 4.63, 16.11, 11.09, 0.00, 41.48, 0.00, 50.53, 76.46, 0, 0
2.00, 5.70, 20.56, 20.56, -1967.50, 20.00, 4.63, 15.00, 9.97, 0.00, 9.43, 0.00, 61.33, 85.88, 0, 0
2.00, 5.70, 20.44, 20.44, -2147.43, 20.00, 4.63, 14.44, 9.35, 0.00, 0.00, 0.00, 0.00, 90.00, 0, 0
2.00, 5.70, 20.35, 20.35, -2239.67, 20.00, 4.63, 14.44, 9.35, 0.00, 0.00, 0.00, 0.00, 90.00, 0, 0
2.00, 5.70, 20.26, 20.26, -2352.45, 20.00, 4.63, 13.89, 8.74, 0.00, 0.00, 0.00, 0.00, 90.00, 0, 0
2.00, 5.70, 20.18, 20.18, -2463.09, 20.00, 4.63, 13.33, 8.24, 0.00, 0.00, 0.00, 0.00, 90.00, 0, 0
2.00, 5.70, 20.11, 20.11, -2534.76, 20.00, 4.63, 13.33, 8.12, 0.00, 0.00, 0.00, 0.00, 90.00, 0, 0
2.00, 5.70, 20.04, 20.04, -2637.63, 20.00, 4.63, 12.78, 7.63, 0.00, 0.00, 0.00, 0.00, 90.00, 0, 0
2.00, 5.70, 19.96, 19.96, -2744.56, 20.00, 4.63, 12.22, 7.01, 0.00, 0.00, 0.00, 0.00, 90.00, 0, 0
2.00, 5.70, 19.89, 19.89, -2815.68, 20.00, 4.63, 12.22, 7.01, 0.00, 0.00, 0.00, 0.00, 90.00, 0, 0
2.00, 5.70, 19.82, 19.82, -2920.17, 20.00, 4.63, 11.67, 6.40, 0.00, 0.00, 0.00, 0.00, 90.00, 0, 0
2.00, 5.70, 19.74, 19.74, -3029.70, 20.00, 4.63, 11.11, 5.90, 0.00, 0.00, 0.00, 0.00, 90.00, 0, 0
2.00, 5.70, 19.65, 19.65, -3143.49, 20.00, 4.63, 10.56, 5.29, 0.00, 0.00, 0.00, 0.00, 90.00, 0, 0
2.00, 5.70, 19.58, 19.58, -3221.44, 20.00, 4.63, 10.56, 5.29, 0.00, 0.00, 0.00, 0.00, 90.00, 0, 0
2.00, 5.70, 20.00, 20.00, -4110.40, 20.00, 4.63, 10.00, 4.68, 0.00, 0.00, 0.00, 0.00, 90.00, 0, 0
2.00, 5.70, 20.00, 20.00, -4227.14, 20.00, 4.63, 9.44, 4.19, 0.00, 0.00, 0.00, 0.00, 90.00, 0, 0
2.00, 5.70, 20.00, 20.00, -4131.53, 20.00, 4.63, 10.00, 4.68, 0.00, 1.89, 28.73, -61.48, 86.37, 0, 0
2.00, 5.70, 20.00, 20.00, -3794.54, 20.00, 4.63, 11.11, 5.90, 0.00, 41.48, 41.05, -50.74, 76.93, 0, 0
2.00, 5.70, 20.00, 20.00, -2814.01, 20.00, 4.63, 13.33, 8.12, 71.37, 94.92, 54.54, -38.43, 68.94, 0, 0
2.00, 5.70, 20.00, 20.00, -3178.37, 20.00, 4.63, 13.33, 8.12, 1.16, 70.94, 68.50, -24.28, 63.01, 0, 0
2.00, 5.70, 20.00, 20.00, -3182.86, 20.00, 4.63, 13.33, 8.12, 0.00, 67.88, 82.65, -8.51, 59.79, 0, 0
2.00, 5.70, 20.01, 20.01, -2630.86, 20.00, 4.63, 14.44, 9.24, 0.00, 135.52, 0.00, 7.95, 59.73, 0, 0
2.00, 5.70, 20.14, 20.14, -1957.03, 20.00, 4.63, 15.00, 9.85, 0.00, 126.46, 0.00, 23.77, 62.85, 0, 0
2.00, 5.70, 20.16, 20.16, -2091.46, 20.00, 4.63, 15.00, 9.85, 0.00, 85.95, 0.00, 37.98, 68.70, 0, 0
2.00, 5.70, 20.15, 20.15, -2145.75, 20.00, 4.63, 15.00, 9.85, 0.00, 60.55, 0.00, 50.34, 76.63, 0, 0
2.00, 5.70, 20.05, 20.05, -2452.02, 20.00, 4.63, 14.44, 9.24, 0.00, 20.74, 0.00, 61.13, 86.03, 0, 0
2.00, 5.70, 19.92, 19.92, -2672.91, 20.00, 4.63, 13.89, 8.74, 0.00, 0.00, 0.00, 0.00, 90.00, 0, 0
2.00, 5.70, 19.81, 19.81, -2806.55, 20.00, 4.63, 13.33, 8.12, 0.00, 0.00, 0.00, 0.00, 90.00, 0, 0
2.00, 5.70, 19.73, 19.73, -2889.31, 20.00, 4.63, 13.33, 8.12, 0.00, 0.00, 0.00, 0.00, 90.00, 0, 0
2.00, 5.70, 19.64, 19.64, -2996.56, 20.00, 4.63, 12.78, 7.63, 0.00, 0.00, 0.00, 0.00, 90.00, 0, 0
2.00, 5.70, 19.56, 19.56, -3104.08, 20.00, 4.63, 12.22, 7.01, 0.00, 0.00, 0.00, 0.00, 90.00, 0, 0
2.00, 5.70, 19.49, 19.49, -3173.60, 20.00, 4.63, 12.22, 7.01, 0.00, 0.00, 0.00, 0.00, 90.00, 0, 0
2.00, 5.70, 19.42, 19.42, -3275.23, 20.00, 4.63, 11.67, 6.40, 0.00, 0.00, 0.00, 0.00, 90.00, 0, 0
2.00, 5.70, 19.35, 19.35, -3341.95, 20.00, 4.63, 11.67, 6.40, 0.00, 0.00, 0.00, 0.00, 90.00, 0, 0
2.00, 5.70, 19.28, 19.28, -3442.70, 20.00, 4.63, 11.11, 5.79, 0.00, 0.00, 0.00, 0.00, 90.00, 0, 0
2.00, 5.70, 19.20, 19.20, -3548.87, 20.00, 4.63, 10.56, 5.29, 0.00, 0.00, 0.00, 0.00, 90.00, 0, 0
2.00, 5.70, 19.13, 19.13, -3620.15, 20.00, 4.63, 10.56, 5.29, 0.00, 0.00, 0.00, 0.00, 90.00, 0, 0
2.00, 5.70, 19.05, 19.05, -3725.48, 20.00, 4.63, 10.00, 4.68, 0.00, 0.00, 0.00, 0.00, 90.00, 0, 0
2.00, 5.70, 20.00, 20.00, -4210.35, 20.00, 4.63, 10.00, 4.68, 0.00, 0.00, 0.00, 0.00, 90.00, 0, 0
2.00, 5.70, 20.00, 20.00, -4306.36, 20.00, 4.63, 9.44, 4.19, 0.00, 0.00, 0.00, 0.00, 90.00, 0, 0
2.00, 5.70, 20.00, 20.00, -4073.99, 20.00, 4.63, 10.56, 5.29, 0.00, 11.31, 28.85, -61.34, 86.57, 0, 0
2.00, 5.70, 20.00, 20.00, -3868.18, 20.00, 4.63, 11.11, 5.79, 0.00, 39.60, 41.10, -50.61, 77.14, 0, 0
2.00, 5.70, 20.00, 20.00, -3272.94, 20.00, 4.63, 12.78, 7.51, 21.95, 87.58, 54.56, -38.34, 69.17, 0, 0
2.00, 5.70, 20.00, 20.00, -2833.48, 20.00, 4.63, 13.89, 8.62, 48.57, 124.97, 68.50, -24.24, 63.25, 0, 0
2.00, 5.70, 20.00, 20.00, -2975.01, 20.00, 4.63, 14.44, 9.24, 0.40, 84.07, 82.63, -8.52, 60.03, 0, 0
2.00, 5.70, 20.00, 20.00, -2792.73, 20.00, 4.63, 14.44, 9.24, 0.00, 118.95, 0.00, 7.87, 59.97, 0, 0
2.00, 5.70, 19.94, 19.94, -2351.32, 20.00, 4.63, 15.00, 9.74, 0.00, 86.73, 0.00, 23.64, 63.07, 0, 0
2.00, 5.70, 19.85, 19.85, -2547.05, 20.00, 4.63, 14.44, 9.24, 0.00, 58.45, 0.00, 37.82, 68.89, 0, 0
2.00, 5.70, 19.73, 19.73, -2763.75, 20.00, 4.63, 13.89, 8.62, 0.00, 32.05, 0.00, 50.16, 76.80, 0, 0
2.00, 5.70, 19.59, 19.59, -2995.26, 20.00, 4.63, 13.33, 8.12, 0.00, 7.54, 0.00, 60.93, 86.17, 0, 0
2.00, 5.70, 19.47, 19.47, -3163.18, 20.00, 4.63, 12.78, 7.51, 0.00, 0.00, 0.00, 0.00, 90.00, 0, 0
2.00, 5.70, 19.36, 19.36, -3291.33, 20.00, 4.63, 12.22, 6.89, 0.00, 0.00, 0.00, 0.00, 90.00, 0, 0
2.00, 5.70, 19.27, 19.27, -3372.15, 20.00, 4.63, 12.22, 6.89, 0.00, 0.00, 0.00, 0.00, 90.00, 0, 0
2.00, 5.70, 19.19, 19.19, -3479.80, 20.00, 4.63, 11.67, 6.28, 0.00, 0.00, 0.00, 0.00, 90.00, 0, 0
2.00, 5.70, 19.10, 19.10, -3588.76, 20.00, 4.63, 11.11, 5.79, 0.00, 0.00, 0.00, 0.00, 90.00, 0, 0
2.00, 5.70, 19.02, 19.02, -3699.85, 20.00, 4.63, 10.56, 5.17, 0.00, 0.00, 0.00, 0.00, 90.00, 0, 0
2.00, 5.70, 18.94, 18.94, -3773.87, 20.00, 4.63, 10.56, 5.17, 0.00, 0.00, 0.00, 0.00, 90.00, 0, 0
2.00, 5.70, 18.86, 18.86, -3880.68, 20.00, 4.63, 10.00, 4.56, 0.00, 0.00, 0.00, 0.00, 90.00, 0, 0
2.00, 5.70, 18.78, 18.78, -3992.21, 20.00, 4.63, 9.44, 4.07, 0.00, 0.00, 0.00, 0.00, 90.00, 0, 0
2.00, 5.70, 18.69, 18.69, -4107.82, 20.00, 4.63, 8.89, 3.46, 0.00, 0.00, 0.00, 0.00, 90.00, 0, 0
2.00, 5.70, 18.60, 18.60, -4226.94, 20.00, 4.63, 8.33, 2.84, 0.00, 0.00, 0.00, 0.00, 90.00, 0, 0
2.00, 5.70, 18.50, 18.50, -4349.13, 20.00, 4.63, 7.78, 2.36, 0.00, 0.00, 0.00, 0.00, 90.00, 0, 0
2.00, 5.70, 20.00, 20.00, -4793.67, 20.00, 4.63, 7.22, 1.75, 0.00, 0.00, 0.00, 0.00, 90.00, 0, 0
2.00, 5.70, 20.00, 20.00, -4896.89, 20.00, 4.63, 6.67, 1.14, 0.00, 0.00, 0.00, 0.00, 90.00, 0, 0
2.00, 5.70, 20.00, 20.00, -4786.51, 20.00, 4.63, 7.22, 1.75, 0.00, 5.66, 28.97, -61.20, 86.77, 0, 0
2.00, 5.70, 20.00, 20.00, -4658.62, 20.00, 4.63, 7.78, 2.23, 0.00, 15.08, 41.16, -50.50, 77.35, 0, 0
2.00, 5.70, 20.00, 20.00, -4258.93, 20.00, 4.63, 8.89, 3.46, 0.00, 69.76, 54.58, -38.25, 69.39, 0, 0
2.00, 5.70, 20.00, 20.00, -4159.90, 20.00, 4.63, 9.44, 4.07, 0.00, 64.11, 68.49, -24.19, 63.49, 0, 0
2.00, 5.70, 20.00, 20.00, -3920.27, 20.00, 4.63, 10.00, 4.56, 0.41, 97.27, 82.59, -8.54, 60.27, 0, 0
2.00, 5.70, 20.00, 20.00, -3477.36, 20.00, 4.63, 11.11, 5.79, 0.00, 134.22, 0.00, 7.80, 60.20, 0, 0
2.00, 5.70, 19.71, 19.71, -2874.96, 20.00, 4.63, 11.67, 6.28, 0.00, 89.10, 0.00, 23.51, 63.28, 0, 0
2.00, 5.70, 19.64, 19.64, -2665.17, 20.00, 4.63, 12.22, 6.89, 0.00, 99.31, 0.00, 37.65, 69.07, 0, 0
2.00, 5.70, 19.54, 19.54, -2848.39, 20.00, 4.63, 12.22, 6.89, 0.00, 52.15, 0.00, 49.98, 76.96, 0, 0
2.00, 5.70, 19.35, 19.35, -3276.82, 20.00, 4.63, 11.67, 6.28, 0.00, 24.51, 0.00, 60.74, 86.31, 0, 0
2.00, 5.70, 19.16, 19.16, -3567.77, 20.00, 4.63, 11.11, 5.79, 0.00, 0.00, 0.00, 0.00, 90.00, 0, 0
2.00, 5.70, 19.02, 19.02, -3703.76, 20.00, 4.63, 11.11, 5.66, 0.00, 0.00, 0.00, 0.00, 90.00, 0, 0
2.00, 5.70, 18.89, 18.89, -3847.20, 20.00, 4.63, 10.56, 5.17, 0.00, 0.00, 0.00, 0.00, 90.00, 0, 0
2.00, 5.70, 18.79, 18.79, -3940.57, 20.00, 4.63, 10.56, 5.17, 0.00, 0.00, 0.00, 0.00, 90.00, 0, 0
2.00, 5.70, 18.69, 18.69, -4058.62, 20.00, 4.63, 10.00, 4.56, 0.00, 0.00, 0.00, 0.00, 90.00, 0, 0
2.00, 5.70, 18.60, 18.60, -4176.16, 20.00, 4.63, 9.44, 4.07, 0.00, 0.00, 0.00, 0.00, 90.00, 0, 0
2.00, 5.70, 18.52, 18.52, -4255.08, 20.00, 4.63, 9.44, 3.94, 0.00, 0.00, 0.00, 0.00, 90.00, 0, 0
2.00, 5.70, 18.44, 18.44, -4326.08, 20.00, 4.63, 9.44, 3.94, 0.00, 0.00, 0.00, 0.00, 90.00, 0, 0
2.00, 5.70, 18.36, 18.36, -4431.26, 20.00, 4.63, 8.89, 3.46, 0.00, 0.00, 0.00, 0.00, 90.00, 0, 0
2.00, 5.70, 18.29, 18.29, -4502.61, 20.00, 4.63, 8.89, 3.46, 0.00, 0.00, 0.00, 0.00, 90.00, 0, 0
2.00, 5.70, 18.20, 18.20, -4608.71, 20.00, 4.63, 8.33, 2.84, 0.00, 0.00, 0.00, 0.00, 90.00, 0, 0
2.00, 5.70, 18.13, 18.13, -4681.13, 20.00, 4.63, 8.33, 2.84, 0.00, 0.00, 0.00, 0.00, 90.00, 0, 0
2.00, 5.70, 20.00, 20.00, -4788.04, 20.00, 4.63, 7.78, 2.36, 0.00, 0.00, 0.00, 0.00, 90.00, 0, 0
2.00, 5.70, 20.00, 20.00, -4785.35, 20.00, 4.63, 7.78, 2.36, 0.00, 0.00, 0.00, 0.00, 90.00, 0, 0
2.00, 5.70, 20.00, 20.00, -4638.67, 20.00, 4.63, 8.33, 2.84, 0.00, 13.20, 29.08, -61.07, 86.96, 0, 0
2.00, 5.70, 20.00, 20.00, -2926.46, 20.00, 4.63, 10.56, 5.17, 144.76, 54.82, 41.21, -50.39, 77.56, 0, 0
2.00, 5.70, 20.00, 20.00, -3776.20, 20.00, 4.63, 11.11, 5.66, 3.66, 70.56, 54.60, -38.17, 69.62, 0, 0
2.00, 5.70, 20.00, 20.00, -3661.56, 20.00, 4.63, 11.67, 6.28, 0.00, 79.19, 68.47, -24.16, 63.72, 0, 0
2.00, 5.70, 20.00, 20.00, -3389.66, 20.00, 4.63, 12.22, 6.89, 2.45, 117.93, 82.56, -8.55, 60.50, 0, 0
2.00, 5.70, 20.00, 20.00, -3207.62, 20.00, 4.63, 12.78, 7.51, 0.00, 128.79, 0.00, 7.72, 60.42, 0, 0
2.00, 5.70, 19.76, 19.76, -2592.04, 20.00, 4.63, 13.33, 8.00, 0.00, 114.37, 0.00, 23.38, 63.48, 0, 0
2.00, 5.70, 19.56, 19.56, -2865.33, 20.00, 4.63, 13.33, 8.00, 0.00, 77.53, 0.00, 37.49, 69.25, 0, 0
2.00, 5.70, 19.40, 19.40, -3038.55, 20.00, 4.63, 12.78, 7.51, 0.00, 55.64, 0.00, 49.80, 77.11, 0, 0
2.00, 5.70, 19.22, 19.22, -3359.24, 20.00, 4.63, 12.22, 6.89, 0.00, 24.51, 0.00, 60.55, 86.45, 0, 0
2.00, 5.70, 19.03, 19.03, -3631.66, 20.00, 4.63, 11.67, 6.40, 0.00, 0.00, 0.00, 0.00, 90.00, 0, 0
2.00, 5.70, 18.90, 18.90, -3753.84, 20.00, 4.63, 11.67, 6.28, 0.00, 0.00, 0.00, 0.00, 90.00, 0, 0
2.00, 5.70, 18.78, 18.78, -3886.95, 20.00, 4.63, 11.11, 5.79, 0.00, 0.00, 0.00, 0.00, 90.00, 0, 0
2.00, 5.70, 18.69, 18.69, -3972.69, 20.00, 4.63, 11.11, 5.66, 0.00, 0.00, 0.00, 0.00, 90.00, 0, 0
2.00, 5.70, 18.60, 18.60, -4084.68, 20.00, 4.63, 10.56, 5.17, 0.00, 0.00, 0.00, 0.00, 90.00, 0, 0
2.00, 5.70, 18.52, 18.52, -4158.20, 20.00, 4.63, 10.56, 5.17, 0.00, 0.00, 0.00, 0.00, 90.00, 0, 0
2.00, 5.70, 18.44, 18.44, -4263.51, 20.00, 4.63, 10.00, 4.56, 0.00, 0.00, 0.00, 0.00, 90.00, 0, 0
2.00, 5.70, 18.36, 18.36, -4372.77, 20.00, 4.63, 9.44, 4.07, 0.00, 0.00, 0.00, 0.00, 90.00, 0, 0
2.00, 5.70, 18.28, 18.28, -4446.22, 20.00, 4.63, 9.44, 3.94, 0.00, 0.00, 0.00, 0.00, 90.00, 0, 0
2.00, 5.70, 18.20, 18.20, -4552.94, 20.00, 4.63, 8.89, 3.46, 0.00, 0.00, 0.00, 0.00, 90.00, 0, 0
2.00, 5.70, 18.12, 18.12, -4625.37, 20.00, 4.63, 8.89, 3.46, 0.00, 0.00, 0.00, 0.00, 90.00, 0, 0
2.00, 5.70, 18.04, 18.04, -4732.24, 20.00, 4.63, 8.33, 2.97, 0.00, 0.00, 0.00, 0.00, 90.00, 0, 0
2.00, 5.70, 20.00, 20.00, -4651.13, 20.00, 4.63, 8.33, 2.84, 0.00, 0.00, 0.00, 0.00, 90.00, 0, 0
2.00, 5.70, 20.00, 20.00, -4746.59, 20.00, 4.63, 7.78, 2.36, 0.00, 0.00, 0.00, 0.00, 90.00, 0, 0
2.00, 5.70, 20.00, 20.00, -4518.16, 20.00, 4.63, 8.89, 3.46, 0.00, 9.43, 29.18, -60.94, 87.15, 0, 0
2.00, 5.70, 20.00, 20.00, -3626.75, 20.00, 4.63, 10.56, 5.17, 54.54, 50.81, 41.26, -50.28, 77.77, 0, 0
2.00, 5.70, 20.00, 20.00, -4001.00, 20.00, 4.63, 10.56, 5.17, 0.00, 50.91, 54.61, -38.10, 69.83, 0, 0
2.00, 5.70, 20.00, 20.00, -3620.54, 20.00, 4.63, 11.67, 6.28, 3.47, 95.98, 68.46, -24.12, 63.95, 0, 0
2.00, 5.70, 20.00, 20.00, -3315.90, 20.00, 4.63, 12.78, 7.39, 2.46, 116.07, 82.52, -8.58, 60.73, 0, 0
2.00, 5.70, 20.00, 20.00, -3124.51, 20.00, 4.63, 13.33, 8.00, 0.00, 126.53, 0.00, 7.64, 60.64, 0, 0
2.00, 5.70, 19.90, 19.90, -2119.66, 20.00, 4.63, 14.44, 9.12, 0.00, 127.04, 0.00, 23.25, 63.68, 0, 0
2.00, 5.70, 19.89, 19.89, -1999.45, 20.00, 4.63, 15.56, 10.23, 0.00, 87.82, 0.00, 37.33, 69.43, 0, 0
2.00, 5.70, 19.78, 19.78, -2342.97, 20.00, 4.63, 15.56, 10.23, 0.00, 58.55, 0.00, 49.62, 77.26, 0, 0
2.00, 5.70, 19.57, 19.57, -2845.48, 20.00, 4.63, 14.44, 9.12, 0.00, 26.40, 0.00, 60.35, 86.57, 0, 0
2.00, 5.70, 19.36, 19.36, -3162.49, 20.00, 4.63, 13.89, 8.50, 0.00, 0.00, 0.00, 0.00, 90.00, 0, 0
2.00, 5.70, 19.19, 19.19, -3344.97, 20.00, 4.63, 13.33, 8.00, 0.00, 0.00, 0.00, 0.00, 90.00, 0, 0
2.00, 5.70, 19.06, 19.06, -3496.92, 20.00, 4.63, 12.78, 7.39, 0.00, 0.00, 0.00, 0.00, 90.00, 0, 0
2.00, 5.70, 18.96, 18.96, -3591.79, 20.00, 4.63, 12.78, 7.39, 0.00, 0.00, 0.00, 0.00, 90.00, 0, 0
2.00, 5.70, 18.86, 18.86, -3706.92, 20.00, 4.63, 12.22, 6.77, 0.00, 0.00, 0.00, 0.00, 90.00, 0, 0
2.00, 5.70, 18.78, 18.78, -3819.09, 20.00, 4.63, 11.67, 6.15, 0.00, 0.00, 0.00, 0.00, 90.00, 0, 0
2.00, 5.70, 18.69, 18.69, -3930.26, 20.00, 4.63, 11.11, 5.66, 0.00, 0.00, 0.00, 0.00, 90.00, 0, 0
2.00, 5.70, 18.60, 18.60, -4041.77, 20.00, 4.63, 10.56, 5.17, 0.00, 0.00, 0.00, 0.00, 90.00, 0, 0
2.00, 5.70, 18.52, 18.52, -4154.63, 20.00, 4.63, 10.00, 4.56, 0.00, 0.00, 0.00, 0.00, 90.00, 0, 0
2.00, 5.70, 18.43, 18.43, -4269.36, 20.00, 4.63, 9.44, 3.94, 0.00, 0.00, 0.00, 0.00, 90.00, 0, 0
2.00, 5.70, 18.34, 18.34, -4386.32, 20.00, 4.63, 8.89, 3.33, 0.00, 0.00, 0.00, 0.00, 90.00, 0, 0
2.00, 5.70, 18.24, 18.24, -4505.64, 20.00, 4.63, 8.33, 2.84, 0.00, 0.00, 0.00, 0.00, 90.00, 0, 0
2.00, 5.70, 20.00, 20.00, -3337.29, 20.00, 4.63, 7.78, 2.23, 0.00, 0.00, 0.00, 0.00, 90.00, 0, 0
2.00, 5.70, 20.00, 20.00, -3390.80, 20.00, 4.63, 7.22, 1.62, 0.00, 0.00, 0.00, 0.00, 90.00, 0, 0
2.00, 5.70, 20.00, 20.00, -3341.88, 20.00, 4.63, 7.78, 2.23, 0.00, 11.31, 29.28, -60.83, 87.35, 0, 0
2.00, 5.70, 20.00, 20.00, -3097.54, 20.00, 4.63, 8.89, 3.46, 9.48, 43.95, 41.30, -50.18, 77.97, 0, 0
2.00, 5.70, 20.00, 20.00, -2229.30, 20.00, 4.63, 10.56, 5.17, 126.05, 91.29, 54.61, -38.03, 70.05, 0, 0
2.00, 5.70, 20.00, 20.00, -2650.29, 20.00, 4.63, 11.67, 6.28, 12.75, 107.50, 68.44, -24.10, 64.17, 0, 0
2.00, 5.70, 20.00, 20.00, -2665.04, 20.00, 4.63, 12.22, 6.89, 1.24, 101.42, 82.48, -8.61, 60.96, 0, 0
2.00, 5.70, 20.00, 20.00, -2446.48, 20.00, 4.63, 12.78, 7.39, 0.00, 130.62, 0.00, 7.55, 60.85, 0, 0
2.00, 5.70, 19.83, 19.83, -2371.37, 20.00, 4.63, 13.33, 8.00, 0.00, 129.90, 0.00, 23.12, 63.87, 0, 0
2.00, 5.70, 19.72, 19.72, -2439.06, 20.00, 4.63, 13.89, 8.62, 0.00, 93.31, 0.00, 37.17, 69.59, 0, 0
2.00, 5.70, 19.51, 19.51, -2944.39, 20.00, 4.63, 12.78, 7.51, 0.00, 52.82, 0.00, 49.44, 77.40, 0, 0
2.00, 5.70, 19.27, 19.27, -3342.10, 20.00, 4.63, 12.22, 6.89, 0.00, 15.08, 0.00, 60.16, 86.70, 0, 0
2.00, 5.70, 19.07, 19.07, -3606.95, 20.00, 4.63, 11.67, 6.40, 0.00, 0.00, 0.00, 0.00, 90.00, 0, 0
2.00, 5.70, 18.92, 18.92, -3743.28, 20.00, 4.63, 11.67, 6.40, 0.00, 0.00, 0.00, 0.00, 90.00, 0, 0
2.00, 5.70, 18.80, 18.80, -3846.37, 20.00, 4.63, 11.67, 6.40, 0.00, 0.00, 0.00, 0.00, 90.00, 0, 0
2.00, 5.70, 18.71, 18.71, -3929.00, 20.00, 4.63, 11.67, 6.40, 0.00, 0.00, 0.00, 0.00, 90.00, 0, 0
2.00, 5.70, 18.64, 18.64, -3998.77, 20.00, 4.63, 11.67, 6.40, 0.00, 0.00, 0.00, 0.00, 90.00, 0, 0
2.00, 5.70, 18.56, 18.56, -4099.42, 20.00, 4.63, 11.11, 5.90, 0.00, 0.00, 0.00, 0.00, 90.00, 0, 0
2.00, 5.70, 18.49, 18.49, -4164.21, 20.00, 4.63, 11.11, 5.90, 0.00, 0.00, 0.00, 0.00, 90.00, 0, 0
2.00, 5.70, 18.43, 18.43, -4222.96, 20.00, 4.63, 11.11, 5.79, 0.00, 0.00, 0.00, 0.00, 90.00, 0, 0
2.00, 5.70, 18.38, 18.38, -4277.31, 20.00, 4.63, 11.11, 5.90, 0.00, 0.00, 0.00, 0.00, 90.00, 0, 0
2.00, 5.70, 18.34, 18.34, -4289.53, 20.00, 4.63, 11.67, 6.40, 0.00, 0.00, 0.00, 0.00, 90.00, 0, 0
2.00, 5.70, 18.29, 18.29, -4329.73, 20.00, 4.63, 11.67, 6.40, 0.00, 0.00, 0.00, 0.00, 90.00, 0, 0
2.00, 5.70, 18.25, 18.25, -4370.36, 20.00, 4.63, 11.67, 6.40, 0.00, 0.00, 0.00, 0.00, 90.00, 0, 0
2.00, 5.70, 20.00, 20.00, -4015.93, 20.00, 4.63, 11.67, 6.51, 0.00, 0.00, 0.00, 0.00, 90.00, 0, 0
2.00, 5.70, 20.00, 20.00, -4003.65, 20.00, 4.63, 11.67, 6.51, 0.00, 0.00, 0.00, 0.00, 90.00, 0, 0
2.00, 5.70, 20.00, 20.00, -3760.96, 20.00, 4.63, 12.78, 7.63, 0.00, 11.31, 29.38, -60.71, 87.53, 0, 0
2.00, 5.70, 20.00, 20.00, -3416.65, 20.00, 4.63, 13.89, 8.74, 2.37, 43.05, 41.34, -50.09, 78.17, 0, 0
2.00, 5.70, 20.00, 20.00, -2883.37, 20.00, 4.63, 15.00, 9.97, 31.05, 87.16, 54.62, -37.97, 70.26, 0, 0
2.00, 5.70, 20.00, 20.00, -2492.72, 20.00, 4.63, 16.67, 11.59, 25.53, 117.07, 68.42, -24.07, 64.39, 0, 0
2.00, 5.70, 20.00, 20.00, -2385.72, 20.00, 4.63, 17.22, 12.21, 4.56, 114.24, 82.44, -8.64, 61.17, 0, 0
2.00, 5.70, 20.22, 20.22, -1394.12, 20.00, 4.63, 18.89, 13.83, 0.00, 137.33, 0.00, 7.47, 61.06, 0, 0
2.00, 5.70, 20.37, 20.37, -1045.36, 20.00, 4.63, 20.00, 14.96, 0.00, 105.82, 0.00, 22.99, 64.05, 0, 0
2.00, 5.70, 20.38, 20.38, -1273.50, 20.00, 4.63, 20.56, 15.46, 0.00, 91.60, 0.00, 37.01, 69.75, 0, 0
2.00, 5.70, 20.29, 20.29, -1580.88, 20.00, 4.63, 20.00, 14.96, 0.00, 53.95, 0.00, 49.26, 77.54, 0, 0
2.00, 5.70, 20.09, 20.09, -2085.53, 20.00, 4.63, 18.89, 13.83, 0.00, 11.31, 0.00, 59.98, 86.81, 0, 0
2.00, 5.70, 19.92, 19.92, -2319.88, 20.00, 4.63, 18.33, 13.33, 0.00, 0.00, 0.00, 0.00, 90.00, 0, 0
2.00, 5.70, 19.79, 19.79, -2471.87, 20.00, 4.63, 17.78, 12.71, 0.00, 0.00, 0.00, 0.00, 90.00, 0, 0
2.00, 5.70, 19.70, 19.70, -2557.16, 20.00, 4.63, 17.78, 12.71, 0.00, 0.00, 0.00, 0.00, 90.00, 0, 0
2.00, 5.70, 19.62, 19.62, -2656.62, 20.00, 4.63, 17.22, 12.09, 0.00, 0.00, 0.00, 0.00, 90.00, 0, 0
2.00, 5.70, 19.56, 19.56, -2749.59, 20.00, 4.63, 16.67, 11.59, 0.00, 0.00, 0.00, 0.00, 90.00, 0, 0
2.00, 5.70, 19.49, 19.49, -2839.81, 20.00, 4.63, 16.11, 10.97, 0.00, 0.00, 0.00, 0.00, 90.00, 0, 0
2.00, 5.70, 19.43, 19.43, -2929.26, 20.00, 4.63, 15.56, 10.47, 0.00, 0.00, 0.00, 0.00, 90.00, 0, 0
2.00, 5.70, 19.37, 19.37, -3019.53, 20.00, 4.63, 15.00, 9.85, 0.00, 0.00, 0.00, 0.00, 90.00, 0, 0
2.00, 5.70, 19.30, 19.30, -3111.48, 20.00, 4.63, 14.44, 9.24, 0.00, 0.00, 0.00, 0.00, 90.00, 0, 0
2.00, 5.70, 19.23, 19.23, -3244.82, 20.00, 4.63, 13.33, 8.12, 0.00, 0.00, 0.00, 0.00, 90.00, 0, 0
2.00, 5.70, 19.15, 19.15, -3350.64, 20.00, 4.63, 12.78, 7.63, 0.00, 0.00, 0.00, 0.00, 90.00, 0, 0
2.00, 5.70, 19.07, 19.07, -3457.23, 20.00, 4.63, 12.22, 7.01, 0.00, 0.00, 0.00, 0.00, 90.00, 0, 0
2.00, 5.70, 20.00, 20.00, -3752.10, 20.00, 4.63, 11.67, 6.40, 0.00, 0.00, 0.00, 0.00, 90.00, 0, 0
2.00, 5.70, 20.00, 20.00, -3948.19, 20.00, 4.63, 10.56, 5.29, 0.00, 0.00, 0.00, 0.00, 90.00, 0, 0
2.00, 5.70, 20.00, 20.00, -3832.47, 20.00, 4.63, 11.11, 5.90, 0.00, 7.54, 29.47, -60.61, 87.72, 0, 0
2.00, 5.70, 20.00, 20.00, -3669.98, 20.00, 4.63, 11.67, 6.40, 0.00, 26.40, 41.38, -50.01, 78.37, 0, 0
2.00, 5.70, 20.00, 20.00, -2698.17, 20.00, 4.63, 13.89, 8.62, 62.11, 87.76, 54.62, -37.91, 70.47, 0, 0
2.00, 5.70, 20.00, 20.00, -2382.80, 20.00, 4.63, 15.56, 10.35, 38.33, 124.87, 68.39, -24.06, 64.60, 0, 0
2.00, 5.70, 20.01, 20.01, -2234.46, 20.00, 4.63, 16.11, 10.97, 12.11, 129.06, 82.39, -8.67, 61.39, 0, 0
2.00, 5.70, 20.34, 20.34, -1265.05, 20.00, 4.63, 17.78, 12.59, 0.00, 129.74, 0.00, 7.38, 61.26, 0, 0
2.00, 5.70, 20.62, 20.62, -671.85, 20.00, 4.63, 19.44, 14.21, 0.00, 118.96, 0.00, 22.86, 64.23, 0, 0
2.00, 5.70, 20.63, 20.63, -1069.54, 20.00, 4.63, 19.44, 14.21, 0.00, 92.66, 0.00, 36.85, 69.91, 0, 0
2.00, 5.70, 20.56, 20.56, -1332.50, 20.00, 4.63, 18.89, 13.71, 0.00, 51.47, 0.00, 49.09, 77.67, 0, 0
2.00, 5.70, 20.37, 20.37, -1838.77, 20.00, 4.63, 17.22, 12.09, 0.00, 13.20, 0.00, 59.79, 86.92, 0, 0
2.00, 5.70, 20.20, 20.20, -2090.25, 20.00, 4.63, 16.67, 11.47, 0.00, 0.00, 0.00, 0.00, 90.00, 0, 0
2.00, 5.70, 20.06, 20.06, -2255.82, 20.00, 4.63, 16.11, 10.85, 0.00, 0.00, 0.00, 0.00, 90.00, 0, 0
2.00, 5.70, 19.95, 19.95, -2395.16, 20.00, 4.63, 15.56, 10.35, 0.00, 0.00, 0.00, 0.00, 90.00, 0, 0
2.00, 5.70, 19.86, 19.86, -2519.77, 20.00, 4.63, 15.00, 9.74, 0.00, 0.00, 0.00, 0.00, 90.00, 0, 0
2.00, 5.70, 19.77, 19.77, -2636.40, 20.00, 4.63, 14.44, 9.12, 0.00, 0.00, 0.00, 0.00, 90.00, 0, 0
2.00, 5.70, 19.69, 19.69, -2749.12, 20.00, 4.63, 13.89, 8.50, 0.00, 0.00, 0.00, 0.00, 90.00, 0, 0
2.00, 5.70, 19.61, 19.61, -2860.30, 20.00, 4.63, 13.33, 8.00, 0.00, 0.00, 0.00, 0.00, 90.00, 0, 0
2.00, 5.70, 19.52, 19.52, -3010.87, 20.00, 4.63, 12.22, 6.89, 0.00, 0.00, 0.00, 0.00, 90.00, 0, 0
2.00, 5.70, 19.43, 19.43, -3132.46, 20.00, 4.63, 11.67, 6.28, 0.00, 0.00, 0.00, 0.00, 90.00, 0, 0
2.00, 5.70, 19.34, 19.34, -3253.62, 20.00, 4.63, 11.11, 5.66, 0.00, 0.00, 0.00, 0.00, 90.00, 0, 0
2.00, 5.70, 19.24, 19.24, -3414.89, 20.00, 4.63, 10.00, 4.56, 0.00, 0.00, 0.00, 0.00, 90.00, 0, 0
2.00, 5.70, 19.14, 19.14, -3547.46, 20.00, 4.63, 9.44, 4.07, 0.00, 0.00, 0.00, 0.00, 90.00, 0, 0
2.00, 5.70, 20.00, 20.00, -4252.70, 20.00, 4.63, 8.89, 3.46, 0.00, 0.00, 0.00, 0.00, 90.00, 0, 0
2.00, 5.70, 20.00, 20.00, -4370.82, 20.00, 4.63, 8.33, 2.84, 0.00, 0.00, 0.00, 0.00, 90.00, 0, 0
2.00, 5.70, 20.00, 20.00, -4252.89, 20.00, 4.63, 8.89, 3.46, 0.00, 9.43, 29.56, -60.51, 87.90, 0, 0
2.00, 5.70, 20.00, 20.00, -3530.08, 20.00, 4.63, 10.00, 4.56, 47.32, 46.58, 41.41, -49.93, 78.56, 0, 0
2.00, 5.70, 20.00, 20.00, -3763.39, 20.00, 4.63, 10.56, 5.05, 1.83, 48.50, 54.61, -37.86, 70.67, 0, 0
2.00, 5.70, 20.00, 20.00, -3279.01, 20.00, 4.63, 11.67, 6.28, 18.61, 109.99, 68.36, -24.05, 64.81, 0, 0
2.00, 5.70, 20.00, 20.00, -2918.16, 20.00, 4.63, 12.78, 7.39, 14.28, 133.02, 82.35, -8.71, 61.59, 0, 0
2.00, 5.70, 20.00, 20.00, -2460.31, 20.00, 4.63, 13.89, 8.50, 0.00, 136.93, 0.00, 7.29, 61.45, 0, 0
2.00, 5.70, 19.97, 19.97, -2221.41, 20.00, 4.63, 13.89, 8.50, 0.00, 88.33, 0.00, 22.73, 64.41, 0, 0
2.00, 5.70, 19.87, 19.87, -2474.29, 20.00, 4.63, 13.33, 8.00, 0.00, 58.45, 0.00, 36.69, 70.05, 0, 0
2.00, 5.70, 19.78, 19.78, -2587.18, 20.00, 4.63, 12.78, 7.39, 0.00, 49.83, 0.00, 48.91, 77.79, 0, 0
2.00, 5.70, 19.63, 19.63, -2917.92, 20.00, 4.63, 12.22, 6.89, 0.00, 11.31, 0.00, 59.61, 87.02, 0, 0
2.00, 5.70, 19.49, 19.49, -3129.28, 20.00, 4.63, 11.67, 6.28, 0.00, 0.00, 0.00, 0.00, 90.00, 0, 0
2.00, 5.70, 19.37, 19.37, -3242.86, 20.00, 4.63, 11.67, 6.28, 0.00, 0.00, 0.00, 0.00, 90.00, 0, 0
2.00, 5.70, 19.27, 19.27, -3374.12, 20.00, 4.63, 11.11, 5.66, 0.00, 0.00, 0.00, 0.00, 90.00, 0, 0
2.00, 5.70, 19.17, 19.17, -3500.98, 20.00, 4.63, 10.56, 5.17, 0.00, 0.00, 0.00, 0.00, 90.00, 0, 0
2.00, 5.70, 19.09, 19.09, -3587.07, 20.00, 4.63, 10.56, 5.05, 0.00, 0.00, 0.00, 0.00, 90.00, 0, 0
2.00, 5.70, 19.00, 19.00, -3703.23, 20.00, 4.63, 10.00, 4.56, 0.00, 0.00, 0.00, 0.00, 90.00, 0, 0
2.00, 5.70, 18.91, 18.91, -3822.53, 20.00, 4.63, 9.44, 3.94, 0.00, 0.00, 0.00, 0.00, 90.00, 0, 0
2.00, 5.70, 18.83, 18.83, -3905.16, 20.00, 4.63, 9.44, 3.94, 0.00, 0.00, 0.00, 0.00, 90.00, 0, 0
2.00, 5.70, 18.74, 18.74, -4020.61, 20.00, 4.63, 8.89, 3.46, 0.00, 0.00, 0.00, 0.00, 90.00, 0, 0
2.00, 5.70, 18.67, 18.67, -4101.45, 20.00, 4.63, 8.89, 3.33, 0.00, 0.00, 0.00, 0.00, 90.00, 0, 0
2.00, 5.70, 18.58, 18.58, -4216.30, 20.00, 4.63, 8.33, 2.84, 0.00, 0.00, 0.00, 0.00, 90.00, 0, 0
2.00, 5.70, 18.49, 18.49, -4336.53, 20.00, 4.63, 7.78, 2.36, 0.00, 0.00, 0.00, 0.00, 90.00, 0, 0
2.00, 5.70, 20.00, 20.00, -4678.49, 20.00, 4.63, 7.78, 2.23, 0.00, 0.00, 0.00, 0.00, 90.00, 0, 0
2.00, 5.70, 20.00, 20.00, -4779.84, 20.00, 4.63, 7.22, 1.75, 0.00, 0.00, 0.00, 0.00, 90.00, 0, 0
2.00, 5.70, 20.00, 20.00, -4520.88, 20.00, 4.63, 8.33, 2.84, 0.00, 18.86, 0.00, -60.41, 88.09, 0, 0
2.00, 5.70, 20.23, 20.23, -1467.61, 20.00, 4.63, 10.56, 5.17, 290.90, 47.23, 41.43, -49.85, 78.75, 0, 0
2.00, 5.70, 20.42, 20.42, -1254.69, 20.00, 4.63, 12.78, 7.39, 323.41, 73.07, 54.61, -37.81, 70.87, 0, 0
2.00, 5.70, 20.48, 20.48, -1373.69, 20.00, 4.63, 15.00, 9.61, 300.50, 89.29, 68.33, -24.04, 65.01, 0, 0
2.00, 5.70, 20.64, 20.64, -986.32, 20.00, 4.63, 17.22, 11.84, 116.31, 105.38, 82.29, -8.75, 61.79, 0, 0
2.00, 5.70, 20.86, 20.86, -565.97, 20.00, 4.63, 18.33, 12.96, 0.00, 102.19, 0.00, 7.19, 61.64, 0, 0
2.00, 5.70, 20.95, 20.95, -489.65, 20.00, 4.63, 18.33, 13.09, 0.00, 96.43, 0.00, 22.59, 64.57, 0, 0
2.00, 5.70, 20.93, 20.93, -702.16, 20.00, 4.63, 18.33, 13.09, 0.00, 83.32, 0.00, 36.54, 70.19, 0, 0
2.00, 5.70, 20.84, 20.84, -1004.27, 20.00, 4.63, 17.22, 11.97, 0.00, 56.13, 0.00, 48.74, 77.91, 0, 0
2.00, 5.70, 20.59, 20.59, -1635.65, 20.00, 4.63, 15.56, 10.35, 0.00, 16.97, 0.00, 59.43, 87.12, 0, 0
2.00, 5.70, 20.39, 20.39, -1915.06, 20.00, 4.63, 15.56, 10.23, 0.00, 0.00, 0.00, 0.00, 90.00, 0, 0
2.00, 5.70, 20.22, 20.22, -2113.96, 20.00, 4.63, 15.00, 9.74, 0.00, 0.00, 0.00, 0.00, 90.00, 0, 0
2.00, 5.70, 20.09, 20.09, -2280.51, 20.00, 4.63, 14.44, 9.24, 0.00, 0.00, 0.00, 0.00, 90.00, 0, 0
2.00, 5.70, 19.99, 19.99, -2388.90, 20.00, 4.63, 14.44, 9.12, 0.00, 0.00, 0.00, 0.00, 90.00, 0, 0
2.00, 5.70, 19.90, 19.90, -2516.06, 20.00, 4.63, 13.89, 8.62, 0.00, 0.00, 0.00, 0.00, 90.00, 0, 0
2.00, 5.70, 19.83, 19.83, -2599.97, 20.00, 4.63, 13.89, 8.62, 0.00, 0.00, 0.00, 0.00, 90.00, 0, 0
2.00, 5.70, 19.75, 19.75, -2712.15, 20.00, 4.63, 13.33, 8.00, 0.00, 0.00, 0.00, 0.00, 90.00, 0, 0
2.00, 5.70, 19.67, 19.67, -2825.91, 20.00, 4.63, 12.78, 7.51, 0.00, 0.00, 0.00, 0.00, 90.00, 0, 0
2.00, 5.70, 19.61, 19.61, -2902.36, 20.00, 4.63, 12.78, 7.39, 0.00, 0.00, 0.00, 0.00, 90.00, 0, 0
2.00, 5.70, 19.53, 19.53, -3010.69, 20.00, 4.63, 12.22, 6.89, 0.00, 0.00, 0.00, 0.00, 90.00, 0, 0
2.00, 5.70, 19.47, 19.47, -3083.95, 20.00, 4.63, 12.22, 6.89, 0.00, 0.00, 0.00, 0.00, 90.00, 0, 0
2.00, 5.70, 19.40, 19.40, -3190.90, 20.00, 4.63, 11.67, 6.28, 0.00, 0.00, 0.00, 0.00, 90.00, 0, 0
2.00, 5.70, 20.00, 20.00, -3666.14, 20.00, 4.63, 11.67, 6.28, 0.00, 0.00, 0.00, 0.00, 90.00, 0, 0
2.00, 5.70, 20.00, 20.00, -3777.53, 20.00, 4.63, 11.11, 5.79, 0.00, 0.00, 0.00, 0.00, 90.00, 0, 0
2.00, 5.70, 20.00, 20.00, -3779.95, 20.00, 4.63, 11.11, 5.79, 0.00, 3.77, 0.00, -60.33, 88.26, 0, 0
2.00, 5.70, 20.00, 20.00, -3204.76, 20.00, 4.63, 12.78, 7.51, 16.55, 43.15, 41.46, -49.79, 78.94, 0, 0
2.00, 5.70, 20.00, 20.00, -2441.35, 20.00, 4.63, 14.44, 9.12, 67.62, 92.42, 54.59, -37.77, 71.07, 0, 0
2.00, 5.70, 20.06, 20.06, -2254.20, 20.00, 4.63, 15.56, 10.23, 42.00, 121.52, 68.30, -24.04, 65.21, 0, 0
2.00, 5.70, 20.12, 20.12, -2193.49, 20.00, 4.63, 16.11, 10.85, 3.83, 119.70, 82.24, -8.80, 61.99, 0, 0
2.00, 5.70, 20.15, 20.15, -2170.13, 20.00, 4.63, 16.11, 10.85, 0.00, 113.20, 0.00, 7.10, 61.82, 0, 0
2.00, 5.70, 20.16, 20.16, -1933.72, 20.00, 4.63, 16.11, 10.85, 0.00, 81.08, 0.00, 22.46, 64.73, 0, 0
2.00, 5.70, 20.08, 20.08, -2200.53, 20.00, 4.63, 15.56, 10.35, 0.00, 37.71, 0.00, 36.38, 70.33, 0, 0
2.00, 5.70, 20.00, 20.00, -2316.29, 20.00, 4.63, 15.00, 9.74, 0.00, 35.83, 0.00, 48.57, 78.02, 0, 0
2.00, 5.70, 19.88, 19.88, -2561.67, 20.00, 4.63, 14.44, 9.12, 0.00, 5.66, 0.00, 59.25, 87.21, 0, 0
2.00, 5.70, 19.77, 19.77, -2718.85, 20.00, 4.63, 13.89, 8.62, 0.00, 0.00, 0.00, 0.00, 90.00, 0, 0
2.00, 5.70, 19.69, 19.69, -2805.62, 20.00, 4.63, 13.89, 8.50, 0.00, 0.00, 0.00, 0.00, 90.00, 0, 0
2.00, 5.70, 19.60, 19.60, -2915.60, 20.00, 4.63, 13.33, 8.00, 0.00, 0.00, 0.00, 0.00, 90.00, 0, 0
2.00, 5.70, 19.52, 19.52, -3025.09, 20.00, 4.63, 12.78, 7.39, 0.00, 0.00, 0.00, 0.00, 90.00, 0, 0
2.00, 5.70, 19.46, 19.46, -3096.15, 20.00, 4.63, 12.78, 7.39, 0.00, 0.00, 0.00, 0.00, 90.00, 0, 0
2.00, 5.70, 19.39, 19.39, -3198.96, 20.00, 4.63, 12.22, 6.77, 0.00, 0.00, 0.00, 0.00, 90.00, 0, 0
2.00, 5.70, 19.31, 19.31, -3305.82, 20.00, 4.63, 11.67, 6.28, 0.00, 0.00, 0.00, 0.00, 90.00, 0, 0
2.00, 5.70, 19.23, 19.23, -3416.36, 20.00, 4.63, 11.11, 5.66, 0.00, 0.00, 0.00, 0.00, 90.00, 0, 0
2.00, 5.70, 19.13, 19.13, -3569.41, 20.00, 4.63, 10.00, 4.56, 0.00, 0.00, 0.00, 0.00, 90.00, 0, 0
2.00, 5.70, 19.04, 19.04, -3695.25, 20.00, 4.63, 9.44, 3.94, 0.00, 0.00, 0.00, 0.00, 90.00, 0, 0
2.00, 5.70, 18.94, 18.94, -3821.84, 20.00, 4.63, 8.89, 3.33, 0.00, 0.00, 0.00, 0.00, 90.00, 0, 0
2.00, 5.70, 18.83, 18.83, -3989.42, 20.00, 4.63, 7.78, 2.23, 0.00, 0.00, 0.00, 0.00, 90.00, 0, 0
2.00, 5.70, 20.00, 20.00, -4675.37, 20.00, 4.63, 7.22, 1.62, 0.00, 0.00, 0.00, 0.00, 90.00, 0, 0
2.00, 5.70, 20.00, 20.00, -4883.93, 20.00, 4.63, 6.11, 0.53, 0.00, 0.00, 0.00, 0.00, 90.00, 0, 0
2.00, 5.70, 20.00, 20.00, -4760.13, 20.00, 4.63, 6.67, 1.14, 0.00, 11.31, 0.00, -60.25, 88.44, 0, 0
2.00, 5.70, 20.00, 20.00, -3813.15, 20.00, 4.63, 8.33, 2.84, 63.82, 44.81, 41.48, -49.72, 79.13, 0, 0
2.00, 5.70, 20.00, 20.00, -4260.92, 20.00, 4.63, 8.33, 2.84, 1.83, 50.41, 54.58, -37.74, 71.26, 0, 0
2.00, 5.70, 20.00, 20.00, -3802.93, 20.00, 4.63, 9.44, 3.94, 24.54, 103.20, 68.26, -24.04, 65.41, 0, 0
2.00, 5.70, 20.00, 20.00, -3842.08, 20.00, 4.63, 10.00, 4.56, 0.43, 80.35, 82.18, -8.85, 62.18, 0, 0
2.00, 5.70, 20.00, 20.00, -3202.90, 20.00, 4.63, 11.11, 5.66, 0.00, 130.79, 0.00, 7.00, 61.99, 0, 0
2.00, 5.70, 19.96, 19.96, -2196.82, 20.00, 4.63, 11.67, 6.28, 0.00, 117.66, 0.00, 22.33, 64.88, 0, 0
2.00, 5.70, 19.83, 19.83, -2563.23, 20.00, 4.63, 11.67, 6.28, 0.00, 82.83, 0.00, 36.22, 70.46, 0, 0
2.00, 5.70, 19.59, 19.59, -3065.42, 20.00, 4.63, 11.11, 5.66, 0.00, 18.21, 0.00, 48.40, 78.12, 0, 0
2.00, 5.70, 19.37, 19.37, -3389.29, 20.00, 4.63, 10.00, 4.56, 0.00, 1.89, 0.00, 59.08, 87.29, 0, 0
2.00, 5.70, 19.19, 19.19, -3595.87, 20.00, 4.63, 9.44, 4.07, 0.00, 0.00, 0.00, 0.00, 90.00, 0, 0
2.00, 5.70, 19.05, 19.05, -3729.08, 20.00, 4.63, 9.44, 3.94, 0.00, 0.00, 0.00, 0.00, 90.00, 0, 0
2.00, 5.70, 18.93, 18.93, -3837.14, 20.00, 4.63, 9.44, 3.94, 0.00, 0.00, 0.00, 0.00, 90.00, 0, 0
2.00, 5.70, 18.83, 18.83, -3968.98, 20.00, 4.63, 8.89, 3.46, 0.00, 0.00, 0.00, 0.00, 90.00, 0, 0
2.00, 5.70, 18.73, 18.73, -4060.63, 20.00, 4.63, 8.89, 3.33, 0.00, 0.00, 0.00, 0.00, 90.00, 0, 0
2.00, 5.70, 18.64, 18.64, -4182.68, 20.00, 4.63, 8.33, 2.84, 0.00, 0.00, 0.00, 0.00, 90.00, 0, 0
2.00, 5.70, 18.55, 18.55, -4268.32, 20.00, 4.63, 8.33, 2.84, 0.00, 0.00, 0.00, 0.00, 90.00, 0, 0
2.00, 5.70, 18.47, 18.47, -4347.62, 20.00, 4.63, 8.33, 2.71, 0.00, 0.00, 0.00, 0.00, 90.00, 0, 0
2.00, 5.70, 18.39, 18.39, -4461.75, 20.00, 4.63, 7.78, 2.23, 0.00, 0.00, 0.00, 0.00, 90.00, 0, 0
2.00, 5.70, 18.31, 18.31, -4542.26, 20.00, 4.63, 7.78, 2.23, 0.00, 0.00, 0.00, 0.00, 90.00, 0, 0
2.00, 5.70, 18.23, 18.23, -4618.06, 20.00, 4.63, 7.78, 2.23, 0.00, 0.00, 0.00, 0.00, 90.00, 0, 0
2.00, 5.70, 18.16, 18.16, -4690.48, 20.00, 4.63, 7.78, 2.23, 0.00, 0.00, 0.00, 0.00, 90.00, 0, 0
2.00, 5.70, 20.00, 20.00, -3473.80, 20.00, 4.63, 7.22, 1.75, 0.00, 0.00, 0.00, 0.00, 90.00, 0, 0
2.00, 5.70, 20.00, 20.00, -3493.64, 20.00, 4.63, 7.22, 1.75, 0.00, 0.00, 0.00, 0.00, 90.00, 0, 0
2.00, 5.70, 20.00, 20.00, -3453.44, 20.00, 4.63, 7.78, 2.23, 0.00, 7.54, 0.00, -60.17, 88.61, 0, 0
2.00, 5.70, 20.60, 20.60, 10.90, 20.00, 4.63, 10.00, 4.43, 342.63, 40.77, 41.49, -49.67, 79.31, 0, 0
2.00, 5.70, 20.72, 20.72, -551.36, 20.00, 4.63, 12.22, 6.77, 298.15, 82.69, 54.56, -37.71, 71.44, 0, 0
2.00, 5.70, 20.32, 20.32, -1982.68, 20.00, 4.63, 13.33, 7.88, 53.85, 111.61, 68.22, -24.05, 65.60, 0, 0
2.00, 5.70, 20.06, 20.06, -2212.79, 20.00, 4.63, 13.89, 8.37, 6.05, 119.92, 82.12, -8.90, 62.36, 0, 0
2.00, 5.70, 20.02, 20.02, -1967.56, 20.00, 4.63, 14.44, 8.99, 0.00, 131.32, 0.00, 6.91, 62.16, 0, 0
2.00, 5.70, 20.19, 20.19, -1406.77, 20.00, 4.63, 16.11, 10.59, 0.00, 125.97, 0.00, 22.20, 65.03, 0, 0
2.00, 5.70, 20.16, 20.16, -1765.78, 20.00, 4.63, 16.11, 10.59, 0.00, 94.00, 0.00, 36.07, 70.58, 0, 0
2.00, 5.70, 19.99, 19.99, -2267.12, 20.00, 4.63, 15.00, 9.48, 0.00, 49.45, 0.00, 48.24, 78.22, 0, 0
2.00, 5.70, 19.77, 19.77, -2680.89, 20.00, 4.63, 13.89, 8.37, 0.00, 16.97, 0.00, 58.90, 87.37, 0, 0
2.00, 5.70, 19.57, 19.57, -2950.31, 20.00, 4.63, 13.33, 7.88, 0.00, 1.89, 0.00, 0.00, 90.00, 0, 0
2.00, 5.70, 19.41, 19.41, -3137.78, 20.00, 4.63, 12.78, 7.26, 0.00, 0.00, 0.00, 0.00, 90.00, 0, 0
2.00, 5.70, 19.28, 19.28, -3292.79, 20.00, 4.63, 12.22, 6.64, 0.00, 0.00, 0.00, 0.00, 90.00, 0, 0
2.00, 5.70, 19.17, 19.17, -3432.59, 20.00, 4.63, 11.67, 6.15, 0.00, 0.00, 0.00, 0.00, 90.00, 0, 0
2.00, 5.70, 19.06, 19.06, -3564.25, 20.00, 4.63, 11.11, 5.53, 0.00, 0.00, 0.00, 0.00, 90.00, 0, 0
2.00, 5.70, 18.96, 18.96, -3691.83, 20.00, 4.63, 10.56, 4.91, 0.00, 0.00, 0.00, 0.00, 90.00, 0, 0
2.00, 5.70, 18.86, 18.86, -3817.82, 20.00, 4.63, 10.00, 4.29, 0.00, 0.00, 0.00, 0.00, 90.00, 0, 0
2.00, 5.70, 18.77, 18.77, -3943.63, 20.00, 4.63, 9.44, 3.81, 0.00, 0.00, 0.00, 0.00, 90.00, 0, 0
2.00, 5.70, 18.66, 18.66, -4109.82, 20.00, 4.63, 8.33, 2.71, 0.00, 0.00, 0.00, 0.00, 90.00, 0, 0
2.00, 5.70, 18.55, 18.55, -4247.26, 20.00, 4.63, 7.78, 2.10, 0.00, 0.00, 0.00, 0.00, 90.00, 0, 0
2.00, 5.70, 18.44, 18.44, -4384.44, 20.00, 4.63, 7.22, 1.48, 0.00, 0.00, 0.00, 0.00, 90.00, 0, 0
2.00, 5.70, 18.32, 18.32, -4561.96, 20.00, 4.63, 6.11, 0.39, 0.00, 0.00, 0.00, 0.00, 90.00, 0, 0
2.00, 5.70, 20.00, 20.00, -5063.15, 20.00, 4.63, 5.56, -0.22, 0.00, 0.00, 0.00, 0.00, 90.00, 0, 0
2.00, 5.70, 20.00, 20.00, -5174.80, 20.00, 4.63, 5.00, -0.83, 0.00, 0.00, 0.00, 0.00, 90.00, 0, 0
2.00, 5.70, 20.00, 20.00, -5056.48, 20.00, 4.63, 5.56, -0.22, 0.00, 9.43, 0.00, -60.10, 88.79, 0, 0
2.00, 5.70, 20.00, 20.00, -3367.63, 20.00, 4.63, 7.22, 1.48, 148.84, 46.08, 41.50, -49.62, 79.48, 0, 0
2.00, 5.70, 20.20, 20.20, -1523.28, 20.00, 4.63, 10.00, 4.29, 389.81, 79.49, 54.54, -37.68, 71.63, 0, 0
2.00, 5.70, 20.12, 20.12, -2084.68, 20.00, 4.63, 12.22, 6.50, 315.50, 79.60, 68.17, -24.06, 65.78, 0, 0
2.00, 5.70, 20.09, 20.09, -2101.09, 20.00, 4.63, 13.89, 8.23, 111.10, 88.99, 82.06, -8.95, 62.54, 0, 0
2.00, 5.70, 20.21, 20.21, -1707.22, 20.00, 4.63, 15.00, 9.34, 0.00, 100.35, 0.00, 6.81, 62.33, 0, 0
2.00, 5.70, 20.42, 20.42, -983.51, 20.00, 4.63, 15.56, 9.97, 0.00, 92.66, 0.00, 22.06, 65.17, 0, 0
2.00, 5.70, 20.49, 20.49, -1132.88, 20.00, 4.63, 15.56, 9.97, 0.00, 71.47, 0.00, 35.92, 70.69, 0, 0
2.00, 5.70, 20.37, 20.37, -1621.61, 20.00, 4.63, 14.44, 8.85, 0.00, 48.86, 0.00, 48.08, 78.31, 0, 0
2.00, 5.70, 20.14, 20.14, -2172.97, 20.00, 4.63, 13.33, 7.60, 0.00, 18.86, 0.00, 58.73, 87.44, 0, 0
2.00, 5.70, 19.91, 19.91, -2536.41, 20.00, 4.63, 12.22, 6.50, 0.00, 1.89, 0.00, 0.00, 90.00, 0, 0
2.00, 5.70, 19.72, 19.72, -2770.90, 20.00, 4.63, 11.67, 6.01, 0.00, 0.00, 0.00, 0.00, 90.00, 0, 0
2.00, 5.70, 19.56, 19.56, -2963.05, 20.00, 4.63, 11.11, 5.39, 0.00, 0.00, 0.00, 0.00, 90.00, 0, 0
2.00, 5.70, 19.43, 19.43, -3133.18, 20.00, 4.63, 10.56, 4.77, 0.00, 0.00, 0.00, 0.00, 90.00, 0, 0
2.00, 5.70, 19.30, 19.30, -3290.32, 20.00, 4.63, 10.00, 4.15, 0.00, 0.00, 0.00, 0.00, 90.00, 0, 0
2.00, 5.70, 19.19, 19.19, -3439.84, 20.00, 4.63, 9.44, 3.67, 0.00, 0.00, 0.00, 0.00, 90.00, 0, 0
2.00, 5.70, 19.08, 19.08, -3585.41, 20.00, 4.63, 8.89, 3.05, 0.00, 0.00, 0.00, 0.00, 90.00, 0, 0
2.00, 5.70, 18.96, 18.96, -3768.54, 20.00, 4.63, 7.78, 1.96, 0.00, 0.00, 0.00, 0.00, 90.00, 0, 0
2.00, 5.70, 18.84, 18.84, -3920.92, 20.00, 4.63, 7.22, 1.34, 0.00, 0.00, 0.00, 0.00, 90.00, 0, 0
2.00, 5.70, 18.73, 18.73, -4071.44, 20.00, 4.63, 6.67, 0.87, 0.00, 0.00, 0.00, 0.00, 90.00, 0, 0
2.00, 5.70, 18.61, 18.61, -4221.77, 20.00, 4.63, 6.11, 0.25, 0.00, 0.00, 0.00, 0.00, 90.00, 0, 0
2.00, 5.70, 18.49, 18.49, -4372.80, 20.00, 4.63, 5.56, -0.36, 0.00, 0.00, 0.00, 0.00, 90.00, 0, 0
2.00, 5.70, 20.00, 20.00, -5123.25, 20.00, 4.63, 5.00, -0.98, 0.00, 0.00, 0.00, 0.00, 90.00, 0, 0
2.00, 5.70, 20.00, 20.00, -5242.84, 20.00, 4.63, 4.44, -1.44, 0.00, 0.00, 0.00, 0.00, 90.00, 0, 0
2.00, 5.70, 20.00, 20.00, -5106.94, 20.00, 4.63, 5.00, -0.83, 0.00, 15.08, 0.00, -60.04, 88.95, 0, 0
2.00, 5.70, 20.09, 20.09, -1918.83, 20.00, 4.63, 7.22, 1.34, 302.38, 54.47, 41.51, -49.57, 79.66, 0, 0
2.00, 5.70, 20.00, 20.00, -2430.27, 20.00, 4.63, 9.44, 3.52, 230.73, 79.72, 54.51, -37.66, 71.81, 0, 0
2.00, 5.70, 20.00, 20.00, -2529.22, 20.00, 4.63, 11.11, 5.24, 215.07, 101.81, 68.13, -24.08, 65.96, 0, 0
2.00, 5.70, 20.00, 20.00, -2255.81, 20.00, 4.63, 12.78, 6.97, 112.88, 98.04, 82.00, -9.01, 62.71, 0, 0
2.00, 5.70, 20.18, 20.18, -1726.58, 20.00, 4.63, 14.44, 8.56, 0.00, 88.93, 0.00, 6.71, 62.48, 0, 0
2.00, 5.70, 20.44, 20.44, -939.83, 20.00, 4.63, 15.00, 9.19, 0.00, 82.96, 0.00, 21.93, 65.30, 0, 0
2.00, 5.70, 20.52, 20.52, -1109.34, 20.00, 4.63, 15.00, 9.19, 0.00, 79.56, 0.00, 35.77, 70.80, 0, 0
2.00, 5.70, 20.40, 20.40, -1629.07, 20.00, 4.63, 13.89, 8.08, 0.00, 52.37, 0.00, 47.91, 78.40, 0, 0
2.00, 5.70, 20.15, 20.15, -2215.16, 20.00, 4.63, 12.22, 6.35, 0.00, 13.20, 0.00, 58.57, 87.51, 0, 0
2.00, 5.70, 19.93, 19.93, -2532.33, 20.00, 4.63, 11.67, 5.87, 0.00, 0.00, 0.00, 0.00, 90.00, 0, 0
2.00, 5.70, 19.75, 19.75, -2754.41, 20.00, 4.63, 11.11, 5.24, 0.00, 0.00, 0.00, 0.00, 90.00, 0, 0
2.00, 5.70, 19.60, 19.60, -2943.83, 20.00, 4.63, 10.56, 4.62, 0.00, 0.00, 0.00, 0.00, 90.00, 0, 0
2.00, 5.70, 19.46, 19.46, -3113.70, 20.00, 4.63, 10.00, 3.99, 0.00, 0.00, 0.00, 0.00, 90.00, 0, 0
2.00, 5.70, 19.33, 19.33, -3311.29, 20.00, 4.63, 8.89, 3.05, 0.00, 0.00, 0.00, 0.00, 90.00, 0, 0
2.00, 5.70, 19.20, 19.20, -3472.16, 20.00, 4.63, 8.33, 2.43, 0.00, 0.00, 0.00, 0.00, 90.00, 0, 0
2.00, 5.70, 19.09, 19.09, -3627.41, 20.00, 4.63, 7.78, 1.81, 0.00, 0.00, 0.00, 0.00, 90.00, 0, 0
2.00, 5.70, 18.97, 18.97, -3779.86, 20.00, 4.63, 7.22, 1.19, 0.00, 0.00, 0.00, 0.00, 90.00, 0, 0
2.00, 5.70, 18.84, 18.84, -3970.84, 20.00, 4.63, 6.11, 0.10, 0.00, 0.00, 0.00, 0.00, 90.00, 0, 0
2.00, 5.70, 18.72, 18.72, -4131.44, 20.00, 4.63, 5.56, -0.36, 0.00, 0.00, 0.00, 0.00, 90.00, 0, 0
2.00, 5.70, 18.59, 18.59, -4290.76, 20.00, 4.63, 5.00, -0.98, 0.00, 0.00, 0.00, 0.00, 90.00, 0, 0
2.00, 5.70, 18.46, 18.46, -4489.67, 20.00, 4.63, 3.89, -2.06, 0.00, 0.00, 0.00, 0.00, 90.00, 0, 0
2.00, 5.70, 20.00, 20.00, -5440.07, 20.00, 4.63, 3.33, -2.67, 0.00, 0.00, 0.00, 0.00, 90.00, 0, 0
2.00, 5.70, 20.00, 20.00, -5581.76, 20.00, 4.63, 2.78, -3.29, 0.00, 0.00, 0.00, 0.00, 90.00, 0, 0
2.00, 5.70, 20.00, 20.00, -5463.00, 20.00, 4.63, 3.33, -2.67, 0.00, 11.31, 0.00, -59.98, 89.12, 0, 0
2.00, 5.70, 20.48, 20.48, -723.43, 20.00, 4.63, 5.56, -0.52, 460.65, 38.39, 41.51, -49.53, 79.83, 0, 0
2.00, 5.70, 20.67, 20.67, -858.49, 20.00, 4.63, 8.33, 2.27, 467.29, 61.08, 54.49, -37.65, 71.98, 0, 0
2.00, 5.70, 20.34, 20.34, -2228.84, 20.00, 4.63, 10.00, 3.99, 259.12, 96.09, 68.08, -24.10, 66.13, 0, 0
2.00, 5.70, 20.09, 20.09, -2540.18, 20.00, 4.63, 11.11, 5.24, 65.55, 124.22, 81.93, -9.08, 62.88, 0, 0
2.00, 5.70, 20.11, 20.11, -2133.74, 20.00, 4.63, 12.22, 6.35, 0.00, 112.29, 0.00, 6.60, 62.63, 0, 0
2.00, 5.70, 20.31, 20.31, -1289.06, 20.00, 4.63, 12.78, 6.82, 0.00, 99.53, 0.00, 21.80, 65.43, 0, 0
2.00, 5.70, 20.38, 20.38, -1397.09, 20.00, 4.63, 12.78, 6.82, 0.00, 71.54, 0.00, 35.62, 70.90, 0, 0
2.00, 5.70, 20.30, 20.30, -1750.75, 20.00, 4.63, 11.67, 5.72, 0.00, 42.90, 0.00, 47.76, 78.48, 0, 0
2.00, 5.70, 20.06, 20.06, -2368.71, 20.00, 4.63, 10.00, 4.15, 0.00, 15.08, 0.00, 58.40, 87.57, 0, 0
2.00, 5.70, 19.84, 19.84, -2704.92, 20.00, 4.63, 9.44, 3.52, 0.00, 0.00, 0.00, 0.00, 90.00, 0, 0
2.00, 5.70, 19.65, 19.65, -2942.92, 20.00, 4.63, 8.89, 2.90, 0.00, 0.00, 0.00, 0.00, 90.00, 0, 0
2.00, 5.70, 19.49, 19.49, -3149.47, 20.00, 4.63, 8.33, 2.43, 0.00, 0.00, 0.00, 0.00, 90.00, 0, 0
2.00, 5.70, 19.34, 19.34, -3337.04, 20.00, 4.63, 7.78, 1.81, 0.00, 0.00, 0.00, 0.00, 90.00, 0, 0
2.00, 5.70, 19.21, 19.21, -3513.13, 20.00, 4.63, 7.22, 1.19, 0.00, 0.00, 0.00, 0.00, 90.00, 0, 0
2.00, 5.70, 19.08, 19.08, -3682.42, 20.00, 4.63, 6.67, 0.56, 0.00, 0.00, 0.00, 0.00, 90.00, 0, 0
2.00, 5.70, 18.95, 18.95, -3847.71, 20.00, 4.63, 6.11, 0.10, 0.00, 0.00, 0.00, 0.00, 90.00, 0, 0
2.00, 5.70, 18.83, 18.83, -4011.14, 20.00, 4.63, 5.56, -0.52, 0.00, 0.00, 0.00, 0.00, 90.00, 0, 0
2.00, 5.70, 18.70, 18.70, -4173.86, 20.00, 4.63, 5.00, -1.14, 0.00, 0.00, 0.00, 0.00, 90.00, 0, 0
2.00, 5.70, 18.58, 18.58, -4336.53, 20.00, 4.63, 4.44, -1.60, 0.00, 0.00, 0.00, 0.00, 90.00, 0, 0
2.00, 5.70, 18.45, 18.45, -4499.93, 20.00, 4.63, 3.89, -2.21, 0.00, 0.00, 0.00, 0.00, 90.00, 0, 0
2.00, 5.70, 18.32, 18.32, -4664.32, 20.00, 4.63, 3.33, -2.82, 0.00, 0.00, 0.00, 0.00, 90.00, 0, 0
2.00, 5.70, 20.00, 20.00, -5584.54, 20.00, 4.63, 2.78, -3.29, 0.00, 0.00, 0.00, 0.00, 90.00, 0, 0
2.00, 5.70, 20.00, 20.00, -5724.05, 20.00, 4.63, 2.22, -3.89, 0.00, 0.00, 0.00, 0.00, 90.00, 0, 0
2.00, 5.70, 20.00, 20.00, -5720.75, 20.00, 4.63, 2.22, -3.89, 0.00, 7.54, 0.00, -59.93, 89.28, 0, 0
2.00, 5.70, 20.00, 20.00, -4317.31, 20.00, 4.63, 3.89, -2.21, 113.39, 43.49, 41.51, -49.50, 80.00, 0, 0
2.00, 5.70, 20.00, 20.00, -3469.57, 20.00, 4.63, 5.56, -0.36, 216.41, 79.04, 54.45, -37.64, 72.15, 0, 0
2.00, 5.70, 20.00, 20.00, -3979.99, 20.00, 4.63, 7.22, 1.19, 63.75, 111.15, 68.02, -24.12, 66.30, 0, 0
2.00, 5.70, 20.00, 20.00, -3612.25, 20.00, 4.63, 8.33, 2.43, 55.39, 124.89, 81.86, -9.14, 63.04, 0, 0
2.00, 5.70, 20.00, 20.00, -3088.98, 20.00, 4.63, 10.00, 3.99, 0.00, 106.91, 0.00, 6.50, 62.77, 0, 0
2.00, 5.70, 20.00, 20.00, -2010.53, 20.00, 4.63, 10.56, 4.62, 0.00, 98.82, 0.00, 21.67, 65.55, 0, 0
2.00, 5.70, 19.94, 19.94, -2170.84, 20.00, 4.63, 10.56, 4.62, 0.00, 88.51, 0.00, 35.47, 71.00, 0, 0
2.00, 5.70, 19.71, 19.71, -2799.57, 20.00, 4.63, 9.44, 3.52, 0.00, 46.29, 0.00, 47.60, 78.55, 0, 0
2.00, 5.70, 19.44, 19.44, -3280.87, 20.00, 4.63, 8.33, 2.43, 0.00, 11.31, 0.00, 58.24, 87.62, 0, 0
2.00, 5.70, 19.21, 19.21, -3584.77, 20.00, 4.63, 7.78, 1.96, 0.00, 0.00, 0.00, 0.00, 90.00, 0, 0
2.00, 5.70, 19.03, 19.03, -3766.23, 20.00, 4.63, 7.78, 1.96, 0.00, 0.00, 0.00, 0.00, 90.00, 0, 0
2.00, 5.70, 18.87, 18.87, -3949.82, 20.00, 4.63, 7.22, 1.34, 0.00, 0.00, 0.00, 0.00, 90.00, 0, 0
2.00, 5.70, 18.74, 18.74, -4079.37, 20.00, 4.63, 7.22, 1.34, 0.00, 0.00, 0.00, 0.00, 90.00, 0, 0
2.00, 5.70, 18.62, 18.62, -4230.97, 20.00, 4.63, 6.67, 0.87, 0.00, 0.00, 0.00, 0.00, 90.00, 0, 0
2.00, 5.70, 18.51, 18.51, -4340.64, 20.00, 4.63, 6.67, 0.87, 0.00, 0.00, 0.00, 0.00, 90.00, 0, 0
2.00, 5.70, 18.42, 18.42, -4440.36, 20.00, 4.63, 6.67, 0.72, 0.00, 0.00, 0.00, 0.00, 90.00, 0, 0
2.00, 5.70, 18.31, 18.31, -4572.52, 20.00, 4.63, 6.11, 0.25, 0.00, 0.00, 0.00, 0.00, 90.00, 0, 0
2.00, 5.70, 18.22, 18.22, -4669.26, 20.00, 4.63, 6.11, 0.25, 0.00, 0.00, 0.00, 0.00, 90.00, 0, 0
2.00, 5.70, 18.12, 18.12, -4799.70, 20.00, 4.63, 5.56, -0.36, 0.00, 0.00, 0.00, 0.00, 90.00, 0, 0
2.00, 5.70, 18.02, 18.02, -4895.29, 20.00, 4.63, 5.56, -0.36, 0.00, 0.00, 0.00, 0.00, 90.00, 0, 0
2.00, 5.70, 17.94, 17.94, -4985.42, 20.00, 4.63, 5.56, -0.36, 0.00, 0.00, 0.00, 0.00, 90.00, 0, 0
2.00, 5.70, 20.00, 20.00, -5349.29, 20.00, 4.63, 5.00, -0.83, 0.00, 0.00, 0.00, 0.00, 90.00, 0, 0
2.00, 5.70, 20.00, 20.00, -5353.44, 20.00, 4.63, 5.00, -0.83, 0.00, 0.00, 0.00, 0.00, 90.00, 0, 0
2.00, 5.70, 20.00, 20.00, -5247.00, 20.00, 4.63, 5.56, -0.36, 0.00, 3.77, 0.00, -59.88, 89.44, 0, 0
2.00, 5.70, 20.00, 20.00, -5258.98, 20.00, 4.63, 5.56, -0.22, 0.00, 1.89, 41.50, -49.48, 80.16, 0, 0
2.00, 5.70, 20.00, 20.00, -5039.41, 20.00, 4.63, 6.11, 0.39, 0.00, 35.83, 54.42, -37.64, 72.32, 0, 0
2.00, 5.70, 20.00, 20.00, -4805.08, 20.00, 4.63, 6.67, 1.01, 0.00, 69.76, 67.97, -24.15, 66.46, 0, 0
2.00, 5.70, 20.00, 20.00, -4468.78, 20.00, 4.63, 7.78, 2.10, 1.80, 98.99, 81.79, -9.21, 63.19, 0, 0
2.00, 5.70, 20.00, 20.00, -4014.95, 20.00, 4.63, 8.89, 3.19, 0.00, 127.68, 0.00, 6.40, 62.91, 0, 0
2.00, 5.70, 19.62, 19.62, -3002.20, 20.00, 4.63, 9.44, 3.81, 0.00, 114.86, 0.00, 21.53, 65.66, 0, 0
2.00, 5.70, 19.25, 19.25, -3569.86, 20.00, 4.63, 9.44, 3.81, 0.00, 48.37, 0.00, 35.32, 71.09, 0, 0
2.00, 5.70, 18.95, 18.95, -3917.27, 20.00, 4.63, 8.89, 3.19, 0.00, 26.40, 0.00, 47.44, 78.61, 0, 0
2.00, 5.70, 18.69, 18.69, -4235.66, 20.00, 4.63, 8.33, 2.58, 0.00, 3.77, 0.00, 58.08, 87.67, 0, 0
2.00, 5.70, 18.48, 18.48, -4452.11, 20.00, 4.63, 7.78, 2.10, 0.00, 0.00, 0.00, 0.00, 90.00, 0, 0
2.00, 5.70, 18.33, 18.33, -4586.81, 20.00, 4.63, 7.78, 2.10, 0.00, 0.00, 0.00, 0.00, 90.00, 0, 0
2.00, 5.70, 18.21, 18.21, -4695.00, 20.00, 4.63, 7.78, 2.10, 0.00, 0.00, 0.00, 0.00, 90.00, 0, 0
2.00, 5.70, 18.10, 18.10, -4786.68, 20.00, 4.63, 7.78, 2.10, 0.00, 0.00, 0.00, 0.00, 90.00, 0, 0
2.00, 5.70, 18.01, 18.01, -4867.80, 20.00, 4.63, 7.78, 2.10, 0.00, 0.00, 0.00, 0.00, 90.00, 0, 0
2.00, 5.70, 17.92, 17.92, -4981.49, 20.00, 4.63, 7.22, 1.48, 0.00, 0.00, 0.00, 0.00, 90.00, 0, 0
2.00, 5.70, 17.83, 17.83, -5059.85, 20.00, 4.63, 7.22, 1.48, 0.00, 0.00, 0.00, 0.00, 90.00, 0, 0
2.00, 5.70, 17.75, 17.75, -5132.50, 20.00, 4.63, 7.22, 1.48, 0.00, 0.00, 0.00, 0.00, 90.00, 0, 0
2.00, 5.70, 17.67, 17.67, -5240.78, 20.00, 4.63, 6.67, 0.87, 0.00, 0.00, 0.00, 0.00, 90.00, 0, 0
2.00, 5.70, 17.59, 17.59, -5315.75, 20.00, 4.63, 6.67, 0.87, 0.00, 0.00, 0.00, 0.00, 90.00, 0, 0
2.00, 5.70, 17.50, 17.50, -5425.90, 20.00, 4.63, 6.11, 0.39, 0.00, 0.00, 0.00, 0.00, 90.00, 0, 0
2.00, 5.70, 17.41, 17.41, -5502.59, 20.00, 4.63, 6.11, 0.39, 0.00, 0.00, 0.00, 0.00, 90.00, 0, 0
2.00, 5.70, 20.00, 20.00, -5373.96, 20.00, 4.63, 5.56, -0.08, 0.00, 0.00, 0.00, 0.00, 90.00, 0, 0
2.00, 5.70, 20.00, 20.00, -5369.58, 20.00, 4.63, 5.56, -0.08, 0.00, 0.00, 0.00, 0.00, 90.00, 0, 0
2.00, 5.70, 20.00, 20.00, -5234.21, 20.00, 4.63, 6.11, 0.39, 0.00, 9.43, 0.00, -59.85, 89.60, 0, 0
2.00, 5.70, 20.01, 20.01, -1767.03, 20.00, 4.63, 8.89, 3.19, 321.37, 47.10, 41.49, -49.45, 80.32, 0, 0
2.00, 5.70, 20.00, 20.00, -2064.41, 20.00, 4.63, 11.11, 5.53, 281.11, 80.48, 54.38, -37.65, 72.48, 0, 0
2.00, 5.70, 20.00, 20.00, -2669.94, 20.00, 4.63, 12.78, 7.12, 151.86, 107.02, 67.91, -24.19, 66.62, 0, 0
2.00, 5.70, 20.00, 20.00, -2710.39, 20.00, 4.63, 13.89, 8.23, 30.47, 131.98, 81.71, -9.28, 63.34, 0, 0
2.00, 5.70, 20.00, 20.00, -2695.04, 20.00, 4.63, 14.44, 8.85, 0.00, 125.03, 0.00, 6.29, 63.04, 0, 0
2.00, 5.70, 19.89, 19.89, -2019.40, 20.00, 4.63, 15.00, 9.34, 0.00, 116.51, 0.00, 21.40, 65.77, 0, 0
2.00, 5.70, 19.83, 19.83, -2044.21, 20.00, 4.63, 15.00, 9.48, 0.00, 90.69, 0.00, 35.17, 71.17, 0, 0
2.00, 5.70, 19.66, 19.66, -2505.48, 20.00, 4.63, 14.44, 8.85, 0.00, 51.75, 0.00, 47.29, 78.67, 0, 0
2.00, 5.70, 19.40, 19.40, -3033.88, 20.00, 4.63, 12.78, 7.26, 0.00, 15.08, 0.00, 57.93, 87.71, 0, 0
2.00, 5.70, 19.18, 19.18, -3319.64, 20.00, 4.63, 12.22, 6.64, 0.00, 1.89, 0.00, 0.00, 90.00, 0, 0
2.00, 5.70, 19.01, 19.01, -3523.38, 20.00, 4.63, 11.67, 6.15, 0.00, 0.00, 0.00, 0.00, 90.00, 0, 0
2.00, 5.70, 18.88, 18.88, -3651.55, 20.00, 4.63, 11.67, 6.01, 0.00, 0.00, 0.00, 0.00, 90.00, 0, 0
2.00, 5.70, 18.76, 18.76, -3792.07, 20.00, 4.63, 11.11, 5.53, 0.00, 0.00, 0.00, 0.00, 90.00, 0, 0
2.00, 5.70, 18.66, 18.66, -3924.87, 20.00, 4.63, 10.56, 4.91, 0.00, 0.00, 0.00, 0.00, 90.00, 0, 0
2.00, 5.70, 18.56, 18.56, -4053.68, 20.00, 4.63, 10.00, 4.29, 0.00, 0.00, 0.00, 0.00, 90.00, 0, 0
2.00, 5.70, 18.46, 18.46, -4180.63, 20.00, 4.63, 9.44, 3.81, 0.00, 0.00, 0.00, 0.00, 90.00, 0, 0
2.00, 5.70, 18.36, 18.36, -4307.41, 20.00, 4.63, 8.89, 3.19, 0.00, 0.00, 0.00, 0.00, 90.00, 0, 0
2.00, 5.70, 18.26, 18.26, -4434.81, 20.00, 4.63, 8.33, 2.71, 0.00, 0.00, 0.00, 0.00, 90.00, 0, 0
2.00, 5.70, 18.16, 18.16, -4563.66, 20.00, 4.63, 7.78, 2.10, 0.00, 0.00, 0.00, 0.00, 90.00, 0, 0
2.00, 5.70, 18.06, 18.06, -4694.30, 20.00, 4.63, 7.22, 1.48, 0.00, 0.00, 0.00, 0.00, 90.00, 0, 0
2.00, 5.70, 17.97, 17.97, -4787.37, 20.00, 4.63, 7.22, 1.48, 0.00, 0.00, 0.00, 0.00, 90.00, 0, 0
2.00, 5.70, 20.00, 20.00, -3451.85, 20.00, 4.63, 6.11, 0.39, 0.00, 0.00, 0.00, 0.00, 90.00, 0, 0
2.00, 5.70, 20.00, 20.00, -3480.29, 20.00, 4.63, 6.11, 0.39, 0.00, 0.00, 0.00, 0.00, 90.00, 0, 0
2.00, 5.70, 20.00, 20.00, -3485.41, 20.00, 4.63, 6.11, 0.39, 0.00, 5.66, 0.00, -59.81, 89.75, 0, 0
2.00, 5.70, 20.00, 20.00, -3479.77, 20.00, 4.63, 6.11, 0.53, 0.00, 13.20, 41.48, -49.44, 80.48, 0, 0
2.00, 5.70, 20.00, 20.00, -3475.46, 20.00, 4.63, 6.67, 1.01, 0.00, 11.31, 54.34, -37.65, 72.63, 0, 0
2.00, 5.70, 20.00, 20.00, -3372.94, 20.00, 4.63, 6.67, 1.14, 0.00, 43.37, 67.85, -24.23, 66.77, 0, 0
2.00, 5.70, 20.00, 20.00, -3246.54, 20.00, 4.63, 7.78, 2.23, 0.00, 62.22, 81.64, -9.36, 63.48, 0, 0
2.00, 5.70, 20.00, 20.00, -3155.01, 20.00, 4.63, 8.33, 2.84, 0.00, 77.31, 0.00, 6.18, 63.16, 0, 0
2.00, 5.70, 19.41, 19.41, -3550.67, 20.00, 4.63, 8.33, 2.84, 0.00, 77.31, 0.00, 21.27, 65.87, 0, 0
2.00, 5.70, 19.00, 19.00, -3913.42, 20.00, 4.63, 8.33, 2.84, 0.00, 54.68, 0.00, 35.03, 71.25, 0, 0
2.00, 5.70, 18.70, 18.70, -4198.78, 20.00, 4.63, 8.33, 2.84, 0.00, 35.83, 0.00, 47.14, 78.73, 0, 0
2.00, 5.70, 18.44, 18.44, -4533.66, 20.00, 4.63, 7.78, 2.36, 0.00, 7.54, 0.00, 57.78, 87.75, 0, 0
2.00, 5.70, 18.23, 18.23, -4729.24, 20.00, 4.63, 7.78, 2.36, 0.00, 0.00, 0.00, 0.00, 90.00, 0, 0
2.00, 5.70, 18.08, 18.08, -4860.01, 20.00, 4.63, 7.78, 2.36, 0.00, 0.00, 0.00, 0.00, 90.00, 0, 0
2.00, 5.70, 17.96, 17.96, -4965.24, 20.00, 4.63, 7.78, 2.36, 0.00, 0.00, 0.00, 0.00, 90.00, 0, 0
2.00, 5.70, 17.85, 17.85, -5054.35, 20.00, 4.63, 7.78, 2.36, 0.00, 0.00, 0.00, 0.00, 90.00, 0, 0
2.00, 5.70, 17.78, 17.78, -5093.61, 20.00, 4.63, 8.33, 2.84, 0.00, 0.00, 0.00, 0.00, 90.00, 0, 0
2.00, 5.70, 17.71, 17.71, -5156.19, 20.00, 4.63, 8.33, 2.84, 0.00, 0.00, 0.00, 0.00, 90.00, 0, 0
2.00, 5.70, 17.64, 17.64, -5215.91, 20.00, 4.63, 8.33, 2.97, 0.00, 0.00, 0.00, 0.00, 90.00, 0, 0
2.00, 5.70, 17.57, 17.57, -5273.54, 20.00, 4.63, 8.33, 2.84, 0.00, 0.00, 0.00, 0.00, 90.00, 0, 0
2.00, 5.70, 17.51, 17.51, -5329.01, 20.00, 4.63, 8.33, 2.97, 0.00, 0.00, 0.00, 0.00, 90.00, 0, 0
2.00, 5.70, 17.46, 17.46, -5343.44, 20.00, 4.63, 8.89, 3.46, 0.00, 0.00, 0.00, 0.00, 90.00, 0, 0
2.00, 5.70, 17.41, 17.41, -5386.73, 20.00, 4.63, 8.89, 3.46, 0.00, 0.00, 0.00, 0.00, 90.00, 0, 0
2.00, 5.70, 17.35, 17.35, -5430.80, 20.00, 4.63, 8.89, 3.58, 0.00, 0.00, 0.00, 0.00, 90.00, 0, 0
2.00, 5.70, 20.00, 20.00, -4656.58, 20.00, 4.63, 9.44, 4.19, 0.00, 0.00, 0.00, 0.00, 90.00, 0, 0
2.00, 5.70, 20.00, 20.00, -4638.82, 20.00, 4.63, 9.44, 4.19, 0.00, 0.00, 0.00, 0.00, 90.00, 0, 0
2.00, 5.70, 20.00, 20.00, -4507.64, 20.00, 4.63, 10.00, 4.68, 0.00, 5.66, 0.00, -59.79, 89.90, 0, 0
2.00, 5.70, 20.00, 20.00, -4119.39, 20.00, 4.63, 11.11, 5.79, 7.09, 36.94, 41.46, -49.43, 80.63, 0, 0
2.00, 5.70, 20.00, 20.00, -3474.46, 20.00, 4.63, 12.78, 7.51, 38.67, 76.99, 54.29, -37.67, 72.78, 0, 0
2.00, 5.70, 20.00, 20.00, -2979.24, 20.00, 4.63, 14.44, 9.24, 69.19, 111.42, 67.78, -24.27, 66.92, 0, 0
2.00, 5.70, 20.00, 20.00, -2938.25, 20.00, 4.63, 15.56, 10.23, 5.56, 108.54, 81.56, -9.43, 63.61, 0, 0
2.00, 5.70, 20.00, 20.00, -2962.11, 20.00, 4.63, 15.56, 10.35, 0.00, 96.64, 0.00, 6.07, 63.28, 0, 0
2.00, 5.70, 19.64, 19.64, -2690.73, 20.00, 4.63, 16.11, 10.85, 0.00, 101.12, 0.00, 21.14, 65.96, 0, 0
2.00, 5.70, 19.41, 19.41, -2882.79, 20.00, 4.63, 16.11, 10.85, 0.00, 82.47, 0.00, 34.89, 71.32, 0, 0
2.00, 5.70, 19.18, 19.18, -3215.47, 20.00, 4.63, 15.56, 10.35, 0.00, 44.03, 0.00, 47.00, 78.78, 0, 0
2.00, 5.70, 18.96, 18.96, -3570.17, 20.00, 4.63, 14.44, 9.24, 0.00, 9.43, 0.00, 57.63, 87.78, 0, 0
2.00, 5.70, 18.78, 18.78, -3779.33, 20.00, 4.63, 13.89, 8.62, 0.00, 0.00, 0.00, 0.00, 90.00, 0, 0
2.00, 5.70, 18.65, 18.65, -3884.28, 20.00, 4.63, 13.89, 8.50, 0.00, 0.00, 0.00, 0.00, 90.00, 0, 0
2.00, 5.70, 18.55, 18.55, -3999.19, 20.00, 4.63, 13.33, 8.00, 0.00, 0.00, 0.00, 0.00, 90.00, 0, 0
2.00, 5.70, 18.45, 18.45, -4105.57, 20.00, 4.63, 12.78, 7.51, 0.00, 0.00, 0.00, 0.00, 90.00, 0, 0
2.00, 5.70, 18.37, 18.37, -4208.20, 20.00, 4.63, 12.22, 6.89, 0.00, 0.00, 0.00, 0.00, 90.00, 0, 0
2.00, 5.70, 18.28, 18.28, -4309.70, 20.00, 4.63, 11.67, 6.28, 0.00, 0.00, 0.00, 0.00, 90.00, 0, 0
2.00, 5.70, 18.22, 18.22, -4372.34, 20.00, 4.63, 11.67, 6.28, 0.00, 0.00, 0.00, 0.00, 90.00, 0, 0
2.00, 5.70, 18.14, 18.14, -4466.73, 20.00, 4.63, 11.11, 5.66, 0.00, 0.00, 0.00, 0.00, 90.00, 0, 0
2.00, 5.70, 18.05, 18.05, -4604.73, 20.00, 4.63, 10.00, 4.56, 0.00, 0.00, 0.00, 0.00, 90.00, 0, 0
2.00, 5.70, 17.96, 17.96, -4716.24, 20.00, 4.63, 9.44, 4.07, 0.00, 0.00, 0.00, 0.00, 90.00, 0, 0
2.00, 5.70, 17.87, 17.87, -4829.14, 20.00, 4.63, 8.89, 3.46, 0.00, 0.00, 0.00, 0.00, 90.00, 0, 0
2.00, 5.70, 17.78, 17.78, -4944.08, 20.00, 4.63, 8.33, 2.84, 0.00, 0.00, 0.00, 0.00, 90.00, 0, 0
2.00, 5.70, 20.00, 20.00, -4736.98, 20.00, 4.63, 7.78, 2.23, 0.00, 0.00, 0.00, 0.00, 90.00, 0, 0
2.00, 5.70, 20.00, 20.00, -4835.64, 20.00, 4.63, 7.22, 1.75, 0.00, 0.00, 0.00, 0.00, 90.00, 0, 0
2.00, 5.70, 20.00, 20.00, -4700.58, 20.00, 4.63, 7.78, 2.23, 0.00, 11.31, 0.00, 0.00, 90.00, 0, 0
2.00, 5.70, 20.00, 20.00, -2266.66, 20.00, 4.63, 10.00, 4.56, 215.22, 48.77, 41.43, -49.42, 80.77, 0, 0
2.00, 5.70, 20.00, 20.00, -3073.19, 20.00, 4.63, 11.11, 5.66, 97.71, 77.42, 54.24, -37.68, 72.93, 0, 0
2.00, 5.70, 20.00, 20.00, -2661.85, 20.00, 4.63, 13.33, 7.88, 128.01, 106.18, 67.71, -24.32, 67.06, 0, 0
2.00, 5.70, 20.00, 20.00, -2595.94, 20.00, 4.63, 14.44, 8.99, 33.20, 129.87, 81.48, -9.51, 63.74, 0, 0
2.00, 5.70, 20.00, 20.00, -2128.29, 20.00, 4.63, 15.56, 10.10, 0.00, 117.38, 0.00, 5.96, 63.39, 0, 0
2.00, 5.70, 20.02, 20.02, -1622.80, 20.00, 4.63, 16.67, 11.22, 0.00, 95.34, 0.00, 21.01, 66.05, 0, 0
2.00, 5.70, 20.02, 20.02, -1676.68, 20.00, 4.63, 16.67, 11.22, 0.00, 88.37, 0.00, 34.74, 71.38, 0, 0
2.00, 5.70, 19.87, 19.87, -2169.43, 20.00, 4.63, 16.11, 10.59, 0.00, 48.60, 0.00, 46.85, 78.82, 0, 0
2.00, 5.70, 19.63, 19.63, -2687.02, 20.00, 4.63, 14.44, 8.99, 0.00, 15.08, 0.00, 57.48, 87.80, 0, 0
2.00, 5.70, 19.42, 19.42, -2972.00, 20.00, 4.63, 13.89, 8.37, 0.00, 1.89, 0.00, 0.00, 90.00, 0, 0
2.00, 5.70, 19.25, 19.25, -3173.35, 20.00, 4.63, 13.33, 7.74, 0.00, 0.00, 0.00, 0.00, 90.00, 0, 0
2.00, 5.70, 19.11, 19.11, -3336.88, 20.00, 4.63, 12.78, 7.12, 0.00, 0.00, 0.00, 0.00, 90.00, 0, 0
2.00, 5.70, 19.00, 19.00, -3481.53, 20.00, 4.63, 12.22, 6.64, 0.00, 0.00, 0.00, 0.00, 90.00, 0, 0
2.00, 5.70, 18.88, 18.88, -3654.79, 20.00, 4.63, 11.11, 5.53, 0.00, 0.00, 0.00, 0.00, 90.00, 0, 0
2.00, 5.70, 18.77, 18.77, -3792.11, 20.00, 4.63, 10.56, 4.91, 0.00, 0.00, 0.00, 0.00, 90.00, 0, 0
2.00, 5.70, 18.67, 18.67, -3924.53, 20.00, 4.63, 10.00, 4.29, 0.00, 0.00, 0.00, 0.00, 90.00, 0, 0
2.00, 5.70, 18.57, 18.57, -4054.83, 20.00, 4.63, 9.44, 3.67, 0.00, 0.00, 0.00, 0.00, 90.00, 0, 0
2.00, 5.70, 18.47, 18.47, -4184.65, 20.00, 4.63, 8.89, 3.19, 0.00, 0.00, 0.00, 0.00, 90.00, 0, 0
2.00, 5.70, 18.37, 18.37, -4315.28, 20.00, 4.63, 8.33, 2.58, 0.00, 0.00, 0.00, 0.00, 90.00, 0, 0
2.00, 5.70, 18.26, 18.26, -4486.74, 20.00, 4.63, 7.22, 1.48, 0.00, 0.00, 0.00, 0.00, 90.00, 0, 0
2.00, 5.70, 18.14, 18.14, -4629.63, 20.00, 4.63, 6.67, 0.87, 0.00, 0.00, 0.00, 0.00, 90.00, 0, 0
2.00, 5.70, 20.00, 20.00, -4933.05, 20.00, 4.63, 6.11, 0.25, 0.00, 0.00, 0.00, 0.00, 90.00, 0, 0
2.00, 5.70, 20.00, 20.00, -5043.91, 20.00, 4.63, 5.56, -0.36, 0.00, 0.00, 0.00, 0.00, 90.00, 0, 0
2.00, 5.70, 20.00, 20.00, -5046.38, 20.00, 4.63, 5.56, -0.22, 0.00, 3.77, 0.00, 0.00, 90.00, 0, 0
2.00, 5.70, 20.00, 20.00, -4927.20, 20.00, 4.63, 6.11, 0.25, 0.00, 13.20, 41.41, -49.43, 80.92, 0, 0
2.00, 5.70, 20.00, 20.00, -4696.79, 20.00, 4.63, 6.67, 1.01, 0.00, 50.91, 54.19, -37.71, 73.07, 0, 0
2.00, 5.70, 20.00, 20.00, -4101.90, 20.00, 4.63, 8.33, 2.58, 33.60, 98.00, 67.64, -24.37, 67.20, 0, 0
2.00, 5.70, 20.00, 20.00, -3364.82, 20.00, 4.63, 10.56, 4.91, 63.74, 117.92, 81.39, -9.60, 63.87, 0, 0
2.00, 5.70, 20.00, 20.00, -2825.56, 20.00, 4.63, 12.22, 6.64, 0.00, 97.59, 0.00, 5.85, 63.49, 0, 0
2.00, 5.70, 19.95, 19.95, -1963.40, 20.00, 4.63, 13.33, 7.74, 0.00, 101.35, 0.00, 20.88, 66.13, 0, 0
2.00, 5.70, 19.81, 19.81, -2334.67, 20.00, 4.63, 13.33, 7.74, 0.00, 87.27, 0.00, 34.61, 71.44, 0, 0
2.00, 5.70, 19.59, 19.59, -2799.09, 20.00, 4.63, 12.78, 7.12, 0.00, 46.49, 0.00, 46.71, 78.85, 0, 0
2.00, 5.70, 19.34, 19.34, -3241.59, 20.00, 4.63, 11.67, 6.01, 0.00, 11.31, 0.00, 57.34, 87.82, 0, 0
2.00, 5.70, 19.13, 19.13, -3514.46, 20.00, 4.63, 11.11, 5.53, 0.00, 0.00, 0.00, 0.00, 90.00, 0, 0
2.00, 5.70, 18.95, 18.95, -3706.03, 20.00, 4.63, 10.56, 5.05, 0.00, 0.00, 0.00, 0.00, 90.00, 0, 0
2.00, 5.70, 18.82, 18.82, -3831.25, 20.00, 4.63, 10.56, 4.91, 0.00, 0.00, 0.00, 0.00, 90.00, 0, 0
2.00, 5.70, 18.71, 18.71, -3970.83, 20.00, 4.63, 10.00, 4.43, 0.00, 0.00, 0.00, 0.00, 90.00, 0, 0
2.00, 5.70, 18.61, 18.61, -4064.42, 20.00, 4.63, 10.00, 4.43, 0.00, 0.00, 0.00, 0.00, 90.00, 0, 0
2.00, 5.70, 18.53, 18.53, -4145.58, 20.00, 4.63, 10.00, 4.43, 0.00, 0.00, 0.00, 0.00, 90.00, 0, 0
2.00, 5.70, 18.44, 18.44, -4257.98, 20.00, 4.63, 9.44, 3.81, 0.00, 0.00, 0.00, 0.00, 90.00, 0, 0
2.00, 5.70, 18.35, 18.35, -4373.80, 20.00, 4.63, 8.89, 3.33, 0.00, 0.00, 0.00, 0.00, 90.00, 0, 0
2.00, 5.70, 18.28, 18.28, -4453.30, 20.00, 4.63, 8.89, 3.19, 0.00, 0.00, 0.00, 0.00, 90.00, 0, 0
2.00, 5.70, 18.19, 18.19, -4565.64, 20.00, 4.63, 8.33, 2.71, 0.00, 0.00, 0.00, 0.00, 90.00, 0, 0
2.00, 5.70, 18.11, 18.11, -4643.30, 20.00, 4.63, 8.33, 2.71, 0.00, 0.00, 0.00, 0.00, 90.00, 0, 0
2.00, 5.70, 18.03, 18.03, -4755.13, 20.00, 4.63, 7.78, 2.23, 0.00, 0.00, 0.00, 0.00, 90.00, 0, 0
2.00, 5.70, 20.00, 20.00, -4758.19, 20.00, 4.63, 7.78, 2.23, 0.00, 0.00, 0.00, 0.00, 90.00, 0, 0
2.00, 5.70, 20.00, 20.00, -4855.49, 20.00, 4.63, 7.22, 1.62, 0.00, 0.00, 0.00, 0.00, 90.00, 0, 0
2.00, 5.70, 20.00, 20.00, -4853.37, 20.00, 4.63, 7.22, 1.75, 0.00, 1.89, 0.00, 0.00, 90.00, 0, 0
2.00, 5.70, 20.00, 20.00, -4703.64, 20.00, 4.63, 7.78, 2.23, 0.00, 16.97, 41.37, -49.43, 81.06, 0, 0
2.00, 5.70, 20.00, 20.00, -4588.80, 20.00, 4.63, 8.33, 2.84, 0.00, 20.74, 54.13, -37.74, 73.21, 0, 0
2.00, 5.70, 20.00, 20.00, -4570.81, 20.00, 4.63, 8.33, 2.84, 0.00, 24.51, 67.57, -24.42, 67.33, 0, 0
2.00, 5.70, 20.00, 20.00, -4412.68, 20.00, 4.63, 8.89, 3.46, 0.00, 39.60, 81.31, -9.68, 63.98, 0, 0
2.00, 5.70, 20.00, 20.00, -4366.82, 20.00, 4.63, 8.89, 3.46, 0.00, 49.02, 0.00, 5.74, 63.59, 0, 0
2.00, 5.70, 19.44, 19.44, -3485.89, 20.00, 4.63, 9.44, 4.07, 0.00, 49.02, 0.00, 20.75, 66.20, 0, 0
2.00, 5.70, 19.06, 19.06, -3807.91, 20.00, 4.63, 9.44, 4.07, 0.00, 33.94, 0.00, 34.47, 71.49, 0, 0
2.00, 5.70, 18.80, 18.80, -4028.98, 20.00, 4.63, 9.44, 4.07, 0.00, 26.40, 0.00, 46.57, 78.88, 0, 0
2.00, 5.70, 18.58, 18.58, -4299.85, 20.00, 4.63, 8.89, 3.46, 0.00, 7.54, 0.00, 57.20, 87.83, 0, 0
2.00, 5.70, 18.40, 18.40, -4472.51, 20.00, 4.63, 8.89, 3.46, 0.00, 0.00, 0.00, 0.00, 90.00, 0, 0
2.00, 5.70, 18.27, 18.27, -4587.23, 20.00, 4.63, 8.89, 3.46, 0.00, 0.00, 0.00, 0.00, 90.00, 0, 0
2.00, 5.70, 18.16, 18.16, -4680.55, 20.00, 4.63, 8.89, 3.46, 0.00, 0.00, 0.00, 0.00, 90.00, 0, 0
2.00, 5.70, 18.06, 18.06, -4799.69, 20.00, 4.63, 8.33, 2.97, 0.00, 0.00, 0.00, 0.00, 90.00, 0, 0
2.00, 5.70, 17.97, 17.97, -4879.66, 20.00, 4.63, 8.33, 2.97, 0.00, 0.00, 0.00, 0.00, 90.00, 0, 0
2.00, 5.70, 17.89, 17.89, -4951.59, 20.00, 4.63, 8.33, 2.84, 0.00, 0.00, 0.00, 0.00, 90.00, 0, 0
2.00, 5.70, 17.81, 17.81, -5017.94, 20.00, 4.63, 8.33, 2.84, 0.00, 0.00, 0.00, 0.00, 90.00, 0, 0
2.00, 5.70, 17.73, 17.73, -5119.90, 20.00, 4.63, 7.78, 2.36, 0.00, 0.00, 0.00, 0.00, 90.00, 0, 0
2.00, 5.70, 17.66, 17.66, -5188.74, 20.00, 4.63, 7.78, 2.36, 0.00, 0.00, 0.00, 0.00, 90.00, 0, 0
2.00, 5.70, 17.58, 17.58, -5253.29, 20.00, 4.63, 7.78, 2.36, 0.00, 0.00, 0.00, 0.00, 90.00, 0, 0
2.00, 5.70, 17.52, 17.52, -5314.82, 20.00, 4.63, 7.78, 2.36, 0.00, 0.00, 0.00, 0.00, 90.00, 0, 0
2.00, 5.70, 17.45, 17.45, -5374.18, 20.00, 4.63, 7.78, 2.36, 0.00, 0.00, 0.00, 0.00, 90.00, 0, 0
2.00, 5.70, 20.00, 20.00, -4928.85, 20.00, 4.63, 7.78, 2.36, 0.00, 0.00, 0.00, 0.00, 90.00, 0, 0
2.00, 5.70, 20.00, 20.00, -4918.60, 20.00, 4.63, 7.78, 2.36, 0.00, 0.00, 0.00, 0.00, 90.00, 0, 0
2.00, 5.70, 20.00, 20.00, -4898.89, 20.00, 4.63, 7.78, 2.36, 0.00, 3.77, 0.00, 0.00, 90.00, 0, 0
2.00, 5.70, 20.00, 20.00, -4218.14, 20.00, 4.63, 8.89, 3.58, 40.26, 35.51, 41.34, -49.44, 81.19, 0, 0
2.00, 5.70, 20.00, 20.00, -4351.87, 20.00, 4.63, 9.44, 4.07, 1.85, 52.35, 54.07, -37.77, 73.34, 0, 0
2.00, 5.70, 20.00, 20.00, -4239.42, 20.00, 4.63, 10.00, 4.68, 0.00, 54.68, 67.50, -24.48, 67.45, 0, 0
2.00, 5.70, 20.00, 20.00, -3975.60, 20.00, 4.63, 10.56, 5.29, 1.44, 92.22, 81.22, -9.77, 64.09, 0, 0
2.00, 5.70, 20.00, 20.00, -3983.24, 20.00, 4.63, 11.11, 5.79, 0.00, 55.87, 0.00, 5.63, 63.68, 0, 0
2.00, 5.70, 19.40, 19.40, -3458.21, 20.00, 4.63, 11.11, 5.79, 0.00, 49.02, 0.00, 20.62, 66.27, 0, 0
2.00, 5.70, 18.96, 18.96, -3902.14, 20.00, 4.63, 10.56, 5.29, 0.00, 20.74, 0.00, 34.33, 71.53, 0, 0
2.00, 5.70, 18.63, 18.63, -4240.71, 20.00, 4.63, 10.00, 4.68, 0.00, 3.77, 0.00, 46.43, 78.91, 0, 0
2.00, 5.70, 18.39, 18.39, -4467.36, 20.00, 4.63, 9.44, 4.19, 0.00, 1.89, 0.00, 57.06, 87.84, 0, 0
2.00, 5.70, 18.21, 18.21, -4617.03, 20.00, 4.63, 9.44, 4.07, 0.00, 0.00, 0.00, 0.00, 90.00, 0, 0
2.00, 5.70, 18.08, 18.08, -4726.59, 20.00, 4.63, 9.44, 4.07, 0.00, 0.00, 0.00, 0.00, 90.00, 0, 0
2.00, 5.70, 17.98, 17.98, -4814.86, 20.00, 4.63, 9.44, 4.07, 0.00, 0.00, 0.00, 0.00, 90.00, 0, 0
2.00, 5.70, 17.88, 17.88, -4928.99, 20.00, 4.63, 8.89, 3.58, 0.00, 0.00, 0.00, 0.00, 90.00, 0, 0
2.00, 5.70, 17.79, 17.79, -5004.11, 20.00, 4.63, 8.89, 3.46, 0.00, 0.00, 0.00, 0.00, 90.00, 0, 0
2.00, 5.70, 17.72, 17.72, -5071.03, 20.00, 4.63, 8.89, 3.46, 0.00, 0.00, 0.00, 0.00, 90.00, 0, 0
2.00, 5.70, 17.65, 17.65, -5132.47, 20.00, 4.63, 8.89, 3.46, 0.00, 0.00, 0.00, 0.00, 90.00, 0, 0
2.00, 5.70, 17.57, 17.57, -5229.56, 20.00, 4.63, 8.33, 2.97, 0.00, 0.00, 0.00, 0.00, 90.00, 0, 0
2.00, 5.70, 17.50, 17.50, -5293.76, 20.00, 4.63, 8.33, 2.84, 0.00, 0.00, 0.00, 0.00, 90.00, 0, 0
2.00, 5.70, 17.43, 17.43, -5353.66, 20.00, 4.63, 8.33, 2.84, 0.00, 0.00, 0.00, 0.00, 90.00, 0, 0
2.00, 5.70, 17.35, 17.35, -5450.05, 20.00, 4.63, 7.78, 2.36, 0.00, 0.00, 0.00, 0.00, 90.00, 0, 0
2.00, 5.70, 17.28, 17.28, -5514.02, 20.00, 4.63, 7.78, 2.36, 0.00, 0.00, 0.00, 0.00, 90.00, 0, 0
2.00, 5.70, 20.00, 20.00, -4926.78, 20.00, 4.63, 7.78, 2.23, 0.00, 0.00, 0.00, 0.00, 90.00, 0, 0
2.00, 5.70, 20.00, 20.00, -5015.37, 20.00, 4.63, 7.22, 1.75, 0.00, 0.00, 0.00, 0.00, 90.00, 0, 0
2.00, 5.70, 20.00, 20.00, -4899.29, 20.00, 4.63, 7.78, 2.36, 0.00, 3.77, 0.00, 0.00, 90.00, 0, 0
2.00, 5.70, 20.00, 20.00, -4195.82, 20.00, 4.63, 8.89, 3.46, 42.66, 35.34, 41.30, -49.46, 81.32, 0, 0
2.00, 5.70, 20.00, 20.00, -3108.60, 20.00, 4.63, 11.11, 5.66, 140.89, 73.56, 54.01, -37.81, 73.47, 0, 0
2.00, 5.70, 20.00, 20.00, -3543.45, 20.00, 4.63, 12.22, 6.77, 19.38, 92.24, 67.42, -24.55, 67.57, 0, 0
2.00, 5.70, 20.00, 20.00, -3579.18, 20.00, 4.63, 12.22, 6.77, 0.97, 92.91, 81.13, -9.86, 64.20, 0, 0
2.00, 5.70, 20.00, 20.00, -3507.77, 20.00, 4.63, 12.78, 7.26, 0.00, 81.08, 0.00, 5.51, 63.76, 0, 0
2.00, 5.70, 19.47, 19.47, -3153.08, 20.00, 4.63, 12.78, 7.26, 0.00, 67.88, 0.00, 20.49, 66.33, 0, 0
2.00, 5.70, 19.11, 19.11, -3486.89, 20.00, 4.63, 12.22, 6.77, 0.00, 54.68, 0.00, 34.20, 71.57, 0, 0
2.00, 5.70, 18.89, 18.89, -3613.58, 20.00, 4.63, 12.22, 6.64, 0.00, 47.98, 0.00, 46.30, 78.92, 0, 0
2.00, 5.70, 18.67, 18.67, -3961.58, 20.00, 4.63, 11.67, 6.15, 0.00, 16.97, 0.00, 56.93, 87.84, 0, 0
2.00, 5.70, 18.47, 18.47, -4207.03, 20.00, 4.63, 11.11, 5.53, 0.00, 1.89, 0.00, 0.00, 90.00, 0, 0
2.00, 5.70, 18.31, 18.31, -4379.50, 20.00, 4.63, 10.56, 4.91, 0.00, 0.00, 0.00, 0.00, 90.00, 0, 0
2.00, 5.70, 18.18, 18.18, -4524.85, 20.00, 4.63, 10.00, 4.29, 0.00, 0.00, 0.00, 0.00, 90.00, 0, 0
2.00, 5.70, 18.06, 18.06, -4658.16, 20.00, 4.63, 9.44, 3.81, 0.00, 0.00, 0.00, 0.00, 90.00, 0, 0
2.00, 5.70, 17.95, 17.95, -4785.31, 20.00, 4.63, 8.89, 3.19, 0.00, 0.00, 0.00, 0.00, 90.00, 0, 0
2.00, 5.70, 17.85, 17.85, -4909.65, 20.00, 4.63, 8.33, 2.58, 0.00, 0.00, 0.00, 0.00, 90.00, 0, 0
2.00, 5.70, 17.74, 17.74, -5033.29, 20.00, 4.63, 7.78, 1.96, 0.00, 0.00, 0.00, 0.00, 90.00, 0, 0
2.00, 5.70, 17.64, 17.64, -5157.38, 20.00, 4.63, 7.22, 1.48, 0.00, 0.00, 0.00, 0.00, 90.00, 0, 0
2.00, 5.70, 17.54, 17.54, -5282.95, 20.00, 4.63, 6.67, 0.87, 0.00, 0.00, 0.00, 0.00, 90.00, 0, 0
2.00, 5.70, 17.42, 17.42, -5449.96, 20.00, 4.63, 5.56, -0.22, 0.00, 0.00, 0.00, 0.00, 90.00, 0, 0
2.00, 5.70, 17.30, 17.30, -5588.76, 20.00, 4.63, 5.00, -0.83, 0.00, 0.00, 0.00, 0.00, 90.00, 0, 0
2.00, 5.70, 17.19, 17.19, -5727.78, 20.00, 4.63, 4.44, -1.44, 0.00, 0.00, 0.00, 0.00, 90.00, 0, 0
2.00, 5.70, 20.00, 20.00, -3793.43, 20.00, 4.63, 3.33, -2.52, 0.00, 0.00, 0.00, 0.00, 90.00, 0, 0
2.00, 5.70, 20.00, 20.00, -3852.84, 20.00, 4.63, 2.78, -3.13, 0.00, 0.00, 0.00, 0.00, 90.00, 0, 0
2.00, 5.70, 20.00, 20.00, -3829.94, 20.00, 4.63, 3.33, -2.67, 0.00, 5.66, 0.00, 0.00, 90.00, 0, 0
2.00, 5.70, 20.00, 20.00, -3736.96, 20.00, 4.63, 3.89, -2.06, 0.00, 28.28, 41.26, -49.48, 81.45, 0, 0
2.00, 5.70, 20.00, 20.00, -2150.73, 20.00, 4.63, 6.11, 0.25, 206.10, 75.27, 53.94, -37.85, 73.59, 0, 0
2.00, 5.70, 20.00, 20.00, -2046.95, 20.00, 4.63, 9.44, 3.52, 268.62, 94.65, 67.34, -24.61, 67.68, 0, 0
2.00, 5.70, 20.00, 20.00, -2209.91, 20.00, 4.63, 11.67, 5.72, 114.48, 94.16, 81.04, -9.95, 64.29, 0, 0
2.00, 5.70, 20.00, 20.00, -1990.33, 20.00, 4.63, 12.78, 6.97, 0.00, 85.65, 0.00, 5.40, 63.84, 0, 0
2.00, 5.70, 19.84, 19.84, -2028.28, 20.00, 4.63, 13.33, 7.60, 0.00, 84.91, 0.00, 20.36, 66.38, 0, 0
2.00, 5.70, 19.69, 19.69, -2300.99, 20.00, 4.63, 13.89, 8.08, 0.00, 75.93, 0.00, 34.07, 71.60, 0, 0
2.00, 5.70, 19.44, 19.44, -2840.90, 20.00, 4.63, 12.78, 6.97, 0.00, 46.76, 0.00, 46.17, 78.93, 0, 0
2.00, 5.70, 19.13, 19.13, -3429.61, 20.00, 4.63, 11.11, 5.24, 0.00, 18.86, 0.00, 56.80, 87.83, 0, 0
2.00, 5.70, 18.86, 18.86, -3778.08, 20.00, 4.63, 10.56, 4.77, 0.00, 1.89, 0.00, 0.00, 90.00, 0, 0
2.00, 5.70, 18.65, 18.65, -4016.88, 20.00, 4.63, 10.00, 4.15, 0.00, 0.00, 0.00, 0.00, 90.00, 0, 0
2.00, 5.70, 18.47, 18.47, -4208.39, 20.00, 4.63, 9.44, 3.67, 0.00, 0.00, 0.00, 0.00, 90.00, 0, 0
2.00, 5.70, 18.33, 18.33, -4375.13, 20.00, 4.63, 8.89, 3.05, 0.00, 0.00, 0.00, 0.00, 90.00, 0, 0
2.00, 5.70, 18.21, 18.21, -4487.65, 20.00, 4.63, 8.89, 3.05, 0.00, 0.00, 0.00, 0.00, 90.00, 0, 0
2.00, 5.70, 18.10, 18.10, -4622.10, 20.00, 4.63, 8.33, 2.43, 0.00, 0.00, 0.00, 0.00, 90.00, 0, 0
2.00, 5.70, 17.99, 17.99, -4754.08, 20.00, 4.63, 7.78, 1.96, 0.00, 0.00, 0.00, 0.00, 90.00, 0, 0
2.00, 5.70, 17.89, 17.89, -4885.42, 20.00, 4.63, 7.22, 1.34, 0.00, 0.00, 0.00, 0.00, 90.00, 0, 0
2.00, 5.70, 17.79, 17.79, -4977.46, 20.00, 4.63, 7.22, 1.34, 0.00, 0.00, 0.00, 0.00, 90.00, 0, 0
2.00, 5.70, 17.69, 17.69, -5100.98, 20.00, 4.63, 6.67, 0.72, 0.00, 0.00, 0.00, 0.00, 90.00, 0, 0
2.00, 5.70, 17.59, 17.59, -5228.07, 20.00, 4.63, 6.11, 0.25, 0.00, 0.00, 0.00, 0.00, 90.00, 0, 0
2.00, 5.70, 17.49, 17.49, -5358.42, 20.00, 4.63, 5.56, -0.36, 0.00, 0.00, 0.00, 0.00, 90.00, 0, 0
2.00, 5.70, 20.00, 20.00, -5253.44, 20.00, 4.63, 5.56, -0.36, 0.00, 0.00, 0.00, 0.00, 90.00, 0, 0
2.00, 5.70, 20.00, 20.00, -5354.94, 20.00, 4.63, 5.00, -0.83, 0.00, 0.00, 0.00, 0.00, 90.00, 0, 0
2.00, 5.70, 20.00, 20.00, -5341.74, 20.00, 4.63, 5.00, -0.83, 0.00, 5.66, 0.00, 0.00, 90.00, 0, 0
2.00, 5.70, 20.00, 20.00, -4579.02, 20.00, 4.63, 6.67, 0.72, 40.35, 33.80, 41.21, -49.51, 81.57, 0, 0
2.00, 5.70, 20.00, 20.00, -3889.98, 20.00, 4.63, 8.33, 2.43, 85.55, 79.69, 53.87, -37.90, 73.71, 0, 0
2.00, 5.70, 20.00, 20.00, -3708.39, 20.00, 4.63, 10.00, 4.15, 62.20, 113.07, 67.26, -24.68, 67.79, 0, 0
2.00, 5.70, 20.00, 20.00, -3408.64, 20.00, 4.63, 11.11, 5.39, 50.13, 118.19, 80.95, -10.05, 64.38, 0, 0
2.00, 5.70, 20.00, 20.00, -2938.85, 20.00, 4.63, 12.78, 6.97, 0.00, 113.79, 0.00, 5.28, 63.91, 0, 0
2.00, 5.70, 19.81, 19.81, -2224.82, 20.00, 4.63, 13.33, 7.60, 0.00, 101.41, 0.00, 20.24, 66.43, 0, 0
2.00, 5.70, 19.58, 19.58, -2655.64, 20.00, 4.63, 13.33, 7.45, 0.00, 82.47, 0.00, 33.94, 71.62, 0, 0
2.00, 5.70, 19.31, 19.31, -3123.34, 20.00, 4.63, 12.22, 6.50, 0.00, 48.06, 0.00, 46.04, 78.94, 0, 0
2.00, 5.70, 19.04, 19.04, -3567.16, 20.00, 4.63, 11.11, 5.39, 0.00, 13.20, 0.00, 56.68, 87.82, 0, 0
2.00, 5.70, 18.81, 18.81, -3843.03, 20.00, 4.63, 10.56, 4.77, 0.00, 1.89, 0.00, 0.00, 90.00, 0, 0
2.00, 5.70, 18.63, 18.63, -4045.15, 20.00, 4.63, 10.00, 4.15, 0.00, 0.00, 0.00, 0.00, 90.00, 0, 0
2.00, 5.70, 18.48, 18.48, -4212.27, 20.00, 4.63, 9.44, 3.67, 0.00, 0.00, 0.00, 0.00, 90.00, 0, 0
2.00, 5.70, 18.36, 18.36, -4323.46, 20.00, 4.63, 9.44, 3.52, 0.00, 0.00, 0.00, 0.00, 90.00, 0, 0
2.00, 5.70, 18.25, 18.25, -4455.50, 20.00, 4.63, 8.89, 3.05, 0.00, 0.00, 0.00, 0.00, 90.00, 0, 0
2.00, 5.70, 18.15, 18.15, -4584.98, 20.00, 4.63, 8.33, 2.43, 0.00, 0.00, 0.00, 0.00, 90.00, 0, 0
2.00, 5.70, 18.04, 18.04, -4713.66, 20.00, 4.63, 7.78, 1.81, 0.00, 0.00, 0.00, 0.00, 90.00, 0, 0
2.00, 5.70, 17.94, 17.94, -4842.54, 20.00, 4.63, 7.22, 1.34, 0.00, 0.00, 0.00, 0.00, 90.00, 0, 0
2.00, 5.70, 17.82, 17.82, -5012.11, 20.00, 4.63, 6.11, 0.25, 0.00, 0.00, 0.00, 0.00, 90.00, 0, 0
2.00, 5.70, 17.70, 17.70, -5152.93, 20.00, 4.63, 5.56, -0.36, 0.00, 0.00, 0.00, 0.00, 90.00, 0, 0
2.00, 5.70, 17.59, 17.59, -5293.55, 20.00, 4.63, 5.00, -0.98, 0.00, 0.00, 0.00, 0.00, 90.00, 0, 0
2.00, 5.70, 17.47, 17.47, -5434.92, 20.00, 4.63, 4.44, -1.44, 0.00, 0.00, 0.00, 0.00, 90.00, 0, 0
2.00, 5.70, 20.00, 20.00, -5557.98, 20.00, 4.63, 3.89, -2.06, 0.00, 0.00, 0.00, 0.00, 90.00, 0, 0
2.00, 5.70, 20.00, 20.00, -5767.78, 20.00, 4.63, 2.78, -3.13, 0.00, 0.00, 0.00, 0.00, 90.00, 0, 0
2.00, 5.70, 20.00, 20.00, -5769.52, 20.00, 4.63, 2.78, -3.13, 0.00, 3.77, 0.00, 0.00, 90.00, 0, 0
2.00, 5.70, 20.00, 20.00, -5421.02, 20.00, 4.63, 3.89, -2.06, 7.13, 29.49, 41.16, -49.55, 81.69, 0, 0
2.00, 5.70, 20.00, 20.00, -4421.73, 20.00, 4.63, 5.56, -0.36, 95.02, 70.10, 53.80, -37.95, 73.82, 0, 0
2.00, 5.70, 20.00, 20.00, -4661.74, 20.00, 4.63, 6.67, 0.87, 12.24, 82.72, 67.17, -24.76, 67.89, 0, 0
2.00, 5.70, 20.00, 20.00, -4490.40, 20.00, 4.63, 7.22, 1.34, 4.51, 105.16, 80.85, -10.15, 64.47, 0, 0
2.00, 5.70, 20.00, 20.00, -4110.03, 20.00, 4.63, 8.33, 2.58, 0.00, 120.89, 0.00, 5.17, 63.97, 0, 0
2.00, 5.70, 19.62, 19.62, -2811.82, 20.00, 4.63, 9.44, 3.67, 0.00, 107.80, 0.00, 20.11, 66.47, 0, 0
2.00, 5.70, 19.28, 19.28, -3270.68, 20.00, 4.63, 9.44, 3.67, 0.00, 80.52, 0.00, 33.81, 71.64, 0, 0
2.00, 5.70, 19.00, 19.00, -3652.33, 20.00, 4.63, 8.89, 3.19, 0.00, 45.91, 0.00, 45.92, 78.93, 0, 0
2.00, 5.70, 18.70, 18.70, -4109.89, 20.00, 4.63, 8.33, 2.58, 0.00, 15.08, 0.00, 56.56, 87.81, 0, 0
2.00, 5.70, 18.45, 18.45, -4408.78, 20.00, 4.63, 7.78, 1.96, 0.00, 1.89, 0.00, 0.00, 90.00, 0, 0
2.00, 5.70, 18.25, 18.25, -4627.21, 20.00, 4.63, 7.22, 1.48, 0.00, 0.00, 0.00, 0.00, 90.00, 0, 0
2.00, 5.70, 18.09, 18.09, -4770.40, 20.00, 4.63, 7.22, 1.48, 0.00, 0.00, 0.00, 0.00, 90.00, 0, 0
2.00, 5.70, 17.96, 17.96, -4926.44, 20.00, 4.63, 6.67, 0.87, 0.00, 0.00, 0.00, 0.00, 90.00, 0, 0
2.00, 5.70, 17.84, 17.84, -5034.92, 20.00, 4.63, 6.67, 0.87, 0.00, 0.00, 0.00, 0.00, 90.00, 0, 0
2.00, 5.70, 17.73, 17.73, -5169.53, 20.00, 4.63, 6.11, 0.39, 0.00, 0.00, 0.00, 0.00, 90.00, 0, 0
2.00, 5.70, 17.63, 17.63, -5264.93, 20.00, 4.63, 6.11, 0.25, 0.00, 0.00, 0.00, 0.00, 90.00, 0, 0
2.00, 5.70, 17.54, 17.54, -5351.96, 20.00, 4.63, 6.11, 0.25, 0.00, 0.00, 0.00, 0.00, 90.00, 0, 0
2.00, 5.70, 17.44, 17.44, -5472.81, 20.00, 4.63, 5.56, -0.22, 0.00, 0.00, 0.00, 0.00, 90.00, 0, 0
2.00, 5.70, 17.35, 17.35, -5559.17, 20.00, 4.63, 5.56, -0.22, 0.00, 0.00, 0.00, 0.00, 90.00, 0, 0
2.00, 5.70, 17.26, 17.26, -5640.29, 20.00, 4.63, 5.56, -0.22, 0.00, 0.00, 0.00, 0.00, 90.00, 0, 0
2.00, 5.70, 17.17, 17.17, -5757.38, 20.00, 4.63, 5.00, -0.83, 0.00, 0.00, 0.00, 0.00, 90.00, 0, 0
2.00, 5.70, 20.00, 20.00, -5478.22, 20.00, 4.63, 5.00, -0.69, 0.00, 0.00, 0.00, 0.00, 90.00, 0, 0
2.00, 5.70, 20.00, 20.00, -5475.44, 20.00, 4.63, 5.00, -0.69, 0.00, 0.00, 0.00, 0.00, 90.00, 0, 0
2.00, 5.70, 20.00, 20.00, -5348.58, 20.00, 4.63, 5.56, -0.22, 0.00, 7.54, 0.00, 0.00, 90.00, 0, 0
2.00, 5.70, 20.00, 20.00, -2947.77, 20.00, 4.63, 7.22, 1.48, 218.70, 35.99, 41.10, -49.58, 81.80, 0, 0
2.00, 5.70, 20.00, 20.00, -2458.56, 20.00, 4.63, 9.44, 3.67, 274.36, 62.49, 53.73, -38.00, 73.92, 0, 0
2.00, 5.70, 20.00, 20.00, -2548.11, 20.00, 4.63, 11.67, 6.01, 280.07, 77.14, 67.08, -24.84, 67.98, 0, 0
2.00, 5.70, 20.00, 20.00, -2463.03, 20.00, 4.63, 13.89, 8.23, 122.61, 83.90, 80.76, -10.25, 64.55, 0, 0
2.00, 5.70, 20.00, 20.00, -2126.78, 20.00, 4.63, 15.00, 9.34, 0.00, 86.82, 0.00, 5.05, 64.03, 0, 0
2.00, 5.70, 20.01, 20.01, -1553.50, 20.00, 4.63, 16.11, 10.45, 0.00, 81.85, 0.00, 19.99, 66.50, 0, 0
2.00, 5.70, 19.94, 19.94, -1830.08, 20.00, 4.63, 16.11, 10.45, 0.00, 71.97, 0.00, 33.69, 71.65, 0, 0
2.00, 5.70, 19.75, 19.75, -2309.22, 20.00, 4.63, 15.00, 9.34, 0.00, 45.60, 0.00, 45.80, 78.93, 0, 0
2.00, 5.70, 19.48, 19.48, -2853.65, 20.00, 4.63, 13.33, 7.60, 0.00, 16.97, 0.00, 56.44, 87.78, 0, 0
2.00, 5.70, 19.25, 19.25, -3168.61, 20.00, 4.63, 12.78, 7.12, 0.00, 1.89, 0.00, 0.00, 90.00, 0, 0
2.00, 5.70, 19.07, 19.07, -3387.46, 20.00, 4.63, 12.22, 6.50, 0.00, 0.00, 0.00, 0.00, 90.00, 0, 0
2.00, 5.70, 18.92, 18.92, -3564.07, 20.00, 4.63, 11.67, 5.87, 0.00, 0.00, 0.00, 0.00, 90.00, 0, 0
2.00, 5.70, 18.79, 18.79, -3718.85, 20.00, 4.63, 11.11, 5.39, 0.00, 0.00, 0.00, 0.00, 90.00, 0, 0
2.00, 5.70, 18.68, 18.68, -3861.05, 20.00, 4.63, 10.56, 4.77, 0.00, 0.00, 0.00, 0.00, 90.00, 0, 0
2.00, 5.70, 18.57, 18.57, -3996.00, 20.00, 4.63, 10.00, 4.29, 0.00, 0.00, 0.00, 0.00, 90.00, 0, 0
2.00, 5.70, 18.48, 18.48, -4088.09, 20.00, 4.63, 10.00, 4.15, 0.00, 0.00, 0.00, 0.00, 90.00, 0, 0
2.00, 5.70, 18.38, 18.38, -4248.31, 20.00, 4.63, 8.89, 3.05, 0.00, 0.00, 0.00, 0.00, 90.00, 0, 0
2.00, 5.70, 18.28, 18.28, -4380.29, 20.00, 4.63, 8.33, 2.58, 0.00, 0.00, 0.00, 0.00, 90.00, 0, 0
2.00, 5.70, 18.18, 18.18, -4512.33, 20.00, 4.63, 7.78, 1.96, 0.00, 0.00, 0.00, 0.00, 90.00, 0, 0
2.00, 5.70, 18.06, 18.06, -4684.74, 20.00, 4.63, 6.67, 0.87, 0.00, 0.00, 0.00, 0.00, 90.00, 0, 0
2.00, 5.70, 17.95, 17.95, -4828.32, 20.00, 4.63, 6.11, 0.25, 0.00, 0.00, 0.00, 0.00, 90.00, 0, 0
2.00, 5.70, 20.00, 20.00, -5101.31, 20.00, 4.63, 5.56, -0.36, 0.00, 0.00, 0.00, 0.00, 90.00, 0, 0
2.00, 5.70, 20.00, 20.00, -5311.08, 20.00, 4.63, 4.44, -1.30, 0.00, 0.00, 0.00, 0.00, 90.00, 0, 0
2.00, 5.70, 20.00, 20.00, -5314.58, 20.00, 4.63, 4.44, -1.30, 0.00, 3.77, 0.00, 0.00, 90.00, 0, 0
2.00, 5.70, 20.00, 20.00, -5052.94, 20.00, 4.63, 5.56, -0.22, 0.00, 24.51, 41.04, -49.63, 81.91, 0, 0
2.00, 5.70, 20.00, 20.00, -4858.13, 20.00, 4.63, 6.11, 0.39, 0.00, 50.91, 53.65, -38.07, 74.02, 0, 0
2.00, 5.70, 20.00, 20.00, -4527.03, 20.00, 4.63, 7.22, 1.48, 3.70, 81.21, 66.99, -24.92, 68.07, 0, 0
2.00, 5.70, 20.00, 20.00, -4020.59, 20.00, 4.63, 8.89, 3.19, 15.36, 115.59, 80.66, -10.35, 64.62, 0, 0
2.00, 5.70, 20.00, 20.00, -3639.11, 20.00, 4.63, 10.00, 4.29, 0.00, 126.00, 0.00, 4.93, 64.08, 0, 0
2.00, 5.70, 19.63, 19.63, -2861.64, 20.00, 4.63, 10.56, 4.91, 0.00, 106.98, 0.00, 19.86, 66.53, 0, 0
2.00, 5.70, 19.41, 19.41, -3005.10, 20.00, 4.63, 10.56, 4.91, 0.00, 80.91, 0.00, 33.56, 71.65, 0, 0
2.00, 5.70, 19.20, 19.20, -3294.23, 20.00, 4.63, 10.56, 4.91, 0.00, 46.77, 0.00, 45.68, 78.91, 0, 0
2.00, 5.70, 18.94, 18.94, -3767.69, 20.00, 4.63, 9.44, 3.81, 0.00, 16.97, 0.00, 56.33, 87.76, 0, 0
2.00, 5.70, 18.72, 18.72, -4058.07, 20.00, 4.63, 8.89, 3.33, 0.00, 1.89, 0.00, 0.00, 90.00, 0, 0
2.00, 5.70, 18.54, 18.54, -4226.51, 20.00, 4.63, 8.89, 3.33, 0.00, 0.00, 0.00, 0.00, 90.00, 0, 0
2.00, 5.70, 18.41, 18.41, -4352.41, 20.00, 4.63, 8.89, 3.33, 0.00, 0.00, 0.00, 0.00, 90.00, 0, 0
2.00, 5.70, 18.29, 18.29, -4494.82, 20.00, 4.63, 8.33, 2.71, 0.00, 0.00, 0.00, 0.00, 90.00, 0, 0
2.00, 5.70, 18.19, 18.19, -4592.10, 20.00, 4.63, 8.33, 2.71, 0.00, 0.00, 0.00, 0.00, 90.00, 0, 0
2.00, 5.70, 18.10, 18.10, -4677.44, 20.00, 4.63, 8.33, 2.71, 0.00, 0.00, 0.00, 0.00, 90.00, 0, 0
2.00, 5.70, 18.00, 18.00, -4794.19, 20.00, 4.63, 7.78, 2.23, 0.00, 0.00, 0.00, 0.00, 90.00, 0, 0
2.00, 5.70, 17.92, 17.92, -4875.20, 20.00, 4.63, 7.78, 2.10, 0.00, 0.00, 0.00, 0.00, 90.00, 0, 0
2.00, 5.70, 17.84, 17.84, -4949.99, 20.00, 4.63, 7.78, 2.10, 0.00, 0.00, 0.00, 0.00, 90.00, 0, 0
2.00, 5.70, 17.77, 17.77, -5020.45, 20.00, 4.63, 7.78, 2.10, 0.00, 0.00, 0.00, 0.00, 90.00, 0, 0
2.00, 5.70, 17.70, 17.70, -5087.80, 20.00, 4.63, 7.78, 2.10, 0.00, 0.00, 0.00, 0.00, 90.00, 0, 0
2.00, 5.70, 17.63, 17.63, -5152.75, 20.00, 4.63, 7.78, 2.10, 0.00, 0.00, 0.00, 0.00, 90.00, 0, 0
2.00, 5.70, 20.00, 20.00, -4866.30, 20.00, 4.63, 7.78, 2.23, 0.00, 0.00, 0.00, 0.00, 90.00, 0, 0
2.00, 5.70, 20.00, 20.00, -4859.37, 20.00, 4.63, 7.78, 2.23, 0.00, 0.00, 0.00, 0.00, 90.00, 0, 0
2.00, 5.70, 20.00, 20.00, -4856.87, 20.00, 4.63, 7.78, 2.23, 0.00, 0.00, 0.00, 0.00, 90.00, 0, 0
2.00, 5.70, 20.00, 20.00, -4350.35, 20.00, 4.63, 8.89, 3.33, 21.44, 30.09, 40.97, -49.68, 82.01, 0, 0
2.00, 5.70, 20.00, 20.00, -3366.75, 20.00, 4.63, 10.56, 5.17, 106.79, 71.70, 53.57, -38.13, 74.12, 0, 0
2.00, 5.70, 20.00, 20.00, -3460.97, 20.00, 4.63, 12.22, 6.77, 32.18, 96.08, 66.90, -25.00, 68.16, 0, 0
2.00, 5.70, 20.00, 20.00, -3091.72, 20.00, 4.63, 13.33, 8.00, 34.66, 117.22, 80.56, -10.45, 64.68, 0, 0
2.00, 5.70, 20.00, 20.00, -3092.54, 20.00, 4.63, 13.89, 8.50, 0.00, 105.78, 0.00, 4.81, 64.12, 0, 0
2.00, 5.70, 19.64, 19.64, -2761.81, 20.00, 4.63, 13.89, 8.50, 0.00, 93.68, 0.00, 19.74, 66.55, 0, 0
2.00, 5.70, 19.48, 19.48, -2748.34, 20.00, 4.63, 14.44, 8.99, 0.00, 82.66, 0.00, 33.44, 71.65, 0, 0
2.00, 5.70, 19.33, 19.33, -2952.89, 20.00, 4.63, 13.89, 8.50, 0.00, 52.52, 0.00, 45.57, 78.89, 0, 0
2.00, 5.70, 19.12, 19.12, -3399.47, 20.00, 4.63, 13.33, 8.00, 0.00, 13.20, 0.00, 56.22, 87.72, 0, 0
2.00, 5.70, 18.93, 18.93, -3646.37, 20.00, 4.63, 12.78, 7.39, 0.00, 0.00, 0.00, 0.00, 90.00, 0, 0
2.00, 5.70, 18.79, 18.79, -3772.81, 20.00, 4.63, 12.78, 7.39, 0.00, 0.00, 0.00, 0.00, 90.00, 0, 0
2.00, 5.70, 18.67, 18.67, -3905.98, 20.00, 4.63, 12.22, 6.89, 0.00, 0.00, 0.00, 0.00, 90.00, 0, 0
2.00, 5.70, 18.58, 18.58, -3988.90, 20.00, 4.63, 12.22, 6.77, 0.00, 0.00, 0.00, 0.00, 90.00, 0, 0
2.00, 5.70, 18.49, 18.49, -4096.02, 20.00, 4.63, 11.67, 6.28, 0.00, 0.00, 0.00, 0.00, 90.00, 0, 0
2.00, 5.70, 18.41, 18.41, -4202.60, 20.00, 4.63, 11.11, 5.79, 0.00, 0.00, 0.00, 0.00, 90.00, 0, 0
2.00, 5.70, 18.34, 18.34, -4270.64, 20.00, 4.63, 11.11, 5.66, 0.00, 0.00, 0.00, 0.00, 90.00, 0, 0
2.00, 5.70, 18.26, 18.26, -4370.15, 20.00, 4.63, 10.56, 5.17, 0.00, 0.00, 0.00, 0.00, 90.00, 0, 0
2.00, 5.70, 18.18, 18.18, -4473.80, 20.00, 4.63, 10.00, 4.56, 0.00, 0.00, 0.00, 0.00, 90.00, 0, 0
2.00, 5.70, 18.11, 18.11, -4541.59, 20.00, 4.63, 10.00, 4.56, 0.00, 0.00, 0.00, 0.00, 90.00, 0, 0
2.00, 5.70, 18.04, 18.04, -4642.95, 20.00, 4.63, 9.44, 3.94, 0.00, 0.00, 0.00, 0.00, 90.00, 0, 0
2.00, 5.70, 17.95, 17.95, -4749.48, 20.00, 4.63, 8.89, 3.46, 0.00, 0.00, 0.00, 0.00, 90.00, 0, 0
2.00, 5.70, 20.00, 20.00, -4537.61, 20.00, 4.63, 8.89, 3.46, 0.00, 0.00, 0.00, 0.00, 90.00, 0, 0
2.00, 5.70, 20.00, 20.00, -4631.44, 20.00, 4.63, 8.33, 2.97, 0.00, 0.00, 0.00, 0.00, 90.00, 0, 0
2.00, 5.70, 20.00, 20.00, -4633.76, 20.00, 4.63, 8.33, 2.97, 0.00, 0.00, 0.00, 0.00, 90.00, 0, 0
2.00, 5.70, 20.00, 20.00, -3708.34, 20.00, 4.63, 9.44, 4.07, 66.76, 31.68, 40.91, -49.73, 82.11, 0, 0
2.00, 5.70, 20.00, 20.00, -3953.92, 20.00, 4.63, 10.56, 5.17, 5.63, 49.63, 53.48, -38.20, 74.21, 0, 0
2.00, 5.70, 20.00, 20.00, -3605.83, 20.00, 4.63, 11.67, 6.40, 11.18, 87.16, 66.81, -25.09, 68.23, 0, 0
2.00, 5.70, 20.00, 20.00, -3269.14, 20.00, 4.63, 12.78, 7.51, 12.02, 112.83, 80.46, -10.56, 64.74, 0, 0
2.00, 5.70, 20.00, 20.00, -3323.74, 20.00, 4.63, 12.78, 7.51, 0.00, 97.03, 0.00, 4.70, 64.16, 0, 0
2.00, 5.70, 19.63, 19.63, -2857.22, 20.00, 4.63, 13.33, 8.12, 0.00, 78.57, 0.00, 19.62, 66.56, 0, 0
2.00, 5.70, 19.42, 19.42, -2947.94, 20.00, 4.63, 13.33, 8.12, 0.00, 77.08, 0.00, 33.33, 71.64, 0, 0
2.00, 5.70, 19.23, 19.23, -3214.34, 20.00, 4.63, 12.78, 7.63, 0.00, 48.76, 0.00, 45.45, 78.87, 0, 0
2.00, 5.70, 19.01, 19.01, -3587.51, 20.00, 4.63, 12.22, 7.01, 0.00, 9.43, 0.00, 56.11, 87.68, 0, 0
2.00, 5.70, 18.84, 18.84, -3770.60, 20.00, 4.63, 12.22, 7.01, 0.00, 0.00, 0.00, 0.00, 90.00, 0, 0
2.00, 5.70, 18.71, 18.71, -3921.62, 20.00, 4.63, 11.67, 6.51, 0.00, 0.00, 0.00, 0.00, 90.00, 0, 0
2.00, 5.70, 18.60, 18.60, -4016.85, 20.00, 4.63, 11.67, 6.51, 0.00, 0.00, 0.00, 0.00, 90.00, 0, 0
2.00, 5.70, 18.52, 18.52, -4094.00, 20.00, 4.63, 11.67, 6.51, 0.00, 0.00, 0.00, 0.00, 90.00, 0, 0
2.00, 5.70, 18.45, 18.45, -4159.70, 20.00, 4.63, 11.67, 6.51, 0.00, 0.00, 0.00, 0.00, 90.00, 0, 0
2.00, 5.70, 18.38, 18.38, -4217.96, 20.00, 4.63, 11.67, 6.51, 0.00, 0.00, 0.00, 0.00, 90.00, 0, 0
2.00, 5.70, 18.33, 18.33, -4271.19, 20.00, 4.63, 11.67, 6.51, 0.00, 0.00, 0.00, 0.00, 90.00, 0, 0
2.00, 5.70, 18.28, 18.28, -4320.84, 20.00, 4.63, 11.67, 6.51, 0.00, 0.00, 0.00, 0.00, 90.00, 0, 0
2.00, 5.70, 18.23, 18.23, -4367.85, 20.00, 4.63, 11.67, 6.51, 0.00, 0.00, 0.00, 0.00, 90.00, 0, 0
2.00, 5.70, 18.19, 18.19, -4373.60, 20.00, 4.63, 12.22, 7.01, 0.00, 0.00, 0.00, 0.00, 90.00, 0, 0
2.00, 5.70, 18.16, 18.16, -4407.88, 20.00, 4.63, 12.22, 7.01, 0.00, 0.00, 0.00, 0.00, 90.00, 0, 0
2.00, 5.70, 18.12, 18.12, -4442.83, 20.00, 4.63, 12.22, 7.13, 0.00, 0.00, 0.00, 0.00, 90.00, 0, 0
2.00, 5.70, 20.00, 20.00, -3106.76, 20.00, 4.63, 12.22, 7.13, 0.00, 0.00, 0.00, 0.00, 90.00, 0, 0
2.00, 5.70, 20.00, 20.00, -3082.71, 20.00, 4.63, 12.78, 7.74, 0.00, 0.00, 0.00, 0.00, 90.00, 0, 0
2.00, 5.70, 20.00, 20.00, -3086.17, 20.00, 4.63, 12.78, 7.63, 0.00, 0.00, 0.00, 0.00, 90.00, 0, 0
2.00, 5.70, 20.00, 20.00, -3082.67, 20.00, 4.63, 12.78, 7.74, 0.00, 1.89, 40.83, -49.79, 82.21, 0, 0
2.00, 5.70, 20.00, 20.00, -2949.62, 20.00, 4.63, 13.33, 8.24, 0.00, 30.17, 53.40, -38.27, 74.29, 0, 0
2.00, 5.70, 20.00, 20.00, -2894.91, 20.00, 4.63, 13.89, 8.85, 0.00, 33.94, 66.71, -25.18, 68.30, 0, 0
2.00, 5.70, 20.00, 20.00, -2811.26, 20.00, 4.63, 14.44, 9.35, 0.00, 45.25, 80.36, -10.66, 64.79, 0, 0
2.00, 5.70, 20.00, 20.00, -2465.62, 20.00, 4.63, 15.56, 10.47, 0.00, 101.88, 0.00, 4.58, 64.19, 0, 0
2.00, 5.70, 19.75, 19.75, -2508.43, 20.00, 4.63, 16.67, 11.59, 0.00, 105.10, 0.00, 19.50, 66.57, 0, 0
2.00, 5.70, 19.52, 19.52, -2824.97, 20.00, 4.63, 16.67, 11.59, 0.00, 64.42, 0.00, 33.21, 71.63, 0, 0
2.00, 5.70, 19.34, 19.34, -3047.38, 20.00, 4.63, 16.67, 11.47, 0.00, 39.29, 0.00, 45.35, 78.84, 0, 0
2.00, 5.70, 19.16, 19.16, -3323.64, 20.00, 4.63, 16.11, 10.97, 0.00, 7.54, 0.00, 56.01, 87.64, 0, 0
2.00, 5.70, 19.02, 19.02, -3495.36, 20.00, 4.63, 15.56, 10.35, 0.00, 0.00, 0.00, 0.00, 90.00, 0, 0
2.00, 5.70, 18.91, 18.91, -3577.02, 20.00, 4.63, 15.56, 10.35, 0.00, 0.00, 0.00, 0.00, 90.00, 0, 0
2.00, 5.70, 18.83, 18.83, -3673.63, 20.00, 4.63, 15.00, 9.74, 0.00, 0.00, 0.00, 0.00, 90.00, 0, 0
2.00, 5.70, 18.76, 18.76, -3725.46, 20.00, 4.63, 15.00, 9.74, 0.00, 0.00, 0.00, 0.00, 90.00, 0, 0
2.00, 5.70, 18.70, 18.70, -3805.32, 20.00, 4.63, 14.44, 9.12, 0.00, 0.00, 0.00, 0.00, 90.00, 0, 0
2.00, 5.70, 18.64, 18.64, -3887.36, 20.00, 4.63, 13.89, 8.50, 0.00, 0.00, 0.00, 0.00, 90.00, 0, 0
2.00, 5.70, 18.58, 18.58, -3932.76, 20.00, 4.63, 13.89, 8.50, 0.00, 0.00, 0.00, 0.00, 90.00, 0, 0
2.00, 5.70, 18.51, 18.51, -4050.29, 20.00, 4.63, 12.78, 7.39, 0.00, 0.00, 0.00, 0.00, 90.00, 0, 0
2.00, 5.70, 18.43, 18.43, -4182.16, 20.00, 4.63, 11.67, 6.28, 0.00, 0.00, 0.00, 0.00, 90.00, 0, 0
2.00, 5.70, 18.32, 18.32, -4364.96, 20.00, 4.63, 10.00, 4.56, 0.00, 0.00, 0.00, 0.00, 90.00, 0, 0
2.00, 5.70, 18.20, 18.20, -4527.28, 20.00, 4.63, 8.89, 3.46, 0.00, 0.00, 0.00, 0.00, 90.00, 0, 0
2.00, 5.70, 18.08, 18.08, -4696.36, 20.00, 4.63, 7.78, 2.23, 0.00, 0.00, 0.00, 0.00, 90.00, 0, 0
2.00, 5.70, 20.00, 20.00, -4875.12, 20.00, 4.63, 6.67, 1.01, 0.00, 0.00, 0.00, 0.00, 90.00, 0, 0
2.00, 5.70, 20.00, 20.00, -5181.07, 20.00, 4.63, 5.00, -0.56, 0.00, 0.00, 0.00, 0.00, 90.00, 0, 0
2.00, 5.70, 20.00, 20.00, -5198.14, 20.00, 4.63, 5.00, -0.56, 0.00, 0.00, 0.00, 0.00, 90.00, 0, 0
2.00, 5.70, 20.18, 20.18, -1380.03, 20.00, 4.63, 6.67, 1.14, 360.81, 28.59, 40.76, -49.85, 82.29, 0, 0
2.00, 5.70, 20.31, 20.31, -1264.55, 20.00, 4.63, 9.44, 3.94, 373.23, 54.00, 53.31, -38.35, 74.37, 0, 0
2.00, 5.70, 20.12, 20.12, -2086.64, 20.00, 4.63, 11.67, 6.15, 285.47, 69.94, 66.62, -25.28, 68.37, 0, 0
2.00, 5.70, 20.00, 20.00, -2214.22, 20.00, 4.63, 13.33, 7.88, 126.50, 81.44, 80.26, -10.77, 64.84, 0, 0
2.00, 5.70, 20.12, 20.12, -1716.35, 20.00, 4.63, 15.00, 9.48, 0.00, 88.42, 0.00, 4.46, 64.21, 0, 0
2.00, 5.70, 20.27, 20.27, -1179.95, 20.00, 4.63, 15.56, 10.10, 0.00, 86.50, 0.00, 19.38, 66.57, 0, 0
2.00, 5.70, 20.28, 20.28, -1376.48, 20.00, 4.63, 15.00, 9.61, 0.00, 65.47, 0.00, 33.10, 71.61, 0, 0
2.00, 5.70, 20.20, 20.20, -1701.39, 20.00, 4.63, 14.44, 8.99, 0.00, 43.46, 0.00, 45.24, 78.80, 0, 0
2.00, 5.70, 19.96, 19.96, -2308.40, 20.00, 4.63, 12.78, 7.39, 0.00, 16.97, 0.00, 55.92, 87.59, 0, 0
2.00, 5.70, 19.74, 19.74, -2647.49, 20.00, 4.63, 12.22, 6.77, 0.00, 0.00, 0.00, 0.00, 90.00, 0, 0
2.00, 5.70, 19.55, 19.55, -2876.97, 20.00, 4.63, 11.67, 6.15, 0.00, 0.00, 0.00, 0.00, 90.00, 0, 0
2.00, 5.70, 19.40, 19.40, -3071.31, 20.00, 4.63, 11.11, 5.66, 0.00, 0.00, 0.00, 0.00, 90.00, 0, 0
2.00, 5.70, 19.28, 19.28, -3204.81, 20.00, 4.63, 11.11, 5.66, 0.00, 0.00, 0.00, 0.00, 90.00, 0, 0
2.00, 5.70, 19.17, 19.17, -3355.55, 20.00, 4.63, 10.56, 5.05, 0.00, 0.00, 0.00, 0.00, 90.00, 0, 0
2.00, 5.70, 19.06, 19.06, -3500.62, 20.00, 4.63, 10.00, 4.56, 0.00, 0.00, 0.00, 0.00, 90.00, 0, 0
2.00, 5.70, 18.95, 18.95, -3642.73, 20.00, 4.63, 9.44, 3.94, 0.00, 0.00, 0.00, 0.00, 90.00, 0, 0
2.00, 5.70, 18.86, 18.86, -3743.91, 20.00, 4.63, 9.44, 3.94, 0.00, 0.00, 0.00, 0.00, 90.00, 0, 0
2.00, 5.70, 18.78, 18.78, -3835.62, 20.00, 4.63, 9.44, 3.94, 0.00, 0.00, 0.00, 0.00, 90.00, 0, 0
2.00, 5.70, 18.71, 18.71, -3920.92, 20.00, 4.63, 9.44, 3.81, 0.00, 0.00, 0.00, 0.00, 90.00, 0, 0
2.00, 5.70, 18.62, 18.62, -4040.80, 20.00, 4.63, 8.89, 3.33, 0.00, 0.00, 0.00, 0.00, 90.00, 0, 0
2.00, 5.70, 18.55, 18.55, -4126.76, 20.00, 4.63, 8.89, 3.33, 0.00, 0.00, 0.00, 0.00, 90.00, 0, 0
2.00, 5.70, 20.00, 20.00, -4355.77, 20.00, 4.63, 8.89, 3.33, 0.00, 0.00, 0.00, 0.00, 90.00, 0, 0
2.00, 5.70, 20.00, 20.00, -4365.73, 20.00, 4.63, 8.89, 3.33, 0.00, 0.00, 0.00, 0.00, 90.00, 0, 0
2.00, 5.70, 20.00, 20.00, -4374.44, 20.00, 4.63, 8.89, 3.33, 0.00, 0.00, 0.00, 0.00, 90.00, 0, 0
2.00, 5.70, 20.00, 20.00, -3328.39, 20.00, 4.63, 10.00, 4.56, 78.95, 30.85, 40.68, -49.92, 82.38, 0, 0
2.00, 5.70, 20.10, 20.10, -1833.08, 20.00, 4.63, 12.22, 6.77, 236.13, 64.34, 53.21, -38.43, 74.45, 0, 0
2.00, 5.70, 20.14, 20.14, -1860.43, 20.00, 4.63, 14.44, 8.99, 218.73, 91.99, 66.52, -25.37, 68.43, 0, 0
2.00, 5.70, 20.35, 20.35, -1317.08, 20.00, 4.63, 17.22, 11.71, 126.21, 110.06, 80.16, -10.89, 64.88, 0, 0
2.00, 5.70, 20.65, 20.65, -679.73, 20.00, 4.63, 18.89, 13.46, 0.00, 110.10, 0.00, 4.34, 64.23, 0, 0
2.00, 5.70, 20.70, 20.70, -816.39, 20.00, 4.63, 18.33, 12.83, 0.00, 106.26, 0.00, 19.26, 66.56, 0, 0
2.00, 5.70, 20.63, 20.63, -1143.80, 20.00, 4.63, 18.33, 12.96, 0.00, 81.72, 0.00, 32.99, 71.58, 0, 0
2.00, 5.70, 20.52, 20.52, -1412.96, 20.00, 4.63, 17.78, 12.34, 0.00, 51.57, 0.00, 45.14, 78.75, 0, 0
2.00, 5.70, 20.32, 20.32, -1871.02, 20.00, 4.63, 16.67, 11.22, 0.00, 15.08, 0.00, 55.82, 87.53, 0, 0
2.00, 5.70, 20.14, 20.14, -2137.30, 20.00, 4.63, 16.11, 10.59, 0.00, 0.00, 0.00, 0.00, 90.00, 0, 0
2.00, 5.70, 20.00, 20.00, -2311.26, 20.00, 4.63, 15.56, 10.10, 0.00, 0.00, 0.00, 0.00, 90.00, 0, 0
2.00, 5.70, 19.88, 19.88, -2458.68, 20.00, 4.63, 15.00, 9.48, 0.00, 0.00, 0.00, 0.00, 90.00, 0, 0
2.00, 5.70, 19.78, 19.78, -2590.59, 20.00, 4.63, 14.44, 8.99, 0.00, 0.00, 0.00, 0.00, 90.00, 0, 0
2.00, 5.70, 19.69, 19.69, -2714.04, 20.00, 4.63, 13.89, 8.37, 0.00, 0.00, 0.00, 0.00, 90.00, 0, 0
2.00, 5.70, 19.62, 19.62, -2793.90, 20.00, 4.63, 13.89, 8.37, 0.00, 0.00, 0.00, 0.00, 90.00, 0, 0
2.00, 5.70, 19.55, 19.55, -2902.09, 20.00, 4.63, 13.33, 7.74, 0.00, 0.00, 0.00, 0.00, 90.00, 0, 0
2.00, 5.70, 19.46, 19.46, -3051.32, 20.00, 4.63, 12.22, 6.77, 0.00, 0.00, 0.00, 0.00, 90.00, 0, 0
2.00, 5.70, 19.37, 19.37, -3172.65, 20.00, 4.63, 11.67, 6.15, 0.00, 0.00, 0.00, 0.00, 90.00, 0, 0
2.00, 5.70, 19.28, 19.28, -3294.05, 20.00, 4.63, 11.11, 5.53, 0.00, 0.00, 0.00, 0.00, 90.00, 0, 0
2.00, 5.70, 19.18, 19.18, -3455.79, 20.00, 4.63, 10.00, 4.43, 0.00, 0.00, 0.00, 0.00, 90.00, 0, 0
2.00, 5.70, 19.08, 19.08, -3589.04, 20.00, 4.63, 9.44, 3.81, 0.00, 0.00, 0.00, 0.00, 90.00, 0, 0
2.00, 5.70, 20.00, 20.00, -4212.63, 20.00, 4.63, 8.89, 3.33, 0.00, 0.00, 0.00, 0.00, 90.00, 0, 0
2.00, 5.70, 20.00, 20.00, -4437.36, 20.00, 4.63, 7.78, 2.23, 0.00, 0.00, 0.00, 0.00, 90.00, 0, 0
2.00, 5.70, 20.00, 20.00, -4466.72, 20.00, 4.63, 7.78, 2.23, 0.00, 0.00, 0.00, 0.00, 90.00, 0, 0
2.00, 5.70, 20.86, 20.86, 353.34, 20.00, 4.63, 9.44, 3.94, 423.98, 27.67, 40.60, -49.99, 82.46, 0, 0
2.00, 5.70, 21.37, 21.37, 653.77, 20.00, 4.63, 12.22, 6.77, 446.81, 53.91, 53.12, -38.52, 74.51, 0, 0
2.00, 5.70, 21.31, 21.31, -351.66, 20.00, 4.63, 15.00, 9.48, 309.23, 74.00, 66.42, -25.47, 68.48, 0, 0
2.00, 5.70, 21.22, 21.22, -579.23, 20.00, 4.63, 16.67, 11.08, 123.18, 89.17, 80.05, -11.00, 64.91, 0, 0
2.00, 5.70, 21.25, 21.25, -401.23, 20.00, 4.63, 17.78, 12.20, 0.00, 101.67, 0.00, 4.22, 64.24, 0, 0
2.00, 5.70, 21.28, 21.28, -266.28, 20.00, 4.63, 17.78, 12.34, 0.00, 94.30, 0.00, 19.15, 66.55, 0, 0
2.00, 5.70, 21.25, 21.25, -437.09, 20.00, 4.63, 17.78, 12.20, 0.00, 70.92, 0.00, 32.88, 71.55, 0, 0
2.00, 5.70, 21.12, 21.12, -835.35, 20.00, 4.63, 16.67, 11.08, 0.00, 43.09, 0.00, 45.05, 78.71, 0, 0
2.00, 5.70, 20.89, 20.89, -1353.87, 20.00, 4.63, 15.00, 9.48, 0.00, 13.20, 0.00, 55.74, 87.47, 0, 0
2.00, 5.70, 20.69, 20.69, -1648.70, 20.00, 4.63, 14.44, 8.85, 0.00, 0.00, 0.00, 0.00, 90.00, 0, 0
2.00, 5.70, 20.52, 20.52, -1854.87, 20.00, 4.63, 13.89, 8.37, 0.00, 0.00, 0.00, 0.00, 90.00, 0, 0
2.00, 5.70, 20.39, 20.39, -2032.75, 20.00, 4.63, 13.33, 7.74, 0.00, 0.00, 0.00, 0.00, 90.00, 0, 0
2.00, 5.70, 20.27, 20.27, -2193.82, 20.00, 4.63, 12.78, 7.12, 0.00, 0.00, 0.00, 0.00, 90.00, 0, 0
2.00, 5.70, 20.15, 20.15, -2384.18, 20.00, 4.63, 11.67, 6.15, 0.00, 0.00, 0.00, 0.00, 90.00, 0, 0
2.00, 5.70, 20.03, 20.03, -2539.00, 20.00, 4.63, 11.11, 5.53, 0.00, 0.00, 0.00, 0.00, 90.00, 0, 0
2.00, 5.70, 19.92, 19.92, -2688.82, 20.00, 4.63, 10.56, 4.91, 0.00, 0.00, 0.00, 0.00, 90.00, 0, 0
2.00, 5.70, 19.82, 19.82, -2836.06, 20.00, 4.63, 10.00, 4.43, 0.00, 0.00, 0.00, 0.00, 90.00, 0, 0
2.00, 5.70, 19.71, 19.71, -2982.58, 20.00, 4.63, 9.44, 3.81, 0.00, 0.00, 0.00, 0.00, 90.00, 0, 0
2.00, 5.70, 19.60, 19.60, -3129.28, 20.00, 4.63, 8.89, 3.19, 0.00, 0.00, 0.00, 0.00, 90.00, 0, 0
2.00, 5.70, 19.50, 19.50, -3276.77, 20.00, 4.63, 8.33, 2.58, 0.00, 0.00, 0.00, 0.00, 90.00, 0, 0
2.00, 5.70, 19.39, 19.39, -3425.29, 20.00, 4.63, 7.78, 2.10, 0.00, 0.00, 0.00, 0.00, 90.00, 0, 0
2.00, 5.70, 20.00, 20.00, -4539.50, 20.00, 4.63, 6.67, 1.01, 0.00, 0.00, 0.00, 0.00, 90.00, 0, 0
2.00, 5.70, 20.00, 20.00, -4683.49, 20.00, 4.63, 6.11, 0.39, 0.00, 0.00, 0.00, 0.00, 90.00, 0, 0
2.00, 5.70, 20.00, 20.00, -4723.84, 20.00, 4.63, 6.11, 0.39, 0.00, 0.00, 0.00, 0.00, 90.00, 0, 0
2.00, 5.70, 20.53, 20.53, -925.29, 20.00, 4.63, 8.33, 2.58, 321.39, 34.91, 40.51, -50.07, 82.53, 0, 0
2.00, 5.70, 20.92, 20.92, -485.01, 20.00, 4.63, 11.11, 5.39, 351.05, 56.72, 53.02, -38.61, 74.58, 0, 0
2.00, 5.70, 20.92, 20.92, -1087.30, 20.00, 4.63, 13.33, 7.60, 285.15, 70.68, 66.31, -25.58, 68.52, 0, 0
2.00, 5.70, 20.93, 20.93, -1116.86, 20.00, 4.63, 15.00, 9.19, 137.13, 85.34, 79.95, -11.11, 64.93, 0, 0
2.00, 5.70, 21.08, 21.08, -661.62, 20.00, 4.63, 16.67, 10.93, 0.00, 102.11, 0.00, 4.11, 64.24, 0, 0
2.00, 5.70, 21.22, 21.22, -349.90, 20.00, 4.63, 17.22, 11.41, 0.00, 101.19, 0.00, 19.03, 66.53, 0, 0
2.00, 5.70, 21.27, 21.27, -429.64, 20.00, 4.63, 17.22, 11.41, 0.00, 69.13, 0.00, 32.78, 71.51, 0, 0
2.00, 5.70, 21.21, 21.21, -699.61, 20.00, 4.63, 16.67, 10.78, 0.00, 40.27, 0.00, 44.95, 78.65, 0, 0
2.00, 5.70, 21.01, 21.01, -1249.79, 20.00, 4.63, 15.00, 9.19, 0.00, 18.86, 0.00, 55.65, 87.40, 0, 0
2.00, 5.70, 20.80, 20.80, -1605.98, 20.00, 4.63, 13.89, 7.92, 0.00, 0.00, 0.00, 0.00, 90.00, 0, 0
2.00, 5.70, 20.62, 20.62, -1863.24, 20.00, 4.63, 12.78, 6.82, 0.00, 0.00, 0.00, 0.00, 90.00, 0, 0
2.00, 5.70, 20.46, 20.46, -2058.46, 20.00, 4.63, 12.22, 6.18, 0.00, 0.00, 0.00, 0.00, 90.00, 0, 0
2.00, 5.70, 20.32, 20.32, -2271.50, 20.00, 4.63, 11.11, 5.09, 0.00, 0.00, 0.00, 0.00, 90.00, 0, 0
2.00, 5.70, 20.17, 20.17, -2481.11, 20.00, 4.63, 10.00, 3.99, 0.00, 0.00, 0.00, 0.00, 90.00, 0, 0
2.00, 5.70, 20.04, 20.04, -2651.25, 20.00, 4.63, 9.44, 3.36, 0.00, 0.00, 0.00, 0.00, 90.00, 0, 0
2.00, 5.70, 19.91, 19.91, -2853.51, 20.00, 4.63, 8.33, 2.27, 0.00, 0.00, 0.00, 0.00, 90.00, 0, 0
2.00, 5.70, 19.77, 19.77, -3061.17, 20.00, 4.63, 7.22, 1.19, 0.00, 0.00, 0.00, 0.00, 90.00, 0, 0
2.00, 5.70, 19.62, 19.62, -3274.41, 20.00, 4.63, 6.11, -0.06, 0.00, 0.00, 0.00, 0.00, 90.00, 0, 0
2.00, 5.70, 19.47, 19.47, -3492.97, 20.00, 4.63, 5.00, -1.14, 0.00, 0.00, 0.00, 0.00, 90.00, 0, 0
2.00, 5.70, 19.31, 19.31, -3717.13, 20.00, 4.63, 3.89, -2.36, 0.00, 0.00, 0.00, 0.00, 90.00, 0, 0
2.00, 5.70, 19.14, 19.14, -3946.71, 20.00, 4.63, 2.78, -3.43, 0.00, 0.00, 0.00, 0.00, 90.00, 0, 0
2.00, 5.70, 20.00, 20.00, -5575.12, 20.00, 4.63, 1.67, -4.50, 0.00, 0.00, 0.00, 0.00, 90.00, 0, 0
2.00, 5.70, 20.00, 20.00, -5847.32, 20.00, 4.63, 0.56, -5.72, 0.00, 0.00, 0.00, 0.00, 90.00, 0, 0
2.00, 5.70, 20.00, 20.00, -6012.67, 20.00, 4.63, 0.00, -6.18, 0.00, 0.00, 0.00, 0.00, 90.00, 0, 0
2.00, 5.70, 20.06, 20.06, -2432.56, 20.00, 4.63, 2.22, -4.04, 321.83, 35.16, 40.42, -50.15, 82.60, 0, 0
2.00, 5.70, 20.00, 20.00, -2714.98, 20.00, 4.63, 4.44, -1.75, 285.29, 67.77, 52.92, -38.70, 74.63, 0, 0
2.00, 5.70, 20.00, 20.00, -2921.67, 20.00, 4.63, 6.67, 0.56, 288.88, 77.31, 66.21, -25.68, 68.56, 0, 0
2.00, 5.70, 20.00, 20.00, -2835.67, 20.00, 4.63, 8.89, 2.73, 151.92, 86.49, 79.84, -11.23, 64.95, 0, 0
2.00, 5.70, 20.01, 20.01, -2576.31, 20.00, 4.63, 10.00, 3.99, 0.00, 79.47, 0.00, 3.99, 64.23, 0, 0
2.00, 5.70, 20.38, 20.38, -1192.11, 20.00, 4.63, 11.11, 5.09, 0.00, 93.81, 0.00, 18.92, 66.50, 0, 0
2.00, 5.70, 20.45, 20.45, -1526.22, 20.00, 4.63, 10.56, 4.62, 0.00, 81.14, 0.00, 32.68, 71.46, 0, 0
2.00, 5.70, 20.35, 20.35, -1958.72, 20.00, 4.63, 9.44, 3.52, 0.00, 45.95, 0.00, 44.86, 78.59, 0, 0
2.00, 5.70, 20.11, 20.11, -2515.34, 20.00, 4.63, 7.78, 1.81, 0.00, 15.08, 0.00, 55.57, 87.33, 0, 0
2.00, 5.70, 19.89, 19.89, -2853.44, 20.00, 4.63, 7.22, 1.34, 0.00, 0.00, 0.00, 0.00, 90.00, 0, 0
2.00, 5.70, 19.71, 19.71, -3057.25, 20.00, 4.63, 7.22, 1.34, 0.00, 0.00, 0.00, 0.00, 90.00, 0, 0
2.00, 5.70, 19.56, 19.56, -3222.91, 20.00, 4.63, 7.22, 1.34, 0.00, 0.00, 0.00, 0.00, 90.00, 0, 0
2.00, 5.70, 19.42, 19.42, -3403.56, 20.00, 4.63, 6.67, 0.87, 0.00, 0.00, 0.00, 0.00, 90.00, 0, 0
2.00, 5.70, 19.30, 19.30, -3537.64, 20.00, 4.63, 6.67, 0.87, 0.00, 0.00, 0.00, 0.00, 90.00, 0, 0
2.00, 5.70, 19.19, 19.19, -3658.40, 20.00, 4.63, 6.67, 0.87, 0.00, 0.00, 0.00, 0.00, 90.00, 0, 0
2.00, 5.70, 19.09, 19.09, -3769.82, 20.00, 4.63, 6.67, 0.87, 0.00, 0.00, 0.00, 0.00, 90.00, 0, 0
2.00, 5.70, 19.00, 19.00, -3874.45, 20.00, 4.63, 6.67, 0.87, 0.00, 0.00, 0.00, 0.00, 90.00, 0, 0
2.00, 5.70, 18.92, 18.92, -3934.42, 20.00, 4.63, 7.22, 1.34, 0.00, 0.00, 0.00, 0.00, 90.00, 0, 0
2.00, 5.70, 18.84, 18.84, -4020.62, 20.00, 4.63, 7.22, 1.34, 0.00, 0.00, 0.00, 0.00, 90.00, 0, 0
2.00, 5.70, 18.77, 18.77, -4105.53, 20.00, 4.63, 7.22, 1.34, 0.00, 0.00, 0.00, 0.00, 90.00, 0, 0
2.00, 5.70, 18.69, 18.69, -4188.61, 20.00, 4.63, 7.22, 1.48, 0.00, 0.00, 0.00, 0.00, 90.00, 0, 0
2.00, 5.70, 20.00, 20.00, -4638.72, 20.00, 4.63, 7.78, 2.10, 0.00, 0.00, 0.00, 0.00, 90.00, 0, 0
2.00, 5.70, 20.00, 20.00, -4655.89, 20.00, 4.63, 7.78, 2.10, 0.00, 0.00, 0.00, 0.00, 90.00, 0, 0
2.00, 5.70, 20.00, 20.00, -4672.00, 20.00, 4.63, 7.78, 2.10, 0.00, 0.00, 0.00, 0.00, 90.00, 0, 0
2.00, 5.70, 20.00, 20.00, -3778.24, 20.00, 4.63, 8.89, 3.33, 62.53, 28.73, 40.32, -50.24, 82.66, 0, 0
2.00, 5.70, 20.00, 20.00, -3960.63, 20.00, 4.63, 10.00, 4.43, 7.63, 53.02, 52.82, -38.80, 74.68, 0, 0
2.00, 5.70, 20.00, 20.00, -3676.25, 20.00, 4.63, 11.11, 5.53, 5.11, 80.67, 66.10, -25.79, 68.60, 0, 0
2.00, 5.70, 20.00, 20.00, -3117.76, 20.00, 4.63, 12.78, 7.12, 25.30, 115.32, 79.73, -11.35, 64.97, 0, 0
2.00, 5.70, 20.00, 20.00, -2842.15, 20.00, 4.63, 13.89, 8.23, 0.00, 122.52, 0.00, 3.87, 64.22, 0, 0
2.00, 5.70, 19.95, 19.95, -2258.66, 20.00, 4.63, 14.44, 8.85, 0.00, 110.68, 0.00, 18.81, 66.47, 0, 0
2.00, 5.70, 19.90, 19.90, -2355.76, 20.00, 4.63, 14.44, 8.85, 0.00, 82.59, 0.00, 32.58, 71.41, 0, 0
2.00, 5.70, 19.75, 19.75, -2709.15, 20.00, 4.63, 13.89, 8.23, 0.00, 35.24, 0.00, 44.78, 78.52, 0, 0
2.00, 5.70, 19.57, 19.57, -3052.95, 20.00, 4.63, 12.78, 7.26, 0.00, 5.66, 0.00, 55.50, 87.26, 0, 0
2.00, 5.70, 19.41, 19.41, -3246.09, 20.00, 4.63, 12.22, 6.64, 0.00, 0.00, 0.00, 0.00, 90.00, 0, 0
2.00, 5.70, 19.29, 19.29, -3355.06, 20.00, 4.63, 12.22, 6.64, 0.00, 0.00, 0.00, 0.00, 90.00, 0, 0
2.00, 5.70, 19.19, 19.19, -3479.29, 20.00, 4.63, 11.67, 6.01, 0.00, 0.00, 0.00, 0.00, 90.00, 0, 0
2.00, 5.70, 19.09, 19.09, -3598.01, 20.00, 4.63, 11.11, 5.39, 0.00, 0.00, 0.00, 0.00, 90.00, 0, 0
2.00, 5.70, 19.00, 19.00, -3714.48, 20.00, 4.63, 10.56, 4.91, 0.00, 0.00, 0.00, 0.00, 90.00, 0, 0
2.00, 5.70, 18.91, 18.91, -3830.83, 20.00, 4.63, 10.00, 4.29, 0.00, 0.00, 0.00, 0.00, 90.00, 0, 0
2.00, 5.70, 18.81, 18.81, -3948.01, 20.00, 4.63, 9.44, 3.81, 0.00, 0.00, 0.00, 0.00, 90.00, 0, 0
2.00, 5.70, 18.72, 18.72, -4067.00, 20.00, 4.63, 8.89, 3.19, 0.00, 0.00, 0.00, 0.00, 90.00, 0, 0
2.00, 5.70, 18.62, 18.62, -4188.15, 20.00, 4.63, 8.33, 2.58, 0.00, 0.00, 0.00, 0.00, 90.00, 0, 0
2.00, 5.70, 18.51, 18.51, -4351.21, 20.00, 4.63, 7.22, 1.48, 0.00, 0.00, 0.00, 0.00, 90.00, 0, 0
2.00, 5.70, 18.40, 18.40, -4486.54, 20.00, 4.63, 6.67, 0.87, 0.00, 0.00, 0.00, 0.00, 90.00, 0, 0
2.00, 5.70, 18.28, 18.28, -4661.94, 20.00, 4.63, 5.56, -0.22, 0.00, 0.00, 0.00, 0.00, 90.00, 0, 0
2.00, 5.70, 20.00, 20.00, -3572.86, 20.00, 4.63, 5.00, -0.83, 0.00, 0.00, 0.00, 0.00, 90.00, 0, 0
2.00, 5.70, 20.00, 20.00, -3664.01, 20.00, 4.63, 3.89, -1.91, 0.00, 0.00, 0.00, 0.00, 90.00, 0, 0
2.00, 5.70, 20.00, 20.00, -3695.55, 20.00, 4.63, 3.89, -1.91, 0.00, 0.00, 0.00, 0.00, 90.00, 0, 0
2.00, 5.70, 20.00, 20.00, -3359.91, 20.00, 4.63, 5.00, -0.83, 21.68, 26.50, 40.22, -50.33, 82.72, 0, 0
2.00, 5.70, 20.00, 20.00, -3463.03, 20.00, 4.63, 5.56, -0.22, 3.82, 36.88, 52.71, -38.90, 74.73, 0, 0
2.00, 5.70, 20.00, 20.00, -3218.64, 20.00, 4.63, 6.67, 0.87, 12.83, 81.02, 66.00, -25.90, 68.62, 0, 0
2.00, 5.70, 20.00, 20.00, -3090.08, 20.00, 4.63, 7.78, 1.96, 3.98, 102.83, 79.62, -11.46, 64.97, 0, 0
2.00, 5.70, 20.00, 20.00, -3038.17, 20.00, 4.63, 8.33, 2.58, 0.00, 103.38, 0.00, 3.75, 64.20, 0, 0
2.00, 5.70, 19.59, 19.59, -3179.36, 20.00, 4.63, 8.89, 3.19, 0.00, 105.63, 0.00, 18.70, 66.42, 0, 0
2.00, 5.70, 19.36, 19.36, -3283.22, 20.00, 4.63, 9.44, 3.67, 0.00, 86.95, 0.00, 32.48, 71.35, 0, 0
2.00, 5.70, 19.11, 19.11, -3697.05, 20.00, 4.63, 8.89, 3.19, 0.00, 44.01, 0.00, 44.70, 78.45, 0, 0
2.00, 5.70, 18.84, 18.84, -4103.81, 20.00, 4.63, 8.33, 2.58, 0.00, 9.43, 0.00, 55.43, 87.17, 0, 0
2.00, 5.70, 18.62, 18.62, -4359.03, 20.00, 4.63, 7.78, 1.96, 0.00, 0.00, 0.00, 0.00, 90.00, 0, 0
2.00, 5.70, 18.44, 18.44, -4546.72, 20.00, 4.63, 7.22, 1.34, 0.00, 0.00, 0.00, 0.00, 90.00, 0, 0
2.00, 5.70, 18.29, 18.29, -4712.15, 20.00, 4.63, 6.67, 0.87, 0.00, 0.00, 0.00, 0.00, 90.00, 0, 0
2.00, 5.70, 18.15, 18.15, -4865.14, 20.00, 4.63, 6.11, 0.25, 0.00, 0.00, 0.00, 0.00, 90.00, 0, 0
2.00, 5.70, 18.02, 18.02, -5011.28, 20.00, 4.63, 5.56, -0.22, 0.00, 0.00, 0.00, 0.00, 90.00, 0, 0
2.00, 5.70, 17.90, 17.90, -5114.73, 20.00, 4.63, 5.56, -0.36, 0.00, 0.00, 0.00, 0.00, 90.00, 0, 0
2.00, 5.70, 17.79, 17.79, -5247.55, 20.00, 4.63, 5.00, -0.98, 0.00, 0.00, 0.00, 0.00, 90.00, 0, 0
2.00, 5.70, 17.67, 17.67, -5382.67, 20.00, 4.63, 4.44, -1.44, 0.00, 0.00, 0.00, 0.00, 90.00, 0, 0
2.00, 5.70, 17.56, 17.56, -5520.27, 20.00, 4.63, 3.89, -2.06, 0.00, 0.00, 0.00, 0.00, 90.00, 0, 0
2.00, 5.70, 17.45, 17.45, -5620.40, 20.00, 4.63, 3.89, -2.06, 0.00, 0.00, 0.00, 0.00, 90.00, 0, 0
2.00, 5.70, 17.34, 17.34, -5753.49, 20.00, 4.63, 3.33, -2.67, 0.00, 0.00, 0.00, 0.00, 90.00, 0, 0
2.00, 5.70, 17.22, 17.22, -5891.04, 20.00, 4.63, 2.78, -3.13, 0.00, 0.00, 0.00, 0.00, 90.00, 0, 0
2.00, 5.70, 20.00, 20.00, -6054.71, 20.00, 4.63, 2.22, -3.75, 0.00, 0.00, 0.00, 0.00, 90.00, 0, 0
2.00, 5.70, 20.00, 20.00, -6058.68, 20.00, 4.63, 2.22, -3.75, 0.00, 0.00, 0.00, 0.00, 90.00, 0, 0
2.00, 5.70, 20.00, 20.00, -6167.92, 20.00, 4.63, 1.67, -4.36, 0.00, 0.00, 0.00, 0.00, 90.00, 0, 0
2.00, 5.70, 20.00, 20.00, -4761.40, 20.00, 4.63, 3.33, -2.67, 103.72, 36.77, 40.12, -50.42, 82.78, 0, 0
2.00, 5.70, 20.00, 20.00, -5283.29, 20.00, 4.63, 4.44, -1.60, 15.33, 49.50, 52.61, -39.01, 74.77, 0, 0
2.00, 5.70, 20.00, 20.00, -4952.33, 20.00, 4.63, 5.56, -0.36, 23.20, 87.77, 65.89, -26.02, 68.65, 0, 0
2.00, 5.70, 20.00, 20.00, -4730.15, 20.00, 4.63, 6.67, 0.72, 8.61, 101.29, 79.52, -11.58, 64.97, 0, 0
2.00, 5.70, 20.00, 20.00, -4254.09, 20.00, 4.63, 7.78, 1.81, 0.00, 118.50, 0.00, 3.63, 64.18, 0, 0
2.00, 5.70, 19.57, 19.57, -2978.28, 20.00, 4.63, 8.89, 2.90, 0.00, 103.72, 0.00, 18.59, 66.38, 0, 0
2.00, 5.70, 19.25, 19.25, -3361.01, 20.00, 4.63, 8.89, 3.05, 0.00, 82.30, 0.00, 32.39, 71.28, 0, 0
2.00, 5.70, 18.91, 18.91, -3897.55, 20.00, 4.63, 8.33, 2.43, 0.00, 44.26, 0.00, 44.62, 78.37, 0, 0
2.00, 5.70, 18.58, 18.58, -4385.36, 20.00, 4.63, 7.22, 1.34, 0.00, 9.43, 0.00, 55.36, 87.09, 0, 0
2.00, 5.70, 18.31, 18.31, -4683.35, 20.00, 4.63, 6.67, 0.72, 0.00, 0.00, 0.00, 0.00, 90.00, 0, 0
2.00, 5.70, 18.11, 18.11, -4860.85, 20.00, 4.63, 6.67, 0.56, 0.00, 0.00, 0.00, 0.00, 90.00, 0, 0
2.00, 5.70, 17.94, 17.94, -5037.91, 20.00, 4.63, 6.11, 0.10, 0.00, 0.00, 0.00, 0.00, 90.00, 0, 0
2.00, 5.70, 17.79, 17.79, -5199.27, 20.00, 4.63, 5.56, -0.52, 0.00, 0.00, 0.00, 0.00, 90.00, 0, 0
2.00, 5.70, 17.65, 17.65, -5351.57, 20.00, 4.63, 5.00, -0.98, 0.00, 0.00, 0.00, 0.00, 90.00, 0, 0
2.00, 5.70, 17.54, 17.54, -5459.57, 20.00, 4.63, 5.00, -1.14, 0.00, 0.00, 0.00, 0.00, 90.00, 0, 0
2.00, 5.70, 17.42, 17.42, -5595.69, 20.00, 4.63, 4.44, -1.60, 0.00, 0.00, 0.00, 0.00, 90.00, 0, 0
2.00, 5.70, 17.30, 17.30, -5733.56, 20.00, 4.63, 3.89, -2.21, 0.00, 0.00, 0.00, 0.00, 90.00, 0, 0
2.00, 5.70, 17.18, 17.18, -5873.15, 20.00, 4.63, 3.33, -2.67, 0.00, 0.00, 0.00, 0.00, 90.00, 0, 0
2.00, 5.70, 17.06, 17.06, -6014.81, 20.00, 4.63, 2.78, -3.29, 0.00, 0.00, 0.00, 0.00, 90.00, 0, 0
2.00, 5.70, 16.93, 16.93, -6158.58, 20.00, 4.63, 2.22, -3.89, 0.00, 0.00, 0.00, 0.00, 90.00, 0, 0
2.00, 5.70, 16.81, 16.81, -6304.60, 20.00, 4.63, 1.67, -4.50, 0.00, 0.00, 0.00, 0.00, 90.00, 0, 0
2.00, 5.70, 20.00, 20.00, -6314.29, 20.00, 4.63, 1.11, -4.96, 0.00, 0.00, 0.00, 0.00, 90.00, 0, 0
2.00, 5.70, 20.00, 20.00, -6421.78, 20.00, 4.63, 0.56, -5.57, 0.00, 0.00, 0.00, 0.00, 90.00, 0, 0
2.00, 5.70, 20.00, 20.00, -6432.57, 20.00, 4.63, 0.56, -5.57, 0.00, 0.00, 0.00, 0.00, 90.00, 0, 0
2.00, 5.70, 20.00, 20.00, -6052.71, 20.00, 4.63, 1.67, -4.50, 9.66, 25.61, 40.02, -50.52, 82.82, 0, 0
2.00, 5.70, 20.00, 20.00, -5790.44, 20.00, 4.63, 2.78, -3.29, 3.84, 55.74, 52.50, -39.11, 74.80, 0, 0
2.00, 5.70, 20.00, 20.00, -5643.94, 20.00, 4.63, 3.33, -2.82, 1.29, 69.19, 65.78, -26.14, 68.66, 0, 0
2.00, 5.70, 20.00, 20.00, -5213.35, 20.00, 4.63, 4.44, -1.60, 17.40, 108.31, 79.41, -11.71, 64.96, 0, 0
2.00, 5.70, 20.00, 20.00, -4958.49, 20.00, 4.63, 5.56, -0.52, 0.00, 117.46, 0.00, 3.52, 64.15, 0, 0
2.00, 5.70, 19.22, 19.22, -3894.47, 20.00, 4.63, 6.11, -0.06, 0.00, 96.78, 0.00, 18.49, 66.33, 0, 0
2.00, 5.70, 18.68, 18.68, -4386.39, 20.00, 4.63, 5.56, -0.52, 0.00, 73.40, 0.00, 32.30, 71.21, 0, 0
2.00, 5.70, 18.29, 18.29, -4762.51, 20.00, 4.63, 5.56, -0.52, 0.00, 46.80, 0.00, 44.54, 78.29, 0, 0
2.00, 5.70, 17.93, 17.93, -5227.13, 20.00, 4.63, 4.44, -1.60, 0.00, 11.31, 0.00, 55.30, 87.00, 0, 0
2.00, 5.70, 17.66, 17.66, -5491.75, 20.00, 4.63, 4.44, -1.75, 0.00, 0.00, 0.00, 0.00, 90.00, 0, 0
2.00, 5.70, 17.44, 17.44, -5702.90, 20.00, 4.63, 3.89, -2.21, 0.00, 0.00, 0.00, 0.00, 90.00, 0, 0
2.00, 5.70, 17.26, 17.26, -5887.80, 20.00, 4.63, 3.33, -2.82, 0.00, 0.00, 0.00, 0.00, 90.00, 0, 0
2.00, 5.70, 17.11, 17.11, -6017.64, 20.00, 4.63, 3.33, -2.82, 0.00, 0.00, 0.00, 0.00, 90.00, 0, 0
2.00, 5.70, 16.97, 16.97, -6169.55, 20.00, 4.63, 2.78, -3.43, 0.00, 0.00, 0.00, 0.00, 90.00, 0, 0
2.00, 5.70, 16.83, 16.83, -6319.02, 20.00, 4.63, 2.22, -3.89, 0.00, 0.00, 0.00, 0.00, 90.00, 0, 0
2.00, 5.70, 16.71, 16.71, -6428.13, 20.00, 4.63, 2.22, -4.04, 0.00, 0.00, 0.00, 0.00, 90.00, 0, 0
2.00, 5.70, 16.59, 16.59, -6568.04, 20.00, 4.63, 1.67, -4.50, 0.00, 0.00, 0.00, 0.00, 90.00, 0, 0
2.00, 5.70, 16.46, 16.46, -6711.26, 20.00, 4.63, 1.11, -5.11, 0.00, 0.00, 0.00, 0.00, 90.00, 0, 0
2.00, 5.70, 16.34, 16.34, -6817.32, 20.00, 4.63, 1.11, -5.11, 0.00, 0.00, 0.00, 0.00, 90.00, 0, 0
2.00, 5.70, 16.22, 16.22, -6956.71, 20.00, 4.63, 0.56, -5.72, 0.00, 0.00, 0.00, 0.00, 90.00, 0, 0
2.00, 5.70, 16.11, 16.11, -7060.75, 20.00, 4.63, 0.56, -5.72, 0.00, 0.00, 0.00, 0.00, 90.00, 0, 0
2.00, 5.70, 20.00, 20.00, -6684.28, 20.00, 4.63, 0.00, -6.18, 0.00, 0.00, 0.00, 0.00, 90.00, 0, 0
2.00, 5.70, 20.00, 20.00, -6788.17, 20.00, 4.63, -0.56, -6.79, 0.00, 0.00, 0.00, 0.00, 90.00, 0, 0
2.00, 5.70, 20.00, 20.00, -6795.02, 20.00, 4.63, -0.56, -6.79, 0.00, 0.00, 0.00, 0.00, 90.00, 0, 0
2.00, 5.70, 20.00, 20.00, -3608.14, 20.00, 4.63, 1.11, -5.11, 292.79, 33.00, 39.91, -50.63, 82.87, 0, 0
2.00, 5.70, 20.00, 20.00, -3381.97, 20.00, 4.63, 3.33, -2.82, 329.25, 56.15, 52.38, -39.23, 74.83, 0, 0
2.00, 5.70, 20.00, 20.00, -4126.30, 20.00, 4.63, 5.56, -0.68, 211.88, 82.37, 65.67, -26.25, 68.67, 0, 0
2.00, 5.70, 20.00, 20.00, -4052.30, 20.00, 4.63, 7.22, 1.02, 121.25, 90.69, 79.30, -11.83, 64.95, 0, 0
2.00, 5.70, 20.00, 20.00, -3659.47, 20.00, 4.63, 8.33, 2.27, 0.00, 87.46, 0.00, 3.40, 64.11, 0, 0
2.00, 5.70, 19.62, 19.62, -2485.72, 20.00, 4.63, 9.44, 3.36, 0.00, 94.88, 0.00, 18.39, 66.27, 0, 0
2.00, 5.70, 19.30, 19.30, -2915.97, 20.00, 4.63, 9.44, 3.36, 0.00, 82.71, 0.00, 32.21, 71.14, 0, 0
2.00, 5.70, 18.95, 18.95, -3538.08, 20.00, 4.63, 8.33, 2.27, 0.00, 49.29, 0.00, 44.48, 78.20, 0, 0
2.00, 5.70, 18.57, 18.57, -4166.06, 20.00, 4.63, 7.22, 1.02, 0.00, 16.97, 0.00, 55.25, 86.90, 0, 0
2.00, 5.70, 18.24, 18.24, -4596.89, 20.00, 4.63, 6.11, -0.06, 0.00, 0.00, 0.00, 0.00, 90.00, 0, 0
2.00, 5.70, 17.99, 17.99, -4832.03, 20.00, 4.63, 6.11, -0.06, 0.00, 0.00, 0.00, 0.00, 90.00, 0, 0
2.00, 5.70, 17.79, 17.79, -5050.83, 20.00, 4.63, 5.56, -0.52, 0.00, 0.00, 0.00, 0.00, 90.00, 0, 0
2.00, 5.70, 17.62, 17.62, -5243.38, 20.00, 4.63, 5.00, -1.14, 0.00, 0.00, 0.00, 0.00, 90.00, 0, 0
2.00, 5.70, 17.48, 17.48, -5380.28, 20.00, 4.63, 5.00, -1.14, 0.00, 0.00, 0.00, 0.00, 90.00, 0, 0
2.00, 5.70, 17.35, 17.35, -5538.22, 20.00, 4.63, 4.44, -1.75, 0.00, 0.00, 0.00, 0.00, 90.00, 0, 0
2.00, 5.70, 17.22, 17.22, -5692.76, 20.00, 4.63, 3.89, -2.21, 0.00, 0.00, 0.00, 0.00, 90.00, 0, 0
2.00, 5.70, 17.10, 17.10, -5806.19, 20.00, 4.63, 3.89, -2.36, 0.00, 0.00, 0.00, 0.00, 90.00, 0, 0
2.00, 5.70, 16.98, 16.98, -5949.58, 20.00, 4.63, 3.33, -2.82, 0.00, 0.00, 0.00, 0.00, 90.00, 0, 0
2.00, 5.70, 16.86, 16.86, -6095.66, 20.00, 4.63, 2.78, -3.43, 0.00, 0.00, 0.00, 0.00, 90.00, 0, 0
2.00, 5.70, 16.75, 16.75, -6204.14, 20.00, 4.63, 2.78, -3.43, 0.00, 0.00, 0.00, 0.00, 90.00, 0, 0
2.00, 5.70, 16.64, 16.64, -6345.38, 20.00, 4.63, 2.22, -4.04, 0.00, 0.00, 0.00, 0.00, 90.00, 0, 0
2.00, 5.70, 20.00, 20.00, -6151.59, 20.00, 4.63, 1.67, -4.50, 0.00, 0.00, 0.00, 0.00, 90.00, 0, 0
2.00, 5.70, 20.00, 20.00, -6260.03, 20.00, 4.63, 1.11, -4.96, 0.00, 0.00, 0.00, 0.00, 90.00, 0, 0
2.00, 5.70, 20.00, 20.00, -6272.04, 20.00, 4.63, 1.11, -4.96, 0.00, 0.00, 0.00, 0.00, 90.00, 0, 0
2.00, 5.70, 20.00, 20.00, -4817.98, 20.00, 4.63, 2.78, -3.43, 111.49, 28.80, 39.80, -50.74, 82.90, 0, 0
2.00, 5.70, 20.00, 20.00, -3094.70, 20.00, 4.63, 5.00, -1.14, 308.86, 72.07, 52.27, -39.34, 74.85, 0, 0
2.00, 5.70, 20.00, 20.00, -3161.37, 20.00, 4.63, 8.33, 2.10, 270.24, 111.96, 65.55, -26.38, 68.67, 0, 0
2.00, 5.70, 20.00, 20.00, -3535.39, 20.00, 4.63, 9.44, 3.36, 79.28, 124.01, 79.19, -11.95, 64.93, 0, 0
2.00, 5.70, 20.00, 20.00, -3634.03, 20.00, 4.63, 10.00, 3.99, 0.00, 119.63, 0.00, 3.28, 64.06, 0, 0
2.00, 5.70, 19.43, 19.43, -3112.19, 20.00, 4.63, 9.44, 3.36, 0.00, 102.37, 0.00, 18.29, 66.20, 0, 0
2.00, 5.70, 19.07, 19.07, -3413.16, 20.00, 4.63, 9.44, 3.36, 0.00, 81.66, 0.00, 32.13, 71.05, 0, 0
2.00, 5.70, 18.79, 18.79, -3707.49, 20.00, 4.63, 8.89, 2.90, 0.00, 58.08, 0.00, 44.41, 78.11, 0, 0
2.00, 5.70, 18.48, 18.48, -4233.68, 20.00, 4.63, 7.78, 1.65, 0.00, 20.74, 0.00, 55.19, 86.80, 0, 0
2.00, 5.70, 18.21, 18.21, -4578.94, 20.00, 4.63, 7.22, 1.19, 0.00, 0.00, 0.00, 0.00, 90.00, 0, 0
2.00, 5.70, 18.00, 18.00, -4805.06, 20.00, 4.63, 6.67, 0.56, 0.00, 0.00, 0.00, 0.00, 90.00, 0, 0
2.00, 5.70, 17.82, 17.82, -4998.77, 20.00, 4.63, 6.11, 0.10, 0.00, 0.00, 0.00, 0.00, 90.00, 0, 0
2.00, 5.70, 17.68, 17.68, -5133.87, 20.00, 4.63, 6.11, 0.10, 0.00, 0.00, 0.00, 0.00, 90.00, 0, 0
2.00, 5.70, 17.55, 17.55, -5288.52, 20.00, 4.63, 5.56, -0.52, 0.00, 0.00, 0.00, 0.00, 90.00, 0, 0
2.00, 5.70, 17.44, 17.44, -5399.54, 20.00, 4.63, 5.56, -0.52, 0.00, 0.00, 0.00, 0.00, 90.00, 0, 0
2.00, 5.70, 17.32, 17.32, -5539.13, 20.00, 4.63, 5.00, -0.98, 0.00, 0.00, 0.00, 0.00, 90.00, 0, 0
2.00, 5.70, 17.21, 17.21, -5680.48, 20.00, 4.63, 4.44, -1.60, 0.00, 0.00, 0.00, 0.00, 90.00, 0, 0
2.00, 5.70, 17.10, 17.10, -5783.87, 20.00, 4.63, 4.44, -1.75, 0.00, 0.00, 0.00, 0.00, 90.00, 0, 0
2.00, 5.70, 16.99, 16.99, -5919.31, 20.00, 4.63, 3.89, -2.21, 0.00, 0.00, 0.00, 0.00, 90.00, 0, 0
2.00, 5.70, 16.88, 16.88, -6058.83, 20.00, 4.63, 3.33, -2.82, 0.00, 0.00, 0.00, 0.00, 90.00, 0, 0
2.00, 5.70, 16.76, 16.76, -6201.46, 20.00, 4.63, 2.78, -3.29, 0.00, 0.00, 0.00, 0.00, 90.00, 0, 0
2.00, 5.70, 20.00, 20.00, -5890.67, 20.00, 4.63, 2.78, -3.29, 0.00, 0.00, 0.00, 0.00, 90.00, 0, 0
2.00, 5.70, 20.00, 20.00, -5996.94, 20.00, 4.63, 2.22, -3.89, 0.00, 0.00, 0.00, 0.00, 90.00, 0, 0
2.00, 5.70, 20.00, 20.00, -6007.86, 20.00, 4.63, 2.22, -3.89, 0.00, 0.00, 0.00, 0.00, 90.00, 0, 0
2.00, 5.70, 20.00, 20.00, -5155.98, 20.00, 4.63, 3.33, -2.67, 58.27, 29.31, 39.68, -50.85, 82.94, 0, 0
2.00, 5.70, 20.00, 20.00, -4682.71, 20.00, 4.63, 5.00, -0.98, 75.48, 70.77, 52.16, -39.46, 74.87, 0, 0
2.00, 5.70, 20.00, 20.00, -4564.42, 20.00, 4.63, 6.67, 0.72, 41.96, 100.53, 65.44, -26.50, 68.67, 0, 0
2.00, 5.70, 20.00, 20.00, -4337.93, 20.00, 4.63, 7.78, 1.81, 18.53, 122.68, 79.08, -12.08, 64.90, 0, 0
2.00, 5.70, 20.00, 20.00, -4047.05, 20.00, 4.63, 8.89, 2.90, 0.00, 130.72, 0.00, 3.17, 64.01, 0, 0
2.00, 5.70, 19.44, 19.44, -3120.78, 20.00, 4.63, 9.44, 3.52, 0.00, 116.48, 0.00, 18.19, 66.13, 0, 0
2.00, 5.70, 19.04, 19.04, -3541.24, 20.00, 4.63, 9.44, 3.52, 0.00, 85.00, 0.00, 32.05, 70.97, 0, 0
2.00, 5.70, 18.72, 18.72, -3916.25, 20.00, 4.63, 8.89, 3.05, 0.00, 53.92, 0.00, 44.35, 78.01, 0, 0
2.00, 5.70, 18.39, 18.39, -4435.29, 20.00, 4.63, 7.78, 1.96, 0.00, 18.86, 0.00, 55.15, 86.69, 0, 0
2.00, 5.70, 18.11, 18.11, -4775.03, 20.00, 4.63, 7.22, 1.34, 0.00, 0.00, 0.00, 0.00, 90.00, 0, 0
2.00, 5.70, 17.90, 17.90, -4959.29, 20.00, 4.63, 7.22, 1.34, 0.00, 0.00, 0.00, 0.00, 90.00, 0, 0
2.00, 5.70, 17.73, 17.73, -5140.04, 20.00, 4.63, 6.67, 0.87, 0.00, 0.00, 0.00, 0.00, 90.00, 0, 0
2.00, 5.70, 17.59, 17.59, -5263.48, 20.00, 4.63, 6.67, 0.87, 0.00, 0.00, 0.00, 0.00, 90.00, 0, 0
2.00, 5.70, 17.47, 17.47, -5407.25, 20.00, 4.63, 6.11, 0.25, 0.00, 0.00, 0.00, 0.00, 90.00, 0, 0
2.00, 5.70, 17.36, 17.36, -5507.92, 20.00, 4.63, 6.11, 0.25, 0.00, 0.00, 0.00, 0.00, 90.00, 0, 0
2.00, 5.70, 17.26, 17.26, -5597.98, 20.00, 4.63, 6.11, 0.25, 0.00, 0.00, 0.00, 0.00, 90.00, 0, 0
2.00, 5.70, 17.16, 17.16, -5720.52, 20.00, 4.63, 5.56, -0.36, 0.00, 0.00, 0.00, 0.00, 90.00, 0, 0
2.00, 5.70, 17.07, 17.07, -5807.54, 20.00, 4.63, 5.56, -0.36, 0.00, 0.00, 0.00, 0.00, 90.00, 0, 0
2.00, 5.70, 16.97, 16.97, -5928.26, 20.00, 4.63, 5.00, -0.83, 0.00, 0.00, 0.00, 0.00, 90.00, 0, 0
2.00, 5.70, 16.88, 16.88, -6014.36, 20.00, 4.63, 5.00, -0.83, 0.00, 0.00, 0.00, 0.00, 90.00, 0, 0
2.00, 5.70, 16.79, 16.79, -6095.39, 20.00, 4.63, 5.00, -0.98, 0.00, 0.00, 0.00, 0.00, 90.00, 0, 0
2.00, 5.70, 20.00, 20.00, -5611.21, 20.00, 4.63, 4.44, -1.44, 0.00, 0.00, 0.00, 0.00, 90.00, 0, 0
2.00, 5.70, 20.00, 20.00, -5609.16, 20.00, 4.63, 4.44, -1.44, 0.00, 0.00, 0.00, 0.00, 90.00, 0, 0
2.00, 5.70, 20.00, 20.00, -5610.91, 20.00, 4.63, 4.44, -1.44, 0.00, 0.00, 0.00, 0.00, 90.00, 0, 0
2.00, 5.70, 20.00, 20.00, -5355.33, 20.00, 4.63, 5.00, -0.83, 7.30, 23.94, 39.56, -50.96, 82.96, 0, 0
2.00, 5.70, 20.00, 20.00, -4193.37, 20.00, 4.63, 6.67, 1.01, 112.55, 64.89, 52.04, -39.58, 74.88, 0, 0
2.00, 5.70, 20.00, 20.00, -3987.61, 20.00, 4.63, 8.89, 3.19, 89.55, 100.71, 65.33, -26.63, 68.65, 0, 0
2.00, 5.70, 20.00, 20.00, -4067.61, 20.00, 4.63, 9.44, 3.81, 16.90, 111.45, 78.97, -12.20, 64.86, 0, 0
2.00, 5.70, 20.00, 20.00, -4037.24, 20.00, 4.63, 10.00, 4.29, 0.00, 99.57, 0.00, 3.05, 63.95, 0, 0
2.00, 5.70, 19.39, 19.39, -3259.89, 20.00, 4.63, 10.56, 4.91, 0.00, 102.24, 0.00, 18.09, 66.05, 0, 0
2.00, 5.70, 18.96, 18.96, -3691.08, 20.00, 4.63, 10.00, 4.43, 0.00, 76.97, 0.00, 31.98, 70.87, 0, 0
2.00, 5.70, 18.65, 18.65, -4011.21, 20.00, 4.63, 10.00, 4.29, 0.00, 47.93, 0.00, 44.29, 77.90, 0, 0
2.00, 5.70, 18.35, 18.35, -4448.83, 20.00, 4.63, 8.89, 3.33, 0.00, 16.97, 0.00, 55.11, 86.58, 0, 0
2.00, 5.70, 18.09, 18.09, -4751.07, 20.00, 4.63, 8.33, 2.71, 0.00, 0.00, 0.00, 0.00, 90.00, 0, 0
2.00, 5.70, 17.91, 17.91, -4912.02, 20.00, 4.63, 8.33, 2.71, 0.00, 0.00, 0.00, 0.00, 90.00, 0, 0
2.00, 5.70, 17.76, 17.76, -5035.26, 20.00, 4.63, 8.33, 2.71, 0.00, 0.00, 0.00, 0.00, 90.00, 0, 0
2.00, 5.70, 17.65, 17.65, -5135.02, 20.00, 4.63, 8.33, 2.71, 0.00, 0.00, 0.00, 0.00, 90.00, 0, 0
2.00, 5.70, 17.54, 17.54, -5259.33, 20.00, 4.63, 7.78, 2.23, 0.00, 0.00, 0.00, 0.00, 90.00, 0, 0
2.00, 5.70, 17.45, 17.45, -5343.55, 20.00, 4.63, 7.78, 2.23, 0.00, 0.00, 0.00, 0.00, 90.00, 0, 0
2.00, 5.70, 17.37, 17.37, -5418.97, 20.00, 4.63, 7.78, 2.23, 0.00, 0.00, 0.00, 0.00, 90.00, 0, 0
2.00, 5.70, 17.29, 17.29, -5488.53, 20.00, 4.63, 7.78, 2.10, 0.00, 0.00, 0.00, 0.00, 90.00, 0, 0
2.00, 5.70, 17.22, 17.22, -5553.85, 20.00, 4.63, 7.78, 2.10, 0.00, 0.00, 0.00, 0.00, 90.00, 0, 0
2.00, 5.70, 17.14, 17.14, -5655.55, 20.00, 4.63, 7.22, 1.62, 0.00, 0.00, 0.00, 0.00, 90.00, 0, 0
2.00, 5.70, 17.06, 17.06, -5724.54, 20.00, 4.63, 7.22, 1.62, 0.00, 0.00, 0.00, 0.00, 90.00, 0, 0
2.00, 5.70, 16.99, 16.99, -5789.44, 20.00, 4.63, 7.22, 1.62, 0.00, 0.00, 0.00, 0.00, 90.00, 0, 0
2.00, 5.70, 20.00, 20.00, -3635.42, 20.00, 4.63, 7.22, 1.62, 0.00, 0.00, 0.00, 0.00, 90.00, 0, 0
2.00, 5.70, 20.00, 20.00, -3646.50, 20.00, 4.63, 7.22, 1.62, 0.00, 0.00, 0.00, 0.00, 90.00, 0, 0
2.00, 5.70, 20.00, 20.00, -3642.97, 20.00, 4.63, 7.22, 1.62, 0.00, 3.77, 0.00, 0.00, 90.00, 0, 0
2.00, 5.70, 20.00, 20.00, -3578.82, 20.00, 4.63, 7.78, 2.23, 0.00, 15.08, 39.44, -51.08, 82.98, 0, 0
2.00, 5.70, 20.00, 20.00, -3083.71, 20.00, 4.63, 9.44, 3.81, 36.97, 56.34, 51.92, -39.71, 74.88, 0, 0
2.00, 5.70, 20.00, 20.00, -3110.75, 20.00, 4.63, 10.56, 4.91, 9.26, 78.96, 65.21, -26.76, 68.64, 0, 0
2.00, 5.70, 20.00, 20.00, -3006.00, 20.00, 4.63, 11.11, 5.53, 3.05, 98.48, 78.86, -12.33, 64.82, 0, 0
2.00, 5.70, 20.00, 20.00, -2924.29, 20.00, 4.63, 12.22, 6.64, 0.00, 97.86, 0.00, 2.94, 63.89, 0, 0
2.00, 5.70, 19.38, 19.38, -3303.39, 20.00, 4.63, 12.22, 6.64, 0.00, 97.92, 0.00, 18.00, 65.96, 0, 0
2.00, 5.70, 19.03, 19.03, -3476.72, 20.00, 4.63, 12.78, 7.12, 0.00, 83.02, 0.00, 31.90, 70.77, 0, 0
2.00, 5.70, 18.75, 18.75, -3828.63, 20.00, 4.63, 12.78, 7.12, 0.00, 45.85, 0.00, 44.24, 77.79, 0, 0
2.00, 5.70, 18.48, 18.48, -4218.40, 20.00, 4.63, 12.22, 6.50, 0.00, 13.20, 0.00, 55.07, 86.46, 0, 0
2.00, 5.70, 18.24, 18.24, -4503.50, 20.00, 4.63, 11.11, 5.53, 0.00, 1.89, 0.00, 0.00, 90.00, 0, 0
2.00, 5.70, 18.07, 18.07, -4649.50, 20.00, 4.63, 11.11, 5.39, 0.00, 0.00, 0.00, 0.00, 90.00, 0, 0
2.00, 5.70, 17.94, 17.94, -4791.07, 20.00, 4.63, 10.56, 4.77, 0.00, 0.00, 0.00, 0.00, 90.00, 0, 0
2.00, 5.70, 17.82, 17.82, -4918.38, 20.00, 4.63, 10.00, 4.15, 0.00, 0.00, 0.00, 0.00, 90.00, 0, 0
2.00, 5.70, 17.71, 17.71, -5037.93, 20.00, 4.63, 9.44, 3.67, 0.00, 0.00, 0.00, 0.00, 90.00, 0, 0
2.00, 5.70, 17.61, 17.61, -5153.94, 20.00, 4.63, 8.89, 3.05, 0.00, 0.00, 0.00, 0.00, 90.00, 0, 0
2.00, 5.70, 17.51, 17.51, -5268.80, 20.00, 4.63, 8.33, 2.43, 0.00, 0.00, 0.00, 0.00, 90.00, 0, 0
2.00, 5.70, 17.40, 17.40, -5423.37, 20.00, 4.63, 7.22, 1.48, 0.00, 0.00, 0.00, 0.00, 90.00, 0, 0
2.00, 5.70, 17.29, 17.29, -5549.22, 20.00, 4.63, 6.67, 0.72, 0.00, 0.00, 0.00, 0.00, 90.00, 0, 0
2.00, 5.70, 17.17, 17.17, -5714.36, 20.00, 4.63, 5.56, -0.36, 0.00, 0.00, 0.00, 0.00, 90.00, 0, 0
2.00, 5.70, 17.04, 17.04, -5889.79, 20.00, 4.63, 4.44, -1.44, 0.00, 0.00, 0.00, 0.00, 90.00, 0, 0
2.00, 5.70, 16.90, 16.90, -6074.15, 20.00, 4.63, 3.33, -2.52, 0.00, 0.00, 0.00, 0.00, 90.00, 0, 0
2.00, 5.70, 20.00, 20.00, -5857.36, 20.00, 4.63, 2.78, -3.29, 0.00, 0.00, 0.00, 0.00, 90.00, 0, 0
2.00, 5.70, 20.00, 20.00, -6067.23, 20.00, 4.63, 1.67, -4.36, 0.00, 0.00, 0.00, 0.00, 90.00, 0, 0
2.00, 5.70, 20.00, 20.00, -6053.68, 20.00, 4.63, 1.67, -4.36, 0.00, 7.54, 0.00, 0.00, 90.00, 0, 0
2.00, 5.70, 20.00, 20.00, -1613.47, 20.00, 4.63, 3.33, -2.67, 429.52, 26.70, 39.32, -51.21, 83.00, 0, 0
2.00, 5.70, 20.00, 20.00, -1577.97, 20.00, 4.63, 6.11, 0.10, 456.52, 47.57, 51.80, -39.84, 74.88, 0, 0
2.00, 5.70, 20.00, 20.00, -2598.83, 20.00, 4.63, 8.33, 2.43, 357.35, 63.00, 65.10, -26.89, 68.61, 0, 0
2.00, 5.70, 20.00, 20.00, -2768.83, 20.00, 4.63, 10.56, 4.62, 171.08, 78.17, 78.75, -12.45, 64.78, 0, 0
2.00, 5.70, 20.00, 20.00, -2382.91, 20.00, 4.63, 12.22, 6.35, 0.00, 80.22, 0.00, 2.83, 63.82, 0, 0
2.00, 5.70, 19.96, 19.96, -1614.08, 20.00, 4.63, 12.78, 6.82, 0.00, 78.50, 0.00, 17.90, 65.87, 0, 0
2.00, 5.70, 19.84, 19.84, -1922.00, 20.00, 4.63, 12.78, 6.82, 0.00, 68.39, 0.00, 31.84, 70.66, 0, 0
2.00, 5.70, 19.63, 19.63, -2423.61, 20.00, 4.63, 11.67, 5.72, 0.00, 46.08, 0.00, 44.19, 77.68, 0, 0
2.00, 5.70, 19.34, 19.34, -3036.10, 20.00, 4.63, 10.00, 4.15, 0.00, 28.28, 0.00, 55.04, 86.34, 0, 0
2.00, 5.70, 19.04, 19.04, -3482.07, 20.00, 4.63, 8.89, 3.05, 0.00, 3.77, 0.00, 0.00, 90.00, 0, 0
2.00, 5.70, 18.81, 18.81, -3770.39, 20.00, 4.63, 8.33, 2.43, 0.00, 0.00, 0.00, 0.00, 90.00, 0, 0
2.00, 5.70, 18.61, 18.61, -4000.01, 20.00, 4.63, 7.78, 1.81, 0.00, 0.00, 0.00, 0.00, 90.00, 0, 0
2.00, 5.70, 18.45, 18.45, -4200.81, 20.00, 4.63, 7.22, 1.19, 0.00, 0.00, 0.00, 0.00, 90.00, 0, 0
2.00, 5.70, 18.28, 18.28, -4423.42, 20.00, 4.63, 6.11, 0.25, 0.00, 0.00, 0.00, 0.00, 90.00, 0, 0
2.00, 5.70, 18.14, 18.14, -4605.17, 20.00, 4.63, 5.56, -0.36, 0.00, 0.00, 0.00, 0.00, 90.00, 0, 0
