 0.00 ,  0.00 ,  0.00 
 0.00 ,  0.00 ,  0.00 
 0.00 ,  0.00 ,  0.00 
 0.00 ,  0.00 ,  0.00 
 0.00 , 302.61 , 202.12 
 0.00 , 509.96 , 341.36 
 0.00 , 607.04 , 406.77 
 0.00 , 6218.82 , 4431.67 
 0.00 , 2175.83 , 1482.74 
 0.00 , 1952.88 , 1327.60 
 0.00 , 1593.41 , 1079.04 
 0.00 , 1685.79 , 1142.74 
 0.00 , 1569.85 , 1062.82 
 0.00 , 1477.08 , 999.02 
 0.00 , 1179.10 , 794.94 
 0.00 , 1248.53 , 842.37 
2524.24 , 1505.95 , 3368.11 
 0.00 , 1649.88 , 1117.96 
 0.00 , 1609.26 , 1089.96 
 0.00 , 1451.00 , 981.10 
 0.00 , 1437.56 , 971.87 
 0.00 , 1473.58 , 996.61 
 0.00 , 1469.72 , 993.96 
 0.00 ,  0.00 ,  0.00 
 0.00 ,  0.00 ,  0.00 
 0.00 ,  0.00 ,  0.00 
 0.00 ,  0.00 ,  0.00 
 0.00 , 18.17 , 12.10 
 0.00 , 644.34 , 431.93 
 0.00 , 747.95 , 501.94 
 0.00 , 798.68 , 536.27 
 0.00 , 6282.13 , 4480.00 
 0.00 , 2419.98 , 1653.48 
2621.25 , 2263.54 , 3985.83 
 0.00 , 2119.25 , 1443.29 
 0.00 , 1679.06 , 1138.09 
 0.00 , 1630.63 , 1104.69 
 0.00 , 1698.63 , 1151.60 
 0.00 , 1869.93 , 1270.08 
 0.00 , 1930.78 , 1312.26 
 0.00 , 1924.48 , 1307.90 
 0.00 , 2006.88 , 1365.11 
 0.00 , 1952.51 , 1327.35 
 0.00 , 1743.39 , 1182.52 
 0.00 , 1767.48 , 1199.17 
 0.00 , 1756.53 , 1191.59 
 0.00 , 1748.25 , 1185.87 
2590.58 ,  0.00 , 2409.24 
 0.00 ,  0.00 ,  0.00 
 0.00 ,  0.00 ,  0.00 
 0.00 ,  0.00 ,  0.00 
 0.00 , 614.03 , 411.48 
 0.00 , 833.60 , 559.94 
 0.00 , 885.72 , 595.27 
 0.00 , 930.27 , 625.51 
 0.00 , 6282.13 , 4480.00 
 0.00 , 2500.60 , 1710.06 
 0.00 , 2361.16 , 1612.27 
 0.00 , 2158.46 , 1470.62 
 0.00 , 1465.74 , 991.22 
 0.00 , 1469.24 , 993.63 
 0.00 , 1644.36 , 1114.16 
 0.00 , 1526.88 , 1033.25 
 0.00 , 1553.15 , 1051.32 
2524.24 , 1748.57 , 3535.96 
 0.00 , 1870.14 , 1270.22 
 0.00 , 1861.74 , 1264.40 
 0.00 , 1656.94 , 1122.83 
 0.00 , 1682.52 , 1140.48 
 0.00 , 1716.39 , 1163.86 
 0.00 , 1709.94 , 1159.41 
 0.00 ,  0.00 ,  0.00 
 0.00 ,  0.00 ,  0.00 
 0.00 ,  0.00 ,  0.00 
 0.00 , 62.05 , 41.34 
 0.00 , 1020.54 , 686.87 
 0.00 , 1180.31 , 795.76 
 0.00 , 1284.05 , 866.67 
 0.00 , 1426.07 , 963.99 
 0.00 , 6282.13 , 4480.00 
 0.00 , 3121.33 , 2149.04 
2621.25 , 2753.66 , 4332.21 
 0.00 , 856.41 , 575.39 
 0.00 , 400.18 , 267.57 
 0.00 , 43.11 , 28.71 
 0.00 ,  0.00 ,  0.00 
 0.00 ,  0.00 ,  0.00 
 0.00 ,  0.00 ,  0.00 
 0.00 ,  0.00 ,  0.00 
 0.00 , 1255.21 , 846.94 
 0.00 , 1618.11 , 1096.06 
 0.00 , 1547.37 , 1047.35 
 0.00 , 1627.73 , 1102.69 
 0.00 , 1745.08 , 1183.68 
 0.00 , 1815.25 , 1232.21 
2590.58 ,  0.00 , 2409.24 
 0.00 ,  0.00 ,  0.00 
 0.00 ,  0.00 ,  0.00 
 0.00 , 519.41 , 347.72 
 0.00 , 1196.20 , 806.61 
 0.00 , 1319.56 , 890.97 
 0.00 , 1431.17 , 967.49 
 0.00 , 1535.57 , 1039.23 
 0.00 , 6282.13 , 4480.00 
 0.00 , 3230.89 , 2227.13 
 0.00 , 2252.36 , 1536.16 
 0.00 , 1512.32 , 1023.24 
 0.00 , 870.53 , 584.97 
 0.00 , 263.64 , 176.02 
 0.00 ,  0.00 ,  0.00 
 0.00 ,  0.00 ,  0.00 
 0.00 ,  0.00 ,  0.00 
2524.24 ,  0.00 , 2347.55 
 0.00 , 1256.38 , 847.74 
 0.00 , 1701.57 , 1153.63 
 0.00 , 1609.56 , 1090.17 
 0.00 , 1690.83 , 1146.22 
 0.00 , 1765.13 , 1197.54 
 0.00 , 1834.66 , 1245.64 
 0.00 ,  0.00 ,  0.00 
 0.00 ,  0.00 ,  0.00 
 0.00 ,  0.00 ,  0.00 
 0.00 , 708.72 , 475.42 
 0.00 , 1275.37 , 860.73 
 0.00 , 1399.19 , 945.55 
 0.00 , 1511.58 , 1022.73 
 0.00 , 1616.53 , 1094.97 
 0.00 , 6282.13 , 4480.00 
 0.00 , 3243.45 , 2236.10 
2621.25 , 2001.77 , 3802.51 
 0.00 , 1080.13 , 727.44 
 0.00 , 423.81 , 283.44 
 0.00 , 13.32 ,  8.87 
 0.00 ,  0.00 ,  0.00 
 0.00 ,  0.00 ,  0.00 
 0.00 ,  0.00 ,  0.00 
 0.00 ,  0.00 ,  0.00 
 0.00 , 1242.63 , 838.33 
 0.00 , 1724.94 , 1169.77 
 0.00 , 1640.95 , 1111.80 
 0.00 , 1680.91 , 1139.37 
 0.00 , 1756.44 , 1191.53 
 0.00 , 1827.62 , 1240.77 
2590.58 ,  0.00 , 2409.24 
 0.00 ,  0.00 ,  0.00 
 0.00 ,  0.00 ,  0.00 
 0.00 , 675.53 , 452.99 
 0.00 , 1193.29 , 804.63 
 0.00 , 1315.66 , 888.30 
 0.00 , 1427.32 , 964.85 
 0.00 , 1532.50 , 1037.12 
 0.00 , 6282.13 , 4480.00 
 0.00 , 3101.90 , 2135.20 
 0.00 , 1703.00 , 1154.62 
 0.00 , 968.67 , 651.60 
 0.00 , 1214.62 , 819.19 
 0.00 , 1470.17 , 994.27 
 0.00 , 1588.50 , 1075.66 
 0.00 , 1224.88 , 826.21 
 0.00 , 809.04 , 543.30 
2524.24 , 910.32 , 2960.13 
 0.00 , 1844.36 , 1252.36 
 0.00 , 1994.71 , 1356.65 
 0.00 , 1868.35 , 1268.98 
 0.00 , 1881.84 , 1278.33 
 0.00 , 1936.76 , 1316.42 
 0.00 , 1946.68 , 1323.30 
 0.00 ,  0.00 ,  0.00 
 0.00 ,  0.00 ,  0.00 
 0.00 ,  0.00 ,  0.00 
 0.00 , 826.78 , 555.31 
 0.00 , 1211.07 , 816.77 
 0.00 , 1277.78 , 862.37 
 0.00 , 1379.06 , 931.74 
 0.00 , 1429.59 , 966.40 
 0.00 , 6282.13 , 4480.00 
 0.00 , 3042.50 , 2092.96 
2621.25 , 2966.18 , 4483.68 
 0.00 , 2890.44 , 1985.06 
 0.00 , 2849.64 , 1956.16 
 0.00 , 2814.53 , 1931.33 
 0.00 , 2709.50 , 1857.13 
 0.00 , 2689.29 , 1842.88 
 0.00 , 2677.38 , 1834.47 
 0.00 , 2689.72 , 1843.18 
 0.00 , 2717.96 , 1863.10 
 0.00 , 2658.71 , 1821.31 
 0.00 , 2472.72 , 1690.48 
 0.00 , 2449.22 , 1673.99 
 0.00 , 2434.36 , 1663.56 
 0.00 , 2468.21 , 1687.31 
2590.58 ,  0.00 , 2409.24 
 0.00 ,  0.00 ,  0.00 
 0.00 , 564.41 , 378.03 
 0.00 , 1478.88 , 1000.26 
 0.00 , 1592.25 , 1078.24 
 0.00 , 1648.03 , 1116.69 
 0.00 , 1695.20 , 1149.23 
 0.00 , 1782.66 , 1209.66 
 0.00 , 6282.13 , 4480.00 
 0.00 , 3422.38 , 2364.08 
 0.00 , 3283.92 , 2265.00 
 0.00 , 3189.02 , 2197.26 
 0.00 , 2971.12 , 2042.26 
 0.00 , 2787.14 , 1911.96 
 0.00 , 2698.04 , 1849.04 
 0.00 , 2587.27 , 1771.00 
 0.00 , 2621.75 , 1795.27 
2524.24 , 2716.92 , 4215.63 
 0.00 , 2839.30 , 1948.85 
 0.00 , 2813.35 , 1930.49 
 0.00 , 2608.12 , 1785.67 
 0.00 , 2632.13 , 1802.58 
 0.00 , 2620.29 , 1794.24 
 0.00 , 2655.87 , 1819.31 
 0.00 ,  0.00 ,  0.00 
 0.00 ,  0.00 ,  0.00 
 0.00 , 1123.26 , 756.84 
 0.00 , 1773.89 , 1203.59 
 0.00 , 1886.46 , 1281.53 
 0.00 , 1941.31 , 1319.57 
 0.00 , 2033.62 , 1383.70 
 0.00 , 2122.41 , 1445.50 
 0.00 , 6282.13 , 4480.00 
 0.00 , 3833.24 , 2659.87 
2621.25 , 2722.63 , 4310.16 
 0.00 , 2104.41 , 1432.96 
 0.00 , 1517.47 , 1026.78 
 0.00 , 1263.13 , 852.36 
 0.00 , 771.54 , 517.90 
 0.00 , 696.02 , 466.83 
 0.00 , 1358.26 , 917.48 
 0.00 , 1828.12 , 1241.12 
 0.00 , 2339.54 , 1597.13 
 0.00 , 2470.88 , 1689.19 
 0.00 , 2339.80 , 1597.31 
 0.00 , 2350.94 , 1605.10 
 0.00 , 2359.96 , 1611.42 
 0.00 , 2411.62 , 1647.62 
2590.58 ,  0.00 , 2409.24 
 0.00 ,  0.00 ,  0.00 
 0.00 , 480.84 , 321.77 
 0.00 , 1459.48 , 986.93 
 0.00 , 1531.66 , 1036.54 
 0.00 , 1634.42 , 1107.30 
 0.00 , 1684.72 , 1141.99 
 0.00 , 1728.24 , 1172.05 
 0.00 , 6282.13 , 4480.00 
 0.00 , 3366.70 , 2324.21 
 0.00 , 3260.23 , 2248.08 
 0.00 , 3162.88 , 2178.63 
 0.00 , 3091.53 , 2127.82 
 0.00 , 2902.21 , 1993.39 
 0.00 , 2648.82 , 1814.34 
 0.00 , 2528.19 , 1729.45 
 0.00 , 2566.34 , 1756.27 
2524.24 , 2690.01 , 4196.54 
 0.00 , 2822.46 , 1936.93 
 0.00 , 2780.17 , 1907.03 
 0.00 , 2570.69 , 1759.33 
 0.00 , 2590.79 , 1773.47 
 0.00 , 2575.49 , 1762.71 
 0.00 , 2607.57 , 1785.28 
 0.00 ,  0.00 ,  0.00 
 0.00 ,  0.00 ,  0.00 
 0.00 , 924.22 , 621.41 
 0.00 , 1707.27 , 1157.56 
 0.00 , 1864.14 , 1266.07 
 0.00 , 1965.45 , 1336.33 
 0.00 , 2058.89 , 1401.27 
 0.00 , 2193.52 , 1495.08 
 0.00 , 6282.13 , 4480.00 
 0.00 , 3945.03 , 2740.82 
2621.25 , 3098.72 , 4578.54 
 0.00 , 2979.44 , 2048.16 
 0.00 , 3191.16 , 2198.79 
 0.00 , 3026.78 , 2081.78 
 0.00 , 2843.67 , 1951.94 
 0.00 , 2564.44 , 1754.93 
 0.00 , 2391.59 , 1633.58 
 0.00 , 2774.16 , 1902.79 
 0.00 , 3222.23 , 2220.95 
 0.00 , 3294.62 , 2272.65 
 0.00 , 3095.49 , 2130.64 
 0.00 , 3136.43 , 2159.79 
 0.00 , 3182.52 , 2192.63 
 0.00 , 3139.81 , 2162.19 
2590.58 ,  0.00 , 2409.24 
 0.00 , 23.52 , 15.67 
 0.00 , 2020.07 , 1374.28 
 0.00 , 2109.44 , 1436.46 
 0.00 , 2172.94 , 1480.72 
 0.00 , 2225.70 , 1517.54 
 0.00 , 2225.98 , 1517.73 
 0.00 , 2265.34 , 1545.23 
 0.00 , 6282.13 , 4480.00 
 0.00 , 3842.42 , 2666.52 
 0.00 , 2993.46 , 2058.12 
 0.00 , 2884.94 , 1981.16 
 0.00 , 2565.03 , 1755.35 
 0.00 , 2631.72 , 1802.29 
 0.00 , 2785.90 , 1911.08 
 0.00 , 2886.30 , 1982.12 
 0.00 , 2907.32 , 1997.02 
2524.24 , 2939.63 , 4374.20 
 0.00 , 3094.14 , 2129.68 
 0.00 , 3079.27 , 2119.10 
 0.00 , 2858.63 , 1962.53 
 0.00 , 2882.79 , 1979.64 
 0.00 , 2871.02 , 1971.30 
 0.00 , 2861.65 , 1964.66 
 0.00 ,  0.00 ,  0.00 
 0.00 ,  0.00 ,  0.00 
 0.00 , 1609.27 , 1089.97 
 0.00 , 1946.80 , 1323.38 
 0.00 , 2008.01 , 1365.90 
 0.00 , 2057.02 , 1399.97 
 0.00 , 2144.28 , 1460.74 
 0.00 , 2183.05 , 1487.77 
 0.00 , 6282.13 , 4480.00 
 0.00 , 3752.28 , 2601.38 
2621.25 , 3610.67 , 4947.83 
 0.00 , 3397.53 , 2346.28 
 0.00 , 3207.12 , 2210.17 
 0.00 , 3060.69 , 2105.89 
 0.00 , 3128.91 , 2154.43 
 0.00 , 3142.77 , 2164.30 
 0.00 , 3155.98 , 2173.71 
 0.00 , 3161.59 , 2177.71 
 0.00 , 3219.26 , 2218.83 
 0.00 , 3177.85 , 2189.30 
 0.00 , 2990.01 , 2055.67 
 0.00 , 2962.76 , 2036.33 
 0.00 , 2943.42 , 2022.61 
 0.00 , 2972.24 , 2043.06 
2590.58 ,  0.00 , 2409.24 
 0.00 ,  0.00 ,  0.00 
 0.00 , 1854.75 , 1259.56 
 0.00 , 2051.51 , 1396.14 
 0.00 , 2154.69 , 1467.99 
 0.00 , 2248.60 , 1533.54 
 0.00 , 2291.48 , 1563.50 
 0.00 , 2374.10 , 1621.32 
 0.00 , 6282.13 , 4480.00 
 0.00 , 4041.88 , 2811.12 
 0.00 , 3912.48 , 2717.23 
 0.00 , 3756.66 , 2604.54 
 0.00 , 3612.07 , 2500.32 
 0.00 , 3498.74 , 2418.86 
 0.00 , 3428.94 , 2368.78 
 0.00 , 3395.49 , 2344.82 
 0.00 , 3385.70 , 2337.81 
2524.24 , 3395.07 , 4701.14 
 0.00 , 3492.25 , 2414.20 
 0.00 , 3449.37 , 2383.44 
 0.00 , 3262.76 , 2249.89 
 0.00 , 3236.81 , 2231.36 
 0.00 , 3218.54 , 2218.32 
 0.00 , 3249.01 , 2240.07 
 0.00 ,  0.00 ,  0.00 
 0.00 , 274.94 , 183.59 
 0.00 , 2205.73 , 1503.60 
 0.00 , 2282.17 , 1556.99 
 0.00 , 2338.50 , 1596.40 
 0.00 , 2384.20 , 1628.40 
 0.00 , 2469.16 , 1687.98 
 0.00 , 2506.24 , 1714.02 
 0.00 , 6282.13 , 4480.00 
 0.00 , 4161.27 , 2897.97 
2621.25 , 3403.28 , 4797.68 
 0.00 , 2786.54 , 1911.53 
 0.00 , 2255.21 , 1538.15 
 0.00 , 1761.75 , 1195.20 
 0.00 , 1442.66 , 975.38 
 0.00 , 1429.49 , 966.34 
 0.00 , 2050.57 , 1395.49 
 0.00 , 2520.65 , 1724.15 
 0.00 , 2855.88 , 1960.58 
 0.00 , 2958.57 , 2033.35 
 0.00 , 2779.42 , 1906.50 
 0.00 , 2779.19 , 1906.34 
 0.00 , 2823.54 , 1937.70 
 0.00 , 2824.70 , 1938.52 
2590.58 ,  0.00 , 2409.24 
 0.00 ,  0.00 ,  0.00 
 0.00 , 1422.90 , 961.81 
 0.00 , 1869.38 , 1269.69 
 0.00 , 1932.05 , 1313.14 
 0.00 , 2027.32 , 1379.32 
 0.00 , 2071.62 , 1410.13 
 0.00 , 2109.60 , 1436.57 
 0.00 , 6282.13 , 4480.00 
 0.00 , 3741.27 , 2593.43 
 0.00 , 2771.28 , 1900.75 
 0.00 , 2632.02 , 1802.50 
 0.00 , 2722.76 , 1866.49 
 0.00 , 2780.52 , 1907.28 
 0.00 , 2782.29 , 1908.53 
 0.00 , 2887.86 , 1983.23 
 0.00 , 3025.79 , 2081.08 
2524.24 , 2991.96 , 4411.58 
 0.00 , 3072.17 , 2114.05 
 0.00 , 3039.02 , 2090.48 
 0.00 , 2816.19 , 1932.50 
 0.00 , 2789.36 , 1913.53 
 0.00 , 2769.84 , 1899.74 
 0.00 , 2753.74 , 1888.36 
 0.00 ,  0.00 ,  0.00 
 0.00 ,  0.00 ,  0.00 
 0.00 , 1148.93 , 774.35 
 0.00 , 1703.47 , 1154.94 
 0.00 , 1759.10 , 1193.37 
 0.00 , 1802.87 , 1223.65 
 0.00 , 1839.65 , 1249.10 
 0.00 , 1871.75 , 1271.34 
 0.00 , 6282.13 , 4480.00 
 0.00 , 3494.82 , 2416.04 
2621.25 , 3360.86 , 4767.06 
 0.00 , 3268.04 , 2253.66 
 0.00 , 3123.54 , 2150.61 
 0.00 , 2956.16 , 2031.64 
 0.00 , 2736.76 , 1876.37 
 0.00 , 2612.46 , 1788.73 
 0.00 , 2731.59 , 1872.72 
 0.00 , 2811.60 , 1929.25 
 0.00 , 2875.33 , 1974.35 
 0.00 , 2824.43 , 1938.33 
 0.00 , 2637.23 , 1806.18 
 0.00 , 2608.29 , 1785.79 
 0.00 , 2630.46 , 1801.40 
 0.00 , 2614.08 , 1789.87 
2590.58 ,  0.00 , 2409.24 
 0.00 ,  0.00 ,  0.00 
 0.00 , 942.55 , 633.85 
 0.00 , 1693.67 , 1148.18 
 0.00 , 1798.92 , 1220.91 
 0.00 , 1892.47 , 1285.69 
 0.00 , 1979.16 , 1345.85 
 0.00 , 2061.81 , 1403.30 
 0.00 , 6282.13 , 4480.00 
 0.00 , 3687.26 , 2554.47 
 0.00 , 2431.23 , 1661.37 
 0.00 , 1827.15 , 1240.44 
 0.00 , 1257.99 , 848.84 
 0.00 , 661.21 , 443.32 
 0.00 , 201.22 , 134.25 
 0.00 , 63.00 , 41.97 
 0.00 , 101.81 , 67.86 
2524.24 , 468.56 , 2661.22 
 0.00 , 1638.68 , 1110.24 
 0.00 , 1909.19 , 1297.29 
 0.00 , 1869.56 , 1269.82 
 0.00 , 1942.22 , 1320.21 
 0.00 , 2006.03 , 1364.52 
 0.00 , 2064.64 , 1405.27 
 0.00 ,  0.00 ,  0.00 
 0.00 ,  0.00 ,  0.00 
 0.00 ,  9.51 ,  6.33 
 0.00 , 1294.35 , 873.71 
 0.00 , 1466.36 , 991.65 
 0.00 , 1574.86 , 1066.27 
 0.00 , 1719.52 , 1166.03 
 0.00 , 1814.40 , 1231.62 
 0.00 , 6282.13 , 4480.00 
 0.00 , 3411.20 , 2356.07 
2621.25 , 2207.41 , 3946.43 
 0.00 , 1767.04 , 1198.86 
 0.00 , 1077.10 , 725.38 
 0.00 , 337.88 , 225.76 
 0.00 , 20.50 , 13.65 
 0.00 ,  0.00 ,  0.00 
 0.00 ,  0.00 ,  0.00 
 0.00 , 110.52 , 73.67 
 0.00 , 1475.45 , 997.90 
 0.00 , 1749.13 , 1186.48 
 0.00 , 1666.62 , 1129.51 
 0.00 , 1740.27 , 1180.36 
 0.00 , 1806.35 , 1226.05 
 0.00 , 1867.56 , 1268.43 
2590.58 ,  0.00 , 2409.24 
 0.00 ,  0.00 ,  0.00 
 0.00 ,  0.00 ,  0.00 
 0.00 , 615.59 , 412.54 
 0.00 , 1138.58 , 767.29 
 0.00 , 1250.73 , 843.88 
 0.00 , 1353.32 , 914.09 
 0.00 , 1403.80 , 948.71 
 0.00 , 6282.13 , 4480.00 
 0.00 , 2924.65 , 2009.30 
 0.00 , 2529.08 , 1730.07 
 0.00 , 1708.04 , 1158.09 
 0.00 , 1538.07 , 1040.95 
 0.00 , 1668.44 , 1130.76 
 0.00 , 1549.97 , 1049.14 
 0.00 , 997.19 , 670.99 
 0.00 , 957.73 , 644.16 
2524.24 , 1361.55 , 3268.67 
 0.00 , 1606.92 , 1088.35 
 0.00 , 1891.39 , 1284.95 
 0.00 , 1720.05 , 1166.39 
 0.00 , 1765.11 , 1197.53 
 0.00 , 1766.10 , 1198.21 
 0.00 , 1809.30 , 1228.09 
 0.00 ,  0.00 ,  0.00 
 0.00 ,  0.00 ,  0.00 
 0.00 ,  0.00 ,  0.00 
 0.00 , 239.61 , 159.93 
 0.00 , 972.04 , 653.89 
 0.00 , 1034.24 , 696.19 
 0.00 , 1084.49 , 730.41 
 0.00 , 1172.69 , 790.56 
 0.00 , 6282.13 , 4480.00 
 0.00 , 2773.49 , 1902.31 
2621.25 , 2625.86 , 4241.49 
 0.00 , 2485.51 , 1699.46 
 0.00 , 2279.51 , 1555.13 
 0.00 , 2089.19 , 1422.36 
 0.00 , 1892.08 , 1285.43 
 0.00 , 1915.40 , 1301.60 
 0.00 , 1955.95 , 1329.73 
 0.00 , 2010.67 , 1367.74 
 0.00 , 2112.08 , 1438.30 
 0.00 , 2116.43 , 1441.33 
 0.00 , 1904.66 , 1294.15 
 0.00 , 1925.36 , 1308.51 
 0.00 , 1954.92 , 1329.02 
 0.00 , 1988.70 , 1352.48 
2590.58 ,  0.00 , 2409.24 
 0.00 ,  0.00 ,  0.00 
 0.00 ,  0.00 ,  0.00 
 0.00 , 689.13 , 462.18 
 0.00 , 1214.30 , 818.97 
 0.00 , 1365.56 , 922.48 
 0.00 , 1509.71 , 1021.44 
 0.00 , 1603.49 , 1085.99 
 0.00 , 6282.13 , 4480.00 
 0.00 , 3329.50 , 2297.58 
 0.00 , 2059.61 , 1401.77 
 0.00 , 1401.15 , 946.89 
 0.00 , 1496.15 , 1012.12 
 0.00 , 1048.95 , 706.21 
 0.00 , 899.13 , 604.37 
 0.00 , 869.86 , 584.51 
 0.00 , 483.86 , 323.80 
2524.24 , 768.94 , 2864.13 
 0.00 , 1375.29 , 929.15 
 0.00 , 1879.05 , 1276.40 
 0.00 , 1793.48 , 1217.14 
 0.00 , 1908.64 , 1296.91 
 0.00 , 1974.53 , 1342.63 
 0.00 , 2035.47 , 1384.98 
 0.00 ,  0.00 ,  0.00 
 0.00 ,  0.00 ,  0.00 
 0.00 ,  0.00 ,  0.00 
 0.00 , 1253.54 , 845.80 
 0.00 , 1455.29 , 984.05 
 0.00 , 1569.50 , 1062.58 
 0.00 , 1720.53 , 1166.72 
 0.00 , 1821.71 , 1236.68 
 0.00 , 6282.13 , 4480.00 
 0.00 , 3577.55 , 2475.49 
2621.25 , 2124.82 , 3888.55 
 0.00 , 1195.01 , 805.80 
 0.00 , 776.50 , 521.26 
 0.00 , 583.48 , 390.88 
 0.00 , 279.35 , 186.54 
 0.00 , 188.34 , 125.65 
 0.00 , 440.64 , 294.74 
 0.00 , 1146.42 , 772.63 
 0.00 , 1768.65 , 1199.98 
 0.00 , 2154.92 , 1468.16 
 0.00 , 2079.74 , 1415.78 
 0.00 , 2161.36 , 1472.65 
 0.00 , 2236.06 , 1524.77 
 0.00 , 2306.09 , 1573.72 
2590.58 ,  0.00 , 2409.24 
 0.00 ,  0.00 ,  0.00 
 0.00 , 497.51 , 332.99 
 0.00 , 1501.33 , 1015.68 
 0.00 , 1585.55 , 1073.63 
 0.00 , 1653.89 , 1120.73 
 0.00 , 1759.11 , 1193.38 
 0.00 , 1813.45 , 1230.96 
 0.00 , 6282.13 , 4480.00 
 0.00 , 3408.65 , 2354.25 
 0.00 , 2806.43 , 1925.59 
 0.00 , 2764.58 , 1896.02 
 0.00 , 2608.62 , 1786.02 
 0.00 , 2273.42 , 1550.87 
 0.00 , 1769.57 , 1200.61 
 0.00 , 1566.61 , 1060.59 
 0.00 , 1862.27 , 1264.76 
2524.24 , 2177.48 , 3835.06 
 0.00 , 2398.15 , 1638.17 
 0.00 , 2522.15 , 1725.20 
 0.00 , 2333.98 , 1593.23 
 0.00 , 2373.99 , 1621.25 
 0.00 , 2374.33 , 1621.49 
 0.00 , 2419.12 , 1652.88 
 0.00 ,  0.00 ,  0.00 
 0.00 ,  0.00 ,  0.00 
 0.00 , 515.50 , 345.09 
 0.00 , 1500.69 , 1015.24 
 0.00 , 1618.84 , 1096.56 
 0.00 , 1724.35 , 1169.36 
 0.00 , 1822.43 , 1237.18 
 0.00 , 1915.41 , 1301.60 
 0.00 , 6282.13 , 4480.00 
 0.00 , 3498.65 , 2418.79 
2621.25 , 1974.26 , 3783.31 
 0.00 , 1111.92 , 749.10 
 0.00 , 463.75 , 310.28 
 0.00 , 78.54 , 52.33 
 0.00 ,  0.00 ,  0.00 
 0.00 ,  0.00 ,  0.00 
 0.00 ,  0.00 ,  0.00 
 0.00 , 443.22 , 296.48 
 0.00 , 1340.37 , 905.22 
 0.00 , 1775.37 , 1204.62 
 0.00 , 1698.08 , 1151.22 
 0.00 , 1775.26 , 1204.54 
 0.00 , 1887.95 , 1282.56 
 0.00 , 1953.39 , 1327.96 
2590.58 ,  0.00 , 2409.24 
 0.00 ,  0.00 ,  0.00 
 0.00 ,  0.00 ,  0.00 
 0.00 , 849.56 , 570.75 
 0.00 , 1226.56 , 827.35 
 0.00 , 1291.69 , 871.89 
 0.00 , 1391.18 , 940.05 
 0.00 , 1439.58 , 973.26 
 0.00 , 6282.13 , 4480.00 
 0.00 , 2970.30 , 2041.68 
 0.00 , 2836.34 , 1946.76 
 0.00 , 2730.01 , 1871.61 
 0.00 , 2398.74 , 1638.59 
 0.00 , 2188.21 , 1491.37 
 0.00 , 2123.68 , 1446.38 
 0.00 , 1995.59 , 1357.27 
 0.00 , 1505.52 , 1018.56 
2524.24 , 1320.40 , 3240.40 
 0.00 , 1772.37 , 1202.55 
 0.00 , 2040.47 , 1388.46 
 0.00 , 1916.93 , 1302.65 
 0.00 , 1958.95 , 1331.82 
 0.00 , 2000.86 , 1360.93 
 0.00 , 2043.40 , 1390.50 
 0.00 ,  0.00 ,  0.00 
 0.00 ,  0.00 ,  0.00 
 0.00 ,  0.00 ,  0.00 
 0.00 , 1199.65 , 808.97 
 0.00 , 1417.15 , 957.86 
 0.00 , 1524.38 , 1031.53 
 0.00 , 1622.79 , 1099.29 
 0.00 , 1761.55 , 1195.06 
 0.00 , 6282.13 , 4480.00 
 0.00 , 3358.13 , 2318.07 
2621.25 , 2828.82 , 4385.69 
 0.00 , 2187.34 , 1490.77 
 0.00 , 1564.98 , 1059.47 
 0.00 , 1276.75 , 861.67 
 0.00 , 1450.15 , 980.52 
 0.00 , 1626.83 , 1102.07 
 0.00 , 1723.97 , 1169.10 
 0.00 , 1759.03 , 1193.33 
 0.00 , 1886.95 , 1281.87 
 0.00 , 2262.92 , 1543.54 
 0.00 , 2137.35 , 1455.91 
 0.00 , 2142.96 , 1459.82 
 0.00 , 2190.99 , 1493.31 
 0.00 , 2239.32 , 1527.05 
2590.58 ,  0.00 , 2409.24 
 0.00 ,  0.00 ,  0.00 
 0.00 , 223.02 , 148.84 
 0.00 , 1376.87 , 930.24 
 0.00 , 1451.96 , 981.76 
 0.00 , 1557.17 , 1054.09 
 0.00 , 1609.22 , 1089.93 
 0.00 , 1654.45 , 1121.11 
 0.00 , 6282.13 , 4480.00 
 0.00 , 3277.50 , 2260.41 
 0.00 , 2456.00 , 1678.75 
 0.00 , 1848.57 , 1255.28 
 0.00 , 2000.57 , 1360.72 
 0.00 , 2179.41 , 1485.23 
 0.00 , 1827.60 , 1240.76 
 0.00 , 1722.35 , 1167.98 
 0.00 , 1747.83 , 1185.58 
2524.24 , 1954.61 , 3679.26 
 0.00 , 2280.12 , 1555.56 
 0.00 , 2362.25 , 1613.03 
 0.00 , 2203.45 , 1502.01 
 0.00 , 2239.47 , 1527.15 
 0.00 , 2280.14 , 1555.57 
 0.00 , 2323.21 , 1585.69 
 0.00 ,  0.00 ,  0.00 
 0.00 ,  0.00 ,  0.00 
 0.00 , 431.78 , 288.79 
 0.00 , 1487.20 , 1005.97 
 0.00 , 1605.09 , 1087.09 
 0.00 , 1709.47 , 1159.09 
 0.00 , 1806.14 , 1225.90 
 0.00 , 1897.59 , 1289.24 
 0.00 , 6282.13 , 4480.00 
 0.00 , 3645.71 , 2524.53 
2621.25 , 2908.43 , 4442.44 
 0.00 , 1647.28 , 1116.17 
 0.00 , 588.32 , 394.15 
 0.00 , 147.30 , 98.23 
 0.00 ,  5.74 ,  3.82 
 0.00 , 162.23 , 108.19 
 0.00 , 701.53 , 470.56 
 0.00 , 993.20 , 668.27 
 0.00 , 1432.86 , 968.65 
 0.00 , 1945.08 , 1322.19 
 0.00 , 1824.10 , 1238.34 
 0.00 , 1896.87 , 1288.75 
 0.00 , 1962.66 , 1334.39 
 0.00 , 2024.16 , 1377.12 
2590.58 ,  0.00 , 2409.24 
 0.00 ,  0.00 ,  0.00 
 0.00 ,  0.00 ,  0.00 
 0.00 , 1037.34 , 698.30 
 0.00 , 1342.13 , 906.43 
 0.00 , 1454.06 , 983.20 
 0.00 , 1556.68 , 1053.75 
 0.00 , 1653.18 , 1120.24 
 0.00 , 6282.13 , 4480.00 
 0.00 , 3230.88 , 2227.12 
 0.00 , 2913.63 , 2001.49 
 0.00 , 2460.76 , 1682.09 
 0.00 , 1590.99 , 1077.37 
 0.00 , 1060.47 , 714.05 
 0.00 , 671.12 , 450.01 
 0.00 , 483.44 , 323.52 
 0.00 , 411.10 , 274.90 
2524.24 , 522.06 , 2697.26 
 0.00 , 987.86 , 664.65 
 0.00 , 1687.96 , 1144.24 
 0.00 , 1635.55 , 1108.08 
 0.00 , 1711.62 , 1160.57 
 0.00 , 1775.93 , 1205.00 
 0.00 , 1834.66 , 1245.65 
 0.00 ,  0.00 ,  0.00 
 0.00 ,  0.00 ,  0.00 
 0.00 ,  0.00 ,  0.00 
 0.00 , 435.08 , 291.01 
 0.00 , 1074.94 , 723.90 
 0.00 , 1185.91 , 799.59 
 0.00 , 1286.56 , 868.38 
 0.00 , 1381.00 , 933.07 
 0.00 , 6282.13 , 4480.00 
 0.00 , 2987.80 , 2054.10 
2606.26 , 1530.04 , 3461.08 
 0.00 , 1019.20 , 685.96 
 0.00 , 824.71 , 553.91 
 0.00 , 915.91 , 615.76 
 0.00 , 1204.15 , 812.04 
 0.00 , 1446.79 , 978.21 
 0.00 , 1595.16 , 1080.25 
 0.00 , 1661.59 , 1126.04 
 0.00 , 1792.21 , 1216.26 
 0.00 , 1953.95 , 1328.35 
 0.00 , 1817.34 , 1233.66 
 0.00 , 1858.23 , 1261.97 
 0.00 , 1902.28 , 1292.50 
 0.00 , 1947.31 , 1323.74 
2555.33 ,  0.00 , 2376.46 
 0.00 ,  0.00 ,  0.00 
 0.00 ,  0.00 ,  0.00 
 0.00 , 745.27 , 500.13 
 0.00 , 1212.23 , 817.56 
 0.00 , 1320.93 , 891.91 
 0.00 , 1466.14 , 991.50 
 0.00 , 1561.63 , 1057.16 
 0.00 , 6282.13 , 4480.00 
 0.00 , 3116.00 , 2145.24 
 0.00 , 1729.46 , 1172.89 
 0.00 , 1295.64 , 874.60 
 0.00 , 825.02 , 554.12 
 0.00 , 234.49 , 156.51 
 0.00 ,  0.00 ,  0.00 
 0.00 ,  1.60 ,  1.07 
 0.00 , 18.36 , 12.23 
 0.00 , 91.07 , 60.69 
2636.46 , 695.10 , 2918.49 
 0.00 , 1480.56 , 1001.41 
 0.00 , 1441.55 , 974.61 
 0.00 , 1530.28 , 1035.59 
 0.00 , 1604.94 , 1086.98 
 0.00 , 1716.57 , 1163.99 
 0.00 ,  0.00 ,  0.00 
 0.00 ,  0.00 ,  0.00 
 0.00 ,  0.00 ,  0.00 
 0.00 , 210.36 , 140.36 
 0.00 , 1031.25 , 694.16 
 0.00 , 1150.07 , 775.12 
 0.00 , 1257.43 , 848.45 
 0.00 , 1357.36 , 916.87 
 0.00 , 6282.13 , 4480.00 
 0.00 , 2898.65 , 1990.88 
 0.00 , 2599.73 , 1779.76 
2641.40 , 2499.06 , 4170.55 
 0.00 , 1910.15 , 1297.95 
 0.00 , 1293.54 , 873.16 
 0.00 , 1352.53 , 913.56 
 0.00 , 1438.66 , 972.63 
 0.00 , 1513.49 , 1024.04 
 0.00 , 1772.58 , 1202.69 
 0.00 , 1969.01 , 1338.80 
 0.00 , 2033.96 , 1383.93 
 0.00 , 1893.72 , 1286.56 
 0.00 , 1931.38 , 1312.68 
 0.00 , 1973.94 , 1342.22 
 0.00 , 1973.89 , 1342.19 
 0.00 ,  0.00 ,  0.00 
 0.00 ,  0.00 ,  0.00 
 0.00 ,  0.00 ,  0.00 
2502.44 , 975.42 , 2984.16 
 0.00 , 1305.44 , 881.31 
 0.00 , 1415.36 , 956.64 
 0.00 , 1516.66 , 1026.22 
 0.00 , 1612.46 , 1092.17 
 0.00 , 6282.13 , 4480.00 
 0.00 , 3224.93 , 2222.88 
 0.00 , 3077.17 , 2117.61 
 0.00 , 3006.10 , 2067.10 
 0.00 , 2914.42 , 2002.05 
 0.00 , 2772.82 , 1901.84 
 0.00 , 2648.01 , 1813.77 
 0.00 , 2523.62 , 1726.24 
 0.00 , 2439.11 , 1666.90 
 0.00 , 2591.16 , 1773.73 
 0.00 , 2689.91 , 1843.31 
2628.99 , 2662.35 , 4274.58 
 0.00 , 2467.11 , 1686.54 
 0.00 , 2493.46 , 1705.05 
 0.00 , 2484.03 , 1698.42 
 0.00 , 2477.52 , 1693.85 
 0.00 ,  0.00 ,  0.00 
 0.00 ,  0.00 ,  0.00 
 0.00 , 760.50 , 510.44 
 0.00 , 1559.28 , 1055.55 
 0.00 , 1628.53 , 1103.24 
 0.00 , 1684.46 , 1141.82 
 0.00 , 1732.59 , 1175.05 
 0.00 , 1775.28 , 1204.56 
 0.00 , 6282.13 , 4480.00 
 0.00 , 3357.25 , 2317.44 
 0.00 , 3215.80 , 2216.37 
 0.00 , 3157.72 , 2174.95 
2671.13 , 2729.37 , 4361.45 
 0.00 , 2380.51 , 1625.82 
 0.00 , 2060.70 , 1402.54 
 0.00 , 1928.89 , 1310.95 
 0.00 , 2131.03 , 1451.50 
 0.00 , 2282.51 , 1557.23 
 0.00 , 2439.86 , 1667.42 
 0.00 , 2505.55 , 1713.53 
 0.00 , 2339.41 , 1597.04 
 0.00 , 2369.90 , 1618.38 
 0.00 , 2362.02 , 1612.86 
 0.00 , 2399.54 , 1639.15 
 0.00 ,  0.00 ,  0.00 
 0.00 ,  0.00 ,  0.00 
 0.00 , 597.20 , 400.13 
 0.00 , 1554.27 , 1052.09 
 0.00 , 1668.88 , 1131.07 
 0.00 , 1816.11 , 1232.81 
 0.00 , 1912.18 , 1299.37 
2571.70 , 1997.90 , 3753.66 
 0.00 , 6282.13 , 4480.00 
 0.00 , 3617.99 , 2504.58 
 0.00 , 2621.47 , 1795.07 
 0.00 , 2190.46 , 1492.94 
 0.00 , 2218.98 , 1512.85 
 0.00 , 2281.09 , 1556.24 
 0.00 , 2168.20 , 1477.41 
 0.00 , 1976.09 , 1343.72 
 0.00 , 1969.75 , 1339.32 
 0.00 , 2191.28 , 1493.52 
 0.00 , 2302.54 , 1571.23 
 0.00 , 2560.56 , 1752.20 
2547.32 , 2441.15 , 4041.97 
 0.00 , 2492.29 , 1704.22 
 0.00 , 2537.56 , 1736.03 
 0.00 , 2582.94 , 1767.95 
 0.00 ,  0.00 ,  0.00 
 0.00 ,  0.00 ,  0.00 
 0.00 , 1057.62 , 712.11 
 0.00 , 1765.69 , 1197.92 
 0.00 , 1881.41 , 1278.03 
 0.00 , 1984.73 , 1349.72 
 0.00 , 2034.60 , 1384.38 
 0.00 , 2123.92 , 1446.55 
 0.00 , 6282.13 , 4480.00 
 0.00 , 3691.93 , 2557.84 
 0.00 , 2200.15 , 1499.70 
 0.00 , 1299.23 , 877.06 
 0.00 , 918.72 , 617.67 
2628.71 , 813.91 , 2991.81 
 0.00 , 216.16 , 144.25 
 0.00 , 16.79 , 11.18 
 0.00 , 21.46 , 14.29 
 0.00 , 213.20 , 142.26 
 0.00 , 970.23 , 652.66 
 0.00 , 1779.30 , 1207.34 
 0.00 , 1809.91 , 1228.51 
 0.00 , 1907.60 , 1296.19 
 0.00 , 2031.58 , 1382.28 
 0.00 , 2103.75 , 1432.50 
 0.00 ,  0.00 ,  0.00 
 0.00 ,  0.00 ,  0.00 
 0.00 , 189.15 , 126.19 
 0.00 , 1467.89 , 992.70 
 0.00 , 1599.81 , 1083.45 
 0.00 , 1760.64 , 1194.43 
 0.00 , 1867.65 , 1268.49 
 0.00 , 2013.52 , 1369.73 
2710.32 , 6235.71 , 7000.60 
 0.00 , 3718.89 , 2577.28 
 0.00 , 3089.89 , 2126.66 
 0.00 , 2652.67 , 1817.05 
 0.00 , 1616.77 , 1095.14 
 0.00 , 917.14 , 616.59 
 0.00 , 477.43 , 319.48 
 0.00 , 563.02 , 377.10 
 0.00 , 882.79 , 593.28 
 0.00 , 1157.56 , 780.23 
 0.00 , 1732.71 , 1175.13 
 0.00 , 2186.24 , 1489.99 
 0.00 , 2114.78 , 1440.18 
 0.00 , 2188.54 , 1491.60 
2650.45 , 2248.93 , 4002.78 
 0.00 , 2316.57 , 1581.05 
 0.00 ,  0.00 ,  0.00 
 0.00 ,  0.00 ,  0.00 
 0.00 , 515.26 , 344.93 
 0.00 , 1531.83 , 1036.65 
 0.00 , 1611.21 , 1091.30 
 0.00 , 1720.39 , 1166.63 
 0.00 , 1776.34 , 1205.29 
 0.00 , 1870.79 , 1270.67 
 0.00 , 6282.13 , 4480.00 
 0.00 , 3584.34 , 2480.37 
 0.00 , 3509.81 , 2426.80 
 0.00 , 3388.67 , 2339.94 
 0.00 , 3144.46 , 2165.50 
 0.00 , 2843.36 , 1951.72 
 0.00 , 2386.54 , 1630.04 
2563.94 , 2306.12 , 3962.37 
 0.00 , 2206.06 , 1503.83 
 0.00 , 1952.92 , 1327.63 
 0.00 , 2206.46 , 1504.10 
 0.00 , 2505.81 , 1713.72 
 0.00 , 2373.05 , 1620.59 
 0.00 , 2418.53 , 1652.46 
 0.00 , 2463.52 , 1684.02 
 0.00 , 2464.50 , 1684.71 
 0.00 ,  0.00 ,  0.00 
 0.00 ,  0.00 ,  0.00 
 0.00 , 765.04 , 513.51 
 0.00 , 1591.91 , 1078.01 
 0.00 , 1706.75 , 1157.21 
 0.00 , 1809.73 , 1228.39 
 0.00 , 1905.34 , 1294.62 
 0.00 , 1996.49 , 1357.89 
 0.00 , 6282.13 , 4480.00 
2627.78 , 3479.40 , 4858.80 
 0.00 , 2912.30 , 2000.54 
 0.00 , 2408.25 , 1645.26 
 0.00 , 1682.19 , 1140.25 
 0.00 , 1564.10 , 1058.86 
 0.00 , 1933.19 , 1313.94 
 0.00 , 2062.09 , 1403.50 
 0.00 , 2185.81 , 1489.70 
 0.00 , 2294.24 , 1565.43 
 0.00 , 2504.87 , 1713.06 
 0.00 , 2580.34 , 1766.12 
 0.00 , 2422.60 , 1655.32 
 0.00 , 2412.69 , 1648.37 
 0.00 , 2450.15 , 1674.64 
2602.68 , 2483.71 , 4123.62 
 0.00 ,  0.00 ,  0.00 
 0.00 ,  0.00 ,  0.00 
 0.00 , 838.51 , 563.26 
 0.00 , 1623.04 , 1099.46 
 0.00 , 1736.45 , 1177.72 
 0.00 , 1792.12 , 1216.21 
 0.00 , 1884.66 , 1280.28 
 0.00 , 1927.46 , 1309.96 
 0.00 , 6282.13 , 4480.00 
 0.00 , 3479.22 , 2404.85 
 0.00 , 3184.84 , 2194.28 
 0.00 , 2885.16 , 1981.31 
 0.00 , 2580.59 , 1766.29 
 0.00 , 2168.45 , 1477.59 
 0.00 , 1582.88 , 1071.79 
 0.00 , 1297.85 , 876.11 
2515.25 , 1570.50 , 3404.30 
 0.00 , 1963.76 , 1335.16 
 0.00 , 2288.31 , 1561.29 
 0.00 , 2359.92 , 1611.39 
 0.00 , 2213.81 , 1509.24 
 0.00 , 2250.65 , 1534.96 
 0.00 , 2290.67 , 1562.93 
 0.00 , 2332.41 , 1592.14 
 0.00 ,  0.00 ,  0.00 
 0.00 ,  0.00 ,  0.00 
 0.00 , 572.11 , 383.22 
 0.00 , 1551.86 , 1050.44 
 0.00 , 1713.96 , 1162.18 
 0.00 , 1818.83 , 1234.69 
 0.00 , 1915.09 , 1301.38 
 0.00 , 2005.91 , 1364.43 
 0.00 , 6282.13 , 4480.00 
2508.45 , 3597.81 , 4833.09 
 0.00 , 2617.87 , 1792.54 
 0.00 , 2281.78 , 1556.72 
 0.00 , 1728.97 , 1172.55 
 0.00 , 1530.30 , 1035.60 
 0.00 , 1414.52 , 956.06 
 0.00 , 1555.34 , 1052.83 
 0.00 , 1788.39 , 1213.63 
 0.00 , 1750.59 , 1187.49 
 0.00 , 2022.99 , 1376.30 
 0.00 , 2390.12 , 1632.55 
 0.00 , 2278.92 , 1554.72 
 0.00 , 2331.32 , 1591.37 
 0.00 , 2381.54 , 1626.54 
2602.68 , 2468.50 , 4112.88 
 0.00 ,  0.00 ,  0.00 
 0.00 ,  0.00 ,  0.00 
 0.00 , 817.68 , 549.14 
 0.00 , 1665.54 , 1128.76 
 0.00 , 1783.71 , 1210.39 
 0.00 , 1842.82 , 1251.30 
 0.00 , 1937.79 , 1317.13 
 0.00 , 2028.77 , 1380.32 
 0.00 , 6282.13 , 4480.00 
 0.00 , 3654.33 , 2530.75 
 0.00 , 2180.74 , 1486.16 
 0.00 , 888.82 , 597.38 
 0.00 , 215.44 , 143.76 
 0.00 , 12.60 ,  8.39 
 0.00 ,  0.00 ,  0.00 
 0.00 ,  0.00 ,  0.00 
2515.25 ,  0.00 , 2339.18 
 0.00 ,  0.00 ,  0.00 
 0.00 ,  0.00 ,  0.00 
 0.00 , 1314.98 , 887.83 
 0.00 , 1521.47 , 1029.53 
 0.00 , 1670.79 , 1132.39 
 0.00 , 1758.77 , 1193.15 
 0.00 , 1879.86 , 1276.95 
 0.00 ,  0.00 ,  0.00 
 0.00 ,  0.00 ,  0.00 
 0.00 ,  0.00 ,  0.00 
 0.00 , 963.37 , 648.00 
 0.00 , 1474.22 , 997.05 
 0.00 , 1644.45 , 1114.22 
 0.00 , 1803.73 , 1224.24 
 0.00 , 1956.71 , 1330.26 
 0.00 , 6282.13 , 4480.00 
2508.45 , 3621.61 , 4850.35 
 0.00 , 3172.04 , 2185.16 
 0.00 , 2861.68 , 1964.69 
 0.00 , 2227.75 , 1518.97 
 0.00 , 1324.56 , 894.39 
 0.00 , 591.36 , 396.19 
 0.00 , 631.80 , 423.47 
 0.00 , 797.28 , 535.33 
 0.00 , 1372.99 , 927.58 
 0.00 , 2063.45 , 1404.45 
 0.00 , 2535.99 , 1734.93 
 0.00 , 2552.78 , 1746.73 
 0.00 , 2643.73 , 1810.75 
 0.00 , 2723.24 , 1866.82 
2602.68 , 2833.30 , 4371.55 
 0.00 ,  0.00 ,  0.00 
 0.00 ,  0.00 ,  0.00 
 0.00 , 1457.58 , 985.62 
 0.00 , 1877.95 , 1275.64 
 0.00 , 1956.72 , 1330.27 
 0.00 , 2069.07 , 1408.35 
 0.00 , 2129.23 , 1450.25 
 0.00 , 2182.81 , 1487.60 
 0.00 , 6282.13 , 4480.00 
 0.00 , 3734.19 , 2588.32 
 0.00 , 2329.99 , 1590.44 
 0.00 , 1325.39 , 894.97 
 0.00 , 597.06 , 400.04 
 0.00 , 329.50 , 220.14 
 0.00 , 27.44 , 18.27 
 0.00 ,  0.00 ,  0.00 
2515.25 ,  0.78 , 2339.70 
 0.00 , 541.45 , 362.56 
 0.00 , 1216.00 , 820.14 
 0.00 , 2098.66 , 1428.95 
 0.00 , 2183.40 , 1488.02 
 0.00 , 2302.22 , 1571.01 
 0.00 , 2398.85 , 1638.67 
 0.00 , 2529.40 , 1730.30 
 0.00 ,  0.00 ,  0.00 
 0.00 ,  0.00 ,  0.00 
 0.00 , 1115.38 , 751.47 
 0.00 , 1777.11 , 1205.83 
 0.00 , 1863.14 , 1265.37 
 0.00 , 1933.74 , 1314.32 
 0.00 , 1948.56 , 1324.60 
 0.00 , 2000.51 , 1360.68 
 0.00 , 6282.13 , 4480.00 
2508.45 , 3523.99 , 4779.58 
 0.00 , 2449.96 , 1674.51 
 0.00 , 1759.88 , 1193.91 
 0.00 , 1563.94 , 1058.75 
 0.00 , 950.07 , 638.96 
 0.00 , 25.22 , 16.79 
 0.00 ,  0.00 ,  0.00 
 0.00 ,  0.00 ,  0.00 
 0.00 ,  0.00 ,  0.00 
 0.00 , 667.57 , 447.62 
 0.00 , 1606.80 , 1088.27 
 0.00 , 1588.40 , 1075.60 
 0.00 , 1680.63 , 1139.18 
 0.00 , 1756.85 , 1191.82 
2602.68 , 1820.45 , 3658.91 
 0.00 ,  0.00 ,  0.00 
 0.00 ,  0.00 ,  0.00 
 0.00 ,  0.00 ,  0.00 
 0.00 , 484.50 , 324.24 
 0.00 , 1136.85 , 766.11 
 0.00 , 1251.06 , 844.10 
 0.00 , 1354.31 , 914.78 
 0.00 , 1450.27 , 980.60 
 0.00 , 6282.13 , 4480.00 
 0.00 , 2970.87 , 2042.08 
 0.00 , 2620.55 , 1794.43 
 0.00 , 2262.00 , 1542.90 
 0.00 , 1913.61 , 1300.36 
 0.00 , 1755.76 , 1191.06 
 0.00 , 1777.61 , 1206.17 
 0.00 , 1558.17 , 1054.78 
2515.25 , 1479.77 , 3341.69 
 0.00 , 1752.20 , 1188.60 
 0.00 , 1758.28 , 1192.80 
 0.00 , 1953.83 , 1328.26 
 0.00 , 1872.54 , 1271.89 
 0.00 , 1912.44 , 1299.54 
 0.00 , 1997.13 , 1358.33 
 0.00 , 2039.92 , 1388.08 
 0.00 ,  0.00 ,  0.00 
 0.00 ,  0.00 ,  0.00 
 0.00 ,  4.50 ,  3.00 
 0.00 , 1244.44 , 839.57 
 0.00 , 1459.29 , 986.79 
 0.00 , 1566.81 , 1060.73 
 0.00 , 1665.19 , 1128.52 
 0.00 , 1803.91 , 1224.36 
 0.00 , 6282.13 , 4480.00 
2508.45 , 3252.04 , 4583.33 
 0.00 , 2356.68 , 1609.13 
 0.00 , 2112.82 , 1438.82 
 0.00 , 1722.85 , 1168.32 
 0.00 , 1223.21 , 825.06 
 0.00 , 587.39 , 393.52 
 0.00 , 407.82 , 272.69 
 0.00 , 1026.98 , 691.26 
 0.00 , 1523.39 , 1030.85 
 0.00 , 1620.96 , 1098.02 
 0.00 , 1956.83 , 1330.34 
 0.00 , 1850.93 , 1256.91 
 0.00 , 1909.41 , 1297.44 
 0.00 , 1964.64 , 1335.77 
2602.68 , 1968.73 , 3762.16 
 0.00 ,  0.00 ,  0.00 
 0.00 ,  0.00 ,  0.00 
 0.00 ,  0.00 ,  0.00 
 0.00 , 954.80 , 642.17 
 0.00 , 1275.10 , 860.54 
 0.00 , 1338.67 , 904.06 
 0.00 , 1436.93 , 971.44 
 0.00 , 1484.66 , 1004.22 
 0.00 , 6282.13 , 4480.00 
 0.00 , 3022.24 , 2078.56 
 0.00 , 2649.51 , 1814.83 
 0.00 , 2525.91 , 1727.85 
 0.00 , 2381.88 , 1626.78 
 0.00 , 2377.26 , 1623.54 
 0.00 , 1789.28 , 1214.24 
 0.00 , 1183.85 , 798.18 
2515.25 , 1461.50 , 3329.09 
 0.00 , 1858.19 , 1261.94 
 0.00 , 1994.97 , 1356.83 
 0.00 , 2118.94 , 1443.08 
 0.00 , 1952.47 , 1327.32 
 0.00 , 1988.07 , 1352.04 
 0.00 , 2027.54 , 1379.47 
 0.00 , 2024.36 , 1377.26 
 0.00 ,  0.00 ,  0.00 
 0.00 ,  0.00 ,  0.00 
 0.00 ,  0.00 ,  0.00 
 0.00 , 879.55 , 591.08 
 0.00 , 1227.65 , 828.10 
 0.00 , 1331.06 , 898.85 
 0.00 , 1380.56 , 932.77 
 0.00 , 1468.44 , 993.08 
 0.00 , 6282.13 , 4480.00 
2508.45 , 2999.51 , 4402.25 
 0.00 , 2696.27 , 1847.80 
 0.00 , 2406.09 , 1643.74 
 0.00 , 2170.64 , 1479.11 
 0.00 , 1775.55 , 1204.75 
 0.00 , 1332.47 , 899.81 
 0.00 , 1137.00 , 766.20 
 0.00 , 1303.91 , 880.26 
 0.00 , 1718.55 , 1165.35 
 0.00 , 1851.88 , 1257.57 
 0.00 , 2016.00 , 1371.45 
 0.00 , 1838.61 , 1248.38 
 0.00 , 1874.23 , 1273.05 
 0.00 , 1913.41 , 1300.22 
2602.68 , 1949.58 , 3748.80 
 0.00 ,  0.00 ,  0.00 
 0.00 ,  0.00 ,  0.00 
 0.00 ,  0.00 ,  0.00 
 0.00 , 732.60 , 491.56 
 0.00 , 1199.73 , 809.02 
 0.00 , 1304.89 , 880.93 
 0.00 , 1400.54 , 946.47 
 0.00 , 1490.70 , 1008.38 
 0.00 , 6282.13 , 4480.00 
 0.00 , 2941.49 , 2021.24 
 0.00 , 1638.34 , 1110.01 
 0.00 , 582.96 , 390.53 
 0.00 , 207.46 , 138.43 
 0.00 , 223.26 , 148.99 
 0.00 ,  7.93 ,  5.28 
 0.00 ,  0.00 ,  0.00 
2515.25 ,  0.00 , 2339.18 
 0.00 ,  0.00 ,  0.00 
 0.00 , 792.90 , 532.36 
 0.00 , 1322.99 , 893.32 
 0.00 , 1270.82 , 857.62 
 0.00 , 1343.89 , 907.64 
 0.00 , 1451.37 , 981.35 
 0.00 , 1511.86 , 1022.92 
 0.00 ,  0.00 ,  0.00 
 0.00 ,  0.00 ,  0.00 
 0.00 ,  0.00 ,  0.00 
 0.00 ,  0.00 ,  0.00 
 0.00 , 579.05 , 387.90 
 0.00 , 984.56 , 662.40 
 0.00 , 1091.65 , 735.29 
 0.00 , 1189.60 , 802.11 
 0.00 , 6282.13 , 4480.00 
2508.45 , 2554.91 , 4086.10 
 0.00 , 300.93 , 201.00 
 0.00 ,  0.00 ,  0.00 
 0.00 ,  0.00 ,  0.00 
 0.00 ,  0.00 ,  0.00 
 0.00 ,  0.00 ,  0.00 
 0.00 ,  0.00 ,  0.00 
 0.00 ,  0.00 ,  0.00 
 0.00 , 393.21 , 262.88 
 0.00 , 859.33 , 577.38 
 0.00 , 1165.68 , 785.77 
 0.00 , 1138.35 , 767.12 
 0.00 , 1247.90 , 841.94 
 0.00 , 1353.87 , 914.48 
2602.68 , 1455.66 , 3406.45 
 0.00 ,  0.00 ,  0.00 
 0.00 ,  0.00 ,  0.00 
 0.00 ,  0.00 ,  0.00 
 0.00 ,  0.00 ,  0.00 
 0.00 , 822.23 , 552.23 
 0.00 , 1142.26 , 769.79 
 0.00 , 1301.04 , 878.29 
 0.00 , 1452.81 , 982.34 
 0.00 , 6282.13 , 4480.00 
 0.00 , 2989.37 , 2055.21 
 0.00 , 1610.92 , 1091.11 
 0.00 , 432.83 , 289.50 
 0.00 ,  0.00 ,  0.00 
 0.00 ,  0.00 ,  0.00 
 0.00 ,  0.00 ,  0.00 
 0.00 ,  0.00 ,  0.00 
2515.25 ,  0.00 , 2339.18 
 0.00 ,  0.00 ,  0.00 
 0.00 ,  0.00 ,  0.00 
 0.00 ,  0.00 ,  0.00 
 0.00 ,  0.00 ,  0.00 
 0.00 , 192.24 , 128.25 
 0.00 , 1001.18 , 673.70 
 0.00 , 1153.88 , 777.72 
 0.00 ,  0.00 ,  0.00 
 0.00 ,  0.00 ,  0.00 
 0.00 ,  0.00 ,  0.00 
 0.00 ,  0.00 ,  0.00 
 0.00 , 37.10 , 24.71 
 0.00 , 867.46 , 582.89 
 0.00 , 997.82 , 671.42 
 0.00 , 1162.44 , 783.56 
 0.00 , 6282.13 , 4480.00 
2508.45 , 2463.01 , 4021.17 
 0.00 , 379.51 , 253.69 
 0.00 , 13.93 ,  9.27 
 0.00 ,  0.00 ,  0.00 
 0.00 ,  0.00 ,  0.00 
 0.00 ,  0.00 ,  0.00 
 0.00 ,  0.00 ,  0.00 
 0.00 ,  0.00 ,  0.00 
 0.00 ,  0.00 ,  0.00 
 0.00 ,  0.00 ,  0.00 
 0.00 , 491.23 , 328.76 
 0.00 , 898.12 , 603.69 
 0.00 , 1037.10 , 698.14 
 0.00 , 1120.84 , 755.19 
2602.68 , 1194.91 , 3227.33 
 0.00 ,  0.00 ,  0.00 
 0.00 ,  0.00 ,  0.00 
 0.00 ,  0.00 ,  0.00 
 0.00 ,  0.00 ,  0.00 
 0.00 ,  0.00 ,  0.00 
 0.00 , 529.68 , 354.64 
 0.00 , 762.93 , 512.08 
 0.00 , 872.53 , 586.33 
 0.00 , 6282.13 , 4480.00 
 0.00 , 2317.64 , 1581.80 
 0.00 , 1450.23 , 980.57 
 0.00 , 619.43 , 415.13 
 0.00 , 397.53 , 265.79 
 0.00 , 638.02 , 427.67 
 0.00 , 928.99 , 624.64 
 0.00 , 1247.36 , 841.57 
2515.25 , 1275.18 , 3200.99 
 0.00 , 1349.29 , 911.33 
 0.00 , 1583.93 , 1072.51 
 0.00 , 1646.96 , 1115.95 
 0.00 , 1455.81 , 984.40 
 0.00 , 1495.35 , 1011.57 
 0.00 , 1496.06 , 1012.06 
 0.00 , 1542.10 , 1043.72 
 0.00 ,  0.00 ,  0.00 
 0.00 ,  0.00 ,  0.00 
 0.00 ,  0.00 ,  0.00 
 0.00 ,  0.00 ,  0.00 
 0.00 , 516.26 , 345.60 
 0.00 , 873.84 , 587.21 
 0.00 , 981.19 , 660.11 
 0.00 , 1081.70 , 728.51 
 0.00 , 6282.13 , 4480.00 
2508.45 , 2743.99 , 4220.13 
 0.00 , 2527.48 , 1728.95 
 0.00 , 2372.44 , 1620.17 
 0.00 , 2215.16 , 1510.18 
 0.00 , 2014.18 , 1370.18 
 0.00 , 1836.71 , 1247.07 
 0.00 , 1508.25 , 1020.44 
 0.00 , 1358.19 , 917.44 
 0.00 , 1515.20 , 1025.21 
 0.00 , 1800.17 , 1221.77 
 0.00 , 1892.90 , 1285.99 
 0.00 , 1712.13 , 1160.92 
 0.00 , 1704.87 , 1155.91 
 0.00 , 1700.34 , 1152.78 
2602.68 , 1738.10 , 3601.72 
 0.00 ,  0.00 ,  0.00 
 0.00 ,  0.00 ,  0.00 
 0.00 ,  0.00 ,  0.00 
 0.00 ,  0.00 ,  0.00 
 0.00 , 713.13 , 478.40 
 0.00 , 854.91 , 574.38 
 0.00 , 907.03 , 609.73 
 0.00 , 951.73 , 640.09 
 0.00 , 6282.13 , 4480.00 
 0.00 , 2529.34 , 1730.25 
 0.00 , 2445.49 , 1671.37 
 0.00 , 2138.87 , 1456.97 
 0.00 , 1932.40 , 1313.39 
 0.00 , 1855.36 , 1259.98 
 0.00 , 1822.46 , 1237.20 
 0.00 , 1868.10 , 1268.80 
2515.25 , 1901.80 , 3634.09 
 0.00 , 1893.38 , 1286.32 
 0.00 , 1923.66 , 1307.32 
 0.00 , 1943.96 , 1321.41 
 0.00 , 1765.95 , 1198.11 
 0.00 , 1744.29 , 1183.14 
 0.00 , 1772.91 , 1202.92 
 0.00 , 1806.89 , 1226.43 
 0.00 ,  0.00 ,  0.00 
 0.00 ,  0.00 ,  0.00 
 0.00 ,  0.00 ,  0.00 
 0.00 , 87.26 , 58.15 
 0.00 , 925.02 , 621.95 
 0.00 , 1031.61 , 694.40 
 0.00 , 1127.87 , 759.98 
 0.00 , 1218.40 , 821.77 
 0.00 , 6282.13 , 4480.00 
2508.45 , 2733.27 , 4212.52 
 0.00 , 2311.43 , 1577.46 
 0.00 , 1802.13 , 1223.13 
 0.00 , 1541.02 , 1042.98 
 0.00 , 1495.21 , 1011.48 
 0.00 , 1411.28 , 953.84 
 0.00 , 1332.43 , 899.79 
 0.00 , 1377.68 , 930.79 
 0.00 , 1560.08 , 1056.09 
 0.00 , 1686.62 , 1143.31 
 0.00 , 1748.45 , 1186.01 
 0.00 , 1628.15 , 1102.98 
 0.00 , 1661.15 , 1125.74 
 0.00 , 1697.97 , 1151.14 
2602.68 , 1733.60 , 3598.60 
 0.00 ,  0.00 ,  0.00 
 0.00 ,  0.00 ,  0.00 
 0.00 ,  0.00 ,  0.00 
 0.00 , 38.71 , 25.79 
 0.00 , 911.27 , 612.61 
 0.00 , 1018.55 , 685.52 
 0.00 , 1115.51 , 751.56 
 0.00 , 1206.31 , 813.52 
 0.00 , 6282.13 , 4480.00 
 0.00 , 2722.32 , 1866.17 
 0.00 , 2515.90 , 1720.81 
 0.00 , 2331.73 , 1591.66 
 0.00 , 2040.21 , 1388.28 
 0.00 , 1859.03 , 1262.52 
 0.00 , 1832.59 , 1244.21 
 0.00 , 1929.97 , 1311.70 
 0.00 , 2070.62 , 1409.43 
2627.27 , 2132.61 , 3899.60 
 0.00 , 2206.03 , 1503.81 
 0.00 , 2201.96 , 1500.97 
 0.00 , 2051.91 , 1396.41 
 0.00 , 2018.22 , 1372.99 
 0.00 , 2048.92 , 1394.34 
 0.00 , 2040.85 , 1388.72 
 0.00 ,  0.00 ,  0.00 
 0.00 ,  0.00 ,  0.00 
 0.00 ,  0.00 ,  0.00 
 0.00 , 941.62 , 633.22 
 0.00 , 1284.72 , 867.13 
 0.00 , 1436.83 , 971.38 
 0.00 , 1536.65 , 1039.97 
 0.00 , 1676.46 , 1136.30 
 0.00 , 6282.13 , 4480.00 
 0.00 , 3126.77 , 2152.91 
2555.64 , 1954.54 , 3708.45 
 0.00 , 1321.63 , 892.39 
 0.00 , 642.09 , 430.41 
 0.00 , 516.96 , 346.08 
 0.00 , 607.42 , 407.02 
 0.00 , 356.76 , 238.43 
 0.00 , 356.70 , 238.39 
 0.00 , 843.51 , 566.65 
 0.00 , 1207.21 , 814.13 
 0.00 , 1601.79 , 1084.82 
 0.00 , 1655.91 , 1122.12 
 0.00 , 1724.99 , 1169.80 
 0.00 , 1836.26 , 1246.76 
 0.00 , 1899.96 , 1290.89 
2520.08 ,  0.00 , 2343.68 
 0.00 ,  0.00 ,  0.00 
 0.00 ,  0.00 ,  0.00 
 0.00 , 922.71 , 620.38 
 0.00 , 1360.92 , 919.31 
 0.00 , 1524.52 , 1031.63 
 0.00 , 1679.63 , 1138.49 
 0.00 , 1782.80 , 1209.76 
 0.00 , 6282.13 , 4480.00 
 0.00 , 3121.74 , 2149.32 
 0.00 , 1841.89 , 1250.65 
 0.00 , 1317.12 , 889.30 
 0.00 , 1242.65 , 838.35 
 0.00 , 1178.32 , 794.40 
 0.00 , 1061.32 , 714.63 
 0.00 , 1032.85 , 695.25 
 0.00 , 629.03 , 421.60 
 0.00 , 588.99 , 394.60 
2603.71 , 1026.67 , 3113.31 
 0.00 , 1701.55 , 1153.62 
 0.00 , 1808.82 , 1227.76 
 0.00 , 1884.40 , 1280.10 
 0.00 , 1959.02 , 1331.86 
 0.00 , 2026.22 , 1378.55 
 0.00 ,  0.00 ,  0.00 
 0.00 ,  0.00 ,  0.00 
 0.00 ,  0.00 ,  0.00 
 0.00 , 1193.31 , 804.64 
 0.00 , 1334.46 , 901.17 
 0.00 , 1401.35 , 947.03 
 0.00 , 1458.14 , 986.00 
 0.00 , 1507.96 , 1020.24 
 0.00 , 6282.13 , 4480.00 
 0.00 , 3067.32 , 2110.60 
 0.00 , 2893.42 , 1987.17 
2607.54 , 2688.06 , 4272.82 
 0.00 , 2560.99 , 1752.51 
 0.00 , 2494.09 , 1705.49 
 0.00 , 2422.22 , 1655.05 
 0.00 , 2377.13 , 1623.45 
 0.00 , 2416.83 , 1651.27 
 0.00 , 2564.43 , 1754.93 
 0.00 , 2567.97 , 1757.41 
 0.00 , 2493.87 , 1705.34 
 0.00 , 2372.58 , 1620.26 
 0.00 , 2336.85 , 1595.24 
 0.00 , 2368.74 , 1617.57 
 0.00 , 2361.57 , 1612.55 
 0.00 ,  0.00 ,  0.00 
 0.00 ,  0.00 ,  0.00 
 0.00 , 479.78 , 321.06 
 0.00 , 1479.28 , 1000.53 
2508.19 , 1593.61 , 3413.70 
 0.00 , 1655.23 , 1121.65 
 0.00 , 1750.46 , 1187.40 
 0.00 , 1796.00 , 1218.89 
 0.00 , 6282.13 , 4480.00 
 0.00 , 3239.29 , 2233.13 
 0.00 , 2670.11 , 1829.35 
 0.00 , 2377.81 , 1623.93 
 0.00 , 2423.68 , 1656.08 
 0.00 , 2391.42 , 1633.46 
 0.00 , 2204.08 , 1502.44 
 0.00 , 1995.33 , 1357.08 
 0.00 , 1958.50 , 1331.50 
 0.00 , 2126.83 , 1448.58 
 0.00 , 2315.78 , 1580.49 
2542.41 , 2398.87 , 4007.59 
 0.00 , 2327.08 , 1588.41 
 0.00 , 2351.88 , 1605.76 
 0.00 , 2349.15 , 1603.85 
 0.00 , 2390.50 , 1632.82 
 0.00 ,  0.00 ,  0.00 
 0.00 ,  0.00 ,  0.00 
 0.00 , 505.41 , 338.30 
 0.00 , 1458.85 , 986.49 
 0.00 , 1527.02 , 1033.34 
 0.00 , 1626.15 , 1101.60 
 0.00 , 1673.33 , 1134.14 
 0.00 , 1759.72 , 1193.80 
 0.00 , 6282.13 , 4480.00 
 0.00 , 3253.50 , 2243.27 
 0.00 , 3072.49 , 2114.28 
 0.00 , 2503.18 , 1711.87 
2636.68 , 1763.83 , 3651.23 
 0.00 , 1776.99 , 1205.74 
 0.00 , 2058.57 , 1401.05 
 0.00 , 2110.01 , 1436.86 
 0.00 , 2183.48 , 1488.07 
 0.00 , 2219.69 , 1513.35 
 0.00 , 2272.52 , 1550.25 
 0.00 , 2342.48 , 1599.19 
 0.00 , 2264.46 , 1544.61 
 0.00 , 2284.97 , 1558.95 
 0.00 , 2322.47 , 1585.18 
 0.00 , 2362.03 , 1612.87 
 0.00 ,  0.00 ,  0.00 
 0.00 ,  0.00 ,  0.00 
 0.00 , 620.19 , 415.64 
 0.00 , 1566.63 , 1060.60 
 0.00 , 1681.59 , 1139.84 
 0.00 , 1829.25 , 1241.90 
 0.00 , 1925.59 , 1308.67 
2541.25 , 2011.88 , 3735.06 
 0.00 , 6282.13 , 4480.00 
 0.00 , 3278.16 , 2260.88 
 0.00 , 2510.04 , 1716.69 
 0.00 , 1929.97 , 1311.70 
 0.00 , 1748.94 , 1186.35 
 0.00 , 1228.50 , 828.68 
 0.00 , 421.49 , 281.88 
 0.00 , 447.66 , 299.46 
 0.00 , 821.39 , 551.66 
 0.00 , 1374.19 , 928.40 
 0.00 , 1826.48 , 1239.98 
 0.00 , 2050.59 , 1395.50 
2511.19 , 2054.01 , 3736.48 
 0.00 , 2108.36 , 1435.71 
 0.00 , 2166.87 , 1476.49 
 0.00 , 2222.67 , 1515.42 
 0.00 ,  0.00 ,  0.00 
 0.00 ,  0.00 ,  0.00 
 0.00 , 313.76 , 209.59 
 0.00 , 1460.43 , 987.58 
 0.00 , 1629.71 , 1104.06 
 0.00 , 1740.39 , 1180.44 
 0.00 , 1887.71 , 1282.39 
 0.00 , 2031.26 , 1382.06 
 0.00 , 6282.13 , 4480.00 
 0.00 , 2772.58 , 1901.67 
 0.00 , 1743.53 , 1182.61 
 0.00 , 1722.25 , 1167.91 
 0.00 , 1967.14 , 1337.50 
2595.11 , 1740.00 , 3595.99 
 0.00 , 1737.78 , 1178.64 
 0.00 , 1838.30 , 1248.17 
 0.00 , 1929.09 , 1311.10 
 0.00 , 2175.35 , 1482.40 
 0.00 , 2377.11 , 1623.44 
 0.00 , 2519.78 , 1723.53 
 0.00 , 2532.85 , 1732.72 
 0.00 , 2584.67 , 1769.17 
 0.00 , 2687.71 , 1841.75 
 0.00 , 2746.03 , 1882.92 
 0.00 ,  0.00 ,  0.00 
 0.00 ,  0.00 ,  0.00 
 0.00 , 1445.17 , 977.10 
 0.00 , 1879.71 , 1276.85 
 0.00 , 1951.67 , 1326.77 
 0.00 , 2010.82 , 1367.85 
 0.00 , 2108.34 , 1435.69 
 0.00 , 2156.36 , 1469.16 
2677.11 , 6236.33 , 6969.71 
 0.00 , 2232.31 , 1522.15 
 0.00 , 1245.09 , 840.02 
 0.00 , 672.42 , 450.90 
 0.00 , 345.50 , 230.87 
 0.00 , 300.28 , 200.56 
 0.00 , 69.21 , 46.11 
 0.00 , 41.97 , 27.95 
 0.00 , 254.58 , 169.95 
 0.00 , 908.34 , 610.62 
 0.00 , 1423.62 , 962.30 
 0.00 , 1754.24 , 1190.01 
 0.00 , 2051.52 , 1396.15 
 0.00 , 2205.67 , 1503.55 
2613.31 , 2294.82 , 4000.42 
 0.00 , 2428.39 , 1659.38 
 0.00 ,  0.00 ,  0.00 
 0.00 ,  0.00 ,  0.00 
 0.00 , 946.90 , 636.81 
 0.00 , 1707.94 , 1158.03 
 0.00 , 1792.88 , 1216.73 
 0.00 , 1861.92 , 1264.52 
 0.00 , 1921.13 , 1305.57 
 0.00 , 1973.58 , 1341.98 
 0.00 , 6282.13 , 4480.00 
 0.00 , 3397.51 , 2346.26 
 0.00 , 2719.05 , 1863.87 
 0.00 , 2008.89 , 1366.50 
 0.00 , 1698.41 , 1151.44 
 0.00 , 1658.26 , 1123.74 
 0.00 , 1544.13 , 1045.12 
2531.63 , 1570.57 , 3419.60 
 0.00 , 1946.82 , 1323.39 
 0.00 , 2234.21 , 1523.48 
 0.00 , 2351.44 , 1605.46 
 0.00 , 2459.47 , 1681.18 
 0.00 , 2354.25 , 1607.43 
 0.00 , 2350.19 , 1604.58 
 0.00 , 2350.09 , 1604.51 
 0.00 , 2349.80 , 1604.31 
 0.00 ,  0.00 ,  0.00 
 0.00 ,  0.00 ,  0.00 
 0.00 , 428.52 , 286.60 
 0.00 , 1434.21 , 969.58 
 0.00 , 1505.28 , 1018.40 
 0.00 , 1607.27 , 1088.59 
 0.00 , 1657.09 , 1122.94 
 0.00 , 1700.44 , 1152.85 
 0.00 , 6282.13 , 4480.00 
2595.21 , 2942.50 , 4442.46 
 0.00 , 2679.45 , 1835.93 
 0.00 , 2487.57 , 1700.91 
 0.00 , 2371.55 , 1619.54 
 0.00 , 2321.01 , 1584.16 
 0.00 , 1861.86 , 1264.48 
 0.00 , 1627.95 , 1102.84 
 0.00 , 1887.01 , 1281.91 
 0.00 , 2117.45 , 1442.04 
 0.00 , 2283.18 , 1557.70 
 0.00 , 2302.53 , 1571.23 
 0.00 , 2192.87 , 1494.63 
 0.00 , 2171.68 , 1479.84 
 0.00 , 2206.20 , 1503.93 
2566.50 , 2238.51 , 3917.24 
 0.00 ,  0.00 ,  0.00 
 0.00 ,  0.00 ,  0.00 
 0.00 , 191.18 , 127.55 
 0.00 , 1351.29 , 912.71 
 0.00 , 1465.75 , 991.23 
 0.00 , 1566.90 , 1060.79 
 0.00 , 1614.66 , 1093.69 
 0.00 , 1701.16 , 1153.34 
 0.00 , 6282.13 , 4480.00 
 0.00 , 3250.84 , 2241.37 
 0.00 , 2920.21 , 2006.15 
 0.00 , 2673.78 , 1831.94 
 0.00 , 2542.41 , 1739.44 
 0.00 , 2601.48 , 1781.00 
 0.00 , 2758.81 , 1891.94 
 0.00 , 2693.17 , 1845.61 
 0.00 , 2435.55 , 1664.40 
2625.01 , 2431.48 , 4107.56 
 0.00 , 2524.45 , 1726.82 
 0.00 , 2510.59 , 1717.08 
 0.00 , 2412.98 , 1648.57 
 0.00 , 2430.22 , 1660.66 
 0.00 , 2463.23 , 1683.82 
 0.00 , 2499.30 , 1709.15 
 0.00 ,  0.00 ,  0.00 
 0.00 ,  0.00 ,  0.00 
 0.00 , 743.13 , 498.68 
 0.00 , 1604.50 , 1086.68 
 0.00 , 1716.79 , 1164.14 
 0.00 , 1816.58 , 1233.13 
 0.00 , 1909.60 , 1297.57 
 0.00 , 1998.17 , 1359.06 
 0.00 , 6282.13 , 4480.00 
 0.00 , 3236.94 , 2231.45 
2555.64 , 2157.50 , 3850.31 
 0.00 , 1448.36 , 979.29 
 0.00 , 872.61 , 586.38 
 0.00 , 944.34 , 635.07 
 0.00 , 1363.87 , 921.32 
 0.00 , 1402.19 , 947.60 
 0.00 , 1336.44 , 902.53 
 0.00 , 1142.33 , 769.84 
 0.00 , 1338.65 , 904.04 
 0.00 , 1836.04 , 1246.60 
 0.00 , 1918.30 , 1303.61 
 0.00 , 2026.45 , 1378.71 
 0.00 , 2088.56 , 1421.92 
 0.00 , 2188.81 , 1491.79 
2520.08 ,  0.00 , 2343.68 
 0.00 ,  0.00 ,  0.00 
 0.00 , 278.16 , 185.74 
 0.00 , 1469.44 , 993.77 
 0.00 , 1592.47 , 1078.40 
 0.00 , 1746.00 , 1184.32 
 0.00 , 1892.82 , 1285.94 
 0.00 , 1989.16 , 1352.80 
 0.00 , 6282.13 , 4480.00 
 0.00 , 2289.12 , 1561.85 
 0.00 , 1182.09 , 796.98 
 0.00 , 306.60 , 204.79 
 0.00 ,  0.00 ,  0.00 
 0.00 ,  0.00 ,  0.00 
 0.00 ,  0.00 ,  0.00 
 0.00 ,  0.00 ,  0.00 
 0.00 ,  0.00 ,  0.00 
 0.00 ,  0.00 ,  0.00 
2603.71 ,  0.00 , 2421.45 
 0.00 , 513.13 , 343.50 
 0.00 , 1259.76 , 850.05 
 0.00 , 1430.84 , 967.26 
 0.00 , 1527.57 , 1033.73 
 0.00 , 1653.22 , 1120.27 
 0.00 ,  0.00 ,  0.00 
 0.00 ,  0.00 ,  0.00 
 0.00 ,  0.00 ,  0.00 
 0.00 , 187.70 , 125.21 
 0.00 , 1091.50 , 735.19 
 0.00 , 1215.28 , 819.64 
 0.00 , 1326.01 , 895.39 
 0.00 , 1428.61 , 965.73 
 0.00 , 6282.13 , 4480.00 
 0.00 , 2903.48 , 1994.29 
 0.00 , 2616.52 , 1791.58 
2607.54 , 2045.60 , 3820.35 
 0.00 , 1429.46 , 966.31 
 0.00 , 786.22 , 527.84 
 0.00 , 145.82 , 97.24 
 0.00 ,  0.00 ,  0.00 
 0.00 ,  0.00 ,  0.00 
 0.00 ,  0.00 ,  0.00 
 0.00 , 470.16 , 314.59 
 0.00 , 1002.22 , 674.41 
 0.00 , 1214.40 , 819.04 
 0.00 , 1311.00 , 885.11 
 0.00 , 1428.14 , 965.41 
 0.00 , 1494.01 , 1010.65 
 0.00 ,  0.00 ,  0.00 
 0.00 ,  0.00 ,  0.00 
 0.00 ,  0.00 ,  0.00 
 0.00 ,  0.00 ,  0.00 
2508.19 , 706.41 , 2806.84 
 0.00 , 1082.05 , 728.75 
 0.00 , 1239.20 , 835.99 
 0.00 , 1342.98 , 907.01 
 0.00 , 6282.13 , 4480.00 
 0.00 , 2314.89 , 1579.88 
 0.00 , 1266.31 , 854.53 
 0.00 , 380.24 , 254.18 
 0.00 ,  0.00 ,  0.00 
 0.00 ,  0.00 ,  0.00 
 0.00 ,  0.00 ,  0.00 
 0.00 ,  0.00 ,  0.00 
 0.00 ,  0.00 ,  0.00 
 0.00 ,  0.00 ,  0.00 
 0.00 ,  0.00 ,  0.00 
2542.41 ,  0.00 , 2364.45 
 0.00 ,  0.00 ,  0.00 
 0.00 , 256.72 , 171.39 
 0.00 , 885.72 , 595.27 
 0.00 , 980.72 , 659.79 
 0.00 ,  0.00 ,  0.00 
 0.00 ,  0.00 ,  0.00 
 0.00 ,  0.00 ,  0.00 
 0.00 ,  0.00 ,  0.00 
 0.00 ,  0.00 ,  0.00 
 0.00 ,  0.00 ,  0.00 
 0.00 , 498.20 , 333.45 
 0.00 , 729.79 , 489.66 
 0.00 , 6152.09 , 4380.81 
 0.00 , 660.43 , 442.80 
 0.00 ,  0.00 ,  0.00 
 0.00 ,  0.00 ,  0.00 
2636.68 ,  0.00 , 2452.11 
 0.00 ,  0.00 ,  0.00 
 0.00 ,  0.00 ,  0.00 
 0.00 ,  0.00 ,  0.00 
 0.00 ,  0.00 ,  0.00 
 0.00 ,  0.00 ,  0.00 
 0.00 ,  0.00 ,  0.00 
 0.00 ,  0.00 ,  0.00 
 0.00 ,  0.00 ,  0.00 
 0.00 , 345.80 , 231.07 
 0.00 , 698.40 , 468.45 
 0.00 , 819.93 , 550.67 
 0.00 ,  0.00 ,  0.00 
 0.00 ,  0.00 ,  0.00 
 0.00 ,  0.00 ,  0.00 
 0.00 ,  0.00 ,  0.00 
 0.00 ,  0.00 ,  0.00 
 0.00 ,  0.00 ,  0.00 
 0.00 , 530.41 , 355.13 
2541.25 , 827.32 , 2919.55 
 0.00 , 6282.13 , 4480.00 
 0.00 , 1225.73 , 826.79 
 0.00 ,  0.00 ,  0.00 
 0.00 ,  0.00 ,  0.00 
 0.00 ,  0.00 ,  0.00 
 0.00 ,  0.00 ,  0.00 
 0.00 ,  0.00 ,  0.00 
 0.00 ,  0.00 ,  0.00 
 0.00 ,  0.00 ,  0.00 
 0.00 ,  0.00 ,  0.00 
 0.00 ,  0.00 ,  0.00 
 0.00 ,  0.00 ,  0.00 
2511.19 ,  0.00 , 2335.40 
 0.00 ,  0.00 ,  0.00 
 0.00 ,  0.00 ,  0.00 
 0.00 ,  0.00 ,  0.00 
 0.00 ,  0.00 ,  0.00 
 0.00 ,  0.00 ,  0.00 
 0.00 ,  0.00 ,  0.00 
 0.00 ,  0.00 ,  0.00 
 0.00 ,  0.00 ,  0.00 
 0.00 ,  0.00 ,  0.00 
 0.00 ,  0.00 ,  0.00 
 0.00 ,  0.00 ,  0.00 
 0.00 , 5891.34 , 4182.81 
 0.00 , 653.31 , 437.99 
 0.00 , 61.20 , 40.77 
 0.00 ,  0.00 ,  0.00 
 0.00 ,  0.00 ,  0.00 
2595.11 ,  0.00 , 2413.45 
 0.00 ,  0.00 ,  0.00 
 0.00 ,  0.00 ,  0.00 
 0.00 ,  0.00 ,  0.00 
 0.00 ,  0.00 ,  0.00 
 0.00 ,  0.00 ,  0.00 
 0.00 ,  0.00 ,  0.00 
 0.00 ,  0.00 ,  0.00 
 0.00 ,  0.00 ,  0.00 
 0.00 ,  0.00 ,  0.00 
 0.00 ,  0.00 ,  0.00 
 0.00 ,  0.00 ,  0.00 
 0.00 ,  0.00 ,  0.00 
 0.00 ,  0.00 ,  0.00 
 0.00 ,  0.00 ,  0.00 
 0.00 ,  0.00 ,  0.00 
 0.00 ,  0.00 ,  0.00 
 0.00 ,  0.00 ,  0.00 
 0.00 , 235.47 , 157.17 
2677.11 , 6132.97 , 6889.70 
 0.00 , 668.40 , 448.18 
 0.00 , 378.66 , 253.12 
 0.00 , 383.31 , 256.24 
 0.00 , 217.68 , 145.26 
 0.00 , 125.50 , 83.67 
 0.00 ,  0.00 ,  0.00 
 0.00 ,  0.00 ,  0.00 
 0.00 , 406.70 , 271.94 
 0.00 , 811.03 , 544.64 
 0.00 , 881.57 , 592.45 
 0.00 , 1039.23 , 699.59 
 0.00 , 1082.34 , 728.95 
 0.00 , 1149.38 , 774.65 
2613.31 , 1263.07 , 3283.94 
 0.00 , 1334.60 , 901.27 
 0.00 ,  0.00 ,  0.00 
 0.00 ,  0.00 ,  0.00 
 0.00 ,  0.00 ,  0.00 
 0.00 ,  0.00 ,  0.00 
 0.00 , 85.83 , 57.20 
 0.00 , 818.49 , 549.69 
 0.00 , 943.27 , 634.34 
 0.00 , 1058.31 , 712.58 
 0.00 , 6282.13 , 4480.00 
 0.00 , 1296.52 , 875.20 
 0.00 , 328.58 , 219.53 
 0.00 , 109.95 , 73.29 
 0.00 ,  0.00 ,  0.00 
 0.00 ,  0.00 ,  0.00 
 0.00 ,  0.00 ,  0.00 
2531.63 ,  0.00 , 2354.41 
 0.00 ,  0.00 ,  0.00 
 0.00 ,  0.00 ,  0.00 
 0.00 ,  0.00 ,  0.00 
 0.00 , 765.24 , 513.64 
 0.00 , 937.59 , 630.48 
 0.00 , 1080.59 , 727.76 
 0.00 , 1165.33 , 785.54 
 0.00 , 1242.13 , 837.99 
 0.00 ,  0.00 ,  0.00 
 0.00 ,  0.00 ,  0.00 
 0.00 ,  0.00 ,  0.00 
 0.00 ,  0.00 ,  0.00 
 0.00 ,  0.00 ,  0.00 
 0.00 , 670.38 , 449.51 
 0.00 , 853.08 , 573.14 
 0.00 , 965.67 , 649.56 
 0.00 , 6282.13 , 4480.00 
2595.21 , 1084.41 , 3144.81 
 0.00 , 280.05 , 187.01 
 0.00 ,  0.00 ,  0.00 
 0.00 ,  0.00 ,  0.00 
 0.00 ,  0.00 ,  0.00 
 0.00 ,  0.00 ,  0.00 
 0.00 ,  0.00 ,  0.00 
 0.00 ,  0.00 ,  0.00 
 0.00 ,  0.00 ,  0.00 
 0.00 ,  0.00 ,  0.00 
 0.00 ,  0.00 ,  0.00 
 0.00 ,  0.00 ,  0.00 
 0.00 , 20.22 , 13.47 
 0.00 , 703.84 , 472.12 
2566.50 , 841.82 , 2952.88 
 0.00 ,  0.00 ,  0.00 
 0.00 ,  0.00 ,  0.00 
 0.00 ,  0.00 ,  0.00 
 0.00 ,  0.00 ,  0.00 
 0.00 ,  0.00 ,  0.00 
 0.00 ,  0.00 ,  0.00 
 0.00 , 476.84 , 319.08 
 0.00 , 804.29 , 540.08 
 0.00 , 6282.13 , 4480.00 
 0.00 , 1829.70 , 1242.21 
 0.00 , 1434.89 , 970.04 
 0.00 , 405.36 , 271.04 
 0.00 ,  0.00 ,  0.00 
 0.00 ,  0.00 ,  0.00 
 0.00 ,  0.00 ,  0.00 
 0.00 ,  0.00 ,  0.00 
 0.00 ,  0.00 ,  0.00 
2625.01 , 84.30 , 2497.44 
 0.00 , 874.84 , 587.90 
 0.00 , 1085.54 , 731.13 
 0.00 , 1008.44 , 678.64 
 0.00 , 1074.38 , 723.52 
 0.00 , 1137.56 , 766.59 
 0.00 , 1243.70 , 839.07 
 0.00 ,  0.00 ,  0.00 
 0.00 ,  0.00 ,  0.00 
 0.00 ,  0.00 ,  0.00 
 0.00 ,  0.00 ,  0.00 
 0.00 ,  0.00 ,  0.00 
 0.00 , 398.04 , 266.13 
 0.00 , 792.54 , 532.12 
 0.00 , 904.40 , 607.95 
 0.00 , 6282.13 , 4480.00 
 0.00 , 1937.74 , 1317.09 
2555.64 , 706.38 , 2850.96 
 0.00 , 35.50 , 23.64 
 0.00 , 101.14 , 67.41 
 0.00 ,  0.00 ,  0.00 
 0.00 ,  0.00 ,  0.00 
 0.00 ,  0.00 ,  0.00 
 0.00 ,  0.00 ,  0.00 
 0.00 ,  0.00 ,  0.00 
 0.00 , 352.73 , 235.72 
 0.00 , 722.11 , 484.47 
 0.00 , 786.29 , 527.89 
 0.00 , 877.63 , 589.79 
 0.00 , 947.92 , 637.50 
 0.00 , 1011.84 , 680.95 
2520.08 ,  0.00 , 2343.68 
 0.00 ,  0.00 ,  0.00 
 0.00 ,  0.00 ,  0.00 
 0.00 ,  0.00 ,  0.00 
 0.00 ,  0.00 ,  0.00 
 0.00 ,  0.00 ,  0.00 
 0.00 , 67.70 , 45.11 
 0.00 , 497.80 , 333.18 
 0.00 , 6070.49 , 4318.73 
 0.00 , 1930.29 , 1311.92 
 0.00 , 1765.72 , 1197.95 
 0.00 , 1572.70 , 1064.78 
 0.00 , 1418.40 , 958.72 
 0.00 , 1562.43 , 1057.71 
 0.00 , 1596.26 , 1081.01 
 0.00 , 1486.23 , 1005.30 
 0.00 , 1477.50 , 999.30 
 0.00 , 1561.34 , 1056.96 
2603.71 , 1573.49 , 3488.71 
 0.00 , 1567.74 , 1061.37 
 0.00 , 1391.72 , 940.42 
 0.00 , 1412.20 , 954.47 
 0.00 , 1403.40 , 948.43 
 0.00 , 1441.26 , 974.42 
 0.00 ,  0.00 ,  0.00 
 0.00 ,  0.00 ,  0.00 
 0.00 ,  0.00 ,  0.00 
 0.00 ,  0.00 ,  0.00 
 0.00 , 483.38 , 323.48 
 0.00 , 1071.75 , 721.73 
 0.00 , 1281.18 , 864.70 
 0.00 , 1484.92 , 1004.40 
 0.00 , 6282.13 , 4480.00 
 0.00 , 1293.02 , 872.80 
 0.00 , 559.86 , 374.97 
2607.54 , 109.78 , 2498.19 
 0.00 ,  0.00 ,  0.00 
 0.00 ,  0.00 ,  0.00 
 0.00 ,  0.00 ,  0.00 
 0.00 ,  0.00 ,  0.00 
 0.00 ,  0.00 ,  0.00 
 0.00 ,  0.00 ,  0.00 
 0.00 ,  0.00 ,  0.00 
 0.00 ,  0.00 ,  0.00 
 0.00 , 425.24 , 284.40 
 0.00 , 1040.91 , 700.74 
 0.00 , 1147.92 , 773.65 
 0.00 , 1283.10 , 866.01 
 0.00 ,  0.00 ,  0.00 
 0.00 ,  0.00 ,  0.00 
 0.00 ,  0.00 ,  0.00 
 0.00 ,  0.00 ,  0.00 
2508.19 , 179.93 , 2452.66 
 0.00 , 815.37 , 547.58 
 0.00 , 936.84 , 629.98 
 0.00 , 1048.59 , 705.96 
 0.00 , 6282.13 , 4480.00 
 0.00 , 1907.64 , 1296.22 
 0.00 , 1078.76 , 726.51 
 0.00 , 60.80 , 40.51 
 0.00 ,  0.00 ,  0.00 
 0.00 ,  0.00 ,  0.00 
 0.00 ,  0.00 ,  0.00 
 0.00 ,  0.00 ,  0.00 
 0.00 ,  0.00 ,  0.00 
 0.00 ,  0.00 ,  0.00 
 0.00 ,  0.00 ,  0.00 
2542.41 ,  0.00 , 2364.45 
 0.00 ,  0.00 ,  0.00 
 0.00 , 42.22 , 28.12 
 0.00 , 680.05 , 456.04 
 0.00 , 768.47 , 515.82 
 0.00 ,  0.00 ,  0.00 
 0.00 ,  0.00 ,  0.00 
 0.00 ,  0.00 ,  0.00 
 0.00 ,  0.00 ,  0.00 
 0.00 ,  0.00 ,  0.00 
 0.00 ,  0.00 ,  0.00 
 0.00 ,  0.00 ,  0.00 
 0.00 , 278.44 , 185.93 
 0.00 , 6103.25 , 4343.64 
 0.00 , 1638.10 , 1109.84 
 0.00 , 1058.24 , 712.53 
 0.00 , 899.42 , 604.57 
2636.68 , 843.63 , 3019.39 
 0.00 , 747.99 , 501.97 
 0.00 , 196.62 , 131.18 
 0.00 , 395.85 , 264.66 
 0.00 , 647.34 , 433.96 
 0.00 , 782.04 , 525.01 
 0.00 , 1033.74 , 695.85 
 0.00 , 1170.09 , 788.78 
 0.00 , 1059.04 , 713.07 
 0.00 , 1094.57 , 737.28 
 0.00 , 1141.28 , 769.13 
 0.00 , 1189.48 , 802.02 
 0.00 ,  0.00 ,  0.00 
 0.00 ,  0.00 ,  0.00 
 0.00 ,  0.00 ,  0.00 
 0.00 ,  0.00 ,  0.00 
 0.00 ,  0.00 ,  0.00 
 0.00 , 63.56 , 42.34 
 0.00 , 619.63 , 415.26 
2541.25 , 724.95 , 2850.15 
 0.00 , 6274.27 , 4474.00 
 0.00 , 2157.07 , 1469.66 
 0.00 , 1816.72 , 1233.23 
 0.00 , 1673.77 , 1134.44 
 0.00 , 1550.44 , 1049.46 
 0.00 , 1383.92 , 935.07 
 0.00 , 1331.47 , 899.13 
 0.00 , 1012.50 , 681.40 
 0.00 , 892.94 , 600.17 
 0.00 , 934.54 , 628.41 
 0.00 , 1180.82 , 796.11 
 0.00 , 1322.11 , 892.72 
2511.19 , 1246.71 , 3177.69 
 0.00 , 1301.75 , 878.78 
 0.00 , 1351.16 , 912.61 
 0.00 , 1400.23 , 946.26 
 0.00 ,  0.00 ,  0.00 
 0.00 ,  0.00 ,  0.00 
 0.00 ,  0.00 ,  0.00 
 0.00 ,  0.00 ,  0.00 
 0.00 , 101.23 , 67.47 
 0.00 , 751.28 , 504.20 
 0.00 , 861.51 , 578.85 
 0.00 , 962.82 , 647.62 
 0.00 , 6282.13 , 4480.00 
 0.00 , 2314.94 , 1579.91 
 0.00 , 2015.65 , 1371.20 
 0.00 , 1682.58 , 1140.52 
 0.00 , 1411.74 , 954.16 
2595.11 , 1257.48 , 3263.16 
 0.00 , 985.43 , 662.99 
 0.00 , 795.41 , 534.06 
 0.00 , 345.94 , 231.17 
 0.00 , 141.73 , 94.50 
 0.00 , 620.73 , 416.00 
 0.00 , 1036.97 , 698.05 
 0.00 , 1042.85 , 702.05 
 0.00 , 1118.93 , 753.88 
 0.00 , 1178.61 , 794.60 
 0.00 , 1233.56 , 832.14 
 0.00 ,  0.00 ,  0.00 
 0.00 ,  0.00 ,  0.00 
 0.00 ,  0.00 ,  0.00 
 0.00 ,  0.00 ,  0.00 
 0.00 ,  0.00 ,  0.00 
 0.00 , 130.06 , 86.71 
 0.00 , 621.92 , 416.81 
 0.00 , 678.82 , 455.22 
2677.11 , 6040.69 , 6818.44 
 0.00 , 1579.56 , 1069.50 
 0.00 , 810.82 , 544.50 
 0.00 , 271.80 , 181.48 
 0.00 , 490.84 , 328.50 
 0.00 , 652.53 , 437.46 
 0.00 , 440.21 , 294.46 
 0.00 , 718.96 , 482.34 
 0.00 , 770.83 , 517.42 
 0.00 , 778.99 , 522.94 
 0.00 , 1061.79 , 714.95 
 0.00 , 1142.52 , 769.97 
 0.00 , 1079.56 , 727.05 
 0.00 , 1118.71 , 753.74 
2613.31 , 1205.49 , 3244.46 
 0.00 , 1254.03 , 846.13 
 0.00 ,  0.00 ,  0.00 
 0.00 ,  0.00 ,  0.00 
 0.00 ,  0.00 ,  0.00 
 0.00 ,  0.00 ,  0.00 
 0.00 , 129.49 , 86.33 
 0.00 , 887.27 , 596.32 
 0.00 , 1048.26 , 705.74 
 0.00 , 1246.66 , 841.09 
 0.00 , 6282.13 , 4480.00 
 0.00 , 2687.46 , 1841.58 
 0.00 , 997.52 , 671.21 
 0.00 , 303.37 , 202.63 
 0.00 ,  0.00 ,  0.00 
 0.00 ,  0.00 ,  0.00 
 0.00 ,  0.00 ,  0.00 
2513.88 ,  0.00 , 2337.91 
 0.00 ,  0.00 ,  0.00 
 0.00 ,  0.00 ,  0.00 
 0.00 ,  0.00 ,  0.00 
 0.00 ,  0.00 ,  0.00 
 0.00 ,  0.00 ,  0.00 
 0.00 , 517.56 , 346.48 
 0.00 , 1095.28 , 737.76 
 0.00 , 1213.21 , 818.23 
 0.00 ,  0.00 ,  0.00 
 0.00 ,  0.00 ,  0.00 
 0.00 ,  0.00 ,  0.00 
 0.00 ,  0.00 ,  0.00 
 0.00 , 186.28 , 124.27 
 0.00 , 717.30 , 481.22 
 0.00 , 793.34 , 532.66 
 0.00 , 858.77 , 577.00 
 0.00 , 6282.13 , 4480.00 
2574.36 , 2414.46 , 4048.36 
 0.00 , 2216.21 , 1510.91 
 0.00 , 1981.50 , 1347.48 
 0.00 , 1895.42 , 1287.74 
 0.00 , 1712.94 , 1161.48 
 0.00 , 1560.39 , 1056.31 
 0.00 , 1100.19 , 741.11 
 0.00 , 1118.98 , 753.92 
 0.00 , 1275.04 , 860.50 
 0.00 , 1251.94 , 844.70 
 0.00 , 1278.71 , 863.01 
 0.00 , 1177.53 , 793.86 
 0.00 , 1389.30 , 938.76 
 0.00 , 1469.27 , 993.65 
2543.34 , 1523.64 , 3398.09 
 0.00 ,  0.00 ,  0.00 
 0.00 ,  0.00 ,  0.00 
 0.00 ,  0.00 ,  0.00 
 0.00 ,  0.00 ,  0.00 
 0.00 , 783.89 , 526.26 
 0.00 , 1100.78 , 741.51 
 0.00 , 1259.23 , 849.69 
 0.00 , 1364.77 , 921.95 
 0.00 , 6282.13 , 4480.00 
 0.00 , 2972.58 , 2043.29 
 0.00 , 1801.96 , 1223.01 
 0.00 , 1767.57 , 1199.23 
 0.00 , 1273.64 , 859.54 
 0.00 , 1580.12 , 1069.89 
 0.00 , 1319.01 , 890.60 
 0.00 , 1357.27 , 916.80 
 0.00 , 1778.43 , 1206.74 
2603.77 , 1912.33 , 3723.86 
 0.00 , 1986.88 , 1351.21 
 0.00 , 2139.21 , 1457.20 
 0.00 , 2098.13 , 1428.59 
 0.00 , 2183.22 , 1487.89 
 0.00 , 2151.05 , 1465.45 
 0.00 , 2162.08 , 1473.14 
 0.00 ,  0.00 ,  0.00 
 0.00 ,  0.00 ,  0.00 
 0.00 ,  0.00 ,  0.00 
 0.00 , 760.30 , 510.30 
 0.00 , 1039.67 , 699.89 
 0.00 , 1009.41 , 679.30 
 0.00 , 1012.56 , 681.44 
 0.00 , 1009.92 , 679.64 
 0.00 , 6282.13 , 4480.00 
 0.00 , 2493.90 , 1705.36 
2534.65 , 2323.43 , 3947.24 
 0.00 , 2168.14 , 1477.37 
 0.00 , 1947.49 , 1323.86 
 0.00 , 1932.11 , 1313.19 
 0.00 , 1941.51 , 1319.71 
 0.00 , 1796.67 , 1219.35 
 0.00 , 1736.19 , 1177.54 
 0.00 , 1924.11 , 1307.64 
 0.00 , 1946.93 , 1323.47 
 0.00 , 1842.78 , 1251.27 
 0.00 , 1728.44 , 1172.19 
 0.00 , 1749.51 , 1186.74 
 0.00 , 1727.59 , 1171.60 
 0.00 , 1716.77 , 1164.12 
2497.53 ,  0.00 , 2322.70 
 0.00 ,  0.00 ,  0.00 
 0.00 ,  0.00 ,  0.00 
 0.00 ,  0.00 ,  0.00 
 0.00 , 271.92 , 181.56 
 0.00 , 675.55 , 453.01 
 0.00 , 722.59 , 484.79 
 0.00 , 806.59 , 541.64 
 0.00 , 6282.13 , 4480.00 
 0.00 , 2235.54 , 1524.41 
 0.00 , 1977.53 , 1344.72 
 0.00 , 1891.18 , 1284.80 
 0.00 , 1810.33 , 1228.80 
 0.00 , 1444.40 , 976.57 
 0.00 , 1133.10 , 763.55 
 0.00 , 983.02 , 661.35 
 0.00 , 932.45 , 626.99 
 0.00 , 823.96 , 553.40 
2582.76 , 1010.16 , 3082.55 
 0.00 , 1142.28 , 769.81 
 0.00 , 1106.41 , 745.35 
 0.00 , 1200.28 , 809.40 
 0.00 , 1241.78 , 837.75 
 0.00 , 1281.62 , 865.00 
 0.00 ,  0.00 ,  0.00 
 0.00 ,  0.00 ,  0.00 
 0.00 ,  0.00 ,  0.00 
 0.00 ,  0.00 ,  0.00 
 0.00 ,  0.00 ,  0.00 
 0.00 , 276.00 , 184.30 
 0.00 , 692.23 , 464.28 
 0.00 , 831.96 , 558.82 
 0.00 , 6282.13 , 4480.00 
 0.00 , 2374.41 , 1621.54 
 0.00 , 1353.91 , 914.50 
2585.87 , 303.71 , 2607.79 
 0.00 , 586.95 , 393.22 
 0.00 , 728.69 , 488.92 
 0.00 , 620.65 , 415.95 
 0.00 , 408.96 , 273.46 
 0.00 , 449.04 , 300.39 
 0.00 , 111.23 , 74.15 
 0.00 , 283.74 , 189.48 
 0.00 , 537.01 , 359.58 
 0.00 , 649.70 , 435.55 
 0.00 , 908.31 , 610.61 
 0.00 , 1045.94 , 704.16 
 0.00 , 1110.58 , 748.19 
 0.00 ,  0.00 ,  0.00 
 0.00 ,  0.00 ,  0.00 
 0.00 ,  0.00 ,  0.00 
 0.00 ,  0.00 ,  0.00 
 0.00 ,  0.00 ,  0.00 
2525.52 , 123.41 , 2431.02 
 0.00 , 690.08 , 462.82 
 0.00 , 795.04 , 533.81 
 0.00 , 6282.13 , 4480.00 
 0.00 , 2078.18 , 1414.70 
 0.00 , 166.16 , 110.82 
 0.00 ,  0.00 ,  0.00 
 0.00 ,  0.00 ,  0.00 
 0.00 ,  0.00 ,  0.00 
 0.00 ,  0.00 ,  0.00 
 0.00 ,  0.00 ,  0.00 
 0.00 ,  0.00 ,  0.00 
 0.00 ,  0.00 ,  0.00 
 0.00 ,  0.00 ,  0.00 
 0.00 ,  0.00 ,  0.00 
2684.28 ,  0.00 , 2496.38 
 0.00 ,  0.00 ,  0.00 
 0.00 ,  0.00 ,  0.00 
 0.00 ,  0.00 ,  0.00 
 0.00 ,  0.00 ,  0.00 
 0.00 ,  0.00 ,  0.00 
 0.00 ,  0.00 ,  0.00 
 0.00 ,  0.00 ,  0.00 
 0.00 ,  0.00 ,  0.00 
 0.00 ,  0.00 ,  0.00 
 0.00 ,  0.00 ,  0.00 
 0.00 ,  0.00 ,  0.00 
 0.00 , 4860.79 , 3411.51 
 0.00 , 1549.75 , 1048.99 
 0.00 , 730.21 , 489.94 
 0.00 ,  0.00 ,  0.00 
 0.00 ,  0.00 ,  0.00 
2573.60 ,  0.00 , 2393.45 
 0.00 ,  0.00 ,  0.00 
 0.00 ,  0.00 ,  0.00 
 0.00 ,  0.00 ,  0.00 
 0.00 ,  0.00 ,  0.00 
 0.00 ,  0.00 ,  0.00 
 0.00 ,  0.00 ,  0.00 
 0.00 ,  0.00 ,  0.00 
 0.00 ,  0.00 ,  0.00 
 0.00 ,  0.00 ,  0.00 
 0.00 ,  0.00 ,  0.00 
 0.00 ,  0.00 ,  0.00 
 0.00 ,  0.00 ,  0.00 
 0.00 ,  0.00 ,  0.00 
 0.00 ,  0.00 ,  0.00 
 0.00 ,  0.00 ,  0.00 
 0.00 ,  0.00 ,  0.00 
 0.00 ,  0.00 ,  0.00 
 0.00 ,  0.00 ,  0.00 
2655.86 , 4147.25 , 5372.29 
 0.00 , 1277.16 , 861.95 
 0.00 , 755.95 , 507.35 
 0.00 , 403.67 , 269.91 
 0.00 ,  0.00 ,  0.00 
 0.00 ,  0.00 ,  0.00 
 0.00 ,  0.00 ,  0.00 
 0.00 ,  0.00 ,  0.00 
 0.00 ,  0.00 ,  0.00 
 0.00 ,  0.00 ,  0.00 
 0.00 ,  0.00 ,  0.00 
 0.00 ,  0.00 ,  0.00 
 0.00 ,  0.00 ,  0.00 
 0.00 ,  0.00 ,  0.00 
2589.54 ,  0.00 , 2408.28 
 0.00 , 113.47 , 75.64 
 0.00 ,  0.00 ,  0.00 
 0.00 ,  0.00 ,  0.00 
 0.00 ,  0.00 ,  0.00 
 0.00 ,  0.00 ,  0.00 
 0.00 ,  0.00 ,  0.00 
 0.00 ,  0.00 ,  0.00 
 0.00 ,  0.00 ,  0.00 
 0.00 ,  0.00 ,  0.00 
 0.00 , 4705.48 , 3296.80 
 0.00 , 645.97 , 433.04 
 0.00 ,  0.00 ,  0.00 
 0.00 ,  0.00 ,  0.00 
 0.00 ,  0.00 ,  0.00 
 0.00 ,  0.00 ,  0.00 
 0.00 ,  0.00 ,  0.00 
2510.94 ,  0.00 , 2335.18 
 0.00 ,  0.00 ,  0.00 
 0.00 ,  0.00 ,  0.00 
 0.00 ,  0.00 ,  0.00 
 0.00 ,  0.00 ,  0.00 
 0.00 ,  0.00 ,  0.00 
 0.00 ,  0.00 ,  0.00 
 0.00 ,  0.00 ,  0.00 
 0.00 ,  0.00 ,  0.00 
 0.00 ,  0.00 ,  0.00 
 0.00 ,  0.00 ,  0.00 
 0.00 ,  0.00 ,  0.00 
 0.00 ,  0.00 ,  0.00 
 0.00 ,  0.00 ,  0.00 
 0.00 ,  0.00 ,  0.00 
 0.00 ,  0.00 ,  0.00 
 0.00 ,  0.00 ,  0.00 
 0.00 , 1980.71 , 1346.93 
2574.36 , 628.12 , 2815.44 
 0.00 , 646.11 , 433.13 
 0.00 , 468.41 , 313.42 
 0.00 , 356.39 , 238.18 
 0.00 ,  0.00 ,  0.00 
 0.00 ,  0.00 ,  0.00 
 0.00 ,  0.00 ,  0.00 
 0.00 ,  0.00 ,  0.00 
 0.00 ,  0.00 ,  0.00 
 0.00 ,  0.00 ,  0.00 
 0.00 ,  0.00 ,  0.00 
 0.00 ,  0.00 ,  0.00 
 0.00 ,  0.00 ,  0.00 
 0.00 ,  0.00 ,  0.00 
2543.34 ,  0.00 , 2365.30 
 0.00 ,  0.00 ,  0.00 
 0.00 ,  0.00 ,  0.00 
 0.00 ,  0.00 ,  0.00 
 0.00 ,  0.00 ,  0.00 
 0.00 ,  0.00 ,  0.00 
 0.00 ,  0.00 ,  0.00 
 0.00 ,  0.00 ,  0.00 
 0.00 ,  0.00 ,  0.00 
 0.00 , 3879.10 , 2693.06 
 0.00 , 396.57 , 265.14 
 0.00 ,  0.00 ,  0.00 
 0.00 ,  0.00 ,  0.00 
 0.00 ,  0.00 ,  0.00 
 0.00 ,  0.00 ,  0.00 
 0.00 ,  0.00 ,  0.00 
 0.00 ,  0.00 ,  0.00 
 0.00 ,  0.00 ,  0.00 
2603.77 ,  0.00 , 2421.51 
 0.00 ,  0.00 ,  0.00 
 0.00 ,  0.00 ,  0.00 
 0.00 ,  0.00 ,  0.00 
 0.00 ,  0.00 ,  0.00 
 0.00 ,  0.00 ,  0.00 
 0.00 , 264.12 , 176.34 
 0.00 ,  0.00 ,  0.00 
 0.00 ,  0.00 ,  0.00 
 0.00 ,  0.00 ,  0.00 
 0.00 ,  0.00 ,  0.00 
 0.00 ,  0.00 ,  0.00 
 0.00 ,  0.00 ,  0.00 
 0.00 ,  0.00 ,  0.00 
 0.00 ,  0.00 ,  0.00 
 0.00 , 4800.73 , 3367.10 
 0.00 , 1478.15 , 999.75 
2534.65 , 1104.64 , 3102.28 
 0.00 , 626.88 , 420.15 
 0.00 , 243.69 , 162.66 
 0.00 , 509.89 , 341.32 
 0.00 , 559.71 , 374.87 
 0.00 , 214.00 , 142.80 
 0.00 ,  0.00 ,  0.00 
 0.00 ,  0.00 ,  0.00 
 0.00 , 289.62 , 193.42 
 0.00 , 627.01 , 420.24 
 0.00 , 475.75 , 318.35 
 0.00 , 580.19 , 388.66 
 0.00 , 699.01 , 468.85 
 0.00 , 762.09 , 511.51 
2497.53 ,  0.00 , 2322.70 
 0.00 ,  0.00 ,  0.00 
 0.00 ,  0.00 ,  0.00 
 0.00 ,  0.00 ,  0.00 
 0.00 ,  0.00 ,  0.00 
 0.00 ,  0.00 ,  0.00 
 0.00 ,  0.00 ,  0.00 
 0.00 , 468.37 , 313.39 
 0.00 , 6219.08 , 4431.87 
 0.00 , 857.56 , 576.17 
 0.00 , 407.72 , 272.63 
 0.00 ,  0.00 ,  0.00 
 0.00 ,  0.00 ,  0.00 
 0.00 ,  0.00 ,  0.00 
 0.00 ,  0.00 ,  0.00 
 0.00 ,  0.00 ,  0.00 
 0.00 ,  0.00 ,  0.00 
 0.00 ,  0.00 ,  0.00 
2582.76 ,  0.00 , 2401.96 
 0.00 ,  0.00 ,  0.00 
 0.00 ,  0.00 ,  0.00 
 0.00 ,  0.00 ,  0.00 
 0.00 ,  0.00 ,  0.00 
 0.00 ,  0.00 ,  0.00 
 0.00 ,  0.00 ,  0.00 
 0.00 ,  0.00 ,  0.00 
 0.00 ,  0.00 ,  0.00 
 0.00 ,  0.00 ,  0.00 
 0.00 ,  0.00 ,  0.00 
 0.00 ,  0.00 ,  0.00 
 0.00 ,  0.00 ,  0.00 
 0.00 ,  0.00 ,  0.00 
 0.00 , 4808.46 , 3372.81 
 0.00 , 723.75 , 485.58 
 0.00 , 858.94 , 577.11 
2585.87 , 555.50 , 2777.12 
 0.00 , 567.38 , 380.03 
 0.00 , 732.06 , 491.20 
 0.00 , 963.43 , 648.04 
 0.00 , 977.57 , 657.65 
 0.00 , 707.33 , 474.48 
 0.00 , 398.55 , 266.47 
 0.00 , 67.37 , 44.89 
 0.00 , 199.02 , 132.79 
 0.00 , 324.76 , 216.97 
 0.00 , 587.06 , 393.30 
 0.00 , 766.42 , 514.44 
 0.00 , 831.05 , 558.20 
 0.00 ,  0.00 ,  0.00 
 0.00 ,  0.00 ,  0.00 
 0.00 ,  0.00 ,  0.00 
 0.00 ,  0.00 ,  0.00 
 0.00 ,  0.00 ,  0.00 
2525.52 ,  0.00 , 2348.74 
 0.00 , 366.88 , 245.21 
 0.00 , 747.23 , 501.46 
 0.00 , 6282.13 , 4480.00 
 0.00 , 2042.92 , 1390.17 
 0.00 , 1998.63 , 1359.37 
 0.00 , 1218.53 , 821.87 
 0.00 , 798.42 , 536.10 
 0.00 , 467.91 , 313.08 
 0.00 , 614.83 , 412.02 
 0.00 , 231.18 , 154.30 
 0.00 ,  0.00 ,  0.00 
 0.00 ,  0.00 ,  0.00 
 0.00 , 10.06 ,  6.70 
 0.00 , 438.60 , 293.37 
2684.28 , 548.68 , 2864.05 
 0.00 , 825.24 , 554.27 
 0.00 , 1010.86 , 680.28 
 0.00 , 1080.22 , 727.50 
 0.00 ,  0.00 ,  0.00 
 0.00 ,  0.00 ,  0.00 
 0.00 ,  0.00 ,  0.00 
 0.00 ,  0.00 ,  0.00 
 0.00 ,  0.00 ,  0.00 
 0.00 ,  0.00 ,  0.00 
 0.00 , 529.78 , 354.71 
 0.00 , 707.06 , 474.29 
 0.00 , 6282.13 , 4480.00 
 0.00 , 1473.05 , 996.25 
 0.00 , 1282.05 , 865.30 
 0.00 , 371.95 , 248.62 
 0.00 , 420.98 , 281.53 
2573.60 , 328.22 , 2612.81 
 0.00 , 74.30 , 49.51 
 0.00 , 184.68 , 123.20 
 0.00 , 355.26 , 237.42 
 0.00 , 261.74 , 174.75 
 0.00 , 335.49 , 224.16 
 0.00 , 474.24 , 317.33 
 0.00 , 593.61 , 397.71 
 0.00 , 822.89 , 552.68 
 0.00 , 967.96 , 651.11 
 0.00 , 1116.06 , 751.93 
 0.00 ,  0.00 ,  0.00 
 0.00 ,  0.00 ,  0.00 
 0.00 ,  0.00 ,  0.00 
 0.00 ,  0.00 ,  0.00 
 0.00 ,  0.00 ,  0.00 
 0.00 , 801.99 , 538.52 
 0.00 , 1017.29 , 684.66 
 0.00 , 1223.63 , 825.35 
2655.86 , 6236.73 , 6949.95 
 0.00 , 2331.63 , 1591.59 
 0.00 , 1591.97 , 1078.05 
 0.00 , 746.13 , 500.71 
 0.00 , 157.89 , 105.30 
 0.00 ,  0.00 ,  0.00 
 0.00 ,  0.00 ,  0.00 
 0.00 ,  0.00 ,  0.00 
 0.00 ,  0.00 ,  0.00 
 0.00 ,  0.00 ,  0.00 
 0.00 ,  0.00 ,  0.00 
 0.00 ,  0.00 ,  0.00 
 0.00 ,  0.00 ,  0.00 
 0.00 , 575.90 , 385.77 
2589.54 , 1040.04 , 3109.25 
 0.00 , 1188.77 , 801.54 
 0.00 ,  0.00 ,  0.00 
 0.00 ,  0.00 ,  0.00 
 0.00 ,  0.00 ,  0.00 
 0.00 ,  0.00 ,  0.00 
 0.00 , 336.60 , 224.90 
 0.00 , 942.22 , 633.63 
 0.00 , 1115.29 , 751.40 
 0.00 , 1279.68 , 863.67 
 0.00 , 6282.13 , 4480.00 
 0.00 , 1530.44 , 1035.70 
 0.00 , 1023.51 , 688.89 
 0.00 , 265.13 , 177.02 
 0.00 , 10.74 ,  7.15 
 0.00 ,  0.00 ,  0.00 
 0.00 ,  0.00 ,  0.00 
2510.94 ,  0.00 , 2335.18 
 0.00 ,  0.00 ,  0.00 
 0.00 ,  0.00 ,  0.00 
 0.00 ,  0.00 ,  0.00 
 0.00 ,  0.00 ,  0.00 
 0.00 ,  7.34 ,  4.89 
 0.00 , 954.96 , 642.28 
 0.00 , 1273.03 , 859.12 
 0.00 , 1376.78 , 930.18 
 0.00 ,  0.00 ,  0.00 
 0.00 ,  0.00 ,  0.00 
 0.00 ,  0.00 ,  0.00 
 0.00 ,  0.00 ,  0.00 
 0.00 , 570.78 , 382.33 
 0.00 , 881.38 , 592.33 
 0.00 , 909.99 , 611.74 
 0.00 , 972.53 , 654.22 
 0.00 , 6282.13 , 4480.00 
2574.36 , 2426.59 , 4056.91 
 0.00 , 1549.95 , 1049.12 
 0.00 , 1805.22 , 1225.27 
 0.00 , 1834.91 , 1245.82 
 0.00 , 1486.60 , 1005.56 
 0.00 , 1245.39 , 840.22 
 0.00 , 1290.82 , 871.30 
 0.00 , 1554.89 , 1052.52 
 0.00 , 1490.64 , 1008.33 
 0.00 , 1344.74 , 908.22 
 0.00 , 1306.61 , 882.11 
 0.00 , 1220.68 , 823.33 
 0.00 , 1411.09 , 953.71 
 0.00 , 1533.30 , 1037.66 
2543.34 , 1621.41 , 3465.64 
 0.00 ,  0.00 ,  0.00 
 0.00 ,  0.00 ,  0.00 
 0.00 ,  0.00 ,  0.00 
 0.00 , 71.23 , 47.46 
 0.00 , 1004.12 , 675.70 
 0.00 , 1171.19 , 789.54 
 0.00 , 1282.26 , 865.44 
 0.00 , 1431.59 , 967.78 
 0.00 , 6282.13 , 4480.00 
 0.00 , 2773.57 , 1902.37 
 0.00 , 2315.16 , 1580.06 
 0.00 , 1870.40 , 1270.40 
 0.00 , 1255.68 , 847.26 
 0.00 , 1403.63 , 948.59 
 0.00 , 1351.11 , 912.58 
 0.00 , 1044.06 , 702.88 
 0.00 , 658.70 , 441.63 
2603.77 , 664.81 , 2867.60 
 0.00 , 803.52 , 539.55 
 0.00 , 1124.36 , 757.59 
 0.00 , 1225.09 , 826.35 
 0.00 , 1448.68 , 979.51 
 0.00 , 1610.48 , 1090.80 
 0.00 , 1665.75 , 1128.91 
 0.00 ,  0.00 ,  0.00 
 0.00 ,  0.00 ,  0.00 
 0.00 ,  0.00 ,  0.00 
 0.00 , 438.22 , 293.12 
 0.00 , 1134.47 , 764.48 
 0.00 , 1254.98 , 846.78 
 0.00 , 1364.01 , 921.43 
 0.00 , 1511.84 , 1022.91 
 0.00 , 6282.13 , 4480.00 
 0.00 , 2524.91 , 1727.14 
2534.65 , 1732.66 , 3534.61 
 0.00 , 1442.61 , 975.34 
 0.00 , 846.87 , 568.93 
 0.00 , 548.15 , 367.07 
 0.00 , 243.71 , 162.68 
 0.00 ,  0.00 ,  0.00 
 0.00 ,  1.50 ,  1.00 
 0.00 , 77.42 , 51.59 
 0.00 , 200.86 , 134.01 
 0.00 , 324.06 , 216.50 
 0.00 , 426.91 , 285.52 
 0.00 , 928.14 , 624.07 
 0.00 , 1183.05 , 797.63 
 0.00 , 1313.94 , 887.12 
2497.53 ,  0.00 , 2322.70 
 0.00 ,  0.00 ,  0.00 
 0.00 ,  0.00 ,  0.00 
 0.00 ,  0.00 ,  0.00 
 0.00 , 642.58 , 430.75 
 0.00 , 1061.13 , 714.50 
 0.00 , 1223.31 , 825.13 
 0.00 , 1331.31 , 899.02 
 0.00 , 6282.13 , 4480.00 
 0.00 , 2131.65 , 1451.94 
 0.00 , 1196.28 , 806.66 
 0.00 , 304.60 , 203.46 
 0.00 ,  0.00 ,  0.00 
 0.00 ,  0.00 ,  0.00 
 0.00 ,  0.00 ,  0.00 
 0.00 ,  0.00 ,  0.00 
 0.00 ,  0.00 ,  0.00 
 0.00 ,  0.00 ,  0.00 
2582.76 ,  0.00 , 2401.96 
 0.00 ,  0.00 ,  0.00 
 0.00 ,  0.00 ,  0.00 
 0.00 ,  0.00 ,  0.00 
 0.00 , 567.24 , 379.94 
 0.00 , 975.86 , 656.49 
 0.00 ,  0.00 ,  0.00 
 0.00 ,  0.00 ,  0.00 
 0.00 ,  0.00 ,  0.00 
 0.00 ,  0.00 ,  0.00 
 0.00 ,  0.00 ,  0.00 
 0.00 , 737.51 , 494.88 
 0.00 , 1060.05 , 713.76 
 0.00 , 1272.28 , 858.61 
 0.00 , 6282.13 , 4480.00 
 0.00 , 2632.70 , 1802.98 
 0.00 , 1814.68 , 1231.81 
2585.87 , 833.47 , 2965.23 
 0.00 , 416.51 , 278.53 
 0.00 , 83.65 , 55.75 
 0.00 ,  1.33 ,  0.88 
 0.00 ,  0.00 ,  0.00 
 0.00 ,  0.00 ,  0.00 
 0.00 ,  0.00 ,  0.00 
 0.00 ,  0.00 ,  0.00 
 0.00 , 16.48 , 10.98 
 0.00 , 366.62 , 245.04 
 0.00 , 843.83 , 566.87 
 0.00 , 1109.19 , 747.24 
 0.00 , 1200.37 , 809.46 
 0.00 ,  0.00 ,  0.00 
 0.00 ,  0.00 ,  0.00 
 0.00 ,  0.00 ,  0.00 
 0.00 ,  0.00 ,  0.00 
 0.00 ,  0.00 ,  0.00 
2525.52 , 355.66 , 2586.52 
 0.00 , 665.76 , 446.40 
 0.00 , 772.67 , 518.67 
 0.00 , 6282.13 , 4480.00 
 0.00 , 2316.77 , 1581.19 
 0.00 , 2046.61 , 1392.73 
 0.00 , 1078.12 , 726.07 
 0.00 , 1094.58 , 737.28 
 0.00 , 1290.28 , 870.93 
 0.00 , 914.74 , 614.97 
 0.00 , 586.60 , 392.99 
 0.00 , 133.67 , 89.12 
 0.00 , 500.59 , 335.06 
 0.00 , 921.68 , 619.68 
 0.00 , 1170.58 , 789.12 
2684.28 , 800.70 , 3034.53 
 0.00 , 1010.86 , 680.29 
 0.00 , 1162.41 , 783.55 
 0.00 , 1219.93 , 822.82 
 0.00 ,  0.00 ,  0.00 
 0.00 ,  0.00 ,  0.00 
 0.00 ,  0.00 ,  0.00 
 0.00 ,  0.00 ,  0.00 
 0.00 ,  0.00 ,  0.00 
 0.00 , 132.47 , 88.32 
 0.00 , 667.80 , 447.77 
 0.00 , 773.65 , 519.33 
 0.00 , 6282.13 , 4480.00 
 0.00 , 1999.28 , 1359.83 
 0.00 , 1799.20 , 1221.10 
 0.00 , 1695.46 , 1149.41 
 0.00 , 1159.41 , 781.49 
2573.60 , 898.05 , 2997.70 
 0.00 , 849.57 , 570.76 
 0.00 , 897.81 , 603.48 
 0.00 , 892.24 , 599.70 
 0.00 , 1123.10 , 756.73 
 0.00 , 1305.19 , 881.14 
 0.00 , 1356.02 , 915.95 
 0.00 , 1229.76 , 829.54 
 0.00 , 1329.46 , 897.75 
 0.00 , 1408.56 , 951.97 
 0.00 , 1402.50 , 947.81 
 0.00 ,  0.00 ,  0.00 
 0.00 ,  0.00 ,  0.00 
 0.00 ,  0.00 ,  0.00 
 0.00 ,  0.00 ,  0.00 
 0.00 ,  0.00 ,  0.00 
 0.00 , 558.18 , 373.83 
 0.00 , 699.21 , 468.99 
 0.00 , 795.80 , 534.33 
2655.86 , 6236.73 , 6949.95 
 0.00 , 2222.38 , 1515.22 
 0.00 , 1288.46 , 869.68 
 0.00 , 1346.11 , 909.16 
 0.00 , 1358.69 , 917.78 
 0.00 , 1201.74 , 810.39 
 0.00 , 773.52 , 519.24 
 0.00 , 458.26 , 306.59 
 0.00 , 395.37 , 264.34 
 0.00 , 830.37 , 557.74 
 0.00 , 915.97 , 615.81 
 0.00 , 1079.06 , 726.71 
 0.00 , 949.32 , 638.45 
 0.00 , 1090.99 , 734.84 
2589.54 , 1192.87 , 3213.71 
 0.00 , 1288.76 , 869.89 
 0.00 ,  0.00 ,  0.00 
 0.00 ,  0.00 ,  0.00 
 0.00 ,  0.00 ,  0.00 
 0.00 ,  0.00 ,  0.00 
 0.00 ,  0.86 ,  0.57 
 0.00 , 813.13 , 546.06 
 0.00 , 982.29 , 660.86 
 0.00 , 1133.40 , 763.75 
 0.00 , 6282.13 , 4480.00 
 0.00 , 2158.96 , 1470.97 
 0.00 , 2094.39 , 1425.98 
 0.00 , 1823.36 , 1237.82 
 0.00 , 1332.38 , 899.75 
 0.00 , 1020.44 , 686.80 
 0.00 , 883.95 , 594.07 
2510.94 , 674.86 , 2788.05 
 0.00 , 271.35 , 181.18 
 0.00 ,  2.45 ,  1.63 
 0.00 ,  1.71 ,  1.14 
 0.00 , 103.27 , 68.83 
 0.00 , 266.18 , 177.72 
 0.00 , 728.43 , 488.74 
 0.00 , 976.35 , 656.82 
 0.00 , 1108.66 , 746.88 
 0.00 ,  0.00 ,  0.00 
 0.00 ,  0.00 ,  0.00 
 0.00 ,  0.00 ,  0.00 
 0.00 ,  0.00 ,  0.00 
 0.00 , 254.81 , 170.11 
 0.00 , 973.97 , 655.20 
 0.00 , 1141.82 , 769.49 
 0.00 , 1346.14 , 909.18 
 0.00 , 6282.13 , 4480.00 
2574.36 , 2477.74 , 4093.00 
 0.00 , 2128.98 , 1450.08 
 0.00 , 1829.89 , 1242.35 
 0.00 , 1463.50 , 989.68 
 0.00 , 1157.78 , 780.39 
 0.00 , 1140.46 , 768.57 
 0.00 , 1213.16 , 818.20 
 0.00 , 950.81 , 639.46 
 0.00 , 816.64 , 548.44 
 0.00 , 896.28 , 602.44 
 0.00 , 1242.07 , 837.96 
 0.00 , 1348.41 , 910.73 
 0.00 , 1540.54 , 1042.65 
 0.00 , 1666.28 , 1129.27 
2543.34 , 1766.26 , 3566.01 
 0.00 ,  0.00 ,  0.00 
 0.00 ,  0.00 ,  0.00 
 0.00 ,  0.00 ,  0.00 
 0.00 , 653.64 , 438.21 
 0.00 , 1209.71 , 815.84 
 0.00 , 1285.33 , 867.54 
 0.00 , 1394.25 , 942.16 
 0.00 , 1497.61 , 1013.12 
 0.00 , 6282.13 , 4480.00 
 0.00 , 2557.21 , 1749.85 
 0.00 , 2157.34 , 1469.84 
 0.00 , 2031.91 , 1382.51 
 0.00 , 1834.41 , 1245.47 
 0.00 , 1793.92 , 1217.45 
 0.00 , 1518.06 , 1027.19 
 0.00 , 1173.72 , 791.26 
 0.00 , 1269.07 , 856.42 
2603.77 , 1314.93 , 3310.65 
 0.00 , 1548.10 , 1047.85 
 0.00 , 1622.43 , 1099.04 
 0.00 , 1653.55 , 1120.49 
 0.00 , 1883.12 , 1279.22 
 0.00 , 2002.50 , 1362.07 
 0.00 , 2052.78 , 1397.02 
 0.00 ,  0.00 ,  0.00 
 0.00 ,  0.00 ,  0.00 
 0.00 ,  0.00 ,  0.00 
 0.00 , 1058.59 , 712.77 
 0.00 , 1242.20 , 838.04 
 0.00 , 1306.90 , 882.30 
 0.00 , 1362.01 , 920.05 
 0.00 , 1410.79 , 953.50 
 0.00 , 6282.13 , 4480.00 
 0.00 , 1652.08 , 1119.48 
2504.67 , 1059.24 , 3043.39 
 0.00 , 851.59 , 572.13 
 0.00 , 527.07 , 352.89 
 0.00 , 453.71 , 303.53 
 0.00 , 297.75 , 198.86 
 0.00 , 120.00 , 80.00 
 0.00 , 59.02 , 39.32 
 0.00 , 60.26 , 40.15 
 0.00 , 178.70 , 119.20 
 0.00 , 407.19 , 272.27 
 0.00 , 511.19 , 342.19 
 0.00 , 939.99 , 632.11 
 0.00 , 1186.28 , 799.84 
 0.00 , 1316.29 , 888.73 
 0.00 ,  0.00 ,  0.00 
 0.00 ,  0.00 ,  0.00 
2527.43 ,  0.00 , 2350.51 
 0.00 ,  0.00 ,  0.00 
 0.00 , 186.54 , 124.44 
 0.00 , 833.71 , 560.01 
 0.00 , 946.42 , 636.48 
 0.00 , 1048.90 , 706.17 
 0.00 , 6282.13 , 4480.00 
 0.00 , 1760.51 , 1194.35 
 0.00 , 582.73 , 390.38 
 0.00 , 55.80 , 37.17 
 0.00 ,  0.00 ,  0.00 
 0.00 ,  0.00 ,  0.00 
 0.00 ,  0.00 ,  0.00 
 0.00 ,  0.00 ,  0.00 
 0.00 ,  0.00 ,  0.00 
 0.00 ,  0.00 ,  0.00 
 0.00 ,  0.00 ,  0.00 
2554.41 ,  0.00 , 2375.61 
 0.00 ,  0.00 ,  0.00 
 0.00 ,  0.00 ,  0.00 
 0.00 , 228.38 , 152.42 
 0.00 , 773.92 , 519.51 
 0.00 ,  0.00 ,  0.00 
 0.00 ,  0.00 ,  0.00 
 0.00 ,  0.00 ,  0.00 
 0.00 ,  0.00 ,  0.00 
 0.00 ,  0.00 ,  0.00 
 0.00 ,  0.00 ,  0.00 
 0.00 , 52.63 , 35.06 
 0.00 , 642.03 , 430.37 
 0.00 , 6152.63 , 4381.23 
 0.00 , 1686.39 , 1143.15 
 0.00 , 1271.17 , 857.85 
 0.00 , 865.41 , 581.50 
2545.73 , 547.79 , 2734.58 
 0.00 , 195.11 , 130.17 
 0.00 ,  0.00 ,  0.00 
 0.00 ,  0.00 ,  0.00 
 0.00 ,  0.00 ,  0.00 
 0.00 ,  0.00 ,  0.00 
 0.00 ,  0.00 ,  0.00 
 0.00 ,  0.00 ,  0.00 
 0.00 ,  0.00 ,  0.00 
 0.00 ,  0.00 ,  0.00 
 0.00 ,  0.00 ,  0.00 
 0.00 , 463.80 , 310.32 
 0.00 ,  0.00 ,  0.00 
 0.00 ,  0.00 ,  0.00 
 0.00 ,  0.00 ,  0.00 
 0.00 ,  0.00 ,  0.00 
 0.00 ,  0.00 ,  0.00 
 0.00 ,  0.00 ,  0.00 
 0.00 ,  0.00 ,  0.00 
 0.00 , 616.77 , 413.33 
2743.38 , 6180.01 , 6988.67 
 0.00 , 481.82 , 322.43 
 0.00 ,  0.00 ,  0.00 
 0.00 ,  0.00 ,  0.00 
 0.00 ,  0.00 ,  0.00 
 0.00 ,  0.00 ,  0.00 
 0.00 ,  0.00 ,  0.00 
 0.00 ,  0.00 ,  0.00 
 0.00 ,  0.00 ,  0.00 
 0.00 ,  0.00 ,  0.00 
 0.00 ,  0.00 ,  0.00 
 0.00 ,  0.00 ,  0.00 
 0.00 ,  0.00 ,  0.00 
 0.00 ,  0.00 ,  0.00 
2515.27 ,  0.00 , 2339.20 
 0.00 ,  0.00 ,  0.00 
 0.00 ,  0.00 ,  0.00 
 0.00 ,  0.00 ,  0.00 
 0.00 ,  0.00 ,  0.00 
 0.00 ,  0.00 ,  0.00 
 0.00 ,  0.00 ,  0.00 
 0.00 ,  0.00 ,  0.00 
 0.00 ,  0.00 ,  0.00 
 0.00 ,  0.00 ,  0.00 
 0.00 , 4809.65 , 3373.69 
 0.00 , 226.10 , 150.90 
 0.00 , 485.70 , 325.04 
 0.00 ,  0.00 ,  0.00 
 0.00 ,  0.00 ,  0.00 
 0.00 ,  0.00 ,  0.00 
 0.00 ,  0.00 ,  0.00 
 0.00 ,  0.00 ,  0.00 
2557.75 ,  0.00 , 2378.70 
 0.00 ,  0.00 ,  0.00 
 0.00 ,  0.00 ,  0.00 
 0.00 ,  0.00 ,  0.00 
 0.00 ,  0.00 ,  0.00 
 0.00 ,  0.00 ,  0.00 
 0.00 ,  0.00 ,  0.00 
 0.00 ,  0.00 ,  0.00 
 0.00 ,  0.00 ,  0.00 
 0.00 ,  0.00 ,  0.00 
 0.00 ,  0.00 ,  0.00 
 0.00 ,  0.00 ,  0.00 
 0.00 ,  0.00 ,  0.00 
 0.00 ,  0.00 ,  0.00 
 0.00 ,  0.00 ,  0.00 
 0.00 ,  0.00 ,  0.00 
 0.00 , 4552.69 , 3184.34 
 0.00 , 1014.94 , 683.06 
2604.54 ,  0.00 , 2422.22 
 0.00 ,  0.00 ,  0.00 
 0.00 ,  0.00 ,  0.00 
 0.00 ,  0.00 ,  0.00 
 0.00 ,  0.00 ,  0.00 
 0.00 ,  0.00 ,  0.00 
 0.00 ,  0.00 ,  0.00 
 0.00 ,  0.00 ,  0.00 
 0.00 ,  0.00 ,  0.00 
 0.00 ,  0.00 ,  0.00 
 0.00 ,  0.00 ,  0.00 
 0.00 ,  0.00 ,  0.00 
 0.00 ,  0.00 ,  0.00 
 0.00 ,  0.00 ,  0.00 
 0.00 ,  0.00 ,  0.00 
 0.00 ,  0.00 ,  0.00 
2527.43 ,  0.00 , 2350.51 
 0.00 ,  0.00 ,  0.00 
 0.00 ,  0.00 ,  0.00 
 0.00 ,  0.00 ,  0.00 
 0.00 ,  0.00 ,  0.00 
 0.00 ,  0.00 ,  0.00 
 0.00 , 3908.28 , 2714.19 
 0.00 , 1342.39 , 906.61 
 0.00 , 896.83 , 602.81 
 0.00 , 279.68 , 186.76 
 0.00 , 184.68 , 123.20 
 0.00 ,  0.00 ,  0.00 
 0.00 ,  0.00 ,  0.00 
 0.00 ,  0.00 ,  0.00 
 0.00 ,  0.00 ,  0.00 
 0.00 ,  0.00 ,  0.00 
 0.00 ,  0.00 ,  0.00 
2554.41 ,  0.00 , 2375.61 
 0.00 ,  0.00 ,  0.00 
 0.00 ,  0.00 ,  0.00 
 0.00 ,  0.00 ,  0.00 
 0.00 ,  0.00 ,  0.00 
 0.00 ,  0.00 ,  0.00 
 0.00 ,  0.00 ,  0.00 
 0.00 ,  0.00 ,  0.00 
 0.00 ,  0.00 ,  0.00 
 0.00 ,  0.00 ,  0.00 
 0.00 ,  0.00 ,  0.00 
 0.00 ,  0.00 ,  0.00 
 0.00 ,  0.00 ,  0.00 
 0.00 , 5815.08 , 4125.12 
 0.00 , 289.95 , 193.64 
 0.00 ,  0.00 ,  0.00 
 0.00 ,  0.00 ,  0.00 
2545.73 ,  0.00 , 2367.53 
 0.00 ,  0.00 ,  0.00 
 0.00 ,  0.00 ,  0.00 
 0.00 ,  0.00 ,  0.00 
 0.00 ,  0.00 ,  0.00 
 0.00 ,  0.00 ,  0.00 
 0.00 ,  0.00 ,  0.00 
 0.00 ,  0.00 ,  0.00 
 0.00 ,  0.00 ,  0.00 
 0.00 ,  0.00 ,  0.00 
 0.00 ,  0.00 ,  0.00 
 0.00 ,  0.00 ,  0.00 
 0.00 ,  0.00 ,  0.00 
 0.00 ,  0.00 ,  0.00 
 0.00 ,  0.00 ,  0.00 
 0.00 ,  0.00 ,  0.00 
 0.00 ,  0.00 ,  0.00 
 0.00 ,  0.00 ,  0.00 
 0.00 ,  0.00 ,  0.00 
 0.00 , 433.90 , 290.22 
2743.38 , 6068.80 , 6902.67 
 0.00 , 633.54 , 424.65 
 0.00 , 186.92 , 124.69 
 0.00 , 31.73 , 21.13 
 0.00 ,  0.00 ,  0.00 
 0.00 ,  0.00 ,  0.00 
 0.00 ,  0.00 ,  0.00 
 0.00 ,  0.00 ,  0.00 
 0.00 ,  0.00 ,  0.00 
 0.00 ,  0.00 ,  0.00 
 0.00 ,  0.00 ,  0.00 
 0.00 ,  0.00 ,  0.00 
 0.00 ,  0.00 ,  0.00 
 0.00 ,  0.00 ,  0.00 
2515.27 , 270.15 , 2519.63 
 0.00 , 881.08 , 592.13 
 0.00 ,  0.00 ,  0.00 
 0.00 ,  0.00 ,  0.00 
 0.00 ,  0.00 ,  0.00 
 0.00 ,  0.00 ,  0.00 
 0.00 ,  0.00 ,  0.00 
 0.00 ,  0.00 ,  0.00 
 0.00 , 579.40 , 388.13 
 0.00 , 691.34 , 463.67 
 0.00 , 6272.81 , 4472.88 
 0.00 , 1826.94 , 1240.30 
 0.00 , 741.24 , 497.40 
 0.00 , 1026.00 , 690.59 
 0.00 , 1197.38 , 807.42 
 0.00 , 1547.84 , 1047.67 
 0.00 , 1253.62 , 845.85 
 0.00 , 819.95 , 550.69 
2557.75 , 623.38 , 2796.79 
 0.00 , 503.20 , 336.81 
 0.00 , 813.95 , 546.62 
 0.00 , 1033.54 , 695.72 
 0.00 , 1078.12 , 726.07 
 0.00 , 1194.94 , 805.75 
 0.00 , 1331.20 , 898.94 
 0.00 , 1348.06 , 910.49 
 0.00 ,  0.00 ,  0.00 
 0.00 ,  0.00 ,  0.00 
 0.00 ,  0.00 ,  0.00 
 0.00 ,  0.00 ,  0.00 
 0.00 ,  0.00 ,  0.00 
 0.00 , 532.17 , 356.32 
 0.00 , 729.02 , 489.14 
 0.00 , 790.79 , 530.94 
 0.00 , 6282.13 , 4480.00 
 0.00 , 2088.67 , 1422.00 
2604.54 , 1402.11 , 3371.30 
 0.00 , 561.65 , 376.17 
 0.00 , 907.03 , 609.74 
 0.00 , 700.66 , 469.97 
 0.00 , 436.31 , 291.84 
 0.00 , 333.93 , 223.11 
 0.00 , 406.76 , 271.98 
 0.00 , 450.00 , 301.04 
 0.00 , 519.79 , 347.98 
 0.00 , 731.58 , 490.87 
 0.00 , 733.34 , 492.06 
 0.00 , 958.13 , 644.44 
 0.00 , 1098.95 , 740.26 
 0.00 , 1207.84 , 814.56 
 0.00 ,  0.00 ,  0.00 
 0.00 ,  0.00 ,  0.00 
2527.43 ,  0.00 , 2350.51 
 0.00 ,  0.00 ,  0.00 
 0.00 ,  0.00 ,  0.00 
 0.00 , 649.51 , 435.42 
 0.00 , 899.04 , 604.31 
 0.00 , 1007.92 , 678.29 
 0.00 , 6282.13 , 4480.00 
 0.00 , 2439.01 , 1666.82 
 0.00 , 2256.36 , 1538.95 
 0.00 , 2032.36 , 1382.82 
 0.00 , 1780.61 , 1208.24 
 0.00 , 1851.00 , 1256.96 
 0.00 , 1676.29 , 1136.18 
 0.00 , 1419.02 , 959.15 
 0.00 , 1404.70 , 949.32 
 0.00 , 1577.35 , 1067.98 
 0.00 , 1606.76 , 1088.24 
2554.41 , 1640.07 , 3488.87 
 0.00 , 1519.21 , 1027.98 
 0.00 , 1601.98 , 1084.94 
 0.00 , 1687.02 , 1143.59 
 0.00 , 1736.68 , 1177.88 
 0.00 ,  0.00 ,  0.00 
 0.00 ,  0.00 ,  0.00 
 0.00 ,  0.00 ,  0.00 
 0.00 , 162.48 , 108.37 
 0.00 , 932.13 , 626.77 
 0.00 , 1001.82 , 674.13 
 0.00 , 1059.59 , 713.45 
 0.00 , 1110.09 , 747.86 
 0.00 , 6282.13 , 4480.00 
 0.00 , 1850.39 , 1256.54 
 0.00 , 1984.76 , 1349.74 
 0.00 , 1802.28 , 1223.23 
2545.73 , 813.86 , 2914.59 
 0.00 , 616.57 , 413.20 
 0.00 , 411.82 , 275.38 
 0.00 , 478.99 , 320.53 
 0.00 , 630.43 , 422.55 
 0.00 , 838.55 , 563.29 
 0.00 , 934.16 , 628.15 
 0.00 , 1191.62 , 803.48 
 0.00 , 1180.16 , 795.66 
 0.00 , 1209.62 , 815.78 
 0.00 , 1350.84 , 912.40 
 0.00 , 1409.77 , 952.80 
 0.00 ,  0.00 ,  0.00 
 0.00 ,  0.00 ,  0.00 
 0.00 ,  0.00 ,  0.00 
 0.00 ,  0.00 ,  0.00 
 0.00 , 327.24 , 218.63 
 0.00 , 839.62 , 564.01 
 0.00 , 948.06 , 637.60 
 0.00 , 1047.54 , 705.25 
2743.38 , 6235.08 , 7031.34 
 0.00 , 2293.08 , 1564.62 
 0.00 , 1659.61 , 1124.67 
 0.00 , 1635.48 , 1108.03 
 0.00 , 1537.09 , 1040.27 
 0.00 , 1333.67 , 900.63 
 0.00 , 1200.11 , 809.28 
 0.00 , 1353.32 , 914.10 
 0.00 , 1439.22 , 973.01 
 0.00 , 1236.94 , 834.45 
 0.00 , 1573.69 , 1065.47 
 0.00 , 1706.47 , 1157.01 
 0.00 , 1527.95 , 1033.99 
 0.00 , 1608.08 , 1089.15 
2515.27 , 1696.68 , 3491.62 
 0.00 , 1736.05 , 1177.44 
 0.00 ,  0.00 ,  0.00 
 0.00 ,  0.00 ,  0.00 
 0.00 ,  0.00 ,  0.00 
 0.00 ,  2.74 ,  1.83 
 0.00 , 839.24 , 563.75 
 0.00 , 910.21 , 611.89 
 0.00 , 1008.56 , 678.72 
 0.00 , 1056.22 , 711.16 
 0.00 , 6282.13 , 4480.00 
 0.00 , 955.52 , 642.67 
 0.00 , 293.37 , 195.93 
 0.00 ,  0.00 ,  0.00 
 0.00 ,  0.00 ,  0.00 
 0.00 ,  0.00 ,  0.00 
 0.00 ,  0.00 ,  0.00 
 0.00 ,  0.00 ,  0.00 
2557.75 ,  0.00 , 2378.70 
 0.00 ,  0.00 ,  0.00 
 0.00 ,  0.00 ,  0.00 
 0.00 ,  0.00 ,  0.00 
 0.00 ,  0.00 ,  0.00 
 0.00 ,  0.00 ,  0.00 
 0.00 ,  0.00 ,  0.00 
 0.00 , 394.77 , 263.94 
 0.00 ,  0.00 ,  0.00 
 0.00 ,  0.00 ,  0.00 
 0.00 ,  0.00 ,  0.00 
 0.00 ,  0.00 ,  0.00 
 0.00 ,  0.00 ,  0.00 
 0.00 ,  0.00 ,  0.00 
 0.00 ,  0.00 ,  0.00 
 0.00 ,  0.00 ,  0.00 
 0.00 , 5962.68 , 4236.87 
 0.00 , 1888.15 , 1282.70 
2604.54 , 1715.47 , 3587.76 
 0.00 , 1572.35 , 1064.54 
 0.00 , 1422.89 , 961.81 
 0.00 , 1307.70 , 882.85 
 0.00 , 1058.89 , 712.98 
 0.00 , 762.33 , 511.67 
 0.00 , 875.91 , 588.62 
 0.00 , 965.92 , 649.73 
 0.00 , 986.08 , 663.43 
 0.00 , 716.52 , 480.69 
 0.00 , 688.26 , 461.59 
 0.00 , 900.18 , 605.08 
 0.00 , 1017.30 , 684.67 
 0.00 , 1020.11 , 686.58 
 0.00 ,  0.00 ,  0.00 
 0.00 ,  0.00 ,  0.00 
2527.43 ,  0.00 , 2350.51 
 0.00 ,  0.00 ,  0.00 
 0.00 ,  0.00 ,  0.00 
 0.00 ,  0.00 ,  0.00 
 0.00 ,  0.00 ,  0.00 
 0.00 , 437.30 , 292.50 
 0.00 , 5964.28 , 4238.08 
 0.00 , 1735.07 , 1176.76 
 0.00 , 1406.90 , 950.83 
 0.00 , 1308.25 , 883.23 
 0.00 , 1269.14 , 856.46 
 0.00 , 1039.12 , 699.52 
 0.00 , 803.37 , 539.45 
 0.00 , 589.30 , 394.81 
 0.00 , 785.45 , 527.32 
 0.00 , 747.62 , 501.72 
 0.00 , 1079.50 , 727.01 
2554.41 , 1165.59 , 3162.35 
 0.00 , 1067.98 , 719.16 
 0.00 , 1101.89 , 742.26 
 0.00 , 1169.53 , 788.40 
 0.00 , 1206.34 , 813.54 
 0.00 ,  0.00 ,  0.00 
 0.00 ,  0.00 ,  0.00 
 0.00 ,  0.00 ,  0.00 
 0.00 ,  0.00 ,  0.00 
 0.00 ,  0.00 ,  0.00 
 0.00 , 335.33 , 224.05 
 0.00 , 776.08 , 520.97 
 0.00 , 928.71 , 624.46 
 0.00 , 6282.13 , 4480.00 
 0.00 , 2094.65 , 1426.17 
 0.00 , 1558.32 , 1054.89 
 0.00 , 1371.18 , 926.34 
2545.73 , 758.12 , 2876.78 
 0.00 , 343.23 , 229.35 
 0.00 , 216.05 , 144.17 
 0.00 , 82.84 , 55.20 
 0.00 , 82.73 , 55.13 
 0.00 , 12.23 ,  8.15 
 0.00 , 67.92 , 45.25 
 0.00 , 338.24 , 226.00 
 0.00 , 257.16 , 171.68 
 0.00 , 596.81 , 399.87 
 0.00 , 890.02 , 598.19 
 0.00 , 1021.48 , 687.51 
 0.00 ,  0.00 ,  0.00 
 0.00 ,  0.00 ,  0.00 
 0.00 ,  0.00 ,  0.00 
 0.00 ,  0.00 ,  0.00 
 0.00 ,  0.00 ,  0.00 
 0.00 ,  0.00 ,  0.00 
 0.00 , 461.21 , 308.57 
 0.00 , 725.47 , 486.74 
2743.38 , 6016.84 , 6862.58 
 0.00 , 898.18 , 603.72 
 0.00 , 703.13 , 471.64 
 0.00 , 425.44 , 284.53 
 0.00 , 215.35 , 143.70 
 0.00 ,  0.00 ,  0.00 
 0.00 ,  0.00 ,  0.00 
 0.00 ,  0.00 ,  0.00 
 0.00 ,  0.00 ,  0.00 
 0.00 ,  0.00 ,  0.00 
 0.00 ,  0.00 ,  0.00 
 0.00 ,  0.00 ,  0.00 
 0.00 ,  0.00 ,  0.00 
 0.00 ,  0.00 ,  0.00 
2515.27 ,  0.00 , 2339.20 
 0.00 ,  0.00 ,  0.00 
 0.00 ,  0.00 ,  0.00 
 0.00 ,  0.00 ,  0.00 
 0.00 ,  0.00 ,  0.00 
 0.00 ,  0.00 ,  0.00 
 0.00 ,  0.00 ,  0.00 
 0.00 ,  0.00 ,  0.00 
 0.00 ,  0.00 ,  0.00 
 0.00 ,  0.00 ,  0.00 
 0.00 , 3205.62 , 2209.10 
 0.00 , 589.11 , 394.68 
 0.00 , 377.25 , 252.17 
 0.00 , 89.68 , 59.77 
 0.00 ,  0.00 ,  0.00 
 0.00 ,  0.00 ,  0.00 
 0.00 ,  0.00 ,  0.00 
 0.00 ,  0.00 ,  0.00 
2557.75 ,  0.00 , 2378.70 
 0.00 ,  0.00 ,  0.00 
 0.00 ,  0.00 ,  0.00 
 0.00 ,  0.00 ,  0.00 
 0.00 ,  0.00 ,  0.00 
 0.00 ,  0.00 ,  0.00 
 0.00 ,  0.00 ,  0.00 
 0.00 ,  0.00 ,  0.00 
 0.00 ,  0.00 ,  0.00 
 0.00 ,  0.00 ,  0.00 
 0.00 ,  0.00 ,  0.00 
 0.00 ,  0.00 ,  0.00 
 0.00 ,  0.00 ,  0.00 
 0.00 ,  0.00 ,  0.00 
 0.00 ,  0.00 ,  0.00 
 0.00 ,  0.00 ,  0.00 
 0.00 , 2873.95 , 1973.38 
 0.00 ,  0.00 ,  0.00 
2604.54 ,  0.00 , 2422.22 
 0.00 ,  0.00 ,  0.00 
 0.00 ,  0.00 ,  0.00 
 0.00 ,  0.00 ,  0.00 
 0.00 ,  0.00 ,  0.00 
 0.00 ,  0.00 ,  0.00 
 0.00 ,  0.00 ,  0.00 
 0.00 ,  0.00 ,  0.00 
 0.00 ,  0.00 ,  0.00 
 0.00 ,  0.00 ,  0.00 
 0.00 ,  0.00 ,  0.00 
 0.00 ,  0.00 ,  0.00 
 0.00 ,  0.00 ,  0.00 
 0.00 ,  0.00 ,  0.00 
 0.00 ,  0.00 ,  0.00 
 0.00 ,  0.00 ,  0.00 
2527.43 ,  0.00 , 2350.51 
 0.00 ,  0.00 ,  0.00 
 0.00 ,  0.00 ,  0.00 
 0.00 ,  0.00 ,  0.00 
 0.00 ,  0.00 ,  0.00 
 0.00 ,  0.00 ,  0.00 
 0.00 ,  0.00 ,  0.00 
 0.00 , 48.42 , 32.25 
 0.00 ,  0.00 ,  0.00 
 0.00 ,  0.00 ,  0.00 
 0.00 ,  0.00 ,  0.00 
 0.00 ,  0.00 ,  0.00 
 0.00 ,  0.00 ,  0.00 
 0.00 ,  0.00 ,  0.00 
 0.00 ,  0.00 ,  0.00 
 0.00 ,  0.00 ,  0.00 
 0.00 ,  0.00 ,  0.00 
2554.41 ,  0.00 , 2375.61 
 0.00 ,  0.00 ,  0.00 
 0.00 ,  0.00 ,  0.00 
 0.00 ,  0.00 ,  0.00 
 0.00 ,  0.00 ,  0.00 
 0.00 ,  0.00 ,  0.00 
 0.00 ,  0.00 ,  0.00 
 0.00 ,  0.00 ,  0.00 
 0.00 ,  0.00 ,  0.00 
 0.00 ,  0.00 ,  0.00 
 0.00 ,  0.00 ,  0.00 
 0.00 ,  0.00 ,  0.00 
 0.00 ,  0.00 ,  0.00 
 0.00 , 1124.87 , 757.93 
 0.00 ,  0.00 ,  0.00 
 0.00 ,  0.00 ,  0.00 
 0.00 ,  0.00 ,  0.00 
2545.73 ,  0.00 , 2367.53 
 0.00 ,  0.00 ,  0.00 
 0.00 ,  0.00 ,  0.00 
 0.00 ,  0.00 ,  0.00 
 0.00 ,  0.00 ,  0.00 
 0.00 ,  0.00 ,  0.00 
 0.00 ,  0.00 ,  0.00 
 0.00 ,  0.00 ,  0.00 
 0.00 ,  0.00 ,  0.00 
 0.00 ,  0.00 ,  0.00 
 0.00 ,  0.00 ,  0.00 
 0.00 ,  0.00 ,  0.00 
 0.00 ,  0.00 ,  0.00 
 0.00 ,  0.00 ,  0.00 
 0.00 ,  0.00 ,  0.00 
 0.00 ,  0.00 ,  0.00 
 0.00 ,  0.00 ,  0.00 
 0.00 ,  0.00 ,  0.00 
 0.00 ,  0.00 ,  0.00 
 0.00 ,  0.00 ,  0.00 
2743.38 , 2057.30 , 3955.05 
 0.00 , 401.06 , 268.16 
 0.00 ,  0.00 ,  0.00 
 0.00 ,  0.00 ,  0.00 
 0.00 ,  0.00 ,  0.00 
 0.00 ,  0.00 ,  0.00 
 0.00 ,  0.00 ,  0.00 
 0.00 ,  0.00 ,  0.00 
 0.00 ,  0.00 ,  0.00 
 0.00 ,  0.00 ,  0.00 
 0.00 ,  0.00 ,  0.00 
 0.00 ,  0.00 ,  0.00 
 0.00 ,  0.00 ,  0.00 
 0.00 ,  0.00 ,  0.00 
2515.27 ,  0.00 , 2339.20 
 0.00 ,  0.00 ,  0.00 
 0.00 ,  0.00 ,  0.00 
 0.00 ,  0.00 ,  0.00 
 0.00 ,  0.00 ,  0.00 
 0.00 ,  0.00 ,  0.00 
 0.00 ,  0.00 ,  0.00 
 0.00 ,  0.00 ,  0.00 
 0.00 ,  0.00 ,  0.00 
 0.00 ,  0.00 ,  0.00 
 0.00 , 1766.68 , 1198.61 
 0.00 ,  0.00 ,  0.00 
 0.00 ,  0.00 ,  0.00 
 0.00 ,  0.00 ,  0.00 
 0.00 ,  0.00 ,  0.00 
 0.00 ,  0.00 ,  0.00 
 0.00 ,  0.00 ,  0.00 
 0.00 ,  0.00 ,  0.00 
2557.75 ,  0.00 , 2378.70 
 0.00 ,  0.00 ,  0.00 
 0.00 ,  0.00 ,  0.00 
 0.00 ,  0.00 ,  0.00 
 0.00 ,  0.00 ,  0.00 
 0.00 ,  0.00 ,  0.00 
 0.00 ,  0.00 ,  0.00 
 0.00 ,  0.00 ,  0.00 
 0.00 ,  0.00 ,  0.00 
 0.00 ,  0.00 ,  0.00 
 0.00 ,  0.00 ,  0.00 
 0.00 ,  0.00 ,  0.00 
 0.00 ,  0.00 ,  0.00 
 0.00 ,  0.00 ,  0.00 
 0.00 ,  0.00 ,  0.00 
 0.00 ,  0.00 ,  0.00 
 0.00 ,  0.00 ,  0.00 
 0.00 ,  0.00 ,  0.00 
2604.54 ,  0.00 , 2422.22 
 0.00 ,  0.00 ,  0.00 
 0.00 ,  0.00 ,  0.00 
 0.00 ,  0.00 ,  0.00 
 0.00 ,  0.00 ,  0.00 
 0.00 ,  0.00 ,  0.00 
 0.00 ,  0.00 ,  0.00 
 0.00 ,  0.00 ,  0.00 
 0.00 ,  0.00 ,  0.00 
 0.00 ,  0.00 ,  0.00 
 0.00 ,  0.00 ,  0.00 
 0.00 ,  0.00 ,  0.00 
 0.00 ,  0.00 ,  0.00 
 0.00 ,  0.00 ,  0.00 
 0.00 ,  0.00 ,  0.00 
 0.00 ,  0.00 ,  0.00 
2527.43 ,  0.00 , 2350.51 
 0.00 ,  0.00 ,  0.00 
 0.00 ,  0.00 ,  0.00 
 0.00 ,  0.00 ,  0.00 
 0.00 ,  0.00 ,  0.00 
 0.00 ,  0.00 ,  0.00 
 0.00 ,  0.00 ,  0.00 
 0.00 ,  0.00 ,  0.00 
 0.00 ,  0.00 ,  0.00 
 0.00 ,  0.00 ,  0.00 
 0.00 ,  0.00 ,  0.00 
 0.00 ,  0.00 ,  0.00 
 0.00 ,  0.00 ,  0.00 
 0.00 ,  0.00 ,  0.00 
 0.00 ,  0.00 ,  0.00 
 0.00 ,  0.00 ,  0.00 
 0.00 ,  0.00 ,  0.00 
2554.41 ,  0.00 , 2375.61 
 0.00 ,  0.00 ,  0.00 
 0.00 ,  0.00 ,  0.00 
 0.00 ,  0.00 ,  0.00 
 0.00 ,  0.00 ,  0.00 
 0.00 ,  0.00 ,  0.00 
 0.00 ,  0.00 ,  0.00 
 0.00 ,  0.00 ,  0.00 
 0.00 ,  0.00 ,  0.00 
 0.00 ,  0.00 ,  0.00 
 0.00 ,  0.00 ,  0.00 
 0.00 ,  0.00 ,  0.00 
 0.00 ,  0.00 ,  0.00 
 0.00 ,  0.00 ,  0.00 
 0.00 ,  0.00 ,  0.00 
 0.00 ,  0.00 ,  0.00 
 0.00 ,  0.00 ,  0.00 
2545.73 ,  0.00 , 2367.53 
 0.00 ,  0.00 ,  0.00 
 0.00 ,  0.00 ,  0.00 
 0.00 ,  0.00 ,  0.00 
 0.00 ,  0.00 ,  0.00 
 0.00 ,  0.00 ,  0.00 
 0.00 ,  0.00 ,  0.00 
 0.00 ,  0.00 ,  0.00 
 0.00 ,  0.00 ,  0.00 
 0.00 ,  0.00 ,  0.00 
 0.00 ,  0.00 ,  0.00 
 0.00 ,  0.00 ,  0.00 
 0.00 ,  0.00 ,  0.00 
 0.00 ,  0.00 ,  0.00 
 0.00 ,  0.00 ,  0.00 
 0.00 ,  0.00 ,  0.00 
 0.00 ,  0.00 ,  0.00 
 0.00 ,  0.00 ,  0.00 
 0.00 ,  0.00 ,  0.00 
 0.00 ,  0.00 ,  0.00 
2743.38 ,  0.00 , 2551.34 
 0.00 ,  0.00 ,  0.00 
 0.00 ,  0.00 ,  0.00 
 0.00 ,  0.00 ,  0.00 
 0.00 ,  0.00 ,  0.00 
 0.00 ,  0.00 ,  0.00 
 0.00 ,  0.00 ,  0.00 
 0.00 ,  0.00 ,  0.00 
 0.00 ,  0.00 ,  0.00 
 0.00 ,  0.00 ,  0.00 
 0.00 ,  0.00 ,  0.00 
 0.00 ,  0.00 ,  0.00 
 0.00 ,  0.00 ,  0.00 
 0.00 ,  0.00 ,  0.00 
2515.27 ,  0.00 , 2339.20 
 0.00 ,  0.00 ,  0.00 
 0.00 ,  0.00 ,  0.00 
 0.00 ,  0.00 ,  0.00 
 0.00 ,  0.00 ,  0.00 
 0.00 ,  0.00 ,  0.00 
 0.00 ,  0.00 ,  0.00 
 0.00 ,  0.00 ,  0.00 
 0.00 ,  0.00 ,  0.00 
 0.00 ,  0.00 ,  0.00 
 0.00 ,  0.00 ,  0.00 
 0.00 ,  0.00 ,  0.00 
 0.00 ,  0.00 ,  0.00 
 0.00 ,  0.00 ,  0.00 
 0.00 ,  0.00 ,  0.00 
 0.00 ,  0.00 ,  0.00 
 0.00 ,  0.00 ,  0.00 
 0.00 ,  0.00 ,  0.00 
2557.75 ,  0.00 , 2378.70 
 0.00 ,  0.00 ,  0.00 
 0.00 ,  0.00 ,  0.00 
 0.00 ,  0.00 ,  0.00 
 0.00 ,  0.00 ,  0.00 
 0.00 ,  0.00 ,  0.00 
 0.00 ,  0.00 ,  0.00 
 0.00 ,  0.00 ,  0.00 
 0.00 ,  0.00 ,  0.00 
 0.00 ,  0.00 ,  0.00 
 0.00 ,  0.00 ,  0.00 
 0.00 ,  0.00 ,  0.00 
 0.00 ,  0.00 ,  0.00 
 0.00 ,  0.00 ,  0.00 
 0.00 ,  0.00 ,  0.00 
 0.00 ,  0.00 ,  0.00 
 0.00 , 564.47 , 378.07 
 0.00 ,  0.00 ,  0.00 
2604.54 ,  0.00 , 2422.22 
 0.00 ,  0.00 ,  0.00 
 0.00 ,  0.00 ,  0.00 
 0.00 ,  0.00 ,  0.00 
 0.00 ,  0.00 ,  0.00 
 0.00 ,  0.00 ,  0.00 
 0.00 ,  0.00 ,  0.00 
 0.00 ,  0.00 ,  0.00 
 0.00 ,  0.00 ,  0.00 
 0.00 ,  0.00 ,  0.00 
 0.00 ,  0.00 ,  0.00 
 0.00 ,  0.00 ,  0.00 
 0.00 ,  0.00 ,  0.00 
 0.00 ,  0.00 ,  0.00 
 0.00 ,  0.00 ,  0.00 
 0.00 ,  0.00 ,  0.00 
2525.87 ,  0.00 , 2349.06 
 0.00 ,  0.00 ,  0.00 
 0.00 ,  0.00 ,  0.00 
 0.00 ,  0.00 ,  0.00 
 0.00 ,  0.00 ,  0.00 
 0.00 ,  0.00 ,  0.00 
 0.00 ,  0.00 ,  0.00 
 0.00 ,  0.00 ,  0.00 
 0.00 ,  0.00 ,  0.00 
 0.00 ,  0.00 ,  0.00 
 0.00 ,  0.00 ,  0.00 
 0.00 ,  0.00 ,  0.00 
 0.00 ,  0.00 ,  0.00 
 0.00 ,  0.00 ,  0.00 
 0.00 ,  0.00 ,  0.00 
 0.00 ,  0.00 ,  0.00 
 0.00 ,  0.00 ,  0.00 
 0.00 ,  0.00 ,  0.00 
2648.73 ,  0.00 , 2463.32 
 0.00 ,  0.00 ,  0.00 
 0.00 ,  0.00 ,  0.00 
 0.00 ,  0.00 ,  0.00 
 0.00 ,  0.00 ,  0.00 
 0.00 ,  0.00 ,  0.00 
 0.00 ,  0.00 ,  0.00 
 0.00 ,  0.00 ,  0.00 
 0.00 ,  0.00 ,  0.00 
 0.00 ,  0.00 ,  0.00 
 0.00 ,  0.00 ,  0.00 
 0.00 ,  0.00 ,  0.00 
 0.00 ,  0.00 ,  0.00 
 0.00 ,  0.00 ,  0.00 
 0.00 ,  0.00 ,  0.00 
 0.00 ,  0.00 ,  0.00 
 0.00 ,  0.00 ,  0.00 
 0.00 ,  0.00 ,  0.00 
2558.41 ,  0.00 , 2379.32 
 0.00 ,  0.00 ,  0.00 
 0.00 ,  0.00 ,  0.00 
 0.00 ,  0.00 ,  0.00 
 0.00 ,  0.00 ,  0.00 
 0.00 ,  0.00 ,  0.00 
 0.00 ,  0.00 ,  0.00 
 0.00 ,  0.00 ,  0.00 
 0.00 ,  0.00 ,  0.00 
 0.00 ,  0.00 ,  0.00 
 0.00 ,  0.00 ,  0.00 
 0.00 ,  0.00 ,  0.00 
 0.00 ,  0.00 ,  0.00 
 0.00 ,  0.00 ,  0.00 
 0.00 ,  0.00 ,  0.00 
 0.00 ,  0.00 ,  0.00 
 0.00 ,  0.00 ,  0.00 
 0.00 ,  0.00 ,  0.00 
 0.00 ,  0.00 ,  0.00 
2540.45 ,  0.00 , 2362.62 
 0.00 ,  0.00 ,  0.00 
 0.00 ,  0.00 ,  0.00 
 0.00 ,  0.00 ,  0.00 
 0.00 ,  0.00 ,  0.00 
 0.00 ,  0.00 ,  0.00 
 0.00 ,  0.00 ,  0.00 
 0.00 ,  0.00 ,  0.00 
 0.00 ,  0.00 ,  0.00 
 0.00 ,  0.00 ,  0.00 
 0.00 ,  0.00 ,  0.00 
 0.00 ,  0.00 ,  0.00 
 0.00 ,  0.00 ,  0.00 
 0.00 ,  0.00 ,  0.00 
 0.00 ,  0.00 ,  0.00 
2515.61 ,  0.00 , 2339.52 
 0.00 ,  0.00 ,  0.00 
 0.00 ,  0.00 ,  0.00 
 0.00 ,  0.00 ,  0.00 
 0.00 ,  0.00 ,  0.00 
 0.00 ,  0.00 ,  0.00 
 0.00 ,  0.00 ,  0.00 
 0.00 ,  0.00 ,  0.00 
 0.00 ,  0.00 ,  0.00 
 0.00 ,  0.00 ,  0.00 
 0.00 ,  0.00 ,  0.00 
 0.00 ,  0.00 ,  0.00 
 0.00 ,  0.00 ,  0.00 
 0.00 ,  0.00 ,  0.00 
 0.00 ,  0.00 ,  0.00 
 0.00 ,  0.00 ,  0.00 
 0.00 ,  0.00 ,  0.00 
 0.00 ,  0.00 ,  0.00 
 0.00 ,  0.00 ,  0.00 
2571.76 ,  0.00 , 2391.74 
 0.00 ,  0.00 ,  0.00 
 0.00 ,  0.00 ,  0.00 
 0.00 ,  0.00 ,  0.00 
 0.00 ,  0.00 ,  0.00 
 0.00 ,  0.00 ,  0.00 
 0.00 ,  0.00 ,  0.00 
 0.00 ,  0.00 ,  0.00 
 0.00 ,  0.00 ,  0.00 
 0.00 ,  0.00 ,  0.00 
 0.00 ,  0.00 ,  0.00 
 0.00 ,  0.00 ,  0.00 
 0.00 ,  0.00 ,  0.00 
 0.00 ,  0.00 ,  0.00 
 0.00 ,  0.00 ,  0.00 
 0.00 ,  0.00 ,  0.00 
 0.00 ,  0.00 ,  0.00 
 0.00 ,  0.00 ,  0.00 
2594.90 ,  0.00 , 2413.26 
 0.00 ,  0.00 ,  0.00 
 0.00 ,  0.00 ,  0.00 
 0.00 ,  0.00 ,  0.00 
 0.00 ,  0.00 ,  0.00 
 0.00 ,  0.00 ,  0.00 
 0.00 ,  0.00 ,  0.00 
 0.00 ,  0.00 ,  0.00 
 0.00 ,  0.00 ,  0.00 
 0.00 ,  0.00 ,  0.00 
 0.00 ,  0.00 ,  0.00 
 0.00 ,  0.00 ,  0.00 
 0.00 ,  0.00 ,  0.00 
 0.00 ,  0.00 ,  0.00 
 0.00 ,  0.00 ,  0.00 
 0.00 ,  0.00 ,  0.00 
 0.00 ,  0.00 ,  0.00 
 0.00 ,  0.00 ,  0.00 
 0.00 ,  0.00 ,  0.00 
 0.00 ,  0.00 ,  0.00 
2687.71 ,  0.00 , 2499.57 
 0.00 ,  0.00 ,  0.00 
 0.00 ,  0.00 ,  0.00 
 0.00 ,  0.00 ,  0.00 
 0.00 ,  0.00 ,  0.00 
 0.00 ,  0.00 ,  0.00 
 0.00 ,  0.00 ,  0.00 
 0.00 ,  0.00 ,  0.00 
 0.00 ,  0.00 ,  0.00 
 0.00 ,  0.00 ,  0.00 
 0.00 ,  0.00 ,  0.00 
 0.00 ,  0.00 ,  0.00 
 0.00 ,  0.00 ,  0.00 
 0.00 ,  0.00 ,  0.00 
 0.00 ,  0.00 ,  0.00 
2515.61 ,  0.00 , 2339.52 
 0.00 ,  0.00 ,  0.00 
 0.00 ,  0.00 ,  0.00 
 0.00 ,  0.00 ,  0.00 
 0.00 ,  0.00 ,  0.00 
 0.00 ,  0.00 ,  0.00 
 0.00 ,  0.00 ,  0.00 
 0.00 ,  0.00 ,  0.00 
 0.00 ,  0.00 ,  0.00 
 0.00 ,  0.00 ,  0.00 
 0.00 ,  0.00 ,  0.00 
 0.00 ,  0.00 ,  0.00 
 0.00 ,  0.00 ,  0.00 
 0.00 ,  0.00 ,  0.00 
 0.00 ,  0.00 ,  0.00 
 0.00 ,  0.00 ,  0.00 
 0.00 ,  0.00 ,  0.00 
 0.00 ,  0.00 ,  0.00 
 0.00 ,  0.00 ,  0.00 
2571.76 ,  0.00 , 2391.74 
 0.00 ,  0.00 ,  0.00 
 0.00 ,  0.00 ,  0.00 
 0.00 ,  0.00 ,  0.00 
 0.00 ,  0.00 ,  0.00 
 0.00 ,  0.00 ,  0.00 
 0.00 ,  0.00 ,  0.00 
 0.00 ,  0.00 ,  0.00 
 0.00 ,  0.00 ,  0.00 
 0.00 ,  0.00 ,  0.00 
 0.00 ,  0.00 ,  0.00 
 0.00 ,  0.00 ,  0.00 
 0.00 ,  0.00 ,  0.00 
 0.00 ,  0.00 ,  0.00 
 0.00 ,  0.00 ,  0.00 
 0.00 ,  0.00 ,  0.00 
 0.00 ,  0.00 ,  0.00 
 0.00 ,  0.00 ,  0.00 
2594.90 ,  0.00 , 2413.26 
 0.00 ,  0.00 ,  0.00 
 0.00 ,  0.00 ,  0.00 
 0.00 ,  0.00 ,  0.00 
 0.00 ,  0.00 ,  0.00 
 0.00 ,  0.00 ,  0.00 
 0.00 ,  0.00 ,  0.00 
 0.00 ,  0.00 ,  0.00 
 0.00 ,  0.00 ,  0.00 
 0.00 ,  0.00 ,  0.00 
 0.00 ,  0.00 ,  0.00 
 0.00 ,  0.00 ,  0.00 
 0.00 ,  0.00 ,  0.00 
 0.00 ,  0.00 ,  0.00 
 0.00 ,  0.00 ,  0.00 
 0.00 ,  0.00 ,  0.00 
 0.00 ,  0.00 ,  0.00 
 0.00 ,  0.00 ,  0.00 
 0.00 ,  0.00 ,  0.00 
 0.00 ,  0.00 ,  0.00 
2687.71 ,  0.00 , 2499.57 
 0.00 ,  0.00 ,  0.00 
 0.00 ,  0.00 ,  0.00 
 0.00 ,  0.00 ,  0.00 
 0.00 ,  0.00 ,  0.00 
 0.00 ,  0.00 ,  0.00 
 0.00 ,  0.00 ,  0.00 
 0.00 ,  0.00 ,  0.00 
 0.00 ,  0.00 ,  0.00 
 0.00 ,  0.00 ,  0.00 
 0.00 ,  0.00 ,  0.00 
 0.00 ,  0.00 ,  0.00 
 0.00 ,  0.00 ,  0.00 
 0.00 ,  0.00 ,  0.00 
 0.00 ,  0.00 ,  0.00 
2515.61 ,  0.00 , 2339.52 
 0.00 ,  0.00 ,  0.00 
 0.00 ,  0.00 ,  0.00 
 0.00 ,  0.00 ,  0.00 
 0.00 ,  0.00 ,  0.00 
 0.00 ,  0.00 ,  0.00 
 0.00 ,  0.00 ,  0.00 
 0.00 ,  0.00 ,  0.00 
 0.00 ,  0.00 ,  0.00 
 0.00 ,  0.00 ,  0.00 
 0.00 ,  0.00 ,  0.00 
 0.00 ,  0.00 ,  0.00 
 0.00 ,  0.00 ,  0.00 
 0.00 ,  0.00 ,  0.00 
 0.00 ,  0.00 ,  0.00 
 0.00 ,  0.00 ,  0.00 
 0.00 ,  0.00 ,  0.00 
 0.00 ,  0.00 ,  0.00 
 0.00 ,  0.00 ,  0.00 
2571.76 ,  0.00 , 2391.74 
 0.00 ,  0.00 ,  0.00 
 0.00 ,  0.00 ,  0.00 
 0.00 ,  0.00 ,  0.00 
 0.00 ,  0.00 ,  0.00 
 0.00 ,  0.00 ,  0.00 
 0.00 ,  0.00 ,  0.00 
 0.00 ,  0.00 ,  0.00 
 0.00 ,  0.00 ,  0.00 
 0.00 ,  0.00 ,  0.00 
 0.00 ,  0.00 ,  0.00 
 0.00 ,  0.00 ,  0.00 
 0.00 ,  0.00 ,  0.00 
 0.00 ,  0.00 ,  0.00 
 0.00 ,  0.00 ,  0.00 
 0.00 ,  0.00 ,  0.00 
 0.00 ,  0.00 ,  0.00 
 0.00 ,  0.00 ,  0.00 
2594.90 ,  0.00 , 2413.26 
 0.00 ,  0.00 ,  0.00 
 0.00 ,  0.00 ,  0.00 
 0.00 ,  0.00 ,  0.00 
 0.00 ,  0.00 ,  0.00 
 0.00 ,  0.00 ,  0.00 
 0.00 ,  0.00 ,  0.00 
 0.00 ,  0.00 ,  0.00 
 0.00 ,  0.00 ,  0.00 
 0.00 ,  0.00 ,  0.00 
 0.00 ,  0.00 ,  0.00 
 0.00 ,  0.00 ,  0.00 
 0.00 ,  0.00 ,  0.00 
 0.00 ,  0.00 ,  0.00 
 0.00 ,  0.00 ,  0.00 
 0.00 ,  0.00 ,  0.00 
 0.00 ,  0.00 ,  0.00 
 0.00 ,  0.00 ,  0.00 
 0.00 ,  0.00 ,  0.00 
 0.00 ,  0.00 ,  0.00 
2687.71 ,  0.00 , 2499.57 
 0.00 ,  0.00 ,  0.00 
 0.00 ,  0.00 ,  0.00 
 0.00 ,  0.00 ,  0.00 
 0.00 ,  0.00 ,  0.00 
 0.00 ,  0.00 ,  0.00 
 0.00 ,  0.00 ,  0.00 
 0.00 ,  0.00 ,  0.00 
 0.00 ,  0.00 ,  0.00 
 0.00 ,  0.00 ,  0.00 
 0.00 ,  0.00 ,  0.00 
 0.00 ,  0.00 ,  0.00 
 0.00 ,  0.00 ,  0.00 
 0.00 ,  0.00 ,  0.00 
 0.00 ,  0.00 ,  0.00 
2515.61 ,  0.00 , 2339.52 
 0.00 ,  0.00 ,  0.00 
 0.00 ,  0.00 ,  0.00 
 0.00 ,  0.00 ,  0.00 
 0.00 ,  0.00 ,  0.00 
 0.00 ,  0.00 ,  0.00 
 0.00 ,  0.00 ,  0.00 
 0.00 ,  0.00 ,  0.00 
 0.00 ,  0.00 ,  0.00 
 0.00 ,  0.00 ,  0.00 
 0.00 ,  0.00 ,  0.00 
 0.00 ,  0.00 ,  0.00 
 0.00 ,  0.00 ,  0.00 
 0.00 ,  0.00 ,  0.00 
 0.00 ,  0.00 ,  0.00 
 0.00 ,  0.00 ,  0.00 
 0.00 ,  0.00 ,  0.00 
 0.00 ,  0.00 ,  0.00 
 0.00 ,  0.00 ,  0.00 
2571.76 ,  0.00 , 2391.74 
 0.00 ,  0.00 ,  0.00 
 0.00 ,  0.00 ,  0.00 
 0.00 ,  0.00 ,  0.00 
 0.00 ,  0.00 ,  0.00 
 0.00 ,  0.00 ,  0.00 
 0.00 ,  0.00 ,  0.00 
 0.00 ,  0.00 ,  0.00 
 0.00 ,  0.00 ,  0.00 
 0.00 ,  0.00 ,  0.00 
 0.00 ,  0.00 ,  0.00 
 0.00 ,  0.00 ,  0.00 
 0.00 ,  0.00 ,  0.00 
 0.00 ,  0.00 ,  0.00 
 0.00 ,  0.00 ,  0.00 
 0.00 ,  0.00 ,  0.00 
 0.00 ,  0.00 ,  0.00 
 0.00 ,  0.00 ,  0.00 
2594.90 ,  0.00 , 2413.26 
 0.00 ,  0.00 ,  0.00 
 0.00 ,  0.00 ,  0.00 
 0.00 ,  0.00 ,  0.00 
 0.00 ,  0.00 ,  0.00 
 0.00 ,  0.00 ,  0.00 
 0.00 ,  0.00 ,  0.00 
 0.00 ,  0.00 ,  0.00 
 0.00 ,  0.00 ,  0.00 
 0.00 ,  0.00 ,  0.00 
 0.00 ,  0.00 ,  0.00 
 0.00 ,  0.00 ,  0.00 
 0.00 ,  0.00 ,  0.00 
 0.00 ,  0.00 ,  0.00 
 0.00 ,  0.00 ,  0.00 
 0.00 ,  0.00 ,  0.00 
 0.00 ,  0.00 ,  0.00 
 0.00 ,  0.00 ,  0.00 
 0.00 ,  0.00 ,  0.00 
 0.00 ,  0.00 ,  0.00 
2687.71 ,  0.00 , 2499.57 
 0.00 ,  0.00 ,  0.00 
 0.00 ,  0.00 ,  0.00 
 0.00 ,  0.00 ,  0.00 
 0.00 ,  0.00 ,  0.00 
 0.00 ,  0.00 ,  0.00 
 0.00 ,  0.00 ,  0.00 
 0.00 ,  0.00 ,  0.00 
 0.00 ,  0.00 ,  0.00 
 0.00 ,  0.00 ,  0.00 
 0.00 ,  0.00 ,  0.00 
 0.00 ,  0.00 ,  0.00 
 0.00 ,  0.00 ,  0.00 
 0.00 ,  0.00 ,  0.00 
 0.00 ,  0.00 ,  0.00 
2515.61 ,  0.00 , 2339.52 
 0.00 ,  0.00 ,  0.00 
 0.00 ,  0.00 ,  0.00 
 0.00 ,  0.00 ,  0.00 
 0.00 ,  0.00 ,  0.00 
 0.00 ,  0.00 ,  0.00 
 0.00 ,  0.00 ,  0.00 
 0.00 ,  0.00 ,  0.00 
 0.00 ,  0.00 ,  0.00 
 0.00 ,  0.00 ,  0.00 
 0.00 ,  0.00 ,  0.00 
 0.00 ,  0.00 ,  0.00 
 0.00 ,  0.00 ,  0.00 
 0.00 ,  0.00 ,  0.00 
 0.00 ,  0.00 ,  0.00 
 0.00 ,  0.00 ,  0.00 
 0.00 ,  0.00 ,  0.00 
 0.00 ,  0.00 ,  0.00 
 0.00 ,  0.00 ,  0.00 
2571.76 ,  0.00 , 2391.74 
 0.00 ,  0.00 ,  0.00 
 0.00 ,  0.00 ,  0.00 
 0.00 ,  0.00 ,  0.00 
 0.00 ,  0.00 ,  0.00 
 0.00 ,  0.00 ,  0.00 
 0.00 ,  0.00 ,  0.00 
 0.00 ,  0.00 ,  0.00 
 0.00 ,  0.00 ,  0.00 
 0.00 ,  0.00 ,  0.00 
 0.00 ,  0.00 ,  0.00 
 0.00 ,  0.00 ,  0.00 
 0.00 ,  0.00 ,  0.00 
 0.00 ,  0.00 ,  0.00 
 0.00 ,  0.00 ,  0.00 
 0.00 ,  0.00 ,  0.00 
 0.00 ,  0.00 ,  0.00 
 0.00 ,  0.00 ,  0.00 
2594.90 ,  0.00 , 2413.26 
 0.00 ,  0.00 ,  0.00 
 0.00 ,  0.00 ,  0.00 
 0.00 ,  0.00 ,  0.00 
 0.00 ,  0.00 ,  0.00 
 0.00 ,  0.00 ,  0.00 
 0.00 ,  0.00 ,  0.00 
 0.00 ,  0.00 ,  0.00 
 0.00 ,  0.00 ,  0.00 
 0.00 ,  0.00 ,  0.00 
 0.00 ,  0.00 ,  0.00 
 0.00 ,  0.00 ,  0.00 
 0.00 ,  0.00 ,  0.00 
 0.00 ,  0.00 ,  0.00 
 0.00 ,  0.00 ,  0.00 
 0.00 ,  0.00 ,  0.00 
 0.00 ,  0.00 ,  0.00 
 0.00 ,  0.00 ,  0.00 
 0.00 ,  0.00 ,  0.00 
 0.00 ,  0.00 ,  0.00 
2687.71 ,  0.00 , 2499.57 
 0.00 ,  0.00 ,  0.00 
 0.00 ,  0.00 ,  0.00 
 0.00 ,  0.00 ,  0.00 
 0.00 ,  0.00 ,  0.00 
 0.00 ,  0.00 ,  0.00 
 0.00 ,  0.00 ,  0.00 
 0.00 ,  0.00 ,  0.00 
 0.00 ,  0.00 ,  0.00 
 0.00 ,  0.00 ,  0.00 
 0.00 ,  0.00 ,  0.00 
 0.00 ,  0.00 ,  0.00 
 0.00 ,  0.00 ,  0.00 
 0.00 ,  0.00 ,  0.00 
 0.00 ,  0.00 ,  0.00 
2515.61 ,  0.00 , 2339.52 
 0.00 ,  0.00 ,  0.00 
 0.00 ,  0.00 ,  0.00 
 0.00 ,  0.00 ,  0.00 
 0.00 ,  0.00 ,  0.00 
 0.00 ,  0.00 ,  0.00 
 0.00 ,  0.00 ,  0.00 
 0.00 ,  0.00 ,  0.00 
 0.00 ,  0.00 ,  0.00 
 0.00 ,  0.00 ,  0.00 
 0.00 ,  0.00 ,  0.00 
 0.00 ,  0.00 ,  0.00 
 0.00 ,  0.00 ,  0.00 
 0.00 ,  0.00 ,  0.00 
 0.00 ,  0.00 ,  0.00 
 0.00 ,  0.00 ,  0.00 
 0.00 ,  0.00 ,  0.00 
 0.00 ,  0.00 ,  0.00 
 0.00 ,  0.00 ,  0.00 
2571.76 ,  0.00 , 2391.74 
 0.00 ,  0.00 ,  0.00 
 0.00 ,  0.00 ,  0.00 
 0.00 ,  0.00 ,  0.00 
 0.00 ,  0.00 ,  0.00 
 0.00 ,  0.00 ,  0.00 
 0.00 ,  0.00 ,  0.00 
 0.00 ,  0.00 ,  0.00 
 0.00 ,  0.00 ,  0.00 
 0.00 ,  0.00 ,  0.00 
 0.00 ,  0.00 ,  0.00 
 0.00 ,  0.00 ,  0.00 
 0.00 ,  0.00 ,  0.00 
 0.00 ,  0.00 ,  0.00 
 0.00 ,  0.00 ,  0.00 
 0.00 ,  0.00 ,  0.00 
 0.00 ,  0.00 ,  0.00 
 0.00 ,  0.00 ,  0.00 
2594.90 ,  0.00 , 2413.26 
 0.00 ,  0.00 ,  0.00 
 0.00 ,  0.00 ,  0.00 
 0.00 ,  0.00 ,  0.00 
 0.00 ,  0.00 ,  0.00 
 0.00 ,  0.00 ,  0.00 
 0.00 ,  0.00 ,  0.00 
 0.00 ,  0.00 ,  0.00 
 0.00 ,  0.00 ,  0.00 
 0.00 ,  0.00 ,  0.00 
 0.00 ,  0.00 ,  0.00 
 0.00 ,  0.00 ,  0.00 
 0.00 ,  0.00 ,  0.00 
 0.00 ,  0.00 ,  0.00 
 0.00 ,  0.00 ,  0.00 
 0.00 ,  0.00 ,  0.00 
 0.00 ,  0.00 ,  0.00 
 0.00 ,  0.00 ,  0.00 
 0.00 ,  0.00 ,  0.00 
 0.00 ,  0.00 ,  0.00 
2687.71 ,  0.00 , 2499.57 
 0.00 ,  0.00 ,  0.00 
 0.00 ,  0.00 ,  0.00 
 0.00 ,  0.00 ,  0.00 
 0.00 ,  0.00 ,  0.00 
 0.00 ,  0.00 ,  0.00 
 0.00 ,  0.00 ,  0.00 
 0.00 ,  0.00 ,  0.00 
 0.00 ,  0.00 ,  0.00 
 0.00 ,  0.00 ,  0.00 
 0.00 ,  0.00 ,  0.00 
 0.00 ,  0.00 ,  0.00 
 0.00 ,  0.00 ,  0.00 
 0.00 ,  0.00 ,  0.00 
 0.00 ,  0.00 ,  0.00 
2515.61 ,  0.00 , 2339.52 
 0.00 ,  0.00 ,  0.00 
 0.00 ,  0.00 ,  0.00 
 0.00 ,  0.00 ,  0.00 
 0.00 ,  0.00 ,  0.00 
 0.00 ,  0.00 ,  0.00 
 0.00 ,  0.00 ,  0.00 
 0.00 ,  0.00 ,  0.00 
 0.00 ,  0.00 ,  0.00 
 0.00 ,  0.00 ,  0.00 
 0.00 ,  0.00 ,  0.00 
 0.00 ,  0.00 ,  0.00 
 0.00 ,  0.00 ,  0.00 
 0.00 ,  0.00 ,  0.00 
 0.00 ,  0.00 ,  0.00 
 0.00 ,  0.00 ,  0.00 
 0.00 ,  0.00 ,  0.00 
 0.00 ,  0.00 ,  0.00 
 0.00 ,  0.00 ,  0.00 
2571.76 ,  0.00 , 2391.74 
 0.00 ,  0.00 ,  0.00 
 0.00 ,  0.00 ,  0.00 
 0.00 ,  0.00 ,  0.00 
 0.00 ,  0.00 ,  0.00 
 0.00 ,  0.00 ,  0.00 
 0.00 ,  0.00 ,  0.00 
 0.00 ,  0.00 ,  0.00 
 0.00 ,  0.00 ,  0.00 
 0.00 ,  0.00 ,  0.00 
 0.00 ,  0.00 ,  0.00 
 0.00 ,  0.00 ,  0.00 
 0.00 ,  0.00 ,  0.00 
 0.00 ,  0.00 ,  0.00 
 0.00 ,  0.00 ,  0.00 
 0.00 ,  0.00 ,  0.00 
 0.00 ,  0.00 ,  0.00 
 0.00 ,  0.00 ,  0.00 
2594.90 ,  0.00 , 2413.26 
 0.00 ,  0.00 ,  0.00 
 0.00 ,  0.00 ,  0.00 
 0.00 ,  0.00 ,  0.00 
 0.00 ,  0.00 ,  0.00 
 0.00 ,  0.00 ,  0.00 
 0.00 ,  0.00 ,  0.00 
 0.00 ,  0.00 ,  0.00 
 0.00 ,  0.00 ,  0.00 
 0.00 ,  0.00 ,  0.00 
 0.00 ,  0.00 ,  0.00 
 0.00 ,  0.00 ,  0.00 
 0.00 ,  0.00 ,  0.00 
 0.00 ,  0.00 ,  0.00 
 0.00 ,  0.00 ,  0.00 
 0.00 ,  0.00 ,  0.00 
 0.00 ,  0.00 ,  0.00 
 0.00 ,  0.00 ,  0.00 
 0.00 ,  0.00 ,  0.00 
 0.00 ,  0.00 ,  0.00 
2687.71 ,  0.00 , 2499.57 
 0.00 ,  0.00 ,  0.00 
 0.00 ,  0.00 ,  0.00 
 0.00 ,  0.00 ,  0.00 
 0.00 ,  0.00 ,  0.00 
 0.00 ,  0.00 ,  0.00 
 0.00 ,  0.00 ,  0.00 
 0.00 ,  0.00 ,  0.00 
 0.00 ,  0.00 ,  0.00 
 0.00 ,  0.00 ,  0.00 
 0.00 ,  0.00 ,  0.00 
 0.00 ,  0.00 ,  0.00 
 0.00 ,  0.00 ,  0.00 
 0.00 ,  0.00 ,  0.00 
 0.00 ,  0.00 ,  0.00 
2515.61 ,  0.00 , 2339.52 
 0.00 ,  0.00 ,  0.00 
 0.00 ,  0.00 ,  0.00 
 0.00 ,  0.00 ,  0.00 
 0.00 ,  0.00 ,  0.00 
 0.00 ,  0.00 ,  0.00 
 0.00 ,  0.00 ,  0.00 
 0.00 ,  0.00 ,  0.00 
 0.00 ,  0.00 ,  0.00 
 0.00 ,  0.00 ,  0.00 
 0.00 ,  0.00 ,  0.00 
 0.00 ,  0.00 ,  0.00 
 0.00 ,  0.00 ,  0.00 
 0.00 ,  0.00 ,  0.00 
 0.00 ,  0.00 ,  0.00 
 0.00 ,  0.00 ,  0.00 
 0.00 ,  0.00 ,  0.00 
 0.00 ,  0.00 ,  0.00 
 0.00 ,  0.00 ,  0.00 
2571.76 ,  0.00 , 2391.74 
 0.00 ,  0.00 ,  0.00 
 0.00 ,  0.00 ,  0.00 
 0.00 ,  0.00 ,  0.00 
 0.00 ,  0.00 ,  0.00 
 0.00 ,  0.00 ,  0.00 
 0.00 ,  0.00 ,  0.00 
 0.00 ,  0.00 ,  0.00 
 0.00 ,  0.00 ,  0.00 
 0.00 ,  0.00 ,  0.00 
 0.00 ,  0.00 ,  0.00 
 0.00 ,  0.00 ,  0.00 
 0.00 ,  0.00 ,  0.00 
 0.00 ,  0.00 ,  0.00 
 0.00 ,  0.00 ,  0.00 
 0.00 ,  0.00 ,  0.00 
 0.00 ,  0.00 ,  0.00 
 0.00 ,  0.00 ,  0.00 
2594.90 ,  0.00 , 2413.26 
 0.00 ,  0.00 ,  0.00 
 0.00 ,  0.00 ,  0.00 
 0.00 ,  0.00 ,  0.00 
 0.00 ,  0.00 ,  0.00 
 0.00 ,  0.00 ,  0.00 
 0.00 ,  0.00 ,  0.00 
 0.00 ,  0.00 ,  0.00 
 0.00 ,  0.00 ,  0.00 
 0.00 ,  0.00 ,  0.00 
 0.00 ,  0.00 ,  0.00 
 0.00 ,  0.00 ,  0.00 
 0.00 ,  0.00 ,  0.00 
 0.00 ,  0.00 ,  0.00 
 0.00 ,  0.00 ,  0.00 
 0.00 ,  0.00 ,  0.00 
 0.00 ,  0.00 ,  0.00 
 0.00 ,  0.00 ,  0.00 
 0.00 ,  0.00 ,  0.00 
 0.00 ,  0.00 ,  0.00 
2687.71 ,  0.00 , 2499.57 
 0.00 ,  0.00 ,  0.00 
 0.00 ,  0.00 ,  0.00 
 0.00 ,  0.00 ,  0.00 
 0.00 ,  0.00 ,  0.00 
 0.00 ,  0.00 ,  0.00 
 0.00 ,  0.00 ,  0.00 
 0.00 ,  0.00 ,  0.00 
 0.00 ,  0.00 ,  0.00 
 0.00 ,  0.00 ,  0.00 
 0.00 ,  0.00 ,  0.00 
 0.00 ,  0.00 ,  0.00 
 0.00 ,  0.00 ,  0.00 
 0.00 ,  0.00 ,  0.00 
 0.00 ,  0.00 ,  0.00 
2515.61 ,  0.00 , 2339.52 
 0.00 ,  0.00 ,  0.00 
 0.00 ,  0.00 ,  0.00 
 0.00 ,  0.00 ,  0.00 
 0.00 ,  0.00 ,  0.00 
 0.00 ,  0.00 ,  0.00 
 0.00 ,  0.00 ,  0.00 
 0.00 ,  0.00 ,  0.00 
 0.00 ,  0.00 ,  0.00 
 0.00 ,  0.00 ,  0.00 
 0.00 ,  0.00 ,  0.00 
 0.00 ,  0.00 ,  0.00 
 0.00 ,  0.00 ,  0.00 
 0.00 ,  0.00 ,  0.00 
 0.00 ,  0.00 ,  0.00 
 0.00 ,  0.00 ,  0.00 
 0.00 ,  0.00 ,  0.00 
 0.00 ,  0.00 ,  0.00 
 0.00 ,  0.00 ,  0.00 
2571.76 ,  0.00 , 2391.74 
 0.00 ,  0.00 ,  0.00 
 0.00 ,  0.00 ,  0.00 
 0.00 ,  0.00 ,  0.00 
 0.00 ,  0.00 ,  0.00 
 0.00 ,  0.00 ,  0.00 
 0.00 ,  0.00 ,  0.00 
 0.00 ,  0.00 ,  0.00 
 0.00 ,  0.00 ,  0.00 
 0.00 ,  0.00 ,  0.00 
 0.00 ,  0.00 ,  0.00 
 0.00 ,  0.00 ,  0.00 
 0.00 ,  0.00 ,  0.00 
 0.00 ,  0.00 ,  0.00 
 0.00 ,  0.00 ,  0.00 
 0.00 ,  0.00 ,  0.00 
 0.00 ,  0.00 ,  0.00 
 0.00 ,  0.00 ,  0.00 
2594.90 ,  0.00 , 2413.26 
 0.00 ,  0.00 ,  0.00 
 0.00 ,  0.00 ,  0.00 
 0.00 ,  0.00 ,  0.00 
 0.00 ,  0.00 ,  0.00 
 0.00 ,  0.00 ,  0.00 
 0.00 ,  0.00 ,  0.00 
 0.00 ,  0.00 ,  0.00 
 0.00 ,  0.00 ,  0.00 
 0.00 ,  0.00 ,  0.00 
 0.00 ,  0.00 ,  0.00 
 0.00 ,  0.00 ,  0.00 
 0.00 ,  0.00 ,  0.00 
 0.00 ,  0.00 ,  0.00 
 0.00 ,  0.00 ,  0.00 
 0.00 ,  0.00 ,  0.00 
 0.00 ,  0.00 ,  0.00 
 0.00 ,  0.00 ,  0.00 
 0.00 ,  0.00 ,  0.00 
 0.00 ,  0.00 ,  0.00 
2687.71 ,  0.00 , 2499.57 
 0.00 ,  0.00 ,  0.00 
 0.00 ,  0.00 ,  0.00 
 0.00 ,  0.00 ,  0.00 
 0.00 ,  0.00 ,  0.00 
 0.00 ,  0.00 ,  0.00 
 0.00 ,  0.00 ,  0.00 
 0.00 ,  0.00 ,  0.00 
 0.00 ,  0.00 ,  0.00 
 0.00 ,  0.00 ,  0.00 
 0.00 ,  0.00 ,  0.00 
 0.00 ,  0.00 ,  0.00 
 0.00 ,  0.00 ,  0.00 
 0.00 ,  0.00 ,  0.00 
 0.00 ,  0.00 ,  0.00 
2515.61 ,  0.00 , 2339.52 
 0.00 ,  0.00 ,  0.00 
 0.00 ,  0.00 ,  0.00 
 0.00 ,  0.00 ,  0.00 
 0.00 ,  0.00 ,  0.00 
 0.00 ,  0.00 ,  0.00 
 0.00 ,  0.00 ,  0.00 
 0.00 ,  0.00 ,  0.00 
 0.00 ,  0.00 ,  0.00 
 0.00 ,  0.00 ,  0.00 
 0.00 ,  0.00 ,  0.00 
 0.00 ,  0.00 ,  0.00 
 0.00 ,  0.00 ,  0.00 
 0.00 ,  0.00 ,  0.00 
 0.00 ,  0.00 ,  0.00 
 0.00 ,  0.00 ,  0.00 
 0.00 ,  0.00 ,  0.00 
 0.00 ,  0.00 ,  0.00 
 0.00 ,  0.00 ,  0.00 
 0.00 ,  0.00 ,  0.00 
2653.57 ,  0.00 , 2467.82 
 0.00 ,  0.00 ,  0.00 
 0.00 ,  0.00 ,  0.00 
 0.00 ,  0.00 ,  0.00 
 0.00 ,  0.00 ,  0.00 
 0.00 ,  0.00 ,  0.00 
 0.00 ,  0.00 ,  0.00 
 0.00 ,  0.00 ,  0.00 
 0.00 ,  0.00 ,  0.00 
 0.00 ,  0.00 ,  0.00 
 0.00 ,  0.00 ,  0.00 
 0.00 ,  0.00 ,  0.00 
 0.00 ,  0.00 ,  0.00 
 0.00 ,  0.00 ,  0.00 
 0.00 ,  0.00 ,  0.00 
 0.00 ,  0.00 ,  0.00 
 0.00 ,  0.00 ,  0.00 
 0.00 ,  0.00 ,  0.00 
 0.00 ,  0.00 ,  0.00 
2573.87 ,  0.00 , 2393.70 
 0.00 ,  0.00 ,  0.00 
 0.00 ,  0.00 ,  0.00 
 0.00 ,  0.00 ,  0.00 
 0.00 ,  0.00 ,  0.00 
 0.00 ,  0.00 ,  0.00 
 0.00 ,  0.00 ,  0.00 
 0.00 ,  0.00 ,  0.00 
 0.00 ,  0.00 ,  0.00 
 0.00 ,  0.00 ,  0.00 
 0.00 ,  0.00 ,  0.00 
 0.00 ,  0.00 ,  0.00 
 0.00 ,  0.00 ,  0.00 
 0.00 ,  0.00 ,  0.00 
 0.00 ,  0.00 ,  0.00 
 0.00 ,  0.00 ,  0.00 
 0.00 ,  0.00 ,  0.00 
 0.00 ,  0.00 ,  0.00 
 0.00 ,  0.00 ,  0.00 
2502.17 ,  0.00 , 2327.02 
 0.00 ,  0.00 ,  0.00 
 0.00 ,  0.00 ,  0.00 
 0.00 ,  0.00 ,  0.00 
 0.00 ,  0.00 ,  0.00 
 0.00 ,  0.00 ,  0.00 
 0.00 ,  0.00 ,  0.00 
 0.00 ,  0.00 ,  0.00 
 0.00 ,  0.00 ,  0.00 
 0.00 ,  0.00 ,  0.00 
 0.00 ,  0.00 ,  0.00 
 0.00 ,  0.00 ,  0.00 
 0.00 ,  0.00 ,  0.00 
 0.00 ,  0.00 ,  0.00 
 0.00 ,  0.00 ,  0.00 
 0.00 ,  0.00 ,  0.00 
 0.00 ,  0.00 ,  0.00 
 0.00 ,  0.00 ,  0.00 
 0.00 ,  0.00 ,  0.00 
 0.00 ,  0.00 ,  0.00 
 0.00 ,  0.00 ,  0.00 
2594.12 ,  0.00 , 2412.53 
 0.00 ,  0.00 ,  0.00 
 0.00 ,  0.00 ,  0.00 
 0.00 ,  0.00 ,  0.00 
 0.00 ,  0.00 ,  0.00 
 0.00 ,  0.00 ,  0.00 
 0.00 ,  0.00 ,  0.00 
 0.00 ,  0.00 ,  0.00 
 0.00 ,  0.00 ,  0.00 
 0.00 ,  0.00 ,  0.00 
 0.00 ,  0.00 ,  0.00 
 0.00 ,  0.00 ,  0.00 
 0.00 ,  0.00 ,  0.00 
 0.00 ,  0.00 ,  0.00 
 0.00 ,  0.00 ,  0.00 
2533.64 ,  0.00 , 2356.28 
 0.00 ,  0.00 ,  0.00 
 0.00 ,  0.00 ,  0.00 
 0.00 ,  0.00 ,  0.00 
 0.00 ,  0.00 ,  0.00 
 0.00 ,  0.00 ,  0.00 
 0.00 ,  0.00 ,  0.00 
 0.00 ,  0.00 ,  0.00 
 0.00 ,  0.00 ,  0.00 
 0.00 ,  0.00 ,  0.00 
 0.00 ,  0.00 ,  0.00 
 0.00 ,  0.00 ,  0.00 
 0.00 ,  0.00 ,  0.00 
 0.00 ,  0.00 ,  0.00 
 0.00 ,  0.00 ,  0.00 
 0.00 ,  0.00 ,  0.00 
 0.00 ,  0.00 ,  0.00 
 0.00 ,  0.00 ,  0.00 
 0.00 ,  0.00 ,  0.00 
 0.00 ,  0.00 ,  0.00 
2603.18 ,  0.00 , 2420.96 
 0.00 ,  0.00 ,  0.00 
 0.00 ,  0.00 ,  0.00 
 0.00 ,  0.00 ,  0.00 
 0.00 ,  0.00 ,  0.00 
 0.00 ,  0.00 ,  0.00 
 0.00 ,  0.00 ,  0.00 
 0.00 ,  0.00 ,  0.00 
 0.00 ,  0.00 ,  0.00 
 0.00 ,  0.00 ,  0.00 
 0.00 ,  0.00 ,  0.00 
 0.00 ,  0.00 ,  0.00 
 0.00 ,  0.00 ,  0.00 
 0.00 ,  0.00 ,  0.00 
 0.00 ,  0.00 ,  0.00 
 0.00 ,  0.00 ,  0.00 
 0.00 ,  0.00 ,  0.00 
 0.00 ,  0.00 ,  0.00 
 0.00 ,  0.00 ,  0.00 
2626.38 ,  0.00 , 2442.54 
 0.00 ,  0.00 ,  0.00 
 0.00 ,  0.00 ,  0.00 
 0.00 ,  0.00 ,  0.00 
 0.00 ,  0.00 ,  0.00 
 0.00 ,  0.00 ,  0.00 
 0.00 ,  0.00 ,  0.00 
 0.00 ,  0.00 ,  0.00 
 0.00 ,  0.00 ,  0.00 
 0.00 ,  0.00 ,  0.00 
 0.00 ,  0.00 ,  0.00 
 0.00 ,  0.00 ,  0.00 
 0.00 ,  0.00 ,  0.00 
 0.00 ,  0.00 ,  0.00 
 0.00 ,  0.00 ,  0.00 
 0.00 ,  0.00 ,  0.00 
 0.00 ,  0.00 ,  0.00 
 0.00 ,  0.00 ,  0.00 
 0.00 ,  0.00 ,  0.00 
 0.00 ,  0.00 ,  0.00 
2577.93 ,  0.00 , 2397.47 
 0.00 ,  0.00 ,  0.00 
 0.00 ,  0.00 ,  0.00 
 0.00 ,  0.00 ,  0.00 
 0.00 ,  0.00 ,  0.00 
 0.00 ,  0.00 ,  0.00 
 0.00 ,  0.00 ,  0.00 
 0.00 ,  0.00 ,  0.00 
 0.00 ,  0.00 ,  0.00 
 0.00 ,  0.00 ,  0.00 
 0.00 ,  0.00 ,  0.00 
 0.00 ,  0.00 ,  0.00 
 0.00 ,  0.00 ,  0.00 
 0.00 ,  0.00 ,  0.00 
 0.00 ,  0.00 ,  0.00 
 0.00 ,  0.00 ,  0.00 
 0.00 ,  0.00 ,  0.00 
2497.85 ,  0.00 , 2323.00 
 0.00 ,  0.00 ,  0.00 
 0.00 ,  0.00 ,  0.00 
 0.00 ,  0.00 ,  0.00 
 0.00 ,  0.00 ,  0.00 
 0.00 ,  0.00 ,  0.00 
 0.00 ,  0.00 ,  0.00 
 0.00 ,  0.00 ,  0.00 
 0.00 ,  0.00 ,  0.00 
 0.00 ,  0.00 ,  0.00 
 0.00 ,  0.00 ,  0.00 
 0.00 ,  0.00 ,  0.00 
 0.00 ,  0.00 ,  0.00 
 0.00 ,  0.00 ,  0.00 
 0.00 ,  0.00 ,  0.00 
 0.00 ,  0.00 ,  0.00 
 0.00 ,  0.00 ,  0.00 
 0.00 ,  0.00 ,  0.00 
2534.70 ,  0.00 , 2357.27 
 0.00 ,  0.00 ,  0.00 
 0.00 ,  0.00 ,  0.00 
 0.00 ,  0.00 ,  0.00 
 0.00 ,  0.00 ,  0.00 
 0.00 ,  0.00 ,  0.00 
 0.00 ,  0.00 ,  0.00 
 0.00 ,  0.00 ,  0.00 
 0.00 ,  0.00 ,  0.00 
 0.00 ,  0.00 ,  0.00 
 0.00 ,  0.00 ,  0.00 
 0.00 ,  0.00 ,  0.00 
 0.00 ,  0.00 ,  0.00 
 0.00 ,  0.00 ,  0.00 
 0.00 ,  0.00 ,  0.00 
 0.00 ,  0.00 ,  0.00 
 0.00 ,  0.00 ,  0.00 
 0.00 ,  0.00 ,  0.00 
 0.00 ,  0.00 ,  0.00 
2573.87 ,  0.00 , 2393.70 
 0.00 ,  0.00 ,  0.00 
 0.00 ,  0.00 ,  0.00 
 0.00 ,  0.00 ,  0.00 
 0.00 ,  0.00 ,  0.00 
 0.00 ,  0.00 ,  0.00 
 0.00 ,  0.00 ,  0.00 
 0.00 ,  0.00 ,  0.00 
 0.00 ,  0.00 ,  0.00 
 0.00 ,  0.00 ,  0.00 
 0.00 ,  0.00 ,  0.00 
 0.00 ,  0.00 ,  0.00 
 0.00 ,  0.00 ,  0.00 
 0.00 ,  0.00 ,  0.00 
 0.00 ,  0.00 ,  0.00 
 0.00 ,  0.00 ,  0.00 
 0.00 ,  0.00 ,  0.00 
 0.00 ,  0.00 ,  0.00 
 0.00 ,  0.00 ,  0.00 
2502.17 ,  0.00 , 2327.02 
 0.00 ,  0.00 ,  0.00 
 0.00 ,  0.00 ,  0.00 
 0.00 ,  0.00 ,  0.00 
 0.00 ,  0.00 ,  0.00 
 0.00 ,  0.00 ,  0.00 
 0.00 ,  0.00 ,  0.00 
 0.00 ,  0.00 ,  0.00 
 0.00 ,  0.00 ,  0.00 
 0.00 ,  0.00 ,  0.00 
 0.00 ,  0.00 ,  0.00 
 0.00 ,  0.00 ,  0.00 
 0.00 ,  0.00 ,  0.00 
 0.00 ,  0.00 ,  0.00 
 0.00 ,  0.00 ,  0.00 
 0.00 ,  0.00 ,  0.00 
 0.00 ,  0.00 ,  0.00 
 0.00 ,  0.00 ,  0.00 
 0.00 ,  0.00 ,  0.00 
 0.00 ,  0.00 ,  0.00 
 0.00 ,  0.00 ,  0.00 
2594.12 ,  0.00 , 2412.53 
 0.00 ,  0.00 ,  0.00 
 0.00 ,  0.00 ,  0.00 
 0.00 ,  0.00 ,  0.00 
 0.00 ,  0.00 ,  0.00 
 0.00 ,  0.00 ,  0.00 
 0.00 ,  0.00 ,  0.00 
 0.00 ,  0.00 ,  0.00 
 0.00 ,  0.00 ,  0.00 
 0.00 ,  0.00 ,  0.00 
 0.00 ,  0.00 ,  0.00 
 0.00 ,  0.00 ,  0.00 
 0.00 ,  0.00 ,  0.00 
 0.00 ,  0.00 ,  0.00 
 0.00 ,  0.00 ,  0.00 
2533.64 ,  0.00 , 2356.28 
 0.00 ,  0.00 ,  0.00 
 0.00 ,  0.00 ,  0.00 
 0.00 ,  0.00 ,  0.00 
 0.00 ,  0.00 ,  0.00 
 0.00 ,  0.00 ,  0.00 
 0.00 ,  0.00 ,  0.00 
 0.00 ,  0.00 ,  0.00 
 0.00 ,  0.00 ,  0.00 
 0.00 ,  0.00 ,  0.00 
 0.00 ,  0.00 ,  0.00 
 0.00 ,  0.00 ,  0.00 
 0.00 ,  0.00 ,  0.00 
 0.00 ,  0.00 ,  0.00 
 0.00 ,  0.00 ,  0.00 
 0.00 ,  0.00 ,  0.00 
 0.00 ,  0.00 ,  0.00 
 0.00 ,  0.00 ,  0.00 
 0.00 ,  0.00 ,  0.00 
 0.00 ,  0.00 ,  0.00 
2603.18 ,  0.00 , 2420.96 
 0.00 ,  0.00 ,  0.00 
 0.00 ,  0.00 ,  0.00 
 0.00 ,  0.00 ,  0.00 
 0.00 ,  0.00 ,  0.00 
 0.00 ,  0.00 ,  0.00 
 0.00 ,  0.00 ,  0.00 
 0.00 ,  0.00 ,  0.00 
 0.00 ,  0.00 ,  0.00 
 0.00 ,  0.00 ,  0.00 
 0.00 ,  0.00 ,  0.00 
 0.00 ,  0.00 ,  0.00 
 0.00 ,  0.00 ,  0.00 
 0.00 ,  0.00 ,  0.00 
 0.00 ,  0.00 ,  0.00 
 0.00 ,  0.00 ,  0.00 
 0.00 ,  0.00 ,  0.00 
 0.00 ,  0.00 ,  0.00 
 0.00 ,  0.00 ,  0.00 
2626.38 ,  0.00 , 2442.54 
 0.00 ,  0.00 ,  0.00 
 0.00 ,  0.00 ,  0.00 
 0.00 ,  0.00 ,  0.00 
 0.00 ,  0.00 ,  0.00 
 0.00 ,  0.00 ,  0.00 
 0.00 ,  0.00 ,  0.00 
 0.00 ,  0.00 ,  0.00 
 0.00 ,  0.00 ,  0.00 
 0.00 ,  0.00 ,  0.00 
 0.00 ,  0.00 ,  0.00 
 0.00 ,  0.00 ,  0.00 
 0.00 ,  0.00 ,  0.00 
 0.00 ,  0.00 ,  0.00 
 0.00 ,  0.00 ,  0.00 
 0.00 ,  0.00 ,  0.00 
 0.00 ,  0.00 ,  0.00 
 0.00 ,  0.00 ,  0.00 
 0.00 ,  0.00 ,  0.00 
 0.00 ,  0.00 ,  0.00 
2577.93 ,  0.00 , 2397.47 
 0.00 ,  0.00 ,  0.00 
 0.00 ,  0.00 ,  0.00 
 0.00 ,  0.00 ,  0.00 
 0.00 ,  0.00 ,  0.00 
 0.00 ,  0.00 ,  0.00 
 0.00 ,  0.00 ,  0.00 
 0.00 ,  0.00 ,  0.00 
 0.00 ,  0.00 ,  0.00 
 0.00 ,  0.00 ,  0.00 
 0.00 ,  0.00 ,  0.00 
 0.00 ,  0.00 ,  0.00 
 0.00 ,  0.00 ,  0.00 
 0.00 ,  0.00 ,  0.00 
 0.00 ,  0.00 ,  0.00 
 0.00 ,  0.00 ,  0.00 
 0.00 ,  0.00 ,  0.00 
2497.85 ,  0.00 , 2323.00 
 0.00 ,  0.00 ,  0.00 
 0.00 ,  0.00 ,  0.00 
 0.00 ,  0.00 ,  0.00 
 0.00 ,  0.00 ,  0.00 
 0.00 ,  0.00 ,  0.00 
 0.00 ,  0.00 ,  0.00 
 0.00 ,  0.00 ,  0.00 
 0.00 ,  0.00 ,  0.00 
 0.00 ,  0.00 ,  0.00 
 0.00 ,  0.00 ,  0.00 
 0.00 ,  0.00 ,  0.00 
 0.00 ,  0.00 ,  0.00 
 0.00 ,  0.00 ,  0.00 
 0.00 ,  0.00 ,  0.00 
 0.00 ,  0.00 ,  0.00 
 0.00 ,  0.00 ,  0.00 
 0.00 ,  0.00 ,  0.00 
2534.70 ,  0.00 , 2357.27 
 0.00 ,  0.00 ,  0.00 
 0.00 ,  0.00 ,  0.00 
 0.00 ,  0.00 ,  0.00 
 0.00 ,  0.00 ,  0.00 
 0.00 ,  0.00 ,  0.00 
 0.00 ,  0.00 ,  0.00 
 0.00 ,  0.00 ,  0.00 
 0.00 ,  0.00 ,  0.00 
 0.00 ,  0.00 ,  0.00 
 0.00 ,  0.00 ,  0.00 
 0.00 ,  0.00 ,  0.00 
 0.00 ,  0.00 ,  0.00 
 0.00 ,  0.00 ,  0.00 
 0.00 ,  0.00 ,  0.00 
 0.00 ,  0.00 ,  0.00 
 0.00 ,  0.00 ,  0.00 
 0.00 ,  0.00 ,  0.00 
 0.00 ,  0.00 ,  0.00 
2573.87 ,  0.00 , 2393.70 
 0.00 ,  0.00 ,  0.00 
 0.00 ,  0.00 ,  0.00 
 0.00 ,  0.00 ,  0.00 
 0.00 ,  0.00 ,  0.00 
 0.00 ,  0.00 ,  0.00 
 0.00 ,  0.00 ,  0.00 
 0.00 ,  0.00 ,  0.00 
 0.00 ,  0.00 ,  0.00 
 0.00 ,  0.00 ,  0.00 
 0.00 ,  0.00 ,  0.00 
 0.00 ,  0.00 ,  0.00 
 0.00 ,  0.00 ,  0.00 
 0.00 ,  0.00 ,  0.00 
 0.00 ,  0.00 ,  0.00 
 0.00 ,  0.00 ,  0.00 
 0.00 ,  0.00 ,  0.00 
 0.00 ,  0.00 ,  0.00 
 0.00 ,  0.00 ,  0.00 
2502.17 ,  0.00 , 2327.02 
 0.00 ,  0.00 ,  0.00 
 0.00 ,  0.00 ,  0.00 
 0.00 ,  0.00 ,  0.00 
 0.00 ,  0.00 ,  0.00 
 0.00 ,  0.00 ,  0.00 
 0.00 ,  0.00 ,  0.00 
 0.00 ,  0.00 ,  0.00 
 0.00 ,  0.00 ,  0.00 
 0.00 ,  0.00 ,  0.00 
 0.00 ,  0.00 ,  0.00 
 0.00 ,  0.00 ,  0.00 
 0.00 ,  0.00 ,  0.00 
 0.00 ,  0.00 ,  0.00 
 0.00 ,  0.00 ,  0.00 
 0.00 ,  0.00 ,  0.00 
 0.00 ,  0.00 ,  0.00 
 0.00 ,  0.00 ,  0.00 
 0.00 ,  0.00 ,  0.00 
 0.00 ,  0.00 ,  0.00 
 0.00 ,  0.00 ,  0.00 
2594.12 ,  0.00 , 2412.53 
 0.00 ,  0.00 ,  0.00 
 0.00 ,  0.00 ,  0.00 
 0.00 ,  0.00 ,  0.00 
 0.00 ,  0.00 ,  0.00 
 0.00 ,  0.00 ,  0.00 
 0.00 ,  0.00 ,  0.00 
 0.00 ,  0.00 ,  0.00 
 0.00 ,  0.00 ,  0.00 
 0.00 ,  0.00 ,  0.00 
 0.00 ,  0.00 ,  0.00 
 0.00 ,  0.00 ,  0.00 
 0.00 ,  0.00 ,  0.00 
 0.00 ,  0.00 ,  0.00 
 0.00 ,  0.00 ,  0.00 
2533.64 ,  0.00 , 2356.28 
 0.00 ,  0.00 ,  0.00 
 0.00 ,  0.00 ,  0.00 
 0.00 ,  0.00 ,  0.00 
 0.00 ,  0.00 ,  0.00 
 0.00 ,  0.00 ,  0.00 
 0.00 ,  0.00 ,  0.00 
 0.00 ,  0.00 ,  0.00 
 0.00 ,  0.00 ,  0.00 
 0.00 ,  0.00 ,  0.00 
 0.00 ,  0.00 ,  0.00 
 0.00 ,  0.00 ,  0.00 
 0.00 ,  0.00 ,  0.00 
 0.00 ,  0.00 ,  0.00 
 0.00 ,  0.00 ,  0.00 
 0.00 ,  0.00 ,  0.00 
 0.00 ,  0.00 ,  0.00 
 0.00 ,  0.00 ,  0.00 
 0.00 ,  0.00 ,  0.00 
 0.00 ,  0.00 ,  0.00 
2603.18 ,  0.00 , 2420.96 
 0.00 ,  0.00 ,  0.00 
 0.00 ,  0.00 ,  0.00 
 0.00 ,  0.00 ,  0.00 
 0.00 ,  0.00 ,  0.00 
 0.00 ,  0.00 ,  0.00 
 0.00 ,  0.00 ,  0.00 
 0.00 ,  0.00 ,  0.00 
 0.00 ,  0.00 ,  0.00 
 0.00 ,  0.00 ,  0.00 
 0.00 ,  0.00 ,  0.00 
 0.00 ,  0.00 ,  0.00 
 0.00 ,  0.00 ,  0.00 
 0.00 ,  0.00 ,  0.00 
 0.00 ,  0.00 ,  0.00 
 0.00 ,  0.00 ,  0.00 
 0.00 ,  0.00 ,  0.00 
 0.00 ,  0.00 ,  0.00 
 0.00 ,  0.00 ,  0.00 
2626.38 ,  0.00 , 2442.54 
 0.00 ,  0.00 ,  0.00 
 0.00 ,  0.00 ,  0.00 
 0.00 ,  0.00 ,  0.00 
 0.00 ,  0.00 ,  0.00 
 0.00 ,  0.00 ,  0.00 
 0.00 ,  0.00 ,  0.00 
 0.00 ,  0.00 ,  0.00 
 0.00 ,  0.00 ,  0.00 
 0.00 ,  0.00 ,  0.00 
 0.00 ,  0.00 ,  0.00 
 0.00 ,  0.00 ,  0.00 
 0.00 ,  0.00 ,  0.00 
 0.00 ,  0.00 ,  0.00 
 0.00 ,  0.00 ,  0.00 
 0.00 ,  0.00 ,  0.00 
 0.00 ,  0.00 ,  0.00 
 0.00 ,  0.00 ,  0.00 
 0.00 ,  0.00 ,  0.00 
 0.00 ,  0.00 ,  0.00 
2577.93 ,  0.00 , 2397.47 
 0.00 ,  0.00 ,  0.00 
 0.00 ,  0.00 ,  0.00 
 0.00 ,  0.00 ,  0.00 
 0.00 ,  0.00 ,  0.00 
 0.00 ,  0.00 ,  0.00 
 0.00 ,  0.00 ,  0.00 
 0.00 ,  0.00 ,  0.00 
 0.00 ,  0.00 ,  0.00 
 0.00 ,  0.00 ,  0.00 
 0.00 ,  0.00 ,  0.00 
 0.00 ,  0.00 ,  0.00 
 0.00 ,  0.00 ,  0.00 
 0.00 ,  0.00 ,  0.00 
 0.00 ,  0.00 ,  0.00 
 0.00 ,  0.00 ,  0.00 
 0.00 ,  0.00 ,  0.00 
2497.85 ,  0.00 , 2323.00 
 0.00 ,  0.00 ,  0.00 
 0.00 ,  0.00 ,  0.00 
 0.00 ,  0.00 ,  0.00 
 0.00 ,  0.00 ,  0.00 
 0.00 ,  0.00 ,  0.00 
 0.00 ,  0.00 ,  0.00 
 0.00 ,  0.00 ,  0.00 
 0.00 ,  0.00 ,  0.00 
 0.00 ,  0.00 ,  0.00 
 0.00 ,  0.00 ,  0.00 
 0.00 ,  0.00 ,  0.00 
 0.00 ,  0.00 ,  0.00 
 0.00 ,  0.00 ,  0.00 
 0.00 ,  0.00 ,  0.00 
 0.00 ,  0.00 ,  0.00 
 0.00 ,  0.00 ,  0.00 
 0.00 ,  0.00 ,  0.00 
2534.70 ,  0.00 , 2357.27 
 0.00 ,  0.00 ,  0.00 
 0.00 ,  0.00 ,  0.00 
 0.00 ,  0.00 ,  0.00 
 0.00 ,  0.00 ,  0.00 
 0.00 ,  0.00 ,  0.00 
 0.00 ,  0.00 ,  0.00 
 0.00 ,  0.00 ,  0.00 
 0.00 ,  0.00 ,  0.00 
 0.00 ,  0.00 ,  0.00 
 0.00 ,  0.00 ,  0.00 
 0.00 ,  0.00 ,  0.00 
 0.00 ,  0.00 ,  0.00 
 0.00 ,  0.00 ,  0.00 
 0.00 ,  0.00 ,  0.00 
 0.00 ,  0.00 ,  0.00 
 0.00 ,  0.00 ,  0.00 
 0.00 ,  0.00 ,  0.00 
 0.00 ,  0.00 ,  0.00 
2573.87 ,  0.00 , 2393.70 
 0.00 ,  0.00 ,  0.00 
 0.00 ,  0.00 ,  0.00 
 0.00 ,  0.00 ,  0.00 
 0.00 ,  0.00 ,  0.00 
 0.00 ,  0.00 ,  0.00 
 0.00 ,  0.00 ,  0.00 
 0.00 ,  0.00 ,  0.00 
 0.00 ,  0.00 ,  0.00 
 0.00 ,  0.00 ,  0.00 
 0.00 ,  0.00 ,  0.00 
 0.00 ,  0.00 ,  0.00 
 0.00 ,  0.00 ,  0.00 
 0.00 ,  0.00 ,  0.00 
 0.00 ,  0.00 ,  0.00 
 0.00 ,  0.00 ,  0.00 
 0.00 ,  0.00 ,  0.00 
 0.00 ,  0.00 ,  0.00 
 0.00 ,  0.00 ,  0.00 
2502.17 ,  0.00 , 2327.02 
 0.00 ,  0.00 ,  0.00 
 0.00 ,  0.00 ,  0.00 
 0.00 ,  0.00 ,  0.00 
 0.00 ,  0.00 ,  0.00 
 0.00 ,  0.00 ,  0.00 
 0.00 ,  0.00 ,  0.00 
 0.00 ,  0.00 ,  0.00 
 0.00 ,  0.00 ,  0.00 
 0.00 ,  0.00 ,  0.00 
 0.00 ,  0.00 ,  0.00 
 0.00 ,  0.00 ,  0.00 
 0.00 ,  0.00 ,  0.00 
 0.00 ,  0.00 ,  0.00 
 0.00 ,  0.00 ,  0.00 
 0.00 ,  0.00 ,  0.00 
 0.00 ,  0.00 ,  0.00 
 0.00 ,  0.00 ,  0.00 
 0.00 ,  0.00 ,  0.00 
 0.00 ,  0.00 ,  0.00 
 0.00 ,  0.00 ,  0.00 
2594.12 ,  0.00 , 2412.53 
 0.00 ,  0.00 ,  0.00 
 0.00 ,  0.00 ,  0.00 
 0.00 ,  0.00 ,  0.00 
 0.00 ,  0.00 ,  0.00 
 0.00 ,  0.00 ,  0.00 
 0.00 ,  0.00 ,  0.00 
 0.00 ,  0.00 ,  0.00 
 0.00 ,  0.00 ,  0.00 
 0.00 ,  0.00 ,  0.00 
 0.00 ,  0.00 ,  0.00 
 0.00 ,  0.00 ,  0.00 
 0.00 ,  0.00 ,  0.00 
 0.00 ,  0.00 ,  0.00 
 0.00 ,  0.00 ,  0.00 
2533.64 ,  0.00 , 2356.28 
 0.00 ,  0.00 ,  0.00 
 0.00 ,  0.00 ,  0.00 
 0.00 ,  0.00 ,  0.00 
 0.00 ,  0.00 ,  0.00 
 0.00 ,  0.00 ,  0.00 
 0.00 ,  0.00 ,  0.00 
 0.00 ,  0.00 ,  0.00 
 0.00 ,  0.00 ,  0.00 
 0.00 ,  0.00 ,  0.00 
 0.00 ,  0.00 ,  0.00 
 0.00 ,  0.00 ,  0.00 
 0.00 ,  0.00 ,  0.00 
 0.00 ,  0.00 ,  0.00 
 0.00 ,  0.00 ,  0.00 
 0.00 ,  0.00 ,  0.00 
 0.00 ,  0.00 ,  0.00 
 0.00 ,  0.00 ,  0.00 
 0.00 ,  0.00 ,  0.00 
 0.00 ,  0.00 ,  0.00 
2603.18 ,  0.00 , 2420.96 
 0.00 ,  0.00 ,  0.00 
 0.00 ,  0.00 ,  0.00 
 0.00 ,  0.00 ,  0.00 
 0.00 ,  0.00 ,  0.00 
 0.00 ,  0.00 ,  0.00 
 0.00 ,  0.00 ,  0.00 
 0.00 ,  0.00 ,  0.00 
 0.00 ,  0.00 ,  0.00 
 0.00 ,  0.00 ,  0.00 
 0.00 ,  0.00 ,  0.00 
 0.00 ,  0.00 ,  0.00 
 0.00 ,  0.00 ,  0.00 
 0.00 ,  0.00 ,  0.00 
 0.00 ,  0.00 ,  0.00 
 0.00 ,  0.00 ,  0.00 
 0.00 ,  0.00 ,  0.00 
 0.00 ,  0.00 ,  0.00 
 0.00 ,  0.00 ,  0.00 
2626.38 ,  0.00 , 2442.54 
 0.00 ,  0.00 ,  0.00 
 0.00 ,  0.00 ,  0.00 
 0.00 ,  0.00 ,  0.00 
 0.00 ,  0.00 ,  0.00 
 0.00 ,  0.00 ,  0.00 
 0.00 ,  0.00 ,  0.00 
 0.00 ,  0.00 ,  0.00 
 0.00 ,  0.00 ,  0.00 
 0.00 ,  0.00 ,  0.00 
 0.00 ,  0.00 ,  0.00 
 0.00 ,  0.00 ,  0.00 
 0.00 ,  0.00 ,  0.00 
 0.00 ,  0.00 ,  0.00 
 0.00 ,  0.00 ,  0.00 
 0.00 ,  0.00 ,  0.00 
 0.00 ,  0.00 ,  0.00 
 0.00 ,  0.00 ,  0.00 
 0.00 ,  0.00 ,  0.00 
 0.00 ,  0.00 ,  0.00 
2577.93 ,  0.00 , 2397.47 
 0.00 ,  0.00 ,  0.00 
 0.00 ,  0.00 ,  0.00 
 0.00 ,  0.00 ,  0.00 
 0.00 ,  0.00 ,  0.00 
 0.00 ,  0.00 ,  0.00 
 0.00 ,  0.00 ,  0.00 
 0.00 ,  0.00 ,  0.00 
 0.00 ,  0.00 ,  0.00 
 0.00 ,  0.00 ,  0.00 
 0.00 ,  0.00 ,  0.00 
 0.00 ,  0.00 ,  0.00 
 0.00 ,  0.00 ,  0.00 
 0.00 ,  0.00 ,  0.00 
 0.00 ,  0.00 ,  0.00 
 0.00 ,  0.00 ,  0.00 
 0.00 ,  0.00 ,  0.00 
2497.85 ,  0.00 , 2323.00 
 0.00 ,  0.00 ,  0.00 
 0.00 ,  0.00 ,  0.00 
 0.00 ,  0.00 ,  0.00 
 0.00 ,  0.00 ,  0.00 
 0.00 ,  0.00 ,  0.00 
 0.00 ,  0.00 ,  0.00 
 0.00 ,  0.00 ,  0.00 
 0.00 ,  0.00 ,  0.00 
 0.00 ,  0.00 ,  0.00 
 0.00 ,  0.00 ,  0.00 
 0.00 ,  0.00 ,  0.00 
 0.00 ,  0.00 ,  0.00 
 0.00 ,  0.00 ,  0.00 
 0.00 ,  0.00 ,  0.00 
 0.00 ,  0.00 ,  0.00 
 0.00 ,  0.00 ,  0.00 
 0.00 ,  0.00 ,  0.00 
2534.70 ,  0.00 , 2357.27 
 0.00 ,  0.00 ,  0.00 
 0.00 ,  0.00 ,  0.00 
 0.00 ,  0.00 ,  0.00 
 0.00 ,  0.00 ,  0.00 
 0.00 ,  0.00 ,  0.00 
 0.00 ,  0.00 ,  0.00 
 0.00 ,  0.00 ,  0.00 
 0.00 ,  0.00 ,  0.00 
 0.00 ,  0.00 ,  0.00 
 0.00 ,  0.00 ,  0.00 
 0.00 ,  0.00 ,  0.00 
 0.00 ,  0.00 ,  0.00 
 0.00 ,  0.00 ,  0.00 
 0.00 ,  0.00 ,  0.00 
 0.00 ,  0.00 ,  0.00 
 0.00 ,  0.00 ,  0.00 
 0.00 ,  0.00 ,  0.00 
 0.00 ,  0.00 ,  0.00 
2573.87 ,  0.00 , 2393.70 
 0.00 ,  0.00 ,  0.00 
 0.00 ,  0.00 ,  0.00 
 0.00 ,  0.00 ,  0.00 
 0.00 ,  0.00 ,  0.00 
 0.00 ,  0.00 ,  0.00 
 0.00 ,  0.00 ,  0.00 
 0.00 ,  0.00 ,  0.00 
 0.00 ,  0.00 ,  0.00 
 0.00 ,  0.00 ,  0.00 
 0.00 ,  0.00 ,  0.00 
 0.00 ,  0.00 ,  0.00 
 0.00 ,  0.00 ,  0.00 
 0.00 ,  0.00 ,  0.00 
 0.00 ,  0.00 ,  0.00 
 0.00 ,  0.00 ,  0.00 
 0.00 ,  0.00 ,  0.00 
 0.00 ,  0.00 ,  0.00 
 0.00 ,  0.00 ,  0.00 
2502.17 ,  0.00 , 2327.02 
 0.00 ,  0.00 ,  0.00 
 0.00 ,  0.00 ,  0.00 
 0.00 ,  0.00 ,  0.00 
 0.00 ,  0.00 ,  0.00 
 0.00 ,  0.00 ,  0.00 
 0.00 ,  0.00 ,  0.00 
 0.00 ,  0.00 ,  0.00 
 0.00 ,  0.00 ,  0.00 
 0.00 ,  0.00 ,  0.00 
 0.00 ,  0.00 ,  0.00 
 0.00 ,  0.00 ,  0.00 
 0.00 ,  0.00 ,  0.00 
 0.00 ,  0.00 ,  0.00 
 0.00 ,  0.00 ,  0.00 
 0.00 ,  0.00 ,  0.00 
 0.00 ,  0.00 ,  0.00 
 0.00 ,  0.00 ,  0.00 
 0.00 ,  0.00 ,  0.00 
 0.00 ,  0.00 ,  0.00 
 0.00 ,  0.00 ,  0.00 
2596.71 ,  0.00 , 2414.94 
 0.00 ,  0.00 ,  0.00 
 0.00 ,  0.00 ,  0.00 
 0.00 ,  0.00 ,  0.00 
 0.00 ,  0.00 ,  0.00 
 0.00 ,  0.00 ,  0.00 
 0.00 ,  0.00 ,  0.00 
 0.00 ,  0.00 ,  0.00 
 0.00 ,  0.00 ,  0.00 
 0.00 ,  0.00 ,  0.00 
 0.00 ,  0.00 ,  0.00 
 0.00 ,  0.00 ,  0.00 
 0.00 ,  0.00 ,  0.00 
 0.00 ,  0.00 ,  0.00 
 0.00 ,  0.00 ,  0.00 
2575.42 ,  0.00 , 2395.14 
 0.00 ,  0.00 ,  0.00 
 0.00 ,  0.00 ,  0.00 
 0.00 ,  0.00 ,  0.00 
 0.00 ,  0.00 ,  0.00 
 0.00 ,  0.00 ,  0.00 
 0.00 ,  0.00 ,  0.00 
 0.00 ,  0.00 ,  0.00 
 0.00 ,  0.00 ,  0.00 
 0.00 ,  0.00 ,  0.00 
 0.00 ,  0.00 ,  0.00 
 0.00 ,  0.00 ,  0.00 
 0.00 ,  0.00 ,  0.00 
 0.00 ,  0.00 ,  0.00 
 0.00 ,  0.00 ,  0.00 
 0.00 ,  0.00 ,  0.00 
 0.00 ,  0.00 ,  0.00 
 0.00 ,  0.00 ,  0.00 
 0.00 ,  0.00 ,  0.00 
2515.58 ,  0.00 , 2339.49 
 0.00 ,  0.00 ,  0.00 
 0.00 ,  0.00 ,  0.00 
 0.00 ,  0.00 ,  0.00 
 0.00 ,  0.00 ,  0.00 
 0.00 ,  0.00 ,  0.00 
 0.00 ,  0.00 ,  0.00 
 0.00 ,  0.00 ,  0.00 
 0.00 ,  0.00 ,  0.00 
 0.00 ,  0.00 ,  0.00 
 0.00 ,  0.00 ,  0.00 
 0.00 ,  0.00 ,  0.00 
 0.00 ,  0.00 ,  0.00 
 0.00 ,  0.00 ,  0.00 
 0.00 ,  0.00 ,  0.00 
 0.00 ,  0.00 ,  0.00 
 0.00 ,  0.00 ,  0.00 
 0.00 ,  0.00 ,  0.00 
 0.00 ,  0.00 ,  0.00 
2644.14 ,  0.00 , 2459.05 
 0.00 ,  0.00 ,  0.00 
 0.00 ,  0.00 ,  0.00 
 0.00 ,  0.00 ,  0.00 
 0.00 ,  0.00 ,  0.00 
 0.00 ,  0.00 ,  0.00 
 0.00 ,  0.00 ,  0.00 
 0.00 ,  0.00 ,  0.00 
 0.00 ,  0.00 ,  0.00 
 0.00 ,  0.00 ,  0.00 
 0.00 ,  0.00 ,  0.00 
 0.00 ,  0.00 ,  0.00 
 0.00 ,  0.00 ,  0.00 
 0.00 ,  0.00 ,  0.00 
 0.00 ,  0.00 ,  0.00 
 0.00 ,  0.00 ,  0.00 
 0.00 ,  0.00 ,  0.00 
 0.00 ,  0.00 ,  0.00 
 0.00 ,  0.00 ,  0.00 
 0.00 ,  0.00 ,  0.00 
2566.22 ,  0.00 , 2386.58 
 0.00 ,  0.00 ,  0.00 
 0.00 ,  0.00 ,  0.00 
 0.00 ,  0.00 ,  0.00 
 0.00 ,  0.00 ,  0.00 
 0.00 ,  0.00 ,  0.00 
 0.00 ,  0.00 ,  0.00 
 0.00 ,  0.00 ,  0.00 
 0.00 ,  0.00 ,  0.00 
 0.00 ,  0.00 ,  0.00 
 0.00 ,  0.00 ,  0.00 
 0.00 ,  0.00 ,  0.00 
 0.00 ,  0.00 ,  0.00 
 0.00 ,  0.00 ,  0.00 
 0.00 ,  0.00 ,  0.00 
 0.00 ,  0.00 ,  0.00 
2624.80 ,  0.00 , 2441.07 
 0.00 ,  0.00 ,  0.00 
 0.00 ,  0.00 ,  0.00 
 0.00 ,  0.00 ,  0.00 
 0.00 ,  0.00 ,  0.00 
 0.00 ,  0.00 ,  0.00 
 0.00 ,  0.00 ,  0.00 
 0.00 ,  0.00 ,  0.00 
 0.00 ,  0.00 ,  0.00 
 0.00 ,  0.00 ,  0.00 
 0.00 ,  0.00 ,  0.00 
 0.00 ,  0.00 ,  0.00 
 0.00 ,  0.00 ,  0.00 
 0.00 ,  0.00 ,  0.00 
 0.00 ,  0.00 ,  0.00 
 0.00 ,  0.00 ,  0.00 
 0.00 ,  0.00 ,  0.00 
 0.00 ,  0.00 ,  0.00 
 0.00 ,  0.00 ,  0.00 
2501.59 ,  0.00 , 2326.48 
 0.00 ,  0.00 ,  0.00 
 0.00 ,  0.00 ,  0.00 
 0.00 ,  0.00 ,  0.00 
 0.00 ,  0.00 ,  0.00 
 0.00 ,  0.00 ,  0.00 
 0.00 ,  0.00 ,  0.00 
 0.00 ,  0.00 ,  0.00 
 0.00 ,  0.00 ,  0.00 
 0.00 ,  0.00 ,  0.00 
 0.00 ,  0.00 ,  0.00 
 0.00 ,  0.00 ,  0.00 
 0.00 ,  0.00 ,  0.00 
 0.00 ,  0.00 ,  0.00 
 0.00 ,  0.00 ,  0.00 
 0.00 ,  0.00 ,  0.00 
 0.00 ,  0.00 ,  0.00 
 0.00 ,  0.00 ,  0.00 
2521.36 ,  0.00 , 2344.86 
 0.00 ,  0.00 ,  0.00 
 0.00 ,  0.00 ,  0.00 
 0.00 ,  0.00 ,  0.00 
 0.00 ,  0.00 ,  0.00 
 0.00 ,  0.00 ,  0.00 
 0.00 ,  0.00 ,  0.00 
 0.00 ,  0.00 ,  0.00 
 0.00 ,  0.00 ,  0.00 
 0.00 ,  0.00 ,  0.00 
 0.00 ,  0.00 ,  0.00 
 0.00 ,  0.00 ,  0.00 
 0.00 ,  0.00 ,  0.00 
 0.00 ,  0.00 ,  0.00 
 0.00 ,  0.00 ,  0.00 
 0.00 ,  0.00 ,  0.00 
 0.00 ,  0.00 ,  0.00 
 0.00 ,  0.00 ,  0.00 
 0.00 ,  0.00 ,  0.00 
 0.00 ,  0.00 ,  0.00 
2614.52 ,  0.00 , 2431.51 
 0.00 ,  0.00 ,  0.00 
 0.00 ,  0.00 ,  0.00 
 0.00 ,  0.00 ,  0.00 
 0.00 ,  0.00 ,  0.00 
 0.00 ,  0.00 ,  0.00 
 0.00 ,  0.00 ,  0.00 
 0.00 ,  0.00 ,  0.00 
 0.00 ,  0.00 ,  0.00 
 0.00 ,  0.00 ,  0.00 
 0.00 ,  0.00 ,  0.00 
 0.00 ,  0.00 ,  0.00 
 0.00 ,  0.00 ,  0.00 
 0.00 ,  0.00 ,  0.00 
 0.00 ,  0.00 ,  0.00 
 0.00 ,  0.00 ,  0.00 
2498.59 ,  0.00 , 2323.69 
 0.00 ,  0.00 ,  0.00 
 0.00 ,  0.00 ,  0.00 
 0.00 ,  0.00 ,  0.00 
 0.00 ,  0.00 ,  0.00 
 0.00 ,  0.00 ,  0.00 
 0.00 ,  0.00 ,  0.00 
 0.00 ,  0.00 ,  0.00 
 0.00 ,  0.00 ,  0.00 
 0.00 ,  0.00 ,  0.00 
 0.00 ,  0.00 ,  0.00 
 0.00 ,  0.00 ,  0.00 
 0.00 ,  0.00 ,  0.00 
 0.00 ,  0.00 ,  0.00 
 0.00 ,  0.00 ,  0.00 
 0.00 ,  0.00 ,  0.00 
 0.00 ,  0.00 ,  0.00 
 0.00 ,  0.00 ,  0.00 
 0.00 ,  0.00 ,  0.00 
2623.32 ,  0.00 , 2439.69 
 0.00 ,  0.00 ,  0.00 
 0.00 ,  0.00 ,  0.00 
 0.00 ,  0.00 ,  0.00 
 0.00 ,  0.00 ,  0.00 
 0.00 ,  0.00 ,  0.00 
 0.00 ,  0.00 ,  0.00 
 0.00 ,  0.00 ,  0.00 
 0.00 ,  0.00 ,  0.00 
 0.00 ,  0.00 ,  0.00 
 0.00 ,  0.00 ,  0.00 
 0.00 ,  0.00 ,  0.00 
 0.00 ,  0.00 ,  0.00 
 0.00 ,  0.00 ,  0.00 
 0.00 ,  0.00 ,  0.00 
 0.00 ,  0.00 ,  0.00 
 0.00 ,  0.00 ,  0.00 
 0.00 ,  0.00 ,  0.00 
 0.00 ,  0.00 ,  0.00 
2611.60 ,  0.00 , 2428.79 
 0.00 ,  0.00 ,  0.00 
 0.00 ,  0.00 ,  0.00 
 0.00 ,  0.00 ,  0.00 
 0.00 ,  0.00 ,  0.00 
 0.00 ,  0.00 ,  0.00 
 0.00 ,  0.00 ,  0.00 
 0.00 ,  0.00 ,  0.00 
 0.00 ,  0.00 ,  0.00 
 0.00 ,  0.00 ,  0.00 
 0.00 ,  0.00 ,  0.00 
 0.00 ,  0.00 ,  0.00 
 0.00 ,  0.00 ,  0.00 
 0.00 ,  0.00 ,  0.00 
 0.00 ,  0.00 ,  0.00 
 0.00 ,  0.00 ,  0.00 
 0.00 ,  0.00 ,  0.00 
 0.00 ,  0.00 ,  0.00 
 0.00 ,  0.00 ,  0.00 
2538.13 ,  0.00 , 2360.46 
 0.00 ,  0.00 ,  0.00 
 0.00 ,  0.00 ,  0.00 
 0.00 ,  0.00 ,  0.00 
 0.00 ,  0.00 ,  0.00 
 0.00 ,  0.00 ,  0.00 
 0.00 ,  0.00 ,  0.00 
 0.00 ,  0.00 ,  0.00 
 0.00 ,  0.00 ,  0.00 
 0.00 ,  0.00 ,  0.00 
 0.00 ,  0.00 ,  0.00 
 0.00 ,  0.00 ,  0.00 
 0.00 ,  0.00 ,  0.00 
 0.00 ,  0.00 ,  0.00 
 0.00 ,  0.00 ,  0.00 
 0.00 ,  0.00 ,  0.00 
 0.00 ,  0.00 ,  0.00 
 0.00 ,  0.00 ,  0.00 
 0.00 ,  0.00 ,  0.00 
 0.00 ,  0.00 ,  0.00 
2527.00 ,  0.00 , 2350.11 
 0.00 ,  0.00 ,  0.00 
 0.00 ,  0.00 ,  0.00 
 0.00 ,  0.00 ,  0.00 
 0.00 ,  0.00 ,  0.00 
 0.00 ,  0.00 ,  0.00 
 0.00 ,  0.00 ,  0.00 
 0.00 ,  0.00 ,  0.00 
 0.00 ,  0.00 ,  0.00 
 0.00 ,  0.00 ,  0.00 
 0.00 ,  0.00 ,  0.00 
 0.00 ,  0.00 ,  0.00 
 0.00 ,  0.00 ,  0.00 
 0.00 ,  0.00 ,  0.00 
 0.00 ,  0.00 ,  0.00 
2516.42 ,  0.00 , 2340.27 
 0.00 ,  0.00 ,  0.00 
 0.00 ,  0.00 ,  0.00 
 0.00 ,  0.00 ,  0.00 
 0.00 ,  0.00 ,  0.00 
 0.00 ,  0.00 ,  0.00 
 0.00 ,  0.00 ,  0.00 
 0.00 ,  0.00 ,  0.00 
 0.00 ,  0.00 ,  0.00 
 0.00 ,  0.00 ,  0.00 
 0.00 ,  0.00 ,  0.00 
 0.00 ,  0.00 ,  0.00 
 0.00 ,  0.00 ,  0.00 
 0.00 ,  0.00 ,  0.00 
 0.00 ,  0.00 ,  0.00 
 0.00 ,  0.00 ,  0.00 
 0.00 ,  0.00 ,  0.00 
 0.00 ,  0.00 ,  0.00 
 0.00 ,  0.00 ,  0.00 
2552.42 ,  0.00 , 2373.75 
 0.00 ,  0.00 ,  0.00 
 0.00 ,  0.00 ,  0.00 
 0.00 ,  0.00 ,  0.00 
 0.00 ,  0.00 ,  0.00 
 0.00 ,  0.00 ,  0.00 
 0.00 ,  0.00 ,  0.00 
 0.00 ,  0.00 ,  0.00 
 0.00 ,  0.00 ,  0.00 
 0.00 ,  0.00 ,  0.00 
 0.00 ,  0.00 ,  0.00 
 0.00 ,  0.00 ,  0.00 
 0.00 ,  0.00 ,  0.00 
 0.00 ,  0.00 ,  0.00 
 0.00 ,  0.00 ,  0.00 
 0.00 ,  0.00 ,  0.00 
 0.00 ,  0.00 ,  0.00 
 0.00 ,  0.00 ,  0.00 
 0.00 ,  0.00 ,  0.00 
2600.67 ,  0.00 , 2418.62 
 0.00 ,  0.00 ,  0.00 
 0.00 ,  0.00 ,  0.00 
 0.00 ,  0.00 ,  0.00 
 0.00 ,  0.00 ,  0.00 
 0.00 ,  0.00 ,  0.00 
 0.00 ,  0.00 ,  0.00 
 0.00 ,  0.00 ,  0.00 
 0.00 ,  0.00 ,  0.00 
 0.00 ,  0.00 ,  0.00 
 0.00 ,  0.00 ,  0.00 
 0.00 ,  0.00 ,  0.00 
 0.00 ,  0.00 ,  0.00 
 0.00 ,  0.00 ,  0.00 
 0.00 ,  0.00 ,  0.00 
 0.00 ,  0.00 ,  0.00 
 0.00 ,  0.00 ,  0.00 
 0.00 ,  0.00 ,  0.00 
 0.00 ,  0.00 ,  0.00 
 0.00 ,  0.00 ,  0.00 
 0.00 ,  0.00 ,  0.00 
2726.16 ,  0.00 , 2535.33 
 0.00 ,  0.00 ,  0.00 
 0.00 ,  0.00 ,  0.00 
 0.00 ,  0.00 ,  0.00 
 0.00 ,  0.00 ,  0.00 
 0.00 ,  0.00 ,  0.00 
 0.00 ,  0.00 ,  0.00 
 0.00 ,  0.00 ,  0.00 
 0.00 ,  0.00 ,  0.00 
 0.00 ,  0.00 ,  0.00 
 0.00 ,  0.00 ,  0.00 
 0.00 ,  0.00 ,  0.00 
 0.00 ,  0.00 ,  0.00 
 0.00 ,  0.00 ,  0.00 
 0.00 ,  0.00 ,  0.00 
 0.00 ,  0.00 ,  0.00 
2624.80 ,  0.00 , 2441.07 
 0.00 ,  0.00 ,  0.00 
 0.00 ,  0.00 ,  0.00 
 0.00 ,  0.00 ,  0.00 
 0.00 ,  0.00 ,  0.00 
 0.00 ,  0.00 ,  0.00 
 0.00 ,  0.00 ,  0.00 
 0.00 ,  0.00 ,  0.00 
 0.00 ,  0.00 ,  0.00 
 0.00 ,  0.00 ,  0.00 
 0.00 ,  0.00 ,  0.00 
 0.00 ,  0.00 ,  0.00 
 0.00 ,  0.00 ,  0.00 
 0.00 ,  0.00 ,  0.00 
 0.00 ,  0.00 ,  0.00 
 0.00 ,  0.00 ,  0.00 
 0.00 ,  0.00 ,  0.00 
 0.00 ,  0.00 ,  0.00 
 0.00 ,  0.00 ,  0.00 
2501.59 ,  0.00 , 2326.48 
 0.00 ,  0.00 ,  0.00 
 0.00 ,  0.00 ,  0.00 
 0.00 ,  0.00 ,  0.00 
 0.00 ,  0.00 ,  0.00 
 0.00 ,  0.00 ,  0.00 
 0.00 ,  0.00 ,  0.00 
 0.00 ,  0.00 ,  0.00 
 0.00 ,  0.00 ,  0.00 
 0.00 ,  0.00 ,  0.00 
 0.00 ,  0.00 ,  0.00 
 0.00 ,  0.00 ,  0.00 
 0.00 ,  0.00 ,  0.00 
 0.00 ,  0.00 ,  0.00 
 0.00 ,  0.00 ,  0.00 
 0.00 ,  0.00 ,  0.00 
 0.00 ,  0.00 ,  0.00 
 0.00 ,  0.00 ,  0.00 
2521.36 ,  0.00 , 2344.86 
 0.00 ,  0.00 ,  0.00 
 0.00 ,  0.00 ,  0.00 
 0.00 ,  0.00 ,  0.00 
 0.00 ,  0.00 ,  0.00 
 0.00 ,  0.00 ,  0.00 
 0.00 ,  0.00 ,  0.00 
 0.00 ,  0.00 ,  0.00 
 0.00 ,  0.00 ,  0.00 
 0.00 ,  0.00 ,  0.00 
 0.00 ,  0.00 ,  0.00 
 0.00 ,  0.00 ,  0.00 
 0.00 ,  0.00 ,  0.00 
 0.00 ,  0.00 ,  0.00 
 0.00 ,  0.00 ,  0.00 
 0.00 ,  0.00 ,  0.00 
 0.00 ,  0.00 ,  0.00 
 0.00 ,  0.00 ,  0.00 
 0.00 ,  0.00 ,  0.00 
 0.00 ,  0.00 ,  0.00 
2614.52 ,  0.00 , 2431.51 
 0.00 ,  0.00 ,  0.00 
 0.00 ,  0.00 ,  0.00 
 0.00 ,  0.00 ,  0.00 
 0.00 ,  0.00 ,  0.00 
 0.00 ,  0.00 ,  0.00 
 0.00 ,  0.00 ,  0.00 
 0.00 ,  0.00 ,  0.00 
 0.00 ,  0.00 ,  0.00 
 0.00 ,  0.00 ,  0.00 
 0.00 ,  0.00 ,  0.00 
 0.00 ,  0.00 ,  0.00 
 0.00 ,  0.00 ,  0.00 
 0.00 ,  0.00 ,  0.00 
 0.00 ,  0.00 ,  0.00 
 0.00 ,  0.00 ,  0.00 
2498.59 ,  0.00 , 2323.69 
 0.00 ,  0.00 ,  0.00 
 0.00 ,  0.00 ,  0.00 
 0.00 ,  0.00 ,  0.00 
 0.00 ,  0.00 ,  0.00 
 0.00 ,  0.00 ,  0.00 
 0.00 ,  0.00 ,  0.00 
 0.00 ,  0.00 ,  0.00 
 0.00 ,  0.00 ,  0.00 
 0.00 ,  0.00 ,  0.00 
 0.00 ,  0.00 ,  0.00 
 0.00 ,  0.00 ,  0.00 
 0.00 ,  0.00 ,  0.00 
 0.00 ,  0.00 ,  0.00 
 0.00 ,  0.00 ,  0.00 
 0.00 ,  0.00 ,  0.00 
 0.00 ,  0.00 ,  0.00 
 0.00 ,  0.00 ,  0.00 
 0.00 ,  0.00 ,  0.00 
2623.32 ,  0.00 , 2439.69 
 0.00 ,  0.00 ,  0.00 
 0.00 ,  0.00 ,  0.00 
 0.00 ,  0.00 ,  0.00 
 0.00 ,  0.00 ,  0.00 
 0.00 ,  0.00 ,  0.00 
 0.00 ,  0.00 ,  0.00 
 0.00 ,  0.00 ,  0.00 
 0.00 ,  0.00 ,  0.00 
 0.00 ,  0.00 ,  0.00 
 0.00 ,  0.00 ,  0.00 
 0.00 ,  0.00 ,  0.00 
 0.00 ,  0.00 ,  0.00 
 0.00 ,  0.00 ,  0.00 
 0.00 ,  0.00 ,  0.00 
 0.00 ,  0.00 ,  0.00 
 0.00 ,  0.00 ,  0.00 
 0.00 ,  0.00 ,  0.00 
 0.00 ,  0.00 ,  0.00 
2611.60 ,  0.00 , 2428.79 
 0.00 ,  0.00 ,  0.00 
 0.00 ,  0.00 ,  0.00 
 0.00 ,  0.00 ,  0.00 
 0.00 ,  0.00 ,  0.00 
 0.00 ,  0.00 ,  0.00 
 0.00 ,  0.00 ,  0.00 
 0.00 ,  0.00 ,  0.00 
 0.00 ,  0.00 ,  0.00 
 0.00 ,  0.00 ,  0.00 
 0.00 ,  0.00 ,  0.00 
 0.00 ,  0.00 ,  0.00 
 0.00 ,  0.00 ,  0.00 
 0.00 ,  0.00 ,  0.00 
 0.00 ,  0.00 ,  0.00 
 0.00 ,  0.00 ,  0.00 
 0.00 ,  0.00 ,  0.00 
 0.00 ,  0.00 ,  0.00 
 0.00 ,  0.00 ,  0.00 
2538.13 ,  0.00 , 2360.46 
 0.00 ,  0.00 ,  0.00 
 0.00 ,  0.00 ,  0.00 
 0.00 ,  0.00 ,  0.00 
 0.00 ,  0.00 ,  0.00 
 0.00 ,  0.00 ,  0.00 
 0.00 ,  0.00 ,  0.00 
 0.00 ,  0.00 ,  0.00 
 0.00 ,  0.00 ,  0.00 
 0.00 ,  0.00 ,  0.00 
 0.00 ,  0.00 ,  0.00 
 0.00 ,  0.00 ,  0.00 
 0.00 ,  0.00 ,  0.00 
 0.00 ,  0.00 ,  0.00 
 0.00 ,  0.00 ,  0.00 
 0.00 ,  0.00 ,  0.00 
 0.00 ,  0.00 ,  0.00 
 0.00 ,  0.00 ,  0.00 
 0.00 ,  0.00 ,  0.00 
 0.00 ,  0.00 ,  0.00 
2527.00 ,  0.00 , 2350.11 
 0.00 ,  0.00 ,  0.00 
 0.00 ,  0.00 ,  0.00 
 0.00 ,  0.00 ,  0.00 
 0.00 ,  0.00 ,  0.00 
 0.00 ,  0.00 ,  0.00 
 0.00 ,  0.00 ,  0.00 
 0.00 ,  0.00 ,  0.00 
 0.00 ,  0.00 ,  0.00 
 0.00 ,  0.00 ,  0.00 
 0.00 ,  0.00 ,  0.00 
 0.00 ,  0.00 ,  0.00 
 0.00 ,  0.00 ,  0.00 
 0.00 ,  0.00 ,  0.00 
 0.00 ,  0.00 ,  0.00 
2516.42 ,  0.00 , 2340.27 
 0.00 ,  0.00 ,  0.00 
 0.00 ,  0.00 ,  0.00 
 0.00 ,  0.00 ,  0.00 
 0.00 ,  0.00 ,  0.00 
 0.00 ,  0.00 ,  0.00 
 0.00 ,  0.00 ,  0.00 
 0.00 ,  0.00 ,  0.00 
 0.00 ,  0.00 ,  0.00 
 0.00 ,  0.00 ,  0.00 
 0.00 ,  0.00 ,  0.00 
 0.00 ,  0.00 ,  0.00 
 0.00 ,  0.00 ,  0.00 
 0.00 ,  0.00 ,  0.00 
 0.00 ,  0.00 ,  0.00 
 0.00 ,  0.00 ,  0.00 
 0.00 ,  0.00 ,  0.00 
 0.00 ,  0.00 ,  0.00 
 0.00 ,  0.00 ,  0.00 
2552.42 ,  0.00 , 2373.75 
 0.00 ,  0.00 ,  0.00 
 0.00 ,  0.00 ,  0.00 
 0.00 ,  0.00 ,  0.00 
 0.00 ,  0.00 ,  0.00 
 0.00 ,  0.00 ,  0.00 
 0.00 ,  0.00 ,  0.00 
 0.00 ,  0.00 ,  0.00 
 0.00 ,  0.00 ,  0.00 
 0.00 ,  0.00 ,  0.00 
 0.00 ,  0.00 ,  0.00 
 0.00 ,  0.00 ,  0.00 
 0.00 ,  0.00 ,  0.00 
 0.00 ,  0.00 ,  0.00 
 0.00 ,  0.00 ,  0.00 
 0.00 ,  0.00 ,  0.00 
 0.00 ,  0.00 ,  0.00 
 0.00 ,  0.00 ,  0.00 
 0.00 ,  0.00 ,  0.00 
2600.67 ,  0.00 , 2418.62 
 0.00 ,  0.00 ,  0.00 
 0.00 ,  0.00 ,  0.00 
 0.00 ,  0.00 ,  0.00 
 0.00 ,  0.00 ,  0.00 
 0.00 ,  0.00 ,  0.00 
 0.00 ,  0.00 ,  0.00 
 0.00 ,  0.00 ,  0.00 
 0.00 ,  0.00 ,  0.00 
 0.00 ,  0.00 ,  0.00 
 0.00 ,  0.00 ,  0.00 
 0.00 ,  0.00 ,  0.00 
 0.00 ,  0.00 ,  0.00 
 0.00 ,  0.00 ,  0.00 
 0.00 ,  0.00 ,  0.00 
 0.00 ,  0.00 ,  0.00 
 0.00 ,  0.00 ,  0.00 
 0.00 ,  0.00 ,  0.00 
 0.00 ,  0.00 ,  0.00 
 0.00 ,  0.00 ,  0.00 
 0.00 ,  0.00 ,  0.00 
2726.16 ,  0.00 , 2535.33 
 0.00 ,  0.00 ,  0.00 
 0.00 ,  0.00 ,  0.00 
 0.00 ,  0.00 ,  0.00 
 0.00 ,  0.00 ,  0.00 
 0.00 ,  0.00 ,  0.00 
 0.00 ,  0.00 ,  0.00 
 0.00 ,  0.00 ,  0.00 
 0.00 ,  0.00 ,  0.00 
 0.00 ,  0.00 ,  0.00 
 0.00 ,  0.00 ,  0.00 
 0.00 ,  0.00 ,  0.00 
 0.00 ,  0.00 ,  0.00 
 0.00 ,  0.00 ,  0.00 
 0.00 ,  0.00 ,  0.00 
 0.00 ,  0.00 ,  0.00 
2624.80 ,  0.00 , 2441.07 
 0.00 ,  0.00 ,  0.00 
 0.00 ,  0.00 ,  0.00 
 0.00 ,  0.00 ,  0.00 
 0.00 ,  0.00 ,  0.00 
 0.00 ,  0.00 ,  0.00 
 0.00 ,  0.00 ,  0.00 
 0.00 ,  0.00 ,  0.00 
 0.00 ,  0.00 ,  0.00 
 0.00 ,  0.00 ,  0.00 
 0.00 ,  0.00 ,  0.00 
 0.00 ,  0.00 ,  0.00 
 0.00 ,  0.00 ,  0.00 
 0.00 ,  0.00 ,  0.00 
 0.00 ,  0.00 ,  0.00 
 0.00 ,  0.00 ,  0.00 
 0.00 ,  0.00 ,  0.00 
 0.00 ,  0.00 ,  0.00 
 0.00 ,  0.00 ,  0.00 
2501.59 ,  0.00 , 2326.48 
 0.00 ,  0.00 ,  0.00 
 0.00 ,  0.00 ,  0.00 
 0.00 ,  0.00 ,  0.00 
 0.00 ,  0.00 ,  0.00 
 0.00 ,  0.00 ,  0.00 
 0.00 ,  0.00 ,  0.00 
 0.00 ,  0.00 ,  0.00 
 0.00 ,  0.00 ,  0.00 
 0.00 ,  0.00 ,  0.00 
 0.00 ,  0.00 ,  0.00 
 0.00 ,  0.00 ,  0.00 
 0.00 ,  0.00 ,  0.00 
 0.00 ,  0.00 ,  0.00 
 0.00 ,  0.00 ,  0.00 
 0.00 ,  0.00 ,  0.00 
 0.00 ,  0.00 ,  0.00 
 0.00 ,  0.00 ,  0.00 
2521.36 ,  0.00 , 2344.86 
 0.00 ,  0.00 ,  0.00 
 0.00 ,  0.00 ,  0.00 
 0.00 ,  0.00 ,  0.00 
 0.00 ,  0.00 ,  0.00 
 0.00 ,  0.00 ,  0.00 
 0.00 ,  0.00 ,  0.00 
 0.00 ,  0.00 ,  0.00 
 0.00 ,  0.00 ,  0.00 
 0.00 ,  0.00 ,  0.00 
 0.00 ,  0.00 ,  0.00 
 0.00 ,  0.00 ,  0.00 
 0.00 ,  0.00 ,  0.00 
 0.00 ,  0.00 ,  0.00 
 0.00 ,  0.00 ,  0.00 
 0.00 ,  0.00 ,  0.00 
 0.00 ,  0.00 ,  0.00 
 0.00 ,  0.00 ,  0.00 
 0.00 ,  0.00 ,  0.00 
 0.00 ,  0.00 ,  0.00 
2614.52 ,  0.00 , 2431.51 
 0.00 ,  0.00 ,  0.00 
 0.00 ,  0.00 ,  0.00 
 0.00 ,  0.00 ,  0.00 
 0.00 ,  0.00 ,  0.00 
 0.00 ,  0.00 ,  0.00 
 0.00 ,  0.00 ,  0.00 
 0.00 ,  0.00 ,  0.00 
 0.00 ,  0.00 ,  0.00 
 0.00 ,  0.00 ,  0.00 
 0.00 ,  0.00 ,  0.00 
 0.00 ,  0.00 ,  0.00 
 0.00 ,  0.00 ,  0.00 
 0.00 ,  0.00 ,  0.00 
 0.00 ,  0.00 ,  0.00 
 0.00 ,  0.00 ,  0.00 
2498.59 ,  0.00 , 2323.69 
 0.00 ,  0.00 ,  0.00 
 0.00 ,  0.00 ,  0.00 
 0.00 ,  0.00 ,  0.00 
 0.00 ,  0.00 ,  0.00 
 0.00 ,  0.00 ,  0.00 
 0.00 ,  0.00 ,  0.00 
 0.00 ,  0.00 ,  0.00 
 0.00 ,  0.00 ,  0.00 
 0.00 ,  0.00 ,  0.00 
 0.00 ,  0.00 ,  0.00 
 0.00 ,  0.00 ,  0.00 
 0.00 ,  0.00 ,  0.00 
 0.00 ,  0.00 ,  0.00 
 0.00 ,  0.00 ,  0.00 
 0.00 ,  0.00 ,  0.00 
 0.00 ,  0.00 ,  0.00 
 0.00 ,  0.00 ,  0.00 
 0.00 ,  0.00 ,  0.00 
2623.32 ,  0.00 , 2439.69 
 0.00 ,  0.00 ,  0.00 
 0.00 ,  0.00 ,  0.00 
 0.00 ,  0.00 ,  0.00 
 0.00 ,  0.00 ,  0.00 
 0.00 ,  0.00 ,  0.00 
 0.00 ,  0.00 ,  0.00 
 0.00 ,  0.00 ,  0.00 
 0.00 ,  0.00 ,  0.00 
 0.00 ,  0.00 ,  0.00 
 0.00 ,  0.00 ,  0.00 
 0.00 ,  0.00 ,  0.00 
 0.00 ,  0.00 ,  0.00 
 0.00 ,  0.00 ,  0.00 
 0.00 ,  0.00 ,  0.00 
 0.00 ,  0.00 ,  0.00 
 0.00 ,  0.00 ,  0.00 
 0.00 ,  0.00 ,  0.00 
 0.00 ,  0.00 ,  0.00 
2611.60 ,  0.00 , 2428.79 
 0.00 ,  0.00 ,  0.00 
 0.00 ,  0.00 ,  0.00 
 0.00 ,  0.00 ,  0.00 
 0.00 ,  0.00 ,  0.00 
 0.00 ,  0.00 ,  0.00 
 0.00 ,  0.00 ,  0.00 
 0.00 ,  0.00 ,  0.00 
 0.00 ,  0.00 ,  0.00 
 0.00 ,  0.00 ,  0.00 
 0.00 ,  0.00 ,  0.00 
 0.00 ,  0.00 ,  0.00 
 0.00 ,  0.00 ,  0.00 
 0.00 ,  0.00 ,  0.00 
 0.00 ,  0.00 ,  0.00 
 0.00 ,  0.00 ,  0.00 
 0.00 ,  0.00 ,  0.00 
 0.00 ,  0.00 ,  0.00 
 0.00 ,  0.00 ,  0.00 
2538.13 ,  0.00 , 2360.46 
 0.00 ,  0.00 ,  0.00 
 0.00 ,  0.00 ,  0.00 
 0.00 ,  0.00 ,  0.00 
 0.00 ,  0.00 ,  0.00 
 0.00 ,  0.00 ,  0.00 
 0.00 ,  0.00 ,  0.00 
 0.00 ,  0.00 ,  0.00 
 0.00 ,  0.00 ,  0.00 
 0.00 ,  0.00 ,  0.00 
 0.00 ,  0.00 ,  0.00 
 0.00 ,  0.00 ,  0.00 
 0.00 ,  0.00 ,  0.00 
 0.00 ,  0.00 ,  0.00 
 0.00 ,  0.00 ,  0.00 
 0.00 ,  0.00 ,  0.00 
 0.00 ,  0.00 ,  0.00 
 0.00 ,  0.00 ,  0.00 
 0.00 ,  0.00 ,  0.00 
 0.00 ,  0.00 ,  0.00 
2527.00 ,  0.00 , 2350.11 
 0.00 ,  0.00 ,  0.00 
 0.00 ,  0.00 ,  0.00 
 0.00 ,  0.00 ,  0.00 
 0.00 ,  0.00 ,  0.00 
 0.00 ,  0.00 ,  0.00 
 0.00 ,  0.00 ,  0.00 
 0.00 ,  0.00 ,  0.00 
 0.00 ,  0.00 ,  0.00 
 0.00 ,  0.00 ,  0.00 
 0.00 ,  0.00 ,  0.00 
 0.00 ,  0.00 ,  0.00 
 0.00 ,  0.00 ,  0.00 
 0.00 ,  0.00 ,  0.00 
 0.00 ,  0.00 ,  0.00 
2516.42 ,  0.00 , 2340.27 
 0.00 ,  0.00 ,  0.00 
 0.00 ,  0.00 ,  0.00 
 0.00 ,  0.00 ,  0.00 
 0.00 ,  0.00 ,  0.00 
 0.00 ,  0.00 ,  0.00 
 0.00 ,  0.00 ,  0.00 
 0.00 ,  0.00 ,  0.00 
 0.00 ,  0.00 ,  0.00 
 0.00 ,  0.00 ,  0.00 
 0.00 ,  0.00 ,  0.00 
 0.00 ,  0.00 ,  0.00 
 0.00 ,  0.00 ,  0.00 
 0.00 ,  0.00 ,  0.00 
 0.00 ,  0.00 ,  0.00 
 0.00 ,  0.00 ,  0.00 
 0.00 ,  0.00 ,  0.00 
 0.00 ,  0.00 ,  0.00 
2504.33 ,  0.00 , 2329.02 
 0.00 ,  0.00 ,  0.00 
 0.00 ,  0.00 ,  0.00 
 0.00 ,  0.00 ,  0.00 
 0.00 ,  0.00 ,  0.00 
 0.00 ,  0.00 ,  0.00 
 0.00 ,  0.00 ,  0.00 
 0.00 ,  0.00 ,  0.00 
 0.00 ,  0.00 ,  0.00 
 0.00 ,  0.00 ,  0.00 
 0.00 ,  0.00 ,  0.00 
 0.00 ,  0.00 ,  0.00 
 0.00 ,  0.00 ,  0.00 
 0.00 ,  0.00 ,  0.00 
 0.00 ,  0.00 ,  0.00 
 0.00 ,  0.00 ,  0.00 
 0.00 ,  0.00 ,  0.00 
 0.00 ,  0.00 ,  0.00 
 0.00 ,  0.00 ,  0.00 
2610.06 ,  0.00 , 2427.35 
 0.00 ,  0.00 ,  0.00 
 0.00 ,  0.00 ,  0.00 
 0.00 ,  0.00 ,  0.00 
 0.00 ,  0.00 ,  0.00 
 0.00 ,  0.00 ,  0.00 
 0.00 ,  0.00 ,  0.00 
 0.00 ,  0.00 ,  0.00 
 0.00 ,  0.00 ,  0.00 
 0.00 ,  0.00 ,  0.00 
 0.00 ,  0.00 ,  0.00 
 0.00 ,  0.00 ,  0.00 
 0.00 ,  0.00 ,  0.00 
 0.00 ,  0.00 ,  0.00 
 0.00 ,  0.00 ,  0.00 
 0.00 ,  0.00 ,  0.00 
 0.00 ,  0.00 ,  0.00 
 0.00 ,  0.00 ,  0.00 
2498.18 ,  0.00 , 2323.30 
 0.00 ,  0.00 ,  0.00 
 0.00 ,  0.00 ,  0.00 
 0.00 ,  0.00 ,  0.00 
 0.00 ,  0.00 ,  0.00 
 0.00 ,  0.00 ,  0.00 
 0.00 ,  0.00 ,  0.00 
 0.00 ,  0.00 ,  0.00 
 0.00 ,  0.00 ,  0.00 
 0.00 ,  0.00 ,  0.00 
 0.00 ,  0.00 ,  0.00 
 0.00 ,  0.00 ,  0.00 
 0.00 ,  0.00 ,  0.00 
 0.00 ,  0.00 ,  0.00 
 0.00 ,  0.00 ,  0.00 
 0.00 ,  0.00 ,  0.00 
2546.18 ,  0.00 , 2367.95 
 0.00 ,  0.00 ,  0.00 
 0.00 ,  0.00 ,  0.00 
 0.00 ,  0.00 ,  0.00 
 0.00 ,  0.00 ,  0.00 
 0.00 ,  0.00 ,  0.00 
 0.00 ,  0.00 ,  0.00 
 0.00 ,  0.00 ,  0.00 
 0.00 ,  0.00 ,  0.00 
 0.00 ,  0.00 ,  0.00 
 0.00 ,  0.00 ,  0.00 
 0.00 ,  0.00 ,  0.00 
 0.00 ,  0.00 ,  0.00 
 0.00 ,  0.00 ,  0.00 
 0.00 ,  0.00 ,  0.00 
 0.00 ,  0.00 ,  0.00 
 0.00 ,  0.00 ,  0.00 
 0.00 ,  0.00 ,  0.00 
2558.41 ,  0.00 , 2379.32 
 0.00 ,  0.00 ,  0.00 
 0.00 ,  0.00 ,  0.00 
 0.00 ,  0.00 ,  0.00 
 0.00 ,  0.00 ,  0.00 
 0.00 ,  0.00 ,  0.00 
 0.00 ,  0.00 ,  0.00 
 0.00 ,  0.00 ,  0.00 
 0.00 ,  0.00 ,  0.00 
 0.00 ,  0.00 ,  0.00 
 0.00 ,  0.00 ,  0.00 
 0.00 ,  0.00 ,  0.00 
 0.00 ,  0.00 ,  0.00 
 0.00 ,  0.00 ,  0.00 
 0.00 ,  0.00 ,  0.00 
 0.00 ,  0.00 ,  0.00 
 0.00 ,  0.00 ,  0.00 
 0.00 ,  0.00 ,  0.00 
 0.00 ,  0.00 ,  0.00 
2540.45 ,  0.00 , 2362.62 
 0.00 ,  0.00 ,  0.00 
 0.00 ,  0.00 ,  0.00 
 0.00 ,  0.00 ,  0.00 
 0.00 ,  0.00 ,  0.00 
 0.00 ,  0.00 ,  0.00 
 0.00 ,  0.00 ,  0.00 
 0.00 ,  0.00 ,  0.00 
 0.00 ,  0.00 ,  0.00 
 0.00 ,  0.00 ,  0.00 
 0.00 ,  0.00 ,  0.00 
 0.00 ,  0.00 ,  0.00 
 0.00 ,  0.00 ,  0.00 
 0.00 ,  0.00 ,  0.00 
 0.00 ,  0.00 ,  0.00 
2515.61 ,  0.00 , 2339.52 
 0.00 ,  0.00 ,  0.00 
 0.00 ,  0.00 ,  0.00 
 0.00 ,  0.00 ,  0.00 
 0.00 ,  0.00 ,  0.00 
 0.00 ,  0.00 ,  0.00 
 0.00 ,  0.00 ,  0.00 
 0.00 ,  0.00 ,  0.00 
 0.00 ,  0.00 ,  0.00 
 0.00 ,  0.00 ,  0.00 
 0.00 ,  0.00 ,  0.00 
 0.00 ,  0.00 ,  0.00 
 0.00 ,  0.00 ,  0.00 
 0.00 ,  0.00 ,  0.00 
 0.00 ,  0.00 ,  0.00 
 0.00 ,  0.00 ,  0.00 
 0.00 ,  0.00 ,  0.00 
 0.00 ,  0.00 ,  0.00 
 0.00 ,  0.00 ,  0.00 
2571.76 ,  0.00 , 2391.74 
 0.00 ,  0.00 ,  0.00 
 0.00 ,  0.00 ,  0.00 
 0.00 ,  0.00 ,  0.00 
 0.00 ,  0.00 ,  0.00 
 0.00 ,  0.00 ,  0.00 
 0.00 ,  0.00 ,  0.00 
 0.00 ,  0.00 ,  0.00 
 0.00 ,  0.00 ,  0.00 
 0.00 ,  0.00 ,  0.00 
 0.00 ,  0.00 ,  0.00 
 0.00 ,  0.00 ,  0.00 
 0.00 ,  0.00 ,  0.00 
 0.00 ,  0.00 ,  0.00 
 0.00 ,  0.00 ,  0.00 
 0.00 ,  0.00 ,  0.00 
 0.00 ,  0.00 ,  0.00 
 0.00 ,  0.00 ,  0.00 
2594.90 ,  0.00 , 2413.26 
 0.00 ,  0.00 ,  0.00 
 0.00 ,  0.00 ,  0.00 
 0.00 ,  0.00 ,  0.00 
 0.00 ,  0.00 ,  0.00 
 0.00 ,  0.00 ,  0.00 
 0.00 ,  0.00 ,  0.00 
 0.00 ,  0.00 ,  0.00 
 0.00 ,  0.00 ,  0.00 
 0.00 ,  0.00 ,  0.00 
 0.00 ,  0.00 ,  0.00 
 0.00 ,  0.00 ,  0.00 
 0.00 ,  0.00 ,  0.00 
 0.00 ,  0.00 ,  0.00 
 0.00 ,  0.00 ,  0.00 
 0.00 ,  0.00 ,  0.00 
 0.00 ,  0.00 ,  0.00 
 0.00 ,  0.00 ,  0.00 
 0.00 ,  0.00 ,  0.00 
 0.00 ,  0.00 ,  0.00 
2687.71 ,  0.00 , 2499.57 
 0.00 ,  0.00 ,  0.00 
 0.00 ,  0.00 ,  0.00 
 0.00 ,  0.00 ,  0.00 
 0.00 ,  0.00 ,  0.00 
 0.00 ,  0.00 ,  0.00 
 0.00 ,  0.00 ,  0.00 
 0.00 ,  0.00 ,  0.00 
 0.00 ,  0.00 ,  0.00 
 0.00 ,  0.00 ,  0.00 
 0.00 ,  0.00 ,  0.00 
 0.00 ,  0.00 ,  0.00 
 0.00 ,  0.00 ,  0.00 
 0.00 ,  0.00 ,  0.00 
 0.00 ,  0.00 ,  0.00 
2515.61 ,  0.00 , 2339.52 
 0.00 ,  0.00 ,  0.00 
 0.00 ,  0.00 ,  0.00 
 0.00 ,  0.00 ,  0.00 
 0.00 ,  0.00 ,  0.00 
 0.00 ,  0.00 ,  0.00 
 0.00 ,  0.00 ,  0.00 
 0.00 ,  0.00 ,  0.00 
 0.00 ,  0.00 ,  0.00 
 0.00 ,  0.00 ,  0.00 
 0.00 ,  0.00 ,  0.00 
 0.00 ,  0.00 ,  0.00 
 0.00 ,  0.00 ,  0.00 
 0.00 ,  0.00 ,  0.00 
 0.00 ,  0.00 ,  0.00 
 0.00 ,  0.00 ,  0.00 
 0.00 ,  0.00 ,  0.00 
 0.00 ,  0.00 ,  0.00 
 0.00 ,  0.00 ,  0.00 
2571.76 ,  0.00 , 2391.74 
 0.00 ,  0.00 ,  0.00 
 0.00 ,  0.00 ,  0.00 
 0.00 ,  0.00 ,  0.00 
 0.00 ,  0.00 ,  0.00 
 0.00 ,  0.00 ,  0.00 
 0.00 ,  0.00 ,  0.00 
 0.00 ,  0.00 ,  0.00 
 0.00 ,  0.00 ,  0.00 
 0.00 ,  0.00 ,  0.00 
 0.00 ,  0.00 ,  0.00 
 0.00 ,  0.00 ,  0.00 
 0.00 ,  0.00 ,  0.00 
 0.00 ,  0.00 ,  0.00 
 0.00 ,  0.00 ,  0.00 
 0.00 ,  0.00 ,  0.00 
 0.00 ,  0.00 ,  0.00 
 0.00 ,  0.00 ,  0.00 
2594.90 ,  0.00 , 2413.26 
 0.00 ,  0.00 ,  0.00 
 0.00 ,  0.00 ,  0.00 
 0.00 ,  0.00 ,  0.00 
 0.00 ,  0.00 ,  0.00 
 0.00 ,  0.00 ,  0.00 
 0.00 ,  0.00 ,  0.00 
 0.00 ,  0.00 ,  0.00 
 0.00 ,  0.00 ,  0.00 
 0.00 ,  0.00 ,  0.00 
 0.00 ,  0.00 ,  0.00 
 0.00 ,  0.00 ,  0.00 
 0.00 ,  0.00 ,  0.00 
 0.00 ,  0.00 ,  0.00 
 0.00 ,  0.00 ,  0.00 
 0.00 ,  0.00 ,  0.00 
 0.00 ,  0.00 ,  0.00 
 0.00 ,  0.00 ,  0.00 
 0.00 ,  0.00 ,  0.00 
 0.00 ,  0.00 ,  0.00 
2687.71 ,  0.00 , 2499.57 
 0.00 ,  0.00 ,  0.00 
 0.00 ,  0.00 ,  0.00 
 0.00 ,  0.00 ,  0.00 
 0.00 ,  0.00 ,  0.00 
 0.00 ,  0.00 ,  0.00 
 0.00 ,  0.00 ,  0.00 
 0.00 ,  0.00 ,  0.00 
 0.00 ,  0.00 ,  0.00 
 0.00 ,  0.00 ,  0.00 
 0.00 ,  0.00 ,  0.00 
 0.00 ,  0.00 ,  0.00 
 0.00 ,  0.00 ,  0.00 
 0.00 ,  0.00 ,  0.00 
 0.00 ,  0.00 ,  0.00 
2515.61 ,  0.00 , 2339.52 
 0.00 ,  0.00 ,  0.00 
 0.00 ,  0.00 ,  0.00 
 0.00 ,  0.00 ,  0.00 
 0.00 ,  0.00 ,  0.00 
 0.00 ,  0.00 ,  0.00 
 0.00 ,  0.00 ,  0.00 
 0.00 ,  0.00 ,  0.00 
 0.00 ,  0.00 ,  0.00 
 0.00 ,  0.00 ,  0.00 
 0.00 ,  0.00 ,  0.00 
 0.00 ,  0.00 ,  0.00 
 0.00 ,  0.00 ,  0.00 
 0.00 ,  0.00 ,  0.00 
 0.00 ,  0.00 ,  0.00 
 0.00 ,  0.00 ,  0.00 
 0.00 ,  0.00 ,  0.00 
 0.00 ,  0.00 ,  0.00 
 0.00 ,  0.00 ,  0.00 
2571.76 ,  0.00 , 2391.74 
 0.00 ,  0.00 ,  0.00 
 0.00 ,  0.00 ,  0.00 
 0.00 ,  0.00 ,  0.00 
 0.00 ,  0.00 ,  0.00 
 0.00 ,  0.00 ,  0.00 
 0.00 ,  0.00 ,  0.00 
 0.00 ,  0.00 ,  0.00 
 0.00 ,  0.00 ,  0.00 
 0.00 ,  0.00 ,  0.00 
 0.00 ,  0.00 ,  0.00 
 0.00 ,  0.00 ,  0.00 
 0.00 ,  0.00 ,  0.00 
 0.00 ,  0.00 ,  0.00 
 0.00 ,  0.00 ,  0.00 
 0.00 ,  0.00 ,  0.00 
 0.00 ,  0.00 ,  0.00 
 0.00 ,  0.00 ,  0.00 
2594.90 ,  0.00 , 2413.26 
 0.00 ,  0.00 ,  0.00 
 0.00 ,  0.00 ,  0.00 
 0.00 ,  0.00 ,  0.00 
 0.00 ,  0.00 ,  0.00 
 0.00 ,  0.00 ,  0.00 
 0.00 ,  0.00 ,  0.00 
 0.00 ,  0.00 ,  0.00 
 0.00 ,  0.00 ,  0.00 
 0.00 ,  0.00 ,  0.00 
 0.00 ,  0.00 ,  0.00 
 0.00 ,  0.00 ,  0.00 
 0.00 ,  0.00 ,  0.00 
 0.00 ,  0.00 ,  0.00 
 0.00 ,  0.00 ,  0.00 
 0.00 ,  0.00 ,  0.00 
 0.00 ,  0.00 ,  0.00 
 0.00 ,  0.00 ,  0.00 
 0.00 ,  0.00 ,  0.00 
 0.00 ,  0.00 ,  0.00 
2687.71 ,  0.00 , 2499.57 
 0.00 ,  0.00 ,  0.00 
 0.00 ,  0.00 ,  0.00 
 0.00 ,  0.00 ,  0.00 
 0.00 ,  0.00 ,  0.00 
 0.00 ,  0.00 ,  0.00 
 0.00 ,  0.00 ,  0.00 
 0.00 ,  0.00 ,  0.00 
 0.00 ,  0.00 ,  0.00 
 0.00 ,  0.00 ,  0.00 
 0.00 ,  0.00 ,  0.00 
 0.00 ,  0.00 ,  0.00 
 0.00 ,  0.00 ,  0.00 
 0.00 ,  0.00 ,  0.00 
 0.00 ,  0.00 ,  0.00 
2515.61 ,  0.00 , 2339.52 
 0.00 ,  0.00 ,  0.00 
 0.00 ,  0.00 ,  0.00 
 0.00 ,  0.00 ,  0.00 
 0.00 ,  0.00 ,  0.00 
 0.00 ,  0.00 ,  0.00 
 0.00 ,  0.00 ,  0.00 
 0.00 ,  0.00 ,  0.00 
 0.00 ,  0.00 ,  0.00 
 0.00 ,  0.00 ,  0.00 
 0.00 ,  0.00 ,  0.00 
 0.00 ,  0.00 ,  0.00 
 0.00 ,  0.00 ,  0.00 
 0.00 ,  0.00 ,  0.00 
 0.00 ,  0.00 ,  0.00 
 0.00 ,  0.00 ,  0.00 
 0.00 ,  0.00 ,  0.00 
 0.00 ,  0.00 ,  0.00 
 0.00 ,  0.00 ,  0.00 
2571.76 ,  0.00 , 2391.74 
 0.00 ,  0.00 ,  0.00 
 0.00 ,  0.00 ,  0.00 
 0.00 ,  0.00 ,  0.00 
 0.00 ,  0.00 ,  0.00 
 0.00 ,  0.00 ,  0.00 
 0.00 ,  0.00 ,  0.00 
 0.00 ,  0.00 ,  0.00 
 0.00 ,  0.00 ,  0.00 
 0.00 ,  0.00 ,  0.00 
 0.00 ,  0.00 ,  0.00 
 0.00 ,  0.00 ,  0.00 
 0.00 ,  0.00 ,  0.00 
 0.00 ,  0.00 ,  0.00 
 0.00 ,  0.00 ,  0.00 
 0.00 ,  0.00 ,  0.00 
 0.00 ,  0.00 ,  0.00 
 0.00 ,  0.00 ,  0.00 
2594.90 ,  0.00 , 2413.26 
 0.00 ,  0.00 ,  0.00 
 0.00 ,  0.00 ,  0.00 
 0.00 ,  0.00 ,  0.00 
 0.00 ,  0.00 ,  0.00 
 0.00 ,  0.00 ,  0.00 
 0.00 ,  0.00 ,  0.00 
 0.00 ,  0.00 ,  0.00 
 0.00 ,  0.00 ,  0.00 
 0.00 ,  0.00 ,  0.00 
 0.00 ,  0.00 ,  0.00 
 0.00 ,  0.00 ,  0.00 
 0.00 ,  0.00 ,  0.00 
 0.00 ,  0.00 ,  0.00 
 0.00 ,  0.00 ,  0.00 
 0.00 ,  0.00 ,  0.00 
 0.00 ,  0.00 ,  0.00 
 0.00 ,  0.00 ,  0.00 
 0.00 ,  0.00 ,  0.00 
 0.00 ,  0.00 ,  0.00 
2687.71 ,  0.00 , 2499.57 
 0.00 ,  0.00 ,  0.00 
 0.00 ,  0.00 ,  0.00 
 0.00 ,  0.00 ,  0.00 
 0.00 ,  0.00 ,  0.00 
 0.00 ,  0.00 ,  0.00 
 0.00 ,  0.00 ,  0.00 
 0.00 ,  0.00 ,  0.00 
 0.00 ,  0.00 ,  0.00 
 0.00 ,  0.00 ,  0.00 
 0.00 ,  0.00 ,  0.00 
 0.00 ,  0.00 ,  0.00 
 0.00 ,  0.00 ,  0.00 
 0.00 ,  0.00 ,  0.00 
 0.00 ,  0.00 ,  0.00 
2515.61 ,  0.00 , 2339.52 
 0.00 ,  0.00 ,  0.00 
 0.00 ,  0.00 ,  0.00 
 0.00 ,  0.00 ,  0.00 
 0.00 ,  0.00 ,  0.00 
 0.00 ,  0.00 ,  0.00 
 0.00 ,  0.00 ,  0.00 
 0.00 ,  0.00 ,  0.00 
 0.00 ,  0.00 ,  0.00 
 0.00 ,  0.00 ,  0.00 
 0.00 ,  0.00 ,  0.00 
 0.00 ,  0.00 ,  0.00 
 0.00 ,  0.00 ,  0.00 
 0.00 ,  0.00 ,  0.00 
 0.00 ,  0.00 ,  0.00 
 0.00 ,  0.00 ,  0.00 
 0.00 ,  0.00 ,  0.00 
 0.00 ,  0.00 ,  0.00 
 0.00 ,  0.00 ,  0.00 
2571.76 ,  0.00 , 2391.74 
 0.00 ,  0.00 ,  0.00 
 0.00 ,  0.00 ,  0.00 
 0.00 ,  0.00 ,  0.00 
 0.00 ,  0.00 ,  0.00 
 0.00 ,  0.00 ,  0.00 
 0.00 ,  0.00 ,  0.00 
 0.00 ,  0.00 ,  0.00 
 0.00 ,  0.00 ,  0.00 
 0.00 ,  0.00 ,  0.00 
 0.00 ,  0.00 ,  0.00 
 0.00 ,  0.00 ,  0.00 
 0.00 ,  0.00 ,  0.00 
 0.00 ,  0.00 ,  0.00 
 0.00 ,  0.00 ,  0.00 
 0.00 ,  0.00 ,  0.00 
 0.00 ,  0.00 ,  0.00 
 0.00 ,  0.00 ,  0.00 
2594.90 ,  0.00 , 2413.26 
 0.00 ,  0.00 ,  0.00 
 0.00 ,  0.00 ,  0.00 
 0.00 ,  0.00 ,  0.00 
 0.00 ,  0.00 ,  0.00 
 0.00 ,  0.00 ,  0.00 
 0.00 ,  0.00 ,  0.00 
 0.00 ,  0.00 ,  0.00 
 0.00 ,  0.00 ,  0.00 
 0.00 ,  0.00 ,  0.00 
 0.00 ,  0.00 ,  0.00 
 0.00 ,  0.00 ,  0.00 
 0.00 ,  0.00 ,  0.00 
 0.00 ,  0.00 ,  0.00 
 0.00 ,  0.00 ,  0.00 
 0.00 ,  0.00 ,  0.00 
 0.00 ,  0.00 ,  0.00 
 0.00 ,  0.00 ,  0.00 
 0.00 ,  0.00 ,  0.00 
 0.00 ,  0.00 ,  0.00 
2687.71 ,  0.00 , 2499.57 
 0.00 ,  0.00 ,  0.00 
 0.00 ,  0.00 ,  0.00 
 0.00 ,  0.00 ,  0.00 
 0.00 ,  0.00 ,  0.00 
 0.00 ,  0.00 ,  0.00 
 0.00 ,  0.00 ,  0.00 
 0.00 ,  0.00 ,  0.00 
 0.00 ,  0.00 ,  0.00 
 0.00 ,  0.00 ,  0.00 
 0.00 ,  0.00 ,  0.00 
 0.00 ,  0.00 ,  0.00 
 0.00 ,  0.00 ,  0.00 
 0.00 ,  0.00 ,  0.00 
 0.00 ,  0.00 ,  0.00 
2515.61 ,  0.00 , 2339.52 
 0.00 ,  0.00 ,  0.00 
 0.00 ,  0.00 ,  0.00 
 0.00 ,  0.00 ,  0.00 
 0.00 ,  0.00 ,  0.00 
 0.00 ,  0.00 ,  0.00 
 0.00 ,  0.00 ,  0.00 
 0.00 ,  0.00 ,  0.00 
 0.00 ,  0.00 ,  0.00 
 0.00 ,  0.00 ,  0.00 
 0.00 ,  0.00 ,  0.00 
 0.00 ,  0.00 ,  0.00 
 0.00 ,  0.00 ,  0.00 
 0.00 ,  0.00 ,  0.00 
 0.00 ,  0.00 ,  0.00 
 0.00 ,  0.00 ,  0.00 
 0.00 ,  0.00 ,  0.00 
 0.00 ,  0.00 ,  0.00 
 0.00 ,  0.00 ,  0.00 
2571.76 ,  0.00 , 2391.74 
 0.00 ,  0.00 ,  0.00 
 0.00 ,  0.00 ,  0.00 
 0.00 ,  0.00 ,  0.00 
 0.00 ,  0.00 ,  0.00 
 0.00 ,  0.00 ,  0.00 
 0.00 ,  0.00 ,  0.00 
 0.00 ,  0.00 ,  0.00 
 0.00 ,  0.00 ,  0.00 
 0.00 ,  0.00 ,  0.00 
 0.00 ,  0.00 ,  0.00 
 0.00 ,  0.00 ,  0.00 
 0.00 ,  0.00 ,  0.00 
 0.00 ,  0.00 ,  0.00 
 0.00 ,  0.00 ,  0.00 
 0.00 ,  0.00 ,  0.00 
 0.00 ,  0.00 ,  0.00 
 0.00 ,  0.00 ,  0.00 
2594.90 ,  0.00 , 2413.26 
 0.00 ,  0.00 ,  0.00 
 0.00 ,  0.00 ,  0.00 
 0.00 ,  0.00 ,  0.00 
 0.00 ,  0.00 ,  0.00 
 0.00 ,  0.00 ,  0.00 
 0.00 ,  0.00 ,  0.00 
 0.00 ,  0.00 ,  0.00 
 0.00 ,  0.00 ,  0.00 
 0.00 ,  0.00 ,  0.00 
 0.00 ,  0.00 ,  0.00 
 0.00 ,  0.00 ,  0.00 
 0.00 ,  0.00 ,  0.00 
 0.00 ,  0.00 ,  0.00 
 0.00 ,  0.00 ,  0.00 
 0.00 ,  0.00 ,  0.00 
 0.00 ,  0.00 ,  0.00 
 0.00 ,  0.00 ,  0.00 
 0.00 ,  0.00 ,  0.00 
 0.00 ,  0.00 ,  0.00 
2687.71 ,  0.00 , 2499.57 
 0.00 ,  0.00 ,  0.00 
 0.00 ,  0.00 ,  0.00 
 0.00 ,  0.00 ,  0.00 
 0.00 ,  0.00 ,  0.00 
 0.00 ,  0.00 ,  0.00 
 0.00 ,  0.00 ,  0.00 
 0.00 ,  0.00 ,  0.00 
 0.00 ,  0.00 ,  0.00 
 0.00 ,  0.00 ,  0.00 
 0.00 ,  0.00 ,  0.00 
 0.00 ,  0.00 ,  0.00 
 0.00 ,  0.00 ,  0.00 
 0.00 ,  0.00 ,  0.00 
 0.00 ,  0.00 ,  0.00 
2515.61 ,  0.00 , 2339.52 
 0.00 ,  0.00 ,  0.00 
 0.00 ,  0.00 ,  0.00 
 0.00 ,  0.00 ,  0.00 
 0.00 ,  0.00 ,  0.00 
 0.00 ,  0.00 ,  0.00 
 0.00 ,  0.00 ,  0.00 
 0.00 ,  0.00 ,  0.00 
 0.00 ,  0.00 ,  0.00 
 0.00 ,  0.00 ,  0.00 
 0.00 ,  0.00 ,  0.00 
 0.00 ,  0.00 ,  0.00 
 0.00 ,  0.00 ,  0.00 
 0.00 ,  0.00 ,  0.00 
 0.00 ,  0.00 ,  0.00 
 0.00 ,  0.00 ,  0.00 
 0.00 ,  0.00 ,  0.00 
 0.00 ,  0.00 ,  0.00 
 0.00 ,  0.00 ,  0.00 
2571.76 ,  0.00 , 2391.74 
 0.00 ,  0.00 ,  0.00 
 0.00 ,  0.00 ,  0.00 
 0.00 ,  0.00 ,  0.00 
 0.00 ,  0.00 ,  0.00 
 0.00 ,  0.00 ,  0.00 
 0.00 ,  0.00 ,  0.00 
 0.00 ,  0.00 ,  0.00 
 0.00 ,  0.00 ,  0.00 
 0.00 ,  0.00 ,  0.00 
 0.00 ,  0.00 ,  0.00 
 0.00 ,  0.00 ,  0.00 
 0.00 ,  0.00 ,  0.00 
 0.00 ,  0.00 ,  0.00 
 0.00 ,  0.00 ,  0.00 
 0.00 ,  0.00 ,  0.00 
 0.00 ,  0.00 ,  0.00 
 0.00 ,  0.00 ,  0.00 
2594.90 ,  0.00 , 2413.26 
 0.00 ,  0.00 ,  0.00 
 0.00 ,  0.00 ,  0.00 
 0.00 ,  0.00 ,  0.00 
 0.00 ,  0.00 ,  0.00 
 0.00 ,  0.00 ,  0.00 
 0.00 ,  0.00 ,  0.00 
 0.00 ,  0.00 ,  0.00 
 0.00 ,  0.00 ,  0.00 
 0.00 ,  0.00 ,  0.00 
 0.00 ,  0.00 ,  0.00 
 0.00 ,  0.00 ,  0.00 
 0.00 ,  0.00 ,  0.00 
 0.00 ,  0.00 ,  0.00 
 0.00 ,  0.00 ,  0.00 
 0.00 ,  0.00 ,  0.00 
 0.00 ,  0.00 ,  0.00 
 0.00 ,  0.00 ,  0.00 
 0.00 ,  0.00 ,  0.00 
 0.00 ,  0.00 ,  0.00 
2687.71 ,  0.00 , 2499.57 
 0.00 ,  0.00 ,  0.00 
 0.00 ,  0.00 ,  0.00 
 0.00 ,  0.00 ,  0.00 
 0.00 ,  0.00 ,  0.00 
 0.00 ,  0.00 ,  0.00 
 0.00 ,  0.00 ,  0.00 
 0.00 ,  0.00 ,  0.00 
 0.00 ,  0.00 ,  0.00 
 0.00 ,  0.00 ,  0.00 
 0.00 ,  0.00 ,  0.00 
 0.00 ,  0.00 ,  0.00 
 0.00 ,  0.00 ,  0.00 
 0.00 ,  0.00 ,  0.00 
 0.00 ,  0.00 ,  0.00 
2515.61 ,  0.00 , 2339.52 
 0.00 ,  0.00 ,  0.00 
 0.00 ,  0.00 ,  0.00 
 0.00 ,  0.00 ,  0.00 
 0.00 ,  0.00 ,  0.00 
 0.00 ,  0.00 ,  0.00 
 0.00 ,  0.00 ,  0.00 
 0.00 ,  0.00 ,  0.00 
 0.00 ,  0.00 ,  0.00 
 0.00 ,  0.00 ,  0.00 
 0.00 ,  0.00 ,  0.00 
 0.00 ,  0.00 ,  0.00 
 0.00 ,  0.00 ,  0.00 
 0.00 ,  0.00 ,  0.00 
 0.00 ,  0.00 ,  0.00 
 0.00 ,  0.00 ,  0.00 
 0.00 ,  0.00 ,  0.00 
 0.00 ,  0.00 ,  0.00 
 0.00 ,  0.00 ,  0.00 
2571.76 ,  0.00 , 2391.74 
 0.00 ,  0.00 ,  0.00 
 0.00 ,  0.00 ,  0.00 
 0.00 ,  0.00 ,  0.00 
 0.00 ,  0.00 ,  0.00 
 0.00 ,  0.00 ,  0.00 
 0.00 ,  0.00 ,  0.00 
 0.00 ,  0.00 ,  0.00 
 0.00 ,  0.00 ,  0.00 
 0.00 ,  0.00 ,  0.00 
 0.00 ,  0.00 ,  0.00 
 0.00 ,  0.00 ,  0.00 
 0.00 ,  0.00 ,  0.00 
 0.00 ,  0.00 ,  0.00 
 0.00 ,  0.00 ,  0.00 
 0.00 ,  0.00 ,  0.00 
 0.00 ,  0.00 ,  0.00 
 0.00 ,  0.00 ,  0.00 
2594.90 ,  0.00 , 2413.26 
 0.00 ,  0.00 ,  0.00 
 0.00 ,  0.00 ,  0.00 
 0.00 ,  0.00 ,  0.00 
 0.00 ,  0.00 ,  0.00 
 0.00 ,  0.00 ,  0.00 
 0.00 ,  0.00 ,  0.00 
 0.00 ,  0.00 ,  0.00 
 0.00 ,  0.00 ,  0.00 
 0.00 ,  0.00 ,  0.00 
 0.00 ,  0.00 ,  0.00 
 0.00 ,  0.00 ,  0.00 
 0.00 ,  0.00 ,  0.00 
 0.00 ,  0.00 ,  0.00 
 0.00 ,  0.00 ,  0.00 
 0.00 ,  0.00 ,  0.00 
 0.00 ,  0.00 ,  0.00 
 0.00 ,  0.00 ,  0.00 
 0.00 ,  0.00 ,  0.00 
 0.00 ,  0.00 ,  0.00 
2687.71 ,  0.00 , 2499.57 
 0.00 ,  0.00 ,  0.00 
 0.00 ,  0.00 ,  0.00 
 0.00 ,  0.00 ,  0.00 
 0.00 ,  0.00 ,  0.00 
 0.00 ,  0.00 ,  0.00 
 0.00 ,  0.00 ,  0.00 
 0.00 ,  0.00 ,  0.00 
 0.00 ,  0.00 ,  0.00 
 0.00 ,  0.00 ,  0.00 
 0.00 ,  0.00 ,  0.00 
 0.00 ,  0.00 ,  0.00 
 0.00 ,  0.00 ,  0.00 
 0.00 ,  0.00 ,  0.00 
 0.00 ,  0.00 ,  0.00 
2515.61 ,  0.00 , 2339.52 
 0.00 ,  0.00 ,  0.00 
 0.00 ,  0.00 ,  0.00 
 0.00 ,  0.00 ,  0.00 
 0.00 ,  0.00 ,  0.00 
 0.00 ,  0.00 ,  0.00 
 0.00 ,  0.00 ,  0.00 
 0.00 ,  0.00 ,  0.00 
 0.00 ,  0.00 ,  0.00 
 0.00 ,  0.00 ,  0.00 
 0.00 ,  0.00 ,  0.00 
 0.00 ,  0.00 ,  0.00 
 0.00 ,  0.00 ,  0.00 
 0.00 ,  0.00 ,  0.00 
 0.00 ,  0.00 ,  0.00 
 0.00 ,  0.00 ,  0.00 
 0.00 ,  0.00 ,  0.00 
 0.00 ,  0.00 ,  0.00 
 0.00 ,  0.00 ,  0.00 
2571.76 ,  0.00 , 2391.74 
 0.00 ,  0.00 ,  0.00 
 0.00 ,  0.00 ,  0.00 
 0.00 ,  0.00 ,  0.00 
 0.00 ,  0.00 ,  0.00 
 0.00 ,  0.00 ,  0.00 
 0.00 ,  0.00 ,  0.00 
 0.00 ,  0.00 ,  0.00 
 0.00 , 88.38 , 58.90 
 0.00 , 569.54 , 381.49 
 0.00 , 659.52 , 442.18 
 0.00 , 833.18 , 559.65 
 0.00 , 962.22 , 647.22 
 0.00 , 6282.13 , 4480.00 
 0.00 , 2625.75 , 1798.08 
 0.00 , 1449.21 , 979.88 
 0.00 , 802.12 , 538.61 
 0.00 , 659.85 , 442.41 
2633.34 , 228.08 , 2601.27 
 0.00 ,  0.00 ,  0.00 
 0.00 ,  0.00 ,  0.00 
 0.00 , 171.82 , 114.61 
 0.00 , 362.55 , 242.31 
 0.00 , 562.36 , 376.65 
 0.00 , 741.72 , 497.73 
 0.00 , 976.41 , 656.86 
 0.00 , 1147.79 , 773.57 
 0.00 , 1209.42 , 815.64 
 0.00 , 1316.74 , 889.04 
 0.00 ,  0.00 ,  0.00 
 0.00 ,  0.00 ,  0.00 
 0.00 ,  0.00 ,  0.00 
 0.00 ,  0.00 ,  0.00 
 0.00 , 29.15 , 19.41 
 0.00 , 749.57 , 503.04 
 0.00 , 863.16 , 579.97 
 0.00 , 967.17 , 650.58 
2544.28 , 6238.83 , 6846.18 
 0.00 , 2501.26 , 1710.52 
 0.00 , 1696.47 , 1150.11 
 0.00 , 153.89 , 102.62 
 0.00 ,  0.00 ,  0.00 
 0.00 ,  0.00 ,  0.00 
 0.00 ,  0.00 ,  0.00 
 0.00 ,  0.00 ,  0.00 
 0.00 ,  0.00 ,  0.00 
 0.00 ,  0.00 ,  0.00 
 0.00 ,  0.00 ,  0.00 
 0.00 ,  0.00 ,  0.00 
 0.00 ,  0.00 ,  0.00 
 0.00 , 369.94 , 247.27 
 0.00 , 914.90 , 615.08 
2621.39 , 1013.04 , 3120.46 
 0.00 ,  0.00 ,  0.00 
 0.00 ,  0.00 ,  0.00 
 0.00 ,  0.00 ,  0.00 
 0.00 ,  0.00 ,  0.00 
 0.00 ,  0.00 ,  0.00 
 0.00 ,  0.00 ,  0.00 
 0.00 , 461.47 , 308.75 
 0.00 , 620.62 , 415.93 
 0.00 , 6243.11 , 4450.21 
 0.00 , 2180.73 , 1486.15 
 0.00 , 1356.16 , 916.04 
 0.00 , 1517.49 , 1026.79 
 0.00 , 1289.80 , 870.60 
 0.00 , 734.59 , 492.91 
 0.00 , 640.53 , 429.37 
 0.00 , 362.21 , 242.08 
 0.00 , 150.31 , 100.23 
 0.00 , 755.53 , 507.07 
2624.95 , 755.61 , 2948.77 
 0.00 , 712.41 , 477.91 
 0.00 , 838.07 , 562.96 
 0.00 , 963.43 , 648.04 
 0.00 , 1060.72 , 714.22 
 0.00 , 1118.16 , 753.36 
 0.00 ,  0.00 ,  0.00 
 0.00 ,  0.00 ,  0.00 
 0.00 ,  0.00 ,  0.00 
 0.00 ,  0.00 ,  0.00 
 0.00 ,  0.00 ,  0.00 
 0.00 ,  0.00 ,  0.00 
 0.00 , 563.85 , 377.65 
 0.00 , 712.78 , 478.16 
 0.00 , 6282.13 , 4480.00 
 0.00 , 2367.76 , 1616.88 
 0.00 , 1060.60 , 714.14 
 0.00 ,  0.00 ,  0.00 
2652.41 ,  0.00 , 2466.74 
 0.00 ,  0.00 ,  0.00 
 0.00 ,  0.00 ,  0.00 
 0.00 ,  0.00 ,  0.00 
 0.00 ,  0.00 ,  0.00 
 0.00 ,  0.00 ,  0.00 
 0.00 ,  0.00 ,  0.00 
 0.00 ,  0.00 ,  0.00 
 0.00 ,  0.00 ,  0.00 
 0.00 , 456.20 , 305.20 
 0.00 , 707.60 , 474.66 
 0.00 , 786.43 , 527.98 
 0.00 ,  0.00 ,  0.00 
 0.00 ,  0.00 ,  0.00 
 0.00 ,  0.00 ,  0.00 
 0.00 ,  0.00 ,  0.00 
 0.00 ,  0.00 ,  0.00 
 0.00 ,  0.00 ,  0.00 
 0.00 ,  0.00 ,  0.00 
 0.00 , 113.63 , 75.75 
2695.19 , 6014.82 , 6815.55 
 0.00 , 1971.90 , 1340.81 
 0.00 , 1453.63 , 982.91 
 0.00 , 555.73 , 372.19 
 0.00 , 296.51 , 198.03 
 0.00 , 611.78 , 409.97 
 0.00 , 327.13 , 218.56 
 0.00 ,  0.00 ,  0.00 
 0.00 ,  0.00 ,  0.00 
 0.00 ,  0.00 ,  0.00 
 0.00 ,  0.00 ,  0.00 
 0.00 ,  0.00 ,  0.00 
 0.00 ,  6.31 ,  4.20 
 0.00 , 502.11 , 336.08 
 0.00 , 579.00 , 387.87 
2621.39 , 644.26 , 2870.09 
 0.00 ,  0.00 ,  0.00 
 0.00 ,  0.00 ,  0.00 
 0.00 ,  0.00 ,  0.00 
 0.00 ,  0.00 ,  0.00 
 0.00 ,  0.00 ,  0.00 
 0.00 ,  0.00 ,  0.00 
 0.00 ,  0.00 ,  0.00 
 0.00 ,  0.00 ,  0.00 
 0.00 , 5210.95 , 3671.59 
 0.00 , 1603.84 , 1086.23 
 0.00 , 1452.27 , 981.97 
 0.00 , 624.43 , 418.50 
 0.00 , 1158.00 , 780.53 
 0.00 , 535.97 , 358.87 
 0.00 , 560.32 , 375.27 
 0.00 , 254.23 , 169.72 
 0.00 ,  0.00 ,  0.00 
 0.00 ,  0.00 ,  0.00 
2624.95 ,  0.00 , 2441.20 
 0.00 ,  0.00 ,  0.00 
 0.00 , 210.72 , 140.61 
 0.00 , 446.27 , 298.53 
 0.00 , 507.22 , 339.52 
 0.00 , 563.51 , 377.43 
 0.00 ,  0.00 ,  0.00 
 0.00 ,  0.00 ,  0.00 
 0.00 ,  0.00 ,  0.00 
 0.00 ,  0.00 ,  0.00 
 0.00 ,  0.00 ,  0.00 
 0.00 ,  0.00 ,  0.00 
 0.00 ,  0.00 ,  0.00 
 0.00 ,  0.00 ,  0.00 
 0.00 , 5663.81 , 4010.98 
 0.00 , 1866.14 , 1267.45 
 0.00 , 340.66 , 227.63 
 0.00 , 45.35 , 30.21 
2652.41 ,  0.00 , 2466.74 
 0.00 ,  0.00 ,  0.00 
 0.00 ,  0.00 ,  0.00 
 0.00 ,  0.00 ,  0.00 
 0.00 ,  0.00 ,  0.00 
 0.00 ,  0.00 ,  0.00 
 0.00 ,  0.00 ,  0.00 
 0.00 ,  0.00 ,  0.00 
 0.00 ,  0.00 ,  0.00 
 0.00 ,  0.00 ,  0.00 
 0.00 ,  0.00 ,  0.00 
 0.00 ,  0.00 ,  0.00 
 0.00 ,  0.00 ,  0.00 
 0.00 ,  0.00 ,  0.00 
 0.00 ,  0.00 ,  0.00 
 0.00 ,  0.00 ,  0.00 
 0.00 ,  0.00 ,  0.00 
 0.00 ,  0.00 ,  0.00 
 0.00 ,  0.00 ,  0.00 
 0.00 ,  0.00 ,  0.00 
2695.19 , 3425.57 , 4882.84 
 0.00 , 1322.78 , 893.17 
 0.00 , 1243.93 , 839.23 
 0.00 , 1016.64 , 684.21 
 0.00 , 673.49 , 451.61 
 0.00 , 192.26 , 128.26 
 0.00 ,  0.00 ,  0.00 
 0.00 ,  0.00 ,  0.00 
 0.00 ,  0.00 ,  0.00 
 0.00 ,  0.00 ,  0.00 
 0.00 ,  0.00 ,  0.00 
 0.00 ,  0.00 ,  0.00 
 0.00 , 149.45 , 99.66 
 0.00 , 318.77 , 212.95 
 0.00 , 381.70 , 255.16 
2621.39 , 442.14 , 2733.80 
 0.00 ,  0.00 ,  0.00 
 0.00 ,  0.00 ,  0.00 
 0.00 ,  0.00 ,  0.00 
 0.00 ,  0.00 ,  0.00 
 0.00 ,  0.00 ,  0.00 
 0.00 ,  0.00 ,  0.00 
 0.00 ,  0.00 ,  0.00 
 0.00 ,  0.00 ,  0.00 
 0.00 , 4468.73 , 3122.70 
 0.00 , 1466.39 , 991.67 
 0.00 , 898.41 , 603.88 
 0.00 , 564.30 , 377.96 
 0.00 ,  0.00 ,  0.00 
 0.00 ,  0.00 ,  0.00 
 0.00 ,  0.00 ,  0.00 
 0.00 ,  0.00 ,  0.00 
 0.00 ,  0.00 ,  0.00 
 0.00 ,  0.00 ,  0.00 
2624.95 ,  0.00 , 2441.20 
 0.00 ,  0.00 ,  0.00 
 0.00 ,  0.00 ,  0.00 
 0.00 ,  0.00 ,  0.00 
 0.00 ,  0.00 ,  0.00 
 0.00 ,  0.00 ,  0.00 
 0.00 ,  0.00 ,  0.00 
 0.00 ,  0.00 ,  0.00 
 0.00 ,  0.00 ,  0.00 
 0.00 ,  0.00 ,  0.00 
 0.00 ,  0.00 ,  0.00 
 0.00 ,  0.00 ,  0.00 
 0.00 ,  0.00 ,  0.00 
 0.00 ,  0.00 ,  0.00 
 0.00 , 2374.56 , 1621.64 
 0.00 , 729.18 , 489.25 
 0.00 , 706.72 , 474.07 
 0.00 , 610.22 , 408.92 
2652.41 , 525.17 , 2818.56 
 0.00 , 444.78 , 297.53 
 0.00 , 470.94 , 315.11 
 0.00 , 483.89 , 323.82 
 0.00 , 421.18 , 281.67 
 0.00 , 393.64 , 263.17 
 0.00 , 389.11 , 260.13 
 0.00 , 287.01 , 191.67 
 0.00 , 169.50 , 113.05 
 0.00 , 151.07 , 100.74 
 0.00 , 182.15 , 121.50 
 0.00 , 174.16 , 116.17 
 0.00 ,  0.00 ,  0.00 
 0.00 ,  0.00 ,  0.00 
 0.00 ,  0.00 ,  0.00 
 0.00 ,  0.00 ,  0.00 
 0.00 ,  0.00 ,  0.00 
 0.00 ,  0.00 ,  0.00 
 0.00 ,  0.00 ,  0.00 
 0.00 ,  0.00 ,  0.00 
2695.19 , 3073.09 , 4629.17 
 0.00 , 1008.10 , 678.41 
 0.00 , 717.35 , 481.25 
 0.00 , 792.53 , 532.11 
 0.00 , 216.95 , 144.78 
 0.00 ,  0.00 ,  0.00 
 0.00 ,  0.00 ,  0.00 
 0.00 ,  0.00 ,  0.00 
 0.00 ,  0.00 ,  0.00 
 0.00 ,  0.00 ,  0.00 
 0.00 ,  0.00 ,  0.00 
 0.00 ,  0.00 ,  0.00 
 0.00 ,  0.00 ,  0.00 
 0.00 ,  0.00 ,  0.00 
 0.00 ,  0.00 ,  0.00 
2621.39 ,  0.00 , 2437.89 
 0.00 ,  0.00 ,  0.00 
 0.00 ,  0.00 ,  0.00 
 0.00 ,  0.00 ,  0.00 
 0.00 ,  0.00 ,  0.00 
 0.00 ,  0.00 ,  0.00 
 0.00 ,  0.00 ,  0.00 
 0.00 ,  0.00 ,  0.00 
 0.00 ,  0.00 ,  0.00 
 0.00 , 2104.52 , 1433.03 
 0.00 , 884.22 , 594.26 
 0.00 , 243.95 , 162.84 
 0.00 ,  0.00 ,  0.00 
 0.00 ,  0.00 ,  0.00 
 0.00 ,  0.00 ,  0.00 
 0.00 ,  0.00 ,  0.00 
 0.00 ,  0.00 ,  0.00 
 0.00 ,  0.00 ,  0.00 
 0.00 ,  0.00 ,  0.00 
2624.95 ,  0.00 , 2441.20 
 0.00 ,  0.00 ,  0.00 
 0.00 ,  0.00 ,  0.00 
 0.00 ,  0.00 ,  0.00 
 0.00 ,  0.00 ,  0.00 
 0.00 ,  0.00 ,  0.00 
 0.00 ,  0.00 ,  0.00 
 0.00 ,  0.00 ,  0.00 
 0.00 ,  0.00 ,  0.00 
 0.00 ,  0.00 ,  0.00 
 0.00 ,  0.00 ,  0.00 
 0.00 ,  0.00 ,  0.00 
 0.00 ,  0.00 ,  0.00 
 0.00 ,  0.00 ,  0.00 
 0.00 , 2237.51 , 1525.78 
 0.00 , 845.68 , 568.12 
 0.00 , 686.92 , 460.69 
 0.00 ,  0.00 ,  0.00 
2652.41 ,  0.00 , 2466.74 
 0.00 ,  0.00 ,  0.00 
 0.00 ,  0.00 ,  0.00 
 0.00 ,  0.00 ,  0.00 
 0.00 ,  0.00 ,  0.00 
 0.00 ,  0.00 ,  0.00 
 0.00 ,  0.00 ,  0.00 
 0.00 ,  0.00 ,  0.00 
 0.00 ,  0.00 ,  0.00 
 0.00 ,  0.00 ,  0.00 
 0.00 ,  0.00 ,  0.00 
 0.00 ,  0.00 ,  0.00 
 0.00 ,  0.00 ,  0.00 
 0.00 ,  0.00 ,  0.00 
 0.00 ,  0.00 ,  0.00 
 0.00 ,  0.00 ,  0.00 
 0.00 ,  0.00 ,  0.00 
 0.00 ,  0.00 ,  0.00 
 0.00 ,  0.00 ,  0.00 
 0.00 ,  0.00 ,  0.00 
2695.19 , 1721.48 , 3676.31 
 0.00 , 753.81 , 505.91 
 0.00 , 621.75 , 416.69 
 0.00 , 540.92 , 362.21 
 0.00 ,  0.00 ,  0.00 
 0.00 ,  0.00 ,  0.00 
 0.00 ,  0.00 ,  0.00 
 0.00 ,  0.00 ,  0.00 
 0.00 ,  0.00 ,  0.00 
 0.00 ,  0.00 ,  0.00 
 0.00 ,  0.00 ,  0.00 
 0.00 ,  0.00 ,  0.00 
 0.00 ,  0.00 ,  0.00 
 0.00 ,  0.00 ,  0.00 
 0.00 ,  0.00 ,  0.00 
2621.39 ,  0.00 , 2437.89 
 0.00 ,  0.00 ,  0.00 
 0.00 ,  0.00 ,  0.00 
 0.00 ,  0.00 ,  0.00 
 0.00 ,  0.00 ,  0.00 
 0.00 ,  0.00 ,  0.00 
 0.00 ,  0.00 ,  0.00 
 0.00 ,  0.00 ,  0.00 
 0.00 ,  0.00 ,  0.00 
 0.00 , 1791.42 , 1215.72 
 0.00 , 773.68 , 519.35 
 0.00 ,  0.00 ,  0.00 
 0.00 ,  0.00 ,  0.00 
 0.00 ,  0.00 ,  0.00 
 0.00 ,  0.00 ,  0.00 
 0.00 ,  0.00 ,  0.00 
 0.00 ,  0.00 ,  0.00 
 0.00 ,  0.00 ,  0.00 
 0.00 ,  0.00 ,  0.00 
2624.95 ,  0.00 , 2441.20 
 0.00 ,  0.00 ,  0.00 
 0.00 ,  0.00 ,  0.00 
 0.00 ,  0.00 ,  0.00 
 0.00 ,  0.00 ,  0.00 
 0.00 ,  0.00 ,  0.00 
 0.00 ,  0.00 ,  0.00 
 0.00 ,  0.00 ,  0.00 
 0.00 ,  0.00 ,  0.00 
 0.00 ,  0.00 ,  0.00 
 0.00 ,  0.00 ,  0.00 
 0.00 ,  0.00 ,  0.00 
 0.00 ,  0.00 ,  0.00 
 0.00 ,  0.00 ,  0.00 
 0.00 , 2921.82 , 2007.29 
 0.00 , 1074.71 , 723.75 
 0.00 , 929.00 , 624.65 
 0.00 , 746.80 , 501.17 
2652.41 , 651.03 , 2903.53 
 0.00 , 389.94 , 260.69 
 0.00 , 521.09 , 348.85 
 0.00 , 325.28 , 217.32 
 0.00 , 205.25 , 136.95 
 0.00 , 358.86 , 239.84 
 0.00 , 395.46 , 264.40 
 0.00 , 523.95 , 350.78 
 0.00 , 416.46 , 278.50 
 0.00 , 464.36 , 310.69 
 0.00 , 470.87 , 315.07 
 0.00 , 521.30 , 349.00 
 0.00 ,  0.00 ,  0.00 
 0.00 ,  0.00 ,  0.00 
 0.00 ,  0.00 ,  0.00 
 0.00 ,  0.00 ,  0.00 
 0.00 ,  0.00 ,  0.00 
 0.00 ,  0.00 ,  0.00 
 0.00 ,  0.00 ,  0.00 
 0.00 ,  0.00 ,  0.00 
2695.19 , 4341.37 , 5552.27 
 0.00 , 1438.54 , 972.54 
 0.00 , 1217.32 , 821.04 
 0.00 , 724.39 , 486.01 
 0.00 , 55.97 , 37.29 
 0.00 , 446.50 , 298.68 
 0.00 , 115.32 , 76.87 
 0.00 ,  0.00 ,  0.00 
 0.00 ,  0.00 ,  0.00 
 0.00 ,  0.00 ,  0.00 
 0.00 ,  0.00 ,  0.00 
 0.00 ,  0.00 ,  0.00 
 0.00 ,  0.00 ,  0.00 
 0.00 ,  0.00 ,  0.00 
 0.00 , 94.21 , 62.79 
2621.39 , 341.66 , 2666.28 
 0.00 ,  0.00 ,  0.00 
 0.00 ,  0.00 ,  0.00 
 0.00 ,  0.00 ,  0.00 
 0.00 ,  0.00 ,  0.00 
 0.00 ,  0.00 ,  0.00 
 0.00 ,  0.00 ,  0.00 
 0.00 ,  0.00 ,  0.00 
 0.00 ,  0.00 ,  0.00 
 0.00 , 4323.96 , 3016.69 
 0.00 , 1520.54 , 1028.89 
 0.00 , 1131.06 , 762.15 
 0.00 ,  0.00 ,  0.00 
 0.00 ,  0.00 ,  0.00 
 0.00 ,  0.00 ,  0.00 
 0.00 ,  0.00 ,  0.00 
 0.00 ,  0.00 ,  0.00 
 0.00 ,  0.00 ,  0.00 
 0.00 ,  0.00 ,  0.00 
2624.95 ,  0.00 , 2441.20 
 0.00 ,  0.00 ,  0.00 
 0.00 ,  0.00 ,  0.00 
 0.00 , 257.01 , 171.58 
 0.00 , 407.30 , 272.35 
 0.00 , 473.52 , 316.85 
 0.00 ,  0.00 ,  0.00 
 0.00 ,  0.00 ,  0.00 
 0.00 ,  0.00 ,  0.00 
 0.00 ,  0.00 ,  0.00 
 0.00 ,  0.00 ,  0.00 
 0.00 ,  0.00 ,  0.00 
 0.00 ,  0.00 ,  0.00 
 0.00 ,  0.00 ,  0.00 
 0.00 , 4872.66 , 3420.29 
 0.00 , 1712.04 , 1160.86 
 0.00 , 1332.39 , 899.76 
 0.00 , 510.49 , 341.72 
2652.41 , 583.30 , 2857.77 
 0.00 ,  0.00 ,  0.00 
 0.00 ,  0.00 ,  0.00 
 0.00 , 210.35 , 140.36 
 0.00 , 225.74 , 150.66 
 0.00 ,  0.00 ,  0.00 
 0.00 , 74.69 , 49.77 
 0.00 , 523.84 , 350.71 
 0.00 , 536.39 , 359.16 
 0.00 , 605.95 , 406.03 
 0.00 , 623.64 , 417.97 
 0.00 , 680.06 , 456.05 
 0.00 ,  0.00 ,  0.00 
 0.00 ,  0.00 ,  0.00 
 0.00 ,  0.00 ,  0.00 
 0.00 ,  0.00 ,  0.00 
 0.00 ,  0.00 ,  0.00 
 0.00 ,  0.00 ,  0.00 
 0.00 ,  0.00 ,  0.00 
 0.00 ,  0.00 ,  0.00 
2695.19 , 4787.80 , 5884.13 
 0.00 , 1487.85 , 1006.41 
 0.00 , 901.09 , 605.70 
 0.00 , 732.70 , 491.63 
 0.00 ,  0.00 ,  0.00 
 0.00 ,  0.00 ,  0.00 
 0.00 ,  0.00 ,  0.00 
 0.00 ,  0.00 ,  0.00 
 0.00 ,  0.00 ,  0.00 
 0.00 ,  0.00 ,  0.00 
 0.00 ,  0.00 ,  0.00 
 0.00 ,  0.00 ,  0.00 
 0.00 ,  0.00 ,  0.00 
 0.00 ,  0.00 ,  0.00 
 0.00 ,  0.00 ,  0.00 
2621.39 ,  0.00 , 2437.89 
 0.00 ,  0.00 ,  0.00 
 0.00 ,  0.00 ,  0.00 
 0.00 ,  0.00 ,  0.00 
 0.00 ,  0.00 ,  0.00 
 0.00 ,  0.00 ,  0.00 
 0.00 ,  0.00 ,  0.00 
 0.00 ,  0.00 ,  0.00 
 0.00 ,  0.00 ,  0.00 
 0.00 , 3554.55 , 2458.95 
 0.00 , 1172.27 , 790.27 
 0.00 , 50.96 , 33.95 
 0.00 ,  0.00 ,  0.00 
 0.00 , 456.27 , 305.25 
 0.00 , 568.09 , 380.51 
 0.00 , 455.92 , 305.02 
 0.00 , 465.91 , 311.73 
 0.00 , 19.45 , 12.95 
 0.00 , 144.35 , 96.25 
2624.95 ,  0.00 , 2441.20 
 0.00 ,  0.00 ,  0.00 
 0.00 , 213.77 , 142.65 
 0.00 , 316.31 , 211.30 
 0.00 , 374.80 , 250.53 
 0.00 , 472.80 , 316.36 
 0.00 ,  0.00 ,  0.00 
 0.00 ,  0.00 ,  0.00 
 0.00 ,  0.00 ,  0.00 
 0.00 ,  0.00 ,  0.00 
 0.00 ,  0.00 ,  0.00 
 0.00 ,  0.00 ,  0.00 
 0.00 ,  0.00 ,  0.00 
 0.00 ,  0.00 ,  0.00 
 0.00 , 5156.24 , 3630.81 
 0.00 , 1794.70 , 1217.99 
 0.00 , 1207.05 , 814.02 
 0.00 , 116.46 , 77.63 
2652.41 ,  0.00 , 2466.74 
 0.00 ,  0.00 ,  0.00 
 0.00 ,  0.00 ,  0.00 
 0.00 ,  0.00 ,  0.00 
 0.00 ,  0.00 ,  0.00 
 0.00 ,  0.00 ,  0.00 
 0.00 ,  0.00 ,  0.00 
 0.00 ,  0.00 ,  0.00 
 0.00 ,  0.00 ,  0.00 
 0.00 ,  0.00 ,  0.00 
 0.00 ,  0.00 ,  0.00 
 0.00 , 23.57 , 15.69 
 0.00 ,  0.00 ,  0.00 
 0.00 ,  0.00 ,  0.00 
 0.00 ,  0.00 ,  0.00 
 0.00 ,  0.00 ,  0.00 
 0.00 ,  0.00 ,  0.00 
 0.00 ,  0.00 ,  0.00 
 0.00 ,  0.00 ,  0.00 
 0.00 ,  0.00 ,  0.00 
2695.19 , 4986.66 , 6033.15 
 0.00 , 1817.02 , 1233.44 
 0.00 , 1636.76 , 1108.91 
 0.00 , 1285.80 , 867.86 
 0.00 , 1115.72 , 751.69 
 0.00 ,  0.00 ,  0.00 
 0.00 ,  0.00 ,  0.00 
 0.00 ,  0.00 ,  0.00 
 0.00 ,  0.00 ,  0.00 
 0.00 ,  0.00 ,  0.00 
 0.00 ,  0.00 ,  0.00 
 0.00 ,  0.00 ,  0.00 
 0.00 ,  0.00 ,  0.00 
 0.00 , 201.57 , 134.49 
 0.00 , 566.74 , 379.60 
2621.39 , 647.83 , 2872.51 
 0.00 ,  0.00 ,  0.00 
 0.00 ,  0.00 ,  0.00 
 0.00 ,  0.00 ,  0.00 
 0.00 ,  0.00 ,  0.00 
 0.00 ,  0.00 ,  0.00 
 0.00 ,  0.00 ,  0.00 
 0.00 ,  0.00 ,  0.00 
 0.00 ,  0.00 ,  0.00 
 0.00 , 5698.79 , 4037.34 
 0.00 , 1994.15 , 1356.27 
 0.00 , 398.81 , 266.65 
 0.00 ,  0.00 ,  0.00 
 0.00 ,  0.00 ,  0.00 
 0.00 ,  0.00 ,  0.00 
 0.00 ,  0.00 ,  0.00 
 0.00 ,  0.00 ,  0.00 
 0.00 ,  0.00 ,  0.00 
 0.00 ,  0.00 ,  0.00 
2624.95 ,  0.00 , 2441.20 
 0.00 ,  0.00 ,  0.00 
 0.00 ,  0.00 ,  0.00 
 0.00 ,  0.00 ,  0.00 
 0.00 ,  0.00 ,  0.00 
 0.00 ,  0.00 ,  0.00 
 0.00 ,  0.00 ,  0.00 
 0.00 ,  0.00 ,  0.00 
 0.00 ,  0.00 ,  0.00 
 0.00 ,  0.00 ,  0.00 
 0.00 ,  0.00 ,  0.00 
 0.00 ,  0.00 ,  0.00 
 0.00 ,  0.00 ,  0.00 
 0.00 ,  0.00 ,  0.00 
 0.00 , 4962.97 , 3487.19 
 0.00 , 1911.54 , 1298.92 
 0.00 , 1110.99 , 748.47 
 0.00 , 322.88 , 215.70 
2652.41 ,  0.00 , 2466.74 
 0.00 ,  0.00 ,  0.00 
 0.00 ,  0.00 ,  0.00 
 0.00 ,  0.00 ,  0.00 
 0.00 ,  0.00 ,  0.00 
 0.00 ,  0.00 ,  0.00 
 0.00 ,  0.00 ,  0.00 
 0.00 ,  0.00 ,  0.00 
 0.00 ,  0.00 ,  0.00 
 0.00 ,  0.00 ,  0.00 
 0.00 ,  0.00 ,  0.00 
 0.00 ,  0.00 ,  0.00 
 0.00 ,  0.00 ,  0.00 
 0.00 ,  0.00 ,  0.00 
 0.00 ,  0.00 ,  0.00 
 0.00 ,  0.00 ,  0.00 
 0.00 ,  0.00 ,  0.00 
 0.00 ,  0.00 ,  0.00 
 0.00 ,  0.00 ,  0.00 
 0.00 ,  0.00 ,  0.00 
2695.19 , 5320.40 , 6284.91 
 0.00 , 1992.46 , 1355.09 
 0.00 , 864.73 , 581.04 
 0.00 , 130.61 , 87.08 
 0.00 , 98.98 , 65.97 
 0.00 ,  0.00 ,  0.00 
 0.00 ,  0.00 ,  0.00 
 0.00 ,  0.00 ,  0.00 
 0.00 ,  0.00 ,  0.00 
 0.00 ,  0.00 ,  0.00 
 0.00 ,  0.00 ,  0.00 
 0.00 ,  0.00 ,  0.00 
 0.00 ,  0.00 ,  0.00 
 0.00 ,  0.00 ,  0.00 
 0.00 ,  0.00 ,  0.00 
2621.39 , 295.88 , 2635.57 
 0.00 ,  0.00 ,  0.00 
 0.00 ,  0.00 ,  0.00 
 0.00 ,  0.00 ,  0.00 
 0.00 ,  0.00 ,  0.00 
 0.00 ,  0.00 ,  0.00 
 0.00 ,  0.00 ,  0.00 
 0.00 ,  0.00 ,  0.00 
 0.00 ,  0.00 ,  0.00 
 0.00 , 5976.93 , 4247.68 
 0.00 , 1998.34 , 1359.17 
 0.00 , 1369.31 , 925.05 
 0.00 ,  0.00 ,  0.00 
 0.00 ,  0.00 ,  0.00 
 0.00 ,  0.00 ,  0.00 
 0.00 ,  0.00 ,  0.00 
 0.00 ,  0.00 ,  0.00 
 0.00 ,  0.00 ,  0.00 
 0.00 ,  0.00 ,  0.00 
2624.95 ,  0.00 , 2441.20 
 0.00 ,  0.00 ,  0.00 
 0.00 ,  0.00 ,  0.00 
 0.00 ,  0.00 ,  0.00 
 0.00 ,  0.00 ,  0.00 
 0.00 , 151.44 , 100.99 
 0.00 ,  0.00 ,  0.00 
 0.00 ,  0.00 ,  0.00 
 0.00 ,  0.00 ,  0.00 
 0.00 ,  0.00 ,  0.00 
 0.00 ,  0.00 ,  0.00 
 0.00 ,  0.00 ,  0.00 
 0.00 ,  0.00 ,  0.00 
 0.00 , 50.55 , 33.68 
 0.00 , 6069.46 , 4317.94 
 0.00 , 2094.23 , 1425.87 
 0.00 , 1869.80 , 1269.99 
 0.00 , 246.98 , 164.87 
2652.41 ,  0.00 , 2466.74 
 0.00 ,  0.00 ,  0.00 
 0.00 ,  0.00 ,  0.00 
 0.00 ,  0.00 ,  0.00 
 0.00 ,  0.00 ,  0.00 
 0.00 ,  0.00 ,  0.00 
 0.00 ,  0.00 ,  0.00 
 0.00 ,  0.00 ,  0.00 
 0.00 ,  0.00 ,  0.00 
 0.00 ,  0.00 ,  0.00 
 0.00 ,  0.00 ,  0.00 
 0.00 , 631.82 , 423.48 
 0.00 ,  0.00 ,  0.00 
 0.00 ,  0.00 ,  0.00 
 0.00 ,  0.00 ,  0.00 
 0.00 ,  0.00 ,  0.00 
 0.00 ,  0.00 ,  0.00 
 0.00 ,  0.00 ,  0.00 
 0.00 ,  0.00 ,  0.00 
 0.00 , 275.15 , 183.73 
2695.19 , 6068.81 , 6857.20 
 0.00 , 2096.38 , 1427.37 
 0.00 , 1699.17 , 1151.97 
 0.00 ,  0.00 ,  0.00 
 0.00 ,  0.00 ,  0.00 
 0.00 ,  0.00 ,  0.00 
 0.00 ,  0.00 ,  0.00 
 0.00 ,  0.00 ,  0.00 
 0.00 ,  0.00 ,  0.00 
 0.00 ,  0.00 ,  0.00 
 0.00 ,  0.00 ,  0.00 
 0.00 ,  0.00 ,  0.00 
 0.00 ,  0.00 ,  0.00 
 0.00 ,  0.00 ,  0.00 
 0.00 ,  0.00 ,  0.00 
2621.39 ,  0.00 , 2437.89 
 0.00 ,  0.00 ,  0.00 
 0.00 ,  0.00 ,  0.00 
 0.00 ,  0.00 ,  0.00 
 0.00 ,  0.00 ,  0.00 
 0.00 ,  0.00 ,  0.00 
 0.00 ,  0.00 ,  0.00 
 0.00 ,  0.00 ,  0.00 
 0.00 ,  0.00 ,  0.00 
 0.00 , 5053.69 , 3554.53 
 0.00 , 1837.29 , 1247.46 
 0.00 , 1475.99 , 998.27 
 0.00 , 270.85 , 180.84 
 0.00 ,  0.00 ,  0.00 
 0.00 ,  0.00 ,  0.00 
 0.00 ,  0.00 ,  0.00 
 0.00 ,  0.00 ,  0.00 
 0.00 ,  0.00 ,  0.00 
 0.00 ,  0.00 ,  0.00 
2624.95 ,  0.00 , 2441.20 
 0.00 ,  0.00 ,  0.00 
 0.00 ,  0.00 ,  0.00 
 0.00 ,  0.00 ,  0.00 
 0.00 ,  0.00 ,  0.00 
 0.00 , 422.26 , 282.40 
 0.00 ,  0.00 ,  0.00 
 0.00 ,  0.00 ,  0.00 
 0.00 ,  0.00 ,  0.00 
 0.00 ,  0.00 ,  0.00 
 0.00 ,  0.00 ,  0.00 
 0.00 ,  0.00 ,  0.00 
 0.00 ,  0.00 ,  0.00 
 0.00 ,  0.00 ,  0.00 
 0.00 , 5367.45 , 3788.48 
 0.00 , 1885.92 , 1281.16 
 0.00 , 1503.72 , 1017.32 
 0.00 ,  0.00 ,  0.00 
2652.41 ,  0.00 , 2466.74 
 0.00 ,  0.00 ,  0.00 
 0.00 ,  0.00 ,  0.00 
 0.00 ,  0.00 ,  0.00 
 0.00 ,  0.00 ,  0.00 
 0.00 ,  0.00 ,  0.00 
 0.00 ,  0.00 ,  0.00 
 0.00 , 14.42 ,  9.60 
 0.00 , 531.27 , 355.71 
 0.00 , 666.02 , 446.57 
 0.00 , 790.49 , 530.73 
 0.00 , 910.25 , 611.92 
 0.00 ,  0.00 ,  0.00 
 0.00 ,  0.00 ,  0.00 
 0.00 ,  0.00 ,  0.00 
 0.00 ,  0.00 ,  0.00 
 0.00 ,  0.00 ,  0.00 
 0.00 , 195.56 , 130.47 
 0.00 , 837.61 , 562.65 
 0.00 , 1009.06 , 679.06 
2726.44 , 6235.40 , 7015.59 
 0.00 , 2636.12 , 1805.39 
 0.00 , 1777.15 , 1205.85 
 0.00 , 1050.05 , 706.95 
 0.00 , 1020.49 , 686.84 
 0.00 , 449.67 , 300.82 
 0.00 ,  2.71 ,  1.80 
 0.00 , 332.61 , 222.23 
 0.00 , 287.25 , 191.83 
 0.00 , 1186.97 , 800.31 
 0.00 , 1573.65 , 1065.44 
 0.00 , 1616.20 , 1094.75 
 0.00 , 1545.86 , 1046.31 
 0.00 , 1566.18 , 1060.29 
2613.31 , 1627.07 , 3534.69 
 0.00 , 1694.71 , 1148.89 
 0.00 ,  0.00 ,  0.00 
 0.00 ,  0.00 ,  0.00 
 0.00 ,  0.00 ,  0.00 
 0.00 , 138.71 , 92.49 
 0.00 , 977.20 , 657.40 
 0.00 , 1057.48 , 712.01 
 0.00 , 1170.95 , 789.37 
 0.00 , 1232.18 , 831.20 
 0.00 , 6282.13 , 4480.00 
 0.00 , 2673.14 , 1831.48 
 0.00 , 1990.07 , 1353.43 
 0.00 , 2282.30 , 1557.08 
 0.00 , 1533.51 , 1037.81 
 0.00 , 1153.54 , 777.49 
 0.00 , 1595.98 , 1080.81 
2531.63 , 1609.98 , 3446.84 
 0.00 , 1538.76 , 1041.42 
 0.00 , 1664.98 , 1128.38 
 0.00 , 1990.19 , 1353.51 
 0.00 , 1988.81 , 1352.55 
 0.00 , 1847.52 , 1254.55 
 0.00 , 1890.10 , 1284.05 
 0.00 , 1893.37 , 1286.32 
 0.00 , 1941.45 , 1319.67 
 0.00 ,  0.00 ,  0.00 
 0.00 ,  0.00 ,  0.00 
 0.00 ,  0.00 ,  0.00 
 0.00 , 623.51 , 417.88 
 0.00 , 1132.37 , 763.05 
 0.00 , 1199.63 , 808.96 
 0.00 , 1301.63 , 878.69 
 0.00 , 1353.08 , 913.93 
 0.00 , 6282.13 , 4480.00 
2595.21 , 2817.78 , 4353.53 
 0.00 , 2672.15 , 1830.78 
 0.00 , 2398.18 , 1638.20 
 0.00 , 2045.12 , 1391.69 
 0.00 , 1861.35 , 1264.13 
 0.00 , 1900.23 , 1291.07 
 0.00 , 1741.61 , 1181.29 
 0.00 , 1591.93 , 1078.03 
 0.00 , 1973.80 , 1342.13 
 0.00 , 2188.44 , 1491.54 
 0.00 , 2161.48 , 1472.73 
 0.00 , 2006.64 , 1364.94 
 0.00 , 1993.96 , 1356.13 
 0.00 , 2030.91 , 1381.81 
2566.50 , 2067.28 , 3797.28 
 0.00 ,  0.00 ,  0.00 
 0.00 ,  0.00 ,  0.00 
 0.00 ,  0.00 ,  0.00 
 0.00 , 1300.54 , 877.95 
 0.00 , 1455.11 , 983.92 
 0.00 , 1564.65 , 1059.24 
 0.00 , 1665.38 , 1128.65 
 0.00 , 1807.30 , 1226.71 
 0.00 , 6282.13 , 4480.00 
 0.00 , 3088.33 , 2125.55 
 0.00 , 1111.14 , 748.58 
 0.00 , 192.35 , 128.33 
 0.00 , 562.63 , 376.83 
 0.00 , 132.27 , 88.19 
 0.00 , 129.03 , 86.03 
 0.00 , 20.25 , 13.49 
 0.00 , 691.90 , 464.05 
2625.01 , 701.10 , 2911.90 
 0.00 , 1684.51 , 1141.85 
 0.00 , 1811.23 , 1229.42 
 0.00 , 1710.83 , 1160.03 
 0.00 , 1778.13 , 1206.53 
 0.00 , 1842.15 , 1250.83 
 0.00 , 1903.44 , 1293.30 
 0.00 ,  0.00 ,  0.00 
 0.00 ,  0.00 ,  0.00 
 0.00 ,  0.00 ,  0.00 
 0.00 , 828.05 , 556.17 
 0.00 , 1234.31 , 832.65 
 0.00 , 1303.18 , 879.76 
 0.00 , 1406.09 , 950.28 
 0.00 , 1503.83 , 1017.40 
 0.00 , 6282.13 , 4480.00 
 0.00 , 2953.11 , 2029.48 
2555.64 , 2464.32 , 4066.08 
 0.00 , 2117.16 , 1441.84 
 0.00 , 1548.14 , 1047.88 
 0.00 , 835.06 , 560.92 
 0.00 , 296.92 , 198.31 
 0.00 , 827.83 , 556.03 
 0.00 , 965.29 , 649.30 
 0.00 , 1082.80 , 729.26 
 0.00 , 1753.79 , 1189.70 
 0.00 , 1814.93 , 1231.99 
 0.00 , 1685.63 , 1142.63 
 0.00 , 1732.94 , 1175.30 
 0.00 , 1781.18 , 1208.64 
 0.00 , 1829.71 , 1242.22 
2520.08 ,  0.00 , 2343.68 
 0.00 ,  0.00 ,  0.00 
 0.00 ,  0.00 ,  0.00 
 0.00 , 477.74 , 319.69 
 0.00 , 1141.02 , 768.95 
 0.00 , 1252.87 , 845.34 
 0.00 , 1354.21 , 914.71 
 0.00 , 1449.08 , 979.78 
 0.00 , 6282.13 , 4480.00 
 0.00 , 2922.54 , 2007.80 
 0.00 , 2458.05 , 1680.18 
 0.00 , 2196.43 , 1497.11 
 0.00 , 2010.25 , 1367.45 
 0.00 , 1821.95 , 1236.85 
 0.00 , 1187.81 , 800.88 
 0.00 , 447.79 , 299.55 
 0.00 , 550.73 , 368.82 
 0.00 , 825.29 , 554.30 
2603.71 , 1721.87 , 3591.42 
 0.00 , 1823.39 , 1237.84 
 0.00 , 1705.12 , 1156.08 
 0.00 , 1757.43 , 1192.22 
 0.00 , 1808.75 , 1227.71 
 0.00 , 1859.17 , 1262.62 
 0.00 ,  0.00 ,  0.00 
 0.00 ,  0.00 ,  0.00 
 0.00 ,  0.00 ,  0.00 
 0.00 , 343.58 , 229.58 
 0.00 , 1029.76 , 693.15 
 0.00 , 1139.58 , 767.97 
 0.00 , 1194.07 , 805.16 
 0.00 , 1285.69 , 867.79 
 0.00 , 6282.13 , 4480.00 
 0.00 , 2761.07 , 1893.54 
 0.00 , 2321.43 , 1584.45 
2607.54 , 2000.54 , 3788.88 
 0.00 , 898.22 , 603.75 
 0.00 , 1154.48 , 778.13 
 0.00 , 1413.47 , 955.34 
 0.00 , 1637.80 , 1109.63 
 0.00 , 2012.81 , 1369.23 
 0.00 , 2107.63 , 1435.20 
 0.00 , 2176.05 , 1482.89 
 0.00 , 2128.80 , 1449.95 
 0.00 , 1924.84 , 1308.15 
 0.00 , 1863.22 , 1265.42 
 0.00 , 1849.92 , 1256.22 
 0.00 , 1839.78 , 1249.19 
 0.00 ,  0.00 ,  0.00 
 0.00 ,  0.00 ,  0.00 
 0.00 ,  0.00 ,  0.00 
 0.00 , 15.27 , 10.17 
2508.19 , 817.08 , 2881.85 
 0.00 , 875.43 , 588.29 
 0.00 , 922.20 , 620.03 
 0.00 , 962.40 , 647.34 
 0.00 , 6282.13 , 4480.00 
 0.00 , 2485.64 , 1699.55 
 0.00 , 2115.98 , 1441.01 
 0.00 , 1900.33 , 1291.15 
 0.00 , 1548.76 , 1048.30 
 0.00 , 1018.56 , 685.52 
 0.00 , 1527.41 , 1033.62 
 0.00 , 1272.39 , 858.69 
 0.00 , 1482.79 , 1002.94 
 0.00 , 1500.44 , 1015.07 
 0.00 , 1686.03 , 1142.90 
2542.41 , 1679.64 , 3505.09 
 0.00 , 1517.98 , 1027.13 
 0.00 , 1541.56 , 1043.35 
 0.00 , 1571.94 , 1064.26 
 0.00 , 1561.54 , 1057.10 
 0.00 ,  0.00 ,  0.00 
 0.00 ,  0.00 ,  0.00 
 0.00 ,  0.00 ,  0.00 
 0.00 ,  0.00 ,  0.00 
 0.00 , 428.60 , 286.65 
 0.00 , 892.61 , 599.95 
 0.00 , 991.53 , 667.14 
 0.00 , 1082.65 , 729.16 
 0.00 , 6282.13 , 4480.00 
 0.00 , 2606.78 , 1784.73 
 0.00 , 1881.23 , 1277.91 
 0.00 , 343.39 , 229.46 
2636.68 ,  0.00 , 2452.11 
 0.00 ,  0.00 ,  0.00 
 0.00 ,  0.00 ,  0.00 
 0.00 ,  0.00 ,  0.00 
 0.00 ,  0.00 ,  0.00 
 0.00 ,  0.00 ,  0.00 
 0.00 , 14.32 ,  9.54 
 0.00 , 1030.99 , 693.98 
 0.00 , 985.93 , 663.33 
 0.00 , 1057.10 , 711.75 
 0.00 , 1121.59 , 755.70 
 0.00 , 1181.53 , 796.59 
 0.00 ,  0.00 ,  0.00 
 0.00 ,  0.00 ,  0.00 
 0.00 ,  0.00 ,  0.00 
 0.00 ,  0.00 ,  0.00 
 0.00 ,  0.00 ,  0.00 
 0.00 , 93.39 , 62.24 
 0.00 , 635.32 , 425.84 
2541.25 , 738.97 , 2859.64 
 0.00 , 6282.13 , 4480.00 
 0.00 , 2091.40 , 1423.90 
 0.00 ,  5.66 ,  3.77 
 0.00 ,  0.00 ,  0.00 
 0.00 ,  0.00 ,  0.00 
 0.00 ,  0.00 ,  0.00 
 0.00 ,  0.00 ,  0.00 
 0.00 ,  0.00 ,  0.00 
 0.00 ,  0.00 ,  0.00 
 0.00 ,  0.00 ,  0.00 
 0.00 ,  0.00 ,  0.00 
 0.00 ,  0.00 ,  0.00 
2511.19 ,  0.00 , 2335.40 
 0.00 , 341.89 , 228.45 
 0.00 , 617.43 , 413.77 
 0.00 , 694.51 , 465.82 
 0.00 ,  0.00 ,  0.00 
 0.00 ,  0.00 ,  0.00 
 0.00 ,  0.00 ,  0.00 
 0.00 ,  0.00 ,  0.00 
 0.00 ,  0.00 ,  0.00 
 0.00 ,  0.00 ,  0.00 
 0.00 ,  0.00 ,  0.00 
 0.00 ,  0.16 ,  0.11 
 0.00 , 5990.82 , 4258.21 
 0.00 , 1855.74 , 1260.24 
 0.00 , 22.10 , 14.72 
 0.00 ,  0.00 ,  0.00 
 0.00 ,  0.00 ,  0.00 
2595.11 ,  0.00 , 2413.45 
 0.00 ,  0.00 ,  0.00 
 0.00 ,  0.00 ,  0.00 
 0.00 ,  0.00 ,  0.00 
 0.00 ,  0.00 ,  0.00 
 0.00 ,  0.00 ,  0.00 
 0.00 ,  0.00 ,  0.00 
 0.00 ,  0.00 ,  0.00 
 0.00 ,  0.00 ,  0.00 
 0.00 ,  0.00 ,  0.00 
 0.00 , 35.58 , 23.70 
 0.00 ,  0.00 ,  0.00 
 0.00 ,  0.00 ,  0.00 
 0.00 ,  0.00 ,  0.00 
 0.00 ,  0.00 ,  0.00 
 0.00 ,  0.00 ,  0.00 
 0.00 ,  0.00 ,  0.00 
 0.00 ,  0.00 ,  0.00 
 0.00 ,  0.00 ,  0.00 
2677.11 , 6115.94 , 6876.54 
 0.00 , 2030.18 , 1381.30 
 0.00 , 248.06 , 165.59 
 0.00 ,  0.00 ,  0.00 
 0.00 ,  0.00 ,  0.00 
 0.00 ,  0.00 ,  0.00 
 0.00 ,  0.00 ,  0.00 
 0.00 ,  0.00 ,  0.00 
 0.00 ,  0.00 ,  0.00 
 0.00 ,  0.00 ,  0.00 
 0.00 ,  0.00 ,  0.00 
 0.00 ,  0.00 ,  0.00 
 0.00 ,  0.00 ,  0.00 
 0.00 ,  0.00 ,  0.00 
2613.31 ,  0.00 , 2430.38 
 0.00 , 610.77 , 409.29 
 0.00 ,  0.00 ,  0.00 
 0.00 ,  0.00 ,  0.00 
 0.00 ,  0.00 ,  0.00 
 0.00 ,  0.00 ,  0.00 
 0.00 ,  0.00 ,  0.00 
 0.00 ,  0.00 ,  0.00 
 0.00 ,  0.00 ,  0.00 
 0.00 , 94.41 , 62.92 
 0.00 , 6174.94 , 4398.22 
 0.00 , 2072.25 , 1410.57 
 0.00 , 683.32 , 458.26 
 0.00 ,  0.00 ,  0.00 
 0.00 ,  0.00 ,  0.00 
 0.00 ,  0.00 ,  0.00 
 0.00 ,  0.00 ,  0.00 
2531.63 ,  0.00 , 2354.41 
 0.00 ,  0.00 ,  0.00 
 0.00 ,  0.00 ,  0.00 
 0.00 ,  0.00 ,  0.00 
 0.00 ,  0.00 ,  0.00 
 0.00 ,  0.00 ,  0.00 
 0.00 ,  0.00 ,  0.00 
 0.00 , 345.94 , 231.17 
 0.00 , 632.78 , 424.13 
 0.00 ,  0.00 ,  0.00 
 0.00 ,  0.00 ,  0.00 
 0.00 ,  0.00 ,  0.00 
 0.00 ,  0.00 ,  0.00 
 0.00 ,  0.00 ,  0.00 
 0.00 ,  0.00 ,  0.00 
 0.00 ,  0.00 ,  0.00 
 0.00 ,  0.00 ,  0.00 
 0.00 , 5530.89 , 3911.00 
2595.21 , 1842.17 , 3667.05 
 0.00 , 1712.76 , 1161.36 
 0.00 , 1621.69 , 1098.53 
 0.00 , 1241.35 , 837.46 
 0.00 , 764.71 , 513.28 
 0.00 , 724.98 , 486.41 
 0.00 , 907.61 , 610.13 
 0.00 , 1041.19 , 700.92 
 0.00 , 1056.04 , 711.03 
 0.00 , 1291.78 , 871.95 
 0.00 , 1262.78 , 852.12 
 0.00 , 1109.90 , 747.73 
 0.00 , 1147.54 , 773.40 
 0.00 , 1191.95 , 803.71 
2566.50 , 1238.21 , 3223.33 
 0.00 ,  0.00 ,  0.00 
 0.00 ,  0.00 ,  0.00 
 0.00 ,  0.00 ,  0.00 
 0.00 ,  0.00 ,  0.00 
 0.00 ,  0.00 ,  0.00 
 0.00 , 273.95 , 182.92 
 0.00 , 739.64 , 496.32 
 0.00 , 849.63 , 570.80 
 0.00 , 6282.13 , 4480.00 
 0.00 , 2475.13 , 1692.17 
 0.00 , 2120.70 , 1444.30 
 0.00 , 1865.43 , 1266.96 
 0.00 , 1846.60 , 1253.92 
 0.00 , 1356.31 , 916.15 
 0.00 , 1767.40 , 1199.11 
 0.00 , 1503.60 , 1017.24 
 0.00 , 1405.16 , 949.64 
2625.01 , 1468.28 , 3435.93 
 0.00 , 1823.93 , 1238.22 
 0.00 , 1837.77 , 1247.80 
 0.00 , 1691.32 , 1146.55 
 0.00 , 1730.80 , 1173.82 
 0.00 , 1776.30 , 1205.27 
 0.00 , 1779.68 , 1207.60 
 0.00 ,  0.00 ,  0.00 
 0.00 ,  0.00 ,  0.00 
 0.00 ,  0.00 ,  0.00 
 0.00 , 340.91 , 227.79 
 0.00 , 1053.26 , 709.14 
 0.00 , 1170.12 , 788.80 
 0.00 , 1277.06 , 861.89 
 0.00 , 1377.97 , 931.00 
 0.00 , 6282.13 , 4480.00 
 0.00 , 2873.04 , 1972.74 
2555.64 , 865.81 , 2959.08 
 0.00 ,  0.00 ,  0.00 
 0.00 ,  0.00 ,  0.00 
 0.00 ,  0.00 ,  0.00 
 0.00 ,  0.00 ,  0.00 
 0.00 ,  0.00 ,  0.00 
 0.00 ,  0.00 ,  0.00 
 0.00 ,  0.00 ,  0.00 
 0.00 ,  0.00 ,  0.00 
 0.00 , 876.61 , 589.09 
 0.00 , 1139.11 , 767.64 
 0.00 , 1192.71 , 804.23 
 0.00 , 1277.65 , 862.29 
 0.00 , 1311.87 , 885.71 
2520.08 ,  0.00 , 2343.68 
 0.00 ,  0.00 ,  0.00 
 0.00 ,  0.00 ,  0.00 
 0.00 ,  0.00 ,  0.00 
 0.00 ,  0.00 ,  0.00 
 0.00 , 394.71 , 263.89 
 0.00 , 674.40 , 452.23 
 0.00 , 736.32 , 494.08 
 0.00 , 6269.89 , 4470.65 
 0.00 , 2241.54 , 1528.60 
 0.00 , 2119.95 , 1443.79 
 0.00 , 2094.67 , 1426.18 
 0.00 , 1834.46 , 1245.51 
 0.00 , 1282.37 , 865.51 
 0.00 , 1508.53 , 1020.63 
 0.00 , 1512.71 , 1023.51 
 0.00 , 1585.27 , 1073.44 
 0.00 , 1691.07 , 1146.38 
2603.71 , 1783.26 , 3634.03 
 0.00 , 1755.41 , 1190.82 
 0.00 , 1545.64 , 1046.16 
 0.00 , 1569.58 , 1062.64 
 0.00 , 1558.30 , 1054.87 
 0.00 , 1594.14 , 1079.55 
 0.00 ,  0.00 ,  0.00 
 0.00 ,  0.00 ,  0.00 
 0.00 ,  0.00 ,  0.00 
 0.00 ,  0.00 ,  0.00 
 0.00 , 656.52 , 440.16 
 0.00 , 936.14 , 629.50 
 0.00 , 1084.79 , 730.61 
 0.00 , 1182.89 , 797.53 
 0.00 , 6282.13 , 4480.00 
 0.00 , 2697.17 , 1848.43 
 0.00 , 1344.56 , 908.10 
2607.54 , 761.70 , 2936.70 
 0.00 , 1465.34 , 990.95 
 0.00 , 1626.17 , 1101.62 
 0.00 , 1813.95 , 1231.31 
 0.00 , 1622.54 , 1099.12 
 0.00 , 1726.62 , 1170.93 
 0.00 , 1949.14 , 1325.01 
 0.00 , 2095.67 , 1426.87 
 0.00 , 2044.73 , 1391.42 
 0.00 , 1844.43 , 1252.41 
 0.00 , 1830.48 , 1242.75 
 0.00 , 1867.14 , 1268.14 
 0.00 , 1863.82 , 1265.84 
 0.00 ,  0.00 ,  0.00 
 0.00 ,  0.00 ,  0.00 
 0.00 ,  0.00 ,  0.00 
 0.00 , 293.20 , 195.82 
2508.19 , 932.17 , 2960.06 
 0.00 , 995.07 , 669.54 
 0.00 , 1046.46 , 704.51 
 0.00 , 1046.02 , 704.21 
 0.00 , 6282.13 , 4480.00 
 0.00 , 2498.83 , 1708.82 
 0.00 , 1190.26 , 802.56 
 0.00 , 232.15 , 154.95 
 0.00 ,  0.00 ,  0.00 
 0.00 ,  0.00 ,  0.00 
 0.00 ,  0.00 ,  0.00 
 0.00 ,  0.00 ,  0.00 
 0.00 ,  0.00 ,  0.00 
 0.00 ,  0.00 ,  0.00 
 0.00 ,  0.00 ,  0.00 
2542.41 , 953.02 , 3006.09 
 0.00 , 911.73 , 612.93 
 0.00 , 982.37 , 660.91 
 0.00 , 1047.17 , 704.99 
 0.00 , 1063.64 , 716.21 
 0.00 ,  0.00 ,  0.00 
 0.00 ,  0.00 ,  0.00 
 0.00 ,  0.00 ,  0.00 
 0.00 ,  0.00 ,  0.00 
 0.00 ,  0.00 ,  0.00 
 0.00 ,  0.00 ,  0.00 
 0.00 , 248.05 , 165.58 
 0.00 , 596.54 , 399.69 
 0.00 , 6253.54 , 4458.17 
 0.00 , 2182.81 , 1487.60 
 0.00 , 1911.01 , 1298.55 
 0.00 , 1161.89 , 783.19 
2636.68 , 853.39 , 3026.02 
 0.00 , 1199.18 , 808.65 
 0.00 , 1164.75 , 785.14 
 0.00 , 1453.50 , 982.82 
 0.00 , 1415.36 , 956.63 
 0.00 , 1540.96 , 1042.94 
 0.00 , 1621.90 , 1098.67 
 0.00 , 1601.76 , 1084.79 
 0.00 , 1436.20 , 970.94 
 0.00 , 1417.49 , 958.10 
 0.00 , 1449.06 , 979.77 
 0.00 , 1485.24 , 1004.62 
 0.00 ,  0.00 ,  0.00 
 0.00 ,  0.00 ,  0.00 
 0.00 ,  0.00 ,  0.00 
 0.00 ,  0.00 ,  0.00 
 0.00 , 117.61 , 78.40 
 0.00 , 742.29 , 498.12 
 0.00 , 846.19 , 568.46 
2541.25 , 941.19 , 2996.96 
 0.00 , 6282.13 , 4480.00 
 0.00 , 2480.85 , 1696.19 
 0.00 , 2329.76 , 1590.28 
 0.00 , 2193.47 , 1495.04 
 0.00 , 1937.14 , 1316.68 
 0.00 , 1706.72 , 1157.18 
 0.00 , 1657.44 , 1123.18 
 0.00 , 1660.51 , 1125.29 
 0.00 , 1539.61 , 1042.01 
 0.00 , 1692.53 , 1147.39 
 0.00 , 1940.76 , 1319.19 
 0.00 , 1872.12 , 1271.59 
2511.19 , 1708.45 , 3495.98 
 0.00 , 1695.87 , 1149.69 
 0.00 , 1730.30 , 1173.47 
 0.00 , 1769.24 , 1200.38 
 0.00 ,  0.00 ,  0.00 
 0.00 ,  0.00 ,  0.00 
 0.00 ,  0.00 ,  0.00 
 0.00 , 19.03 , 12.67 
 0.00 , 860.64 , 578.26 
 0.00 , 969.60 , 652.23 
 0.00 , 1023.59 , 688.95 
 0.00 , 1115.17 , 751.32 
 0.00 , 6282.13 , 4480.00 
 0.00 , 2603.84 , 1782.66 
 0.00 , 2146.31 , 1462.15 
 0.00 , 1355.76 , 915.77 
 0.00 , 1861.30 , 1264.09 
2595.11 , 1933.63 , 3730.63 
 0.00 , 1299.18 , 877.02 
 0.00 , 1346.91 , 909.70 
 0.00 , 799.76 , 537.01 
 0.00 , 1373.52 , 927.94 
 0.00 , 1792.42 , 1216.42 
 0.00 , 1778.30 , 1206.64 
 0.00 , 1633.97 , 1106.99 
 0.00 , 1628.00 , 1102.88 
 0.00 , 1668.01 , 1130.47 
 0.00 , 1666.41 , 1129.36 
 0.00 ,  0.00 ,  0.00 
 0.00 ,  0.00 ,  0.00 
 0.00 ,  0.00 ,  0.00 
 0.00 ,  0.00 ,  0.00 
 0.00 , 593.11 , 397.38 
 0.00 , 859.72 , 577.64 
 0.00 , 913.44 , 614.08 
 0.00 , 958.67 , 644.80 
2677.11 , 6236.33 , 6969.71 
 0.00 , 2541.77 , 1738.99 
 0.00 , 2285.85 , 1559.56 
 0.00 , 1750.73 , 1187.59 
 0.00 , 1350.77 , 912.35 
 0.00 , 1198.32 , 808.06 
 0.00 , 1297.26 , 875.71 
 0.00 , 1592.61 , 1078.49 
 0.00 , 1825.93 , 1239.60 
 0.00 , 1917.00 , 1302.71 
 0.00 , 1963.03 , 1334.65 
 0.00 , 1931.19 , 1312.55 
 0.00 , 1721.33 , 1167.27 
 0.00 , 1744.41 , 1183.22 
2613.31 , 1728.78 , 3605.15 
 0.00 , 1766.65 , 1198.59 
 0.00 ,  0.00 ,  0.00 
 0.00 ,  0.00 ,  0.00 
 0.00 ,  0.00 ,  0.00 
 0.00 , 63.16 , 42.08 
 0.00 , 980.30 , 659.50 
 0.00 , 1091.04 , 734.87 
 0.00 , 1236.19 , 833.93 
 0.00 , 1331.26 , 898.99 
 0.00 , 6282.13 , 4480.00 
 0.00 , 2911.23 , 1999.79 
 0.00 , 2685.71 , 1840.35 
 0.00 , 2504.90 , 1713.08 
 0.00 , 2271.59 , 1549.60 
 0.00 , 2317.47 , 1581.68 
 0.00 , 2228.32 , 1519.37 
2531.63 , 1933.18 , 3671.20 
 0.00 , 1564.16 , 1058.90 
 0.00 , 1988.52 , 1352.35 
 0.00 , 2260.04 , 1541.53 
 0.00 , 2252.51 , 1536.27 
 0.00 , 2056.14 , 1399.36 
 0.00 , 2086.82 , 1420.71 
 0.00 , 2080.15 , 1416.07 
 0.00 , 2074.83 , 1412.36 
 0.00 ,  0.00 ,  0.00 
 0.00 ,  0.00 ,  0.00 
 0.00 ,  0.00 ,  0.00 
 0.00 , 1008.72 , 678.83 
 0.00 , 1207.29 , 814.19 
 0.00 , 1265.15 , 853.73 
 0.00 , 1314.09 , 887.23 
 0.00 , 1357.06 , 916.66 
 0.00 , 6282.13 , 4480.00 
2595.21 , 2828.32 , 4361.04 
 0.00 , 2678.63 , 1835.35 
 0.00 , 2530.63 , 1731.16 
 0.00 , 2389.86 , 1632.37 
 0.00 , 2172.08 , 1480.12 
 0.00 , 1343.62 , 907.45 
 0.00 , 500.07 , 334.71 
 0.00 , 1499.89 , 1014.69 
 0.00 , 1947.34 , 1323.75 
 0.00 , 2070.41 , 1409.29 
 0.00 , 2064.08 , 1404.88 
 0.00 , 1867.70 , 1268.53 
 0.00 , 1898.41 , 1289.81 
 0.00 , 1891.72 , 1285.18 
2566.50 , 1925.90 , 3698.60 
 0.00 ,  0.00 ,  0.00 
 0.00 ,  0.00 ,  0.00 
 0.00 ,  0.00 ,  0.00 
 0.00 , 703.78 , 472.08 
 0.00 , 1188.39 , 801.28 
 0.00 , 1295.84 , 874.74 
 0.00 , 1393.59 , 941.70 
 0.00 , 1485.70 , 1004.94 
 0.00 , 6282.13 , 4480.00 
 0.00 , 3106.28 , 2138.32 
 0.00 , 2697.89 , 1848.94 
 0.00 , 2194.77 , 1495.95 
 0.00 , 1523.52 , 1030.94 
 0.00 , 1922.86 , 1306.77 
 0.00 , 1958.27 , 1331.35 
 0.00 , 1775.89 , 1204.98 
 0.00 , 1803.20 , 1223.87 
2625.01 , 2055.57 , 3843.59 
 0.00 , 2276.29 , 1552.88 
 0.00 , 2269.83 , 1548.37 
 0.00 , 2115.90 , 1440.96 
 0.00 , 2146.79 , 1462.49 
 0.00 , 2184.19 , 1488.57 
 0.00 , 2224.62 , 1516.78 
 0.00 ,  0.00 ,  0.00 
 0.00 ,  0.00 ,  0.00 
 0.00 , 108.22 , 72.13 
 0.00 , 1326.54 , 895.75 
 0.00 , 1443.97 , 976.27 
 0.00 , 1547.46 , 1047.41 
 0.00 , 1643.45 , 1113.53 
 0.00 , 1688.78 , 1144.80 
 0.00 , 6282.13 , 4480.00 
 0.00 , 3256.54 , 2245.44 
2555.64 , 2285.50 , 3940.13 
 0.00 , 1701.56 , 1153.62 
 0.00 , 783.52 , 526.01 
 0.00 , 605.86 , 405.97 
 0.00 , 175.61 , 117.13 
 0.00 , 706.12 , 473.66 
 0.00 , 503.24 , 336.84 
 0.00 , 1055.57 , 710.72 
 0.00 , 1869.41 , 1269.72 
 0.00 , 1988.37 , 1352.25 
 0.00 , 1878.93 , 1276.31 
 0.00 , 1939.61 , 1318.39 
 0.00 , 1998.36 , 1359.19 
 0.00 , 2055.08 , 1398.62 
2520.08 ,  0.00 , 2343.68 
 0.00 ,  0.00 ,  0.00 
 0.00 ,  0.00 ,  0.00 
 0.00 , 1161.31 , 782.79 
 0.00 , 1413.70 , 955.50 
 0.00 , 1526.42 , 1032.93 
 0.00 , 1675.64 , 1135.73 
 0.00 , 1774.90 , 1204.30 
 0.00 , 6282.13 , 4480.00 
 0.00 , 3415.50 , 2359.16 
 0.00 , 2119.53 , 1443.49 
 0.00 , 1785.70 , 1211.76 
 0.00 , 951.18 , 639.71 
 0.00 , 98.50 , 65.65 
 0.00 ,  0.00 ,  0.00 
 0.00 ,  7.67 ,  5.11 
 0.00 , 407.00 , 272.15 
 0.00 , 1369.29 , 925.04 
2603.71 , 2020.20 , 3799.04 
 0.00 , 2132.36 , 1452.43 
 0.00 , 1968.44 , 1338.40 
 0.00 , 2077.29 , 1414.08 
 0.00 , 2098.01 , 1428.50 
 0.00 , 2158.90 , 1470.93 
 0.00 ,  0.00 ,  0.00 
 0.00 ,  0.00 ,  0.00 
 0.00 , 110.98 , 73.98 
 0.00 , 1368.47 , 924.48 
 0.00 , 1498.18 , 1013.52 
 0.00 , 1612.82 , 1092.42 
 0.00 , 1718.40 , 1165.25 
 0.00 , 1818.47 , 1234.44 
 0.00 , 6282.13 , 4480.00 
 0.00 , 3521.99 , 2435.55 
 0.00 , 2735.54 , 1875.51 
2607.54 , 1328.44 , 3323.44 
 0.00 , 1331.46 , 899.12 
 0.00 , 764.17 , 512.91 
 0.00 , 139.11 , 92.76 
 0.00 ,  0.00 ,  0.00 
 0.00 , 11.50 ,  7.66 
 0.00 , 726.00 , 487.10 
 0.00 , 1998.11 , 1359.02 
 0.00 , 2167.12 , 1476.66 
 0.00 , 2071.59 , 1410.11 
 0.00 , 2151.68 , 1465.90 
 0.00 , 2225.79 , 1517.60 
 0.00 , 2295.47 , 1566.29 
 0.00 ,  0.00 ,  0.00 
 0.00 ,  0.00 ,  0.00 
 0.00 , 355.65 , 237.68 
 0.00 , 1436.67 , 971.26 
2508.19 , 1517.65 , 3361.25 
 0.00 , 1587.58 , 1075.03 
 0.00 , 1645.35 , 1114.84 
 0.00 , 1696.60 , 1150.20 
 0.00 , 6282.13 , 4480.00 
 0.00 , 3327.19 , 2295.93 
 0.00 , 2916.06 , 2003.21 
 0.00 , 2773.85 , 1902.57 
 0.00 , 2430.13 , 1660.60 
 0.00 , 2485.79 , 1699.66 
 0.00 , 2288.87 , 1561.68 
 0.00 , 2508.90 , 1715.89 
 0.00 , 2543.16 , 1739.97 
 0.00 , 2430.87 , 1661.12 
 0.00 , 2699.13 , 1849.81 
2542.41 , 2635.11 , 4174.54 
 0.00 , 2440.67 , 1667.99 
 0.00 , 2467.17 , 1686.59 
 0.00 , 2457.80 , 1680.01 
 0.00 , 2494.99 , 1706.12 
 0.00 ,  0.00 ,  0.00 
 0.00 ,  0.00 ,  0.00 
 0.00 , 633.41 , 424.56 
 0.00 , 1513.23 , 1023.86 
 0.00 , 1625.91 , 1101.44 
 0.00 , 1681.27 , 1139.61 
 0.00 , 1773.52 , 1203.34 
 0.00 , 1816.75 , 1233.25 
 0.00 , 6282.13 , 4480.00 
 0.00 , 3307.17 , 2281.62 
 0.00 , 1727.13 , 1171.28 
 0.00 , 729.69 , 489.59 
2678.67 , 831.32 , 3050.10 
 0.00 , 842.55 , 566.00 
 0.00 , 278.05 , 185.67 
 0.00 , 286.17 , 191.10 
 0.00 , 967.28 , 650.66 
 0.00 , 1112.47 , 749.48 
 0.00 , 1819.73 , 1235.31 
 0.00 , 1959.13 , 1331.94 
 0.00 , 1829.58 , 1242.13 
 0.00 , 1884.28 , 1280.02 
 0.00 , 1982.66 , 1348.28 
 0.00 , 2037.60 , 1386.46 
 0.00 ,  0.00 ,  0.00 
 0.00 ,  0.00 ,  0.00 
 0.00 , 14.80 ,  9.85 
 0.00 , 1353.30 , 914.08 
 0.00 , 1543.17 , 1044.45 
 0.00 , 1702.12 , 1154.01 
 0.00 , 1806.96 , 1226.47 
2602.15 , 1946.66 , 3746.27 
 0.00 , 6282.13 , 4480.00 
 0.00 , 3573.31 , 2472.44 
 0.00 , 2393.54 , 1634.95 
 0.00 , 945.62 , 635.94 
 0.00 , 378.93 , 253.30 
 0.00 , 364.33 , 243.50 
 0.00 , 719.81 , 482.91 
 0.00 , 321.05 , 214.48 
 0.00 , 935.26 , 628.90 
 0.00 , 1172.36 , 790.33 
 0.00 , 2044.54 , 1391.29 
 0.00 , 2129.81 , 1450.65 
2583.46 , 2018.44 , 3778.95 
 0.00 , 2041.56 , 1389.22 
 0.00 , 2100.91 , 1430.52 
 0.00 , 2114.72 , 1440.14 
 0.00 ,  0.00 ,  0.00 
 0.00 ,  0.00 ,  0.00 
 0.00 , 11.96 ,  7.96 
 0.00 , 1242.10 , 837.97 
 0.00 , 1351.94 , 913.15 
 0.00 , 1415.44 , 956.69 
 0.00 , 1469.36 , 993.71 
 0.00 , 1516.83 , 1026.34 
 0.00 , 6282.13 , 4480.00 
 0.00 , 3090.26 , 2126.92 
 0.00 , 1723.62 , 1168.85 
 0.00 , 642.46 , 430.67 
 0.00 , 1281.80 , 865.13 
2662.32 , 728.56 , 2965.20 
 0.00 , 101.70 , 67.79 
 0.00 , 19.44 , 12.95 
 0.00 , 574.45 , 384.80 
 0.00 , 855.88 , 575.03 
 0.00 , 1564.66 , 1059.25 
 0.00 , 1709.60 , 1159.18 
 0.00 , 1581.86 , 1071.09 
 0.00 , 1636.26 , 1108.57 
 0.00 , 1689.69 , 1145.42 
 0.00 , 1741.52 , 1181.22 
 0.00 ,  0.00 ,  0.00 
 0.00 ,  0.00 ,  0.00 
 0.00 ,  0.00 ,  0.00 
 0.00 , 237.01 , 158.19 
 0.00 , 1053.62 , 709.39 
 0.00 , 1212.42 , 817.69 
 0.00 , 1316.22 , 888.68 
 0.00 , 1457.96 , 985.88 
2743.53 , 6235.08 , 7031.48 
 0.00 , 3080.88 , 2120.25 
 0.00 , 1945.64 , 1322.58 
 0.00 , 727.73 , 488.27 
 0.00 , 301.95 , 201.68 
 0.00 ,  0.00 ,  0.00 
 0.00 ,  0.00 ,  0.00 
 0.00 ,  0.00 ,  0.00 
 0.00 ,  0.00 ,  0.00 
 0.00 , 64.81 , 43.18 
 0.00 , 1410.12 , 953.04 
 0.00 , 1544.74 , 1045.54 
 0.00 , 1478.08 , 999.70 
 0.00 , 1547.07 , 1047.14 
2687.59 , 1608.52 , 3591.00 
 0.00 , 1672.57 , 1133.62 
 0.00 ,  0.00 ,  0.00 
 0.00 ,  0.00 ,  0.00 
 0.00 ,  0.00 ,  0.00 
 0.00 , 161.49 , 107.70 
 0.00 , 1063.02 , 715.79 
 0.00 , 1183.70 , 798.08 
 0.00 , 1291.70 , 871.90 
 0.00 , 1392.45 , 940.92 
 0.00 , 6282.13 , 4480.00 
 0.00 , 3075.39 , 2116.34 
 0.00 , 3013.98 , 2072.69 
 0.00 , 2781.58 , 1908.03 
 0.00 , 1419.14 , 959.23 
 0.00 , 648.30 , 434.61 
 0.00 , 1032.62 , 695.09 
2596.26 , 740.00 , 2911.51 
 0.00 , 717.42 , 481.30 
 0.00 , 1225.08 , 826.34 
 0.00 , 1865.78 , 1267.20 
 0.00 , 1939.18 , 1318.09 
 0.00 , 1756.92 , 1191.87 
 0.00 , 1805.96 , 1225.78 
 0.00 , 1857.12 , 1261.20 
 0.00 , 1909.17 , 1297.28 
 0.00 ,  0.00 ,  0.00 
 0.00 ,  0.00 ,  0.00 
 0.00 ,  0.00 ,  0.00 
 0.00 , 572.83 , 383.71 
 0.00 , 1147.75 , 773.54 
 0.00 , 1215.44 , 819.75 
 0.00 , 1316.72 , 889.03 
 0.00 , 1412.89 , 954.94 
 0.00 , 6282.13 , 4480.00 
2660.35 , 3039.24 , 4572.42 
 0.00 , 2793.16 , 1916.22 
 0.00 , 2665.07 , 1825.79 
 0.00 , 2443.98 , 1670.31 
 0.00 , 2198.60 , 1498.62 
 0.00 , 2326.88 , 1588.26 
 0.00 , 2298.35 , 1568.31 
 0.00 , 2275.13 , 1552.07 
 0.00 , 2107.82 , 1435.33 
 0.00 , 2409.41 , 1646.07 
 0.00 , 2405.84 , 1643.57 
 0.00 , 2205.38 , 1503.36 
 0.00 , 2232.87 , 1522.54 
 0.00 , 2268.51 , 1547.44 
2638.87 , 2257.53 , 3998.03 
 0.00 ,  0.00 ,  0.00 
 0.00 ,  0.00 ,  0.00 
 0.00 , 191.78 , 127.95 
 0.00 , 1319.43 , 890.88 
 0.00 , 1389.43 , 938.85 
 0.00 , 1490.54 , 1008.27 
 0.00 , 1539.60 , 1042.00 
 0.00 , 1628.32 , 1103.10 
 0.00 , 6282.13 , 4480.00 
 0.00 , 3220.61 , 2219.80 
 0.00 , 3046.85 , 2096.05 
 0.00 , 2527.45 , 1728.92 
 0.00 , 2382.41 , 1627.14 
 0.00 , 2186.53 , 1490.20 
 0.00 , 2167.63 , 1477.02 
 0.00 , 2239.30 , 1527.03 
2546.60 , 1796.70 , 3590.18 
 0.00 , 1651.80 , 1119.29 
 0.00 , 2277.18 , 1553.50 
 0.00 , 2328.49 , 1589.39 
 0.00 , 2170.50 , 1479.02 
 0.00 , 2160.84 , 1472.28 
 0.00 , 2197.95 , 1498.17 
 0.00 , 2237.83 , 1526.01 
 0.00 ,  0.00 ,  0.00 
 0.00 ,  0.00 ,  0.00 
 0.00 , 105.83 , 70.54 
 0.00 , 1292.16 , 872.21 
 0.00 , 1407.12 , 950.99 
 0.00 , 1463.19 , 989.48 
 0.00 , 1555.19 , 1052.73 
 0.00 , 1597.83 , 1082.08 
 0.00 , 6282.13 , 4480.00 
2539.66 , 3122.92 , 4519.73 
 0.00 , 2654.56 , 1818.38 
 0.00 , 1372.02 , 926.91 
 0.00 , 1663.79 , 1127.55 
 0.00 , 1661.80 , 1126.19 
 0.00 , 1766.14 , 1198.24 
 0.00 , 1796.04 , 1218.91 
 0.00 , 1963.20 , 1334.77 
 0.00 , 2214.28 , 1509.57 
 0.00 , 2315.43 , 1580.25 
 0.00 , 2288.61 , 1561.50 
 0.00 , 2128.90 , 1450.02 
 0.00 , 2156.42 , 1469.20 
 0.00 , 2191.46 , 1493.64 
2638.87 , 2180.03 , 3943.64 
 0.00 ,  0.00 ,  0.00 
 0.00 ,  0.00 ,  0.00 
 0.00 , 208.88 , 139.38 
 0.00 , 1386.04 , 936.53 
 0.00 , 1503.46 , 1017.15 
 0.00 , 1606.74 , 1088.23 
 0.00 , 1702.37 , 1154.18 
 0.00 , 1793.02 , 1216.83 
 0.00 , 6282.13 , 4480.00 
 0.00 , 3354.82 , 2315.70 
 0.00 , 2900.59 , 1992.25 
 0.00 , 2453.70 , 1677.13 
 0.00 , 2229.46 , 1520.16 
 0.00 , 2150.39 , 1464.99 
 0.00 , 1473.26 , 996.39 
 0.00 , 1506.73 , 1019.39 
2546.60 , 1807.29 , 3597.54 
 0.00 , 2094.02 , 1425.72 
 0.00 , 2394.27 , 1635.46 
 0.00 , 2386.56 , 1630.05 
 0.00 , 2222.97 , 1515.63 
 0.00 , 2256.85 , 1539.30 
 0.00 , 2251.82 , 1535.78 
 0.00 , 2292.11 , 1563.94 
 0.00 ,  0.00 ,  0.00 
 0.00 ,  0.00 ,  0.00 
 0.00 , 323.36 , 216.03 
 0.00 , 1412.85 , 954.92 
 0.00 , 1530.06 , 1035.44 
 0.00 , 1588.06 , 1075.36 
 0.00 , 1682.02 , 1140.13 
 0.00 , 1726.42 , 1170.79 
 0.00 , 6282.13 , 4480.00 
2539.66 , 3353.72 , 4685.71 
 0.00 , 3137.43 , 2160.50 
 0.00 , 2965.62 , 2038.35 
 0.00 , 2812.61 , 1929.97 
 0.00 , 2763.16 , 1895.01 
 0.00 , 2320.19 , 1583.58 
 0.00 , 1114.16 , 750.63 
 0.00 , 1340.45 , 905.28 
 0.00 , 1560.06 , 1056.08 
 0.00 , 2266.89 , 1546.31 
 0.00 , 2343.60 , 1599.97 
 0.00 , 2152.86 , 1466.72 
 0.00 , 2191.75 , 1493.84 
 0.00 , 2233.73 , 1523.15 
2638.87 , 2270.88 , 4007.41 
 0.00 ,  0.00 ,  0.00 
 0.00 ,  0.00 ,  0.00 
 0.00 , 236.34 , 157.75 
 0.00 , 1387.36 , 937.43 
 0.00 , 1504.09 , 1017.58 
 0.00 , 1652.44 , 1119.73 
 0.00 , 1703.88 , 1155.22 
 0.00 , 1838.79 , 1248.50 
 0.00 , 6282.13 , 4480.00 
 0.00 , 3540.86 , 2449.11 
 0.00 , 3307.35 , 2281.75 
 0.00 , 3135.81 , 2159.34 
 0.00 , 3006.00 , 2067.02 
 0.00 , 2868.34 , 1969.41 
 0.00 , 2774.46 , 1903.00 
 0.00 , 2862.22 , 1965.07 
2546.60 , 2908.75 , 4373.02 
 0.00 , 3002.96 , 2064.86 
 0.00 , 3077.27 , 2117.68 
 0.00 , 2983.47 , 2051.02 
 0.00 , 2727.29 , 1869.69 
 0.00 , 2700.43 , 1850.73 
 0.00 , 2682.67 , 1838.20 
 0.00 , 2669.13 , 1828.66 
 0.00 ,  0.00 ,  0.00 
 0.00 ,  0.00 ,  0.00 
 0.00 , 891.30 , 599.06 
 0.00 , 1580.11 , 1069.88 
 0.00 , 1595.39 , 1080.41 
 0.00 , 1641.83 , 1112.41 
 0.00 , 1682.22 , 1140.27 
 0.00 , 1718.32 , 1165.20 
 0.00 , 6282.13 , 4480.00 
2539.66 , 3274.95 , 4628.96 
 0.00 , 2641.11 , 1808.91 
 0.00 , 2523.06 , 1725.84 
 0.00 , 2608.72 , 1786.10 
 0.00 , 2222.68 , 1515.43 
 0.00 , 2259.86 , 1541.40 
 0.00 , 2405.71 , 1643.48 
 0.00 , 2530.03 , 1730.74 
 0.00 , 2518.12 , 1722.37 
 0.00 , 2606.89 , 1784.81 
 0.00 , 2571.71 , 1760.05 
 0.00 , 2359.44 , 1611.06 
 0.00 , 2377.40 , 1623.64 
 0.00 , 2360.26 , 1611.63 
2638.87 , 2383.31 , 4086.52 
 0.00 ,  0.00 ,  0.00 
 0.00 ,  0.00 ,  0.00 
 0.00 , 503.71 , 337.16 
 0.00 , 1517.95 , 1027.11 
 0.00 , 1673.82 , 1134.48 
 0.00 , 1819.04 , 1234.83 
 0.00 , 1958.06 , 1331.20 
 0.00 , 2093.69 , 1425.50 
 0.00 , 6282.13 , 4480.00 
 0.00 , 3848.43 , 2670.87 
 0.00 , 2475.12 , 1692.17 
 0.00 , 1337.94 , 903.56 
 0.00 , 722.50 , 484.73 
 0.00 , 1138.70 , 767.36 
 0.00 , 935.34 , 628.96 
 0.00 , 361.99 , 241.94 
2546.60 , 343.32 , 2597.83 
 0.00 , 1184.17 , 798.40 
 0.00 , 2183.50 , 1488.09 
 0.00 , 2311.60 , 1577.57 
 0.00 , 2153.83 , 1467.40 
 0.00 , 2217.99 , 1512.15 
 0.00 , 2235.03 , 1524.06 
 0.00 , 2291.95 , 1563.83 
 0.00 ,  0.00 ,  0.00 
 0.00 ,  0.00 ,  0.00 
 0.00 , 247.03 , 164.90 
 0.00 , 1347.73 , 910.27 
 0.00 , 1468.00 , 992.78 
 0.00 , 1529.27 , 1034.89 
 0.00 , 1580.56 , 1070.19 
 0.00 , 1625.32 , 1101.03 
 0.00 , 6282.13 , 4480.00 
2539.66 , 3227.08 , 4594.52 
 0.00 , 2610.97 , 1787.68 
 0.00 , 2425.93 , 1657.65 
 0.00 , 2170.56 , 1479.06 
 0.00 , 2102.57 , 1431.68 
 0.00 , 1590.88 , 1077.30 
 0.00 , 1575.01 , 1066.37 
 0.00 , 932.26 , 626.86 
 0.00 , 932.66 , 627.14 
 0.00 , 1980.94 , 1347.09 
 0.00 , 2057.39 , 1400.23 
 0.00 , 1888.18 , 1282.72 
 0.00 , 1931.81 , 1312.98 
 0.00 , 1931.72 , 1312.92 
2638.87 , 1969.23 , 3796.21 
 0.00 ,  0.00 ,  0.00 
 0.00 ,  0.00 ,  0.00 
 0.00 ,  0.00 ,  0.00 
 0.00 , 503.37 , 336.93 
 0.00 , 1073.50 , 722.92 
 0.00 , 1176.33 , 793.04 
 0.00 , 1224.95 , 826.25 
 0.00 , 1310.69 , 884.90 
 0.00 , 6282.13 , 4480.00 
 0.00 , 2813.17 , 1930.36 
 0.00 , 2686.84 , 1841.15 
 0.00 , 2545.94 , 1741.93 
 0.00 , 2376.90 , 1623.29 
 0.00 , 2338.42 , 1596.34 
 0.00 , 2344.05 , 1600.28 
 0.00 , 2252.50 , 1536.25 
2546.60 , 2246.31 , 3904.17 
 0.00 , 2305.14 , 1573.05 
 0.00 , 2392.99 , 1634.56 
 0.00 , 2294.98 , 1565.95 
 0.00 , 2075.37 , 1412.74 
 0.00 , 2089.25 , 1422.41 
 0.00 , 2069.45 , 1408.62 
 0.00 , 2053.03 , 1397.20 
 0.00 ,  0.00 ,  0.00 
 0.00 ,  0.00 ,  0.00 
 0.00 ,  0.00 ,  0.00 
 0.00 , 735.20 , 493.32 
 0.00 , 1087.97 , 732.78 
 0.00 , 1139.16 , 767.68 
 0.00 , 1181.29 , 796.43 
 0.00 , 1217.51 , 821.17 
 0.00 , 6282.13 , 4480.00 
2539.66 , 2697.73 , 4216.39 
 0.00 , 2193.95 , 1495.37 
 0.00 , 2204.22 , 1502.54 
 0.00 , 1973.99 , 1342.26 
 0.00 , 1507.04 , 1019.61 
 0.00 , 583.74 , 391.06 
 0.00 , 369.47 , 246.95 
 0.00 , 516.65 , 345.87 
 0.00 , 1114.79 , 751.06 
 0.00 , 1551.17 , 1049.96 
 0.00 , 1616.33 , 1094.83 
 0.00 , 1473.26 , 996.39 
 0.00 , 1510.03 , 1021.66 
 0.00 , 1549.30 , 1048.68 
2638.87 , 1586.59 , 3530.49 
 0.00 ,  0.00 ,  0.00 
 0.00 ,  0.00 ,  0.00 
 0.00 ,  0.00 ,  0.00 
 0.00 ,  5.81 ,  3.87 
 0.00 , 987.03 , 664.08 
 0.00 , 1165.22 , 785.46 
 0.00 , 1267.33 , 855.23 
 0.00 , 1406.97 , 950.88 
 0.00 , 6282.13 , 4480.00 
 0.00 , 3116.47 , 2145.57 
 0.00 , 2512.23 , 1718.23 
 0.00 , 1432.87 , 968.65 
 0.00 , 1492.60 , 1009.68 
 0.00 , 1506.82 , 1019.46 
 0.00 , 636.77 , 426.82 
 0.00 , 115.88 , 77.25 
2546.60 , 326.93 , 2586.83 
 0.00 , 1247.88 , 841.92 
 0.00 , 1830.72 , 1242.92 
 0.00 , 1880.48 , 1277.39 
 0.00 , 1758.98 , 1193.29 
 0.00 , 1767.56 , 1199.22 
 0.00 , 1818.66 , 1234.57 
 0.00 , 1870.33 , 1270.35 
 0.00 ,  0.00 ,  0.00 
 0.00 ,  0.00 ,  0.00 
 0.00 ,  0.00 ,  0.00 
 0.00 , 308.38 , 205.99 
 0.00 , 1001.82 , 674.14 
 0.00 , 1067.52 , 718.85 
 0.00 , 1121.14 , 755.39 
 0.00 , 1212.89 , 818.01 
 0.00 , 6282.13 , 4480.00 
2539.66 , 2801.86 , 4290.39 
 0.00 , 1420.75 , 960.34 
 0.00 , 667.29 , 447.43 
 0.00 , 1053.96 , 709.62 
 0.00 , 1096.98 , 738.92 
 0.00 , 617.53 , 413.84 
 0.00 , 12.33 ,  8.21 
 0.00 ,  0.00 ,  0.00 
 0.00 , 303.59 , 202.78 
 0.00 , 1329.95 , 898.09 
 0.00 , 1455.72 , 984.34 
 0.00 , 1340.50 , 905.31 
 0.00 , 1396.93 , 943.99 
 0.00 , 1451.35 , 981.34 
2638.87 , 1501.50 , 3471.74 
 0.00 ,  0.00 ,  0.00 
 0.00 ,  0.00 ,  0.00 
 0.00 ,  0.00 ,  0.00 
 0.00 ,  0.00 ,  0.00 
 0.00 , 529.75 , 354.69 
 0.00 , 915.23 , 615.30 
 0.00 , 1020.22 , 686.65 
 0.00 , 1117.35 , 752.81 
 0.00 , 6282.13 , 4480.00 
 0.00 , 2765.12 , 1896.40 
 0.00 , 2366.23 , 1615.81 
 0.00 , 1985.52 , 1350.27 
 0.00 , 861.16 , 578.62 
 0.00 , 659.71 , 442.31 
 0.00 ,  6.32 ,  4.21 
 0.00 ,  0.00 ,  0.00 
2546.60 , 49.56 , 2401.35 
 0.00 , 577.20 , 386.65 
 0.00 , 1364.57 , 921.81 
 0.00 , 1489.05 , 1007.24 
 0.00 , 1372.86 , 927.49 
 0.00 , 1429.46 , 966.32 
 0.00 , 1484.55 , 1004.15 
 0.00 , 1538.62 , 1041.32 
 0.00 ,  0.00 ,  0.00 
 0.00 ,  0.00 ,  0.00 
 0.00 ,  0.00 ,  0.00 
 0.00 ,  0.00 ,  0.00 
 0.00 , 610.78 , 409.29 
 0.00 , 962.40 , 647.34 
 0.00 , 1070.13 , 720.63 
 0.00 , 1215.65 , 819.90 
 0.00 , 6282.13 , 4480.00 
2539.66 , 2868.20 , 4337.64 
 0.00 , 1616.36 , 1094.86 
 0.00 , 1171.78 , 789.94 
 0.00 , 961.43 , 646.68 
 0.00 , 111.78 , 74.51 
 0.00 ,  0.00 ,  0.00 
 0.00 , 38.01 , 25.31 
 0.00 , 431.34 , 288.49 
 0.00 , 682.12 , 457.44 
 0.00 , 1468.76 , 993.30 
 0.00 , 1552.60 , 1050.94 
 0.00 , 1481.81 , 1002.26 
 0.00 , 1587.32 , 1074.85 
 0.00 , 1648.93 , 1117.31 
2638.87 , 1749.42 , 3643.27 
 0.00 ,  0.00 ,  0.00 
 0.00 ,  0.00 ,  0.00 
 0.00 ,  0.00 ,  0.00 
 0.00 , 426.50 , 285.24 
 0.00 , 1201.52 , 810.24 
 0.00 , 1371.06 , 926.26 
 0.00 , 1530.20 , 1035.54 
 0.00 , 1683.65 , 1141.26 
 0.00 , 6282.13 , 4480.00 
 0.00 , 3433.71 , 2372.21 
 0.00 , 2294.23 , 1565.42 
 0.00 , 1783.05 , 1209.93 
 0.00 , 1188.16 , 801.12 
 0.00 , 356.05 , 237.95 
 0.00 ,  0.00 ,  0.00 
 0.00 ,  0.00 ,  0.00 
2546.60 ,  8.17 , 2373.77 
 0.00 , 1339.70 , 904.77 
 0.00 , 2051.82 , 1396.35 
 0.00 , 2129.14 , 1450.19 
 0.00 , 1988.67 , 1352.46 
 0.00 , 2016.07 , 1371.49 
 0.00 , 2040.00 , 1388.13 
 0.00 , 2105.90 , 1434.00 
 0.00 ,  0.00 ,  0.00 
 0.00 ,  0.00 ,  0.00 
 0.00 ,  0.00 ,  0.00 
 0.00 , 911.62 , 612.85 
 0.00 , 1127.41 , 759.67 
 0.00 , 1194.22 , 805.26 
 0.00 , 1206.35 , 813.54 
 0.00 , 1256.06 , 847.52 
 0.00 , 6282.13 , 4480.00 
2539.66 , 2717.31 , 4230.29 
 0.00 , 2103.35 , 1432.22 
 0.00 , 2090.49 , 1423.27 
 0.00 , 1819.07 , 1234.85 
 0.00 , 1795.20 , 1218.33 
 0.00 , 1903.05 , 1293.03 
 0.00 , 2100.28 , 1430.09 
 0.00 , 2041.20 , 1388.97 
 0.00 , 2140.70 , 1458.24 
 0.00 , 2240.38 , 1527.79 
 0.00 , 2152.11 , 1466.19 
 0.00 , 1940.81 , 1319.23 
 0.00 , 1962.99 , 1334.62 
 0.00 , 1950.38 , 1325.87 
2638.87 , 1980.27 , 3803.91 
 0.00 ,  0.00 ,  0.00 
 0.00 ,  0.00 ,  0.00 
 0.00 ,  0.00 ,  0.00 
 0.00 , 773.94 , 519.53 
 0.00 , 1235.97 , 833.79 
 0.00 , 1389.03 , 938.58 
 0.00 , 1489.17 , 1007.32 
 0.00 , 1628.63 , 1103.31 
 0.00 , 6282.13 , 4480.00 
 0.00 , 3215.07 , 2215.84 
 0.00 , 2669.28 , 1828.76 
 0.00 , 2011.27 , 1368.16 
 0.00 , 2337.66 , 1595.81 
 0.00 , 2442.96 , 1669.60 
 0.00 , 2345.34 , 1601.19 
 0.00 , 2485.00 , 1699.10 
2546.60 , 2622.07 , 4169.20 
 0.00 , 2720.53 , 1864.91 
 0.00 , 2788.61 , 1913.00 
 0.00 , 2694.73 , 1846.71 
 0.00 , 2531.08 , 1731.48 
 0.00 , 2512.24 , 1718.24 
 0.00 , 2545.81 , 1741.83 
 0.00 , 2539.73 , 1737.56 
 0.00 ,  0.00 ,  0.00 
 0.00 ,  0.00 ,  0.00 
 0.00 , 985.93 , 663.33 
 0.00 , 1720.11 , 1166.43 
 0.00 , 1837.50 , 1247.61 
 0.00 , 1942.96 , 1320.72 
 0.00 , 2041.33 , 1389.06 
 0.00 , 2135.52 , 1454.63 
 0.00 , 6282.13 , 4480.00 
2539.66 , 3819.21 , 5023.30 
 0.00 , 3035.89 , 2088.25 
 0.00 , 2285.36 , 1559.22 
 0.00 , 2578.48 , 1764.81 
 0.00 , 2212.61 , 1508.40 
 0.00 , 1533.29 , 1037.66 
 0.00 , 1087.08 , 732.18 
 0.00 , 1214.20 , 818.91 
 0.00 , 1624.46 , 1100.44 
 0.00 , 2505.70 , 1713.64 
 0.00 , 2599.41 , 1779.54 
 0.00 , 2490.98 , 1703.31 
 0.00 , 2550.93 , 1745.44 
 0.00 , 2564.42 , 1754.92 
2638.87 , 2611.81 , 4247.97 
 0.00 ,  0.00 ,  0.00 
 0.00 ,  0.00 ,  0.00 
 0.00 , 1189.36 , 801.94 
 0.00 , 1837.73 , 1247.77 
 0.00 , 1913.37 , 1300.19 
 0.00 , 2020.56 , 1374.61 
 0.00 , 2120.93 , 1444.47 
 0.00 , 2216.30 , 1510.97 
 0.00 , 6282.13 , 4480.00 
 0.00 , 3922.07 , 2724.18 
 0.00 , 3448.60 , 2382.88 
 0.00 , 2372.89 , 1620.48 
 0.00 , 2772.36 , 1901.52 
 0.00 , 2989.30 , 2055.17 
 0.00 , 2950.61 , 2027.71 
 0.00 , 2979.10 , 2047.92 
2546.60 , 3057.30 , 4479.19 
 0.00 , 3181.34 , 2191.79 
 0.00 , 3307.75 , 2282.03 
 0.00 , 3279.86 , 2262.10 
 0.00 , 3081.71 , 2120.84 
 0.00 , 3066.06 , 2109.71 
 0.00 , 3057.00 , 2103.26 
 0.00 , 3050.92 , 2098.94 
 0.00 ,  0.00 ,  0.00 
 0.00 , 22.10 , 14.72 
 0.00 , 2012.63 , 1369.11 
 0.00 , 2104.13 , 1432.77 
 0.00 , 2120.32 , 1444.04 
 0.00 , 2169.42 , 1478.26 
 0.00 , 2212.94 , 1508.63 
 0.00 , 2252.30 , 1536.12 
 0.00 , 6282.13 , 4480.00 
2539.66 , 3824.38 , 5027.07 
 0.00 , 3760.59 , 2607.38 
 0.00 , 3639.96 , 2520.40 
 0.00 , 3598.90 , 2490.84 
 0.00 , 3474.72 , 2401.62 
 0.00 , 3385.28 , 2337.51 
 0.00 , 3409.24 , 2354.67 
 0.00 , 3394.53 , 2344.13 
 0.00 , 3400.75 , 2348.58 
 0.00 , 3460.44 , 2391.37 
 0.00 , 3359.97 , 2319.39 
 0.00 , 3145.99 , 2166.60 
 0.00 , 3118.05 , 2146.70 
 0.00 , 3143.42 , 2164.77 
2638.87 , 3119.35 , 4609.78 
 0.00 ,  0.00 ,  0.00 
 0.00 , 56.16 , 37.41 
 0.00 , 2082.50 , 1417.70 
 0.00 , 2205.56 , 1503.48 
 0.00 , 2264.50 , 1544.64 
 0.00 , 2357.86 , 1609.95 
 0.00 , 2446.12 , 1671.81 
 0.00 , 2485.42 , 1699.40 
 0.00 , 6282.13 , 4480.00 
 0.00 , 4181.90 , 2913.00 
 0.00 , 3794.78 , 2632.07 
 0.00 , 3050.88 , 2098.91 
 0.00 , 2439.23 , 1666.98 
 0.00 , 2336.54 , 1595.03 
 0.00 , 2368.60 , 1617.48 
 0.00 , 2080.94 , 1416.62 
2546.60 , 1641.21 , 3482.37 
 0.00 , 1884.75 , 1280.35 
 0.00 , 2823.51 , 1937.68 
 0.00 , 2904.97 , 1995.35 
 0.00 , 2786.24 , 1911.32 
 0.00 , 2791.26 , 1914.88 
 0.00 , 2837.58 , 1947.63 
 0.00 , 2884.19 , 1980.63 
 0.00 ,  0.00 ,  0.00 
 0.00 ,  0.00 ,  0.00 
 0.00 , 1719.31 , 1165.88 
 0.00 , 2035.73 , 1385.17 
 0.00 , 2145.78 , 1461.78 
 0.00 , 2244.58 , 1530.72 
 0.00 , 2336.92 , 1595.29 
 0.00 , 2379.03 , 1624.78 
 0.00 , 6282.13 , 4480.00 
2539.66 , 4055.43 , 5196.09 
 0.00 , 3609.23 , 2498.28 
 0.00 , 3247.09 , 2238.70 
 0.00 , 2953.13 , 2029.49 
 0.00 , 2443.95 , 1670.29 
 0.00 , 1631.08 , 1105.00 
 0.00 , 1903.51 , 1293.35 
 0.00 , 2386.03 , 1629.68 
 0.00 , 2649.12 , 1814.55 
 0.00 , 2944.82 , 2023.60 
 0.00 , 2952.37 , 2028.96 
 0.00 , 2807.53 , 1926.37 
 0.00 , 2842.41 , 1951.05 
 0.00 , 2837.32 , 1947.45 
2638.87 , 2867.19 , 4429.46 
 0.00 ,  0.00 ,  0.00 
 0.00 ,  0.00 ,  0.00 
 0.00 , 1569.17 , 1062.35 
 0.00 , 1962.38 , 1334.20 
 0.00 , 2070.52 , 1409.37 
 0.00 , 2122.06 , 1445.25 
 0.00 , 2211.01 , 1507.28 
 0.00 , 2296.21 , 1566.81 
 0.00 , 6282.13 , 4480.00 
 0.00 , 3901.58 , 2709.34 
 0.00 , 3021.10 , 2077.75 
 0.00 , 2700.45 , 1850.75 
 0.00 , 2068.79 , 1408.16 
 0.00 , 1722.40 , 1168.01 
 0.00 , 1907.84 , 1296.36 
 0.00 , 1986.77 , 1351.13 
2546.60 , 1888.26 , 3653.85 
 0.00 , 1858.47 , 1262.14 
 0.00 , 2555.10 , 1748.37 
 0.00 , 2628.86 , 1800.28 
 0.00 , 2497.67 , 1708.00 
 0.00 , 2495.49 , 1706.47 
 0.00 , 2492.57 , 1704.42 
 0.00 , 2488.73 , 1701.72 
 0.00 ,  0.00 ,  0.00 
 0.00 ,  0.00 ,  0.00 
 0.00 , 799.16 , 536.60 
 0.00 , 1567.39 , 1061.12 
 0.00 , 1676.48 , 1136.31 
 0.00 , 1728.65 , 1172.33 
 0.00 , 1771.87 , 1202.20 
 0.00 , 1809.21 , 1228.03 
 0.00 , 6282.13 , 4480.00 
2539.66 , 3294.90 , 4643.32 
 0.00 , 3136.77 , 2160.02 
 0.00 , 2934.32 , 2016.16 
 0.00 , 2773.86 , 1902.57 
 0.00 , 2644.46 , 1811.27 
 0.00 , 2551.00 , 1745.48 
 0.00 , 2552.52 , 1746.55 
 0.00 , 2660.13 , 1822.31 
 0.00 , 2668.33 , 1828.10 
 0.00 , 2735.95 , 1875.80 
 0.00 , 2671.84 , 1830.57 
 0.00 , 2482.47 , 1697.33 
 0.00 , 2451.98 , 1675.93 
 0.00 , 2473.30 , 1690.89 
2638.87 , 2449.58 , 4133.25 
 0.00 ,  0.00 ,  0.00 
 0.00 ,  0.00 ,  0.00 
 0.00 , 723.05 , 485.11 
 0.00 , 1590.12 , 1076.78 
 0.00 , 1697.30 , 1150.68 
 0.00 , 1747.10 , 1185.08 
 0.00 , 1833.11 , 1244.57 
 0.00 , 1915.70 , 1301.81 
 0.00 , 6282.13 , 4480.00 
 0.00 , 3604.27 , 2494.71 
 0.00 , 3440.98 , 2377.41 
 0.00 , 3286.78 , 2267.04 
 0.00 , 3158.42 , 2175.45 
 0.00 , 3046.69 , 2095.93 
 0.00 , 2933.55 , 2015.61 
 0.00 , 2937.63 , 2018.50 
2546.60 , 2942.25 , 4396.93 
 0.00 , 2983.15 , 2050.80 
 0.00 , 3054.25 , 2101.31 
 0.00 , 3006.04 , 2067.05 
 0.00 , 2792.12 , 1915.48 
 0.00 , 2764.08 , 1895.67 
 0.00 , 2788.74 , 1913.09 
 0.00 , 2774.81 , 1903.24 
 0.00 ,  0.00 ,  0.00 
