CALDERA,CALDERA,CALDERA
SIS2_EQ1_EQ_Caldera-Biomasa-Defecto,SIS2_EQ1_EQ_Caldera-Biomasa-Defecto,SIS2_EQ1_EQ_Caldera-Biomasa-Defecto
ConsumoACS,ConsumoCAL,Energía Suministrada
Consumo horario en W asociado a ACS (prorrateando con la demanda),Consumo horario en W asociado a la calefacción (prorrateando con la demanda),Energía Suministrada en W
Biomasa densificada (pelets),Biomasa densificada (pelets),Biomasa densificada (pelets)
 0.00 ,  0.00 ,  0.00 
 0.00 ,  0.00 ,  0.00 
 0.00 ,  0.00 ,  0.00 
 0.00 ,  0.00 ,  0.00 
 0.00 ,  0.00 ,  0.00 
 0.00 ,  0.00 ,  0.00 
 0.00 ,  0.00 ,  0.00 
 0.00 , 5173.30 , 3643.52 
 0.00 , 1828.15 , 1241.14 
 0.00 , 1551.16 , 1049.95 
 0.00 , 1092.64 , 735.96 
2840.61 , 1217.64 , 3464.29 
 0.00 , 1058.59 , 712.77 
 0.00 , 936.29 , 629.60 
 0.00 , 547.42 , 366.58 
 0.00 , 648.54 , 434.77 
 0.00 , 987.93 , 664.69 
 0.00 , 1161.30 , 782.78 
 0.00 , 1114.02 , 750.54 
 0.00 , 930.58 , 625.72 
2866.78 , 917.51 , 3283.68 
 0.00 , 961.27 , 646.57 
 0.00 , 958.28 , 644.54 
 0.00 ,  0.00 ,  0.00 
 0.00 ,  0.00 ,  0.00 
 0.00 ,  0.00 ,  0.00 
 0.00 ,  0.00 ,  0.00 
 0.00 ,  0.00 ,  0.00 
 0.00 ,  0.00 ,  0.00 
 0.00 ,  0.00 ,  0.00 
 0.00 ,  0.00 ,  0.00 
 0.00 , 5598.11 , 3961.53 
2636.72 , 2037.88 , 3842.13 
 0.00 , 1863.24 , 1265.44 
 0.00 , 1673.11 , 1133.98 
 0.00 , 1104.08 , 743.76 
 0.00 , 1051.47 , 707.92 
 0.00 , 1153.62 , 777.54 
 0.00 , 1376.12 , 929.72 
 0.00 , 1445.91 , 977.61 
2652.99 , 1428.01 , 3434.22 
 0.00 , 1531.79 , 1036.63 
 0.00 , 1473.63 , 996.65 
 0.00 , 1234.14 , 832.54 
 0.00 , 1265.31 , 853.85 
 0.00 , 1254.73 , 846.61 
 0.00 , 1245.97 , 840.62 
2513.98 ,  0.00 , 2338.00 
 0.00 ,  0.00 ,  0.00 
 0.00 ,  0.00 ,  0.00 
 0.00 ,  0.00 ,  0.00 
 0.00 ,  0.00 ,  0.00 
 0.00 ,  0.00 ,  0.00 
 0.00 ,  0.00 ,  0.00 
 0.00 ,  0.00 ,  0.00 
 0.00 , 5971.70 , 4243.71 
 0.00 , 2111.10 , 1437.62 
 0.00 , 1944.47 , 1321.76 
 0.00 , 1677.80 , 1137.23 
2840.61 , 786.54 , 3170.35 
 0.00 , 813.44 , 546.28 
 0.00 , 1040.34 , 700.34 
 0.00 , 877.85 , 589.93 
 0.00 , 915.54 , 615.51 
 0.00 , 1176.56 , 793.20 
 0.00 , 1320.91 , 891.90 
 0.00 , 1310.52 , 884.78 
 0.00 , 1075.41 , 724.23 
2866.78 , 1107.32 , 3413.13 
 0.00 , 1150.74 , 775.58 
 0.00 , 1146.14 , 772.44 
 0.00 ,  0.00 ,  0.00 
 0.00 ,  0.00 ,  0.00 
 0.00 ,  0.00 ,  0.00 
 0.00 ,  0.00 ,  0.00 
 0.00 ,  0.00 ,  0.00 
 0.00 ,  0.00 ,  0.00 
 0.00 , 159.86 , 106.61 
 0.00 , 700.96 , 470.17 
 0.00 , 6282.13 , 4480.00 
2636.72 , 2810.10 , 4386.78 
 0.00 , 2376.64 , 1623.11 
 0.00 , 10.37 ,  6.90 
 0.00 ,  0.00 ,  0.00 
 0.00 ,  0.00 ,  0.00 
 0.00 ,  0.00 ,  0.00 
 0.00 ,  0.00 ,  0.00 
 0.00 ,  0.00 ,  0.00 
2652.99 ,  0.00 , 2467.28 
 0.00 ,  0.00 ,  0.00 
 0.00 ,  0.00 ,  0.00 
 0.00 , 575.21 , 385.31 
 0.00 , 892.49 , 599.87 
 0.00 , 1054.54 , 710.01 
 0.00 , 1158.26 , 780.71 
2513.98 ,  0.00 , 2338.00 
 0.00 ,  0.00 ,  0.00 
 0.00 ,  0.00 ,  0.00 
 0.00 ,  0.00 ,  0.00 
 0.00 ,  0.00 ,  0.00 
 0.00 ,  0.00 ,  0.00 
 0.00 , 568.60 , 380.86 
 0.00 , 814.45 , 546.96 
 0.00 , 6282.13 , 4480.00 
 0.00 , 2919.63 , 2005.74 
 0.00 , 1692.64 , 1147.46 
 0.00 , 784.08 , 526.39 
2840.61 , 17.70 , 2653.56 
 0.00 ,  0.00 ,  0.00 
 0.00 ,  0.00 ,  0.00 
 0.00 ,  0.00 ,  0.00 
 0.00 ,  0.00 ,  0.00 
 0.00 ,  0.00 ,  0.00 
 0.00 ,  0.00 ,  0.00 
 0.00 ,  0.00 ,  0.00 
 0.00 , 680.47 , 456.33 
2866.78 , 935.13 , 3295.67 
 0.00 , 1046.22 , 704.35 
 0.00 , 1145.59 , 772.07 
 0.00 ,  0.00 ,  0.00 
 0.00 ,  0.00 ,  0.00 
 0.00 ,  0.00 ,  0.00 
 0.00 ,  0.00 ,  0.00 
 0.00 ,  0.00 ,  0.00 
 0.00 , 11.70 ,  7.79 
 0.00 , 696.87 , 467.41 
 0.00 , 864.72 , 581.03 
 0.00 , 6282.13 , 4480.00 
2636.72 , 2878.44 , 4435.48 
 0.00 , 1323.18 , 893.45 
 0.00 , 189.69 , 126.55 
 0.00 ,  0.00 ,  0.00 
 0.00 ,  0.00 ,  0.00 
 0.00 ,  0.00 ,  0.00 
 0.00 ,  0.00 ,  0.00 
 0.00 ,  0.00 ,  0.00 
2652.99 ,  0.00 , 2467.28 
 0.00 ,  0.00 ,  0.00 
 0.00 ,  0.00 ,  0.00 
 0.00 , 427.97 , 286.23 
 0.00 , 845.45 , 567.96 
 0.00 , 962.96 , 647.72 
 0.00 , 1068.78 , 719.71 
2513.98 ,  0.00 , 2338.00 
 0.00 ,  0.00 ,  0.00 
 0.00 ,  0.00 ,  0.00 
 0.00 ,  0.00 ,  0.00 
 0.00 ,  0.00 ,  0.00 
 0.00 ,  0.00 ,  0.00 
 0.00 , 262.69 , 175.38 
 0.00 , 692.61 , 464.53 
 0.00 , 6282.13 , 4480.00 
 0.00 , 2652.45 , 1816.90 
 0.00 , 885.07 , 594.83 
 0.00 , 22.97 , 15.30 
2840.61 , 316.55 , 2853.31 
 0.00 , 664.46 , 445.52 
 0.00 , 793.15 , 532.53 
 0.00 , 312.87 , 209.00 
 0.00 ,  0.00 ,  0.00 
 0.00 ,  0.00 ,  0.00 
 0.00 , 937.10 , 630.15 
 0.00 , 1309.50 , 884.08 
 0.00 , 1164.05 , 784.66 
2866.78 , 1183.93 , 3465.55 
 0.00 , 1253.95 , 846.07 
 0.00 , 1270.49 , 857.39 
 0.00 ,  0.00 ,  0.00 
 0.00 ,  0.00 ,  0.00 
 0.00 ,  0.00 ,  0.00 
 0.00 ,  0.00 ,  0.00 
 0.00 ,  0.00 ,  0.00 
 0.00 ,  0.00 ,  0.00 
 0.00 , 294.97 , 197.00 
 0.00 , 577.65 , 386.96 
 0.00 , 6282.13 , 4480.00 
2636.72 , 2578.06 , 4222.06 
 0.00 , 2503.26 , 1711.93 
 0.00 , 2399.44 , 1639.08 
 0.00 , 2339.68 , 1597.22 
 0.00 , 2285.92 , 1559.62 
 0.00 , 2145.39 , 1461.51 
 0.00 , 2114.39 , 1439.91 
 0.00 , 2100.82 , 1430.46 
2652.99 , 2109.19 , 3907.16 
 0.00 , 2149.54 , 1464.40 
 0.00 , 2081.87 , 1417.27 
 0.00 , 1871.20 , 1270.95 
 0.00 , 1846.86 , 1254.09 
 0.00 , 1829.99 , 1242.41 
 0.00 , 1866.80 , 1267.90 
2513.98 ,  0.00 , 2338.00 
 0.00 ,  0.00 ,  0.00 
 0.00 ,  0.00 ,  0.00 
 0.00 ,  0.00 ,  0.00 
 0.00 , 361.58 , 241.66 
 0.00 , 779.08 , 523.01 
 0.00 , 864.32 , 580.76 
 0.00 , 989.09 , 665.48 
 0.00 , 6282.13 , 4480.00 
 0.00 , 2992.15 , 2057.19 
 0.00 , 2828.76 , 1941.39 
 0.00 , 2696.94 , 1848.27 
2840.61 , 2403.41 , 4288.70 
 0.00 , 2160.31 , 1471.91 
 0.00 , 2045.45 , 1391.93 
 0.00 , 1899.02 , 1290.23 
 0.00 , 1948.69 , 1324.69 
 0.00 , 2085.09 , 1419.51 
 0.00 , 2222.12 , 1515.04 
 0.00 , 2195.63 , 1496.55 
 0.00 , 1956.69 , 1330.25 
2866.78 , 1980.18 , 4016.11 
 0.00 , 1971.20 , 1340.32 
 0.00 , 2010.50 , 1367.63 
 0.00 ,  0.00 ,  0.00 
 0.00 ,  0.00 ,  0.00 
 0.00 ,  0.00 ,  0.00 
 0.00 , 137.93 , 91.97 
 0.00 , 970.71 , 652.98 
 0.00 , 1071.01 , 721.23 
 0.00 , 1207.02 , 814.00 
 0.00 , 1331.75 , 899.32 
 0.00 , 6282.13 , 4480.00 
2636.72 , 3397.77 , 4808.14 
 0.00 , 2021.18 , 1375.05 
 0.00 , 1248.31 , 842.22 
 0.00 , 517.67 , 346.55 
 0.00 , 209.06 , 139.50 
 0.00 ,  0.00 ,  0.00 
 0.00 ,  0.00 ,  0.00 
 0.00 ,  0.00 ,  0.00 
2652.99 , 719.07 , 2950.10 
 0.00 , 1548.51 , 1048.13 
 0.00 , 1713.67 , 1161.98 
 0.00 , 1566.50 , 1060.51 
 0.00 , 1587.39 , 1074.90 
 0.00 , 1604.58 , 1086.74 
 0.00 , 1669.39 , 1131.42 
2513.98 ,  0.00 , 2338.00 
 0.00 ,  0.00 ,  0.00 
 0.00 ,  0.00 ,  0.00 
 0.00 ,  0.00 ,  0.00 
 0.00 ,  0.00 ,  0.00 
 0.00 , 558.47 , 374.03 
 0.00 , 743.87 , 499.18 
 0.00 , 826.04 , 554.81 
 0.00 , 6282.13 , 4480.00 
 0.00 , 2836.77 , 1947.06 
 0.00 , 2713.80 , 1860.17 
 0.00 , 2598.17 , 1778.67 
2840.61 , 2489.83 , 4349.72 
 0.00 , 2240.53 , 1527.90 
 0.00 , 1911.56 , 1298.93 
 0.00 , 1760.54 , 1194.37 
 0.00 , 1822.30 , 1237.09 
 0.00 , 2005.17 , 1363.92 
 0.00 , 2160.41 , 1471.98 
 0.00 , 2113.13 , 1439.03 
 0.00 , 1872.32 , 1271.73 
2866.78 , 1894.98 , 3956.70 
 0.00 , 1884.57 , 1280.22 
 0.00 , 1922.74 , 1306.69 
 0.00 ,  0.00 ,  0.00 
 0.00 ,  0.00 ,  0.00 
 0.00 ,  0.00 ,  0.00 
 0.00 ,  0.00 ,  0.00 
 0.00 , 788.85 , 529.62 
 0.00 , 1070.00 , 720.54 
 0.00 , 1211.97 , 817.38 
 0.00 , 1393.40 , 941.58 
 0.00 , 6282.13 , 4480.00 
2636.72 , 3507.88 , 4887.77 
 0.00 , 2470.19 , 1688.70 
 0.00 , 2318.64 , 1582.50 
 0.00 , 2591.37 , 1773.88 
 0.00 , 2360.85 , 1612.05 
 0.00 , 2108.93 , 1436.11 
 0.00 , 1754.89 , 1190.46 
 0.00 , 1541.12 , 1043.04 
2652.99 , 2030.82 , 3852.36 
 0.00 , 2619.21 , 1793.48 
 0.00 , 2703.37 , 1852.81 
 0.00 , 2477.65 , 1693.94 
 0.00 , 2527.99 , 1729.31 
 0.00 , 2583.09 , 1768.06 
 0.00 , 2536.36 , 1735.19 
2513.98 ,  0.00 , 2338.00 
 0.00 ,  0.00 ,  0.00 
 0.00 ,  9.16 ,  6.10 
 0.00 , 1161.20 , 782.72 
 0.00 , 1299.88 , 877.50 
 0.00 , 1389.80 , 939.11 
 0.00 , 1409.62 , 952.70 
 0.00 , 1468.64 , 993.22 
 0.00 , 6282.13 , 4480.00 
 0.00 , 3381.56 , 2334.84 
 0.00 , 2311.15 , 1577.26 
 0.00 , 2183.34 , 1487.98 
2840.61 , 1765.71 , 3842.41 
 0.00 , 1853.31 , 1258.56 
 0.00 , 2039.12 , 1387.52 
 0.00 , 2147.58 , 1463.04 
 0.00 , 2159.71 , 1471.49 
 0.00 , 2194.52 , 1495.78 
 0.00 , 2377.78 , 1623.90 
 0.00 , 2366.74 , 1616.17 
 0.00 , 2114.50 , 1439.99 
2866.78 , 2137.71 , 4126.30 
 0.00 , 2130.23 , 1450.94 
 0.00 , 2119.20 , 1443.26 
 0.00 ,  0.00 ,  0.00 
 0.00 ,  0.00 ,  0.00 
 0.00 ,  0.00 ,  0.00 
 0.00 , 378.70 , 253.14 
 0.00 , 988.22 , 664.89 
 0.00 , 1081.13 , 728.12 
 0.00 , 1209.53 , 815.72 
 0.00 , 1274.96 , 860.45 
 0.00 , 6282.13 , 4480.00 
2636.72 , 3177.32 , 4649.37 
 0.00 , 3040.05 , 2091.21 
 0.00 , 2752.65 , 1887.59 
 0.00 , 2498.92 , 1708.88 
 0.00 , 2306.01 , 1573.67 
 0.00 , 2404.14 , 1642.37 
 0.00 , 2416.66 , 1651.15 
 0.00 , 2428.84 , 1659.69 
2652.99 , 2424.64 , 4128.81 
 0.00 , 2496.93 , 1707.48 
 0.00 , 2456.47 , 1679.08 
 0.00 , 2244.41 , 1530.60 
 0.00 , 2217.41 , 1511.75 
 0.00 , 2197.43 , 1497.81 
 0.00 , 2230.76 , 1521.07 
2513.98 ,  0.00 , 2338.00 
 0.00 ,  0.00 ,  0.00 
 0.00 ,  0.00 ,  0.00 
 0.00 , 665.39 , 446.15 
 0.00 , 1154.18 , 777.93 
 0.00 , 1298.38 , 876.47 
 0.00 , 1374.99 , 928.95 
 0.00 , 1490.41 , 1008.18 
 0.00 , 6282.13 , 4480.00 
 0.00 , 3517.52 , 2432.34 
 0.00 , 3365.29 , 2323.19 
 0.00 , 3168.13 , 2182.37 
2840.61 , 2967.03 , 4688.96 
 0.00 , 2829.43 , 1941.86 
 0.00 , 2741.12 , 1879.45 
 0.00 , 2689.18 , 1842.79 
 0.00 , 2677.88 , 1834.83 
 0.00 , 2704.98 , 1853.94 
 0.00 , 2806.73 , 1925.81 
 0.00 , 2761.21 , 1893.64 
 0.00 , 2549.75 , 1744.60 
2866.78 , 2514.95 , 4391.88 
 0.00 , 2502.55 , 1711.43 
 0.00 , 2536.56 , 1735.33 
 0.00 ,  0.00 ,  0.00 
 0.00 ,  0.00 ,  0.00 
 0.00 , 97.38 , 64.90 
 0.00 , 1263.11 , 852.34 
 0.00 , 1366.90 , 923.41 
 0.00 , 1448.63 , 979.47 
 0.00 , 1567.08 , 1060.91 
 0.00 , 1627.83 , 1102.76 
 0.00 , 6282.13 , 4480.00 
2636.72 , 3613.23 , 4964.15 
 0.00 , 2692.72 , 1845.29 
 0.00 , 1903.87 , 1293.60 
 0.00 , 1236.41 , 834.08 
 0.00 , 620.45 , 415.82 
 0.00 , 232.59 , 155.24 
 0.00 , 215.23 , 143.62 
 0.00 , 1016.40 , 684.06 
2652.99 , 1588.54 , 3544.98 
 0.00 , 1999.87 , 1360.23 
 0.00 , 2130.83 , 1451.37 
 0.00 , 1932.13 , 1313.20 
 0.00 , 1939.04 , 1318.00 
 0.00 , 1995.57 , 1357.25 
 0.00 , 2002.26 , 1361.90 
2513.98 ,  0.00 , 2338.00 
 0.00 ,  0.00 ,  0.00 
 0.00 ,  0.00 ,  0.00 
 0.00 , 14.10 ,  9.39 
 0.00 , 809.07 , 543.31 
 0.00 , 991.62 , 667.20 
 0.00 , 1078.15 , 726.09 
 0.00 , 1147.42 , 773.32 
 0.00 , 6282.13 , 4480.00 
 0.00 , 3134.10 , 2158.13 
 0.00 , 1916.92 , 1302.65 
 0.00 , 1764.08 , 1196.82 
2840.61 , 1887.06 , 3926.81 
 0.00 , 1952.98 , 1327.67 
 0.00 , 1944.68 , 1321.91 
 0.00 , 2089.54 , 1422.60 
 0.00 , 2259.42 , 1541.09 
 0.00 , 2219.19 , 1512.99 
 0.00 , 2306.76 , 1574.18 
 0.00 , 2281.43 , 1556.48 
 0.00 , 2034.60 , 1384.38 
2866.78 , 2006.31 , 4034.36 
 0.00 , 1994.20 , 1356.30 
 0.00 , 1979.71 , 1346.23 
 0.00 ,  0.00 ,  0.00 
 0.00 ,  0.00 ,  0.00 
 0.00 ,  0.00 ,  0.00 
 0.00 ,  0.00 ,  0.00 
 0.00 , 480.00 , 321.21 
 0.00 , 776.44 , 521.22 
 0.00 , 853.52 , 573.44 
 0.00 , 918.54 , 617.54 
 0.00 , 6282.13 , 4480.00 
2636.72 , 2891.53 , 4444.81 
 0.00 , 2761.30 , 1893.70 
 0.00 , 2636.12 , 1805.39 
 0.00 , 2446.78 , 1672.27 
 0.00 , 2223.84 , 1516.24 
 0.00 , 1932.58 , 1313.51 
 0.00 , 1776.68 , 1205.52 
 0.00 , 1954.89 , 1329.00 
2652.99 , 2058.44 , 3871.66 
 0.00 , 2135.77 , 1454.81 
 0.00 , 2083.18 , 1418.18 
 0.00 , 1873.51 , 1272.55 
 0.00 , 1847.33 , 1254.42 
 0.00 , 1877.01 , 1274.98 
 0.00 , 1862.06 , 1264.63 
2513.98 ,  0.00 , 2338.00 
 0.00 ,  0.00 ,  0.00 
 0.00 ,  0.00 ,  0.00 
 0.00 ,  0.00 ,  0.00 
 0.00 , 533.78 , 357.40 
 0.00 , 923.64 , 621.01 
 0.00 , 1061.04 , 714.44 
 0.00 , 1187.42 , 800.62 
 0.00 , 6282.13 , 4480.00 
 0.00 , 3174.31 , 2186.78 
 0.00 , 1597.84 , 1082.09 
 0.00 , 867.05 , 582.61 
2840.61 , 163.82 , 2751.05 
 0.00 ,  0.00 ,  0.00 
 0.00 ,  0.00 ,  0.00 
 0.00 ,  0.00 ,  0.00 
 0.00 ,  0.00 ,  0.00 
 0.00 ,  0.00 ,  0.00 
 0.00 ,  0.00 ,  0.00 
 0.00 ,  0.00 ,  0.00 
 0.00 , 754.31 , 506.25 
2866.78 , 987.92 , 3331.63 
 0.00 , 1091.24 , 735.01 
 0.00 , 1183.61 , 798.02 
 0.00 ,  0.00 ,  0.00 
 0.00 ,  0.00 ,  0.00 
 0.00 ,  0.00 ,  0.00 
 0.00 ,  0.00 ,  0.00 
 0.00 ,  0.00 ,  0.00 
 0.00 , 50.11 , 33.38 
 0.00 , 757.14 , 508.16 
 0.00 , 916.00 , 615.82 
 0.00 , 6282.13 , 4480.00 
2636.72 , 2894.51 , 4446.94 
 0.00 , 1410.37 , 953.21 
 0.00 , 882.87 , 593.34 
 0.00 , 40.51 , 26.98 
 0.00 ,  0.00 ,  0.00 
 0.00 ,  0.00 ,  0.00 
 0.00 ,  0.00 ,  0.00 
 0.00 ,  0.00 ,  0.00 
2652.99 ,  0.00 , 2467.28 
 0.00 ,  0.00 ,  0.00 
 0.00 ,  0.00 ,  0.00 
 0.00 , 358.71 , 239.73 
 0.00 , 832.35 , 559.08 
 0.00 , 941.24 , 632.96 
 0.00 , 1038.68 , 699.22 
2513.98 ,  0.00 , 2338.00 
 0.00 ,  0.00 ,  0.00 
 0.00 ,  0.00 ,  0.00 
 0.00 ,  0.00 ,  0.00 
 0.00 ,  0.00 ,  0.00 
 0.00 ,  0.00 ,  0.00 
 0.00 ,  0.00 ,  0.00 
 0.00 , 362.27 , 242.12 
 0.00 , 6282.13 , 4480.00 
 0.00 , 2390.96 , 1633.14 
 0.00 , 1913.28 , 1300.13 
 0.00 , 877.30 , 589.56 
2840.61 , 688.37 , 3103.84 
 0.00 , 871.58 , 585.68 
 0.00 , 714.40 , 479.25 
 0.00 , 16.32 , 10.87 
 0.00 ,  2.64 ,  1.76 
 0.00 , 457.27 , 305.92 
 0.00 , 784.59 , 526.74 
 0.00 , 1187.75 , 800.84 
 0.00 , 996.71 , 670.66 
2866.78 , 1054.47 , 3377.03 
 0.00 , 1064.53 , 716.82 
 0.00 , 1120.90 , 755.22 
 0.00 ,  0.00 ,  0.00 
 0.00 ,  0.00 ,  0.00 
 0.00 ,  0.00 ,  0.00 
 0.00 ,  0.00 ,  0.00 
 0.00 ,  0.00 ,  0.00 
 0.00 ,  0.00 ,  0.00 
 0.00 ,  0.00 ,  0.00 
 0.00 ,  0.00 ,  0.00 
 0.00 , 6208.05 , 4423.46 
2636.72 , 2261.59 , 3998.88 
 0.00 , 2112.66 , 1438.71 
 0.00 , 1929.00 , 1311.03 
 0.00 , 1670.31 , 1132.06 
 0.00 , 1422.11 , 961.27 
 0.00 , 1176.62 , 793.24 
 0.00 , 1216.40 , 820.41 
 0.00 , 1280.41 , 864.18 
2652.99 , 1353.85 , 3383.19 
 0.00 , 1484.45 , 1004.08 
 0.00 , 1497.47 , 1013.03 
 0.00 , 1264.20 , 853.08 
 0.00 , 1294.68 , 873.94 
 0.00 , 1333.83 , 900.74 
 0.00 , 1376.67 , 930.10 
2513.98 ,  0.00 , 2338.00 
 0.00 ,  0.00 ,  0.00 
 0.00 ,  0.00 ,  0.00 
 0.00 ,  0.00 ,  0.00 
 0.00 ,  0.00 ,  0.00 
 0.00 ,  0.00 ,  0.00 
 0.00 , 669.12 , 448.67 
 0.00 , 851.95 , 572.37 
 0.00 , 6282.13 , 4480.00 
 0.00 , 2987.43 , 2053.83 
 0.00 , 1394.37 , 942.24 
 0.00 , 591.99 , 396.62 
2840.61 , 739.43 , 3138.41 
 0.00 , 167.32 , 111.60 
 0.00 , 16.91 , 11.26 
 0.00 ,  0.00 ,  0.00 
 0.00 ,  0.00 ,  0.00 
 0.00 ,  0.00 ,  0.00 
 0.00 , 95.56 , 63.69 
 0.00 , 1230.43 , 830.00 
 0.00 , 1137.92 , 766.84 
2866.78 , 1274.59 , 3527.71 
 0.00 , 1361.24 , 919.52 
 0.00 , 1439.69 , 973.34 
 0.00 ,  0.00 ,  0.00 
 0.00 ,  0.00 ,  0.00 
 0.00 ,  0.00 ,  0.00 
 0.00 ,  0.00 ,  0.00 
 0.00 , 11.74 ,  7.82 
 0.00 , 780.85 , 524.20 
 0.00 , 1006.36 , 677.23 
 0.00 , 1157.60 , 780.26 
 0.00 , 6282.13 , 4480.00 
2636.72 , 3303.96 , 4740.48 
 0.00 , 1486.11 , 1005.22 
 0.00 , 337.00 , 225.17 
 0.00 ,  0.00 ,  0.00 
 0.00 ,  0.00 ,  0.00 
 0.00 ,  0.00 ,  0.00 
 0.00 ,  0.00 ,  0.00 
 0.00 ,  0.00 ,  0.00 
2652.99 ,  0.00 , 2467.28 
 0.00 , 257.04 , 171.60 
 0.00 , 1501.57 , 1015.85 
 0.00 , 1433.43 , 969.04 
 0.00 , 1540.92 , 1042.91 
 0.00 , 1639.15 , 1110.56 
 0.00 , 1729.67 , 1173.03 
2513.98 ,  0.00 , 2338.00 
 0.00 ,  0.00 ,  0.00 
 0.00 ,  0.00 ,  0.00 
 0.00 ,  0.00 ,  0.00 
 0.00 , 558.21 , 373.86 
 0.00 , 889.57 , 597.89 
 0.00 , 1043.96 , 702.81 
 0.00 , 1133.87 , 764.07 
 0.00 , 6282.13 , 4480.00 
 0.00 , 3089.71 , 2126.53 
 0.00 , 2326.90 , 1588.28 
 0.00 , 2285.01 , 1558.98 
2840.61 , 2070.28 , 4054.71 
 0.00 , 1628.94 , 1103.52 
 0.00 , 984.61 , 662.43 
 0.00 , 733.73 , 492.32 
 0.00 , 1121.92 , 755.92 
 0.00 , 1523.34 , 1030.82 
 0.00 , 1785.73 , 1211.79 
 0.00 , 1934.67 , 1314.97 
 0.00 , 1720.75 , 1166.87 
2866.78 , 1762.83 , 3864.78 
 0.00 , 1767.29 , 1199.03 
 0.00 , 1817.19 , 1233.55 
 0.00 ,  0.00 ,  0.00 
 0.00 ,  0.00 ,  0.00 
 0.00 ,  0.00 ,  0.00 
 0.00 ,  0.00 ,  0.00 
 0.00 , 401.46 , 268.42 
 0.00 , 880.81 , 591.94 
 0.00 , 1026.60 , 690.99 
 0.00 , 1160.17 , 782.01 
 0.00 , 6282.13 , 4480.00 
2636.72 , 3085.54 , 4583.53 
 0.00 , 1174.76 , 791.97 
 0.00 , 121.69 , 81.12 
 0.00 ,  0.00 ,  0.00 
 0.00 ,  0.00 ,  0.00 
 0.00 ,  0.00 ,  0.00 
 0.00 ,  0.00 ,  0.00 
 0.00 ,  0.00 ,  0.00 
2652.99 ,  0.00 , 2467.28 
 0.00 ,  0.00 ,  0.00 
 0.00 ,  0.00 ,  0.00 
 0.00 , 297.49 , 198.69 
 0.00 , 834.12 , 560.28 
 0.00 , 995.77 , 670.02 
 0.00 , 1098.47 , 739.94 
2513.98 ,  0.00 , 2338.00 
 0.00 ,  0.00 ,  0.00 
 0.00 ,  0.00 ,  0.00 
 0.00 ,  0.00 ,  0.00 
 0.00 ,  0.00 ,  0.00 
 0.00 ,  0.00 ,  0.00 
 0.00 , 12.28 ,  8.17 
 0.00 , 463.50 , 310.11 
 0.00 , 6282.13 , 4480.00 
 0.00 , 2425.72 , 1657.50 
 0.00 , 2285.74 , 1559.49 
 0.00 , 2152.28 , 1466.32 
2840.61 , 1729.78 , 3817.47 
 0.00 , 1473.17 , 996.33 
 0.00 , 1402.31 , 947.68 
 0.00 , 1240.48 , 836.87 
 0.00 , 608.78 , 407.94 
 0.00 , 374.38 , 250.24 
 0.00 , 969.99 , 652.50 
 0.00 , 1349.67 , 911.59 
 0.00 , 1212.96 , 818.06 
2866.78 , 1263.38 , 3520.01 
 0.00 , 1318.10 , 889.97 
 0.00 , 1372.00 , 926.90 
 0.00 ,  0.00 ,  0.00 
 0.00 ,  0.00 ,  0.00 
 0.00 ,  0.00 ,  0.00 
 0.00 ,  0.00 ,  0.00 
 0.00 ,  0.00 ,  0.00 
 0.00 , 388.14 , 259.49 
 0.00 , 788.32 , 529.26 
 0.00 , 984.30 , 662.22 
 0.00 , 6282.13 , 4480.00 
2636.72 , 2951.77 , 4487.81 
 0.00 , 2322.14 , 1584.95 
 0.00 , 1502.55 , 1016.52 
 0.00 , 728.42 , 488.73 
 0.00 , 378.08 , 252.73 
 0.00 , 610.95 , 409.41 
 0.00 , 831.24 , 558.34 
 0.00 , 938.16 , 630.87 
2652.99 , 964.91 , 3117.05 
 0.00 , 1103.78 , 743.56 
 0.00 , 1631.06 , 1104.98 
 0.00 , 1491.29 , 1008.78 
 0.00 , 1502.43 , 1016.44 
 0.00 , 1561.70 , 1057.21 
 0.00 , 1620.78 , 1097.90 
2513.98 ,  0.00 , 2338.00 
 0.00 ,  0.00 ,  0.00 
 0.00 ,  0.00 ,  0.00 
 0.00 ,  0.00 ,  0.00 
 0.00 , 16.13 , 10.74 
 0.00 , 699.11 , 468.92 
 0.00 , 802.34 , 538.76 
 0.00 , 884.34 , 594.34 
 0.00 , 6282.13 , 4480.00 
 0.00 , 2880.66 , 1978.13 
 0.00 , 1847.21 , 1254.34 
 0.00 , 1090.26 , 734.34 
2840.61 , 1303.59 , 3523.26 
 0.00 , 1516.62 , 1026.20 
 0.00 , 1042.94 , 702.12 
 0.00 , 906.62 , 609.46 
 0.00 , 944.92 , 635.46 
 0.00 , 1216.40 , 820.41 
 0.00 , 1636.86 , 1108.99 
 0.00 , 1730.45 , 1173.57 
 0.00 , 1550.49 , 1049.49 
2866.78 , 1593.62 , 3747.51 
 0.00 , 1647.11 , 1116.05 
 0.00 , 1699.88 , 1152.46 
 0.00 ,  0.00 ,  0.00 
 0.00 ,  0.00 ,  0.00 
 0.00 ,  0.00 ,  0.00 
 0.00 ,  0.00 ,  0.00 
 0.00 , 352.23 , 235.39 
 0.00 , 876.71 , 589.16 
 0.00 , 1025.32 , 690.13 
 0.00 , 1161.05 , 782.62 
 0.00 , 6282.13 , 4480.00 
2636.72 , 3289.11 , 4729.78 
 0.00 , 2391.48 , 1633.50 
 0.00 , 794.67 , 533.56 
 0.00 ,  0.00 ,  0.00 
 0.00 ,  0.00 ,  0.00 
 0.00 ,  0.00 ,  0.00 
 0.00 ,  0.00 ,  0.00 
 0.00 ,  0.00 ,  0.00 
2652.99 ,  0.00 , 2467.28 
 0.00 ,  0.00 ,  0.00 
 0.00 , 561.29 , 375.93 
 0.00 , 982.70 , 661.14 
 0.00 , 1089.10 , 733.55 
 0.00 , 1184.58 , 798.68 
 0.00 , 1272.55 , 858.80 
2513.98 ,  0.00 , 2338.00 
 0.00 ,  0.00 ,  0.00 
 0.00 ,  0.00 ,  0.00 
 0.00 ,  0.00 ,  0.00 
 0.00 ,  0.00 ,  0.00 
 0.00 , 19.48 , 12.98 
 0.00 , 651.07 , 436.48 
 0.00 , 820.61 , 551.13 
 0.00 , 6282.13 , 4480.00 
 0.00 , 2782.30 , 1908.54 
 0.00 , 2399.58 , 1639.18 
 0.00 , 1831.59 , 1243.52 
2840.61 , 727.73 , 3130.49 
 0.00 , 80.41 , 53.58 
 0.00 ,  0.00 ,  0.00 
 0.00 ,  0.00 ,  0.00 
 0.00 ,  0.00 ,  0.00 
 0.00 ,  0.00 ,  0.00 
 0.00 ,  0.00 ,  0.00 
 0.00 , 31.15 , 20.75 
 0.00 , 810.04 , 543.97 
2866.78 , 918.16 , 3284.12 
 0.00 , 1008.34 , 678.57 
 0.00 , 1090.44 , 734.46 
 0.00 ,  0.00 ,  0.00 
 0.00 ,  0.00 ,  0.00 
 0.00 ,  0.00 ,  0.00 
 0.00 ,  0.00 ,  0.00 
 0.00 ,  0.00 ,  0.00 
 0.00 ,  0.00 ,  0.00 
 0.00 ,  0.00 ,  0.00 
 0.00 , 350.88 , 234.48 
 0.00 , 6282.13 , 4480.00 
2612.62 , 2503.75 , 4147.03 
 0.00 , 678.65 , 455.10 
 0.00 , 71.66 , 47.75 
 0.00 ,  0.00 ,  0.00 
 0.00 ,  0.00 ,  0.00 
 0.00 , 235.03 , 156.87 
 0.00 , 652.78 , 437.63 
 0.00 , 835.23 , 561.04 
2609.69 , 908.10 , 3038.11 
 0.00 , 1057.15 , 711.79 
 0.00 , 1297.37 , 875.78 
 0.00 , 1153.19 , 777.25 
 0.00 , 1209.56 , 815.74 
 0.00 , 1268.54 , 856.05 
 0.00 , 1327.54 , 896.44 
 0.00 ,  0.00 ,  0.00 
2552.04 ,  0.00 , 2373.40 
 0.00 ,  0.00 ,  0.00 
 0.00 ,  0.00 ,  0.00 
 0.00 ,  0.00 ,  0.00 
 0.00 ,  0.68 ,  0.45 
 0.00 , 633.54 , 424.65 
 0.00 , 821.13 , 551.48 
 0.00 , 6282.13 , 4480.00 
 0.00 , 2754.48 , 1888.88 
 0.00 , 1009.22 , 679.17 
 0.00 , 500.17 , 334.78 
2710.15 ,  1.66 , 2521.54 
 0.00 ,  0.00 ,  0.00 
 0.00 ,  0.00 ,  0.00 
 0.00 ,  0.00 ,  0.00 
 0.00 ,  0.00 ,  0.00 
 0.00 ,  0.00 ,  0.00 
 0.00 ,  0.00 ,  0.00 
 0.00 ,  0.00 ,  0.00 
 0.00 ,  0.00 ,  0.00 
2820.18 , 519.71 , 2970.92 
 0.00 , 814.11 , 546.73 
 0.00 , 969.79 , 652.36 
 0.00 ,  0.00 ,  0.00 
 0.00 ,  0.00 ,  0.00 
 0.00 ,  0.00 ,  0.00 
 0.00 ,  0.00 ,  0.00 
 0.00 ,  0.00 ,  0.00 
 0.00 ,  0.00 ,  0.00 
 0.00 ,  0.00 ,  0.00 
 0.00 , 366.69 , 245.09 
 0.00 , 6282.13 , 4480.00 
2595.75 , 2469.94 , 4107.43 
 0.00 , 2120.51 , 1444.17 
 0.00 , 2017.07 , 1372.19 
 0.00 , 1252.58 , 845.14 
 0.00 , 475.61 , 318.26 
 0.00 , 585.29 , 392.10 
 0.00 , 700.79 , 470.06 
 0.00 , 794.15 , 533.21 
2609.69 , 1124.64 , 3185.78 
 0.00 , 1362.47 , 920.37 
 0.00 , 1452.44 , 982.09 
 0.00 , 1301.88 , 878.87 
 0.00 , 1350.35 , 912.06 
 0.00 , 1403.24 , 948.33 
 0.00 , 1406.63 , 950.65 
 0.00 ,  0.00 ,  0.00 
2552.04 ,  0.00 , 2373.40 
 0.00 ,  0.00 ,  0.00 
 0.00 ,  0.00 ,  0.00 
 0.00 ,  0.00 ,  0.00 
 0.00 , 371.72 , 248.46 
 0.00 , 765.04 , 513.51 
 0.00 , 907.93 , 610.35 
 0.00 , 6282.13 , 4480.00 
 0.00 , 2908.82 , 1998.08 
 0.00 , 2732.43 , 1873.32 
 0.00 , 2636.67 , 1805.78 
2710.15 , 2510.55 , 4242.75 
 0.00 , 2325.80 , 1587.51 
 0.00 , 2159.35 , 1471.24 
 0.00 , 1995.54 , 1357.23 
 0.00 , 1886.85 , 1281.80 
 0.00 , 2083.22 , 1418.21 
 0.00 , 2210.94 , 1507.23 
 0.00 , 2192.06 , 1494.06 
 0.00 , 1954.44 , 1328.68 
2820.18 , 1978.61 , 3971.61 
 0.00 , 1970.41 , 1339.77 
 0.00 , 1959.86 , 1332.45 
 0.00 ,  0.00 ,  0.00 
 0.00 ,  0.00 ,  0.00 
 0.00 ,  0.00 ,  0.00 
 0.00 ,  5.94 ,  3.95 
 0.00 , 789.68 , 530.18 
 0.00 , 907.23 , 609.87 
 0.00 , 987.39 , 664.32 
 0.00 , 1055.82 , 710.88 
 0.00 , 6282.13 , 4480.00 
2595.75 , 2976.50 , 4467.25 
 0.00 , 2813.85 , 1930.85 
 0.00 , 2730.29 , 1871.80 
 0.00 , 2171.23 , 1479.53 
 0.00 , 1706.79 , 1157.23 
 0.00 , 1305.84 , 881.58 
 0.00 , 1143.28 , 770.49 
 0.00 , 1409.09 , 952.34 
2609.69 , 1585.54 , 3502.61 
 0.00 , 1779.50 , 1207.48 
 0.00 , 1866.33 , 1267.58 
 0.00 , 1673.58 , 1134.31 
 0.00 , 1709.32 , 1158.98 
 0.00 , 1700.31 , 1152.76 
 0.00 , 1742.80 , 1182.11 
 0.00 ,  0.00 ,  0.00 
2552.04 ,  0.00 , 2373.40 
 0.00 ,  0.00 ,  0.00 
 0.00 ,  0.00 ,  0.00 
 0.00 , 413.15 , 276.28 
 0.00 , 941.23 , 632.96 
 0.00 , 1088.14 , 732.90 
 0.00 , 1221.80 , 824.10 
 0.00 , 6282.13 , 4480.00 
 0.00 , 3196.19 , 2202.38 
 0.00 , 1951.49 , 1326.64 
 0.00 , 1432.56 , 968.44 
2710.15 , 1478.50 , 3522.21 
 0.00 , 1551.96 , 1050.50 
 0.00 , 1394.57 , 942.38 
 0.00 , 1140.52 , 768.61 
 0.00 , 1137.00 , 766.21 
 0.00 , 1417.56 , 958.15 
 0.00 , 1534.59 , 1038.55 
 0.00 , 1893.87 , 1286.66 
 0.00 , 1776.14 , 1205.15 
2820.18 , 1827.10 , 3866.04 
 0.00 , 1887.04 , 1281.94 
 0.00 , 1942.48 , 1320.39 
 0.00 ,  0.00 ,  0.00 
 0.00 ,  0.00 ,  0.00 
 0.00 ,  0.00 ,  0.00 
 0.00 , 149.75 , 99.86 
 0.00 , 1002.41 , 674.54 
 0.00 , 1161.98 , 783.25 
 0.00 , 1253.24 , 845.59 
 0.00 , 1383.83 , 935.01 
 0.00 , 6282.13 , 4480.00 
2595.75 , 3282.70 , 4686.91 
 0.00 , 1418.84 , 959.02 
 0.00 , 308.76 , 206.24 
 0.00 ,  0.00 ,  0.00 
 0.00 ,  0.00 ,  0.00 
 0.00 ,  0.00 ,  0.00 
 0.00 ,  0.00 ,  0.00 
 0.00 ,  0.00 ,  0.00 
2609.69 ,  0.00 , 2427.01 
 0.00 ,  0.00 ,  0.00 
 0.00 ,  0.00 ,  0.00 
 0.00 , 183.50 , 122.41 
 0.00 , 982.08 , 660.71 
 0.00 , 1155.19 , 778.62 
 0.00 , 1264.69 , 853.42 
 0.00 ,  0.00 ,  0.00 
2552.04 ,  0.00 , 2373.40 
 0.00 ,  0.00 ,  0.00 
 0.00 ,  0.00 ,  0.00 
 0.00 ,  0.00 ,  0.00 
 0.00 , 662.51 , 444.20 
 0.00 , 988.41 , 665.02 
 0.00 , 1200.10 , 809.27 
 0.00 , 6282.13 , 4480.00 
 0.00 , 3304.08 , 2279.41 
 0.00 , 2531.33 , 1731.65 
 0.00 , 2003.50 , 1362.76 
2710.15 , 689.89 , 2983.51 
 0.00 ,  0.00 ,  0.00 
 0.00 ,  0.00 ,  0.00 
 0.00 ,  0.00 ,  0.00 
 0.00 ,  0.00 ,  0.00 
 0.00 ,  0.00 ,  0.00 
 0.00 , 350.58 , 234.28 
 0.00 , 1441.38 , 974.50 
 0.00 , 1374.52 , 928.63 
2820.18 , 1467.30 , 3616.90 
 0.00 , 1556.84 , 1053.86 
 0.00 , 1637.33 , 1109.31 
 0.00 ,  0.00 ,  0.00 
 0.00 ,  0.00 ,  0.00 
 0.00 ,  0.00 ,  0.00 
 0.00 ,  0.00 ,  0.00 
 0.00 , 311.76 , 208.25 
 0.00 , 856.24 , 575.28 
 0.00 , 959.81 , 645.58 
 0.00 , 1099.43 , 740.59 
 0.00 , 6282.13 , 4480.00 
2595.75 , 3189.87 , 4620.15 
 0.00 , 3118.90 , 2147.30 
 0.00 , 2965.33 , 2038.15 
 0.00 , 2644.85 , 1811.54 
 0.00 , 2259.47 , 1541.12 
 0.00 , 1677.95 , 1137.33 
 0.00 , 1593.12 , 1078.84 
 0.00 , 1465.92 , 991.35 
2609.69 , 1111.97 , 3177.12 
 0.00 , 1423.58 , 962.28 
 0.00 , 1855.86 , 1260.33 
 0.00 , 1714.76 , 1162.73 
 0.00 , 1764.49 , 1197.10 
 0.00 , 1814.32 , 1231.57 
 0.00 , 1815.06 , 1232.07 
 0.00 ,  0.00 ,  0.00 
2552.04 ,  0.00 , 2373.40 
 0.00 ,  0.00 ,  0.00 
 0.00 ,  0.00 ,  0.00 
 0.00 , 559.33 , 374.61 
 0.00 , 933.69 , 627.83 
 0.00 , 1076.13 , 724.71 
 0.00 , 1208.14 , 814.77 
 0.00 , 6282.13 , 4480.00 
 0.00 , 3044.56 , 2094.42 
 0.00 , 2320.88 , 1584.07 
 0.00 , 1693.17 , 1147.83 
2710.15 , 764.02 , 3033.72 
 0.00 , 637.75 , 427.49 
 0.00 , 1114.66 , 750.97 
 0.00 , 1263.35 , 852.50 
 0.00 , 1404.92 , 949.48 
 0.00 , 1530.82 , 1035.96 
 0.00 , 1792.17 , 1216.24 
 0.00 , 1898.05 , 1289.56 
 0.00 , 1721.96 , 1167.71 
2820.18 , 1712.91 , 3786.74 
 0.00 , 1763.09 , 1196.13 
 0.00 , 1812.60 , 1230.38 
 0.00 ,  0.00 ,  0.00 
 0.00 ,  0.00 ,  0.00 
 0.00 ,  0.00 ,  0.00 
 0.00 ,  0.00 ,  0.00 
 0.00 , 600.28 , 402.21 
 0.00 , 898.95 , 604.25 
 0.00 , 1040.07 , 700.16 
 0.00 , 1118.33 , 753.48 
 0.00 , 6282.13 , 4480.00 
2595.75 , 3014.34 , 4494.31 
 0.00 , 2665.43 , 1826.05 
 0.00 , 2292.33 , 1564.10 
 0.00 , 1899.15 , 1290.33 
 0.00 , 1372.10 , 926.97 
 0.00 , 632.76 , 424.12 
 0.00 , 278.80 , 186.17 
 0.00 , 645.59 , 432.78 
2609.69 , 1143.13 , 3198.42 
 0.00 , 1550.67 , 1049.62 
 0.00 , 1639.77 , 1110.99 
 0.00 , 1475.51 , 997.94 
 0.00 , 1522.52 , 1030.25 
 0.00 , 1572.31 , 1064.51 
 0.00 , 1624.13 , 1100.21 
 0.00 ,  0.00 ,  0.00 
2552.04 ,  0.00 , 2373.40 
 0.00 ,  0.00 ,  0.00 
 0.00 ,  0.00 ,  0.00 
 0.00 , 354.91 , 237.18 
 0.00 , 916.65 , 616.27 
 0.00 , 1067.24 , 718.66 
 0.00 , 1204.95 , 812.59 
 0.00 , 6282.13 , 4480.00 
 0.00 , 3168.73 , 2182.80 
 0.00 , 1929.61 , 1311.45 
 0.00 , 1532.69 , 1037.24 
2710.15 , 829.93 , 3078.44 
 0.00 , 593.94 , 397.94 
 0.00 , 457.00 , 305.74 
 0.00 , 633.14 , 424.38 
 0.00 , 933.08 , 627.42 
 0.00 , 846.16 , 568.45 
 0.00 , 1170.19 , 788.85 
 0.00 , 1689.86 , 1145.55 
 0.00 , 1569.88 , 1062.84 
2820.18 , 1632.40 , 3730.96 
 0.00 , 1699.01 , 1151.86 
 0.00 , 1812.21 , 1230.11 
 0.00 ,  0.00 ,  0.00 
 0.00 ,  0.00 ,  0.00 
 0.00 ,  0.00 ,  0.00 
 0.00 ,  0.00 ,  0.00 
 0.00 , 762.04 , 511.47 
 0.00 , 996.50 , 670.52 
 0.00 , 1141.78 , 769.46 
 0.00 , 1276.98 , 861.83 
 0.00 , 6282.13 , 4480.00 
2595.75 , 3252.63 , 4665.27 
 0.00 , 1415.44 , 956.69 
 0.00 ,  0.00 ,  0.00 
 0.00 ,  0.00 ,  0.00 
 0.00 ,  0.00 ,  0.00 
 0.00 ,  0.00 ,  0.00 
 0.00 ,  0.00 ,  0.00 
 0.00 ,  0.00 ,  0.00 
2609.69 ,  0.00 , 2427.01 
 0.00 ,  0.00 ,  0.00 
 0.00 ,  0.00 ,  0.00 
 0.00 ,  0.00 ,  0.00 
 0.00 ,  0.00 ,  0.00 
 0.00 , 417.87 , 279.45 
 0.00 , 914.43 , 614.75 
 0.00 ,  0.00 ,  0.00 
2552.04 ,  0.00 , 2373.40 
 0.00 ,  0.00 ,  0.00 
 0.00 ,  0.00 ,  0.00 
 0.00 ,  0.00 ,  0.00 
 0.00 ,  6.48 ,  4.32 
 0.00 , 796.85 , 535.04 
 0.00 , 1096.20 , 738.39 
 0.00 , 6282.13 , 4480.00 
 0.00 , 3183.44 , 2193.28 
 0.00 , 2619.11 , 1793.41 
 0.00 , 2236.89 , 1525.35 
2710.15 , 1431.01 , 3489.48 
 0.00 , 298.03 , 199.05 
 0.00 ,  0.00 ,  0.00 
 0.00 ,  0.00 ,  0.00 
 0.00 ,  0.00 ,  0.00 
 0.00 ,  0.00 ,  0.00 
 0.00 , 970.16 , 652.61 
 0.00 , 1881.03 , 1277.77 
 0.00 , 1924.17 , 1307.68 
2820.18 , 2034.23 , 4010.46 
 0.00 , 2141.58 , 1458.85 
 0.00 , 2287.06 , 1560.41 
 0.00 ,  0.00 ,  0.00 
 0.00 ,  0.00 ,  0.00 
 0.00 ,  0.00 ,  0.00 
 0.00 , 739.22 , 496.04 
 0.00 , 1167.51 , 787.02 
 0.00 , 1330.04 , 898.15 
 0.00 , 1427.32 , 964.84 
 0.00 , 1508.26 , 1020.45 
 0.00 , 6282.13 , 4480.00 
2595.75 , 3378.74 , 4756.14 
 0.00 , 1592.10 , 1078.14 
 0.00 , 333.95 , 223.13 
 0.00 ,  0.00 ,  0.00 
 0.00 ,  0.00 ,  0.00 
 0.00 ,  0.00 ,  0.00 
 0.00 ,  0.00 ,  0.00 
 0.00 ,  0.00 ,  0.00 
2609.69 ,  0.00 , 2427.01 
 0.00 ,  0.00 ,  0.00 
 0.00 ,  0.00 ,  0.00 
 0.00 , 860.53 , 578.19 
 0.00 , 1408.45 , 951.89 
 0.00 , 1549.03 , 1048.49 
 0.00 , 1723.77 , 1168.96 
 0.00 ,  0.00 ,  0.00 
2552.04 ,  0.00 , 2373.40 
 0.00 ,  0.00 ,  0.00 
 0.00 ,  0.00 ,  0.00 
 0.00 , 781.13 , 524.39 
 0.00 , 1012.20 , 681.20 
 0.00 , 1070.02 , 720.56 
 0.00 , 1161.91 , 783.20 
 0.00 , 6282.13 , 4480.00 
 0.00 , 3041.04 , 2091.92 
 0.00 , 1680.40 , 1139.02 
 0.00 , 829.33 , 557.04 
2710.15 , 594.52 , 2919.05 
 0.00 ,  0.00 ,  0.00 
 0.00 ,  0.00 ,  0.00 
 0.00 ,  0.00 ,  0.00 
 0.00 ,  0.00 ,  0.00 
 0.00 ,  0.00 ,  0.00 
 0.00 ,  0.00 ,  0.00 
 0.00 ,  0.00 ,  0.00 
 0.00 ,  0.00 ,  0.00 
2820.18 , 46.98 , 2654.06 
 0.00 , 701.34 , 470.43 
 0.00 , 818.66 , 549.81 
 0.00 ,  0.00 ,  0.00 
 0.00 ,  0.00 ,  0.00 
 0.00 ,  0.00 ,  0.00 
 0.00 ,  0.00 ,  0.00 
 0.00 ,  0.00 ,  0.00 
 0.00 ,  0.00 ,  0.00 
 0.00 ,  0.00 ,  0.00 
 0.00 ,  0.00 ,  0.00 
 0.00 , 6282.13 , 4480.00 
2595.75 , 2258.96 , 3958.86 
 0.00 , 1867.27 , 1268.23 
 0.00 , 1436.41 , 971.08 
 0.00 , 1011.06 , 680.42 
 0.00 , 829.03 , 556.83 
 0.00 , 870.74 , 585.11 
 0.00 , 592.47 , 396.95 
 0.00 , 510.21 , 341.53 
2609.69 , 873.11 , 3014.33 
 0.00 , 852.92 , 573.03 
 0.00 , 1140.61 , 768.67 
 0.00 , 1078.61 , 726.40 
 0.00 , 1134.57 , 764.55 
 0.00 , 1241.28 , 837.41 
 0.00 , 1299.95 , 877.54 
 0.00 ,  0.00 ,  0.00 
2552.04 ,  0.00 , 2373.40 
 0.00 ,  0.00 ,  0.00 
 0.00 ,  0.00 ,  0.00 
 0.00 ,  0.00 ,  0.00 
 0.00 , 332.45 , 222.12 
 0.00 , 790.99 , 531.07 
 0.00 , 991.14 , 666.88 
 0.00 , 6282.13 , 4480.00 
 0.00 , 2805.53 , 1924.96 
 0.00 , 1686.91 , 1143.51 
 0.00 , 1401.41 , 947.07 
2710.15 , 907.19 , 3130.94 
 0.00 , 273.84 , 182.85 
 0.00 ,  0.00 ,  0.00 
 0.00 ,  0.00 ,  0.00 
 0.00 ,  0.00 ,  0.00 
 0.00 , 148.47 , 99.00 
 0.00 , 719.95 , 483.01 
 0.00 , 1204.35 , 812.18 
 0.00 , 1109.83 , 747.68 
2820.18 , 1184.21 , 3422.38 
 0.00 , 1258.39 , 849.11 
 0.00 , 1276.77 , 861.68 
 0.00 ,  0.00 ,  0.00 
 0.00 ,  0.00 ,  0.00 
 0.00 ,  0.00 ,  0.00 
 0.00 ,  0.00 ,  0.00 
 0.00 ,  0.00 ,  0.00 
 0.00 ,  0.00 ,  0.00 
 0.00 , 462.44 , 309.40 
 0.00 , 647.36 , 433.98 
 0.00 , 6282.13 , 4480.00 
2595.75 , 2547.45 , 4162.20 
 0.00 , 2106.30 , 1434.27 
 0.00 , 1959.97 , 1332.53 
 0.00 , 1771.77 , 1202.13 
 0.00 , 1765.26 , 1197.63 
 0.00 , 999.41 , 672.50 
 0.00 , 220.18 , 146.93 
 0.00 , 623.01 , 417.54 
2609.69 , 1133.67 , 3191.95 
 0.00 , 1292.11 , 872.18 
 0.00 , 1452.41 , 982.07 
 0.00 , 1274.12 , 859.87 
 0.00 , 1319.30 , 890.79 
 0.00 , 1368.73 , 924.66 
 0.00 , 1369.00 , 924.85 
 0.00 ,  0.00 ,  0.00 
2552.04 ,  0.00 , 2373.40 
 0.00 ,  0.00 ,  0.00 
 0.00 ,  0.00 ,  0.00 
 0.00 ,  0.00 ,  0.00 
 0.00 ,  0.00 ,  0.00 
 0.00 , 403.69 , 269.92 
 0.00 , 642.72 , 430.84 
 0.00 , 6282.13 , 4480.00 
 0.00 , 2557.59 , 1750.11 
 0.00 , 2183.99 , 1488.43 
 0.00 , 1816.30 , 1232.93 
2710.15 , 1515.11 , 3547.47 
 0.00 , 1007.83 , 678.22 
 0.00 , 450.18 , 301.16 
 0.00 , 212.33 , 141.68 
 0.00 , 447.41 , 299.30 
 0.00 , 976.71 , 657.06 
 0.00 , 1128.47 , 760.39 
 0.00 , 1349.53 , 911.50 
 0.00 , 1155.43 , 778.78 
2820.18 , 1200.42 , 3433.48 
 0.00 , 1252.95 , 845.39 
 0.00 , 1304.60 , 880.73 
 0.00 ,  0.00 ,  0.00 
 0.00 ,  0.00 ,  0.00 
 0.00 ,  0.00 ,  0.00 
 0.00 ,  0.00 ,  0.00 
 0.00 ,  0.00 ,  0.00 
 0.00 ,  0.00 ,  0.00 
 0.00 , 415.16 , 277.62 
 0.00 , 695.76 , 466.66 
 0.00 , 6282.13 , 4480.00 
2595.75 , 2495.45 , 4125.44 
 0.00 , 870.00 , 584.61 
 0.00 ,  0.00 ,  0.00 
 0.00 ,  0.00 ,  0.00 
 0.00 ,  0.00 ,  0.00 
 0.00 ,  0.00 ,  0.00 
 0.00 ,  0.00 ,  0.00 
 0.00 ,  0.00 ,  0.00 
2609.69 ,  0.00 , 2427.01 
 0.00 ,  0.00 ,  0.00 
 0.00 ,  0.00 ,  0.00 
 0.00 ,  0.00 ,  0.00 
 0.00 ,  0.00 ,  0.00 
 0.00 , 457.27 , 305.92 
 0.00 , 672.27 , 450.79 
 0.00 ,  0.00 ,  0.00 
2552.04 ,  0.00 , 2373.40 
 0.00 ,  0.00 ,  0.00 
 0.00 ,  0.00 ,  0.00 
 0.00 ,  0.00 ,  0.00 
 0.00 ,  0.00 ,  0.00 
 0.00 ,  0.00 ,  0.00 
 0.00 ,  0.00 ,  0.00 
 0.00 , 6124.10 , 4359.51 
 0.00 , 2007.88 , 1365.80 
 0.00 ,  0.00 ,  0.00 
 0.00 ,  0.00 ,  0.00 
2710.15 ,  0.00 , 2520.44 
 0.00 ,  0.00 ,  0.00 
 0.00 ,  0.00 ,  0.00 
 0.00 ,  0.00 ,  0.00 
 0.00 ,  0.00 ,  0.00 
 0.00 ,  0.00 ,  0.00 
 0.00 ,  0.00 ,  0.00 
 0.00 ,  0.00 ,  0.00 
 0.00 ,  0.00 ,  0.00 
2820.18 ,  0.00 , 2622.77 
 0.00 , 292.37 , 195.26 
 0.00 , 652.82 , 437.66 
 0.00 ,  0.00 ,  0.00 
 0.00 ,  0.00 ,  0.00 
 0.00 ,  0.00 ,  0.00 
 0.00 ,  0.00 ,  0.00 
 0.00 ,  0.00 ,  0.00 
 0.00 ,  0.00 ,  0.00 
 0.00 ,  0.00 ,  0.00 
 0.00 , 496.30 , 332.17 
 0.00 , 6282.13 , 4480.00 
2595.75 , 2619.86 , 4213.47 
 0.00 , 917.29 , 616.70 
 0.00 ,  0.00 ,  0.00 
 0.00 ,  0.00 ,  0.00 
 0.00 ,  0.00 ,  0.00 
 0.00 ,  0.00 ,  0.00 
 0.00 ,  0.00 ,  0.00 
 0.00 ,  0.00 ,  0.00 
2609.69 ,  0.00 , 2427.01 
 0.00 ,  0.00 ,  0.00 
 0.00 ,  0.00 ,  0.00 
 0.00 ,  0.00 ,  0.00 
 0.00 ,  0.00 ,  0.00 
 0.00 ,  0.00 ,  0.00 
 0.00 ,  0.00 ,  0.00 
 0.00 ,  0.00 ,  0.00 
2552.04 ,  0.00 , 2373.40 
 0.00 ,  0.00 ,  0.00 
 0.00 ,  0.00 ,  0.00 
 0.00 ,  0.00 ,  0.00 
 0.00 ,  0.00 ,  0.00 
 0.00 ,  0.00 ,  0.00 
 0.00 ,  0.00 ,  0.00 
 0.00 , 5594.90 , 3959.11 
 0.00 , 1862.77 , 1265.11 
 0.00 ,  0.00 ,  0.00 
 0.00 ,  0.00 ,  0.00 
2710.15 ,  0.00 , 2520.44 
 0.00 ,  0.00 ,  0.00 
 0.00 ,  0.00 ,  0.00 
 0.00 ,  0.00 ,  0.00 
 0.00 ,  0.00 ,  0.00 
 0.00 ,  0.00 ,  0.00 
 0.00 ,  0.00 ,  0.00 
 0.00 ,  0.00 ,  0.00 
 0.00 ,  0.00 ,  0.00 
2820.18 ,  0.00 , 2622.77 
 0.00 ,  0.00 ,  0.00 
 0.00 ,  0.00 ,  0.00 
 0.00 ,  0.00 ,  0.00 
 0.00 ,  0.00 ,  0.00 
 0.00 ,  0.00 ,  0.00 
 0.00 ,  0.00 ,  0.00 
 0.00 ,  0.00 ,  0.00 
 0.00 ,  0.00 ,  0.00 
 0.00 ,  0.00 ,  0.00 
 0.00 ,  0.00 ,  0.00 
 0.00 , 4891.14 , 3433.96 
2595.75 , 1701.60 , 3569.96 
 0.00 , 635.12 , 425.71 
 0.00 ,  0.00 ,  0.00 
 0.00 ,  0.00 ,  0.00 
 0.00 ,  0.00 ,  0.00 
 0.00 ,  0.00 ,  0.00 
 0.00 , 39.09 , 26.03 
 0.00 , 474.90 , 317.78 
2609.69 , 567.82 , 2807.59 
 0.00 , 881.04 , 592.10 
 0.00 , 979.17 , 658.73 
 0.00 , 776.20 , 521.06 
 0.00 , 834.73 , 560.70 
 0.00 , 846.46 , 568.65 
 0.00 , 908.34 , 610.62 
 0.00 ,  0.00 ,  0.00 
2552.04 ,  0.00 , 2373.40 
 0.00 ,  0.00 ,  0.00 
 0.00 ,  0.00 ,  0.00 
 0.00 ,  0.00 ,  0.00 
 0.00 ,  0.00 ,  0.00 
 0.00 ,  0.00 ,  0.00 
 0.00 ,  0.00 ,  0.00 
 0.00 , 6109.04 , 4348.04 
 0.00 , 2318.23 , 1582.22 
 0.00 , 2054.33 , 1398.10 
 0.00 , 1874.86 , 1273.49 
2710.15 , 1668.90 , 3653.80 
 0.00 , 1416.78 , 957.61 
 0.00 , 1186.13 , 799.74 
 0.00 , 760.19 , 510.22 
 0.00 , 589.97 , 395.26 
 0.00 , 801.71 , 538.33 
 0.00 , 1168.16 , 787.47 
 0.00 , 1294.77 , 874.00 
 0.00 , 1094.20 , 737.02 
2820.18 , 1087.43 , 3356.18 
 0.00 , 1085.64 , 731.19 
 0.00 , 1134.15 , 764.27 
 0.00 ,  0.00 ,  0.00 
 0.00 ,  0.00 ,  0.00 
 0.00 ,  0.00 ,  0.00 
 0.00 ,  0.00 ,  0.00 
 0.00 ,  0.00 ,  0.00 
 0.00 ,  0.00 ,  0.00 
 0.00 ,  0.00 ,  0.00 
 0.00 ,  0.00 ,  0.00 
 0.00 , 5736.97 , 4066.14 
2595.75 , 2036.87 , 3803.27 
 0.00 , 1935.58 , 1315.60 
 0.00 , 1547.94 , 1047.74 
 0.00 , 1287.58 , 869.08 
 0.00 , 1195.76 , 806.31 
 0.00 , 1162.42 , 783.55 
 0.00 , 1224.83 , 826.17 
 0.00 , 1267.97 , 855.67 
2609.69 , 1246.00 , 3268.86 
 0.00 , 1290.04 , 870.76 
 0.00 , 1327.30 , 896.27 
 0.00 , 1128.05 , 760.10 
 0.00 , 1109.86 , 747.70 
 0.00 , 1146.77 , 772.87 
 0.00 , 1189.47 , 802.01 
 0.00 ,  0.00 ,  0.00 
2552.04 ,  0.00 , 2373.40 
 0.00 ,  0.00 ,  0.00 
 0.00 ,  0.00 ,  0.00 
 0.00 ,  0.00 ,  0.00 
 0.00 ,  0.00 ,  0.00 
 0.00 ,  0.00 ,  0.00 
 0.00 , 89.72 , 59.79 
 0.00 , 6282.13 , 4480.00 
 0.00 , 2287.82 , 1560.94 
 0.00 , 1759.27 , 1193.49 
 0.00 , 1122.18 , 756.10 
2710.15 , 804.17 , 3060.95 
 0.00 , 761.79 , 511.31 
 0.00 , 651.70 , 436.90 
 0.00 , 549.91 , 368.26 
 0.00 , 617.33 , 413.71 
 0.00 , 857.99 , 576.46 
 0.00 , 1014.88 , 683.02 
 0.00 , 1094.86 , 737.48 
 0.00 , 975.61 , 656.32 
2820.18 , 1019.32 , 3309.68 
 0.00 , 1068.68 , 719.64 
 0.00 , 1119.38 , 754.19 
 0.00 ,  0.00 ,  0.00 
 0.00 ,  0.00 ,  0.00 
 0.00 ,  0.00 ,  0.00 
 0.00 ,  0.00 ,  0.00 
 0.00 ,  0.00 ,  0.00 
 0.00 ,  0.00 ,  0.00 
 0.00 ,  0.00 ,  0.00 
 0.00 , 120.29 , 80.19 
 0.00 , 6282.13 , 4480.00 
2571.65 , 2290.85 , 3958.81 
 0.00 , 2048.98 , 1394.38 
 0.00 , 1817.82 , 1233.99 
 0.00 , 1443.99 , 976.29 
 0.00 , 1211.11 , 816.80 
 0.00 , 1193.48 , 804.75 
 0.00 , 1330.03 , 898.14 
 0.00 , 1517.03 , 1026.47 
2566.40 , 1601.59 , 3473.41 
 0.00 , 1682.36 , 1140.37 
 0.00 , 1683.20 , 1140.95 
 0.00 , 1514.91 , 1025.02 
 0.00 , 1488.26 , 1006.70 
 0.00 , 1527.87 , 1033.93 
 0.00 , 1522.44 , 1030.20 
 0.00 ,  0.00 ,  0.00 
2509.80 ,  0.00 , 2334.11 
 0.00 ,  0.00 ,  0.00 
 0.00 ,  0.00 ,  0.00 
 0.00 ,  0.00 ,  0.00 
 0.00 , 494.49 , 330.96 
 0.00 , 829.12 , 556.90 
 0.00 , 1021.36 , 687.43 
 0.00 , 6282.13 , 4480.00 
 0.00 , 2807.12 , 1926.08 
 0.00 , 1336.32 , 902.45 
 0.00 , 549.50 , 367.99 
2666.58 ,  0.00 , 2479.92 
 0.00 ,  0.00 ,  0.00 
 0.00 ,  0.00 ,  0.00 
 0.00 ,  0.00 ,  0.00 
 0.00 ,  0.00 ,  0.00 
 0.00 ,  0.00 ,  0.00 
 0.00 ,  0.00 ,  0.00 
 0.00 , 457.34 , 305.97 
 0.00 , 939.78 , 631.97 
2773.57 , 1038.55 , 3279.44 
 0.00 , 1181.55 , 796.61 
 0.00 , 1268.02 , 855.70 
 0.00 ,  0.00 ,  0.00 
 0.00 ,  0.00 ,  0.00 
 0.00 ,  0.00 ,  0.00 
 0.00 ,  0.00 ,  0.00 
 0.00 ,  0.00 ,  0.00 
 0.00 , 457.86 , 306.32 
 0.00 , 948.51 , 637.90 
 0.00 , 1107.81 , 746.30 
 0.00 , 6282.13 , 4480.00 
2554.78 , 2756.87 , 4272.50 
 0.00 , 1160.92 , 782.52 
 0.00 , 521.81 , 349.34 
 0.00 , 451.55 , 302.08 
 0.00 , 365.31 , 244.16 
 0.00 , 210.80 , 140.66 
 0.00 , 168.22 , 112.20 
 0.00 ,  0.00 ,  0.00 
2566.40 ,  0.00 , 2386.76 
 0.00 ,  0.00 ,  0.00 
 0.00 , 642.61 , 430.77 
 0.00 , 1164.97 , 785.29 
 0.00 , 1262.22 , 851.73 
 0.00 , 1356.19 , 916.06 
 0.00 , 1441.86 , 974.82 
 0.00 ,  0.00 ,  0.00 
2509.80 ,  0.00 , 2334.11 
 0.00 ,  0.00 ,  0.00 
 0.00 ,  0.00 ,  0.00 
 0.00 ,  0.00 ,  0.00 
 0.00 , 477.74 , 319.69 
 0.00 , 705.14 , 473.00 
 0.00 , 793.82 , 532.98 
 0.00 , 6282.13 , 4480.00 
 0.00 , 2732.02 , 1873.02 
 0.00 , 2517.12 , 1721.67 
 0.00 , 2255.93 , 1538.65 
2666.58 , 2073.23 , 3894.66 
 0.00 , 1993.83 , 1356.04 
 0.00 , 1898.38 , 1289.79 
 0.00 , 1827.40 , 1240.62 
 0.00 , 1877.64 , 1275.42 
 0.00 , 2064.82 , 1405.40 
 0.00 , 2056.93 , 1399.91 
 0.00 , 1965.42 , 1336.31 
 0.00 , 1833.05 , 1244.53 
2773.57 , 1793.95 , 3799.61 
 0.00 , 1832.89 , 1244.42 
 0.00 , 1822.72 , 1237.38 
 0.00 ,  0.00 ,  0.00 
 0.00 ,  0.00 ,  0.00 
 0.00 ,  0.00 ,  0.00 
 0.00 ,  0.00 ,  0.00 
 0.00 , 528.90 , 354.11 
 0.00 , 864.12 , 580.62 
 0.00 , 1002.49 , 674.59 
 0.00 , 1078.71 , 726.47 
 0.00 , 6282.13 , 4480.00 
2554.78 , 2821.02 , 4318.13 
 0.00 , 2112.10 , 1438.32 
 0.00 , 1746.31 , 1184.53 
 0.00 , 1809.63 , 1228.32 
 0.00 , 1759.98 , 1193.98 
 0.00 , 1496.25 , 1012.19 
 0.00 , 1213.64 , 818.53 
 0.00 , 1165.27 , 785.50 
2566.40 , 1389.27 , 3326.98 
 0.00 , 1630.77 , 1104.78 
 0.00 , 1753.02 , 1189.17 
 0.00 , 1674.31 , 1134.81 
 0.00 , 1708.55 , 1158.45 
 0.00 , 1707.36 , 1157.63 
 0.00 , 1756.14 , 1191.33 
 0.00 ,  0.00 ,  0.00 
2509.80 ,  0.00 , 2334.11 
 0.00 ,  0.00 ,  0.00 
 0.00 ,  0.00 ,  0.00 
 0.00 , 198.56 , 132.48 
 0.00 , 747.08 , 501.35 
 0.00 , 836.97 , 562.22 
 0.00 , 964.78 , 648.95 
 0.00 , 6282.13 , 4480.00 
 0.00 , 2798.19 , 1919.77 
 0.00 , 2582.05 , 1767.32 
 0.00 , 1840.82 , 1249.91 
2666.58 , 893.56 , 3081.14 
 0.00 , 944.53 , 635.19 
 0.00 , 1316.00 , 888.53 
 0.00 , 1366.33 , 923.01 
 0.00 , 1450.60 , 980.83 
 0.00 , 1491.69 , 1009.06 
 0.00 , 1543.91 , 1044.97 
 0.00 , 1651.73 , 1119.24 
 0.00 , 1580.63 , 1070.24 
2773.57 , 1609.44 , 3671.68 
 0.00 , 1659.70 , 1124.74 
 0.00 , 1708.91 , 1158.70 
 0.00 ,  0.00 ,  0.00 
 0.00 ,  0.00 ,  0.00 
 0.00 ,  0.00 ,  0.00 
 0.00 ,  0.00 ,  0.00 
 0.00 , 514.60 , 344.49 
 0.00 , 988.07 , 664.78 
 0.00 , 1136.89 , 766.13 
 0.00 , 1273.05 , 859.14 
 0.00 , 6282.13 , 4480.00 
2554.78 , 2796.92 , 4300.98 
 0.00 , 1843.20 , 1251.56 
 0.00 , 1123.81 , 757.21 
 0.00 , 908.07 , 610.44 
 0.00 , 240.06 , 160.24 
 0.00 ,  0.00 ,  0.00 
 0.00 ,  0.00 ,  0.00 
 0.00 ,  0.00 ,  0.00 
2566.40 ,  0.00 , 2386.76 
 0.00 , 689.62 , 462.51 
 0.00 , 1271.97 , 858.40 
 0.00 , 1305.32 , 881.22 
 0.00 , 1378.68 , 931.48 
 0.00 , 1457.68 , 985.69 
 0.00 , 1532.52 , 1037.13 
 0.00 ,  0.00 ,  0.00 
2509.80 ,  0.00 , 2334.11 
 0.00 ,  0.00 ,  0.00 
 0.00 ,  0.00 ,  0.00 
 0.00 , 188.28 , 125.60 
 0.00 , 880.58 , 591.79 
 0.00 , 1092.92 , 736.16 
 0.00 , 1293.70 , 873.27 
 0.00 , 6282.13 , 4480.00 
 0.00 , 2158.11 , 1470.38 
 0.00 , 876.45 , 588.98 
 0.00 , 889.57 , 597.89 
2666.58 , 1203.95 , 3292.98 
 0.00 , 900.41 , 605.24 
 0.00 , 886.25 , 595.63 
 0.00 , 1015.16 , 683.21 
 0.00 , 1120.68 , 755.07 
 0.00 , 1435.49 , 970.45 
 0.00 , 1682.42 , 1140.41 
 0.00 , 1842.73 , 1251.24 
 0.00 , 1925.79 , 1308.81 
2773.57 , 1995.12 , 3939.73 
 0.00 , 2123.15 , 1446.01 
 0.00 , 2195.36 , 1496.36 
 0.00 ,  0.00 ,  0.00 
 0.00 ,  0.00 ,  0.00 
 0.00 ,  0.00 ,  0.00 
 0.00 , 763.78 , 512.65 
 0.00 , 1169.00 , 788.04 
 0.00 , 1272.00 , 858.42 
 0.00 , 1411.72 , 954.14 
 0.00 , 1490.13 , 1007.98 
 0.00 , 6282.13 , 4480.00 
2554.78 , 1482.97 , 3380.69 
 0.00 , 269.01 , 179.61 
 0.00 ,  0.00 ,  0.00 
 0.00 ,  0.00 ,  0.00 
 0.00 ,  0.00 ,  0.00 
 0.00 ,  0.00 ,  0.00 
 0.00 ,  0.00 ,  0.00 
 0.00 ,  0.00 ,  0.00 
2566.40 ,  0.00 , 2386.76 
 0.00 ,  0.00 ,  0.00 
 0.00 ,  0.00 ,  0.00 
 0.00 , 677.43 , 454.28 
 0.00 , 1333.63 , 900.61 
 0.00 , 1475.02 , 997.60 
 0.00 , 1648.14 , 1116.76 
 0.00 ,  0.00 ,  0.00 
2509.80 ,  0.00 , 2334.11 
 0.00 ,  0.00 ,  0.00 
 0.00 ,  0.00 ,  0.00 
 0.00 , 686.52 , 460.42 
 0.00 , 976.24 , 656.74 
 0.00 , 1086.95 , 732.09 
 0.00 , 1182.41 , 797.20 
 0.00 , 6282.13 , 4480.00 
 0.00 , 2933.07 , 2015.27 
 0.00 , 2080.66 , 1416.43 
 0.00 , 1177.71 , 793.99 
2666.58 , 795.58 , 3014.60 
 0.00 , 750.75 , 503.84 
 0.00 , 606.60 , 406.47 
 0.00 , 643.46 , 431.34 
 0.00 , 1136.62 , 765.95 
 0.00 , 1489.12 , 1007.29 
 0.00 , 1620.70 , 1097.84 
 0.00 , 1756.32 , 1191.45 
 0.00 , 1642.31 , 1112.74 
2773.57 , 1649.13 , 3699.15 
 0.00 , 1656.41 , 1122.46 
 0.00 , 1659.14 , 1124.35 
 0.00 ,  0.00 ,  0.00 
 0.00 ,  0.00 ,  0.00 
 0.00 ,  0.00 ,  0.00 
 0.00 ,  0.00 ,  0.00 
 0.00 ,  3.63 ,  2.42 
 0.00 , 615.36 , 412.38 
 0.00 , 760.08 , 510.15 
 0.00 , 839.77 , 564.12 
 0.00 , 6282.13 , 4480.00 
2554.78 , 2363.50 , 3994.20 
 0.00 , 2037.92 , 1386.68 
 0.00 , 1799.37 , 1221.22 
 0.00 , 1649.12 , 1117.44 
 0.00 , 1588.06 , 1075.36 
 0.00 , 971.75 , 653.69 
 0.00 , 672.88 , 451.20 
 0.00 , 1029.55 , 693.00 
2566.40 , 1328.33 , 3285.08 
 0.00 , 1538.06 , 1040.94 
 0.00 , 1562.95 , 1058.07 
 0.00 , 1447.15 , 978.46 
 0.00 , 1434.92 , 970.07 
 0.00 , 1479.47 , 1000.66 
 0.00 , 1527.72 , 1033.82 
 0.00 ,  0.00 ,  0.00 
2509.80 ,  0.00 , 2334.11 
 0.00 ,  0.00 ,  0.00 
 0.00 ,  0.00 ,  0.00 
 0.00 ,  0.00 ,  0.00 
 0.00 , 390.51 , 261.08 
 0.00 , 703.58 , 471.94 
 0.00 , 838.61 , 563.33 
 0.00 , 6282.13 , 4480.00 
 0.00 , 2749.13 , 1885.10 
 0.00 , 2341.27 , 1598.34 
 0.00 , 2034.17 , 1384.08 
2666.58 , 1865.18 , 3749.51 
 0.00 , 1955.81 , 1329.64 
 0.00 , 2160.80 , 1472.26 
 0.00 , 2057.60 , 1400.38 
 0.00 , 1709.99 , 1159.44 
 0.00 , 1720.81 , 1166.92 
 0.00 , 1845.51 , 1253.16 
 0.00 , 1843.91 , 1252.05 
 0.00 , 1746.92 , 1184.95 
2773.57 , 1772.62 , 3784.79 
 0.00 , 1817.62 , 1233.85 
 0.00 , 1861.51 , 1264.24 
 0.00 ,  0.00 ,  0.00 
 0.00 ,  0.00 ,  0.00 
 0.00 ,  0.00 ,  0.00 
 0.00 ,  0.00 ,  0.00 
 0.00 , 626.00 , 419.56 
 0.00 , 964.52 , 648.78 
 0.00 , 1106.13 , 745.16 
 0.00 , 1236.88 , 834.40 
 0.00 , 6282.13 , 4480.00 
2554.78 , 2729.70 , 4253.19 
 0.00 , 1383.11 , 934.52 
 0.00 , 498.77 , 333.83 
 0.00 ,  0.00 ,  0.00 
 0.00 ,  0.00 ,  0.00 
 0.00 , 207.85 , 138.69 
 0.00 , 450.90 , 301.64 
 0.00 , 346.05 , 231.24 
2566.40 , 51.58 , 2421.12 
 0.00 , 249.82 , 166.77 
 0.00 , 966.25 , 649.95 
 0.00 , 1133.92 , 764.11 
 0.00 , 1270.26 , 857.23 
 0.00 , 1350.38 , 912.08 
 0.00 , 1474.71 , 997.39 
 0.00 ,  0.00 ,  0.00 
2509.80 ,  0.00 , 2334.11 
 0.00 ,  0.00 ,  0.00 
 0.00 ,  0.00 ,  0.00 
 0.00 , 88.48 , 58.96 
 0.00 , 871.84 , 585.86 
 0.00 , 1086.64 , 731.87 
 0.00 , 1236.58 , 834.20 
 0.00 , 6282.13 , 4480.00 
 0.00 , 1562.89 , 1058.03 
 0.00 , 197.27 , 131.62 
 0.00 ,  0.00 ,  0.00 
2666.58 ,  0.00 , 2479.92 
 0.00 ,  0.00 ,  0.00 
 0.00 ,  0.00 ,  0.00 
 0.00 ,  0.00 ,  0.00 
 0.00 ,  0.00 ,  0.00 
 0.00 ,  0.00 ,  0.00 
 0.00 ,  0.00 ,  0.00 
 0.00 ,  0.00 ,  0.00 
 0.00 ,  0.00 ,  0.00 
2773.57 ,  0.00 , 2579.42 
 0.00 ,  0.00 ,  0.00 
 0.00 , 159.05 , 106.07 
 0.00 ,  0.00 ,  0.00 
 0.00 ,  0.00 ,  0.00 
 0.00 ,  0.00 ,  0.00 
 0.00 ,  0.00 ,  0.00 
 0.00 ,  0.00 ,  0.00 
 0.00 ,  0.00 ,  0.00 
 0.00 ,  0.00 ,  0.00 
 0.00 , 23.83 , 15.87 
 0.00 , 6282.13 , 4480.00 
2554.78 , 2319.17 , 3963.00 
 0.00 , 1997.63 , 1358.68 
 0.00 , 1288.54 , 869.74 
 0.00 , 514.48 , 344.41 
 0.00 ,  0.00 ,  0.00 
 0.00 ,  0.00 ,  0.00 
 0.00 ,  0.00 ,  0.00 
 0.00 ,  0.00 ,  0.00 
2566.40 ,  0.00 , 2386.76 
 0.00 ,  0.00 ,  0.00 
 0.00 ,  0.00 ,  0.00 
 0.00 ,  0.00 ,  0.00 
 0.00 ,  0.00 ,  0.00 
 0.00 , 77.37 , 51.56 
 0.00 , 610.50 , 409.10 
 0.00 ,  0.00 ,  0.00 
2509.80 ,  0.00 , 2334.11 
 0.00 ,  0.00 ,  0.00 
 0.00 ,  0.00 ,  0.00 
 0.00 ,  0.00 ,  0.00 
 0.00 ,  0.00 ,  0.00 
 0.00 ,  0.00 ,  0.00 
 0.00 ,  0.00 ,  0.00 
 0.00 , 6282.13 , 4480.00 
 0.00 , 1639.00 , 1110.46 
 0.00 , 351.49 , 234.89 
 0.00 ,  0.00 ,  0.00 
2666.58 ,  0.00 , 2479.92 
 0.00 ,  0.00 ,  0.00 
 0.00 ,  0.00 ,  0.00 
 0.00 ,  0.00 ,  0.00 
 0.00 ,  0.00 ,  0.00 
 0.00 ,  0.00 ,  0.00 
 0.00 ,  0.00 ,  0.00 
 0.00 ,  0.00 ,  0.00 
 0.00 ,  0.00 ,  0.00 
2773.57 ,  0.00 , 2579.42 
 0.00 ,  0.00 ,  0.00 
 0.00 ,  0.00 ,  0.00 
 0.00 ,  0.00 ,  0.00 
 0.00 ,  0.00 ,  0.00 
 0.00 ,  0.00 ,  0.00 
 0.00 ,  0.00 ,  0.00 
 0.00 ,  0.00 ,  0.00 
 0.00 ,  0.00 ,  0.00 
 0.00 ,  0.00 ,  0.00 
 0.00 ,  0.00 ,  0.00 
 0.00 , 3548.78 , 2454.80 
2554.78 ,  0.00 , 2375.95 
 0.00 ,  0.00 ,  0.00 
 0.00 ,  0.00 ,  0.00 
 0.00 ,  0.00 ,  0.00 
 0.00 ,  0.00 ,  0.00 
 0.00 ,  0.00 ,  0.00 
 0.00 ,  0.00 ,  0.00 
 0.00 ,  0.00 ,  0.00 
2566.40 ,  0.00 , 2386.76 
 0.00 ,  0.00 ,  0.00 
 0.00 ,  0.00 ,  0.00 
 0.00 ,  0.00 ,  0.00 
 0.00 ,  0.00 ,  0.00 
 0.00 ,  0.00 ,  0.00 
 0.00 ,  0.00 ,  0.00 
 0.00 ,  0.00 ,  0.00 
2509.80 ,  0.00 , 2334.11 
 0.00 ,  0.00 ,  0.00 
 0.00 ,  0.00 ,  0.00 
 0.00 ,  0.00 ,  0.00 
 0.00 ,  0.00 ,  0.00 
 0.00 ,  0.00 ,  0.00 
 0.00 ,  0.00 ,  0.00 
 0.00 , 3967.71 , 2757.27 
 0.00 , 199.33 , 132.99 
 0.00 ,  0.00 ,  0.00 
 0.00 ,  0.00 ,  0.00 
2666.58 ,  0.00 , 2479.92 
 0.00 ,  0.00 ,  0.00 
 0.00 ,  0.00 ,  0.00 
 0.00 ,  0.00 ,  0.00 
 0.00 ,  0.00 ,  0.00 
 0.00 ,  0.00 ,  0.00 
 0.00 ,  0.00 ,  0.00 
 0.00 ,  0.00 ,  0.00 
 0.00 ,  0.00 ,  0.00 
2773.57 ,  0.00 , 2579.42 
 0.00 ,  0.00 ,  0.00 
 0.00 ,  0.00 ,  0.00 
 0.00 ,  0.00 ,  0.00 
 0.00 ,  0.00 ,  0.00 
 0.00 ,  0.00 ,  0.00 
 0.00 ,  0.00 ,  0.00 
 0.00 ,  0.00 ,  0.00 
 0.00 ,  0.00 ,  0.00 
 0.00 ,  0.00 ,  0.00 
 0.00 ,  0.00 ,  0.00 
 0.00 , 2316.08 , 1580.71 
2554.78 ,  0.00 , 2375.95 
 0.00 ,  0.00 ,  0.00 
 0.00 ,  0.00 ,  0.00 
 0.00 ,  0.00 ,  0.00 
 0.00 ,  0.00 ,  0.00 
 0.00 ,  0.00 ,  0.00 
 0.00 ,  0.00 ,  0.00 
 0.00 ,  0.00 ,  0.00 
2566.40 ,  0.00 , 2386.76 
 0.00 ,  0.00 ,  0.00 
 0.00 ,  0.00 ,  0.00 
 0.00 ,  0.00 ,  0.00 
 0.00 ,  0.00 ,  0.00 
 0.00 ,  0.00 ,  0.00 
 0.00 ,  0.00 ,  0.00 
 0.00 ,  0.00 ,  0.00 
2509.80 ,  0.00 , 2334.11 
 0.00 ,  0.00 ,  0.00 
 0.00 ,  0.00 ,  0.00 
 0.00 ,  0.00 ,  0.00 
 0.00 ,  0.00 ,  0.00 
 0.00 ,  0.00 ,  0.00 
 0.00 ,  0.00 ,  0.00 
 0.00 , 2752.99 , 1887.83 
 0.00 ,  0.00 ,  0.00 
 0.00 ,  0.00 ,  0.00 
 0.00 ,  0.00 ,  0.00 
2666.58 ,  0.00 , 2479.92 
 0.00 ,  0.00 ,  0.00 
 0.00 ,  0.00 ,  0.00 
 0.00 ,  0.00 ,  0.00 
 0.00 ,  0.00 ,  0.00 
 0.00 ,  0.00 ,  0.00 
 0.00 ,  0.00 ,  0.00 
 0.00 ,  0.00 ,  0.00 
 0.00 ,  0.00 ,  0.00 
2773.57 ,  0.00 , 2579.42 
 0.00 , 60.83 , 40.52 
 0.00 , 489.19 , 327.39 
 0.00 ,  0.00 ,  0.00 
 0.00 ,  0.00 ,  0.00 
 0.00 ,  0.00 ,  0.00 
 0.00 ,  0.00 ,  0.00 
 0.00 ,  0.00 ,  0.00 
 0.00 ,  0.00 ,  0.00 
 0.00 ,  0.00 ,  0.00 
 0.00 ,  0.00 ,  0.00 
 0.00 , 5458.82 , 3856.92 
2554.78 , 412.05 , 2651.62 
 0.00 ,  0.00 ,  0.00 
 0.00 ,  0.00 ,  0.00 
 0.00 ,  0.00 ,  0.00 
 0.00 ,  0.00 ,  0.00 
 0.00 ,  0.00 ,  0.00 
 0.00 ,  0.00 ,  0.00 
 0.00 ,  0.00 ,  0.00 
2566.40 ,  0.00 , 2386.76 
 0.00 ,  0.00 ,  0.00 
 0.00 ,  0.00 ,  0.00 
 0.00 ,  0.00 ,  0.00 
 0.00 ,  0.00 ,  0.00 
 0.00 ,  0.00 ,  0.00 
 0.00 ,  0.00 ,  0.00 
 0.00 ,  0.00 ,  0.00 
2509.80 ,  0.00 , 2334.11 
 0.00 ,  0.00 ,  0.00 
 0.00 ,  0.00 ,  0.00 
 0.00 ,  0.00 ,  0.00 
 0.00 ,  0.00 ,  0.00 
 0.00 ,  0.00 ,  0.00 
 0.00 ,  0.00 ,  0.00 
 0.00 , 4819.79 , 3381.18 
 0.00 , 25.48 , 16.97 
 0.00 ,  0.00 ,  0.00 
 0.00 ,  0.00 ,  0.00 
2666.58 ,  0.00 , 2479.92 
 0.00 ,  0.00 ,  0.00 
 0.00 ,  0.00 ,  0.00 
 0.00 ,  0.00 ,  0.00 
 0.00 ,  0.00 ,  0.00 
 0.00 ,  0.00 ,  0.00 
 0.00 ,  0.00 ,  0.00 
 0.00 ,  0.00 ,  0.00 
 0.00 ,  0.00 ,  0.00 
2773.57 ,  0.00 , 2579.42 
 0.00 ,  0.00 ,  0.00 
 0.00 ,  0.00 ,  0.00 
 0.00 ,  0.00 ,  0.00 
 0.00 ,  0.00 ,  0.00 
 0.00 ,  0.00 ,  0.00 
 0.00 ,  0.00 ,  0.00 
 0.00 ,  0.00 ,  0.00 
 0.00 ,  0.00 ,  0.00 
 0.00 ,  0.00 ,  0.00 
 0.00 ,  0.00 ,  0.00 
 0.00 , 3390.97 , 2341.58 
2554.78 , 833.30 , 2936.20 
 0.00 , 389.14 , 260.15 
 0.00 ,  0.00 ,  0.00 
 0.00 ,  0.00 ,  0.00 
 0.00 ,  0.00 ,  0.00 
 0.00 ,  0.00 ,  0.00 
 0.00 ,  0.00 ,  0.00 
 0.00 ,  0.00 ,  0.00 
2566.40 ,  0.00 , 2386.76 
 0.00 ,  0.00 ,  0.00 
 0.00 ,  0.00 ,  0.00 
 0.00 ,  0.00 ,  0.00 
 0.00 ,  0.00 ,  0.00 
 0.00 ,  0.00 ,  0.00 
 0.00 ,  0.00 ,  0.00 
 0.00 ,  0.00 ,  0.00 
2509.80 ,  0.00 , 2334.11 
 0.00 ,  0.00 ,  0.00 
 0.00 ,  0.00 ,  0.00 
 0.00 ,  0.00 ,  0.00 
 0.00 ,  0.00 ,  0.00 
 0.00 ,  0.00 ,  0.00 
 0.00 ,  0.00 ,  0.00 
 0.00 , 4749.59 , 3329.33 
 0.00 , 1163.03 , 783.97 
 0.00 ,  0.00 ,  0.00 
 0.00 ,  0.00 ,  0.00 
2666.58 ,  0.00 , 2479.92 
 0.00 ,  0.00 ,  0.00 
 0.00 ,  0.00 ,  0.00 
 0.00 ,  0.00 ,  0.00 
 0.00 ,  0.00 ,  0.00 
 0.00 ,  0.00 ,  0.00 
 0.00 ,  0.00 ,  0.00 
 0.00 ,  0.00 ,  0.00 
 0.00 ,  0.00 ,  0.00 
2773.57 ,  0.00 , 2579.42 
 0.00 ,  0.00 ,  0.00 
 0.00 ,  0.00 ,  0.00 
 0.00 ,  0.00 ,  0.00 
 0.00 ,  0.00 ,  0.00 
 0.00 ,  0.00 ,  0.00 
 0.00 ,  0.00 ,  0.00 
 0.00 ,  0.00 ,  0.00 
 0.00 ,  0.00 ,  0.00 
 0.00 ,  0.00 ,  0.00 
 0.00 ,  0.00 ,  0.00 
 0.00 , 3293.84 , 2272.09 
2554.78 , 1125.42 , 3135.22 
 0.00 , 963.48 , 648.07 
 0.00 , 754.28 , 506.22 
 0.00 , 578.57 , 387.57 
 0.00 , 796.91 , 535.08 
 0.00 , 857.42 , 576.08 
 0.00 , 710.98 , 476.95 
 0.00 , 714.14 , 479.08 
2566.40 , 844.82 , 2954.84 
 0.00 , 872.33 , 586.19 
 0.00 , 876.08 , 588.73 
 0.00 , 691.33 , 463.67 
 0.00 , 732.74 , 491.65 
 0.00 , 733.11 , 491.91 
 0.00 , 784.43 , 526.63 
 0.00 ,  0.00 ,  0.00 
2509.80 ,  0.00 , 2334.11 
 0.00 ,  0.00 ,  0.00 
 0.00 ,  0.00 ,  0.00 
 0.00 ,  0.00 ,  0.00 
 0.00 ,  0.00 ,  0.00 
 0.00 ,  0.00 ,  0.00 
 0.00 , 403.42 , 269.74 
 0.00 , 6282.13 , 4480.00 
 0.00 , 430.20 , 287.73 
 0.00 ,  0.00 ,  0.00 
 0.00 ,  0.00 ,  0.00 
2666.58 ,  0.00 , 2479.92 
 0.00 ,  0.00 ,  0.00 
 0.00 ,  0.00 ,  0.00 
 0.00 ,  0.00 ,  0.00 
 0.00 ,  0.00 ,  0.00 
 0.00 ,  0.00 ,  0.00 
 0.00 ,  0.00 ,  0.00 
 0.00 ,  0.00 ,  0.00 
 0.00 ,  0.00 ,  0.00 
2773.57 ,  0.00 , 2579.42 
 0.00 ,  0.00 ,  0.00 
 0.00 ,  0.00 ,  0.00 
 0.00 ,  0.00 ,  0.00 
 0.00 ,  0.00 ,  0.00 
 0.00 ,  0.00 ,  0.00 
 0.00 ,  0.00 ,  0.00 
 0.00 ,  0.00 ,  0.00 
 0.00 ,  0.00 ,  0.00 
 0.00 ,  0.00 ,  0.00 
 0.00 ,  0.00 ,  0.00 
 0.00 , 5079.32 , 3573.58 
2554.78 , 1099.44 , 3117.47 
 0.00 , 88.20 , 58.78 
 0.00 ,  0.00 ,  0.00 
 0.00 ,  0.00 ,  0.00 
 0.00 ,  0.00 ,  0.00 
 0.00 ,  0.00 ,  0.00 
 0.00 ,  0.00 ,  0.00 
 0.00 ,  0.00 ,  0.00 
2566.40 ,  0.00 , 2386.76 
 0.00 ,  0.00 ,  0.00 
 0.00 ,  0.00 ,  0.00 
 0.00 ,  0.00 ,  0.00 
 0.00 ,  0.00 ,  0.00 
 0.00 ,  0.00 ,  0.00 
 0.00 ,  0.00 ,  0.00 
 0.00 ,  0.00 ,  0.00 
2509.80 ,  0.00 , 2334.11 
 0.00 ,  0.00 ,  0.00 
 0.00 ,  0.00 ,  0.00 
 0.00 ,  0.00 ,  0.00 
 0.00 ,  0.00 ,  0.00 
 0.00 ,  0.00 ,  0.00 
 0.00 ,  0.00 ,  0.00 
 0.00 , 2724.83 , 1867.95 
 0.00 , 639.12 , 428.41 
 0.00 ,  0.00 ,  0.00 
 0.00 ,  0.00 ,  0.00 
2666.58 ,  0.00 , 2479.92 
 0.00 ,  0.00 ,  0.00 
 0.00 ,  0.00 ,  0.00 
 0.00 ,  0.00 ,  0.00 
 0.00 ,  0.00 ,  0.00 
 0.00 ,  0.00 ,  0.00 
 0.00 ,  0.00 ,  0.00 
 0.00 ,  0.00 ,  0.00 
 0.00 , 24.37 , 16.23 
2773.57 , 272.19 , 2761.23 
 0.00 , 355.08 , 237.30 
 0.00 , 435.59 , 291.35 
 0.00 ,  0.00 ,  0.00 
 0.00 ,  0.00 ,  0.00 
 0.00 ,  0.00 ,  0.00 
 0.00 ,  0.00 ,  0.00 
 0.00 ,  0.00 ,  0.00 
 0.00 ,  0.00 ,  0.00 
 0.00 ,  0.00 ,  0.00 
 0.00 ,  0.00 ,  0.00 
 0.00 , 4697.62 , 3291.00 
2554.78 , 1602.24 , 3463.04 
 0.00 , 1186.43 , 799.94 
 0.00 , 1032.99 , 695.35 
 0.00 , 883.67 , 593.88 
 0.00 , 670.23 , 449.41 
 0.00 , 619.45 , 415.14 
 0.00 , 192.50 , 128.43 
 0.00 , 49.94 , 33.26 
2566.40 , 120.85 , 2467.33 
 0.00 , 453.21 , 303.19 
 0.00 , 663.26 , 444.71 
 0.00 , 595.49 , 398.98 
 0.00 , 672.02 , 450.62 
 0.00 , 735.48 , 493.51 
 0.00 , 797.99 , 535.81 
 0.00 ,  0.00 ,  0.00 
2509.80 ,  0.00 , 2334.11 
 0.00 ,  0.00 ,  0.00 
 0.00 ,  0.00 ,  0.00 
 0.00 ,  0.00 ,  0.00 
 0.00 ,  0.00 ,  0.00 
 0.00 ,  0.00 ,  0.00 
 0.00 ,  0.00 ,  0.00 
 0.00 , 5647.62 , 3998.79 
 0.00 , 1855.67 , 1260.19 
 0.00 , 1482.73 , 1002.90 
 0.00 , 1065.14 , 717.23 
2666.58 , 718.75 , 2962.52 
 0.00 , 536.86 , 359.47 
 0.00 , 183.20 , 122.21 
 0.00 ,  0.00 ,  0.00 
 0.00 ,  0.00 ,  0.00 
 0.00 ,  0.00 ,  0.00 
 0.00 ,  0.00 ,  0.00 
 0.00 ,  0.00 ,  0.00 
 0.00 ,  0.00 ,  0.00 
2773.57 , 221.75 , 2727.45 
 0.00 , 460.34 , 307.99 
 0.00 , 539.39 , 361.18 
 0.00 ,  0.00 ,  0.00 
 0.00 ,  0.00 ,  0.00 
 0.00 ,  0.00 ,  0.00 
 0.00 ,  0.00 ,  0.00 
 0.00 ,  0.00 ,  0.00 
 0.00 ,  0.00 ,  0.00 
 0.00 ,  0.00 ,  0.00 
 0.00 ,  0.00 ,  0.00 
 0.00 , 4541.11 , 3175.83 
2554.78 , 913.59 , 2990.76 
 0.00 ,  0.00 ,  0.00 
 0.00 ,  0.00 ,  0.00 
 0.00 ,  0.00 ,  0.00 
 0.00 ,  0.00 ,  0.00 
 0.00 ,  0.00 ,  0.00 
 0.00 ,  0.00 ,  0.00 
 0.00 ,  0.00 ,  0.00 
2566.40 ,  0.00 , 2386.76 
 0.00 ,  0.00 ,  0.00 
 0.00 , 359.23 , 240.08 
 0.00 , 373.99 , 249.98 
 0.00 , 444.61 , 297.42 
 0.00 , 564.04 , 377.78 
 0.00 , 634.45 , 425.26 
 0.00 ,  0.00 ,  0.00 
2506.55 ,  0.00 , 2331.09 
 0.00 ,  0.00 ,  0.00 
 0.00 ,  0.00 ,  0.00 
 0.00 ,  0.00 ,  0.00 
 0.00 ,  0.00 ,  0.00 
 0.00 ,  0.00 ,  0.00 
 0.00 , 61.83 , 41.19 
 0.00 , 6282.13 , 4480.00 
 0.00 , 2360.39 , 1611.72 
 0.00 , 240.99 , 160.86 
 0.00 ,  0.00 ,  0.00 
2538.06 ,  0.00 , 2360.40 
 0.00 ,  0.00 ,  0.00 
 0.00 ,  0.00 ,  0.00 
 0.00 ,  0.00 ,  0.00 
 0.00 ,  0.00 ,  0.00 
 0.00 ,  0.00 ,  0.00 
 0.00 ,  0.00 ,  0.00 
 0.00 ,  0.00 ,  0.00 
 0.00 ,  0.00 ,  0.00 
2636.09 ,  0.00 , 2451.56 
 0.00 ,  0.00 ,  0.00 
 0.00 ,  0.00 ,  0.00 
 0.00 ,  0.00 ,  0.00 
 0.00 ,  0.00 ,  0.00 
 0.00 ,  0.00 ,  0.00 
 0.00 ,  0.00 ,  0.00 
 0.00 ,  0.00 ,  0.00 
 0.00 ,  0.00 ,  0.00 
 0.00 ,  0.00 ,  0.00 
 0.00 ,  0.00 ,  0.00 
 0.00 , 5181.14 , 3649.36 
 0.00 , 1906.39 , 1295.35 
2845.75 , 1675.75 , 3784.79 
 0.00 , 1395.83 , 943.24 
 0.00 , 1303.75 , 880.15 
 0.00 , 1068.36 , 719.42 
 0.00 , 875.13 , 588.09 
 0.00 , 277.40 , 185.23 
 0.00 , 331.28 , 221.33 
 0.00 , 546.07 , 365.67 
 0.00 , 514.68 , 344.54 
2574.51 , 548.46 , 2761.81 
 0.00 , 444.47 , 297.32 
 0.00 , 744.90 , 499.88 
 0.00 , 852.11 , 572.48 
 0.00 , 920.16 , 618.64 
 0.00 ,  0.00 ,  0.00 
 0.00 ,  0.00 ,  0.00 
 0.00 ,  0.00 ,  0.00 
 0.00 ,  0.00 ,  0.00 
 0.00 ,  0.00 ,  0.00 
 0.00 ,  0.00 ,  0.00 
 0.00 ,  0.00 ,  0.00 
 0.00 , 500.81 , 335.21 
2770.54 , 6234.57 , 7056.60 
 0.00 , 2604.43 , 1783.08 
 0.00 , 1130.15 , 761.54 
 0.00 , 1110.95 , 748.44 
 0.00 , 465.47 , 311.44 
 0.00 , 875.62 , 588.42 
 0.00 , 511.33 , 342.29 
 0.00 , 571.05 , 382.50 
2603.89 , 1131.27 , 3184.91 
 0.00 , 1288.52 , 869.73 
 0.00 , 1357.33 , 916.85 
 0.00 , 1560.92 , 1056.67 
 0.00 , 1538.50 , 1041.24 
 0.00 , 1658.86 , 1124.15 
 0.00 , 1635.71 , 1108.19 
 0.00 , 1651.20 , 1118.87 
2555.89 ,  0.00 , 2376.98 
 0.00 ,  0.00 ,  0.00 
 0.00 ,  0.00 ,  0.00 
 0.00 ,  0.00 ,  0.00 
 0.00 ,  0.00 ,  0.00 
 0.00 ,  0.00 ,  0.00 
 0.00 ,  0.00 ,  0.00 
 0.00 , 128.31 , 85.55 
 0.00 , 6186.30 , 4406.88 
 0.00 , 2049.52 , 1394.75 
 0.00 , 1835.95 , 1246.54 
 0.00 , 1617.05 , 1095.33 
2619.76 , 1310.61 , 3322.57 
 0.00 , 1299.60 , 877.31 
 0.00 , 1302.64 , 879.39 
 0.00 , 1098.44 , 739.91 
 0.00 , 1015.30 , 683.30 
 0.00 , 1266.29 , 854.51 
 0.00 , 1286.75 , 868.51 
 0.00 , 1153.46 , 777.44 
 0.00 , 1035.34 , 696.94 
2636.09 , 1070.46 , 3173.32 
 0.00 , 1052.08 , 708.34 
 0.00 , 1041.01 , 700.80 
 0.00 ,  0.00 ,  0.00 
 0.00 ,  0.00 ,  0.00 
 0.00 ,  0.00 ,  0.00 
 0.00 ,  0.00 ,  0.00 
 0.00 ,  0.00 ,  0.00 
 0.00 ,  0.00 ,  0.00 
 0.00 ,  0.00 ,  0.00 
 0.00 ,  0.00 ,  0.00 
 0.00 , 4980.64 , 3500.29 
 0.00 , 1600.12 , 1083.67 
2845.75 , 1289.32 , 3518.24 
 0.00 , 1199.71 , 809.01 
 0.00 , 1095.61 , 737.99 
 0.00 , 611.52 , 409.79 
 0.00 , 212.51 , 141.81 
 0.00 , 31.11 , 20.72 
 0.00 ,  0.00 ,  0.00 
 0.00 ,  0.00 ,  0.00 
 0.00 , 11.73 ,  7.81 
2574.51 , 318.67 , 2607.26 
 0.00 , 300.65 , 200.81 
 0.00 , 432.77 , 289.46 
 0.00 , 495.60 , 331.70 
 0.00 , 552.78 , 370.20 
 0.00 ,  0.00 ,  0.00 
 0.00 ,  0.00 ,  0.00 
 0.00 ,  0.00 ,  0.00 
 0.00 ,  0.00 ,  0.00 
 0.00 ,  0.00 ,  0.00 
 0.00 ,  0.00 ,  0.00 
 0.00 ,  0.00 ,  0.00 
 0.00 ,  0.00 ,  0.00 
2770.54 , 5044.06 , 6147.07 
 0.00 , 1839.35 , 1248.89 
 0.00 , 568.65 , 380.89 
 0.00 ,  0.00 ,  0.00 
 0.00 ,  0.00 ,  0.00 
 0.00 ,  0.00 ,  0.00 
 0.00 ,  0.00 ,  0.00 
 0.00 ,  0.00 ,  0.00 
2603.89 ,  0.00 , 2421.62 
 0.00 ,  0.00 ,  0.00 
 0.00 ,  0.00 ,  0.00 
 0.00 ,  0.00 ,  0.00 
 0.00 ,  0.00 ,  0.00 
 0.00 ,  0.00 ,  0.00 
 0.00 ,  0.00 ,  0.00 
 0.00 ,  0.00 ,  0.00 
2555.89 ,  0.00 , 2376.98 
 0.00 ,  0.00 ,  0.00 
 0.00 ,  0.00 ,  0.00 
 0.00 ,  0.00 ,  0.00 
 0.00 ,  0.00 ,  0.00 
 0.00 ,  0.00 ,  0.00 
 0.00 ,  0.00 ,  0.00 
 0.00 ,  0.00 ,  0.00 
 0.00 , 5084.56 , 3577.48 
 0.00 , 1572.13 , 1064.39 
 0.00 ,  0.00 ,  0.00 
 0.00 ,  0.00 ,  0.00 
2619.76 ,  0.00 , 2436.38 
 0.00 ,  0.00 ,  0.00 
 0.00 ,  0.00 ,  0.00 
 0.00 ,  0.00 ,  0.00 
 0.00 ,  0.00 ,  0.00 
 0.00 ,  0.00 ,  0.00 
 0.00 ,  0.00 ,  0.00 
 0.00 ,  0.00 ,  0.00 
 0.00 ,  0.00 ,  0.00 
2636.09 ,  0.00 , 2451.56 
 0.00 ,  0.00 ,  0.00 
 0.00 ,  0.00 ,  0.00 
 0.00 ,  0.00 ,  0.00 
 0.00 ,  0.00 ,  0.00 
 0.00 ,  0.00 ,  0.00 
 0.00 ,  0.00 ,  0.00 
 0.00 ,  0.00 ,  0.00 
 0.00 ,  0.00 ,  0.00 
 0.00 ,  0.00 ,  0.00 
 0.00 ,  0.00 ,  0.00 
 0.00 , 1581.87 , 1071.09 
 0.00 , 719.73 , 482.86 
2845.75 ,  0.00 , 2646.55 
 0.00 ,  0.00 ,  0.00 
 0.00 ,  0.00 ,  0.00 
 0.00 ,  0.00 ,  0.00 
 0.00 ,  0.00 ,  0.00 
 0.00 ,  0.00 ,  0.00 
 0.00 ,  0.00 ,  0.00 
 0.00 ,  0.00 ,  0.00 
 0.00 ,  0.00 ,  0.00 
2574.51 ,  0.00 , 2394.30 
 0.00 ,  0.00 ,  0.00 
 0.00 ,  0.00 ,  0.00 
 0.00 ,  0.00 ,  0.00 
 0.00 ,  0.00 ,  0.00 
 0.00 ,  0.00 ,  0.00 
 0.00 ,  0.00 ,  0.00 
 0.00 ,  0.00 ,  0.00 
 0.00 ,  0.00 ,  0.00 
 0.00 ,  0.00 ,  0.00 
 0.00 ,  0.00 ,  0.00 
 0.00 ,  0.00 ,  0.00 
 0.00 ,  0.00 ,  0.00 
2770.54 , 794.93 , 3110.86 
 0.00 , 366.26 , 244.80 
 0.00 ,  0.00 ,  0.00 
 0.00 ,  0.00 ,  0.00 
 0.00 ,  0.00 ,  0.00 
 0.00 ,  0.00 ,  0.00 
 0.00 ,  0.00 ,  0.00 
 0.00 ,  0.00 ,  0.00 
2603.89 ,  0.00 , 2421.62 
 0.00 ,  0.00 ,  0.00 
 0.00 ,  0.00 ,  0.00 
 0.00 ,  0.00 ,  0.00 
 0.00 ,  0.00 ,  0.00 
 0.00 ,  0.00 ,  0.00 
 0.00 ,  0.00 ,  0.00 
 0.00 ,  0.00 ,  0.00 
2555.89 ,  0.00 , 2376.98 
 0.00 ,  0.00 ,  0.00 
 0.00 ,  0.00 ,  0.00 
 0.00 ,  0.00 ,  0.00 
 0.00 ,  0.00 ,  0.00 
 0.00 ,  0.00 ,  0.00 
 0.00 ,  0.00 ,  0.00 
 0.00 ,  0.00 ,  0.00 
 0.00 , 1555.58 , 1053.00 
 0.00 ,  0.00 ,  0.00 
 0.00 ,  0.00 ,  0.00 
 0.00 ,  0.00 ,  0.00 
2619.76 ,  0.00 , 2436.38 
 0.00 ,  0.00 ,  0.00 
 0.00 ,  0.00 ,  0.00 
 0.00 ,  0.00 ,  0.00 
 0.00 ,  0.00 ,  0.00 
 0.00 ,  0.00 ,  0.00 
 0.00 ,  0.00 ,  0.00 
 0.00 ,  0.00 ,  0.00 
 0.00 ,  0.00 ,  0.00 
2636.09 ,  0.00 , 2451.56 
 0.00 ,  0.00 ,  0.00 
 0.00 ,  0.00 ,  0.00 
 0.00 ,  0.00 ,  0.00 
 0.00 ,  0.00 ,  0.00 
 0.00 ,  0.00 ,  0.00 
 0.00 ,  0.00 ,  0.00 
 0.00 ,  0.00 ,  0.00 
 0.00 ,  0.00 ,  0.00 
 0.00 ,  0.00 ,  0.00 
 0.00 ,  0.00 ,  0.00 
 0.00 ,  0.00 ,  0.00 
 0.00 ,  0.00 ,  0.00 
2845.75 ,  0.00 , 2646.55 
 0.00 ,  0.00 ,  0.00 
 0.00 ,  0.00 ,  0.00 
 0.00 ,  0.00 ,  0.00 
 0.00 ,  0.00 ,  0.00 
 0.00 ,  0.00 ,  0.00 
 0.00 ,  0.00 ,  0.00 
 0.00 ,  0.00 ,  0.00 
 0.00 ,  0.00 ,  0.00 
2574.51 ,  0.00 , 2394.30 
 0.00 ,  0.00 ,  0.00 
 0.00 ,  0.00 ,  0.00 
 0.00 ,  0.00 ,  0.00 
 0.00 ,  0.00 ,  0.00 
 0.00 ,  0.00 ,  0.00 
 0.00 ,  0.00 ,  0.00 
 0.00 ,  0.00 ,  0.00 
 0.00 ,  0.00 ,  0.00 
 0.00 ,  0.00 ,  0.00 
 0.00 ,  0.00 ,  0.00 
 0.00 ,  0.00 ,  0.00 
 0.00 ,  0.00 ,  0.00 
2770.54 , 490.31 , 2904.94 
 0.00 ,  0.00 ,  0.00 
 0.00 ,  0.00 ,  0.00 
 0.00 ,  0.00 ,  0.00 
 0.00 ,  0.00 ,  0.00 
 0.00 ,  0.00 ,  0.00 
 0.00 ,  0.00 ,  0.00 
 0.00 ,  0.00 ,  0.00 
2603.89 ,  0.00 , 2421.62 
 0.00 ,  0.00 ,  0.00 
 0.00 ,  0.00 ,  0.00 
 0.00 ,  0.00 ,  0.00 
 0.00 ,  0.00 ,  0.00 
 0.00 ,  0.00 ,  0.00 
 0.00 ,  0.00 ,  0.00 
 0.00 ,  0.00 ,  0.00 
2555.89 ,  0.00 , 2376.98 
 0.00 ,  0.00 ,  0.00 
 0.00 ,  0.00 ,  0.00 
 0.00 ,  0.00 ,  0.00 
 0.00 ,  0.00 ,  0.00 
 0.00 ,  0.00 ,  0.00 
 0.00 ,  0.00 ,  0.00 
 0.00 ,  0.00 ,  0.00 
 0.00 , 1534.75 , 1038.67 
 0.00 , 646.85 , 433.63 
 0.00 , 223.75 , 149.32 
 0.00 ,  0.00 ,  0.00 
2619.76 ,  0.00 , 2436.38 
 0.00 ,  0.00 ,  0.00 
 0.00 ,  0.00 ,  0.00 
 0.00 ,  0.00 ,  0.00 
 0.00 ,  0.00 ,  0.00 
 0.00 ,  0.00 ,  0.00 
 0.00 ,  0.00 ,  0.00 
 0.00 ,  0.00 ,  0.00 
 0.00 ,  0.00 ,  0.00 
2636.09 ,  0.00 , 2451.56 
 0.00 ,  0.00 ,  0.00 
 0.00 ,  0.00 ,  0.00 
 0.00 ,  0.00 ,  0.00 
 0.00 ,  0.00 ,  0.00 
 0.00 ,  0.00 ,  0.00 
 0.00 ,  0.00 ,  0.00 
 0.00 ,  0.00 ,  0.00 
 0.00 ,  0.00 ,  0.00 
 0.00 ,  0.00 ,  0.00 
 0.00 ,  0.00 ,  0.00 
 0.00 , 3950.00 , 2744.42 
 0.00 ,  0.00 ,  0.00 
2845.75 ,  0.00 , 2646.55 
 0.00 ,  0.00 ,  0.00 
 0.00 ,  0.00 ,  0.00 
 0.00 ,  0.00 ,  0.00 
 0.00 ,  0.00 ,  0.00 
 0.00 ,  0.00 ,  0.00 
 0.00 ,  0.00 ,  0.00 
 0.00 ,  0.00 ,  0.00 
 0.00 ,  0.00 ,  0.00 
2574.51 ,  0.00 , 2394.30 
 0.00 ,  0.00 ,  0.00 
 0.00 ,  0.00 ,  0.00 
 0.00 ,  0.00 ,  0.00 
 0.00 ,  0.00 ,  0.00 
 0.00 ,  0.00 ,  0.00 
 0.00 ,  0.00 ,  0.00 
 0.00 ,  0.00 ,  0.00 
 0.00 ,  0.00 ,  0.00 
 0.00 ,  0.00 ,  0.00 
 0.00 ,  0.00 ,  0.00 
 0.00 ,  0.00 ,  0.00 
 0.00 ,  0.00 ,  0.00 
2770.54 , 962.95 , 3225.08 
 0.00 ,  0.00 ,  0.00 
 0.00 ,  0.00 ,  0.00 
 0.00 ,  0.00 ,  0.00 
 0.00 ,  0.00 ,  0.00 
 0.00 ,  0.00 ,  0.00 
 0.00 ,  0.00 ,  0.00 
 0.00 ,  0.00 ,  0.00 
2603.89 ,  0.00 , 2421.62 
 0.00 ,  0.00 ,  0.00 
 0.00 ,  0.00 ,  0.00 
 0.00 ,  0.00 ,  0.00 
 0.00 ,  0.00 ,  0.00 
 0.00 ,  0.00 ,  0.00 
 0.00 ,  0.00 ,  0.00 
 0.00 ,  0.00 ,  0.00 
2555.89 ,  0.00 , 2376.98 
 0.00 ,  0.00 ,  0.00 
 0.00 ,  0.00 ,  0.00 
 0.00 ,  0.00 ,  0.00 
 0.00 ,  0.00 ,  0.00 
 0.00 ,  0.00 ,  0.00 
 0.00 ,  0.00 ,  0.00 
 0.00 ,  0.00 ,  0.00 
 0.00 , 4322.79 , 3015.83 
 0.00 , 1335.94 , 902.19 
 0.00 , 1324.08 , 894.06 
 0.00 , 338.84 , 226.41 
2619.76 ,  0.00 , 2436.38 
 0.00 ,  0.00 ,  0.00 
 0.00 ,  0.00 ,  0.00 
 0.00 ,  0.00 ,  0.00 
 0.00 ,  0.00 ,  0.00 
 0.00 ,  0.00 ,  0.00 
 0.00 ,  0.00 ,  0.00 
 0.00 ,  0.00 ,  0.00 
 0.00 ,  0.00 ,  0.00 
2636.09 ,  0.00 , 2451.56 
 0.00 ,  0.00 ,  0.00 
 0.00 ,  0.00 ,  0.00 
 0.00 ,  0.00 ,  0.00 
 0.00 ,  0.00 ,  0.00 
 0.00 ,  0.00 ,  0.00 
 0.00 ,  0.00 ,  0.00 
 0.00 ,  0.00 ,  0.00 
 0.00 ,  0.00 ,  0.00 
 0.00 ,  0.00 ,  0.00 
 0.00 ,  0.00 ,  0.00 
 0.00 , 4208.05 , 2932.06 
 0.00 , 579.18 , 387.98 
2845.75 , 393.92 , 2910.04 
 0.00 ,  0.00 ,  0.00 
 0.00 ,  0.00 ,  0.00 
 0.00 ,  0.00 ,  0.00 
 0.00 ,  0.00 ,  0.00 
 0.00 ,  0.00 ,  0.00 
 0.00 ,  0.00 ,  0.00 
 0.00 ,  0.00 ,  0.00 
 0.00 ,  0.00 ,  0.00 
2574.51 ,  0.00 , 2394.30 
 0.00 ,  0.00 ,  0.00 
 0.00 ,  0.00 ,  0.00 
 0.00 ,  0.00 ,  0.00 
 0.00 ,  0.00 ,  0.00 
 0.00 ,  0.00 ,  0.00 
 0.00 ,  0.00 ,  0.00 
 0.00 ,  0.00 ,  0.00 
 0.00 ,  0.00 ,  0.00 
 0.00 ,  0.00 ,  0.00 
 0.00 ,  0.00 ,  0.00 
 0.00 ,  0.00 ,  0.00 
 0.00 ,  0.00 ,  0.00 
2770.54 , 5665.46 , 6618.40 
 0.00 , 1626.60 , 1101.91 
 0.00 , 740.97 , 497.22 
 0.00 ,  0.00 ,  0.00 
 0.00 ,  0.00 ,  0.00 
 0.00 ,  0.00 ,  0.00 
 0.00 ,  0.00 ,  0.00 
 0.00 ,  0.00 ,  0.00 
2603.89 ,  0.00 , 2421.62 
 0.00 ,  0.00 ,  0.00 
 0.00 ,  0.00 ,  0.00 
 0.00 ,  0.00 ,  0.00 
 0.00 ,  0.00 ,  0.00 
 0.00 ,  0.00 ,  0.00 
 0.00 ,  0.00 ,  0.00 
 0.00 ,  0.00 ,  0.00 
2555.89 ,  0.00 , 2376.98 
 0.00 ,  0.00 ,  0.00 
 0.00 ,  0.00 ,  0.00 
 0.00 ,  0.00 ,  0.00 
 0.00 ,  0.00 ,  0.00 
 0.00 ,  0.00 ,  0.00 
 0.00 ,  0.00 ,  0.00 
 0.00 ,  0.00 ,  0.00 
 0.00 , 5629.85 , 3985.41 
 0.00 , 501.90 , 335.94 
 0.00 ,  0.00 ,  0.00 
 0.00 ,  0.00 ,  0.00 
2619.76 ,  0.00 , 2436.38 
 0.00 ,  0.00 ,  0.00 
 0.00 ,  0.00 ,  0.00 
 0.00 ,  0.00 ,  0.00 
 0.00 ,  0.00 ,  0.00 
 0.00 ,  0.00 ,  0.00 
 0.00 ,  0.00 ,  0.00 
 0.00 ,  0.00 ,  0.00 
 0.00 ,  0.00 ,  0.00 
2636.09 ,  0.00 , 2451.56 
 0.00 ,  0.00 ,  0.00 
 0.00 ,  0.00 ,  0.00 
 0.00 ,  0.00 ,  0.00 
 0.00 ,  0.00 ,  0.00 
 0.00 ,  0.00 ,  0.00 
 0.00 ,  0.00 ,  0.00 
 0.00 ,  0.00 ,  0.00 
 0.00 ,  0.00 ,  0.00 
 0.00 ,  0.00 ,  0.00 
 0.00 ,  0.00 ,  0.00 
 0.00 , 4786.93 , 3356.90 
 0.00 , 1656.84 , 1122.77 
2845.75 , 570.09 , 3028.68 
 0.00 , 960.76 , 646.22 
 0.00 , 1006.47 , 677.30 
 0.00 , 546.44 , 365.92 
 0.00 , 247.30 , 165.08 
 0.00 , 341.92 , 228.47 
 0.00 , 715.56 , 480.04 
 0.00 , 615.76 , 412.65 
 0.00 , 416.64 , 278.62 
2574.51 , 385.23 , 2651.94 
 0.00 , 286.59 , 191.39 
 0.00 , 588.45 , 394.23 
 0.00 , 750.39 , 503.60 
 0.00 , 864.52 , 580.89 
 0.00 ,  0.00 ,  0.00 
 0.00 ,  0.00 ,  0.00 
 0.00 ,  0.00 ,  0.00 
 0.00 ,  0.00 ,  0.00 
 0.00 ,  0.00 ,  0.00 
 0.00 ,  0.00 ,  0.00 
 0.00 ,  0.00 ,  0.00 
 0.00 , 219.85 , 146.72 
2770.54 , 6234.57 , 7056.60 
 0.00 , 2205.93 , 1503.74 
 0.00 , 1640.56 , 1111.53 
 0.00 , 1086.40 , 731.71 
 0.00 , 301.83 , 201.60 
 0.00 , 530.40 , 355.12 
 0.00 , 456.98 , 305.73 
 0.00 , 40.98 , 27.30 
2603.89 ,  0.00 , 2421.62 
 0.00 ,  0.00 ,  0.00 
 0.00 ,  0.00 ,  0.00 
 0.00 ,  0.00 ,  0.00 
 0.00 ,  4.22 ,  2.81 
 0.00 , 611.50 , 409.78 
 0.00 , 820.09 , 550.78 
 0.00 , 899.30 , 604.49 
2555.89 ,  0.00 , 2376.98 
 0.00 ,  0.00 ,  0.00 
 0.00 ,  0.00 ,  0.00 
 0.00 ,  0.00 ,  0.00 
 0.00 ,  0.00 ,  0.00 
 0.00 ,  0.00 ,  0.00 
 0.00 ,  0.00 ,  0.00 
 0.00 , 625.45 , 419.19 
 0.00 , 6282.13 , 4480.00 
 0.00 , 1913.02 , 1299.95 
 0.00 , 942.20 , 633.62 
 0.00 , 587.45 , 393.56 
2619.76 ,  0.00 , 2436.38 
 0.00 ,  0.00 ,  0.00 
 0.00 ,  0.00 ,  0.00 
 0.00 ,  0.00 ,  0.00 
 0.00 ,  0.00 ,  0.00 
 0.00 ,  0.00 ,  0.00 
 0.00 ,  0.00 ,  0.00 
 0.00 ,  0.00 ,  0.00 
 0.00 ,  0.00 ,  0.00 
2636.09 ,  0.00 , 2451.56 
 0.00 ,  0.00 ,  0.00 
 0.00 ,  0.00 ,  0.00 
 0.00 ,  0.00 ,  0.00 
 0.00 ,  0.00 ,  0.00 
 0.00 ,  0.00 ,  0.00 
 0.00 ,  0.00 ,  0.00 
 0.00 ,  0.00 ,  0.00 
 0.00 ,  0.00 ,  0.00 
 0.00 ,  0.00 ,  0.00 
 0.00 ,  0.00 ,  0.00 
 0.00 , 5884.28 , 4177.47 
 0.00 , 1248.76 , 842.53 
2845.75 , 134.15 , 2736.00 
 0.00 ,  0.00 ,  0.00 
 0.00 ,  0.00 ,  0.00 
 0.00 ,  0.00 ,  0.00 
 0.00 ,  0.00 ,  0.00 
 0.00 ,  0.00 ,  0.00 
 0.00 ,  0.00 ,  0.00 
 0.00 ,  0.00 ,  0.00 
 0.00 ,  0.00 ,  0.00 
2574.51 ,  0.00 , 2394.30 
 0.00 ,  0.00 ,  0.00 
 0.00 ,  0.00 ,  0.00 
 0.00 ,  0.00 ,  0.00 
 0.00 ,  0.00 ,  0.00 
 0.00 ,  0.00 ,  0.00 
 0.00 ,  0.00 ,  0.00 
 0.00 ,  0.00 ,  0.00 
 0.00 ,  0.00 ,  0.00 
 0.00 ,  0.00 ,  0.00 
 0.00 ,  0.00 ,  0.00 
 0.00 ,  0.00 ,  0.00 
 0.00 ,  0.00 ,  0.00 
2770.54 , 4851.92 , 6002.82 
 0.00 , 1777.43 , 1206.05 
 0.00 , 811.50 , 544.96 
 0.00 ,  0.00 ,  0.00 
 0.00 ,  0.00 ,  0.00 
 0.00 ,  0.00 ,  0.00 
 0.00 ,  0.00 ,  0.00 
 0.00 ,  0.00 ,  0.00 
2603.89 ,  0.00 , 2421.62 
 0.00 ,  0.00 ,  0.00 
 0.00 ,  0.00 ,  0.00 
 0.00 ,  0.00 ,  0.00 
 0.00 ,  0.00 ,  0.00 
 0.00 ,  0.00 ,  0.00 
 0.00 ,  0.00 ,  0.00 
 0.00 ,  0.00 ,  0.00 
2555.89 ,  0.00 , 2376.98 
 0.00 ,  0.00 ,  0.00 
 0.00 ,  0.00 ,  0.00 
 0.00 ,  0.00 ,  0.00 
 0.00 ,  0.00 ,  0.00 
 0.00 ,  0.00 ,  0.00 
 0.00 ,  0.00 ,  0.00 
 0.00 ,  0.00 ,  0.00 
 0.00 , 3916.88 , 2720.42 
 0.00 , 1517.94 , 1027.10 
 0.00 , 1216.78 , 820.67 
 0.00 ,  0.00 ,  0.00 
2619.76 , 56.19 , 2473.82 
 0.00 , 368.68 , 246.42 
 0.00 ,  0.00 ,  0.00 
 0.00 ,  0.00 ,  0.00 
 0.00 ,  0.00 ,  0.00 
 0.00 ,  0.00 ,  0.00 
 0.00 ,  0.00 ,  0.00 
 0.00 ,  0.00 ,  0.00 
 0.00 ,  0.00 ,  0.00 
2636.09 ,  0.00 , 2451.56 
 0.00 ,  0.00 ,  0.00 
 0.00 , 319.36 , 213.34 
 0.00 ,  0.00 ,  0.00 
 0.00 ,  0.00 ,  0.00 
 0.00 ,  0.00 ,  0.00 
 0.00 ,  0.00 ,  0.00 
 0.00 ,  0.00 ,  0.00 
 0.00 ,  0.00 ,  0.00 
 0.00 ,  0.00 ,  0.00 
 0.00 ,  0.00 ,  0.00 
 0.00 , 4574.69 , 3200.51 
 0.00 , 1265.80 , 854.18 
2845.75 , 1047.57 , 3352.75 
 0.00 , 937.75 , 630.59 
 0.00 , 247.34 , 165.10 
 0.00 ,  0.00 ,  0.00 
 0.00 ,  0.00 ,  0.00 
 0.00 ,  0.00 ,  0.00 
 0.00 ,  0.00 ,  0.00 
 0.00 , 203.66 , 135.89 
 0.00 , 535.31 , 358.43 
2574.51 , 601.15 , 2797.37 
 0.00 , 470.16 , 314.59 
 0.00 , 613.17 , 410.91 
 0.00 , 721.45 , 484.02 
 0.00 , 729.13 , 489.21 
 0.00 ,  0.00 ,  0.00 
 0.00 ,  0.00 ,  0.00 
 0.00 ,  0.00 ,  0.00 
 0.00 ,  0.00 ,  0.00 
 0.00 ,  0.00 ,  0.00 
 0.00 ,  0.00 ,  0.00 
 0.00 ,  0.00 ,  0.00 
 0.00 ,  0.00 ,  0.00 
2770.54 , 5046.25 , 6148.72 
 0.00 , 1683.22 , 1140.96 
 0.00 , 500.91 , 335.27 
 0.00 , 611.72 , 409.93 
 0.00 , 636.52 , 426.66 
 0.00 , 424.59 , 283.96 
 0.00 ,  0.00 ,  0.00 
 0.00 ,  0.00 ,  0.00 
2603.89 ,  0.00 , 2421.62 
 0.00 ,  0.00 ,  0.00 
 0.00 ,  0.00 ,  0.00 
 0.00 ,  0.00 ,  0.00 
 0.00 , 121.62 , 81.07 
 0.00 , 338.76 , 226.35 
 0.00 , 484.76 , 324.41 
 0.00 , 611.75 , 409.94 
2555.89 ,  0.00 , 2376.98 
 0.00 ,  0.00 ,  0.00 
 0.00 ,  0.00 ,  0.00 
 0.00 ,  0.00 ,  0.00 
 0.00 ,  0.00 ,  0.00 
 0.00 ,  0.00 ,  0.00 
 0.00 ,  0.00 ,  0.00 
 0.00 ,  0.00 ,  0.00 
 0.00 , 5930.37 , 4212.37 
 0.00 , 1619.60 , 1097.09 
 0.00 , 1579.59 , 1069.53 
 0.00 , 1241.50 , 837.57 
2619.76 , 609.80 , 2845.30 
 0.00 , 224.09 , 149.55 
 0.00 , 67.32 , 44.85 
 0.00 ,  0.00 ,  0.00 
 0.00 ,  0.00 ,  0.00 
 0.00 ,  0.00 ,  0.00 
 0.00 ,  0.00 ,  0.00 
 0.00 ,  0.00 ,  0.00 
 0.00 ,  0.00 ,  0.00 
2636.09 ,  0.00 , 2451.56 
 0.00 ,  0.00 ,  0.00 
 0.00 ,  0.00 ,  0.00 
 0.00 ,  0.00 ,  0.00 
 0.00 ,  0.00 ,  0.00 
 0.00 ,  0.00 ,  0.00 
 0.00 ,  0.00 ,  0.00 
 0.00 ,  0.00 ,  0.00 
 0.00 ,  0.00 ,  0.00 
 0.00 ,  0.00 ,  0.00 
 0.00 ,  0.00 ,  0.00 
 0.00 , 6266.63 , 4468.16 
 0.00 , 1949.84 , 1325.49 
2845.75 , 1535.05 , 3687.45 
 0.00 , 1180.11 , 795.62 
 0.00 , 726.47 , 487.42 
 0.00 , 340.51 , 227.53 
 0.00 , 349.66 , 233.66 
 0.00 , 453.63 , 303.48 
 0.00 , 96.79 , 64.51 
 0.00 ,  0.00 ,  0.00 
 0.00 ,  0.00 ,  0.00 
2574.51 , 435.24 , 2685.55 
 0.00 , 691.64 , 463.87 
 0.00 , 935.42 , 629.01 
 0.00 , 1097.58 , 739.33 
 0.00 , 1228.10 , 828.40 
 0.00 ,  0.00 ,  0.00 
 0.00 ,  0.00 ,  0.00 
 0.00 ,  0.00 ,  0.00 
 0.00 ,  0.00 ,  0.00 
 0.00 ,  0.00 ,  0.00 
 0.00 , 186.48 , 124.40 
 0.00 , 687.74 , 461.24 
 0.00 , 841.45 , 565.25 
2770.54 , 6234.57 , 7056.60 
 0.00 , 2145.16 , 1461.35 
 0.00 , 1644.98 , 1114.58 
 0.00 , 1489.43 , 1007.50 
 0.00 , 1225.62 , 826.71 
 0.00 , 1166.94 , 786.63 
 0.00 , 784.45 , 526.64 
 0.00 , 333.60 , 222.89 
2603.89 , 476.41 , 2740.59 
 0.00 , 521.35 , 349.03 
 0.00 , 817.46 , 549.00 
 0.00 , 903.30 , 607.21 
 0.00 , 987.01 , 664.06 
 0.00 , 1289.80 , 870.60 
 0.00 , 1436.43 , 971.10 
 0.00 , 1500.26 , 1014.95 
2555.89 ,  0.00 , 2376.98 
 0.00 ,  0.00 ,  0.00 
 0.00 ,  0.00 ,  0.00 
 0.00 ,  0.00 ,  0.00 
 0.00 ,  0.00 ,  0.00 
 0.00 , 258.92 , 172.86 
 0.00 , 588.90 , 394.54 
 0.00 , 675.50 , 452.97 
 0.00 , 6282.13 , 4480.00 
 0.00 , 922.47 , 620.22 
 0.00 , 215.35 , 143.70 
 0.00 ,  0.00 ,  0.00 
2530.53 ,  0.00 , 2353.39 
 0.00 ,  0.00 ,  0.00 
 0.00 ,  0.00 ,  0.00 
 0.00 ,  0.00 ,  0.00 
 0.00 ,  0.00 ,  0.00 
 0.00 ,  0.00 ,  0.00 
 0.00 ,  0.00 ,  0.00 
 0.00 ,  0.00 ,  0.00 
 0.00 ,  0.00 ,  0.00 
2542.88 ,  0.00 , 2364.88 
 0.00 ,  0.00 ,  0.00 
 0.00 ,  0.00 ,  0.00 
 0.00 ,  0.00 ,  0.00 
 0.00 ,  0.00 ,  0.00 
 0.00 ,  0.00 ,  0.00 
 0.00 ,  0.00 ,  0.00 
 0.00 ,  0.00 ,  0.00 
 0.00 ,  0.00 ,  0.00 
 0.00 ,  0.00 ,  0.00 
 0.00 ,  0.00 ,  0.00 
 0.00 , 5097.13 , 3586.82 
 0.00 , 879.60 , 591.12 
2748.75 ,  0.00 , 2556.33 
 0.00 ,  0.00 ,  0.00 
 0.00 ,  0.00 ,  0.00 
 0.00 ,  0.00 ,  0.00 
 0.00 ,  0.00 ,  0.00 
 0.00 ,  0.00 ,  0.00 
 0.00 ,  0.00 ,  0.00 
 0.00 ,  0.00 ,  0.00 
 0.00 ,  0.00 ,  0.00 
 0.00 ,  0.00 ,  0.00 
2879.91 ,  0.00 , 2678.32 
 0.00 ,  0.00 ,  0.00 
 0.00 ,  0.00 ,  0.00 
 0.00 ,  0.00 ,  0.00 
 0.00 ,  0.00 ,  0.00 
 0.00 ,  0.00 ,  0.00 
 0.00 ,  0.00 ,  0.00 
 0.00 ,  0.00 ,  0.00 
 0.00 ,  0.00 ,  0.00 
 0.00 ,  0.00 ,  0.00 
 0.00 ,  0.00 ,  0.00 
 0.00 ,  0.00 ,  0.00 
 0.00 , 2952.68 , 2029.18 
2687.16 , 693.21 , 2964.38 
 0.00 , 230.78 , 154.03 
 0.00 ,  0.00 ,  0.00 
 0.00 ,  0.00 ,  0.00 
 0.00 ,  0.00 ,  0.00 
 0.00 ,  0.00 ,  0.00 
 0.00 ,  0.00 ,  0.00 
 0.00 ,  0.00 ,  0.00 
 0.00 ,  0.00 ,  0.00 
2587.16 ,  0.00 , 2406.06 
 0.00 ,  0.00 ,  0.00 
 0.00 ,  0.00 ,  0.00 
 0.00 ,  0.00 ,  0.00 
 0.00 ,  0.00 ,  0.00 
 0.00 ,  0.00 ,  0.00 
 0.00 ,  0.00 ,  0.00 
 0.00 ,  0.00 ,  0.00 
 0.00 ,  0.00 ,  0.00 
 0.00 ,  0.00 ,  0.00 
 0.00 ,  0.00 ,  0.00 
 0.00 ,  0.00 ,  0.00 
 0.00 ,  0.00 ,  0.00 
 0.00 ,  0.00 ,  0.00 
2959.25 , 3155.31 , 4934.65 
 0.00 ,  0.00 ,  0.00 
 0.00 ,  0.00 ,  0.00 
 0.00 ,  0.00 ,  0.00 
 0.00 ,  0.00 ,  0.00 
 0.00 ,  0.00 ,  0.00 
 0.00 ,  0.00 ,  0.00 
 0.00 ,  0.00 ,  0.00 
2510.83 ,  0.00 , 2335.07 
 0.00 ,  0.00 ,  0.00 
 0.00 ,  0.00 ,  0.00 
 0.00 ,  0.00 ,  0.00 
 0.00 ,  0.00 ,  0.00 
 0.00 ,  0.00 ,  0.00 
 0.00 ,  0.00 ,  0.00 
 0.00 ,  0.00 ,  0.00 
 0.00 ,  0.00 ,  0.00 
2537.57 ,  0.00 , 2359.94 
 0.00 ,  0.00 ,  0.00 
 0.00 ,  0.00 ,  0.00 
 0.00 ,  0.00 ,  0.00 
 0.00 ,  0.00 ,  0.00 
 0.00 ,  0.00 ,  0.00 
 0.00 ,  0.00 ,  0.00 
 0.00 , 763.69 , 512.59 
 0.00 ,  0.00 ,  0.00 
 0.00 ,  0.00 ,  0.00 
 0.00 ,  0.00 ,  0.00 
 0.00 ,  0.00 ,  0.00 
2739.46 ,  0.00 , 2547.70 
 0.00 ,  0.00 ,  0.00 
 0.00 ,  0.00 ,  0.00 
 0.00 ,  0.00 ,  0.00 
 0.00 ,  0.00 ,  0.00 
 0.00 ,  0.00 ,  0.00 
 0.00 ,  0.00 ,  0.00 
 0.00 ,  0.00 ,  0.00 
 0.00 ,  0.00 ,  0.00 
2597.23 ,  0.00 , 2415.42 
 0.00 ,  0.00 ,  0.00 
 0.00 ,  0.00 ,  0.00 
 0.00 ,  0.00 ,  0.00 
 0.00 ,  0.00 ,  0.00 
 0.00 ,  0.00 ,  0.00 
 0.00 ,  0.00 ,  0.00 
 0.00 ,  0.00 ,  0.00 
 0.00 ,  0.00 ,  0.00 
 0.00 ,  0.00 ,  0.00 
 0.00 , 476.70 , 318.98 
 0.00 ,  0.00 ,  0.00 
 0.00 ,  0.00 ,  0.00 
2756.17 ,  0.00 , 2563.24 
 0.00 ,  0.00 ,  0.00 
 0.00 ,  0.00 ,  0.00 
 0.00 ,  0.00 ,  0.00 
 0.00 ,  0.00 ,  0.00 
 0.00 ,  0.00 ,  0.00 
 0.00 ,  0.00 ,  0.00 
 0.00 ,  0.00 ,  0.00 
 0.00 ,  0.00 ,  0.00 
2540.37 ,  0.00 , 2362.55 
 0.00 ,  0.00 ,  0.00 
 0.00 ,  0.00 ,  0.00 
 0.00 ,  0.00 ,  0.00 
 0.00 ,  0.00 ,  0.00 
 0.00 ,  0.00 ,  0.00 
 0.00 ,  0.00 ,  0.00 
 0.00 ,  0.00 ,  0.00 
 0.00 ,  0.00 ,  0.00 
 0.00 ,  0.00 ,  0.00 
 0.00 ,  0.00 ,  0.00 
 0.00 ,  0.00 ,  0.00 
 0.00 ,  0.00 ,  0.00 
2687.16 ,  0.00 , 2499.06 
 0.00 ,  0.00 ,  0.00 
 0.00 ,  0.00 ,  0.00 
 0.00 ,  0.00 ,  0.00 
 0.00 ,  0.00 ,  0.00 
 0.00 ,  0.00 ,  0.00 
 0.00 ,  0.00 ,  0.00 
 0.00 ,  0.00 ,  0.00 
 0.00 ,  0.00 ,  0.00 
2587.16 ,  0.00 , 2406.06 
 0.00 ,  0.00 ,  0.00 
 0.00 ,  0.00 ,  0.00 
 0.00 ,  0.00 ,  0.00 
 0.00 ,  0.00 ,  0.00 
 0.00 ,  0.00 ,  0.00 
 0.00 ,  0.00 ,  0.00 
 0.00 ,  0.00 ,  0.00 
 0.00 ,  0.00 ,  0.00 
 0.00 ,  0.00 ,  0.00 
 0.00 ,  0.00 ,  0.00 
 0.00 ,  0.00 ,  0.00 
 0.00 ,  0.00 ,  0.00 
 0.00 ,  0.00 ,  0.00 
2959.25 , 2013.55 , 4125.54 
 0.00 ,  0.00 ,  0.00 
 0.00 ,  0.00 ,  0.00 
 0.00 ,  0.00 ,  0.00 
 0.00 ,  0.00 ,  0.00 
 0.00 ,  0.00 ,  0.00 
 0.00 ,  0.00 ,  0.00 
 0.00 ,  0.00 ,  0.00 
2510.83 ,  0.00 , 2335.07 
 0.00 ,  0.00 ,  0.00 
 0.00 ,  0.00 ,  0.00 
 0.00 ,  0.00 ,  0.00 
 0.00 ,  0.00 ,  0.00 
 0.00 ,  0.00 ,  0.00 
 0.00 ,  0.00 ,  0.00 
 0.00 ,  0.00 ,  0.00 
 0.00 ,  0.00 ,  0.00 
2537.57 ,  0.00 , 2359.94 
 0.00 ,  0.00 ,  0.00 
 0.00 ,  0.00 ,  0.00 
 0.00 ,  0.00 ,  0.00 
 0.00 ,  0.00 ,  0.00 
 0.00 ,  0.00 ,  0.00 
 0.00 ,  0.00 ,  0.00 
 0.00 , 2145.87 , 1461.84 
 0.00 ,  0.00 ,  0.00 
 0.00 ,  0.00 ,  0.00 
 0.00 ,  0.00 ,  0.00 
 0.00 ,  0.00 ,  0.00 
2739.46 ,  0.00 , 2547.70 
 0.00 ,  0.00 ,  0.00 
 0.00 ,  0.00 ,  0.00 
 0.00 ,  0.00 ,  0.00 
 0.00 ,  0.00 ,  0.00 
 0.00 ,  0.00 ,  0.00 
 0.00 ,  0.00 ,  0.00 
 0.00 ,  0.00 ,  0.00 
 0.00 ,  0.00 ,  0.00 
2597.23 ,  0.00 , 2415.42 
 0.00 ,  0.00 ,  0.00 
 0.00 ,  0.00 ,  0.00 
 0.00 ,  0.00 ,  0.00 
 0.00 ,  0.00 ,  0.00 
 0.00 ,  0.00 ,  0.00 
 0.00 ,  0.00 ,  0.00 
 0.00 ,  0.00 ,  0.00 
 0.00 ,  0.00 ,  0.00 
 0.00 ,  0.00 ,  0.00 
 0.00 , 2598.76 , 1779.08 
 0.00 , 611.31 , 409.65 
 0.00 ,  0.00 ,  0.00 
2756.17 ,  0.00 , 2563.24 
 0.00 ,  0.00 ,  0.00 
 0.00 , 112.50 , 74.99 
 0.00 , 78.54 , 52.33 
 0.00 ,  0.00 ,  0.00 
 0.00 ,  0.00 ,  0.00 
 0.00 ,  0.00 ,  0.00 
 0.00 ,  0.00 ,  0.00 
 0.00 ,  0.00 ,  0.00 
2540.37 ,  0.00 , 2362.55 
 0.00 ,  0.00 ,  0.00 
 0.00 ,  0.00 ,  0.00 
 0.00 , 317.33 , 211.98 
 0.00 ,  0.00 ,  0.00 
 0.00 ,  0.00 ,  0.00 
 0.00 ,  0.00 ,  0.00 
 0.00 ,  0.00 ,  0.00 
 0.00 ,  0.00 ,  0.00 
 0.00 ,  0.00 ,  0.00 
 0.00 ,  0.00 ,  0.00 
 0.00 ,  0.00 ,  0.00 
 0.00 , 4217.11 , 2938.67 
2687.16 , 1229.35 , 3329.53 
 0.00 , 376.57 , 251.71 
 0.00 ,  0.00 ,  0.00 
 0.00 ,  0.00 ,  0.00 
 0.00 ,  0.00 ,  0.00 
 0.00 ,  0.00 ,  0.00 
 0.00 ,  0.00 ,  0.00 
 0.00 ,  0.00 ,  0.00 
 0.00 ,  0.00 ,  0.00 
2587.16 ,  0.00 , 2406.06 
 0.00 ,  0.00 ,  0.00 
 0.00 ,  0.00 ,  0.00 
 0.00 ,  0.00 ,  0.00 
 0.00 ,  0.00 ,  0.00 
 0.00 ,  0.00 ,  0.00 
 0.00 ,  0.00 ,  0.00 
 0.00 ,  0.00 ,  0.00 
 0.00 ,  0.00 ,  0.00 
 0.00 ,  0.00 ,  0.00 
 0.00 ,  0.00 ,  0.00 
 0.00 ,  0.00 ,  0.00 
 0.00 ,  0.00 ,  0.00 
 0.00 ,  0.00 ,  0.00 
2959.25 , 4580.34 , 5977.06 
 0.00 , 1654.28 , 1120.99 
 0.00 , 1467.28 , 992.29 
 0.00 , 1201.95 , 810.54 
 0.00 , 902.26 , 606.49 
 0.00 , 1029.08 , 692.68 
 0.00 , 806.37 , 541.48 
 0.00 , 469.15 , 313.91 
2510.83 , 479.39 , 2656.04 
 0.00 , 735.69 , 493.65 
 0.00 , 762.62 , 511.87 
 0.00 , 841.06 , 564.99 
 0.00 , 708.51 , 475.28 
 0.00 , 812.29 , 545.50 
 0.00 , 952.38 , 640.53 
 0.00 , 1024.95 , 689.87 
 0.00 ,  0.00 ,  0.00 
2537.57 ,  0.00 , 2359.94 
 0.00 ,  0.00 ,  0.00 
 0.00 ,  0.00 ,  0.00 
 0.00 ,  0.00 ,  0.00 
 0.00 ,  0.00 ,  0.00 
 0.00 ,  0.00 ,  0.00 
 0.00 ,  0.00 ,  0.00 
 0.00 , 5734.53 , 4064.30 
 0.00 , 1095.69 , 738.05 
 0.00 , 1298.36 , 876.46 
 0.00 , 1053.45 , 709.27 
 0.00 ,  0.00 ,  0.00 
2739.46 ,  0.00 , 2547.70 
 0.00 ,  0.00 ,  0.00 
 0.00 ,  0.00 ,  0.00 
 0.00 ,  0.00 ,  0.00 
 0.00 ,  0.00 ,  0.00 
 0.00 ,  0.00 ,  0.00 
 0.00 ,  0.00 ,  0.00 
 0.00 ,  0.00 ,  0.00 
 0.00 , 133.43 , 88.96 
2597.23 , 463.45 , 2725.67 
 0.00 , 559.60 , 374.79 
 0.00 ,  0.00 ,  0.00 
 0.00 ,  0.00 ,  0.00 
 0.00 ,  0.00 ,  0.00 
 0.00 ,  0.00 ,  0.00 
 0.00 ,  0.00 ,  0.00 
 0.00 ,  0.00 ,  0.00 
 0.00 ,  0.00 ,  0.00 
 0.00 ,  0.00 ,  0.00 
 0.00 , 5434.91 , 3839.00 
 0.00 , 1592.89 , 1078.69 
 0.00 , 816.12 , 548.09 
2756.17 , 819.72 , 3114.31 
 0.00 , 700.43 , 469.81 
 0.00 , 432.44 , 289.24 
 0.00 , 268.75 , 179.44 
 0.00 , 496.06 , 332.01 
 0.00 , 622.56 , 417.23 
 0.00 , 327.11 , 218.54 
 0.00 , 805.58 , 540.95 
 0.00 , 1000.74 , 673.40 
2540.37 , 786.34 , 2890.94 
 0.00 , 900.89 , 605.57 
 0.00 , 1026.63 , 691.01 
 0.00 , 1081.79 , 728.57 
 0.00 ,  0.00 ,  0.00 
 0.00 ,  0.00 ,  0.00 
 0.00 ,  0.00 ,  0.00 
 0.00 ,  0.00 ,  0.00 
 0.00 ,  0.00 ,  0.00 
 0.00 ,  0.00 ,  0.00 
 0.00 ,  0.00 ,  0.00 
 0.00 ,  0.00 ,  0.00 
 0.00 , 5819.48 , 4128.45 
2687.16 , 26.88 , 2516.96 
 0.00 ,  0.00 ,  0.00 
 0.00 ,  0.00 ,  0.00 
 0.00 ,  0.00 ,  0.00 
 0.00 ,  0.00 ,  0.00 
 0.00 ,  0.00 ,  0.00 
 0.00 ,  0.00 ,  0.00 
 0.00 ,  0.00 ,  0.00 
 0.00 ,  0.00 ,  0.00 
2587.16 ,  0.00 , 2406.06 
 0.00 ,  0.00 ,  0.00 
 0.00 ,  0.00 ,  0.00 
 0.00 ,  0.00 ,  0.00 
 0.00 ,  0.00 ,  0.00 
 0.00 ,  0.00 ,  0.00 
 0.00 ,  0.00 ,  0.00 
 0.00 ,  0.00 ,  0.00 
 0.00 ,  0.00 ,  0.00 
 0.00 ,  0.00 ,  0.00 
 0.00 ,  0.00 ,  0.00 
 0.00 ,  0.00 ,  0.00 
 0.00 ,  0.00 ,  0.00 
 0.00 ,  0.00 ,  0.00 
2959.25 , 2110.50 , 4193.38 
 0.00 , 925.29 , 622.13 
 0.00 , 786.64 , 528.13 
 0.00 , 657.74 , 440.98 
 0.00 , 510.98 , 342.05 
 0.00 , 405.34 , 271.03 
 0.00 , 100.86 , 67.22 
 0.00 ,  0.00 ,  0.00 
2510.83 ,  0.00 , 2335.07 
 0.00 ,  0.00 ,  0.00 
 0.00 , 72.16 , 48.08 
 0.00 ,  0.00 ,  0.00 
 0.00 ,  0.00 ,  0.00 
 0.00 ,  0.00 ,  0.00 
 0.00 , 170.71 , 113.86 
 0.00 , 296.07 , 197.74 
 0.00 ,  0.00 ,  0.00 
2537.57 ,  0.00 , 2359.94 
 0.00 ,  0.00 ,  0.00 
 0.00 ,  0.00 ,  0.00 
 0.00 ,  0.00 ,  0.00 
 0.00 ,  0.00 ,  0.00 
 0.00 ,  0.00 ,  0.00 
 0.00 ,  0.00 ,  0.00 
 0.00 , 3890.24 , 2701.13 
 0.00 , 1104.23 , 743.86 
 0.00 , 709.80 , 476.15 
 0.00 , 606.88 , 406.66 
 0.00 , 565.68 , 378.89 
2739.46 , 262.11 , 2722.75 
 0.00 ,  0.00 ,  0.00 
 0.00 ,  0.00 ,  0.00 
 0.00 ,  0.00 ,  0.00 
 0.00 ,  0.00 ,  0.00 
 0.00 , 207.55 , 138.49 
 0.00 , 508.01 , 340.05 
 0.00 , 411.47 , 275.15 
 0.00 , 458.60 , 306.82 
2597.23 , 552.73 , 2785.82 
 0.00 , 610.66 , 409.21 
 0.00 ,  0.00 ,  0.00 
 0.00 ,  0.00 ,  0.00 
 0.00 ,  0.00 ,  0.00 
 0.00 ,  0.00 ,  0.00 
 0.00 ,  0.00 ,  0.00 
 0.00 ,  0.00 ,  0.00 
 0.00 ,  0.00 ,  0.00 
 0.00 ,  0.00 ,  0.00 
 0.00 , 5603.55 , 3965.62 
 0.00 , 1615.13 , 1094.00 
 0.00 , 955.52 , 642.66 
2756.17 , 733.43 , 3055.80 
 0.00 ,  0.00 ,  0.00 
 0.00 ,  0.00 ,  0.00 
 0.00 ,  0.00 ,  0.00 
 0.00 ,  0.00 ,  0.00 
 0.00 ,  0.00 ,  0.00 
 0.00 ,  0.00 ,  0.00 
 0.00 ,  0.00 ,  0.00 
 0.00 ,  0.00 ,  0.00 
2540.37 ,  0.00 , 2362.55 
 0.00 ,  0.00 ,  0.00 
 0.00 ,  0.00 ,  0.00 
 0.00 ,  0.00 ,  0.00 
 0.00 ,  0.00 ,  0.00 
 0.00 ,  0.00 ,  0.00 
 0.00 ,  0.00 ,  0.00 
 0.00 ,  0.00 ,  0.00 
 0.00 ,  0.00 ,  0.00 
 0.00 ,  0.00 ,  0.00 
 0.00 ,  0.00 ,  0.00 
 0.00 ,  0.00 ,  0.00 
 0.00 , 4211.32 , 2934.44 
2687.16 ,  4.29 , 2501.91 
 0.00 ,  0.00 ,  0.00 
 0.00 ,  0.00 ,  0.00 
 0.00 ,  0.00 ,  0.00 
 0.00 ,  0.00 ,  0.00 
 0.00 ,  0.00 ,  0.00 
 0.00 ,  0.00 ,  0.00 
 0.00 ,  0.00 ,  0.00 
 0.00 ,  0.00 ,  0.00 
2587.16 ,  0.00 , 2406.06 
 0.00 ,  0.00 ,  0.00 
 0.00 ,  0.00 ,  0.00 
 0.00 ,  0.00 ,  0.00 
 0.00 ,  0.00 ,  0.00 
 0.00 ,  0.00 ,  0.00 
 0.00 ,  0.00 ,  0.00 
 0.00 ,  0.00 ,  0.00 
 0.00 ,  0.00 ,  0.00 
 0.00 ,  0.00 ,  0.00 
 0.00 ,  0.00 ,  0.00 
 0.00 ,  0.00 ,  0.00 
 0.00 ,  0.00 ,  0.00 
 0.00 ,  0.00 ,  0.00 
2959.25 ,  0.00 , 2752.11 
 0.00 ,  0.00 ,  0.00 
 0.00 ,  0.00 ,  0.00 
 0.00 ,  0.00 ,  0.00 
 0.00 ,  0.00 ,  0.00 
 0.00 ,  0.00 ,  0.00 
 0.00 ,  0.00 ,  0.00 
 0.00 ,  0.00 ,  0.00 
2510.83 ,  0.00 , 2335.07 
 0.00 ,  0.00 ,  0.00 
 0.00 ,  0.00 ,  0.00 
 0.00 ,  0.00 ,  0.00 
 0.00 ,  0.00 ,  0.00 
 0.00 ,  0.00 ,  0.00 
 0.00 ,  0.00 ,  0.00 
 0.00 ,  0.00 ,  0.00 
 0.00 ,  0.00 ,  0.00 
2537.57 ,  0.00 , 2359.94 
 0.00 ,  0.00 ,  0.00 
 0.00 ,  0.00 ,  0.00 
 0.00 ,  0.00 ,  0.00 
 0.00 ,  0.00 ,  0.00 
 0.00 ,  0.00 ,  0.00 
 0.00 ,  0.00 ,  0.00 
 0.00 ,  0.00 ,  0.00 
 0.00 ,  0.00 ,  0.00 
 0.00 ,  0.00 ,  0.00 
 0.00 ,  0.00 ,  0.00 
 0.00 ,  0.00 ,  0.00 
2739.46 ,  0.00 , 2547.70 
 0.00 ,  0.00 ,  0.00 
 0.00 ,  0.00 ,  0.00 
 0.00 ,  0.00 ,  0.00 
 0.00 ,  0.00 ,  0.00 
 0.00 ,  0.00 ,  0.00 
 0.00 ,  0.00 ,  0.00 
 0.00 ,  0.00 ,  0.00 
 0.00 ,  0.00 ,  0.00 
2597.23 ,  0.00 , 2415.42 
 0.00 ,  0.00 ,  0.00 
 0.00 ,  0.00 ,  0.00 
 0.00 ,  0.00 ,  0.00 
 0.00 ,  0.00 ,  0.00 
 0.00 ,  0.00 ,  0.00 
 0.00 ,  0.00 ,  0.00 
 0.00 ,  0.00 ,  0.00 
 0.00 ,  0.00 ,  0.00 
 0.00 ,  0.00 ,  0.00 
 0.00 ,  0.00 ,  0.00 
 0.00 ,  0.00 ,  0.00 
 0.00 ,  0.00 ,  0.00 
2756.17 ,  0.00 , 2563.24 
 0.00 ,  0.00 ,  0.00 
 0.00 ,  0.00 ,  0.00 
 0.00 ,  0.00 ,  0.00 
 0.00 ,  0.00 ,  0.00 
 0.00 ,  0.00 ,  0.00 
 0.00 ,  0.00 ,  0.00 
 0.00 ,  0.00 ,  0.00 
 0.00 ,  0.00 ,  0.00 
2540.37 ,  0.00 , 2362.55 
 0.00 ,  0.00 ,  0.00 
 0.00 ,  0.00 ,  0.00 
 0.00 ,  0.00 ,  0.00 
 0.00 ,  0.00 ,  0.00 
 0.00 ,  0.00 ,  0.00 
 0.00 ,  0.00 ,  0.00 
 0.00 ,  0.00 ,  0.00 
 0.00 ,  0.00 ,  0.00 
 0.00 ,  0.00 ,  0.00 
 0.00 ,  0.00 ,  0.00 
 0.00 ,  0.00 ,  0.00 
 0.00 ,  0.00 ,  0.00 
2687.16 ,  0.00 , 2499.06 
 0.00 ,  0.00 ,  0.00 
 0.00 ,  0.00 ,  0.00 
 0.00 ,  0.00 ,  0.00 
 0.00 ,  0.00 ,  0.00 
 0.00 ,  0.00 ,  0.00 
 0.00 ,  0.00 ,  0.00 
 0.00 ,  0.00 ,  0.00 
 0.00 ,  0.00 ,  0.00 
2587.16 ,  0.00 , 2406.06 
 0.00 ,  0.00 ,  0.00 
 0.00 ,  0.00 ,  0.00 
 0.00 ,  0.00 ,  0.00 
 0.00 ,  0.00 ,  0.00 
 0.00 ,  0.00 ,  0.00 
 0.00 ,  0.00 ,  0.00 
 0.00 ,  0.00 ,  0.00 
 0.00 ,  0.00 ,  0.00 
 0.00 ,  0.00 ,  0.00 
 0.00 ,  0.00 ,  0.00 
 0.00 ,  0.00 ,  0.00 
 0.00 ,  0.00 ,  0.00 
 0.00 ,  0.00 ,  0.00 
2959.25 ,  0.00 , 2752.11 
 0.00 ,  0.00 ,  0.00 
 0.00 ,  0.00 ,  0.00 
 0.00 ,  0.00 ,  0.00 
 0.00 ,  0.00 ,  0.00 
 0.00 ,  0.00 ,  0.00 
 0.00 ,  0.00 ,  0.00 
 0.00 ,  0.00 ,  0.00 
2510.83 ,  0.00 , 2335.07 
 0.00 ,  0.00 ,  0.00 
 0.00 ,  0.00 ,  0.00 
 0.00 ,  0.00 ,  0.00 
 0.00 ,  0.00 ,  0.00 
 0.00 ,  0.00 ,  0.00 
 0.00 ,  0.00 ,  0.00 
 0.00 ,  0.00 ,  0.00 
 0.00 ,  0.00 ,  0.00 
2537.57 ,  0.00 , 2359.94 
 0.00 ,  0.00 ,  0.00 
 0.00 ,  0.00 ,  0.00 
 0.00 ,  0.00 ,  0.00 
 0.00 ,  0.00 ,  0.00 
 0.00 ,  0.00 ,  0.00 
 0.00 ,  0.00 ,  0.00 
 0.00 ,  0.00 ,  0.00 
 0.00 ,  0.00 ,  0.00 
 0.00 ,  0.00 ,  0.00 
 0.00 ,  0.00 ,  0.00 
 0.00 ,  0.00 ,  0.00 
2739.46 ,  0.00 , 2547.70 
 0.00 ,  0.00 ,  0.00 
 0.00 ,  0.00 ,  0.00 
 0.00 ,  0.00 ,  0.00 
 0.00 ,  0.00 ,  0.00 
 0.00 ,  0.00 ,  0.00 
 0.00 ,  0.00 ,  0.00 
 0.00 ,  0.00 ,  0.00 
 0.00 ,  0.00 ,  0.00 
2597.23 ,  0.00 , 2415.42 
 0.00 ,  0.00 ,  0.00 
 0.00 ,  0.00 ,  0.00 
 0.00 ,  0.00 ,  0.00 
 0.00 ,  0.00 ,  0.00 
 0.00 ,  0.00 ,  0.00 
 0.00 ,  0.00 ,  0.00 
 0.00 ,  0.00 ,  0.00 
 0.00 ,  0.00 ,  0.00 
 0.00 ,  0.00 ,  0.00 
 0.00 ,  0.00 ,  0.00 
 0.00 ,  0.00 ,  0.00 
 0.00 ,  0.00 ,  0.00 
2756.17 ,  0.00 , 2563.24 
 0.00 ,  0.00 ,  0.00 
 0.00 ,  0.00 ,  0.00 
 0.00 ,  0.00 ,  0.00 
 0.00 ,  0.00 ,  0.00 
 0.00 ,  0.00 ,  0.00 
 0.00 ,  0.00 ,  0.00 
 0.00 ,  0.00 ,  0.00 
 0.00 ,  0.00 ,  0.00 
2540.37 ,  0.00 , 2362.55 
 0.00 ,  0.00 ,  0.00 
 0.00 ,  0.00 ,  0.00 
 0.00 ,  0.00 ,  0.00 
 0.00 ,  0.00 ,  0.00 
 0.00 ,  0.00 ,  0.00 
 0.00 ,  0.00 ,  0.00 
 0.00 ,  0.00 ,  0.00 
 0.00 ,  0.00 ,  0.00 
 0.00 ,  0.00 ,  0.00 
 0.00 ,  0.00 ,  0.00 
 0.00 ,  0.00 ,  0.00 
 0.00 ,  0.00 ,  0.00 
2687.16 ,  0.00 , 2499.06 
 0.00 ,  0.00 ,  0.00 
 0.00 ,  0.00 ,  0.00 
 0.00 ,  0.00 ,  0.00 
 0.00 ,  0.00 ,  0.00 
 0.00 ,  0.00 ,  0.00 
 0.00 ,  0.00 ,  0.00 
 0.00 ,  0.00 ,  0.00 
 0.00 ,  0.00 ,  0.00 
2587.16 ,  0.00 , 2406.06 
 0.00 ,  0.00 ,  0.00 
 0.00 ,  0.00 ,  0.00 
 0.00 ,  0.00 ,  0.00 
 0.00 ,  0.00 ,  0.00 
 0.00 ,  0.00 ,  0.00 
 0.00 ,  0.00 ,  0.00 
 0.00 ,  0.00 ,  0.00 
 0.00 ,  0.00 ,  0.00 
 0.00 ,  0.00 ,  0.00 
 0.00 ,  0.00 ,  0.00 
 0.00 ,  0.00 ,  0.00 
 0.00 ,  0.00 ,  0.00 
 0.00 ,  0.00 ,  0.00 
2959.25 ,  0.00 , 2752.11 
 0.00 ,  0.00 ,  0.00 
 0.00 ,  0.00 ,  0.00 
 0.00 ,  0.00 ,  0.00 
 0.00 ,  0.00 ,  0.00 
 0.00 ,  0.00 ,  0.00 
 0.00 ,  0.00 ,  0.00 
 0.00 ,  0.00 ,  0.00 
2510.83 ,  0.00 , 2335.07 
 0.00 ,  0.00 ,  0.00 
 0.00 ,  0.00 ,  0.00 
 0.00 ,  0.00 ,  0.00 
 0.00 ,  0.00 ,  0.00 
 0.00 ,  0.00 ,  0.00 
 0.00 ,  0.00 ,  0.00 
 0.00 ,  0.00 ,  0.00 
 0.00 ,  0.00 ,  0.00 
2537.57 ,  0.00 , 2359.94 
 0.00 ,  0.00 ,  0.00 
 0.00 ,  0.00 ,  0.00 
 0.00 ,  0.00 ,  0.00 
 0.00 ,  0.00 ,  0.00 
 0.00 ,  0.00 ,  0.00 
 0.00 ,  0.00 ,  0.00 
 0.00 ,  0.00 ,  0.00 
 0.00 ,  0.00 ,  0.00 
 0.00 ,  0.00 ,  0.00 
 0.00 ,  0.00 ,  0.00 
 0.00 ,  0.00 ,  0.00 
2739.46 ,  0.00 , 2547.70 
 0.00 ,  0.00 ,  0.00 
 0.00 ,  0.00 ,  0.00 
 0.00 ,  0.00 ,  0.00 
 0.00 ,  0.00 ,  0.00 
 0.00 ,  0.00 ,  0.00 
 0.00 ,  0.00 ,  0.00 
 0.00 ,  0.00 ,  0.00 
 0.00 ,  0.00 ,  0.00 
2597.23 ,  0.00 , 2415.42 
 0.00 ,  0.00 ,  0.00 
 0.00 ,  0.00 ,  0.00 
 0.00 ,  0.00 ,  0.00 
 0.00 ,  0.00 ,  0.00 
 0.00 ,  0.00 ,  0.00 
 0.00 ,  0.00 ,  0.00 
 0.00 ,  0.00 ,  0.00 
 0.00 ,  0.00 ,  0.00 
 0.00 ,  0.00 ,  0.00 
 0.00 ,  0.00 ,  0.00 
 0.00 ,  0.00 ,  0.00 
 0.00 ,  0.00 ,  0.00 
2756.17 ,  0.00 , 2563.24 
 0.00 ,  0.00 ,  0.00 
 0.00 ,  0.00 ,  0.00 
 0.00 ,  0.00 ,  0.00 
 0.00 ,  0.00 ,  0.00 
 0.00 ,  0.00 ,  0.00 
 0.00 ,  0.00 ,  0.00 
 0.00 ,  0.00 ,  0.00 
 0.00 ,  0.00 ,  0.00 
2540.37 ,  0.00 , 2362.55 
 0.00 ,  0.00 ,  0.00 
 0.00 ,  0.00 ,  0.00 
 0.00 ,  0.00 ,  0.00 
 0.00 ,  0.00 ,  0.00 
 0.00 ,  0.00 ,  0.00 
 0.00 ,  0.00 ,  0.00 
 0.00 ,  0.00 ,  0.00 
 0.00 ,  0.00 ,  0.00 
 0.00 ,  0.00 ,  0.00 
 0.00 ,  0.00 ,  0.00 
 0.00 ,  0.00 ,  0.00 
 0.00 ,  0.00 ,  0.00 
2687.16 ,  0.00 , 2499.06 
 0.00 ,  0.00 ,  0.00 
 0.00 ,  0.00 ,  0.00 
 0.00 ,  0.00 ,  0.00 
 0.00 ,  0.00 ,  0.00 
 0.00 ,  0.00 ,  0.00 
 0.00 ,  0.00 ,  0.00 
 0.00 ,  0.00 ,  0.00 
 0.00 ,  0.00 ,  0.00 
2587.16 ,  0.00 , 2406.06 
 0.00 ,  0.00 ,  0.00 
 0.00 ,  0.00 ,  0.00 
 0.00 ,  0.00 ,  0.00 
 0.00 ,  0.00 ,  0.00 
 0.00 ,  0.00 ,  0.00 
 0.00 ,  0.00 ,  0.00 
 0.00 ,  0.00 ,  0.00 
 0.00 ,  0.00 ,  0.00 
 0.00 ,  0.00 ,  0.00 
 0.00 ,  0.00 ,  0.00 
 0.00 ,  0.00 ,  0.00 
 0.00 ,  0.00 ,  0.00 
 0.00 ,  0.00 ,  0.00 
2909.87 ,  0.00 , 2706.18 
 0.00 ,  0.00 ,  0.00 
 0.00 ,  0.00 ,  0.00 
 0.00 ,  0.00 ,  0.00 
 0.00 ,  0.00 ,  0.00 
 0.00 ,  0.00 ,  0.00 
 0.00 ,  0.00 ,  0.00 
 0.00 ,  0.00 ,  0.00 
 0.00 ,  0.00 ,  0.00 
2592.98 ,  0.00 , 2411.47 
 0.00 ,  0.00 ,  0.00 
 0.00 ,  0.00 ,  0.00 
 0.00 ,  0.00 ,  0.00 
 0.00 ,  0.00 ,  0.00 
 0.00 ,  0.00 ,  0.00 
 0.00 ,  0.00 ,  0.00 
 0.00 ,  0.00 ,  0.00 
 0.00 ,  0.00 ,  0.00 
 0.00 ,  0.00 ,  0.00 
 0.00 ,  0.00 ,  0.00 
 0.00 ,  0.00 ,  0.00 
 0.00 ,  0.00 ,  0.00 
 0.00 ,  0.00 ,  0.00 
 0.00 ,  0.00 ,  0.00 
3020.93 ,  0.00 , 2809.46 
 0.00 ,  0.00 ,  0.00 
 0.00 ,  0.00 ,  0.00 
 0.00 ,  0.00 ,  0.00 
 0.00 ,  0.00 ,  0.00 
 0.00 ,  0.00 ,  0.00 
 0.00 ,  0.00 ,  0.00 
 0.00 ,  0.00 ,  0.00 
 0.00 ,  0.00 ,  0.00 
2592.98 ,  0.00 , 2411.47 
 0.00 ,  0.00 ,  0.00 
 0.00 ,  0.00 ,  0.00 
 0.00 ,  0.00 ,  0.00 
 0.00 ,  0.00 ,  0.00 
 0.00 ,  0.00 ,  0.00 
 0.00 ,  0.00 ,  0.00 
 0.00 ,  0.00 ,  0.00 
 0.00 ,  0.00 ,  0.00 
 0.00 ,  0.00 ,  0.00 
 0.00 ,  0.00 ,  0.00 
 0.00 ,  0.00 ,  0.00 
 0.00 ,  0.00 ,  0.00 
 0.00 ,  0.00 ,  0.00 
 0.00 ,  0.00 ,  0.00 
3020.93 ,  0.00 , 2809.46 
 0.00 ,  0.00 ,  0.00 
 0.00 ,  0.00 ,  0.00 
 0.00 ,  0.00 ,  0.00 
 0.00 ,  0.00 ,  0.00 
 0.00 ,  0.00 ,  0.00 
 0.00 ,  0.00 ,  0.00 
 0.00 ,  0.00 ,  0.00 
 0.00 ,  0.00 ,  0.00 
2592.98 ,  0.00 , 2411.47 
 0.00 ,  0.00 ,  0.00 
 0.00 ,  0.00 ,  0.00 
 0.00 ,  0.00 ,  0.00 
 0.00 ,  0.00 ,  0.00 
 0.00 ,  0.00 ,  0.00 
 0.00 ,  0.00 ,  0.00 
 0.00 ,  0.00 ,  0.00 
 0.00 ,  0.00 ,  0.00 
 0.00 ,  0.00 ,  0.00 
 0.00 ,  0.00 ,  0.00 
 0.00 ,  0.00 ,  0.00 
 0.00 ,  0.00 ,  0.00 
 0.00 ,  0.00 ,  0.00 
 0.00 ,  0.00 ,  0.00 
3020.93 ,  0.00 , 2809.46 
 0.00 ,  0.00 ,  0.00 
 0.00 ,  0.00 ,  0.00 
 0.00 ,  0.00 ,  0.00 
 0.00 ,  0.00 ,  0.00 
 0.00 ,  0.00 ,  0.00 
 0.00 ,  0.00 ,  0.00 
 0.00 ,  0.00 ,  0.00 
 0.00 ,  0.00 ,  0.00 
2592.98 ,  0.00 , 2411.47 
 0.00 ,  0.00 ,  0.00 
 0.00 ,  0.00 ,  0.00 
 0.00 ,  0.00 ,  0.00 
 0.00 ,  0.00 ,  0.00 
 0.00 ,  0.00 ,  0.00 
 0.00 ,  0.00 ,  0.00 
 0.00 ,  0.00 ,  0.00 
 0.00 ,  0.00 ,  0.00 
 0.00 ,  0.00 ,  0.00 
 0.00 ,  0.00 ,  0.00 
 0.00 ,  0.00 ,  0.00 
 0.00 ,  0.00 ,  0.00 
 0.00 ,  0.00 ,  0.00 
 0.00 ,  0.00 ,  0.00 
3020.93 ,  0.00 , 2809.46 
 0.00 ,  0.00 ,  0.00 
 0.00 ,  0.00 ,  0.00 
 0.00 ,  0.00 ,  0.00 
 0.00 ,  0.00 ,  0.00 
 0.00 ,  0.00 ,  0.00 
 0.00 ,  0.00 ,  0.00 
 0.00 ,  0.00 ,  0.00 
 0.00 ,  0.00 ,  0.00 
2592.98 ,  0.00 , 2411.47 
 0.00 ,  0.00 ,  0.00 
 0.00 ,  0.00 ,  0.00 
 0.00 ,  0.00 ,  0.00 
 0.00 ,  0.00 ,  0.00 
 0.00 ,  0.00 ,  0.00 
 0.00 ,  0.00 ,  0.00 
 0.00 ,  0.00 ,  0.00 
 0.00 ,  0.00 ,  0.00 
 0.00 ,  0.00 ,  0.00 
 0.00 ,  0.00 ,  0.00 
 0.00 ,  0.00 ,  0.00 
 0.00 ,  0.00 ,  0.00 
 0.00 ,  0.00 ,  0.00 
 0.00 ,  0.00 ,  0.00 
3020.93 ,  0.00 , 2809.46 
 0.00 ,  0.00 ,  0.00 
 0.00 ,  0.00 ,  0.00 
 0.00 ,  0.00 ,  0.00 
 0.00 ,  0.00 ,  0.00 
 0.00 ,  0.00 ,  0.00 
 0.00 ,  0.00 ,  0.00 
 0.00 ,  0.00 ,  0.00 
 0.00 ,  0.00 ,  0.00 
2592.98 ,  0.00 , 2411.47 
 0.00 ,  0.00 ,  0.00 
 0.00 ,  0.00 ,  0.00 
 0.00 ,  0.00 ,  0.00 
 0.00 ,  0.00 ,  0.00 
 0.00 ,  0.00 ,  0.00 
 0.00 ,  0.00 ,  0.00 
 0.00 ,  0.00 ,  0.00 
 0.00 ,  0.00 ,  0.00 
 0.00 ,  0.00 ,  0.00 
 0.00 ,  0.00 ,  0.00 
 0.00 ,  0.00 ,  0.00 
 0.00 ,  0.00 ,  0.00 
 0.00 ,  0.00 ,  0.00 
 0.00 ,  0.00 ,  0.00 
3020.93 ,  0.00 , 2809.46 
 0.00 ,  0.00 ,  0.00 
 0.00 ,  0.00 ,  0.00 
 0.00 ,  0.00 ,  0.00 
 0.00 ,  0.00 ,  0.00 
 0.00 ,  0.00 ,  0.00 
 0.00 ,  0.00 ,  0.00 
 0.00 ,  0.00 ,  0.00 
 0.00 ,  0.00 ,  0.00 
2592.98 ,  0.00 , 2411.47 
 0.00 ,  0.00 ,  0.00 
 0.00 ,  0.00 ,  0.00 
 0.00 ,  0.00 ,  0.00 
 0.00 ,  0.00 ,  0.00 
 0.00 ,  0.00 ,  0.00 
 0.00 ,  0.00 ,  0.00 
 0.00 ,  0.00 ,  0.00 
 0.00 ,  0.00 ,  0.00 
 0.00 ,  0.00 ,  0.00 
 0.00 ,  0.00 ,  0.00 
 0.00 ,  0.00 ,  0.00 
 0.00 ,  0.00 ,  0.00 
 0.00 ,  0.00 ,  0.00 
 0.00 ,  0.00 ,  0.00 
3020.93 ,  0.00 , 2809.46 
 0.00 ,  0.00 ,  0.00 
 0.00 ,  0.00 ,  0.00 
 0.00 ,  0.00 ,  0.00 
 0.00 ,  0.00 ,  0.00 
 0.00 ,  0.00 ,  0.00 
 0.00 ,  0.00 ,  0.00 
 0.00 ,  0.00 ,  0.00 
 0.00 ,  0.00 ,  0.00 
2592.98 ,  0.00 , 2411.47 
 0.00 ,  0.00 ,  0.00 
 0.00 ,  0.00 ,  0.00 
 0.00 ,  0.00 ,  0.00 
 0.00 ,  0.00 ,  0.00 
 0.00 ,  0.00 ,  0.00 
 0.00 ,  0.00 ,  0.00 
 0.00 ,  0.00 ,  0.00 
 0.00 ,  0.00 ,  0.00 
 0.00 ,  0.00 ,  0.00 
 0.00 ,  0.00 ,  0.00 
 0.00 ,  0.00 ,  0.00 
 0.00 ,  0.00 ,  0.00 
 0.00 ,  0.00 ,  0.00 
 0.00 ,  0.00 ,  0.00 
3020.93 ,  0.00 , 2809.46 
 0.00 ,  0.00 ,  0.00 
 0.00 ,  0.00 ,  0.00 
 0.00 ,  0.00 ,  0.00 
 0.00 ,  0.00 ,  0.00 
 0.00 ,  0.00 ,  0.00 
 0.00 ,  0.00 ,  0.00 
 0.00 ,  0.00 ,  0.00 
 0.00 ,  0.00 ,  0.00 
2592.98 ,  0.00 , 2411.47 
 0.00 ,  0.00 ,  0.00 
 0.00 ,  0.00 ,  0.00 
 0.00 ,  0.00 ,  0.00 
 0.00 ,  0.00 ,  0.00 
 0.00 ,  0.00 ,  0.00 
 0.00 ,  0.00 ,  0.00 
 0.00 ,  0.00 ,  0.00 
 0.00 ,  0.00 ,  0.00 
 0.00 ,  0.00 ,  0.00 
 0.00 ,  0.00 ,  0.00 
 0.00 ,  0.00 ,  0.00 
 0.00 ,  0.00 ,  0.00 
 0.00 ,  0.00 ,  0.00 
 0.00 ,  0.00 ,  0.00 
3020.93 ,  0.00 , 2809.46 
 0.00 ,  0.00 ,  0.00 
 0.00 ,  0.00 ,  0.00 
 0.00 ,  0.00 ,  0.00 
 0.00 ,  0.00 ,  0.00 
 0.00 ,  0.00 ,  0.00 
 0.00 ,  0.00 ,  0.00 
 0.00 ,  0.00 ,  0.00 
 0.00 ,  0.00 ,  0.00 
2592.98 ,  0.00 , 2411.47 
 0.00 ,  0.00 ,  0.00 
 0.00 ,  0.00 ,  0.00 
 0.00 ,  0.00 ,  0.00 
 0.00 ,  0.00 ,  0.00 
 0.00 ,  0.00 ,  0.00 
 0.00 ,  0.00 ,  0.00 
 0.00 ,  0.00 ,  0.00 
 0.00 ,  0.00 ,  0.00 
 0.00 ,  0.00 ,  0.00 
 0.00 ,  0.00 ,  0.00 
 0.00 ,  0.00 ,  0.00 
 0.00 ,  0.00 ,  0.00 
 0.00 ,  0.00 ,  0.00 
 0.00 ,  0.00 ,  0.00 
3020.93 ,  0.00 , 2809.46 
 0.00 ,  0.00 ,  0.00 
 0.00 ,  0.00 ,  0.00 
 0.00 ,  0.00 ,  0.00 
 0.00 ,  0.00 ,  0.00 
 0.00 ,  0.00 ,  0.00 
 0.00 ,  0.00 ,  0.00 
 0.00 ,  0.00 ,  0.00 
 0.00 ,  0.00 ,  0.00 
2592.98 ,  0.00 , 2411.47 
 0.00 ,  0.00 ,  0.00 
 0.00 ,  0.00 ,  0.00 
 0.00 ,  0.00 ,  0.00 
 0.00 ,  0.00 ,  0.00 
 0.00 ,  0.00 ,  0.00 
 0.00 ,  0.00 ,  0.00 
 0.00 ,  0.00 ,  0.00 
 0.00 ,  0.00 ,  0.00 
 0.00 ,  0.00 ,  0.00 
 0.00 ,  0.00 ,  0.00 
 0.00 ,  0.00 ,  0.00 
 0.00 ,  0.00 ,  0.00 
 0.00 ,  0.00 ,  0.00 
 0.00 ,  0.00 ,  0.00 
3020.93 ,  0.00 , 2809.46 
 0.00 ,  0.00 ,  0.00 
 0.00 ,  0.00 ,  0.00 
 0.00 ,  0.00 ,  0.00 
 0.00 ,  0.00 ,  0.00 
 0.00 ,  0.00 ,  0.00 
 0.00 ,  0.00 ,  0.00 
 0.00 ,  0.00 ,  0.00 
 0.00 ,  0.00 ,  0.00 
2592.98 ,  0.00 , 2411.47 
 0.00 ,  0.00 ,  0.00 
 0.00 ,  0.00 ,  0.00 
 0.00 ,  0.00 ,  0.00 
 0.00 ,  0.00 ,  0.00 
 0.00 ,  0.00 ,  0.00 
 0.00 ,  0.00 ,  0.00 
 0.00 ,  0.00 ,  0.00 
 0.00 ,  0.00 ,  0.00 
 0.00 ,  0.00 ,  0.00 
 0.00 ,  0.00 ,  0.00 
 0.00 ,  0.00 ,  0.00 
 0.00 ,  0.00 ,  0.00 
 0.00 ,  0.00 ,  0.00 
 0.00 ,  0.00 ,  0.00 
3020.93 ,  0.00 , 2809.46 
 0.00 ,  0.00 ,  0.00 
 0.00 ,  0.00 ,  0.00 
 0.00 ,  0.00 ,  0.00 
 0.00 ,  0.00 ,  0.00 
 0.00 ,  0.00 ,  0.00 
 0.00 ,  0.00 ,  0.00 
 0.00 ,  0.00 ,  0.00 
 0.00 ,  0.00 ,  0.00 
2592.98 ,  0.00 , 2411.47 
 0.00 ,  0.00 ,  0.00 
 0.00 ,  0.00 ,  0.00 
 0.00 ,  0.00 ,  0.00 
 0.00 ,  0.00 ,  0.00 
 0.00 ,  0.00 ,  0.00 
 0.00 ,  0.00 ,  0.00 
 0.00 ,  0.00 ,  0.00 
 0.00 ,  0.00 ,  0.00 
 0.00 ,  0.00 ,  0.00 
 0.00 ,  0.00 ,  0.00 
 0.00 ,  0.00 ,  0.00 
 0.00 ,  0.00 ,  0.00 
 0.00 ,  0.00 ,  0.00 
 0.00 ,  0.00 ,  0.00 
3020.93 ,  0.00 , 2809.46 
 0.00 ,  0.00 ,  0.00 
 0.00 ,  0.00 ,  0.00 
 0.00 ,  0.00 ,  0.00 
 0.00 ,  0.00 ,  0.00 
 0.00 ,  0.00 ,  0.00 
 0.00 ,  0.00 ,  0.00 
 0.00 ,  0.00 ,  0.00 
 0.00 ,  0.00 ,  0.00 
2592.98 ,  0.00 , 2411.47 
 0.00 ,  0.00 ,  0.00 
 0.00 ,  0.00 ,  0.00 
 0.00 ,  0.00 ,  0.00 
 0.00 ,  0.00 ,  0.00 
 0.00 ,  0.00 ,  0.00 
 0.00 ,  0.00 ,  0.00 
 0.00 ,  0.00 ,  0.00 
 0.00 ,  0.00 ,  0.00 
 0.00 ,  0.00 ,  0.00 
 0.00 ,  0.00 ,  0.00 
 0.00 ,  0.00 ,  0.00 
 0.00 ,  0.00 ,  0.00 
 0.00 ,  0.00 ,  0.00 
 0.00 ,  0.00 ,  0.00 
3020.93 ,  0.00 , 2809.46 
 0.00 ,  0.00 ,  0.00 
 0.00 ,  0.00 ,  0.00 
 0.00 ,  0.00 ,  0.00 
 0.00 ,  0.00 ,  0.00 
 0.00 ,  0.00 ,  0.00 
 0.00 ,  0.00 ,  0.00 
 0.00 ,  0.00 ,  0.00 
 0.00 ,  0.00 ,  0.00 
2592.98 ,  0.00 , 2411.47 
 0.00 ,  0.00 ,  0.00 
 0.00 ,  0.00 ,  0.00 
 0.00 ,  0.00 ,  0.00 
 0.00 ,  0.00 ,  0.00 
 0.00 ,  0.00 ,  0.00 
 0.00 ,  0.00 ,  0.00 
 0.00 ,  0.00 ,  0.00 
 0.00 ,  0.00 ,  0.00 
 0.00 ,  0.00 ,  0.00 
 0.00 ,  0.00 ,  0.00 
 0.00 ,  0.00 ,  0.00 
 0.00 ,  0.00 ,  0.00 
 0.00 ,  0.00 ,  0.00 
 0.00 ,  0.00 ,  0.00 
3020.93 ,  0.00 , 2809.46 
 0.00 ,  0.00 ,  0.00 
 0.00 ,  0.00 ,  0.00 
 0.00 ,  0.00 ,  0.00 
 0.00 ,  0.00 ,  0.00 
 0.00 ,  0.00 ,  0.00 
 0.00 ,  0.00 ,  0.00 
 0.00 ,  0.00 ,  0.00 
 0.00 ,  0.00 ,  0.00 
2592.98 ,  0.00 , 2411.47 
 0.00 ,  0.00 ,  0.00 
 0.00 ,  0.00 ,  0.00 
 0.00 ,  0.00 ,  0.00 
 0.00 ,  0.00 ,  0.00 
 0.00 ,  0.00 ,  0.00 
 0.00 ,  0.00 ,  0.00 
 0.00 ,  0.00 ,  0.00 
 0.00 ,  0.00 ,  0.00 
 0.00 ,  0.00 ,  0.00 
 0.00 ,  0.00 ,  0.00 
 0.00 ,  0.00 ,  0.00 
 0.00 ,  0.00 ,  0.00 
 0.00 ,  0.00 ,  0.00 
 0.00 ,  0.00 ,  0.00 
3020.93 ,  0.00 , 2809.46 
 0.00 ,  0.00 ,  0.00 
 0.00 ,  0.00 ,  0.00 
 0.00 ,  0.00 ,  0.00 
 0.00 ,  0.00 ,  0.00 
 0.00 ,  0.00 ,  0.00 
 0.00 ,  0.00 ,  0.00 
 0.00 ,  0.00 ,  0.00 
 0.00 ,  0.00 ,  0.00 
2592.98 ,  0.00 , 2411.47 
 0.00 ,  0.00 ,  0.00 
 0.00 ,  0.00 ,  0.00 
 0.00 ,  0.00 ,  0.00 
 0.00 ,  0.00 ,  0.00 
 0.00 ,  0.00 ,  0.00 
 0.00 ,  0.00 ,  0.00 
 0.00 ,  0.00 ,  0.00 
 0.00 ,  0.00 ,  0.00 
 0.00 ,  0.00 ,  0.00 
 0.00 ,  0.00 ,  0.00 
 0.00 ,  0.00 ,  0.00 
 0.00 ,  0.00 ,  0.00 
 0.00 ,  0.00 ,  0.00 
 0.00 ,  0.00 ,  0.00 
3020.93 ,  0.00 , 2809.46 
 0.00 ,  0.00 ,  0.00 
 0.00 ,  0.00 ,  0.00 
 0.00 ,  0.00 ,  0.00 
 0.00 ,  0.00 ,  0.00 
 0.00 ,  0.00 ,  0.00 
 0.00 ,  0.00 ,  0.00 
 0.00 ,  0.00 ,  0.00 
 0.00 ,  0.00 ,  0.00 
2592.98 ,  0.00 , 2411.47 
 0.00 ,  0.00 ,  0.00 
 0.00 ,  0.00 ,  0.00 
 0.00 ,  0.00 ,  0.00 
 0.00 ,  0.00 ,  0.00 
 0.00 ,  0.00 ,  0.00 
 0.00 ,  0.00 ,  0.00 
 0.00 ,  0.00 ,  0.00 
 0.00 ,  0.00 ,  0.00 
 0.00 ,  0.00 ,  0.00 
 0.00 ,  0.00 ,  0.00 
 0.00 ,  0.00 ,  0.00 
 0.00 ,  0.00 ,  0.00 
 0.00 ,  0.00 ,  0.00 
 0.00 ,  0.00 ,  0.00 
3020.93 ,  0.00 , 2809.46 
 0.00 ,  0.00 ,  0.00 
 0.00 ,  0.00 ,  0.00 
 0.00 ,  0.00 ,  0.00 
 0.00 ,  0.00 ,  0.00 
 0.00 ,  0.00 ,  0.00 
 0.00 ,  0.00 ,  0.00 
 0.00 ,  0.00 ,  0.00 
 0.00 ,  0.00 ,  0.00 
2592.98 ,  0.00 , 2411.47 
 0.00 ,  0.00 ,  0.00 
 0.00 ,  0.00 ,  0.00 
 0.00 ,  0.00 ,  0.00 
 0.00 ,  0.00 ,  0.00 
 0.00 ,  0.00 ,  0.00 
 0.00 ,  0.00 ,  0.00 
 0.00 ,  0.00 ,  0.00 
 0.00 ,  0.00 ,  0.00 
 0.00 ,  0.00 ,  0.00 
 0.00 ,  0.00 ,  0.00 
 0.00 ,  0.00 ,  0.00 
 0.00 ,  0.00 ,  0.00 
 0.00 ,  0.00 ,  0.00 
 0.00 ,  0.00 ,  0.00 
3020.93 ,  0.00 , 2809.46 
 0.00 ,  0.00 ,  0.00 
 0.00 ,  0.00 ,  0.00 
 0.00 ,  0.00 ,  0.00 
 0.00 ,  0.00 ,  0.00 
 0.00 ,  0.00 ,  0.00 
 0.00 ,  0.00 ,  0.00 
 0.00 ,  0.00 ,  0.00 
 0.00 ,  0.00 ,  0.00 
2592.98 ,  0.00 , 2411.47 
 0.00 ,  0.00 ,  0.00 
 0.00 ,  0.00 ,  0.00 
 0.00 ,  0.00 ,  0.00 
 0.00 ,  0.00 ,  0.00 
 0.00 ,  0.00 ,  0.00 
 0.00 ,  0.00 ,  0.00 
 0.00 ,  0.00 ,  0.00 
 0.00 ,  0.00 ,  0.00 
 0.00 ,  0.00 ,  0.00 
 0.00 ,  0.00 ,  0.00 
 0.00 ,  0.00 ,  0.00 
 0.00 ,  0.00 ,  0.00 
 0.00 ,  0.00 ,  0.00 
 0.00 ,  0.00 ,  0.00 
3020.93 ,  0.00 , 2809.46 
 0.00 ,  0.00 ,  0.00 
 0.00 ,  0.00 ,  0.00 
 0.00 ,  0.00 ,  0.00 
 0.00 ,  0.00 ,  0.00 
 0.00 ,  0.00 ,  0.00 
 0.00 ,  0.00 ,  0.00 
 0.00 ,  0.00 ,  0.00 
 0.00 ,  0.00 ,  0.00 
2592.98 ,  0.00 , 2411.47 
 0.00 ,  0.00 ,  0.00 
 0.00 ,  0.00 ,  0.00 
 0.00 ,  0.00 ,  0.00 
 0.00 ,  0.00 ,  0.00 
 0.00 ,  0.00 ,  0.00 
 0.00 ,  0.00 ,  0.00 
 0.00 ,  0.00 ,  0.00 
 0.00 ,  0.00 ,  0.00 
 0.00 ,  0.00 ,  0.00 
 0.00 ,  0.00 ,  0.00 
 0.00 ,  0.00 ,  0.00 
 0.00 ,  0.00 ,  0.00 
 0.00 ,  0.00 ,  0.00 
 0.00 ,  0.00 ,  0.00 
3020.93 ,  0.00 , 2809.46 
 0.00 ,  0.00 ,  0.00 
 0.00 ,  0.00 ,  0.00 
 0.00 ,  0.00 ,  0.00 
 0.00 ,  0.00 ,  0.00 
 0.00 ,  0.00 ,  0.00 
 0.00 ,  0.00 ,  0.00 
 0.00 ,  0.00 ,  0.00 
 0.00 ,  0.00 ,  0.00 
2592.98 ,  0.00 , 2411.47 
 0.00 ,  0.00 ,  0.00 
 0.00 ,  0.00 ,  0.00 
 0.00 ,  0.00 ,  0.00 
 0.00 ,  0.00 ,  0.00 
 0.00 ,  0.00 ,  0.00 
 0.00 ,  0.00 ,  0.00 
 0.00 ,  0.00 ,  0.00 
 0.00 ,  0.00 ,  0.00 
 0.00 ,  0.00 ,  0.00 
 0.00 ,  0.00 ,  0.00 
 0.00 ,  0.00 ,  0.00 
 0.00 ,  0.00 ,  0.00 
 0.00 ,  0.00 ,  0.00 
 0.00 ,  0.00 ,  0.00 
3020.93 ,  0.00 , 2809.46 
 0.00 ,  0.00 ,  0.00 
 0.00 ,  0.00 ,  0.00 
 0.00 ,  0.00 ,  0.00 
 0.00 ,  0.00 ,  0.00 
 0.00 ,  0.00 ,  0.00 
 0.00 ,  0.00 ,  0.00 
 0.00 ,  0.00 ,  0.00 
 0.00 ,  0.00 ,  0.00 
2592.98 ,  0.00 , 2411.47 
 0.00 ,  0.00 ,  0.00 
 0.00 ,  0.00 ,  0.00 
 0.00 ,  0.00 ,  0.00 
 0.00 ,  0.00 ,  0.00 
 0.00 ,  0.00 ,  0.00 
 0.00 ,  0.00 ,  0.00 
 0.00 ,  0.00 ,  0.00 
 0.00 ,  0.00 ,  0.00 
 0.00 ,  0.00 ,  0.00 
 0.00 ,  0.00 ,  0.00 
 0.00 ,  0.00 ,  0.00 
 0.00 ,  0.00 ,  0.00 
 0.00 ,  0.00 ,  0.00 
 0.00 ,  0.00 ,  0.00 
3020.93 ,  0.00 , 2809.46 
 0.00 ,  0.00 ,  0.00 
 0.00 ,  0.00 ,  0.00 
 0.00 ,  0.00 ,  0.00 
 0.00 ,  0.00 ,  0.00 
 0.00 ,  0.00 ,  0.00 
 0.00 ,  0.00 ,  0.00 
 0.00 ,  0.00 ,  0.00 
 0.00 ,  0.00 ,  0.00 
2592.98 ,  0.00 , 2411.47 
 0.00 ,  0.00 ,  0.00 
 0.00 ,  0.00 ,  0.00 
 0.00 ,  0.00 ,  0.00 
 0.00 ,  0.00 ,  0.00 
 0.00 ,  0.00 ,  0.00 
 0.00 ,  0.00 ,  0.00 
 0.00 ,  0.00 ,  0.00 
 0.00 ,  0.00 ,  0.00 
 0.00 ,  0.00 ,  0.00 
 0.00 ,  0.00 ,  0.00 
 0.00 ,  0.00 ,  0.00 
 0.00 ,  0.00 ,  0.00 
 0.00 ,  0.00 ,  0.00 
 0.00 ,  0.00 ,  0.00 
3020.93 ,  0.00 , 2809.46 
 0.00 ,  0.00 ,  0.00 
 0.00 ,  0.00 ,  0.00 
 0.00 ,  0.00 ,  0.00 
 0.00 ,  0.00 ,  0.00 
 0.00 ,  0.00 ,  0.00 
 0.00 ,  0.00 ,  0.00 
 0.00 ,  0.00 ,  0.00 
 0.00 ,  0.00 ,  0.00 
2592.98 ,  0.00 , 2411.47 
 0.00 ,  0.00 ,  0.00 
 0.00 ,  0.00 ,  0.00 
 0.00 ,  0.00 ,  0.00 
 0.00 ,  0.00 ,  0.00 
 0.00 ,  0.00 ,  0.00 
 0.00 ,  0.00 ,  0.00 
 0.00 ,  0.00 ,  0.00 
 0.00 ,  0.00 ,  0.00 
 0.00 ,  0.00 ,  0.00 
 0.00 ,  0.00 ,  0.00 
 0.00 ,  0.00 ,  0.00 
 0.00 ,  0.00 ,  0.00 
 0.00 ,  0.00 ,  0.00 
 0.00 ,  0.00 ,  0.00 
3020.93 ,  0.00 , 2809.46 
 0.00 ,  0.00 ,  0.00 
 0.00 ,  0.00 ,  0.00 
 0.00 ,  0.00 ,  0.00 
 0.00 ,  0.00 ,  0.00 
 0.00 ,  0.00 ,  0.00 
 0.00 ,  0.00 ,  0.00 
 0.00 ,  0.00 ,  0.00 
 0.00 ,  0.00 ,  0.00 
2592.98 ,  0.00 , 2411.47 
 0.00 ,  0.00 ,  0.00 
 0.00 ,  0.00 ,  0.00 
 0.00 ,  0.00 ,  0.00 
 0.00 ,  0.00 ,  0.00 
 0.00 ,  0.00 ,  0.00 
 0.00 ,  0.00 ,  0.00 
 0.00 ,  0.00 ,  0.00 
 0.00 ,  0.00 ,  0.00 
 0.00 ,  0.00 ,  0.00 
 0.00 ,  0.00 ,  0.00 
 0.00 ,  0.00 ,  0.00 
 0.00 ,  0.00 ,  0.00 
 0.00 ,  0.00 ,  0.00 
 0.00 ,  0.00 ,  0.00 
3020.93 ,  0.00 , 2809.46 
 0.00 ,  0.00 ,  0.00 
 0.00 ,  0.00 ,  0.00 
 0.00 ,  0.00 ,  0.00 
 0.00 ,  0.00 ,  0.00 
 0.00 ,  0.00 ,  0.00 
 0.00 ,  0.00 ,  0.00 
 0.00 ,  0.00 ,  0.00 
 0.00 ,  0.00 ,  0.00 
2592.98 ,  0.00 , 2411.47 
 0.00 ,  0.00 ,  0.00 
 0.00 ,  0.00 ,  0.00 
 0.00 ,  0.00 ,  0.00 
 0.00 ,  0.00 ,  0.00 
 0.00 ,  0.00 ,  0.00 
 0.00 ,  0.00 ,  0.00 
 0.00 ,  0.00 ,  0.00 
 0.00 ,  0.00 ,  0.00 
 0.00 ,  0.00 ,  0.00 
 0.00 ,  0.00 ,  0.00 
 0.00 ,  0.00 ,  0.00 
 0.00 ,  0.00 ,  0.00 
 0.00 ,  0.00 ,  0.00 
 0.00 ,  0.00 ,  0.00 
3020.93 ,  0.00 , 2809.46 
 0.00 ,  0.00 ,  0.00 
 0.00 ,  0.00 ,  0.00 
 0.00 ,  0.00 ,  0.00 
 0.00 ,  0.00 ,  0.00 
 0.00 ,  0.00 ,  0.00 
 0.00 ,  0.00 ,  0.00 
 0.00 ,  0.00 ,  0.00 
 0.00 ,  0.00 ,  0.00 
2592.98 ,  0.00 , 2411.47 
 0.00 ,  0.00 ,  0.00 
 0.00 ,  0.00 ,  0.00 
 0.00 ,  0.00 ,  0.00 
 0.00 ,  0.00 ,  0.00 
 0.00 ,  0.00 ,  0.00 
 0.00 ,  0.00 ,  0.00 
 0.00 ,  0.00 ,  0.00 
 0.00 ,  0.00 ,  0.00 
 0.00 ,  0.00 ,  0.00 
 0.00 ,  0.00 ,  0.00 
 0.00 ,  0.00 ,  0.00 
 0.00 ,  0.00 ,  0.00 
 0.00 ,  0.00 ,  0.00 
 0.00 ,  0.00 ,  0.00 
3020.93 ,  0.00 , 2809.46 
 0.00 ,  0.00 ,  0.00 
 0.00 ,  0.00 ,  0.00 
 0.00 ,  0.00 ,  0.00 
 0.00 ,  0.00 ,  0.00 
 0.00 ,  0.00 ,  0.00 
 0.00 ,  0.00 ,  0.00 
 0.00 ,  0.00 ,  0.00 
 0.00 ,  0.00 ,  0.00 
2592.98 ,  0.00 , 2411.47 
 0.00 ,  0.00 ,  0.00 
 0.00 ,  0.00 ,  0.00 
 0.00 ,  0.00 ,  0.00 
 0.00 ,  0.00 ,  0.00 
 0.00 ,  0.00 ,  0.00 
 0.00 ,  0.00 ,  0.00 
 0.00 ,  0.00 ,  0.00 
 0.00 ,  0.00 ,  0.00 
 0.00 ,  0.00 ,  0.00 
 0.00 ,  0.00 ,  0.00 
 0.00 ,  0.00 ,  0.00 
 0.00 ,  0.00 ,  0.00 
 0.00 ,  0.00 ,  0.00 
 0.00 ,  0.00 ,  0.00 
3020.93 ,  0.00 , 2809.46 
 0.00 ,  0.00 ,  0.00 
 0.00 ,  0.00 ,  0.00 
 0.00 ,  0.00 ,  0.00 
 0.00 ,  0.00 ,  0.00 
 0.00 ,  0.00 ,  0.00 
 0.00 ,  0.00 ,  0.00 
 0.00 ,  0.00 ,  0.00 
 0.00 ,  0.00 ,  0.00 
2592.98 ,  0.00 , 2411.47 
 0.00 ,  0.00 ,  0.00 
 0.00 ,  0.00 ,  0.00 
 0.00 ,  0.00 ,  0.00 
 0.00 ,  0.00 ,  0.00 
 0.00 ,  0.00 ,  0.00 
 0.00 ,  0.00 ,  0.00 
 0.00 ,  0.00 ,  0.00 
 0.00 ,  0.00 ,  0.00 
 0.00 ,  0.00 ,  0.00 
 0.00 ,  0.00 ,  0.00 
 0.00 ,  0.00 ,  0.00 
 0.00 ,  0.00 ,  0.00 
 0.00 ,  0.00 ,  0.00 
 0.00 ,  0.00 ,  0.00 
2971.54 ,  0.00 , 2763.54 
 0.00 ,  0.00 ,  0.00 
 0.00 ,  0.00 ,  0.00 
 0.00 ,  0.00 ,  0.00 
 0.00 ,  0.00 ,  0.00 
 0.00 ,  0.00 ,  0.00 
 0.00 ,  0.00 ,  0.00 
 0.00 ,  0.00 ,  0.00 
 0.00 ,  0.00 ,  0.00 
 0.00 ,  0.00 ,  0.00 
2649.01 ,  0.00 , 2463.58 
 0.00 ,  0.00 ,  0.00 
 0.00 ,  0.00 ,  0.00 
 0.00 ,  0.00 ,  0.00 
 0.00 ,  0.00 ,  0.00 
 0.00 ,  0.00 ,  0.00 
 0.00 ,  0.00 ,  0.00 
 0.00 ,  0.00 ,  0.00 
 0.00 ,  0.00 ,  0.00 
 0.00 ,  0.00 ,  0.00 
 0.00 ,  0.00 ,  0.00 
 0.00 ,  0.00 ,  0.00 
 0.00 ,  0.00 ,  0.00 
 0.00 ,  0.00 ,  0.00 
2645.87 ,  0.00 , 2460.66 
 0.00 ,  0.00 ,  0.00 
 0.00 ,  0.00 ,  0.00 
 0.00 ,  0.00 ,  0.00 
 0.00 ,  0.00 ,  0.00 
 0.00 ,  0.00 ,  0.00 
 0.00 ,  0.00 ,  0.00 
 0.00 ,  0.00 ,  0.00 
 0.00 ,  0.00 ,  0.00 
 0.00 ,  0.00 ,  0.00 
2649.01 ,  0.00 , 2463.58 
 0.00 ,  0.00 ,  0.00 
 0.00 ,  0.00 ,  0.00 
 0.00 ,  0.00 ,  0.00 
 0.00 ,  0.00 ,  0.00 
 0.00 ,  0.00 ,  0.00 
 0.00 ,  0.00 ,  0.00 
 0.00 ,  0.00 ,  0.00 
 0.00 ,  0.00 ,  0.00 
 0.00 ,  0.00 ,  0.00 
 0.00 ,  0.00 ,  0.00 
 0.00 ,  0.00 ,  0.00 
 0.00 ,  0.00 ,  0.00 
 0.00 ,  0.00 ,  0.00 
2645.87 ,  0.00 , 2460.66 
 0.00 ,  0.00 ,  0.00 
 0.00 ,  0.00 ,  0.00 
 0.00 ,  0.00 ,  0.00 
 0.00 ,  0.00 ,  0.00 
 0.00 ,  0.00 ,  0.00 
 0.00 ,  0.00 ,  0.00 
 0.00 ,  0.00 ,  0.00 
 0.00 ,  0.00 ,  0.00 
 0.00 ,  0.00 ,  0.00 
2649.01 ,  0.00 , 2463.58 
 0.00 ,  0.00 ,  0.00 
 0.00 ,  0.00 ,  0.00 
 0.00 ,  0.00 ,  0.00 
 0.00 ,  0.00 ,  0.00 
 0.00 ,  0.00 ,  0.00 
 0.00 ,  0.00 ,  0.00 
 0.00 ,  0.00 ,  0.00 
 0.00 ,  0.00 ,  0.00 
 0.00 ,  0.00 ,  0.00 
 0.00 ,  0.00 ,  0.00 
 0.00 ,  0.00 ,  0.00 
 0.00 ,  0.00 ,  0.00 
 0.00 ,  0.00 ,  0.00 
2645.87 ,  0.00 , 2460.66 
 0.00 ,  0.00 ,  0.00 
 0.00 ,  0.00 ,  0.00 
 0.00 ,  0.00 ,  0.00 
 0.00 ,  0.00 ,  0.00 
 0.00 ,  0.00 ,  0.00 
 0.00 ,  0.00 ,  0.00 
 0.00 ,  0.00 ,  0.00 
 0.00 ,  0.00 ,  0.00 
 0.00 ,  0.00 ,  0.00 
2649.01 ,  0.00 , 2463.58 
 0.00 ,  0.00 ,  0.00 
 0.00 ,  0.00 ,  0.00 
 0.00 ,  0.00 ,  0.00 
 0.00 ,  0.00 ,  0.00 
 0.00 ,  0.00 ,  0.00 
 0.00 ,  0.00 ,  0.00 
 0.00 ,  0.00 ,  0.00 
 0.00 ,  0.00 ,  0.00 
 0.00 ,  0.00 ,  0.00 
 0.00 ,  0.00 ,  0.00 
 0.00 ,  0.00 ,  0.00 
 0.00 ,  0.00 ,  0.00 
 0.00 ,  0.00 ,  0.00 
2645.87 ,  0.00 , 2460.66 
 0.00 ,  0.00 ,  0.00 
 0.00 ,  0.00 ,  0.00 
 0.00 ,  0.00 ,  0.00 
 0.00 ,  0.00 ,  0.00 
 0.00 ,  0.00 ,  0.00 
 0.00 ,  0.00 ,  0.00 
 0.00 ,  0.00 ,  0.00 
 0.00 ,  0.00 ,  0.00 
 0.00 ,  0.00 ,  0.00 
2649.01 ,  0.00 , 2463.58 
 0.00 ,  0.00 ,  0.00 
 0.00 ,  0.00 ,  0.00 
 0.00 ,  0.00 ,  0.00 
 0.00 ,  0.00 ,  0.00 
 0.00 ,  0.00 ,  0.00 
 0.00 ,  0.00 ,  0.00 
 0.00 ,  0.00 ,  0.00 
 0.00 ,  0.00 ,  0.00 
 0.00 ,  0.00 ,  0.00 
 0.00 ,  0.00 ,  0.00 
 0.00 ,  0.00 ,  0.00 
 0.00 ,  0.00 ,  0.00 
 0.00 ,  0.00 ,  0.00 
2645.87 ,  0.00 , 2460.66 
 0.00 ,  0.00 ,  0.00 
 0.00 ,  0.00 ,  0.00 
 0.00 ,  0.00 ,  0.00 
 0.00 ,  0.00 ,  0.00 
 0.00 ,  0.00 ,  0.00 
 0.00 ,  0.00 ,  0.00 
 0.00 ,  0.00 ,  0.00 
 0.00 ,  0.00 ,  0.00 
 0.00 ,  0.00 ,  0.00 
2649.01 ,  0.00 , 2463.58 
 0.00 ,  0.00 ,  0.00 
 0.00 ,  0.00 ,  0.00 
 0.00 ,  0.00 ,  0.00 
 0.00 ,  0.00 ,  0.00 
 0.00 ,  0.00 ,  0.00 
 0.00 ,  0.00 ,  0.00 
 0.00 ,  0.00 ,  0.00 
 0.00 ,  0.00 ,  0.00 
 0.00 ,  0.00 ,  0.00 
 0.00 ,  0.00 ,  0.00 
 0.00 ,  0.00 ,  0.00 
 0.00 ,  0.00 ,  0.00 
 0.00 ,  0.00 ,  0.00 
2645.87 ,  0.00 , 2460.66 
 0.00 ,  0.00 ,  0.00 
 0.00 ,  0.00 ,  0.00 
 0.00 ,  0.00 ,  0.00 
 0.00 ,  0.00 ,  0.00 
 0.00 ,  0.00 ,  0.00 
 0.00 ,  0.00 ,  0.00 
 0.00 ,  0.00 ,  0.00 
 0.00 ,  0.00 ,  0.00 
 0.00 ,  0.00 ,  0.00 
2649.01 ,  0.00 , 2463.58 
 0.00 ,  0.00 ,  0.00 
 0.00 ,  0.00 ,  0.00 
 0.00 ,  0.00 ,  0.00 
 0.00 ,  0.00 ,  0.00 
 0.00 ,  0.00 ,  0.00 
 0.00 ,  0.00 ,  0.00 
 0.00 ,  0.00 ,  0.00 
 0.00 ,  0.00 ,  0.00 
 0.00 ,  0.00 ,  0.00 
 0.00 ,  0.00 ,  0.00 
 0.00 ,  0.00 ,  0.00 
 0.00 ,  0.00 ,  0.00 
 0.00 ,  0.00 ,  0.00 
2645.87 ,  0.00 , 2460.66 
 0.00 ,  0.00 ,  0.00 
 0.00 ,  0.00 ,  0.00 
 0.00 ,  0.00 ,  0.00 
 0.00 ,  0.00 ,  0.00 
 0.00 ,  0.00 ,  0.00 
 0.00 ,  0.00 ,  0.00 
 0.00 ,  0.00 ,  0.00 
 0.00 ,  0.00 ,  0.00 
 0.00 ,  0.00 ,  0.00 
2649.01 ,  0.00 , 2463.58 
 0.00 ,  0.00 ,  0.00 
 0.00 ,  0.00 ,  0.00 
 0.00 ,  0.00 ,  0.00 
 0.00 ,  0.00 ,  0.00 
 0.00 ,  0.00 ,  0.00 
 0.00 ,  0.00 ,  0.00 
 0.00 ,  0.00 ,  0.00 
 0.00 ,  0.00 ,  0.00 
 0.00 ,  0.00 ,  0.00 
 0.00 ,  0.00 ,  0.00 
 0.00 ,  0.00 ,  0.00 
 0.00 ,  0.00 ,  0.00 
 0.00 ,  0.00 ,  0.00 
2645.87 ,  0.00 , 2460.66 
 0.00 ,  0.00 ,  0.00 
 0.00 ,  0.00 ,  0.00 
 0.00 ,  0.00 ,  0.00 
 0.00 ,  0.00 ,  0.00 
 0.00 ,  0.00 ,  0.00 
 0.00 ,  0.00 ,  0.00 
 0.00 ,  0.00 ,  0.00 
 0.00 ,  0.00 ,  0.00 
 0.00 ,  0.00 ,  0.00 
2649.01 ,  0.00 , 2463.58 
 0.00 ,  0.00 ,  0.00 
 0.00 ,  0.00 ,  0.00 
 0.00 ,  0.00 ,  0.00 
 0.00 ,  0.00 ,  0.00 
 0.00 ,  0.00 ,  0.00 
 0.00 ,  0.00 ,  0.00 
 0.00 ,  0.00 ,  0.00 
 0.00 ,  0.00 ,  0.00 
 0.00 ,  0.00 ,  0.00 
 0.00 ,  0.00 ,  0.00 
 0.00 ,  0.00 ,  0.00 
 0.00 ,  0.00 ,  0.00 
 0.00 ,  0.00 ,  0.00 
2645.87 ,  0.00 , 2460.66 
 0.00 ,  0.00 ,  0.00 
 0.00 ,  0.00 ,  0.00 
 0.00 ,  0.00 ,  0.00 
 0.00 ,  0.00 ,  0.00 
 0.00 ,  0.00 ,  0.00 
 0.00 ,  0.00 ,  0.00 
 0.00 ,  0.00 ,  0.00 
 0.00 ,  0.00 ,  0.00 
 0.00 ,  0.00 ,  0.00 
2649.01 ,  0.00 , 2463.58 
 0.00 ,  0.00 ,  0.00 
 0.00 ,  0.00 ,  0.00 
 0.00 ,  0.00 ,  0.00 
 0.00 ,  0.00 ,  0.00 
 0.00 ,  0.00 ,  0.00 
 0.00 ,  0.00 ,  0.00 
 0.00 ,  0.00 ,  0.00 
 0.00 ,  0.00 ,  0.00 
 0.00 ,  0.00 ,  0.00 
 0.00 ,  0.00 ,  0.00 
 0.00 ,  0.00 ,  0.00 
 0.00 ,  0.00 ,  0.00 
 0.00 ,  0.00 ,  0.00 
2645.87 ,  0.00 , 2460.66 
 0.00 ,  0.00 ,  0.00 
 0.00 ,  0.00 ,  0.00 
 0.00 ,  0.00 ,  0.00 
 0.00 ,  0.00 ,  0.00 
 0.00 ,  0.00 ,  0.00 
 0.00 ,  0.00 ,  0.00 
 0.00 ,  0.00 ,  0.00 
 0.00 ,  0.00 ,  0.00 
 0.00 ,  0.00 ,  0.00 
2649.01 ,  0.00 , 2463.58 
 0.00 ,  0.00 ,  0.00 
 0.00 ,  0.00 ,  0.00 
 0.00 ,  0.00 ,  0.00 
 0.00 ,  0.00 ,  0.00 
 0.00 ,  0.00 ,  0.00 
 0.00 ,  0.00 ,  0.00 
 0.00 ,  0.00 ,  0.00 
 0.00 ,  0.00 ,  0.00 
 0.00 ,  0.00 ,  0.00 
 0.00 ,  0.00 ,  0.00 
 0.00 ,  0.00 ,  0.00 
 0.00 ,  0.00 ,  0.00 
 0.00 ,  0.00 ,  0.00 
2645.87 ,  0.00 , 2460.66 
 0.00 ,  0.00 ,  0.00 
 0.00 ,  0.00 ,  0.00 
 0.00 ,  0.00 ,  0.00 
 0.00 ,  0.00 ,  0.00 
 0.00 ,  0.00 ,  0.00 
 0.00 ,  0.00 ,  0.00 
 0.00 ,  0.00 ,  0.00 
 0.00 ,  0.00 ,  0.00 
 0.00 ,  0.00 ,  0.00 
2649.01 ,  0.00 , 2463.58 
 0.00 ,  0.00 ,  0.00 
 0.00 ,  0.00 ,  0.00 
 0.00 ,  0.00 ,  0.00 
 0.00 ,  0.00 ,  0.00 
 0.00 ,  0.00 ,  0.00 
 0.00 ,  0.00 ,  0.00 
 0.00 ,  0.00 ,  0.00 
 0.00 ,  0.00 ,  0.00 
 0.00 ,  0.00 ,  0.00 
 0.00 ,  0.00 ,  0.00 
 0.00 ,  0.00 ,  0.00 
 0.00 ,  0.00 ,  0.00 
 0.00 ,  0.00 ,  0.00 
2645.87 ,  0.00 , 2460.66 
 0.00 ,  0.00 ,  0.00 
 0.00 ,  0.00 ,  0.00 
 0.00 ,  0.00 ,  0.00 
 0.00 ,  0.00 ,  0.00 
 0.00 ,  0.00 ,  0.00 
 0.00 ,  0.00 ,  0.00 
 0.00 ,  0.00 ,  0.00 
 0.00 ,  0.00 ,  0.00 
 0.00 ,  0.00 ,  0.00 
2649.01 ,  0.00 , 2463.58 
 0.00 ,  0.00 ,  0.00 
 0.00 ,  0.00 ,  0.00 
 0.00 ,  0.00 ,  0.00 
 0.00 ,  0.00 ,  0.00 
 0.00 ,  0.00 ,  0.00 
 0.00 ,  0.00 ,  0.00 
 0.00 ,  0.00 ,  0.00 
 0.00 ,  0.00 ,  0.00 
 0.00 ,  0.00 ,  0.00 
 0.00 ,  0.00 ,  0.00 
 0.00 ,  0.00 ,  0.00 
 0.00 ,  0.00 ,  0.00 
 0.00 ,  0.00 ,  0.00 
2645.87 ,  0.00 , 2460.66 
 0.00 ,  0.00 ,  0.00 
 0.00 ,  0.00 ,  0.00 
 0.00 ,  0.00 ,  0.00 
 0.00 ,  0.00 ,  0.00 
 0.00 ,  0.00 ,  0.00 
 0.00 ,  0.00 ,  0.00 
 0.00 ,  0.00 ,  0.00 
 0.00 ,  0.00 ,  0.00 
 0.00 ,  0.00 ,  0.00 
2649.01 ,  0.00 , 2463.58 
 0.00 ,  0.00 ,  0.00 
 0.00 ,  0.00 ,  0.00 
 0.00 ,  0.00 ,  0.00 
 0.00 ,  0.00 ,  0.00 
 0.00 ,  0.00 ,  0.00 
 0.00 ,  0.00 ,  0.00 
 0.00 ,  0.00 ,  0.00 
 0.00 ,  0.00 ,  0.00 
 0.00 ,  0.00 ,  0.00 
 0.00 ,  0.00 ,  0.00 
 0.00 ,  0.00 ,  0.00 
 0.00 ,  0.00 ,  0.00 
 0.00 ,  0.00 ,  0.00 
2645.87 ,  0.00 , 2460.66 
 0.00 ,  0.00 ,  0.00 
 0.00 ,  0.00 ,  0.00 
 0.00 ,  0.00 ,  0.00 
 0.00 ,  0.00 ,  0.00 
 0.00 ,  0.00 ,  0.00 
 0.00 ,  0.00 ,  0.00 
 0.00 ,  0.00 ,  0.00 
 0.00 ,  0.00 ,  0.00 
 0.00 ,  0.00 ,  0.00 
2649.01 ,  0.00 , 2463.58 
 0.00 ,  0.00 ,  0.00 
 0.00 ,  0.00 ,  0.00 
 0.00 ,  0.00 ,  0.00 
 0.00 ,  0.00 ,  0.00 
 0.00 ,  0.00 ,  0.00 
 0.00 ,  0.00 ,  0.00 
 0.00 ,  0.00 ,  0.00 
 0.00 ,  0.00 ,  0.00 
 0.00 ,  0.00 ,  0.00 
 0.00 ,  0.00 ,  0.00 
 0.00 ,  0.00 ,  0.00 
 0.00 ,  0.00 ,  0.00 
 0.00 ,  0.00 ,  0.00 
2645.87 ,  0.00 , 2460.66 
 0.00 ,  0.00 ,  0.00 
 0.00 ,  0.00 ,  0.00 
 0.00 ,  0.00 ,  0.00 
 0.00 ,  0.00 ,  0.00 
 0.00 ,  0.00 ,  0.00 
 0.00 ,  0.00 ,  0.00 
 0.00 ,  0.00 ,  0.00 
 0.00 ,  0.00 ,  0.00 
 0.00 ,  0.00 ,  0.00 
2649.01 ,  0.00 , 2463.58 
 0.00 ,  0.00 ,  0.00 
 0.00 ,  0.00 ,  0.00 
 0.00 ,  0.00 ,  0.00 
 0.00 ,  0.00 ,  0.00 
 0.00 ,  0.00 ,  0.00 
 0.00 ,  0.00 ,  0.00 
 0.00 ,  0.00 ,  0.00 
 0.00 ,  0.00 ,  0.00 
 0.00 ,  0.00 ,  0.00 
 0.00 ,  0.00 ,  0.00 
 0.00 ,  0.00 ,  0.00 
 0.00 ,  0.00 ,  0.00 
 0.00 ,  0.00 ,  0.00 
2645.87 ,  0.00 , 2460.66 
 0.00 ,  0.00 ,  0.00 
 0.00 ,  0.00 ,  0.00 
 0.00 ,  0.00 ,  0.00 
 0.00 ,  0.00 ,  0.00 
 0.00 ,  0.00 ,  0.00 
 0.00 ,  0.00 ,  0.00 
 0.00 ,  0.00 ,  0.00 
 0.00 ,  0.00 ,  0.00 
 0.00 ,  0.00 ,  0.00 
2649.01 ,  0.00 , 2463.58 
 0.00 ,  0.00 ,  0.00 
 0.00 ,  0.00 ,  0.00 
 0.00 ,  0.00 ,  0.00 
 0.00 ,  0.00 ,  0.00 
 0.00 ,  0.00 ,  0.00 
 0.00 ,  0.00 ,  0.00 
 0.00 ,  0.00 ,  0.00 
 0.00 ,  0.00 ,  0.00 
 0.00 ,  0.00 ,  0.00 
 0.00 ,  0.00 ,  0.00 
 0.00 ,  0.00 ,  0.00 
 0.00 ,  0.00 ,  0.00 
 0.00 ,  0.00 ,  0.00 
2645.87 ,  0.00 , 2460.66 
 0.00 ,  0.00 ,  0.00 
 0.00 ,  0.00 ,  0.00 
 0.00 ,  0.00 ,  0.00 
 0.00 ,  0.00 ,  0.00 
 0.00 ,  0.00 ,  0.00 
 0.00 ,  0.00 ,  0.00 
 0.00 ,  0.00 ,  0.00 
 0.00 ,  0.00 ,  0.00 
 0.00 ,  0.00 ,  0.00 
2649.01 ,  0.00 , 2463.58 
 0.00 ,  0.00 ,  0.00 
 0.00 ,  0.00 ,  0.00 
 0.00 ,  0.00 ,  0.00 
 0.00 ,  0.00 ,  0.00 
 0.00 ,  0.00 ,  0.00 
 0.00 ,  0.00 ,  0.00 
 0.00 ,  0.00 ,  0.00 
 0.00 ,  0.00 ,  0.00 
 0.00 ,  0.00 ,  0.00 
 0.00 ,  0.00 ,  0.00 
 0.00 ,  0.00 ,  0.00 
 0.00 ,  0.00 ,  0.00 
 0.00 ,  0.00 ,  0.00 
2645.87 ,  0.00 , 2460.66 
 0.00 ,  0.00 ,  0.00 
 0.00 ,  0.00 ,  0.00 
 0.00 ,  0.00 ,  0.00 
 0.00 ,  0.00 ,  0.00 
 0.00 ,  0.00 ,  0.00 
 0.00 ,  0.00 ,  0.00 
 0.00 ,  0.00 ,  0.00 
 0.00 ,  0.00 ,  0.00 
 0.00 ,  0.00 ,  0.00 
2649.01 ,  0.00 , 2463.58 
 0.00 ,  0.00 ,  0.00 
 0.00 ,  0.00 ,  0.00 
 0.00 ,  0.00 ,  0.00 
 0.00 ,  0.00 ,  0.00 
 0.00 ,  0.00 ,  0.00 
 0.00 ,  0.00 ,  0.00 
 0.00 ,  0.00 ,  0.00 
 0.00 ,  0.00 ,  0.00 
 0.00 ,  0.00 ,  0.00 
 0.00 ,  0.00 ,  0.00 
 0.00 ,  0.00 ,  0.00 
 0.00 ,  0.00 ,  0.00 
 0.00 ,  0.00 ,  0.00 
2645.87 ,  0.00 , 2460.66 
 0.00 ,  0.00 ,  0.00 
 0.00 ,  0.00 ,  0.00 
 0.00 ,  0.00 ,  0.00 
 0.00 ,  0.00 ,  0.00 
 0.00 ,  0.00 ,  0.00 
 0.00 ,  0.00 ,  0.00 
 0.00 ,  0.00 ,  0.00 
 0.00 ,  0.00 ,  0.00 
 0.00 ,  0.00 ,  0.00 
2649.01 ,  0.00 , 2463.58 
 0.00 ,  0.00 ,  0.00 
 0.00 ,  0.00 ,  0.00 
 0.00 ,  0.00 ,  0.00 
 0.00 ,  0.00 ,  0.00 
 0.00 ,  0.00 ,  0.00 
 0.00 ,  0.00 ,  0.00 
 0.00 ,  0.00 ,  0.00 
 0.00 ,  0.00 ,  0.00 
 0.00 ,  0.00 ,  0.00 
 0.00 ,  0.00 ,  0.00 
 0.00 ,  0.00 ,  0.00 
 0.00 ,  0.00 ,  0.00 
 0.00 ,  0.00 ,  0.00 
2645.87 ,  0.00 , 2460.66 
 0.00 ,  0.00 ,  0.00 
 0.00 ,  0.00 ,  0.00 
 0.00 ,  0.00 ,  0.00 
 0.00 ,  0.00 ,  0.00 
 0.00 ,  0.00 ,  0.00 
 0.00 ,  0.00 ,  0.00 
 0.00 ,  0.00 ,  0.00 
 0.00 ,  0.00 ,  0.00 
 0.00 ,  0.00 ,  0.00 
2649.01 ,  0.00 , 2463.58 
 0.00 ,  0.00 ,  0.00 
 0.00 ,  0.00 ,  0.00 
 0.00 ,  0.00 ,  0.00 
 0.00 ,  0.00 ,  0.00 
 0.00 ,  0.00 ,  0.00 
 0.00 ,  0.00 ,  0.00 
 0.00 ,  0.00 ,  0.00 
 0.00 ,  0.00 ,  0.00 
 0.00 ,  0.00 ,  0.00 
 0.00 ,  0.00 ,  0.00 
 0.00 ,  0.00 ,  0.00 
 0.00 ,  0.00 ,  0.00 
 0.00 ,  0.00 ,  0.00 
2645.87 ,  0.00 , 2460.66 
 0.00 ,  0.00 ,  0.00 
 0.00 ,  0.00 ,  0.00 
 0.00 ,  0.00 ,  0.00 
 0.00 ,  0.00 ,  0.00 
 0.00 ,  0.00 ,  0.00 
 0.00 ,  0.00 ,  0.00 
 0.00 ,  0.00 ,  0.00 
 0.00 ,  0.00 ,  0.00 
 0.00 ,  0.00 ,  0.00 
2649.01 ,  0.00 , 2463.58 
 0.00 ,  0.00 ,  0.00 
 0.00 ,  0.00 ,  0.00 
 0.00 ,  0.00 ,  0.00 
 0.00 ,  0.00 ,  0.00 
 0.00 ,  0.00 ,  0.00 
 0.00 ,  0.00 ,  0.00 
 0.00 ,  0.00 ,  0.00 
 0.00 ,  0.00 ,  0.00 
 0.00 ,  0.00 ,  0.00 
 0.00 ,  0.00 ,  0.00 
 0.00 ,  0.00 ,  0.00 
 0.00 ,  0.00 ,  0.00 
 0.00 ,  0.00 ,  0.00 
2645.87 ,  0.00 , 2460.66 
 0.00 ,  0.00 ,  0.00 
 0.00 ,  0.00 ,  0.00 
 0.00 ,  0.00 ,  0.00 
 0.00 ,  0.00 ,  0.00 
 0.00 ,  0.00 ,  0.00 
 0.00 ,  0.00 ,  0.00 
 0.00 ,  0.00 ,  0.00 
 0.00 ,  0.00 ,  0.00 
 0.00 ,  0.00 ,  0.00 
2649.01 ,  0.00 , 2463.58 
 0.00 ,  0.00 ,  0.00 
 0.00 ,  0.00 ,  0.00 
 0.00 ,  0.00 ,  0.00 
 0.00 ,  0.00 ,  0.00 
 0.00 ,  0.00 ,  0.00 
 0.00 ,  0.00 ,  0.00 
 0.00 ,  0.00 ,  0.00 
 0.00 ,  0.00 ,  0.00 
 0.00 ,  0.00 ,  0.00 
 0.00 ,  0.00 ,  0.00 
 0.00 ,  0.00 ,  0.00 
 0.00 ,  0.00 ,  0.00 
 0.00 ,  0.00 ,  0.00 
2645.87 ,  0.00 , 2460.66 
 0.00 ,  0.00 ,  0.00 
 0.00 ,  0.00 ,  0.00 
 0.00 ,  0.00 ,  0.00 
 0.00 ,  0.00 ,  0.00 
 0.00 ,  0.00 ,  0.00 
 0.00 ,  0.00 ,  0.00 
 0.00 ,  0.00 ,  0.00 
 0.00 ,  0.00 ,  0.00 
 0.00 ,  0.00 ,  0.00 
2649.01 ,  0.00 , 2463.58 
 0.00 ,  0.00 ,  0.00 
 0.00 ,  0.00 ,  0.00 
 0.00 ,  0.00 ,  0.00 
 0.00 ,  0.00 ,  0.00 
 0.00 ,  0.00 ,  0.00 
 0.00 ,  0.00 ,  0.00 
 0.00 ,  0.00 ,  0.00 
 0.00 ,  0.00 ,  0.00 
 0.00 ,  0.00 ,  0.00 
 0.00 ,  0.00 ,  0.00 
 0.00 ,  0.00 ,  0.00 
 0.00 ,  0.00 ,  0.00 
 0.00 ,  0.00 ,  0.00 
2645.87 ,  0.00 , 2460.66 
 0.00 ,  0.00 ,  0.00 
 0.00 ,  0.00 ,  0.00 
 0.00 ,  0.00 ,  0.00 
 0.00 ,  0.00 ,  0.00 
 0.00 ,  0.00 ,  0.00 
 0.00 ,  0.00 ,  0.00 
 0.00 ,  0.00 ,  0.00 
 0.00 ,  0.00 ,  0.00 
 0.00 ,  0.00 ,  0.00 
2649.01 ,  0.00 , 2463.58 
 0.00 ,  0.00 ,  0.00 
 0.00 ,  0.00 ,  0.00 
 0.00 ,  0.00 ,  0.00 
 0.00 ,  0.00 ,  0.00 
 0.00 ,  0.00 ,  0.00 
 0.00 ,  0.00 ,  0.00 
 0.00 ,  0.00 ,  0.00 
 0.00 ,  0.00 ,  0.00 
 0.00 ,  0.00 ,  0.00 
 0.00 ,  0.00 ,  0.00 
 0.00 ,  0.00 ,  0.00 
 0.00 ,  0.00 ,  0.00 
 0.00 ,  0.00 ,  0.00 
2645.87 ,  0.00 , 2460.66 
 0.00 ,  0.00 ,  0.00 
 0.00 ,  0.00 ,  0.00 
 0.00 ,  0.00 ,  0.00 
 0.00 ,  0.00 ,  0.00 
 0.00 ,  0.00 ,  0.00 
 0.00 ,  0.00 ,  0.00 
 0.00 ,  0.00 ,  0.00 
 0.00 ,  0.00 ,  0.00 
 0.00 ,  0.00 ,  0.00 
2649.01 ,  0.00 , 2463.58 
 0.00 ,  0.00 ,  0.00 
 0.00 ,  0.00 ,  0.00 
 0.00 ,  0.00 ,  0.00 
 0.00 ,  0.00 ,  0.00 
 0.00 ,  0.00 ,  0.00 
 0.00 ,  0.00 ,  0.00 
 0.00 ,  0.00 ,  0.00 
 0.00 ,  0.00 ,  0.00 
 0.00 ,  0.00 ,  0.00 
 0.00 ,  0.00 ,  0.00 
 0.00 ,  0.00 ,  0.00 
 0.00 ,  0.00 ,  0.00 
 0.00 ,  0.00 ,  0.00 
2645.87 ,  0.00 , 2460.66 
 0.00 ,  0.00 ,  0.00 
 0.00 ,  0.00 ,  0.00 
 0.00 ,  0.00 ,  0.00 
 0.00 ,  0.00 ,  0.00 
 0.00 ,  0.00 ,  0.00 
 0.00 ,  0.00 ,  0.00 
 0.00 ,  0.00 ,  0.00 
 0.00 ,  0.00 ,  0.00 
 0.00 ,  0.00 ,  0.00 
2649.01 ,  0.00 , 2463.58 
 0.00 ,  0.00 ,  0.00 
 0.00 ,  0.00 ,  0.00 
 0.00 ,  0.00 ,  0.00 
 0.00 ,  0.00 ,  0.00 
 0.00 ,  0.00 ,  0.00 
 0.00 ,  0.00 ,  0.00 
 0.00 ,  0.00 ,  0.00 
 0.00 ,  0.00 ,  0.00 
 0.00 ,  0.00 ,  0.00 
 0.00 ,  0.00 ,  0.00 
 0.00 ,  0.00 ,  0.00 
 0.00 ,  0.00 ,  0.00 
 0.00 ,  0.00 ,  0.00 
2645.87 ,  0.00 , 2460.66 
 0.00 ,  0.00 ,  0.00 
 0.00 ,  0.00 ,  0.00 
 0.00 ,  0.00 ,  0.00 
 0.00 ,  0.00 ,  0.00 
 0.00 ,  0.00 ,  0.00 
 0.00 ,  0.00 ,  0.00 
 0.00 ,  0.00 ,  0.00 
 0.00 ,  0.00 ,  0.00 
 0.00 ,  0.00 ,  0.00 
2649.01 ,  0.00 , 2463.58 
 0.00 ,  0.00 ,  0.00 
 0.00 ,  0.00 ,  0.00 
 0.00 ,  0.00 ,  0.00 
 0.00 ,  0.00 ,  0.00 
 0.00 ,  0.00 ,  0.00 
 0.00 ,  0.00 ,  0.00 
 0.00 ,  0.00 ,  0.00 
 0.00 ,  0.00 ,  0.00 
 0.00 ,  0.00 ,  0.00 
 0.00 ,  0.00 ,  0.00 
 0.00 ,  0.00 ,  0.00 
 0.00 ,  0.00 ,  0.00 
 0.00 ,  0.00 ,  0.00 
2645.87 ,  0.00 , 2460.66 
 0.00 ,  0.00 ,  0.00 
 0.00 ,  0.00 ,  0.00 
 0.00 ,  0.00 ,  0.00 
 0.00 ,  0.00 ,  0.00 
 0.00 ,  0.00 ,  0.00 
 0.00 ,  0.00 ,  0.00 
 0.00 ,  0.00 ,  0.00 
 0.00 ,  0.00 ,  0.00 
 0.00 ,  0.00 ,  0.00 
2649.01 ,  0.00 , 2463.58 
 0.00 ,  0.00 ,  0.00 
 0.00 ,  0.00 ,  0.00 
 0.00 ,  0.00 ,  0.00 
 0.00 ,  0.00 ,  0.00 
 0.00 ,  0.00 ,  0.00 
 0.00 ,  0.00 ,  0.00 
 0.00 ,  0.00 ,  0.00 
 0.00 ,  0.00 ,  0.00 
 0.00 ,  0.00 ,  0.00 
 0.00 ,  0.00 ,  0.00 
 0.00 ,  0.00 ,  0.00 
 0.00 ,  0.00 ,  0.00 
 0.00 ,  0.00 ,  0.00 
2645.87 ,  0.00 , 2460.66 
 0.00 ,  0.00 ,  0.00 
 0.00 ,  0.00 ,  0.00 
 0.00 ,  0.00 ,  0.00 
 0.00 ,  0.00 ,  0.00 
 0.00 ,  0.00 ,  0.00 
 0.00 ,  0.00 ,  0.00 
 0.00 ,  0.00 ,  0.00 
 0.00 ,  0.00 ,  0.00 
 0.00 ,  0.00 ,  0.00 
2649.01 ,  0.00 , 2463.58 
 0.00 ,  0.00 ,  0.00 
 0.00 ,  0.00 ,  0.00 
 0.00 ,  0.00 ,  0.00 
 0.00 ,  0.00 ,  0.00 
 0.00 ,  0.00 ,  0.00 
 0.00 ,  0.00 ,  0.00 
 0.00 ,  0.00 ,  0.00 
 0.00 ,  0.00 ,  0.00 
 0.00 ,  0.00 ,  0.00 
 0.00 ,  0.00 ,  0.00 
 0.00 ,  0.00 ,  0.00 
 0.00 ,  0.00 ,  0.00 
 0.00 ,  0.00 ,  0.00 
2645.87 ,  0.00 , 2460.66 
 0.00 ,  0.00 ,  0.00 
 0.00 ,  0.00 ,  0.00 
 0.00 ,  0.00 ,  0.00 
 0.00 ,  0.00 ,  0.00 
 0.00 ,  0.00 ,  0.00 
 0.00 ,  0.00 ,  0.00 
 0.00 ,  0.00 ,  0.00 
 0.00 ,  0.00 ,  0.00 
 0.00 ,  0.00 ,  0.00 
2649.01 ,  0.00 , 2463.58 
 0.00 ,  0.00 ,  0.00 
 0.00 ,  0.00 ,  0.00 
 0.00 ,  0.00 ,  0.00 
 0.00 ,  0.00 ,  0.00 
 0.00 ,  0.00 ,  0.00 
 0.00 ,  0.00 ,  0.00 
 0.00 ,  0.00 ,  0.00 
 0.00 ,  0.00 ,  0.00 
 0.00 ,  0.00 ,  0.00 
 0.00 ,  0.00 ,  0.00 
 0.00 ,  0.00 ,  0.00 
 0.00 ,  0.00 ,  0.00 
 0.00 ,  0.00 ,  0.00 
2662.33 ,  0.00 , 2475.97 
 0.00 ,  0.00 ,  0.00 
 0.00 ,  0.00 ,  0.00 
 0.00 ,  0.00 ,  0.00 
 0.00 ,  0.00 ,  0.00 
 0.00 ,  0.00 ,  0.00 
 0.00 ,  0.00 ,  0.00 
 0.00 ,  0.00 ,  0.00 
 0.00 ,  0.00 ,  0.00 
 0.00 ,  0.00 ,  0.00 
2703.94 ,  0.00 , 2514.66 
 0.00 ,  0.00 ,  0.00 
 0.00 ,  0.00 ,  0.00 
 0.00 ,  0.00 ,  0.00 
 0.00 ,  0.00 ,  0.00 
 0.00 ,  0.00 ,  0.00 
 0.00 ,  0.00 ,  0.00 
 0.00 ,  0.00 ,  0.00 
 0.00 ,  0.00 ,  0.00 
 0.00 ,  0.00 ,  0.00 
 0.00 ,  0.00 ,  0.00 
 0.00 ,  0.00 ,  0.00 
 0.00 ,  0.00 ,  0.00 
 0.00 ,  0.00 ,  0.00 
2698.10 ,  0.00 , 2509.23 
 0.00 ,  0.00 ,  0.00 
 0.00 ,  0.00 ,  0.00 
 0.00 ,  0.00 ,  0.00 
 0.00 ,  0.00 ,  0.00 
 0.00 ,  0.00 ,  0.00 
 0.00 ,  0.00 ,  0.00 
 0.00 ,  0.00 ,  0.00 
 0.00 ,  0.00 ,  0.00 
 0.00 ,  0.00 ,  0.00 
2703.94 ,  0.00 , 2514.66 
 0.00 ,  0.00 ,  0.00 
 0.00 ,  0.00 ,  0.00 
 0.00 ,  0.00 ,  0.00 
 0.00 ,  0.00 ,  0.00 
 0.00 ,  0.00 ,  0.00 
 0.00 ,  0.00 ,  0.00 
 0.00 ,  0.00 ,  0.00 
 0.00 ,  0.00 ,  0.00 
 0.00 ,  0.00 ,  0.00 
 0.00 ,  0.00 ,  0.00 
 0.00 ,  0.00 ,  0.00 
 0.00 ,  0.00 ,  0.00 
 0.00 ,  0.00 ,  0.00 
2698.10 ,  0.00 , 2509.23 
 0.00 ,  0.00 ,  0.00 
 0.00 ,  0.00 ,  0.00 
 0.00 ,  0.00 ,  0.00 
 0.00 ,  0.00 ,  0.00 
 0.00 ,  0.00 ,  0.00 
 0.00 ,  0.00 ,  0.00 
 0.00 ,  0.00 ,  0.00 
 0.00 ,  0.00 ,  0.00 
 0.00 ,  0.00 ,  0.00 
2703.94 ,  0.00 , 2514.66 
 0.00 ,  0.00 ,  0.00 
 0.00 ,  0.00 ,  0.00 
 0.00 ,  0.00 ,  0.00 
 0.00 ,  0.00 ,  0.00 
 0.00 ,  0.00 ,  0.00 
 0.00 ,  0.00 ,  0.00 
 0.00 ,  0.00 ,  0.00 
 0.00 ,  0.00 ,  0.00 
 0.00 ,  0.00 ,  0.00 
 0.00 ,  0.00 ,  0.00 
 0.00 ,  0.00 ,  0.00 
 0.00 ,  0.00 ,  0.00 
 0.00 ,  0.00 ,  0.00 
2698.10 ,  0.00 , 2509.23 
 0.00 ,  0.00 ,  0.00 
 0.00 ,  0.00 ,  0.00 
 0.00 ,  0.00 ,  0.00 
 0.00 ,  0.00 ,  0.00 
 0.00 ,  0.00 ,  0.00 
 0.00 ,  0.00 ,  0.00 
 0.00 ,  0.00 ,  0.00 
 0.00 ,  0.00 ,  0.00 
 0.00 ,  0.00 ,  0.00 
2703.94 ,  0.00 , 2514.66 
 0.00 ,  0.00 ,  0.00 
 0.00 ,  0.00 ,  0.00 
 0.00 ,  0.00 ,  0.00 
 0.00 ,  0.00 ,  0.00 
 0.00 ,  0.00 ,  0.00 
 0.00 ,  0.00 ,  0.00 
 0.00 ,  0.00 ,  0.00 
 0.00 ,  0.00 ,  0.00 
 0.00 ,  0.00 ,  0.00 
 0.00 ,  0.00 ,  0.00 
 0.00 ,  0.00 ,  0.00 
 0.00 ,  0.00 ,  0.00 
 0.00 ,  0.00 ,  0.00 
2698.10 ,  0.00 , 2509.23 
 0.00 ,  0.00 ,  0.00 
 0.00 ,  0.00 ,  0.00 
 0.00 ,  0.00 ,  0.00 
 0.00 ,  0.00 ,  0.00 
 0.00 ,  0.00 ,  0.00 
 0.00 ,  0.00 ,  0.00 
 0.00 ,  0.00 ,  0.00 
 0.00 ,  0.00 ,  0.00 
 0.00 ,  0.00 ,  0.00 
2703.94 ,  0.00 , 2514.66 
 0.00 ,  0.00 ,  0.00 
 0.00 ,  0.00 ,  0.00 
 0.00 ,  0.00 ,  0.00 
 0.00 ,  0.00 ,  0.00 
 0.00 ,  0.00 ,  0.00 
 0.00 ,  0.00 ,  0.00 
 0.00 ,  0.00 ,  0.00 
 0.00 ,  0.00 ,  0.00 
 0.00 ,  0.00 ,  0.00 
 0.00 ,  0.00 ,  0.00 
 0.00 ,  0.00 ,  0.00 
 0.00 ,  0.00 ,  0.00 
 0.00 ,  0.00 ,  0.00 
2698.10 ,  0.00 , 2509.23 
 0.00 ,  0.00 ,  0.00 
 0.00 ,  0.00 ,  0.00 
 0.00 ,  0.00 ,  0.00 
 0.00 ,  0.00 ,  0.00 
 0.00 ,  0.00 ,  0.00 
 0.00 ,  0.00 ,  0.00 
 0.00 ,  0.00 ,  0.00 
 0.00 ,  0.00 ,  0.00 
 0.00 ,  0.00 ,  0.00 
2703.94 ,  0.00 , 2514.66 
 0.00 ,  0.00 ,  0.00 
 0.00 ,  0.00 ,  0.00 
 0.00 ,  0.00 ,  0.00 
 0.00 ,  0.00 ,  0.00 
 0.00 ,  0.00 ,  0.00 
 0.00 ,  0.00 ,  0.00 
 0.00 ,  0.00 ,  0.00 
 0.00 ,  0.00 ,  0.00 
 0.00 ,  0.00 ,  0.00 
 0.00 ,  0.00 ,  0.00 
 0.00 ,  0.00 ,  0.00 
 0.00 ,  0.00 ,  0.00 
 0.00 ,  0.00 ,  0.00 
2698.10 ,  0.00 , 2509.23 
 0.00 ,  0.00 ,  0.00 
 0.00 ,  0.00 ,  0.00 
 0.00 ,  0.00 ,  0.00 
 0.00 ,  0.00 ,  0.00 
 0.00 ,  0.00 ,  0.00 
 0.00 ,  0.00 ,  0.00 
 0.00 ,  0.00 ,  0.00 
 0.00 ,  0.00 ,  0.00 
 0.00 ,  0.00 ,  0.00 
2703.94 ,  0.00 , 2514.66 
 0.00 ,  0.00 ,  0.00 
 0.00 ,  0.00 ,  0.00 
 0.00 ,  0.00 ,  0.00 
 0.00 ,  0.00 ,  0.00 
 0.00 ,  0.00 ,  0.00 
 0.00 ,  0.00 ,  0.00 
 0.00 ,  0.00 ,  0.00 
 0.00 ,  0.00 ,  0.00 
 0.00 ,  0.00 ,  0.00 
 0.00 ,  0.00 ,  0.00 
 0.00 ,  0.00 ,  0.00 
 0.00 ,  0.00 ,  0.00 
 0.00 ,  0.00 ,  0.00 
2698.10 ,  0.00 , 2509.23 
 0.00 ,  0.00 ,  0.00 
 0.00 ,  0.00 ,  0.00 
 0.00 ,  0.00 ,  0.00 
 0.00 ,  0.00 ,  0.00 
 0.00 ,  0.00 ,  0.00 
 0.00 ,  0.00 ,  0.00 
 0.00 ,  0.00 ,  0.00 
 0.00 ,  0.00 ,  0.00 
 0.00 ,  0.00 ,  0.00 
2703.94 ,  0.00 , 2514.66 
 0.00 ,  0.00 ,  0.00 
 0.00 ,  0.00 ,  0.00 
 0.00 ,  0.00 ,  0.00 
 0.00 ,  0.00 ,  0.00 
 0.00 ,  0.00 ,  0.00 
 0.00 ,  0.00 ,  0.00 
 0.00 ,  0.00 ,  0.00 
 0.00 ,  0.00 ,  0.00 
 0.00 ,  0.00 ,  0.00 
 0.00 ,  0.00 ,  0.00 
 0.00 ,  0.00 ,  0.00 
 0.00 ,  0.00 ,  0.00 
 0.00 ,  0.00 ,  0.00 
2698.10 ,  0.00 , 2509.23 
 0.00 ,  0.00 ,  0.00 
 0.00 ,  0.00 ,  0.00 
 0.00 ,  0.00 ,  0.00 
 0.00 ,  0.00 ,  0.00 
 0.00 ,  0.00 ,  0.00 
 0.00 ,  0.00 ,  0.00 
 0.00 ,  0.00 ,  0.00 
 0.00 ,  0.00 ,  0.00 
 0.00 ,  0.00 ,  0.00 
2703.94 ,  0.00 , 2514.66 
 0.00 ,  0.00 ,  0.00 
 0.00 ,  0.00 ,  0.00 
 0.00 ,  0.00 ,  0.00 
 0.00 ,  0.00 ,  0.00 
 0.00 ,  0.00 ,  0.00 
 0.00 ,  0.00 ,  0.00 
 0.00 ,  0.00 ,  0.00 
 0.00 ,  0.00 ,  0.00 
 0.00 ,  0.00 ,  0.00 
 0.00 ,  0.00 ,  0.00 
 0.00 ,  0.00 ,  0.00 
 0.00 ,  0.00 ,  0.00 
 0.00 ,  0.00 ,  0.00 
2698.10 ,  0.00 , 2509.23 
 0.00 ,  0.00 ,  0.00 
 0.00 ,  0.00 ,  0.00 
 0.00 ,  0.00 ,  0.00 
 0.00 ,  0.00 ,  0.00 
 0.00 ,  0.00 ,  0.00 
 0.00 ,  0.00 ,  0.00 
 0.00 ,  0.00 ,  0.00 
 0.00 ,  0.00 ,  0.00 
 0.00 ,  0.00 ,  0.00 
2703.94 ,  0.00 , 2514.66 
 0.00 ,  0.00 ,  0.00 
 0.00 ,  0.00 ,  0.00 
 0.00 ,  0.00 ,  0.00 
 0.00 ,  0.00 ,  0.00 
 0.00 ,  0.00 ,  0.00 
 0.00 ,  0.00 ,  0.00 
 0.00 ,  0.00 ,  0.00 
 0.00 ,  0.00 ,  0.00 
 0.00 ,  0.00 ,  0.00 
 0.00 ,  0.00 ,  0.00 
 0.00 ,  0.00 ,  0.00 
 0.00 ,  0.00 ,  0.00 
 0.00 ,  0.00 ,  0.00 
2698.10 ,  0.00 , 2509.23 
 0.00 ,  0.00 ,  0.00 
 0.00 ,  0.00 ,  0.00 
 0.00 ,  0.00 ,  0.00 
 0.00 ,  0.00 ,  0.00 
 0.00 ,  0.00 ,  0.00 
 0.00 ,  0.00 ,  0.00 
 0.00 ,  0.00 ,  0.00 
 0.00 ,  0.00 ,  0.00 
 0.00 ,  0.00 ,  0.00 
2703.94 ,  0.00 , 2514.66 
 0.00 ,  0.00 ,  0.00 
 0.00 ,  0.00 ,  0.00 
 0.00 ,  0.00 ,  0.00 
 0.00 ,  0.00 ,  0.00 
 0.00 ,  0.00 ,  0.00 
 0.00 ,  0.00 ,  0.00 
 0.00 ,  0.00 ,  0.00 
 0.00 ,  0.00 ,  0.00 
 0.00 ,  0.00 ,  0.00 
 0.00 ,  0.00 ,  0.00 
 0.00 ,  0.00 ,  0.00 
 0.00 ,  0.00 ,  0.00 
 0.00 ,  0.00 ,  0.00 
2698.10 ,  0.00 , 2509.23 
 0.00 ,  0.00 ,  0.00 
 0.00 ,  0.00 ,  0.00 
 0.00 ,  0.00 ,  0.00 
 0.00 ,  0.00 ,  0.00 
 0.00 ,  0.00 ,  0.00 
 0.00 ,  0.00 ,  0.00 
 0.00 ,  0.00 ,  0.00 
 0.00 ,  0.00 ,  0.00 
 0.00 ,  0.00 ,  0.00 
2703.94 ,  0.00 , 2514.66 
 0.00 ,  0.00 ,  0.00 
 0.00 ,  0.00 ,  0.00 
 0.00 ,  0.00 ,  0.00 
 0.00 ,  0.00 ,  0.00 
 0.00 ,  0.00 ,  0.00 
 0.00 ,  0.00 ,  0.00 
 0.00 ,  0.00 ,  0.00 
 0.00 ,  0.00 ,  0.00 
 0.00 ,  0.00 ,  0.00 
 0.00 ,  0.00 ,  0.00 
 0.00 ,  0.00 ,  0.00 
 0.00 ,  0.00 ,  0.00 
 0.00 ,  0.00 ,  0.00 
2698.10 ,  0.00 , 2509.23 
 0.00 ,  0.00 ,  0.00 
 0.00 ,  0.00 ,  0.00 
 0.00 ,  0.00 ,  0.00 
 0.00 ,  0.00 ,  0.00 
 0.00 ,  0.00 ,  0.00 
 0.00 ,  0.00 ,  0.00 
 0.00 ,  0.00 ,  0.00 
 0.00 ,  0.00 ,  0.00 
 0.00 ,  0.00 ,  0.00 
2703.94 ,  0.00 , 2514.66 
 0.00 ,  0.00 ,  0.00 
 0.00 ,  0.00 ,  0.00 
 0.00 ,  0.00 ,  0.00 
 0.00 ,  0.00 ,  0.00 
 0.00 ,  0.00 ,  0.00 
 0.00 ,  0.00 ,  0.00 
 0.00 ,  0.00 ,  0.00 
 0.00 ,  0.00 ,  0.00 
 0.00 ,  0.00 ,  0.00 
 0.00 ,  0.00 ,  0.00 
 0.00 ,  0.00 ,  0.00 
 0.00 ,  0.00 ,  0.00 
 0.00 ,  0.00 ,  0.00 
2698.10 ,  0.00 , 2509.23 
 0.00 ,  0.00 ,  0.00 
 0.00 ,  0.00 ,  0.00 
 0.00 ,  0.00 ,  0.00 
 0.00 ,  0.00 ,  0.00 
 0.00 ,  0.00 ,  0.00 
 0.00 ,  0.00 ,  0.00 
 0.00 ,  0.00 ,  0.00 
 0.00 ,  0.00 ,  0.00 
 0.00 ,  0.00 ,  0.00 
2703.94 ,  0.00 , 2514.66 
 0.00 ,  0.00 ,  0.00 
 0.00 ,  0.00 ,  0.00 
 0.00 ,  0.00 ,  0.00 
 0.00 ,  0.00 ,  0.00 
 0.00 ,  0.00 ,  0.00 
 0.00 ,  0.00 ,  0.00 
 0.00 ,  0.00 ,  0.00 
 0.00 ,  0.00 ,  0.00 
 0.00 ,  0.00 ,  0.00 
 0.00 ,  0.00 ,  0.00 
 0.00 ,  0.00 ,  0.00 
 0.00 ,  0.00 ,  0.00 
 0.00 ,  0.00 ,  0.00 
2698.10 ,  0.00 , 2509.23 
 0.00 ,  0.00 ,  0.00 
 0.00 ,  0.00 ,  0.00 
 0.00 ,  0.00 ,  0.00 
 0.00 ,  0.00 ,  0.00 
 0.00 ,  0.00 ,  0.00 
 0.00 ,  0.00 ,  0.00 
 0.00 ,  0.00 ,  0.00 
 0.00 ,  0.00 ,  0.00 
 0.00 ,  0.00 ,  0.00 
2703.94 ,  0.00 , 2514.66 
 0.00 ,  0.00 ,  0.00 
 0.00 ,  0.00 ,  0.00 
 0.00 ,  0.00 ,  0.00 
 0.00 ,  0.00 ,  0.00 
 0.00 ,  0.00 ,  0.00 
 0.00 ,  0.00 ,  0.00 
 0.00 ,  0.00 ,  0.00 
 0.00 ,  0.00 ,  0.00 
 0.00 ,  0.00 ,  0.00 
 0.00 ,  0.00 ,  0.00 
 0.00 ,  0.00 ,  0.00 
 0.00 ,  0.00 ,  0.00 
 0.00 ,  0.00 ,  0.00 
2698.10 ,  0.00 , 2509.23 
 0.00 ,  0.00 ,  0.00 
 0.00 ,  0.00 ,  0.00 
 0.00 ,  0.00 ,  0.00 
 0.00 ,  0.00 ,  0.00 
 0.00 ,  0.00 ,  0.00 
 0.00 ,  0.00 ,  0.00 
 0.00 ,  0.00 ,  0.00 
 0.00 ,  0.00 ,  0.00 
 0.00 ,  0.00 ,  0.00 
2703.94 ,  0.00 , 2514.66 
 0.00 ,  0.00 ,  0.00 
 0.00 ,  0.00 ,  0.00 
 0.00 ,  0.00 ,  0.00 
 0.00 ,  0.00 ,  0.00 
 0.00 ,  0.00 ,  0.00 
 0.00 ,  0.00 ,  0.00 
 0.00 ,  0.00 ,  0.00 
 0.00 ,  0.00 ,  0.00 
 0.00 ,  0.00 ,  0.00 
 0.00 ,  0.00 ,  0.00 
 0.00 ,  0.00 ,  0.00 
 0.00 ,  0.00 ,  0.00 
 0.00 ,  0.00 ,  0.00 
2698.10 ,  0.00 , 2509.23 
 0.00 ,  0.00 ,  0.00 
 0.00 ,  0.00 ,  0.00 
 0.00 ,  0.00 ,  0.00 
 0.00 ,  0.00 ,  0.00 
 0.00 ,  0.00 ,  0.00 
 0.00 ,  0.00 ,  0.00 
 0.00 ,  0.00 ,  0.00 
 0.00 ,  0.00 ,  0.00 
 0.00 ,  0.00 ,  0.00 
2703.94 ,  0.00 , 2514.66 
 0.00 ,  0.00 ,  0.00 
 0.00 ,  0.00 ,  0.00 
 0.00 ,  0.00 ,  0.00 
 0.00 ,  0.00 ,  0.00 
 0.00 ,  0.00 ,  0.00 
 0.00 ,  0.00 ,  0.00 
 0.00 ,  0.00 ,  0.00 
 0.00 ,  0.00 ,  0.00 
 0.00 ,  0.00 ,  0.00 
 0.00 ,  0.00 ,  0.00 
 0.00 ,  0.00 ,  0.00 
 0.00 ,  0.00 ,  0.00 
 0.00 ,  0.00 ,  0.00 
2698.10 ,  0.00 , 2509.23 
 0.00 ,  0.00 ,  0.00 
 0.00 ,  0.00 ,  0.00 
 0.00 ,  0.00 ,  0.00 
 0.00 ,  0.00 ,  0.00 
 0.00 ,  0.00 ,  0.00 
 0.00 ,  0.00 ,  0.00 
 0.00 ,  0.00 ,  0.00 
 0.00 ,  0.00 ,  0.00 
 0.00 ,  0.00 ,  0.00 
2703.94 ,  0.00 , 2514.66 
 0.00 ,  0.00 ,  0.00 
 0.00 ,  0.00 ,  0.00 
 0.00 ,  0.00 ,  0.00 
 0.00 ,  0.00 ,  0.00 
 0.00 ,  0.00 ,  0.00 
 0.00 ,  0.00 ,  0.00 
 0.00 ,  0.00 ,  0.00 
 0.00 ,  0.00 ,  0.00 
 0.00 ,  0.00 ,  0.00 
 0.00 ,  0.00 ,  0.00 
 0.00 ,  0.00 ,  0.00 
 0.00 ,  0.00 ,  0.00 
 0.00 ,  0.00 ,  0.00 
2698.10 ,  0.00 , 2509.23 
 0.00 ,  0.00 ,  0.00 
 0.00 ,  0.00 ,  0.00 
 0.00 ,  0.00 ,  0.00 
 0.00 ,  0.00 ,  0.00 
 0.00 ,  0.00 ,  0.00 
 0.00 ,  0.00 ,  0.00 
 0.00 ,  0.00 ,  0.00 
 0.00 ,  0.00 ,  0.00 
 0.00 ,  0.00 ,  0.00 
2703.94 ,  0.00 , 2514.66 
 0.00 ,  0.00 ,  0.00 
 0.00 ,  0.00 ,  0.00 
 0.00 ,  0.00 ,  0.00 
 0.00 ,  0.00 ,  0.00 
 0.00 ,  0.00 ,  0.00 
 0.00 ,  0.00 ,  0.00 
 0.00 ,  0.00 ,  0.00 
 0.00 ,  0.00 ,  0.00 
 0.00 ,  0.00 ,  0.00 
 0.00 ,  0.00 ,  0.00 
 0.00 ,  0.00 ,  0.00 
 0.00 ,  0.00 ,  0.00 
 0.00 ,  0.00 ,  0.00 
2698.10 ,  0.00 , 2509.23 
 0.00 ,  0.00 ,  0.00 
 0.00 ,  0.00 ,  0.00 
 0.00 ,  0.00 ,  0.00 
 0.00 ,  0.00 ,  0.00 
 0.00 ,  0.00 ,  0.00 
 0.00 ,  0.00 ,  0.00 
 0.00 ,  0.00 ,  0.00 
 0.00 ,  0.00 ,  0.00 
 0.00 ,  0.00 ,  0.00 
2703.94 ,  0.00 , 2514.66 
 0.00 ,  0.00 ,  0.00 
 0.00 ,  0.00 ,  0.00 
 0.00 ,  0.00 ,  0.00 
 0.00 ,  0.00 ,  0.00 
 0.00 ,  0.00 ,  0.00 
 0.00 ,  0.00 ,  0.00 
 0.00 ,  0.00 ,  0.00 
 0.00 ,  0.00 ,  0.00 
 0.00 ,  0.00 ,  0.00 
 0.00 ,  0.00 ,  0.00 
 0.00 ,  0.00 ,  0.00 
 0.00 ,  0.00 ,  0.00 
 0.00 ,  0.00 ,  0.00 
2698.10 ,  0.00 , 2509.23 
 0.00 ,  0.00 ,  0.00 
 0.00 ,  0.00 ,  0.00 
 0.00 ,  0.00 ,  0.00 
 0.00 ,  0.00 ,  0.00 
 0.00 ,  0.00 ,  0.00 
 0.00 ,  0.00 ,  0.00 
 0.00 ,  0.00 ,  0.00 
 0.00 ,  0.00 ,  0.00 
 0.00 ,  0.00 ,  0.00 
2703.94 ,  0.00 , 2514.66 
 0.00 ,  0.00 ,  0.00 
 0.00 ,  0.00 ,  0.00 
 0.00 ,  0.00 ,  0.00 
 0.00 ,  0.00 ,  0.00 
 0.00 ,  0.00 ,  0.00 
 0.00 ,  0.00 ,  0.00 
 0.00 ,  0.00 ,  0.00 
 0.00 ,  0.00 ,  0.00 
 0.00 ,  0.00 ,  0.00 
 0.00 ,  0.00 ,  0.00 
 0.00 ,  0.00 ,  0.00 
 0.00 ,  0.00 ,  0.00 
 0.00 ,  0.00 ,  0.00 
2698.10 ,  0.00 , 2509.23 
 0.00 ,  0.00 ,  0.00 
 0.00 ,  0.00 ,  0.00 
 0.00 ,  0.00 ,  0.00 
 0.00 ,  0.00 ,  0.00 
 0.00 ,  0.00 ,  0.00 
 0.00 ,  0.00 ,  0.00 
 0.00 ,  0.00 ,  0.00 
 0.00 ,  0.00 ,  0.00 
 0.00 ,  0.00 ,  0.00 
2703.94 ,  0.00 , 2514.66 
 0.00 ,  0.00 ,  0.00 
 0.00 ,  0.00 ,  0.00 
 0.00 ,  0.00 ,  0.00 
 0.00 ,  0.00 ,  0.00 
 0.00 ,  0.00 ,  0.00 
 0.00 ,  0.00 ,  0.00 
 0.00 ,  0.00 ,  0.00 
 0.00 ,  0.00 ,  0.00 
 0.00 ,  0.00 ,  0.00 
 0.00 ,  0.00 ,  0.00 
 0.00 ,  0.00 ,  0.00 
 0.00 ,  0.00 ,  0.00 
 0.00 ,  0.00 ,  0.00 
2698.10 ,  0.00 , 2509.23 
 0.00 ,  0.00 ,  0.00 
 0.00 ,  0.00 ,  0.00 
 0.00 ,  0.00 ,  0.00 
 0.00 ,  0.00 ,  0.00 
 0.00 ,  0.00 ,  0.00 
 0.00 ,  0.00 ,  0.00 
 0.00 ,  0.00 ,  0.00 
 0.00 ,  0.00 ,  0.00 
 0.00 ,  0.00 ,  0.00 
2703.94 ,  0.00 , 2514.66 
 0.00 ,  0.00 ,  0.00 
 0.00 ,  0.00 ,  0.00 
 0.00 ,  0.00 ,  0.00 
 0.00 ,  0.00 ,  0.00 
 0.00 ,  0.00 ,  0.00 
 0.00 ,  0.00 ,  0.00 
 0.00 ,  0.00 ,  0.00 
 0.00 ,  0.00 ,  0.00 
 0.00 ,  0.00 ,  0.00 
 0.00 ,  0.00 ,  0.00 
 0.00 ,  0.00 ,  0.00 
 0.00 ,  0.00 ,  0.00 
 0.00 ,  0.00 ,  0.00 
2698.10 ,  0.00 , 2509.23 
 0.00 ,  0.00 ,  0.00 
 0.00 ,  0.00 ,  0.00 
 0.00 ,  0.00 ,  0.00 
 0.00 ,  0.00 ,  0.00 
 0.00 ,  0.00 ,  0.00 
 0.00 ,  0.00 ,  0.00 
 0.00 ,  0.00 ,  0.00 
 0.00 ,  0.00 ,  0.00 
 0.00 ,  0.00 ,  0.00 
2703.94 ,  0.00 , 2514.66 
 0.00 ,  0.00 ,  0.00 
 0.00 ,  0.00 ,  0.00 
 0.00 ,  0.00 ,  0.00 
 0.00 ,  0.00 ,  0.00 
 0.00 ,  0.00 ,  0.00 
 0.00 ,  0.00 ,  0.00 
 0.00 ,  0.00 ,  0.00 
 0.00 ,  0.00 ,  0.00 
 0.00 ,  0.00 ,  0.00 
 0.00 ,  0.00 ,  0.00 
 0.00 ,  0.00 ,  0.00 
 0.00 ,  0.00 ,  0.00 
 0.00 ,  0.00 ,  0.00 
2698.10 ,  0.00 , 2509.23 
 0.00 ,  0.00 ,  0.00 
 0.00 ,  0.00 ,  0.00 
 0.00 ,  0.00 ,  0.00 
 0.00 ,  0.00 ,  0.00 
 0.00 ,  0.00 ,  0.00 
 0.00 ,  0.00 ,  0.00 
 0.00 ,  0.00 ,  0.00 
 0.00 ,  0.00 ,  0.00 
 0.00 ,  0.00 ,  0.00 
2703.94 ,  0.00 , 2514.66 
 0.00 ,  0.00 ,  0.00 
 0.00 ,  0.00 ,  0.00 
 0.00 ,  0.00 ,  0.00 
 0.00 ,  0.00 ,  0.00 
 0.00 ,  0.00 ,  0.00 
 0.00 ,  0.00 ,  0.00 
 0.00 ,  0.00 ,  0.00 
 0.00 ,  0.00 ,  0.00 
 0.00 ,  0.00 ,  0.00 
 0.00 ,  0.00 ,  0.00 
 0.00 ,  0.00 ,  0.00 
 0.00 ,  0.00 ,  0.00 
 0.00 ,  0.00 ,  0.00 
2698.10 ,  0.00 , 2509.23 
 0.00 ,  0.00 ,  0.00 
 0.00 ,  0.00 ,  0.00 
 0.00 ,  0.00 ,  0.00 
 0.00 ,  0.00 ,  0.00 
 0.00 ,  0.00 ,  0.00 
 0.00 ,  0.00 ,  0.00 
 0.00 ,  0.00 ,  0.00 
 0.00 ,  0.00 ,  0.00 
 0.00 ,  0.00 ,  0.00 
2703.94 ,  0.00 , 2514.66 
 0.00 ,  0.00 ,  0.00 
 0.00 ,  0.00 ,  0.00 
 0.00 ,  0.00 ,  0.00 
 0.00 ,  0.00 ,  0.00 
 0.00 ,  0.00 ,  0.00 
 0.00 ,  0.00 ,  0.00 
 0.00 ,  0.00 ,  0.00 
 0.00 ,  0.00 ,  0.00 
 0.00 ,  0.00 ,  0.00 
 0.00 ,  0.00 ,  0.00 
 0.00 ,  0.00 ,  0.00 
 0.00 ,  0.00 ,  0.00 
 0.00 ,  0.00 ,  0.00 
2698.10 ,  0.00 , 2509.23 
 0.00 ,  0.00 ,  0.00 
 0.00 ,  0.00 ,  0.00 
 0.00 ,  0.00 ,  0.00 
 0.00 ,  0.00 ,  0.00 
 0.00 ,  0.00 ,  0.00 
 0.00 ,  0.00 ,  0.00 
 0.00 ,  0.00 ,  0.00 
 0.00 ,  0.00 ,  0.00 
 0.00 ,  0.00 ,  0.00 
2703.94 ,  0.00 , 2514.66 
 0.00 ,  0.00 ,  0.00 
 0.00 ,  0.00 ,  0.00 
 0.00 ,  0.00 ,  0.00 
 0.00 ,  0.00 ,  0.00 
 0.00 ,  0.00 ,  0.00 
 0.00 ,  0.00 ,  0.00 
 0.00 ,  0.00 ,  0.00 
 0.00 ,  0.00 ,  0.00 
 0.00 ,  0.00 ,  0.00 
 0.00 ,  0.00 ,  0.00 
 0.00 ,  0.00 ,  0.00 
 0.00 ,  0.00 ,  0.00 
 0.00 ,  0.00 ,  0.00 
2698.10 ,  0.00 , 2509.23 
 0.00 ,  0.00 ,  0.00 
 0.00 ,  0.00 ,  0.00 
 0.00 ,  0.00 ,  0.00 
 0.00 ,  0.00 ,  0.00 
 0.00 ,  0.00 ,  0.00 
 0.00 ,  0.00 ,  0.00 
 0.00 ,  0.00 ,  0.00 
 0.00 ,  0.00 ,  0.00 
 0.00 ,  0.00 ,  0.00 
2703.94 ,  0.00 , 2514.66 
 0.00 ,  0.00 ,  0.00 
 0.00 ,  0.00 ,  0.00 
 0.00 ,  0.00 ,  0.00 
 0.00 ,  0.00 ,  0.00 
 0.00 ,  0.00 ,  0.00 
 0.00 ,  0.00 ,  0.00 
 0.00 ,  0.00 ,  0.00 
 0.00 ,  0.00 ,  0.00 
 0.00 ,  0.00 ,  0.00 
 0.00 ,  0.00 ,  0.00 
 0.00 ,  0.00 ,  0.00 
 0.00 ,  0.00 ,  0.00 
 0.00 ,  0.00 ,  0.00 
2698.10 ,  0.00 , 2509.23 
 0.00 ,  0.00 ,  0.00 
 0.00 ,  0.00 ,  0.00 
 0.00 ,  0.00 ,  0.00 
 0.00 ,  0.00 ,  0.00 
 0.00 ,  0.00 ,  0.00 
 0.00 ,  0.00 ,  0.00 
 0.00 ,  0.00 ,  0.00 
 0.00 ,  0.00 ,  0.00 
 0.00 ,  0.00 ,  0.00 
2703.94 ,  0.00 , 2514.66 
 0.00 ,  0.00 ,  0.00 
 0.00 ,  0.00 ,  0.00 
 0.00 ,  0.00 ,  0.00 
 0.00 ,  0.00 ,  0.00 
 0.00 ,  0.00 ,  0.00 
 0.00 ,  0.00 ,  0.00 
 0.00 ,  0.00 ,  0.00 
 0.00 ,  0.00 ,  0.00 
 0.00 ,  0.00 ,  0.00 
 0.00 ,  0.00 ,  0.00 
 0.00 ,  0.00 ,  0.00 
 0.00 ,  0.00 ,  0.00 
 0.00 ,  0.00 ,  0.00 
2698.10 ,  0.00 , 2509.23 
 0.00 ,  0.00 ,  0.00 
 0.00 ,  0.00 ,  0.00 
 0.00 ,  0.00 ,  0.00 
 0.00 ,  0.00 ,  0.00 
 0.00 ,  0.00 ,  0.00 
 0.00 ,  0.00 ,  0.00 
 0.00 ,  0.00 ,  0.00 
 0.00 ,  0.00 ,  0.00 
 0.00 ,  0.00 ,  0.00 
2703.94 ,  0.00 , 2514.66 
 0.00 ,  0.00 ,  0.00 
 0.00 ,  0.00 ,  0.00 
 0.00 ,  0.00 ,  0.00 
 0.00 ,  0.00 ,  0.00 
 0.00 ,  0.00 ,  0.00 
 0.00 ,  0.00 ,  0.00 
 0.00 ,  0.00 ,  0.00 
 0.00 ,  0.00 ,  0.00 
 0.00 ,  0.00 ,  0.00 
 0.00 ,  0.00 ,  0.00 
 0.00 ,  0.00 ,  0.00 
 0.00 ,  0.00 ,  0.00 
 0.00 ,  0.00 ,  0.00 
2698.10 ,  0.00 , 2509.23 
 0.00 ,  0.00 ,  0.00 
 0.00 ,  0.00 ,  0.00 
 0.00 ,  0.00 ,  0.00 
 0.00 ,  0.00 ,  0.00 
 0.00 ,  0.00 ,  0.00 
 0.00 ,  0.00 ,  0.00 
 0.00 ,  0.00 ,  0.00 
 0.00 ,  0.00 ,  0.00 
 0.00 ,  0.00 ,  0.00 
2703.94 ,  0.00 , 2514.66 
 0.00 ,  0.00 ,  0.00 
 0.00 ,  0.00 ,  0.00 
 0.00 ,  0.00 ,  0.00 
 0.00 ,  0.00 ,  0.00 
 0.00 ,  0.00 ,  0.00 
 0.00 ,  0.00 ,  0.00 
 0.00 ,  0.00 ,  0.00 
 0.00 ,  0.00 ,  0.00 
 0.00 ,  0.00 ,  0.00 
 0.00 ,  0.00 ,  0.00 
 0.00 ,  0.00 ,  0.00 
 0.00 ,  0.00 ,  0.00 
 0.00 ,  0.00 ,  0.00 
2731.02 ,  0.00 , 2539.85 
 0.00 ,  0.00 ,  0.00 
 0.00 ,  0.00 ,  0.00 
 0.00 ,  0.00 ,  0.00 
 0.00 ,  0.00 ,  0.00 
 0.00 ,  0.00 ,  0.00 
 0.00 ,  0.00 ,  0.00 
 0.00 ,  0.00 ,  0.00 
 0.00 ,  0.00 ,  0.00 
2592.98 ,  0.00 , 2411.47 
 0.00 ,  0.00 ,  0.00 
 0.00 ,  0.00 ,  0.00 
 0.00 ,  0.00 ,  0.00 
 0.00 ,  0.00 ,  0.00 
 0.00 ,  0.00 ,  0.00 
 0.00 ,  0.00 ,  0.00 
 0.00 ,  0.00 ,  0.00 
 0.00 ,  0.00 ,  0.00 
 0.00 ,  0.00 ,  0.00 
 0.00 ,  0.00 ,  0.00 
 0.00 ,  0.00 ,  0.00 
 0.00 ,  0.00 ,  0.00 
 0.00 ,  0.00 ,  0.00 
 0.00 ,  0.00 ,  0.00 
3020.93 ,  0.00 , 2809.46 
 0.00 ,  0.00 ,  0.00 
 0.00 ,  0.00 ,  0.00 
 0.00 ,  0.00 ,  0.00 
 0.00 ,  0.00 ,  0.00 
 0.00 ,  0.00 ,  0.00 
 0.00 ,  0.00 ,  0.00 
 0.00 ,  0.00 ,  0.00 
 0.00 ,  0.00 ,  0.00 
2592.98 ,  0.00 , 2411.47 
 0.00 ,  0.00 ,  0.00 
 0.00 ,  0.00 ,  0.00 
 0.00 ,  0.00 ,  0.00 
 0.00 ,  0.00 ,  0.00 
 0.00 ,  0.00 ,  0.00 
 0.00 ,  0.00 ,  0.00 
 0.00 ,  0.00 ,  0.00 
 0.00 ,  0.00 ,  0.00 
 0.00 ,  0.00 ,  0.00 
 0.00 ,  0.00 ,  0.00 
 0.00 ,  0.00 ,  0.00 
 0.00 ,  0.00 ,  0.00 
 0.00 ,  0.00 ,  0.00 
 0.00 ,  0.00 ,  0.00 
3020.93 ,  0.00 , 2809.46 
 0.00 ,  0.00 ,  0.00 
 0.00 ,  0.00 ,  0.00 
 0.00 ,  0.00 ,  0.00 
 0.00 ,  0.00 ,  0.00 
 0.00 ,  0.00 ,  0.00 
 0.00 ,  0.00 ,  0.00 
 0.00 ,  0.00 ,  0.00 
 0.00 ,  0.00 ,  0.00 
2592.98 ,  0.00 , 2411.47 
 0.00 ,  0.00 ,  0.00 
 0.00 ,  0.00 ,  0.00 
 0.00 ,  0.00 ,  0.00 
 0.00 ,  0.00 ,  0.00 
 0.00 ,  0.00 ,  0.00 
 0.00 ,  0.00 ,  0.00 
 0.00 ,  0.00 ,  0.00 
 0.00 ,  0.00 ,  0.00 
 0.00 ,  0.00 ,  0.00 
 0.00 ,  0.00 ,  0.00 
 0.00 ,  0.00 ,  0.00 
 0.00 ,  0.00 ,  0.00 
 0.00 ,  0.00 ,  0.00 
 0.00 ,  0.00 ,  0.00 
3020.93 ,  0.00 , 2809.46 
 0.00 ,  0.00 ,  0.00 
 0.00 ,  0.00 ,  0.00 
 0.00 ,  0.00 ,  0.00 
 0.00 ,  0.00 ,  0.00 
 0.00 ,  0.00 ,  0.00 
 0.00 ,  0.00 ,  0.00 
 0.00 ,  0.00 ,  0.00 
 0.00 ,  0.00 ,  0.00 
2592.98 ,  0.00 , 2411.47 
 0.00 ,  0.00 ,  0.00 
 0.00 ,  0.00 ,  0.00 
 0.00 ,  0.00 ,  0.00 
 0.00 ,  0.00 ,  0.00 
 0.00 ,  0.00 ,  0.00 
 0.00 ,  0.00 ,  0.00 
 0.00 ,  0.00 ,  0.00 
 0.00 ,  0.00 ,  0.00 
 0.00 ,  0.00 ,  0.00 
 0.00 ,  0.00 ,  0.00 
 0.00 ,  0.00 ,  0.00 
 0.00 ,  0.00 ,  0.00 
 0.00 ,  0.00 ,  0.00 
 0.00 ,  0.00 ,  0.00 
3020.93 ,  0.00 , 2809.46 
 0.00 ,  0.00 ,  0.00 
 0.00 ,  0.00 ,  0.00 
 0.00 ,  0.00 ,  0.00 
 0.00 ,  0.00 ,  0.00 
 0.00 ,  0.00 ,  0.00 
 0.00 ,  0.00 ,  0.00 
 0.00 ,  0.00 ,  0.00 
 0.00 ,  0.00 ,  0.00 
2592.98 ,  0.00 , 2411.47 
 0.00 ,  0.00 ,  0.00 
 0.00 ,  0.00 ,  0.00 
 0.00 ,  0.00 ,  0.00 
 0.00 ,  0.00 ,  0.00 
 0.00 ,  0.00 ,  0.00 
 0.00 ,  0.00 ,  0.00 
 0.00 ,  0.00 ,  0.00 
 0.00 ,  0.00 ,  0.00 
 0.00 ,  0.00 ,  0.00 
 0.00 ,  0.00 ,  0.00 
 0.00 ,  0.00 ,  0.00 
 0.00 ,  0.00 ,  0.00 
 0.00 ,  0.00 ,  0.00 
 0.00 ,  0.00 ,  0.00 
3020.93 ,  0.00 , 2809.46 
 0.00 ,  0.00 ,  0.00 
 0.00 ,  0.00 ,  0.00 
 0.00 ,  0.00 ,  0.00 
 0.00 ,  0.00 ,  0.00 
 0.00 ,  0.00 ,  0.00 
 0.00 ,  0.00 ,  0.00 
 0.00 ,  0.00 ,  0.00 
 0.00 ,  0.00 ,  0.00 
2592.98 ,  0.00 , 2411.47 
 0.00 ,  0.00 ,  0.00 
 0.00 ,  0.00 ,  0.00 
 0.00 ,  0.00 ,  0.00 
 0.00 ,  0.00 ,  0.00 
 0.00 ,  0.00 ,  0.00 
 0.00 ,  0.00 ,  0.00 
 0.00 ,  0.00 ,  0.00 
 0.00 ,  0.00 ,  0.00 
 0.00 ,  0.00 ,  0.00 
 0.00 ,  0.00 ,  0.00 
 0.00 ,  0.00 ,  0.00 
 0.00 ,  0.00 ,  0.00 
 0.00 ,  0.00 ,  0.00 
 0.00 ,  0.00 ,  0.00 
3020.93 ,  0.00 , 2809.46 
 0.00 ,  0.00 ,  0.00 
 0.00 ,  0.00 ,  0.00 
 0.00 ,  0.00 ,  0.00 
 0.00 ,  0.00 ,  0.00 
 0.00 ,  0.00 ,  0.00 
 0.00 ,  0.00 ,  0.00 
 0.00 ,  0.00 ,  0.00 
 0.00 ,  0.00 ,  0.00 
2592.98 ,  0.00 , 2411.47 
 0.00 ,  0.00 ,  0.00 
 0.00 ,  0.00 ,  0.00 
 0.00 ,  0.00 ,  0.00 
 0.00 ,  0.00 ,  0.00 
 0.00 ,  0.00 ,  0.00 
 0.00 ,  0.00 ,  0.00 
 0.00 ,  0.00 ,  0.00 
 0.00 ,  0.00 ,  0.00 
 0.00 ,  0.00 ,  0.00 
 0.00 ,  0.00 ,  0.00 
 0.00 ,  0.00 ,  0.00 
 0.00 ,  0.00 ,  0.00 
 0.00 ,  0.00 ,  0.00 
 0.00 ,  0.00 ,  0.00 
3020.93 ,  0.00 , 2809.46 
 0.00 ,  0.00 ,  0.00 
 0.00 ,  0.00 ,  0.00 
 0.00 ,  0.00 ,  0.00 
 0.00 ,  0.00 ,  0.00 
 0.00 ,  0.00 ,  0.00 
 0.00 ,  0.00 ,  0.00 
 0.00 ,  0.00 ,  0.00 
 0.00 ,  0.00 ,  0.00 
2592.98 ,  0.00 , 2411.47 
 0.00 ,  0.00 ,  0.00 
 0.00 ,  0.00 ,  0.00 
 0.00 ,  0.00 ,  0.00 
 0.00 ,  0.00 ,  0.00 
 0.00 ,  0.00 ,  0.00 
 0.00 ,  0.00 ,  0.00 
 0.00 ,  0.00 ,  0.00 
 0.00 ,  0.00 ,  0.00 
 0.00 ,  0.00 ,  0.00 
 0.00 ,  0.00 ,  0.00 
 0.00 ,  0.00 ,  0.00 
 0.00 ,  0.00 ,  0.00 
 0.00 ,  0.00 ,  0.00 
 0.00 ,  0.00 ,  0.00 
3020.93 ,  0.00 , 2809.46 
 0.00 ,  0.00 ,  0.00 
 0.00 ,  0.00 ,  0.00 
 0.00 ,  0.00 ,  0.00 
 0.00 ,  0.00 ,  0.00 
 0.00 ,  0.00 ,  0.00 
 0.00 ,  0.00 ,  0.00 
 0.00 ,  0.00 ,  0.00 
 0.00 ,  0.00 ,  0.00 
2592.98 ,  0.00 , 2411.47 
 0.00 ,  0.00 ,  0.00 
 0.00 ,  0.00 ,  0.00 
 0.00 ,  0.00 ,  0.00 
 0.00 ,  0.00 ,  0.00 
 0.00 ,  0.00 ,  0.00 
 0.00 ,  0.00 ,  0.00 
 0.00 ,  0.00 ,  0.00 
 0.00 ,  0.00 ,  0.00 
 0.00 ,  0.00 ,  0.00 
 0.00 ,  0.00 ,  0.00 
 0.00 ,  0.00 ,  0.00 
 0.00 ,  0.00 ,  0.00 
 0.00 ,  0.00 ,  0.00 
 0.00 ,  0.00 ,  0.00 
3020.93 ,  0.00 , 2809.46 
 0.00 ,  0.00 ,  0.00 
 0.00 ,  0.00 ,  0.00 
 0.00 ,  0.00 ,  0.00 
 0.00 ,  0.00 ,  0.00 
 0.00 ,  0.00 ,  0.00 
 0.00 ,  0.00 ,  0.00 
 0.00 ,  0.00 ,  0.00 
 0.00 ,  0.00 ,  0.00 
2592.98 ,  0.00 , 2411.47 
 0.00 ,  0.00 ,  0.00 
 0.00 ,  0.00 ,  0.00 
 0.00 ,  0.00 ,  0.00 
 0.00 ,  0.00 ,  0.00 
 0.00 ,  0.00 ,  0.00 
 0.00 ,  0.00 ,  0.00 
 0.00 ,  0.00 ,  0.00 
 0.00 ,  0.00 ,  0.00 
 0.00 ,  0.00 ,  0.00 
 0.00 ,  0.00 ,  0.00 
 0.00 ,  0.00 ,  0.00 
 0.00 ,  0.00 ,  0.00 
 0.00 ,  0.00 ,  0.00 
 0.00 ,  0.00 ,  0.00 
3020.93 ,  0.00 , 2809.46 
 0.00 ,  0.00 ,  0.00 
 0.00 ,  0.00 ,  0.00 
 0.00 ,  0.00 ,  0.00 
 0.00 ,  0.00 ,  0.00 
 0.00 ,  0.00 ,  0.00 
 0.00 ,  0.00 ,  0.00 
 0.00 ,  0.00 ,  0.00 
 0.00 ,  0.00 ,  0.00 
2592.98 ,  0.00 , 2411.47 
 0.00 ,  0.00 ,  0.00 
 0.00 ,  0.00 ,  0.00 
 0.00 ,  0.00 ,  0.00 
 0.00 ,  0.00 ,  0.00 
 0.00 ,  0.00 ,  0.00 
 0.00 ,  0.00 ,  0.00 
 0.00 ,  0.00 ,  0.00 
 0.00 ,  0.00 ,  0.00 
 0.00 ,  0.00 ,  0.00 
 0.00 ,  0.00 ,  0.00 
 0.00 ,  0.00 ,  0.00 
 0.00 ,  0.00 ,  0.00 
 0.00 ,  0.00 ,  0.00 
 0.00 ,  0.00 ,  0.00 
3020.93 ,  0.00 , 2809.46 
 0.00 ,  0.00 ,  0.00 
 0.00 ,  0.00 ,  0.00 
 0.00 ,  0.00 ,  0.00 
 0.00 ,  0.00 ,  0.00 
 0.00 ,  0.00 ,  0.00 
 0.00 ,  0.00 ,  0.00 
 0.00 ,  0.00 ,  0.00 
 0.00 ,  0.00 ,  0.00 
2592.98 ,  0.00 , 2411.47 
 0.00 ,  0.00 ,  0.00 
 0.00 ,  0.00 ,  0.00 
 0.00 ,  0.00 ,  0.00 
 0.00 ,  0.00 ,  0.00 
 0.00 ,  0.00 ,  0.00 
 0.00 ,  0.00 ,  0.00 
 0.00 ,  0.00 ,  0.00 
 0.00 ,  0.00 ,  0.00 
 0.00 ,  0.00 ,  0.00 
 0.00 ,  0.00 ,  0.00 
 0.00 ,  0.00 ,  0.00 
 0.00 ,  0.00 ,  0.00 
 0.00 ,  0.00 ,  0.00 
 0.00 ,  0.00 ,  0.00 
3020.93 ,  0.00 , 2809.46 
 0.00 ,  0.00 ,  0.00 
 0.00 ,  0.00 ,  0.00 
 0.00 ,  0.00 ,  0.00 
 0.00 ,  0.00 ,  0.00 
 0.00 ,  0.00 ,  0.00 
 0.00 ,  0.00 ,  0.00 
 0.00 ,  0.00 ,  0.00 
 0.00 ,  0.00 ,  0.00 
2592.98 ,  0.00 , 2411.47 
 0.00 ,  0.00 ,  0.00 
 0.00 ,  0.00 ,  0.00 
 0.00 ,  0.00 ,  0.00 
 0.00 ,  0.00 ,  0.00 
 0.00 ,  0.00 ,  0.00 
 0.00 ,  0.00 ,  0.00 
 0.00 ,  0.00 ,  0.00 
 0.00 ,  0.00 ,  0.00 
 0.00 ,  0.00 ,  0.00 
 0.00 ,  0.00 ,  0.00 
 0.00 ,  0.00 ,  0.00 
 0.00 ,  0.00 ,  0.00 
 0.00 ,  0.00 ,  0.00 
 0.00 ,  0.00 ,  0.00 
3020.93 ,  0.00 , 2809.46 
 0.00 ,  0.00 ,  0.00 
 0.00 ,  0.00 ,  0.00 
 0.00 ,  0.00 ,  0.00 
 0.00 ,  0.00 ,  0.00 
 0.00 ,  0.00 ,  0.00 
 0.00 ,  0.00 ,  0.00 
 0.00 ,  0.00 ,  0.00 
 0.00 ,  0.00 ,  0.00 
2592.98 ,  0.00 , 2411.47 
 0.00 ,  0.00 ,  0.00 
 0.00 ,  0.00 ,  0.00 
 0.00 ,  0.00 ,  0.00 
 0.00 ,  0.00 ,  0.00 
 0.00 ,  0.00 ,  0.00 
 0.00 ,  0.00 ,  0.00 
 0.00 ,  0.00 ,  0.00 
 0.00 ,  0.00 ,  0.00 
 0.00 ,  0.00 ,  0.00 
 0.00 ,  0.00 ,  0.00 
 0.00 ,  0.00 ,  0.00 
 0.00 ,  0.00 ,  0.00 
 0.00 ,  0.00 ,  0.00 
 0.00 ,  0.00 ,  0.00 
3020.93 ,  0.00 , 2809.46 
 0.00 ,  0.00 ,  0.00 
 0.00 ,  0.00 ,  0.00 
 0.00 ,  0.00 ,  0.00 
 0.00 ,  0.00 ,  0.00 
 0.00 ,  0.00 ,  0.00 
 0.00 ,  0.00 ,  0.00 
 0.00 ,  0.00 ,  0.00 
 0.00 ,  0.00 ,  0.00 
2592.98 ,  0.00 , 2411.47 
 0.00 ,  0.00 ,  0.00 
 0.00 ,  0.00 ,  0.00 
 0.00 ,  0.00 ,  0.00 
 0.00 ,  0.00 ,  0.00 
 0.00 ,  0.00 ,  0.00 
 0.00 ,  0.00 ,  0.00 
 0.00 ,  0.00 ,  0.00 
 0.00 ,  0.00 ,  0.00 
 0.00 ,  0.00 ,  0.00 
 0.00 ,  0.00 ,  0.00 
 0.00 ,  0.00 ,  0.00 
 0.00 ,  0.00 ,  0.00 
 0.00 ,  0.00 ,  0.00 
 0.00 ,  0.00 ,  0.00 
3020.93 ,  0.00 , 2809.46 
 0.00 ,  0.00 ,  0.00 
 0.00 ,  0.00 ,  0.00 
 0.00 ,  0.00 ,  0.00 
 0.00 ,  0.00 ,  0.00 
 0.00 ,  0.00 ,  0.00 
 0.00 ,  0.00 ,  0.00 
 0.00 ,  0.00 ,  0.00 
 0.00 ,  0.00 ,  0.00 
2592.98 ,  0.00 , 2411.47 
 0.00 ,  0.00 ,  0.00 
 0.00 ,  0.00 ,  0.00 
 0.00 ,  0.00 ,  0.00 
 0.00 ,  0.00 ,  0.00 
 0.00 ,  0.00 ,  0.00 
 0.00 ,  0.00 ,  0.00 
 0.00 ,  0.00 ,  0.00 
 0.00 ,  0.00 ,  0.00 
 0.00 ,  0.00 ,  0.00 
 0.00 ,  0.00 ,  0.00 
 0.00 ,  0.00 ,  0.00 
 0.00 ,  0.00 ,  0.00 
 0.00 ,  0.00 ,  0.00 
 0.00 ,  0.00 ,  0.00 
3020.93 ,  0.00 , 2809.46 
 0.00 ,  0.00 ,  0.00 
 0.00 ,  0.00 ,  0.00 
 0.00 ,  0.00 ,  0.00 
 0.00 ,  0.00 ,  0.00 
 0.00 ,  0.00 ,  0.00 
 0.00 ,  0.00 ,  0.00 
 0.00 ,  0.00 ,  0.00 
 0.00 ,  0.00 ,  0.00 
2592.98 ,  0.00 , 2411.47 
 0.00 ,  0.00 ,  0.00 
 0.00 ,  0.00 ,  0.00 
 0.00 ,  0.00 ,  0.00 
 0.00 ,  0.00 ,  0.00 
 0.00 ,  0.00 ,  0.00 
 0.00 ,  0.00 ,  0.00 
 0.00 ,  0.00 ,  0.00 
 0.00 ,  0.00 ,  0.00 
 0.00 ,  0.00 ,  0.00 
 0.00 ,  0.00 ,  0.00 
 0.00 ,  0.00 ,  0.00 
 0.00 ,  0.00 ,  0.00 
 0.00 ,  0.00 ,  0.00 
 0.00 ,  0.00 ,  0.00 
3020.93 ,  0.00 , 2809.46 
 0.00 ,  0.00 ,  0.00 
 0.00 ,  0.00 ,  0.00 
 0.00 ,  0.00 ,  0.00 
 0.00 ,  0.00 ,  0.00 
 0.00 ,  0.00 ,  0.00 
 0.00 ,  0.00 ,  0.00 
 0.00 ,  0.00 ,  0.00 
 0.00 ,  0.00 ,  0.00 
2592.98 ,  0.00 , 2411.47 
 0.00 ,  0.00 ,  0.00 
 0.00 ,  0.00 ,  0.00 
 0.00 ,  0.00 ,  0.00 
 0.00 ,  0.00 ,  0.00 
 0.00 ,  0.00 ,  0.00 
 0.00 ,  0.00 ,  0.00 
 0.00 ,  0.00 ,  0.00 
 0.00 ,  0.00 ,  0.00 
 0.00 ,  0.00 ,  0.00 
 0.00 ,  0.00 ,  0.00 
 0.00 ,  0.00 ,  0.00 
 0.00 ,  0.00 ,  0.00 
 0.00 ,  0.00 ,  0.00 
 0.00 ,  0.00 ,  0.00 
3020.93 ,  0.00 , 2809.46 
 0.00 ,  0.00 ,  0.00 
 0.00 ,  0.00 ,  0.00 
 0.00 ,  0.00 ,  0.00 
 0.00 ,  0.00 ,  0.00 
 0.00 ,  0.00 ,  0.00 
 0.00 ,  0.00 ,  0.00 
 0.00 ,  0.00 ,  0.00 
 0.00 ,  0.00 ,  0.00 
2592.98 ,  0.00 , 2411.47 
 0.00 ,  0.00 ,  0.00 
 0.00 ,  0.00 ,  0.00 
 0.00 ,  0.00 ,  0.00 
 0.00 ,  0.00 ,  0.00 
 0.00 ,  0.00 ,  0.00 
 0.00 ,  0.00 ,  0.00 
 0.00 ,  0.00 ,  0.00 
 0.00 ,  0.00 ,  0.00 
 0.00 ,  0.00 ,  0.00 
 0.00 ,  0.00 ,  0.00 
 0.00 ,  0.00 ,  0.00 
 0.00 ,  0.00 ,  0.00 
 0.00 ,  0.00 ,  0.00 
 0.00 ,  0.00 ,  0.00 
3020.93 ,  0.00 , 2809.46 
 0.00 ,  0.00 ,  0.00 
 0.00 ,  0.00 ,  0.00 
 0.00 ,  0.00 ,  0.00 
 0.00 ,  0.00 ,  0.00 
 0.00 ,  0.00 ,  0.00 
 0.00 ,  0.00 ,  0.00 
 0.00 ,  0.00 ,  0.00 
 0.00 ,  0.00 ,  0.00 
2592.98 ,  0.00 , 2411.47 
 0.00 ,  0.00 ,  0.00 
 0.00 ,  0.00 ,  0.00 
 0.00 ,  0.00 ,  0.00 
 0.00 ,  0.00 ,  0.00 
 0.00 ,  0.00 ,  0.00 
 0.00 ,  0.00 ,  0.00 
 0.00 ,  0.00 ,  0.00 
 0.00 ,  0.00 ,  0.00 
 0.00 ,  0.00 ,  0.00 
 0.00 ,  0.00 ,  0.00 
 0.00 ,  0.00 ,  0.00 
 0.00 ,  0.00 ,  0.00 
 0.00 ,  0.00 ,  0.00 
 0.00 ,  0.00 ,  0.00 
3020.93 ,  0.00 , 2809.46 
 0.00 ,  0.00 ,  0.00 
 0.00 ,  0.00 ,  0.00 
 0.00 ,  0.00 ,  0.00 
 0.00 ,  0.00 ,  0.00 
 0.00 ,  0.00 ,  0.00 
 0.00 ,  0.00 ,  0.00 
 0.00 ,  0.00 ,  0.00 
 0.00 ,  0.00 ,  0.00 
2592.98 ,  0.00 , 2411.47 
 0.00 ,  0.00 ,  0.00 
 0.00 ,  0.00 ,  0.00 
 0.00 ,  0.00 ,  0.00 
 0.00 ,  0.00 ,  0.00 
 0.00 ,  0.00 ,  0.00 
 0.00 ,  0.00 ,  0.00 
 0.00 ,  0.00 ,  0.00 
 0.00 ,  0.00 ,  0.00 
 0.00 ,  0.00 ,  0.00 
 0.00 ,  0.00 ,  0.00 
 0.00 ,  0.00 ,  0.00 
 0.00 ,  0.00 ,  0.00 
 0.00 ,  0.00 ,  0.00 
 0.00 ,  0.00 ,  0.00 
3020.93 ,  0.00 , 2809.46 
 0.00 ,  0.00 ,  0.00 
 0.00 ,  0.00 ,  0.00 
 0.00 ,  0.00 ,  0.00 
 0.00 ,  0.00 ,  0.00 
 0.00 ,  0.00 ,  0.00 
 0.00 ,  0.00 ,  0.00 
 0.00 ,  0.00 ,  0.00 
 0.00 ,  0.00 ,  0.00 
2592.98 ,  0.00 , 2411.47 
 0.00 ,  0.00 ,  0.00 
 0.00 ,  0.00 ,  0.00 
 0.00 ,  0.00 ,  0.00 
 0.00 ,  0.00 ,  0.00 
 0.00 ,  0.00 ,  0.00 
 0.00 ,  0.00 ,  0.00 
 0.00 ,  0.00 ,  0.00 
 0.00 ,  0.00 ,  0.00 
 0.00 ,  0.00 ,  0.00 
 0.00 ,  0.00 ,  0.00 
 0.00 ,  0.00 ,  0.00 
 0.00 ,  0.00 ,  0.00 
 0.00 ,  0.00 ,  0.00 
 0.00 ,  0.00 ,  0.00 
3020.93 ,  0.00 , 2809.46 
 0.00 ,  0.00 ,  0.00 
 0.00 ,  0.00 ,  0.00 
 0.00 ,  0.00 ,  0.00 
 0.00 ,  0.00 ,  0.00 
 0.00 ,  0.00 ,  0.00 
 0.00 ,  0.00 ,  0.00 
 0.00 ,  0.00 ,  0.00 
 0.00 ,  0.00 ,  0.00 
2592.98 ,  0.00 , 2411.47 
 0.00 ,  0.00 ,  0.00 
 0.00 ,  0.00 ,  0.00 
 0.00 ,  0.00 ,  0.00 
 0.00 ,  0.00 ,  0.00 
 0.00 ,  0.00 ,  0.00 
 0.00 ,  0.00 ,  0.00 
 0.00 ,  0.00 ,  0.00 
 0.00 ,  0.00 ,  0.00 
 0.00 ,  0.00 ,  0.00 
 0.00 ,  0.00 ,  0.00 
 0.00 ,  0.00 ,  0.00 
 0.00 ,  0.00 ,  0.00 
 0.00 ,  0.00 ,  0.00 
 0.00 ,  0.00 ,  0.00 
3020.93 ,  0.00 , 2809.46 
 0.00 ,  0.00 ,  0.00 
 0.00 ,  0.00 ,  0.00 
 0.00 ,  0.00 ,  0.00 
 0.00 ,  0.00 ,  0.00 
 0.00 ,  0.00 ,  0.00 
 0.00 ,  0.00 ,  0.00 
 0.00 ,  0.00 ,  0.00 
 0.00 ,  0.00 ,  0.00 
2592.98 ,  0.00 , 2411.47 
 0.00 ,  0.00 ,  0.00 
 0.00 ,  0.00 ,  0.00 
 0.00 ,  0.00 ,  0.00 
 0.00 ,  0.00 ,  0.00 
 0.00 ,  0.00 ,  0.00 
 0.00 ,  0.00 ,  0.00 
 0.00 ,  0.00 ,  0.00 
 0.00 ,  0.00 ,  0.00 
 0.00 ,  0.00 ,  0.00 
 0.00 ,  0.00 ,  0.00 
 0.00 ,  0.00 ,  0.00 
 0.00 ,  0.00 ,  0.00 
 0.00 ,  0.00 ,  0.00 
 0.00 ,  0.00 ,  0.00 
3020.93 ,  0.00 , 2809.46 
 0.00 ,  0.00 ,  0.00 
 0.00 ,  0.00 ,  0.00 
 0.00 ,  0.00 ,  0.00 
 0.00 ,  0.00 ,  0.00 
 0.00 ,  0.00 ,  0.00 
 0.00 ,  0.00 ,  0.00 
 0.00 ,  0.00 ,  0.00 
 0.00 ,  0.00 ,  0.00 
2592.98 ,  0.00 , 2411.47 
 0.00 ,  0.00 ,  0.00 
 0.00 ,  0.00 ,  0.00 
 0.00 ,  0.00 ,  0.00 
 0.00 ,  0.00 ,  0.00 
 0.00 ,  0.00 ,  0.00 
 0.00 ,  0.00 ,  0.00 
 0.00 ,  0.00 ,  0.00 
 0.00 ,  0.00 ,  0.00 
 0.00 ,  0.00 ,  0.00 
 0.00 ,  0.00 ,  0.00 
 0.00 ,  0.00 ,  0.00 
 0.00 ,  0.00 ,  0.00 
 0.00 ,  0.00 ,  0.00 
 0.00 ,  0.00 ,  0.00 
3020.93 ,  0.00 , 2809.46 
 0.00 ,  0.00 ,  0.00 
 0.00 ,  0.00 ,  0.00 
 0.00 ,  0.00 ,  0.00 
 0.00 ,  0.00 ,  0.00 
 0.00 ,  0.00 ,  0.00 
 0.00 ,  0.00 ,  0.00 
 0.00 ,  0.00 ,  0.00 
 0.00 ,  0.00 ,  0.00 
2592.98 ,  0.00 , 2411.47 
 0.00 ,  0.00 ,  0.00 
 0.00 ,  0.00 ,  0.00 
 0.00 ,  0.00 ,  0.00 
 0.00 ,  0.00 ,  0.00 
 0.00 ,  0.00 ,  0.00 
 0.00 ,  0.00 ,  0.00 
 0.00 ,  0.00 ,  0.00 
 0.00 ,  0.00 ,  0.00 
 0.00 ,  0.00 ,  0.00 
 0.00 ,  0.00 ,  0.00 
 0.00 ,  0.00 ,  0.00 
 0.00 ,  0.00 ,  0.00 
 0.00 ,  0.00 ,  0.00 
 0.00 ,  0.00 ,  0.00 
3020.93 ,  0.00 , 2809.46 
 0.00 ,  0.00 ,  0.00 
 0.00 ,  0.00 ,  0.00 
 0.00 ,  0.00 ,  0.00 
 0.00 ,  0.00 ,  0.00 
 0.00 ,  0.00 ,  0.00 
 0.00 ,  0.00 ,  0.00 
 0.00 ,  0.00 ,  0.00 
 0.00 ,  0.00 ,  0.00 
2592.98 ,  0.00 , 2411.47 
 0.00 ,  0.00 ,  0.00 
 0.00 ,  0.00 ,  0.00 
 0.00 ,  0.00 ,  0.00 
 0.00 ,  0.00 ,  0.00 
 0.00 ,  0.00 ,  0.00 
 0.00 ,  0.00 ,  0.00 
 0.00 ,  0.00 ,  0.00 
 0.00 ,  0.00 ,  0.00 
 0.00 ,  0.00 ,  0.00 
 0.00 ,  0.00 ,  0.00 
 0.00 ,  0.00 ,  0.00 
 0.00 ,  0.00 ,  0.00 
 0.00 ,  0.00 ,  0.00 
 0.00 ,  0.00 ,  0.00 
3020.93 ,  0.00 , 2809.46 
 0.00 ,  0.00 ,  0.00 
 0.00 ,  0.00 ,  0.00 
 0.00 ,  0.00 ,  0.00 
 0.00 ,  0.00 ,  0.00 
 0.00 ,  0.00 ,  0.00 
 0.00 ,  0.00 ,  0.00 
 0.00 ,  0.00 ,  0.00 
 0.00 ,  0.00 ,  0.00 
2592.98 ,  0.00 , 2411.47 
 0.00 ,  0.00 ,  0.00 
 0.00 ,  0.00 ,  0.00 
 0.00 ,  0.00 ,  0.00 
 0.00 ,  0.00 ,  0.00 
 0.00 ,  0.00 ,  0.00 
 0.00 ,  0.00 ,  0.00 
 0.00 ,  0.00 ,  0.00 
 0.00 ,  0.00 ,  0.00 
 0.00 ,  0.00 ,  0.00 
 0.00 ,  0.00 ,  0.00 
 0.00 ,  0.00 ,  0.00 
 0.00 ,  0.00 ,  0.00 
 0.00 ,  0.00 ,  0.00 
 0.00 ,  0.00 ,  0.00 
3020.93 ,  0.00 , 2809.46 
 0.00 ,  0.00 ,  0.00 
 0.00 ,  0.00 ,  0.00 
 0.00 ,  0.00 ,  0.00 
 0.00 ,  0.00 ,  0.00 
 0.00 ,  0.00 ,  0.00 
 0.00 ,  0.00 ,  0.00 
 0.00 ,  0.00 ,  0.00 
 0.00 ,  0.00 ,  0.00 
2592.98 ,  0.00 , 2411.47 
 0.00 ,  0.00 ,  0.00 
 0.00 ,  0.00 ,  0.00 
 0.00 ,  0.00 ,  0.00 
 0.00 ,  0.00 ,  0.00 
 0.00 ,  0.00 ,  0.00 
 0.00 ,  0.00 ,  0.00 
 0.00 ,  0.00 ,  0.00 
 0.00 ,  0.00 ,  0.00 
 0.00 ,  0.00 ,  0.00 
 0.00 ,  0.00 ,  0.00 
 0.00 ,  0.00 ,  0.00 
 0.00 ,  0.00 ,  0.00 
 0.00 ,  0.00 ,  0.00 
 0.00 ,  0.00 ,  0.00 
3020.93 ,  0.00 , 2809.46 
 0.00 ,  0.00 ,  0.00 
 0.00 ,  0.00 ,  0.00 
 0.00 ,  0.00 ,  0.00 
 0.00 ,  0.00 ,  0.00 
 0.00 ,  0.00 ,  0.00 
 0.00 ,  0.00 ,  0.00 
 0.00 ,  0.00 ,  0.00 
 0.00 ,  0.00 ,  0.00 
2592.98 ,  0.00 , 2411.47 
 0.00 ,  0.00 ,  0.00 
 0.00 ,  0.00 ,  0.00 
 0.00 ,  0.00 ,  0.00 
 0.00 ,  0.00 ,  0.00 
 0.00 ,  0.00 ,  0.00 
 0.00 ,  0.00 ,  0.00 
 0.00 ,  0.00 ,  0.00 
 0.00 ,  0.00 ,  0.00 
 0.00 ,  0.00 ,  0.00 
 0.00 ,  0.00 ,  0.00 
 0.00 ,  0.00 ,  0.00 
 0.00 ,  0.00 ,  0.00 
 0.00 ,  0.00 ,  0.00 
2517.73 ,  0.00 , 2341.49 
 0.00 , 5847.00 , 4149.26 
 0.00 , 2277.01 , 1553.39 
 0.00 , 827.72 , 555.95 
 0.00 , 58.07 , 38.69 
 0.00 ,  0.00 ,  0.00 
 0.00 ,  0.00 ,  0.00 
2694.89 ,  0.00 , 2506.25 
 0.00 ,  0.00 ,  0.00 
 0.00 ,  0.00 ,  0.00 
 0.00 ,  0.00 ,  0.00 
 0.00 ,  0.00 ,  0.00 
 0.00 ,  0.00 ,  0.00 
 0.00 ,  0.00 ,  0.00 
 0.00 , 258.91 , 172.85 
 0.00 , 639.97 , 428.99 
2642.77 , 788.03 , 2987.33 
 0.00 ,  0.00 ,  0.00 
 0.00 ,  0.00 ,  0.00 
 0.00 ,  0.00 ,  0.00 
 0.00 ,  0.00 ,  0.00 
 0.00 ,  0.00 ,  0.00 
 0.00 ,  0.00 ,  0.00 
 0.00 ,  0.00 ,  0.00 
 0.00 ,  0.00 ,  0.00 
 0.00 , 6257.17 , 4460.94 
 0.00 , 2254.71 , 1537.80 
 0.00 , 1241.96 , 837.88 
2513.43 ,  0.00 , 2337.49 
 0.00 ,  0.00 ,  0.00 
 0.00 ,  0.00 ,  0.00 
 0.00 ,  0.00 ,  0.00 
 0.00 ,  0.00 ,  0.00 
 0.00 ,  0.00 ,  0.00 
 0.00 ,  0.00 ,  0.00 
 0.00 ,  0.00 ,  0.00 
 0.00 ,  0.00 ,  0.00 
2584.60 ,  0.00 , 2403.68 
 0.00 ,  0.00 ,  0.00 
 0.00 ,  0.00 ,  0.00 
 0.00 ,  0.00 ,  0.00 
 0.00 ,  0.00 ,  0.00 
 0.00 ,  0.00 ,  0.00 
 0.00 ,  0.00 ,  0.00 
 0.00 ,  0.00 ,  0.00 
 0.00 ,  0.00 ,  0.00 
 0.00 ,  0.00 ,  0.00 
 0.00 ,  0.00 ,  0.00 
 0.00 ,  0.00 ,  0.00 
 0.00 , 4532.29 , 3169.35 
2732.04 , 1684.06 , 3684.68 
 0.00 , 661.77 , 443.70 
 0.00 , 909.38 , 611.33 
 0.00 , 630.77 , 422.77 
 0.00 ,  0.00 ,  0.00 
 0.00 ,  0.00 ,  0.00 
 0.00 ,  0.00 ,  0.00 
 0.00 ,  0.00 ,  0.00 
 0.00 ,  0.00 ,  0.00 
2632.30 ,  0.00 , 2448.04 
 0.00 ,  0.00 ,  0.00 
 0.00 ,  0.00 ,  0.00 
 0.00 , 41.89 , 27.90 
 0.00 , 389.85 , 260.63 
 0.00 , 470.88 , 315.07 
 0.00 ,  0.00 ,  0.00 
 0.00 ,  0.00 ,  0.00 
 0.00 ,  0.00 ,  0.00 
 0.00 ,  0.00 ,  0.00 
 0.00 ,  0.00 ,  0.00 
 0.00 ,  0.00 ,  0.00 
 0.00 ,  0.00 ,  0.00 
 0.00 ,  0.00 ,  0.00 
3008.87 , 5034.01 , 6363.41 
 0.00 , 1932.78 , 1313.65 
 0.00 , 286.47 , 191.31 
 0.00 ,  0.00 ,  0.00 
 0.00 ,  0.00 ,  0.00 
 0.00 ,  0.00 ,  0.00 
 0.00 ,  0.00 ,  0.00 
 0.00 ,  0.00 ,  0.00 
2555.03 ,  0.00 , 2376.18 
 0.00 ,  0.00 ,  0.00 
 0.00 ,  0.00 ,  0.00 
 0.00 ,  0.00 ,  0.00 
 0.00 ,  0.00 ,  0.00 
 0.00 ,  0.00 ,  0.00 
 0.00 ,  0.00 ,  0.00 
 0.00 ,  0.00 ,  0.00 
2508.02 ,  0.00 , 2332.46 
 0.00 ,  0.00 ,  0.00 
 0.00 ,  0.00 ,  0.00 
 0.00 ,  0.00 ,  0.00 
 0.00 ,  0.00 ,  0.00 
 0.00 ,  0.00 ,  0.00 
 0.00 ,  0.00 ,  0.00 
 0.00 ,  0.00 ,  0.00 
 0.00 , 3300.21 , 2276.64 
 0.00 , 1291.37 , 871.67 
 0.00 , 679.56 , 455.71 
 0.00 ,  0.00 ,  0.00 
2572.92 ,  0.00 , 2392.81 
 0.00 ,  0.00 ,  0.00 
 0.00 ,  0.00 ,  0.00 
 0.00 ,  0.00 ,  0.00 
 0.00 ,  0.00 ,  0.00 
 0.00 ,  0.00 ,  0.00 
 0.00 ,  0.00 ,  0.00 
 0.00 ,  0.00 ,  0.00 
 0.00 ,  0.00 ,  0.00 
2587.16 ,  0.00 , 2406.05 
 0.00 ,  0.00 ,  0.00 
 0.00 ,  0.00 ,  0.00 
 0.00 ,  0.00 ,  0.00 
 0.00 ,  0.00 ,  0.00 
 0.00 ,  0.00 ,  0.00 
 0.00 ,  0.00 ,  0.00 
 0.00 ,  0.00 ,  0.00 
 0.00 ,  0.00 ,  0.00 
 0.00 ,  0.00 ,  0.00 
 0.00 ,  0.00 ,  0.00 
 0.00 , 2252.44 , 1536.21 
 0.00 , 850.53 , 571.41 
2794.82 , 706.69 , 3073.65 
 0.00 ,  0.00 ,  0.00 
 0.00 , 212.55 , 141.83 
 0.00 ,  0.00 ,  0.00 
 0.00 ,  0.00 ,  0.00 
 0.00 ,  0.00 ,  0.00 
 0.00 ,  0.00 ,  0.00 
 0.00 ,  0.00 ,  0.00 
 0.00 ,  0.00 ,  0.00 
2526.85 ,  0.00 , 2349.97 
 0.00 ,  0.00 ,  0.00 
 0.00 ,  0.00 ,  0.00 
 0.00 ,  0.00 ,  0.00 
 0.00 ,  0.00 ,  0.00 
 0.00 ,  0.00 ,  0.00 
 0.00 ,  0.00 ,  0.00 
 0.00 ,  0.00 ,  0.00 
 0.00 ,  0.00 ,  0.00 
 0.00 ,  0.00 ,  0.00 
 0.00 ,  0.00 ,  0.00 
 0.00 ,  0.00 ,  0.00 
 0.00 ,  0.00 ,  0.00 
2721.16 , 2997.59 , 4599.35 
 0.00 , 1225.02 , 826.30 
 0.00 ,  0.00 ,  0.00 
 0.00 ,  0.00 ,  0.00 
 0.00 ,  0.00 ,  0.00 
 0.00 ,  0.00 ,  0.00 
 0.00 ,  0.00 ,  0.00 
 0.00 ,  0.00 ,  0.00 
2555.03 ,  0.00 , 2376.18 
 0.00 ,  0.00 ,  0.00 
 0.00 ,  0.00 ,  0.00 
 0.00 ,  0.00 ,  0.00 
 0.00 ,  0.00 ,  0.00 
 0.00 ,  0.00 ,  0.00 
 0.00 ,  0.00 ,  0.00 
 0.00 ,  0.00 ,  0.00 
2508.02 ,  0.00 , 2332.46 
 0.00 ,  0.00 ,  0.00 
 0.00 ,  0.00 ,  0.00 
 0.00 ,  0.00 ,  0.00 
 0.00 ,  0.00 ,  0.00 
 0.00 ,  0.00 ,  0.00 
 0.00 ,  0.00 ,  0.00 
 0.00 ,  0.00 ,  0.00 
 0.00 ,  0.00 ,  0.00 
 0.00 , 346.87 , 231.79 
 0.00 , 385.99 , 258.04 
 0.00 , 144.67 , 96.46 
2572.92 ,  0.00 , 2392.81 
 0.00 ,  0.00 ,  0.00 
 0.00 ,  0.00 ,  0.00 
 0.00 ,  0.00 ,  0.00 
 0.00 ,  0.00 ,  0.00 
 0.00 ,  0.00 ,  0.00 
 0.00 ,  0.00 ,  0.00 
 0.00 ,  0.00 ,  0.00 
 0.00 ,  0.00 ,  0.00 
2587.16 ,  0.00 , 2406.05 
 0.00 ,  0.00 ,  0.00 
 0.00 ,  0.00 ,  0.00 
 0.00 ,  0.00 ,  0.00 
 0.00 ,  0.00 ,  0.00 
 0.00 ,  0.00 ,  0.00 
 0.00 ,  0.00 ,  0.00 
 0.00 ,  0.00 ,  0.00 
 0.00 ,  0.00 ,  0.00 
 0.00 ,  0.00 ,  0.00 
 0.00 ,  0.00 ,  0.00 
 0.00 , 1579.26 , 1069.30 
 0.00 , 722.34 , 484.62 
2794.82 , 44.77 , 2629.01 
 0.00 ,  0.00 ,  0.00 
 0.00 ,  0.00 ,  0.00 
 0.00 ,  0.00 ,  0.00 
 0.00 ,  0.00 ,  0.00 
 0.00 ,  0.00 ,  0.00 
 0.00 ,  0.00 ,  0.00 
 0.00 ,  0.00 ,  0.00 
 0.00 ,  0.00 ,  0.00 
2526.85 ,  0.00 , 2349.97 
 0.00 ,  0.00 ,  0.00 
 0.00 ,  0.00 ,  0.00 
 0.00 ,  0.00 ,  0.00 
 0.00 ,  0.00 ,  0.00 
 0.00 ,  0.00 ,  0.00 
 0.00 ,  0.00 ,  0.00 
 0.00 ,  0.00 ,  0.00 
 0.00 ,  0.00 ,  0.00 
 0.00 ,  0.00 ,  0.00 
 0.00 ,  0.00 ,  0.00 
 0.00 ,  0.00 ,  0.00 
 0.00 ,  0.00 ,  0.00 
2721.16 ,  0.00 , 2530.68 
 0.00 ,  0.00 ,  0.00 
 0.00 ,  0.00 ,  0.00 
 0.00 ,  0.00 ,  0.00 
 0.00 ,  0.00 ,  0.00 
 0.00 ,  0.00 ,  0.00 
 0.00 ,  0.00 ,  0.00 
 0.00 ,  0.00 ,  0.00 
2555.03 ,  0.00 , 2376.18 
 0.00 ,  0.00 ,  0.00 
 0.00 ,  0.00 ,  0.00 
 0.00 ,  0.00 ,  0.00 
 0.00 ,  0.00 ,  0.00 
 0.00 ,  0.00 ,  0.00 
 0.00 ,  0.00 ,  0.00 
 0.00 ,  0.00 ,  0.00 
2508.02 ,  0.00 , 2332.46 
 0.00 ,  0.00 ,  0.00 
 0.00 ,  0.00 ,  0.00 
 0.00 ,  0.00 ,  0.00 
 0.00 ,  0.00 ,  0.00 
 0.00 ,  0.00 ,  0.00 
 0.00 ,  0.00 ,  0.00 
 0.00 ,  0.00 ,  0.00 
 0.00 , 202.26 , 134.95 
 0.00 , 227.41 , 151.77 
 0.00 ,  0.00 ,  0.00 
 0.00 ,  0.00 ,  0.00 
2572.92 ,  0.00 , 2392.81 
 0.00 ,  0.00 ,  0.00 
 0.00 ,  0.00 ,  0.00 
 0.00 ,  0.00 ,  0.00 
 0.00 ,  0.00 ,  0.00 
 0.00 ,  0.00 ,  0.00 
 0.00 ,  0.00 ,  0.00 
 0.00 ,  0.00 ,  0.00 
 0.00 ,  0.00 ,  0.00 
2587.16 ,  0.00 , 2406.05 
 0.00 ,  0.00 ,  0.00 
 0.00 ,  0.00 ,  0.00 
 0.00 ,  0.00 ,  0.00 
 0.00 ,  0.00 ,  0.00 
 0.00 ,  0.00 ,  0.00 
 0.00 ,  0.00 ,  0.00 
 0.00 ,  0.00 ,  0.00 
 0.00 ,  0.00 ,  0.00 
 0.00 ,  0.00 ,  0.00 
 0.00 ,  0.00 ,  0.00 
 0.00 ,  0.00 ,  0.00 
 0.00 ,  0.00 ,  0.00 
2794.82 ,  0.00 , 2599.19 
 0.00 ,  0.00 ,  0.00 
 0.00 ,  0.00 ,  0.00 
 0.00 ,  0.00 ,  0.00 
 0.00 ,  0.00 ,  0.00 
 0.00 ,  0.00 ,  0.00 
 0.00 ,  0.00 ,  0.00 
 0.00 ,  0.00 ,  0.00 
 0.00 ,  0.00 ,  0.00 
2526.85 ,  0.00 , 2349.97 
 0.00 ,  0.00 ,  0.00 
 0.00 ,  0.00 ,  0.00 
 0.00 ,  0.00 ,  0.00 
 0.00 ,  0.00 ,  0.00 
 0.00 ,  0.00 ,  0.00 
 0.00 ,  0.00 ,  0.00 
 0.00 ,  0.00 ,  0.00 
 0.00 ,  0.00 ,  0.00 
 0.00 ,  0.00 ,  0.00 
 0.00 ,  0.00 ,  0.00 
 0.00 ,  0.00 ,  0.00 
 0.00 ,  0.00 ,  0.00 
2721.16 ,  0.00 , 2530.68 
 0.00 ,  0.00 ,  0.00 
 0.00 ,  0.00 ,  0.00 
 0.00 ,  0.00 ,  0.00 
 0.00 ,  0.00 ,  0.00 
 0.00 ,  0.00 ,  0.00 
 0.00 ,  0.00 ,  0.00 
 0.00 ,  0.00 ,  0.00 
2555.03 ,  0.00 , 2376.18 
 0.00 ,  0.00 ,  0.00 
 0.00 ,  0.00 ,  0.00 
 0.00 ,  0.00 ,  0.00 
 0.00 ,  0.00 ,  0.00 
 0.00 ,  0.00 ,  0.00 
 0.00 ,  0.00 ,  0.00 
 0.00 ,  0.00 ,  0.00 
2508.02 ,  0.00 , 2332.46 
 0.00 ,  0.00 ,  0.00 
 0.00 ,  0.00 ,  0.00 
 0.00 ,  0.00 ,  0.00 
 0.00 ,  0.00 ,  0.00 
 0.00 ,  0.00 ,  0.00 
 0.00 ,  0.00 ,  0.00 
 0.00 ,  0.00 ,  0.00 
 0.00 ,  0.00 ,  0.00 
 0.00 ,  0.00 ,  0.00 
 0.00 ,  0.00 ,  0.00 
 0.00 ,  0.00 ,  0.00 
2572.92 ,  0.00 , 2392.81 
 0.00 ,  0.00 ,  0.00 
 0.00 ,  0.00 ,  0.00 
 0.00 ,  0.00 ,  0.00 
 0.00 ,  0.00 ,  0.00 
 0.00 ,  0.00 ,  0.00 
 0.00 ,  0.00 ,  0.00 
 0.00 ,  0.00 ,  0.00 
 0.00 ,  0.00 ,  0.00 
2587.16 ,  0.00 , 2406.05 
 0.00 ,  0.00 ,  0.00 
 0.00 ,  0.00 ,  0.00 
 0.00 ,  0.00 ,  0.00 
 0.00 ,  0.00 ,  0.00 
 0.00 ,  0.00 ,  0.00 
 0.00 ,  0.00 ,  0.00 
 0.00 ,  0.00 ,  0.00 
 0.00 ,  0.00 ,  0.00 
 0.00 ,  0.00 ,  0.00 
 0.00 ,  0.00 ,  0.00 
 0.00 ,  0.00 ,  0.00 
 0.00 ,  0.00 ,  0.00 
2794.82 ,  0.00 , 2599.19 
 0.00 ,  0.00 ,  0.00 
 0.00 ,  0.00 ,  0.00 
 0.00 ,  0.00 ,  0.00 
 0.00 ,  0.00 ,  0.00 
 0.00 ,  0.00 ,  0.00 
 0.00 ,  0.00 ,  0.00 
 0.00 ,  0.00 ,  0.00 
 0.00 ,  0.00 ,  0.00 
2526.85 ,  0.00 , 2349.97 
 0.00 ,  0.00 ,  0.00 
 0.00 ,  0.00 ,  0.00 
 0.00 ,  0.00 ,  0.00 
 0.00 ,  0.00 ,  0.00 
 0.00 ,  0.00 ,  0.00 
 0.00 ,  0.00 ,  0.00 
 0.00 ,  0.00 ,  0.00 
 0.00 ,  0.00 ,  0.00 
 0.00 ,  0.00 ,  0.00 
 0.00 ,  0.00 ,  0.00 
 0.00 ,  0.00 ,  0.00 
 0.00 ,  0.00 ,  0.00 
2721.16 ,  0.00 , 2530.68 
 0.00 , 21.33 , 14.20 
 0.00 , 98.03 , 65.34 
 0.00 ,  0.00 ,  0.00 
 0.00 ,  0.00 ,  0.00 
 0.00 ,  0.00 ,  0.00 
 0.00 ,  0.00 ,  0.00 
 0.00 ,  0.00 ,  0.00 
2555.03 ,  0.00 , 2376.18 
 0.00 ,  0.00 ,  0.00 
 0.00 ,  0.00 ,  0.00 
 0.00 ,  0.00 ,  0.00 
 0.00 ,  0.00 ,  0.00 
 0.00 ,  0.00 ,  0.00 
 0.00 ,  0.00 ,  0.00 
 0.00 ,  0.00 ,  0.00 
2508.02 ,  0.00 , 2332.46 
 0.00 ,  0.00 ,  0.00 
 0.00 ,  0.00 ,  0.00 
 0.00 ,  0.00 ,  0.00 
 0.00 ,  0.00 ,  0.00 
 0.00 ,  0.00 ,  0.00 
 0.00 ,  0.00 ,  0.00 
 0.00 ,  0.00 ,  0.00 
 0.00 , 1925.71 , 1308.75 
 0.00 , 821.98 , 552.06 
 0.00 , 574.00 , 384.50 
 0.00 ,  0.00 ,  0.00 
2572.92 ,  0.00 , 2392.81 
 0.00 ,  0.00 ,  0.00 
 0.00 ,  0.00 ,  0.00 
 0.00 ,  0.00 ,  0.00 
 0.00 ,  0.00 ,  0.00 
 0.00 ,  0.00 ,  0.00 
 0.00 ,  0.00 ,  0.00 
 0.00 ,  0.00 ,  0.00 
 0.00 ,  0.00 ,  0.00 
2587.16 ,  0.00 , 2406.05 
 0.00 ,  0.00 ,  0.00 
 0.00 ,  0.00 ,  0.00 
 0.00 ,  0.00 ,  0.00 
 0.00 ,  0.00 ,  0.00 
 0.00 ,  0.00 ,  0.00 
 0.00 ,  0.00 ,  0.00 
 0.00 ,  0.00 ,  0.00 
 0.00 ,  0.00 ,  0.00 
 0.00 ,  0.00 ,  0.00 
 0.00 ,  0.00 ,  0.00 
 0.00 , 1330.03 , 898.14 
 0.00 , 780.84 , 524.20 
2794.82 , 340.87 , 2827.05 
 0.00 ,  0.00 ,  0.00 
 0.00 ,  0.00 ,  0.00 
 0.00 ,  0.00 ,  0.00 
 0.00 ,  0.00 ,  0.00 
 0.00 ,  0.00 ,  0.00 
 0.00 ,  0.00 ,  0.00 
 0.00 ,  0.00 ,  0.00 
 0.00 ,  0.00 ,  0.00 
2526.85 ,  0.00 , 2349.97 
 0.00 ,  0.00 ,  0.00 
 0.00 ,  0.00 ,  0.00 
 0.00 ,  0.00 ,  0.00 
 0.00 ,  0.00 ,  0.00 
 0.00 ,  0.00 ,  0.00 
 0.00 ,  0.00 ,  0.00 
 0.00 ,  0.00 ,  0.00 
 0.00 ,  0.00 ,  0.00 
 0.00 ,  0.00 ,  0.00 
 0.00 ,  0.00 ,  0.00 
 0.00 ,  0.00 ,  0.00 
 0.00 ,  0.00 ,  0.00 
2721.16 , 1934.19 , 3848.41 
 0.00 , 1011.06 , 680.42 
 0.00 , 584.49 , 391.57 
 0.00 ,  0.00 ,  0.00 
 0.00 ,  0.00 ,  0.00 
 0.00 ,  0.00 ,  0.00 
 0.00 ,  0.00 ,  0.00 
 0.00 ,  0.00 ,  0.00 
2555.03 ,  0.00 , 2376.18 
 0.00 ,  0.00 ,  0.00 
 0.00 ,  0.00 ,  0.00 
 0.00 ,  0.00 ,  0.00 
 0.00 ,  0.00 ,  0.00 
 0.00 ,  0.00 ,  0.00 
 0.00 ,  0.00 ,  0.00 
 0.00 ,  0.00 ,  0.00 
2508.02 ,  0.00 , 2332.46 
 0.00 ,  0.00 ,  0.00 
 0.00 ,  0.00 ,  0.00 
 0.00 ,  0.00 ,  0.00 
 0.00 ,  0.00 ,  0.00 
 0.00 ,  0.00 ,  0.00 
 0.00 ,  0.00 ,  0.00 
 0.00 ,  0.00 ,  0.00 
 0.00 , 2155.61 , 1468.64 
 0.00 , 816.25 , 548.18 
 0.00 , 109.46 , 72.96 
 0.00 ,  0.00 ,  0.00 
2572.92 ,  0.00 , 2392.81 
 0.00 ,  0.00 ,  0.00 
 0.00 ,  0.00 ,  0.00 
 0.00 ,  0.00 ,  0.00 
 0.00 ,  0.00 ,  0.00 
 0.00 ,  0.00 ,  0.00 
 0.00 ,  0.00 ,  0.00 
 0.00 ,  0.00 ,  0.00 
 0.00 ,  0.00 ,  0.00 
2587.16 ,  0.00 , 2406.05 
 0.00 ,  0.00 ,  0.00 
 0.00 ,  0.00 ,  0.00 
 0.00 ,  0.00 ,  0.00 
 0.00 ,  0.00 ,  0.00 
 0.00 ,  0.00 ,  0.00 
 0.00 ,  0.00 ,  0.00 
 0.00 ,  0.00 ,  0.00 
 0.00 ,  0.00 ,  0.00 
 0.00 ,  0.00 ,  0.00 
 0.00 ,  0.00 ,  0.00 
 0.00 , 214.80 , 143.34 
 0.00 , 303.79 , 202.91 
2794.82 ,  0.00 , 2599.19 
 0.00 ,  0.00 ,  0.00 
 0.00 ,  0.00 ,  0.00 
 0.00 ,  0.00 ,  0.00 
 0.00 ,  0.00 ,  0.00 
 0.00 ,  0.00 ,  0.00 
 0.00 ,  0.00 ,  0.00 
 0.00 ,  0.00 ,  0.00 
 0.00 ,  0.00 ,  0.00 
2526.85 ,  0.00 , 2349.97 
 0.00 ,  0.00 ,  0.00 
 0.00 ,  0.00 ,  0.00 
 0.00 ,  0.00 ,  0.00 
 0.00 ,  0.00 ,  0.00 
 0.00 ,  0.00 ,  0.00 
 0.00 ,  0.00 ,  0.00 
 0.00 ,  0.00 ,  0.00 
 0.00 ,  0.00 ,  0.00 
 0.00 ,  0.00 ,  0.00 
 0.00 ,  0.00 ,  0.00 
 0.00 ,  0.00 ,  0.00 
 0.00 ,  0.00 ,  0.00 
2721.16 , 2470.63 , 4224.81 
 0.00 , 1173.18 , 790.89 
 0.00 , 472.99 , 316.50 
 0.00 ,  0.00 ,  0.00 
 0.00 ,  0.00 ,  0.00 
 0.00 ,  0.00 ,  0.00 
 0.00 ,  0.00 ,  0.00 
 0.00 ,  0.00 ,  0.00 
2555.03 ,  0.00 , 2376.18 
 0.00 ,  0.00 ,  0.00 
 0.00 ,  0.00 ,  0.00 
 0.00 ,  0.00 ,  0.00 
 0.00 ,  0.00 ,  0.00 
 0.00 ,  0.00 ,  0.00 
 0.00 ,  0.00 ,  0.00 
 0.00 ,  0.00 ,  0.00 
2508.02 ,  0.00 , 2332.46 
 0.00 ,  0.00 ,  0.00 
 0.00 ,  0.00 ,  0.00 
 0.00 ,  0.00 ,  0.00 
 0.00 ,  0.00 ,  0.00 
 0.00 ,  0.00 ,  0.00 
 0.00 ,  0.00 ,  0.00 
 0.00 ,  0.00 ,  0.00 
 0.00 , 1971.57 , 1340.58 
 0.00 , 1107.73 , 746.25 
 0.00 , 938.77 , 631.29 
 0.00 , 521.31 , 349.00 
2572.92 , 343.47 , 2622.41 
 0.00 ,  0.00 ,  0.00 
 0.00 ,  0.00 ,  0.00 
 0.00 ,  0.00 ,  0.00 
 0.00 ,  0.00 ,  0.00 
 0.00 ,  0.00 ,  0.00 
 0.00 ,  0.00 ,  0.00 
 0.00 ,  0.00 ,  0.00 
 0.00 ,  0.00 ,  0.00 
2587.16 ,  0.00 , 2406.05 
 0.00 ,  0.00 ,  0.00 
 0.00 ,  0.00 ,  0.00 
 0.00 ,  0.00 ,  0.00 
 0.00 ,  0.00 ,  0.00 
 0.00 ,  0.00 ,  0.00 
 0.00 ,  0.00 ,  0.00 
 0.00 ,  0.00 ,  0.00 
 0.00 ,  0.00 ,  0.00 
 0.00 ,  0.00 ,  0.00 
 0.00 ,  0.00 ,  0.00 
 0.00 , 2851.46 , 1957.46 
 0.00 , 1324.95 , 894.66 
2794.82 ,  0.00 , 2599.19 
 0.00 ,  0.00 ,  0.00 
 0.00 ,  0.00 ,  0.00 
 0.00 ,  0.00 ,  0.00 
 0.00 ,  0.00 ,  0.00 
 0.00 ,  0.00 ,  0.00 
 0.00 ,  0.00 ,  0.00 
 0.00 ,  0.00 ,  0.00 
 0.00 ,  0.00 ,  0.00 
2526.85 ,  0.00 , 2349.97 
 0.00 ,  0.00 ,  0.00 
 0.00 ,  0.00 ,  0.00 
 0.00 ,  0.00 ,  0.00 
 0.00 ,  0.00 ,  0.00 
 0.00 ,  0.00 ,  0.00 
 0.00 ,  0.00 ,  0.00 
 0.00 ,  0.00 ,  0.00 
 0.00 ,  0.00 ,  0.00 
 0.00 ,  0.00 ,  0.00 
 0.00 ,  0.00 ,  0.00 
 0.00 ,  0.00 ,  0.00 
 0.00 ,  0.00 ,  0.00 
2721.16 , 1454.72 , 3516.07 
 0.00 , 1067.48 , 718.83 
 0.00 , 109.25 , 72.82 
 0.00 ,  0.00 ,  0.00 
 0.00 ,  0.00 ,  0.00 
 0.00 ,  0.00 ,  0.00 
 0.00 ,  0.00 ,  0.00 
 0.00 ,  0.00 ,  0.00 
2555.03 ,  0.00 , 2376.18 
 0.00 ,  0.00 ,  0.00 
 0.00 ,  0.00 ,  0.00 
 0.00 ,  0.00 ,  0.00 
 0.00 ,  0.00 ,  0.00 
 0.00 ,  0.00 ,  0.00 
 0.00 ,  0.00 ,  0.00 
 0.00 ,  0.00 ,  0.00 
2508.02 ,  0.00 , 2332.46 
 0.00 ,  0.00 ,  0.00 
 0.00 ,  0.00 ,  0.00 
 0.00 ,  0.00 ,  0.00 
 0.00 ,  0.00 ,  0.00 
 0.00 ,  0.00 ,  0.00 
 0.00 ,  0.00 ,  0.00 
 0.00 ,  0.00 ,  0.00 
 0.00 , 1750.30 , 1187.29 
 0.00 , 1117.23 , 752.73 
 0.00 ,  0.00 ,  0.00 
 0.00 ,  0.00 ,  0.00 
2572.92 ,  0.00 , 2392.81 
 0.00 ,  0.00 ,  0.00 
 0.00 ,  0.00 ,  0.00 
 0.00 ,  0.00 ,  0.00 
 0.00 ,  0.00 ,  0.00 
 0.00 ,  0.00 ,  0.00 
 0.00 ,  0.00 ,  0.00 
 0.00 ,  0.00 ,  0.00 
 0.00 ,  0.00 ,  0.00 
2587.16 ,  0.00 , 2406.05 
 0.00 ,  0.00 ,  0.00 
 0.00 ,  0.00 ,  0.00 
 0.00 ,  0.00 ,  0.00 
 0.00 ,  0.00 ,  0.00 
 0.00 ,  0.00 ,  0.00 
 0.00 ,  0.00 ,  0.00 
 0.00 ,  0.00 ,  0.00 
 0.00 ,  0.00 ,  0.00 
 0.00 ,  0.00 ,  0.00 
 0.00 ,  0.00 ,  0.00 
 0.00 , 2196.22 , 1496.96 
 0.00 , 1059.19 , 713.18 
2794.82 , 314.70 , 2809.49 
 0.00 ,  0.00 ,  0.00 
 0.00 ,  0.00 ,  0.00 
 0.00 ,  0.00 ,  0.00 
 0.00 ,  0.00 ,  0.00 
 0.00 ,  0.00 ,  0.00 
 0.00 ,  0.00 ,  0.00 
 0.00 ,  0.00 ,  0.00 
 0.00 ,  0.00 ,  0.00 
2526.85 ,  0.00 , 2349.97 
 0.00 ,  0.00 ,  0.00 
 0.00 ,  0.00 ,  0.00 
 0.00 ,  0.00 ,  0.00 
 0.00 ,  0.00 ,  0.00 
 0.00 ,  0.00 ,  0.00 
 0.00 ,  0.00 ,  0.00 
 0.00 ,  0.00 ,  0.00 
 0.00 ,  0.00 ,  0.00 
 0.00 ,  0.00 ,  0.00 
 0.00 ,  0.00 ,  0.00 
 0.00 ,  0.00 ,  0.00 
 0.00 ,  0.00 ,  0.00 
2721.16 , 1959.22 , 3865.86 
 0.00 , 1053.44 , 709.26 
 0.00 , 839.31 , 563.81 
 0.00 ,  0.00 ,  0.00 
 0.00 ,  0.00 ,  0.00 
 0.00 ,  0.00 ,  0.00 
 0.00 ,  0.00 ,  0.00 
 0.00 ,  0.00 ,  0.00 
2555.03 ,  0.00 , 2376.18 
 0.00 ,  0.00 ,  0.00 
 0.00 ,  0.00 ,  0.00 
 0.00 ,  0.00 ,  0.00 
 0.00 ,  0.00 ,  0.00 
 0.00 ,  0.00 ,  0.00 
 0.00 ,  0.00 ,  0.00 
 0.00 ,  0.00 ,  0.00 
2508.02 ,  0.00 , 2332.46 
 0.00 ,  0.00 ,  0.00 
 0.00 ,  0.00 ,  0.00 
 0.00 ,  0.00 ,  0.00 
 0.00 ,  0.00 ,  0.00 
 0.00 ,  0.00 ,  0.00 
 0.00 ,  0.00 ,  0.00 
 0.00 ,  0.00 ,  0.00 
 0.00 , 2011.69 , 1368.45 
 0.00 , 1003.77 , 675.47 
 0.00 , 565.85 , 379.00 
 0.00 ,  0.00 ,  0.00 
2572.92 ,  0.00 , 2392.81 
 0.00 ,  0.00 ,  0.00 
 0.00 ,  0.00 ,  0.00 
 0.00 ,  0.00 ,  0.00 
 0.00 ,  0.00 ,  0.00 
 0.00 ,  0.00 ,  0.00 
 0.00 ,  0.00 ,  0.00 
 0.00 ,  0.00 ,  0.00 
 0.00 ,  0.00 ,  0.00 
2587.16 ,  0.00 , 2406.05 
 0.00 ,  0.00 ,  0.00 
 0.00 ,  0.00 ,  0.00 
 0.00 ,  0.00 ,  0.00 
 0.00 ,  0.00 ,  0.00 
 0.00 ,  0.00 ,  0.00 
 0.00 ,  0.00 ,  0.00 
 0.00 ,  0.00 ,  0.00 
 0.00 ,  0.00 ,  0.00 
 0.00 ,  0.00 ,  0.00 
 0.00 ,  0.00 ,  0.00 
 0.00 , 220.16 , 146.92 
 0.00 , 575.71 , 385.65 
2794.82 , 204.60 , 2735.74 
 0.00 ,  0.00 ,  0.00 
 0.00 ,  0.00 ,  0.00 
 0.00 ,  0.00 ,  0.00 
 0.00 ,  0.00 ,  0.00 
 0.00 ,  0.00 ,  0.00 
 0.00 ,  0.00 ,  0.00 
 0.00 ,  0.00 ,  0.00 
 0.00 ,  0.00 ,  0.00 
2526.85 ,  0.00 , 2349.97 
 0.00 ,  0.00 ,  0.00 
 0.00 ,  0.00 ,  0.00 
 0.00 ,  0.00 ,  0.00 
 0.00 ,  0.00 ,  0.00 
 0.00 ,  0.00 ,  0.00 
 0.00 ,  0.00 ,  0.00 
 0.00 ,  0.00 ,  0.00 
 0.00 ,  0.00 ,  0.00 
 0.00 ,  0.00 ,  0.00 
 0.00 ,  0.00 ,  0.00 
 0.00 ,  0.00 ,  0.00 
 0.00 ,  0.00 ,  0.00 
2721.16 , 801.96 , 3069.69 
 0.00 , 703.94 , 472.19 
 0.00 , 298.18 , 199.15 
 0.00 ,  0.00 ,  0.00 
 0.00 ,  0.00 ,  0.00 
 0.00 ,  0.00 ,  0.00 
 0.00 ,  0.00 ,  0.00 
 0.00 ,  0.00 ,  0.00 
2555.03 ,  0.00 , 2376.18 
 0.00 ,  0.00 ,  0.00 
 0.00 ,  0.00 ,  0.00 
 0.00 ,  0.00 ,  0.00 
 0.00 ,  0.00 ,  0.00 
 0.00 ,  0.00 ,  0.00 
 0.00 ,  0.00 ,  0.00 
 0.00 ,  0.00 ,  0.00 
2508.02 ,  0.00 , 2332.46 
 0.00 ,  0.00 ,  0.00 
 0.00 ,  0.00 ,  0.00 
 0.00 ,  0.00 ,  0.00 
 0.00 ,  0.00 ,  0.00 
 0.00 ,  0.00 ,  0.00 
 0.00 ,  0.00 ,  0.00 
 0.00 ,  0.00 ,  0.00 
 0.00 , 4134.75 , 2878.66 
 0.00 , 1722.04 , 1167.77 
 0.00 , 692.90 , 464.73 
 0.00 ,  0.00 ,  0.00 
2751.38 ,  0.00 , 2558.78 
 0.00 ,  0.00 ,  0.00 
 0.00 ,  0.00 ,  0.00 
 0.00 ,  0.00 ,  0.00 
 0.00 ,  0.00 ,  0.00 
 0.00 ,  0.00 ,  0.00 
 0.00 ,  0.00 ,  0.00 
 0.00 , 217.14 , 144.90 
 0.00 , 587.96 , 393.90 
2773.57 , 646.33 , 3013.05 
 0.00 , 747.52 , 501.65 
 0.00 , 844.39 , 567.25 
 0.00 ,  0.00 ,  0.00 
 0.00 ,  0.00 ,  0.00 
 0.00 ,  0.00 ,  0.00 
 0.00 ,  0.00 ,  0.00 
 0.00 ,  0.00 ,  0.00 
 0.00 ,  0.00 ,  0.00 
 0.00 ,  0.00 ,  0.00 
 0.00 ,  0.00 ,  0.00 
 0.00 , 6093.44 , 4336.18 
2554.78 , 1998.24 , 3738.14 
 0.00 , 1158.09 , 780.59 
 0.00 , 1564.19 , 1058.92 
 0.00 , 587.99 , 393.92 
 0.00 , 118.78 , 79.18 
 0.00 , 717.08 , 481.07 
 0.00 , 720.60 , 483.45 
 0.00 , 616.42 , 413.10 
2566.40 , 770.56 , 2904.45 
 0.00 , 1199.10 , 808.59 
 0.00 , 1214.45 , 819.08 
 0.00 , 1051.59 , 708.01 
 0.00 , 1106.14 , 745.16 
 0.00 , 1114.98 , 751.19 
 0.00 , 1173.72 , 791.26 
 0.00 ,  0.00 ,  0.00 
2509.80 ,  0.00 , 2334.11 
 0.00 ,  0.00 ,  0.00 
 0.00 ,  0.00 ,  0.00 
 0.00 ,  0.00 ,  0.00 
 0.00 ,  0.00 ,  0.00 
 0.00 ,  0.00 ,  0.00 
 0.00 , 157.57 , 105.09 
 0.00 , 6282.13 , 4480.00 
 0.00 , 2204.00 , 1502.39 
 0.00 , 2029.89 , 1381.11 
 0.00 , 1679.99 , 1138.73 
2666.58 , 1228.90 , 3310.07 
 0.00 , 1004.97 , 676.28 
 0.00 , 1072.52 , 722.26 
 0.00 , 849.29 , 570.57 
 0.00 , 660.47 , 442.83 
 0.00 , 1177.13 , 793.59 
 0.00 , 1440.87 , 974.15 
 0.00 , 1409.44 , 952.58 
 0.00 , 1232.16 , 831.18 
2773.57 , 1222.24 , 3405.07 
 0.00 , 1271.11 , 857.81 
 0.00 , 1322.32 , 892.86 
 0.00 ,  0.00 ,  0.00 
 0.00 ,  0.00 ,  0.00 
 0.00 ,  0.00 ,  0.00 
 0.00 ,  0.00 ,  0.00 
 0.00 ,  0.00 ,  0.00 
 0.00 , 258.23 , 172.40 
 0.00 , 734.37 , 492.76 
 0.00 , 935.50 , 629.06 
 0.00 , 6282.13 , 4480.00 
2554.78 , 2518.66 , 4103.66 
 0.00 , 35.36 , 23.55 
 0.00 ,  0.00 ,  0.00 
 0.00 ,  0.00 ,  0.00 
 0.00 ,  0.00 ,  0.00 
 0.00 ,  0.00 ,  0.00 
 0.00 ,  0.00 ,  0.00 
 0.00 ,  0.00 ,  0.00 
2566.40 ,  0.00 , 2386.76 
 0.00 ,  0.00 ,  0.00 
 0.00 , 35.18 , 23.43 
 0.00 , 715.31 , 479.87 
 0.00 , 829.27 , 557.00 
 0.00 , 932.89 , 627.29 
 0.00 , 1028.70 , 692.42 
 0.00 ,  0.00 ,  0.00 
2509.80 ,  0.00 , 2334.11 
 0.00 ,  0.00 ,  0.00 
 0.00 ,  0.00 ,  0.00 
 0.00 ,  0.00 ,  0.00 
 0.00 ,  0.00 ,  0.00 
 0.00 ,  0.00 ,  0.00 
 0.00 , 488.12 , 326.67 
 0.00 , 6282.13 , 4480.00 
 0.00 , 2357.04 , 1609.38 
 0.00 , 1769.85 , 1200.81 
 0.00 , 1335.93 , 902.18 
2666.58 , 612.66 , 2890.78 
 0.00 ,  0.00 ,  0.00 
 0.00 ,  0.00 ,  0.00 
 0.00 ,  0.00 ,  0.00 
 0.00 ,  0.00 ,  0.00 
 0.00 ,  0.00 ,  0.00 
 0.00 , 494.86 , 331.21 
 0.00 , 977.79 , 657.80 
 0.00 , 837.43 , 562.53 
2773.57 , 905.77 , 3188.98 
 0.00 , 975.14 , 656.00 
 0.00 , 1042.94 , 702.12 
 0.00 ,  0.00 ,  0.00 
 0.00 ,  0.00 ,  0.00 
 0.00 ,  0.00 ,  0.00 
 0.00 ,  0.00 ,  0.00 
 0.00 ,  0.00 ,  0.00 
 0.00 ,  0.00 ,  0.00 
 0.00 ,  0.00 ,  0.00 
 0.00 , 412.11 , 275.58 
 0.00 , 6282.13 , 4480.00 
2554.78 , 2363.69 , 3994.34 
 0.00 , 1808.72 , 1227.69 
 0.00 , 1488.57 , 1006.91 
 0.00 , 1260.07 , 850.26 
 0.00 , 1027.01 , 691.27 
 0.00 , 211.88 , 141.39 
 0.00 ,  0.00 ,  0.00 
 0.00 ,  0.00 ,  0.00 
2566.40 ,  0.00 , 2386.76 
 0.00 , 244.15 , 162.97 
 0.00 , 1057.03 , 711.71 
 0.00 , 926.09 , 622.67 
 0.00 , 999.00 , 672.22 
 0.00 , 1070.27 , 720.73 
 0.00 , 1139.44 , 767.87 
 0.00 ,  0.00 ,  0.00 
2509.80 ,  0.00 , 2334.11 
 0.00 ,  0.00 ,  0.00 
 0.00 ,  0.00 ,  0.00 
 0.00 ,  0.00 ,  0.00 
 0.00 ,  0.00 ,  0.00 
 0.00 ,  0.00 ,  0.00 
 0.00 , 122.56 , 81.70 
 0.00 , 6282.13 , 4480.00 
 0.00 , 2233.17 , 1522.75 
 0.00 , 1689.59 , 1145.36 
 0.00 , 1298.03 , 876.23 
2666.58 ,  0.00 , 2479.92 
 0.00 , 165.12 , 110.13 
 0.00 , 587.52 , 393.61 
 0.00 , 878.77 , 590.56 
 0.00 , 1362.01 , 920.05 
 0.00 , 1452.82 , 982.35 
 0.00 , 1531.31 , 1036.30 
 0.00 , 1495.10 , 1011.40 
 0.00 , 1266.26 , 854.50 
2773.57 , 1202.99 , 3391.88 
 0.00 , 1195.55 , 806.17 
 0.00 , 1188.23 , 801.17 
 0.00 ,  0.00 ,  0.00 
 0.00 ,  0.00 ,  0.00 
 0.00 ,  0.00 ,  0.00 
 0.00 ,  0.00 ,  0.00 
 0.00 ,  0.00 ,  0.00 
 0.00 ,  0.00 ,  0.00 
 0.00 ,  0.00 ,  0.00 
 0.00 ,  0.00 ,  0.00 
 0.00 , 5648.28 , 3999.29 
2554.78 , 1930.48 , 3690.88 
 0.00 , 1479.07 , 1000.38 
 0.00 , 1213.68 , 818.55 
 0.00 , 769.20 , 516.32 
 0.00 , 89.53 , 59.66 
 0.00 , 790.43 , 530.69 
 0.00 , 434.15 , 290.38 
 0.00 , 720.59 , 483.44 
2566.40 , 727.80 , 2875.47 
 0.00 , 979.04 , 658.64 
 0.00 , 987.42 , 664.34 
 0.00 , 801.80 , 538.39 
 0.00 , 838.61 , 563.33 
 0.00 , 881.99 , 592.74 
 0.00 , 877.86 , 589.94 
 0.00 ,  0.00 ,  0.00 
2509.80 ,  0.00 , 2334.11 
 0.00 ,  0.00 ,  0.00 
 0.00 ,  0.00 ,  0.00 
 0.00 ,  0.00 ,  0.00 
 0.00 ,  0.00 ,  0.00 
 0.00 ,  0.00 ,  0.00 
 0.00 ,  0.00 ,  0.00 
 0.00 , 5968.88 , 4241.57 
 0.00 , 2108.07 , 1435.51 
 0.00 , 1209.78 , 815.89 
 0.00 ,  0.00 ,  0.00 
2666.58 ,  0.00 , 2479.92 
 0.00 ,  0.00 ,  0.00 
 0.00 ,  0.00 ,  0.00 
 0.00 ,  0.00 ,  0.00 
 0.00 ,  0.00 ,  0.00 
 0.00 ,  0.00 ,  0.00 
 0.00 ,  0.00 ,  0.00 
 0.00 ,  0.00 ,  0.00 
 0.00 ,  0.00 ,  0.00 
2773.57 ,  0.00 , 2579.42 
 0.00 ,  0.00 ,  0.00 
 0.00 ,  0.00 ,  0.00 
 0.00 ,  0.00 ,  0.00 
 0.00 ,  0.00 ,  0.00 
 0.00 ,  0.00 ,  0.00 
 0.00 ,  0.00 ,  0.00 
 0.00 ,  0.00 ,  0.00 
 0.00 ,  0.00 ,  0.00 
 0.00 ,  0.00 ,  0.00 
 0.00 ,  0.00 ,  0.00 
 0.00 , 4615.22 , 3230.32 
2554.78 , 1487.82 , 3384.04 
 0.00 ,  0.00 ,  0.00 
 0.00 ,  0.00 ,  0.00 
 0.00 ,  0.00 ,  0.00 
 0.00 ,  0.00 ,  0.00 
 0.00 ,  0.00 ,  0.00 
 0.00 ,  0.00 ,  0.00 
 0.00 ,  0.00 ,  0.00 
2566.40 ,  0.00 , 2386.76 
 0.00 ,  0.00 ,  0.00 
 0.00 ,  0.00 ,  0.00 
 0.00 ,  0.00 ,  0.00 
 0.00 ,  0.00 ,  0.00 
 0.00 ,  0.00 ,  0.00 
 0.00 ,  0.00 ,  0.00 
 0.00 ,  0.00 ,  0.00 
2509.80 ,  0.00 , 2334.11 
 0.00 ,  0.00 ,  0.00 
 0.00 ,  0.00 ,  0.00 
 0.00 ,  0.00 ,  0.00 
 0.00 ,  0.00 ,  0.00 
 0.00 ,  0.00 ,  0.00 
 0.00 ,  0.00 ,  0.00 
 0.00 , 3033.47 , 2086.54 
 0.00 , 1124.10 , 757.41 
 0.00 ,  0.00 ,  0.00 
 0.00 ,  0.00 ,  0.00 
2666.58 ,  0.00 , 2479.92 
 0.00 ,  0.00 ,  0.00 
 0.00 ,  0.00 ,  0.00 
 0.00 ,  0.00 ,  0.00 
 0.00 ,  0.00 ,  0.00 
 0.00 ,  0.00 ,  0.00 
 0.00 ,  0.00 ,  0.00 
 0.00 ,  0.00 ,  0.00 
 0.00 ,  0.00 ,  0.00 
2773.57 ,  0.00 , 2579.42 
 0.00 ,  0.00 ,  0.00 
 0.00 ,  0.00 ,  0.00 
 0.00 ,  0.00 ,  0.00 
 0.00 ,  0.00 ,  0.00 
 0.00 ,  0.00 ,  0.00 
 0.00 ,  0.00 ,  0.00 
 0.00 ,  0.00 ,  0.00 
 0.00 ,  0.00 ,  0.00 
 0.00 ,  0.00 ,  0.00 
 0.00 ,  0.00 ,  0.00 
 0.00 , 3033.27 , 2086.40 
2554.78 , 1276.08 , 3238.40 
 0.00 ,  0.00 ,  0.00 
 0.00 ,  0.00 ,  0.00 
 0.00 ,  0.00 ,  0.00 
 0.00 ,  0.00 ,  0.00 
 0.00 ,  0.00 ,  0.00 
 0.00 ,  0.00 ,  0.00 
 0.00 ,  0.00 ,  0.00 
2566.40 ,  0.00 , 2386.76 
 0.00 ,  0.00 ,  0.00 
 0.00 ,  0.00 ,  0.00 
 0.00 ,  0.00 ,  0.00 
 0.00 ,  0.00 ,  0.00 
 0.00 ,  0.00 ,  0.00 
 0.00 ,  0.00 ,  0.00 
 0.00 ,  0.00 ,  0.00 
2509.80 ,  0.00 , 2334.11 
 0.00 ,  0.00 ,  0.00 
 0.00 ,  0.00 ,  0.00 
 0.00 ,  0.00 ,  0.00 
 0.00 ,  0.00 ,  0.00 
 0.00 ,  0.00 ,  0.00 
 0.00 ,  0.00 ,  0.00 
 0.00 , 3127.64 , 2153.53 
 0.00 , 1326.06 , 895.42 
 0.00 ,  0.00 ,  0.00 
 0.00 ,  0.00 ,  0.00 
2666.58 ,  0.00 , 2479.92 
 0.00 ,  0.00 ,  0.00 
 0.00 ,  0.00 ,  0.00 
 0.00 ,  0.00 ,  0.00 
 0.00 ,  0.00 ,  0.00 
 0.00 ,  0.00 ,  0.00 
 0.00 ,  0.00 ,  0.00 
 0.00 ,  0.00 ,  0.00 
 0.00 ,  0.00 ,  0.00 
2773.57 ,  0.00 , 2579.42 
 0.00 ,  0.00 ,  0.00 
 0.00 ,  0.00 ,  0.00 
 0.00 ,  0.00 ,  0.00 
 0.00 ,  0.00 ,  0.00 
 0.00 ,  0.00 ,  0.00 
 0.00 ,  0.00 ,  0.00 
 0.00 ,  0.00 ,  0.00 
 0.00 ,  0.00 ,  0.00 
 0.00 ,  0.00 ,  0.00 
 0.00 ,  0.00 ,  0.00 
 0.00 , 2098.30 , 1428.70 
2554.78 , 969.46 , 3028.80 
 0.00 , 855.72 , 574.93 
 0.00 , 783.06 , 525.70 
 0.00 , 318.71 , 212.91 
 0.00 ,  0.00 ,  0.00 
 0.00 ,  0.00 ,  0.00 
 0.00 ,  0.00 ,  0.00 
 0.00 ,  0.00 ,  0.00 
2566.40 , 159.36 , 2493.05 
 0.00 , 511.47 , 342.38 
 0.00 , 502.86 , 336.59 
 0.00 , 338.04 , 225.87 
 0.00 , 396.49 , 265.09 
 0.00 , 459.46 , 307.40 
 0.00 , 525.03 , 351.51 
 0.00 ,  0.00 ,  0.00 
2509.80 ,  0.00 , 2334.11 
 0.00 ,  0.00 ,  0.00 
 0.00 ,  0.00 ,  0.00 
 0.00 ,  0.00 ,  0.00 
 0.00 ,  0.00 ,  0.00 
 0.00 ,  0.00 ,  0.00 
 0.00 ,  0.00 ,  0.00 
 0.00 , 5122.20 , 3605.47 
 0.00 , 1939.27 , 1318.16 
 0.00 , 1513.66 , 1024.16 
 0.00 , 1202.52 , 810.93 
2666.58 , 1195.45 , 3287.15 
 0.00 , 568.51 , 380.79 
 0.00 , 1133.50 , 763.82 
 0.00 , 767.38 , 515.09 
 0.00 , 645.52 , 432.73 
 0.00 , 734.46 , 492.82 
 0.00 , 1201.86 , 810.48 
 0.00 , 1227.52 , 828.01 
 0.00 , 1059.98 , 713.72 
2773.57 , 1110.19 , 3328.37 
 0.00 , 1168.72 , 787.85 
 0.00 , 1176.61 , 793.23 
 0.00 ,  0.00 ,  0.00 
 0.00 ,  0.00 ,  0.00 
 0.00 ,  0.00 ,  0.00 
 0.00 ,  0.00 ,  0.00 
 0.00 ,  0.00 ,  0.00 
 0.00 ,  0.00 ,  0.00 
 0.00 , 108.56 , 72.36 
 0.00 , 592.94 , 397.26 
 0.00 , 6282.13 , 4480.00 
2554.78 , 2450.41 , 4055.46 
 0.00 ,  0.00 ,  0.00 
 0.00 ,  0.00 ,  0.00 
 0.00 ,  0.00 ,  0.00 
 0.00 ,  0.00 ,  0.00 
 0.00 ,  0.00 ,  0.00 
 0.00 ,  0.00 ,  0.00 
 0.00 ,  0.00 ,  0.00 
2566.40 ,  0.00 , 2386.76 
 0.00 ,  0.00 ,  0.00 
 0.00 ,  0.00 ,  0.00 
 0.00 ,  0.00 ,  0.00 
 0.00 ,  0.00 ,  0.00 
 0.00 ,  0.00 ,  0.00 
 0.00 ,  0.00 ,  0.00 
 0.00 ,  0.00 ,  0.00 
2509.80 ,  0.00 , 2334.11 
 0.00 ,  0.00 ,  0.00 
 0.00 ,  0.00 ,  0.00 
 0.00 ,  0.00 ,  0.00 
 0.00 ,  0.00 ,  0.00 
 0.00 ,  0.00 ,  0.00 
 0.00 ,  0.00 ,  0.00 
 0.00 , 4289.70 , 2991.65 
 0.00 , 1547.54 , 1047.46 
 0.00 , 1415.81 , 956.95 
 0.00 , 1403.52 , 948.52 
2666.58 , 1072.16 , 3202.84 
 0.00 , 372.74 , 249.15 
 0.00 , 710.88 , 476.87 
 0.00 , 717.80 , 481.55 
 0.00 , 823.61 , 553.16 
 0.00 , 962.01 , 647.07 
 0.00 , 1085.13 , 730.85 
 0.00 , 1059.70 , 713.52 
 0.00 , 824.97 , 554.08 
2773.57 , 861.71 , 3159.02 
 0.00 , 857.36 , 576.04 
 0.00 , 904.83 , 608.24 
 0.00 ,  0.00 ,  0.00 
 0.00 ,  0.00 ,  0.00 
 0.00 ,  0.00 ,  0.00 
 0.00 ,  0.00 ,  0.00 
 0.00 ,  0.00 ,  0.00 
 0.00 ,  0.00 ,  0.00 
 0.00 ,  0.00 ,  0.00 
 0.00 ,  0.00 ,  0.00 
 0.00 , 6104.45 , 4344.55 
2554.78 , 2174.43 , 3861.38 
 0.00 , 483.78 , 323.75 
 0.00 ,  0.00 ,  0.00 
 0.00 , 563.79 , 377.61 
 0.00 , 903.66 , 607.45 
 0.00 , 1137.65 , 766.65 
 0.00 , 870.86 , 585.19 
 0.00 , 1005.92 , 676.92 
2566.40 , 1302.44 , 3267.30 
 0.00 , 1478.02 , 999.66 
 0.00 , 1433.43 , 969.04 
 0.00 , 1207.96 , 814.64 
 0.00 , 1200.19 , 809.33 
 0.00 , 1247.52 , 841.68 
 0.00 , 1248.13 , 842.09 
 0.00 ,  0.00 ,  0.00 
2509.80 ,  0.00 , 2334.11 
 0.00 ,  0.00 ,  0.00 
 0.00 ,  0.00 ,  0.00 
 0.00 ,  0.00 ,  0.00 
 0.00 ,  0.00 ,  0.00 
 0.00 ,  0.00 ,  0.00 
 0.00 ,  0.00 ,  0.00 
 0.00 , 6100.42 , 4341.49 
 0.00 , 1980.37 , 1346.69 
 0.00 , 326.05 , 217.83 
 0.00 ,  0.00 ,  0.00 
2666.58 ,  0.00 , 2479.92 
 0.00 ,  0.00 ,  0.00 
 0.00 ,  0.00 ,  0.00 
 0.00 ,  0.00 ,  0.00 
 0.00 ,  0.00 ,  0.00 
 0.00 ,  0.00 ,  0.00 
 0.00 ,  0.00 ,  0.00 
 0.00 ,  0.00 ,  0.00 
 0.00 ,  0.00 ,  0.00 
2773.57 ,  0.00 , 2579.42 
 0.00 ,  0.00 ,  0.00 
 0.00 ,  0.00 ,  0.00 
 0.00 ,  0.00 ,  0.00 
 0.00 ,  0.00 ,  0.00 
 0.00 ,  0.00 ,  0.00 
 0.00 ,  0.00 ,  0.00 
 0.00 ,  0.00 ,  0.00 
 0.00 ,  0.00 ,  0.00 
 0.00 ,  0.00 ,  0.00 
 0.00 ,  0.00 ,  0.00 
 0.00 , 3752.58 , 2601.60 
2554.78 , 1443.85 , 3353.73 
 0.00 , 1143.47 , 770.62 
 0.00 , 212.66 , 141.91 
 0.00 ,  0.00 ,  0.00 
 0.00 , 252.12 , 168.31 
 0.00 , 313.05 , 209.12 
 0.00 , 704.73 , 472.72 
 0.00 , 658.92 , 441.78 
2566.40 , 834.19 , 2947.62 
 0.00 , 944.62 , 635.26 
 0.00 , 941.72 , 633.29 
 0.00 , 764.10 , 512.87 
 0.00 , 758.38 , 509.00 
 0.00 , 807.35 , 542.15 
 0.00 , 859.64 , 577.59 
 0.00 ,  0.00 ,  0.00 
2509.80 ,  0.00 , 2334.11 
 0.00 ,  0.00 ,  0.00 
 0.00 ,  0.00 ,  0.00 
 0.00 ,  0.00 ,  0.00 
 0.00 ,  0.00 ,  0.00 
 0.00 ,  0.00 ,  0.00 
 0.00 ,  0.00 ,  0.00 
 0.00 , 5688.43 , 4029.53 
 0.00 , 2037.83 , 1386.62 
 0.00 , 1865.77 , 1267.19 
 0.00 , 1700.63 , 1152.98 
2666.58 , 1372.07 , 3408.37 
 0.00 , 1086.53 , 731.80 
 0.00 , 1036.40 , 697.66 
 0.00 , 1042.82 , 702.03 
 0.00 , 887.22 , 596.29 
 0.00 , 1097.29 , 739.13 
 0.00 , 1415.90 , 957.01 
 0.00 , 1339.57 , 904.68 
 0.00 , 1156.61 , 779.58 
2773.57 , 1142.85 , 3350.70 
 0.00 , 1187.61 , 800.74 
 0.00 , 1234.71 , 832.92 
 0.00 ,  0.00 ,  0.00 
 0.00 ,  0.00 ,  0.00 
 0.00 ,  0.00 ,  0.00 
 0.00 ,  0.00 ,  0.00 
 0.00 ,  0.00 ,  0.00 
 0.00 ,  0.00 ,  0.00 
 0.00 ,  0.00 ,  0.00 
 0.00 , 82.73 , 55.13 
 0.00 , 6282.13 , 4480.00 
2554.78 , 2206.13 , 3883.61 
 0.00 , 1638.54 , 1110.14 
 0.00 , 641.38 , 429.94 
 0.00 , 1312.34 , 886.03 
 0.00 , 1399.08 , 945.47 
 0.00 , 548.98 , 367.64 
 0.00 , 626.35 , 419.80 
 0.00 ,  0.00 ,  0.00 
2566.40 , 620.30 , 2802.76 
 0.00 , 1212.30 , 817.61 
 0.00 , 1198.57 , 808.23 
 0.00 , 1030.06 , 693.35 
 0.00 , 1028.30 , 692.15 
 0.00 , 1077.77 , 725.83 
 0.00 , 1079.35 , 726.91 
 0.00 ,  0.00 ,  0.00 
2509.80 ,  0.00 , 2334.11 
 0.00 ,  0.00 ,  0.00 
 0.00 ,  0.00 ,  0.00 
 0.00 ,  0.00 ,  0.00 
 0.00 ,  0.00 ,  0.00 
 0.00 ,  0.00 ,  0.00 
 0.00 ,  0.00 ,  0.00 
 0.00 , 5911.94 , 4198.41 
 0.00 , 2092.81 , 1424.88 
 0.00 , 1783.64 , 1210.34 
 0.00 , 1100.55 , 741.36 
2666.58 , 602.02 , 2883.59 
 0.00 , 423.26 , 283.07 
 0.00 , 561.48 , 376.06 
 0.00 , 947.50 , 637.21 
 0.00 , 1243.85 , 839.17 
 0.00 , 1346.90 , 909.70 
 0.00 , 1401.84 , 947.36 
 0.00 , 1366.90 , 923.40 
 0.00 , 1130.47 , 761.76 
2773.57 , 1163.28 , 3364.69 
 0.00 , 1156.70 , 779.65 
 0.00 , 1200.71 , 809.69 
 0.00 ,  0.00 ,  0.00 
 0.00 ,  0.00 ,  0.00 
 0.00 ,  0.00 ,  0.00 
 0.00 ,  0.00 ,  0.00 
 0.00 ,  0.00 ,  0.00 
 0.00 ,  0.00 ,  0.00 
 0.00 ,  0.00 ,  0.00 
 0.00 , 574.97 , 385.15 
 0.00 , 6282.13 , 4480.00 
2554.78 , 2562.15 , 4134.41 
 0.00 , 2301.51 , 1570.51 
 0.00 , 2070.51 , 1409.36 
 0.00 , 1776.00 , 1205.06 
 0.00 , 1843.56 , 1251.81 
 0.00 , 1726.32 , 1170.72 
 0.00 , 1341.82 , 906.22 
 0.00 , 860.27 , 578.01 
2566.40 , 1427.71 , 3353.43 
 0.00 , 1779.13 , 1207.22 
 0.00 , 1770.11 , 1200.98 
 0.00 , 1542.34 , 1043.88 
 0.00 , 1579.63 , 1069.55 
 0.00 , 1573.55 , 1065.37 
 0.00 , 1567.54 , 1061.23 
 0.00 ,  0.00 ,  0.00 
2509.80 ,  0.00 , 2334.11 
 0.00 ,  0.00 ,  0.00 
 0.00 ,  0.00 ,  0.00 
 0.00 ,  0.00 ,  0.00 
 0.00 , 244.54 , 163.24 
 0.00 , 555.32 , 371.91 
 0.00 , 631.40 , 423.20 
 0.00 , 6282.13 , 4480.00 
 0.00 , 2474.18 , 1691.51 
 0.00 , 2276.40 , 1552.96 
 0.00 , 2080.78 , 1416.51 
2666.58 , 1886.65 , 3764.46 
 0.00 , 1605.29 , 1087.22 
 0.00 , 527.79 , 353.36 
 0.00 ,  0.00 ,  0.00 
 0.00 , 427.97 , 286.23 
 0.00 , 1343.94 , 907.67 
 0.00 , 1470.99 , 994.83 
 0.00 , 1463.06 , 989.38 
 0.00 , 1236.27 , 833.99 
2773.57 , 1273.14 , 3439.98 
 0.00 , 1270.35 , 857.29 
 0.00 , 1315.61 , 888.27 
 0.00 ,  0.00 ,  0.00 
 0.00 ,  0.00 ,  0.00 
 0.00 ,  0.00 ,  0.00 
 0.00 ,  0.00 ,  0.00 
 0.00 ,  0.00 ,  0.00 
 0.00 ,  0.00 ,  0.00 
 0.00 , 451.15 , 301.81 
 0.00 , 698.01 , 468.18 
 0.00 , 6282.13 , 4480.00 
2554.78 , 2704.12 , 4235.02 
 0.00 , 2203.50 , 1502.04 
 0.00 , 1571.31 , 1063.82 
 0.00 , 728.56 , 488.83 
 0.00 , 1265.41 , 853.92 
 0.00 , 1293.05 , 872.82 
 0.00 , 1048.02 , 705.57 
 0.00 , 1090.06 , 734.21 
2566.40 , 1410.88 , 3341.85 
 0.00 , 1691.37 , 1146.59 
 0.00 , 1688.97 , 1144.93 
 0.00 , 1512.34 , 1023.25 
 0.00 , 1552.83 , 1051.10 
 0.00 , 1599.63 , 1083.33 
 0.00 , 1649.19 , 1117.48 
 0.00 ,  0.00 ,  0.00 
2509.80 ,  0.00 , 2334.11 
 0.00 ,  0.00 ,  0.00 
 0.00 ,  0.00 ,  0.00 
 0.00 , 35.55 , 23.68 
 0.00 , 737.10 , 494.60 
 0.00 , 885.40 , 595.05 
 0.00 , 968.86 , 651.73 
 0.00 , 6282.13 , 4480.00 
 0.00 , 2904.57 , 1995.07 
 0.00 , 1687.76 , 1144.09 
 0.00 , 957.71 , 644.15 
2666.58 ,  0.00 , 2479.92 
 0.00 ,  0.00 ,  0.00 
 0.00 ,  0.00 ,  0.00 
 0.00 ,  0.00 ,  0.00 
 0.00 ,  0.00 ,  0.00 
 0.00 ,  0.00 ,  0.00 
 0.00 , 507.47 , 339.69 
 0.00 , 1278.90 , 863.14 
 0.00 , 1161.35 , 782.82 
2773.57 , 1243.88 , 3419.90 
 0.00 , 1326.11 , 895.46 
 0.00 , 1402.06 , 947.51 
 0.00 ,  0.00 ,  0.00 
 0.00 ,  0.00 ,  0.00 
 0.00 ,  0.00 ,  0.00 
 0.00 ,  0.00 ,  0.00 
 0.00 ,  0.00 ,  0.00 
 0.00 , 472.22 , 315.98 
 0.00 , 889.28 , 597.69 
 0.00 , 1041.15 , 700.89 
 0.00 , 6282.13 , 4480.00 
2554.78 , 3059.76 , 4488.59 
 0.00 , 1432.40 , 968.33 
 0.00 , 1045.88 , 704.12 
 0.00 , 28.11 , 18.72 
 0.00 ,  0.00 ,  0.00 
 0.00 ,  0.00 ,  0.00 
 0.00 ,  0.00 ,  0.00 
 0.00 ,  0.00 ,  0.00 
2566.40 ,  0.00 , 2386.76 
 0.00 , 426.08 , 284.96 
 0.00 , 1398.97 , 945.39 
 0.00 , 1233.35 , 831.99 
 0.00 , 1379.68 , 932.16 
 0.00 , 1421.95 , 961.16 
 0.00 , 1505.83 , 1018.78 
 0.00 ,  0.00 ,  0.00 
2509.80 ,  0.00 , 2334.11 
 0.00 ,  0.00 ,  0.00 
 0.00 ,  0.00 ,  0.00 
 0.00 , 12.90 ,  8.59 
 0.00 , 759.99 , 510.09 
 0.00 , 939.37 , 631.69 
 0.00 , 1088.09 , 732.86 
 0.00 , 6282.13 , 4480.00 
 0.00 , 3181.53 , 2191.92 
 0.00 , 2194.38 , 1495.68 
 0.00 , 413.32 , 276.39 
2666.58 , 454.91 , 2784.42 
 0.00 ,  0.00 ,  0.00 
 0.00 ,  0.00 ,  0.00 
 0.00 ,  0.00 ,  0.00 
 0.00 ,  0.00 ,  0.00 
 0.00 ,  0.00 ,  0.00 
 0.00 ,  0.00 ,  0.00 
 0.00 , 1159.14 , 781.31 
 0.00 , 1310.94 , 885.07 
2773.57 , 1422.22 , 3542.46 
 0.00 , 1528.36 , 1034.27 
 0.00 , 1623.39 , 1099.70 
 0.00 ,  0.00 ,  0.00 
 0.00 ,  0.00 ,  0.00 
 0.00 ,  0.00 ,  0.00 
 0.00 ,  0.00 ,  0.00 
 0.00 , 102.39 , 68.24 
 0.00 , 716.72 , 480.82 
 0.00 , 822.09 , 552.14 
 0.00 , 912.02 , 613.12 
 0.00 , 6282.13 , 4480.00 
2554.78 , 2916.96 , 4386.51 
 0.00 , 2408.99 , 1645.78 
 0.00 , 2232.99 , 1522.63 
 0.00 , 1783.84 , 1210.48 
 0.00 , 1861.82 , 1264.46 
 0.00 , 1593.35 , 1079.00 
 0.00 , 1879.55 , 1276.74 
 0.00 , 1917.54 , 1303.08 
2566.40 , 1749.08 , 3575.57 
 0.00 , 2097.03 , 1427.82 
 0.00 , 2037.64 , 1386.49 
 0.00 , 1802.04 , 1223.07 
 0.00 , 1833.11 , 1244.57 
 0.00 , 1822.45 , 1237.19 
 0.00 , 1863.56 , 1265.66 
 0.00 ,  0.00 ,  0.00 
2512.00 ,  0.00 , 2336.16 
 0.00 ,  0.00 ,  0.00 
 0.00 ,  0.00 ,  0.00 
 0.00 , 368.28 , 246.15 
 0.00 , 789.30 , 529.93 
 0.00 , 927.45 , 623.60 
 0.00 , 1004.04 , 675.64 
 0.00 , 6282.13 , 4480.00 
 0.00 , 2834.96 , 1945.78 
 0.00 , 832.44 , 559.15 
 0.00 ,  0.00 ,  0.00 
2753.71 ,  0.00 , 2560.95 
 0.00 ,  0.00 ,  0.00 
 0.00 ,  0.00 ,  0.00 
 0.00 ,  0.00 ,  0.00 
 0.00 ,  0.00 ,  0.00 
 0.00 ,  0.00 ,  0.00 
 0.00 , 197.72 , 131.91 
 0.00 , 1091.38 , 735.11 
 0.00 , 958.95 , 645.00 
2866.78 , 1039.31 , 3366.68 
 0.00 , 1169.84 , 788.62 
 0.00 , 1247.70 , 841.80 
 0.00 ,  0.00 ,  0.00 
 0.00 ,  0.00 ,  0.00 
 0.00 ,  0.00 ,  0.00 
 0.00 ,  0.00 ,  0.00 
 0.00 ,  0.00 ,  0.00 
 0.00 , 502.44 , 336.30 
 0.00 , 924.62 , 621.67 
 0.00 , 1133.29 , 763.68 
 0.00 , 6282.13 , 4480.00 
2636.72 , 3134.16 , 4618.39 
 0.00 , 1669.47 , 1131.48 
 0.00 ,  0.00 ,  0.00 
 0.00 ,  0.00 ,  0.00 
 0.00 ,  0.00 ,  0.00 
 0.00 ,  0.00 ,  0.00 
 0.00 ,  0.00 ,  0.00 
 0.00 ,  0.00 ,  0.00 
2652.99 ,  0.00 , 2467.28 
 0.00 , 595.90 , 399.26 
 0.00 , 1356.51 , 916.28 
 0.00 , 1246.92 , 841.27 
 0.00 , 1287.16 , 868.79 
 0.00 , 1370.72 , 926.02 
 0.00 , 1400.33 , 946.33 
2513.98 ,  0.00 , 2338.00 
 0.00 ,  0.00 ,  0.00 
 0.00 ,  0.00 ,  0.00 
 0.00 ,  0.00 ,  0.00 
 0.00 ,  0.00 ,  0.00 
 0.00 , 101.51 , 67.66 
 0.00 , 571.08 , 382.53 
 0.00 , 661.81 , 443.73 
 0.00 , 6282.13 , 4480.00 
 0.00 , 2609.65 , 1786.75 
 0.00 , 886.55 , 595.84 
 0.00 ,  0.00 ,  0.00 
2840.61 , 67.08 , 2686.47 
 0.00 ,  0.00 ,  0.00 
 0.00 ,  0.00 ,  0.00 
 0.00 ,  0.00 ,  0.00 
 0.00 ,  0.00 ,  0.00 
 0.00 ,  0.00 ,  0.00 
 0.00 ,  0.00 ,  0.00 
 0.00 , 458.39 , 306.68 
 0.00 , 695.04 , 466.17 
2866.78 , 780.76 , 3190.78 
 0.00 , 863.13 , 579.95 
 0.00 , 939.96 , 632.09 
 0.00 ,  0.00 ,  0.00 
 0.00 ,  0.00 ,  0.00 
 0.00 ,  0.00 ,  0.00 
 0.00 ,  0.00 ,  0.00 
 0.00 ,  0.00 ,  0.00 
 0.00 ,  0.00 ,  0.00 
 0.00 ,  0.00 ,  0.00 
 0.00 , 295.98 , 197.68 
 0.00 , 6282.13 , 4480.00 
2636.72 , 2579.29 , 4222.93 
 0.00 , 1172.93 , 790.73 
 0.00 ,  0.00 ,  0.00 
 0.00 ,  0.00 ,  0.00 
 0.00 ,  0.00 ,  0.00 
 0.00 ,  0.00 ,  0.00 
 0.00 ,  0.00 ,  0.00 
 0.00 ,  0.00 ,  0.00 
2652.99 ,  0.00 , 2467.28 
 0.00 ,  0.00 ,  0.00 
 0.00 ,  0.00 ,  0.00 
 0.00 , 20.20 , 13.45 
 0.00 , 626.36 , 419.80 
 0.00 , 764.12 , 512.88 
 0.00 , 866.22 , 582.05 
2513.98 ,  0.00 , 2338.00 
 0.00 ,  0.00 ,  0.00 
 0.00 ,  0.00 ,  0.00 
 0.00 ,  0.00 ,  0.00 
 0.00 ,  0.00 ,  0.00 
 0.00 ,  0.00 ,  0.00 
 0.00 ,  0.00 ,  0.00 
 0.00 , 320.08 , 213.83 
 0.00 , 6282.13 , 4480.00 
 0.00 , 2641.42 , 1809.13 
 0.00 , 2587.89 , 1771.43 
 0.00 , 2299.68 , 1569.23 
2840.61 , 561.87 , 3018.36 
 0.00 ,  0.00 ,  0.00 
 0.00 ,  0.00 ,  0.00 
 0.00 ,  0.00 ,  0.00 
 0.00 ,  0.00 ,  0.00 
 0.00 , 63.75 , 42.48 
 0.00 , 1223.68 , 825.39 
 0.00 , 1305.75 , 881.52 
 0.00 , 1100.72 , 741.47 
2866.78 , 1163.21 , 3451.37 
 0.00 , 1230.07 , 829.75 
 0.00 , 1295.43 , 874.45 
 0.00 ,  0.00 ,  0.00 
 0.00 ,  0.00 ,  0.00 
 0.00 ,  0.00 ,  0.00 
 0.00 ,  0.00 ,  0.00 
 0.00 ,  0.00 ,  0.00 
 0.00 ,  0.00 ,  0.00 
 0.00 , 257.04 , 171.60 
 0.00 , 628.76 , 421.42 
 0.00 , 6282.13 , 4480.00 
2636.72 , 2657.54 , 4278.38 
 0.00 , 2351.83 , 1605.73 
 0.00 , 2190.28 , 1492.81 
 0.00 , 1905.76 , 1294.91 
 0.00 , 1590.51 , 1077.04 
 0.00 , 1768.76 , 1200.05 
 0.00 , 1717.46 , 1164.60 
 0.00 , 1684.63 , 1141.94 
2652.99 , 1453.59 , 3451.84 
 0.00 , 1860.16 , 1263.30 
 0.00 , 1862.63 , 1265.02 
 0.00 , 1629.90 , 1104.19 
 0.00 , 1663.00 , 1127.01 
 0.00 , 1704.45 , 1155.62 
 0.00 , 1698.80 , 1151.72 
2513.98 ,  0.00 , 2338.00 
 0.00 ,  0.00 ,  0.00 
 0.00 ,  0.00 ,  0.00 
 0.00 ,  0.00 ,  0.00 
 0.00 ,  8.15 ,  5.43 
 0.00 , 645.39 , 432.64 
 0.00 , 752.88 , 505.28 
 0.00 , 881.78 , 592.60 
 0.00 , 6282.13 , 4480.00 
 0.00 , 2846.06 , 1953.63 
 0.00 , 2630.63 , 1801.52 
 0.00 , 1964.12 , 1335.41 
2840.61 , 1786.04 , 3856.53 
 0.00 , 1535.49 , 1039.17 
 0.00 , 1513.16 , 1023.81 
 0.00 , 1602.17 , 1085.07 
 0.00 , 1017.95 , 685.11 
 0.00 , 810.61 , 544.36 
 0.00 , 1654.27 , 1120.99 
 0.00 , 1709.39 , 1159.03 
 0.00 , 1525.31 , 1032.17 
2866.78 , 1513.08 , 3691.86 
 0.00 , 1559.71 , 1055.84 
 0.00 , 1606.21 , 1087.86 
 0.00 ,  0.00 ,  0.00 
 0.00 ,  0.00 ,  0.00 
 0.00 ,  0.00 ,  0.00 
 0.00 ,  0.00 ,  0.00 
 0.00 ,  0.00 ,  0.00 
 0.00 , 399.93 , 267.40 
 0.00 , 708.65 , 475.37 
 0.00 , 790.28 , 530.59 
 0.00 , 6282.13 , 4480.00 
2636.72 , 2685.96 , 4298.54 
 0.00 , 2096.80 , 1427.66 
 0.00 , 474.02 , 317.19 
 0.00 , 881.75 , 592.58 
 0.00 , 876.37 , 588.93 
 0.00 , 1006.52 , 677.33 
 0.00 , 1030.98 , 693.98 
 0.00 , 1240.43 , 836.83 
2652.99 , 1555.35 , 3522.04 
 0.00 , 1675.93 , 1135.93 
 0.00 , 1649.81 , 1117.92 
 0.00 , 1468.35 , 993.02 
 0.00 , 1506.20 , 1019.03 
 0.00 , 1551.19 , 1049.97 
 0.00 , 1548.78 , 1048.32 
2513.98 ,  0.00 , 2338.00 
 0.00 ,  0.00 ,  0.00 
 0.00 ,  0.00 ,  0.00 
 0.00 ,  0.00 ,  0.00 
 0.00 , 43.60 , 29.04 
 0.00 , 752.25 , 504.85 
 0.00 , 901.70 , 606.12 
 0.00 , 1038.24 , 698.92 
 0.00 , 6282.13 , 4480.00 
 0.00 , 2973.79 , 2044.15 
 0.00 , 2408.24 , 1645.25 
 0.00 , 1850.26 , 1256.45 
2840.61 , 1573.48 , 3709.22 
 0.00 , 1481.47 , 1002.03 
 0.00 , 611.12 , 409.52 
 0.00 , 667.93 , 447.86 
 0.00 , 1065.27 , 717.32 
 0.00 , 1407.87 , 951.50 
 0.00 , 1781.30 , 1208.72 
 0.00 , 1773.42 , 1203.27 
 0.00 , 1587.84 , 1075.21 
2866.78 , 1627.93 , 3771.24 
 0.00 , 1628.75 , 1103.39 
 0.00 , 1676.94 , 1136.63 
 0.00 ,  0.00 ,  0.00 
 0.00 ,  0.00 ,  0.00 
 0.00 ,  0.00 ,  0.00 
 0.00 ,  0.00 ,  0.00 
 0.00 , 157.91 , 105.31 
 0.00 , 730.72 , 490.29 
 0.00 , 874.28 , 587.51 
 0.00 , 954.93 , 642.26 
 0.00 , 6282.13 , 4480.00 
2636.72 , 2962.13 , 4495.21 
 0.00 , 2695.82 , 1847.48 
 0.00 , 2472.87 , 1690.59 
 0.00 , 2282.87 , 1557.48 
 0.00 , 2209.89 , 1506.50 
 0.00 , 1628.76 , 1103.40 
 0.00 , 86.10 , 57.38 
 0.00 , 427.04 , 285.61 
2652.99 , 692.83 , 2932.33 
 0.00 , 1618.96 , 1096.65 
 0.00 , 1699.93 , 1152.50 
 0.00 , 1478.06 , 999.69 
 0.00 , 1524.59 , 1031.67 
 0.00 , 1575.15 , 1066.47 
 0.00 , 1626.52 , 1101.86 
2513.98 ,  0.00 , 2338.00 
 0.00 ,  0.00 ,  0.00 
 0.00 ,  0.00 ,  0.00 
 0.00 ,  0.00 ,  0.00 
 0.00 ,  3.33 ,  2.21 
 0.00 , 742.15 , 498.02 
 0.00 , 870.60 , 585.01 
 0.00 , 1057.35 , 711.92 
 0.00 , 6282.13 , 4480.00 
 0.00 , 3150.88 , 2170.08 
 0.00 , 2871.81 , 1971.86 
 0.00 , 2652.80 , 1817.14 
2840.61 , 2478.18 , 4341.49 
 0.00 , 2304.51 , 1572.62 
 0.00 , 2184.12 , 1488.52 
 0.00 , 2306.09 , 1573.72 
 0.00 , 2370.71 , 1618.95 
 0.00 , 2471.16 , 1689.39 
 0.00 , 2556.47 , 1749.33 
 0.00 , 2452.55 , 1676.33 
 0.00 , 2158.94 , 1470.96 
2866.78 , 2124.76 , 4117.22 
 0.00 , 2109.83 , 1436.73 
 0.00 , 2092.35 , 1424.56 
 0.00 ,  0.00 ,  0.00 
 0.00 ,  0.00 ,  0.00 
 0.00 ,  0.00 ,  0.00 
 0.00 ,  0.00 ,  0.00 
 0.00 , 604.76 , 405.23 
 0.00 , 775.79 , 520.78 
 0.00 , 848.24 , 569.85 
 0.00 , 910.48 , 612.08 
 0.00 , 6282.13 , 4480.00 
2636.72 , 2817.48 , 4392.04 
 0.00 , 2014.49 , 1370.40 
 0.00 , 1871.59 , 1271.23 
 0.00 , 1985.33 , 1350.14 
 0.00 , 1466.30 , 991.61 
 0.00 , 1517.31 , 1026.67 
 0.00 , 1698.40 , 1151.44 
 0.00 , 1856.18 , 1260.55 
2652.99 , 1823.04 , 3707.54 
 0.00 , 1934.47 , 1314.83 
 0.00 , 1898.95 , 1290.19 
 0.00 , 1654.68 , 1121.27 
 0.00 , 1679.41 , 1138.34 
 0.00 , 1662.45 , 1126.63 
 0.00 , 1698.43 , 1151.46 
2513.98 ,  0.00 , 2338.00 
 0.00 ,  0.00 ,  0.00 
 0.00 ,  0.00 ,  0.00 
 0.00 ,  0.00 ,  0.00 
 0.00 , 263.05 , 175.62 
 0.00 , 917.10 , 616.57 
 0.00 , 1116.96 , 752.54 
 0.00 , 1306.80 , 882.24 
 0.00 , 6282.13 , 4480.00 
 0.00 , 3455.13 , 2387.57 
 0.00 , 1730.70 , 1173.75 
 0.00 , 327.64 , 218.89 
2840.61 ,  0.00 , 2641.77 
 0.00 ,  0.00 ,  0.00 
 0.00 ,  0.00 ,  0.00 
 0.00 ,  0.00 ,  0.00 
 0.00 ,  0.00 ,  0.00 
 0.00 ,  0.00 ,  0.00 
 0.00 , 711.88 , 477.55 
 0.00 , 1563.51 , 1058.46 
 0.00 , 1394.99 , 942.66 
2866.78 , 1481.46 , 3670.04 
 0.00 , 1518.35 , 1027.38 
 0.00 , 1595.24 , 1080.30 
 0.00 ,  0.00 ,  0.00 
 0.00 ,  0.00 ,  0.00 
 0.00 ,  0.00 ,  0.00 
 0.00 ,  0.00 ,  0.00 
 0.00 ,  0.00 ,  0.00 
 0.00 , 465.12 , 311.20 
 0.00 , 707.09 , 474.32 
 0.00 , 792.42 , 532.04 
 0.00 , 6282.13 , 4480.00 
2636.72 , 2783.02 , 4367.51 
 0.00 , 2002.68 , 1362.19 
 0.00 , 1784.33 , 1210.82 
 0.00 , 1454.26 , 983.34 
 0.00 , 1374.79 , 928.81 
 0.00 , 714.47 , 479.30 
 0.00 , 707.00 , 474.26 
 0.00 ,  0.00 ,  0.00 
2652.99 ,  0.00 , 2467.28 
 0.00 , 1085.54 , 731.13 
 0.00 , 1347.45 , 910.08 
 0.00 , 1146.90 , 772.96 
 0.00 , 1201.33 , 810.12 
 0.00 , 1206.71 , 813.79 
 0.00 , 1260.38 , 850.47 
2513.98 ,  0.00 , 2338.00 
 0.00 ,  0.00 ,  0.00 
 0.00 ,  0.00 ,  0.00 
 0.00 ,  0.00 ,  0.00 
 0.00 ,  0.00 ,  0.00 
 0.00 ,  0.00 ,  0.00 
 0.00 ,  0.00 ,  0.00 
 0.00 , 162.13 , 108.13 
 0.00 , 6282.13 , 4480.00 
 0.00 , 2284.49 , 1558.62 
 0.00 , 2141.99 , 1459.14 
 0.00 , 1969.36 , 1339.04 
2840.61 , 1747.23 , 3829.58 
 0.00 , 1717.89 , 1164.90 
 0.00 , 1728.98 , 1172.56 
 0.00 , 1599.85 , 1083.48 
 0.00 , 1604.53 , 1086.70 
 0.00 , 1683.30 , 1141.02 
 0.00 , 1795.57 , 1218.59 
 0.00 , 1687.97 , 1144.24 
 0.00 , 1439.25 , 973.03 
2866.78 , 1459.15 , 3654.66 
 0.00 , 1443.93 , 976.25 
 0.00 , 1428.57 , 965.71 
 0.00 ,  0.00 ,  0.00 
 0.00 ,  0.00 ,  0.00 
 0.00 ,  0.00 ,  0.00 
 0.00 ,  0.00 ,  0.00 
 0.00 ,  0.00 ,  0.00 
 0.00 ,  0.00 ,  0.00 
 0.00 ,  0.00 ,  0.00 
 0.00 , 299.52 , 200.05 
 0.00 , 6282.13 , 4480.00 
2636.72 , 2217.18 , 3967.69 
 0.00 , 1577.53 , 1068.10 
 0.00 , 1608.07 , 1089.15 
 0.00 , 1308.09 , 883.12 
 0.00 , 711.67 , 477.41 
 0.00 ,  0.00 ,  0.00 
 0.00 ,  0.00 ,  0.00 
 0.00 ,  0.00 ,  0.00 
2652.99 ,  0.00 , 2467.28 
 0.00 , 370.02 , 247.32 
 0.00 , 858.63 , 576.90 
 0.00 , 702.11 , 470.95 
 0.00 , 758.67 , 509.19 
 0.00 , 816.55 , 548.38 
 0.00 , 874.38 , 587.58 
2513.98 ,  0.00 , 2338.00 
 0.00 ,  0.00 ,  0.00 
 0.00 ,  0.00 ,  0.00 
 0.00 ,  0.00 ,  0.00 
 0.00 ,  0.00 ,  0.00 
 0.00 ,  0.00 ,  0.00 
 0.00 ,  0.00 ,  0.00 
 0.00 , 400.11 , 267.52 
 0.00 , 6282.13 , 4480.00 
 0.00 , 2734.64 , 1874.87 
 0.00 , 1980.85 , 1347.03 
 0.00 , 635.52 , 425.99 
2840.61 , 754.76 , 3148.80 
 0.00 , 785.91 , 527.63 
 0.00 ,  0.00 ,  0.00 
 0.00 ,  0.00 ,  0.00 
 0.00 ,  0.00 ,  0.00 
 0.00 ,  0.00 ,  0.00 
 0.00 , 794.12 , 533.19 
 0.00 , 1254.80 , 846.66 
 0.00 , 1124.38 , 757.60 
2866.78 , 1147.74 , 3440.78 
 0.00 , 1220.33 , 823.10 
 0.00 , 1290.28 , 870.93 
 0.00 ,  0.00 ,  0.00 
 0.00 ,  0.00 ,  0.00 
 0.00 ,  0.00 ,  0.00 
 0.00 ,  0.00 ,  0.00 
 0.00 ,  0.00 ,  0.00 
 0.00 ,  0.00 ,  0.00 
 0.00 ,  0.00 ,  0.00 
 0.00 , 365.57 , 244.33 
 0.00 , 6282.13 , 4480.00 
2636.72 , 2444.39 , 4127.59 
 0.00 , 690.62 , 463.19 
 0.00 ,  0.00 ,  0.00 
 0.00 , 132.49 , 88.34 
 0.00 , 341.51 , 228.19 
 0.00 ,  0.00 ,  0.00 
 0.00 ,  0.00 ,  0.00 
 0.00 ,  0.00 ,  0.00 
2652.99 ,  0.00 , 2467.28 
 0.00 ,  0.00 ,  0.00 
 0.00 , 165.83 , 110.60 
 0.00 , 588.42 , 394.21 
 0.00 , 674.83 , 452.52 
 0.00 , 755.43 , 507.00 
 0.00 , 831.69 , 558.64 
2513.98 ,  0.00 , 2338.00 
 0.00 ,  0.00 ,  0.00 
 0.00 ,  0.00 ,  0.00 
 0.00 ,  0.00 ,  0.00 
 0.00 ,  0.00 ,  0.00 
 0.00 ,  0.00 ,  0.00 
 0.00 ,  0.00 ,  0.00 
 0.00 ,  0.00 ,  0.00 
 0.00 , 6224.40 , 4435.93 
 0.00 , 2362.19 , 1612.99 
 0.00 , 1873.79 , 1272.75 
 0.00 , 1410.95 , 953.61 
2840.61 ,  4.58 , 2644.82 
 0.00 ,  0.00 ,  0.00 
 0.00 ,  0.00 ,  0.00 
 0.00 ,  0.00 ,  0.00 
 0.00 ,  0.00 ,  0.00 
 0.00 ,  0.00 ,  0.00 
 0.00 ,  0.00 ,  0.00 
 0.00 , 322.58 , 215.50 
 0.00 , 654.43 , 438.75 
2866.78 , 743.46 , 3165.49 
 0.00 , 827.29 , 555.66 
 0.00 , 906.41 , 609.32 
 0.00 ,  0.00 ,  0.00 
 0.00 ,  0.00 ,  0.00 
 0.00 ,  0.00 ,  0.00 
 0.00 ,  0.00 ,  0.00 
 0.00 ,  0.00 ,  0.00 
 0.00 ,  0.00 ,  0.00 
 0.00 ,  0.00 ,  0.00 
 0.00 , 81.52 , 54.32 
 0.00 , 6282.13 , 4480.00 
2636.72 , 2540.05 , 4195.16 
 0.00 , 956.74 , 643.49 
 0.00 , 438.52 , 293.32 
 0.00 , 191.84 , 127.99 
 0.00 ,  0.00 ,  0.00 
 0.00 ,  0.00 ,  0.00 
 0.00 ,  0.00 ,  0.00 
 0.00 ,  0.00 ,  0.00 
2652.99 ,  0.00 , 2467.28 
 0.00 ,  0.00 ,  0.00 
 0.00 , 669.06 , 448.63 
 0.00 , 807.03 , 541.93 
 0.00 , 949.58 , 638.63 
 0.00 , 1038.44 , 699.05 
 0.00 , 1172.61 , 790.50 
2513.98 ,  0.00 , 2338.00 
 0.00 ,  0.00 ,  0.00 
 0.00 ,  0.00 ,  0.00 
 0.00 ,  0.00 ,  0.00 
 0.00 ,  0.00 ,  0.00 
 0.00 , 115.33 , 76.88 
 0.00 , 837.13 , 562.32 
 0.00 , 1055.26 , 710.50 
 0.00 , 6282.13 , 4480.00 
 0.00 , 3239.29 , 2233.13 
 0.00 , 1795.58 , 1218.60 
 0.00 , 1178.73 , 794.69 
2840.61 , 442.16 , 2937.70 
 0.00 ,  0.00 ,  0.00 
 0.00 ,  0.00 ,  0.00 
 0.00 ,  0.00 ,  0.00 
 0.00 ,  0.00 ,  0.00 
 0.00 ,  0.00 ,  0.00 
 0.00 , 742.79 , 498.45 
 0.00 , 1546.20 , 1046.54 
 0.00 , 1398.14 , 944.82 
2866.78 , 1443.57 , 3643.92 
 0.00 , 1486.18 , 1005.27 
 0.00 , 1570.15 , 1063.03 
 0.00 ,  0.00 ,  0.00 
 0.00 ,  0.00 ,  0.00 
 0.00 ,  0.00 ,  0.00 
 0.00 ,  0.00 ,  0.00 
 0.00 ,  0.00 ,  0.00 
 0.00 , 10.81 ,  7.20 
 0.00 , 404.58 , 270.52 
 0.00 , 503.43 , 336.97 
 0.00 , 6282.13 , 4480.00 
2636.72 , 2332.20 , 4048.52 
 0.00 , 1545.83 , 1046.29 
 0.00 , 1535.75 , 1039.35 
 0.00 , 1175.98 , 792.80 
 0.00 , 1139.10 , 767.64 
 0.00 , 1274.53 , 860.15 
 0.00 , 1524.07 , 1031.32 
 0.00 , 1420.76 , 960.34 
2652.99 , 1537.61 , 3509.79 
 0.00 , 1659.53 , 1124.62 
 0.00 , 1557.20 , 1054.11 
 0.00 , 1312.70 , 886.28 
 0.00 , 1340.33 , 905.20 
 0.00 , 1326.44 , 895.68 
 0.00 , 1365.30 , 922.31 
2513.98 ,  0.00 , 2338.00 
 0.00 ,  0.00 ,  0.00 
 0.00 ,  0.00 ,  0.00 
 0.00 ,  0.00 ,  0.00 
 0.00 ,  0.00 ,  0.00 
 0.00 ,  0.28 ,  0.18 
 0.00 , 626.96 , 420.21 
 0.00 , 846.66 , 568.79 
 0.00 , 6282.13 , 4480.00 
 0.00 , 2828.65 , 1941.31 
 0.00 , 2139.32 , 1457.28 
 0.00 , 1313.64 , 886.92 
2840.61 , 1749.28 , 3831.00 
 0.00 , 1873.98 , 1272.88 
 0.00 , 1736.76 , 1177.93 
 0.00 , 1914.18 , 1300.75 
 0.00 , 2096.07 , 1427.15 
 0.00 , 2201.23 , 1500.45 
 0.00 , 2276.85 , 1553.27 
 0.00 , 2173.21 , 1480.91 
 0.00 , 1986.52 , 1350.97 
2866.78 , 1964.46 , 4005.14 
 0.00 , 2009.00 , 1366.58 
 0.00 , 2002.35 , 1361.96 
 0.00 ,  0.00 ,  0.00 
 0.00 ,  0.00 ,  0.00 
 0.00 ,  0.00 ,  0.00 
 0.00 , 297.66 , 198.80 
 0.00 , 1042.29 , 701.67 
 0.00 , 1197.45 , 807.46 
 0.00 , 1337.59 , 903.32 
 0.00 , 1468.29 , 992.98 
 0.00 , 6282.13 , 4480.00 
2636.72 , 3531.32 , 4904.74 
 0.00 , 2531.97 , 1732.10 
 0.00 , 1594.52 , 1079.81 
 0.00 , 1985.75 , 1350.43 
 0.00 , 1496.23 , 1012.17 
 0.00 , 626.29 , 419.75 
 0.00 , 64.51 , 42.98 
 0.00 , 244.26 , 163.04 
2652.99 , 739.12 , 2963.68 
 0.00 , 1872.96 , 1272.17 
 0.00 , 1977.64 , 1344.79 
 0.00 , 1842.97 , 1251.40 
 0.00 , 1912.35 , 1299.48 
 0.00 , 1929.25 , 1311.21 
 0.00 , 1993.31 , 1355.68 
2513.98 ,  0.00 , 2338.00 
 0.00 ,  0.00 ,  0.00 
 0.00 ,  0.00 ,  0.00 
 0.00 , 339.04 , 226.54 
 0.00 , 1038.23 , 698.91 
 0.00 , 1198.15 , 807.95 
 0.00 , 1343.56 , 907.41 
 0.00 , 1475.59 , 997.99 
 0.00 , 6282.13 , 4480.00 
 0.00 , 3559.98 , 2462.85 
 0.00 , 2960.22 , 2034.53 
 0.00 , 1590.03 , 1076.72 
2840.61 , 2127.04 , 4094.44 
 0.00 , 2390.67 , 1632.94 
 0.00 , 2322.61 , 1585.28 
 0.00 , 2345.32 , 1601.17 
 0.00 , 2449.66 , 1674.30 
 0.00 , 2585.47 , 1769.73 
 0.00 , 2738.99 , 1877.94 
 0.00 , 2710.36 , 1857.74 
 0.00 , 2480.43 , 1695.89 
2866.78 , 2455.93 , 4350.16 
 0.00 , 2451.93 , 1675.89 
 0.00 , 2442.47 , 1669.26 
 0.00 ,  0.00 ,  0.00 
 0.00 ,  0.00 ,  0.00 
 0.00 ,  7.21 ,  4.80 
 0.00 , 1146.63 , 772.77 
 0.00 , 1236.77 , 834.33 
 0.00 , 1321.07 , 892.00 
 0.00 , 1390.55 , 939.62 
 0.00 , 1449.90 , 980.34 
 0.00 , 6282.13 , 4480.00 
2636.72 , 3371.17 , 4788.94 
 0.00 , 3280.42 , 2262.50 
 0.00 , 3122.60 , 2149.94 
 0.00 , 3057.39 , 2103.54 
 0.00 , 2883.57 , 1980.19 
 0.00 , 2761.30 , 1893.70 
 0.00 , 2787.16 , 1911.98 
 0.00 , 2762.07 , 1894.24 
2652.99 , 2752.87 , 4361.24 
 0.00 , 2824.84 , 1938.62 
 0.00 , 2709.25 , 1856.95 
 0.00 , 2459.38 , 1681.12 
 0.00 , 2426.64 , 1658.15 
 0.00 , 2452.39 , 1676.21 
 0.00 , 2434.42 , 1663.61 
2513.98 ,  0.00 , 2338.00 
 0.00 ,  0.00 ,  0.00 
 0.00 ,  0.00 ,  0.00 
 0.00 , 1074.83 , 723.83 
 0.00 , 1298.95 , 876.86 
 0.00 , 1437.03 , 971.51 
 0.00 , 1559.45 , 1055.66 
 0.00 , 1622.94 , 1099.39 
 0.00 , 6282.13 , 4480.00 
 0.00 , 3684.85 , 2552.74 
 0.00 , 3200.22 , 2205.25 
 0.00 , 2255.61 , 1538.43 
2840.61 , 1489.40 , 3651.16 
 0.00 , 1377.97 , 930.99 
 0.00 , 1416.65 , 957.52 
 0.00 , 1045.23 , 703.67 
 0.00 , 475.33 , 318.07 
 0.00 , 778.14 , 522.37 
 0.00 , 2009.02 , 1366.59 
 0.00 , 2103.54 , 1432.35 
 0.00 , 1959.39 , 1332.12 
2866.78 , 1964.46 , 4005.14 
 0.00 , 2026.44 , 1378.70 
 0.00 , 2084.34 , 1418.98 
 0.00 ,  0.00 ,  0.00 
 0.00 ,  0.00 ,  0.00 
 0.00 ,  0.00 ,  0.00 
 0.00 , 446.63 , 298.77 
 0.00 , 1111.82 , 749.03 
 0.00 , 1267.11 , 855.07 
 0.00 , 1406.08 , 950.27 
 0.00 , 1480.58 , 1001.42 
 0.00 , 6282.13 , 4480.00 
2636.72 , 3537.85 , 4909.48 
 0.00 , 2972.33 , 2043.12 
 0.00 , 2526.56 , 1728.30 
 0.00 , 2161.79 , 1472.94 
 0.00 , 1509.30 , 1021.16 
 0.00 , 486.26 , 325.42 
 0.00 , 868.56 , 583.63 
 0.00 , 1487.18 , 1005.95 
2652.99 , 1802.76 , 3693.45 
 0.00 , 2173.07 , 1480.81 
 0.00 , 2186.71 , 1490.32 
 0.00 , 2019.40 , 1373.81 
 0.00 , 2065.60 , 1405.94 
 0.00 , 2064.83 , 1405.41 
 0.00 , 2113.57 , 1439.34 
2513.98 ,  0.00 , 2338.00 
 0.00 ,  0.00 ,  0.00 
 0.00 ,  0.00 ,  0.00 
 0.00 , 336.89 , 225.10 
 0.00 , 1056.45 , 711.31 
 0.00 , 1156.67 , 779.62 
 0.00 , 1291.80 , 871.97 
 0.00 , 1413.60 , 955.43 
 0.00 , 6282.13 , 4480.00 
 0.00 , 3383.79 , 2336.44 
 0.00 , 2273.26 , 1550.76 
 0.00 , 1899.54 , 1290.60 
2840.61 , 1094.35 , 3379.92 
 0.00 , 678.54 , 455.02 
 0.00 , 925.23 , 622.09 
 0.00 , 1019.29 , 686.02 
 0.00 , 886.31 , 595.67 
 0.00 , 816.84 , 548.58 
 0.00 , 1740.88 , 1180.78 
 0.00 , 1838.58 , 1248.36 
 0.00 , 1684.14 , 1141.60 
2866.78 , 1683.85 , 3809.98 
 0.00 , 1689.60 , 1145.36 
 0.00 , 1690.22 , 1145.79 
 0.00 ,  0.00 ,  0.00 
 0.00 ,  0.00 ,  0.00 
 0.00 ,  0.00 ,  0.00 
 0.00 ,  0.00 ,  0.00 
 0.00 , 120.86 , 80.57 
 0.00 , 696.54 , 467.19 
 0.00 , 785.57 , 527.40 
 0.00 , 860.72 , 578.32 
 0.00 , 6282.13 , 4480.00 
2636.72 , 2701.59 , 4309.64 
 0.00 , 2514.69 , 1719.96 
 0.00 , 2254.51 , 1537.66 
 0.00 , 2059.51 , 1401.70 
 0.00 , 1892.21 , 1285.52 
 0.00 , 1774.88 , 1204.28 
 0.00 , 1779.20 , 1207.27 
 0.00 , 1919.52 , 1304.46 
2652.99 , 1923.61 , 3777.55 
 0.00 , 2010.53 , 1367.65 
 0.00 , 1940.98 , 1319.34 
 0.00 , 1730.06 , 1173.31 
 0.00 , 1702.40 , 1154.21 
 0.00 , 1731.53 , 1174.32 
 0.00 , 1716.80 , 1164.15 
2513.98 ,  0.00 , 2338.00 
 0.00 ,  0.00 ,  0.00 
 0.00 ,  0.00 ,  0.00 
 0.00 ,  0.00 ,  0.00 
 0.00 , 306.67 , 204.84 
 0.00 , 783.46 , 525.97 
 0.00 , 920.78 , 619.07 
 0.00 , 1048.00 , 705.56 
 0.00 , 6282.13 , 4480.00 
 0.00 , 3118.48 , 2147.00 
 0.00 , 2931.21 , 2013.95 
 0.00 , 2738.42 , 1877.54 
2840.61 , 2566.59 , 4404.02 
 0.00 , 2431.48 , 1661.55 
 0.00 , 2284.88 , 1558.89 
 0.00 , 2292.10 , 1563.94 
 0.00 , 2317.22 , 1581.51 
 0.00 , 2358.63 , 1610.49 
 0.00 , 2443.42 , 1669.92 
 0.00 , 2393.22 , 1634.72 
 0.00 , 2148.38 , 1463.59 
2866.78 , 2114.82 , 4110.26 
 0.00 , 2150.45 , 1465.04 
 0.00 , 2135.53 , 1454.64 
 0.00 ,  0.00 ,  0.00 
