CALDERA,CALDERA,CALDERA
SIS2_EQ1_EQ_Caldera-Biomasa-Defecto,SIS2_EQ1_EQ_Caldera-Biomasa-Defecto,SIS2_EQ1_EQ_Caldera-Biomasa-Defecto
ConsumoACS,ConsumoCAL,Energía Suministrada
Consumo horario en W asociado a ACS (prorrateando con la demanda),Consumo horario en W asociado a la calefacción (prorrateando con la demanda),Energía Suministrada en W
Biomasa densificada (pelets),Biomasa densificada (pelets),Biomasa densificada (pelets)
 0.00 ,  0.00 ,  0.00 
 0.00 ,  0.00 ,  0.00 
 0.00 ,  0.00 ,  0.00 
 0.00 ,  0.00 ,  0.00 
 0.00 ,  0.00 ,  0.00 
 0.00 ,  0.00 ,  0.00 
 0.00 ,  0.00 ,  0.00 
 0.00 , 7724.72 , 5600.21 
 0.00 , 2592.34 , 1774.56 
 0.00 , 2188.78 , 1491.77 
 0.00 , 1546.10 , 1046.48 
3876.41 , 1727.79 , 4780.48 
 0.00 , 1474.63 , 997.34 
 0.00 , 1293.57 , 873.18 
 0.00 , 805.46 , 540.87 
 0.00 , 942.24 , 633.64 
 0.00 , 1419.40 , 959.41 
 0.00 , 1697.48 , 1150.80 
 0.00 , 1604.27 , 1086.52 
 0.00 , 1237.40 , 834.76 
3887.99 , 1207.46 , 4431.91 
 0.00 , 1258.84 , 849.42 
 0.00 , 1248.59 , 842.41 
 0.00 ,  0.00 ,  0.00 
 0.00 ,  0.00 ,  0.00 
 0.00 ,  0.00 ,  0.00 
 0.00 ,  0.00 ,  0.00 
 0.00 ,  0.00 ,  0.00 
 0.00 ,  0.00 ,  0.00 
 0.00 ,  0.00 ,  0.00 
 0.00 ,  0.00 ,  0.00 
 0.00 , 8333.20 , 6083.95 
 0.00 , 2898.11 , 1990.49 
4208.19 , 2629.30 , 5723.80 
 0.00 , 2360.79 , 1612.01 
 0.00 , 1556.85 , 1053.87 
 0.00 , 1456.76 , 985.06 
 0.00 , 1610.89 , 1091.09 
 0.00 , 1979.76 , 1346.27 
 0.00 , 2084.65 , 1419.20 
 0.00 , 2062.29 , 1403.64 
 0.00 , 2219.67 , 1513.33 
3797.38 , 2102.89 , 4968.84 
 0.00 , 1670.49 , 1132.18 
 0.00 , 1701.05 , 1153.27 
 0.00 , 1679.58 , 1138.45 
 0.00 , 1661.93 , 1126.27 
 0.00 ,  0.00 ,  0.00 
 0.00 ,  0.00 ,  0.00 
 0.00 ,  0.00 ,  0.00 
 0.00 ,  0.00 ,  0.00 
 0.00 ,  0.00 ,  0.00 
 0.00 ,  0.00 ,  0.00 
 0.00 ,  0.00 ,  0.00 
 0.00 ,  0.00 ,  0.00 
4096.34 , 8633.63 , 10251.19 
 0.00 , 3033.87 , 2086.82 
 0.00 , 2800.46 , 1921.37 
 0.00 , 2397.17 , 1637.49 
 0.00 , 1191.83 , 803.63 
 0.00 , 1194.26 , 805.29 
 0.00 , 1477.26 , 999.14 
 0.00 , 1251.81 , 844.61 
3836.72 , 1310.49 , 4454.98 
 0.00 , 1721.83 , 1167.62 
 0.00 , 1952.17 , 1327.11 
 0.00 , 1903.73 , 1293.51 
 0.00 , 1467.91 , 992.71 
 0.00 , 1499.73 , 1014.58 
 0.00 , 1546.60 , 1046.82 
 0.00 , 1533.25 , 1037.63 
3767.28 ,  0.00 , 3503.57 
 0.00 ,  0.00 ,  0.00 
 0.00 ,  0.00 ,  0.00 
 0.00 ,  0.00 ,  0.00 
 0.00 ,  0.00 ,  0.00 
 0.00 ,  0.00 ,  0.00 
 0.00 ,  0.00 ,  0.00 
 0.00 ,  0.00 ,  0.00 
 0.00 , 9833.16 , 7306.05 
 0.00 , 3973.15 , 2761.22 
 0.00 , 3312.05 , 2285.11 
 0.00 , 274.97 , 183.61 
3876.41 ,  8.68 , 3610.83 
 0.00 ,  0.00 ,  0.00 
 0.00 ,  0.00 ,  0.00 
 0.00 ,  0.00 ,  0.00 
 0.00 ,  0.00 ,  0.00 
 0.00 ,  1.18 ,  0.79 
 0.00 , 526.64 , 352.59 
 0.00 , 938.53 , 631.12 
 0.00 , 1248.57 , 842.40 
3887.99 , 1356.38 , 4534.28 
 0.00 , 1531.25 , 1036.26 
 0.00 , 1635.82 , 1108.27 
 0.00 ,  0.00 ,  0.00 
 0.00 ,  0.00 ,  0.00 
 0.00 ,  0.00 ,  0.00 
 0.00 ,  0.00 ,  0.00 
 0.00 ,  0.00 ,  0.00 
 0.00 ,  0.00 ,  0.00 
 0.00 ,  0.00 ,  0.00 
 0.00 ,  0.00 ,  0.00 
 0.00 , 10015.90 , 7457.90 
 0.00 , 4157.95 , 2895.55 
4208.19 , 2535.42 , 5657.05 
 0.00 , 1343.62 , 907.45 
 0.00 , 329.52 , 220.16 
 0.00 , 35.43 , 23.60 
 0.00 , 12.34 ,  8.22 
 0.00 , 10.35 ,  6.89 
 0.00 , 14.16 ,  9.43 
 0.00 , 134.46 , 89.65 
 0.00 , 694.95 , 466.11 
3797.38 , 1060.35 , 4246.87 
 0.00 , 1339.58 , 904.68 
 0.00 , 1446.94 , 978.31 
 0.00 , 1549.75 , 1048.98 
 0.00 , 1647.65 , 1116.43 
 0.00 ,  0.00 ,  0.00 
 0.00 ,  0.00 ,  0.00 
 0.00 ,  0.00 ,  0.00 
 0.00 ,  0.00 ,  0.00 
 0.00 ,  0.00 ,  0.00 
 0.00 ,  0.00 ,  0.00 
 0.00 ,  0.00 ,  0.00 
 0.00 ,  0.00 ,  0.00 
4096.34 , 9876.77 , 11308.96 
 0.00 , 4121.93 , 2869.32 
 0.00 , 2080.17 , 1416.08 
 0.00 , 582.86 , 390.47 
 0.00 , 37.91 , 25.25 
 0.00 ,  0.00 ,  0.00 
 0.00 ,  0.00 ,  0.00 
 0.00 ,  0.00 ,  0.00 
3836.72 ,  0.00 , 3568.15 
 0.00 , 20.24 , 13.48 
 0.00 , 537.71 , 360.05 
 0.00 , 809.81 , 543.82 
 0.00 , 1279.09 , 863.27 
 0.00 , 1326.94 , 896.02 
 0.00 , 1433.81 , 969.30 
 0.00 , 1536.08 , 1039.58 
3767.28 ,  0.00 , 3503.57 
 0.00 ,  0.00 ,  0.00 
 0.00 ,  0.00 ,  0.00 
 0.00 ,  0.00 ,  0.00 
 0.00 ,  0.00 ,  0.00 
 0.00 ,  0.00 ,  0.00 
 0.00 ,  0.00 ,  0.00 
 0.00 ,  0.00 ,  0.00 
 0.00 , 9666.62 , 7168.23 
 0.00 , 3816.84 , 2648.02 
 0.00 , 1504.69 , 1017.99 
 0.00 , 305.27 , 203.90 
3876.41 , 682.06 , 4063.02 
 0.00 , 1025.78 , 690.44 
 0.00 , 1126.67 , 759.16 
 0.00 , 617.96 , 414.14 
 0.00 , 289.47 , 193.32 
 0.00 , 468.81 , 313.68 
 0.00 , 1747.84 , 1185.59 
 0.00 , 1970.89 , 1340.11 
 0.00 , 1644.10 , 1113.97 
3887.99 , 1644.07 , 4733.12 
 0.00 , 1720.67 , 1166.82 
 0.00 , 1727.40 , 1171.46 
 0.00 ,  0.00 ,  0.00 
 0.00 ,  0.00 ,  0.00 
 0.00 ,  0.00 ,  0.00 
 0.00 ,  0.00 ,  0.00 
 0.00 ,  0.00 ,  0.00 
 0.00 ,  0.00 ,  0.00 
 0.00 ,  0.00 ,  0.00 
 0.00 ,  0.00 ,  0.00 
 0.00 , 9592.76 , 7107.28 
 0.00 , 3771.87 , 2615.53 
4208.19 , 3614.00 , 6433.89 
 0.00 , 3501.72 , 2421.00 
 0.00 , 3417.72 , 2360.74 
 0.00 , 3340.76 , 2305.64 
 0.00 , 3132.44 , 2156.95 
 0.00 , 3089.01 , 2126.03 
 0.00 , 3070.31 , 2112.73 
 0.00 , 3099.63 , 2133.58 
 0.00 , 3164.70 , 2179.93 
3797.38 , 3026.71 , 5624.67 
 0.00 , 2649.61 , 1814.90 
 0.00 , 2606.39 , 1784.45 
 0.00 , 2576.39 , 1763.34 
 0.00 , 2618.27 , 1792.82 
 0.00 ,  0.00 ,  0.00 
 0.00 ,  0.00 ,  0.00 
 0.00 ,  0.00 ,  0.00 
 0.00 ,  0.00 ,  0.00 
 0.00 ,  0.00 ,  0.00 
 0.00 ,  0.00 ,  0.00 
 0.00 , 128.63 , 85.76 
 0.00 , 917.66 , 616.95 
4096.34 , 10124.83 , 11524.52 
 0.00 , 4439.94 , 3101.59 
 0.00 , 4198.36 , 2925.00 
 0.00 , 3991.23 , 2774.33 
 0.00 , 3559.06 , 2462.19 
 0.00 , 3169.14 , 2183.09 
 0.00 , 3002.39 , 2064.46 
 0.00 , 2801.28 , 1921.95 
3836.72 , 2869.20 , 5548.48 
 0.00 , 3106.74 , 2138.65 
 0.00 , 3323.56 , 2293.34 
 0.00 , 3261.74 , 2249.16 
 0.00 , 2826.42 , 1939.73 
 0.00 , 2850.67 , 1956.89 
 0.00 , 2821.89 , 1936.53 
 0.00 , 2865.02 , 1967.05 
3767.28 ,  0.00 , 3503.57 
 0.00 ,  0.00 ,  0.00 
 0.00 ,  0.00 ,  0.00 
 0.00 ,  0.00 ,  0.00 
 0.00 ,  0.00 ,  0.00 
 0.00 , 472.67 , 316.28 
 0.00 , 1251.50 , 844.40 
 0.00 , 1453.48 , 982.81 
 0.00 , 10496.02 , 7860.00 
 0.00 , 5035.67 , 3541.14 
 0.00 , 3215.98 , 2216.49 
 0.00 , 2176.76 , 1483.38 
3876.41 , 1234.96 , 4440.01 
 0.00 , 890.11 , 598.25 
 0.00 , 401.03 , 268.14 
 0.00 , 410.17 , 274.27 
 0.00 , 670.54 , 449.62 
 0.00 , 1778.60 , 1206.85 
 0.00 , 2490.84 , 1703.20 
 0.00 , 2683.27 , 1838.62 
 0.00 , 2352.54 , 1606.23 
3887.99 , 2340.88 , 5220.77 
 0.00 , 2349.73 , 1604.26 
 0.00 , 2416.12 , 1650.77 
 0.00 ,  0.00 ,  0.00 
 0.00 ,  0.00 ,  0.00 
 0.00 ,  0.00 ,  0.00 
 0.00 ,  0.00 ,  0.00 
 0.00 ,  0.00 ,  0.00 
 0.00 ,  0.00 ,  0.00 
 0.00 ,  0.00 ,  0.00 
 0.00 , 370.51 , 247.65 
 0.00 , 10248.04 , 7651.75 
 0.00 , 4249.35 , 2962.19 
4208.19 , 4018.95 , 6731.26 
 0.00 , 3887.23 , 2698.94 
 0.00 , 3729.51 , 2584.95 
 0.00 , 3322.29 , 2292.43 
 0.00 , 2818.75 , 1934.31 
 0.00 , 2600.86 , 1780.56 
 0.00 , 2696.91 , 1848.25 
 0.00 , 3003.51 , 2065.25 
 0.00 , 3251.78 , 2242.04 
3797.38 , 3136.31 , 5703.51 
 0.00 , 2713.93 , 1860.26 
 0.00 , 2735.45 , 1875.45 
 0.00 , 2704.29 , 1853.45 
 0.00 , 2744.98 , 1882.18 
 0.00 ,  0.00 ,  0.00 
 0.00 ,  0.00 ,  0.00 
 0.00 ,  0.00 ,  0.00 
 0.00 ,  0.00 ,  0.00 
 0.00 ,  0.00 ,  0.00 
 0.00 , 221.03 , 147.51 
 0.00 , 1179.31 , 795.08 
 0.00 , 1519.05 , 1027.87 
4096.34 , 10290.79 , 11669.60 
 0.00 , 5156.21 , 3630.79 
 0.00 , 3753.24 , 2602.07 
 0.00 , 3486.39 , 2409.99 
 0.00 , 3804.66 , 2639.21 
 0.00 , 3456.49 , 2388.54 
 0.00 , 3064.98 , 2108.94 
 0.00 , 2712.70 , 1859.39 
3836.72 , 2583.00 , 5344.44 
 0.00 , 3214.38 , 2215.35 
 0.00 , 3881.75 , 2694.98 
 0.00 , 3967.12 , 2756.84 
 0.00 , 3552.95 , 2457.80 
 0.00 , 3601.90 , 2493.00 
 0.00 , 3661.67 , 2536.03 
 0.00 , 3589.76 , 2484.26 
3767.28 ,  0.00 , 3503.57 
 0.00 ,  0.00 ,  0.00 
 0.00 ,  0.00 ,  0.00 
 0.00 ,  0.00 ,  0.00 
 0.00 , 813.07 , 546.03 
 0.00 , 1520.42 , 1028.81 
 0.00 , 1584.01 , 1072.57 
 0.00 , 1695.74 , 1149.61 
 0.00 , 10496.02 , 7860.00 
 0.00 , 5005.30 , 3518.59 
 0.00 , 3575.99 , 2474.36 
 0.00 , 3324.77 , 2294.20 
3876.41 , 2715.70 , 5475.88 
 0.00 , 2815.18 , 1931.79 
 0.00 , 3038.31 , 2089.98 
 0.00 , 3200.74 , 2205.62 
 0.00 , 3218.98 , 2218.64 
 0.00 , 3270.18 , 2255.19 
 0.00 , 3544.01 , 2451.37 
 0.00 , 3509.65 , 2426.69 
 0.00 , 3060.30 , 2105.61 
3887.99 , 3065.37 , 5737.05 
 0.00 , 3051.88 , 2099.63 
 0.00 , 3026.41 , 2081.52 
 0.00 ,  0.00 ,  0.00 
 0.00 ,  0.00 ,  0.00 
 0.00 ,  0.00 ,  0.00 
 0.00 ,  0.00 ,  0.00 
 0.00 ,  0.00 ,  0.00 
 0.00 , 805.72 , 541.04 
 0.00 , 1309.10 , 883.81 
 0.00 , 1430.62 , 967.11 
 0.00 , 10496.02 , 7860.00 
 0.00 , 4753.39 , 3332.14 
4208.19 , 4480.36 , 7074.00 
 0.00 , 4088.73 , 2845.16 
 0.00 , 3691.56 , 2557.58 
 0.00 , 3393.72 , 2343.55 
 0.00 , 3569.49 , 2469.69 
 0.00 , 3598.51 , 2490.56 
 0.00 , 3624.26 , 2509.09 
 0.00 , 3631.51 , 2514.31 
 0.00 , 3724.00 , 2580.97 
3797.38 , 3621.13 , 6054.92 
 0.00 , 3247.54 , 2239.02 
 0.00 , 3196.16 , 2202.35 
 0.00 , 3157.45 , 2174.76 
 0.00 , 3189.91 , 2197.90 
 0.00 ,  0.00 ,  0.00 
 0.00 ,  0.00 ,  0.00 
 0.00 ,  0.00 ,  0.00 
 0.00 ,  0.00 ,  0.00 
 0.00 , 303.47 , 202.70 
 0.00 , 1325.03 , 894.72 
 0.00 , 1555.12 , 1052.68 
 0.00 , 1741.12 , 1180.94 
4096.34 , 10290.79 , 11669.60 
 0.00 , 5244.85 , 3696.88 
 0.00 , 5009.81 , 3521.94 
 0.00 , 4714.06 , 3303.12 
 0.00 , 4427.36 , 3092.38 
 0.00 , 4207.79 , 2931.87 
 0.00 , 4088.21 , 2844.79 
 0.00 , 4008.29 , 2786.72 
3836.72 , 3963.76 , 6342.75 
 0.00 , 4041.44 , 2810.79 
 0.00 , 4196.33 , 2923.51 
 0.00 , 4109.76 , 2860.47 
 0.00 , 3718.09 , 2576.70 
 0.00 , 3668.33 , 2540.83 
 0.00 , 3629.73 , 2513.03 
 0.00 , 3664.19 , 2537.85 
3767.28 ,  0.00 , 3503.57 
 0.00 ,  0.00 ,  0.00 
 0.00 ,  0.00 ,  0.00 
 0.00 , 100.19 , 66.77 
 0.00 , 1207.66 , 814.44 
 0.00 , 1676.09 , 1136.04 
 0.00 , 1866.24 , 1267.52 
 0.00 , 1977.24 , 1344.52 
 0.00 , 10496.02 , 7860.00 
 0.00 , 5426.57 , 3832.75 
 0.00 , 4174.40 , 2907.53 
 0.00 , 3099.72 , 2133.65 
3876.41 , 2223.08 , 5126.94 
 0.00 , 1540.64 , 1042.71 
 0.00 , 855.73 , 574.94 
 0.00 , 1023.88 , 689.15 
 0.00 , 1990.00 , 1353.38 
 0.00 , 2670.08 , 1829.32 
 0.00 , 3142.11 , 2163.83 
 0.00 , 3292.20 , 2270.92 
 0.00 , 2906.28 , 1996.28 
3887.99 , 2874.00 , 5599.75 
 0.00 , 2941.25 , 2021.07 
 0.00 , 2931.55 , 2014.19 
 0.00 ,  0.00 ,  0.00 
 0.00 ,  0.00 ,  0.00 
 0.00 ,  0.00 ,  0.00 
 0.00 ,  0.00 ,  0.00 
 0.00 ,  0.00 ,  0.00 
 0.00 , 274.24 , 183.12 
 0.00 , 1120.62 , 755.04 
 0.00 , 1247.85 , 841.91 
 0.00 , 10470.47 , 7838.49 
 0.00 , 4711.86 , 3301.50 
4208.19 , 3070.33 , 6039.59 
 0.00 , 2809.66 , 1927.88 
 0.00 , 2910.27 , 1999.10 
 0.00 , 2954.27 , 2030.31 
 0.00 , 2929.75 , 2012.92 
 0.00 , 3175.31 , 2187.49 
 0.00 , 3421.07 , 2363.15 
 0.00 , 3348.95 , 2311.50 
 0.00 , 3473.25 , 2400.56 
3797.38 , 3394.10 , 5889.82 
 0.00 , 2972.90 , 2043.53 
 0.00 , 2925.69 , 2010.04 
 0.00 , 2889.58 , 1984.45 
 0.00 , 2858.70 , 1962.58 
 0.00 ,  0.00 ,  0.00 
 0.00 ,  0.00 ,  0.00 
 0.00 ,  0.00 ,  0.00 
 0.00 ,  0.00 ,  0.00 
 0.00 ,  0.00 ,  0.00 
 0.00 ,  0.00 ,  0.00 
 0.00 , 417.37 , 279.11 
 0.00 , 898.74 , 604.11 
4096.34 , 10105.74 , 11507.88 
 0.00 , 4396.99 , 3070.13 
 0.00 , 4170.29 , 2904.54 
 0.00 , 3990.13 , 2773.54 
 0.00 , 3701.31 , 2564.61 
 0.00 , 3352.10 , 2313.75 
 0.00 , 2899.78 , 1991.67 
 0.00 , 2670.75 , 1829.80 
3836.72 , 2939.66 , 5598.93 
 0.00 , 3137.76 , 2160.73 
 0.00 , 3242.75 , 2235.60 
 0.00 , 3141.66 , 2163.51 
 0.00 , 2744.91 , 1882.13 
 0.00 , 2693.79 , 1846.05 
 0.00 , 2718.93 , 1863.79 
 0.00 , 2686.91 , 1841.19 
3767.28 ,  0.00 , 3503.57 
 0.00 ,  0.00 ,  0.00 
 0.00 ,  0.00 ,  0.00 
 0.00 ,  0.00 ,  0.00 
 0.00 ,  0.00 ,  0.00 
 0.00 ,  0.00 ,  0.00 
 0.00 , 808.34 , 542.82 
 0.00 , 1243.18 , 838.71 
 0.00 , 10496.02 , 7860.00 
 0.00 , 4699.34 , 3292.27 
 0.00 , 2617.18 , 1792.06 
 0.00 , 1612.33 , 1092.08 
3876.41 , 703.52 , 4077.56 
 0.00 , 89.94 , 59.94 
 0.00 , 74.42 , 49.59 
 0.00 , 84.09 , 56.04 
 0.00 , 128.61 , 85.75 
 0.00 , 270.09 , 180.33 
 0.00 , 668.68 , 448.37 
 0.00 , 1355.22 , 915.40 
 0.00 , 1522.25 , 1030.06 
3887.99 , 1612.14 , 4710.99 
 0.00 , 1704.71 , 1155.80 
 0.00 , 1788.88 , 1213.96 
 0.00 ,  0.00 ,  0.00 
 0.00 ,  0.00 ,  0.00 
 0.00 ,  0.00 ,  0.00 
 0.00 ,  0.00 ,  0.00 
 0.00 ,  0.00 ,  0.00 
 0.00 ,  0.00 ,  0.00 
 0.00 ,  0.00 ,  0.00 
 0.00 , 34.72 , 23.13 
 0.00 , 10295.06 , 7691.14 
 0.00 , 4196.13 , 2923.37 
4208.19 , 2196.35 , 5417.29 
 0.00 , 1453.98 , 983.15 
 0.00 , 355.45 , 237.54 
 0.00 , 23.55 , 15.68 
 0.00 ,  0.00 ,  0.00 
 0.00 ,  0.00 ,  0.00 
 0.00 ,  0.00 ,  0.00 
 0.00 ,  3.09 ,  2.06 
 0.00 , 295.84 , 197.59 
3797.38 , 789.69 , 4062.48 
 0.00 , 1192.68 , 804.21 
 0.00 , 1295.83 , 874.72 
 0.00 , 1392.89 , 941.22 
 0.00 , 1484.45 , 1004.08 
 0.00 ,  0.00 ,  0.00 
 0.00 ,  0.00 ,  0.00 
 0.00 ,  0.00 ,  0.00 
 0.00 ,  0.00 ,  0.00 
 0.00 ,  0.00 ,  0.00 
 0.00 ,  0.00 ,  0.00 
 0.00 ,  0.00 ,  0.00 
 0.00 ,  0.00 ,  0.00 
4096.34 , 9204.75 , 10732.54 
 0.00 , 3399.27 , 2347.53 
 0.00 , 2728.96 , 1870.87 
 0.00 , 1321.67 , 892.41 
 0.00 , 1015.60 , 683.51 
 0.00 , 1185.01 , 798.97 
 0.00 , 933.11 , 627.44 
 0.00 , 166.11 , 110.79 
3836.72 , 228.78 , 3720.90 
 0.00 , 886.62 , 595.88 
 0.00 , 1345.81 , 908.95 
 0.00 , 1724.39 , 1169.39 
 0.00 , 1345.32 , 908.61 
 0.00 , 1403.95 , 948.81 
 0.00 , 1399.28 , 945.61 
 0.00 , 1460.74 , 987.79 
3767.28 ,  0.00 , 3503.57 
 0.00 ,  0.00 ,  0.00 
 0.00 ,  0.00 ,  0.00 
 0.00 ,  0.00 ,  0.00 
 0.00 ,  0.00 ,  0.00 
 0.00 ,  0.00 ,  0.00 
 0.00 ,  0.00 ,  0.00 
 0.00 ,  0.00 ,  0.00 
 0.00 , 8993.47 , 6616.63 
 0.00 , 3206.23 , 2209.54 
 0.00 , 2992.91 , 2057.73 
 0.00 , 2723.61 , 1867.09 
3876.41 , 2330.12 , 5202.39 
 0.00 , 1958.50 , 1331.50 
 0.00 , 1590.26 , 1076.87 
 0.00 , 1670.41 , 1132.12 
 0.00 , 1778.44 , 1206.74 
 0.00 , 1915.93 , 1301.96 
 0.00 , 2122.85 , 1445.81 
 0.00 , 2118.00 , 1442.42 
 0.00 , 1698.16 , 1151.27 
3887.99 , 1723.04 , 4787.96 
 0.00 , 1773.03 , 1203.00 
 0.00 , 1823.36 , 1237.82 
 0.00 ,  0.00 ,  0.00 
 0.00 ,  0.00 ,  0.00 
 0.00 ,  0.00 ,  0.00 
 0.00 ,  0.00 ,  0.00 
 0.00 ,  0.00 ,  0.00 
 0.00 ,  0.00 ,  0.00 
 0.00 ,  0.00 ,  0.00 
 0.00 ,  0.00 ,  0.00 
 0.00 , 10194.84 , 7607.23 
 0.00 , 4187.29 , 2916.93 
4208.19 , 2084.55 , 5338.70 
 0.00 , 994.95 , 669.47 
 0.00 , 1127.98 , 760.06 
 0.00 , 432.29 , 289.13 
 0.00 , 151.09 , 100.75 
 0.00 , 186.11 , 124.15 
 0.00 , 123.33 , 82.22 
 0.00 , 295.54 , 197.38 
 0.00 , 1149.34 , 774.62 
3797.38 , 1865.04 , 4802.45 
 0.00 , 1608.22 , 1089.24 
 0.00 , 1760.42 , 1194.28 
 0.00 , 1849.54 , 1255.95 
 0.00 , 1935.02 , 1315.21 
 0.00 ,  0.00 ,  0.00 
 0.00 ,  0.00 ,  0.00 
 0.00 ,  0.00 ,  0.00 
 0.00 ,  0.00 ,  0.00 
 0.00 ,  0.00 ,  0.00 
 0.00 ,  0.00 ,  0.00 
 0.00 , 23.03 , 15.34 
 0.00 , 592.55 , 397.00 
4096.34 , 10290.79 , 11669.60 
 0.00 , 4670.06 , 3270.69 
 0.00 , 2266.54 , 1546.07 
 0.00 , 753.30 , 505.56 
 0.00 , 181.30 , 120.94 
 0.00 , 66.81 , 44.52 
 0.00 , 65.37 , 43.55 
 0.00 , 97.40 , 64.91 
3836.72 , 194.26 , 3697.80 
 0.00 , 498.49 , 333.64 
 0.00 , 1555.03 , 1052.62 
 0.00 , 2297.30 , 1567.57 
 0.00 , 2063.80 , 1404.69 
 0.00 , 2167.39 , 1476.85 
 0.00 , 2268.47 , 1547.42 
 0.00 , 2365.35 , 1615.20 
3767.28 ,  0.00 , 3503.57 
 0.00 ,  0.00 ,  0.00 
 0.00 ,  0.00 ,  0.00 
 0.00 ,  0.00 ,  0.00 
 0.00 ,  0.00 ,  0.00 
 0.00 ,  0.00 ,  0.00 
 0.00 , 323.69 , 216.25 
 0.00 , 920.17 , 618.65 
 0.00 , 10426.46 , 7801.46 
 0.00 , 4438.55 , 3100.57 
 0.00 , 3390.76 , 2341.43 
 0.00 , 3284.90 , 2265.70 
3876.41 , 2934.63 , 5632.37 
 0.00 , 2310.84 , 1577.05 
 0.00 , 1413.66 , 955.47 
 0.00 , 1206.65 , 813.75 
 0.00 , 1689.55 , 1145.33 
 0.00 , 2217.48 , 1511.80 
 0.00 , 2606.89 , 1784.81 
 0.00 , 2792.41 , 1915.69 
 0.00 , 2399.57 , 1639.17 
3887.99 , 2436.58 , 5288.43 
 0.00 , 2437.90 , 1666.05 
 0.00 , 2494.95 , 1706.09 
 0.00 ,  0.00 ,  0.00 
 0.00 ,  0.00 ,  0.00 
 0.00 ,  0.00 ,  0.00 
 0.00 ,  0.00 ,  0.00 
 0.00 ,  0.00 ,  0.00 
 0.00 ,  0.00 ,  0.00 
 0.00 , 303.39 , 202.65 
 0.00 , 1010.39 , 679.96 
 0.00 , 10492.53 , 7857.06 
 0.00 , 4479.19 , 3130.37 
4208.19 , 1937.25 , 5235.50 
 0.00 , 541.19 , 362.39 
 0.00 , 36.79 , 24.50 
 0.00 ,  0.00 ,  0.00 
 0.00 ,  0.00 ,  0.00 
 0.00 ,  0.00 ,  0.00 
 0.00 ,  0.00 ,  0.00 
 0.00 ,  0.00 ,  0.00 
 0.00 , 100.78 , 67.17 
3797.38 , 831.98 , 4091.21 
 0.00 , 1226.74 , 827.48 
 0.00 , 1335.36 , 901.79 
 0.00 , 1501.94 , 1016.10 
 0.00 , 1601.11 , 1084.35 
 0.00 ,  0.00 ,  0.00 
 0.00 ,  0.00 ,  0.00 
 0.00 ,  0.00 ,  0.00 
 0.00 ,  0.00 ,  0.00 
 0.00 ,  0.00 ,  0.00 
 0.00 ,  0.00 ,  0.00 
 0.00 ,  0.00 ,  0.00 
 0.00 ,  0.00 ,  0.00 
4096.34 , 9293.00 , 10807.62 
 0.00 , 3456.35 , 2388.44 
 0.00 , 3257.72 , 2246.29 
 0.00 , 3047.51 , 2096.52 
 0.00 , 2415.79 , 1650.54 
 0.00 , 2022.25 , 1375.79 
 0.00 , 1918.57 , 1303.79 
 0.00 , 1691.80 , 1146.88 
3836.72 , 1036.26 , 4267.00 
 0.00 , 900.88 , 605.56 
 0.00 , 1619.82 , 1097.24 
 0.00 , 1965.23 , 1336.18 
 0.00 , 1667.29 , 1129.97 
 0.00 , 1719.06 , 1165.71 
 0.00 , 1774.46 , 1203.99 
 0.00 , 1834.01 , 1245.20 
3767.28 ,  0.00 , 3503.57 
 0.00 ,  0.00 ,  0.00 
 0.00 ,  0.00 ,  0.00 
 0.00 ,  0.00 ,  0.00 
 0.00 ,  0.00 ,  0.00 
 0.00 ,  0.00 ,  0.00 
 0.00 ,  0.00 ,  0.00 
 0.00 , 164.46 , 109.69 
 0.00 , 10295.52 , 7691.52 
 0.00 , 4185.61 , 2915.70 
 0.00 , 3293.85 , 2272.10 
 0.00 , 2157.44 , 1469.91 
3876.41 , 1124.45 , 4364.25 
 0.00 , 676.13 , 453.40 
 0.00 , 822.83 , 552.64 
 0.00 , 1128.77 , 760.60 
 0.00 , 1318.01 , 889.91 
 0.00 , 1493.01 , 1009.96 
 0.00 , 1808.30 , 1227.40 
 0.00 , 2327.02 , 1588.36 
 0.00 , 2022.23 , 1375.78 
3887.99 , 2012.15 , 4989.64 
 0.00 , 2084.67 , 1419.21 
 0.00 , 2151.83 , 1466.00 
 0.00 ,  0.00 ,  0.00 
 0.00 ,  0.00 ,  0.00 
 0.00 ,  0.00 ,  0.00 
 0.00 ,  0.00 ,  0.00 
 0.00 ,  0.00 ,  0.00 
 0.00 ,  0.00 ,  0.00 
 0.00 ,  0.00 ,  0.00 
 0.00 , 207.57 , 138.50 
 0.00 , 10288.99 , 7686.05 
 0.00 , 4141.03 , 2883.22 
4208.19 , 2724.62 , 5791.75 
 0.00 , 1675.85 , 1135.88 
 0.00 , 1930.90 , 1312.35 
 0.00 , 2151.62 , 1465.85 
 0.00 , 1450.32 , 980.64 
 0.00 , 1305.08 , 881.06 
 0.00 , 1397.53 , 944.41 
 0.00 , 1836.91 , 1247.20 
 0.00 , 2398.74 , 1638.59 
3797.38 , 2486.54 , 5239.33 
 0.00 , 2140.69 , 1458.23 
 0.00 , 2188.27 , 1491.41 
 0.00 , 2243.81 , 1530.19 
 0.00 , 2304.88 , 1572.87 
 0.00 ,  0.00 ,  0.00 
 0.00 ,  0.00 ,  0.00 
 0.00 ,  0.00 ,  0.00 
 0.00 ,  0.00 ,  0.00 
 0.00 ,  0.00 ,  0.00 
 0.00 ,  0.00 ,  0.00 
 0.00 , 281.87 , 188.22 
 0.00 , 844.45 , 567.29 
4096.34 , 10290.79 , 11669.60 
 0.00 , 4719.53 , 3307.16 
 0.00 , 3478.62 , 2404.41 
 0.00 , 1337.98 , 903.59 
 0.00 , 36.70 , 24.45 
 0.00 ,  0.00 ,  0.00 
 0.00 ,  0.00 ,  0.00 
 0.00 ,  0.00 ,  0.00 
3836.72 ,  0.00 , 3568.15 
 0.00 , 53.60 , 35.71 
 0.00 , 498.43 , 333.60 
 0.00 , 1794.25 , 1217.68 
 0.00 , 1512.83 , 1023.59 
 0.00 , 1606.76 , 1088.24 
 0.00 , 1697.88 , 1151.08 
 0.00 , 1786.36 , 1212.22 
3767.28 ,  0.00 , 3503.57 
 0.00 ,  0.00 ,  0.00 
 0.00 ,  0.00 ,  0.00 
 0.00 ,  0.00 ,  0.00 
 0.00 ,  0.00 ,  0.00 
 0.00 ,  0.00 ,  0.00 
 0.00 ,  0.00 ,  0.00 
 0.00 ,  0.00 ,  0.00 
 0.00 , 10131.36 , 7554.18 
 0.00 , 3966.53 , 2756.41 
 0.00 , 3419.79 , 2362.22 
 0.00 , 2606.84 , 1784.77 
3876.41 , 1135.72 , 4371.96 
 0.00 , 345.16 , 230.64 
 0.00 , 66.55 , 44.34 
 0.00 , 61.77 , 41.15 
 0.00 , 59.51 , 39.64 
 0.00 , 162.94 , 108.67 
 0.00 , 403.96 , 270.10 
 0.00 , 1199.46 , 808.84 
 0.00 , 1262.02 , 851.59 
3887.99 , 1350.90 , 4530.50 
 0.00 , 1437.82 , 972.06 
 0.00 , 1519.51 , 1028.18 
 0.00 ,  0.00 ,  0.00 
 0.00 ,  0.00 ,  0.00 
 0.00 ,  0.00 ,  0.00 
 0.00 ,  0.00 ,  0.00 
 0.00 ,  0.00 ,  0.00 
 0.00 ,  0.00 ,  0.00 
 0.00 ,  0.00 ,  0.00 
 0.00 ,  0.00 ,  0.00 
 0.00 , 9470.62 , 7006.72 
 0.00 , 3535.64 , 2445.36 
4165.94 , 1087.29 , 4608.20 
 0.00 , 253.81 , 169.44 
 0.00 , 30.94 , 20.60 
 0.00 , 112.22 , 74.81 
 0.00 , 396.74 , 265.26 
 0.00 , 910.69 , 612.22 
 0.00 , 1161.38 , 782.84 
 0.00 , 1319.60 , 891.00 
 0.00 , 1596.71 , 1081.32 
 0.00 , 1832.28 , 1244.00 
4331.32 , 1522.03 , 5061.29 
 0.00 , 1587.46 , 1074.94 
 0.00 , 1655.50 , 1121.84 
 0.00 , 1725.23 , 1169.97 
 0.00 ,  0.00 ,  0.00 
 0.00 ,  0.00 ,  0.00 
 0.00 ,  0.00 ,  0.00 
 0.00 ,  0.00 ,  0.00 
 0.00 ,  0.00 ,  0.00 
 0.00 ,  0.00 ,  0.00 
 0.00 ,  0.00 ,  0.00 
 0.00 ,  0.00 ,  0.00 
 0.00 , 10092.61 , 7521.84 
4050.76 , 3797.34 , 6420.82 
 0.00 , 1503.42 , 1017.12 
 0.00 , 796.16 , 534.57 
 0.00 , 115.95 , 77.29 
 0.00 ,  0.00 ,  0.00 
 0.00 ,  0.00 ,  0.00 
 0.00 ,  0.00 ,  0.00 
 0.00 ,  0.00 ,  0.00 
 0.00 ,  0.00 ,  0.00 
3891.19 ,  0.00 , 3618.81 
 0.00 , 157.88 , 105.29 
 0.00 , 694.29 , 465.67 
 0.00 , 1039.99 , 700.11 
 0.00 , 1151.24 , 775.92 
 0.00 , 1322.37 , 892.90 
 0.00 ,  0.00 ,  0.00 
 0.00 ,  0.00 ,  0.00 
 0.00 ,  0.00 ,  0.00 
 0.00 ,  0.00 ,  0.00 
 0.00 ,  0.00 ,  0.00 
 0.00 ,  0.00 ,  0.00 
 0.00 ,  0.00 ,  0.00 
 0.00 ,  0.00 ,  0.00 
4457.95 , 9228.40 , 11103.53 
 0.00 , 3383.69 , 2336.36 
 0.00 , 2883.44 , 1980.10 
 0.00 , 2738.93 , 1877.90 
 0.00 , 1709.41 , 1159.04 
 0.00 , 656.58 , 440.19 
 0.00 , 770.95 , 517.50 
 0.00 , 891.64 , 599.29 
3774.75 , 1062.30 , 4227.14 
 0.00 , 1511.52 , 1022.69 
 0.00 , 1876.28 , 1274.48 
 0.00 , 1972.95 , 1341.54 
 0.00 , 1667.96 , 1130.44 
 0.00 , 1722.19 , 1167.87 
 0.00 , 1785.11 , 1211.36 
 0.00 , 1783.11 , 1209.98 
 0.00 ,  0.00 ,  0.00 
3817.44 ,  0.00 , 3550.22 
 0.00 ,  0.00 ,  0.00 
 0.00 ,  0.00 ,  0.00 
 0.00 ,  0.00 ,  0.00 
 0.00 ,  0.00 ,  0.00 
 0.00 ,  0.00 ,  0.00 
 0.00 , 21.85 , 14.55 
 0.00 , 10228.87 , 7635.70 
 0.00 , 4037.97 , 2808.27 
 0.00 , 3791.00 , 2629.35 
 0.00 , 3654.06 , 2530.55 
 0.00 , 3493.56 , 2415.14 
4128.73 , 3184.05 , 6047.39 
 0.00 , 2953.74 , 2029.93 
 0.00 , 2718.73 , 1863.64 
 0.00 , 2571.51 , 1759.91 
 0.00 , 2883.29 , 1979.99 
 0.00 , 3104.75 , 2137.23 
 0.00 , 3060.77 , 2105.94 
 0.00 , 2630.47 , 1801.41 
 0.00 , 2659.86 , 1822.13 
3907.23 , 2623.96 , 5439.31 
 0.00 , 2617.71 , 1792.42 
 0.00 ,  0.00 ,  0.00 
 0.00 ,  0.00 ,  0.00 
 0.00 ,  0.00 ,  0.00 
 0.00 ,  0.00 ,  0.00 
 0.00 ,  0.00 ,  0.00 
 0.00 ,  3.31 ,  2.21 
 0.00 , 453.90 , 303.66 
 0.00 , 901.18 , 605.76 
 0.00 , 10384.42 , 7766.13 
 0.00 , 4347.34 , 3033.79 
 0.00 , 4098.19 , 2852.05 
4155.42 , 3948.06 , 6629.58 
 0.00 , 3173.59 , 2186.26 
 0.00 , 2490.15 , 1702.72 
 0.00 , 1959.12 , 1331.94 
 0.00 , 1741.89 , 1181.48 
 0.00 , 2076.68 , 1413.66 
 0.00 , 2338.26 , 1596.23 
 0.00 , 2643.06 , 1810.28 
 0.00 , 2742.01 , 1880.08 
3821.92 , 2359.96 , 5172.67 
 0.00 , 2403.05 , 1641.61 
 0.00 , 2379.38 , 1625.02 
 0.00 , 2425.53 , 1657.37 
 0.00 ,  0.00 ,  0.00 
 0.00 ,  0.00 ,  0.00 
 0.00 ,  0.00 ,  0.00 
 0.00 ,  0.00 ,  0.00 
 0.00 ,  0.00 ,  0.00 
 0.00 ,  0.00 ,  0.00 
 0.00 , 482.34 , 322.78 
 0.00 , 1166.00 , 786.00 
 0.00 , 10496.02 , 7860.00 
4050.76 , 4579.88 , 7000.71 
 0.00 , 2935.97 , 2017.33 
 0.00 , 2196.04 , 1496.83 
 0.00 , 2216.47 , 1511.10 
 0.00 , 2266.54 , 1546.07 
 0.00 , 2045.13 , 1391.70 
 0.00 , 1727.39 , 1171.46 
 0.00 , 1777.72 , 1206.25 
 0.00 , 2158.93 , 1470.95 
3891.19 , 2405.07 , 5269.12 
 0.00 , 2764.86 , 1896.22 
 0.00 , 2506.44 , 1714.16 
 0.00 , 2563.69 , 1754.41 
 0.00 , 2624.85 , 1797.45 
 0.00 , 2686.94 , 1841.21 
 0.00 ,  0.00 ,  0.00 
 0.00 ,  0.00 ,  0.00 
 0.00 ,  0.00 ,  0.00 
 0.00 ,  0.00 ,  0.00 
 0.00 ,  0.00 ,  0.00 
 0.00 , 466.94 , 312.43 
 0.00 , 1066.19 , 717.95 
 0.00 , 1426.00 , 963.94 
4457.95 , 10269.54 , 12005.89 
 0.00 , 4760.44 , 3337.35 
 0.00 , 2248.81 , 1533.68 
 0.00 , 744.87 , 499.86 
 0.00 , 217.52 , 145.16 
 0.00 , 103.16 , 68.76 
 0.00 , 22.83 , 15.21 
 0.00 ,  0.00 ,  0.00 
3774.75 ,  0.00 , 3510.51 
 0.00 , 18.37 , 12.23 
 0.00 , 238.35 , 159.09 
 0.00 , 990.18 , 666.22 
 0.00 , 1507.66 , 1020.03 
 0.00 , 1625.95 , 1101.47 
 0.00 , 1796.10 , 1218.96 
 0.00 , 1895.38 , 1287.72 
 0.00 ,  0.00 ,  0.00 
3817.44 ,  0.00 , 3550.22 
 0.00 ,  0.00 ,  0.00 
 0.00 ,  0.00 ,  0.00 
 0.00 ,  0.00 ,  0.00 
 0.00 ,  0.00 ,  0.00 
 0.00 , 90.19 , 60.10 
 0.00 , 895.84 , 602.14 
 0.00 , 10496.02 , 7860.00 
 0.00 , 4749.05 , 3328.94 
 0.00 , 3675.93 , 2546.31 
 0.00 , 2918.05 , 2004.62 
 0.00 , 1208.10 , 814.74 
4128.73 , 194.08 , 3969.25 
 0.00 , 74.46 , 49.61 
 0.00 , 120.91 , 80.60 
 0.00 , 295.29 , 197.22 
 0.00 , 582.01 , 389.89 
 0.00 , 1676.43 , 1136.28 
 0.00 , 2265.02 , 1545.00 
 0.00 , 2040.83 , 1388.71 
 0.00 , 2130.79 , 1451.34 
3907.23 , 2208.58 , 5145.45 
 0.00 , 2300.46 , 1569.78 
 0.00 ,  0.00 ,  0.00 
 0.00 ,  0.00 ,  0.00 
 0.00 ,  0.00 ,  0.00 
 0.00 ,  0.00 ,  0.00 
 0.00 ,  0.00 ,  0.00 
 0.00 ,  0.00 ,  0.00 
 0.00 , 226.67 , 151.28 
 0.00 , 846.35 , 568.58 
 0.00 , 10462.56 , 7831.83 
 0.00 , 4636.16 , 3245.73 
 0.00 , 4517.83 , 3158.73 
4155.42 , 4259.80 , 6860.19 
 0.00 , 3810.16 , 2643.19 
 0.00 , 3239.02 , 2232.93 
 0.00 , 2470.73 , 1689.09 
 0.00 , 2364.53 , 1614.62 
 0.00 , 2275.47 , 1552.31 
 0.00 , 1949.50 , 1325.26 
 0.00 , 2374.83 , 1621.83 
 0.00 , 2748.31 , 1884.53 
3821.92 , 2455.99 , 5240.57 
 0.00 , 2515.43 , 1720.48 
 0.00 , 2566.97 , 1756.71 
 0.00 , 2555.91 , 1748.93 
 0.00 ,  0.00 ,  0.00 
 0.00 ,  0.00 ,  0.00 
 0.00 ,  0.00 ,  0.00 
 0.00 ,  0.00 ,  0.00 
 0.00 ,  0.00 ,  0.00 
 0.00 ,  0.00 ,  0.00 
 0.00 , 626.99 , 420.23 
 0.00 , 1204.79 , 812.48 
 0.00 , 10442.80 , 7815.20 
4050.76 , 4384.77 , 6855.01 
 0.00 , 3396.66 , 2345.65 
 0.00 , 2494.33 , 1705.66 
 0.00 , 1251.71 , 844.54 
 0.00 , 1089.62 , 733.91 
 0.00 , 1645.48 , 1114.93 
 0.00 , 1828.45 , 1241.35 
 0.00 , 2037.88 , 1386.66 
 0.00 , 2229.92 , 1520.49 
3891.19 , 2612.04 , 5415.88 
 0.00 , 2749.19 , 1885.15 
 0.00 , 2400.66 , 1639.93 
 0.00 , 2378.72 , 1624.56 
 0.00 , 2427.79 , 1658.96 
 0.00 , 2482.66 , 1697.46 
 0.00 ,  0.00 ,  0.00 
 0.00 ,  0.00 ,  0.00 
 0.00 ,  0.00 ,  0.00 
 0.00 ,  0.00 ,  0.00 
 0.00 ,  0.00 ,  0.00 
 0.00 ,  0.00 ,  0.00 
 0.00 , 497.99 , 333.31 
 0.00 , 1032.71 , 695.15 
4457.95 , 10189.70 , 11935.73 
 0.00 , 4384.60 , 3061.06 
 0.00 , 3851.25 , 2672.91 
 0.00 , 3296.35 , 2273.88 
 0.00 , 2718.44 , 1863.44 
 0.00 , 1986.35 , 1350.85 
 0.00 , 1085.63 , 731.19 
 0.00 , 632.43 , 423.90 
3774.75 , 1135.69 , 4277.35 
 0.00 , 1764.53 , 1197.13 
 0.00 , 2308.29 , 1575.26 
 0.00 , 2411.55 , 1647.57 
 0.00 , 2076.36 , 1413.43 
 0.00 , 2120.54 , 1444.19 
 0.00 , 2171.04 , 1479.40 
 0.00 , 2226.65 , 1518.20 
 0.00 ,  0.00 ,  0.00 
3817.44 ,  0.00 , 3550.22 
 0.00 ,  0.00 ,  0.00 
 0.00 ,  0.00 ,  0.00 
 0.00 ,  0.00 ,  0.00 
 0.00 ,  0.00 ,  0.00 
 0.00 , 399.17 , 266.89 
 0.00 , 1042.92 , 702.10 
 0.00 , 10496.02 , 7860.00 
 0.00 , 4559.08 , 3189.03 
 0.00 , 2870.39 , 1970.85 
 0.00 , 2279.29 , 1554.98 
 0.00 , 1336.97 , 902.89 
4128.73 , 1045.48 , 4545.00 
 0.00 , 886.42 , 595.75 
 0.00 , 1090.83 , 734.73 
 0.00 , 1476.54 , 998.64 
 0.00 , 1481.24 , 1001.88 
 0.00 , 1977.53 , 1344.72 
 0.00 , 2497.85 , 1708.13 
 0.00 , 2221.95 , 1514.92 
 0.00 , 2288.80 , 1561.63 
3907.23 , 2346.02 , 5242.34 
 0.00 , 2492.22 , 1704.17 
 0.00 ,  0.00 ,  0.00 
 0.00 ,  0.00 ,  0.00 
 0.00 ,  0.00 ,  0.00 
 0.00 ,  0.00 ,  0.00 
 0.00 ,  0.00 ,  0.00 
 0.00 , 109.28 , 72.84 
 0.00 , 634.43 , 425.25 
 0.00 , 1241.63 , 837.65 
 0.00 , 10496.02 , 7860.00 
 0.00 , 4690.40 , 3285.68 
 0.00 , 2175.93 , 1482.80 
4155.42 , 149.76 , 3964.44 
 0.00 ,  0.00 ,  0.00 
 0.00 ,  0.00 ,  0.00 
 0.00 ,  0.00 ,  0.00 
 0.00 ,  0.00 ,  0.00 
 0.00 ,  0.00 ,  0.00 
 0.00 ,  0.00 ,  0.00 
 0.00 ,  0.00 ,  0.00 
 0.00 ,  0.00 ,  0.00 
3821.92 , 99.47 , 3620.69 
 0.00 , 983.94 , 661.98 
 0.00 , 1253.74 , 845.94 
 0.00 , 1441.38 , 974.50 
 0.00 ,  0.00 ,  0.00 
 0.00 ,  0.00 ,  0.00 
 0.00 ,  0.00 ,  0.00 
 0.00 ,  0.00 ,  0.00 
 0.00 ,  0.00 ,  0.00 
 0.00 ,  0.00 ,  0.00 
 0.00 ,  0.00 ,  0.00 
 0.00 , 244.45 , 163.17 
 0.00 , 10476.50 , 7843.57 
4050.76 , 4465.13 , 6914.93 
 0.00 , 3713.24 , 2573.21 
 0.00 , 3148.01 , 2168.03 
 0.00 , 2066.59 , 1406.63 
 0.00 , 735.02 , 493.20 
 0.00 , 110.89 , 73.91 
 0.00 , 273.69 , 182.75 
 0.00 , 380.11 , 254.09 
 0.00 , 1031.97 , 694.65 
3891.19 , 2194.84 , 5120.84 
 0.00 , 2805.52 , 1924.96 
 0.00 , 2746.74 , 1883.42 
 0.00 , 2865.56 , 1967.44 
 0.00 , 2974.89 , 2044.94 
 0.00 , 3146.64 , 2167.06 
 0.00 ,  0.00 ,  0.00 
 0.00 ,  0.00 ,  0.00 
 0.00 ,  0.00 ,  0.00 
 0.00 ,  0.00 ,  0.00 
 0.00 , 245.51 , 163.88 
 0.00 , 915.74 , 615.65 
 0.00 , 1454.85 , 983.75 
 0.00 , 1600.43 , 1083.88 
4457.95 , 10269.54 , 12005.89 
 0.00 , 4899.67 , 3440.29 
 0.00 , 2435.03 , 1664.03 
 0.00 , 730.78 , 490.33 
 0.00 , 29.48 , 19.64 
 0.00 ,  0.00 ,  0.00 
 0.00 ,  0.00 ,  0.00 
 0.00 ,  0.00 ,  0.00 
3774.75 ,  0.00 , 3510.51 
 0.00 , 52.62 , 35.05 
 0.00 , 468.81 , 313.68 
 0.00 , 1701.86 , 1153.83 
 0.00 , 2089.75 , 1422.75 
 0.00 , 2236.47 , 1525.06 
 0.00 , 2361.57 , 1612.55 
 0.00 , 2545.58 , 1741.67 
 0.00 ,  0.00 ,  0.00 
3817.44 ,  0.00 , 3550.22 
 0.00 ,  0.00 ,  0.00 
 0.00 ,  0.00 ,  0.00 
 0.00 ,  0.00 ,  0.00 
 0.00 , 205.43 , 137.07 
 0.00 , 834.26 , 560.38 
 0.00 , 1173.11 , 790.84 
 0.00 , 10483.73 , 7849.65 
 0.00 , 4479.40 , 3130.53 
 0.00 , 2603.63 , 1782.51 
 0.00 , 1414.57 , 956.09 
 0.00 , 1079.25 , 726.84 
4128.73 , 150.41 , 3940.05 
 0.00 ,  0.00 ,  0.00 
 0.00 ,  0.00 ,  0.00 
 0.00 ,  0.00 ,  0.00 
 0.00 ,  0.00 ,  0.00 
 0.00 , 18.14 , 12.08 
 0.00 , 401.08 , 268.17 
 0.00 , 718.86 , 482.27 
 0.00 , 1146.42 , 772.63 
3907.23 , 1246.68 , 4476.74 
 0.00 , 1343.23 , 907.18 
 0.00 ,  0.00 ,  0.00 
 0.00 ,  0.00 ,  0.00 
 0.00 ,  0.00 ,  0.00 
 0.00 ,  0.00 ,  0.00 
 0.00 ,  0.00 ,  0.00 
 0.00 ,  0.00 ,  0.00 
 0.00 ,  0.00 ,  0.00 
 0.00 ,  0.00 ,  0.00 
 0.00 , 9234.93 , 6813.49 
 0.00 , 3294.71 , 2272.71 
 0.00 , 2705.87 , 1854.57 
4155.42 , 2053.91 , 5268.05 
 0.00 , 1435.13 , 970.21 
 0.00 , 1155.90 , 779.10 
 0.00 , 1210.50 , 816.38 
 0.00 , 856.94 , 575.75 
 0.00 , 798.94 , 536.46 
 0.00 , 1274.94 , 860.43 
 0.00 , 1355.47 , 915.57 
 0.00 , 1625.22 , 1100.96 
3821.92 , 1459.57 , 4543.95 
 0.00 , 1525.62 , 1032.38 
 0.00 , 1656.88 , 1122.79 
 0.00 , 1724.97 , 1169.79 
 0.00 ,  0.00 ,  0.00 
 0.00 ,  0.00 ,  0.00 
 0.00 ,  0.00 ,  0.00 
 0.00 ,  0.00 ,  0.00 
 0.00 ,  0.00 ,  0.00 
 0.00 ,  0.00 ,  0.00 
 0.00 ,  0.00 ,  0.00 
 0.00 , 184.13 , 122.83 
 0.00 , 10313.26 , 7706.40 
4050.76 , 3912.26 , 6505.24 
 0.00 , 2391.96 , 1633.84 
 0.00 , 1951.02 , 1326.31 
 0.00 , 1249.27 , 842.88 
 0.00 , 442.06 , 295.70 
 0.00 , 16.92 , 11.27 
 0.00 ,  0.00 ,  0.00 
 0.00 , 19.37 , 12.90 
 0.00 , 710.19 , 476.41 
3891.19 , 1274.42 , 4480.88 
 0.00 , 1739.90 , 1180.10 
 0.00 , 1516.15 , 1025.87 
 0.00 , 1594.79 , 1079.99 
 0.00 , 1672.99 , 1133.91 
 0.00 , 1681.85 , 1140.02 
 0.00 ,  0.00 ,  0.00 
 0.00 ,  0.00 ,  0.00 
 0.00 ,  0.00 ,  0.00 
 0.00 ,  0.00 ,  0.00 
 0.00 ,  0.00 ,  0.00 
 0.00 ,  0.00 ,  0.00 
 0.00 ,  0.00 ,  0.00 
 0.00 ,  0.00 ,  0.00 
4457.95 , 9667.75 , 11481.00 
 0.00 , 3600.46 , 2491.96 
 0.00 , 2975.50 , 2045.37 
 0.00 , 2750.60 , 1886.14 
 0.00 , 2473.55 , 1691.06 
 0.00 , 2478.06 , 1694.23 
 0.00 , 1509.73 , 1021.46 
 0.00 , 453.25 , 303.22 
3774.75 , 995.07 , 4181.22 
 0.00 , 1622.51 , 1099.09 
 0.00 , 1871.88 , 1271.43 
 0.00 , 2069.49 , 1408.65 
 0.00 , 1734.51 , 1176.38 
 0.00 , 1782.19 , 1209.34 
 0.00 , 1837.92 , 1247.90 
 0.00 , 1829.12 , 1241.81 
 0.00 ,  0.00 ,  0.00 
3817.44 ,  0.00 , 3550.22 
 0.00 ,  0.00 ,  0.00 
 0.00 ,  0.00 ,  0.00 
 0.00 ,  0.00 ,  0.00 
 0.00 ,  0.00 ,  0.00 
 0.00 ,  0.00 ,  0.00 
 0.00 ,  0.00 ,  0.00 
 0.00 , 9850.87 , 7320.74 
 0.00 , 3607.63 , 2497.12 
 0.00 , 3079.04 , 2118.94 
 0.00 , 2535.39 , 1734.51 
 0.00 , 2096.88 , 1427.71 
4128.73 , 1400.34 , 4788.64 
 0.00 , 676.00 , 453.31 
 0.00 , 354.22 , 236.72 
 0.00 , 743.58 , 498.99 
 0.00 , 1396.84 , 943.93 
 0.00 , 1645.26 , 1114.78 
 0.00 , 1919.49 , 1304.44 
 0.00 , 1553.95 , 1051.87 
 0.00 , 1602.59 , 1085.36 
3907.23 , 1654.37 , 4758.18 
 0.00 , 1718.30 , 1165.18 
 0.00 ,  0.00 ,  0.00 
 0.00 ,  0.00 ,  0.00 
 0.00 ,  0.00 ,  0.00 
 0.00 ,  0.00 ,  0.00 
 0.00 ,  0.00 ,  0.00 
 0.00 ,  0.00 ,  0.00 
 0.00 ,  0.00 ,  0.00 
 0.00 ,  0.00 ,  0.00 
 0.00 , 9917.27 , 7375.86 
 0.00 , 3471.16 , 2399.06 
 0.00 , 1221.91 , 824.18 
4155.42 ,  0.00 , 3864.54 
 0.00 ,  0.00 ,  0.00 
 0.00 ,  0.00 ,  0.00 
 0.00 ,  0.00 ,  0.00 
 0.00 ,  0.00 ,  0.00 
 0.00 ,  0.00 ,  0.00 
 0.00 ,  0.00 ,  0.00 
 0.00 ,  0.00 ,  0.00 
 0.00 ,  0.00 ,  0.00 
3821.92 ,  0.00 , 3554.39 
 0.00 , 300.42 , 200.65 
 0.00 , 542.44 , 363.23 
 0.00 , 820.97 , 551.37 
 0.00 ,  0.00 ,  0.00 
 0.00 ,  0.00 ,  0.00 
 0.00 ,  0.00 ,  0.00 
 0.00 ,  0.00 ,  0.00 
 0.00 ,  0.00 ,  0.00 
 0.00 ,  0.00 ,  0.00 
 0.00 ,  0.00 ,  0.00 
 0.00 ,  0.00 ,  0.00 
 0.00 , 8676.61 , 6359.97 
4050.76 , 2672.20 , 5607.52 
 0.00 ,  0.00 ,  0.00 
 0.00 ,  0.00 ,  0.00 
 0.00 ,  0.00 ,  0.00 
 0.00 ,  0.00 ,  0.00 
 0.00 ,  0.00 ,  0.00 
 0.00 ,  0.00 ,  0.00 
 0.00 ,  0.00 ,  0.00 
 0.00 ,  0.00 ,  0.00 
3891.19 ,  0.00 , 3618.81 
 0.00 ,  0.00 ,  0.00 
 0.00 ,  0.00 ,  0.00 
 0.00 ,  0.00 ,  0.00 
 0.00 , 358.19 , 239.38 
 0.00 , 518.10 , 346.84 
 0.00 ,  0.00 ,  0.00 
 0.00 ,  0.00 ,  0.00 
 0.00 ,  0.00 ,  0.00 
 0.00 ,  0.00 ,  0.00 
 0.00 ,  0.00 ,  0.00 
 0.00 ,  0.00 ,  0.00 
 0.00 ,  0.00 ,  0.00 
 0.00 ,  0.00 ,  0.00 
4457.95 , 9225.57 , 11101.11 
 0.00 , 3322.29 , 2292.43 
 0.00 , 979.03 , 658.64 
 0.00 ,  0.00 ,  0.00 
 0.00 ,  0.00 ,  0.00 
 0.00 ,  0.00 ,  0.00 
 0.00 ,  0.00 ,  0.00 
 0.00 ,  0.00 ,  0.00 
3774.75 ,  0.00 , 3510.51 
 0.00 ,  0.00 ,  0.00 
 0.00 ,  0.00 ,  0.00 
 0.00 ,  0.00 ,  0.00 
 0.00 ,  0.00 ,  0.00 
 0.00 ,  0.00 ,  0.00 
 0.00 ,  0.00 ,  0.00 
 0.00 ,  0.00 ,  0.00 
 0.00 ,  0.00 ,  0.00 
3817.44 ,  0.00 , 3550.22 
 0.00 ,  0.00 ,  0.00 
 0.00 ,  0.00 ,  0.00 
 0.00 ,  0.00 ,  0.00 
 0.00 ,  0.00 ,  0.00 
 0.00 ,  0.00 ,  0.00 
 0.00 ,  0.00 ,  0.00 
 0.00 , 7442.69 , 5378.29 
 0.00 , 2298.51 , 1568.42 
 0.00 ,  0.00 ,  0.00 
 0.00 ,  0.00 ,  0.00 
 0.00 ,  0.00 ,  0.00 
4128.73 ,  0.00 , 3839.72 
 0.00 ,  0.00 ,  0.00 
 0.00 ,  0.00 ,  0.00 
 0.00 ,  0.00 ,  0.00 
 0.00 ,  0.00 ,  0.00 
 0.00 ,  0.00 ,  0.00 
 0.00 ,  0.00 ,  0.00 
 0.00 ,  0.00 ,  0.00 
 0.00 ,  0.00 ,  0.00 
3907.23 ,  0.00 , 3633.72 
 0.00 ,  0.00 ,  0.00 
 0.00 ,  0.00 ,  0.00 
 0.00 ,  0.00 ,  0.00 
 0.00 ,  0.00 ,  0.00 
 0.00 ,  0.00 ,  0.00 
 0.00 ,  0.00 ,  0.00 
 0.00 ,  0.00 ,  0.00 
 0.00 ,  0.00 ,  0.00 
 0.00 ,  0.00 ,  0.00 
 0.00 , 5946.39 , 4224.52 
 0.00 , 2008.98 , 1366.56 
 0.00 , 513.94 , 344.04 
4155.42 ,  0.00 , 3864.54 
 0.00 ,  0.00 ,  0.00 
 0.00 ,  0.00 ,  0.00 
 0.00 ,  0.00 ,  0.00 
 0.00 ,  0.71 ,  0.47 
 0.00 , 354.59 , 236.97 
 0.00 , 433.79 , 290.14 
 0.00 , 701.22 , 470.35 
 0.00 , 778.75 , 522.78 
3821.92 , 594.25 , 3952.95 
 0.00 , 737.67 , 494.99 
 0.00 , 760.93 , 510.73 
 0.00 , 849.18 , 570.49 
 0.00 ,  0.00 ,  0.00 
 0.00 ,  0.00 ,  0.00 
 0.00 ,  0.00 ,  0.00 
 0.00 ,  0.00 ,  0.00 
 0.00 ,  0.00 ,  0.00 
 0.00 ,  0.00 ,  0.00 
 0.00 ,  0.00 ,  0.00 
 0.00 ,  0.00 ,  0.00 
 0.00 , 8129.98 , 5921.63 
4050.76 , 2987.23 , 5832.85 
 0.00 , 2636.58 , 1805.72 
 0.00 , 2403.80 , 1642.13 
 0.00 , 2112.00 , 1438.25 
 0.00 , 1736.91 , 1178.04 
 0.00 , 1390.83 , 939.81 
 0.00 , 804.32 , 540.10 
 0.00 , 625.62 , 419.30 
 0.00 , 931.24 , 626.17 
3891.19 , 1474.83 , 4618.96 
 0.00 , 1655.13 , 1121.58 
 0.00 , 1290.91 , 871.36 
 0.00 , 1280.66 , 864.35 
 0.00 , 1274.19 , 859.92 
 0.00 , 1337.91 , 903.54 
 0.00 ,  0.00 ,  0.00 
 0.00 ,  0.00 ,  0.00 
 0.00 ,  0.00 ,  0.00 
 0.00 ,  0.00 ,  0.00 
 0.00 ,  0.00 ,  0.00 
 0.00 ,  0.00 ,  0.00 
 0.00 ,  0.00 ,  0.00 
 0.00 ,  0.00 ,  0.00 
4457.95 , 7920.86 , 10007.76 
 0.00 , 2761.57 , 1893.89 
 0.00 , 2612.46 , 1788.73 
 0.00 , 2041.32 , 1389.05 
 0.00 , 1655.51 , 1121.85 
 0.00 , 1535.09 , 1038.90 
 0.00 , 1516.21 , 1025.91 
 0.00 , 1640.69 , 1111.63 
3774.75 , 1700.39 , 4666.78 
 0.00 , 1679.83 , 1138.62 
 0.00 , 1759.79 , 1193.85 
 0.00 , 1799.09 , 1221.03 
 0.00 , 1418.90 , 959.07 
 0.00 , 1386.72 , 936.99 
 0.00 , 1430.21 , 966.83 
 0.00 , 1483.05 , 1003.12 
 0.00 ,  0.00 ,  0.00 
3817.44 ,  0.00 , 3550.22 
 0.00 ,  0.00 ,  0.00 
 0.00 ,  0.00 ,  0.00 
 0.00 ,  0.00 ,  0.00 
 0.00 ,  0.00 ,  0.00 
 0.00 ,  0.00 ,  0.00 
 0.00 ,  0.00 ,  0.00 
 0.00 , 9199.44 , 6784.49 
 0.00 , 3098.42 , 2132.73 
 0.00 , 2342.31 , 1599.07 
 0.00 , 1415.87 , 956.99 
 0.00 , 963.26 , 647.92 
4128.73 , 902.05 , 4447.14 
 0.00 , 726.26 , 487.27 
 0.00 , 601.74 , 403.20 
 0.00 , 717.41 , 481.29 
 0.00 , 1107.67 , 746.21 
 0.00 , 1371.88 , 926.82 
 0.00 , 1447.12 , 978.44 
 0.00 , 1198.48 , 808.17 
 0.00 , 1251.82 , 844.62 
3907.23 , 1307.09 , 4518.26 
 0.00 , 1373.16 , 927.69 
 0.00 ,  0.00 ,  0.00 
 0.00 ,  0.00 ,  0.00 
 0.00 ,  0.00 ,  0.00 
 0.00 ,  0.00 ,  0.00 
 0.00 ,  0.00 ,  0.00 
 0.00 ,  0.00 ,  0.00 
 0.00 ,  0.00 ,  0.00 
 0.00 ,  0.00 ,  0.00 
 0.00 , 9208.40 , 6791.80 
 0.00 , 3083.10 , 2121.83 
 0.00 , 2730.71 , 1872.10 
4104.56 , 2377.67 , 5448.64 
 0.00 , 1827.79 , 1240.89 
 0.00 , 1473.37 , 996.47 
 0.00 , 1465.73 , 991.22 
 0.00 , 1712.59 , 1161.24 
 0.00 , 2021.16 , 1375.04 
 0.00 , 2181.64 , 1486.79 
 0.00 , 2303.09 , 1571.62 
 0.00 , 2278.38 , 1554.34 
3759.92 , 1935.93 , 4817.05 
 0.00 , 1904.78 , 1294.23 
 0.00 , 1953.06 , 1327.73 
 0.00 , 1943.02 , 1320.76 
 0.00 ,  0.00 ,  0.00 
 0.00 ,  0.00 ,  0.00 
 0.00 ,  0.00 ,  0.00 
 0.00 ,  0.00 ,  0.00 
 0.00 ,  0.00 ,  0.00 
 0.00 ,  0.00 ,  0.00 
 0.00 ,  0.00 ,  0.00 
 0.00 , 267.53 , 178.62 
 0.00 , 10369.24 , 7753.38 
3987.88 , 3825.26 , 6382.46 
 0.00 , 1781.28 , 1208.71 
 0.00 , 673.92 , 451.90 
 0.00 ,  0.00 ,  0.00 
 0.00 ,  0.00 ,  0.00 
 0.00 ,  0.00 ,  0.00 
 0.00 ,  0.00 ,  0.00 
 0.00 ,  0.00 ,  0.00 
 0.00 ,  0.00 ,  0.00 
3827.93 ,  1.94 , 3561.26 
 0.00 , 805.13 , 540.64 
 0.00 , 1178.60 , 794.59 
 0.00 , 1329.28 , 897.63 
 0.00 , 1501.08 , 1015.51 
 0.00 , 1602.31 , 1085.18 
 0.00 ,  0.00 ,  0.00 
 0.00 ,  0.00 ,  0.00 
 0.00 ,  0.00 ,  0.00 
 0.00 ,  0.00 ,  0.00 
 0.00 ,  0.00 ,  0.00 
 0.00 ,  0.00 ,  0.00 
 0.00 ,  0.00 ,  0.00 
 0.00 , 383.49 , 256.36 
4388.46 , 10185.72 , 11864.04 
 0.00 , 3684.57 , 2552.54 
 0.00 , 1424.61 , 962.99 
 0.00 , 594.48 , 398.30 
 0.00 , 511.58 , 342.46 
 0.00 , 424.66 , 284.00 
 0.00 , 79.84 , 53.20 
 0.00 , 163.82 , 109.26 
 0.00 ,  0.00 ,  0.00 
4059.58 ,  0.00 , 3775.41 
 0.00 , 193.74 , 129.25 
 0.00 , 1287.57 , 869.07 
 0.00 , 1505.83 , 1018.77 
 0.00 , 1612.82 , 1092.41 
 0.00 , 1717.63 , 1164.72 
 0.00 , 1815.57 , 1232.43 
 0.00 ,  0.00 ,  0.00 
 0.00 ,  0.00 ,  0.00 
 0.00 ,  0.00 ,  0.00 
 0.00 ,  0.00 ,  0.00 
 0.00 ,  0.00 ,  0.00 
 0.00 ,  0.00 ,  0.00 
 0.00 ,  0.00 ,  0.00 
3908.87 ,  0.00 , 3635.25 
 0.00 , 10107.50 , 7534.26 
 0.00 , 3756.76 , 2604.62 
 0.00 , 3447.48 , 2382.08 
 0.00 , 3049.23 , 2097.74 
 0.00 , 2787.68 , 1912.34 
 0.00 , 2682.69 , 1838.21 
3910.06 , 2544.26 , 5385.32 
 0.00 , 2447.99 , 1673.13 
 0.00 , 2545.26 , 1741.45 
 0.00 , 2856.17 , 1960.79 
 0.00 , 2850.53 , 1956.79 
 0.00 , 2688.34 , 1842.20 
 0.00 , 2416.80 , 1651.25 
 0.00 , 2367.52 , 1616.71 
 0.00 , 2408.60 , 1645.50 
3844.00 , 2380.71 , 5207.91 
 0.00 ,  0.00 ,  0.00 
 0.00 ,  0.00 ,  0.00 
 0.00 ,  0.00 ,  0.00 
 0.00 ,  0.00 ,  0.00 
 0.00 ,  0.00 ,  0.00 
 0.00 ,  0.00 ,  0.00 
 0.00 , 328.83 , 219.70 
 0.00 , 676.73 , 453.80 
 0.00 , 10414.33 , 7791.26 
 0.00 , 4034.29 , 2805.60 
 0.00 , 2980.07 , 2048.61 
 0.00 , 2426.52 , 1658.07 
4176.72 , 2504.10 , 5605.47 
 0.00 , 2449.24 , 1674.00 
 0.00 , 2035.65 , 1385.11 
 0.00 , 1645.53 , 1114.96 
 0.00 , 1591.56 , 1077.77 
 0.00 , 1919.14 , 1304.19 
 0.00 , 2297.49 , 1567.70 
 0.00 , 2461.28 , 1682.46 
 0.00 , 2274.84 , 1551.87 
3763.84 , 2308.29 , 5082.07 
 0.00 , 2309.06 , 1575.80 
 0.00 , 2367.47 , 1616.68 
 0.00 ,  0.00 ,  0.00 
 0.00 ,  0.00 ,  0.00 
 0.00 ,  0.00 ,  0.00 
 0.00 ,  0.00 ,  0.00 
 0.00 ,  0.00 ,  0.00 
 0.00 ,  0.00 ,  0.00 
 0.00 ,  1.14 ,  0.76 
 0.00 , 443.75 , 296.84 
 0.00 , 10336.68 , 7726.05 
 0.00 , 4029.72 , 2802.28 
4079.03 , 3681.22 , 6362.22 
 0.00 , 2610.44 , 1787.31 
 0.00 , 1257.56 , 848.54 
 0.00 , 1343.25 , 907.20 
 0.00 , 1838.77 , 1248.49 
 0.00 , 1923.24 , 1307.03 
 0.00 , 2048.27 , 1393.89 
 0.00 , 2113.99 , 1439.63 
 0.00 , 2211.79 , 1507.83 
 0.00 , 2336.48 , 1594.98 
4260.87 , 2152.40 , 5435.46 
 0.00 , 2199.26 , 1499.08 
 0.00 , 2253.81 , 1537.17 
 0.00 , 2311.78 , 1577.70 
 0.00 ,  0.00 ,  0.00 
 0.00 ,  0.00 ,  0.00 
 0.00 ,  0.00 ,  0.00 
 0.00 ,  0.00 ,  0.00 
 0.00 ,  0.00 ,  0.00 
 0.00 ,  0.00 ,  0.00 
 0.00 , 550.55 , 368.70 
 0.00 , 1074.94 , 723.91 
 0.00 , 10496.02 , 7860.00 
3987.88 , 3956.53 , 6478.95 
 0.00 , 2591.07 , 1773.67 
 0.00 , 1556.98 , 1053.96 
 0.00 , 1262.64 , 852.02 
 0.00 , 484.28 , 324.09 
 0.00 ,  0.00 ,  0.00 
 0.00 ,  0.00 ,  0.00 
 0.00 ,  0.00 ,  0.00 
 0.00 , 41.53 , 27.66 
3827.93 , 1345.16 , 4470.66 
 0.00 , 1841.99 , 1250.72 
 0.00 , 1791.00 , 1215.43 
 0.00 , 1872.60 , 1271.92 
 0.00 , 1960.75 , 1333.06 
 0.00 , 2046.06 , 1392.35 
 0.00 ,  0.00 ,  0.00 
 0.00 ,  0.00 ,  0.00 
 0.00 ,  0.00 ,  0.00 
 0.00 ,  0.00 ,  0.00 
 0.00 ,  0.00 ,  0.00 
 0.00 ,  0.00 ,  0.00 
 0.00 , 245.89 , 164.13 
 0.00 , 833.22 , 559.67 
4388.46 , 10273.67 , 11941.26 
 0.00 , 2953.63 , 2029.85 
 0.00 , 1118.60 , 753.66 
 0.00 , 1134.07 , 764.21 
 0.00 , 1575.38 , 1066.63 
 0.00 , 1172.47 , 790.41 
 0.00 , 1035.96 , 697.36 
 0.00 , 1282.11 , 865.34 
 0.00 , 1462.78 , 989.19 
4059.58 , 1909.73 , 5077.85 
 0.00 , 2319.58 , 1583.15 
 0.00 , 2562.94 , 1753.88 
 0.00 , 2543.36 , 1740.11 
 0.00 , 2645.30 , 1811.86 
 0.00 , 2803.56 , 1923.57 
 0.00 , 2895.57 , 1988.69 
 0.00 ,  0.00 ,  0.00 
 0.00 ,  0.00 ,  0.00 
 0.00 ,  0.00 ,  0.00 
 0.00 ,  0.00 ,  0.00 
 0.00 , 209.46 , 139.77 
 0.00 , 675.81 , 453.18 
 0.00 , 1226.92 , 827.60 
3908.87 , 1486.10 , 4643.20 
 0.00 , 10496.02 , 7860.00 
 0.00 , 1996.92 , 1358.19 
 0.00 , 471.54 , 315.52 
 0.00 ,  0.00 ,  0.00 
 0.00 ,  0.00 ,  0.00 
 0.00 ,  0.00 ,  0.00 
3910.06 ,  0.00 , 3636.35 
 0.00 ,  0.00 ,  0.00 
 0.00 ,  0.00 ,  0.00 
 0.00 ,  0.00 ,  0.00 
 0.00 ,  0.00 ,  0.00 
 0.00 , 393.03 , 262.77 
 0.00 , 1591.44 , 1077.68 
 0.00 , 1897.29 , 1289.04 
 0.00 , 2044.07 , 1390.96 
3844.00 , 2233.62 , 5104.16 
 0.00 ,  0.00 ,  0.00 
 0.00 ,  0.00 ,  0.00 
 0.00 ,  0.00 ,  0.00 
 0.00 ,  0.00 ,  0.00 
 0.00 ,  0.00 ,  0.00 
 0.00 ,  1.16 ,  0.77 
 0.00 , 499.41 , 334.27 
 0.00 , 840.12 , 564.35 
 0.00 , 10415.57 , 7792.31 
 0.00 , 4128.95 , 2874.43 
 0.00 , 2866.19 , 1967.88 
 0.00 , 1544.23 , 1045.19 
4176.72 , 1013.60 , 4567.86 
 0.00 , 933.09 , 627.43 
 0.00 , 634.99 , 425.62 
 0.00 , 777.78 , 522.13 
 0.00 , 1543.15 , 1044.45 
 0.00 , 2040.26 , 1388.32 
 0.00 , 2237.33 , 1525.66 
 0.00 , 2413.43 , 1648.88 
 0.00 , 2157.19 , 1469.73 
3763.84 , 2166.30 , 4982.11 
 0.00 , 2172.50 , 1480.41 
 0.00 , 2169.73 , 1478.48 
 0.00 ,  0.00 ,  0.00 
 0.00 ,  0.00 ,  0.00 
 0.00 ,  0.00 ,  0.00 
 0.00 ,  0.00 ,  0.00 
 0.00 ,  0.00 ,  0.00 
 0.00 ,  0.00 ,  0.00 
 0.00 ,  0.00 ,  0.00 
 0.00 , 102.57 , 68.37 
 0.00 , 10166.50 , 7583.53 
 0.00 , 3336.27 , 2302.43 
4079.03 , 2814.62 , 5735.54 
 0.00 , 2466.18 , 1685.89 
 0.00 , 2241.50 , 1528.57 
 0.00 , 2170.22 , 1478.82 
 0.00 , 1233.60 , 832.16 
 0.00 , 861.74 , 579.01 
 0.00 , 1352.41 , 913.47 
 0.00 , 1824.44 , 1238.57 
 0.00 , 2157.62 , 1470.04 
 0.00 , 2167.39 , 1476.85 
4260.87 , 1908.34 , 5264.36 
 0.00 , 1896.67 , 1288.61 
 0.00 , 1947.43 , 1323.82 
 0.00 , 2004.40 , 1363.39 
 0.00 ,  0.00 ,  0.00 
 0.00 ,  0.00 ,  0.00 
 0.00 ,  0.00 ,  0.00 
 0.00 ,  0.00 ,  0.00 
 0.00 ,  0.00 ,  0.00 
 0.00 ,  0.00 ,  0.00 
 0.00 ,  0.00 ,  0.00 
 0.00 ,  0.53 ,  0.35 
 0.00 , 10229.99 , 7636.64 
3987.88 , 3880.27 , 6422.85 
 0.00 , 3293.41 , 2271.78 
 0.00 , 2829.66 , 1942.03 
 0.00 , 2587.12 , 1770.89 
 0.00 , 2752.10 , 1887.20 
 0.00 , 3096.32 , 2131.23 
 0.00 , 2932.33 , 2014.75 
 0.00 , 2377.92 , 1624.00 
 0.00 , 2399.40 , 1639.06 
3827.93 , 2590.45 , 5341.54 
 0.00 , 2591.77 , 1774.17 
 0.00 , 2379.78 , 1625.30 
 0.00 , 2419.17 , 1652.91 
 0.00 , 2468.02 , 1687.18 
 0.00 , 2520.31 , 1723.90 
 0.00 ,  0.00 ,  0.00 
 0.00 ,  0.00 ,  0.00 
 0.00 ,  0.00 ,  0.00 
 0.00 ,  0.00 ,  0.00 
 0.00 ,  0.00 ,  0.00 
 0.00 ,  0.00 ,  0.00 
 0.00 , 551.08 , 369.05 
 0.00 , 1078.88 , 726.59 
4388.46 , 10263.36 , 11932.20 
 0.00 , 3905.11 , 2711.90 
 0.00 , 1931.83 , 1313.00 
 0.00 , 667.10 , 447.30 
 0.00 , 34.51 , 22.99 
 0.00 , 104.27 , 69.50 
 0.00 , 395.48 , 264.41 
 0.00 , 490.34 , 328.16 
 0.00 , 450.24 , 301.20 
4059.58 , 274.83 , 3959.02 
 0.00 , 625.88 , 419.48 
 0.00 , 1477.12 , 999.04 
 0.00 , 1548.90 , 1048.40 
 0.00 , 1718.22 , 1165.13 
 0.00 , 1809.36 , 1228.13 
 0.00 , 1961.23 , 1333.40 
 0.00 ,  0.00 ,  0.00 
 0.00 ,  0.00 ,  0.00 
 0.00 ,  0.00 ,  0.00 
 0.00 ,  0.00 ,  0.00 
 0.00 ,  0.00 ,  0.00 
 0.00 ,  0.00 ,  0.00 
 0.00 , 228.68 , 152.62 
3908.87 , 688.82 , 4097.80 
 0.00 , 10461.40 , 7830.86 
 0.00 , 2050.27 , 1395.28 
 0.00 , 317.91 , 212.37 
 0.00 ,  0.00 ,  0.00 
 0.00 ,  0.00 ,  0.00 
 0.00 ,  0.00 ,  0.00 
3910.06 ,  0.00 , 3636.35 
 0.00 ,  0.00 ,  0.00 
 0.00 ,  0.00 ,  0.00 
 0.00 ,  0.00 ,  0.00 
 0.00 ,  0.00 ,  0.00 
 0.00 ,  0.00 ,  0.00 
 0.00 ,  0.00 ,  0.00 
 0.00 ,  0.00 ,  0.00 
 0.00 ,  0.00 ,  0.00 
3844.00 , 523.83 , 3925.95 
 0.00 ,  0.00 ,  0.00 
 0.00 ,  0.00 ,  0.00 
 0.00 ,  0.00 ,  0.00 
 0.00 ,  0.00 ,  0.00 
 0.00 ,  0.00 ,  0.00 
 0.00 ,  0.00 ,  0.00 
 0.00 ,  0.00 ,  0.00 
 0.00 ,  0.00 ,  0.00 
 0.00 , 9039.41 , 6654.00 
 0.00 , 3089.13 , 2126.11 
 0.00 , 2614.68 , 1790.29 
 0.00 , 1556.43 , 1053.58 
4176.72 , 504.21 , 4222.18 
 0.00 ,  0.00 ,  0.00 
 0.00 ,  0.00 ,  0.00 
 0.00 ,  0.00 ,  0.00 
 0.00 ,  0.00 ,  0.00 
 0.00 ,  0.00 ,  0.00 
 0.00 ,  0.00 ,  0.00 
 0.00 ,  0.00 ,  0.00 
 0.00 ,  0.00 ,  0.00 
3763.84 ,  0.00 , 3500.37 
 0.00 , 208.00 , 138.79 
 0.00 , 481.93 , 322.51 
 0.00 ,  0.00 ,  0.00 
 0.00 ,  0.00 ,  0.00 
 0.00 ,  0.00 ,  0.00 
 0.00 ,  0.00 ,  0.00 
 0.00 ,  0.00 ,  0.00 
 0.00 ,  0.00 ,  0.00 
 0.00 ,  0.00 ,  0.00 
 0.00 ,  0.00 ,  0.00 
 0.00 , 8691.76 , 6372.21 
 0.00 , 2002.49 , 1362.06 
4079.03 , 290.71 , 3987.76 
 0.00 ,  0.00 ,  0.00 
 0.00 ,  0.00 ,  0.00 
 0.00 ,  0.00 ,  0.00 
 0.00 ,  0.00 ,  0.00 
 0.00 ,  0.00 ,  0.00 
 0.00 ,  0.00 ,  0.00 
 0.00 ,  0.00 ,  0.00 
 0.00 ,  0.00 ,  0.00 
 0.00 ,  0.00 ,  0.00 
4260.87 ,  0.00 , 3962.61 
 0.00 ,  0.00 ,  0.00 
 0.00 ,  0.00 ,  0.00 
 0.00 ,  0.00 ,  0.00 
 0.00 ,  0.00 ,  0.00 
 0.00 ,  0.00 ,  0.00 
 0.00 ,  0.00 ,  0.00 
 0.00 ,  0.00 ,  0.00 
 0.00 ,  0.00 ,  0.00 
 0.00 ,  0.00 ,  0.00 
 0.00 ,  0.00 ,  0.00 
 0.00 ,  0.00 ,  0.00 
 0.00 , 4251.32 , 2963.63 
3987.88 ,  0.00 , 3708.73 
 0.00 ,  0.00 ,  0.00 
 0.00 ,  0.00 ,  0.00 
 0.00 ,  0.00 ,  0.00 
 0.00 ,  0.00 ,  0.00 
 0.00 ,  0.00 ,  0.00 
 0.00 ,  0.00 ,  0.00 
 0.00 ,  0.00 ,  0.00 
 0.00 ,  0.00 ,  0.00 
3827.93 ,  0.00 , 3559.97 
 0.00 ,  0.00 ,  0.00 
 0.00 ,  0.00 ,  0.00 
 0.00 ,  0.00 ,  0.00 
 0.00 ,  0.00 ,  0.00 
 0.00 ,  0.00 ,  0.00 
 0.00 ,  0.00 ,  0.00 
 0.00 ,  0.00 ,  0.00 
 0.00 ,  0.00 ,  0.00 
 0.00 ,  0.00 ,  0.00 
 0.00 ,  0.00 ,  0.00 
 0.00 ,  0.00 ,  0.00 
 0.00 ,  0.00 ,  0.00 
 0.00 ,  0.00 ,  0.00 
4388.46 , 3612.10 , 6601.11 
 0.00 ,  0.00 ,  0.00 
 0.00 ,  0.00 ,  0.00 
 0.00 ,  0.00 ,  0.00 
 0.00 ,  0.00 ,  0.00 
 0.00 ,  0.00 ,  0.00 
 0.00 ,  0.00 ,  0.00 
 0.00 ,  0.00 ,  0.00 
 0.00 ,  0.00 ,  0.00 
4059.58 ,  0.00 , 3775.41 
 0.00 ,  0.00 ,  0.00 
 0.00 ,  0.00 ,  0.00 
 0.00 ,  0.00 ,  0.00 
 0.00 ,  0.00 ,  0.00 
 0.00 ,  0.00 ,  0.00 
 0.00 ,  0.00 ,  0.00 
 0.00 ,  0.00 ,  0.00 
 0.00 ,  0.00 ,  0.00 
 0.00 ,  0.00 ,  0.00 
 0.00 ,  0.00 ,  0.00 
 0.00 ,  0.00 ,  0.00 
 0.00 ,  0.00 ,  0.00 
 0.00 ,  0.00 ,  0.00 
3908.87 ,  0.00 , 3635.25 
 0.00 , 1316.08 , 888.59 
 0.00 ,  0.00 ,  0.00 
 0.00 ,  0.00 ,  0.00 
 0.00 ,  0.00 ,  0.00 
 0.00 ,  0.00 ,  0.00 
 0.00 ,  0.00 ,  0.00 
3910.06 ,  0.00 , 3636.35 
 0.00 ,  0.00 ,  0.00 
 0.00 ,  0.00 ,  0.00 
 0.00 ,  0.00 ,  0.00 
 0.00 ,  0.00 ,  0.00 
 0.00 ,  0.00 ,  0.00 
 0.00 ,  0.00 ,  0.00 
 0.00 ,  0.00 ,  0.00 
 0.00 ,  0.00 ,  0.00 
3844.00 ,  0.00 , 3574.92 
 0.00 ,  0.00 ,  0.00 
 0.00 ,  0.00 ,  0.00 
 0.00 ,  0.00 ,  0.00 
 0.00 ,  0.00 ,  0.00 
 0.00 ,  0.00 ,  0.00 
 0.00 ,  0.00 ,  0.00 
 0.00 ,  0.00 ,  0.00 
 0.00 ,  0.00 ,  0.00 
 0.00 , 1442.66 , 975.38 
 0.00 ,  0.00 ,  0.00 
 0.00 ,  0.00 ,  0.00 
 0.00 ,  0.00 ,  0.00 
4176.72 ,  0.00 , 3884.35 
 0.00 ,  0.00 ,  0.00 
 0.00 ,  0.00 ,  0.00 
 0.00 ,  0.00 ,  0.00 
 0.00 ,  0.00 ,  0.00 
 0.00 ,  0.00 ,  0.00 
 0.00 ,  0.00 ,  0.00 
 0.00 ,  0.00 ,  0.00 
 0.00 ,  0.00 ,  0.00 
3763.84 ,  0.00 , 3500.37 
 0.00 ,  0.00 ,  0.00 
 0.00 ,  0.00 ,  0.00 
 0.00 ,  0.00 ,  0.00 
 0.00 ,  0.00 ,  0.00 
 0.00 ,  0.00 ,  0.00 
 0.00 ,  0.00 ,  0.00 
 0.00 ,  0.00 ,  0.00 
 0.00 ,  0.00 ,  0.00 
 0.00 ,  0.00 ,  0.00 
 0.00 ,  0.00 ,  0.00 
 0.00 , 4656.73 , 3260.88 
 0.00 ,  0.00 ,  0.00 
4079.03 ,  0.00 , 3793.50 
 0.00 ,  0.00 ,  0.00 
 0.00 ,  0.00 ,  0.00 
 0.00 ,  0.00 ,  0.00 
 0.00 ,  0.00 ,  0.00 
 0.00 ,  0.00 ,  0.00 
 0.00 ,  0.00 ,  0.00 
 0.00 ,  0.00 ,  0.00 
 0.00 ,  0.00 ,  0.00 
 0.00 ,  0.00 ,  0.00 
4260.87 ,  0.00 , 3962.61 
 0.00 ,  0.00 ,  0.00 
 0.00 ,  0.00 ,  0.00 
 0.00 ,  0.00 ,  0.00 
 0.00 ,  0.00 ,  0.00 
 0.00 ,  0.00 ,  0.00 
 0.00 ,  0.00 ,  0.00 
 0.00 ,  0.00 ,  0.00 
 0.00 ,  0.00 ,  0.00 
 0.00 ,  0.00 ,  0.00 
 0.00 ,  0.00 ,  0.00 
 0.00 ,  0.00 ,  0.00 
 0.00 , 3846.94 , 2669.78 
3987.88 ,  0.00 , 3708.73 
 0.00 ,  0.00 ,  0.00 
 0.00 ,  0.00 ,  0.00 
 0.00 ,  0.00 ,  0.00 
 0.00 ,  0.00 ,  0.00 
 0.00 ,  0.00 ,  0.00 
 0.00 ,  0.00 ,  0.00 
 0.00 ,  0.00 ,  0.00 
 0.00 ,  0.00 ,  0.00 
3827.93 ,  0.00 , 3559.97 
 0.00 ,  0.00 ,  0.00 
 0.00 ,  0.00 ,  0.00 
 0.00 ,  0.00 ,  0.00 
 0.00 ,  0.00 ,  0.00 
 0.00 ,  0.00 ,  0.00 
 0.00 ,  0.00 ,  0.00 
 0.00 ,  0.00 ,  0.00 
 0.00 ,  0.00 ,  0.00 
 0.00 ,  0.00 ,  0.00 
 0.00 ,  0.00 ,  0.00 
 0.00 ,  0.00 ,  0.00 
 0.00 ,  0.00 ,  0.00 
 0.00 ,  0.00 ,  0.00 
4388.46 , 1931.98 , 5399.73 
 0.00 , 395.02 , 264.10 
 0.00 , 51.60 , 34.38 
 0.00 ,  0.00 ,  0.00 
 0.00 ,  0.00 ,  0.00 
 0.00 ,  0.00 ,  0.00 
 0.00 ,  0.00 ,  0.00 
 0.00 ,  0.00 ,  0.00 
 0.00 ,  0.00 ,  0.00 
4059.58 ,  0.00 , 3775.41 
 0.00 ,  0.00 ,  0.00 
 0.00 ,  0.00 ,  0.00 
 0.00 ,  0.00 ,  0.00 
 0.00 ,  0.00 ,  0.00 
 0.00 ,  0.00 ,  0.00 
 0.00 ,  0.00 ,  0.00 
 0.00 ,  0.00 ,  0.00 
 0.00 ,  0.00 ,  0.00 
 0.00 ,  0.00 ,  0.00 
 0.00 ,  0.00 ,  0.00 
 0.00 ,  0.00 ,  0.00 
 0.00 ,  0.00 ,  0.00 
 0.00 ,  0.00 ,  0.00 
3908.87 ,  0.00 , 3635.25 
 0.00 , 3578.70 , 2476.31 
 0.00 , 664.84 , 445.77 
 0.00 ,  0.00 ,  0.00 
 0.00 ,  0.00 ,  0.00 
 0.00 ,  0.00 ,  0.00 
 0.00 ,  0.00 ,  0.00 
3910.06 ,  0.00 , 3636.35 
 0.00 ,  0.00 ,  0.00 
 0.00 ,  0.00 ,  0.00 
 0.00 ,  0.00 ,  0.00 
 0.00 ,  0.00 ,  0.00 
 0.00 ,  0.00 ,  0.00 
 0.00 ,  0.00 ,  0.00 
 0.00 ,  0.00 ,  0.00 
 0.00 ,  0.00 ,  0.00 
3844.00 ,  0.00 , 3574.92 
 0.00 ,  0.00 ,  0.00 
 0.00 ,  0.00 ,  0.00 
 0.00 ,  0.00 ,  0.00 
 0.00 ,  0.00 ,  0.00 
 0.00 ,  0.00 ,  0.00 
 0.00 ,  0.00 ,  0.00 
 0.00 ,  0.00 ,  0.00 
 0.00 ,  0.00 ,  0.00 
 0.00 , 1752.33 , 1188.69 
 0.00 , 640.99 , 429.67 
 0.00 , 523.46 , 350.45 
 0.00 , 359.43 , 240.22 
4176.72 , 222.26 , 4032.74 
 0.00 , 425.11 , 284.31 
 0.00 , 490.94 , 328.57 
 0.00 , 374.99 , 250.66 
 0.00 , 386.30 , 258.25 
 0.00 , 508.73 , 340.54 
 0.00 , 540.61 , 362.00 
 0.00 , 543.68 , 364.07 
 0.00 , 366.97 , 245.28 
3763.84 , 404.57 , 3771.08 
 0.00 , 407.81 , 272.69 
 0.00 , 455.98 , 305.06 
 0.00 ,  0.00 ,  0.00 
 0.00 ,  0.00 ,  0.00 
 0.00 ,  0.00 ,  0.00 
 0.00 ,  0.00 ,  0.00 
 0.00 ,  0.00 ,  0.00 
 0.00 ,  0.00 ,  0.00 
 0.00 ,  0.00 ,  0.00 
 0.00 ,  0.00 ,  0.00 
 0.00 , 8014.60 , 5829.82 
 0.00 , 72.18 , 48.09 
4079.03 ,  0.00 , 3793.50 
 0.00 ,  0.00 ,  0.00 
 0.00 ,  0.00 ,  0.00 
 0.00 ,  0.00 ,  0.00 
 0.00 ,  0.00 ,  0.00 
 0.00 ,  0.00 ,  0.00 
 0.00 ,  0.00 ,  0.00 
 0.00 ,  0.00 ,  0.00 
 0.00 ,  0.00 ,  0.00 
 0.00 ,  0.00 ,  0.00 
4260.87 ,  0.00 , 3962.61 
 0.00 ,  0.00 ,  0.00 
 0.00 ,  0.00 ,  0.00 
 0.00 ,  0.00 ,  0.00 
 0.00 ,  0.00 ,  0.00 
 0.00 ,  0.00 ,  0.00 
 0.00 ,  0.00 ,  0.00 
 0.00 ,  0.00 ,  0.00 
 0.00 ,  0.00 ,  0.00 
 0.00 ,  0.00 ,  0.00 
 0.00 ,  0.00 ,  0.00 
 0.00 ,  0.00 ,  0.00 
 0.00 , 5112.19 , 3598.03 
3987.88 , 755.90 , 4216.76 
 0.00 ,  0.00 ,  0.00 
 0.00 ,  0.00 ,  0.00 
 0.00 ,  0.00 ,  0.00 
 0.00 ,  0.00 ,  0.00 
 0.00 ,  0.00 ,  0.00 
 0.00 ,  0.00 ,  0.00 
 0.00 ,  0.00 ,  0.00 
 0.00 ,  0.00 ,  0.00 
3827.93 ,  0.00 , 3559.97 
 0.00 ,  0.00 ,  0.00 
 0.00 ,  0.00 ,  0.00 
 0.00 ,  0.00 ,  0.00 
 0.00 ,  0.00 ,  0.00 
 0.00 ,  0.00 ,  0.00 
 0.00 ,  0.00 ,  0.00 
 0.00 ,  0.00 ,  0.00 
 0.00 ,  0.00 ,  0.00 
 0.00 ,  0.00 ,  0.00 
 0.00 ,  0.00 ,  0.00 
 0.00 ,  0.00 ,  0.00 
 0.00 ,  0.00 ,  0.00 
 0.00 ,  0.00 ,  0.00 
4388.46 , 1588.10 , 5160.25 
 0.00 , 297.00 , 198.36 
 0.00 ,  0.00 ,  0.00 
 0.00 ,  0.00 ,  0.00 
 0.00 ,  0.00 ,  0.00 
 0.00 ,  0.00 ,  0.00 
 0.00 ,  0.00 ,  0.00 
 0.00 ,  0.00 ,  0.00 
 0.00 ,  0.00 ,  0.00 
4059.58 ,  0.00 , 3775.41 
 0.00 ,  0.00 ,  0.00 
 0.00 ,  0.00 ,  0.00 
 0.00 ,  0.00 ,  0.00 
 0.00 ,  0.00 ,  0.00 
 0.00 ,  0.00 ,  0.00 
 0.00 ,  0.00 ,  0.00 
 0.00 ,  0.00 ,  0.00 
 0.00 ,  0.00 ,  0.00 
 0.00 ,  0.00 ,  0.00 
 0.00 ,  0.00 ,  0.00 
 0.00 ,  0.00 ,  0.00 
 0.00 ,  0.00 ,  0.00 
 0.00 ,  0.00 ,  0.00 
3908.87 ,  0.00 , 3635.25 
 0.00 , 4344.68 , 3031.85 
 0.00 , 1527.91 , 1033.96 
 0.00 , 917.82 , 617.06 
 0.00 , 739.13 , 495.98 
 0.00 , 577.11 , 386.59 
 0.00 , 405.15 , 270.90 
3910.06 , 363.72 , 3879.61 
 0.00 , 17.18 , 11.44 
 0.00 ,  0.00 ,  0.00 
 0.00 ,  0.00 ,  0.00 
 0.00 , 172.61 , 115.13 
 0.00 , 413.23 , 276.33 
 0.00 , 336.50 , 224.83 
 0.00 , 402.51 , 269.13 
 0.00 , 458.85 , 306.99 
3844.00 , 514.52 , 3919.67 
 0.00 ,  0.00 ,  0.00 
 0.00 ,  0.00 ,  0.00 
 0.00 ,  0.00 ,  0.00 
 0.00 ,  0.00 ,  0.00 
 0.00 ,  0.00 ,  0.00 
 0.00 ,  0.00 ,  0.00 
 0.00 ,  0.00 ,  0.00 
 0.00 ,  0.00 ,  0.00 
 0.00 , 6697.22 , 4798.56 
 0.00 , 2098.80 , 1429.05 
 0.00 , 1552.90 , 1051.15 
 0.00 , 932.42 , 626.97 
4176.72 , 505.21 , 4222.85 
 0.00 , 357.81 , 239.13 
 0.00 , 24.92 , 16.60 
 0.00 ,  0.00 ,  0.00 
 0.00 ,  0.00 ,  0.00 
 0.00 ,  0.00 ,  0.00 
 0.00 ,  0.00 ,  0.00 
 0.00 ,  0.00 ,  0.00 
 0.00 ,  0.00 ,  0.00 
3763.84 ,  0.00 , 3500.37 
 0.00 , 249.35 , 166.45 
 0.00 , 330.53 , 220.83 
 0.00 ,  0.00 ,  0.00 
 0.00 ,  0.00 ,  0.00 
 0.00 ,  0.00 ,  0.00 
 0.00 ,  0.00 ,  0.00 
 0.00 ,  0.00 ,  0.00 
 0.00 ,  0.00 ,  0.00 
 0.00 ,  0.00 ,  0.00 
 0.00 ,  0.00 ,  0.00 
 0.00 , 5280.30 , 3723.33 
 0.00 , 730.86 , 490.39 
4079.03 ,  0.00 , 3793.50 
 0.00 ,  0.00 ,  0.00 
 0.00 ,  0.00 ,  0.00 
 0.00 ,  0.00 ,  0.00 
 0.00 ,  0.00 ,  0.00 
 0.00 ,  0.00 ,  0.00 
 0.00 ,  0.00 ,  0.00 
 0.00 ,  0.00 ,  0.00 
 0.00 ,  0.00 ,  0.00 
 0.00 ,  0.00 ,  0.00 
4260.87 , 111.71 , 4037.09 
 0.00 , 213.98 , 142.79 
 0.00 , 318.40 , 212.70 
 0.00 , 380.27 , 254.20 
 0.00 ,  0.00 ,  0.00 
 0.00 ,  0.00 ,  0.00 
 0.00 ,  0.00 ,  0.00 
 0.00 ,  0.00 ,  0.00 
 0.00 ,  0.00 ,  0.00 
 0.00 ,  0.00 ,  0.00 
 0.00 ,  0.00 ,  0.00 
 0.00 ,  0.00 ,  0.00 
 0.00 , 7898.38 , 5737.58 
3893.12 , 2651.04 , 5445.42 
 0.00 ,  0.00 ,  0.00 
 0.00 ,  0.00 ,  0.00 
 0.00 ,  0.00 ,  0.00 
 0.00 ,  0.00 ,  0.00 
 0.00 ,  0.00 ,  0.00 
 0.00 ,  0.00 ,  0.00 
 0.00 ,  0.00 ,  0.00 
 0.00 ,  0.00 ,  0.00 
 0.00 ,  0.00 ,  0.00 
4045.92 ,  0.00 , 3762.71 
 0.00 ,  0.00 ,  0.00 
 0.00 ,  0.00 ,  0.00 
 0.00 ,  0.00 ,  0.00 
 0.00 ,  0.00 ,  0.00 
 0.00 ,  0.00 ,  0.00 
 0.00 ,  0.00 ,  0.00 
 0.00 ,  0.00 ,  0.00 
 0.00 ,  0.00 ,  0.00 
 0.00 ,  0.00 ,  0.00 
 0.00 ,  0.00 ,  0.00 
 0.00 ,  0.00 ,  0.00 
 0.00 ,  0.00 ,  0.00 
3786.59 , 5319.02 , 7310.80 
 0.00 , 2063.57 , 1404.53 
 0.00 , 1771.71 , 1202.09 
 0.00 , 1368.54 , 924.53 
 0.00 , 1268.10 , 855.76 
 0.00 , 917.67 , 616.96 
 0.00 , 636.27 , 426.49 
 0.00 , 59.47 , 39.62 
 0.00 , 176.64 , 117.83 
3860.28 , 358.07 , 3829.52 
 0.00 , 334.75 , 223.67 
 0.00 , 359.68 , 240.39 
 0.00 , 242.13 , 161.62 
 0.00 , 503.54 , 337.05 
 0.00 , 596.50 , 399.66 
 0.00 , 656.72 , 440.29 
 0.00 ,  0.00 ,  0.00 
 0.00 ,  0.00 ,  0.00 
 0.00 ,  0.00 ,  0.00 
 0.00 ,  0.00 ,  0.00 
 0.00 ,  0.00 ,  0.00 
 0.00 ,  0.00 ,  0.00 
 0.00 ,  0.00 ,  0.00 
 0.00 ,  0.00 ,  0.00 
4508.37 , 8769.77 , 10763.28 
 0.00 , 3152.21 , 2171.03 
 0.00 , 874.63 , 587.75 
 0.00 , 919.33 , 618.08 
 0.00 , 354.72 , 237.06 
 0.00 , 722.38 , 484.65 
 0.00 , 458.17 , 306.53 
 0.00 , 353.81 , 236.45 
 0.00 , 907.51 , 610.06 
3860.28 , 1055.17 , 4301.85 
 0.00 , 1421.79 , 961.05 
 0.00 , 1720.09 , 1166.42 
 0.00 , 1630.30 , 1104.46 
 0.00 , 1839.26 , 1248.83 
 0.00 , 1834.52 , 1245.55 
 0.00 , 1866.17 , 1267.47 
 0.00 ,  0.00 ,  0.00 
 0.00 ,  0.00 ,  0.00 
 0.00 ,  0.00 ,  0.00 
 0.00 ,  0.00 ,  0.00 
 0.00 ,  0.00 ,  0.00 
 0.00 ,  0.00 ,  0.00 
 0.00 ,  0.00 ,  0.00 
 0.00 ,  0.00 ,  0.00 
4508.37 , 8268.05 , 10343.28 
 0.00 , 2647.09 , 1813.12 
 0.00 , 2359.26 , 1610.93 
 0.00 , 2047.69 , 1393.48 
 0.00 , 1581.05 , 1070.53 
 0.00 , 1607.26 , 1088.58 
 0.00 , 1637.66 , 1109.54 
 0.00 , 1325.00 , 894.70 
 0.00 , 1196.70 , 806.95 
3860.28 , 1621.30 , 4691.54 
 0.00 , 1670.30 , 1132.05 
 0.00 , 1437.46 , 971.81 
 0.00 , 1190.04 , 802.41 
 0.00 , 1254.83 , 846.68 
 0.00 , 1231.44 , 830.69 
 0.00 , 1214.60 , 819.18 
 0.00 ,  0.00 ,  0.00 
 0.00 ,  0.00 ,  0.00 
 0.00 ,  0.00 ,  0.00 
 0.00 ,  0.00 ,  0.00 
 0.00 ,  0.00 ,  0.00 
 0.00 ,  0.00 ,  0.00 
 0.00 ,  0.00 ,  0.00 
 0.00 ,  0.00 ,  0.00 
4508.37 , 6918.10 , 9242.36 
 0.00 , 2129.55 , 1450.47 
 0.00 , 1675.97 , 1135.96 
 0.00 , 1564.07 , 1058.84 
 0.00 , 1407.86 , 951.49 
 0.00 , 636.78 , 426.83 
 0.00 , 164.42 , 109.66 
 0.00 ,  0.00 ,  0.00 
 0.00 ,  0.00 ,  0.00 
3860.28 ,  0.00 , 3590.06 
 0.00 ,  0.00 ,  0.00 
 0.00 , 205.56 , 137.16 
 0.00 , 193.14 , 128.86 
 0.00 , 303.64 , 202.81 
 0.00 , 354.83 , 237.13 
 0.00 , 402.13 , 268.87 
 0.00 ,  0.00 ,  0.00 
 0.00 ,  0.00 ,  0.00 
 0.00 ,  0.00 ,  0.00 
 0.00 ,  0.00 ,  0.00 
 0.00 ,  0.00 ,  0.00 
 0.00 ,  0.00 ,  0.00 
 0.00 ,  0.00 ,  0.00 
 0.00 ,  0.00 ,  0.00 
4508.37 , 6726.21 , 9089.21 
 0.00 , 2364.43 , 1614.55 
 0.00 , 369.57 , 247.02 
 0.00 ,  0.00 ,  0.00 
 0.00 ,  0.00 ,  0.00 
 0.00 ,  0.00 ,  0.00 
 0.00 ,  0.00 ,  0.00 
 0.00 ,  0.00 ,  0.00 
 0.00 ,  0.00 ,  0.00 
3860.28 ,  0.00 , 3590.06 
 0.00 ,  0.00 ,  0.00 
 0.00 ,  0.00 ,  0.00 
 0.00 ,  0.00 ,  0.00 
 0.00 ,  0.00 ,  0.00 
 0.00 ,  0.00 ,  0.00 
 0.00 ,  0.00 ,  0.00 
 0.00 ,  0.00 ,  0.00 
 0.00 ,  0.00 ,  0.00 
 0.00 ,  0.00 ,  0.00 
 0.00 ,  0.00 ,  0.00 
 0.00 ,  0.00 ,  0.00 
 0.00 ,  0.00 ,  0.00 
 0.00 ,  0.00 ,  0.00 
 0.00 ,  0.00 ,  0.00 
4508.37 , 5822.64 , 8378.94 
 0.00 , 1682.44 , 1140.42 
 0.00 ,  0.00 ,  0.00 
 0.00 ,  0.00 ,  0.00 
 0.00 ,  0.00 ,  0.00 
 0.00 ,  0.00 ,  0.00 
 0.00 ,  0.00 ,  0.00 
 0.00 ,  0.00 ,  0.00 
 0.00 ,  0.00 ,  0.00 
3860.28 ,  0.00 , 3590.06 
 0.00 ,  0.00 ,  0.00 
 0.00 ,  0.00 ,  0.00 
 0.00 ,  0.00 ,  0.00 
 0.00 ,  0.00 ,  0.00 
 0.00 ,  0.00 ,  0.00 
 0.00 ,  0.00 ,  0.00 
 0.00 ,  0.00 ,  0.00 
 0.00 ,  0.00 ,  0.00 
 0.00 ,  0.00 ,  0.00 
 0.00 ,  0.00 ,  0.00 
 0.00 ,  0.00 ,  0.00 
 0.00 ,  0.00 ,  0.00 
 0.00 ,  0.00 ,  0.00 
 0.00 ,  0.00 ,  0.00 
4508.37 , 746.36 , 4694.46 
 0.00 , 383.13 , 256.12 
 0.00 ,  0.00 ,  0.00 
 0.00 ,  0.00 ,  0.00 
 0.00 ,  0.00 ,  0.00 
 0.00 ,  0.00 ,  0.00 
 0.00 ,  0.00 ,  0.00 
 0.00 ,  0.00 ,  0.00 
 0.00 ,  0.00 ,  0.00 
3860.28 ,  0.00 , 3590.06 
 0.00 ,  0.00 ,  0.00 
 0.00 ,  0.00 ,  0.00 
 0.00 ,  0.00 ,  0.00 
 0.00 ,  0.00 ,  0.00 
 0.00 ,  0.00 ,  0.00 
 0.00 ,  0.00 ,  0.00 
 0.00 ,  0.00 ,  0.00 
 0.00 ,  0.00 ,  0.00 
 0.00 ,  0.00 ,  0.00 
 0.00 ,  0.00 ,  0.00 
 0.00 ,  0.00 ,  0.00 
 0.00 ,  0.00 ,  0.00 
 0.00 ,  0.00 ,  0.00 
 0.00 ,  0.00 ,  0.00 
4508.37 ,  0.00 , 4192.79 
 0.00 ,  0.00 ,  0.00 
 0.00 ,  0.00 ,  0.00 
 0.00 ,  0.00 ,  0.00 
 0.00 ,  0.00 ,  0.00 
 0.00 ,  0.00 ,  0.00 
 0.00 ,  0.00 ,  0.00 
 0.00 ,  0.00 ,  0.00 
 0.00 ,  0.00 ,  0.00 
3860.28 ,  0.00 , 3590.06 
 0.00 ,  0.00 ,  0.00 
 0.00 ,  0.00 ,  0.00 
 0.00 ,  0.00 ,  0.00 
 0.00 ,  0.00 ,  0.00 
 0.00 ,  0.00 ,  0.00 
 0.00 ,  0.00 ,  0.00 
 0.00 ,  0.00 ,  0.00 
 0.00 ,  0.00 ,  0.00 
 0.00 ,  0.00 ,  0.00 
 0.00 ,  0.00 ,  0.00 
 0.00 ,  0.00 ,  0.00 
 0.00 ,  0.00 ,  0.00 
 0.00 ,  0.00 ,  0.00 
 0.00 ,  0.00 ,  0.00 
4508.37 , 172.07 , 4307.60 
 0.00 ,  0.00 ,  0.00 
 0.00 ,  0.00 ,  0.00 
 0.00 ,  0.00 ,  0.00 
 0.00 ,  0.00 ,  0.00 
 0.00 ,  0.00 ,  0.00 
 0.00 ,  0.00 ,  0.00 
 0.00 ,  0.00 ,  0.00 
 0.00 ,  0.00 ,  0.00 
3860.28 ,  0.00 , 3590.06 
 0.00 ,  0.00 ,  0.00 
 0.00 ,  0.00 ,  0.00 
 0.00 ,  0.00 ,  0.00 
 0.00 ,  0.00 ,  0.00 
 0.00 ,  0.00 ,  0.00 
 0.00 ,  0.00 ,  0.00 
 0.00 ,  0.00 ,  0.00 
 0.00 ,  0.00 ,  0.00 
 0.00 ,  0.00 ,  0.00 
 0.00 ,  0.00 ,  0.00 
 0.00 ,  0.00 ,  0.00 
 0.00 ,  0.00 ,  0.00 
 0.00 ,  0.00 ,  0.00 
 0.00 ,  0.00 ,  0.00 
4508.37 ,  0.00 , 4192.79 
 0.00 ,  0.00 ,  0.00 
 0.00 ,  0.00 ,  0.00 
 0.00 ,  0.00 ,  0.00 
 0.00 ,  0.00 ,  0.00 
 0.00 ,  0.00 ,  0.00 
 0.00 ,  0.00 ,  0.00 
 0.00 ,  0.00 ,  0.00 
 0.00 ,  0.00 ,  0.00 
3860.28 ,  0.00 , 3590.06 
 0.00 ,  0.00 ,  0.00 
 0.00 ,  0.00 ,  0.00 
 0.00 ,  0.00 ,  0.00 
 0.00 ,  0.00 ,  0.00 
 0.00 ,  0.00 ,  0.00 
 0.00 ,  0.00 ,  0.00 
 0.00 ,  0.00 ,  0.00 
 0.00 ,  0.00 ,  0.00 
 0.00 ,  0.00 ,  0.00 
 0.00 ,  0.00 ,  0.00 
 0.00 ,  0.00 ,  0.00 
 0.00 ,  0.00 ,  0.00 
 0.00 ,  0.00 ,  0.00 
 0.00 ,  0.00 ,  0.00 
4508.37 ,  0.00 , 4192.79 
 0.00 ,  0.00 ,  0.00 
 0.00 ,  0.00 ,  0.00 
 0.00 ,  0.00 ,  0.00 
 0.00 ,  0.00 ,  0.00 
 0.00 ,  0.00 ,  0.00 
 0.00 ,  0.00 ,  0.00 
 0.00 ,  0.00 ,  0.00 
 0.00 ,  0.00 ,  0.00 
3860.28 ,  0.00 , 3590.06 
 0.00 ,  0.00 ,  0.00 
 0.00 ,  0.00 ,  0.00 
 0.00 ,  0.00 ,  0.00 
 0.00 ,  0.00 ,  0.00 
 0.00 ,  0.00 ,  0.00 
 0.00 ,  0.00 ,  0.00 
 0.00 ,  0.00 ,  0.00 
 0.00 ,  0.00 ,  0.00 
 0.00 ,  0.00 ,  0.00 
 0.00 ,  0.00 ,  0.00 
 0.00 ,  0.00 ,  0.00 
 0.00 ,  0.00 ,  0.00 
 0.00 ,  0.00 ,  0.00 
 0.00 ,  0.00 ,  0.00 
4508.37 ,  0.00 , 4192.79 
 0.00 ,  0.00 ,  0.00 
 0.00 ,  0.00 ,  0.00 
 0.00 ,  0.00 ,  0.00 
 0.00 ,  0.00 ,  0.00 
 0.00 ,  0.00 ,  0.00 
 0.00 ,  0.00 ,  0.00 
 0.00 ,  0.00 ,  0.00 
 0.00 ,  0.00 ,  0.00 
3860.28 ,  0.00 , 3590.06 
 0.00 ,  0.00 ,  0.00 
 0.00 ,  0.00 ,  0.00 
 0.00 ,  0.00 ,  0.00 
 0.00 ,  0.00 ,  0.00 
 0.00 ,  0.00 ,  0.00 
 0.00 ,  0.00 ,  0.00 
 0.00 ,  0.00 ,  0.00 
 0.00 ,  0.00 ,  0.00 
 0.00 ,  0.00 ,  0.00 
 0.00 ,  0.00 ,  0.00 
 0.00 ,  0.00 ,  0.00 
 0.00 ,  0.00 ,  0.00 
 0.00 ,  0.00 ,  0.00 
 0.00 ,  0.00 ,  0.00 
4508.37 , 1714.03 , 5359.35 
 0.00 ,  0.00 ,  0.00 
 0.00 ,  0.00 ,  0.00 
 0.00 ,  0.00 ,  0.00 
 0.00 ,  0.00 ,  0.00 
 0.00 ,  0.00 ,  0.00 
 0.00 ,  0.00 ,  0.00 
 0.00 ,  0.00 ,  0.00 
 0.00 ,  0.00 ,  0.00 
3860.28 ,  0.00 , 3590.06 
 0.00 ,  0.00 ,  0.00 
 0.00 ,  0.00 ,  0.00 
 0.00 ,  0.00 ,  0.00 
 0.00 ,  0.00 ,  0.00 
 0.00 ,  0.00 ,  0.00 
 0.00 ,  0.00 ,  0.00 
 0.00 ,  0.00 ,  0.00 
 0.00 ,  0.00 ,  0.00 
 0.00 ,  0.00 ,  0.00 
 0.00 ,  0.00 ,  0.00 
 0.00 ,  0.00 ,  0.00 
 0.00 ,  0.00 ,  0.00 
 0.00 ,  0.00 ,  0.00 
 0.00 ,  0.00 ,  0.00 
4508.37 ,  0.00 , 4192.79 
 0.00 ,  0.00 ,  0.00 
 0.00 ,  0.00 ,  0.00 
 0.00 ,  0.00 ,  0.00 
 0.00 ,  0.00 ,  0.00 
 0.00 ,  0.00 ,  0.00 
 0.00 ,  0.00 ,  0.00 
 0.00 ,  0.00 ,  0.00 
 0.00 ,  0.00 ,  0.00 
3860.28 ,  0.00 , 3590.06 
 0.00 ,  0.00 ,  0.00 
 0.00 ,  0.00 ,  0.00 
 0.00 ,  0.00 ,  0.00 
 0.00 ,  0.00 ,  0.00 
 0.00 ,  0.00 ,  0.00 
 0.00 ,  0.00 ,  0.00 
 0.00 ,  0.00 ,  0.00 
 0.00 ,  0.00 ,  0.00 
 0.00 ,  0.00 ,  0.00 
 0.00 ,  0.00 ,  0.00 
 0.00 ,  0.00 ,  0.00 
 0.00 ,  0.00 ,  0.00 
 0.00 ,  0.00 ,  0.00 
 0.00 ,  0.00 ,  0.00 
4508.37 , 1901.09 , 5489.82 
 0.00 , 570.98 , 382.46 
 0.00 , 615.36 , 412.38 
 0.00 ,  0.00 ,  0.00 
 0.00 ,  0.00 ,  0.00 
 0.00 ,  0.00 ,  0.00 
 0.00 ,  0.00 ,  0.00 
 0.00 ,  0.00 ,  0.00 
 0.00 ,  0.00 ,  0.00 
3860.28 ,  0.00 , 3590.06 
 0.00 ,  0.00 ,  0.00 
 0.00 ,  0.00 ,  0.00 
 0.00 ,  0.00 ,  0.00 
 0.00 ,  0.00 ,  0.00 
 0.00 ,  0.00 ,  0.00 
 0.00 ,  0.00 ,  0.00 
 0.00 ,  0.00 ,  0.00 
 0.00 ,  0.00 ,  0.00 
 0.00 ,  0.00 ,  0.00 
 0.00 ,  0.00 ,  0.00 
 0.00 ,  0.00 ,  0.00 
 0.00 ,  0.00 ,  0.00 
 0.00 ,  0.00 ,  0.00 
 0.00 ,  0.00 ,  0.00 
4508.37 , 2050.65 , 5594.58 
 0.00 ,  0.00 ,  0.00 
 0.00 ,  0.00 ,  0.00 
 0.00 ,  0.00 ,  0.00 
 0.00 ,  0.00 ,  0.00 
 0.00 ,  0.00 ,  0.00 
 0.00 ,  0.00 ,  0.00 
 0.00 ,  0.00 ,  0.00 
 0.00 ,  0.00 ,  0.00 
3860.28 ,  0.00 , 3590.06 
 0.00 ,  0.00 ,  0.00 
 0.00 ,  0.00 ,  0.00 
 0.00 ,  0.00 ,  0.00 
 0.00 ,  0.00 ,  0.00 
 0.00 ,  0.00 ,  0.00 
 0.00 ,  0.00 ,  0.00 
 0.00 ,  0.00 ,  0.00 
 0.00 ,  0.00 ,  0.00 
 0.00 ,  0.00 ,  0.00 
 0.00 ,  0.00 ,  0.00 
 0.00 ,  0.00 ,  0.00 
 0.00 ,  0.00 ,  0.00 
 0.00 ,  0.00 ,  0.00 
 0.00 ,  0.00 ,  0.00 
4508.37 , 3578.63 , 6688.82 
 0.00 , 917.46 , 616.82 
 0.00 , 141.87 , 94.59 
 0.00 ,  0.00 ,  0.00 
 0.00 ,  0.00 ,  0.00 
 0.00 ,  0.00 ,  0.00 
 0.00 ,  0.00 ,  0.00 
 0.00 ,  0.00 ,  0.00 
 0.00 ,  0.00 ,  0.00 
3860.28 ,  0.00 , 3590.06 
 0.00 ,  0.00 ,  0.00 
 0.00 ,  0.00 ,  0.00 
 0.00 ,  0.00 ,  0.00 
 0.00 ,  0.00 ,  0.00 
 0.00 ,  0.00 ,  0.00 
 0.00 ,  0.00 ,  0.00 
 0.00 ,  0.00 ,  0.00 
 0.00 ,  0.00 ,  0.00 
 0.00 ,  0.00 ,  0.00 
 0.00 ,  0.00 ,  0.00 
 0.00 ,  0.00 ,  0.00 
 0.00 ,  0.00 ,  0.00 
 0.00 ,  0.00 ,  0.00 
 0.00 ,  0.00 ,  0.00 
4508.37 , 3673.27 , 6758.05 
 0.00 ,  0.00 ,  0.00 
 0.00 ,  0.00 ,  0.00 
 0.00 ,  0.00 ,  0.00 
 0.00 ,  0.00 ,  0.00 
 0.00 ,  0.00 ,  0.00 
 0.00 ,  0.00 ,  0.00 
 0.00 ,  0.00 ,  0.00 
 0.00 ,  0.00 ,  0.00 
3860.28 ,  0.00 , 3590.06 
 0.00 ,  0.00 ,  0.00 
 0.00 ,  0.00 ,  0.00 
 0.00 ,  0.00 ,  0.00 
 0.00 ,  0.00 ,  0.00 
 0.00 ,  0.00 ,  0.00 
 0.00 ,  0.00 ,  0.00 
 0.00 ,  0.00 ,  0.00 
 0.00 ,  0.00 ,  0.00 
 0.00 ,  0.00 ,  0.00 
 0.00 ,  0.00 ,  0.00 
 0.00 ,  0.00 ,  0.00 
 0.00 ,  0.00 ,  0.00 
 0.00 ,  0.00 ,  0.00 
 0.00 ,  0.00 ,  0.00 
4508.37 , 2629.86 , 6004.20 
 0.00 , 978.18 , 658.07 
 0.00 , 13.45 ,  8.95 
 0.00 , 419.21 , 280.34 
 0.00 , 489.63 , 327.68 
 0.00 , 113.05 , 75.36 
 0.00 ,  0.00 ,  0.00 
 0.00 ,  0.00 ,  0.00 
 0.00 , 187.37 , 125.00 
3860.28 , 208.52 , 3729.25 
 0.00 , 47.05 , 31.34 
 0.00 , 15.01 , 10.00 
 0.00 ,  0.00 ,  0.00 
 0.00 , 118.24 , 78.82 
 0.00 , 326.29 , 217.99 
 0.00 , 432.36 , 289.18 
 0.00 ,  0.00 ,  0.00 
 0.00 ,  0.00 ,  0.00 
 0.00 ,  0.00 ,  0.00 
 0.00 ,  0.00 ,  0.00 
 0.00 ,  0.00 ,  0.00 
 0.00 ,  0.00 ,  0.00 
 0.00 ,  0.00 ,  0.00 
 0.00 ,  0.00 ,  0.00 
4508.37 , 6728.12 , 9090.74 
 0.00 , 2159.80 , 1471.56 
 0.00 , 1317.74 , 889.73 
 0.00 , 665.39 , 446.14 
 0.00 , 22.78 , 15.17 
 0.00 , 234.79 , 156.71 
 0.00 , 176.93 , 118.02 
 0.00 ,  0.00 ,  0.00 
 0.00 ,  0.00 ,  0.00 
3860.28 ,  0.00 , 3590.06 
 0.00 ,  0.00 ,  0.00 
 0.00 ,  0.00 ,  0.00 
 0.00 ,  0.00 ,  0.00 
 0.00 ,  0.00 ,  0.00 
 0.00 , 350.66 , 234.33 
 0.00 , 511.42 , 342.35 
 0.00 ,  0.00 ,  0.00 
 0.00 ,  0.00 ,  0.00 
 0.00 ,  0.00 ,  0.00 
 0.00 ,  0.00 ,  0.00 
 0.00 ,  0.00 ,  0.00 
 0.00 ,  0.00 ,  0.00 
 0.00 ,  0.00 ,  0.00 
 0.00 ,  0.00 ,  0.00 
4508.37 , 7515.09 , 9724.08 
 0.00 , 1784.09 , 1210.65 
 0.00 , 512.62 , 343.16 
 0.00 , 263.77 , 176.11 
 0.00 ,  0.00 ,  0.00 
 0.00 ,  0.00 ,  0.00 
 0.00 ,  0.00 ,  0.00 
 0.00 ,  0.00 ,  0.00 
 0.00 ,  0.00 ,  0.00 
3860.28 ,  0.00 , 3590.06 
 0.00 ,  0.00 ,  0.00 
 0.00 ,  0.00 ,  0.00 
 0.00 ,  0.00 ,  0.00 
 0.00 ,  0.00 ,  0.00 
 0.00 ,  0.00 ,  0.00 
 0.00 ,  0.00 ,  0.00 
 0.00 ,  0.00 ,  0.00 
 0.00 ,  0.00 ,  0.00 
 0.00 ,  0.00 ,  0.00 
 0.00 ,  0.00 ,  0.00 
 0.00 ,  0.00 ,  0.00 
 0.00 ,  0.00 ,  0.00 
 0.00 ,  0.00 ,  0.00 
 0.00 ,  0.00 ,  0.00 
4508.37 , 5688.81 , 8275.23 
 0.00 , 744.80 , 499.81 
 0.00 ,  0.00 ,  0.00 
 0.00 ,  0.00 ,  0.00 
 0.00 ,  0.00 ,  0.00 
 0.00 ,  0.00 ,  0.00 
 0.00 ,  0.00 ,  0.00 
 0.00 ,  0.00 ,  0.00 
 0.00 ,  0.00 ,  0.00 
3860.28 ,  0.00 , 3590.06 
 0.00 ,  0.00 ,  0.00 
 0.00 ,  0.00 ,  0.00 
 0.00 ,  0.00 ,  0.00 
 0.00 ,  0.00 ,  0.00 
 0.00 ,  0.00 ,  0.00 
 0.00 ,  0.00 ,  0.00 
 0.00 ,  0.00 ,  0.00 
 0.00 ,  0.00 ,  0.00 
 0.00 ,  0.00 ,  0.00 
 0.00 ,  0.00 ,  0.00 
 0.00 ,  0.00 ,  0.00 
 0.00 ,  0.00 ,  0.00 
 0.00 ,  0.00 ,  0.00 
 0.00 ,  0.00 ,  0.00 
4508.37 , 3412.04 , 6567.36 
 0.00 , 1428.95 , 965.96 
 0.00 , 343.68 , 229.65 
 0.00 ,  0.00 ,  0.00 
 0.00 ,  0.00 ,  0.00 
 0.00 ,  0.00 ,  0.00 
 0.00 ,  0.00 ,  0.00 
 0.00 ,  0.00 ,  0.00 
 0.00 ,  0.00 ,  0.00 
3860.28 ,  0.00 , 3590.06 
 0.00 ,  0.00 ,  0.00 
 0.00 ,  0.00 ,  0.00 
 0.00 ,  0.00 ,  0.00 
 0.00 ,  0.00 ,  0.00 
 0.00 ,  0.00 ,  0.00 
 0.00 ,  0.00 ,  0.00 
 0.00 ,  0.00 ,  0.00 
 0.00 ,  0.00 ,  0.00 
 0.00 ,  0.00 ,  0.00 
 0.00 ,  0.00 ,  0.00 
 0.00 ,  0.00 ,  0.00 
 0.00 ,  0.00 ,  0.00 
 0.00 ,  0.00 ,  0.00 
 0.00 ,  0.00 ,  0.00 
4508.37 , 2220.15 , 5713.81 
 0.00 , 962.64 , 647.50 
 0.00 , 727.23 , 487.93 
 0.00 ,  0.00 ,  0.00 
 0.00 ,  0.00 ,  0.00 
 0.00 ,  0.00 ,  0.00 
 0.00 ,  0.00 ,  0.00 
 0.00 ,  0.00 ,  0.00 
 0.00 ,  0.00 ,  0.00 
3860.28 ,  0.00 , 3590.06 
 0.00 ,  0.00 ,  0.00 
 0.00 ,  0.00 ,  0.00 
 0.00 ,  0.00 ,  0.00 
 0.00 ,  0.00 ,  0.00 
 0.00 ,  0.00 ,  0.00 
 0.00 ,  0.00 ,  0.00 
 0.00 ,  0.00 ,  0.00 
 0.00 ,  0.00 ,  0.00 
 0.00 ,  0.00 ,  0.00 
 0.00 ,  0.00 ,  0.00 
 0.00 ,  0.00 ,  0.00 
 0.00 ,  0.00 ,  0.00 
 0.00 ,  0.00 ,  0.00 
 0.00 ,  0.00 ,  0.00 
4508.37 , 3350.53 , 6522.65 
 0.00 , 772.09 , 518.27 
 0.00 , 609.98 , 408.75 
 0.00 , 541.10 , 362.33 
 0.00 ,  0.00 ,  0.00 
 0.00 ,  0.00 ,  0.00 
 0.00 ,  0.00 ,  0.00 
 0.00 ,  0.00 ,  0.00 
 0.00 ,  0.00 ,  0.00 
3860.28 ,  0.00 , 3590.06 
 0.00 ,  0.00 ,  0.00 
 0.00 , 192.01 , 128.10 
 0.00 , 136.68 , 91.13 
 0.00 , 265.32 , 177.14 
 0.00 , 364.67 , 243.73 
 0.00 , 375.27 , 250.84 
 0.00 ,  0.00 ,  0.00 
 0.00 ,  0.00 ,  0.00 
 0.00 ,  0.00 ,  0.00 
 0.00 ,  0.00 ,  0.00 
 0.00 ,  0.00 ,  0.00 
 0.00 ,  0.00 ,  0.00 
 0.00 ,  0.00 ,  0.00 
 0.00 ,  0.00 ,  0.00 
4508.37 , 5000.29 , 7747.62 
 0.00 , 1655.70 , 1121.98 
 0.00 , 173.33 , 115.61 
 0.00 , 321.62 , 214.86 
 0.00 , 366.96 , 245.27 
 0.00 , 196.40 , 131.03 
 0.00 ,  0.00 ,  0.00 
 0.00 ,  0.00 ,  0.00 
 0.00 ,  0.00 ,  0.00 
3860.28 ,  0.00 , 3590.06 
 0.00 ,  0.00 ,  0.00 
 0.00 ,  0.00 ,  0.00 
 0.00 ,  0.00 ,  0.00 
 0.00 ,  0.00 ,  0.00 
 0.00 , 32.11 , 21.39 
 0.00 , 300.48 , 200.69 
 0.00 ,  0.00 ,  0.00 
 0.00 ,  0.00 ,  0.00 
 0.00 ,  0.00 ,  0.00 
 0.00 ,  0.00 ,  0.00 
 0.00 ,  0.00 ,  0.00 
 0.00 ,  0.00 ,  0.00 
 0.00 ,  0.00 ,  0.00 
 0.00 ,  0.00 ,  0.00 
4508.37 , 6245.91 , 8709.45 
 0.00 , 1448.48 , 979.37 
 0.00 , 1463.04 , 989.37 
 0.00 , 965.58 , 649.50 
 0.00 , 366.20 , 244.76 
 0.00 , 53.25 , 35.47 
 0.00 ,  0.00 ,  0.00 
 0.00 ,  0.00 ,  0.00 
 0.00 ,  0.00 ,  0.00 
3860.28 ,  0.00 , 3590.06 
 0.00 ,  0.00 ,  0.00 
 0.00 ,  0.00 ,  0.00 
 0.00 ,  0.00 ,  0.00 
 0.00 ,  0.00 ,  0.00 
 0.00 ,  0.00 ,  0.00 
 0.00 ,  0.00 ,  0.00 
 0.00 ,  0.00 ,  0.00 
 0.00 ,  0.00 ,  0.00 
 0.00 ,  0.00 ,  0.00 
 0.00 ,  0.00 ,  0.00 
 0.00 ,  0.00 ,  0.00 
 0.00 ,  0.00 ,  0.00 
 0.00 ,  0.00 ,  0.00 
 0.00 ,  0.00 ,  0.00 
4508.37 , 6610.43 , 8997.21 
 0.00 , 1907.76 , 1296.30 
 0.00 , 1288.81 , 869.92 
 0.00 , 818.22 , 549.51 
 0.00 , 449.79 , 300.89 
 0.00 , 148.85 , 99.26 
 0.00 , 157.09 , 104.76 
 0.00 , 217.13 , 144.89 
 0.00 ,  0.00 ,  0.00 
3860.28 ,  0.00 , 3590.06 
 0.00 ,  0.00 ,  0.00 
 0.00 , 54.35 , 36.21 
 0.00 , 411.30 , 275.03 
 0.00 , 622.15 , 416.96 
 0.00 , 763.32 , 512.34 
 0.00 , 878.26 , 590.21 
 0.00 ,  0.00 ,  0.00 
 0.00 ,  0.00 ,  0.00 
 0.00 ,  0.00 ,  0.00 
 0.00 ,  0.00 ,  0.00 
 0.00 ,  0.00 ,  0.00 
 0.00 ,  0.00 ,  0.00 
 0.00 ,  0.00 ,  0.00 
 0.00 ,  0.00 ,  0.00 
4508.37 , 8977.04 , 10938.54 
 0.00 , 2279.86 , 1555.38 
 0.00 , 1529.95 , 1035.36 
 0.00 , 1347.32 , 909.99 
 0.00 , 972.26 , 654.04 
 0.00 , 931.82 , 626.56 
 0.00 , 607.99 , 407.41 
 0.00 , 99.20 , 66.12 
 0.00 , 327.43 , 218.76 
3860.28 , 362.47 , 3832.48 
 0.00 , 612.29 , 410.31 
 0.00 , 674.64 , 452.39 
 0.00 , 727.81 , 488.32 
 0.00 , 992.29 , 667.66 
 0.00 , 1327.48 , 896.39 
 0.00 , 1549.00 , 1048.46 
 0.00 ,  0.00 ,  0.00 
 0.00 ,  0.00 ,  0.00 
 0.00 ,  0.00 ,  0.00 
 0.00 ,  0.00 ,  0.00 
 0.00 ,  0.00 ,  0.00 
 0.00 ,  0.00 ,  0.00 
 0.00 ,  0.00 ,  0.00 
 0.00 ,  0.00 ,  0.00 
4464.48 , 9313.45 , 11182.59 
 0.00 , 550.58 , 368.71 
 0.00 ,  0.00 ,  0.00 
 0.00 ,  0.00 ,  0.00 
 0.00 ,  0.00 ,  0.00 
 0.00 ,  0.00 ,  0.00 
 0.00 ,  0.00 ,  0.00 
 0.00 ,  0.00 ,  0.00 
 0.00 ,  0.00 ,  0.00 
 0.00 ,  0.00 ,  0.00 
4042.84 ,  0.00 , 3759.85 
 0.00 ,  0.00 ,  0.00 
 0.00 ,  0.00 ,  0.00 
 0.00 ,  0.00 ,  0.00 
 0.00 ,  0.00 ,  0.00 
 0.00 ,  0.00 ,  0.00 
 0.00 ,  0.00 ,  0.00 
 0.00 ,  0.00 ,  0.00 
 0.00 ,  0.00 ,  0.00 
 0.00 ,  0.00 ,  0.00 
 0.00 ,  0.00 ,  0.00 
 0.00 ,  0.00 ,  0.00 
 0.00 ,  0.00 ,  0.00 
 0.00 ,  0.00 ,  0.00 
4044.48 , 5242.36 , 7495.17 
 0.00 , 503.19 , 336.81 
 0.00 ,  0.00 ,  0.00 
 0.00 ,  0.00 ,  0.00 
 0.00 ,  0.00 ,  0.00 
 0.00 ,  0.00 ,  0.00 
 0.00 ,  0.00 ,  0.00 
 0.00 ,  0.00 ,  0.00 
 0.00 ,  0.00 ,  0.00 
 0.00 ,  0.00 ,  0.00 
4042.84 ,  0.00 , 3759.85 
 0.00 ,  0.00 ,  0.00 
 0.00 ,  0.00 ,  0.00 
 0.00 ,  0.00 ,  0.00 
 0.00 ,  0.00 ,  0.00 
 0.00 ,  0.00 ,  0.00 
 0.00 ,  0.00 ,  0.00 
 0.00 ,  0.00 ,  0.00 
 0.00 ,  0.00 ,  0.00 
 0.00 ,  0.00 ,  0.00 
 0.00 ,  0.00 ,  0.00 
 0.00 ,  0.00 ,  0.00 
 0.00 ,  0.00 ,  0.00 
 0.00 ,  0.00 ,  0.00 
4044.48 , 1666.30 , 4894.25 
 0.00 , 285.03 , 190.34 
 0.00 ,  0.00 ,  0.00 
 0.00 ,  0.00 ,  0.00 
 0.00 ,  0.00 ,  0.00 
 0.00 ,  0.00 ,  0.00 
 0.00 ,  0.00 ,  0.00 
 0.00 ,  0.00 ,  0.00 
 0.00 ,  0.00 ,  0.00 
 0.00 ,  0.00 ,  0.00 
4042.84 ,  0.00 , 3759.85 
 0.00 ,  0.00 ,  0.00 
 0.00 ,  0.00 ,  0.00 
 0.00 ,  0.00 ,  0.00 
 0.00 ,  0.00 ,  0.00 
 0.00 ,  0.00 ,  0.00 
 0.00 ,  0.00 ,  0.00 
 0.00 ,  0.00 ,  0.00 
 0.00 ,  0.00 ,  0.00 
 0.00 ,  0.00 ,  0.00 
 0.00 ,  0.00 ,  0.00 
 0.00 ,  0.00 ,  0.00 
 0.00 ,  0.00 ,  0.00 
 0.00 ,  0.00 ,  0.00 
4044.48 , 1662.66 , 4891.73 
 0.00 ,  0.00 ,  0.00 
 0.00 ,  0.00 ,  0.00 
 0.00 ,  0.00 ,  0.00 
 0.00 ,  0.00 ,  0.00 
 0.00 ,  0.00 ,  0.00 
 0.00 ,  0.00 ,  0.00 
 0.00 ,  0.00 ,  0.00 
 0.00 ,  0.00 ,  0.00 
 0.00 ,  0.00 ,  0.00 
4042.84 ,  0.00 , 3759.85 
 0.00 ,  0.00 ,  0.00 
 0.00 ,  0.00 ,  0.00 
 0.00 ,  0.00 ,  0.00 
 0.00 ,  0.00 ,  0.00 
 0.00 ,  0.00 ,  0.00 
 0.00 ,  0.00 ,  0.00 
 0.00 ,  0.00 ,  0.00 
 0.00 ,  0.00 ,  0.00 
 0.00 ,  0.00 ,  0.00 
 0.00 ,  0.00 ,  0.00 
 0.00 ,  0.00 ,  0.00 
 0.00 ,  0.00 ,  0.00 
 0.00 ,  0.00 ,  0.00 
4044.48 ,  0.00 , 3761.37 
 0.00 ,  0.00 ,  0.00 
 0.00 ,  0.00 ,  0.00 
 0.00 ,  0.00 ,  0.00 
 0.00 ,  0.00 ,  0.00 
 0.00 ,  0.00 ,  0.00 
 0.00 ,  0.00 ,  0.00 
 0.00 ,  0.00 ,  0.00 
 0.00 ,  0.00 ,  0.00 
 0.00 ,  0.00 ,  0.00 
4042.84 ,  0.00 , 3759.85 
 0.00 ,  0.00 ,  0.00 
 0.00 ,  0.00 ,  0.00 
 0.00 ,  0.00 ,  0.00 
 0.00 ,  0.00 ,  0.00 
 0.00 ,  0.00 ,  0.00 
 0.00 ,  0.00 ,  0.00 
 0.00 ,  0.00 ,  0.00 
 0.00 ,  0.00 ,  0.00 
 0.00 ,  0.00 ,  0.00 
 0.00 ,  0.00 ,  0.00 
 0.00 ,  0.00 ,  0.00 
 0.00 ,  0.00 ,  0.00 
 0.00 ,  0.00 ,  0.00 
4044.48 ,  0.00 , 3761.37 
 0.00 ,  0.00 ,  0.00 
 0.00 ,  0.00 ,  0.00 
 0.00 ,  0.00 ,  0.00 
 0.00 ,  0.00 ,  0.00 
 0.00 ,  0.00 ,  0.00 
 0.00 ,  0.00 ,  0.00 
 0.00 ,  0.00 ,  0.00 
 0.00 ,  0.00 ,  0.00 
 0.00 ,  0.00 ,  0.00 
4042.84 ,  0.00 , 3759.85 
 0.00 ,  0.00 ,  0.00 
 0.00 ,  0.00 ,  0.00 
 0.00 ,  0.00 ,  0.00 
 0.00 ,  0.00 ,  0.00 
 0.00 ,  0.00 ,  0.00 
 0.00 ,  0.00 ,  0.00 
 0.00 ,  0.00 ,  0.00 
 0.00 ,  0.00 ,  0.00 
 0.00 ,  0.00 ,  0.00 
 0.00 ,  0.00 ,  0.00 
 0.00 ,  0.00 ,  0.00 
 0.00 ,  0.00 ,  0.00 
 0.00 ,  0.00 ,  0.00 
4044.48 ,  0.00 , 3761.37 
 0.00 ,  0.00 ,  0.00 
 0.00 ,  0.00 ,  0.00 
 0.00 ,  0.00 ,  0.00 
 0.00 ,  0.00 ,  0.00 
 0.00 ,  0.00 ,  0.00 
 0.00 ,  0.00 ,  0.00 
 0.00 ,  0.00 ,  0.00 
 0.00 ,  0.00 ,  0.00 
 0.00 ,  0.00 ,  0.00 
4042.84 ,  0.00 , 3759.85 
 0.00 ,  0.00 ,  0.00 
 0.00 ,  0.00 ,  0.00 
 0.00 ,  0.00 ,  0.00 
 0.00 ,  0.00 ,  0.00 
 0.00 ,  0.00 ,  0.00 
 0.00 ,  0.00 ,  0.00 
 0.00 ,  0.00 ,  0.00 
 0.00 ,  0.00 ,  0.00 
 0.00 ,  0.00 ,  0.00 
 0.00 ,  0.00 ,  0.00 
 0.00 ,  0.00 ,  0.00 
 0.00 ,  0.00 ,  0.00 
 0.00 ,  0.00 ,  0.00 
4044.48 ,  0.00 , 3761.37 
 0.00 ,  0.00 ,  0.00 
 0.00 ,  0.00 ,  0.00 
 0.00 ,  0.00 ,  0.00 
 0.00 ,  0.00 ,  0.00 
 0.00 ,  0.00 ,  0.00 
 0.00 ,  0.00 ,  0.00 
 0.00 ,  0.00 ,  0.00 
 0.00 ,  0.00 ,  0.00 
 0.00 ,  0.00 ,  0.00 
4042.84 ,  0.00 , 3759.85 
 0.00 ,  0.00 ,  0.00 
 0.00 ,  0.00 ,  0.00 
 0.00 ,  0.00 ,  0.00 
 0.00 ,  0.00 ,  0.00 
 0.00 ,  0.00 ,  0.00 
 0.00 ,  0.00 ,  0.00 
 0.00 ,  0.00 ,  0.00 
 0.00 ,  0.00 ,  0.00 
 0.00 ,  0.00 ,  0.00 
 0.00 ,  0.00 ,  0.00 
 0.00 ,  0.00 ,  0.00 
 0.00 ,  0.00 ,  0.00 
 0.00 ,  0.00 ,  0.00 
4044.48 ,  0.00 , 3761.37 
 0.00 ,  0.00 ,  0.00 
 0.00 ,  0.00 ,  0.00 
 0.00 ,  0.00 ,  0.00 
 0.00 ,  0.00 ,  0.00 
 0.00 ,  0.00 ,  0.00 
 0.00 ,  0.00 ,  0.00 
 0.00 ,  0.00 ,  0.00 
 0.00 ,  0.00 ,  0.00 
 0.00 ,  0.00 ,  0.00 
4042.84 ,  0.00 , 3759.85 
 0.00 ,  0.00 ,  0.00 
 0.00 ,  0.00 ,  0.00 
 0.00 ,  0.00 ,  0.00 
 0.00 ,  0.00 ,  0.00 
 0.00 ,  0.00 ,  0.00 
 0.00 ,  0.00 ,  0.00 
 0.00 ,  0.00 ,  0.00 
 0.00 ,  0.00 ,  0.00 
 0.00 ,  0.00 ,  0.00 
 0.00 ,  0.00 ,  0.00 
 0.00 ,  0.00 ,  0.00 
 0.00 ,  0.00 ,  0.00 
 0.00 ,  0.00 ,  0.00 
4044.48 ,  0.00 , 3761.37 
 0.00 ,  0.00 ,  0.00 
 0.00 ,  0.00 ,  0.00 
 0.00 ,  0.00 ,  0.00 
 0.00 ,  0.00 ,  0.00 
 0.00 ,  0.00 ,  0.00 
 0.00 ,  0.00 ,  0.00 
 0.00 ,  0.00 ,  0.00 
 0.00 ,  0.00 ,  0.00 
 0.00 ,  0.00 ,  0.00 
4042.84 ,  0.00 , 3759.85 
 0.00 ,  0.00 ,  0.00 
 0.00 ,  0.00 ,  0.00 
 0.00 ,  0.00 ,  0.00 
 0.00 ,  0.00 ,  0.00 
 0.00 ,  0.00 ,  0.00 
 0.00 ,  0.00 ,  0.00 
 0.00 ,  0.00 ,  0.00 
 0.00 ,  0.00 ,  0.00 
 0.00 ,  0.00 ,  0.00 
 0.00 ,  0.00 ,  0.00 
 0.00 ,  0.00 ,  0.00 
 0.00 ,  0.00 ,  0.00 
 0.00 ,  0.00 ,  0.00 
4044.48 , 1294.03 , 4637.01 
 0.00 , 328.25 , 219.31 
 0.00 ,  0.00 ,  0.00 
 0.00 ,  0.00 ,  0.00 
 0.00 ,  0.00 ,  0.00 
 0.00 ,  0.00 ,  0.00 
 0.00 ,  0.00 ,  0.00 
 0.00 ,  0.00 ,  0.00 
 0.00 ,  0.00 ,  0.00 
 0.00 ,  0.00 ,  0.00 
4042.84 ,  0.00 , 3759.85 
 0.00 ,  0.00 ,  0.00 
 0.00 ,  0.00 ,  0.00 
 0.00 ,  0.00 ,  0.00 
 0.00 ,  0.00 ,  0.00 
 0.00 ,  0.00 ,  0.00 
 0.00 ,  0.00 ,  0.00 
 0.00 ,  0.00 ,  0.00 
 0.00 ,  0.00 ,  0.00 
 0.00 ,  0.00 ,  0.00 
 0.00 ,  0.00 ,  0.00 
 0.00 ,  0.00 ,  0.00 
 0.00 ,  0.00 ,  0.00 
 0.00 ,  0.00 ,  0.00 
4044.48 , 1907.98 , 5062.56 
 0.00 , 782.80 , 525.53 
 0.00 , 665.03 , 445.90 
 0.00 , 467.49 , 312.80 
 0.00 , 232.94 , 155.47 
 0.00 , 369.46 , 246.94 
 0.00 , 198.78 , 132.62 
 0.00 ,  0.00 ,  0.00 
 0.00 ,  0.00 ,  0.00 
 0.00 , 96.95 , 64.62 
4042.84 , 214.89 , 3903.30 
 0.00 , 287.39 , 191.92 
 0.00 , 162.74 , 108.53 
 0.00 , 259.73 , 173.40 
 0.00 , 392.30 , 262.27 
 0.00 , 463.75 , 310.28 
 0.00 ,  0.00 ,  0.00 
 0.00 ,  0.00 ,  0.00 
 0.00 ,  0.00 ,  0.00 
 0.00 ,  0.00 ,  0.00 
 0.00 ,  0.00 ,  0.00 
 0.00 ,  0.00 ,  0.00 
 0.00 ,  0.00 ,  0.00 
 0.00 ,  0.00 ,  0.00 
4044.48 , 4544.04 , 6968.00 
 0.00 , 511.83 , 342.62 
 0.00 , 752.19 , 504.81 
 0.00 , 565.77 , 378.95 
 0.00 ,  0.00 ,  0.00 
 0.00 ,  0.00 ,  0.00 
 0.00 ,  0.00 ,  0.00 
 0.00 ,  0.00 ,  0.00 
 0.00 ,  0.00 ,  0.00 
 0.00 ,  0.00 ,  0.00 
4042.84 ,  0.00 , 3759.85 
 0.00 ,  0.00 ,  0.00 
 0.00 ,  0.00 ,  0.00 
 0.00 ,  0.00 ,  0.00 
 0.00 ,  0.00 ,  0.00 
 0.00 ,  0.00 ,  0.00 
 0.00 ,  0.00 ,  0.00 
 0.00 ,  0.00 ,  0.00 
 0.00 ,  0.00 ,  0.00 
 0.00 ,  0.00 ,  0.00 
 0.00 ,  0.00 ,  0.00 
 0.00 ,  0.00 ,  0.00 
 0.00 ,  0.00 ,  0.00 
 0.00 ,  0.00 ,  0.00 
4044.48 , 4154.68 , 6678.26 
 0.00 , 1096.73 , 738.75 
 0.00 , 343.03 , 229.22 
 0.00 , 393.31 , 262.96 
 0.00 , 315.59 , 210.82 
 0.00 , 98.96 , 65.95 
 0.00 ,  0.00 ,  0.00 
 0.00 , 141.62 , 94.43 
 0.00 , 283.07 , 189.03 
 0.00 , 35.79 , 23.84 
4042.84 , 452.71 , 4062.96 
 0.00 , 622.84 , 417.43 
 0.00 , 421.97 , 282.20 
 0.00 , 523.22 , 350.29 
 0.00 , 636.45 , 426.61 
 0.00 , 688.07 , 461.47 
 0.00 ,  0.00 ,  0.00 
 0.00 ,  0.00 ,  0.00 
 0.00 ,  0.00 ,  0.00 
 0.00 ,  0.00 ,  0.00 
 0.00 ,  0.00 ,  0.00 
 0.00 ,  0.00 ,  0.00 
 0.00 ,  0.00 ,  0.00 
 0.00 ,  0.00 ,  0.00 
4044.48 , 6073.18 , 8135.27 
 0.00 ,  0.00 ,  0.00 
 0.00 ,  0.00 ,  0.00 
 0.00 ,  0.00 ,  0.00 
 0.00 ,  0.00 ,  0.00 
 0.00 ,  0.00 ,  0.00 
 0.00 ,  0.00 ,  0.00 
 0.00 ,  0.00 ,  0.00 
 0.00 ,  0.00 ,  0.00 
 0.00 ,  0.00 ,  0.00 
4042.84 ,  0.00 , 3759.85 
 0.00 ,  0.00 ,  0.00 
 0.00 ,  0.00 ,  0.00 
 0.00 ,  0.00 ,  0.00 
 0.00 ,  0.00 ,  0.00 
 0.00 ,  0.00 ,  0.00 
 0.00 ,  0.00 ,  0.00 
 0.00 ,  0.00 ,  0.00 
 0.00 ,  0.00 ,  0.00 
 0.00 ,  0.00 ,  0.00 
 0.00 ,  0.00 ,  0.00 
 0.00 ,  0.00 ,  0.00 
 0.00 ,  0.00 ,  0.00 
 0.00 ,  0.00 ,  0.00 
4044.48 , 699.54 , 4231.20 
 0.00 , 430.36 , 287.83 
 0.00 , 331.30 , 221.35 
 0.00 , 235.99 , 157.51 
 0.00 , 122.23 , 81.48 
 0.00 , 41.97 , 27.95 
 0.00 ,  0.00 ,  0.00 
 0.00 ,  0.00 ,  0.00 
 0.00 ,  0.00 ,  0.00 
 0.00 ,  0.00 ,  0.00 
4042.84 ,  0.00 , 3759.85 
 0.00 ,  0.00 ,  0.00 
 0.00 ,  0.00 ,  0.00 
 0.00 ,  0.00 ,  0.00 
 0.00 ,  0.00 ,  0.00 
 0.00 ,  0.00 ,  0.00 
 0.00 ,  0.00 ,  0.00 
 0.00 ,  0.00 ,  0.00 
 0.00 ,  0.00 ,  0.00 
 0.00 ,  0.00 ,  0.00 
 0.00 ,  0.00 ,  0.00 
 0.00 ,  0.00 ,  0.00 
 0.00 ,  0.00 ,  0.00 
 0.00 ,  0.00 ,  0.00 
4044.48 , 2302.84 , 5339.79 
 0.00 , 640.21 , 429.15 
 0.00 , 315.82 , 210.97 
 0.00 , 248.07 , 165.59 
 0.00 , 229.15 , 152.93 
 0.00 ,  0.00 ,  0.00 
 0.00 ,  0.00 ,  0.00 
 0.00 ,  0.00 ,  0.00 
 0.00 ,  0.00 ,  0.00 
 0.00 ,  0.00 ,  0.00 
4042.84 ,  0.00 , 3759.85 
 0.00 ,  0.00 ,  0.00 
 0.00 ,  0.00 ,  0.00 
 0.00 , 104.54 , 69.68 
 0.00 , 207.78 , 138.64 
 0.00 , 262.03 , 174.94 
 0.00 ,  0.00 ,  0.00 
 0.00 ,  0.00 ,  0.00 
 0.00 ,  0.00 ,  0.00 
 0.00 ,  0.00 ,  0.00 
 0.00 ,  0.00 ,  0.00 
 0.00 ,  0.00 ,  0.00 
 0.00 ,  0.00 ,  0.00 
 0.00 ,  0.00 ,  0.00 
4044.48 , 5420.49 , 7631.21 
 0.00 , 1377.89 , 930.94 
 0.00 , 579.30 , 388.06 
 0.00 , 414.44 , 277.14 
 0.00 ,  0.00 ,  0.00 
 0.00 ,  0.00 ,  0.00 
 0.00 ,  0.00 ,  0.00 
 0.00 ,  0.00 ,  0.00 
 0.00 ,  0.00 ,  0.00 
 0.00 ,  0.00 ,  0.00 
4042.84 ,  0.00 , 3759.85 
 0.00 ,  0.00 ,  0.00 
 0.00 ,  0.00 ,  0.00 
 0.00 ,  0.00 ,  0.00 
 0.00 ,  0.00 ,  0.00 
 0.00 ,  0.00 ,  0.00 
 0.00 ,  0.00 ,  0.00 
 0.00 ,  0.00 ,  0.00 
 0.00 ,  0.00 ,  0.00 
 0.00 ,  0.00 ,  0.00 
 0.00 ,  0.00 ,  0.00 
 0.00 ,  0.00 ,  0.00 
 0.00 ,  0.00 ,  0.00 
 0.00 ,  0.00 ,  0.00 
4044.48 , 2759.32 , 5663.79 
 0.00 ,  0.00 ,  0.00 
 0.00 ,  0.00 ,  0.00 
 0.00 ,  0.00 ,  0.00 
 0.00 ,  0.00 ,  0.00 
 0.00 ,  0.00 ,  0.00 
 0.00 ,  0.00 ,  0.00 
 0.00 ,  0.00 ,  0.00 
 0.00 ,  0.00 ,  0.00 
 0.00 ,  0.00 ,  0.00 
4042.84 ,  0.00 , 3759.85 
 0.00 ,  0.00 ,  0.00 
 0.00 ,  0.00 ,  0.00 
 0.00 ,  0.00 ,  0.00 
 0.00 ,  0.00 ,  0.00 
 0.00 ,  0.00 ,  0.00 
 0.00 ,  0.00 ,  0.00 
 0.00 ,  0.00 ,  0.00 
 0.00 ,  0.00 ,  0.00 
 0.00 ,  0.00 ,  0.00 
 0.00 ,  0.00 ,  0.00 
 0.00 ,  0.00 ,  0.00 
 0.00 ,  0.00 ,  0.00 
 0.00 ,  0.00 ,  0.00 
4044.48 ,  0.00 , 3761.37 
 0.00 ,  0.00 ,  0.00 
 0.00 ,  0.00 ,  0.00 
 0.00 ,  0.00 ,  0.00 
 0.00 ,  0.00 ,  0.00 
 0.00 ,  0.00 ,  0.00 
 0.00 ,  0.00 ,  0.00 
 0.00 ,  0.00 ,  0.00 
 0.00 ,  0.00 ,  0.00 
 0.00 ,  0.00 ,  0.00 
4042.84 ,  0.00 , 3759.85 
 0.00 ,  0.00 ,  0.00 
 0.00 ,  0.00 ,  0.00 
 0.00 ,  0.00 ,  0.00 
 0.00 ,  0.00 ,  0.00 
 0.00 ,  0.00 ,  0.00 
 0.00 ,  0.00 ,  0.00 
 0.00 ,  0.00 ,  0.00 
 0.00 ,  0.00 ,  0.00 
 0.00 ,  0.00 ,  0.00 
 0.00 ,  0.00 ,  0.00 
 0.00 ,  0.00 ,  0.00 
 0.00 ,  0.00 ,  0.00 
 0.00 ,  0.00 ,  0.00 
4044.48 ,  0.00 , 3761.37 
 0.00 ,  0.00 ,  0.00 
 0.00 ,  0.00 ,  0.00 
 0.00 ,  0.00 ,  0.00 
 0.00 ,  0.00 ,  0.00 
 0.00 ,  0.00 ,  0.00 
 0.00 ,  0.00 ,  0.00 
 0.00 ,  0.00 ,  0.00 
 0.00 ,  0.00 ,  0.00 
 0.00 ,  0.00 ,  0.00 
4042.84 ,  0.00 , 3759.85 
 0.00 ,  0.00 ,  0.00 
 0.00 ,  0.00 ,  0.00 
 0.00 ,  0.00 ,  0.00 
 0.00 ,  0.00 ,  0.00 
 0.00 ,  0.00 ,  0.00 
 0.00 ,  0.00 ,  0.00 
 0.00 ,  0.00 ,  0.00 
 0.00 ,  0.00 ,  0.00 
 0.00 ,  0.00 ,  0.00 
 0.00 ,  0.00 ,  0.00 
 0.00 ,  0.00 ,  0.00 
 0.00 ,  0.00 ,  0.00 
 0.00 ,  0.00 ,  0.00 
4044.48 ,  0.00 , 3761.37 
 0.00 ,  0.00 ,  0.00 
 0.00 ,  0.00 ,  0.00 
 0.00 ,  0.00 ,  0.00 
 0.00 ,  0.00 ,  0.00 
 0.00 ,  0.00 ,  0.00 
 0.00 ,  0.00 ,  0.00 
 0.00 ,  0.00 ,  0.00 
 0.00 ,  0.00 ,  0.00 
 0.00 ,  0.00 ,  0.00 
4042.84 ,  0.00 , 3759.85 
 0.00 ,  0.00 ,  0.00 
 0.00 ,  0.00 ,  0.00 
 0.00 ,  0.00 ,  0.00 
 0.00 ,  0.00 ,  0.00 
 0.00 ,  0.00 ,  0.00 
 0.00 ,  0.00 ,  0.00 
 0.00 ,  0.00 ,  0.00 
 0.00 ,  0.00 ,  0.00 
 0.00 ,  0.00 ,  0.00 
 0.00 ,  0.00 ,  0.00 
 0.00 ,  0.00 ,  0.00 
 0.00 ,  0.00 ,  0.00 
 0.00 ,  0.00 ,  0.00 
4044.48 ,  0.00 , 3761.37 
 0.00 ,  0.00 ,  0.00 
 0.00 ,  0.00 ,  0.00 
 0.00 ,  0.00 ,  0.00 
 0.00 ,  0.00 ,  0.00 
 0.00 ,  0.00 ,  0.00 
 0.00 ,  0.00 ,  0.00 
 0.00 ,  0.00 ,  0.00 
 0.00 ,  0.00 ,  0.00 
 0.00 ,  0.00 ,  0.00 
4042.84 ,  0.00 , 3759.85 
 0.00 ,  0.00 ,  0.00 
 0.00 ,  0.00 ,  0.00 
 0.00 ,  0.00 ,  0.00 
 0.00 ,  0.00 ,  0.00 
 0.00 ,  0.00 ,  0.00 
 0.00 ,  0.00 ,  0.00 
 0.00 ,  0.00 ,  0.00 
 0.00 ,  0.00 ,  0.00 
 0.00 ,  0.00 ,  0.00 
 0.00 ,  0.00 ,  0.00 
 0.00 ,  0.00 ,  0.00 
 0.00 ,  0.00 ,  0.00 
 0.00 ,  0.00 ,  0.00 
4044.48 ,  0.00 , 3761.37 
 0.00 ,  0.00 ,  0.00 
 0.00 ,  0.00 ,  0.00 
 0.00 ,  0.00 ,  0.00 
 0.00 ,  0.00 ,  0.00 
 0.00 ,  0.00 ,  0.00 
 0.00 ,  0.00 ,  0.00 
 0.00 ,  0.00 ,  0.00 
 0.00 ,  0.00 ,  0.00 
 0.00 ,  0.00 ,  0.00 
4042.84 ,  0.00 , 3759.85 
 0.00 ,  0.00 ,  0.00 
 0.00 ,  0.00 ,  0.00 
 0.00 ,  0.00 ,  0.00 
 0.00 ,  0.00 ,  0.00 
 0.00 ,  0.00 ,  0.00 
 0.00 ,  0.00 ,  0.00 
 0.00 ,  0.00 ,  0.00 
 0.00 ,  0.00 ,  0.00 
 0.00 ,  0.00 ,  0.00 
 0.00 ,  0.00 ,  0.00 
 0.00 ,  0.00 ,  0.00 
 0.00 ,  0.00 ,  0.00 
 0.00 ,  0.00 ,  0.00 
4044.48 ,  0.00 , 3761.37 
 0.00 ,  0.00 ,  0.00 
 0.00 ,  0.00 ,  0.00 
 0.00 ,  0.00 ,  0.00 
 0.00 ,  0.00 ,  0.00 
 0.00 ,  0.00 ,  0.00 
 0.00 ,  0.00 ,  0.00 
 0.00 ,  0.00 ,  0.00 
 0.00 ,  0.00 ,  0.00 
 0.00 ,  0.00 ,  0.00 
4042.84 ,  0.00 , 3759.85 
 0.00 ,  0.00 ,  0.00 
 0.00 ,  0.00 ,  0.00 
 0.00 ,  0.00 ,  0.00 
 0.00 ,  0.00 ,  0.00 
 0.00 ,  0.00 ,  0.00 
 0.00 ,  0.00 ,  0.00 
 0.00 ,  0.00 ,  0.00 
 0.00 ,  0.00 ,  0.00 
 0.00 ,  0.00 ,  0.00 
 0.00 ,  0.00 ,  0.00 
 0.00 ,  0.00 ,  0.00 
 0.00 ,  0.00 ,  0.00 
 0.00 ,  0.00 ,  0.00 
4044.48 ,  0.00 , 3761.37 
 0.00 ,  0.00 ,  0.00 
 0.00 ,  0.00 ,  0.00 
 0.00 ,  0.00 ,  0.00 
 0.00 ,  0.00 ,  0.00 
 0.00 ,  0.00 ,  0.00 
 0.00 ,  0.00 ,  0.00 
 0.00 ,  0.00 ,  0.00 
 0.00 ,  0.00 ,  0.00 
 0.00 ,  0.00 ,  0.00 
4042.84 ,  0.00 , 3759.85 
 0.00 ,  0.00 ,  0.00 
 0.00 ,  0.00 ,  0.00 
 0.00 ,  0.00 ,  0.00 
 0.00 ,  0.00 ,  0.00 
 0.00 ,  0.00 ,  0.00 
 0.00 ,  0.00 ,  0.00 
 0.00 ,  0.00 ,  0.00 
 0.00 ,  0.00 ,  0.00 
 0.00 ,  0.00 ,  0.00 
 0.00 ,  0.00 ,  0.00 
 0.00 ,  0.00 ,  0.00 
 0.00 ,  0.00 ,  0.00 
 0.00 ,  0.00 ,  0.00 
4044.48 ,  0.00 , 3761.37 
 0.00 ,  0.00 ,  0.00 
 0.00 ,  0.00 ,  0.00 
 0.00 ,  0.00 ,  0.00 
 0.00 ,  0.00 ,  0.00 
 0.00 ,  0.00 ,  0.00 
 0.00 ,  0.00 ,  0.00 
 0.00 ,  0.00 ,  0.00 
 0.00 ,  0.00 ,  0.00 
 0.00 ,  0.00 ,  0.00 
4042.84 ,  0.00 , 3759.85 
 0.00 ,  0.00 ,  0.00 
 0.00 ,  0.00 ,  0.00 
 0.00 ,  0.00 ,  0.00 
 0.00 ,  0.00 ,  0.00 
 0.00 ,  0.00 ,  0.00 
 0.00 ,  0.00 ,  0.00 
 0.00 ,  0.00 ,  0.00 
 0.00 ,  0.00 ,  0.00 
 0.00 ,  0.00 ,  0.00 
 0.00 ,  0.00 ,  0.00 
 0.00 ,  0.00 ,  0.00 
 0.00 ,  0.00 ,  0.00 
 0.00 ,  0.00 ,  0.00 
4044.48 ,  0.00 , 3761.37 
 0.00 ,  0.00 ,  0.00 
 0.00 ,  0.00 ,  0.00 
 0.00 ,  0.00 ,  0.00 
 0.00 ,  0.00 ,  0.00 
 0.00 ,  0.00 ,  0.00 
 0.00 ,  0.00 ,  0.00 
 0.00 ,  0.00 ,  0.00 
 0.00 ,  0.00 ,  0.00 
 0.00 ,  0.00 ,  0.00 
4042.84 ,  0.00 , 3759.85 
 0.00 ,  0.00 ,  0.00 
 0.00 ,  0.00 ,  0.00 
 0.00 ,  0.00 ,  0.00 
 0.00 ,  0.00 ,  0.00 
 0.00 ,  0.00 ,  0.00 
 0.00 ,  0.00 ,  0.00 
 0.00 ,  0.00 ,  0.00 
 0.00 ,  0.00 ,  0.00 
 0.00 ,  0.00 ,  0.00 
 0.00 ,  0.00 ,  0.00 
 0.00 ,  0.00 ,  0.00 
 0.00 ,  0.00 ,  0.00 
 0.00 ,  0.00 ,  0.00 
4044.48 ,  0.00 , 3761.37 
 0.00 ,  0.00 ,  0.00 
 0.00 ,  0.00 ,  0.00 
 0.00 ,  0.00 ,  0.00 
 0.00 ,  0.00 ,  0.00 
 0.00 ,  0.00 ,  0.00 
 0.00 ,  0.00 ,  0.00 
 0.00 ,  0.00 ,  0.00 
 0.00 ,  0.00 ,  0.00 
 0.00 ,  0.00 ,  0.00 
4042.84 ,  0.00 , 3759.85 
 0.00 ,  0.00 ,  0.00 
 0.00 ,  0.00 ,  0.00 
 0.00 ,  0.00 ,  0.00 
 0.00 ,  0.00 ,  0.00 
 0.00 ,  0.00 ,  0.00 
 0.00 ,  0.00 ,  0.00 
 0.00 ,  0.00 ,  0.00 
 0.00 ,  0.00 ,  0.00 
 0.00 ,  0.00 ,  0.00 
 0.00 ,  0.00 ,  0.00 
 0.00 ,  0.00 ,  0.00 
 0.00 ,  0.00 ,  0.00 
 0.00 ,  0.00 ,  0.00 
4044.48 ,  0.00 , 3761.37 
 0.00 ,  0.00 ,  0.00 
 0.00 ,  0.00 ,  0.00 
 0.00 ,  0.00 ,  0.00 
 0.00 ,  0.00 ,  0.00 
 0.00 ,  0.00 ,  0.00 
 0.00 ,  0.00 ,  0.00 
 0.00 ,  0.00 ,  0.00 
 0.00 ,  0.00 ,  0.00 
 0.00 ,  0.00 ,  0.00 
4042.84 ,  0.00 , 3759.85 
 0.00 ,  0.00 ,  0.00 
 0.00 ,  0.00 ,  0.00 
 0.00 ,  0.00 ,  0.00 
 0.00 ,  0.00 ,  0.00 
 0.00 ,  0.00 ,  0.00 
 0.00 ,  0.00 ,  0.00 
 0.00 ,  0.00 ,  0.00 
 0.00 ,  0.00 ,  0.00 
 0.00 ,  0.00 ,  0.00 
 0.00 ,  0.00 ,  0.00 
 0.00 ,  0.00 ,  0.00 
 0.00 ,  0.00 ,  0.00 
 0.00 ,  0.00 ,  0.00 
4044.48 ,  0.00 , 3761.37 
 0.00 ,  0.00 ,  0.00 
 0.00 ,  0.00 ,  0.00 
 0.00 ,  0.00 ,  0.00 
 0.00 ,  0.00 ,  0.00 
 0.00 ,  0.00 ,  0.00 
 0.00 ,  0.00 ,  0.00 
 0.00 ,  0.00 ,  0.00 
 0.00 ,  0.00 ,  0.00 
 0.00 ,  0.00 ,  0.00 
4042.84 ,  0.00 , 3759.85 
 0.00 ,  0.00 ,  0.00 
 0.00 ,  0.00 ,  0.00 
 0.00 ,  0.00 ,  0.00 
 0.00 ,  0.00 ,  0.00 
 0.00 ,  0.00 ,  0.00 
 0.00 ,  0.00 ,  0.00 
 0.00 ,  0.00 ,  0.00 
 0.00 ,  0.00 ,  0.00 
 0.00 ,  0.00 ,  0.00 
 0.00 ,  0.00 ,  0.00 
 0.00 ,  0.00 ,  0.00 
 0.00 ,  0.00 ,  0.00 
 0.00 ,  0.00 ,  0.00 
3978.65 ,  0.00 , 3700.15 
 0.00 ,  0.00 ,  0.00 
 0.00 ,  0.00 ,  0.00 
 0.00 ,  0.00 ,  0.00 
 0.00 ,  0.00 ,  0.00 
 0.00 ,  0.00 ,  0.00 
 0.00 ,  0.00 ,  0.00 
 0.00 ,  0.00 ,  0.00 
 0.00 ,  0.00 ,  0.00 
 0.00 ,  0.00 ,  0.00 
3823.47 ,  0.00 , 3555.83 
 0.00 ,  0.00 ,  0.00 
 0.00 ,  0.00 ,  0.00 
 0.00 ,  0.00 ,  0.00 
 0.00 ,  0.00 ,  0.00 
 0.00 ,  0.00 ,  0.00 
 0.00 ,  0.00 ,  0.00 
 0.00 ,  0.00 ,  0.00 
 0.00 ,  0.00 ,  0.00 
 0.00 ,  0.00 ,  0.00 
 0.00 ,  0.00 ,  0.00 
 0.00 ,  0.00 ,  0.00 
 0.00 ,  0.00 ,  0.00 
 0.00 ,  0.00 ,  0.00 
3836.01 ,  0.00 , 3567.49 
 0.00 ,  0.00 ,  0.00 
 0.00 ,  0.00 ,  0.00 
 0.00 ,  0.00 ,  0.00 
 0.00 ,  0.00 ,  0.00 
 0.00 ,  0.00 ,  0.00 
 0.00 ,  0.00 ,  0.00 
 0.00 ,  0.00 ,  0.00 
 0.00 ,  0.00 ,  0.00 
 0.00 ,  0.00 ,  0.00 
3823.47 ,  0.00 , 3555.83 
 0.00 ,  0.00 ,  0.00 
 0.00 ,  0.00 ,  0.00 
 0.00 ,  0.00 ,  0.00 
 0.00 ,  0.00 ,  0.00 
 0.00 ,  0.00 ,  0.00 
 0.00 ,  0.00 ,  0.00 
 0.00 ,  0.00 ,  0.00 
 0.00 ,  0.00 ,  0.00 
 0.00 ,  0.00 ,  0.00 
 0.00 ,  0.00 ,  0.00 
 0.00 ,  0.00 ,  0.00 
 0.00 ,  0.00 ,  0.00 
 0.00 ,  0.00 ,  0.00 
3836.01 ,  0.00 , 3567.49 
 0.00 ,  0.00 ,  0.00 
 0.00 ,  0.00 ,  0.00 
 0.00 ,  0.00 ,  0.00 
 0.00 ,  0.00 ,  0.00 
 0.00 ,  0.00 ,  0.00 
 0.00 ,  0.00 ,  0.00 
 0.00 ,  0.00 ,  0.00 
 0.00 ,  0.00 ,  0.00 
 0.00 ,  0.00 ,  0.00 
3823.47 ,  0.00 , 3555.83 
 0.00 ,  0.00 ,  0.00 
 0.00 ,  0.00 ,  0.00 
 0.00 ,  0.00 ,  0.00 
 0.00 ,  0.00 ,  0.00 
 0.00 ,  0.00 ,  0.00 
 0.00 ,  0.00 ,  0.00 
 0.00 ,  0.00 ,  0.00 
 0.00 ,  0.00 ,  0.00 
 0.00 ,  0.00 ,  0.00 
 0.00 ,  0.00 ,  0.00 
 0.00 ,  0.00 ,  0.00 
 0.00 ,  0.00 ,  0.00 
 0.00 ,  0.00 ,  0.00 
3836.01 ,  0.00 , 3567.49 
 0.00 ,  0.00 ,  0.00 
 0.00 ,  0.00 ,  0.00 
 0.00 ,  0.00 ,  0.00 
 0.00 ,  0.00 ,  0.00 
 0.00 ,  0.00 ,  0.00 
 0.00 ,  0.00 ,  0.00 
 0.00 ,  0.00 ,  0.00 
 0.00 ,  0.00 ,  0.00 
 0.00 ,  0.00 ,  0.00 
3823.47 ,  0.00 , 3555.83 
 0.00 ,  0.00 ,  0.00 
 0.00 ,  0.00 ,  0.00 
 0.00 ,  0.00 ,  0.00 
 0.00 ,  0.00 ,  0.00 
 0.00 ,  0.00 ,  0.00 
 0.00 ,  0.00 ,  0.00 
 0.00 ,  0.00 ,  0.00 
 0.00 ,  0.00 ,  0.00 
 0.00 ,  0.00 ,  0.00 
 0.00 ,  0.00 ,  0.00 
 0.00 ,  0.00 ,  0.00 
 0.00 ,  0.00 ,  0.00 
 0.00 ,  0.00 ,  0.00 
3836.01 ,  0.00 , 3567.49 
 0.00 ,  0.00 ,  0.00 
 0.00 ,  0.00 ,  0.00 
 0.00 ,  0.00 ,  0.00 
 0.00 ,  0.00 ,  0.00 
 0.00 ,  0.00 ,  0.00 
 0.00 ,  0.00 ,  0.00 
 0.00 ,  0.00 ,  0.00 
 0.00 ,  0.00 ,  0.00 
 0.00 ,  0.00 ,  0.00 
3823.47 ,  0.00 , 3555.83 
 0.00 ,  0.00 ,  0.00 
 0.00 ,  0.00 ,  0.00 
 0.00 ,  0.00 ,  0.00 
 0.00 ,  0.00 ,  0.00 
 0.00 ,  0.00 ,  0.00 
 0.00 ,  0.00 ,  0.00 
 0.00 ,  0.00 ,  0.00 
 0.00 ,  0.00 ,  0.00 
 0.00 ,  0.00 ,  0.00 
 0.00 ,  0.00 ,  0.00 
 0.00 ,  0.00 ,  0.00 
 0.00 ,  0.00 ,  0.00 
 0.00 ,  0.00 ,  0.00 
3836.01 ,  0.00 , 3567.49 
 0.00 ,  0.00 ,  0.00 
 0.00 ,  0.00 ,  0.00 
 0.00 ,  0.00 ,  0.00 
 0.00 ,  0.00 ,  0.00 
 0.00 ,  0.00 ,  0.00 
 0.00 ,  0.00 ,  0.00 
 0.00 ,  0.00 ,  0.00 
 0.00 ,  0.00 ,  0.00 
 0.00 ,  0.00 ,  0.00 
3823.47 ,  0.00 , 3555.83 
 0.00 ,  0.00 ,  0.00 
 0.00 ,  0.00 ,  0.00 
 0.00 ,  0.00 ,  0.00 
 0.00 ,  0.00 ,  0.00 
 0.00 ,  0.00 ,  0.00 
 0.00 ,  0.00 ,  0.00 
 0.00 ,  0.00 ,  0.00 
 0.00 ,  0.00 ,  0.00 
 0.00 ,  0.00 ,  0.00 
 0.00 ,  0.00 ,  0.00 
 0.00 ,  0.00 ,  0.00 
 0.00 ,  0.00 ,  0.00 
 0.00 ,  0.00 ,  0.00 
3836.01 ,  0.00 , 3567.49 
 0.00 ,  0.00 ,  0.00 
 0.00 ,  0.00 ,  0.00 
 0.00 ,  0.00 ,  0.00 
 0.00 ,  0.00 ,  0.00 
 0.00 ,  0.00 ,  0.00 
 0.00 ,  0.00 ,  0.00 
 0.00 ,  0.00 ,  0.00 
 0.00 ,  0.00 ,  0.00 
 0.00 ,  0.00 ,  0.00 
3823.47 ,  0.00 , 3555.83 
 0.00 ,  0.00 ,  0.00 
 0.00 ,  0.00 ,  0.00 
 0.00 ,  0.00 ,  0.00 
 0.00 ,  0.00 ,  0.00 
 0.00 ,  0.00 ,  0.00 
 0.00 ,  0.00 ,  0.00 
 0.00 ,  0.00 ,  0.00 
 0.00 ,  0.00 ,  0.00 
 0.00 ,  0.00 ,  0.00 
 0.00 ,  0.00 ,  0.00 
 0.00 ,  0.00 ,  0.00 
 0.00 ,  0.00 ,  0.00 
 0.00 ,  0.00 ,  0.00 
3836.01 ,  0.00 , 3567.49 
 0.00 ,  0.00 ,  0.00 
 0.00 ,  0.00 ,  0.00 
 0.00 ,  0.00 ,  0.00 
 0.00 ,  0.00 ,  0.00 
 0.00 ,  0.00 ,  0.00 
 0.00 ,  0.00 ,  0.00 
 0.00 ,  0.00 ,  0.00 
 0.00 ,  0.00 ,  0.00 
 0.00 ,  0.00 ,  0.00 
3823.47 ,  0.00 , 3555.83 
 0.00 ,  0.00 ,  0.00 
 0.00 ,  0.00 ,  0.00 
 0.00 ,  0.00 ,  0.00 
 0.00 ,  0.00 ,  0.00 
 0.00 ,  0.00 ,  0.00 
 0.00 ,  0.00 ,  0.00 
 0.00 ,  0.00 ,  0.00 
 0.00 ,  0.00 ,  0.00 
 0.00 ,  0.00 ,  0.00 
 0.00 ,  0.00 ,  0.00 
 0.00 ,  0.00 ,  0.00 
 0.00 ,  0.00 ,  0.00 
 0.00 ,  0.00 ,  0.00 
3836.01 ,  0.00 , 3567.49 
 0.00 ,  0.00 ,  0.00 
 0.00 ,  0.00 ,  0.00 
 0.00 ,  0.00 ,  0.00 
 0.00 ,  0.00 ,  0.00 
 0.00 ,  0.00 ,  0.00 
 0.00 ,  0.00 ,  0.00 
 0.00 ,  0.00 ,  0.00 
 0.00 ,  0.00 ,  0.00 
 0.00 ,  0.00 ,  0.00 
3823.47 ,  0.00 , 3555.83 
 0.00 ,  0.00 ,  0.00 
 0.00 ,  0.00 ,  0.00 
 0.00 ,  0.00 ,  0.00 
 0.00 ,  0.00 ,  0.00 
 0.00 ,  0.00 ,  0.00 
 0.00 ,  0.00 ,  0.00 
 0.00 ,  0.00 ,  0.00 
 0.00 ,  0.00 ,  0.00 
 0.00 ,  0.00 ,  0.00 
 0.00 ,  0.00 ,  0.00 
 0.00 ,  0.00 ,  0.00 
 0.00 ,  0.00 ,  0.00 
 0.00 ,  0.00 ,  0.00 
3836.01 ,  0.00 , 3567.49 
 0.00 ,  0.00 ,  0.00 
 0.00 ,  0.00 ,  0.00 
 0.00 ,  0.00 ,  0.00 
 0.00 ,  0.00 ,  0.00 
 0.00 ,  0.00 ,  0.00 
 0.00 ,  0.00 ,  0.00 
 0.00 ,  0.00 ,  0.00 
 0.00 ,  0.00 ,  0.00 
 0.00 ,  0.00 ,  0.00 
3823.47 ,  0.00 , 3555.83 
 0.00 ,  0.00 ,  0.00 
 0.00 ,  0.00 ,  0.00 
 0.00 ,  0.00 ,  0.00 
 0.00 ,  0.00 ,  0.00 
 0.00 ,  0.00 ,  0.00 
 0.00 ,  0.00 ,  0.00 
 0.00 ,  0.00 ,  0.00 
 0.00 ,  0.00 ,  0.00 
 0.00 ,  0.00 ,  0.00 
 0.00 ,  0.00 ,  0.00 
 0.00 ,  0.00 ,  0.00 
 0.00 ,  0.00 ,  0.00 
 0.00 ,  0.00 ,  0.00 
3836.01 ,  0.00 , 3567.49 
 0.00 ,  0.00 ,  0.00 
 0.00 ,  0.00 ,  0.00 
 0.00 ,  0.00 ,  0.00 
 0.00 ,  0.00 ,  0.00 
 0.00 ,  0.00 ,  0.00 
 0.00 ,  0.00 ,  0.00 
 0.00 ,  0.00 ,  0.00 
 0.00 ,  0.00 ,  0.00 
 0.00 ,  0.00 ,  0.00 
3823.47 ,  0.00 , 3555.83 
 0.00 ,  0.00 ,  0.00 
 0.00 ,  0.00 ,  0.00 
 0.00 ,  0.00 ,  0.00 
 0.00 ,  0.00 ,  0.00 
 0.00 ,  0.00 ,  0.00 
 0.00 ,  0.00 ,  0.00 
 0.00 ,  0.00 ,  0.00 
 0.00 ,  0.00 ,  0.00 
 0.00 ,  0.00 ,  0.00 
 0.00 ,  0.00 ,  0.00 
 0.00 ,  0.00 ,  0.00 
 0.00 ,  0.00 ,  0.00 
 0.00 ,  0.00 ,  0.00 
3836.01 ,  0.00 , 3567.49 
 0.00 ,  0.00 ,  0.00 
 0.00 ,  0.00 ,  0.00 
 0.00 ,  0.00 ,  0.00 
 0.00 ,  0.00 ,  0.00 
 0.00 ,  0.00 ,  0.00 
 0.00 ,  0.00 ,  0.00 
 0.00 ,  0.00 ,  0.00 
 0.00 ,  0.00 ,  0.00 
 0.00 ,  0.00 ,  0.00 
3823.47 ,  0.00 , 3555.83 
 0.00 ,  0.00 ,  0.00 
 0.00 ,  0.00 ,  0.00 
 0.00 ,  0.00 ,  0.00 
 0.00 ,  0.00 ,  0.00 
 0.00 ,  0.00 ,  0.00 
 0.00 ,  0.00 ,  0.00 
 0.00 ,  0.00 ,  0.00 
 0.00 ,  0.00 ,  0.00 
 0.00 ,  0.00 ,  0.00 
 0.00 ,  0.00 ,  0.00 
 0.00 ,  0.00 ,  0.00 
 0.00 ,  0.00 ,  0.00 
 0.00 ,  0.00 ,  0.00 
3836.01 ,  0.00 , 3567.49 
 0.00 ,  0.00 ,  0.00 
 0.00 ,  0.00 ,  0.00 
 0.00 ,  0.00 ,  0.00 
 0.00 ,  0.00 ,  0.00 
 0.00 ,  0.00 ,  0.00 
 0.00 ,  0.00 ,  0.00 
 0.00 ,  0.00 ,  0.00 
 0.00 ,  0.00 ,  0.00 
 0.00 ,  0.00 ,  0.00 
3823.47 ,  0.00 , 3555.83 
 0.00 ,  0.00 ,  0.00 
 0.00 ,  0.00 ,  0.00 
 0.00 ,  0.00 ,  0.00 
 0.00 ,  0.00 ,  0.00 
 0.00 ,  0.00 ,  0.00 
 0.00 ,  0.00 ,  0.00 
 0.00 ,  0.00 ,  0.00 
 0.00 ,  0.00 ,  0.00 
 0.00 ,  0.00 ,  0.00 
 0.00 ,  0.00 ,  0.00 
 0.00 ,  0.00 ,  0.00 
 0.00 ,  0.00 ,  0.00 
 0.00 ,  0.00 ,  0.00 
3836.01 ,  0.00 , 3567.49 
 0.00 ,  0.00 ,  0.00 
 0.00 ,  0.00 ,  0.00 
 0.00 ,  0.00 ,  0.00 
 0.00 ,  0.00 ,  0.00 
 0.00 ,  0.00 ,  0.00 
 0.00 ,  0.00 ,  0.00 
 0.00 ,  0.00 ,  0.00 
 0.00 ,  0.00 ,  0.00 
 0.00 ,  0.00 ,  0.00 
3823.47 ,  0.00 , 3555.83 
 0.00 ,  0.00 ,  0.00 
 0.00 ,  0.00 ,  0.00 
 0.00 ,  0.00 ,  0.00 
 0.00 ,  0.00 ,  0.00 
 0.00 ,  0.00 ,  0.00 
 0.00 ,  0.00 ,  0.00 
 0.00 ,  0.00 ,  0.00 
 0.00 ,  0.00 ,  0.00 
 0.00 ,  0.00 ,  0.00 
 0.00 ,  0.00 ,  0.00 
 0.00 ,  0.00 ,  0.00 
 0.00 ,  0.00 ,  0.00 
 0.00 ,  0.00 ,  0.00 
3836.01 ,  0.00 , 3567.49 
 0.00 ,  0.00 ,  0.00 
 0.00 ,  0.00 ,  0.00 
 0.00 ,  0.00 ,  0.00 
 0.00 ,  0.00 ,  0.00 
 0.00 ,  0.00 ,  0.00 
 0.00 ,  0.00 ,  0.00 
 0.00 ,  0.00 ,  0.00 
 0.00 ,  0.00 ,  0.00 
 0.00 ,  0.00 ,  0.00 
3823.47 ,  0.00 , 3555.83 
 0.00 ,  0.00 ,  0.00 
 0.00 ,  0.00 ,  0.00 
 0.00 ,  0.00 ,  0.00 
 0.00 ,  0.00 ,  0.00 
 0.00 ,  0.00 ,  0.00 
 0.00 ,  0.00 ,  0.00 
 0.00 ,  0.00 ,  0.00 
 0.00 ,  0.00 ,  0.00 
 0.00 ,  0.00 ,  0.00 
 0.00 ,  0.00 ,  0.00 
 0.00 ,  0.00 ,  0.00 
 0.00 ,  0.00 ,  0.00 
 0.00 ,  0.00 ,  0.00 
3836.01 ,  0.00 , 3567.49 
 0.00 ,  0.00 ,  0.00 
 0.00 ,  0.00 ,  0.00 
 0.00 ,  0.00 ,  0.00 
 0.00 ,  0.00 ,  0.00 
 0.00 ,  0.00 ,  0.00 
 0.00 ,  0.00 ,  0.00 
 0.00 ,  0.00 ,  0.00 
 0.00 ,  0.00 ,  0.00 
 0.00 ,  0.00 ,  0.00 
3823.47 ,  0.00 , 3555.83 
 0.00 ,  0.00 ,  0.00 
 0.00 ,  0.00 ,  0.00 
 0.00 ,  0.00 ,  0.00 
 0.00 ,  0.00 ,  0.00 
 0.00 ,  0.00 ,  0.00 
 0.00 ,  0.00 ,  0.00 
 0.00 ,  0.00 ,  0.00 
 0.00 ,  0.00 ,  0.00 
 0.00 ,  0.00 ,  0.00 
 0.00 ,  0.00 ,  0.00 
 0.00 ,  0.00 ,  0.00 
 0.00 ,  0.00 ,  0.00 
 0.00 ,  0.00 ,  0.00 
3836.01 ,  0.00 , 3567.49 
 0.00 ,  0.00 ,  0.00 
 0.00 ,  0.00 ,  0.00 
 0.00 ,  0.00 ,  0.00 
 0.00 ,  0.00 ,  0.00 
 0.00 ,  0.00 ,  0.00 
 0.00 ,  0.00 ,  0.00 
 0.00 ,  0.00 ,  0.00 
 0.00 ,  0.00 ,  0.00 
 0.00 ,  0.00 ,  0.00 
3823.47 ,  0.00 , 3555.83 
 0.00 ,  0.00 ,  0.00 
 0.00 ,  0.00 ,  0.00 
 0.00 ,  0.00 ,  0.00 
 0.00 ,  0.00 ,  0.00 
 0.00 ,  0.00 ,  0.00 
 0.00 ,  0.00 ,  0.00 
 0.00 ,  0.00 ,  0.00 
 0.00 ,  0.00 ,  0.00 
 0.00 ,  0.00 ,  0.00 
 0.00 ,  0.00 ,  0.00 
 0.00 ,  0.00 ,  0.00 
 0.00 ,  0.00 ,  0.00 
 0.00 ,  0.00 ,  0.00 
3836.01 ,  0.00 , 3567.49 
 0.00 ,  0.00 ,  0.00 
 0.00 ,  0.00 ,  0.00 
 0.00 ,  0.00 ,  0.00 
 0.00 ,  0.00 ,  0.00 
 0.00 ,  0.00 ,  0.00 
 0.00 ,  0.00 ,  0.00 
 0.00 ,  0.00 ,  0.00 
 0.00 ,  0.00 ,  0.00 
 0.00 ,  0.00 ,  0.00 
3823.47 ,  0.00 , 3555.83 
 0.00 ,  0.00 ,  0.00 
 0.00 ,  0.00 ,  0.00 
 0.00 ,  0.00 ,  0.00 
 0.00 ,  0.00 ,  0.00 
 0.00 ,  0.00 ,  0.00 
 0.00 ,  0.00 ,  0.00 
 0.00 ,  0.00 ,  0.00 
 0.00 ,  0.00 ,  0.00 
 0.00 ,  0.00 ,  0.00 
 0.00 ,  0.00 ,  0.00 
 0.00 ,  0.00 ,  0.00 
 0.00 ,  0.00 ,  0.00 
 0.00 ,  0.00 ,  0.00 
3836.01 ,  0.00 , 3567.49 
 0.00 ,  0.00 ,  0.00 
 0.00 ,  0.00 ,  0.00 
 0.00 ,  0.00 ,  0.00 
 0.00 ,  0.00 ,  0.00 
 0.00 ,  0.00 ,  0.00 
 0.00 ,  0.00 ,  0.00 
 0.00 ,  0.00 ,  0.00 
 0.00 ,  0.00 ,  0.00 
 0.00 ,  0.00 ,  0.00 
3823.47 ,  0.00 , 3555.83 
 0.00 ,  0.00 ,  0.00 
 0.00 ,  0.00 ,  0.00 
 0.00 ,  0.00 ,  0.00 
 0.00 ,  0.00 ,  0.00 
 0.00 ,  0.00 ,  0.00 
 0.00 ,  0.00 ,  0.00 
 0.00 ,  0.00 ,  0.00 
 0.00 ,  0.00 ,  0.00 
 0.00 ,  0.00 ,  0.00 
 0.00 ,  0.00 ,  0.00 
 0.00 ,  0.00 ,  0.00 
 0.00 ,  0.00 ,  0.00 
 0.00 ,  0.00 ,  0.00 
3836.01 ,  0.00 , 3567.49 
 0.00 ,  0.00 ,  0.00 
 0.00 ,  0.00 ,  0.00 
 0.00 ,  0.00 ,  0.00 
 0.00 ,  0.00 ,  0.00 
 0.00 ,  0.00 ,  0.00 
 0.00 ,  0.00 ,  0.00 
 0.00 ,  0.00 ,  0.00 
 0.00 ,  0.00 ,  0.00 
 0.00 ,  0.00 ,  0.00 
3823.47 ,  0.00 , 3555.83 
 0.00 ,  0.00 ,  0.00 
 0.00 ,  0.00 ,  0.00 
 0.00 ,  0.00 ,  0.00 
 0.00 ,  0.00 ,  0.00 
 0.00 ,  0.00 ,  0.00 
 0.00 ,  0.00 ,  0.00 
 0.00 ,  0.00 ,  0.00 
 0.00 ,  0.00 ,  0.00 
 0.00 ,  0.00 ,  0.00 
 0.00 ,  0.00 ,  0.00 
 0.00 ,  0.00 ,  0.00 
 0.00 ,  0.00 ,  0.00 
 0.00 ,  0.00 ,  0.00 
3836.01 ,  0.00 , 3567.49 
 0.00 ,  0.00 ,  0.00 
 0.00 ,  0.00 ,  0.00 
 0.00 ,  0.00 ,  0.00 
 0.00 ,  0.00 ,  0.00 
 0.00 ,  0.00 ,  0.00 
 0.00 ,  0.00 ,  0.00 
 0.00 ,  0.00 ,  0.00 
 0.00 ,  0.00 ,  0.00 
 0.00 ,  0.00 ,  0.00 
3823.47 ,  0.00 , 3555.83 
 0.00 ,  0.00 ,  0.00 
 0.00 ,  0.00 ,  0.00 
 0.00 ,  0.00 ,  0.00 
 0.00 ,  0.00 ,  0.00 
 0.00 ,  0.00 ,  0.00 
 0.00 ,  0.00 ,  0.00 
 0.00 ,  0.00 ,  0.00 
 0.00 ,  0.00 ,  0.00 
 0.00 ,  0.00 ,  0.00 
 0.00 ,  0.00 ,  0.00 
 0.00 ,  0.00 ,  0.00 
 0.00 ,  0.00 ,  0.00 
 0.00 ,  0.00 ,  0.00 
3836.01 ,  0.00 , 3567.49 
 0.00 ,  0.00 ,  0.00 
 0.00 ,  0.00 ,  0.00 
 0.00 ,  0.00 ,  0.00 
 0.00 ,  0.00 ,  0.00 
 0.00 ,  0.00 ,  0.00 
 0.00 ,  0.00 ,  0.00 
 0.00 ,  0.00 ,  0.00 
 0.00 ,  0.00 ,  0.00 
 0.00 ,  0.00 ,  0.00 
3823.47 ,  0.00 , 3555.83 
 0.00 ,  0.00 ,  0.00 
 0.00 ,  0.00 ,  0.00 
 0.00 ,  0.00 ,  0.00 
 0.00 ,  0.00 ,  0.00 
 0.00 ,  0.00 ,  0.00 
 0.00 ,  0.00 ,  0.00 
 0.00 ,  0.00 ,  0.00 
 0.00 ,  0.00 ,  0.00 
 0.00 ,  0.00 ,  0.00 
 0.00 ,  0.00 ,  0.00 
 0.00 ,  0.00 ,  0.00 
 0.00 ,  0.00 ,  0.00 
 0.00 ,  0.00 ,  0.00 
3836.01 ,  0.00 , 3567.49 
 0.00 ,  0.00 ,  0.00 
 0.00 ,  0.00 ,  0.00 
 0.00 ,  0.00 ,  0.00 
 0.00 ,  0.00 ,  0.00 
 0.00 ,  0.00 ,  0.00 
 0.00 ,  0.00 ,  0.00 
 0.00 ,  0.00 ,  0.00 
 0.00 ,  0.00 ,  0.00 
 0.00 ,  0.00 ,  0.00 
3823.47 ,  0.00 , 3555.83 
 0.00 ,  0.00 ,  0.00 
 0.00 ,  0.00 ,  0.00 
 0.00 ,  0.00 ,  0.00 
 0.00 ,  0.00 ,  0.00 
 0.00 ,  0.00 ,  0.00 
 0.00 ,  0.00 ,  0.00 
 0.00 ,  0.00 ,  0.00 
 0.00 ,  0.00 ,  0.00 
 0.00 ,  0.00 ,  0.00 
 0.00 ,  0.00 ,  0.00 
 0.00 ,  0.00 ,  0.00 
 0.00 ,  0.00 ,  0.00 
 0.00 ,  0.00 ,  0.00 
3836.01 ,  0.00 , 3567.49 
 0.00 ,  0.00 ,  0.00 
 0.00 ,  0.00 ,  0.00 
 0.00 ,  0.00 ,  0.00 
 0.00 ,  0.00 ,  0.00 
 0.00 ,  0.00 ,  0.00 
 0.00 ,  0.00 ,  0.00 
 0.00 ,  0.00 ,  0.00 
 0.00 ,  0.00 ,  0.00 
 0.00 ,  0.00 ,  0.00 
3823.47 ,  0.00 , 3555.83 
 0.00 ,  0.00 ,  0.00 
 0.00 ,  0.00 ,  0.00 
 0.00 ,  0.00 ,  0.00 
 0.00 ,  0.00 ,  0.00 
 0.00 ,  0.00 ,  0.00 
 0.00 ,  0.00 ,  0.00 
 0.00 ,  0.00 ,  0.00 
 0.00 ,  0.00 ,  0.00 
 0.00 ,  0.00 ,  0.00 
 0.00 ,  0.00 ,  0.00 
 0.00 ,  0.00 ,  0.00 
 0.00 ,  0.00 ,  0.00 
 0.00 ,  0.00 ,  0.00 
3836.01 ,  0.00 , 3567.49 
 0.00 ,  0.00 ,  0.00 
 0.00 ,  0.00 ,  0.00 
 0.00 ,  0.00 ,  0.00 
 0.00 ,  0.00 ,  0.00 
 0.00 ,  0.00 ,  0.00 
 0.00 ,  0.00 ,  0.00 
 0.00 ,  0.00 ,  0.00 
 0.00 ,  0.00 ,  0.00 
 0.00 ,  0.00 ,  0.00 
3823.47 ,  0.00 , 3555.83 
 0.00 ,  0.00 ,  0.00 
 0.00 ,  0.00 ,  0.00 
 0.00 ,  0.00 ,  0.00 
 0.00 ,  0.00 ,  0.00 
 0.00 ,  0.00 ,  0.00 
 0.00 ,  0.00 ,  0.00 
 0.00 ,  0.00 ,  0.00 
 0.00 ,  0.00 ,  0.00 
 0.00 ,  0.00 ,  0.00 
 0.00 ,  0.00 ,  0.00 
 0.00 ,  0.00 ,  0.00 
 0.00 ,  0.00 ,  0.00 
 0.00 ,  0.00 ,  0.00 
3836.01 ,  0.00 , 3567.49 
 0.00 ,  0.00 ,  0.00 
 0.00 ,  0.00 ,  0.00 
 0.00 ,  0.00 ,  0.00 
 0.00 ,  0.00 ,  0.00 
 0.00 ,  0.00 ,  0.00 
 0.00 ,  0.00 ,  0.00 
 0.00 ,  0.00 ,  0.00 
 0.00 ,  0.00 ,  0.00 
 0.00 ,  0.00 ,  0.00 
3823.47 ,  0.00 , 3555.83 
 0.00 ,  0.00 ,  0.00 
 0.00 ,  0.00 ,  0.00 
 0.00 ,  0.00 ,  0.00 
 0.00 ,  0.00 ,  0.00 
 0.00 ,  0.00 ,  0.00 
 0.00 ,  0.00 ,  0.00 
 0.00 ,  0.00 ,  0.00 
 0.00 ,  0.00 ,  0.00 
 0.00 ,  0.00 ,  0.00 
 0.00 ,  0.00 ,  0.00 
 0.00 ,  0.00 ,  0.00 
 0.00 ,  0.00 ,  0.00 
 0.00 ,  0.00 ,  0.00 
3836.01 ,  0.00 , 3567.49 
 0.00 ,  0.00 ,  0.00 
 0.00 ,  0.00 ,  0.00 
 0.00 ,  0.00 ,  0.00 
 0.00 ,  0.00 ,  0.00 
 0.00 ,  0.00 ,  0.00 
 0.00 ,  0.00 ,  0.00 
 0.00 ,  0.00 ,  0.00 
 0.00 ,  0.00 ,  0.00 
 0.00 ,  0.00 ,  0.00 
3823.47 ,  0.00 , 3555.83 
 0.00 ,  0.00 ,  0.00 
 0.00 ,  0.00 ,  0.00 
 0.00 ,  0.00 ,  0.00 
 0.00 ,  0.00 ,  0.00 
 0.00 ,  0.00 ,  0.00 
 0.00 ,  0.00 ,  0.00 
 0.00 ,  0.00 ,  0.00 
 0.00 ,  0.00 ,  0.00 
 0.00 ,  0.00 ,  0.00 
 0.00 ,  0.00 ,  0.00 
 0.00 ,  0.00 ,  0.00 
 0.00 ,  0.00 ,  0.00 
 0.00 ,  0.00 ,  0.00 
3836.01 ,  0.00 , 3567.49 
 0.00 ,  0.00 ,  0.00 
 0.00 ,  0.00 ,  0.00 
 0.00 ,  0.00 ,  0.00 
 0.00 ,  0.00 ,  0.00 
 0.00 ,  0.00 ,  0.00 
 0.00 ,  0.00 ,  0.00 
 0.00 ,  0.00 ,  0.00 
 0.00 ,  0.00 ,  0.00 
 0.00 ,  0.00 ,  0.00 
3823.47 ,  0.00 , 3555.83 
 0.00 ,  0.00 ,  0.00 
 0.00 ,  0.00 ,  0.00 
 0.00 ,  0.00 ,  0.00 
 0.00 ,  0.00 ,  0.00 
 0.00 ,  0.00 ,  0.00 
 0.00 ,  0.00 ,  0.00 
 0.00 ,  0.00 ,  0.00 
 0.00 ,  0.00 ,  0.00 
 0.00 ,  0.00 ,  0.00 
 0.00 ,  0.00 ,  0.00 
 0.00 ,  0.00 ,  0.00 
 0.00 ,  0.00 ,  0.00 
 0.00 ,  0.00 ,  0.00 
3836.01 ,  0.00 , 3567.49 
 0.00 ,  0.00 ,  0.00 
 0.00 ,  0.00 ,  0.00 
 0.00 ,  0.00 ,  0.00 
 0.00 ,  0.00 ,  0.00 
 0.00 ,  0.00 ,  0.00 
 0.00 ,  0.00 ,  0.00 
 0.00 ,  0.00 ,  0.00 
 0.00 ,  0.00 ,  0.00 
 0.00 ,  0.00 ,  0.00 
3823.47 ,  0.00 , 3555.83 
 0.00 ,  0.00 ,  0.00 
 0.00 ,  0.00 ,  0.00 
 0.00 ,  0.00 ,  0.00 
 0.00 ,  0.00 ,  0.00 
 0.00 ,  0.00 ,  0.00 
 0.00 ,  0.00 ,  0.00 
 0.00 ,  0.00 ,  0.00 
 0.00 ,  0.00 ,  0.00 
 0.00 ,  0.00 ,  0.00 
 0.00 ,  0.00 ,  0.00 
 0.00 ,  0.00 ,  0.00 
 0.00 ,  0.00 ,  0.00 
 0.00 ,  0.00 ,  0.00 
3836.01 ,  0.00 , 3567.49 
 0.00 ,  0.00 ,  0.00 
 0.00 ,  0.00 ,  0.00 
 0.00 ,  0.00 ,  0.00 
 0.00 ,  0.00 ,  0.00 
 0.00 ,  0.00 ,  0.00 
 0.00 ,  0.00 ,  0.00 
 0.00 ,  0.00 ,  0.00 
 0.00 ,  0.00 ,  0.00 
 0.00 ,  0.00 ,  0.00 
3823.47 ,  0.00 , 3555.83 
 0.00 ,  0.00 ,  0.00 
 0.00 ,  0.00 ,  0.00 
 0.00 ,  0.00 ,  0.00 
 0.00 ,  0.00 ,  0.00 
 0.00 ,  0.00 ,  0.00 
 0.00 ,  0.00 ,  0.00 
 0.00 ,  0.00 ,  0.00 
 0.00 ,  0.00 ,  0.00 
 0.00 ,  0.00 ,  0.00 
 0.00 ,  0.00 ,  0.00 
 0.00 ,  0.00 ,  0.00 
 0.00 ,  0.00 ,  0.00 
 0.00 ,  0.00 ,  0.00 
3770.18 ,  0.00 , 3506.26 
 0.00 ,  0.00 ,  0.00 
 0.00 ,  0.00 ,  0.00 
 0.00 ,  0.00 ,  0.00 
 0.00 ,  0.00 ,  0.00 
 0.00 ,  0.00 ,  0.00 
 0.00 ,  0.00 ,  0.00 
 0.00 ,  0.00 ,  0.00 
 0.00 ,  0.00 ,  0.00 
 0.00 ,  0.00 ,  0.00 
 0.00 ,  0.00 ,  0.00 
3950.17 ,  0.00 , 3673.65 
 0.00 ,  0.00 ,  0.00 
 0.00 ,  0.00 ,  0.00 
 0.00 ,  0.00 ,  0.00 
 0.00 ,  0.00 ,  0.00 
 0.00 ,  0.00 ,  0.00 
 0.00 ,  0.00 ,  0.00 
 0.00 ,  0.00 ,  0.00 
 0.00 ,  0.00 ,  0.00 
 0.00 ,  0.00 ,  0.00 
 0.00 ,  0.00 ,  0.00 
 0.00 ,  0.00 ,  0.00 
 0.00 ,  0.00 ,  0.00 
 0.00 ,  0.00 ,  0.00 
3759.64 ,  0.00 , 3496.46 
 0.00 ,  0.00 ,  0.00 
 0.00 ,  0.00 ,  0.00 
 0.00 ,  0.00 ,  0.00 
 0.00 ,  0.00 ,  0.00 
 0.00 ,  0.00 ,  0.00 
 0.00 ,  0.00 ,  0.00 
 0.00 ,  0.00 ,  0.00 
 0.00 ,  0.00 ,  0.00 
 0.00 ,  0.00 ,  0.00 
 0.00 ,  0.00 ,  0.00 
3956.16 ,  0.00 , 3679.23 
 0.00 ,  0.00 ,  0.00 
 0.00 ,  0.00 ,  0.00 
 0.00 ,  0.00 ,  0.00 
 0.00 ,  0.00 ,  0.00 
 0.00 ,  0.00 ,  0.00 
 0.00 ,  0.00 ,  0.00 
 0.00 ,  0.00 ,  0.00 
 0.00 ,  0.00 ,  0.00 
 0.00 ,  0.00 ,  0.00 
 0.00 ,  0.00 ,  0.00 
 0.00 ,  0.00 ,  0.00 
 0.00 ,  0.00 ,  0.00 
 0.00 ,  0.00 ,  0.00 
3772.88 ,  0.00 , 3508.77 
 0.00 ,  0.00 ,  0.00 
 0.00 ,  0.00 ,  0.00 
 0.00 ,  0.00 ,  0.00 
 0.00 ,  0.00 ,  0.00 
 0.00 ,  0.00 ,  0.00 
 0.00 ,  0.00 ,  0.00 
 0.00 ,  0.00 ,  0.00 
 0.00 ,  0.00 ,  0.00 
 0.00 ,  0.00 ,  0.00 
 0.00 ,  0.00 ,  0.00 
3899.06 ,  0.00 , 3626.13 
 0.00 ,  0.00 ,  0.00 
 0.00 ,  0.00 ,  0.00 
 0.00 ,  0.00 ,  0.00 
 0.00 ,  0.00 ,  0.00 
 0.00 ,  0.00 ,  0.00 
 0.00 ,  0.00 ,  0.00 
 0.00 ,  0.00 ,  0.00 
 0.00 ,  0.00 ,  0.00 
 0.00 ,  0.00 ,  0.00 
 0.00 ,  0.00 ,  0.00 
 0.00 ,  0.00 ,  0.00 
 0.00 ,  0.00 ,  0.00 
 0.00 ,  0.00 ,  0.00 
3782.12 ,  0.00 , 3517.37 
 0.00 ,  0.00 ,  0.00 
 0.00 ,  0.00 ,  0.00 
 0.00 ,  0.00 ,  0.00 
 0.00 ,  0.00 ,  0.00 
 0.00 ,  0.00 ,  0.00 
 0.00 ,  0.00 ,  0.00 
 0.00 ,  0.00 ,  0.00 
 0.00 ,  0.00 ,  0.00 
 0.00 ,  0.00 ,  0.00 
 0.00 ,  0.00 ,  0.00 
3902.17 ,  0.00 , 3629.02 
 0.00 ,  0.00 ,  0.00 
 0.00 ,  0.00 ,  0.00 
 0.00 ,  0.00 ,  0.00 
 0.00 ,  0.00 ,  0.00 
 0.00 ,  0.00 ,  0.00 
 0.00 ,  0.00 ,  0.00 
 0.00 ,  0.00 ,  0.00 
 0.00 ,  0.00 ,  0.00 
 0.00 ,  0.00 ,  0.00 
 0.00 ,  0.00 ,  0.00 
 0.00 ,  0.00 ,  0.00 
 0.00 ,  0.00 ,  0.00 
 0.00 ,  0.00 ,  0.00 
3791.32 ,  0.00 , 3525.92 
 0.00 ,  0.00 ,  0.00 
 0.00 ,  0.00 ,  0.00 
 0.00 ,  0.00 ,  0.00 
 0.00 ,  0.00 ,  0.00 
 0.00 ,  0.00 ,  0.00 
 0.00 ,  0.00 ,  0.00 
 0.00 ,  0.00 ,  0.00 
 0.00 ,  0.00 ,  0.00 
 0.00 ,  0.00 ,  0.00 
 0.00 ,  0.00 ,  0.00 
3842.21 ,  0.00 , 3573.25 
 0.00 ,  0.00 ,  0.00 
 0.00 ,  0.00 ,  0.00 
 0.00 ,  0.00 ,  0.00 
 0.00 ,  0.00 ,  0.00 
 0.00 ,  0.00 ,  0.00 
 0.00 ,  0.00 ,  0.00 
 0.00 ,  0.00 ,  0.00 
 0.00 ,  0.00 ,  0.00 
 0.00 ,  0.00 ,  0.00 
 0.00 ,  0.00 ,  0.00 
 0.00 ,  0.00 ,  0.00 
 0.00 ,  0.00 ,  0.00 
 0.00 ,  0.00 ,  0.00 
3796.54 ,  0.00 , 3530.78 
 0.00 ,  0.00 ,  0.00 
 0.00 ,  0.00 ,  0.00 
 0.00 ,  0.00 ,  0.00 
 0.00 ,  0.00 ,  0.00 
 0.00 ,  0.00 ,  0.00 
 0.00 ,  0.00 ,  0.00 
 0.00 ,  0.00 ,  0.00 
 0.00 ,  0.00 ,  0.00 
 0.00 ,  0.00 ,  0.00 
 0.00 ,  0.00 ,  0.00 
3842.46 ,  0.00 , 3573.49 
 0.00 ,  0.00 ,  0.00 
 0.00 ,  0.00 ,  0.00 
 0.00 ,  0.00 ,  0.00 
 0.00 ,  0.00 ,  0.00 
 0.00 ,  0.00 ,  0.00 
 0.00 ,  0.00 ,  0.00 
 0.00 ,  0.00 ,  0.00 
 0.00 ,  0.00 ,  0.00 
 0.00 ,  0.00 ,  0.00 
 0.00 ,  0.00 ,  0.00 
 0.00 ,  0.00 ,  0.00 
 0.00 ,  0.00 ,  0.00 
 0.00 ,  0.00 ,  0.00 
3801.73 ,  0.00 , 3535.61 
 0.00 ,  0.00 ,  0.00 
 0.00 ,  0.00 ,  0.00 
 0.00 ,  0.00 ,  0.00 
 0.00 ,  0.00 ,  0.00 
 0.00 ,  0.00 ,  0.00 
 0.00 ,  0.00 ,  0.00 
 0.00 ,  0.00 ,  0.00 
 0.00 ,  0.00 ,  0.00 
 0.00 ,  0.00 ,  0.00 
 0.00 ,  0.00 ,  0.00 
 0.00 ,  0.00 ,  0.00 
 0.00 ,  0.00 ,  0.00 
 0.00 ,  0.00 ,  0.00 
 0.00 ,  0.00 ,  0.00 
 0.00 ,  0.00 ,  0.00 
3806.23 ,  0.00 , 3539.79 
 0.00 ,  0.00 ,  0.00 
 0.00 ,  0.00 ,  0.00 
 0.00 ,  0.00 ,  0.00 
 0.00 ,  0.00 ,  0.00 
 0.00 ,  0.00 ,  0.00 
 0.00 ,  0.00 ,  0.00 
 0.00 ,  0.00 ,  0.00 
 0.00 ,  0.00 ,  0.00 
 0.00 ,  0.00 ,  0.00 
3914.48 ,  0.00 , 3640.47 
 0.00 ,  0.00 ,  0.00 
 0.00 ,  0.00 ,  0.00 
 0.00 ,  0.00 ,  0.00 
 0.00 ,  0.00 ,  0.00 
 0.00 ,  0.00 ,  0.00 
 0.00 ,  0.00 ,  0.00 
 0.00 ,  0.00 ,  0.00 
 0.00 ,  0.00 ,  0.00 
 0.00 ,  0.00 ,  0.00 
 0.00 ,  0.00 ,  0.00 
 0.00 ,  0.00 ,  0.00 
 0.00 ,  0.00 ,  0.00 
 0.00 ,  0.00 ,  0.00 
 0.00 ,  0.00 ,  0.00 
 0.00 ,  0.00 ,  0.00 
4187.97 ,  0.00 , 3894.81 
 0.00 ,  0.00 ,  0.00 
 0.00 ,  0.00 ,  0.00 
 0.00 ,  0.00 ,  0.00 
 0.00 ,  0.00 ,  0.00 
 0.00 ,  0.00 ,  0.00 
 0.00 ,  0.00 ,  0.00 
 0.00 ,  0.00 ,  0.00 
 0.00 ,  0.00 ,  0.00 
 0.00 ,  0.00 ,  0.00 
 0.00 ,  0.00 ,  0.00 
3950.17 ,  0.00 , 3673.65 
 0.00 ,  0.00 ,  0.00 
 0.00 ,  0.00 ,  0.00 
 0.00 ,  0.00 ,  0.00 
 0.00 ,  0.00 ,  0.00 
 0.00 ,  0.00 ,  0.00 
 0.00 ,  0.00 ,  0.00 
 0.00 ,  0.00 ,  0.00 
 0.00 ,  0.00 ,  0.00 
 0.00 ,  0.00 ,  0.00 
 0.00 ,  0.00 ,  0.00 
 0.00 ,  0.00 ,  0.00 
 0.00 ,  0.00 ,  0.00 
 0.00 ,  0.00 ,  0.00 
3759.64 ,  0.00 , 3496.46 
 0.00 ,  0.00 ,  0.00 
 0.00 ,  0.00 ,  0.00 
 0.00 ,  0.00 ,  0.00 
 0.00 ,  0.00 ,  0.00 
 0.00 ,  0.00 ,  0.00 
 0.00 ,  0.00 ,  0.00 
 0.00 ,  0.00 ,  0.00 
 0.00 ,  0.00 ,  0.00 
 0.00 ,  0.00 ,  0.00 
 0.00 ,  0.00 ,  0.00 
3956.16 ,  0.00 , 3679.23 
 0.00 ,  0.00 ,  0.00 
 0.00 ,  0.00 ,  0.00 
 0.00 ,  0.00 ,  0.00 
 0.00 ,  0.00 ,  0.00 
 0.00 ,  0.00 ,  0.00 
 0.00 ,  0.00 ,  0.00 
 0.00 ,  0.00 ,  0.00 
 0.00 ,  0.00 ,  0.00 
 0.00 ,  0.00 ,  0.00 
 0.00 ,  0.00 ,  0.00 
 0.00 ,  0.00 ,  0.00 
 0.00 ,  0.00 ,  0.00 
 0.00 ,  0.00 ,  0.00 
3772.88 ,  0.00 , 3508.77 
 0.00 ,  0.00 ,  0.00 
 0.00 ,  0.00 ,  0.00 
 0.00 ,  0.00 ,  0.00 
 0.00 ,  0.00 ,  0.00 
 0.00 ,  0.00 ,  0.00 
 0.00 ,  0.00 ,  0.00 
 0.00 ,  0.00 ,  0.00 
 0.00 ,  0.00 ,  0.00 
 0.00 ,  0.00 ,  0.00 
 0.00 ,  0.00 ,  0.00 
3899.06 ,  0.00 , 3626.13 
 0.00 ,  0.00 ,  0.00 
 0.00 ,  0.00 ,  0.00 
 0.00 ,  0.00 ,  0.00 
 0.00 ,  0.00 ,  0.00 
 0.00 ,  0.00 ,  0.00 
 0.00 ,  0.00 ,  0.00 
 0.00 ,  0.00 ,  0.00 
 0.00 ,  0.00 ,  0.00 
 0.00 ,  0.00 ,  0.00 
 0.00 ,  0.00 ,  0.00 
 0.00 ,  0.00 ,  0.00 
 0.00 ,  0.00 ,  0.00 
 0.00 ,  0.00 ,  0.00 
3782.12 ,  0.00 , 3517.37 
 0.00 ,  0.00 ,  0.00 
 0.00 ,  0.00 ,  0.00 
 0.00 ,  0.00 ,  0.00 
 0.00 ,  0.00 ,  0.00 
 0.00 ,  0.00 ,  0.00 
 0.00 ,  0.00 ,  0.00 
 0.00 ,  0.00 ,  0.00 
 0.00 ,  0.00 ,  0.00 
 0.00 ,  0.00 ,  0.00 
 0.00 ,  0.00 ,  0.00 
3902.17 ,  0.00 , 3629.02 
 0.00 ,  0.00 ,  0.00 
 0.00 ,  0.00 ,  0.00 
 0.00 ,  0.00 ,  0.00 
 0.00 ,  0.00 ,  0.00 
 0.00 ,  0.00 ,  0.00 
 0.00 ,  0.00 ,  0.00 
 0.00 ,  0.00 ,  0.00 
 0.00 ,  0.00 ,  0.00 
 0.00 ,  0.00 ,  0.00 
 0.00 ,  0.00 ,  0.00 
 0.00 ,  0.00 ,  0.00 
 0.00 ,  0.00 ,  0.00 
 0.00 ,  0.00 ,  0.00 
3791.32 ,  0.00 , 3525.92 
 0.00 ,  0.00 ,  0.00 
 0.00 ,  0.00 ,  0.00 
 0.00 ,  0.00 ,  0.00 
 0.00 ,  0.00 ,  0.00 
 0.00 ,  0.00 ,  0.00 
 0.00 ,  0.00 ,  0.00 
 0.00 ,  0.00 ,  0.00 
 0.00 ,  0.00 ,  0.00 
 0.00 ,  0.00 ,  0.00 
 0.00 ,  0.00 ,  0.00 
3842.21 ,  0.00 , 3573.25 
 0.00 ,  0.00 ,  0.00 
 0.00 ,  0.00 ,  0.00 
 0.00 ,  0.00 ,  0.00 
 0.00 ,  0.00 ,  0.00 
 0.00 ,  0.00 ,  0.00 
 0.00 ,  0.00 ,  0.00 
 0.00 ,  0.00 ,  0.00 
 0.00 ,  0.00 ,  0.00 
 0.00 ,  0.00 ,  0.00 
 0.00 ,  0.00 ,  0.00 
 0.00 ,  0.00 ,  0.00 
 0.00 ,  0.00 ,  0.00 
 0.00 ,  0.00 ,  0.00 
3796.54 ,  0.00 , 3530.78 
 0.00 ,  0.00 ,  0.00 
 0.00 ,  0.00 ,  0.00 
 0.00 ,  0.00 ,  0.00 
 0.00 ,  0.00 ,  0.00 
 0.00 ,  0.00 ,  0.00 
 0.00 ,  0.00 ,  0.00 
 0.00 ,  0.00 ,  0.00 
 0.00 ,  0.00 ,  0.00 
 0.00 ,  0.00 ,  0.00 
 0.00 ,  0.00 ,  0.00 
3842.46 ,  0.00 , 3573.49 
 0.00 ,  0.00 ,  0.00 
 0.00 ,  0.00 ,  0.00 
 0.00 ,  0.00 ,  0.00 
 0.00 ,  0.00 ,  0.00 
 0.00 ,  0.00 ,  0.00 
 0.00 ,  0.00 ,  0.00 
 0.00 ,  0.00 ,  0.00 
 0.00 ,  0.00 ,  0.00 
 0.00 ,  0.00 ,  0.00 
 0.00 ,  0.00 ,  0.00 
 0.00 ,  0.00 ,  0.00 
 0.00 ,  0.00 ,  0.00 
 0.00 ,  0.00 ,  0.00 
3801.73 ,  0.00 , 3535.61 
 0.00 ,  0.00 ,  0.00 
 0.00 ,  0.00 ,  0.00 
 0.00 ,  0.00 ,  0.00 
 0.00 ,  0.00 ,  0.00 
 0.00 ,  0.00 ,  0.00 
 0.00 ,  0.00 ,  0.00 
 0.00 ,  0.00 ,  0.00 
 0.00 ,  0.00 ,  0.00 
 0.00 ,  0.00 ,  0.00 
 0.00 ,  0.00 ,  0.00 
 0.00 ,  0.00 ,  0.00 
 0.00 ,  0.00 ,  0.00 
 0.00 ,  0.00 ,  0.00 
 0.00 ,  0.00 ,  0.00 
 0.00 ,  0.00 ,  0.00 
3806.23 ,  0.00 , 3539.79 
 0.00 ,  0.00 ,  0.00 
 0.00 ,  0.00 ,  0.00 
 0.00 ,  0.00 ,  0.00 
 0.00 ,  0.00 ,  0.00 
 0.00 ,  0.00 ,  0.00 
 0.00 ,  0.00 ,  0.00 
 0.00 ,  0.00 ,  0.00 
 0.00 ,  0.00 ,  0.00 
 0.00 ,  0.00 ,  0.00 
3914.48 ,  0.00 , 3640.47 
 0.00 ,  0.00 ,  0.00 
 0.00 ,  0.00 ,  0.00 
 0.00 ,  0.00 ,  0.00 
 0.00 ,  0.00 ,  0.00 
 0.00 ,  0.00 ,  0.00 
 0.00 ,  0.00 ,  0.00 
 0.00 ,  0.00 ,  0.00 
 0.00 ,  0.00 ,  0.00 
 0.00 ,  0.00 ,  0.00 
 0.00 ,  0.00 ,  0.00 
 0.00 ,  0.00 ,  0.00 
 0.00 ,  0.00 ,  0.00 
 0.00 ,  0.00 ,  0.00 
 0.00 ,  0.00 ,  0.00 
 0.00 ,  0.00 ,  0.00 
4187.97 ,  0.00 , 3894.81 
 0.00 ,  0.00 ,  0.00 
 0.00 ,  0.00 ,  0.00 
 0.00 ,  0.00 ,  0.00 
 0.00 ,  0.00 ,  0.00 
 0.00 ,  0.00 ,  0.00 
 0.00 ,  0.00 ,  0.00 
 0.00 ,  0.00 ,  0.00 
 0.00 ,  0.00 ,  0.00 
 0.00 ,  0.00 ,  0.00 
 0.00 ,  0.00 ,  0.00 
3950.17 ,  0.00 , 3673.65 
 0.00 ,  0.00 ,  0.00 
 0.00 ,  0.00 ,  0.00 
 0.00 ,  0.00 ,  0.00 
 0.00 ,  0.00 ,  0.00 
 0.00 ,  0.00 ,  0.00 
 0.00 ,  0.00 ,  0.00 
 0.00 ,  0.00 ,  0.00 
 0.00 ,  0.00 ,  0.00 
 0.00 ,  0.00 ,  0.00 
 0.00 ,  0.00 ,  0.00 
 0.00 ,  0.00 ,  0.00 
 0.00 ,  0.00 ,  0.00 
 0.00 ,  0.00 ,  0.00 
3759.64 ,  0.00 , 3496.46 
 0.00 ,  0.00 ,  0.00 
 0.00 ,  0.00 ,  0.00 
 0.00 ,  0.00 ,  0.00 
 0.00 ,  0.00 ,  0.00 
 0.00 ,  0.00 ,  0.00 
 0.00 ,  0.00 ,  0.00 
 0.00 ,  0.00 ,  0.00 
 0.00 ,  0.00 ,  0.00 
 0.00 ,  0.00 ,  0.00 
 0.00 ,  0.00 ,  0.00 
3956.16 ,  0.00 , 3679.23 
 0.00 ,  0.00 ,  0.00 
 0.00 ,  0.00 ,  0.00 
 0.00 ,  0.00 ,  0.00 
 0.00 ,  0.00 ,  0.00 
 0.00 ,  0.00 ,  0.00 
 0.00 ,  0.00 ,  0.00 
 0.00 ,  0.00 ,  0.00 
 0.00 ,  0.00 ,  0.00 
 0.00 ,  0.00 ,  0.00 
 0.00 ,  0.00 ,  0.00 
 0.00 ,  0.00 ,  0.00 
 0.00 ,  0.00 ,  0.00 
 0.00 ,  0.00 ,  0.00 
3772.88 ,  0.00 , 3508.77 
 0.00 ,  0.00 ,  0.00 
 0.00 ,  0.00 ,  0.00 
 0.00 ,  0.00 ,  0.00 
 0.00 ,  0.00 ,  0.00 
 0.00 ,  0.00 ,  0.00 
 0.00 ,  0.00 ,  0.00 
 0.00 ,  0.00 ,  0.00 
 0.00 ,  0.00 ,  0.00 
 0.00 ,  0.00 ,  0.00 
 0.00 ,  0.00 ,  0.00 
3899.06 ,  0.00 , 3626.13 
 0.00 ,  0.00 ,  0.00 
 0.00 ,  0.00 ,  0.00 
 0.00 ,  0.00 ,  0.00 
 0.00 ,  0.00 ,  0.00 
 0.00 ,  0.00 ,  0.00 
 0.00 ,  0.00 ,  0.00 
 0.00 ,  0.00 ,  0.00 
 0.00 ,  0.00 ,  0.00 
 0.00 ,  0.00 ,  0.00 
 0.00 ,  0.00 ,  0.00 
 0.00 ,  0.00 ,  0.00 
 0.00 ,  0.00 ,  0.00 
 0.00 ,  0.00 ,  0.00 
3782.12 ,  0.00 , 3517.37 
 0.00 ,  0.00 ,  0.00 
 0.00 ,  0.00 ,  0.00 
 0.00 ,  0.00 ,  0.00 
 0.00 ,  0.00 ,  0.00 
 0.00 ,  0.00 ,  0.00 
 0.00 ,  0.00 ,  0.00 
 0.00 ,  0.00 ,  0.00 
 0.00 ,  0.00 ,  0.00 
 0.00 ,  0.00 ,  0.00 
 0.00 ,  0.00 ,  0.00 
3902.17 ,  0.00 , 3629.02 
 0.00 ,  0.00 ,  0.00 
 0.00 ,  0.00 ,  0.00 
 0.00 ,  0.00 ,  0.00 
 0.00 ,  0.00 ,  0.00 
 0.00 ,  0.00 ,  0.00 
 0.00 ,  0.00 ,  0.00 
 0.00 ,  0.00 ,  0.00 
 0.00 ,  0.00 ,  0.00 
 0.00 ,  0.00 ,  0.00 
 0.00 ,  0.00 ,  0.00 
 0.00 ,  0.00 ,  0.00 
 0.00 ,  0.00 ,  0.00 
 0.00 ,  0.00 ,  0.00 
3791.32 ,  0.00 , 3525.92 
 0.00 ,  0.00 ,  0.00 
 0.00 ,  0.00 ,  0.00 
 0.00 ,  0.00 ,  0.00 
 0.00 ,  0.00 ,  0.00 
 0.00 ,  0.00 ,  0.00 
 0.00 ,  0.00 ,  0.00 
 0.00 ,  0.00 ,  0.00 
 0.00 ,  0.00 ,  0.00 
 0.00 ,  0.00 ,  0.00 
 0.00 ,  0.00 ,  0.00 
3842.21 ,  0.00 , 3573.25 
 0.00 ,  0.00 ,  0.00 
 0.00 ,  0.00 ,  0.00 
 0.00 ,  0.00 ,  0.00 
 0.00 ,  0.00 ,  0.00 
 0.00 ,  0.00 ,  0.00 
 0.00 ,  0.00 ,  0.00 
 0.00 ,  0.00 ,  0.00 
 0.00 ,  0.00 ,  0.00 
 0.00 ,  0.00 ,  0.00 
 0.00 ,  0.00 ,  0.00 
 0.00 ,  0.00 ,  0.00 
 0.00 ,  0.00 ,  0.00 
 0.00 ,  0.00 ,  0.00 
3796.54 ,  0.00 , 3530.78 
 0.00 ,  0.00 ,  0.00 
 0.00 ,  0.00 ,  0.00 
 0.00 ,  0.00 ,  0.00 
 0.00 ,  0.00 ,  0.00 
 0.00 ,  0.00 ,  0.00 
 0.00 ,  0.00 ,  0.00 
 0.00 ,  0.00 ,  0.00 
 0.00 ,  0.00 ,  0.00 
 0.00 ,  0.00 ,  0.00 
 0.00 ,  0.00 ,  0.00 
3842.46 ,  0.00 , 3573.49 
 0.00 ,  0.00 ,  0.00 
 0.00 ,  0.00 ,  0.00 
 0.00 ,  0.00 ,  0.00 
 0.00 ,  0.00 ,  0.00 
 0.00 ,  0.00 ,  0.00 
 0.00 ,  0.00 ,  0.00 
 0.00 ,  0.00 ,  0.00 
 0.00 ,  0.00 ,  0.00 
 0.00 ,  0.00 ,  0.00 
 0.00 ,  0.00 ,  0.00 
 0.00 ,  0.00 ,  0.00 
 0.00 ,  0.00 ,  0.00 
 0.00 ,  0.00 ,  0.00 
3801.73 ,  0.00 , 3535.61 
 0.00 ,  0.00 ,  0.00 
 0.00 ,  0.00 ,  0.00 
 0.00 ,  0.00 ,  0.00 
 0.00 ,  0.00 ,  0.00 
 0.00 ,  0.00 ,  0.00 
 0.00 ,  0.00 ,  0.00 
 0.00 ,  0.00 ,  0.00 
 0.00 ,  0.00 ,  0.00 
 0.00 ,  0.00 ,  0.00 
 0.00 ,  0.00 ,  0.00 
 0.00 ,  0.00 ,  0.00 
 0.00 ,  0.00 ,  0.00 
 0.00 ,  0.00 ,  0.00 
 0.00 ,  0.00 ,  0.00 
 0.00 ,  0.00 ,  0.00 
3806.23 ,  0.00 , 3539.79 
 0.00 ,  0.00 ,  0.00 
 0.00 ,  0.00 ,  0.00 
 0.00 ,  0.00 ,  0.00 
 0.00 ,  0.00 ,  0.00 
 0.00 ,  0.00 ,  0.00 
 0.00 ,  0.00 ,  0.00 
 0.00 ,  0.00 ,  0.00 
 0.00 ,  0.00 ,  0.00 
 0.00 ,  0.00 ,  0.00 
3914.48 ,  0.00 , 3640.47 
 0.00 ,  0.00 ,  0.00 
 0.00 ,  0.00 ,  0.00 
 0.00 ,  0.00 ,  0.00 
 0.00 ,  0.00 ,  0.00 
 0.00 ,  0.00 ,  0.00 
 0.00 ,  0.00 ,  0.00 
 0.00 ,  0.00 ,  0.00 
 0.00 ,  0.00 ,  0.00 
 0.00 ,  0.00 ,  0.00 
 0.00 ,  0.00 ,  0.00 
 0.00 ,  0.00 ,  0.00 
 0.00 ,  0.00 ,  0.00 
 0.00 ,  0.00 ,  0.00 
 0.00 ,  0.00 ,  0.00 
 0.00 ,  0.00 ,  0.00 
4187.97 ,  0.00 , 3894.81 
 0.00 ,  0.00 ,  0.00 
 0.00 ,  0.00 ,  0.00 
 0.00 ,  0.00 ,  0.00 
 0.00 ,  0.00 ,  0.00 
 0.00 ,  0.00 ,  0.00 
 0.00 ,  0.00 ,  0.00 
 0.00 ,  0.00 ,  0.00 
 0.00 ,  0.00 ,  0.00 
 0.00 ,  0.00 ,  0.00 
 0.00 ,  0.00 ,  0.00 
3950.17 ,  0.00 , 3673.65 
 0.00 ,  0.00 ,  0.00 
 0.00 ,  0.00 ,  0.00 
 0.00 ,  0.00 ,  0.00 
 0.00 ,  0.00 ,  0.00 
 0.00 ,  0.00 ,  0.00 
 0.00 ,  0.00 ,  0.00 
 0.00 ,  0.00 ,  0.00 
 0.00 ,  0.00 ,  0.00 
 0.00 ,  0.00 ,  0.00 
 0.00 ,  0.00 ,  0.00 
 0.00 ,  0.00 ,  0.00 
 0.00 ,  0.00 ,  0.00 
 0.00 ,  0.00 ,  0.00 
3759.64 ,  0.00 , 3496.46 
 0.00 ,  0.00 ,  0.00 
 0.00 ,  0.00 ,  0.00 
 0.00 ,  0.00 ,  0.00 
 0.00 ,  0.00 ,  0.00 
 0.00 ,  0.00 ,  0.00 
 0.00 ,  0.00 ,  0.00 
 0.00 ,  0.00 ,  0.00 
 0.00 ,  0.00 ,  0.00 
 0.00 ,  0.00 ,  0.00 
 0.00 ,  0.00 ,  0.00 
3956.16 ,  0.00 , 3679.23 
 0.00 ,  0.00 ,  0.00 
 0.00 ,  0.00 ,  0.00 
 0.00 ,  0.00 ,  0.00 
 0.00 ,  0.00 ,  0.00 
 0.00 ,  0.00 ,  0.00 
 0.00 ,  0.00 ,  0.00 
 0.00 ,  0.00 ,  0.00 
 0.00 ,  0.00 ,  0.00 
 0.00 ,  0.00 ,  0.00 
 0.00 ,  0.00 ,  0.00 
 0.00 ,  0.00 ,  0.00 
 0.00 ,  0.00 ,  0.00 
 0.00 ,  0.00 ,  0.00 
3772.88 ,  0.00 , 3508.77 
 0.00 ,  0.00 ,  0.00 
 0.00 ,  0.00 ,  0.00 
 0.00 ,  0.00 ,  0.00 
 0.00 ,  0.00 ,  0.00 
 0.00 ,  0.00 ,  0.00 
 0.00 ,  0.00 ,  0.00 
 0.00 ,  0.00 ,  0.00 
 0.00 ,  0.00 ,  0.00 
 0.00 ,  0.00 ,  0.00 
 0.00 ,  0.00 ,  0.00 
3899.06 ,  0.00 , 3626.13 
 0.00 ,  0.00 ,  0.00 
 0.00 ,  0.00 ,  0.00 
 0.00 ,  0.00 ,  0.00 
 0.00 ,  0.00 ,  0.00 
 0.00 ,  0.00 ,  0.00 
 0.00 ,  0.00 ,  0.00 
 0.00 ,  0.00 ,  0.00 
 0.00 ,  0.00 ,  0.00 
 0.00 ,  0.00 ,  0.00 
 0.00 ,  0.00 ,  0.00 
 0.00 ,  0.00 ,  0.00 
 0.00 ,  0.00 ,  0.00 
 0.00 ,  0.00 ,  0.00 
3782.12 ,  0.00 , 3517.37 
 0.00 ,  0.00 ,  0.00 
 0.00 ,  0.00 ,  0.00 
 0.00 ,  0.00 ,  0.00 
 0.00 ,  0.00 ,  0.00 
 0.00 ,  0.00 ,  0.00 
 0.00 ,  0.00 ,  0.00 
 0.00 ,  0.00 ,  0.00 
 0.00 ,  0.00 ,  0.00 
 0.00 ,  0.00 ,  0.00 
 0.00 ,  0.00 ,  0.00 
3902.17 ,  0.00 , 3629.02 
 0.00 ,  0.00 ,  0.00 
 0.00 ,  0.00 ,  0.00 
 0.00 ,  0.00 ,  0.00 
 0.00 ,  0.00 ,  0.00 
 0.00 ,  0.00 ,  0.00 
 0.00 ,  0.00 ,  0.00 
 0.00 ,  0.00 ,  0.00 
 0.00 ,  0.00 ,  0.00 
 0.00 ,  0.00 ,  0.00 
 0.00 ,  0.00 ,  0.00 
 0.00 ,  0.00 ,  0.00 
 0.00 ,  0.00 ,  0.00 
 0.00 ,  0.00 ,  0.00 
3791.32 ,  0.00 , 3525.92 
 0.00 ,  0.00 ,  0.00 
 0.00 ,  0.00 ,  0.00 
 0.00 ,  0.00 ,  0.00 
 0.00 ,  0.00 ,  0.00 
 0.00 ,  0.00 ,  0.00 
 0.00 ,  0.00 ,  0.00 
 0.00 ,  0.00 ,  0.00 
 0.00 ,  0.00 ,  0.00 
 0.00 ,  0.00 ,  0.00 
 0.00 ,  0.00 ,  0.00 
3842.21 ,  0.00 , 3573.25 
 0.00 ,  0.00 ,  0.00 
 0.00 ,  0.00 ,  0.00 
 0.00 ,  0.00 ,  0.00 
 0.00 ,  0.00 ,  0.00 
 0.00 ,  0.00 ,  0.00 
 0.00 ,  0.00 ,  0.00 
 0.00 ,  0.00 ,  0.00 
 0.00 ,  0.00 ,  0.00 
 0.00 ,  0.00 ,  0.00 
 0.00 ,  0.00 ,  0.00 
 0.00 ,  0.00 ,  0.00 
 0.00 ,  0.00 ,  0.00 
 0.00 ,  0.00 ,  0.00 
3796.54 ,  0.00 , 3530.78 
 0.00 ,  0.00 ,  0.00 
 0.00 ,  0.00 ,  0.00 
 0.00 ,  0.00 ,  0.00 
 0.00 ,  0.00 ,  0.00 
 0.00 ,  0.00 ,  0.00 
 0.00 ,  0.00 ,  0.00 
 0.00 ,  0.00 ,  0.00 
 0.00 ,  0.00 ,  0.00 
 0.00 ,  0.00 ,  0.00 
 0.00 ,  0.00 ,  0.00 
3842.46 ,  0.00 , 3573.49 
 0.00 ,  0.00 ,  0.00 
 0.00 ,  0.00 ,  0.00 
 0.00 ,  0.00 ,  0.00 
 0.00 ,  0.00 ,  0.00 
 0.00 ,  0.00 ,  0.00 
 0.00 ,  0.00 ,  0.00 
 0.00 ,  0.00 ,  0.00 
 0.00 ,  0.00 ,  0.00 
 0.00 ,  0.00 ,  0.00 
 0.00 ,  0.00 ,  0.00 
 0.00 ,  0.00 ,  0.00 
 0.00 ,  0.00 ,  0.00 
 0.00 ,  0.00 ,  0.00 
3801.73 ,  0.00 , 3535.61 
 0.00 ,  0.00 ,  0.00 
 0.00 ,  0.00 ,  0.00 
 0.00 ,  0.00 ,  0.00 
 0.00 ,  0.00 ,  0.00 
 0.00 ,  0.00 ,  0.00 
 0.00 ,  0.00 ,  0.00 
 0.00 ,  0.00 ,  0.00 
 0.00 ,  0.00 ,  0.00 
 0.00 ,  0.00 ,  0.00 
 0.00 ,  0.00 ,  0.00 
 0.00 ,  0.00 ,  0.00 
 0.00 ,  0.00 ,  0.00 
 0.00 ,  0.00 ,  0.00 
 0.00 ,  0.00 ,  0.00 
 0.00 ,  0.00 ,  0.00 
3809.13 ,  0.00 , 3542.49 
 0.00 ,  0.00 ,  0.00 
 0.00 ,  0.00 ,  0.00 
 0.00 ,  0.00 ,  0.00 
 0.00 ,  0.00 ,  0.00 
 0.00 ,  0.00 ,  0.00 
 0.00 ,  0.00 ,  0.00 
 0.00 ,  0.00 ,  0.00 
 0.00 ,  0.00 ,  0.00 
3771.26 ,  0.00 , 3507.27 
 0.00 ,  0.00 ,  0.00 
 0.00 ,  0.00 ,  0.00 
 0.00 ,  0.00 ,  0.00 
 0.00 ,  0.00 ,  0.00 
 0.00 ,  0.00 ,  0.00 
 0.00 ,  0.00 ,  0.00 
 0.00 ,  0.00 ,  0.00 
 0.00 ,  0.00 ,  0.00 
 0.00 ,  0.00 ,  0.00 
 0.00 ,  0.00 ,  0.00 
 0.00 ,  0.00 ,  0.00 
 0.00 ,  0.00 ,  0.00 
 0.00 ,  0.00 ,  0.00 
 0.00 ,  0.00 ,  0.00 
 0.00 ,  0.00 ,  0.00 
3817.16 ,  0.00 , 3549.96 
 0.00 ,  0.00 ,  0.00 
 0.00 ,  0.00 ,  0.00 
 0.00 ,  0.00 ,  0.00 
 0.00 ,  0.00 ,  0.00 
 0.00 ,  0.00 ,  0.00 
 0.00 ,  0.00 ,  0.00 
 0.00 ,  0.00 ,  0.00 
 0.00 ,  0.00 ,  0.00 
3763.71 ,  0.00 , 3500.25 
 0.00 ,  0.00 ,  0.00 
 0.00 ,  0.00 ,  0.00 
 0.00 ,  0.00 ,  0.00 
 0.00 ,  0.00 ,  0.00 
 0.00 ,  0.00 ,  0.00 
 0.00 ,  0.00 ,  0.00 
 0.00 ,  0.00 ,  0.00 
 0.00 ,  0.00 ,  0.00 
 0.00 ,  0.00 ,  0.00 
 0.00 ,  0.00 ,  0.00 
 0.00 ,  0.00 ,  0.00 
 0.00 ,  0.00 ,  0.00 
 0.00 ,  0.00 ,  0.00 
 0.00 ,  0.00 ,  0.00 
 0.00 ,  0.00 ,  0.00 
4268.45 ,  0.00 , 3969.66 
 0.00 ,  0.00 ,  0.00 
 0.00 ,  0.00 ,  0.00 
 0.00 ,  0.00 ,  0.00 
 0.00 ,  0.00 ,  0.00 
 0.00 ,  0.00 ,  0.00 
 0.00 ,  0.00 ,  0.00 
 0.00 ,  0.00 ,  0.00 
 0.00 ,  0.00 ,  0.00 
 0.00 ,  0.00 ,  0.00 
 0.00 ,  0.00 ,  0.00 
4030.29 ,  0.00 , 3748.17 
 0.00 ,  0.00 ,  0.00 
 0.00 ,  0.00 ,  0.00 
 0.00 ,  0.00 ,  0.00 
 0.00 ,  0.00 ,  0.00 
 0.00 ,  0.00 ,  0.00 
 0.00 ,  0.00 ,  0.00 
 0.00 ,  0.00 ,  0.00 
 0.00 ,  0.00 ,  0.00 
 0.00 ,  0.00 ,  0.00 
 0.00 ,  0.00 ,  0.00 
 0.00 ,  0.00 ,  0.00 
 0.00 ,  0.00 ,  0.00 
 0.00 ,  0.00 ,  0.00 
3832.20 ,  0.00 , 3563.95 
 0.00 ,  0.00 ,  0.00 
 0.00 ,  0.00 ,  0.00 
 0.00 ,  0.00 ,  0.00 
 0.00 ,  0.00 ,  0.00 
 0.00 ,  0.00 ,  0.00 
 0.00 ,  0.00 ,  0.00 
 0.00 ,  0.00 ,  0.00 
 0.00 ,  0.00 ,  0.00 
 0.00 ,  0.00 ,  0.00 
 0.00 ,  0.00 ,  0.00 
4036.43 ,  0.00 , 3753.88 
 0.00 ,  0.00 ,  0.00 
 0.00 ,  0.00 ,  0.00 
 0.00 ,  0.00 ,  0.00 
 0.00 ,  0.00 ,  0.00 
 0.00 ,  0.00 ,  0.00 
 0.00 ,  0.00 ,  0.00 
 0.00 ,  0.00 ,  0.00 
 0.00 ,  0.00 ,  0.00 
 0.00 ,  0.00 ,  0.00 
 0.00 ,  0.00 ,  0.00 
 0.00 ,  0.00 ,  0.00 
 0.00 ,  0.00 ,  0.00 
 0.00 ,  0.00 ,  0.00 
3845.75 ,  0.00 , 3576.54 
 0.00 ,  0.00 ,  0.00 
 0.00 ,  0.00 ,  0.00 
 0.00 ,  0.00 ,  0.00 
 0.00 ,  0.00 ,  0.00 
 0.00 ,  0.00 ,  0.00 
 0.00 ,  0.00 ,  0.00 
 0.00 ,  0.00 ,  0.00 
 0.00 ,  0.00 ,  0.00 
 0.00 ,  0.00 ,  0.00 
 0.00 ,  0.00 ,  0.00 
3978.00 ,  0.00 , 3699.54 
 0.00 ,  0.00 ,  0.00 
 0.00 ,  0.00 ,  0.00 
 0.00 ,  0.00 ,  0.00 
 0.00 ,  0.00 ,  0.00 
 0.00 ,  0.00 ,  0.00 
 0.00 ,  0.00 ,  0.00 
 0.00 ,  0.00 ,  0.00 
 0.00 ,  0.00 ,  0.00 
 0.00 ,  0.00 ,  0.00 
 0.00 ,  0.00 ,  0.00 
 0.00 ,  0.00 ,  0.00 
 0.00 ,  0.00 ,  0.00 
 0.00 ,  0.00 ,  0.00 
3855.20 ,  0.00 , 3585.34 
 0.00 ,  0.00 ,  0.00 
 0.00 ,  0.00 ,  0.00 
 0.00 ,  0.00 ,  0.00 
 0.00 ,  0.00 ,  0.00 
 0.00 ,  0.00 ,  0.00 
 0.00 ,  0.00 ,  0.00 
 0.00 ,  0.00 ,  0.00 
 0.00 ,  0.00 ,  0.00 
 0.00 ,  0.00 ,  0.00 
 0.00 ,  0.00 ,  0.00 
3981.18 ,  0.00 , 3702.50 
 0.00 ,  0.00 ,  0.00 
 0.00 ,  0.00 ,  0.00 
 0.00 ,  0.00 ,  0.00 
 0.00 ,  0.00 ,  0.00 
 0.00 ,  0.00 ,  0.00 
 0.00 ,  0.00 ,  0.00 
 0.00 ,  0.00 ,  0.00 
 0.00 ,  0.00 ,  0.00 
 0.00 ,  0.00 ,  0.00 
 0.00 ,  0.00 ,  0.00 
 0.00 ,  0.00 ,  0.00 
 0.00 ,  0.00 ,  0.00 
 0.00 ,  0.00 ,  0.00 
3864.62 ,  0.00 , 3594.10 
 0.00 ,  0.00 ,  0.00 
 0.00 ,  0.00 ,  0.00 
 0.00 ,  0.00 ,  0.00 
 0.00 ,  0.00 ,  0.00 
 0.00 ,  0.00 ,  0.00 
 0.00 ,  0.00 ,  0.00 
 0.00 ,  0.00 ,  0.00 
 0.00 ,  0.00 ,  0.00 
 0.00 ,  0.00 ,  0.00 
 0.00 ,  0.00 ,  0.00 
3919.82 ,  0.00 , 3645.43 
 0.00 ,  0.00 ,  0.00 
 0.00 ,  0.00 ,  0.00 
 0.00 ,  0.00 ,  0.00 
 0.00 ,  0.00 ,  0.00 
 0.00 ,  0.00 ,  0.00 
 0.00 ,  0.00 ,  0.00 
 0.00 ,  0.00 ,  0.00 
 0.00 ,  0.00 ,  0.00 
 0.00 ,  0.00 ,  0.00 
 0.00 ,  0.00 ,  0.00 
 0.00 ,  0.00 ,  0.00 
 0.00 ,  0.00 ,  0.00 
 0.00 ,  0.00 ,  0.00 
3869.96 ,  0.00 , 3599.06 
 0.00 ,  0.00 ,  0.00 
 0.00 ,  0.00 ,  0.00 
 0.00 ,  0.00 ,  0.00 
 0.00 ,  0.00 ,  0.00 
 0.00 ,  0.00 ,  0.00 
 0.00 ,  0.00 ,  0.00 
 0.00 ,  0.00 ,  0.00 
 0.00 ,  0.00 ,  0.00 
 0.00 ,  0.00 ,  0.00 
 0.00 ,  0.00 ,  0.00 
3920.08 ,  0.00 , 3645.68 
 0.00 ,  0.00 ,  0.00 
 0.00 ,  0.00 ,  0.00 
 0.00 ,  0.00 ,  0.00 
 0.00 ,  0.00 ,  0.00 
 0.00 ,  0.00 ,  0.00 
 0.00 ,  0.00 ,  0.00 
 0.00 ,  0.00 ,  0.00 
 0.00 ,  0.00 ,  0.00 
 0.00 ,  0.00 ,  0.00 
 0.00 ,  0.00 ,  0.00 
 0.00 ,  0.00 ,  0.00 
 0.00 ,  0.00 ,  0.00 
 0.00 ,  0.00 ,  0.00 
3875.28 ,  0.00 , 3604.01 
 0.00 ,  0.00 ,  0.00 
 0.00 ,  0.00 ,  0.00 
 0.00 ,  0.00 ,  0.00 
 0.00 ,  0.00 ,  0.00 
 0.00 ,  0.00 ,  0.00 
 0.00 ,  0.00 ,  0.00 
 0.00 ,  0.00 ,  0.00 
 0.00 ,  0.00 ,  0.00 
 0.00 ,  0.00 ,  0.00 
 0.00 ,  0.00 ,  0.00 
 0.00 ,  0.00 ,  0.00 
 0.00 ,  0.00 ,  0.00 
 0.00 ,  0.00 ,  0.00 
3753.28 ,  0.00 , 3490.55 
 0.00 ,  0.00 ,  0.00 
 0.00 ,  0.00 ,  0.00 
 0.00 ,  0.00 ,  0.00 
 0.00 ,  0.00 ,  0.00 
 0.00 ,  0.00 ,  0.00 
 0.00 ,  0.00 ,  0.00 
 0.00 ,  0.00 ,  0.00 
 0.00 ,  0.00 ,  0.00 
 0.00 ,  0.00 ,  0.00 
 0.00 ,  0.00 ,  0.00 
3923.74 ,  0.00 , 3649.08 
 0.00 ,  0.00 ,  0.00 
 0.00 ,  0.00 ,  0.00 
 0.00 ,  0.00 ,  0.00 
 0.00 ,  0.00 ,  0.00 
 0.00 ,  0.00 ,  0.00 
 0.00 ,  0.00 ,  0.00 
 0.00 ,  0.00 ,  0.00 
 0.00 ,  0.00 ,  0.00 
 0.00 ,  0.00 ,  0.00 
 0.00 ,  0.00 ,  0.00 
 0.00 ,  0.00 ,  0.00 
 0.00 ,  0.00 ,  0.00 
 0.00 ,  0.00 ,  0.00 
 0.00 ,  0.00 ,  0.00 
 0.00 ,  0.00 ,  0.00 
3817.16 ,  0.00 , 3549.96 
 0.00 ,  0.00 ,  0.00 
 0.00 ,  0.00 ,  0.00 
 0.00 ,  0.00 ,  0.00 
 0.00 ,  0.00 ,  0.00 
 0.00 ,  0.00 ,  0.00 
 0.00 ,  0.00 ,  0.00 
 0.00 ,  0.00 ,  0.00 
 0.00 ,  0.00 ,  0.00 
3763.71 ,  0.00 , 3500.25 
 0.00 ,  0.00 ,  0.00 
 0.00 ,  0.00 ,  0.00 
 0.00 ,  0.00 ,  0.00 
 0.00 ,  0.00 ,  0.00 
 0.00 ,  0.00 ,  0.00 
 0.00 ,  0.00 ,  0.00 
 0.00 ,  0.00 ,  0.00 
 0.00 ,  0.00 ,  0.00 
 0.00 ,  0.00 ,  0.00 
 0.00 ,  0.00 ,  0.00 
 0.00 ,  0.00 ,  0.00 
 0.00 ,  0.00 ,  0.00 
 0.00 ,  0.00 ,  0.00 
 0.00 ,  0.00 ,  0.00 
 0.00 ,  0.00 ,  0.00 
4268.45 ,  0.00 , 3969.66 
 0.00 ,  0.00 ,  0.00 
 0.00 ,  0.00 ,  0.00 
 0.00 ,  0.00 ,  0.00 
 0.00 ,  0.00 ,  0.00 
 0.00 ,  0.00 ,  0.00 
 0.00 ,  0.00 ,  0.00 
 0.00 ,  0.00 ,  0.00 
 0.00 ,  0.00 ,  0.00 
 0.00 ,  0.00 ,  0.00 
 0.00 ,  0.00 ,  0.00 
4030.29 ,  0.00 , 3748.17 
 0.00 ,  0.00 ,  0.00 
 0.00 ,  0.00 ,  0.00 
 0.00 ,  0.00 ,  0.00 
 0.00 ,  0.00 ,  0.00 
 0.00 ,  0.00 ,  0.00 
 0.00 ,  0.00 ,  0.00 
 0.00 ,  0.00 ,  0.00 
 0.00 ,  0.00 ,  0.00 
 0.00 ,  0.00 ,  0.00 
 0.00 ,  0.00 ,  0.00 
 0.00 ,  0.00 ,  0.00 
 0.00 ,  0.00 ,  0.00 
 0.00 ,  0.00 ,  0.00 
3832.20 ,  0.00 , 3563.95 
 0.00 ,  0.00 ,  0.00 
 0.00 ,  0.00 ,  0.00 
 0.00 ,  0.00 ,  0.00 
 0.00 ,  0.00 ,  0.00 
 0.00 ,  0.00 ,  0.00 
 0.00 ,  0.00 ,  0.00 
 0.00 ,  0.00 ,  0.00 
 0.00 ,  0.00 ,  0.00 
 0.00 ,  0.00 ,  0.00 
 0.00 ,  0.00 ,  0.00 
4036.43 ,  0.00 , 3753.88 
 0.00 ,  0.00 ,  0.00 
 0.00 ,  0.00 ,  0.00 
 0.00 ,  0.00 ,  0.00 
 0.00 ,  0.00 ,  0.00 
 0.00 ,  0.00 ,  0.00 
 0.00 ,  0.00 ,  0.00 
 0.00 ,  0.00 ,  0.00 
 0.00 ,  0.00 ,  0.00 
 0.00 ,  0.00 ,  0.00 
 0.00 ,  0.00 ,  0.00 
 0.00 ,  0.00 ,  0.00 
 0.00 ,  0.00 ,  0.00 
 0.00 ,  0.00 ,  0.00 
3845.75 ,  0.00 , 3576.54 
 0.00 ,  0.00 ,  0.00 
 0.00 ,  0.00 ,  0.00 
 0.00 ,  0.00 ,  0.00 
 0.00 ,  0.00 ,  0.00 
 0.00 ,  0.00 ,  0.00 
 0.00 ,  0.00 ,  0.00 
 0.00 ,  0.00 ,  0.00 
 0.00 ,  0.00 ,  0.00 
 0.00 ,  0.00 ,  0.00 
 0.00 ,  0.00 ,  0.00 
3978.00 ,  0.00 , 3699.54 
 0.00 ,  0.00 ,  0.00 
 0.00 ,  0.00 ,  0.00 
 0.00 ,  0.00 ,  0.00 
 0.00 ,  0.00 ,  0.00 
 0.00 ,  0.00 ,  0.00 
 0.00 ,  0.00 ,  0.00 
 0.00 ,  0.00 ,  0.00 
 0.00 ,  0.00 ,  0.00 
 0.00 ,  0.00 ,  0.00 
 0.00 ,  0.00 ,  0.00 
 0.00 ,  0.00 ,  0.00 
 0.00 ,  0.00 ,  0.00 
 0.00 ,  0.00 ,  0.00 
3855.20 ,  0.00 , 3585.34 
 0.00 ,  0.00 ,  0.00 
 0.00 ,  0.00 ,  0.00 
 0.00 ,  0.00 ,  0.00 
 0.00 ,  0.00 ,  0.00 
 0.00 ,  0.00 ,  0.00 
 0.00 ,  0.00 ,  0.00 
 0.00 ,  0.00 ,  0.00 
 0.00 ,  0.00 ,  0.00 
 0.00 ,  0.00 ,  0.00 
 0.00 ,  0.00 ,  0.00 
3981.18 ,  0.00 , 3702.50 
 0.00 ,  0.00 ,  0.00 
 0.00 ,  0.00 ,  0.00 
 0.00 ,  0.00 ,  0.00 
 0.00 ,  0.00 ,  0.00 
 0.00 ,  0.00 ,  0.00 
 0.00 ,  0.00 ,  0.00 
 0.00 ,  0.00 ,  0.00 
 0.00 ,  0.00 ,  0.00 
 0.00 ,  0.00 ,  0.00 
 0.00 ,  0.00 ,  0.00 
 0.00 ,  0.00 ,  0.00 
 0.00 ,  0.00 ,  0.00 
 0.00 ,  0.00 ,  0.00 
3864.62 ,  0.00 , 3594.10 
 0.00 ,  0.00 ,  0.00 
 0.00 ,  0.00 ,  0.00 
 0.00 ,  0.00 ,  0.00 
 0.00 ,  0.00 ,  0.00 
 0.00 ,  0.00 ,  0.00 
 0.00 ,  0.00 ,  0.00 
 0.00 ,  0.00 ,  0.00 
 0.00 ,  0.00 ,  0.00 
 0.00 ,  0.00 ,  0.00 
 0.00 ,  0.00 ,  0.00 
3919.82 ,  0.00 , 3645.43 
 0.00 ,  0.00 ,  0.00 
 0.00 ,  0.00 ,  0.00 
 0.00 ,  0.00 ,  0.00 
 0.00 ,  0.00 ,  0.00 
 0.00 ,  0.00 ,  0.00 
 0.00 ,  0.00 ,  0.00 
 0.00 ,  0.00 ,  0.00 
 0.00 ,  0.00 ,  0.00 
 0.00 ,  0.00 ,  0.00 
 0.00 ,  0.00 ,  0.00 
 0.00 ,  0.00 ,  0.00 
 0.00 ,  0.00 ,  0.00 
 0.00 ,  0.00 ,  0.00 
3869.96 ,  0.00 , 3599.06 
 0.00 ,  0.00 ,  0.00 
 0.00 ,  0.00 ,  0.00 
 0.00 ,  0.00 ,  0.00 
 0.00 ,  0.00 ,  0.00 
 0.00 ,  0.00 ,  0.00 
 0.00 ,  0.00 ,  0.00 
 0.00 ,  0.00 ,  0.00 
 0.00 ,  0.00 ,  0.00 
 0.00 ,  0.00 ,  0.00 
 0.00 ,  0.00 ,  0.00 
3920.08 ,  0.00 , 3645.68 
 0.00 ,  0.00 ,  0.00 
 0.00 ,  0.00 ,  0.00 
 0.00 ,  0.00 ,  0.00 
 0.00 ,  0.00 ,  0.00 
 0.00 ,  0.00 ,  0.00 
 0.00 ,  0.00 ,  0.00 
 0.00 ,  0.00 ,  0.00 
 0.00 ,  0.00 ,  0.00 
 0.00 ,  0.00 ,  0.00 
 0.00 ,  0.00 ,  0.00 
 0.00 ,  0.00 ,  0.00 
 0.00 ,  0.00 ,  0.00 
 0.00 ,  0.00 ,  0.00 
3875.28 ,  0.00 , 3604.01 
 0.00 ,  0.00 ,  0.00 
 0.00 ,  0.00 ,  0.00 
 0.00 ,  0.00 ,  0.00 
 0.00 ,  0.00 ,  0.00 
 0.00 ,  0.00 ,  0.00 
 0.00 ,  0.00 ,  0.00 
 0.00 ,  0.00 ,  0.00 
 0.00 ,  0.00 ,  0.00 
 0.00 ,  0.00 ,  0.00 
 0.00 ,  0.00 ,  0.00 
 0.00 ,  0.00 ,  0.00 
 0.00 ,  0.00 ,  0.00 
 0.00 ,  0.00 ,  0.00 
3753.28 ,  0.00 , 3490.55 
 0.00 ,  0.00 ,  0.00 
 0.00 ,  0.00 ,  0.00 
 0.00 ,  0.00 ,  0.00 
 0.00 ,  0.00 ,  0.00 
 0.00 ,  0.00 ,  0.00 
 0.00 ,  0.00 ,  0.00 
 0.00 ,  0.00 ,  0.00 
 0.00 ,  0.00 ,  0.00 
 0.00 ,  0.00 ,  0.00 
 0.00 ,  0.00 ,  0.00 
3923.74 ,  0.00 , 3649.08 
 0.00 ,  0.00 ,  0.00 
 0.00 ,  0.00 ,  0.00 
 0.00 ,  0.00 ,  0.00 
 0.00 ,  0.00 ,  0.00 
 0.00 ,  0.00 ,  0.00 
 0.00 ,  0.00 ,  0.00 
 0.00 ,  0.00 ,  0.00 
 0.00 ,  0.00 ,  0.00 
 0.00 ,  0.00 ,  0.00 
 0.00 ,  0.00 ,  0.00 
 0.00 ,  0.00 ,  0.00 
 0.00 ,  0.00 ,  0.00 
 0.00 ,  0.00 ,  0.00 
 0.00 ,  0.00 ,  0.00 
 0.00 ,  0.00 ,  0.00 
3817.16 ,  0.00 , 3549.96 
 0.00 ,  0.00 ,  0.00 
 0.00 ,  0.00 ,  0.00 
 0.00 ,  0.00 ,  0.00 
 0.00 ,  0.00 ,  0.00 
 0.00 ,  0.00 ,  0.00 
 0.00 ,  0.00 ,  0.00 
 0.00 ,  0.00 ,  0.00 
 0.00 ,  0.00 ,  0.00 
3763.71 ,  0.00 , 3500.25 
 0.00 ,  0.00 ,  0.00 
 0.00 ,  0.00 ,  0.00 
 0.00 ,  0.00 ,  0.00 
 0.00 ,  0.00 ,  0.00 
 0.00 ,  0.00 ,  0.00 
 0.00 ,  0.00 ,  0.00 
 0.00 ,  0.00 ,  0.00 
 0.00 ,  0.00 ,  0.00 
 0.00 ,  0.00 ,  0.00 
 0.00 ,  0.00 ,  0.00 
 0.00 ,  0.00 ,  0.00 
 0.00 ,  0.00 ,  0.00 
 0.00 ,  0.00 ,  0.00 
 0.00 ,  0.00 ,  0.00 
 0.00 ,  0.00 ,  0.00 
4268.45 ,  0.00 , 3969.66 
 0.00 ,  0.00 ,  0.00 
 0.00 ,  0.00 ,  0.00 
 0.00 ,  0.00 ,  0.00 
 0.00 ,  0.00 ,  0.00 
 0.00 ,  0.00 ,  0.00 
 0.00 ,  0.00 ,  0.00 
 0.00 ,  0.00 ,  0.00 
 0.00 ,  0.00 ,  0.00 
 0.00 ,  0.00 ,  0.00 
 0.00 ,  0.00 ,  0.00 
4030.29 ,  0.00 , 3748.17 
 0.00 ,  0.00 ,  0.00 
 0.00 ,  0.00 ,  0.00 
 0.00 ,  0.00 ,  0.00 
 0.00 ,  0.00 ,  0.00 
 0.00 ,  0.00 ,  0.00 
 0.00 ,  0.00 ,  0.00 
 0.00 ,  0.00 ,  0.00 
 0.00 ,  0.00 ,  0.00 
 0.00 ,  0.00 ,  0.00 
 0.00 ,  0.00 ,  0.00 
 0.00 ,  0.00 ,  0.00 
 0.00 ,  0.00 ,  0.00 
 0.00 ,  0.00 ,  0.00 
3832.20 ,  0.00 , 3563.95 
 0.00 ,  0.00 ,  0.00 
 0.00 ,  0.00 ,  0.00 
 0.00 ,  0.00 ,  0.00 
 0.00 ,  0.00 ,  0.00 
 0.00 ,  0.00 ,  0.00 
 0.00 ,  0.00 ,  0.00 
 0.00 ,  0.00 ,  0.00 
 0.00 ,  0.00 ,  0.00 
 0.00 ,  0.00 ,  0.00 
 0.00 ,  0.00 ,  0.00 
4036.43 ,  0.00 , 3753.88 
 0.00 ,  0.00 ,  0.00 
 0.00 ,  0.00 ,  0.00 
 0.00 ,  0.00 ,  0.00 
 0.00 ,  0.00 ,  0.00 
 0.00 ,  0.00 ,  0.00 
 0.00 ,  0.00 ,  0.00 
 0.00 ,  0.00 ,  0.00 
 0.00 ,  0.00 ,  0.00 
 0.00 ,  0.00 ,  0.00 
 0.00 ,  0.00 ,  0.00 
 0.00 ,  0.00 ,  0.00 
 0.00 ,  0.00 ,  0.00 
 0.00 ,  0.00 ,  0.00 
3845.75 ,  0.00 , 3576.54 
 0.00 ,  0.00 ,  0.00 
 0.00 ,  0.00 ,  0.00 
 0.00 ,  0.00 ,  0.00 
 0.00 ,  0.00 ,  0.00 
 0.00 ,  0.00 ,  0.00 
 0.00 ,  0.00 ,  0.00 
 0.00 ,  0.00 ,  0.00 
 0.00 ,  0.00 ,  0.00 
 0.00 ,  0.00 ,  0.00 
 0.00 ,  0.00 ,  0.00 
3978.00 ,  0.00 , 3699.54 
 0.00 ,  0.00 ,  0.00 
 0.00 ,  0.00 ,  0.00 
 0.00 ,  0.00 ,  0.00 
 0.00 ,  0.00 ,  0.00 
 0.00 ,  0.00 ,  0.00 
 0.00 ,  0.00 ,  0.00 
 0.00 ,  0.00 ,  0.00 
 0.00 ,  0.00 ,  0.00 
 0.00 ,  0.00 ,  0.00 
 0.00 ,  0.00 ,  0.00 
 0.00 ,  0.00 ,  0.00 
 0.00 ,  0.00 ,  0.00 
 0.00 ,  0.00 ,  0.00 
3855.20 ,  0.00 , 3585.34 
 0.00 ,  0.00 ,  0.00 
 0.00 ,  0.00 ,  0.00 
 0.00 ,  0.00 ,  0.00 
 0.00 ,  0.00 ,  0.00 
 0.00 ,  0.00 ,  0.00 
 0.00 ,  0.00 ,  0.00 
 0.00 ,  0.00 ,  0.00 
 0.00 ,  0.00 ,  0.00 
 0.00 ,  0.00 ,  0.00 
 0.00 ,  0.00 ,  0.00 
3981.18 ,  0.00 , 3702.50 
 0.00 ,  0.00 ,  0.00 
 0.00 ,  0.00 ,  0.00 
 0.00 ,  0.00 ,  0.00 
 0.00 ,  0.00 ,  0.00 
 0.00 ,  0.00 ,  0.00 
 0.00 ,  0.00 ,  0.00 
 0.00 ,  0.00 ,  0.00 
 0.00 ,  0.00 ,  0.00 
 0.00 ,  0.00 ,  0.00 
 0.00 ,  0.00 ,  0.00 
 0.00 ,  0.00 ,  0.00 
 0.00 ,  0.00 ,  0.00 
 0.00 ,  0.00 ,  0.00 
3864.62 ,  0.00 , 3594.10 
 0.00 ,  0.00 ,  0.00 
 0.00 ,  0.00 ,  0.00 
 0.00 ,  0.00 ,  0.00 
 0.00 ,  0.00 ,  0.00 
 0.00 ,  0.00 ,  0.00 
 0.00 ,  0.00 ,  0.00 
 0.00 ,  0.00 ,  0.00 
 0.00 ,  0.00 ,  0.00 
 0.00 ,  0.00 ,  0.00 
 0.00 ,  0.00 ,  0.00 
3919.82 ,  0.00 , 3645.43 
 0.00 ,  0.00 ,  0.00 
 0.00 ,  0.00 ,  0.00 
 0.00 ,  0.00 ,  0.00 
 0.00 ,  0.00 ,  0.00 
 0.00 ,  0.00 ,  0.00 
 0.00 ,  0.00 ,  0.00 
 0.00 ,  0.00 ,  0.00 
 0.00 ,  0.00 ,  0.00 
 0.00 ,  0.00 ,  0.00 
 0.00 ,  0.00 ,  0.00 
 0.00 ,  0.00 ,  0.00 
 0.00 ,  0.00 ,  0.00 
 0.00 ,  0.00 ,  0.00 
3869.96 ,  0.00 , 3599.06 
 0.00 ,  0.00 ,  0.00 
 0.00 ,  0.00 ,  0.00 
 0.00 ,  0.00 ,  0.00 
 0.00 ,  0.00 ,  0.00 
 0.00 ,  0.00 ,  0.00 
 0.00 ,  0.00 ,  0.00 
 0.00 ,  0.00 ,  0.00 
 0.00 ,  0.00 ,  0.00 
 0.00 ,  0.00 ,  0.00 
 0.00 ,  0.00 ,  0.00 
3920.08 ,  0.00 , 3645.68 
 0.00 ,  0.00 ,  0.00 
 0.00 ,  0.00 ,  0.00 
 0.00 ,  0.00 ,  0.00 
 0.00 ,  0.00 ,  0.00 
 0.00 ,  0.00 ,  0.00 
 0.00 ,  0.00 ,  0.00 
 0.00 ,  0.00 ,  0.00 
 0.00 ,  0.00 ,  0.00 
 0.00 ,  0.00 ,  0.00 
 0.00 ,  0.00 ,  0.00 
 0.00 ,  0.00 ,  0.00 
 0.00 ,  0.00 ,  0.00 
 0.00 ,  0.00 ,  0.00 
3875.28 ,  0.00 , 3604.01 
 0.00 ,  0.00 ,  0.00 
 0.00 ,  0.00 ,  0.00 
 0.00 ,  0.00 ,  0.00 
 0.00 ,  0.00 ,  0.00 
 0.00 ,  0.00 ,  0.00 
 0.00 ,  0.00 ,  0.00 
 0.00 ,  0.00 ,  0.00 
 0.00 ,  0.00 ,  0.00 
 0.00 ,  0.00 ,  0.00 
 0.00 ,  0.00 ,  0.00 
 0.00 ,  0.00 ,  0.00 
 0.00 ,  0.00 ,  0.00 
 0.00 ,  0.00 ,  0.00 
3753.28 ,  0.00 , 3490.55 
 0.00 ,  0.00 ,  0.00 
 0.00 ,  0.00 ,  0.00 
 0.00 ,  0.00 ,  0.00 
 0.00 ,  0.00 ,  0.00 
 0.00 ,  0.00 ,  0.00 
 0.00 ,  0.00 ,  0.00 
 0.00 ,  0.00 ,  0.00 
 0.00 ,  0.00 ,  0.00 
 0.00 ,  0.00 ,  0.00 
 0.00 ,  0.00 ,  0.00 
3923.74 ,  0.00 , 3649.08 
 0.00 ,  0.00 ,  0.00 
 0.00 ,  0.00 ,  0.00 
 0.00 ,  0.00 ,  0.00 
 0.00 ,  0.00 ,  0.00 
 0.00 ,  0.00 ,  0.00 
 0.00 ,  0.00 ,  0.00 
 0.00 ,  0.00 ,  0.00 
 0.00 ,  0.00 ,  0.00 
 0.00 ,  0.00 ,  0.00 
 0.00 ,  0.00 ,  0.00 
 0.00 ,  0.00 ,  0.00 
 0.00 ,  0.00 ,  0.00 
 0.00 ,  0.00 ,  0.00 
 0.00 ,  0.00 ,  0.00 
 0.00 ,  0.00 ,  0.00 
3817.16 ,  0.00 , 3549.96 
 0.00 ,  0.00 ,  0.00 
 0.00 ,  0.00 ,  0.00 
 0.00 ,  0.00 ,  0.00 
 0.00 ,  0.00 ,  0.00 
 0.00 ,  0.00 ,  0.00 
 0.00 ,  0.00 ,  0.00 
 0.00 ,  0.00 ,  0.00 
 0.00 ,  0.00 ,  0.00 
3763.71 ,  0.00 , 3500.25 
 0.00 ,  0.00 ,  0.00 
 0.00 ,  0.00 ,  0.00 
 0.00 ,  0.00 ,  0.00 
 0.00 ,  0.00 ,  0.00 
 0.00 ,  0.00 ,  0.00 
 0.00 ,  0.00 ,  0.00 
 0.00 ,  0.00 ,  0.00 
 0.00 ,  0.00 ,  0.00 
 0.00 ,  0.00 ,  0.00 
 0.00 ,  0.00 ,  0.00 
 0.00 ,  0.00 ,  0.00 
 0.00 ,  0.00 ,  0.00 
 0.00 ,  0.00 ,  0.00 
 0.00 ,  0.00 ,  0.00 
 0.00 ,  0.00 ,  0.00 
4268.45 ,  0.00 , 3969.66 
 0.00 ,  0.00 ,  0.00 
 0.00 ,  0.00 ,  0.00 
 0.00 ,  0.00 ,  0.00 
 0.00 ,  0.00 ,  0.00 
 0.00 ,  0.00 ,  0.00 
 0.00 ,  0.00 ,  0.00 
 0.00 ,  0.00 ,  0.00 
 0.00 ,  0.00 ,  0.00 
 0.00 ,  0.00 ,  0.00 
 0.00 ,  0.00 ,  0.00 
4030.29 ,  0.00 , 3748.17 
 0.00 ,  0.00 ,  0.00 
 0.00 ,  0.00 ,  0.00 
 0.00 ,  0.00 ,  0.00 
 0.00 ,  0.00 ,  0.00 
 0.00 ,  0.00 ,  0.00 
 0.00 ,  0.00 ,  0.00 
 0.00 ,  0.00 ,  0.00 
 0.00 ,  0.00 ,  0.00 
 0.00 ,  0.00 ,  0.00 
 0.00 ,  0.00 ,  0.00 
 0.00 ,  0.00 ,  0.00 
 0.00 ,  0.00 ,  0.00 
 0.00 ,  0.00 ,  0.00 
3832.20 ,  0.00 , 3563.95 
 0.00 ,  0.00 ,  0.00 
 0.00 ,  0.00 ,  0.00 
 0.00 ,  0.00 ,  0.00 
 0.00 ,  0.00 ,  0.00 
 0.00 ,  0.00 ,  0.00 
 0.00 ,  0.00 ,  0.00 
 0.00 ,  0.00 ,  0.00 
 0.00 ,  0.00 ,  0.00 
 0.00 ,  0.00 ,  0.00 
 0.00 ,  0.00 ,  0.00 
4036.43 ,  0.00 , 3753.88 
 0.00 ,  0.00 ,  0.00 
 0.00 ,  0.00 ,  0.00 
 0.00 ,  0.00 ,  0.00 
 0.00 ,  0.00 ,  0.00 
 0.00 ,  0.00 ,  0.00 
 0.00 ,  0.00 ,  0.00 
 0.00 ,  0.00 ,  0.00 
 0.00 ,  0.00 ,  0.00 
 0.00 ,  0.00 ,  0.00 
 0.00 ,  0.00 ,  0.00 
 0.00 ,  0.00 ,  0.00 
 0.00 ,  0.00 ,  0.00 
 0.00 ,  0.00 ,  0.00 
3930.25 ,  0.00 , 3655.13 
 0.00 ,  0.00 ,  0.00 
 0.00 ,  0.00 ,  0.00 
 0.00 ,  0.00 ,  0.00 
 0.00 ,  0.00 ,  0.00 
 0.00 ,  0.00 ,  0.00 
 0.00 ,  0.00 ,  0.00 
 0.00 ,  0.00 ,  0.00 
 0.00 ,  0.00 ,  0.00 
 0.00 ,  0.00 ,  0.00 
 0.00 ,  0.00 ,  0.00 
4135.88 ,  0.00 , 3846.36 
 0.00 ,  0.00 ,  0.00 
 0.00 ,  0.00 ,  0.00 
 0.00 ,  0.00 ,  0.00 
 0.00 ,  0.00 ,  0.00 
 0.00 ,  0.00 ,  0.00 
 0.00 ,  0.00 ,  0.00 
 0.00 ,  0.00 ,  0.00 
 0.00 ,  0.00 ,  0.00 
 0.00 ,  0.00 ,  0.00 
 0.00 ,  0.00 ,  0.00 
 0.00 ,  0.00 ,  0.00 
 0.00 ,  0.00 ,  0.00 
 0.00 ,  0.00 ,  0.00 
4001.38 ,  0.00 , 3721.29 
 0.00 ,  0.00 ,  0.00 
 0.00 ,  0.00 ,  0.00 
 0.00 ,  0.00 ,  0.00 
 0.00 ,  0.00 ,  0.00 
 0.00 ,  0.00 ,  0.00 
 0.00 ,  0.00 ,  0.00 
 0.00 ,  0.00 ,  0.00 
 0.00 ,  0.00 ,  0.00 
 0.00 ,  0.00 ,  0.00 
 0.00 ,  0.00 ,  0.00 
4139.20 ,  0.00 , 3849.46 
 0.00 ,  0.00 ,  0.00 
 0.00 ,  0.00 ,  0.00 
 0.00 ,  0.00 ,  0.00 
 0.00 ,  0.00 ,  0.00 
 0.00 ,  0.00 ,  0.00 
 0.00 ,  0.00 ,  0.00 
 0.00 ,  0.00 ,  0.00 
 0.00 ,  0.00 ,  0.00 
 0.00 ,  0.00 ,  0.00 
 0.00 ,  0.00 ,  0.00 
 0.00 ,  0.00 ,  0.00 
 0.00 ,  0.00 ,  0.00 
 0.00 ,  0.00 ,  0.00 
4011.23 ,  0.00 , 3730.44 
 0.00 ,  0.00 ,  0.00 
 0.00 ,  0.00 ,  0.00 
 0.00 ,  0.00 ,  0.00 
 0.00 ,  0.00 ,  0.00 
 0.00 ,  0.00 ,  0.00 
 0.00 ,  0.00 ,  0.00 
 0.00 ,  0.00 ,  0.00 
 0.00 ,  0.00 ,  0.00 
 0.00 ,  0.00 ,  0.00 
 0.00 ,  0.00 ,  0.00 
4075.05 ,  0.00 , 3789.80 
 0.00 ,  0.00 ,  0.00 
 0.00 ,  0.00 ,  0.00 
 0.00 ,  0.00 ,  0.00 
 0.00 ,  0.00 ,  0.00 
 0.00 ,  0.00 ,  0.00 
 0.00 ,  0.00 ,  0.00 
 0.00 ,  0.00 ,  0.00 
 0.00 ,  0.00 ,  0.00 
 0.00 ,  0.00 ,  0.00 
 0.00 ,  0.00 ,  0.00 
 0.00 ,  0.00 ,  0.00 
 0.00 ,  0.00 ,  0.00 
 0.00 ,  0.00 ,  0.00 
4016.81 ,  0.00 , 3735.63 
 0.00 ,  0.00 ,  0.00 
 0.00 ,  0.00 ,  0.00 
 0.00 ,  0.00 ,  0.00 
 0.00 ,  0.00 ,  0.00 
 0.00 ,  0.00 ,  0.00 
 0.00 ,  0.00 ,  0.00 
 0.00 ,  0.00 ,  0.00 
 0.00 ,  0.00 ,  0.00 
 0.00 ,  0.00 ,  0.00 
 0.00 ,  0.00 ,  0.00 
4075.33 ,  0.00 , 3790.05 
 0.00 ,  0.00 ,  0.00 
 0.00 ,  0.00 ,  0.00 
 0.00 ,  0.00 ,  0.00 
 0.00 ,  0.00 ,  0.00 
 0.00 ,  0.00 ,  0.00 
 0.00 ,  0.00 ,  0.00 
 0.00 ,  0.00 ,  0.00 
 0.00 ,  0.00 ,  0.00 
 0.00 ,  0.00 ,  0.00 
 0.00 ,  0.00 ,  0.00 
 0.00 ,  0.00 ,  0.00 
 0.00 ,  0.00 ,  0.00 
 0.00 ,  0.00 ,  0.00 
4022.37 ,  0.00 , 3740.80 
 0.00 ,  0.00 ,  0.00 
 0.00 ,  0.00 ,  0.00 
 0.00 ,  0.00 ,  0.00 
 0.00 ,  0.00 ,  0.00 
 0.00 ,  0.00 ,  0.00 
 0.00 ,  0.00 ,  0.00 
 0.00 ,  0.00 ,  0.00 
 0.00 ,  0.00 ,  0.00 
 0.00 ,  0.00 ,  0.00 
 0.00 ,  0.00 ,  0.00 
3805.74 ,  0.00 , 3539.34 
 0.00 ,  0.00 ,  0.00 
 0.00 ,  0.00 ,  0.00 
 0.00 ,  0.00 ,  0.00 
 0.00 ,  0.00 ,  0.00 
 0.00 ,  0.00 ,  0.00 
 0.00 ,  0.00 ,  0.00 
 0.00 ,  0.00 ,  0.00 
 0.00 ,  0.00 ,  0.00 
 0.00 ,  0.00 ,  0.00 
 0.00 ,  0.00 ,  0.00 
 0.00 ,  0.00 ,  0.00 
 0.00 ,  0.00 ,  0.00 
3914.26 ,  0.00 , 3640.26 
 0.00 ,  0.00 ,  0.00 
 0.00 ,  0.00 ,  0.00 
 0.00 ,  0.00 ,  0.00 
 0.00 ,  0.00 ,  0.00 
 0.00 ,  0.00 ,  0.00 
 0.00 ,  0.00 ,  0.00 
 0.00 ,  0.00 ,  0.00 
 0.00 ,  0.00 ,  0.00 
 0.00 ,  0.00 ,  0.00 
 0.00 ,  0.00 ,  0.00 
3805.74 ,  0.00 , 3539.34 
 0.00 ,  0.00 ,  0.00 
 0.00 ,  0.00 ,  0.00 
 0.00 ,  0.00 ,  0.00 
 0.00 ,  0.00 ,  0.00 
 0.00 ,  0.00 ,  0.00 
 0.00 ,  0.00 ,  0.00 
 0.00 ,  0.00 ,  0.00 
 0.00 ,  0.00 ,  0.00 
 0.00 ,  0.00 ,  0.00 
 0.00 ,  0.00 ,  0.00 
 0.00 ,  0.00 ,  0.00 
 0.00 ,  0.00 ,  0.00 
3914.26 ,  0.00 , 3640.26 
 0.00 ,  0.00 ,  0.00 
 0.00 ,  0.00 ,  0.00 
 0.00 ,  0.00 ,  0.00 
 0.00 ,  0.00 ,  0.00 
 0.00 ,  0.00 ,  0.00 
 0.00 ,  0.00 ,  0.00 
 0.00 ,  0.00 ,  0.00 
 0.00 ,  0.00 ,  0.00 
 0.00 ,  0.00 ,  0.00 
 0.00 ,  0.00 ,  0.00 
3805.74 ,  0.00 , 3539.34 
 0.00 ,  0.00 ,  0.00 
 0.00 ,  0.00 ,  0.00 
 0.00 ,  0.00 ,  0.00 
 0.00 ,  0.00 ,  0.00 
 0.00 ,  0.00 ,  0.00 
 0.00 ,  0.00 ,  0.00 
 0.00 ,  0.00 ,  0.00 
 0.00 ,  0.00 ,  0.00 
 0.00 ,  0.00 ,  0.00 
 0.00 ,  0.00 ,  0.00 
 0.00 ,  0.00 ,  0.00 
 0.00 ,  0.00 ,  0.00 
3914.26 ,  0.00 , 3640.26 
 0.00 ,  0.00 ,  0.00 
 0.00 ,  0.00 ,  0.00 
 0.00 ,  0.00 ,  0.00 
 0.00 ,  0.00 ,  0.00 
 0.00 ,  0.00 ,  0.00 
 0.00 ,  0.00 ,  0.00 
 0.00 ,  0.00 ,  0.00 
 0.00 ,  0.00 ,  0.00 
 0.00 ,  0.00 ,  0.00 
 0.00 ,  0.00 ,  0.00 
3805.74 ,  0.00 , 3539.34 
 0.00 ,  0.00 ,  0.00 
 0.00 ,  0.00 ,  0.00 
 0.00 ,  0.00 ,  0.00 
 0.00 ,  0.00 ,  0.00 
 0.00 ,  0.00 ,  0.00 
 0.00 ,  0.00 ,  0.00 
 0.00 ,  0.00 ,  0.00 
 0.00 ,  0.00 ,  0.00 
 0.00 ,  0.00 ,  0.00 
 0.00 ,  0.00 ,  0.00 
 0.00 ,  0.00 ,  0.00 
 0.00 ,  0.00 ,  0.00 
3914.26 ,  0.00 , 3640.26 
 0.00 ,  0.00 ,  0.00 
 0.00 ,  0.00 ,  0.00 
 0.00 ,  0.00 ,  0.00 
 0.00 ,  0.00 ,  0.00 
 0.00 ,  0.00 ,  0.00 
 0.00 ,  0.00 ,  0.00 
 0.00 ,  0.00 ,  0.00 
 0.00 ,  0.00 ,  0.00 
 0.00 ,  0.00 ,  0.00 
 0.00 ,  0.00 ,  0.00 
3805.74 ,  0.00 , 3539.34 
 0.00 ,  0.00 ,  0.00 
 0.00 ,  0.00 ,  0.00 
 0.00 ,  0.00 ,  0.00 
 0.00 ,  0.00 ,  0.00 
 0.00 ,  0.00 ,  0.00 
 0.00 ,  0.00 ,  0.00 
 0.00 ,  0.00 ,  0.00 
 0.00 ,  0.00 ,  0.00 
 0.00 ,  0.00 ,  0.00 
 0.00 ,  0.00 ,  0.00 
 0.00 ,  0.00 ,  0.00 
 0.00 ,  0.00 ,  0.00 
3914.26 ,  0.00 , 3640.26 
 0.00 ,  0.00 ,  0.00 
 0.00 ,  0.00 ,  0.00 
 0.00 ,  0.00 ,  0.00 
 0.00 ,  0.00 ,  0.00 
 0.00 ,  0.00 ,  0.00 
 0.00 ,  0.00 ,  0.00 
 0.00 ,  0.00 ,  0.00 
 0.00 ,  0.00 ,  0.00 
 0.00 ,  0.00 ,  0.00 
 0.00 ,  0.00 ,  0.00 
3805.74 ,  0.00 , 3539.34 
 0.00 ,  0.00 ,  0.00 
 0.00 ,  0.00 ,  0.00 
 0.00 ,  0.00 ,  0.00 
 0.00 ,  0.00 ,  0.00 
 0.00 ,  0.00 ,  0.00 
 0.00 ,  0.00 ,  0.00 
 0.00 ,  0.00 ,  0.00 
 0.00 ,  0.00 ,  0.00 
 0.00 ,  0.00 ,  0.00 
 0.00 ,  0.00 ,  0.00 
 0.00 ,  0.00 ,  0.00 
 0.00 ,  0.00 ,  0.00 
3914.26 ,  0.00 , 3640.26 
 0.00 ,  0.00 ,  0.00 
 0.00 ,  0.00 ,  0.00 
 0.00 ,  0.00 ,  0.00 
 0.00 ,  0.00 ,  0.00 
 0.00 ,  0.00 ,  0.00 
 0.00 ,  0.00 ,  0.00 
 0.00 ,  0.00 ,  0.00 
 0.00 ,  0.00 ,  0.00 
 0.00 ,  0.00 ,  0.00 
 0.00 ,  0.00 ,  0.00 
3805.74 ,  0.00 , 3539.34 
 0.00 ,  0.00 ,  0.00 
 0.00 ,  0.00 ,  0.00 
 0.00 ,  0.00 ,  0.00 
 0.00 ,  0.00 ,  0.00 
 0.00 ,  0.00 ,  0.00 
 0.00 ,  0.00 ,  0.00 
 0.00 ,  0.00 ,  0.00 
 0.00 ,  0.00 ,  0.00 
 0.00 ,  0.00 ,  0.00 
 0.00 ,  0.00 ,  0.00 
 0.00 ,  0.00 ,  0.00 
 0.00 ,  0.00 ,  0.00 
3914.26 ,  0.00 , 3640.26 
 0.00 ,  0.00 ,  0.00 
 0.00 ,  0.00 ,  0.00 
 0.00 ,  0.00 ,  0.00 
 0.00 ,  0.00 ,  0.00 
 0.00 ,  0.00 ,  0.00 
 0.00 ,  0.00 ,  0.00 
 0.00 ,  0.00 ,  0.00 
 0.00 ,  0.00 ,  0.00 
 0.00 ,  0.00 ,  0.00 
 0.00 ,  0.00 ,  0.00 
3805.74 ,  0.00 , 3539.34 
 0.00 ,  0.00 ,  0.00 
 0.00 ,  0.00 ,  0.00 
 0.00 ,  0.00 ,  0.00 
 0.00 ,  0.00 ,  0.00 
 0.00 ,  0.00 ,  0.00 
 0.00 ,  0.00 ,  0.00 
 0.00 ,  0.00 ,  0.00 
 0.00 ,  0.00 ,  0.00 
 0.00 ,  0.00 ,  0.00 
 0.00 ,  0.00 ,  0.00 
 0.00 ,  0.00 ,  0.00 
 0.00 ,  0.00 ,  0.00 
3914.26 ,  0.00 , 3640.26 
 0.00 ,  0.00 ,  0.00 
 0.00 ,  0.00 ,  0.00 
 0.00 ,  0.00 ,  0.00 
 0.00 ,  0.00 ,  0.00 
 0.00 ,  0.00 ,  0.00 
 0.00 ,  0.00 ,  0.00 
 0.00 ,  0.00 ,  0.00 
 0.00 ,  0.00 ,  0.00 
 0.00 ,  0.00 ,  0.00 
 0.00 ,  0.00 ,  0.00 
3805.74 ,  0.00 , 3539.34 
 0.00 ,  0.00 ,  0.00 
 0.00 ,  0.00 ,  0.00 
 0.00 ,  0.00 ,  0.00 
 0.00 ,  0.00 ,  0.00 
 0.00 ,  0.00 ,  0.00 
 0.00 ,  0.00 ,  0.00 
 0.00 ,  0.00 ,  0.00 
 0.00 ,  0.00 ,  0.00 
 0.00 ,  0.00 ,  0.00 
 0.00 ,  0.00 ,  0.00 
 0.00 ,  0.00 ,  0.00 
 0.00 ,  0.00 ,  0.00 
3914.26 ,  0.00 , 3640.26 
 0.00 ,  0.00 ,  0.00 
 0.00 ,  0.00 ,  0.00 
 0.00 ,  0.00 ,  0.00 
 0.00 ,  0.00 ,  0.00 
 0.00 ,  0.00 ,  0.00 
 0.00 ,  0.00 ,  0.00 
 0.00 ,  0.00 ,  0.00 
 0.00 ,  0.00 ,  0.00 
 0.00 ,  0.00 ,  0.00 
 0.00 ,  0.00 ,  0.00 
3805.74 ,  0.00 , 3539.34 
 0.00 ,  0.00 ,  0.00 
 0.00 ,  0.00 ,  0.00 
 0.00 ,  0.00 ,  0.00 
 0.00 ,  0.00 ,  0.00 
 0.00 ,  0.00 ,  0.00 
 0.00 ,  0.00 ,  0.00 
 0.00 ,  0.00 ,  0.00 
 0.00 ,  0.00 ,  0.00 
 0.00 ,  0.00 ,  0.00 
 0.00 ,  0.00 ,  0.00 
 0.00 ,  0.00 ,  0.00 
 0.00 ,  0.00 ,  0.00 
3914.26 ,  0.00 , 3640.26 
 0.00 ,  0.00 ,  0.00 
 0.00 ,  0.00 ,  0.00 
 0.00 ,  0.00 ,  0.00 
 0.00 ,  0.00 ,  0.00 
 0.00 ,  0.00 ,  0.00 
 0.00 ,  0.00 ,  0.00 
 0.00 ,  0.00 ,  0.00 
 0.00 ,  0.00 ,  0.00 
 0.00 ,  0.00 ,  0.00 
 0.00 ,  0.00 ,  0.00 
3805.74 ,  0.00 , 3539.34 
 0.00 ,  0.00 ,  0.00 
 0.00 ,  0.00 ,  0.00 
 0.00 ,  0.00 ,  0.00 
 0.00 ,  0.00 ,  0.00 
 0.00 ,  0.00 ,  0.00 
 0.00 ,  0.00 ,  0.00 
 0.00 ,  0.00 ,  0.00 
 0.00 ,  0.00 ,  0.00 
 0.00 ,  0.00 ,  0.00 
 0.00 ,  0.00 ,  0.00 
 0.00 ,  0.00 ,  0.00 
 0.00 ,  0.00 ,  0.00 
3914.26 ,  0.00 , 3640.26 
 0.00 ,  0.00 ,  0.00 
 0.00 ,  0.00 ,  0.00 
 0.00 ,  0.00 ,  0.00 
 0.00 ,  0.00 ,  0.00 
 0.00 ,  0.00 ,  0.00 
 0.00 ,  0.00 ,  0.00 
 0.00 ,  0.00 ,  0.00 
 0.00 ,  0.00 ,  0.00 
 0.00 ,  0.00 ,  0.00 
 0.00 ,  0.00 ,  0.00 
3805.74 ,  0.00 , 3539.34 
 0.00 ,  0.00 ,  0.00 
 0.00 ,  0.00 ,  0.00 
 0.00 ,  0.00 ,  0.00 
 0.00 ,  0.00 ,  0.00 
 0.00 ,  0.00 ,  0.00 
 0.00 ,  0.00 ,  0.00 
 0.00 ,  0.00 ,  0.00 
 0.00 ,  0.00 ,  0.00 
 0.00 ,  0.00 ,  0.00 
 0.00 ,  0.00 ,  0.00 
 0.00 ,  0.00 ,  0.00 
 0.00 ,  0.00 ,  0.00 
3914.26 ,  0.00 , 3640.26 
 0.00 ,  0.00 ,  0.00 
 0.00 ,  0.00 ,  0.00 
 0.00 ,  0.00 ,  0.00 
 0.00 ,  0.00 ,  0.00 
 0.00 ,  0.00 ,  0.00 
 0.00 ,  0.00 ,  0.00 
 0.00 ,  0.00 ,  0.00 
 0.00 ,  0.00 ,  0.00 
 0.00 ,  0.00 ,  0.00 
 0.00 ,  0.00 ,  0.00 
3805.74 ,  0.00 , 3539.34 
 0.00 ,  0.00 ,  0.00 
 0.00 ,  0.00 ,  0.00 
 0.00 ,  0.00 ,  0.00 
 0.00 ,  0.00 ,  0.00 
 0.00 ,  0.00 ,  0.00 
 0.00 ,  0.00 ,  0.00 
 0.00 ,  0.00 ,  0.00 
 0.00 ,  0.00 ,  0.00 
 0.00 ,  0.00 ,  0.00 
 0.00 ,  0.00 ,  0.00 
 0.00 ,  0.00 ,  0.00 
 0.00 ,  0.00 ,  0.00 
3914.26 ,  0.00 , 3640.26 
 0.00 ,  0.00 ,  0.00 
 0.00 ,  0.00 ,  0.00 
 0.00 ,  0.00 ,  0.00 
 0.00 ,  0.00 ,  0.00 
 0.00 ,  0.00 ,  0.00 
 0.00 ,  0.00 ,  0.00 
 0.00 ,  0.00 ,  0.00 
 0.00 ,  0.00 ,  0.00 
 0.00 ,  0.00 ,  0.00 
 0.00 ,  0.00 ,  0.00 
3805.74 ,  0.00 , 3539.34 
 0.00 ,  0.00 ,  0.00 
 0.00 ,  0.00 ,  0.00 
 0.00 ,  0.00 ,  0.00 
 0.00 ,  0.00 ,  0.00 
 0.00 ,  0.00 ,  0.00 
 0.00 ,  0.00 ,  0.00 
 0.00 ,  0.00 ,  0.00 
 0.00 ,  0.00 ,  0.00 
 0.00 ,  0.00 ,  0.00 
 0.00 ,  0.00 ,  0.00 
 0.00 ,  0.00 ,  0.00 
 0.00 ,  0.00 ,  0.00 
3914.26 ,  0.00 , 3640.26 
 0.00 ,  0.00 ,  0.00 
 0.00 ,  0.00 ,  0.00 
 0.00 ,  0.00 ,  0.00 
 0.00 ,  0.00 ,  0.00 
 0.00 ,  0.00 ,  0.00 
 0.00 ,  0.00 ,  0.00 
 0.00 ,  0.00 ,  0.00 
 0.00 ,  0.00 ,  0.00 
 0.00 ,  0.00 ,  0.00 
 0.00 ,  0.00 ,  0.00 
3805.74 ,  0.00 , 3539.34 
 0.00 ,  0.00 ,  0.00 
 0.00 ,  0.00 ,  0.00 
 0.00 ,  0.00 ,  0.00 
 0.00 ,  0.00 ,  0.00 
 0.00 ,  0.00 ,  0.00 
 0.00 ,  0.00 ,  0.00 
 0.00 ,  0.00 ,  0.00 
 0.00 ,  0.00 ,  0.00 
 0.00 ,  0.00 ,  0.00 
 0.00 ,  0.00 ,  0.00 
 0.00 ,  0.00 ,  0.00 
 0.00 ,  0.00 ,  0.00 
3914.26 ,  0.00 , 3640.26 
 0.00 ,  0.00 ,  0.00 
 0.00 ,  0.00 ,  0.00 
 0.00 ,  0.00 ,  0.00 
 0.00 ,  0.00 ,  0.00 
 0.00 ,  0.00 ,  0.00 
 0.00 ,  0.00 ,  0.00 
 0.00 ,  0.00 ,  0.00 
 0.00 ,  0.00 ,  0.00 
 0.00 ,  0.00 ,  0.00 
 0.00 ,  0.00 ,  0.00 
3805.74 ,  0.00 , 3539.34 
 0.00 ,  0.00 ,  0.00 
 0.00 ,  0.00 ,  0.00 
 0.00 ,  0.00 ,  0.00 
 0.00 ,  0.00 ,  0.00 
 0.00 ,  0.00 ,  0.00 
 0.00 ,  0.00 ,  0.00 
 0.00 ,  0.00 ,  0.00 
 0.00 ,  0.00 ,  0.00 
 0.00 ,  0.00 ,  0.00 
 0.00 ,  0.00 ,  0.00 
 0.00 ,  0.00 ,  0.00 
 0.00 ,  0.00 ,  0.00 
3914.26 ,  0.00 , 3640.26 
 0.00 ,  0.00 ,  0.00 
 0.00 ,  0.00 ,  0.00 
 0.00 ,  0.00 ,  0.00 
 0.00 ,  0.00 ,  0.00 
 0.00 ,  0.00 ,  0.00 
 0.00 ,  0.00 ,  0.00 
 0.00 ,  0.00 ,  0.00 
 0.00 ,  0.00 ,  0.00 
 0.00 ,  0.00 ,  0.00 
 0.00 ,  0.00 ,  0.00 
3805.74 ,  0.00 , 3539.34 
 0.00 ,  0.00 ,  0.00 
 0.00 ,  0.00 ,  0.00 
 0.00 ,  0.00 ,  0.00 
 0.00 ,  0.00 ,  0.00 
 0.00 ,  0.00 ,  0.00 
 0.00 ,  0.00 ,  0.00 
 0.00 ,  0.00 ,  0.00 
 0.00 ,  0.00 ,  0.00 
 0.00 ,  0.00 ,  0.00 
 0.00 ,  0.00 ,  0.00 
 0.00 ,  0.00 ,  0.00 
 0.00 ,  0.00 ,  0.00 
3914.26 ,  0.00 , 3640.26 
 0.00 ,  0.00 ,  0.00 
 0.00 ,  0.00 ,  0.00 
 0.00 ,  0.00 ,  0.00 
 0.00 ,  0.00 ,  0.00 
 0.00 ,  0.00 ,  0.00 
 0.00 ,  0.00 ,  0.00 
 0.00 ,  0.00 ,  0.00 
 0.00 ,  0.00 ,  0.00 
 0.00 ,  0.00 ,  0.00 
 0.00 ,  0.00 ,  0.00 
3805.74 ,  0.00 , 3539.34 
 0.00 ,  0.00 ,  0.00 
 0.00 ,  0.00 ,  0.00 
 0.00 ,  0.00 ,  0.00 
 0.00 ,  0.00 ,  0.00 
 0.00 ,  0.00 ,  0.00 
 0.00 ,  0.00 ,  0.00 
 0.00 ,  0.00 ,  0.00 
 0.00 ,  0.00 ,  0.00 
 0.00 ,  0.00 ,  0.00 
 0.00 ,  0.00 ,  0.00 
 0.00 ,  0.00 ,  0.00 
 0.00 ,  0.00 ,  0.00 
3914.26 ,  0.00 , 3640.26 
 0.00 ,  0.00 ,  0.00 
 0.00 ,  0.00 ,  0.00 
 0.00 ,  0.00 ,  0.00 
 0.00 ,  0.00 ,  0.00 
 0.00 ,  0.00 ,  0.00 
 0.00 ,  0.00 ,  0.00 
 0.00 ,  0.00 ,  0.00 
 0.00 ,  0.00 ,  0.00 
 0.00 ,  0.00 ,  0.00 
 0.00 ,  0.00 ,  0.00 
3805.74 ,  0.00 , 3539.34 
 0.00 ,  0.00 ,  0.00 
 0.00 ,  0.00 ,  0.00 
 0.00 ,  0.00 ,  0.00 
 0.00 ,  0.00 ,  0.00 
 0.00 ,  0.00 ,  0.00 
 0.00 ,  0.00 ,  0.00 
 0.00 ,  0.00 ,  0.00 
 0.00 ,  0.00 ,  0.00 
 0.00 ,  0.00 ,  0.00 
 0.00 ,  0.00 ,  0.00 
 0.00 ,  0.00 ,  0.00 
 0.00 ,  0.00 ,  0.00 
3914.26 ,  0.00 , 3640.26 
 0.00 ,  0.00 ,  0.00 
 0.00 ,  0.00 ,  0.00 
 0.00 ,  0.00 ,  0.00 
 0.00 ,  0.00 ,  0.00 
 0.00 ,  0.00 ,  0.00 
 0.00 ,  0.00 ,  0.00 
 0.00 ,  0.00 ,  0.00 
 0.00 ,  0.00 ,  0.00 
 0.00 ,  0.00 ,  0.00 
 0.00 ,  0.00 ,  0.00 
3805.74 ,  0.00 , 3539.34 
 0.00 ,  0.00 ,  0.00 
 0.00 ,  0.00 ,  0.00 
 0.00 ,  0.00 ,  0.00 
 0.00 ,  0.00 ,  0.00 
 0.00 ,  0.00 ,  0.00 
 0.00 ,  0.00 ,  0.00 
 0.00 ,  0.00 ,  0.00 
 0.00 ,  0.00 ,  0.00 
 0.00 ,  0.00 ,  0.00 
 0.00 ,  0.00 ,  0.00 
 0.00 ,  0.00 ,  0.00 
 0.00 ,  0.00 ,  0.00 
3914.26 ,  0.00 , 3640.26 
 0.00 ,  0.00 ,  0.00 
 0.00 ,  0.00 ,  0.00 
 0.00 ,  0.00 ,  0.00 
 0.00 ,  0.00 ,  0.00 
 0.00 ,  0.00 ,  0.00 
 0.00 ,  0.00 ,  0.00 
 0.00 ,  0.00 ,  0.00 
 0.00 ,  0.00 ,  0.00 
 0.00 ,  0.00 ,  0.00 
 0.00 ,  0.00 ,  0.00 
3805.74 ,  0.00 , 3539.34 
 0.00 ,  0.00 ,  0.00 
 0.00 ,  0.00 ,  0.00 
 0.00 ,  0.00 ,  0.00 
 0.00 ,  0.00 ,  0.00 
 0.00 ,  0.00 ,  0.00 
 0.00 ,  0.00 ,  0.00 
 0.00 ,  0.00 ,  0.00 
 0.00 ,  0.00 ,  0.00 
 0.00 ,  0.00 ,  0.00 
 0.00 ,  0.00 ,  0.00 
 0.00 ,  0.00 ,  0.00 
 0.00 ,  0.00 ,  0.00 
3914.26 ,  0.00 , 3640.26 
 0.00 ,  0.00 ,  0.00 
 0.00 ,  0.00 ,  0.00 
 0.00 ,  0.00 ,  0.00 
 0.00 ,  0.00 ,  0.00 
 0.00 ,  0.00 ,  0.00 
 0.00 ,  0.00 ,  0.00 
 0.00 ,  0.00 ,  0.00 
 0.00 ,  0.00 ,  0.00 
 0.00 ,  0.00 ,  0.00 
 0.00 ,  0.00 ,  0.00 
3805.74 ,  0.00 , 3539.34 
 0.00 ,  0.00 ,  0.00 
 0.00 ,  0.00 ,  0.00 
 0.00 ,  0.00 ,  0.00 
 0.00 ,  0.00 ,  0.00 
 0.00 ,  0.00 ,  0.00 
 0.00 ,  0.00 ,  0.00 
 0.00 ,  0.00 ,  0.00 
 0.00 ,  0.00 ,  0.00 
 0.00 ,  0.00 ,  0.00 
 0.00 ,  0.00 ,  0.00 
 0.00 ,  0.00 ,  0.00 
 0.00 ,  0.00 ,  0.00 
3914.26 ,  0.00 , 3640.26 
 0.00 ,  0.00 ,  0.00 
 0.00 ,  0.00 ,  0.00 
 0.00 ,  0.00 ,  0.00 
 0.00 ,  0.00 ,  0.00 
 0.00 ,  0.00 ,  0.00 
 0.00 ,  0.00 ,  0.00 
 0.00 ,  0.00 ,  0.00 
 0.00 ,  0.00 ,  0.00 
 0.00 ,  0.00 ,  0.00 
 0.00 ,  0.00 ,  0.00 
3805.74 ,  0.00 , 3539.34 
 0.00 ,  0.00 ,  0.00 
 0.00 ,  0.00 ,  0.00 
 0.00 ,  0.00 ,  0.00 
 0.00 ,  0.00 ,  0.00 
 0.00 ,  0.00 ,  0.00 
 0.00 ,  0.00 ,  0.00 
 0.00 ,  0.00 ,  0.00 
 0.00 ,  0.00 ,  0.00 
 0.00 ,  0.00 ,  0.00 
 0.00 ,  0.00 ,  0.00 
 0.00 ,  0.00 ,  0.00 
 0.00 ,  0.00 ,  0.00 
3914.26 ,  0.00 , 3640.26 
 0.00 ,  0.00 ,  0.00 
 0.00 ,  0.00 ,  0.00 
 0.00 ,  0.00 ,  0.00 
 0.00 ,  0.00 ,  0.00 
 0.00 ,  0.00 ,  0.00 
 0.00 ,  0.00 ,  0.00 
 0.00 ,  0.00 ,  0.00 
 0.00 ,  0.00 ,  0.00 
 0.00 ,  0.00 ,  0.00 
 0.00 ,  0.00 ,  0.00 
3805.74 ,  0.00 , 3539.34 
 0.00 ,  0.00 ,  0.00 
 0.00 ,  0.00 ,  0.00 
 0.00 ,  0.00 ,  0.00 
 0.00 ,  0.00 ,  0.00 
 0.00 ,  0.00 ,  0.00 
 0.00 ,  0.00 ,  0.00 
 0.00 ,  0.00 ,  0.00 
 0.00 ,  0.00 ,  0.00 
 0.00 ,  0.00 ,  0.00 
 0.00 ,  0.00 ,  0.00 
 0.00 ,  0.00 ,  0.00 
 0.00 ,  0.00 ,  0.00 
3914.26 ,  0.00 , 3640.26 
 0.00 ,  0.00 ,  0.00 
 0.00 ,  0.00 ,  0.00 
 0.00 ,  0.00 ,  0.00 
 0.00 ,  0.00 ,  0.00 
 0.00 ,  0.00 ,  0.00 
 0.00 ,  0.00 ,  0.00 
 0.00 ,  0.00 ,  0.00 
 0.00 ,  0.00 ,  0.00 
 0.00 ,  0.00 ,  0.00 
 0.00 ,  0.00 ,  0.00 
3805.74 ,  0.00 , 3539.34 
 0.00 ,  0.00 ,  0.00 
 0.00 ,  0.00 ,  0.00 
 0.00 ,  0.00 ,  0.00 
 0.00 ,  0.00 ,  0.00 
 0.00 ,  0.00 ,  0.00 
 0.00 ,  0.00 ,  0.00 
 0.00 ,  0.00 ,  0.00 
 0.00 ,  0.00 ,  0.00 
 0.00 ,  0.00 ,  0.00 
 0.00 ,  0.00 ,  0.00 
 0.00 ,  0.00 ,  0.00 
 0.00 ,  0.00 ,  0.00 
3914.26 ,  0.00 , 3640.26 
 0.00 ,  0.00 ,  0.00 
 0.00 ,  0.00 ,  0.00 
 0.00 ,  0.00 ,  0.00 
 0.00 ,  0.00 ,  0.00 
 0.00 ,  0.00 ,  0.00 
 0.00 ,  0.00 ,  0.00 
 0.00 ,  0.00 ,  0.00 
 0.00 ,  0.00 ,  0.00 
 0.00 ,  0.00 ,  0.00 
 0.00 ,  0.00 ,  0.00 
3811.54 ,  0.00 , 3544.73 
 0.00 ,  0.00 ,  0.00 
 0.00 ,  0.00 ,  0.00 
 0.00 ,  0.00 ,  0.00 
 0.00 ,  0.00 ,  0.00 
 0.00 ,  0.00 ,  0.00 
 0.00 ,  0.00 ,  0.00 
 0.00 , 4455.17 , 3112.76 
 0.00 , 2002.15 , 1361.82 
 0.00 , 391.46 , 261.71 
 0.00 ,  0.00 ,  0.00 
 0.00 ,  0.00 ,  0.00 
3803.13 ,  0.00 , 3536.91 
 0.00 ,  0.00 ,  0.00 
 0.00 ,  0.00 ,  0.00 
 0.00 ,  0.00 ,  0.00 
 0.00 ,  0.00 ,  0.00 
 0.00 ,  0.00 ,  0.00 
 0.00 ,  0.00 ,  0.00 
 0.00 ,  0.00 ,  0.00 
 0.00 ,  0.00 ,  0.00 
 0.00 ,  0.00 ,  0.00 
3986.60 , 224.15 , 3857.19 
 0.00 ,  0.00 ,  0.00 
 0.00 ,  0.00 ,  0.00 
 0.00 ,  0.00 ,  0.00 
 0.00 ,  0.00 ,  0.00 
 0.00 ,  0.00 ,  0.00 
 0.00 ,  0.00 ,  0.00 
 0.00 ,  0.00 ,  0.00 
 0.00 ,  0.00 ,  0.00 
 0.00 , 5681.84 , 4024.57 
 0.00 , 2130.24 , 1450.95 
 0.00 , 806.36 , 541.48 
 0.00 ,  0.00 ,  0.00 
3911.16 ,  0.00 , 3637.38 
 0.00 ,  0.00 ,  0.00 
 0.00 ,  0.00 ,  0.00 
 0.00 ,  0.00 ,  0.00 
 0.00 ,  0.00 ,  0.00 
 0.00 ,  0.00 ,  0.00 
 0.00 ,  0.00 ,  0.00 
 0.00 ,  0.00 ,  0.00 
 0.00 ,  0.00 ,  0.00 
 0.00 ,  0.00 ,  0.00 
3986.30 ,  0.00 , 3707.26 
 0.00 ,  0.00 ,  0.00 
 0.00 ,  0.00 ,  0.00 
 0.00 ,  0.00 ,  0.00 
 0.00 ,  0.00 ,  0.00 
 0.00 ,  0.00 ,  0.00 
 0.00 ,  0.00 ,  0.00 
 0.00 ,  0.00 ,  0.00 
 0.00 ,  0.00 ,  0.00 
 0.00 ,  0.00 ,  0.00 
 0.00 , 3423.06 , 2364.57 
 0.00 , 1467.07 , 992.14 
 0.00 , 324.93 , 217.08 
3831.47 , 540.18 , 3925.32 
 0.00 , 310.39 , 207.33 
 0.00 ,  0.00 ,  0.00 
 0.00 ,  0.00 ,  0.00 
 0.00 ,  0.00 ,  0.00 
 0.00 ,  0.00 ,  0.00 
 0.00 ,  0.00 ,  0.00 
 0.00 ,  0.00 ,  0.00 
 0.00 ,  0.00 ,  0.00 
 0.00 ,  0.00 ,  0.00 
3982.69 ,  0.00 , 3703.90 
 0.00 ,  0.00 ,  0.00 
 0.00 ,  0.00 ,  0.00 
 0.00 ,  0.00 ,  0.00 
 0.00 ,  0.00 ,  0.00 
 0.00 ,  0.00 ,  0.00 
 0.00 ,  0.00 ,  0.00 
 0.00 ,  0.00 ,  0.00 
 0.00 ,  0.00 ,  0.00 
 0.00 ,  0.00 ,  0.00 
 0.00 ,  0.00 ,  0.00 
 0.00 , 4855.33 , 3407.46 
 0.00 , 1971.59 , 1340.59 
3820.73 , 68.65 , 3599.02 
 0.00 ,  0.00 ,  0.00 
 0.00 ,  0.00 ,  0.00 
 0.00 ,  0.00 ,  0.00 
 0.00 ,  0.00 ,  0.00 
 0.00 ,  0.00 ,  0.00 
 0.00 ,  0.00 ,  0.00 
 0.00 ,  0.00 ,  0.00 
 0.00 ,  0.00 ,  0.00 
 0.00 ,  0.00 ,  0.00 
3979.05 ,  0.00 , 3700.52 
 0.00 ,  0.00 ,  0.00 
 0.00 ,  0.00 ,  0.00 
 0.00 ,  0.00 ,  0.00 
 0.00 ,  0.00 ,  0.00 
 0.00 ,  0.00 ,  0.00 
 0.00 ,  0.00 ,  0.00 
 0.00 ,  0.00 ,  0.00 
 0.00 ,  0.00 ,  0.00 
 0.00 ,  0.00 ,  0.00 
 0.00 ,  0.00 ,  0.00 
 0.00 ,  0.00 ,  0.00 
 0.00 , 2165.95 , 1475.84 
 0.00 , 1086.72 , 731.93 
4279.35 , 372.07 , 4228.68 
 0.00 ,  0.00 ,  0.00 
 0.00 ,  0.00 ,  0.00 
 0.00 ,  0.00 ,  0.00 
 0.00 ,  0.00 ,  0.00 
 0.00 ,  0.00 ,  0.00 
 0.00 ,  0.00 ,  0.00 
 0.00 ,  0.00 ,  0.00 
 0.00 ,  0.00 ,  0.00 
 0.00 ,  0.00 ,  0.00 
3979.05 ,  0.00 , 3700.52 
 0.00 ,  0.00 ,  0.00 
 0.00 ,  0.00 ,  0.00 
 0.00 ,  0.00 ,  0.00 
 0.00 ,  0.00 ,  0.00 
 0.00 ,  0.00 ,  0.00 
 0.00 ,  0.00 ,  0.00 
 0.00 ,  0.00 ,  0.00 
 0.00 ,  0.00 ,  0.00 
 0.00 ,  0.00 ,  0.00 
 0.00 ,  0.00 ,  0.00 
 0.00 ,  0.00 ,  0.00 
 0.00 , 1135.31 , 765.05 
 0.00 , 472.28 , 316.02 
4279.35 , 363.30 , 4222.78 
 0.00 ,  0.00 ,  0.00 
 0.00 ,  0.00 ,  0.00 
 0.00 ,  0.00 ,  0.00 
 0.00 ,  0.00 ,  0.00 
 0.00 ,  0.00 ,  0.00 
 0.00 ,  0.00 ,  0.00 
 0.00 ,  0.00 ,  0.00 
 0.00 ,  0.00 ,  0.00 
 0.00 ,  0.00 ,  0.00 
3979.05 ,  0.00 , 3700.52 
 0.00 ,  0.00 ,  0.00 
 0.00 ,  0.00 ,  0.00 
 0.00 ,  0.00 ,  0.00 
 0.00 ,  0.00 ,  0.00 
 0.00 ,  0.00 ,  0.00 
 0.00 ,  0.00 ,  0.00 
 0.00 ,  0.00 ,  0.00 
 0.00 ,  0.00 ,  0.00 
 0.00 ,  0.00 ,  0.00 
 0.00 ,  0.00 ,  0.00 
 0.00 ,  0.00 ,  0.00 
 0.00 , 1778.16 , 1206.55 
 0.00 , 969.36 , 652.07 
4279.35 ,  0.00 , 3979.79 
 0.00 ,  0.00 ,  0.00 
 0.00 ,  0.00 ,  0.00 
 0.00 ,  0.00 ,  0.00 
 0.00 ,  0.00 ,  0.00 
 0.00 ,  0.00 ,  0.00 
 0.00 ,  0.00 ,  0.00 
 0.00 ,  0.00 ,  0.00 
 0.00 ,  0.00 ,  0.00 
 0.00 ,  0.00 ,  0.00 
3979.05 ,  0.00 , 3700.52 
 0.00 ,  0.00 ,  0.00 
 0.00 ,  0.00 ,  0.00 
 0.00 ,  0.00 ,  0.00 
 0.00 ,  0.00 ,  0.00 
 0.00 ,  0.00 ,  0.00 
 0.00 ,  0.00 ,  0.00 
 0.00 ,  0.00 ,  0.00 
 0.00 ,  0.00 ,  0.00 
 0.00 ,  0.00 ,  0.00 
 0.00 ,  0.00 ,  0.00 
 0.00 ,  0.00 ,  0.00 
 0.00 ,  0.00 ,  0.00 
 0.00 ,  0.00 ,  0.00 
4279.35 ,  0.00 , 3979.79 
 0.00 ,  0.00 ,  0.00 
 0.00 ,  0.00 ,  0.00 
 0.00 ,  0.00 ,  0.00 
 0.00 ,  0.00 ,  0.00 
 0.00 ,  0.00 ,  0.00 
 0.00 ,  0.00 ,  0.00 
 0.00 ,  0.00 ,  0.00 
 0.00 ,  0.00 ,  0.00 
 0.00 ,  0.00 ,  0.00 
3979.05 ,  0.00 , 3700.52 
 0.00 ,  0.00 ,  0.00 
 0.00 ,  0.00 ,  0.00 
 0.00 ,  0.00 ,  0.00 
 0.00 ,  0.00 ,  0.00 
 0.00 ,  0.00 ,  0.00 
 0.00 ,  0.00 ,  0.00 
 0.00 ,  0.00 ,  0.00 
 0.00 ,  0.00 ,  0.00 
 0.00 ,  0.00 ,  0.00 
 0.00 ,  0.00 ,  0.00 
 0.00 ,  0.00 ,  0.00 
 0.00 , 352.39 , 235.49 
 0.00 , 300.45 , 200.67 
4279.35 ,  0.00 , 3979.79 
 0.00 ,  0.00 ,  0.00 
 0.00 ,  0.00 ,  0.00 
 0.00 ,  0.00 ,  0.00 
 0.00 ,  0.00 ,  0.00 
 0.00 ,  0.00 ,  0.00 
 0.00 ,  0.00 ,  0.00 
 0.00 ,  0.00 ,  0.00 
 0.00 ,  0.00 ,  0.00 
 0.00 ,  0.00 ,  0.00 
3979.05 ,  0.00 , 3700.52 
 0.00 ,  0.00 ,  0.00 
 0.00 ,  0.00 ,  0.00 
 0.00 ,  0.00 ,  0.00 
 0.00 ,  0.00 ,  0.00 
 0.00 ,  0.00 ,  0.00 
 0.00 ,  0.00 ,  0.00 
 0.00 ,  0.00 ,  0.00 
 0.00 ,  0.00 ,  0.00 
 0.00 ,  0.00 ,  0.00 
 0.00 ,  0.00 ,  0.00 
 0.00 ,  0.00 ,  0.00 
 0.00 ,  0.00 ,  0.00 
 0.00 ,  0.00 ,  0.00 
4279.35 ,  0.00 , 3979.79 
 0.00 ,  0.00 ,  0.00 
 0.00 ,  0.00 ,  0.00 
 0.00 ,  0.00 ,  0.00 
 0.00 ,  0.00 ,  0.00 
 0.00 ,  0.00 ,  0.00 
 0.00 ,  0.00 ,  0.00 
 0.00 ,  0.00 ,  0.00 
 0.00 ,  0.00 ,  0.00 
 0.00 ,  0.00 ,  0.00 
3979.05 ,  0.00 , 3700.52 
 0.00 ,  0.00 ,  0.00 
 0.00 ,  0.00 ,  0.00 
 0.00 ,  0.00 ,  0.00 
 0.00 ,  0.00 ,  0.00 
 0.00 ,  0.00 ,  0.00 
 0.00 ,  0.00 ,  0.00 
 0.00 ,  0.00 ,  0.00 
 0.00 ,  0.00 ,  0.00 
 0.00 ,  0.00 ,  0.00 
 0.00 ,  0.00 ,  0.00 
 0.00 ,  0.00 ,  0.00 
 0.00 ,  0.00 ,  0.00 
 0.00 ,  0.00 ,  0.00 
4279.35 ,  0.00 , 3979.79 
 0.00 ,  0.00 ,  0.00 
 0.00 ,  0.00 ,  0.00 
 0.00 ,  0.00 ,  0.00 
 0.00 ,  0.00 ,  0.00 
 0.00 ,  0.00 ,  0.00 
 0.00 ,  0.00 ,  0.00 
 0.00 ,  0.00 ,  0.00 
 0.00 ,  0.00 ,  0.00 
 0.00 ,  0.00 ,  0.00 
3979.05 ,  0.00 , 3700.52 
 0.00 ,  0.00 ,  0.00 
 0.00 ,  0.00 ,  0.00 
 0.00 ,  0.00 ,  0.00 
 0.00 ,  0.00 ,  0.00 
 0.00 ,  0.00 ,  0.00 
 0.00 ,  0.00 ,  0.00 
 0.00 ,  0.00 ,  0.00 
 0.00 ,  0.00 ,  0.00 
 0.00 ,  0.00 ,  0.00 
 0.00 ,  0.00 ,  0.00 
 0.00 ,  0.00 ,  0.00 
 0.00 ,  0.00 ,  0.00 
 0.00 ,  0.00 ,  0.00 
4279.35 ,  0.00 , 3979.79 
 0.00 ,  0.00 ,  0.00 
 0.00 ,  0.00 ,  0.00 
 0.00 ,  0.00 ,  0.00 
 0.00 ,  0.00 ,  0.00 
 0.00 ,  0.00 ,  0.00 
 0.00 ,  0.00 ,  0.00 
 0.00 ,  0.00 ,  0.00 
 0.00 ,  0.00 ,  0.00 
 0.00 ,  0.00 ,  0.00 
3979.05 ,  0.00 , 3700.52 
 0.00 ,  0.00 ,  0.00 
 0.00 ,  0.00 ,  0.00 
 0.00 ,  0.00 ,  0.00 
 0.00 ,  0.00 ,  0.00 
 0.00 ,  0.00 ,  0.00 
 0.00 ,  0.00 ,  0.00 
 0.00 ,  0.00 ,  0.00 
 0.00 ,  0.00 ,  0.00 
 0.00 ,  0.00 ,  0.00 
 0.00 ,  0.00 ,  0.00 
 0.00 ,  0.00 ,  0.00 
 0.00 ,  0.00 ,  0.00 
 0.00 ,  0.00 ,  0.00 
4279.35 ,  0.00 , 3979.79 
 0.00 ,  0.00 ,  0.00 
 0.00 ,  0.00 ,  0.00 
 0.00 ,  0.00 ,  0.00 
 0.00 ,  0.00 ,  0.00 
 0.00 ,  0.00 ,  0.00 
 0.00 ,  0.00 ,  0.00 
 0.00 ,  0.00 ,  0.00 
 0.00 ,  0.00 ,  0.00 
 0.00 ,  0.00 ,  0.00 
3979.05 ,  0.00 , 3700.52 
 0.00 ,  0.00 ,  0.00 
 0.00 ,  0.00 ,  0.00 
 0.00 ,  0.00 ,  0.00 
 0.00 ,  0.00 ,  0.00 
 0.00 ,  0.00 ,  0.00 
 0.00 ,  0.00 ,  0.00 
 0.00 ,  0.00 ,  0.00 
 0.00 ,  0.00 ,  0.00 
 0.00 ,  0.00 ,  0.00 
 0.00 ,  0.00 ,  0.00 
 0.00 ,  0.00 ,  0.00 
 0.00 ,  0.00 ,  0.00 
 0.00 ,  0.00 ,  0.00 
4279.35 ,  0.00 , 3979.79 
 0.00 ,  0.00 ,  0.00 
 0.00 ,  0.00 ,  0.00 
 0.00 ,  0.00 ,  0.00 
 0.00 ,  0.00 ,  0.00 
 0.00 ,  0.00 ,  0.00 
 0.00 ,  0.00 ,  0.00 
 0.00 ,  0.00 ,  0.00 
 0.00 ,  0.00 ,  0.00 
 0.00 ,  0.00 ,  0.00 
3979.05 ,  0.00 , 3700.52 
 0.00 ,  0.00 ,  0.00 
 0.00 ,  0.00 ,  0.00 
 0.00 ,  0.00 ,  0.00 
 0.00 ,  0.00 ,  0.00 
 0.00 ,  0.00 ,  0.00 
 0.00 ,  0.00 ,  0.00 
 0.00 ,  0.00 ,  0.00 
 0.00 ,  0.00 ,  0.00 
 0.00 ,  0.00 ,  0.00 
 0.00 ,  0.00 ,  0.00 
 0.00 ,  0.00 ,  0.00 
 0.00 ,  0.00 ,  0.00 
 0.00 ,  0.00 ,  0.00 
4279.35 ,  0.00 , 3979.79 
 0.00 ,  0.00 ,  0.00 
 0.00 ,  0.00 ,  0.00 
 0.00 ,  0.00 ,  0.00 
 0.00 ,  0.00 ,  0.00 
 0.00 ,  0.00 ,  0.00 
 0.00 ,  0.00 ,  0.00 
 0.00 ,  0.00 ,  0.00 
 0.00 ,  0.00 ,  0.00 
 0.00 ,  0.00 ,  0.00 
3979.05 ,  0.00 , 3700.52 
 0.00 ,  0.00 ,  0.00 
 0.00 ,  0.00 ,  0.00 
 0.00 ,  0.00 ,  0.00 
 0.00 ,  0.00 ,  0.00 
 0.00 ,  0.00 ,  0.00 
 0.00 ,  0.00 ,  0.00 
 0.00 ,  0.00 ,  0.00 
 0.00 ,  0.00 ,  0.00 
 0.00 ,  0.00 ,  0.00 
 0.00 ,  0.00 ,  0.00 
 0.00 ,  0.00 ,  0.00 
 0.00 ,  0.00 ,  0.00 
 0.00 ,  0.00 ,  0.00 
4279.35 ,  0.00 , 3979.79 
 0.00 ,  0.00 ,  0.00 
 0.00 ,  0.00 ,  0.00 
 0.00 ,  0.00 ,  0.00 
 0.00 ,  0.00 ,  0.00 
 0.00 ,  0.00 ,  0.00 
 0.00 ,  0.00 ,  0.00 
 0.00 ,  0.00 ,  0.00 
 0.00 ,  0.00 ,  0.00 
 0.00 ,  0.00 ,  0.00 
3979.05 ,  0.00 , 3700.52 
 0.00 ,  0.00 ,  0.00 
 0.00 ,  0.00 ,  0.00 
 0.00 ,  0.00 ,  0.00 
 0.00 ,  0.00 ,  0.00 
 0.00 ,  0.00 ,  0.00 
 0.00 ,  0.00 ,  0.00 
 0.00 ,  0.00 ,  0.00 
 0.00 ,  0.00 ,  0.00 
 0.00 ,  0.00 ,  0.00 
 0.00 ,  0.00 ,  0.00 
 0.00 ,  0.00 ,  0.00 
 0.00 ,  0.00 ,  0.00 
 0.00 , 170.40 , 113.66 
4279.35 ,  4.39 , 3982.72 
 0.00 ,  0.00 ,  0.00 
 0.00 ,  0.00 ,  0.00 
 0.00 ,  0.00 ,  0.00 
 0.00 ,  0.00 ,  0.00 
 0.00 ,  0.00 ,  0.00 
 0.00 ,  0.00 ,  0.00 
 0.00 ,  0.00 ,  0.00 
 0.00 ,  0.00 ,  0.00 
 0.00 ,  0.00 ,  0.00 
3979.05 ,  0.00 , 3700.52 
 0.00 ,  0.00 ,  0.00 
 0.00 ,  0.00 ,  0.00 
 0.00 ,  0.00 ,  0.00 
 0.00 ,  0.00 ,  0.00 
 0.00 ,  0.00 ,  0.00 
 0.00 ,  0.00 ,  0.00 
 0.00 ,  0.00 ,  0.00 
 0.00 ,  0.00 ,  0.00 
 0.00 ,  0.00 ,  0.00 
 0.00 ,  0.00 ,  0.00 
 0.00 ,  0.00 ,  0.00 
 0.00 ,  0.00 ,  0.00 
 0.00 , 54.48 , 36.29 
4279.35 ,  0.00 , 3979.79 
 0.00 ,  0.00 ,  0.00 
 0.00 ,  0.00 ,  0.00 
 0.00 ,  0.00 ,  0.00 
 0.00 ,  0.00 ,  0.00 
 0.00 ,  0.00 ,  0.00 
 0.00 ,  0.00 ,  0.00 
 0.00 ,  0.00 ,  0.00 
 0.00 ,  0.00 ,  0.00 
 0.00 ,  0.00 ,  0.00 
3979.05 ,  0.00 , 3700.52 
 0.00 ,  0.00 ,  0.00 
 0.00 ,  0.00 ,  0.00 
 0.00 ,  0.00 ,  0.00 
 0.00 ,  0.00 ,  0.00 
 0.00 ,  0.00 ,  0.00 
 0.00 ,  0.00 ,  0.00 
 0.00 ,  0.00 ,  0.00 
 0.00 ,  0.00 ,  0.00 
 0.00 ,  0.00 ,  0.00 
 0.00 ,  0.00 ,  0.00 
 0.00 ,  0.00 ,  0.00 
 0.00 , 367.61 , 245.70 
 0.00 , 454.36 , 303.97 
4279.35 , 118.90 , 4059.07 
 0.00 ,  0.00 ,  0.00 
 0.00 ,  0.00 ,  0.00 
 0.00 ,  0.00 ,  0.00 
 0.00 ,  0.00 ,  0.00 
 0.00 ,  0.00 ,  0.00 
 0.00 ,  0.00 ,  0.00 
 0.00 ,  0.00 ,  0.00 
 0.00 ,  0.00 ,  0.00 
 0.00 ,  0.00 ,  0.00 
3979.05 ,  0.00 , 3700.52 
 0.00 ,  0.00 ,  0.00 
 0.00 ,  0.00 ,  0.00 
 0.00 ,  0.00 ,  0.00 
 0.00 ,  0.00 ,  0.00 
 0.00 ,  0.00 ,  0.00 
 0.00 ,  0.00 ,  0.00 
 0.00 ,  0.00 ,  0.00 
 0.00 ,  0.00 ,  0.00 
 0.00 ,  0.00 ,  0.00 
 0.00 ,  0.00 ,  0.00 
 0.00 ,  0.00 ,  0.00 
 0.00 , 639.15 , 428.43 
 0.00 , 319.15 , 213.21 
4279.35 ,  0.00 , 3979.79 
 0.00 ,  0.00 ,  0.00 
 0.00 ,  0.00 ,  0.00 
 0.00 ,  0.00 ,  0.00 
 0.00 ,  0.00 ,  0.00 
 0.00 ,  0.00 ,  0.00 
 0.00 ,  0.00 ,  0.00 
 0.00 ,  0.00 ,  0.00 
 0.00 ,  0.00 ,  0.00 
 0.00 ,  0.00 ,  0.00 
3979.05 ,  0.00 , 3700.52 
 0.00 ,  0.00 ,  0.00 
 0.00 ,  0.00 ,  0.00 
 0.00 ,  0.00 ,  0.00 
 0.00 ,  0.00 ,  0.00 
 0.00 ,  0.00 ,  0.00 
 0.00 ,  0.00 ,  0.00 
 0.00 ,  0.00 ,  0.00 
 0.00 ,  0.00 ,  0.00 
 0.00 ,  0.00 ,  0.00 
 0.00 ,  0.00 ,  0.00 
 0.00 ,  0.00 ,  0.00 
 0.00 ,  0.00 ,  0.00 
 0.00 ,  0.00 ,  0.00 
4279.35 ,  0.00 , 3979.79 
 0.00 ,  0.00 ,  0.00 
 0.00 ,  0.00 ,  0.00 
 0.00 ,  0.00 ,  0.00 
 0.00 ,  0.00 ,  0.00 
 0.00 ,  0.00 ,  0.00 
 0.00 ,  0.00 ,  0.00 
 0.00 ,  0.00 ,  0.00 
 0.00 ,  0.00 ,  0.00 
 0.00 ,  0.00 ,  0.00 
3979.05 ,  0.00 , 3700.52 
 0.00 ,  0.00 ,  0.00 
 0.00 ,  0.00 ,  0.00 
 0.00 ,  0.00 ,  0.00 
 0.00 ,  0.00 ,  0.00 
 0.00 ,  0.00 ,  0.00 
 0.00 ,  0.00 ,  0.00 
 0.00 ,  0.00 ,  0.00 
 0.00 ,  0.00 ,  0.00 
 0.00 ,  0.00 ,  0.00 
 0.00 ,  0.00 ,  0.00 
 0.00 ,  0.00 ,  0.00 
 0.00 , 902.55 , 606.69 
 0.00 , 627.09 , 420.29 
4279.35 , 77.62 , 4031.52 
 0.00 ,  0.00 ,  0.00 
 0.00 ,  0.00 ,  0.00 
 0.00 ,  0.00 ,  0.00 
 0.00 ,  0.00 ,  0.00 
 0.00 ,  0.00 ,  0.00 
 0.00 ,  0.00 ,  0.00 
 0.00 ,  0.00 ,  0.00 
 0.00 ,  0.00 ,  0.00 
 0.00 ,  0.00 ,  0.00 
3979.05 ,  0.00 , 3700.52 
 0.00 ,  0.00 ,  0.00 
 0.00 ,  0.00 ,  0.00 
 0.00 ,  0.00 ,  0.00 
 0.00 ,  0.00 ,  0.00 
 0.00 ,  0.00 ,  0.00 
 0.00 ,  0.00 ,  0.00 
 0.00 ,  0.00 ,  0.00 
 0.00 ,  0.00 ,  0.00 
 0.00 ,  0.00 ,  0.00 
 0.00 ,  0.00 ,  0.00 
 0.00 ,  0.00 ,  0.00 
 0.00 , 633.13 , 424.37 
 0.00 , 607.33 , 406.96 
4279.35 , 480.00 , 4301.31 
 0.00 , 148.22 , 98.83 
 0.00 ,  2.89 ,  1.92 
 0.00 ,  0.00 ,  0.00 
 0.00 ,  0.00 ,  0.00 
 0.00 ,  0.00 ,  0.00 
 0.00 ,  0.00 ,  0.00 
 0.00 ,  0.00 ,  0.00 
 0.00 ,  0.00 ,  0.00 
 0.00 ,  0.00 ,  0.00 
3979.05 ,  0.00 , 3700.52 
 0.00 ,  0.00 ,  0.00 
 0.00 ,  0.00 ,  0.00 
 0.00 ,  0.00 ,  0.00 
 0.00 ,  0.00 ,  0.00 
 0.00 ,  0.00 ,  0.00 
 0.00 ,  0.00 ,  0.00 
 0.00 ,  0.00 ,  0.00 
 0.00 ,  0.00 ,  0.00 
 0.00 ,  0.00 ,  0.00 
 0.00 ,  0.00 ,  0.00 
 0.00 ,  0.00 ,  0.00 
 0.00 , 1477.36 , 999.21 
 0.00 , 1004.35 , 675.86 
4279.35 ,  0.00 , 3979.79 
 0.00 ,  0.00 ,  0.00 
 0.00 ,  0.00 ,  0.00 
 0.00 ,  0.00 ,  0.00 
 0.00 ,  0.00 ,  0.00 
 0.00 ,  0.00 ,  0.00 
 0.00 ,  0.00 ,  0.00 
 0.00 ,  0.00 ,  0.00 
 0.00 ,  0.00 ,  0.00 
 0.00 ,  0.00 ,  0.00 
3979.05 ,  0.00 , 3700.52 
 0.00 ,  0.00 ,  0.00 
 0.00 ,  0.00 ,  0.00 
 0.00 ,  0.00 ,  0.00 
 0.00 ,  0.00 ,  0.00 
 0.00 ,  0.00 ,  0.00 
 0.00 ,  0.00 ,  0.00 
 0.00 ,  0.00 ,  0.00 
 0.00 ,  0.00 ,  0.00 
 0.00 ,  0.00 ,  0.00 
 0.00 ,  0.00 ,  0.00 
 0.00 ,  0.00 ,  0.00 
 0.00 , 382.12 , 255.44 
 0.00 , 616.61 , 413.23 
4279.35 ,  0.00 , 3979.79 
 0.00 ,  0.00 ,  0.00 
 0.00 ,  0.00 ,  0.00 
 0.00 ,  0.00 ,  0.00 
 0.00 ,  0.00 ,  0.00 
 0.00 ,  0.00 ,  0.00 
 0.00 ,  0.00 ,  0.00 
 0.00 ,  0.00 ,  0.00 
 0.00 ,  0.00 ,  0.00 
 0.00 ,  0.00 ,  0.00 
3979.05 ,  0.00 , 3700.52 
 0.00 ,  0.00 ,  0.00 
 0.00 ,  0.00 ,  0.00 
 0.00 ,  0.00 ,  0.00 
 0.00 ,  0.00 ,  0.00 
 0.00 ,  0.00 ,  0.00 
 0.00 ,  0.00 ,  0.00 
 0.00 ,  0.00 ,  0.00 
 0.00 ,  0.00 ,  0.00 
 0.00 ,  0.00 ,  0.00 
 0.00 ,  0.00 ,  0.00 
 0.00 ,  0.00 ,  0.00 
 0.00 , 631.86 , 423.51 
 0.00 , 667.43 , 447.53 
4279.35 ,  0.00 , 3979.79 
 0.00 ,  0.00 ,  0.00 
 0.00 ,  0.00 ,  0.00 
 0.00 ,  0.00 ,  0.00 
 0.00 ,  0.00 ,  0.00 
 0.00 ,  0.00 ,  0.00 
 0.00 ,  0.00 ,  0.00 
 0.00 ,  0.00 ,  0.00 
 0.00 ,  0.00 ,  0.00 
 0.00 ,  0.00 ,  0.00 
3979.05 ,  0.00 , 3700.52 
 0.00 ,  0.00 ,  0.00 
 0.00 ,  0.00 ,  0.00 
 0.00 ,  0.00 ,  0.00 
 0.00 ,  0.00 ,  0.00 
 0.00 ,  0.00 ,  0.00 
 0.00 ,  0.00 ,  0.00 
 0.00 ,  0.00 ,  0.00 
 0.00 ,  0.00 ,  0.00 
 0.00 ,  0.00 ,  0.00 
 0.00 ,  0.00 ,  0.00 
 0.00 ,  0.00 ,  0.00 
 0.00 , 1147.10 , 773.10 
 0.00 , 903.77 , 607.52 
4279.35 , 43.78 , 4008.96 
 0.00 ,  0.00 ,  0.00 
 0.00 ,  0.00 ,  0.00 
 0.00 ,  0.00 ,  0.00 
 0.00 ,  0.00 ,  0.00 
 0.00 ,  0.00 ,  0.00 
 0.00 ,  0.00 ,  0.00 
 0.00 ,  0.00 ,  0.00 
 0.00 ,  0.00 ,  0.00 
 0.00 ,  0.00 ,  0.00 
3979.05 ,  0.00 , 3700.52 
 0.00 ,  0.00 ,  0.00 
 0.00 ,  0.00 ,  0.00 
 0.00 ,  0.00 ,  0.00 
 0.00 ,  0.00 ,  0.00 
 0.00 ,  0.00 ,  0.00 
 0.00 ,  0.00 ,  0.00 
 0.00 ,  0.00 ,  0.00 
 0.00 ,  0.00 ,  0.00 
 0.00 ,  0.00 ,  0.00 
 0.00 ,  0.00 ,  0.00 
 0.00 ,  0.00 ,  0.00 
 0.00 , 978.29 , 658.14 
 0.00 , 947.72 , 637.37 
4279.35 , 636.04 , 4406.67 
 0.00 ,  0.00 ,  0.00 
 0.00 ,  0.00 ,  0.00 
 0.00 ,  0.00 ,  0.00 
 0.00 ,  0.00 ,  0.00 
 0.00 ,  0.00 ,  0.00 
 0.00 ,  0.00 ,  0.00 
 0.00 ,  0.00 ,  0.00 
 0.00 ,  0.00 ,  0.00 
 0.00 ,  0.00 ,  0.00 
3979.05 ,  0.00 , 3700.52 
 0.00 ,  0.00 ,  0.00 
 0.00 ,  0.00 ,  0.00 
 0.00 ,  0.00 ,  0.00 
 0.00 ,  0.00 ,  0.00 
 0.00 ,  0.00 ,  0.00 
 0.00 ,  0.00 ,  0.00 
 0.00 ,  0.00 ,  0.00 
 0.00 ,  0.00 ,  0.00 
 0.00 ,  0.00 ,  0.00 
 0.00 ,  0.00 ,  0.00 
 0.00 ,  0.00 ,  0.00 
 0.00 , 1369.39 , 925.11 
 0.00 , 993.74 , 668.64 
4279.35 , 334.04 , 4203.13 
 0.00 ,  0.00 ,  0.00 
 0.00 ,  0.00 ,  0.00 
 0.00 ,  0.00 ,  0.00 
 0.00 ,  0.00 ,  0.00 
 0.00 ,  0.00 ,  0.00 
 0.00 ,  0.00 ,  0.00 
 0.00 ,  0.00 ,  0.00 
 0.00 ,  0.00 ,  0.00 
 0.00 ,  0.00 ,  0.00 
3979.05 ,  0.00 , 3700.52 
 0.00 ,  0.00 ,  0.00 
 0.00 ,  0.00 ,  0.00 
 0.00 ,  0.00 ,  0.00 
 0.00 ,  0.00 ,  0.00 
 0.00 ,  0.00 ,  0.00 
 0.00 ,  0.00 ,  0.00 
 0.00 ,  0.00 ,  0.00 
 0.00 ,  0.00 ,  0.00 
 0.00 ,  0.00 ,  0.00 
 0.00 ,  0.00 ,  0.00 
 0.00 ,  0.00 ,  0.00 
 0.00 ,  0.00 ,  0.00 
 0.00 ,  0.00 ,  0.00 
4279.35 ,  0.00 , 3979.79 
 0.00 ,  0.00 ,  0.00 
 0.00 ,  0.00 ,  0.00 
 0.00 ,  0.00 ,  0.00 
 0.00 ,  0.00 ,  0.00 
 0.00 ,  0.00 ,  0.00 
 0.00 ,  0.00 ,  0.00 
 0.00 ,  0.00 ,  0.00 
 0.00 ,  0.00 ,  0.00 
 0.00 ,  0.00 ,  0.00 
3979.05 ,  0.00 , 3700.52 
 0.00 ,  0.00 ,  0.00 
 0.00 ,  0.00 ,  0.00 
 0.00 ,  0.00 ,  0.00 
 0.00 ,  0.00 ,  0.00 
 0.00 ,  0.00 ,  0.00 
 0.00 ,  0.00 ,  0.00 
 0.00 ,  0.00 ,  0.00 
 0.00 ,  0.00 ,  0.00 
 0.00 ,  0.00 ,  0.00 
 0.00 ,  0.00 ,  0.00 
 0.00 ,  0.00 ,  0.00 
 0.00 ,  0.00 ,  0.00 
 0.00 , 219.63 , 146.56 
4279.35 ,  0.00 , 3979.79 
 0.00 ,  0.00 ,  0.00 
 0.00 ,  0.00 ,  0.00 
 0.00 ,  0.00 ,  0.00 
 0.00 ,  0.00 ,  0.00 
 0.00 ,  0.00 ,  0.00 
 0.00 ,  0.00 ,  0.00 
 0.00 ,  0.00 ,  0.00 
 0.00 ,  0.00 ,  0.00 
 0.00 ,  0.00 ,  0.00 
3979.05 ,  0.00 , 3700.52 
 0.00 ,  0.00 ,  0.00 
 0.00 ,  0.00 ,  0.00 
 0.00 ,  0.00 ,  0.00 
 0.00 ,  0.00 ,  0.00 
 0.00 ,  0.00 ,  0.00 
 0.00 ,  0.00 ,  0.00 
 0.00 ,  0.00 ,  0.00 
 0.00 ,  0.00 ,  0.00 
 0.00 ,  0.00 ,  0.00 
 0.00 ,  0.00 ,  0.00 
 0.00 ,  0.00 ,  0.00 
 0.00 , 4039.79 , 2809.59 
3864.82 , 1843.07 , 4849.94 
 0.00 , 423.50 , 283.23 
 0.00 ,  0.00 ,  0.00 
 0.00 ,  0.00 ,  0.00 
 0.00 ,  0.00 ,  0.00 
 0.00 ,  0.00 ,  0.00 
 0.00 ,  0.00 ,  0.00 
 0.00 ,  0.00 ,  0.00 
 0.00 ,  0.00 ,  0.00 
3827.93 ,  0.00 , 3559.97 
 0.00 ,  0.00 ,  0.00 
 0.00 , 91.64 , 61.07 
 0.00 , 325.74 , 217.63 
 0.00 , 415.37 , 277.77 
 0.00 , 614.04 , 411.49 
 0.00 ,  0.00 ,  0.00 
 0.00 ,  0.00 ,  0.00 
 0.00 ,  0.00 ,  0.00 
 0.00 ,  0.00 ,  0.00 
 0.00 ,  0.00 ,  0.00 
 0.00 ,  0.00 ,  0.00 
 0.00 ,  0.00 ,  0.00 
 0.00 ,  0.00 ,  0.00 
4388.46 , 7759.87 , 9809.07 
 0.00 , 2464.93 , 1685.01 
 0.00 , 1309.60 , 884.15 
 0.00 , 1882.12 , 1278.52 
 0.00 , 521.59 , 349.19 
 0.00 , 19.95 , 13.28 
 0.00 , 625.24 , 419.05 
 0.00 , 718.98 , 482.36 
 0.00 , 630.89 , 422.86 
4059.58 , 915.20 , 4391.76 
 0.00 , 1504.98 , 1018.19 
 0.00 , 1529.45 , 1035.02 
 0.00 , 1199.56 , 808.91 
 0.00 , 1270.35 , 857.29 
 0.00 , 1282.92 , 865.89 
 0.00 , 1362.83 , 920.62 
 0.00 ,  0.00 ,  0.00 
 0.00 ,  0.00 ,  0.00 
 0.00 ,  0.00 ,  0.00 
 0.00 ,  0.00 ,  0.00 
 0.00 ,  0.00 ,  0.00 
 0.00 ,  0.00 ,  0.00 
 0.00 ,  0.00 ,  0.00 
3908.87 ,  0.00 , 3635.25 
 0.00 , 8990.36 , 6614.11 
 0.00 , 2897.98 , 1990.40 
 0.00 , 2669.05 , 1828.60 
 0.00 , 2147.19 , 1462.76 
 0.00 , 1488.25 , 1006.69 
 0.00 , 1169.61 , 788.46 
3910.06 , 1295.49 , 4512.92 
 0.00 , 996.59 , 670.58 
 0.00 , 838.70 , 563.39 
 0.00 , 1543.15 , 1044.45 
 0.00 , 1960.26 , 1332.72 
 0.00 , 1887.85 , 1282.50 
 0.00 , 1534.21 , 1038.29 
 0.00 , 1516.07 , 1025.82 
 0.00 , 1574.68 , 1066.14 
3844.00 , 1635.60 , 4686.29 
 0.00 ,  0.00 ,  0.00 
 0.00 ,  0.00 ,  0.00 
 0.00 ,  0.00 ,  0.00 
 0.00 ,  0.00 ,  0.00 
 0.00 ,  0.00 ,  0.00 
 0.00 ,  0.00 ,  0.00 
 0.00 ,  0.00 ,  0.00 
 0.00 ,  0.00 ,  0.00 
 0.00 , 10188.11 , 7601.60 
 0.00 , 3448.86 , 2383.07 
 0.00 , 199.56 , 133.15 
 0.00 ,  0.00 ,  0.00 
4176.72 ,  0.00 , 3884.35 
 0.00 ,  0.00 ,  0.00 
 0.00 ,  0.00 ,  0.00 
 0.00 ,  0.00 ,  0.00 
 0.00 ,  0.00 ,  0.00 
 0.00 ,  0.00 ,  0.00 
 0.00 ,  0.00 ,  0.00 
 0.00 , 733.29 , 492.03 
 0.00 , 994.05 , 668.85 
3763.84 , 1101.93 , 4244.10 
 0.00 , 1211.40 , 816.99 
 0.00 , 1315.49 , 888.18 
 0.00 ,  0.00 ,  0.00 
 0.00 ,  0.00 ,  0.00 
 0.00 ,  0.00 ,  0.00 
 0.00 ,  0.00 ,  0.00 
 0.00 ,  0.00 ,  0.00 
 0.00 ,  0.00 ,  0.00 
 0.00 ,  0.00 ,  0.00 
 0.00 ,  0.00 ,  0.00 
 0.00 , 9457.16 , 6995.66 
 0.00 , 3257.38 , 2246.04 
4079.03 , 2423.60 , 5457.34 
 0.00 , 1805.33 , 1225.35 
 0.00 , 828.66 , 556.58 
 0.00 ,  5.46 ,  3.64 
 0.00 ,  0.00 ,  0.00 
 0.00 ,  0.00 ,  0.00 
 0.00 ,  0.00 ,  0.00 
 0.00 , 78.00 , 51.97 
 0.00 , 1189.29 , 801.89 
 0.00 , 1452.63 , 982.22 
4260.87 , 1125.56 , 4722.73 
 0.00 , 1198.05 , 807.88 
 0.00 , 1271.83 , 858.31 
 0.00 , 1348.82 , 911.01 
 0.00 ,  0.00 ,  0.00 
 0.00 ,  0.00 ,  0.00 
 0.00 ,  0.00 ,  0.00 
 0.00 ,  0.00 ,  0.00 
 0.00 ,  0.00 ,  0.00 
 0.00 ,  0.00 ,  0.00 
 0.00 ,  0.00 ,  0.00 
 0.00 ,  0.00 ,  0.00 
 0.00 , 9459.75 , 6997.79 
3987.88 , 3235.14 , 5952.73 
 0.00 , 2479.25 , 1695.07 
 0.00 , 2003.65 , 1362.87 
 0.00 , 1662.64 , 1126.77 
 0.00 , 1337.10 , 902.99 
 0.00 , 267.53 , 178.62 
 0.00 , 14.32 ,  9.53 
 0.00 , 21.33 , 14.21 
 0.00 , 174.81 , 116.60 
3827.93 , 1204.49 , 4373.99 
 0.00 , 1602.73 , 1085.46 
 0.00 , 1283.95 , 866.59 
 0.00 , 1353.05 , 913.91 
 0.00 , 1427.11 , 964.70 
 0.00 , 1502.70 , 1016.62 
 0.00 ,  0.00 ,  0.00 
 0.00 ,  0.00 ,  0.00 
 0.00 ,  0.00 ,  0.00 
 0.00 ,  0.00 ,  0.00 
 0.00 ,  0.00 ,  0.00 
 0.00 ,  0.00 ,  0.00 
 0.00 ,  0.00 ,  0.00 
 0.00 ,  0.00 ,  0.00 
4388.46 , 9036.56 , 10872.85 
 0.00 , 3098.17 , 2132.55 
 0.00 , 2329.08 , 1589.80 
 0.00 , 1765.84 , 1198.03 
 0.00 ,  2.51 ,  1.67 
 0.00 , 298.89 , 199.63 
 0.00 , 747.24 , 501.46 
 0.00 , 1189.83 , 802.26 
 0.00 , 1942.95 , 1320.71 
4059.58 , 2047.25 , 5174.09 
 0.00 , 2163.58 , 1474.19 
 0.00 , 2093.66 , 1425.48 
 0.00 , 1666.11 , 1129.16 
 0.00 , 1571.84 , 1064.19 
 0.00 , 1550.77 , 1049.69 
 0.00 , 1533.79 , 1038.00 
 0.00 ,  0.00 ,  0.00 
 0.00 ,  0.00 ,  0.00 
 0.00 ,  0.00 ,  0.00 
 0.00 ,  0.00 ,  0.00 
 0.00 ,  0.00 ,  0.00 
 0.00 ,  0.00 ,  0.00 
 0.00 ,  0.00 ,  0.00 
3908.87 ,  0.00 , 3635.25 
 0.00 , 8299.20 , 6056.74 
 0.00 , 2715.21 , 1861.16 
 0.00 , 2054.00 , 1397.87 
 0.00 , 1657.38 , 1123.13 
 0.00 , 1013.99 , 682.41 
 0.00 , 134.91 , 89.95 
3910.06 , 1099.46 , 4378.45 
 0.00 , 591.05 , 395.99 
 0.00 , 993.61 , 668.55 
 0.00 , 1031.65 , 694.43 
 0.00 , 1405.38 , 949.79 
 0.00 , 1393.51 , 941.65 
 0.00 , 1020.90 , 687.11 
 0.00 , 1057.28 , 711.88 
 0.00 , 1105.59 , 744.79 
3844.00 , 1089.36 , 4310.08 
 0.00 ,  0.00 ,  0.00 
 0.00 ,  0.00 ,  0.00 
 0.00 ,  0.00 ,  0.00 
 0.00 ,  0.00 ,  0.00 
 0.00 ,  0.00 ,  0.00 
 0.00 ,  0.00 ,  0.00 
 0.00 ,  0.00 ,  0.00 
 0.00 ,  0.00 ,  0.00 
 0.00 , 8579.18 , 6281.44 
 0.00 , 2890.59 , 1985.16 
 0.00 , 1652.76 , 1119.95 
 0.00 ,  0.00 ,  0.00 
4176.72 ,  0.00 , 3884.35 
 0.00 ,  0.00 ,  0.00 
 0.00 ,  0.00 ,  0.00 
 0.00 ,  0.00 ,  0.00 
 0.00 ,  0.00 ,  0.00 
 0.00 ,  0.00 ,  0.00 
 0.00 ,  0.00 ,  0.00 
 0.00 ,  0.00 ,  0.00 
 0.00 ,  0.00 ,  0.00 
3763.84 ,  0.00 , 3500.37 
 0.00 ,  0.00 ,  0.00 
 0.00 , 73.23 , 48.79 
 0.00 ,  0.00 ,  0.00 
 0.00 ,  0.00 ,  0.00 
 0.00 ,  0.00 ,  0.00 
 0.00 ,  0.00 ,  0.00 
 0.00 ,  0.00 ,  0.00 
 0.00 ,  0.00 ,  0.00 
 0.00 ,  0.00 ,  0.00 
 0.00 ,  0.00 ,  0.00 
 0.00 , 6517.98 , 4660.63 
 0.00 , 1935.72 , 1315.70 
4079.03 ,  0.00 , 3793.50 
 0.00 ,  0.00 ,  0.00 
 0.00 ,  0.00 ,  0.00 
 0.00 ,  0.00 ,  0.00 
 0.00 ,  0.00 ,  0.00 
 0.00 ,  0.00 ,  0.00 
 0.00 ,  0.00 ,  0.00 
 0.00 ,  0.00 ,  0.00 
 0.00 ,  0.00 ,  0.00 
 0.00 ,  0.00 ,  0.00 
4260.87 ,  0.00 , 3962.61 
 0.00 ,  0.00 ,  0.00 
 0.00 ,  0.00 ,  0.00 
 0.00 ,  0.00 ,  0.00 
 0.00 ,  0.00 ,  0.00 
 0.00 ,  0.00 ,  0.00 
 0.00 ,  0.00 ,  0.00 
 0.00 ,  0.00 ,  0.00 
 0.00 ,  0.00 ,  0.00 
 0.00 ,  0.00 ,  0.00 
 0.00 ,  0.00 ,  0.00 
 0.00 ,  0.00 ,  0.00 
 0.00 , 3676.36 , 2546.62 
3987.88 , 1306.85 , 4593.16 
 0.00 ,  0.00 ,  0.00 
 0.00 ,  0.00 ,  0.00 
 0.00 ,  0.00 ,  0.00 
 0.00 ,  0.00 ,  0.00 
 0.00 ,  0.00 ,  0.00 
 0.00 ,  0.00 ,  0.00 
 0.00 ,  0.00 ,  0.00 
 0.00 ,  0.00 ,  0.00 
3827.93 ,  0.00 , 3559.97 
 0.00 ,  0.00 ,  0.00 
 0.00 ,  0.00 ,  0.00 
 0.00 ,  0.00 ,  0.00 
 0.00 ,  0.00 ,  0.00 
 0.00 ,  0.00 ,  0.00 
 0.00 ,  0.00 ,  0.00 
 0.00 ,  0.00 ,  0.00 
 0.00 ,  0.00 ,  0.00 
 0.00 ,  0.00 ,  0.00 
 0.00 ,  0.00 ,  0.00 
 0.00 ,  0.00 ,  0.00 
 0.00 ,  0.00 ,  0.00 
 0.00 ,  0.00 ,  0.00 
4388.46 , 3248.48 , 6336.60 
 0.00 , 1442.79 , 975.47 
 0.00 ,  0.00 ,  0.00 
 0.00 ,  0.00 ,  0.00 
 0.00 ,  0.00 ,  0.00 
 0.00 ,  0.00 ,  0.00 
 0.00 ,  0.00 ,  0.00 
 0.00 ,  0.00 ,  0.00 
 0.00 ,  0.00 ,  0.00 
4059.58 ,  0.00 , 3775.41 
 0.00 ,  0.00 ,  0.00 
 0.00 ,  0.00 ,  0.00 
 0.00 ,  0.00 ,  0.00 
 0.00 ,  0.00 ,  0.00 
 0.00 ,  0.00 ,  0.00 
 0.00 ,  0.00 ,  0.00 
 0.00 ,  0.00 ,  0.00 
 0.00 ,  0.00 ,  0.00 
 0.00 ,  0.00 ,  0.00 
 0.00 ,  0.00 ,  0.00 
 0.00 ,  0.00 ,  0.00 
 0.00 ,  0.00 ,  0.00 
 0.00 ,  0.00 ,  0.00 
3908.87 ,  0.00 , 3635.25 
 0.00 , 3411.76 , 2356.48 
 0.00 , 1520.32 , 1028.74 
 0.00 ,  0.00 ,  0.00 
 0.00 ,  0.00 ,  0.00 
 0.00 ,  0.00 ,  0.00 
 0.00 ,  0.00 ,  0.00 
3910.06 ,  0.00 , 3636.35 
 0.00 ,  0.00 ,  0.00 
 0.00 ,  0.00 ,  0.00 
 0.00 ,  0.00 ,  0.00 
 0.00 ,  0.00 ,  0.00 
 0.00 ,  0.00 ,  0.00 
 0.00 ,  0.00 ,  0.00 
 0.00 ,  0.00 ,  0.00 
 0.00 ,  0.00 ,  0.00 
3844.00 ,  0.00 , 3574.92 
 0.00 ,  0.00 ,  0.00 
 0.00 ,  0.00 ,  0.00 
 0.00 ,  0.00 ,  0.00 
 0.00 ,  0.00 ,  0.00 
 0.00 ,  0.00 ,  0.00 
 0.00 ,  0.00 ,  0.00 
 0.00 ,  0.00 ,  0.00 
 0.00 ,  0.00 ,  0.00 
 0.00 , 2059.96 , 1402.02 
 0.00 , 1075.38 , 724.21 
 0.00 , 903.68 , 607.46 
 0.00 , 802.99 , 539.20 
4176.72 , 110.91 , 3958.29 
 0.00 ,  0.00 ,  0.00 
 0.00 ,  0.00 ,  0.00 
 0.00 ,  0.00 ,  0.00 
 0.00 ,  0.00 ,  0.00 
 0.00 ,  0.00 ,  0.00 
 0.00 , 116.27 , 77.51 
 0.00 , 312.36 , 208.66 
 0.00 , 116.90 , 77.92 
3763.84 , 183.48 , 3622.81 
 0.00 , 279.35 , 186.54 
 0.00 , 372.34 , 248.88 
 0.00 ,  0.00 ,  0.00 
 0.00 ,  0.00 ,  0.00 
 0.00 ,  0.00 ,  0.00 
 0.00 ,  0.00 ,  0.00 
 0.00 ,  0.00 ,  0.00 
 0.00 ,  0.00 ,  0.00 
 0.00 ,  0.00 ,  0.00 
 0.00 ,  0.00 ,  0.00 
 0.00 , 6831.46 , 4902.23 
 0.00 , 2505.68 , 1713.63 
4079.03 , 1887.84 , 5080.68 
 0.00 , 1437.40 , 971.76 
 0.00 , 1437.44 , 971.79 
 0.00 , 579.00 , 387.86 
 0.00 , 1423.98 , 962.55 
 0.00 , 883.92 , 594.05 
 0.00 , 764.15 , 512.90 
 0.00 , 967.28 , 650.65 
 0.00 , 1580.23 , 1069.96 
 0.00 , 1599.73 , 1083.40 
4260.87 , 1256.35 , 4812.48 
 0.00 , 1323.68 , 893.79 
 0.00 , 1397.96 , 944.70 
 0.00 , 1407.53 , 951.27 
 0.00 ,  0.00 ,  0.00 
 0.00 ,  0.00 ,  0.00 
 0.00 ,  0.00 ,  0.00 
 0.00 ,  0.00 ,  0.00 
 0.00 ,  0.00 ,  0.00 
 0.00 ,  0.00 ,  0.00 
 0.00 ,  0.00 ,  0.00 
 0.00 ,  0.00 ,  0.00 
 0.00 , 9560.74 , 7080.89 
3987.88 , 3279.45 , 5984.77 
 0.00 , 67.45 , 44.94 
 0.00 ,  0.00 ,  0.00 
 0.00 ,  0.00 ,  0.00 
 0.00 ,  0.00 ,  0.00 
 0.00 ,  0.00 ,  0.00 
 0.00 ,  0.00 ,  0.00 
 0.00 ,  0.00 ,  0.00 
 0.00 ,  0.00 ,  0.00 
3827.93 ,  0.00 , 3559.97 
 0.00 ,  0.00 ,  0.00 
 0.00 ,  0.00 ,  0.00 
 0.00 ,  0.00 ,  0.00 
 0.00 ,  0.00 ,  0.00 
 0.00 , 273.51 , 182.63 
 0.00 ,  0.00 ,  0.00 
 0.00 ,  0.00 ,  0.00 
 0.00 ,  0.00 ,  0.00 
 0.00 ,  0.00 ,  0.00 
 0.00 ,  0.00 ,  0.00 
 0.00 ,  0.00 ,  0.00 
 0.00 ,  0.00 ,  0.00 
 0.00 ,  0.00 ,  0.00 
4388.46 , 6246.77 , 8596.54 
 0.00 , 2126.98 , 1448.68 
 0.00 , 1926.02 , 1308.96 
 0.00 , 1915.81 , 1301.88 
 0.00 , 1394.10 , 942.05 
 0.00 , 418.78 , 280.06 
 0.00 , 880.27 , 591.57 
 0.00 , 890.30 , 598.38 
 0.00 , 1076.81 , 725.18 
4059.58 , 1296.68 , 4652.89 
 0.00 , 1494.33 , 1010.87 
 0.00 , 1428.46 , 965.63 
 0.00 , 992.09 , 667.52 
 0.00 , 1032.46 , 694.98 
 0.00 , 1018.48 , 685.47 
 0.00 , 1076.87 , 725.22 
 0.00 ,  0.00 ,  0.00 
 0.00 ,  0.00 ,  0.00 
 0.00 ,  0.00 ,  0.00 
 0.00 ,  0.00 ,  0.00 
 0.00 ,  0.00 ,  0.00 
 0.00 ,  0.00 ,  0.00 
 0.00 ,  0.00 ,  0.00 
3908.87 ,  0.00 , 3635.25 
 0.00 , 8744.88 , 6415.12 
 0.00 , 2952.74 , 2029.22 
 0.00 , 690.02 , 462.78 
 0.00 ,  0.00 ,  0.00 
 0.00 , 714.20 , 479.12 
 0.00 , 1144.71 , 771.47 
3910.06 , 1502.98 , 4655.98 
 0.00 , 1108.92 , 747.06 
 0.00 , 1309.53 , 884.10 
 0.00 , 1771.30 , 1201.81 
 0.00 , 2026.36 , 1378.65 
 0.00 , 1944.50 , 1321.79 
 0.00 , 1523.18 , 1030.70 
 0.00 , 1502.71 , 1016.63 
 0.00 , 1559.22 , 1055.50 
3844.00 , 1550.96 , 4627.66 
 0.00 ,  0.00 ,  0.00 
 0.00 ,  0.00 ,  0.00 
 0.00 ,  0.00 ,  0.00 
 0.00 ,  0.00 ,  0.00 
 0.00 ,  0.00 ,  0.00 
 0.00 ,  0.00 ,  0.00 
 0.00 ,  0.00 ,  0.00 
 0.00 ,  0.00 ,  0.00 
 0.00 , 8870.80 , 6517.04 
 0.00 , 2743.60 , 1881.20 
 0.00 , 564.21 , 377.90 
 0.00 ,  0.00 ,  0.00 
4176.72 ,  0.00 , 3884.35 
 0.00 ,  0.00 ,  0.00 
 0.00 ,  0.00 ,  0.00 
 0.00 ,  0.00 ,  0.00 
 0.00 ,  0.00 ,  0.00 
 0.00 ,  0.00 ,  0.00 
 0.00 ,  0.00 ,  0.00 
 0.00 ,  0.00 ,  0.00 
 0.00 ,  0.00 ,  0.00 
3763.84 ,  0.00 , 3500.37 
 0.00 ,  0.00 ,  0.00 
 0.00 ,  0.00 ,  0.00 
 0.00 ,  0.00 ,  0.00 
 0.00 ,  0.00 ,  0.00 
 0.00 ,  0.00 ,  0.00 
 0.00 ,  0.00 ,  0.00 
 0.00 ,  0.00 ,  0.00 
 0.00 ,  0.00 ,  0.00 
 0.00 ,  0.00 ,  0.00 
 0.00 ,  0.00 ,  0.00 
 0.00 , 5518.11 , 3901.41 
 0.00 , 2000.22 , 1360.48 
4079.03 , 1545.47 , 4842.66 
 0.00 , 263.26 , 175.76 
 0.00 ,  0.00 ,  0.00 
 0.00 , 205.68 , 137.23 
 0.00 , 308.91 , 206.34 
 0.00 , 926.78 , 623.14 
 0.00 , 839.85 , 564.17 
 0.00 , 1120.56 , 754.99 
 0.00 , 1286.46 , 868.32 
 0.00 , 1253.82 , 845.98 
4260.87 , 891.28 , 4562.73 
 0.00 , 874.47 , 587.64 
 0.00 , 933.27 , 627.55 
 0.00 , 998.01 , 671.55 
 0.00 ,  0.00 ,  0.00 
 0.00 ,  0.00 ,  0.00 
 0.00 ,  0.00 ,  0.00 
 0.00 ,  0.00 ,  0.00 
 0.00 ,  0.00 ,  0.00 
 0.00 ,  0.00 ,  0.00 
 0.00 ,  0.00 ,  0.00 
 0.00 ,  0.00 ,  0.00 
 0.00 , 8043.95 , 5853.15 
3987.88 , 2742.99 , 5599.33 
 0.00 , 2517.28 , 1721.78 
 0.00 , 2280.47 , 1555.80 
 0.00 , 1792.25 , 1216.29 
 0.00 , 1374.76 , 928.79 
 0.00 , 1309.70 , 884.22 
 0.00 , 1339.32 , 904.50 
 0.00 , 1173.53 , 791.13 
 0.00 , 1481.07 , 1001.76 
3827.93 , 1951.05 , 4890.96 
 0.00 , 1825.64 , 1239.40 
 0.00 , 1462.64 , 989.10 
 0.00 , 1437.65 , 971.94 
 0.00 , 1489.82 , 1007.77 
 0.00 , 1548.34 , 1048.01 
 0.00 ,  0.00 ,  0.00 
 0.00 ,  0.00 ,  0.00 
 0.00 ,  0.00 ,  0.00 
 0.00 ,  0.00 ,  0.00 
 0.00 ,  0.00 ,  0.00 
 0.00 ,  0.00 ,  0.00 
 0.00 ,  0.00 ,  0.00 
 0.00 ,  0.00 ,  0.00 
4388.46 , 8994.51 , 10837.20 
 0.00 , 3024.05 , 2079.85 
 0.00 , 2244.50 , 1530.67 
 0.00 , 900.57 , 605.35 
 0.00 , 1769.43 , 1200.51 
 0.00 , 1913.61 , 1300.36 
 0.00 , 734.27 , 492.69 
 0.00 , 871.56 , 585.67 
 0.00 , 228.71 , 152.64 
4059.58 , 1101.34 , 4518.87 
 0.00 , 1747.00 , 1185.01 
 0.00 , 1698.61 , 1151.59 
 0.00 , 1345.71 , 908.88 
 0.00 , 1327.75 , 896.58 
 0.00 , 1381.79 , 933.61 
 0.00 , 1374.27 , 928.45 
 0.00 ,  0.00 ,  0.00 
 0.00 ,  0.00 ,  0.00 
 0.00 ,  0.00 ,  0.00 
 0.00 ,  0.00 ,  0.00 
 0.00 ,  0.00 ,  0.00 
 0.00 ,  0.00 ,  0.00 
 0.00 ,  0.00 ,  0.00 
3908.87 ,  0.00 , 3635.25 
 0.00 , 8569.76 , 6273.86 
 0.00 , 2897.99 , 1990.40 
 0.00 , 2455.77 , 1678.59 
 0.00 , 1509.88 , 1021.56 
 0.00 , 814.22 , 546.80 
 0.00 , 567.96 , 380.42 
3910.06 , 706.92 , 4111.16 
 0.00 , 1290.99 , 871.41 
 0.00 , 1756.40 , 1191.50 
 0.00 , 1914.82 , 1301.19 
 0.00 , 1996.83 , 1358.13 
 0.00 , 1904.48 , 1294.02 
 0.00 , 1464.64 , 990.47 
 0.00 , 1498.19 , 1013.53 
 0.00 , 1478.46 , 999.96 
3844.00 , 1526.49 , 4610.73 
 0.00 ,  0.00 ,  0.00 
 0.00 ,  0.00 ,  0.00 
 0.00 ,  0.00 ,  0.00 
 0.00 ,  0.00 ,  0.00 
 0.00 ,  0.00 ,  0.00 
 0.00 ,  0.00 ,  0.00 
 0.00 ,  0.00 ,  0.00 
 0.00 ,  0.00 ,  0.00 
 0.00 , 9605.40 , 7117.71 
 0.00 , 3484.07 , 2408.33 
 0.00 , 3109.91 , 2140.91 
 0.00 , 2765.34 , 1896.55 
4176.72 , 2329.97 , 5482.19 
 0.00 , 2462.92 , 1683.61 
 0.00 , 2298.65 , 1568.51 
 0.00 , 1793.98 , 1217.49 
 0.00 , 1359.74 , 918.49 
 0.00 , 2029.35 , 1380.73 
 0.00 , 2486.69 , 1700.29 
 0.00 , 2444.41 , 1670.61 
 0.00 , 2020.33 , 1374.46 
3763.84 , 2050.72 , 4901.01 
 0.00 , 2041.97 , 1389.50 
 0.00 , 2027.27 , 1379.28 
 0.00 ,  0.00 ,  0.00 
 0.00 ,  0.00 ,  0.00 
 0.00 ,  0.00 ,  0.00 
 0.00 ,  0.00 ,  0.00 
 0.00 ,  0.00 ,  0.00 
 0.00 ,  0.00 ,  0.00 
 0.00 ,  0.00 ,  0.00 
 0.00 ,  0.00 ,  0.00 
 0.00 , 9815.05 , 7291.04 
 0.00 , 3487.12 , 2410.51 
4079.03 , 3179.59 , 5997.76 
 0.00 , 2909.97 , 1998.89 
 0.00 , 2626.45 , 1798.58 
 0.00 , 2208.17 , 1505.30 
 0.00 , 785.96 , 527.67 
 0.00 , 93.90 , 62.58 
 0.00 , 1011.59 , 680.78 
 0.00 , 1989.81 , 1353.24 
 0.00 , 2155.72 , 1468.71 
 0.00 , 2104.20 , 1432.81 
4260.87 , 1666.54 , 5095.89 
 0.00 , 1704.40 , 1155.58 
 0.00 , 1683.63 , 1141.25 
 0.00 , 1731.46 , 1174.27 
 0.00 ,  0.00 ,  0.00 
 0.00 ,  0.00 ,  0.00 
 0.00 ,  0.00 ,  0.00 
 0.00 ,  0.00 ,  0.00 
 0.00 ,  0.00 ,  0.00 
 0.00 ,  0.00 ,  0.00 
 0.00 ,  0.00 ,  0.00 
 0.00 ,  0.00 ,  0.00 
 0.00 , 9929.63 , 7386.13 
3987.88 , 3804.27 , 6367.06 
 0.00 , 3119.13 , 2147.47 
 0.00 , 2240.82 , 1528.10 
 0.00 , 1143.71 , 770.78 
 0.00 , 1787.51 , 1213.02 
 0.00 , 1798.88 , 1220.88 
 0.00 , 1511.91 , 1022.96 
 0.00 , 1600.81 , 1084.14 
 0.00 , 2056.35 , 1399.51 
3827.93 , 2433.61 , 5230.33 
 0.00 , 2412.47 , 1648.22 
 0.00 , 2055.54 , 1398.94 
 0.00 , 2095.86 , 1427.00 
 0.00 , 2148.43 , 1463.63 
 0.00 , 2206.50 , 1504.14 
 0.00 ,  0.00 ,  0.00 
 0.00 ,  0.00 ,  0.00 
 0.00 ,  0.00 ,  0.00 
 0.00 ,  0.00 ,  0.00 
 0.00 ,  0.00 ,  0.00 
 0.00 ,  0.00 ,  0.00 
 0.00 ,  0.00 ,  0.00 
 0.00 , 380.21 , 254.16 
4388.46 , 10141.06 , 11824.90 
 0.00 , 4150.26 , 2889.95 
 0.00 , 2534.25 , 1733.70 
 0.00 , 1547.24 , 1047.26 
 0.00 , 102.26 , 68.16 
 0.00 , 110.22 , 73.47 
 0.00 , 45.92 , 30.58 
 0.00 , 189.65 , 126.52 
 0.00 , 198.33 , 132.32 
4059.58 , 462.30 , 4084.99 
 0.00 , 1782.93 , 1209.85 
 0.00 , 2020.22 , 1374.38 
 0.00 , 1707.04 , 1157.41 
 0.00 , 1780.80 , 1208.38 
 0.00 , 1858.18 , 1261.94 
 0.00 , 1935.24 , 1315.36 
 0.00 ,  0.00 ,  0.00 
 0.00 ,  0.00 ,  0.00 
 0.00 ,  0.00 ,  0.00 
 0.00 ,  0.00 ,  0.00 
 0.00 ,  0.00 ,  0.00 
 0.00 ,  0.00 ,  0.00 
 0.00 ,  0.00 ,  0.00 
3908.87 , 324.90 , 3852.44 
 0.00 , 10409.88 , 7787.52 
 0.00 , 4367.36 , 3048.43 
 0.00 , 2219.76 , 1513.39 
 0.00 , 1669.90 , 1131.77 
 0.00 , 361.49 , 241.60 
 0.00 , 29.97 , 19.96 
3910.06 , 16.92 , 3647.63 
 0.00 , 33.13 , 22.07 
 0.00 , 149.46 , 99.67 
 0.00 , 619.77 , 415.35 
 0.00 , 1792.54 , 1216.50 
 0.00 , 2210.32 , 1506.80 
 0.00 , 1832.51 , 1244.16 
 0.00 , 1983.69 , 1349.00 
 0.00 , 2007.57 , 1365.59 
3844.00 , 2085.13 , 4999.81 
 0.00 ,  0.00 ,  0.00 
 0.00 ,  0.00 ,  0.00 
 0.00 ,  0.00 ,  0.00 
 0.00 ,  0.00 ,  0.00 
 0.00 ,  0.00 ,  0.00 
 0.00 ,  0.00 ,  0.00 
 0.00 ,  0.00 ,  0.00 
 0.00 , 633.49 , 424.62 
 0.00 , 10433.48 , 7807.37 
 0.00 , 4553.36 , 3184.83 
 0.00 , 3225.19 , 2223.06 
 0.00 , 901.82 , 606.20 
4176.72 , 960.60 , 4531.68 
 0.00 , 251.38 , 167.81 
 0.00 , 149.35 , 99.59 
 0.00 , 144.57 , 96.40 
 0.00 , 222.85 , 148.72 
 0.00 , 506.71 , 339.18 
 0.00 , 1413.10 , 955.09 
 0.00 , 2306.03 , 1573.68 
 0.00 , 2015.69 , 1371.23 
3763.84 , 2105.18 , 4939.20 
 0.00 , 2210.12 , 1506.66 
 0.00 , 2304.26 , 1572.44 
 0.00 ,  0.00 ,  0.00 
 0.00 ,  0.00 ,  0.00 
 0.00 ,  0.00 ,  0.00 
 0.00 ,  0.00 ,  0.00 
 0.00 ,  0.00 ,  0.00 
 0.00 ,  0.00 ,  0.00 
 0.00 ,  0.00 ,  0.00 
 0.00 , 452.45 , 302.68 
 0.00 , 10266.22 , 7666.97 
 0.00 , 4292.96 , 2994.03 
4079.03 , 3525.13 , 6248.30 
 0.00 , 3260.13 , 2248.01 
 0.00 , 2623.06 , 1796.19 
 0.00 , 2709.90 , 1857.41 
 0.00 , 2321.61 , 1584.58 
 0.00 , 2756.63 , 1890.40 
 0.00 , 2812.90 , 1930.17 
 0.00 , 2663.71 , 1824.83 
 0.00 , 3096.53 , 2131.38 
 0.00 , 2990.85 , 2056.26 
4260.87 , 2544.25 , 5712.45 
 0.00 , 2583.98 , 1768.68 
 0.00 , 2559.61 , 1751.54 
 0.00 , 2604.83 , 1783.36 
 0.00 ,  0.00 ,  0.00 
 0.00 ,  0.00 ,  0.00 
 0.00 ,  0.00 ,  0.00 
 0.00 ,  0.00 ,  0.00 
 0.00 ,  0.00 ,  0.00 
 0.00 ,  0.00 ,  0.00 
 0.00 , 191.59 , 127.81 
 0.00 , 877.07 , 589.41 
 0.00 , 10317.41 , 7709.88 
4052.12 , 4122.83 , 6661.85 
 0.00 , 1533.71 , 1037.95 
 0.00 , 89.67 , 59.76 
 0.00 , 84.18 , 56.10 
 0.00 , 138.25 , 92.18 
 0.00 , 57.69 , 38.43 
 0.00 , 45.69 , 30.43 
 0.00 , 214.04 , 142.83 
 0.00 , 405.82 , 271.35 
3954.45 , 1415.57 , 4636.93 
 0.00 , 1795.30 , 1218.41 
 0.00 , 1464.80 , 990.58 
 0.00 , 1533.42 , 1037.75 
 0.00 , 1673.61 , 1134.33 
 0.00 , 1751.60 , 1188.19 
 0.00 ,  0.00 ,  0.00 
 0.00 ,  0.00 ,  0.00 
 0.00 ,  0.00 ,  0.00 
 0.00 ,  0.00 ,  0.00 
 0.00 ,  0.00 ,  0.00 
 0.00 ,  0.00 ,  0.00 
 0.00 ,  0.00 ,  0.00 
 0.00 , 580.91 , 389.15 
4527.44 , 10221.63 , 12032.01 
 0.00 , 4477.83 , 3129.37 
 0.00 , 2524.07 , 1726.55 
 0.00 , 202.97 , 135.42 
 0.00 , 19.25 , 12.82 
 0.00 ,  0.88 ,  0.59 
 0.00 , 38.62 , 25.72 
 0.00 , 37.53 , 25.00 
3836.72 , 179.75 , 3688.09 
 0.00 , 496.48 , 332.29 
 0.00 , 1950.19 , 1325.74 
 0.00 , 2130.15 , 1450.89 
 0.00 , 1825.58 , 1239.36 
 0.00 , 1838.62 , 1248.39 
 0.00 , 1918.30 , 1303.61 
 0.00 , 1933.20 , 1313.94 
3767.28 ,  0.00 , 3503.57 
 0.00 ,  0.00 ,  0.00 
 0.00 ,  0.00 ,  0.00 
 0.00 ,  0.00 ,  0.00 
 0.00 ,  0.00 ,  0.00 
 0.00 ,  0.00 ,  0.00 
 0.00 ,  0.00 ,  0.00 
 0.00 ,  0.00 ,  0.00 
 0.00 , 9882.63 , 7347.09 
 0.00 , 3795.90 , 2632.88 
 0.00 , 1519.49 , 1028.17 
 0.00 , 54.96 , 36.62 
3876.41 , 530.37 , 3960.50 
 0.00 , 87.71 , 58.45 
 0.00 , 32.31 , 21.52 
 0.00 ,  4.13 ,  2.75 
 0.00 , 31.52 , 21.00 
 0.00 , 169.28 , 112.91 
 0.00 , 622.04 , 416.89 
 0.00 , 1385.69 , 936.28 
 0.00 , 1092.34 , 735.76 
3887.99 , 1163.34 , 4401.66 
 0.00 , 1242.36 , 838.15 
 0.00 , 1318.37 , 890.16 
 0.00 ,  0.00 ,  0.00 
 0.00 ,  0.00 ,  0.00 
 0.00 ,  0.00 ,  0.00 
 0.00 ,  0.00 ,  0.00 
 0.00 ,  0.00 ,  0.00 
 0.00 ,  0.00 ,  0.00 
 0.00 ,  0.00 ,  0.00 
 0.00 ,  0.00 ,  0.00 
 0.00 , 9478.46 , 7013.17 
 0.00 , 3639.15 , 2519.81 
4208.19 , 1780.70 , 5126.24 
 0.00 , 38.98 , 25.96 
 0.00 ,  0.00 ,  0.00 
 0.00 ,  0.00 ,  0.00 
 0.00 ,  0.00 ,  0.00 
 0.00 ,  0.00 ,  0.00 
 0.00 ,  0.00 ,  0.00 
 0.00 ,  0.00 ,  0.00 
 0.00 , 27.61 , 18.39 
3797.38 , 479.92 , 3852.98 
 0.00 , 790.67 , 530.85 
 0.00 , 997.08 , 670.91 
 0.00 , 1102.90 , 742.96 
 0.00 , 1203.32 , 811.48 
 0.00 ,  0.00 ,  0.00 
 0.00 ,  0.00 ,  0.00 
 0.00 ,  0.00 ,  0.00 
 0.00 ,  0.00 ,  0.00 
 0.00 ,  0.00 ,  0.00 
 0.00 ,  0.00 ,  0.00 
 0.00 ,  0.00 ,  0.00 
 0.00 ,  0.00 ,  0.00 
4096.34 , 9272.69 , 10790.32 
 0.00 , 3675.04 , 2545.67 
 0.00 , 3616.74 , 2503.68 
 0.00 , 3187.60 , 2196.25 
 0.00 , 940.08 , 632.18 
 0.00 , 102.55 , 68.35 
 0.00 , 282.50 , 188.65 
 0.00 , 234.20 , 156.31 
3836.72 , 255.65 , 3738.90 
 0.00 , 845.17 , 567.77 
 0.00 , 1869.89 , 1270.05 
 0.00 , 1928.49 , 1310.68 
 0.00 , 1521.83 , 1029.78 
 0.00 , 1583.50 , 1072.22 
 0.00 , 1652.00 , 1119.43 
 0.00 , 1724.92 , 1169.75 
3767.28 ,  0.00 , 3503.57 
 0.00 ,  0.00 ,  0.00 
 0.00 ,  0.00 ,  0.00 
 0.00 ,  0.00 ,  0.00 
 0.00 ,  0.00 ,  0.00 
 0.00 ,  0.00 ,  0.00 
 0.00 ,  0.00 ,  0.00 
 0.00 ,  0.00 ,  0.00 
 0.00 , 9719.81 , 7212.19 
 0.00 , 3751.25 , 2600.64 
 0.00 , 3302.04 , 2277.95 
 0.00 , 3061.65 , 2106.57 
3876.41 , 2631.90 , 5416.21 
 0.00 , 2196.49 , 1497.15 
 0.00 , 2484.45 , 1698.72 
 0.00 , 2405.54 , 1643.36 
 0.00 , 2355.42 , 1608.24 
 0.00 , 2195.68 , 1496.59 
 0.00 , 2673.69 , 1831.87 
 0.00 , 2655.21 , 1818.85 
 0.00 , 2227.01 , 1518.45 
3887.99 , 2250.62 , 5157.12 
 0.00 , 2307.14 , 1574.45 
 0.00 , 2293.26 , 1564.75 
 0.00 ,  0.00 ,  0.00 
 0.00 ,  0.00 ,  0.00 
 0.00 ,  0.00 ,  0.00 
 0.00 ,  0.00 ,  0.00 
 0.00 ,  0.00 ,  0.00 
 0.00 ,  0.00 ,  0.00 
 0.00 ,  0.00 ,  0.00 
 0.00 , 156.81 , 104.58 
 0.00 , 10248.78 , 7652.37 
 0.00 , 4123.46 , 2870.44 
4208.19 , 3771.14 , 6548.91 
 0.00 , 2861.84 , 1964.81 
 0.00 , 2576.98 , 1763.76 
 0.00 , 2207.57 , 1504.88 
 0.00 , 2174.68 , 1481.93 
 0.00 , 2323.59 , 1585.96 
 0.00 , 1706.01 , 1156.69 
 0.00 , 1640.72 , 1111.64 
 0.00 , 2493.11 , 1704.80 
3797.38 , 2519.42 , 5262.64 
 0.00 , 2161.74 , 1472.91 
 0.00 , 2130.68 , 1451.26 
 0.00 , 2174.25 , 1481.64 
 0.00 , 2223.51 , 1516.01 
 0.00 ,  0.00 ,  0.00 
 0.00 ,  0.00 ,  0.00 
 0.00 ,  0.00 ,  0.00 
 0.00 ,  0.00 ,  0.00 
 0.00 ,  0.00 ,  0.00 
 0.00 ,  0.00 ,  0.00 
 0.00 ,  0.00 ,  0.00 
 0.00 ,  6.63 ,  4.41 
4096.34 , 9971.95 , 11391.49 
 0.00 , 3894.31 , 2704.08 
 0.00 , 3062.54 , 2107.20 
 0.00 , 928.55 , 624.34 
 0.00 , 1378.87 , 931.61 
 0.00 , 1320.15 , 891.37 
 0.00 , 1449.32 , 979.95 
 0.00 , 1489.91 , 1007.83 
3836.72 , 1788.30 , 4785.62 
 0.00 , 2278.12 , 1554.16 
 0.00 , 2453.30 , 1676.85 
 0.00 , 2380.17 , 1625.57 
 0.00 , 2012.89 , 1369.29 
 0.00 , 2046.55 , 1392.69 
 0.00 , 2094.00 , 1425.71 
 0.00 , 2080.65 , 1416.42 
3767.28 ,  0.00 , 3503.57 
 0.00 ,  0.00 ,  0.00 
 0.00 ,  0.00 ,  0.00 
 0.00 ,  0.00 ,  0.00 
 0.00 ,  0.00 ,  0.00 
 0.00 ,  0.00 ,  0.00 
 0.00 ,  0.00 ,  0.00 
 0.00 , 517.75 , 346.61 
 0.00 , 10347.38 , 7735.02 
 0.00 , 4252.99 , 2964.85 
 0.00 , 3460.88 , 2391.69 
 0.00 , 2672.05 , 1830.71 
3876.41 , 2251.96 , 5147.27 
 0.00 , 2101.45 , 1430.90 
 0.00 , 988.55 , 665.11 
 0.00 , 1140.05 , 768.29 
 0.00 , 1644.70 , 1114.39 
 0.00 , 2120.95 , 1444.48 
 0.00 , 2597.69 , 1778.33 
 0.00 , 2556.28 , 1749.19 
 0.00 , 2187.42 , 1490.82 
3887.99 , 2218.93 , 5134.81 
 0.00 , 2210.66 , 1507.04 
 0.00 , 2263.26 , 1543.78 
 0.00 ,  0.00 ,  0.00 
 0.00 ,  0.00 ,  0.00 
 0.00 ,  0.00 ,  0.00 
 0.00 ,  0.00 ,  0.00 
 0.00 ,  0.00 ,  0.00 
 0.00 ,  0.00 ,  0.00 
 0.00 ,  0.00 ,  0.00 
 0.00 , 459.56 , 307.46 
 0.00 , 10351.22 , 7738.25 
 0.00 , 4313.01 , 3008.69 
4208.19 , 3874.72 , 6624.99 
 0.00 , 3564.92 , 2466.40 
 0.00 , 3298.53 , 2275.44 
 0.00 , 3190.68 , 2198.45 
 0.00 , 2379.83 , 1625.34 
 0.00 , 652.56 , 437.48 
 0.00 , 1130.11 , 761.51 
 0.00 , 1518.67 , 1027.60 
 0.00 , 2495.02 , 1706.14 
3797.38 , 2551.05 , 5285.07 
 0.00 , 2138.59 , 1456.77 
 0.00 , 2176.27 , 1483.04 
 0.00 , 2224.58 , 1516.75 
 0.00 , 2276.59 , 1553.09 
 0.00 ,  0.00 ,  0.00 
 0.00 ,  0.00 ,  0.00 
 0.00 ,  0.00 ,  0.00 
 0.00 ,  0.00 ,  0.00 
 0.00 ,  0.00 ,  0.00 
 0.00 ,  0.00 ,  0.00 
 0.00 ,  0.00 ,  0.00 
 0.00 , 632.91 , 424.22 
4096.34 , 10228.30 , 11614.89 
 0.00 , 4561.45 , 3190.77 
 0.00 , 4149.01 , 2889.04 
 0.00 , 3815.13 , 2646.78 
 0.00 , 3566.85 , 2467.79 
 0.00 , 3295.99 , 2273.62 
 0.00 , 3121.67 , 2149.27 
 0.00 , 3336.25 , 2302.41 
3836.72 , 3411.55 , 5939.24 
 0.00 , 3589.13 , 2483.81 
 0.00 , 3717.78 , 2576.49 
 0.00 , 3545.00 , 2452.08 
 0.00 , 3038.12 , 2089.84 
 0.00 , 2987.50 , 2053.89 
 0.00 , 2950.73 , 2027.79 
 0.00 , 2919.31 , 2005.52 
3767.28 ,  0.00 , 3503.57 
 0.00 ,  0.00 ,  0.00 
 0.00 ,  0.00 ,  0.00 
 0.00 ,  0.00 ,  0.00 
 0.00 ,  0.00 ,  0.00 
 0.00 ,  0.00 ,  0.00 
 0.00 , 268.56 , 179.31 
 0.00 , 786.09 , 527.75 
 0.00 , 10255.87 , 7658.30 
 0.00 , 4227.97 , 2946.59 
 0.00 , 3119.37 , 2147.64 
 0.00 , 2858.64 , 1962.53 
3876.41 , 2982.24 , 5666.52 
 0.00 , 2269.60 , 1548.20 
 0.00 , 2296.29 , 1566.87 
 0.00 , 2566.17 , 1756.15 
 0.00 , 2814.19 , 1931.09 
 0.00 , 2764.19 , 1895.74 
 0.00 , 2926.23 , 2010.42 
 0.00 , 2842.34 , 1951.00 
 0.00 , 2392.73 , 1634.38 
3887.99 , 2397.60 , 5260.85 
 0.00 , 2371.34 , 1619.39 
 0.00 , 2406.89 , 1644.30 
 0.00 ,  0.00 ,  0.00 
 0.00 ,  0.00 ,  0.00 
 0.00 ,  0.00 ,  0.00 
 0.00 ,  0.00 ,  0.00 
 0.00 ,  0.00 ,  0.00 
 0.00 ,  0.00 ,  0.00 
 0.00 , 483.03 , 323.24 
 0.00 , 1312.40 , 886.07 
 0.00 , 10496.02 , 7860.00 
 0.00 , 5001.04 , 3515.43 
4208.19 , 2750.60 , 5810.29 
 0.00 , 948.51 , 637.90 
 0.00 , 97.09 , 64.71 
 0.00 , 653.73 , 438.27 
 0.00 , 393.34 , 262.97 
 0.00 , 281.91 , 188.25 
 0.00 , 290.13 , 193.76 
 0.00 , 628.67 , 421.36 
 0.00 , 2283.61 , 1558.00 
3797.38 , 2490.84 , 5242.37 
 0.00 , 2120.95 , 1444.48 
 0.00 , 2194.90 , 1496.04 
 0.00 , 2206.28 , 1503.98 
 0.00 , 2280.37 , 1555.73 
 0.00 ,  0.00 ,  0.00 
 0.00 ,  0.00 ,  0.00 
 0.00 ,  0.00 ,  0.00 
 0.00 ,  0.00 ,  0.00 
 0.00 ,  0.00 ,  0.00 
 0.00 ,  0.00 ,  0.00 
 0.00 ,  0.00 ,  0.00 
 0.00 , 58.16 , 38.75 
4096.34 , 10005.56 , 11420.68 
 0.00 , 4120.44 , 2868.24 
 0.00 , 3041.72 , 2092.40 
 0.00 , 2678.57 , 1835.31 
 0.00 , 2189.73 , 1492.44 
 0.00 , 2055.27 , 1398.75 
 0.00 , 1179.52 , 795.23 
 0.00 , 1246.00 , 840.64 
3836.72 , 484.17 , 3892.44 
 0.00 , 659.95 , 442.47 
 0.00 , 2048.81 , 1394.26 
 0.00 , 2113.48 , 1439.28 
 0.00 , 1703.90 , 1155.24 
 0.00 , 1746.69 , 1184.79 
 0.00 , 1730.40 , 1173.54 
 0.00 , 1782.30 , 1209.41 
3767.28 ,  0.00 , 3503.57 
 0.00 ,  0.00 ,  0.00 
 0.00 ,  0.00 ,  0.00 
 0.00 ,  0.00 ,  0.00 
 0.00 ,  0.00 ,  0.00 
 0.00 ,  0.00 ,  0.00 
 0.00 ,  0.00 ,  0.00 
 0.00 ,  0.00 ,  0.00 
 0.00 , 9248.32 , 6824.44 
 0.00 , 3282.51 , 2263.99 
 0.00 , 3071.23 , 2113.38 
 0.00 , 2814.75 , 1931.48 
3876.41 , 2465.27 , 5297.94 
 0.00 , 2451.99 , 1675.93 
 0.00 , 2482.74 , 1697.52 
 0.00 , 2269.47 , 1548.11 
 0.00 , 2282.77 , 1557.41 
 0.00 , 2422.55 , 1655.28 
 0.00 , 2599.31 , 1779.47 
 0.00 , 2415.85 , 1650.59 
 0.00 , 1961.33 , 1333.47 
3887.99 , 1970.06 , 4960.19 
 0.00 , 1942.42 , 1320.34 
 0.00 , 1912.62 , 1299.67 
 0.00 ,  0.00 ,  0.00 
 0.00 ,  0.00 ,  0.00 
 0.00 ,  0.00 ,  0.00 
 0.00 ,  0.00 ,  0.00 
 0.00 ,  0.00 ,  0.00 
 0.00 ,  0.00 ,  0.00 
 0.00 ,  0.00 ,  0.00 
 0.00 ,  0.00 ,  0.00 
 0.00 , 9259.26 , 6833.39 
 0.00 , 3181.28 , 2191.75 
4208.19 , 2288.20 , 5482.04 
 0.00 , 2285.68 , 1559.44 
 0.00 , 1834.69 , 1245.66 
 0.00 , 1039.22 , 699.59 
 0.00 , 32.95 , 21.95 
 0.00 , 18.87 , 12.56 
 0.00 , 25.98 , 17.30 
 0.00 , 312.56 , 208.79 
 0.00 , 1074.14 , 723.36 
3797.38 , 1323.45 , 4427.29 
 0.00 , 972.28 , 654.06 
 0.00 , 1018.62 , 685.56 
 0.00 , 1072.92 , 722.53 
 0.00 , 1131.03 , 762.14 
 0.00 ,  0.00 ,  0.00 
 0.00 ,  0.00 ,  0.00 
 0.00 ,  0.00 ,  0.00 
 0.00 ,  0.00 ,  0.00 
 0.00 ,  0.00 ,  0.00 
 0.00 ,  0.00 ,  0.00 
 0.00 ,  0.00 ,  0.00 
 0.00 ,  0.00 ,  0.00 
4096.34 , 9427.55 , 10922.44 
 0.00 , 3781.44 , 2622.43 
 0.00 , 2784.23 , 1909.90 
 0.00 , 1007.26 , 677.84 
 0.00 , 1116.73 , 752.38 
 0.00 , 1132.53 , 763.16 
 0.00 , 138.05 , 92.05 
 0.00 , 38.48 , 25.63 
3836.72 , 112.44 , 3643.12 
 0.00 , 497.02 , 332.66 
 0.00 , 1714.05 , 1162.25 
 0.00 , 1868.89 , 1269.35 
 0.00 , 1548.33 , 1048.01 
 0.00 , 1551.12 , 1049.93 
 0.00 , 1622.41 , 1099.02 
 0.00 , 1697.81 , 1151.04 
3767.28 ,  0.00 , 3503.57 
 0.00 ,  0.00 ,  0.00 
 0.00 ,  0.00 ,  0.00 
 0.00 ,  0.00 ,  0.00 
 0.00 ,  0.00 ,  0.00 
 0.00 ,  0.00 ,  0.00 
 0.00 ,  0.00 ,  0.00 
 0.00 ,  0.00 ,  0.00 
 0.00 , 9351.56 , 6908.98 
 0.00 , 3417.96 , 2360.91 
 0.00 , 1134.72 , 764.65 
 0.00 , 17.54 , 11.68 
3876.41 , 429.78 , 3892.73 
 0.00 , 538.31 , 360.45 
 0.00 , 21.90 , 14.59 
 0.00 ,  0.00 ,  0.00 
 0.00 ,  0.00 ,  0.00 
 0.00 ,  0.00 ,  0.00 
 0.00 , 298.63 , 199.45 
 0.00 , 938.47 , 631.08 
 0.00 , 840.30 , 564.48 
3887.99 , 914.89 , 4231.91 
 0.00 , 994.50 , 669.16 
 0.00 , 1072.97 , 722.56 
 0.00 ,  0.00 ,  0.00 
 0.00 ,  0.00 ,  0.00 
 0.00 ,  0.00 ,  0.00 
 0.00 ,  0.00 ,  0.00 
 0.00 ,  0.00 ,  0.00 
 0.00 ,  0.00 ,  0.00 
 0.00 ,  0.00 ,  0.00 
 0.00 ,  0.00 ,  0.00 
 0.00 , 8932.78 , 6567.32 
 0.00 , 3251.97 , 2242.18 
4208.19 , 2570.86 , 5682.23 
 0.00 , 1931.96 , 1313.08 
 0.00 , 126.43 , 84.29 
 0.00 ,  7.68 ,  5.11 
 0.00 ,  0.00 ,  0.00 
 0.00 ,  0.00 ,  0.00 
 0.00 ,  0.00 ,  0.00 
 0.00 ,  0.00 ,  0.00 
 0.00 , 388.11 , 259.46 
3797.38 , 1020.94 , 4219.94 
 0.00 , 904.68 , 608.14 
 0.00 , 986.46 , 663.69 
 0.00 , 1068.71 , 719.66 
 0.00 , 1152.20 , 776.57 
 0.00 ,  0.00 ,  0.00 
 0.00 ,  0.00 ,  0.00 
 0.00 ,  0.00 ,  0.00 
 0.00 ,  0.00 ,  0.00 
 0.00 ,  0.00 ,  0.00 
 0.00 ,  0.00 ,  0.00 
 0.00 ,  0.00 ,  0.00 
 0.00 ,  0.00 ,  0.00 
4096.34 , 9084.92 , 10630.90 
 0.00 , 3463.66 , 2393.68 
 0.00 , 1387.15 , 937.29 
 0.00 , 682.74 , 457.86 
 0.00 , 345.87 , 231.12 
 0.00 ,  0.00 ,  0.00 
 0.00 ,  0.00 ,  0.00 
 0.00 ,  0.00 ,  0.00 
3836.72 ,  0.00 , 3568.15 
 0.00 ,  0.00 ,  0.00 
 0.00 , 434.50 , 290.62 
 0.00 , 1308.19 , 883.18 
 0.00 , 1079.36 , 726.91 
 0.00 , 1236.60 , 834.22 
 0.00 , 1331.03 , 898.83 
 0.00 , 1491.37 , 1008.83 
3767.28 ,  0.00 , 3503.57 
 0.00 ,  0.00 ,  0.00 
 0.00 ,  0.00 ,  0.00 
 0.00 ,  0.00 ,  0.00 
 0.00 ,  0.00 ,  0.00 
 0.00 ,  0.00 ,  0.00 
 0.00 ,  0.00 ,  0.00 
 0.00 , 25.76 , 17.15 
 0.00 , 10429.08 , 7803.67 
 0.00 , 4441.77 , 3102.93 
 0.00 , 2568.74 , 1757.96 
 0.00 , 1742.26 , 1181.74 
3876.41 , 808.68 , 4148.90 
 0.00 , 37.38 , 24.89 
 0.00 , 14.18 ,  9.44 
 0.00 , 15.13 , 10.07 
 0.00 , 111.98 , 74.64 
 0.00 , 664.65 , 445.65 
 0.00 , 1912.73 , 1299.74 
 0.00 , 2314.86 , 1579.85 
 0.00 , 1961.88 , 1333.85 
3887.99 , 1980.72 , 4967.65 
 0.00 , 2012.73 , 1369.17 
 0.00 , 2102.73 , 1431.79 
 0.00 ,  0.00 ,  0.00 
 0.00 ,  0.00 ,  0.00 
 0.00 ,  0.00 ,  0.00 
 0.00 ,  0.00 ,  0.00 
 0.00 ,  0.00 ,  0.00 
 0.00 ,  0.00 ,  0.00 
 0.00 ,  0.00 ,  0.00 
 0.00 ,  0.00 ,  0.00 
 0.00 , 9412.39 , 6958.88 
 0.00 , 3315.51 , 2287.58 
4208.19 , 2227.31 , 5439.10 
 0.00 , 2160.01 , 1471.70 
 0.00 , 1644.08 , 1113.96 
 0.00 , 1566.66 , 1060.62 
 0.00 , 1769.11 , 1200.29 
 0.00 , 2178.77 , 1484.79 
 0.00 , 2006.79 , 1365.04 
 0.00 , 2195.16 , 1496.22 
 0.00 , 2381.52 , 1626.52 
3797.38 , 2196.50 , 5034.60 
 0.00 , 1755.45 , 1190.85 
 0.00 , 1778.97 , 1207.11 
 0.00 , 1750.62 , 1187.51 
 0.00 , 1794.01 , 1217.51 
 0.00 ,  0.00 ,  0.00 
 0.00 ,  0.00 ,  0.00 
 0.00 ,  0.00 ,  0.00 
 0.00 ,  0.00 ,  0.00 
 0.00 ,  0.00 ,  0.00 
 0.00 ,  0.00 ,  0.00 
 0.00 ,  0.00 ,  0.00 
 0.00 ,  0.00 ,  0.00 
4096.34 , 9866.73 , 11300.27 
 0.00 , 3981.49 , 2767.26 
 0.00 , 3045.20 , 2094.87 
 0.00 , 1926.70 , 1309.43 
 0.00 , 2458.36 , 1680.40 
 0.00 , 2589.98 , 1772.90 
 0.00 , 2388.69 , 1631.55 
 0.00 , 2671.28 , 1830.17 
3836.72 , 2946.15 , 5603.59 
 0.00 , 3123.37 , 2150.49 
 0.00 , 3232.99 , 2228.63 
 0.00 , 3056.96 , 2103.23 
 0.00 , 2689.52 , 1843.04 
 0.00 , 2655.20 , 1818.84 
 0.00 , 2700.09 , 1850.49 
 0.00 , 2685.27 , 1840.03 
3767.28 ,  0.00 , 3503.57 
 0.00 ,  0.00 ,  0.00 
 0.00 ,  0.00 ,  0.00 
 0.00 ,  0.00 ,  0.00 
 0.00 ,  0.00 ,  0.00 
 0.00 , 513.67 , 343.86 
 0.00 , 1212.12 , 817.48 
 0.00 , 1515.10 , 1025.15 
 0.00 , 10496.02 , 7860.00 
 0.00 , 5103.40 , 3591.49 
 0.00 , 3767.54 , 2612.40 
 0.00 , 2518.17 , 1722.40 
3876.41 , 2939.56 , 5635.90 
 0.00 , 2323.64 , 1586.00 
 0.00 , 1181.06 , 796.28 
 0.00 , 755.77 , 507.23 
 0.00 , 1093.06 , 736.25 
 0.00 , 1721.98 , 1167.73 
 0.00 , 2891.57 , 1985.86 
 0.00 , 2988.99 , 2054.95 
 0.00 , 2671.23 , 1830.14 
3887.99 , 2721.74 , 5490.99 
 0.00 , 2735.53 , 1875.50 
 0.00 , 2802.55 , 1922.85 
 0.00 ,  0.00 ,  0.00 
 0.00 ,  0.00 ,  0.00 
 0.00 ,  0.00 ,  0.00 
 0.00 ,  0.00 ,  0.00 
 0.00 ,  0.00 ,  0.00 
 0.00 , 656.78 , 440.33 
 0.00 , 1376.15 , 929.74 
 0.00 , 1587.38 , 1074.89 
 0.00 , 10496.02 , 7860.00 
 0.00 , 5178.49 , 3647.39 
4208.19 , 4322.71 , 6956.43 
 0.00 , 2570.07 , 1758.89 
 0.00 , 3200.84 , 2205.69 
 0.00 , 3484.83 , 2408.87 
 0.00 , 3378.61 , 2332.73 
 0.00 , 3414.96 , 2358.76 
 0.00 , 3559.02 , 2462.16 
 0.00 , 3767.71 , 2612.52 
 0.00 , 4005.78 , 2784.89 
3797.38 , 3911.69 , 6267.63 
 0.00 , 3517.47 , 2432.30 
 0.00 , 3482.10 , 2406.91 
 0.00 , 3456.98 , 2388.89 
 0.00 , 3436.46 , 2374.17 
 0.00 ,  0.00 ,  0.00 
 0.00 ,  0.00 ,  0.00 
 0.00 ,  0.00 ,  0.00 
 0.00 ,  0.00 ,  0.00 
 0.00 , 640.04 , 429.03 
 0.00 , 1393.61 , 941.72 
 0.00 , 1529.30 , 1034.92 
 0.00 , 1642.36 , 1112.78 
4096.34 , 10290.79 , 11669.60 
 0.00 , 5036.62 , 3541.85 
 0.00 , 4873.24 , 3420.72 
 0.00 , 4645.71 , 3252.76 
 0.00 , 4552.77 , 3184.40 
 0.00 , 4292.54 , 2993.73 
 0.00 , 4116.36 , 2865.27 
 0.00 , 4169.22 , 2903.76 
3836.72 , 4101.04 , 6443.96 
 0.00 , 4135.01 , 2878.85 
 0.00 , 4225.35 , 2944.68 
 0.00 , 4034.03 , 2805.41 
 0.00 , 3584.38 , 2480.39 
 0.00 , 3525.28 , 2437.92 
 0.00 , 3546.33 , 2453.04 
 0.00 , 3511.93 , 2428.32 
3767.28 ,  0.00 , 3503.57 
 0.00 ,  0.00 ,  0.00 
 0.00 ,  0.00 ,  0.00 
 0.00 ,  0.00 ,  0.00 
 0.00 , 880.91 , 592.01 
 0.00 , 1631.68 , 1105.41 
 0.00 , 1828.36 , 1241.29 
 0.00 , 1943.48 , 1321.08 
 0.00 , 10496.02 , 7860.00 
 0.00 , 5487.09 , 3878.13 
 0.00 , 4806.89 , 3371.65 
 0.00 , 3546.71 , 2453.31 
3876.41 , 2544.90 , 5354.40 
 0.00 , 2367.16 , 1616.46 
 0.00 , 2304.45 , 1572.57 
 0.00 , 1971.37 , 1340.44 
 0.00 , 1527.96 , 1033.99 
 0.00 , 1975.53 , 1343.33 
 0.00 , 3210.32 , 2212.45 
 0.00 , 3291.33 , 2270.29 
 0.00 , 2960.28 , 2034.57 
3887.99 , 2927.76 , 5638.25 
 0.00 , 2993.28 , 2057.99 
 0.00 , 3048.90 , 2097.51 
 0.00 ,  0.00 ,  0.00 
 0.00 ,  0.00 ,  0.00 
 0.00 ,  0.00 ,  0.00 
 0.00 ,  0.00 ,  0.00 
 0.00 , 141.89 , 94.61 
 0.00 , 1166.61 , 786.41 
 0.00 , 1580.28 , 1070.00 
 0.00 , 1711.16 , 1160.25 
 0.00 , 10496.02 , 7860.00 
 0.00 , 5275.71 , 3719.90 
4208.19 , 4431.83 , 7037.76 
 0.00 , 3826.33 , 2654.88 
 0.00 , 3304.89 , 2279.99 
 0.00 , 2499.39 , 1709.21 
 0.00 , 1136.39 , 765.79 
 0.00 , 1724.23 , 1169.28 
 0.00 , 2446.01 , 1671.74 
 0.00 , 2864.91 , 1966.98 
 0.00 , 3344.09 , 2308.03 
3797.38 , 3306.25 , 5826.19 
 0.00 , 2974.35 , 2044.55 
 0.00 , 3013.00 , 2072.00 
 0.00 , 2993.91 , 2058.44 
 0.00 , 3042.42 , 2092.90 
 0.00 ,  0.00 ,  0.00 
 0.00 ,  0.00 ,  0.00 
 0.00 ,  0.00 ,  0.00 
 0.00 ,  0.00 ,  0.00 
 0.00 ,  3.03 ,  2.01 
 0.00 , 865.35 , 581.46 
 0.00 , 1393.30 , 941.50 
 0.00 , 1589.25 , 1076.18 
4096.34 , 10290.79 , 11669.60 
 0.00 , 4981.75 , 3501.12 
 0.00 , 3500.25 , 2419.94 
 0.00 , 2946.47 , 2024.77 
 0.00 , 1901.08 , 1291.66 
 0.00 , 1387.53 , 937.55 
 0.00 , 1547.48 , 1047.42 
 0.00 , 1704.75 , 1155.82 
3836.72 , 1655.27 , 4693.17 
 0.00 , 1732.04 , 1174.67 
 0.00 , 2697.50 , 1848.66 
 0.00 , 2801.44 , 1922.07 
 0.00 , 2461.44 , 1682.57 
 0.00 , 2439.87 , 1667.43 
 0.00 , 2421.42 , 1654.49 
 0.00 , 2403.96 , 1642.25 
3767.28 ,  0.00 , 3503.57 
 0.00 ,  0.00 ,  0.00 
 0.00 ,  0.00 ,  0.00 
 0.00 ,  0.00 ,  0.00 
 0.00 ,  0.00 ,  0.00 
 0.00 ,  0.00 ,  0.00 
 0.00 ,  0.00 ,  0.00 
 0.00 , 552.54 , 370.03 
 0.00 , 10189.33 , 7602.62 
 0.00 , 4041.70 , 2810.98 
 0.00 , 3737.27 , 2590.54 
 0.00 , 3330.05 , 2297.98 
3876.41 , 3028.03 , 5699.39 
 0.00 , 2789.27 , 1913.46 
 0.00 , 2616.64 , 1791.67 
 0.00 , 2630.67 , 1801.55 
 0.00 , 2855.64 , 1960.41 
 0.00 , 2872.90 , 1972.63 
 0.00 , 2994.97 , 2059.19 
 0.00 , 2864.35 , 1966.58 
 0.00 , 2464.11 , 1684.44 
3887.99 , 2399.94 , 5262.51 
 0.00 , 2434.77 , 1663.85 
 0.00 , 2403.46 , 1641.90 
 0.00 ,  0.00 ,  0.00 
 0.00 ,  0.00 ,  0.00 
 0.00 ,  0.00 ,  0.00 
 0.00 ,  0.00 ,  0.00 
 0.00 ,  0.00 ,  0.00 
 0.00 ,  0.00 ,  0.00 
 0.00 , 203.99 , 136.11 
 0.00 , 891.05 , 598.89 
 0.00 , 10431.35 , 7805.57 
 0.00 , 4582.45 , 3206.22 
4208.19 , 4267.96 , 6915.71 
 0.00 , 4013.75 , 2790.68 
 0.00 , 3770.68 , 2614.66 
 0.00 , 3559.46 , 2462.48 
 0.00 , 3340.27 , 2305.29 
 0.00 , 3361.13 , 2320.21 
 0.00 , 3407.58 , 2353.48 
 0.00 , 3483.21 , 2407.71 
 0.00 , 3611.50 , 2499.91 
3797.38 , 3488.31 , 5958.21 
 0.00 , 3065.26 , 2109.13 
 0.00 , 3013.62 , 2072.44 
 0.00 , 3041.92 , 2092.54 
 0.00 , 3012.49 , 2071.63 
 0.00 ,  0.00 ,  0.00 
