CALDERA,CALDERA,CALDERA
SIS2_EQ1_EQ_Caldera-Biomasa-Defecto,SIS2_EQ1_EQ_Caldera-Biomasa-Defecto,SIS2_EQ1_EQ_Caldera-Biomasa-Defecto
ConsumoACS,ConsumoCAL,Energía Suministrada
Consumo horario en W asociado a ACS (prorrateando con la demanda),Consumo horario en W asociado a la calefacción (prorrateando con la demanda),Energía Suministrada en W
Biomasa densificada (pelets),Biomasa densificada (pelets),Biomasa densificada (pelets)
 0.00 ,  0.00 ,  0.00 
 0.00 ,  0.00 ,  0.00 
 0.00 ,  0.00 ,  0.00 
 0.00 ,  0.00 ,  0.00 
 0.00 ,  0.00 ,  0.00 
 0.00 ,  0.00 ,  0.00 
 0.00 ,  0.00 ,  0.00 
 0.00 , 7974.79 , 5798.20 
 0.00 , 2739.44 , 1878.26 
 0.00 , 2300.66 , 1569.92 
 0.00 , 1605.54 , 1087.40 
3876.41 , 1804.92 , 4834.15 
 0.00 , 1533.03 , 1037.48 
 0.00 , 1337.59 , 903.32 
 0.00 , 825.62 , 554.52 
 0.00 , 965.59 , 649.51 
 0.00 , 1484.42 , 1004.06 
 0.00 , 1788.40 , 1213.63 
 0.00 , 1701.93 , 1153.88 
 0.00 , 1350.44 , 912.12 
3887.99 , 1322.36 , 4510.86 
 0.00 , 1388.10 , 937.94 
 0.00 , 1379.73 , 932.20 
 0.00 ,  0.00 ,  0.00 
 0.00 ,  0.00 ,  0.00 
 0.00 ,  0.00 ,  0.00 
 0.00 ,  0.00 ,  0.00 
 0.00 ,  0.00 ,  0.00 
 0.00 ,  0.00 ,  0.00 
 0.00 ,  0.00 ,  0.00 
 0.00 ,  0.00 ,  0.00 
 0.00 , 8769.22 , 6434.79 
 0.00 , 3125.09 , 2151.71 
4208.19 , 2832.89 , 5869.12 
 0.00 , 2544.23 , 1740.72 
 0.00 , 1680.47 , 1139.06 
 0.00 , 1572.78 , 1064.84 
 0.00 , 1728.16 , 1171.99 
 0.00 , 2126.86 , 1448.60 
 0.00 , 2249.20 , 1533.95 
 0.00 , 2226.20 , 1517.89 
 0.00 , 2400.84 , 1640.06 
3797.38 , 2287.16 , 5098.43 
 0.00 , 1858.99 , 1262.49 
 0.00 , 1902.09 , 1292.36 
 0.00 , 1881.32 , 1277.97 
 0.00 , 1864.39 , 1266.24 
 0.00 ,  0.00 ,  0.00 
 0.00 ,  0.00 ,  0.00 
 0.00 ,  0.00 ,  0.00 
 0.00 ,  0.00 ,  0.00 
 0.00 ,  0.00 ,  0.00 
 0.00 ,  0.00 ,  0.00 
 0.00 ,  0.00 ,  0.00 
 0.00 ,  0.00 ,  0.00 
4096.34 , 9288.42 , 10803.72 
 0.00 , 3270.36 , 2255.31 
 0.00 , 3021.80 , 2078.24 
 0.00 , 2591.16 , 1773.74 
 0.00 , 1296.45 , 875.15 
 0.00 , 1294.91 , 874.09 
 0.00 , 1592.05 , 1078.10 
 0.00 , 1349.38 , 911.40 
3836.72 , 1413.62 , 4526.01 
 0.00 , 1858.90 , 1262.43 
 0.00 , 2110.61 , 1437.27 
 0.00 , 2077.84 , 1414.46 
 0.00 , 1644.61 , 1114.33 
 0.00 , 1688.78 , 1144.80 
 0.00 , 1747.62 , 1185.43 
 0.00 , 1734.52 , 1176.39 
3767.28 ,  0.00 , 3503.57 
 0.00 ,  0.00 ,  0.00 
 0.00 ,  0.00 ,  0.00 
 0.00 ,  0.00 ,  0.00 
 0.00 ,  0.00 ,  0.00 
 0.00 ,  0.00 ,  0.00 
 0.00 ,  0.00 ,  0.00 
 0.00 , 339.58 , 226.90 
 0.00 , 10496.02 , 7860.00 
 0.00 , 4356.19 , 3040.26 
 0.00 , 3638.43 , 2519.29 
 0.00 , 354.74 , 237.07 
3876.41 ,  0.00 , 3605.06 
 0.00 ,  0.00 ,  0.00 
 0.00 ,  0.00 ,  0.00 
 0.00 ,  0.00 ,  0.00 
 0.00 ,  0.00 ,  0.00 
 0.00 ,  0.00 ,  0.00 
 0.00 , 488.02 , 326.60 
 0.00 , 1359.09 , 918.05 
 0.00 , 1479.89 , 1000.95 
3887.99 , 1598.17 , 4701.30 
 0.00 , 1797.62 , 1220.01 
 0.00 , 1913.46 , 1300.25 
 0.00 ,  0.00 ,  0.00 
 0.00 ,  0.00 ,  0.00 
 0.00 ,  0.00 ,  0.00 
 0.00 ,  0.00 ,  0.00 
 0.00 ,  0.00 ,  0.00 
 0.00 ,  0.00 ,  0.00 
 0.00 , 205.15 , 136.89 
 0.00 , 645.04 , 432.41 
 0.00 , 10496.02 , 7860.00 
 0.00 , 4576.63 , 3201.93 
4208.19 , 2843.83 , 5876.96 
 0.00 , 1532.61 , 1037.19 
 0.00 , 449.94 , 300.99 
 0.00 , 27.23 , 18.13 
 0.00 ,  4.67 ,  3.11 
 0.00 ,  4.25 ,  2.83 
 0.00 ,  8.95 ,  5.96 
 0.00 , 124.84 , 83.22 
 0.00 , 672.75 , 451.11 
3797.38 , 1525.79 , 4566.85 
 0.00 , 1593.87 , 1079.36 
 0.00 , 1712.11 , 1160.91 
 0.00 , 1825.86 , 1239.55 
 0.00 , 1934.72 , 1315.00 
 0.00 ,  0.00 ,  0.00 
 0.00 ,  0.00 ,  0.00 
 0.00 ,  0.00 ,  0.00 
 0.00 ,  0.00 ,  0.00 
 0.00 ,  0.00 ,  0.00 
 0.00 ,  0.00 ,  0.00 
 0.00 , 347.26 , 232.05 
 0.00 , 700.78 , 470.05 
4096.34 , 10290.79 , 11669.60 
 0.00 , 4561.36 , 3190.71 
 0.00 , 2399.69 , 1639.26 
 0.00 , 744.05 , 499.31 
 0.00 , 29.35 , 19.55 
 0.00 ,  0.00 ,  0.00 
 0.00 ,  0.00 ,  0.00 
 0.00 ,  0.00 ,  0.00 
3836.72 ,  0.00 , 3568.15 
 0.00 , 16.39 , 10.91 
 0.00 , 523.30 , 350.34 
 0.00 , 1371.63 , 926.65 
 0.00 , 1566.12 , 1060.25 
 0.00 , 1612.29 , 1092.05 
 0.00 , 1729.65 , 1173.02 
 0.00 , 1842.49 , 1251.07 
3767.28 ,  0.00 , 3503.57 
 0.00 ,  0.00 ,  0.00 
 0.00 ,  0.00 ,  0.00 
 0.00 ,  0.00 ,  0.00 
 0.00 ,  0.00 ,  0.00 
 0.00 ,  0.00 ,  0.00 
 0.00 ,  0.00 ,  0.00 
 0.00 , 478.00 , 319.86 
 0.00 , 10445.75 , 7817.69 
 0.00 , 4227.76 , 2946.43 
 0.00 , 1773.93 , 1203.63 
 0.00 , 435.05 , 290.99 
3876.41 , 845.79 , 4174.12 
 0.00 , 1208.20 , 814.81 
 0.00 , 1322.53 , 893.00 
 0.00 , 790.12 , 530.48 
 0.00 , 299.66 , 200.14 
 0.00 , 611.12 , 409.52 
 0.00 , 1970.18 , 1339.61 
 0.00 , 2223.54 , 1516.03 
 0.00 , 1914.23 , 1300.78 
3887.99 , 1913.85 , 4920.91 
 0.00 , 2004.65 , 1363.56 
 0.00 , 2011.78 , 1368.51 
 0.00 ,  0.00 ,  0.00 
 0.00 ,  0.00 ,  0.00 
 0.00 ,  0.00 ,  0.00 
 0.00 ,  0.00 ,  0.00 
 0.00 ,  0.00 ,  0.00 
 0.00 ,  0.00 ,  0.00 
 0.00 ,  0.00 ,  0.00 
 0.00 , 316.22 , 211.24 
 0.00 , 10349.05 , 7736.43 
 0.00 , 4132.10 , 2876.73 
4208.19 , 3963.48 , 6690.35 
 0.00 , 3841.54 , 2665.88 
 0.00 , 3752.66 , 2601.65 
 0.00 , 3670.73 , 2542.56 
 0.00 , 3442.71 , 2378.66 
 0.00 , 3396.33 , 2345.42 
 0.00 , 3378.92 , 2332.95 
 0.00 , 3409.07 , 2354.55 
 0.00 , 3476.74 , 2403.06 
3797.38 , 3338.05 , 5849.21 
 0.00 , 2978.68 , 2047.63 
 0.00 , 2934.55 , 2016.32 
 0.00 , 2903.58 , 1994.37 
 0.00 , 2956.02 , 2031.55 
 0.00 ,  0.00 ,  0.00 
 0.00 ,  0.00 ,  0.00 
 0.00 ,  0.00 ,  0.00 
 0.00 ,  0.00 ,  0.00 
 0.00 , 81.02 , 53.99 
 0.00 , 626.37 , 419.81 
 0.00 , 715.93 , 480.29 
 0.00 , 1191.24 , 803.23 
4096.34 , 10290.79 , 11669.60 
 0.00 , 4829.93 , 3388.68 
 0.00 , 4569.42 , 3196.63 
 0.00 , 4352.67 , 3037.69 
 0.00 , 3882.87 , 2695.79 
 0.00 , 3466.02 , 2395.37 
 0.00 , 3284.20 , 2265.20 
 0.00 , 3066.56 , 2110.06 
3836.72 , 3138.27 , 5741.66 
 0.00 , 3391.53 , 2341.98 
 0.00 , 3627.81 , 2511.64 
 0.00 , 3581.79 , 2478.53 
 0.00 , 3149.17 , 2168.86 
 0.00 , 3184.56 , 2194.09 
 0.00 , 3155.21 , 2173.16 
 0.00 , 3209.19 , 2211.64 
3767.28 ,  0.00 , 3503.57 
 0.00 ,  0.00 ,  0.00 
 0.00 ,  0.00 ,  0.00 
 0.00 ,  0.00 ,  0.00 
 0.00 , 804.06 , 539.92 
 0.00 , 964.83 , 648.99 
 0.00 , 1590.84 , 1077.27 
 0.00 , 1833.54 , 1244.87 
 0.00 , 10496.02 , 7860.00 
 0.00 , 5485.52 , 3876.95 
 0.00 , 3547.54 , 2453.91 
 0.00 , 2403.14 , 1641.67 
3876.41 , 1394.18 , 4549.55 
 0.00 , 1059.03 , 713.07 
 0.00 , 393.34 , 262.98 
 0.00 , 407.02 , 272.16 
 0.00 , 983.39 , 661.60 
 0.00 , 1979.83 , 1346.31 
 0.00 , 2742.77 , 1880.61 
 0.00 , 2961.10 , 2035.15 
 0.00 , 2646.39 , 1812.63 
3887.99 , 2632.64 , 5427.54 
 0.00 , 2644.35 , 1811.19 
 0.00 , 2722.31 , 1866.17 
 0.00 ,  0.00 ,  0.00 
 0.00 ,  0.00 ,  0.00 
 0.00 ,  0.00 ,  0.00 
 0.00 ,  0.00 ,  0.00 
 0.00 ,  0.00 ,  0.00 
 0.00 , 230.09 , 153.57 
 0.00 , 580.12 , 388.62 
 0.00 , 772.73 , 518.71 
 0.00 , 10496.02 , 7860.00 
 0.00 , 4599.64 , 3218.85 
4208.19 , 4356.96 , 6981.93 
 0.00 , 4216.14 , 2937.96 
 0.00 , 4051.23 , 2817.91 
 0.00 , 3615.37 , 2502.69 
 0.00 , 3072.58 , 2114.34 
 0.00 , 2836.37 , 1946.77 
 0.00 , 2940.54 , 2020.56 
 0.00 , 3264.87 , 2251.39 
 0.00 , 3534.46 , 2444.51 
3797.38 , 3429.62 , 5915.59 
 0.00 , 3013.18 , 2072.12 
 0.00 , 3045.90 , 2095.37 
 0.00 , 3014.25 , 2072.88 
 0.00 , 3065.86 , 2109.56 
 0.00 ,  0.00 ,  0.00 
 0.00 ,  0.00 ,  0.00 
 0.00 ,  0.00 ,  0.00 
 0.00 ,  0.00 ,  0.00 
 0.00 , 525.79 , 352.02 
 0.00 , 933.80 , 627.91 
 0.00 , 1459.39 , 986.87 
 0.00 , 1911.30 , 1298.75 
4096.34 , 10290.79 , 11669.60 
 0.00 , 5627.19 , 3983.41 
 0.00 , 4135.04 , 2878.87 
 0.00 , 3834.87 , 2661.06 
 0.00 , 4177.56 , 2909.83 
 0.00 , 3808.03 , 2641.65 
 0.00 , 3416.70 , 2360.02 
 0.00 , 3039.49 , 2090.81 
3836.72 , 2867.58 , 5547.31 
 0.00 , 3535.86 , 2445.51 
 0.00 , 4261.66 , 2971.18 
 0.00 , 4368.14 , 3049.01 
 0.00 , 3959.23 , 2751.12 
 0.00 , 4020.18 , 2795.35 
 0.00 , 4091.33 , 2847.06 
 0.00 , 4007.41 , 2786.08 
3767.28 ,  0.00 , 3503.57 
 0.00 ,  0.00 ,  0.00 
 0.00 ,  0.00 ,  0.00 
 0.00 , 936.76 , 629.92 
 0.00 , 1208.69 , 815.14 
 0.00 , 1884.55 , 1280.21 
 0.00 , 1943.91 , 1321.38 
 0.00 , 2053.04 , 1397.20 
 0.00 , 10496.02 , 7860.00 
 0.00 , 5425.71 , 3832.10 
 0.00 , 3900.87 , 2708.83 
 0.00 , 3614.96 , 2502.40 
3876.41 , 2955.24 , 5647.15 
 0.00 , 3065.49 , 2109.30 
 0.00 , 3299.64 , 2276.23 
 0.00 , 3480.59 , 2405.83 
 0.00 , 3501.07 , 2420.53 
 0.00 , 3563.06 , 2465.06 
 0.00 , 3860.55 , 2679.64 
 0.00 , 3834.52 , 2660.81 
 0.00 , 3389.61 , 2340.61 
3887.99 , 3402.76 , 5980.77 
 0.00 , 3393.29 , 2343.24 
 0.00 , 3367.79 , 2324.98 
 0.00 ,  0.00 ,  0.00 
 0.00 ,  0.00 ,  0.00 
 0.00 ,  0.00 ,  0.00 
 0.00 , 158.63 , 105.79 
 0.00 , 847.24 , 569.18 
 0.00 , 1064.05 , 716.49 
 0.00 , 1640.91 , 1111.77 
 0.00 , 1758.81 , 1193.17 
 0.00 , 10496.02 , 7860.00 
 0.00 , 5144.77 , 3622.27 
4208.19 , 4852.24 , 7353.30 
 0.00 , 4430.58 , 3094.73 
 0.00 , 4006.90 , 2785.71 
 0.00 , 3687.66 , 2554.76 
 0.00 , 3874.76 , 2689.92 
 0.00 , 3906.63 , 2712.99 
 0.00 , 3934.74 , 2733.36 
 0.00 , 3943.18 , 2739.48 
 0.00 , 4048.89 , 2816.20 
3797.38 , 3947.64 , 6294.06 
 0.00 , 3593.53 , 2486.98 
 0.00 , 3541.93 , 2449.88 
 0.00 , 3502.84 , 2421.80 
 0.00 , 3546.42 , 2453.10 
 0.00 ,  0.00 ,  0.00 
 0.00 ,  0.00 ,  0.00 
 0.00 ,  0.00 ,  0.00 
 0.00 , 456.31 , 305.28 
 0.00 , 1025.64 , 690.34 
 0.00 , 1584.11 , 1072.64 
 0.00 , 1909.00 , 1297.16 
 0.00 , 2103.52 , 1432.34 
4096.34 , 10290.79 , 11669.60 
 0.00 , 5667.35 , 4013.64 
 0.00 , 5419.30 , 3827.31 
 0.00 , 5101.15 , 3589.81 
 0.00 , 4793.08 , 3361.45 
 0.00 , 4555.67 , 3186.53 
 0.00 , 4423.34 , 3089.43 
 0.00 , 4340.68 , 3028.92 
3836.72 , 4294.41 , 6587.14 
 0.00 , 4380.32 , 3057.92 
 0.00 , 4551.66 , 3183.58 
 0.00 , 4470.51 , 3124.00 
 0.00 , 4094.16 , 2849.11 
 0.00 , 4044.13 , 2812.75 
 0.00 , 4005.16 , 2784.45 
 0.00 , 4050.62 , 2817.47 
3767.28 ,  0.00 , 3503.57 
 0.00 ,  0.00 ,  0.00 
 0.00 ,  0.00 ,  0.00 
 0.00 , 1115.75 , 751.72 
 0.00 , 1492.78 , 1009.80 
 0.00 , 2038.40 , 1387.02 
 0.00 , 2237.04 , 1525.45 
 0.00 , 2344.93 , 1600.90 
 0.00 , 10496.02 , 7860.00 
 0.00 , 5852.86 , 4153.69 
 0.00 , 4523.20 , 3162.68 
 0.00 , 3351.63 , 2313.42 
3876.41 , 2412.66 , 5260.70 
 0.00 , 1721.58 , 1167.45 
 0.00 , 1108.43 , 746.73 
 0.00 , 1193.09 , 804.49 
 0.00 , 2159.39 , 1471.27 
 0.00 , 2890.95 , 1985.42 
 0.00 , 3411.12 , 2356.02 
 0.00 , 3586.27 , 2481.76 
 0.00 , 3206.72 , 2209.89 
3887.99 , 3172.46 , 5814.18 
 0.00 , 3255.26 , 2244.53 
 0.00 , 3246.01 , 2237.93 
 0.00 ,  0.00 ,  0.00 
 0.00 ,  0.00 ,  0.00 
 0.00 ,  0.00 ,  0.00 
 0.00 ,  0.00 ,  0.00 
 0.00 , 518.98 , 347.44 
 0.00 , 860.29 , 578.03 
 0.00 , 1344.26 , 907.89 
 0.00 , 1556.31 , 1053.50 
 0.00 , 10496.02 , 7860.00 
 0.00 , 5077.23 , 3572.03 
4208.19 , 3327.00 , 6225.04 
 0.00 , 3028.51 , 2083.01 
 0.00 , 3130.48 , 2155.55 
 0.00 , 3181.72 , 2192.06 
 0.00 , 3157.76 , 2174.98 
 0.00 , 3418.44 , 2361.26 
 0.00 , 3696.98 , 2561.48 
 0.00 , 3621.34 , 2506.99 
 0.00 , 3760.44 , 2607.27 
3797.38 , 3684.69 , 6101.31 
 0.00 , 3271.57 , 2256.18 
 0.00 , 3224.72 , 2222.73 
 0.00 , 3188.75 , 2197.07 
 0.00 , 3157.92 , 2175.10 
 0.00 ,  0.00 ,  0.00 
 0.00 ,  0.00 ,  0.00 
 0.00 ,  0.00 ,  0.00 
 0.00 ,  0.00 ,  0.00 
 0.00 , 172.30 , 114.92 
 0.00 , 613.06 , 410.83 
 0.00 , 731.44 , 490.77 
 0.00 , 1142.19 , 769.75 
4096.34 , 10290.79 , 11669.60 
 0.00 , 4711.73 , 3301.40 
 0.00 , 4478.74 , 3130.04 
 0.00 , 4284.92 , 2988.16 
 0.00 , 3975.79 , 2763.13 
 0.00 , 3602.72 , 2493.59 
 0.00 , 3124.53 , 2151.31 
 0.00 , 2876.44 , 1975.14 
3836.72 , 3162.05 , 5758.80 
 0.00 , 3374.41 , 2329.72 
 0.00 , 3493.99 , 2415.44 
 0.00 , 3398.18 , 2346.75 
 0.00 , 3016.22 , 2074.28 
 0.00 , 2965.20 , 2038.06 
 0.00 , 3001.71 , 2063.98 
 0.00 , 2969.46 , 2041.08 
3767.28 ,  0.00 , 3503.57 
 0.00 ,  0.00 ,  0.00 
 0.00 ,  0.00 ,  0.00 
 0.00 ,  0.00 ,  0.00 
 0.00 , 258.81 , 172.78 
 0.00 , 777.40 , 521.87 
 0.00 , 1040.67 , 700.57 
 0.00 , 1572.51 , 1064.65 
 0.00 , 10496.02 , 7860.00 
 0.00 , 5085.84 , 3578.42 
 0.00 , 2866.24 , 1967.92 
 0.00 , 1747.69 , 1185.49 
3876.41 , 767.08 , 4120.65 
 0.00 , 84.61 , 56.38 
 0.00 , 68.22 , 45.45 
 0.00 , 74.17 , 49.42 
 0.00 , 106.45 , 70.95 
 0.00 , 262.97 , 175.57 
 0.00 , 643.79 , 431.57 
 0.00 , 1626.84 , 1102.08 
 0.00 , 1726.43 , 1170.80 
3887.99 , 1827.42 , 4860.61 
 0.00 , 1933.27 , 1314.00 
 0.00 , 2029.12 , 1380.57 
 0.00 ,  0.00 ,  0.00 
 0.00 ,  0.00 ,  0.00 
 0.00 ,  0.00 ,  0.00 
 0.00 ,  0.00 ,  0.00 
 0.00 ,  0.00 ,  0.00 
 0.00 ,  0.00 ,  0.00 
 0.00 , 461.57 , 308.81 
 0.00 , 765.52 , 513.83 
 0.00 , 10496.02 , 7860.00 
 0.00 , 4593.98 , 3214.69 
4208.19 , 2462.77 , 5605.50 
 0.00 , 1635.05 , 1107.73 
 0.00 , 448.82 , 300.25 
 0.00 , 17.36 , 11.56 
 0.00 ,  0.00 ,  0.00 
 0.00 ,  0.00 ,  0.00 
 0.00 ,  0.00 ,  0.00 
 0.00 ,  0.00 ,  0.00 
 0.00 , 273.46 , 182.60 
3797.38 , 1144.39 , 4304.37 
 0.00 , 1414.38 , 955.97 
 0.00 , 1529.48 , 1035.04 
 0.00 , 1638.13 , 1109.86 
 0.00 , 1741.12 , 1180.95 
 0.00 ,  0.00 ,  0.00 
 0.00 ,  0.00 ,  0.00 
 0.00 ,  0.00 ,  0.00 
 0.00 ,  0.00 ,  0.00 
 0.00 ,  0.00 ,  0.00 
 0.00 ,  0.00 ,  0.00 
 0.00 ,  0.00 ,  0.00 
 0.00 ,  0.00 ,  0.00 
4096.34 , 10031.73 , 11443.44 
 0.00 , 3740.24 , 2592.69 
 0.00 , 3021.28 , 2077.87 
 0.00 , 1498.23 , 1013.55 
 0.00 , 1161.00 , 782.58 
 0.00 , 1335.69 , 902.02 
 0.00 , 1077.27 , 725.49 
 0.00 , 265.89 , 177.52 
3836.72 , 307.20 , 3773.46 
 0.00 , 994.87 , 669.41 
 0.00 , 1495.51 , 1011.68 
 0.00 , 1926.67 , 1309.42 
 0.00 , 1554.43 , 1052.21 
 0.00 , 1626.04 , 1101.52 
 0.00 , 1622.06 , 1098.78 
 0.00 , 1695.47 , 1149.42 
3767.28 ,  0.00 , 3503.57 
 0.00 ,  0.00 ,  0.00 
 0.00 ,  0.00 ,  0.00 
 0.00 ,  0.00 ,  0.00 
 0.00 ,  0.00 ,  0.00 
 0.00 ,  0.00 ,  0.00 
 0.00 ,  0.00 ,  0.00 
 0.00 ,  0.00 ,  0.00 
 0.00 , 9749.48 , 7236.73 
 0.00 , 3501.38 , 2420.75 
 0.00 , 3270.20 , 2255.20 
 0.00 , 2978.95 , 2047.81 
3876.41 , 2547.51 , 5356.25 
 0.00 , 2150.01 , 1464.73 
 0.00 , 1748.80 , 1186.25 
 0.00 , 1833.37 , 1244.75 
 0.00 , 1950.43 , 1325.90 
 0.00 , 2095.97 , 1427.08 
 0.00 , 2322.01 , 1584.86 
 0.00 , 2334.18 , 1593.38 
 0.00 , 1918.43 , 1303.70 
3887.99 , 1953.17 , 4948.38 
 0.00 , 2015.63 , 1371.19 
 0.00 , 2076.77 , 1413.71 
 0.00 ,  0.00 ,  0.00 
 0.00 ,  0.00 ,  0.00 
 0.00 ,  0.00 ,  0.00 
 0.00 ,  0.00 ,  0.00 
 0.00 ,  0.00 ,  0.00 
 0.00 ,  0.00 ,  0.00 
 0.00 , 274.21 , 183.09 
 0.00 , 683.72 , 458.53 
 0.00 , 10496.02 , 7860.00 
 0.00 , 4597.80 , 3217.50 
4208.19 , 2357.38 , 5530.90 
 0.00 , 1146.07 , 772.40 
 0.00 , 1279.77 , 863.73 
 0.00 , 557.88 , 373.63 
 0.00 , 204.45 , 136.41 
 0.00 , 285.34 , 190.55 
 0.00 , 117.82 , 78.54 
 0.00 , 289.76 , 193.51 
 0.00 , 1358.05 , 917.34 
3797.38 , 2082.00 , 4954.18 
 0.00 , 1846.71 , 1253.99 
 0.00 , 2023.71 , 1376.81 
 0.00 , 2124.84 , 1447.19 
 0.00 , 2221.98 , 1514.94 
 0.00 ,  0.00 ,  0.00 
 0.00 ,  0.00 ,  0.00 
 0.00 ,  0.00 ,  0.00 
 0.00 ,  0.00 ,  0.00 
 0.00 ,  0.00 ,  0.00 
 0.00 , 451.97 , 302.36 
 0.00 , 849.98 , 571.03 
 0.00 , 1005.92 , 676.93 
4096.34 , 10290.79 , 11669.60 
 0.00 , 5138.27 , 3617.43 
 0.00 , 2591.74 , 1774.14 
 0.00 , 915.62 , 615.57 
 0.00 , 291.72 , 194.83 
 0.00 , 131.31 , 87.54 
 0.00 , 62.70 , 41.77 
 0.00 , 108.98 , 72.64 
3836.72 , 202.37 , 3703.22 
 0.00 , 510.16 , 341.50 
 0.00 , 2029.57 , 1380.88 
 0.00 , 2600.68 , 1780.44 
 0.00 , 2385.36 , 1629.21 
 0.00 , 2500.42 , 1709.93 
 0.00 , 2612.47 , 1788.74 
 0.00 , 2720.17 , 1864.66 
3767.28 ,  0.00 , 3503.57 
 0.00 ,  0.00 ,  0.00 
 0.00 ,  0.00 ,  0.00 
 0.00 ,  0.00 ,  0.00 
 0.00 , 289.19 , 193.13 
 0.00 , 728.80 , 489.00 
 0.00 , 886.57 , 595.85 
 0.00 , 1216.90 , 820.75 
 0.00 , 10496.02 , 7860.00 
 0.00 , 4851.91 , 3404.94 
 0.00 , 3735.05 , 2588.94 
 0.00 , 3602.37 , 2493.34 
3876.41 , 3217.76 , 5836.05 
 0.00 , 2553.60 , 1747.31 
 0.00 , 1651.49 , 1119.07 
 0.00 , 1394.70 , 942.47 
 0.00 , 1874.48 , 1273.23 
 0.00 , 2440.60 , 1667.94 
 0.00 , 2859.96 , 1963.47 
 0.00 , 3080.75 , 2120.15 
 0.00 , 2693.39 , 1845.76 
3887.99 , 2739.60 , 5503.72 
 0.00 , 2743.69 , 1881.26 
 0.00 , 2812.16 , 1929.65 
 0.00 ,  0.00 ,  0.00 
 0.00 ,  0.00 ,  0.00 
 0.00 ,  0.00 ,  0.00 
 0.00 ,  0.00 ,  0.00 
 0.00 , 88.41 , 58.92 
 0.00 , 717.83 , 481.58 
 0.00 , 868.46 , 583.57 
 0.00 , 1276.32 , 861.38 
 0.00 , 10496.02 , 7860.00 
 0.00 , 4884.11 , 3428.76 
4208.19 , 2182.20 , 5407.33 
 0.00 , 618.16 , 414.27 
 0.00 , 28.68 , 19.10 
 0.00 ,  0.00 ,  0.00 
 0.00 ,  0.00 ,  0.00 
 0.00 ,  0.00 ,  0.00 
 0.00 ,  0.00 ,  0.00 
 0.00 ,  0.00 ,  0.00 
 0.00 , 72.71 , 48.45 
3797.38 , 1087.84 , 4265.66 
 0.00 , 1431.53 , 967.74 
 0.00 , 1552.82 , 1051.10 
 0.00 , 1743.07 , 1182.29 
 0.00 , 1853.81 , 1258.91 
 0.00 ,  0.00 ,  0.00 
 0.00 ,  0.00 ,  0.00 
 0.00 ,  0.00 ,  0.00 
 0.00 ,  0.00 ,  0.00 
 0.00 ,  0.00 ,  0.00 
 0.00 ,  0.00 ,  0.00 
 0.00 ,  0.00 ,  0.00 
 0.00 , 77.75 , 51.80 
4096.34 , 10082.94 , 11488.01 
 0.00 , 3795.31 , 2632.45 
 0.00 , 3580.23 , 2477.41 
 0.00 , 3359.07 , 2318.74 
 0.00 , 2669.45 , 1828.88 
 0.00 , 2240.52 , 1527.89 
 0.00 , 2124.10 , 1446.67 
 0.00 , 1879.87 , 1276.96 
3836.72 , 1167.34 , 4356.70 
 0.00 , 991.14 , 666.87 
 0.00 , 1779.93 , 1207.78 
 0.00 , 2176.81 , 1483.42 
 0.00 , 1898.67 , 1289.99 
 0.00 , 1963.18 , 1334.75 
 0.00 , 2030.49 , 1381.52 
 0.00 , 2101.50 , 1430.93 
3767.28 ,  0.00 , 3503.57 
 0.00 ,  0.00 ,  0.00 
 0.00 ,  0.00 ,  0.00 
 0.00 ,  0.00 ,  0.00 
 0.00 ,  0.00 ,  0.00 
 0.00 , 56.17 , 37.42 
 0.00 , 624.35 , 418.45 
 0.00 , 829.69 , 557.28 
 0.00 , 10496.02 , 7860.00 
 0.00 , 4595.44 , 3215.77 
 0.00 , 3637.81 , 2518.84 
 0.00 , 2405.32 , 1643.20 
3876.41 , 1282.41 , 4472.61 
 0.00 , 823.52 , 553.10 
 0.00 , 1004.20 , 675.75 
 0.00 , 1285.47 , 867.64 
 0.00 , 1483.11 , 1003.16 
 0.00 , 1662.33 , 1126.55 
 0.00 , 1999.58 , 1360.04 
 0.00 , 2588.29 , 1771.71 
 0.00 , 2302.29 , 1571.06 
3887.99 , 2291.36 , 5185.84 
 0.00 , 2378.28 , 1624.25 
 0.00 , 2457.27 , 1679.64 
 0.00 ,  0.00 ,  0.00 
 0.00 ,  0.00 ,  0.00 
 0.00 ,  0.00 ,  0.00 
 0.00 ,  0.00 ,  0.00 
 0.00 ,  0.00 ,  0.00 
 0.00 , 327.92 , 219.09 
 0.00 , 625.76 , 419.39 
 0.00 , 710.67 , 476.74 
 0.00 , 10496.02 , 7860.00 
 0.00 , 4491.97 , 3139.75 
4208.19 , 2985.59 , 5978.63 
 0.00 , 1833.59 , 1244.90 
 0.00 , 2100.84 , 1430.47 
 0.00 , 2343.45 , 1599.86 
 0.00 , 1612.15 , 1091.95 
 0.00 , 1445.06 , 977.02 
 0.00 , 1532.58 , 1037.17 
 0.00 , 2001.05 , 1361.05 
 0.00 , 2610.17 , 1787.12 
3797.38 , 2726.76 , 5410.04 
 0.00 , 2398.75 , 1638.60 
 0.00 , 2458.49 , 1680.49 
 0.00 , 2525.80 , 1727.77 
 0.00 , 2598.33 , 1778.78 
 0.00 ,  0.00 ,  0.00 
 0.00 ,  0.00 ,  0.00 
 0.00 ,  0.00 ,  0.00 
 0.00 ,  0.00 ,  0.00 
 0.00 , 50.09 , 33.37 
 0.00 , 715.41 , 479.94 
 0.00 , 867.99 , 583.25 
 0.00 , 1119.23 , 754.09 
4096.34 , 10290.79 , 11669.60 
 0.00 , 5160.42 , 3633.93 
 0.00 , 3831.86 , 2658.88 
 0.00 , 1496.12 , 1012.10 
 0.00 , 29.37 , 19.56 
 0.00 ,  0.00 ,  0.00 
 0.00 ,  0.00 ,  0.00 
 0.00 ,  0.00 ,  0.00 
3836.72 ,  0.00 , 3568.15 
 0.00 , 44.80 , 29.84 
 0.00 , 718.08 , 481.75 
 0.00 , 2033.25 , 1383.44 
 0.00 , 1740.57 , 1180.57 
 0.00 , 1847.22 , 1254.34 
 0.00 , 1950.22 , 1325.76 
 0.00 , 2050.21 , 1395.23 
3767.28 ,  0.00 , 3503.57 
 0.00 ,  0.00 ,  0.00 
 0.00 ,  0.00 ,  0.00 
 0.00 ,  0.00 ,  0.00 
 0.00 ,  0.00 ,  0.00 
 0.00 ,  0.00 ,  0.00 
 0.00 , 299.43 , 199.99 
 0.00 , 654.14 , 438.55 
 0.00 , 10496.02 , 7860.00 
 0.00 , 4329.69 , 3020.89 
 0.00 , 3741.68 , 2593.73 
 0.00 , 2857.83 , 1961.96 
3876.41 , 1264.95 , 4460.61 
 0.00 , 439.98 , 294.30 
 0.00 , 59.89 , 39.90 
 0.00 , 54.98 , 36.63 
 0.00 , 52.69 , 35.10 
 0.00 , 143.35 , 95.59 
 0.00 , 394.10 , 263.48 
 0.00 , 1447.61 , 978.77 
 0.00 , 1457.65 , 985.67 
3887.99 , 1558.66 , 4673.94 
 0.00 , 1658.95 , 1124.22 
 0.00 , 1752.40 , 1188.74 
 0.00 ,  0.00 ,  0.00 
 0.00 ,  0.00 ,  0.00 
 0.00 ,  0.00 ,  0.00 
 0.00 ,  0.00 ,  0.00 
 0.00 ,  0.00 ,  0.00 
 0.00 ,  0.00 ,  0.00 
 0.00 ,  0.00 ,  0.00 
 0.00 ,  0.00 ,  0.00 
 0.00 , 10310.62 , 7704.19 
 0.00 , 3874.15 , 2689.48 
4165.94 , 1275.19 , 4737.09 
 0.00 , 339.86 , 227.09 
 0.00 , 77.15 , 51.41 
 0.00 , 190.68 , 127.21 
 0.00 , 473.13 , 316.59 
 0.00 , 1016.37 , 684.03 
 0.00 , 1288.14 , 869.47 
 0.00 , 1458.15 , 986.01 
 0.00 , 1762.68 , 1195.85 
 0.00 , 2034.70 , 1384.44 
4331.32 , 1740.84 , 5213.15 
 0.00 , 1820.11 , 1235.57 
 0.00 , 1899.90 , 1290.85 
 0.00 , 1981.13 , 1347.22 
 0.00 ,  0.00 ,  0.00 
 0.00 ,  0.00 ,  0.00 
 0.00 ,  0.00 ,  0.00 
 0.00 ,  0.00 ,  0.00 
 0.00 ,  0.00 ,  0.00 
 0.00 ,  0.00 ,  0.00 
 0.00 , 220.24 , 146.97 
 0.00 , 641.48 , 430.00 
 0.00 , 10496.02 , 7860.00 
4050.76 , 4157.75 , 6686.42 
 0.00 , 1727.92 , 1171.83 
 0.00 , 916.25 , 615.99 
 0.00 , 172.28 , 114.91 
 0.00 ,  0.00 ,  0.00 
 0.00 ,  0.00 ,  0.00 
 0.00 ,  0.00 ,  0.00 
 0.00 ,  0.00 ,  0.00 
 0.00 ,  0.00 ,  0.00 
3891.19 ,  0.00 , 3618.81 
 0.00 , 137.32 , 91.56 
 0.00 , 1050.58 , 707.32 
 0.00 , 1249.34 , 842.93 
 0.00 , 1372.42 , 927.19 
 0.00 , 1566.80 , 1060.72 
 0.00 ,  0.00 ,  0.00 
 0.00 ,  0.00 ,  0.00 
 0.00 ,  0.00 ,  0.00 
 0.00 ,  0.00 ,  0.00 
 0.00 ,  0.00 ,  0.00 
 0.00 ,  0.00 ,  0.00 
 0.00 ,  0.00 ,  0.00 
 0.00 ,  0.85 ,  0.56 
4457.95 , 10086.41 , 11845.19 
 0.00 , 3751.91 , 2601.11 
 0.00 , 3209.41 , 2211.80 
 0.00 , 3046.78 , 2096.00 
 0.00 , 1936.61 , 1316.31 
 0.00 , 817.83 , 549.25 
 0.00 , 927.19 , 623.42 
 0.00 , 1044.07 , 702.89 
3774.75 , 1210.80 , 4328.83 
 0.00 , 1695.17 , 1149.21 
 0.00 , 2094.56 , 1426.10 
 0.00 , 2214.04 , 1509.39 
 0.00 , 1926.84 , 1309.53 
 0.00 , 1992.78 , 1355.31 
 0.00 , 2066.91 , 1406.86 
 0.00 , 2064.40 , 1405.10 
 0.00 ,  0.00 ,  0.00 
3817.44 ,  0.00 , 3550.22 
 0.00 ,  0.00 ,  0.00 
 0.00 ,  0.00 ,  0.00 
 0.00 ,  0.00 ,  0.00 
 0.00 ,  3.20 ,  2.13 
 0.00 , 587.35 , 393.49 
 0.00 , 737.22 , 494.68 
 0.00 , 10496.02 , 7860.00 
 0.00 , 4438.15 , 3100.28 
 0.00 , 4172.90 , 2906.44 
 0.00 , 4029.64 , 2802.22 
 0.00 , 3852.64 , 2673.91 
4128.73 , 3515.70 , 6287.90 
 0.00 , 3268.60 , 2254.05 
 0.00 , 3014.53 , 2073.08 
 0.00 , 2850.27 , 1956.61 
 0.00 , 3187.06 , 2195.87 
 0.00 , 3419.83 , 2362.25 
 0.00 , 3392.55 , 2342.71 
 0.00 , 2965.03 , 2037.94 
 0.00 , 3005.61 , 2066.75 
3907.23 , 2965.57 , 5683.32 
 0.00 , 2962.07 , 2035.84 
 0.00 ,  0.00 ,  0.00 
 0.00 ,  0.00 ,  0.00 
 0.00 ,  0.00 ,  0.00 
 0.00 ,  0.00 ,  0.00 
 0.00 , 475.86 , 318.42 
 0.00 , 743.75 , 499.10 
 0.00 , 825.93 , 554.73 
 0.00 , 1111.20 , 748.61 
 0.00 , 10496.02 , 7860.00 
 0.00 , 4706.59 , 3297.62 
 0.00 , 4438.43 , 3100.49 
4155.42 , 4278.44 , 6874.03 
 0.00 , 3449.11 , 2383.24 
 0.00 , 2715.02 , 1861.02 
 0.00 , 2142.82 , 1459.72 
 0.00 , 1905.70 , 1294.87 
 0.00 , 2250.37 , 1534.77 
 0.00 , 2535.77 , 1734.77 
 0.00 , 2866.00 , 1967.75 
 0.00 , 2989.16 , 2055.07 
3821.92 , 2620.24 , 5357.10 
 0.00 , 2677.44 , 1834.51 
 0.00 , 2653.81 , 1817.85 
 0.00 , 2711.33 , 1858.42 
 0.00 ,  0.00 ,  0.00 
 0.00 ,  0.00 ,  0.00 
 0.00 ,  0.00 ,  0.00 
 0.00 ,  0.00 ,  0.00 
 0.00 , 138.90 , 92.61 
 0.00 , 796.17 , 534.58 
 0.00 , 946.47 , 636.52 
 0.00 , 1426.97 , 964.61 
 0.00 , 10496.02 , 7860.00 
4050.76 , 4985.61 , 7306.12 
 0.00 , 3235.67 , 2230.54 
 0.00 , 2402.37 , 1641.13 
 0.00 , 2415.90 , 1650.62 
 0.00 , 2474.34 , 1691.62 
 0.00 , 2239.18 , 1526.95 
 0.00 , 1907.83 , 1296.35 
 0.00 , 1944.18 , 1321.57 
 0.00 , 2353.01 , 1606.56 
3891.19 , 2617.15 , 5419.51 
 0.00 , 3032.66 , 2085.96 
 0.00 , 2795.57 , 1917.92 
 0.00 , 2865.35 , 1967.29 
 0.00 , 2938.28 , 2018.97 
 0.00 , 3011.85 , 2071.18 
 0.00 ,  0.00 ,  0.00 
 0.00 ,  0.00 ,  0.00 
 0.00 ,  0.00 ,  0.00 
 0.00 ,  0.00 ,  0.00 
 0.00 , 812.30 , 545.50 
 0.00 , 1021.79 , 687.72 
 0.00 , 1347.85 , 910.35 
 0.00 , 1797.53 , 1219.95 
4457.95 , 10269.54 , 12005.89 
 0.00 , 5174.56 , 3644.46 
 0.00 , 2505.43 , 1713.46 
 0.00 , 831.22 , 558.32 
 0.00 , 250.28 , 167.07 
 0.00 , 171.29 , 114.25 
 0.00 , 14.98 ,  9.97 
 0.00 ,  0.00 ,  0.00 
3774.75 ,  0.00 , 3510.51 
 0.00 , 14.40 ,  9.59 
 0.00 , 225.75 , 150.66 
 0.00 , 1144.07 , 771.03 
 0.00 , 1710.67 , 1159.91 
 0.00 , 1844.59 , 1252.52 
 0.00 , 2040.30 , 1388.34 
 0.00 , 2152.62 , 1466.55 
 0.00 ,  0.00 ,  0.00 
3817.44 ,  0.00 , 3550.22 
 0.00 ,  0.00 ,  0.00 
 0.00 ,  0.00 ,  0.00 
 0.00 ,  0.00 ,  0.00 
 0.00 , 469.86 , 314.39 
 0.00 , 862.94 , 579.82 
 0.00 , 1221.47 , 823.88 
 0.00 , 10496.02 , 7860.00 
 0.00 , 5207.66 , 3669.13 
 0.00 , 4054.93 , 2820.60 
 0.00 , 3211.43 , 2213.25 
 0.00 , 1356.19 , 916.06 
4128.73 , 313.96 , 4049.58 
 0.00 , 74.74 , 49.80 
 0.00 , 127.78 , 85.19 
 0.00 , 292.40 , 195.28 
 0.00 , 789.56 , 530.10 
 0.00 , 1852.91 , 1258.28 
 0.00 , 2514.01 , 1719.48 
 0.00 , 2311.85 , 1577.75 
 0.00 , 2415.04 , 1650.01 
3907.23 , 2502.58 , 5353.12 
 0.00 , 2608.84 , 1786.18 
 0.00 ,  0.00 ,  0.00 
 0.00 ,  0.00 ,  0.00 
 0.00 ,  0.00 ,  0.00 
 0.00 ,  0.00 ,  0.00 
 0.00 , 77.75 , 51.81 
 0.00 , 709.64 , 476.04 
 0.00 , 810.80 , 544.49 
 0.00 , 1119.19 , 754.06 
 0.00 , 10496.02 , 7860.00 
 0.00 , 5059.54 , 3558.87 
 0.00 , 4931.28 , 3463.70 
4155.42 , 4645.63 , 7148.25 
 0.00 , 4161.12 , 2897.86 
 0.00 , 3537.45 , 2446.66 
 0.00 , 2715.52 , 1861.38 
 0.00 , 2601.68 , 1781.14 
 0.00 , 2485.23 , 1699.26 
 0.00 , 2113.71 , 1439.44 
 0.00 , 2582.17 , 1767.41 
 0.00 , 3009.10 , 2069.22 
3821.92 , 2727.62 , 5433.55 
 0.00 , 2802.67 , 1922.94 
 0.00 , 2866.32 , 1967.97 
 0.00 , 2855.38 , 1960.23 
 0.00 ,  0.00 ,  0.00 
 0.00 ,  0.00 ,  0.00 
 0.00 ,  0.00 ,  0.00 
 0.00 ,  0.00 ,  0.00 
 0.00 , 289.64 , 193.43 
 0.00 , 786.39 , 527.95 
 0.00 , 961.15 , 646.49 
 0.00 , 1503.58 , 1017.23 
 0.00 , 10496.02 , 7860.00 
4050.76 , 4771.38 , 7144.45 
 0.00 , 3716.73 , 2575.73 
 0.00 , 2724.94 , 1868.02 
 0.00 , 1379.28 , 931.89 
 0.00 , 1221.57 , 823.94 
 0.00 , 1808.32 , 1227.41 
 0.00 , 2000.89 , 1360.94 
 0.00 , 2228.69 , 1519.63 
 0.00 , 2439.03 , 1666.84 
3891.19 , 2856.58 , 5590.27 
 0.00 , 3020.95 , 2077.64 
 0.00 , 2688.98 , 1842.65 
 0.00 , 2667.65 , 1827.61 
 0.00 , 2728.61 , 1870.62 
 0.00 , 2795.04 , 1917.55 
 0.00 ,  0.00 ,  0.00 
 0.00 ,  0.00 ,  0.00 
 0.00 ,  0.00 ,  0.00 
 0.00 ,  0.00 ,  0.00 
 0.00 , 308.27 , 205.92 
 0.00 , 740.20 , 496.70 
 0.00 , 886.39 , 595.73 
 0.00 , 1257.38 , 848.42 
4457.95 , 10269.54 , 12005.89 
 0.00 , 4766.25 , 3341.63 
 0.00 , 4190.47 , 2919.25 
 0.00 , 3583.61 , 2479.84 
 0.00 , 2959.84 , 2034.25 
 0.00 , 2174.26 , 1481.64 
 0.00 , 1225.47 , 826.61 
 0.00 , 752.55 , 505.05 
3774.75 , 1240.29 , 4349.07 
 0.00 , 1917.39 , 1302.98 
 0.00 , 2512.79 , 1718.63 
 0.00 , 2639.59 , 1807.83 
 0.00 , 2321.66 , 1584.61 
 0.00 , 2378.21 , 1624.21 
 0.00 , 2440.61 , 1667.95 
 0.00 , 2507.77 , 1715.10 
 0.00 ,  0.00 ,  0.00 
3817.44 ,  0.00 , 3550.22 
 0.00 ,  0.00 ,  0.00 
 0.00 ,  0.00 ,  0.00 
 0.00 , 70.06 , 46.68 
 0.00 , 762.11 , 511.52 
 0.00 , 915.84 , 615.72 
 0.00 , 1307.23 , 882.53 
 0.00 , 10496.02 , 7860.00 
 0.00 , 4967.57 , 3490.60 
 0.00 , 3166.88 , 2181.48 
 0.00 , 2491.30 , 1703.53 
 0.00 , 1463.80 , 989.90 
4128.73 , 1170.04 , 4630.27 
 0.00 , 1005.57 , 676.68 
 0.00 , 1226.57 , 827.36 
 0.00 , 1609.36 , 1090.03 
 0.00 , 1607.10 , 1088.47 
 0.00 , 2152.58 , 1466.53 
 0.00 , 2739.41 , 1878.24 
 0.00 , 2483.68 , 1698.17 
 0.00 , 2563.60 , 1754.34 
3907.23 , 2630.54 , 5443.98 
 0.00 , 2802.63 , 1922.91 
 0.00 ,  0.00 ,  0.00 
 0.00 ,  0.00 ,  0.00 
 0.00 ,  0.00 ,  0.00 
 0.00 ,  0.00 ,  0.00 
 0.00 , 468.36 , 313.38 
 0.00 , 836.93 , 562.19 
 0.00 , 1002.29 , 674.46 
 0.00 , 1516.53 , 1026.13 
 0.00 , 10496.02 , 7860.00 
 0.00 , 5107.11 , 3594.25 
 0.00 , 2427.79 , 1658.96 
4155.42 , 185.82 , 3988.55 
 0.00 ,  0.00 ,  0.00 
 0.00 ,  0.00 ,  0.00 
 0.00 ,  0.00 ,  0.00 
 0.00 ,  0.00 ,  0.00 
 0.00 ,  0.00 ,  0.00 
 0.00 ,  0.00 ,  0.00 
 0.00 ,  0.00 ,  0.00 
 0.00 ,  0.00 ,  0.00 
3821.92 , 100.69 , 3621.51 
 0.00 , 1280.64 , 864.33 
 0.00 , 1460.86 , 987.87 
 0.00 , 1673.23 , 1134.07 
 0.00 ,  0.00 ,  0.00 
 0.00 ,  0.00 ,  0.00 
 0.00 ,  0.00 ,  0.00 
 0.00 ,  0.00 ,  0.00 
 0.00 ,  0.00 ,  0.00 
 0.00 ,  0.00 ,  0.00 
 0.00 , 625.08 , 418.94 
 0.00 , 982.19 , 660.79 
 0.00 , 10496.02 , 7860.00 
4050.76 , 4925.25 , 7260.48 
 0.00 , 4131.32 , 2876.16 
 0.00 , 3513.60 , 2429.53 
 0.00 , 2342.17 , 1598.97 
 0.00 , 960.56 , 646.09 
 0.00 , 140.31 , 93.56 
 0.00 , 301.16 , 201.15 
 0.00 , 443.25 , 296.50 
 0.00 , 1422.79 , 961.74 
3891.19 , 2476.14 , 5319.42 
 0.00 , 3157.77 , 2174.99 
 0.00 , 3136.63 , 2159.93 
 0.00 , 3268.07 , 2253.68 
 0.00 , 3389.08 , 2340.23 
 0.00 , 3583.92 , 2480.06 
 0.00 ,  0.00 ,  0.00 
 0.00 ,  0.00 ,  0.00 
 0.00 ,  0.00 ,  0.00 
 0.00 , 557.28 , 373.23 
 0.00 , 1033.74 , 695.85 
 0.00 , 1271.78 , 858.27 
 0.00 , 1862.18 , 1264.71 
 0.00 , 2003.80 , 1362.97 
4457.95 , 10269.54 , 12005.89 
 0.00 , 5335.96 , 3764.93 
 0.00 , 2746.71 , 1883.40 
 0.00 , 860.20 , 577.96 
 0.00 , 26.29 , 17.51 
 0.00 ,  0.00 ,  0.00 
 0.00 ,  0.00 ,  0.00 
 0.00 ,  0.00 ,  0.00 
3774.75 ,  0.00 , 3510.51 
 0.00 , 66.46 , 44.28 
 0.00 , 528.07 , 353.56 
 0.00 , 2083.99 , 1418.74 
 0.00 , 2398.47 , 1638.40 
 0.00 , 2559.44 , 1751.42 
 0.00 , 2697.71 , 1848.81 
 0.00 , 2906.04 , 1996.11 
 0.00 ,  0.00 ,  0.00 
3817.44 ,  0.00 , 3550.22 
 0.00 ,  0.00 ,  0.00 
 0.00 ,  0.00 ,  0.00 
 0.00 , 672.26 , 450.78 
 0.00 , 901.78 , 606.17 
 0.00 , 1132.49 , 763.13 
 0.00 , 1532.81 , 1037.33 
 0.00 , 10496.02 , 7860.00 
 0.00 , 4871.33 , 3419.31 
 0.00 , 2868.74 , 1969.69 
 0.00 , 1544.36 , 1045.27 
 0.00 , 1166.13 , 786.08 
4128.73 , 209.23 , 3979.39 
 0.00 ,  0.00 ,  0.00 
 0.00 ,  0.00 ,  0.00 
 0.00 ,  0.00 ,  0.00 
 0.00 ,  0.00 ,  0.00 
 0.00 , 12.50 ,  8.32 
 0.00 , 361.67 , 241.72 
 0.00 , 912.17 , 613.22 
 0.00 , 1314.01 , 887.17 
3907.23 , 1427.63 , 4601.30 
 0.00 , 1538.67 , 1041.36 
 0.00 ,  0.00 ,  0.00 
 0.00 ,  0.00 ,  0.00 
 0.00 ,  0.00 ,  0.00 
 0.00 ,  0.00 ,  0.00 
 0.00 ,  0.00 ,  0.00 
 0.00 ,  0.00 ,  0.00 
 0.00 ,  0.00 ,  0.00 
 0.00 ,  0.00 ,  0.00 
 0.00 , 10024.95 , 7465.44 
 0.00 , 3612.66 , 2500.74 
 0.00 , 2972.42 , 2043.18 
4155.42 , 2258.89 , 5412.19 
 0.00 , 1583.02 , 1071.89 
 0.00 , 1281.36 , 864.82 
 0.00 , 1342.34 , 906.57 
 0.00 , 971.93 , 653.81 
 0.00 , 887.62 , 596.56 
 0.00 , 1403.70 , 948.64 
 0.00 , 1492.30 , 1009.47 
 0.00 , 1809.41 , 1228.16 
3821.92 , 1669.04 , 4688.94 
 0.00 , 1749.09 , 1186.46 
 0.00 , 1903.88 , 1293.61 
 0.00 , 1983.46 , 1348.83 
 0.00 ,  0.00 ,  0.00 
 0.00 ,  0.00 ,  0.00 
 0.00 ,  0.00 ,  0.00 
 0.00 ,  0.00 ,  0.00 
 0.00 ,  0.00 ,  0.00 
 0.00 , 31.07 , 20.69 
 0.00 , 637.63 , 427.41 
 0.00 , 846.69 , 568.80 
 0.00 , 10496.02 , 7860.00 
4050.76 , 4293.94 , 6787.44 
 0.00 , 2670.48 , 1829.61 
 0.00 , 2167.18 , 1476.70 
 0.00 , 1398.63 , 945.16 
 0.00 , 550.29 , 368.52 
 0.00 , 12.02 ,  8.01 
 0.00 ,  0.00 ,  0.00 
 0.00 , 13.22 ,  8.80 
 0.00 , 942.41 , 633.76 
3891.19 , 1432.86 , 4589.98 
 0.00 , 1958.72 , 1331.65 
 0.00 , 1749.07 , 1186.44 
 0.00 , 1840.95 , 1250.00 
 0.00 , 1931.39 , 1312.69 
 0.00 , 1940.55 , 1319.04 
 0.00 ,  0.00 ,  0.00 
 0.00 ,  0.00 ,  0.00 
 0.00 ,  0.00 ,  0.00 
 0.00 ,  0.00 ,  0.00 
 0.00 ,  0.00 ,  0.00 
 0.00 ,  0.00 ,  0.00 
 0.00 , 78.12 , 52.06 
 0.00 , 468.09 , 313.20 
4457.95 , 10234.54 , 11975.11 
 0.00 , 3920.69 , 2723.18 
 0.00 , 3245.81 , 2237.78 
 0.00 , 2994.06 , 2058.54 
 0.00 , 2695.74 , 1847.42 
 0.00 , 2701.93 , 1851.79 
 0.00 , 1682.25 , 1140.29 
 0.00 , 568.17 , 380.56 
3774.75 , 1093.80 , 4248.68 
 0.00 , 1773.91 , 1203.61 
 0.00 , 2044.88 , 1391.53 
 0.00 , 2279.40 , 1555.06 
 0.00 , 1953.16 , 1327.79 
 0.00 , 2013.19 , 1369.50 
 0.00 , 2080.58 , 1416.37 
 0.00 , 2071.72 , 1410.20 
 0.00 ,  0.00 ,  0.00 
3817.44 ,  0.00 , 3550.22 
 0.00 ,  0.00 ,  0.00 
 0.00 ,  0.00 ,  0.00 
 0.00 ,  0.00 ,  0.00 
 0.00 ,  0.00 ,  0.00 
 0.00 ,  4.70 ,  3.13 
 0.00 , 458.42 , 306.70 
 0.00 , 10451.42 , 7822.46 
 0.00 , 3921.64 , 2723.87 
 0.00 , 3347.16 , 2310.22 
 0.00 , 2759.38 , 1892.35 
 0.00 , 2282.43 , 1557.17 
4128.73 , 1539.72 , 4884.95 
 0.00 , 768.37 , 515.76 
 0.00 , 425.89 , 284.83 
 0.00 , 809.67 , 543.72 
 0.00 , 1524.55 , 1031.65 
 0.00 , 1794.62 , 1217.94 
 0.00 , 2111.20 , 1437.69 
 0.00 , 1752.51 , 1188.81 
 0.00 , 1813.63 , 1231.09 
3907.23 , 1875.78 , 4912.25 
 0.00 , 1952.64 , 1327.44 
 0.00 ,  0.00 ,  0.00 
 0.00 ,  0.00 ,  0.00 
 0.00 ,  0.00 ,  0.00 
 0.00 ,  0.00 ,  0.00 
 0.00 ,  0.00 ,  0.00 
 0.00 ,  0.00 ,  0.00 
 0.00 , 16.14 , 10.75 
 0.00 , 516.94 , 346.06 
 0.00 , 10496.02 , 7860.00 
 0.00 , 3781.07 , 2622.17 
 0.00 , 1395.48 , 943.00 
4155.42 ,  0.00 , 3864.54 
 0.00 ,  0.00 ,  0.00 
 0.00 ,  0.00 ,  0.00 
 0.00 ,  0.00 ,  0.00 
 0.00 ,  0.00 ,  0.00 
 0.00 ,  0.00 ,  0.00 
 0.00 ,  0.00 ,  0.00 
 0.00 ,  0.00 ,  0.00 
 0.00 ,  0.00 ,  0.00 
3821.92 , 69.27 , 3600.55 
 0.00 , 555.30 , 371.89 
 0.00 , 710.14 , 476.38 
 0.00 , 939.99 , 632.11 
 0.00 ,  0.00 ,  0.00 
 0.00 ,  0.00 ,  0.00 
 0.00 ,  0.00 ,  0.00 
 0.00 ,  0.00 ,  0.00 
 0.00 ,  0.00 ,  0.00 
 0.00 ,  0.00 ,  0.00 
 0.00 ,  0.00 ,  0.00 
 0.00 ,  0.00 ,  0.00 
 0.00 , 9401.08 , 6949.60 
4050.76 , 2949.78 , 5805.97 
 0.00 ,  0.00 ,  0.00 
 0.00 ,  0.00 ,  0.00 
 0.00 ,  0.00 ,  0.00 
 0.00 ,  0.00 ,  0.00 
 0.00 ,  0.00 ,  0.00 
 0.00 ,  0.00 ,  0.00 
 0.00 ,  0.00 ,  0.00 
 0.00 ,  0.00 ,  0.00 
3891.19 ,  0.00 , 3618.81 
 0.00 ,  0.00 ,  0.00 
 0.00 ,  0.00 ,  0.00 
 0.00 , 266.83 , 178.15 
 0.00 , 589.39 , 394.87 
 0.00 , 739.63 , 496.32 
 0.00 ,  0.00 ,  0.00 
 0.00 ,  0.00 ,  0.00 
 0.00 ,  0.00 ,  0.00 
 0.00 ,  0.00 ,  0.00 
 0.00 ,  0.00 ,  0.00 
 0.00 ,  0.00 ,  0.00 
 0.00 ,  0.00 ,  0.00 
 0.00 , 114.59 , 76.38 
4457.95 , 9985.92 , 11757.37 
 0.00 , 3726.64 , 2582.88 
 0.00 , 1225.97 , 826.95 
 0.00 ,  0.00 ,  0.00 
 0.00 ,  0.00 ,  0.00 
 0.00 ,  0.00 ,  0.00 
 0.00 ,  0.00 ,  0.00 
 0.00 ,  0.00 ,  0.00 
3774.75 ,  0.00 , 3510.51 
 0.00 ,  0.00 ,  0.00 
 0.00 ,  0.00 ,  0.00 
 0.00 ,  0.00 ,  0.00 
 0.00 ,  0.00 ,  0.00 
 0.00 ,  0.00 ,  0.00 
 0.00 ,  0.00 ,  0.00 
 0.00 ,  0.00 ,  0.00 
 0.00 ,  0.00 ,  0.00 
3817.44 ,  0.00 , 3550.22 
 0.00 ,  0.00 ,  0.00 
 0.00 ,  0.00 ,  0.00 
 0.00 ,  0.00 ,  0.00 
 0.00 ,  0.00 ,  0.00 
 0.00 ,  0.00 ,  0.00 
 0.00 ,  0.00 ,  0.00 
 0.00 , 8408.20 , 6144.04 
 0.00 , 2656.65 , 1819.86 
 0.00 ,  0.00 ,  0.00 
 0.00 ,  0.00 ,  0.00 
 0.00 ,  0.00 ,  0.00 
4128.73 ,  0.00 , 3839.72 
 0.00 ,  0.00 ,  0.00 
 0.00 ,  0.00 ,  0.00 
 0.00 ,  0.00 ,  0.00 
 0.00 ,  0.00 ,  0.00 
 0.00 ,  0.00 ,  0.00 
 0.00 ,  0.00 ,  0.00 
 0.00 ,  0.00 ,  0.00 
 0.00 ,  0.00 ,  0.00 
3907.23 ,  0.00 , 3633.72 
 0.00 , 237.94 , 158.82 
 0.00 ,  0.00 ,  0.00 
 0.00 ,  0.00 ,  0.00 
 0.00 ,  0.00 ,  0.00 
 0.00 ,  0.00 ,  0.00 
 0.00 ,  0.00 ,  0.00 
 0.00 ,  0.00 ,  0.00 
 0.00 ,  0.00 ,  0.00 
 0.00 ,  0.00 ,  0.00 
 0.00 , 6825.46 , 4897.59 
 0.00 , 2344.72 , 1600.75 
 0.00 , 757.47 , 508.38 
4155.42 ,  0.00 , 3864.54 
 0.00 ,  0.00 ,  0.00 
 0.00 ,  0.00 ,  0.00 
 0.00 ,  0.00 ,  0.00 
 0.00 , 323.56 , 216.16 
 0.00 , 529.88 , 354.78 
 0.00 , 618.32 , 414.38 
 0.00 , 928.39 , 624.23 
 0.00 , 1030.39 , 693.57 
3821.92 , 835.68 , 4116.56 
 0.00 , 908.48 , 610.72 
 0.00 , 991.50 , 667.12 
 0.00 , 1096.47 , 738.57 
 0.00 ,  0.00 ,  0.00 
 0.00 ,  0.00 ,  0.00 
 0.00 ,  0.00 ,  0.00 
 0.00 ,  0.00 ,  0.00 
 0.00 ,  0.00 ,  0.00 
 0.00 ,  0.00 ,  0.00 
 0.00 ,  0.00 ,  0.00 
 0.00 ,  0.00 ,  0.00 
 0.00 , 8934.34 , 6568.59 
4050.76 , 3348.46 , 6093.50 
 0.00 , 2961.42 , 2035.38 
 0.00 , 2697.00 , 1848.31 
 0.00 , 2378.61 , 1624.49 
 0.00 , 1966.34 , 1336.94 
 0.00 , 1599.14 , 1082.99 
 0.00 , 966.44 , 650.08 
 0.00 , 749.50 , 502.99 
 0.00 , 1075.81 , 724.49 
3891.19 , 1667.31 , 4752.23 
 0.00 , 1875.48 , 1273.92 
 0.00 , 1517.83 , 1027.02 
 0.00 , 1508.11 , 1020.34 
 0.00 , 1501.75 , 1015.97 
 0.00 , 1576.89 , 1067.66 
 0.00 ,  0.00 ,  0.00 
 0.00 ,  0.00 ,  0.00 
 0.00 ,  0.00 ,  0.00 
 0.00 ,  0.00 ,  0.00 
 0.00 ,  0.00 ,  0.00 
 0.00 ,  0.00 ,  0.00 
 0.00 ,  0.00 ,  0.00 
 0.00 ,  0.00 ,  0.00 
4457.95 , 8540.76 , 10522.18 
 0.00 , 3049.24 , 2097.74 
 0.00 , 2887.72 , 1983.13 
 0.00 , 2260.08 , 1541.56 
 0.00 , 1837.15 , 1247.37 
 0.00 , 1702.85 , 1154.52 
 0.00 , 1675.45 , 1135.60 
 0.00 , 1807.00 , 1226.50 
3774.75 , 1879.55 , 4791.50 
 0.00 , 1857.89 , 1261.74 
 0.00 , 1941.74 , 1319.87 
 0.00 , 2000.59 , 1360.74 
 0.00 , 1634.13 , 1107.11 
 0.00 , 1601.39 , 1084.54 
 0.00 , 1655.71 , 1121.98 
 0.00 , 1719.13 , 1165.76 
 0.00 ,  0.00 ,  0.00 
3817.44 ,  0.00 , 3550.22 
 0.00 ,  0.00 ,  0.00 
 0.00 ,  0.00 ,  0.00 
 0.00 ,  0.00 ,  0.00 
 0.00 ,  0.00 ,  0.00 
 0.00 ,  0.00 ,  0.00 
 0.00 ,  0.00 ,  0.00 
 0.00 , 9921.66 , 7379.51 
 0.00 , 3417.55 , 2360.62 
 0.00 , 2597.65 , 1778.31 
 0.00 , 1581.11 , 1070.57 
 0.00 , 1076.75 , 725.14 
4128.73 , 1007.21 , 4518.85 
 0.00 , 821.86 , 551.98 
 0.00 , 680.68 , 456.47 
 0.00 , 803.57 , 539.59 
 0.00 , 1225.05 , 826.32 
 0.00 , 1511.57 , 1022.72 
 0.00 , 1616.18 , 1094.73 
 0.00 , 1388.27 , 938.06 
 0.00 , 1453.37 , 982.73 
3907.23 , 1518.85 , 4664.30 
 0.00 , 1596.96 , 1081.49 
 0.00 ,  0.00 ,  0.00 
 0.00 ,  0.00 ,  0.00 
 0.00 ,  0.00 ,  0.00 
 0.00 ,  0.00 ,  0.00 
 0.00 ,  0.00 ,  0.00 
 0.00 ,  0.00 ,  0.00 
 0.00 ,  0.00 ,  0.00 
 0.00 ,  0.00 ,  0.00 
 0.00 , 9933.00 , 7388.93 
 0.00 , 3401.10 , 2348.84 
 0.00 , 3019.19 , 2076.39 
4104.56 , 2635.07 , 5631.25 
 0.00 , 2038.55 , 1387.13 
 0.00 , 1658.54 , 1123.94 
 0.00 , 1645.54 , 1114.97 
 0.00 , 1903.17 , 1293.12 
 0.00 , 2238.52 , 1526.49 
 0.00 , 2406.45 , 1643.99 
 0.00 , 2540.95 , 1738.42 
 0.00 , 2531.27 , 1731.61 
3759.92 , 2201.50 , 5003.21 
 0.00 , 2172.29 , 1480.27 
 0.00 , 2231.38 , 1521.50 
 0.00 , 2220.42 , 1513.85 
 0.00 ,  0.00 ,  0.00 
 0.00 ,  0.00 ,  0.00 
 0.00 ,  0.00 ,  0.00 
 0.00 ,  0.00 ,  0.00 
 0.00 ,  0.00 ,  0.00 
 0.00 , 145.50 , 97.02 
 0.00 , 668.86 , 448.49 
 0.00 , 870.85 , 585.19 
 0.00 , 10496.02 , 7860.00 
3987.88 , 4194.96 , 6655.05 
 0.00 , 2036.91 , 1385.99 
 0.00 , 795.50 , 534.12 
 0.00 ,  0.00 ,  0.00 
 0.00 ,  0.00 ,  0.00 
 0.00 ,  0.00 ,  0.00 
 0.00 ,  0.00 ,  0.00 
 0.00 ,  0.00 ,  0.00 
 0.00 ,  0.00 ,  0.00 
3827.93 , 171.59 , 3674.46 
 0.00 , 988.40 , 665.01 
 0.00 , 1376.15 , 929.74 
 0.00 , 1556.66 , 1053.74 
 0.00 , 1752.72 , 1188.96 
 0.00 , 1865.88 , 1267.27 
 0.00 ,  0.00 ,  0.00 
 0.00 ,  0.00 ,  0.00 
 0.00 ,  0.00 ,  0.00 
 0.00 ,  0.00 ,  0.00 
 0.00 ,  0.00 ,  0.00 
 0.00 , 152.44 , 101.66 
 0.00 , 795.84 , 534.36 
 0.00 , 958.28 , 644.53 
4388.46 , 10273.67 , 11941.26 
 0.00 , 4088.99 , 2845.36 
 0.00 , 1700.87 , 1153.14 
 0.00 , 752.85 , 505.26 
 0.00 , 627.09 , 420.29 
 0.00 , 562.62 , 376.83 
 0.00 , 261.84 , 174.82 
 0.00 , 301.37 , 201.29 
 0.00 ,  0.00 ,  0.00 
4059.58 ,  0.00 , 3775.41 
 0.00 , 323.00 , 215.78 
 0.00 , 1518.16 , 1027.25 
 0.00 , 1760.15 , 1194.10 
 0.00 , 1882.93 , 1279.09 
 0.00 , 2001.21 , 1361.17 
 0.00 , 2111.89 , 1438.17 
 0.00 ,  0.00 ,  0.00 
 0.00 ,  0.00 ,  0.00 
 0.00 ,  0.00 ,  0.00 
 0.00 ,  0.00 ,  0.00 
 0.00 ,  0.00 ,  0.00 
 0.00 , 108.93 , 72.61 
 0.00 , 518.76 , 347.29 
3908.87 , 608.78 , 4043.64 
 0.00 , 10472.09 , 7839.85 
 0.00 , 4105.31 , 2857.23 
 0.00 , 3778.07 , 2620.00 
 0.00 , 3353.74 , 2314.93 
 0.00 , 3072.16 , 2114.04 
 0.00 , 2954.94 , 2030.78 
3910.06 , 2800.42 , 5567.73 
 0.00 , 2701.77 , 1851.67 
 0.00 , 2804.92 , 1924.53 
 0.00 , 3140.56 , 2162.72 
 0.00 , 3134.13 , 2158.15 
 0.00 , 2973.15 , 2043.70 
 0.00 , 2721.03 , 1865.27 
 0.00 , 2672.55 , 1831.07 
 0.00 , 2725.04 , 1868.10 
3844.00 , 2693.89 , 5430.11 
 0.00 ,  0.00 ,  0.00 
 0.00 ,  0.00 ,  0.00 
 0.00 ,  0.00 ,  0.00 
 0.00 ,  0.00 ,  0.00 
 0.00 , 209.92 , 140.07 
 0.00 , 697.22 , 467.65 
 0.00 , 840.93 , 564.90 
 0.00 , 933.92 , 627.99 
 0.00 , 10496.02 , 7860.00 
 0.00 , 4394.21 , 3068.09 
 0.00 , 3264.00 , 2250.77 
 0.00 , 2647.72 , 1813.56 
4176.72 , 2724.79 , 5762.51 
 0.00 , 2665.23 , 1825.91 
 0.00 , 2228.67 , 1519.61 
 0.00 , 1812.05 , 1230.00 
 0.00 , 1749.93 , 1187.03 
 0.00 , 2100.06 , 1429.93 
 0.00 , 2509.17 , 1716.08 
 0.00 , 2700.31 , 1850.64 
 0.00 , 2537.62 , 1736.08 
3763.84 , 2582.32 , 5276.00 
 0.00 , 2586.06 , 1770.15 
 0.00 , 2656.34 , 1819.64 
 0.00 ,  0.00 ,  0.00 
 0.00 ,  0.00 ,  0.00 
 0.00 ,  0.00 ,  0.00 
 0.00 ,  0.00 ,  0.00 
 0.00 ,  0.00 ,  0.00 
 0.00 , 489.04 , 327.29 
 0.00 , 664.11 , 445.28 
 0.00 , 799.06 , 536.53 
 0.00 , 10496.02 , 7860.00 
 0.00 , 4346.66 , 3033.29 
4079.03 , 3975.41 , 6578.20 
 0.00 , 2832.62 , 1944.12 
 0.00 , 1354.63 , 914.99 
 0.00 , 1455.64 , 984.29 
 0.00 , 1985.15 , 1350.01 
 0.00 , 2074.52 , 1412.15 
 0.00 , 2218.84 , 1512.75 
 0.00 , 2289.89 , 1562.39 
 0.00 , 2401.49 , 1640.52 
 0.00 , 2552.23 , 1746.35 
4260.87 , 2390.82 , 5603.66 
 0.00 , 2453.42 , 1676.94 
 0.00 , 2520.09 , 1723.75 
 0.00 , 2589.78 , 1772.77 
 0.00 ,  0.00 ,  0.00 
 0.00 ,  0.00 ,  0.00 
 0.00 ,  0.00 ,  0.00 
 0.00 ,  0.00 ,  0.00 
 0.00 , 211.30 , 141.00 
 0.00 , 832.56 , 559.23 
 0.00 , 985.19 , 662.83 
 0.00 , 1349.53 , 911.50 
 0.00 , 10496.02 , 7860.00 
3987.88 , 4334.30 , 6758.48 
 0.00 , 2877.83 , 1976.13 
 0.00 , 1724.51 , 1169.47 
 0.00 , 1378.86 , 931.60 
 0.00 , 573.40 , 384.09 
 0.00 ,  0.00 ,  0.00 
 0.00 ,  0.00 ,  0.00 
 0.00 ,  0.00 ,  0.00 
 0.00 , 124.90 , 83.27 
3827.93 , 1566.26 , 4623.30 
 0.00 , 2049.38 , 1394.66 
 0.00 , 2034.58 , 1384.37 
 0.00 , 2129.40 , 1450.37 
 0.00 , 2229.42 , 1520.14 
 0.00 , 2326.28 , 1587.85 
 0.00 ,  0.00 ,  0.00 
 0.00 ,  0.00 ,  0.00 
 0.00 ,  0.00 ,  0.00 
 0.00 ,  0.00 ,  0.00 
 0.00 ,  0.00 ,  0.00 
 0.00 , 622.17 , 416.98 
 0.00 , 927.98 , 623.96 
 0.00 , 1176.24 , 792.98 
4388.46 , 10273.67 , 11941.26 
 0.00 , 3366.73 , 2324.23 
 0.00 , 1381.60 , 933.48 
 0.00 , 1317.80 , 889.77 
 0.00 , 1772.32 , 1202.51 
 0.00 , 1353.71 , 914.37 
 0.00 , 1260.65 , 850.66 
 0.00 , 1474.18 , 997.03 
 0.00 , 1659.10 , 1124.32 
4059.58 , 2138.03 , 5237.80 
 0.00 , 2580.45 , 1766.19 
 0.00 , 2864.52 , 1966.70 
 0.00 , 2874.11 , 1973.49 
 0.00 , 2991.29 , 2056.58 
 0.00 , 3173.53 , 2186.22 
 0.00 , 3277.16 , 2260.17 
 0.00 ,  0.00 ,  0.00 
 0.00 ,  0.00 ,  0.00 
 0.00 ,  0.00 ,  0.00 
 0.00 , 469.68 , 314.27 
 0.00 , 997.18 , 670.98 
 0.00 , 1100.05 , 741.02 
 0.00 , 1535.73 , 1039.34 
3908.87 , 1864.55 , 4905.94 
 0.00 , 10496.02 , 7860.00 
 0.00 , 2362.34 , 1613.09 
 0.00 , 679.78 , 455.86 
 0.00 ,  0.00 ,  0.00 
 0.00 ,  0.00 ,  0.00 
 0.00 ,  0.00 ,  0.00 
3910.06 ,  0.00 , 3636.35 
 0.00 ,  0.00 ,  0.00 
 0.00 ,  0.00 ,  0.00 
 0.00 ,  0.00 ,  0.00 
 0.00 ,  0.00 ,  0.00 
 0.00 , 778.36 , 522.52 
 0.00 , 1914.77 , 1301.16 
 0.00 , 2205.99 , 1503.78 
 0.00 , 2365.06 , 1614.99 
3844.00 , 2575.38 , 5345.81 
 0.00 ,  0.00 ,  0.00 
 0.00 ,  0.00 ,  0.00 
 0.00 ,  0.00 ,  0.00 
 0.00 ,  0.00 ,  0.00 
 0.00 , 446.43 , 298.64 
 0.00 , 816.87 , 548.60 
 0.00 , 924.52 , 621.61 
 0.00 , 1135.17 , 764.96 
 0.00 , 10496.02 , 7860.00 
 0.00 , 4517.39 , 3158.41 
 0.00 , 3173.77 , 2186.39 
 0.00 , 1736.39 , 1177.68 
4176.72 , 1136.80 , 4652.14 
 0.00 , 1071.49 , 721.55 
 0.00 , 783.51 , 526.01 
 0.00 , 903.39 , 607.26 
 0.00 , 1708.29 , 1158.27 
 0.00 , 2251.44 , 1535.51 
 0.00 , 2466.59 , 1686.18 
 0.00 , 2677.69 , 1834.69 
 0.00 , 2441.02 , 1668.23 
3763.84 , 2451.86 , 5183.50 
 0.00 , 2461.37 , 1682.52 
 0.00 , 2459.37 , 1681.11 
 0.00 ,  0.00 ,  0.00 
 0.00 ,  0.00 ,  0.00 
 0.00 ,  0.00 ,  0.00 
 0.00 ,  0.00 ,  0.00 
 0.00 ,  0.00 ,  0.00 
 0.00 , 184.35 , 122.98 
 0.00 , 561.24 , 375.90 
 0.00 , 645.27 , 432.56 
 0.00 , 10490.31 , 7855.20 
 0.00 , 3620.05 , 2506.06 
4079.03 , 3057.62 , 5909.85 
 0.00 , 2679.98 , 1836.31 
 0.00 , 2439.70 , 1667.31 
 0.00 , 2360.48 , 1611.78 
 0.00 , 1406.38 , 950.48 
 0.00 , 978.46 , 658.26 
 0.00 , 1486.20 , 1005.29 
 0.00 , 1994.84 , 1356.75 
 0.00 , 2354.94 , 1607.90 
 0.00 , 2383.45 , 1627.88 
4260.87 , 2143.01 , 5428.86 
 0.00 , 2135.89 , 1454.89 
 0.00 , 2199.06 , 1498.94 
 0.00 , 2267.97 , 1547.07 
 0.00 ,  0.00 ,  0.00 
 0.00 ,  0.00 ,  0.00 
 0.00 ,  0.00 ,  0.00 
 0.00 ,  0.00 ,  0.00 
 0.00 ,  0.00 ,  0.00 
 0.00 ,  1.42 ,  0.95 
 0.00 , 497.10 , 332.71 
 0.00 , 653.00 , 437.78 
 0.00 , 10496.02 , 7860.00 
3987.88 , 4191.32 , 6652.36 
 0.00 , 3568.85 , 2469.23 
 0.00 , 3067.44 , 2110.68 
 0.00 , 2806.80 , 1925.86 
 0.00 , 2983.76 , 2051.23 
 0.00 , 3355.51 , 2316.19 
 0.00 , 3182.82 , 2192.85 
 0.00 , 2593.36 , 1775.29 
 0.00 , 2617.40 , 1792.20 
3827.93 , 2818.90 , 5504.31 
 0.00 , 2832.63 , 1944.13 
 0.00 , 2643.56 , 1810.63 
 0.00 , 2696.68 , 1848.09 
 0.00 , 2757.23 , 1890.82 
 0.00 , 2820.90 , 1935.83 
 0.00 ,  0.00 ,  0.00 
 0.00 ,  0.00 ,  0.00 
 0.00 ,  0.00 ,  0.00 
 0.00 ,  0.00 ,  0.00 
 0.00 , 303.68 , 202.84 
 0.00 , 799.66 , 536.94 
 0.00 , 946.17 , 636.31 
 0.00 , 1328.64 , 897.19 
4388.46 , 10273.67 , 11941.26 
 0.00 , 4261.29 , 2970.90 
 0.00 , 2165.14 , 1475.28 
 0.00 , 758.58 , 509.14 
 0.00 , 11.25 ,  7.49 
 0.00 , 109.40 , 72.92 
 0.00 , 487.56 , 326.29 
 0.00 , 554.89 , 371.62 
 0.00 , 495.01 , 331.30 
4059.58 , 285.94 , 3966.47 
 0.00 , 659.25 , 442.00 
 0.00 , 1626.86 , 1102.09 
 0.00 , 1742.09 , 1181.62 
 0.00 , 1939.10 , 1318.04 
 0.00 , 2043.60 , 1390.64 
 0.00 , 2219.77 , 1513.40 
 0.00 ,  0.00 ,  0.00 
 0.00 ,  0.00 ,  0.00 
 0.00 ,  0.00 ,  0.00 
 0.00 ,  0.00 ,  0.00 
 0.00 ,  0.00 ,  0.00 
 0.00 , 555.39 , 371.96 
 0.00 , 921.86 , 619.80 
3908.87 , 1079.55 , 4363.73 
 0.00 , 10496.02 , 7860.00 
 0.00 , 2379.13 , 1624.85 
 0.00 , 489.09 , 327.32 
 0.00 ,  0.00 ,  0.00 
 0.00 ,  0.00 ,  0.00 
 0.00 ,  0.00 ,  0.00 
3910.06 ,  0.00 , 3636.35 
 0.00 ,  0.00 ,  0.00 
 0.00 ,  0.00 ,  0.00 
 0.00 ,  0.00 ,  0.00 
 0.00 ,  0.00 ,  0.00 
 0.00 ,  0.00 ,  0.00 
 0.00 ,  0.00 ,  0.00 
 0.00 ,  0.00 ,  0.00 
 0.00 , 336.04 , 224.53 
3844.00 , 783.08 , 4101.37 
 0.00 ,  0.00 ,  0.00 
 0.00 ,  0.00 ,  0.00 
 0.00 ,  0.00 ,  0.00 
 0.00 ,  0.00 ,  0.00 
 0.00 ,  0.00 ,  0.00 
 0.00 ,  0.00 ,  0.00 
 0.00 ,  0.00 ,  0.00 
 0.00 ,  0.00 ,  0.00 
 0.00 , 9831.99 , 7305.08 
 0.00 , 3426.08 , 2366.73 
 0.00 , 2906.79 , 1996.64 
 0.00 , 1760.20 , 1194.13 
4176.72 , 599.73 , 4286.66 
 0.00 ,  0.00 ,  0.00 
 0.00 ,  0.00 ,  0.00 
 0.00 ,  0.00 ,  0.00 
 0.00 ,  0.00 ,  0.00 
 0.00 ,  0.00 ,  0.00 
 0.00 ,  0.00 ,  0.00 
 0.00 ,  0.00 ,  0.00 
 0.00 ,  0.00 ,  0.00 
3763.84 , 26.22 , 3517.83 
 0.00 , 600.71 , 402.50 
 0.00 , 697.85 , 468.07 
 0.00 ,  0.00 ,  0.00 
 0.00 ,  0.00 ,  0.00 
 0.00 ,  0.00 ,  0.00 
 0.00 ,  0.00 ,  0.00 
 0.00 ,  0.00 ,  0.00 
 0.00 ,  0.00 ,  0.00 
 0.00 ,  0.00 ,  0.00 
 0.00 ,  0.00 ,  0.00 
 0.00 , 9505.38 , 7035.31 
 0.00 , 2320.45 , 1583.77 
4079.03 , 480.58 , 4115.39 
 0.00 ,  0.00 ,  0.00 
 0.00 ,  0.00 ,  0.00 
 0.00 ,  0.00 ,  0.00 
 0.00 ,  0.00 ,  0.00 
 0.00 ,  0.00 ,  0.00 
 0.00 ,  0.00 ,  0.00 
 0.00 ,  0.00 ,  0.00 
 0.00 ,  0.00 ,  0.00 
 0.00 ,  0.00 ,  0.00 
4260.87 ,  0.00 , 3962.61 
 0.00 ,  0.00 ,  0.00 
 0.00 ,  0.00 ,  0.00 
 0.00 ,  0.00 ,  0.00 
 0.00 ,  0.00 ,  0.00 
 0.00 ,  0.00 ,  0.00 
 0.00 ,  0.00 ,  0.00 
 0.00 ,  0.00 ,  0.00 
 0.00 ,  0.00 ,  0.00 
 0.00 ,  0.00 ,  0.00 
 0.00 ,  0.00 ,  0.00 
 0.00 ,  0.00 ,  0.00 
 0.00 , 4977.31 , 3497.82 
3987.88 ,  0.00 , 3708.73 
 0.00 ,  0.00 ,  0.00 
 0.00 ,  0.00 ,  0.00 
 0.00 ,  0.00 ,  0.00 
 0.00 ,  0.00 ,  0.00 
 0.00 ,  0.00 ,  0.00 
 0.00 ,  0.00 ,  0.00 
 0.00 ,  0.00 ,  0.00 
 0.00 ,  0.00 ,  0.00 
3827.93 ,  0.00 , 3559.97 
 0.00 ,  0.00 ,  0.00 
 0.00 ,  0.00 ,  0.00 
 0.00 ,  0.00 ,  0.00 
 0.00 ,  0.00 ,  0.00 
 0.00 ,  0.00 ,  0.00 
 0.00 ,  0.00 ,  0.00 
 0.00 ,  0.00 ,  0.00 
 0.00 ,  0.00 ,  0.00 
 0.00 ,  0.00 ,  0.00 
 0.00 ,  0.00 ,  0.00 
 0.00 ,  0.00 ,  0.00 
 0.00 ,  0.00 ,  0.00 
 0.00 ,  0.00 ,  0.00 
4388.46 , 4535.03 , 7284.09 
 0.00 , 238.40 , 159.13 
 0.00 ,  0.00 ,  0.00 
 0.00 ,  0.00 ,  0.00 
 0.00 ,  0.00 ,  0.00 
 0.00 ,  0.00 ,  0.00 
 0.00 ,  0.00 ,  0.00 
 0.00 ,  0.00 ,  0.00 
 0.00 ,  0.00 ,  0.00 
4059.58 ,  0.00 , 3775.41 
 0.00 ,  0.00 ,  0.00 
 0.00 ,  0.00 ,  0.00 
 0.00 ,  0.00 ,  0.00 
 0.00 ,  0.00 ,  0.00 
 0.00 ,  0.00 ,  0.00 
 0.00 ,  0.00 ,  0.00 
 0.00 ,  0.00 ,  0.00 
 0.00 ,  0.00 ,  0.00 
 0.00 ,  0.00 ,  0.00 
 0.00 ,  0.00 ,  0.00 
 0.00 ,  0.00 ,  0.00 
 0.00 ,  0.00 ,  0.00 
 0.00 ,  0.00 ,  0.00 
3908.87 ,  0.00 , 3635.25 
 0.00 , 2284.47 , 1558.60 
 0.00 ,  0.00 ,  0.00 
 0.00 ,  0.00 ,  0.00 
 0.00 ,  0.00 ,  0.00 
 0.00 ,  0.00 ,  0.00 
 0.00 ,  0.00 ,  0.00 
3910.06 ,  0.00 , 3636.35 
 0.00 ,  0.00 ,  0.00 
 0.00 ,  0.00 ,  0.00 
 0.00 ,  0.00 ,  0.00 
 0.00 ,  0.00 ,  0.00 
 0.00 ,  0.00 ,  0.00 
 0.00 ,  0.00 ,  0.00 
 0.00 ,  0.00 ,  0.00 
 0.00 ,  0.00 ,  0.00 
3844.00 ,  0.00 , 3574.92 
 0.00 ,  0.00 ,  0.00 
 0.00 ,  0.00 ,  0.00 
 0.00 ,  0.00 ,  0.00 
 0.00 ,  0.00 ,  0.00 
 0.00 ,  0.00 ,  0.00 
 0.00 ,  0.00 ,  0.00 
 0.00 ,  0.00 ,  0.00 
 0.00 ,  0.00 ,  0.00 
 0.00 , 2543.27 , 1740.04 
 0.00 ,  0.00 ,  0.00 
 0.00 ,  0.00 ,  0.00 
 0.00 ,  0.00 ,  0.00 
4176.72 ,  0.00 , 3884.35 
 0.00 ,  0.00 ,  0.00 
 0.00 ,  0.00 ,  0.00 
 0.00 ,  0.00 ,  0.00 
 0.00 ,  0.00 ,  0.00 
 0.00 ,  0.00 ,  0.00 
 0.00 ,  0.00 ,  0.00 
 0.00 ,  0.00 ,  0.00 
 0.00 ,  0.00 ,  0.00 
3763.84 ,  0.00 , 3500.37 
 0.00 ,  0.00 ,  0.00 
 0.00 , 321.39 , 214.71 
 0.00 ,  0.00 ,  0.00 
 0.00 ,  0.00 ,  0.00 
 0.00 ,  0.00 ,  0.00 
 0.00 ,  0.00 ,  0.00 
 0.00 ,  0.00 ,  0.00 
 0.00 ,  0.00 ,  0.00 
 0.00 ,  0.00 ,  0.00 
 0.00 ,  0.00 ,  0.00 
 0.00 , 5895.66 , 4186.08 
 0.00 , 366.96 , 245.27 
4079.03 ,  0.00 , 3793.50 
 0.00 ,  0.00 ,  0.00 
 0.00 ,  0.00 ,  0.00 
 0.00 ,  0.00 ,  0.00 
 0.00 ,  0.00 ,  0.00 
 0.00 ,  0.00 ,  0.00 
 0.00 ,  0.00 ,  0.00 
 0.00 ,  0.00 ,  0.00 
 0.00 ,  0.00 ,  0.00 
 0.00 ,  0.00 ,  0.00 
4260.87 ,  0.00 , 3962.61 
 0.00 ,  0.00 ,  0.00 
 0.00 ,  0.00 ,  0.00 
 0.00 ,  0.00 ,  0.00 
 0.00 ,  0.00 ,  0.00 
 0.00 ,  0.00 ,  0.00 
 0.00 ,  0.00 ,  0.00 
 0.00 ,  0.00 ,  0.00 
 0.00 ,  0.00 ,  0.00 
 0.00 ,  0.00 ,  0.00 
 0.00 ,  0.00 ,  0.00 
 0.00 ,  0.00 ,  0.00 
 0.00 , 5017.06 , 3527.33 
3987.88 ,  7.88 , 3713.98 
 0.00 ,  0.00 ,  0.00 
 0.00 ,  0.00 ,  0.00 
 0.00 ,  0.00 ,  0.00 
 0.00 ,  0.00 ,  0.00 
 0.00 ,  0.00 ,  0.00 
 0.00 ,  0.00 ,  0.00 
 0.00 ,  0.00 ,  0.00 
 0.00 ,  0.00 ,  0.00 
3827.93 ,  0.00 , 3559.97 
 0.00 ,  0.00 ,  0.00 
 0.00 ,  0.00 ,  0.00 
 0.00 ,  0.00 ,  0.00 
 0.00 ,  0.00 ,  0.00 
 0.00 ,  0.00 ,  0.00 
 0.00 ,  0.00 ,  0.00 
 0.00 ,  0.00 ,  0.00 
 0.00 ,  0.00 ,  0.00 
 0.00 ,  0.00 ,  0.00 
 0.00 ,  0.00 ,  0.00 
 0.00 ,  0.00 ,  0.00 
 0.00 ,  0.00 ,  0.00 
 0.00 ,  0.00 ,  0.00 
4388.46 , 3074.55 , 6210.97 
 0.00 , 758.39 , 509.01 
 0.00 , 336.86 , 225.08 
 0.00 ,  0.00 ,  0.00 
 0.00 ,  0.00 ,  0.00 
 0.00 ,  0.00 ,  0.00 
 0.00 ,  0.00 ,  0.00 
 0.00 ,  0.00 ,  0.00 
 0.00 ,  0.00 ,  0.00 
4059.58 ,  0.00 , 3775.41 
 0.00 ,  0.00 ,  0.00 
 0.00 ,  0.00 ,  0.00 
 0.00 ,  0.00 ,  0.00 
 0.00 ,  0.00 ,  0.00 
 0.00 ,  0.00 ,  0.00 
 0.00 ,  0.00 ,  0.00 
 0.00 ,  0.00 ,  0.00 
 0.00 ,  0.00 ,  0.00 
 0.00 ,  0.00 ,  0.00 
 0.00 ,  0.00 ,  0.00 
 0.00 ,  0.00 ,  0.00 
 0.00 ,  0.00 ,  0.00 
 0.00 ,  0.00 ,  0.00 
3908.87 ,  0.00 , 3635.25 
 0.00 , 4748.36 , 3328.43 
 0.00 , 1066.92 , 718.44 
 0.00 ,  0.00 ,  0.00 
 0.00 ,  0.00 ,  0.00 
 0.00 ,  0.00 ,  0.00 
 0.00 ,  0.00 ,  0.00 
3910.06 ,  0.00 , 3636.35 
 0.00 ,  0.00 ,  0.00 
 0.00 ,  0.00 ,  0.00 
 0.00 ,  0.00 ,  0.00 
 0.00 ,  0.00 ,  0.00 
 0.00 ,  0.00 ,  0.00 
 0.00 ,  0.00 ,  0.00 
 0.00 ,  0.00 ,  0.00 
 0.00 ,  0.00 ,  0.00 
3844.00 ,  0.00 , 3574.92 
 0.00 ,  0.00 ,  0.00 
 0.00 ,  0.00 ,  0.00 
 0.00 ,  0.00 ,  0.00 
 0.00 ,  0.00 ,  0.00 
 0.00 ,  0.00 ,  0.00 
 0.00 ,  0.00 ,  0.00 
 0.00 ,  0.00 ,  0.00 
 0.00 ,  0.00 ,  0.00 
 0.00 , 2785.38 , 1910.71 
 0.00 , 999.36 , 672.46 
 0.00 , 846.42 , 568.62 
 0.00 , 640.33 , 429.23 
4176.72 , 469.77 , 4198.97 
 0.00 , 699.42 , 469.13 
 0.00 , 767.58 , 515.22 
 0.00 , 626.79 , 420.09 
 0.00 , 633.69 , 424.75 
 0.00 , 769.21 , 516.33 
 0.00 , 800.41 , 537.45 
 0.00 , 816.29 , 548.20 
 0.00 , 645.31 , 432.59 
3763.84 , 692.87 , 3965.64 
 0.00 , 695.43 , 466.44 
 0.00 , 752.08 , 504.74 
 0.00 ,  0.00 ,  0.00 
 0.00 ,  0.00 ,  0.00 
 0.00 ,  0.00 ,  0.00 
 0.00 ,  0.00 ,  0.00 
 0.00 ,  0.00 ,  0.00 
 0.00 ,  0.00 ,  0.00 
 0.00 ,  0.00 ,  0.00 
 0.00 ,  0.00 ,  0.00 
 0.00 , 9035.04 , 6650.44 
 0.00 , 443.66 , 296.78 
4079.03 ,  0.00 , 3793.50 
 0.00 ,  0.00 ,  0.00 
 0.00 ,  0.00 ,  0.00 
 0.00 ,  0.00 ,  0.00 
 0.00 ,  0.00 ,  0.00 
 0.00 ,  0.00 ,  0.00 
 0.00 ,  0.00 ,  0.00 
 0.00 ,  0.00 ,  0.00 
 0.00 ,  0.00 ,  0.00 
 0.00 ,  0.00 ,  0.00 
4260.87 ,  0.00 , 3962.61 
 0.00 ,  0.00 ,  0.00 
 0.00 ,  0.00 ,  0.00 
 0.00 ,  0.00 ,  0.00 
 0.00 ,  0.00 ,  0.00 
 0.00 ,  0.00 ,  0.00 
 0.00 ,  0.00 ,  0.00 
 0.00 ,  0.00 ,  0.00 
 0.00 ,  0.00 ,  0.00 
 0.00 ,  0.00 ,  0.00 
 0.00 ,  0.00 ,  0.00 
 0.00 ,  0.00 ,  0.00 
 0.00 , 6206.46 , 4422.25 
3987.88 , 1087.79 , 4442.88 
 0.00 , 124.98 , 83.32 
 0.00 ,  0.00 ,  0.00 
 0.00 ,  0.00 ,  0.00 
 0.00 ,  0.00 ,  0.00 
 0.00 ,  0.00 ,  0.00 
 0.00 ,  0.00 ,  0.00 
 0.00 ,  0.00 ,  0.00 
 0.00 ,  0.00 ,  0.00 
3827.93 ,  0.00 , 3559.97 
 0.00 ,  0.00 ,  0.00 
 0.00 ,  0.00 ,  0.00 
 0.00 ,  0.00 ,  0.00 
 0.00 ,  0.00 ,  0.00 
 0.00 ,  0.00 ,  0.00 
 0.00 ,  0.00 ,  0.00 
 0.00 ,  0.00 ,  0.00 
 0.00 ,  0.00 ,  0.00 
 0.00 ,  0.00 ,  0.00 
 0.00 ,  0.00 ,  0.00 
 0.00 ,  0.00 ,  0.00 
 0.00 ,  0.00 ,  0.00 
 0.00 ,  0.00 ,  0.00 
4388.46 , 2522.91 , 5816.27 
 0.00 , 584.68 , 391.69 
 0.00 ,  0.00 ,  0.00 
 0.00 ,  0.00 ,  0.00 
 0.00 ,  0.00 ,  0.00 
 0.00 ,  0.00 ,  0.00 
 0.00 ,  0.00 ,  0.00 
 0.00 ,  0.00 ,  0.00 
 0.00 ,  0.00 ,  0.00 
4059.58 ,  0.00 , 3775.41 
 0.00 ,  0.00 ,  0.00 
 0.00 ,  0.00 ,  0.00 
 0.00 ,  0.00 ,  0.00 
 0.00 , 71.57 , 47.69 
 0.00 , 275.69 , 184.09 
 0.00 , 359.50 , 240.26 
 0.00 ,  0.00 ,  0.00 
 0.00 ,  0.00 ,  0.00 
 0.00 ,  0.00 ,  0.00 
 0.00 ,  0.00 ,  0.00 
 0.00 ,  0.00 ,  0.00 
 0.00 ,  0.00 ,  0.00 
 0.00 ,  0.00 ,  0.00 
3908.87 ,  0.00 , 3635.25 
 0.00 , 5244.51 , 3696.62 
 0.00 , 1857.44 , 1261.42 
 0.00 , 1190.63 , 802.81 
 0.00 , 977.09 , 657.32 
 0.00 , 816.59 , 548.41 
 0.00 , 610.19 , 408.89 
3910.06 , 557.97 , 4010.42 
 0.00 , 160.03 , 106.72 
 0.00 , 18.90 , 12.59 
 0.00 , 81.60 , 54.37 
 0.00 , 409.69 , 273.95 
 0.00 , 619.29 , 415.03 
 0.00 , 566.94 , 379.74 
 0.00 , 648.05 , 434.44 
 0.00 , 714.87 , 479.57 
3844.00 , 779.88 , 4099.20 
 0.00 ,  0.00 ,  0.00 
 0.00 ,  0.00 ,  0.00 
 0.00 ,  0.00 ,  0.00 
 0.00 ,  0.00 ,  0.00 
 0.00 ,  0.00 ,  0.00 
 0.00 ,  0.00 ,  0.00 
 0.00 ,  0.00 ,  0.00 
 0.00 ,  0.00 ,  0.00 
 0.00 , 7492.32 , 5417.24 
 0.00 , 2411.84 , 1647.77 
 0.00 , 1814.77 , 1231.88 
 0.00 , 1131.94 , 762.75 
4176.72 , 678.50 , 4339.96 
 0.00 , 503.20 , 336.81 
 0.00 , 135.02 , 90.02 
 0.00 ,  0.00 ,  0.00 
 0.00 ,  0.00 ,  0.00 
 0.00 ,  0.00 ,  0.00 
 0.00 ,  0.00 ,  0.00 
 0.00 ,  0.00 ,  0.00 
 0.00 ,  0.00 ,  0.00 
3763.84 , 374.20 , 3750.66 
 0.00 , 473.55 , 316.87 
 0.00 , 547.76 , 366.82 
 0.00 ,  0.00 ,  0.00 
 0.00 ,  0.00 ,  0.00 
 0.00 ,  0.00 ,  0.00 
 0.00 ,  0.00 ,  0.00 
 0.00 ,  0.00 ,  0.00 
 0.00 ,  0.00 ,  0.00 
 0.00 ,  0.00 ,  0.00 
 0.00 ,  0.00 ,  0.00 
 0.00 , 5912.68 , 4198.97 
 0.00 , 925.82 , 622.49 
4079.03 ,  0.00 , 3793.50 
 0.00 ,  0.00 ,  0.00 
 0.00 ,  0.00 ,  0.00 
 0.00 ,  0.00 ,  0.00 
 0.00 ,  0.00 ,  0.00 
 0.00 ,  0.00 ,  0.00 
 0.00 ,  0.00 ,  0.00 
 0.00 ,  0.00 ,  0.00 
 0.00 ,  0.00 ,  0.00 
 0.00 , 275.62 , 184.04 
4260.87 , 348.54 , 4195.68 
 0.00 , 420.67 , 281.33 
 0.00 , 544.69 , 364.75 
 0.00 , 616.42 , 413.10 
 0.00 ,  0.00 ,  0.00 
 0.00 ,  0.00 ,  0.00 
 0.00 ,  0.00 ,  0.00 
 0.00 ,  0.00 ,  0.00 
 0.00 ,  0.00 ,  0.00 
 0.00 ,  0.00 ,  0.00 
 0.00 ,  0.00 ,  0.00 
 0.00 ,  0.00 ,  0.00 
 0.00 , 8842.10 , 6493.79 
3893.12 , 3050.86 , 5731.42 
 0.00 , 267.36 , 178.51 
 0.00 ,  0.00 ,  0.00 
 0.00 ,  0.00 ,  0.00 
 0.00 ,  0.00 ,  0.00 
 0.00 ,  0.00 ,  0.00 
 0.00 ,  0.00 ,  0.00 
 0.00 ,  0.00 ,  0.00 
 0.00 ,  0.00 ,  0.00 
 0.00 ,  0.00 ,  0.00 
4045.92 ,  0.00 , 3762.71 
 0.00 ,  0.00 ,  0.00 
 0.00 ,  0.00 ,  0.00 
 0.00 ,  0.00 ,  0.00 
 0.00 ,  0.00 ,  0.00 
 0.00 ,  0.00 ,  0.00 
 0.00 ,  0.00 ,  0.00 
 0.00 ,  0.00 ,  0.00 
 0.00 ,  0.00 ,  0.00 
 0.00 ,  0.00 ,  0.00 
 0.00 ,  0.00 ,  0.00 
 0.00 ,  0.00 ,  0.00 
 0.00 ,  0.00 ,  0.00 
3786.59 , 6346.38 , 8104.67 
 0.00 , 2440.69 , 1668.01 
 0.00 , 2104.11 , 1432.75 
 0.00 , 1654.28 , 1120.99 
 0.00 , 1532.67 , 1037.23 
 0.00 , 1148.11 , 773.79 
 0.00 , 855.53 , 574.80 
 0.00 , 238.31 , 159.06 
 0.00 , 331.38 , 221.41 
3860.28 , 525.74 , 3942.38 
 0.00 , 492.38 , 329.54 
 0.00 , 538.71 , 360.72 
 0.00 , 440.97 , 294.97 
 0.00 , 742.99 , 498.59 
 0.00 , 854.35 , 574.00 
 0.00 , 925.41 , 622.21 
 0.00 ,  0.00 ,  0.00 
 0.00 ,  0.00 ,  0.00 
 0.00 ,  0.00 ,  0.00 
 0.00 ,  0.00 ,  0.00 
 0.00 ,  0.00 ,  0.00 
 0.00 ,  0.00 ,  0.00 
 0.00 ,  0.00 ,  0.00 
 0.00 ,  0.00 ,  0.00 
4508.37 , 9683.91 , 11544.19 
 0.00 , 3575.15 , 2473.76 
 0.00 , 1219.88 , 822.79 
 0.00 , 1209.24 , 815.52 
 0.00 , 538.84 , 360.81 
 0.00 , 934.09 , 628.10 
 0.00 , 650.03 , 435.78 
 0.00 , 577.71 , 387.00 
 0.00 , 1162.00 , 783.26 
3860.28 , 1317.48 , 4481.72 
 0.00 , 1690.76 , 1146.17 
 0.00 , 2027.50 , 1379.44 
 0.00 , 1963.22 , 1334.78 
 0.00 , 2181.23 , 1486.50 
 0.00 , 2167.98 , 1477.26 
 0.00 , 2199.91 , 1499.54 
 0.00 ,  0.00 ,  0.00 
 0.00 ,  0.00 ,  0.00 
 0.00 ,  0.00 ,  0.00 
 0.00 ,  0.00 ,  0.00 
 0.00 ,  0.00 ,  0.00 
 0.00 ,  0.00 ,  0.00 
 0.00 ,  0.00 ,  0.00 
 0.00 ,  0.00 ,  0.00 
4508.37 , 8905.92 , 10878.29 
 0.00 , 2913.87 , 2001.66 
 0.00 , 2600.63 , 1780.40 
 0.00 , 2263.16 , 1543.70 
 0.00 , 1762.28 , 1195.57 
 0.00 , 1782.04 , 1209.23 
 0.00 , 1814.10 , 1231.41 
 0.00 , 1475.77 , 998.12 
 0.00 , 1343.70 , 907.51 
3860.28 , 1798.79 , 4814.86 
 0.00 , 1850.44 , 1256.57 
 0.00 , 1614.27 , 1093.41 
 0.00 , 1387.20 , 937.32 
 0.00 , 1456.98 , 985.21 
 0.00 , 1434.20 , 969.57 
 0.00 , 1417.15 , 957.86 
 0.00 ,  0.00 ,  0.00 
 0.00 ,  0.00 ,  0.00 
 0.00 ,  0.00 ,  0.00 
 0.00 ,  0.00 ,  0.00 
 0.00 ,  0.00 ,  0.00 
 0.00 ,  0.00 ,  0.00 
 0.00 ,  0.00 ,  0.00 
 0.00 ,  0.00 ,  0.00 
4508.37 , 7404.38 , 9634.14 
 0.00 , 2330.55 , 1590.83 
 0.00 , 1837.35 , 1247.51 
 0.00 , 1710.72 , 1159.94 
 0.00 , 1545.81 , 1046.27 
 0.00 , 713.86 , 478.89 
 0.00 , 215.58 , 143.86 
 0.00 , 16.05 , 10.69 
 0.00 ,  0.00 ,  0.00 
3860.28 ,  0.00 , 3590.06 
 0.00 , 23.20 , 15.45 
 0.00 , 313.56 , 209.46 
 0.00 , 312.01 , 208.42 
 0.00 , 444.74 , 297.50 
 0.00 , 509.51 , 341.06 
 0.00 , 567.80 , 380.32 
 0.00 ,  0.00 ,  0.00 
 0.00 ,  0.00 ,  0.00 
 0.00 ,  0.00 ,  0.00 
 0.00 ,  0.00 ,  0.00 
 0.00 ,  0.00 ,  0.00 
 0.00 ,  0.00 ,  0.00 
 0.00 ,  0.00 ,  0.00 
 0.00 ,  0.00 ,  0.00 
4508.37 , 7287.16 , 9539.21 
 0.00 , 2625.35 , 1797.80 
 0.00 , 565.76 , 378.94 
 0.00 ,  0.00 ,  0.00 
 0.00 ,  0.00 ,  0.00 
 0.00 ,  0.00 ,  0.00 
 0.00 ,  0.00 ,  0.00 
 0.00 ,  0.00 ,  0.00 
 0.00 ,  0.00 ,  0.00 
3860.28 ,  0.00 , 3590.06 
 0.00 ,  0.00 ,  0.00 
 0.00 ,  0.00 ,  0.00 
 0.00 ,  0.00 ,  0.00 
 0.00 ,  0.00 ,  0.00 
 0.00 ,  0.00 ,  0.00 
 0.00 , 112.12 , 74.74 
 0.00 ,  0.00 ,  0.00 
 0.00 ,  0.00 ,  0.00 
 0.00 ,  0.00 ,  0.00 
 0.00 ,  0.00 ,  0.00 
 0.00 ,  0.00 ,  0.00 
 0.00 ,  0.00 ,  0.00 
 0.00 ,  0.00 ,  0.00 
 0.00 ,  0.00 ,  0.00 
4508.37 , 6556.90 , 8954.77 
 0.00 , 1955.42 , 1329.37 
 0.00 ,  0.00 ,  0.00 
 0.00 ,  0.00 ,  0.00 
 0.00 ,  0.00 ,  0.00 
 0.00 ,  0.00 ,  0.00 
 0.00 ,  0.00 ,  0.00 
 0.00 ,  0.00 ,  0.00 
 0.00 ,  0.00 ,  0.00 
3860.28 ,  0.00 , 3590.06 
 0.00 ,  0.00 ,  0.00 
 0.00 ,  0.00 ,  0.00 
 0.00 ,  0.00 ,  0.00 
 0.00 ,  0.00 ,  0.00 
 0.00 ,  0.00 ,  0.00 
 0.00 ,  0.00 ,  0.00 
 0.00 ,  0.00 ,  0.00 
 0.00 ,  0.00 ,  0.00 
 0.00 ,  0.00 ,  0.00 
 0.00 ,  0.00 ,  0.00 
 0.00 ,  0.00 ,  0.00 
 0.00 ,  0.00 ,  0.00 
 0.00 ,  0.00 ,  0.00 
 0.00 ,  0.00 ,  0.00 
4508.37 , 1561.91 , 5253.72 
 0.00 , 661.58 , 443.57 
 0.00 ,  0.00 ,  0.00 
 0.00 ,  0.00 ,  0.00 
 0.00 ,  0.00 ,  0.00 
 0.00 ,  0.00 ,  0.00 
 0.00 ,  0.00 ,  0.00 
 0.00 ,  0.00 ,  0.00 
 0.00 ,  0.00 ,  0.00 
3860.28 ,  0.00 , 3590.06 
 0.00 ,  0.00 ,  0.00 
 0.00 ,  0.00 ,  0.00 
 0.00 ,  0.00 ,  0.00 
 0.00 ,  0.00 ,  0.00 
 0.00 ,  0.00 ,  0.00 
 0.00 ,  0.00 ,  0.00 
 0.00 ,  0.00 ,  0.00 
 0.00 ,  0.00 ,  0.00 
 0.00 ,  0.00 ,  0.00 
 0.00 ,  0.00 ,  0.00 
 0.00 ,  0.00 ,  0.00 
 0.00 ,  0.00 ,  0.00 
 0.00 ,  0.00 ,  0.00 
 0.00 ,  0.00 ,  0.00 
4508.37 , 576.97 , 4579.76 
 0.00 , 229.53 , 153.19 
 0.00 ,  0.00 ,  0.00 
 0.00 ,  0.00 ,  0.00 
 0.00 ,  0.00 ,  0.00 
 0.00 ,  0.00 ,  0.00 
 0.00 ,  0.00 ,  0.00 
 0.00 ,  0.00 ,  0.00 
 0.00 ,  0.00 ,  0.00 
3860.28 ,  0.00 , 3590.06 
 0.00 ,  0.00 ,  0.00 
 0.00 ,  0.00 ,  0.00 
 0.00 ,  0.00 ,  0.00 
 0.00 ,  0.00 ,  0.00 
 0.00 ,  0.00 ,  0.00 
 0.00 ,  0.00 ,  0.00 
 0.00 ,  0.00 ,  0.00 
 0.00 ,  0.00 ,  0.00 
 0.00 ,  0.00 ,  0.00 
 0.00 ,  0.00 ,  0.00 
 0.00 ,  0.00 ,  0.00 
 0.00 ,  0.00 ,  0.00 
 0.00 ,  0.00 ,  0.00 
 0.00 ,  0.00 ,  0.00 
4508.37 , 1029.57 , 4887.34 
 0.00 ,  0.00 ,  0.00 
 0.00 ,  0.00 ,  0.00 
 0.00 ,  0.00 ,  0.00 
 0.00 ,  0.00 ,  0.00 
 0.00 ,  0.00 ,  0.00 
 0.00 ,  0.00 ,  0.00 
 0.00 ,  0.00 ,  0.00 
 0.00 ,  0.00 ,  0.00 
3860.28 ,  0.00 , 3590.06 
 0.00 ,  0.00 ,  0.00 
 0.00 ,  0.00 ,  0.00 
 0.00 ,  0.00 ,  0.00 
 0.00 ,  0.00 ,  0.00 
 0.00 ,  0.00 ,  0.00 
 0.00 ,  0.00 ,  0.00 
 0.00 ,  0.00 ,  0.00 
 0.00 ,  0.00 ,  0.00 
 0.00 ,  0.00 ,  0.00 
 0.00 ,  0.00 ,  0.00 
 0.00 ,  0.00 ,  0.00 
 0.00 ,  0.00 ,  0.00 
 0.00 ,  0.00 ,  0.00 
 0.00 ,  0.00 ,  0.00 
4508.37 ,  0.00 , 4192.79 
 0.00 ,  0.00 ,  0.00 
 0.00 ,  0.00 ,  0.00 
 0.00 ,  0.00 ,  0.00 
 0.00 ,  0.00 ,  0.00 
 0.00 ,  0.00 ,  0.00 
 0.00 ,  0.00 ,  0.00 
 0.00 ,  0.00 ,  0.00 
 0.00 ,  0.00 ,  0.00 
3860.28 ,  0.00 , 3590.06 
 0.00 ,  0.00 ,  0.00 
 0.00 ,  0.00 ,  0.00 
 0.00 ,  0.00 ,  0.00 
 0.00 ,  0.00 ,  0.00 
 0.00 ,  0.00 ,  0.00 
 0.00 ,  0.00 ,  0.00 
 0.00 ,  0.00 ,  0.00 
 0.00 ,  0.00 ,  0.00 
 0.00 ,  0.00 ,  0.00 
 0.00 ,  0.00 ,  0.00 
 0.00 ,  0.00 ,  0.00 
 0.00 ,  0.00 ,  0.00 
 0.00 ,  0.00 ,  0.00 
 0.00 ,  0.00 ,  0.00 
4508.37 ,  0.00 , 4192.79 
 0.00 ,  0.00 ,  0.00 
 0.00 ,  0.00 ,  0.00 
 0.00 ,  0.00 ,  0.00 
 0.00 ,  0.00 ,  0.00 
 0.00 ,  0.00 ,  0.00 
 0.00 ,  0.00 ,  0.00 
 0.00 ,  0.00 ,  0.00 
 0.00 ,  0.00 ,  0.00 
3860.28 ,  0.00 , 3590.06 
 0.00 ,  0.00 ,  0.00 
 0.00 ,  0.00 ,  0.00 
 0.00 ,  0.00 ,  0.00 
 0.00 ,  0.00 ,  0.00 
 0.00 ,  0.00 ,  0.00 
 0.00 ,  0.00 ,  0.00 
 0.00 ,  0.00 ,  0.00 
 0.00 ,  0.00 ,  0.00 
 0.00 ,  0.00 ,  0.00 
 0.00 ,  0.00 ,  0.00 
 0.00 ,  0.00 ,  0.00 
 0.00 ,  0.00 ,  0.00 
 0.00 ,  0.00 ,  0.00 
 0.00 ,  0.00 ,  0.00 
4508.37 , 598.41 , 4594.25 
 0.00 , 326.75 , 218.30 
 0.00 ,  0.00 ,  0.00 
 0.00 ,  0.00 ,  0.00 
 0.00 ,  0.00 ,  0.00 
 0.00 ,  0.00 ,  0.00 
 0.00 ,  0.00 ,  0.00 
 0.00 ,  0.00 ,  0.00 
 0.00 ,  0.00 ,  0.00 
3860.28 ,  0.00 , 3590.06 
 0.00 ,  0.00 ,  0.00 
 0.00 ,  0.00 ,  0.00 
 0.00 ,  0.00 ,  0.00 
 0.00 ,  0.00 ,  0.00 
 0.00 ,  0.00 ,  0.00 
 0.00 ,  0.00 ,  0.00 
 0.00 ,  0.00 ,  0.00 
 0.00 ,  0.00 ,  0.00 
 0.00 ,  0.00 ,  0.00 
 0.00 ,  0.00 ,  0.00 
 0.00 ,  0.00 ,  0.00 
 0.00 ,  0.00 ,  0.00 
 0.00 ,  0.00 ,  0.00 
 0.00 ,  0.00 ,  0.00 
4508.37 , 3017.66 , 6281.96 
 0.00 ,  0.00 ,  0.00 
 0.00 ,  0.00 ,  0.00 
 0.00 ,  0.00 ,  0.00 
 0.00 ,  0.00 ,  0.00 
 0.00 ,  0.00 ,  0.00 
 0.00 ,  0.00 ,  0.00 
 0.00 ,  0.00 ,  0.00 
 0.00 ,  0.00 ,  0.00 
3860.28 ,  0.00 , 3590.06 
 0.00 ,  0.00 ,  0.00 
 0.00 ,  0.00 ,  0.00 
 0.00 ,  0.00 ,  0.00 
 0.00 ,  0.00 ,  0.00 
 0.00 ,  0.00 ,  0.00 
 0.00 ,  0.00 ,  0.00 
 0.00 ,  0.00 ,  0.00 
 0.00 ,  0.00 ,  0.00 
 0.00 ,  0.00 ,  0.00 
 0.00 ,  0.00 ,  0.00 
 0.00 ,  0.00 ,  0.00 
 0.00 ,  0.00 ,  0.00 
 0.00 ,  0.00 ,  0.00 
 0.00 ,  0.00 ,  0.00 
4508.37 , 335.23 , 4416.93 
 0.00 ,  0.00 ,  0.00 
 0.00 ,  0.00 ,  0.00 
 0.00 ,  0.00 ,  0.00 
 0.00 ,  0.00 ,  0.00 
 0.00 ,  0.00 ,  0.00 
 0.00 ,  0.00 ,  0.00 
 0.00 ,  0.00 ,  0.00 
 0.00 ,  0.00 ,  0.00 
3860.28 ,  0.00 , 3590.06 
 0.00 ,  0.00 ,  0.00 
 0.00 ,  0.00 ,  0.00 
 0.00 ,  0.00 ,  0.00 
 0.00 ,  0.00 ,  0.00 
 0.00 ,  0.00 ,  0.00 
 0.00 ,  0.00 ,  0.00 
 0.00 ,  0.00 ,  0.00 
 0.00 ,  0.00 ,  0.00 
 0.00 ,  0.00 ,  0.00 
 0.00 ,  0.00 ,  0.00 
 0.00 ,  0.00 ,  0.00 
 0.00 ,  0.00 ,  0.00 
 0.00 ,  0.00 ,  0.00 
 0.00 ,  0.00 ,  0.00 
4508.37 , 3373.53 , 6539.36 
 0.00 , 1075.16 , 724.06 
 0.00 , 1080.35 , 727.59 
 0.00 , 122.01 , 81.34 
 0.00 ,  0.00 ,  0.00 
 0.00 ,  0.00 ,  0.00 
 0.00 ,  0.00 ,  0.00 
 0.00 ,  0.00 ,  0.00 
 0.00 ,  0.00 ,  0.00 
3860.28 ,  0.00 , 3590.06 
 0.00 ,  0.00 ,  0.00 
 0.00 ,  0.00 ,  0.00 
 0.00 ,  0.00 ,  0.00 
 0.00 ,  0.00 ,  0.00 
 0.00 ,  0.00 ,  0.00 
 0.00 ,  0.00 ,  0.00 
 0.00 ,  0.00 ,  0.00 
 0.00 ,  0.00 ,  0.00 
 0.00 ,  0.00 ,  0.00 
 0.00 ,  0.00 ,  0.00 
 0.00 ,  0.00 ,  0.00 
 0.00 ,  0.00 ,  0.00 
 0.00 ,  0.00 ,  0.00 
 0.00 ,  0.00 ,  0.00 
4508.37 , 3367.66 , 6535.10 
 0.00 , 360.23 , 240.75 
 0.00 , 179.49 , 119.73 
 0.00 ,  0.00 ,  0.00 
 0.00 ,  0.00 ,  0.00 
 0.00 ,  0.00 ,  0.00 
 0.00 ,  0.00 ,  0.00 
 0.00 ,  0.00 ,  0.00 
 0.00 ,  0.00 ,  0.00 
3860.28 ,  0.00 , 3590.06 
 0.00 ,  0.00 ,  0.00 
 0.00 ,  0.00 ,  0.00 
 0.00 ,  0.00 ,  0.00 
 0.00 ,  0.00 ,  0.00 
 0.00 ,  0.00 ,  0.00 
 0.00 ,  0.00 ,  0.00 
 0.00 ,  0.00 ,  0.00 
 0.00 ,  0.00 ,  0.00 
 0.00 ,  0.00 ,  0.00 
 0.00 ,  0.00 ,  0.00 
 0.00 ,  0.00 ,  0.00 
 0.00 ,  0.00 ,  0.00 
 0.00 ,  0.00 ,  0.00 
 0.00 ,  0.00 ,  0.00 
4508.37 , 5022.31 , 7764.35 
 0.00 , 1442.55 , 975.30 
 0.00 , 576.56 , 386.22 
 0.00 ,  0.00 ,  0.00 
 0.00 ,  0.00 ,  0.00 
 0.00 ,  0.00 ,  0.00 
 0.00 ,  0.00 ,  0.00 
 0.00 ,  0.00 ,  0.00 
 0.00 ,  0.00 ,  0.00 
3860.28 ,  0.00 , 3590.06 
 0.00 ,  0.00 ,  0.00 
 0.00 ,  0.00 ,  0.00 
 0.00 ,  0.00 ,  0.00 
 0.00 ,  0.00 ,  0.00 
 0.00 ,  0.00 ,  0.00 
 0.00 ,  0.00 ,  0.00 
 0.00 ,  0.00 ,  0.00 
 0.00 ,  0.00 ,  0.00 
 0.00 ,  0.00 ,  0.00 
 0.00 ,  0.00 ,  0.00 
 0.00 ,  0.00 ,  0.00 
 0.00 ,  0.00 ,  0.00 
 0.00 ,  0.00 ,  0.00 
 0.00 ,  0.00 ,  0.00 
4508.37 , 5216.82 , 7912.49 
 0.00 , 365.18 , 244.07 
 0.00 ,  0.00 ,  0.00 
 0.00 ,  0.00 ,  0.00 
 0.00 ,  0.00 ,  0.00 
 0.00 ,  0.00 ,  0.00 
 0.00 ,  0.00 ,  0.00 
 0.00 ,  0.00 ,  0.00 
 0.00 ,  0.00 ,  0.00 
3860.28 ,  0.00 , 3590.06 
 0.00 ,  0.00 ,  0.00 
 0.00 ,  0.00 ,  0.00 
 0.00 ,  0.00 ,  0.00 
 0.00 ,  0.00 ,  0.00 
 0.00 ,  0.00 ,  0.00 
 0.00 ,  0.00 ,  0.00 
 0.00 ,  0.00 ,  0.00 
 0.00 ,  0.00 ,  0.00 
 0.00 ,  0.00 ,  0.00 
 0.00 ,  0.00 ,  0.00 
 0.00 ,  0.00 ,  0.00 
 0.00 ,  0.00 ,  0.00 
 0.00 ,  0.00 ,  0.00 
 0.00 ,  0.00 ,  0.00 
4508.37 , 4112.75 , 7081.88 
 0.00 , 1489.59 , 1007.61 
 0.00 , 415.81 , 278.06 
 0.00 , 811.87 , 545.21 
 0.00 , 864.89 , 581.15 
 0.00 , 409.57 , 273.87 
 0.00 , 116.21 , 77.46 
 0.00 , 195.37 , 130.34 
 0.00 , 581.32 , 389.43 
3860.28 , 486.50 , 3915.92 
 0.00 , 292.08 , 195.06 
 0.00 , 265.42 , 177.21 
 0.00 , 183.88 , 122.66 
 0.00 , 486.03 , 325.26 
 0.00 , 653.68 , 438.24 
 0.00 , 779.35 , 523.19 
 0.00 ,  0.00 ,  0.00 
 0.00 ,  0.00 ,  0.00 
 0.00 ,  0.00 ,  0.00 
 0.00 ,  0.00 ,  0.00 
 0.00 ,  0.00 ,  0.00 
 0.00 ,  0.00 ,  0.00 
 0.00 ,  0.00 ,  0.00 
 0.00 ,  0.00 ,  0.00 
4508.37 , 7865.22 , 10010.37 
 0.00 , 2619.99 , 1794.03 
 0.00 , 1720.18 , 1166.48 
 0.00 , 1010.49 , 680.04 
 0.00 , 246.03 , 164.23 
 0.00 , 460.56 , 308.13 
 0.00 , 391.63 , 261.82 
 0.00 ,  0.00 ,  0.00 
 0.00 ,  0.00 ,  0.00 
3860.28 ,  0.00 , 3590.06 
 0.00 ,  0.00 ,  0.00 
 0.00 ,  0.00 ,  0.00 
 0.00 ,  0.00 ,  0.00 
 0.00 , 549.96 , 368.29 
 0.00 , 775.59 , 520.64 
 0.00 , 856.97 , 575.78 
 0.00 ,  0.00 ,  0.00 
 0.00 ,  0.00 ,  0.00 
 0.00 ,  0.00 ,  0.00 
 0.00 ,  0.00 ,  0.00 
 0.00 ,  0.00 ,  0.00 
 0.00 ,  0.00 ,  0.00 
 0.00 ,  0.00 ,  0.00 
 0.00 ,  0.00 ,  0.00 
4508.37 , 8585.42 , 10608.25 
 0.00 , 2207.00 , 1504.48 
 0.00 , 868.71 , 583.73 
 0.00 , 541.10 , 362.33 
 0.00 ,  0.00 ,  0.00 
 0.00 ,  0.00 ,  0.00 
 0.00 ,  0.00 ,  0.00 
 0.00 ,  0.00 ,  0.00 
 0.00 ,  0.00 ,  0.00 
3860.28 ,  0.00 , 3590.06 
 0.00 ,  0.00 ,  0.00 
 0.00 ,  0.00 ,  0.00 
 0.00 ,  0.00 ,  0.00 
 0.00 ,  0.00 ,  0.00 
 0.00 ,  0.00 ,  0.00 
 0.00 ,  0.00 ,  0.00 
 0.00 ,  0.00 ,  0.00 
 0.00 ,  0.00 ,  0.00 
 0.00 ,  0.00 ,  0.00 
 0.00 ,  0.00 ,  0.00 
 0.00 ,  0.00 ,  0.00 
 0.00 ,  0.00 ,  0.00 
 0.00 ,  0.00 ,  0.00 
 0.00 ,  0.00 ,  0.00 
4508.37 , 6870.77 , 9204.51 
 0.00 , 1176.74 , 793.33 
 0.00 , 71.75 , 47.81 
 0.00 ,  0.00 ,  0.00 
 0.00 ,  0.00 ,  0.00 
 0.00 ,  0.00 ,  0.00 
 0.00 ,  0.00 ,  0.00 
 0.00 ,  0.00 ,  0.00 
 0.00 ,  0.00 ,  0.00 
3860.28 ,  0.00 , 3590.06 
 0.00 ,  0.00 ,  0.00 
 0.00 ,  0.00 ,  0.00 
 0.00 ,  0.00 ,  0.00 
 0.00 ,  0.00 ,  0.00 
 0.00 ,  0.00 ,  0.00 
 0.00 ,  0.00 ,  0.00 
 0.00 ,  0.00 ,  0.00 
 0.00 ,  0.00 ,  0.00 
 0.00 ,  0.00 ,  0.00 
 0.00 ,  0.00 ,  0.00 
 0.00 ,  0.00 ,  0.00 
 0.00 ,  0.00 ,  0.00 
 0.00 ,  0.00 ,  0.00 
 0.00 ,  0.00 ,  0.00 
4508.37 , 4777.29 , 7578.85 
 0.00 , 1911.77 , 1299.08 
 0.00 , 728.70 , 488.92 
 0.00 ,  0.00 ,  0.00 
 0.00 ,  0.00 ,  0.00 
 0.00 ,  0.00 ,  0.00 
 0.00 ,  0.00 ,  0.00 
 0.00 ,  0.00 ,  0.00 
 0.00 ,  0.00 ,  0.00 
3860.28 ,  0.00 , 3590.06 
 0.00 ,  0.00 ,  0.00 
 0.00 ,  0.00 ,  0.00 
 0.00 ,  0.00 ,  0.00 
 0.00 ,  0.00 ,  0.00 
 0.00 ,  0.00 ,  0.00 
 0.00 ,  0.00 ,  0.00 
 0.00 ,  0.00 ,  0.00 
 0.00 ,  0.00 ,  0.00 
 0.00 ,  0.00 ,  0.00 
 0.00 ,  0.00 ,  0.00 
 0.00 ,  0.00 ,  0.00 
 0.00 ,  0.00 ,  0.00 
 0.00 ,  0.00 ,  0.00 
 0.00 ,  0.00 ,  0.00 
4508.37 , 3371.32 , 6537.76 
 0.00 , 1381.54 , 933.44 
 0.00 , 1087.93 , 732.75 
 0.00 ,  0.00 ,  0.00 
 0.00 ,  0.00 ,  0.00 
 0.00 , 142.77 , 95.20 
 0.00 ,  0.00 ,  0.00 
 0.00 ,  0.00 ,  0.00 
 0.00 ,  0.00 ,  0.00 
3860.28 ,  0.00 , 3590.06 
 0.00 ,  0.00 ,  0.00 
 0.00 ,  0.00 ,  0.00 
 0.00 ,  0.00 ,  0.00 
 0.00 ,  0.00 ,  0.00 
 0.00 ,  0.00 ,  0.00 
 0.00 , 44.89 , 29.90 
 0.00 ,  0.00 ,  0.00 
 0.00 ,  0.00 ,  0.00 
 0.00 ,  0.00 ,  0.00 
 0.00 ,  0.00 ,  0.00 
 0.00 ,  0.00 ,  0.00 
 0.00 ,  0.00 ,  0.00 
 0.00 ,  0.00 ,  0.00 
 0.00 ,  0.00 ,  0.00 
4508.37 , 4403.35 , 7298.11 
 0.00 , 1138.98 , 767.56 
 0.00 , 931.31 , 626.22 
 0.00 , 830.07 , 557.54 
 0.00 , 148.46 , 99.00 
 0.00 ,  0.00 ,  0.00 
 0.00 ,  0.00 ,  0.00 
 0.00 ,  0.00 ,  0.00 
 0.00 ,  0.00 ,  0.00 
3860.28 ,  0.00 , 3590.06 
 0.00 , 368.82 , 246.52 
 0.00 , 501.46 , 335.64 
 0.00 , 386.42 , 258.33 
 0.00 , 533.74 , 357.37 
 0.00 , 646.93 , 433.68 
 0.00 , 657.48 , 440.81 
 0.00 ,  0.00 ,  0.00 
 0.00 ,  0.00 ,  0.00 
 0.00 ,  0.00 ,  0.00 
 0.00 ,  0.00 ,  0.00 
 0.00 ,  0.00 ,  0.00 
 0.00 ,  0.00 ,  0.00 
 0.00 ,  0.00 ,  0.00 
 0.00 ,  0.00 ,  0.00 
4508.37 , 5802.69 , 8363.45 
 0.00 , 1963.06 , 1334.67 
 0.00 , 405.31 , 271.01 
 0.00 , 523.29 , 350.34 
 0.00 , 552.34 , 369.90 
 0.00 , 346.33 , 231.43 
 0.00 ,  0.00 ,  0.00 
 0.00 ,  0.00 ,  0.00 
 0.00 ,  0.00 ,  0.00 
3860.28 ,  0.00 , 3590.06 
 0.00 ,  0.00 ,  0.00 
 0.00 ,  0.00 ,  0.00 
 0.00 ,  0.00 ,  0.00 
 0.00 , 236.90 , 158.12 
 0.00 , 419.73 , 280.69 
 0.00 , 553.70 , 370.81 
 0.00 ,  0.00 ,  0.00 
 0.00 ,  0.00 ,  0.00 
 0.00 ,  0.00 ,  0.00 
 0.00 ,  0.00 ,  0.00 
 0.00 ,  0.00 ,  0.00 
 0.00 ,  0.00 ,  0.00 
 0.00 ,  0.00 ,  0.00 
 0.00 ,  0.00 ,  0.00 
4508.37 , 7157.06 , 9434.21 
 0.00 , 1799.77 , 1221.50 
 0.00 , 1778.03 , 1206.46 
 0.00 , 1232.03 , 831.09 
 0.00 , 562.54 , 376.77 
 0.00 , 180.60 , 120.47 
 0.00 , 41.53 , 27.66 
 0.00 ,  0.00 ,  0.00 
 0.00 ,  0.00 ,  0.00 
3860.28 ,  0.00 , 3590.06 
 0.00 ,  0.00 ,  0.00 
 0.00 ,  0.00 ,  0.00 
 0.00 ,  0.00 ,  0.00 
 0.00 ,  0.00 ,  0.00 
 0.00 ,  0.00 ,  0.00 
 0.00 ,  0.00 ,  0.00 
 0.00 ,  0.00 ,  0.00 
 0.00 ,  0.00 ,  0.00 
 0.00 ,  0.00 ,  0.00 
 0.00 ,  0.00 ,  0.00 
 0.00 ,  0.00 ,  0.00 
 0.00 ,  0.00 ,  0.00 
 0.00 ,  0.00 ,  0.00 
 0.00 ,  0.00 ,  0.00 
4508.37 , 7741.27 , 9908.70 
 0.00 , 2341.03 , 1598.17 
 0.00 , 1666.26 , 1129.26 
 0.00 , 1142.90 , 770.23 
 0.00 , 694.49 , 465.80 
 0.00 , 323.88 , 216.38 
 0.00 , 336.15 , 224.60 
 0.00 , 405.48 , 271.13 
 0.00 , 116.15 , 77.43 
3860.28 ,  0.00 , 3590.06 
 0.00 ,  0.00 ,  0.00 
 0.00 , 445.11 , 297.75 
 0.00 , 673.50 , 451.62 
 0.00 , 918.76 , 617.70 
 0.00 , 1080.65 , 727.79 
 0.00 , 1219.02 , 822.20 
 0.00 ,  0.00 ,  0.00 
 0.00 ,  0.00 ,  0.00 
 0.00 ,  0.00 ,  0.00 
 0.00 ,  0.00 ,  0.00 
 0.00 ,  0.00 ,  0.00 
 0.00 ,  0.00 ,  0.00 
 0.00 , 182.49 , 121.73 
 0.00 , 594.52 , 398.32 
4508.37 , 9585.81 , 11459.40 
 0.00 , 2664.97 , 1825.72 
 0.00 , 1864.59 , 1266.37 
 0.00 , 1638.69 , 1110.24 
 0.00 , 1215.75 , 819.97 
 0.00 , 1157.83 , 780.41 
 0.00 , 805.81 , 541.11 
 0.00 , 290.26 , 193.84 
 0.00 , 484.64 , 324.33 
3860.28 , 521.59 , 3939.58 
 0.00 , 806.71 , 541.71 
 0.00 , 896.62 , 602.67 
 0.00 , 988.68 , 665.20 
 0.00 , 1296.42 , 875.13 
 0.00 , 1618.13 , 1096.07 
 0.00 , 1865.23 , 1266.82 
 0.00 ,  0.00 ,  0.00 
 0.00 ,  0.00 ,  0.00 
 0.00 ,  0.00 ,  0.00 
 0.00 ,  0.00 ,  0.00 
 0.00 ,  0.00 ,  0.00 
 0.00 ,  0.00 ,  0.00 
 0.00 , 153.23 , 102.18 
 0.00 , 431.40 , 288.54 
4464.48 , 9852.81 , 11647.84 
 0.00 , 845.78 , 568.19 
 0.00 , 167.66 , 111.82 
 0.00 ,  0.00 ,  0.00 
 0.00 ,  0.00 ,  0.00 
 0.00 ,  0.00 ,  0.00 
 0.00 ,  0.00 ,  0.00 
 0.00 ,  0.00 ,  0.00 
 0.00 ,  0.00 ,  0.00 
 0.00 ,  0.00 ,  0.00 
4042.84 ,  0.00 , 3759.85 
 0.00 ,  0.00 ,  0.00 
 0.00 ,  0.00 ,  0.00 
 0.00 ,  0.00 ,  0.00 
 0.00 ,  0.00 ,  0.00 
 0.00 ,  0.00 ,  0.00 
 0.00 ,  0.00 ,  0.00 
 0.00 ,  0.00 ,  0.00 
 0.00 ,  0.00 ,  0.00 
 0.00 ,  0.00 ,  0.00 
 0.00 ,  0.00 ,  0.00 
 0.00 ,  0.00 ,  0.00 
 0.00 ,  0.00 ,  0.00 
 0.00 ,  0.00 ,  0.00 
4044.48 , 6145.34 , 8191.54 
 0.00 , 805.98 , 541.22 
 0.00 ,  0.00 ,  0.00 
 0.00 ,  0.00 ,  0.00 
 0.00 ,  0.00 ,  0.00 
 0.00 ,  0.00 ,  0.00 
 0.00 ,  0.00 ,  0.00 
 0.00 ,  0.00 ,  0.00 
 0.00 ,  0.00 ,  0.00 
 0.00 ,  0.00 ,  0.00 
4042.84 ,  0.00 , 3759.85 
 0.00 ,  0.00 ,  0.00 
 0.00 ,  0.00 ,  0.00 
 0.00 ,  0.00 ,  0.00 
 0.00 ,  0.00 ,  0.00 
 0.00 ,  0.00 ,  0.00 
 0.00 ,  0.00 ,  0.00 
 0.00 ,  0.00 ,  0.00 
 0.00 ,  0.00 ,  0.00 
 0.00 ,  0.00 ,  0.00 
 0.00 ,  0.00 ,  0.00 
 0.00 ,  0.00 ,  0.00 
 0.00 ,  0.00 ,  0.00 
 0.00 ,  0.00 ,  0.00 
4044.48 , 2605.63 , 5554.28 
 0.00 , 574.62 , 384.92 
 0.00 , 111.26 , 74.17 
 0.00 ,  0.00 ,  0.00 
 0.00 ,  0.00 ,  0.00 
 0.00 ,  0.00 ,  0.00 
 0.00 ,  0.00 ,  0.00 
 0.00 ,  0.00 ,  0.00 
 0.00 ,  0.00 ,  0.00 
 0.00 ,  0.00 ,  0.00 
4042.84 ,  0.00 , 3759.85 
 0.00 ,  0.00 ,  0.00 
 0.00 ,  0.00 ,  0.00 
 0.00 ,  0.00 ,  0.00 
 0.00 ,  0.00 ,  0.00 
 0.00 ,  0.00 ,  0.00 
 0.00 ,  0.00 ,  0.00 
 0.00 ,  0.00 ,  0.00 
 0.00 ,  0.00 ,  0.00 
 0.00 ,  0.00 ,  0.00 
 0.00 ,  0.00 ,  0.00 
 0.00 ,  0.00 ,  0.00 
 0.00 ,  0.00 ,  0.00 
 0.00 ,  0.00 ,  0.00 
4044.48 , 2716.87 , 5633.50 
 0.00 ,  0.00 ,  0.00 
 0.00 ,  0.00 ,  0.00 
 0.00 ,  0.00 ,  0.00 
 0.00 ,  0.00 ,  0.00 
 0.00 ,  0.00 ,  0.00 
 0.00 ,  0.00 ,  0.00 
 0.00 ,  0.00 ,  0.00 
 0.00 ,  0.00 ,  0.00 
 0.00 ,  0.00 ,  0.00 
4042.84 ,  0.00 , 3759.85 
 0.00 ,  0.00 ,  0.00 
 0.00 ,  0.00 ,  0.00 
 0.00 ,  0.00 ,  0.00 
 0.00 ,  0.00 ,  0.00 
 0.00 ,  0.00 ,  0.00 
 0.00 ,  0.00 ,  0.00 
 0.00 ,  0.00 ,  0.00 
 0.00 ,  0.00 ,  0.00 
 0.00 ,  0.00 ,  0.00 
 0.00 ,  0.00 ,  0.00 
 0.00 ,  0.00 ,  0.00 
 0.00 ,  0.00 ,  0.00 
 0.00 ,  0.00 ,  0.00 
4044.48 , 232.01 , 3916.28 
 0.00 ,  0.00 ,  0.00 
 0.00 ,  0.00 ,  0.00 
 0.00 ,  0.00 ,  0.00 
 0.00 ,  0.00 ,  0.00 
 0.00 ,  0.00 ,  0.00 
 0.00 ,  0.00 ,  0.00 
 0.00 ,  0.00 ,  0.00 
 0.00 ,  0.00 ,  0.00 
 0.00 ,  0.00 ,  0.00 
4042.84 ,  0.00 , 3759.85 
 0.00 ,  0.00 ,  0.00 
 0.00 ,  0.00 ,  0.00 
 0.00 ,  0.00 ,  0.00 
 0.00 ,  0.00 ,  0.00 
 0.00 ,  0.00 ,  0.00 
 0.00 ,  0.00 ,  0.00 
 0.00 ,  0.00 ,  0.00 
 0.00 ,  0.00 ,  0.00 
 0.00 ,  0.00 ,  0.00 
 0.00 ,  0.00 ,  0.00 
 0.00 ,  0.00 ,  0.00 
 0.00 ,  0.00 ,  0.00 
 0.00 ,  0.00 ,  0.00 
4044.48 ,  0.00 , 3761.37 
 0.00 ,  0.00 ,  0.00 
 0.00 ,  0.00 ,  0.00 
 0.00 ,  0.00 ,  0.00 
 0.00 ,  0.00 ,  0.00 
 0.00 ,  0.00 ,  0.00 
 0.00 ,  0.00 ,  0.00 
 0.00 ,  0.00 ,  0.00 
 0.00 ,  0.00 ,  0.00 
 0.00 ,  0.00 ,  0.00 
4042.84 ,  0.00 , 3759.85 
 0.00 ,  0.00 ,  0.00 
 0.00 ,  0.00 ,  0.00 
 0.00 ,  0.00 ,  0.00 
 0.00 ,  0.00 ,  0.00 
 0.00 ,  0.00 ,  0.00 
 0.00 ,  0.00 ,  0.00 
 0.00 ,  0.00 ,  0.00 
 0.00 ,  0.00 ,  0.00 
 0.00 ,  0.00 ,  0.00 
 0.00 ,  0.00 ,  0.00 
 0.00 ,  0.00 ,  0.00 
 0.00 ,  0.00 ,  0.00 
 0.00 ,  0.00 ,  0.00 
4044.48 ,  0.00 , 3761.37 
 0.00 ,  0.00 ,  0.00 
 0.00 ,  0.00 ,  0.00 
 0.00 ,  0.00 ,  0.00 
 0.00 ,  0.00 ,  0.00 
 0.00 ,  0.00 ,  0.00 
 0.00 ,  0.00 ,  0.00 
 0.00 ,  0.00 ,  0.00 
 0.00 ,  0.00 ,  0.00 
 0.00 ,  0.00 ,  0.00 
4042.84 ,  0.00 , 3759.85 
 0.00 ,  0.00 ,  0.00 
 0.00 ,  0.00 ,  0.00 
 0.00 ,  0.00 ,  0.00 
 0.00 ,  0.00 ,  0.00 
 0.00 ,  0.00 ,  0.00 
 0.00 ,  0.00 ,  0.00 
 0.00 ,  0.00 ,  0.00 
 0.00 ,  0.00 ,  0.00 
 0.00 ,  0.00 ,  0.00 
 0.00 ,  0.00 ,  0.00 
 0.00 ,  0.00 ,  0.00 
 0.00 ,  0.00 ,  0.00 
 0.00 ,  0.00 ,  0.00 
4044.48 , 932.40 , 4389.43 
 0.00 ,  0.00 ,  0.00 
 0.00 ,  0.00 ,  0.00 
 0.00 ,  0.00 ,  0.00 
 0.00 ,  0.00 ,  0.00 
 0.00 ,  0.00 ,  0.00 
 0.00 ,  0.00 ,  0.00 
 0.00 ,  0.00 ,  0.00 
 0.00 ,  0.00 ,  0.00 
 0.00 ,  0.00 ,  0.00 
4042.84 ,  0.00 , 3759.85 
 0.00 ,  0.00 ,  0.00 
 0.00 ,  0.00 ,  0.00 
 0.00 ,  0.00 ,  0.00 
 0.00 ,  0.00 ,  0.00 
 0.00 ,  0.00 ,  0.00 
 0.00 ,  0.00 ,  0.00 
 0.00 ,  0.00 ,  0.00 
 0.00 ,  0.00 ,  0.00 
 0.00 ,  0.00 ,  0.00 
 0.00 ,  0.00 ,  0.00 
 0.00 ,  0.00 ,  0.00 
 0.00 ,  0.00 ,  0.00 
 0.00 ,  0.00 ,  0.00 
4044.48 , 1062.04 , 4477.93 
 0.00 ,  0.00 ,  0.00 
 0.00 ,  0.00 ,  0.00 
 0.00 ,  0.00 ,  0.00 
 0.00 ,  0.00 ,  0.00 
 0.00 ,  0.00 ,  0.00 
 0.00 ,  0.00 ,  0.00 
 0.00 ,  0.00 ,  0.00 
 0.00 ,  0.00 ,  0.00 
 0.00 ,  0.00 ,  0.00 
4042.84 ,  0.00 , 3759.85 
 0.00 ,  0.00 ,  0.00 
 0.00 ,  0.00 ,  0.00 
 0.00 ,  0.00 ,  0.00 
 0.00 ,  0.00 ,  0.00 
 0.00 ,  0.00 ,  0.00 
 0.00 ,  0.00 ,  0.00 
 0.00 ,  0.00 ,  0.00 
 0.00 ,  0.00 ,  0.00 
 0.00 ,  0.00 ,  0.00 
 0.00 ,  0.00 ,  0.00 
 0.00 ,  0.00 ,  0.00 
 0.00 ,  0.00 ,  0.00 
 0.00 ,  0.00 ,  0.00 
4044.48 , 1447.46 , 4742.74 
 0.00 , 214.28 , 142.99 
 0.00 ,  0.00 ,  0.00 
 0.00 ,  0.00 ,  0.00 
 0.00 ,  0.00 ,  0.00 
 0.00 ,  0.00 ,  0.00 
 0.00 ,  0.00 ,  0.00 
 0.00 ,  0.00 ,  0.00 
 0.00 ,  0.00 ,  0.00 
 0.00 ,  0.00 ,  0.00 
4042.84 ,  0.00 , 3759.85 
 0.00 ,  0.00 ,  0.00 
 0.00 ,  0.00 ,  0.00 
 0.00 ,  0.00 ,  0.00 
 0.00 ,  0.00 ,  0.00 
 0.00 ,  0.00 ,  0.00 
 0.00 ,  0.00 ,  0.00 
 0.00 ,  0.00 ,  0.00 
 0.00 ,  0.00 ,  0.00 
 0.00 ,  0.00 ,  0.00 
 0.00 ,  0.00 ,  0.00 
 0.00 ,  0.00 ,  0.00 
 0.00 ,  0.00 ,  0.00 
 0.00 ,  0.00 ,  0.00 
4044.48 , 2979.65 , 5821.55 
 0.00 , 867.98 , 583.24 
 0.00 , 33.18 , 22.10 
 0.00 ,  0.00 ,  0.00 
 0.00 ,  0.00 ,  0.00 
 0.00 ,  0.00 ,  0.00 
 0.00 ,  0.00 ,  0.00 
 0.00 ,  0.00 ,  0.00 
 0.00 ,  0.00 ,  0.00 
 0.00 ,  0.00 ,  0.00 
4042.84 ,  0.00 , 3759.85 
 0.00 ,  0.00 ,  0.00 
 0.00 ,  0.00 ,  0.00 
 0.00 ,  0.00 ,  0.00 
 0.00 ,  0.00 ,  0.00 
 0.00 ,  0.00 ,  0.00 
 0.00 ,  0.00 ,  0.00 
 0.00 ,  0.00 ,  0.00 
 0.00 ,  0.00 ,  0.00 
 0.00 ,  0.00 ,  0.00 
 0.00 ,  0.00 ,  0.00 
 0.00 ,  0.00 ,  0.00 
 0.00 ,  0.00 ,  0.00 
 0.00 ,  0.00 ,  0.00 
4044.48 , 3528.18 , 6218.22 
 0.00 , 1357.84 , 917.19 
 0.00 , 1194.07 , 805.16 
 0.00 , 945.31 , 635.73 
 0.00 , 653.58 , 438.17 
 0.00 , 795.10 , 533.85 
 0.00 , 585.36 , 392.15 
 0.00 , 245.63 , 163.96 
 0.00 , 268.10 , 179.00 
 0.00 , 526.58 , 352.55 
4042.84 , 563.61 , 4137.74 
 0.00 , 651.51 , 436.78 
 0.00 , 539.96 , 361.56 
 0.00 , 647.89 , 434.33 
 0.00 , 795.49 , 534.12 
 0.00 , 878.07 , 590.08 
 0.00 ,  0.00 ,  0.00 
 0.00 ,  0.00 ,  0.00 
 0.00 ,  0.00 ,  0.00 
 0.00 ,  0.00 ,  0.00 
 0.00 ,  0.00 ,  0.00 
 0.00 ,  0.00 ,  0.00 
 0.00 ,  0.00 ,  0.00 
 0.00 ,  0.00 ,  0.00 
4044.48 , 5667.32 , 7820.80 
 0.00 , 904.81 , 608.23 
 0.00 , 1131.33 , 762.34 
 0.00 , 902.49 , 606.65 
 0.00 ,  0.00 ,  0.00 
 0.00 ,  0.00 ,  0.00 
 0.00 ,  0.00 ,  0.00 
 0.00 ,  0.00 ,  0.00 
 0.00 ,  0.00 ,  0.00 
 0.00 ,  0.00 ,  0.00 
4042.84 ,  0.00 , 3759.85 
 0.00 ,  0.00 ,  0.00 
 0.00 ,  0.00 ,  0.00 
 0.00 ,  0.00 ,  0.00 
 0.00 , 153.35 , 102.26 
 0.00 , 419.24 , 280.37 
 0.00 ,  0.00 ,  0.00 
 0.00 ,  0.00 ,  0.00 
 0.00 ,  0.00 ,  0.00 
 0.00 ,  0.00 ,  0.00 
 0.00 ,  0.00 ,  0.00 
 0.00 ,  0.00 ,  0.00 
 0.00 ,  0.00 ,  0.00 
 0.00 ,  0.00 ,  0.00 
4044.48 , 5275.46 , 7520.40 
 0.00 , 1483.50 , 1003.43 
 0.00 , 671.08 , 449.99 
 0.00 , 679.89 , 455.94 
 0.00 , 568.29 , 380.65 
 0.00 , 305.75 , 204.22 
 0.00 , 159.32 , 106.25 
 0.00 , 370.98 , 247.97 
 0.00 , 505.02 , 338.04 
 0.00 , 224.10 , 149.56 
4042.84 , 697.00 , 4227.96 
 0.00 , 902.10 , 606.39 
 0.00 , 705.31 , 473.11 
 0.00 , 823.35 , 552.99 
 0.00 , 954.13 , 641.71 
 0.00 , 1016.48 , 684.11 
 0.00 ,  0.00 ,  0.00 
 0.00 ,  0.00 ,  0.00 
 0.00 ,  0.00 ,  0.00 
 0.00 ,  0.00 ,  0.00 
 0.00 ,  0.00 ,  0.00 
 0.00 ,  0.00 ,  0.00 
 0.00 ,  0.00 ,  0.00 
 0.00 ,  0.00 ,  0.00 
4044.48 , 6901.80 , 8788.09 
 0.00 ,  0.00 ,  0.00 
 0.00 ,  0.00 ,  0.00 
 0.00 ,  0.00 ,  0.00 
 0.00 ,  0.00 ,  0.00 
 0.00 ,  0.00 ,  0.00 
 0.00 ,  0.00 ,  0.00 
 0.00 ,  0.00 ,  0.00 
 0.00 ,  0.00 ,  0.00 
 0.00 ,  0.00 ,  0.00 
4042.84 ,  0.00 , 3759.85 
 0.00 ,  0.00 ,  0.00 
 0.00 ,  0.00 ,  0.00 
 0.00 ,  0.00 ,  0.00 
 0.00 ,  0.00 ,  0.00 
 0.00 ,  0.00 ,  0.00 
 0.00 ,  0.00 ,  0.00 
 0.00 ,  0.00 ,  0.00 
 0.00 ,  0.00 ,  0.00 
 0.00 ,  0.00 ,  0.00 
 0.00 ,  0.00 ,  0.00 
 0.00 ,  0.00 ,  0.00 
 0.00 ,  0.00 ,  0.00 
 0.00 ,  0.00 ,  0.00 
4044.48 , 1652.88 , 4884.94 
 0.00 , 756.34 , 507.62 
 0.00 , 621.26 , 416.36 
 0.00 , 494.56 , 331.00 
 0.00 , 348.99 , 233.21 
 0.00 , 243.95 , 162.84 
 0.00 ,  0.00 ,  0.00 
 0.00 ,  0.00 ,  0.00 
 0.00 ,  0.00 ,  0.00 
 0.00 ,  0.00 ,  0.00 
4042.84 ,  0.00 , 3759.85 
 0.00 ,  0.00 ,  0.00 
 0.00 ,  0.00 ,  0.00 
 0.00 ,  0.00 ,  0.00 
 0.00 ,  0.00 ,  0.00 
 0.00 ,  0.00 ,  0.00 
 0.00 ,  0.00 ,  0.00 
 0.00 ,  0.00 ,  0.00 
 0.00 ,  0.00 ,  0.00 
 0.00 ,  0.00 ,  0.00 
 0.00 ,  0.00 ,  0.00 
 0.00 ,  0.00 ,  0.00 
 0.00 ,  0.00 ,  0.00 
 0.00 ,  0.00 ,  0.00 
4044.48 , 3227.49 , 6000.08 
 0.00 , 940.31 , 632.33 
 0.00 , 556.09 , 372.43 
 0.00 , 461.01 , 308.44 
 0.00 , 429.59 , 287.32 
 0.00 , 129.41 , 86.27 
 0.00 ,  0.00 ,  0.00 
 0.00 ,  0.00 ,  0.00 
 0.00 ,  0.00 ,  0.00 
 0.00 ,  0.00 ,  0.00 
4042.84 ,  0.00 , 3759.85 
 0.00 , 292.42 , 195.29 
 0.00 , 299.49 , 200.03 
 0.00 , 352.16 , 235.34 
 0.00 , 451.47 , 302.02 
 0.00 , 515.26 , 344.93 
 0.00 ,  0.00 ,  0.00 
 0.00 ,  0.00 ,  0.00 
 0.00 ,  0.00 ,  0.00 
 0.00 ,  0.00 ,  0.00 
 0.00 ,  0.00 ,  0.00 
 0.00 ,  0.00 ,  0.00 
 0.00 ,  0.00 ,  0.00 
 0.00 ,  0.00 ,  0.00 
4044.48 , 6294.40 , 8308.13 
 0.00 , 1699.39 , 1152.12 
 0.00 , 853.50 , 573.42 
 0.00 , 637.29 , 427.18 
 0.00 ,  0.00 ,  0.00 
 0.00 ,  0.00 ,  0.00 
 0.00 ,  0.00 ,  0.00 
 0.00 ,  0.00 ,  0.00 
 0.00 ,  0.00 ,  0.00 
 0.00 ,  0.00 ,  0.00 
4042.84 ,  0.00 , 3759.85 
 0.00 ,  0.00 ,  0.00 
 0.00 ,  0.00 ,  0.00 
 0.00 ,  0.00 ,  0.00 
 0.00 ,  0.00 ,  0.00 
 0.00 ,  0.00 ,  0.00 
 0.00 ,  0.00 ,  0.00 
 0.00 ,  0.00 ,  0.00 
 0.00 ,  0.00 ,  0.00 
 0.00 ,  0.00 ,  0.00 
 0.00 ,  0.00 ,  0.00 
 0.00 ,  0.00 ,  0.00 
 0.00 ,  0.00 ,  0.00 
 0.00 ,  0.00 ,  0.00 
4044.48 , 3696.71 , 6341.23 
 0.00 ,  0.00 ,  0.00 
 0.00 ,  0.00 ,  0.00 
 0.00 ,  0.00 ,  0.00 
 0.00 ,  0.00 ,  0.00 
 0.00 ,  0.00 ,  0.00 
 0.00 ,  0.00 ,  0.00 
 0.00 ,  0.00 ,  0.00 
 0.00 ,  0.00 ,  0.00 
 0.00 ,  0.00 ,  0.00 
4042.84 ,  0.00 , 3759.85 
 0.00 ,  0.00 ,  0.00 
 0.00 ,  0.00 ,  0.00 
 0.00 ,  0.00 ,  0.00 
 0.00 ,  0.00 ,  0.00 
 0.00 ,  0.00 ,  0.00 
 0.00 ,  0.00 ,  0.00 
 0.00 ,  0.00 ,  0.00 
 0.00 ,  0.00 ,  0.00 
 0.00 ,  0.00 ,  0.00 
 0.00 ,  0.00 ,  0.00 
 0.00 ,  0.00 ,  0.00 
 0.00 ,  0.00 ,  0.00 
 0.00 ,  0.00 ,  0.00 
4044.48 ,  0.00 , 3761.37 
 0.00 ,  0.00 ,  0.00 
 0.00 ,  0.00 ,  0.00 
 0.00 ,  0.00 ,  0.00 
 0.00 ,  0.00 ,  0.00 
 0.00 ,  0.00 ,  0.00 
 0.00 ,  0.00 ,  0.00 
 0.00 ,  0.00 ,  0.00 
 0.00 ,  0.00 ,  0.00 
 0.00 ,  0.00 ,  0.00 
4042.84 ,  0.00 , 3759.85 
 0.00 ,  0.00 ,  0.00 
 0.00 ,  0.00 ,  0.00 
 0.00 ,  0.00 ,  0.00 
 0.00 ,  0.00 ,  0.00 
 0.00 ,  0.00 ,  0.00 
 0.00 ,  0.00 ,  0.00 
 0.00 ,  0.00 ,  0.00 
 0.00 ,  0.00 ,  0.00 
 0.00 ,  0.00 ,  0.00 
 0.00 ,  0.00 ,  0.00 
 0.00 ,  0.00 ,  0.00 
 0.00 ,  0.00 ,  0.00 
 0.00 ,  0.00 ,  0.00 
4044.48 ,  0.00 , 3761.37 
 0.00 ,  0.00 ,  0.00 
 0.00 ,  0.00 ,  0.00 
 0.00 ,  0.00 ,  0.00 
 0.00 ,  0.00 ,  0.00 
 0.00 ,  0.00 ,  0.00 
 0.00 ,  0.00 ,  0.00 
 0.00 ,  0.00 ,  0.00 
 0.00 ,  0.00 ,  0.00 
 0.00 ,  0.00 ,  0.00 
4042.84 ,  0.00 , 3759.85 
 0.00 ,  0.00 ,  0.00 
 0.00 ,  0.00 ,  0.00 
 0.00 ,  0.00 ,  0.00 
 0.00 ,  0.00 ,  0.00 
 0.00 ,  0.00 ,  0.00 
 0.00 ,  0.00 ,  0.00 
 0.00 ,  0.00 ,  0.00 
 0.00 ,  0.00 ,  0.00 
 0.00 ,  0.00 ,  0.00 
 0.00 ,  0.00 ,  0.00 
 0.00 ,  0.00 ,  0.00 
 0.00 ,  0.00 ,  0.00 
 0.00 ,  0.00 ,  0.00 
4044.48 ,  0.00 , 3761.37 
 0.00 ,  0.00 ,  0.00 
 0.00 ,  0.00 ,  0.00 
 0.00 ,  0.00 ,  0.00 
 0.00 ,  0.00 ,  0.00 
 0.00 ,  0.00 ,  0.00 
 0.00 ,  0.00 ,  0.00 
 0.00 ,  0.00 ,  0.00 
 0.00 ,  0.00 ,  0.00 
 0.00 ,  0.00 ,  0.00 
4042.84 ,  0.00 , 3759.85 
 0.00 ,  0.00 ,  0.00 
 0.00 ,  0.00 ,  0.00 
 0.00 ,  0.00 ,  0.00 
 0.00 ,  0.00 ,  0.00 
 0.00 ,  0.00 ,  0.00 
 0.00 ,  0.00 ,  0.00 
 0.00 ,  0.00 ,  0.00 
 0.00 ,  0.00 ,  0.00 
 0.00 ,  0.00 ,  0.00 
 0.00 ,  0.00 ,  0.00 
 0.00 ,  0.00 ,  0.00 
 0.00 ,  0.00 ,  0.00 
 0.00 ,  0.00 ,  0.00 
4044.48 ,  0.00 , 3761.37 
 0.00 ,  0.00 ,  0.00 
 0.00 ,  0.00 ,  0.00 
 0.00 ,  0.00 ,  0.00 
 0.00 ,  0.00 ,  0.00 
 0.00 ,  0.00 ,  0.00 
 0.00 ,  0.00 ,  0.00 
 0.00 ,  0.00 ,  0.00 
 0.00 ,  0.00 ,  0.00 
 0.00 ,  0.00 ,  0.00 
4042.84 ,  0.00 , 3759.85 
 0.00 ,  0.00 ,  0.00 
 0.00 ,  0.00 ,  0.00 
 0.00 ,  0.00 ,  0.00 
 0.00 ,  0.00 ,  0.00 
 0.00 ,  0.00 ,  0.00 
 0.00 ,  0.00 ,  0.00 
 0.00 ,  0.00 ,  0.00 
 0.00 ,  0.00 ,  0.00 
 0.00 ,  0.00 ,  0.00 
 0.00 ,  0.00 ,  0.00 
 0.00 ,  0.00 ,  0.00 
 0.00 ,  0.00 ,  0.00 
 0.00 ,  0.00 ,  0.00 
4044.48 ,  0.00 , 3761.37 
 0.00 ,  0.00 ,  0.00 
 0.00 ,  0.00 ,  0.00 
 0.00 ,  0.00 ,  0.00 
 0.00 ,  0.00 ,  0.00 
 0.00 ,  0.00 ,  0.00 
 0.00 ,  0.00 ,  0.00 
 0.00 ,  0.00 ,  0.00 
 0.00 ,  0.00 ,  0.00 
 0.00 ,  0.00 ,  0.00 
4042.84 ,  0.00 , 3759.85 
 0.00 ,  0.00 ,  0.00 
 0.00 ,  0.00 ,  0.00 
 0.00 ,  0.00 ,  0.00 
 0.00 ,  0.00 ,  0.00 
 0.00 ,  0.00 ,  0.00 
 0.00 ,  0.00 ,  0.00 
 0.00 ,  0.00 ,  0.00 
 0.00 ,  0.00 ,  0.00 
 0.00 ,  0.00 ,  0.00 
 0.00 ,  0.00 ,  0.00 
 0.00 ,  0.00 ,  0.00 
 0.00 ,  0.00 ,  0.00 
 0.00 ,  0.00 ,  0.00 
4044.48 ,  0.00 , 3761.37 
 0.00 ,  0.00 ,  0.00 
 0.00 ,  0.00 ,  0.00 
 0.00 ,  0.00 ,  0.00 
 0.00 ,  0.00 ,  0.00 
 0.00 ,  0.00 ,  0.00 
 0.00 ,  0.00 ,  0.00 
 0.00 ,  0.00 ,  0.00 
 0.00 ,  0.00 ,  0.00 
 0.00 ,  0.00 ,  0.00 
4042.84 ,  0.00 , 3759.85 
 0.00 ,  0.00 ,  0.00 
 0.00 ,  0.00 ,  0.00 
 0.00 ,  0.00 ,  0.00 
 0.00 ,  0.00 ,  0.00 
 0.00 ,  0.00 ,  0.00 
 0.00 ,  0.00 ,  0.00 
 0.00 ,  0.00 ,  0.00 
 0.00 ,  0.00 ,  0.00 
 0.00 ,  0.00 ,  0.00 
 0.00 ,  0.00 ,  0.00 
 0.00 ,  0.00 ,  0.00 
 0.00 ,  0.00 ,  0.00 
 0.00 ,  0.00 ,  0.00 
4044.48 ,  0.00 , 3761.37 
 0.00 ,  0.00 ,  0.00 
 0.00 ,  0.00 ,  0.00 
 0.00 ,  0.00 ,  0.00 
 0.00 ,  0.00 ,  0.00 
 0.00 ,  0.00 ,  0.00 
 0.00 ,  0.00 ,  0.00 
 0.00 ,  0.00 ,  0.00 
 0.00 ,  0.00 ,  0.00 
 0.00 ,  0.00 ,  0.00 
4042.84 ,  0.00 , 3759.85 
 0.00 ,  0.00 ,  0.00 
 0.00 ,  0.00 ,  0.00 
 0.00 ,  0.00 ,  0.00 
 0.00 ,  0.00 ,  0.00 
 0.00 ,  0.00 ,  0.00 
 0.00 ,  0.00 ,  0.00 
 0.00 ,  0.00 ,  0.00 
 0.00 ,  0.00 ,  0.00 
 0.00 ,  0.00 ,  0.00 
 0.00 ,  0.00 ,  0.00 
 0.00 ,  0.00 ,  0.00 
 0.00 ,  0.00 ,  0.00 
 0.00 ,  0.00 ,  0.00 
4044.48 ,  0.00 , 3761.37 
 0.00 ,  0.00 ,  0.00 
 0.00 ,  0.00 ,  0.00 
 0.00 ,  0.00 ,  0.00 
 0.00 ,  0.00 ,  0.00 
 0.00 ,  0.00 ,  0.00 
 0.00 ,  0.00 ,  0.00 
 0.00 ,  0.00 ,  0.00 
 0.00 ,  0.00 ,  0.00 
 0.00 ,  0.00 ,  0.00 
4042.84 ,  0.00 , 3759.85 
 0.00 ,  0.00 ,  0.00 
 0.00 ,  0.00 ,  0.00 
 0.00 ,  0.00 ,  0.00 
 0.00 ,  0.00 ,  0.00 
 0.00 ,  0.00 ,  0.00 
 0.00 ,  0.00 ,  0.00 
 0.00 ,  0.00 ,  0.00 
 0.00 ,  0.00 ,  0.00 
 0.00 ,  0.00 ,  0.00 
 0.00 ,  0.00 ,  0.00 
 0.00 ,  0.00 ,  0.00 
 0.00 ,  0.00 ,  0.00 
 0.00 ,  0.00 ,  0.00 
4044.48 ,  0.00 , 3761.37 
 0.00 ,  0.00 ,  0.00 
 0.00 ,  0.00 ,  0.00 
 0.00 ,  0.00 ,  0.00 
 0.00 ,  0.00 ,  0.00 
 0.00 ,  0.00 ,  0.00 
 0.00 ,  0.00 ,  0.00 
 0.00 ,  0.00 ,  0.00 
 0.00 ,  0.00 ,  0.00 
 0.00 ,  0.00 ,  0.00 
4042.84 ,  0.00 , 3759.85 
 0.00 ,  0.00 ,  0.00 
 0.00 ,  0.00 ,  0.00 
 0.00 ,  0.00 ,  0.00 
 0.00 ,  0.00 ,  0.00 
 0.00 ,  0.00 ,  0.00 
 0.00 ,  0.00 ,  0.00 
 0.00 ,  0.00 ,  0.00 
 0.00 ,  0.00 ,  0.00 
 0.00 ,  0.00 ,  0.00 
 0.00 ,  0.00 ,  0.00 
 0.00 ,  0.00 ,  0.00 
 0.00 ,  0.00 ,  0.00 
 0.00 ,  0.00 ,  0.00 
4044.48 ,  0.00 , 3761.37 
 0.00 ,  0.00 ,  0.00 
 0.00 ,  0.00 ,  0.00 
 0.00 ,  0.00 ,  0.00 
 0.00 ,  0.00 ,  0.00 
 0.00 ,  0.00 ,  0.00 
 0.00 ,  0.00 ,  0.00 
 0.00 ,  0.00 ,  0.00 
 0.00 ,  0.00 ,  0.00 
 0.00 ,  0.00 ,  0.00 
4042.84 ,  0.00 , 3759.85 
 0.00 ,  0.00 ,  0.00 
 0.00 ,  0.00 ,  0.00 
 0.00 ,  0.00 ,  0.00 
 0.00 ,  0.00 ,  0.00 
 0.00 ,  0.00 ,  0.00 
 0.00 ,  0.00 ,  0.00 
 0.00 ,  0.00 ,  0.00 
 0.00 ,  0.00 ,  0.00 
 0.00 ,  0.00 ,  0.00 
 0.00 ,  0.00 ,  0.00 
 0.00 ,  0.00 ,  0.00 
 0.00 ,  0.00 ,  0.00 
 0.00 ,  0.00 ,  0.00 
4044.48 ,  0.00 , 3761.37 
 0.00 ,  0.00 ,  0.00 
 0.00 ,  0.00 ,  0.00 
 0.00 ,  0.00 ,  0.00 
 0.00 ,  0.00 ,  0.00 
 0.00 ,  0.00 ,  0.00 
 0.00 ,  0.00 ,  0.00 
 0.00 ,  0.00 ,  0.00 
 0.00 ,  0.00 ,  0.00 
 0.00 ,  0.00 ,  0.00 
4042.84 ,  0.00 , 3759.85 
 0.00 ,  0.00 ,  0.00 
 0.00 ,  0.00 ,  0.00 
 0.00 ,  0.00 ,  0.00 
 0.00 ,  0.00 ,  0.00 
 0.00 ,  0.00 ,  0.00 
 0.00 ,  0.00 ,  0.00 
 0.00 ,  0.00 ,  0.00 
 0.00 ,  0.00 ,  0.00 
 0.00 ,  0.00 ,  0.00 
 0.00 ,  0.00 ,  0.00 
 0.00 ,  0.00 ,  0.00 
 0.00 ,  0.00 ,  0.00 
 0.00 ,  0.00 ,  0.00 
4044.48 ,  0.00 , 3761.37 
 0.00 ,  0.00 ,  0.00 
 0.00 ,  0.00 ,  0.00 
 0.00 ,  0.00 ,  0.00 
 0.00 ,  0.00 ,  0.00 
 0.00 ,  0.00 ,  0.00 
 0.00 ,  0.00 ,  0.00 
 0.00 ,  0.00 ,  0.00 
 0.00 ,  0.00 ,  0.00 
 0.00 ,  0.00 ,  0.00 
4042.84 ,  0.00 , 3759.85 
 0.00 ,  0.00 ,  0.00 
 0.00 ,  0.00 ,  0.00 
 0.00 ,  0.00 ,  0.00 
 0.00 ,  0.00 ,  0.00 
 0.00 ,  0.00 ,  0.00 
 0.00 ,  0.00 ,  0.00 
 0.00 ,  0.00 ,  0.00 
 0.00 ,  0.00 ,  0.00 
 0.00 ,  0.00 ,  0.00 
 0.00 ,  0.00 ,  0.00 
 0.00 ,  0.00 ,  0.00 
 0.00 ,  0.00 ,  0.00 
 0.00 ,  0.00 ,  0.00 
3978.65 ,  0.00 , 3700.15 
 0.00 ,  0.00 ,  0.00 
 0.00 ,  0.00 ,  0.00 
 0.00 ,  0.00 ,  0.00 
 0.00 ,  0.00 ,  0.00 
 0.00 ,  0.00 ,  0.00 
 0.00 ,  0.00 ,  0.00 
 0.00 ,  0.00 ,  0.00 
 0.00 ,  0.00 ,  0.00 
 0.00 ,  0.00 ,  0.00 
3823.47 ,  0.00 , 3555.83 
 0.00 ,  0.00 ,  0.00 
 0.00 ,  0.00 ,  0.00 
 0.00 ,  0.00 ,  0.00 
 0.00 ,  0.00 ,  0.00 
 0.00 ,  0.00 ,  0.00 
 0.00 ,  0.00 ,  0.00 
 0.00 ,  0.00 ,  0.00 
 0.00 ,  0.00 ,  0.00 
 0.00 ,  0.00 ,  0.00 
 0.00 ,  0.00 ,  0.00 
 0.00 ,  0.00 ,  0.00 
 0.00 ,  0.00 ,  0.00 
 0.00 ,  0.00 ,  0.00 
3836.01 ,  0.00 , 3567.49 
 0.00 ,  0.00 ,  0.00 
 0.00 ,  0.00 ,  0.00 
 0.00 ,  0.00 ,  0.00 
 0.00 ,  0.00 ,  0.00 
 0.00 ,  0.00 ,  0.00 
 0.00 ,  0.00 ,  0.00 
 0.00 ,  0.00 ,  0.00 
 0.00 ,  0.00 ,  0.00 
 0.00 ,  0.00 ,  0.00 
3823.47 ,  0.00 , 3555.83 
 0.00 ,  0.00 ,  0.00 
 0.00 ,  0.00 ,  0.00 
 0.00 ,  0.00 ,  0.00 
 0.00 ,  0.00 ,  0.00 
 0.00 ,  0.00 ,  0.00 
 0.00 ,  0.00 ,  0.00 
 0.00 ,  0.00 ,  0.00 
 0.00 ,  0.00 ,  0.00 
 0.00 ,  0.00 ,  0.00 
 0.00 ,  0.00 ,  0.00 
 0.00 ,  0.00 ,  0.00 
 0.00 ,  0.00 ,  0.00 
 0.00 ,  0.00 ,  0.00 
3836.01 ,  0.00 , 3567.49 
 0.00 ,  0.00 ,  0.00 
 0.00 ,  0.00 ,  0.00 
 0.00 ,  0.00 ,  0.00 
 0.00 ,  0.00 ,  0.00 
 0.00 ,  0.00 ,  0.00 
 0.00 ,  0.00 ,  0.00 
 0.00 ,  0.00 ,  0.00 
 0.00 ,  0.00 ,  0.00 
 0.00 ,  0.00 ,  0.00 
3823.47 ,  0.00 , 3555.83 
 0.00 ,  0.00 ,  0.00 
 0.00 ,  0.00 ,  0.00 
 0.00 ,  0.00 ,  0.00 
 0.00 ,  0.00 ,  0.00 
 0.00 ,  0.00 ,  0.00 
 0.00 ,  0.00 ,  0.00 
 0.00 ,  0.00 ,  0.00 
 0.00 ,  0.00 ,  0.00 
 0.00 ,  0.00 ,  0.00 
 0.00 ,  0.00 ,  0.00 
 0.00 ,  0.00 ,  0.00 
 0.00 ,  0.00 ,  0.00 
 0.00 ,  0.00 ,  0.00 
3836.01 ,  0.00 , 3567.49 
 0.00 ,  0.00 ,  0.00 
 0.00 ,  0.00 ,  0.00 
 0.00 ,  0.00 ,  0.00 
 0.00 ,  0.00 ,  0.00 
 0.00 ,  0.00 ,  0.00 
 0.00 ,  0.00 ,  0.00 
 0.00 ,  0.00 ,  0.00 
 0.00 ,  0.00 ,  0.00 
 0.00 ,  0.00 ,  0.00 
3823.47 ,  0.00 , 3555.83 
 0.00 ,  0.00 ,  0.00 
 0.00 ,  0.00 ,  0.00 
 0.00 ,  0.00 ,  0.00 
 0.00 ,  0.00 ,  0.00 
 0.00 ,  0.00 ,  0.00 
 0.00 ,  0.00 ,  0.00 
 0.00 ,  0.00 ,  0.00 
 0.00 ,  0.00 ,  0.00 
 0.00 ,  0.00 ,  0.00 
 0.00 ,  0.00 ,  0.00 
 0.00 ,  0.00 ,  0.00 
 0.00 ,  0.00 ,  0.00 
 0.00 ,  0.00 ,  0.00 
3836.01 ,  0.00 , 3567.49 
 0.00 ,  0.00 ,  0.00 
 0.00 ,  0.00 ,  0.00 
 0.00 ,  0.00 ,  0.00 
 0.00 ,  0.00 ,  0.00 
 0.00 ,  0.00 ,  0.00 
 0.00 ,  0.00 ,  0.00 
 0.00 ,  0.00 ,  0.00 
 0.00 ,  0.00 ,  0.00 
 0.00 ,  0.00 ,  0.00 
3823.47 ,  0.00 , 3555.83 
 0.00 ,  0.00 ,  0.00 
 0.00 ,  0.00 ,  0.00 
 0.00 ,  0.00 ,  0.00 
 0.00 ,  0.00 ,  0.00 
 0.00 ,  0.00 ,  0.00 
 0.00 ,  0.00 ,  0.00 
 0.00 ,  0.00 ,  0.00 
 0.00 ,  0.00 ,  0.00 
 0.00 ,  0.00 ,  0.00 
 0.00 ,  0.00 ,  0.00 
 0.00 ,  0.00 ,  0.00 
 0.00 ,  0.00 ,  0.00 
 0.00 ,  0.00 ,  0.00 
3836.01 ,  0.00 , 3567.49 
 0.00 ,  0.00 ,  0.00 
 0.00 ,  0.00 ,  0.00 
 0.00 ,  0.00 ,  0.00 
 0.00 ,  0.00 ,  0.00 
 0.00 ,  0.00 ,  0.00 
 0.00 ,  0.00 ,  0.00 
 0.00 ,  0.00 ,  0.00 
 0.00 ,  0.00 ,  0.00 
 0.00 ,  0.00 ,  0.00 
3823.47 ,  0.00 , 3555.83 
 0.00 ,  0.00 ,  0.00 
 0.00 ,  0.00 ,  0.00 
 0.00 ,  0.00 ,  0.00 
 0.00 ,  0.00 ,  0.00 
 0.00 ,  0.00 ,  0.00 
 0.00 ,  0.00 ,  0.00 
 0.00 ,  0.00 ,  0.00 
 0.00 ,  0.00 ,  0.00 
 0.00 ,  0.00 ,  0.00 
 0.00 ,  0.00 ,  0.00 
 0.00 ,  0.00 ,  0.00 
 0.00 ,  0.00 ,  0.00 
 0.00 ,  0.00 ,  0.00 
3836.01 ,  0.00 , 3567.49 
 0.00 ,  0.00 ,  0.00 
 0.00 ,  0.00 ,  0.00 
 0.00 ,  0.00 ,  0.00 
 0.00 ,  0.00 ,  0.00 
 0.00 ,  0.00 ,  0.00 
 0.00 ,  0.00 ,  0.00 
 0.00 ,  0.00 ,  0.00 
 0.00 ,  0.00 ,  0.00 
 0.00 ,  0.00 ,  0.00 
3823.47 ,  0.00 , 3555.83 
 0.00 ,  0.00 ,  0.00 
 0.00 ,  0.00 ,  0.00 
 0.00 ,  0.00 ,  0.00 
 0.00 ,  0.00 ,  0.00 
 0.00 ,  0.00 ,  0.00 
 0.00 ,  0.00 ,  0.00 
 0.00 ,  0.00 ,  0.00 
 0.00 ,  0.00 ,  0.00 
 0.00 ,  0.00 ,  0.00 
 0.00 ,  0.00 ,  0.00 
 0.00 ,  0.00 ,  0.00 
 0.00 ,  0.00 ,  0.00 
 0.00 ,  0.00 ,  0.00 
3836.01 ,  0.00 , 3567.49 
 0.00 ,  0.00 ,  0.00 
 0.00 ,  0.00 ,  0.00 
 0.00 ,  0.00 ,  0.00 
 0.00 ,  0.00 ,  0.00 
 0.00 ,  0.00 ,  0.00 
 0.00 ,  0.00 ,  0.00 
 0.00 ,  0.00 ,  0.00 
 0.00 ,  0.00 ,  0.00 
 0.00 ,  0.00 ,  0.00 
3823.47 ,  0.00 , 3555.83 
 0.00 ,  0.00 ,  0.00 
 0.00 ,  0.00 ,  0.00 
 0.00 ,  0.00 ,  0.00 
 0.00 ,  0.00 ,  0.00 
 0.00 ,  0.00 ,  0.00 
 0.00 ,  0.00 ,  0.00 
 0.00 ,  0.00 ,  0.00 
 0.00 ,  0.00 ,  0.00 
 0.00 ,  0.00 ,  0.00 
 0.00 ,  0.00 ,  0.00 
 0.00 ,  0.00 ,  0.00 
 0.00 ,  0.00 ,  0.00 
 0.00 ,  0.00 ,  0.00 
3836.01 ,  0.00 , 3567.49 
 0.00 ,  0.00 ,  0.00 
 0.00 ,  0.00 ,  0.00 
 0.00 ,  0.00 ,  0.00 
 0.00 ,  0.00 ,  0.00 
 0.00 ,  0.00 ,  0.00 
 0.00 ,  0.00 ,  0.00 
 0.00 ,  0.00 ,  0.00 
 0.00 ,  0.00 ,  0.00 
 0.00 ,  0.00 ,  0.00 
3823.47 ,  0.00 , 3555.83 
 0.00 ,  0.00 ,  0.00 
 0.00 ,  0.00 ,  0.00 
 0.00 ,  0.00 ,  0.00 
 0.00 ,  0.00 ,  0.00 
 0.00 ,  0.00 ,  0.00 
 0.00 ,  0.00 ,  0.00 
 0.00 ,  0.00 ,  0.00 
 0.00 ,  0.00 ,  0.00 
 0.00 ,  0.00 ,  0.00 
 0.00 ,  0.00 ,  0.00 
 0.00 ,  0.00 ,  0.00 
 0.00 ,  0.00 ,  0.00 
 0.00 ,  0.00 ,  0.00 
3836.01 ,  0.00 , 3567.49 
 0.00 ,  0.00 ,  0.00 
 0.00 ,  0.00 ,  0.00 
 0.00 ,  0.00 ,  0.00 
 0.00 ,  0.00 ,  0.00 
 0.00 ,  0.00 ,  0.00 
 0.00 ,  0.00 ,  0.00 
 0.00 ,  0.00 ,  0.00 
 0.00 ,  0.00 ,  0.00 
 0.00 ,  0.00 ,  0.00 
3823.47 ,  0.00 , 3555.83 
 0.00 ,  0.00 ,  0.00 
 0.00 ,  0.00 ,  0.00 
 0.00 ,  0.00 ,  0.00 
 0.00 ,  0.00 ,  0.00 
 0.00 ,  0.00 ,  0.00 
 0.00 ,  0.00 ,  0.00 
 0.00 ,  0.00 ,  0.00 
 0.00 ,  0.00 ,  0.00 
 0.00 ,  0.00 ,  0.00 
 0.00 ,  0.00 ,  0.00 
 0.00 ,  0.00 ,  0.00 
 0.00 ,  0.00 ,  0.00 
 0.00 ,  0.00 ,  0.00 
3836.01 ,  0.00 , 3567.49 
 0.00 ,  0.00 ,  0.00 
 0.00 ,  0.00 ,  0.00 
 0.00 ,  0.00 ,  0.00 
 0.00 ,  0.00 ,  0.00 
 0.00 ,  0.00 ,  0.00 
 0.00 ,  0.00 ,  0.00 
 0.00 ,  0.00 ,  0.00 
 0.00 ,  0.00 ,  0.00 
 0.00 ,  0.00 ,  0.00 
3823.47 ,  0.00 , 3555.83 
 0.00 ,  0.00 ,  0.00 
 0.00 ,  0.00 ,  0.00 
 0.00 ,  0.00 ,  0.00 
 0.00 ,  0.00 ,  0.00 
 0.00 ,  0.00 ,  0.00 
 0.00 ,  0.00 ,  0.00 
 0.00 ,  0.00 ,  0.00 
 0.00 ,  0.00 ,  0.00 
 0.00 ,  0.00 ,  0.00 
 0.00 ,  0.00 ,  0.00 
 0.00 ,  0.00 ,  0.00 
 0.00 ,  0.00 ,  0.00 
 0.00 ,  0.00 ,  0.00 
3836.01 ,  0.00 , 3567.49 
 0.00 ,  0.00 ,  0.00 
 0.00 ,  0.00 ,  0.00 
 0.00 ,  0.00 ,  0.00 
 0.00 ,  0.00 ,  0.00 
 0.00 ,  0.00 ,  0.00 
 0.00 ,  0.00 ,  0.00 
 0.00 ,  0.00 ,  0.00 
 0.00 ,  0.00 ,  0.00 
 0.00 ,  0.00 ,  0.00 
3823.47 ,  0.00 , 3555.83 
 0.00 ,  0.00 ,  0.00 
 0.00 ,  0.00 ,  0.00 
 0.00 ,  0.00 ,  0.00 
 0.00 ,  0.00 ,  0.00 
 0.00 ,  0.00 ,  0.00 
 0.00 ,  0.00 ,  0.00 
 0.00 ,  0.00 ,  0.00 
 0.00 ,  0.00 ,  0.00 
 0.00 ,  0.00 ,  0.00 
 0.00 ,  0.00 ,  0.00 
 0.00 ,  0.00 ,  0.00 
 0.00 ,  0.00 ,  0.00 
 0.00 ,  0.00 ,  0.00 
3836.01 ,  0.00 , 3567.49 
 0.00 ,  0.00 ,  0.00 
 0.00 ,  0.00 ,  0.00 
 0.00 ,  0.00 ,  0.00 
 0.00 ,  0.00 ,  0.00 
 0.00 ,  0.00 ,  0.00 
 0.00 ,  0.00 ,  0.00 
 0.00 ,  0.00 ,  0.00 
 0.00 ,  0.00 ,  0.00 
 0.00 ,  0.00 ,  0.00 
3823.47 ,  0.00 , 3555.83 
 0.00 ,  0.00 ,  0.00 
 0.00 ,  0.00 ,  0.00 
 0.00 ,  0.00 ,  0.00 
 0.00 ,  0.00 ,  0.00 
 0.00 ,  0.00 ,  0.00 
 0.00 ,  0.00 ,  0.00 
 0.00 ,  0.00 ,  0.00 
 0.00 ,  0.00 ,  0.00 
 0.00 ,  0.00 ,  0.00 
 0.00 ,  0.00 ,  0.00 
 0.00 ,  0.00 ,  0.00 
 0.00 ,  0.00 ,  0.00 
 0.00 ,  0.00 ,  0.00 
3836.01 ,  0.00 , 3567.49 
 0.00 ,  0.00 ,  0.00 
 0.00 ,  0.00 ,  0.00 
 0.00 ,  0.00 ,  0.00 
 0.00 ,  0.00 ,  0.00 
 0.00 ,  0.00 ,  0.00 
 0.00 ,  0.00 ,  0.00 
 0.00 ,  0.00 ,  0.00 
 0.00 ,  0.00 ,  0.00 
 0.00 ,  0.00 ,  0.00 
3823.47 ,  0.00 , 3555.83 
 0.00 ,  0.00 ,  0.00 
 0.00 ,  0.00 ,  0.00 
 0.00 ,  0.00 ,  0.00 
 0.00 ,  0.00 ,  0.00 
 0.00 ,  0.00 ,  0.00 
 0.00 ,  0.00 ,  0.00 
 0.00 ,  0.00 ,  0.00 
 0.00 ,  0.00 ,  0.00 
 0.00 ,  0.00 ,  0.00 
 0.00 ,  0.00 ,  0.00 
 0.00 ,  0.00 ,  0.00 
 0.00 ,  0.00 ,  0.00 
 0.00 ,  0.00 ,  0.00 
3836.01 ,  0.00 , 3567.49 
 0.00 ,  0.00 ,  0.00 
 0.00 ,  0.00 ,  0.00 
 0.00 ,  0.00 ,  0.00 
 0.00 ,  0.00 ,  0.00 
 0.00 ,  0.00 ,  0.00 
 0.00 ,  0.00 ,  0.00 
 0.00 ,  0.00 ,  0.00 
 0.00 ,  0.00 ,  0.00 
 0.00 ,  0.00 ,  0.00 
3823.47 ,  0.00 , 3555.83 
 0.00 ,  0.00 ,  0.00 
 0.00 ,  0.00 ,  0.00 
 0.00 ,  0.00 ,  0.00 
 0.00 ,  0.00 ,  0.00 
 0.00 ,  0.00 ,  0.00 
 0.00 ,  0.00 ,  0.00 
 0.00 ,  0.00 ,  0.00 
 0.00 ,  0.00 ,  0.00 
 0.00 ,  0.00 ,  0.00 
 0.00 ,  0.00 ,  0.00 
 0.00 ,  0.00 ,  0.00 
 0.00 ,  0.00 ,  0.00 
 0.00 ,  0.00 ,  0.00 
3836.01 ,  0.00 , 3567.49 
 0.00 ,  0.00 ,  0.00 
 0.00 ,  0.00 ,  0.00 
 0.00 ,  0.00 ,  0.00 
 0.00 ,  0.00 ,  0.00 
 0.00 ,  0.00 ,  0.00 
 0.00 ,  0.00 ,  0.00 
 0.00 ,  0.00 ,  0.00 
 0.00 ,  0.00 ,  0.00 
 0.00 ,  0.00 ,  0.00 
3823.47 ,  0.00 , 3555.83 
 0.00 ,  0.00 ,  0.00 
 0.00 ,  0.00 ,  0.00 
 0.00 ,  0.00 ,  0.00 
 0.00 ,  0.00 ,  0.00 
 0.00 ,  0.00 ,  0.00 
 0.00 ,  0.00 ,  0.00 
 0.00 ,  0.00 ,  0.00 
 0.00 ,  0.00 ,  0.00 
 0.00 ,  0.00 ,  0.00 
 0.00 ,  0.00 ,  0.00 
 0.00 ,  0.00 ,  0.00 
 0.00 ,  0.00 ,  0.00 
 0.00 ,  0.00 ,  0.00 
3836.01 ,  0.00 , 3567.49 
 0.00 ,  0.00 ,  0.00 
 0.00 ,  0.00 ,  0.00 
 0.00 ,  0.00 ,  0.00 
 0.00 ,  0.00 ,  0.00 
 0.00 ,  0.00 ,  0.00 
 0.00 ,  0.00 ,  0.00 
 0.00 ,  0.00 ,  0.00 
 0.00 ,  0.00 ,  0.00 
 0.00 ,  0.00 ,  0.00 
3823.47 ,  0.00 , 3555.83 
 0.00 ,  0.00 ,  0.00 
 0.00 ,  0.00 ,  0.00 
 0.00 ,  0.00 ,  0.00 
 0.00 ,  0.00 ,  0.00 
 0.00 ,  0.00 ,  0.00 
 0.00 ,  0.00 ,  0.00 
 0.00 ,  0.00 ,  0.00 
 0.00 ,  0.00 ,  0.00 
 0.00 ,  0.00 ,  0.00 
 0.00 ,  0.00 ,  0.00 
 0.00 ,  0.00 ,  0.00 
 0.00 ,  0.00 ,  0.00 
 0.00 ,  0.00 ,  0.00 
3836.01 ,  0.00 , 3567.49 
 0.00 ,  0.00 ,  0.00 
 0.00 ,  0.00 ,  0.00 
 0.00 ,  0.00 ,  0.00 
 0.00 ,  0.00 ,  0.00 
 0.00 ,  0.00 ,  0.00 
 0.00 ,  0.00 ,  0.00 
 0.00 ,  0.00 ,  0.00 
 0.00 ,  0.00 ,  0.00 
 0.00 ,  0.00 ,  0.00 
3823.47 ,  0.00 , 3555.83 
 0.00 ,  0.00 ,  0.00 
 0.00 ,  0.00 ,  0.00 
 0.00 ,  0.00 ,  0.00 
 0.00 ,  0.00 ,  0.00 
 0.00 ,  0.00 ,  0.00 
 0.00 ,  0.00 ,  0.00 
 0.00 ,  0.00 ,  0.00 
 0.00 ,  0.00 ,  0.00 
 0.00 ,  0.00 ,  0.00 
 0.00 ,  0.00 ,  0.00 
 0.00 ,  0.00 ,  0.00 
 0.00 ,  0.00 ,  0.00 
 0.00 ,  0.00 ,  0.00 
3836.01 ,  0.00 , 3567.49 
 0.00 ,  0.00 ,  0.00 
 0.00 ,  0.00 ,  0.00 
 0.00 ,  0.00 ,  0.00 
 0.00 ,  0.00 ,  0.00 
 0.00 ,  0.00 ,  0.00 
 0.00 ,  0.00 ,  0.00 
 0.00 ,  0.00 ,  0.00 
 0.00 ,  0.00 ,  0.00 
 0.00 ,  0.00 ,  0.00 
3823.47 ,  0.00 , 3555.83 
 0.00 ,  0.00 ,  0.00 
 0.00 ,  0.00 ,  0.00 
 0.00 ,  0.00 ,  0.00 
 0.00 ,  0.00 ,  0.00 
 0.00 ,  0.00 ,  0.00 
 0.00 ,  0.00 ,  0.00 
 0.00 ,  0.00 ,  0.00 
 0.00 ,  0.00 ,  0.00 
 0.00 ,  0.00 ,  0.00 
 0.00 ,  0.00 ,  0.00 
 0.00 ,  0.00 ,  0.00 
 0.00 ,  0.00 ,  0.00 
 0.00 ,  0.00 ,  0.00 
3836.01 ,  0.00 , 3567.49 
 0.00 ,  0.00 ,  0.00 
 0.00 ,  0.00 ,  0.00 
 0.00 ,  0.00 ,  0.00 
 0.00 ,  0.00 ,  0.00 
 0.00 ,  0.00 ,  0.00 
 0.00 ,  0.00 ,  0.00 
 0.00 ,  0.00 ,  0.00 
 0.00 ,  0.00 ,  0.00 
 0.00 ,  0.00 ,  0.00 
3823.47 ,  0.00 , 3555.83 
 0.00 ,  0.00 ,  0.00 
 0.00 ,  0.00 ,  0.00 
 0.00 ,  0.00 ,  0.00 
 0.00 ,  0.00 ,  0.00 
 0.00 ,  0.00 ,  0.00 
 0.00 ,  0.00 ,  0.00 
 0.00 ,  0.00 ,  0.00 
 0.00 ,  0.00 ,  0.00 
 0.00 ,  0.00 ,  0.00 
 0.00 ,  0.00 ,  0.00 
 0.00 ,  0.00 ,  0.00 
 0.00 ,  0.00 ,  0.00 
 0.00 ,  0.00 ,  0.00 
3836.01 ,  0.00 , 3567.49 
 0.00 ,  0.00 ,  0.00 
 0.00 ,  0.00 ,  0.00 
 0.00 ,  0.00 ,  0.00 
 0.00 ,  0.00 ,  0.00 
 0.00 ,  0.00 ,  0.00 
 0.00 ,  0.00 ,  0.00 
 0.00 ,  0.00 ,  0.00 
 0.00 ,  0.00 ,  0.00 
 0.00 ,  0.00 ,  0.00 
3823.47 ,  0.00 , 3555.83 
 0.00 ,  0.00 ,  0.00 
 0.00 ,  0.00 ,  0.00 
 0.00 ,  0.00 ,  0.00 
 0.00 ,  0.00 ,  0.00 
 0.00 ,  0.00 ,  0.00 
 0.00 ,  0.00 ,  0.00 
 0.00 ,  0.00 ,  0.00 
 0.00 ,  0.00 ,  0.00 
 0.00 ,  0.00 ,  0.00 
 0.00 ,  0.00 ,  0.00 
 0.00 ,  0.00 ,  0.00 
 0.00 ,  0.00 ,  0.00 
 0.00 ,  0.00 ,  0.00 
3836.01 ,  0.00 , 3567.49 
 0.00 ,  0.00 ,  0.00 
 0.00 ,  0.00 ,  0.00 
 0.00 ,  0.00 ,  0.00 
 0.00 ,  0.00 ,  0.00 
 0.00 ,  0.00 ,  0.00 
 0.00 ,  0.00 ,  0.00 
 0.00 ,  0.00 ,  0.00 
 0.00 ,  0.00 ,  0.00 
 0.00 ,  0.00 ,  0.00 
3823.47 ,  0.00 , 3555.83 
 0.00 ,  0.00 ,  0.00 
 0.00 ,  0.00 ,  0.00 
 0.00 ,  0.00 ,  0.00 
 0.00 ,  0.00 ,  0.00 
 0.00 ,  0.00 ,  0.00 
 0.00 ,  0.00 ,  0.00 
 0.00 ,  0.00 ,  0.00 
 0.00 ,  0.00 ,  0.00 
 0.00 ,  0.00 ,  0.00 
 0.00 ,  0.00 ,  0.00 
 0.00 ,  0.00 ,  0.00 
 0.00 ,  0.00 ,  0.00 
 0.00 ,  0.00 ,  0.00 
3836.01 ,  0.00 , 3567.49 
 0.00 ,  0.00 ,  0.00 
 0.00 ,  0.00 ,  0.00 
 0.00 ,  0.00 ,  0.00 
 0.00 ,  0.00 ,  0.00 
 0.00 ,  0.00 ,  0.00 
 0.00 ,  0.00 ,  0.00 
 0.00 ,  0.00 ,  0.00 
 0.00 ,  0.00 ,  0.00 
 0.00 ,  0.00 ,  0.00 
3823.47 ,  0.00 , 3555.83 
 0.00 ,  0.00 ,  0.00 
 0.00 ,  0.00 ,  0.00 
 0.00 ,  0.00 ,  0.00 
 0.00 ,  0.00 ,  0.00 
 0.00 ,  0.00 ,  0.00 
 0.00 ,  0.00 ,  0.00 
 0.00 ,  0.00 ,  0.00 
 0.00 ,  0.00 ,  0.00 
 0.00 ,  0.00 ,  0.00 
 0.00 ,  0.00 ,  0.00 
 0.00 ,  0.00 ,  0.00 
 0.00 ,  0.00 ,  0.00 
 0.00 ,  0.00 ,  0.00 
3836.01 ,  0.00 , 3567.49 
 0.00 ,  0.00 ,  0.00 
 0.00 ,  0.00 ,  0.00 
 0.00 ,  0.00 ,  0.00 
 0.00 ,  0.00 ,  0.00 
 0.00 ,  0.00 ,  0.00 
 0.00 ,  0.00 ,  0.00 
 0.00 ,  0.00 ,  0.00 
 0.00 ,  0.00 ,  0.00 
 0.00 ,  0.00 ,  0.00 
3823.47 ,  0.00 , 3555.83 
 0.00 ,  0.00 ,  0.00 
 0.00 ,  0.00 ,  0.00 
 0.00 ,  0.00 ,  0.00 
 0.00 ,  0.00 ,  0.00 
 0.00 ,  0.00 ,  0.00 
 0.00 ,  0.00 ,  0.00 
 0.00 ,  0.00 ,  0.00 
 0.00 ,  0.00 ,  0.00 
 0.00 ,  0.00 ,  0.00 
 0.00 ,  0.00 ,  0.00 
 0.00 ,  0.00 ,  0.00 
 0.00 ,  0.00 ,  0.00 
 0.00 ,  0.00 ,  0.00 
3836.01 ,  0.00 , 3567.49 
 0.00 ,  0.00 ,  0.00 
 0.00 ,  0.00 ,  0.00 
 0.00 ,  0.00 ,  0.00 
 0.00 ,  0.00 ,  0.00 
 0.00 ,  0.00 ,  0.00 
 0.00 ,  0.00 ,  0.00 
 0.00 ,  0.00 ,  0.00 
 0.00 ,  0.00 ,  0.00 
 0.00 ,  0.00 ,  0.00 
3823.47 ,  0.00 , 3555.83 
 0.00 ,  0.00 ,  0.00 
 0.00 ,  0.00 ,  0.00 
 0.00 ,  0.00 ,  0.00 
 0.00 ,  0.00 ,  0.00 
 0.00 ,  0.00 ,  0.00 
 0.00 ,  0.00 ,  0.00 
 0.00 ,  0.00 ,  0.00 
 0.00 ,  0.00 ,  0.00 
 0.00 ,  0.00 ,  0.00 
 0.00 ,  0.00 ,  0.00 
 0.00 ,  0.00 ,  0.00 
 0.00 ,  0.00 ,  0.00 
 0.00 ,  0.00 ,  0.00 
3836.01 ,  0.00 , 3567.49 
 0.00 ,  0.00 ,  0.00 
 0.00 ,  0.00 ,  0.00 
 0.00 ,  0.00 ,  0.00 
 0.00 ,  0.00 ,  0.00 
 0.00 ,  0.00 ,  0.00 
 0.00 ,  0.00 ,  0.00 
 0.00 ,  0.00 ,  0.00 
 0.00 ,  0.00 ,  0.00 
 0.00 ,  0.00 ,  0.00 
3823.47 ,  0.00 , 3555.83 
 0.00 ,  0.00 ,  0.00 
 0.00 ,  0.00 ,  0.00 
 0.00 ,  0.00 ,  0.00 
 0.00 ,  0.00 ,  0.00 
 0.00 ,  0.00 ,  0.00 
 0.00 ,  0.00 ,  0.00 
 0.00 ,  0.00 ,  0.00 
 0.00 ,  0.00 ,  0.00 
 0.00 ,  0.00 ,  0.00 
 0.00 ,  0.00 ,  0.00 
 0.00 ,  0.00 ,  0.00 
 0.00 ,  0.00 ,  0.00 
 0.00 ,  0.00 ,  0.00 
3836.01 ,  0.00 , 3567.49 
 0.00 ,  0.00 ,  0.00 
 0.00 ,  0.00 ,  0.00 
 0.00 ,  0.00 ,  0.00 
 0.00 ,  0.00 ,  0.00 
 0.00 ,  0.00 ,  0.00 
 0.00 ,  0.00 ,  0.00 
 0.00 ,  0.00 ,  0.00 
 0.00 ,  0.00 ,  0.00 
 0.00 ,  0.00 ,  0.00 
3823.47 ,  0.00 , 3555.83 
 0.00 ,  0.00 ,  0.00 
 0.00 ,  0.00 ,  0.00 
 0.00 ,  0.00 ,  0.00 
 0.00 ,  0.00 ,  0.00 
 0.00 ,  0.00 ,  0.00 
 0.00 ,  0.00 ,  0.00 
 0.00 ,  0.00 ,  0.00 
 0.00 ,  0.00 ,  0.00 
 0.00 ,  0.00 ,  0.00 
 0.00 ,  0.00 ,  0.00 
 0.00 ,  0.00 ,  0.00 
 0.00 ,  0.00 ,  0.00 
 0.00 ,  0.00 ,  0.00 
3836.01 ,  0.00 , 3567.49 
 0.00 ,  0.00 ,  0.00 
 0.00 ,  0.00 ,  0.00 
 0.00 ,  0.00 ,  0.00 
 0.00 ,  0.00 ,  0.00 
 0.00 ,  0.00 ,  0.00 
 0.00 ,  0.00 ,  0.00 
 0.00 ,  0.00 ,  0.00 
 0.00 ,  0.00 ,  0.00 
 0.00 ,  0.00 ,  0.00 
3823.47 ,  0.00 , 3555.83 
 0.00 ,  0.00 ,  0.00 
 0.00 ,  0.00 ,  0.00 
 0.00 ,  0.00 ,  0.00 
 0.00 ,  0.00 ,  0.00 
 0.00 ,  0.00 ,  0.00 
 0.00 ,  0.00 ,  0.00 
 0.00 ,  0.00 ,  0.00 
 0.00 ,  0.00 ,  0.00 
 0.00 ,  0.00 ,  0.00 
 0.00 ,  0.00 ,  0.00 
 0.00 ,  0.00 ,  0.00 
 0.00 ,  0.00 ,  0.00 
 0.00 ,  0.00 ,  0.00 
3836.01 ,  0.00 , 3567.49 
 0.00 ,  0.00 ,  0.00 
 0.00 ,  0.00 ,  0.00 
 0.00 ,  0.00 ,  0.00 
 0.00 ,  0.00 ,  0.00 
 0.00 ,  0.00 ,  0.00 
 0.00 ,  0.00 ,  0.00 
 0.00 ,  0.00 ,  0.00 
 0.00 ,  0.00 ,  0.00 
 0.00 ,  0.00 ,  0.00 
3823.47 ,  0.00 , 3555.83 
 0.00 ,  0.00 ,  0.00 
 0.00 ,  0.00 ,  0.00 
 0.00 ,  0.00 ,  0.00 
 0.00 ,  0.00 ,  0.00 
 0.00 ,  0.00 ,  0.00 
 0.00 ,  0.00 ,  0.00 
 0.00 ,  0.00 ,  0.00 
 0.00 ,  0.00 ,  0.00 
 0.00 ,  0.00 ,  0.00 
 0.00 ,  0.00 ,  0.00 
 0.00 ,  0.00 ,  0.00 
 0.00 ,  0.00 ,  0.00 
 0.00 ,  0.00 ,  0.00 
3836.01 ,  0.00 , 3567.49 
 0.00 ,  0.00 ,  0.00 
 0.00 ,  0.00 ,  0.00 
 0.00 ,  0.00 ,  0.00 
 0.00 ,  0.00 ,  0.00 
 0.00 ,  0.00 ,  0.00 
 0.00 ,  0.00 ,  0.00 
 0.00 ,  0.00 ,  0.00 
 0.00 ,  0.00 ,  0.00 
 0.00 ,  0.00 ,  0.00 
3823.47 ,  0.00 , 3555.83 
 0.00 ,  0.00 ,  0.00 
 0.00 ,  0.00 ,  0.00 
 0.00 ,  0.00 ,  0.00 
 0.00 ,  0.00 ,  0.00 
 0.00 ,  0.00 ,  0.00 
 0.00 ,  0.00 ,  0.00 
 0.00 ,  0.00 ,  0.00 
 0.00 ,  0.00 ,  0.00 
 0.00 ,  0.00 ,  0.00 
 0.00 ,  0.00 ,  0.00 
 0.00 ,  0.00 ,  0.00 
 0.00 ,  0.00 ,  0.00 
 0.00 ,  0.00 ,  0.00 
3770.18 ,  0.00 , 3506.26 
 0.00 ,  0.00 ,  0.00 
 0.00 ,  0.00 ,  0.00 
 0.00 ,  0.00 ,  0.00 
 0.00 ,  0.00 ,  0.00 
 0.00 ,  0.00 ,  0.00 
 0.00 ,  0.00 ,  0.00 
 0.00 ,  0.00 ,  0.00 
 0.00 ,  0.00 ,  0.00 
 0.00 ,  0.00 ,  0.00 
 0.00 ,  0.00 ,  0.00 
3950.17 ,  0.00 , 3673.65 
 0.00 ,  0.00 ,  0.00 
 0.00 ,  0.00 ,  0.00 
 0.00 ,  0.00 ,  0.00 
 0.00 ,  0.00 ,  0.00 
 0.00 ,  0.00 ,  0.00 
 0.00 ,  0.00 ,  0.00 
 0.00 ,  0.00 ,  0.00 
 0.00 ,  0.00 ,  0.00 
 0.00 ,  0.00 ,  0.00 
 0.00 ,  0.00 ,  0.00 
 0.00 ,  0.00 ,  0.00 
 0.00 ,  0.00 ,  0.00 
 0.00 ,  0.00 ,  0.00 
3759.64 ,  0.00 , 3496.46 
 0.00 ,  0.00 ,  0.00 
 0.00 ,  0.00 ,  0.00 
 0.00 ,  0.00 ,  0.00 
 0.00 ,  0.00 ,  0.00 
 0.00 ,  0.00 ,  0.00 
 0.00 ,  0.00 ,  0.00 
 0.00 ,  0.00 ,  0.00 
 0.00 ,  0.00 ,  0.00 
 0.00 ,  0.00 ,  0.00 
 0.00 ,  0.00 ,  0.00 
3956.16 ,  0.00 , 3679.23 
 0.00 ,  0.00 ,  0.00 
 0.00 ,  0.00 ,  0.00 
 0.00 ,  0.00 ,  0.00 
 0.00 ,  0.00 ,  0.00 
 0.00 ,  0.00 ,  0.00 
 0.00 ,  0.00 ,  0.00 
 0.00 ,  0.00 ,  0.00 
 0.00 ,  0.00 ,  0.00 
 0.00 ,  0.00 ,  0.00 
 0.00 ,  0.00 ,  0.00 
 0.00 ,  0.00 ,  0.00 
 0.00 ,  0.00 ,  0.00 
 0.00 ,  0.00 ,  0.00 
3772.88 ,  0.00 , 3508.77 
 0.00 ,  0.00 ,  0.00 
 0.00 ,  0.00 ,  0.00 
 0.00 ,  0.00 ,  0.00 
 0.00 ,  0.00 ,  0.00 
 0.00 ,  0.00 ,  0.00 
 0.00 ,  0.00 ,  0.00 
 0.00 ,  0.00 ,  0.00 
 0.00 ,  0.00 ,  0.00 
 0.00 ,  0.00 ,  0.00 
 0.00 ,  0.00 ,  0.00 
3899.06 ,  0.00 , 3626.13 
 0.00 ,  0.00 ,  0.00 
 0.00 ,  0.00 ,  0.00 
 0.00 ,  0.00 ,  0.00 
 0.00 ,  0.00 ,  0.00 
 0.00 ,  0.00 ,  0.00 
 0.00 ,  0.00 ,  0.00 
 0.00 ,  0.00 ,  0.00 
 0.00 ,  0.00 ,  0.00 
 0.00 ,  0.00 ,  0.00 
 0.00 ,  0.00 ,  0.00 
 0.00 ,  0.00 ,  0.00 
 0.00 ,  0.00 ,  0.00 
 0.00 ,  0.00 ,  0.00 
3782.12 ,  0.00 , 3517.37 
 0.00 ,  0.00 ,  0.00 
 0.00 ,  0.00 ,  0.00 
 0.00 ,  0.00 ,  0.00 
 0.00 ,  0.00 ,  0.00 
 0.00 ,  0.00 ,  0.00 
 0.00 ,  0.00 ,  0.00 
 0.00 ,  0.00 ,  0.00 
 0.00 ,  0.00 ,  0.00 
 0.00 ,  0.00 ,  0.00 
 0.00 ,  0.00 ,  0.00 
3902.17 ,  0.00 , 3629.02 
 0.00 ,  0.00 ,  0.00 
 0.00 ,  0.00 ,  0.00 
 0.00 ,  0.00 ,  0.00 
 0.00 ,  0.00 ,  0.00 
 0.00 ,  0.00 ,  0.00 
 0.00 ,  0.00 ,  0.00 
 0.00 ,  0.00 ,  0.00 
 0.00 ,  0.00 ,  0.00 
 0.00 ,  0.00 ,  0.00 
 0.00 ,  0.00 ,  0.00 
 0.00 ,  0.00 ,  0.00 
 0.00 ,  0.00 ,  0.00 
 0.00 ,  0.00 ,  0.00 
3791.32 ,  0.00 , 3525.92 
 0.00 ,  0.00 ,  0.00 
 0.00 ,  0.00 ,  0.00 
 0.00 ,  0.00 ,  0.00 
 0.00 ,  0.00 ,  0.00 
 0.00 ,  0.00 ,  0.00 
 0.00 ,  0.00 ,  0.00 
 0.00 ,  0.00 ,  0.00 
 0.00 ,  0.00 ,  0.00 
 0.00 ,  0.00 ,  0.00 
 0.00 ,  0.00 ,  0.00 
3842.21 ,  0.00 , 3573.25 
 0.00 ,  0.00 ,  0.00 
 0.00 ,  0.00 ,  0.00 
 0.00 ,  0.00 ,  0.00 
 0.00 ,  0.00 ,  0.00 
 0.00 ,  0.00 ,  0.00 
 0.00 ,  0.00 ,  0.00 
 0.00 ,  0.00 ,  0.00 
 0.00 ,  0.00 ,  0.00 
 0.00 ,  0.00 ,  0.00 
 0.00 ,  0.00 ,  0.00 
 0.00 ,  0.00 ,  0.00 
 0.00 ,  0.00 ,  0.00 
 0.00 ,  0.00 ,  0.00 
3796.54 ,  0.00 , 3530.78 
 0.00 ,  0.00 ,  0.00 
 0.00 ,  0.00 ,  0.00 
 0.00 ,  0.00 ,  0.00 
 0.00 ,  0.00 ,  0.00 
 0.00 ,  0.00 ,  0.00 
 0.00 ,  0.00 ,  0.00 
 0.00 ,  0.00 ,  0.00 
 0.00 ,  0.00 ,  0.00 
 0.00 ,  0.00 ,  0.00 
 0.00 ,  0.00 ,  0.00 
3842.46 ,  0.00 , 3573.49 
 0.00 ,  0.00 ,  0.00 
 0.00 ,  0.00 ,  0.00 
 0.00 ,  0.00 ,  0.00 
 0.00 ,  0.00 ,  0.00 
 0.00 ,  0.00 ,  0.00 
 0.00 ,  0.00 ,  0.00 
 0.00 ,  0.00 ,  0.00 
 0.00 ,  0.00 ,  0.00 
 0.00 ,  0.00 ,  0.00 
 0.00 ,  0.00 ,  0.00 
 0.00 ,  0.00 ,  0.00 
 0.00 ,  0.00 ,  0.00 
 0.00 ,  0.00 ,  0.00 
3801.73 ,  0.00 , 3535.61 
 0.00 ,  0.00 ,  0.00 
 0.00 ,  0.00 ,  0.00 
 0.00 ,  0.00 ,  0.00 
 0.00 ,  0.00 ,  0.00 
 0.00 ,  0.00 ,  0.00 
 0.00 ,  0.00 ,  0.00 
 0.00 ,  0.00 ,  0.00 
 0.00 ,  0.00 ,  0.00 
 0.00 ,  0.00 ,  0.00 
 0.00 ,  0.00 ,  0.00 
 0.00 ,  0.00 ,  0.00 
 0.00 ,  0.00 ,  0.00 
 0.00 ,  0.00 ,  0.00 
 0.00 ,  0.00 ,  0.00 
 0.00 ,  0.00 ,  0.00 
3806.23 ,  0.00 , 3539.79 
 0.00 ,  0.00 ,  0.00 
 0.00 ,  0.00 ,  0.00 
 0.00 ,  0.00 ,  0.00 
 0.00 ,  0.00 ,  0.00 
 0.00 ,  0.00 ,  0.00 
 0.00 ,  0.00 ,  0.00 
 0.00 ,  0.00 ,  0.00 
 0.00 ,  0.00 ,  0.00 
 0.00 ,  0.00 ,  0.00 
3914.48 ,  0.00 , 3640.47 
 0.00 ,  0.00 ,  0.00 
 0.00 ,  0.00 ,  0.00 
 0.00 ,  0.00 ,  0.00 
 0.00 ,  0.00 ,  0.00 
 0.00 ,  0.00 ,  0.00 
 0.00 ,  0.00 ,  0.00 
 0.00 ,  0.00 ,  0.00 
 0.00 ,  0.00 ,  0.00 
 0.00 ,  0.00 ,  0.00 
 0.00 ,  0.00 ,  0.00 
 0.00 ,  0.00 ,  0.00 
 0.00 ,  0.00 ,  0.00 
 0.00 ,  0.00 ,  0.00 
 0.00 ,  0.00 ,  0.00 
 0.00 ,  0.00 ,  0.00 
4187.97 ,  0.00 , 3894.81 
 0.00 ,  0.00 ,  0.00 
 0.00 ,  0.00 ,  0.00 
 0.00 ,  0.00 ,  0.00 
 0.00 ,  0.00 ,  0.00 
 0.00 ,  0.00 ,  0.00 
 0.00 ,  0.00 ,  0.00 
 0.00 ,  0.00 ,  0.00 
 0.00 ,  0.00 ,  0.00 
 0.00 ,  0.00 ,  0.00 
 0.00 ,  0.00 ,  0.00 
3950.17 ,  0.00 , 3673.65 
 0.00 ,  0.00 ,  0.00 
 0.00 ,  0.00 ,  0.00 
 0.00 ,  0.00 ,  0.00 
 0.00 ,  0.00 ,  0.00 
 0.00 ,  0.00 ,  0.00 
 0.00 ,  0.00 ,  0.00 
 0.00 ,  0.00 ,  0.00 
 0.00 ,  0.00 ,  0.00 
 0.00 ,  0.00 ,  0.00 
 0.00 ,  0.00 ,  0.00 
 0.00 ,  0.00 ,  0.00 
 0.00 ,  0.00 ,  0.00 
 0.00 ,  0.00 ,  0.00 
3759.64 ,  0.00 , 3496.46 
 0.00 ,  0.00 ,  0.00 
 0.00 ,  0.00 ,  0.00 
 0.00 ,  0.00 ,  0.00 
 0.00 ,  0.00 ,  0.00 
 0.00 ,  0.00 ,  0.00 
 0.00 ,  0.00 ,  0.00 
 0.00 ,  0.00 ,  0.00 
 0.00 ,  0.00 ,  0.00 
 0.00 ,  0.00 ,  0.00 
 0.00 ,  0.00 ,  0.00 
3956.16 ,  0.00 , 3679.23 
 0.00 ,  0.00 ,  0.00 
 0.00 ,  0.00 ,  0.00 
 0.00 ,  0.00 ,  0.00 
 0.00 ,  0.00 ,  0.00 
 0.00 ,  0.00 ,  0.00 
 0.00 ,  0.00 ,  0.00 
 0.00 ,  0.00 ,  0.00 
 0.00 ,  0.00 ,  0.00 
 0.00 ,  0.00 ,  0.00 
 0.00 ,  0.00 ,  0.00 
 0.00 ,  0.00 ,  0.00 
 0.00 ,  0.00 ,  0.00 
 0.00 ,  0.00 ,  0.00 
3772.88 ,  0.00 , 3508.77 
 0.00 ,  0.00 ,  0.00 
 0.00 ,  0.00 ,  0.00 
 0.00 ,  0.00 ,  0.00 
 0.00 ,  0.00 ,  0.00 
 0.00 ,  0.00 ,  0.00 
 0.00 ,  0.00 ,  0.00 
 0.00 ,  0.00 ,  0.00 
 0.00 ,  0.00 ,  0.00 
 0.00 ,  0.00 ,  0.00 
 0.00 ,  0.00 ,  0.00 
3899.06 ,  0.00 , 3626.13 
 0.00 ,  0.00 ,  0.00 
 0.00 ,  0.00 ,  0.00 
 0.00 ,  0.00 ,  0.00 
 0.00 ,  0.00 ,  0.00 
 0.00 ,  0.00 ,  0.00 
 0.00 ,  0.00 ,  0.00 
 0.00 ,  0.00 ,  0.00 
 0.00 ,  0.00 ,  0.00 
 0.00 ,  0.00 ,  0.00 
 0.00 ,  0.00 ,  0.00 
 0.00 ,  0.00 ,  0.00 
 0.00 ,  0.00 ,  0.00 
 0.00 ,  0.00 ,  0.00 
3782.12 ,  0.00 , 3517.37 
 0.00 ,  0.00 ,  0.00 
 0.00 ,  0.00 ,  0.00 
 0.00 ,  0.00 ,  0.00 
 0.00 ,  0.00 ,  0.00 
 0.00 ,  0.00 ,  0.00 
 0.00 ,  0.00 ,  0.00 
 0.00 ,  0.00 ,  0.00 
 0.00 ,  0.00 ,  0.00 
 0.00 ,  0.00 ,  0.00 
 0.00 ,  0.00 ,  0.00 
3902.17 ,  0.00 , 3629.02 
 0.00 ,  0.00 ,  0.00 
 0.00 ,  0.00 ,  0.00 
 0.00 ,  0.00 ,  0.00 
 0.00 ,  0.00 ,  0.00 
 0.00 ,  0.00 ,  0.00 
 0.00 ,  0.00 ,  0.00 
 0.00 ,  0.00 ,  0.00 
 0.00 ,  0.00 ,  0.00 
 0.00 ,  0.00 ,  0.00 
 0.00 ,  0.00 ,  0.00 
 0.00 ,  0.00 ,  0.00 
 0.00 ,  0.00 ,  0.00 
 0.00 ,  0.00 ,  0.00 
3791.32 ,  0.00 , 3525.92 
 0.00 ,  0.00 ,  0.00 
 0.00 ,  0.00 ,  0.00 
 0.00 ,  0.00 ,  0.00 
 0.00 ,  0.00 ,  0.00 
 0.00 ,  0.00 ,  0.00 
 0.00 ,  0.00 ,  0.00 
 0.00 ,  0.00 ,  0.00 
 0.00 ,  0.00 ,  0.00 
 0.00 ,  0.00 ,  0.00 
 0.00 ,  0.00 ,  0.00 
3842.21 ,  0.00 , 3573.25 
 0.00 ,  0.00 ,  0.00 
 0.00 ,  0.00 ,  0.00 
 0.00 ,  0.00 ,  0.00 
 0.00 ,  0.00 ,  0.00 
 0.00 ,  0.00 ,  0.00 
 0.00 ,  0.00 ,  0.00 
 0.00 ,  0.00 ,  0.00 
 0.00 ,  0.00 ,  0.00 
 0.00 ,  0.00 ,  0.00 
 0.00 ,  0.00 ,  0.00 
 0.00 ,  0.00 ,  0.00 
 0.00 ,  0.00 ,  0.00 
 0.00 ,  0.00 ,  0.00 
3796.54 ,  0.00 , 3530.78 
 0.00 ,  0.00 ,  0.00 
 0.00 ,  0.00 ,  0.00 
 0.00 ,  0.00 ,  0.00 
 0.00 ,  0.00 ,  0.00 
 0.00 ,  0.00 ,  0.00 
 0.00 ,  0.00 ,  0.00 
 0.00 ,  0.00 ,  0.00 
 0.00 ,  0.00 ,  0.00 
 0.00 ,  0.00 ,  0.00 
 0.00 ,  0.00 ,  0.00 
3842.46 ,  0.00 , 3573.49 
 0.00 ,  0.00 ,  0.00 
 0.00 ,  0.00 ,  0.00 
 0.00 ,  0.00 ,  0.00 
 0.00 ,  0.00 ,  0.00 
 0.00 ,  0.00 ,  0.00 
 0.00 ,  0.00 ,  0.00 
 0.00 ,  0.00 ,  0.00 
 0.00 ,  0.00 ,  0.00 
 0.00 ,  0.00 ,  0.00 
 0.00 ,  0.00 ,  0.00 
 0.00 ,  0.00 ,  0.00 
 0.00 ,  0.00 ,  0.00 
 0.00 ,  0.00 ,  0.00 
3801.73 ,  0.00 , 3535.61 
 0.00 ,  0.00 ,  0.00 
 0.00 ,  0.00 ,  0.00 
 0.00 ,  0.00 ,  0.00 
 0.00 ,  0.00 ,  0.00 
 0.00 ,  0.00 ,  0.00 
 0.00 ,  0.00 ,  0.00 
 0.00 ,  0.00 ,  0.00 
 0.00 ,  0.00 ,  0.00 
 0.00 ,  0.00 ,  0.00 
 0.00 ,  0.00 ,  0.00 
 0.00 ,  0.00 ,  0.00 
 0.00 ,  0.00 ,  0.00 
 0.00 ,  0.00 ,  0.00 
 0.00 ,  0.00 ,  0.00 
 0.00 ,  0.00 ,  0.00 
3806.23 ,  0.00 , 3539.79 
 0.00 ,  0.00 ,  0.00 
 0.00 ,  0.00 ,  0.00 
 0.00 ,  0.00 ,  0.00 
 0.00 ,  0.00 ,  0.00 
 0.00 ,  0.00 ,  0.00 
 0.00 ,  0.00 ,  0.00 
 0.00 ,  0.00 ,  0.00 
 0.00 ,  0.00 ,  0.00 
 0.00 ,  0.00 ,  0.00 
3914.48 ,  0.00 , 3640.47 
 0.00 ,  0.00 ,  0.00 
 0.00 ,  0.00 ,  0.00 
 0.00 ,  0.00 ,  0.00 
 0.00 ,  0.00 ,  0.00 
 0.00 ,  0.00 ,  0.00 
 0.00 ,  0.00 ,  0.00 
 0.00 ,  0.00 ,  0.00 
 0.00 ,  0.00 ,  0.00 
 0.00 ,  0.00 ,  0.00 
 0.00 ,  0.00 ,  0.00 
 0.00 ,  0.00 ,  0.00 
 0.00 ,  0.00 ,  0.00 
 0.00 ,  0.00 ,  0.00 
 0.00 ,  0.00 ,  0.00 
 0.00 ,  0.00 ,  0.00 
4187.97 ,  0.00 , 3894.81 
 0.00 ,  0.00 ,  0.00 
 0.00 ,  0.00 ,  0.00 
 0.00 ,  0.00 ,  0.00 
 0.00 ,  0.00 ,  0.00 
 0.00 ,  0.00 ,  0.00 
 0.00 ,  0.00 ,  0.00 
 0.00 ,  0.00 ,  0.00 
 0.00 ,  0.00 ,  0.00 
 0.00 ,  0.00 ,  0.00 
 0.00 ,  0.00 ,  0.00 
3950.17 ,  0.00 , 3673.65 
 0.00 ,  0.00 ,  0.00 
 0.00 ,  0.00 ,  0.00 
 0.00 ,  0.00 ,  0.00 
 0.00 ,  0.00 ,  0.00 
 0.00 ,  0.00 ,  0.00 
 0.00 ,  0.00 ,  0.00 
 0.00 ,  0.00 ,  0.00 
 0.00 ,  0.00 ,  0.00 
 0.00 ,  0.00 ,  0.00 
 0.00 ,  0.00 ,  0.00 
 0.00 ,  0.00 ,  0.00 
 0.00 ,  0.00 ,  0.00 
 0.00 ,  0.00 ,  0.00 
3759.64 ,  0.00 , 3496.46 
 0.00 ,  0.00 ,  0.00 
 0.00 ,  0.00 ,  0.00 
 0.00 ,  0.00 ,  0.00 
 0.00 ,  0.00 ,  0.00 
 0.00 ,  0.00 ,  0.00 
 0.00 ,  0.00 ,  0.00 
 0.00 ,  0.00 ,  0.00 
 0.00 ,  0.00 ,  0.00 
 0.00 ,  0.00 ,  0.00 
 0.00 ,  0.00 ,  0.00 
3956.16 ,  0.00 , 3679.23 
 0.00 ,  0.00 ,  0.00 
 0.00 ,  0.00 ,  0.00 
 0.00 ,  0.00 ,  0.00 
 0.00 ,  0.00 ,  0.00 
 0.00 ,  0.00 ,  0.00 
 0.00 ,  0.00 ,  0.00 
 0.00 ,  0.00 ,  0.00 
 0.00 ,  0.00 ,  0.00 
 0.00 ,  0.00 ,  0.00 
 0.00 ,  0.00 ,  0.00 
 0.00 ,  0.00 ,  0.00 
 0.00 ,  0.00 ,  0.00 
 0.00 ,  0.00 ,  0.00 
3772.88 ,  0.00 , 3508.77 
 0.00 ,  0.00 ,  0.00 
 0.00 ,  0.00 ,  0.00 
 0.00 ,  0.00 ,  0.00 
 0.00 ,  0.00 ,  0.00 
 0.00 ,  0.00 ,  0.00 
 0.00 ,  0.00 ,  0.00 
 0.00 ,  0.00 ,  0.00 
 0.00 ,  0.00 ,  0.00 
 0.00 ,  0.00 ,  0.00 
 0.00 ,  0.00 ,  0.00 
3899.06 ,  0.00 , 3626.13 
 0.00 ,  0.00 ,  0.00 
 0.00 ,  0.00 ,  0.00 
 0.00 ,  0.00 ,  0.00 
 0.00 ,  0.00 ,  0.00 
 0.00 ,  0.00 ,  0.00 
 0.00 ,  0.00 ,  0.00 
 0.00 ,  0.00 ,  0.00 
 0.00 ,  0.00 ,  0.00 
 0.00 ,  0.00 ,  0.00 
 0.00 ,  0.00 ,  0.00 
 0.00 ,  0.00 ,  0.00 
 0.00 ,  0.00 ,  0.00 
 0.00 ,  0.00 ,  0.00 
3782.12 ,  0.00 , 3517.37 
 0.00 ,  0.00 ,  0.00 
 0.00 ,  0.00 ,  0.00 
 0.00 ,  0.00 ,  0.00 
 0.00 ,  0.00 ,  0.00 
 0.00 ,  0.00 ,  0.00 
 0.00 ,  0.00 ,  0.00 
 0.00 ,  0.00 ,  0.00 
 0.00 ,  0.00 ,  0.00 
 0.00 ,  0.00 ,  0.00 
 0.00 ,  0.00 ,  0.00 
3902.17 ,  0.00 , 3629.02 
 0.00 ,  0.00 ,  0.00 
 0.00 ,  0.00 ,  0.00 
 0.00 ,  0.00 ,  0.00 
 0.00 ,  0.00 ,  0.00 
 0.00 ,  0.00 ,  0.00 
 0.00 ,  0.00 ,  0.00 
 0.00 ,  0.00 ,  0.00 
 0.00 ,  0.00 ,  0.00 
 0.00 ,  0.00 ,  0.00 
 0.00 ,  0.00 ,  0.00 
 0.00 ,  0.00 ,  0.00 
 0.00 ,  0.00 ,  0.00 
 0.00 ,  0.00 ,  0.00 
3791.32 ,  0.00 , 3525.92 
 0.00 ,  0.00 ,  0.00 
 0.00 ,  0.00 ,  0.00 
 0.00 ,  0.00 ,  0.00 
 0.00 ,  0.00 ,  0.00 
 0.00 ,  0.00 ,  0.00 
 0.00 ,  0.00 ,  0.00 
 0.00 ,  0.00 ,  0.00 
 0.00 ,  0.00 ,  0.00 
 0.00 ,  0.00 ,  0.00 
 0.00 ,  0.00 ,  0.00 
3842.21 ,  0.00 , 3573.25 
 0.00 ,  0.00 ,  0.00 
 0.00 ,  0.00 ,  0.00 
 0.00 ,  0.00 ,  0.00 
 0.00 ,  0.00 ,  0.00 
 0.00 ,  0.00 ,  0.00 
 0.00 ,  0.00 ,  0.00 
 0.00 ,  0.00 ,  0.00 
 0.00 ,  0.00 ,  0.00 
 0.00 ,  0.00 ,  0.00 
 0.00 ,  0.00 ,  0.00 
 0.00 ,  0.00 ,  0.00 
 0.00 ,  0.00 ,  0.00 
 0.00 ,  0.00 ,  0.00 
3796.54 ,  0.00 , 3530.78 
 0.00 ,  0.00 ,  0.00 
 0.00 ,  0.00 ,  0.00 
 0.00 ,  0.00 ,  0.00 
 0.00 ,  0.00 ,  0.00 
 0.00 ,  0.00 ,  0.00 
 0.00 ,  0.00 ,  0.00 
 0.00 ,  0.00 ,  0.00 
 0.00 ,  0.00 ,  0.00 
 0.00 ,  0.00 ,  0.00 
 0.00 ,  0.00 ,  0.00 
3842.46 ,  0.00 , 3573.49 
 0.00 ,  0.00 ,  0.00 
 0.00 ,  0.00 ,  0.00 
 0.00 ,  0.00 ,  0.00 
 0.00 ,  0.00 ,  0.00 
 0.00 ,  0.00 ,  0.00 
 0.00 ,  0.00 ,  0.00 
 0.00 ,  0.00 ,  0.00 
 0.00 ,  0.00 ,  0.00 
 0.00 ,  0.00 ,  0.00 
 0.00 ,  0.00 ,  0.00 
 0.00 ,  0.00 ,  0.00 
 0.00 ,  0.00 ,  0.00 
 0.00 ,  0.00 ,  0.00 
3801.73 ,  0.00 , 3535.61 
 0.00 ,  0.00 ,  0.00 
 0.00 ,  0.00 ,  0.00 
 0.00 ,  0.00 ,  0.00 
 0.00 ,  0.00 ,  0.00 
 0.00 ,  0.00 ,  0.00 
 0.00 ,  0.00 ,  0.00 
 0.00 ,  0.00 ,  0.00 
 0.00 ,  0.00 ,  0.00 
 0.00 ,  0.00 ,  0.00 
 0.00 ,  0.00 ,  0.00 
 0.00 ,  0.00 ,  0.00 
 0.00 ,  0.00 ,  0.00 
 0.00 ,  0.00 ,  0.00 
 0.00 ,  0.00 ,  0.00 
 0.00 ,  0.00 ,  0.00 
3806.23 ,  0.00 , 3539.79 
 0.00 ,  0.00 ,  0.00 
 0.00 ,  0.00 ,  0.00 
 0.00 ,  0.00 ,  0.00 
 0.00 ,  0.00 ,  0.00 
 0.00 ,  0.00 ,  0.00 
 0.00 ,  0.00 ,  0.00 
 0.00 ,  0.00 ,  0.00 
 0.00 ,  0.00 ,  0.00 
 0.00 ,  0.00 ,  0.00 
3914.48 ,  0.00 , 3640.47 
 0.00 ,  0.00 ,  0.00 
 0.00 ,  0.00 ,  0.00 
 0.00 ,  0.00 ,  0.00 
 0.00 ,  0.00 ,  0.00 
 0.00 ,  0.00 ,  0.00 
 0.00 ,  0.00 ,  0.00 
 0.00 ,  0.00 ,  0.00 
 0.00 ,  0.00 ,  0.00 
 0.00 ,  0.00 ,  0.00 
 0.00 ,  0.00 ,  0.00 
 0.00 ,  0.00 ,  0.00 
 0.00 ,  0.00 ,  0.00 
 0.00 ,  0.00 ,  0.00 
 0.00 ,  0.00 ,  0.00 
 0.00 ,  0.00 ,  0.00 
4187.97 ,  0.00 , 3894.81 
 0.00 ,  0.00 ,  0.00 
 0.00 ,  0.00 ,  0.00 
 0.00 ,  0.00 ,  0.00 
 0.00 ,  0.00 ,  0.00 
 0.00 ,  0.00 ,  0.00 
 0.00 ,  0.00 ,  0.00 
 0.00 ,  0.00 ,  0.00 
 0.00 ,  0.00 ,  0.00 
 0.00 ,  0.00 ,  0.00 
 0.00 ,  0.00 ,  0.00 
3950.17 ,  0.00 , 3673.65 
 0.00 ,  0.00 ,  0.00 
 0.00 ,  0.00 ,  0.00 
 0.00 ,  0.00 ,  0.00 
 0.00 ,  0.00 ,  0.00 
 0.00 ,  0.00 ,  0.00 
 0.00 ,  0.00 ,  0.00 
 0.00 ,  0.00 ,  0.00 
 0.00 ,  0.00 ,  0.00 
 0.00 ,  0.00 ,  0.00 
 0.00 ,  0.00 ,  0.00 
 0.00 ,  0.00 ,  0.00 
 0.00 ,  0.00 ,  0.00 
 0.00 ,  0.00 ,  0.00 
3759.64 ,  0.00 , 3496.46 
 0.00 ,  0.00 ,  0.00 
 0.00 ,  0.00 ,  0.00 
 0.00 ,  0.00 ,  0.00 
 0.00 ,  0.00 ,  0.00 
 0.00 ,  0.00 ,  0.00 
 0.00 ,  0.00 ,  0.00 
 0.00 ,  0.00 ,  0.00 
 0.00 ,  0.00 ,  0.00 
 0.00 ,  0.00 ,  0.00 
 0.00 ,  0.00 ,  0.00 
3956.16 ,  0.00 , 3679.23 
 0.00 ,  0.00 ,  0.00 
 0.00 ,  0.00 ,  0.00 
 0.00 ,  0.00 ,  0.00 
 0.00 ,  0.00 ,  0.00 
 0.00 ,  0.00 ,  0.00 
 0.00 ,  0.00 ,  0.00 
 0.00 ,  0.00 ,  0.00 
 0.00 ,  0.00 ,  0.00 
 0.00 ,  0.00 ,  0.00 
 0.00 ,  0.00 ,  0.00 
 0.00 ,  0.00 ,  0.00 
 0.00 ,  0.00 ,  0.00 
 0.00 ,  0.00 ,  0.00 
3772.88 ,  0.00 , 3508.77 
 0.00 ,  0.00 ,  0.00 
 0.00 ,  0.00 ,  0.00 
 0.00 ,  0.00 ,  0.00 
 0.00 ,  0.00 ,  0.00 
 0.00 ,  0.00 ,  0.00 
 0.00 ,  0.00 ,  0.00 
 0.00 ,  0.00 ,  0.00 
 0.00 ,  0.00 ,  0.00 
 0.00 ,  0.00 ,  0.00 
 0.00 ,  0.00 ,  0.00 
3899.06 ,  0.00 , 3626.13 
 0.00 ,  0.00 ,  0.00 
 0.00 ,  0.00 ,  0.00 
 0.00 ,  0.00 ,  0.00 
 0.00 ,  0.00 ,  0.00 
 0.00 ,  0.00 ,  0.00 
 0.00 ,  0.00 ,  0.00 
 0.00 ,  0.00 ,  0.00 
 0.00 ,  0.00 ,  0.00 
 0.00 ,  0.00 ,  0.00 
 0.00 ,  0.00 ,  0.00 
 0.00 ,  0.00 ,  0.00 
 0.00 ,  0.00 ,  0.00 
 0.00 ,  0.00 ,  0.00 
3782.12 ,  0.00 , 3517.37 
 0.00 ,  0.00 ,  0.00 
 0.00 ,  0.00 ,  0.00 
 0.00 ,  0.00 ,  0.00 
 0.00 ,  0.00 ,  0.00 
 0.00 ,  0.00 ,  0.00 
 0.00 ,  0.00 ,  0.00 
 0.00 ,  0.00 ,  0.00 
 0.00 ,  0.00 ,  0.00 
 0.00 ,  0.00 ,  0.00 
 0.00 ,  0.00 ,  0.00 
3902.17 ,  0.00 , 3629.02 
 0.00 ,  0.00 ,  0.00 
 0.00 ,  0.00 ,  0.00 
 0.00 ,  0.00 ,  0.00 
 0.00 ,  0.00 ,  0.00 
 0.00 ,  0.00 ,  0.00 
 0.00 ,  0.00 ,  0.00 
 0.00 ,  0.00 ,  0.00 
 0.00 ,  0.00 ,  0.00 
 0.00 ,  0.00 ,  0.00 
 0.00 ,  0.00 ,  0.00 
 0.00 ,  0.00 ,  0.00 
 0.00 ,  0.00 ,  0.00 
 0.00 ,  0.00 ,  0.00 
3791.32 ,  0.00 , 3525.92 
 0.00 ,  0.00 ,  0.00 
 0.00 ,  0.00 ,  0.00 
 0.00 ,  0.00 ,  0.00 
 0.00 ,  0.00 ,  0.00 
 0.00 ,  0.00 ,  0.00 
 0.00 ,  0.00 ,  0.00 
 0.00 ,  0.00 ,  0.00 
 0.00 ,  0.00 ,  0.00 
 0.00 ,  0.00 ,  0.00 
 0.00 ,  0.00 ,  0.00 
3842.21 ,  0.00 , 3573.25 
 0.00 ,  0.00 ,  0.00 
 0.00 ,  0.00 ,  0.00 
 0.00 ,  0.00 ,  0.00 
 0.00 ,  0.00 ,  0.00 
 0.00 ,  0.00 ,  0.00 
 0.00 ,  0.00 ,  0.00 
 0.00 ,  0.00 ,  0.00 
 0.00 ,  0.00 ,  0.00 
 0.00 ,  0.00 ,  0.00 
 0.00 ,  0.00 ,  0.00 
 0.00 ,  0.00 ,  0.00 
 0.00 ,  0.00 ,  0.00 
 0.00 ,  0.00 ,  0.00 
3796.54 ,  0.00 , 3530.78 
 0.00 ,  0.00 ,  0.00 
 0.00 ,  0.00 ,  0.00 
 0.00 ,  0.00 ,  0.00 
 0.00 ,  0.00 ,  0.00 
 0.00 ,  0.00 ,  0.00 
 0.00 ,  0.00 ,  0.00 
 0.00 ,  0.00 ,  0.00 
 0.00 ,  0.00 ,  0.00 
 0.00 ,  0.00 ,  0.00 
 0.00 ,  0.00 ,  0.00 
3842.46 ,  0.00 , 3573.49 
 0.00 ,  0.00 ,  0.00 
 0.00 ,  0.00 ,  0.00 
 0.00 ,  0.00 ,  0.00 
 0.00 ,  0.00 ,  0.00 
 0.00 ,  0.00 ,  0.00 
 0.00 ,  0.00 ,  0.00 
 0.00 ,  0.00 ,  0.00 
 0.00 ,  0.00 ,  0.00 
 0.00 ,  0.00 ,  0.00 
 0.00 ,  0.00 ,  0.00 
 0.00 ,  0.00 ,  0.00 
 0.00 ,  0.00 ,  0.00 
 0.00 ,  0.00 ,  0.00 
3801.73 ,  0.00 , 3535.61 
 0.00 ,  0.00 ,  0.00 
 0.00 ,  0.00 ,  0.00 
 0.00 ,  0.00 ,  0.00 
 0.00 ,  0.00 ,  0.00 
 0.00 ,  0.00 ,  0.00 
 0.00 ,  0.00 ,  0.00 
 0.00 ,  0.00 ,  0.00 
 0.00 ,  0.00 ,  0.00 
 0.00 ,  0.00 ,  0.00 
 0.00 ,  0.00 ,  0.00 
 0.00 ,  0.00 ,  0.00 
 0.00 ,  0.00 ,  0.00 
 0.00 ,  0.00 ,  0.00 
 0.00 ,  0.00 ,  0.00 
 0.00 ,  0.00 ,  0.00 
3809.13 ,  0.00 , 3542.49 
 0.00 ,  0.00 ,  0.00 
 0.00 ,  0.00 ,  0.00 
 0.00 ,  0.00 ,  0.00 
 0.00 ,  0.00 ,  0.00 
 0.00 ,  0.00 ,  0.00 
 0.00 ,  0.00 ,  0.00 
 0.00 ,  0.00 ,  0.00 
 0.00 ,  0.00 ,  0.00 
3771.26 ,  0.00 , 3507.27 
 0.00 ,  0.00 ,  0.00 
 0.00 ,  0.00 ,  0.00 
 0.00 ,  0.00 ,  0.00 
 0.00 ,  0.00 ,  0.00 
 0.00 ,  0.00 ,  0.00 
 0.00 ,  0.00 ,  0.00 
 0.00 ,  0.00 ,  0.00 
 0.00 ,  0.00 ,  0.00 
 0.00 ,  0.00 ,  0.00 
 0.00 ,  0.00 ,  0.00 
 0.00 ,  0.00 ,  0.00 
 0.00 ,  0.00 ,  0.00 
 0.00 ,  0.00 ,  0.00 
 0.00 ,  0.00 ,  0.00 
 0.00 ,  0.00 ,  0.00 
3817.16 ,  0.00 , 3549.96 
 0.00 ,  0.00 ,  0.00 
 0.00 ,  0.00 ,  0.00 
 0.00 ,  0.00 ,  0.00 
 0.00 ,  0.00 ,  0.00 
 0.00 ,  0.00 ,  0.00 
 0.00 ,  0.00 ,  0.00 
 0.00 ,  0.00 ,  0.00 
 0.00 ,  0.00 ,  0.00 
3763.71 ,  0.00 , 3500.25 
 0.00 ,  0.00 ,  0.00 
 0.00 ,  0.00 ,  0.00 
 0.00 ,  0.00 ,  0.00 
 0.00 ,  0.00 ,  0.00 
 0.00 ,  0.00 ,  0.00 
 0.00 ,  0.00 ,  0.00 
 0.00 ,  0.00 ,  0.00 
 0.00 ,  0.00 ,  0.00 
 0.00 ,  0.00 ,  0.00 
 0.00 ,  0.00 ,  0.00 
 0.00 ,  0.00 ,  0.00 
 0.00 ,  0.00 ,  0.00 
 0.00 ,  0.00 ,  0.00 
 0.00 ,  0.00 ,  0.00 
 0.00 ,  0.00 ,  0.00 
4268.45 ,  0.00 , 3969.66 
 0.00 ,  0.00 ,  0.00 
 0.00 ,  0.00 ,  0.00 
 0.00 ,  0.00 ,  0.00 
 0.00 ,  0.00 ,  0.00 
 0.00 ,  0.00 ,  0.00 
 0.00 ,  0.00 ,  0.00 
 0.00 ,  0.00 ,  0.00 
 0.00 ,  0.00 ,  0.00 
 0.00 ,  0.00 ,  0.00 
 0.00 ,  0.00 ,  0.00 
4030.29 ,  0.00 , 3748.17 
 0.00 ,  0.00 ,  0.00 
 0.00 ,  0.00 ,  0.00 
 0.00 ,  0.00 ,  0.00 
 0.00 ,  0.00 ,  0.00 
 0.00 ,  0.00 ,  0.00 
 0.00 ,  0.00 ,  0.00 
 0.00 ,  0.00 ,  0.00 
 0.00 ,  0.00 ,  0.00 
 0.00 ,  0.00 ,  0.00 
 0.00 ,  0.00 ,  0.00 
 0.00 ,  0.00 ,  0.00 
 0.00 ,  0.00 ,  0.00 
 0.00 ,  0.00 ,  0.00 
3832.20 ,  0.00 , 3563.95 
 0.00 ,  0.00 ,  0.00 
 0.00 ,  0.00 ,  0.00 
 0.00 ,  0.00 ,  0.00 
 0.00 ,  0.00 ,  0.00 
 0.00 ,  0.00 ,  0.00 
 0.00 ,  0.00 ,  0.00 
 0.00 ,  0.00 ,  0.00 
 0.00 ,  0.00 ,  0.00 
 0.00 ,  0.00 ,  0.00 
 0.00 ,  0.00 ,  0.00 
4036.43 ,  0.00 , 3753.88 
 0.00 ,  0.00 ,  0.00 
 0.00 ,  0.00 ,  0.00 
 0.00 ,  0.00 ,  0.00 
 0.00 ,  0.00 ,  0.00 
 0.00 ,  0.00 ,  0.00 
 0.00 ,  0.00 ,  0.00 
 0.00 ,  0.00 ,  0.00 
 0.00 ,  0.00 ,  0.00 
 0.00 ,  0.00 ,  0.00 
 0.00 ,  0.00 ,  0.00 
 0.00 ,  0.00 ,  0.00 
 0.00 ,  0.00 ,  0.00 
 0.00 ,  0.00 ,  0.00 
3845.75 ,  0.00 , 3576.54 
 0.00 ,  0.00 ,  0.00 
 0.00 ,  0.00 ,  0.00 
 0.00 ,  0.00 ,  0.00 
 0.00 ,  0.00 ,  0.00 
 0.00 ,  0.00 ,  0.00 
 0.00 ,  0.00 ,  0.00 
 0.00 ,  0.00 ,  0.00 
 0.00 ,  0.00 ,  0.00 
 0.00 ,  0.00 ,  0.00 
 0.00 ,  0.00 ,  0.00 
3978.00 ,  0.00 , 3699.54 
 0.00 ,  0.00 ,  0.00 
 0.00 ,  0.00 ,  0.00 
 0.00 ,  0.00 ,  0.00 
 0.00 ,  0.00 ,  0.00 
 0.00 ,  0.00 ,  0.00 
 0.00 ,  0.00 ,  0.00 
 0.00 ,  0.00 ,  0.00 
 0.00 ,  0.00 ,  0.00 
 0.00 ,  0.00 ,  0.00 
 0.00 ,  0.00 ,  0.00 
 0.00 ,  0.00 ,  0.00 
 0.00 ,  0.00 ,  0.00 
 0.00 ,  0.00 ,  0.00 
3855.20 ,  0.00 , 3585.34 
 0.00 ,  0.00 ,  0.00 
 0.00 ,  0.00 ,  0.00 
 0.00 ,  0.00 ,  0.00 
 0.00 ,  0.00 ,  0.00 
 0.00 ,  0.00 ,  0.00 
 0.00 ,  0.00 ,  0.00 
 0.00 ,  0.00 ,  0.00 
 0.00 ,  0.00 ,  0.00 
 0.00 ,  0.00 ,  0.00 
 0.00 ,  0.00 ,  0.00 
3981.18 ,  0.00 , 3702.50 
 0.00 ,  0.00 ,  0.00 
 0.00 ,  0.00 ,  0.00 
 0.00 ,  0.00 ,  0.00 
 0.00 ,  0.00 ,  0.00 
 0.00 ,  0.00 ,  0.00 
 0.00 ,  0.00 ,  0.00 
 0.00 ,  0.00 ,  0.00 
 0.00 ,  0.00 ,  0.00 
 0.00 ,  0.00 ,  0.00 
 0.00 ,  0.00 ,  0.00 
 0.00 ,  0.00 ,  0.00 
 0.00 ,  0.00 ,  0.00 
 0.00 ,  0.00 ,  0.00 
3864.62 ,  0.00 , 3594.10 
 0.00 ,  0.00 ,  0.00 
 0.00 ,  0.00 ,  0.00 
 0.00 ,  0.00 ,  0.00 
 0.00 ,  0.00 ,  0.00 
 0.00 ,  0.00 ,  0.00 
 0.00 ,  0.00 ,  0.00 
 0.00 ,  0.00 ,  0.00 
 0.00 ,  0.00 ,  0.00 
 0.00 ,  0.00 ,  0.00 
 0.00 ,  0.00 ,  0.00 
3919.82 ,  0.00 , 3645.43 
 0.00 ,  0.00 ,  0.00 
 0.00 ,  0.00 ,  0.00 
 0.00 ,  0.00 ,  0.00 
 0.00 ,  0.00 ,  0.00 
 0.00 ,  0.00 ,  0.00 
 0.00 ,  0.00 ,  0.00 
 0.00 ,  0.00 ,  0.00 
 0.00 ,  0.00 ,  0.00 
 0.00 ,  0.00 ,  0.00 
 0.00 ,  0.00 ,  0.00 
 0.00 ,  0.00 ,  0.00 
 0.00 ,  0.00 ,  0.00 
 0.00 ,  0.00 ,  0.00 
3869.96 ,  0.00 , 3599.06 
 0.00 ,  0.00 ,  0.00 
 0.00 ,  0.00 ,  0.00 
 0.00 ,  0.00 ,  0.00 
 0.00 ,  0.00 ,  0.00 
 0.00 ,  0.00 ,  0.00 
 0.00 ,  0.00 ,  0.00 
 0.00 ,  0.00 ,  0.00 
 0.00 ,  0.00 ,  0.00 
 0.00 ,  0.00 ,  0.00 
 0.00 ,  0.00 ,  0.00 
3920.08 ,  0.00 , 3645.68 
 0.00 ,  0.00 ,  0.00 
 0.00 ,  0.00 ,  0.00 
 0.00 ,  0.00 ,  0.00 
 0.00 ,  0.00 ,  0.00 
 0.00 ,  0.00 ,  0.00 
 0.00 ,  0.00 ,  0.00 
 0.00 ,  0.00 ,  0.00 
 0.00 ,  0.00 ,  0.00 
 0.00 ,  0.00 ,  0.00 
 0.00 ,  0.00 ,  0.00 
 0.00 ,  0.00 ,  0.00 
 0.00 ,  0.00 ,  0.00 
 0.00 ,  0.00 ,  0.00 
3875.28 ,  0.00 , 3604.01 
 0.00 ,  0.00 ,  0.00 
 0.00 ,  0.00 ,  0.00 
 0.00 ,  0.00 ,  0.00 
 0.00 ,  0.00 ,  0.00 
 0.00 ,  0.00 ,  0.00 
 0.00 ,  0.00 ,  0.00 
 0.00 ,  0.00 ,  0.00 
 0.00 ,  0.00 ,  0.00 
 0.00 ,  0.00 ,  0.00 
 0.00 ,  0.00 ,  0.00 
 0.00 ,  0.00 ,  0.00 
 0.00 ,  0.00 ,  0.00 
 0.00 ,  0.00 ,  0.00 
3753.28 ,  0.00 , 3490.55 
 0.00 ,  0.00 ,  0.00 
 0.00 ,  0.00 ,  0.00 
 0.00 ,  0.00 ,  0.00 
 0.00 ,  0.00 ,  0.00 
 0.00 ,  0.00 ,  0.00 
 0.00 ,  0.00 ,  0.00 
 0.00 ,  0.00 ,  0.00 
 0.00 ,  0.00 ,  0.00 
 0.00 ,  0.00 ,  0.00 
 0.00 ,  0.00 ,  0.00 
3923.74 ,  0.00 , 3649.08 
 0.00 ,  0.00 ,  0.00 
 0.00 ,  0.00 ,  0.00 
 0.00 ,  0.00 ,  0.00 
 0.00 ,  0.00 ,  0.00 
 0.00 ,  0.00 ,  0.00 
 0.00 ,  0.00 ,  0.00 
 0.00 ,  0.00 ,  0.00 
 0.00 ,  0.00 ,  0.00 
 0.00 ,  0.00 ,  0.00 
 0.00 ,  0.00 ,  0.00 
 0.00 ,  0.00 ,  0.00 
 0.00 ,  0.00 ,  0.00 
 0.00 ,  0.00 ,  0.00 
 0.00 ,  0.00 ,  0.00 
 0.00 ,  0.00 ,  0.00 
3817.16 ,  0.00 , 3549.96 
 0.00 ,  0.00 ,  0.00 
 0.00 ,  0.00 ,  0.00 
 0.00 ,  0.00 ,  0.00 
 0.00 ,  0.00 ,  0.00 
 0.00 ,  0.00 ,  0.00 
 0.00 ,  0.00 ,  0.00 
 0.00 ,  0.00 ,  0.00 
 0.00 ,  0.00 ,  0.00 
3763.71 ,  0.00 , 3500.25 
 0.00 ,  0.00 ,  0.00 
 0.00 ,  0.00 ,  0.00 
 0.00 ,  0.00 ,  0.00 
 0.00 ,  0.00 ,  0.00 
 0.00 ,  0.00 ,  0.00 
 0.00 ,  0.00 ,  0.00 
 0.00 ,  0.00 ,  0.00 
 0.00 ,  0.00 ,  0.00 
 0.00 ,  0.00 ,  0.00 
 0.00 ,  0.00 ,  0.00 
 0.00 ,  0.00 ,  0.00 
 0.00 ,  0.00 ,  0.00 
 0.00 ,  0.00 ,  0.00 
 0.00 ,  0.00 ,  0.00 
 0.00 ,  0.00 ,  0.00 
4268.45 ,  0.00 , 3969.66 
 0.00 ,  0.00 ,  0.00 
 0.00 ,  0.00 ,  0.00 
 0.00 ,  0.00 ,  0.00 
 0.00 ,  0.00 ,  0.00 
 0.00 ,  0.00 ,  0.00 
 0.00 ,  0.00 ,  0.00 
 0.00 ,  0.00 ,  0.00 
 0.00 ,  0.00 ,  0.00 
 0.00 ,  0.00 ,  0.00 
 0.00 ,  0.00 ,  0.00 
4030.29 ,  0.00 , 3748.17 
 0.00 ,  0.00 ,  0.00 
 0.00 ,  0.00 ,  0.00 
 0.00 ,  0.00 ,  0.00 
 0.00 ,  0.00 ,  0.00 
 0.00 ,  0.00 ,  0.00 
 0.00 ,  0.00 ,  0.00 
 0.00 ,  0.00 ,  0.00 
 0.00 ,  0.00 ,  0.00 
 0.00 ,  0.00 ,  0.00 
 0.00 ,  0.00 ,  0.00 
 0.00 ,  0.00 ,  0.00 
 0.00 ,  0.00 ,  0.00 
 0.00 ,  0.00 ,  0.00 
3832.20 ,  0.00 , 3563.95 
 0.00 ,  0.00 ,  0.00 
 0.00 ,  0.00 ,  0.00 
 0.00 ,  0.00 ,  0.00 
 0.00 ,  0.00 ,  0.00 
 0.00 ,  0.00 ,  0.00 
 0.00 ,  0.00 ,  0.00 
 0.00 ,  0.00 ,  0.00 
 0.00 ,  0.00 ,  0.00 
 0.00 ,  0.00 ,  0.00 
 0.00 ,  0.00 ,  0.00 
4036.43 ,  0.00 , 3753.88 
 0.00 ,  0.00 ,  0.00 
 0.00 ,  0.00 ,  0.00 
 0.00 ,  0.00 ,  0.00 
 0.00 ,  0.00 ,  0.00 
 0.00 ,  0.00 ,  0.00 
 0.00 ,  0.00 ,  0.00 
 0.00 ,  0.00 ,  0.00 
 0.00 ,  0.00 ,  0.00 
 0.00 ,  0.00 ,  0.00 
 0.00 ,  0.00 ,  0.00 
 0.00 ,  0.00 ,  0.00 
 0.00 ,  0.00 ,  0.00 
 0.00 ,  0.00 ,  0.00 
3845.75 ,  0.00 , 3576.54 
 0.00 ,  0.00 ,  0.00 
 0.00 ,  0.00 ,  0.00 
 0.00 ,  0.00 ,  0.00 
 0.00 ,  0.00 ,  0.00 
 0.00 ,  0.00 ,  0.00 
 0.00 ,  0.00 ,  0.00 
 0.00 ,  0.00 ,  0.00 
 0.00 ,  0.00 ,  0.00 
 0.00 ,  0.00 ,  0.00 
 0.00 ,  0.00 ,  0.00 
3978.00 ,  0.00 , 3699.54 
 0.00 ,  0.00 ,  0.00 
 0.00 ,  0.00 ,  0.00 
 0.00 ,  0.00 ,  0.00 
 0.00 ,  0.00 ,  0.00 
 0.00 ,  0.00 ,  0.00 
 0.00 ,  0.00 ,  0.00 
 0.00 ,  0.00 ,  0.00 
 0.00 ,  0.00 ,  0.00 
 0.00 ,  0.00 ,  0.00 
 0.00 ,  0.00 ,  0.00 
 0.00 ,  0.00 ,  0.00 
 0.00 ,  0.00 ,  0.00 
 0.00 ,  0.00 ,  0.00 
3855.20 ,  0.00 , 3585.34 
 0.00 ,  0.00 ,  0.00 
 0.00 ,  0.00 ,  0.00 
 0.00 ,  0.00 ,  0.00 
 0.00 ,  0.00 ,  0.00 
 0.00 ,  0.00 ,  0.00 
 0.00 ,  0.00 ,  0.00 
 0.00 ,  0.00 ,  0.00 
 0.00 ,  0.00 ,  0.00 
 0.00 ,  0.00 ,  0.00 
 0.00 ,  0.00 ,  0.00 
3981.18 ,  0.00 , 3702.50 
 0.00 ,  0.00 ,  0.00 
 0.00 ,  0.00 ,  0.00 
 0.00 ,  0.00 ,  0.00 
 0.00 ,  0.00 ,  0.00 
 0.00 ,  0.00 ,  0.00 
 0.00 ,  0.00 ,  0.00 
 0.00 ,  0.00 ,  0.00 
 0.00 ,  0.00 ,  0.00 
 0.00 ,  0.00 ,  0.00 
 0.00 ,  0.00 ,  0.00 
 0.00 ,  0.00 ,  0.00 
 0.00 ,  0.00 ,  0.00 
 0.00 ,  0.00 ,  0.00 
3864.62 ,  0.00 , 3594.10 
 0.00 ,  0.00 ,  0.00 
 0.00 ,  0.00 ,  0.00 
 0.00 ,  0.00 ,  0.00 
 0.00 ,  0.00 ,  0.00 
 0.00 ,  0.00 ,  0.00 
 0.00 ,  0.00 ,  0.00 
 0.00 ,  0.00 ,  0.00 
 0.00 ,  0.00 ,  0.00 
 0.00 ,  0.00 ,  0.00 
 0.00 ,  0.00 ,  0.00 
3919.82 ,  0.00 , 3645.43 
 0.00 ,  0.00 ,  0.00 
 0.00 ,  0.00 ,  0.00 
 0.00 ,  0.00 ,  0.00 
 0.00 ,  0.00 ,  0.00 
 0.00 ,  0.00 ,  0.00 
 0.00 ,  0.00 ,  0.00 
 0.00 ,  0.00 ,  0.00 
 0.00 ,  0.00 ,  0.00 
 0.00 ,  0.00 ,  0.00 
 0.00 ,  0.00 ,  0.00 
 0.00 ,  0.00 ,  0.00 
 0.00 ,  0.00 ,  0.00 
 0.00 ,  0.00 ,  0.00 
3869.96 ,  0.00 , 3599.06 
 0.00 ,  0.00 ,  0.00 
 0.00 ,  0.00 ,  0.00 
 0.00 ,  0.00 ,  0.00 
 0.00 ,  0.00 ,  0.00 
 0.00 ,  0.00 ,  0.00 
 0.00 ,  0.00 ,  0.00 
 0.00 ,  0.00 ,  0.00 
 0.00 ,  0.00 ,  0.00 
 0.00 ,  0.00 ,  0.00 
 0.00 ,  0.00 ,  0.00 
3920.08 ,  0.00 , 3645.68 
 0.00 ,  0.00 ,  0.00 
 0.00 ,  0.00 ,  0.00 
 0.00 ,  0.00 ,  0.00 
 0.00 ,  0.00 ,  0.00 
 0.00 ,  0.00 ,  0.00 
 0.00 ,  0.00 ,  0.00 
 0.00 ,  0.00 ,  0.00 
 0.00 ,  0.00 ,  0.00 
 0.00 ,  0.00 ,  0.00 
 0.00 ,  0.00 ,  0.00 
 0.00 ,  0.00 ,  0.00 
 0.00 ,  0.00 ,  0.00 
 0.00 ,  0.00 ,  0.00 
3875.28 ,  0.00 , 3604.01 
 0.00 ,  0.00 ,  0.00 
 0.00 ,  0.00 ,  0.00 
 0.00 ,  0.00 ,  0.00 
 0.00 ,  0.00 ,  0.00 
 0.00 ,  0.00 ,  0.00 
 0.00 ,  0.00 ,  0.00 
 0.00 ,  0.00 ,  0.00 
 0.00 ,  0.00 ,  0.00 
 0.00 ,  0.00 ,  0.00 
 0.00 ,  0.00 ,  0.00 
 0.00 ,  0.00 ,  0.00 
 0.00 ,  0.00 ,  0.00 
 0.00 ,  0.00 ,  0.00 
3753.28 ,  0.00 , 3490.55 
 0.00 ,  0.00 ,  0.00 
 0.00 ,  0.00 ,  0.00 
 0.00 ,  0.00 ,  0.00 
 0.00 ,  0.00 ,  0.00 
 0.00 ,  0.00 ,  0.00 
 0.00 ,  0.00 ,  0.00 
 0.00 ,  0.00 ,  0.00 
 0.00 ,  0.00 ,  0.00 
 0.00 ,  0.00 ,  0.00 
 0.00 ,  0.00 ,  0.00 
3923.74 ,  0.00 , 3649.08 
 0.00 ,  0.00 ,  0.00 
 0.00 ,  0.00 ,  0.00 
 0.00 ,  0.00 ,  0.00 
 0.00 ,  0.00 ,  0.00 
 0.00 ,  0.00 ,  0.00 
 0.00 ,  0.00 ,  0.00 
 0.00 ,  0.00 ,  0.00 
 0.00 ,  0.00 ,  0.00 
 0.00 ,  0.00 ,  0.00 
 0.00 ,  0.00 ,  0.00 
 0.00 ,  0.00 ,  0.00 
 0.00 ,  0.00 ,  0.00 
 0.00 ,  0.00 ,  0.00 
 0.00 ,  0.00 ,  0.00 
 0.00 ,  0.00 ,  0.00 
3817.16 ,  0.00 , 3549.96 
 0.00 ,  0.00 ,  0.00 
 0.00 ,  0.00 ,  0.00 
 0.00 ,  0.00 ,  0.00 
 0.00 ,  0.00 ,  0.00 
 0.00 ,  0.00 ,  0.00 
 0.00 ,  0.00 ,  0.00 
 0.00 ,  0.00 ,  0.00 
 0.00 ,  0.00 ,  0.00 
3763.71 ,  0.00 , 3500.25 
 0.00 ,  0.00 ,  0.00 
 0.00 ,  0.00 ,  0.00 
 0.00 ,  0.00 ,  0.00 
 0.00 ,  0.00 ,  0.00 
 0.00 ,  0.00 ,  0.00 
 0.00 ,  0.00 ,  0.00 
 0.00 ,  0.00 ,  0.00 
 0.00 ,  0.00 ,  0.00 
 0.00 ,  0.00 ,  0.00 
 0.00 ,  0.00 ,  0.00 
 0.00 ,  0.00 ,  0.00 
 0.00 ,  0.00 ,  0.00 
 0.00 ,  0.00 ,  0.00 
 0.00 ,  0.00 ,  0.00 
 0.00 ,  0.00 ,  0.00 
4268.45 ,  0.00 , 3969.66 
 0.00 ,  0.00 ,  0.00 
 0.00 ,  0.00 ,  0.00 
 0.00 ,  0.00 ,  0.00 
 0.00 ,  0.00 ,  0.00 
 0.00 ,  0.00 ,  0.00 
 0.00 ,  0.00 ,  0.00 
 0.00 ,  0.00 ,  0.00 
 0.00 ,  0.00 ,  0.00 
 0.00 ,  0.00 ,  0.00 
 0.00 ,  0.00 ,  0.00 
4030.29 ,  0.00 , 3748.17 
 0.00 ,  0.00 ,  0.00 
 0.00 ,  0.00 ,  0.00 
 0.00 ,  0.00 ,  0.00 
 0.00 ,  0.00 ,  0.00 
 0.00 ,  0.00 ,  0.00 
 0.00 ,  0.00 ,  0.00 
 0.00 ,  0.00 ,  0.00 
 0.00 ,  0.00 ,  0.00 
 0.00 ,  0.00 ,  0.00 
 0.00 ,  0.00 ,  0.00 
 0.00 ,  0.00 ,  0.00 
 0.00 ,  0.00 ,  0.00 
 0.00 ,  0.00 ,  0.00 
3832.20 ,  0.00 , 3563.95 
 0.00 ,  0.00 ,  0.00 
 0.00 ,  0.00 ,  0.00 
 0.00 ,  0.00 ,  0.00 
 0.00 ,  0.00 ,  0.00 
 0.00 ,  0.00 ,  0.00 
 0.00 ,  0.00 ,  0.00 
 0.00 ,  0.00 ,  0.00 
 0.00 ,  0.00 ,  0.00 
 0.00 ,  0.00 ,  0.00 
 0.00 ,  0.00 ,  0.00 
4036.43 ,  0.00 , 3753.88 
 0.00 ,  0.00 ,  0.00 
 0.00 ,  0.00 ,  0.00 
 0.00 ,  0.00 ,  0.00 
 0.00 ,  0.00 ,  0.00 
 0.00 ,  0.00 ,  0.00 
 0.00 ,  0.00 ,  0.00 
 0.00 ,  0.00 ,  0.00 
 0.00 ,  0.00 ,  0.00 
 0.00 ,  0.00 ,  0.00 
 0.00 ,  0.00 ,  0.00 
 0.00 ,  0.00 ,  0.00 
 0.00 ,  0.00 ,  0.00 
 0.00 ,  0.00 ,  0.00 
3845.75 ,  0.00 , 3576.54 
 0.00 ,  0.00 ,  0.00 
 0.00 ,  0.00 ,  0.00 
 0.00 ,  0.00 ,  0.00 
 0.00 ,  0.00 ,  0.00 
 0.00 ,  0.00 ,  0.00 
 0.00 ,  0.00 ,  0.00 
 0.00 ,  0.00 ,  0.00 
 0.00 ,  0.00 ,  0.00 
 0.00 ,  0.00 ,  0.00 
 0.00 ,  0.00 ,  0.00 
3978.00 ,  0.00 , 3699.54 
 0.00 ,  0.00 ,  0.00 
 0.00 ,  0.00 ,  0.00 
 0.00 ,  0.00 ,  0.00 
 0.00 ,  0.00 ,  0.00 
 0.00 ,  0.00 ,  0.00 
 0.00 ,  0.00 ,  0.00 
 0.00 ,  0.00 ,  0.00 
 0.00 ,  0.00 ,  0.00 
 0.00 ,  0.00 ,  0.00 
 0.00 ,  0.00 ,  0.00 
 0.00 ,  0.00 ,  0.00 
 0.00 ,  0.00 ,  0.00 
 0.00 ,  0.00 ,  0.00 
3855.20 ,  0.00 , 3585.34 
 0.00 ,  0.00 ,  0.00 
 0.00 ,  0.00 ,  0.00 
 0.00 ,  0.00 ,  0.00 
 0.00 ,  0.00 ,  0.00 
 0.00 ,  0.00 ,  0.00 
 0.00 ,  0.00 ,  0.00 
 0.00 ,  0.00 ,  0.00 
 0.00 ,  0.00 ,  0.00 
 0.00 ,  0.00 ,  0.00 
 0.00 ,  0.00 ,  0.00 
3981.18 ,  0.00 , 3702.50 
 0.00 ,  0.00 ,  0.00 
 0.00 ,  0.00 ,  0.00 
 0.00 ,  0.00 ,  0.00 
 0.00 ,  0.00 ,  0.00 
 0.00 ,  0.00 ,  0.00 
 0.00 ,  0.00 ,  0.00 
 0.00 ,  0.00 ,  0.00 
 0.00 ,  0.00 ,  0.00 
 0.00 ,  0.00 ,  0.00 
 0.00 ,  0.00 ,  0.00 
 0.00 ,  0.00 ,  0.00 
 0.00 ,  0.00 ,  0.00 
 0.00 ,  0.00 ,  0.00 
3864.62 ,  0.00 , 3594.10 
 0.00 ,  0.00 ,  0.00 
 0.00 ,  0.00 ,  0.00 
 0.00 ,  0.00 ,  0.00 
 0.00 ,  0.00 ,  0.00 
 0.00 ,  0.00 ,  0.00 
 0.00 ,  0.00 ,  0.00 
 0.00 ,  0.00 ,  0.00 
 0.00 ,  0.00 ,  0.00 
 0.00 ,  0.00 ,  0.00 
 0.00 ,  0.00 ,  0.00 
3919.82 ,  0.00 , 3645.43 
 0.00 ,  0.00 ,  0.00 
 0.00 ,  0.00 ,  0.00 
 0.00 ,  0.00 ,  0.00 
 0.00 ,  0.00 ,  0.00 
 0.00 ,  0.00 ,  0.00 
 0.00 ,  0.00 ,  0.00 
 0.00 ,  0.00 ,  0.00 
 0.00 ,  0.00 ,  0.00 
 0.00 ,  0.00 ,  0.00 
 0.00 ,  0.00 ,  0.00 
 0.00 ,  0.00 ,  0.00 
 0.00 ,  0.00 ,  0.00 
 0.00 ,  0.00 ,  0.00 
3869.96 ,  0.00 , 3599.06 
 0.00 ,  0.00 ,  0.00 
 0.00 ,  0.00 ,  0.00 
 0.00 ,  0.00 ,  0.00 
 0.00 ,  0.00 ,  0.00 
 0.00 ,  0.00 ,  0.00 
 0.00 ,  0.00 ,  0.00 
 0.00 ,  0.00 ,  0.00 
 0.00 ,  0.00 ,  0.00 
 0.00 ,  0.00 ,  0.00 
 0.00 ,  0.00 ,  0.00 
3920.08 ,  0.00 , 3645.68 
 0.00 ,  0.00 ,  0.00 
 0.00 ,  0.00 ,  0.00 
 0.00 ,  0.00 ,  0.00 
 0.00 ,  0.00 ,  0.00 
 0.00 ,  0.00 ,  0.00 
 0.00 ,  0.00 ,  0.00 
 0.00 ,  0.00 ,  0.00 
 0.00 ,  0.00 ,  0.00 
 0.00 ,  0.00 ,  0.00 
 0.00 ,  0.00 ,  0.00 
 0.00 ,  0.00 ,  0.00 
 0.00 ,  0.00 ,  0.00 
 0.00 ,  0.00 ,  0.00 
3875.28 ,  0.00 , 3604.01 
 0.00 ,  0.00 ,  0.00 
 0.00 ,  0.00 ,  0.00 
 0.00 ,  0.00 ,  0.00 
 0.00 ,  0.00 ,  0.00 
 0.00 ,  0.00 ,  0.00 
 0.00 ,  0.00 ,  0.00 
 0.00 ,  0.00 ,  0.00 
 0.00 ,  0.00 ,  0.00 
 0.00 ,  0.00 ,  0.00 
 0.00 ,  0.00 ,  0.00 
 0.00 ,  0.00 ,  0.00 
 0.00 ,  0.00 ,  0.00 
 0.00 ,  0.00 ,  0.00 
3753.28 ,  0.00 , 3490.55 
 0.00 ,  0.00 ,  0.00 
 0.00 ,  0.00 ,  0.00 
 0.00 ,  0.00 ,  0.00 
 0.00 ,  0.00 ,  0.00 
 0.00 ,  0.00 ,  0.00 
 0.00 ,  0.00 ,  0.00 
 0.00 ,  0.00 ,  0.00 
 0.00 ,  0.00 ,  0.00 
 0.00 ,  0.00 ,  0.00 
 0.00 ,  0.00 ,  0.00 
3923.74 ,  0.00 , 3649.08 
 0.00 ,  0.00 ,  0.00 
 0.00 ,  0.00 ,  0.00 
 0.00 ,  0.00 ,  0.00 
 0.00 ,  0.00 ,  0.00 
 0.00 ,  0.00 ,  0.00 
 0.00 ,  0.00 ,  0.00 
 0.00 ,  0.00 ,  0.00 
 0.00 ,  0.00 ,  0.00 
 0.00 ,  0.00 ,  0.00 
 0.00 ,  0.00 ,  0.00 
 0.00 ,  0.00 ,  0.00 
 0.00 ,  0.00 ,  0.00 
 0.00 ,  0.00 ,  0.00 
 0.00 ,  0.00 ,  0.00 
 0.00 ,  0.00 ,  0.00 
3817.16 ,  0.00 , 3549.96 
 0.00 ,  0.00 ,  0.00 
 0.00 ,  0.00 ,  0.00 
 0.00 ,  0.00 ,  0.00 
 0.00 ,  0.00 ,  0.00 
 0.00 ,  0.00 ,  0.00 
 0.00 ,  0.00 ,  0.00 
 0.00 ,  0.00 ,  0.00 
 0.00 ,  0.00 ,  0.00 
3763.71 ,  0.00 , 3500.25 
 0.00 ,  0.00 ,  0.00 
 0.00 ,  0.00 ,  0.00 
 0.00 ,  0.00 ,  0.00 
 0.00 ,  0.00 ,  0.00 
 0.00 ,  0.00 ,  0.00 
 0.00 ,  0.00 ,  0.00 
 0.00 ,  0.00 ,  0.00 
 0.00 ,  0.00 ,  0.00 
 0.00 ,  0.00 ,  0.00 
 0.00 ,  0.00 ,  0.00 
 0.00 ,  0.00 ,  0.00 
 0.00 ,  0.00 ,  0.00 
 0.00 ,  0.00 ,  0.00 
 0.00 ,  0.00 ,  0.00 
 0.00 ,  0.00 ,  0.00 
4268.45 ,  0.00 , 3969.66 
 0.00 ,  0.00 ,  0.00 
 0.00 ,  0.00 ,  0.00 
 0.00 ,  0.00 ,  0.00 
 0.00 ,  0.00 ,  0.00 
 0.00 ,  0.00 ,  0.00 
 0.00 ,  0.00 ,  0.00 
 0.00 ,  0.00 ,  0.00 
 0.00 ,  0.00 ,  0.00 
 0.00 ,  0.00 ,  0.00 
 0.00 ,  0.00 ,  0.00 
4030.29 ,  0.00 , 3748.17 
 0.00 ,  0.00 ,  0.00 
 0.00 ,  0.00 ,  0.00 
 0.00 ,  0.00 ,  0.00 
 0.00 ,  0.00 ,  0.00 
 0.00 ,  0.00 ,  0.00 
 0.00 ,  0.00 ,  0.00 
 0.00 ,  0.00 ,  0.00 
 0.00 ,  0.00 ,  0.00 
 0.00 ,  0.00 ,  0.00 
 0.00 ,  0.00 ,  0.00 
 0.00 ,  0.00 ,  0.00 
 0.00 ,  0.00 ,  0.00 
 0.00 ,  0.00 ,  0.00 
3832.20 ,  0.00 , 3563.95 
 0.00 ,  0.00 ,  0.00 
 0.00 ,  0.00 ,  0.00 
 0.00 ,  0.00 ,  0.00 
 0.00 ,  0.00 ,  0.00 
 0.00 ,  0.00 ,  0.00 
 0.00 ,  0.00 ,  0.00 
 0.00 ,  0.00 ,  0.00 
 0.00 ,  0.00 ,  0.00 
 0.00 ,  0.00 ,  0.00 
 0.00 ,  0.00 ,  0.00 
4036.43 ,  0.00 , 3753.88 
 0.00 ,  0.00 ,  0.00 
 0.00 ,  0.00 ,  0.00 
 0.00 ,  0.00 ,  0.00 
 0.00 ,  0.00 ,  0.00 
 0.00 ,  0.00 ,  0.00 
 0.00 ,  0.00 ,  0.00 
 0.00 ,  0.00 ,  0.00 
 0.00 ,  0.00 ,  0.00 
 0.00 ,  0.00 ,  0.00 
 0.00 ,  0.00 ,  0.00 
 0.00 ,  0.00 ,  0.00 
 0.00 ,  0.00 ,  0.00 
 0.00 ,  0.00 ,  0.00 
3930.25 ,  0.00 , 3655.13 
 0.00 ,  0.00 ,  0.00 
 0.00 ,  0.00 ,  0.00 
 0.00 ,  0.00 ,  0.00 
 0.00 ,  0.00 ,  0.00 
 0.00 ,  0.00 ,  0.00 
 0.00 ,  0.00 ,  0.00 
 0.00 ,  0.00 ,  0.00 
 0.00 ,  0.00 ,  0.00 
 0.00 ,  0.00 ,  0.00 
 0.00 ,  0.00 ,  0.00 
4135.88 ,  0.00 , 3846.36 
 0.00 ,  0.00 ,  0.00 
 0.00 ,  0.00 ,  0.00 
 0.00 ,  0.00 ,  0.00 
 0.00 ,  0.00 ,  0.00 
 0.00 ,  0.00 ,  0.00 
 0.00 ,  0.00 ,  0.00 
 0.00 ,  0.00 ,  0.00 
 0.00 ,  0.00 ,  0.00 
 0.00 ,  0.00 ,  0.00 
 0.00 ,  0.00 ,  0.00 
 0.00 ,  0.00 ,  0.00 
 0.00 ,  0.00 ,  0.00 
 0.00 ,  0.00 ,  0.00 
4001.38 ,  0.00 , 3721.29 
 0.00 ,  0.00 ,  0.00 
 0.00 ,  0.00 ,  0.00 
 0.00 ,  0.00 ,  0.00 
 0.00 ,  0.00 ,  0.00 
 0.00 ,  0.00 ,  0.00 
 0.00 ,  0.00 ,  0.00 
 0.00 ,  0.00 ,  0.00 
 0.00 ,  0.00 ,  0.00 
 0.00 ,  0.00 ,  0.00 
 0.00 ,  0.00 ,  0.00 
4139.20 ,  0.00 , 3849.46 
 0.00 ,  0.00 ,  0.00 
 0.00 ,  0.00 ,  0.00 
 0.00 ,  0.00 ,  0.00 
 0.00 ,  0.00 ,  0.00 
 0.00 ,  0.00 ,  0.00 
 0.00 ,  0.00 ,  0.00 
 0.00 ,  0.00 ,  0.00 
 0.00 ,  0.00 ,  0.00 
 0.00 ,  0.00 ,  0.00 
 0.00 ,  0.00 ,  0.00 
 0.00 ,  0.00 ,  0.00 
 0.00 ,  0.00 ,  0.00 
 0.00 ,  0.00 ,  0.00 
4011.23 ,  0.00 , 3730.44 
 0.00 ,  0.00 ,  0.00 
 0.00 ,  0.00 ,  0.00 
 0.00 ,  0.00 ,  0.00 
 0.00 ,  0.00 ,  0.00 
 0.00 ,  0.00 ,  0.00 
 0.00 ,  0.00 ,  0.00 
 0.00 ,  0.00 ,  0.00 
 0.00 ,  0.00 ,  0.00 
 0.00 ,  0.00 ,  0.00 
 0.00 ,  0.00 ,  0.00 
4075.05 ,  0.00 , 3789.80 
 0.00 ,  0.00 ,  0.00 
 0.00 ,  0.00 ,  0.00 
 0.00 ,  0.00 ,  0.00 
 0.00 ,  0.00 ,  0.00 
 0.00 ,  0.00 ,  0.00 
 0.00 ,  0.00 ,  0.00 
 0.00 ,  0.00 ,  0.00 
 0.00 ,  0.00 ,  0.00 
 0.00 ,  0.00 ,  0.00 
 0.00 ,  0.00 ,  0.00 
 0.00 ,  0.00 ,  0.00 
 0.00 ,  0.00 ,  0.00 
 0.00 ,  0.00 ,  0.00 
4016.81 ,  0.00 , 3735.63 
 0.00 ,  0.00 ,  0.00 
 0.00 ,  0.00 ,  0.00 
 0.00 ,  0.00 ,  0.00 
 0.00 ,  0.00 ,  0.00 
 0.00 ,  0.00 ,  0.00 
 0.00 ,  0.00 ,  0.00 
 0.00 ,  0.00 ,  0.00 
 0.00 ,  0.00 ,  0.00 
 0.00 ,  0.00 ,  0.00 
 0.00 ,  0.00 ,  0.00 
4075.33 ,  0.00 , 3790.05 
 0.00 ,  0.00 ,  0.00 
 0.00 ,  0.00 ,  0.00 
 0.00 ,  0.00 ,  0.00 
 0.00 ,  0.00 ,  0.00 
 0.00 ,  0.00 ,  0.00 
 0.00 ,  0.00 ,  0.00 
 0.00 ,  0.00 ,  0.00 
 0.00 ,  0.00 ,  0.00 
 0.00 ,  0.00 ,  0.00 
 0.00 ,  0.00 ,  0.00 
 0.00 ,  0.00 ,  0.00 
 0.00 ,  0.00 ,  0.00 
 0.00 ,  0.00 ,  0.00 
4022.37 ,  0.00 , 3740.80 
 0.00 ,  0.00 ,  0.00 
 0.00 ,  0.00 ,  0.00 
 0.00 ,  0.00 ,  0.00 
 0.00 ,  0.00 ,  0.00 
 0.00 ,  0.00 ,  0.00 
 0.00 ,  0.00 ,  0.00 
 0.00 ,  0.00 ,  0.00 
 0.00 ,  0.00 ,  0.00 
 0.00 ,  0.00 ,  0.00 
 0.00 ,  0.00 ,  0.00 
3805.74 ,  0.00 , 3539.34 
 0.00 ,  0.00 ,  0.00 
 0.00 ,  0.00 ,  0.00 
 0.00 ,  0.00 ,  0.00 
 0.00 ,  0.00 ,  0.00 
 0.00 ,  0.00 ,  0.00 
 0.00 ,  0.00 ,  0.00 
 0.00 ,  0.00 ,  0.00 
 0.00 ,  0.00 ,  0.00 
 0.00 ,  0.00 ,  0.00 
 0.00 ,  0.00 ,  0.00 
 0.00 ,  0.00 ,  0.00 
 0.00 ,  0.00 ,  0.00 
3914.26 ,  0.00 , 3640.26 
 0.00 ,  0.00 ,  0.00 
 0.00 ,  0.00 ,  0.00 
 0.00 ,  0.00 ,  0.00 
 0.00 ,  0.00 ,  0.00 
 0.00 ,  0.00 ,  0.00 
 0.00 ,  0.00 ,  0.00 
 0.00 ,  0.00 ,  0.00 
 0.00 ,  0.00 ,  0.00 
 0.00 ,  0.00 ,  0.00 
 0.00 ,  0.00 ,  0.00 
3805.74 ,  0.00 , 3539.34 
 0.00 ,  0.00 ,  0.00 
 0.00 ,  0.00 ,  0.00 
 0.00 ,  0.00 ,  0.00 
 0.00 ,  0.00 ,  0.00 
 0.00 ,  0.00 ,  0.00 
 0.00 ,  0.00 ,  0.00 
 0.00 ,  0.00 ,  0.00 
 0.00 ,  0.00 ,  0.00 
 0.00 ,  0.00 ,  0.00 
 0.00 ,  0.00 ,  0.00 
 0.00 ,  0.00 ,  0.00 
 0.00 ,  0.00 ,  0.00 
3914.26 ,  0.00 , 3640.26 
 0.00 ,  0.00 ,  0.00 
 0.00 ,  0.00 ,  0.00 
 0.00 ,  0.00 ,  0.00 
 0.00 ,  0.00 ,  0.00 
 0.00 ,  0.00 ,  0.00 
 0.00 ,  0.00 ,  0.00 
 0.00 ,  0.00 ,  0.00 
 0.00 ,  0.00 ,  0.00 
 0.00 ,  0.00 ,  0.00 
 0.00 ,  0.00 ,  0.00 
3805.74 ,  0.00 , 3539.34 
 0.00 ,  0.00 ,  0.00 
 0.00 ,  0.00 ,  0.00 
 0.00 ,  0.00 ,  0.00 
 0.00 ,  0.00 ,  0.00 
 0.00 ,  0.00 ,  0.00 
 0.00 ,  0.00 ,  0.00 
 0.00 ,  0.00 ,  0.00 
 0.00 ,  0.00 ,  0.00 
 0.00 ,  0.00 ,  0.00 
 0.00 ,  0.00 ,  0.00 
 0.00 ,  0.00 ,  0.00 
 0.00 ,  0.00 ,  0.00 
3914.26 ,  0.00 , 3640.26 
 0.00 ,  0.00 ,  0.00 
 0.00 ,  0.00 ,  0.00 
 0.00 ,  0.00 ,  0.00 
 0.00 ,  0.00 ,  0.00 
 0.00 ,  0.00 ,  0.00 
 0.00 ,  0.00 ,  0.00 
 0.00 ,  0.00 ,  0.00 
 0.00 ,  0.00 ,  0.00 
 0.00 ,  0.00 ,  0.00 
 0.00 ,  0.00 ,  0.00 
3805.74 ,  0.00 , 3539.34 
 0.00 ,  0.00 ,  0.00 
 0.00 ,  0.00 ,  0.00 
 0.00 ,  0.00 ,  0.00 
 0.00 ,  0.00 ,  0.00 
 0.00 ,  0.00 ,  0.00 
 0.00 ,  0.00 ,  0.00 
 0.00 ,  0.00 ,  0.00 
 0.00 ,  0.00 ,  0.00 
 0.00 ,  0.00 ,  0.00 
 0.00 ,  0.00 ,  0.00 
 0.00 ,  0.00 ,  0.00 
 0.00 ,  0.00 ,  0.00 
3914.26 ,  0.00 , 3640.26 
 0.00 ,  0.00 ,  0.00 
 0.00 ,  0.00 ,  0.00 
 0.00 ,  0.00 ,  0.00 
 0.00 ,  0.00 ,  0.00 
 0.00 ,  0.00 ,  0.00 
 0.00 ,  0.00 ,  0.00 
 0.00 ,  0.00 ,  0.00 
 0.00 ,  0.00 ,  0.00 
 0.00 ,  0.00 ,  0.00 
 0.00 ,  0.00 ,  0.00 
3805.74 ,  0.00 , 3539.34 
 0.00 ,  0.00 ,  0.00 
 0.00 ,  0.00 ,  0.00 
 0.00 ,  0.00 ,  0.00 
 0.00 ,  0.00 ,  0.00 
 0.00 ,  0.00 ,  0.00 
 0.00 ,  0.00 ,  0.00 
 0.00 ,  0.00 ,  0.00 
 0.00 ,  0.00 ,  0.00 
 0.00 ,  0.00 ,  0.00 
 0.00 ,  0.00 ,  0.00 
 0.00 ,  0.00 ,  0.00 
 0.00 ,  0.00 ,  0.00 
3914.26 ,  0.00 , 3640.26 
 0.00 ,  0.00 ,  0.00 
 0.00 ,  0.00 ,  0.00 
 0.00 ,  0.00 ,  0.00 
 0.00 ,  0.00 ,  0.00 
 0.00 ,  0.00 ,  0.00 
 0.00 ,  0.00 ,  0.00 
 0.00 ,  0.00 ,  0.00 
 0.00 ,  0.00 ,  0.00 
 0.00 ,  0.00 ,  0.00 
 0.00 ,  0.00 ,  0.00 
3805.74 ,  0.00 , 3539.34 
 0.00 ,  0.00 ,  0.00 
 0.00 ,  0.00 ,  0.00 
 0.00 ,  0.00 ,  0.00 
 0.00 ,  0.00 ,  0.00 
 0.00 ,  0.00 ,  0.00 
 0.00 ,  0.00 ,  0.00 
 0.00 ,  0.00 ,  0.00 
 0.00 ,  0.00 ,  0.00 
 0.00 ,  0.00 ,  0.00 
 0.00 ,  0.00 ,  0.00 
 0.00 ,  0.00 ,  0.00 
 0.00 ,  0.00 ,  0.00 
3914.26 ,  0.00 , 3640.26 
 0.00 ,  0.00 ,  0.00 
 0.00 ,  0.00 ,  0.00 
 0.00 ,  0.00 ,  0.00 
 0.00 ,  0.00 ,  0.00 
 0.00 ,  0.00 ,  0.00 
 0.00 ,  0.00 ,  0.00 
 0.00 ,  0.00 ,  0.00 
 0.00 ,  0.00 ,  0.00 
 0.00 ,  0.00 ,  0.00 
 0.00 ,  0.00 ,  0.00 
3805.74 ,  0.00 , 3539.34 
 0.00 ,  0.00 ,  0.00 
 0.00 ,  0.00 ,  0.00 
 0.00 ,  0.00 ,  0.00 
 0.00 ,  0.00 ,  0.00 
 0.00 ,  0.00 ,  0.00 
 0.00 ,  0.00 ,  0.00 
 0.00 ,  0.00 ,  0.00 
 0.00 ,  0.00 ,  0.00 
 0.00 ,  0.00 ,  0.00 
 0.00 ,  0.00 ,  0.00 
 0.00 ,  0.00 ,  0.00 
 0.00 ,  0.00 ,  0.00 
3914.26 ,  0.00 , 3640.26 
 0.00 ,  0.00 ,  0.00 
 0.00 ,  0.00 ,  0.00 
 0.00 ,  0.00 ,  0.00 
 0.00 ,  0.00 ,  0.00 
 0.00 ,  0.00 ,  0.00 
 0.00 ,  0.00 ,  0.00 
 0.00 ,  0.00 ,  0.00 
 0.00 ,  0.00 ,  0.00 
 0.00 ,  0.00 ,  0.00 
 0.00 ,  0.00 ,  0.00 
3805.74 ,  0.00 , 3539.34 
 0.00 ,  0.00 ,  0.00 
 0.00 ,  0.00 ,  0.00 
 0.00 ,  0.00 ,  0.00 
 0.00 ,  0.00 ,  0.00 
 0.00 ,  0.00 ,  0.00 
 0.00 ,  0.00 ,  0.00 
 0.00 ,  0.00 ,  0.00 
 0.00 ,  0.00 ,  0.00 
 0.00 ,  0.00 ,  0.00 
 0.00 ,  0.00 ,  0.00 
 0.00 ,  0.00 ,  0.00 
 0.00 ,  0.00 ,  0.00 
3914.26 ,  0.00 , 3640.26 
 0.00 ,  0.00 ,  0.00 
 0.00 ,  0.00 ,  0.00 
 0.00 ,  0.00 ,  0.00 
 0.00 ,  0.00 ,  0.00 
 0.00 ,  0.00 ,  0.00 
 0.00 ,  0.00 ,  0.00 
 0.00 ,  0.00 ,  0.00 
 0.00 ,  0.00 ,  0.00 
 0.00 ,  0.00 ,  0.00 
 0.00 ,  0.00 ,  0.00 
3805.74 ,  0.00 , 3539.34 
 0.00 ,  0.00 ,  0.00 
 0.00 ,  0.00 ,  0.00 
 0.00 ,  0.00 ,  0.00 
 0.00 ,  0.00 ,  0.00 
 0.00 ,  0.00 ,  0.00 
 0.00 ,  0.00 ,  0.00 
 0.00 ,  0.00 ,  0.00 
 0.00 ,  0.00 ,  0.00 
 0.00 ,  0.00 ,  0.00 
 0.00 ,  0.00 ,  0.00 
 0.00 ,  0.00 ,  0.00 
 0.00 ,  0.00 ,  0.00 
3914.26 ,  0.00 , 3640.26 
 0.00 ,  0.00 ,  0.00 
 0.00 ,  0.00 ,  0.00 
 0.00 ,  0.00 ,  0.00 
 0.00 ,  0.00 ,  0.00 
 0.00 ,  0.00 ,  0.00 
 0.00 ,  0.00 ,  0.00 
 0.00 ,  0.00 ,  0.00 
 0.00 ,  0.00 ,  0.00 
 0.00 ,  0.00 ,  0.00 
 0.00 ,  0.00 ,  0.00 
3805.74 ,  0.00 , 3539.34 
 0.00 ,  0.00 ,  0.00 
 0.00 ,  0.00 ,  0.00 
 0.00 ,  0.00 ,  0.00 
 0.00 ,  0.00 ,  0.00 
 0.00 ,  0.00 ,  0.00 
 0.00 ,  0.00 ,  0.00 
 0.00 ,  0.00 ,  0.00 
 0.00 ,  0.00 ,  0.00 
 0.00 ,  0.00 ,  0.00 
 0.00 ,  0.00 ,  0.00 
 0.00 ,  0.00 ,  0.00 
 0.00 ,  0.00 ,  0.00 
3914.26 ,  0.00 , 3640.26 
 0.00 ,  0.00 ,  0.00 
 0.00 ,  0.00 ,  0.00 
 0.00 ,  0.00 ,  0.00 
 0.00 ,  0.00 ,  0.00 
 0.00 ,  0.00 ,  0.00 
 0.00 ,  0.00 ,  0.00 
 0.00 ,  0.00 ,  0.00 
 0.00 ,  0.00 ,  0.00 
 0.00 ,  0.00 ,  0.00 
 0.00 ,  0.00 ,  0.00 
3805.74 ,  0.00 , 3539.34 
 0.00 ,  0.00 ,  0.00 
 0.00 ,  0.00 ,  0.00 
 0.00 ,  0.00 ,  0.00 
 0.00 ,  0.00 ,  0.00 
 0.00 ,  0.00 ,  0.00 
 0.00 ,  0.00 ,  0.00 
 0.00 ,  0.00 ,  0.00 
 0.00 ,  0.00 ,  0.00 
 0.00 ,  0.00 ,  0.00 
 0.00 ,  0.00 ,  0.00 
 0.00 ,  0.00 ,  0.00 
 0.00 ,  0.00 ,  0.00 
3914.26 ,  0.00 , 3640.26 
 0.00 ,  0.00 ,  0.00 
 0.00 ,  0.00 ,  0.00 
 0.00 ,  0.00 ,  0.00 
 0.00 ,  0.00 ,  0.00 
 0.00 ,  0.00 ,  0.00 
 0.00 ,  0.00 ,  0.00 
 0.00 ,  0.00 ,  0.00 
 0.00 ,  0.00 ,  0.00 
 0.00 ,  0.00 ,  0.00 
 0.00 ,  0.00 ,  0.00 
3805.74 ,  0.00 , 3539.34 
 0.00 ,  0.00 ,  0.00 
 0.00 ,  0.00 ,  0.00 
 0.00 ,  0.00 ,  0.00 
 0.00 ,  0.00 ,  0.00 
 0.00 ,  0.00 ,  0.00 
 0.00 ,  0.00 ,  0.00 
 0.00 ,  0.00 ,  0.00 
 0.00 ,  0.00 ,  0.00 
 0.00 ,  0.00 ,  0.00 
 0.00 ,  0.00 ,  0.00 
 0.00 ,  0.00 ,  0.00 
 0.00 ,  0.00 ,  0.00 
3914.26 ,  0.00 , 3640.26 
 0.00 ,  0.00 ,  0.00 
 0.00 ,  0.00 ,  0.00 
 0.00 ,  0.00 ,  0.00 
 0.00 ,  0.00 ,  0.00 
 0.00 ,  0.00 ,  0.00 
 0.00 ,  0.00 ,  0.00 
 0.00 ,  0.00 ,  0.00 
 0.00 ,  0.00 ,  0.00 
 0.00 ,  0.00 ,  0.00 
 0.00 ,  0.00 ,  0.00 
3805.74 ,  0.00 , 3539.34 
 0.00 ,  0.00 ,  0.00 
 0.00 ,  0.00 ,  0.00 
 0.00 ,  0.00 ,  0.00 
 0.00 ,  0.00 ,  0.00 
 0.00 ,  0.00 ,  0.00 
 0.00 ,  0.00 ,  0.00 
 0.00 ,  0.00 ,  0.00 
 0.00 ,  0.00 ,  0.00 
 0.00 ,  0.00 ,  0.00 
 0.00 ,  0.00 ,  0.00 
 0.00 ,  0.00 ,  0.00 
 0.00 ,  0.00 ,  0.00 
3914.26 ,  0.00 , 3640.26 
 0.00 ,  0.00 ,  0.00 
 0.00 ,  0.00 ,  0.00 
 0.00 ,  0.00 ,  0.00 
 0.00 ,  0.00 ,  0.00 
 0.00 ,  0.00 ,  0.00 
 0.00 ,  0.00 ,  0.00 
 0.00 ,  0.00 ,  0.00 
 0.00 ,  0.00 ,  0.00 
 0.00 ,  0.00 ,  0.00 
 0.00 ,  0.00 ,  0.00 
3805.74 ,  0.00 , 3539.34 
 0.00 ,  0.00 ,  0.00 
 0.00 ,  0.00 ,  0.00 
 0.00 ,  0.00 ,  0.00 
 0.00 ,  0.00 ,  0.00 
 0.00 ,  0.00 ,  0.00 
 0.00 ,  0.00 ,  0.00 
 0.00 ,  0.00 ,  0.00 
 0.00 ,  0.00 ,  0.00 
 0.00 ,  0.00 ,  0.00 
 0.00 ,  0.00 ,  0.00 
 0.00 ,  0.00 ,  0.00 
 0.00 ,  0.00 ,  0.00 
3914.26 ,  0.00 , 3640.26 
 0.00 ,  0.00 ,  0.00 
 0.00 ,  0.00 ,  0.00 
 0.00 ,  0.00 ,  0.00 
 0.00 ,  0.00 ,  0.00 
 0.00 ,  0.00 ,  0.00 
 0.00 ,  0.00 ,  0.00 
 0.00 ,  0.00 ,  0.00 
 0.00 ,  0.00 ,  0.00 
 0.00 ,  0.00 ,  0.00 
 0.00 ,  0.00 ,  0.00 
3805.74 ,  0.00 , 3539.34 
 0.00 ,  0.00 ,  0.00 
 0.00 ,  0.00 ,  0.00 
 0.00 ,  0.00 ,  0.00 
 0.00 ,  0.00 ,  0.00 
 0.00 ,  0.00 ,  0.00 
 0.00 ,  0.00 ,  0.00 
 0.00 ,  0.00 ,  0.00 
 0.00 ,  0.00 ,  0.00 
 0.00 ,  0.00 ,  0.00 
 0.00 ,  0.00 ,  0.00 
 0.00 ,  0.00 ,  0.00 
 0.00 ,  0.00 ,  0.00 
3914.26 ,  0.00 , 3640.26 
 0.00 ,  0.00 ,  0.00 
 0.00 ,  0.00 ,  0.00 
 0.00 ,  0.00 ,  0.00 
 0.00 ,  0.00 ,  0.00 
 0.00 ,  0.00 ,  0.00 
 0.00 ,  0.00 ,  0.00 
 0.00 ,  0.00 ,  0.00 
 0.00 ,  0.00 ,  0.00 
 0.00 ,  0.00 ,  0.00 
 0.00 ,  0.00 ,  0.00 
3805.74 ,  0.00 , 3539.34 
 0.00 ,  0.00 ,  0.00 
 0.00 ,  0.00 ,  0.00 
 0.00 ,  0.00 ,  0.00 
 0.00 ,  0.00 ,  0.00 
 0.00 ,  0.00 ,  0.00 
 0.00 ,  0.00 ,  0.00 
 0.00 ,  0.00 ,  0.00 
 0.00 ,  0.00 ,  0.00 
 0.00 ,  0.00 ,  0.00 
 0.00 ,  0.00 ,  0.00 
 0.00 ,  0.00 ,  0.00 
 0.00 ,  0.00 ,  0.00 
3914.26 ,  0.00 , 3640.26 
 0.00 ,  0.00 ,  0.00 
 0.00 ,  0.00 ,  0.00 
 0.00 ,  0.00 ,  0.00 
 0.00 ,  0.00 ,  0.00 
 0.00 ,  0.00 ,  0.00 
 0.00 ,  0.00 ,  0.00 
 0.00 ,  0.00 ,  0.00 
 0.00 ,  0.00 ,  0.00 
 0.00 ,  0.00 ,  0.00 
 0.00 ,  0.00 ,  0.00 
3805.74 ,  0.00 , 3539.34 
 0.00 ,  0.00 ,  0.00 
 0.00 ,  0.00 ,  0.00 
 0.00 ,  0.00 ,  0.00 
 0.00 ,  0.00 ,  0.00 
 0.00 ,  0.00 ,  0.00 
 0.00 ,  0.00 ,  0.00 
 0.00 ,  0.00 ,  0.00 
 0.00 ,  0.00 ,  0.00 
 0.00 ,  0.00 ,  0.00 
 0.00 ,  0.00 ,  0.00 
 0.00 ,  0.00 ,  0.00 
 0.00 ,  0.00 ,  0.00 
3914.26 ,  0.00 , 3640.26 
 0.00 ,  0.00 ,  0.00 
 0.00 ,  0.00 ,  0.00 
 0.00 ,  0.00 ,  0.00 
 0.00 ,  0.00 ,  0.00 
 0.00 ,  0.00 ,  0.00 
 0.00 ,  0.00 ,  0.00 
 0.00 ,  0.00 ,  0.00 
 0.00 ,  0.00 ,  0.00 
 0.00 ,  0.00 ,  0.00 
 0.00 ,  0.00 ,  0.00 
3805.74 ,  0.00 , 3539.34 
 0.00 ,  0.00 ,  0.00 
 0.00 ,  0.00 ,  0.00 
 0.00 ,  0.00 ,  0.00 
 0.00 ,  0.00 ,  0.00 
 0.00 ,  0.00 ,  0.00 
 0.00 ,  0.00 ,  0.00 
 0.00 ,  0.00 ,  0.00 
 0.00 ,  0.00 ,  0.00 
 0.00 ,  0.00 ,  0.00 
 0.00 ,  0.00 ,  0.00 
 0.00 ,  0.00 ,  0.00 
 0.00 ,  0.00 ,  0.00 
3914.26 ,  0.00 , 3640.26 
 0.00 ,  0.00 ,  0.00 
 0.00 ,  0.00 ,  0.00 
 0.00 ,  0.00 ,  0.00 
 0.00 ,  0.00 ,  0.00 
 0.00 ,  0.00 ,  0.00 
 0.00 ,  0.00 ,  0.00 
 0.00 ,  0.00 ,  0.00 
 0.00 ,  0.00 ,  0.00 
 0.00 ,  0.00 ,  0.00 
 0.00 ,  0.00 ,  0.00 
3805.74 ,  0.00 , 3539.34 
 0.00 ,  0.00 ,  0.00 
 0.00 ,  0.00 ,  0.00 
 0.00 ,  0.00 ,  0.00 
 0.00 ,  0.00 ,  0.00 
 0.00 ,  0.00 ,  0.00 
 0.00 ,  0.00 ,  0.00 
 0.00 ,  0.00 ,  0.00 
 0.00 ,  0.00 ,  0.00 
 0.00 ,  0.00 ,  0.00 
 0.00 ,  0.00 ,  0.00 
 0.00 ,  0.00 ,  0.00 
 0.00 ,  0.00 ,  0.00 
3914.26 ,  0.00 , 3640.26 
 0.00 ,  0.00 ,  0.00 
 0.00 ,  0.00 ,  0.00 
 0.00 ,  0.00 ,  0.00 
 0.00 ,  0.00 ,  0.00 
 0.00 ,  0.00 ,  0.00 
 0.00 ,  0.00 ,  0.00 
 0.00 ,  0.00 ,  0.00 
 0.00 ,  0.00 ,  0.00 
 0.00 ,  0.00 ,  0.00 
 0.00 ,  0.00 ,  0.00 
3805.74 ,  0.00 , 3539.34 
 0.00 ,  0.00 ,  0.00 
 0.00 ,  0.00 ,  0.00 
 0.00 ,  0.00 ,  0.00 
 0.00 ,  0.00 ,  0.00 
 0.00 ,  0.00 ,  0.00 
 0.00 ,  0.00 ,  0.00 
 0.00 ,  0.00 ,  0.00 
 0.00 ,  0.00 ,  0.00 
 0.00 ,  0.00 ,  0.00 
 0.00 ,  0.00 ,  0.00 
 0.00 ,  0.00 ,  0.00 
 0.00 ,  0.00 ,  0.00 
3914.26 ,  0.00 , 3640.26 
 0.00 ,  0.00 ,  0.00 
 0.00 ,  0.00 ,  0.00 
 0.00 ,  0.00 ,  0.00 
 0.00 ,  0.00 ,  0.00 
 0.00 ,  0.00 ,  0.00 
 0.00 ,  0.00 ,  0.00 
 0.00 ,  0.00 ,  0.00 
 0.00 ,  0.00 ,  0.00 
 0.00 ,  0.00 ,  0.00 
 0.00 ,  0.00 ,  0.00 
3805.74 ,  0.00 , 3539.34 
 0.00 ,  0.00 ,  0.00 
 0.00 ,  0.00 ,  0.00 
 0.00 ,  0.00 ,  0.00 
 0.00 ,  0.00 ,  0.00 
 0.00 ,  0.00 ,  0.00 
 0.00 ,  0.00 ,  0.00 
 0.00 ,  0.00 ,  0.00 
 0.00 ,  0.00 ,  0.00 
 0.00 ,  0.00 ,  0.00 
 0.00 ,  0.00 ,  0.00 
 0.00 ,  0.00 ,  0.00 
 0.00 ,  0.00 ,  0.00 
3914.26 ,  0.00 , 3640.26 
 0.00 ,  0.00 ,  0.00 
 0.00 ,  0.00 ,  0.00 
 0.00 ,  0.00 ,  0.00 
 0.00 ,  0.00 ,  0.00 
 0.00 ,  0.00 ,  0.00 
 0.00 ,  0.00 ,  0.00 
 0.00 ,  0.00 ,  0.00 
 0.00 ,  0.00 ,  0.00 
 0.00 ,  0.00 ,  0.00 
 0.00 ,  0.00 ,  0.00 
3805.74 ,  0.00 , 3539.34 
 0.00 ,  0.00 ,  0.00 
 0.00 ,  0.00 ,  0.00 
 0.00 ,  0.00 ,  0.00 
 0.00 ,  0.00 ,  0.00 
 0.00 ,  0.00 ,  0.00 
 0.00 ,  0.00 ,  0.00 
 0.00 ,  0.00 ,  0.00 
 0.00 ,  0.00 ,  0.00 
 0.00 ,  0.00 ,  0.00 
 0.00 ,  0.00 ,  0.00 
 0.00 ,  0.00 ,  0.00 
 0.00 ,  0.00 ,  0.00 
3914.26 ,  0.00 , 3640.26 
 0.00 ,  0.00 ,  0.00 
 0.00 ,  0.00 ,  0.00 
 0.00 ,  0.00 ,  0.00 
 0.00 ,  0.00 ,  0.00 
 0.00 ,  0.00 ,  0.00 
 0.00 ,  0.00 ,  0.00 
 0.00 ,  0.00 ,  0.00 
 0.00 ,  0.00 ,  0.00 
 0.00 ,  0.00 ,  0.00 
 0.00 ,  0.00 ,  0.00 
3805.74 ,  0.00 , 3539.34 
 0.00 ,  0.00 ,  0.00 
 0.00 ,  0.00 ,  0.00 
 0.00 ,  0.00 ,  0.00 
 0.00 ,  0.00 ,  0.00 
 0.00 ,  0.00 ,  0.00 
 0.00 ,  0.00 ,  0.00 
 0.00 ,  0.00 ,  0.00 
 0.00 ,  0.00 ,  0.00 
 0.00 ,  0.00 ,  0.00 
 0.00 ,  0.00 ,  0.00 
 0.00 ,  0.00 ,  0.00 
 0.00 ,  0.00 ,  0.00 
3914.26 ,  0.00 , 3640.26 
 0.00 ,  0.00 ,  0.00 
 0.00 ,  0.00 ,  0.00 
 0.00 ,  0.00 ,  0.00 
 0.00 ,  0.00 ,  0.00 
 0.00 ,  0.00 ,  0.00 
 0.00 ,  0.00 ,  0.00 
 0.00 ,  0.00 ,  0.00 
 0.00 ,  0.00 ,  0.00 
 0.00 ,  0.00 ,  0.00 
 0.00 ,  0.00 ,  0.00 
3805.74 ,  0.00 , 3539.34 
 0.00 ,  0.00 ,  0.00 
 0.00 ,  0.00 ,  0.00 
 0.00 ,  0.00 ,  0.00 
 0.00 ,  0.00 ,  0.00 
 0.00 ,  0.00 ,  0.00 
 0.00 ,  0.00 ,  0.00 
 0.00 ,  0.00 ,  0.00 
 0.00 ,  0.00 ,  0.00 
 0.00 ,  0.00 ,  0.00 
 0.00 ,  0.00 ,  0.00 
 0.00 ,  0.00 ,  0.00 
 0.00 ,  0.00 ,  0.00 
3914.26 ,  0.00 , 3640.26 
 0.00 ,  0.00 ,  0.00 
 0.00 ,  0.00 ,  0.00 
 0.00 ,  0.00 ,  0.00 
 0.00 ,  0.00 ,  0.00 
 0.00 ,  0.00 ,  0.00 
 0.00 ,  0.00 ,  0.00 
 0.00 ,  0.00 ,  0.00 
 0.00 ,  0.00 ,  0.00 
 0.00 ,  0.00 ,  0.00 
 0.00 ,  0.00 ,  0.00 
3805.74 ,  0.00 , 3539.34 
 0.00 ,  0.00 ,  0.00 
 0.00 ,  0.00 ,  0.00 
 0.00 ,  0.00 ,  0.00 
 0.00 ,  0.00 ,  0.00 
 0.00 ,  0.00 ,  0.00 
 0.00 ,  0.00 ,  0.00 
 0.00 ,  0.00 ,  0.00 
 0.00 ,  0.00 ,  0.00 
 0.00 ,  0.00 ,  0.00 
 0.00 ,  0.00 ,  0.00 
 0.00 ,  0.00 ,  0.00 
 0.00 ,  0.00 ,  0.00 
3914.26 ,  0.00 , 3640.26 
 0.00 ,  0.00 ,  0.00 
 0.00 ,  0.00 ,  0.00 
 0.00 ,  0.00 ,  0.00 
 0.00 ,  0.00 ,  0.00 
 0.00 ,  0.00 ,  0.00 
 0.00 ,  0.00 ,  0.00 
 0.00 ,  0.00 ,  0.00 
 0.00 ,  0.00 ,  0.00 
 0.00 ,  0.00 ,  0.00 
 0.00 ,  0.00 ,  0.00 
3811.54 ,  0.00 , 3544.73 
 0.00 ,  0.00 ,  0.00 
 0.00 ,  0.00 ,  0.00 
 0.00 ,  0.00 ,  0.00 
 0.00 ,  0.00 ,  0.00 
 0.00 ,  0.00 ,  0.00 
 0.00 ,  0.00 ,  0.00 
 0.00 , 4975.98 , 3496.84 
 0.00 , 2254.36 , 1537.55 
 0.00 , 604.12 , 404.80 
 0.00 ,  0.00 ,  0.00 
 0.00 ,  0.00 ,  0.00 
3803.13 ,  0.00 , 3536.91 
 0.00 ,  0.00 ,  0.00 
 0.00 ,  0.00 ,  0.00 
 0.00 ,  0.00 ,  0.00 
 0.00 ,  0.00 ,  0.00 
 0.00 ,  0.00 ,  0.00 
 0.00 ,  0.00 ,  0.00 
 0.00 ,  0.00 ,  0.00 
 0.00 ,  0.00 ,  0.00 
 0.00 , 166.40 , 110.98 
3986.60 , 534.93 , 4066.07 
 0.00 ,  0.00 ,  0.00 
 0.00 ,  0.00 ,  0.00 
 0.00 ,  0.00 ,  0.00 
 0.00 ,  0.00 ,  0.00 
 0.00 ,  0.00 ,  0.00 
 0.00 ,  0.00 ,  0.00 
 0.00 ,  0.00 ,  0.00 
 0.00 ,  0.00 ,  0.00 
 0.00 , 6347.15 , 4529.70 
 0.00 , 2407.11 , 1644.46 
 0.00 , 1072.23 , 722.06 
 0.00 ,  0.00 ,  0.00 
3911.16 ,  0.00 , 3637.38 
 0.00 ,  0.00 ,  0.00 
 0.00 ,  0.00 ,  0.00 
 0.00 ,  0.00 ,  0.00 
 0.00 ,  0.00 ,  0.00 
 0.00 ,  0.00 ,  0.00 
 0.00 ,  0.00 ,  0.00 
 0.00 ,  0.00 ,  0.00 
 0.00 ,  0.00 ,  0.00 
 0.00 ,  0.00 ,  0.00 
3986.30 ,  0.00 , 3707.26 
 0.00 ,  0.00 ,  0.00 
 0.00 ,  0.00 ,  0.00 
 0.00 ,  0.00 ,  0.00 
 0.00 ,  0.00 ,  0.00 
 0.00 ,  0.00 ,  0.00 
 0.00 ,  0.00 ,  0.00 
 0.00 ,  0.00 ,  0.00 
 0.00 ,  0.00 ,  0.00 
 0.00 ,  0.00 ,  0.00 
 0.00 , 4097.65 , 2851.65 
 0.00 , 1717.58 , 1164.68 
 0.00 , 547.51 , 366.65 
3831.47 , 734.16 , 4056.52 
 0.00 , 449.77 , 300.88 
 0.00 ,  0.00 ,  0.00 
 0.00 ,  0.00 ,  0.00 
 0.00 ,  0.00 ,  0.00 
 0.00 ,  0.00 ,  0.00 
 0.00 ,  0.00 ,  0.00 
 0.00 ,  0.00 ,  0.00 
 0.00 ,  0.00 ,  0.00 
 0.00 ,  0.00 ,  0.00 
3982.69 ,  0.00 , 3703.90 
 0.00 , 23.39 , 15.58 
 0.00 , 316.48 , 211.42 
 0.00 ,  0.00 ,  0.00 
 0.00 ,  0.00 ,  0.00 
 0.00 ,  0.00 ,  0.00 
 0.00 ,  0.00 ,  0.00 
 0.00 ,  0.00 ,  0.00 
 0.00 ,  0.00 ,  0.00 
 0.00 ,  0.00 ,  0.00 
 0.00 ,  0.00 ,  0.00 
 0.00 , 5516.07 , 3899.88 
 0.00 , 2257.91 , 1540.04 
3820.73 , 291.71 , 3748.19 
 0.00 ,  0.00 ,  0.00 
 0.00 ,  0.00 ,  0.00 
 0.00 ,  0.00 ,  0.00 
 0.00 ,  0.00 ,  0.00 
 0.00 ,  0.00 ,  0.00 
 0.00 ,  0.00 ,  0.00 
 0.00 ,  0.00 ,  0.00 
 0.00 ,  0.00 ,  0.00 
 0.00 ,  0.00 ,  0.00 
3979.05 ,  0.00 , 3700.52 
 0.00 ,  0.00 ,  0.00 
 0.00 ,  0.00 ,  0.00 
 0.00 ,  0.00 ,  0.00 
 0.00 ,  0.00 ,  0.00 
 0.00 ,  0.00 ,  0.00 
 0.00 ,  0.00 ,  0.00 
 0.00 ,  0.00 ,  0.00 
 0.00 ,  0.00 ,  0.00 
 0.00 ,  0.00 ,  0.00 
 0.00 ,  0.00 ,  0.00 
 0.00 ,  0.00 ,  0.00 
 0.00 , 2826.49 , 1939.79 
 0.00 , 1303.19 , 879.77 
4279.35 , 585.03 , 4372.18 
 0.00 ,  0.00 ,  0.00 
 0.00 ,  0.00 ,  0.00 
 0.00 ,  0.00 ,  0.00 
 0.00 ,  0.00 ,  0.00 
 0.00 ,  0.00 ,  0.00 
 0.00 ,  0.00 ,  0.00 
 0.00 ,  0.00 ,  0.00 
 0.00 ,  0.00 ,  0.00 
 0.00 ,  0.00 ,  0.00 
3979.05 ,  0.00 , 3700.52 
 0.00 ,  0.00 ,  0.00 
 0.00 ,  0.00 ,  0.00 
 0.00 ,  0.00 ,  0.00 
 0.00 ,  0.00 ,  0.00 
 0.00 ,  0.00 ,  0.00 
 0.00 ,  0.00 ,  0.00 
 0.00 ,  0.00 ,  0.00 
 0.00 ,  0.00 ,  0.00 
 0.00 ,  0.00 ,  0.00 
 0.00 ,  0.00 ,  0.00 
 0.00 ,  0.00 ,  0.00 
 0.00 , 1795.53 , 1218.56 
 0.00 , 711.21 , 477.10 
4279.35 , 573.31 , 4364.26 
 0.00 ,  0.00 ,  0.00 
 0.00 , 55.76 , 37.15 
 0.00 ,  0.00 ,  0.00 
 0.00 ,  0.00 ,  0.00 
 0.00 ,  0.00 ,  0.00 
 0.00 ,  0.00 ,  0.00 
 0.00 ,  0.00 ,  0.00 
 0.00 ,  0.00 ,  0.00 
 0.00 ,  0.00 ,  0.00 
3979.05 ,  0.00 , 3700.52 
 0.00 ,  0.00 ,  0.00 
 0.00 ,  0.00 ,  0.00 
 0.00 ,  0.00 ,  0.00 
 0.00 ,  0.00 ,  0.00 
 0.00 ,  0.00 ,  0.00 
 0.00 ,  0.00 ,  0.00 
 0.00 ,  0.00 ,  0.00 
 0.00 ,  0.00 ,  0.00 
 0.00 ,  0.00 ,  0.00 
 0.00 ,  0.00 ,  0.00 
 0.00 ,  0.00 ,  0.00 
 0.00 , 2586.06 , 1770.14 
 0.00 , 1141.21 , 769.08 
4279.35 ,  0.00 , 3979.79 
 0.00 ,  0.00 ,  0.00 
 0.00 ,  0.00 ,  0.00 
 0.00 ,  0.00 ,  0.00 
 0.00 ,  0.00 ,  0.00 
 0.00 ,  0.00 ,  0.00 
 0.00 ,  0.00 ,  0.00 
 0.00 ,  0.00 ,  0.00 
 0.00 ,  0.00 ,  0.00 
 0.00 ,  0.00 ,  0.00 
3979.05 ,  0.00 , 3700.52 
 0.00 ,  0.00 ,  0.00 
 0.00 ,  0.00 ,  0.00 
 0.00 ,  0.00 ,  0.00 
 0.00 ,  0.00 ,  0.00 
 0.00 ,  0.00 ,  0.00 
 0.00 ,  0.00 ,  0.00 
 0.00 ,  0.00 ,  0.00 
 0.00 ,  0.00 ,  0.00 
 0.00 ,  0.00 ,  0.00 
 0.00 ,  0.00 ,  0.00 
 0.00 ,  0.00 ,  0.00 
 0.00 ,  0.00 ,  0.00 
 0.00 , 243.07 , 162.25 
4279.35 , 283.98 , 4169.54 
 0.00 , 31.99 , 21.30 
 0.00 ,  0.00 ,  0.00 
 0.00 ,  0.00 ,  0.00 
 0.00 ,  0.00 ,  0.00 
 0.00 ,  0.00 ,  0.00 
 0.00 ,  0.00 ,  0.00 
 0.00 ,  0.00 ,  0.00 
 0.00 ,  0.00 ,  0.00 
 0.00 ,  0.00 ,  0.00 
3979.05 ,  0.00 , 3700.52 
 0.00 ,  0.00 ,  0.00 
 0.00 ,  0.00 ,  0.00 
 0.00 ,  0.00 ,  0.00 
 0.00 ,  0.00 ,  0.00 
 0.00 ,  0.00 ,  0.00 
 0.00 ,  0.00 ,  0.00 
 0.00 ,  0.00 ,  0.00 
 0.00 ,  0.00 ,  0.00 
 0.00 ,  0.00 ,  0.00 
 0.00 ,  0.00 ,  0.00 
 0.00 ,  0.00 ,  0.00 
 0.00 , 1136.20 , 765.66 
 0.00 , 575.69 , 385.64 
4279.35 ,  0.00 , 3979.79 
 0.00 ,  0.00 ,  0.00 
 0.00 ,  0.00 ,  0.00 
 0.00 ,  0.00 ,  0.00 
 0.00 ,  0.00 ,  0.00 
 0.00 ,  0.00 ,  0.00 
 0.00 ,  0.00 ,  0.00 
 0.00 ,  0.00 ,  0.00 
 0.00 ,  0.00 ,  0.00 
 0.00 ,  0.00 ,  0.00 
3979.05 ,  0.00 , 3700.52 
 0.00 ,  0.00 ,  0.00 
 0.00 ,  0.00 ,  0.00 
 0.00 ,  0.00 ,  0.00 
 0.00 ,  0.00 ,  0.00 
 0.00 ,  0.00 ,  0.00 
 0.00 ,  0.00 ,  0.00 
 0.00 ,  0.00 ,  0.00 
 0.00 ,  0.00 ,  0.00 
 0.00 ,  0.00 ,  0.00 
 0.00 ,  0.00 ,  0.00 
 0.00 ,  0.00 ,  0.00 
 0.00 ,  0.00 ,  0.00 
 0.00 ,  0.00 ,  0.00 
4279.35 ,  0.00 , 3979.79 
 0.00 ,  0.00 ,  0.00 
 0.00 ,  0.00 ,  0.00 
 0.00 ,  0.00 ,  0.00 
 0.00 ,  0.00 ,  0.00 
 0.00 ,  0.00 ,  0.00 
 0.00 ,  0.00 ,  0.00 
 0.00 ,  0.00 ,  0.00 
 0.00 ,  0.00 ,  0.00 
 0.00 ,  0.00 ,  0.00 
3979.05 ,  0.00 , 3700.52 
 0.00 ,  0.00 ,  0.00 
 0.00 ,  0.00 ,  0.00 
 0.00 ,  0.00 ,  0.00 
 0.00 ,  0.00 ,  0.00 
 0.00 ,  0.00 ,  0.00 
 0.00 ,  0.00 ,  0.00 
 0.00 ,  0.00 ,  0.00 
 0.00 ,  0.00 ,  0.00 
 0.00 ,  0.00 ,  0.00 
 0.00 ,  0.00 ,  0.00 
 0.00 ,  0.00 ,  0.00 
 0.00 ,  0.00 ,  0.00 
 0.00 ,  0.00 ,  0.00 
4279.35 ,  0.00 , 3979.79 
 0.00 ,  0.00 ,  0.00 
 0.00 ,  0.00 ,  0.00 
 0.00 ,  0.00 ,  0.00 
 0.00 ,  0.00 ,  0.00 
 0.00 ,  0.00 ,  0.00 
 0.00 ,  0.00 ,  0.00 
 0.00 ,  0.00 ,  0.00 
 0.00 ,  0.00 ,  0.00 
 0.00 ,  0.00 ,  0.00 
3979.05 ,  0.00 , 3700.52 
 0.00 ,  0.00 ,  0.00 
 0.00 ,  0.00 ,  0.00 
 0.00 ,  0.00 ,  0.00 
 0.00 ,  0.00 ,  0.00 
 0.00 ,  0.00 ,  0.00 
 0.00 ,  0.00 ,  0.00 
 0.00 ,  0.00 ,  0.00 
 0.00 ,  0.00 ,  0.00 
 0.00 ,  0.00 ,  0.00 
 0.00 ,  0.00 ,  0.00 
 0.00 ,  0.00 ,  0.00 
 0.00 ,  0.00 ,  0.00 
 0.00 ,  0.00 ,  0.00 
4279.35 ,  0.00 , 3979.79 
 0.00 ,  0.00 ,  0.00 
 0.00 ,  0.00 ,  0.00 
 0.00 ,  0.00 ,  0.00 
 0.00 ,  0.00 ,  0.00 
 0.00 ,  0.00 ,  0.00 
 0.00 ,  0.00 ,  0.00 
 0.00 ,  0.00 ,  0.00 
 0.00 ,  0.00 ,  0.00 
 0.00 ,  0.00 ,  0.00 
3979.05 ,  0.00 , 3700.52 
 0.00 ,  0.00 ,  0.00 
 0.00 ,  0.00 ,  0.00 
 0.00 ,  0.00 ,  0.00 
 0.00 ,  0.00 ,  0.00 
 0.00 ,  0.00 ,  0.00 
 0.00 ,  0.00 ,  0.00 
 0.00 ,  0.00 ,  0.00 
 0.00 ,  0.00 ,  0.00 
 0.00 ,  0.00 ,  0.00 
 0.00 ,  0.00 ,  0.00 
 0.00 ,  0.00 ,  0.00 
 0.00 ,  0.00 ,  0.00 
 0.00 ,  0.00 ,  0.00 
4279.35 ,  0.00 , 3979.79 
 0.00 ,  0.00 ,  0.00 
 0.00 ,  0.00 ,  0.00 
 0.00 ,  0.00 ,  0.00 
 0.00 ,  0.00 ,  0.00 
 0.00 ,  0.00 ,  0.00 
 0.00 ,  0.00 ,  0.00 
 0.00 ,  0.00 ,  0.00 
 0.00 ,  0.00 ,  0.00 
 0.00 ,  0.00 ,  0.00 
3979.05 ,  0.00 , 3700.52 
 0.00 ,  0.00 ,  0.00 
 0.00 ,  0.00 ,  0.00 
 0.00 ,  0.00 ,  0.00 
 0.00 ,  0.00 ,  0.00 
 0.00 ,  0.00 ,  0.00 
 0.00 ,  0.00 ,  0.00 
 0.00 ,  0.00 ,  0.00 
 0.00 ,  0.00 ,  0.00 
 0.00 ,  0.00 ,  0.00 
 0.00 ,  0.00 ,  0.00 
 0.00 ,  0.00 ,  0.00 
 0.00 ,  0.00 ,  0.00 
 0.00 ,  0.00 ,  0.00 
4279.35 ,  0.00 , 3979.79 
 0.00 ,  0.00 ,  0.00 
 0.00 ,  0.00 ,  0.00 
 0.00 ,  0.00 ,  0.00 
 0.00 ,  0.00 ,  0.00 
 0.00 ,  0.00 ,  0.00 
 0.00 ,  0.00 ,  0.00 
 0.00 ,  0.00 ,  0.00 
 0.00 ,  0.00 ,  0.00 
 0.00 ,  0.00 ,  0.00 
3979.05 ,  0.00 , 3700.52 
 0.00 ,  0.00 ,  0.00 
 0.00 ,  0.00 ,  0.00 
 0.00 ,  0.00 ,  0.00 
 0.00 ,  0.00 ,  0.00 
 0.00 ,  0.00 ,  0.00 
 0.00 ,  0.00 ,  0.00 
 0.00 ,  0.00 ,  0.00 
 0.00 ,  0.00 ,  0.00 
 0.00 ,  0.00 ,  0.00 
 0.00 ,  0.00 ,  0.00 
 0.00 ,  0.00 ,  0.00 
 0.00 ,  0.00 ,  0.00 
 0.00 ,  0.00 ,  0.00 
4279.35 ,  0.00 , 3979.79 
 0.00 ,  0.00 ,  0.00 
 0.00 ,  0.00 ,  0.00 
 0.00 ,  0.00 ,  0.00 
 0.00 ,  0.00 ,  0.00 
 0.00 ,  0.00 ,  0.00 
 0.00 ,  0.00 ,  0.00 
 0.00 ,  0.00 ,  0.00 
 0.00 ,  0.00 ,  0.00 
 0.00 ,  0.00 ,  0.00 
3979.05 ,  0.00 , 3700.52 
 0.00 ,  0.00 ,  0.00 
 0.00 ,  0.00 ,  0.00 
 0.00 ,  0.00 ,  0.00 
 0.00 ,  0.00 ,  0.00 
 0.00 ,  0.00 ,  0.00 
 0.00 ,  0.00 ,  0.00 
 0.00 ,  0.00 ,  0.00 
 0.00 ,  0.00 ,  0.00 
 0.00 ,  0.00 ,  0.00 
 0.00 ,  0.00 ,  0.00 
 0.00 ,  0.00 ,  0.00 
 0.00 ,  0.00 ,  0.00 
 0.00 ,  0.00 ,  0.00 
4279.35 ,  0.00 , 3979.79 
 0.00 ,  0.00 ,  0.00 
 0.00 ,  0.00 ,  0.00 
 0.00 ,  0.00 ,  0.00 
 0.00 ,  0.00 ,  0.00 
 0.00 ,  0.00 ,  0.00 
 0.00 ,  0.00 ,  0.00 
 0.00 ,  0.00 ,  0.00 
 0.00 ,  0.00 ,  0.00 
 0.00 ,  0.00 ,  0.00 
3979.05 ,  0.00 , 3700.52 
 0.00 ,  0.00 ,  0.00 
 0.00 ,  0.00 ,  0.00 
 0.00 ,  0.00 ,  0.00 
 0.00 ,  0.00 ,  0.00 
 0.00 ,  0.00 ,  0.00 
 0.00 ,  0.00 ,  0.00 
 0.00 ,  0.00 ,  0.00 
 0.00 ,  0.00 ,  0.00 
 0.00 ,  0.00 ,  0.00 
 0.00 ,  0.00 ,  0.00 
 0.00 ,  0.00 ,  0.00 
 0.00 , 1091.12 , 734.93 
 0.00 , 571.91 , 383.08 
4279.35 , 329.13 , 4199.83 
 0.00 ,  0.00 ,  0.00 
 0.00 ,  0.00 ,  0.00 
 0.00 ,  0.00 ,  0.00 
 0.00 ,  0.00 ,  0.00 
 0.00 ,  0.00 ,  0.00 
 0.00 ,  0.00 ,  0.00 
 0.00 ,  0.00 ,  0.00 
 0.00 ,  0.00 ,  0.00 
 0.00 ,  0.00 ,  0.00 
3979.05 ,  0.00 , 3700.52 
 0.00 ,  0.00 ,  0.00 
 0.00 ,  0.00 ,  0.00 
 0.00 ,  0.00 ,  0.00 
 0.00 ,  0.00 ,  0.00 
 0.00 ,  0.00 ,  0.00 
 0.00 ,  0.00 ,  0.00 
 0.00 ,  0.00 ,  0.00 
 0.00 ,  0.00 ,  0.00 
 0.00 ,  0.00 ,  0.00 
 0.00 ,  0.00 ,  0.00 
 0.00 ,  0.00 ,  0.00 
 0.00 , 749.09 , 502.71 
 0.00 , 588.09 , 393.99 
4279.35 , 165.30 , 4090.08 
 0.00 ,  0.00 ,  0.00 
 0.00 ,  0.00 ,  0.00 
 0.00 ,  0.00 ,  0.00 
 0.00 ,  0.00 ,  0.00 
 0.00 ,  0.00 ,  0.00 
 0.00 ,  0.00 ,  0.00 
 0.00 ,  0.00 ,  0.00 
 0.00 ,  0.00 ,  0.00 
 0.00 ,  0.00 ,  0.00 
3979.05 ,  0.00 , 3700.52 
 0.00 ,  0.00 ,  0.00 
 0.00 ,  0.00 ,  0.00 
 0.00 ,  0.00 ,  0.00 
 0.00 ,  0.00 ,  0.00 
 0.00 ,  0.00 ,  0.00 
 0.00 ,  0.00 ,  0.00 
 0.00 ,  0.00 ,  0.00 
 0.00 ,  0.00 ,  0.00 
 0.00 ,  0.00 ,  0.00 
 0.00 ,  0.00 ,  0.00 
 0.00 ,  0.00 ,  0.00 
 0.00 , 1402.78 , 948.00 
 0.00 , 841.59 , 565.35 
4279.35 , 431.17 , 4268.43 
 0.00 ,  0.00 ,  0.00 
 0.00 ,  0.00 ,  0.00 
 0.00 ,  0.00 ,  0.00 
 0.00 ,  0.00 ,  0.00 
 0.00 ,  0.00 ,  0.00 
 0.00 ,  0.00 ,  0.00 
 0.00 ,  0.00 ,  0.00 
 0.00 ,  0.00 ,  0.00 
 0.00 ,  0.00 ,  0.00 
3979.05 ,  0.00 , 3700.52 
 0.00 ,  0.00 ,  0.00 
 0.00 ,  0.00 ,  0.00 
 0.00 ,  0.00 ,  0.00 
 0.00 ,  0.00 ,  0.00 
 0.00 ,  0.00 ,  0.00 
 0.00 ,  0.00 ,  0.00 
 0.00 ,  0.00 ,  0.00 
 0.00 ,  0.00 ,  0.00 
 0.00 ,  0.00 ,  0.00 
 0.00 ,  0.00 ,  0.00 
 0.00 ,  0.00 ,  0.00 
 0.00 , 1583.61 , 1072.29 
 0.00 , 652.81 , 437.65 
4279.35 ,  4.20 , 3982.59 
 0.00 ,  0.00 ,  0.00 
 0.00 ,  0.00 ,  0.00 
 0.00 ,  0.00 ,  0.00 
 0.00 ,  0.00 ,  0.00 
 0.00 ,  0.00 ,  0.00 
 0.00 ,  0.00 ,  0.00 
 0.00 ,  0.00 ,  0.00 
 0.00 ,  0.00 ,  0.00 
 0.00 ,  0.00 ,  0.00 
3979.05 ,  0.00 , 3700.52 
 0.00 ,  0.00 ,  0.00 
 0.00 ,  0.00 ,  0.00 
 0.00 ,  0.00 ,  0.00 
 0.00 ,  0.00 ,  0.00 
 0.00 ,  0.00 ,  0.00 
 0.00 ,  0.00 ,  0.00 
 0.00 ,  0.00 ,  0.00 
 0.00 ,  0.00 ,  0.00 
 0.00 ,  0.00 ,  0.00 
 0.00 ,  0.00 ,  0.00 
 0.00 ,  0.00 ,  0.00 
 0.00 ,  0.00 ,  0.00 
 0.00 , 18.49 , 12.32 
4279.35 ,  0.00 , 3979.79 
 0.00 ,  0.00 ,  0.00 
 0.00 ,  0.00 ,  0.00 
 0.00 ,  0.00 ,  0.00 
 0.00 ,  0.00 ,  0.00 
 0.00 ,  0.00 ,  0.00 
 0.00 ,  0.00 ,  0.00 
 0.00 ,  0.00 ,  0.00 
 0.00 ,  0.00 ,  0.00 
 0.00 ,  0.00 ,  0.00 
3979.05 ,  0.00 , 3700.52 
 0.00 ,  0.00 ,  0.00 
 0.00 ,  0.00 ,  0.00 
 0.00 ,  0.00 ,  0.00 
 0.00 ,  0.00 ,  0.00 
 0.00 ,  0.00 ,  0.00 
 0.00 ,  0.00 ,  0.00 
 0.00 ,  0.00 ,  0.00 
 0.00 ,  0.00 ,  0.00 
 0.00 ,  0.00 ,  0.00 
 0.00 ,  0.00 ,  0.00 
 0.00 ,  0.00 ,  0.00 
 0.00 , 1977.26 , 1344.53 
 0.00 , 1030.48 , 693.63 
4279.35 , 391.22 , 4241.55 
 0.00 ,  0.00 ,  0.00 
 0.00 ,  0.00 ,  0.00 
 0.00 ,  0.00 ,  0.00 
 0.00 ,  0.00 ,  0.00 
 0.00 ,  0.00 ,  0.00 
 0.00 ,  0.00 ,  0.00 
 0.00 ,  0.00 ,  0.00 
 0.00 ,  0.00 ,  0.00 
 0.00 ,  0.00 ,  0.00 
3979.05 ,  0.00 , 3700.52 
 0.00 ,  0.00 ,  0.00 
 0.00 ,  0.00 ,  0.00 
 0.00 ,  0.00 ,  0.00 
 0.00 ,  0.00 ,  0.00 
 0.00 ,  0.00 ,  0.00 
 0.00 ,  0.00 ,  0.00 
 0.00 ,  0.00 ,  0.00 
 0.00 ,  0.00 ,  0.00 
 0.00 ,  0.00 ,  0.00 
 0.00 ,  0.00 ,  0.00 
 0.00 ,  0.00 ,  0.00 
 0.00 , 1669.58 , 1131.55 
 0.00 , 1008.56 , 678.72 
4279.35 , 829.69 , 4538.01 
 0.00 , 431.93 , 288.90 
 0.00 , 243.67 , 162.65 
 0.00 ,  0.00 ,  0.00 
 0.00 ,  0.00 ,  0.00 
 0.00 ,  0.00 ,  0.00 
 0.00 ,  0.00 ,  0.00 
 0.00 ,  0.00 ,  0.00 
 0.00 ,  0.00 ,  0.00 
 0.00 ,  0.00 ,  0.00 
3979.05 ,  0.00 , 3700.52 
 0.00 ,  0.00 ,  0.00 
 0.00 ,  0.00 ,  0.00 
 0.00 ,  0.00 ,  0.00 
 0.00 ,  0.00 ,  0.00 
 0.00 ,  0.00 ,  0.00 
 0.00 ,  0.00 ,  0.00 
 0.00 ,  0.00 ,  0.00 
 0.00 ,  0.00 ,  0.00 
 0.00 ,  0.00 ,  0.00 
 0.00 ,  0.00 ,  0.00 
 0.00 ,  0.00 ,  0.00 
 0.00 , 2536.93 , 1735.59 
 0.00 , 1277.69 , 862.32 
4279.35 ,  0.00 , 3979.79 
 0.00 ,  0.00 ,  0.00 
 0.00 ,  0.00 ,  0.00 
 0.00 ,  0.00 ,  0.00 
 0.00 ,  0.00 ,  0.00 
 0.00 ,  0.00 ,  0.00 
 0.00 ,  0.00 ,  0.00 
 0.00 ,  0.00 ,  0.00 
 0.00 ,  0.00 ,  0.00 
 0.00 ,  0.00 ,  0.00 
3979.05 ,  0.00 , 3700.52 
 0.00 ,  0.00 ,  0.00 
 0.00 ,  0.00 ,  0.00 
 0.00 ,  0.00 ,  0.00 
 0.00 ,  0.00 ,  0.00 
 0.00 ,  0.00 ,  0.00 
 0.00 ,  0.00 ,  0.00 
 0.00 ,  0.00 ,  0.00 
 0.00 ,  0.00 ,  0.00 
 0.00 ,  0.00 ,  0.00 
 0.00 ,  0.00 ,  0.00 
 0.00 ,  0.00 ,  0.00 
 0.00 , 1465.33 , 990.94 
 0.00 , 1041.24 , 700.96 
4279.35 , 185.14 , 4103.34 
 0.00 ,  0.00 ,  0.00 
 0.00 ,  0.00 ,  0.00 
 0.00 ,  0.00 ,  0.00 
 0.00 ,  0.00 ,  0.00 
 0.00 ,  0.00 ,  0.00 
 0.00 ,  0.00 ,  0.00 
 0.00 ,  0.00 ,  0.00 
 0.00 ,  0.00 ,  0.00 
 0.00 ,  0.00 ,  0.00 
3979.05 ,  0.00 , 3700.52 
 0.00 ,  0.00 ,  0.00 
 0.00 ,  0.00 ,  0.00 
 0.00 ,  0.00 ,  0.00 
 0.00 ,  0.00 ,  0.00 
 0.00 ,  0.00 ,  0.00 
 0.00 ,  0.00 ,  0.00 
 0.00 ,  0.00 ,  0.00 
 0.00 ,  0.00 ,  0.00 
 0.00 ,  0.00 ,  0.00 
 0.00 ,  0.00 ,  0.00 
 0.00 ,  0.00 ,  0.00 
 0.00 , 1765.85 , 1198.04 
 0.00 , 1106.85 , 745.65 
4279.35 ,  0.00 , 3979.79 
 0.00 ,  0.00 ,  0.00 
 0.00 ,  0.00 ,  0.00 
 0.00 ,  0.00 ,  0.00 
 0.00 ,  0.00 ,  0.00 
 0.00 ,  0.00 ,  0.00 
 0.00 ,  0.00 ,  0.00 
 0.00 ,  0.00 ,  0.00 
 0.00 ,  0.00 ,  0.00 
 0.00 ,  0.00 ,  0.00 
3979.05 ,  0.00 , 3700.52 
 0.00 ,  0.00 ,  0.00 
 0.00 ,  0.00 ,  0.00 
 0.00 ,  0.00 ,  0.00 
 0.00 ,  0.00 ,  0.00 
 0.00 ,  0.00 ,  0.00 
 0.00 ,  0.00 ,  0.00 
 0.00 ,  0.00 ,  0.00 
 0.00 ,  0.00 ,  0.00 
 0.00 ,  0.00 ,  0.00 
 0.00 ,  0.00 ,  0.00 
 0.00 ,  0.00 ,  0.00 
 0.00 , 2286.63 , 1560.11 
 0.00 , 1314.95 , 887.82 
4279.35 , 406.30 , 4251.69 
 0.00 ,  0.00 ,  0.00 
 0.00 ,  0.00 ,  0.00 
 0.00 ,  0.00 ,  0.00 
 0.00 ,  0.00 ,  0.00 
 0.00 ,  0.00 ,  0.00 
 0.00 ,  0.00 ,  0.00 
 0.00 ,  0.00 ,  0.00 
 0.00 ,  0.00 ,  0.00 
 0.00 ,  0.00 ,  0.00 
3979.05 ,  0.00 , 3700.52 
 0.00 ,  0.00 ,  0.00 
 0.00 ,  0.00 ,  0.00 
 0.00 ,  0.00 ,  0.00 
 0.00 ,  0.00 ,  0.00 
 0.00 ,  0.00 ,  0.00 
 0.00 ,  0.00 ,  0.00 
 0.00 ,  0.00 ,  0.00 
 0.00 ,  0.00 ,  0.00 
 0.00 ,  0.00 ,  0.00 
 0.00 ,  0.00 ,  0.00 
 0.00 ,  0.00 ,  0.00 
 0.00 , 2134.61 , 1454.00 
 0.00 , 1373.41 , 927.87 
4279.35 , 999.74 , 4653.88 
 0.00 ,  0.00 ,  0.00 
 0.00 ,  0.00 ,  0.00 
 0.00 ,  0.00 ,  0.00 
 0.00 ,  0.00 ,  0.00 
 0.00 ,  0.00 ,  0.00 
 0.00 ,  0.00 ,  0.00 
 0.00 ,  0.00 ,  0.00 
 0.00 ,  0.00 ,  0.00 
 0.00 ,  0.00 ,  0.00 
3979.05 ,  0.00 , 3700.52 
 0.00 ,  0.00 ,  0.00 
 0.00 ,  0.00 ,  0.00 
 0.00 ,  0.00 ,  0.00 
 0.00 ,  0.00 ,  0.00 
 0.00 ,  0.00 ,  0.00 
 0.00 ,  0.00 ,  0.00 
 0.00 ,  0.00 ,  0.00 
 0.00 ,  0.00 ,  0.00 
 0.00 ,  0.00 ,  0.00 
 0.00 ,  0.00 ,  0.00 
 0.00 ,  0.00 ,  0.00 
 0.00 , 2506.20 , 1713.99 
 0.00 , 1389.72 , 939.05 
4279.35 , 635.29 , 4406.16 
 0.00 ,  0.00 ,  0.00 
 0.00 ,  0.00 ,  0.00 
 0.00 ,  0.00 ,  0.00 
 0.00 ,  0.00 ,  0.00 
 0.00 ,  0.00 ,  0.00 
 0.00 ,  0.00 ,  0.00 
 0.00 ,  0.00 ,  0.00 
 0.00 ,  0.00 ,  0.00 
 0.00 ,  0.00 ,  0.00 
3979.05 ,  0.00 , 3700.52 
 0.00 ,  0.00 ,  0.00 
 0.00 ,  0.00 ,  0.00 
 0.00 ,  0.00 ,  0.00 
 0.00 ,  0.00 ,  0.00 
 0.00 ,  0.00 ,  0.00 
 0.00 ,  0.00 ,  0.00 
 0.00 ,  0.00 ,  0.00 
 0.00 ,  0.00 ,  0.00 
 0.00 ,  0.00 ,  0.00 
 0.00 ,  0.00 ,  0.00 
 0.00 ,  0.00 ,  0.00 
 0.00 , 516.65 , 345.87 
 0.00 , 618.95 , 414.80 
4279.35 , 215.49 , 4123.66 
 0.00 ,  0.00 ,  0.00 
 0.00 ,  0.00 ,  0.00 
 0.00 ,  0.00 ,  0.00 
 0.00 ,  0.00 ,  0.00 
 0.00 ,  0.00 ,  0.00 
 0.00 ,  0.00 ,  0.00 
 0.00 ,  0.00 ,  0.00 
 0.00 ,  0.00 ,  0.00 
 0.00 ,  0.00 ,  0.00 
3979.05 ,  0.00 , 3700.52 
 0.00 ,  0.00 ,  0.00 
 0.00 ,  0.00 ,  0.00 
 0.00 ,  0.00 ,  0.00 
 0.00 ,  0.00 ,  0.00 
 0.00 ,  0.00 ,  0.00 
 0.00 ,  0.00 ,  0.00 
 0.00 ,  0.00 ,  0.00 
 0.00 ,  0.00 ,  0.00 
 0.00 ,  0.00 ,  0.00 
 0.00 ,  0.00 ,  0.00 
 0.00 ,  0.00 ,  0.00 
 0.00 , 909.67 , 611.52 
 0.00 , 714.39 , 479.25 
4279.35 , 282.67 , 4168.66 
 0.00 ,  0.00 ,  0.00 
 0.00 ,  0.00 ,  0.00 
 0.00 ,  0.00 ,  0.00 
 0.00 ,  0.00 ,  0.00 
 0.00 ,  0.00 ,  0.00 
 0.00 ,  0.00 ,  0.00 
 0.00 ,  0.00 ,  0.00 
 0.00 ,  0.00 ,  0.00 
 0.00 ,  0.00 ,  0.00 
3979.05 ,  0.00 , 3700.52 
 0.00 ,  0.00 ,  0.00 
 0.00 ,  0.00 ,  0.00 
 0.00 ,  0.00 ,  0.00 
 0.00 ,  0.00 ,  0.00 
 0.00 ,  0.00 ,  0.00 
 0.00 ,  0.00 ,  0.00 
 0.00 ,  0.00 ,  0.00 
 0.00 ,  0.00 ,  0.00 
 0.00 ,  0.00 ,  0.00 
 0.00 ,  0.00 ,  0.00 
 0.00 ,  0.00 ,  0.00 
 0.00 , 5335.82 , 3764.83 
3864.82 , 2324.11 , 5187.35 
 0.00 , 782.74 , 525.48 
 0.00 ,  0.00 ,  0.00 
 0.00 ,  0.00 ,  0.00 
 0.00 ,  0.00 ,  0.00 
 0.00 ,  0.00 ,  0.00 
 0.00 ,  0.00 ,  0.00 
 0.00 ,  0.00 ,  0.00 
 0.00 ,  0.00 ,  0.00 
3827.93 ,  0.00 , 3559.97 
 0.00 , 593.85 , 397.88 
 0.00 , 665.65 , 446.32 
 0.00 , 709.56 , 475.98 
 0.00 , 803.90 , 539.81 
 0.00 , 909.68 , 611.53 
 0.00 ,  0.00 ,  0.00 
 0.00 ,  0.00 ,  0.00 
 0.00 ,  0.00 ,  0.00 
 0.00 ,  0.00 ,  0.00 
 0.00 ,  0.00 ,  0.00 
 0.00 ,  0.00 ,  0.00 
 0.00 ,  0.00 ,  0.00 
 0.00 ,  0.00 ,  0.00 
4388.46 , 8815.47 , 10685.87 
 0.00 , 2877.19 , 1975.67 
 0.00 , 1626.77 , 1102.03 
 0.00 , 2224.90 , 1516.98 
 0.00 , 754.44 , 506.34 
 0.00 , 232.80 , 155.38 
 0.00 , 826.96 , 555.43 
 0.00 , 932.45 , 626.99 
 0.00 , 832.61 , 559.26 
4059.58 , 1135.67 , 4542.37 
 0.00 , 1776.85 , 1205.64 
 0.00 , 1810.80 , 1229.13 
 0.00 , 1494.84 , 1011.22 
 0.00 , 1576.38 , 1067.31 
 0.00 , 1587.66 , 1075.08 
 0.00 , 1678.01 , 1137.36 
 0.00 ,  0.00 ,  0.00 
 0.00 ,  0.00 ,  0.00 
 0.00 ,  0.00 ,  0.00 
 0.00 ,  0.00 ,  0.00 
 0.00 ,  0.00 ,  0.00 
 0.00 ,  0.00 ,  0.00 
 0.00 ,  0.00 ,  0.00 
3908.87 ,  0.00 , 3635.25 
 0.00 , 9913.47 , 7372.71 
 0.00 , 3287.65 , 2267.66 
 0.00 , 3033.33 , 2086.44 
 0.00 , 2464.17 , 1684.48 
 0.00 , 1744.22 , 1183.09 
 0.00 , 1393.25 , 941.47 
3910.06 , 1515.53 , 4664.65 
 0.00 , 1200.88 , 809.81 
 0.00 , 1012.53 , 681.42 
 0.00 , 1773.11 , 1203.06 
 0.00 , 2226.53 , 1518.12 
 0.00 , 2167.05 , 1476.61 
 0.00 , 1826.63 , 1240.08 
 0.00 , 1807.44 , 1226.81 
 0.00 , 1876.48 , 1274.61 
3844.00 , 1945.67 , 4902.17 
 0.00 ,  0.00 ,  0.00 
 0.00 ,  0.00 ,  0.00 
 0.00 ,  0.00 ,  0.00 
 0.00 ,  0.00 ,  0.00 
 0.00 ,  0.00 ,  0.00 
 0.00 ,  0.00 ,  0.00 
 0.00 , 559.76 , 374.90 
 0.00 , 797.68 , 535.60 
 0.00 , 10496.02 , 7860.00 
 0.00 , 3835.03 , 2661.17 
 0.00 , 375.01 , 250.67 
 0.00 ,  0.00 ,  0.00 
4176.72 ,  0.00 , 3884.35 
 0.00 ,  0.00 ,  0.00 
 0.00 ,  0.00 ,  0.00 
 0.00 ,  0.00 ,  0.00 
 0.00 ,  0.00 ,  0.00 
 0.00 ,  0.00 ,  0.00 
 0.00 ,  0.00 ,  0.00 
 0.00 , 1215.87 , 820.05 
 0.00 , 1253.23 , 845.59 
3763.84 , 1370.72 , 4428.61 
 0.00 , 1492.17 , 1009.39 
 0.00 , 1607.07 , 1088.45 
 0.00 ,  0.00 ,  0.00 
 0.00 ,  0.00 ,  0.00 
 0.00 ,  0.00 ,  0.00 
 0.00 ,  0.00 ,  0.00 
 0.00 ,  0.00 ,  0.00 
 0.00 ,  0.00 ,  0.00 
 0.00 ,  0.00 ,  0.00 
 0.00 , 141.16 , 94.12 
 0.00 , 10357.12 , 7743.20 
 0.00 , 3605.97 , 2495.92 
4079.03 , 2701.92 , 5655.07 
 0.00 , 2023.45 , 1376.63 
 0.00 , 976.45 , 656.89 
 0.00 ,  0.00 ,  0.00 
 0.00 ,  0.00 ,  0.00 
 0.00 ,  0.00 ,  0.00 
 0.00 ,  0.00 ,  0.00 
 0.00 , 29.41 , 19.59 
 0.00 , 1545.55 , 1046.10 
 0.00 , 1659.28 , 1124.44 
4260.87 , 1344.11 , 4872.87 
 0.00 , 1428.47 , 965.64 
 0.00 , 1512.89 , 1023.63 
 0.00 , 1600.34 , 1083.82 
 0.00 ,  0.00 ,  0.00 
 0.00 ,  0.00 ,  0.00 
 0.00 ,  0.00 ,  0.00 
 0.00 ,  0.00 ,  0.00 
 0.00 ,  0.00 ,  0.00 
 0.00 ,  0.00 ,  0.00 
 0.00 ,  0.00 ,  0.00 
 0.00 , 39.47 , 26.29 
 0.00 , 10381.92 , 7764.02 
3987.88 , 3578.74 , 6202.14 
 0.00 , 2761.75 , 1894.02 
 0.00 , 2240.67 , 1527.99 
 0.00 , 1870.16 , 1270.23 
 0.00 , 1515.40 , 1025.36 
 0.00 , 423.28 , 283.08 
 0.00 ,  9.79 ,  6.52 
 0.00 , 16.22 , 10.80 
 0.00 , 163.46 , 109.02 
3827.93 , 1446.12 , 4540.25 
 0.00 , 1805.99 , 1225.80 
 0.00 , 1502.59 , 1016.55 
 0.00 , 1584.03 , 1072.59 
 0.00 , 1669.78 , 1131.69 
 0.00 , 1756.71 , 1191.72 
 0.00 ,  0.00 ,  0.00 
 0.00 ,  0.00 ,  0.00 
 0.00 ,  0.00 ,  0.00 
 0.00 ,  0.00 ,  0.00 
 0.00 ,  0.00 ,  0.00 
 0.00 ,  0.00 ,  0.00 
 0.00 ,  0.00 ,  0.00 
 0.00 ,  0.00 ,  0.00 
4388.46 , 9857.94 , 11577.97 
 0.00 , 3409.20 , 2354.64 
 0.00 , 2583.10 , 1768.06 
 0.00 , 1967.73 , 1337.91 
 0.00 , 98.57 , 65.69 
 0.00 , 398.11 , 266.18 
 0.00 , 865.84 , 581.79 
 0.00 , 1328.92 , 897.38 
 0.00 , 2148.95 , 1463.99 
4059.58 , 2270.79 , 5331.25 
 0.00 , 2400.27 , 1639.66 
 0.00 , 2336.35 , 1594.89 
 0.00 , 1910.97 , 1298.52 
 0.00 , 1805.12 , 1225.20 
 0.00 , 1783.99 , 1210.58 
 0.00 , 1766.88 , 1198.75 
 0.00 ,  0.00 ,  0.00 
 0.00 ,  0.00 ,  0.00 
 0.00 ,  0.00 ,  0.00 
 0.00 ,  0.00 ,  0.00 
 0.00 ,  0.00 ,  0.00 
 0.00 ,  0.00 ,  0.00 
 0.00 ,  0.00 ,  0.00 
3908.87 ,  0.00 , 3635.25 
 0.00 , 8890.17 , 6532.75 
 0.00 , 2969.26 , 2040.94 
 0.00 , 2247.65 , 1532.87 
 0.00 , 1813.57 , 1231.05 
 0.00 , 1113.27 , 750.02 
 0.00 , 187.57 , 125.13 
3910.06 , 1193.30 , 4442.74 
 0.00 , 651.91 , 437.04 
 0.00 , 1088.10 , 732.87 
 0.00 , 1133.47 , 763.80 
 0.00 , 1538.06 , 1040.94 
 0.00 , 1543.89 , 1044.95 
 0.00 , 1184.33 , 798.51 
 0.00 , 1231.87 , 830.98 
 0.00 , 1291.07 , 871.47 
3844.00 , 1273.50 , 4436.33 
 0.00 ,  0.00 ,  0.00 
 0.00 ,  0.00 ,  0.00 
 0.00 ,  0.00 ,  0.00 
 0.00 ,  0.00 ,  0.00 
 0.00 ,  0.00 ,  0.00 
 0.00 ,  0.00 ,  0.00 
 0.00 ,  0.00 ,  0.00 
 0.00 ,  0.00 ,  0.00 
 0.00 , 9270.80 , 6842.83 
 0.00 , 3188.77 , 2197.09 
 0.00 , 1855.46 , 1260.05 
 0.00 ,  0.00 ,  0.00 
4176.72 ,  0.00 , 3884.35 
 0.00 ,  0.00 ,  0.00 
 0.00 ,  0.00 ,  0.00 
 0.00 ,  0.00 ,  0.00 
 0.00 ,  0.00 ,  0.00 
 0.00 ,  0.00 ,  0.00 
 0.00 ,  0.00 ,  0.00 
 0.00 ,  0.00 ,  0.00 
 0.00 ,  0.00 ,  0.00 
3763.84 ,  0.00 , 3500.37 
 0.00 , 172.47 , 115.04 
 0.00 , 420.80 , 281.42 
 0.00 ,  0.00 ,  0.00 
 0.00 ,  0.00 ,  0.00 
 0.00 ,  0.00 ,  0.00 
 0.00 ,  0.00 ,  0.00 
 0.00 ,  0.00 ,  0.00 
 0.00 ,  0.00 ,  0.00 
 0.00 ,  0.00 ,  0.00 
 0.00 ,  0.00 ,  0.00 
 0.00 , 7180.60 , 5173.35 
 0.00 , 2191.44 , 1493.62 
4079.03 ,  0.00 , 3793.50 
 0.00 ,  0.00 ,  0.00 
 0.00 ,  0.00 ,  0.00 
 0.00 ,  0.00 ,  0.00 
 0.00 ,  0.00 ,  0.00 
 0.00 ,  0.00 ,  0.00 
 0.00 ,  0.00 ,  0.00 
 0.00 ,  0.00 ,  0.00 
 0.00 ,  0.00 ,  0.00 
 0.00 ,  0.00 ,  0.00 
4260.87 ,  0.00 , 3962.61 
 0.00 ,  0.00 ,  0.00 
 0.00 ,  0.00 ,  0.00 
 0.00 ,  0.00 ,  0.00 
 0.00 ,  0.00 ,  0.00 
 0.00 ,  0.00 ,  0.00 
 0.00 ,  0.00 ,  0.00 
 0.00 ,  0.00 ,  0.00 
 0.00 ,  0.00 ,  0.00 
 0.00 ,  0.00 ,  0.00 
 0.00 ,  0.00 ,  0.00 
 0.00 ,  0.00 ,  0.00 
 0.00 , 4407.57 , 3077.88 
3987.88 , 1572.49 , 4776.51 
 0.00 ,  0.00 ,  0.00 
 0.00 ,  0.00 ,  0.00 
 0.00 ,  0.00 ,  0.00 
 0.00 ,  0.00 ,  0.00 
 0.00 ,  0.00 ,  0.00 
 0.00 ,  0.00 ,  0.00 
 0.00 ,  0.00 ,  0.00 
 0.00 ,  0.00 ,  0.00 
3827.93 ,  0.00 , 3559.97 
 0.00 ,  0.00 ,  0.00 
 0.00 ,  0.00 ,  0.00 
 0.00 ,  0.00 ,  0.00 
 0.00 ,  0.00 ,  0.00 
 0.00 ,  0.00 ,  0.00 
 0.00 ,  0.00 ,  0.00 
 0.00 ,  0.00 ,  0.00 
 0.00 ,  0.00 ,  0.00 
 0.00 ,  0.00 ,  0.00 
 0.00 ,  0.00 ,  0.00 
 0.00 ,  0.00 ,  0.00 
 0.00 ,  0.00 ,  0.00 
 0.00 ,  0.00 ,  0.00 
4388.46 , 4164.54 , 7007.90 
 0.00 , 1776.43 , 1205.35 
 0.00 ,  0.00 ,  0.00 
 0.00 ,  0.00 ,  0.00 
 0.00 ,  0.00 ,  0.00 
 0.00 ,  0.00 ,  0.00 
 0.00 ,  0.00 ,  0.00 
 0.00 ,  0.00 ,  0.00 
 0.00 ,  0.00 ,  0.00 
4059.58 ,  0.00 , 3775.41 
 0.00 ,  0.00 ,  0.00 
 0.00 ,  0.00 ,  0.00 
 0.00 ,  0.00 ,  0.00 
 0.00 ,  0.00 ,  0.00 
 0.00 ,  0.00 ,  0.00 
 0.00 ,  0.00 ,  0.00 
 0.00 ,  0.00 ,  0.00 
 0.00 ,  0.00 ,  0.00 
 0.00 ,  0.00 ,  0.00 
 0.00 ,  0.00 ,  0.00 
 0.00 ,  0.00 ,  0.00 
 0.00 ,  0.00 ,  0.00 
 0.00 ,  0.00 ,  0.00 
3908.87 ,  0.00 , 3635.25 
 0.00 , 4422.42 , 3088.75 
 0.00 , 1883.57 , 1279.53 
 0.00 ,  0.00 ,  0.00 
 0.00 ,  0.00 ,  0.00 
 0.00 ,  0.00 ,  0.00 
 0.00 ,  0.00 ,  0.00 
3910.06 ,  0.00 , 3636.35 
 0.00 ,  0.00 ,  0.00 
 0.00 ,  0.00 ,  0.00 
 0.00 ,  0.00 ,  0.00 
 0.00 ,  0.00 ,  0.00 
 0.00 ,  0.00 ,  0.00 
 0.00 ,  0.00 ,  0.00 
 0.00 ,  0.00 ,  0.00 
 0.00 ,  0.00 ,  0.00 
3844.00 ,  0.00 , 3574.92 
 0.00 ,  0.00 ,  0.00 
 0.00 ,  0.00 ,  0.00 
 0.00 ,  0.00 ,  0.00 
 0.00 ,  0.00 ,  0.00 
 0.00 ,  0.00 ,  0.00 
 0.00 ,  0.00 ,  0.00 
 0.00 ,  0.00 ,  0.00 
 0.00 ,  0.00 ,  0.00 
 0.00 , 2962.49 , 2036.14 
 0.00 , 1395.55 , 943.05 
 0.00 , 1193.24 , 804.59 
 0.00 , 1069.15 , 719.96 
4176.72 , 330.32 , 4105.18 
 0.00 ,  0.00 ,  0.00 
 0.00 ,  0.00 ,  0.00 
 0.00 ,  0.00 ,  0.00 
 0.00 ,  0.00 ,  0.00 
 0.00 , 192.75 , 128.59 
 0.00 , 517.89 , 346.70 
 0.00 , 514.53 , 344.44 
 0.00 , 364.35 , 243.52 
3763.84 , 424.39 , 3784.41 
 0.00 , 490.04 , 327.96 
 0.00 , 579.57 , 388.25 
 0.00 ,  0.00 ,  0.00 
 0.00 ,  0.00 ,  0.00 
 0.00 ,  0.00 ,  0.00 
 0.00 ,  0.00 ,  0.00 
 0.00 ,  0.00 ,  0.00 
 0.00 ,  0.00 ,  0.00 
 0.00 ,  0.00 ,  0.00 
 0.00 ,  0.00 ,  0.00 
 0.00 , 7718.08 , 5594.97 
 0.00 , 2881.17 , 1978.49 
4079.03 , 2197.26 , 5297.58 
 0.00 , 1702.58 , 1154.33 
 0.00 , 1693.25 , 1147.89 
 0.00 , 769.84 , 516.75 
 0.00 , 1660.72 , 1125.44 
 0.00 , 1081.14 , 728.13 
 0.00 , 945.73 , 636.01 
 0.00 , 1155.85 , 779.07 
 0.00 , 1825.22 , 1239.11 
 0.00 , 1862.58 , 1264.98 
4260.87 , 1531.38 , 5002.18 
 0.00 , 1611.03 , 1091.18 
 0.00 , 1695.78 , 1149.63 
 0.00 , 1704.11 , 1155.38 
 0.00 ,  0.00 ,  0.00 
 0.00 ,  0.00 ,  0.00 
 0.00 ,  0.00 ,  0.00 
 0.00 ,  0.00 ,  0.00 
 0.00 ,  0.00 ,  0.00 
 0.00 ,  0.00 ,  0.00 
 0.00 ,  0.00 ,  0.00 
 0.00 , 273.66 , 182.73 
 0.00 , 10443.79 , 7816.04 
3987.88 , 3661.82 , 6262.78 
 0.00 , 243.94 , 162.83 
 0.00 ,  0.00 ,  0.00 
 0.00 ,  0.00 ,  0.00 
 0.00 ,  0.00 ,  0.00 
 0.00 ,  0.00 ,  0.00 
 0.00 ,  0.00 ,  0.00 
 0.00 ,  0.00 ,  0.00 
 0.00 ,  0.00 ,  0.00 
3827.93 ,  0.00 , 3559.97 
 0.00 ,  0.00 ,  0.00 
 0.00 ,  0.00 ,  0.00 
 0.00 ,  1.38 ,  0.92 
 0.00 , 464.98 , 311.11 
 0.00 , 594.67 , 398.43 
 0.00 ,  0.00 ,  0.00 
 0.00 ,  0.00 ,  0.00 
 0.00 ,  0.00 ,  0.00 
 0.00 ,  0.00 ,  0.00 
 0.00 ,  0.00 ,  0.00 
 0.00 ,  0.00 ,  0.00 
 0.00 ,  0.00 ,  0.00 
 0.00 ,  0.00 ,  0.00 
4388.46 , 6946.74 , 9151.15 
 0.00 , 2429.69 , 1660.29 
 0.00 , 2203.15 , 1501.80 
 0.00 , 2188.06 , 1491.27 
 0.00 , 1618.93 , 1096.62 
 0.00 , 573.93 , 384.45 
 0.00 , 1045.38 , 703.78 
 0.00 , 1054.13 , 709.73 
 0.00 , 1249.80 , 843.24 
4059.58 , 1487.13 , 4784.20 
 0.00 , 1702.24 , 1154.09 
 0.00 , 1649.89 , 1117.97 
 0.00 , 1214.73 , 819.27 
 0.00 , 1265.80 , 854.18 
 0.00 , 1250.84 , 843.95 
 0.00 , 1319.80 , 891.14 
 0.00 ,  0.00 ,  0.00 
 0.00 ,  0.00 ,  0.00 
 0.00 ,  0.00 ,  0.00 
 0.00 ,  0.00 ,  0.00 
 0.00 ,  0.00 ,  0.00 
 0.00 ,  0.00 ,  0.00 
 0.00 ,  0.00 ,  0.00 
3908.87 ,  0.00 , 3635.25 
 0.00 , 9561.30 , 7081.35 
 0.00 , 3316.85 , 2288.54 
 0.00 , 881.89 , 592.67 
 0.00 ,  6.48 ,  4.31 
 0.00 , 944.27 , 635.02 
 0.00 , 1337.43 , 903.21 
3910.06 , 1720.03 , 4806.42 
 0.00 , 1296.90 , 875.46 
 0.00 , 1512.36 , 1023.26 
 0.00 , 2007.26 , 1365.37 
 0.00 , 2289.54 , 1562.15 
 0.00 , 2212.40 , 1508.25 
 0.00 , 1793.26 , 1217.00 
 0.00 , 1772.44 , 1202.59 
 0.00 , 1839.99 , 1249.34 
3844.00 , 1829.32 , 4820.96 
 0.00 ,  0.00 ,  0.00 
 0.00 ,  0.00 ,  0.00 
 0.00 ,  0.00 ,  0.00 
 0.00 ,  0.00 ,  0.00 
 0.00 ,  0.00 ,  0.00 
 0.00 ,  0.00 ,  0.00 
 0.00 ,  0.00 ,  0.00 
 0.00 ,  0.00 ,  0.00 
 0.00 , 9562.36 , 7082.22 
 0.00 , 3021.27 , 2077.87 
 0.00 , 680.94 , 456.65 
 0.00 ,  0.00 ,  0.00 
4176.72 ,  0.00 , 3884.35 
 0.00 ,  0.00 ,  0.00 
 0.00 ,  0.00 ,  0.00 
 0.00 ,  0.00 ,  0.00 
 0.00 ,  0.00 ,  0.00 
 0.00 ,  0.00 ,  0.00 
 0.00 ,  0.00 ,  0.00 
 0.00 ,  0.00 ,  0.00 
 0.00 ,  0.00 ,  0.00 
3763.84 ,  0.00 , 3500.37 
 0.00 ,  0.00 ,  0.00 
 0.00 ,  0.00 ,  0.00 
 0.00 ,  0.00 ,  0.00 
 0.00 ,  0.00 ,  0.00 
 0.00 ,  0.00 ,  0.00 
 0.00 ,  0.00 ,  0.00 
 0.00 ,  0.00 ,  0.00 
 0.00 ,  0.00 ,  0.00 
 0.00 ,  0.00 ,  0.00 
 0.00 ,  0.00 ,  0.00 
 0.00 , 6147.78 , 4377.54 
 0.00 , 2261.68 , 1542.67 
4079.03 , 1759.73 , 4991.37 
 0.00 , 365.36 , 244.20 
 0.00 ,  0.00 ,  0.00 
 0.00 , 392.27 , 262.26 
 0.00 , 369.93 , 247.26 
 0.00 , 1064.13 , 716.54 
 0.00 , 973.00 , 654.54 
 0.00 , 1275.54 , 860.84 
 0.00 , 1456.18 , 984.66 
 0.00 , 1438.77 , 972.71 
4260.87 , 1088.13 , 4697.11 
 0.00 , 1071.49 , 721.56 
 0.00 , 1141.10 , 769.00 
 0.00 , 1216.55 , 820.52 
 0.00 ,  0.00 ,  0.00 
 0.00 ,  0.00 ,  0.00 
 0.00 ,  0.00 ,  0.00 
 0.00 ,  0.00 ,  0.00 
 0.00 ,  0.00 ,  0.00 
 0.00 ,  0.00 ,  0.00 
 0.00 ,  0.00 ,  0.00 
 0.00 ,  0.00 ,  0.00 
 0.00 , 8777.93 , 6441.84 
3987.88 , 3054.99 , 5822.85 
 0.00 , 2807.86 , 1926.61 
 0.00 , 2547.71 , 1743.16 
 0.00 , 2015.56 , 1371.14 
 0.00 , 1560.40 , 1056.31 
 0.00 , 1484.63 , 1004.20 
 0.00 , 1513.79 , 1024.25 
 0.00 , 1333.93 , 900.81 
 0.00 , 1661.61 , 1126.05 
3827.93 , 2172.85 , 5046.43 
 0.00 , 2051.65 , 1396.23 
 0.00 , 1701.95 , 1153.89 
 0.00 , 1676.44 , 1136.28 
 0.00 , 1739.41 , 1179.76 
 0.00 , 1808.57 , 1227.59 
 0.00 ,  0.00 ,  0.00 
 0.00 ,  0.00 ,  0.00 
 0.00 ,  0.00 ,  0.00 
 0.00 ,  0.00 ,  0.00 
 0.00 ,  0.00 ,  0.00 
 0.00 ,  0.00 ,  0.00 
 0.00 ,  0.00 ,  0.00 
 0.00 ,  0.00 ,  0.00 
4388.46 , 9746.26 , 11481.12 
 0.00 , 3334.83 , 2301.40 
 0.00 , 2494.90 , 1706.06 
 0.00 , 1027.00 , 691.27 
 0.00 , 1963.61 , 1335.05 
 0.00 , 2115.96 , 1441.00 
 0.00 , 891.33 , 599.08 
 0.00 , 1002.57 , 674.65 
 0.00 , 270.20 , 180.41 
4059.58 , 1224.14 , 4603.04 
 0.00 , 1935.50 , 1315.54 
 0.00 , 1895.37 , 1287.71 
 0.00 , 1556.93 , 1053.92 
 0.00 , 1539.31 , 1041.80 
 0.00 , 1604.89 , 1086.95 
 0.00 , 1597.15 , 1081.62 
 0.00 ,  0.00 ,  0.00 
 0.00 ,  0.00 ,  0.00 
 0.00 ,  0.00 ,  0.00 
 0.00 ,  0.00 ,  0.00 
 0.00 ,  0.00 ,  0.00 
 0.00 ,  0.00 ,  0.00 
 0.00 ,  0.00 ,  0.00 
3908.87 ,  0.00 , 3635.25 
 0.00 , 9224.53 , 6804.99 
 0.00 , 3187.21 , 2195.97 
 0.00 , 2703.20 , 1852.69 
 0.00 , 1680.11 , 1138.82 
 0.00 , 933.06 , 627.40 
 0.00 , 669.97 , 449.24 
3910.06 , 811.32 , 4182.00 
 0.00 , 1426.17 , 964.06 
 0.00 , 1934.79 , 1315.05 
 0.00 , 2107.91 , 1435.40 
 0.00 , 2201.65 , 1500.75 
 0.00 , 2120.68 , 1444.29 
 0.00 , 1682.13 , 1140.21 
 0.00 , 1726.46 , 1170.82 
 0.00 , 1705.95 , 1156.65 
3844.00 , 1763.26 , 4774.96 
 0.00 ,  0.00 ,  0.00 
 0.00 ,  0.00 ,  0.00 
 0.00 ,  0.00 ,  0.00 
 0.00 ,  0.00 ,  0.00 
 0.00 ,  0.00 ,  0.00 
 0.00 ,  0.00 ,  0.00 
 0.00 ,  0.00 ,  0.00 
 0.00 , 170.20 , 113.52 
 0.00 , 10402.96 , 7781.71 
 0.00 , 3856.41 , 2676.64 
 0.00 , 3446.98 , 2381.72 
 0.00 , 3076.06 , 2116.81 
4176.72 , 2599.44 , 5673.21 
 0.00 , 2741.27 , 1879.56 
 0.00 , 2559.64 , 1751.56 
 0.00 , 2023.49 , 1376.65 
 0.00 , 1533.40 , 1037.73 
 0.00 , 2257.78 , 1539.94 
 0.00 , 2754.62 , 1888.98 
 0.00 , 2728.69 , 1870.67 
 0.00 , 2307.39 , 1574.63 
3763.84 , 2346.89 , 5109.30 
 0.00 , 2339.80 , 1597.31 
 0.00 , 2324.55 , 1586.64 
 0.00 ,  0.00 ,  0.00 
 0.00 ,  0.00 ,  0.00 
 0.00 ,  0.00 ,  0.00 
 0.00 ,  0.00 ,  0.00 
 0.00 ,  0.00 ,  0.00 
 0.00 ,  0.00 ,  0.00 
 0.00 , 297.69 , 198.82 
 0.00 , 455.95 , 305.04 
 0.00 , 10324.55 , 7715.87 
 0.00 , 3799.47 , 2635.46 
4079.03 , 3471.48 , 6209.25 
 0.00 , 3185.38 , 2194.67 
 0.00 , 2880.66 , 1978.13 
 0.00 , 2426.57 , 1658.10 
 0.00 , 971.80 , 653.73 
 0.00 , 85.12 , 56.72 
 0.00 , 1209.63 , 815.78 
 0.00 , 2188.50 , 1491.57 
 0.00 , 2370.30 , 1618.66 
 0.00 , 2334.16 , 1593.36 
4260.87 , 1897.04 , 5256.46 
 0.00 , 1947.95 , 1324.18 
 0.00 , 1926.79 , 1309.50 
 0.00 , 1985.71 , 1350.40 
 0.00 ,  0.00 ,  0.00 
 0.00 ,  0.00 ,  0.00 
 0.00 ,  0.00 ,  0.00 
 0.00 ,  0.00 ,  0.00 
 0.00 ,  0.00 ,  0.00 
 0.00 ,  0.00 ,  0.00 
 0.00 , 72.50 , 48.30 
 0.00 , 531.34 , 355.76 
 0.00 , 10496.02 , 7860.00 
3987.88 , 4145.65 , 6618.54 
 0.00 , 3415.32 , 2359.02 
 0.00 , 2459.56 , 1681.25 
 0.00 , 1286.06 , 868.04 
 0.00 , 1962.06 , 1333.97 
 0.00 , 1976.45 , 1343.97 
 0.00 , 1667.45 , 1130.08 
 0.00 , 1753.04 , 1189.18 
 0.00 , 2253.02 , 1536.62 
3827.93 , 2660.70 , 5391.48 
 0.00 , 2658.42 , 1821.11 
 0.00 , 2315.58 , 1580.36 
 0.00 , 2367.36 , 1616.61 
 0.00 , 2431.02 , 1661.22 
 0.00 , 2499.99 , 1709.63 
 0.00 ,  0.00 ,  0.00 
 0.00 ,  0.00 ,  0.00 
 0.00 ,  0.00 ,  0.00 
 0.00 ,  0.00 ,  0.00 
 0.00 ,  0.00 ,  0.00 
 0.00 , 406.70 , 271.94 
 0.00 , 725.50 , 486.76 
 0.00 , 810.88 , 544.54 
4388.46 , 10273.67 , 11941.26 
 0.00 , 4510.89 , 3153.63 
 0.00 , 2784.30 , 1909.96 
 0.00 , 1701.21 , 1153.38 
 0.00 , 188.28 , 125.60 
 0.00 , 85.37 , 56.89 
 0.00 , 39.98 , 26.63 
 0.00 , 174.38 , 116.32 
 0.00 , 189.23 , 126.24 
4059.58 , 482.15 , 4098.36 
 0.00 , 2096.71 , 1427.60 
 0.00 , 2249.52 , 1534.18 
 0.00 , 1950.96 , 1326.27 
 0.00 , 2036.60 , 1385.77 
 0.00 , 2125.47 , 1447.63 
 0.00 , 2213.84 , 1509.26 
 0.00 ,  0.00 ,  0.00 
 0.00 ,  0.00 ,  0.00 
 0.00 ,  0.00 ,  0.00 
 0.00 ,  0.00 ,  0.00 
 0.00 ,  0.00 ,  0.00 
 0.00 , 179.59 , 119.80 
 0.00 , 739.99 , 496.56 
3908.87 , 893.94 , 4237.08 
 0.00 , 10496.02 , 7860.00 
 0.00 , 4783.19 , 3354.14 
 0.00 , 2491.10 , 1703.39 
 0.00 , 1867.89 , 1268.66 
 0.00 , 490.50 , 328.27 
 0.00 , 24.06 , 16.02 
3910.06 , 13.13 , 3645.10 
 0.00 , 31.06 , 20.69 
 0.00 , 157.50 , 105.04 
 0.00 , 609.03 , 408.11 
 0.00 , 2256.49 , 1539.05 
 0.00 , 2487.36 , 1700.76 
 0.00 , 2112.34 , 1438.48 
 0.00 , 2286.30 , 1559.88 
 0.00 , 2309.36 , 1576.01 
3844.00 , 2395.38 , 5218.28 
 0.00 ,  0.00 ,  0.00 
 0.00 ,  0.00 ,  0.00 
 0.00 ,  0.00 ,  0.00 
 0.00 ,  0.00 ,  0.00 
 0.00 ,  0.00 ,  0.00 
 0.00 , 453.96 , 303.70 
 0.00 , 784.73 , 526.83 
 0.00 , 982.02 , 660.67 
 0.00 , 10496.02 , 7860.00 
 0.00 , 4999.86 , 3514.56 
 0.00 , 3571.85 , 2471.39 
 0.00 , 1049.43 , 706.53 
4176.72 , 1144.61 , 4657.49 
 0.00 , 378.61 , 253.09 
 0.00 , 160.24 , 106.87 
 0.00 , 158.22 , 105.52 
 0.00 , 235.57 , 157.23 
 0.00 , 515.27 , 344.94 
 0.00 , 1812.85 , 1230.55 
 0.00 , 2593.34 , 1775.27 
 0.00 , 2319.52 , 1583.11 
3763.84 , 2418.79 , 5160.11 
 0.00 , 2537.82 , 1736.21 
 0.00 , 2643.33 , 1810.47 
 0.00 ,  0.00 ,  0.00 
 0.00 ,  0.00 ,  0.00 
 0.00 ,  0.00 ,  0.00 
 0.00 ,  0.00 ,  0.00 
 0.00 ,  0.00 ,  0.00 
 0.00 , 459.35 , 307.32 
 0.00 , 659.76 , 442.35 
 0.00 , 814.45 , 546.96 
 0.00 , 10496.02 , 7860.00 
 0.00 , 4678.70 , 3277.06 
4079.03 , 3843.97 , 6481.50 
 0.00 , 3554.34 , 2458.80 
 0.00 , 2871.49 , 1971.64 
 0.00 , 2957.15 , 2032.35 
 0.00 , 2549.55 , 1744.46 
 0.00 , 3009.78 , 2069.71 
 0.00 , 3071.80 , 2113.79 
 0.00 , 2906.68 , 1996.57 
 0.00 , 3385.61 , 2337.74 
 0.00 , 3285.45 , 2266.10 
4260.87 , 2838.54 , 5922.34 
 0.00 , 2892.90 , 1986.80 
 0.00 , 2868.09 , 1969.22 
 0.00 , 2924.38 , 2009.11 
 0.00 ,  0.00 ,  0.00 
 0.00 ,  0.00 ,  0.00 
 0.00 ,  0.00 ,  0.00 
 0.00 ,  0.00 ,  0.00 
 0.00 , 75.18 , 50.09 
 0.00 , 629.78 , 422.11 
 0.00 , 773.07 , 518.94 
 0.00 , 1101.21 , 741.80 
 0.00 , 10496.02 , 7860.00 
4052.12 , 4476.74 , 6924.87 
 0.00 , 1715.83 , 1163.48 
 0.00 , 81.81 , 54.52 
 0.00 , 84.94 , 56.60 
 0.00 , 150.83 , 100.58 
 0.00 , 53.40 , 35.58 
 0.00 , 39.16 , 26.08 
 0.00 , 175.04 , 116.75 
 0.00 , 389.82 , 260.61 
3954.45 , 1708.75 , 4839.91 
 0.00 , 2000.76 , 1360.86 
 0.00 , 1685.24 , 1142.36 
 0.00 , 1765.78 , 1197.99 
 0.00 , 1929.05 , 1311.06 
 0.00 , 2018.20 , 1372.97 
 0.00 ,  0.00 ,  0.00 
 0.00 ,  0.00 ,  0.00 
 0.00 ,  0.00 ,  0.00 
 0.00 ,  0.00 ,  0.00 
 0.00 ,  0.00 ,  0.00 
 0.00 , 242.90 , 162.13 
 0.00 , 781.68 , 524.77 
 0.00 , 1033.07 , 695.39 
4527.44 , 10265.39 , 12070.51 
 0.00 , 4937.85 , 3468.57 
 0.00 , 2841.15 , 1950.16 
 0.00 , 303.39 , 202.64 
 0.00 , 15.45 , 10.29 
 0.00 ,  0.00 ,  0.00 
 0.00 , 33.83 , 22.53 
 0.00 , 34.25 , 22.81 
3836.72 , 166.70 , 3679.36 
 0.00 , 662.24 , 444.02 
 0.00 , 2294.77 , 1565.80 
 0.00 , 2404.43 , 1642.58 
 0.00 , 2114.42 , 1439.93 
 0.00 , 2127.42 , 1448.99 
 0.00 , 2218.50 , 1512.51 
 0.00 , 2232.92 , 1522.58 
3767.28 ,  0.00 , 3503.57 
 0.00 ,  0.00 ,  0.00 
 0.00 ,  0.00 ,  0.00 
 0.00 ,  0.00 ,  0.00 
 0.00 ,  0.00 ,  0.00 
 0.00 ,  0.00 ,  0.00 
 0.00 , 253.59 , 169.29 
 0.00 , 486.91 , 325.85 
 0.00 , 10422.39 , 7798.04 
 0.00 , 4122.64 , 2869.84 
 0.00 , 1683.30 , 1141.02 
 0.00 , 42.30 , 28.18 
3876.41 , 598.85 , 4006.73 
 0.00 , 68.38 , 45.56 
 0.00 , 23.35 , 15.55 
 0.00 ,  0.00 ,  0.00 
 0.00 , 18.70 , 12.46 
 0.00 , 119.70 , 79.79 
 0.00 , 776.94 , 521.56 
 0.00 , 1580.84 , 1070.38 
 0.00 , 1272.10 , 858.49 
3887.99 , 1354.29 , 4532.84 
 0.00 , 1445.85 , 977.56 
 0.00 , 1533.36 , 1037.71 
 0.00 ,  0.00 ,  0.00 
 0.00 ,  0.00 ,  0.00 
 0.00 ,  0.00 ,  0.00 
 0.00 ,  0.00 ,  0.00 
 0.00 ,  0.00 ,  0.00 
 0.00 ,  0.00 ,  0.00 
 0.00 ,  0.00 ,  0.00 
 0.00 ,  0.00 ,  0.00 
 0.00 , 10354.78 , 7741.24 
 0.00 , 4003.55 , 2783.28 
4208.19 , 2007.72 , 5284.82 
 0.00 , 30.01 , 19.99 
 0.00 ,  0.00 ,  0.00 
 0.00 ,  0.00 ,  0.00 
 0.00 ,  0.00 ,  0.00 
 0.00 ,  0.00 ,  0.00 
 0.00 ,  0.00 ,  0.00 
 0.00 ,  0.00 ,  0.00 
 0.00 , 15.58 , 10.37 
3797.38 , 638.01 , 3959.70 
 0.00 , 1092.11 , 735.60 
 0.00 , 1214.29 , 818.97 
 0.00 , 1331.08 , 898.86 
 0.00 , 1442.60 , 975.33 
 0.00 ,  0.00 ,  0.00 
 0.00 ,  0.00 ,  0.00 
 0.00 ,  0.00 ,  0.00 
 0.00 ,  0.00 ,  0.00 
 0.00 ,  0.00 ,  0.00 
 0.00 ,  0.00 ,  0.00 
 0.00 ,  0.00 ,  0.00 
 0.00 ,  0.00 ,  0.00 
4096.34 , 10166.10 , 11560.54 
 0.00 , 4069.69 , 2831.32 
 0.00 , 4005.60 , 2784.76 
 0.00 , 3535.42 , 2445.20 
 0.00 , 1131.96 , 762.77 
 0.00 , 93.19 , 62.10 
 0.00 , 478.07 , 319.91 
 0.00 , 224.55 , 149.86 
3836.72 , 247.30 , 3733.30 
 0.00 , 1096.44 , 738.56 
 0.00 , 2087.53 , 1421.21 
 0.00 , 2164.88 , 1475.10 
 0.00 , 1761.82 , 1195.25 
 0.00 , 1835.17 , 1246.00 
 0.00 , 1914.91 , 1301.26 
 0.00 , 1998.76 , 1359.47 
3767.28 ,  0.00 , 3503.57 
 0.00 ,  0.00 ,  0.00 
 0.00 ,  0.00 ,  0.00 
 0.00 ,  0.00 ,  0.00 
 0.00 ,  0.00 ,  0.00 
 0.00 ,  0.00 ,  0.00 
 0.00 ,  0.00 ,  0.00 
 0.00 , 359.37 , 240.18 
 0.00 , 10445.43 , 7817.42 
 0.00 , 4116.85 , 2865.63 
 0.00 , 3630.18 , 2513.35 
 0.00 , 3369.75 , 2326.39 
3876.41 , 2899.43 , 5607.15 
 0.00 , 2429.53 , 1660.18 
 0.00 , 2732.36 , 1873.26 
 0.00 , 2648.26 , 1813.95 
 0.00 , 2598.11 , 1778.62 
 0.00 , 2415.24 , 1650.16 
 0.00 , 2939.20 , 2019.62 
 0.00 , 2938.43 , 2019.07 
 0.00 , 2512.75 , 1718.59 
3887.99 , 2544.95 , 5365.23 
 0.00 , 2614.73 , 1790.33 
 0.00 , 2599.96 , 1779.93 
 0.00 ,  0.00 ,  0.00 
 0.00 ,  0.00 ,  0.00 
 0.00 ,  0.00 ,  0.00 
 0.00 ,  0.00 ,  0.00 
 0.00 ,  0.00 ,  0.00 
 0.00 , 292.37 , 195.26 
 0.00 , 583.56 , 390.94 
 0.00 , 719.80 , 482.91 
 0.00 , 10496.02 , 7860.00 
 0.00 , 4471.53 , 3124.76 
4208.19 , 4095.72 , 6788.00 
 0.00 , 3116.25 , 2145.42 
 0.00 , 2801.61 , 1922.19 
 0.00 , 2402.51 , 1641.24 
 0.00 , 2363.77 , 1614.09 
 0.00 , 2520.45 , 1724.00 
 0.00 , 1854.56 , 1259.43 
 0.00 , 1764.05 , 1196.80 
 0.00 , 2709.45 , 1857.09 
3797.38 , 2755.03 , 5430.20 
 0.00 , 2415.54 , 1650.37 
 0.00 , 2385.31 , 1629.18 
 0.00 , 2440.69 , 1668.00 
 0.00 , 2501.43 , 1710.64 
 0.00 ,  0.00 ,  0.00 
 0.00 ,  0.00 ,  0.00 
 0.00 ,  0.00 ,  0.00 
 0.00 ,  0.00 ,  0.00 
 0.00 ,  0.00 ,  0.00 
 0.00 , 71.86 , 47.88 
 0.00 , 546.05 , 365.67 
 0.00 , 629.28 , 421.77 
4096.34 , 10290.79 , 11669.60 
 0.00 , 4221.56 , 2941.92 
 0.00 , 3338.17 , 2303.79 
 0.00 , 1023.18 , 688.66 
 0.00 , 1520.64 , 1028.96 
 0.00 , 1456.28 , 984.73 
 0.00 , 1588.62 , 1075.74 
 0.00 , 1629.42 , 1103.86 
3836.72 , 1950.65 , 4898.87 
 0.00 , 2485.51 , 1699.46 
 0.00 , 2677.71 , 1834.71 
 0.00 , 2619.77 , 1793.87 
 0.00 , 2266.65 , 1546.14 
 0.00 , 2312.05 , 1577.89 
 0.00 , 2370.90 , 1619.08 
 0.00 , 2357.29 , 1609.55 
3767.28 ,  0.00 , 3503.57 
 0.00 ,  0.00 ,  0.00 
 0.00 ,  0.00 ,  0.00 
 0.00 ,  0.00 ,  0.00 
 0.00 ,  0.00 ,  0.00 
 0.00 , 434.57 , 290.67 
 0.00 , 742.86 , 498.50 
 0.00 , 885.41 , 595.06 
 0.00 , 10496.02 , 7860.00 
 0.00 , 4635.54 , 3245.27 
 0.00 , 3788.61 , 2627.62 
 0.00 , 2929.77 , 2012.93 
3876.41 , 2474.19 , 5304.26 
 0.00 , 2308.64 , 1575.50 
 0.00 , 1185.09 , 799.02 
 0.00 , 1296.94 , 875.48 
 0.00 , 1805.15 , 1225.22 
 0.00 , 2323.84 , 1586.14 
 0.00 , 2848.44 , 1955.32 
 0.00 , 2814.17 , 1931.07 
 0.00 , 2460.79 , 1682.11 
3887.99 , 2501.77 , 5334.60 
 0.00 , 2495.92 , 1706.77 
 0.00 , 2559.95 , 1751.78 
 0.00 ,  0.00 ,  0.00 
 0.00 ,  0.00 ,  0.00 
 0.00 ,  0.00 ,  0.00 
 0.00 ,  0.00 ,  0.00 
 0.00 ,  0.00 ,  0.00 
 0.00 , 463.87 , 310.36 
 0.00 , 708.23 , 475.08 
 0.00 , 790.99 , 531.07 
 0.00 , 10496.02 , 7860.00 
 0.00 , 4668.68 , 3269.67 
4208.19 , 4192.57 , 6859.74 
 0.00 , 3865.10 , 2682.92 
 0.00 , 3571.24 , 2470.94 
 0.00 , 3459.62 , 2390.79 
 0.00 , 2612.04 , 1788.44 
 0.00 , 782.75 , 525.49 
 0.00 , 1215.43 , 819.75 
 0.00 , 1618.82 , 1096.55 
 0.00 , 2701.75 , 1851.66 
3797.38 , 2778.67 , 5447.07 
 0.00 , 2373.40 , 1620.84 
 0.00 , 2423.88 , 1656.22 
 0.00 , 2484.26 , 1698.59 
 0.00 , 2548.02 , 1743.38 
 0.00 ,  0.00 ,  0.00 
 0.00 ,  0.00 ,  0.00 
 0.00 ,  0.00 ,  0.00 
 0.00 ,  0.00 ,  0.00 
 0.00 ,  0.00 ,  0.00 
 0.00 , 405.86 , 271.38 
 0.00 , 708.02 , 474.94 
 0.00 , 930.67 , 625.78 
4096.34 , 10290.79 , 11669.60 
 0.00 , 4963.60 , 3487.66 
 0.00 , 4512.81 , 3155.05 
 0.00 , 4154.02 , 2892.69 
 0.00 , 3885.43 , 2697.64 
 0.00 , 3593.30 , 2486.81 
 0.00 , 3402.95 , 2350.16 
 0.00 , 3629.04 , 2512.53 
3836.72 , 3716.46 , 6161.33 
 0.00 , 3913.52 , 2717.99 
 0.00 , 4055.91 , 2821.31 
 0.00 , 3884.90 , 2697.26 
 0.00 , 3369.04 , 2325.88 
 0.00 , 3318.09 , 2289.42 
 0.00 , 3280.84 , 2262.80 
 0.00 , 3248.95 , 2240.02 
3767.28 ,  0.00 , 3503.57 
 0.00 ,  0.00 ,  0.00 
 0.00 ,  0.00 ,  0.00 
 0.00 ,  0.00 ,  0.00 
 0.00 , 284.31 , 189.86 
 0.00 , 608.27 , 407.60 
 0.00 , 683.04 , 458.07 
 0.00 , 933.40 , 627.64 
 0.00 , 10496.02 , 7860.00 
 0.00 , 4531.08 , 3168.46 
 0.00 , 3345.78 , 2309.23 
 0.00 , 3058.52 , 2104.34 
3876.41 , 3189.27 , 5815.49 
 0.00 , 2433.99 , 1663.31 
 0.00 , 2456.62 , 1679.18 
 0.00 , 2748.67 , 1884.78 
 0.00 , 3022.81 , 2078.96 
 0.00 , 2971.25 , 2042.35 
 0.00 , 3151.03 , 2170.18 
 0.00 , 3082.32 , 2121.27 
 0.00 , 2635.18 , 1804.73 
3887.99 , 2649.26 , 5439.36 
 0.00 , 2625.19 , 1797.69 
 0.00 , 2671.95 , 1830.64 
 0.00 ,  0.00 ,  0.00 
 0.00 ,  0.00 ,  0.00 
 0.00 ,  0.00 ,  0.00 
 0.00 ,  0.00 ,  0.00 
 0.00 ,  3.20 ,  2.13 
 0.00 , 772.41 , 518.49 
 0.00 , 982.56 , 661.04 
 0.00 , 1589.00 , 1076.01 
 0.00 , 10496.02 , 7860.00 
 0.00 , 5454.22 , 3853.48 
4208.19 , 3043.35 , 6020.16 
 0.00 , 1064.45 , 716.76 
 0.00 , 115.80 , 77.20 
 0.00 , 834.72 , 560.69 
 0.00 , 445.87 , 298.26 
 0.00 , 281.66 , 188.09 
 0.00 , 289.56 , 193.37 
 0.00 , 646.72 , 433.54 
 0.00 , 2616.11 , 1791.30 
3797.38 , 2748.08 , 5425.24 
 0.00 , 2385.61 , 1629.39 
 0.00 , 2472.38 , 1690.25 
 0.00 , 2484.40 , 1698.68 
 0.00 , 2570.52 , 1759.21 
 0.00 ,  0.00 ,  0.00 
 0.00 ,  0.00 ,  0.00 
 0.00 ,  0.00 ,  0.00 
 0.00 ,  0.00 ,  0.00 
 0.00 ,  0.00 ,  0.00 
 0.00 , 146.76 , 97.86 
 0.00 , 537.70 , 360.04 
 0.00 , 624.10 , 418.27 
4096.34 , 10290.79 , 11669.60 
 0.00 , 4443.54 , 3104.23 
 0.00 , 3289.56 , 2269.03 
 0.00 , 2885.49 , 1981.55 
 0.00 , 2364.87 , 1614.86 
 0.00 , 2215.37 , 1510.33 
 0.00 , 1322.57 , 893.03 
 0.00 , 1360.86 , 919.26 
3836.72 , 498.41 , 3902.03 
 0.00 , 655.15 , 439.23 
 0.00 , 2203.86 , 1502.29 
 0.00 , 2294.08 , 1565.32 
 0.00 , 1889.79 , 1283.84 
 0.00 , 1946.19 , 1322.96 
 0.00 , 1931.30 , 1312.63 
 0.00 , 1995.65 , 1357.30 
3767.28 ,  0.00 , 3503.57 
 0.00 ,  0.00 ,  0.00 
 0.00 ,  0.00 ,  0.00 
 0.00 ,  0.00 ,  0.00 
 0.00 ,  0.00 ,  0.00 
 0.00 ,  0.00 ,  0.00 
 0.00 ,  0.00 ,  0.00 
 0.00 ,  0.00 ,  0.00 
 0.00 , 9976.66 , 7425.24 
 0.00 , 3568.55 , 2469.01 
 0.00 , 3340.82 , 2305.68 
 0.00 , 3064.74 , 2108.77 
3876.41 , 2688.49 , 5456.49 
 0.00 , 2669.62 , 1829.00 
 0.00 , 2703.13 , 1852.64 
 0.00 , 2478.85 , 1694.79 
 0.00 , 2493.51 , 1705.08 
 0.00 , 2641.41 , 1809.12 
 0.00 , 2835.48 , 1946.15 
 0.00 , 2653.33 , 1817.52 
 0.00 , 2200.66 , 1500.06 
3887.99 , 2218.59 , 5134.57 
 0.00 , 2192.25 , 1494.19 
 0.00 , 2161.94 , 1473.05 
 0.00 ,  0.00 ,  0.00 
 0.00 ,  0.00 ,  0.00 
 0.00 ,  0.00 ,  0.00 
 0.00 ,  0.00 ,  0.00 
 0.00 ,  0.00 ,  0.00 
 0.00 ,  0.00 ,  0.00 
 0.00 ,  0.00 ,  0.00 
 0.00 ,  0.00 ,  0.00 
 0.00 , 9987.08 , 7433.91 
 0.00 , 3452.59 , 2385.74 
4208.19 , 2496.12 , 5629.15 
 0.00 , 2483.20 , 1697.84 
 0.00 , 1995.58 , 1357.25 
 0.00 , 1145.42 , 771.95 
 0.00 , 22.44 , 14.95 
 0.00 ,  5.91 ,  3.94 
 0.00 , 10.80 ,  7.19 
 0.00 , 247.12 , 164.96 
 0.00 , 1285.53 , 867.68 
3797.38 , 1468.07 , 4526.97 
 0.00 , 1130.55 , 761.80 
 0.00 , 1188.15 , 801.12 
 0.00 , 1253.49 , 845.76 
 0.00 , 1322.49 , 892.98 
 0.00 ,  0.00 ,  0.00 
 0.00 ,  0.00 ,  0.00 
 0.00 ,  0.00 ,  0.00 
 0.00 ,  0.00 ,  0.00 
 0.00 ,  0.00 ,  0.00 
 0.00 ,  0.00 ,  0.00 
 0.00 ,  0.00 ,  0.00 
 0.00 ,  3.15 ,  2.10 
4096.34 , 10261.73 , 11644.14 
 0.00 , 4163.54 , 2899.62 
 0.00 , 3093.88 , 2129.49 
 0.00 , 1154.07 , 777.85 
 0.00 , 1275.01 , 860.48 
 0.00 , 1291.00 , 871.42 
 0.00 , 130.27 , 86.85 
 0.00 , 36.51 , 24.32 
3836.72 , 109.30 , 3641.02 
 0.00 , 540.81 , 362.14 
 0.00 , 2057.97 , 1400.63 
 0.00 , 2097.29 , 1428.00 
 0.00 , 1790.40 , 1215.01 
 0.00 , 1793.00 , 1216.82 
 0.00 , 1875.52 , 1273.95 
 0.00 , 1961.88 , 1333.85 
3767.28 ,  0.00 , 3503.57 
 0.00 ,  0.00 ,  0.00 
 0.00 ,  0.00 ,  0.00 
 0.00 ,  0.00 ,  0.00 
 0.00 ,  0.00 ,  0.00 
 0.00 ,  0.00 ,  0.00 
 0.00 ,  0.00 ,  0.00 
 0.00 ,  0.00 ,  0.00 
 0.00 , 10172.83 , 7588.83 
 0.00 , 3744.34 , 2595.65 
 0.00 , 1300.19 , 877.71 
 0.00 ,  4.89 ,  3.26 
3876.41 , 528.82 , 3959.46 
 0.00 , 618.28 , 414.35 
 0.00 , 12.80 ,  8.52 
 0.00 ,  0.00 ,  0.00 
 0.00 ,  0.00 ,  0.00 
 0.00 ,  0.00 ,  0.00 
 0.00 , 241.75 , 161.37 
 0.00 , 1181.20 , 796.37 
 0.00 , 1000.52 , 673.25 
3887.99 , 1086.83 , 4349.27 
 0.00 , 1178.97 , 794.85 
 0.00 , 1269.07 , 856.42 
 0.00 ,  0.00 ,  0.00 
 0.00 ,  0.00 ,  0.00 
 0.00 ,  0.00 ,  0.00 
 0.00 ,  0.00 ,  0.00 
 0.00 ,  0.00 ,  0.00 
 0.00 ,  0.00 ,  0.00 
 0.00 ,  0.00 ,  0.00 
 0.00 ,  0.00 ,  0.00 
 0.00 , 9669.56 , 7170.66 
 0.00 , 3596.58 , 2489.17 
4208.19 , 2855.11 , 5885.04 
 0.00 , 2152.39 , 1466.39 
 0.00 , 215.92 , 144.08 
 0.00 ,  2.46 ,  1.64 
 0.00 ,  0.00 ,  0.00 
 0.00 ,  0.00 ,  0.00 
 0.00 ,  0.00 ,  0.00 
 0.00 ,  0.00 ,  0.00 
 0.00 , 348.64 , 232.98 
3797.38 , 1380.14 , 4466.32 
 0.00 , 1099.56 , 740.68 
 0.00 , 1191.84 , 803.63 
 0.00 , 1284.71 , 867.11 
 0.00 , 1378.74 , 931.52 
 0.00 ,  0.00 ,  0.00 
 0.00 ,  0.00 ,  0.00 
 0.00 ,  0.00 ,  0.00 
 0.00 ,  0.00 ,  0.00 
 0.00 ,  0.00 ,  0.00 
 0.00 ,  0.00 ,  0.00 
 0.00 ,  0.00 ,  0.00 
 0.00 ,  0.00 ,  0.00 
4096.34 , 9933.71 , 11358.31 
 0.00 , 3842.02 , 2666.23 
 0.00 , 1615.07 , 1093.96 
 0.00 , 817.61 , 549.10 
 0.00 , 464.53 , 310.80 
 0.00 ,  0.00 ,  0.00 
 0.00 ,  0.00 ,  0.00 
 0.00 ,  0.00 ,  0.00 
3836.72 ,  0.00 , 3568.15 
 0.00 ,  0.00 ,  0.00 
 0.00 , 727.64 , 488.21 
 0.00 , 1515.19 , 1025.21 
 0.00 , 1303.13 , 879.73 
 0.00 , 1483.05 , 1003.12 
 0.00 , 1588.17 , 1075.43 
 0.00 , 1770.68 , 1201.38 
3767.28 ,  0.00 , 3503.57 
 0.00 ,  0.00 ,  0.00 
 0.00 ,  0.00 ,  0.00 
 0.00 ,  0.00 ,  0.00 
 0.00 ,  0.00 ,  0.00 
 0.00 ,  0.00 ,  0.00 
 0.00 , 530.72 , 355.34 
 0.00 , 895.31 , 601.78 
 0.00 , 10496.02 , 7860.00 
 0.00 , 4942.81 , 3472.24 
 0.00 , 2937.06 , 2018.10 
 0.00 , 2015.91 , 1371.39 
3876.41 , 1024.25 , 4295.72 
 0.00 , 36.35 , 24.21 
 0.00 , 17.18 , 11.44 
 0.00 , 21.74 , 14.48 
 0.00 , 154.77 , 103.21 
 0.00 , 662.28 , 444.04 
 0.00 , 2555.74 , 1748.82 
 0.00 , 2655.54 , 1819.08 
 0.00 , 2302.78 , 1571.40 
3887.99 , 2316.99 , 5203.91 
 0.00 , 2349.85 , 1604.34 
 0.00 , 2449.90 , 1674.47 
 0.00 ,  0.00 ,  0.00 
 0.00 ,  0.00 ,  0.00 
 0.00 ,  0.00 ,  0.00 
 0.00 ,  0.00 ,  0.00 
 0.00 ,  0.00 ,  0.00 
 0.00 ,  0.00 ,  0.00 
 0.00 ,  0.00 ,  0.00 
 0.00 , 263.02 , 175.60 
 0.00 , 10162.04 , 7579.81 
 0.00 , 3646.03 , 2524.77 
4208.19 , 2474.87 , 5614.08 
 0.00 , 2390.68 , 1632.94 
 0.00 , 1835.29 , 1246.08 
 0.00 , 1749.92 , 1187.03 
 0.00 , 1963.58 , 1335.03 
 0.00 , 2402.35 , 1641.12 
 0.00 , 2220.26 , 1513.74 
 0.00 , 2426.26 , 1657.88 
 0.00 , 2629.44 , 1800.69 
3797.38 , 2443.38 , 5208.77 
 0.00 , 2005.95 , 1364.46 
 0.00 , 2040.21 , 1388.28 
 0.00 , 2010.97 , 1367.95 
 0.00 , 2064.97 , 1405.50 
 0.00 ,  0.00 ,  0.00 
 0.00 ,  0.00 ,  0.00 
 0.00 ,  0.00 ,  0.00 
 0.00 ,  0.00 ,  0.00 
 0.00 ,  0.00 ,  0.00 
 0.00 ,  0.00 ,  0.00 
 0.00 , 236.44 , 157.81 
 0.00 , 683.13 , 458.13 
4096.34 , 10290.79 , 11669.60 
 0.00 , 4380.40 , 3057.98 
 0.00 , 3380.01 , 2333.73 
 0.00 , 2164.26 , 1474.67 
 0.00 , 2733.73 , 1874.23 
 0.00 , 2873.35 , 1972.95 
 0.00 , 2655.63 , 1819.14 
 0.00 , 2959.80 , 2034.23 
3836.72 , 3253.35 , 5824.69 
 0.00 , 3448.86 , 2383.07 
 0.00 , 3570.38 , 2470.33 
 0.00 , 3395.37 , 2344.73 
 0.00 , 3041.70 , 2092.38 
 0.00 , 3006.53 , 2067.40 
 0.00 , 3062.05 , 2106.86 
 0.00 , 3046.18 , 2095.57 
3767.28 ,  0.00 , 3503.57 
 0.00 ,  0.00 ,  0.00 
 0.00 ,  0.00 ,  0.00 
 0.00 , 63.92 , 42.59 
 0.00 , 900.68 , 605.42 
 0.00 , 1058.32 , 712.58 
 0.00 , 1524.72 , 1031.76 
 0.00 , 1919.01 , 1304.10 
 0.00 , 10496.02 , 7860.00 
 0.00 , 5578.80 , 3947.00 
 0.00 , 4144.08 , 2885.45 
 0.00 , 2776.27 , 1904.28 
3876.41 , 3225.03 , 5841.31 
 0.00 , 2582.65 , 1767.75 
 0.00 , 1457.63 , 985.65 
 0.00 , 954.89 , 642.24 
 0.00 , 1216.96 , 820.80 
 0.00 , 1872.58 , 1271.91 
 0.00 , 3171.19 , 2184.55 
 0.00 , 3293.12 , 2271.57 
 0.00 , 2991.87 , 2056.99 
3887.99 , 3051.50 , 5727.08 
 0.00 , 3069.13 , 2111.89 
 0.00 , 3147.91 , 2167.96 
 0.00 ,  0.00 ,  0.00 
 0.00 ,  0.00 ,  0.00 
 0.00 ,  0.00 ,  0.00 
 0.00 , 127.34 , 84.89 
 0.00 , 897.41 , 603.20 
 0.00 , 1075.67 , 724.40 
 0.00 , 1716.63 , 1164.03 
 0.00 , 1981.18 , 1347.25 
 0.00 , 10496.02 , 7860.00 
 0.00 , 5644.25 , 3996.25 
4208.19 , 4718.13 , 7252.26 
 0.00 , 2830.77 , 1942.81 
 0.00 , 3504.42 , 2422.93 
 0.00 , 3806.28 , 2640.38 
 0.00 , 3688.60 , 2555.44 
 0.00 , 3726.41 , 2582.71 
 0.00 , 3888.90 , 2700.15 
 0.00 , 4116.17 , 2865.13 
 0.00 , 4373.81 , 3053.16 
3797.38 , 4289.66 , 6546.74 
 0.00 , 3904.16 , 2711.21 
 0.00 , 3868.64 , 2685.49 
 0.00 , 3843.25 , 2667.12 
 0.00 , 3822.39 , 2652.03 
 0.00 ,  0.00 ,  0.00 
 0.00 ,  0.00 ,  0.00 
 0.00 ,  0.00 ,  0.00 
 0.00 , 912.17 , 613.22 
 0.00 , 1099.47 , 740.62 
 0.00 , 1649.09 , 1117.42 
 0.00 , 1878.22 , 1275.82 
 0.00 , 1988.44 , 1352.30 
4096.34 , 10290.79 , 11669.60 
 0.00 , 5433.61 , 3838.02 
 0.00 , 5260.02 , 3708.19 
 0.00 , 5014.25 , 3525.23 
 0.00 , 4918.04 , 3453.89 
 0.00 , 4637.88 , 3246.99 
 0.00 , 4446.16 , 3106.15 
 0.00 , 4503.24 , 3148.02 
3836.72 , 4432.06 , 6689.50 
 0.00 , 4472.25 , 3125.28 
 0.00 , 4575.80 , 3201.32 
 0.00 , 4386.53 , 3062.47 
 0.00 , 3939.59 , 2736.88 
 0.00 , 3880.19 , 2693.85 
 0.00 , 3912.25 , 2717.07 
 0.00 , 3877.22 , 2691.70 
3767.28 ,  0.00 , 3503.57 
 0.00 ,  0.00 ,  0.00 
 0.00 ,  0.00 ,  0.00 
 0.00 , 873.63 , 587.07 
 0.00 , 1227.78 , 828.18 
 0.00 , 1996.04 , 1357.57 
 0.00 , 2200.67 , 1500.06 
 0.00 , 2312.35 , 1578.10 
 0.00 , 10496.02 , 7860.00 
 0.00 , 5928.56 , 4211.00 
 0.00 , 5195.37 , 3659.97 
 0.00 , 3833.99 , 2660.42 
3876.41 , 2762.17 , 5509.02 
 0.00 , 2579.00 , 1765.17 
 0.00 , 2532.55 , 1732.51 
 0.00 , 2158.09 , 1470.36 
 0.00 , 1636.09 , 1108.45 
 0.00 , 2086.95 , 1420.80 
 0.00 , 3463.95 , 2393.89 
 0.00 , 3570.46 , 2470.38 
 0.00 , 3256.42 , 2245.36 
3887.99 , 3222.31 , 5850.16 
 0.00 , 3303.76 , 2279.18 
 0.00 , 3371.52 , 2327.65 
 0.00 ,  0.00 ,  0.00 
 0.00 ,  0.00 ,  0.00 
 0.00 ,  0.00 ,  0.00 
 0.00 , 250.12 , 166.97 
 0.00 , 982.44 , 660.96 
 0.00 , 1430.01 , 966.69 
 0.00 , 1940.51 , 1319.02 
 0.00 , 2067.81 , 1407.48 
 0.00 , 10496.02 , 7860.00 
 0.00 , 5705.73 , 4042.57 
4208.19 , 4794.89 , 7310.05 
 0.00 , 4134.55 , 2878.51 
 0.00 , 3570.30 , 2470.27 
 0.00 , 2730.55 , 1871.98 
 0.00 , 1380.41 , 932.66 
 0.00 , 1904.62 , 1294.12 
 0.00 , 2643.03 , 1810.26 
 0.00 , 3091.38 , 2127.72 
 0.00 , 3616.60 , 2503.58 
3797.38 , 3593.07 , 6034.46 
 0.00 , 3279.50 , 2261.84 
 0.00 , 3329.91 , 2297.88 
 0.00 , 3310.84 , 2284.24 
 0.00 , 3370.83 , 2327.16 
 0.00 ,  0.00 ,  0.00 
 0.00 ,  0.00 ,  0.00 
 0.00 ,  0.00 ,  0.00 
 0.00 , 102.50 , 68.32 
 0.00 , 912.96 , 613.76 
 0.00 , 1122.01 , 755.98 
 0.00 , 1734.71 , 1176.52 
 0.00 , 1938.97 , 1317.95 
4096.34 , 10290.79 , 11669.60 
 0.00 , 5406.27 , 3817.54 
 0.00 , 3820.72 , 2650.82 
 0.00 , 3196.84 , 2202.84 
 0.00 , 2085.33 , 1419.67 
 0.00 , 1547.84 , 1047.67 
 0.00 , 1735.03 , 1176.74 
 0.00 , 1866.24 , 1267.52 
3836.72 , 1788.35 , 4785.65 
 0.00 , 1852.47 , 1257.98 
 0.00 , 2923.48 , 2008.47 
 0.00 , 3053.72 , 2100.93 
 0.00 , 2730.04 , 1871.63 
 0.00 , 2709.90 , 1857.42 
 0.00 , 2692.49 , 1845.13 
 0.00 , 2675.84 , 1833.39 
3767.28 ,  0.00 , 3503.57 
 0.00 ,  0.00 ,  0.00 
 0.00 ,  0.00 ,  0.00 
 0.00 ,  0.00 ,  0.00 
 0.00 ,  0.00 ,  0.00 
 0.00 , 381.39 , 254.95 
 0.00 , 609.21 , 408.23 
 0.00 , 753.03 , 505.38 
 0.00 , 10496.02 , 7860.00 
 0.00 , 4337.18 , 3026.36 
 0.00 , 4017.94 , 2793.72 
 0.00 , 3586.40 , 2481.85 
3876.41 , 3255.21 , 5863.11 
 0.00 , 3001.07 , 2063.52 
 0.00 , 2814.68 , 1931.43 
 0.00 , 2832.49 , 1944.03 
 0.00 , 3079.76 , 2119.45 
 0.00 , 3099.23 , 2133.30 
 0.00 , 3236.83 , 2231.37 
 0.00 , 3110.03 , 2140.99 
 0.00 , 2724.34 , 1867.60 
3887.99 , 2657.92 , 5445.52 
 0.00 , 2706.48 , 1855.00 
 0.00 , 2674.88 , 1832.71 
 0.00 ,  0.00 ,  0.00 
 0.00 ,  0.00 ,  0.00 
 0.00 ,  0.00 ,  0.00 
 0.00 ,  0.00 ,  0.00 
 0.00 ,  8.02 ,  5.34 
 0.00 , 612.43 , 410.40 
 0.00 , 759.65 , 509.86 
 0.00 , 1090.47 , 734.49 
 0.00 , 10496.02 , 7860.00 
 0.00 , 4958.17 , 3483.63 
4208.19 , 4614.63 , 7174.52 
 0.00 , 4344.24 , 3031.52 
 0.00 , 4081.56 , 2839.95 
 0.00 , 3852.46 , 2673.78 
 0.00 , 3614.87 , 2502.33 
 0.00 , 3637.95 , 2518.95 
 0.00 , 3690.64 , 2556.91 
 0.00 , 3770.91 , 2614.83 
 0.00 , 3913.95 , 2718.30 
3797.38 , 3800.68 , 6186.18 
 0.00 , 3383.95 , 2336.55 
 0.00 , 3331.88 , 2299.29 
 0.00 , 3371.03 , 2327.30 
 0.00 , 3340.88 , 2305.73 
 0.00 ,  0.00 ,  0.00 
