83.55 ,  0.00 , 83.55 ,  0.00 ,  0.00 ,  0.00 ,  0.00 
 0.00 ,  0.00 ,  0.00 ,  0.00 ,  0.00 ,  0.00 ,  0.00 
 0.00 ,  0.00 ,  0.00 ,  0.00 ,  0.00 ,  0.00 ,  0.00 
 0.00 ,  0.00 ,  0.00 ,  0.00 ,  0.00 ,  0.00 ,  0.00 
 0.00 ,  0.00 ,  0.00 ,  0.00 ,  0.00 ,  0.00 ,  0.00 
83.55 ,  0.00 , 83.55 ,  0.00 ,  0.00 ,  0.00 ,  0.00 
250.64 ,  0.00 , 250.64 ,  0.00 ,  0.00 ,  0.00 ,  0.00 
835.48 ,  0.00 , 835.48 ,  0.00 ,  0.00 ,  0.00 ,  0.00 
584.83 ,  0.00 , 584.83 ,  0.00 ,  0.00 ,  0.00 ,  0.00 
584.83 ,  0.00 , 584.83 ,  0.00 ,  0.00 ,  0.00 ,  0.00 
501.29 ,  0.00 , 501.29 ,  0.00 ,  0.00 ,  0.00 ,  0.00 
501.29 ,  0.00 , 501.29 ,  0.00 ,  0.00 ,  0.00 ,  0.00 
417.74 ,  0.00 , 417.74 ,  0.00 ,  0.00 ,  0.00 ,  0.00 
417.74 ,  0.00 , 417.74 ,  0.00 ,  0.00 ,  0.00 ,  0.00 
334.19 ,  0.00 , 334.19 ,  0.00 ,  0.00 ,  0.00 ,  0.00 
250.64 ,  0.00 , 250.64 ,  0.00 ,  0.00 ,  0.00 ,  0.00 
334.19 ,  0.00 , 334.19 ,  0.00 ,  0.00 ,  0.00 ,  0.00 
334.19 ,  0.00 , 334.19 ,  0.00 ,  0.00 ,  0.00 ,  0.00 
417.74 ,  0.00 , 417.74 ,  0.00 ,  0.00 ,  0.00 ,  0.00 
584.83 ,  0.00 , 584.83 ,  0.00 ,  0.00 ,  0.00 ,  0.00 
501.29 ,  0.00 , 501.29 ,  0.00 ,  0.00 ,  0.00 ,  0.00 
501.29 ,  0.00 , 501.29 ,  0.00 ,  0.00 ,  0.00 ,  0.00 
417.74 ,  0.00 , 417.74 ,  0.00 ,  0.00 ,  0.00 ,  0.00 
417.74 ,  0.00 , 417.74 ,  0.00 ,  0.00 ,  0.00 ,  0.00 
83.55 ,  0.00 , 83.55 ,  0.00 ,  0.00 ,  0.00 ,  0.00 
 0.00 ,  0.00 ,  0.00 ,  0.00 ,  0.00 ,  0.00 ,  0.00 
 0.00 ,  0.00 ,  0.00 ,  0.00 ,  0.00 ,  0.00 ,  0.00 
 0.00 ,  0.00 ,  0.00 ,  0.00 ,  0.00 ,  0.00 ,  0.00 
 0.00 ,  0.00 ,  0.00 ,  0.00 ,  0.00 ,  0.00 ,  0.00 
83.55 ,  0.00 , 83.55 ,  0.00 ,  0.00 ,  0.00 ,  0.00 
250.64 ,  0.00 , 250.64 ,  0.00 ,  0.00 ,  0.00 ,  0.00 
835.48 ,  0.00 , 835.48 ,  0.00 ,  0.00 ,  0.00 ,  0.00 
584.83 ,  0.00 , 584.83 ,  0.00 ,  0.00 ,  0.00 ,  0.00 
584.83 ,  0.00 , 584.83 ,  0.00 ,  0.00 ,  0.00 ,  0.00 
501.29 ,  0.00 , 501.29 ,  0.00 ,  0.00 ,  0.00 ,  0.00 
501.29 ,  0.00 , 501.29 ,  0.00 ,  0.00 ,  0.00 ,  0.00 
417.74 ,  0.00 , 417.74 ,  0.00 ,  0.00 ,  0.00 ,  0.00 
417.74 ,  0.00 , 417.74 ,  0.00 ,  0.00 ,  0.00 ,  0.00 
334.19 ,  0.00 , 334.19 ,  0.00 ,  0.00 ,  0.00 ,  0.00 
250.64 ,  0.00 , 250.64 ,  0.00 ,  0.00 ,  0.00 ,  0.00 
334.19 ,  0.00 , 334.19 ,  0.00 ,  0.00 ,  0.00 ,  0.00 
334.19 ,  0.00 , 334.19 ,  0.00 ,  0.00 ,  0.00 ,  0.00 
417.74 ,  0.00 , 417.74 ,  0.00 ,  0.00 ,  0.00 ,  0.00 
584.83 ,  0.00 , 584.83 ,  0.00 ,  0.00 ,  0.00 ,  0.00 
501.29 ,  0.00 , 501.29 ,  0.00 ,  0.00 ,  0.00 ,  0.00 
501.29 ,  0.00 , 501.29 ,  0.00 ,  0.00 ,  0.00 ,  0.00 
417.74 ,  0.00 , 417.74 ,  0.00 ,  0.00 ,  0.00 ,  0.00 
417.74 ,  0.00 , 417.74 ,  0.00 ,  0.00 ,  0.00 ,  0.00 
83.55 ,  0.00 , 83.55 ,  0.00 ,  0.00 ,  0.00 ,  0.00 
 0.00 ,  0.00 ,  0.00 ,  0.00 ,  0.00 ,  0.00 ,  0.00 
 0.00 ,  0.00 ,  0.00 ,  0.00 ,  0.00 ,  0.00 ,  0.00 
 0.00 ,  0.00 ,  0.00 ,  0.00 ,  0.00 ,  0.00 ,  0.00 
 0.00 ,  0.00 ,  0.00 ,  0.00 ,  0.00 ,  0.00 ,  0.00 
83.55 ,  0.00 , 83.55 ,  0.00 ,  0.00 ,  0.00 ,  0.00 
250.64 ,  0.00 , 250.64 ,  0.00 ,  0.00 ,  0.00 ,  0.00 
835.48 ,  0.00 , 835.48 ,  0.00 ,  0.00 ,  0.00 ,  0.00 
584.83 ,  0.00 , 584.83 ,  0.00 ,  0.00 ,  0.00 ,  0.00 
584.83 ,  0.00 , 584.83 ,  0.00 ,  0.00 ,  0.00 ,  0.00 
501.29 ,  0.00 , 501.29 ,  0.00 ,  0.00 ,  0.00 ,  0.00 
501.29 ,  0.00 , 501.29 ,  0.00 ,  0.00 ,  0.00 ,  0.00 
417.74 ,  0.00 , 417.74 ,  0.00 ,  0.00 ,  0.00 ,  0.00 
417.74 ,  0.00 , 417.74 ,  0.00 ,  0.00 ,  0.00 ,  0.00 
334.19 ,  0.00 , 334.19 ,  0.00 ,  0.00 ,  0.00 ,  0.00 
250.64 ,  0.00 , 250.64 ,  0.00 ,  0.00 ,  0.00 ,  0.00 
334.19 ,  0.00 , 334.19 ,  0.00 ,  0.00 ,  0.00 ,  0.00 
334.19 ,  0.00 , 334.19 ,  0.00 ,  0.00 ,  0.00 ,  0.00 
417.74 ,  0.00 , 417.74 ,  0.00 ,  0.00 ,  0.00 ,  0.00 
584.83 ,  0.00 , 584.83 ,  0.00 ,  0.00 ,  0.00 ,  0.00 
501.29 ,  0.00 , 501.29 ,  0.00 ,  0.00 ,  0.00 ,  0.00 
501.29 ,  0.00 , 501.29 ,  0.00 ,  0.00 ,  0.00 ,  0.00 
417.74 ,  0.00 , 417.74 ,  0.00 ,  0.00 ,  0.00 ,  0.00 
417.74 ,  0.00 , 417.74 ,  0.00 ,  0.00 ,  0.00 ,  0.00 
83.55 ,  0.00 , 83.55 ,  0.00 ,  0.00 ,  0.00 ,  0.00 
 0.00 ,  0.00 ,  0.00 ,  0.00 ,  0.00 ,  0.00 ,  0.00 
 0.00 ,  0.00 ,  0.00 ,  0.00 ,  0.00 ,  0.00 ,  0.00 
 0.00 ,  0.00 ,  0.00 ,  0.00 ,  0.00 ,  0.00 ,  0.00 
 0.00 ,  0.00 ,  0.00 ,  0.00 ,  0.00 ,  0.00 ,  0.00 
83.55 ,  0.00 , 83.55 ,  0.00 ,  0.00 ,  0.00 ,  0.00 
250.64 ,  0.00 , 250.64 ,  0.00 ,  0.00 ,  0.00 ,  0.00 
835.48 ,  0.00 , 835.48 ,  0.00 ,  0.00 ,  0.00 ,  0.00 
584.83 ,  0.00 , 584.83 ,  0.00 ,  0.00 ,  0.00 ,  0.00 
584.83 ,  0.00 , 584.83 ,  0.00 ,  0.00 ,  0.00 ,  0.00 
501.29 ,  0.00 , 501.29 ,  0.00 ,  0.00 ,  0.00 ,  0.00 
501.29 ,  0.00 , 501.29 ,  0.00 ,  0.00 ,  0.00 ,  0.00 
417.74 ,  0.00 , 417.74 ,  0.00 ,  0.00 ,  0.00 ,  0.00 
417.74 ,  0.00 , 417.74 ,  0.00 ,  0.00 ,  0.00 ,  0.00 
334.19 ,  0.00 , 334.19 ,  0.00 ,  0.00 ,  0.00 ,  0.00 
250.64 ,  0.00 , 250.64 ,  0.00 ,  0.00 ,  0.00 ,  0.00 
334.19 ,  0.00 , 334.19 ,  0.00 ,  0.00 ,  0.00 ,  0.00 
334.19 ,  0.00 , 334.19 ,  0.00 ,  0.00 ,  0.00 ,  0.00 
417.74 ,  0.00 , 417.74 ,  0.00 ,  0.00 ,  0.00 ,  0.00 
584.83 ,  0.00 , 584.83 ,  0.00 ,  0.00 ,  0.00 ,  0.00 
501.29 ,  0.00 , 501.29 ,  0.00 ,  0.00 ,  0.00 ,  0.00 
501.29 ,  0.00 , 501.29 ,  0.00 ,  0.00 ,  0.00 ,  0.00 
417.74 ,  0.00 , 417.74 ,  0.00 ,  0.00 ,  0.00 ,  0.00 
417.74 ,  0.00 , 417.74 ,  0.00 ,  0.00 ,  0.00 ,  0.00 
83.55 ,  0.00 , 83.55 ,  0.00 ,  0.00 ,  0.00 ,  0.00 
 0.00 ,  0.00 ,  0.00 ,  0.00 ,  0.00 ,  0.00 ,  0.00 
 0.00 ,  0.00 ,  0.00 ,  0.00 ,  0.00 ,  0.00 ,  0.00 
 0.00 ,  0.00 ,  0.00 ,  0.00 ,  0.00 ,  0.00 ,  0.00 
 0.00 ,  0.00 ,  0.00 ,  0.00 ,  0.00 ,  0.00 ,  0.00 
83.55 ,  0.00 , 83.55 ,  0.00 ,  0.00 ,  0.00 ,  0.00 
250.64 ,  0.00 , 250.64 ,  0.00 ,  0.00 ,  0.00 ,  0.00 
835.48 ,  0.00 , 835.48 ,  0.00 ,  0.00 ,  0.00 ,  0.00 
584.83 ,  0.00 , 584.83 ,  0.00 ,  0.00 ,  0.00 ,  0.00 
584.83 ,  0.00 , 584.83 ,  0.00 ,  0.00 ,  0.00 ,  0.00 
501.29 ,  0.00 , 501.29 ,  0.00 ,  0.00 ,  0.00 ,  0.00 
501.29 ,  0.00 , 501.29 ,  0.00 ,  0.00 ,  0.00 ,  0.00 
417.74 ,  0.00 , 417.74 ,  0.00 ,  0.00 ,  0.00 ,  0.00 
417.74 ,  0.00 , 417.74 ,  0.00 ,  0.00 ,  0.00 ,  0.00 
334.19 ,  0.00 , 334.19 ,  0.00 ,  0.00 ,  0.00 ,  0.00 
250.64 ,  0.00 , 250.64 ,  0.00 ,  0.00 ,  0.00 ,  0.00 
334.19 ,  0.00 , 334.19 ,  0.00 ,  0.00 ,  0.00 ,  0.00 
334.19 ,  0.00 , 334.19 ,  0.00 ,  0.00 ,  0.00 ,  0.00 
417.74 ,  0.00 , 417.74 ,  0.00 ,  0.00 ,  0.00 ,  0.00 
584.83 ,  0.00 , 584.83 ,  0.00 ,  0.00 ,  0.00 ,  0.00 
501.29 ,  0.00 , 501.29 ,  0.00 ,  0.00 ,  0.00 ,  0.00 
501.29 ,  0.00 , 501.29 ,  0.00 ,  0.00 ,  0.00 ,  0.00 
417.74 ,  0.00 , 417.74 ,  0.00 ,  0.00 ,  0.00 ,  0.00 
417.74 ,  0.00 , 417.74 ,  0.00 ,  0.00 ,  0.00 ,  0.00 
83.55 ,  0.00 , 83.55 ,  0.00 ,  0.00 ,  0.00 ,  0.00 
 0.00 ,  0.00 ,  0.00 ,  0.00 ,  0.00 ,  0.00 ,  0.00 
 0.00 ,  0.00 ,  0.00 ,  0.00 ,  0.00 ,  0.00 ,  0.00 
 0.00 ,  0.00 ,  0.00 ,  0.00 ,  0.00 ,  0.00 ,  0.00 
 0.00 ,  0.00 ,  0.00 ,  0.00 ,  0.00 ,  0.00 ,  0.00 
83.55 ,  0.00 , 83.55 ,  0.00 ,  0.00 ,  0.00 ,  0.00 
250.64 ,  0.00 , 250.64 ,  0.00 ,  0.00 ,  0.00 ,  0.00 
835.48 ,  0.00 , 835.48 ,  0.00 ,  0.00 ,  0.00 ,  0.00 
584.83 ,  0.00 , 584.83 ,  0.00 ,  0.00 ,  0.00 ,  0.00 
584.83 ,  0.00 , 584.83 ,  0.00 ,  0.00 ,  0.00 ,  0.00 
501.29 ,  0.00 , 501.29 ,  0.00 ,  0.00 ,  0.00 ,  0.00 
501.29 ,  0.00 , 501.29 ,  0.00 ,  0.00 ,  0.00 ,  0.00 
417.74 ,  0.00 , 417.74 ,  0.00 ,  0.00 ,  0.00 ,  0.00 
417.74 ,  0.00 , 417.74 ,  0.00 ,  0.00 ,  0.00 ,  0.00 
334.19 ,  0.00 , 334.19 ,  0.00 ,  0.00 ,  0.00 ,  0.00 
250.64 ,  0.00 , 250.64 ,  0.00 ,  0.00 ,  0.00 ,  0.00 
334.19 ,  0.00 , 334.19 ,  0.00 ,  0.00 ,  0.00 ,  0.00 
334.19 ,  0.00 , 334.19 ,  0.00 ,  0.00 ,  0.00 ,  0.00 
417.74 ,  0.00 , 417.74 ,  0.00 ,  0.00 ,  0.00 ,  0.00 
584.83 ,  0.00 , 584.83 ,  0.00 ,  0.00 ,  0.00 ,  0.00 
501.29 ,  0.00 , 501.29 ,  0.00 ,  0.00 ,  0.00 ,  0.00 
501.29 ,  0.00 , 501.29 ,  0.00 ,  0.00 ,  0.00 ,  0.00 
417.74 ,  0.00 , 417.74 ,  0.00 ,  0.00 ,  0.00 ,  0.00 
417.74 ,  0.00 , 417.74 ,  0.00 ,  0.00 ,  0.00 ,  0.00 
83.55 ,  0.00 , 83.55 ,  0.00 ,  0.00 ,  0.00 ,  0.00 
 0.00 ,  0.00 ,  0.00 ,  0.00 ,  0.00 ,  0.00 ,  0.00 
 0.00 ,  0.00 ,  0.00 ,  0.00 ,  0.00 ,  0.00 ,  0.00 
 0.00 ,  0.00 ,  0.00 ,  0.00 ,  0.00 ,  0.00 ,  0.00 
 0.00 ,  0.00 ,  0.00 ,  0.00 ,  0.00 ,  0.00 ,  0.00 
83.55 ,  0.00 , 83.55 ,  0.00 ,  0.00 ,  0.00 ,  0.00 
250.64 ,  0.00 , 250.64 ,  0.00 ,  0.00 ,  0.00 ,  0.00 
835.48 ,  0.00 , 835.48 ,  0.00 ,  0.00 ,  0.00 ,  0.00 
584.83 ,  0.00 , 584.83 ,  0.00 ,  0.00 ,  0.00 ,  0.00 
584.83 ,  0.00 , 584.83 ,  0.00 ,  0.00 ,  0.00 ,  0.00 
501.29 ,  0.00 , 501.29 ,  0.00 ,  0.00 ,  0.00 ,  0.00 
501.29 ,  0.00 , 501.29 ,  0.00 ,  0.00 ,  0.00 ,  0.00 
417.74 ,  0.00 , 417.74 ,  0.00 ,  0.00 ,  0.00 ,  0.00 
417.74 ,  0.00 , 417.74 ,  0.00 ,  0.00 ,  0.00 ,  0.00 
334.19 ,  0.00 , 334.19 ,  0.00 ,  0.00 ,  0.00 ,  0.00 
250.64 ,  0.00 , 250.64 ,  0.00 ,  0.00 ,  0.00 ,  0.00 
334.19 ,  0.00 , 334.19 ,  0.00 ,  0.00 ,  0.00 ,  0.00 
334.19 ,  0.00 , 334.19 ,  0.00 ,  0.00 ,  0.00 ,  0.00 
417.74 ,  0.00 , 417.74 ,  0.00 ,  0.00 ,  0.00 ,  0.00 
584.83 ,  0.00 , 584.83 ,  0.00 ,  0.00 ,  0.00 ,  0.00 
501.29 ,  0.00 , 501.29 ,  0.00 ,  0.00 ,  0.00 ,  0.00 
501.29 ,  0.00 , 501.29 ,  0.00 ,  0.00 ,  0.00 ,  0.00 
417.74 ,  0.00 , 417.74 ,  0.00 ,  0.00 ,  0.00 ,  0.00 
417.74 ,  0.00 , 417.74 ,  0.00 ,  0.00 ,  0.00 ,  0.00 
83.55 ,  0.00 , 83.55 ,  0.00 ,  0.00 ,  0.00 ,  0.00 
 0.00 ,  0.00 ,  0.00 ,  0.00 ,  0.00 ,  0.00 ,  0.00 
 0.00 ,  0.00 ,  0.00 ,  0.00 ,  0.00 ,  0.00 ,  0.00 
 0.00 ,  0.00 ,  0.00 ,  0.00 ,  0.00 ,  0.00 ,  0.00 
 0.00 ,  0.00 ,  0.00 ,  0.00 ,  0.00 ,  0.00 ,  0.00 
83.55 ,  0.00 , 83.55 ,  0.00 ,  0.00 ,  0.00 ,  0.00 
250.64 ,  0.00 , 250.64 ,  0.00 ,  0.00 ,  0.00 ,  0.00 
835.48 ,  0.00 , 835.48 , 111.27 ,  0.00 , 18.64 ,  0.00 
584.83 ,  0.00 , 584.83 , 113.20 ,  0.00 , 25.38 ,  0.00 
584.83 ,  0.00 , 584.83 , 110.69 ,  0.00 , 24.77 ,  0.00 
501.29 ,  0.00 , 501.29 , 105.14 ,  0.00 , 12.10 ,  0.00 
501.29 ,  0.00 , 501.29 ,  0.00 ,  0.00 ,  0.00 ,  0.00 
417.74 ,  0.00 , 417.74 ,  0.00 ,  0.00 ,  0.00 ,  0.00 
417.74 ,  0.00 , 417.74 ,  0.00 ,  0.00 ,  0.00 ,  0.00 
334.19 ,  0.00 , 334.19 ,  0.00 ,  0.00 ,  0.00 ,  0.00 
250.64 ,  0.00 , 250.64 ,  0.00 ,  0.00 ,  0.00 ,  0.00 
334.19 ,  0.00 , 334.19 ,  0.00 ,  0.00 ,  0.00 ,  0.00 
334.19 ,  0.00 , 334.19 ,  0.00 ,  0.00 ,  0.00 ,  0.00 
417.74 ,  0.00 , 417.74 ,  0.00 ,  0.00 ,  0.00 ,  0.00 
584.83 ,  0.00 , 584.83 ,  0.00 ,  0.00 ,  0.00 ,  0.00 
501.29 ,  0.00 , 501.29 ,  0.00 ,  0.00 ,  0.00 ,  0.00 
501.29 ,  0.00 , 501.29 ,  0.00 ,  0.00 ,  0.00 ,  0.00 
417.74 ,  0.00 , 417.74 ,  0.00 ,  0.00 ,  0.00 ,  0.00 
417.74 ,  0.00 , 417.74 ,  0.00 ,  0.00 ,  0.00 ,  0.00 
83.55 ,  0.00 , 83.55 ,  0.00 ,  0.00 ,  0.00 ,  0.00 
 0.00 ,  0.00 ,  0.00 ,  0.00 ,  0.00 ,  0.00 ,  0.00 
 0.00 ,  0.00 ,  0.00 ,  0.00 ,  0.00 ,  0.00 ,  0.00 
 0.00 ,  0.00 ,  0.00 ,  0.00 ,  0.00 ,  0.00 ,  0.00 
 0.00 ,  0.00 ,  0.00 ,  0.00 ,  0.00 ,  0.00 ,  0.00 
83.55 ,  0.00 , 83.55 ,  0.00 ,  0.00 ,  0.00 ,  0.00 
250.64 ,  0.00 , 250.64 ,  0.00 ,  0.00 ,  0.00 ,  0.00 
835.48 ,  0.00 , 835.48 , 148.80 ,  0.00 , 139.16 ,  0.00 
584.83 ,  0.00 , 584.83 , 148.51 ,  0.00 , 138.20 ,  0.00 
584.83 ,  0.00 , 584.83 , 144.76 ,  0.00 , 132.17 ,  0.00 
501.29 ,  0.00 , 501.29 , 123.66 ,  0.00 , 72.60 ,  0.00 
501.29 ,  0.00 , 501.29 , 109.85 ,  0.00 , 31.53 ,  0.00 
417.74 ,  0.00 , 417.74 , 107.53 ,  0.00 , 27.85 ,  0.00 
417.74 ,  0.00 , 417.74 , 102.38 ,  0.00 , 12.22 ,  0.00 
334.19 ,  0.00 , 334.19 ,  0.00 ,  0.00 ,  0.00 ,  0.00 
250.64 ,  0.00 , 250.64 ,  0.00 ,  0.00 ,  0.00 ,  0.00 
334.19 ,  0.00 , 334.19 ,  0.00 ,  0.00 ,  0.00 ,  0.00 
334.19 ,  0.00 , 334.19 ,  0.00 ,  0.00 ,  0.00 ,  0.00 
417.74 ,  0.00 , 417.74 , 101.39 ,  0.00 ,  4.76 ,  0.00 
584.83 ,  0.00 , 584.83 ,  0.00 ,  0.00 ,  0.00 ,  0.00 
501.29 ,  0.00 , 501.29 ,  0.00 ,  0.00 ,  0.00 ,  0.00 
501.29 ,  0.00 , 501.29 ,  0.00 ,  0.00 ,  0.00 ,  0.00 
417.74 ,  0.00 , 417.74 ,  0.00 ,  0.00 ,  0.00 ,  0.00 
417.74 ,  0.00 , 417.74 ,  0.00 ,  0.00 ,  0.00 ,  0.00 
83.55 ,  0.00 , 83.55 ,  0.00 ,  0.00 ,  0.00 ,  0.00 
 0.00 ,  0.00 ,  0.00 ,  0.00 ,  0.00 ,  0.00 ,  0.00 
 0.00 ,  0.00 ,  0.00 ,  0.00 ,  0.00 ,  0.00 ,  0.00 
 0.00 ,  0.00 ,  0.00 ,  0.00 ,  0.00 ,  0.00 ,  0.00 
 0.00 ,  0.00 ,  0.00 ,  0.00 ,  0.00 ,  0.00 ,  0.00 
83.55 ,  0.00 , 83.55 ,  0.00 ,  0.00 ,  0.00 ,  0.00 
250.64 ,  0.00 , 250.64 ,  0.00 ,  0.00 ,  0.00 ,  0.00 
835.48 ,  0.00 , 835.48 , 196.10 ,  0.00 , 319.06 ,  0.00 
584.83 ,  0.00 , 584.83 , 177.30 ,  0.00 , 254.65 ,  0.00 
584.83 ,  0.00 , 584.83 , 154.41 ,  0.00 , 185.40 ,  0.00 
501.29 ,  0.00 , 501.29 , 125.75 ,  0.00 , 92.23 ,  0.00 
501.29 ,  0.00 , 501.29 , 109.46 ,  0.00 , 38.99 ,  0.00 
417.74 ,  0.00 , 417.74 , 104.61 ,  0.00 , 25.39 ,  0.00 
417.74 ,  0.00 , 417.74 , 101.39 ,  0.00 , 13.39 ,  0.00 
334.19 ,  0.00 , 334.19 , 98.52 ,  0.00 ,  3.51 ,  0.00 
250.64 ,  0.00 , 250.64 ,  0.00 ,  0.00 ,  0.00 ,  0.00 
334.19 ,  0.00 , 334.19 ,  0.00 ,  0.00 ,  0.00 ,  0.00 
334.19 ,  0.00 , 334.19 ,  0.00 ,  0.00 ,  0.00 ,  0.00 
417.74 ,  0.00 , 417.74 , 99.17 ,  0.00 ,  0.91 ,  0.00 
584.83 ,  0.00 , 584.83 ,  0.00 ,  0.00 ,  0.00 ,  0.00 
501.29 ,  0.00 , 501.29 ,  0.00 ,  0.00 ,  0.00 ,  0.00 
501.29 ,  0.00 , 501.29 ,  0.00 ,  0.00 ,  0.00 ,  0.00 
417.74 ,  0.00 , 417.74 ,  0.00 ,  0.00 ,  0.00 ,  0.00 
417.74 ,  0.00 , 417.74 ,  0.00 ,  0.00 ,  0.00 ,  0.00 
83.55 ,  0.00 , 83.55 ,  0.00 ,  0.00 ,  0.00 ,  0.00 
 0.00 ,  0.00 ,  0.00 ,  0.00 ,  0.00 ,  0.00 ,  0.00 
 0.00 ,  0.00 ,  0.00 ,  0.00 ,  0.00 ,  0.00 ,  0.00 
 0.00 ,  0.00 ,  0.00 ,  0.00 ,  0.00 ,  0.00 ,  0.00 
 0.00 ,  0.00 ,  0.00 ,  0.00 ,  0.00 ,  0.00 ,  0.00 
83.55 ,  0.00 , 83.55 ,  0.00 ,  0.00 ,  0.00 ,  0.00 
250.64 ,  0.00 , 250.64 ,  0.00 ,  0.00 ,  0.00 ,  0.00 
835.48 ,  0.00 , 835.48 , 223.24 ,  0.00 , 437.66 ,  0.00 
584.83 ,  0.00 , 584.83 , 179.75 ,  0.00 , 285.25 ,  0.00 
584.83 ,  0.00 , 584.83 , 150.16 ,  0.00 , 185.94 ,  0.00 
501.29 ,  0.00 , 501.29 , 123.85 ,  0.00 , 94.81 ,  0.00 
501.29 ,  0.00 , 501.29 , 106.07 ,  0.00 , 31.41 ,  0.00 
417.74 ,  0.00 , 417.74 , 100.21 ,  0.00 , 10.59 ,  0.00 
417.74 ,  0.00 , 417.74 ,  0.00 ,  0.00 ,  0.00 ,  0.00 
334.19 ,  0.00 , 334.19 ,  0.00 ,  0.00 ,  0.00 ,  0.00 
250.64 ,  0.00 , 250.64 ,  0.00 ,  0.00 ,  0.00 ,  0.00 
334.19 ,  0.00 , 334.19 ,  0.00 ,  0.00 ,  0.00 ,  0.00 
334.19 ,  0.00 , 334.19 ,  0.00 ,  0.00 ,  0.00 ,  0.00 
417.74 ,  0.00 , 417.74 ,  0.00 ,  0.00 ,  0.00 ,  0.00 
584.83 ,  0.00 , 584.83 ,  0.00 ,  0.00 ,  0.00 ,  0.00 
501.29 ,  0.00 , 501.29 ,  0.00 ,  0.00 ,  0.00 ,  0.00 
501.29 ,  0.00 , 501.29 ,  0.00 ,  0.00 ,  0.00 ,  0.00 
417.74 ,  0.00 , 417.74 ,  0.00 ,  0.00 ,  0.00 ,  0.00 
417.74 ,  0.00 , 417.74 ,  0.00 ,  0.00 ,  0.00 ,  0.00 
83.55 ,  0.00 , 83.55 ,  0.00 ,  0.00 ,  0.00 ,  0.00 
 0.00 ,  0.00 ,  0.00 ,  0.00 ,  0.00 ,  0.00 ,  0.00 
 0.00 ,  0.00 ,  0.00 ,  0.00 ,  0.00 ,  0.00 ,  0.00 
 0.00 ,  0.00 ,  0.00 ,  0.00 ,  0.00 ,  0.00 ,  0.00 
 0.00 ,  0.00 ,  0.00 ,  0.00 ,  0.00 ,  0.00 ,  0.00 
83.55 ,  0.00 , 83.55 ,  0.00 ,  0.00 ,  0.00 ,  0.00 
250.64 ,  0.00 , 250.64 ,  0.00 ,  0.00 ,  0.00 ,  0.00 
835.48 ,  0.00 , 835.48 , 375.56 ,  0.00 , 741.22 ,  0.00 
584.83 ,  0.00 , 584.83 , 306.33 ,  0.00 , 537.84 ,  0.00 
584.83 ,  0.00 , 584.83 , 260.81 ,  0.00 , 432.78 ,  0.00 
501.29 ,  0.00 , 501.29 , 197.23 ,  0.00 , 260.02 ,  0.00 
501.29 ,  0.00 , 501.29 , 157.76 ,  0.00 , 150.67 ,  0.00 
417.74 ,  0.00 , 417.74 , 135.95 ,  0.00 , 88.99 ,  0.00 
417.74 ,  0.00 , 417.74 , 129.33 ,  0.00 , 70.95 ,  0.00 
334.19 ,  0.00 , 334.19 , 124.54 ,  0.00 , 58.46 ,  0.00 
250.64 ,  0.00 , 250.64 , 124.50 ,  0.00 , 58.32 ,  0.00 
334.19 ,  0.00 , 334.19 , 128.91 ,  0.00 , 69.55 ,  0.00 
334.19 ,  0.00 , 334.19 , 142.94 ,  0.00 , 107.57 ,  0.00 
417.74 ,  0.00 , 417.74 , 159.12 ,  0.00 , 157.45 ,  0.00 
584.83 ,  0.00 , 584.83 , 150.76 ,  0.00 , 132.56 ,  0.00 
501.29 ,  0.00 , 501.29 , 154.41 ,  0.00 , 139.26 ,  0.00 
501.29 ,  0.00 , 501.29 , 158.53 ,  0.00 , 152.52 ,  0.00 
417.74 ,  0.00 , 417.74 , 167.04 ,  0.00 , 174.01 ,  0.00 
417.74 ,  0.00 , 417.74 ,  0.00 ,  0.00 ,  0.00 ,  0.00 
83.55 ,  0.00 , 83.55 ,  0.00 ,  0.00 ,  0.00 ,  0.00 
 0.00 ,  0.00 ,  0.00 ,  0.00 ,  0.00 ,  0.00 ,  0.00 
 0.00 ,  0.00 ,  0.00 ,  0.00 ,  0.00 ,  0.00 ,  0.00 
 0.00 ,  0.00 ,  0.00 ,  0.00 ,  0.00 ,  0.00 ,  0.00 
 0.00 ,  0.00 ,  0.00 ,  0.00 ,  0.00 ,  0.00 ,  0.00 
83.55 ,  0.00 , 83.55 ,  0.00 ,  0.00 ,  0.00 ,  0.00 
250.64 ,  0.00 , 250.64 ,  0.00 ,  0.00 ,  0.00 ,  0.00 
835.48 ,  0.00 , 835.48 , 577.98 ,  0.00 , 1557.61 ,  0.00 
584.83 ,  0.00 , 584.83 , 355.43 ,  0.00 , 800.30 ,  0.00 
584.83 ,  0.00 , 584.83 , 294.86 ,  0.00 , 629.96 ,  0.00 
501.29 ,  0.00 , 501.29 , 218.55 ,  0.00 , 389.27 ,  0.00 
501.29 ,  0.00 , 501.29 , 163.62 ,  0.00 , 215.84 ,  0.00 
417.74 ,  0.00 , 417.74 , 137.04 ,  0.00 , 127.01 ,  0.00 
417.74 ,  0.00 , 417.74 , 121.04 ,  0.00 , 77.14 ,  0.00 
334.19 ,  0.00 , 334.19 , 115.28 ,  0.00 , 57.79 ,  0.00 
250.64 ,  0.00 , 250.64 , 113.26 ,  0.00 , 49.82 ,  0.00 
334.19 ,  0.00 , 334.19 , 114.41 ,  0.00 , 54.36 ,  0.00 
334.19 ,  0.00 , 334.19 , 124.18 ,  0.00 , 85.91 ,  0.00 
417.74 ,  0.00 , 417.74 , 128.97 ,  0.00 , 102.21 ,  0.00 
584.83 ,  0.00 , 584.83 , 124.01 ,  0.00 , 79.79 ,  0.00 
501.29 ,  0.00 , 501.29 , 123.83 ,  0.00 , 80.64 ,  0.00 
501.29 ,  0.00 , 501.29 , 125.33 ,  0.00 , 82.77 ,  0.00 
417.74 ,  0.00 , 417.74 , 127.72 ,  0.00 , 87.96 ,  0.00 
417.74 ,  0.00 , 417.74 ,  0.00 ,  0.00 ,  0.00 ,  0.00 
83.55 ,  0.00 , 83.55 ,  0.00 ,  0.00 ,  0.00 ,  0.00 
 0.00 ,  0.00 ,  0.00 ,  0.00 ,  0.00 ,  0.00 ,  0.00 
 0.00 ,  0.00 ,  0.00 ,  0.00 ,  0.00 ,  0.00 ,  0.00 
 0.00 ,  0.00 ,  0.00 ,  0.00 ,  0.00 ,  0.00 ,  0.00 
 0.00 ,  0.00 ,  0.00 ,  0.00 ,  0.00 ,  0.00 ,  0.00 
83.55 ,  0.00 , 83.55 ,  0.00 ,  0.00 ,  0.00 ,  0.00 
250.64 ,  0.00 , 250.64 ,  0.00 ,  0.00 ,  0.00 ,  0.00 
835.48 ,  0.00 , 835.48 , 519.34 ,  0.00 , 1380.36 ,  0.00 
584.83 ,  0.00 , 584.83 , 337.26 ,  0.00 , 753.14 ,  0.00 
584.83 ,  0.00 , 584.83 , 288.79 ,  0.00 , 620.27 ,  0.00 
501.29 ,  0.00 , 501.29 , 226.79 ,  0.00 , 426.63 ,  0.00 
501.29 ,  0.00 , 501.29 , 155.16 ,  0.00 , 187.12 ,  0.00 
417.74 ,  0.00 , 417.74 , 129.53 ,  0.00 , 104.36 ,  0.00 
417.74 ,  0.00 , 417.74 , 117.04 ,  0.00 , 62.98 ,  0.00 
334.19 ,  0.00 , 334.19 , 112.59 ,  0.00 , 48.47 ,  0.00 
250.64 ,  0.00 , 250.64 , 112.36 ,  0.00 , 46.28 ,  0.00 
334.19 ,  0.00 , 334.19 , 114.07 ,  0.00 , 53.00 ,  0.00 
334.19 ,  0.00 , 334.19 , 120.57 ,  0.00 , 72.05 ,  0.00 
417.74 ,  0.00 , 417.74 , 125.87 ,  0.00 , 88.80 ,  0.00 
584.83 ,  0.00 , 584.83 , 123.22 ,  0.00 , 76.83 ,  0.00 
501.29 ,  0.00 , 501.29 , 125.20 ,  0.00 , 79.09 ,  0.00 
501.29 ,  0.00 , 501.29 , 127.36 ,  0.00 , 83.36 ,  0.00 
417.74 ,  0.00 , 417.74 , 133.11 ,  0.00 , 100.21 ,  0.00 
417.74 ,  0.00 , 417.74 ,  0.00 ,  0.00 ,  0.00 ,  0.00 
83.55 ,  0.00 , 83.55 ,  0.00 ,  0.00 ,  0.00 ,  0.00 
 0.00 ,  0.00 ,  0.00 ,  0.00 ,  0.00 ,  0.00 ,  0.00 
 0.00 ,  0.00 ,  0.00 ,  0.00 ,  0.00 ,  0.00 ,  0.00 
 0.00 ,  0.00 ,  0.00 ,  0.00 ,  0.00 ,  0.00 ,  0.00 
 0.00 ,  0.00 ,  0.00 ,  0.00 ,  0.00 ,  0.00 ,  0.00 
83.55 ,  0.00 , 83.55 ,  0.00 ,  0.00 ,  0.00 ,  0.00 
250.64 ,  0.00 , 250.64 ,  0.00 ,  0.00 ,  0.00 ,  0.00 
835.48 ,  0.00 , 835.48 , 647.69 ,  0.00 , 1683.15 ,  0.00 
584.83 ,  0.00 , 584.83 , 408.73 ,  0.00 , 922.91 ,  0.00 
584.83 ,  0.00 , 584.83 , 333.30 ,  0.00 , 719.17 ,  0.00 
501.29 ,  0.00 , 501.29 , 255.71 ,  0.00 , 494.86 ,  0.00 
501.29 ,  0.00 , 501.29 , 201.59 ,  0.00 , 325.89 ,  0.00 
417.74 ,  0.00 , 417.74 , 150.62 ,  0.00 , 163.79 ,  0.00 
417.74 ,  0.00 , 417.74 , 140.80 ,  0.00 , 134.77 ,  0.00 
334.19 ,  0.00 , 334.19 , 136.49 ,  0.00 , 121.27 ,  0.00 
250.64 ,  0.00 , 250.64 , 137.04 ,  0.00 , 123.32 ,  0.00 
334.19 ,  0.00 , 334.19 , 145.59 ,  0.00 , 152.40 ,  0.00 
334.19 ,  0.00 , 334.19 , 170.20 ,  0.00 , 237.40 ,  0.00 
417.74 ,  0.00 , 417.74 , 185.68 ,  0.00 , 290.30 ,  0.00 
584.83 ,  0.00 , 584.83 , 175.18 ,  0.00 , 248.56 ,  0.00 
501.29 ,  0.00 , 501.29 , 176.77 ,  0.00 , 254.29 ,  0.00 
501.29 ,  0.00 , 501.29 , 186.52 ,  0.00 , 282.51 ,  0.00 
417.74 ,  0.00 , 417.74 , 188.18 ,  0.00 , 288.42 ,  0.00 
417.74 ,  0.00 , 417.74 ,  0.00 ,  0.00 ,  0.00 ,  0.00 
83.55 ,  0.00 , 83.55 ,  0.00 ,  0.00 ,  0.00 ,  0.00 
 0.00 ,  0.00 ,  0.00 ,  0.00 ,  0.00 ,  0.00 ,  0.00 
 0.00 ,  0.00 ,  0.00 ,  0.00 ,  0.00 ,  0.00 ,  0.00 
 0.00 ,  0.00 ,  0.00 ,  0.00 ,  0.00 ,  0.00 ,  0.00 
 0.00 ,  0.00 ,  0.00 ,  0.00 ,  0.00 ,  0.00 ,  0.00 
83.55 ,  0.00 , 83.55 ,  0.00 ,  0.00 ,  0.00 ,  0.00 
250.64 ,  0.00 , 250.64 ,  0.00 ,  0.00 ,  0.00 ,  0.00 
835.48 ,  0.00 , 835.48 , 698.24 ,  0.00 , 2068.50 ,  0.00 
584.83 ,  0.00 , 584.83 , 391.27 ,  0.00 , 1000.31 ,  0.00 
584.83 ,  0.00 , 584.83 , 353.61 ,  0.00 , 887.83 ,  0.00 
501.29 ,  0.00 , 501.29 , 280.19 ,  0.00 , 648.46 ,  0.00 
501.29 ,  0.00 , 501.29 , 182.04 ,  0.00 , 305.01 ,  0.00 
417.74 ,  0.00 , 417.74 , 140.69 ,  0.00 , 160.90 ,  0.00 
417.74 ,  0.00 , 417.74 , 129.62 ,  0.00 , 124.04 ,  0.00 
334.19 ,  0.00 , 334.19 , 121.56 ,  0.00 , 92.95 ,  0.00 
250.64 ,  0.00 , 250.64 , 118.44 ,  0.00 , 81.53 ,  0.00 
334.19 ,  0.00 , 334.19 , 123.46 ,  0.00 , 98.89 ,  0.00 
334.19 ,  0.00 , 334.19 , 142.51 ,  0.00 , 168.16 ,  0.00 
417.74 ,  0.00 , 417.74 , 156.13 ,  0.00 , 217.72 ,  0.00 
584.83 ,  0.00 , 584.83 , 142.03 ,  0.00 , 163.83 ,  0.00 
501.29 ,  0.00 , 501.29 , 148.52 ,  0.00 , 186.99 ,  0.00 
501.29 ,  0.00 , 501.29 , 147.95 ,  0.00 , 184.75 ,  0.00 
417.74 ,  0.00 , 417.74 , 152.44 ,  0.00 , 197.53 ,  0.00 
417.74 ,  0.00 , 417.74 ,  0.00 ,  0.00 ,  0.00 ,  0.00 
83.55 ,  0.00 , 83.55 ,  0.00 ,  0.00 ,  0.00 ,  0.00 
 0.00 ,  0.00 ,  0.00 ,  0.00 ,  0.00 ,  0.00 ,  0.00 
 0.00 ,  0.00 ,  0.00 ,  0.00 ,  0.00 ,  0.00 ,  0.00 
 0.00 ,  0.00 ,  0.00 ,  0.00 ,  0.00 ,  0.00 ,  0.00 
 0.00 ,  0.00 ,  0.00 ,  0.00 ,  0.00 ,  0.00 ,  0.00 
83.55 ,  0.00 , 83.55 ,  0.00 ,  0.00 ,  0.00 ,  0.00 
250.64 ,  0.00 , 250.64 ,  0.00 ,  0.00 ,  0.00 ,  0.00 
835.48 ,  0.00 , 835.48 , 572.06 ,  0.00 , 1741.14 ,  0.00 
584.83 ,  0.00 , 584.83 , 337.93 ,  0.00 , 872.86 ,  0.00 
584.83 ,  0.00 , 584.83 , 258.35 ,  0.00 , 596.17 ,  0.00 
501.29 ,  0.00 , 501.29 , 182.35 ,  0.00 , 327.11 ,  0.00 
501.29 ,  0.00 , 501.29 , 134.08 ,  0.00 , 146.89 ,  0.00 
417.74 ,  0.00 , 417.74 , 120.04 ,  0.00 , 94.92 ,  0.00 
417.74 ,  0.00 , 417.74 , 109.79 ,  0.00 , 56.64 ,  0.00 
334.19 ,  0.00 , 334.19 , 106.34 ,  0.00 , 43.07 ,  0.00 
250.64 ,  0.00 , 250.64 , 104.66 ,  0.00 , 35.78 ,  0.00 
334.19 ,  0.00 , 334.19 , 107.10 ,  0.00 , 44.01 ,  0.00 
334.19 ,  0.00 , 334.19 , 112.95 ,  0.00 , 64.92 ,  0.00 
417.74 ,  0.00 , 417.74 , 115.25 ,  0.00 , 71.82 ,  0.00 
584.83 ,  0.00 , 584.83 , 111.71 ,  0.00 , 55.52 ,  0.00 
501.29 ,  0.00 , 501.29 , 110.85 ,  0.00 , 53.13 ,  0.00 
501.29 ,  0.00 , 501.29 , 111.95 ,  0.00 , 54.98 ,  0.00 
417.74 ,  0.00 , 417.74 , 112.45 ,  0.00 , 55.86 ,  0.00 
417.74 ,  0.00 , 417.74 ,  0.00 ,  0.00 ,  0.00 ,  0.00 
83.55 ,  0.00 , 83.55 ,  0.00 ,  0.00 ,  0.00 ,  0.00 
 0.00 ,  0.00 ,  0.00 ,  0.00 ,  0.00 ,  0.00 ,  0.00 
 0.00 ,  0.00 ,  0.00 ,  0.00 ,  0.00 ,  0.00 ,  0.00 
 0.00 ,  0.00 ,  0.00 ,  0.00 ,  0.00 ,  0.00 ,  0.00 
 0.00 ,  0.00 ,  0.00 ,  0.00 ,  0.00 ,  0.00 ,  0.00 
83.55 ,  0.00 , 83.55 ,  0.00 ,  0.00 ,  0.00 ,  0.00 
250.64 ,  0.00 , 250.64 ,  0.00 ,  0.00 ,  0.00 ,  0.00 
835.48 ,  0.00 , 835.48 , 401.72 ,  0.00 , 1154.68 ,  0.00 
584.83 ,  0.00 , 584.83 , 268.61 ,  0.00 , 639.97 ,  0.00 
584.83 ,  0.00 , 584.83 , 198.04 ,  0.00 , 392.97 ,  0.00 
501.29 ,  0.00 , 501.29 , 141.68 ,  0.00 , 179.87 ,  0.00 
501.29 ,  0.00 , 501.29 , 116.97 ,  0.00 , 86.98 ,  0.00 
417.74 ,  0.00 , 417.74 , 107.58 ,  0.00 , 51.26 ,  0.00 
417.74 ,  0.00 , 417.74 , 101.86 ,  0.00 , 31.07 ,  0.00 
334.19 ,  0.00 , 334.19 , 99.20 ,  0.00 , 20.12 ,  0.00 
250.64 ,  0.00 , 250.64 , 97.62 ,  0.00 , 13.75 ,  0.00 
334.19 ,  0.00 , 334.19 , 97.80 ,  0.00 , 12.81 ,  0.00 
334.19 ,  0.00 , 334.19 , 102.66 ,  0.00 , 32.62 ,  0.00 
417.74 ,  0.00 , 417.74 , 105.85 ,  0.00 , 43.35 ,  0.00 
584.83 ,  0.00 , 584.83 , 101.04 ,  0.00 , 23.20 ,  0.00 
501.29 ,  0.00 , 501.29 , 101.83 ,  0.00 , 24.59 ,  0.00 
501.29 ,  0.00 , 501.29 , 103.98 ,  0.00 , 32.73 ,  0.00 
417.74 ,  0.00 , 417.74 , 102.75 ,  0.00 , 27.43 ,  0.00 
417.74 ,  0.00 , 417.74 ,  0.00 ,  0.00 ,  0.00 ,  0.00 
83.55 ,  0.00 , 83.55 ,  0.00 ,  0.00 ,  0.00 ,  0.00 
 0.00 ,  0.00 ,  0.00 ,  0.00 ,  0.00 ,  0.00 ,  0.00 
 0.00 ,  0.00 ,  0.00 ,  0.00 ,  0.00 ,  0.00 ,  0.00 
 0.00 ,  0.00 ,  0.00 ,  0.00 ,  0.00 ,  0.00 ,  0.00 
 0.00 ,  0.00 ,  0.00 ,  0.00 ,  0.00 ,  0.00 ,  0.00 
83.55 ,  0.00 , 83.55 ,  0.00 ,  0.00 ,  0.00 ,  0.00 
250.64 ,  0.00 , 250.64 ,  0.00 ,  0.00 ,  0.00 ,  0.00 
835.48 ,  0.00 , 835.48 , 241.05 ,  0.00 , 585.98 ,  0.00 
584.83 ,  0.00 , 584.83 , 184.98 ,  0.00 , 360.56 ,  0.00 
584.83 ,  0.00 , 584.83 , 163.48 ,  0.00 , 277.60 ,  0.00 
501.29 ,  0.00 , 501.29 , 125.36 ,  0.00 , 127.05 ,  0.00 
501.29 ,  0.00 , 501.29 , 109.83 ,  0.00 , 64.03 ,  0.00 
417.74 ,  0.00 , 417.74 , 101.82 ,  0.00 , 35.12 ,  0.00 
417.74 ,  0.00 , 417.74 , 99.90 ,  0.00 , 29.07 ,  0.00 
334.19 ,  0.00 , 334.19 , 97.75 ,  0.00 , 20.70 ,  0.00 
250.64 ,  0.00 , 250.64 , 95.89 ,  0.00 , 12.78 ,  0.00 
334.19 ,  0.00 , 334.19 , 95.48 ,  0.00 , 10.03 ,  0.00 
334.19 ,  0.00 , 334.19 , 96.67 ,  0.00 , 12.37 ,  0.00 
417.74 ,  0.00 , 417.74 , 97.26 ,  0.00 , 13.43 ,  0.00 
584.83 ,  0.00 , 584.83 , 96.14 ,  0.00 ,  7.37 ,  0.00 
501.29 ,  0.00 , 501.29 , 94.90 ,  0.00 ,  0.11 ,  0.00 
501.29 ,  0.00 , 501.29 ,  0.00 ,  0.00 ,  0.00 ,  0.00 
417.74 ,  0.00 , 417.74 ,  0.00 ,  0.00 ,  0.00 ,  0.00 
417.74 ,  0.00 , 417.74 ,  0.00 ,  0.00 ,  0.00 ,  0.00 
83.55 ,  0.00 , 83.55 ,  0.00 ,  0.00 ,  0.00 ,  0.00 
 0.00 ,  0.00 ,  0.00 ,  0.00 ,  0.00 ,  0.00 ,  0.00 
 0.00 ,  0.00 ,  0.00 ,  0.00 ,  0.00 ,  0.00 ,  0.00 
 0.00 ,  0.00 ,  0.00 ,  0.00 ,  0.00 ,  0.00 ,  0.00 
 0.00 ,  0.00 ,  0.00 ,  0.00 ,  0.00 ,  0.00 ,  0.00 
83.55 ,  0.00 , 83.55 ,  0.00 ,  0.00 ,  0.00 ,  0.00 
250.64 ,  0.00 , 250.64 ,  0.00 ,  0.00 ,  0.00 ,  0.00 
835.48 ,  0.00 , 835.48 , 182.86 ,  0.00 , 327.60 ,  0.00 
584.83 ,  0.00 , 584.83 , 154.47 ,  0.00 , 215.92 ,  0.00 
584.83 ,  0.00 , 584.83 , 127.44 ,  0.00 , 116.54 ,  0.00 
501.29 ,  0.00 , 501.29 , 110.98 ,  0.00 , 58.25 ,  0.00 
501.29 ,  0.00 , 501.29 , 101.12 ,  0.00 , 21.51 ,  0.00 
417.74 ,  0.00 , 417.74 , 95.88 ,  0.00 ,  4.73 ,  0.00 
417.74 ,  0.00 , 417.74 ,  0.00 ,  0.00 ,  0.00 ,  0.00 
334.19 ,  0.00 , 334.19 ,  0.00 ,  0.00 ,  0.00 ,  0.00 
250.64 ,  0.00 , 250.64 ,  0.00 ,  0.00 ,  0.00 ,  0.00 
334.19 ,  0.00 , 334.19 ,  0.00 ,  0.00 ,  0.00 ,  0.00 
334.19 ,  0.00 , 334.19 ,  0.00 ,  0.00 ,  0.00 ,  0.00 
417.74 ,  0.00 , 417.74 ,  0.00 ,  0.00 ,  0.00 ,  0.00 
584.83 ,  0.00 , 584.83 ,  0.00 ,  0.00 ,  0.00 ,  0.00 
501.29 ,  0.00 , 501.29 ,  0.00 ,  0.00 ,  0.00 ,  0.00 
501.29 ,  0.00 , 501.29 ,  0.00 ,  0.00 ,  0.00 ,  0.00 
417.74 ,  0.00 , 417.74 ,  0.00 ,  0.00 ,  0.00 ,  0.00 
417.74 ,  0.00 , 417.74 ,  0.00 ,  0.00 ,  0.00 ,  0.00 
83.55 ,  0.00 , 83.55 ,  0.00 ,  0.00 ,  0.00 ,  0.00 
 0.00 ,  0.00 ,  0.00 ,  0.00 ,  0.00 ,  0.00 ,  0.00 
 0.00 ,  0.00 ,  0.00 ,  0.00 ,  0.00 ,  0.00 ,  0.00 
 0.00 ,  0.00 ,  0.00 ,  0.00 ,  0.00 ,  0.00 ,  0.00 
 0.00 ,  0.00 ,  0.00 ,  0.00 ,  0.00 ,  0.00 ,  0.00 
83.55 ,  0.00 , 83.55 ,  0.00 ,  0.00 ,  0.00 ,  0.00 
250.64 ,  0.00 , 250.64 ,  0.00 ,  0.00 ,  0.00 ,  0.00 
835.48 ,  0.00 , 835.48 , 123.70 ,  0.00 , 110.24 ,  0.00 
584.83 ,  0.00 , 584.83 , 116.51 ,  0.00 , 82.35 ,  0.00 
584.83 ,  0.00 , 584.83 , 105.84 ,  0.00 , 42.51 ,  0.00 
501.29 ,  0.00 , 501.29 , 96.01 ,  0.00 ,  8.05 ,  0.00 
501.29 ,  0.00 , 501.29 ,  0.00 ,  0.00 ,  0.00 ,  0.00 
417.74 ,  0.00 , 417.74 ,  0.00 ,  0.00 ,  0.00 ,  0.00 
417.74 ,  0.00 , 417.74 ,  0.00 ,  0.00 ,  0.00 ,  0.00 
334.19 ,  0.00 , 334.19 ,  0.00 ,  0.00 ,  0.00 ,  0.00 
250.64 ,  0.00 , 250.64 ,  0.00 ,  0.00 ,  0.00 ,  0.00 
334.19 ,  0.00 , 334.19 ,  0.00 ,  0.00 ,  0.00 ,  0.00 
334.19 ,  0.00 , 334.19 ,  0.00 ,  0.00 ,  0.00 ,  0.00 
417.74 ,  0.00 , 417.74 ,  0.00 ,  0.00 ,  0.00 ,  0.00 
584.83 ,  0.00 , 584.83 ,  0.00 ,  0.00 ,  0.00 ,  0.00 
501.29 ,  0.00 , 501.29 ,  0.00 ,  0.00 ,  0.00 ,  0.00 
501.29 ,  0.00 , 501.29 ,  0.00 ,  0.00 ,  0.00 ,  0.00 
417.74 ,  0.00 , 417.74 ,  0.00 ,  0.00 ,  0.00 ,  0.00 
417.74 ,  0.00 , 417.74 ,  0.00 ,  0.00 ,  0.00 ,  0.00 
83.55 ,  0.00 , 83.55 ,  0.00 ,  0.00 ,  0.00 ,  0.00 
 0.00 ,  0.00 ,  0.00 ,  0.00 ,  0.00 ,  0.00 ,  0.00 
 0.00 ,  0.00 ,  0.00 ,  0.00 ,  0.00 ,  0.00 ,  0.00 
 0.00 ,  0.00 ,  0.00 ,  0.00 ,  0.00 ,  0.00 ,  0.00 
 0.00 ,  0.00 ,  0.00 ,  0.00 ,  0.00 ,  0.00 ,  0.00 
83.55 ,  0.00 , 83.55 ,  0.00 ,  0.00 ,  0.00 ,  0.00 
250.64 ,  0.00 , 250.64 ,  0.00 ,  0.00 ,  0.00 ,  0.00 
835.48 ,  0.00 , 835.48 ,  0.00 ,  0.00 ,  0.00 ,  0.00 
584.83 ,  0.00 , 584.83 ,  0.00 ,  0.00 ,  0.00 ,  0.00 
584.83 ,  0.00 , 584.83 ,  0.00 ,  0.00 ,  0.00 ,  0.00 
501.29 ,  0.00 , 501.29 ,  0.00 ,  0.00 ,  0.00 ,  0.00 
501.29 ,  0.00 , 501.29 ,  0.00 ,  0.00 ,  0.00 ,  0.00 
417.74 ,  0.00 , 417.74 ,  0.00 ,  0.00 ,  0.00 ,  0.00 
417.74 ,  0.00 , 417.74 ,  0.00 ,  0.00 ,  0.00 ,  0.00 
334.19 ,  0.00 , 334.19 ,  0.00 ,  0.00 ,  0.00 ,  0.00 
250.64 ,  0.00 , 250.64 ,  0.00 ,  0.00 ,  0.00 ,  0.00 
334.19 ,  0.00 , 334.19 ,  0.00 ,  0.00 ,  0.00 ,  0.00 
334.19 ,  0.00 , 334.19 ,  0.00 ,  0.00 ,  0.00 ,  0.00 
417.74 ,  0.00 , 417.74 ,  0.00 ,  0.00 ,  0.00 ,  0.00 
584.83 ,  0.00 , 584.83 ,  0.00 ,  0.00 ,  0.00 ,  0.00 
501.29 ,  0.00 , 501.29 ,  0.00 ,  0.00 ,  0.00 ,  0.00 
501.29 ,  0.00 , 501.29 ,  0.00 ,  0.00 ,  0.00 ,  0.00 
417.74 ,  0.00 , 417.74 ,  0.00 ,  0.00 ,  0.00 ,  0.00 
417.74 ,  0.00 , 417.74 ,  0.00 ,  0.00 ,  0.00 ,  0.00 
83.55 ,  0.00 , 83.55 ,  0.00 ,  0.00 ,  0.00 ,  0.00 
 0.00 ,  0.00 ,  0.00 ,  0.00 ,  0.00 ,  0.00 ,  0.00 
 0.00 ,  0.00 ,  0.00 ,  0.00 ,  0.00 ,  0.00 ,  0.00 
 0.00 ,  0.00 ,  0.00 ,  0.00 ,  0.00 ,  0.00 ,  0.00 
 0.00 ,  0.00 ,  0.00 ,  0.00 ,  0.00 ,  0.00 ,  0.00 
83.55 ,  0.00 , 83.55 ,  0.00 ,  0.00 ,  0.00 ,  0.00 
250.64 ,  0.00 , 250.64 ,  0.00 ,  0.00 ,  0.00 ,  0.00 
835.48 ,  0.00 , 835.48 ,  0.00 ,  0.00 ,  0.00 ,  0.00 
584.83 ,  0.00 , 584.83 ,  0.00 ,  0.00 ,  0.00 ,  0.00 
584.83 ,  0.00 , 584.83 ,  0.00 ,  0.00 ,  0.00 ,  0.00 
501.29 ,  0.00 , 501.29 ,  0.00 ,  0.00 ,  0.00 ,  0.00 
501.29 ,  0.00 , 501.29 ,  0.00 ,  0.00 ,  0.00 ,  0.00 
417.74 ,  0.00 , 417.74 ,  0.00 ,  0.00 ,  0.00 ,  0.00 
417.74 ,  0.00 , 417.74 ,  0.00 ,  0.00 ,  0.00 ,  0.00 
334.19 ,  0.00 , 334.19 ,  0.00 ,  0.00 ,  0.00 ,  0.00 
250.64 ,  0.00 , 250.64 ,  0.00 ,  0.00 ,  0.00 ,  0.00 
334.19 ,  0.00 , 334.19 ,  0.00 ,  0.00 ,  0.00 ,  0.00 
334.19 ,  0.00 , 334.19 ,  0.00 ,  0.00 ,  0.00 ,  0.00 
417.74 ,  0.00 , 417.74 ,  0.00 ,  0.00 ,  0.00 ,  0.00 
584.83 ,  0.00 , 584.83 ,  0.00 ,  0.00 ,  0.00 ,  0.00 
501.29 ,  0.00 , 501.29 ,  0.00 ,  0.00 ,  0.00 ,  0.00 
501.29 ,  0.00 , 501.29 ,  0.00 ,  0.00 ,  0.00 ,  0.00 
417.74 ,  0.00 , 417.74 ,  0.00 ,  0.00 ,  0.00 ,  0.00 
417.74 ,  0.00 , 417.74 ,  0.00 ,  0.00 ,  0.00 ,  0.00 
83.55 ,  0.00 , 83.55 ,  0.00 ,  0.00 ,  0.00 ,  0.00 
 0.00 ,  0.00 ,  0.00 ,  0.00 ,  0.00 ,  0.00 ,  0.00 
 0.00 ,  0.00 ,  0.00 ,  0.00 ,  0.00 ,  0.00 ,  0.00 
 0.00 ,  0.00 ,  0.00 ,  0.00 ,  0.00 ,  0.00 ,  0.00 
 0.00 ,  0.00 ,  0.00 ,  0.00 ,  0.00 ,  0.00 ,  0.00 
83.55 ,  0.00 , 83.55 ,  0.00 ,  0.00 ,  0.00 ,  0.00 
250.64 ,  0.00 , 250.64 ,  0.00 ,  0.00 ,  0.00 ,  0.00 
835.48 ,  0.00 , 835.48 , 166.63 ,  0.00 , 218.27 ,  0.00 
584.83 ,  0.00 , 584.83 , 158.04 ,  0.00 , 187.40 ,  0.00 
584.83 ,  0.00 , 584.83 , 139.50 ,  0.00 , 135.57 ,  0.00 
501.29 ,  0.00 , 501.29 , 117.08 ,  0.00 , 62.63 ,  0.00 
501.29 ,  0.00 , 501.29 , 108.41 ,  0.00 , 34.14 ,  0.00 
417.74 ,  0.00 , 417.74 , 100.92 ,  0.00 ,  8.72 ,  0.00 
417.74 ,  0.00 , 417.74 ,  0.00 ,  0.00 ,  0.00 ,  0.00 
334.19 ,  0.00 , 334.19 ,  0.00 ,  0.00 ,  0.00 ,  0.00 
250.64 ,  0.00 , 250.64 ,  0.00 ,  0.00 ,  0.00 ,  0.00 
334.19 ,  0.00 , 334.19 ,  0.00 ,  0.00 ,  0.00 ,  0.00 
334.19 ,  0.00 , 334.19 ,  0.00 ,  0.00 ,  0.00 ,  0.00 
417.74 ,  0.00 , 417.74 ,  0.00 ,  0.00 ,  0.00 ,  0.00 
584.83 ,  0.00 , 584.83 ,  0.00 ,  0.00 ,  0.00 ,  0.00 
501.29 ,  0.00 , 501.29 ,  0.00 ,  0.00 ,  0.00 ,  0.00 
501.29 ,  0.00 , 501.29 ,  0.00 ,  0.00 ,  0.00 ,  0.00 
417.74 ,  0.00 , 417.74 ,  0.00 ,  0.00 ,  0.00 ,  0.00 
417.74 ,  0.00 , 417.74 ,  0.00 ,  0.00 ,  0.00 ,  0.00 
83.55 ,  0.00 , 83.55 ,  0.00 ,  0.00 ,  0.00 ,  0.00 
 0.00 ,  0.00 ,  0.00 ,  0.00 ,  0.00 ,  0.00 ,  0.00 
 0.00 ,  0.00 ,  0.00 ,  0.00 ,  0.00 ,  0.00 ,  0.00 
 0.00 ,  0.00 ,  0.00 ,  0.00 ,  0.00 ,  0.00 ,  0.00 
 0.00 ,  0.00 ,  0.00 ,  0.00 ,  0.00 ,  0.00 ,  0.00 
83.55 ,  0.00 , 83.55 ,  0.00 ,  0.00 ,  0.00 ,  0.00 
250.64 ,  0.00 , 250.64 ,  0.00 ,  0.00 ,  0.00 ,  0.00 
835.48 ,  0.00 , 835.48 , 276.71 ,  0.00 , 593.92 ,  0.00 
584.83 ,  0.00 , 584.83 , 217.42 ,  0.00 , 395.76 ,  0.00 
584.83 ,  0.00 , 584.83 , 174.31 ,  0.00 , 259.22 ,  0.00 
501.29 ,  0.00 , 501.29 , 126.26 ,  0.00 , 99.33 ,  0.00 
501.29 ,  0.00 , 501.29 , 111.33 ,  0.00 , 50.38 ,  0.00 
417.74 ,  0.00 , 417.74 , 100.64 ,  0.00 , 12.15 ,  0.00 
417.74 ,  0.00 , 417.74 ,  0.00 ,  0.00 ,  0.00 ,  0.00 
334.19 ,  0.00 , 334.19 ,  0.00 ,  0.00 ,  0.00 ,  0.00 
250.64 ,  0.00 , 250.64 ,  0.00 ,  0.00 ,  0.00 ,  0.00 
334.19 ,  0.00 , 334.19 ,  0.00 ,  0.00 ,  0.00 ,  0.00 
334.19 ,  0.00 , 334.19 ,  0.00 ,  0.00 ,  0.00 ,  0.00 
417.74 ,  0.00 , 417.74 ,  0.00 ,  0.00 ,  0.00 ,  0.00 
584.83 ,  0.00 , 584.83 ,  0.00 ,  0.00 ,  0.00 ,  0.00 
501.29 ,  0.00 , 501.29 ,  0.00 ,  0.00 ,  0.00 ,  0.00 
501.29 ,  0.00 , 501.29 ,  0.00 ,  0.00 ,  0.00 ,  0.00 
417.74 ,  0.00 , 417.74 ,  0.00 ,  0.00 ,  0.00 ,  0.00 
417.74 ,  0.00 , 417.74 ,  0.00 ,  0.00 ,  0.00 ,  0.00 
83.55 ,  0.00 , 83.55 ,  0.00 ,  0.00 ,  0.00 ,  0.00 
 0.00 ,  0.00 ,  0.00 ,  0.00 ,  0.00 ,  0.00 ,  0.00 
 0.00 ,  0.00 ,  0.00 ,  0.00 ,  0.00 ,  0.00 ,  0.00 
 0.00 ,  0.00 ,  0.00 ,  0.00 ,  0.00 ,  0.00 ,  0.00 
 0.00 ,  0.00 ,  0.00 ,  0.00 ,  0.00 ,  0.00 ,  0.00 
83.55 ,  0.00 , 83.55 ,  0.00 ,  0.00 ,  0.00 ,  0.00 
250.64 ,  0.00 , 250.64 ,  0.00 ,  0.00 ,  0.00 ,  0.00 
835.48 ,  0.00 , 835.48 , 179.49 ,  0.00 , 325.82 ,  0.00 
584.83 ,  0.00 , 584.83 , 147.31 ,  0.00 , 200.34 ,  0.00 
584.83 ,  0.00 , 584.83 , 120.54 ,  0.00 , 101.63 ,  0.00 
501.29 ,  0.00 , 501.29 , 104.82 ,  0.00 , 42.65 ,  0.00 
501.29 ,  0.00 , 501.29 , 95.72 ,  0.00 ,  7.81 ,  0.00 
417.74 ,  0.00 , 417.74 ,  0.00 ,  0.00 ,  0.00 ,  0.00 
417.74 ,  0.00 , 417.74 ,  0.00 ,  0.00 ,  0.00 ,  0.00 
334.19 ,  0.00 , 334.19 ,  0.00 ,  0.00 ,  0.00 ,  0.00 
250.64 ,  0.00 , 250.64 ,  0.00 ,  0.00 ,  0.00 ,  0.00 
334.19 ,  0.00 , 334.19 ,  0.00 ,  0.00 ,  0.00 ,  0.00 
334.19 ,  0.00 , 334.19 ,  0.00 ,  0.00 ,  0.00 ,  0.00 
417.74 ,  0.00 , 417.74 ,  0.00 ,  0.00 ,  0.00 ,  0.00 
584.83 ,  0.00 , 584.83 ,  0.00 ,  0.00 ,  0.00 ,  0.00 
501.29 ,  0.00 , 501.29 ,  0.00 ,  0.00 ,  0.00 ,  0.00 
501.29 ,  0.00 , 501.29 ,  0.00 ,  0.00 ,  0.00 ,  0.00 
417.74 ,  0.00 , 417.74 ,  0.00 ,  0.00 ,  0.00 ,  0.00 
417.74 ,  0.00 , 417.74 ,  0.00 ,  0.00 ,  0.00 ,  0.00 
83.55 ,  0.00 , 83.55 ,  0.00 ,  0.00 ,  0.00 ,  0.00 
 0.00 ,  0.00 ,  0.00 ,  0.00 ,  0.00 ,  0.00 ,  0.00 
 0.00 ,  0.00 ,  0.00 ,  0.00 ,  0.00 ,  0.00 ,  0.00 
 0.00 ,  0.00 ,  0.00 ,  0.00 ,  0.00 ,  0.00 ,  0.00 
 0.00 ,  0.00 ,  0.00 ,  0.00 ,  0.00 ,  0.00 ,  0.00 
83.55 ,  0.00 , 83.55 ,  0.00 ,  0.00 ,  0.00 ,  0.00 
250.64 ,  0.00 , 250.64 ,  0.00 ,  0.00 ,  0.00 ,  0.00 
835.48 ,  0.00 , 835.48 , 113.10 ,  0.00 , 55.02 ,  0.00 
584.83 ,  0.00 , 584.83 , 109.45 ,  0.00 , 41.47 ,  0.00 
584.83 ,  0.00 , 584.83 , 105.60 ,  0.00 , 31.74 ,  0.00 
501.29 ,  0.00 , 501.29 , 101.35 ,  0.00 , 24.32 ,  0.00 
501.29 ,  0.00 , 501.29 , 96.29 ,  0.00 ,  7.32 ,  0.00 
417.74 ,  0.00 , 417.74 ,  0.00 ,  0.00 ,  0.00 ,  0.00 
417.74 ,  0.00 , 417.74 ,  0.00 ,  0.00 ,  0.00 ,  0.00 
334.19 ,  0.00 , 334.19 ,  0.00 ,  0.00 ,  0.00 ,  0.00 
250.64 ,  0.00 , 250.64 ,  0.00 ,  0.00 ,  0.00 ,  0.00 
334.19 ,  0.00 , 334.19 ,  0.00 ,  0.00 ,  0.00 ,  0.00 
334.19 ,  0.00 , 334.19 ,  0.00 ,  0.00 ,  0.00 ,  0.00 
417.74 ,  0.00 , 417.74 ,  0.00 ,  0.00 ,  0.00 ,  0.00 
584.83 ,  0.00 , 584.83 ,  0.00 ,  0.00 ,  0.00 ,  0.00 
501.29 ,  0.00 , 501.29 ,  0.00 ,  0.00 ,  0.00 ,  0.00 
501.29 ,  0.00 , 501.29 ,  0.00 ,  0.00 ,  0.00 ,  0.00 
417.74 ,  0.00 , 417.74 ,  0.00 ,  0.00 ,  0.00 ,  0.00 
417.74 ,  0.00 , 417.74 ,  0.00 ,  0.00 ,  0.00 ,  0.00 
83.55 ,  0.00 , 83.55 ,  0.00 ,  0.00 ,  0.00 ,  0.00 
 0.00 ,  0.00 ,  0.00 ,  0.00 ,  0.00 ,  0.00 ,  0.00 
 0.00 ,  0.00 ,  0.00 ,  0.00 ,  0.00 ,  0.00 ,  0.00 
 0.00 ,  0.00 ,  0.00 ,  0.00 ,  0.00 ,  0.00 ,  0.00 
 0.00 ,  0.00 ,  0.00 ,  0.00 ,  0.00 ,  0.00 ,  0.00 
83.55 ,  0.00 , 83.55 ,  0.00 ,  0.00 ,  0.00 ,  0.00 
250.64 ,  0.00 , 250.64 ,  0.00 ,  0.00 ,  0.00 ,  0.00 
835.48 ,  0.00 , 835.48 , 114.05 ,  0.00 , 42.32 ,  0.00 
584.83 ,  0.00 , 584.83 , 114.37 ,  0.00 , 46.51 ,  0.00 
584.83 ,  0.00 , 584.83 , 106.32 ,  0.00 , 25.82 ,  0.00 
501.29 ,  0.00 , 501.29 , 101.05 ,  0.00 , 13.32 ,  0.00 
501.29 ,  0.00 , 501.29 ,  0.00 ,  0.00 ,  0.00 ,  0.00 
417.74 ,  0.00 , 417.74 ,  0.00 ,  0.00 ,  0.00 ,  0.00 
417.74 ,  0.00 , 417.74 ,  0.00 ,  0.00 ,  0.00 ,  0.00 
334.19 ,  0.00 , 334.19 ,  0.00 ,  0.00 ,  0.00 ,  0.00 
250.64 ,  0.00 , 250.64 ,  0.00 ,  0.00 ,  0.00 ,  0.00 
334.19 ,  0.00 , 334.19 ,  0.00 ,  0.00 ,  0.00 ,  0.00 
334.19 ,  0.00 , 334.19 ,  0.00 ,  0.00 ,  0.00 ,  0.00 
417.74 ,  0.00 , 417.74 ,  0.00 ,  0.00 ,  0.00 ,  0.00 
584.83 ,  0.00 , 584.83 ,  0.00 ,  0.00 ,  0.00 ,  0.00 
501.29 ,  0.00 , 501.29 ,  0.00 ,  0.00 ,  0.00 ,  0.00 
501.29 ,  0.00 , 501.29 ,  0.00 ,  0.00 ,  0.00 ,  0.00 
417.74 ,  0.00 , 417.74 ,  0.00 ,  0.00 ,  0.00 ,  0.00 
417.74 ,  0.00 , 417.74 ,  0.00 ,  0.00 ,  0.00 ,  0.00 
83.55 ,  0.00 , 83.55 ,  0.00 ,  0.00 ,  0.00 ,  0.00 
 0.00 ,  0.00 ,  0.00 ,  0.00 ,  0.00 ,  0.00 ,  0.00 
 0.00 ,  0.00 ,  0.00 ,  0.00 ,  0.00 ,  0.00 ,  0.00 
 0.00 ,  0.00 ,  0.00 ,  0.00 ,  0.00 ,  0.00 ,  0.00 
 0.00 ,  0.00 ,  0.00 ,  0.00 ,  0.00 ,  0.00 ,  0.00 
83.55 ,  0.00 , 83.55 ,  0.00 ,  0.00 ,  0.00 ,  0.00 
250.64 ,  0.00 , 250.64 ,  0.00 ,  0.00 ,  0.00 ,  0.00 
835.48 ,  0.00 , 835.48 , 111.61 ,  0.00 , 38.51 ,  0.00 
584.83 ,  0.00 , 584.83 , 110.94 ,  0.00 , 39.95 ,  0.00 
584.83 ,  0.00 , 584.83 , 104.99 ,  0.00 , 23.72 ,  0.00 
501.29 ,  0.00 , 501.29 , 99.23 ,  0.00 , 10.43 ,  0.00 
501.29 ,  0.00 , 501.29 ,  0.00 ,  0.00 ,  0.00 ,  0.00 
417.74 ,  0.00 , 417.74 ,  0.00 ,  0.00 ,  0.00 ,  0.00 
417.74 ,  0.00 , 417.74 ,  0.00 ,  0.00 ,  0.00 ,  0.00 
334.19 ,  0.00 , 334.19 ,  0.00 ,  0.00 ,  0.00 ,  0.00 
250.64 ,  0.00 , 250.64 ,  0.00 ,  0.00 ,  0.00 ,  0.00 
334.19 ,  0.00 , 334.19 ,  0.00 ,  0.00 ,  0.00 ,  0.00 
334.19 ,  0.00 , 334.19 ,  0.00 ,  0.00 ,  0.00 ,  0.00 
417.74 ,  0.00 , 417.74 ,  0.00 ,  0.00 ,  0.00 ,  0.00 
584.83 ,  0.00 , 584.83 ,  0.00 ,  0.00 ,  0.00 ,  0.00 
501.29 ,  0.00 , 501.29 ,  0.00 ,  0.00 ,  0.00 ,  0.00 
501.29 ,  0.00 , 501.29 ,  0.00 ,  0.00 ,  0.00 ,  0.00 
417.74 ,  0.00 , 417.74 ,  0.00 ,  0.00 ,  0.00 ,  0.00 
417.74 ,  0.00 , 417.74 ,  0.00 ,  0.00 ,  0.00 ,  0.00 
83.55 ,  0.00 , 83.55 ,  0.00 ,  0.00 ,  0.00 ,  0.00 
 0.00 ,  0.00 ,  0.00 ,  0.00 ,  0.00 ,  0.00 ,  0.00 
 0.00 ,  0.00 ,  0.00 ,  0.00 ,  0.00 ,  0.00 ,  0.00 
 0.00 ,  0.00 ,  0.00 ,  0.00 ,  0.00 ,  0.00 ,  0.00 
 0.00 ,  0.00 ,  0.00 ,  0.00 ,  0.00 ,  0.00 ,  0.00 
83.55 ,  0.00 , 83.55 ,  0.00 ,  0.00 ,  0.00 ,  0.00 
250.64 ,  0.00 , 250.64 ,  0.00 ,  0.00 ,  0.00 ,  0.00 
835.48 ,  0.00 , 835.48 , 103.74 ,  0.00 , 11.81 ,  0.00 
584.83 ,  0.00 , 584.83 , 103.70 ,  0.00 , 13.75 ,  0.00 
584.83 ,  0.00 , 584.83 , 100.10 ,  0.00 ,  7.95 ,  0.00 
501.29 ,  0.00 , 501.29 ,  0.00 ,  0.00 ,  0.00 ,  0.00 
501.29 ,  0.00 , 501.29 ,  0.00 ,  0.00 ,  0.00 ,  0.00 
417.74 ,  0.00 , 417.74 ,  0.00 ,  0.00 ,  0.00 ,  0.00 
417.74 ,  0.00 , 417.74 ,  0.00 ,  0.00 ,  0.00 ,  0.00 
334.19 ,  0.00 , 334.19 ,  0.00 ,  0.00 ,  0.00 ,  0.00 
250.64 ,  0.00 , 250.64 ,  0.00 ,  0.00 ,  0.00 ,  0.00 
334.19 ,  0.00 , 334.19 ,  0.00 ,  0.00 ,  0.00 ,  0.00 
334.19 ,  0.00 , 334.19 ,  0.00 ,  0.00 ,  0.00 ,  0.00 
417.74 ,  0.00 , 417.74 ,  0.00 ,  0.00 ,  0.00 ,  0.00 
584.83 ,  0.00 , 584.83 ,  0.00 ,  0.00 ,  0.00 ,  0.00 
501.29 ,  0.00 , 501.29 ,  0.00 ,  0.00 ,  0.00 ,  0.00 
501.29 ,  0.00 , 501.29 ,  0.00 ,  0.00 ,  0.00 ,  0.00 
417.74 ,  0.00 , 417.74 ,  0.00 ,  0.00 ,  0.00 ,  0.00 
417.74 ,  0.00 , 417.74 ,  0.00 ,  0.00 ,  0.00 ,  0.00 
83.55 ,  0.00 , 83.55 ,  0.00 ,  0.00 ,  0.00 ,  0.00 
 0.00 ,  0.00 ,  0.00 ,  0.00 ,  0.00 ,  0.00 ,  0.00 
 0.00 ,  0.00 ,  0.00 ,  0.00 ,  0.00 ,  0.00 ,  0.00 
 0.00 ,  0.00 ,  0.00 ,  0.00 ,  0.00 ,  0.00 ,  0.00 
 0.00 ,  0.00 ,  0.00 ,  0.00 ,  0.00 ,  0.00 ,  0.00 
83.55 ,  0.00 , 83.55 ,  0.00 ,  0.00 ,  0.00 ,  0.00 
250.64 ,  0.00 , 250.64 ,  0.00 ,  0.00 ,  0.00 ,  0.00 
835.48 ,  0.00 , 835.48 ,  0.00 ,  0.00 ,  0.00 ,  0.00 
584.83 ,  0.00 , 584.83 ,  0.00 ,  0.00 ,  0.00 ,  0.00 
584.83 ,  0.00 , 584.83 ,  0.00 ,  0.00 ,  0.00 ,  0.00 
501.29 ,  0.00 , 501.29 ,  0.00 ,  0.00 ,  0.00 ,  0.00 
501.29 ,  0.00 , 501.29 ,  0.00 ,  0.00 ,  0.00 ,  0.00 
417.74 ,  0.00 , 417.74 ,  0.00 ,  0.00 ,  0.00 ,  0.00 
417.74 ,  0.00 , 417.74 ,  0.00 ,  0.00 ,  0.00 ,  0.00 
334.19 ,  0.00 , 334.19 ,  0.00 ,  0.00 ,  0.00 ,  0.00 
250.64 ,  0.00 , 250.64 ,  0.00 ,  0.00 ,  0.00 ,  0.00 
334.19 ,  0.00 , 334.19 ,  0.00 ,  0.00 ,  0.00 ,  0.00 
334.19 ,  0.00 , 334.19 ,  0.00 ,  0.00 ,  0.00 ,  0.00 
417.74 ,  0.00 , 417.74 ,  0.00 ,  0.00 ,  0.00 ,  0.00 
584.83 ,  0.00 , 584.83 ,  0.00 ,  0.00 ,  0.00 ,  0.00 
501.29 ,  0.00 , 501.29 ,  0.00 ,  0.00 ,  0.00 ,  0.00 
501.29 ,  0.00 , 501.29 ,  0.00 ,  0.00 ,  0.00 ,  0.00 
417.74 ,  0.00 , 417.74 ,  0.00 ,  0.00 ,  0.00 ,  0.00 
417.74 ,  0.00 , 417.74 ,  0.00 ,  0.00 ,  0.00 ,  0.00 
83.55 ,  0.00 , 83.55 ,  0.00 ,  0.00 ,  0.00 ,  0.00 
 0.00 ,  0.00 ,  0.00 ,  0.00 ,  0.00 ,  0.00 ,  0.00 
 0.00 ,  0.00 ,  0.00 ,  0.00 ,  0.00 ,  0.00 ,  0.00 
 0.00 ,  0.00 ,  0.00 ,  0.00 ,  0.00 ,  0.00 ,  0.00 
 0.00 ,  0.00 ,  0.00 ,  0.00 ,  0.00 ,  0.00 ,  0.00 
83.55 ,  0.00 , 83.55 ,  0.00 ,  0.00 ,  0.00 ,  0.00 
250.64 ,  0.00 , 250.64 ,  0.00 ,  0.00 ,  0.00 ,  0.00 
835.48 ,  0.00 , 835.48 ,  0.00 ,  0.00 ,  0.00 ,  0.00 
584.83 ,  0.00 , 584.83 ,  0.00 ,  0.00 ,  0.00 ,  0.00 
584.83 ,  0.00 , 584.83 ,  0.00 ,  0.00 ,  0.00 ,  0.00 
501.29 ,  0.00 , 501.29 ,  0.00 ,  0.00 ,  0.00 ,  0.00 
501.29 ,  0.00 , 501.29 ,  0.00 ,  0.00 ,  0.00 ,  0.00 
417.74 ,  0.00 , 417.74 ,  0.00 ,  0.00 ,  0.00 ,  0.00 
417.74 ,  0.00 , 417.74 ,  0.00 ,  0.00 ,  0.00 ,  0.00 
334.19 ,  0.00 , 334.19 ,  0.00 ,  0.00 ,  0.00 ,  0.00 
250.64 ,  0.00 , 250.64 ,  0.00 ,  0.00 ,  0.00 ,  0.00 
334.19 ,  0.00 , 334.19 ,  0.00 ,  0.00 ,  0.00 ,  0.00 
334.19 ,  0.00 , 334.19 ,  0.00 ,  0.00 ,  0.00 ,  0.00 
417.74 ,  0.00 , 417.74 ,  0.00 ,  0.00 ,  0.00 ,  0.00 
584.83 ,  0.00 , 584.83 ,  0.00 ,  0.00 ,  0.00 ,  0.00 
501.29 ,  0.00 , 501.29 ,  0.00 ,  0.00 ,  0.00 ,  0.00 
501.29 ,  0.00 , 501.29 ,  0.00 ,  0.00 ,  0.00 ,  0.00 
417.74 ,  0.00 , 417.74 ,  0.00 ,  0.00 ,  0.00 ,  0.00 
417.74 ,  0.00 , 417.74 ,  0.00 ,  0.00 ,  0.00 ,  0.00 
83.55 ,  0.00 , 83.55 ,  0.00 ,  0.00 ,  0.00 ,  0.00 
 0.00 ,  0.00 ,  0.00 ,  0.00 ,  0.00 ,  0.00 ,  0.00 
 0.00 ,  0.00 ,  0.00 ,  0.00 ,  0.00 ,  0.00 ,  0.00 
 0.00 ,  0.00 ,  0.00 ,  0.00 ,  0.00 ,  0.00 ,  0.00 
 0.00 ,  0.00 ,  0.00 ,  0.00 ,  0.00 ,  0.00 ,  0.00 
83.55 ,  0.00 , 83.55 ,  0.00 ,  0.00 ,  0.00 ,  0.00 
250.64 ,  0.00 , 250.64 ,  0.00 ,  0.00 ,  0.00 ,  0.00 
835.48 ,  0.00 , 835.48 ,  0.00 ,  0.00 ,  0.00 ,  0.00 
584.83 ,  0.00 , 584.83 ,  0.00 ,  0.00 ,  0.00 ,  0.00 
584.83 ,  0.00 , 584.83 ,  0.00 ,  0.00 ,  0.00 ,  0.00 
501.29 ,  0.00 , 501.29 ,  0.00 ,  0.00 ,  0.00 ,  0.00 
501.29 ,  0.00 , 501.29 ,  0.00 ,  0.00 ,  0.00 ,  0.00 
417.74 ,  0.00 , 417.74 ,  0.00 ,  0.00 ,  0.00 ,  0.00 
417.74 ,  0.00 , 417.74 ,  0.00 ,  0.00 ,  0.00 ,  0.00 
334.19 ,  0.00 , 334.19 ,  0.00 ,  0.00 ,  0.00 ,  0.00 
250.64 ,  0.00 , 250.64 ,  0.00 ,  0.00 ,  0.00 ,  0.00 
334.19 ,  0.00 , 334.19 ,  0.00 ,  0.00 ,  0.00 ,  0.00 
334.19 ,  0.00 , 334.19 ,  0.00 ,  0.00 ,  0.00 ,  0.00 
417.74 ,  0.00 , 417.74 ,  0.00 ,  0.00 ,  0.00 ,  0.00 
584.83 ,  0.00 , 584.83 ,  0.00 ,  0.00 ,  0.00 ,  0.00 
501.29 ,  0.00 , 501.29 ,  0.00 ,  0.00 ,  0.00 ,  0.00 
501.29 ,  0.00 , 501.29 ,  0.00 ,  0.00 ,  0.00 ,  0.00 
417.74 ,  0.00 , 417.74 ,  0.00 ,  0.00 ,  0.00 ,  0.00 
417.74 ,  0.00 , 417.74 ,  0.00 ,  0.00 ,  0.00 ,  0.00 
83.55 ,  0.00 , 83.55 ,  0.00 ,  0.00 ,  0.00 ,  0.00 
 0.00 ,  0.00 ,  0.00 ,  0.00 ,  0.00 ,  0.00 ,  0.00 
 0.00 ,  0.00 ,  0.00 ,  0.00 ,  0.00 ,  0.00 ,  0.00 
 0.00 ,  0.00 ,  0.00 ,  0.00 ,  0.00 ,  0.00 ,  0.00 
 0.00 ,  0.00 ,  0.00 ,  0.00 ,  0.00 ,  0.00 ,  0.00 
83.55 ,  0.00 , 83.55 ,  0.00 ,  0.00 ,  0.00 ,  0.00 
250.64 ,  0.00 , 250.64 ,  0.00 ,  0.00 ,  0.00 ,  0.00 
835.48 ,  0.00 , 835.48 ,  0.00 ,  0.00 ,  0.00 ,  0.00 
584.83 ,  0.00 , 584.83 ,  0.00 ,  0.00 ,  0.00 ,  0.00 
584.83 ,  0.00 , 584.83 ,  0.00 ,  0.00 ,  0.00 ,  0.00 
501.29 ,  0.00 , 501.29 ,  0.00 ,  0.00 ,  0.00 ,  0.00 
501.29 ,  0.00 , 501.29 ,  0.00 ,  0.00 ,  0.00 ,  0.00 
417.74 ,  0.00 , 417.74 ,  0.00 ,  0.00 ,  0.00 ,  0.00 
417.74 ,  0.00 , 417.74 ,  0.00 ,  0.00 ,  0.00 ,  0.00 
334.19 ,  0.00 , 334.19 ,  0.00 ,  0.00 ,  0.00 ,  0.00 
250.64 ,  0.00 , 250.64 ,  0.00 ,  0.00 ,  0.00 ,  0.00 
334.19 ,  0.00 , 334.19 ,  0.00 ,  0.00 ,  0.00 ,  0.00 
334.19 ,  0.00 , 334.19 ,  0.00 ,  0.00 ,  0.00 ,  0.00 
417.74 ,  0.00 , 417.74 ,  0.00 ,  0.00 ,  0.00 ,  0.00 
584.83 ,  0.00 , 584.83 ,  0.00 ,  0.00 ,  0.00 ,  0.00 
501.29 ,  0.00 , 501.29 ,  0.00 ,  0.00 ,  0.00 ,  0.00 
501.29 ,  0.00 , 501.29 ,  0.00 ,  0.00 ,  0.00 ,  0.00 
417.74 ,  0.00 , 417.74 ,  0.00 ,  0.00 ,  0.00 ,  0.00 
417.74 ,  0.00 , 417.74 ,  0.00 ,  0.00 ,  0.00 ,  0.00 
83.55 ,  0.00 , 83.55 ,  0.00 ,  0.00 ,  0.00 ,  0.00 
 0.00 ,  0.00 ,  0.00 ,  0.00 ,  0.00 ,  0.00 ,  0.00 
 0.00 ,  0.00 ,  0.00 ,  0.00 ,  0.00 ,  0.00 ,  0.00 
 0.00 ,  0.00 ,  0.00 ,  0.00 ,  0.00 ,  0.00 ,  0.00 
 0.00 ,  0.00 ,  0.00 ,  0.00 ,  0.00 ,  0.00 ,  0.00 
83.55 ,  0.00 , 83.55 ,  0.00 ,  0.00 ,  0.00 ,  0.00 
250.64 ,  0.00 , 250.64 ,  0.00 ,  0.00 ,  0.00 ,  0.00 
835.48 ,  0.00 , 835.48 ,  0.00 ,  0.00 ,  0.00 ,  0.00 
584.83 ,  0.00 , 584.83 ,  0.00 ,  0.00 ,  0.00 ,  0.00 
584.83 ,  0.00 , 584.83 ,  0.00 ,  0.00 ,  0.00 ,  0.00 
501.29 ,  0.00 , 501.29 ,  0.00 ,  0.00 ,  0.00 ,  0.00 
501.29 ,  0.00 , 501.29 ,  0.00 ,  0.00 ,  0.00 ,  0.00 
417.74 ,  0.00 , 417.74 ,  0.00 ,  0.00 ,  0.00 ,  0.00 
417.74 ,  0.00 , 417.74 ,  0.00 ,  0.00 ,  0.00 ,  0.00 
334.19 ,  0.00 , 334.19 ,  0.00 ,  0.00 ,  0.00 ,  0.00 
250.64 ,  0.00 , 250.64 ,  0.00 ,  0.00 ,  0.00 ,  0.00 
334.19 ,  0.00 , 334.19 ,  0.00 ,  0.00 ,  0.00 ,  0.00 
334.19 ,  0.00 , 334.19 ,  0.00 ,  0.00 ,  0.00 ,  0.00 
417.74 ,  0.00 , 417.74 ,  0.00 ,  0.00 ,  0.00 ,  0.00 
584.83 ,  0.00 , 584.83 ,  0.00 ,  0.00 ,  0.00 ,  0.00 
501.29 ,  0.00 , 501.29 ,  0.00 ,  0.00 ,  0.00 ,  0.00 
501.29 ,  0.00 , 501.29 ,  0.00 ,  0.00 ,  0.00 ,  0.00 
417.74 ,  0.00 , 417.74 ,  0.00 ,  0.00 ,  0.00 ,  0.00 
417.74 ,  0.00 , 417.74 ,  0.00 ,  0.00 ,  0.00 ,  0.00 
83.55 ,  0.00 , 83.55 ,  0.00 ,  0.00 ,  0.00 ,  0.00 
 0.00 ,  0.00 ,  0.00 ,  0.00 ,  0.00 ,  0.00 ,  0.00 
 0.00 ,  0.00 ,  0.00 ,  0.00 ,  0.00 ,  0.00 ,  0.00 
 0.00 ,  0.00 ,  0.00 ,  0.00 ,  0.00 ,  0.00 ,  0.00 
 0.00 ,  0.00 ,  0.00 ,  0.00 ,  0.00 ,  0.00 ,  0.00 
83.55 ,  0.00 , 83.55 ,  0.00 ,  0.00 ,  0.00 ,  0.00 
250.64 ,  0.00 , 250.64 ,  0.00 ,  0.00 ,  0.00 ,  0.00 
835.48 ,  0.00 , 835.48 , 108.48 ,  0.00 ,  5.28 ,  0.00 
584.83 ,  0.00 , 584.83 , 111.68 ,  0.00 , 19.15 ,  0.00 
584.83 ,  0.00 , 584.83 , 105.70 ,  0.00 , 12.00 ,  0.00 
501.29 ,  0.00 , 501.29 ,  0.00 ,  0.00 ,  0.00 ,  0.00 
501.29 ,  0.00 , 501.29 ,  0.00 ,  0.00 ,  0.00 ,  0.00 
417.74 ,  0.00 , 417.74 ,  0.00 ,  0.00 ,  0.00 ,  0.00 
417.74 ,  0.00 , 417.74 ,  0.00 ,  0.00 ,  0.00 ,  0.00 
334.19 ,  0.00 , 334.19 ,  0.00 ,  0.00 ,  0.00 ,  0.00 
250.64 ,  0.00 , 250.64 ,  0.00 ,  0.00 ,  0.00 ,  0.00 
334.19 ,  0.00 , 334.19 ,  0.00 ,  0.00 ,  0.00 ,  0.00 
334.19 ,  0.00 , 334.19 ,  0.00 ,  0.00 ,  0.00 ,  0.00 
417.74 ,  0.00 , 417.74 ,  0.00 ,  0.00 ,  0.00 ,  0.00 
584.83 ,  0.00 , 584.83 ,  0.00 ,  0.00 ,  0.00 ,  0.00 
501.29 ,  0.00 , 501.29 ,  0.00 ,  0.00 ,  0.00 ,  0.00 
501.29 ,  0.00 , 501.29 ,  0.00 ,  0.00 ,  0.00 ,  0.00 
417.74 ,  0.00 , 417.74 ,  0.00 ,  0.00 ,  0.00 ,  0.00 
417.74 ,  0.00 , 417.74 ,  0.00 ,  0.00 ,  0.00 ,  0.00 
83.55 ,  0.00 , 83.55 ,  0.00 ,  0.00 ,  0.00 ,  0.00 
 0.00 ,  0.00 ,  0.00 ,  0.00 ,  0.00 ,  0.00 ,  0.00 
 0.00 ,  0.00 ,  0.00 ,  0.00 ,  0.00 ,  0.00 ,  0.00 
 0.00 ,  0.00 ,  0.00 ,  0.00 ,  0.00 ,  0.00 ,  0.00 
 0.00 ,  0.00 ,  0.00 ,  0.00 ,  0.00 ,  0.00 ,  0.00 
83.55 ,  0.00 , 83.55 ,  0.00 ,  0.00 ,  0.00 ,  0.00 
250.64 ,  0.00 , 250.64 ,  0.00 ,  0.00 ,  0.00 ,  0.00 
835.48 ,  0.00 , 835.48 , 112.88 ,  0.00 , 13.49 ,  0.00 
584.83 ,  0.00 , 584.83 , 114.04 ,  0.00 , 18.64 ,  0.00 
584.83 ,  0.00 , 584.83 , 110.25 ,  0.00 , 17.00 ,  0.00 
501.29 ,  0.00 , 501.29 , 103.47 ,  0.00 ,  5.01 ,  0.00 
501.29 ,  0.00 , 501.29 ,  0.00 ,  0.00 ,  0.00 ,  0.00 
417.74 ,  0.00 , 417.74 ,  0.00 ,  0.00 ,  0.00 ,  0.00 
417.74 ,  0.00 , 417.74 ,  0.00 ,  0.00 ,  0.00 ,  0.00 
334.19 ,  0.00 , 334.19 ,  0.00 ,  0.00 ,  0.00 ,  0.00 
250.64 ,  0.00 , 250.64 ,  0.00 ,  0.00 ,  0.00 ,  0.00 
334.19 ,  0.00 , 334.19 ,  0.00 ,  0.00 ,  0.00 ,  0.00 
334.19 ,  0.00 , 334.19 ,  0.00 ,  0.00 ,  0.00 ,  0.00 
417.74 ,  0.00 , 417.74 ,  0.00 ,  0.00 ,  0.00 ,  0.00 
584.83 ,  0.00 , 584.83 ,  0.00 ,  0.00 ,  0.00 ,  0.00 
501.29 ,  0.00 , 501.29 ,  0.00 ,  0.00 ,  0.00 ,  0.00 
501.29 ,  0.00 , 501.29 ,  0.00 ,  0.00 ,  0.00 ,  0.00 
417.74 ,  0.00 , 417.74 ,  0.00 ,  0.00 ,  0.00 ,  0.00 
417.74 ,  0.00 , 417.74 ,  0.00 ,  0.00 ,  0.00 ,  0.00 
83.55 ,  0.00 , 83.55 ,  0.00 ,  0.00 ,  0.00 ,  0.00 
 0.00 ,  0.00 ,  0.00 ,  0.00 ,  0.00 ,  0.00 ,  0.00 
 0.00 ,  0.00 ,  0.00 ,  0.00 ,  0.00 ,  0.00 ,  0.00 
 0.00 ,  0.00 ,  0.00 ,  0.00 ,  0.00 ,  0.00 ,  0.00 
 0.00 ,  0.00 ,  0.00 ,  0.00 ,  0.00 ,  0.00 ,  0.00 
83.55 ,  0.00 , 83.55 ,  0.00 ,  0.00 ,  0.00 ,  0.00 
250.64 ,  0.00 , 250.64 ,  0.00 ,  0.00 ,  0.00 ,  0.00 
835.48 ,  0.00 , 835.48 , 110.99 ,  0.00 , 18.00 ,  0.00 
584.83 ,  0.00 , 584.83 , 110.07 ,  0.00 , 18.83 ,  0.00 
584.83 ,  0.00 , 584.83 , 105.13 ,  0.00 , 14.56 ,  0.00 
501.29 ,  0.00 , 501.29 ,  0.00 ,  0.00 ,  0.00 ,  0.00 
501.29 ,  0.00 , 501.29 ,  0.00 ,  0.00 ,  0.00 ,  0.00 
417.74 ,  0.00 , 417.74 ,  0.00 ,  0.00 ,  0.00 ,  0.00 
417.74 ,  0.00 , 417.74 ,  0.00 ,  0.00 ,  0.00 ,  0.00 
334.19 ,  0.00 , 334.19 ,  0.00 ,  0.00 ,  0.00 ,  0.00 
250.64 ,  0.00 , 250.64 ,  0.00 ,  0.00 ,  0.00 ,  0.00 
334.19 ,  0.00 , 334.19 ,  0.00 ,  0.00 ,  0.00 ,  0.00 
334.19 ,  0.00 , 334.19 ,  0.00 ,  0.00 ,  0.00 ,  0.00 
417.74 ,  0.00 , 417.74 ,  0.00 ,  0.00 ,  0.00 ,  0.00 
584.83 ,  0.00 , 584.83 ,  0.00 ,  0.00 ,  0.00 ,  0.00 
501.29 ,  0.00 , 501.29 ,  0.00 ,  0.00 ,  0.00 ,  0.00 
501.29 ,  0.00 , 501.29 ,  0.00 ,  0.00 ,  0.00 ,  0.00 
417.74 ,  0.00 , 417.74 ,  0.00 ,  0.00 ,  0.00 ,  0.00 
417.74 ,  0.00 , 417.74 ,  0.00 ,  0.00 ,  0.00 ,  0.00 
83.55 ,  0.00 , 83.55 ,  0.00 ,  0.00 ,  0.00 ,  0.00 
 0.00 ,  0.00 ,  0.00 ,  0.00 ,  0.00 ,  0.00 ,  0.00 
 0.00 ,  0.00 ,  0.00 ,  0.00 ,  0.00 ,  0.00 ,  0.00 
 0.00 ,  0.00 ,  0.00 ,  0.00 ,  0.00 ,  0.00 ,  0.00 
 0.00 ,  0.00 ,  0.00 ,  0.00 ,  0.00 ,  0.00 ,  0.00 
83.55 ,  0.00 , 83.55 ,  0.00 ,  0.00 ,  0.00 ,  0.00 
250.64 ,  0.00 , 250.64 ,  0.00 ,  0.00 ,  0.00 ,  0.00 
835.48 ,  0.00 , 835.48 , 111.05 ,  0.00 , 19.47 ,  0.00 
584.83 ,  0.00 , 584.83 , 115.19 ,  0.00 , 34.08 ,  0.00 
584.83 ,  0.00 , 584.83 , 116.13 ,  0.00 , 41.88 ,  0.00 
501.29 ,  0.00 , 501.29 , 116.93 ,  0.00 , 47.94 ,  0.00 
501.29 ,  0.00 , 501.29 , 118.39 ,  0.00 , 53.30 ,  0.00 
417.74 ,  0.00 , 417.74 , 114.61 ,  0.00 , 42.48 ,  0.00 
417.74 ,  0.00 , 417.74 , 111.38 ,  0.00 , 34.93 ,  0.00 
334.19 ,  0.00 , 334.19 , 108.63 ,  0.00 , 27.20 ,  0.00 
250.64 ,  0.00 , 250.64 , 104.00 ,  0.00 , 15.33 ,  0.00 
334.19 ,  0.00 , 334.19 , 103.30 ,  0.00 , 15.92 ,  0.00 
334.19 ,  0.00 , 334.19 , 102.42 ,  0.00 , 12.39 ,  0.00 
417.74 ,  0.00 , 417.74 , 102.91 ,  0.00 , 12.04 ,  0.00 
584.83 ,  0.00 , 584.83 , 103.66 ,  0.00 , 13.70 ,  0.00 
501.29 ,  0.00 , 501.29 , 104.30 ,  0.00 , 13.81 ,  0.00 
501.29 ,  0.00 , 501.29 , 104.41 ,  0.00 , 11.81 ,  0.00 
417.74 ,  0.00 , 417.74 , 105.37 ,  0.00 , 11.88 ,  0.00 
417.74 ,  0.00 , 417.74 ,  0.00 ,  0.00 ,  0.00 ,  0.00 
83.55 ,  0.00 , 83.55 ,  0.00 ,  0.00 ,  0.00 ,  0.00 
 0.00 ,  0.00 ,  0.00 ,  0.00 ,  0.00 ,  0.00 ,  0.00 
 0.00 ,  0.00 ,  0.00 ,  0.00 ,  0.00 ,  0.00 ,  0.00 
 0.00 ,  0.00 ,  0.00 ,  0.00 ,  0.00 ,  0.00 ,  0.00 
 0.00 ,  0.00 ,  0.00 ,  0.00 ,  0.00 ,  0.00 ,  0.00 
83.55 ,  0.00 , 83.55 ,  0.00 ,  0.00 ,  0.00 ,  0.00 
250.64 ,  0.00 , 250.64 ,  0.00 ,  0.00 ,  0.00 ,  0.00 
835.48 ,  0.00 , 835.48 , 292.75 ,  0.00 , 596.47 ,  0.00 
584.83 ,  0.00 , 584.83 , 234.80 ,  0.00 , 422.06 ,  0.00 
584.83 ,  0.00 , 584.83 , 198.10 ,  0.00 , 327.14 ,  0.00 
501.29 ,  0.00 , 501.29 , 158.98 ,  0.00 , 205.96 ,  0.00 
501.29 ,  0.00 , 501.29 , 129.51 ,  0.00 , 105.48 ,  0.00 
417.74 ,  0.00 , 417.74 , 118.05 ,  0.00 , 67.94 ,  0.00 
417.74 ,  0.00 , 417.74 , 117.44 ,  0.00 , 67.27 ,  0.00 
334.19 ,  0.00 , 334.19 , 115.35 ,  0.00 , 59.02 ,  0.00 
250.64 ,  0.00 , 250.64 , 111.94 ,  0.00 , 45.55 ,  0.00 
334.19 ,  0.00 , 334.19 , 113.69 ,  0.00 , 52.44 ,  0.00 
334.19 ,  0.00 , 334.19 , 121.72 ,  0.00 , 77.54 ,  0.00 
417.74 ,  0.00 , 417.74 , 128.14 ,  0.00 , 98.61 ,  0.00 
584.83 ,  0.00 , 584.83 , 122.56 ,  0.00 , 75.44 ,  0.00 
501.29 ,  0.00 , 501.29 , 122.19 ,  0.00 , 74.06 ,  0.00 
501.29 ,  0.00 , 501.29 , 126.73 ,  0.00 , 87.54 ,  0.00 
417.74 ,  0.00 , 417.74 , 130.87 ,  0.00 , 97.38 ,  0.00 
417.74 ,  0.00 , 417.74 ,  0.00 ,  0.00 ,  0.00 ,  0.00 
83.55 ,  0.00 , 83.55 ,  0.00 ,  0.00 ,  0.00 ,  0.00 
 0.00 ,  0.00 ,  0.00 ,  0.00 ,  0.00 ,  0.00 ,  0.00 
 0.00 ,  0.00 ,  0.00 ,  0.00 ,  0.00 ,  0.00 ,  0.00 
 0.00 ,  0.00 ,  0.00 ,  0.00 ,  0.00 ,  0.00 ,  0.00 
 0.00 ,  0.00 ,  0.00 ,  0.00 ,  0.00 ,  0.00 ,  0.00 
83.55 ,  0.00 , 83.55 ,  0.00 ,  0.00 ,  0.00 ,  0.00 
250.64 ,  0.00 , 250.64 ,  0.00 ,  0.00 ,  0.00 ,  0.00 
835.48 ,  0.00 , 835.48 , 451.84 ,  0.00 , 1201.13 ,  0.00 
584.83 ,  0.00 , 584.83 , 293.92 ,  0.00 , 662.93 ,  0.00 
584.83 ,  0.00 , 584.83 , 224.58 ,  0.00 , 457.79 ,  0.00 
501.29 ,  0.00 , 501.29 , 169.20 ,  0.00 , 267.13 ,  0.00 
501.29 ,  0.00 , 501.29 , 129.89 ,  0.00 , 119.87 ,  0.00 
417.74 ,  0.00 , 417.74 , 109.69 ,  0.00 , 48.09 ,  0.00 
417.74 ,  0.00 , 417.74 , 105.95 ,  0.00 , 33.88 ,  0.00 
334.19 ,  0.00 , 334.19 , 106.90 ,  0.00 , 40.28 ,  0.00 
250.64 ,  0.00 , 250.64 , 106.30 ,  0.00 , 37.73 ,  0.00 
334.19 ,  0.00 , 334.19 , 106.29 ,  0.00 , 37.72 ,  0.00 
334.19 ,  0.00 , 334.19 , 108.65 ,  0.00 , 42.65 ,  0.00 
417.74 ,  0.00 , 417.74 , 112.19 ,  0.00 , 54.59 ,  0.00 
584.83 ,  0.00 , 584.83 , 110.57 ,  0.00 , 46.45 ,  0.00 
501.29 ,  0.00 , 501.29 , 111.03 ,  0.00 , 45.59 ,  0.00 
501.29 ,  0.00 , 501.29 , 112.55 ,  0.00 , 47.62 ,  0.00 
417.74 ,  0.00 , 417.74 , 113.81 ,  0.00 , 49.67 ,  0.00 
417.74 ,  0.00 , 417.74 ,  0.00 ,  0.00 ,  0.00 ,  0.00 
83.55 ,  0.00 , 83.55 ,  0.00 ,  0.00 ,  0.00 ,  0.00 
 0.00 ,  0.00 ,  0.00 ,  0.00 ,  0.00 ,  0.00 ,  0.00 
 0.00 ,  0.00 ,  0.00 ,  0.00 ,  0.00 ,  0.00 ,  0.00 
 0.00 ,  0.00 ,  0.00 ,  0.00 ,  0.00 ,  0.00 ,  0.00 
 0.00 ,  0.00 ,  0.00 ,  0.00 ,  0.00 ,  0.00 ,  0.00 
83.55 ,  0.00 , 83.55 ,  0.00 ,  0.00 ,  0.00 ,  0.00 
250.64 ,  0.00 , 250.64 ,  0.00 ,  0.00 ,  0.00 ,  0.00 
835.48 ,  0.00 , 835.48 , 455.19 ,  0.00 , 1203.24 ,  0.00 
584.83 ,  0.00 , 584.83 , 299.03 ,  0.00 , 669.67 ,  0.00 
584.83 ,  0.00 , 584.83 , 235.90 ,  0.00 , 483.15 ,  0.00 
501.29 ,  0.00 , 501.29 , 173.86 ,  0.00 , 274.12 ,  0.00 
501.29 ,  0.00 , 501.29 , 127.55 ,  0.00 , 108.89 ,  0.00 
417.74 ,  0.00 , 417.74 , 114.69 ,  0.00 , 67.65 ,  0.00 
417.74 ,  0.00 , 417.74 , 106.29 ,  0.00 , 37.72 ,  0.00 
334.19 ,  0.00 , 334.19 , 103.26 ,  0.00 , 28.32 ,  0.00 
250.64 ,  0.00 , 250.64 , 102.44 ,  0.00 , 24.81 ,  0.00 
334.19 ,  0.00 , 334.19 , 103.15 ,  0.00 , 25.67 ,  0.00 
334.19 ,  0.00 , 334.19 , 106.30 ,  0.00 , 34.32 ,  0.00 
417.74 ,  0.00 , 417.74 , 109.13 ,  0.00 , 39.75 ,  0.00 
584.83 ,  0.00 , 584.83 , 108.92 ,  0.00 , 37.45 ,  0.00 
501.29 ,  0.00 , 501.29 , 109.56 ,  0.00 , 37.34 ,  0.00 
501.29 ,  0.00 , 501.29 , 110.28 ,  0.00 , 37.48 ,  0.00 
417.74 ,  0.00 , 417.74 , 111.48 ,  0.00 , 38.14 ,  0.00 
417.74 ,  0.00 , 417.74 ,  0.00 ,  0.00 ,  0.00 ,  0.00 
83.55 ,  0.00 , 83.55 ,  0.00 ,  0.00 ,  0.00 ,  0.00 
 0.00 ,  0.00 ,  0.00 ,  0.00 ,  0.00 ,  0.00 ,  0.00 
 0.00 ,  0.00 ,  0.00 ,  0.00 ,  0.00 ,  0.00 ,  0.00 
 0.00 ,  0.00 ,  0.00 ,  0.00 ,  0.00 ,  0.00 ,  0.00 
 0.00 ,  0.00 ,  0.00 ,  0.00 ,  0.00 ,  0.00 ,  0.00 
83.55 ,  0.00 , 83.55 ,  0.00 ,  0.00 ,  0.00 ,  0.00 
250.64 ,  0.00 , 250.64 ,  0.00 ,  0.00 ,  0.00 ,  0.00 
835.48 ,  0.00 , 835.48 , 434.43 ,  0.00 , 1088.88 ,  0.00 
584.83 ,  0.00 , 584.83 , 318.97 ,  0.00 , 699.14 ,  0.00 
584.83 ,  0.00 , 584.83 , 283.00 ,  0.00 , 612.43 ,  0.00 
501.29 ,  0.00 , 501.29 , 213.21 ,  0.00 , 398.45 ,  0.00 
501.29 ,  0.00 , 501.29 , 168.15 ,  0.00 , 252.08 ,  0.00 
417.74 ,  0.00 , 417.74 , 131.33 ,  0.00 , 123.96 ,  0.00 
417.74 ,  0.00 , 417.74 , 114.48 ,  0.00 , 63.95 ,  0.00 
334.19 ,  0.00 , 334.19 , 109.22 ,  0.00 , 47.58 ,  0.00 
250.64 ,  0.00 , 250.64 , 109.01 ,  0.00 , 47.81 ,  0.00 
334.19 ,  0.00 , 334.19 , 111.03 ,  0.00 , 54.84 ,  0.00 
334.19 ,  0.00 , 334.19 , 114.14 ,  0.00 , 66.28 ,  0.00 
417.74 ,  0.00 , 417.74 , 116.45 ,  0.00 , 72.94 ,  0.00 
584.83 ,  0.00 , 584.83 , 113.26 ,  0.00 , 59.52 ,  0.00 
501.29 ,  0.00 , 501.29 , 113.20 ,  0.00 , 59.26 ,  0.00 
501.29 ,  0.00 , 501.29 , 114.00 ,  0.00 , 60.94 ,  0.00 
417.74 ,  0.00 , 417.74 , 114.03 ,  0.00 , 61.06 ,  0.00 
417.74 ,  0.00 , 417.74 ,  0.00 ,  0.00 ,  0.00 ,  0.00 
83.55 ,  0.00 , 83.55 ,  0.00 ,  0.00 ,  0.00 ,  0.00 
 0.00 ,  0.00 ,  0.00 ,  0.00 ,  0.00 ,  0.00 ,  0.00 
 0.00 ,  0.00 ,  0.00 ,  0.00 ,  0.00 ,  0.00 ,  0.00 
 0.00 ,  0.00 ,  0.00 ,  0.00 ,  0.00 ,  0.00 ,  0.00 
 0.00 ,  0.00 ,  0.00 ,  0.00 ,  0.00 ,  0.00 ,  0.00 
83.55 ,  0.00 , 83.55 ,  0.00 ,  0.00 ,  0.00 ,  0.00 
250.64 ,  0.00 , 250.64 ,  0.00 ,  0.00 ,  0.00 ,  0.00 
835.48 ,  0.00 , 835.48 , 307.92 ,  0.00 , 866.13 ,  0.00 
584.83 ,  0.00 , 584.83 , 218.93 ,  0.00 , 502.20 ,  0.00 
584.83 ,  0.00 , 584.83 , 184.19 ,  0.00 , 376.78 ,  0.00 
501.29 ,  0.00 , 501.29 , 158.03 ,  0.00 , 272.22 ,  0.00 
501.29 ,  0.00 , 501.29 , 137.43 ,  0.00 , 186.81 ,  0.00 
417.74 ,  0.00 , 417.74 , 136.75 ,  0.00 , 180.51 ,  0.00 
417.74 ,  0.00 , 417.74 , 122.42 ,  0.00 , 118.68 ,  0.00 
334.19 ,  0.00 , 334.19 , 105.28 ,  0.00 , 45.09 ,  0.00 
250.64 ,  0.00 , 250.64 , 102.21 ,  0.00 , 34.47 ,  0.00 
334.19 ,  0.00 , 334.19 , 101.13 ,  0.00 , 27.87 ,  0.00 
334.19 ,  0.00 , 334.19 , 102.19 ,  0.00 , 29.73 ,  0.00 
417.74 ,  0.00 , 417.74 , 104.35 ,  0.00 , 34.97 ,  0.00 
584.83 ,  0.00 , 584.83 , 103.81 ,  0.00 , 29.46 ,  0.00 
501.29 ,  0.00 , 501.29 , 104.08 ,  0.00 , 27.35 ,  0.00 
501.29 ,  0.00 , 501.29 , 105.86 ,  0.00 , 27.92 ,  0.00 
417.74 ,  0.00 , 417.74 , 109.56 ,  0.00 , 37.98 ,  0.00 
417.74 ,  0.00 , 417.74 ,  0.00 ,  0.00 ,  0.00 ,  0.00 
83.55 ,  0.00 , 83.55 ,  0.00 ,  0.00 ,  0.00 ,  0.00 
 0.00 ,  0.00 ,  0.00 ,  0.00 ,  0.00 ,  0.00 ,  0.00 
 0.00 ,  0.00 ,  0.00 ,  0.00 ,  0.00 ,  0.00 ,  0.00 
 0.00 ,  0.00 ,  0.00 ,  0.00 ,  0.00 ,  0.00 ,  0.00 
 0.00 ,  0.00 ,  0.00 ,  0.00 ,  0.00 ,  0.00 ,  0.00 
83.55 ,  0.00 , 83.55 ,  0.00 ,  0.00 ,  0.00 ,  0.00 
250.64 ,  0.00 , 250.64 ,  0.00 ,  0.00 ,  0.00 ,  0.00 
835.48 ,  0.00 , 835.48 , 751.18 ,  0.00 , 1660.31 ,  0.00 
584.83 ,  0.00 , 584.83 , 491.65 ,  0.00 , 973.18 ,  0.00 
584.83 ,  0.00 , 584.83 , 391.47 ,  0.00 , 765.59 ,  0.00 
501.29 ,  0.00 , 501.29 , 290.94 ,  0.00 , 508.73 ,  0.00 
501.29 ,  0.00 , 501.29 , 195.88 ,  0.00 , 254.19 ,  0.00 
417.74 ,  0.00 , 417.74 , 154.39 ,  0.00 , 141.59 ,  0.00 
417.74 ,  0.00 , 417.74 , 143.25 ,  0.00 , 112.73 ,  0.00 
334.19 ,  0.00 , 334.19 , 136.33 ,  0.00 , 94.06 ,  0.00 
250.64 ,  0.00 , 250.64 , 134.31 ,  0.00 , 87.27 ,  0.00 
334.19 ,  0.00 , 334.19 , 138.03 ,  0.00 , 95.45 ,  0.00 
334.19 ,  0.00 , 334.19 , 150.38 ,  0.00 , 126.41 ,  0.00 
417.74 ,  0.00 , 417.74 , 171.77 ,  0.00 , 182.94 ,  0.00 
584.83 ,  0.00 , 584.83 , 181.89 ,  0.00 , 207.85 ,  0.00 
501.29 ,  0.00 , 501.29 , 207.07 ,  0.00 , 269.21 ,  0.00 
501.29 ,  0.00 , 501.29 , 219.30 ,  0.00 , 293.07 ,  0.00 
417.74 ,  0.00 , 417.74 , 238.86 ,  0.00 , 340.23 ,  0.00 
417.74 ,  0.00 , 417.74 ,  0.00 ,  0.00 ,  0.00 ,  0.00 
83.55 ,  0.00 , 83.55 ,  0.00 ,  0.00 ,  0.00 ,  0.00 
 0.00 ,  0.00 ,  0.00 ,  0.00 ,  0.00 ,  0.00 ,  0.00 
 0.00 ,  0.00 ,  0.00 ,  0.00 ,  0.00 ,  0.00 ,  0.00 
 0.00 ,  0.00 ,  0.00 ,  0.00 ,  0.00 ,  0.00 ,  0.00 
 0.00 ,  0.00 ,  0.00 ,  0.00 ,  0.00 ,  0.00 ,  0.00 
83.55 ,  0.00 , 83.55 ,  0.00 ,  0.00 ,  0.00 ,  0.00 
250.64 ,  0.00 , 250.64 ,  0.00 ,  0.00 ,  0.00 ,  0.00 
835.48 ,  0.00 , 835.48 , 1135.32 ,  0.00 , 2582.96 ,  0.00 
584.83 ,  0.00 , 584.83 , 561.73 ,  0.00 , 1221.13 ,  0.00 
584.83 ,  0.00 , 584.83 , 409.35 ,  0.00 , 885.40 ,  0.00 
501.29 ,  0.00 , 501.29 , 272.55 ,  0.00 , 523.95 ,  0.00 
501.29 ,  0.00 , 501.29 , 193.09 ,  0.00 , 296.32 ,  0.00 
417.74 ,  0.00 , 417.74 , 158.65 ,  0.00 , 189.90 ,  0.00 
417.74 ,  0.00 , 417.74 , 139.37 ,  0.00 , 129.60 ,  0.00 
334.19 ,  0.00 , 334.19 , 128.16 ,  0.00 , 95.91 ,  0.00 
250.64 ,  0.00 , 250.64 , 130.51 ,  0.00 , 100.93 ,  0.00 
334.19 ,  0.00 , 334.19 , 131.24 ,  0.00 , 105.37 ,  0.00 
334.19 ,  0.00 , 334.19 , 146.55 ,  0.00 , 150.73 ,  0.00 
417.74 ,  0.00 , 417.74 , 162.03 ,  0.00 , 201.42 ,  0.00 
584.83 ,  0.00 , 584.83 , 161.44 ,  0.00 , 196.16 ,  0.00 
501.29 ,  0.00 , 501.29 , 170.02 ,  0.00 , 223.36 ,  0.00 
501.29 ,  0.00 , 501.29 , 172.09 ,  0.00 , 233.42 ,  0.00 
417.74 ,  0.00 , 417.74 , 177.99 ,  0.00 , 247.97 ,  0.00 
417.74 ,  0.00 , 417.74 ,  0.00 ,  0.00 ,  0.00 ,  0.00 
83.55 ,  0.00 , 83.55 ,  0.00 ,  0.00 ,  0.00 ,  0.00 
 0.00 ,  0.00 ,  0.00 ,  0.00 ,  0.00 ,  0.00 ,  0.00 
 0.00 ,  0.00 ,  0.00 ,  0.00 ,  0.00 ,  0.00 ,  0.00 
 0.00 ,  0.00 ,  0.00 ,  0.00 ,  0.00 ,  0.00 ,  0.00 
 0.00 ,  0.00 ,  0.00 ,  0.00 ,  0.00 ,  0.00 ,  0.00 
83.55 ,  0.00 , 83.55 ,  0.00 ,  0.00 ,  0.00 ,  0.00 
250.64 ,  0.00 , 250.64 ,  0.00 ,  0.00 ,  0.00 ,  0.00 
835.48 ,  0.00 , 835.48 , 636.20 ,  0.00 , 1822.68 ,  0.00 
584.83 ,  0.00 , 584.83 , 371.20 ,  0.00 , 921.89 ,  0.00 
584.83 ,  0.00 , 584.83 , 281.68 ,  0.00 , 662.39 ,  0.00 
501.29 ,  0.00 , 501.29 , 191.10 ,  0.00 , 355.01 ,  0.00 
501.29 ,  0.00 , 501.29 , 135.28 ,  0.00 , 151.60 ,  0.00 
417.74 ,  0.00 , 417.74 , 116.99 ,  0.00 , 85.93 ,  0.00 
417.74 ,  0.00 , 417.74 , 108.89 ,  0.00 , 56.04 ,  0.00 
334.19 ,  0.00 , 334.19 , 105.90 ,  0.00 , 45.23 ,  0.00 
250.64 ,  0.00 , 250.64 , 103.96 ,  0.00 , 39.67 ,  0.00 
334.19 ,  0.00 , 334.19 , 104.21 ,  0.00 , 38.68 ,  0.00 
334.19 ,  0.00 , 334.19 , 107.65 ,  0.00 , 49.32 ,  0.00 
417.74 ,  0.00 , 417.74 , 111.68 ,  0.00 , 62.82 ,  0.00 
584.83 ,  0.00 , 584.83 , 109.52 ,  0.00 , 52.18 ,  0.00 
501.29 ,  0.00 , 501.29 , 110.22 ,  0.00 , 52.59 ,  0.00 
501.29 ,  0.00 , 501.29 , 110.78 ,  0.00 , 53.48 ,  0.00 
417.74 ,  0.00 , 417.74 , 112.63 ,  0.00 , 57.24 ,  0.00 
417.74 ,  0.00 , 417.74 ,  0.00 ,  0.00 ,  0.00 ,  0.00 
83.55 ,  0.00 , 83.55 ,  0.00 ,  0.00 ,  0.00 ,  0.00 
 0.00 ,  0.00 ,  0.00 ,  0.00 ,  0.00 ,  0.00 ,  0.00 
 0.00 ,  0.00 ,  0.00 ,  0.00 ,  0.00 ,  0.00 ,  0.00 
 0.00 ,  0.00 ,  0.00 ,  0.00 ,  0.00 ,  0.00 ,  0.00 
 0.00 ,  0.00 ,  0.00 ,  0.00 ,  0.00 ,  0.00 ,  0.00 
83.55 ,  0.00 , 83.55 ,  0.00 ,  0.00 ,  0.00 ,  0.00 
250.64 ,  0.00 , 250.64 ,  0.00 ,  0.00 ,  0.00 ,  0.00 
835.48 ,  0.00 , 835.48 , 304.36 ,  0.00 , 771.24 ,  0.00 
584.83 ,  0.00 , 584.83 , 208.35 ,  0.00 , 417.75 ,  0.00 
584.83 ,  0.00 , 584.83 , 146.55 ,  0.00 , 201.32 ,  0.00 
501.29 ,  0.00 , 501.29 , 116.99 ,  0.00 , 90.57 ,  0.00 
501.29 ,  0.00 , 501.29 , 105.50 ,  0.00 , 45.82 ,  0.00 
417.74 ,  0.00 , 417.74 , 99.52 ,  0.00 , 24.65 ,  0.00 
417.74 ,  0.00 , 417.74 , 95.31 ,  0.00 ,  7.75 ,  0.00 
334.19 ,  0.00 , 334.19 ,  0.00 ,  0.00 ,  0.00 ,  0.00 
250.64 ,  0.00 , 250.64 ,  0.00 ,  0.00 ,  0.00 ,  0.00 
334.19 ,  0.00 , 334.19 ,  0.00 ,  0.00 ,  0.00 ,  0.00 
334.19 ,  0.00 , 334.19 ,  0.00 ,  0.00 ,  0.00 ,  0.00 
417.74 ,  0.00 , 417.74 ,  0.00 ,  0.00 ,  0.00 ,  0.00 
584.83 ,  0.00 , 584.83 ,  0.00 ,  0.00 ,  0.00 ,  0.00 
501.29 ,  0.00 , 501.29 ,  0.00 ,  0.00 ,  0.00 ,  0.00 
501.29 ,  0.00 , 501.29 ,  0.00 ,  0.00 ,  0.00 ,  0.00 
417.74 ,  0.00 , 417.74 ,  0.00 ,  0.00 ,  0.00 ,  0.00 
417.74 ,  0.00 , 417.74 ,  0.00 ,  0.00 ,  0.00 ,  0.00 
83.55 ,  0.00 , 83.55 ,  0.00 ,  0.00 ,  0.00 ,  0.00 
 0.00 ,  0.00 ,  0.00 ,  0.00 ,  0.00 ,  0.00 ,  0.00 
 0.00 ,  0.00 ,  0.00 ,  0.00 ,  0.00 ,  0.00 ,  0.00 
 0.00 ,  0.00 ,  0.00 ,  0.00 ,  0.00 ,  0.00 ,  0.00 
 0.00 ,  0.00 ,  0.00 ,  0.00 ,  0.00 ,  0.00 ,  0.00 
83.55 ,  0.00 , 83.55 ,  0.00 ,  0.00 ,  0.00 ,  0.00 
250.64 ,  0.00 , 250.64 ,  0.00 ,  0.00 ,  0.00 ,  0.00 
835.48 ,  0.00 , 835.48 , 286.45 ,  0.00 , 564.17 ,  0.00 
584.83 ,  0.00 , 584.83 , 213.72 ,  0.00 , 351.32 ,  0.00 
584.83 ,  0.00 , 584.83 , 157.07 ,  0.00 , 186.46 ,  0.00 
501.29 ,  0.00 , 501.29 , 120.24 ,  0.00 , 70.37 ,  0.00 
501.29 ,  0.00 , 501.29 , 109.25 ,  0.00 , 37.59 ,  0.00 
417.74 ,  0.00 , 417.74 , 103.75 ,  0.00 , 22.70 ,  0.00 
417.74 ,  0.00 , 417.74 , 99.36 ,  0.00 ,  8.66 ,  0.00 
334.19 ,  0.00 , 334.19 ,  0.00 ,  0.00 ,  0.00 ,  0.00 
250.64 ,  0.00 , 250.64 ,  0.00 ,  0.00 ,  0.00 ,  0.00 
334.19 ,  0.00 , 334.19 ,  0.00 ,  0.00 ,  0.00 ,  0.00 
334.19 ,  0.00 , 334.19 ,  0.00 ,  0.00 ,  0.00 ,  0.00 
417.74 ,  0.00 , 417.74 ,  0.00 ,  0.00 ,  0.00 ,  0.00 
584.83 ,  0.00 , 584.83 ,  0.00 ,  0.00 ,  0.00 ,  0.00 
501.29 ,  0.00 , 501.29 ,  0.00 ,  0.00 ,  0.00 ,  0.00 
501.29 ,  0.00 , 501.29 ,  0.00 ,  0.00 ,  0.00 ,  0.00 
417.74 ,  0.00 , 417.74 ,  0.00 ,  0.00 ,  0.00 ,  0.00 
417.74 ,  0.00 , 417.74 ,  0.00 ,  0.00 ,  0.00 ,  0.00 
83.55 ,  0.00 , 83.55 ,  0.00 ,  0.00 ,  0.00 ,  0.00 
 0.00 ,  0.00 ,  0.00 ,  0.00 ,  0.00 ,  0.00 ,  0.00 
 0.00 ,  0.00 ,  0.00 ,  0.00 ,  0.00 ,  0.00 ,  0.00 
 0.00 ,  0.00 ,  0.00 ,  0.00 ,  0.00 ,  0.00 ,  0.00 
 0.00 ,  0.00 ,  0.00 ,  0.00 ,  0.00 ,  0.00 ,  0.00 
83.55 ,  0.00 , 83.55 ,  0.00 ,  0.00 ,  0.00 ,  0.00 
250.64 ,  0.00 , 250.64 ,  0.00 ,  0.00 ,  0.00 ,  0.00 
835.48 ,  0.00 , 835.48 , 214.86 ,  0.00 , 387.53 ,  0.00 
584.83 ,  0.00 , 584.83 , 164.98 ,  0.00 , 225.24 ,  0.00 
584.83 ,  0.00 , 584.83 , 124.75 ,  0.00 , 98.81 ,  0.00 
501.29 ,  0.00 , 501.29 , 106.67 ,  0.00 , 38.75 ,  0.00 
501.29 ,  0.00 , 501.29 , 99.69 ,  0.00 , 16.25 ,  0.00 
417.74 ,  0.00 , 417.74 ,  0.00 ,  0.00 ,  0.00 ,  0.00 
417.74 ,  0.00 , 417.74 ,  0.00 ,  0.00 ,  0.00 ,  0.00 
334.19 ,  0.00 , 334.19 ,  0.00 ,  0.00 ,  0.00 ,  0.00 
250.64 ,  0.00 , 250.64 ,  0.00 ,  0.00 ,  0.00 ,  0.00 
334.19 ,  0.00 , 334.19 ,  0.00 ,  0.00 ,  0.00 ,  0.00 
334.19 ,  0.00 , 334.19 ,  0.00 ,  0.00 ,  0.00 ,  0.00 
417.74 ,  0.00 , 417.74 ,  0.00 ,  0.00 ,  0.00 ,  0.00 
584.83 ,  0.00 , 584.83 ,  0.00 ,  0.00 ,  0.00 ,  0.00 
501.29 ,  0.00 , 501.29 ,  0.00 ,  0.00 ,  0.00 ,  0.00 
501.29 ,  0.00 , 501.29 ,  0.00 ,  0.00 ,  0.00 ,  0.00 
417.74 ,  0.00 , 417.74 ,  0.00 ,  0.00 ,  0.00 ,  0.00 
417.74 ,  0.00 , 417.74 ,  0.00 ,  0.00 ,  0.00 ,  0.00 
83.55 ,  0.00 , 83.55 ,  0.00 ,  0.00 ,  0.00 ,  0.00 
 0.00 ,  0.00 ,  0.00 ,  0.00 ,  0.00 ,  0.00 ,  0.00 
 0.00 ,  0.00 ,  0.00 ,  0.00 ,  0.00 ,  0.00 ,  0.00 
 0.00 ,  0.00 ,  0.00 ,  0.00 ,  0.00 ,  0.00 ,  0.00 
 0.00 ,  0.00 ,  0.00 ,  0.00 ,  0.00 ,  0.00 ,  0.00 
83.55 ,  0.00 , 83.55 ,  0.00 ,  0.00 ,  0.00 ,  0.00 
250.64 ,  0.00 , 250.64 ,  0.00 ,  0.00 ,  0.00 ,  0.00 
835.48 ,  0.00 , 835.48 , 138.65 ,  0.00 , 133.43 ,  0.00 
584.83 ,  0.00 , 584.83 , 127.36 ,  0.00 , 103.22 ,  0.00 
584.83 ,  0.00 , 584.83 , 107.20 ,  0.00 , 40.37 ,  0.00 
501.29 ,  0.00 , 501.29 , 99.93 ,  0.00 , 19.63 ,  0.00 
501.29 ,  0.00 , 501.29 ,  0.00 ,  0.00 ,  0.00 ,  0.00 
417.74 ,  0.00 , 417.74 ,  0.00 ,  0.00 ,  0.00 ,  0.00 
417.74 ,  0.00 , 417.74 ,  0.00 ,  0.00 ,  0.00 ,  0.00 
334.19 ,  0.00 , 334.19 ,  0.00 ,  0.00 ,  0.00 ,  0.00 
250.64 ,  0.00 , 250.64 ,  0.00 ,  0.00 ,  0.00 ,  0.00 
334.19 ,  0.00 , 334.19 ,  0.00 ,  0.00 ,  0.00 ,  0.00 
334.19 ,  0.00 , 334.19 ,  0.00 ,  0.00 ,  0.00 ,  0.00 
417.74 ,  0.00 , 417.74 ,  0.00 ,  0.00 ,  0.00 ,  0.00 
584.83 ,  0.00 , 584.83 ,  0.00 ,  0.00 ,  0.00 ,  0.00 
501.29 ,  0.00 , 501.29 ,  0.00 ,  0.00 ,  0.00 ,  0.00 
501.29 ,  0.00 , 501.29 ,  0.00 ,  0.00 ,  0.00 ,  0.00 
417.74 ,  0.00 , 417.74 ,  0.00 ,  0.00 ,  0.00 ,  0.00 
417.74 ,  0.00 , 417.74 ,  0.00 ,  0.00 ,  0.00 ,  0.00 
83.55 ,  0.00 , 83.55 ,  0.00 ,  0.00 ,  0.00 ,  0.00 
 0.00 ,  0.00 ,  0.00 ,  0.00 ,  0.00 ,  0.00 ,  0.00 
 0.00 ,  0.00 ,  0.00 ,  0.00 ,  0.00 ,  0.00 ,  0.00 
 0.00 ,  0.00 ,  0.00 ,  0.00 ,  0.00 ,  0.00 ,  0.00 
 0.00 ,  0.00 ,  0.00 ,  0.00 ,  0.00 ,  0.00 ,  0.00 
83.55 ,  0.00 , 83.55 ,  0.00 ,  0.00 ,  0.00 ,  0.00 
250.64 ,  0.00 , 250.64 ,  0.00 ,  0.00 ,  0.00 ,  0.00 
835.48 ,  0.00 , 835.48 , 98.38 ,  0.00 ,  1.72 ,  0.00 
584.83 ,  0.00 , 584.83 ,  0.00 ,  0.00 ,  0.00 ,  0.00 
584.83 ,  0.00 , 584.83 ,  0.00 ,  0.00 ,  0.00 ,  0.00 
501.29 ,  0.00 , 501.29 ,  0.00 ,  0.00 ,  0.00 ,  0.00 
501.29 ,  0.00 , 501.29 ,  0.00 ,  0.00 ,  0.00 ,  0.00 
417.74 ,  0.00 , 417.74 ,  0.00 ,  0.00 ,  0.00 ,  0.00 
417.74 ,  0.00 , 417.74 ,  0.00 ,  0.00 ,  0.00 ,  0.00 
334.19 ,  0.00 , 334.19 ,  0.00 ,  0.00 ,  0.00 ,  0.00 
250.64 ,  0.00 , 250.64 ,  0.00 ,  0.00 ,  0.00 ,  0.00 
334.19 ,  0.00 , 334.19 ,  0.00 ,  0.00 ,  0.00 ,  0.00 
334.19 ,  0.00 , 334.19 ,  0.00 ,  0.00 ,  0.00 ,  0.00 
417.74 ,  0.00 , 417.74 ,  0.00 ,  0.00 ,  0.00 ,  0.00 
584.83 ,  0.00 , 584.83 ,  0.00 ,  0.00 ,  0.00 ,  0.00 
501.29 ,  0.00 , 501.29 ,  0.00 ,  0.00 ,  0.00 ,  0.00 
501.29 ,  0.00 , 501.29 ,  0.00 ,  0.00 ,  0.00 ,  0.00 
417.74 ,  0.00 , 417.74 ,  0.00 ,  0.00 ,  0.00 ,  0.00 
417.74 ,  0.00 , 417.74 ,  0.00 ,  0.00 ,  0.00 ,  0.00 
83.55 ,  0.00 , 83.55 ,  0.00 ,  0.00 ,  0.00 ,  0.00 
 0.00 ,  0.00 ,  0.00 ,  0.00 ,  0.00 ,  0.00 ,  0.00 
 0.00 ,  0.00 ,  0.00 ,  0.00 ,  0.00 ,  0.00 ,  0.00 
 0.00 ,  0.00 ,  0.00 ,  0.00 ,  0.00 ,  0.00 ,  0.00 
 0.00 ,  0.00 ,  0.00 ,  0.00 ,  0.00 ,  0.00 ,  0.00 
83.55 ,  0.00 , 83.55 ,  0.00 ,  0.00 ,  0.00 ,  0.00 
250.64 ,  0.00 , 250.64 ,  0.00 ,  0.00 ,  0.00 ,  0.00 
835.48 ,  0.00 , 835.48 ,  0.00 ,  0.00 ,  0.00 ,  0.00 
584.83 ,  0.00 , 584.83 ,  0.00 ,  0.00 ,  0.00 ,  0.00 
584.83 ,  0.00 , 584.83 ,  0.00 ,  0.00 ,  0.00 ,  0.00 
501.29 ,  0.00 , 501.29 ,  0.00 ,  0.00 ,  0.00 ,  0.00 
501.29 ,  0.00 , 501.29 ,  0.00 ,  0.00 ,  0.00 ,  0.00 
417.74 ,  0.00 , 417.74 ,  0.00 ,  0.00 ,  0.00 ,  0.00 
417.74 ,  0.00 , 417.74 ,  0.00 ,  0.00 ,  0.00 ,  0.00 
334.19 ,  0.00 , 334.19 ,  0.00 ,  0.00 ,  0.00 ,  0.00 
250.64 ,  0.00 , 250.64 ,  0.00 ,  0.00 ,  0.00 ,  0.00 
334.19 ,  0.00 , 334.19 ,  0.00 ,  0.00 ,  0.00 ,  0.00 
334.19 ,  0.00 , 334.19 ,  0.00 ,  0.00 ,  0.00 ,  0.00 
417.74 ,  0.00 , 417.74 ,  0.00 ,  0.00 ,  0.00 ,  0.00 
584.83 ,  0.00 , 584.83 ,  0.00 ,  0.00 ,  0.00 ,  0.00 
501.29 ,  0.00 , 501.29 ,  0.00 ,  0.00 ,  0.00 ,  0.00 
501.29 ,  0.00 , 501.29 ,  0.00 ,  0.00 ,  0.00 ,  0.00 
417.74 ,  0.00 , 417.74 ,  0.00 ,  0.00 ,  0.00 ,  0.00 
417.74 ,  0.00 , 417.74 ,  0.00 ,  0.00 ,  0.00 ,  0.00 
83.55 ,  0.00 , 83.55 ,  0.00 ,  0.00 ,  0.00 ,  0.00 
 0.00 ,  0.00 ,  0.00 ,  0.00 ,  0.00 ,  0.00 ,  0.00 
 0.00 ,  0.00 ,  0.00 ,  0.00 ,  0.00 ,  0.00 ,  0.00 
 0.00 ,  0.00 ,  0.00 ,  0.00 ,  0.00 ,  0.00 ,  0.00 
 0.00 ,  0.00 ,  0.00 ,  0.00 ,  0.00 ,  0.00 ,  0.00 
83.55 ,  0.00 , 83.55 ,  0.00 ,  0.00 ,  0.00 ,  0.00 
250.64 ,  0.00 , 250.64 ,  0.00 ,  0.00 ,  0.00 ,  0.00 
835.48 ,  0.00 , 835.48 ,  0.00 ,  0.00 ,  0.00 ,  0.00 
584.83 ,  0.00 , 584.83 ,  0.00 ,  0.00 ,  0.00 ,  0.00 
584.83 ,  0.00 , 584.83 ,  0.00 ,  0.00 ,  0.00 ,  0.00 
501.29 ,  0.00 , 501.29 ,  0.00 ,  0.00 ,  0.00 ,  0.00 
501.29 ,  0.00 , 501.29 ,  0.00 ,  0.00 ,  0.00 ,  0.00 
417.74 ,  0.00 , 417.74 ,  0.00 ,  0.00 ,  0.00 ,  0.00 
417.74 ,  0.00 , 417.74 ,  0.00 ,  0.00 ,  0.00 ,  0.00 
334.19 ,  0.00 , 334.19 ,  0.00 ,  0.00 ,  0.00 ,  0.00 
250.64 ,  0.00 , 250.64 ,  0.00 ,  0.00 ,  0.00 ,  0.00 
334.19 ,  0.00 , 334.19 ,  0.00 ,  0.00 ,  0.00 ,  0.00 
334.19 ,  0.00 , 334.19 ,  0.00 ,  0.00 ,  0.00 ,  0.00 
417.74 ,  0.00 , 417.74 ,  0.00 ,  0.00 ,  0.00 ,  0.00 
584.83 ,  0.00 , 584.83 ,  0.00 ,  0.00 ,  0.00 ,  0.00 
501.29 ,  0.00 , 501.29 ,  0.00 ,  0.00 ,  0.00 ,  0.00 
501.29 ,  0.00 , 501.29 ,  0.00 ,  0.00 ,  0.00 ,  0.00 
417.74 ,  0.00 , 417.74 ,  0.00 ,  0.00 ,  0.00 ,  0.00 
417.74 ,  0.00 , 417.74 ,  0.00 ,  0.00 ,  0.00 ,  0.00 
83.55 ,  0.00 , 83.55 ,  0.00 ,  0.00 ,  0.00 ,  0.00 
 0.00 ,  0.00 ,  0.00 ,  0.00 ,  0.00 ,  0.00 ,  0.00 
 0.00 ,  0.00 ,  0.00 ,  0.00 ,  0.00 ,  0.00 ,  0.00 
 0.00 ,  0.00 ,  0.00 ,  0.00 ,  0.00 ,  0.00 ,  0.00 
 0.00 ,  0.00 ,  0.00 ,  0.00 ,  0.00 ,  0.00 ,  0.00 
83.55 ,  0.00 , 83.55 ,  0.00 ,  0.00 ,  0.00 ,  0.00 
250.64 ,  0.00 , 250.64 ,  0.00 ,  0.00 ,  0.00 ,  0.00 
835.48 ,  0.00 , 835.48 ,  0.00 ,  0.00 ,  0.00 ,  0.00 
584.83 ,  0.00 , 584.83 ,  0.00 ,  0.00 ,  0.00 ,  0.00 
584.83 ,  0.00 , 584.83 ,  0.00 ,  0.00 ,  0.00 ,  0.00 
501.29 ,  0.00 , 501.29 ,  0.00 ,  0.00 ,  0.00 ,  0.00 
501.29 ,  0.00 , 501.29 ,  0.00 ,  0.00 ,  0.00 ,  0.00 
417.74 ,  0.00 , 417.74 ,  0.00 ,  0.00 ,  0.00 ,  0.00 
417.74 ,  0.00 , 417.74 ,  0.00 ,  0.00 ,  0.00 ,  0.00 
334.19 ,  0.00 , 334.19 ,  0.00 ,  0.00 ,  0.00 ,  0.00 
250.64 ,  0.00 , 250.64 ,  0.00 ,  0.00 ,  0.00 ,  0.00 
334.19 ,  0.00 , 334.19 ,  0.00 ,  0.00 ,  0.00 ,  0.00 
334.19 ,  0.00 , 334.19 ,  0.00 ,  0.00 ,  0.00 ,  0.00 
417.74 ,  0.00 , 417.74 ,  0.00 ,  0.00 ,  0.00 ,  0.00 
584.83 ,  0.00 , 584.83 ,  0.00 ,  0.00 ,  0.00 ,  0.00 
501.29 ,  0.00 , 501.29 ,  0.00 ,  0.00 ,  0.00 ,  0.00 
501.29 ,  0.00 , 501.29 ,  0.00 ,  0.00 ,  0.00 ,  0.00 
417.74 ,  0.00 , 417.74 ,  0.00 ,  0.00 ,  0.00 ,  0.00 
417.74 ,  0.00 , 417.74 ,  0.00 ,  0.00 ,  0.00 ,  0.00 
83.55 ,  0.00 , 83.55 ,  0.00 ,  0.00 ,  0.00 ,  0.00 
 0.00 ,  0.00 ,  0.00 ,  0.00 ,  0.00 ,  0.00 ,  0.00 
 0.00 ,  0.00 ,  0.00 ,  0.00 ,  0.00 ,  0.00 ,  0.00 
 0.00 ,  0.00 ,  0.00 ,  0.00 ,  0.00 ,  0.00 ,  0.00 
 0.00 ,  0.00 ,  0.00 ,  0.00 ,  0.00 ,  0.00 ,  0.00 
83.55 ,  0.00 , 83.55 ,  0.00 ,  0.00 ,  0.00 ,  0.00 
250.64 ,  0.00 , 250.64 ,  0.00 ,  0.00 ,  0.00 ,  0.00 
835.48 ,  0.00 , 835.48 ,  0.00 ,  0.00 ,  0.00 ,  0.00 
584.83 ,  0.00 , 584.83 ,  0.00 ,  0.00 ,  0.00 ,  0.00 
584.83 ,  0.00 , 584.83 ,  0.00 ,  0.00 ,  0.00 ,  0.00 
501.29 ,  0.00 , 501.29 ,  0.00 ,  0.00 ,  0.00 ,  0.00 
501.29 ,  0.00 , 501.29 ,  0.00 ,  0.00 ,  0.00 ,  0.00 
417.74 ,  0.00 , 417.74 ,  0.00 ,  0.00 ,  0.00 ,  0.00 
417.74 ,  0.00 , 417.74 ,  0.00 ,  0.00 ,  0.00 ,  0.00 
334.19 ,  0.00 , 334.19 ,  0.00 ,  0.00 ,  0.00 ,  0.00 
250.64 ,  0.00 , 250.64 ,  0.00 ,  0.00 ,  0.00 ,  0.00 
334.19 ,  0.00 , 334.19 ,  0.00 ,  0.00 ,  0.00 ,  0.00 
334.19 ,  0.00 , 334.19 ,  0.00 ,  0.00 ,  0.00 ,  0.00 
417.74 ,  0.00 , 417.74 ,  0.00 ,  0.00 ,  0.00 ,  0.00 
584.83 ,  0.00 , 584.83 ,  0.00 ,  0.00 ,  0.00 ,  0.00 
501.29 ,  0.00 , 501.29 ,  0.00 ,  0.00 ,  0.00 ,  0.00 
501.29 ,  0.00 , 501.29 ,  0.00 ,  0.00 ,  0.00 ,  0.00 
417.74 ,  0.00 , 417.74 ,  0.00 ,  0.00 ,  0.00 ,  0.00 
417.74 ,  0.00 , 417.74 ,  0.00 ,  0.00 ,  0.00 ,  0.00 
83.55 ,  0.00 , 83.55 ,  0.00 ,  0.00 ,  0.00 ,  0.00 
 0.00 ,  0.00 ,  0.00 ,  0.00 ,  0.00 ,  0.00 ,  0.00 
 0.00 ,  0.00 ,  0.00 ,  0.00 ,  0.00 ,  0.00 ,  0.00 
 0.00 ,  0.00 ,  0.00 ,  0.00 ,  0.00 ,  0.00 ,  0.00 
 0.00 ,  0.00 ,  0.00 ,  0.00 ,  0.00 ,  0.00 ,  0.00 
83.55 ,  0.00 , 83.55 ,  0.00 ,  0.00 ,  0.00 ,  0.00 
250.64 ,  0.00 , 250.64 ,  0.00 ,  0.00 ,  0.00 ,  0.00 
835.48 ,  0.00 , 835.48 ,  0.00 ,  0.00 ,  0.00 ,  0.00 
584.83 ,  0.00 , 584.83 ,  0.00 ,  0.00 ,  0.00 ,  0.00 
584.83 ,  0.00 , 584.83 ,  0.00 ,  0.00 ,  0.00 ,  0.00 
501.29 ,  0.00 , 501.29 ,  0.00 ,  0.00 ,  0.00 ,  0.00 
501.29 ,  0.00 , 501.29 ,  0.00 ,  0.00 ,  0.00 ,  0.00 
417.74 ,  0.00 , 417.74 ,  0.00 ,  0.00 ,  0.00 ,  0.00 
417.74 ,  0.00 , 417.74 ,  0.00 ,  0.00 ,  0.00 ,  0.00 
334.19 ,  0.00 , 334.19 ,  0.00 ,  0.00 ,  0.00 ,  0.00 
250.64 ,  0.00 , 250.64 ,  0.00 ,  0.00 ,  0.00 ,  0.00 
334.19 ,  0.00 , 334.19 ,  0.00 ,  0.00 ,  0.00 ,  0.00 
334.19 ,  0.00 , 334.19 ,  0.00 ,  0.00 ,  0.00 ,  0.00 
417.74 ,  0.00 , 417.74 ,  0.00 ,  0.00 ,  0.00 ,  0.00 
584.83 ,  0.00 , 584.83 ,  0.00 ,  0.00 ,  0.00 ,  0.00 
501.29 ,  0.00 , 501.29 ,  0.00 ,  0.00 ,  0.00 ,  0.00 
501.29 ,  0.00 , 501.29 ,  0.00 ,  0.00 ,  0.00 ,  0.00 
417.74 ,  0.00 , 417.74 ,  0.00 ,  0.00 ,  0.00 ,  0.00 
417.74 ,  0.00 , 417.74 ,  0.00 ,  0.00 ,  0.00 ,  0.00 
83.55 ,  0.00 , 83.55 ,  0.00 ,  0.00 ,  0.00 ,  0.00 
 0.00 ,  0.00 ,  0.00 ,  0.00 ,  0.00 ,  0.00 ,  0.00 
 0.00 ,  0.00 ,  0.00 ,  0.00 ,  0.00 ,  0.00 ,  0.00 
 0.00 ,  0.00 ,  0.00 ,  0.00 ,  0.00 ,  0.00 ,  0.00 
 0.00 ,  0.00 ,  0.00 ,  0.00 ,  0.00 ,  0.00 ,  0.00 
83.55 ,  0.00 , 83.55 ,  0.00 ,  0.00 ,  0.00 ,  0.00 
250.64 ,  0.00 , 250.64 ,  0.00 ,  0.00 ,  0.00 ,  0.00 
835.48 ,  0.00 , 835.48 ,  0.00 ,  0.00 ,  0.00 ,  0.00 
584.83 ,  0.00 , 584.83 ,  0.00 ,  0.00 ,  0.00 ,  0.00 
584.83 ,  0.00 , 584.83 ,  0.00 ,  0.00 ,  0.00 ,  0.00 
501.29 ,  0.00 , 501.29 ,  0.00 ,  0.00 ,  0.00 ,  0.00 
501.29 ,  0.00 , 501.29 ,  0.00 ,  0.00 ,  0.00 ,  0.00 
417.74 ,  0.00 , 417.74 ,  0.00 ,  0.00 ,  0.00 ,  0.00 
417.74 ,  0.00 , 417.74 ,  0.00 ,  0.00 ,  0.00 ,  0.00 
334.19 ,  0.00 , 334.19 ,  0.00 ,  0.00 ,  0.00 ,  0.00 
250.64 ,  0.00 , 250.64 ,  0.00 ,  0.00 ,  0.00 ,  0.00 
334.19 ,  0.00 , 334.19 ,  0.00 ,  0.00 ,  0.00 ,  0.00 
334.19 ,  0.00 , 334.19 ,  0.00 ,  0.00 ,  0.00 ,  0.00 
417.74 ,  0.00 , 417.74 ,  0.00 ,  0.00 ,  0.00 ,  0.00 
584.83 ,  0.00 , 584.83 ,  0.00 ,  0.00 ,  0.00 ,  0.00 
501.29 ,  0.00 , 501.29 ,  0.00 ,  0.00 ,  0.00 ,  0.00 
501.29 ,  0.00 , 501.29 ,  0.00 ,  0.00 ,  0.00 ,  0.00 
417.74 ,  0.00 , 417.74 ,  0.00 ,  0.00 ,  0.00 ,  0.00 
417.74 ,  0.00 , 417.74 ,  0.00 ,  0.00 ,  0.00 ,  0.00 
83.55 ,  0.00 , 83.55 ,  0.00 ,  0.00 ,  0.00 ,  0.00 
 0.00 ,  0.00 ,  0.00 ,  0.00 ,  0.00 ,  0.00 ,  0.00 
 0.00 ,  0.00 ,  0.00 ,  0.00 ,  0.00 ,  0.00 ,  0.00 
 0.00 ,  0.00 ,  0.00 ,  0.00 ,  0.00 ,  0.00 ,  0.00 
 0.00 ,  0.00 ,  0.00 ,  0.00 ,  0.00 ,  0.00 ,  0.00 
83.55 ,  0.00 , 83.55 ,  0.00 ,  0.00 ,  0.00 ,  0.00 
250.64 ,  0.00 , 250.64 ,  0.00 ,  0.00 ,  0.00 ,  0.00 
835.48 ,  0.00 , 835.48 ,  0.00 ,  0.00 ,  0.00 ,  0.00 
584.83 ,  0.00 , 584.83 ,  0.00 ,  0.00 ,  0.00 ,  0.00 
584.83 ,  0.00 , 584.83 ,  0.00 ,  0.00 ,  0.00 ,  0.00 
501.29 ,  0.00 , 501.29 ,  0.00 ,  0.00 ,  0.00 ,  0.00 
501.29 ,  0.00 , 501.29 ,  0.00 ,  0.00 ,  0.00 ,  0.00 
417.74 ,  0.00 , 417.74 ,  0.00 ,  0.00 ,  0.00 ,  0.00 
417.74 ,  0.00 , 417.74 ,  0.00 ,  0.00 ,  0.00 ,  0.00 
334.19 ,  0.00 , 334.19 ,  0.00 ,  0.00 ,  0.00 ,  0.00 
250.64 ,  0.00 , 250.64 ,  0.00 ,  0.00 ,  0.00 ,  0.00 
334.19 ,  0.00 , 334.19 ,  0.00 ,  0.00 ,  0.00 ,  0.00 
334.19 ,  0.00 , 334.19 ,  0.00 ,  0.00 ,  0.00 ,  0.00 
417.74 ,  0.00 , 417.74 ,  0.00 ,  0.00 ,  0.00 ,  0.00 
584.83 ,  0.00 , 584.83 ,  0.00 ,  0.00 ,  0.00 ,  0.00 
501.29 ,  0.00 , 501.29 ,  0.00 ,  0.00 ,  0.00 ,  0.00 
501.29 ,  0.00 , 501.29 ,  0.00 ,  0.00 ,  0.00 ,  0.00 
417.74 ,  0.00 , 417.74 ,  0.00 ,  0.00 ,  0.00 ,  0.00 
417.74 ,  0.00 , 417.74 ,  0.00 ,  0.00 ,  0.00 ,  0.00 
81.81 ,  0.00 , 81.81 ,  0.00 ,  0.00 ,  0.00 ,  0.00 
 0.00 ,  0.00 ,  0.00 ,  0.00 ,  0.00 ,  0.00 ,  0.00 
 0.00 ,  0.00 ,  0.00 ,  0.00 ,  0.00 ,  0.00 ,  0.00 
 0.00 ,  0.00 ,  0.00 ,  0.00 ,  0.00 ,  0.00 ,  0.00 
 0.00 ,  0.00 ,  0.00 ,  0.00 ,  0.00 ,  0.00 ,  0.00 
81.81 ,  0.00 , 81.81 ,  0.00 ,  0.00 ,  0.00 ,  0.00 
245.42 ,  0.00 , 245.42 ,  0.00 ,  0.00 ,  0.00 ,  0.00 
818.06 ,  0.00 , 818.06 ,  0.00 ,  0.00 ,  0.00 ,  0.00 
572.64 ,  0.00 , 572.64 ,  0.00 ,  0.00 ,  0.00 ,  0.00 
572.64 ,  0.00 , 572.64 ,  0.00 ,  0.00 ,  0.00 ,  0.00 
490.84 ,  0.00 , 490.84 ,  0.00 ,  0.00 ,  0.00 ,  0.00 
490.84 ,  0.00 , 490.84 ,  0.00 ,  0.00 ,  0.00 ,  0.00 
409.03 ,  0.00 , 409.03 ,  0.00 ,  0.00 ,  0.00 ,  0.00 
409.03 ,  0.00 , 409.03 ,  0.00 ,  0.00 ,  0.00 ,  0.00 
327.22 ,  0.00 , 327.22 ,  0.00 ,  0.00 ,  0.00 ,  0.00 
245.42 ,  0.00 , 245.42 ,  0.00 ,  0.00 ,  0.00 ,  0.00 
327.22 ,  0.00 , 327.22 ,  0.00 ,  0.00 ,  0.00 ,  0.00 
327.22 ,  0.00 , 327.22 ,  0.00 ,  0.00 ,  0.00 ,  0.00 
409.03 ,  0.00 , 409.03 ,  0.00 ,  0.00 ,  0.00 ,  0.00 
572.64 ,  0.00 , 572.64 ,  0.00 ,  0.00 ,  0.00 ,  0.00 
490.84 ,  0.00 , 490.84 ,  0.00 ,  0.00 ,  0.00 ,  0.00 
490.84 ,  0.00 , 490.84 ,  0.00 ,  0.00 ,  0.00 ,  0.00 
409.03 ,  0.00 , 409.03 ,  0.00 ,  0.00 ,  0.00 ,  0.00 
409.03 ,  0.00 , 409.03 ,  0.00 ,  0.00 ,  0.00 ,  0.00 
81.81 ,  0.00 , 81.81 ,  0.00 ,  0.00 ,  0.00 ,  0.00 
 0.00 ,  0.00 ,  0.00 ,  0.00 ,  0.00 ,  0.00 ,  0.00 
 0.00 ,  0.00 ,  0.00 ,  0.00 ,  0.00 ,  0.00 ,  0.00 
 0.00 ,  0.00 ,  0.00 ,  0.00 ,  0.00 ,  0.00 ,  0.00 
 0.00 ,  0.00 ,  0.00 ,  0.00 ,  0.00 ,  0.00 ,  0.00 
81.81 ,  0.00 , 81.81 ,  0.00 ,  0.00 ,  0.00 ,  0.00 
245.42 ,  0.00 , 245.42 ,  0.00 ,  0.00 ,  0.00 ,  0.00 
818.06 ,  0.00 , 818.06 ,  0.00 ,  0.00 ,  0.00 ,  0.00 
572.64 ,  0.00 , 572.64 ,  0.00 ,  0.00 ,  0.00 ,  0.00 
572.64 ,  0.00 , 572.64 ,  0.00 ,  0.00 ,  0.00 ,  0.00 
490.84 ,  0.00 , 490.84 ,  0.00 ,  0.00 ,  0.00 ,  0.00 
490.84 ,  0.00 , 490.84 ,  0.00 ,  0.00 ,  0.00 ,  0.00 
409.03 ,  0.00 , 409.03 ,  0.00 ,  0.00 ,  0.00 ,  0.00 
409.03 ,  0.00 , 409.03 ,  0.00 ,  0.00 ,  0.00 ,  0.00 
327.22 ,  0.00 , 327.22 ,  0.00 ,  0.00 ,  0.00 ,  0.00 
245.42 ,  0.00 , 245.42 ,  0.00 ,  0.00 ,  0.00 ,  0.00 
327.22 ,  0.00 , 327.22 ,  0.00 ,  0.00 ,  0.00 ,  0.00 
327.22 ,  0.00 , 327.22 ,  0.00 ,  0.00 ,  0.00 ,  0.00 
409.03 ,  0.00 , 409.03 ,  0.00 ,  0.00 ,  0.00 ,  0.00 
572.64 ,  0.00 , 572.64 ,  0.00 ,  0.00 ,  0.00 ,  0.00 
490.84 ,  0.00 , 490.84 ,  0.00 ,  0.00 ,  0.00 ,  0.00 
490.84 ,  0.00 , 490.84 ,  0.00 ,  0.00 ,  0.00 ,  0.00 
409.03 ,  0.00 , 409.03 ,  0.00 ,  0.00 ,  0.00 ,  0.00 
409.03 ,  0.00 , 409.03 ,  0.00 ,  0.00 ,  0.00 ,  0.00 
81.81 ,  0.00 , 81.81 ,  0.00 ,  0.00 ,  0.00 ,  0.00 
 0.00 ,  0.00 ,  0.00 ,  0.00 ,  0.00 ,  0.00 ,  0.00 
 0.00 ,  0.00 ,  0.00 ,  0.00 ,  0.00 ,  0.00 ,  0.00 
 0.00 ,  0.00 ,  0.00 ,  0.00 ,  0.00 ,  0.00 ,  0.00 
 0.00 ,  0.00 ,  0.00 ,  0.00 ,  0.00 ,  0.00 ,  0.00 
81.81 ,  0.00 , 81.81 ,  0.00 ,  0.00 ,  0.00 ,  0.00 
245.42 ,  0.00 , 245.42 ,  0.00 ,  0.00 ,  0.00 ,  0.00 
818.06 ,  0.00 , 818.06 ,  0.00 ,  0.00 ,  0.00 ,  0.00 
572.64 ,  0.00 , 572.64 ,  0.00 ,  0.00 ,  0.00 ,  0.00 
572.64 ,  0.00 , 572.64 ,  0.00 ,  0.00 ,  0.00 ,  0.00 
490.84 ,  0.00 , 490.84 ,  0.00 ,  0.00 ,  0.00 ,  0.00 
490.84 ,  0.00 , 490.84 ,  0.00 ,  0.00 ,  0.00 ,  0.00 
409.03 ,  0.00 , 409.03 ,  0.00 ,  0.00 ,  0.00 ,  0.00 
409.03 ,  0.00 , 409.03 ,  0.00 ,  0.00 ,  0.00 ,  0.00 
327.22 ,  0.00 , 327.22 ,  0.00 ,  0.00 ,  0.00 ,  0.00 
245.42 ,  0.00 , 245.42 ,  0.00 ,  0.00 ,  0.00 ,  0.00 
327.22 ,  0.00 , 327.22 ,  0.00 ,  0.00 ,  0.00 ,  0.00 
327.22 ,  0.00 , 327.22 ,  0.00 ,  0.00 ,  0.00 ,  0.00 
409.03 ,  0.00 , 409.03 ,  0.00 ,  0.00 ,  0.00 ,  0.00 
572.64 ,  0.00 , 572.64 ,  0.00 ,  0.00 ,  0.00 ,  0.00 
490.84 ,  0.00 , 490.84 ,  0.00 ,  0.00 ,  0.00 ,  0.00 
490.84 ,  0.00 , 490.84 ,  0.00 ,  0.00 ,  0.00 ,  0.00 
409.03 ,  0.00 , 409.03 ,  0.00 ,  0.00 ,  0.00 ,  0.00 
409.03 ,  0.00 , 409.03 ,  0.00 ,  0.00 ,  0.00 ,  0.00 
81.81 ,  0.00 , 81.81 ,  0.00 ,  0.00 ,  0.00 ,  0.00 
 0.00 ,  0.00 ,  0.00 ,  0.00 ,  0.00 ,  0.00 ,  0.00 
 0.00 ,  0.00 ,  0.00 ,  0.00 ,  0.00 ,  0.00 ,  0.00 
 0.00 ,  0.00 ,  0.00 ,  0.00 ,  0.00 ,  0.00 ,  0.00 
 0.00 ,  0.00 ,  0.00 ,  0.00 ,  0.00 ,  0.00 ,  0.00 
81.81 ,  0.00 , 81.81 ,  0.00 ,  0.00 ,  0.00 ,  0.00 
245.42 ,  0.00 , 245.42 ,  0.00 ,  0.00 ,  0.00 ,  0.00 
818.06 ,  0.00 , 818.06 ,  0.00 ,  0.00 ,  0.00 ,  0.00 
572.64 ,  0.00 , 572.64 ,  0.00 ,  0.00 ,  0.00 ,  0.00 
572.64 ,  0.00 , 572.64 ,  0.00 ,  0.00 ,  0.00 ,  0.00 
490.84 ,  0.00 , 490.84 ,  0.00 ,  0.00 ,  0.00 ,  0.00 
490.84 ,  0.00 , 490.84 ,  0.00 ,  0.00 ,  0.00 ,  0.00 
409.03 ,  0.00 , 409.03 ,  0.00 ,  0.00 ,  0.00 ,  0.00 
409.03 ,  0.00 , 409.03 ,  0.00 ,  0.00 ,  0.00 ,  0.00 
327.22 ,  0.00 , 327.22 ,  0.00 ,  0.00 ,  0.00 ,  0.00 
245.42 ,  0.00 , 245.42 ,  0.00 ,  0.00 ,  0.00 ,  0.00 
327.22 ,  0.00 , 327.22 ,  0.00 ,  0.00 ,  0.00 ,  0.00 
327.22 ,  0.00 , 327.22 ,  0.00 ,  0.00 ,  0.00 ,  0.00 
409.03 ,  0.00 , 409.03 ,  0.00 ,  0.00 ,  0.00 ,  0.00 
572.64 ,  0.00 , 572.64 ,  0.00 ,  0.00 ,  0.00 ,  0.00 
490.84 ,  0.00 , 490.84 ,  0.00 ,  0.00 ,  0.00 ,  0.00 
490.84 ,  0.00 , 490.84 ,  0.00 ,  0.00 ,  0.00 ,  0.00 
409.03 ,  0.00 , 409.03 ,  0.00 ,  0.00 ,  0.00 ,  0.00 
409.03 ,  0.00 , 409.03 ,  0.00 ,  0.00 ,  0.00 ,  0.00 
81.81 ,  0.00 , 81.81 ,  0.00 ,  0.00 ,  0.00 ,  0.00 
 0.00 ,  0.00 ,  0.00 ,  0.00 ,  0.00 ,  0.00 ,  0.00 
 0.00 ,  0.00 ,  0.00 ,  0.00 ,  0.00 ,  0.00 ,  0.00 
 0.00 ,  0.00 ,  0.00 ,  0.00 ,  0.00 ,  0.00 ,  0.00 
 0.00 ,  0.00 ,  0.00 ,  0.00 ,  0.00 ,  0.00 ,  0.00 
81.81 ,  0.00 , 81.81 ,  0.00 ,  0.00 ,  0.00 ,  0.00 
245.42 ,  0.00 , 245.42 ,  0.00 ,  0.00 ,  0.00 ,  0.00 
818.06 ,  0.00 , 818.06 , 143.10 ,  0.00 , 72.95 ,  0.00 
572.64 ,  0.00 , 572.64 , 138.89 ,  0.00 , 75.65 ,  0.00 
572.64 ,  0.00 , 572.64 , 124.71 ,  0.00 , 51.83 ,  0.00 
490.84 ,  0.00 , 490.84 , 109.26 ,  0.00 , 11.71 ,  0.00 
490.84 ,  0.00 , 490.84 ,  0.00 ,  0.00 ,  0.00 ,  0.00 
409.03 ,  0.00 , 409.03 ,  0.00 ,  0.00 ,  0.00 ,  0.00 
409.03 ,  0.00 , 409.03 ,  0.00 ,  0.00 ,  0.00 ,  0.00 
327.22 ,  0.00 , 327.22 ,  0.00 ,  0.00 ,  0.00 ,  0.00 
245.42 ,  0.00 , 245.42 ,  0.00 ,  0.00 ,  0.00 ,  0.00 
327.22 ,  0.00 , 327.22 ,  0.00 ,  0.00 ,  0.00 ,  0.00 
327.22 ,  0.00 , 327.22 ,  0.00 ,  0.00 ,  0.00 ,  0.00 
409.03 ,  0.00 , 409.03 ,  0.00 ,  0.00 ,  0.00 ,  0.00 
572.64 ,  0.00 , 572.64 ,  0.00 ,  0.00 ,  0.00 ,  0.00 
490.84 ,  0.00 , 490.84 ,  0.00 ,  0.00 ,  0.00 ,  0.00 
490.84 ,  0.00 , 490.84 ,  0.00 ,  0.00 ,  0.00 ,  0.00 
409.03 ,  0.00 , 409.03 ,  0.00 ,  0.00 ,  0.00 ,  0.00 
409.03 ,  0.00 , 409.03 ,  0.00 ,  0.00 ,  0.00 ,  0.00 
81.81 ,  0.00 , 81.81 ,  0.00 ,  0.00 ,  0.00 ,  0.00 
 0.00 ,  0.00 ,  0.00 ,  0.00 ,  0.00 ,  0.00 ,  0.00 
 0.00 ,  0.00 ,  0.00 ,  0.00 ,  0.00 ,  0.00 ,  0.00 
 0.00 ,  0.00 ,  0.00 ,  0.00 ,  0.00 ,  0.00 ,  0.00 
 0.00 ,  0.00 ,  0.00 ,  0.00 ,  0.00 ,  0.00 ,  0.00 
81.81 ,  0.00 , 81.81 ,  0.00 ,  0.00 ,  0.00 ,  0.00 
245.42 ,  0.00 , 245.42 ,  0.00 ,  0.00 ,  0.00 ,  0.00 
818.06 ,  0.00 , 818.06 , 125.80 ,  0.00 , 65.14 ,  0.00 
572.64 ,  0.00 , 572.64 , 120.96 ,  0.00 , 59.72 ,  0.00 
572.64 ,  0.00 , 572.64 , 107.78 ,  0.00 , 25.07 ,  0.00 
490.84 ,  0.00 , 490.84 , 102.61 ,  0.00 , 15.46 ,  0.00 
490.84 ,  0.00 , 490.84 ,  0.00 ,  0.00 ,  0.00 ,  0.00 
409.03 ,  0.00 , 409.03 ,  0.00 ,  0.00 ,  0.00 ,  0.00 
409.03 ,  0.00 , 409.03 ,  0.00 ,  0.00 ,  0.00 ,  0.00 
327.22 ,  0.00 , 327.22 ,  0.00 ,  0.00 ,  0.00 ,  0.00 
245.42 ,  0.00 , 245.42 ,  0.00 ,  0.00 ,  0.00 ,  0.00 
327.22 ,  0.00 , 327.22 ,  0.00 ,  0.00 ,  0.00 ,  0.00 
327.22 ,  0.00 , 327.22 ,  0.00 ,  0.00 ,  0.00 ,  0.00 
409.03 ,  0.00 , 409.03 ,  0.00 ,  0.00 ,  0.00 ,  0.00 
572.64 ,  0.00 , 572.64 ,  0.00 ,  0.00 ,  0.00 ,  0.00 
490.84 ,  0.00 , 490.84 ,  0.00 ,  0.00 ,  0.00 ,  0.00 
490.84 ,  0.00 , 490.84 ,  0.00 ,  0.00 ,  0.00 ,  0.00 
409.03 ,  0.00 , 409.03 ,  0.00 ,  0.00 ,  0.00 ,  0.00 
409.03 ,  0.00 , 409.03 ,  0.00 ,  0.00 ,  0.00 ,  0.00 
81.81 ,  0.00 , 81.81 ,  0.00 ,  0.00 ,  0.00 ,  0.00 
 0.00 ,  0.00 ,  0.00 ,  0.00 ,  0.00 ,  0.00 ,  0.00 
 0.00 ,  0.00 ,  0.00 ,  0.00 ,  0.00 ,  0.00 ,  0.00 
 0.00 ,  0.00 ,  0.00 ,  0.00 ,  0.00 ,  0.00 ,  0.00 
 0.00 ,  0.00 ,  0.00 ,  0.00 ,  0.00 ,  0.00 ,  0.00 
81.81 ,  0.00 , 81.81 ,  0.00 ,  0.00 ,  0.00 ,  0.00 
245.42 ,  0.00 , 245.42 ,  0.00 ,  0.00 ,  0.00 ,  0.00 
818.06 ,  0.00 , 818.06 , 171.17 ,  0.00 , 219.12 ,  0.00 
572.64 ,  0.00 , 572.64 , 150.88 ,  0.00 , 161.32 ,  0.00 
572.64 ,  0.00 , 572.64 , 132.38 ,  0.00 , 110.83 ,  0.00 
490.84 ,  0.00 , 490.84 , 119.29 ,  0.00 , 69.61 ,  0.00 
490.84 ,  0.00 , 490.84 , 110.05 ,  0.00 , 39.28 ,  0.00 
409.03 ,  0.00 , 409.03 , 102.22 ,  0.00 , 14.11 ,  0.00 
409.03 ,  0.00 , 409.03 ,  0.00 ,  0.00 ,  0.00 ,  0.00 
327.22 ,  0.00 , 327.22 ,  0.00 ,  0.00 ,  0.00 ,  0.00 
245.42 ,  0.00 , 245.42 ,  0.00 ,  0.00 ,  0.00 ,  0.00 
327.22 ,  0.00 , 327.22 ,  0.00 ,  0.00 ,  0.00 ,  0.00 
327.22 ,  0.00 , 327.22 ,  0.00 ,  0.00 ,  0.00 ,  0.00 
409.03 ,  0.00 , 409.03 ,  0.00 ,  0.00 ,  0.00 ,  0.00 
572.64 ,  0.00 , 572.64 ,  0.00 ,  0.00 ,  0.00 ,  0.00 
490.84 ,  0.00 , 490.84 ,  0.00 ,  0.00 ,  0.00 ,  0.00 
490.84 ,  0.00 , 490.84 ,  0.00 ,  0.00 ,  0.00 ,  0.00 
409.03 ,  0.00 , 409.03 ,  0.00 ,  0.00 ,  0.00 ,  0.00 
409.03 ,  0.00 , 409.03 ,  0.00 ,  0.00 ,  0.00 ,  0.00 
81.81 ,  0.00 , 81.81 ,  0.00 ,  0.00 ,  0.00 ,  0.00 
 0.00 ,  0.00 ,  0.00 ,  0.00 ,  0.00 ,  0.00 ,  0.00 
 0.00 ,  0.00 ,  0.00 ,  0.00 ,  0.00 ,  0.00 ,  0.00 
 0.00 ,  0.00 ,  0.00 ,  0.00 ,  0.00 ,  0.00 ,  0.00 
 0.00 ,  0.00 ,  0.00 ,  0.00 ,  0.00 ,  0.00 ,  0.00 
81.81 ,  0.00 , 81.81 ,  0.00 ,  0.00 ,  0.00 ,  0.00 
245.42 ,  0.00 , 245.42 ,  0.00 ,  0.00 ,  0.00 ,  0.00 
818.06 ,  0.00 , 818.06 , 437.05 ,  0.00 , 914.28 ,  0.00 
572.64 ,  0.00 , 572.64 , 307.47 ,  0.00 , 568.78 ,  0.00 
572.64 ,  0.00 , 572.64 , 255.67 ,  0.00 , 449.89 ,  0.00 
490.84 ,  0.00 , 490.84 , 193.54 ,  0.00 , 278.08 ,  0.00 
490.84 ,  0.00 , 490.84 , 141.71 ,  0.00 , 121.66 ,  0.00 
409.03 ,  0.00 , 409.03 , 136.04 ,  0.00 , 106.15 ,  0.00 
409.03 ,  0.00 , 409.03 , 123.72 ,  0.00 , 69.82 ,  0.00 
327.22 ,  0.00 , 327.22 , 115.83 ,  0.00 , 42.97 ,  0.00 
245.42 ,  0.00 , 245.42 , 122.56 ,  0.00 , 64.07 ,  0.00 
327.22 ,  0.00 , 327.22 , 140.11 ,  0.00 , 121.02 ,  0.00 
327.22 ,  0.00 , 327.22 , 158.97 ,  0.00 , 177.08 ,  0.00 
409.03 ,  0.00 , 409.03 , 165.23 ,  0.00 , 192.89 ,  0.00 
572.64 ,  0.00 , 572.64 , 162.56 ,  0.00 , 178.14 ,  0.00 
490.84 ,  0.00 , 490.84 , 169.83 ,  0.00 , 196.39 ,  0.00 
490.84 ,  0.00 , 490.84 , 177.29 ,  0.00 , 214.53 ,  0.00 
409.03 ,  0.00 , 409.03 , 187.86 ,  0.00 , 238.68 ,  0.00 
409.03 ,  0.00 , 409.03 ,  0.00 ,  0.00 ,  0.00 ,  0.00 
81.81 ,  0.00 , 81.81 ,  0.00 ,  0.00 ,  0.00 ,  0.00 
 0.00 ,  0.00 ,  0.00 ,  0.00 ,  0.00 ,  0.00 ,  0.00 
 0.00 ,  0.00 ,  0.00 ,  0.00 ,  0.00 ,  0.00 ,  0.00 
 0.00 ,  0.00 ,  0.00 ,  0.00 ,  0.00 ,  0.00 ,  0.00 
 0.00 ,  0.00 ,  0.00 ,  0.00 ,  0.00 ,  0.00 ,  0.00 
81.81 ,  0.00 , 81.81 ,  0.00 ,  0.00 ,  0.00 ,  0.00 
245.42 ,  0.00 , 245.42 ,  0.00 ,  0.00 ,  0.00 ,  0.00 
818.06 ,  0.00 , 818.06 , 913.76 ,  0.00 , 2209.84 ,  0.00 
572.64 ,  0.00 , 572.64 , 478.59 ,  0.00 , 1039.96 ,  0.00 
572.64 ,  0.00 , 572.64 , 371.22 ,  0.00 , 790.90 ,  0.00 
490.84 ,  0.00 , 490.84 , 251.23 ,  0.00 , 467.76 ,  0.00 
490.84 ,  0.00 , 490.84 , 183.20 ,  0.00 , 264.06 ,  0.00 
409.03 ,  0.00 , 409.03 , 140.30 ,  0.00 , 130.05 ,  0.00 
409.03 ,  0.00 , 409.03 , 123.33 ,  0.00 , 80.37 ,  0.00 
327.22 ,  0.00 , 327.22 , 111.75 ,  0.00 , 39.25 ,  0.00 
245.42 ,  0.00 , 245.42 , 105.78 ,  0.00 , 18.85 ,  0.00 
327.22 ,  0.00 , 327.22 , 107.60 ,  0.00 , 27.07 ,  0.00 
327.22 ,  0.00 , 327.22 , 116.11 ,  0.00 , 55.67 ,  0.00 
409.03 ,  0.00 , 409.03 , 128.09 ,  0.00 , 94.35 ,  0.00 
572.64 ,  0.00 , 572.64 , 134.71 ,  0.00 , 111.06 ,  0.00 
490.84 ,  0.00 , 490.84 , 138.13 ,  0.00 , 121.14 ,  0.00 
490.84 ,  0.00 , 490.84 , 148.02 ,  0.00 , 152.24 ,  0.00 
409.03 ,  0.00 , 409.03 , 151.00 ,  0.00 , 162.92 ,  0.00 
409.03 ,  0.00 , 409.03 ,  0.00 ,  0.00 ,  0.00 ,  0.00 
81.81 ,  0.00 , 81.81 ,  0.00 ,  0.00 ,  0.00 ,  0.00 
 0.00 ,  0.00 ,  0.00 ,  0.00 ,  0.00 ,  0.00 ,  0.00 
 0.00 ,  0.00 ,  0.00 ,  0.00 ,  0.00 ,  0.00 ,  0.00 
 0.00 ,  0.00 ,  0.00 ,  0.00 ,  0.00 ,  0.00 ,  0.00 
 0.00 ,  0.00 ,  0.00 ,  0.00 ,  0.00 ,  0.00 ,  0.00 
81.81 ,  0.00 , 81.81 ,  0.00 ,  0.00 ,  0.00 ,  0.00 
245.42 ,  0.00 , 245.42 ,  0.00 ,  0.00 ,  0.00 ,  0.00 
818.06 ,  0.00 , 818.06 , 522.90 ,  0.00 , 1448.90 ,  0.00 
572.64 ,  0.00 , 572.64 , 309.58 ,  0.00 , 709.09 ,  0.00 
572.64 ,  0.00 , 572.64 , 280.75 ,  0.00 , 629.02 ,  0.00 
490.84 ,  0.00 , 490.84 , 226.00 ,  0.00 , 451.23 ,  0.00 
490.84 ,  0.00 , 490.84 , 187.38 ,  0.00 , 330.34 ,  0.00 
409.03 ,  0.00 , 409.03 , 179.77 ,  0.00 , 307.02 ,  0.00 
409.03 ,  0.00 , 409.03 , 189.31 ,  0.00 , 341.78 ,  0.00 
327.22 ,  0.00 , 327.22 , 202.55 ,  0.00 , 386.43 ,  0.00 
245.42 ,  0.00 , 245.42 , 200.89 ,  0.00 , 376.61 ,  0.00 
327.22 ,  0.00 , 327.22 , 203.31 ,  0.00 , 381.64 ,  0.00 
327.22 ,  0.00 , 327.22 , 209.01 ,  0.00 , 403.63 ,  0.00 
409.03 ,  0.00 , 409.03 , 212.64 ,  0.00 , 413.00 ,  0.00 
572.64 ,  0.00 , 572.64 , 196.31 ,  0.00 , 343.16 ,  0.00 
490.84 ,  0.00 , 490.84 , 191.69 ,  0.00 , 328.97 ,  0.00 
490.84 ,  0.00 , 490.84 , 189.32 ,  0.00 , 320.01 ,  0.00 
409.03 ,  0.00 , 409.03 , 196.97 ,  0.00 , 341.45 ,  0.00 
409.03 ,  0.00 , 409.03 ,  0.00 ,  0.00 ,  0.00 ,  0.00 
81.81 ,  0.00 , 81.81 ,  0.00 ,  0.00 ,  0.00 ,  0.00 
 0.00 ,  0.00 ,  0.00 ,  0.00 ,  0.00 ,  0.00 ,  0.00 
 0.00 ,  0.00 ,  0.00 ,  0.00 ,  0.00 ,  0.00 ,  0.00 
 0.00 ,  0.00 ,  0.00 ,  0.00 ,  0.00 ,  0.00 ,  0.00 
 0.00 ,  0.00 ,  0.00 ,  0.00 ,  0.00 ,  0.00 ,  0.00 
81.81 ,  0.00 , 81.81 ,  0.00 ,  0.00 ,  0.00 ,  0.00 
245.42 ,  0.00 , 245.42 ,  0.00 ,  0.00 ,  0.00 ,  0.00 
818.06 ,  0.00 , 818.06 , 718.78 ,  0.00 , 2178.56 ,  0.00 
572.64 ,  0.00 , 572.64 , 340.18 ,  0.00 , 869.63 ,  0.00 
572.64 ,  0.00 , 572.64 , 276.85 ,  0.00 , 676.72 ,  0.00 
490.84 ,  0.00 , 490.84 , 237.97 ,  0.00 , 542.29 ,  0.00 
490.84 ,  0.00 , 490.84 , 187.67 ,  0.00 , 354.01 ,  0.00 
409.03 ,  0.00 , 409.03 , 134.38 ,  0.00 , 151.23 ,  0.00 
409.03 ,  0.00 , 409.03 , 119.50 ,  0.00 , 93.72 ,  0.00 
327.22 ,  0.00 , 327.22 , 107.36 ,  0.00 , 45.97 ,  0.00 
245.42 ,  0.00 , 245.42 , 102.19 ,  0.00 , 25.85 ,  0.00 
327.22 ,  0.00 , 327.22 , 100.33 ,  0.00 , 17.75 ,  0.00 
327.22 ,  0.00 , 327.22 , 99.70 ,  0.00 , 15.04 ,  0.00 
409.03 ,  0.00 , 409.03 , 105.35 ,  0.00 , 35.02 ,  0.00 
572.64 ,  0.00 , 572.64 , 104.12 ,  0.00 , 24.20 ,  0.00 
490.84 ,  0.00 , 490.84 , 106.70 ,  0.00 , 28.85 ,  0.00 
490.84 ,  0.00 , 490.84 , 109.85 ,  0.00 , 37.64 ,  0.00 
409.03 ,  0.00 , 409.03 , 116.96 ,  0.00 , 58.21 ,  0.00 
409.03 ,  0.00 , 409.03 ,  0.00 ,  0.00 ,  0.00 ,  0.00 
81.81 ,  0.00 , 81.81 ,  0.00 ,  0.00 ,  0.00 ,  0.00 
 0.00 ,  0.00 ,  0.00 ,  0.00 ,  0.00 ,  0.00 ,  0.00 
 0.00 ,  0.00 ,  0.00 ,  0.00 ,  0.00 ,  0.00 ,  0.00 
 0.00 ,  0.00 ,  0.00 ,  0.00 ,  0.00 ,  0.00 ,  0.00 
 0.00 ,  0.00 ,  0.00 ,  0.00 ,  0.00 ,  0.00 ,  0.00 
81.81 ,  0.00 , 81.81 ,  0.00 ,  0.00 ,  0.00 ,  0.00 
245.42 ,  0.00 , 245.42 ,  0.00 ,  0.00 ,  0.00 ,  0.00 
818.06 ,  0.00 , 818.06 , 713.85 ,  0.00 , 1829.00 ,  0.00 
572.64 ,  0.00 , 572.64 , 358.84 ,  0.00 , 791.24 ,  0.00 
572.64 ,  0.00 , 572.64 , 254.97 ,  0.00 , 510.55 ,  0.00 
490.84 ,  0.00 , 490.84 , 167.99 ,  0.00 , 233.32 ,  0.00 
490.84 ,  0.00 , 490.84 , 122.34 ,  0.00 , 81.12 ,  0.00 
409.03 ,  0.00 , 409.03 , 106.82 ,  0.00 , 29.90 ,  0.00 
409.03 ,  0.00 , 409.03 , 100.86 ,  0.00 , 11.27 ,  0.00 
327.22 ,  0.00 , 327.22 ,  0.00 ,  0.00 ,  0.00 ,  0.00 
245.42 ,  0.00 , 245.42 ,  0.00 ,  0.00 ,  0.00 ,  0.00 
327.22 ,  0.00 , 327.22 ,  0.00 ,  0.00 ,  0.00 ,  0.00 
327.22 ,  0.00 , 327.22 ,  0.00 ,  0.00 ,  0.00 ,  0.00 
409.03 ,  0.00 , 409.03 , 99.68 ,  0.00 ,  0.95 ,  0.00 
572.64 ,  0.00 , 572.64 ,  0.00 ,  0.00 ,  0.00 ,  0.00 
490.84 ,  0.00 , 490.84 , 101.54 ,  0.00 ,  2.59 ,  0.00 
490.84 ,  0.00 , 490.84 , 103.76 ,  0.00 ,  8.80 ,  0.00 
409.03 ,  0.00 , 409.03 , 105.48 ,  0.00 , 12.90 ,  0.00 
409.03 ,  0.00 , 409.03 ,  0.00 ,  0.00 ,  0.00 ,  0.00 
81.81 ,  0.00 , 81.81 ,  0.00 ,  0.00 ,  0.00 ,  0.00 
 0.00 ,  0.00 ,  0.00 ,  0.00 ,  0.00 ,  0.00 ,  0.00 
 0.00 ,  0.00 ,  0.00 ,  0.00 ,  0.00 ,  0.00 ,  0.00 
 0.00 ,  0.00 ,  0.00 ,  0.00 ,  0.00 ,  0.00 ,  0.00 
 0.00 ,  0.00 ,  0.00 ,  0.00 ,  0.00 ,  0.00 ,  0.00 
81.81 ,  0.00 , 81.81 ,  0.00 ,  0.00 ,  0.00 ,  0.00 
245.42 ,  0.00 , 245.42 ,  0.00 ,  0.00 ,  0.00 ,  0.00 
818.06 ,  0.00 , 818.06 , 363.97 ,  0.00 , 945.20 ,  0.00 
572.64 ,  0.00 , 572.64 , 206.00 ,  0.00 , 391.08 ,  0.00 
572.64 ,  0.00 , 572.64 , 168.84 ,  0.00 , 274.01 ,  0.00 
490.84 ,  0.00 , 490.84 , 134.72 ,  0.00 , 146.62 ,  0.00 
490.84 ,  0.00 , 490.84 , 117.07 ,  0.00 , 81.41 ,  0.00 
409.03 ,  0.00 , 409.03 , 101.35 ,  0.00 , 21.71 ,  0.00 
409.03 ,  0.00 , 409.03 , 96.21 ,  0.00 ,  1.26 ,  0.00 
327.22 ,  0.00 , 327.22 ,  0.00 ,  0.00 ,  0.00 ,  0.00 
245.42 ,  0.00 , 245.42 ,  0.00 ,  0.00 ,  0.00 ,  0.00 
327.22 ,  0.00 , 327.22 , 98.33 ,  0.00 ,  7.53 ,  0.00 
327.22 ,  0.00 , 327.22 , 100.97 ,  0.00 , 17.74 ,  0.00 
409.03 ,  0.00 , 409.03 , 106.48 ,  0.00 , 40.01 ,  0.00 
572.64 ,  0.00 , 572.64 , 101.87 ,  0.00 , 18.26 ,  0.00 
490.84 ,  0.00 , 490.84 , 103.35 ,  0.00 , 22.20 ,  0.00 
490.84 ,  0.00 , 490.84 , 103.47 ,  0.00 , 23.72 ,  0.00 
409.03 ,  0.00 , 409.03 , 107.09 ,  0.00 , 36.40 ,  0.00 
409.03 ,  0.00 , 409.03 ,  0.00 ,  0.00 ,  0.00 ,  0.00 
81.81 ,  0.00 , 81.81 ,  0.00 ,  0.00 ,  0.00 ,  0.00 
 0.00 ,  0.00 ,  0.00 ,  0.00 ,  0.00 ,  0.00 ,  0.00 
 0.00 ,  0.00 ,  0.00 ,  0.00 ,  0.00 ,  0.00 ,  0.00 
 0.00 ,  0.00 ,  0.00 ,  0.00 ,  0.00 ,  0.00 ,  0.00 
 0.00 ,  0.00 ,  0.00 ,  0.00 ,  0.00 ,  0.00 ,  0.00 
81.81 ,  0.00 , 81.81 ,  0.00 ,  0.00 ,  0.00 ,  0.00 
245.42 ,  0.00 , 245.42 ,  0.00 ,  0.00 ,  0.00 ,  0.00 
818.06 ,  0.00 , 818.06 , 316.07 ,  0.00 , 881.47 ,  0.00 
572.64 ,  0.00 , 572.64 , 213.30 ,  0.00 , 466.86 ,  0.00 
572.64 ,  0.00 , 572.64 , 192.56 ,  0.00 , 393.50 ,  0.00 
490.84 ,  0.00 , 490.84 , 180.59 ,  0.00 , 351.61 ,  0.00 
490.84 ,  0.00 , 490.84 , 169.98 ,  0.00 , 311.60 ,  0.00 
409.03 ,  0.00 , 409.03 , 139.31 ,  0.00 , 187.13 ,  0.00 
409.03 ,  0.00 , 409.03 , 122.36 ,  0.00 , 120.31 ,  0.00 
327.22 ,  0.00 , 327.22 , 116.95 ,  0.00 , 98.76 ,  0.00 
245.42 ,  0.00 , 245.42 , 102.58 ,  0.00 , 36.92 ,  0.00 
327.22 ,  0.00 , 327.22 , 102.07 ,  0.00 , 36.50 ,  0.00 
327.22 ,  0.00 , 327.22 , 104.00 ,  0.00 , 46.22 ,  0.00 
409.03 ,  0.00 , 409.03 , 106.15 ,  0.00 , 55.02 ,  0.00 
572.64 ,  0.00 , 572.64 , 100.77 ,  0.00 , 28.42 ,  0.00 
490.84 ,  0.00 , 490.84 , 101.15 ,  0.00 , 29.09 ,  0.00 
490.84 ,  0.00 , 490.84 , 101.89 ,  0.00 , 30.46 ,  0.00 
409.03 ,  0.00 , 409.03 , 101.71 ,  0.00 , 28.80 ,  0.00 
409.03 ,  0.00 , 409.03 ,  0.00 ,  0.00 ,  0.00 ,  0.00 
81.81 ,  0.00 , 81.81 ,  0.00 ,  0.00 ,  0.00 ,  0.00 
 0.00 ,  0.00 ,  0.00 ,  0.00 ,  0.00 ,  0.00 ,  0.00 
 0.00 ,  0.00 ,  0.00 ,  0.00 ,  0.00 ,  0.00 ,  0.00 
 0.00 ,  0.00 ,  0.00 ,  0.00 ,  0.00 ,  0.00 ,  0.00 
 0.00 ,  0.00 ,  0.00 ,  0.00 ,  0.00 ,  0.00 ,  0.00 
81.81 ,  0.00 , 81.81 ,  0.00 ,  0.00 ,  0.00 ,  0.00 
245.42 ,  0.00 , 245.42 ,  0.00 ,  0.00 ,  0.00 ,  0.00 
818.06 ,  0.00 , 818.06 , 299.31 ,  0.00 , 863.61 ,  0.00 
572.64 ,  0.00 , 572.64 , 178.24 ,  0.00 , 357.70 ,  0.00 
572.64 ,  0.00 , 572.64 , 133.38 ,  0.00 , 178.67 ,  0.00 
490.84 ,  0.00 , 490.84 , 112.47 ,  0.00 , 91.41 ,  0.00 
490.84 ,  0.00 , 490.84 , 98.11 ,  0.00 , 24.95 ,  0.00 
409.03 ,  0.00 , 409.03 , 95.87 ,  0.00 , 15.72 ,  0.00 
409.03 ,  0.00 , 409.03 , 94.58 ,  0.00 , 10.29 ,  0.00 
327.22 ,  0.00 , 327.22 ,  0.00 ,  0.00 ,  0.00 ,  0.00 
245.42 ,  0.00 , 245.42 ,  0.00 ,  0.00 ,  0.00 ,  0.00 
327.22 ,  0.00 , 327.22 ,  0.00 ,  0.00 ,  0.00 ,  0.00 
327.22 ,  0.00 , 327.22 ,  0.00 ,  0.00 ,  0.00 ,  0.00 
409.03 ,  0.00 , 409.03 ,  0.00 ,  0.00 ,  0.00 ,  0.00 
572.64 ,  0.00 , 572.64 ,  0.00 ,  0.00 ,  0.00 ,  0.00 
490.84 ,  0.00 , 490.84 ,  0.00 ,  0.00 ,  0.00 ,  0.00 
490.84 ,  0.00 , 490.84 ,  0.00 ,  0.00 ,  0.00 ,  0.00 
409.03 ,  0.00 , 409.03 ,  0.00 ,  0.00 ,  0.00 ,  0.00 
409.03 ,  0.00 , 409.03 ,  0.00 ,  0.00 ,  0.00 ,  0.00 
81.81 ,  0.00 , 81.81 ,  0.00 ,  0.00 ,  0.00 ,  0.00 
 0.00 ,  0.00 ,  0.00 ,  0.00 ,  0.00 ,  0.00 ,  0.00 
 0.00 ,  0.00 ,  0.00 ,  0.00 ,  0.00 ,  0.00 ,  0.00 
 0.00 ,  0.00 ,  0.00 ,  0.00 ,  0.00 ,  0.00 ,  0.00 
 0.00 ,  0.00 ,  0.00 ,  0.00 ,  0.00 ,  0.00 ,  0.00 
81.81 ,  0.00 , 81.81 ,  0.00 ,  0.00 ,  0.00 ,  0.00 
245.42 ,  0.00 , 245.42 ,  0.00 ,  0.00 ,  0.00 ,  0.00 
818.06 ,  0.00 , 818.06 , 197.94 ,  0.00 , 438.48 ,  0.00 
572.64 ,  0.00 , 572.64 , 153.47 ,  0.00 , 256.76 ,  0.00 
572.64 ,  0.00 , 572.64 , 120.67 ,  0.00 , 122.54 ,  0.00 
490.84 ,  0.00 , 490.84 , 95.78 ,  0.00 , 15.75 ,  0.00 
490.84 ,  0.00 , 490.84 ,  0.00 ,  0.00 ,  0.00 ,  0.00 
409.03 ,  0.00 , 409.03 ,  0.00 ,  0.00 ,  0.00 ,  0.00 
409.03 ,  0.00 , 409.03 ,  0.00 ,  0.00 ,  0.00 ,  0.00 
327.22 ,  0.00 , 327.22 ,  0.00 ,  0.00 ,  0.00 ,  0.00 
245.42 ,  0.00 , 245.42 ,  0.00 ,  0.00 ,  0.00 ,  0.00 
327.22 ,  0.00 , 327.22 ,  0.00 ,  0.00 ,  0.00 ,  0.00 
327.22 ,  0.00 , 327.22 ,  0.00 ,  0.00 ,  0.00 ,  0.00 
409.03 ,  0.00 , 409.03 ,  0.00 ,  0.00 ,  0.00 ,  0.00 
572.64 ,  0.00 , 572.64 ,  0.00 ,  0.00 ,  0.00 ,  0.00 
490.84 ,  0.00 , 490.84 ,  0.00 ,  0.00 ,  0.00 ,  0.00 
490.84 ,  0.00 , 490.84 ,  0.00 ,  0.00 ,  0.00 ,  0.00 
409.03 ,  0.00 , 409.03 ,  0.00 ,  0.00 ,  0.00 ,  0.00 
409.03 ,  0.00 , 409.03 ,  0.00 ,  0.00 ,  0.00 ,  0.00 
81.81 ,  0.00 , 81.81 ,  0.00 ,  0.00 ,  0.00 ,  0.00 
 0.00 ,  0.00 ,  0.00 ,  0.00 ,  0.00 ,  0.00 ,  0.00 
 0.00 ,  0.00 ,  0.00 ,  0.00 ,  0.00 ,  0.00 ,  0.00 
 0.00 ,  0.00 ,  0.00 ,  0.00 ,  0.00 ,  0.00 ,  0.00 
 0.00 ,  0.00 ,  0.00 ,  0.00 ,  0.00 ,  0.00 ,  0.00 
81.81 ,  0.00 , 81.81 ,  0.00 ,  0.00 ,  0.00 ,  0.00 
245.42 ,  0.00 , 245.42 ,  0.00 ,  0.00 ,  0.00 ,  0.00 
818.06 ,  0.00 , 818.06 , 100.37 ,  0.00 , 21.49 ,  0.00 
572.64 ,  0.00 , 572.64 , 99.30 ,  0.00 , 26.38 ,  0.00 
572.64 ,  0.00 , 572.64 , 95.39 ,  0.00 , 15.82 ,  0.00 
490.84 ,  0.00 , 490.84 ,  0.00 ,  0.00 ,  0.00 ,  0.00 
490.84 ,  0.00 , 490.84 ,  0.00 ,  0.00 ,  0.00 ,  0.00 
409.03 ,  0.00 , 409.03 ,  0.00 ,  0.00 ,  0.00 ,  0.00 
409.03 ,  0.00 , 409.03 ,  0.00 ,  0.00 ,  0.00 ,  0.00 
327.22 ,  0.00 , 327.22 ,  0.00 ,  0.00 ,  0.00 ,  0.00 
245.42 ,  0.00 , 245.42 ,  0.00 ,  0.00 ,  0.00 ,  0.00 
327.22 ,  0.00 , 327.22 ,  0.00 ,  0.00 ,  0.00 ,  0.00 
327.22 ,  0.00 , 327.22 ,  0.00 ,  0.00 ,  0.00 ,  0.00 
409.03 ,  0.00 , 409.03 ,  0.00 ,  0.00 ,  0.00 ,  0.00 
572.64 ,  0.00 , 572.64 ,  0.00 ,  0.00 ,  0.00 ,  0.00 
490.84 ,  0.00 , 490.84 ,  0.00 ,  0.00 ,  0.00 ,  0.00 
490.84 ,  0.00 , 490.84 ,  0.00 ,  0.00 ,  0.00 ,  0.00 
409.03 ,  0.00 , 409.03 ,  0.00 ,  0.00 ,  0.00 ,  0.00 
409.03 ,  0.00 , 409.03 ,  0.00 ,  0.00 ,  0.00 ,  0.00 
81.81 ,  0.00 , 81.81 ,  0.00 ,  0.00 ,  0.00 ,  0.00 
 0.00 ,  0.00 ,  0.00 ,  0.00 ,  0.00 ,  0.00 ,  0.00 
 0.00 ,  0.00 ,  0.00 ,  0.00 ,  0.00 ,  0.00 ,  0.00 
 0.00 ,  0.00 ,  0.00 ,  0.00 ,  0.00 ,  0.00 ,  0.00 
 0.00 ,  0.00 ,  0.00 ,  0.00 ,  0.00 ,  0.00 ,  0.00 
81.81 ,  0.00 , 81.81 ,  0.00 ,  0.00 ,  0.00 ,  0.00 
245.42 ,  0.00 , 245.42 ,  0.00 ,  0.00 ,  0.00 ,  0.00 
818.06 ,  0.00 , 818.06 ,  0.00 ,  0.00 ,  0.00 ,  0.00 
572.64 ,  0.00 , 572.64 ,  0.00 ,  0.00 ,  0.00 ,  0.00 
572.64 ,  0.00 , 572.64 ,  0.00 ,  0.00 ,  0.00 ,  0.00 
490.84 ,  0.00 , 490.84 ,  0.00 ,  0.00 ,  0.00 ,  0.00 
490.84 ,  0.00 , 490.84 ,  0.00 ,  0.00 ,  0.00 ,  0.00 
409.03 ,  0.00 , 409.03 ,  0.00 ,  0.00 ,  0.00 ,  0.00 
409.03 ,  0.00 , 409.03 ,  0.00 ,  0.00 ,  0.00 ,  0.00 
327.22 ,  0.00 , 327.22 ,  0.00 ,  0.00 ,  0.00 ,  0.00 
245.42 ,  0.00 , 245.42 ,  0.00 ,  0.00 ,  0.00 ,  0.00 
327.22 ,  0.00 , 327.22 ,  0.00 ,  0.00 ,  0.00 ,  0.00 
327.22 ,  0.00 , 327.22 ,  0.00 ,  0.00 ,  0.00 ,  0.00 
409.03 ,  0.00 , 409.03 ,  0.00 ,  0.00 ,  0.00 ,  0.00 
572.64 ,  0.00 , 572.64 ,  0.00 ,  0.00 ,  0.00 ,  0.00 
490.84 ,  0.00 , 490.84 ,  0.00 ,  0.00 ,  0.00 ,  0.00 
490.84 ,  0.00 , 490.84 ,  0.00 ,  0.00 ,  0.00 ,  0.00 
409.03 ,  0.00 , 409.03 ,  0.00 ,  0.00 ,  0.00 ,  0.00 
409.03 ,  0.00 , 409.03 ,  0.00 ,  0.00 ,  0.00 ,  0.00 
81.81 ,  0.00 , 81.81 ,  0.00 ,  0.00 ,  0.00 ,  0.00 
 0.00 ,  0.00 ,  0.00 ,  0.00 ,  0.00 ,  0.00 ,  0.00 
 0.00 ,  0.00 ,  0.00 ,  0.00 ,  0.00 ,  0.00 ,  0.00 
 0.00 ,  0.00 ,  0.00 ,  0.00 ,  0.00 ,  0.00 ,  0.00 
 0.00 ,  0.00 ,  0.00 ,  0.00 ,  0.00 ,  0.00 ,  0.00 
81.81 ,  0.00 , 81.81 ,  0.00 ,  0.00 ,  0.00 ,  0.00 
245.42 ,  0.00 , 245.42 ,  0.00 ,  0.00 ,  0.00 ,  0.00 
818.06 ,  0.00 , 818.06 ,  0.00 ,  0.00 ,  0.00 ,  0.00 
572.64 ,  0.00 , 572.64 ,  0.00 ,  0.00 ,  0.00 ,  0.00 
572.64 ,  0.00 , 572.64 ,  0.00 ,  0.00 ,  0.00 ,  0.00 
490.84 ,  0.00 , 490.84 ,  0.00 ,  0.00 ,  0.00 ,  0.00 
490.84 ,  0.00 , 490.84 ,  0.00 ,  0.00 ,  0.00 ,  0.00 
409.03 ,  0.00 , 409.03 ,  0.00 ,  0.00 ,  0.00 ,  0.00 
409.03 ,  0.00 , 409.03 ,  0.00 ,  0.00 ,  0.00 ,  0.00 
327.22 ,  0.00 , 327.22 ,  0.00 ,  0.00 ,  0.00 ,  0.00 
245.42 ,  0.00 , 245.42 ,  0.00 ,  0.00 ,  0.00 ,  0.00 
327.22 ,  0.00 , 327.22 ,  0.00 ,  0.00 ,  0.00 ,  0.00 
327.22 ,  0.00 , 327.22 ,  0.00 ,  0.00 ,  0.00 ,  0.00 
409.03 ,  0.00 , 409.03 ,  0.00 ,  0.00 ,  0.00 ,  0.00 
572.64 ,  0.00 , 572.64 ,  0.00 ,  0.00 ,  0.00 ,  0.00 
490.84 ,  0.00 , 490.84 ,  0.00 ,  0.00 ,  0.00 ,  0.00 
490.84 ,  0.00 , 490.84 ,  0.00 ,  0.00 ,  0.00 ,  0.00 
409.03 ,  0.00 , 409.03 ,  0.00 ,  0.00 ,  0.00 ,  0.00 
409.03 ,  0.00 , 409.03 ,  0.00 ,  0.00 ,  0.00 ,  0.00 
81.81 ,  0.00 , 81.81 ,  0.00 ,  0.00 ,  0.00 ,  0.00 
 0.00 ,  0.00 ,  0.00 ,  0.00 ,  0.00 ,  0.00 ,  0.00 
 0.00 ,  0.00 ,  0.00 ,  0.00 ,  0.00 ,  0.00 ,  0.00 
 0.00 ,  0.00 ,  0.00 ,  0.00 ,  0.00 ,  0.00 ,  0.00 
 0.00 ,  0.00 ,  0.00 ,  0.00 ,  0.00 ,  0.00 ,  0.00 
81.81 ,  0.00 , 81.81 ,  0.00 ,  0.00 ,  0.00 ,  0.00 
245.42 ,  0.00 , 245.42 ,  0.00 ,  0.00 ,  0.00 ,  0.00 
818.06 ,  0.00 , 818.06 ,  0.00 ,  0.00 ,  0.00 ,  0.00 
572.64 ,  0.00 , 572.64 ,  0.00 ,  0.00 ,  0.00 ,  0.00 
572.64 ,  0.00 , 572.64 ,  0.00 ,  0.00 ,  0.00 ,  0.00 
490.84 ,  0.00 , 490.84 ,  0.00 ,  0.00 ,  0.00 ,  0.00 
490.84 ,  0.00 , 490.84 ,  0.00 ,  0.00 ,  0.00 ,  0.00 
409.03 ,  0.00 , 409.03 ,  0.00 ,  0.00 ,  0.00 ,  0.00 
409.03 ,  0.00 , 409.03 ,  0.00 ,  0.00 ,  0.00 ,  0.00 
327.22 ,  0.00 , 327.22 ,  0.00 ,  0.00 ,  0.00 ,  0.00 
245.42 ,  0.00 , 245.42 ,  0.00 ,  0.00 ,  0.00 ,  0.00 
327.22 ,  0.00 , 327.22 ,  0.00 ,  0.00 ,  0.00 ,  0.00 
327.22 ,  0.00 , 327.22 ,  0.00 ,  0.00 ,  0.00 ,  0.00 
409.03 ,  0.00 , 409.03 ,  0.00 ,  0.00 ,  0.00 ,  0.00 
572.64 ,  0.00 , 572.64 ,  0.00 ,  0.00 ,  0.00 ,  0.00 
490.84 ,  0.00 , 490.84 ,  0.00 ,  0.00 ,  0.00 ,  0.00 
490.84 ,  0.00 , 490.84 ,  0.00 ,  0.00 ,  0.00 ,  0.00 
409.03 ,  0.00 , 409.03 ,  0.00 ,  0.00 ,  0.00 ,  0.00 
409.03 ,  0.00 , 409.03 ,  0.00 ,  0.00 ,  0.00 ,  0.00 
81.81 ,  0.00 , 81.81 ,  0.00 ,  0.00 ,  0.00 ,  0.00 
 0.00 ,  0.00 ,  0.00 ,  0.00 ,  0.00 ,  0.00 ,  0.00 
 0.00 ,  0.00 ,  0.00 ,  0.00 ,  0.00 ,  0.00 ,  0.00 
 0.00 ,  0.00 ,  0.00 ,  0.00 ,  0.00 ,  0.00 ,  0.00 
 0.00 ,  0.00 ,  0.00 ,  0.00 ,  0.00 ,  0.00 ,  0.00 
81.81 ,  0.00 , 81.81 ,  0.00 ,  0.00 ,  0.00 ,  0.00 
245.42 ,  0.00 , 245.42 ,  0.00 ,  0.00 ,  0.00 ,  0.00 
818.06 ,  0.00 , 818.06 ,  0.00 ,  0.00 ,  0.00 ,  0.00 
572.64 ,  0.00 , 572.64 ,  0.00 ,  0.00 ,  0.00 ,  0.00 
572.64 ,  0.00 , 572.64 ,  0.00 ,  0.00 ,  0.00 ,  0.00 
490.84 ,  0.00 , 490.84 ,  0.00 ,  0.00 ,  0.00 ,  0.00 
490.84 ,  0.00 , 490.84 ,  0.00 ,  0.00 ,  0.00 ,  0.00 
409.03 ,  0.00 , 409.03 ,  0.00 ,  0.00 ,  0.00 ,  0.00 
409.03 ,  0.00 , 409.03 ,  0.00 ,  0.00 ,  0.00 ,  0.00 
327.22 ,  0.00 , 327.22 ,  0.00 ,  0.00 ,  0.00 ,  0.00 
245.42 ,  0.00 , 245.42 ,  0.00 ,  0.00 ,  0.00 ,  0.00 
327.22 ,  0.00 , 327.22 ,  0.00 ,  0.00 ,  0.00 ,  0.00 
327.22 ,  0.00 , 327.22 ,  0.00 ,  0.00 ,  0.00 ,  0.00 
409.03 ,  0.00 , 409.03 ,  0.00 ,  0.00 ,  0.00 ,  0.00 
572.64 ,  0.00 , 572.64 ,  0.00 ,  0.00 ,  0.00 ,  0.00 
490.84 ,  0.00 , 490.84 ,  0.00 ,  0.00 ,  0.00 ,  0.00 
490.84 ,  0.00 , 490.84 ,  0.00 ,  0.00 ,  0.00 ,  0.00 
409.03 ,  0.00 , 409.03 ,  0.00 ,  0.00 ,  0.00 ,  0.00 
409.03 ,  0.00 , 409.03 ,  0.00 ,  0.00 ,  0.00 ,  0.00 
81.81 ,  0.00 , 81.81 ,  0.00 ,  0.00 ,  0.00 ,  0.00 
 0.00 ,  0.00 ,  0.00 ,  0.00 ,  0.00 ,  0.00 ,  0.00 
 0.00 ,  0.00 ,  0.00 ,  0.00 ,  0.00 ,  0.00 ,  0.00 
 0.00 ,  0.00 ,  0.00 ,  0.00 ,  0.00 ,  0.00 ,  0.00 
 0.00 ,  0.00 ,  0.00 ,  0.00 ,  0.00 ,  0.00 ,  0.00 
81.81 ,  0.00 , 81.81 ,  0.00 ,  0.00 ,  0.00 ,  0.00 
245.42 ,  0.00 , 245.42 ,  0.00 ,  0.00 ,  0.00 ,  0.00 
818.06 ,  0.00 , 818.06 ,  0.00 ,  0.00 ,  0.00 ,  0.00 
572.64 ,  0.00 , 572.64 ,  0.00 ,  0.00 ,  0.00 ,  0.00 
572.64 ,  0.00 , 572.64 ,  0.00 ,  0.00 ,  0.00 ,  0.00 
490.84 ,  0.00 , 490.84 ,  0.00 ,  0.00 ,  0.00 ,  0.00 
490.84 ,  0.00 , 490.84 ,  0.00 ,  0.00 ,  0.00 ,  0.00 
409.03 ,  0.00 , 409.03 ,  0.00 ,  0.00 ,  0.00 ,  0.00 
409.03 ,  0.00 , 409.03 ,  0.00 ,  0.00 ,  0.00 ,  0.00 
327.22 ,  0.00 , 327.22 ,  0.00 ,  0.00 ,  0.00 ,  0.00 
245.42 ,  0.00 , 245.42 ,  0.00 ,  0.00 ,  0.00 ,  0.00 
327.22 ,  0.00 , 327.22 ,  0.00 ,  0.00 ,  0.00 ,  0.00 
327.22 ,  0.00 , 327.22 ,  0.00 ,  0.00 ,  0.00 ,  0.00 
409.03 ,  0.00 , 409.03 ,  0.00 ,  0.00 ,  0.00 ,  0.00 
572.64 ,  0.00 , 572.64 ,  0.00 ,  0.00 ,  0.00 ,  0.00 
490.84 ,  0.00 , 490.84 ,  0.00 ,  0.00 ,  0.00 ,  0.00 
490.84 ,  0.00 , 490.84 ,  0.00 ,  0.00 ,  0.00 ,  0.00 
409.03 ,  0.00 , 409.03 ,  0.00 ,  0.00 ,  0.00 ,  0.00 
409.03 ,  0.00 , 409.03 ,  0.00 ,  0.00 ,  0.00 ,  0.00 
81.81 ,  0.00 , 81.81 ,  0.00 ,  0.00 ,  0.00 ,  0.00 
 0.00 ,  0.00 ,  0.00 ,  0.00 ,  0.00 ,  0.00 ,  0.00 
 0.00 ,  0.00 ,  0.00 ,  0.00 ,  0.00 ,  0.00 ,  0.00 
 0.00 ,  0.00 ,  0.00 ,  0.00 ,  0.00 ,  0.00 ,  0.00 
 0.00 ,  0.00 ,  0.00 ,  0.00 ,  0.00 ,  0.00 ,  0.00 
81.81 ,  0.00 , 81.81 ,  0.00 ,  0.00 ,  0.00 ,  0.00 
245.42 ,  0.00 , 245.42 ,  0.00 ,  0.00 ,  0.00 ,  0.00 
818.06 ,  0.00 , 818.06 ,  0.00 ,  0.00 ,  0.00 ,  0.00 
572.64 ,  0.00 , 572.64 ,  0.00 ,  0.00 ,  0.00 ,  0.00 
572.64 ,  0.00 , 572.64 ,  0.00 ,  0.00 ,  0.00 ,  0.00 
490.84 ,  0.00 , 490.84 ,  0.00 ,  0.00 ,  0.00 ,  0.00 
490.84 ,  0.00 , 490.84 ,  0.00 ,  0.00 ,  0.00 ,  0.00 
409.03 ,  0.00 , 409.03 ,  0.00 ,  0.00 ,  0.00 ,  0.00 
409.03 ,  0.00 , 409.03 ,  0.00 ,  0.00 ,  0.00 ,  0.00 
327.22 ,  0.00 , 327.22 ,  0.00 ,  0.00 ,  0.00 ,  0.00 
245.42 ,  0.00 , 245.42 ,  0.00 ,  0.00 ,  0.00 ,  0.00 
327.22 ,  0.00 , 327.22 ,  0.00 ,  0.00 ,  0.00 ,  0.00 
327.22 ,  0.00 , 327.22 ,  0.00 ,  0.00 ,  0.00 ,  0.00 
409.03 ,  0.00 , 409.03 ,  0.00 ,  0.00 ,  0.00 ,  0.00 
572.64 ,  0.00 , 572.64 ,  0.00 ,  0.00 ,  0.00 ,  0.00 
490.84 ,  0.00 , 490.84 ,  0.00 ,  0.00 ,  0.00 ,  0.00 
490.84 ,  0.00 , 490.84 ,  0.00 ,  0.00 ,  0.00 ,  0.00 
409.03 ,  0.00 , 409.03 ,  0.00 ,  0.00 ,  0.00 ,  0.00 
409.03 ,  0.00 , 409.03 ,  0.00 ,  0.00 ,  0.00 ,  0.00 
81.81 ,  0.00 , 81.81 ,  0.00 ,  0.00 ,  0.00 ,  0.00 
 0.00 ,  0.00 ,  0.00 ,  0.00 ,  0.00 ,  0.00 ,  0.00 
 0.00 ,  0.00 ,  0.00 ,  0.00 ,  0.00 ,  0.00 ,  0.00 
 0.00 ,  0.00 ,  0.00 ,  0.00 ,  0.00 ,  0.00 ,  0.00 
 0.00 ,  0.00 ,  0.00 ,  0.00 ,  0.00 ,  0.00 ,  0.00 
81.81 ,  0.00 , 81.81 ,  0.00 ,  0.00 ,  0.00 ,  0.00 
245.42 ,  0.00 , 245.42 ,  0.00 ,  0.00 ,  0.00 ,  0.00 
818.06 ,  0.00 , 818.06 ,  0.00 ,  0.00 ,  0.00 ,  0.00 
572.64 ,  0.00 , 572.64 ,  0.00 ,  0.00 ,  0.00 ,  0.00 
572.64 ,  0.00 , 572.64 ,  0.00 ,  0.00 ,  0.00 ,  0.00 
490.84 ,  0.00 , 490.84 ,  0.00 ,  0.00 ,  0.00 ,  0.00 
490.84 ,  0.00 , 490.84 ,  0.00 ,  0.00 ,  0.00 ,  0.00 
409.03 ,  0.00 , 409.03 ,  0.00 ,  0.00 ,  0.00 ,  0.00 
409.03 ,  0.00 , 409.03 ,  0.00 ,  0.00 ,  0.00 ,  0.00 
327.22 ,  0.00 , 327.22 ,  0.00 ,  0.00 ,  0.00 ,  0.00 
245.42 ,  0.00 , 245.42 ,  0.00 ,  0.00 ,  0.00 ,  0.00 
327.22 ,  0.00 , 327.22 ,  0.00 ,  0.00 ,  0.00 ,  0.00 
327.22 ,  0.00 , 327.22 ,  0.00 ,  0.00 ,  0.00 ,  0.00 
409.03 ,  0.00 , 409.03 ,  0.00 ,  0.00 ,  0.00 ,  0.00 
572.64 ,  0.00 , 572.64 ,  0.00 ,  0.00 ,  0.00 ,  0.00 
490.84 ,  0.00 , 490.84 ,  0.00 ,  0.00 ,  0.00 ,  0.00 
490.84 ,  0.00 , 490.84 ,  0.00 ,  0.00 ,  0.00 ,  0.00 
409.03 ,  0.00 , 409.03 ,  0.00 ,  0.00 ,  0.00 ,  0.00 
409.03 ,  0.00 , 409.03 ,  0.00 ,  0.00 ,  0.00 ,  0.00 
81.81 ,  0.00 , 81.81 ,  0.00 ,  0.00 ,  0.00 ,  0.00 
 0.00 ,  0.00 ,  0.00 ,  0.00 ,  0.00 ,  0.00 ,  0.00 
 0.00 ,  0.00 ,  0.00 ,  0.00 ,  0.00 ,  0.00 ,  0.00 
 0.00 ,  0.00 ,  0.00 ,  0.00 ,  0.00 ,  0.00 ,  0.00 
 0.00 ,  0.00 ,  0.00 ,  0.00 ,  0.00 ,  0.00 ,  0.00 
81.81 ,  0.00 , 81.81 ,  0.00 ,  0.00 ,  0.00 ,  0.00 
245.42 ,  0.00 , 245.42 ,  0.00 ,  0.00 ,  0.00 ,  0.00 
818.06 ,  0.00 , 818.06 ,  0.00 ,  0.00 ,  0.00 ,  0.00 
572.64 ,  0.00 , 572.64 ,  0.00 ,  0.00 ,  0.00 ,  0.00 
572.64 ,  0.00 , 572.64 ,  0.00 ,  0.00 ,  0.00 ,  0.00 
490.84 ,  0.00 , 490.84 ,  0.00 ,  0.00 ,  0.00 ,  0.00 
490.84 ,  0.00 , 490.84 ,  0.00 ,  0.00 ,  0.00 ,  0.00 
409.03 ,  0.00 , 409.03 ,  0.00 ,  0.00 ,  0.00 ,  0.00 
409.03 ,  0.00 , 409.03 ,  0.00 ,  0.00 ,  0.00 ,  0.00 
327.22 ,  0.00 , 327.22 ,  0.00 ,  0.00 ,  0.00 ,  0.00 
245.42 ,  0.00 , 245.42 ,  0.00 ,  0.00 ,  0.00 ,  0.00 
327.22 ,  0.00 , 327.22 ,  0.00 ,  0.00 ,  0.00 ,  0.00 
327.22 ,  0.00 , 327.22 ,  0.00 ,  0.00 ,  0.00 ,  0.00 
409.03 ,  0.00 , 409.03 ,  0.00 ,  0.00 ,  0.00 ,  0.00 
572.64 ,  0.00 , 572.64 ,  0.00 ,  0.00 ,  0.00 ,  0.00 
490.84 ,  0.00 , 490.84 ,  0.00 ,  0.00 ,  0.00 ,  0.00 
490.84 ,  0.00 , 490.84 ,  0.00 ,  0.00 ,  0.00 ,  0.00 
409.03 ,  0.00 , 409.03 ,  0.00 ,  0.00 ,  0.00 ,  0.00 
409.03 ,  0.00 , 409.03 ,  0.00 ,  0.00 ,  0.00 ,  0.00 
81.81 ,  0.00 , 81.81 ,  0.00 ,  0.00 ,  0.00 ,  0.00 
 0.00 ,  0.00 ,  0.00 ,  0.00 ,  0.00 ,  0.00 ,  0.00 
 0.00 ,  0.00 ,  0.00 ,  0.00 ,  0.00 ,  0.00 ,  0.00 
 0.00 ,  0.00 ,  0.00 ,  0.00 ,  0.00 ,  0.00 ,  0.00 
 0.00 ,  0.00 ,  0.00 ,  0.00 ,  0.00 ,  0.00 ,  0.00 
81.81 ,  0.00 , 81.81 ,  0.00 ,  0.00 ,  0.00 ,  0.00 
245.42 ,  0.00 , 245.42 ,  0.00 ,  0.00 ,  0.00 ,  0.00 
818.06 ,  0.00 , 818.06 ,  0.00 ,  0.00 ,  0.00 ,  0.00 
572.64 ,  0.00 , 572.64 ,  0.00 ,  0.00 ,  0.00 ,  0.00 
572.64 ,  0.00 , 572.64 ,  0.00 ,  0.00 ,  0.00 ,  0.00 
490.84 ,  0.00 , 490.84 ,  0.00 ,  0.00 ,  0.00 ,  0.00 
490.84 ,  0.00 , 490.84 ,  0.00 ,  0.00 ,  0.00 ,  0.00 
409.03 ,  0.00 , 409.03 ,  0.00 ,  0.00 ,  0.00 ,  0.00 
409.03 ,  0.00 , 409.03 ,  0.00 ,  0.00 ,  0.00 ,  0.00 
327.22 ,  0.00 , 327.22 ,  0.00 ,  0.00 ,  0.00 ,  0.00 
245.42 ,  0.00 , 245.42 ,  0.00 ,  0.00 ,  0.00 ,  0.00 
327.22 ,  0.00 , 327.22 ,  0.00 ,  0.00 ,  0.00 ,  0.00 
327.22 ,  0.00 , 327.22 ,  0.00 ,  0.00 ,  0.00 ,  0.00 
409.03 ,  0.00 , 409.03 ,  0.00 ,  0.00 ,  0.00 ,  0.00 
572.64 ,  0.00 , 572.64 ,  0.00 ,  0.00 ,  0.00 ,  0.00 
490.84 ,  0.00 , 490.84 ,  0.00 ,  0.00 ,  0.00 ,  0.00 
490.84 ,  0.00 , 490.84 ,  0.00 ,  0.00 ,  0.00 ,  0.00 
409.03 ,  0.00 , 409.03 ,  0.00 ,  0.00 ,  0.00 ,  0.00 
409.03 ,  0.00 , 409.03 ,  0.00 ,  0.00 ,  0.00 ,  0.00 
81.81 ,  0.00 , 81.81 ,  0.00 ,  0.00 ,  0.00 ,  0.00 
 0.00 ,  0.00 ,  0.00 ,  0.00 ,  0.00 ,  0.00 ,  0.00 
 0.00 ,  0.00 ,  0.00 ,  0.00 ,  0.00 ,  0.00 ,  0.00 
 0.00 ,  0.00 ,  0.00 ,  0.00 ,  0.00 ,  0.00 ,  0.00 
 0.00 ,  0.00 ,  0.00 ,  0.00 ,  0.00 ,  0.00 ,  0.00 
81.81 ,  0.00 , 81.81 ,  0.00 ,  0.00 ,  0.00 ,  0.00 
245.42 ,  0.00 , 245.42 ,  0.00 ,  0.00 ,  0.00 ,  0.00 
818.06 ,  0.00 , 818.06 ,  0.00 ,  0.00 ,  0.00 ,  0.00 
572.64 ,  0.00 , 572.64 ,  0.00 ,  0.00 ,  0.00 ,  0.00 
572.64 ,  0.00 , 572.64 ,  0.00 ,  0.00 ,  0.00 ,  0.00 
490.84 ,  0.00 , 490.84 ,  0.00 ,  0.00 ,  0.00 ,  0.00 
490.84 ,  0.00 , 490.84 ,  0.00 ,  0.00 ,  0.00 ,  0.00 
409.03 ,  0.00 , 409.03 ,  0.00 ,  0.00 ,  0.00 ,  0.00 
409.03 ,  0.00 , 409.03 ,  0.00 ,  0.00 ,  0.00 ,  0.00 
327.22 ,  0.00 , 327.22 ,  0.00 ,  0.00 ,  0.00 ,  0.00 
245.42 ,  0.00 , 245.42 ,  0.00 ,  0.00 ,  0.00 ,  0.00 
327.22 ,  0.00 , 327.22 ,  0.00 ,  0.00 ,  0.00 ,  0.00 
327.22 ,  0.00 , 327.22 ,  0.00 ,  0.00 ,  0.00 ,  0.00 
409.03 ,  0.00 , 409.03 ,  0.00 ,  0.00 ,  0.00 ,  0.00 
572.64 ,  0.00 , 572.64 ,  0.00 ,  0.00 ,  0.00 ,  0.00 
490.84 ,  0.00 , 490.84 ,  0.00 ,  0.00 ,  0.00 ,  0.00 
490.84 ,  0.00 , 490.84 ,  0.00 ,  0.00 ,  0.00 ,  0.00 
409.03 ,  0.00 , 409.03 ,  0.00 ,  0.00 ,  0.00 ,  0.00 
409.03 ,  0.00 , 409.03 ,  0.00 ,  0.00 ,  0.00 ,  0.00 
81.81 ,  0.00 , 81.81 ,  0.00 ,  0.00 ,  0.00 ,  0.00 
 0.00 ,  0.00 ,  0.00 ,  0.00 ,  0.00 ,  0.00 ,  0.00 
 0.00 ,  0.00 ,  0.00 ,  0.00 ,  0.00 ,  0.00 ,  0.00 
 0.00 ,  0.00 ,  0.00 ,  0.00 ,  0.00 ,  0.00 ,  0.00 
 0.00 ,  0.00 ,  0.00 ,  0.00 ,  0.00 ,  0.00 ,  0.00 
81.81 ,  0.00 , 81.81 ,  0.00 ,  0.00 ,  0.00 ,  0.00 
245.42 ,  0.00 , 245.42 ,  0.00 ,  0.00 ,  0.00 ,  0.00 
818.06 ,  0.00 , 818.06 ,  0.00 ,  0.00 ,  0.00 ,  0.00 
572.64 ,  0.00 , 572.64 ,  0.00 ,  0.00 ,  0.00 ,  0.00 
572.64 ,  0.00 , 572.64 ,  0.00 ,  0.00 ,  0.00 ,  0.00 
490.84 ,  0.00 , 490.84 ,  0.00 ,  0.00 ,  0.00 ,  0.00 
490.84 ,  0.00 , 490.84 ,  0.00 ,  0.00 ,  0.00 ,  0.00 
409.03 ,  0.00 , 409.03 ,  0.00 ,  0.00 ,  0.00 ,  0.00 
409.03 ,  0.00 , 409.03 ,  0.00 ,  0.00 ,  0.00 ,  0.00 
327.22 ,  0.00 , 327.22 ,  0.00 ,  0.00 ,  0.00 ,  0.00 
245.42 ,  0.00 , 245.42 ,  0.00 ,  0.00 ,  0.00 ,  0.00 
327.22 ,  0.00 , 327.22 ,  0.00 ,  0.00 ,  0.00 ,  0.00 
327.22 ,  0.00 , 327.22 ,  0.00 ,  0.00 ,  0.00 ,  0.00 
409.03 ,  0.00 , 409.03 ,  0.00 ,  0.00 ,  0.00 ,  0.00 
572.64 ,  0.00 , 572.64 ,  0.00 ,  0.00 ,  0.00 ,  0.00 
490.84 ,  0.00 , 490.84 ,  0.00 ,  0.00 ,  0.00 ,  0.00 
490.84 ,  0.00 , 490.84 ,  0.00 ,  0.00 ,  0.00 ,  0.00 
409.03 ,  0.00 , 409.03 ,  0.00 ,  0.00 ,  0.00 ,  0.00 
409.03 ,  0.00 , 409.03 ,  0.00 ,  0.00 ,  0.00 ,  0.00 
81.81 ,  0.00 , 81.81 ,  0.00 ,  0.00 ,  0.00 ,  0.00 
 0.00 ,  0.00 ,  0.00 ,  0.00 ,  0.00 ,  0.00 ,  0.00 
 0.00 ,  0.00 ,  0.00 ,  0.00 ,  0.00 ,  0.00 ,  0.00 
 0.00 ,  0.00 ,  0.00 ,  0.00 ,  0.00 ,  0.00 ,  0.00 
 0.00 ,  0.00 ,  0.00 ,  0.00 ,  0.00 ,  0.00 ,  0.00 
81.81 ,  0.00 , 81.81 ,  0.00 ,  0.00 ,  0.00 ,  0.00 
245.42 ,  0.00 , 245.42 ,  0.00 ,  0.00 ,  0.00 ,  0.00 
818.06 ,  0.00 , 818.06 ,  0.00 ,  0.00 ,  0.00 ,  0.00 
572.64 ,  0.00 , 572.64 ,  0.00 ,  0.00 ,  0.00 ,  0.00 
572.64 ,  0.00 , 572.64 ,  0.00 ,  0.00 ,  0.00 ,  0.00 
490.84 ,  0.00 , 490.84 ,  0.00 ,  0.00 ,  0.00 ,  0.00 
490.84 ,  0.00 , 490.84 ,  0.00 ,  0.00 ,  0.00 ,  0.00 
409.03 ,  0.00 , 409.03 ,  0.00 ,  0.00 ,  0.00 ,  0.00 
409.03 ,  0.00 , 409.03 ,  0.00 ,  0.00 ,  0.00 ,  0.00 
327.22 ,  0.00 , 327.22 ,  0.00 ,  0.00 ,  0.00 ,  0.00 
245.42 ,  0.00 , 245.42 ,  0.00 ,  0.00 ,  0.00 ,  0.00 
327.22 ,  0.00 , 327.22 ,  0.00 ,  0.00 ,  0.00 ,  0.00 
327.22 ,  0.00 , 327.22 ,  0.00 ,  0.00 ,  0.00 ,  0.00 
409.03 ,  0.00 , 409.03 ,  0.00 ,  0.00 ,  0.00 ,  0.00 
572.64 ,  0.00 , 572.64 ,  0.00 ,  0.00 ,  0.00 ,  0.00 
490.84 ,  0.00 , 490.84 ,  0.00 ,  0.00 ,  0.00 ,  0.00 
490.84 ,  0.00 , 490.84 ,  0.00 ,  0.00 ,  0.00 ,  0.00 
409.03 ,  0.00 , 409.03 ,  0.00 ,  0.00 ,  0.00 ,  0.00 
409.03 ,  0.00 , 409.03 ,  0.00 ,  0.00 ,  0.00 ,  0.00 
81.81 ,  0.00 , 81.81 ,  0.00 ,  0.00 ,  0.00 ,  0.00 
 0.00 ,  0.00 ,  0.00 ,  0.00 ,  0.00 ,  0.00 ,  0.00 
 0.00 ,  0.00 ,  0.00 ,  0.00 ,  0.00 ,  0.00 ,  0.00 
 0.00 ,  0.00 ,  0.00 ,  0.00 ,  0.00 ,  0.00 ,  0.00 
 0.00 ,  0.00 ,  0.00 ,  0.00 ,  0.00 ,  0.00 ,  0.00 
81.81 ,  0.00 , 81.81 ,  0.00 ,  0.00 ,  0.00 ,  0.00 
245.42 ,  0.00 , 245.42 ,  0.00 ,  0.00 ,  0.00 ,  0.00 
818.06 ,  0.00 , 818.06 ,  0.00 ,  0.00 ,  0.00 ,  0.00 
572.64 ,  0.00 , 572.64 ,  0.00 ,  0.00 ,  0.00 ,  0.00 
572.64 ,  0.00 , 572.64 ,  0.00 ,  0.00 ,  0.00 ,  0.00 
490.84 ,  0.00 , 490.84 ,  0.00 ,  0.00 ,  0.00 ,  0.00 
490.84 ,  0.00 , 490.84 ,  0.00 ,  0.00 ,  0.00 ,  0.00 
409.03 ,  0.00 , 409.03 ,  0.00 ,  0.00 ,  0.00 ,  0.00 
409.03 ,  0.00 , 409.03 ,  0.00 ,  0.00 ,  0.00 ,  0.00 
327.22 ,  0.00 , 327.22 ,  0.00 ,  0.00 ,  0.00 ,  0.00 
245.42 ,  0.00 , 245.42 ,  0.00 ,  0.00 ,  0.00 ,  0.00 
327.22 ,  0.00 , 327.22 ,  0.00 ,  0.00 ,  0.00 ,  0.00 
327.22 ,  0.00 , 327.22 ,  0.00 ,  0.00 ,  0.00 ,  0.00 
409.03 ,  0.00 , 409.03 ,  0.00 ,  0.00 ,  0.00 ,  0.00 
572.64 ,  0.00 , 572.64 ,  0.00 ,  0.00 ,  0.00 ,  0.00 
490.84 ,  0.00 , 490.84 ,  0.00 ,  0.00 ,  0.00 ,  0.00 
490.84 ,  0.00 , 490.84 ,  0.00 ,  0.00 ,  0.00 ,  0.00 
409.03 ,  0.00 , 409.03 ,  0.00 ,  0.00 ,  0.00 ,  0.00 
409.03 ,  0.00 , 409.03 ,  0.00 ,  0.00 ,  0.00 ,  0.00 
81.81 ,  0.00 , 81.81 ,  0.00 ,  0.00 ,  0.00 ,  0.00 
 0.00 ,  0.00 ,  0.00 ,  0.00 ,  0.00 ,  0.00 ,  0.00 
 0.00 ,  0.00 ,  0.00 ,  0.00 ,  0.00 ,  0.00 ,  0.00 
 0.00 ,  0.00 ,  0.00 ,  0.00 ,  0.00 ,  0.00 ,  0.00 
 0.00 ,  0.00 ,  0.00 ,  0.00 ,  0.00 ,  0.00 ,  0.00 
81.81 ,  0.00 , 81.81 ,  0.00 ,  0.00 ,  0.00 ,  0.00 
245.42 ,  0.00 , 245.42 ,  0.00 ,  0.00 ,  0.00 ,  0.00 
818.06 ,  0.00 , 818.06 ,  0.00 ,  0.00 ,  0.00 ,  0.00 
572.64 ,  0.00 , 572.64 ,  0.00 ,  0.00 ,  0.00 ,  0.00 
572.64 ,  0.00 , 572.64 ,  0.00 ,  0.00 ,  0.00 ,  0.00 
490.84 ,  0.00 , 490.84 ,  0.00 ,  0.00 ,  0.00 ,  0.00 
490.84 ,  0.00 , 490.84 ,  0.00 ,  0.00 ,  0.00 ,  0.00 
409.03 ,  0.00 , 409.03 ,  0.00 ,  0.00 ,  0.00 ,  0.00 
409.03 ,  0.00 , 409.03 ,  0.00 ,  0.00 ,  0.00 ,  0.00 
327.22 ,  0.00 , 327.22 ,  0.00 ,  0.00 ,  0.00 ,  0.00 
245.42 ,  0.00 , 245.42 ,  0.00 ,  0.00 ,  0.00 ,  0.00 
327.22 ,  0.00 , 327.22 ,  0.00 ,  0.00 ,  0.00 ,  0.00 
327.22 ,  0.00 , 327.22 ,  0.00 ,  0.00 ,  0.00 ,  0.00 
409.03 ,  0.00 , 409.03 ,  0.00 ,  0.00 ,  0.00 ,  0.00 
572.64 ,  0.00 , 572.64 ,  0.00 ,  0.00 ,  0.00 ,  0.00 
490.84 ,  0.00 , 490.84 ,  0.00 ,  0.00 ,  0.00 ,  0.00 
490.84 ,  0.00 , 490.84 ,  0.00 ,  0.00 ,  0.00 ,  0.00 
409.03 ,  0.00 , 409.03 ,  0.00 ,  0.00 ,  0.00 ,  0.00 
409.03 ,  0.00 , 409.03 ,  0.00 ,  0.00 ,  0.00 ,  0.00 
80.10 ,  0.00 , 80.10 ,  0.00 ,  0.00 ,  0.00 ,  0.00 
 0.00 ,  0.00 ,  0.00 ,  0.00 ,  0.00 ,  0.00 ,  0.00 
 0.00 ,  0.00 ,  0.00 ,  0.00 ,  0.00 ,  0.00 ,  0.00 
 0.00 ,  0.00 ,  0.00 ,  0.00 ,  0.00 ,  0.00 ,  0.00 
 0.00 ,  0.00 ,  0.00 ,  0.00 ,  0.00 ,  0.00 ,  0.00 
80.10 ,  0.00 , 80.10 ,  0.00 ,  0.00 ,  0.00 ,  0.00 
240.30 ,  0.00 , 240.30 ,  0.00 ,  0.00 ,  0.00 ,  0.00 
800.99 ,  0.00 , 800.99 ,  0.00 ,  0.00 ,  0.00 ,  0.00 
560.69 ,  0.00 , 560.69 ,  0.00 ,  0.00 ,  0.00 ,  0.00 
560.69 ,  0.00 , 560.69 ,  0.00 ,  0.00 ,  0.00 ,  0.00 
480.60 ,  0.00 , 480.60 ,  0.00 ,  0.00 ,  0.00 ,  0.00 
480.60 ,  0.00 , 480.60 ,  0.00 ,  0.00 ,  0.00 ,  0.00 
400.50 ,  0.00 , 400.50 ,  0.00 ,  0.00 ,  0.00 ,  0.00 
400.50 ,  0.00 , 400.50 ,  0.00 ,  0.00 ,  0.00 ,  0.00 
320.40 ,  0.00 , 320.40 ,  0.00 ,  0.00 ,  0.00 ,  0.00 
240.30 ,  0.00 , 240.30 ,  0.00 ,  0.00 ,  0.00 ,  0.00 
320.40 ,  0.00 , 320.40 ,  0.00 ,  0.00 ,  0.00 ,  0.00 
320.40 ,  0.00 , 320.40 ,  0.00 ,  0.00 ,  0.00 ,  0.00 
400.50 ,  0.00 , 400.50 ,  0.00 ,  0.00 ,  0.00 ,  0.00 
560.69 ,  0.00 , 560.69 ,  0.00 ,  0.00 ,  0.00 ,  0.00 
480.60 ,  0.00 , 480.60 ,  0.00 ,  0.00 ,  0.00 ,  0.00 
480.60 ,  0.00 , 480.60 ,  0.00 ,  0.00 ,  0.00 ,  0.00 
400.50 ,  0.00 , 400.50 ,  0.00 ,  0.00 ,  0.00 ,  0.00 
400.50 ,  0.00 , 400.50 ,  0.00 ,  0.00 ,  0.00 ,  0.00 
80.10 ,  0.00 , 80.10 ,  0.00 ,  0.00 ,  0.00 ,  0.00 
 0.00 ,  0.00 ,  0.00 ,  0.00 ,  0.00 ,  0.00 ,  0.00 
 0.00 ,  0.00 ,  0.00 ,  0.00 ,  0.00 ,  0.00 ,  0.00 
 0.00 ,  0.00 ,  0.00 ,  0.00 ,  0.00 ,  0.00 ,  0.00 
 0.00 ,  0.00 ,  0.00 ,  0.00 ,  0.00 ,  0.00 ,  0.00 
80.10 ,  0.00 , 80.10 ,  0.00 ,  0.00 ,  0.00 ,  0.00 
240.30 ,  0.00 , 240.30 ,  0.00 ,  0.00 ,  0.00 ,  0.00 
800.99 ,  0.00 , 800.99 ,  0.00 ,  0.00 ,  0.00 ,  0.00 
560.69 ,  0.00 , 560.69 ,  0.00 ,  0.00 ,  0.00 ,  0.00 
560.69 ,  0.00 , 560.69 ,  0.00 ,  0.00 ,  0.00 ,  0.00 
480.60 ,  0.00 , 480.60 ,  0.00 ,  0.00 ,  0.00 ,  0.00 
480.60 ,  0.00 , 480.60 ,  0.00 ,  0.00 ,  0.00 ,  0.00 
400.50 ,  0.00 , 400.50 ,  0.00 ,  0.00 ,  0.00 ,  0.00 
400.50 ,  0.00 , 400.50 ,  0.00 ,  0.00 ,  0.00 ,  0.00 
320.40 ,  0.00 , 320.40 ,  0.00 ,  0.00 ,  0.00 ,  0.00 
240.30 ,  0.00 , 240.30 ,  0.00 ,  0.00 ,  0.00 ,  0.00 
320.40 ,  0.00 , 320.40 ,  0.00 ,  0.00 ,  0.00 ,  0.00 
320.40 ,  0.00 , 320.40 ,  0.00 ,  0.00 ,  0.00 ,  0.00 
400.50 ,  0.00 , 400.50 ,  0.00 ,  0.00 ,  0.00 ,  0.00 
560.69 ,  0.00 , 560.69 ,  0.00 ,  0.00 ,  0.00 ,  0.00 
480.60 ,  0.00 , 480.60 ,  0.00 ,  0.00 ,  0.00 ,  0.00 
480.60 ,  0.00 , 480.60 ,  0.00 ,  0.00 ,  0.00 ,  0.00 
400.50 ,  0.00 , 400.50 ,  0.00 ,  0.00 ,  0.00 ,  0.00 
400.50 ,  0.00 , 400.50 ,  0.00 ,  0.00 ,  0.00 ,  0.00 
80.10 ,  0.00 , 80.10 ,  0.00 ,  0.00 ,  0.00 ,  0.00 
 0.00 ,  0.00 ,  0.00 ,  0.00 ,  0.00 ,  0.00 ,  0.00 
 0.00 ,  0.00 ,  0.00 ,  0.00 ,  0.00 ,  0.00 ,  0.00 
 0.00 ,  0.00 ,  0.00 ,  0.00 ,  0.00 ,  0.00 ,  0.00 
 0.00 ,  0.00 ,  0.00 ,  0.00 ,  0.00 ,  0.00 ,  0.00 
80.10 ,  0.00 , 80.10 ,  0.00 ,  0.00 ,  0.00 ,  0.00 
240.30 ,  0.00 , 240.30 ,  0.00 ,  0.00 ,  0.00 ,  0.00 
800.99 ,  0.00 , 800.99 ,  0.00 ,  0.00 ,  0.00 ,  0.00 
560.69 ,  0.00 , 560.69 ,  0.00 ,  0.00 ,  0.00 ,  0.00 
560.69 ,  0.00 , 560.69 ,  0.00 ,  0.00 ,  0.00 ,  0.00 
480.60 ,  0.00 , 480.60 ,  0.00 ,  0.00 ,  0.00 ,  0.00 
480.60 ,  0.00 , 480.60 ,  0.00 ,  0.00 ,  0.00 ,  0.00 
400.50 ,  0.00 , 400.50 ,  0.00 ,  0.00 ,  0.00 ,  0.00 
400.50 ,  0.00 , 400.50 ,  0.00 ,  0.00 ,  0.00 ,  0.00 
320.40 ,  0.00 , 320.40 ,  0.00 ,  0.00 ,  0.00 ,  0.00 
240.30 ,  0.00 , 240.30 ,  0.00 ,  0.00 ,  0.00 ,  0.00 
320.40 ,  0.00 , 320.40 ,  0.00 ,  0.00 ,  0.00 ,  0.00 
320.40 ,  0.00 , 320.40 ,  0.00 ,  0.00 ,  0.00 ,  0.00 
400.50 ,  0.00 , 400.50 ,  0.00 ,  0.00 ,  0.00 ,  0.00 
560.69 ,  0.00 , 560.69 ,  0.00 ,  0.00 ,  0.00 ,  0.00 
480.60 ,  0.00 , 480.60 ,  0.00 ,  0.00 ,  0.00 ,  0.00 
480.60 ,  0.00 , 480.60 ,  0.00 ,  0.00 ,  0.00 ,  0.00 
400.50 ,  0.00 , 400.50 ,  0.00 ,  0.00 ,  0.00 ,  0.00 
400.50 ,  0.00 , 400.50 ,  0.00 ,  0.00 ,  0.00 ,  0.00 
80.10 ,  0.00 , 80.10 ,  0.00 ,  0.00 ,  0.00 ,  0.00 
 0.00 ,  0.00 ,  0.00 ,  0.00 ,  0.00 ,  0.00 ,  0.00 
 0.00 ,  0.00 ,  0.00 ,  0.00 ,  0.00 ,  0.00 ,  0.00 
 0.00 ,  0.00 ,  0.00 ,  0.00 ,  0.00 ,  0.00 ,  0.00 
 0.00 ,  0.00 ,  0.00 ,  0.00 ,  0.00 ,  0.00 ,  0.00 
80.10 ,  0.00 , 80.10 ,  0.00 ,  0.00 ,  0.00 ,  0.00 
240.30 ,  0.00 , 240.30 ,  0.00 ,  0.00 ,  0.00 ,  0.00 
800.99 ,  0.00 , 800.99 ,  0.00 ,  0.00 ,  0.00 ,  0.00 
560.69 ,  0.00 , 560.69 ,  0.00 ,  0.00 ,  0.00 ,  0.00 
560.69 ,  0.00 , 560.69 ,  0.00 ,  0.00 ,  0.00 ,  0.00 
480.60 ,  0.00 , 480.60 ,  0.00 ,  0.00 ,  0.00 ,  0.00 
480.60 ,  0.00 , 480.60 ,  0.00 ,  0.00 ,  0.00 ,  0.00 
400.50 ,  0.00 , 400.50 ,  0.00 ,  0.00 ,  0.00 ,  0.00 
400.50 ,  0.00 , 400.50 ,  0.00 ,  0.00 ,  0.00 ,  0.00 
320.40 ,  0.00 , 320.40 ,  0.00 ,  0.00 ,  0.00 ,  0.00 
240.30 ,  0.00 , 240.30 ,  0.00 ,  0.00 ,  0.00 ,  0.00 
320.40 ,  0.00 , 320.40 ,  0.00 ,  0.00 ,  0.00 ,  0.00 
320.40 ,  0.00 , 320.40 ,  0.00 ,  0.00 ,  0.00 ,  0.00 
400.50 ,  0.00 , 400.50 ,  0.00 ,  0.00 ,  0.00 ,  0.00 
560.69 ,  0.00 , 560.69 ,  0.00 ,  0.00 ,  0.00 ,  0.00 
480.60 ,  0.00 , 480.60 ,  0.00 ,  0.00 ,  0.00 ,  0.00 
480.60 ,  0.00 , 480.60 ,  0.00 ,  0.00 ,  0.00 ,  0.00 
400.50 ,  0.00 , 400.50 ,  0.00 ,  0.00 ,  0.00 ,  0.00 
400.50 ,  0.00 , 400.50 ,  0.00 ,  0.00 ,  0.00 ,  0.00 
80.10 ,  0.00 , 80.10 ,  0.00 ,  0.00 ,  0.00 ,  0.00 
 0.00 ,  0.00 ,  0.00 ,  0.00 ,  0.00 ,  0.00 ,  0.00 
 0.00 ,  0.00 ,  0.00 ,  0.00 ,  0.00 ,  0.00 ,  0.00 
 0.00 ,  0.00 ,  0.00 ,  0.00 ,  0.00 ,  0.00 ,  0.00 
 0.00 ,  0.00 ,  0.00 ,  0.00 ,  0.00 ,  0.00 ,  0.00 
80.10 ,  0.00 , 80.10 ,  0.00 ,  0.00 ,  0.00 ,  0.00 
240.30 ,  0.00 , 240.30 ,  0.00 ,  0.00 ,  0.00 ,  0.00 
800.99 ,  0.00 , 800.99 ,  0.00 ,  0.00 ,  0.00 ,  0.00 
560.69 ,  0.00 , 560.69 ,  0.00 ,  0.00 ,  0.00 ,  0.00 
560.69 ,  0.00 , 560.69 ,  0.00 ,  0.00 ,  0.00 ,  0.00 
480.60 ,  0.00 , 480.60 ,  0.00 ,  0.00 ,  0.00 ,  0.00 
480.60 ,  0.00 , 480.60 ,  0.00 ,  0.00 ,  0.00 ,  0.00 
400.50 ,  0.00 , 400.50 ,  0.00 ,  0.00 ,  0.00 ,  0.00 
400.50 ,  0.00 , 400.50 ,  0.00 ,  0.00 ,  0.00 ,  0.00 
320.40 ,  0.00 , 320.40 ,  0.00 ,  0.00 ,  0.00 ,  0.00 
240.30 ,  0.00 , 240.30 ,  0.00 ,  0.00 ,  0.00 ,  0.00 
320.40 ,  0.00 , 320.40 ,  0.00 ,  0.00 ,  0.00 ,  0.00 
320.40 ,  0.00 , 320.40 ,  0.00 ,  0.00 ,  0.00 ,  0.00 
400.50 ,  0.00 , 400.50 ,  0.00 ,  0.00 ,  0.00 ,  0.00 
560.69 ,  0.00 , 560.69 ,  0.00 ,  0.00 ,  0.00 ,  0.00 
480.60 ,  0.00 , 480.60 ,  0.00 ,  0.00 ,  0.00 ,  0.00 
480.60 ,  0.00 , 480.60 ,  0.00 ,  0.00 ,  0.00 ,  0.00 
400.50 ,  0.00 , 400.50 ,  0.00 ,  0.00 ,  0.00 ,  0.00 
400.50 ,  0.00 , 400.50 ,  0.00 ,  0.00 ,  0.00 ,  0.00 
80.10 ,  0.00 , 80.10 ,  0.00 ,  0.00 ,  0.00 ,  0.00 
 0.00 ,  0.00 ,  0.00 ,  0.00 ,  0.00 ,  0.00 ,  0.00 
 0.00 ,  0.00 ,  0.00 ,  0.00 ,  0.00 ,  0.00 ,  0.00 
 0.00 ,  0.00 ,  0.00 ,  0.00 ,  0.00 ,  0.00 ,  0.00 
 0.00 ,  0.00 ,  0.00 ,  0.00 ,  0.00 ,  0.00 ,  0.00 
80.10 ,  0.00 , 80.10 ,  0.00 ,  0.00 ,  0.00 ,  0.00 
240.30 ,  0.00 , 240.30 ,  0.00 ,  0.00 ,  0.00 ,  0.00 
800.99 ,  0.00 , 800.99 ,  0.00 ,  0.00 ,  0.00 ,  0.00 
560.69 ,  0.00 , 560.69 ,  0.00 ,  0.00 ,  0.00 ,  0.00 
560.69 ,  0.00 , 560.69 ,  0.00 ,  0.00 ,  0.00 ,  0.00 
480.60 ,  0.00 , 480.60 ,  0.00 ,  0.00 ,  0.00 ,  0.00 
480.60 ,  0.00 , 480.60 ,  0.00 ,  0.00 ,  0.00 ,  0.00 
400.50 ,  0.00 , 400.50 ,  0.00 ,  0.00 ,  0.00 ,  0.00 
400.50 ,  0.00 , 400.50 ,  0.00 ,  0.00 ,  0.00 ,  0.00 
320.40 ,  0.00 , 320.40 ,  0.00 ,  0.00 ,  0.00 ,  0.00 
240.30 ,  0.00 , 240.30 ,  0.00 ,  0.00 ,  0.00 ,  0.00 
320.40 ,  0.00 , 320.40 ,  0.00 ,  0.00 ,  0.00 ,  0.00 
320.40 ,  0.00 , 320.40 ,  0.00 ,  0.00 ,  0.00 ,  0.00 
400.50 ,  0.00 , 400.50 ,  0.00 ,  0.00 ,  0.00 ,  0.00 
560.69 ,  0.00 , 560.69 ,  0.00 ,  0.00 ,  0.00 ,  0.00 
480.60 ,  0.00 , 480.60 ,  0.00 ,  0.00 ,  0.00 ,  0.00 
480.60 ,  0.00 , 480.60 ,  0.00 ,  0.00 ,  0.00 ,  0.00 
400.50 ,  0.00 , 400.50 ,  0.00 ,  0.00 ,  0.00 ,  0.00 
400.50 ,  0.00 , 400.50 ,  0.00 ,  0.00 ,  0.00 ,  0.00 
80.10 ,  0.00 , 80.10 ,  0.00 ,  0.00 ,  0.00 ,  0.00 
 0.00 ,  0.00 ,  0.00 ,  0.00 ,  0.00 ,  0.00 ,  0.00 
 0.00 ,  0.00 ,  0.00 ,  0.00 ,  0.00 ,  0.00 ,  0.00 
 0.00 ,  0.00 ,  0.00 ,  0.00 ,  0.00 ,  0.00 ,  0.00 
 0.00 ,  0.00 ,  0.00 ,  0.00 ,  0.00 ,  0.00 ,  0.00 
80.10 ,  0.00 , 80.10 ,  0.00 ,  0.00 ,  0.00 ,  0.00 
240.30 ,  0.00 , 240.30 ,  0.00 ,  0.00 ,  0.00 ,  0.00 
800.99 ,  0.00 , 800.99 ,  0.00 ,  0.00 ,  0.00 ,  0.00 
560.69 ,  0.00 , 560.69 ,  0.00 ,  0.00 ,  0.00 ,  0.00 
560.69 ,  0.00 , 560.69 ,  0.00 ,  0.00 ,  0.00 ,  0.00 
480.60 ,  0.00 , 480.60 ,  0.00 ,  0.00 ,  0.00 ,  0.00 
480.60 ,  0.00 , 480.60 ,  0.00 ,  0.00 ,  0.00 ,  0.00 
400.50 ,  0.00 , 400.50 ,  0.00 ,  0.00 ,  0.00 ,  0.00 
400.50 ,  0.00 , 400.50 ,  0.00 ,  0.00 ,  0.00 ,  0.00 
320.40 ,  0.00 , 320.40 ,  0.00 ,  0.00 ,  0.00 ,  0.00 
240.30 ,  0.00 , 240.30 ,  0.00 ,  0.00 ,  0.00 ,  0.00 
320.40 ,  0.00 , 320.40 ,  0.00 ,  0.00 ,  0.00 ,  0.00 
320.40 ,  0.00 , 320.40 ,  0.00 ,  0.00 ,  0.00 ,  0.00 
400.50 ,  0.00 , 400.50 ,  0.00 ,  0.00 ,  0.00 ,  0.00 
560.69 ,  0.00 , 560.69 ,  0.00 ,  0.00 ,  0.00 ,  0.00 
480.60 ,  0.00 , 480.60 ,  0.00 ,  0.00 ,  0.00 ,  0.00 
480.60 ,  0.00 , 480.60 ,  0.00 ,  0.00 ,  0.00 ,  0.00 
400.50 ,  0.00 , 400.50 ,  0.00 ,  0.00 ,  0.00 ,  0.00 
400.50 ,  0.00 , 400.50 ,  0.00 ,  0.00 ,  0.00 ,  0.00 
80.10 ,  0.00 , 80.10 ,  0.00 ,  0.00 ,  0.00 ,  0.00 
 0.00 ,  0.00 ,  0.00 ,  0.00 ,  0.00 ,  0.00 ,  0.00 
 0.00 ,  0.00 ,  0.00 ,  0.00 ,  0.00 ,  0.00 ,  0.00 
 0.00 ,  0.00 ,  0.00 ,  0.00 ,  0.00 ,  0.00 ,  0.00 
 0.00 ,  0.00 ,  0.00 ,  0.00 ,  0.00 ,  0.00 ,  0.00 
80.10 ,  0.00 , 80.10 ,  0.00 ,  0.00 ,  0.00 ,  0.00 
240.30 ,  0.00 , 240.30 ,  0.00 ,  0.00 ,  0.00 ,  0.00 
800.99 ,  0.00 , 800.99 ,  0.00 ,  0.00 ,  0.00 ,  0.00 
560.69 ,  0.00 , 560.69 ,  0.00 ,  0.00 ,  0.00 ,  0.00 
560.69 ,  0.00 , 560.69 ,  0.00 ,  0.00 ,  0.00 ,  0.00 
480.60 ,  0.00 , 480.60 ,  0.00 ,  0.00 ,  0.00 ,  0.00 
480.60 ,  0.00 , 480.60 ,  0.00 ,  0.00 ,  0.00 ,  0.00 
400.50 ,  0.00 , 400.50 ,  0.00 ,  0.00 ,  0.00 ,  0.00 
400.50 ,  0.00 , 400.50 ,  0.00 ,  0.00 ,  0.00 ,  0.00 
320.40 ,  0.00 , 320.40 ,  0.00 ,  0.00 ,  0.00 ,  0.00 
240.30 ,  0.00 , 240.30 ,  0.00 ,  0.00 ,  0.00 ,  0.00 
320.40 ,  0.00 , 320.40 ,  0.00 ,  0.00 ,  0.00 ,  0.00 
320.40 ,  0.00 , 320.40 ,  0.00 ,  0.00 ,  0.00 ,  0.00 
400.50 ,  0.00 , 400.50 ,  0.00 ,  0.00 ,  0.00 ,  0.00 
560.69 ,  0.00 , 560.69 ,  0.00 ,  0.00 ,  0.00 ,  0.00 
480.60 ,  0.00 , 480.60 ,  0.00 ,  0.00 ,  0.00 ,  0.00 
480.60 ,  0.00 , 480.60 ,  0.00 ,  0.00 ,  0.00 ,  0.00 
400.50 ,  0.00 , 400.50 ,  0.00 ,  0.00 ,  0.00 ,  0.00 
400.50 ,  0.00 , 400.50 ,  0.00 ,  0.00 ,  0.00 ,  0.00 
80.10 ,  0.00 , 80.10 ,  0.00 ,  0.00 ,  0.00 ,  0.00 
 0.00 ,  0.00 ,  0.00 ,  0.00 ,  0.00 ,  0.00 ,  0.00 
 0.00 ,  0.00 ,  0.00 ,  0.00 ,  0.00 ,  0.00 ,  0.00 
 0.00 ,  0.00 ,  0.00 ,  0.00 ,  0.00 ,  0.00 ,  0.00 
 0.00 ,  0.00 ,  0.00 ,  0.00 ,  0.00 ,  0.00 ,  0.00 
80.10 ,  0.00 , 80.10 ,  0.00 ,  0.00 ,  0.00 ,  0.00 
240.30 ,  0.00 , 240.30 ,  0.00 ,  0.00 ,  0.00 ,  0.00 
800.99 ,  0.00 , 800.99 ,  0.00 ,  0.00 ,  0.00 ,  0.00 
560.69 ,  0.00 , 560.69 ,  0.00 ,  0.00 ,  0.00 ,  0.00 
560.69 ,  0.00 , 560.69 ,  0.00 ,  0.00 ,  0.00 ,  0.00 
480.60 ,  0.00 , 480.60 ,  0.00 ,  0.00 ,  0.00 ,  0.00 
480.60 ,  0.00 , 480.60 ,  0.00 ,  0.00 ,  0.00 ,  0.00 
400.50 ,  0.00 , 400.50 ,  0.00 ,  0.00 ,  0.00 ,  0.00 
400.50 ,  0.00 , 400.50 ,  0.00 ,  0.00 ,  0.00 ,  0.00 
320.40 ,  0.00 , 320.40 ,  0.00 ,  0.00 ,  0.00 ,  0.00 
240.30 ,  0.00 , 240.30 ,  0.00 ,  0.00 ,  0.00 ,  0.00 
320.40 ,  0.00 , 320.40 ,  0.00 ,  0.00 ,  0.00 ,  0.00 
320.40 ,  0.00 , 320.40 ,  0.00 ,  0.00 ,  0.00 ,  0.00 
400.50 ,  0.00 , 400.50 ,  0.00 ,  0.00 ,  0.00 ,  0.00 
560.69 ,  0.00 , 560.69 ,  0.00 ,  0.00 ,  0.00 ,  0.00 
480.60 ,  0.00 , 480.60 ,  0.00 ,  0.00 ,  0.00 ,  0.00 
480.60 ,  0.00 , 480.60 ,  0.00 ,  0.00 ,  0.00 ,  0.00 
400.50 ,  0.00 , 400.50 ,  0.00 ,  0.00 ,  0.00 ,  0.00 
400.50 ,  0.00 , 400.50 ,  0.00 ,  0.00 ,  0.00 ,  0.00 
80.10 ,  0.00 , 80.10 ,  0.00 ,  0.00 ,  0.00 ,  0.00 
 0.00 ,  0.00 ,  0.00 ,  0.00 ,  0.00 ,  0.00 ,  0.00 
 0.00 ,  0.00 ,  0.00 ,  0.00 ,  0.00 ,  0.00 ,  0.00 
 0.00 ,  0.00 ,  0.00 ,  0.00 ,  0.00 ,  0.00 ,  0.00 
 0.00 ,  0.00 ,  0.00 ,  0.00 ,  0.00 ,  0.00 ,  0.00 
80.10 ,  0.00 , 80.10 ,  0.00 ,  0.00 ,  0.00 ,  0.00 
240.30 ,  0.00 , 240.30 ,  0.00 ,  0.00 ,  0.00 ,  0.00 
800.99 ,  0.00 , 800.99 ,  0.00 ,  0.00 ,  0.00 ,  0.00 
560.69 ,  0.00 , 560.69 ,  0.00 ,  0.00 ,  0.00 ,  0.00 
560.69 ,  0.00 , 560.69 ,  0.00 ,  0.00 ,  0.00 ,  0.00 
480.60 ,  0.00 , 480.60 ,  0.00 ,  0.00 ,  0.00 ,  0.00 
480.60 ,  0.00 , 480.60 ,  0.00 ,  0.00 ,  0.00 ,  0.00 
400.50 ,  0.00 , 400.50 ,  0.00 ,  0.00 ,  0.00 ,  0.00 
400.50 ,  0.00 , 400.50 ,  0.00 ,  0.00 ,  0.00 ,  0.00 
320.40 ,  0.00 , 320.40 ,  0.00 ,  0.00 ,  0.00 ,  0.00 
240.30 ,  0.00 , 240.30 ,  0.00 ,  0.00 ,  0.00 ,  0.00 
320.40 ,  0.00 , 320.40 ,  0.00 ,  0.00 ,  0.00 ,  0.00 
320.40 ,  0.00 , 320.40 ,  0.00 ,  0.00 ,  0.00 ,  0.00 
400.50 ,  0.00 , 400.50 ,  0.00 ,  0.00 ,  0.00 ,  0.00 
560.69 ,  0.00 , 560.69 ,  0.00 ,  0.00 ,  0.00 ,  0.00 
480.60 ,  0.00 , 480.60 ,  0.00 ,  0.00 ,  0.00 ,  0.00 
480.60 ,  0.00 , 480.60 ,  0.00 ,  0.00 ,  0.00 ,  0.00 
400.50 ,  0.00 , 400.50 ,  0.00 ,  0.00 ,  0.00 ,  0.00 
400.50 ,  0.00 , 400.50 ,  0.00 ,  0.00 ,  0.00 ,  0.00 
80.10 ,  0.00 , 80.10 ,  0.00 ,  0.00 ,  0.00 ,  0.00 
 0.00 ,  0.00 ,  0.00 ,  0.00 ,  0.00 ,  0.00 ,  0.00 
 0.00 ,  0.00 ,  0.00 ,  0.00 ,  0.00 ,  0.00 ,  0.00 
 0.00 ,  0.00 ,  0.00 ,  0.00 ,  0.00 ,  0.00 ,  0.00 
 0.00 ,  0.00 ,  0.00 ,  0.00 ,  0.00 ,  0.00 ,  0.00 
80.10 ,  0.00 , 80.10 ,  0.00 ,  0.00 ,  0.00 ,  0.00 
240.30 ,  0.00 , 240.30 ,  0.00 ,  0.00 ,  0.00 ,  0.00 
800.99 ,  0.00 , 800.99 ,  0.00 ,  0.00 ,  0.00 ,  0.00 
560.69 ,  0.00 , 560.69 ,  0.00 ,  0.00 ,  0.00 ,  0.00 
560.69 ,  0.00 , 560.69 ,  0.00 ,  0.00 ,  0.00 ,  0.00 
480.60 ,  0.00 , 480.60 ,  0.00 ,  0.00 ,  0.00 ,  0.00 
480.60 ,  0.00 , 480.60 ,  0.00 ,  0.00 ,  0.00 ,  0.00 
400.50 ,  0.00 , 400.50 ,  0.00 ,  0.00 ,  0.00 ,  0.00 
400.50 ,  0.00 , 400.50 ,  0.00 ,  0.00 ,  0.00 ,  0.00 
320.40 ,  0.00 , 320.40 ,  0.00 ,  0.00 ,  0.00 ,  0.00 
240.30 ,  0.00 , 240.30 ,  0.00 ,  0.00 ,  0.00 ,  0.00 
320.40 ,  0.00 , 320.40 ,  0.00 ,  0.00 ,  0.00 ,  0.00 
320.40 ,  0.00 , 320.40 ,  0.00 ,  0.00 ,  0.00 ,  0.00 
400.50 ,  0.00 , 400.50 ,  0.00 ,  0.00 ,  0.00 ,  0.00 
560.69 ,  0.00 , 560.69 ,  0.00 ,  0.00 ,  0.00 ,  0.00 
480.60 ,  0.00 , 480.60 ,  0.00 ,  0.00 ,  0.00 ,  0.00 
480.60 ,  0.00 , 480.60 ,  0.00 ,  0.00 ,  0.00 ,  0.00 
400.50 ,  0.00 , 400.50 ,  0.00 ,  0.00 ,  0.00 ,  0.00 
400.50 ,  0.00 , 400.50 ,  0.00 ,  0.00 ,  0.00 ,  0.00 
80.10 ,  0.00 , 80.10 ,  0.00 ,  0.00 ,  0.00 ,  0.00 
 0.00 ,  0.00 ,  0.00 ,  0.00 ,  0.00 ,  0.00 ,  0.00 
 0.00 ,  0.00 ,  0.00 ,  0.00 ,  0.00 ,  0.00 ,  0.00 
 0.00 ,  0.00 ,  0.00 ,  0.00 ,  0.00 ,  0.00 ,  0.00 
 0.00 ,  0.00 ,  0.00 ,  0.00 ,  0.00 ,  0.00 ,  0.00 
80.10 ,  0.00 , 80.10 ,  0.00 ,  0.00 ,  0.00 ,  0.00 
240.30 ,  0.00 , 240.30 ,  0.00 ,  0.00 ,  0.00 ,  0.00 
800.99 ,  0.00 , 800.99 ,  0.00 ,  0.00 ,  0.00 ,  0.00 
560.69 ,  0.00 , 560.69 ,  0.00 ,  0.00 ,  0.00 ,  0.00 
560.69 ,  0.00 , 560.69 ,  0.00 ,  0.00 ,  0.00 ,  0.00 
480.60 ,  0.00 , 480.60 ,  0.00 ,  0.00 ,  0.00 ,  0.00 
480.60 ,  0.00 , 480.60 ,  0.00 ,  0.00 ,  0.00 ,  0.00 
400.50 ,  0.00 , 400.50 ,  0.00 ,  0.00 ,  0.00 ,  0.00 
400.50 ,  0.00 , 400.50 ,  0.00 ,  0.00 ,  0.00 ,  0.00 
320.40 ,  0.00 , 320.40 ,  0.00 ,  0.00 ,  0.00 ,  0.00 
240.30 ,  0.00 , 240.30 ,  0.00 ,  0.00 ,  0.00 ,  0.00 
320.40 ,  0.00 , 320.40 ,  0.00 ,  0.00 ,  0.00 ,  0.00 
320.40 ,  0.00 , 320.40 ,  0.00 ,  0.00 ,  0.00 ,  0.00 
400.50 ,  0.00 , 400.50 ,  0.00 ,  0.00 ,  0.00 ,  0.00 
560.69 ,  0.00 , 560.69 ,  0.00 ,  0.00 ,  0.00 ,  0.00 
480.60 ,  0.00 , 480.60 ,  0.00 ,  0.00 ,  0.00 ,  0.00 
480.60 ,  0.00 , 480.60 ,  0.00 ,  0.00 ,  0.00 ,  0.00 
400.50 ,  0.00 , 400.50 ,  0.00 ,  0.00 ,  0.00 ,  0.00 
400.50 ,  0.00 , 400.50 ,  0.00 ,  0.00 ,  0.00 ,  0.00 
80.10 ,  0.00 , 80.10 ,  0.00 ,  0.00 ,  0.00 ,  0.00 
 0.00 ,  0.00 ,  0.00 ,  0.00 ,  0.00 ,  0.00 ,  0.00 
 0.00 ,  0.00 ,  0.00 ,  0.00 ,  0.00 ,  0.00 ,  0.00 
 0.00 ,  0.00 ,  0.00 ,  0.00 ,  0.00 ,  0.00 ,  0.00 
 0.00 ,  0.00 ,  0.00 ,  0.00 ,  0.00 ,  0.00 ,  0.00 
80.10 ,  0.00 , 80.10 ,  0.00 ,  0.00 ,  0.00 ,  0.00 
240.30 ,  0.00 , 240.30 ,  0.00 ,  0.00 ,  0.00 ,  0.00 
800.99 ,  0.00 , 800.99 ,  0.00 ,  0.00 ,  0.00 ,  0.00 
560.69 ,  0.00 , 560.69 ,  0.00 ,  0.00 ,  0.00 ,  0.00 
560.69 ,  0.00 , 560.69 ,  0.00 ,  0.00 ,  0.00 ,  0.00 
480.60 ,  0.00 , 480.60 ,  0.00 ,  0.00 ,  0.00 ,  0.00 
480.60 ,  0.00 , 480.60 ,  0.00 ,  0.00 ,  0.00 ,  0.00 
400.50 ,  0.00 , 400.50 ,  0.00 ,  0.00 ,  0.00 ,  0.00 
400.50 ,  0.00 , 400.50 ,  0.00 ,  0.00 ,  0.00 ,  0.00 
320.40 ,  0.00 , 320.40 ,  0.00 ,  0.00 ,  0.00 ,  0.00 
240.30 ,  0.00 , 240.30 ,  0.00 ,  0.00 ,  0.00 ,  0.00 
320.40 ,  0.00 , 320.40 ,  0.00 ,  0.00 ,  0.00 ,  0.00 
320.40 ,  0.00 , 320.40 ,  0.00 ,  0.00 ,  0.00 ,  0.00 
400.50 ,  0.00 , 400.50 ,  0.00 ,  0.00 ,  0.00 ,  0.00 
560.69 ,  0.00 , 560.69 ,  0.00 ,  0.00 ,  0.00 ,  0.00 
480.60 ,  0.00 , 480.60 ,  0.00 ,  0.00 ,  0.00 ,  0.00 
480.60 ,  0.00 , 480.60 ,  0.00 ,  0.00 ,  0.00 ,  0.00 
400.50 ,  0.00 , 400.50 ,  0.00 ,  0.00 ,  0.00 ,  0.00 
400.50 ,  0.00 , 400.50 ,  0.00 ,  0.00 ,  0.00 ,  0.00 
80.10 ,  0.00 , 80.10 ,  0.00 ,  0.00 ,  0.00 ,  0.00 
 0.00 ,  0.00 ,  0.00 ,  0.00 ,  0.00 ,  0.00 ,  0.00 
 0.00 ,  0.00 ,  0.00 ,  0.00 ,  0.00 ,  0.00 ,  0.00 
 0.00 ,  0.00 ,  0.00 ,  0.00 ,  0.00 ,  0.00 ,  0.00 
 0.00 ,  0.00 ,  0.00 ,  0.00 ,  0.00 ,  0.00 ,  0.00 
80.10 ,  0.00 , 80.10 ,  0.00 ,  0.00 ,  0.00 ,  0.00 
240.30 ,  0.00 , 240.30 ,  0.00 ,  0.00 ,  0.00 ,  0.00 
800.99 ,  0.00 , 800.99 ,  0.00 ,  0.00 ,  0.00 ,  0.00 
560.69 ,  0.00 , 560.69 ,  0.00 ,  0.00 ,  0.00 ,  0.00 
560.69 ,  0.00 , 560.69 ,  0.00 ,  0.00 ,  0.00 ,  0.00 
480.60 ,  0.00 , 480.60 ,  0.00 ,  0.00 ,  0.00 ,  0.00 
480.60 ,  0.00 , 480.60 ,  0.00 ,  0.00 ,  0.00 ,  0.00 
400.50 ,  0.00 , 400.50 ,  0.00 ,  0.00 ,  0.00 ,  0.00 
400.50 ,  0.00 , 400.50 ,  0.00 ,  0.00 ,  0.00 ,  0.00 
320.40 ,  0.00 , 320.40 ,  0.00 ,  0.00 ,  0.00 ,  0.00 
240.30 ,  0.00 , 240.30 ,  0.00 ,  0.00 ,  0.00 ,  0.00 
320.40 ,  0.00 , 320.40 ,  0.00 ,  0.00 ,  0.00 ,  0.00 
320.40 ,  0.00 , 320.40 ,  0.00 ,  0.00 ,  0.00 ,  0.00 
400.50 ,  0.00 , 400.50 ,  0.00 ,  0.00 ,  0.00 ,  0.00 
560.69 ,  0.00 , 560.69 ,  0.00 ,  0.00 ,  0.00 ,  0.00 
480.60 ,  0.00 , 480.60 ,  0.00 ,  0.00 ,  0.00 ,  0.00 
480.60 ,  0.00 , 480.60 ,  0.00 ,  0.00 ,  0.00 ,  0.00 
400.50 ,  0.00 , 400.50 ,  0.00 ,  0.00 ,  0.00 ,  0.00 
400.50 ,  0.00 , 400.50 ,  0.00 ,  0.00 ,  0.00 ,  0.00 
80.10 ,  0.00 , 80.10 ,  0.00 ,  0.00 ,  0.00 ,  0.00 
 0.00 ,  0.00 ,  0.00 ,  0.00 ,  0.00 ,  0.00 ,  0.00 
 0.00 ,  0.00 ,  0.00 ,  0.00 ,  0.00 ,  0.00 ,  0.00 
 0.00 ,  0.00 ,  0.00 ,  0.00 ,  0.00 ,  0.00 ,  0.00 
 0.00 ,  0.00 ,  0.00 ,  0.00 ,  0.00 ,  0.00 ,  0.00 
80.10 ,  0.00 , 80.10 ,  0.00 ,  0.00 ,  0.00 ,  0.00 
240.30 ,  0.00 , 240.30 ,  0.00 ,  0.00 ,  0.00 ,  0.00 
800.99 ,  0.00 , 800.99 ,  0.00 ,  0.00 ,  0.00 ,  0.00 
560.69 ,  0.00 , 560.69 ,  0.00 ,  0.00 ,  0.00 ,  0.00 
560.69 ,  0.00 , 560.69 ,  0.00 ,  0.00 ,  0.00 ,  0.00 
480.60 ,  0.00 , 480.60 ,  0.00 ,  0.00 ,  0.00 ,  0.00 
480.60 ,  0.00 , 480.60 ,  0.00 ,  0.00 ,  0.00 ,  0.00 
400.50 ,  0.00 , 400.50 ,  0.00 ,  0.00 ,  0.00 ,  0.00 
400.50 ,  0.00 , 400.50 ,  0.00 ,  0.00 ,  0.00 ,  0.00 
320.40 ,  0.00 , 320.40 ,  0.00 ,  0.00 ,  0.00 ,  0.00 
240.30 ,  0.00 , 240.30 ,  0.00 ,  0.00 ,  0.00 ,  0.00 
320.40 ,  0.00 , 320.40 ,  0.00 ,  0.00 ,  0.00 ,  0.00 
320.40 ,  0.00 , 320.40 ,  0.00 ,  0.00 ,  0.00 ,  0.00 
400.50 ,  0.00 , 400.50 ,  0.00 ,  0.00 ,  0.00 ,  0.00 
560.69 ,  0.00 , 560.69 ,  0.00 ,  0.00 ,  0.00 ,  0.00 
480.60 ,  0.00 , 480.60 ,  0.00 ,  0.00 ,  0.00 ,  0.00 
480.60 ,  0.00 , 480.60 ,  0.00 ,  0.00 ,  0.00 ,  0.00 
400.50 ,  0.00 , 400.50 ,  0.00 ,  0.00 ,  0.00 ,  0.00 
400.50 ,  0.00 , 400.50 ,  0.00 ,  0.00 ,  0.00 ,  0.00 
80.10 ,  0.00 , 80.10 ,  0.00 ,  0.00 ,  0.00 ,  0.00 
 0.00 ,  0.00 ,  0.00 ,  0.00 ,  0.00 ,  0.00 ,  0.00 
 0.00 ,  0.00 ,  0.00 ,  0.00 ,  0.00 ,  0.00 ,  0.00 
 0.00 ,  0.00 ,  0.00 ,  0.00 ,  0.00 ,  0.00 ,  0.00 
 0.00 ,  0.00 ,  0.00 ,  0.00 ,  0.00 ,  0.00 ,  0.00 
80.10 ,  0.00 , 80.10 ,  0.00 ,  0.00 ,  0.00 ,  0.00 
240.30 ,  0.00 , 240.30 ,  0.00 ,  0.00 ,  0.00 ,  0.00 
800.99 ,  0.00 , 800.99 ,  0.00 ,  0.00 ,  0.00 ,  0.00 
560.69 ,  0.00 , 560.69 ,  0.00 ,  0.00 ,  0.00 ,  0.00 
560.69 ,  0.00 , 560.69 ,  0.00 ,  0.00 ,  0.00 ,  0.00 
480.60 ,  0.00 , 480.60 ,  0.00 ,  0.00 ,  0.00 ,  0.00 
480.60 ,  0.00 , 480.60 ,  0.00 ,  0.00 ,  0.00 ,  0.00 
400.50 ,  0.00 , 400.50 ,  0.00 ,  0.00 ,  0.00 ,  0.00 
400.50 ,  0.00 , 400.50 ,  0.00 ,  0.00 ,  0.00 ,  0.00 
320.40 ,  0.00 , 320.40 ,  0.00 ,  0.00 ,  0.00 ,  0.00 
240.30 ,  0.00 , 240.30 ,  0.00 ,  0.00 ,  0.00 ,  0.00 
320.40 ,  0.00 , 320.40 ,  0.00 ,  0.00 ,  0.00 ,  0.00 
320.40 ,  0.00 , 320.40 ,  0.00 ,  0.00 ,  0.00 ,  0.00 
400.50 ,  0.00 , 400.50 ,  0.00 ,  0.00 ,  0.00 ,  0.00 
560.69 ,  0.00 , 560.69 ,  0.00 ,  0.00 ,  0.00 ,  0.00 
480.60 ,  0.00 , 480.60 ,  0.00 ,  0.00 ,  0.00 ,  0.00 
480.60 ,  0.00 , 480.60 ,  0.00 ,  0.00 ,  0.00 ,  0.00 
400.50 ,  0.00 , 400.50 ,  0.00 ,  0.00 ,  0.00 ,  0.00 
400.50 ,  0.00 , 400.50 ,  0.00 ,  0.00 ,  0.00 ,  0.00 
80.10 ,  0.00 , 80.10 ,  0.00 ,  0.00 ,  0.00 ,  0.00 
 0.00 ,  0.00 ,  0.00 ,  0.00 ,  0.00 ,  0.00 ,  0.00 
 0.00 ,  0.00 ,  0.00 ,  0.00 ,  0.00 ,  0.00 ,  0.00 
 0.00 ,  0.00 ,  0.00 ,  0.00 ,  0.00 ,  0.00 ,  0.00 
 0.00 ,  0.00 ,  0.00 ,  0.00 ,  0.00 ,  0.00 ,  0.00 
80.10 ,  0.00 , 80.10 ,  0.00 ,  0.00 ,  0.00 ,  0.00 
240.30 ,  0.00 , 240.30 ,  0.00 ,  0.00 ,  0.00 ,  0.00 
800.99 ,  0.00 , 800.99 ,  0.00 ,  0.00 ,  0.00 ,  0.00 
560.69 ,  0.00 , 560.69 ,  0.00 ,  0.00 ,  0.00 ,  0.00 
560.69 ,  0.00 , 560.69 ,  0.00 ,  0.00 ,  0.00 ,  0.00 
480.60 ,  0.00 , 480.60 ,  0.00 ,  0.00 ,  0.00 ,  0.00 
480.60 ,  0.00 , 480.60 ,  0.00 ,  0.00 ,  0.00 ,  0.00 
400.50 ,  0.00 , 400.50 ,  0.00 ,  0.00 ,  0.00 ,  0.00 
400.50 ,  0.00 , 400.50 ,  0.00 ,  0.00 ,  0.00 ,  0.00 
320.40 ,  0.00 , 320.40 ,  0.00 ,  0.00 ,  0.00 ,  0.00 
240.30 ,  0.00 , 240.30 ,  0.00 ,  0.00 ,  0.00 ,  0.00 
320.40 ,  0.00 , 320.40 ,  0.00 ,  0.00 ,  0.00 ,  0.00 
320.40 ,  0.00 , 320.40 ,  0.00 ,  0.00 ,  0.00 ,  0.00 
400.50 ,  0.00 , 400.50 ,  0.00 ,  0.00 ,  0.00 ,  0.00 
560.69 ,  0.00 , 560.69 ,  0.00 ,  0.00 ,  0.00 ,  0.00 
480.60 ,  0.00 , 480.60 ,  0.00 ,  0.00 ,  0.00 ,  0.00 
480.60 ,  0.00 , 480.60 ,  0.00 ,  0.00 ,  0.00 ,  0.00 
400.50 ,  0.00 , 400.50 ,  0.00 ,  0.00 ,  0.00 ,  0.00 
400.50 ,  0.00 , 400.50 ,  0.00 ,  0.00 ,  0.00 ,  0.00 
80.10 ,  0.00 , 80.10 ,  0.00 ,  0.00 ,  0.00 ,  0.00 
 0.00 ,  0.00 ,  0.00 ,  0.00 ,  0.00 ,  0.00 ,  0.00 
 0.00 ,  0.00 ,  0.00 ,  0.00 ,  0.00 ,  0.00 ,  0.00 
 0.00 ,  0.00 ,  0.00 ,  0.00 ,  0.00 ,  0.00 ,  0.00 
 0.00 ,  0.00 ,  0.00 ,  0.00 ,  0.00 ,  0.00 ,  0.00 
80.10 ,  0.00 , 80.10 ,  0.00 ,  0.00 ,  0.00 ,  0.00 
240.30 ,  0.00 , 240.30 ,  0.00 ,  0.00 ,  0.00 ,  0.00 
800.99 ,  0.00 , 800.99 ,  0.00 ,  0.00 ,  0.00 ,  0.00 
560.69 ,  0.00 , 560.69 ,  0.00 ,  0.00 ,  0.00 ,  0.00 
560.69 ,  0.00 , 560.69 ,  0.00 ,  0.00 ,  0.00 ,  0.00 
480.60 ,  0.00 , 480.60 ,  0.00 ,  0.00 ,  0.00 ,  0.00 
480.60 ,  0.00 , 480.60 ,  0.00 ,  0.00 ,  0.00 ,  0.00 
400.50 ,  0.00 , 400.50 ,  0.00 ,  0.00 ,  0.00 ,  0.00 
400.50 ,  0.00 , 400.50 ,  0.00 ,  0.00 ,  0.00 ,  0.00 
320.40 ,  0.00 , 320.40 ,  0.00 ,  0.00 ,  0.00 ,  0.00 
240.30 ,  0.00 , 240.30 ,  0.00 ,  0.00 ,  0.00 ,  0.00 
320.40 ,  0.00 , 320.40 ,  0.00 ,  0.00 ,  0.00 ,  0.00 
320.40 ,  0.00 , 320.40 ,  0.00 ,  0.00 ,  0.00 ,  0.00 
400.50 ,  0.00 , 400.50 ,  0.00 ,  0.00 ,  0.00 ,  0.00 
560.69 ,  0.00 , 560.69 ,  0.00 ,  0.00 ,  0.00 ,  0.00 
480.60 ,  0.00 , 480.60 ,  0.00 ,  0.00 ,  0.00 ,  0.00 
480.60 ,  0.00 , 480.60 ,  0.00 ,  0.00 ,  0.00 ,  0.00 
400.50 ,  0.00 , 400.50 ,  0.00 ,  0.00 ,  0.00 ,  0.00 
400.50 ,  0.00 , 400.50 ,  0.00 ,  0.00 ,  0.00 ,  0.00 
80.10 ,  0.00 , 80.10 ,  0.00 ,  0.00 ,  0.00 ,  0.00 
 0.00 ,  0.00 ,  0.00 ,  0.00 ,  0.00 ,  0.00 ,  0.00 
 0.00 ,  0.00 ,  0.00 ,  0.00 ,  0.00 ,  0.00 ,  0.00 
 0.00 ,  0.00 ,  0.00 ,  0.00 ,  0.00 ,  0.00 ,  0.00 
 0.00 ,  0.00 ,  0.00 ,  0.00 ,  0.00 ,  0.00 ,  0.00 
80.10 ,  0.00 , 80.10 ,  0.00 ,  0.00 ,  0.00 ,  0.00 
240.30 ,  0.00 , 240.30 ,  0.00 ,  0.00 ,  0.00 ,  0.00 
800.99 ,  0.00 , 800.99 ,  0.00 ,  0.00 ,  0.00 ,  0.00 
560.69 ,  0.00 , 560.69 ,  0.00 ,  0.00 ,  0.00 ,  0.00 
560.69 ,  0.00 , 560.69 ,  0.00 ,  0.00 ,  0.00 ,  0.00 
480.60 ,  0.00 , 480.60 ,  0.00 ,  0.00 ,  0.00 ,  0.00 
480.60 ,  0.00 , 480.60 ,  0.00 ,  0.00 ,  0.00 ,  0.00 
400.50 ,  0.00 , 400.50 ,  0.00 ,  0.00 ,  0.00 ,  0.00 
400.50 ,  0.00 , 400.50 ,  0.00 ,  0.00 ,  0.00 ,  0.00 
320.40 ,  0.00 , 320.40 ,  0.00 ,  0.00 ,  0.00 ,  0.00 
240.30 ,  0.00 , 240.30 ,  0.00 ,  0.00 ,  0.00 ,  0.00 
320.40 ,  0.00 , 320.40 ,  0.00 ,  0.00 ,  0.00 ,  0.00 
320.40 ,  0.00 , 320.40 ,  0.00 ,  0.00 ,  0.00 ,  0.00 
400.50 ,  0.00 , 400.50 ,  0.00 ,  0.00 ,  0.00 ,  0.00 
560.69 ,  0.00 , 560.69 ,  0.00 ,  0.00 ,  0.00 ,  0.00 
480.60 ,  0.00 , 480.60 ,  0.00 ,  0.00 ,  0.00 ,  0.00 
480.60 ,  0.00 , 480.60 ,  0.00 ,  0.00 ,  0.00 ,  0.00 
400.50 ,  0.00 , 400.50 ,  0.00 ,  0.00 ,  0.00 ,  0.00 
400.50 ,  0.00 , 400.50 ,  0.00 ,  0.00 ,  0.00 ,  0.00 
80.10 ,  0.00 , 80.10 ,  0.00 ,  0.00 ,  0.00 ,  0.00 
 0.00 ,  0.00 ,  0.00 ,  0.00 ,  0.00 ,  0.00 ,  0.00 
 0.00 ,  0.00 ,  0.00 ,  0.00 ,  0.00 ,  0.00 ,  0.00 
 0.00 ,  0.00 ,  0.00 ,  0.00 ,  0.00 ,  0.00 ,  0.00 
 0.00 ,  0.00 ,  0.00 ,  0.00 ,  0.00 ,  0.00 ,  0.00 
80.10 ,  0.00 , 80.10 ,  0.00 ,  0.00 ,  0.00 ,  0.00 
240.30 ,  0.00 , 240.30 ,  0.00 ,  0.00 ,  0.00 ,  0.00 
800.99 ,  0.00 , 800.99 ,  0.00 ,  0.00 ,  0.00 ,  0.00 
560.69 ,  0.00 , 560.69 ,  0.00 ,  0.00 ,  0.00 ,  0.00 
560.69 ,  0.00 , 560.69 ,  0.00 ,  0.00 ,  0.00 ,  0.00 
480.60 ,  0.00 , 480.60 ,  0.00 ,  0.00 ,  0.00 ,  0.00 
480.60 ,  0.00 , 480.60 ,  0.00 ,  0.00 ,  0.00 ,  0.00 
400.50 ,  0.00 , 400.50 ,  0.00 ,  0.00 ,  0.00 ,  0.00 
400.50 ,  0.00 , 400.50 ,  0.00 ,  0.00 ,  0.00 ,  0.00 
320.40 ,  0.00 , 320.40 ,  0.00 ,  0.00 ,  0.00 ,  0.00 
240.30 ,  0.00 , 240.30 ,  0.00 ,  0.00 ,  0.00 ,  0.00 
320.40 ,  0.00 , 320.40 ,  0.00 ,  0.00 ,  0.00 ,  0.00 
320.40 ,  0.00 , 320.40 ,  0.00 ,  0.00 ,  0.00 ,  0.00 
400.50 ,  0.00 , 400.50 ,  0.00 ,  0.00 ,  0.00 ,  0.00 
560.69 ,  0.00 , 560.69 ,  0.00 ,  0.00 ,  0.00 ,  0.00 
480.60 ,  0.00 , 480.60 ,  0.00 ,  0.00 ,  0.00 ,  0.00 
480.60 ,  0.00 , 480.60 ,  0.00 ,  0.00 ,  0.00 ,  0.00 
400.50 ,  0.00 , 400.50 ,  0.00 ,  0.00 ,  0.00 ,  0.00 
400.50 ,  0.00 , 400.50 ,  0.00 ,  0.00 ,  0.00 ,  0.00 
80.10 ,  0.00 , 80.10 ,  0.00 ,  0.00 ,  0.00 ,  0.00 
 0.00 ,  0.00 ,  0.00 ,  0.00 ,  0.00 ,  0.00 ,  0.00 
 0.00 ,  0.00 ,  0.00 ,  0.00 ,  0.00 ,  0.00 ,  0.00 
 0.00 ,  0.00 ,  0.00 ,  0.00 ,  0.00 ,  0.00 ,  0.00 
 0.00 ,  0.00 ,  0.00 ,  0.00 ,  0.00 ,  0.00 ,  0.00 
80.10 ,  0.00 , 80.10 ,  0.00 ,  0.00 ,  0.00 ,  0.00 
240.30 ,  0.00 , 240.30 ,  0.00 ,  0.00 ,  0.00 ,  0.00 
800.99 ,  0.00 , 800.99 ,  0.00 ,  0.00 ,  0.00 ,  0.00 
560.69 ,  0.00 , 560.69 ,  0.00 ,  0.00 ,  0.00 ,  0.00 
560.69 ,  0.00 , 560.69 ,  0.00 ,  0.00 ,  0.00 ,  0.00 
480.60 ,  0.00 , 480.60 ,  0.00 ,  0.00 ,  0.00 ,  0.00 
480.60 ,  0.00 , 480.60 ,  0.00 ,  0.00 ,  0.00 ,  0.00 
400.50 ,  0.00 , 400.50 ,  0.00 ,  0.00 ,  0.00 ,  0.00 
400.50 ,  0.00 , 400.50 ,  0.00 ,  0.00 ,  0.00 ,  0.00 
320.40 ,  0.00 , 320.40 ,  0.00 ,  0.00 ,  0.00 ,  0.00 
240.30 ,  0.00 , 240.30 ,  0.00 ,  0.00 ,  0.00 ,  0.00 
320.40 ,  0.00 , 320.40 ,  0.00 ,  0.00 ,  0.00 ,  0.00 
320.40 ,  0.00 , 320.40 ,  0.00 ,  0.00 ,  0.00 ,  0.00 
400.50 ,  0.00 , 400.50 ,  0.00 ,  0.00 ,  0.00 ,  0.00 
560.69 ,  0.00 , 560.69 ,  0.00 ,  0.00 ,  0.00 ,  0.00 
480.60 ,  0.00 , 480.60 ,  0.00 ,  0.00 ,  0.00 ,  0.00 
480.60 ,  0.00 , 480.60 ,  0.00 ,  0.00 ,  0.00 ,  0.00 
400.50 ,  0.00 , 400.50 ,  0.00 ,  0.00 ,  0.00 ,  0.00 
400.50 ,  0.00 , 400.50 ,  0.00 ,  0.00 ,  0.00 ,  0.00 
80.10 ,  0.00 , 80.10 ,  0.00 ,  0.00 ,  0.00 ,  0.00 
 0.00 ,  0.00 ,  0.00 ,  0.00 ,  0.00 ,  0.00 ,  0.00 
 0.00 ,  0.00 ,  0.00 ,  0.00 ,  0.00 ,  0.00 ,  0.00 
 0.00 ,  0.00 ,  0.00 ,  0.00 ,  0.00 ,  0.00 ,  0.00 
 0.00 ,  0.00 ,  0.00 ,  0.00 ,  0.00 ,  0.00 ,  0.00 
80.10 ,  0.00 , 80.10 ,  0.00 ,  0.00 ,  0.00 ,  0.00 
240.30 ,  0.00 , 240.30 ,  0.00 ,  0.00 ,  0.00 ,  0.00 
800.99 ,  0.00 , 800.99 ,  0.00 ,  0.00 ,  0.00 ,  0.00 
560.69 ,  0.00 , 560.69 ,  0.00 ,  0.00 ,  0.00 ,  0.00 
560.69 ,  0.00 , 560.69 ,  0.00 ,  0.00 ,  0.00 ,  0.00 
480.60 ,  0.00 , 480.60 ,  0.00 ,  0.00 ,  0.00 ,  0.00 
480.60 ,  0.00 , 480.60 ,  0.00 ,  0.00 ,  0.00 ,  0.00 
400.50 ,  0.00 , 400.50 ,  0.00 ,  0.00 ,  0.00 ,  0.00 
400.50 ,  0.00 , 400.50 ,  0.00 ,  0.00 ,  0.00 ,  0.00 
320.40 ,  0.00 , 320.40 ,  0.00 ,  0.00 ,  0.00 ,  0.00 
240.30 ,  0.00 , 240.30 ,  0.00 ,  0.00 ,  0.00 ,  0.00 
320.40 ,  0.00 , 320.40 ,  0.00 ,  0.00 ,  0.00 ,  0.00 
320.40 ,  0.00 , 320.40 ,  0.00 ,  0.00 ,  0.00 ,  0.00 
400.50 ,  0.00 , 400.50 ,  0.00 ,  0.00 ,  0.00 ,  0.00 
560.69 ,  0.00 , 560.69 ,  0.00 ,  0.00 ,  0.00 ,  0.00 
480.60 ,  0.00 , 480.60 ,  0.00 ,  0.00 ,  0.00 ,  0.00 
480.60 ,  0.00 , 480.60 ,  0.00 ,  0.00 ,  0.00 ,  0.00 
400.50 ,  0.00 , 400.50 ,  0.00 ,  0.00 ,  0.00 ,  0.00 
400.50 ,  0.00 , 400.50 ,  0.00 ,  0.00 ,  0.00 ,  0.00 
80.10 ,  0.00 , 80.10 ,  0.00 ,  0.00 ,  0.00 ,  0.00 
 0.00 ,  0.00 ,  0.00 ,  0.00 ,  0.00 ,  0.00 ,  0.00 
 0.00 ,  0.00 ,  0.00 ,  0.00 ,  0.00 ,  0.00 ,  0.00 
 0.00 ,  0.00 ,  0.00 ,  0.00 ,  0.00 ,  0.00 ,  0.00 
 0.00 ,  0.00 ,  0.00 ,  0.00 ,  0.00 ,  0.00 ,  0.00 
80.10 ,  0.00 , 80.10 ,  0.00 ,  0.00 ,  0.00 ,  0.00 
240.30 ,  0.00 , 240.30 ,  0.00 ,  0.00 ,  0.00 ,  0.00 
800.99 ,  0.00 , 800.99 ,  0.00 ,  0.00 ,  0.00 ,  0.00 
560.69 ,  0.00 , 560.69 ,  0.00 ,  0.00 ,  0.00 ,  0.00 
560.69 ,  0.00 , 560.69 ,  0.00 ,  0.00 ,  0.00 ,  0.00 
480.60 ,  0.00 , 480.60 ,  0.00 ,  0.00 ,  0.00 ,  0.00 
480.60 ,  0.00 , 480.60 ,  0.00 ,  0.00 ,  0.00 ,  0.00 
400.50 ,  0.00 , 400.50 ,  0.00 ,  0.00 ,  0.00 ,  0.00 
400.50 ,  0.00 , 400.50 ,  0.00 ,  0.00 ,  0.00 ,  0.00 
320.40 ,  0.00 , 320.40 ,  0.00 ,  0.00 ,  0.00 ,  0.00 
240.30 ,  0.00 , 240.30 ,  0.00 ,  0.00 ,  0.00 ,  0.00 
320.40 ,  0.00 , 320.40 ,  0.00 ,  0.00 ,  0.00 ,  0.00 
320.40 ,  0.00 , 320.40 ,  0.00 ,  0.00 ,  0.00 ,  0.00 
400.50 ,  0.00 , 400.50 ,  0.00 ,  0.00 ,  0.00 ,  0.00 
560.69 ,  0.00 , 560.69 ,  0.00 ,  0.00 ,  0.00 ,  0.00 
480.60 ,  0.00 , 480.60 ,  0.00 ,  0.00 ,  0.00 ,  0.00 
480.60 ,  0.00 , 480.60 ,  0.00 ,  0.00 ,  0.00 ,  0.00 
400.50 ,  0.00 , 400.50 ,  0.00 ,  0.00 ,  0.00 ,  0.00 
400.50 ,  0.00 , 400.50 ,  0.00 ,  0.00 ,  0.00 ,  0.00 
80.10 ,  0.00 , 80.10 ,  0.00 ,  0.00 ,  0.00 ,  0.00 
 0.00 ,  0.00 ,  0.00 ,  0.00 ,  0.00 ,  0.00 ,  0.00 
 0.00 ,  0.00 ,  0.00 ,  0.00 ,  0.00 ,  0.00 ,  0.00 
 0.00 ,  0.00 ,  0.00 ,  0.00 ,  0.00 ,  0.00 ,  0.00 
 0.00 ,  0.00 ,  0.00 ,  0.00 ,  0.00 ,  0.00 ,  0.00 
80.10 ,  0.00 , 80.10 ,  0.00 ,  0.00 ,  0.00 ,  0.00 
240.30 ,  0.00 , 240.30 ,  0.00 ,  0.00 ,  0.00 ,  0.00 
800.99 ,  0.00 , 800.99 ,  0.00 ,  0.00 ,  0.00 ,  0.00 
560.69 ,  0.00 , 560.69 ,  0.00 ,  0.00 ,  0.00 ,  0.00 
560.69 ,  0.00 , 560.69 ,  0.00 ,  0.00 ,  0.00 ,  0.00 
480.60 ,  0.00 , 480.60 ,  0.00 ,  0.00 ,  0.00 ,  0.00 
480.60 ,  0.00 , 480.60 ,  0.00 ,  0.00 ,  0.00 ,  0.00 
400.50 ,  0.00 , 400.50 ,  0.00 ,  0.00 ,  0.00 ,  0.00 
400.50 ,  0.00 , 400.50 ,  0.00 ,  0.00 ,  0.00 ,  0.00 
320.40 ,  0.00 , 320.40 ,  0.00 ,  0.00 ,  0.00 ,  0.00 
240.30 ,  0.00 , 240.30 ,  0.00 ,  0.00 ,  0.00 ,  0.00 
320.40 ,  0.00 , 320.40 ,  0.00 ,  0.00 ,  0.00 ,  0.00 
320.40 ,  0.00 , 320.40 ,  0.00 ,  0.00 ,  0.00 ,  0.00 
400.50 ,  0.00 , 400.50 ,  0.00 ,  0.00 ,  0.00 ,  0.00 
560.69 ,  0.00 , 560.69 ,  0.00 ,  0.00 ,  0.00 ,  0.00 
480.60 ,  0.00 , 480.60 ,  0.00 ,  0.00 ,  0.00 ,  0.00 
480.60 ,  0.00 , 480.60 ,  0.00 ,  0.00 ,  0.00 ,  0.00 
400.50 ,  0.00 , 400.50 ,  0.00 ,  0.00 ,  0.00 ,  0.00 
400.50 ,  0.00 , 400.50 ,  0.00 ,  0.00 ,  0.00 ,  0.00 
80.10 ,  0.00 , 80.10 ,  0.00 ,  0.00 ,  0.00 ,  0.00 
 0.00 ,  0.00 ,  0.00 ,  0.00 ,  0.00 ,  0.00 ,  0.00 
 0.00 ,  0.00 ,  0.00 ,  0.00 ,  0.00 ,  0.00 ,  0.00 
 0.00 ,  0.00 ,  0.00 ,  0.00 ,  0.00 ,  0.00 ,  0.00 
 0.00 ,  0.00 ,  0.00 ,  0.00 ,  0.00 ,  0.00 ,  0.00 
80.10 ,  0.00 , 80.10 ,  0.00 ,  0.00 ,  0.00 ,  0.00 
240.30 ,  0.00 , 240.30 ,  0.00 ,  0.00 ,  0.00 ,  0.00 
800.99 ,  0.00 , 800.99 ,  0.00 ,  0.00 ,  0.00 ,  0.00 
560.69 ,  0.00 , 560.69 ,  0.00 ,  0.00 ,  0.00 ,  0.00 
560.69 ,  0.00 , 560.69 ,  0.00 ,  0.00 ,  0.00 ,  0.00 
480.60 ,  0.00 , 480.60 ,  0.00 ,  0.00 ,  0.00 ,  0.00 
480.60 ,  0.00 , 480.60 ,  0.00 ,  0.00 ,  0.00 ,  0.00 
400.50 ,  0.00 , 400.50 ,  0.00 ,  0.00 ,  0.00 ,  0.00 
400.50 ,  0.00 , 400.50 ,  0.00 ,  0.00 ,  0.00 ,  0.00 
320.40 ,  0.00 , 320.40 ,  0.00 ,  0.00 ,  0.00 ,  0.00 
240.30 ,  0.00 , 240.30 ,  0.00 ,  0.00 ,  0.00 ,  0.00 
320.40 ,  0.00 , 320.40 ,  0.00 ,  0.00 ,  0.00 ,  0.00 
320.40 ,  0.00 , 320.40 ,  0.00 ,  0.00 ,  0.00 ,  0.00 
400.50 ,  0.00 , 400.50 ,  0.00 ,  0.00 ,  0.00 ,  0.00 
560.69 ,  0.00 , 560.69 ,  0.00 ,  0.00 ,  0.00 ,  0.00 
480.60 ,  0.00 , 480.60 ,  0.00 ,  0.00 ,  0.00 ,  0.00 
480.60 ,  0.00 , 480.60 ,  0.00 ,  0.00 ,  0.00 ,  0.00 
400.50 ,  0.00 , 400.50 ,  0.00 ,  0.00 ,  0.00 ,  0.00 
400.50 ,  0.00 , 400.50 ,  0.00 ,  0.00 ,  0.00 ,  0.00 
80.10 ,  0.00 , 80.10 ,  0.00 ,  0.00 ,  0.00 ,  0.00 
 0.00 ,  0.00 ,  0.00 ,  0.00 ,  0.00 ,  0.00 ,  0.00 
 0.00 ,  0.00 ,  0.00 ,  0.00 ,  0.00 ,  0.00 ,  0.00 
 0.00 ,  0.00 ,  0.00 ,  0.00 ,  0.00 ,  0.00 ,  0.00 
 0.00 ,  0.00 ,  0.00 ,  0.00 ,  0.00 ,  0.00 ,  0.00 
80.10 ,  0.00 , 80.10 ,  0.00 ,  0.00 ,  0.00 ,  0.00 
240.30 ,  0.00 , 240.30 ,  0.00 ,  0.00 ,  0.00 ,  0.00 
800.99 ,  0.00 , 800.99 ,  0.00 ,  0.00 ,  0.00 ,  0.00 
560.69 ,  0.00 , 560.69 ,  0.00 ,  0.00 ,  0.00 ,  0.00 
560.69 ,  0.00 , 560.69 ,  0.00 ,  0.00 ,  0.00 ,  0.00 
480.60 ,  0.00 , 480.60 ,  0.00 ,  0.00 ,  0.00 ,  0.00 
480.60 ,  0.00 , 480.60 ,  0.00 ,  0.00 ,  0.00 ,  0.00 
400.50 ,  0.00 , 400.50 ,  0.00 ,  0.00 ,  0.00 ,  0.00 
400.50 ,  0.00 , 400.50 ,  0.00 ,  0.00 ,  0.00 ,  0.00 
320.40 ,  0.00 , 320.40 ,  0.00 ,  0.00 ,  0.00 ,  0.00 
240.30 ,  0.00 , 240.30 ,  0.00 ,  0.00 ,  0.00 ,  0.00 
320.40 ,  0.00 , 320.40 ,  0.00 ,  0.00 ,  0.00 ,  0.00 
320.40 ,  0.00 , 320.40 ,  0.00 ,  0.00 ,  0.00 ,  0.00 
400.50 ,  0.00 , 400.50 ,  0.00 ,  0.00 ,  0.00 ,  0.00 
560.69 ,  0.00 , 560.69 ,  0.00 ,  0.00 ,  0.00 ,  0.00 
480.60 ,  0.00 , 480.60 ,  0.00 ,  0.00 ,  0.00 ,  0.00 
480.60 ,  0.00 , 480.60 ,  0.00 ,  0.00 ,  0.00 ,  0.00 
400.50 ,  0.00 , 400.50 ,  0.00 ,  0.00 ,  0.00 ,  0.00 
400.50 ,  0.00 , 400.50 ,  0.00 ,  0.00 ,  0.00 ,  0.00 
80.10 ,  0.00 , 80.10 ,  0.00 ,  0.00 ,  0.00 ,  0.00 
 0.00 ,  0.00 ,  0.00 ,  0.00 ,  0.00 ,  0.00 ,  0.00 
 0.00 ,  0.00 ,  0.00 ,  0.00 ,  0.00 ,  0.00 ,  0.00 
 0.00 ,  0.00 ,  0.00 ,  0.00 ,  0.00 ,  0.00 ,  0.00 
 0.00 ,  0.00 ,  0.00 ,  0.00 ,  0.00 ,  0.00 ,  0.00 
80.10 ,  0.00 , 80.10 ,  0.00 ,  0.00 ,  0.00 ,  0.00 
240.30 ,  0.00 , 240.30 ,  0.00 ,  0.00 ,  0.00 ,  0.00 
800.99 ,  0.00 , 800.99 ,  0.00 ,  0.00 ,  0.00 ,  0.00 
560.69 ,  0.00 , 560.69 ,  0.00 ,  0.00 ,  0.00 ,  0.00 
560.69 ,  0.00 , 560.69 ,  0.00 ,  0.00 ,  0.00 ,  0.00 
480.60 ,  0.00 , 480.60 ,  0.00 ,  0.00 ,  0.00 ,  0.00 
480.60 ,  0.00 , 480.60 ,  0.00 ,  0.00 ,  0.00 ,  0.00 
400.50 ,  0.00 , 400.50 ,  0.00 ,  0.00 ,  0.00 ,  0.00 
400.50 ,  0.00 , 400.50 ,  0.00 ,  0.00 ,  0.00 ,  0.00 
320.40 ,  0.00 , 320.40 ,  0.00 ,  0.00 ,  0.00 ,  0.00 
240.30 ,  0.00 , 240.30 ,  0.00 ,  0.00 ,  0.00 ,  0.00 
320.40 ,  0.00 , 320.40 ,  0.00 ,  0.00 ,  0.00 ,  0.00 
320.40 ,  0.00 , 320.40 ,  0.00 ,  0.00 ,  0.00 ,  0.00 
400.50 ,  0.00 , 400.50 ,  0.00 ,  0.00 ,  0.00 ,  0.00 
560.69 ,  0.00 , 560.69 ,  0.00 ,  0.00 ,  0.00 ,  0.00 
480.60 ,  0.00 , 480.60 ,  0.00 ,  0.00 ,  0.00 ,  0.00 
480.60 ,  0.00 , 480.60 ,  0.00 ,  0.00 ,  0.00 ,  0.00 
400.50 ,  0.00 , 400.50 ,  0.00 ,  0.00 ,  0.00 ,  0.00 
400.50 ,  0.00 , 400.50 ,  0.00 ,  0.00 ,  0.00 ,  0.00 
80.10 ,  0.00 , 80.10 ,  0.00 ,  0.00 ,  0.00 ,  0.00 
 0.00 ,  0.00 ,  0.00 ,  0.00 ,  0.00 ,  0.00 ,  0.00 
 0.00 ,  0.00 ,  0.00 ,  0.00 ,  0.00 ,  0.00 ,  0.00 
 0.00 ,  0.00 ,  0.00 ,  0.00 ,  0.00 ,  0.00 ,  0.00 
 0.00 ,  0.00 ,  0.00 ,  0.00 ,  0.00 ,  0.00 ,  0.00 
80.10 ,  0.00 , 80.10 ,  0.00 ,  0.00 ,  0.00 ,  0.00 
240.30 ,  0.00 , 240.30 ,  0.00 ,  0.00 ,  0.00 ,  0.00 
800.99 ,  0.00 , 800.99 ,  0.00 ,  0.00 ,  0.00 ,  0.00 
560.69 ,  0.00 , 560.69 ,  0.00 ,  0.00 ,  0.00 ,  0.00 
560.69 ,  0.00 , 560.69 ,  0.00 ,  0.00 ,  0.00 ,  0.00 
480.60 ,  0.00 , 480.60 ,  0.00 ,  0.00 ,  0.00 ,  0.00 
480.60 ,  0.00 , 480.60 ,  0.00 ,  0.00 ,  0.00 ,  0.00 
400.50 ,  0.00 , 400.50 ,  0.00 ,  0.00 ,  0.00 ,  0.00 
400.50 ,  0.00 , 400.50 ,  0.00 ,  0.00 ,  0.00 ,  0.00 
320.40 ,  0.00 , 320.40 ,  0.00 ,  0.00 ,  0.00 ,  0.00 
240.30 ,  0.00 , 240.30 ,  0.00 ,  0.00 ,  0.00 ,  0.00 
320.40 ,  0.00 , 320.40 ,  0.00 ,  0.00 ,  0.00 ,  0.00 
320.40 ,  0.00 , 320.40 ,  0.00 ,  0.00 ,  0.00 ,  0.00 
400.50 ,  0.00 , 400.50 ,  0.00 ,  0.00 ,  0.00 ,  0.00 
560.69 ,  0.00 , 560.69 ,  0.00 ,  0.00 ,  0.00 ,  0.00 
480.60 ,  0.00 , 480.60 ,  0.00 ,  0.00 ,  0.00 ,  0.00 
480.60 ,  0.00 , 480.60 ,  0.00 ,  0.00 ,  0.00 ,  0.00 
400.50 ,  0.00 , 400.50 ,  0.00 ,  0.00 ,  0.00 ,  0.00 
400.50 ,  0.00 , 400.50 ,  0.00 ,  0.00 ,  0.00 ,  0.00 
80.10 ,  0.00 , 80.10 ,  0.00 ,  0.00 ,  0.00 ,  0.00 
 0.00 ,  0.00 ,  0.00 ,  0.00 ,  0.00 ,  0.00 ,  0.00 
 0.00 ,  0.00 ,  0.00 ,  0.00 ,  0.00 ,  0.00 ,  0.00 
 0.00 ,  0.00 ,  0.00 ,  0.00 ,  0.00 ,  0.00 ,  0.00 
 0.00 ,  0.00 ,  0.00 ,  0.00 ,  0.00 ,  0.00 ,  0.00 
80.10 ,  0.00 , 80.10 ,  0.00 ,  0.00 ,  0.00 ,  0.00 
240.30 ,  0.00 , 240.30 ,  0.00 ,  0.00 ,  0.00 ,  0.00 
800.99 ,  0.00 , 800.99 ,  0.00 ,  0.00 ,  0.00 ,  0.00 
560.69 ,  0.00 , 560.69 ,  0.00 ,  0.00 ,  0.00 ,  0.00 
560.69 ,  0.00 , 560.69 ,  0.00 ,  0.00 ,  0.00 ,  0.00 
480.60 ,  0.00 , 480.60 ,  0.00 ,  0.00 ,  0.00 ,  0.00 
480.60 ,  0.00 , 480.60 ,  0.00 ,  0.00 ,  0.00 ,  0.00 
400.50 ,  0.00 , 400.50 ,  0.00 ,  0.00 ,  0.00 ,  0.00 
400.50 ,  0.00 , 400.50 ,  0.00 ,  0.00 ,  0.00 ,  0.00 
320.40 ,  0.00 , 320.40 ,  0.00 ,  0.00 ,  0.00 ,  0.00 
240.30 ,  0.00 , 240.30 ,  0.00 ,  0.00 ,  0.00 ,  0.00 
320.40 ,  0.00 , 320.40 ,  0.00 ,  0.00 ,  0.00 ,  0.00 
320.40 ,  0.00 , 320.40 ,  0.00 ,  0.00 ,  0.00 ,  0.00 
400.50 ,  0.00 , 400.50 ,  0.00 ,  0.00 ,  0.00 ,  0.00 
560.69 ,  0.00 , 560.69 ,  0.00 ,  0.00 ,  0.00 ,  0.00 
480.60 ,  0.00 , 480.60 ,  0.00 ,  0.00 ,  0.00 ,  0.00 
480.60 ,  0.00 , 480.60 ,  0.00 ,  0.00 ,  0.00 ,  0.00 
400.50 ,  0.00 , 400.50 ,  0.00 ,  0.00 ,  0.00 ,  0.00 
400.50 ,  0.00 , 400.50 ,  0.00 ,  0.00 ,  0.00 ,  0.00 
80.10 ,  0.00 , 80.10 ,  0.00 ,  0.00 ,  0.00 ,  0.00 
 0.00 ,  0.00 ,  0.00 ,  0.00 ,  0.00 ,  0.00 ,  0.00 
 0.00 ,  0.00 ,  0.00 ,  0.00 ,  0.00 ,  0.00 ,  0.00 
 0.00 ,  0.00 ,  0.00 ,  0.00 ,  0.00 ,  0.00 ,  0.00 
 0.00 ,  0.00 ,  0.00 ,  0.00 ,  0.00 ,  0.00 ,  0.00 
80.10 ,  0.00 , 80.10 ,  0.00 ,  0.00 ,  0.00 ,  0.00 
240.30 ,  0.00 , 240.30 ,  0.00 ,  0.00 ,  0.00 ,  0.00 
800.99 ,  0.00 , 800.99 ,  0.00 ,  0.00 ,  0.00 ,  0.00 
560.69 ,  0.00 , 560.69 ,  0.00 ,  0.00 ,  0.00 ,  0.00 
560.69 ,  0.00 , 560.69 ,  0.00 ,  0.00 ,  0.00 ,  0.00 
480.60 ,  0.00 , 480.60 ,  0.00 ,  0.00 ,  0.00 ,  0.00 
480.60 ,  0.00 , 480.60 ,  0.00 ,  0.00 ,  0.00 ,  0.00 
400.50 ,  0.00 , 400.50 ,  0.00 ,  0.00 ,  0.00 ,  0.00 
400.50 ,  0.00 , 400.50 ,  0.00 ,  0.00 ,  0.00 ,  0.00 
320.40 ,  0.00 , 320.40 ,  0.00 ,  0.00 ,  0.00 ,  0.00 
240.30 ,  0.00 , 240.30 ,  0.00 ,  0.00 ,  0.00 ,  0.00 
320.40 ,  0.00 , 320.40 ,  0.00 ,  0.00 ,  0.00 ,  0.00 
320.40 ,  0.00 , 320.40 ,  0.00 ,  0.00 ,  0.00 ,  0.00 
400.50 ,  0.00 , 400.50 ,  0.00 ,  0.00 ,  0.00 ,  0.00 
560.69 ,  0.00 , 560.69 ,  0.00 ,  0.00 ,  0.00 ,  0.00 
480.60 ,  0.00 , 480.60 ,  0.00 ,  0.00 ,  0.00 ,  0.00 
480.60 ,  0.00 , 480.60 ,  0.00 ,  0.00 ,  0.00 ,  0.00 
400.50 ,  0.00 , 400.50 ,  0.00 ,  0.00 ,  0.00 ,  0.00 
400.50 ,  0.00 , 400.50 ,  0.00 ,  0.00 ,  0.00 ,  0.00 
76.62 ,  0.00 , 76.62 ,  0.00 ,  0.00 ,  0.00 ,  0.00 
 0.00 ,  0.00 ,  0.00 ,  0.00 ,  0.00 ,  0.00 ,  0.00 
 0.00 ,  0.00 ,  0.00 ,  0.00 ,  0.00 ,  0.00 ,  0.00 
 0.00 ,  0.00 ,  0.00 ,  0.00 ,  0.00 ,  0.00 ,  0.00 
 0.00 ,  0.00 ,  0.00 ,  0.00 ,  0.00 ,  0.00 ,  0.00 
76.62 ,  0.00 , 76.62 ,  0.00 ,  0.00 ,  0.00 ,  0.00 
229.85 ,  0.00 , 229.85 ,  0.00 ,  0.00 ,  0.00 ,  0.00 
766.16 ,  0.00 , 766.16 , 185.61 ,  0.00 , 331.48 ,  0.00 
536.31 ,  0.00 , 536.31 , 155.03 ,  0.00 , 229.93 ,  0.00 
536.31 ,  0.00 , 536.31 , 135.78 ,  0.00 , 163.85 ,  0.00 
459.70 ,  0.00 , 459.70 , 110.17 ,  0.00 , 64.30 ,  0.00 
459.70 ,  0.00 , 459.70 , 98.10 ,  0.00 , 13.81 ,  0.00 
383.08 ,  0.00 , 383.08 ,  0.00 ,  0.00 ,  0.00 ,  0.00 
383.08 ,  0.00 , 383.08 ,  0.00 ,  0.00 ,  0.00 ,  0.00 
306.46 ,  0.00 , 306.46 ,  0.00 ,  0.00 ,  0.00 ,  0.00 
229.85 ,  0.00 , 229.85 ,  0.00 ,  0.00 ,  0.00 ,  0.00 
306.46 ,  0.00 , 306.46 ,  0.00 ,  0.00 ,  0.00 ,  0.00 
306.46 ,  0.00 , 306.46 ,  0.00 ,  0.00 ,  0.00 ,  0.00 
383.08 ,  0.00 , 383.08 ,  0.00 ,  0.00 ,  0.00 ,  0.00 
536.31 ,  0.00 , 536.31 ,  0.00 ,  0.00 ,  0.00 ,  0.00 
459.70 ,  0.00 , 459.70 ,  0.00 ,  0.00 ,  0.00 ,  0.00 
459.70 ,  0.00 , 459.70 ,  0.00 ,  0.00 ,  0.00 ,  0.00 
383.08 ,  0.00 , 383.08 ,  0.00 ,  0.00 ,  0.00 ,  0.00 
383.08 ,  0.00 , 383.08 ,  0.00 ,  0.00 ,  0.00 ,  0.00 
76.62 ,  0.00 , 76.62 ,  0.00 ,  0.00 ,  0.00 ,  0.00 
 0.00 ,  0.00 ,  0.00 ,  0.00 ,  0.00 ,  0.00 ,  0.00 
 0.00 ,  0.00 ,  0.00 ,  0.00 ,  0.00 ,  0.00 ,  0.00 
 0.00 ,  0.00 ,  0.00 ,  0.00 ,  0.00 ,  0.00 ,  0.00 
 0.00 ,  0.00 ,  0.00 ,  0.00 ,  0.00 ,  0.00 ,  0.00 
76.62 ,  0.00 , 76.62 ,  0.00 ,  0.00 ,  0.00 ,  0.00 
229.85 ,  0.00 , 229.85 ,  0.00 ,  0.00 ,  0.00 ,  0.00 
766.16 ,  0.00 , 766.16 ,  0.00 ,  0.00 ,  0.00 ,  0.00 
536.31 ,  0.00 , 536.31 ,  0.00 ,  0.00 ,  0.00 ,  0.00 
536.31 ,  0.00 , 536.31 ,  0.00 ,  0.00 ,  0.00 ,  0.00 
459.70 ,  0.00 , 459.70 ,  0.00 ,  0.00 ,  0.00 ,  0.00 
459.70 ,  0.00 , 459.70 ,  0.00 ,  0.00 ,  0.00 ,  0.00 
383.08 ,  0.00 , 383.08 ,  0.00 ,  0.00 ,  0.00 ,  0.00 
383.08 ,  0.00 , 383.08 ,  0.00 ,  0.00 ,  0.00 ,  0.00 
306.46 ,  0.00 , 306.46 ,  0.00 ,  0.00 ,  0.00 ,  0.00 
229.85 ,  0.00 , 229.85 ,  0.00 ,  0.00 ,  0.00 ,  0.00 
306.46 ,  0.00 , 306.46 ,  0.00 ,  0.00 ,  0.00 ,  0.00 
306.46 ,  0.00 , 306.46 ,  0.00 ,  0.00 ,  0.00 ,  0.00 
383.08 ,  0.00 , 383.08 ,  0.00 ,  0.00 ,  0.00 ,  0.00 
536.31 ,  0.00 , 536.31 ,  0.00 ,  0.00 ,  0.00 ,  0.00 
459.70 ,  0.00 , 459.70 ,  0.00 ,  0.00 ,  0.00 ,  0.00 
459.70 ,  0.00 , 459.70 ,  0.00 ,  0.00 ,  0.00 ,  0.00 
383.08 ,  0.00 , 383.08 ,  0.00 ,  0.00 ,  0.00 ,  0.00 
383.08 ,  0.00 , 383.08 ,  0.00 ,  0.00 ,  0.00 ,  0.00 
76.62 ,  0.00 , 76.62 ,  0.00 ,  0.00 ,  0.00 ,  0.00 
 0.00 ,  0.00 ,  0.00 ,  0.00 ,  0.00 ,  0.00 ,  0.00 
 0.00 ,  0.00 ,  0.00 ,  0.00 ,  0.00 ,  0.00 ,  0.00 
 0.00 ,  0.00 ,  0.00 ,  0.00 ,  0.00 ,  0.00 ,  0.00 
 0.00 ,  0.00 ,  0.00 ,  0.00 ,  0.00 ,  0.00 ,  0.00 
76.62 ,  0.00 , 76.62 ,  0.00 ,  0.00 ,  0.00 ,  0.00 
229.85 ,  0.00 , 229.85 ,  0.00 ,  0.00 ,  0.00 ,  0.00 
766.16 ,  0.00 , 766.16 ,  0.00 ,  0.00 ,  0.00 ,  0.00 
536.31 ,  0.00 , 536.31 ,  0.00 ,  0.00 ,  0.00 ,  0.00 
536.31 ,  0.00 , 536.31 ,  0.00 ,  0.00 ,  0.00 ,  0.00 
459.70 ,  0.00 , 459.70 ,  0.00 ,  0.00 ,  0.00 ,  0.00 
459.70 ,  0.00 , 459.70 ,  0.00 ,  0.00 ,  0.00 ,  0.00 
383.08 ,  0.00 , 383.08 ,  0.00 ,  0.00 ,  0.00 ,  0.00 
383.08 ,  0.00 , 383.08 ,  0.00 ,  0.00 ,  0.00 ,  0.00 
306.46 ,  0.00 , 306.46 ,  0.00 ,  0.00 ,  0.00 ,  0.00 
229.85 ,  0.00 , 229.85 ,  0.00 ,  0.00 ,  0.00 ,  0.00 
306.46 ,  0.00 , 306.46 ,  0.00 ,  0.00 ,  0.00 ,  0.00 
306.46 ,  0.00 , 306.46 ,  0.00 ,  0.00 ,  0.00 ,  0.00 
383.08 ,  0.00 , 383.08 ,  0.00 ,  0.00 ,  0.00 ,  0.00 
536.31 ,  0.00 , 536.31 ,  0.00 ,  0.00 ,  0.00 ,  0.00 
459.70 ,  0.00 , 459.70 ,  0.00 ,  0.00 ,  0.00 ,  0.00 
459.70 ,  0.00 , 459.70 ,  0.00 ,  0.00 ,  0.00 ,  0.00 
383.08 ,  0.00 , 383.08 ,  0.00 ,  0.00 ,  0.00 ,  0.00 
383.08 ,  0.00 , 383.08 ,  0.00 ,  0.00 ,  0.00 ,  0.00 
76.62 ,  0.00 , 76.62 ,  0.00 ,  0.00 ,  0.00 ,  0.00 
 0.00 ,  0.00 ,  0.00 ,  0.00 ,  0.00 ,  0.00 ,  0.00 
 0.00 ,  0.00 ,  0.00 ,  0.00 ,  0.00 ,  0.00 ,  0.00 
 0.00 ,  0.00 ,  0.00 ,  0.00 ,  0.00 ,  0.00 ,  0.00 
 0.00 ,  0.00 ,  0.00 ,  0.00 ,  0.00 ,  0.00 ,  0.00 
76.62 ,  0.00 , 76.62 ,  0.00 ,  0.00 ,  0.00 ,  0.00 
229.85 ,  0.00 , 229.85 ,  0.00 ,  0.00 ,  0.00 ,  0.00 
766.16 ,  0.00 , 766.16 ,  0.00 ,  0.00 ,  0.00 ,  0.00 
536.31 ,  0.00 , 536.31 ,  0.00 ,  0.00 ,  0.00 ,  0.00 
536.31 ,  0.00 , 536.31 ,  0.00 ,  0.00 ,  0.00 ,  0.00 
459.70 ,  0.00 , 459.70 ,  0.00 ,  0.00 ,  0.00 ,  0.00 
459.70 ,  0.00 , 459.70 ,  0.00 ,  0.00 ,  0.00 ,  0.00 
383.08 ,  0.00 , 383.08 ,  0.00 ,  0.00 ,  0.00 ,  0.00 
383.08 ,  0.00 , 383.08 ,  0.00 ,  0.00 ,  0.00 ,  0.00 
306.46 ,  0.00 , 306.46 ,  0.00 ,  0.00 ,  0.00 ,  0.00 
229.85 ,  0.00 , 229.85 ,  0.00 ,  0.00 ,  0.00 ,  0.00 
306.46 ,  0.00 , 306.46 ,  0.00 ,  0.00 ,  0.00 ,  0.00 
306.46 ,  0.00 , 306.46 ,  0.00 ,  0.00 ,  0.00 ,  0.00 
383.08 ,  0.00 , 383.08 ,  0.00 ,  0.00 ,  0.00 ,  0.00 
536.31 ,  0.00 , 536.31 ,  0.00 ,  0.00 ,  0.00 ,  0.00 
459.70 ,  0.00 , 459.70 ,  0.00 ,  0.00 ,  0.00 ,  0.00 
459.70 ,  0.00 , 459.70 ,  0.00 ,  0.00 ,  0.00 ,  0.00 
383.08 ,  0.00 , 383.08 ,  0.00 ,  0.00 ,  0.00 ,  0.00 
383.08 ,  0.00 , 383.08 ,  0.00 ,  0.00 ,  0.00 ,  0.00 
76.62 ,  0.00 , 76.62 ,  0.00 ,  0.00 ,  0.00 ,  0.00 
 0.00 ,  0.00 ,  0.00 ,  0.00 ,  0.00 ,  0.00 ,  0.00 
 0.00 ,  0.00 ,  0.00 ,  0.00 ,  0.00 ,  0.00 ,  0.00 
 0.00 ,  0.00 ,  0.00 ,  0.00 ,  0.00 ,  0.00 ,  0.00 
 0.00 ,  0.00 ,  0.00 ,  0.00 ,  0.00 ,  0.00 ,  0.00 
76.62 ,  0.00 , 76.62 ,  0.00 ,  0.00 ,  0.00 ,  0.00 
229.85 ,  0.00 , 229.85 ,  0.00 ,  0.00 ,  0.00 ,  0.00 
766.16 ,  0.00 , 766.16 ,  0.00 ,  0.00 ,  0.00 ,  0.00 
536.31 ,  0.00 , 536.31 ,  0.00 ,  0.00 ,  0.00 ,  0.00 
536.31 ,  0.00 , 536.31 ,  0.00 ,  0.00 ,  0.00 ,  0.00 
459.70 ,  0.00 , 459.70 ,  0.00 ,  0.00 ,  0.00 ,  0.00 
459.70 ,  0.00 , 459.70 ,  0.00 ,  0.00 ,  0.00 ,  0.00 
383.08 ,  0.00 , 383.08 ,  0.00 ,  0.00 ,  0.00 ,  0.00 
383.08 ,  0.00 , 383.08 ,  0.00 ,  0.00 ,  0.00 ,  0.00 
306.46 ,  0.00 , 306.46 ,  0.00 ,  0.00 ,  0.00 ,  0.00 
229.85 ,  0.00 , 229.85 ,  0.00 ,  0.00 ,  0.00 ,  0.00 
306.46 ,  0.00 , 306.46 ,  0.00 ,  0.00 ,  0.00 ,  0.00 
306.46 ,  0.00 , 306.46 ,  0.00 ,  0.00 ,  0.00 ,  0.00 
383.08 ,  0.00 , 383.08 ,  0.00 ,  0.00 ,  0.00 ,  0.00 
536.31 ,  0.00 , 536.31 ,  0.00 ,  0.00 ,  0.00 ,  0.00 
459.70 ,  0.00 , 459.70 ,  0.00 ,  0.00 ,  0.00 ,  0.00 
459.70 ,  0.00 , 459.70 ,  0.00 ,  0.00 ,  0.00 ,  0.00 
383.08 ,  0.00 , 383.08 ,  0.00 ,  0.00 ,  0.00 ,  0.00 
383.08 ,  0.00 , 383.08 ,  0.00 ,  0.00 ,  0.00 ,  0.00 
76.62 ,  0.00 , 76.62 ,  0.00 ,  0.00 ,  0.00 ,  0.00 
 0.00 ,  0.00 ,  0.00 ,  0.00 ,  0.00 ,  0.00 ,  0.00 
 0.00 ,  0.00 ,  0.00 ,  0.00 ,  0.00 ,  0.00 ,  0.00 
 0.00 ,  0.00 ,  0.00 ,  0.00 ,  0.00 ,  0.00 ,  0.00 
 0.00 ,  0.00 ,  0.00 ,  0.00 ,  0.00 ,  0.00 ,  0.00 
76.62 ,  0.00 , 76.62 ,  0.00 ,  0.00 ,  0.00 ,  0.00 
229.85 ,  0.00 , 229.85 ,  0.00 ,  0.00 ,  0.00 ,  0.00 
766.16 ,  0.00 , 766.16 ,  0.00 ,  0.00 ,  0.00 ,  0.00 
536.31 ,  0.00 , 536.31 ,  0.00 ,  0.00 ,  0.00 ,  0.00 
536.31 ,  0.00 , 536.31 ,  0.00 ,  0.00 ,  0.00 ,  0.00 
459.70 ,  0.00 , 459.70 ,  0.00 ,  0.00 ,  0.00 ,  0.00 
459.70 ,  0.00 , 459.70 ,  0.00 ,  0.00 ,  0.00 ,  0.00 
383.08 ,  0.00 , 383.08 ,  0.00 ,  0.00 ,  0.00 ,  0.00 
383.08 ,  0.00 , 383.08 ,  0.00 ,  0.00 ,  0.00 ,  0.00 
306.46 ,  0.00 , 306.46 ,  0.00 ,  0.00 ,  0.00 ,  0.00 
229.85 ,  0.00 , 229.85 ,  0.00 ,  0.00 ,  0.00 ,  0.00 
306.46 ,  0.00 , 306.46 ,  0.00 ,  0.00 ,  0.00 ,  0.00 
306.46 ,  0.00 , 306.46 ,  0.00 ,  0.00 ,  0.00 ,  0.00 
383.08 ,  0.00 , 383.08 ,  0.00 ,  0.00 ,  0.00 ,  0.00 
536.31 ,  0.00 , 536.31 ,  0.00 ,  0.00 ,  0.00 ,  0.00 
459.70 ,  0.00 , 459.70 ,  0.00 ,  0.00 ,  0.00 ,  0.00 
459.70 ,  0.00 , 459.70 ,  0.00 ,  0.00 ,  0.00 ,  0.00 
383.08 ,  0.00 , 383.08 ,  0.00 ,  0.00 ,  0.00 ,  0.00 
383.08 ,  0.00 , 383.08 ,  0.00 ,  0.00 ,  0.00 ,  0.00 
76.62 ,  0.00 , 76.62 ,  0.00 ,  0.00 ,  0.00 ,  0.00 
 0.00 ,  0.00 ,  0.00 ,  0.00 ,  0.00 ,  0.00 ,  0.00 
 0.00 ,  0.00 ,  0.00 ,  0.00 ,  0.00 ,  0.00 ,  0.00 
 0.00 ,  0.00 ,  0.00 ,  0.00 ,  0.00 ,  0.00 ,  0.00 
 0.00 ,  0.00 ,  0.00 ,  0.00 ,  0.00 ,  0.00 ,  0.00 
76.62 ,  0.00 , 76.62 ,  0.00 ,  0.00 ,  0.00 ,  0.00 
229.85 ,  0.00 , 229.85 ,  0.00 ,  0.00 ,  0.00 ,  0.00 
766.16 ,  0.00 , 766.16 ,  0.00 ,  0.00 ,  0.00 ,  0.00 
536.31 ,  0.00 , 536.31 ,  0.00 ,  0.00 ,  0.00 ,  0.00 
536.31 ,  0.00 , 536.31 ,  0.00 ,  0.00 ,  0.00 ,  0.00 
459.70 ,  0.00 , 459.70 ,  0.00 ,  0.00 ,  0.00 ,  0.00 
459.70 ,  0.00 , 459.70 ,  0.00 ,  0.00 ,  0.00 ,  0.00 
383.08 ,  0.00 , 383.08 ,  0.00 ,  0.00 ,  0.00 ,  0.00 
383.08 ,  0.00 , 383.08 ,  0.00 ,  0.00 ,  0.00 ,  0.00 
306.46 ,  0.00 , 306.46 ,  0.00 ,  0.00 ,  0.00 ,  0.00 
229.85 ,  0.00 , 229.85 ,  0.00 ,  0.00 ,  0.00 ,  0.00 
306.46 ,  0.00 , 306.46 ,  0.00 ,  0.00 ,  0.00 ,  0.00 
306.46 ,  0.00 , 306.46 ,  0.00 ,  0.00 ,  0.00 ,  0.00 
383.08 ,  0.00 , 383.08 ,  0.00 ,  0.00 ,  0.00 ,  0.00 
536.31 ,  0.00 , 536.31 ,  0.00 ,  0.00 ,  0.00 ,  0.00 
459.70 ,  0.00 , 459.70 ,  0.00 ,  0.00 ,  0.00 ,  0.00 
459.70 ,  0.00 , 459.70 ,  0.00 ,  0.00 ,  0.00 ,  0.00 
383.08 ,  0.00 , 383.08 ,  0.00 ,  0.00 ,  0.00 ,  0.00 
383.08 ,  0.00 , 383.08 ,  0.00 ,  0.00 ,  0.00 ,  0.00 
76.62 ,  0.00 , 76.62 ,  0.00 ,  0.00 ,  0.00 ,  0.00 
 0.00 ,  0.00 ,  0.00 ,  0.00 ,  0.00 ,  0.00 ,  0.00 
 0.00 ,  0.00 ,  0.00 ,  0.00 ,  0.00 ,  0.00 ,  0.00 
 0.00 ,  0.00 ,  0.00 ,  0.00 ,  0.00 ,  0.00 ,  0.00 
 0.00 ,  0.00 ,  0.00 ,  0.00 ,  0.00 ,  0.00 ,  0.00 
76.62 ,  0.00 , 76.62 ,  0.00 ,  0.00 ,  0.00 ,  0.00 
229.85 ,  0.00 , 229.85 ,  0.00 ,  0.00 ,  0.00 ,  0.00 
766.16 ,  0.00 , 766.16 ,  0.00 ,  0.00 ,  0.00 ,  0.00 
536.31 ,  0.00 , 536.31 ,  0.00 ,  0.00 ,  0.00 ,  0.00 
536.31 ,  0.00 , 536.31 ,  0.00 ,  0.00 ,  0.00 ,  0.00 
459.70 ,  0.00 , 459.70 ,  0.00 ,  0.00 ,  0.00 ,  0.00 
459.70 ,  0.00 , 459.70 ,  0.00 ,  0.00 ,  0.00 ,  0.00 
383.08 ,  0.00 , 383.08 ,  0.00 ,  0.00 ,  0.00 ,  0.00 
383.08 ,  0.00 , 383.08 ,  0.00 ,  0.00 ,  0.00 ,  0.00 
306.46 ,  0.00 , 306.46 ,  0.00 ,  0.00 ,  0.00 ,  0.00 
229.85 ,  0.00 , 229.85 ,  0.00 ,  0.00 ,  0.00 ,  0.00 
306.46 ,  0.00 , 306.46 ,  0.00 ,  0.00 ,  0.00 ,  0.00 
306.46 ,  0.00 , 306.46 ,  0.00 ,  0.00 ,  0.00 ,  0.00 
383.08 ,  0.00 , 383.08 ,  0.00 ,  0.00 ,  0.00 ,  0.00 
536.31 ,  0.00 , 536.31 ,  0.00 ,  0.00 ,  0.00 ,  0.00 
459.70 ,  0.00 , 459.70 ,  0.00 ,  0.00 ,  0.00 ,  0.00 
459.70 ,  0.00 , 459.70 ,  0.00 ,  0.00 ,  0.00 ,  0.00 
383.08 ,  0.00 , 383.08 ,  0.00 ,  0.00 ,  0.00 ,  0.00 
383.08 ,  0.00 , 383.08 ,  0.00 ,  0.00 ,  0.00 ,  0.00 
76.62 ,  0.00 , 76.62 ,  0.00 ,  0.00 ,  0.00 ,  0.00 
 0.00 ,  0.00 ,  0.00 ,  0.00 ,  0.00 ,  0.00 ,  0.00 
 0.00 ,  0.00 ,  0.00 ,  0.00 ,  0.00 ,  0.00 ,  0.00 
 0.00 ,  0.00 ,  0.00 ,  0.00 ,  0.00 ,  0.00 ,  0.00 
 0.00 ,  0.00 ,  0.00 ,  0.00 ,  0.00 ,  0.00 ,  0.00 
76.62 ,  0.00 , 76.62 ,  0.00 ,  0.00 ,  0.00 ,  0.00 
229.85 ,  0.00 , 229.85 ,  0.00 ,  0.00 ,  0.00 ,  0.00 
766.16 ,  0.00 , 766.16 ,  0.00 ,  0.00 ,  0.00 ,  0.00 
536.31 ,  0.00 , 536.31 ,  0.00 ,  0.00 ,  0.00 ,  0.00 
536.31 ,  0.00 , 536.31 ,  0.00 ,  0.00 ,  0.00 ,  0.00 
459.70 ,  0.00 , 459.70 ,  0.00 ,  0.00 ,  0.00 ,  0.00 
459.70 ,  0.00 , 459.70 ,  0.00 ,  0.00 ,  0.00 ,  0.00 
383.08 ,  0.00 , 383.08 ,  0.00 ,  0.00 ,  0.00 ,  0.00 
383.08 ,  0.00 , 383.08 ,  0.00 ,  0.00 ,  0.00 ,  0.00 
306.46 ,  0.00 , 306.46 ,  0.00 ,  0.00 ,  0.00 ,  0.00 
229.85 ,  0.00 , 229.85 ,  0.00 ,  0.00 ,  0.00 ,  0.00 
306.46 ,  0.00 , 306.46 ,  0.00 ,  0.00 ,  0.00 ,  0.00 
306.46 ,  0.00 , 306.46 ,  0.00 ,  0.00 ,  0.00 ,  0.00 
383.08 ,  0.00 , 383.08 ,  0.00 ,  0.00 ,  0.00 ,  0.00 
536.31 ,  0.00 , 536.31 ,  0.00 ,  0.00 ,  0.00 ,  0.00 
459.70 ,  0.00 , 459.70 ,  0.00 ,  0.00 ,  0.00 ,  0.00 
459.70 ,  0.00 , 459.70 ,  0.00 ,  0.00 ,  0.00 ,  0.00 
383.08 ,  0.00 , 383.08 ,  0.00 ,  0.00 ,  0.00 ,  0.00 
383.08 ,  0.00 , 383.08 ,  0.00 ,  0.00 ,  0.00 ,  0.00 
76.62 ,  0.00 , 76.62 ,  0.00 ,  0.00 ,  0.00 ,  0.00 
 0.00 ,  0.00 ,  0.00 ,  0.00 ,  0.00 ,  0.00 ,  0.00 
 0.00 ,  0.00 ,  0.00 ,  0.00 ,  0.00 ,  0.00 ,  0.00 
 0.00 ,  0.00 ,  0.00 ,  0.00 ,  0.00 ,  0.00 ,  0.00 
 0.00 ,  0.00 ,  0.00 ,  0.00 ,  0.00 ,  0.00 ,  0.00 
76.62 ,  0.00 , 76.62 ,  0.00 ,  0.00 ,  0.00 ,  0.00 
229.85 ,  0.00 , 229.85 ,  0.00 ,  0.00 ,  0.00 ,  0.00 
766.16 ,  0.00 , 766.16 ,  0.00 ,  0.00 ,  0.00 ,  0.00 
536.31 ,  0.00 , 536.31 ,  0.00 ,  0.00 ,  0.00 ,  0.00 
536.31 ,  0.00 , 536.31 ,  0.00 ,  0.00 ,  0.00 ,  0.00 
459.70 ,  0.00 , 459.70 ,  0.00 ,  0.00 ,  0.00 ,  0.00 
459.70 ,  0.00 , 459.70 ,  0.00 ,  0.00 ,  0.00 ,  0.00 
383.08 ,  0.00 , 383.08 ,  0.00 ,  0.00 ,  0.00 ,  0.00 
383.08 ,  0.00 , 383.08 ,  0.00 ,  0.00 ,  0.00 ,  0.00 
306.46 ,  0.00 , 306.46 ,  0.00 ,  0.00 ,  0.00 ,  0.00 
229.85 ,  0.00 , 229.85 ,  0.00 ,  0.00 ,  0.00 ,  0.00 
306.46 ,  0.00 , 306.46 ,  0.00 ,  0.00 ,  0.00 ,  0.00 
306.46 ,  0.00 , 306.46 ,  0.00 ,  0.00 ,  0.00 ,  0.00 
383.08 ,  0.00 , 383.08 ,  0.00 ,  0.00 ,  0.00 ,  0.00 
536.31 ,  0.00 , 536.31 ,  0.00 ,  0.00 ,  0.00 ,  0.00 
459.70 ,  0.00 , 459.70 ,  0.00 ,  0.00 ,  0.00 ,  0.00 
459.70 ,  0.00 , 459.70 ,  0.00 ,  0.00 ,  0.00 ,  0.00 
383.08 ,  0.00 , 383.08 ,  0.00 ,  0.00 ,  0.00 ,  0.00 
383.08 ,  0.00 , 383.08 ,  0.00 ,  0.00 ,  0.00 ,  0.00 
76.62 ,  0.00 , 76.62 ,  0.00 ,  0.00 ,  0.00 ,  0.00 
 0.00 ,  0.00 ,  0.00 ,  0.00 ,  0.00 ,  0.00 ,  0.00 
 0.00 ,  0.00 ,  0.00 ,  0.00 ,  0.00 ,  0.00 ,  0.00 
 0.00 ,  0.00 ,  0.00 ,  0.00 ,  0.00 ,  0.00 ,  0.00 
 0.00 ,  0.00 ,  0.00 ,  0.00 ,  0.00 ,  0.00 ,  0.00 
76.62 ,  0.00 , 76.62 ,  0.00 ,  0.00 ,  0.00 ,  0.00 
229.85 ,  0.00 , 229.85 ,  0.00 ,  0.00 ,  0.00 ,  0.00 
766.16 ,  0.00 , 766.16 ,  0.00 ,  0.00 ,  0.00 ,  0.00 
536.31 ,  0.00 , 536.31 ,  0.00 ,  0.00 ,  0.00 ,  0.00 
536.31 ,  0.00 , 536.31 ,  0.00 ,  0.00 ,  0.00 ,  0.00 
459.70 ,  0.00 , 459.70 ,  0.00 ,  0.00 ,  0.00 ,  0.00 
459.70 ,  0.00 , 459.70 ,  0.00 ,  0.00 ,  0.00 ,  0.00 
383.08 ,  0.00 , 383.08 ,  0.00 ,  0.00 ,  0.00 ,  0.00 
383.08 ,  0.00 , 383.08 ,  0.00 ,  0.00 ,  0.00 ,  0.00 
306.46 ,  0.00 , 306.46 ,  0.00 ,  0.00 ,  0.00 ,  0.00 
229.85 ,  0.00 , 229.85 ,  0.00 ,  0.00 ,  0.00 ,  0.00 
306.46 ,  0.00 , 306.46 ,  0.00 ,  0.00 ,  0.00 ,  0.00 
306.46 ,  0.00 , 306.46 ,  0.00 ,  0.00 ,  0.00 ,  0.00 
383.08 ,  0.00 , 383.08 ,  0.00 ,  0.00 ,  0.00 ,  0.00 
536.31 ,  0.00 , 536.31 ,  0.00 ,  0.00 ,  0.00 ,  0.00 
459.70 ,  0.00 , 459.70 ,  0.00 ,  0.00 ,  0.00 ,  0.00 
459.70 ,  0.00 , 459.70 ,  0.00 ,  0.00 ,  0.00 ,  0.00 
383.08 ,  0.00 , 383.08 ,  0.00 ,  0.00 ,  0.00 ,  0.00 
383.08 ,  0.00 , 383.08 ,  0.00 ,  0.00 ,  0.00 ,  0.00 
76.62 ,  0.00 , 76.62 ,  0.00 ,  0.00 ,  0.00 ,  0.00 
 0.00 ,  0.00 ,  0.00 ,  0.00 ,  0.00 ,  0.00 ,  0.00 
 0.00 ,  0.00 ,  0.00 ,  0.00 ,  0.00 ,  0.00 ,  0.00 
 0.00 ,  0.00 ,  0.00 ,  0.00 ,  0.00 ,  0.00 ,  0.00 
 0.00 ,  0.00 ,  0.00 ,  0.00 ,  0.00 ,  0.00 ,  0.00 
76.62 ,  0.00 , 76.62 ,  0.00 ,  0.00 ,  0.00 ,  0.00 
229.85 ,  0.00 , 229.85 ,  0.00 ,  0.00 ,  0.00 ,  0.00 
766.16 ,  0.00 , 766.16 ,  0.00 ,  0.00 ,  0.00 ,  0.00 
536.31 ,  0.00 , 536.31 ,  0.00 ,  0.00 ,  0.00 ,  0.00 
536.31 ,  0.00 , 536.31 ,  0.00 ,  0.00 ,  0.00 ,  0.00 
459.70 ,  0.00 , 459.70 ,  0.00 ,  0.00 ,  0.00 ,  0.00 
459.70 ,  0.00 , 459.70 ,  0.00 ,  0.00 ,  0.00 ,  0.00 
383.08 ,  0.00 , 383.08 ,  0.00 ,  0.00 ,  0.00 ,  0.00 
383.08 ,  0.00 , 383.08 ,  0.00 ,  0.00 ,  0.00 ,  0.00 
306.46 ,  0.00 , 306.46 ,  0.00 ,  0.00 ,  0.00 ,  0.00 
229.85 ,  0.00 , 229.85 ,  0.00 ,  0.00 ,  0.00 ,  0.00 
306.46 ,  0.00 , 306.46 ,  0.00 ,  0.00 ,  0.00 ,  0.00 
306.46 ,  0.00 , 306.46 ,  0.00 ,  0.00 ,  0.00 ,  0.00 
383.08 ,  0.00 , 383.08 ,  0.00 ,  0.00 ,  0.00 ,  0.00 
536.31 ,  0.00 , 536.31 ,  0.00 ,  0.00 ,  0.00 ,  0.00 
459.70 ,  0.00 , 459.70 ,  0.00 ,  0.00 ,  0.00 ,  0.00 
459.70 ,  0.00 , 459.70 ,  0.00 ,  0.00 ,  0.00 ,  0.00 
383.08 ,  0.00 , 383.08 ,  0.00 ,  0.00 ,  0.00 ,  0.00 
383.08 ,  0.00 , 383.08 ,  0.00 ,  0.00 ,  0.00 ,  0.00 
76.62 ,  0.00 , 76.62 ,  0.00 ,  0.00 ,  0.00 ,  0.00 
 0.00 ,  0.00 ,  0.00 ,  0.00 ,  0.00 ,  0.00 ,  0.00 
 0.00 ,  0.00 ,  0.00 ,  0.00 ,  0.00 ,  0.00 ,  0.00 
 0.00 ,  0.00 ,  0.00 ,  0.00 ,  0.00 ,  0.00 ,  0.00 
 0.00 ,  0.00 ,  0.00 ,  0.00 ,  0.00 ,  0.00 ,  0.00 
76.62 ,  0.00 , 76.62 ,  0.00 ,  0.00 ,  0.00 ,  0.00 
229.85 ,  0.00 , 229.85 ,  0.00 ,  0.00 ,  0.00 ,  0.00 
766.16 ,  0.00 , 766.16 ,  0.00 ,  0.00 ,  0.00 ,  0.00 
536.31 ,  0.00 , 536.31 ,  0.00 ,  0.00 ,  0.00 ,  0.00 
536.31 ,  0.00 , 536.31 ,  0.00 ,  0.00 ,  0.00 ,  0.00 
459.70 ,  0.00 , 459.70 ,  0.00 ,  0.00 ,  0.00 ,  0.00 
459.70 ,  0.00 , 459.70 ,  0.00 ,  0.00 ,  0.00 ,  0.00 
383.08 ,  0.00 , 383.08 ,  0.00 ,  0.00 ,  0.00 ,  0.00 
383.08 ,  0.00 , 383.08 ,  0.00 ,  0.00 ,  0.00 ,  0.00 
306.46 ,  0.00 , 306.46 ,  0.00 ,  0.00 ,  0.00 ,  0.00 
229.85 ,  0.00 , 229.85 ,  0.00 ,  0.00 ,  0.00 ,  0.00 
306.46 ,  0.00 , 306.46 ,  0.00 ,  0.00 ,  0.00 ,  0.00 
306.46 ,  0.00 , 306.46 ,  0.00 ,  0.00 ,  0.00 ,  0.00 
383.08 ,  0.00 , 383.08 ,  0.00 ,  0.00 ,  0.00 ,  0.00 
536.31 ,  0.00 , 536.31 ,  0.00 ,  0.00 ,  0.00 ,  0.00 
459.70 ,  0.00 , 459.70 ,  0.00 ,  0.00 ,  0.00 ,  0.00 
459.70 ,  0.00 , 459.70 ,  0.00 ,  0.00 ,  0.00 ,  0.00 
383.08 ,  0.00 , 383.08 ,  0.00 ,  0.00 ,  0.00 ,  0.00 
383.08 ,  0.00 , 383.08 ,  0.00 ,  0.00 ,  0.00 ,  0.00 
76.62 ,  0.00 , 76.62 ,  0.00 ,  0.00 ,  0.00 ,  0.00 
 0.00 ,  0.00 ,  0.00 ,  0.00 ,  0.00 ,  0.00 ,  0.00 
 0.00 ,  0.00 ,  0.00 ,  0.00 ,  0.00 ,  0.00 ,  0.00 
 0.00 ,  0.00 ,  0.00 ,  0.00 ,  0.00 ,  0.00 ,  0.00 
 0.00 ,  0.00 ,  0.00 ,  0.00 ,  0.00 ,  0.00 ,  0.00 
76.62 ,  0.00 , 76.62 ,  0.00 ,  0.00 ,  0.00 ,  0.00 
229.85 ,  0.00 , 229.85 ,  0.00 ,  0.00 ,  0.00 ,  0.00 
766.16 ,  0.00 , 766.16 ,  0.00 ,  0.00 ,  0.00 ,  0.00 
536.31 ,  0.00 , 536.31 ,  0.00 ,  0.00 ,  0.00 ,  0.00 
536.31 ,  0.00 , 536.31 ,  0.00 ,  0.00 ,  0.00 ,  0.00 
459.70 ,  0.00 , 459.70 ,  0.00 ,  0.00 ,  0.00 ,  0.00 
459.70 ,  0.00 , 459.70 ,  0.00 ,  0.00 ,  0.00 ,  0.00 
383.08 ,  0.00 , 383.08 ,  0.00 ,  0.00 ,  0.00 ,  0.00 
383.08 ,  0.00 , 383.08 ,  0.00 ,  0.00 ,  0.00 ,  0.00 
306.46 ,  0.00 , 306.46 ,  0.00 ,  0.00 ,  0.00 ,  0.00 
229.85 ,  0.00 , 229.85 ,  0.00 ,  0.00 ,  0.00 ,  0.00 
306.46 ,  0.00 , 306.46 ,  0.00 ,  0.00 ,  0.00 ,  0.00 
306.46 ,  0.00 , 306.46 ,  0.00 ,  0.00 ,  0.00 ,  0.00 
383.08 ,  0.00 , 383.08 ,  0.00 ,  0.00 ,  0.00 ,  0.00 
536.31 ,  0.00 , 536.31 ,  0.00 ,  0.00 ,  0.00 ,  0.00 
459.70 ,  0.00 , 459.70 ,  0.00 ,  0.00 ,  0.00 ,  0.00 
459.70 ,  0.00 , 459.70 ,  0.00 ,  0.00 ,  0.00 ,  0.00 
383.08 ,  0.00 , 383.08 ,  0.00 ,  0.00 ,  0.00 ,  0.00 
383.08 ,  0.00 , 383.08 ,  0.00 ,  0.00 ,  0.00 ,  0.00 
76.62 ,  0.00 , 76.62 ,  0.00 ,  0.00 ,  0.00 ,  0.00 
 0.00 ,  0.00 ,  0.00 ,  0.00 ,  0.00 ,  0.00 ,  0.00 
 0.00 ,  0.00 ,  0.00 ,  0.00 ,  0.00 ,  0.00 ,  0.00 
 0.00 ,  0.00 ,  0.00 ,  0.00 ,  0.00 ,  0.00 ,  0.00 
 0.00 ,  0.00 ,  0.00 ,  0.00 ,  0.00 ,  0.00 ,  0.00 
76.62 ,  0.00 , 76.62 ,  0.00 ,  0.00 ,  0.00 ,  0.00 
229.85 ,  0.00 , 229.85 ,  0.00 ,  0.00 ,  0.00 ,  0.00 
766.16 ,  0.00 , 766.16 ,  0.00 ,  0.00 ,  0.00 ,  0.00 
536.31 ,  0.00 , 536.31 ,  0.00 ,  0.00 ,  0.00 ,  0.00 
536.31 ,  0.00 , 536.31 ,  0.00 ,  0.00 ,  0.00 ,  0.00 
459.70 ,  0.00 , 459.70 ,  0.00 ,  0.00 ,  0.00 ,  0.00 
459.70 ,  0.00 , 459.70 ,  0.00 ,  0.00 ,  0.00 ,  0.00 
383.08 ,  0.00 , 383.08 ,  0.00 ,  0.00 ,  0.00 ,  0.00 
383.08 ,  0.00 , 383.08 ,  0.00 ,  0.00 ,  0.00 ,  0.00 
306.46 ,  0.00 , 306.46 ,  0.00 ,  0.00 ,  0.00 ,  0.00 
229.85 ,  0.00 , 229.85 ,  0.00 ,  0.00 ,  0.00 ,  0.00 
306.46 ,  0.00 , 306.46 ,  0.00 ,  0.00 ,  0.00 ,  0.00 
306.46 ,  0.00 , 306.46 ,  0.00 ,  0.00 ,  0.00 ,  0.00 
383.08 ,  0.00 , 383.08 ,  0.00 ,  0.00 ,  0.00 ,  0.00 
536.31 ,  0.00 , 536.31 ,  0.00 ,  0.00 ,  0.00 ,  0.00 
459.70 ,  0.00 , 459.70 ,  0.00 ,  0.00 ,  0.00 ,  0.00 
459.70 ,  0.00 , 459.70 ,  0.00 ,  0.00 ,  0.00 ,  0.00 
383.08 ,  0.00 , 383.08 ,  0.00 ,  0.00 ,  0.00 ,  0.00 
383.08 ,  0.00 , 383.08 ,  0.00 ,  0.00 ,  0.00 ,  0.00 
76.62 ,  0.00 , 76.62 ,  0.00 ,  0.00 ,  0.00 ,  0.00 
 0.00 ,  0.00 ,  0.00 ,  0.00 ,  0.00 ,  0.00 ,  0.00 
 0.00 ,  0.00 ,  0.00 ,  0.00 ,  0.00 ,  0.00 ,  0.00 
 0.00 ,  0.00 ,  0.00 ,  0.00 ,  0.00 ,  0.00 ,  0.00 
 0.00 ,  0.00 ,  0.00 ,  0.00 ,  0.00 ,  0.00 ,  0.00 
76.62 ,  0.00 , 76.62 ,  0.00 ,  0.00 ,  0.00 ,  0.00 
229.85 ,  0.00 , 229.85 ,  0.00 ,  0.00 ,  0.00 ,  0.00 
766.16 ,  0.00 , 766.16 ,  0.00 ,  0.00 ,  0.00 ,  0.00 
536.31 ,  0.00 , 536.31 ,  0.00 ,  0.00 ,  0.00 ,  0.00 
536.31 ,  0.00 , 536.31 ,  0.00 ,  0.00 ,  0.00 ,  0.00 
459.70 ,  0.00 , 459.70 ,  0.00 ,  0.00 ,  0.00 ,  0.00 
459.70 ,  0.00 , 459.70 ,  0.00 ,  0.00 ,  0.00 ,  0.00 
383.08 ,  0.00 , 383.08 ,  0.00 ,  0.00 ,  0.00 ,  0.00 
383.08 ,  0.00 , 383.08 ,  0.00 ,  0.00 ,  0.00 ,  0.00 
306.46 ,  0.00 , 306.46 ,  0.00 ,  0.00 ,  0.00 ,  0.00 
229.85 ,  0.00 , 229.85 ,  0.00 ,  0.00 ,  0.00 ,  0.00 
306.46 ,  0.00 , 306.46 ,  0.00 ,  0.00 ,  0.00 ,  0.00 
306.46 ,  0.00 , 306.46 ,  0.00 ,  0.00 ,  0.00 ,  0.00 
383.08 ,  0.00 , 383.08 ,  0.00 ,  0.00 ,  0.00 ,  0.00 
536.31 ,  0.00 , 536.31 ,  0.00 ,  0.00 ,  0.00 ,  0.00 
459.70 ,  0.00 , 459.70 ,  0.00 ,  0.00 ,  0.00 ,  0.00 
459.70 ,  0.00 , 459.70 ,  0.00 ,  0.00 ,  0.00 ,  0.00 
383.08 ,  0.00 , 383.08 ,  0.00 ,  0.00 ,  0.00 ,  0.00 
383.08 ,  0.00 , 383.08 ,  0.00 ,  0.00 ,  0.00 ,  0.00 
76.62 ,  0.00 , 76.62 ,  0.00 ,  0.00 ,  0.00 ,  0.00 
 0.00 ,  0.00 ,  0.00 ,  0.00 ,  0.00 ,  0.00 ,  0.00 
 0.00 ,  0.00 ,  0.00 ,  0.00 ,  0.00 ,  0.00 ,  0.00 
 0.00 ,  0.00 ,  0.00 ,  0.00 ,  0.00 ,  0.00 ,  0.00 
 0.00 ,  0.00 ,  0.00 ,  0.00 ,  0.00 ,  0.00 ,  0.00 
76.62 ,  0.00 , 76.62 ,  0.00 ,  0.00 ,  0.00 ,  0.00 
229.85 ,  0.00 , 229.85 ,  0.00 ,  0.00 ,  0.00 ,  0.00 
766.16 ,  0.00 , 766.16 ,  0.00 ,  0.00 ,  0.00 ,  0.00 
536.31 ,  0.00 , 536.31 ,  0.00 ,  0.00 ,  0.00 ,  0.00 
536.31 ,  0.00 , 536.31 ,  0.00 ,  0.00 ,  0.00 ,  0.00 
459.70 ,  0.00 , 459.70 ,  0.00 ,  0.00 ,  0.00 ,  0.00 
459.70 ,  0.00 , 459.70 ,  0.00 ,  0.00 ,  0.00 ,  0.00 
383.08 ,  0.00 , 383.08 ,  0.00 ,  0.00 ,  0.00 ,  0.00 
383.08 ,  0.00 , 383.08 ,  0.00 ,  0.00 ,  0.00 ,  0.00 
306.46 ,  0.00 , 306.46 ,  0.00 ,  0.00 ,  0.00 ,  0.00 
229.85 ,  0.00 , 229.85 ,  0.00 ,  0.00 ,  0.00 ,  0.00 
306.46 ,  0.00 , 306.46 ,  0.00 ,  0.00 ,  0.00 ,  0.00 
306.46 ,  0.00 , 306.46 ,  0.00 ,  0.00 ,  0.00 ,  0.00 
383.08 ,  0.00 , 383.08 ,  0.00 ,  0.00 ,  0.00 ,  0.00 
536.31 ,  0.00 , 536.31 ,  0.00 ,  0.00 ,  0.00 ,  0.00 
459.70 ,  0.00 , 459.70 ,  0.00 ,  0.00 ,  0.00 ,  0.00 
459.70 ,  0.00 , 459.70 ,  0.00 ,  0.00 ,  0.00 ,  0.00 
383.08 ,  0.00 , 383.08 ,  0.00 ,  0.00 ,  0.00 ,  0.00 
383.08 ,  0.00 , 383.08 ,  0.00 ,  0.00 ,  0.00 ,  0.00 
76.62 ,  0.00 , 76.62 ,  0.00 ,  0.00 ,  0.00 ,  0.00 
 0.00 ,  0.00 ,  0.00 ,  0.00 ,  0.00 ,  0.00 ,  0.00 
 0.00 ,  0.00 ,  0.00 ,  0.00 ,  0.00 ,  0.00 ,  0.00 
 0.00 ,  0.00 ,  0.00 ,  0.00 ,  0.00 ,  0.00 ,  0.00 
 0.00 ,  0.00 ,  0.00 ,  0.00 ,  0.00 ,  0.00 ,  0.00 
76.62 ,  0.00 , 76.62 ,  0.00 ,  0.00 ,  0.00 ,  0.00 
229.85 ,  0.00 , 229.85 ,  0.00 ,  0.00 ,  0.00 ,  0.00 
766.16 ,  0.00 , 766.16 ,  0.00 ,  0.00 ,  0.00 ,  0.00 
536.31 ,  0.00 , 536.31 ,  0.00 ,  0.00 ,  0.00 ,  0.00 
536.31 ,  0.00 , 536.31 ,  0.00 ,  0.00 ,  0.00 ,  0.00 
459.70 ,  0.00 , 459.70 ,  0.00 ,  0.00 ,  0.00 ,  0.00 
459.70 ,  0.00 , 459.70 ,  0.00 ,  0.00 ,  0.00 ,  0.00 
383.08 ,  0.00 , 383.08 ,  0.00 ,  0.00 ,  0.00 ,  0.00 
383.08 ,  0.00 , 383.08 ,  0.00 ,  0.00 ,  0.00 ,  0.00 
306.46 ,  0.00 , 306.46 ,  0.00 ,  0.00 ,  0.00 ,  0.00 
229.85 ,  0.00 , 229.85 ,  0.00 ,  0.00 ,  0.00 ,  0.00 
306.46 ,  0.00 , 306.46 ,  0.00 ,  0.00 ,  0.00 ,  0.00 
306.46 ,  0.00 , 306.46 ,  0.00 ,  0.00 ,  0.00 ,  0.00 
383.08 ,  0.00 , 383.08 ,  0.00 ,  0.00 ,  0.00 ,  0.00 
536.31 ,  0.00 , 536.31 ,  0.00 ,  0.00 ,  0.00 ,  0.00 
459.70 ,  0.00 , 459.70 ,  0.00 ,  0.00 ,  0.00 ,  0.00 
459.70 ,  0.00 , 459.70 ,  0.00 ,  0.00 ,  0.00 ,  0.00 
383.08 ,  0.00 , 383.08 ,  0.00 ,  0.00 ,  0.00 ,  0.00 
383.08 ,  0.00 , 383.08 ,  0.00 ,  0.00 ,  0.00 ,  0.00 
76.62 ,  0.00 , 76.62 ,  0.00 ,  0.00 ,  0.00 ,  0.00 
 0.00 ,  0.00 ,  0.00 ,  0.00 ,  0.00 ,  0.00 ,  0.00 
 0.00 ,  0.00 ,  0.00 ,  0.00 ,  0.00 ,  0.00 ,  0.00 
 0.00 ,  0.00 ,  0.00 ,  0.00 ,  0.00 ,  0.00 ,  0.00 
 0.00 ,  0.00 ,  0.00 ,  0.00 ,  0.00 ,  0.00 ,  0.00 
76.62 ,  0.00 , 76.62 ,  0.00 ,  0.00 ,  0.00 ,  0.00 
229.85 ,  0.00 , 229.85 ,  0.00 ,  0.00 ,  0.00 ,  0.00 
766.16 ,  0.00 , 766.16 ,  0.00 ,  0.00 ,  0.00 ,  0.00 
536.31 ,  0.00 , 536.31 ,  0.00 ,  0.00 ,  0.00 ,  0.00 
536.31 ,  0.00 , 536.31 ,  0.00 ,  0.00 ,  0.00 ,  0.00 
459.70 ,  0.00 , 459.70 ,  0.00 ,  0.00 ,  0.00 ,  0.00 
459.70 ,  0.00 , 459.70 ,  0.00 ,  0.00 ,  0.00 ,  0.00 
383.08 ,  0.00 , 383.08 ,  0.00 ,  0.00 ,  0.00 ,  0.00 
383.08 ,  0.00 , 383.08 ,  0.00 ,  0.00 ,  0.00 ,  0.00 
306.46 ,  0.00 , 306.46 ,  0.00 ,  0.00 ,  0.00 ,  0.00 
229.85 ,  0.00 , 229.85 ,  0.00 ,  0.00 ,  0.00 ,  0.00 
306.46 ,  0.00 , 306.46 ,  0.00 ,  0.00 ,  0.00 ,  0.00 
306.46 ,  0.00 , 306.46 ,  0.00 ,  0.00 ,  0.00 ,  0.00 
383.08 ,  0.00 , 383.08 ,  0.00 ,  0.00 ,  0.00 ,  0.00 
536.31 ,  0.00 , 536.31 ,  0.00 ,  0.00 ,  0.00 ,  0.00 
459.70 ,  0.00 , 459.70 ,  0.00 ,  0.00 ,  0.00 ,  0.00 
459.70 ,  0.00 , 459.70 ,  0.00 ,  0.00 ,  0.00 ,  0.00 
383.08 ,  0.00 , 383.08 ,  0.00 ,  0.00 ,  0.00 ,  0.00 
383.08 ,  0.00 , 383.08 ,  0.00 ,  0.00 ,  0.00 ,  0.00 
76.62 ,  0.00 , 76.62 ,  0.00 ,  0.00 ,  0.00 ,  0.00 
 0.00 ,  0.00 ,  0.00 ,  0.00 ,  0.00 ,  0.00 ,  0.00 
 0.00 ,  0.00 ,  0.00 ,  0.00 ,  0.00 ,  0.00 ,  0.00 
 0.00 ,  0.00 ,  0.00 ,  0.00 ,  0.00 ,  0.00 ,  0.00 
 0.00 ,  0.00 ,  0.00 ,  0.00 ,  0.00 ,  0.00 ,  0.00 
76.62 ,  0.00 , 76.62 ,  0.00 ,  0.00 ,  0.00 ,  0.00 
229.85 ,  0.00 , 229.85 ,  0.00 ,  0.00 ,  0.00 ,  0.00 
766.16 ,  0.00 , 766.16 ,  0.00 ,  0.00 ,  0.00 ,  0.00 
536.31 ,  0.00 , 536.31 ,  0.00 ,  0.00 ,  0.00 ,  0.00 
536.31 ,  0.00 , 536.31 ,  0.00 ,  0.00 ,  0.00 ,  0.00 
459.70 ,  0.00 , 459.70 ,  0.00 ,  0.00 ,  0.00 ,  0.00 
459.70 ,  0.00 , 459.70 ,  0.00 ,  0.00 ,  0.00 ,  0.00 
383.08 ,  0.00 , 383.08 ,  0.00 ,  0.00 ,  0.00 ,  0.00 
383.08 ,  0.00 , 383.08 ,  0.00 ,  0.00 ,  0.00 ,  0.00 
306.46 ,  0.00 , 306.46 ,  0.00 ,  0.00 ,  0.00 ,  0.00 
229.85 ,  0.00 , 229.85 ,  0.00 ,  0.00 ,  0.00 ,  0.00 
306.46 ,  0.00 , 306.46 ,  0.00 ,  0.00 ,  0.00 ,  0.00 
306.46 ,  0.00 , 306.46 ,  0.00 ,  0.00 ,  0.00 ,  0.00 
383.08 ,  0.00 , 383.08 ,  0.00 ,  0.00 ,  0.00 ,  0.00 
536.31 ,  0.00 , 536.31 ,  0.00 ,  0.00 ,  0.00 ,  0.00 
459.70 ,  0.00 , 459.70 ,  0.00 ,  0.00 ,  0.00 ,  0.00 
459.70 ,  0.00 , 459.70 ,  0.00 ,  0.00 ,  0.00 ,  0.00 
383.08 ,  0.00 , 383.08 ,  0.00 ,  0.00 ,  0.00 ,  0.00 
383.08 ,  0.00 , 383.08 ,  0.00 ,  0.00 ,  0.00 ,  0.00 
76.62 ,  0.00 , 76.62 ,  0.00 ,  0.00 ,  0.00 ,  0.00 
 0.00 ,  0.00 ,  0.00 ,  0.00 ,  0.00 ,  0.00 ,  0.00 
 0.00 ,  0.00 ,  0.00 ,  0.00 ,  0.00 ,  0.00 ,  0.00 
 0.00 ,  0.00 ,  0.00 ,  0.00 ,  0.00 ,  0.00 ,  0.00 
 0.00 ,  0.00 ,  0.00 ,  0.00 ,  0.00 ,  0.00 ,  0.00 
76.62 ,  0.00 , 76.62 ,  0.00 ,  0.00 ,  0.00 ,  0.00 
229.85 ,  0.00 , 229.85 ,  0.00 ,  0.00 ,  0.00 ,  0.00 
766.16 ,  0.00 , 766.16 ,  0.00 ,  0.00 ,  0.00 ,  0.00 
536.31 ,  0.00 , 536.31 ,  0.00 ,  0.00 ,  0.00 ,  0.00 
536.31 ,  0.00 , 536.31 ,  0.00 ,  0.00 ,  0.00 ,  0.00 
459.70 ,  0.00 , 459.70 ,  0.00 ,  0.00 ,  0.00 ,  0.00 
459.70 ,  0.00 , 459.70 ,  0.00 ,  0.00 ,  0.00 ,  0.00 
383.08 ,  0.00 , 383.08 ,  0.00 ,  0.00 ,  0.00 ,  0.00 
383.08 ,  0.00 , 383.08 ,  0.00 ,  0.00 ,  0.00 ,  0.00 
306.46 ,  0.00 , 306.46 ,  0.00 ,  0.00 ,  0.00 ,  0.00 
229.85 ,  0.00 , 229.85 ,  0.00 ,  0.00 ,  0.00 ,  0.00 
306.46 ,  0.00 , 306.46 ,  0.00 ,  0.00 ,  0.00 ,  0.00 
306.46 ,  0.00 , 306.46 ,  0.00 ,  0.00 ,  0.00 ,  0.00 
383.08 ,  0.00 , 383.08 ,  0.00 ,  0.00 ,  0.00 ,  0.00 
536.31 ,  0.00 , 536.31 ,  0.00 ,  0.00 ,  0.00 ,  0.00 
459.70 ,  0.00 , 459.70 ,  0.00 ,  0.00 ,  0.00 ,  0.00 
459.70 ,  0.00 , 459.70 ,  0.00 ,  0.00 ,  0.00 ,  0.00 
383.08 ,  0.00 , 383.08 ,  0.00 ,  0.00 ,  0.00 ,  0.00 
383.08 ,  0.00 , 383.08 ,  0.00 ,  0.00 ,  0.00 ,  0.00 
76.62 ,  0.00 , 76.62 ,  0.00 ,  0.00 ,  0.00 ,  0.00 
 0.00 ,  0.00 ,  0.00 ,  0.00 ,  0.00 ,  0.00 ,  0.00 
 0.00 ,  0.00 ,  0.00 ,  0.00 ,  0.00 ,  0.00 ,  0.00 
 0.00 ,  0.00 ,  0.00 ,  0.00 ,  0.00 ,  0.00 ,  0.00 
 0.00 ,  0.00 ,  0.00 ,  0.00 ,  0.00 ,  0.00 ,  0.00 
76.62 ,  0.00 , 76.62 ,  0.00 ,  0.00 ,  0.00 ,  0.00 
229.85 ,  0.00 , 229.85 ,  0.00 ,  0.00 ,  0.00 ,  0.00 
766.16 ,  0.00 , 766.16 ,  0.00 ,  0.00 ,  0.00 ,  0.00 
536.31 ,  0.00 , 536.31 ,  0.00 ,  0.00 ,  0.00 ,  0.00 
536.31 ,  0.00 , 536.31 ,  0.00 ,  0.00 ,  0.00 ,  0.00 
459.70 ,  0.00 , 459.70 ,  0.00 ,  0.00 ,  0.00 ,  0.00 
459.70 ,  0.00 , 459.70 ,  0.00 ,  0.00 ,  0.00 ,  0.00 
383.08 ,  0.00 , 383.08 ,  0.00 ,  0.00 ,  0.00 ,  0.00 
383.08 ,  0.00 , 383.08 ,  0.00 ,  0.00 ,  0.00 ,  0.00 
306.46 ,  0.00 , 306.46 ,  0.00 ,  0.00 ,  0.00 ,  0.00 
229.85 ,  0.00 , 229.85 ,  0.00 ,  0.00 ,  0.00 ,  0.00 
306.46 ,  0.00 , 306.46 ,  0.00 ,  0.00 ,  0.00 ,  0.00 
306.46 ,  0.00 , 306.46 ,  0.00 ,  0.00 ,  0.00 ,  0.00 
383.08 ,  0.00 , 383.08 ,  0.00 ,  0.00 ,  0.00 ,  0.00 
536.31 ,  0.00 , 536.31 ,  0.00 ,  0.00 ,  0.00 ,  0.00 
459.70 ,  0.00 , 459.70 ,  0.00 ,  0.00 ,  0.00 ,  0.00 
459.70 ,  0.00 , 459.70 ,  0.00 ,  0.00 ,  0.00 ,  0.00 
383.08 ,  0.00 , 383.08 ,  0.00 ,  0.00 ,  0.00 ,  0.00 
383.08 ,  0.00 , 383.08 ,  0.00 ,  0.00 ,  0.00 ,  0.00 
76.62 ,  0.00 , 76.62 ,  0.00 ,  0.00 ,  0.00 ,  0.00 
 0.00 ,  0.00 ,  0.00 ,  0.00 ,  0.00 ,  0.00 ,  0.00 
 0.00 ,  0.00 ,  0.00 ,  0.00 ,  0.00 ,  0.00 ,  0.00 
 0.00 ,  0.00 ,  0.00 ,  0.00 ,  0.00 ,  0.00 ,  0.00 
 0.00 ,  0.00 ,  0.00 ,  0.00 ,  0.00 ,  0.00 ,  0.00 
76.62 ,  0.00 , 76.62 ,  0.00 ,  0.00 ,  0.00 ,  0.00 
229.85 ,  0.00 , 229.85 ,  0.00 ,  0.00 ,  0.00 ,  0.00 
766.16 ,  0.00 , 766.16 ,  0.00 ,  0.00 ,  0.00 ,  0.00 
536.31 ,  0.00 , 536.31 ,  0.00 ,  0.00 ,  0.00 ,  0.00 
536.31 ,  0.00 , 536.31 ,  0.00 ,  0.00 ,  0.00 ,  0.00 
459.70 ,  0.00 , 459.70 ,  0.00 ,  0.00 ,  0.00 ,  0.00 
459.70 ,  0.00 , 459.70 ,  0.00 ,  0.00 ,  0.00 ,  0.00 
383.08 ,  0.00 , 383.08 ,  0.00 ,  0.00 ,  0.00 ,  0.00 
383.08 ,  0.00 , 383.08 ,  0.00 ,  0.00 ,  0.00 ,  0.00 
306.46 ,  0.00 , 306.46 ,  0.00 ,  0.00 ,  0.00 ,  0.00 
229.85 ,  0.00 , 229.85 ,  0.00 ,  0.00 ,  0.00 ,  0.00 
306.46 ,  0.00 , 306.46 ,  0.00 ,  0.00 ,  0.00 ,  0.00 
306.46 ,  0.00 , 306.46 ,  0.00 ,  0.00 ,  0.00 ,  0.00 
383.08 ,  0.00 , 383.08 ,  0.00 ,  0.00 ,  0.00 ,  0.00 
536.31 ,  0.00 , 536.31 ,  0.00 ,  0.00 ,  0.00 ,  0.00 
459.70 ,  0.00 , 459.70 ,  0.00 ,  0.00 ,  0.00 ,  0.00 
459.70 ,  0.00 , 459.70 ,  0.00 ,  0.00 ,  0.00 ,  0.00 
383.08 ,  0.00 , 383.08 ,  0.00 ,  0.00 ,  0.00 ,  0.00 
383.08 ,  0.00 , 383.08 ,  0.00 ,  0.00 ,  0.00 ,  0.00 
76.62 ,  0.00 , 76.62 ,  0.00 ,  0.00 ,  0.00 ,  0.00 
 0.00 ,  0.00 ,  0.00 ,  0.00 ,  0.00 ,  0.00 ,  0.00 
 0.00 ,  0.00 ,  0.00 ,  0.00 ,  0.00 ,  0.00 ,  0.00 
 0.00 ,  0.00 ,  0.00 ,  0.00 ,  0.00 ,  0.00 ,  0.00 
 0.00 ,  0.00 ,  0.00 ,  0.00 ,  0.00 ,  0.00 ,  0.00 
76.62 ,  0.00 , 76.62 ,  0.00 ,  0.00 ,  0.00 ,  0.00 
229.85 ,  0.00 , 229.85 ,  0.00 ,  0.00 ,  0.00 ,  0.00 
766.16 ,  0.00 , 766.16 ,  0.00 ,  0.00 ,  0.00 ,  0.00 
536.31 ,  0.00 , 536.31 ,  0.00 ,  0.00 ,  0.00 ,  0.00 
536.31 ,  0.00 , 536.31 ,  0.00 ,  0.00 ,  0.00 ,  0.00 
459.70 ,  0.00 , 459.70 ,  0.00 ,  0.00 ,  0.00 ,  0.00 
459.70 ,  0.00 , 459.70 ,  0.00 ,  0.00 ,  0.00 ,  0.00 
383.08 ,  0.00 , 383.08 ,  0.00 ,  0.00 ,  0.00 ,  0.00 
383.08 ,  0.00 , 383.08 ,  0.00 ,  0.00 ,  0.00 ,  0.00 
306.46 ,  0.00 , 306.46 ,  0.00 ,  0.00 ,  0.00 ,  0.00 
229.85 ,  0.00 , 229.85 ,  0.00 ,  0.00 ,  0.00 ,  0.00 
306.46 ,  0.00 , 306.46 ,  0.00 ,  0.00 ,  0.00 ,  0.00 
306.46 ,  0.00 , 306.46 ,  0.00 ,  0.00 ,  0.00 ,  0.00 
383.08 ,  0.00 , 383.08 ,  0.00 ,  0.00 ,  0.00 ,  0.00 
536.31 ,  0.00 , 536.31 ,  0.00 ,  0.00 ,  0.00 ,  0.00 
459.70 ,  0.00 , 459.70 ,  0.00 ,  0.00 ,  0.00 ,  0.00 
459.70 ,  0.00 , 459.70 ,  0.00 ,  0.00 ,  0.00 ,  0.00 
383.08 ,  0.00 , 383.08 ,  0.00 ,  0.00 ,  0.00 ,  0.00 
383.08 ,  0.00 , 383.08 ,  0.00 ,  0.00 ,  0.00 ,  0.00 
76.62 ,  0.00 , 76.62 ,  0.00 ,  0.00 ,  0.00 ,  0.00 
 0.00 ,  0.00 ,  0.00 ,  0.00 ,  0.00 ,  0.00 ,  0.00 
 0.00 ,  0.00 ,  0.00 ,  0.00 ,  0.00 ,  0.00 ,  0.00 
 0.00 ,  0.00 ,  0.00 ,  0.00 ,  0.00 ,  0.00 ,  0.00 
 0.00 ,  0.00 ,  0.00 ,  0.00 ,  0.00 ,  0.00 ,  0.00 
76.62 ,  0.00 , 76.62 ,  0.00 ,  0.00 ,  0.00 ,  0.00 
229.85 ,  0.00 , 229.85 ,  0.00 ,  0.00 ,  0.00 ,  0.00 
766.16 ,  0.00 , 766.16 ,  0.00 ,  0.00 ,  0.00 ,  0.00 
536.31 ,  0.00 , 536.31 ,  0.00 ,  0.00 ,  0.00 ,  0.00 
536.31 ,  0.00 , 536.31 ,  0.00 ,  0.00 ,  0.00 ,  0.00 
459.70 ,  0.00 , 459.70 ,  0.00 ,  0.00 ,  0.00 ,  0.00 
459.70 ,  0.00 , 459.70 ,  0.00 ,  0.00 ,  0.00 ,  0.00 
383.08 ,  0.00 , 383.08 ,  0.00 ,  0.00 ,  0.00 ,  0.00 
383.08 ,  0.00 , 383.08 ,  0.00 ,  0.00 ,  0.00 ,  0.00 
306.46 ,  0.00 , 306.46 ,  0.00 ,  0.00 ,  0.00 ,  0.00 
229.85 ,  0.00 , 229.85 ,  0.00 ,  0.00 ,  0.00 ,  0.00 
306.46 ,  0.00 , 306.46 ,  0.00 ,  0.00 ,  0.00 ,  0.00 
306.46 ,  0.00 , 306.46 ,  0.00 ,  0.00 ,  0.00 ,  0.00 
383.08 ,  0.00 , 383.08 ,  0.00 ,  0.00 ,  0.00 ,  0.00 
536.31 ,  0.00 , 536.31 ,  0.00 ,  0.00 ,  0.00 ,  0.00 
459.70 ,  0.00 , 459.70 ,  0.00 ,  0.00 ,  0.00 ,  0.00 
459.70 ,  0.00 , 459.70 ,  0.00 ,  0.00 ,  0.00 ,  0.00 
383.08 ,  0.00 , 383.08 ,  0.00 ,  0.00 ,  0.00 ,  0.00 
383.08 ,  0.00 , 383.08 ,  0.00 ,  0.00 ,  0.00 ,  0.00 
76.62 ,  0.00 , 76.62 ,  0.00 ,  0.00 ,  0.00 ,  0.00 
 0.00 ,  0.00 ,  0.00 ,  0.00 ,  0.00 ,  0.00 ,  0.00 
 0.00 ,  0.00 ,  0.00 ,  0.00 ,  0.00 ,  0.00 ,  0.00 
 0.00 ,  0.00 ,  0.00 ,  0.00 ,  0.00 ,  0.00 ,  0.00 
 0.00 ,  0.00 ,  0.00 ,  0.00 ,  0.00 ,  0.00 ,  0.00 
76.62 ,  0.00 , 76.62 ,  0.00 ,  0.00 ,  0.00 ,  0.00 
229.85 ,  0.00 , 229.85 ,  0.00 ,  0.00 ,  0.00 ,  0.00 
766.16 ,  0.00 , 766.16 ,  0.00 ,  0.00 ,  0.00 ,  0.00 
536.31 ,  0.00 , 536.31 ,  0.00 ,  0.00 ,  0.00 ,  0.00 
536.31 ,  0.00 , 536.31 ,  0.00 ,  0.00 ,  0.00 ,  0.00 
459.70 ,  0.00 , 459.70 ,  0.00 ,  0.00 ,  0.00 ,  0.00 
459.70 ,  0.00 , 459.70 ,  0.00 ,  0.00 ,  0.00 ,  0.00 
383.08 ,  0.00 , 383.08 ,  0.00 ,  0.00 ,  0.00 ,  0.00 
383.08 ,  0.00 , 383.08 ,  0.00 ,  0.00 ,  0.00 ,  0.00 
306.46 ,  0.00 , 306.46 ,  0.00 ,  0.00 ,  0.00 ,  0.00 
229.85 ,  0.00 , 229.85 ,  0.00 ,  0.00 ,  0.00 ,  0.00 
306.46 ,  0.00 , 306.46 ,  0.00 ,  0.00 ,  0.00 ,  0.00 
306.46 ,  0.00 , 306.46 ,  0.00 ,  0.00 ,  0.00 ,  0.00 
383.08 ,  0.00 , 383.08 ,  0.00 ,  0.00 ,  0.00 ,  0.00 
536.31 ,  0.00 , 536.31 ,  0.00 ,  0.00 ,  0.00 ,  0.00 
459.70 ,  0.00 , 459.70 ,  0.00 ,  0.00 ,  0.00 ,  0.00 
459.70 ,  0.00 , 459.70 ,  0.00 ,  0.00 ,  0.00 ,  0.00 
383.08 ,  0.00 , 383.08 ,  0.00 ,  0.00 ,  0.00 ,  0.00 
383.08 ,  0.00 , 383.08 ,  0.00 ,  0.00 ,  0.00 ,  0.00 
76.62 ,  0.00 , 76.62 ,  0.00 ,  0.00 ,  0.00 ,  0.00 
 0.00 ,  0.00 ,  0.00 ,  0.00 ,  0.00 ,  0.00 ,  0.00 
 0.00 ,  0.00 ,  0.00 ,  0.00 ,  0.00 ,  0.00 ,  0.00 
 0.00 ,  0.00 ,  0.00 ,  0.00 ,  0.00 ,  0.00 ,  0.00 
 0.00 ,  0.00 ,  0.00 ,  0.00 ,  0.00 ,  0.00 ,  0.00 
76.62 ,  0.00 , 76.62 ,  0.00 ,  0.00 ,  0.00 ,  0.00 
229.85 ,  0.00 , 229.85 ,  0.00 ,  0.00 ,  0.00 ,  0.00 
766.16 ,  0.00 , 766.16 ,  0.00 ,  0.00 ,  0.00 ,  0.00 
536.31 ,  0.00 , 536.31 ,  0.00 ,  0.00 ,  0.00 ,  0.00 
536.31 ,  0.00 , 536.31 ,  0.00 ,  0.00 ,  0.00 ,  0.00 
459.70 ,  0.00 , 459.70 ,  0.00 ,  0.00 ,  0.00 ,  0.00 
459.70 ,  0.00 , 459.70 ,  0.00 ,  0.00 ,  0.00 ,  0.00 
383.08 ,  0.00 , 383.08 ,  0.00 ,  0.00 ,  0.00 ,  0.00 
383.08 ,  0.00 , 383.08 ,  0.00 ,  0.00 ,  0.00 ,  0.00 
306.46 ,  0.00 , 306.46 ,  0.00 ,  0.00 ,  0.00 ,  0.00 
229.85 ,  0.00 , 229.85 ,  0.00 ,  0.00 ,  0.00 ,  0.00 
306.46 ,  0.00 , 306.46 ,  0.00 ,  0.00 ,  0.00 ,  0.00 
306.46 ,  0.00 , 306.46 ,  0.00 ,  0.00 ,  0.00 ,  0.00 
383.08 ,  0.00 , 383.08 ,  0.00 ,  0.00 ,  0.00 ,  0.00 
536.31 ,  0.00 , 536.31 ,  0.00 ,  0.00 ,  0.00 ,  0.00 
459.70 ,  0.00 , 459.70 ,  0.00 ,  0.00 ,  0.00 ,  0.00 
459.70 ,  0.00 , 459.70 ,  0.00 ,  0.00 ,  0.00 ,  0.00 
383.08 ,  0.00 , 383.08 ,  0.00 ,  0.00 ,  0.00 ,  0.00 
383.08 ,  0.00 , 383.08 ,  0.00 ,  0.00 ,  0.00 ,  0.00 
76.62 ,  0.00 , 76.62 ,  0.00 ,  0.00 ,  0.00 ,  0.00 
 0.00 ,  0.00 ,  0.00 ,  0.00 ,  0.00 ,  0.00 ,  0.00 
 0.00 ,  0.00 ,  0.00 ,  0.00 ,  0.00 ,  0.00 ,  0.00 
 0.00 ,  0.00 ,  0.00 ,  0.00 ,  0.00 ,  0.00 ,  0.00 
 0.00 ,  0.00 ,  0.00 ,  0.00 ,  0.00 ,  0.00 ,  0.00 
76.62 ,  0.00 , 76.62 ,  0.00 ,  0.00 ,  0.00 ,  0.00 
229.85 ,  0.00 , 229.85 ,  0.00 ,  0.00 ,  0.00 ,  0.00 
766.16 ,  0.00 , 766.16 ,  0.00 ,  0.00 ,  0.00 ,  0.00 
536.31 ,  0.00 , 536.31 ,  0.00 ,  0.00 ,  0.00 ,  0.00 
536.31 ,  0.00 , 536.31 ,  0.00 ,  0.00 ,  0.00 ,  0.00 
459.70 ,  0.00 , 459.70 ,  0.00 ,  0.00 ,  0.00 ,  0.00 
459.70 ,  0.00 , 459.70 ,  0.00 ,  0.00 ,  0.00 ,  0.00 
383.08 ,  0.00 , 383.08 ,  0.00 ,  0.00 ,  0.00 ,  0.00 
383.08 ,  0.00 , 383.08 ,  0.00 ,  0.00 ,  0.00 ,  0.00 
306.46 ,  0.00 , 306.46 ,  0.00 ,  0.00 ,  0.00 ,  0.00 
229.85 ,  0.00 , 229.85 ,  0.00 ,  0.00 ,  0.00 ,  0.00 
306.46 ,  0.00 , 306.46 ,  0.00 ,  0.00 ,  0.00 ,  0.00 
306.46 ,  0.00 , 306.46 ,  0.00 ,  0.00 ,  0.00 ,  0.00 
383.08 ,  0.00 , 383.08 ,  0.00 ,  0.00 ,  0.00 ,  0.00 
536.31 ,  0.00 , 536.31 ,  0.00 ,  0.00 ,  0.00 ,  0.00 
459.70 ,  0.00 , 459.70 ,  0.00 ,  0.00 ,  0.00 ,  0.00 
459.70 ,  0.00 , 459.70 ,  0.00 ,  0.00 ,  0.00 ,  0.00 
383.08 ,  0.00 , 383.08 ,  0.00 ,  0.00 ,  0.00 ,  0.00 
383.08 ,  0.00 , 383.08 ,  0.00 ,  0.00 ,  0.00 ,  0.00 
76.62 ,  0.00 , 76.62 ,  0.00 ,  0.00 ,  0.00 ,  0.00 
 0.00 ,  0.00 ,  0.00 ,  0.00 ,  0.00 ,  0.00 ,  0.00 
 0.00 ,  0.00 ,  0.00 ,  0.00 ,  0.00 ,  0.00 ,  0.00 
 0.00 ,  0.00 ,  0.00 ,  0.00 ,  0.00 ,  0.00 ,  0.00 
 0.00 ,  0.00 ,  0.00 ,  0.00 ,  0.00 ,  0.00 ,  0.00 
76.62 ,  0.00 , 76.62 ,  0.00 ,  0.00 ,  0.00 ,  0.00 
229.85 ,  0.00 , 229.85 ,  0.00 ,  0.00 ,  0.00 ,  0.00 
766.16 ,  0.00 , 766.16 ,  0.00 ,  0.00 ,  0.00 ,  0.00 
536.31 ,  0.00 , 536.31 ,  0.00 ,  0.00 ,  0.00 ,  0.00 
536.31 ,  0.00 , 536.31 ,  0.00 ,  0.00 ,  0.00 ,  0.00 
459.70 ,  0.00 , 459.70 ,  0.00 ,  0.00 ,  0.00 ,  0.00 
459.70 ,  0.00 , 459.70 ,  0.00 ,  0.00 ,  0.00 ,  0.00 
383.08 ,  0.00 , 383.08 ,  0.00 ,  0.00 ,  0.00 ,  0.00 
383.08 ,  0.00 , 383.08 ,  0.00 ,  0.00 ,  0.00 ,  0.00 
306.46 ,  0.00 , 306.46 ,  0.00 ,  0.00 ,  0.00 ,  0.00 
229.85 ,  0.00 , 229.85 ,  0.00 ,  0.00 ,  0.00 ,  0.00 
306.46 ,  0.00 , 306.46 ,  0.00 ,  0.00 ,  0.00 ,  0.00 
306.46 ,  0.00 , 306.46 ,  0.00 ,  0.00 ,  0.00 ,  0.00 
383.08 ,  0.00 , 383.08 ,  0.00 ,  0.00 ,  0.00 ,  0.00 
536.31 ,  0.00 , 536.31 ,  0.00 ,  0.00 ,  0.00 ,  0.00 
459.70 ,  0.00 , 459.70 ,  0.00 ,  0.00 ,  0.00 ,  0.00 
459.70 ,  0.00 , 459.70 ,  0.00 ,  0.00 ,  0.00 ,  0.00 
383.08 ,  0.00 , 383.08 ,  0.00 ,  0.00 ,  0.00 ,  0.00 
383.08 ,  0.00 , 383.08 ,  0.00 ,  0.00 ,  0.00 ,  0.00 
76.62 ,  0.00 , 76.62 ,  0.00 ,  0.00 ,  0.00 ,  0.00 
 0.00 ,  0.00 ,  0.00 ,  0.00 ,  0.00 ,  0.00 ,  0.00 
 0.00 ,  0.00 ,  0.00 ,  0.00 ,  0.00 ,  0.00 ,  0.00 
 0.00 ,  0.00 ,  0.00 ,  0.00 ,  0.00 ,  0.00 ,  0.00 
 0.00 ,  0.00 ,  0.00 ,  0.00 ,  0.00 ,  0.00 ,  0.00 
76.62 ,  0.00 , 76.62 ,  0.00 ,  0.00 ,  0.00 ,  0.00 
229.85 ,  0.00 , 229.85 ,  0.00 ,  0.00 ,  0.00 ,  0.00 
766.16 ,  0.00 , 766.16 ,  0.00 ,  0.00 ,  0.00 ,  0.00 
536.31 ,  0.00 , 536.31 ,  0.00 ,  0.00 ,  0.00 ,  0.00 
536.31 ,  0.00 , 536.31 ,  0.00 ,  0.00 ,  0.00 ,  0.00 
459.70 ,  0.00 , 459.70 ,  0.00 ,  0.00 ,  0.00 ,  0.00 
459.70 ,  0.00 , 459.70 ,  0.00 ,  0.00 ,  0.00 ,  0.00 
383.08 ,  0.00 , 383.08 ,  0.00 ,  0.00 ,  0.00 ,  0.00 
383.08 ,  0.00 , 383.08 ,  0.00 ,  0.00 ,  0.00 ,  0.00 
306.46 ,  0.00 , 306.46 ,  0.00 ,  0.00 ,  0.00 ,  0.00 
229.85 ,  0.00 , 229.85 ,  0.00 ,  0.00 ,  0.00 ,  0.00 
306.46 ,  0.00 , 306.46 ,  0.00 ,  0.00 ,  0.00 ,  0.00 
306.46 ,  0.00 , 306.46 ,  0.00 ,  0.00 ,  0.00 ,  0.00 
383.08 ,  0.00 , 383.08 ,  0.00 ,  0.00 ,  0.00 ,  0.00 
536.31 ,  0.00 , 536.31 ,  0.00 ,  0.00 ,  0.00 ,  0.00 
459.70 ,  0.00 , 459.70 ,  0.00 ,  0.00 ,  0.00 ,  0.00 
459.70 ,  0.00 , 459.70 ,  0.00 ,  0.00 ,  0.00 ,  0.00 
383.08 ,  0.00 , 383.08 ,  0.00 ,  0.00 ,  0.00 ,  0.00 
383.08 ,  0.00 , 383.08 ,  0.00 ,  0.00 ,  0.00 ,  0.00 
76.62 ,  0.00 , 76.62 ,  0.00 ,  0.00 ,  0.00 ,  0.00 
 0.00 ,  0.00 ,  0.00 ,  0.00 ,  0.00 ,  0.00 ,  0.00 
 0.00 ,  0.00 ,  0.00 ,  0.00 ,  0.00 ,  0.00 ,  0.00 
 0.00 ,  0.00 ,  0.00 ,  0.00 ,  0.00 ,  0.00 ,  0.00 
 0.00 ,  0.00 ,  0.00 ,  0.00 ,  0.00 ,  0.00 ,  0.00 
76.62 ,  0.00 , 76.62 ,  0.00 ,  0.00 ,  0.00 ,  0.00 
229.85 ,  0.00 , 229.85 ,  0.00 ,  0.00 ,  0.00 ,  0.00 
766.16 ,  0.00 , 766.16 ,  0.00 ,  0.00 ,  0.00 ,  0.00 
536.31 ,  0.00 , 536.31 ,  0.00 ,  0.00 ,  0.00 ,  0.00 
536.31 ,  0.00 , 536.31 ,  0.00 ,  0.00 ,  0.00 ,  0.00 
459.70 ,  0.00 , 459.70 ,  0.00 ,  0.00 ,  0.00 ,  0.00 
459.70 ,  0.00 , 459.70 ,  0.00 ,  0.00 ,  0.00 ,  0.00 
383.08 ,  0.00 , 383.08 ,  0.00 ,  0.00 ,  0.00 ,  0.00 
383.08 ,  0.00 , 383.08 ,  0.00 ,  0.00 ,  0.00 ,  0.00 
306.46 ,  0.00 , 306.46 ,  0.00 ,  0.00 ,  0.00 ,  0.00 
229.85 ,  0.00 , 229.85 ,  0.00 ,  0.00 ,  0.00 ,  0.00 
306.46 ,  0.00 , 306.46 ,  0.00 ,  0.00 ,  0.00 ,  0.00 
306.46 ,  0.00 , 306.46 ,  0.00 ,  0.00 ,  0.00 ,  0.00 
383.08 ,  0.00 , 383.08 ,  0.00 ,  0.00 ,  0.00 ,  0.00 
536.31 ,  0.00 , 536.31 ,  0.00 ,  0.00 ,  0.00 ,  0.00 
459.70 ,  0.00 , 459.70 ,  0.00 ,  0.00 ,  0.00 ,  0.00 
459.70 ,  0.00 , 459.70 ,  0.00 ,  0.00 ,  0.00 ,  0.00 
383.08 ,  0.00 , 383.08 ,  0.00 ,  0.00 ,  0.00 ,  0.00 
383.08 ,  0.00 , 383.08 ,  0.00 ,  0.00 ,  0.00 ,  0.00 
73.13 ,  0.00 , 73.13 ,  0.00 , 399.82 ,  0.00 , 1302.45 
 0.00 ,  0.00 ,  0.00 ,  0.00 ,  0.00 ,  0.00 ,  0.00 
 0.00 ,  0.00 ,  0.00 ,  0.00 ,  0.00 ,  0.00 ,  0.00 
 0.00 ,  0.00 ,  0.00 ,  0.00 ,  0.00 ,  0.00 ,  0.00 
 0.00 ,  0.00 ,  0.00 ,  0.00 ,  0.00 ,  0.00 ,  0.00 
73.13 ,  0.00 , 73.13 ,  0.00 ,  0.00 ,  0.00 ,  0.00 
219.40 ,  0.00 , 219.40 ,  0.00 ,  0.00 ,  0.00 ,  0.00 
731.33 ,  0.00 , 731.33 ,  0.00 ,  0.00 ,  0.00 ,  0.00 
511.93 ,  0.00 , 511.93 ,  0.00 ,  0.00 ,  0.00 ,  0.00 
511.93 ,  0.00 , 511.93 ,  0.00 ,  0.00 ,  0.00 ,  0.00 
438.80 ,  0.00 , 438.80 ,  0.00 ,  0.00 ,  0.00 ,  0.00 
438.80 ,  0.00 , 438.80 ,  0.00 ,  0.00 ,  0.00 ,  0.00 
365.66 ,  0.00 , 365.66 ,  0.00 ,  0.00 ,  0.00 ,  0.00 
365.66 ,  0.00 , 365.66 ,  0.00 ,  0.00 ,  0.00 ,  0.00 
292.53 ,  0.00 , 292.53 ,  0.00 ,  0.00 ,  0.00 ,  0.00 
219.40 ,  0.00 , 219.40 ,  0.00 , 923.91 ,  0.00 , 4598.94 
292.53 ,  0.00 , 292.53 ,  0.00 , 548.30 ,  0.00 , 2250.94 
292.53 ,  0.00 , 292.53 ,  0.00 , 524.63 ,  0.00 , 2114.02 
365.66 ,  0.00 , 365.66 ,  0.00 , 498.34 ,  0.00 , 2015.43 
511.93 ,  0.00 , 511.93 ,  0.00 , 493.68 ,  0.00 , 2041.63 
438.80 ,  0.00 , 438.80 ,  0.00 , 473.54 ,  0.00 , 1917.83 
438.80 ,  0.00 , 438.80 ,  0.00 , 448.80 ,  0.00 , 1801.01 
365.66 ,  0.00 , 365.66 ,  0.00 , 430.67 ,  0.00 , 1664.48 
365.66 ,  0.00 , 365.66 ,  0.00 ,  0.00 ,  0.00 ,  0.00 
73.13 ,  0.00 , 73.13 ,  0.00 ,  0.00 ,  0.00 ,  0.00 
 0.00 ,  0.00 ,  0.00 ,  0.00 ,  0.00 ,  0.00 ,  0.00 
 0.00 ,  0.00 ,  0.00 ,  0.00 ,  0.00 ,  0.00 ,  0.00 
 0.00 ,  0.00 ,  0.00 ,  0.00 ,  0.00 ,  0.00 ,  0.00 
 0.00 ,  0.00 ,  0.00 ,  0.00 ,  0.00 ,  0.00 ,  0.00 
73.13 ,  0.00 , 73.13 ,  0.00 ,  0.00 ,  0.00 ,  0.00 
219.40 ,  0.00 , 219.40 ,  0.00 ,  0.00 ,  0.00 ,  0.00 
731.33 ,  0.00 , 731.33 ,  0.00 ,  0.00 ,  0.00 ,  0.00 
511.93 ,  0.00 , 511.93 ,  0.00 ,  0.00 ,  0.00 ,  0.00 
511.93 ,  0.00 , 511.93 ,  0.00 ,  0.00 ,  0.00 ,  0.00 
438.80 ,  0.00 , 438.80 ,  0.00 ,  0.00 ,  0.00 ,  0.00 
438.80 ,  0.00 , 438.80 ,  0.00 ,  0.00 ,  0.00 ,  0.00 
365.66 ,  0.00 , 365.66 ,  0.00 ,  0.00 ,  0.00 ,  0.00 
365.66 ,  0.00 , 365.66 ,  0.00 ,  0.00 ,  0.00 ,  0.00 
292.53 ,  0.00 , 292.53 ,  0.00 ,  0.00 ,  0.00 ,  0.00 
219.40 ,  0.00 , 219.40 ,  0.00 , 477.82 ,  0.00 , 1727.15 
292.53 ,  0.00 , 292.53 ,  0.00 , 424.68 ,  0.00 , 1026.26 
292.53 ,  0.00 , 292.53 ,  0.00 , 423.87 ,  0.00 , 1007.32 
365.66 ,  0.00 , 365.66 ,  0.00 , 420.98 ,  0.00 , 1050.27 
511.93 ,  0.00 , 511.93 ,  0.00 , 415.68 ,  0.00 , 1144.37 
438.80 ,  0.00 , 438.80 ,  0.00 , 403.71 ,  0.00 , 1037.62 
438.80 ,  0.00 , 438.80 ,  0.00 , 388.99 ,  0.00 , 959.46 
365.66 ,  0.00 , 365.66 ,  0.00 , 379.57 ,  0.00 , 867.10 
365.66 ,  0.00 , 365.66 ,  0.00 ,  0.00 ,  0.00 ,  0.00 
73.13 ,  0.00 , 73.13 ,  0.00 ,  0.00 ,  0.00 ,  0.00 
 0.00 ,  0.00 ,  0.00 ,  0.00 ,  0.00 ,  0.00 ,  0.00 
 0.00 ,  0.00 ,  0.00 ,  0.00 ,  0.00 ,  0.00 ,  0.00 
 0.00 ,  0.00 ,  0.00 ,  0.00 ,  0.00 ,  0.00 ,  0.00 
 0.00 ,  0.00 ,  0.00 ,  0.00 ,  0.00 ,  0.00 ,  0.00 
73.13 ,  0.00 , 73.13 ,  0.00 ,  0.00 ,  0.00 ,  0.00 
219.40 ,  0.00 , 219.40 ,  0.00 ,  0.00 ,  0.00 ,  0.00 
731.33 ,  0.00 , 731.33 ,  0.00 ,  0.00 ,  0.00 ,  0.00 
511.93 ,  0.00 , 511.93 ,  0.00 ,  0.00 ,  0.00 ,  0.00 
511.93 ,  0.00 , 511.93 ,  0.00 ,  0.00 ,  0.00 ,  0.00 
438.80 ,  0.00 , 438.80 ,  0.00 ,  0.00 ,  0.00 ,  0.00 
438.80 ,  0.00 , 438.80 ,  0.00 ,  0.00 ,  0.00 ,  0.00 
365.66 ,  0.00 , 365.66 ,  0.00 ,  0.00 ,  0.00 ,  0.00 
365.66 ,  0.00 , 365.66 ,  0.00 ,  0.00 ,  0.00 ,  0.00 
292.53 ,  0.00 , 292.53 ,  0.00 ,  0.00 ,  0.00 ,  0.00 
219.40 ,  0.00 , 219.40 ,  0.00 , 426.61 ,  0.00 , 441.57 
292.53 ,  0.00 , 292.53 ,  0.00 , 425.51 ,  0.00 , 388.57 
292.53 ,  0.00 , 292.53 ,  0.00 , 421.26 ,  0.00 , 429.83 
365.66 ,  0.00 , 365.66 ,  0.00 , 416.35 ,  0.00 , 447.79 
511.93 ,  0.00 , 511.93 ,  0.00 , 411.22 ,  0.00 , 616.61 
438.80 ,  0.00 , 438.80 ,  0.00 , 399.19 ,  0.00 , 586.25 
438.80 ,  0.00 , 438.80 ,  0.00 , 380.34 ,  0.00 , 489.95 
365.66 ,  0.00 , 365.66 ,  0.00 , 362.98 ,  0.00 , 403.29 
365.66 ,  0.00 , 365.66 ,  0.00 ,  0.00 ,  0.00 ,  0.00 
73.13 ,  0.00 , 73.13 ,  0.00 ,  0.00 ,  0.00 ,  0.00 
 0.00 ,  0.00 ,  0.00 ,  0.00 ,  0.00 ,  0.00 ,  0.00 
 0.00 ,  0.00 ,  0.00 ,  0.00 ,  0.00 ,  0.00 ,  0.00 
 0.00 ,  0.00 ,  0.00 ,  0.00 ,  0.00 ,  0.00 ,  0.00 
 0.00 ,  0.00 ,  0.00 ,  0.00 ,  0.00 ,  0.00 ,  0.00 
73.13 ,  0.00 , 73.13 ,  0.00 ,  0.00 ,  0.00 ,  0.00 
219.40 ,  0.00 , 219.40 ,  0.00 ,  0.00 ,  0.00 ,  0.00 
731.33 ,  0.00 , 731.33 ,  0.00 ,  0.00 ,  0.00 ,  0.00 
511.93 ,  0.00 , 511.93 ,  0.00 ,  0.00 ,  0.00 ,  0.00 
511.93 ,  0.00 , 511.93 ,  0.00 ,  0.00 ,  0.00 ,  0.00 
438.80 ,  0.00 , 438.80 ,  0.00 ,  0.00 ,  0.00 ,  0.00 
438.80 ,  0.00 , 438.80 ,  0.00 ,  0.00 ,  0.00 ,  0.00 
365.66 ,  0.00 , 365.66 ,  0.00 ,  0.00 ,  0.00 ,  0.00 
365.66 ,  0.00 , 365.66 ,  0.00 ,  0.00 ,  0.00 ,  0.00 
292.53 ,  0.00 , 292.53 ,  0.00 ,  0.00 ,  0.00 ,  0.00 
219.40 ,  0.00 , 219.40 ,  0.00 ,  0.00 ,  0.00 ,  0.00 
292.53 ,  0.00 , 292.53 ,  0.00 ,  0.00 ,  0.00 ,  0.00 
292.53 ,  0.00 , 292.53 ,  0.00 ,  0.00 ,  0.00 ,  0.00 
365.66 ,  0.00 , 365.66 ,  0.00 ,  0.00 ,  0.00 ,  0.00 
511.93 ,  0.00 , 511.93 ,  0.00 ,  0.00 ,  0.00 ,  0.00 
438.80 ,  0.00 , 438.80 ,  0.00 ,  0.00 ,  0.00 ,  0.00 
438.80 ,  0.00 , 438.80 ,  0.00 ,  0.00 ,  0.00 ,  0.00 
365.66 ,  0.00 , 365.66 ,  0.00 ,  0.00 ,  0.00 ,  0.00 
365.66 ,  0.00 , 365.66 ,  0.00 ,  0.00 ,  0.00 ,  0.00 
73.13 ,  0.00 , 73.13 ,  0.00 ,  0.00 ,  0.00 ,  0.00 
 0.00 ,  0.00 ,  0.00 ,  0.00 ,  0.00 ,  0.00 ,  0.00 
 0.00 ,  0.00 ,  0.00 ,  0.00 ,  0.00 ,  0.00 ,  0.00 
 0.00 ,  0.00 ,  0.00 ,  0.00 ,  0.00 ,  0.00 ,  0.00 
 0.00 ,  0.00 ,  0.00 ,  0.00 ,  0.00 ,  0.00 ,  0.00 
73.13 ,  0.00 , 73.13 ,  0.00 ,  0.00 ,  0.00 ,  0.00 
219.40 ,  0.00 , 219.40 ,  0.00 ,  0.00 ,  0.00 ,  0.00 
731.33 ,  0.00 , 731.33 ,  0.00 ,  0.00 ,  0.00 ,  0.00 
511.93 ,  0.00 , 511.93 ,  0.00 ,  0.00 ,  0.00 ,  0.00 
511.93 ,  0.00 , 511.93 ,  0.00 ,  0.00 ,  0.00 ,  0.00 
438.80 ,  0.00 , 438.80 ,  0.00 ,  0.00 ,  0.00 ,  0.00 
438.80 ,  0.00 , 438.80 ,  0.00 ,  0.00 ,  0.00 ,  0.00 
365.66 ,  0.00 , 365.66 ,  0.00 ,  0.00 ,  0.00 ,  0.00 
365.66 ,  0.00 , 365.66 ,  0.00 ,  0.00 ,  0.00 ,  0.00 
292.53 ,  0.00 , 292.53 ,  0.00 ,  0.00 ,  0.00 ,  0.00 
219.40 ,  0.00 , 219.40 ,  0.00 ,  0.00 ,  0.00 ,  0.00 
292.53 ,  0.00 , 292.53 ,  0.00 ,  0.00 ,  0.00 ,  0.00 
292.53 ,  0.00 , 292.53 ,  0.00 ,  0.00 ,  0.00 ,  0.00 
365.66 ,  0.00 , 365.66 ,  0.00 ,  0.00 ,  0.00 ,  0.00 
511.93 ,  0.00 , 511.93 ,  0.00 ,  0.00 ,  0.00 ,  0.00 
438.80 ,  0.00 , 438.80 ,  0.00 ,  0.00 ,  0.00 ,  0.00 
438.80 ,  0.00 , 438.80 ,  0.00 ,  0.00 ,  0.00 ,  0.00 
365.66 ,  0.00 , 365.66 ,  0.00 ,  0.00 ,  0.00 ,  0.00 
365.66 ,  0.00 , 365.66 ,  0.00 ,  0.00 ,  0.00 ,  0.00 
73.13 ,  0.00 , 73.13 ,  0.00 ,  0.00 ,  0.00 ,  0.00 
 0.00 ,  0.00 ,  0.00 ,  0.00 ,  0.00 ,  0.00 ,  0.00 
 0.00 ,  0.00 ,  0.00 ,  0.00 ,  0.00 ,  0.00 ,  0.00 
 0.00 ,  0.00 ,  0.00 ,  0.00 ,  0.00 ,  0.00 ,  0.00 
 0.00 ,  0.00 ,  0.00 ,  0.00 ,  0.00 ,  0.00 ,  0.00 
73.13 ,  0.00 , 73.13 ,  0.00 ,  0.00 ,  0.00 ,  0.00 
219.40 ,  0.00 , 219.40 ,  0.00 ,  0.00 ,  0.00 ,  0.00 
731.33 ,  0.00 , 731.33 ,  0.00 ,  0.00 ,  0.00 ,  0.00 
511.93 ,  0.00 , 511.93 ,  0.00 ,  0.00 ,  0.00 ,  0.00 
511.93 ,  0.00 , 511.93 ,  0.00 ,  0.00 ,  0.00 ,  0.00 
438.80 ,  0.00 , 438.80 ,  0.00 ,  0.00 ,  0.00 ,  0.00 
438.80 ,  0.00 , 438.80 ,  0.00 ,  0.00 ,  0.00 ,  0.00 
365.66 ,  0.00 , 365.66 ,  0.00 ,  0.00 ,  0.00 ,  0.00 
365.66 ,  0.00 , 365.66 ,  0.00 ,  0.00 ,  0.00 ,  0.00 
292.53 ,  0.00 , 292.53 ,  0.00 ,  0.00 ,  0.00 ,  0.00 
219.40 ,  0.00 , 219.40 ,  0.00 ,  0.00 ,  0.00 ,  0.00 
292.53 ,  0.00 , 292.53 ,  0.00 ,  0.00 ,  0.00 ,  0.00 
292.53 ,  0.00 , 292.53 ,  0.00 ,  0.00 ,  0.00 ,  0.00 
365.66 ,  0.00 , 365.66 ,  0.00 ,  0.00 ,  0.00 ,  0.00 
511.93 ,  0.00 , 511.93 ,  0.00 ,  0.00 ,  0.00 ,  0.00 
438.80 ,  0.00 , 438.80 ,  0.00 ,  0.00 ,  0.00 ,  0.00 
438.80 ,  0.00 , 438.80 ,  0.00 ,  0.00 ,  0.00 ,  0.00 
365.66 ,  0.00 , 365.66 ,  0.00 ,  0.00 ,  0.00 ,  0.00 
365.66 ,  0.00 , 365.66 ,  0.00 ,  0.00 ,  0.00 ,  0.00 
73.13 ,  0.00 , 73.13 ,  0.00 ,  0.00 ,  0.00 ,  0.00 
 0.00 ,  0.00 ,  0.00 ,  0.00 ,  0.00 ,  0.00 ,  0.00 
 0.00 ,  0.00 ,  0.00 ,  0.00 ,  0.00 ,  0.00 ,  0.00 
 0.00 ,  0.00 ,  0.00 ,  0.00 ,  0.00 ,  0.00 ,  0.00 
 0.00 ,  0.00 ,  0.00 ,  0.00 ,  0.00 ,  0.00 ,  0.00 
73.13 ,  0.00 , 73.13 ,  0.00 ,  0.00 ,  0.00 ,  0.00 
219.40 ,  0.00 , 219.40 ,  0.00 ,  0.00 ,  0.00 ,  0.00 
731.33 ,  0.00 , 731.33 ,  0.00 ,  0.00 ,  0.00 ,  0.00 
511.93 ,  0.00 , 511.93 ,  0.00 ,  0.00 ,  0.00 ,  0.00 
511.93 ,  0.00 , 511.93 ,  0.00 ,  0.00 ,  0.00 ,  0.00 
438.80 ,  0.00 , 438.80 ,  0.00 ,  0.00 ,  0.00 ,  0.00 
438.80 ,  0.00 , 438.80 ,  0.00 ,  0.00 ,  0.00 ,  0.00 
365.66 ,  0.00 , 365.66 ,  0.00 ,  0.00 ,  0.00 ,  0.00 
365.66 ,  0.00 , 365.66 ,  0.00 ,  0.00 ,  0.00 ,  0.00 
292.53 ,  0.00 , 292.53 ,  0.00 ,  0.00 ,  0.00 ,  0.00 
219.40 ,  0.00 , 219.40 ,  0.00 ,  0.00 ,  0.00 ,  0.00 
292.53 ,  0.00 , 292.53 ,  0.00 ,  0.00 ,  0.00 ,  0.00 
292.53 ,  0.00 , 292.53 ,  0.00 ,  0.00 ,  0.00 ,  0.00 
365.66 ,  0.00 , 365.66 ,  0.00 ,  0.00 ,  0.00 ,  0.00 
511.93 ,  0.00 , 511.93 ,  0.00 ,  0.00 ,  0.00 ,  0.00 
438.80 ,  0.00 , 438.80 ,  0.00 ,  0.00 ,  0.00 ,  0.00 
438.80 ,  0.00 , 438.80 ,  0.00 ,  0.00 ,  0.00 ,  0.00 
365.66 ,  0.00 , 365.66 ,  0.00 ,  0.00 ,  0.00 ,  0.00 
365.66 ,  0.00 , 365.66 ,  0.00 ,  0.00 ,  0.00 ,  0.00 
73.13 ,  0.00 , 73.13 ,  0.00 ,  0.00 ,  0.00 ,  0.00 
 0.00 ,  0.00 ,  0.00 ,  0.00 ,  0.00 ,  0.00 ,  0.00 
 0.00 ,  0.00 ,  0.00 ,  0.00 ,  0.00 ,  0.00 ,  0.00 
 0.00 ,  0.00 ,  0.00 ,  0.00 ,  0.00 ,  0.00 ,  0.00 
 0.00 ,  0.00 ,  0.00 ,  0.00 ,  0.00 ,  0.00 ,  0.00 
73.13 ,  0.00 , 73.13 ,  0.00 ,  0.00 ,  0.00 ,  0.00 
219.40 ,  0.00 , 219.40 ,  0.00 ,  0.00 ,  0.00 ,  0.00 
731.33 ,  0.00 , 731.33 ,  0.00 ,  0.00 ,  0.00 ,  0.00 
511.93 ,  0.00 , 511.93 ,  0.00 ,  0.00 ,  0.00 ,  0.00 
511.93 ,  0.00 , 511.93 ,  0.00 ,  0.00 ,  0.00 ,  0.00 
438.80 ,  0.00 , 438.80 ,  0.00 ,  0.00 ,  0.00 ,  0.00 
438.80 ,  0.00 , 438.80 ,  0.00 ,  0.00 ,  0.00 ,  0.00 
365.66 ,  0.00 , 365.66 ,  0.00 ,  0.00 ,  0.00 ,  0.00 
365.66 ,  0.00 , 365.66 ,  0.00 ,  0.00 ,  0.00 ,  0.00 
292.53 ,  0.00 , 292.53 ,  0.00 ,  0.00 ,  0.00 ,  0.00 
219.40 ,  0.00 , 219.40 ,  0.00 ,  0.00 ,  0.00 ,  0.00 
292.53 ,  0.00 , 292.53 ,  0.00 ,  0.00 ,  0.00 ,  0.00 
292.53 ,  0.00 , 292.53 ,  0.00 ,  0.00 ,  0.00 ,  0.00 
365.66 ,  0.00 , 365.66 ,  0.00 ,  0.00 ,  0.00 ,  0.00 
511.93 ,  0.00 , 511.93 ,  0.00 ,  0.00 ,  0.00 ,  0.00 
438.80 ,  0.00 , 438.80 ,  0.00 ,  0.00 ,  0.00 ,  0.00 
438.80 ,  0.00 , 438.80 ,  0.00 ,  0.00 ,  0.00 ,  0.00 
365.66 ,  0.00 , 365.66 ,  0.00 ,  0.00 ,  0.00 ,  0.00 
365.66 ,  0.00 , 365.66 ,  0.00 ,  0.00 ,  0.00 ,  0.00 
73.13 ,  0.00 , 73.13 ,  0.00 ,  0.00 ,  0.00 ,  0.00 
 0.00 ,  0.00 ,  0.00 ,  0.00 ,  0.00 ,  0.00 ,  0.00 
 0.00 ,  0.00 ,  0.00 ,  0.00 ,  0.00 ,  0.00 ,  0.00 
 0.00 ,  0.00 ,  0.00 ,  0.00 ,  0.00 ,  0.00 ,  0.00 
 0.00 ,  0.00 ,  0.00 ,  0.00 ,  0.00 ,  0.00 ,  0.00 
73.13 ,  0.00 , 73.13 ,  0.00 ,  0.00 ,  0.00 ,  0.00 
219.40 ,  0.00 , 219.40 ,  0.00 ,  0.00 ,  0.00 ,  0.00 
731.33 ,  0.00 , 731.33 ,  0.00 ,  0.00 ,  0.00 ,  0.00 
511.93 ,  0.00 , 511.93 ,  0.00 ,  0.00 ,  0.00 ,  0.00 
511.93 ,  0.00 , 511.93 ,  0.00 ,  0.00 ,  0.00 ,  0.00 
438.80 ,  0.00 , 438.80 ,  0.00 ,  0.00 ,  0.00 ,  0.00 
438.80 ,  0.00 , 438.80 ,  0.00 ,  0.00 ,  0.00 ,  0.00 
365.66 ,  0.00 , 365.66 ,  0.00 ,  0.00 ,  0.00 ,  0.00 
365.66 ,  0.00 , 365.66 ,  0.00 ,  0.00 ,  0.00 ,  0.00 
292.53 ,  0.00 , 292.53 ,  0.00 ,  0.00 ,  0.00 ,  0.00 
219.40 ,  0.00 , 219.40 ,  0.00 ,  0.00 ,  0.00 ,  0.00 
292.53 ,  0.00 , 292.53 ,  0.00 ,  0.00 ,  0.00 ,  0.00 
292.53 ,  0.00 , 292.53 ,  0.00 ,  0.00 ,  0.00 ,  0.00 
365.66 ,  0.00 , 365.66 ,  0.00 ,  0.00 ,  0.00 ,  0.00 
511.93 ,  0.00 , 511.93 ,  0.00 ,  0.00 ,  0.00 ,  0.00 
438.80 ,  0.00 , 438.80 ,  0.00 ,  0.00 ,  0.00 ,  0.00 
438.80 ,  0.00 , 438.80 ,  0.00 ,  0.00 ,  0.00 ,  0.00 
365.66 ,  0.00 , 365.66 ,  0.00 ,  0.00 ,  0.00 ,  0.00 
365.66 ,  0.00 , 365.66 ,  0.00 ,  0.00 ,  0.00 ,  0.00 
73.13 ,  0.00 , 73.13 ,  0.00 ,  0.00 ,  0.00 ,  0.00 
 0.00 ,  0.00 ,  0.00 ,  0.00 ,  0.00 ,  0.00 ,  0.00 
 0.00 ,  0.00 ,  0.00 ,  0.00 ,  0.00 ,  0.00 ,  0.00 
 0.00 ,  0.00 ,  0.00 ,  0.00 ,  0.00 ,  0.00 ,  0.00 
 0.00 ,  0.00 ,  0.00 ,  0.00 ,  0.00 ,  0.00 ,  0.00 
73.13 ,  0.00 , 73.13 ,  0.00 ,  0.00 ,  0.00 ,  0.00 
219.40 ,  0.00 , 219.40 ,  0.00 ,  0.00 ,  0.00 ,  0.00 
731.33 ,  0.00 , 731.33 ,  0.00 ,  0.00 ,  0.00 ,  0.00 
511.93 ,  0.00 , 511.93 ,  0.00 ,  0.00 ,  0.00 ,  0.00 
511.93 ,  0.00 , 511.93 ,  0.00 ,  0.00 ,  0.00 ,  0.00 
438.80 ,  0.00 , 438.80 ,  0.00 ,  0.00 ,  0.00 ,  0.00 
438.80 ,  0.00 , 438.80 ,  0.00 ,  0.00 ,  0.00 ,  0.00 
365.66 ,  0.00 , 365.66 ,  0.00 ,  0.00 ,  0.00 ,  0.00 
365.66 ,  0.00 , 365.66 ,  0.00 ,  0.00 ,  0.00 ,  0.00 
292.53 ,  0.00 , 292.53 ,  0.00 ,  0.00 ,  0.00 ,  0.00 
219.40 ,  0.00 , 219.40 ,  0.00 ,  0.00 ,  0.00 ,  0.00 
292.53 ,  0.00 , 292.53 ,  0.00 ,  0.00 ,  0.00 ,  0.00 
292.53 ,  0.00 , 292.53 ,  0.00 ,  0.00 ,  0.00 ,  0.00 
365.66 ,  0.00 , 365.66 ,  0.00 ,  0.00 ,  0.00 ,  0.00 
511.93 ,  0.00 , 511.93 ,  0.00 ,  0.00 ,  0.00 ,  0.00 
438.80 ,  0.00 , 438.80 ,  0.00 ,  0.00 ,  0.00 ,  0.00 
438.80 ,  0.00 , 438.80 ,  0.00 ,  0.00 ,  0.00 ,  0.00 
365.66 ,  0.00 , 365.66 ,  0.00 ,  0.00 ,  0.00 ,  0.00 
365.66 ,  0.00 , 365.66 ,  0.00 ,  0.00 ,  0.00 ,  0.00 
73.13 ,  0.00 , 73.13 ,  0.00 ,  0.00 ,  0.00 ,  0.00 
 0.00 ,  0.00 ,  0.00 ,  0.00 ,  0.00 ,  0.00 ,  0.00 
 0.00 ,  0.00 ,  0.00 ,  0.00 ,  0.00 ,  0.00 ,  0.00 
 0.00 ,  0.00 ,  0.00 ,  0.00 ,  0.00 ,  0.00 ,  0.00 
 0.00 ,  0.00 ,  0.00 ,  0.00 ,  0.00 ,  0.00 ,  0.00 
73.13 ,  0.00 , 73.13 ,  0.00 ,  0.00 ,  0.00 ,  0.00 
219.40 ,  0.00 , 219.40 ,  0.00 ,  0.00 ,  0.00 ,  0.00 
731.33 ,  0.00 , 731.33 ,  0.00 ,  0.00 ,  0.00 ,  0.00 
511.93 ,  0.00 , 511.93 ,  0.00 ,  0.00 ,  0.00 ,  0.00 
511.93 ,  0.00 , 511.93 ,  0.00 ,  0.00 ,  0.00 ,  0.00 
438.80 ,  0.00 , 438.80 ,  0.00 ,  0.00 ,  0.00 ,  0.00 
438.80 ,  0.00 , 438.80 ,  0.00 ,  0.00 ,  0.00 ,  0.00 
365.66 ,  0.00 , 365.66 ,  0.00 ,  0.00 ,  0.00 ,  0.00 
365.66 ,  0.00 , 365.66 ,  0.00 ,  0.00 ,  0.00 ,  0.00 
292.53 ,  0.00 , 292.53 ,  0.00 ,  0.00 ,  0.00 ,  0.00 
219.40 ,  0.00 , 219.40 ,  0.00 ,  0.00 ,  0.00 ,  0.00 
292.53 ,  0.00 , 292.53 ,  0.00 ,  0.00 ,  0.00 ,  0.00 
292.53 ,  0.00 , 292.53 ,  0.00 ,  0.00 ,  0.00 ,  0.00 
365.66 ,  0.00 , 365.66 ,  0.00 ,  0.00 ,  0.00 ,  0.00 
511.93 ,  0.00 , 511.93 ,  0.00 ,  0.00 ,  0.00 ,  0.00 
438.80 ,  0.00 , 438.80 ,  0.00 ,  0.00 ,  0.00 ,  0.00 
438.80 ,  0.00 , 438.80 ,  0.00 ,  0.00 ,  0.00 ,  0.00 
365.66 ,  0.00 , 365.66 ,  0.00 ,  0.00 ,  0.00 ,  0.00 
365.66 ,  0.00 , 365.66 ,  0.00 ,  0.00 ,  0.00 ,  0.00 
73.13 ,  0.00 , 73.13 ,  0.00 ,  0.00 ,  0.00 ,  0.00 
 0.00 ,  0.00 ,  0.00 ,  0.00 ,  0.00 ,  0.00 ,  0.00 
 0.00 ,  0.00 ,  0.00 ,  0.00 ,  0.00 ,  0.00 ,  0.00 
 0.00 ,  0.00 ,  0.00 ,  0.00 ,  0.00 ,  0.00 ,  0.00 
 0.00 ,  0.00 ,  0.00 ,  0.00 ,  0.00 ,  0.00 ,  0.00 
73.13 ,  0.00 , 73.13 ,  0.00 ,  0.00 ,  0.00 ,  0.00 
219.40 ,  0.00 , 219.40 ,  0.00 ,  0.00 ,  0.00 ,  0.00 
731.33 ,  0.00 , 731.33 ,  0.00 ,  0.00 ,  0.00 ,  0.00 
511.93 ,  0.00 , 511.93 ,  0.00 ,  0.00 ,  0.00 ,  0.00 
511.93 ,  0.00 , 511.93 ,  0.00 ,  0.00 ,  0.00 ,  0.00 
438.80 ,  0.00 , 438.80 ,  0.00 ,  0.00 ,  0.00 ,  0.00 
438.80 ,  0.00 , 438.80 ,  0.00 ,  0.00 ,  0.00 ,  0.00 
365.66 ,  0.00 , 365.66 ,  0.00 ,  0.00 ,  0.00 ,  0.00 
365.66 ,  0.00 , 365.66 ,  0.00 ,  0.00 ,  0.00 ,  0.00 
292.53 ,  0.00 , 292.53 ,  0.00 ,  0.00 ,  0.00 ,  0.00 
219.40 ,  0.00 , 219.40 ,  0.00 ,  0.00 ,  0.00 ,  0.00 
292.53 ,  0.00 , 292.53 ,  0.00 ,  0.00 ,  0.00 ,  0.00 
292.53 ,  0.00 , 292.53 ,  0.00 ,  0.00 ,  0.00 ,  0.00 
365.66 ,  0.00 , 365.66 ,  0.00 ,  0.00 ,  0.00 ,  0.00 
511.93 ,  0.00 , 511.93 ,  0.00 ,  0.00 ,  0.00 ,  0.00 
438.80 ,  0.00 , 438.80 ,  0.00 ,  0.00 ,  0.00 ,  0.00 
438.80 ,  0.00 , 438.80 ,  0.00 ,  0.00 ,  0.00 ,  0.00 
365.66 ,  0.00 , 365.66 ,  0.00 ,  0.00 ,  0.00 ,  0.00 
365.66 ,  0.00 , 365.66 ,  0.00 ,  0.00 ,  0.00 ,  0.00 
73.13 ,  0.00 , 73.13 ,  0.00 ,  0.00 ,  0.00 ,  0.00 
 0.00 ,  0.00 ,  0.00 ,  0.00 ,  0.00 ,  0.00 ,  0.00 
 0.00 ,  0.00 ,  0.00 ,  0.00 ,  0.00 ,  0.00 ,  0.00 
 0.00 ,  0.00 ,  0.00 ,  0.00 ,  0.00 ,  0.00 ,  0.00 
 0.00 ,  0.00 ,  0.00 ,  0.00 ,  0.00 ,  0.00 ,  0.00 
73.13 ,  0.00 , 73.13 ,  0.00 ,  0.00 ,  0.00 ,  0.00 
219.40 ,  0.00 , 219.40 ,  0.00 ,  0.00 ,  0.00 ,  0.00 
731.33 ,  0.00 , 731.33 ,  0.00 ,  0.00 ,  0.00 ,  0.00 
511.93 ,  0.00 , 511.93 ,  0.00 ,  0.00 ,  0.00 ,  0.00 
511.93 ,  0.00 , 511.93 ,  0.00 ,  0.00 ,  0.00 ,  0.00 
438.80 ,  0.00 , 438.80 ,  0.00 ,  0.00 ,  0.00 ,  0.00 
438.80 ,  0.00 , 438.80 ,  0.00 ,  0.00 ,  0.00 ,  0.00 
365.66 ,  0.00 , 365.66 ,  0.00 ,  0.00 ,  0.00 ,  0.00 
365.66 ,  0.00 , 365.66 ,  0.00 ,  0.00 ,  0.00 ,  0.00 
292.53 ,  0.00 , 292.53 ,  0.00 ,  0.00 ,  0.00 ,  0.00 
219.40 ,  0.00 , 219.40 ,  0.00 ,  0.00 ,  0.00 ,  0.00 
292.53 ,  0.00 , 292.53 ,  0.00 ,  0.00 ,  0.00 ,  0.00 
292.53 ,  0.00 , 292.53 ,  0.00 ,  0.00 ,  0.00 ,  0.00 
365.66 ,  0.00 , 365.66 ,  0.00 ,  0.00 ,  0.00 ,  0.00 
511.93 ,  0.00 , 511.93 ,  0.00 ,  0.00 ,  0.00 ,  0.00 
438.80 ,  0.00 , 438.80 ,  0.00 ,  0.00 ,  0.00 ,  0.00 
438.80 ,  0.00 , 438.80 ,  0.00 ,  0.00 ,  0.00 ,  0.00 
365.66 ,  0.00 , 365.66 ,  0.00 ,  0.00 ,  0.00 ,  0.00 
365.66 ,  0.00 , 365.66 ,  0.00 ,  0.00 ,  0.00 ,  0.00 
73.13 ,  0.00 , 73.13 ,  0.00 ,  0.00 ,  0.00 ,  0.00 
 0.00 ,  0.00 ,  0.00 ,  0.00 ,  0.00 ,  0.00 ,  0.00 
 0.00 ,  0.00 ,  0.00 ,  0.00 ,  0.00 ,  0.00 ,  0.00 
 0.00 ,  0.00 ,  0.00 ,  0.00 ,  0.00 ,  0.00 ,  0.00 
 0.00 ,  0.00 ,  0.00 ,  0.00 ,  0.00 ,  0.00 ,  0.00 
73.13 ,  0.00 , 73.13 ,  0.00 ,  0.00 ,  0.00 ,  0.00 
219.40 ,  0.00 , 219.40 ,  0.00 ,  0.00 ,  0.00 ,  0.00 
731.33 ,  0.00 , 731.33 ,  0.00 ,  0.00 ,  0.00 ,  0.00 
511.93 ,  0.00 , 511.93 ,  0.00 ,  0.00 ,  0.00 ,  0.00 
511.93 ,  0.00 , 511.93 ,  0.00 ,  0.00 ,  0.00 ,  0.00 
438.80 ,  0.00 , 438.80 ,  0.00 ,  0.00 ,  0.00 ,  0.00 
438.80 ,  0.00 , 438.80 ,  0.00 ,  0.00 ,  0.00 ,  0.00 
365.66 ,  0.00 , 365.66 ,  0.00 ,  0.00 ,  0.00 ,  0.00 
365.66 ,  0.00 , 365.66 ,  0.00 ,  0.00 ,  0.00 ,  0.00 
292.53 ,  0.00 , 292.53 ,  0.00 ,  0.00 ,  0.00 ,  0.00 
219.40 ,  0.00 , 219.40 ,  0.00 ,  0.00 ,  0.00 ,  0.00 
292.53 ,  0.00 , 292.53 ,  0.00 ,  0.00 ,  0.00 ,  0.00 
292.53 ,  0.00 , 292.53 ,  0.00 ,  0.00 ,  0.00 ,  0.00 
365.66 ,  0.00 , 365.66 ,  0.00 ,  0.00 ,  0.00 ,  0.00 
511.93 ,  0.00 , 511.93 ,  0.00 ,  0.00 ,  0.00 ,  0.00 
438.80 ,  0.00 , 438.80 ,  0.00 ,  0.00 ,  0.00 ,  0.00 
438.80 ,  0.00 , 438.80 ,  0.00 ,  0.00 ,  0.00 ,  0.00 
365.66 ,  0.00 , 365.66 ,  0.00 ,  0.00 ,  0.00 ,  0.00 
365.66 ,  0.00 , 365.66 ,  0.00 ,  0.00 ,  0.00 ,  0.00 
73.13 ,  0.00 , 73.13 ,  0.00 ,  0.00 ,  0.00 ,  0.00 
 0.00 ,  0.00 ,  0.00 ,  0.00 ,  0.00 ,  0.00 ,  0.00 
 0.00 ,  0.00 ,  0.00 ,  0.00 ,  0.00 ,  0.00 ,  0.00 
 0.00 ,  0.00 ,  0.00 ,  0.00 ,  0.00 ,  0.00 ,  0.00 
 0.00 ,  0.00 ,  0.00 ,  0.00 ,  0.00 ,  0.00 ,  0.00 
73.13 ,  0.00 , 73.13 ,  0.00 ,  0.00 ,  0.00 ,  0.00 
219.40 ,  0.00 , 219.40 ,  0.00 ,  0.00 ,  0.00 ,  0.00 
731.33 ,  0.00 , 731.33 ,  0.00 ,  0.00 ,  0.00 ,  0.00 
511.93 ,  0.00 , 511.93 ,  0.00 ,  0.00 ,  0.00 ,  0.00 
511.93 ,  0.00 , 511.93 ,  0.00 ,  0.00 ,  0.00 ,  0.00 
438.80 ,  0.00 , 438.80 ,  0.00 ,  0.00 ,  0.00 ,  0.00 
438.80 ,  0.00 , 438.80 ,  0.00 ,  0.00 ,  0.00 ,  0.00 
365.66 ,  0.00 , 365.66 ,  0.00 ,  0.00 ,  0.00 ,  0.00 
365.66 ,  0.00 , 365.66 ,  0.00 ,  0.00 ,  0.00 ,  0.00 
292.53 ,  0.00 , 292.53 ,  0.00 ,  0.00 ,  0.00 ,  0.00 
219.40 ,  0.00 , 219.40 ,  0.00 ,  0.00 ,  0.00 ,  0.00 
292.53 ,  0.00 , 292.53 ,  0.00 ,  0.00 ,  0.00 ,  0.00 
292.53 ,  0.00 , 292.53 ,  0.00 ,  0.00 ,  0.00 ,  0.00 
365.66 ,  0.00 , 365.66 ,  0.00 ,  0.00 ,  0.00 ,  0.00 
511.93 ,  0.00 , 511.93 ,  0.00 ,  0.00 ,  0.00 ,  0.00 
438.80 ,  0.00 , 438.80 ,  0.00 ,  0.00 ,  0.00 ,  0.00 
438.80 ,  0.00 , 438.80 ,  0.00 ,  0.00 ,  0.00 ,  0.00 
365.66 ,  0.00 , 365.66 ,  0.00 ,  0.00 ,  0.00 ,  0.00 
365.66 ,  0.00 , 365.66 ,  0.00 ,  0.00 ,  0.00 ,  0.00 
73.13 ,  0.00 , 73.13 ,  0.00 ,  0.00 ,  0.00 ,  0.00 
 0.00 ,  0.00 ,  0.00 ,  0.00 ,  0.00 ,  0.00 ,  0.00 
 0.00 ,  0.00 ,  0.00 ,  0.00 ,  0.00 ,  0.00 ,  0.00 
 0.00 ,  0.00 ,  0.00 ,  0.00 ,  0.00 ,  0.00 ,  0.00 
 0.00 ,  0.00 ,  0.00 ,  0.00 ,  0.00 ,  0.00 ,  0.00 
73.13 ,  0.00 , 73.13 ,  0.00 ,  0.00 ,  0.00 ,  0.00 
219.40 ,  0.00 , 219.40 ,  0.00 ,  0.00 ,  0.00 ,  0.00 
731.33 ,  0.00 , 731.33 ,  0.00 ,  0.00 ,  0.00 ,  0.00 
511.93 ,  0.00 , 511.93 ,  0.00 ,  0.00 ,  0.00 ,  0.00 
511.93 ,  0.00 , 511.93 ,  0.00 ,  0.00 ,  0.00 ,  0.00 
438.80 ,  0.00 , 438.80 ,  0.00 ,  0.00 ,  0.00 ,  0.00 
438.80 ,  0.00 , 438.80 ,  0.00 ,  0.00 ,  0.00 ,  0.00 
365.66 ,  0.00 , 365.66 ,  0.00 ,  0.00 ,  0.00 ,  0.00 
365.66 ,  0.00 , 365.66 ,  0.00 ,  0.00 ,  0.00 ,  0.00 
292.53 ,  0.00 , 292.53 ,  0.00 ,  0.00 ,  0.00 ,  0.00 
219.40 ,  0.00 , 219.40 ,  0.00 ,  0.00 ,  0.00 ,  0.00 
292.53 ,  0.00 , 292.53 ,  0.00 ,  0.00 ,  0.00 ,  0.00 
292.53 ,  0.00 , 292.53 ,  0.00 ,  0.00 ,  0.00 ,  0.00 
365.66 ,  0.00 , 365.66 ,  0.00 ,  0.00 ,  0.00 ,  0.00 
511.93 ,  0.00 , 511.93 ,  0.00 ,  0.00 ,  0.00 ,  0.00 
438.80 ,  0.00 , 438.80 ,  0.00 ,  0.00 ,  0.00 ,  0.00 
438.80 ,  0.00 , 438.80 ,  0.00 ,  0.00 ,  0.00 ,  0.00 
365.66 ,  0.00 , 365.66 ,  0.00 ,  0.00 ,  0.00 ,  0.00 
365.66 ,  0.00 , 365.66 ,  0.00 ,  0.00 ,  0.00 ,  0.00 
73.13 ,  0.00 , 73.13 ,  0.00 ,  0.00 ,  0.00 ,  0.00 
 0.00 ,  0.00 ,  0.00 ,  0.00 ,  0.00 ,  0.00 ,  0.00 
 0.00 ,  0.00 ,  0.00 ,  0.00 ,  0.00 ,  0.00 ,  0.00 
 0.00 ,  0.00 ,  0.00 ,  0.00 ,  0.00 ,  0.00 ,  0.00 
 0.00 ,  0.00 ,  0.00 ,  0.00 ,  0.00 ,  0.00 ,  0.00 
73.13 ,  0.00 , 73.13 ,  0.00 ,  0.00 ,  0.00 ,  0.00 
219.40 ,  0.00 , 219.40 ,  0.00 ,  0.00 ,  0.00 ,  0.00 
731.33 ,  0.00 , 731.33 ,  0.00 ,  0.00 ,  0.00 ,  0.00 
511.93 ,  0.00 , 511.93 ,  0.00 ,  0.00 ,  0.00 ,  0.00 
511.93 ,  0.00 , 511.93 ,  0.00 ,  0.00 ,  0.00 ,  0.00 
438.80 ,  0.00 , 438.80 ,  0.00 ,  0.00 ,  0.00 ,  0.00 
438.80 ,  0.00 , 438.80 ,  0.00 ,  0.00 ,  0.00 ,  0.00 
365.66 ,  0.00 , 365.66 ,  0.00 ,  0.00 ,  0.00 ,  0.00 
365.66 ,  0.00 , 365.66 ,  0.00 ,  0.00 ,  0.00 ,  0.00 
292.53 ,  0.00 , 292.53 ,  0.00 ,  0.00 ,  0.00 ,  0.00 
219.40 ,  0.00 , 219.40 ,  0.00 ,  0.00 ,  0.00 ,  0.00 
292.53 ,  0.00 , 292.53 ,  0.00 ,  0.00 ,  0.00 ,  0.00 
292.53 ,  0.00 , 292.53 ,  0.00 ,  0.00 ,  0.00 ,  0.00 
365.66 ,  0.00 , 365.66 ,  0.00 ,  0.00 ,  0.00 ,  0.00 
511.93 ,  0.00 , 511.93 ,  0.00 , 425.93 ,  0.00 , 154.73 
438.80 ,  0.00 , 438.80 ,  0.00 , 415.88 ,  0.00 , 191.61 
438.80 ,  0.00 , 438.80 ,  0.00 ,  0.00 ,  0.00 ,  0.00 
365.66 ,  0.00 , 365.66 ,  0.00 ,  0.00 ,  0.00 ,  0.00 
365.66 ,  0.00 , 365.66 ,  0.00 ,  0.00 ,  0.00 ,  0.00 
73.13 ,  0.00 , 73.13 ,  0.00 ,  0.00 ,  0.00 ,  0.00 
 0.00 ,  0.00 ,  0.00 ,  0.00 ,  0.00 ,  0.00 ,  0.00 
 0.00 ,  0.00 ,  0.00 ,  0.00 ,  0.00 ,  0.00 ,  0.00 
 0.00 ,  0.00 ,  0.00 ,  0.00 ,  0.00 ,  0.00 ,  0.00 
 0.00 ,  0.00 ,  0.00 ,  0.00 ,  0.00 ,  0.00 ,  0.00 
73.13 ,  0.00 , 73.13 ,  0.00 ,  0.00 ,  0.00 ,  0.00 
219.40 ,  0.00 , 219.40 ,  0.00 ,  0.00 ,  0.00 ,  0.00 
731.33 ,  0.00 , 731.33 ,  0.00 ,  0.00 ,  0.00 ,  0.00 
511.93 ,  0.00 , 511.93 ,  0.00 ,  0.00 ,  0.00 ,  0.00 
511.93 ,  0.00 , 511.93 ,  0.00 ,  0.00 ,  0.00 ,  0.00 
438.80 ,  0.00 , 438.80 ,  0.00 ,  0.00 ,  0.00 ,  0.00 
438.80 ,  0.00 , 438.80 ,  0.00 ,  0.00 ,  0.00 ,  0.00 
365.66 ,  0.00 , 365.66 ,  0.00 ,  0.00 ,  0.00 ,  0.00 
365.66 ,  0.00 , 365.66 ,  0.00 ,  0.00 ,  0.00 ,  0.00 
292.53 ,  0.00 , 292.53 ,  0.00 ,  0.00 ,  0.00 ,  0.00 
219.40 ,  0.00 , 219.40 ,  0.00 , 486.26 ,  0.00 , 327.57 
292.53 ,  0.00 , 292.53 ,  0.00 , 491.13 ,  0.00 , 471.74 
292.53 ,  0.00 , 292.53 ,  0.00 , 482.64 ,  0.00 , 550.08 
365.66 ,  0.00 , 365.66 ,  0.00 , 473.29 ,  0.00 , 606.62 
511.93 ,  0.00 , 511.93 ,  0.00 , 468.26 ,  0.00 , 744.84 
438.80 ,  0.00 , 438.80 ,  0.00 , 457.92 ,  0.00 , 771.58 
438.80 ,  0.00 , 438.80 ,  0.00 , 442.76 ,  0.00 , 691.47 
365.66 ,  0.00 , 365.66 ,  0.00 , 430.34 ,  0.00 , 653.28 
365.66 ,  0.00 , 365.66 ,  0.00 ,  0.00 ,  0.00 ,  0.00 
73.13 ,  0.00 , 73.13 ,  0.00 ,  0.00 ,  0.00 ,  0.00 
 0.00 ,  0.00 ,  0.00 ,  0.00 ,  0.00 ,  0.00 ,  0.00 
 0.00 ,  0.00 ,  0.00 ,  0.00 ,  0.00 ,  0.00 ,  0.00 
 0.00 ,  0.00 ,  0.00 ,  0.00 ,  0.00 ,  0.00 ,  0.00 
 0.00 ,  0.00 ,  0.00 ,  0.00 ,  0.00 ,  0.00 ,  0.00 
73.13 ,  0.00 , 73.13 ,  0.00 ,  0.00 ,  0.00 ,  0.00 
219.40 ,  0.00 , 219.40 ,  0.00 ,  0.00 ,  0.00 ,  0.00 
731.33 ,  0.00 , 731.33 ,  0.00 ,  0.00 ,  0.00 ,  0.00 
511.93 ,  0.00 , 511.93 ,  0.00 ,  0.00 ,  0.00 ,  0.00 
511.93 ,  0.00 , 511.93 ,  0.00 ,  0.00 ,  0.00 ,  0.00 
438.80 ,  0.00 , 438.80 ,  0.00 ,  0.00 ,  0.00 ,  0.00 
438.80 ,  0.00 , 438.80 ,  0.00 ,  0.00 ,  0.00 ,  0.00 
365.66 ,  0.00 , 365.66 ,  0.00 ,  0.00 ,  0.00 ,  0.00 
365.66 ,  0.00 , 365.66 ,  0.00 ,  0.00 ,  0.00 ,  0.00 
292.53 ,  0.00 , 292.53 ,  0.00 ,  0.00 ,  0.00 ,  0.00 
219.40 ,  0.00 , 219.40 ,  0.00 , 809.28 ,  0.00 , 2885.29 
292.53 ,  0.00 , 292.53 ,  0.00 , 617.15 ,  0.00 , 1692.15 
292.53 ,  0.00 , 292.53 ,  0.00 , 620.01 ,  0.00 , 1641.19 
365.66 ,  0.00 , 365.66 ,  0.00 , 623.48 ,  0.00 , 1724.84 
511.93 ,  0.00 , 511.93 ,  0.00 , 630.49 ,  0.00 , 1896.46 
438.80 ,  0.00 , 438.80 ,  0.00 , 606.55 ,  0.00 , 1844.66 
438.80 ,  0.00 , 438.80 ,  0.00 , 579.91 ,  0.00 , 1700.70 
365.66 ,  0.00 , 365.66 ,  0.00 , 560.70 ,  0.00 , 1663.58 
365.66 ,  0.00 , 365.66 ,  0.00 ,  0.00 ,  0.00 ,  0.00 
73.13 ,  0.00 , 73.13 ,  0.00 ,  0.00 ,  0.00 ,  0.00 
 0.00 ,  0.00 ,  0.00 ,  0.00 ,  0.00 ,  0.00 ,  0.00 
 0.00 ,  0.00 ,  0.00 ,  0.00 ,  0.00 ,  0.00 ,  0.00 
 0.00 ,  0.00 ,  0.00 ,  0.00 ,  0.00 ,  0.00 ,  0.00 
 0.00 ,  0.00 ,  0.00 ,  0.00 ,  0.00 ,  0.00 ,  0.00 
73.13 ,  0.00 , 73.13 ,  0.00 ,  0.00 ,  0.00 ,  0.00 
219.40 ,  0.00 , 219.40 ,  0.00 ,  0.00 ,  0.00 ,  0.00 
731.33 ,  0.00 , 731.33 ,  0.00 ,  0.00 ,  0.00 ,  0.00 
511.93 ,  0.00 , 511.93 ,  0.00 ,  0.00 ,  0.00 ,  0.00 
511.93 ,  0.00 , 511.93 ,  0.00 ,  0.00 ,  0.00 ,  0.00 
438.80 ,  0.00 , 438.80 ,  0.00 ,  0.00 ,  0.00 ,  0.00 
438.80 ,  0.00 , 438.80 ,  0.00 ,  0.00 ,  0.00 ,  0.00 
365.66 ,  0.00 , 365.66 ,  0.00 ,  0.00 ,  0.00 ,  0.00 
365.66 ,  0.00 , 365.66 ,  0.00 ,  0.00 ,  0.00 ,  0.00 
292.53 ,  0.00 , 292.53 ,  0.00 ,  0.00 ,  0.00 ,  0.00 
219.40 ,  0.00 , 219.40 ,  0.00 , 1162.83 ,  0.00 , 4363.56 
292.53 ,  0.00 , 292.53 ,  0.00 , 722.36 ,  0.00 , 2317.55 
292.53 ,  0.00 , 292.53 ,  0.00 , 699.58 ,  0.00 , 2229.70 
365.66 ,  0.00 , 365.66 ,  0.00 , 673.97 ,  0.00 , 2192.11 
511.93 ,  0.00 , 511.93 ,  0.00 , 667.56 ,  0.00 , 2271.60 
438.80 ,  0.00 , 438.80 ,  0.00 , 633.77 ,  0.00 , 2174.80 
438.80 ,  0.00 , 438.80 ,  0.00 , 595.37 ,  0.00 , 2029.93 
365.66 ,  0.00 , 365.66 ,  0.00 , 567.01 ,  0.00 , 1937.39 
365.66 ,  0.00 , 365.66 ,  0.00 ,  0.00 ,  0.00 ,  0.00 
73.13 ,  0.00 , 73.13 ,  0.00 ,  0.00 ,  0.00 ,  0.00 
 0.00 ,  0.00 ,  0.00 ,  0.00 ,  0.00 ,  0.00 ,  0.00 
 0.00 ,  0.00 ,  0.00 ,  0.00 ,  0.00 ,  0.00 ,  0.00 
 0.00 ,  0.00 ,  0.00 ,  0.00 ,  0.00 ,  0.00 ,  0.00 
 0.00 ,  0.00 ,  0.00 ,  0.00 ,  0.00 ,  0.00 ,  0.00 
73.13 ,  0.00 , 73.13 ,  0.00 ,  0.00 ,  0.00 ,  0.00 
219.40 ,  0.00 , 219.40 ,  0.00 ,  0.00 ,  0.00 ,  0.00 
731.33 ,  0.00 , 731.33 ,  0.00 ,  0.00 ,  0.00 ,  0.00 
511.93 ,  0.00 , 511.93 ,  0.00 ,  0.00 ,  0.00 ,  0.00 
511.93 ,  0.00 , 511.93 ,  0.00 ,  0.00 ,  0.00 ,  0.00 
438.80 ,  0.00 , 438.80 ,  0.00 ,  0.00 ,  0.00 ,  0.00 
438.80 ,  0.00 , 438.80 ,  0.00 ,  0.00 ,  0.00 ,  0.00 
365.66 ,  0.00 , 365.66 ,  0.00 ,  0.00 ,  0.00 ,  0.00 
365.66 ,  0.00 , 365.66 ,  0.00 ,  0.00 ,  0.00 ,  0.00 
292.53 ,  0.00 , 292.53 ,  0.00 ,  0.00 ,  0.00 ,  0.00 
219.40 ,  0.00 , 219.40 ,  0.00 , 1176.29 ,  0.00 , 4521.74 
292.53 ,  0.00 , 292.53 ,  0.00 , 707.58 ,  0.00 , 2322.26 
292.53 ,  0.00 , 292.53 ,  0.00 , 684.08 ,  0.00 , 2228.04 
365.66 ,  0.00 , 365.66 ,  0.00 , 658.73 ,  0.00 , 2189.52 
511.93 ,  0.00 , 511.93 ,  0.00 , 642.83 ,  0.00 , 2270.76 
438.80 ,  0.00 , 438.80 ,  0.00 , 599.75 ,  0.00 , 2097.97 
438.80 ,  0.00 , 438.80 ,  0.00 , 565.04 ,  0.00 , 1956.87 
365.66 ,  0.00 , 365.66 ,  0.00 , 531.26 ,  0.00 , 1863.85 
365.66 ,  0.00 , 365.66 ,  0.00 ,  0.00 ,  0.00 ,  0.00 
73.13 ,  0.00 , 73.13 ,  0.00 ,  0.00 ,  0.00 ,  0.00 
 0.00 ,  0.00 ,  0.00 ,  0.00 ,  0.00 ,  0.00 ,  0.00 
 0.00 ,  0.00 ,  0.00 ,  0.00 ,  0.00 ,  0.00 ,  0.00 
 0.00 ,  0.00 ,  0.00 ,  0.00 ,  0.00 ,  0.00 ,  0.00 
 0.00 ,  0.00 ,  0.00 ,  0.00 ,  0.00 ,  0.00 ,  0.00 
73.13 ,  0.00 , 73.13 ,  0.00 ,  0.00 ,  0.00 ,  0.00 
219.40 ,  0.00 , 219.40 ,  0.00 ,  0.00 ,  0.00 ,  0.00 
731.33 ,  0.00 , 731.33 ,  0.00 ,  0.00 ,  0.00 ,  0.00 
511.93 ,  0.00 , 511.93 ,  0.00 ,  0.00 ,  0.00 ,  0.00 
511.93 ,  0.00 , 511.93 ,  0.00 ,  0.00 ,  0.00 ,  0.00 
438.80 ,  0.00 , 438.80 ,  0.00 ,  0.00 ,  0.00 ,  0.00 
438.80 ,  0.00 , 438.80 ,  0.00 ,  0.00 ,  0.00 ,  0.00 
365.66 ,  0.00 , 365.66 ,  0.00 ,  0.00 ,  0.00 ,  0.00 
365.66 ,  0.00 , 365.66 ,  0.00 ,  0.00 ,  0.00 ,  0.00 
292.53 ,  0.00 , 292.53 ,  0.00 ,  0.00 ,  0.00 ,  0.00 
219.40 ,  0.00 , 219.40 ,  0.00 , 1071.37 ,  0.00 , 4050.65 
292.53 ,  0.00 , 292.53 ,  0.00 , 685.42 ,  0.00 , 2173.23 
292.53 ,  0.00 , 292.53 ,  0.00 , 663.85 ,  0.00 , 2092.62 
365.66 ,  0.00 , 365.66 ,  0.00 , 642.15 ,  0.00 , 2074.58 
511.93 ,  0.00 , 511.93 ,  0.00 , 638.97 ,  0.00 , 2175.97 
438.80 ,  0.00 , 438.80 ,  0.00 , 598.98 ,  0.00 , 2087.47 
438.80 ,  0.00 , 438.80 ,  0.00 , 557.94 ,  0.00 , 1902.40 
365.66 ,  0.00 , 365.66 ,  0.00 , 532.25 ,  0.00 , 1816.32 
365.66 ,  0.00 , 365.66 ,  0.00 ,  0.00 ,  0.00 ,  0.00 
73.13 ,  0.00 , 73.13 ,  0.00 ,  0.00 ,  0.00 ,  0.00 
 0.00 ,  0.00 ,  0.00 ,  0.00 ,  0.00 ,  0.00 ,  0.00 
 0.00 ,  0.00 ,  0.00 ,  0.00 ,  0.00 ,  0.00 ,  0.00 
 0.00 ,  0.00 ,  0.00 ,  0.00 ,  0.00 ,  0.00 ,  0.00 
 0.00 ,  0.00 ,  0.00 ,  0.00 ,  0.00 ,  0.00 ,  0.00 
73.13 ,  0.00 , 73.13 ,  0.00 ,  0.00 ,  0.00 ,  0.00 
219.40 ,  0.00 , 219.40 ,  0.00 ,  0.00 ,  0.00 ,  0.00 
731.33 ,  0.00 , 731.33 ,  0.00 ,  0.00 ,  0.00 ,  0.00 
511.93 ,  0.00 , 511.93 ,  0.00 ,  0.00 ,  0.00 ,  0.00 
511.93 ,  0.00 , 511.93 ,  0.00 ,  0.00 ,  0.00 ,  0.00 
438.80 ,  0.00 , 438.80 ,  0.00 ,  0.00 ,  0.00 ,  0.00 
438.80 ,  0.00 , 438.80 ,  0.00 ,  0.00 ,  0.00 ,  0.00 
365.66 ,  0.00 , 365.66 ,  0.00 ,  0.00 ,  0.00 ,  0.00 
365.66 ,  0.00 , 365.66 ,  0.00 ,  0.00 ,  0.00 ,  0.00 
292.53 ,  0.00 , 292.53 ,  0.00 ,  0.00 ,  0.00 ,  0.00 
219.40 ,  0.00 , 219.40 ,  0.00 , 1198.28 ,  0.00 , 4694.64 
292.53 ,  0.00 , 292.53 ,  0.00 , 715.26 ,  0.00 , 2405.79 
292.53 ,  0.00 , 292.53 ,  0.00 , 691.38 ,  0.00 , 2303.71 
365.66 ,  0.00 , 365.66 ,  0.00 , 667.66 ,  0.00 , 2273.41 
511.93 ,  0.00 , 511.93 ,  0.00 , 662.25 ,  0.00 , 2355.51 
438.80 ,  0.00 , 438.80 ,  0.00 , 618.50 ,  0.00 , 2250.55 
438.80 ,  0.00 , 438.80 ,  0.00 , 574.84 ,  0.00 , 2055.67 
365.66 ,  0.00 , 365.66 ,  0.00 , 539.28 ,  0.00 , 1952.88 
365.66 ,  0.00 , 365.66 ,  0.00 ,  0.00 ,  0.00 ,  0.00 
73.13 ,  0.00 , 73.13 ,  0.00 ,  0.00 ,  0.00 ,  0.00 
 0.00 ,  0.00 ,  0.00 ,  0.00 ,  0.00 ,  0.00 ,  0.00 
 0.00 ,  0.00 ,  0.00 ,  0.00 ,  0.00 ,  0.00 ,  0.00 
 0.00 ,  0.00 ,  0.00 ,  0.00 ,  0.00 ,  0.00 ,  0.00 
 0.00 ,  0.00 ,  0.00 ,  0.00 ,  0.00 ,  0.00 ,  0.00 
73.13 ,  0.00 , 73.13 ,  0.00 ,  0.00 ,  0.00 ,  0.00 
219.40 ,  0.00 , 219.40 ,  0.00 ,  0.00 ,  0.00 ,  0.00 
731.33 ,  0.00 , 731.33 ,  0.00 ,  0.00 ,  0.00 ,  0.00 
511.93 ,  0.00 , 511.93 ,  0.00 ,  0.00 ,  0.00 ,  0.00 
511.93 ,  0.00 , 511.93 ,  0.00 ,  0.00 ,  0.00 ,  0.00 
438.80 ,  0.00 , 438.80 ,  0.00 ,  0.00 ,  0.00 ,  0.00 
438.80 ,  0.00 , 438.80 ,  0.00 ,  0.00 ,  0.00 ,  0.00 
365.66 ,  0.00 , 365.66 ,  0.00 ,  0.00 ,  0.00 ,  0.00 
365.66 ,  0.00 , 365.66 ,  0.00 ,  0.00 ,  0.00 ,  0.00 
292.53 ,  0.00 , 292.53 ,  0.00 ,  0.00 ,  0.00 ,  0.00 
219.40 ,  0.00 , 219.40 ,  0.00 , 1078.19 ,  0.00 , 4341.14 
292.53 ,  0.00 , 292.53 ,  0.00 , 670.68 ,  0.00 , 2268.83 
292.53 ,  0.00 , 292.53 ,  0.00 , 650.60 ,  0.00 , 2189.48 
365.66 ,  0.00 , 365.66 ,  0.00 , 630.36 ,  0.00 , 2181.14 
511.93 ,  0.00 , 511.93 ,  0.00 , 618.93 ,  0.00 , 2294.88 
438.80 ,  0.00 , 438.80 ,  0.00 , 580.79 ,  0.00 , 2147.76 
438.80 ,  0.00 , 438.80 ,  0.00 , 554.59 ,  0.00 , 2010.11 
365.66 ,  0.00 , 365.66 ,  0.00 , 533.46 ,  0.00 , 1962.22 
365.66 ,  0.00 , 365.66 ,  0.00 ,  0.00 ,  0.00 ,  0.00 
73.13 ,  0.00 , 73.13 ,  0.00 ,  0.00 ,  0.00 ,  0.00 
 0.00 ,  0.00 ,  0.00 ,  0.00 ,  0.00 ,  0.00 ,  0.00 
 0.00 ,  0.00 ,  0.00 ,  0.00 ,  0.00 ,  0.00 ,  0.00 
 0.00 ,  0.00 ,  0.00 ,  0.00 ,  0.00 ,  0.00 ,  0.00 
 0.00 ,  0.00 ,  0.00 ,  0.00 ,  0.00 ,  0.00 ,  0.00 
73.13 ,  0.00 , 73.13 ,  0.00 ,  0.00 ,  0.00 ,  0.00 
219.40 ,  0.00 , 219.40 ,  0.00 ,  0.00 ,  0.00 ,  0.00 
731.33 ,  0.00 , 731.33 ,  0.00 ,  0.00 ,  0.00 ,  0.00 
511.93 ,  0.00 , 511.93 ,  0.00 ,  0.00 ,  0.00 ,  0.00 
511.93 ,  0.00 , 511.93 ,  0.00 ,  0.00 ,  0.00 ,  0.00 
438.80 ,  0.00 , 438.80 ,  0.00 ,  0.00 ,  0.00 ,  0.00 
438.80 ,  0.00 , 438.80 ,  0.00 ,  0.00 ,  0.00 ,  0.00 
365.66 ,  0.00 , 365.66 ,  0.00 ,  0.00 ,  0.00 ,  0.00 
365.66 ,  0.00 , 365.66 ,  0.00 ,  0.00 ,  0.00 ,  0.00 
292.53 ,  0.00 , 292.53 ,  0.00 ,  0.00 ,  0.00 ,  0.00 
219.40 ,  0.00 , 219.40 ,  0.00 , 1117.14 ,  0.00 , 4745.95 
292.53 ,  0.00 , 292.53 ,  0.00 , 658.24 ,  0.00 , 2392.96 
292.53 ,  0.00 , 292.53 ,  0.00 , 634.23 ,  0.00 , 2216.61 
365.66 ,  0.00 , 365.66 ,  0.00 , 628.70 ,  0.00 , 2231.37 
511.93 ,  0.00 , 511.93 ,  0.00 , 640.69 ,  0.00 , 2371.82 
438.80 ,  0.00 , 438.80 ,  0.00 , 614.62 ,  0.00 , 2318.00 
438.80 ,  0.00 , 438.80 ,  0.00 , 575.74 ,  0.00 , 2152.15 
365.66 ,  0.00 , 365.66 ,  0.00 , 545.89 ,  0.00 , 2030.16 
365.66 ,  0.00 , 365.66 ,  0.00 ,  0.00 ,  0.00 ,  0.00 
73.13 ,  0.00 , 73.13 ,  0.00 ,  0.00 ,  0.00 ,  0.00 
 0.00 ,  0.00 ,  0.00 ,  0.00 ,  0.00 ,  0.00 ,  0.00 
 0.00 ,  0.00 ,  0.00 ,  0.00 ,  0.00 ,  0.00 ,  0.00 
 0.00 ,  0.00 ,  0.00 ,  0.00 ,  0.00 ,  0.00 ,  0.00 
 0.00 ,  0.00 ,  0.00 ,  0.00 ,  0.00 ,  0.00 ,  0.00 
73.13 ,  0.00 , 73.13 ,  0.00 ,  0.00 ,  0.00 ,  0.00 
219.40 ,  0.00 , 219.40 ,  0.00 ,  0.00 ,  0.00 ,  0.00 
731.33 ,  0.00 , 731.33 ,  0.00 ,  0.00 ,  0.00 ,  0.00 
511.93 ,  0.00 , 511.93 ,  0.00 ,  0.00 ,  0.00 ,  0.00 
511.93 ,  0.00 , 511.93 ,  0.00 ,  0.00 ,  0.00 ,  0.00 
438.80 ,  0.00 , 438.80 ,  0.00 ,  0.00 ,  0.00 ,  0.00 
438.80 ,  0.00 , 438.80 ,  0.00 ,  0.00 ,  0.00 ,  0.00 
365.66 ,  0.00 , 365.66 ,  0.00 ,  0.00 ,  0.00 ,  0.00 
365.66 ,  0.00 , 365.66 ,  0.00 ,  0.00 ,  0.00 ,  0.00 
292.53 ,  0.00 , 292.53 ,  0.00 ,  0.00 ,  0.00 ,  0.00 
219.40 ,  0.00 , 219.40 ,  0.00 , 687.40 ,  0.00 , 2969.30 
292.53 ,  0.00 , 292.53 ,  0.00 , 516.23 ,  0.00 , 1567.19 
292.53 ,  0.00 , 292.53 ,  0.00 , 516.90 ,  0.00 , 1563.37 
365.66 ,  0.00 , 365.66 ,  0.00 , 513.10 ,  0.00 , 1590.38 
511.93 ,  0.00 , 511.93 ,  0.00 , 518.38 ,  0.00 , 1706.57 
438.80 ,  0.00 , 438.80 ,  0.00 , 506.13 ,  0.00 , 1657.66 
438.80 ,  0.00 , 438.80 ,  0.00 , 480.91 ,  0.00 , 1529.04 
365.66 ,  0.00 , 365.66 ,  0.00 , 453.32 ,  0.00 , 1415.76 
365.66 ,  0.00 , 365.66 ,  0.00 ,  0.00 ,  0.00 ,  0.00 
73.13 ,  0.00 , 73.13 ,  0.00 ,  0.00 ,  0.00 ,  0.00 
 0.00 ,  0.00 ,  0.00 ,  0.00 ,  0.00 ,  0.00 ,  0.00 
 0.00 ,  0.00 ,  0.00 ,  0.00 ,  0.00 ,  0.00 ,  0.00 
 0.00 ,  0.00 ,  0.00 ,  0.00 ,  0.00 ,  0.00 ,  0.00 
 0.00 ,  0.00 ,  0.00 ,  0.00 ,  0.00 ,  0.00 ,  0.00 
73.13 ,  0.00 , 73.13 ,  0.00 ,  0.00 ,  0.00 ,  0.00 
219.40 ,  0.00 , 219.40 ,  0.00 ,  0.00 ,  0.00 ,  0.00 
731.33 ,  0.00 , 731.33 ,  0.00 ,  0.00 ,  0.00 ,  0.00 
511.93 ,  0.00 , 511.93 ,  0.00 ,  0.00 ,  0.00 ,  0.00 
511.93 ,  0.00 , 511.93 ,  0.00 ,  0.00 ,  0.00 ,  0.00 
438.80 ,  0.00 , 438.80 ,  0.00 ,  0.00 ,  0.00 ,  0.00 
438.80 ,  0.00 , 438.80 ,  0.00 ,  0.00 ,  0.00 ,  0.00 
365.66 ,  0.00 , 365.66 ,  0.00 ,  0.00 ,  0.00 ,  0.00 
365.66 ,  0.00 , 365.66 ,  0.00 ,  0.00 ,  0.00 ,  0.00 
292.53 ,  0.00 , 292.53 ,  0.00 ,  0.00 ,  0.00 ,  0.00 
219.40 ,  0.00 , 219.40 ,  0.00 , 542.82 ,  0.00 , 1687.84 
292.53 ,  0.00 , 292.53 ,  0.00 , 490.53 ,  0.00 , 1133.96 
292.53 ,  0.00 , 292.53 ,  0.00 , 474.38 ,  0.00 , 1080.55 
365.66 ,  0.00 , 365.66 ,  0.00 , 458.35 ,  0.00 , 1022.05 
511.93 ,  0.00 , 511.93 ,  0.00 , 452.72 ,  0.00 , 1109.75 
438.80 ,  0.00 , 438.80 ,  0.00 , 436.97 ,  0.00 , 1049.29 
438.80 ,  0.00 , 438.80 ,  0.00 , 419.32 ,  0.00 , 938.92 
365.66 ,  0.00 , 365.66 ,  0.00 , 404.32 ,  0.00 , 852.91 
365.66 ,  0.00 , 365.66 ,  0.00 ,  0.00 ,  0.00 ,  0.00 
73.13 ,  0.00 , 73.13 ,  0.00 ,  0.00 ,  0.00 ,  0.00 
 0.00 ,  0.00 ,  0.00 ,  0.00 ,  0.00 ,  0.00 ,  0.00 
 0.00 ,  0.00 ,  0.00 ,  0.00 ,  0.00 ,  0.00 ,  0.00 
 0.00 ,  0.00 ,  0.00 ,  0.00 ,  0.00 ,  0.00 ,  0.00 
 0.00 ,  0.00 ,  0.00 ,  0.00 ,  0.00 ,  0.00 ,  0.00 
73.13 ,  0.00 , 73.13 ,  0.00 ,  0.00 ,  0.00 ,  0.00 
219.40 ,  0.00 , 219.40 ,  0.00 ,  0.00 ,  0.00 ,  0.00 
731.33 ,  0.00 , 731.33 ,  0.00 ,  0.00 ,  0.00 ,  0.00 
511.93 ,  0.00 , 511.93 ,  0.00 ,  0.00 ,  0.00 ,  0.00 
511.93 ,  0.00 , 511.93 ,  0.00 ,  0.00 ,  0.00 ,  0.00 
438.80 ,  0.00 , 438.80 ,  0.00 ,  0.00 ,  0.00 ,  0.00 
438.80 ,  0.00 , 438.80 ,  0.00 ,  0.00 ,  0.00 ,  0.00 
365.66 ,  0.00 , 365.66 ,  0.00 ,  0.00 ,  0.00 ,  0.00 
365.66 ,  0.00 , 365.66 ,  0.00 ,  0.00 ,  0.00 ,  0.00 
292.53 ,  0.00 , 292.53 ,  0.00 ,  0.00 ,  0.00 ,  0.00 
219.40 ,  0.00 , 219.40 ,  0.00 , 462.78 ,  0.00 , 657.42 
292.53 ,  0.00 , 292.53 ,  0.00 , 461.78 ,  0.00 , 625.39 
292.53 ,  0.00 , 292.53 ,  0.00 , 458.16 ,  0.00 , 667.47 
365.66 ,  0.00 , 365.66 ,  0.00 , 447.45 ,  0.00 , 686.55 
511.93 ,  0.00 , 511.93 ,  0.00 , 435.56 ,  0.00 , 792.12 
438.80 ,  0.00 , 438.80 ,  0.00 , 419.64 ,  0.00 , 698.25 
438.80 ,  0.00 , 438.80 ,  0.00 , 399.95 ,  0.00 , 610.13 
365.66 ,  0.00 , 365.66 ,  0.00 , 386.81 ,  0.00 , 523.13 
365.66 ,  0.00 , 365.66 ,  0.00 ,  0.00 ,  0.00 ,  0.00 
73.13 ,  0.00 , 73.13 ,  0.00 ,  0.00 ,  0.00 ,  0.00 
 0.00 ,  0.00 ,  0.00 ,  0.00 ,  0.00 ,  0.00 ,  0.00 
 0.00 ,  0.00 ,  0.00 ,  0.00 ,  0.00 ,  0.00 ,  0.00 
 0.00 ,  0.00 ,  0.00 ,  0.00 ,  0.00 ,  0.00 ,  0.00 
 0.00 ,  0.00 ,  0.00 ,  0.00 ,  0.00 ,  0.00 ,  0.00 
73.13 ,  0.00 , 73.13 ,  0.00 ,  0.00 ,  0.00 ,  0.00 
219.40 ,  0.00 , 219.40 ,  0.00 ,  0.00 ,  0.00 ,  0.00 
731.33 ,  0.00 , 731.33 ,  0.00 ,  0.00 ,  0.00 ,  0.00 
511.93 ,  0.00 , 511.93 ,  0.00 ,  0.00 ,  0.00 ,  0.00 
511.93 ,  0.00 , 511.93 ,  0.00 ,  0.00 ,  0.00 ,  0.00 
438.80 ,  0.00 , 438.80 ,  0.00 ,  0.00 ,  0.00 ,  0.00 
438.80 ,  0.00 , 438.80 ,  0.00 ,  0.00 ,  0.00 ,  0.00 
365.66 ,  0.00 , 365.66 ,  0.00 ,  0.00 ,  0.00 ,  0.00 
365.66 ,  0.00 , 365.66 ,  0.00 ,  0.00 ,  0.00 ,  0.00 
292.53 ,  0.00 , 292.53 ,  0.00 ,  0.00 ,  0.00 ,  0.00 
219.40 ,  0.00 , 219.40 ,  0.00 , 443.42 ,  0.00 , 134.73 
292.53 ,  0.00 , 292.53 ,  0.00 , 438.60 ,  0.00 , 214.18 
292.53 ,  0.00 , 292.53 ,  0.00 , 433.81 ,  0.00 , 266.25 
365.66 ,  0.00 , 365.66 ,  0.00 , 423.77 ,  0.00 , 318.15 
511.93 ,  0.00 , 511.93 ,  0.00 , 415.18 ,  0.00 , 417.24 
438.80 ,  0.00 , 438.80 ,  0.00 , 399.19 ,  0.00 , 410.10 
438.80 ,  0.00 , 438.80 ,  0.00 , 387.48 ,  0.00 , 334.22 
365.66 ,  0.00 , 365.66 ,  0.00 , 376.94 ,  0.00 , 289.71 
365.66 ,  0.00 , 365.66 ,  0.00 ,  0.00 ,  0.00 ,  0.00 
73.13 ,  0.00 , 73.13 ,  0.00 ,  0.00 ,  0.00 ,  0.00 
 0.00 ,  0.00 ,  0.00 ,  0.00 ,  0.00 ,  0.00 ,  0.00 
 0.00 ,  0.00 ,  0.00 ,  0.00 ,  0.00 ,  0.00 ,  0.00 
 0.00 ,  0.00 ,  0.00 ,  0.00 ,  0.00 ,  0.00 ,  0.00 
 0.00 ,  0.00 ,  0.00 ,  0.00 ,  0.00 ,  0.00 ,  0.00 
73.13 ,  0.00 , 73.13 ,  0.00 ,  0.00 ,  0.00 ,  0.00 
219.40 ,  0.00 , 219.40 ,  0.00 ,  0.00 ,  0.00 ,  0.00 
731.33 ,  0.00 , 731.33 ,  0.00 ,  0.00 ,  0.00 ,  0.00 
511.93 ,  0.00 , 511.93 ,  0.00 ,  0.00 ,  0.00 ,  0.00 
511.93 ,  0.00 , 511.93 ,  0.00 ,  0.00 ,  0.00 ,  0.00 
438.80 ,  0.00 , 438.80 ,  0.00 ,  0.00 ,  0.00 ,  0.00 
438.80 ,  0.00 , 438.80 ,  0.00 ,  0.00 ,  0.00 ,  0.00 
365.66 ,  0.00 , 365.66 ,  0.00 ,  0.00 ,  0.00 ,  0.00 
365.66 ,  0.00 , 365.66 ,  0.00 ,  0.00 ,  0.00 ,  0.00 
292.53 ,  0.00 , 292.53 ,  0.00 ,  0.00 ,  0.00 ,  0.00 
219.40 ,  0.00 , 219.40 ,  0.00 , 468.81 ,  0.00 , 403.81 
292.53 ,  0.00 , 292.53 ,  0.00 , 471.49 ,  0.00 , 462.32 
292.53 ,  0.00 , 292.53 ,  0.00 , 467.36 ,  0.00 , 497.72 
365.66 ,  0.00 , 365.66 ,  0.00 , 458.70 ,  0.00 , 567.54 
511.93 ,  0.00 , 511.93 ,  0.00 , 454.45 ,  0.00 , 720.58 
438.80 ,  0.00 , 438.80 ,  0.00 , 434.61 ,  0.00 , 665.20 
438.80 ,  0.00 , 438.80 ,  0.00 , 414.10 ,  0.00 , 563.23 
365.66 ,  0.00 , 365.66 ,  0.00 , 401.27 ,  0.00 , 490.63 
365.66 ,  0.00 , 365.66 ,  0.00 ,  0.00 ,  0.00 ,  0.00 
71.39 ,  0.00 , 71.39 ,  0.00 ,  0.00 ,  0.00 ,  0.00 
 0.00 ,  0.00 ,  0.00 ,  0.00 ,  0.00 ,  0.00 ,  0.00 
 0.00 ,  0.00 ,  0.00 ,  0.00 ,  0.00 ,  0.00 ,  0.00 
 0.00 ,  0.00 ,  0.00 ,  0.00 ,  0.00 ,  0.00 ,  0.00 
 0.00 ,  0.00 ,  0.00 ,  0.00 ,  0.00 ,  0.00 ,  0.00 
71.39 ,  0.00 , 71.39 ,  0.00 ,  0.00 ,  0.00 ,  0.00 
214.17 ,  0.00 , 214.17 ,  0.00 ,  0.00 ,  0.00 ,  0.00 
713.91 ,  0.00 , 713.91 ,  0.00 ,  0.00 ,  0.00 ,  0.00 
499.74 ,  0.00 , 499.74 ,  0.00 ,  0.00 ,  0.00 ,  0.00 
499.74 ,  0.00 , 499.74 ,  0.00 ,  0.00 ,  0.00 ,  0.00 
428.35 ,  0.00 , 428.35 ,  0.00 ,  0.00 ,  0.00 ,  0.00 
428.35 ,  0.00 , 428.35 ,  0.00 ,  0.00 ,  0.00 ,  0.00 
356.95 ,  0.00 , 356.95 ,  0.00 ,  0.00 ,  0.00 ,  0.00 
356.95 ,  0.00 , 356.95 ,  0.00 ,  0.00 ,  0.00 ,  0.00 
285.56 ,  0.00 , 285.56 ,  0.00 ,  0.00 ,  0.00 ,  0.00 
214.17 ,  0.00 , 214.17 ,  0.00 , 458.22 ,  0.00 , 322.92 
285.56 ,  0.00 , 285.56 ,  0.00 , 460.57 ,  0.00 , 403.85 
285.56 ,  0.00 , 285.56 ,  0.00 , 455.82 ,  0.00 , 436.98 
356.95 ,  0.00 , 356.95 ,  0.00 , 445.90 ,  0.00 , 489.01 
499.74 ,  0.00 , 499.74 ,  0.00 , 434.61 ,  0.00 , 638.24 
428.35 ,  0.00 , 428.35 ,  0.00 , 421.47 ,  0.00 , 598.02 
428.35 ,  0.00 , 428.35 ,  0.00 , 407.15 ,  0.00 , 505.13 
356.95 ,  0.00 , 356.95 ,  0.00 , 395.13 ,  0.00 , 455.21 
356.95 ,  0.00 , 356.95 ,  0.00 ,  0.00 ,  0.00 ,  0.00 
71.39 ,  0.00 , 71.39 ,  0.00 ,  0.00 ,  0.00 ,  0.00 
 0.00 ,  0.00 ,  0.00 ,  0.00 ,  0.00 ,  0.00 ,  0.00 
 0.00 ,  0.00 ,  0.00 ,  0.00 ,  0.00 ,  0.00 ,  0.00 
 0.00 ,  0.00 ,  0.00 ,  0.00 ,  0.00 ,  0.00 ,  0.00 
 0.00 ,  0.00 ,  0.00 ,  0.00 ,  0.00 ,  0.00 ,  0.00 
71.39 ,  0.00 , 71.39 ,  0.00 ,  0.00 ,  0.00 ,  0.00 
214.17 ,  0.00 , 214.17 ,  0.00 ,  0.00 ,  0.00 ,  0.00 
713.91 ,  0.00 , 713.91 ,  0.00 ,  0.00 ,  0.00 ,  0.00 
499.74 ,  0.00 , 499.74 ,  0.00 ,  0.00 ,  0.00 ,  0.00 
499.74 ,  0.00 , 499.74 ,  0.00 ,  0.00 ,  0.00 ,  0.00 
428.35 ,  0.00 , 428.35 ,  0.00 ,  0.00 ,  0.00 ,  0.00 
428.35 ,  0.00 , 428.35 ,  0.00 ,  0.00 ,  0.00 ,  0.00 
356.95 ,  0.00 , 356.95 ,  0.00 ,  0.00 ,  0.00 ,  0.00 
356.95 ,  0.00 , 356.95 ,  0.00 ,  0.00 ,  0.00 ,  0.00 
285.56 ,  0.00 , 285.56 ,  0.00 ,  0.00 ,  0.00 ,  0.00 
214.17 ,  0.00 , 214.17 ,  0.00 , 481.17 ,  0.00 , 504.46 
285.56 ,  0.00 , 285.56 ,  0.00 , 476.13 ,  0.00 , 520.90 
285.56 ,  0.00 , 285.56 ,  0.00 , 471.11 ,  0.00 , 543.48 
356.95 ,  0.00 , 356.95 ,  0.00 , 461.71 ,  0.00 , 601.26 
499.74 ,  0.00 , 499.74 ,  0.00 , 449.59 ,  0.00 , 717.64 
428.35 ,  0.00 , 428.35 ,  0.00 , 433.85 ,  0.00 , 634.80 
428.35 ,  0.00 , 428.35 ,  0.00 , 419.87 ,  0.00 , 565.77 
356.95 ,  0.00 , 356.95 ,  0.00 , 407.56 ,  0.00 , 522.02 
356.95 ,  0.00 , 356.95 ,  0.00 ,  0.00 ,  0.00 ,  0.00 
71.39 ,  0.00 , 71.39 ,  0.00 ,  0.00 ,  0.00 ,  0.00 
 0.00 ,  0.00 ,  0.00 ,  0.00 ,  0.00 ,  0.00 ,  0.00 
 0.00 ,  0.00 ,  0.00 ,  0.00 ,  0.00 ,  0.00 ,  0.00 
 0.00 ,  0.00 ,  0.00 ,  0.00 ,  0.00 ,  0.00 ,  0.00 
 0.00 ,  0.00 ,  0.00 ,  0.00 ,  0.00 ,  0.00 ,  0.00 
71.39 ,  0.00 , 71.39 ,  0.00 ,  0.00 ,  0.00 ,  0.00 
214.17 ,  0.00 , 214.17 ,  0.00 ,  0.00 ,  0.00 ,  0.00 
713.91 ,  0.00 , 713.91 ,  0.00 ,  0.00 ,  0.00 ,  0.00 
499.74 ,  0.00 , 499.74 ,  0.00 ,  0.00 ,  0.00 ,  0.00 
499.74 ,  0.00 , 499.74 ,  0.00 ,  0.00 ,  0.00 ,  0.00 
428.35 ,  0.00 , 428.35 ,  0.00 ,  0.00 ,  0.00 ,  0.00 
428.35 ,  0.00 , 428.35 ,  0.00 ,  0.00 ,  0.00 ,  0.00 
356.95 ,  0.00 , 356.95 ,  0.00 ,  0.00 ,  0.00 ,  0.00 
356.95 ,  0.00 , 356.95 ,  0.00 ,  0.00 ,  0.00 ,  0.00 
285.56 ,  0.00 , 285.56 ,  0.00 ,  0.00 ,  0.00 ,  0.00 
214.17 ,  0.00 , 214.17 ,  0.00 , 524.20 ,  0.00 , 946.09 
285.56 ,  0.00 , 285.56 ,  0.00 , 504.99 ,  0.00 , 776.04 
285.56 ,  0.00 , 285.56 ,  0.00 , 496.36 ,  0.00 , 743.53 
356.95 ,  0.00 , 356.95 ,  0.00 , 485.04 ,  0.00 , 764.54 
499.74 ,  0.00 , 499.74 ,  0.00 , 479.53 ,  0.00 , 871.35 
428.35 ,  0.00 , 428.35 ,  0.00 , 457.56 ,  0.00 , 825.97 
428.35 ,  0.00 , 428.35 ,  0.00 , 433.07 ,  0.00 , 714.19 
356.95 ,  0.00 , 356.95 ,  0.00 , 412.16 ,  0.00 , 634.90 
356.95 ,  0.00 , 356.95 ,  0.00 ,  0.00 ,  0.00 ,  0.00 
71.39 ,  0.00 , 71.39 ,  0.00 ,  0.00 ,  0.00 ,  0.00 
 0.00 ,  0.00 ,  0.00 ,  0.00 ,  0.00 ,  0.00 ,  0.00 
 0.00 ,  0.00 ,  0.00 ,  0.00 ,  0.00 ,  0.00 ,  0.00 
 0.00 ,  0.00 ,  0.00 ,  0.00 ,  0.00 ,  0.00 ,  0.00 
 0.00 ,  0.00 ,  0.00 ,  0.00 ,  0.00 ,  0.00 ,  0.00 
71.39 ,  0.00 , 71.39 ,  0.00 ,  0.00 ,  0.00 ,  0.00 
214.17 ,  0.00 , 214.17 ,  0.00 ,  0.00 ,  0.00 ,  0.00 
713.91 ,  0.00 , 713.91 ,  0.00 ,  0.00 ,  0.00 ,  0.00 
499.74 ,  0.00 , 499.74 ,  0.00 ,  0.00 ,  0.00 ,  0.00 
499.74 ,  0.00 , 499.74 ,  0.00 ,  0.00 ,  0.00 ,  0.00 
428.35 ,  0.00 , 428.35 ,  0.00 ,  0.00 ,  0.00 ,  0.00 
428.35 ,  0.00 , 428.35 ,  0.00 ,  0.00 ,  0.00 ,  0.00 
356.95 ,  0.00 , 356.95 ,  0.00 ,  0.00 ,  0.00 ,  0.00 
356.95 ,  0.00 , 356.95 ,  0.00 ,  0.00 ,  0.00 ,  0.00 
285.56 ,  0.00 , 285.56 ,  0.00 ,  0.00 ,  0.00 ,  0.00 
214.17 ,  0.00 , 214.17 ,  0.00 , 439.90 ,  0.00 , 162.05 
285.56 ,  0.00 , 285.56 ,  0.00 , 441.19 ,  0.00 , 260.24 
285.56 ,  0.00 , 285.56 ,  0.00 , 435.98 ,  0.00 , 297.66 
356.95 ,  0.00 , 356.95 ,  0.00 , 425.22 ,  0.00 , 337.45 
499.74 ,  0.00 , 499.74 ,  0.00 , 416.01 ,  0.00 , 423.45 
428.35 ,  0.00 , 428.35 ,  0.00 , 399.18 ,  0.00 , 420.80 
428.35 ,  0.00 , 428.35 ,  0.00 , 386.57 ,  0.00 , 339.16 
356.95 ,  0.00 , 356.95 ,  0.00 , 375.41 ,  0.00 , 295.27 
356.95 ,  0.00 , 356.95 ,  0.00 ,  0.00 ,  0.00 ,  0.00 
71.39 ,  0.00 , 71.39 ,  0.00 ,  0.00 ,  0.00 ,  0.00 
 0.00 ,  0.00 ,  0.00 ,  0.00 ,  0.00 ,  0.00 ,  0.00 
 0.00 ,  0.00 ,  0.00 ,  0.00 ,  0.00 ,  0.00 ,  0.00 
 0.00 ,  0.00 ,  0.00 ,  0.00 ,  0.00 ,  0.00 ,  0.00 
 0.00 ,  0.00 ,  0.00 ,  0.00 ,  0.00 ,  0.00 ,  0.00 
71.39 ,  0.00 , 71.39 ,  0.00 ,  0.00 ,  0.00 ,  0.00 
214.17 ,  0.00 , 214.17 ,  0.00 ,  0.00 ,  0.00 ,  0.00 
713.91 ,  0.00 , 713.91 ,  0.00 ,  0.00 ,  0.00 ,  0.00 
499.74 ,  0.00 , 499.74 ,  0.00 ,  0.00 ,  0.00 ,  0.00 
499.74 ,  0.00 , 499.74 ,  0.00 ,  0.00 ,  0.00 ,  0.00 
428.35 ,  0.00 , 428.35 ,  0.00 ,  0.00 ,  0.00 ,  0.00 
428.35 ,  0.00 , 428.35 ,  0.00 ,  0.00 ,  0.00 ,  0.00 
356.95 ,  0.00 , 356.95 ,  0.00 ,  0.00 ,  0.00 ,  0.00 
356.95 ,  0.00 , 356.95 ,  0.00 ,  0.00 ,  0.00 ,  0.00 
285.56 ,  0.00 , 285.56 ,  0.00 ,  0.00 ,  0.00 ,  0.00 
214.17 ,  0.00 , 214.17 ,  0.00 ,  0.00 ,  0.00 ,  0.00 
285.56 ,  0.00 , 285.56 ,  0.00 ,  0.00 ,  0.00 ,  0.00 
285.56 ,  0.00 , 285.56 ,  0.00 , 445.55 ,  0.00 , 153.55 
356.95 ,  0.00 , 356.95 ,  0.00 , 434.40 ,  0.00 , 200.59 
499.74 ,  0.00 , 499.74 ,  0.00 , 424.58 ,  0.00 , 307.30 
428.35 ,  0.00 , 428.35 ,  0.00 , 407.84 ,  0.00 , 322.17 
428.35 ,  0.00 , 428.35 ,  0.00 , 390.20 ,  0.00 , 254.85 
356.95 ,  0.00 , 356.95 ,  0.00 , 373.59 ,  0.00 , 199.56 
356.95 ,  0.00 , 356.95 ,  0.00 ,  0.00 ,  0.00 ,  0.00 
71.39 ,  0.00 , 71.39 ,  0.00 ,  0.00 ,  0.00 ,  0.00 
 0.00 ,  0.00 ,  0.00 ,  0.00 ,  0.00 ,  0.00 ,  0.00 
 0.00 ,  0.00 ,  0.00 ,  0.00 ,  0.00 ,  0.00 ,  0.00 
 0.00 ,  0.00 ,  0.00 ,  0.00 ,  0.00 ,  0.00 ,  0.00 
 0.00 ,  0.00 ,  0.00 ,  0.00 ,  0.00 ,  0.00 ,  0.00 
71.39 ,  0.00 , 71.39 ,  0.00 ,  0.00 ,  0.00 ,  0.00 
214.17 ,  0.00 , 214.17 ,  0.00 ,  0.00 ,  0.00 ,  0.00 
713.91 ,  0.00 , 713.91 ,  0.00 ,  0.00 ,  0.00 ,  0.00 
499.74 ,  0.00 , 499.74 ,  0.00 ,  0.00 ,  0.00 ,  0.00 
499.74 ,  0.00 , 499.74 ,  0.00 ,  0.00 ,  0.00 ,  0.00 
428.35 ,  0.00 , 428.35 ,  0.00 ,  0.00 ,  0.00 ,  0.00 
428.35 ,  0.00 , 428.35 ,  0.00 ,  0.00 ,  0.00 ,  0.00 
356.95 ,  0.00 , 356.95 ,  0.00 ,  0.00 ,  0.00 ,  0.00 
356.95 ,  0.00 , 356.95 ,  0.00 ,  0.00 ,  0.00 ,  0.00 
285.56 ,  0.00 , 285.56 ,  0.00 ,  0.00 ,  0.00 ,  0.00 
214.17 ,  0.00 , 214.17 ,  0.00 ,  0.00 ,  0.00 ,  0.00 
285.56 ,  0.00 , 285.56 ,  0.00 ,  0.00 ,  0.00 ,  0.00 
285.56 ,  0.00 , 285.56 ,  0.00 ,  0.00 ,  0.00 ,  0.00 
356.95 ,  0.00 , 356.95 ,  0.00 ,  0.00 ,  0.00 ,  0.00 
499.74 ,  0.00 , 499.74 ,  0.00 ,  0.00 ,  0.00 ,  0.00 
428.35 ,  0.00 , 428.35 ,  0.00 ,  0.00 ,  0.00 ,  0.00 
428.35 ,  0.00 , 428.35 ,  0.00 ,  0.00 ,  0.00 ,  0.00 
356.95 ,  0.00 , 356.95 ,  0.00 ,  0.00 ,  0.00 ,  0.00 
356.95 ,  0.00 , 356.95 ,  0.00 ,  0.00 ,  0.00 ,  0.00 
71.39 ,  0.00 , 71.39 ,  0.00 ,  0.00 ,  0.00 ,  0.00 
 0.00 ,  0.00 ,  0.00 ,  0.00 ,  0.00 ,  0.00 ,  0.00 
 0.00 ,  0.00 ,  0.00 ,  0.00 ,  0.00 ,  0.00 ,  0.00 
 0.00 ,  0.00 ,  0.00 ,  0.00 ,  0.00 ,  0.00 ,  0.00 
 0.00 ,  0.00 ,  0.00 ,  0.00 ,  0.00 ,  0.00 ,  0.00 
71.39 ,  0.00 , 71.39 ,  0.00 ,  0.00 ,  0.00 ,  0.00 
214.17 ,  0.00 , 214.17 ,  0.00 ,  0.00 ,  0.00 ,  0.00 
713.91 ,  0.00 , 713.91 ,  0.00 ,  0.00 ,  0.00 ,  0.00 
499.74 ,  0.00 , 499.74 ,  0.00 ,  0.00 ,  0.00 ,  0.00 
499.74 ,  0.00 , 499.74 ,  0.00 ,  0.00 ,  0.00 ,  0.00 
428.35 ,  0.00 , 428.35 ,  0.00 ,  0.00 ,  0.00 ,  0.00 
428.35 ,  0.00 , 428.35 ,  0.00 ,  0.00 ,  0.00 ,  0.00 
356.95 ,  0.00 , 356.95 ,  0.00 ,  0.00 ,  0.00 ,  0.00 
356.95 ,  0.00 , 356.95 ,  0.00 ,  0.00 ,  0.00 ,  0.00 
285.56 ,  0.00 , 285.56 ,  0.00 ,  0.00 ,  0.00 ,  0.00 
214.17 ,  0.00 , 214.17 ,  0.00 ,  0.00 ,  0.00 ,  0.00 
285.56 ,  0.00 , 285.56 ,  0.00 ,  0.00 ,  0.00 ,  0.00 
285.56 ,  0.00 , 285.56 ,  0.00 ,  0.00 ,  0.00 ,  0.00 
356.95 ,  0.00 , 356.95 ,  0.00 , 441.38 ,  0.00 , 136.54 
499.74 ,  0.00 , 499.74 ,  0.00 , 426.19 ,  0.00 , 212.07 
428.35 ,  0.00 , 428.35 ,  0.00 , 421.14 ,  0.00 , 233.16 
428.35 ,  0.00 , 428.35 ,  0.00 , 410.94 ,  0.00 , 241.30 
356.95 ,  0.00 , 356.95 ,  0.00 , 405.74 ,  0.00 , 229.89 
356.95 ,  0.00 , 356.95 ,  0.00 ,  0.00 ,  0.00 ,  0.00 
71.39 ,  0.00 , 71.39 ,  0.00 ,  0.00 ,  0.00 ,  0.00 
 0.00 ,  0.00 ,  0.00 ,  0.00 ,  0.00 ,  0.00 ,  0.00 
 0.00 ,  0.00 ,  0.00 ,  0.00 ,  0.00 ,  0.00 ,  0.00 
 0.00 ,  0.00 ,  0.00 ,  0.00 ,  0.00 ,  0.00 ,  0.00 
 0.00 ,  0.00 ,  0.00 ,  0.00 ,  0.00 ,  0.00 ,  0.00 
71.39 ,  0.00 , 71.39 ,  0.00 ,  0.00 ,  0.00 ,  0.00 
214.17 ,  0.00 , 214.17 ,  0.00 ,  0.00 ,  0.00 ,  0.00 
713.91 ,  0.00 , 713.91 ,  0.00 ,  0.00 ,  0.00 ,  0.00 
499.74 ,  0.00 , 499.74 ,  0.00 ,  0.00 ,  0.00 ,  0.00 
499.74 ,  0.00 , 499.74 ,  0.00 ,  0.00 ,  0.00 ,  0.00 
428.35 ,  0.00 , 428.35 ,  0.00 ,  0.00 ,  0.00 ,  0.00 
428.35 ,  0.00 , 428.35 ,  0.00 ,  0.00 ,  0.00 ,  0.00 
356.95 ,  0.00 , 356.95 ,  0.00 ,  0.00 ,  0.00 ,  0.00 
356.95 ,  0.00 , 356.95 ,  0.00 ,  0.00 ,  0.00 ,  0.00 
285.56 ,  0.00 , 285.56 ,  0.00 ,  0.00 ,  0.00 ,  0.00 
214.17 ,  0.00 , 214.17 ,  0.00 , 557.04 ,  0.00 , 1273.21 
285.56 ,  0.00 , 285.56 ,  0.00 , 537.79 ,  0.00 , 1046.92 
285.56 ,  0.00 , 285.56 ,  0.00 , 531.07 ,  0.00 , 1038.07 
356.95 ,  0.00 , 356.95 ,  0.00 , 521.59 ,  0.00 , 1078.79 
499.74 ,  0.00 , 499.74 ,  0.00 , 520.55 ,  0.00 , 1218.17 
428.35 ,  0.00 , 428.35 ,  0.00 , 501.53 ,  0.00 , 1155.90 
428.35 ,  0.00 , 428.35 ,  0.00 , 482.78 ,  0.00 , 1083.19 
356.95 ,  0.00 , 356.95 ,  0.00 , 467.78 ,  0.00 , 1043.80 
356.95 ,  0.00 , 356.95 ,  0.00 ,  0.00 ,  0.00 ,  0.00 
71.39 ,  0.00 , 71.39 ,  0.00 ,  0.00 ,  0.00 ,  0.00 
 0.00 ,  0.00 ,  0.00 ,  0.00 ,  0.00 ,  0.00 ,  0.00 
 0.00 ,  0.00 ,  0.00 ,  0.00 ,  0.00 ,  0.00 ,  0.00 
 0.00 ,  0.00 ,  0.00 ,  0.00 ,  0.00 ,  0.00 ,  0.00 
 0.00 ,  0.00 ,  0.00 ,  0.00 ,  0.00 ,  0.00 ,  0.00 
71.39 ,  0.00 , 71.39 ,  0.00 ,  0.00 ,  0.00 ,  0.00 
214.17 ,  0.00 , 214.17 ,  0.00 ,  0.00 ,  0.00 ,  0.00 
713.91 ,  0.00 , 713.91 ,  0.00 ,  0.00 ,  0.00 ,  0.00 
499.74 ,  0.00 , 499.74 ,  0.00 ,  0.00 ,  0.00 ,  0.00 
499.74 ,  0.00 , 499.74 ,  0.00 ,  0.00 ,  0.00 ,  0.00 
428.35 ,  0.00 , 428.35 ,  0.00 ,  0.00 ,  0.00 ,  0.00 
428.35 ,  0.00 , 428.35 ,  0.00 ,  0.00 ,  0.00 ,  0.00 
356.95 ,  0.00 , 356.95 ,  0.00 ,  0.00 ,  0.00 ,  0.00 
356.95 ,  0.00 , 356.95 ,  0.00 ,  0.00 ,  0.00 ,  0.00 
285.56 ,  0.00 , 285.56 ,  0.00 ,  0.00 ,  0.00 ,  0.00 
214.17 ,  0.00 , 214.17 ,  0.00 , 1018.45 ,  0.00 , 3400.45 
285.56 ,  0.00 , 285.56 ,  0.00 , 689.21 ,  0.00 , 1883.74 
285.56 ,  0.00 , 285.56 ,  0.00 , 676.22 ,  0.00 , 1788.64 
356.95 ,  0.00 , 356.95 ,  0.00 , 662.34 ,  0.00 , 1813.04 
499.74 ,  0.00 , 499.74 ,  0.00 , 652.61 ,  0.00 , 1926.88 
428.35 ,  0.00 , 428.35 ,  0.00 , 621.28 ,  0.00 , 1842.31 
428.35 ,  0.00 , 428.35 ,  0.00 , 579.56 ,  0.00 , 1719.39 
356.95 ,  0.00 , 356.95 ,  0.00 , 551.55 ,  0.00 , 1617.22 
356.95 ,  0.00 , 356.95 ,  0.00 ,  0.00 ,  0.00 ,  0.00 
71.39 ,  0.00 , 71.39 ,  0.00 ,  0.00 ,  0.00 ,  0.00 
 0.00 ,  0.00 ,  0.00 ,  0.00 ,  0.00 ,  0.00 ,  0.00 
 0.00 ,  0.00 ,  0.00 ,  0.00 ,  0.00 ,  0.00 ,  0.00 
 0.00 ,  0.00 ,  0.00 ,  0.00 ,  0.00 ,  0.00 ,  0.00 
 0.00 ,  0.00 ,  0.00 ,  0.00 ,  0.00 ,  0.00 ,  0.00 
71.39 ,  0.00 , 71.39 ,  0.00 ,  0.00 ,  0.00 ,  0.00 
214.17 ,  0.00 , 214.17 ,  0.00 ,  0.00 ,  0.00 ,  0.00 
713.91 ,  0.00 , 713.91 ,  0.00 ,  0.00 ,  0.00 ,  0.00 
499.74 ,  0.00 , 499.74 ,  0.00 ,  0.00 ,  0.00 ,  0.00 
499.74 ,  0.00 , 499.74 ,  0.00 ,  0.00 ,  0.00 ,  0.00 
428.35 ,  0.00 , 428.35 ,  0.00 ,  0.00 ,  0.00 ,  0.00 
428.35 ,  0.00 , 428.35 ,  0.00 ,  0.00 ,  0.00 ,  0.00 
356.95 ,  0.00 , 356.95 ,  0.00 ,  0.00 ,  0.00 ,  0.00 
356.95 ,  0.00 , 356.95 ,  0.00 ,  0.00 ,  0.00 ,  0.00 
285.56 ,  0.00 , 285.56 ,  0.00 ,  0.00 ,  0.00 ,  0.00 
214.17 ,  0.00 , 214.17 ,  0.00 , 1003.02 ,  0.00 , 3607.38 
285.56 ,  0.00 , 285.56 ,  0.00 , 657.87 ,  0.00 , 1906.93 
285.56 ,  0.00 , 285.56 ,  0.00 , 639.15 ,  0.00 , 1844.17 
356.95 ,  0.00 , 356.95 ,  0.00 , 626.18 ,  0.00 , 1820.12 
499.74 ,  0.00 , 499.74 ,  0.00 , 615.48 ,  0.00 , 1931.79 
428.35 ,  0.00 , 428.35 ,  0.00 , 580.57 ,  0.00 , 1810.22 
428.35 ,  0.00 , 428.35 ,  0.00 , 549.96 ,  0.00 , 1699.21 
356.95 ,  0.00 , 356.95 ,  0.00 , 518.77 ,  0.00 , 1623.85 
356.95 ,  0.00 , 356.95 ,  0.00 ,  0.00 ,  0.00 ,  0.00 
71.39 ,  0.00 , 71.39 ,  0.00 ,  0.00 ,  0.00 ,  0.00 
 0.00 ,  0.00 ,  0.00 ,  0.00 ,  0.00 ,  0.00 ,  0.00 
 0.00 ,  0.00 ,  0.00 ,  0.00 ,  0.00 ,  0.00 ,  0.00 
 0.00 ,  0.00 ,  0.00 ,  0.00 ,  0.00 ,  0.00 ,  0.00 
 0.00 ,  0.00 ,  0.00 ,  0.00 ,  0.00 ,  0.00 ,  0.00 
71.39 ,  0.00 , 71.39 ,  0.00 ,  0.00 ,  0.00 ,  0.00 
214.17 ,  0.00 , 214.17 ,  0.00 ,  0.00 ,  0.00 ,  0.00 
713.91 ,  0.00 , 713.91 ,  0.00 ,  0.00 ,  0.00 ,  0.00 
499.74 ,  0.00 , 499.74 ,  0.00 ,  0.00 ,  0.00 ,  0.00 
499.74 ,  0.00 , 499.74 ,  0.00 ,  0.00 ,  0.00 ,  0.00 
428.35 ,  0.00 , 428.35 ,  0.00 ,  0.00 ,  0.00 ,  0.00 
428.35 ,  0.00 , 428.35 ,  0.00 ,  0.00 ,  0.00 ,  0.00 
356.95 ,  0.00 , 356.95 ,  0.00 ,  0.00 ,  0.00 ,  0.00 
356.95 ,  0.00 , 356.95 ,  0.00 ,  0.00 ,  0.00 ,  0.00 
285.56 ,  0.00 , 285.56 ,  0.00 ,  0.00 ,  0.00 ,  0.00 
214.17 ,  0.00 , 214.17 ,  0.00 , 868.57 ,  0.00 , 3318.46 
285.56 ,  0.00 , 285.56 ,  0.00 , 609.00 ,  0.00 , 1787.88 
285.56 ,  0.00 , 285.56 ,  0.00 , 595.85 ,  0.00 , 1747.12 
356.95 ,  0.00 , 356.95 ,  0.00 , 575.95 ,  0.00 , 1722.53 
499.74 ,  0.00 , 499.74 ,  0.00 , 569.52 ,  0.00 , 1799.93 
428.35 ,  0.00 , 428.35 ,  0.00 , 542.88 ,  0.00 , 1716.39 
428.35 ,  0.00 , 428.35 ,  0.00 , 514.61 ,  0.00 , 1601.23 
356.95 ,  0.00 , 356.95 ,  0.00 , 498.88 ,  0.00 , 1520.38 
356.95 ,  0.00 , 356.95 ,  0.00 ,  0.00 ,  0.00 ,  0.00 
71.39 ,  0.00 , 71.39 ,  0.00 ,  0.00 ,  0.00 ,  0.00 
 0.00 ,  0.00 ,  0.00 ,  0.00 ,  0.00 ,  0.00 ,  0.00 
 0.00 ,  0.00 ,  0.00 ,  0.00 ,  0.00 ,  0.00 ,  0.00 
 0.00 ,  0.00 ,  0.00 ,  0.00 ,  0.00 ,  0.00 ,  0.00 
 0.00 ,  0.00 ,  0.00 ,  0.00 ,  0.00 ,  0.00 ,  0.00 
71.39 ,  0.00 , 71.39 ,  0.00 ,  0.00 ,  0.00 ,  0.00 
214.17 ,  0.00 , 214.17 ,  0.00 ,  0.00 ,  0.00 ,  0.00 
713.91 ,  0.00 , 713.91 ,  0.00 ,  0.00 ,  0.00 ,  0.00 
499.74 ,  0.00 , 499.74 ,  0.00 ,  0.00 ,  0.00 ,  0.00 
499.74 ,  0.00 , 499.74 ,  0.00 ,  0.00 ,  0.00 ,  0.00 
428.35 ,  0.00 , 428.35 ,  0.00 ,  0.00 ,  0.00 ,  0.00 
428.35 ,  0.00 , 428.35 ,  0.00 ,  0.00 ,  0.00 ,  0.00 
356.95 ,  0.00 , 356.95 ,  0.00 ,  0.00 ,  0.00 ,  0.00 
356.95 ,  0.00 , 356.95 ,  0.00 ,  0.00 ,  0.00 ,  0.00 
285.56 ,  0.00 , 285.56 ,  0.00 ,  0.00 ,  0.00 ,  0.00 
214.17 ,  0.00 , 214.17 ,  0.00 , 923.43 ,  0.00 , 3569.83 
285.56 ,  0.00 , 285.56 ,  0.00 , 623.37 ,  0.00 , 1866.62 
285.56 ,  0.00 , 285.56 ,  0.00 , 612.79 ,  0.00 , 1843.55 
356.95 ,  0.00 , 356.95 ,  0.00 , 592.84 ,  0.00 , 1819.41 
499.74 ,  0.00 , 499.74 ,  0.00 , 584.99 ,  0.00 , 1887.03 
428.35 ,  0.00 , 428.35 ,  0.00 , 557.08 ,  0.00 , 1800.41 
428.35 ,  0.00 , 428.35 ,  0.00 , 529.20 ,  0.00 , 1697.46 
356.95 ,  0.00 , 356.95 ,  0.00 , 505.44 ,  0.00 , 1610.08 
356.95 ,  0.00 , 356.95 ,  0.00 ,  0.00 ,  0.00 ,  0.00 
71.39 ,  0.00 , 71.39 ,  0.00 ,  0.00 ,  0.00 ,  0.00 
 0.00 ,  0.00 ,  0.00 ,  0.00 ,  0.00 ,  0.00 ,  0.00 
 0.00 ,  0.00 ,  0.00 ,  0.00 ,  0.00 ,  0.00 ,  0.00 
 0.00 ,  0.00 ,  0.00 ,  0.00 ,  0.00 ,  0.00 ,  0.00 
 0.00 ,  0.00 ,  0.00 ,  0.00 ,  0.00 ,  0.00 ,  0.00 
71.39 ,  0.00 , 71.39 ,  0.00 ,  0.00 ,  0.00 ,  0.00 
214.17 ,  0.00 , 214.17 ,  0.00 ,  0.00 ,  0.00 ,  0.00 
713.91 ,  0.00 , 713.91 ,  0.00 ,  0.00 ,  0.00 ,  0.00 
499.74 ,  0.00 , 499.74 ,  0.00 ,  0.00 ,  0.00 ,  0.00 
499.74 ,  0.00 , 499.74 ,  0.00 ,  0.00 ,  0.00 ,  0.00 
428.35 ,  0.00 , 428.35 ,  0.00 ,  0.00 ,  0.00 ,  0.00 
428.35 ,  0.00 , 428.35 ,  0.00 ,  0.00 ,  0.00 ,  0.00 
356.95 ,  0.00 , 356.95 ,  0.00 ,  0.00 ,  0.00 ,  0.00 
356.95 ,  0.00 , 356.95 ,  0.00 ,  0.00 ,  0.00 ,  0.00 
285.56 ,  0.00 , 285.56 ,  0.00 ,  0.00 ,  0.00 ,  0.00 
214.17 ,  0.00 , 214.17 ,  0.00 , 1015.58 ,  0.00 , 3734.59 
285.56 ,  0.00 , 285.56 ,  0.00 , 671.49 ,  0.00 , 1972.99 
285.56 ,  0.00 , 285.56 ,  0.00 , 657.31 ,  0.00 , 1927.94 
356.95 ,  0.00 , 356.95 ,  0.00 , 634.98 ,  0.00 , 1897.74 
499.74 ,  0.00 , 499.74 ,  0.00 , 626.64 ,  0.00 , 1960.51 
428.35 ,  0.00 , 428.35 ,  0.00 , 585.68 ,  0.00 , 1855.13 
428.35 ,  0.00 , 428.35 ,  0.00 , 551.71 ,  0.00 , 1715.09 
356.95 ,  0.00 , 356.95 ,  0.00 , 519.92 ,  0.00 , 1633.18 
356.95 ,  0.00 , 356.95 ,  0.00 ,  0.00 ,  0.00 ,  0.00 
71.39 ,  0.00 , 71.39 ,  0.00 ,  0.00 ,  0.00 ,  0.00 
 0.00 ,  0.00 ,  0.00 ,  0.00 ,  0.00 ,  0.00 ,  0.00 
 0.00 ,  0.00 ,  0.00 ,  0.00 ,  0.00 ,  0.00 ,  0.00 
 0.00 ,  0.00 ,  0.00 ,  0.00 ,  0.00 ,  0.00 ,  0.00 
 0.00 ,  0.00 ,  0.00 ,  0.00 ,  0.00 ,  0.00 ,  0.00 
71.39 ,  0.00 , 71.39 ,  0.00 ,  0.00 ,  0.00 ,  0.00 
214.17 ,  0.00 , 214.17 ,  0.00 ,  0.00 ,  0.00 ,  0.00 
713.91 ,  0.00 , 713.91 ,  0.00 ,  0.00 ,  0.00 ,  0.00 
499.74 ,  0.00 , 499.74 ,  0.00 ,  0.00 ,  0.00 ,  0.00 
499.74 ,  0.00 , 499.74 ,  0.00 ,  0.00 ,  0.00 ,  0.00 
428.35 ,  0.00 , 428.35 ,  0.00 ,  0.00 ,  0.00 ,  0.00 
428.35 ,  0.00 , 428.35 ,  0.00 ,  0.00 ,  0.00 ,  0.00 
356.95 ,  0.00 , 356.95 ,  0.00 ,  0.00 ,  0.00 ,  0.00 
356.95 ,  0.00 , 356.95 ,  0.00 ,  0.00 ,  0.00 ,  0.00 
285.56 ,  0.00 , 285.56 ,  0.00 ,  0.00 ,  0.00 ,  0.00 
214.17 ,  0.00 , 214.17 ,  0.00 , 549.26 ,  0.00 , 2000.67 
285.56 ,  0.00 , 285.56 ,  0.00 , 465.35 ,  0.00 , 1161.17 
285.56 ,  0.00 , 285.56 ,  0.00 , 462.60 ,  0.00 , 1119.63 
356.95 ,  0.00 , 356.95 ,  0.00 , 462.76 ,  0.00 , 1118.70 
499.74 ,  0.00 , 499.74 ,  0.00 , 459.90 ,  0.00 , 1241.05 
428.35 ,  0.00 , 428.35 ,  0.00 , 441.66 ,  0.00 , 1166.74 
428.35 ,  0.00 , 428.35 ,  0.00 , 421.69 ,  0.00 , 1047.27 
356.95 ,  0.00 , 356.95 ,  0.00 , 405.02 ,  0.00 , 954.43 
356.95 ,  0.00 , 356.95 ,  0.00 ,  0.00 ,  0.00 ,  0.00 
71.39 ,  0.00 , 71.39 ,  0.00 ,  0.00 ,  0.00 ,  0.00 
 0.00 ,  0.00 ,  0.00 ,  0.00 ,  0.00 ,  0.00 ,  0.00 
 0.00 ,  0.00 ,  0.00 ,  0.00 ,  0.00 ,  0.00 ,  0.00 
 0.00 ,  0.00 ,  0.00 ,  0.00 ,  0.00 ,  0.00 ,  0.00 
 0.00 ,  0.00 ,  0.00 ,  0.00 ,  0.00 ,  0.00 ,  0.00 
71.39 ,  0.00 , 71.39 ,  0.00 ,  0.00 ,  0.00 ,  0.00 
214.17 ,  0.00 , 214.17 ,  0.00 ,  0.00 ,  0.00 ,  0.00 
713.91 ,  0.00 , 713.91 ,  0.00 ,  0.00 ,  0.00 ,  0.00 
499.74 ,  0.00 , 499.74 ,  0.00 ,  0.00 ,  0.00 ,  0.00 
499.74 ,  0.00 , 499.74 ,  0.00 ,  0.00 ,  0.00 ,  0.00 
428.35 ,  0.00 , 428.35 ,  0.00 ,  0.00 ,  0.00 ,  0.00 
428.35 ,  0.00 , 428.35 ,  0.00 ,  0.00 ,  0.00 ,  0.00 
356.95 ,  0.00 , 356.95 ,  0.00 ,  0.00 ,  0.00 ,  0.00 
356.95 ,  0.00 , 356.95 ,  0.00 ,  0.00 ,  0.00 ,  0.00 
285.56 ,  0.00 , 285.56 ,  0.00 ,  0.00 ,  0.00 ,  0.00 
214.17 ,  0.00 , 214.17 ,  0.00 , 431.80 ,  0.00 , 414.72 
285.56 ,  0.00 , 285.56 ,  0.00 , 432.72 ,  0.00 , 440.35 
285.56 ,  0.00 , 285.56 ,  0.00 , 427.79 ,  0.00 , 460.82 
356.95 ,  0.00 , 356.95 ,  0.00 , 418.03 ,  0.00 , 501.84 
499.74 ,  0.00 , 499.74 ,  0.00 , 406.08 ,  0.00 , 626.09 
428.35 ,  0.00 , 428.35 ,  0.00 , 392.55 ,  0.00 , 546.37 
428.35 ,  0.00 , 428.35 ,  0.00 , 379.93 ,  0.00 , 465.02 
356.95 ,  0.00 , 356.95 ,  0.00 , 373.54 ,  0.00 , 405.11 
356.95 ,  0.00 , 356.95 ,  0.00 ,  0.00 ,  0.00 ,  0.00 
71.39 ,  0.00 , 71.39 ,  0.00 ,  0.00 ,  0.00 ,  0.00 
 0.00 ,  0.00 ,  0.00 ,  0.00 ,  0.00 ,  0.00 ,  0.00 
 0.00 ,  0.00 ,  0.00 ,  0.00 ,  0.00 ,  0.00 ,  0.00 
 0.00 ,  0.00 ,  0.00 ,  0.00 ,  0.00 ,  0.00 ,  0.00 
 0.00 ,  0.00 ,  0.00 ,  0.00 ,  0.00 ,  0.00 ,  0.00 
71.39 ,  0.00 , 71.39 ,  0.00 ,  0.00 ,  0.00 ,  0.00 
214.17 ,  0.00 , 214.17 ,  0.00 ,  0.00 ,  0.00 ,  0.00 
713.91 ,  0.00 , 713.91 ,  0.00 ,  0.00 ,  0.00 ,  0.00 
499.74 ,  0.00 , 499.74 ,  0.00 ,  0.00 ,  0.00 ,  0.00 
499.74 ,  0.00 , 499.74 ,  0.00 ,  0.00 ,  0.00 ,  0.00 
428.35 ,  0.00 , 428.35 ,  0.00 ,  0.00 ,  0.00 ,  0.00 
428.35 ,  0.00 , 428.35 ,  0.00 ,  0.00 ,  0.00 ,  0.00 
356.95 ,  0.00 , 356.95 ,  0.00 ,  0.00 ,  0.00 ,  0.00 
356.95 ,  0.00 , 356.95 ,  0.00 ,  0.00 ,  0.00 ,  0.00 
285.56 ,  0.00 , 285.56 ,  0.00 ,  0.00 ,  0.00 ,  0.00 
214.17 ,  0.00 , 214.17 ,  0.00 , 463.01 ,  0.00 , 253.62 
285.56 ,  0.00 , 285.56 ,  0.00 , 465.68 ,  0.00 , 368.31 
285.56 ,  0.00 , 285.56 ,  0.00 , 460.84 ,  0.00 , 407.09 
356.95 ,  0.00 , 356.95 ,  0.00 , 450.45 ,  0.00 , 448.96 
499.74 ,  0.00 , 499.74 ,  0.00 , 438.38 ,  0.00 , 590.59 
428.35 ,  0.00 , 428.35 ,  0.00 , 425.02 ,  0.00 , 543.01 
428.35 ,  0.00 , 428.35 ,  0.00 , 411.65 ,  0.00 , 474.80 
356.95 ,  0.00 , 356.95 ,  0.00 , 399.73 ,  0.00 , 430.64 
356.95 ,  0.00 , 356.95 ,  0.00 ,  0.00 ,  0.00 ,  0.00 
71.39 ,  0.00 , 71.39 ,  0.00 ,  0.00 ,  0.00 ,  0.00 
 0.00 ,  0.00 ,  0.00 ,  0.00 ,  0.00 ,  0.00 ,  0.00 
 0.00 ,  0.00 ,  0.00 ,  0.00 ,  0.00 ,  0.00 ,  0.00 
 0.00 ,  0.00 ,  0.00 ,  0.00 ,  0.00 ,  0.00 ,  0.00 
 0.00 ,  0.00 ,  0.00 ,  0.00 ,  0.00 ,  0.00 ,  0.00 
71.39 ,  0.00 , 71.39 ,  0.00 ,  0.00 ,  0.00 ,  0.00 
214.17 ,  0.00 , 214.17 ,  0.00 ,  0.00 ,  0.00 ,  0.00 
713.91 ,  0.00 , 713.91 ,  0.00 ,  0.00 ,  0.00 ,  0.00 
499.74 ,  0.00 , 499.74 ,  0.00 ,  0.00 ,  0.00 ,  0.00 
499.74 ,  0.00 , 499.74 ,  0.00 ,  0.00 ,  0.00 ,  0.00 
428.35 ,  0.00 , 428.35 ,  0.00 ,  0.00 ,  0.00 ,  0.00 
428.35 ,  0.00 , 428.35 ,  0.00 ,  0.00 ,  0.00 ,  0.00 
356.95 ,  0.00 , 356.95 ,  0.00 ,  0.00 ,  0.00 ,  0.00 
356.95 ,  0.00 , 356.95 ,  0.00 ,  0.00 ,  0.00 ,  0.00 
285.56 ,  0.00 , 285.56 ,  0.00 ,  0.00 ,  0.00 ,  0.00 
214.17 ,  0.00 , 214.17 ,  0.00 , 514.78 ,  0.00 , 879.37 
285.56 ,  0.00 , 285.56 ,  0.00 , 508.13 ,  0.00 , 780.64 
285.56 ,  0.00 , 285.56 ,  0.00 , 501.88 ,  0.00 , 787.78 
356.95 ,  0.00 , 356.95 ,  0.00 , 491.33 ,  0.00 , 825.66 
499.74 ,  0.00 , 499.74 ,  0.00 , 486.71 ,  0.00 , 945.31 
428.35 ,  0.00 , 428.35 ,  0.00 , 464.40 ,  0.00 , 898.51 
428.35 ,  0.00 , 428.35 ,  0.00 , 451.87 ,  0.00 , 794.62 
356.95 ,  0.00 , 356.95 ,  0.00 , 439.50 ,  0.00 , 783.16 
356.95 ,  0.00 , 356.95 ,  0.00 ,  0.00 ,  0.00 ,  0.00 
71.39 ,  0.00 , 71.39 ,  0.00 ,  0.00 ,  0.00 ,  0.00 
 0.00 ,  0.00 ,  0.00 ,  0.00 ,  0.00 ,  0.00 ,  0.00 
 0.00 ,  0.00 ,  0.00 ,  0.00 ,  0.00 ,  0.00 ,  0.00 
 0.00 ,  0.00 ,  0.00 ,  0.00 ,  0.00 ,  0.00 ,  0.00 
 0.00 ,  0.00 ,  0.00 ,  0.00 ,  0.00 ,  0.00 ,  0.00 
71.39 ,  0.00 , 71.39 ,  0.00 ,  0.00 ,  0.00 ,  0.00 
214.17 ,  0.00 , 214.17 ,  0.00 ,  0.00 ,  0.00 ,  0.00 
713.91 ,  0.00 , 713.91 ,  0.00 ,  0.00 ,  0.00 ,  0.00 
499.74 ,  0.00 , 499.74 ,  0.00 ,  0.00 ,  0.00 ,  0.00 
499.74 ,  0.00 , 499.74 ,  0.00 ,  0.00 ,  0.00 ,  0.00 
428.35 ,  0.00 , 428.35 ,  0.00 ,  0.00 ,  0.00 ,  0.00 
428.35 ,  0.00 , 428.35 ,  0.00 ,  0.00 ,  0.00 ,  0.00 
356.95 ,  0.00 , 356.95 ,  0.00 ,  0.00 ,  0.00 ,  0.00 
356.95 ,  0.00 , 356.95 ,  0.00 ,  0.00 ,  0.00 ,  0.00 
285.56 ,  0.00 , 285.56 ,  0.00 ,  0.00 ,  0.00 ,  0.00 
214.17 ,  0.00 , 214.17 ,  0.00 , 866.07 ,  0.00 , 2839.99 
285.56 ,  0.00 , 285.56 ,  0.00 , 643.04 ,  0.00 , 1628.18 
285.56 ,  0.00 , 285.56 ,  0.00 , 630.34 ,  0.00 , 1597.22 
356.95 ,  0.00 , 356.95 ,  0.00 , 614.62 ,  0.00 , 1606.34 
499.74 ,  0.00 , 499.74 ,  0.00 , 606.11 ,  0.00 , 1729.56 
428.35 ,  0.00 , 428.35 ,  0.00 , 576.38 ,  0.00 , 1637.39 
428.35 ,  0.00 , 428.35 ,  0.00 , 548.82 ,  0.00 , 1541.62 
356.95 ,  0.00 , 356.95 ,  0.00 , 521.31 ,  0.00 , 1489.46 
356.95 ,  0.00 , 356.95 ,  0.00 ,  0.00 ,  0.00 ,  0.00 
71.39 ,  0.00 , 71.39 ,  0.00 ,  0.00 ,  0.00 ,  0.00 
 0.00 ,  0.00 ,  0.00 ,  0.00 ,  0.00 ,  0.00 ,  0.00 
 0.00 ,  0.00 ,  0.00 ,  0.00 ,  0.00 ,  0.00 ,  0.00 
 0.00 ,  0.00 ,  0.00 ,  0.00 ,  0.00 ,  0.00 ,  0.00 
 0.00 ,  0.00 ,  0.00 ,  0.00 ,  0.00 ,  0.00 ,  0.00 
71.39 ,  0.00 , 71.39 ,  0.00 ,  0.00 ,  0.00 ,  0.00 
214.17 ,  0.00 , 214.17 ,  0.00 ,  0.00 ,  0.00 ,  0.00 
713.91 ,  0.00 , 713.91 ,  0.00 ,  0.00 ,  0.00 ,  0.00 
499.74 ,  0.00 , 499.74 ,  0.00 ,  0.00 ,  0.00 ,  0.00 
499.74 ,  0.00 , 499.74 ,  0.00 ,  0.00 ,  0.00 ,  0.00 
428.35 ,  0.00 , 428.35 ,  0.00 ,  0.00 ,  0.00 ,  0.00 
428.35 ,  0.00 , 428.35 ,  0.00 ,  0.00 ,  0.00 ,  0.00 
356.95 ,  0.00 , 356.95 ,  0.00 ,  0.00 ,  0.00 ,  0.00 
356.95 ,  0.00 , 356.95 ,  0.00 ,  0.00 ,  0.00 ,  0.00 
285.56 ,  0.00 , 285.56 ,  0.00 ,  0.00 ,  0.00 ,  0.00 
214.17 ,  0.00 , 214.17 ,  0.00 , 1157.09 ,  0.00 , 4070.72 
285.56 ,  0.00 , 285.56 ,  0.00 , 713.44 ,  0.00 , 2090.71 
285.56 ,  0.00 , 285.56 ,  0.00 , 690.65 ,  0.00 , 2002.10 
356.95 ,  0.00 , 356.95 ,  0.00 , 666.13 ,  0.00 , 1966.81 
499.74 ,  0.00 , 499.74 ,  0.00 , 657.91 ,  0.00 , 2031.74 
428.35 ,  0.00 , 428.35 ,  0.00 , 612.90 ,  0.00 , 1915.16 
428.35 ,  0.00 , 428.35 ,  0.00 , 576.78 ,  0.00 , 1775.49 
356.95 ,  0.00 , 356.95 ,  0.00 , 544.13 ,  0.00 , 1705.02 
356.95 ,  0.00 , 356.95 ,  0.00 ,  0.00 ,  0.00 ,  0.00 
71.39 ,  0.00 , 71.39 ,  0.00 ,  0.00 ,  0.00 ,  0.00 
 0.00 ,  0.00 ,  0.00 ,  0.00 ,  0.00 ,  0.00 ,  0.00 
 0.00 ,  0.00 ,  0.00 ,  0.00 ,  0.00 ,  0.00 ,  0.00 
 0.00 ,  0.00 ,  0.00 ,  0.00 ,  0.00 ,  0.00 ,  0.00 
 0.00 ,  0.00 ,  0.00 ,  0.00 ,  0.00 ,  0.00 ,  0.00 
71.39 ,  0.00 , 71.39 ,  0.00 ,  0.00 ,  0.00 ,  0.00 
214.17 ,  0.00 , 214.17 ,  0.00 ,  0.00 ,  0.00 ,  0.00 
713.91 ,  0.00 , 713.91 ,  0.00 ,  0.00 ,  0.00 ,  0.00 
499.74 ,  0.00 , 499.74 ,  0.00 ,  0.00 ,  0.00 ,  0.00 
499.74 ,  0.00 , 499.74 ,  0.00 ,  0.00 ,  0.00 ,  0.00 
428.35 ,  0.00 , 428.35 ,  0.00 ,  0.00 ,  0.00 ,  0.00 
428.35 ,  0.00 , 428.35 ,  0.00 ,  0.00 ,  0.00 ,  0.00 
356.95 ,  0.00 , 356.95 ,  0.00 ,  0.00 ,  0.00 ,  0.00 
356.95 ,  0.00 , 356.95 ,  0.00 ,  0.00 ,  0.00 ,  0.00 
285.56 ,  0.00 , 285.56 ,  0.00 ,  0.00 ,  0.00 ,  0.00 
214.17 ,  0.00 , 214.17 ,  0.00 , 874.04 ,  0.00 , 3217.62 
285.56 ,  0.00 , 285.56 ,  0.00 , 608.76 ,  0.00 , 1758.91 
285.56 ,  0.00 , 285.56 ,  0.00 , 592.89 ,  0.00 , 1711.11 
356.95 ,  0.00 , 356.95 ,  0.00 , 573.75 ,  0.00 , 1695.69 
499.74 ,  0.00 , 499.74 ,  0.00 , 560.03 ,  0.00 , 1784.75 
428.35 ,  0.00 , 428.35 ,  0.00 , 531.44 ,  0.00 , 1684.63 
428.35 ,  0.00 , 428.35 ,  0.00 , 511.72 ,  0.00 , 1583.14 
356.95 ,  0.00 , 356.95 ,  0.00 , 499.76 ,  0.00 , 1544.00 
356.95 ,  0.00 , 356.95 ,  0.00 ,  0.00 ,  0.00 ,  0.00 
71.39 ,  0.00 , 71.39 ,  0.00 ,  0.00 ,  0.00 ,  0.00 
 0.00 ,  0.00 ,  0.00 ,  0.00 ,  0.00 ,  0.00 ,  0.00 
 0.00 ,  0.00 ,  0.00 ,  0.00 ,  0.00 ,  0.00 ,  0.00 
 0.00 ,  0.00 ,  0.00 ,  0.00 ,  0.00 ,  0.00 ,  0.00 
 0.00 ,  0.00 ,  0.00 ,  0.00 ,  0.00 ,  0.00 ,  0.00 
71.39 ,  0.00 , 71.39 ,  0.00 ,  0.00 ,  0.00 ,  0.00 
214.17 ,  0.00 , 214.17 ,  0.00 ,  0.00 ,  0.00 ,  0.00 
713.91 ,  0.00 , 713.91 ,  0.00 ,  0.00 ,  0.00 ,  0.00 
499.74 ,  0.00 , 499.74 ,  0.00 ,  0.00 ,  0.00 ,  0.00 
499.74 ,  0.00 , 499.74 ,  0.00 ,  0.00 ,  0.00 ,  0.00 
428.35 ,  0.00 , 428.35 ,  0.00 ,  0.00 ,  0.00 ,  0.00 
428.35 ,  0.00 , 428.35 ,  0.00 ,  0.00 ,  0.00 ,  0.00 
356.95 ,  0.00 , 356.95 ,  0.00 ,  0.00 ,  0.00 ,  0.00 
356.95 ,  0.00 , 356.95 ,  0.00 ,  0.00 ,  0.00 ,  0.00 
285.56 ,  0.00 , 285.56 ,  0.00 ,  0.00 ,  0.00 ,  0.00 
214.17 ,  0.00 , 214.17 ,  0.00 , 1849.25 ,  0.00 , 6535.45 
285.56 ,  0.00 , 285.56 ,  0.00 , 960.68 ,  0.00 , 3073.38 
285.56 ,  0.00 , 285.56 ,  0.00 , 933.55 ,  0.00 , 3023.92 
356.95 ,  0.00 , 356.95 ,  0.00 , 911.75 ,  0.00 , 3003.28 
499.74 ,  0.00 , 499.74 ,  0.00 , 900.12 ,  0.00 , 3144.25 
428.35 ,  0.00 , 428.35 ,  0.00 , 842.93 ,  0.00 , 3005.44 
428.35 ,  0.00 , 428.35 ,  0.00 , 790.17 ,  0.00 , 2873.10 
356.95 ,  0.00 , 356.95 ,  0.00 , 762.57 ,  0.00 , 2799.71 
356.95 ,  0.00 , 356.95 ,  0.00 ,  0.00 ,  0.00 ,  0.00 
71.39 ,  0.00 , 71.39 ,  0.00 ,  0.00 ,  0.00 ,  0.00 
 0.00 ,  0.00 ,  0.00 ,  0.00 , 469.68 ,  0.00 , 813.75 
 0.00 ,  0.00 ,  0.00 ,  0.00 , 456.23 ,  0.00 , 836.32 
 0.00 ,  0.00 ,  0.00 ,  0.00 , 430.47 ,  0.00 , 419.34 
 0.00 ,  0.00 ,  0.00 ,  0.00 ,  0.00 ,  0.00 ,  0.00 
71.39 ,  0.00 , 71.39 ,  0.00 ,  0.00 ,  0.00 ,  0.00 
214.17 ,  0.00 , 214.17 ,  0.00 ,  0.00 ,  0.00 ,  0.00 
713.91 ,  0.00 , 713.91 ,  0.00 ,  0.00 ,  0.00 ,  0.00 
499.74 ,  0.00 , 499.74 ,  0.00 ,  0.00 ,  0.00 ,  0.00 
499.74 ,  0.00 , 499.74 ,  0.00 ,  0.00 ,  0.00 ,  0.00 
428.35 ,  0.00 , 428.35 ,  0.00 ,  0.00 ,  0.00 ,  0.00 
428.35 ,  0.00 , 428.35 ,  0.00 ,  0.00 ,  0.00 ,  0.00 
356.95 ,  0.00 , 356.95 ,  0.00 ,  0.00 ,  0.00 ,  0.00 
356.95 ,  0.00 , 356.95 ,  0.00 ,  0.00 ,  0.00 ,  0.00 
285.56 ,  0.00 , 285.56 ,  0.00 ,  0.00 ,  0.00 ,  0.00 
214.17 ,  0.00 , 214.17 ,  0.00 , 2099.34 ,  0.00 , 7551.52 
285.56 ,  0.00 , 285.56 ,  0.00 , 1058.46 ,  0.00 , 3544.24 
285.56 ,  0.00 , 285.56 ,  0.00 , 1018.87 ,  0.00 , 3445.30 
356.95 ,  0.00 , 356.95 ,  0.00 , 979.68 ,  0.00 , 3346.92 
499.74 ,  0.00 , 499.74 ,  0.00 , 956.58 ,  0.00 , 3446.97 
428.35 ,  0.00 , 428.35 ,  0.00 , 887.25 ,  0.00 , 3272.44 
428.35 ,  0.00 , 428.35 ,  0.00 , 825.55 ,  0.00 , 3110.23 
356.95 ,  0.00 , 356.95 ,  0.00 , 766.62 ,  0.00 , 2992.73 
356.95 ,  0.00 , 356.95 ,  0.00 ,  0.00 ,  0.00 ,  0.00 
71.39 ,  0.00 , 71.39 ,  0.00 ,  0.00 ,  0.00 ,  0.00 
 0.00 ,  0.00 ,  0.00 ,  0.00 , 435.53 ,  0.00 , 395.26 
 0.00 ,  0.00 ,  0.00 ,  0.00 , 425.87 ,  0.00 , 381.72 
 0.00 ,  0.00 ,  0.00 ,  0.00 ,  0.00 ,  0.00 ,  0.00 
 0.00 ,  0.00 ,  0.00 ,  0.00 ,  0.00 ,  0.00 ,  0.00 
71.39 ,  0.00 , 71.39 ,  0.00 ,  0.00 ,  0.00 ,  0.00 
214.17 ,  0.00 , 214.17 ,  0.00 ,  0.00 ,  0.00 ,  0.00 
713.91 ,  0.00 , 713.91 ,  0.00 ,  0.00 ,  0.00 ,  0.00 
499.74 ,  0.00 , 499.74 ,  0.00 ,  0.00 ,  0.00 ,  0.00 
499.74 ,  0.00 , 499.74 ,  0.00 ,  0.00 ,  0.00 ,  0.00 
428.35 ,  0.00 , 428.35 ,  0.00 ,  0.00 ,  0.00 ,  0.00 
428.35 ,  0.00 , 428.35 ,  0.00 ,  0.00 ,  0.00 ,  0.00 
356.95 ,  0.00 , 356.95 ,  0.00 ,  0.00 ,  0.00 ,  0.00 
356.95 ,  0.00 , 356.95 ,  0.00 ,  0.00 ,  0.00 ,  0.00 
285.56 ,  0.00 , 285.56 ,  0.00 ,  0.00 ,  0.00 ,  0.00 
214.17 ,  0.00 , 214.17 ,  0.00 , 1988.51 ,  0.00 , 6977.67 
285.56 ,  0.00 , 285.56 ,  0.00 , 1024.30 ,  0.00 , 3412.74 
285.56 ,  0.00 , 285.56 ,  0.00 , 977.64 ,  0.00 , 3266.43 
356.95 ,  0.00 , 356.95 ,  0.00 , 928.57 ,  0.00 , 3185.35 
499.74 ,  0.00 , 499.74 ,  0.00 , 895.47 ,  0.00 , 3236.16 
428.35 ,  0.00 , 428.35 ,  0.00 , 832.13 ,  0.00 , 3076.07 
428.35 ,  0.00 , 428.35 ,  0.00 , 776.50 ,  0.00 , 2929.30 
356.95 ,  0.00 , 356.95 ,  0.00 , 731.41 ,  0.00 , 2813.81 
356.95 ,  0.00 , 356.95 ,  0.00 ,  0.00 ,  0.00 ,  0.00 
71.39 ,  0.00 , 71.39 ,  0.00 ,  0.00 ,  0.00 ,  0.00 
 0.00 ,  0.00 ,  0.00 ,  0.00 ,  0.00 ,  0.00 ,  0.00 
 0.00 ,  0.00 ,  0.00 ,  0.00 ,  0.00 ,  0.00 ,  0.00 
 0.00 ,  0.00 ,  0.00 ,  0.00 ,  0.00 ,  0.00 ,  0.00 
 0.00 ,  0.00 ,  0.00 ,  0.00 ,  0.00 ,  0.00 ,  0.00 
71.39 ,  0.00 , 71.39 ,  0.00 ,  0.00 ,  0.00 ,  0.00 
214.17 ,  0.00 , 214.17 ,  0.00 ,  0.00 ,  0.00 ,  0.00 
713.91 ,  0.00 , 713.91 ,  0.00 ,  0.00 ,  0.00 ,  0.00 
499.74 ,  0.00 , 499.74 ,  0.00 ,  0.00 ,  0.00 ,  0.00 
499.74 ,  0.00 , 499.74 ,  0.00 ,  0.00 ,  0.00 ,  0.00 
428.35 ,  0.00 , 428.35 ,  0.00 ,  0.00 ,  0.00 ,  0.00 
428.35 ,  0.00 , 428.35 ,  0.00 ,  0.00 ,  0.00 ,  0.00 
356.95 ,  0.00 , 356.95 ,  0.00 ,  0.00 ,  0.00 ,  0.00 
356.95 ,  0.00 , 356.95 ,  0.00 ,  0.00 ,  0.00 ,  0.00 
285.56 ,  0.00 , 285.56 ,  0.00 ,  0.00 ,  0.00 ,  0.00 
214.17 ,  0.00 , 214.17 ,  0.00 , 1764.89 ,  0.00 , 6591.18 
285.56 ,  0.00 , 285.56 ,  0.00 , 918.32 ,  0.00 , 3221.28 
285.56 ,  0.00 , 285.56 ,  0.00 , 879.97 ,  0.00 , 3092.87 
356.95 ,  0.00 , 356.95 ,  0.00 , 834.39 ,  0.00 , 3000.81 
499.74 ,  0.00 , 499.74 ,  0.00 , 810.11 ,  0.00 , 3010.23 
428.35 ,  0.00 , 428.35 ,  0.00 , 754.07 ,  0.00 , 2845.28 
428.35 ,  0.00 , 428.35 ,  0.00 , 706.55 ,  0.00 , 2707.32 
356.95 ,  0.00 , 356.95 ,  0.00 , 666.43 ,  0.00 , 2594.88 
356.95 ,  0.00 , 356.95 ,  0.00 ,  0.00 ,  0.00 ,  0.00 
71.39 ,  0.00 , 71.39 ,  0.00 ,  0.00 ,  0.00 ,  0.00 
 0.00 ,  0.00 ,  0.00 ,  0.00 ,  0.00 ,  0.00 ,  0.00 
 0.00 ,  0.00 ,  0.00 ,  0.00 ,  0.00 ,  0.00 ,  0.00 
 0.00 ,  0.00 ,  0.00 ,  0.00 ,  0.00 ,  0.00 ,  0.00 
 0.00 ,  0.00 ,  0.00 ,  0.00 ,  0.00 ,  0.00 ,  0.00 
71.39 ,  0.00 , 71.39 ,  0.00 ,  0.00 ,  0.00 ,  0.00 
214.17 ,  0.00 , 214.17 ,  0.00 ,  0.00 ,  0.00 ,  0.00 
713.91 ,  0.00 , 713.91 ,  0.00 ,  0.00 ,  0.00 ,  0.00 
499.74 ,  0.00 , 499.74 ,  0.00 ,  0.00 ,  0.00 ,  0.00 
499.74 ,  0.00 , 499.74 ,  0.00 ,  0.00 ,  0.00 ,  0.00 
428.35 ,  0.00 , 428.35 ,  0.00 ,  0.00 ,  0.00 ,  0.00 
428.35 ,  0.00 , 428.35 ,  0.00 ,  0.00 ,  0.00 ,  0.00 
356.95 ,  0.00 , 356.95 ,  0.00 ,  0.00 ,  0.00 ,  0.00 
356.95 ,  0.00 , 356.95 ,  0.00 ,  0.00 ,  0.00 ,  0.00 
285.56 ,  0.00 , 285.56 ,  0.00 ,  0.00 ,  0.00 ,  0.00 
214.17 ,  0.00 , 214.17 ,  0.00 , 1497.09 ,  0.00 , 5482.70 
285.56 ,  0.00 , 285.56 ,  0.00 , 817.17 ,  0.00 , 2724.27 
285.56 ,  0.00 , 285.56 ,  0.00 , 783.19 ,  0.00 , 2600.59 
356.95 ,  0.00 , 356.95 ,  0.00 , 757.45 ,  0.00 , 2523.12 
499.74 ,  0.00 , 499.74 ,  0.00 , 736.31 ,  0.00 , 2585.67 
428.35 ,  0.00 , 428.35 ,  0.00 , 688.10 ,  0.00 , 2440.46 
428.35 ,  0.00 , 428.35 ,  0.00 , 633.71 ,  0.00 , 2294.12 
356.95 ,  0.00 , 356.95 ,  0.00 , 585.90 ,  0.00 , 2152.86 
356.95 ,  0.00 , 356.95 ,  0.00 ,  0.00 ,  0.00 ,  0.00 
71.39 ,  0.00 , 71.39 ,  0.00 ,  0.00 ,  0.00 ,  0.00 
 0.00 ,  0.00 ,  0.00 ,  0.00 ,  0.00 ,  0.00 ,  0.00 
 0.00 ,  0.00 ,  0.00 ,  0.00 ,  0.00 ,  0.00 ,  0.00 
 0.00 ,  0.00 ,  0.00 ,  0.00 ,  0.00 ,  0.00 ,  0.00 
 0.00 ,  0.00 ,  0.00 ,  0.00 ,  0.00 ,  0.00 ,  0.00 
71.39 ,  0.00 , 71.39 ,  0.00 ,  0.00 ,  0.00 ,  0.00 
214.17 ,  0.00 , 214.17 ,  0.00 ,  0.00 ,  0.00 ,  0.00 
713.91 ,  0.00 , 713.91 ,  0.00 ,  0.00 ,  0.00 ,  0.00 
499.74 ,  0.00 , 499.74 ,  0.00 ,  0.00 ,  0.00 ,  0.00 
499.74 ,  0.00 , 499.74 ,  0.00 ,  0.00 ,  0.00 ,  0.00 
428.35 ,  0.00 , 428.35 ,  0.00 ,  0.00 ,  0.00 ,  0.00 
428.35 ,  0.00 , 428.35 ,  0.00 ,  0.00 ,  0.00 ,  0.00 
356.95 ,  0.00 , 356.95 ,  0.00 ,  0.00 ,  0.00 ,  0.00 
356.95 ,  0.00 , 356.95 ,  0.00 ,  0.00 ,  0.00 ,  0.00 
285.56 ,  0.00 , 285.56 ,  0.00 ,  0.00 ,  0.00 ,  0.00 
214.17 ,  0.00 , 214.17 ,  0.00 , 911.52 ,  0.00 , 3639.96 
285.56 ,  0.00 , 285.56 ,  0.00 , 597.05 ,  0.00 , 1899.12 
285.56 ,  0.00 , 285.56 ,  0.00 , 579.49 ,  0.00 , 1834.26 
356.95 ,  0.00 , 356.95 ,  0.00 , 565.00 ,  0.00 , 1792.68 
499.74 ,  0.00 , 499.74 ,  0.00 , 551.74 ,  0.00 , 1884.53 
428.35 ,  0.00 , 428.35 ,  0.00 , 521.63 ,  0.00 , 1769.18 
428.35 ,  0.00 , 428.35 ,  0.00 , 500.12 ,  0.00 , 1644.62 
356.95 ,  0.00 , 356.95 ,  0.00 , 486.82 ,  0.00 , 1587.80 
356.95 ,  0.00 , 356.95 ,  0.00 ,  0.00 ,  0.00 ,  0.00 
71.39 ,  0.00 , 71.39 ,  0.00 ,  0.00 ,  0.00 ,  0.00 
 0.00 ,  0.00 ,  0.00 ,  0.00 ,  0.00 ,  0.00 ,  0.00 
 0.00 ,  0.00 ,  0.00 ,  0.00 ,  0.00 ,  0.00 ,  0.00 
 0.00 ,  0.00 ,  0.00 ,  0.00 ,  0.00 ,  0.00 ,  0.00 
 0.00 ,  0.00 ,  0.00 ,  0.00 ,  0.00 ,  0.00 ,  0.00 
71.39 ,  0.00 , 71.39 ,  0.00 ,  0.00 ,  0.00 ,  0.00 
214.17 ,  0.00 , 214.17 ,  0.00 ,  0.00 ,  0.00 ,  0.00 
713.91 ,  0.00 , 713.91 ,  0.00 ,  0.00 ,  0.00 ,  0.00 
499.74 ,  0.00 , 499.74 ,  0.00 ,  0.00 ,  0.00 ,  0.00 
499.74 ,  0.00 , 499.74 ,  0.00 ,  0.00 ,  0.00 ,  0.00 
428.35 ,  0.00 , 428.35 ,  0.00 ,  0.00 ,  0.00 ,  0.00 
428.35 ,  0.00 , 428.35 ,  0.00 ,  0.00 ,  0.00 ,  0.00 
356.95 ,  0.00 , 356.95 ,  0.00 ,  0.00 ,  0.00 ,  0.00 
356.95 ,  0.00 , 356.95 ,  0.00 ,  0.00 ,  0.00 ,  0.00 
285.56 ,  0.00 , 285.56 ,  0.00 ,  0.00 ,  0.00 ,  0.00 
214.17 ,  0.00 , 214.17 ,  0.00 , 1157.51 ,  0.00 , 4323.49 
285.56 ,  0.00 , 285.56 ,  0.00 , 712.70 ,  0.00 , 2266.22 
285.56 ,  0.00 , 285.56 ,  0.00 , 691.10 ,  0.00 , 2189.12 
356.95 ,  0.00 , 356.95 ,  0.00 , 664.79 ,  0.00 , 2148.95 
499.74 ,  0.00 , 499.74 ,  0.00 , 656.51 ,  0.00 , 2218.01 
428.35 ,  0.00 , 428.35 ,  0.00 , 620.74 ,  0.00 , 2108.49 
428.35 ,  0.00 , 428.35 ,  0.00 , 587.51 ,  0.00 , 1998.33 
356.95 ,  0.00 , 356.95 ,  0.00 , 568.67 ,  0.00 , 1920.98 
356.95 ,  0.00 , 356.95 ,  0.00 ,  0.00 ,  0.00 ,  0.00 
71.39 ,  0.00 , 71.39 ,  0.00 ,  0.00 ,  0.00 ,  0.00 
 0.00 ,  0.00 ,  0.00 ,  0.00 ,  0.00 ,  0.00 ,  0.00 
 0.00 ,  0.00 ,  0.00 ,  0.00 ,  0.00 ,  0.00 ,  0.00 
 0.00 ,  0.00 ,  0.00 ,  0.00 ,  0.00 ,  0.00 ,  0.00 
 0.00 ,  0.00 ,  0.00 ,  0.00 ,  0.00 ,  0.00 ,  0.00 
71.39 ,  0.00 , 71.39 ,  0.00 ,  0.00 ,  0.00 ,  0.00 
214.17 ,  0.00 , 214.17 ,  0.00 ,  0.00 ,  0.00 ,  0.00 
713.91 ,  0.00 , 713.91 ,  0.00 ,  0.00 ,  0.00 ,  0.00 
499.74 ,  0.00 , 499.74 ,  0.00 ,  0.00 ,  0.00 ,  0.00 
499.74 ,  0.00 , 499.74 ,  0.00 ,  0.00 ,  0.00 ,  0.00 
428.35 ,  0.00 , 428.35 ,  0.00 ,  0.00 ,  0.00 ,  0.00 
428.35 ,  0.00 , 428.35 ,  0.00 ,  0.00 ,  0.00 ,  0.00 
356.95 ,  0.00 , 356.95 ,  0.00 ,  0.00 ,  0.00 ,  0.00 
356.95 ,  0.00 , 356.95 ,  0.00 ,  0.00 ,  0.00 ,  0.00 
285.56 ,  0.00 , 285.56 ,  0.00 ,  0.00 ,  0.00 ,  0.00 
214.17 ,  0.00 , 214.17 ,  0.00 , 1586.76 ,  0.00 , 5765.40 
285.56 ,  0.00 , 285.56 ,  0.00 , 877.09 ,  0.00 , 2944.42 
285.56 ,  0.00 , 285.56 ,  0.00 , 843.92 ,  0.00 , 2828.95 
356.95 ,  0.00 , 356.95 ,  0.00 , 806.44 ,  0.00 , 2761.37 
499.74 ,  0.00 , 499.74 ,  0.00 , 784.73 ,  0.00 , 2836.52 
428.35 ,  0.00 , 428.35 ,  0.00 , 734.57 ,  0.00 , 2699.77 
428.35 ,  0.00 , 428.35 ,  0.00 , 690.77 ,  0.00 , 2581.97 
356.95 ,  0.00 , 356.95 ,  0.00 , 656.53 ,  0.00 , 2497.61 
356.95 ,  0.00 , 356.95 ,  0.00 ,  0.00 ,  0.00 ,  0.00 
71.39 ,  0.00 , 71.39 ,  0.00 ,  0.00 ,  0.00 ,  0.00 
 0.00 ,  0.00 ,  0.00 ,  0.00 ,  0.00 ,  0.00 ,  0.00 
 0.00 ,  0.00 ,  0.00 ,  0.00 ,  0.00 ,  0.00 ,  0.00 
 0.00 ,  0.00 ,  0.00 ,  0.00 ,  0.00 ,  0.00 ,  0.00 
 0.00 ,  0.00 ,  0.00 ,  0.00 ,  0.00 ,  0.00 ,  0.00 
71.39 ,  0.00 , 71.39 ,  0.00 ,  0.00 ,  0.00 ,  0.00 
214.17 ,  0.00 , 214.17 ,  0.00 ,  0.00 ,  0.00 ,  0.00 
713.91 ,  0.00 , 713.91 ,  0.00 ,  0.00 ,  0.00 ,  0.00 
499.74 ,  0.00 , 499.74 ,  0.00 ,  0.00 ,  0.00 ,  0.00 
499.74 ,  0.00 , 499.74 ,  0.00 ,  0.00 ,  0.00 ,  0.00 
428.35 ,  0.00 , 428.35 ,  0.00 ,  0.00 ,  0.00 ,  0.00 
428.35 ,  0.00 , 428.35 ,  0.00 ,  0.00 ,  0.00 ,  0.00 
356.95 ,  0.00 , 356.95 ,  0.00 ,  0.00 ,  0.00 ,  0.00 
356.95 ,  0.00 , 356.95 ,  0.00 ,  0.00 ,  0.00 ,  0.00 
285.56 ,  0.00 , 285.56 ,  0.00 ,  0.00 ,  0.00 ,  0.00 
214.17 ,  0.00 , 214.17 ,  0.00 , 1976.94 ,  0.00 , 7273.22 
285.56 ,  0.00 , 285.56 ,  0.00 , 982.34 ,  0.00 , 3368.95 
285.56 ,  0.00 , 285.56 ,  0.00 , 939.66 ,  0.00 , 3248.25 
356.95 ,  0.00 , 356.95 ,  0.00 , 908.38 ,  0.00 , 3179.96 
499.74 ,  0.00 , 499.74 ,  0.00 , 901.10 ,  0.00 , 3280.50 
428.35 ,  0.00 , 428.35 ,  0.00 , 846.08 ,  0.00 , 3162.30 
428.35 ,  0.00 , 428.35 ,  0.00 , 777.90 ,  0.00 , 3010.98 
356.95 ,  0.00 , 356.95 ,  0.00 , 727.53 ,  0.00 , 2858.35 
356.95 ,  0.00 , 356.95 ,  0.00 ,  0.00 ,  0.00 ,  0.00 
71.39 ,  0.00 , 71.39 ,  0.00 ,  0.00 ,  0.00 ,  0.00 
 0.00 ,  0.00 ,  0.00 ,  0.00 ,  0.00 ,  0.00 ,  0.00 
 0.00 ,  0.00 ,  0.00 ,  0.00 ,  0.00 ,  0.00 ,  0.00 
 0.00 ,  0.00 ,  0.00 ,  0.00 ,  0.00 ,  0.00 ,  0.00 
 0.00 ,  0.00 ,  0.00 ,  0.00 ,  0.00 ,  0.00 ,  0.00 
71.39 ,  0.00 , 71.39 ,  0.00 ,  0.00 ,  0.00 ,  0.00 
214.17 ,  0.00 , 214.17 ,  0.00 ,  0.00 ,  0.00 ,  0.00 
713.91 ,  0.00 , 713.91 ,  0.00 ,  0.00 ,  0.00 ,  0.00 
499.74 ,  0.00 , 499.74 ,  0.00 ,  0.00 ,  0.00 ,  0.00 
499.74 ,  0.00 , 499.74 ,  0.00 ,  0.00 ,  0.00 ,  0.00 
428.35 ,  0.00 , 428.35 ,  0.00 ,  0.00 ,  0.00 ,  0.00 
428.35 ,  0.00 , 428.35 ,  0.00 ,  0.00 ,  0.00 ,  0.00 
356.95 ,  0.00 , 356.95 ,  0.00 ,  0.00 ,  0.00 ,  0.00 
356.95 ,  0.00 , 356.95 ,  0.00 ,  0.00 ,  0.00 ,  0.00 
285.56 ,  0.00 , 285.56 ,  0.00 ,  0.00 ,  0.00 ,  0.00 
214.17 ,  0.00 , 214.17 ,  0.00 , 1606.24 ,  0.00 , 6070.66 
285.56 ,  0.00 , 285.56 ,  0.00 , 853.75 ,  0.00 , 2996.09 
285.56 ,  0.00 , 285.56 ,  0.00 , 816.02 ,  0.00 , 2858.11 
356.95 ,  0.00 , 356.95 ,  0.00 , 786.33 ,  0.00 , 2768.00 
499.74 ,  0.00 , 499.74 ,  0.00 , 765.71 ,  0.00 , 2849.93 
428.35 ,  0.00 , 428.35 ,  0.00 , 715.56 ,  0.00 , 2709.26 
428.35 ,  0.00 , 428.35 ,  0.00 , 677.83 ,  0.00 , 2557.51 
356.95 ,  0.00 , 356.95 ,  0.00 , 645.29 ,  0.00 , 2479.83 
356.95 ,  0.00 , 356.95 ,  0.00 ,  0.00 ,  0.00 ,  0.00 
71.39 ,  0.00 , 71.39 ,  0.00 ,  0.00 ,  0.00 ,  0.00 
 0.00 ,  0.00 ,  0.00 ,  0.00 ,  0.00 ,  0.00 ,  0.00 
 0.00 ,  0.00 ,  0.00 ,  0.00 ,  0.00 ,  0.00 ,  0.00 
 0.00 ,  0.00 ,  0.00 ,  0.00 ,  0.00 ,  0.00 ,  0.00 
 0.00 ,  0.00 ,  0.00 ,  0.00 ,  0.00 ,  0.00 ,  0.00 
71.39 ,  0.00 , 71.39 ,  0.00 ,  0.00 ,  0.00 ,  0.00 
214.17 ,  0.00 , 214.17 ,  0.00 ,  0.00 ,  0.00 ,  0.00 
713.91 ,  0.00 , 713.91 ,  0.00 ,  0.00 ,  0.00 ,  0.00 
499.74 ,  0.00 , 499.74 ,  0.00 ,  0.00 ,  0.00 ,  0.00 
499.74 ,  0.00 , 499.74 ,  0.00 ,  0.00 ,  0.00 ,  0.00 
428.35 ,  0.00 , 428.35 ,  0.00 ,  0.00 ,  0.00 ,  0.00 
428.35 ,  0.00 , 428.35 ,  0.00 ,  0.00 ,  0.00 ,  0.00 
356.95 ,  0.00 , 356.95 ,  0.00 ,  0.00 ,  0.00 ,  0.00 
356.95 ,  0.00 , 356.95 ,  0.00 ,  0.00 ,  0.00 ,  0.00 
285.56 ,  0.00 , 285.56 ,  0.00 ,  0.00 ,  0.00 ,  0.00 
214.17 ,  0.00 , 214.17 ,  0.00 , 1790.84 ,  0.00 , 6136.00 
285.56 ,  0.00 , 285.56 ,  0.00 , 949.57 ,  0.00 , 3045.21 
285.56 ,  0.00 , 285.56 ,  0.00 , 907.38 ,  0.00 , 2904.17 
356.95 ,  0.00 , 356.95 ,  0.00 , 848.89 ,  0.00 , 2815.35 
499.74 ,  0.00 , 499.74 ,  0.00 , 820.92 ,  0.00 , 2798.66 
428.35 ,  0.00 , 428.35 ,  0.00 , 754.99 ,  0.00 , 2646.68 
428.35 ,  0.00 , 428.35 ,  0.00 , 703.66 ,  0.00 , 2489.42 
356.95 ,  0.00 , 356.95 ,  0.00 , 655.64 ,  0.00 , 2384.16 
356.95 ,  0.00 , 356.95 ,  0.00 ,  0.00 ,  0.00 ,  0.00 
69.65 ,  0.00 , 69.65 ,  0.00 ,  0.00 ,  0.00 ,  0.00 
 0.00 ,  0.00 ,  0.00 ,  0.00 ,  0.00 ,  0.00 ,  0.00 
 0.00 ,  0.00 ,  0.00 ,  0.00 ,  0.00 ,  0.00 ,  0.00 
 0.00 ,  0.00 ,  0.00 ,  0.00 ,  0.00 ,  0.00 ,  0.00 
 0.00 ,  0.00 ,  0.00 ,  0.00 ,  0.00 ,  0.00 ,  0.00 
69.65 ,  0.00 , 69.65 ,  0.00 ,  0.00 ,  0.00 ,  0.00 
208.95 ,  0.00 , 208.95 ,  0.00 ,  0.00 ,  0.00 ,  0.00 
696.49 ,  0.00 , 696.49 ,  0.00 ,  0.00 ,  0.00 ,  0.00 
487.54 ,  0.00 , 487.54 ,  0.00 ,  0.00 ,  0.00 ,  0.00 
487.54 ,  0.00 , 487.54 ,  0.00 ,  0.00 ,  0.00 ,  0.00 
417.90 ,  0.00 , 417.90 ,  0.00 ,  0.00 ,  0.00 ,  0.00 
417.90 ,  0.00 , 417.90 ,  0.00 ,  0.00 ,  0.00 ,  0.00 
348.25 ,  0.00 , 348.25 ,  0.00 ,  0.00 ,  0.00 ,  0.00 
348.25 ,  0.00 , 348.25 ,  0.00 ,  0.00 ,  0.00 ,  0.00 
278.60 ,  0.00 , 278.60 ,  0.00 ,  0.00 ,  0.00 ,  0.00 
208.95 ,  0.00 , 208.95 ,  0.00 , 1420.08 ,  0.00 , 4950.23 
278.60 ,  0.00 , 278.60 ,  0.00 , 799.86 ,  0.00 , 2502.46 
278.60 ,  0.00 , 278.60 ,  0.00 , 767.98 ,  0.00 , 2395.22 
348.25 ,  0.00 , 348.25 ,  0.00 , 732.87 ,  0.00 , 2331.92 
487.54 ,  0.00 , 487.54 ,  0.00 , 707.12 ,  0.00 , 2368.41 
417.90 ,  0.00 , 417.90 ,  0.00 , 652.42 ,  0.00 , 2232.14 
417.90 ,  0.00 , 417.90 ,  0.00 , 599.53 ,  0.00 , 2075.58 
348.25 ,  0.00 , 348.25 ,  0.00 , 556.58 ,  0.00 , 1952.01 
348.25 ,  0.00 , 348.25 ,  0.00 ,  0.00 ,  0.00 ,  0.00 
69.65 ,  0.00 , 69.65 ,  0.00 ,  0.00 ,  0.00 ,  0.00 
 0.00 ,  0.00 ,  0.00 ,  0.00 ,  0.00 ,  0.00 ,  0.00 
 0.00 ,  0.00 ,  0.00 ,  0.00 ,  0.00 ,  0.00 ,  0.00 
 0.00 ,  0.00 ,  0.00 ,  0.00 ,  0.00 ,  0.00 ,  0.00 
 0.00 ,  0.00 ,  0.00 ,  0.00 ,  0.00 ,  0.00 ,  0.00 
69.65 ,  0.00 , 69.65 ,  0.00 ,  0.00 ,  0.00 ,  0.00 
208.95 ,  0.00 , 208.95 ,  0.00 ,  0.00 ,  0.00 ,  0.00 
696.49 ,  0.00 , 696.49 ,  0.00 ,  0.00 ,  0.00 ,  0.00 
487.54 ,  0.00 , 487.54 ,  0.00 ,  0.00 ,  0.00 ,  0.00 
487.54 ,  0.00 , 487.54 ,  0.00 ,  0.00 ,  0.00 ,  0.00 
417.90 ,  0.00 , 417.90 ,  0.00 ,  0.00 ,  0.00 ,  0.00 
417.90 ,  0.00 , 417.90 ,  0.00 ,  0.00 ,  0.00 ,  0.00 
348.25 ,  0.00 , 348.25 ,  0.00 ,  0.00 ,  0.00 ,  0.00 
348.25 ,  0.00 , 348.25 ,  0.00 ,  0.00 ,  0.00 ,  0.00 
278.60 ,  0.00 , 278.60 ,  0.00 ,  0.00 ,  0.00 ,  0.00 
208.95 ,  0.00 , 208.95 ,  0.00 , 973.03 ,  0.00 , 3504.44 
278.60 ,  0.00 , 278.60 ,  0.00 , 633.53 ,  0.00 , 1818.81 
278.60 ,  0.00 , 278.60 ,  0.00 , 613.90 ,  0.00 , 1748.35 
348.25 ,  0.00 , 348.25 ,  0.00 , 590.28 ,  0.00 , 1706.91 
487.54 ,  0.00 , 487.54 ,  0.00 , 571.09 ,  0.00 , 1754.87 
417.90 ,  0.00 , 417.90 ,  0.00 , 531.36 ,  0.00 , 1637.46 
417.90 ,  0.00 , 417.90 ,  0.00 , 494.24 ,  0.00 , 1508.85 
348.25 ,  0.00 , 348.25 ,  0.00 , 469.33 ,  0.00 , 1396.95 
348.25 ,  0.00 , 348.25 ,  0.00 ,  0.00 ,  0.00 ,  0.00 
69.65 ,  0.00 , 69.65 ,  0.00 ,  0.00 ,  0.00 ,  0.00 
 0.00 ,  0.00 ,  0.00 ,  0.00 ,  0.00 ,  0.00 ,  0.00 
 0.00 ,  0.00 ,  0.00 ,  0.00 ,  0.00 ,  0.00 ,  0.00 
 0.00 ,  0.00 ,  0.00 ,  0.00 ,  0.00 ,  0.00 ,  0.00 
 0.00 ,  0.00 ,  0.00 ,  0.00 ,  0.00 ,  0.00 ,  0.00 
69.65 ,  0.00 , 69.65 ,  0.00 ,  0.00 ,  0.00 ,  0.00 
208.95 ,  0.00 , 208.95 ,  0.00 ,  0.00 ,  0.00 ,  0.00 
696.49 ,  0.00 , 696.49 ,  0.00 ,  0.00 ,  0.00 ,  0.00 
487.54 ,  0.00 , 487.54 ,  0.00 ,  0.00 ,  0.00 ,  0.00 
487.54 ,  0.00 , 487.54 ,  0.00 ,  0.00 ,  0.00 ,  0.00 
417.90 ,  0.00 , 417.90 ,  0.00 ,  0.00 ,  0.00 ,  0.00 
417.90 ,  0.00 , 417.90 ,  0.00 ,  0.00 ,  0.00 ,  0.00 
348.25 ,  0.00 , 348.25 ,  0.00 ,  0.00 ,  0.00 ,  0.00 
348.25 ,  0.00 , 348.25 ,  0.00 ,  0.00 ,  0.00 ,  0.00 
278.60 ,  0.00 , 278.60 ,  0.00 ,  0.00 ,  0.00 ,  0.00 
208.95 ,  0.00 , 208.95 ,  0.00 , 564.13 ,  0.00 , 1675.03 
278.60 ,  0.00 , 278.60 ,  0.00 , 496.25 ,  0.00 , 1058.79 
278.60 ,  0.00 , 278.60 ,  0.00 , 485.46 ,  0.00 , 1012.53 
348.25 ,  0.00 , 348.25 ,  0.00 , 470.70 ,  0.00 , 996.36 
487.54 ,  0.00 , 487.54 ,  0.00 , 462.57 ,  0.00 , 1061.47 
417.90 ,  0.00 , 417.90 ,  0.00 , 438.01 ,  0.00 , 989.44 
417.90 ,  0.00 , 417.90 ,  0.00 , 418.51 ,  0.00 , 873.61 
348.25 ,  0.00 , 348.25 ,  0.00 , 403.30 ,  0.00 , 807.60 
348.25 ,  0.00 , 348.25 ,  0.00 ,  0.00 ,  0.00 ,  0.00 
69.65 ,  0.00 , 69.65 ,  0.00 ,  0.00 ,  0.00 ,  0.00 
 0.00 ,  0.00 ,  0.00 ,  0.00 ,  0.00 ,  0.00 ,  0.00 
 0.00 ,  0.00 ,  0.00 ,  0.00 ,  0.00 ,  0.00 ,  0.00 
 0.00 ,  0.00 ,  0.00 ,  0.00 ,  0.00 ,  0.00 ,  0.00 
 0.00 ,  0.00 ,  0.00 ,  0.00 ,  0.00 ,  0.00 ,  0.00 
69.65 ,  0.00 , 69.65 ,  0.00 ,  0.00 ,  0.00 ,  0.00 
208.95 ,  0.00 , 208.95 ,  0.00 ,  0.00 ,  0.00 ,  0.00 
696.49 ,  0.00 , 696.49 ,  0.00 ,  0.00 ,  0.00 ,  0.00 
487.54 ,  0.00 , 487.54 ,  0.00 ,  0.00 ,  0.00 ,  0.00 
487.54 ,  0.00 , 487.54 ,  0.00 ,  0.00 ,  0.00 ,  0.00 
417.90 ,  0.00 , 417.90 ,  0.00 ,  0.00 ,  0.00 ,  0.00 
417.90 ,  0.00 , 417.90 ,  0.00 ,  0.00 ,  0.00 ,  0.00 
348.25 ,  0.00 , 348.25 ,  0.00 ,  0.00 ,  0.00 ,  0.00 
348.25 ,  0.00 , 348.25 ,  0.00 ,  0.00 ,  0.00 ,  0.00 
278.60 ,  0.00 , 278.60 ,  0.00 ,  0.00 ,  0.00 ,  0.00 
208.95 ,  0.00 , 208.95 ,  0.00 , 432.18 ,  0.00 , 414.72 
278.60 ,  0.00 , 278.60 ,  0.00 , 432.64 ,  0.00 , 427.39 
278.60 ,  0.00 , 278.60 ,  0.00 , 427.80 ,  0.00 , 454.51 
348.25 ,  0.00 , 348.25 ,  0.00 , 417.36 ,  0.00 , 478.81 
487.54 ,  0.00 , 487.54 ,  0.00 , 409.83 ,  0.00 , 580.61 
417.90 ,  0.00 , 417.90 ,  0.00 , 398.08 ,  0.00 , 554.13 
417.90 ,  0.00 , 417.90 ,  0.00 , 385.45 ,  0.00 , 480.89 
348.25 ,  0.00 , 348.25 ,  0.00 , 379.20 ,  0.00 , 431.73 
348.25 ,  0.00 , 348.25 ,  0.00 ,  0.00 ,  0.00 ,  0.00 
69.65 ,  0.00 , 69.65 ,  0.00 ,  0.00 ,  0.00 ,  0.00 
 0.00 ,  0.00 ,  0.00 ,  0.00 ,  0.00 ,  0.00 ,  0.00 
 0.00 ,  0.00 ,  0.00 ,  0.00 ,  0.00 ,  0.00 ,  0.00 
 0.00 ,  0.00 ,  0.00 ,  0.00 ,  0.00 ,  0.00 ,  0.00 
 0.00 ,  0.00 ,  0.00 ,  0.00 ,  0.00 ,  0.00 ,  0.00 
69.65 ,  0.00 , 69.65 ,  0.00 ,  0.00 ,  0.00 ,  0.00 
208.95 ,  0.00 , 208.95 ,  0.00 ,  0.00 ,  0.00 ,  0.00 
696.49 ,  0.00 , 696.49 ,  0.00 ,  0.00 ,  0.00 ,  0.00 
487.54 ,  0.00 , 487.54 ,  0.00 ,  0.00 ,  0.00 ,  0.00 
487.54 ,  0.00 , 487.54 ,  0.00 ,  0.00 ,  0.00 ,  0.00 
417.90 ,  0.00 , 417.90 ,  0.00 ,  0.00 ,  0.00 ,  0.00 
417.90 ,  0.00 , 417.90 ,  0.00 ,  0.00 ,  0.00 ,  0.00 
348.25 ,  0.00 , 348.25 ,  0.00 ,  0.00 ,  0.00 ,  0.00 
348.25 ,  0.00 , 348.25 ,  0.00 ,  0.00 ,  0.00 ,  0.00 
278.60 ,  0.00 , 278.60 ,  0.00 ,  0.00 ,  0.00 ,  0.00 
208.95 ,  0.00 , 208.95 ,  0.00 , 502.23 ,  0.00 , 841.67 
278.60 ,  0.00 , 278.60 ,  0.00 , 500.87 ,  0.00 , 803.22 
278.60 ,  0.00 , 278.60 ,  0.00 , 495.15 ,  0.00 , 804.50 
348.25 ,  0.00 , 348.25 ,  0.00 , 490.09 ,  0.00 , 820.60 
487.54 ,  0.00 , 487.54 ,  0.00 , 481.59 ,  0.00 , 969.32 
417.90 ,  0.00 , 417.90 ,  0.00 , 457.21 ,  0.00 , 882.89 
417.90 ,  0.00 , 417.90 ,  0.00 , 439.73 ,  0.00 , 782.11 
348.25 ,  0.00 , 348.25 ,  0.00 , 426.70 ,  0.00 , 746.87 
348.25 ,  0.00 , 348.25 ,  0.00 ,  0.00 ,  0.00 ,  0.00 
69.65 ,  0.00 , 69.65 ,  0.00 ,  0.00 ,  0.00 ,  0.00 
 0.00 ,  0.00 ,  0.00 ,  0.00 ,  0.00 ,  0.00 ,  0.00 
 0.00 ,  0.00 ,  0.00 ,  0.00 ,  0.00 ,  0.00 ,  0.00 
 0.00 ,  0.00 ,  0.00 ,  0.00 ,  0.00 ,  0.00 ,  0.00 
 0.00 ,  0.00 ,  0.00 ,  0.00 ,  0.00 ,  0.00 ,  0.00 
69.65 ,  0.00 , 69.65 ,  0.00 ,  0.00 ,  0.00 ,  0.00 
208.95 ,  0.00 , 208.95 ,  0.00 ,  0.00 ,  0.00 ,  0.00 
696.49 ,  0.00 , 696.49 ,  0.00 ,  0.00 ,  0.00 ,  0.00 
487.54 ,  0.00 , 487.54 ,  0.00 ,  0.00 ,  0.00 ,  0.00 
487.54 ,  0.00 , 487.54 ,  0.00 ,  0.00 ,  0.00 ,  0.00 
417.90 ,  0.00 , 417.90 ,  0.00 ,  0.00 ,  0.00 ,  0.00 
417.90 ,  0.00 , 417.90 ,  0.00 ,  0.00 ,  0.00 ,  0.00 
348.25 ,  0.00 , 348.25 ,  0.00 ,  0.00 ,  0.00 ,  0.00 
348.25 ,  0.00 , 348.25 ,  0.00 ,  0.00 ,  0.00 ,  0.00 
278.60 ,  0.00 , 278.60 ,  0.00 ,  0.00 ,  0.00 ,  0.00 
208.95 ,  0.00 , 208.95 ,  0.00 , 479.05 ,  0.00 , 805.64 
278.60 ,  0.00 , 278.60 ,  0.00 , 465.38 ,  0.00 , 668.23 
278.60 ,  0.00 , 278.60 ,  0.00 , 457.40 ,  0.00 , 627.65 
348.25 ,  0.00 , 348.25 ,  0.00 , 452.71 ,  0.00 , 652.42 
487.54 ,  0.00 , 487.54 ,  0.00 , 440.69 ,  0.00 , 762.56 
417.90 ,  0.00 , 417.90 ,  0.00 , 423.84 ,  0.00 , 655.05 
417.90 ,  0.00 , 417.90 ,  0.00 , 410.23 ,  0.00 , 593.23 
348.25 ,  0.00 , 348.25 ,  0.00 , 392.58 ,  0.00 , 547.15 
348.25 ,  0.00 , 348.25 ,  0.00 ,  0.00 ,  0.00 ,  0.00 
69.65 ,  0.00 , 69.65 ,  0.00 ,  0.00 ,  0.00 ,  0.00 
 0.00 ,  0.00 ,  0.00 ,  0.00 ,  0.00 ,  0.00 ,  0.00 
 0.00 ,  0.00 ,  0.00 ,  0.00 ,  0.00 ,  0.00 ,  0.00 
 0.00 ,  0.00 ,  0.00 ,  0.00 ,  0.00 ,  0.00 ,  0.00 
 0.00 ,  0.00 ,  0.00 ,  0.00 ,  0.00 ,  0.00 ,  0.00 
69.65 ,  0.00 , 69.65 ,  0.00 ,  0.00 ,  0.00 ,  0.00 
208.95 ,  0.00 , 208.95 ,  0.00 ,  0.00 ,  0.00 ,  0.00 
696.49 ,  0.00 , 696.49 ,  0.00 ,  0.00 ,  0.00 ,  0.00 
487.54 ,  0.00 , 487.54 ,  0.00 ,  0.00 ,  0.00 ,  0.00 
487.54 ,  0.00 , 487.54 ,  0.00 ,  0.00 ,  0.00 ,  0.00 
417.90 ,  0.00 , 417.90 ,  0.00 ,  0.00 ,  0.00 ,  0.00 
417.90 ,  0.00 , 417.90 ,  0.00 ,  0.00 ,  0.00 ,  0.00 
348.25 ,  0.00 , 348.25 ,  0.00 ,  0.00 ,  0.00 ,  0.00 
348.25 ,  0.00 , 348.25 ,  0.00 ,  0.00 ,  0.00 ,  0.00 
278.60 ,  0.00 , 278.60 ,  0.00 ,  0.00 ,  0.00 ,  0.00 
208.95 ,  0.00 , 208.95 ,  0.00 ,  0.00 ,  0.00 ,  0.00 
278.60 ,  0.00 , 278.60 ,  0.00 , 439.07 ,  0.00 , 192.59 
278.60 ,  0.00 , 278.60 ,  0.00 , 434.02 ,  0.00 , 236.75 
348.25 ,  0.00 , 348.25 ,  0.00 , 423.44 ,  0.00 , 275.94 
487.54 ,  0.00 , 487.54 ,  0.00 , 408.74 ,  0.00 , 361.22 
417.90 ,  0.00 , 417.90 ,  0.00 , 397.57 ,  0.00 , 332.82 
417.90 ,  0.00 , 417.90 ,  0.00 , 386.54 ,  0.00 , 287.93 
348.25 ,  0.00 , 348.25 ,  0.00 , 381.04 ,  0.00 , 251.21 
348.25 ,  0.00 , 348.25 ,  0.00 ,  0.00 ,  0.00 ,  0.00 
69.65 ,  0.00 , 69.65 ,  0.00 ,  0.00 ,  0.00 ,  0.00 
 0.00 ,  0.00 ,  0.00 ,  0.00 ,  0.00 ,  0.00 ,  0.00 
 0.00 ,  0.00 ,  0.00 ,  0.00 ,  0.00 ,  0.00 ,  0.00 
 0.00 ,  0.00 ,  0.00 ,  0.00 ,  0.00 ,  0.00 ,  0.00 
 0.00 ,  0.00 ,  0.00 ,  0.00 ,  0.00 ,  0.00 ,  0.00 
69.65 ,  0.00 , 69.65 ,  0.00 ,  0.00 ,  0.00 ,  0.00 
208.95 ,  0.00 , 208.95 ,  0.00 ,  0.00 ,  0.00 ,  0.00 
696.49 ,  0.00 , 696.49 ,  0.00 ,  0.00 ,  0.00 ,  0.00 
487.54 ,  0.00 , 487.54 ,  0.00 ,  0.00 ,  0.00 ,  0.00 
487.54 ,  0.00 , 487.54 ,  0.00 ,  0.00 ,  0.00 ,  0.00 
417.90 ,  0.00 , 417.90 ,  0.00 ,  0.00 ,  0.00 ,  0.00 
417.90 ,  0.00 , 417.90 ,  0.00 ,  0.00 ,  0.00 ,  0.00 
348.25 ,  0.00 , 348.25 ,  0.00 ,  0.00 ,  0.00 ,  0.00 
348.25 ,  0.00 , 348.25 ,  0.00 ,  0.00 ,  0.00 ,  0.00 
278.60 ,  0.00 , 278.60 ,  0.00 ,  0.00 ,  0.00 ,  0.00 
208.95 ,  0.00 , 208.95 ,  0.00 , 474.84 ,  0.00 , 313.20 
278.60 ,  0.00 , 278.60 ,  0.00 , 478.44 ,  0.00 , 427.52 
278.60 ,  0.00 , 278.60 ,  0.00 , 473.79 ,  0.00 , 463.61 
348.25 ,  0.00 , 348.25 ,  0.00 , 463.43 ,  0.00 , 504.76 
487.54 ,  0.00 , 487.54 ,  0.00 , 457.75 ,  0.00 , 645.02 
417.90 ,  0.00 , 417.90 ,  0.00 , 437.79 ,  0.00 , 590.10 
417.90 ,  0.00 , 417.90 ,  0.00 , 423.51 ,  0.00 , 509.71 
348.25 ,  0.00 , 348.25 ,  0.00 , 411.60 ,  0.00 , 476.83 
348.25 ,  0.00 , 348.25 ,  0.00 ,  0.00 ,  0.00 ,  0.00 
69.65 ,  0.00 , 69.65 ,  0.00 ,  0.00 ,  0.00 ,  0.00 
 0.00 ,  0.00 ,  0.00 ,  0.00 ,  0.00 ,  0.00 ,  0.00 
 0.00 ,  0.00 ,  0.00 ,  0.00 ,  0.00 ,  0.00 ,  0.00 
 0.00 ,  0.00 ,  0.00 ,  0.00 ,  0.00 ,  0.00 ,  0.00 
 0.00 ,  0.00 ,  0.00 ,  0.00 ,  0.00 ,  0.00 ,  0.00 
69.65 ,  0.00 , 69.65 ,  0.00 ,  0.00 ,  0.00 ,  0.00 
208.95 ,  0.00 , 208.95 ,  0.00 ,  0.00 ,  0.00 ,  0.00 
696.49 ,  0.00 , 696.49 ,  0.00 ,  0.00 ,  0.00 ,  0.00 
487.54 ,  0.00 , 487.54 ,  0.00 ,  0.00 ,  0.00 ,  0.00 
487.54 ,  0.00 , 487.54 ,  0.00 ,  0.00 ,  0.00 ,  0.00 
417.90 ,  0.00 , 417.90 ,  0.00 ,  0.00 ,  0.00 ,  0.00 
417.90 ,  0.00 , 417.90 ,  0.00 ,  0.00 ,  0.00 ,  0.00 
348.25 ,  0.00 , 348.25 ,  0.00 ,  0.00 ,  0.00 ,  0.00 
348.25 ,  0.00 , 348.25 ,  0.00 ,  0.00 ,  0.00 ,  0.00 
278.60 ,  0.00 , 278.60 ,  0.00 ,  0.00 ,  0.00 ,  0.00 
208.95 ,  0.00 , 208.95 ,  0.00 , 456.58 ,  0.00 , 243.40 
278.60 ,  0.00 , 278.60 ,  0.00 , 459.52 ,  0.00 , 376.09 
278.60 ,  0.00 , 278.60 ,  0.00 , 454.49 ,  0.00 , 405.69 
348.25 ,  0.00 , 348.25 ,  0.00 , 443.68 ,  0.00 , 433.30 
487.54 ,  0.00 , 487.54 ,  0.00 , 430.11 ,  0.00 , 535.66 
417.90 ,  0.00 , 417.90 ,  0.00 , 417.39 ,  0.00 , 488.71 
417.90 ,  0.00 , 417.90 ,  0.00 , 404.86 ,  0.00 , 426.49 
348.25 ,  0.00 , 348.25 ,  0.00 , 398.77 ,  0.00 , 390.93 
348.25 ,  0.00 , 348.25 ,  0.00 ,  0.00 ,  0.00 ,  0.00 
69.65 ,  0.00 , 69.65 ,  0.00 ,  0.00 ,  0.00 ,  0.00 
 0.00 ,  0.00 ,  0.00 ,  0.00 ,  0.00 ,  0.00 ,  0.00 
 0.00 ,  0.00 ,  0.00 ,  0.00 ,  0.00 ,  0.00 ,  0.00 
 0.00 ,  0.00 ,  0.00 ,  0.00 ,  0.00 ,  0.00 ,  0.00 
 0.00 ,  0.00 ,  0.00 ,  0.00 ,  0.00 ,  0.00 ,  0.00 
69.65 ,  0.00 , 69.65 ,  0.00 ,  0.00 ,  0.00 ,  0.00 
208.95 ,  0.00 , 208.95 ,  0.00 ,  0.00 ,  0.00 ,  0.00 
696.49 ,  0.00 , 696.49 ,  0.00 ,  0.00 ,  0.00 ,  0.00 
487.54 ,  0.00 , 487.54 ,  0.00 ,  0.00 ,  0.00 ,  0.00 
487.54 ,  0.00 , 487.54 ,  0.00 ,  0.00 ,  0.00 ,  0.00 
417.90 ,  0.00 , 417.90 ,  0.00 ,  0.00 ,  0.00 ,  0.00 
417.90 ,  0.00 , 417.90 ,  0.00 ,  0.00 ,  0.00 ,  0.00 
348.25 ,  0.00 , 348.25 ,  0.00 ,  0.00 ,  0.00 ,  0.00 
348.25 ,  0.00 , 348.25 ,  0.00 ,  0.00 ,  0.00 ,  0.00 
278.60 ,  0.00 , 278.60 ,  0.00 ,  0.00 ,  0.00 ,  0.00 
208.95 ,  0.00 , 208.95 ,  0.00 , 510.25 ,  0.00 , 852.65 
278.60 ,  0.00 , 278.60 ,  0.00 , 507.21 ,  0.00 , 800.04 
278.60 ,  0.00 , 278.60 ,  0.00 , 500.30 ,  0.00 , 794.99 
348.25 ,  0.00 , 348.25 ,  0.00 , 488.63 ,  0.00 , 813.39 
487.54 ,  0.00 , 487.54 ,  0.00 , 477.13 ,  0.00 , 921.93 
417.90 ,  0.00 , 417.90 ,  0.00 , 459.46 ,  0.00 , 841.31 
417.90 ,  0.00 , 417.90 ,  0.00 , 449.78 ,  0.00 , 777.83 
348.25 ,  0.00 , 348.25 ,  0.00 , 438.10 ,  0.00 , 773.95 
348.25 ,  0.00 , 348.25 ,  0.00 ,  0.00 ,  0.00 ,  0.00 
69.65 ,  0.00 , 69.65 ,  0.00 ,  0.00 ,  0.00 ,  0.00 
 0.00 ,  0.00 ,  0.00 ,  0.00 ,  0.00 ,  0.00 ,  0.00 
 0.00 ,  0.00 ,  0.00 ,  0.00 ,  0.00 ,  0.00 ,  0.00 
 0.00 ,  0.00 ,  0.00 ,  0.00 ,  0.00 ,  0.00 ,  0.00 
 0.00 ,  0.00 ,  0.00 ,  0.00 ,  0.00 ,  0.00 ,  0.00 
69.65 ,  0.00 , 69.65 ,  0.00 ,  0.00 ,  0.00 ,  0.00 
208.95 ,  0.00 , 208.95 ,  0.00 ,  0.00 ,  0.00 ,  0.00 
696.49 ,  0.00 , 696.49 ,  0.00 ,  0.00 ,  0.00 ,  0.00 
487.54 ,  0.00 , 487.54 ,  0.00 ,  0.00 ,  0.00 ,  0.00 
487.54 ,  0.00 , 487.54 ,  0.00 ,  0.00 ,  0.00 ,  0.00 
417.90 ,  0.00 , 417.90 ,  0.00 ,  0.00 ,  0.00 ,  0.00 
417.90 ,  0.00 , 417.90 ,  0.00 ,  0.00 ,  0.00 ,  0.00 
348.25 ,  0.00 , 348.25 ,  0.00 ,  0.00 ,  0.00 ,  0.00 
348.25 ,  0.00 , 348.25 ,  0.00 ,  0.00 ,  0.00 ,  0.00 
278.60 ,  0.00 , 278.60 ,  0.00 ,  0.00 ,  0.00 ,  0.00 
208.95 ,  0.00 , 208.95 ,  0.00 , 884.41 ,  0.00 , 3161.04 
278.60 ,  0.00 , 278.60 ,  0.00 , 635.93 ,  0.00 , 1769.61 
278.60 ,  0.00 , 278.60 ,  0.00 , 620.45 ,  0.00 , 1710.62 
348.25 ,  0.00 , 348.25 ,  0.00 , 602.73 ,  0.00 , 1701.69 
487.54 ,  0.00 , 487.54 ,  0.00 , 590.38 ,  0.00 , 1795.27 
417.90 ,  0.00 , 417.90 ,  0.00 , 558.42 ,  0.00 , 1666.15 
417.90 ,  0.00 , 417.90 ,  0.00 , 534.79 ,  0.00 , 1589.36 
348.25 ,  0.00 , 348.25 ,  0.00 , 514.97 ,  0.00 , 1534.05 
348.25 ,  0.00 , 348.25 ,  0.00 ,  0.00 ,  0.00 ,  0.00 
69.65 ,  0.00 , 69.65 ,  0.00 ,  0.00 ,  0.00 ,  0.00 
 0.00 ,  0.00 ,  0.00 ,  0.00 ,  0.00 ,  0.00 ,  0.00 
 0.00 ,  0.00 ,  0.00 ,  0.00 ,  0.00 ,  0.00 ,  0.00 
 0.00 ,  0.00 ,  0.00 ,  0.00 ,  0.00 ,  0.00 ,  0.00 
 0.00 ,  0.00 ,  0.00 ,  0.00 ,  0.00 ,  0.00 ,  0.00 
69.65 ,  0.00 , 69.65 ,  0.00 ,  0.00 ,  0.00 ,  0.00 
208.95 ,  0.00 , 208.95 ,  0.00 ,  0.00 ,  0.00 ,  0.00 
696.49 ,  0.00 , 696.49 ,  0.00 ,  0.00 ,  0.00 ,  0.00 
487.54 ,  0.00 , 487.54 ,  0.00 ,  0.00 ,  0.00 ,  0.00 
487.54 ,  0.00 , 487.54 ,  0.00 ,  0.00 ,  0.00 ,  0.00 
417.90 ,  0.00 , 417.90 ,  0.00 ,  0.00 ,  0.00 ,  0.00 
417.90 ,  0.00 , 417.90 ,  0.00 ,  0.00 ,  0.00 ,  0.00 
348.25 ,  0.00 , 348.25 ,  0.00 ,  0.00 ,  0.00 ,  0.00 
348.25 ,  0.00 , 348.25 ,  0.00 ,  0.00 ,  0.00 ,  0.00 
278.60 ,  0.00 , 278.60 ,  0.00 ,  0.00 ,  0.00 ,  0.00 
208.95 ,  0.00 , 208.95 ,  0.00 , 1195.92 ,  0.00 , 4387.06 
278.60 ,  0.00 , 278.60 ,  0.00 , 728.72 ,  0.00 , 2269.38 
278.60 ,  0.00 , 278.60 ,  0.00 , 704.44 ,  0.00 , 2170.63 
348.25 ,  0.00 , 348.25 ,  0.00 , 678.15 ,  0.00 , 2122.42 
487.54 ,  0.00 , 487.54 ,  0.00 , 659.36 ,  0.00 , 2179.22 
417.90 ,  0.00 , 417.90 ,  0.00 , 619.97 ,  0.00 , 2045.04 
417.90 ,  0.00 , 417.90 ,  0.00 , 580.53 ,  0.00 , 1942.02 
348.25 ,  0.00 , 348.25 ,  0.00 , 550.48 ,  0.00 , 1825.07 
348.25 ,  0.00 , 348.25 ,  0.00 ,  0.00 ,  0.00 ,  0.00 
69.65 ,  0.00 , 69.65 ,  0.00 ,  0.00 ,  0.00 ,  0.00 
 0.00 ,  0.00 ,  0.00 ,  0.00 ,  0.00 ,  0.00 ,  0.00 
 0.00 ,  0.00 ,  0.00 ,  0.00 ,  0.00 ,  0.00 ,  0.00 
 0.00 ,  0.00 ,  0.00 ,  0.00 ,  0.00 ,  0.00 ,  0.00 
 0.00 ,  0.00 ,  0.00 ,  0.00 ,  0.00 ,  0.00 ,  0.00 
69.65 ,  0.00 , 69.65 ,  0.00 ,  0.00 ,  0.00 ,  0.00 
208.95 ,  0.00 , 208.95 ,  0.00 ,  0.00 ,  0.00 ,  0.00 
696.49 ,  0.00 , 696.49 ,  0.00 ,  0.00 ,  0.00 ,  0.00 
487.54 ,  0.00 , 487.54 ,  0.00 ,  0.00 ,  0.00 ,  0.00 
487.54 ,  0.00 , 487.54 ,  0.00 ,  0.00 ,  0.00 ,  0.00 
417.90 ,  0.00 , 417.90 ,  0.00 ,  0.00 ,  0.00 ,  0.00 
417.90 ,  0.00 , 417.90 ,  0.00 ,  0.00 ,  0.00 ,  0.00 
348.25 ,  0.00 , 348.25 ,  0.00 ,  0.00 ,  0.00 ,  0.00 
348.25 ,  0.00 , 348.25 ,  0.00 ,  0.00 ,  0.00 ,  0.00 
278.60 ,  0.00 , 278.60 ,  0.00 ,  0.00 ,  0.00 ,  0.00 
208.95 ,  0.00 , 208.95 ,  0.00 , 973.29 ,  0.00 , 3580.41 
278.60 ,  0.00 , 278.60 ,  0.00 , 649.57 ,  0.00 , 1940.31 
278.60 ,  0.00 , 278.60 ,  0.00 , 628.54 ,  0.00 , 1858.23 
348.25 ,  0.00 , 348.25 ,  0.00 , 605.02 ,  0.00 , 1817.10 
487.54 ,  0.00 , 487.54 ,  0.00 , 587.96 ,  0.00 , 1878.59 
417.90 ,  0.00 , 417.90 ,  0.00 , 554.74 ,  0.00 , 1754.42 
417.90 ,  0.00 , 417.90 ,  0.00 , 527.48 ,  0.00 , 1655.64 
348.25 ,  0.00 , 348.25 ,  0.00 , 512.53 ,  0.00 , 1588.34 
348.25 ,  0.00 , 348.25 ,  0.00 ,  0.00 ,  0.00 ,  0.00 
69.65 ,  0.00 , 69.65 ,  0.00 ,  0.00 ,  0.00 ,  0.00 
 0.00 ,  0.00 ,  0.00 ,  0.00 ,  0.00 ,  0.00 ,  0.00 
 0.00 ,  0.00 ,  0.00 ,  0.00 ,  0.00 ,  0.00 ,  0.00 
 0.00 ,  0.00 ,  0.00 ,  0.00 ,  0.00 ,  0.00 ,  0.00 
 0.00 ,  0.00 ,  0.00 ,  0.00 ,  0.00 ,  0.00 ,  0.00 
69.65 ,  0.00 , 69.65 ,  0.00 ,  0.00 ,  0.00 ,  0.00 
208.95 ,  0.00 , 208.95 ,  0.00 ,  0.00 ,  0.00 ,  0.00 
696.49 ,  0.00 , 696.49 ,  0.00 ,  0.00 ,  0.00 ,  0.00 
487.54 ,  0.00 , 487.54 ,  0.00 ,  0.00 ,  0.00 ,  0.00 
487.54 ,  0.00 , 487.54 ,  0.00 ,  0.00 ,  0.00 ,  0.00 
417.90 ,  0.00 , 417.90 ,  0.00 ,  0.00 ,  0.00 ,  0.00 
417.90 ,  0.00 , 417.90 ,  0.00 ,  0.00 ,  0.00 ,  0.00 
348.25 ,  0.00 , 348.25 ,  0.00 ,  0.00 ,  0.00 ,  0.00 
348.25 ,  0.00 , 348.25 ,  0.00 ,  0.00 ,  0.00 ,  0.00 
278.60 ,  0.00 , 278.60 ,  0.00 ,  0.00 ,  0.00 ,  0.00 
208.95 ,  0.00 , 208.95 ,  0.00 , 1174.12 ,  0.00 , 4284.67 
278.60 ,  0.00 , 278.60 ,  0.00 , 720.68 ,  0.00 , 2238.65 
278.60 ,  0.00 , 278.60 ,  0.00 , 696.16 ,  0.00 , 2148.30 
348.25 ,  0.00 , 348.25 ,  0.00 , 671.38 ,  0.00 , 2116.51 
487.54 ,  0.00 , 487.54 ,  0.00 , 661.76 ,  0.00 , 2176.20 
417.90 ,  0.00 , 417.90 ,  0.00 , 626.63 ,  0.00 , 2075.58 
417.90 ,  0.00 , 417.90 ,  0.00 , 592.99 ,  0.00 , 1964.12 
348.25 ,  0.00 , 348.25 ,  0.00 , 566.53 ,  0.00 , 1887.88 
348.25 ,  0.00 , 348.25 ,  0.00 ,  0.00 ,  0.00 ,  0.00 
69.65 ,  0.00 , 69.65 ,  0.00 ,  0.00 ,  0.00 ,  0.00 
 0.00 ,  0.00 ,  0.00 ,  0.00 ,  0.00 ,  0.00 ,  0.00 
 0.00 ,  0.00 ,  0.00 ,  0.00 ,  0.00 ,  0.00 ,  0.00 
 0.00 ,  0.00 ,  0.00 ,  0.00 ,  0.00 ,  0.00 ,  0.00 
 0.00 ,  0.00 ,  0.00 ,  0.00 ,  0.00 ,  0.00 ,  0.00 
69.65 ,  0.00 , 69.65 ,  0.00 ,  0.00 ,  0.00 ,  0.00 
208.95 ,  0.00 , 208.95 ,  0.00 ,  0.00 ,  0.00 ,  0.00 
696.49 ,  0.00 , 696.49 ,  0.00 ,  0.00 ,  0.00 ,  0.00 
487.54 ,  0.00 , 487.54 ,  0.00 ,  0.00 ,  0.00 ,  0.00 
487.54 ,  0.00 , 487.54 ,  0.00 ,  0.00 ,  0.00 ,  0.00 
417.90 ,  0.00 , 417.90 ,  0.00 ,  0.00 ,  0.00 ,  0.00 
417.90 ,  0.00 , 417.90 ,  0.00 ,  0.00 ,  0.00 ,  0.00 
348.25 ,  0.00 , 348.25 ,  0.00 ,  0.00 ,  0.00 ,  0.00 
348.25 ,  0.00 , 348.25 ,  0.00 ,  0.00 ,  0.00 ,  0.00 
278.60 ,  0.00 , 278.60 ,  0.00 ,  0.00 ,  0.00 ,  0.00 
208.95 ,  0.00 , 208.95 ,  0.00 , 1143.14 ,  0.00 , 4274.59 
278.60 ,  0.00 , 278.60 ,  0.00 , 702.26 ,  0.00 , 2228.53 
278.60 ,  0.00 , 278.60 ,  0.00 , 678.76 ,  0.00 , 2143.90 
348.25 ,  0.00 , 348.25 ,  0.00 , 649.80 ,  0.00 , 2081.78 
487.54 ,  0.00 , 487.54 ,  0.00 , 638.26 ,  0.00 , 2127.61 
417.90 ,  0.00 , 417.90 ,  0.00 , 603.98 ,  0.00 , 2020.11 
417.90 ,  0.00 , 417.90 ,  0.00 , 571.90 ,  0.00 , 1910.58 
348.25 ,  0.00 , 348.25 ,  0.00 , 545.91 ,  0.00 , 1829.78 
348.25 ,  0.00 , 348.25 ,  0.00 ,  0.00 ,  0.00 ,  0.00 
69.65 ,  0.00 , 69.65 ,  0.00 ,  0.00 ,  0.00 ,  0.00 
 0.00 ,  0.00 ,  0.00 ,  0.00 ,  0.00 ,  0.00 ,  0.00 
 0.00 ,  0.00 ,  0.00 ,  0.00 ,  0.00 ,  0.00 ,  0.00 
 0.00 ,  0.00 ,  0.00 ,  0.00 ,  0.00 ,  0.00 ,  0.00 
 0.00 ,  0.00 ,  0.00 ,  0.00 ,  0.00 ,  0.00 ,  0.00 
69.65 ,  0.00 , 69.65 ,  0.00 ,  0.00 ,  0.00 ,  0.00 
208.95 ,  0.00 , 208.95 ,  0.00 ,  0.00 ,  0.00 ,  0.00 
696.49 ,  0.00 , 696.49 ,  0.00 ,  0.00 ,  0.00 ,  0.00 
487.54 ,  0.00 , 487.54 ,  0.00 ,  0.00 ,  0.00 ,  0.00 
487.54 ,  0.00 , 487.54 ,  0.00 ,  0.00 ,  0.00 ,  0.00 
417.90 ,  0.00 , 417.90 ,  0.00 ,  0.00 ,  0.00 ,  0.00 
417.90 ,  0.00 , 417.90 ,  0.00 ,  0.00 ,  0.00 ,  0.00 
348.25 ,  0.00 , 348.25 ,  0.00 ,  0.00 ,  0.00 ,  0.00 
348.25 ,  0.00 , 348.25 ,  0.00 ,  0.00 ,  0.00 ,  0.00 
278.60 ,  0.00 , 278.60 ,  0.00 ,  0.00 ,  0.00 ,  0.00 
208.95 ,  0.00 , 208.95 ,  0.00 , 1054.61 ,  0.00 , 4083.58 
278.60 ,  0.00 , 278.60 ,  0.00 , 665.93 ,  0.00 , 2149.84 
278.60 ,  0.00 , 278.60 ,  0.00 , 652.67 ,  0.00 , 2058.57 
348.25 ,  0.00 , 348.25 ,  0.00 , 630.47 ,  0.00 , 2037.30 
487.54 ,  0.00 , 487.54 ,  0.00 , 621.31 ,  0.00 , 2102.59 
417.90 ,  0.00 , 417.90 ,  0.00 , 589.24 ,  0.00 , 2006.30 
417.90 ,  0.00 , 417.90 ,  0.00 , 558.41 ,  0.00 , 1901.30 
348.25 ,  0.00 , 348.25 ,  0.00 , 540.81 ,  0.00 , 1822.65 
348.25 ,  0.00 , 348.25 ,  0.00 ,  0.00 ,  0.00 ,  0.00 
69.65 ,  0.00 , 69.65 ,  0.00 ,  0.00 ,  0.00 ,  0.00 
 0.00 ,  0.00 ,  0.00 ,  0.00 ,  0.00 ,  0.00 ,  0.00 
 0.00 ,  0.00 ,  0.00 ,  0.00 ,  0.00 ,  0.00 ,  0.00 
 0.00 ,  0.00 ,  0.00 ,  0.00 ,  0.00 ,  0.00 ,  0.00 
 0.00 ,  0.00 ,  0.00 ,  0.00 ,  0.00 ,  0.00 ,  0.00 
69.65 ,  0.00 , 69.65 ,  0.00 ,  0.00 ,  0.00 ,  0.00 
208.95 ,  0.00 , 208.95 ,  0.00 ,  0.00 ,  0.00 ,  0.00 
696.49 ,  0.00 , 696.49 ,  0.00 ,  0.00 ,  0.00 ,  0.00 
487.54 ,  0.00 , 487.54 ,  0.00 ,  0.00 ,  0.00 ,  0.00 
487.54 ,  0.00 , 487.54 ,  0.00 ,  0.00 ,  0.00 ,  0.00 
417.90 ,  0.00 , 417.90 ,  0.00 ,  0.00 ,  0.00 ,  0.00 
417.90 ,  0.00 , 417.90 ,  0.00 ,  0.00 ,  0.00 ,  0.00 
348.25 ,  0.00 , 348.25 ,  0.00 ,  0.00 ,  0.00 ,  0.00 
348.25 ,  0.00 , 348.25 ,  0.00 ,  0.00 ,  0.00 ,  0.00 
278.60 ,  0.00 , 278.60 ,  0.00 ,  0.00 ,  0.00 ,  0.00 
208.95 ,  0.00 , 208.95 ,  0.00 , 1494.17 ,  0.00 , 5407.04 
278.60 ,  0.00 , 278.60 ,  0.00 , 842.49 ,  0.00 , 2777.41 
278.60 ,  0.00 , 278.60 ,  0.00 , 810.86 ,  0.00 , 2669.18 
348.25 ,  0.00 , 348.25 ,  0.00 , 773.64 ,  0.00 , 2596.91 
487.54 ,  0.00 , 487.54 ,  0.00 , 749.29 ,  0.00 , 2645.66 
417.90 ,  0.00 , 417.90 ,  0.00 , 701.96 ,  0.00 , 2509.98 
417.90 ,  0.00 , 417.90 ,  0.00 , 662.27 ,  0.00 , 2393.65 
348.25 ,  0.00 , 348.25 ,  0.00 , 639.82 ,  0.00 , 2314.26 
348.25 ,  0.00 , 348.25 ,  0.00 ,  0.00 ,  0.00 ,  0.00 
69.65 ,  0.00 , 69.65 ,  0.00 ,  0.00 ,  0.00 ,  0.00 
 0.00 ,  0.00 ,  0.00 ,  0.00 ,  0.00 ,  0.00 ,  0.00 
 0.00 ,  0.00 ,  0.00 ,  0.00 ,  0.00 ,  0.00 ,  0.00 
 0.00 ,  0.00 ,  0.00 ,  0.00 ,  0.00 ,  0.00 ,  0.00 
 0.00 ,  0.00 ,  0.00 ,  0.00 ,  0.00 ,  0.00 ,  0.00 
69.65 ,  0.00 , 69.65 ,  0.00 ,  0.00 ,  0.00 ,  0.00 
208.95 ,  0.00 , 208.95 ,  0.00 ,  0.00 ,  0.00 ,  0.00 
696.49 ,  0.00 , 696.49 ,  0.00 ,  0.00 ,  0.00 ,  0.00 
487.54 ,  0.00 , 487.54 ,  0.00 ,  0.00 ,  0.00 ,  0.00 
487.54 ,  0.00 , 487.54 ,  0.00 ,  0.00 ,  0.00 ,  0.00 
417.90 ,  0.00 , 417.90 ,  0.00 ,  0.00 ,  0.00 ,  0.00 
417.90 ,  0.00 , 417.90 ,  0.00 ,  0.00 ,  0.00 ,  0.00 
348.25 ,  0.00 , 348.25 ,  0.00 ,  0.00 ,  0.00 ,  0.00 
348.25 ,  0.00 , 348.25 ,  0.00 ,  0.00 ,  0.00 ,  0.00 
278.60 ,  0.00 , 278.60 ,  0.00 ,  0.00 ,  0.00 ,  0.00 
208.95 ,  0.00 , 208.95 ,  0.00 , 1868.11 ,  0.00 , 7008.53 
278.60 ,  0.00 , 278.60 ,  0.00 , 954.33 ,  0.00 , 3275.57 
278.60 ,  0.00 , 278.60 ,  0.00 , 923.93 ,  0.00 , 3220.34 
348.25 ,  0.00 , 348.25 ,  0.00 , 893.42 ,  0.00 , 3165.36 
487.54 ,  0.00 , 487.54 ,  0.00 , 870.76 ,  0.00 , 3258.56 
417.90 ,  0.00 , 417.90 ,  0.00 , 810.76 ,  0.00 , 3104.12 
417.90 ,  0.00 , 417.90 ,  0.00 , 761.24 ,  0.00 , 2981.10 
348.25 ,  0.00 , 348.25 ,  0.00 , 720.78 ,  0.00 , 2880.12 
348.25 ,  0.00 , 348.25 ,  0.00 ,  0.00 ,  0.00 ,  0.00 
69.65 ,  0.00 , 69.65 ,  0.00 ,  0.00 ,  0.00 ,  0.00 
 0.00 ,  0.00 ,  0.00 ,  0.00 ,  0.00 ,  0.00 ,  0.00 
 0.00 ,  0.00 ,  0.00 ,  0.00 ,  0.00 ,  0.00 ,  0.00 
 0.00 ,  0.00 ,  0.00 ,  0.00 ,  0.00 ,  0.00 ,  0.00 
 0.00 ,  0.00 ,  0.00 ,  0.00 ,  0.00 ,  0.00 ,  0.00 
69.65 ,  0.00 , 69.65 ,  0.00 ,  0.00 ,  0.00 ,  0.00 
208.95 ,  0.00 , 208.95 ,  0.00 ,  0.00 ,  0.00 ,  0.00 
696.49 ,  0.00 , 696.49 ,  0.00 ,  0.00 ,  0.00 ,  0.00 
487.54 ,  0.00 , 487.54 ,  0.00 ,  0.00 ,  0.00 ,  0.00 
487.54 ,  0.00 , 487.54 ,  0.00 ,  0.00 ,  0.00 ,  0.00 
417.90 ,  0.00 , 417.90 ,  0.00 ,  0.00 ,  0.00 ,  0.00 
417.90 ,  0.00 , 417.90 ,  0.00 ,  0.00 ,  0.00 ,  0.00 
348.25 ,  0.00 , 348.25 ,  0.00 ,  0.00 ,  0.00 ,  0.00 
348.25 ,  0.00 , 348.25 ,  0.00 ,  0.00 ,  0.00 ,  0.00 
278.60 ,  0.00 , 278.60 ,  0.00 ,  0.00 ,  0.00 ,  0.00 
208.95 ,  0.00 , 208.95 ,  0.00 , 2152.16 ,  0.00 , 8003.56 
278.60 ,  0.00 , 278.60 ,  0.00 , 1060.10 ,  0.00 , 3524.14 
278.60 ,  0.00 , 278.60 ,  0.00 , 1035.35 ,  0.00 , 3530.83 
348.25 ,  0.00 , 348.25 ,  0.00 , 986.92 ,  0.00 , 3500.30 
487.54 ,  0.00 , 487.54 ,  0.00 , 950.75 ,  0.00 , 3557.18 
417.90 ,  0.00 , 417.90 ,  0.00 , 883.60 ,  0.00 , 3399.18 
417.90 ,  0.00 , 417.90 ,  0.00 , 827.04 ,  0.00 , 3259.85 
348.25 ,  0.00 , 348.25 ,  0.00 , 781.30 ,  0.00 , 3152.78 
348.25 ,  0.00 , 348.25 ,  0.00 ,  0.00 ,  0.00 ,  0.00 
69.65 ,  0.00 , 69.65 ,  0.00 ,  0.00 ,  0.00 ,  0.00 
 0.00 ,  0.00 ,  0.00 ,  0.00 , 434.09 ,  0.00 , 427.65 
 0.00 ,  0.00 ,  0.00 ,  0.00 , 425.00 ,  0.00 , 408.26 
 0.00 ,  0.00 ,  0.00 ,  0.00 ,  0.00 ,  0.00 ,  0.00 
 0.00 ,  0.00 ,  0.00 ,  0.00 ,  0.00 ,  0.00 ,  0.00 
69.65 ,  0.00 , 69.65 ,  0.00 ,  0.00 ,  0.00 ,  0.00 
208.95 ,  0.00 , 208.95 ,  0.00 ,  0.00 ,  0.00 ,  0.00 
696.49 ,  0.00 , 696.49 ,  0.00 ,  0.00 ,  0.00 ,  0.00 
487.54 ,  0.00 , 487.54 ,  0.00 ,  0.00 ,  0.00 ,  0.00 
487.54 ,  0.00 , 487.54 ,  0.00 ,  0.00 ,  0.00 ,  0.00 
417.90 ,  0.00 , 417.90 ,  0.00 ,  0.00 ,  0.00 ,  0.00 
417.90 ,  0.00 , 417.90 ,  0.00 ,  0.00 ,  0.00 ,  0.00 
348.25 ,  0.00 , 348.25 ,  0.00 ,  0.00 ,  0.00 ,  0.00 
348.25 ,  0.00 , 348.25 ,  0.00 ,  0.00 ,  0.00 ,  0.00 
278.60 ,  0.00 , 278.60 ,  0.00 ,  0.00 ,  0.00 ,  0.00 
208.95 ,  0.00 , 208.95 ,  0.00 , 1944.43 ,  0.00 , 7016.64 
278.60 ,  0.00 , 278.60 ,  0.00 , 1015.59 ,  0.00 , 3476.45 
278.60 ,  0.00 , 278.60 ,  0.00 , 960.22 ,  0.00 , 3278.25 
348.25 ,  0.00 , 348.25 ,  0.00 , 903.97 ,  0.00 , 3147.26 
487.54 ,  0.00 , 487.54 ,  0.00 , 875.82 ,  0.00 , 3143.51 
417.90 ,  0.00 , 417.90 ,  0.00 , 803.32 ,  0.00 , 2986.76 
417.90 ,  0.00 , 417.90 ,  0.00 , 745.87 ,  0.00 , 2809.63 
348.25 ,  0.00 , 348.25 ,  0.00 , 693.27 ,  0.00 , 2692.30 
348.25 ,  0.00 , 348.25 ,  0.00 ,  0.00 ,  0.00 ,  0.00 
69.65 ,  0.00 , 69.65 ,  0.00 ,  0.00 ,  0.00 ,  0.00 
 0.00 ,  0.00 ,  0.00 ,  0.00 ,  0.00 ,  0.00 ,  0.00 
 0.00 ,  0.00 ,  0.00 ,  0.00 ,  0.00 ,  0.00 ,  0.00 
 0.00 ,  0.00 ,  0.00 ,  0.00 ,  0.00 ,  0.00 ,  0.00 
 0.00 ,  0.00 ,  0.00 ,  0.00 ,  0.00 ,  0.00 ,  0.00 
69.65 ,  0.00 , 69.65 ,  0.00 ,  0.00 ,  0.00 ,  0.00 
208.95 ,  0.00 , 208.95 ,  0.00 ,  0.00 ,  0.00 ,  0.00 
696.49 ,  0.00 , 696.49 ,  0.00 ,  0.00 ,  0.00 ,  0.00 
487.54 ,  0.00 , 487.54 ,  0.00 ,  0.00 ,  0.00 ,  0.00 
487.54 ,  0.00 , 487.54 ,  0.00 ,  0.00 ,  0.00 ,  0.00 
417.90 ,  0.00 , 417.90 ,  0.00 ,  0.00 ,  0.00 ,  0.00 
417.90 ,  0.00 , 417.90 ,  0.00 ,  0.00 ,  0.00 ,  0.00 
348.25 ,  0.00 , 348.25 ,  0.00 ,  0.00 ,  0.00 ,  0.00 
348.25 ,  0.00 , 348.25 ,  0.00 ,  0.00 ,  0.00 ,  0.00 
278.60 ,  0.00 , 278.60 ,  0.00 ,  0.00 ,  0.00 ,  0.00 
208.95 ,  0.00 , 208.95 ,  0.00 , 1448.59 ,  0.00 , 5302.05 
278.60 ,  0.00 , 278.60 ,  0.00 , 799.16 ,  0.00 , 2653.42 
278.60 ,  0.00 , 278.60 ,  0.00 , 761.59 ,  0.00 , 2513.46 
348.25 ,  0.00 , 348.25 ,  0.00 , 721.17 ,  0.00 , 2415.69 
487.54 ,  0.00 , 487.54 ,  0.00 , 691.39 ,  0.00 , 2426.02 
417.90 ,  0.00 , 417.90 ,  0.00 , 643.65 ,  0.00 , 2261.77 
417.90 ,  0.00 , 417.90 ,  0.00 , 596.91 ,  0.00 , 2139.73 
348.25 ,  0.00 , 348.25 ,  0.00 , 562.05 ,  0.00 , 2010.21 
348.25 ,  0.00 , 348.25 ,  0.00 ,  0.00 ,  0.00 ,  0.00 
69.65 ,  0.00 , 69.65 ,  0.00 ,  0.00 ,  0.00 ,  0.00 
 0.00 ,  0.00 ,  0.00 ,  0.00 ,  0.00 ,  0.00 ,  0.00 
 0.00 ,  0.00 ,  0.00 ,  0.00 ,  0.00 ,  0.00 ,  0.00 
 0.00 ,  0.00 ,  0.00 ,  0.00 ,  0.00 ,  0.00 ,  0.00 
 0.00 ,  0.00 ,  0.00 ,  0.00 ,  0.00 ,  0.00 ,  0.00 
69.65 ,  0.00 , 69.65 ,  0.00 ,  0.00 ,  0.00 ,  0.00 
208.95 ,  0.00 , 208.95 ,  0.00 ,  0.00 ,  0.00 ,  0.00 
696.49 ,  0.00 , 696.49 ,  0.00 ,  0.00 ,  0.00 ,  0.00 
487.54 ,  0.00 , 487.54 ,  0.00 ,  0.00 ,  0.00 ,  0.00 
487.54 ,  0.00 , 487.54 ,  0.00 ,  0.00 ,  0.00 ,  0.00 
417.90 ,  0.00 , 417.90 ,  0.00 ,  0.00 ,  0.00 ,  0.00 
417.90 ,  0.00 , 417.90 ,  0.00 ,  0.00 ,  0.00 ,  0.00 
348.25 ,  0.00 , 348.25 ,  0.00 ,  0.00 ,  0.00 ,  0.00 
348.25 ,  0.00 , 348.25 ,  0.00 ,  0.00 ,  0.00 ,  0.00 
278.60 ,  0.00 , 278.60 ,  0.00 ,  0.00 ,  0.00 ,  0.00 
208.95 ,  0.00 , 208.95 ,  0.00 , 852.77 ,  0.00 , 3281.10 
278.60 ,  0.00 , 278.60 ,  0.00 , 583.69 ,  0.00 , 1752.83 
278.60 ,  0.00 , 278.60 ,  0.00 , 563.20 ,  0.00 , 1663.06 
348.25 ,  0.00 , 348.25 ,  0.00 , 540.51 ,  0.00 , 1609.88 
487.54 ,  0.00 , 487.54 ,  0.00 , 529.21 ,  0.00 , 1647.05 
417.90 ,  0.00 , 417.90 ,  0.00 , 502.77 ,  0.00 , 1547.67 
417.90 ,  0.00 , 417.90 ,  0.00 , 478.61 ,  0.00 , 1449.61 
348.25 ,  0.00 , 348.25 ,  0.00 , 458.33 ,  0.00 , 1373.11 
348.25 ,  0.00 , 348.25 ,  0.00 ,  0.00 ,  0.00 ,  0.00 
69.65 ,  0.00 , 69.65 ,  0.00 ,  0.00 ,  0.00 ,  0.00 
 0.00 ,  0.00 ,  0.00 ,  0.00 ,  0.00 ,  0.00 ,  0.00 
 0.00 ,  0.00 ,  0.00 ,  0.00 ,  0.00 ,  0.00 ,  0.00 
 0.00 ,  0.00 ,  0.00 ,  0.00 ,  0.00 ,  0.00 ,  0.00 
 0.00 ,  0.00 ,  0.00 ,  0.00 ,  0.00 ,  0.00 ,  0.00 
69.65 ,  0.00 , 69.65 ,  0.00 ,  0.00 ,  0.00 ,  0.00 
208.95 ,  0.00 , 208.95 ,  0.00 ,  0.00 ,  0.00 ,  0.00 
696.49 ,  0.00 , 696.49 ,  0.00 ,  0.00 ,  0.00 ,  0.00 
487.54 ,  0.00 , 487.54 ,  0.00 ,  0.00 ,  0.00 ,  0.00 
487.54 ,  0.00 , 487.54 ,  0.00 ,  0.00 ,  0.00 ,  0.00 
417.90 ,  0.00 , 417.90 ,  0.00 ,  0.00 ,  0.00 ,  0.00 
417.90 ,  0.00 , 417.90 ,  0.00 ,  0.00 ,  0.00 ,  0.00 
348.25 ,  0.00 , 348.25 ,  0.00 ,  0.00 ,  0.00 ,  0.00 
348.25 ,  0.00 , 348.25 ,  0.00 ,  0.00 ,  0.00 ,  0.00 
278.60 ,  0.00 , 278.60 ,  0.00 ,  0.00 ,  0.00 ,  0.00 
208.95 ,  0.00 , 208.95 ,  0.00 , 736.02 ,  0.00 , 2622.30 
278.60 ,  0.00 , 278.60 ,  0.00 , 563.01 ,  0.00 , 1501.01 
278.60 ,  0.00 , 278.60 ,  0.00 , 547.38 ,  0.00 , 1433.45 
348.25 ,  0.00 , 348.25 ,  0.00 , 528.82 ,  0.00 , 1404.06 
487.54 ,  0.00 , 487.54 ,  0.00 , 520.78 ,  0.00 , 1469.80 
417.90 ,  0.00 , 417.90 ,  0.00 , 497.56 ,  0.00 , 1383.36 
417.90 ,  0.00 , 417.90 ,  0.00 , 476.07 ,  0.00 , 1297.73 
348.25 ,  0.00 , 348.25 ,  0.00 , 464.15 ,  0.00 , 1233.59 
348.25 ,  0.00 , 348.25 ,  0.00 ,  0.00 ,  0.00 ,  0.00 
69.65 ,  0.00 , 69.65 ,  0.00 ,  0.00 ,  0.00 ,  0.00 
 0.00 ,  0.00 ,  0.00 ,  0.00 ,  0.00 ,  0.00 ,  0.00 
 0.00 ,  0.00 ,  0.00 ,  0.00 ,  0.00 ,  0.00 ,  0.00 
 0.00 ,  0.00 ,  0.00 ,  0.00 ,  0.00 ,  0.00 ,  0.00 
 0.00 ,  0.00 ,  0.00 ,  0.00 ,  0.00 ,  0.00 ,  0.00 
69.65 ,  0.00 , 69.65 ,  0.00 ,  0.00 ,  0.00 ,  0.00 
208.95 ,  0.00 , 208.95 ,  0.00 ,  0.00 ,  0.00 ,  0.00 
696.49 ,  0.00 , 696.49 ,  0.00 ,  0.00 ,  0.00 ,  0.00 
487.54 ,  0.00 , 487.54 ,  0.00 ,  0.00 ,  0.00 ,  0.00 
487.54 ,  0.00 , 487.54 ,  0.00 ,  0.00 ,  0.00 ,  0.00 
417.90 ,  0.00 , 417.90 ,  0.00 ,  0.00 ,  0.00 ,  0.00 
417.90 ,  0.00 , 417.90 ,  0.00 ,  0.00 ,  0.00 ,  0.00 
348.25 ,  0.00 , 348.25 ,  0.00 ,  0.00 ,  0.00 ,  0.00 
348.25 ,  0.00 , 348.25 ,  0.00 ,  0.00 ,  0.00 ,  0.00 
278.60 ,  0.00 , 278.60 ,  0.00 ,  0.00 ,  0.00 ,  0.00 
208.95 ,  0.00 , 208.95 ,  0.00 , 779.33 ,  0.00 , 2807.41 
278.60 ,  0.00 , 278.60 ,  0.00 , 586.59 ,  0.00 , 1622.19 
278.60 ,  0.00 , 278.60 ,  0.00 , 569.24 ,  0.00 , 1544.81 
348.25 ,  0.00 , 348.25 ,  0.00 , 550.51 ,  0.00 , 1516.76 
487.54 ,  0.00 , 487.54 ,  0.00 , 535.14 ,  0.00 , 1583.44 
417.90 ,  0.00 , 417.90 ,  0.00 , 514.42 ,  0.00 , 1466.41 
417.90 ,  0.00 , 417.90 ,  0.00 , 495.69 ,  0.00 , 1418.57 
348.25 ,  0.00 , 348.25 ,  0.00 , 483.52 ,  0.00 , 1362.93 
348.25 ,  0.00 , 348.25 ,  0.00 ,  0.00 ,  0.00 ,  0.00 
69.65 ,  0.00 , 69.65 ,  0.00 ,  0.00 ,  0.00 ,  0.00 
 0.00 ,  0.00 ,  0.00 ,  0.00 ,  0.00 ,  0.00 ,  0.00 
 0.00 ,  0.00 ,  0.00 ,  0.00 ,  0.00 ,  0.00 ,  0.00 
 0.00 ,  0.00 ,  0.00 ,  0.00 ,  0.00 ,  0.00 ,  0.00 
 0.00 ,  0.00 ,  0.00 ,  0.00 ,  0.00 ,  0.00 ,  0.00 
69.65 ,  0.00 , 69.65 ,  0.00 ,  0.00 ,  0.00 ,  0.00 
208.95 ,  0.00 , 208.95 ,  0.00 ,  0.00 ,  0.00 ,  0.00 
696.49 ,  0.00 , 696.49 ,  0.00 ,  0.00 ,  0.00 ,  0.00 
487.54 ,  0.00 , 487.54 ,  0.00 ,  0.00 ,  0.00 ,  0.00 
487.54 ,  0.00 , 487.54 ,  0.00 ,  0.00 ,  0.00 ,  0.00 
417.90 ,  0.00 , 417.90 ,  0.00 ,  0.00 ,  0.00 ,  0.00 
417.90 ,  0.00 , 417.90 ,  0.00 ,  0.00 ,  0.00 ,  0.00 
348.25 ,  0.00 , 348.25 ,  0.00 ,  0.00 ,  0.00 ,  0.00 
348.25 ,  0.00 , 348.25 ,  0.00 ,  0.00 ,  0.00 ,  0.00 
278.60 ,  0.00 , 278.60 ,  0.00 ,  0.00 ,  0.00 ,  0.00 
208.95 ,  0.00 , 208.95 ,  0.00 , 1326.16 ,  0.00 , 4860.63 
278.60 ,  0.00 , 278.60 ,  0.00 , 781.22 ,  0.00 , 2521.40 
278.60 ,  0.00 , 278.60 ,  0.00 , 749.77 ,  0.00 , 2390.71 
348.25 ,  0.00 , 348.25 ,  0.00 , 716.85 ,  0.00 , 2320.96 
487.54 ,  0.00 , 487.54 ,  0.00 , 694.77 ,  0.00 , 2365.12 
417.90 ,  0.00 , 417.90 ,  0.00 , 650.74 ,  0.00 , 2212.73 
417.90 ,  0.00 , 417.90 ,  0.00 , 617.75 ,  0.00 , 2111.88 
348.25 ,  0.00 , 348.25 ,  0.00 , 590.11 ,  0.00 , 2034.81 
348.25 ,  0.00 , 348.25 ,  0.00 ,  0.00 ,  0.00 ,  0.00 
69.65 ,  0.00 , 69.65 ,  0.00 ,  0.00 ,  0.00 ,  0.00 
 0.00 ,  0.00 ,  0.00 ,  0.00 ,  0.00 ,  0.00 ,  0.00 
 0.00 ,  0.00 ,  0.00 ,  0.00 ,  0.00 ,  0.00 ,  0.00 
 0.00 ,  0.00 ,  0.00 ,  0.00 ,  0.00 ,  0.00 ,  0.00 
 0.00 ,  0.00 ,  0.00 ,  0.00 ,  0.00 ,  0.00 ,  0.00 
69.65 ,  0.00 , 69.65 ,  0.00 ,  0.00 ,  0.00 ,  0.00 
208.95 ,  0.00 , 208.95 ,  0.00 ,  0.00 ,  0.00 ,  0.00 
696.49 ,  0.00 , 696.49 ,  0.00 ,  0.00 ,  0.00 ,  0.00 
487.54 ,  0.00 , 487.54 ,  0.00 ,  0.00 ,  0.00 ,  0.00 
487.54 ,  0.00 , 487.54 ,  0.00 ,  0.00 ,  0.00 ,  0.00 
417.90 ,  0.00 , 417.90 ,  0.00 ,  0.00 ,  0.00 ,  0.00 
417.90 ,  0.00 , 417.90 ,  0.00 ,  0.00 ,  0.00 ,  0.00 
348.25 ,  0.00 , 348.25 ,  0.00 ,  0.00 ,  0.00 ,  0.00 
348.25 ,  0.00 , 348.25 ,  0.00 ,  0.00 ,  0.00 ,  0.00 
278.60 ,  0.00 , 278.60 ,  0.00 ,  0.00 ,  0.00 ,  0.00 
208.95 ,  0.00 , 208.95 ,  0.00 , 1045.36 ,  0.00 , 4356.32 
278.60 ,  0.00 , 278.60 ,  0.00 , 641.60 ,  0.00 , 2225.03 
278.60 ,  0.00 , 278.60 ,  0.00 , 627.21 ,  0.00 , 2123.17 
348.25 ,  0.00 , 348.25 ,  0.00 , 606.99 ,  0.00 , 2109.52 
487.54 ,  0.00 , 487.54 ,  0.00 , 595.99 ,  0.00 , 2160.48 
417.90 ,  0.00 , 417.90 ,  0.00 , 564.73 ,  0.00 , 2057.73 
417.90 ,  0.00 , 417.90 ,  0.00 , 543.26 ,  0.00 , 1954.27 
348.25 ,  0.00 , 348.25 ,  0.00 , 530.20 ,  0.00 , 1914.13 
348.25 ,  0.00 , 348.25 ,  0.00 ,  0.00 ,  0.00 ,  0.00 
69.65 ,  0.00 , 69.65 ,  0.00 ,  0.00 ,  0.00 ,  0.00 
 0.00 ,  0.00 ,  0.00 ,  0.00 ,  0.00 ,  0.00 ,  0.00 
 0.00 ,  0.00 ,  0.00 ,  0.00 ,  0.00 ,  0.00 ,  0.00 
 0.00 ,  0.00 ,  0.00 ,  0.00 ,  0.00 ,  0.00 ,  0.00 
 0.00 ,  0.00 ,  0.00 ,  0.00 ,  0.00 ,  0.00 ,  0.00 
69.65 ,  0.00 , 69.65 ,  0.00 ,  0.00 ,  0.00 ,  0.00 
208.95 ,  0.00 , 208.95 ,  0.00 ,  0.00 ,  0.00 ,  0.00 
696.49 ,  0.00 , 696.49 ,  0.00 ,  0.00 ,  0.00 ,  0.00 
487.54 ,  0.00 , 487.54 ,  0.00 ,  0.00 ,  0.00 ,  0.00 
487.54 ,  0.00 , 487.54 ,  0.00 ,  0.00 ,  0.00 ,  0.00 
417.90 ,  0.00 , 417.90 ,  0.00 ,  0.00 ,  0.00 ,  0.00 
417.90 ,  0.00 , 417.90 ,  0.00 ,  0.00 ,  0.00 ,  0.00 
348.25 ,  0.00 , 348.25 ,  0.00 ,  0.00 ,  0.00 ,  0.00 
348.25 ,  0.00 , 348.25 ,  0.00 ,  0.00 ,  0.00 ,  0.00 
278.60 ,  0.00 , 278.60 ,  0.00 ,  0.00 ,  0.00 ,  0.00 
208.95 ,  0.00 , 208.95 ,  0.00 , 1261.84 ,  0.00 , 5150.97 
278.60 ,  0.00 , 278.60 ,  0.00 , 725.72 ,  0.00 , 2538.30 
278.60 ,  0.00 , 278.60 ,  0.00 , 711.38 ,  0.00 , 2496.30 
348.25 ,  0.00 , 348.25 ,  0.00 , 678.07 ,  0.00 , 2408.15 
487.54 ,  0.00 , 487.54 ,  0.00 , 672.01 ,  0.00 , 2428.84 
417.90 ,  0.00 , 417.90 ,  0.00 , 639.42 ,  0.00 , 2343.54 
417.90 ,  0.00 , 417.90 ,  0.00 , 606.89 ,  0.00 , 2241.29 
348.25 ,  0.00 , 348.25 ,  0.00 , 585.42 ,  0.00 , 2139.36 
348.25 ,  0.00 , 348.25 ,  0.00 ,  0.00 ,  0.00 ,  0.00 
69.65 ,  0.00 , 69.65 ,  0.00 ,  0.00 ,  0.00 ,  0.00 
 0.00 ,  0.00 ,  0.00 ,  0.00 ,  0.00 ,  0.00 ,  0.00 
 0.00 ,  0.00 ,  0.00 ,  0.00 ,  0.00 ,  0.00 ,  0.00 
 0.00 ,  0.00 ,  0.00 ,  0.00 ,  0.00 ,  0.00 ,  0.00 
 0.00 ,  0.00 ,  0.00 ,  0.00 ,  0.00 ,  0.00 ,  0.00 
69.65 ,  0.00 , 69.65 ,  0.00 ,  0.00 ,  0.00 ,  0.00 
208.95 ,  0.00 , 208.95 ,  0.00 ,  0.00 ,  0.00 ,  0.00 
696.49 ,  0.00 , 696.49 ,  0.00 ,  0.00 ,  0.00 ,  0.00 
487.54 ,  0.00 , 487.54 ,  0.00 ,  0.00 ,  0.00 ,  0.00 
487.54 ,  0.00 , 487.54 ,  0.00 ,  0.00 ,  0.00 ,  0.00 
417.90 ,  0.00 , 417.90 ,  0.00 ,  0.00 ,  0.00 ,  0.00 
417.90 ,  0.00 , 417.90 ,  0.00 ,  0.00 ,  0.00 ,  0.00 
348.25 ,  0.00 , 348.25 ,  0.00 ,  0.00 ,  0.00 ,  0.00 
348.25 ,  0.00 , 348.25 ,  0.00 ,  0.00 ,  0.00 ,  0.00 
278.60 ,  0.00 , 278.60 ,  0.00 ,  0.00 ,  0.00 ,  0.00 
208.95 ,  0.00 , 208.95 ,  0.00 , 1289.18 ,  0.00 , 4970.78 
278.60 ,  0.00 , 278.60 ,  0.00 , 742.20 ,  0.00 , 2511.47 
278.60 ,  0.00 , 278.60 ,  0.00 , 711.34 ,  0.00 , 2378.61 
348.25 ,  0.00 , 348.25 ,  0.00 , 674.54 ,  0.00 , 2272.21 
487.54 ,  0.00 , 487.54 ,  0.00 , 660.20 ,  0.00 , 2297.39 
417.90 ,  0.00 , 417.90 ,  0.00 , 613.09 ,  0.00 , 2167.18 
417.90 ,  0.00 , 417.90 ,  0.00 , 575.40 ,  0.00 , 2013.19 
348.25 ,  0.00 , 348.25 ,  0.00 , 547.22 ,  0.00 , 1908.69 
348.25 ,  0.00 , 348.25 ,  0.00 ,  0.00 ,  0.00 ,  0.00 
69.65 ,  0.00 , 69.65 ,  0.00 ,  0.00 ,  0.00 ,  0.00 
 0.00 ,  0.00 ,  0.00 ,  0.00 ,  0.00 ,  0.00 ,  0.00 
 0.00 ,  0.00 ,  0.00 ,  0.00 ,  0.00 ,  0.00 ,  0.00 
 0.00 ,  0.00 ,  0.00 ,  0.00 ,  0.00 ,  0.00 ,  0.00 
 0.00 ,  0.00 ,  0.00 ,  0.00 ,  0.00 ,  0.00 ,  0.00 
69.65 ,  0.00 , 69.65 ,  0.00 ,  0.00 ,  0.00 ,  0.00 
208.95 ,  0.00 , 208.95 ,  0.00 ,  0.00 ,  0.00 ,  0.00 
696.49 ,  0.00 , 696.49 ,  0.00 ,  0.00 ,  0.00 ,  0.00 
487.54 ,  0.00 , 487.54 ,  0.00 ,  0.00 ,  0.00 ,  0.00 
487.54 ,  0.00 , 487.54 ,  0.00 ,  0.00 ,  0.00 ,  0.00 
417.90 ,  0.00 , 417.90 ,  0.00 ,  0.00 ,  0.00 ,  0.00 
417.90 ,  0.00 , 417.90 ,  0.00 ,  0.00 ,  0.00 ,  0.00 
348.25 ,  0.00 , 348.25 ,  0.00 ,  0.00 ,  0.00 ,  0.00 
348.25 ,  0.00 , 348.25 ,  0.00 ,  0.00 ,  0.00 ,  0.00 
278.60 ,  0.00 , 278.60 ,  0.00 ,  0.00 ,  0.00 ,  0.00 
208.95 ,  0.00 , 208.95 ,  0.00 , 988.78 ,  0.00 , 3746.99 
278.60 ,  0.00 , 278.60 ,  0.00 , 633.34 ,  0.00 , 1988.76 
278.60 ,  0.00 , 278.60 ,  0.00 , 604.66 ,  0.00 , 1848.35 
348.25 ,  0.00 , 348.25 ,  0.00 , 579.83 ,  0.00 , 1790.18 
487.54 ,  0.00 , 487.54 ,  0.00 , 560.35 ,  0.00 , 1833.61 
417.90 ,  0.00 , 417.90 ,  0.00 , 534.92 ,  0.00 , 1695.97 
417.90 ,  0.00 , 417.90 ,  0.00 , 513.48 ,  0.00 , 1640.70 
348.25 ,  0.00 , 348.25 ,  0.00 , 498.13 ,  0.00 , 1563.30 
348.25 ,  0.00 , 348.25 ,  0.00 ,  0.00 ,  0.00 ,  0.00 
69.65 ,  0.00 , 69.65 ,  0.00 ,  0.00 ,  0.00 ,  0.00 
 0.00 ,  0.00 ,  0.00 ,  0.00 ,  0.00 ,  0.00 ,  0.00 
 0.00 ,  0.00 ,  0.00 ,  0.00 ,  0.00 ,  0.00 ,  0.00 
 0.00 ,  0.00 ,  0.00 ,  0.00 ,  0.00 ,  0.00 ,  0.00 
 0.00 ,  0.00 ,  0.00 ,  0.00 ,  0.00 ,  0.00 ,  0.00 
69.65 ,  0.00 , 69.65 ,  0.00 ,  0.00 ,  0.00 ,  0.00 
208.95 ,  0.00 , 208.95 ,  0.00 ,  0.00 ,  0.00 ,  0.00 
696.49 ,  0.00 , 696.49 ,  0.00 ,  0.00 ,  0.00 ,  0.00 
487.54 ,  0.00 , 487.54 ,  0.00 ,  0.00 ,  0.00 ,  0.00 
487.54 ,  0.00 , 487.54 ,  0.00 ,  0.00 ,  0.00 ,  0.00 
417.90 ,  0.00 , 417.90 ,  0.00 ,  0.00 ,  0.00 ,  0.00 
417.90 ,  0.00 , 417.90 ,  0.00 ,  0.00 ,  0.00 ,  0.00 
348.25 ,  0.00 , 348.25 ,  0.00 ,  0.00 ,  0.00 ,  0.00 
348.25 ,  0.00 , 348.25 ,  0.00 ,  0.00 ,  0.00 ,  0.00 
278.60 ,  0.00 , 278.60 ,  0.00 ,  0.00 ,  0.00 ,  0.00 
208.95 ,  0.00 , 208.95 ,  0.00 , 987.36 ,  0.00 , 3857.16 
278.60 ,  0.00 , 278.60 ,  0.00 , 630.12 ,  0.00 , 1977.13 
278.60 ,  0.00 , 278.60 ,  0.00 , 601.37 ,  0.00 , 1895.10 
348.25 ,  0.00 , 348.25 ,  0.00 , 582.95 ,  0.00 , 1825.02 
487.54 ,  0.00 , 487.54 ,  0.00 , 578.91 ,  0.00 , 1922.11 
417.90 ,  0.00 , 417.90 ,  0.00 , 549.28 ,  0.00 , 1820.34 
417.90 ,  0.00 , 417.90 ,  0.00 , 531.77 ,  0.00 , 1744.53 
348.25 ,  0.00 , 348.25 ,  0.00 , 519.64 ,  0.00 , 1705.06 
348.25 ,  0.00 , 348.25 ,  0.00 ,  0.00 ,  0.00 ,  0.00 
69.65 ,  0.00 , 69.65 ,  0.00 ,  0.00 ,  0.00 ,  0.00 
 0.00 ,  0.00 ,  0.00 ,  0.00 ,  0.00 ,  0.00 ,  0.00 
 0.00 ,  0.00 ,  0.00 ,  0.00 ,  0.00 ,  0.00 ,  0.00 
 0.00 ,  0.00 ,  0.00 ,  0.00 ,  0.00 ,  0.00 ,  0.00 
 0.00 ,  0.00 ,  0.00 ,  0.00 ,  0.00 ,  0.00 ,  0.00 
69.65 ,  0.00 , 69.65 ,  0.00 ,  0.00 ,  0.00 ,  0.00 
208.95 ,  0.00 , 208.95 ,  0.00 ,  0.00 ,  0.00 ,  0.00 
696.49 ,  0.00 , 696.49 ,  0.00 ,  0.00 ,  0.00 ,  0.00 
487.54 ,  0.00 , 487.54 ,  0.00 ,  0.00 ,  0.00 ,  0.00 
487.54 ,  0.00 , 487.54 ,  0.00 ,  0.00 ,  0.00 ,  0.00 
417.90 ,  0.00 , 417.90 ,  0.00 ,  0.00 ,  0.00 ,  0.00 
417.90 ,  0.00 , 417.90 ,  0.00 ,  0.00 ,  0.00 ,  0.00 
348.25 ,  0.00 , 348.25 ,  0.00 ,  0.00 ,  0.00 ,  0.00 
348.25 ,  0.00 , 348.25 ,  0.00 ,  0.00 ,  0.00 ,  0.00 
278.60 ,  0.00 , 278.60 ,  0.00 ,  0.00 ,  0.00 ,  0.00 
208.95 ,  0.00 , 208.95 ,  0.00 , 1373.63 ,  0.00 , 5086.49 
278.60 ,  0.00 , 278.60 ,  0.00 , 789.85 ,  0.00 , 2610.63 
278.60 ,  0.00 , 278.60 ,  0.00 , 765.30 ,  0.00 , 2465.31 
348.25 ,  0.00 , 348.25 ,  0.00 , 737.37 ,  0.00 , 2423.92 
487.54 ,  0.00 , 487.54 ,  0.00 , 720.59 ,  0.00 , 2442.80 
417.90 ,  0.00 , 417.90 ,  0.00 , 667.66 ,  0.00 , 2310.52 
417.90 ,  0.00 , 417.90 ,  0.00 , 628.49 ,  0.00 , 2175.68 
348.25 ,  0.00 , 348.25 ,  0.00 , 598.11 ,  0.00 , 2081.32 
348.25 ,  0.00 , 348.25 ,  0.00 ,  0.00 ,  0.00 ,  0.00 
71.39 ,  0.00 , 71.39 ,  0.00 ,  0.00 ,  0.00 ,  0.00 
 0.00 ,  0.00 ,  0.00 ,  0.00 ,  0.00 ,  0.00 ,  0.00 
 0.00 ,  0.00 ,  0.00 ,  0.00 ,  0.00 ,  0.00 ,  0.00 
 0.00 ,  0.00 ,  0.00 ,  0.00 ,  0.00 ,  0.00 ,  0.00 
 0.00 ,  0.00 ,  0.00 ,  0.00 ,  0.00 ,  0.00 ,  0.00 
71.39 ,  0.00 , 71.39 ,  0.00 ,  0.00 ,  0.00 ,  0.00 
214.17 ,  0.00 , 214.17 ,  0.00 ,  0.00 ,  0.00 ,  0.00 
713.91 ,  0.00 , 713.91 ,  0.00 ,  0.00 ,  0.00 ,  0.00 
499.74 ,  0.00 , 499.74 ,  0.00 ,  0.00 ,  0.00 ,  0.00 
499.74 ,  0.00 , 499.74 ,  0.00 ,  0.00 ,  0.00 ,  0.00 
428.35 ,  0.00 , 428.35 ,  0.00 ,  0.00 ,  0.00 ,  0.00 
428.35 ,  0.00 , 428.35 ,  0.00 ,  0.00 ,  0.00 ,  0.00 
356.95 ,  0.00 , 356.95 ,  0.00 ,  0.00 ,  0.00 ,  0.00 
356.95 ,  0.00 , 356.95 ,  0.00 ,  0.00 ,  0.00 ,  0.00 
285.56 ,  0.00 , 285.56 ,  0.00 ,  0.00 ,  0.00 ,  0.00 
214.17 ,  0.00 , 214.17 ,  0.00 , 1508.13 ,  0.00 , 5897.94 
285.56 ,  0.00 , 285.56 ,  0.00 , 826.97 ,  0.00 , 2982.62 
285.56 ,  0.00 , 285.56 ,  0.00 , 775.01 ,  0.00 , 2826.18 
356.95 ,  0.00 , 356.95 ,  0.00 , 718.76 ,  0.00 , 2697.11 
499.74 ,  0.00 , 499.74 ,  0.00 , 694.28 ,  0.00 , 2679.72 
428.35 ,  0.00 , 428.35 ,  0.00 , 651.52 ,  0.00 , 2545.77 
428.35 ,  0.00 , 428.35 ,  0.00 , 627.21 ,  0.00 , 2455.88 
356.95 ,  0.00 , 356.95 ,  0.00 , 609.49 ,  0.00 , 2399.09 
356.95 ,  0.00 , 356.95 ,  0.00 ,  0.00 ,  0.00 ,  0.00 
71.39 ,  0.00 , 71.39 ,  0.00 ,  0.00 ,  0.00 ,  0.00 
 0.00 ,  0.00 ,  0.00 ,  0.00 ,  0.00 ,  0.00 ,  0.00 
 0.00 ,  0.00 ,  0.00 ,  0.00 ,  0.00 ,  0.00 ,  0.00 
 0.00 ,  0.00 ,  0.00 ,  0.00 ,  0.00 ,  0.00 ,  0.00 
 0.00 ,  0.00 ,  0.00 ,  0.00 ,  0.00 ,  0.00 ,  0.00 
71.39 ,  0.00 , 71.39 ,  0.00 ,  0.00 ,  0.00 ,  0.00 
214.17 ,  0.00 , 214.17 ,  0.00 ,  0.00 ,  0.00 ,  0.00 
713.91 ,  0.00 , 713.91 ,  0.00 ,  0.00 ,  0.00 ,  0.00 
499.74 ,  0.00 , 499.74 ,  0.00 ,  0.00 ,  0.00 ,  0.00 
499.74 ,  0.00 , 499.74 ,  0.00 ,  0.00 ,  0.00 ,  0.00 
428.35 ,  0.00 , 428.35 ,  0.00 ,  0.00 ,  0.00 ,  0.00 
428.35 ,  0.00 , 428.35 ,  0.00 ,  0.00 ,  0.00 ,  0.00 
356.95 ,  0.00 , 356.95 ,  0.00 ,  0.00 ,  0.00 ,  0.00 
356.95 ,  0.00 , 356.95 ,  0.00 ,  0.00 ,  0.00 ,  0.00 
285.56 ,  0.00 , 285.56 ,  0.00 ,  0.00 ,  0.00 ,  0.00 
214.17 ,  0.00 , 214.17 ,  0.00 , 1497.42 ,  0.00 , 6502.28 
285.56 ,  0.00 , 285.56 ,  0.00 , 755.43 ,  0.00 , 2796.48 
285.56 ,  0.00 , 285.56 ,  0.00 , 727.58 ,  0.00 , 2803.07 
356.95 ,  0.00 , 356.95 ,  0.00 , 685.40 ,  0.00 , 2701.41 
499.74 ,  0.00 , 499.74 ,  0.00 , 687.12 ,  0.00 , 2791.55 
428.35 ,  0.00 , 428.35 ,  0.00 , 662.11 ,  0.00 , 2703.61 
428.35 ,  0.00 , 428.35 ,  0.00 , 631.45 ,  0.00 , 2621.92 
356.95 ,  0.00 , 356.95 ,  0.00 , 606.82 ,  0.00 , 2511.63 
356.95 ,  0.00 , 356.95 ,  0.00 ,  0.00 ,  0.00 ,  0.00 
71.39 ,  0.00 , 71.39 ,  0.00 ,  0.00 ,  0.00 ,  0.00 
 0.00 ,  0.00 ,  0.00 ,  0.00 ,  0.00 ,  0.00 ,  0.00 
 0.00 ,  0.00 ,  0.00 ,  0.00 ,  0.00 ,  0.00 ,  0.00 
 0.00 ,  0.00 ,  0.00 ,  0.00 ,  0.00 ,  0.00 ,  0.00 
 0.00 ,  0.00 ,  0.00 ,  0.00 ,  0.00 ,  0.00 ,  0.00 
71.39 ,  0.00 , 71.39 ,  0.00 ,  0.00 ,  0.00 ,  0.00 
214.17 ,  0.00 , 214.17 ,  0.00 ,  0.00 ,  0.00 ,  0.00 
713.91 ,  0.00 , 713.91 ,  0.00 ,  0.00 ,  0.00 ,  0.00 
499.74 ,  0.00 , 499.74 ,  0.00 ,  0.00 ,  0.00 ,  0.00 
499.74 ,  0.00 , 499.74 ,  0.00 ,  0.00 ,  0.00 ,  0.00 
428.35 ,  0.00 , 428.35 ,  0.00 ,  0.00 ,  0.00 ,  0.00 
428.35 ,  0.00 , 428.35 ,  0.00 ,  0.00 ,  0.00 ,  0.00 
356.95 ,  0.00 , 356.95 ,  0.00 ,  0.00 ,  0.00 ,  0.00 
356.95 ,  0.00 , 356.95 ,  0.00 ,  0.00 ,  0.00 ,  0.00 
285.56 ,  0.00 , 285.56 ,  0.00 ,  0.00 ,  0.00 ,  0.00 
214.17 ,  0.00 , 214.17 ,  0.00 , 1601.06 ,  0.00 , 6230.67 
285.56 ,  0.00 , 285.56 ,  0.00 , 844.55 ,  0.00 , 3005.65 
285.56 ,  0.00 , 285.56 ,  0.00 , 806.44 ,  0.00 , 2891.06 
356.95 ,  0.00 , 356.95 ,  0.00 , 751.29 ,  0.00 , 2787.70 
499.74 ,  0.00 , 499.74 ,  0.00 , 727.50 ,  0.00 , 2781.44 
428.35 ,  0.00 , 428.35 ,  0.00 , 682.82 ,  0.00 , 2647.43 
428.35 ,  0.00 , 428.35 ,  0.00 , 654.76 ,  0.00 , 2532.30 
356.95 ,  0.00 , 356.95 ,  0.00 , 625.90 ,  0.00 , 2458.36 
356.95 ,  0.00 , 356.95 ,  0.00 ,  0.00 ,  0.00 ,  0.00 
71.39 ,  0.00 , 71.39 ,  0.00 ,  0.00 ,  0.00 ,  0.00 
 0.00 ,  0.00 ,  0.00 ,  0.00 ,  0.00 ,  0.00 ,  0.00 
 0.00 ,  0.00 ,  0.00 ,  0.00 ,  0.00 ,  0.00 ,  0.00 
 0.00 ,  0.00 ,  0.00 ,  0.00 ,  0.00 ,  0.00 ,  0.00 
 0.00 ,  0.00 ,  0.00 ,  0.00 ,  0.00 ,  0.00 ,  0.00 
71.39 ,  0.00 , 71.39 ,  0.00 ,  0.00 ,  0.00 ,  0.00 
214.17 ,  0.00 , 214.17 ,  0.00 ,  0.00 ,  0.00 ,  0.00 
713.91 ,  0.00 , 713.91 ,  0.00 ,  0.00 ,  0.00 ,  0.00 
499.74 ,  0.00 , 499.74 ,  0.00 ,  0.00 ,  0.00 ,  0.00 
499.74 ,  0.00 , 499.74 ,  0.00 ,  0.00 ,  0.00 ,  0.00 
428.35 ,  0.00 , 428.35 ,  0.00 ,  0.00 ,  0.00 ,  0.00 
428.35 ,  0.00 , 428.35 ,  0.00 ,  0.00 ,  0.00 ,  0.00 
356.95 ,  0.00 , 356.95 ,  0.00 ,  0.00 ,  0.00 ,  0.00 
356.95 ,  0.00 , 356.95 ,  0.00 ,  0.00 ,  0.00 ,  0.00 
285.56 ,  0.00 , 285.56 ,  0.00 ,  0.00 ,  0.00 ,  0.00 
214.17 ,  0.00 , 214.17 ,  0.00 , 1707.50 ,  0.00 , 6555.38 
285.56 ,  0.00 , 285.56 ,  0.00 , 892.47 ,  0.00 , 3150.62 
285.56 ,  0.00 , 285.56 ,  0.00 , 853.70 ,  0.00 , 3036.70 
356.95 ,  0.00 , 356.95 ,  0.00 , 797.18 ,  0.00 , 2949.86 
499.74 ,  0.00 , 499.74 ,  0.00 , 782.94 ,  0.00 , 2948.50 
428.35 ,  0.00 , 428.35 ,  0.00 , 739.64 ,  0.00 , 2845.79 
428.35 ,  0.00 , 428.35 ,  0.00 , 707.89 ,  0.00 , 2729.57 
356.95 ,  0.00 , 356.95 ,  0.00 , 676.12 ,  0.00 , 2660.97 
356.95 ,  0.00 , 356.95 ,  0.00 ,  0.00 ,  0.00 ,  0.00 
71.39 ,  0.00 , 71.39 ,  0.00 ,  0.00 ,  0.00 ,  0.00 
 0.00 ,  0.00 ,  0.00 ,  0.00 ,  0.00 ,  0.00 ,  0.00 
 0.00 ,  0.00 ,  0.00 ,  0.00 ,  0.00 ,  0.00 ,  0.00 
 0.00 ,  0.00 ,  0.00 ,  0.00 ,  0.00 ,  0.00 ,  0.00 
 0.00 ,  0.00 ,  0.00 ,  0.00 ,  0.00 ,  0.00 ,  0.00 
71.39 ,  0.00 , 71.39 ,  0.00 ,  0.00 ,  0.00 ,  0.00 
214.17 ,  0.00 , 214.17 ,  0.00 ,  0.00 ,  0.00 ,  0.00 
713.91 ,  0.00 , 713.91 ,  0.00 ,  0.00 ,  0.00 ,  0.00 
499.74 ,  0.00 , 499.74 ,  0.00 ,  0.00 ,  0.00 ,  0.00 
499.74 ,  0.00 , 499.74 ,  0.00 ,  0.00 ,  0.00 ,  0.00 
428.35 ,  0.00 , 428.35 ,  0.00 ,  0.00 ,  0.00 ,  0.00 
428.35 ,  0.00 , 428.35 ,  0.00 ,  0.00 ,  0.00 ,  0.00 
356.95 ,  0.00 , 356.95 ,  0.00 ,  0.00 ,  0.00 ,  0.00 
356.95 ,  0.00 , 356.95 ,  0.00 ,  0.00 ,  0.00 ,  0.00 
285.56 ,  0.00 , 285.56 ,  0.00 ,  0.00 ,  0.00 ,  0.00 
214.17 ,  0.00 , 214.17 ,  0.00 , 1717.40 ,  0.00 , 6698.86 
285.56 ,  0.00 , 285.56 ,  0.00 , 877.79 ,  0.00 , 3200.53 
285.56 ,  0.00 , 285.56 ,  0.00 , 830.44 ,  0.00 , 3042.70 
356.95 ,  0.00 , 356.95 ,  0.00 , 788.97 ,  0.00 , 2962.46 
499.74 ,  0.00 , 499.74 ,  0.00 , 768.84 ,  0.00 , 2985.24 
428.35 ,  0.00 , 428.35 ,  0.00 , 718.07 ,  0.00 , 2832.15 
428.35 ,  0.00 , 428.35 ,  0.00 , 675.53 ,  0.00 , 2699.12 
356.95 ,  0.00 , 356.95 ,  0.00 , 647.35 ,  0.00 , 2580.10 
356.95 ,  0.00 , 356.95 ,  0.00 ,  0.00 ,  0.00 ,  0.00 
71.39 ,  0.00 , 71.39 ,  0.00 ,  0.00 ,  0.00 ,  0.00 
 0.00 ,  0.00 ,  0.00 ,  0.00 ,  0.00 ,  0.00 ,  0.00 
 0.00 ,  0.00 ,  0.00 ,  0.00 ,  0.00 ,  0.00 ,  0.00 
 0.00 ,  0.00 ,  0.00 ,  0.00 ,  0.00 ,  0.00 ,  0.00 
 0.00 ,  0.00 ,  0.00 ,  0.00 ,  0.00 ,  0.00 ,  0.00 
71.39 ,  0.00 , 71.39 ,  0.00 ,  0.00 ,  0.00 ,  0.00 
214.17 ,  0.00 , 214.17 ,  0.00 ,  0.00 ,  0.00 ,  0.00 
713.91 ,  0.00 , 713.91 ,  0.00 ,  0.00 ,  0.00 ,  0.00 
499.74 ,  0.00 , 499.74 ,  0.00 ,  0.00 ,  0.00 ,  0.00 
499.74 ,  0.00 , 499.74 ,  0.00 ,  0.00 ,  0.00 ,  0.00 
428.35 ,  0.00 , 428.35 ,  0.00 ,  0.00 ,  0.00 ,  0.00 
428.35 ,  0.00 , 428.35 ,  0.00 ,  0.00 ,  0.00 ,  0.00 
356.95 ,  0.00 , 356.95 ,  0.00 ,  0.00 ,  0.00 ,  0.00 
356.95 ,  0.00 , 356.95 ,  0.00 ,  0.00 ,  0.00 ,  0.00 
285.56 ,  0.00 , 285.56 ,  0.00 ,  0.00 ,  0.00 ,  0.00 
214.17 ,  0.00 , 214.17 ,  0.00 , 1429.86 ,  0.00 , 5537.17 
285.56 ,  0.00 , 285.56 ,  0.00 , 803.97 ,  0.00 , 2839.89 
285.56 ,  0.00 , 285.56 ,  0.00 , 766.41 ,  0.00 , 2688.67 
356.95 ,  0.00 , 356.95 ,  0.00 , 721.03 ,  0.00 , 2552.61 
499.74 ,  0.00 , 499.74 ,  0.00 , 688.64 ,  0.00 , 2539.96 
428.35 ,  0.00 , 428.35 ,  0.00 , 638.23 ,  0.00 , 2340.27 
428.35 ,  0.00 , 428.35 ,  0.00 , 602.54 ,  0.00 , 2213.46 
356.95 ,  0.00 , 356.95 ,  0.00 , 563.25 ,  0.00 , 2105.09 
356.95 ,  0.00 , 356.95 ,  0.00 ,  0.00 ,  0.00 ,  0.00 
71.39 ,  0.00 , 71.39 ,  0.00 ,  0.00 ,  0.00 ,  0.00 
 0.00 ,  0.00 ,  0.00 ,  0.00 ,  0.00 ,  0.00 ,  0.00 
 0.00 ,  0.00 ,  0.00 ,  0.00 ,  0.00 ,  0.00 ,  0.00 
 0.00 ,  0.00 ,  0.00 ,  0.00 ,  0.00 ,  0.00 ,  0.00 
 0.00 ,  0.00 ,  0.00 ,  0.00 ,  0.00 ,  0.00 ,  0.00 
71.39 ,  0.00 , 71.39 ,  0.00 ,  0.00 ,  0.00 ,  0.00 
214.17 ,  0.00 , 214.17 ,  0.00 ,  0.00 ,  0.00 ,  0.00 
713.91 ,  0.00 , 713.91 ,  0.00 ,  0.00 ,  0.00 ,  0.00 
499.74 ,  0.00 , 499.74 ,  0.00 ,  0.00 ,  0.00 ,  0.00 
499.74 ,  0.00 , 499.74 ,  0.00 ,  0.00 ,  0.00 ,  0.00 
428.35 ,  0.00 , 428.35 ,  0.00 ,  0.00 ,  0.00 ,  0.00 
428.35 ,  0.00 , 428.35 ,  0.00 ,  0.00 ,  0.00 ,  0.00 
356.95 ,  0.00 , 356.95 ,  0.00 ,  0.00 ,  0.00 ,  0.00 
356.95 ,  0.00 , 356.95 ,  0.00 ,  0.00 ,  0.00 ,  0.00 
285.56 ,  0.00 , 285.56 ,  0.00 ,  0.00 ,  0.00 ,  0.00 
214.17 ,  0.00 , 214.17 ,  0.00 , 923.18 ,  0.00 , 3672.10 
285.56 ,  0.00 , 285.56 ,  0.00 , 598.52 ,  0.00 , 1937.73 
285.56 ,  0.00 , 285.56 ,  0.00 , 562.14 ,  0.00 , 1783.09 
356.95 ,  0.00 , 356.95 ,  0.00 , 526.17 ,  0.00 , 1676.94 
499.74 ,  0.00 , 499.74 ,  0.00 , 511.53 ,  0.00 , 1679.13 
428.35 ,  0.00 , 428.35 ,  0.00 , 492.07 ,  0.00 , 1562.07 
428.35 ,  0.00 , 428.35 ,  0.00 , 472.42 ,  0.00 , 1497.03 
356.95 ,  0.00 , 356.95 ,  0.00 , 452.20 ,  0.00 , 1410.86 
356.95 ,  0.00 , 356.95 ,  0.00 ,  0.00 ,  0.00 ,  0.00 
71.39 ,  0.00 , 71.39 ,  0.00 ,  0.00 ,  0.00 ,  0.00 
 0.00 ,  0.00 ,  0.00 ,  0.00 ,  0.00 ,  0.00 ,  0.00 
 0.00 ,  0.00 ,  0.00 ,  0.00 ,  0.00 ,  0.00 ,  0.00 
 0.00 ,  0.00 ,  0.00 ,  0.00 ,  0.00 ,  0.00 ,  0.00 
 0.00 ,  0.00 ,  0.00 ,  0.00 ,  0.00 ,  0.00 ,  0.00 
71.39 ,  0.00 , 71.39 ,  0.00 ,  0.00 ,  0.00 ,  0.00 
214.17 ,  0.00 , 214.17 ,  0.00 ,  0.00 ,  0.00 ,  0.00 
713.91 ,  0.00 , 713.91 ,  0.00 ,  0.00 ,  0.00 ,  0.00 
499.74 ,  0.00 , 499.74 ,  0.00 ,  0.00 ,  0.00 ,  0.00 
499.74 ,  0.00 , 499.74 ,  0.00 ,  0.00 ,  0.00 ,  0.00 
428.35 ,  0.00 , 428.35 ,  0.00 ,  0.00 ,  0.00 ,  0.00 
428.35 ,  0.00 , 428.35 ,  0.00 ,  0.00 ,  0.00 ,  0.00 
356.95 ,  0.00 , 356.95 ,  0.00 ,  0.00 ,  0.00 ,  0.00 
356.95 ,  0.00 , 356.95 ,  0.00 ,  0.00 ,  0.00 ,  0.00 
285.56 ,  0.00 , 285.56 ,  0.00 ,  0.00 ,  0.00 ,  0.00 
214.17 ,  0.00 , 214.17 ,  0.00 , 985.97 ,  0.00 , 3722.24 
285.56 ,  0.00 , 285.56 ,  0.00 , 648.78 ,  0.00 , 2036.81 
285.56 ,  0.00 , 285.56 ,  0.00 , 610.46 ,  0.00 , 1882.56 
356.95 ,  0.00 , 356.95 ,  0.00 , 572.66 ,  0.00 , 1783.44 
499.74 ,  0.00 , 499.74 ,  0.00 , 556.75 ,  0.00 , 1782.42 
428.35 ,  0.00 , 428.35 ,  0.00 , 528.66 ,  0.00 , 1669.23 
428.35 ,  0.00 , 428.35 ,  0.00 , 506.41 ,  0.00 , 1594.97 
356.95 ,  0.00 , 356.95 ,  0.00 , 485.50 ,  0.00 , 1518.24 
356.95 ,  0.00 , 356.95 ,  0.00 ,  0.00 ,  0.00 ,  0.00 
71.39 ,  0.00 , 71.39 ,  0.00 ,  0.00 ,  0.00 ,  0.00 
 0.00 ,  0.00 ,  0.00 ,  0.00 ,  0.00 ,  0.00 ,  0.00 
 0.00 ,  0.00 ,  0.00 ,  0.00 ,  0.00 ,  0.00 ,  0.00 
 0.00 ,  0.00 ,  0.00 ,  0.00 ,  0.00 ,  0.00 ,  0.00 
 0.00 ,  0.00 ,  0.00 ,  0.00 ,  0.00 ,  0.00 ,  0.00 
71.39 ,  0.00 , 71.39 ,  0.00 ,  0.00 ,  0.00 ,  0.00 
214.17 ,  0.00 , 214.17 ,  0.00 ,  0.00 ,  0.00 ,  0.00 
713.91 ,  0.00 , 713.91 ,  0.00 ,  0.00 ,  0.00 ,  0.00 
499.74 ,  0.00 , 499.74 ,  0.00 ,  0.00 ,  0.00 ,  0.00 
499.74 ,  0.00 , 499.74 ,  0.00 ,  0.00 ,  0.00 ,  0.00 
428.35 ,  0.00 , 428.35 ,  0.00 ,  0.00 ,  0.00 ,  0.00 
428.35 ,  0.00 , 428.35 ,  0.00 ,  0.00 ,  0.00 ,  0.00 
356.95 ,  0.00 , 356.95 ,  0.00 ,  0.00 ,  0.00 ,  0.00 
356.95 ,  0.00 , 356.95 ,  0.00 ,  0.00 ,  0.00 ,  0.00 
285.56 ,  0.00 , 285.56 ,  0.00 ,  0.00 ,  0.00 ,  0.00 
214.17 ,  0.00 , 214.17 ,  0.00 , 730.84 ,  0.00 , 2800.60 
285.56 ,  0.00 , 285.56 ,  0.00 , 542.06 ,  0.00 , 1567.49 
285.56 ,  0.00 , 285.56 ,  0.00 , 513.27 ,  0.00 , 1425.58 
356.95 ,  0.00 , 356.95 ,  0.00 , 482.83 ,  0.00 , 1314.56 
499.74 ,  0.00 , 499.74 ,  0.00 , 471.13 ,  0.00 , 1328.03 
428.35 ,  0.00 , 428.35 ,  0.00 , 450.81 ,  0.00 , 1229.70 
428.35 ,  0.00 , 428.35 ,  0.00 , 433.54 ,  0.00 , 1156.12 
356.95 ,  0.00 , 356.95 ,  0.00 , 417.22 ,  0.00 , 1079.99 
356.95 ,  0.00 , 356.95 ,  0.00 ,  0.00 ,  0.00 ,  0.00 
71.39 ,  0.00 , 71.39 ,  0.00 ,  0.00 ,  0.00 ,  0.00 
 0.00 ,  0.00 ,  0.00 ,  0.00 ,  0.00 ,  0.00 ,  0.00 
 0.00 ,  0.00 ,  0.00 ,  0.00 ,  0.00 ,  0.00 ,  0.00 
 0.00 ,  0.00 ,  0.00 ,  0.00 ,  0.00 ,  0.00 ,  0.00 
 0.00 ,  0.00 ,  0.00 ,  0.00 ,  0.00 ,  0.00 ,  0.00 
71.39 ,  0.00 , 71.39 ,  0.00 ,  0.00 ,  0.00 ,  0.00 
214.17 ,  0.00 , 214.17 ,  0.00 ,  0.00 ,  0.00 ,  0.00 
713.91 ,  0.00 , 713.91 ,  0.00 ,  0.00 ,  0.00 ,  0.00 
499.74 ,  0.00 , 499.74 ,  0.00 ,  0.00 ,  0.00 ,  0.00 
499.74 ,  0.00 , 499.74 ,  0.00 ,  0.00 ,  0.00 ,  0.00 
428.35 ,  0.00 , 428.35 ,  0.00 ,  0.00 ,  0.00 ,  0.00 
428.35 ,  0.00 , 428.35 ,  0.00 ,  0.00 ,  0.00 ,  0.00 
356.95 ,  0.00 , 356.95 ,  0.00 ,  0.00 ,  0.00 ,  0.00 
356.95 ,  0.00 , 356.95 ,  0.00 ,  0.00 ,  0.00 ,  0.00 
285.56 ,  0.00 , 285.56 ,  0.00 ,  0.00 ,  0.00 ,  0.00 
214.17 ,  0.00 , 214.17 ,  0.00 , 496.63 ,  0.00 , 1201.97 
285.56 ,  0.00 , 285.56 ,  0.00 , 470.09 ,  0.00 , 854.06 
285.56 ,  0.00 , 285.56 ,  0.00 , 454.52 ,  0.00 , 799.16 
356.95 ,  0.00 , 356.95 ,  0.00 , 434.48 ,  0.00 , 757.11 
499.74 ,  0.00 , 499.74 ,  0.00 , 424.29 ,  0.00 , 782.70 
428.35 ,  0.00 , 428.35 ,  0.00 , 409.23 ,  0.00 , 702.16 
428.35 ,  0.00 , 428.35 ,  0.00 , 395.80 ,  0.00 , 638.98 
356.95 ,  0.00 , 356.95 ,  0.00 , 383.31 ,  0.00 , 583.36 
356.95 ,  0.00 , 356.95 ,  0.00 ,  0.00 ,  0.00 ,  0.00 
71.39 ,  0.00 , 71.39 ,  0.00 ,  0.00 ,  0.00 ,  0.00 
 0.00 ,  0.00 ,  0.00 ,  0.00 ,  0.00 ,  0.00 ,  0.00 
 0.00 ,  0.00 ,  0.00 ,  0.00 ,  0.00 ,  0.00 ,  0.00 
 0.00 ,  0.00 ,  0.00 ,  0.00 ,  0.00 ,  0.00 ,  0.00 
 0.00 ,  0.00 ,  0.00 ,  0.00 ,  0.00 ,  0.00 ,  0.00 
71.39 ,  0.00 , 71.39 ,  0.00 ,  0.00 ,  0.00 ,  0.00 
214.17 ,  0.00 , 214.17 ,  0.00 ,  0.00 ,  0.00 ,  0.00 
713.91 ,  0.00 , 713.91 ,  0.00 ,  0.00 ,  0.00 ,  0.00 
499.74 ,  0.00 , 499.74 ,  0.00 ,  0.00 ,  0.00 ,  0.00 
499.74 ,  0.00 , 499.74 ,  0.00 ,  0.00 ,  0.00 ,  0.00 
428.35 ,  0.00 , 428.35 ,  0.00 ,  0.00 ,  0.00 ,  0.00 
428.35 ,  0.00 , 428.35 ,  0.00 ,  0.00 ,  0.00 ,  0.00 
356.95 ,  0.00 , 356.95 ,  0.00 ,  0.00 ,  0.00 ,  0.00 
356.95 ,  0.00 , 356.95 ,  0.00 ,  0.00 ,  0.00 ,  0.00 
285.56 ,  0.00 , 285.56 ,  0.00 ,  0.00 ,  0.00 ,  0.00 
214.17 ,  0.00 , 214.17 ,  0.00 ,  0.00 ,  0.00 ,  0.00 
285.56 ,  0.00 , 285.56 ,  0.00 ,  0.00 ,  0.00 ,  0.00 
285.56 ,  0.00 , 285.56 ,  0.00 ,  0.00 ,  0.00 ,  0.00 
356.95 ,  0.00 , 356.95 ,  0.00 ,  0.00 ,  0.00 ,  0.00 
499.74 ,  0.00 , 499.74 ,  0.00 ,  0.00 ,  0.00 ,  0.00 
428.35 ,  0.00 , 428.35 ,  0.00 ,  0.00 ,  0.00 ,  0.00 
428.35 ,  0.00 , 428.35 ,  0.00 ,  0.00 ,  0.00 ,  0.00 
356.95 ,  0.00 , 356.95 ,  0.00 ,  0.00 ,  0.00 ,  0.00 
356.95 ,  0.00 , 356.95 ,  0.00 ,  0.00 ,  0.00 ,  0.00 
71.39 ,  0.00 , 71.39 ,  0.00 ,  0.00 ,  0.00 ,  0.00 
 0.00 ,  0.00 ,  0.00 ,  0.00 ,  0.00 ,  0.00 ,  0.00 
 0.00 ,  0.00 ,  0.00 ,  0.00 ,  0.00 ,  0.00 ,  0.00 
 0.00 ,  0.00 ,  0.00 ,  0.00 ,  0.00 ,  0.00 ,  0.00 
 0.00 ,  0.00 ,  0.00 ,  0.00 ,  0.00 ,  0.00 ,  0.00 
71.39 ,  0.00 , 71.39 ,  0.00 ,  0.00 ,  0.00 ,  0.00 
214.17 ,  0.00 , 214.17 ,  0.00 ,  0.00 ,  0.00 ,  0.00 
713.91 ,  0.00 , 713.91 ,  0.00 ,  0.00 ,  0.00 ,  0.00 
499.74 ,  0.00 , 499.74 ,  0.00 ,  0.00 ,  0.00 ,  0.00 
499.74 ,  0.00 , 499.74 ,  0.00 ,  0.00 ,  0.00 ,  0.00 
428.35 ,  0.00 , 428.35 ,  0.00 ,  0.00 ,  0.00 ,  0.00 
428.35 ,  0.00 , 428.35 ,  0.00 ,  0.00 ,  0.00 ,  0.00 
356.95 ,  0.00 , 356.95 ,  0.00 ,  0.00 ,  0.00 ,  0.00 
356.95 ,  0.00 , 356.95 ,  0.00 ,  0.00 ,  0.00 ,  0.00 
285.56 ,  0.00 , 285.56 ,  0.00 ,  0.00 ,  0.00 ,  0.00 
214.17 ,  0.00 , 214.17 ,  0.00 ,  0.00 ,  0.00 ,  0.00 
285.56 ,  0.00 , 285.56 ,  0.00 ,  0.00 ,  0.00 ,  0.00 
285.56 ,  0.00 , 285.56 ,  0.00 ,  0.00 ,  0.00 ,  0.00 
356.95 ,  0.00 , 356.95 ,  0.00 ,  0.00 ,  0.00 ,  0.00 
499.74 ,  0.00 , 499.74 ,  0.00 ,  0.00 ,  0.00 ,  0.00 
428.35 ,  0.00 , 428.35 ,  0.00 ,  0.00 ,  0.00 ,  0.00 
428.35 ,  0.00 , 428.35 ,  0.00 ,  0.00 ,  0.00 ,  0.00 
356.95 ,  0.00 , 356.95 ,  0.00 ,  0.00 ,  0.00 ,  0.00 
356.95 ,  0.00 , 356.95 ,  0.00 ,  0.00 ,  0.00 ,  0.00 
71.39 ,  0.00 , 71.39 ,  0.00 ,  0.00 ,  0.00 ,  0.00 
 0.00 ,  0.00 ,  0.00 ,  0.00 ,  0.00 ,  0.00 ,  0.00 
 0.00 ,  0.00 ,  0.00 ,  0.00 ,  0.00 ,  0.00 ,  0.00 
 0.00 ,  0.00 ,  0.00 ,  0.00 ,  0.00 ,  0.00 ,  0.00 
 0.00 ,  0.00 ,  0.00 ,  0.00 ,  0.00 ,  0.00 ,  0.00 
71.39 ,  0.00 , 71.39 ,  0.00 ,  0.00 ,  0.00 ,  0.00 
214.17 ,  0.00 , 214.17 ,  0.00 ,  0.00 ,  0.00 ,  0.00 
713.91 ,  0.00 , 713.91 ,  0.00 ,  0.00 ,  0.00 ,  0.00 
499.74 ,  0.00 , 499.74 ,  0.00 ,  0.00 ,  0.00 ,  0.00 
499.74 ,  0.00 , 499.74 ,  0.00 ,  0.00 ,  0.00 ,  0.00 
428.35 ,  0.00 , 428.35 ,  0.00 ,  0.00 ,  0.00 ,  0.00 
428.35 ,  0.00 , 428.35 ,  0.00 ,  0.00 ,  0.00 ,  0.00 
356.95 ,  0.00 , 356.95 ,  0.00 ,  0.00 ,  0.00 ,  0.00 
356.95 ,  0.00 , 356.95 ,  0.00 ,  0.00 ,  0.00 ,  0.00 
285.56 ,  0.00 , 285.56 ,  0.00 ,  0.00 ,  0.00 ,  0.00 
214.17 ,  0.00 , 214.17 ,  0.00 ,  0.00 ,  0.00 ,  0.00 
285.56 ,  0.00 , 285.56 ,  0.00 ,  0.00 ,  0.00 ,  0.00 
285.56 ,  0.00 , 285.56 ,  0.00 ,  0.00 ,  0.00 ,  0.00 
356.95 ,  0.00 , 356.95 ,  0.00 ,  0.00 ,  0.00 ,  0.00 
499.74 ,  0.00 , 499.74 ,  0.00 ,  0.00 ,  0.00 ,  0.00 
428.35 ,  0.00 , 428.35 ,  0.00 ,  0.00 ,  0.00 ,  0.00 
428.35 ,  0.00 , 428.35 ,  0.00 ,  0.00 ,  0.00 ,  0.00 
356.95 ,  0.00 , 356.95 ,  0.00 ,  0.00 ,  0.00 ,  0.00 
356.95 ,  0.00 , 356.95 ,  0.00 ,  0.00 ,  0.00 ,  0.00 
71.39 ,  0.00 , 71.39 ,  0.00 ,  0.00 ,  0.00 ,  0.00 
 0.00 ,  0.00 ,  0.00 ,  0.00 ,  0.00 ,  0.00 ,  0.00 
 0.00 ,  0.00 ,  0.00 ,  0.00 ,  0.00 ,  0.00 ,  0.00 
 0.00 ,  0.00 ,  0.00 ,  0.00 ,  0.00 ,  0.00 ,  0.00 
 0.00 ,  0.00 ,  0.00 ,  0.00 ,  0.00 ,  0.00 ,  0.00 
71.39 ,  0.00 , 71.39 ,  0.00 ,  0.00 ,  0.00 ,  0.00 
214.17 ,  0.00 , 214.17 ,  0.00 ,  0.00 ,  0.00 ,  0.00 
713.91 ,  0.00 , 713.91 ,  0.00 ,  0.00 ,  0.00 ,  0.00 
499.74 ,  0.00 , 499.74 ,  0.00 ,  0.00 ,  0.00 ,  0.00 
499.74 ,  0.00 , 499.74 ,  0.00 ,  0.00 ,  0.00 ,  0.00 
428.35 ,  0.00 , 428.35 ,  0.00 ,  0.00 ,  0.00 ,  0.00 
428.35 ,  0.00 , 428.35 ,  0.00 ,  0.00 ,  0.00 ,  0.00 
356.95 ,  0.00 , 356.95 ,  0.00 ,  0.00 ,  0.00 ,  0.00 
356.95 ,  0.00 , 356.95 ,  0.00 ,  0.00 ,  0.00 ,  0.00 
285.56 ,  0.00 , 285.56 ,  0.00 ,  0.00 ,  0.00 ,  0.00 
214.17 ,  0.00 , 214.17 ,  0.00 ,  0.00 ,  0.00 ,  0.00 
285.56 ,  0.00 , 285.56 ,  0.00 ,  0.00 ,  0.00 ,  0.00 
285.56 ,  0.00 , 285.56 ,  0.00 ,  0.00 ,  0.00 ,  0.00 
356.95 ,  0.00 , 356.95 ,  0.00 ,  0.00 ,  0.00 ,  0.00 
499.74 ,  0.00 , 499.74 ,  0.00 ,  0.00 ,  0.00 ,  0.00 
428.35 ,  0.00 , 428.35 ,  0.00 ,  0.00 ,  0.00 ,  0.00 
428.35 ,  0.00 , 428.35 ,  0.00 ,  0.00 ,  0.00 ,  0.00 
356.95 ,  0.00 , 356.95 ,  0.00 ,  0.00 ,  0.00 ,  0.00 
356.95 ,  0.00 , 356.95 ,  0.00 ,  0.00 ,  0.00 ,  0.00 
71.39 ,  0.00 , 71.39 ,  0.00 ,  0.00 ,  0.00 ,  0.00 
 0.00 ,  0.00 ,  0.00 ,  0.00 ,  0.00 ,  0.00 ,  0.00 
 0.00 ,  0.00 ,  0.00 ,  0.00 ,  0.00 ,  0.00 ,  0.00 
 0.00 ,  0.00 ,  0.00 ,  0.00 ,  0.00 ,  0.00 ,  0.00 
 0.00 ,  0.00 ,  0.00 ,  0.00 ,  0.00 ,  0.00 ,  0.00 
71.39 ,  0.00 , 71.39 ,  0.00 ,  0.00 ,  0.00 ,  0.00 
214.17 ,  0.00 , 214.17 ,  0.00 ,  0.00 ,  0.00 ,  0.00 
713.91 ,  0.00 , 713.91 ,  0.00 ,  0.00 ,  0.00 ,  0.00 
499.74 ,  0.00 , 499.74 ,  0.00 ,  0.00 ,  0.00 ,  0.00 
499.74 ,  0.00 , 499.74 ,  0.00 ,  0.00 ,  0.00 ,  0.00 
428.35 ,  0.00 , 428.35 ,  0.00 ,  0.00 ,  0.00 ,  0.00 
428.35 ,  0.00 , 428.35 ,  0.00 ,  0.00 ,  0.00 ,  0.00 
356.95 ,  0.00 , 356.95 ,  0.00 ,  0.00 ,  0.00 ,  0.00 
356.95 ,  0.00 , 356.95 ,  0.00 ,  0.00 ,  0.00 ,  0.00 
285.56 ,  0.00 , 285.56 ,  0.00 ,  0.00 ,  0.00 ,  0.00 
214.17 ,  0.00 , 214.17 ,  0.00 , 476.64 ,  0.00 , 732.34 
285.56 ,  0.00 , 285.56 ,  0.00 , 478.51 ,  0.00 , 732.36 
285.56 ,  0.00 , 285.56 ,  0.00 , 467.16 ,  0.00 , 722.10 
356.95 ,  0.00 , 356.95 ,  0.00 , 447.57 ,  0.00 , 656.27 
499.74 ,  0.00 , 499.74 ,  0.00 , 438.31 ,  0.00 , 691.52 
428.35 ,  0.00 , 428.35 ,  0.00 , 425.35 ,  0.00 , 631.86 
428.35 ,  0.00 , 428.35 ,  0.00 , 413.63 ,  0.00 , 592.45 
356.95 ,  0.00 , 356.95 ,  0.00 , 407.17 ,  0.00 , 548.04 
356.95 ,  0.00 , 356.95 ,  0.00 ,  0.00 ,  0.00 ,  0.00 
71.39 ,  0.00 , 71.39 ,  0.00 ,  0.00 ,  0.00 ,  0.00 
 0.00 ,  0.00 ,  0.00 ,  0.00 ,  0.00 ,  0.00 ,  0.00 
 0.00 ,  0.00 ,  0.00 ,  0.00 ,  0.00 ,  0.00 ,  0.00 
 0.00 ,  0.00 ,  0.00 ,  0.00 ,  0.00 ,  0.00 ,  0.00 
 0.00 ,  0.00 ,  0.00 ,  0.00 ,  0.00 ,  0.00 ,  0.00 
71.39 ,  0.00 , 71.39 ,  0.00 ,  0.00 ,  0.00 ,  0.00 
214.17 ,  0.00 , 214.17 ,  0.00 ,  0.00 ,  0.00 ,  0.00 
713.91 ,  0.00 , 713.91 ,  0.00 ,  0.00 ,  0.00 ,  0.00 
499.74 ,  0.00 , 499.74 ,  0.00 ,  0.00 ,  0.00 ,  0.00 
499.74 ,  0.00 , 499.74 ,  0.00 ,  0.00 ,  0.00 ,  0.00 
428.35 ,  0.00 , 428.35 ,  0.00 ,  0.00 ,  0.00 ,  0.00 
428.35 ,  0.00 , 428.35 ,  0.00 ,  0.00 ,  0.00 ,  0.00 
356.95 ,  0.00 , 356.95 ,  0.00 ,  0.00 ,  0.00 ,  0.00 
356.95 ,  0.00 , 356.95 ,  0.00 ,  0.00 ,  0.00 ,  0.00 
285.56 ,  0.00 , 285.56 ,  0.00 ,  0.00 ,  0.00 ,  0.00 
214.17 ,  0.00 , 214.17 ,  0.00 , 489.65 ,  0.00 , 924.00 
285.56 ,  0.00 , 285.56 ,  0.00 , 481.48 ,  0.00 , 780.92 
285.56 ,  0.00 , 285.56 ,  0.00 , 466.58 ,  0.00 , 726.76 
356.95 ,  0.00 , 356.95 ,  0.00 , 446.69 ,  0.00 , 677.51 
499.74 ,  0.00 , 499.74 ,  0.00 , 436.82 ,  0.00 , 708.65 
428.35 ,  0.00 , 428.35 ,  0.00 , 417.45 ,  0.00 , 647.48 
428.35 ,  0.00 , 428.35 ,  0.00 , 403.88 ,  0.00 , 571.04 
356.95 ,  0.00 , 356.95 ,  0.00 , 391.97 ,  0.00 , 525.70 
356.95 ,  0.00 , 356.95 ,  0.00 ,  0.00 ,  0.00 ,  0.00 
71.39 ,  0.00 , 71.39 ,  0.00 ,  0.00 ,  0.00 ,  0.00 
 0.00 ,  0.00 ,  0.00 ,  0.00 ,  0.00 ,  0.00 ,  0.00 
 0.00 ,  0.00 ,  0.00 ,  0.00 ,  0.00 ,  0.00 ,  0.00 
 0.00 ,  0.00 ,  0.00 ,  0.00 ,  0.00 ,  0.00 ,  0.00 
 0.00 ,  0.00 ,  0.00 ,  0.00 ,  0.00 ,  0.00 ,  0.00 
71.39 ,  0.00 , 71.39 ,  0.00 ,  0.00 ,  0.00 ,  0.00 
214.17 ,  0.00 , 214.17 ,  0.00 ,  0.00 ,  0.00 ,  0.00 
713.91 ,  0.00 , 713.91 ,  0.00 ,  0.00 ,  0.00 ,  0.00 
499.74 ,  0.00 , 499.74 ,  0.00 ,  0.00 ,  0.00 ,  0.00 
499.74 ,  0.00 , 499.74 ,  0.00 ,  0.00 ,  0.00 ,  0.00 
428.35 ,  0.00 , 428.35 ,  0.00 ,  0.00 ,  0.00 ,  0.00 
428.35 ,  0.00 , 428.35 ,  0.00 ,  0.00 ,  0.00 ,  0.00 
356.95 ,  0.00 , 356.95 ,  0.00 ,  0.00 ,  0.00 ,  0.00 
356.95 ,  0.00 , 356.95 ,  0.00 ,  0.00 ,  0.00 ,  0.00 
285.56 ,  0.00 , 285.56 ,  0.00 ,  0.00 ,  0.00 ,  0.00 
214.17 ,  0.00 , 214.17 ,  0.00 ,  0.00 ,  0.00 ,  0.00 
285.56 ,  0.00 , 285.56 ,  0.00 ,  0.00 ,  0.00 ,  0.00 
285.56 ,  0.00 , 285.56 ,  0.00 ,  0.00 ,  0.00 ,  0.00 
356.95 ,  0.00 , 356.95 ,  0.00 ,  0.00 ,  0.00 ,  0.00 
499.74 ,  0.00 , 499.74 ,  0.00 ,  0.00 ,  0.00 ,  0.00 
428.35 ,  0.00 , 428.35 ,  0.00 ,  0.00 ,  0.00 ,  0.00 
428.35 ,  0.00 , 428.35 ,  0.00 ,  0.00 ,  0.00 ,  0.00 
356.95 ,  0.00 , 356.95 ,  0.00 ,  0.00 ,  0.00 ,  0.00 
356.95 ,  0.00 , 356.95 ,  0.00 ,  0.00 ,  0.00 ,  0.00 
71.39 ,  0.00 , 71.39 ,  0.00 ,  0.00 ,  0.00 ,  0.00 
 0.00 ,  0.00 ,  0.00 ,  0.00 ,  0.00 ,  0.00 ,  0.00 
 0.00 ,  0.00 ,  0.00 ,  0.00 ,  0.00 ,  0.00 ,  0.00 
 0.00 ,  0.00 ,  0.00 ,  0.00 ,  0.00 ,  0.00 ,  0.00 
 0.00 ,  0.00 ,  0.00 ,  0.00 ,  0.00 ,  0.00 ,  0.00 
71.39 ,  0.00 , 71.39 ,  0.00 ,  0.00 ,  0.00 ,  0.00 
214.17 ,  0.00 , 214.17 ,  0.00 ,  0.00 ,  0.00 ,  0.00 
713.91 ,  0.00 , 713.91 ,  0.00 ,  0.00 ,  0.00 ,  0.00 
499.74 ,  0.00 , 499.74 ,  0.00 ,  0.00 ,  0.00 ,  0.00 
499.74 ,  0.00 , 499.74 ,  0.00 ,  0.00 ,  0.00 ,  0.00 
428.35 ,  0.00 , 428.35 ,  0.00 ,  0.00 ,  0.00 ,  0.00 
428.35 ,  0.00 , 428.35 ,  0.00 ,  0.00 ,  0.00 ,  0.00 
356.95 ,  0.00 , 356.95 ,  0.00 ,  0.00 ,  0.00 ,  0.00 
356.95 ,  0.00 , 356.95 ,  0.00 ,  0.00 ,  0.00 ,  0.00 
285.56 ,  0.00 , 285.56 ,  0.00 ,  0.00 ,  0.00 ,  0.00 
214.17 ,  0.00 , 214.17 ,  0.00 ,  0.00 ,  0.00 ,  0.00 
285.56 ,  0.00 , 285.56 ,  0.00 ,  0.00 ,  0.00 ,  0.00 
285.56 ,  0.00 , 285.56 ,  0.00 ,  0.00 ,  0.00 ,  0.00 
356.95 ,  0.00 , 356.95 ,  0.00 ,  0.00 ,  0.00 ,  0.00 
499.74 ,  0.00 , 499.74 ,  0.00 , 440.64 ,  0.00 , 194.25 
428.35 ,  0.00 , 428.35 ,  0.00 , 430.80 ,  0.00 , 228.41 
428.35 ,  0.00 , 428.35 ,  0.00 , 420.68 ,  0.00 , 237.57 
356.95 ,  0.00 , 356.95 ,  0.00 , 415.72 ,  0.00 , 240.93 
356.95 ,  0.00 , 356.95 ,  0.00 ,  0.00 ,  0.00 ,  0.00 
71.39 ,  0.00 , 71.39 ,  0.00 ,  0.00 ,  0.00 ,  0.00 
 0.00 ,  0.00 ,  0.00 ,  0.00 ,  0.00 ,  0.00 ,  0.00 
 0.00 ,  0.00 ,  0.00 ,  0.00 ,  0.00 ,  0.00 ,  0.00 
 0.00 ,  0.00 ,  0.00 ,  0.00 ,  0.00 ,  0.00 ,  0.00 
 0.00 ,  0.00 ,  0.00 ,  0.00 ,  0.00 ,  0.00 ,  0.00 
71.39 ,  0.00 , 71.39 ,  0.00 ,  0.00 ,  0.00 ,  0.00 
214.17 ,  0.00 , 214.17 ,  0.00 ,  0.00 ,  0.00 ,  0.00 
713.91 ,  0.00 , 713.91 ,  0.00 ,  0.00 ,  0.00 ,  0.00 
499.74 ,  0.00 , 499.74 ,  0.00 ,  0.00 ,  0.00 ,  0.00 
499.74 ,  0.00 , 499.74 ,  0.00 ,  0.00 ,  0.00 ,  0.00 
428.35 ,  0.00 , 428.35 ,  0.00 ,  0.00 ,  0.00 ,  0.00 
428.35 ,  0.00 , 428.35 ,  0.00 ,  0.00 ,  0.00 ,  0.00 
356.95 ,  0.00 , 356.95 ,  0.00 ,  0.00 ,  0.00 ,  0.00 
356.95 ,  0.00 , 356.95 ,  0.00 ,  0.00 ,  0.00 ,  0.00 
285.56 ,  0.00 , 285.56 ,  0.00 ,  0.00 ,  0.00 ,  0.00 
214.17 ,  0.00 , 214.17 ,  0.00 ,  0.00 ,  0.00 ,  0.00 
285.56 ,  0.00 , 285.56 ,  0.00 , 442.85 ,  0.00 , 269.48 
285.56 ,  0.00 , 285.56 ,  0.00 , 438.18 ,  0.00 , 293.82 
356.95 ,  0.00 , 356.95 ,  0.00 , 422.32 ,  0.00 , 292.66 
499.74 ,  0.00 , 499.74 ,  0.00 , 417.99 ,  0.00 , 342.50 
428.35 ,  0.00 , 428.35 ,  0.00 , 407.69 ,  0.00 , 342.09 
428.35 ,  0.00 , 428.35 ,  0.00 , 397.23 ,  0.00 , 320.70 
356.95 ,  0.00 , 356.95 ,  0.00 , 391.81 ,  0.00 , 289.77 
356.95 ,  0.00 , 356.95 ,  0.00 ,  0.00 ,  0.00 ,  0.00 
71.39 ,  0.00 , 71.39 ,  0.00 ,  0.00 ,  0.00 ,  0.00 
 0.00 ,  0.00 ,  0.00 ,  0.00 ,  0.00 ,  0.00 ,  0.00 
 0.00 ,  0.00 ,  0.00 ,  0.00 ,  0.00 ,  0.00 ,  0.00 
 0.00 ,  0.00 ,  0.00 ,  0.00 ,  0.00 ,  0.00 ,  0.00 
 0.00 ,  0.00 ,  0.00 ,  0.00 ,  0.00 ,  0.00 ,  0.00 
71.39 ,  0.00 , 71.39 ,  0.00 ,  0.00 ,  0.00 ,  0.00 
214.17 ,  0.00 , 214.17 ,  0.00 ,  0.00 ,  0.00 ,  0.00 
713.91 ,  0.00 , 713.91 ,  0.00 ,  0.00 ,  0.00 ,  0.00 
499.74 ,  0.00 , 499.74 ,  0.00 ,  0.00 ,  0.00 ,  0.00 
499.74 ,  0.00 , 499.74 ,  0.00 ,  0.00 ,  0.00 ,  0.00 
428.35 ,  0.00 , 428.35 ,  0.00 ,  0.00 ,  0.00 ,  0.00 
428.35 ,  0.00 , 428.35 ,  0.00 ,  0.00 ,  0.00 ,  0.00 
356.95 ,  0.00 , 356.95 ,  0.00 ,  0.00 ,  0.00 ,  0.00 
356.95 ,  0.00 , 356.95 ,  0.00 ,  0.00 ,  0.00 ,  0.00 
285.56 ,  0.00 , 285.56 ,  0.00 ,  0.00 ,  0.00 ,  0.00 
214.17 ,  0.00 , 214.17 ,  0.00 ,  0.00 ,  0.00 ,  0.00 
285.56 ,  0.00 , 285.56 ,  0.00 ,  0.00 ,  0.00 ,  0.00 
285.56 ,  0.00 , 285.56 ,  0.00 ,  0.00 ,  0.00 ,  0.00 
356.95 ,  0.00 , 356.95 ,  0.00 ,  0.00 ,  0.00 ,  0.00 
499.74 ,  0.00 , 499.74 ,  0.00 ,  0.00 ,  0.00 ,  0.00 
428.35 ,  0.00 , 428.35 ,  0.00 ,  0.00 ,  0.00 ,  0.00 
428.35 ,  0.00 , 428.35 ,  0.00 ,  0.00 ,  0.00 ,  0.00 
356.95 ,  0.00 , 356.95 ,  0.00 ,  0.00 ,  0.00 ,  0.00 
356.95 ,  0.00 , 356.95 ,  0.00 ,  0.00 ,  0.00 ,  0.00 
71.39 ,  0.00 , 71.39 ,  0.00 ,  0.00 ,  0.00 ,  0.00 
 0.00 ,  0.00 ,  0.00 ,  0.00 ,  0.00 ,  0.00 ,  0.00 
 0.00 ,  0.00 ,  0.00 ,  0.00 ,  0.00 ,  0.00 ,  0.00 
 0.00 ,  0.00 ,  0.00 ,  0.00 ,  0.00 ,  0.00 ,  0.00 
 0.00 ,  0.00 ,  0.00 ,  0.00 ,  0.00 ,  0.00 ,  0.00 
71.39 ,  0.00 , 71.39 ,  0.00 ,  0.00 ,  0.00 ,  0.00 
214.17 ,  0.00 , 214.17 ,  0.00 ,  0.00 ,  0.00 ,  0.00 
713.91 ,  0.00 , 713.91 ,  0.00 ,  0.00 ,  0.00 ,  0.00 
499.74 ,  0.00 , 499.74 ,  0.00 ,  0.00 ,  0.00 ,  0.00 
499.74 ,  0.00 , 499.74 ,  0.00 ,  0.00 ,  0.00 ,  0.00 
428.35 ,  0.00 , 428.35 ,  0.00 ,  0.00 ,  0.00 ,  0.00 
428.35 ,  0.00 , 428.35 ,  0.00 ,  0.00 ,  0.00 ,  0.00 
356.95 ,  0.00 , 356.95 ,  0.00 ,  0.00 ,  0.00 ,  0.00 
356.95 ,  0.00 , 356.95 ,  0.00 ,  0.00 ,  0.00 ,  0.00 
285.56 ,  0.00 , 285.56 ,  0.00 ,  0.00 ,  0.00 ,  0.00 
214.17 ,  0.00 , 214.17 ,  0.00 ,  0.00 ,  0.00 ,  0.00 
285.56 ,  0.00 , 285.56 ,  0.00 , 451.99 ,  0.00 , 261.86 
285.56 ,  0.00 , 285.56 ,  0.00 , 442.14 ,  0.00 , 283.02 
356.95 ,  0.00 , 356.95 ,  0.00 , 431.87 ,  0.00 , 286.72 
499.74 ,  0.00 , 499.74 ,  0.00 , 423.03 ,  0.00 , 364.61 
428.35 ,  0.00 , 428.35 ,  0.00 , 417.79 ,  0.00 , 360.08 
428.35 ,  0.00 , 428.35 ,  0.00 , 407.82 ,  0.00 , 366.68 
356.95 ,  0.00 , 356.95 ,  0.00 , 402.42 ,  0.00 , 343.78 
356.95 ,  0.00 , 356.95 ,  0.00 ,  0.00 ,  0.00 ,  0.00 
71.39 ,  0.00 , 71.39 ,  0.00 ,  0.00 ,  0.00 ,  0.00 
 0.00 ,  0.00 ,  0.00 ,  0.00 ,  0.00 ,  0.00 ,  0.00 
 0.00 ,  0.00 ,  0.00 ,  0.00 ,  0.00 ,  0.00 ,  0.00 
 0.00 ,  0.00 ,  0.00 ,  0.00 ,  0.00 ,  0.00 ,  0.00 
 0.00 ,  0.00 ,  0.00 ,  0.00 ,  0.00 ,  0.00 ,  0.00 
71.39 ,  0.00 , 71.39 ,  0.00 ,  0.00 ,  0.00 ,  0.00 
214.17 ,  0.00 , 214.17 ,  0.00 ,  0.00 ,  0.00 ,  0.00 
713.91 ,  0.00 , 713.91 ,  0.00 ,  0.00 ,  0.00 ,  0.00 
499.74 ,  0.00 , 499.74 ,  0.00 ,  0.00 ,  0.00 ,  0.00 
499.74 ,  0.00 , 499.74 ,  0.00 ,  0.00 ,  0.00 ,  0.00 
428.35 ,  0.00 , 428.35 ,  0.00 ,  0.00 ,  0.00 ,  0.00 
428.35 ,  0.00 , 428.35 ,  0.00 ,  0.00 ,  0.00 ,  0.00 
356.95 ,  0.00 , 356.95 ,  0.00 ,  0.00 ,  0.00 ,  0.00 
356.95 ,  0.00 , 356.95 ,  0.00 ,  0.00 ,  0.00 ,  0.00 
285.56 ,  0.00 , 285.56 ,  0.00 ,  0.00 ,  0.00 ,  0.00 
214.17 ,  0.00 , 214.17 ,  0.00 ,  0.00 ,  0.00 ,  0.00 
285.56 ,  0.00 , 285.56 ,  0.00 ,  0.00 ,  0.00 ,  0.00 
285.56 ,  0.00 , 285.56 ,  0.00 ,  0.00 ,  0.00 ,  0.00 
356.95 ,  0.00 , 356.95 ,  0.00 ,  0.00 ,  0.00 ,  0.00 
499.74 ,  0.00 , 499.74 ,  0.00 ,  0.00 ,  0.00 ,  0.00 
428.35 ,  0.00 , 428.35 ,  0.00 ,  0.00 ,  0.00 ,  0.00 
428.35 ,  0.00 , 428.35 ,  0.00 ,  0.00 ,  0.00 ,  0.00 
356.95 ,  0.00 , 356.95 ,  0.00 ,  0.00 ,  0.00 ,  0.00 
356.95 ,  0.00 , 356.95 ,  0.00 ,  0.00 ,  0.00 ,  0.00 
71.39 ,  0.00 , 71.39 ,  0.00 ,  0.00 ,  0.00 ,  0.00 
 0.00 ,  0.00 ,  0.00 ,  0.00 ,  0.00 ,  0.00 ,  0.00 
 0.00 ,  0.00 ,  0.00 ,  0.00 ,  0.00 ,  0.00 ,  0.00 
 0.00 ,  0.00 ,  0.00 ,  0.00 ,  0.00 ,  0.00 ,  0.00 
 0.00 ,  0.00 ,  0.00 ,  0.00 ,  0.00 ,  0.00 ,  0.00 
71.39 ,  0.00 , 71.39 ,  0.00 ,  0.00 ,  0.00 ,  0.00 
214.17 ,  0.00 , 214.17 ,  0.00 ,  0.00 ,  0.00 ,  0.00 
713.91 ,  0.00 , 713.91 ,  0.00 ,  0.00 ,  0.00 ,  0.00 
499.74 ,  0.00 , 499.74 ,  0.00 ,  0.00 ,  0.00 ,  0.00 
499.74 ,  0.00 , 499.74 ,  0.00 ,  0.00 ,  0.00 ,  0.00 
428.35 ,  0.00 , 428.35 ,  0.00 ,  0.00 ,  0.00 ,  0.00 
428.35 ,  0.00 , 428.35 ,  0.00 ,  0.00 ,  0.00 ,  0.00 
356.95 ,  0.00 , 356.95 ,  0.00 ,  0.00 ,  0.00 ,  0.00 
356.95 ,  0.00 , 356.95 ,  0.00 ,  0.00 ,  0.00 ,  0.00 
285.56 ,  0.00 , 285.56 ,  0.00 ,  0.00 ,  0.00 ,  0.00 
214.17 ,  0.00 , 214.17 ,  0.00 ,  0.00 ,  0.00 ,  0.00 
285.56 ,  0.00 , 285.56 ,  0.00 ,  0.00 ,  0.00 ,  0.00 
285.56 ,  0.00 , 285.56 ,  0.00 ,  0.00 ,  0.00 ,  0.00 
356.95 ,  0.00 , 356.95 ,  0.00 ,  0.00 ,  0.00 ,  0.00 
499.74 ,  0.00 , 499.74 ,  0.00 ,  0.00 ,  0.00 ,  0.00 
428.35 ,  0.00 , 428.35 ,  0.00 ,  0.00 ,  0.00 ,  0.00 
428.35 ,  0.00 , 428.35 ,  0.00 ,  0.00 ,  0.00 ,  0.00 
356.95 ,  0.00 , 356.95 ,  0.00 ,  0.00 ,  0.00 ,  0.00 
356.95 ,  0.00 , 356.95 ,  0.00 ,  0.00 ,  0.00 ,  0.00 
71.39 ,  0.00 , 71.39 ,  0.00 ,  0.00 ,  0.00 ,  0.00 
 0.00 ,  0.00 ,  0.00 ,  0.00 ,  0.00 ,  0.00 ,  0.00 
 0.00 ,  0.00 ,  0.00 ,  0.00 ,  0.00 ,  0.00 ,  0.00 
 0.00 ,  0.00 ,  0.00 ,  0.00 ,  0.00 ,  0.00 ,  0.00 
 0.00 ,  0.00 ,  0.00 ,  0.00 ,  0.00 ,  0.00 ,  0.00 
71.39 ,  0.00 , 71.39 ,  0.00 ,  0.00 ,  0.00 ,  0.00 
214.17 ,  0.00 , 214.17 ,  0.00 ,  0.00 ,  0.00 ,  0.00 
713.91 ,  0.00 , 713.91 ,  0.00 ,  0.00 ,  0.00 ,  0.00 
499.74 ,  0.00 , 499.74 ,  0.00 ,  0.00 ,  0.00 ,  0.00 
499.74 ,  0.00 , 499.74 ,  0.00 ,  0.00 ,  0.00 ,  0.00 
428.35 ,  0.00 , 428.35 ,  0.00 ,  0.00 ,  0.00 ,  0.00 
428.35 ,  0.00 , 428.35 ,  0.00 ,  0.00 ,  0.00 ,  0.00 
356.95 ,  0.00 , 356.95 ,  0.00 ,  0.00 ,  0.00 ,  0.00 
356.95 ,  0.00 , 356.95 ,  0.00 ,  0.00 ,  0.00 ,  0.00 
285.56 ,  0.00 , 285.56 ,  0.00 ,  0.00 ,  0.00 ,  0.00 
214.17 ,  0.00 , 214.17 ,  0.00 , 558.91 ,  0.00 , 1414.98 
285.56 ,  0.00 , 285.56 ,  0.00 , 537.21 ,  0.00 , 1168.49 
285.56 ,  0.00 , 285.56 ,  0.00 , 519.03 ,  0.00 , 1096.55 
356.95 ,  0.00 , 356.95 ,  0.00 , 493.46 ,  0.00 , 999.35 
499.74 ,  0.00 , 499.74 ,  0.00 , 490.27 ,  0.00 , 1038.44 
428.35 ,  0.00 , 428.35 ,  0.00 , 476.24 ,  0.00 , 1006.99 
428.35 ,  0.00 , 428.35 ,  0.00 , 462.17 ,  0.00 , 966.37 
356.95 ,  0.00 , 356.95 ,  0.00 , 453.72 ,  0.00 , 917.12 
356.95 ,  0.00 , 356.95 ,  0.00 ,  0.00 ,  0.00 ,  0.00 
71.39 ,  0.00 , 71.39 ,  0.00 ,  0.00 ,  0.00 ,  0.00 
 0.00 ,  0.00 ,  0.00 ,  0.00 ,  0.00 ,  0.00 ,  0.00 
 0.00 ,  0.00 ,  0.00 ,  0.00 ,  0.00 ,  0.00 ,  0.00 
 0.00 ,  0.00 ,  0.00 ,  0.00 ,  0.00 ,  0.00 ,  0.00 
 0.00 ,  0.00 ,  0.00 ,  0.00 ,  0.00 ,  0.00 ,  0.00 
71.39 ,  0.00 , 71.39 ,  0.00 ,  0.00 ,  0.00 ,  0.00 
214.17 ,  0.00 , 214.17 ,  0.00 ,  0.00 ,  0.00 ,  0.00 
713.91 ,  0.00 , 713.91 ,  0.00 ,  0.00 ,  0.00 ,  0.00 
499.74 ,  0.00 , 499.74 ,  0.00 ,  0.00 ,  0.00 ,  0.00 
499.74 ,  0.00 , 499.74 ,  0.00 ,  0.00 ,  0.00 ,  0.00 
428.35 ,  0.00 , 428.35 ,  0.00 ,  0.00 ,  0.00 ,  0.00 
428.35 ,  0.00 , 428.35 ,  0.00 ,  0.00 ,  0.00 ,  0.00 
356.95 ,  0.00 , 356.95 ,  0.00 ,  0.00 ,  0.00 ,  0.00 
356.95 ,  0.00 , 356.95 ,  0.00 ,  0.00 ,  0.00 ,  0.00 
285.56 ,  0.00 , 285.56 ,  0.00 ,  0.00 ,  0.00 ,  0.00 
214.17 ,  0.00 , 214.17 ,  0.00 , 616.87 ,  0.00 , 2002.10 
285.56 ,  0.00 , 285.56 ,  0.00 , 534.06 ,  0.00 , 1310.32 
285.56 ,  0.00 , 285.56 ,  0.00 , 510.90 ,  0.00 , 1208.34 
356.95 ,  0.00 , 356.95 ,  0.00 , 488.99 ,  0.00 , 1104.78 
499.74 ,  0.00 , 499.74 ,  0.00 , 480.72 ,  0.00 , 1158.67 
428.35 ,  0.00 , 428.35 ,  0.00 , 461.16 ,  0.00 , 1059.10 
428.35 ,  0.00 , 428.35 ,  0.00 , 445.42 ,  0.00 , 1000.05 
356.95 ,  0.00 , 356.95 ,  0.00 , 430.23 ,  0.00 , 934.04 
356.95 ,  0.00 , 356.95 ,  0.00 ,  0.00 ,  0.00 ,  0.00 
71.39 ,  0.00 , 71.39 ,  0.00 ,  0.00 ,  0.00 ,  0.00 
 0.00 ,  0.00 ,  0.00 ,  0.00 ,  0.00 ,  0.00 ,  0.00 
 0.00 ,  0.00 ,  0.00 ,  0.00 ,  0.00 ,  0.00 ,  0.00 
 0.00 ,  0.00 ,  0.00 ,  0.00 ,  0.00 ,  0.00 ,  0.00 
 0.00 ,  0.00 ,  0.00 ,  0.00 ,  0.00 ,  0.00 ,  0.00 
71.39 ,  0.00 , 71.39 ,  0.00 ,  0.00 ,  0.00 ,  0.00 
214.17 ,  0.00 , 214.17 ,  0.00 ,  0.00 ,  0.00 ,  0.00 
713.91 ,  0.00 , 713.91 ,  0.00 ,  0.00 ,  0.00 ,  0.00 
499.74 ,  0.00 , 499.74 ,  0.00 ,  0.00 ,  0.00 ,  0.00 
499.74 ,  0.00 , 499.74 ,  0.00 ,  0.00 ,  0.00 ,  0.00 
428.35 ,  0.00 , 428.35 ,  0.00 ,  0.00 ,  0.00 ,  0.00 
428.35 ,  0.00 , 428.35 ,  0.00 ,  0.00 ,  0.00 ,  0.00 
356.95 ,  0.00 , 356.95 ,  0.00 ,  0.00 ,  0.00 ,  0.00 
356.95 ,  0.00 , 356.95 ,  0.00 ,  0.00 ,  0.00 ,  0.00 
285.56 ,  0.00 , 285.56 ,  0.00 ,  0.00 ,  0.00 ,  0.00 
214.17 ,  0.00 , 214.17 ,  0.00 , 458.33 ,  0.00 , 890.22 
285.56 ,  0.00 , 285.56 ,  0.00 , 443.77 ,  0.00 , 731.62 
285.56 ,  0.00 , 285.56 ,  0.00 , 426.73 ,  0.00 , 604.42 
356.95 ,  0.00 , 356.95 ,  0.00 , 413.98 ,  0.00 , 555.72 
499.74 ,  0.00 , 499.74 ,  0.00 , 405.20 ,  0.00 , 609.24 
428.35 ,  0.00 , 428.35 ,  0.00 , 397.64 ,  0.00 , 542.02 
428.35 ,  0.00 , 428.35 ,  0.00 , 386.71 ,  0.00 , 519.33 
356.95 ,  0.00 , 356.95 ,  0.00 , 380.24 ,  0.00 , 464.95 
356.95 ,  0.00 , 356.95 ,  0.00 ,  0.00 ,  0.00 ,  0.00 
71.39 ,  0.00 , 71.39 ,  0.00 ,  0.00 ,  0.00 ,  0.00 
 0.00 ,  0.00 ,  0.00 ,  0.00 ,  0.00 ,  0.00 ,  0.00 
 0.00 ,  0.00 ,  0.00 ,  0.00 ,  0.00 ,  0.00 ,  0.00 
 0.00 ,  0.00 ,  0.00 ,  0.00 ,  0.00 ,  0.00 ,  0.00 
 0.00 ,  0.00 ,  0.00 ,  0.00 ,  0.00 ,  0.00 ,  0.00 
71.39 ,  0.00 , 71.39 ,  0.00 ,  0.00 ,  0.00 ,  0.00 
214.17 ,  0.00 , 214.17 ,  0.00 ,  0.00 ,  0.00 ,  0.00 
713.91 ,  0.00 , 713.91 ,  0.00 ,  0.00 ,  0.00 ,  0.00 
499.74 ,  0.00 , 499.74 ,  0.00 ,  0.00 ,  0.00 ,  0.00 
499.74 ,  0.00 , 499.74 ,  0.00 ,  0.00 ,  0.00 ,  0.00 
428.35 ,  0.00 , 428.35 ,  0.00 ,  0.00 ,  0.00 ,  0.00 
428.35 ,  0.00 , 428.35 ,  0.00 ,  0.00 ,  0.00 ,  0.00 
356.95 ,  0.00 , 356.95 ,  0.00 ,  0.00 ,  0.00 ,  0.00 
356.95 ,  0.00 , 356.95 ,  0.00 ,  0.00 ,  0.00 ,  0.00 
285.56 ,  0.00 , 285.56 ,  0.00 ,  0.00 ,  0.00 ,  0.00 
214.17 ,  0.00 , 214.17 ,  0.00 , 421.62 ,  0.00 , 105.38 
285.56 ,  0.00 , 285.56 ,  0.00 , 411.17 ,  0.00 , 161.36 
285.56 ,  0.00 , 285.56 ,  0.00 ,  0.00 ,  0.00 ,  0.00 
356.95 ,  0.00 , 356.95 ,  0.00 ,  0.00 ,  0.00 ,  0.00 
499.74 ,  0.00 , 499.74 ,  0.00 ,  0.00 ,  0.00 ,  0.00 
428.35 ,  0.00 , 428.35 ,  0.00 ,  0.00 ,  0.00 ,  0.00 
428.35 ,  0.00 , 428.35 ,  0.00 ,  0.00 ,  0.00 ,  0.00 
356.95 ,  0.00 , 356.95 ,  0.00 ,  0.00 ,  0.00 ,  0.00 
356.95 ,  0.00 , 356.95 ,  0.00 ,  0.00 ,  0.00 ,  0.00 
71.39 ,  0.00 , 71.39 ,  0.00 ,  0.00 ,  0.00 ,  0.00 
 0.00 ,  0.00 ,  0.00 ,  0.00 ,  0.00 ,  0.00 ,  0.00 
 0.00 ,  0.00 ,  0.00 ,  0.00 ,  0.00 ,  0.00 ,  0.00 
 0.00 ,  0.00 ,  0.00 ,  0.00 ,  0.00 ,  0.00 ,  0.00 
 0.00 ,  0.00 ,  0.00 ,  0.00 ,  0.00 ,  0.00 ,  0.00 
71.39 ,  0.00 , 71.39 ,  0.00 ,  0.00 ,  0.00 ,  0.00 
214.17 ,  0.00 , 214.17 ,  0.00 ,  0.00 ,  0.00 ,  0.00 
713.91 ,  0.00 , 713.91 ,  0.00 ,  0.00 ,  0.00 ,  0.00 
499.74 ,  0.00 , 499.74 ,  0.00 ,  0.00 ,  0.00 ,  0.00 
499.74 ,  0.00 , 499.74 ,  0.00 ,  0.00 ,  0.00 ,  0.00 
428.35 ,  0.00 , 428.35 ,  0.00 ,  0.00 ,  0.00 ,  0.00 
428.35 ,  0.00 , 428.35 ,  0.00 ,  0.00 ,  0.00 ,  0.00 
356.95 ,  0.00 , 356.95 ,  0.00 ,  0.00 ,  0.00 ,  0.00 
356.95 ,  0.00 , 356.95 ,  0.00 ,  0.00 ,  0.00 ,  0.00 
285.56 ,  0.00 , 285.56 ,  0.00 ,  0.00 ,  0.00 ,  0.00 
214.17 ,  0.00 , 214.17 ,  0.00 ,  0.00 ,  0.00 ,  0.00 
285.56 ,  0.00 , 285.56 ,  0.00 ,  0.00 ,  0.00 ,  0.00 
285.56 ,  0.00 , 285.56 ,  0.00 ,  0.00 ,  0.00 ,  0.00 
356.95 ,  0.00 , 356.95 ,  0.00 ,  0.00 ,  0.00 ,  0.00 
499.74 ,  0.00 , 499.74 ,  0.00 ,  0.00 ,  0.00 ,  0.00 
428.35 ,  0.00 , 428.35 ,  0.00 ,  0.00 ,  0.00 ,  0.00 
428.35 ,  0.00 , 428.35 ,  0.00 ,  0.00 ,  0.00 ,  0.00 
356.95 ,  0.00 , 356.95 ,  0.00 ,  0.00 ,  0.00 ,  0.00 
356.95 ,  0.00 , 356.95 ,  0.00 ,  0.00 ,  0.00 ,  0.00 
71.39 ,  0.00 , 71.39 ,  0.00 ,  0.00 ,  0.00 ,  0.00 
 0.00 ,  0.00 ,  0.00 ,  0.00 ,  0.00 ,  0.00 ,  0.00 
 0.00 ,  0.00 ,  0.00 ,  0.00 ,  0.00 ,  0.00 ,  0.00 
 0.00 ,  0.00 ,  0.00 ,  0.00 ,  0.00 ,  0.00 ,  0.00 
 0.00 ,  0.00 ,  0.00 ,  0.00 ,  0.00 ,  0.00 ,  0.00 
71.39 ,  0.00 , 71.39 ,  0.00 ,  0.00 ,  0.00 ,  0.00 
214.17 ,  0.00 , 214.17 ,  0.00 ,  0.00 ,  0.00 ,  0.00 
713.91 ,  0.00 , 713.91 ,  0.00 ,  0.00 ,  0.00 ,  0.00 
499.74 ,  0.00 , 499.74 ,  0.00 ,  0.00 ,  0.00 ,  0.00 
499.74 ,  0.00 , 499.74 ,  0.00 ,  0.00 ,  0.00 ,  0.00 
428.35 ,  0.00 , 428.35 ,  0.00 ,  0.00 ,  0.00 ,  0.00 
428.35 ,  0.00 , 428.35 ,  0.00 ,  0.00 ,  0.00 ,  0.00 
356.95 ,  0.00 , 356.95 ,  0.00 ,  0.00 ,  0.00 ,  0.00 
356.95 ,  0.00 , 356.95 ,  0.00 ,  0.00 ,  0.00 ,  0.00 
285.56 ,  0.00 , 285.56 ,  0.00 ,  0.00 ,  0.00 ,  0.00 
214.17 ,  0.00 , 214.17 ,  0.00 ,  0.00 ,  0.00 ,  0.00 
285.56 ,  0.00 , 285.56 ,  0.00 ,  0.00 ,  0.00 ,  0.00 
285.56 ,  0.00 , 285.56 ,  0.00 ,  0.00 ,  0.00 ,  0.00 
356.95 ,  0.00 , 356.95 ,  0.00 ,  0.00 ,  0.00 ,  0.00 
499.74 ,  0.00 , 499.74 ,  0.00 ,  0.00 ,  0.00 ,  0.00 
428.35 ,  0.00 , 428.35 ,  0.00 ,  0.00 ,  0.00 ,  0.00 
428.35 ,  0.00 , 428.35 ,  0.00 ,  0.00 ,  0.00 ,  0.00 
356.95 ,  0.00 , 356.95 ,  0.00 ,  0.00 ,  0.00 ,  0.00 
356.95 ,  0.00 , 356.95 ,  0.00 ,  0.00 ,  0.00 ,  0.00 
71.39 ,  0.00 , 71.39 ,  0.00 ,  0.00 ,  0.00 ,  0.00 
 0.00 ,  0.00 ,  0.00 ,  0.00 ,  0.00 ,  0.00 ,  0.00 
 0.00 ,  0.00 ,  0.00 ,  0.00 ,  0.00 ,  0.00 ,  0.00 
 0.00 ,  0.00 ,  0.00 ,  0.00 ,  0.00 ,  0.00 ,  0.00 
 0.00 ,  0.00 ,  0.00 ,  0.00 ,  0.00 ,  0.00 ,  0.00 
71.39 ,  0.00 , 71.39 ,  0.00 ,  0.00 ,  0.00 ,  0.00 
214.17 ,  0.00 , 214.17 ,  0.00 ,  0.00 ,  0.00 ,  0.00 
713.91 ,  0.00 , 713.91 ,  0.00 ,  0.00 ,  0.00 ,  0.00 
499.74 ,  0.00 , 499.74 ,  0.00 ,  0.00 ,  0.00 ,  0.00 
499.74 ,  0.00 , 499.74 ,  0.00 ,  0.00 ,  0.00 ,  0.00 
428.35 ,  0.00 , 428.35 ,  0.00 ,  0.00 ,  0.00 ,  0.00 
428.35 ,  0.00 , 428.35 ,  0.00 ,  0.00 ,  0.00 ,  0.00 
356.95 ,  0.00 , 356.95 ,  0.00 ,  0.00 ,  0.00 ,  0.00 
356.95 ,  0.00 , 356.95 ,  0.00 ,  0.00 ,  0.00 ,  0.00 
285.56 ,  0.00 , 285.56 ,  0.00 ,  0.00 ,  0.00 ,  0.00 
214.17 ,  0.00 , 214.17 ,  0.00 ,  0.00 ,  0.00 ,  0.00 
285.56 ,  0.00 , 285.56 ,  0.00 ,  0.00 ,  0.00 ,  0.00 
285.56 ,  0.00 , 285.56 ,  0.00 ,  0.00 ,  0.00 ,  0.00 
356.95 ,  0.00 , 356.95 ,  0.00 ,  0.00 ,  0.00 ,  0.00 
499.74 ,  0.00 , 499.74 ,  0.00 ,  0.00 ,  0.00 ,  0.00 
428.35 ,  0.00 , 428.35 ,  0.00 ,  0.00 ,  0.00 ,  0.00 
428.35 ,  0.00 , 428.35 ,  0.00 ,  0.00 ,  0.00 ,  0.00 
356.95 ,  0.00 , 356.95 ,  0.00 ,  0.00 ,  0.00 ,  0.00 
356.95 ,  0.00 , 356.95 ,  0.00 ,  0.00 ,  0.00 ,  0.00 
74.84 ,  0.00 , 74.84 ,  0.00 ,  0.00 ,  0.00 ,  0.00 
 0.00 ,  0.00 ,  0.00 ,  0.00 ,  0.00 ,  0.00 ,  0.00 
 0.00 ,  0.00 ,  0.00 ,  0.00 ,  0.00 ,  0.00 ,  0.00 
 0.00 ,  0.00 ,  0.00 ,  0.00 ,  0.00 ,  0.00 ,  0.00 
 0.00 ,  0.00 ,  0.00 ,  0.00 ,  0.00 ,  0.00 ,  0.00 
74.84 ,  0.00 , 74.84 ,  0.00 ,  0.00 ,  0.00 ,  0.00 
224.52 ,  0.00 , 224.52 ,  0.00 ,  0.00 ,  0.00 ,  0.00 
748.39 ,  0.00 , 748.39 ,  0.00 ,  0.00 ,  0.00 ,  0.00 
523.88 ,  0.00 , 523.88 ,  0.00 ,  0.00 ,  0.00 ,  0.00 
523.88 ,  0.00 , 523.88 ,  0.00 ,  0.00 ,  0.00 ,  0.00 
449.04 ,  0.00 , 449.04 ,  0.00 ,  0.00 ,  0.00 ,  0.00 
449.04 ,  0.00 , 449.04 ,  0.00 ,  0.00 ,  0.00 ,  0.00 
374.20 ,  0.00 , 374.20 ,  0.00 ,  0.00 ,  0.00 ,  0.00 
374.20 ,  0.00 , 374.20 ,  0.00 ,  0.00 ,  0.00 ,  0.00 
299.36 ,  0.00 , 299.36 ,  0.00 ,  0.00 ,  0.00 ,  0.00 
224.52 ,  0.00 , 224.52 ,  0.00 ,  0.00 ,  0.00 ,  0.00 
299.36 ,  0.00 , 299.36 ,  0.00 ,  0.00 ,  0.00 ,  0.00 
299.36 ,  0.00 , 299.36 ,  0.00 ,  0.00 ,  0.00 ,  0.00 
374.20 ,  0.00 , 374.20 ,  0.00 ,  0.00 ,  0.00 ,  0.00 
523.88 ,  0.00 , 523.88 ,  0.00 ,  0.00 ,  0.00 ,  0.00 
449.04 ,  0.00 , 449.04 ,  0.00 ,  0.00 ,  0.00 ,  0.00 
449.04 ,  0.00 , 449.04 ,  0.00 ,  0.00 ,  0.00 ,  0.00 
374.20 ,  0.00 , 374.20 ,  0.00 ,  0.00 ,  0.00 ,  0.00 
374.20 ,  0.00 , 374.20 ,  0.00 ,  0.00 ,  0.00 ,  0.00 
74.84 ,  0.00 , 74.84 ,  0.00 ,  0.00 ,  0.00 ,  0.00 
 0.00 ,  0.00 ,  0.00 ,  0.00 ,  0.00 ,  0.00 ,  0.00 
 0.00 ,  0.00 ,  0.00 ,  0.00 ,  0.00 ,  0.00 ,  0.00 
 0.00 ,  0.00 ,  0.00 ,  0.00 ,  0.00 ,  0.00 ,  0.00 
 0.00 ,  0.00 ,  0.00 ,  0.00 ,  0.00 ,  0.00 ,  0.00 
74.84 ,  0.00 , 74.84 ,  0.00 ,  0.00 ,  0.00 ,  0.00 
224.52 ,  0.00 , 224.52 ,  0.00 ,  0.00 ,  0.00 ,  0.00 
748.39 ,  0.00 , 748.39 ,  0.00 ,  0.00 ,  0.00 ,  0.00 
523.88 ,  0.00 , 523.88 ,  0.00 ,  0.00 ,  0.00 ,  0.00 
523.88 ,  0.00 , 523.88 ,  0.00 ,  0.00 ,  0.00 ,  0.00 
449.04 ,  0.00 , 449.04 ,  0.00 ,  0.00 ,  0.00 ,  0.00 
449.04 ,  0.00 , 449.04 ,  0.00 ,  0.00 ,  0.00 ,  0.00 
374.20 ,  0.00 , 374.20 ,  0.00 ,  0.00 ,  0.00 ,  0.00 
374.20 ,  0.00 , 374.20 ,  0.00 ,  0.00 ,  0.00 ,  0.00 
299.36 ,  0.00 , 299.36 ,  0.00 ,  0.00 ,  0.00 ,  0.00 
224.52 ,  0.00 , 224.52 ,  0.00 ,  0.00 ,  0.00 ,  0.00 
299.36 ,  0.00 , 299.36 ,  0.00 ,  0.00 ,  0.00 ,  0.00 
299.36 ,  0.00 , 299.36 ,  0.00 ,  0.00 ,  0.00 ,  0.00 
374.20 ,  0.00 , 374.20 ,  0.00 ,  0.00 ,  0.00 ,  0.00 
523.88 ,  0.00 , 523.88 ,  0.00 ,  0.00 ,  0.00 ,  0.00 
449.04 ,  0.00 , 449.04 ,  0.00 ,  0.00 ,  0.00 ,  0.00 
449.04 ,  0.00 , 449.04 ,  0.00 ,  0.00 ,  0.00 ,  0.00 
374.20 ,  0.00 , 374.20 ,  0.00 ,  0.00 ,  0.00 ,  0.00 
374.20 ,  0.00 , 374.20 ,  0.00 ,  0.00 ,  0.00 ,  0.00 
74.84 ,  0.00 , 74.84 ,  0.00 ,  0.00 ,  0.00 ,  0.00 
 0.00 ,  0.00 ,  0.00 ,  0.00 ,  0.00 ,  0.00 ,  0.00 
 0.00 ,  0.00 ,  0.00 ,  0.00 ,  0.00 ,  0.00 ,  0.00 
 0.00 ,  0.00 ,  0.00 ,  0.00 ,  0.00 ,  0.00 ,  0.00 
 0.00 ,  0.00 ,  0.00 ,  0.00 ,  0.00 ,  0.00 ,  0.00 
74.84 ,  0.00 , 74.84 ,  0.00 ,  0.00 ,  0.00 ,  0.00 
224.52 ,  0.00 , 224.52 ,  0.00 ,  0.00 ,  0.00 ,  0.00 
748.39 ,  0.00 , 748.39 ,  0.00 ,  0.00 ,  0.00 ,  0.00 
523.88 ,  0.00 , 523.88 ,  0.00 ,  0.00 ,  0.00 ,  0.00 
523.88 ,  0.00 , 523.88 ,  0.00 ,  0.00 ,  0.00 ,  0.00 
449.04 ,  0.00 , 449.04 ,  0.00 ,  0.00 ,  0.00 ,  0.00 
449.04 ,  0.00 , 449.04 ,  0.00 ,  0.00 ,  0.00 ,  0.00 
374.20 ,  0.00 , 374.20 ,  0.00 ,  0.00 ,  0.00 ,  0.00 
374.20 ,  0.00 , 374.20 ,  0.00 ,  0.00 ,  0.00 ,  0.00 
299.36 ,  0.00 , 299.36 ,  0.00 ,  0.00 ,  0.00 ,  0.00 
224.52 ,  0.00 , 224.52 ,  0.00 ,  0.00 ,  0.00 ,  0.00 
299.36 ,  0.00 , 299.36 ,  0.00 ,  0.00 ,  0.00 ,  0.00 
299.36 ,  0.00 , 299.36 ,  0.00 ,  0.00 ,  0.00 ,  0.00 
374.20 ,  0.00 , 374.20 ,  0.00 ,  0.00 ,  0.00 ,  0.00 
523.88 ,  0.00 , 523.88 ,  0.00 ,  0.00 ,  0.00 ,  0.00 
449.04 ,  0.00 , 449.04 ,  0.00 ,  0.00 ,  0.00 ,  0.00 
449.04 ,  0.00 , 449.04 ,  0.00 ,  0.00 ,  0.00 ,  0.00 
374.20 ,  0.00 , 374.20 ,  0.00 ,  0.00 ,  0.00 ,  0.00 
374.20 ,  0.00 , 374.20 ,  0.00 ,  0.00 ,  0.00 ,  0.00 
74.84 ,  0.00 , 74.84 ,  0.00 ,  0.00 ,  0.00 ,  0.00 
 0.00 ,  0.00 ,  0.00 ,  0.00 ,  0.00 ,  0.00 ,  0.00 
 0.00 ,  0.00 ,  0.00 ,  0.00 ,  0.00 ,  0.00 ,  0.00 
 0.00 ,  0.00 ,  0.00 ,  0.00 ,  0.00 ,  0.00 ,  0.00 
 0.00 ,  0.00 ,  0.00 ,  0.00 ,  0.00 ,  0.00 ,  0.00 
74.84 ,  0.00 , 74.84 ,  0.00 ,  0.00 ,  0.00 ,  0.00 
224.52 ,  0.00 , 224.52 ,  0.00 ,  0.00 ,  0.00 ,  0.00 
748.39 ,  0.00 , 748.39 ,  0.00 ,  0.00 ,  0.00 ,  0.00 
523.88 ,  0.00 , 523.88 ,  0.00 ,  0.00 ,  0.00 ,  0.00 
523.88 ,  0.00 , 523.88 ,  0.00 ,  0.00 ,  0.00 ,  0.00 
449.04 ,  0.00 , 449.04 ,  0.00 ,  0.00 ,  0.00 ,  0.00 
449.04 ,  0.00 , 449.04 ,  0.00 ,  0.00 ,  0.00 ,  0.00 
374.20 ,  0.00 , 374.20 ,  0.00 ,  0.00 ,  0.00 ,  0.00 
374.20 ,  0.00 , 374.20 ,  0.00 ,  0.00 ,  0.00 ,  0.00 
299.36 ,  0.00 , 299.36 ,  0.00 ,  0.00 ,  0.00 ,  0.00 
224.52 ,  0.00 , 224.52 ,  0.00 ,  0.00 ,  0.00 ,  0.00 
299.36 ,  0.00 , 299.36 ,  0.00 ,  0.00 ,  0.00 ,  0.00 
299.36 ,  0.00 , 299.36 ,  0.00 ,  0.00 ,  0.00 ,  0.00 
374.20 ,  0.00 , 374.20 ,  0.00 ,  0.00 ,  0.00 ,  0.00 
523.88 ,  0.00 , 523.88 ,  0.00 ,  0.00 ,  0.00 ,  0.00 
449.04 ,  0.00 , 449.04 ,  0.00 ,  0.00 ,  0.00 ,  0.00 
449.04 ,  0.00 , 449.04 ,  0.00 ,  0.00 ,  0.00 ,  0.00 
374.20 ,  0.00 , 374.20 ,  0.00 ,  0.00 ,  0.00 ,  0.00 
374.20 ,  0.00 , 374.20 ,  0.00 ,  0.00 ,  0.00 ,  0.00 
74.84 ,  0.00 , 74.84 ,  0.00 ,  0.00 ,  0.00 ,  0.00 
 0.00 ,  0.00 ,  0.00 ,  0.00 ,  0.00 ,  0.00 ,  0.00 
 0.00 ,  0.00 ,  0.00 ,  0.00 ,  0.00 ,  0.00 ,  0.00 
 0.00 ,  0.00 ,  0.00 ,  0.00 ,  0.00 ,  0.00 ,  0.00 
 0.00 ,  0.00 ,  0.00 ,  0.00 ,  0.00 ,  0.00 ,  0.00 
74.84 ,  0.00 , 74.84 ,  0.00 ,  0.00 ,  0.00 ,  0.00 
224.52 ,  0.00 , 224.52 ,  0.00 ,  0.00 ,  0.00 ,  0.00 
748.39 ,  0.00 , 748.39 ,  0.00 ,  0.00 ,  0.00 ,  0.00 
523.88 ,  0.00 , 523.88 ,  0.00 ,  0.00 ,  0.00 ,  0.00 
523.88 ,  0.00 , 523.88 ,  0.00 ,  0.00 ,  0.00 ,  0.00 
449.04 ,  0.00 , 449.04 ,  0.00 ,  0.00 ,  0.00 ,  0.00 
449.04 ,  0.00 , 449.04 ,  0.00 ,  0.00 ,  0.00 ,  0.00 
374.20 ,  0.00 , 374.20 ,  0.00 ,  0.00 ,  0.00 ,  0.00 
374.20 ,  0.00 , 374.20 ,  0.00 ,  0.00 ,  0.00 ,  0.00 
299.36 ,  0.00 , 299.36 ,  0.00 ,  0.00 ,  0.00 ,  0.00 
224.52 ,  0.00 , 224.52 ,  0.00 ,  0.00 ,  0.00 ,  0.00 
299.36 ,  0.00 , 299.36 ,  0.00 ,  0.00 ,  0.00 ,  0.00 
299.36 ,  0.00 , 299.36 ,  0.00 ,  0.00 ,  0.00 ,  0.00 
374.20 ,  0.00 , 374.20 ,  0.00 ,  0.00 ,  0.00 ,  0.00 
523.88 ,  0.00 , 523.88 ,  0.00 ,  0.00 ,  0.00 ,  0.00 
449.04 ,  0.00 , 449.04 ,  0.00 ,  0.00 ,  0.00 ,  0.00 
449.04 ,  0.00 , 449.04 ,  0.00 ,  0.00 ,  0.00 ,  0.00 
374.20 ,  0.00 , 374.20 ,  0.00 ,  0.00 ,  0.00 ,  0.00 
374.20 ,  0.00 , 374.20 ,  0.00 ,  0.00 ,  0.00 ,  0.00 
74.84 ,  0.00 , 74.84 ,  0.00 ,  0.00 ,  0.00 ,  0.00 
 0.00 ,  0.00 ,  0.00 ,  0.00 ,  0.00 ,  0.00 ,  0.00 
 0.00 ,  0.00 ,  0.00 ,  0.00 ,  0.00 ,  0.00 ,  0.00 
 0.00 ,  0.00 ,  0.00 ,  0.00 ,  0.00 ,  0.00 ,  0.00 
 0.00 ,  0.00 ,  0.00 ,  0.00 ,  0.00 ,  0.00 ,  0.00 
74.84 ,  0.00 , 74.84 ,  0.00 ,  0.00 ,  0.00 ,  0.00 
224.52 ,  0.00 , 224.52 ,  0.00 ,  0.00 ,  0.00 ,  0.00 
748.39 ,  0.00 , 748.39 ,  0.00 ,  0.00 ,  0.00 ,  0.00 
523.88 ,  0.00 , 523.88 ,  0.00 ,  0.00 ,  0.00 ,  0.00 
523.88 ,  0.00 , 523.88 ,  0.00 ,  0.00 ,  0.00 ,  0.00 
449.04 ,  0.00 , 449.04 ,  0.00 ,  0.00 ,  0.00 ,  0.00 
449.04 ,  0.00 , 449.04 ,  0.00 ,  0.00 ,  0.00 ,  0.00 
374.20 ,  0.00 , 374.20 ,  0.00 ,  0.00 ,  0.00 ,  0.00 
374.20 ,  0.00 , 374.20 ,  0.00 ,  0.00 ,  0.00 ,  0.00 
299.36 ,  0.00 , 299.36 ,  0.00 ,  0.00 ,  0.00 ,  0.00 
224.52 ,  0.00 , 224.52 ,  0.00 ,  0.00 ,  0.00 ,  0.00 
299.36 ,  0.00 , 299.36 ,  0.00 ,  0.00 ,  0.00 ,  0.00 
299.36 ,  0.00 , 299.36 ,  0.00 ,  0.00 ,  0.00 ,  0.00 
374.20 ,  0.00 , 374.20 ,  0.00 ,  0.00 ,  0.00 ,  0.00 
523.88 ,  0.00 , 523.88 ,  0.00 ,  0.00 ,  0.00 ,  0.00 
449.04 ,  0.00 , 449.04 ,  0.00 ,  0.00 ,  0.00 ,  0.00 
449.04 ,  0.00 , 449.04 ,  0.00 ,  0.00 ,  0.00 ,  0.00 
374.20 ,  0.00 , 374.20 ,  0.00 ,  0.00 ,  0.00 ,  0.00 
374.20 ,  0.00 , 374.20 ,  0.00 ,  0.00 ,  0.00 ,  0.00 
74.84 ,  0.00 , 74.84 ,  0.00 ,  0.00 ,  0.00 ,  0.00 
 0.00 ,  0.00 ,  0.00 ,  0.00 ,  0.00 ,  0.00 ,  0.00 
 0.00 ,  0.00 ,  0.00 ,  0.00 ,  0.00 ,  0.00 ,  0.00 
 0.00 ,  0.00 ,  0.00 ,  0.00 ,  0.00 ,  0.00 ,  0.00 
 0.00 ,  0.00 ,  0.00 ,  0.00 ,  0.00 ,  0.00 ,  0.00 
74.84 ,  0.00 , 74.84 ,  0.00 ,  0.00 ,  0.00 ,  0.00 
224.52 ,  0.00 , 224.52 ,  0.00 ,  0.00 ,  0.00 ,  0.00 
748.39 ,  0.00 , 748.39 ,  0.00 ,  0.00 ,  0.00 ,  0.00 
523.88 ,  0.00 , 523.88 ,  0.00 ,  0.00 ,  0.00 ,  0.00 
523.88 ,  0.00 , 523.88 ,  0.00 ,  0.00 ,  0.00 ,  0.00 
449.04 ,  0.00 , 449.04 ,  0.00 ,  0.00 ,  0.00 ,  0.00 
449.04 ,  0.00 , 449.04 ,  0.00 ,  0.00 ,  0.00 ,  0.00 
374.20 ,  0.00 , 374.20 ,  0.00 ,  0.00 ,  0.00 ,  0.00 
374.20 ,  0.00 , 374.20 ,  0.00 ,  0.00 ,  0.00 ,  0.00 
299.36 ,  0.00 , 299.36 ,  0.00 ,  0.00 ,  0.00 ,  0.00 
224.52 ,  0.00 , 224.52 ,  0.00 ,  0.00 ,  0.00 ,  0.00 
299.36 ,  0.00 , 299.36 ,  0.00 ,  0.00 ,  0.00 ,  0.00 
299.36 ,  0.00 , 299.36 ,  0.00 ,  0.00 ,  0.00 ,  0.00 
374.20 ,  0.00 , 374.20 ,  0.00 ,  0.00 ,  0.00 ,  0.00 
523.88 ,  0.00 , 523.88 ,  0.00 ,  0.00 ,  0.00 ,  0.00 
449.04 ,  0.00 , 449.04 ,  0.00 ,  0.00 ,  0.00 ,  0.00 
449.04 ,  0.00 , 449.04 ,  0.00 ,  0.00 ,  0.00 ,  0.00 
374.20 ,  0.00 , 374.20 ,  0.00 ,  0.00 ,  0.00 ,  0.00 
374.20 ,  0.00 , 374.20 ,  0.00 ,  0.00 ,  0.00 ,  0.00 
74.84 ,  0.00 , 74.84 ,  0.00 ,  0.00 ,  0.00 ,  0.00 
 0.00 ,  0.00 ,  0.00 ,  0.00 ,  0.00 ,  0.00 ,  0.00 
 0.00 ,  0.00 ,  0.00 ,  0.00 ,  0.00 ,  0.00 ,  0.00 
 0.00 ,  0.00 ,  0.00 ,  0.00 ,  0.00 ,  0.00 ,  0.00 
 0.00 ,  0.00 ,  0.00 ,  0.00 ,  0.00 ,  0.00 ,  0.00 
74.84 ,  0.00 , 74.84 ,  0.00 ,  0.00 ,  0.00 ,  0.00 
224.52 ,  0.00 , 224.52 ,  0.00 ,  0.00 ,  0.00 ,  0.00 
748.39 ,  0.00 , 748.39 ,  0.00 ,  0.00 ,  0.00 ,  0.00 
523.88 ,  0.00 , 523.88 ,  0.00 ,  0.00 ,  0.00 ,  0.00 
523.88 ,  0.00 , 523.88 ,  0.00 ,  0.00 ,  0.00 ,  0.00 
449.04 ,  0.00 , 449.04 ,  0.00 ,  0.00 ,  0.00 ,  0.00 
449.04 ,  0.00 , 449.04 ,  0.00 ,  0.00 ,  0.00 ,  0.00 
374.20 ,  0.00 , 374.20 ,  0.00 ,  0.00 ,  0.00 ,  0.00 
374.20 ,  0.00 , 374.20 ,  0.00 ,  0.00 ,  0.00 ,  0.00 
299.36 ,  0.00 , 299.36 ,  0.00 ,  0.00 ,  0.00 ,  0.00 
224.52 ,  0.00 , 224.52 ,  0.00 ,  0.00 ,  0.00 ,  0.00 
299.36 ,  0.00 , 299.36 ,  0.00 ,  0.00 ,  0.00 ,  0.00 
299.36 ,  0.00 , 299.36 ,  0.00 ,  0.00 ,  0.00 ,  0.00 
374.20 ,  0.00 , 374.20 ,  0.00 ,  0.00 ,  0.00 ,  0.00 
523.88 ,  0.00 , 523.88 ,  0.00 ,  0.00 ,  0.00 ,  0.00 
449.04 ,  0.00 , 449.04 ,  0.00 ,  0.00 ,  0.00 ,  0.00 
449.04 ,  0.00 , 449.04 ,  0.00 ,  0.00 ,  0.00 ,  0.00 
374.20 ,  0.00 , 374.20 ,  0.00 ,  0.00 ,  0.00 ,  0.00 
374.20 ,  0.00 , 374.20 ,  0.00 ,  0.00 ,  0.00 ,  0.00 
74.84 ,  0.00 , 74.84 ,  0.00 ,  0.00 ,  0.00 ,  0.00 
 0.00 ,  0.00 ,  0.00 ,  0.00 ,  0.00 ,  0.00 ,  0.00 
 0.00 ,  0.00 ,  0.00 ,  0.00 ,  0.00 ,  0.00 ,  0.00 
 0.00 ,  0.00 ,  0.00 ,  0.00 ,  0.00 ,  0.00 ,  0.00 
 0.00 ,  0.00 ,  0.00 ,  0.00 ,  0.00 ,  0.00 ,  0.00 
74.84 ,  0.00 , 74.84 ,  0.00 ,  0.00 ,  0.00 ,  0.00 
224.52 ,  0.00 , 224.52 ,  0.00 ,  0.00 ,  0.00 ,  0.00 
748.39 ,  0.00 , 748.39 ,  0.00 ,  0.00 ,  0.00 ,  0.00 
523.88 ,  0.00 , 523.88 ,  0.00 ,  0.00 ,  0.00 ,  0.00 
523.88 ,  0.00 , 523.88 ,  0.00 ,  0.00 ,  0.00 ,  0.00 
449.04 ,  0.00 , 449.04 ,  0.00 ,  0.00 ,  0.00 ,  0.00 
449.04 ,  0.00 , 449.04 ,  0.00 ,  0.00 ,  0.00 ,  0.00 
374.20 ,  0.00 , 374.20 ,  0.00 ,  0.00 ,  0.00 ,  0.00 
374.20 ,  0.00 , 374.20 ,  0.00 ,  0.00 ,  0.00 ,  0.00 
299.36 ,  0.00 , 299.36 ,  0.00 ,  0.00 ,  0.00 ,  0.00 
224.52 ,  0.00 , 224.52 ,  0.00 ,  0.00 ,  0.00 ,  0.00 
299.36 ,  0.00 , 299.36 ,  0.00 ,  0.00 ,  0.00 ,  0.00 
299.36 ,  0.00 , 299.36 ,  0.00 ,  0.00 ,  0.00 ,  0.00 
374.20 ,  0.00 , 374.20 ,  0.00 ,  0.00 ,  0.00 ,  0.00 
523.88 ,  0.00 , 523.88 ,  0.00 ,  0.00 ,  0.00 ,  0.00 
449.04 ,  0.00 , 449.04 ,  0.00 ,  0.00 ,  0.00 ,  0.00 
449.04 ,  0.00 , 449.04 ,  0.00 ,  0.00 ,  0.00 ,  0.00 
374.20 ,  0.00 , 374.20 ,  0.00 ,  0.00 ,  0.00 ,  0.00 
374.20 ,  0.00 , 374.20 ,  0.00 ,  0.00 ,  0.00 ,  0.00 
74.84 ,  0.00 , 74.84 ,  0.00 ,  0.00 ,  0.00 ,  0.00 
 0.00 ,  0.00 ,  0.00 ,  0.00 ,  0.00 ,  0.00 ,  0.00 
 0.00 ,  0.00 ,  0.00 ,  0.00 ,  0.00 ,  0.00 ,  0.00 
 0.00 ,  0.00 ,  0.00 ,  0.00 ,  0.00 ,  0.00 ,  0.00 
 0.00 ,  0.00 ,  0.00 ,  0.00 ,  0.00 ,  0.00 ,  0.00 
74.84 ,  0.00 , 74.84 ,  0.00 ,  0.00 ,  0.00 ,  0.00 
224.52 ,  0.00 , 224.52 ,  0.00 ,  0.00 ,  0.00 ,  0.00 
748.39 ,  0.00 , 748.39 ,  0.00 ,  0.00 ,  0.00 ,  0.00 
523.88 ,  0.00 , 523.88 ,  0.00 ,  0.00 ,  0.00 ,  0.00 
523.88 ,  0.00 , 523.88 ,  0.00 ,  0.00 ,  0.00 ,  0.00 
449.04 ,  0.00 , 449.04 ,  0.00 ,  0.00 ,  0.00 ,  0.00 
449.04 ,  0.00 , 449.04 ,  0.00 ,  0.00 ,  0.00 ,  0.00 
374.20 ,  0.00 , 374.20 ,  0.00 ,  0.00 ,  0.00 ,  0.00 
374.20 ,  0.00 , 374.20 ,  0.00 ,  0.00 ,  0.00 ,  0.00 
299.36 ,  0.00 , 299.36 ,  0.00 ,  0.00 ,  0.00 ,  0.00 
224.52 ,  0.00 , 224.52 ,  0.00 ,  0.00 ,  0.00 ,  0.00 
299.36 ,  0.00 , 299.36 ,  0.00 ,  0.00 ,  0.00 ,  0.00 
299.36 ,  0.00 , 299.36 ,  0.00 ,  0.00 ,  0.00 ,  0.00 
374.20 ,  0.00 , 374.20 ,  0.00 ,  0.00 ,  0.00 ,  0.00 
523.88 ,  0.00 , 523.88 ,  0.00 ,  0.00 ,  0.00 ,  0.00 
449.04 ,  0.00 , 449.04 ,  0.00 ,  0.00 ,  0.00 ,  0.00 
449.04 ,  0.00 , 449.04 ,  0.00 ,  0.00 ,  0.00 ,  0.00 
374.20 ,  0.00 , 374.20 ,  0.00 ,  0.00 ,  0.00 ,  0.00 
374.20 ,  0.00 , 374.20 ,  0.00 ,  0.00 ,  0.00 ,  0.00 
74.84 ,  0.00 , 74.84 ,  0.00 ,  0.00 ,  0.00 ,  0.00 
 0.00 ,  0.00 ,  0.00 ,  0.00 ,  0.00 ,  0.00 ,  0.00 
 0.00 ,  0.00 ,  0.00 ,  0.00 ,  0.00 ,  0.00 ,  0.00 
 0.00 ,  0.00 ,  0.00 ,  0.00 ,  0.00 ,  0.00 ,  0.00 
 0.00 ,  0.00 ,  0.00 ,  0.00 ,  0.00 ,  0.00 ,  0.00 
74.84 ,  0.00 , 74.84 ,  0.00 ,  0.00 ,  0.00 ,  0.00 
224.52 ,  0.00 , 224.52 ,  0.00 ,  0.00 ,  0.00 ,  0.00 
748.39 ,  0.00 , 748.39 ,  0.00 ,  0.00 ,  0.00 ,  0.00 
523.88 ,  0.00 , 523.88 ,  0.00 ,  0.00 ,  0.00 ,  0.00 
523.88 ,  0.00 , 523.88 ,  0.00 ,  0.00 ,  0.00 ,  0.00 
449.04 ,  0.00 , 449.04 ,  0.00 ,  0.00 ,  0.00 ,  0.00 
449.04 ,  0.00 , 449.04 ,  0.00 ,  0.00 ,  0.00 ,  0.00 
374.20 ,  0.00 , 374.20 ,  0.00 ,  0.00 ,  0.00 ,  0.00 
374.20 ,  0.00 , 374.20 ,  0.00 ,  0.00 ,  0.00 ,  0.00 
299.36 ,  0.00 , 299.36 ,  0.00 ,  0.00 ,  0.00 ,  0.00 
224.52 ,  0.00 , 224.52 ,  0.00 ,  0.00 ,  0.00 ,  0.00 
299.36 ,  0.00 , 299.36 ,  0.00 ,  0.00 ,  0.00 ,  0.00 
299.36 ,  0.00 , 299.36 ,  0.00 ,  0.00 ,  0.00 ,  0.00 
374.20 ,  0.00 , 374.20 ,  0.00 ,  0.00 ,  0.00 ,  0.00 
523.88 ,  0.00 , 523.88 ,  0.00 ,  0.00 ,  0.00 ,  0.00 
449.04 ,  0.00 , 449.04 ,  0.00 ,  0.00 ,  0.00 ,  0.00 
449.04 ,  0.00 , 449.04 ,  0.00 ,  0.00 ,  0.00 ,  0.00 
374.20 ,  0.00 , 374.20 ,  0.00 ,  0.00 ,  0.00 ,  0.00 
374.20 ,  0.00 , 374.20 ,  0.00 ,  0.00 ,  0.00 ,  0.00 
74.84 ,  0.00 , 74.84 ,  0.00 ,  0.00 ,  0.00 ,  0.00 
 0.00 ,  0.00 ,  0.00 ,  0.00 ,  0.00 ,  0.00 ,  0.00 
 0.00 ,  0.00 ,  0.00 ,  0.00 ,  0.00 ,  0.00 ,  0.00 
 0.00 ,  0.00 ,  0.00 ,  0.00 ,  0.00 ,  0.00 ,  0.00 
 0.00 ,  0.00 ,  0.00 ,  0.00 ,  0.00 ,  0.00 ,  0.00 
74.84 ,  0.00 , 74.84 ,  0.00 ,  0.00 ,  0.00 ,  0.00 
224.52 ,  0.00 , 224.52 ,  0.00 ,  0.00 ,  0.00 ,  0.00 
748.39 ,  0.00 , 748.39 ,  0.00 ,  0.00 ,  0.00 ,  0.00 
523.88 ,  0.00 , 523.88 ,  0.00 ,  0.00 ,  0.00 ,  0.00 
523.88 ,  0.00 , 523.88 ,  0.00 ,  0.00 ,  0.00 ,  0.00 
449.04 ,  0.00 , 449.04 ,  0.00 ,  0.00 ,  0.00 ,  0.00 
449.04 ,  0.00 , 449.04 ,  0.00 ,  0.00 ,  0.00 ,  0.00 
374.20 ,  0.00 , 374.20 ,  0.00 ,  0.00 ,  0.00 ,  0.00 
374.20 ,  0.00 , 374.20 ,  0.00 ,  0.00 ,  0.00 ,  0.00 
299.36 ,  0.00 , 299.36 ,  0.00 ,  0.00 ,  0.00 ,  0.00 
224.52 ,  0.00 , 224.52 ,  0.00 ,  0.00 ,  0.00 ,  0.00 
299.36 ,  0.00 , 299.36 ,  0.00 ,  0.00 ,  0.00 ,  0.00 
299.36 ,  0.00 , 299.36 ,  0.00 ,  0.00 ,  0.00 ,  0.00 
374.20 ,  0.00 , 374.20 ,  0.00 ,  0.00 ,  0.00 ,  0.00 
523.88 ,  0.00 , 523.88 ,  0.00 ,  0.00 ,  0.00 ,  0.00 
449.04 ,  0.00 , 449.04 ,  0.00 ,  0.00 ,  0.00 ,  0.00 
449.04 ,  0.00 , 449.04 ,  0.00 ,  0.00 ,  0.00 ,  0.00 
374.20 ,  0.00 , 374.20 ,  0.00 ,  0.00 ,  0.00 ,  0.00 
374.20 ,  0.00 , 374.20 ,  0.00 ,  0.00 ,  0.00 ,  0.00 
74.84 ,  0.00 , 74.84 ,  0.00 ,  0.00 ,  0.00 ,  0.00 
 0.00 ,  0.00 ,  0.00 ,  0.00 ,  0.00 ,  0.00 ,  0.00 
 0.00 ,  0.00 ,  0.00 ,  0.00 ,  0.00 ,  0.00 ,  0.00 
 0.00 ,  0.00 ,  0.00 ,  0.00 ,  0.00 ,  0.00 ,  0.00 
 0.00 ,  0.00 ,  0.00 ,  0.00 ,  0.00 ,  0.00 ,  0.00 
74.84 ,  0.00 , 74.84 ,  0.00 ,  0.00 ,  0.00 ,  0.00 
224.52 ,  0.00 , 224.52 ,  0.00 ,  0.00 ,  0.00 ,  0.00 
748.39 ,  0.00 , 748.39 ,  0.00 ,  0.00 ,  0.00 ,  0.00 
523.88 ,  0.00 , 523.88 ,  0.00 ,  0.00 ,  0.00 ,  0.00 
523.88 ,  0.00 , 523.88 ,  0.00 ,  0.00 ,  0.00 ,  0.00 
449.04 ,  0.00 , 449.04 ,  0.00 ,  0.00 ,  0.00 ,  0.00 
449.04 ,  0.00 , 449.04 ,  0.00 ,  0.00 ,  0.00 ,  0.00 
374.20 ,  0.00 , 374.20 ,  0.00 ,  0.00 ,  0.00 ,  0.00 
374.20 ,  0.00 , 374.20 ,  0.00 ,  0.00 ,  0.00 ,  0.00 
299.36 ,  0.00 , 299.36 ,  0.00 ,  0.00 ,  0.00 ,  0.00 
224.52 ,  0.00 , 224.52 ,  0.00 ,  0.00 ,  0.00 ,  0.00 
299.36 ,  0.00 , 299.36 ,  0.00 ,  0.00 ,  0.00 ,  0.00 
299.36 ,  0.00 , 299.36 ,  0.00 ,  0.00 ,  0.00 ,  0.00 
374.20 ,  0.00 , 374.20 ,  0.00 ,  0.00 ,  0.00 ,  0.00 
523.88 ,  0.00 , 523.88 ,  0.00 ,  0.00 ,  0.00 ,  0.00 
449.04 ,  0.00 , 449.04 ,  0.00 ,  0.00 ,  0.00 ,  0.00 
449.04 ,  0.00 , 449.04 ,  0.00 ,  0.00 ,  0.00 ,  0.00 
374.20 ,  0.00 , 374.20 ,  0.00 ,  0.00 ,  0.00 ,  0.00 
374.20 ,  0.00 , 374.20 ,  0.00 ,  0.00 ,  0.00 ,  0.00 
74.84 ,  0.00 , 74.84 ,  0.00 ,  0.00 ,  0.00 ,  0.00 
 0.00 ,  0.00 ,  0.00 ,  0.00 ,  0.00 ,  0.00 ,  0.00 
 0.00 ,  0.00 ,  0.00 ,  0.00 ,  0.00 ,  0.00 ,  0.00 
 0.00 ,  0.00 ,  0.00 ,  0.00 ,  0.00 ,  0.00 ,  0.00 
 0.00 ,  0.00 ,  0.00 ,  0.00 ,  0.00 ,  0.00 ,  0.00 
74.84 ,  0.00 , 74.84 ,  0.00 ,  0.00 ,  0.00 ,  0.00 
224.52 ,  0.00 , 224.52 ,  0.00 ,  0.00 ,  0.00 ,  0.00 
748.39 ,  0.00 , 748.39 ,  0.00 ,  0.00 ,  0.00 ,  0.00 
523.88 ,  0.00 , 523.88 ,  0.00 ,  0.00 ,  0.00 ,  0.00 
523.88 ,  0.00 , 523.88 ,  0.00 ,  0.00 ,  0.00 ,  0.00 
449.04 ,  0.00 , 449.04 ,  0.00 ,  0.00 ,  0.00 ,  0.00 
449.04 ,  0.00 , 449.04 ,  0.00 ,  0.00 ,  0.00 ,  0.00 
374.20 ,  0.00 , 374.20 ,  0.00 ,  0.00 ,  0.00 ,  0.00 
374.20 ,  0.00 , 374.20 ,  0.00 ,  0.00 ,  0.00 ,  0.00 
299.36 ,  0.00 , 299.36 ,  0.00 ,  0.00 ,  0.00 ,  0.00 
224.52 ,  0.00 , 224.52 ,  0.00 ,  0.00 ,  0.00 ,  0.00 
299.36 ,  0.00 , 299.36 ,  0.00 ,  0.00 ,  0.00 ,  0.00 
299.36 ,  0.00 , 299.36 ,  0.00 ,  0.00 ,  0.00 ,  0.00 
374.20 ,  0.00 , 374.20 ,  0.00 ,  0.00 ,  0.00 ,  0.00 
523.88 ,  0.00 , 523.88 ,  0.00 ,  0.00 ,  0.00 ,  0.00 
449.04 ,  0.00 , 449.04 ,  0.00 ,  0.00 ,  0.00 ,  0.00 
449.04 ,  0.00 , 449.04 ,  0.00 ,  0.00 ,  0.00 ,  0.00 
374.20 ,  0.00 , 374.20 ,  0.00 ,  0.00 ,  0.00 ,  0.00 
374.20 ,  0.00 , 374.20 ,  0.00 ,  0.00 ,  0.00 ,  0.00 
74.84 ,  0.00 , 74.84 ,  0.00 ,  0.00 ,  0.00 ,  0.00 
 0.00 ,  0.00 ,  0.00 ,  0.00 ,  0.00 ,  0.00 ,  0.00 
 0.00 ,  0.00 ,  0.00 ,  0.00 ,  0.00 ,  0.00 ,  0.00 
 0.00 ,  0.00 ,  0.00 ,  0.00 ,  0.00 ,  0.00 ,  0.00 
 0.00 ,  0.00 ,  0.00 ,  0.00 ,  0.00 ,  0.00 ,  0.00 
74.84 ,  0.00 , 74.84 ,  0.00 ,  0.00 ,  0.00 ,  0.00 
224.52 ,  0.00 , 224.52 ,  0.00 ,  0.00 ,  0.00 ,  0.00 
748.39 ,  0.00 , 748.39 ,  0.00 ,  0.00 ,  0.00 ,  0.00 
523.88 ,  0.00 , 523.88 ,  0.00 ,  0.00 ,  0.00 ,  0.00 
523.88 ,  0.00 , 523.88 ,  0.00 ,  0.00 ,  0.00 ,  0.00 
449.04 ,  0.00 , 449.04 ,  0.00 ,  0.00 ,  0.00 ,  0.00 
449.04 ,  0.00 , 449.04 ,  0.00 ,  0.00 ,  0.00 ,  0.00 
374.20 ,  0.00 , 374.20 ,  0.00 ,  0.00 ,  0.00 ,  0.00 
374.20 ,  0.00 , 374.20 ,  0.00 ,  0.00 ,  0.00 ,  0.00 
299.36 ,  0.00 , 299.36 ,  0.00 ,  0.00 ,  0.00 ,  0.00 
224.52 ,  0.00 , 224.52 ,  0.00 ,  0.00 ,  0.00 ,  0.00 
299.36 ,  0.00 , 299.36 ,  0.00 ,  0.00 ,  0.00 ,  0.00 
299.36 ,  0.00 , 299.36 ,  0.00 ,  0.00 ,  0.00 ,  0.00 
374.20 ,  0.00 , 374.20 ,  0.00 ,  0.00 ,  0.00 ,  0.00 
523.88 ,  0.00 , 523.88 ,  0.00 ,  0.00 ,  0.00 ,  0.00 
449.04 ,  0.00 , 449.04 ,  0.00 ,  0.00 ,  0.00 ,  0.00 
449.04 ,  0.00 , 449.04 ,  0.00 ,  0.00 ,  0.00 ,  0.00 
374.20 ,  0.00 , 374.20 ,  0.00 ,  0.00 ,  0.00 ,  0.00 
374.20 ,  0.00 , 374.20 ,  0.00 ,  0.00 ,  0.00 ,  0.00 
74.84 ,  0.00 , 74.84 ,  0.00 ,  0.00 ,  0.00 ,  0.00 
 0.00 ,  0.00 ,  0.00 ,  0.00 ,  0.00 ,  0.00 ,  0.00 
 0.00 ,  0.00 ,  0.00 ,  0.00 ,  0.00 ,  0.00 ,  0.00 
 0.00 ,  0.00 ,  0.00 ,  0.00 ,  0.00 ,  0.00 ,  0.00 
 0.00 ,  0.00 ,  0.00 ,  0.00 ,  0.00 ,  0.00 ,  0.00 
74.84 ,  0.00 , 74.84 ,  0.00 ,  0.00 ,  0.00 ,  0.00 
224.52 ,  0.00 , 224.52 ,  0.00 ,  0.00 ,  0.00 ,  0.00 
748.39 ,  0.00 , 748.39 ,  0.00 ,  0.00 ,  0.00 ,  0.00 
523.88 ,  0.00 , 523.88 ,  0.00 ,  0.00 ,  0.00 ,  0.00 
523.88 ,  0.00 , 523.88 ,  0.00 ,  0.00 ,  0.00 ,  0.00 
449.04 ,  0.00 , 449.04 ,  0.00 ,  0.00 ,  0.00 ,  0.00 
449.04 ,  0.00 , 449.04 ,  0.00 ,  0.00 ,  0.00 ,  0.00 
374.20 ,  0.00 , 374.20 ,  0.00 ,  0.00 ,  0.00 ,  0.00 
374.20 ,  0.00 , 374.20 ,  0.00 ,  0.00 ,  0.00 ,  0.00 
299.36 ,  0.00 , 299.36 ,  0.00 ,  0.00 ,  0.00 ,  0.00 
224.52 ,  0.00 , 224.52 ,  0.00 ,  0.00 ,  0.00 ,  0.00 
299.36 ,  0.00 , 299.36 ,  0.00 ,  0.00 ,  0.00 ,  0.00 
299.36 ,  0.00 , 299.36 ,  0.00 ,  0.00 ,  0.00 ,  0.00 
374.20 ,  0.00 , 374.20 ,  0.00 ,  0.00 ,  0.00 ,  0.00 
523.88 ,  0.00 , 523.88 ,  0.00 ,  0.00 ,  0.00 ,  0.00 
449.04 ,  0.00 , 449.04 ,  0.00 ,  0.00 ,  0.00 ,  0.00 
449.04 ,  0.00 , 449.04 ,  0.00 ,  0.00 ,  0.00 ,  0.00 
374.20 ,  0.00 , 374.20 ,  0.00 ,  0.00 ,  0.00 ,  0.00 
374.20 ,  0.00 , 374.20 ,  0.00 ,  0.00 ,  0.00 ,  0.00 
74.84 ,  0.00 , 74.84 ,  0.00 ,  0.00 ,  0.00 ,  0.00 
 0.00 ,  0.00 ,  0.00 ,  0.00 ,  0.00 ,  0.00 ,  0.00 
 0.00 ,  0.00 ,  0.00 ,  0.00 ,  0.00 ,  0.00 ,  0.00 
 0.00 ,  0.00 ,  0.00 ,  0.00 ,  0.00 ,  0.00 ,  0.00 
 0.00 ,  0.00 ,  0.00 ,  0.00 ,  0.00 ,  0.00 ,  0.00 
74.84 ,  0.00 , 74.84 ,  0.00 ,  0.00 ,  0.00 ,  0.00 
224.52 ,  0.00 , 224.52 ,  0.00 ,  0.00 ,  0.00 ,  0.00 
748.39 ,  0.00 , 748.39 ,  0.00 ,  0.00 ,  0.00 ,  0.00 
523.88 ,  0.00 , 523.88 ,  0.00 ,  0.00 ,  0.00 ,  0.00 
523.88 ,  0.00 , 523.88 ,  0.00 ,  0.00 ,  0.00 ,  0.00 
449.04 ,  0.00 , 449.04 ,  0.00 ,  0.00 ,  0.00 ,  0.00 
449.04 ,  0.00 , 449.04 ,  0.00 ,  0.00 ,  0.00 ,  0.00 
374.20 ,  0.00 , 374.20 ,  0.00 ,  0.00 ,  0.00 ,  0.00 
374.20 ,  0.00 , 374.20 ,  0.00 ,  0.00 ,  0.00 ,  0.00 
299.36 ,  0.00 , 299.36 ,  0.00 ,  0.00 ,  0.00 ,  0.00 
224.52 ,  0.00 , 224.52 ,  0.00 ,  0.00 ,  0.00 ,  0.00 
299.36 ,  0.00 , 299.36 ,  0.00 ,  0.00 ,  0.00 ,  0.00 
299.36 ,  0.00 , 299.36 ,  0.00 ,  0.00 ,  0.00 ,  0.00 
374.20 ,  0.00 , 374.20 ,  0.00 ,  0.00 ,  0.00 ,  0.00 
523.88 ,  0.00 , 523.88 ,  0.00 ,  0.00 ,  0.00 ,  0.00 
449.04 ,  0.00 , 449.04 ,  0.00 ,  0.00 ,  0.00 ,  0.00 
449.04 ,  0.00 , 449.04 ,  0.00 ,  0.00 ,  0.00 ,  0.00 
374.20 ,  0.00 , 374.20 ,  0.00 ,  0.00 ,  0.00 ,  0.00 
374.20 ,  0.00 , 374.20 ,  0.00 ,  0.00 ,  0.00 ,  0.00 
74.84 ,  0.00 , 74.84 ,  0.00 ,  0.00 ,  0.00 ,  0.00 
 0.00 ,  0.00 ,  0.00 ,  0.00 ,  0.00 ,  0.00 ,  0.00 
 0.00 ,  0.00 ,  0.00 ,  0.00 ,  0.00 ,  0.00 ,  0.00 
 0.00 ,  0.00 ,  0.00 ,  0.00 ,  0.00 ,  0.00 ,  0.00 
 0.00 ,  0.00 ,  0.00 ,  0.00 ,  0.00 ,  0.00 ,  0.00 
74.84 ,  0.00 , 74.84 ,  0.00 ,  0.00 ,  0.00 ,  0.00 
224.52 ,  0.00 , 224.52 ,  0.00 ,  0.00 ,  0.00 ,  0.00 
748.39 ,  0.00 , 748.39 ,  0.00 ,  0.00 ,  0.00 ,  0.00 
523.88 ,  0.00 , 523.88 ,  0.00 ,  0.00 ,  0.00 ,  0.00 
523.88 ,  0.00 , 523.88 ,  0.00 ,  0.00 ,  0.00 ,  0.00 
449.04 ,  0.00 , 449.04 ,  0.00 ,  0.00 ,  0.00 ,  0.00 
449.04 ,  0.00 , 449.04 ,  0.00 ,  0.00 ,  0.00 ,  0.00 
374.20 ,  0.00 , 374.20 ,  0.00 ,  0.00 ,  0.00 ,  0.00 
374.20 ,  0.00 , 374.20 ,  0.00 ,  0.00 ,  0.00 ,  0.00 
299.36 ,  0.00 , 299.36 ,  0.00 ,  0.00 ,  0.00 ,  0.00 
224.52 ,  0.00 , 224.52 ,  0.00 ,  0.00 ,  0.00 ,  0.00 
299.36 ,  0.00 , 299.36 ,  0.00 ,  0.00 ,  0.00 ,  0.00 
299.36 ,  0.00 , 299.36 ,  0.00 ,  0.00 ,  0.00 ,  0.00 
374.20 ,  0.00 , 374.20 ,  0.00 ,  0.00 ,  0.00 ,  0.00 
523.88 ,  0.00 , 523.88 ,  0.00 ,  0.00 ,  0.00 ,  0.00 
449.04 ,  0.00 , 449.04 ,  0.00 ,  0.00 ,  0.00 ,  0.00 
449.04 ,  0.00 , 449.04 ,  0.00 ,  0.00 ,  0.00 ,  0.00 
374.20 ,  0.00 , 374.20 ,  0.00 ,  0.00 ,  0.00 ,  0.00 
374.20 ,  0.00 , 374.20 ,  0.00 ,  0.00 ,  0.00 ,  0.00 
74.84 ,  0.00 , 74.84 ,  0.00 ,  0.00 ,  0.00 ,  0.00 
 0.00 ,  0.00 ,  0.00 ,  0.00 ,  0.00 ,  0.00 ,  0.00 
 0.00 ,  0.00 ,  0.00 ,  0.00 ,  0.00 ,  0.00 ,  0.00 
 0.00 ,  0.00 ,  0.00 ,  0.00 ,  0.00 ,  0.00 ,  0.00 
 0.00 ,  0.00 ,  0.00 ,  0.00 ,  0.00 ,  0.00 ,  0.00 
74.84 ,  0.00 , 74.84 ,  0.00 ,  0.00 ,  0.00 ,  0.00 
224.52 ,  0.00 , 224.52 ,  0.00 ,  0.00 ,  0.00 ,  0.00 
748.39 ,  0.00 , 748.39 ,  0.00 ,  0.00 ,  0.00 ,  0.00 
523.88 ,  0.00 , 523.88 ,  0.00 ,  0.00 ,  0.00 ,  0.00 
523.88 ,  0.00 , 523.88 ,  0.00 ,  0.00 ,  0.00 ,  0.00 
449.04 ,  0.00 , 449.04 ,  0.00 ,  0.00 ,  0.00 ,  0.00 
449.04 ,  0.00 , 449.04 ,  0.00 ,  0.00 ,  0.00 ,  0.00 
374.20 ,  0.00 , 374.20 ,  0.00 ,  0.00 ,  0.00 ,  0.00 
374.20 ,  0.00 , 374.20 ,  0.00 ,  0.00 ,  0.00 ,  0.00 
299.36 ,  0.00 , 299.36 ,  0.00 ,  0.00 ,  0.00 ,  0.00 
224.52 ,  0.00 , 224.52 ,  0.00 ,  0.00 ,  0.00 ,  0.00 
299.36 ,  0.00 , 299.36 ,  0.00 ,  0.00 ,  0.00 ,  0.00 
299.36 ,  0.00 , 299.36 ,  0.00 ,  0.00 ,  0.00 ,  0.00 
374.20 ,  0.00 , 374.20 ,  0.00 ,  0.00 ,  0.00 ,  0.00 
523.88 ,  0.00 , 523.88 ,  0.00 ,  0.00 ,  0.00 ,  0.00 
449.04 ,  0.00 , 449.04 ,  0.00 ,  0.00 ,  0.00 ,  0.00 
449.04 ,  0.00 , 449.04 ,  0.00 ,  0.00 ,  0.00 ,  0.00 
374.20 ,  0.00 , 374.20 ,  0.00 ,  0.00 ,  0.00 ,  0.00 
374.20 ,  0.00 , 374.20 ,  0.00 ,  0.00 ,  0.00 ,  0.00 
74.84 ,  0.00 , 74.84 ,  0.00 ,  0.00 ,  0.00 ,  0.00 
 0.00 ,  0.00 ,  0.00 ,  0.00 ,  0.00 ,  0.00 ,  0.00 
 0.00 ,  0.00 ,  0.00 ,  0.00 ,  0.00 ,  0.00 ,  0.00 
 0.00 ,  0.00 ,  0.00 ,  0.00 ,  0.00 ,  0.00 ,  0.00 
 0.00 ,  0.00 ,  0.00 ,  0.00 ,  0.00 ,  0.00 ,  0.00 
74.84 ,  0.00 , 74.84 ,  0.00 ,  0.00 ,  0.00 ,  0.00 
224.52 ,  0.00 , 224.52 ,  0.00 ,  0.00 ,  0.00 ,  0.00 
748.39 ,  0.00 , 748.39 ,  0.00 ,  0.00 ,  0.00 ,  0.00 
523.88 ,  0.00 , 523.88 ,  0.00 ,  0.00 ,  0.00 ,  0.00 
523.88 ,  0.00 , 523.88 ,  0.00 ,  0.00 ,  0.00 ,  0.00 
449.04 ,  0.00 , 449.04 ,  0.00 ,  0.00 ,  0.00 ,  0.00 
449.04 ,  0.00 , 449.04 ,  0.00 ,  0.00 ,  0.00 ,  0.00 
374.20 ,  0.00 , 374.20 ,  0.00 ,  0.00 ,  0.00 ,  0.00 
374.20 ,  0.00 , 374.20 ,  0.00 ,  0.00 ,  0.00 ,  0.00 
299.36 ,  0.00 , 299.36 ,  0.00 ,  0.00 ,  0.00 ,  0.00 
224.52 ,  0.00 , 224.52 ,  0.00 ,  0.00 ,  0.00 ,  0.00 
299.36 ,  0.00 , 299.36 ,  0.00 ,  0.00 ,  0.00 ,  0.00 
299.36 ,  0.00 , 299.36 ,  0.00 ,  0.00 ,  0.00 ,  0.00 
374.20 ,  0.00 , 374.20 ,  0.00 ,  0.00 ,  0.00 ,  0.00 
523.88 ,  0.00 , 523.88 ,  0.00 ,  0.00 ,  0.00 ,  0.00 
449.04 ,  0.00 , 449.04 ,  0.00 ,  0.00 ,  0.00 ,  0.00 
449.04 ,  0.00 , 449.04 ,  0.00 ,  0.00 ,  0.00 ,  0.00 
374.20 ,  0.00 , 374.20 ,  0.00 ,  0.00 ,  0.00 ,  0.00 
374.20 ,  0.00 , 374.20 ,  0.00 ,  0.00 ,  0.00 ,  0.00 
74.84 ,  0.00 , 74.84 ,  0.00 ,  0.00 ,  0.00 ,  0.00 
 0.00 ,  0.00 ,  0.00 ,  0.00 ,  0.00 ,  0.00 ,  0.00 
 0.00 ,  0.00 ,  0.00 ,  0.00 ,  0.00 ,  0.00 ,  0.00 
 0.00 ,  0.00 ,  0.00 ,  0.00 ,  0.00 ,  0.00 ,  0.00 
 0.00 ,  0.00 ,  0.00 ,  0.00 ,  0.00 ,  0.00 ,  0.00 
74.84 ,  0.00 , 74.84 ,  0.00 ,  0.00 ,  0.00 ,  0.00 
224.52 ,  0.00 , 224.52 ,  0.00 ,  0.00 ,  0.00 ,  0.00 
748.39 ,  0.00 , 748.39 ,  0.00 ,  0.00 ,  0.00 ,  0.00 
523.88 ,  0.00 , 523.88 ,  0.00 ,  0.00 ,  0.00 ,  0.00 
523.88 ,  0.00 , 523.88 ,  0.00 ,  0.00 ,  0.00 ,  0.00 
449.04 ,  0.00 , 449.04 ,  0.00 ,  0.00 ,  0.00 ,  0.00 
449.04 ,  0.00 , 449.04 ,  0.00 ,  0.00 ,  0.00 ,  0.00 
374.20 ,  0.00 , 374.20 ,  0.00 ,  0.00 ,  0.00 ,  0.00 
374.20 ,  0.00 , 374.20 ,  0.00 ,  0.00 ,  0.00 ,  0.00 
299.36 ,  0.00 , 299.36 ,  0.00 ,  0.00 ,  0.00 ,  0.00 
224.52 ,  0.00 , 224.52 ,  0.00 ,  0.00 ,  0.00 ,  0.00 
299.36 ,  0.00 , 299.36 ,  0.00 ,  0.00 ,  0.00 ,  0.00 
299.36 ,  0.00 , 299.36 ,  0.00 ,  0.00 ,  0.00 ,  0.00 
374.20 ,  0.00 , 374.20 ,  0.00 ,  0.00 ,  0.00 ,  0.00 
523.88 ,  0.00 , 523.88 ,  0.00 ,  0.00 ,  0.00 ,  0.00 
449.04 ,  0.00 , 449.04 ,  0.00 ,  0.00 ,  0.00 ,  0.00 
449.04 ,  0.00 , 449.04 ,  0.00 ,  0.00 ,  0.00 ,  0.00 
374.20 ,  0.00 , 374.20 ,  0.00 ,  0.00 ,  0.00 ,  0.00 
374.20 ,  0.00 , 374.20 ,  0.00 ,  0.00 ,  0.00 ,  0.00 
74.84 ,  0.00 , 74.84 ,  0.00 ,  0.00 ,  0.00 ,  0.00 
 0.00 ,  0.00 ,  0.00 ,  0.00 ,  0.00 ,  0.00 ,  0.00 
 0.00 ,  0.00 ,  0.00 ,  0.00 ,  0.00 ,  0.00 ,  0.00 
 0.00 ,  0.00 ,  0.00 ,  0.00 ,  0.00 ,  0.00 ,  0.00 
 0.00 ,  0.00 ,  0.00 ,  0.00 ,  0.00 ,  0.00 ,  0.00 
74.84 ,  0.00 , 74.84 ,  0.00 ,  0.00 ,  0.00 ,  0.00 
224.52 ,  0.00 , 224.52 ,  0.00 ,  0.00 ,  0.00 ,  0.00 
748.39 ,  0.00 , 748.39 ,  0.00 ,  0.00 ,  0.00 ,  0.00 
523.88 ,  0.00 , 523.88 ,  0.00 ,  0.00 ,  0.00 ,  0.00 
523.88 ,  0.00 , 523.88 ,  0.00 ,  0.00 ,  0.00 ,  0.00 
449.04 ,  0.00 , 449.04 ,  0.00 ,  0.00 ,  0.00 ,  0.00 
449.04 ,  0.00 , 449.04 ,  0.00 ,  0.00 ,  0.00 ,  0.00 
374.20 ,  0.00 , 374.20 ,  0.00 ,  0.00 ,  0.00 ,  0.00 
374.20 ,  0.00 , 374.20 ,  0.00 ,  0.00 ,  0.00 ,  0.00 
299.36 ,  0.00 , 299.36 ,  0.00 ,  0.00 ,  0.00 ,  0.00 
224.52 ,  0.00 , 224.52 ,  0.00 ,  0.00 ,  0.00 ,  0.00 
299.36 ,  0.00 , 299.36 ,  0.00 ,  0.00 ,  0.00 ,  0.00 
299.36 ,  0.00 , 299.36 ,  0.00 ,  0.00 ,  0.00 ,  0.00 
374.20 ,  0.00 , 374.20 ,  0.00 ,  0.00 ,  0.00 ,  0.00 
523.88 ,  0.00 , 523.88 ,  0.00 ,  0.00 ,  0.00 ,  0.00 
449.04 ,  0.00 , 449.04 ,  0.00 ,  0.00 ,  0.00 ,  0.00 
449.04 ,  0.00 , 449.04 ,  0.00 ,  0.00 ,  0.00 ,  0.00 
374.20 ,  0.00 , 374.20 ,  0.00 ,  0.00 ,  0.00 ,  0.00 
374.20 ,  0.00 , 374.20 ,  0.00 ,  0.00 ,  0.00 ,  0.00 
74.84 ,  0.00 , 74.84 ,  0.00 ,  0.00 ,  0.00 ,  0.00 
 0.00 ,  0.00 ,  0.00 ,  0.00 ,  0.00 ,  0.00 ,  0.00 
 0.00 ,  0.00 ,  0.00 ,  0.00 ,  0.00 ,  0.00 ,  0.00 
 0.00 ,  0.00 ,  0.00 ,  0.00 ,  0.00 ,  0.00 ,  0.00 
 0.00 ,  0.00 ,  0.00 ,  0.00 ,  0.00 ,  0.00 ,  0.00 
74.84 ,  0.00 , 74.84 ,  0.00 ,  0.00 ,  0.00 ,  0.00 
224.52 ,  0.00 , 224.52 ,  0.00 ,  0.00 ,  0.00 ,  0.00 
748.39 ,  0.00 , 748.39 ,  0.00 ,  0.00 ,  0.00 ,  0.00 
523.88 ,  0.00 , 523.88 ,  0.00 ,  0.00 ,  0.00 ,  0.00 
523.88 ,  0.00 , 523.88 ,  0.00 ,  0.00 ,  0.00 ,  0.00 
449.04 ,  0.00 , 449.04 ,  0.00 ,  0.00 ,  0.00 ,  0.00 
449.04 ,  0.00 , 449.04 ,  0.00 ,  0.00 ,  0.00 ,  0.00 
374.20 ,  0.00 , 374.20 ,  0.00 ,  0.00 ,  0.00 ,  0.00 
374.20 ,  0.00 , 374.20 ,  0.00 ,  0.00 ,  0.00 ,  0.00 
299.36 ,  0.00 , 299.36 ,  0.00 ,  0.00 ,  0.00 ,  0.00 
224.52 ,  0.00 , 224.52 ,  0.00 ,  0.00 ,  0.00 ,  0.00 
299.36 ,  0.00 , 299.36 ,  0.00 ,  0.00 ,  0.00 ,  0.00 
299.36 ,  0.00 , 299.36 ,  0.00 ,  0.00 ,  0.00 ,  0.00 
374.20 ,  0.00 , 374.20 ,  0.00 ,  0.00 ,  0.00 ,  0.00 
523.88 ,  0.00 , 523.88 ,  0.00 ,  0.00 ,  0.00 ,  0.00 
449.04 ,  0.00 , 449.04 ,  0.00 ,  0.00 ,  0.00 ,  0.00 
449.04 ,  0.00 , 449.04 ,  0.00 ,  0.00 ,  0.00 ,  0.00 
374.20 ,  0.00 , 374.20 ,  0.00 ,  0.00 ,  0.00 ,  0.00 
374.20 ,  0.00 , 374.20 ,  0.00 ,  0.00 ,  0.00 ,  0.00 
74.84 ,  0.00 , 74.84 ,  0.00 ,  0.00 ,  0.00 ,  0.00 
 0.00 ,  0.00 ,  0.00 ,  0.00 ,  0.00 ,  0.00 ,  0.00 
 0.00 ,  0.00 ,  0.00 ,  0.00 ,  0.00 ,  0.00 ,  0.00 
 0.00 ,  0.00 ,  0.00 ,  0.00 ,  0.00 ,  0.00 ,  0.00 
 0.00 ,  0.00 ,  0.00 ,  0.00 ,  0.00 ,  0.00 ,  0.00 
74.84 ,  0.00 , 74.84 ,  0.00 ,  0.00 ,  0.00 ,  0.00 
224.52 ,  0.00 , 224.52 ,  0.00 ,  0.00 ,  0.00 ,  0.00 
748.39 ,  0.00 , 748.39 ,  0.00 ,  0.00 ,  0.00 ,  0.00 
523.88 ,  0.00 , 523.88 ,  0.00 ,  0.00 ,  0.00 ,  0.00 
523.88 ,  0.00 , 523.88 ,  0.00 ,  0.00 ,  0.00 ,  0.00 
449.04 ,  0.00 , 449.04 ,  0.00 ,  0.00 ,  0.00 ,  0.00 
449.04 ,  0.00 , 449.04 ,  0.00 ,  0.00 ,  0.00 ,  0.00 
374.20 ,  0.00 , 374.20 ,  0.00 ,  0.00 ,  0.00 ,  0.00 
374.20 ,  0.00 , 374.20 ,  0.00 ,  0.00 ,  0.00 ,  0.00 
299.36 ,  0.00 , 299.36 ,  0.00 ,  0.00 ,  0.00 ,  0.00 
224.52 ,  0.00 , 224.52 ,  0.00 ,  0.00 ,  0.00 ,  0.00 
299.36 ,  0.00 , 299.36 ,  0.00 ,  0.00 ,  0.00 ,  0.00 
299.36 ,  0.00 , 299.36 ,  0.00 ,  0.00 ,  0.00 ,  0.00 
374.20 ,  0.00 , 374.20 ,  0.00 ,  0.00 ,  0.00 ,  0.00 
523.88 ,  0.00 , 523.88 ,  0.00 ,  0.00 ,  0.00 ,  0.00 
449.04 ,  0.00 , 449.04 ,  0.00 ,  0.00 ,  0.00 ,  0.00 
449.04 ,  0.00 , 449.04 ,  0.00 ,  0.00 ,  0.00 ,  0.00 
374.20 ,  0.00 , 374.20 ,  0.00 ,  0.00 ,  0.00 ,  0.00 
374.20 ,  0.00 , 374.20 ,  0.00 ,  0.00 ,  0.00 ,  0.00 
74.84 ,  0.00 , 74.84 ,  0.00 ,  0.00 ,  0.00 ,  0.00 
 0.00 ,  0.00 ,  0.00 ,  0.00 ,  0.00 ,  0.00 ,  0.00 
 0.00 ,  0.00 ,  0.00 ,  0.00 ,  0.00 ,  0.00 ,  0.00 
 0.00 ,  0.00 ,  0.00 ,  0.00 ,  0.00 ,  0.00 ,  0.00 
 0.00 ,  0.00 ,  0.00 ,  0.00 ,  0.00 ,  0.00 ,  0.00 
74.84 ,  0.00 , 74.84 ,  0.00 ,  0.00 ,  0.00 ,  0.00 
224.52 ,  0.00 , 224.52 ,  0.00 ,  0.00 ,  0.00 ,  0.00 
748.39 ,  0.00 , 748.39 ,  0.00 ,  0.00 ,  0.00 ,  0.00 
523.88 ,  0.00 , 523.88 ,  0.00 ,  0.00 ,  0.00 ,  0.00 
523.88 ,  0.00 , 523.88 ,  0.00 ,  0.00 ,  0.00 ,  0.00 
449.04 ,  0.00 , 449.04 ,  0.00 ,  0.00 ,  0.00 ,  0.00 
449.04 ,  0.00 , 449.04 ,  0.00 ,  0.00 ,  0.00 ,  0.00 
374.20 ,  0.00 , 374.20 ,  0.00 ,  0.00 ,  0.00 ,  0.00 
374.20 ,  0.00 , 374.20 ,  0.00 ,  0.00 ,  0.00 ,  0.00 
299.36 ,  0.00 , 299.36 ,  0.00 ,  0.00 ,  0.00 ,  0.00 
224.52 ,  0.00 , 224.52 ,  0.00 ,  0.00 ,  0.00 ,  0.00 
299.36 ,  0.00 , 299.36 ,  0.00 ,  0.00 ,  0.00 ,  0.00 
299.36 ,  0.00 , 299.36 ,  0.00 ,  0.00 ,  0.00 ,  0.00 
374.20 ,  0.00 , 374.20 ,  0.00 ,  0.00 ,  0.00 ,  0.00 
523.88 ,  0.00 , 523.88 ,  0.00 ,  0.00 ,  0.00 ,  0.00 
449.04 ,  0.00 , 449.04 ,  0.00 ,  0.00 ,  0.00 ,  0.00 
449.04 ,  0.00 , 449.04 ,  0.00 ,  0.00 ,  0.00 ,  0.00 
374.20 ,  0.00 , 374.20 ,  0.00 ,  0.00 ,  0.00 ,  0.00 
374.20 ,  0.00 , 374.20 ,  0.00 ,  0.00 ,  0.00 ,  0.00 
74.84 ,  0.00 , 74.84 ,  0.00 ,  0.00 ,  0.00 ,  0.00 
 0.00 ,  0.00 ,  0.00 ,  0.00 ,  0.00 ,  0.00 ,  0.00 
 0.00 ,  0.00 ,  0.00 ,  0.00 ,  0.00 ,  0.00 ,  0.00 
 0.00 ,  0.00 ,  0.00 ,  0.00 ,  0.00 ,  0.00 ,  0.00 
 0.00 ,  0.00 ,  0.00 ,  0.00 ,  0.00 ,  0.00 ,  0.00 
74.84 ,  0.00 , 74.84 ,  0.00 ,  0.00 ,  0.00 ,  0.00 
224.52 ,  0.00 , 224.52 ,  0.00 ,  0.00 ,  0.00 ,  0.00 
748.39 ,  0.00 , 748.39 ,  0.00 ,  0.00 ,  0.00 ,  0.00 
523.88 ,  0.00 , 523.88 ,  0.00 ,  0.00 ,  0.00 ,  0.00 
523.88 ,  0.00 , 523.88 ,  0.00 ,  0.00 ,  0.00 ,  0.00 
449.04 ,  0.00 , 449.04 ,  0.00 ,  0.00 ,  0.00 ,  0.00 
449.04 ,  0.00 , 449.04 ,  0.00 ,  0.00 ,  0.00 ,  0.00 
374.20 ,  0.00 , 374.20 ,  0.00 ,  0.00 ,  0.00 ,  0.00 
374.20 ,  0.00 , 374.20 ,  0.00 ,  0.00 ,  0.00 ,  0.00 
299.36 ,  0.00 , 299.36 ,  0.00 ,  0.00 ,  0.00 ,  0.00 
224.52 ,  0.00 , 224.52 ,  0.00 ,  0.00 ,  0.00 ,  0.00 
299.36 ,  0.00 , 299.36 ,  0.00 ,  0.00 ,  0.00 ,  0.00 
299.36 ,  0.00 , 299.36 ,  0.00 ,  0.00 ,  0.00 ,  0.00 
374.20 ,  0.00 , 374.20 ,  0.00 ,  0.00 ,  0.00 ,  0.00 
523.88 ,  0.00 , 523.88 ,  0.00 ,  0.00 ,  0.00 ,  0.00 
449.04 ,  0.00 , 449.04 ,  0.00 ,  0.00 ,  0.00 ,  0.00 
449.04 ,  0.00 , 449.04 ,  0.00 ,  0.00 ,  0.00 ,  0.00 
374.20 ,  0.00 , 374.20 ,  0.00 ,  0.00 ,  0.00 ,  0.00 
374.20 ,  0.00 , 374.20 ,  0.00 ,  0.00 ,  0.00 ,  0.00 
74.84 ,  0.00 , 74.84 ,  0.00 ,  0.00 ,  0.00 ,  0.00 
 0.00 ,  0.00 ,  0.00 ,  0.00 ,  0.00 ,  0.00 ,  0.00 
 0.00 ,  0.00 ,  0.00 ,  0.00 ,  0.00 ,  0.00 ,  0.00 
 0.00 ,  0.00 ,  0.00 ,  0.00 ,  0.00 ,  0.00 ,  0.00 
 0.00 ,  0.00 ,  0.00 ,  0.00 ,  0.00 ,  0.00 ,  0.00 
74.84 ,  0.00 , 74.84 ,  0.00 ,  0.00 ,  0.00 ,  0.00 
224.52 ,  0.00 , 224.52 ,  0.00 ,  0.00 ,  0.00 ,  0.00 
748.39 ,  0.00 , 748.39 ,  0.00 ,  0.00 ,  0.00 ,  0.00 
523.88 ,  0.00 , 523.88 ,  0.00 ,  0.00 ,  0.00 ,  0.00 
523.88 ,  0.00 , 523.88 ,  0.00 ,  0.00 ,  0.00 ,  0.00 
449.04 ,  0.00 , 449.04 ,  0.00 ,  0.00 ,  0.00 ,  0.00 
449.04 ,  0.00 , 449.04 ,  0.00 ,  0.00 ,  0.00 ,  0.00 
374.20 ,  0.00 , 374.20 ,  0.00 ,  0.00 ,  0.00 ,  0.00 
374.20 ,  0.00 , 374.20 ,  0.00 ,  0.00 ,  0.00 ,  0.00 
299.36 ,  0.00 , 299.36 ,  0.00 ,  0.00 ,  0.00 ,  0.00 
224.52 ,  0.00 , 224.52 ,  0.00 ,  0.00 ,  0.00 ,  0.00 
299.36 ,  0.00 , 299.36 ,  0.00 ,  0.00 ,  0.00 ,  0.00 
299.36 ,  0.00 , 299.36 ,  0.00 ,  0.00 ,  0.00 ,  0.00 
374.20 ,  0.00 , 374.20 ,  0.00 ,  0.00 ,  0.00 ,  0.00 
523.88 ,  0.00 , 523.88 ,  0.00 ,  0.00 ,  0.00 ,  0.00 
449.04 ,  0.00 , 449.04 ,  0.00 ,  0.00 ,  0.00 ,  0.00 
449.04 ,  0.00 , 449.04 ,  0.00 ,  0.00 ,  0.00 ,  0.00 
374.20 ,  0.00 , 374.20 ,  0.00 ,  0.00 ,  0.00 ,  0.00 
374.20 ,  0.00 , 374.20 ,  0.00 ,  0.00 ,  0.00 ,  0.00 
74.84 ,  0.00 , 74.84 ,  0.00 ,  0.00 ,  0.00 ,  0.00 
 0.00 ,  0.00 ,  0.00 ,  0.00 ,  0.00 ,  0.00 ,  0.00 
 0.00 ,  0.00 ,  0.00 ,  0.00 ,  0.00 ,  0.00 ,  0.00 
 0.00 ,  0.00 ,  0.00 ,  0.00 ,  0.00 ,  0.00 ,  0.00 
 0.00 ,  0.00 ,  0.00 ,  0.00 ,  0.00 ,  0.00 ,  0.00 
74.84 ,  0.00 , 74.84 ,  0.00 ,  0.00 ,  0.00 ,  0.00 
224.52 ,  0.00 , 224.52 ,  0.00 ,  0.00 ,  0.00 ,  0.00 
748.39 ,  0.00 , 748.39 ,  0.00 ,  0.00 ,  0.00 ,  0.00 
523.88 ,  0.00 , 523.88 ,  0.00 ,  0.00 ,  0.00 ,  0.00 
523.88 ,  0.00 , 523.88 ,  0.00 ,  0.00 ,  0.00 ,  0.00 
449.04 ,  0.00 , 449.04 ,  0.00 ,  0.00 ,  0.00 ,  0.00 
449.04 ,  0.00 , 449.04 ,  0.00 ,  0.00 ,  0.00 ,  0.00 
374.20 ,  0.00 , 374.20 ,  0.00 ,  0.00 ,  0.00 ,  0.00 
374.20 ,  0.00 , 374.20 ,  0.00 ,  0.00 ,  0.00 ,  0.00 
299.36 ,  0.00 , 299.36 ,  0.00 ,  0.00 ,  0.00 ,  0.00 
224.52 ,  0.00 , 224.52 ,  0.00 ,  0.00 ,  0.00 ,  0.00 
299.36 ,  0.00 , 299.36 ,  0.00 ,  0.00 ,  0.00 ,  0.00 
299.36 ,  0.00 , 299.36 ,  0.00 ,  0.00 ,  0.00 ,  0.00 
374.20 ,  0.00 , 374.20 ,  0.00 ,  0.00 ,  0.00 ,  0.00 
523.88 ,  0.00 , 523.88 ,  0.00 ,  0.00 ,  0.00 ,  0.00 
449.04 ,  0.00 , 449.04 ,  0.00 ,  0.00 ,  0.00 ,  0.00 
449.04 ,  0.00 , 449.04 ,  0.00 ,  0.00 ,  0.00 ,  0.00 
374.20 ,  0.00 , 374.20 ,  0.00 ,  0.00 ,  0.00 ,  0.00 
374.20 ,  0.00 , 374.20 ,  0.00 ,  0.00 ,  0.00 ,  0.00 
74.84 ,  0.00 , 74.84 ,  0.00 ,  0.00 ,  0.00 ,  0.00 
 0.00 ,  0.00 ,  0.00 ,  0.00 ,  0.00 ,  0.00 ,  0.00 
 0.00 ,  0.00 ,  0.00 ,  0.00 ,  0.00 ,  0.00 ,  0.00 
 0.00 ,  0.00 ,  0.00 ,  0.00 ,  0.00 ,  0.00 ,  0.00 
 0.00 ,  0.00 ,  0.00 ,  0.00 ,  0.00 ,  0.00 ,  0.00 
74.84 ,  0.00 , 74.84 ,  0.00 ,  0.00 ,  0.00 ,  0.00 
224.52 ,  0.00 , 224.52 ,  0.00 ,  0.00 ,  0.00 ,  0.00 
748.39 ,  0.00 , 748.39 ,  0.00 ,  0.00 ,  0.00 ,  0.00 
523.88 ,  0.00 , 523.88 ,  0.00 ,  0.00 ,  0.00 ,  0.00 
523.88 ,  0.00 , 523.88 ,  0.00 ,  0.00 ,  0.00 ,  0.00 
449.04 ,  0.00 , 449.04 ,  0.00 ,  0.00 ,  0.00 ,  0.00 
449.04 ,  0.00 , 449.04 ,  0.00 ,  0.00 ,  0.00 ,  0.00 
374.20 ,  0.00 , 374.20 ,  0.00 ,  0.00 ,  0.00 ,  0.00 
374.20 ,  0.00 , 374.20 ,  0.00 ,  0.00 ,  0.00 ,  0.00 
299.36 ,  0.00 , 299.36 ,  0.00 ,  0.00 ,  0.00 ,  0.00 
224.52 ,  0.00 , 224.52 ,  0.00 ,  0.00 ,  0.00 ,  0.00 
299.36 ,  0.00 , 299.36 ,  0.00 ,  0.00 ,  0.00 ,  0.00 
299.36 ,  0.00 , 299.36 ,  0.00 ,  0.00 ,  0.00 ,  0.00 
374.20 ,  0.00 , 374.20 ,  0.00 ,  0.00 ,  0.00 ,  0.00 
523.88 ,  0.00 , 523.88 ,  0.00 ,  0.00 ,  0.00 ,  0.00 
449.04 ,  0.00 , 449.04 ,  0.00 ,  0.00 ,  0.00 ,  0.00 
449.04 ,  0.00 , 449.04 ,  0.00 ,  0.00 ,  0.00 ,  0.00 
374.20 ,  0.00 , 374.20 ,  0.00 ,  0.00 ,  0.00 ,  0.00 
374.20 ,  0.00 , 374.20 ,  0.00 ,  0.00 ,  0.00 ,  0.00 
74.84 ,  0.00 , 74.84 ,  0.00 ,  0.00 ,  0.00 ,  0.00 
 0.00 ,  0.00 ,  0.00 ,  0.00 ,  0.00 ,  0.00 ,  0.00 
 0.00 ,  0.00 ,  0.00 ,  0.00 ,  0.00 ,  0.00 ,  0.00 
 0.00 ,  0.00 ,  0.00 ,  0.00 ,  0.00 ,  0.00 ,  0.00 
 0.00 ,  0.00 ,  0.00 ,  0.00 ,  0.00 ,  0.00 ,  0.00 
74.84 ,  0.00 , 74.84 ,  0.00 ,  0.00 ,  0.00 ,  0.00 
224.52 ,  0.00 , 224.52 ,  0.00 ,  0.00 ,  0.00 ,  0.00 
748.39 ,  0.00 , 748.39 ,  0.00 ,  0.00 ,  0.00 ,  0.00 
523.88 ,  0.00 , 523.88 ,  0.00 ,  0.00 ,  0.00 ,  0.00 
523.88 ,  0.00 , 523.88 ,  0.00 ,  0.00 ,  0.00 ,  0.00 
449.04 ,  0.00 , 449.04 ,  0.00 ,  0.00 ,  0.00 ,  0.00 
449.04 ,  0.00 , 449.04 ,  0.00 ,  0.00 ,  0.00 ,  0.00 
374.20 ,  0.00 , 374.20 ,  0.00 ,  0.00 ,  0.00 ,  0.00 
374.20 ,  0.00 , 374.20 ,  0.00 ,  0.00 ,  0.00 ,  0.00 
299.36 ,  0.00 , 299.36 ,  0.00 ,  0.00 ,  0.00 ,  0.00 
224.52 ,  0.00 , 224.52 ,  0.00 ,  0.00 ,  0.00 ,  0.00 
299.36 ,  0.00 , 299.36 ,  0.00 ,  0.00 ,  0.00 ,  0.00 
299.36 ,  0.00 , 299.36 ,  0.00 ,  0.00 ,  0.00 ,  0.00 
374.20 ,  0.00 , 374.20 ,  0.00 ,  0.00 ,  0.00 ,  0.00 
523.88 ,  0.00 , 523.88 ,  0.00 ,  0.00 ,  0.00 ,  0.00 
449.04 ,  0.00 , 449.04 ,  0.00 ,  0.00 ,  0.00 ,  0.00 
449.04 ,  0.00 , 449.04 ,  0.00 ,  0.00 ,  0.00 ,  0.00 
374.20 ,  0.00 , 374.20 ,  0.00 ,  0.00 ,  0.00 ,  0.00 
374.20 ,  0.00 , 374.20 ,  0.00 ,  0.00 ,  0.00 ,  0.00 
74.84 ,  0.00 , 74.84 ,  0.00 ,  0.00 ,  0.00 ,  0.00 
 0.00 ,  0.00 ,  0.00 ,  0.00 ,  0.00 ,  0.00 ,  0.00 
 0.00 ,  0.00 ,  0.00 ,  0.00 ,  0.00 ,  0.00 ,  0.00 
 0.00 ,  0.00 ,  0.00 ,  0.00 ,  0.00 ,  0.00 ,  0.00 
 0.00 ,  0.00 ,  0.00 ,  0.00 ,  0.00 ,  0.00 ,  0.00 
74.84 ,  0.00 , 74.84 ,  0.00 ,  0.00 ,  0.00 ,  0.00 
224.52 ,  0.00 , 224.52 ,  0.00 ,  0.00 ,  0.00 ,  0.00 
748.39 ,  0.00 , 748.39 ,  0.00 ,  0.00 ,  0.00 ,  0.00 
523.88 ,  0.00 , 523.88 ,  0.00 ,  0.00 ,  0.00 ,  0.00 
523.88 ,  0.00 , 523.88 ,  0.00 ,  0.00 ,  0.00 ,  0.00 
449.04 ,  0.00 , 449.04 ,  0.00 ,  0.00 ,  0.00 ,  0.00 
449.04 ,  0.00 , 449.04 ,  0.00 ,  0.00 ,  0.00 ,  0.00 
374.20 ,  0.00 , 374.20 ,  0.00 ,  0.00 ,  0.00 ,  0.00 
374.20 ,  0.00 , 374.20 ,  0.00 ,  0.00 ,  0.00 ,  0.00 
299.36 ,  0.00 , 299.36 ,  0.00 ,  0.00 ,  0.00 ,  0.00 
224.52 ,  0.00 , 224.52 ,  0.00 ,  0.00 ,  0.00 ,  0.00 
299.36 ,  0.00 , 299.36 ,  0.00 ,  0.00 ,  0.00 ,  0.00 
299.36 ,  0.00 , 299.36 ,  0.00 ,  0.00 ,  0.00 ,  0.00 
374.20 ,  0.00 , 374.20 ,  0.00 ,  0.00 ,  0.00 ,  0.00 
523.88 ,  0.00 , 523.88 ,  0.00 ,  0.00 ,  0.00 ,  0.00 
449.04 ,  0.00 , 449.04 ,  0.00 ,  0.00 ,  0.00 ,  0.00 
449.04 ,  0.00 , 449.04 ,  0.00 ,  0.00 ,  0.00 ,  0.00 
374.20 ,  0.00 , 374.20 ,  0.00 ,  0.00 ,  0.00 ,  0.00 
374.20 ,  0.00 , 374.20 ,  0.00 ,  0.00 ,  0.00 ,  0.00 
80.06 ,  0.00 , 80.06 ,  0.00 ,  0.00 ,  0.00 ,  0.00 
 0.00 ,  0.00 ,  0.00 ,  0.00 ,  0.00 ,  0.00 ,  0.00 
 0.00 ,  0.00 ,  0.00 ,  0.00 ,  0.00 ,  0.00 ,  0.00 
 0.00 ,  0.00 ,  0.00 ,  0.00 ,  0.00 ,  0.00 ,  0.00 
 0.00 ,  0.00 ,  0.00 ,  0.00 ,  0.00 ,  0.00 ,  0.00 
80.06 ,  0.00 , 80.06 ,  0.00 ,  0.00 ,  0.00 ,  0.00 
240.19 ,  0.00 , 240.19 ,  0.00 ,  0.00 ,  0.00 ,  0.00 
800.64 ,  0.00 , 800.64 ,  0.00 ,  0.00 ,  0.00 ,  0.00 
560.45 ,  0.00 , 560.45 ,  0.00 ,  0.00 ,  0.00 ,  0.00 
560.45 ,  0.00 , 560.45 ,  0.00 ,  0.00 ,  0.00 ,  0.00 
480.39 ,  0.00 , 480.39 ,  0.00 ,  0.00 ,  0.00 ,  0.00 
480.39 ,  0.00 , 480.39 ,  0.00 ,  0.00 ,  0.00 ,  0.00 
400.32 ,  0.00 , 400.32 ,  0.00 ,  0.00 ,  0.00 ,  0.00 
400.32 ,  0.00 , 400.32 ,  0.00 ,  0.00 ,  0.00 ,  0.00 
320.26 ,  0.00 , 320.26 ,  0.00 ,  0.00 ,  0.00 ,  0.00 
240.19 ,  0.00 , 240.19 ,  0.00 ,  0.00 ,  0.00 ,  0.00 
320.26 ,  0.00 , 320.26 ,  0.00 ,  0.00 ,  0.00 ,  0.00 
320.26 ,  0.00 , 320.26 ,  0.00 ,  0.00 ,  0.00 ,  0.00 
400.32 ,  0.00 , 400.32 ,  0.00 ,  0.00 ,  0.00 ,  0.00 
560.45 ,  0.00 , 560.45 ,  0.00 ,  0.00 ,  0.00 ,  0.00 
480.39 ,  0.00 , 480.39 ,  0.00 ,  0.00 ,  0.00 ,  0.00 
480.39 ,  0.00 , 480.39 ,  0.00 ,  0.00 ,  0.00 ,  0.00 
400.32 ,  0.00 , 400.32 ,  0.00 ,  0.00 ,  0.00 ,  0.00 
400.32 ,  0.00 , 400.32 ,  0.00 ,  0.00 ,  0.00 ,  0.00 
80.06 ,  0.00 , 80.06 ,  0.00 ,  0.00 ,  0.00 ,  0.00 
 0.00 ,  0.00 ,  0.00 ,  0.00 ,  0.00 ,  0.00 ,  0.00 
 0.00 ,  0.00 ,  0.00 ,  0.00 ,  0.00 ,  0.00 ,  0.00 
 0.00 ,  0.00 ,  0.00 ,  0.00 ,  0.00 ,  0.00 ,  0.00 
 0.00 ,  0.00 ,  0.00 ,  0.00 ,  0.00 ,  0.00 ,  0.00 
80.06 ,  0.00 , 80.06 ,  0.00 ,  0.00 ,  0.00 ,  0.00 
240.19 ,  0.00 , 240.19 ,  0.00 ,  0.00 ,  0.00 ,  0.00 
800.64 ,  0.00 , 800.64 ,  0.00 ,  0.00 ,  0.00 ,  0.00 
560.45 ,  0.00 , 560.45 ,  0.00 ,  0.00 ,  0.00 ,  0.00 
560.45 ,  0.00 , 560.45 ,  0.00 ,  0.00 ,  0.00 ,  0.00 
480.39 ,  0.00 , 480.39 ,  0.00 ,  0.00 ,  0.00 ,  0.00 
480.39 ,  0.00 , 480.39 ,  0.00 ,  0.00 ,  0.00 ,  0.00 
400.32 ,  0.00 , 400.32 ,  0.00 ,  0.00 ,  0.00 ,  0.00 
400.32 ,  0.00 , 400.32 ,  0.00 ,  0.00 ,  0.00 ,  0.00 
320.26 ,  0.00 , 320.26 ,  0.00 ,  0.00 ,  0.00 ,  0.00 
240.19 ,  0.00 , 240.19 ,  0.00 ,  0.00 ,  0.00 ,  0.00 
320.26 ,  0.00 , 320.26 ,  0.00 ,  0.00 ,  0.00 ,  0.00 
320.26 ,  0.00 , 320.26 ,  0.00 ,  0.00 ,  0.00 ,  0.00 
400.32 ,  0.00 , 400.32 ,  0.00 ,  0.00 ,  0.00 ,  0.00 
560.45 ,  0.00 , 560.45 ,  0.00 ,  0.00 ,  0.00 ,  0.00 
480.39 ,  0.00 , 480.39 ,  0.00 ,  0.00 ,  0.00 ,  0.00 
480.39 ,  0.00 , 480.39 ,  0.00 ,  0.00 ,  0.00 ,  0.00 
400.32 ,  0.00 , 400.32 ,  0.00 ,  0.00 ,  0.00 ,  0.00 
400.32 ,  0.00 , 400.32 ,  0.00 ,  0.00 ,  0.00 ,  0.00 
80.06 ,  0.00 , 80.06 ,  0.00 ,  0.00 ,  0.00 ,  0.00 
 0.00 ,  0.00 ,  0.00 ,  0.00 ,  0.00 ,  0.00 ,  0.00 
 0.00 ,  0.00 ,  0.00 ,  0.00 ,  0.00 ,  0.00 ,  0.00 
 0.00 ,  0.00 ,  0.00 ,  0.00 ,  0.00 ,  0.00 ,  0.00 
 0.00 ,  0.00 ,  0.00 ,  0.00 ,  0.00 ,  0.00 ,  0.00 
80.06 ,  0.00 , 80.06 ,  0.00 ,  0.00 ,  0.00 ,  0.00 
240.19 ,  0.00 , 240.19 ,  0.00 ,  0.00 ,  0.00 ,  0.00 
800.64 ,  0.00 , 800.64 ,  0.00 ,  0.00 ,  0.00 ,  0.00 
560.45 ,  0.00 , 560.45 ,  0.00 ,  0.00 ,  0.00 ,  0.00 
560.45 ,  0.00 , 560.45 ,  0.00 ,  0.00 ,  0.00 ,  0.00 
480.39 ,  0.00 , 480.39 ,  0.00 ,  0.00 ,  0.00 ,  0.00 
480.39 ,  0.00 , 480.39 ,  0.00 ,  0.00 ,  0.00 ,  0.00 
400.32 ,  0.00 , 400.32 ,  0.00 ,  0.00 ,  0.00 ,  0.00 
400.32 ,  0.00 , 400.32 ,  0.00 ,  0.00 ,  0.00 ,  0.00 
320.26 ,  0.00 , 320.26 ,  0.00 ,  0.00 ,  0.00 ,  0.00 
240.19 ,  0.00 , 240.19 ,  0.00 ,  0.00 ,  0.00 ,  0.00 
320.26 ,  0.00 , 320.26 ,  0.00 ,  0.00 ,  0.00 ,  0.00 
320.26 ,  0.00 , 320.26 ,  0.00 ,  0.00 ,  0.00 ,  0.00 
400.32 ,  0.00 , 400.32 ,  0.00 ,  0.00 ,  0.00 ,  0.00 
560.45 ,  0.00 , 560.45 ,  0.00 ,  0.00 ,  0.00 ,  0.00 
480.39 ,  0.00 , 480.39 ,  0.00 ,  0.00 ,  0.00 ,  0.00 
480.39 ,  0.00 , 480.39 ,  0.00 ,  0.00 ,  0.00 ,  0.00 
400.32 ,  0.00 , 400.32 ,  0.00 ,  0.00 ,  0.00 ,  0.00 
400.32 ,  0.00 , 400.32 ,  0.00 ,  0.00 ,  0.00 ,  0.00 
80.06 ,  0.00 , 80.06 ,  0.00 ,  0.00 ,  0.00 ,  0.00 
 0.00 ,  0.00 ,  0.00 ,  0.00 ,  0.00 ,  0.00 ,  0.00 
 0.00 ,  0.00 ,  0.00 ,  0.00 ,  0.00 ,  0.00 ,  0.00 
 0.00 ,  0.00 ,  0.00 ,  0.00 ,  0.00 ,  0.00 ,  0.00 
 0.00 ,  0.00 ,  0.00 ,  0.00 ,  0.00 ,  0.00 ,  0.00 
80.06 ,  0.00 , 80.06 ,  0.00 ,  0.00 ,  0.00 ,  0.00 
240.19 ,  0.00 , 240.19 ,  0.00 ,  0.00 ,  0.00 ,  0.00 
800.64 ,  0.00 , 800.64 ,  0.00 ,  0.00 ,  0.00 ,  0.00 
560.45 ,  0.00 , 560.45 ,  0.00 ,  0.00 ,  0.00 ,  0.00 
560.45 ,  0.00 , 560.45 ,  0.00 ,  0.00 ,  0.00 ,  0.00 
480.39 ,  0.00 , 480.39 ,  0.00 ,  0.00 ,  0.00 ,  0.00 
480.39 ,  0.00 , 480.39 ,  0.00 ,  0.00 ,  0.00 ,  0.00 
400.32 ,  0.00 , 400.32 ,  0.00 ,  0.00 ,  0.00 ,  0.00 
400.32 ,  0.00 , 400.32 ,  0.00 ,  0.00 ,  0.00 ,  0.00 
320.26 ,  0.00 , 320.26 ,  0.00 ,  0.00 ,  0.00 ,  0.00 
240.19 ,  0.00 , 240.19 ,  0.00 ,  0.00 ,  0.00 ,  0.00 
320.26 ,  0.00 , 320.26 ,  0.00 ,  0.00 ,  0.00 ,  0.00 
320.26 ,  0.00 , 320.26 ,  0.00 ,  0.00 ,  0.00 ,  0.00 
400.32 ,  0.00 , 400.32 ,  0.00 ,  0.00 ,  0.00 ,  0.00 
560.45 ,  0.00 , 560.45 ,  0.00 ,  0.00 ,  0.00 ,  0.00 
480.39 ,  0.00 , 480.39 ,  0.00 ,  0.00 ,  0.00 ,  0.00 
480.39 ,  0.00 , 480.39 ,  0.00 ,  0.00 ,  0.00 ,  0.00 
400.32 ,  0.00 , 400.32 ,  0.00 ,  0.00 ,  0.00 ,  0.00 
400.32 ,  0.00 , 400.32 ,  0.00 ,  0.00 ,  0.00 ,  0.00 
80.06 ,  0.00 , 80.06 ,  0.00 ,  0.00 ,  0.00 ,  0.00 
 0.00 ,  0.00 ,  0.00 ,  0.00 ,  0.00 ,  0.00 ,  0.00 
 0.00 ,  0.00 ,  0.00 ,  0.00 ,  0.00 ,  0.00 ,  0.00 
 0.00 ,  0.00 ,  0.00 ,  0.00 ,  0.00 ,  0.00 ,  0.00 
 0.00 ,  0.00 ,  0.00 ,  0.00 ,  0.00 ,  0.00 ,  0.00 
80.06 ,  0.00 , 80.06 ,  0.00 ,  0.00 ,  0.00 ,  0.00 
240.19 ,  0.00 , 240.19 ,  0.00 ,  0.00 ,  0.00 ,  0.00 
800.64 ,  0.00 , 800.64 ,  0.00 ,  0.00 ,  0.00 ,  0.00 
560.45 ,  0.00 , 560.45 ,  0.00 ,  0.00 ,  0.00 ,  0.00 
560.45 ,  0.00 , 560.45 ,  0.00 ,  0.00 ,  0.00 ,  0.00 
480.39 ,  0.00 , 480.39 ,  0.00 ,  0.00 ,  0.00 ,  0.00 
480.39 ,  0.00 , 480.39 ,  0.00 ,  0.00 ,  0.00 ,  0.00 
400.32 ,  0.00 , 400.32 ,  0.00 ,  0.00 ,  0.00 ,  0.00 
400.32 ,  0.00 , 400.32 ,  0.00 ,  0.00 ,  0.00 ,  0.00 
320.26 ,  0.00 , 320.26 ,  0.00 ,  0.00 ,  0.00 ,  0.00 
240.19 ,  0.00 , 240.19 ,  0.00 ,  0.00 ,  0.00 ,  0.00 
320.26 ,  0.00 , 320.26 ,  0.00 ,  0.00 ,  0.00 ,  0.00 
320.26 ,  0.00 , 320.26 ,  0.00 ,  0.00 ,  0.00 ,  0.00 
400.32 ,  0.00 , 400.32 ,  0.00 ,  0.00 ,  0.00 ,  0.00 
560.45 ,  0.00 , 560.45 ,  0.00 ,  0.00 ,  0.00 ,  0.00 
480.39 ,  0.00 , 480.39 ,  0.00 ,  0.00 ,  0.00 ,  0.00 
480.39 ,  0.00 , 480.39 ,  0.00 ,  0.00 ,  0.00 ,  0.00 
400.32 ,  0.00 , 400.32 ,  0.00 ,  0.00 ,  0.00 ,  0.00 
400.32 ,  0.00 , 400.32 ,  0.00 ,  0.00 ,  0.00 ,  0.00 
80.06 ,  0.00 , 80.06 ,  0.00 ,  0.00 ,  0.00 ,  0.00 
 0.00 ,  0.00 ,  0.00 ,  0.00 ,  0.00 ,  0.00 ,  0.00 
 0.00 ,  0.00 ,  0.00 ,  0.00 ,  0.00 ,  0.00 ,  0.00 
 0.00 ,  0.00 ,  0.00 ,  0.00 ,  0.00 ,  0.00 ,  0.00 
 0.00 ,  0.00 ,  0.00 ,  0.00 ,  0.00 ,  0.00 ,  0.00 
80.06 ,  0.00 , 80.06 ,  0.00 ,  0.00 ,  0.00 ,  0.00 
240.19 ,  0.00 , 240.19 ,  0.00 ,  0.00 ,  0.00 ,  0.00 
800.64 ,  0.00 , 800.64 ,  0.00 ,  0.00 ,  0.00 ,  0.00 
560.45 ,  0.00 , 560.45 ,  0.00 ,  0.00 ,  0.00 ,  0.00 
560.45 ,  0.00 , 560.45 ,  0.00 ,  0.00 ,  0.00 ,  0.00 
480.39 ,  0.00 , 480.39 ,  0.00 ,  0.00 ,  0.00 ,  0.00 
480.39 ,  0.00 , 480.39 ,  0.00 ,  0.00 ,  0.00 ,  0.00 
400.32 ,  0.00 , 400.32 ,  0.00 ,  0.00 ,  0.00 ,  0.00 
400.32 ,  0.00 , 400.32 ,  0.00 ,  0.00 ,  0.00 ,  0.00 
320.26 ,  0.00 , 320.26 ,  0.00 ,  0.00 ,  0.00 ,  0.00 
240.19 ,  0.00 , 240.19 ,  0.00 ,  0.00 ,  0.00 ,  0.00 
320.26 ,  0.00 , 320.26 ,  0.00 ,  0.00 ,  0.00 ,  0.00 
320.26 ,  0.00 , 320.26 ,  0.00 ,  0.00 ,  0.00 ,  0.00 
400.32 ,  0.00 , 400.32 ,  0.00 ,  0.00 ,  0.00 ,  0.00 
560.45 ,  0.00 , 560.45 ,  0.00 ,  0.00 ,  0.00 ,  0.00 
480.39 ,  0.00 , 480.39 ,  0.00 ,  0.00 ,  0.00 ,  0.00 
480.39 ,  0.00 , 480.39 ,  0.00 ,  0.00 ,  0.00 ,  0.00 
400.32 ,  0.00 , 400.32 ,  0.00 ,  0.00 ,  0.00 ,  0.00 
400.32 ,  0.00 , 400.32 ,  0.00 ,  0.00 ,  0.00 ,  0.00 
80.06 ,  0.00 , 80.06 ,  0.00 ,  0.00 ,  0.00 ,  0.00 
 0.00 ,  0.00 ,  0.00 ,  0.00 ,  0.00 ,  0.00 ,  0.00 
 0.00 ,  0.00 ,  0.00 ,  0.00 ,  0.00 ,  0.00 ,  0.00 
 0.00 ,  0.00 ,  0.00 ,  0.00 ,  0.00 ,  0.00 ,  0.00 
 0.00 ,  0.00 ,  0.00 ,  0.00 ,  0.00 ,  0.00 ,  0.00 
80.06 ,  0.00 , 80.06 ,  0.00 ,  0.00 ,  0.00 ,  0.00 
240.19 ,  0.00 , 240.19 ,  0.00 ,  0.00 ,  0.00 ,  0.00 
800.64 ,  0.00 , 800.64 ,  0.00 ,  0.00 ,  0.00 ,  0.00 
560.45 ,  0.00 , 560.45 ,  0.00 ,  0.00 ,  0.00 ,  0.00 
560.45 ,  0.00 , 560.45 ,  0.00 ,  0.00 ,  0.00 ,  0.00 
480.39 ,  0.00 , 480.39 ,  0.00 ,  0.00 ,  0.00 ,  0.00 
480.39 ,  0.00 , 480.39 ,  0.00 ,  0.00 ,  0.00 ,  0.00 
400.32 ,  0.00 , 400.32 ,  0.00 ,  0.00 ,  0.00 ,  0.00 
400.32 ,  0.00 , 400.32 ,  0.00 ,  0.00 ,  0.00 ,  0.00 
320.26 ,  0.00 , 320.26 ,  0.00 ,  0.00 ,  0.00 ,  0.00 
240.19 ,  0.00 , 240.19 ,  0.00 ,  0.00 ,  0.00 ,  0.00 
320.26 ,  0.00 , 320.26 ,  0.00 ,  0.00 ,  0.00 ,  0.00 
320.26 ,  0.00 , 320.26 ,  0.00 ,  0.00 ,  0.00 ,  0.00 
400.32 ,  0.00 , 400.32 ,  0.00 ,  0.00 ,  0.00 ,  0.00 
560.45 ,  0.00 , 560.45 ,  0.00 ,  0.00 ,  0.00 ,  0.00 
480.39 ,  0.00 , 480.39 ,  0.00 ,  0.00 ,  0.00 ,  0.00 
480.39 ,  0.00 , 480.39 ,  0.00 ,  0.00 ,  0.00 ,  0.00 
400.32 ,  0.00 , 400.32 ,  0.00 ,  0.00 ,  0.00 ,  0.00 
400.32 ,  0.00 , 400.32 ,  0.00 ,  0.00 ,  0.00 ,  0.00 
80.06 ,  0.00 , 80.06 ,  0.00 ,  0.00 ,  0.00 ,  0.00 
 0.00 ,  0.00 ,  0.00 ,  0.00 ,  0.00 ,  0.00 ,  0.00 
 0.00 ,  0.00 ,  0.00 ,  0.00 ,  0.00 ,  0.00 ,  0.00 
 0.00 ,  0.00 ,  0.00 ,  0.00 ,  0.00 ,  0.00 ,  0.00 
 0.00 ,  0.00 ,  0.00 ,  0.00 ,  0.00 ,  0.00 ,  0.00 
80.06 ,  0.00 , 80.06 ,  0.00 ,  0.00 ,  0.00 ,  0.00 
240.19 ,  0.00 , 240.19 ,  0.00 ,  0.00 ,  0.00 ,  0.00 
800.64 ,  0.00 , 800.64 ,  0.00 ,  0.00 ,  0.00 ,  0.00 
560.45 ,  0.00 , 560.45 ,  0.00 ,  0.00 ,  0.00 ,  0.00 
560.45 ,  0.00 , 560.45 ,  0.00 ,  0.00 ,  0.00 ,  0.00 
480.39 ,  0.00 , 480.39 ,  0.00 ,  0.00 ,  0.00 ,  0.00 
480.39 ,  0.00 , 480.39 ,  0.00 ,  0.00 ,  0.00 ,  0.00 
400.32 ,  0.00 , 400.32 ,  0.00 ,  0.00 ,  0.00 ,  0.00 
400.32 ,  0.00 , 400.32 ,  0.00 ,  0.00 ,  0.00 ,  0.00 
320.26 ,  0.00 , 320.26 ,  0.00 ,  0.00 ,  0.00 ,  0.00 
240.19 ,  0.00 , 240.19 ,  0.00 ,  0.00 ,  0.00 ,  0.00 
320.26 ,  0.00 , 320.26 ,  0.00 ,  0.00 ,  0.00 ,  0.00 
320.26 ,  0.00 , 320.26 ,  0.00 ,  0.00 ,  0.00 ,  0.00 
400.32 ,  0.00 , 400.32 ,  0.00 ,  0.00 ,  0.00 ,  0.00 
560.45 ,  0.00 , 560.45 ,  0.00 ,  0.00 ,  0.00 ,  0.00 
480.39 ,  0.00 , 480.39 ,  0.00 ,  0.00 ,  0.00 ,  0.00 
480.39 ,  0.00 , 480.39 ,  0.00 ,  0.00 ,  0.00 ,  0.00 
400.32 ,  0.00 , 400.32 ,  0.00 ,  0.00 ,  0.00 ,  0.00 
400.32 ,  0.00 , 400.32 ,  0.00 ,  0.00 ,  0.00 ,  0.00 
80.06 ,  0.00 , 80.06 ,  0.00 ,  0.00 ,  0.00 ,  0.00 
 0.00 ,  0.00 ,  0.00 ,  0.00 ,  0.00 ,  0.00 ,  0.00 
 0.00 ,  0.00 ,  0.00 ,  0.00 ,  0.00 ,  0.00 ,  0.00 
 0.00 ,  0.00 ,  0.00 ,  0.00 ,  0.00 ,  0.00 ,  0.00 
 0.00 ,  0.00 ,  0.00 ,  0.00 ,  0.00 ,  0.00 ,  0.00 
80.06 ,  0.00 , 80.06 ,  0.00 ,  0.00 ,  0.00 ,  0.00 
240.19 ,  0.00 , 240.19 ,  0.00 ,  0.00 ,  0.00 ,  0.00 
800.64 ,  0.00 , 800.64 ,  0.00 ,  0.00 ,  0.00 ,  0.00 
560.45 ,  0.00 , 560.45 ,  0.00 ,  0.00 ,  0.00 ,  0.00 
560.45 ,  0.00 , 560.45 ,  0.00 ,  0.00 ,  0.00 ,  0.00 
480.39 ,  0.00 , 480.39 ,  0.00 ,  0.00 ,  0.00 ,  0.00 
480.39 ,  0.00 , 480.39 ,  0.00 ,  0.00 ,  0.00 ,  0.00 
400.32 ,  0.00 , 400.32 ,  0.00 ,  0.00 ,  0.00 ,  0.00 
400.32 ,  0.00 , 400.32 ,  0.00 ,  0.00 ,  0.00 ,  0.00 
320.26 ,  0.00 , 320.26 ,  0.00 ,  0.00 ,  0.00 ,  0.00 
240.19 ,  0.00 , 240.19 ,  0.00 ,  0.00 ,  0.00 ,  0.00 
320.26 ,  0.00 , 320.26 ,  0.00 ,  0.00 ,  0.00 ,  0.00 
320.26 ,  0.00 , 320.26 ,  0.00 ,  0.00 ,  0.00 ,  0.00 
400.32 ,  0.00 , 400.32 ,  0.00 ,  0.00 ,  0.00 ,  0.00 
560.45 ,  0.00 , 560.45 ,  0.00 ,  0.00 ,  0.00 ,  0.00 
480.39 ,  0.00 , 480.39 ,  0.00 ,  0.00 ,  0.00 ,  0.00 
480.39 ,  0.00 , 480.39 ,  0.00 ,  0.00 ,  0.00 ,  0.00 
400.32 ,  0.00 , 400.32 ,  0.00 ,  0.00 ,  0.00 ,  0.00 
400.32 ,  0.00 , 400.32 ,  0.00 ,  0.00 ,  0.00 ,  0.00 
80.06 ,  0.00 , 80.06 ,  0.00 ,  0.00 ,  0.00 ,  0.00 
 0.00 ,  0.00 ,  0.00 ,  0.00 ,  0.00 ,  0.00 ,  0.00 
 0.00 ,  0.00 ,  0.00 ,  0.00 ,  0.00 ,  0.00 ,  0.00 
 0.00 ,  0.00 ,  0.00 ,  0.00 ,  0.00 ,  0.00 ,  0.00 
 0.00 ,  0.00 ,  0.00 ,  0.00 ,  0.00 ,  0.00 ,  0.00 
80.06 ,  0.00 , 80.06 ,  0.00 ,  0.00 ,  0.00 ,  0.00 
240.19 ,  0.00 , 240.19 ,  0.00 ,  0.00 ,  0.00 ,  0.00 
800.64 ,  0.00 , 800.64 ,  0.00 ,  0.00 ,  0.00 ,  0.00 
560.45 ,  0.00 , 560.45 ,  0.00 ,  0.00 ,  0.00 ,  0.00 
560.45 ,  0.00 , 560.45 ,  0.00 ,  0.00 ,  0.00 ,  0.00 
480.39 ,  0.00 , 480.39 ,  0.00 ,  0.00 ,  0.00 ,  0.00 
480.39 ,  0.00 , 480.39 ,  0.00 ,  0.00 ,  0.00 ,  0.00 
400.32 ,  0.00 , 400.32 ,  0.00 ,  0.00 ,  0.00 ,  0.00 
400.32 ,  0.00 , 400.32 ,  0.00 ,  0.00 ,  0.00 ,  0.00 
320.26 ,  0.00 , 320.26 ,  0.00 ,  0.00 ,  0.00 ,  0.00 
240.19 ,  0.00 , 240.19 ,  0.00 ,  0.00 ,  0.00 ,  0.00 
320.26 ,  0.00 , 320.26 ,  0.00 ,  0.00 ,  0.00 ,  0.00 
320.26 ,  0.00 , 320.26 ,  0.00 ,  0.00 ,  0.00 ,  0.00 
400.32 ,  0.00 , 400.32 ,  0.00 ,  0.00 ,  0.00 ,  0.00 
560.45 ,  0.00 , 560.45 ,  0.00 ,  0.00 ,  0.00 ,  0.00 
480.39 ,  0.00 , 480.39 ,  0.00 ,  0.00 ,  0.00 ,  0.00 
480.39 ,  0.00 , 480.39 ,  0.00 ,  0.00 ,  0.00 ,  0.00 
400.32 ,  0.00 , 400.32 ,  0.00 ,  0.00 ,  0.00 ,  0.00 
400.32 ,  0.00 , 400.32 ,  0.00 ,  0.00 ,  0.00 ,  0.00 
80.06 ,  0.00 , 80.06 ,  0.00 ,  0.00 ,  0.00 ,  0.00 
 0.00 ,  0.00 ,  0.00 ,  0.00 ,  0.00 ,  0.00 ,  0.00 
 0.00 ,  0.00 ,  0.00 ,  0.00 ,  0.00 ,  0.00 ,  0.00 
 0.00 ,  0.00 ,  0.00 ,  0.00 ,  0.00 ,  0.00 ,  0.00 
 0.00 ,  0.00 ,  0.00 ,  0.00 ,  0.00 ,  0.00 ,  0.00 
80.06 ,  0.00 , 80.06 ,  0.00 ,  0.00 ,  0.00 ,  0.00 
240.19 ,  0.00 , 240.19 ,  0.00 ,  0.00 ,  0.00 ,  0.00 
800.64 ,  0.00 , 800.64 ,  0.00 ,  0.00 ,  0.00 ,  0.00 
560.45 ,  0.00 , 560.45 ,  0.00 ,  0.00 ,  0.00 ,  0.00 
560.45 ,  0.00 , 560.45 ,  0.00 ,  0.00 ,  0.00 ,  0.00 
480.39 ,  0.00 , 480.39 ,  0.00 ,  0.00 ,  0.00 ,  0.00 
480.39 ,  0.00 , 480.39 ,  0.00 ,  0.00 ,  0.00 ,  0.00 
400.32 ,  0.00 , 400.32 ,  0.00 ,  0.00 ,  0.00 ,  0.00 
400.32 ,  0.00 , 400.32 ,  0.00 ,  0.00 ,  0.00 ,  0.00 
320.26 ,  0.00 , 320.26 ,  0.00 ,  0.00 ,  0.00 ,  0.00 
240.19 ,  0.00 , 240.19 ,  0.00 ,  0.00 ,  0.00 ,  0.00 
320.26 ,  0.00 , 320.26 ,  0.00 ,  0.00 ,  0.00 ,  0.00 
320.26 ,  0.00 , 320.26 ,  0.00 ,  0.00 ,  0.00 ,  0.00 
400.32 ,  0.00 , 400.32 ,  0.00 ,  0.00 ,  0.00 ,  0.00 
560.45 ,  0.00 , 560.45 ,  0.00 ,  0.00 ,  0.00 ,  0.00 
480.39 ,  0.00 , 480.39 ,  0.00 ,  0.00 ,  0.00 ,  0.00 
480.39 ,  0.00 , 480.39 ,  0.00 ,  0.00 ,  0.00 ,  0.00 
400.32 ,  0.00 , 400.32 ,  0.00 ,  0.00 ,  0.00 ,  0.00 
400.32 ,  0.00 , 400.32 ,  0.00 ,  0.00 ,  0.00 ,  0.00 
80.06 ,  0.00 , 80.06 ,  0.00 ,  0.00 ,  0.00 ,  0.00 
 0.00 ,  0.00 ,  0.00 ,  0.00 ,  0.00 ,  0.00 ,  0.00 
 0.00 ,  0.00 ,  0.00 ,  0.00 ,  0.00 ,  0.00 ,  0.00 
 0.00 ,  0.00 ,  0.00 ,  0.00 ,  0.00 ,  0.00 ,  0.00 
 0.00 ,  0.00 ,  0.00 ,  0.00 ,  0.00 ,  0.00 ,  0.00 
80.06 ,  0.00 , 80.06 ,  0.00 ,  0.00 ,  0.00 ,  0.00 
240.19 ,  0.00 , 240.19 ,  0.00 ,  0.00 ,  0.00 ,  0.00 
800.64 ,  0.00 , 800.64 ,  0.00 ,  0.00 ,  0.00 ,  0.00 
560.45 ,  0.00 , 560.45 ,  0.00 ,  0.00 ,  0.00 ,  0.00 
560.45 ,  0.00 , 560.45 ,  0.00 ,  0.00 ,  0.00 ,  0.00 
480.39 ,  0.00 , 480.39 ,  0.00 ,  0.00 ,  0.00 ,  0.00 
480.39 ,  0.00 , 480.39 ,  0.00 ,  0.00 ,  0.00 ,  0.00 
400.32 ,  0.00 , 400.32 ,  0.00 ,  0.00 ,  0.00 ,  0.00 
400.32 ,  0.00 , 400.32 ,  0.00 ,  0.00 ,  0.00 ,  0.00 
320.26 ,  0.00 , 320.26 ,  0.00 ,  0.00 ,  0.00 ,  0.00 
240.19 ,  0.00 , 240.19 ,  0.00 ,  0.00 ,  0.00 ,  0.00 
320.26 ,  0.00 , 320.26 ,  0.00 ,  0.00 ,  0.00 ,  0.00 
320.26 ,  0.00 , 320.26 ,  0.00 ,  0.00 ,  0.00 ,  0.00 
400.32 ,  0.00 , 400.32 ,  0.00 ,  0.00 ,  0.00 ,  0.00 
560.45 ,  0.00 , 560.45 ,  0.00 ,  0.00 ,  0.00 ,  0.00 
480.39 ,  0.00 , 480.39 ,  0.00 ,  0.00 ,  0.00 ,  0.00 
480.39 ,  0.00 , 480.39 ,  0.00 ,  0.00 ,  0.00 ,  0.00 
400.32 ,  0.00 , 400.32 ,  0.00 ,  0.00 ,  0.00 ,  0.00 
400.32 ,  0.00 , 400.32 ,  0.00 ,  0.00 ,  0.00 ,  0.00 
80.06 ,  0.00 , 80.06 ,  0.00 ,  0.00 ,  0.00 ,  0.00 
 0.00 ,  0.00 ,  0.00 ,  0.00 ,  0.00 ,  0.00 ,  0.00 
 0.00 ,  0.00 ,  0.00 ,  0.00 ,  0.00 ,  0.00 ,  0.00 
 0.00 ,  0.00 ,  0.00 ,  0.00 ,  0.00 ,  0.00 ,  0.00 
 0.00 ,  0.00 ,  0.00 ,  0.00 ,  0.00 ,  0.00 ,  0.00 
80.06 ,  0.00 , 80.06 ,  0.00 ,  0.00 ,  0.00 ,  0.00 
240.19 ,  0.00 , 240.19 ,  0.00 ,  0.00 ,  0.00 ,  0.00 
800.64 ,  0.00 , 800.64 ,  0.00 ,  0.00 ,  0.00 ,  0.00 
560.45 ,  0.00 , 560.45 ,  0.00 ,  0.00 ,  0.00 ,  0.00 
560.45 ,  0.00 , 560.45 ,  0.00 ,  0.00 ,  0.00 ,  0.00 
480.39 ,  0.00 , 480.39 ,  0.00 ,  0.00 ,  0.00 ,  0.00 
480.39 ,  0.00 , 480.39 ,  0.00 ,  0.00 ,  0.00 ,  0.00 
400.32 ,  0.00 , 400.32 ,  0.00 ,  0.00 ,  0.00 ,  0.00 
400.32 ,  0.00 , 400.32 ,  0.00 ,  0.00 ,  0.00 ,  0.00 
320.26 ,  0.00 , 320.26 ,  0.00 ,  0.00 ,  0.00 ,  0.00 
240.19 ,  0.00 , 240.19 ,  0.00 ,  0.00 ,  0.00 ,  0.00 
320.26 ,  0.00 , 320.26 ,  0.00 ,  0.00 ,  0.00 ,  0.00 
320.26 ,  0.00 , 320.26 ,  0.00 ,  0.00 ,  0.00 ,  0.00 
400.32 ,  0.00 , 400.32 ,  0.00 ,  0.00 ,  0.00 ,  0.00 
560.45 ,  0.00 , 560.45 ,  0.00 ,  0.00 ,  0.00 ,  0.00 
480.39 ,  0.00 , 480.39 ,  0.00 ,  0.00 ,  0.00 ,  0.00 
480.39 ,  0.00 , 480.39 ,  0.00 ,  0.00 ,  0.00 ,  0.00 
400.32 ,  0.00 , 400.32 ,  0.00 ,  0.00 ,  0.00 ,  0.00 
400.32 ,  0.00 , 400.32 ,  0.00 ,  0.00 ,  0.00 ,  0.00 
80.06 ,  0.00 , 80.06 ,  0.00 ,  0.00 ,  0.00 ,  0.00 
 0.00 ,  0.00 ,  0.00 ,  0.00 ,  0.00 ,  0.00 ,  0.00 
 0.00 ,  0.00 ,  0.00 ,  0.00 ,  0.00 ,  0.00 ,  0.00 
 0.00 ,  0.00 ,  0.00 ,  0.00 ,  0.00 ,  0.00 ,  0.00 
 0.00 ,  0.00 ,  0.00 ,  0.00 ,  0.00 ,  0.00 ,  0.00 
80.06 ,  0.00 , 80.06 ,  0.00 ,  0.00 ,  0.00 ,  0.00 
240.19 ,  0.00 , 240.19 ,  0.00 ,  0.00 ,  0.00 ,  0.00 
800.64 ,  0.00 , 800.64 ,  0.00 ,  0.00 ,  0.00 ,  0.00 
560.45 ,  0.00 , 560.45 ,  0.00 ,  0.00 ,  0.00 ,  0.00 
560.45 ,  0.00 , 560.45 ,  0.00 ,  0.00 ,  0.00 ,  0.00 
480.39 ,  0.00 , 480.39 ,  0.00 ,  0.00 ,  0.00 ,  0.00 
480.39 ,  0.00 , 480.39 ,  0.00 ,  0.00 ,  0.00 ,  0.00 
400.32 ,  0.00 , 400.32 ,  0.00 ,  0.00 ,  0.00 ,  0.00 
400.32 ,  0.00 , 400.32 ,  0.00 ,  0.00 ,  0.00 ,  0.00 
320.26 ,  0.00 , 320.26 ,  0.00 ,  0.00 ,  0.00 ,  0.00 
240.19 ,  0.00 , 240.19 ,  0.00 ,  0.00 ,  0.00 ,  0.00 
320.26 ,  0.00 , 320.26 ,  0.00 ,  0.00 ,  0.00 ,  0.00 
320.26 ,  0.00 , 320.26 ,  0.00 ,  0.00 ,  0.00 ,  0.00 
400.32 ,  0.00 , 400.32 ,  0.00 ,  0.00 ,  0.00 ,  0.00 
560.45 ,  0.00 , 560.45 ,  0.00 ,  0.00 ,  0.00 ,  0.00 
480.39 ,  0.00 , 480.39 ,  0.00 ,  0.00 ,  0.00 ,  0.00 
480.39 ,  0.00 , 480.39 ,  0.00 ,  0.00 ,  0.00 ,  0.00 
400.32 ,  0.00 , 400.32 ,  0.00 ,  0.00 ,  0.00 ,  0.00 
400.32 ,  0.00 , 400.32 ,  0.00 ,  0.00 ,  0.00 ,  0.00 
80.06 ,  0.00 , 80.06 ,  0.00 ,  0.00 ,  0.00 ,  0.00 
 0.00 ,  0.00 ,  0.00 ,  0.00 ,  0.00 ,  0.00 ,  0.00 
 0.00 ,  0.00 ,  0.00 ,  0.00 ,  0.00 ,  0.00 ,  0.00 
 0.00 ,  0.00 ,  0.00 ,  0.00 ,  0.00 ,  0.00 ,  0.00 
 0.00 ,  0.00 ,  0.00 ,  0.00 ,  0.00 ,  0.00 ,  0.00 
80.06 ,  0.00 , 80.06 ,  0.00 ,  0.00 ,  0.00 ,  0.00 
240.19 ,  0.00 , 240.19 ,  0.00 ,  0.00 ,  0.00 ,  0.00 
800.64 ,  0.00 , 800.64 ,  0.00 ,  0.00 ,  0.00 ,  0.00 
560.45 ,  0.00 , 560.45 ,  0.00 ,  0.00 ,  0.00 ,  0.00 
560.45 ,  0.00 , 560.45 ,  0.00 ,  0.00 ,  0.00 ,  0.00 
480.39 ,  0.00 , 480.39 ,  0.00 ,  0.00 ,  0.00 ,  0.00 
480.39 ,  0.00 , 480.39 ,  0.00 ,  0.00 ,  0.00 ,  0.00 
400.32 ,  0.00 , 400.32 ,  0.00 ,  0.00 ,  0.00 ,  0.00 
400.32 ,  0.00 , 400.32 ,  0.00 ,  0.00 ,  0.00 ,  0.00 
320.26 ,  0.00 , 320.26 ,  0.00 ,  0.00 ,  0.00 ,  0.00 
240.19 ,  0.00 , 240.19 ,  0.00 ,  0.00 ,  0.00 ,  0.00 
320.26 ,  0.00 , 320.26 ,  0.00 ,  0.00 ,  0.00 ,  0.00 
320.26 ,  0.00 , 320.26 ,  0.00 ,  0.00 ,  0.00 ,  0.00 
400.32 ,  0.00 , 400.32 ,  0.00 ,  0.00 ,  0.00 ,  0.00 
560.45 ,  0.00 , 560.45 ,  0.00 ,  0.00 ,  0.00 ,  0.00 
480.39 ,  0.00 , 480.39 ,  0.00 ,  0.00 ,  0.00 ,  0.00 
480.39 ,  0.00 , 480.39 ,  0.00 ,  0.00 ,  0.00 ,  0.00 
400.32 ,  0.00 , 400.32 ,  0.00 ,  0.00 ,  0.00 ,  0.00 
400.32 ,  0.00 , 400.32 ,  0.00 ,  0.00 ,  0.00 ,  0.00 
80.06 ,  0.00 , 80.06 ,  0.00 ,  0.00 ,  0.00 ,  0.00 
 0.00 ,  0.00 ,  0.00 ,  0.00 ,  0.00 ,  0.00 ,  0.00 
 0.00 ,  0.00 ,  0.00 ,  0.00 ,  0.00 ,  0.00 ,  0.00 
 0.00 ,  0.00 ,  0.00 ,  0.00 ,  0.00 ,  0.00 ,  0.00 
 0.00 ,  0.00 ,  0.00 ,  0.00 ,  0.00 ,  0.00 ,  0.00 
80.06 ,  0.00 , 80.06 ,  0.00 ,  0.00 ,  0.00 ,  0.00 
240.19 ,  0.00 , 240.19 ,  0.00 ,  0.00 ,  0.00 ,  0.00 
800.64 ,  0.00 , 800.64 ,  0.00 ,  0.00 ,  0.00 ,  0.00 
560.45 ,  0.00 , 560.45 ,  0.00 ,  0.00 ,  0.00 ,  0.00 
560.45 ,  0.00 , 560.45 ,  0.00 ,  0.00 ,  0.00 ,  0.00 
480.39 ,  0.00 , 480.39 ,  0.00 ,  0.00 ,  0.00 ,  0.00 
480.39 ,  0.00 , 480.39 ,  0.00 ,  0.00 ,  0.00 ,  0.00 
400.32 ,  0.00 , 400.32 ,  0.00 ,  0.00 ,  0.00 ,  0.00 
400.32 ,  0.00 , 400.32 ,  0.00 ,  0.00 ,  0.00 ,  0.00 
320.26 ,  0.00 , 320.26 ,  0.00 ,  0.00 ,  0.00 ,  0.00 
240.19 ,  0.00 , 240.19 ,  0.00 ,  0.00 ,  0.00 ,  0.00 
320.26 ,  0.00 , 320.26 ,  0.00 ,  0.00 ,  0.00 ,  0.00 
320.26 ,  0.00 , 320.26 ,  0.00 ,  0.00 ,  0.00 ,  0.00 
400.32 ,  0.00 , 400.32 ,  0.00 ,  0.00 ,  0.00 ,  0.00 
560.45 ,  0.00 , 560.45 ,  0.00 ,  0.00 ,  0.00 ,  0.00 
480.39 ,  0.00 , 480.39 ,  0.00 ,  0.00 ,  0.00 ,  0.00 
480.39 ,  0.00 , 480.39 ,  0.00 ,  0.00 ,  0.00 ,  0.00 
400.32 ,  0.00 , 400.32 ,  0.00 ,  0.00 ,  0.00 ,  0.00 
400.32 ,  0.00 , 400.32 ,  0.00 ,  0.00 ,  0.00 ,  0.00 
80.06 ,  0.00 , 80.06 ,  0.00 ,  0.00 ,  0.00 ,  0.00 
 0.00 ,  0.00 ,  0.00 ,  0.00 ,  0.00 ,  0.00 ,  0.00 
 0.00 ,  0.00 ,  0.00 ,  0.00 ,  0.00 ,  0.00 ,  0.00 
 0.00 ,  0.00 ,  0.00 ,  0.00 ,  0.00 ,  0.00 ,  0.00 
 0.00 ,  0.00 ,  0.00 ,  0.00 ,  0.00 ,  0.00 ,  0.00 
80.06 ,  0.00 , 80.06 ,  0.00 ,  0.00 ,  0.00 ,  0.00 
240.19 ,  0.00 , 240.19 ,  0.00 ,  0.00 ,  0.00 ,  0.00 
800.64 ,  0.00 , 800.64 ,  0.00 ,  0.00 ,  0.00 ,  0.00 
560.45 ,  0.00 , 560.45 ,  0.00 ,  0.00 ,  0.00 ,  0.00 
560.45 ,  0.00 , 560.45 ,  0.00 ,  0.00 ,  0.00 ,  0.00 
480.39 ,  0.00 , 480.39 ,  0.00 ,  0.00 ,  0.00 ,  0.00 
480.39 ,  0.00 , 480.39 ,  0.00 ,  0.00 ,  0.00 ,  0.00 
400.32 ,  0.00 , 400.32 ,  0.00 ,  0.00 ,  0.00 ,  0.00 
400.32 ,  0.00 , 400.32 ,  0.00 ,  0.00 ,  0.00 ,  0.00 
320.26 ,  0.00 , 320.26 ,  0.00 ,  0.00 ,  0.00 ,  0.00 
240.19 ,  0.00 , 240.19 ,  0.00 ,  0.00 ,  0.00 ,  0.00 
320.26 ,  0.00 , 320.26 ,  0.00 ,  0.00 ,  0.00 ,  0.00 
320.26 ,  0.00 , 320.26 ,  0.00 ,  0.00 ,  0.00 ,  0.00 
400.32 ,  0.00 , 400.32 ,  0.00 ,  0.00 ,  0.00 ,  0.00 
560.45 ,  0.00 , 560.45 ,  0.00 ,  0.00 ,  0.00 ,  0.00 
480.39 ,  0.00 , 480.39 ,  0.00 ,  0.00 ,  0.00 ,  0.00 
480.39 ,  0.00 , 480.39 ,  0.00 ,  0.00 ,  0.00 ,  0.00 
400.32 ,  0.00 , 400.32 ,  0.00 ,  0.00 ,  0.00 ,  0.00 
400.32 ,  0.00 , 400.32 ,  0.00 ,  0.00 ,  0.00 ,  0.00 
80.06 ,  0.00 , 80.06 ,  0.00 ,  0.00 ,  0.00 ,  0.00 
 0.00 ,  0.00 ,  0.00 ,  0.00 ,  0.00 ,  0.00 ,  0.00 
 0.00 ,  0.00 ,  0.00 ,  0.00 ,  0.00 ,  0.00 ,  0.00 
 0.00 ,  0.00 ,  0.00 ,  0.00 ,  0.00 ,  0.00 ,  0.00 
 0.00 ,  0.00 ,  0.00 ,  0.00 ,  0.00 ,  0.00 ,  0.00 
80.06 ,  0.00 , 80.06 ,  0.00 ,  0.00 ,  0.00 ,  0.00 
240.19 ,  0.00 , 240.19 ,  0.00 ,  0.00 ,  0.00 ,  0.00 
800.64 ,  0.00 , 800.64 ,  0.00 ,  0.00 ,  0.00 ,  0.00 
560.45 ,  0.00 , 560.45 ,  0.00 ,  0.00 ,  0.00 ,  0.00 
560.45 ,  0.00 , 560.45 ,  0.00 ,  0.00 ,  0.00 ,  0.00 
480.39 ,  0.00 , 480.39 ,  0.00 ,  0.00 ,  0.00 ,  0.00 
480.39 ,  0.00 , 480.39 ,  0.00 ,  0.00 ,  0.00 ,  0.00 
400.32 ,  0.00 , 400.32 ,  0.00 ,  0.00 ,  0.00 ,  0.00 
400.32 ,  0.00 , 400.32 ,  0.00 ,  0.00 ,  0.00 ,  0.00 
320.26 ,  0.00 , 320.26 ,  0.00 ,  0.00 ,  0.00 ,  0.00 
240.19 ,  0.00 , 240.19 ,  0.00 ,  0.00 ,  0.00 ,  0.00 
320.26 ,  0.00 , 320.26 ,  0.00 ,  0.00 ,  0.00 ,  0.00 
320.26 ,  0.00 , 320.26 ,  0.00 ,  0.00 ,  0.00 ,  0.00 
400.32 ,  0.00 , 400.32 ,  0.00 ,  0.00 ,  0.00 ,  0.00 
560.45 ,  0.00 , 560.45 ,  0.00 ,  0.00 ,  0.00 ,  0.00 
480.39 ,  0.00 , 480.39 ,  0.00 ,  0.00 ,  0.00 ,  0.00 
480.39 ,  0.00 , 480.39 ,  0.00 ,  0.00 ,  0.00 ,  0.00 
400.32 ,  0.00 , 400.32 ,  0.00 ,  0.00 ,  0.00 ,  0.00 
400.32 ,  0.00 , 400.32 ,  0.00 ,  0.00 ,  0.00 ,  0.00 
80.06 ,  0.00 , 80.06 ,  0.00 ,  0.00 ,  0.00 ,  0.00 
 0.00 ,  0.00 ,  0.00 ,  0.00 ,  0.00 ,  0.00 ,  0.00 
 0.00 ,  0.00 ,  0.00 ,  0.00 ,  0.00 ,  0.00 ,  0.00 
 0.00 ,  0.00 ,  0.00 ,  0.00 ,  0.00 ,  0.00 ,  0.00 
 0.00 ,  0.00 ,  0.00 ,  0.00 ,  0.00 ,  0.00 ,  0.00 
80.06 ,  0.00 , 80.06 ,  0.00 ,  0.00 ,  0.00 ,  0.00 
240.19 ,  0.00 , 240.19 ,  0.00 ,  0.00 ,  0.00 ,  0.00 
800.64 ,  0.00 , 800.64 ,  0.00 ,  0.00 ,  0.00 ,  0.00 
560.45 ,  0.00 , 560.45 ,  0.00 ,  0.00 ,  0.00 ,  0.00 
560.45 ,  0.00 , 560.45 ,  0.00 ,  0.00 ,  0.00 ,  0.00 
480.39 ,  0.00 , 480.39 ,  0.00 ,  0.00 ,  0.00 ,  0.00 
480.39 ,  0.00 , 480.39 ,  0.00 ,  0.00 ,  0.00 ,  0.00 
400.32 ,  0.00 , 400.32 ,  0.00 ,  0.00 ,  0.00 ,  0.00 
400.32 ,  0.00 , 400.32 ,  0.00 ,  0.00 ,  0.00 ,  0.00 
320.26 ,  0.00 , 320.26 ,  0.00 ,  0.00 ,  0.00 ,  0.00 
240.19 ,  0.00 , 240.19 ,  0.00 ,  0.00 ,  0.00 ,  0.00 
320.26 ,  0.00 , 320.26 ,  0.00 ,  0.00 ,  0.00 ,  0.00 
320.26 ,  0.00 , 320.26 ,  0.00 ,  0.00 ,  0.00 ,  0.00 
400.32 ,  0.00 , 400.32 ,  0.00 ,  0.00 ,  0.00 ,  0.00 
560.45 ,  0.00 , 560.45 ,  0.00 ,  0.00 ,  0.00 ,  0.00 
480.39 ,  0.00 , 480.39 ,  0.00 ,  0.00 ,  0.00 ,  0.00 
480.39 ,  0.00 , 480.39 ,  0.00 ,  0.00 ,  0.00 ,  0.00 
400.32 ,  0.00 , 400.32 ,  0.00 ,  0.00 ,  0.00 ,  0.00 
400.32 ,  0.00 , 400.32 ,  0.00 ,  0.00 ,  0.00 ,  0.00 
80.06 ,  0.00 , 80.06 ,  0.00 ,  0.00 ,  0.00 ,  0.00 
 0.00 ,  0.00 ,  0.00 ,  0.00 ,  0.00 ,  0.00 ,  0.00 
 0.00 ,  0.00 ,  0.00 ,  0.00 ,  0.00 ,  0.00 ,  0.00 
 0.00 ,  0.00 ,  0.00 ,  0.00 ,  0.00 ,  0.00 ,  0.00 
 0.00 ,  0.00 ,  0.00 ,  0.00 ,  0.00 ,  0.00 ,  0.00 
80.06 ,  0.00 , 80.06 ,  0.00 ,  0.00 ,  0.00 ,  0.00 
240.19 ,  0.00 , 240.19 ,  0.00 ,  0.00 ,  0.00 ,  0.00 
800.64 ,  0.00 , 800.64 ,  0.00 ,  0.00 ,  0.00 ,  0.00 
560.45 ,  0.00 , 560.45 ,  0.00 ,  0.00 ,  0.00 ,  0.00 
560.45 ,  0.00 , 560.45 ,  0.00 ,  0.00 ,  0.00 ,  0.00 
480.39 ,  0.00 , 480.39 ,  0.00 ,  0.00 ,  0.00 ,  0.00 
480.39 ,  0.00 , 480.39 ,  0.00 ,  0.00 ,  0.00 ,  0.00 
400.32 ,  0.00 , 400.32 ,  0.00 ,  0.00 ,  0.00 ,  0.00 
400.32 ,  0.00 , 400.32 ,  0.00 ,  0.00 ,  0.00 ,  0.00 
320.26 ,  0.00 , 320.26 ,  0.00 ,  0.00 ,  0.00 ,  0.00 
240.19 ,  0.00 , 240.19 ,  0.00 ,  0.00 ,  0.00 ,  0.00 
320.26 ,  0.00 , 320.26 ,  0.00 ,  0.00 ,  0.00 ,  0.00 
320.26 ,  0.00 , 320.26 ,  0.00 ,  0.00 ,  0.00 ,  0.00 
400.32 ,  0.00 , 400.32 ,  0.00 ,  0.00 ,  0.00 ,  0.00 
560.45 ,  0.00 , 560.45 ,  0.00 ,  0.00 ,  0.00 ,  0.00 
480.39 ,  0.00 , 480.39 ,  0.00 ,  0.00 ,  0.00 ,  0.00 
480.39 ,  0.00 , 480.39 ,  0.00 ,  0.00 ,  0.00 ,  0.00 
400.32 ,  0.00 , 400.32 ,  0.00 ,  0.00 ,  0.00 ,  0.00 
400.32 ,  0.00 , 400.32 ,  0.00 ,  0.00 ,  0.00 ,  0.00 
80.06 ,  0.00 , 80.06 ,  0.00 ,  0.00 ,  0.00 ,  0.00 
 0.00 ,  0.00 ,  0.00 ,  0.00 ,  0.00 ,  0.00 ,  0.00 
 0.00 ,  0.00 ,  0.00 ,  0.00 ,  0.00 ,  0.00 ,  0.00 
 0.00 ,  0.00 ,  0.00 ,  0.00 ,  0.00 ,  0.00 ,  0.00 
 0.00 ,  0.00 ,  0.00 ,  0.00 ,  0.00 ,  0.00 ,  0.00 
80.06 ,  0.00 , 80.06 ,  0.00 ,  0.00 ,  0.00 ,  0.00 
240.19 ,  0.00 , 240.19 ,  0.00 ,  0.00 ,  0.00 ,  0.00 
800.64 ,  0.00 , 800.64 ,  0.00 ,  0.00 ,  0.00 ,  0.00 
560.45 ,  0.00 , 560.45 ,  0.00 ,  0.00 ,  0.00 ,  0.00 
560.45 ,  0.00 , 560.45 ,  0.00 ,  0.00 ,  0.00 ,  0.00 
480.39 ,  0.00 , 480.39 ,  0.00 ,  0.00 ,  0.00 ,  0.00 
480.39 ,  0.00 , 480.39 ,  0.00 ,  0.00 ,  0.00 ,  0.00 
400.32 ,  0.00 , 400.32 ,  0.00 ,  0.00 ,  0.00 ,  0.00 
400.32 ,  0.00 , 400.32 ,  0.00 ,  0.00 ,  0.00 ,  0.00 
320.26 ,  0.00 , 320.26 ,  0.00 ,  0.00 ,  0.00 ,  0.00 
240.19 ,  0.00 , 240.19 ,  0.00 ,  0.00 ,  0.00 ,  0.00 
320.26 ,  0.00 , 320.26 ,  0.00 ,  0.00 ,  0.00 ,  0.00 
320.26 ,  0.00 , 320.26 ,  0.00 ,  0.00 ,  0.00 ,  0.00 
400.32 ,  0.00 , 400.32 ,  0.00 ,  0.00 ,  0.00 ,  0.00 
560.45 ,  0.00 , 560.45 ,  0.00 ,  0.00 ,  0.00 ,  0.00 
480.39 ,  0.00 , 480.39 ,  0.00 ,  0.00 ,  0.00 ,  0.00 
480.39 ,  0.00 , 480.39 ,  0.00 ,  0.00 ,  0.00 ,  0.00 
400.32 ,  0.00 , 400.32 ,  0.00 ,  0.00 ,  0.00 ,  0.00 
400.32 ,  0.00 , 400.32 ,  0.00 ,  0.00 ,  0.00 ,  0.00 
80.06 ,  0.00 , 80.06 ,  0.00 ,  0.00 ,  0.00 ,  0.00 
 0.00 ,  0.00 ,  0.00 ,  0.00 ,  0.00 ,  0.00 ,  0.00 
 0.00 ,  0.00 ,  0.00 ,  0.00 ,  0.00 ,  0.00 ,  0.00 
 0.00 ,  0.00 ,  0.00 ,  0.00 ,  0.00 ,  0.00 ,  0.00 
 0.00 ,  0.00 ,  0.00 ,  0.00 ,  0.00 ,  0.00 ,  0.00 
80.06 ,  0.00 , 80.06 ,  0.00 ,  0.00 ,  0.00 ,  0.00 
240.19 ,  0.00 , 240.19 ,  0.00 ,  0.00 ,  0.00 ,  0.00 
800.64 ,  0.00 , 800.64 ,  0.00 ,  0.00 ,  0.00 ,  0.00 
560.45 ,  0.00 , 560.45 ,  0.00 ,  0.00 ,  0.00 ,  0.00 
560.45 ,  0.00 , 560.45 ,  0.00 ,  0.00 ,  0.00 ,  0.00 
480.39 ,  0.00 , 480.39 ,  0.00 ,  0.00 ,  0.00 ,  0.00 
480.39 ,  0.00 , 480.39 ,  0.00 ,  0.00 ,  0.00 ,  0.00 
400.32 ,  0.00 , 400.32 ,  0.00 ,  0.00 ,  0.00 ,  0.00 
400.32 ,  0.00 , 400.32 ,  0.00 ,  0.00 ,  0.00 ,  0.00 
320.26 ,  0.00 , 320.26 ,  0.00 ,  0.00 ,  0.00 ,  0.00 
240.19 ,  0.00 , 240.19 ,  0.00 ,  0.00 ,  0.00 ,  0.00 
320.26 ,  0.00 , 320.26 ,  0.00 ,  0.00 ,  0.00 ,  0.00 
320.26 ,  0.00 , 320.26 ,  0.00 ,  0.00 ,  0.00 ,  0.00 
400.32 ,  0.00 , 400.32 ,  0.00 ,  0.00 ,  0.00 ,  0.00 
560.45 ,  0.00 , 560.45 ,  0.00 ,  0.00 ,  0.00 ,  0.00 
480.39 ,  0.00 , 480.39 ,  0.00 ,  0.00 ,  0.00 ,  0.00 
480.39 ,  0.00 , 480.39 ,  0.00 ,  0.00 ,  0.00 ,  0.00 
400.32 ,  0.00 , 400.32 ,  0.00 ,  0.00 ,  0.00 ,  0.00 
400.32 ,  0.00 , 400.32 ,  0.00 ,  0.00 ,  0.00 ,  0.00 
80.06 ,  0.00 , 80.06 ,  0.00 ,  0.00 ,  0.00 ,  0.00 
 0.00 ,  0.00 ,  0.00 ,  0.00 ,  0.00 ,  0.00 ,  0.00 
 0.00 ,  0.00 ,  0.00 ,  0.00 ,  0.00 ,  0.00 ,  0.00 
 0.00 ,  0.00 ,  0.00 ,  0.00 ,  0.00 ,  0.00 ,  0.00 
 0.00 ,  0.00 ,  0.00 ,  0.00 ,  0.00 ,  0.00 ,  0.00 
80.06 ,  0.00 , 80.06 ,  0.00 ,  0.00 ,  0.00 ,  0.00 
240.19 ,  0.00 , 240.19 ,  0.00 ,  0.00 ,  0.00 ,  0.00 
800.64 ,  0.00 , 800.64 ,  0.00 ,  0.00 ,  0.00 ,  0.00 
560.45 ,  0.00 , 560.45 ,  0.00 ,  0.00 ,  0.00 ,  0.00 
560.45 ,  0.00 , 560.45 ,  0.00 ,  0.00 ,  0.00 ,  0.00 
480.39 ,  0.00 , 480.39 ,  0.00 ,  0.00 ,  0.00 ,  0.00 
480.39 ,  0.00 , 480.39 ,  0.00 ,  0.00 ,  0.00 ,  0.00 
400.32 ,  0.00 , 400.32 ,  0.00 ,  0.00 ,  0.00 ,  0.00 
400.32 ,  0.00 , 400.32 ,  0.00 ,  0.00 ,  0.00 ,  0.00 
320.26 ,  0.00 , 320.26 ,  0.00 ,  0.00 ,  0.00 ,  0.00 
240.19 ,  0.00 , 240.19 ,  0.00 ,  0.00 ,  0.00 ,  0.00 
320.26 ,  0.00 , 320.26 ,  0.00 ,  0.00 ,  0.00 ,  0.00 
320.26 ,  0.00 , 320.26 ,  0.00 ,  0.00 ,  0.00 ,  0.00 
400.32 ,  0.00 , 400.32 ,  0.00 ,  0.00 ,  0.00 ,  0.00 
560.45 ,  0.00 , 560.45 ,  0.00 ,  0.00 ,  0.00 ,  0.00 
480.39 ,  0.00 , 480.39 ,  0.00 ,  0.00 ,  0.00 ,  0.00 
480.39 ,  0.00 , 480.39 ,  0.00 ,  0.00 ,  0.00 ,  0.00 
400.32 ,  0.00 , 400.32 ,  0.00 ,  0.00 ,  0.00 ,  0.00 
400.32 ,  0.00 , 400.32 ,  0.00 ,  0.00 ,  0.00 ,  0.00 
80.06 ,  0.00 , 80.06 ,  0.00 ,  0.00 ,  0.00 ,  0.00 
 0.00 ,  0.00 ,  0.00 ,  0.00 ,  0.00 ,  0.00 ,  0.00 
 0.00 ,  0.00 ,  0.00 ,  0.00 ,  0.00 ,  0.00 ,  0.00 
 0.00 ,  0.00 ,  0.00 ,  0.00 ,  0.00 ,  0.00 ,  0.00 
 0.00 ,  0.00 ,  0.00 ,  0.00 ,  0.00 ,  0.00 ,  0.00 
80.06 ,  0.00 , 80.06 ,  0.00 ,  0.00 ,  0.00 ,  0.00 
240.19 ,  0.00 , 240.19 ,  0.00 ,  0.00 ,  0.00 ,  0.00 
800.64 ,  0.00 , 800.64 ,  0.00 ,  0.00 ,  0.00 ,  0.00 
560.45 ,  0.00 , 560.45 ,  0.00 ,  0.00 ,  0.00 ,  0.00 
560.45 ,  0.00 , 560.45 ,  0.00 ,  0.00 ,  0.00 ,  0.00 
480.39 ,  0.00 , 480.39 ,  0.00 ,  0.00 ,  0.00 ,  0.00 
480.39 ,  0.00 , 480.39 ,  0.00 ,  0.00 ,  0.00 ,  0.00 
400.32 ,  0.00 , 400.32 ,  0.00 ,  0.00 ,  0.00 ,  0.00 
400.32 ,  0.00 , 400.32 ,  0.00 ,  0.00 ,  0.00 ,  0.00 
320.26 ,  0.00 , 320.26 ,  0.00 ,  0.00 ,  0.00 ,  0.00 
240.19 ,  0.00 , 240.19 ,  0.00 ,  0.00 ,  0.00 ,  0.00 
320.26 ,  0.00 , 320.26 ,  0.00 ,  0.00 ,  0.00 ,  0.00 
320.26 ,  0.00 , 320.26 ,  0.00 ,  0.00 ,  0.00 ,  0.00 
400.32 ,  0.00 , 400.32 ,  0.00 ,  0.00 ,  0.00 ,  0.00 
560.45 ,  0.00 , 560.45 ,  0.00 ,  0.00 ,  0.00 ,  0.00 
480.39 ,  0.00 , 480.39 ,  0.00 ,  0.00 ,  0.00 ,  0.00 
480.39 ,  0.00 , 480.39 ,  0.00 ,  0.00 ,  0.00 ,  0.00 
400.32 ,  0.00 , 400.32 ,  0.00 ,  0.00 ,  0.00 ,  0.00 
400.32 ,  0.00 , 400.32 ,  0.00 ,  0.00 ,  0.00 ,  0.00 
80.06 ,  0.00 , 80.06 ,  0.00 ,  0.00 ,  0.00 ,  0.00 
 0.00 ,  0.00 ,  0.00 ,  0.00 ,  0.00 ,  0.00 ,  0.00 
 0.00 ,  0.00 ,  0.00 ,  0.00 ,  0.00 ,  0.00 ,  0.00 
 0.00 ,  0.00 ,  0.00 ,  0.00 ,  0.00 ,  0.00 ,  0.00 
 0.00 ,  0.00 ,  0.00 ,  0.00 ,  0.00 ,  0.00 ,  0.00 
80.06 ,  0.00 , 80.06 ,  0.00 ,  0.00 ,  0.00 ,  0.00 
240.19 ,  0.00 , 240.19 ,  0.00 ,  0.00 ,  0.00 ,  0.00 
800.64 ,  0.00 , 800.64 ,  0.00 ,  0.00 ,  0.00 ,  0.00 
560.45 ,  0.00 , 560.45 ,  0.00 ,  0.00 ,  0.00 ,  0.00 
560.45 ,  0.00 , 560.45 ,  0.00 ,  0.00 ,  0.00 ,  0.00 
480.39 ,  0.00 , 480.39 ,  0.00 ,  0.00 ,  0.00 ,  0.00 
480.39 ,  0.00 , 480.39 ,  0.00 ,  0.00 ,  0.00 ,  0.00 
400.32 ,  0.00 , 400.32 ,  0.00 ,  0.00 ,  0.00 ,  0.00 
400.32 ,  0.00 , 400.32 ,  0.00 ,  0.00 ,  0.00 ,  0.00 
320.26 ,  0.00 , 320.26 ,  0.00 ,  0.00 ,  0.00 ,  0.00 
240.19 ,  0.00 , 240.19 ,  0.00 ,  0.00 ,  0.00 ,  0.00 
320.26 ,  0.00 , 320.26 ,  0.00 ,  0.00 ,  0.00 ,  0.00 
320.26 ,  0.00 , 320.26 ,  0.00 ,  0.00 ,  0.00 ,  0.00 
400.32 ,  0.00 , 400.32 ,  0.00 ,  0.00 ,  0.00 ,  0.00 
560.45 ,  0.00 , 560.45 ,  0.00 ,  0.00 ,  0.00 ,  0.00 
480.39 ,  0.00 , 480.39 ,  0.00 ,  0.00 ,  0.00 ,  0.00 
480.39 ,  0.00 , 480.39 ,  0.00 ,  0.00 ,  0.00 ,  0.00 
400.32 ,  0.00 , 400.32 ,  0.00 ,  0.00 ,  0.00 ,  0.00 
400.32 ,  0.00 , 400.32 ,  0.00 ,  0.00 ,  0.00 ,  0.00 
80.06 ,  0.00 , 80.06 ,  0.00 ,  0.00 ,  0.00 ,  0.00 
 0.00 ,  0.00 ,  0.00 ,  0.00 ,  0.00 ,  0.00 ,  0.00 
 0.00 ,  0.00 ,  0.00 ,  0.00 ,  0.00 ,  0.00 ,  0.00 
 0.00 ,  0.00 ,  0.00 ,  0.00 ,  0.00 ,  0.00 ,  0.00 
 0.00 ,  0.00 ,  0.00 ,  0.00 ,  0.00 ,  0.00 ,  0.00 
80.06 ,  0.00 , 80.06 ,  0.00 ,  0.00 ,  0.00 ,  0.00 
240.19 ,  0.00 , 240.19 ,  0.00 ,  0.00 ,  0.00 ,  0.00 
800.64 ,  0.00 , 800.64 ,  0.00 ,  0.00 ,  0.00 ,  0.00 
560.45 ,  0.00 , 560.45 ,  0.00 ,  0.00 ,  0.00 ,  0.00 
560.45 ,  0.00 , 560.45 ,  0.00 ,  0.00 ,  0.00 ,  0.00 
480.39 ,  0.00 , 480.39 ,  0.00 ,  0.00 ,  0.00 ,  0.00 
480.39 ,  0.00 , 480.39 ,  0.00 ,  0.00 ,  0.00 ,  0.00 
400.32 ,  0.00 , 400.32 ,  0.00 ,  0.00 ,  0.00 ,  0.00 
400.32 ,  0.00 , 400.32 ,  0.00 ,  0.00 ,  0.00 ,  0.00 
320.26 ,  0.00 , 320.26 ,  0.00 ,  0.00 ,  0.00 ,  0.00 
240.19 ,  0.00 , 240.19 ,  0.00 ,  0.00 ,  0.00 ,  0.00 
320.26 ,  0.00 , 320.26 ,  0.00 ,  0.00 ,  0.00 ,  0.00 
320.26 ,  0.00 , 320.26 ,  0.00 ,  0.00 ,  0.00 ,  0.00 
400.32 ,  0.00 , 400.32 ,  0.00 ,  0.00 ,  0.00 ,  0.00 
560.45 ,  0.00 , 560.45 ,  0.00 ,  0.00 ,  0.00 ,  0.00 
480.39 ,  0.00 , 480.39 ,  0.00 ,  0.00 ,  0.00 ,  0.00 
480.39 ,  0.00 , 480.39 ,  0.00 ,  0.00 ,  0.00 ,  0.00 
400.32 ,  0.00 , 400.32 ,  0.00 ,  0.00 ,  0.00 ,  0.00 
400.32 ,  0.00 , 400.32 ,  0.00 ,  0.00 ,  0.00 ,  0.00 
80.06 ,  0.00 , 80.06 ,  0.00 ,  0.00 ,  0.00 ,  0.00 
 0.00 ,  0.00 ,  0.00 ,  0.00 ,  0.00 ,  0.00 ,  0.00 
 0.00 ,  0.00 ,  0.00 ,  0.00 ,  0.00 ,  0.00 ,  0.00 
 0.00 ,  0.00 ,  0.00 ,  0.00 ,  0.00 ,  0.00 ,  0.00 
 0.00 ,  0.00 ,  0.00 ,  0.00 ,  0.00 ,  0.00 ,  0.00 
80.06 ,  0.00 , 80.06 ,  0.00 ,  0.00 ,  0.00 ,  0.00 
240.19 ,  0.00 , 240.19 ,  0.00 ,  0.00 ,  0.00 ,  0.00 
800.64 ,  0.00 , 800.64 ,  0.00 ,  0.00 ,  0.00 ,  0.00 
560.45 ,  0.00 , 560.45 ,  0.00 ,  0.00 ,  0.00 ,  0.00 
560.45 ,  0.00 , 560.45 ,  0.00 ,  0.00 ,  0.00 ,  0.00 
480.39 ,  0.00 , 480.39 ,  0.00 ,  0.00 ,  0.00 ,  0.00 
480.39 ,  0.00 , 480.39 ,  0.00 ,  0.00 ,  0.00 ,  0.00 
400.32 ,  0.00 , 400.32 ,  0.00 ,  0.00 ,  0.00 ,  0.00 
400.32 ,  0.00 , 400.32 ,  0.00 ,  0.00 ,  0.00 ,  0.00 
320.26 ,  0.00 , 320.26 ,  0.00 ,  0.00 ,  0.00 ,  0.00 
240.19 ,  0.00 , 240.19 ,  0.00 ,  0.00 ,  0.00 ,  0.00 
320.26 ,  0.00 , 320.26 ,  0.00 ,  0.00 ,  0.00 ,  0.00 
320.26 ,  0.00 , 320.26 ,  0.00 ,  0.00 ,  0.00 ,  0.00 
400.32 ,  0.00 , 400.32 ,  0.00 ,  0.00 ,  0.00 ,  0.00 
560.45 ,  0.00 , 560.45 ,  0.00 ,  0.00 ,  0.00 ,  0.00 
480.39 ,  0.00 , 480.39 ,  0.00 ,  0.00 ,  0.00 ,  0.00 
480.39 ,  0.00 , 480.39 ,  0.00 ,  0.00 ,  0.00 ,  0.00 
400.32 ,  0.00 , 400.32 ,  0.00 ,  0.00 ,  0.00 ,  0.00 
400.32 ,  0.00 , 400.32 ,  0.00 ,  0.00 ,  0.00 ,  0.00 
80.06 ,  0.00 , 80.06 ,  0.00 ,  0.00 ,  0.00 ,  0.00 
 0.00 ,  0.00 ,  0.00 ,  0.00 ,  0.00 ,  0.00 ,  0.00 
 0.00 ,  0.00 ,  0.00 ,  0.00 ,  0.00 ,  0.00 ,  0.00 
 0.00 ,  0.00 ,  0.00 ,  0.00 ,  0.00 ,  0.00 ,  0.00 
 0.00 ,  0.00 ,  0.00 ,  0.00 ,  0.00 ,  0.00 ,  0.00 
80.06 ,  0.00 , 80.06 ,  0.00 ,  0.00 ,  0.00 ,  0.00 
240.19 ,  0.00 , 240.19 ,  0.00 ,  0.00 ,  0.00 ,  0.00 
800.64 ,  0.00 , 800.64 ,  0.00 ,  0.00 ,  0.00 ,  0.00 
560.45 ,  0.00 , 560.45 ,  0.00 ,  0.00 ,  0.00 ,  0.00 
560.45 ,  0.00 , 560.45 ,  0.00 ,  0.00 ,  0.00 ,  0.00 
480.39 ,  0.00 , 480.39 ,  0.00 ,  0.00 ,  0.00 ,  0.00 
480.39 ,  0.00 , 480.39 ,  0.00 ,  0.00 ,  0.00 ,  0.00 
400.32 ,  0.00 , 400.32 ,  0.00 ,  0.00 ,  0.00 ,  0.00 
400.32 ,  0.00 , 400.32 ,  0.00 ,  0.00 ,  0.00 ,  0.00 
320.26 ,  0.00 , 320.26 ,  0.00 ,  0.00 ,  0.00 ,  0.00 
240.19 ,  0.00 , 240.19 ,  0.00 ,  0.00 ,  0.00 ,  0.00 
320.26 ,  0.00 , 320.26 ,  0.00 ,  0.00 ,  0.00 ,  0.00 
320.26 ,  0.00 , 320.26 ,  0.00 ,  0.00 ,  0.00 ,  0.00 
400.32 ,  0.00 , 400.32 ,  0.00 ,  0.00 ,  0.00 ,  0.00 
560.45 ,  0.00 , 560.45 ,  0.00 ,  0.00 ,  0.00 ,  0.00 
480.39 ,  0.00 , 480.39 ,  0.00 ,  0.00 ,  0.00 ,  0.00 
480.39 ,  0.00 , 480.39 ,  0.00 ,  0.00 ,  0.00 ,  0.00 
400.32 ,  0.00 , 400.32 ,  0.00 ,  0.00 ,  0.00 ,  0.00 
400.32 ,  0.00 , 400.32 ,  0.00 ,  0.00 ,  0.00 ,  0.00 
80.06 ,  0.00 , 80.06 ,  0.00 ,  0.00 ,  0.00 ,  0.00 
 0.00 ,  0.00 ,  0.00 ,  0.00 ,  0.00 ,  0.00 ,  0.00 
 0.00 ,  0.00 ,  0.00 ,  0.00 ,  0.00 ,  0.00 ,  0.00 
 0.00 ,  0.00 ,  0.00 ,  0.00 ,  0.00 ,  0.00 ,  0.00 
 0.00 ,  0.00 ,  0.00 ,  0.00 ,  0.00 ,  0.00 ,  0.00 
80.06 ,  0.00 , 80.06 ,  0.00 ,  0.00 ,  0.00 ,  0.00 
240.19 ,  0.00 , 240.19 ,  0.00 ,  0.00 ,  0.00 ,  0.00 
800.64 ,  0.00 , 800.64 ,  0.00 ,  0.00 ,  0.00 ,  0.00 
560.45 ,  0.00 , 560.45 ,  0.00 ,  0.00 ,  0.00 ,  0.00 
560.45 ,  0.00 , 560.45 ,  0.00 ,  0.00 ,  0.00 ,  0.00 
480.39 ,  0.00 , 480.39 ,  0.00 ,  0.00 ,  0.00 ,  0.00 
480.39 ,  0.00 , 480.39 ,  0.00 ,  0.00 ,  0.00 ,  0.00 
400.32 ,  0.00 , 400.32 ,  0.00 ,  0.00 ,  0.00 ,  0.00 
400.32 ,  0.00 , 400.32 ,  0.00 ,  0.00 ,  0.00 ,  0.00 
320.26 ,  0.00 , 320.26 ,  0.00 ,  0.00 ,  0.00 ,  0.00 
240.19 ,  0.00 , 240.19 ,  0.00 ,  0.00 ,  0.00 ,  0.00 
320.26 ,  0.00 , 320.26 ,  0.00 ,  0.00 ,  0.00 ,  0.00 
320.26 ,  0.00 , 320.26 ,  0.00 ,  0.00 ,  0.00 ,  0.00 
400.32 ,  0.00 , 400.32 ,  0.00 ,  0.00 ,  0.00 ,  0.00 
560.45 ,  0.00 , 560.45 ,  0.00 ,  0.00 ,  0.00 ,  0.00 
480.39 ,  0.00 , 480.39 ,  0.00 ,  0.00 ,  0.00 ,  0.00 
480.39 ,  0.00 , 480.39 ,  0.00 ,  0.00 ,  0.00 ,  0.00 
400.32 ,  0.00 , 400.32 ,  0.00 ,  0.00 ,  0.00 ,  0.00 
400.32 ,  0.00 , 400.32 ,  0.00 ,  0.00 ,  0.00 ,  0.00 
80.06 ,  0.00 , 80.06 ,  0.00 ,  0.00 ,  0.00 ,  0.00 
 0.00 ,  0.00 ,  0.00 ,  0.00 ,  0.00 ,  0.00 ,  0.00 
 0.00 ,  0.00 ,  0.00 ,  0.00 ,  0.00 ,  0.00 ,  0.00 
 0.00 ,  0.00 ,  0.00 ,  0.00 ,  0.00 ,  0.00 ,  0.00 
 0.00 ,  0.00 ,  0.00 ,  0.00 ,  0.00 ,  0.00 ,  0.00 
80.06 ,  0.00 , 80.06 ,  0.00 ,  0.00 ,  0.00 ,  0.00 
240.19 ,  0.00 , 240.19 ,  0.00 ,  0.00 ,  0.00 ,  0.00 
800.64 ,  0.00 , 800.64 ,  0.00 ,  0.00 ,  0.00 ,  0.00 
560.45 ,  0.00 , 560.45 ,  0.00 ,  0.00 ,  0.00 ,  0.00 
560.45 ,  0.00 , 560.45 ,  0.00 ,  0.00 ,  0.00 ,  0.00 
480.39 ,  0.00 , 480.39 ,  0.00 ,  0.00 ,  0.00 ,  0.00 
480.39 ,  0.00 , 480.39 ,  0.00 ,  0.00 ,  0.00 ,  0.00 
400.32 ,  0.00 , 400.32 ,  0.00 ,  0.00 ,  0.00 ,  0.00 
400.32 ,  0.00 , 400.32 ,  0.00 ,  0.00 ,  0.00 ,  0.00 
320.26 ,  0.00 , 320.26 ,  0.00 ,  0.00 ,  0.00 ,  0.00 
240.19 ,  0.00 , 240.19 ,  0.00 ,  0.00 ,  0.00 ,  0.00 
320.26 ,  0.00 , 320.26 ,  0.00 ,  0.00 ,  0.00 ,  0.00 
320.26 ,  0.00 , 320.26 ,  0.00 ,  0.00 ,  0.00 ,  0.00 
400.32 ,  0.00 , 400.32 ,  0.00 ,  0.00 ,  0.00 ,  0.00 
560.45 ,  0.00 , 560.45 ,  0.00 ,  0.00 ,  0.00 ,  0.00 
480.39 ,  0.00 , 480.39 ,  0.00 ,  0.00 ,  0.00 ,  0.00 
480.39 ,  0.00 , 480.39 ,  0.00 ,  0.00 ,  0.00 ,  0.00 
400.32 ,  0.00 , 400.32 ,  0.00 ,  0.00 ,  0.00 ,  0.00 
400.32 ,  0.00 , 400.32 ,  0.00 ,  0.00 ,  0.00 ,  0.00 
83.55 ,  0.00 , 83.55 ,  0.00 ,  0.00 ,  0.00 ,  0.00 
 0.00 ,  0.00 ,  0.00 ,  0.00 ,  0.00 ,  0.00 ,  0.00 
 0.00 ,  0.00 ,  0.00 ,  0.00 ,  0.00 ,  0.00 ,  0.00 
 0.00 ,  0.00 ,  0.00 ,  0.00 ,  0.00 ,  0.00 ,  0.00 
 0.00 ,  0.00 ,  0.00 ,  0.00 ,  0.00 ,  0.00 ,  0.00 
83.55 ,  0.00 , 83.55 ,  0.00 ,  0.00 ,  0.00 ,  0.00 
250.64 ,  0.00 , 250.64 ,  0.00 ,  0.00 ,  0.00 ,  0.00 
835.48 ,  0.00 , 835.48 ,  0.00 ,  0.00 ,  0.00 ,  0.00 
584.83 ,  0.00 , 584.83 ,  0.00 ,  0.00 ,  0.00 ,  0.00 
584.83 ,  0.00 , 584.83 ,  0.00 ,  0.00 ,  0.00 ,  0.00 
501.29 ,  0.00 , 501.29 ,  0.00 ,  0.00 ,  0.00 ,  0.00 
501.29 ,  0.00 , 501.29 ,  0.00 ,  0.00 ,  0.00 ,  0.00 
417.74 ,  0.00 , 417.74 ,  0.00 ,  0.00 ,  0.00 ,  0.00 
417.74 ,  0.00 , 417.74 ,  0.00 ,  0.00 ,  0.00 ,  0.00 
334.19 ,  0.00 , 334.19 ,  0.00 ,  0.00 ,  0.00 ,  0.00 
250.64 ,  0.00 , 250.64 ,  0.00 ,  0.00 ,  0.00 ,  0.00 
334.19 ,  0.00 , 334.19 ,  0.00 ,  0.00 ,  0.00 ,  0.00 
334.19 ,  0.00 , 334.19 ,  0.00 ,  0.00 ,  0.00 ,  0.00 
417.74 ,  0.00 , 417.74 ,  0.00 ,  0.00 ,  0.00 ,  0.00 
584.83 ,  0.00 , 584.83 ,  0.00 ,  0.00 ,  0.00 ,  0.00 
501.29 ,  0.00 , 501.29 ,  0.00 ,  0.00 ,  0.00 ,  0.00 
501.29 ,  0.00 , 501.29 ,  0.00 ,  0.00 ,  0.00 ,  0.00 
417.74 ,  0.00 , 417.74 ,  0.00 ,  0.00 ,  0.00 ,  0.00 
417.74 ,  0.00 , 417.74 ,  0.00 ,  0.00 ,  0.00 ,  0.00 
83.55 ,  0.00 , 83.55 ,  0.00 ,  0.00 ,  0.00 ,  0.00 
 0.00 ,  0.00 ,  0.00 ,  0.00 ,  0.00 ,  0.00 ,  0.00 
 0.00 ,  0.00 ,  0.00 ,  0.00 ,  0.00 ,  0.00 ,  0.00 
 0.00 ,  0.00 ,  0.00 ,  0.00 ,  0.00 ,  0.00 ,  0.00 
 0.00 ,  0.00 ,  0.00 ,  0.00 ,  0.00 ,  0.00 ,  0.00 
83.55 ,  0.00 , 83.55 ,  0.00 ,  0.00 ,  0.00 ,  0.00 
250.64 ,  0.00 , 250.64 ,  0.00 ,  0.00 ,  0.00 ,  0.00 
835.48 ,  0.00 , 835.48 ,  0.00 ,  0.00 ,  0.00 ,  0.00 
584.83 ,  0.00 , 584.83 ,  0.00 ,  0.00 ,  0.00 ,  0.00 
584.83 ,  0.00 , 584.83 ,  0.00 ,  0.00 ,  0.00 ,  0.00 
501.29 ,  0.00 , 501.29 ,  0.00 ,  0.00 ,  0.00 ,  0.00 
501.29 ,  0.00 , 501.29 ,  0.00 ,  0.00 ,  0.00 ,  0.00 
417.74 ,  0.00 , 417.74 ,  0.00 ,  0.00 ,  0.00 ,  0.00 
417.74 ,  0.00 , 417.74 ,  0.00 ,  0.00 ,  0.00 ,  0.00 
334.19 ,  0.00 , 334.19 ,  0.00 ,  0.00 ,  0.00 ,  0.00 
250.64 ,  0.00 , 250.64 ,  0.00 ,  0.00 ,  0.00 ,  0.00 
334.19 ,  0.00 , 334.19 ,  0.00 ,  0.00 ,  0.00 ,  0.00 
334.19 ,  0.00 , 334.19 ,  0.00 ,  0.00 ,  0.00 ,  0.00 
417.74 ,  0.00 , 417.74 ,  0.00 ,  0.00 ,  0.00 ,  0.00 
584.83 ,  0.00 , 584.83 ,  0.00 ,  0.00 ,  0.00 ,  0.00 
501.29 ,  0.00 , 501.29 ,  0.00 ,  0.00 ,  0.00 ,  0.00 
501.29 ,  0.00 , 501.29 ,  0.00 ,  0.00 ,  0.00 ,  0.00 
417.74 ,  0.00 , 417.74 ,  0.00 ,  0.00 ,  0.00 ,  0.00 
417.74 ,  0.00 , 417.74 ,  0.00 ,  0.00 ,  0.00 ,  0.00 
83.55 ,  0.00 , 83.55 ,  0.00 ,  0.00 ,  0.00 ,  0.00 
 0.00 ,  0.00 ,  0.00 ,  0.00 ,  0.00 ,  0.00 ,  0.00 
 0.00 ,  0.00 ,  0.00 ,  0.00 ,  0.00 ,  0.00 ,  0.00 
 0.00 ,  0.00 ,  0.00 ,  0.00 ,  0.00 ,  0.00 ,  0.00 
 0.00 ,  0.00 ,  0.00 ,  0.00 ,  0.00 ,  0.00 ,  0.00 
83.55 ,  0.00 , 83.55 ,  0.00 ,  0.00 ,  0.00 ,  0.00 
250.64 ,  0.00 , 250.64 ,  0.00 ,  0.00 ,  0.00 ,  0.00 
835.48 ,  0.00 , 835.48 ,  0.00 ,  0.00 ,  0.00 ,  0.00 
584.83 ,  0.00 , 584.83 ,  0.00 ,  0.00 ,  0.00 ,  0.00 
584.83 ,  0.00 , 584.83 ,  0.00 ,  0.00 ,  0.00 ,  0.00 
501.29 ,  0.00 , 501.29 ,  0.00 ,  0.00 ,  0.00 ,  0.00 
501.29 ,  0.00 , 501.29 ,  0.00 ,  0.00 ,  0.00 ,  0.00 
417.74 ,  0.00 , 417.74 ,  0.00 ,  0.00 ,  0.00 ,  0.00 
417.74 ,  0.00 , 417.74 ,  0.00 ,  0.00 ,  0.00 ,  0.00 
334.19 ,  0.00 , 334.19 ,  0.00 ,  0.00 ,  0.00 ,  0.00 
250.64 ,  0.00 , 250.64 ,  0.00 ,  0.00 ,  0.00 ,  0.00 
334.19 ,  0.00 , 334.19 ,  0.00 ,  0.00 ,  0.00 ,  0.00 
334.19 ,  0.00 , 334.19 ,  0.00 ,  0.00 ,  0.00 ,  0.00 
417.74 ,  0.00 , 417.74 ,  0.00 ,  0.00 ,  0.00 ,  0.00 
584.83 ,  0.00 , 584.83 ,  0.00 ,  0.00 ,  0.00 ,  0.00 
501.29 ,  0.00 , 501.29 ,  0.00 ,  0.00 ,  0.00 ,  0.00 
501.29 ,  0.00 , 501.29 ,  0.00 ,  0.00 ,  0.00 ,  0.00 
417.74 ,  0.00 , 417.74 ,  0.00 ,  0.00 ,  0.00 ,  0.00 
417.74 ,  0.00 , 417.74 ,  0.00 ,  0.00 ,  0.00 ,  0.00 
83.55 ,  0.00 , 83.55 ,  0.00 ,  0.00 ,  0.00 ,  0.00 
 0.00 ,  0.00 ,  0.00 ,  0.00 ,  0.00 ,  0.00 ,  0.00 
 0.00 ,  0.00 ,  0.00 ,  0.00 ,  0.00 ,  0.00 ,  0.00 
 0.00 ,  0.00 ,  0.00 ,  0.00 ,  0.00 ,  0.00 ,  0.00 
 0.00 ,  0.00 ,  0.00 ,  0.00 ,  0.00 ,  0.00 ,  0.00 
83.55 ,  0.00 , 83.55 ,  0.00 ,  0.00 ,  0.00 ,  0.00 
250.64 ,  0.00 , 250.64 ,  0.00 ,  0.00 ,  0.00 ,  0.00 
835.48 ,  0.00 , 835.48 ,  0.00 ,  0.00 ,  0.00 ,  0.00 
584.83 ,  0.00 , 584.83 ,  0.00 ,  0.00 ,  0.00 ,  0.00 
584.83 ,  0.00 , 584.83 ,  0.00 ,  0.00 ,  0.00 ,  0.00 
501.29 ,  0.00 , 501.29 ,  0.00 ,  0.00 ,  0.00 ,  0.00 
501.29 ,  0.00 , 501.29 ,  0.00 ,  0.00 ,  0.00 ,  0.00 
417.74 ,  0.00 , 417.74 ,  0.00 ,  0.00 ,  0.00 ,  0.00 
417.74 ,  0.00 , 417.74 ,  0.00 ,  0.00 ,  0.00 ,  0.00 
334.19 ,  0.00 , 334.19 ,  0.00 ,  0.00 ,  0.00 ,  0.00 
250.64 ,  0.00 , 250.64 ,  0.00 ,  0.00 ,  0.00 ,  0.00 
334.19 ,  0.00 , 334.19 ,  0.00 ,  0.00 ,  0.00 ,  0.00 
334.19 ,  0.00 , 334.19 ,  0.00 ,  0.00 ,  0.00 ,  0.00 
417.74 ,  0.00 , 417.74 ,  0.00 ,  0.00 ,  0.00 ,  0.00 
584.83 ,  0.00 , 584.83 ,  0.00 ,  0.00 ,  0.00 ,  0.00 
501.29 ,  0.00 , 501.29 ,  0.00 ,  0.00 ,  0.00 ,  0.00 
501.29 ,  0.00 , 501.29 ,  0.00 ,  0.00 ,  0.00 ,  0.00 
417.74 ,  0.00 , 417.74 ,  0.00 ,  0.00 ,  0.00 ,  0.00 
417.74 ,  0.00 , 417.74 ,  0.00 ,  0.00 ,  0.00 ,  0.00 
83.55 ,  0.00 , 83.55 ,  0.00 ,  0.00 ,  0.00 ,  0.00 
 0.00 ,  0.00 ,  0.00 ,  0.00 ,  0.00 ,  0.00 ,  0.00 
 0.00 ,  0.00 ,  0.00 ,  0.00 ,  0.00 ,  0.00 ,  0.00 
 0.00 ,  0.00 ,  0.00 ,  0.00 ,  0.00 ,  0.00 ,  0.00 
 0.00 ,  0.00 ,  0.00 ,  0.00 ,  0.00 ,  0.00 ,  0.00 
83.55 ,  0.00 , 83.55 ,  0.00 ,  0.00 ,  0.00 ,  0.00 
250.64 ,  0.00 , 250.64 ,  0.00 ,  0.00 ,  0.00 ,  0.00 
835.48 ,  0.00 , 835.48 ,  0.00 ,  0.00 ,  0.00 ,  0.00 
584.83 ,  0.00 , 584.83 ,  0.00 ,  0.00 ,  0.00 ,  0.00 
584.83 ,  0.00 , 584.83 ,  0.00 ,  0.00 ,  0.00 ,  0.00 
501.29 ,  0.00 , 501.29 ,  0.00 ,  0.00 ,  0.00 ,  0.00 
501.29 ,  0.00 , 501.29 ,  0.00 ,  0.00 ,  0.00 ,  0.00 
417.74 ,  0.00 , 417.74 ,  0.00 ,  0.00 ,  0.00 ,  0.00 
417.74 ,  0.00 , 417.74 ,  0.00 ,  0.00 ,  0.00 ,  0.00 
334.19 ,  0.00 , 334.19 ,  0.00 ,  0.00 ,  0.00 ,  0.00 
250.64 ,  0.00 , 250.64 ,  0.00 ,  0.00 ,  0.00 ,  0.00 
334.19 ,  0.00 , 334.19 ,  0.00 ,  0.00 ,  0.00 ,  0.00 
334.19 ,  0.00 , 334.19 ,  0.00 ,  0.00 ,  0.00 ,  0.00 
417.74 ,  0.00 , 417.74 ,  0.00 ,  0.00 ,  0.00 ,  0.00 
584.83 ,  0.00 , 584.83 ,  0.00 ,  0.00 ,  0.00 ,  0.00 
501.29 ,  0.00 , 501.29 ,  0.00 ,  0.00 ,  0.00 ,  0.00 
501.29 ,  0.00 , 501.29 ,  0.00 ,  0.00 ,  0.00 ,  0.00 
417.74 ,  0.00 , 417.74 ,  0.00 ,  0.00 ,  0.00 ,  0.00 
417.74 ,  0.00 , 417.74 ,  0.00 ,  0.00 ,  0.00 ,  0.00 
83.55 ,  0.00 , 83.55 ,  0.00 ,  0.00 ,  0.00 ,  0.00 
 0.00 ,  0.00 ,  0.00 ,  0.00 ,  0.00 ,  0.00 ,  0.00 
 0.00 ,  0.00 ,  0.00 ,  0.00 ,  0.00 ,  0.00 ,  0.00 
 0.00 ,  0.00 ,  0.00 ,  0.00 ,  0.00 ,  0.00 ,  0.00 
 0.00 ,  0.00 ,  0.00 ,  0.00 ,  0.00 ,  0.00 ,  0.00 
83.55 ,  0.00 , 83.55 ,  0.00 ,  0.00 ,  0.00 ,  0.00 
250.64 ,  0.00 , 250.64 ,  0.00 ,  0.00 ,  0.00 ,  0.00 
835.48 ,  0.00 , 835.48 ,  0.00 ,  0.00 ,  0.00 ,  0.00 
584.83 ,  0.00 , 584.83 ,  0.00 ,  0.00 ,  0.00 ,  0.00 
584.83 ,  0.00 , 584.83 ,  0.00 ,  0.00 ,  0.00 ,  0.00 
501.29 ,  0.00 , 501.29 ,  0.00 ,  0.00 ,  0.00 ,  0.00 
501.29 ,  0.00 , 501.29 ,  0.00 ,  0.00 ,  0.00 ,  0.00 
417.74 ,  0.00 , 417.74 ,  0.00 ,  0.00 ,  0.00 ,  0.00 
417.74 ,  0.00 , 417.74 ,  0.00 ,  0.00 ,  0.00 ,  0.00 
334.19 ,  0.00 , 334.19 ,  0.00 ,  0.00 ,  0.00 ,  0.00 
250.64 ,  0.00 , 250.64 ,  0.00 ,  0.00 ,  0.00 ,  0.00 
334.19 ,  0.00 , 334.19 ,  0.00 ,  0.00 ,  0.00 ,  0.00 
334.19 ,  0.00 , 334.19 ,  0.00 ,  0.00 ,  0.00 ,  0.00 
417.74 ,  0.00 , 417.74 ,  0.00 ,  0.00 ,  0.00 ,  0.00 
584.83 ,  0.00 , 584.83 ,  0.00 ,  0.00 ,  0.00 ,  0.00 
501.29 ,  0.00 , 501.29 ,  0.00 ,  0.00 ,  0.00 ,  0.00 
501.29 ,  0.00 , 501.29 ,  0.00 ,  0.00 ,  0.00 ,  0.00 
417.74 ,  0.00 , 417.74 ,  0.00 ,  0.00 ,  0.00 ,  0.00 
417.74 ,  0.00 , 417.74 ,  0.00 ,  0.00 ,  0.00 ,  0.00 
83.55 ,  0.00 , 83.55 ,  0.00 ,  0.00 ,  0.00 ,  0.00 
 0.00 ,  0.00 ,  0.00 ,  0.00 ,  0.00 ,  0.00 ,  0.00 
 0.00 ,  0.00 ,  0.00 ,  0.00 ,  0.00 ,  0.00 ,  0.00 
 0.00 ,  0.00 ,  0.00 ,  0.00 ,  0.00 ,  0.00 ,  0.00 
 0.00 ,  0.00 ,  0.00 ,  0.00 ,  0.00 ,  0.00 ,  0.00 
83.55 ,  0.00 , 83.55 ,  0.00 ,  0.00 ,  0.00 ,  0.00 
250.64 ,  0.00 , 250.64 ,  0.00 ,  0.00 ,  0.00 ,  0.00 
835.48 ,  0.00 , 835.48 ,  0.00 ,  0.00 ,  0.00 ,  0.00 
584.83 ,  0.00 , 584.83 ,  0.00 ,  0.00 ,  0.00 ,  0.00 
584.83 ,  0.00 , 584.83 ,  0.00 ,  0.00 ,  0.00 ,  0.00 
501.29 ,  0.00 , 501.29 ,  0.00 ,  0.00 ,  0.00 ,  0.00 
501.29 ,  0.00 , 501.29 ,  0.00 ,  0.00 ,  0.00 ,  0.00 
417.74 ,  0.00 , 417.74 ,  0.00 ,  0.00 ,  0.00 ,  0.00 
417.74 ,  0.00 , 417.74 ,  0.00 ,  0.00 ,  0.00 ,  0.00 
334.19 ,  0.00 , 334.19 ,  0.00 ,  0.00 ,  0.00 ,  0.00 
250.64 ,  0.00 , 250.64 ,  0.00 ,  0.00 ,  0.00 ,  0.00 
334.19 ,  0.00 , 334.19 ,  0.00 ,  0.00 ,  0.00 ,  0.00 
334.19 ,  0.00 , 334.19 ,  0.00 ,  0.00 ,  0.00 ,  0.00 
417.74 ,  0.00 , 417.74 ,  0.00 ,  0.00 ,  0.00 ,  0.00 
584.83 ,  0.00 , 584.83 ,  0.00 ,  0.00 ,  0.00 ,  0.00 
501.29 ,  0.00 , 501.29 ,  0.00 ,  0.00 ,  0.00 ,  0.00 
501.29 ,  0.00 , 501.29 ,  0.00 ,  0.00 ,  0.00 ,  0.00 
417.74 ,  0.00 , 417.74 ,  0.00 ,  0.00 ,  0.00 ,  0.00 
417.74 ,  0.00 , 417.74 ,  0.00 ,  0.00 ,  0.00 ,  0.00 
83.55 ,  0.00 , 83.55 ,  0.00 ,  0.00 ,  0.00 ,  0.00 
 0.00 ,  0.00 ,  0.00 ,  0.00 ,  0.00 ,  0.00 ,  0.00 
 0.00 ,  0.00 ,  0.00 ,  0.00 ,  0.00 ,  0.00 ,  0.00 
 0.00 ,  0.00 ,  0.00 ,  0.00 ,  0.00 ,  0.00 ,  0.00 
 0.00 ,  0.00 ,  0.00 ,  0.00 ,  0.00 ,  0.00 ,  0.00 
83.55 ,  0.00 , 83.55 ,  0.00 ,  0.00 ,  0.00 ,  0.00 
250.64 ,  0.00 , 250.64 ,  0.00 ,  0.00 ,  0.00 ,  0.00 
835.48 ,  0.00 , 835.48 ,  0.00 ,  0.00 ,  0.00 ,  0.00 
584.83 ,  0.00 , 584.83 ,  0.00 ,  0.00 ,  0.00 ,  0.00 
584.83 ,  0.00 , 584.83 ,  0.00 ,  0.00 ,  0.00 ,  0.00 
501.29 ,  0.00 , 501.29 ,  0.00 ,  0.00 ,  0.00 ,  0.00 
501.29 ,  0.00 , 501.29 ,  0.00 ,  0.00 ,  0.00 ,  0.00 
417.74 ,  0.00 , 417.74 ,  0.00 ,  0.00 ,  0.00 ,  0.00 
417.74 ,  0.00 , 417.74 ,  0.00 ,  0.00 ,  0.00 ,  0.00 
334.19 ,  0.00 , 334.19 ,  0.00 ,  0.00 ,  0.00 ,  0.00 
250.64 ,  0.00 , 250.64 ,  0.00 ,  0.00 ,  0.00 ,  0.00 
334.19 ,  0.00 , 334.19 ,  0.00 ,  0.00 ,  0.00 ,  0.00 
334.19 ,  0.00 , 334.19 ,  0.00 ,  0.00 ,  0.00 ,  0.00 
417.74 ,  0.00 , 417.74 ,  0.00 ,  0.00 ,  0.00 ,  0.00 
584.83 ,  0.00 , 584.83 ,  0.00 ,  0.00 ,  0.00 ,  0.00 
501.29 ,  0.00 , 501.29 ,  0.00 ,  0.00 ,  0.00 ,  0.00 
501.29 ,  0.00 , 501.29 ,  0.00 ,  0.00 ,  0.00 ,  0.00 
417.74 ,  0.00 , 417.74 ,  0.00 ,  0.00 ,  0.00 ,  0.00 
417.74 ,  0.00 , 417.74 ,  0.00 ,  0.00 ,  0.00 ,  0.00 
83.55 ,  0.00 , 83.55 ,  0.00 ,  0.00 ,  0.00 ,  0.00 
 0.00 ,  0.00 ,  0.00 ,  0.00 ,  0.00 ,  0.00 ,  0.00 
 0.00 ,  0.00 ,  0.00 ,  0.00 ,  0.00 ,  0.00 ,  0.00 
 0.00 ,  0.00 ,  0.00 ,  0.00 ,  0.00 ,  0.00 ,  0.00 
 0.00 ,  0.00 ,  0.00 ,  0.00 ,  0.00 ,  0.00 ,  0.00 
83.55 ,  0.00 , 83.55 ,  0.00 ,  0.00 ,  0.00 ,  0.00 
250.64 ,  0.00 , 250.64 ,  0.00 ,  0.00 ,  0.00 ,  0.00 
835.48 ,  0.00 , 835.48 ,  0.00 ,  0.00 ,  0.00 ,  0.00 
584.83 ,  0.00 , 584.83 ,  0.00 ,  0.00 ,  0.00 ,  0.00 
584.83 ,  0.00 , 584.83 ,  0.00 ,  0.00 ,  0.00 ,  0.00 
501.29 ,  0.00 , 501.29 ,  0.00 ,  0.00 ,  0.00 ,  0.00 
501.29 ,  0.00 , 501.29 ,  0.00 ,  0.00 ,  0.00 ,  0.00 
417.74 ,  0.00 , 417.74 ,  0.00 ,  0.00 ,  0.00 ,  0.00 
417.74 ,  0.00 , 417.74 ,  0.00 ,  0.00 ,  0.00 ,  0.00 
334.19 ,  0.00 , 334.19 ,  0.00 ,  0.00 ,  0.00 ,  0.00 
250.64 ,  0.00 , 250.64 ,  0.00 ,  0.00 ,  0.00 ,  0.00 
334.19 ,  0.00 , 334.19 ,  0.00 ,  0.00 ,  0.00 ,  0.00 
334.19 ,  0.00 , 334.19 ,  0.00 ,  0.00 ,  0.00 ,  0.00 
417.74 ,  0.00 , 417.74 ,  0.00 ,  0.00 ,  0.00 ,  0.00 
584.83 ,  0.00 , 584.83 ,  0.00 ,  0.00 ,  0.00 ,  0.00 
501.29 ,  0.00 , 501.29 ,  0.00 ,  0.00 ,  0.00 ,  0.00 
501.29 ,  0.00 , 501.29 ,  0.00 ,  0.00 ,  0.00 ,  0.00 
417.74 ,  0.00 , 417.74 ,  0.00 ,  0.00 ,  0.00 ,  0.00 
417.74 ,  0.00 , 417.74 ,  0.00 ,  0.00 ,  0.00 ,  0.00 
83.55 ,  0.00 , 83.55 ,  0.00 ,  0.00 ,  0.00 ,  0.00 
 0.00 ,  0.00 ,  0.00 ,  0.00 ,  0.00 ,  0.00 ,  0.00 
 0.00 ,  0.00 ,  0.00 ,  0.00 ,  0.00 ,  0.00 ,  0.00 
 0.00 ,  0.00 ,  0.00 ,  0.00 ,  0.00 ,  0.00 ,  0.00 
 0.00 ,  0.00 ,  0.00 ,  0.00 ,  0.00 ,  0.00 ,  0.00 
83.55 ,  0.00 , 83.55 ,  0.00 ,  0.00 ,  0.00 ,  0.00 
250.64 ,  0.00 , 250.64 ,  0.00 ,  0.00 ,  0.00 ,  0.00 
835.48 ,  0.00 , 835.48 ,  0.00 ,  0.00 ,  0.00 ,  0.00 
584.83 ,  0.00 , 584.83 ,  0.00 ,  0.00 ,  0.00 ,  0.00 
584.83 ,  0.00 , 584.83 ,  0.00 ,  0.00 ,  0.00 ,  0.00 
501.29 ,  0.00 , 501.29 ,  0.00 ,  0.00 ,  0.00 ,  0.00 
501.29 ,  0.00 , 501.29 ,  0.00 ,  0.00 ,  0.00 ,  0.00 
417.74 ,  0.00 , 417.74 ,  0.00 ,  0.00 ,  0.00 ,  0.00 
417.74 ,  0.00 , 417.74 ,  0.00 ,  0.00 ,  0.00 ,  0.00 
334.19 ,  0.00 , 334.19 ,  0.00 ,  0.00 ,  0.00 ,  0.00 
250.64 ,  0.00 , 250.64 ,  0.00 ,  0.00 ,  0.00 ,  0.00 
334.19 ,  0.00 , 334.19 ,  0.00 ,  0.00 ,  0.00 ,  0.00 
334.19 ,  0.00 , 334.19 ,  0.00 ,  0.00 ,  0.00 ,  0.00 
417.74 ,  0.00 , 417.74 ,  0.00 ,  0.00 ,  0.00 ,  0.00 
584.83 ,  0.00 , 584.83 ,  0.00 ,  0.00 ,  0.00 ,  0.00 
501.29 ,  0.00 , 501.29 ,  0.00 ,  0.00 ,  0.00 ,  0.00 
501.29 ,  0.00 , 501.29 ,  0.00 ,  0.00 ,  0.00 ,  0.00 
417.74 ,  0.00 , 417.74 ,  0.00 ,  0.00 ,  0.00 ,  0.00 
417.74 ,  0.00 , 417.74 ,  0.00 ,  0.00 ,  0.00 ,  0.00 
83.55 ,  0.00 , 83.55 ,  0.00 ,  0.00 ,  0.00 ,  0.00 
 0.00 ,  0.00 ,  0.00 ,  0.00 ,  0.00 ,  0.00 ,  0.00 
 0.00 ,  0.00 ,  0.00 ,  0.00 ,  0.00 ,  0.00 ,  0.00 
 0.00 ,  0.00 ,  0.00 ,  0.00 ,  0.00 ,  0.00 ,  0.00 
 0.00 ,  0.00 ,  0.00 ,  0.00 ,  0.00 ,  0.00 ,  0.00 
83.55 ,  0.00 , 83.55 ,  0.00 ,  0.00 ,  0.00 ,  0.00 
250.64 ,  0.00 , 250.64 ,  0.00 ,  0.00 ,  0.00 ,  0.00 
835.48 ,  0.00 , 835.48 , 117.34 ,  0.00 , 25.05 ,  0.00 
584.83 ,  0.00 , 584.83 , 118.99 ,  0.00 , 35.11 ,  0.00 
584.83 ,  0.00 , 584.83 , 113.74 ,  0.00 , 26.29 ,  0.00 
501.29 ,  0.00 , 501.29 , 107.26 ,  0.00 , 14.08 ,  0.00 
501.29 ,  0.00 , 501.29 ,  0.00 ,  0.00 ,  0.00 ,  0.00 
417.74 ,  0.00 , 417.74 ,  0.00 ,  0.00 ,  0.00 ,  0.00 
417.74 ,  0.00 , 417.74 ,  0.00 ,  0.00 ,  0.00 ,  0.00 
334.19 ,  0.00 , 334.19 ,  0.00 ,  0.00 ,  0.00 ,  0.00 
250.64 ,  0.00 , 250.64 ,  0.00 ,  0.00 ,  0.00 ,  0.00 
334.19 ,  0.00 , 334.19 ,  0.00 ,  0.00 ,  0.00 ,  0.00 
334.19 ,  0.00 , 334.19 ,  0.00 ,  0.00 ,  0.00 ,  0.00 
417.74 ,  0.00 , 417.74 ,  0.00 ,  0.00 ,  0.00 ,  0.00 
584.83 ,  0.00 , 584.83 ,  0.00 ,  0.00 ,  0.00 ,  0.00 
501.29 ,  0.00 , 501.29 ,  0.00 ,  0.00 ,  0.00 ,  0.00 
501.29 ,  0.00 , 501.29 ,  0.00 ,  0.00 ,  0.00 ,  0.00 
417.74 ,  0.00 , 417.74 ,  0.00 ,  0.00 ,  0.00 ,  0.00 
417.74 ,  0.00 , 417.74 ,  0.00 ,  0.00 ,  0.00 ,  0.00 
83.55 ,  0.00 , 83.55 ,  0.00 ,  0.00 ,  0.00 ,  0.00 
 0.00 ,  0.00 ,  0.00 ,  0.00 ,  0.00 ,  0.00 ,  0.00 
 0.00 ,  0.00 ,  0.00 ,  0.00 ,  0.00 ,  0.00 ,  0.00 
 0.00 ,  0.00 ,  0.00 ,  0.00 ,  0.00 ,  0.00 ,  0.00 
 0.00 ,  0.00 ,  0.00 ,  0.00 ,  0.00 ,  0.00 ,  0.00 
83.55 ,  0.00 , 83.55 ,  0.00 ,  0.00 ,  0.00 ,  0.00 
250.64 ,  0.00 , 250.64 ,  0.00 ,  0.00 ,  0.00 ,  0.00 
835.48 ,  0.00 , 835.48 , 110.12 ,  0.00 , 43.33 ,  0.00 
584.83 ,  0.00 , 584.83 , 110.93 ,  0.00 , 47.77 ,  0.00 
584.83 ,  0.00 , 584.83 , 104.10 ,  0.00 , 28.06 ,  0.00 
501.29 ,  0.00 , 501.29 , 99.12 ,  0.00 , 13.88 ,  0.00 
501.29 ,  0.00 , 501.29 ,  0.00 ,  0.00 ,  0.00 ,  0.00 
417.74 ,  0.00 , 417.74 ,  0.00 ,  0.00 ,  0.00 ,  0.00 
417.74 ,  0.00 , 417.74 ,  0.00 ,  0.00 ,  0.00 ,  0.00 
334.19 ,  0.00 , 334.19 ,  0.00 ,  0.00 ,  0.00 ,  0.00 
250.64 ,  0.00 , 250.64 ,  0.00 ,  0.00 ,  0.00 ,  0.00 
334.19 ,  0.00 , 334.19 ,  0.00 ,  0.00 ,  0.00 ,  0.00 
334.19 ,  0.00 , 334.19 ,  0.00 ,  0.00 ,  0.00 ,  0.00 
417.74 ,  0.00 , 417.74 ,  0.00 ,  0.00 ,  0.00 ,  0.00 
584.83 ,  0.00 , 584.83 ,  0.00 ,  0.00 ,  0.00 ,  0.00 
501.29 ,  0.00 , 501.29 ,  0.00 ,  0.00 ,  0.00 ,  0.00 
501.29 ,  0.00 , 501.29 ,  0.00 ,  0.00 ,  0.00 ,  0.00 
417.74 ,  0.00 , 417.74 ,  0.00 ,  0.00 ,  0.00 ,  0.00 
417.74 ,  0.00 , 417.74 ,  0.00 ,  0.00 ,  0.00 ,  0.00 
83.55 ,  0.00 , 83.55 ,  0.00 ,  0.00 ,  0.00 ,  0.00 
 0.00 ,  0.00 ,  0.00 ,  0.00 ,  0.00 ,  0.00 ,  0.00 
 0.00 ,  0.00 ,  0.00 ,  0.00 ,  0.00 ,  0.00 ,  0.00 
 0.00 ,  0.00 ,  0.00 ,  0.00 ,  0.00 ,  0.00 ,  0.00 
 0.00 ,  0.00 ,  0.00 ,  0.00 ,  0.00 ,  0.00 ,  0.00 
83.55 ,  0.00 , 83.55 ,  0.00 ,  0.00 ,  0.00 ,  0.00 
250.64 ,  0.00 , 250.64 ,  0.00 ,  0.00 ,  0.00 ,  0.00 
835.48 ,  0.00 , 835.48 , 114.21 ,  0.00 , 33.26 ,  0.00 
584.83 ,  0.00 , 584.83 , 117.00 ,  0.00 , 44.66 ,  0.00 
584.83 ,  0.00 , 584.83 , 111.66 ,  0.00 , 36.54 ,  0.00 
501.29 ,  0.00 , 501.29 , 104.64 ,  0.00 , 20.46 ,  0.00 
501.29 ,  0.00 , 501.29 , 100.24 ,  0.00 ,  8.08 ,  0.00 
417.74 ,  0.00 , 417.74 ,  0.00 ,  0.00 ,  0.00 ,  0.00 
417.74 ,  0.00 , 417.74 ,  0.00 ,  0.00 ,  0.00 ,  0.00 
334.19 ,  0.00 , 334.19 ,  0.00 ,  0.00 ,  0.00 ,  0.00 
250.64 ,  0.00 , 250.64 ,  0.00 ,  0.00 ,  0.00 ,  0.00 
334.19 ,  0.00 , 334.19 ,  0.00 ,  0.00 ,  0.00 ,  0.00 
334.19 ,  0.00 , 334.19 ,  0.00 ,  0.00 ,  0.00 ,  0.00 
417.74 ,  0.00 , 417.74 ,  0.00 ,  0.00 ,  0.00 ,  0.00 
584.83 ,  0.00 , 584.83 ,  0.00 ,  0.00 ,  0.00 ,  0.00 
501.29 ,  0.00 , 501.29 ,  0.00 ,  0.00 ,  0.00 ,  0.00 
501.29 ,  0.00 , 501.29 ,  0.00 ,  0.00 ,  0.00 ,  0.00 
417.74 ,  0.00 , 417.74 ,  0.00 ,  0.00 ,  0.00 ,  0.00 
417.74 ,  0.00 , 417.74 ,  0.00 ,  0.00 ,  0.00 ,  0.00 
83.55 ,  0.00 , 83.55 ,  0.00 ,  0.00 ,  0.00 ,  0.00 
 0.00 ,  0.00 ,  0.00 ,  0.00 ,  0.00 ,  0.00 ,  0.00 
 0.00 ,  0.00 ,  0.00 ,  0.00 ,  0.00 ,  0.00 ,  0.00 
 0.00 ,  0.00 ,  0.00 ,  0.00 ,  0.00 ,  0.00 ,  0.00 
 0.00 ,  0.00 ,  0.00 ,  0.00 ,  0.00 ,  0.00 ,  0.00 
83.55 ,  0.00 , 83.55 ,  0.00 ,  0.00 ,  0.00 ,  0.00 
250.64 ,  0.00 , 250.64 ,  0.00 ,  0.00 ,  0.00 ,  0.00 
835.48 ,  0.00 , 835.48 , 108.68 ,  0.00 , 46.79 ,  0.00 
584.83 ,  0.00 , 584.83 , 110.85 ,  0.00 , 55.92 ,  0.00 
584.83 ,  0.00 , 584.83 , 101.80 ,  0.00 , 26.03 ,  0.00 
501.29 ,  0.00 , 501.29 , 95.89 ,  0.00 ,  9.12 ,  0.00 
501.29 ,  0.00 , 501.29 ,  0.00 ,  0.00 ,  0.00 ,  0.00 
417.74 ,  0.00 , 417.74 ,  0.00 ,  0.00 ,  0.00 ,  0.00 
417.74 ,  0.00 , 417.74 ,  0.00 ,  0.00 ,  0.00 ,  0.00 
334.19 ,  0.00 , 334.19 ,  0.00 ,  0.00 ,  0.00 ,  0.00 
250.64 ,  0.00 , 250.64 ,  0.00 ,  0.00 ,  0.00 ,  0.00 
334.19 ,  0.00 , 334.19 ,  0.00 ,  0.00 ,  0.00 ,  0.00 
334.19 ,  0.00 , 334.19 ,  0.00 ,  0.00 ,  0.00 ,  0.00 
417.74 ,  0.00 , 417.74 ,  0.00 ,  0.00 ,  0.00 ,  0.00 
584.83 ,  0.00 , 584.83 ,  0.00 ,  0.00 ,  0.00 ,  0.00 
501.29 ,  0.00 , 501.29 ,  0.00 ,  0.00 ,  0.00 ,  0.00 
501.29 ,  0.00 , 501.29 ,  0.00 ,  0.00 ,  0.00 ,  0.00 
417.74 ,  0.00 , 417.74 ,  0.00 ,  0.00 ,  0.00 ,  0.00 
417.74 ,  0.00 , 417.74 ,  0.00 ,  0.00 ,  0.00 ,  0.00 
83.55 ,  0.00 , 83.55 ,  0.00 ,  0.00 ,  0.00 ,  0.00 
 0.00 ,  0.00 ,  0.00 ,  0.00 ,  0.00 ,  0.00 ,  0.00 
 0.00 ,  0.00 ,  0.00 ,  0.00 ,  0.00 ,  0.00 ,  0.00 
 0.00 ,  0.00 ,  0.00 ,  0.00 ,  0.00 ,  0.00 ,  0.00 
 0.00 ,  0.00 ,  0.00 ,  0.00 ,  0.00 ,  0.00 ,  0.00 
83.55 ,  0.00 , 83.55 ,  0.00 ,  0.00 ,  0.00 ,  0.00 
250.64 ,  0.00 , 250.64 ,  0.00 ,  0.00 ,  0.00 ,  0.00 
835.48 ,  0.00 , 835.48 ,  0.00 ,  0.00 ,  0.00 ,  0.00 
584.83 ,  0.00 , 584.83 ,  0.00 ,  0.00 ,  0.00 ,  0.00 
584.83 ,  0.00 , 584.83 ,  0.00 ,  0.00 ,  0.00 ,  0.00 
501.29 ,  0.00 , 501.29 ,  0.00 ,  0.00 ,  0.00 ,  0.00 
501.29 ,  0.00 , 501.29 ,  0.00 ,  0.00 ,  0.00 ,  0.00 
417.74 ,  0.00 , 417.74 ,  0.00 ,  0.00 ,  0.00 ,  0.00 
417.74 ,  0.00 , 417.74 ,  0.00 ,  0.00 ,  0.00 ,  0.00 
334.19 ,  0.00 , 334.19 ,  0.00 ,  0.00 ,  0.00 ,  0.00 
250.64 ,  0.00 , 250.64 ,  0.00 ,  0.00 ,  0.00 ,  0.00 
334.19 ,  0.00 , 334.19 ,  0.00 ,  0.00 ,  0.00 ,  0.00 
334.19 ,  0.00 , 334.19 ,  0.00 ,  0.00 ,  0.00 ,  0.00 
417.74 ,  0.00 , 417.74 ,  0.00 ,  0.00 ,  0.00 ,  0.00 
584.83 ,  0.00 , 584.83 ,  0.00 ,  0.00 ,  0.00 ,  0.00 
501.29 ,  0.00 , 501.29 ,  0.00 ,  0.00 ,  0.00 ,  0.00 
501.29 ,  0.00 , 501.29 ,  0.00 ,  0.00 ,  0.00 ,  0.00 
417.74 ,  0.00 , 417.74 ,  0.00 ,  0.00 ,  0.00 ,  0.00 
417.74 ,  0.00 , 417.74 ,  0.00 ,  0.00 ,  0.00 ,  0.00 
83.55 ,  0.00 , 83.55 ,  0.00 ,  0.00 ,  0.00 ,  0.00 
 0.00 ,  0.00 ,  0.00 ,  0.00 ,  0.00 ,  0.00 ,  0.00 
 0.00 ,  0.00 ,  0.00 ,  0.00 ,  0.00 ,  0.00 ,  0.00 
 0.00 ,  0.00 ,  0.00 ,  0.00 ,  0.00 ,  0.00 ,  0.00 
 0.00 ,  0.00 ,  0.00 ,  0.00 ,  0.00 ,  0.00 ,  0.00 
83.55 ,  0.00 , 83.55 ,  0.00 ,  0.00 ,  0.00 ,  0.00 
250.64 ,  0.00 , 250.64 ,  0.00 ,  0.00 ,  0.00 ,  0.00 
835.48 ,  0.00 , 835.48 ,  0.00 ,  0.00 ,  0.00 ,  0.00 
584.83 ,  0.00 , 584.83 ,  0.00 ,  0.00 ,  0.00 ,  0.00 
584.83 ,  0.00 , 584.83 ,  0.00 ,  0.00 ,  0.00 ,  0.00 
501.29 ,  0.00 , 501.29 ,  0.00 ,  0.00 ,  0.00 ,  0.00 
501.29 ,  0.00 , 501.29 ,  0.00 ,  0.00 ,  0.00 ,  0.00 
417.74 ,  0.00 , 417.74 ,  0.00 ,  0.00 ,  0.00 ,  0.00 
417.74 ,  0.00 , 417.74 ,  0.00 ,  0.00 ,  0.00 ,  0.00 
334.19 ,  0.00 , 334.19 ,  0.00 ,  0.00 ,  0.00 ,  0.00 
250.64 ,  0.00 , 250.64 ,  0.00 ,  0.00 ,  0.00 ,  0.00 
334.19 ,  0.00 , 334.19 ,  0.00 ,  0.00 ,  0.00 ,  0.00 
334.19 ,  0.00 , 334.19 ,  0.00 ,  0.00 ,  0.00 ,  0.00 
417.74 ,  0.00 , 417.74 ,  0.00 ,  0.00 ,  0.00 ,  0.00 
584.83 ,  0.00 , 584.83 ,  0.00 ,  0.00 ,  0.00 ,  0.00 
501.29 ,  0.00 , 501.29 ,  0.00 ,  0.00 ,  0.00 ,  0.00 
501.29 ,  0.00 , 501.29 ,  0.00 ,  0.00 ,  0.00 ,  0.00 
417.74 ,  0.00 , 417.74 ,  0.00 ,  0.00 ,  0.00 ,  0.00 
417.74 ,  0.00 , 417.74 ,  0.00 ,  0.00 ,  0.00 ,  0.00 
83.55 ,  0.00 , 83.55 ,  0.00 ,  0.00 ,  0.00 ,  0.00 
 0.00 ,  0.00 ,  0.00 ,  0.00 ,  0.00 ,  0.00 ,  0.00 
 0.00 ,  0.00 ,  0.00 ,  0.00 ,  0.00 ,  0.00 ,  0.00 
 0.00 ,  0.00 ,  0.00 ,  0.00 ,  0.00 ,  0.00 ,  0.00 
 0.00 ,  0.00 ,  0.00 ,  0.00 ,  0.00 ,  0.00 ,  0.00 
83.55 ,  0.00 , 83.55 ,  0.00 ,  0.00 ,  0.00 ,  0.00 
250.64 ,  0.00 , 250.64 ,  0.00 ,  0.00 ,  0.00 ,  0.00 
835.48 ,  0.00 , 835.48 ,  0.00 ,  0.00 ,  0.00 ,  0.00 
584.83 ,  0.00 , 584.83 ,  0.00 ,  0.00 ,  0.00 ,  0.00 
584.83 ,  0.00 , 584.83 ,  0.00 ,  0.00 ,  0.00 ,  0.00 
501.29 ,  0.00 , 501.29 ,  0.00 ,  0.00 ,  0.00 ,  0.00 
501.29 ,  0.00 , 501.29 ,  0.00 ,  0.00 ,  0.00 ,  0.00 
417.74 ,  0.00 , 417.74 ,  0.00 ,  0.00 ,  0.00 ,  0.00 
417.74 ,  0.00 , 417.74 ,  0.00 ,  0.00 ,  0.00 ,  0.00 
334.19 ,  0.00 , 334.19 ,  0.00 ,  0.00 ,  0.00 ,  0.00 
250.64 ,  0.00 , 250.64 ,  0.00 ,  0.00 ,  0.00 ,  0.00 
334.19 ,  0.00 , 334.19 ,  0.00 ,  0.00 ,  0.00 ,  0.00 
334.19 ,  0.00 , 334.19 ,  0.00 ,  0.00 ,  0.00 ,  0.00 
417.74 ,  0.00 , 417.74 ,  0.00 ,  0.00 ,  0.00 ,  0.00 
584.83 ,  0.00 , 584.83 ,  0.00 ,  0.00 ,  0.00 ,  0.00 
501.29 ,  0.00 , 501.29 ,  0.00 ,  0.00 ,  0.00 ,  0.00 
501.29 ,  0.00 , 501.29 ,  0.00 ,  0.00 ,  0.00 ,  0.00 
417.74 ,  0.00 , 417.74 ,  0.00 ,  0.00 ,  0.00 ,  0.00 
417.74 ,  0.00 , 417.74 ,  0.00 ,  0.00 ,  0.00 ,  0.00 
83.55 ,  0.00 , 83.55 ,  0.00 ,  0.00 ,  0.00 ,  0.00 
 0.00 ,  0.00 ,  0.00 ,  0.00 ,  0.00 ,  0.00 ,  0.00 
 0.00 ,  0.00 ,  0.00 ,  0.00 ,  0.00 ,  0.00 ,  0.00 
 0.00 ,  0.00 ,  0.00 ,  0.00 ,  0.00 ,  0.00 ,  0.00 
 0.00 ,  0.00 ,  0.00 ,  0.00 ,  0.00 ,  0.00 ,  0.00 
83.55 ,  0.00 , 83.55 ,  0.00 ,  0.00 ,  0.00 ,  0.00 
250.64 ,  0.00 , 250.64 ,  0.00 ,  0.00 ,  0.00 ,  0.00 
835.48 ,  0.00 , 835.48 ,  0.00 ,  0.00 ,  0.00 ,  0.00 
584.83 ,  0.00 , 584.83 ,  0.00 ,  0.00 ,  0.00 ,  0.00 
584.83 ,  0.00 , 584.83 ,  0.00 ,  0.00 ,  0.00 ,  0.00 
501.29 ,  0.00 , 501.29 ,  0.00 ,  0.00 ,  0.00 ,  0.00 
501.29 ,  0.00 , 501.29 ,  0.00 ,  0.00 ,  0.00 ,  0.00 
417.74 ,  0.00 , 417.74 ,  0.00 ,  0.00 ,  0.00 ,  0.00 
417.74 ,  0.00 , 417.74 ,  0.00 ,  0.00 ,  0.00 ,  0.00 
334.19 ,  0.00 , 334.19 ,  0.00 ,  0.00 ,  0.00 ,  0.00 
250.64 ,  0.00 , 250.64 ,  0.00 ,  0.00 ,  0.00 ,  0.00 
334.19 ,  0.00 , 334.19 ,  0.00 ,  0.00 ,  0.00 ,  0.00 
334.19 ,  0.00 , 334.19 ,  0.00 ,  0.00 ,  0.00 ,  0.00 
417.74 ,  0.00 , 417.74 ,  0.00 ,  0.00 ,  0.00 ,  0.00 
584.83 ,  0.00 , 584.83 ,  0.00 ,  0.00 ,  0.00 ,  0.00 
501.29 ,  0.00 , 501.29 ,  0.00 ,  0.00 ,  0.00 ,  0.00 
501.29 ,  0.00 , 501.29 ,  0.00 ,  0.00 ,  0.00 ,  0.00 
417.74 ,  0.00 , 417.74 ,  0.00 ,  0.00 ,  0.00 ,  0.00 
417.74 ,  0.00 , 417.74 ,  0.00 ,  0.00 ,  0.00 ,  0.00 
83.55 ,  0.00 , 83.55 ,  0.00 ,  0.00 ,  0.00 ,  0.00 
 0.00 ,  0.00 ,  0.00 ,  0.00 ,  0.00 ,  0.00 ,  0.00 
 0.00 ,  0.00 ,  0.00 ,  0.00 ,  0.00 ,  0.00 ,  0.00 
 0.00 ,  0.00 ,  0.00 ,  0.00 ,  0.00 ,  0.00 ,  0.00 
 0.00 ,  0.00 ,  0.00 ,  0.00 ,  0.00 ,  0.00 ,  0.00 
83.55 ,  0.00 , 83.55 ,  0.00 ,  0.00 ,  0.00 ,  0.00 
250.64 ,  0.00 , 250.64 ,  0.00 ,  0.00 ,  0.00 ,  0.00 
835.48 ,  0.00 , 835.48 ,  0.00 ,  0.00 ,  0.00 ,  0.00 
584.83 ,  0.00 , 584.83 ,  0.00 ,  0.00 ,  0.00 ,  0.00 
584.83 ,  0.00 , 584.83 ,  0.00 ,  0.00 ,  0.00 ,  0.00 
501.29 ,  0.00 , 501.29 ,  0.00 ,  0.00 ,  0.00 ,  0.00 
501.29 ,  0.00 , 501.29 ,  0.00 ,  0.00 ,  0.00 ,  0.00 
417.74 ,  0.00 , 417.74 ,  0.00 ,  0.00 ,  0.00 ,  0.00 
417.74 ,  0.00 , 417.74 ,  0.00 ,  0.00 ,  0.00 ,  0.00 
334.19 ,  0.00 , 334.19 ,  0.00 ,  0.00 ,  0.00 ,  0.00 
250.64 ,  0.00 , 250.64 ,  0.00 ,  0.00 ,  0.00 ,  0.00 
334.19 ,  0.00 , 334.19 ,  0.00 ,  0.00 ,  0.00 ,  0.00 
334.19 ,  0.00 , 334.19 ,  0.00 ,  0.00 ,  0.00 ,  0.00 
417.74 ,  0.00 , 417.74 ,  0.00 ,  0.00 ,  0.00 ,  0.00 
584.83 ,  0.00 , 584.83 ,  0.00 ,  0.00 ,  0.00 ,  0.00 
501.29 ,  0.00 , 501.29 ,  0.00 ,  0.00 ,  0.00 ,  0.00 
501.29 ,  0.00 , 501.29 ,  0.00 ,  0.00 ,  0.00 ,  0.00 
417.74 ,  0.00 , 417.74 ,  0.00 ,  0.00 ,  0.00 ,  0.00 
417.74 ,  0.00 , 417.74 ,  0.00 ,  0.00 ,  0.00 ,  0.00 
83.55 ,  0.00 , 83.55 ,  0.00 ,  0.00 ,  0.00 ,  0.00 
 0.00 ,  0.00 ,  0.00 ,  0.00 ,  0.00 ,  0.00 ,  0.00 
 0.00 ,  0.00 ,  0.00 ,  0.00 ,  0.00 ,  0.00 ,  0.00 
 0.00 ,  0.00 ,  0.00 ,  0.00 ,  0.00 ,  0.00 ,  0.00 
 0.00 ,  0.00 ,  0.00 ,  0.00 ,  0.00 ,  0.00 ,  0.00 
83.55 ,  0.00 , 83.55 ,  0.00 ,  0.00 ,  0.00 ,  0.00 
250.64 ,  0.00 , 250.64 ,  0.00 ,  0.00 ,  0.00 ,  0.00 
835.48 ,  0.00 , 835.48 ,  0.00 ,  0.00 ,  0.00 ,  0.00 
584.83 ,  0.00 , 584.83 ,  0.00 ,  0.00 ,  0.00 ,  0.00 
584.83 ,  0.00 , 584.83 ,  0.00 ,  0.00 ,  0.00 ,  0.00 
501.29 ,  0.00 , 501.29 ,  0.00 ,  0.00 ,  0.00 ,  0.00 
501.29 ,  0.00 , 501.29 ,  0.00 ,  0.00 ,  0.00 ,  0.00 
417.74 ,  0.00 , 417.74 ,  0.00 ,  0.00 ,  0.00 ,  0.00 
417.74 ,  0.00 , 417.74 ,  0.00 ,  0.00 ,  0.00 ,  0.00 
334.19 ,  0.00 , 334.19 ,  0.00 ,  0.00 ,  0.00 ,  0.00 
250.64 ,  0.00 , 250.64 ,  0.00 ,  0.00 ,  0.00 ,  0.00 
334.19 ,  0.00 , 334.19 ,  0.00 ,  0.00 ,  0.00 ,  0.00 
334.19 ,  0.00 , 334.19 ,  0.00 ,  0.00 ,  0.00 ,  0.00 
417.74 ,  0.00 , 417.74 ,  0.00 ,  0.00 ,  0.00 ,  0.00 
584.83 ,  0.00 , 584.83 ,  0.00 ,  0.00 ,  0.00 ,  0.00 
501.29 ,  0.00 , 501.29 ,  0.00 ,  0.00 ,  0.00 ,  0.00 
501.29 ,  0.00 , 501.29 ,  0.00 ,  0.00 ,  0.00 ,  0.00 
417.74 ,  0.00 , 417.74 ,  0.00 ,  0.00 ,  0.00 ,  0.00 
417.74 ,  0.00 , 417.74 ,  0.00 ,  0.00 ,  0.00 ,  0.00 
83.55 ,  0.00 , 83.55 ,  0.00 ,  0.00 ,  0.00 ,  0.00 
 0.00 ,  0.00 ,  0.00 ,  0.00 ,  0.00 ,  0.00 ,  0.00 
 0.00 ,  0.00 ,  0.00 ,  0.00 ,  0.00 ,  0.00 ,  0.00 
 0.00 ,  0.00 ,  0.00 ,  0.00 ,  0.00 ,  0.00 ,  0.00 
 0.00 ,  0.00 ,  0.00 ,  0.00 ,  0.00 ,  0.00 ,  0.00 
83.55 ,  0.00 , 83.55 ,  0.00 ,  0.00 ,  0.00 ,  0.00 
250.64 ,  0.00 , 250.64 ,  0.00 ,  0.00 ,  0.00 ,  0.00 
835.48 ,  0.00 , 835.48 ,  0.00 ,  0.00 ,  0.00 ,  0.00 
584.83 ,  0.00 , 584.83 ,  0.00 ,  0.00 ,  0.00 ,  0.00 
584.83 ,  0.00 , 584.83 ,  0.00 ,  0.00 ,  0.00 ,  0.00 
501.29 ,  0.00 , 501.29 ,  0.00 ,  0.00 ,  0.00 ,  0.00 
501.29 ,  0.00 , 501.29 ,  0.00 ,  0.00 ,  0.00 ,  0.00 
417.74 ,  0.00 , 417.74 ,  0.00 ,  0.00 ,  0.00 ,  0.00 
417.74 ,  0.00 , 417.74 ,  0.00 ,  0.00 ,  0.00 ,  0.00 
334.19 ,  0.00 , 334.19 ,  0.00 ,  0.00 ,  0.00 ,  0.00 
250.64 ,  0.00 , 250.64 ,  0.00 ,  0.00 ,  0.00 ,  0.00 
334.19 ,  0.00 , 334.19 ,  0.00 ,  0.00 ,  0.00 ,  0.00 
334.19 ,  0.00 , 334.19 ,  0.00 ,  0.00 ,  0.00 ,  0.00 
417.74 ,  0.00 , 417.74 ,  0.00 ,  0.00 ,  0.00 ,  0.00 
584.83 ,  0.00 , 584.83 ,  0.00 ,  0.00 ,  0.00 ,  0.00 
501.29 ,  0.00 , 501.29 ,  0.00 ,  0.00 ,  0.00 ,  0.00 
501.29 ,  0.00 , 501.29 ,  0.00 ,  0.00 ,  0.00 ,  0.00 
417.74 ,  0.00 , 417.74 ,  0.00 ,  0.00 ,  0.00 ,  0.00 
417.74 ,  0.00 , 417.74 ,  0.00 ,  0.00 ,  0.00 ,  0.00 
83.55 ,  0.00 , 83.55 ,  0.00 ,  0.00 ,  0.00 ,  0.00 
 0.00 ,  0.00 ,  0.00 ,  0.00 ,  0.00 ,  0.00 ,  0.00 
 0.00 ,  0.00 ,  0.00 ,  0.00 ,  0.00 ,  0.00 ,  0.00 
 0.00 ,  0.00 ,  0.00 ,  0.00 ,  0.00 ,  0.00 ,  0.00 
 0.00 ,  0.00 ,  0.00 ,  0.00 ,  0.00 ,  0.00 ,  0.00 
83.55 ,  0.00 , 83.55 ,  0.00 ,  0.00 ,  0.00 ,  0.00 
250.64 ,  0.00 , 250.64 ,  0.00 ,  0.00 ,  0.00 ,  0.00 
835.48 ,  0.00 , 835.48 ,  0.00 ,  0.00 ,  0.00 ,  0.00 
584.83 ,  0.00 , 584.83 ,  0.00 ,  0.00 ,  0.00 ,  0.00 
584.83 ,  0.00 , 584.83 ,  0.00 ,  0.00 ,  0.00 ,  0.00 
501.29 ,  0.00 , 501.29 ,  0.00 ,  0.00 ,  0.00 ,  0.00 
501.29 ,  0.00 , 501.29 ,  0.00 ,  0.00 ,  0.00 ,  0.00 
417.74 ,  0.00 , 417.74 ,  0.00 ,  0.00 ,  0.00 ,  0.00 
417.74 ,  0.00 , 417.74 ,  0.00 ,  0.00 ,  0.00 ,  0.00 
334.19 ,  0.00 , 334.19 ,  0.00 ,  0.00 ,  0.00 ,  0.00 
250.64 ,  0.00 , 250.64 ,  0.00 ,  0.00 ,  0.00 ,  0.00 
334.19 ,  0.00 , 334.19 ,  0.00 ,  0.00 ,  0.00 ,  0.00 
334.19 ,  0.00 , 334.19 ,  0.00 ,  0.00 ,  0.00 ,  0.00 
417.74 ,  0.00 , 417.74 ,  0.00 ,  0.00 ,  0.00 ,  0.00 
584.83 ,  0.00 , 584.83 ,  0.00 ,  0.00 ,  0.00 ,  0.00 
501.29 ,  0.00 , 501.29 ,  0.00 ,  0.00 ,  0.00 ,  0.00 
501.29 ,  0.00 , 501.29 ,  0.00 ,  0.00 ,  0.00 ,  0.00 
417.74 ,  0.00 , 417.74 ,  0.00 ,  0.00 ,  0.00 ,  0.00 
417.74 ,  0.00 , 417.74 ,  0.00 ,  0.00 ,  0.00 ,  0.00 
83.55 ,  0.00 , 83.55 ,  0.00 ,  0.00 ,  0.00 ,  0.00 
 0.00 ,  0.00 ,  0.00 ,  0.00 ,  0.00 ,  0.00 ,  0.00 
 0.00 ,  0.00 ,  0.00 ,  0.00 ,  0.00 ,  0.00 ,  0.00 
 0.00 ,  0.00 ,  0.00 ,  0.00 ,  0.00 ,  0.00 ,  0.00 
 0.00 ,  0.00 ,  0.00 ,  0.00 ,  0.00 ,  0.00 ,  0.00 
83.55 ,  0.00 , 83.55 ,  0.00 ,  0.00 ,  0.00 ,  0.00 
250.64 ,  0.00 , 250.64 ,  0.00 ,  0.00 ,  0.00 ,  0.00 
835.48 ,  0.00 , 835.48 ,  0.00 ,  0.00 ,  0.00 ,  0.00 
584.83 ,  0.00 , 584.83 ,  0.00 ,  0.00 ,  0.00 ,  0.00 
584.83 ,  0.00 , 584.83 ,  0.00 ,  0.00 ,  0.00 ,  0.00 
501.29 ,  0.00 , 501.29 ,  0.00 ,  0.00 ,  0.00 ,  0.00 
501.29 ,  0.00 , 501.29 ,  0.00 ,  0.00 ,  0.00 ,  0.00 
417.74 ,  0.00 , 417.74 ,  0.00 ,  0.00 ,  0.00 ,  0.00 
417.74 ,  0.00 , 417.74 ,  0.00 ,  0.00 ,  0.00 ,  0.00 
334.19 ,  0.00 , 334.19 ,  0.00 ,  0.00 ,  0.00 ,  0.00 
250.64 ,  0.00 , 250.64 ,  0.00 ,  0.00 ,  0.00 ,  0.00 
334.19 ,  0.00 , 334.19 ,  0.00 ,  0.00 ,  0.00 ,  0.00 
334.19 ,  0.00 , 334.19 ,  0.00 ,  0.00 ,  0.00 ,  0.00 
417.74 ,  0.00 , 417.74 ,  0.00 ,  0.00 ,  0.00 ,  0.00 
584.83 ,  0.00 , 584.83 ,  0.00 ,  0.00 ,  0.00 ,  0.00 
501.29 ,  0.00 , 501.29 ,  0.00 ,  0.00 ,  0.00 ,  0.00 
501.29 ,  0.00 , 501.29 ,  0.00 ,  0.00 ,  0.00 ,  0.00 
417.74 ,  0.00 , 417.74 ,  0.00 ,  0.00 ,  0.00 ,  0.00 
417.74 ,  0.00 , 417.74 ,  0.00 ,  0.00 ,  0.00 ,  0.00 
83.55 ,  0.00 , 83.55 ,  0.00 ,  0.00 ,  0.00 ,  0.00 
 0.00 ,  0.00 ,  0.00 ,  0.00 ,  0.00 ,  0.00 ,  0.00 
 0.00 ,  0.00 ,  0.00 ,  0.00 ,  0.00 ,  0.00 ,  0.00 
 0.00 ,  0.00 ,  0.00 ,  0.00 ,  0.00 ,  0.00 ,  0.00 
 0.00 ,  0.00 ,  0.00 ,  0.00 ,  0.00 ,  0.00 ,  0.00 
83.55 ,  0.00 , 83.55 ,  0.00 ,  0.00 ,  0.00 ,  0.00 
250.64 ,  0.00 , 250.64 ,  0.00 ,  0.00 ,  0.00 ,  0.00 
835.48 ,  0.00 , 835.48 , 117.45 ,  0.00 , 19.42 ,  0.00 
584.83 ,  0.00 , 584.83 , 122.68 ,  0.00 , 35.89 ,  0.00 
584.83 ,  0.00 , 584.83 , 120.64 ,  0.00 , 36.14 ,  0.00 
501.29 ,  0.00 , 501.29 , 114.29 ,  0.00 , 27.24 ,  0.00 
501.29 ,  0.00 , 501.29 , 107.21 ,  0.00 , 11.88 ,  0.00 
417.74 ,  0.00 , 417.74 ,  0.00 ,  0.00 ,  0.00 ,  0.00 
417.74 ,  0.00 , 417.74 ,  0.00 ,  0.00 ,  0.00 ,  0.00 
334.19 ,  0.00 , 334.19 ,  0.00 ,  0.00 ,  0.00 ,  0.00 
250.64 ,  0.00 , 250.64 ,  0.00 ,  0.00 ,  0.00 ,  0.00 
334.19 ,  0.00 , 334.19 ,  0.00 ,  0.00 ,  0.00 ,  0.00 
334.19 ,  0.00 , 334.19 ,  0.00 ,  0.00 ,  0.00 ,  0.00 
417.74 ,  0.00 , 417.74 ,  0.00 ,  0.00 ,  0.00 ,  0.00 
584.83 ,  0.00 , 584.83 ,  0.00 ,  0.00 ,  0.00 ,  0.00 
501.29 ,  0.00 , 501.29 ,  0.00 ,  0.00 ,  0.00 ,  0.00 
501.29 ,  0.00 , 501.29 ,  0.00 ,  0.00 ,  0.00 ,  0.00 
417.74 ,  0.00 , 417.74 ,  0.00 ,  0.00 ,  0.00 ,  0.00 
417.74 ,  0.00 , 417.74 ,  0.00 ,  0.00 ,  0.00 ,  0.00 
83.55 ,  0.00 , 83.55 ,  0.00 ,  0.00 ,  0.00 ,  0.00 
 0.00 ,  0.00 ,  0.00 ,  0.00 ,  0.00 ,  0.00 ,  0.00 
 0.00 ,  0.00 ,  0.00 ,  0.00 ,  0.00 ,  0.00 ,  0.00 
 0.00 ,  0.00 ,  0.00 ,  0.00 ,  0.00 ,  0.00 ,  0.00 
 0.00 ,  0.00 ,  0.00 ,  0.00 ,  0.00 ,  0.00 ,  0.00 
83.55 ,  0.00 , 83.55 ,  0.00 ,  0.00 ,  0.00 ,  0.00 
250.64 ,  0.00 , 250.64 ,  0.00 ,  0.00 ,  0.00 ,  0.00 
835.48 ,  0.00 , 835.48 , 230.32 ,  0.00 , 323.04 ,  0.00 
584.83 ,  0.00 , 584.83 , 224.89 ,  0.00 , 294.31 ,  0.00 
584.83 ,  0.00 , 584.83 , 194.01 ,  0.00 , 228.75 ,  0.00 
501.29 ,  0.00 , 501.29 , 159.65 ,  0.00 , 148.83 ,  0.00 
501.29 ,  0.00 , 501.29 , 135.15 ,  0.00 , 86.35 ,  0.00 
417.74 ,  0.00 , 417.74 , 124.17 ,  0.00 , 58.78 ,  0.00 
417.74 ,  0.00 , 417.74 , 115.51 ,  0.00 , 36.65 ,  0.00 
334.19 ,  0.00 , 334.19 , 113.18 ,  0.00 , 32.65 ,  0.00 
250.64 ,  0.00 , 250.64 , 112.40 ,  0.00 , 31.09 ,  0.00 
334.19 ,  0.00 , 334.19 , 114.30 ,  0.00 , 35.03 ,  0.00 
334.19 ,  0.00 , 334.19 , 121.80 ,  0.00 , 53.68 ,  0.00 
417.74 ,  0.00 , 417.74 , 130.57 ,  0.00 , 80.31 ,  0.00 
584.83 ,  0.00 , 584.83 , 125.21 ,  0.00 , 61.91 ,  0.00 
501.29 ,  0.00 , 501.29 , 129.00 ,  0.00 , 69.40 ,  0.00 
501.29 ,  0.00 , 501.29 , 129.47 ,  0.00 , 70.95 ,  0.00 
417.74 ,  0.00 , 417.74 , 131.25 ,  0.00 , 72.98 ,  0.00 
417.74 ,  0.00 , 417.74 ,  0.00 ,  0.00 ,  0.00 ,  0.00 
83.55 ,  0.00 , 83.55 ,  0.00 ,  0.00 ,  0.00 ,  0.00 
 0.00 ,  0.00 ,  0.00 ,  0.00 ,  0.00 ,  0.00 ,  0.00 
 0.00 ,  0.00 ,  0.00 ,  0.00 ,  0.00 ,  0.00 ,  0.00 
 0.00 ,  0.00 ,  0.00 ,  0.00 ,  0.00 ,  0.00 ,  0.00 
 0.00 ,  0.00 ,  0.00 ,  0.00 ,  0.00 ,  0.00 ,  0.00 
83.55 ,  0.00 , 83.55 ,  0.00 ,  0.00 ,  0.00 ,  0.00 
250.64 ,  0.00 , 250.64 ,  0.00 ,  0.00 ,  0.00 ,  0.00 
835.48 ,  0.00 , 835.48 , 407.45 ,  0.00 , 929.83 ,  0.00 
584.83 ,  0.00 , 584.83 , 307.88 ,  0.00 , 608.58 ,  0.00 
584.83 ,  0.00 , 584.83 , 271.37 ,  0.00 , 521.19 ,  0.00 
501.29 ,  0.00 , 501.29 , 203.01 ,  0.00 , 327.37 ,  0.00 
501.29 ,  0.00 , 501.29 , 163.41 ,  0.00 , 204.38 ,  0.00 
417.74 ,  0.00 , 417.74 , 136.15 ,  0.00 , 119.51 ,  0.00 
417.74 ,  0.00 , 417.74 , 123.39 ,  0.00 , 84.40 ,  0.00 
334.19 ,  0.00 , 334.19 , 120.11 ,  0.00 , 76.41 ,  0.00 
250.64 ,  0.00 , 250.64 , 122.39 ,  0.00 , 83.48 ,  0.00 
334.19 ,  0.00 , 334.19 , 132.50 ,  0.00 , 113.51 ,  0.00 
334.19 ,  0.00 , 334.19 , 143.87 ,  0.00 , 152.15 ,  0.00 
417.74 ,  0.00 , 417.74 , 152.79 ,  0.00 , 180.60 ,  0.00 
584.83 ,  0.00 , 584.83 , 143.35 ,  0.00 , 145.63 ,  0.00 
501.29 ,  0.00 , 501.29 , 147.28 ,  0.00 , 153.26 ,  0.00 
501.29 ,  0.00 , 501.29 , 146.69 ,  0.00 , 151.12 ,  0.00 
417.74 ,  0.00 , 417.74 , 147.36 ,  0.00 , 153.55 ,  0.00 
417.74 ,  0.00 , 417.74 ,  0.00 ,  0.00 ,  0.00 ,  0.00 
83.55 ,  0.00 , 83.55 ,  0.00 ,  0.00 ,  0.00 ,  0.00 
 0.00 ,  0.00 ,  0.00 ,  0.00 ,  0.00 ,  0.00 ,  0.00 
 0.00 ,  0.00 ,  0.00 ,  0.00 ,  0.00 ,  0.00 ,  0.00 
 0.00 ,  0.00 ,  0.00 ,  0.00 ,  0.00 ,  0.00 ,  0.00 
 0.00 ,  0.00 ,  0.00 ,  0.00 ,  0.00 ,  0.00 ,  0.00 
83.55 ,  0.00 , 83.55 ,  0.00 ,  0.00 ,  0.00 ,  0.00 
250.64 ,  0.00 , 250.64 ,  0.00 ,  0.00 ,  0.00 ,  0.00 
835.48 ,  0.00 , 835.48 , 508.27 ,  0.00 , 1367.66 ,  0.00 
584.83 ,  0.00 , 584.83 , 354.96 ,  0.00 , 830.18 ,  0.00 
584.83 ,  0.00 , 584.83 , 296.07 ,  0.00 , 659.10 ,  0.00 
501.29 ,  0.00 , 501.29 , 205.63 ,  0.00 , 366.74 ,  0.00 
501.29 ,  0.00 , 501.29 , 150.20 ,  0.00 , 182.96 ,  0.00 
417.74 ,  0.00 , 417.74 , 130.83 ,  0.00 , 123.61 ,  0.00 
417.74 ,  0.00 , 417.74 , 121.15 ,  0.00 , 92.67 ,  0.00 
334.19 ,  0.00 , 334.19 , 120.23 ,  0.00 , 88.89 ,  0.00 
250.64 ,  0.00 , 250.64 , 119.07 ,  0.00 , 84.12 ,  0.00 
334.19 ,  0.00 , 334.19 , 126.00 ,  0.00 , 105.80 ,  0.00 
334.19 ,  0.00 , 334.19 , 133.80 ,  0.00 , 131.64 ,  0.00 
417.74 ,  0.00 , 417.74 , 141.29 ,  0.00 , 157.05 ,  0.00 
584.83 ,  0.00 , 584.83 , 137.07 ,  0.00 , 134.54 ,  0.00 
501.29 ,  0.00 , 501.29 , 141.32 ,  0.00 , 146.47 ,  0.00 
501.29 ,  0.00 , 501.29 , 144.71 ,  0.00 , 157.33 ,  0.00 
417.74 ,  0.00 , 417.74 , 149.59 ,  0.00 , 168.74 ,  0.00 
417.74 ,  0.00 , 417.74 ,  0.00 ,  0.00 ,  0.00 ,  0.00 
83.55 ,  0.00 , 83.55 ,  0.00 ,  0.00 ,  0.00 ,  0.00 
 0.00 ,  0.00 ,  0.00 ,  0.00 ,  0.00 ,  0.00 ,  0.00 
 0.00 ,  0.00 ,  0.00 ,  0.00 ,  0.00 ,  0.00 ,  0.00 
 0.00 ,  0.00 ,  0.00 ,  0.00 ,  0.00 ,  0.00 ,  0.00 
 0.00 ,  0.00 ,  0.00 ,  0.00 ,  0.00 ,  0.00 ,  0.00 
83.55 ,  0.00 , 83.55 ,  0.00 ,  0.00 ,  0.00 ,  0.00 
250.64 ,  0.00 , 250.64 ,  0.00 ,  0.00 ,  0.00 ,  0.00 
835.48 ,  0.00 , 835.48 , 555.07 ,  0.00 , 1520.30 ,  0.00 
584.83 ,  0.00 , 584.83 , 373.50 ,  0.00 , 886.80 ,  0.00 
584.83 ,  0.00 , 584.83 , 285.34 ,  0.00 , 620.75 ,  0.00 
501.29 ,  0.00 , 501.29 , 217.08 ,  0.00 , 412.89 ,  0.00 
501.29 ,  0.00 , 501.29 , 157.19 ,  0.00 , 212.13 ,  0.00 
417.74 ,  0.00 , 417.74 , 138.00 ,  0.00 , 150.14 ,  0.00 
417.74 ,  0.00 , 417.74 , 127.02 ,  0.00 , 114.98 ,  0.00 
334.19 ,  0.00 , 334.19 , 120.02 ,  0.00 , 90.78 ,  0.00 
250.64 ,  0.00 , 250.64 , 117.81 ,  0.00 , 82.88 ,  0.00 
334.19 ,  0.00 , 334.19 , 120.09 ,  0.00 , 89.32 ,  0.00 
334.19 ,  0.00 , 334.19 , 129.72 ,  0.00 , 120.34 ,  0.00 
417.74 ,  0.00 , 417.74 , 138.28 ,  0.00 , 150.77 ,  0.00 
584.83 ,  0.00 , 584.83 , 133.37 ,  0.00 , 132.91 ,  0.00 
501.29 ,  0.00 , 501.29 , 136.01 ,  0.00 , 143.48 ,  0.00 
501.29 ,  0.00 , 501.29 , 142.51 ,  0.00 , 163.26 ,  0.00 
417.74 ,  0.00 , 417.74 , 142.98 ,  0.00 , 165.12 ,  0.00 
417.74 ,  0.00 , 417.74 ,  0.00 ,  0.00 ,  0.00 ,  0.00 
83.55 ,  0.00 , 83.55 ,  0.00 ,  0.00 ,  0.00 ,  0.00 
 0.00 ,  0.00 ,  0.00 ,  0.00 ,  0.00 ,  0.00 ,  0.00 
 0.00 ,  0.00 ,  0.00 ,  0.00 ,  0.00 ,  0.00 ,  0.00 
 0.00 ,  0.00 ,  0.00 ,  0.00 ,  0.00 ,  0.00 ,  0.00 
 0.00 ,  0.00 ,  0.00 ,  0.00 ,  0.00 ,  0.00 ,  0.00 
83.55 ,  0.00 , 83.55 ,  0.00 ,  0.00 ,  0.00 ,  0.00 
250.64 ,  0.00 , 250.64 ,  0.00 ,  0.00 ,  0.00 ,  0.00 
835.48 ,  0.00 , 835.48 , 388.11 ,  0.00 , 1110.64 ,  0.00 
584.83 ,  0.00 , 584.83 , 268.25 ,  0.00 , 639.90 ,  0.00 
584.83 ,  0.00 , 584.83 , 239.52 ,  0.00 , 540.85 ,  0.00 
501.29 ,  0.00 , 501.29 , 205.03 ,  0.00 , 425.78 ,  0.00 
501.29 ,  0.00 , 501.29 , 174.09 ,  0.00 , 313.50 ,  0.00 
417.74 ,  0.00 , 417.74 , 135.88 ,  0.00 , 165.05 ,  0.00 
417.74 ,  0.00 , 417.74 , 121.53 ,  0.00 , 111.00 ,  0.00 
334.19 ,  0.00 , 334.19 , 112.57 ,  0.00 , 76.52 ,  0.00 
250.64 ,  0.00 , 250.64 , 118.04 ,  0.00 , 98.18 ,  0.00 
334.19 ,  0.00 , 334.19 , 127.35 ,  0.00 , 136.18 ,  0.00 
334.19 ,  0.00 , 334.19 , 138.13 ,  0.00 , 178.11 ,  0.00 
417.74 ,  0.00 , 417.74 , 143.37 ,  0.00 , 196.73 ,  0.00 
584.83 ,  0.00 , 584.83 , 131.21 ,  0.00 , 144.55 ,  0.00 
501.29 ,  0.00 , 501.29 , 131.36 ,  0.00 , 145.19 ,  0.00 
501.29 ,  0.00 , 501.29 , 133.20 ,  0.00 , 149.40 ,  0.00 
417.74 ,  0.00 , 417.74 , 132.34 ,  0.00 , 145.72 ,  0.00 
417.74 ,  0.00 , 417.74 ,  0.00 ,  0.00 ,  0.00 ,  0.00 
83.55 ,  0.00 , 83.55 ,  0.00 ,  0.00 ,  0.00 ,  0.00 
 0.00 ,  0.00 ,  0.00 ,  0.00 ,  0.00 ,  0.00 ,  0.00 
 0.00 ,  0.00 ,  0.00 ,  0.00 ,  0.00 ,  0.00 ,  0.00 
 0.00 ,  0.00 ,  0.00 ,  0.00 ,  0.00 ,  0.00 ,  0.00 
 0.00 ,  0.00 ,  0.00 ,  0.00 ,  0.00 ,  0.00 ,  0.00 
83.55 ,  0.00 , 83.55 ,  0.00 ,  0.00 ,  0.00 ,  0.00 
250.64 ,  0.00 , 250.64 ,  0.00 ,  0.00 ,  0.00 ,  0.00 
835.48 ,  0.00 , 835.48 , 375.69 ,  0.00 , 1130.69 ,  0.00 
584.83 ,  0.00 , 584.83 , 262.79 ,  0.00 , 657.90 ,  0.00 
584.83 ,  0.00 , 584.83 , 228.03 ,  0.00 , 536.05 ,  0.00 
501.29 ,  0.00 , 501.29 , 172.54 ,  0.00 , 317.02 ,  0.00 
501.29 ,  0.00 , 501.29 , 131.38 ,  0.00 , 155.42 ,  0.00 
417.74 ,  0.00 , 417.74 , 117.46 ,  0.00 , 100.72 ,  0.00 
417.74 ,  0.00 , 417.74 , 103.86 ,  0.00 , 44.47 ,  0.00 
334.19 ,  0.00 , 334.19 , 102.09 ,  0.00 , 38.24 ,  0.00 
250.64 ,  0.00 , 250.64 , 102.05 ,  0.00 , 38.02 ,  0.00 
334.19 ,  0.00 , 334.19 , 102.86 ,  0.00 , 39.04 ,  0.00 
334.19 ,  0.00 , 334.19 , 109.93 ,  0.00 , 68.15 ,  0.00 
417.74 ,  0.00 , 417.74 , 116.17 ,  0.00 , 92.59 ,  0.00 
584.83 ,  0.00 , 584.83 , 113.11 ,  0.00 , 75.25 ,  0.00 
501.29 ,  0.00 , 501.29 , 114.34 ,  0.00 , 76.80 ,  0.00 
501.29 ,  0.00 , 501.29 , 116.89 ,  0.00 , 82.51 ,  0.00 
417.74 ,  0.00 , 417.74 , 118.53 ,  0.00 , 85.15 ,  0.00 
417.74 ,  0.00 , 417.74 ,  0.00 ,  0.00 ,  0.00 ,  0.00 
83.55 ,  0.00 , 83.55 ,  0.00 ,  0.00 ,  0.00 ,  0.00 
 0.00 ,  0.00 ,  0.00 ,  0.00 ,  0.00 ,  0.00 ,  0.00 
 0.00 ,  0.00 ,  0.00 ,  0.00 ,  0.00 ,  0.00 ,  0.00 
 0.00 ,  0.00 ,  0.00 ,  0.00 ,  0.00 ,  0.00 ,  0.00 
 0.00 ,  0.00 ,  0.00 ,  0.00 ,  0.00 ,  0.00 ,  0.00 
83.55 ,  0.00 , 83.55 ,  0.00 ,  0.00 ,  0.00 ,  0.00 
250.64 ,  0.00 , 250.64 ,  0.00 ,  0.00 ,  0.00 ,  0.00 
835.48 ,  0.00 , 835.48 , 416.64 ,  0.00 , 1139.25 ,  0.00 
584.83 ,  0.00 , 584.83 , 309.07 ,  0.00 , 736.34 ,  0.00 
584.83 ,  0.00 , 584.83 , 264.43 ,  0.00 , 598.95 ,  0.00 
501.29 ,  0.00 , 501.29 , 197.74 ,  0.00 , 368.28 ,  0.00 
501.29 ,  0.00 , 501.29 , 144.41 ,  0.00 , 177.23 ,  0.00 
417.74 ,  0.00 , 417.74 , 125.40 ,  0.00 , 114.27 ,  0.00 
417.74 ,  0.00 , 417.74 , 112.03 ,  0.00 , 64.84 ,  0.00 
334.19 ,  0.00 , 334.19 , 106.54 ,  0.00 , 46.97 ,  0.00 
250.64 ,  0.00 , 250.64 , 105.61 ,  0.00 , 42.86 ,  0.00 
334.19 ,  0.00 , 334.19 , 108.21 ,  0.00 , 51.94 ,  0.00 
334.19 ,  0.00 , 334.19 , 115.92 ,  0.00 , 79.95 ,  0.00 
417.74 ,  0.00 , 417.74 , 120.60 ,  0.00 , 95.55 ,  0.00 
584.83 ,  0.00 , 584.83 , 119.52 ,  0.00 , 83.48 ,  0.00 
501.29 ,  0.00 , 501.29 , 121.40 ,  0.00 , 86.46 ,  0.00 
501.29 ,  0.00 , 501.29 , 123.47 ,  0.00 , 89.91 ,  0.00 
417.74 ,  0.00 , 417.74 , 127.91 ,  0.00 , 98.45 ,  0.00 
417.74 ,  0.00 , 417.74 ,  0.00 ,  0.00 ,  0.00 ,  0.00 
