CALDERA,CALDERA,CALDERA
SIS2_EQ1_EQ_Caldera-Biomasa-Defecto,SIS2_EQ1_EQ_Caldera-Biomasa-Defecto,SIS2_EQ1_EQ_Caldera-Biomasa-Defecto
ConsumoACS,ConsumoCAL,Energía Suministrada
Consumo horario en W asociado a ACS (prorrateando con la demanda),Consumo horario en W asociado a la calefacción (prorrateando con la demanda),Energía Suministrada en W
Biomasa no densificada,Biomasa no densificada,Biomasa no densificada
 0.00 ,  0.00 ,  0.00 
 0.00 ,  0.00 ,  0.00 
 0.00 ,  0.00 ,  0.00 
 0.00 ,  0.00 ,  0.00 
 0.00 ,  0.00 ,  0.00 
 0.00 ,  0.00 ,  0.00 
 0.00 ,  0.00 ,  0.00 
 0.00 , 5862.72 , 4161.15 
 0.00 , 1877.69 , 1275.46 
 0.00 , 1555.87 , 1053.20 
 0.00 , 1056.29 , 711.20 
 0.00 , 1182.27 , 797.10 
 0.00 , 988.17 , 664.85 
 0.00 , 848.31 , 569.90 
 0.00 , 438.22 , 293.12 
 0.00 , 556.10 , 372.43 
 0.00 , 931.86 , 626.59 
 0.00 , 1137.16 , 766.32 
2560.73 , 1095.95 , 3120.61 
 0.00 , 907.29 , 609.91 
 0.00 , 897.50 , 603.27 
 0.00 , 945.59 , 635.92 
 0.00 , 945.13 , 635.60 
 0.00 ,  0.00 ,  0.00 
 0.00 ,  0.00 ,  0.00 
 0.00 ,  0.00 ,  0.00 
 0.00 ,  0.00 ,  0.00 
 0.00 ,  0.00 ,  0.00 
 0.00 ,  0.00 ,  0.00 
 0.00 ,  0.00 ,  0.00 
 0.00 , 100.10 , 66.71 
 0.00 , 6138.74 , 4370.65 
 0.00 , 2065.92 , 1406.16 
 0.00 , 1857.00 , 1261.12 
 0.00 , 1634.92 , 1107.65 
 0.00 , 1020.65 , 686.94 
2638.51 , 941.14 , 3087.40 
 0.00 , 1050.27 , 707.10 
 0.00 , 1314.43 , 887.46 
 0.00 , 1399.75 , 945.93 
 0.00 , 1384.83 , 935.69 
 0.00 , 1503.29 , 1017.03 
 0.00 , 1450.02 , 980.43 
 0.00 , 1199.44 , 808.82 
 0.00 , 1234.63 , 832.87 
 0.00 , 1225.96 , 826.94 
 0.00 , 1219.07 , 822.24 
 0.00 ,  0.00 ,  0.00 
 0.00 ,  0.00 ,  0.00 
 0.00 ,  0.00 ,  0.00 
 0.00 ,  0.00 ,  0.00 
 0.00 ,  0.00 ,  0.00 
 0.00 ,  0.00 ,  0.00 
 0.00 , 146.27 , 97.53 
 0.00 , 464.58 , 310.84 
 0.00 , 6176.82 , 4399.66 
2701.89 , 2090.52 , 3939.64 
 0.00 , 1907.47 , 1296.10 
 0.00 , 1601.19 , 1084.40 
 0.00 , 673.04 , 451.31 
 0.00 , 670.43 , 449.55 
 0.00 , 893.90 , 600.82 
 0.00 , 720.56 , 483.42 
 0.00 , 776.55 , 521.30 
 0.00 , 1083.86 , 729.98 
 0.00 , 1257.84 , 848.74 
 0.00 , 1257.82 , 848.72 
 0.00 , 1014.67 , 682.88 
 0.00 , 1054.61 , 710.06 
 0.00 , 1103.51 , 743.37 
 0.00 , 1102.76 , 742.86 
2648.33 ,  0.00 , 2462.94 
 0.00 ,  0.00 ,  0.00 
 0.00 ,  0.00 ,  0.00 
 0.00 ,  0.00 ,  0.00 
 0.00 ,  0.00 ,  0.00 
 0.00 , 296.95 , 198.33 
 0.00 , 846.25 , 568.51 
 0.00 , 1036.42 , 697.68 
 0.00 , 6282.13 , 4480.00 
 0.00 , 2817.53 , 1933.45 
 0.00 , 2312.02 , 1577.87 
 0.00 ,  3.23 ,  2.15 
 0.00 ,  0.00 ,  0.00 
 0.00 ,  0.00 ,  0.00 
 0.00 ,  0.00 ,  0.00 
 0.00 ,  0.00 ,  0.00 
 0.00 ,  0.00 ,  0.00 
 0.00 ,  0.00 ,  0.00 
 0.00 ,  0.00 ,  0.00 
2560.73 ,  0.00 , 2381.48 
 0.00 ,  4.87 ,  3.24 
 0.00 , 824.04 , 553.45 
 0.00 , 1035.34 , 696.94 
 0.00 , 1156.72 , 779.66 
 0.00 ,  0.00 ,  0.00 
 0.00 ,  0.00 ,  0.00 
 0.00 ,  0.00 ,  0.00 
 0.00 ,  0.00 ,  0.00 
 0.00 ,  6.92 ,  4.61 
 0.00 , 881.70 , 592.55 
 0.00 , 1042.20 , 701.61 
 0.00 , 1183.65 , 798.04 
 0.00 , 6282.13 , 4480.00 
 0.00 , 2953.49 , 2029.75 
 0.00 , 1751.89 , 1188.39 
 0.00 , 760.55 , 510.47 
 0.00 ,  8.16 ,  5.43 
2638.51 ,  0.00 , 2453.82 
 0.00 ,  0.00 ,  0.00 
 0.00 ,  0.00 ,  0.00 
 0.00 ,  0.00 ,  0.00 
 0.00 ,  0.00 ,  0.00 
 0.00 ,  0.00 ,  0.00 
 0.00 ,  0.00 ,  0.00 
 0.00 , 195.99 , 130.76 
 0.00 , 911.68 , 612.89 
 0.00 , 1043.06 , 702.19 
 0.00 , 1158.44 , 780.83 
 0.00 ,  0.00 ,  0.00 
 0.00 ,  0.00 ,  0.00 
 0.00 ,  0.00 ,  0.00 
 0.00 ,  0.00 ,  0.00 
 0.00 , 167.03 , 111.41 
 0.00 , 944.61 , 635.25 
 0.00 , 1101.99 , 742.34 
 0.00 , 1241.94 , 837.86 
 0.00 , 6282.13 , 4480.00 
2701.89 , 2919.62 , 4525.65 
 0.00 , 1425.23 , 963.41 
 0.00 , 188.49 , 125.75 
 0.00 ,  0.00 ,  0.00 
 0.00 ,  0.00 ,  0.00 
 0.00 ,  0.00 ,  0.00 
 0.00 ,  0.00 ,  0.00 
 0.00 ,  0.00 ,  0.00 
 0.00 ,  0.00 ,  0.00 
 0.00 ,  0.00 ,  0.00 
 0.00 ,  0.00 ,  0.00 
 0.00 ,  0.56 ,  0.37 
 0.00 , 776.54 , 521.29 
 0.00 , 977.24 , 657.42 
 0.00 , 1099.09 , 740.36 
2648.33 ,  0.00 , 2462.94 
 0.00 ,  0.00 ,  0.00 
 0.00 ,  0.00 ,  0.00 
 0.00 ,  0.00 ,  0.00 
 0.00 ,  0.00 ,  0.00 
 0.00 , 702.63 , 471.30 
 0.00 , 948.79 , 638.09 
 0.00 , 1090.22 , 734.32 
 0.00 , 6282.13 , 4480.00 
 0.00 , 2702.69 , 1852.32 
 0.00 , 1001.75 , 674.09 
 0.00 , 23.74 , 15.81 
 0.00 , 240.04 , 160.22 
 0.00 , 545.46 , 365.26 
 0.00 , 632.78 , 424.13 
 0.00 , 165.74 , 110.54 
 0.00 ,  0.00 ,  0.00 
 0.00 ,  0.00 ,  0.00 
 0.00 , 854.29 , 573.96 
2560.73 , 1301.64 , 3261.48 
 0.00 , 1158.16 , 780.64 
 0.00 , 1186.99 , 800.33 
 0.00 , 1264.03 , 852.97 
 0.00 , 1285.25 , 867.48 
 0.00 ,  0.00 ,  0.00 
 0.00 ,  0.00 ,  0.00 
 0.00 ,  0.00 ,  0.00 
 0.00 ,  0.00 ,  0.00 
 0.00 , 25.76 , 17.16 
 0.00 , 724.83 , 486.31 
 0.00 , 863.86 , 580.44 
 0.00 , 935.32 , 628.94 
 0.00 , 6282.13 , 4480.00 
 0.00 , 2602.71 , 1781.86 
 0.00 , 2505.83 , 1713.73 
 0.00 , 2391.05 , 1633.20 
 0.00 , 2321.67 , 1584.62 
2638.51 , 2253.59 , 3994.92 
 0.00 , 2100.22 , 1430.04 
 0.00 , 2066.31 , 1406.43 
 0.00 , 2058.12 , 1400.74 
 0.00 , 2078.98 , 1415.25 
 0.00 , 2125.73 , 1447.81 
 0.00 , 2061.89 , 1403.36 
 0.00 , 1842.14 , 1250.83 
 0.00 , 1818.89 , 1234.73 
 0.00 , 1804.03 , 1224.44 
 0.00 , 1845.97 , 1253.48 
 0.00 ,  0.00 ,  0.00 
 0.00 ,  0.00 ,  0.00 
 0.00 ,  0.00 ,  0.00 
 0.00 , 227.97 , 152.15 
 0.00 , 1016.62 , 684.21 
 0.00 , 1099.57 , 740.69 
 0.00 , 1165.92 , 785.94 
 0.00 , 1275.65 , 860.92 
 0.00 , 6282.13 , 4480.00 
2701.89 , 2950.28 , 4547.55 
 0.00 , 2783.59 , 1909.45 
 0.00 , 2633.69 , 1803.68 
 0.00 , 2310.45 , 1576.77 
 0.00 , 2025.30 , 1377.92 
 0.00 , 1901.00 , 1291.61 
 0.00 , 1747.24 , 1185.17 
 0.00 , 1819.07 , 1234.86 
 0.00 , 1988.14 , 1352.09 
 0.00 , 2154.69 , 1468.00 
 0.00 , 2139.26 , 1457.24 
 0.00 , 1892.60 , 1285.79 
 0.00 , 1928.05 , 1310.37 
 0.00 , 1918.55 , 1303.78 
 0.00 , 1965.13 , 1336.11 
2648.33 ,  0.00 , 2462.94 
 0.00 ,  0.00 ,  0.00 
 0.00 ,  0.00 ,  0.00 
 0.00 , 800.18 , 537.29 
 0.00 , 1280.96 , 864.55 
 0.00 , 1363.44 , 921.03 
 0.00 , 1485.27 , 1004.65 
 0.00 , 1598.67 , 1082.66 
 0.00 , 6282.13 , 4480.00 
 0.00 , 3375.17 , 2330.27 
 0.00 , 2025.33 , 1377.93 
 0.00 , 1165.86 , 785.90 
 0.00 , 410.44 , 274.46 
 0.00 , 102.03 , 68.00 
 0.00 ,  0.00 ,  0.00 
 0.00 ,  0.00 ,  0.00 
 0.00 ,  0.00 ,  0.00 
 0.00 , 110.62 , 73.74 
 0.00 , 1416.49 , 957.42 
2560.73 , 1627.76 , 3486.23 
 0.00 , 1491.83 , 1009.15 
 0.00 , 1526.33 , 1032.87 
 0.00 , 1554.50 , 1052.26 
 0.00 , 1631.13 , 1105.03 
 0.00 ,  0.00 ,  0.00 
 0.00 ,  0.00 ,  0.00 
 0.00 ,  0.00 ,  0.00 
 0.00 ,  0.00 ,  0.00 
 0.00 , 651.02 , 436.45 
 0.00 , 966.04 , 649.81 
 0.00 , 1043.63 , 702.58 
 0.00 , 1106.96 , 745.72 
 0.00 , 6282.13 , 4480.00 
 0.00 , 2793.31 , 1916.32 
 0.00 , 2656.26 , 1819.59 
 0.00 , 2531.74 , 1731.94 
 0.00 , 2417.02 , 1651.40 
2638.51 , 2115.24 , 3897.91 
 0.00 , 1747.11 , 1185.08 
 0.00 , 1585.73 , 1073.75 
 0.00 , 1670.65 , 1132.29 
 0.00 , 1898.05 , 1289.57 
 0.00 , 2087.24 , 1421.00 
 0.00 , 2047.00 , 1393.00 
 0.00 , 1798.39 , 1220.55 
 0.00 , 1832.74 , 1244.31 
 0.00 , 1822.37 , 1237.14 
 0.00 , 1867.98 , 1268.72 
 0.00 ,  0.00 ,  0.00 
 0.00 ,  0.00 ,  0.00 
 0.00 ,  0.00 ,  0.00 
 0.00 , 452.99 , 303.04 
 0.00 , 1219.73 , 822.68 
 0.00 , 1363.73 , 921.23 
 0.00 , 1491.60 , 1009.00 
 0.00 , 1663.68 , 1127.48 
 0.00 , 6282.13 , 4480.00 
2701.89 , 3477.15 , 4926.41 
 0.00 , 2453.71 , 1677.14 
 0.00 , 2221.02 , 1514.27 
 0.00 , 2471.71 , 1689.78 
 0.00 , 2214.35 , 1509.61 
 0.00 , 1903.53 , 1293.36 
 0.00 , 1571.19 , 1063.74 
 0.00 , 1415.57 , 956.79 
 0.00 , 1954.07 , 1328.43 
 0.00 , 2550.04 , 1744.81 
 0.00 , 2659.79 , 1822.07 
 0.00 , 2429.17 , 1659.92 
 0.00 , 2488.76 , 1701.74 
 0.00 , 2552.93 , 1746.84 
 0.00 , 2508.30 , 1715.47 
2648.33 ,  0.00 , 2462.94 
 0.00 ,  0.00 ,  0.00 
 0.00 , 558.75 , 374.22 
 0.00 , 1498.69 , 1013.87 
 0.00 , 1590.38 , 1076.96 
 0.00 , 1663.35 , 1127.25 
 0.00 , 1668.72 , 1130.96 
 0.00 , 1715.45 , 1163.21 
 0.00 , 6282.13 , 4480.00 
 0.00 , 3315.51 , 2287.58 
 0.00 , 2257.54 , 1539.77 
 0.00 , 2042.93 , 1390.17 
 0.00 , 1587.61 , 1075.05 
 0.00 , 1661.85 , 1126.22 
 0.00 , 1850.86 , 1256.87 
 0.00 , 1985.10 , 1349.98 
 0.00 , 2010.99 , 1367.97 
 0.00 , 2062.21 , 1403.58 
 0.00 , 2280.96 , 1556.15 
2560.73 , 2284.23 , 3943.98 
 0.00 , 2031.41 , 1382.16 
 0.00 , 2068.85 , 1408.20 
 0.00 , 2061.26 , 1402.92 
 0.00 , 2055.53 , 1398.93 
 0.00 ,  0.00 ,  0.00 
 0.00 ,  0.00 ,  0.00 
 0.00 ,  0.00 ,  0.00 
 0.00 , 1002.99 , 674.93 
 0.00 , 1271.35 , 857.98 
 0.00 , 1346.70 , 909.56 
 0.00 , 1462.51 , 989.01 
 0.00 , 1516.22 , 1025.92 
 0.00 , 6282.13 , 4480.00 
 0.00 , 3114.82 , 2144.40 
 0.00 , 2951.77 , 2028.53 
 0.00 , 2631.58 , 1802.19 
 0.00 , 2343.20 , 1599.69 
2638.51 , 2122.90 , 3903.27 
 0.00 , 2257.83 , 1539.98 
 0.00 , 2284.16 , 1558.38 
 0.00 , 2309.36 , 1576.01 
 0.00 , 2322.45 , 1585.16 
 0.00 , 2403.34 , 1641.81 
 0.00 , 2376.39 , 1622.93 
 0.00 , 2158.62 , 1470.73 
 0.00 , 2135.74 , 1454.79 
 0.00 , 2120.45 , 1444.13 
 0.00 , 2161.34 , 1472.63 
 0.00 ,  0.00 ,  0.00 
 0.00 ,  0.00 ,  0.00 
 0.00 , 17.74 , 11.81 
 0.00 , 1283.27 , 866.13 
 0.00 , 1430.53 , 967.05 
 0.00 , 1560.29 , 1056.24 
 0.00 , 1624.47 , 1100.44 
 0.00 , 1731.22 , 1174.11 
 0.00 , 6282.13 , 4480.00 
2701.89 , 3441.99 , 4900.97 
 0.00 , 3287.73 , 2267.73 
 0.00 , 3068.27 , 2111.28 
 0.00 , 2855.67 , 1960.43 
 0.00 , 2692.80 , 1845.35 
 0.00 , 2603.08 , 1782.13 
 0.00 , 2550.16 , 1744.89 
 0.00 , 2550.29 , 1744.98 
 0.00 , 2592.71 , 1774.83 
 0.00 , 2717.26 , 1862.61 
 0.00 , 2684.01 , 1839.15 
 0.00 , 2466.77 , 1686.31 
 0.00 , 2444.03 , 1670.35 
 0.00 , 2428.12 , 1659.19 
 0.00 , 2469.76 , 1688.40 
2648.33 ,  0.00 , 2462.94 
 0.00 ,  0.00 ,  0.00 
 0.00 , 598.37 , 400.92 
 0.00 , 1537.56 , 1040.59 
 0.00 , 1624.88 , 1100.72 
 0.00 , 1693.77 , 1148.25 
 0.00 , 1804.76 , 1224.95 
 0.00 , 1855.33 , 1259.96 
 0.00 , 6282.13 , 4480.00 
 0.00 , 3551.70 , 2456.90 
 0.00 , 2627.79 , 1799.52 
 0.00 , 1772.43 , 1202.59 
 0.00 , 1079.36 , 726.92 
 0.00 , 498.00 , 333.31 
 0.00 ,  0.00 ,  0.00 
 0.00 ,  0.00 ,  0.00 
 0.00 , 615.03 , 412.16 
 0.00 , 1426.89 , 964.55 
 0.00 , 1864.20 , 1266.11 
2560.73 , 2032.01 , 3767.26 
 0.00 , 1842.57 , 1251.12 
 0.00 , 1860.67 , 1263.66 
 0.00 , 1929.65 , 1311.48 
 0.00 , 1944.31 , 1321.66 
 0.00 ,  0.00 ,  0.00 
 0.00 ,  0.00 ,  0.00 
 0.00 ,  0.00 ,  0.00 
 0.00 , 600.81 , 402.57 
 0.00 , 1129.99 , 761.43 
 0.00 , 1266.84 , 854.89 
 0.00 , 1336.77 , 902.76 
 0.00 , 1393.53 , 941.66 
 0.00 , 6282.13 , 4480.00 
 0.00 , 3063.32 , 2107.75 
 0.00 , 1872.17 , 1271.62 
 0.00 , 1626.01 , 1101.51 
 0.00 , 1711.20 , 1160.28 
2638.51 , 1758.68 , 3649.36 
 0.00 , 1757.13 , 1192.01 
 0.00 , 1942.70 , 1320.54 
 0.00 , 2148.06 , 1463.38 
 0.00 , 2109.03 , 1436.17 
 0.00 , 2215.92 , 1510.71 
 0.00 , 2206.63 , 1504.22 
 0.00 , 1953.45 , 1328.00 
 0.00 , 1934.60 , 1314.91 
 0.00 , 1921.98 , 1306.16 
 0.00 , 1911.88 , 1299.15 
 0.00 ,  0.00 ,  0.00 
 0.00 ,  0.00 ,  0.00 
 0.00 ,  0.00 ,  0.00 
 0.00 , 289.24 , 193.17 
 0.00 , 963.68 , 648.21 
 0.00 , 1039.14 , 699.53 
 0.00 , 1099.63 , 740.73 
 0.00 , 1149.53 , 774.75 
 0.00 , 6282.13 , 4480.00 
2701.89 , 2806.14 , 4444.75 
 0.00 , 2664.12 , 1825.12 
 0.00 , 2532.73 , 1732.64 
 0.00 , 2322.14 , 1584.95 
 0.00 , 2070.28 , 1409.20 
 0.00 , 1739.54 , 1179.85 
 0.00 , 1574.55 , 1066.05 
 0.00 , 1799.28 , 1221.16 
 0.00 , 1940.23 , 1318.82 
 0.00 , 2030.82 , 1381.75 
 0.00 , 1990.17 , 1353.50 
 0.00 , 1775.76 , 1204.89 
 0.00 , 1754.49 , 1190.19 
 0.00 , 1792.29 , 1216.32 
 0.00 , 1782.47 , 1209.53 
2648.33 ,  0.00 , 2462.94 
 0.00 ,  0.00 ,  0.00 
 0.00 ,  0.00 ,  0.00 
 0.00 , 214.36 , 143.04 
 0.00 , 1056.49 , 711.34 
 0.00 , 1195.30 , 806.00 
 0.00 , 1318.85 , 890.49 
 0.00 , 1432.88 , 968.66 
 0.00 , 6282.13 , 4480.00 
 0.00 , 3104.12 , 2136.78 
 0.00 , 1575.56 , 1066.75 
 0.00 , 745.56 , 500.32 
 0.00 , 37.70 , 25.11 
 0.00 ,  0.00 ,  0.00 
 0.00 ,  0.00 ,  0.00 
 0.00 ,  0.00 ,  0.00 
 0.00 ,  0.00 ,  0.00 
 0.00 ,  0.00 ,  0.00 
 0.00 ,  0.00 ,  0.00 
2560.73 ,  0.00 , 2381.48 
 0.00 , 22.73 , 15.14 
 0.00 , 857.89 , 576.40 
 0.00 , 1014.02 , 682.43 
 0.00 , 1127.11 , 759.46 
 0.00 ,  0.00 ,  0.00 
 0.00 ,  0.00 ,  0.00 
 0.00 ,  0.00 ,  0.00 
 0.00 ,  0.00 ,  0.00 
 0.00 , 51.81 , 34.52 
 0.00 , 888.79 , 597.36 
 0.00 , 1097.27 , 739.12 
 0.00 , 1237.37 , 834.74 
 0.00 , 6282.13 , 4480.00 
 0.00 , 2890.35 , 1984.99 
 0.00 , 1435.25 , 970.29 
 0.00 , 805.88 , 541.16 
 0.00 ,  9.94 ,  6.62 
2638.51 ,  0.00 , 2453.82 
 0.00 ,  0.00 ,  0.00 
 0.00 ,  0.00 ,  0.00 
 0.00 ,  0.00 ,  0.00 
 0.00 ,  0.00 ,  0.00 
 0.00 ,  0.00 ,  0.00 
 0.00 ,  0.00 ,  0.00 
 0.00 ,  0.00 ,  0.00 
 0.00 , 505.01 , 338.04 
 0.00 , 894.43 , 601.18 
 0.00 , 1011.99 , 681.05 
 0.00 ,  0.00 ,  0.00 
 0.00 ,  0.00 ,  0.00 
 0.00 ,  0.00 ,  0.00 
 0.00 ,  0.00 ,  0.00 
 0.00 ,  0.00 ,  0.00 
 0.00 , 156.56 , 104.41 
 0.00 , 750.42 , 503.61 
 0.00 , 836.72 , 562.05 
 0.00 , 6282.13 , 4480.00 
2701.89 , 2382.65 , 4144.78 
 0.00 , 1889.79 , 1283.84 
 0.00 , 810.33 , 544.17 
 0.00 , 562.64 , 376.84 
 0.00 , 703.72 , 472.04 
 0.00 , 505.90 , 338.63 
 0.00 ,  0.00 ,  0.00 
 0.00 ,  0.00 ,  0.00 
 0.00 , 129.33 , 86.22 
 0.00 , 748.05 , 502.01 
 0.00 , 1133.32 , 763.70 
 0.00 , 942.53 , 633.84 
 0.00 , 1012.55 , 681.44 
 0.00 , 1028.18 , 692.07 
 0.00 , 1093.21 , 736.35 
2648.33 ,  0.00 , 2462.94 
 0.00 ,  0.00 ,  0.00 
 0.00 ,  0.00 ,  0.00 
 0.00 ,  0.00 ,  0.00 
 0.00 ,  0.00 ,  0.00 
 0.00 ,  0.00 ,  0.00 
 0.00 , 320.74 , 214.27 
 0.00 , 609.09 , 408.15 
 0.00 , 6282.13 , 4480.00 
 0.00 , 2263.64 , 1544.04 
 0.00 , 2087.97 , 1421.51 
 0.00 , 1876.32 , 1274.50 
 0.00 , 1581.60 , 1070.91 
 0.00 , 1297.49 , 875.86 
 0.00 , 1018.79 , 685.68 
 0.00 , 1074.36 , 723.51 
 0.00 , 1160.59 , 782.30 
 0.00 , 1259.45 , 849.84 
 0.00 , 1414.33 , 955.93 
2560.73 , 1440.40 , 3356.89 
 0.00 , 1204.14 , 812.04 
 0.00 , 1241.08 , 837.28 
 0.00 , 1287.21 , 868.83 
 0.00 , 1336.79 , 902.77 
 0.00 ,  0.00 ,  0.00 
 0.00 ,  0.00 ,  0.00 
 0.00 ,  0.00 ,  0.00 
 0.00 ,  0.00 ,  0.00 
 0.00 ,  0.00 ,  0.00 
 0.00 , 789.49 , 530.05 
 0.00 , 1041.03 , 700.81 
 0.00 , 1171.35 , 789.65 
 0.00 , 6282.13 , 4480.00 
 0.00 , 2980.53 , 2048.94 
 0.00 , 1441.42 , 974.52 
 0.00 , 533.71 , 357.35 
 0.00 , 605.99 , 406.06 
2638.51 , 47.14 , 2485.22 
 0.00 ,  0.00 ,  0.00 
 0.00 ,  0.00 ,  0.00 
 0.00 ,  0.00 ,  0.00 
 0.00 ,  0.00 ,  0.00 
 0.00 ,  0.00 ,  0.00 
 0.00 , 971.98 , 653.85 
 0.00 , 1079.48 , 727.00 
 0.00 , 1237.28 , 834.68 
 0.00 , 1335.99 , 902.23 
 0.00 , 1426.02 , 963.95 
 0.00 ,  0.00 ,  0.00 
 0.00 ,  0.00 ,  0.00 
 0.00 ,  0.00 ,  0.00 
 0.00 ,  0.00 ,  0.00 
 0.00 , 875.49 , 588.33 
 0.00 , 1159.00 , 781.22 
 0.00 , 1357.20 , 916.75 
 0.00 , 1490.92 , 1008.52 
 0.00 , 6282.13 , 4480.00 
2701.89 , 3320.31 , 4813.12 
 0.00 , 1579.04 , 1069.15 
 0.00 , 335.29 , 224.02 
 0.00 ,  0.00 ,  0.00 
 0.00 ,  0.00 ,  0.00 
 0.00 ,  0.00 ,  0.00 
 0.00 ,  0.00 ,  0.00 
 0.00 ,  0.00 ,  0.00 
 0.00 ,  0.00 ,  0.00 
 0.00 ,  0.00 ,  0.00 
 0.00 , 1238.76 , 835.69 
 0.00 , 1401.93 , 947.43 
 0.00 , 1529.19 , 1034.84 
 0.00 , 1643.35 , 1113.46 
 0.00 , 1746.36 , 1184.57 
2648.33 ,  0.00 , 2462.94 
 0.00 ,  0.00 ,  0.00 
 0.00 ,  0.00 ,  0.00 
 0.00 , 543.70 , 364.08 
 0.00 , 1157.49 , 780.19 
 0.00 , 1255.58 , 847.19 
 0.00 , 1391.15 , 940.03 
 0.00 , 1460.67 , 987.75 
 0.00 , 6282.13 , 4480.00 
 0.00 , 3087.56 , 2125.00 
 0.00 , 2315.49 , 1580.30 
 0.00 , 2208.70 , 1505.67 
 0.00 , 1954.58 , 1328.78 
 0.00 , 1471.73 , 995.34 
 0.00 , 717.27 , 481.20 
 0.00 , 513.42 , 343.69 
 0.00 , 943.39 , 634.42 
 0.00 , 1386.90 , 937.11 
 0.00 , 1695.41 , 1149.37 
2560.73 , 1874.54 , 3657.47 
 0.00 , 1664.98 , 1128.38 
 0.00 , 1721.66 , 1167.50 
 0.00 , 1729.26 , 1172.75 
 0.00 , 1787.91 , 1213.30 
 0.00 ,  0.00 ,  0.00 
 0.00 ,  0.00 ,  0.00 
 0.00 ,  0.00 ,  0.00 
 0.00 , 230.04 , 153.53 
 0.00 , 1060.92 , 714.35 
 0.00 , 1205.47 , 812.94 
 0.00 , 1335.02 , 901.56 
 0.00 , 1453.28 , 982.66 
 0.00 , 6282.13 , 4480.00 
 0.00 , 3062.96 , 2107.50 
 0.00 , 1218.51 , 821.85 
 0.00 , 59.34 , 39.53 
 0.00 ,  0.00 ,  0.00 
2638.51 ,  0.00 , 2453.82 
 0.00 ,  0.00 ,  0.00 
 0.00 ,  0.00 ,  0.00 
 0.00 ,  0.00 ,  0.00 
 0.00 ,  0.00 ,  0.00 
 0.00 ,  0.00 ,  0.00 
 0.00 ,  0.00 ,  0.00 
 0.00 ,  0.00 ,  0.00 
 0.00 , 402.79 , 269.32 
 0.00 , 944.96 , 635.49 
 0.00 , 1069.69 , 720.33 
 0.00 ,  0.00 ,  0.00 
 0.00 ,  0.00 ,  0.00 
 0.00 ,  0.00 ,  0.00 
 0.00 ,  0.00 ,  0.00 
 0.00 ,  0.00 ,  0.00 
 0.00 , 308.38 , 205.99 
 0.00 , 766.37 , 514.41 
 0.00 , 850.03 , 571.07 
 0.00 , 6282.13 , 4480.00 
2701.89 , 2412.66 , 4165.94 
 0.00 , 2262.73 , 1543.40 
 0.00 , 2104.36 , 1432.92 
 0.00 , 1629.48 , 1103.90 
 0.00 , 1334.66 , 901.31 
 0.00 , 1256.17 , 847.59 
 0.00 , 1082.48 , 729.04 
 0.00 , 473.58 , 316.89 
 0.00 , 303.40 , 202.65 
 0.00 , 933.23 , 627.52 
 0.00 , 1289.02 , 870.07 
 0.00 , 1155.22 , 778.64 
 0.00 , 1216.73 , 820.63 
 0.00 , 1278.18 , 862.65 
 0.00 , 1340.32 , 905.19 
2648.33 ,  0.00 , 2462.94 
 0.00 ,  0.00 ,  0.00 
 0.00 ,  0.00 ,  0.00 
 0.00 ,  0.00 ,  0.00 
 0.00 , 451.04 , 301.74 
 0.00 , 985.17 , 662.81 
 0.00 , 1124.90 , 757.95 
 0.00 , 1306.13 , 881.78 
 0.00 , 6282.13 , 4480.00 
 0.00 , 2950.52 , 2027.64 
 0.00 , 2288.32 , 1561.30 
 0.00 , 1415.27 , 956.58 
 0.00 , 599.47 , 401.66 
 0.00 , 242.75 , 162.04 
 0.00 , 337.27 , 225.36 
 0.00 , 605.84 , 405.96 
 0.00 , 751.08 , 504.06 
 0.00 , 847.89 , 569.62 
 0.00 , 1077.76 , 725.82 
2560.73 , 1576.67 , 3450.90 
 0.00 , 1442.15 , 975.03 
 0.00 , 1460.66 , 987.73 
 0.00 , 1529.46 , 1035.03 
 0.00 , 1597.08 , 1081.57 
 0.00 ,  0.00 ,  0.00 
 0.00 ,  0.00 ,  0.00 
 0.00 ,  0.00 ,  0.00 
 0.00 ,  0.00 ,  0.00 
 0.00 , 833.27 , 559.71 
 0.00 , 1044.43 , 703.13 
 0.00 , 1121.17 , 755.41 
 0.00 , 1184.04 , 798.30 
 0.00 , 6282.13 , 4480.00 
 0.00 , 2848.39 , 1955.28 
 0.00 , 1824.17 , 1238.38 
 0.00 , 984.02 , 662.03 
 0.00 , 1155.57 , 778.88 
2638.51 , 1338.72 , 3359.32 
 0.00 , 798.15 , 535.92 
 0.00 , 679.19 , 455.47 
 0.00 , 754.08 , 506.09 
 0.00 , 1087.88 , 732.72 
 0.00 , 1547.88 , 1047.70 
 0.00 , 1666.77 , 1129.61 
 0.00 , 1485.97 , 1005.12 
 0.00 , 1542.31 , 1043.86 
 0.00 , 1601.95 , 1084.92 
 0.00 , 1663.35 , 1127.25 
 0.00 ,  0.00 ,  0.00 
 0.00 ,  0.00 ,  0.00 
 0.00 ,  0.00 ,  0.00 
 0.00 , 152.49 , 101.69 
 0.00 , 1055.11 , 710.40 
 0.00 , 1202.97 , 811.24 
 0.00 , 1334.93 , 901.50 
 0.00 , 1455.02 , 983.86 
 0.00 , 6282.13 , 4480.00 
2701.89 , 3271.77 , 4778.14 
 0.00 , 2369.36 , 1618.00 
 0.00 , 715.47 , 479.98 
 0.00 ,  0.00 ,  0.00 
 0.00 ,  0.00 ,  0.00 
 0.00 ,  0.00 ,  0.00 
 0.00 ,  0.00 ,  0.00 
 0.00 ,  0.00 ,  0.00 
 0.00 ,  0.00 ,  0.00 
 0.00 ,  0.00 ,  0.00 
 0.00 ,  0.00 ,  0.00 
 0.00 , 738.47 , 495.53 
 0.00 , 1019.17 , 685.94 
 0.00 , 1136.04 , 765.55 
 0.00 , 1240.97 , 837.20 
2648.33 ,  0.00 , 2462.94 
 0.00 ,  0.00 ,  0.00 
 0.00 ,  0.00 ,  0.00 
 0.00 ,  0.00 ,  0.00 
 0.00 , 85.18 , 56.76 
 0.00 , 867.56 , 582.96 
 0.00 , 1017.80 , 685.01 
 0.00 , 1152.62 , 776.86 
 0.00 , 6282.13 , 4480.00 
 0.00 , 2771.15 , 1900.66 
 0.00 , 2356.74 , 1609.17 
 0.00 , 1735.31 , 1176.93 
 0.00 , 593.57 , 397.68 
 0.00 , 14.49 ,  9.65 
 0.00 ,  0.00 ,  0.00 
 0.00 ,  0.00 ,  0.00 
 0.00 ,  0.00 ,  0.00 
 0.00 ,  0.00 ,  0.00 
 0.00 ,  0.00 ,  0.00 
2560.73 ,  0.00 , 2381.48 
 0.00 , 384.60 , 257.11 
 0.00 , 853.00 , 573.08 
 0.00 , 960.78 , 646.24 
 0.00 , 1057.99 , 712.36 
 0.00 ,  0.00 ,  0.00 
 0.00 ,  0.00 ,  0.00 
 0.00 ,  0.00 ,  0.00 
 0.00 ,  0.00 ,  0.00 
 0.00 ,  0.00 ,  0.00 
 0.00 , 78.58 , 52.36 
 0.00 , 712.28 , 477.83 
 0.00 , 850.22 , 571.20 
 0.00 , 6282.13 , 4480.00 
 0.00 , 2509.08 , 1716.02 
 0.00 , 741.81 , 497.79 
 0.00 , 27.47 , 18.30 
 0.00 ,  0.00 ,  0.00 
2614.74 ,  0.00 , 2431.70 
 0.00 ,  0.00 ,  0.00 
 0.00 , 335.15 , 223.93 
 0.00 , 688.13 , 461.51 
 0.00 , 802.83 , 539.09 
 0.00 , 1010.55 , 680.07 
 0.00 , 1254.09 , 846.17 
 0.00 , 1112.84 , 749.73 
 0.00 , 1178.30 , 794.39 
 0.00 , 1245.71 , 840.44 
 0.00 , 1312.09 , 885.86 
 0.00 ,  0.00 ,  0.00 
 0.00 ,  0.00 ,  0.00 
 0.00 ,  0.00 ,  0.00 
 0.00 ,  0.00 ,  0.00 
 0.00 , 81.04 , 54.00 
 0.00 , 830.42 , 557.78 
 0.00 , 1026.76 , 691.10 
 0.00 , 1156.59 , 779.57 
 0.00 , 6282.13 , 4480.00 
2663.71 , 2731.53 , 4356.08 
 0.00 , 1057.01 , 711.69 
 0.00 , 436.22 , 291.77 
 0.00 ,  0.00 ,  0.00 
 0.00 ,  0.00 ,  0.00 
 0.00 ,  0.00 ,  0.00 
 0.00 ,  0.00 ,  0.00 
 0.00 ,  0.00 ,  0.00 
 0.00 ,  0.00 ,  0.00 
 0.00 ,  0.00 ,  0.00 
 0.00 ,  0.00 ,  0.00 
 0.00 ,  0.00 ,  0.00 
 0.00 , 33.38 , 22.23 
 0.00 , 778.48 , 522.60 
 0.00 , 957.34 , 643.90 
2608.65 ,  0.00 , 2426.04 
 0.00 ,  0.00 ,  0.00 
 0.00 ,  0.00 ,  0.00 
 0.00 ,  0.00 ,  0.00 
 0.00 ,  0.00 ,  0.00 
 0.00 , 106.12 , 70.73 
 0.00 , 764.90 , 513.41 
 0.00 , 910.26 , 611.92 
 0.00 , 6282.13 , 4480.00 
 0.00 , 2501.17 , 1710.46 
 0.00 , 2111.69 , 1438.03 
 0.00 , 1982.52 , 1348.18 
 0.00 , 1186.37 , 799.90 
 0.00 , 379.17 , 253.46 
 0.00 , 441.77 , 295.50 
 0.00 , 531.82 , 356.08 
 0.00 , 656.02 , 439.82 
 0.00 , 1020.57 , 686.89 
 0.00 , 1299.68 , 877.36 
2524.59 , 1408.54 , 3301.33 
 0.00 , 1263.59 , 852.67 
 0.00 , 1320.63 , 891.70 
 0.00 , 1381.65 , 933.51 
 0.00 , 1389.33 , 938.78 
 0.00 ,  0.00 ,  0.00 
 0.00 ,  0.00 ,  0.00 
 0.00 ,  0.00 ,  0.00 
 0.00 ,  0.00 ,  0.00 
 0.00 , 496.73 , 332.46 
 0.00 , 973.68 , 655.01 
 0.00 , 1111.46 , 748.79 
 0.00 , 1236.65 , 834.25 
 0.00 , 6282.13 , 4480.00 
 0.00 , 2905.80 , 1995.94 
 0.00 , 2708.82 , 1856.65 
 0.00 , 2598.82 , 1779.13 
 0.00 , 2467.59 , 1686.88 
2600.49 , 2242.08 , 3951.42 
 0.00 , 2059.49 , 1401.69 
 0.00 , 1879.42 , 1276.65 
 0.00 , 1765.65 , 1197.90 
 0.00 , 1997.79 , 1358.79 
 0.00 , 2157.04 , 1469.63 
 0.00 , 2149.60 , 1464.45 
 0.00 , 1903.48 , 1293.33 
 0.00 , 1938.60 , 1317.69 
 0.00 , 1929.27 , 1311.22 
 0.00 , 1922.39 , 1306.44 
 0.00 ,  0.00 ,  0.00 
 0.00 ,  0.00 ,  0.00 
 0.00 ,  0.00 ,  0.00 
 0.00 , 669.43 , 448.87 
 0.00 , 1127.97 , 760.05 
 0.00 , 1206.05 , 813.34 
 0.00 , 1269.47 , 856.69 
 0.00 , 1321.58 , 892.35 
 0.00 , 6282.13 , 4480.00 
2663.71 , 2918.14 , 4488.98 
 0.00 , 2742.05 , 1880.11 
 0.00 , 2652.20 , 1816.72 
 0.00 , 2045.52 , 1391.97 
 0.00 , 1534.59 , 1038.55 
 0.00 , 1109.41 , 747.39 
 0.00 , 920.30 , 618.74 
 0.00 , 1218.21 , 821.64 
 0.00 , 1430.93 , 967.33 
 0.00 , 1666.08 , 1129.14 
 0.00 , 1779.94 , 1207.78 
 0.00 , 1585.85 , 1073.84 
 0.00 , 1631.57 , 1105.34 
 0.00 , 1629.17 , 1103.68 
 0.00 , 1680.62 , 1139.17 
2608.65 ,  0.00 , 2426.04 
 0.00 ,  0.00 ,  0.00 
 0.00 ,  0.00 ,  0.00 
 0.00 , 151.80 , 101.23 
 0.00 , 1045.41 , 703.79 
 0.00 , 1244.60 , 839.68 
 0.00 , 1376.49 , 929.98 
 0.00 , 1495.81 , 1011.89 
 0.00 , 6282.13 , 4480.00 
 0.00 , 3145.06 , 2165.94 
 0.00 , 1919.03 , 1304.11 
 0.00 , 1313.09 , 886.54 
 0.00 , 1306.86 , 882.28 
 0.00 , 1357.51 , 916.97 
 0.00 , 1187.53 , 800.69 
 0.00 , 915.54 , 615.51 
 0.00 , 950.78 , 639.44 
 0.00 , 1270.84 , 857.62 
 0.00 , 1459.52 , 986.96 
2524.59 , 1807.98 , 3577.54 
 0.00 , 1703.55 , 1155.00 
 0.00 , 1769.72 , 1200.71 
 0.00 , 1835.69 , 1246.36 
 0.00 , 1900.15 , 1291.02 
 0.00 ,  0.00 ,  0.00 
 0.00 ,  0.00 ,  0.00 
 0.00 ,  0.00 ,  0.00 
 0.00 , 837.00 , 562.24 
 0.00 , 1323.17 , 893.45 
 0.00 , 1466.91 , 992.03 
 0.00 , 1540.65 , 1042.72 
 0.00 , 1656.64 , 1122.62 
 0.00 , 6282.13 , 4480.00 
 0.00 , 3242.10 , 2235.14 
 0.00 , 1425.23 , 963.41 
 0.00 , 216.31 , 144.34 
 0.00 ,  0.00 ,  0.00 
2600.49 ,  0.00 , 2418.46 
 0.00 ,  0.00 ,  0.00 
 0.00 ,  0.00 ,  0.00 
 0.00 ,  0.00 ,  0.00 
 0.00 ,  0.00 ,  0.00 
 0.00 ,  0.00 ,  0.00 
 0.00 ,  0.00 ,  0.00 
 0.00 ,  0.00 ,  0.00 
 0.00 , 655.01 , 439.14 
 0.00 , 1124.86 , 757.93 
 0.00 , 1252.52 , 845.10 
 0.00 ,  0.00 ,  0.00 
 0.00 ,  0.00 ,  0.00 
 0.00 ,  0.00 ,  0.00 
 0.00 ,  0.00 ,  0.00 
 0.00 , 702.15 , 470.98 
 0.00 , 1197.51 , 807.50 
 0.00 , 1353.74 , 914.38 
 0.00 , 1548.34 , 1048.01 
 0.00 , 6282.13 , 4480.00 
2663.71 , 3317.33 , 4775.32 
 0.00 , 2538.01 , 1736.35 
 0.00 , 1937.87 , 1317.18 
 0.00 , 593.10 , 397.37 
 0.00 ,  0.00 ,  0.00 
 0.00 ,  0.00 ,  0.00 
 0.00 ,  0.00 ,  0.00 
 0.00 ,  0.00 ,  0.00 
 0.00 ,  0.00 ,  0.00 
 0.00 , 40.31 , 26.85 
 0.00 , 1386.12 , 936.58 
 0.00 , 1343.34 , 907.26 
 0.00 , 1454.09 , 983.22 
 0.00 , 1553.84 , 1051.80 
 0.00 , 1644.81 , 1114.47 
2608.65 ,  0.00 , 2426.04 
 0.00 ,  0.00 ,  0.00 
 0.00 ,  0.00 ,  0.00 
 0.00 , 274.50 , 183.29 
 0.00 , 1069.63 , 720.29 
 0.00 , 1221.52 , 823.91 
 0.00 , 1303.61 , 880.05 
 0.00 , 1425.24 , 963.42 
 0.00 , 6282.13 , 4480.00 
 0.00 , 3212.45 , 2213.97 
 0.00 , 3119.12 , 2147.46 
 0.00 , 2945.12 , 2023.82 
 0.00 , 2578.46 , 1764.79 
 0.00 , 2146.27 , 1462.12 
 0.00 , 1539.06 , 1041.63 
 0.00 , 1433.87 , 969.34 
 0.00 , 1339.02 , 904.30 
 0.00 , 1030.16 , 693.42 
 0.00 , 1392.85 , 941.19 
2524.59 , 1782.87 , 3560.10 
 0.00 , 1655.27 , 1121.68 
 0.00 , 1714.71 , 1162.70 
 0.00 , 1773.74 , 1203.49 
 0.00 , 1780.19 , 1207.96 
 0.00 ,  0.00 ,  0.00 
 0.00 ,  0.00 ,  0.00 
 0.00 ,  0.00 ,  0.00 
 0.00 , 389.51 , 260.40 
 0.00 , 1109.02 , 747.13 
 0.00 , 1251.12 , 844.14 
 0.00 , 1378.04 , 931.04 
 0.00 , 1495.45 , 1011.64 
 0.00 , 6282.13 , 4480.00 
 0.00 , 3001.20 , 2063.62 
 0.00 , 2254.17 , 1537.42 
 0.00 , 1560.84 , 1056.61 
 0.00 , 592.40 , 396.90 
2600.49 , 468.82 , 2732.31 
 0.00 , 904.22 , 607.83 
 0.00 , 1059.60 , 713.46 
 0.00 , 1231.62 , 830.81 
 0.00 , 1388.75 , 938.39 
 0.00 , 1698.31 , 1151.38 
 0.00 , 1833.46 , 1244.81 
 0.00 , 1657.86 , 1123.47 
 0.00 , 1659.39 , 1124.52 
 0.00 , 1714.99 , 1162.89 
 0.00 , 1772.91 , 1202.92 
 0.00 ,  0.00 ,  0.00 
 0.00 ,  0.00 ,  0.00 
 0.00 ,  0.00 ,  0.00 
 0.00 , 412.49 , 275.83 
 0.00 , 1120.43 , 754.90 
 0.00 , 1208.01 , 814.68 
 0.00 , 1333.55 , 900.55 
 0.00 , 1394.44 , 942.29 
 0.00 , 6282.13 , 4480.00 
2663.71 , 2964.35 , 4521.98 
 0.00 , 2580.68 , 1766.36 
 0.00 , 2161.65 , 1472.84 
 0.00 , 1728.23 , 1172.04 
 0.00 , 1176.58 , 793.21 
 0.00 , 437.68 , 292.75 
 0.00 , 27.02 , 17.99 
 0.00 , 427.33 , 285.80 
 0.00 , 976.42 , 656.87 
 0.00 , 1426.13 , 964.03 
 0.00 , 1548.33 , 1048.01 
 0.00 , 1388.32 , 938.09 
 0.00 , 1447.35 , 978.60 
 0.00 , 1508.13 , 1020.36 
 0.00 , 1569.99 , 1062.92 
2608.65 ,  0.00 , 2426.04 
 0.00 ,  0.00 ,  0.00 
 0.00 ,  0.00 ,  0.00 
 0.00 , 72.21 , 48.11 
 0.00 , 1084.38 , 730.33 
 0.00 , 1236.07 , 833.85 
 0.00 , 1370.35 , 925.77 
 0.00 , 1492.79 , 1009.81 
 0.00 , 6282.13 , 4480.00 
 0.00 , 3125.93 , 2152.31 
 0.00 , 1901.12 , 1291.69 
 0.00 , 1407.85 , 951.49 
 0.00 , 656.85 , 440.38 
 0.00 , 433.52 , 289.96 
 0.00 , 267.88 , 178.86 
 0.00 , 402.82 , 269.34 
 0.00 , 743.33 , 498.82 
 0.00 , 716.19 , 480.47 
 0.00 , 1117.89 , 753.18 
2524.59 , 1619.14 , 3446.62 
 0.00 , 1508.71 , 1020.75 
 0.00 , 1586.07 , 1073.98 
 0.00 , 1659.70 , 1124.74 
 0.00 , 1785.12 , 1211.37 
 0.00 ,  0.00 ,  0.00 
 0.00 ,  0.00 ,  0.00 
 0.00 ,  0.00 ,  0.00 
 0.00 , 558.20 , 373.85 
 0.00 , 1224.88 , 826.21 
 0.00 , 1318.41 , 890.19 
 0.00 , 1447.42 , 978.64 
 0.00 , 1567.17 , 1060.97 
 0.00 , 6282.13 , 4480.00 
 0.00 , 3231.48 , 2227.55 
 0.00 , 1415.99 , 957.07 
 0.00 ,  0.00 ,  0.00 
 0.00 ,  0.00 ,  0.00 
2600.49 ,  0.00 , 2418.46 
 0.00 ,  0.00 ,  0.00 
 0.00 ,  0.00 ,  0.00 
 0.00 ,  0.00 ,  0.00 
 0.00 ,  0.00 ,  0.00 
 0.00 ,  0.00 ,  0.00 
 0.00 ,  0.00 ,  0.00 
 0.00 ,  0.00 ,  0.00 
 0.00 ,  0.00 ,  0.00 
 0.00 ,  0.00 ,  0.00 
 0.00 , 806.62 , 541.66 
 0.00 ,  0.00 ,  0.00 
 0.00 ,  0.00 ,  0.00 
 0.00 ,  0.00 ,  0.00 
 0.00 ,  0.00 ,  0.00 
 0.00 ,  8.85 ,  5.89 
 0.00 , 991.19 , 666.91 
 0.00 , 1281.60 , 864.99 
 0.00 , 1495.01 , 1011.34 
 0.00 , 6282.13 , 4480.00 
2663.71 , 3231.47 , 4713.50 
 0.00 , 2662.65 , 1824.08 
 0.00 , 2219.67 , 1513.32 
 0.00 , 1368.88 , 924.76 
 0.00 , 327.04 , 218.50 
 0.00 ,  0.00 ,  0.00 
 0.00 ,  0.00 ,  0.00 
 0.00 ,  0.00 ,  0.00 
 0.00 ,  0.00 ,  0.00 
 0.00 , 937.46 , 630.39 
 0.00 , 1894.42 , 1287.05 
 0.00 , 1959.65 , 1332.30 
 0.00 , 2087.55 , 1421.22 
 0.00 , 2199.95 , 1499.57 
 0.00 , 2356.33 , 1608.88 
2608.65 ,  0.00 , 2426.04 
 0.00 ,  0.00 ,  0.00 
 0.00 , 388.70 , 259.86 
 0.00 , 1454.47 , 983.48 
 0.00 , 1563.45 , 1058.41 
 0.00 , 1705.93 , 1156.64 
 0.00 , 1782.10 , 1209.27 
 0.00 , 1845.01 , 1252.81 
 0.00 , 6282.13 , 4480.00 
 0.00 , 3403.22 , 2350.36 
 0.00 , 1648.65 , 1117.12 
 0.00 , 304.98 , 203.71 
 0.00 ,  0.00 ,  0.00 
 0.00 ,  0.00 ,  0.00 
 0.00 ,  0.00 ,  0.00 
 0.00 ,  0.00 ,  0.00 
 0.00 ,  0.00 ,  0.00 
 0.00 ,  0.00 ,  0.00 
 0.00 ,  0.00 ,  0.00 
2524.59 ,  0.00 , 2347.87 
 0.00 , 697.06 , 467.54 
 0.00 , 1459.95 , 987.25 
 0.00 , 1616.47 , 1094.93 
 0.00 , 1806.03 , 1225.83 
 0.00 ,  0.00 ,  0.00 
 0.00 ,  0.00 ,  0.00 
 0.00 ,  0.00 ,  0.00 
 0.00 , 902.60 , 606.73 
 0.00 , 1321.82 , 892.52 
 0.00 , 1426.48 , 964.27 
 0.00 , 1457.54 , 985.59 
 0.00 , 1525.69 , 1032.43 
 0.00 , 6282.13 , 4480.00 
 0.00 , 3068.91 , 2111.74 
 0.00 , 1710.27 , 1159.63 
 0.00 , 771.14 , 517.63 
 0.00 , 463.93 , 310.40 
2600.49 ,  0.00 , 2418.46 
 0.00 ,  0.00 ,  0.00 
 0.00 ,  0.00 ,  0.00 
 0.00 ,  0.00 ,  0.00 
 0.00 ,  0.00 ,  0.00 
 0.00 ,  0.00 ,  0.00 
 0.00 ,  0.00 ,  0.00 
 0.00 ,  0.00 ,  0.00 
 0.00 ,  0.00 ,  0.00 
 0.00 , 441.64 , 295.42 
 0.00 , 836.84 , 562.13 
 0.00 ,  0.00 ,  0.00 
 0.00 ,  0.00 ,  0.00 
 0.00 ,  0.00 ,  0.00 
 0.00 ,  0.00 ,  0.00 
 0.00 ,  0.00 ,  0.00 
 0.00 ,  0.00 ,  0.00 
 0.00 , 365.19 , 244.08 
 0.00 , 774.04 , 519.60 
 0.00 , 6282.13 , 4480.00 
2663.71 , 2323.92 , 4067.85 
 0.00 , 1882.88 , 1279.05 
 0.00 , 1393.49 , 941.63 
 0.00 , 913.88 , 614.38 
 0.00 , 705.25 , 473.07 
 0.00 , 743.07 , 498.64 
 0.00 , 447.74 , 299.52 
 0.00 , 385.44 , 257.67 
 0.00 , 779.04 , 522.98 
 0.00 , 815.71 , 547.81 
 0.00 , 1095.36 , 737.82 
 0.00 , 1053.00 , 708.96 
 0.00 , 1118.30 , 753.46 
 0.00 , 1236.20 , 833.94 
 0.00 , 1302.26 , 879.13 
2608.65 ,  0.00 , 2426.04 
 0.00 ,  0.00 ,  0.00 
 0.00 ,  0.00 ,  0.00 
 0.00 ,  0.00 ,  0.00 
 0.00 , 471.88 , 315.75 
 0.00 , 1021.26 , 687.36 
 0.00 , 1163.67 , 784.40 
 0.00 , 1347.19 , 909.90 
 0.00 , 6282.13 , 4480.00 
 0.00 , 2807.25 , 1926.18 
 0.00 , 1679.39 , 1138.32 
 0.00 , 1308.28 , 883.25 
 0.00 , 755.53 , 507.07 
 0.00 , 143.03 , 95.37 
 0.00 ,  0.00 ,  0.00 
 0.00 ,  0.00 ,  0.00 
 0.00 ,  0.00 ,  0.00 
 0.00 ,  0.00 ,  0.00 
 0.00 , 417.94 , 279.49 
2524.59 , 1139.11 , 3116.49 
 0.00 , 1066.96 , 718.47 
 0.00 , 1157.49 , 780.18 
 0.00 , 1242.09 , 837.96 
 0.00 , 1267.60 , 855.41 
 0.00 ,  0.00 ,  0.00 
 0.00 ,  0.00 ,  0.00 
 0.00 ,  0.00 ,  0.00 
 0.00 ,  0.00 ,  0.00 
 0.00 , 112.41 , 74.93 
 0.00 , 776.76 , 521.44 
 0.00 , 915.99 , 615.81 
 0.00 , 987.66 , 664.51 
 0.00 , 6282.13 , 4480.00 
 0.00 , 2538.20 , 1736.48 
 0.00 , 2061.83 , 1403.32 
 0.00 , 1872.70 , 1271.99 
 0.00 , 1659.35 , 1124.50 
2600.49 , 1652.50 , 3540.36 
 0.00 , 888.02 , 596.83 
 0.00 , 19.48 , 12.97 
 0.00 , 448.58 , 300.08 
 0.00 , 997.62 , 671.28 
 0.00 , 1191.87 , 803.66 
 0.00 , 1383.37 , 934.70 
 0.00 , 1211.92 , 817.35 
 0.00 , 1267.28 , 855.19 
 0.00 , 1326.23 , 895.54 
 0.00 , 1332.04 , 899.52 
 0.00 ,  0.00 ,  0.00 
 0.00 ,  0.00 ,  0.00 
 0.00 ,  0.00 ,  0.00 
 0.00 ,  0.00 ,  0.00 
 0.00 ,  3.48 ,  2.32 
 0.00 , 721.25 , 483.89 
 0.00 , 837.01 , 562.24 
 0.00 , 958.07 , 644.40 
 0.00 , 6282.13 , 4480.00 
2663.71 , 2512.85 , 4201.10 
 0.00 , 2112.35 , 1438.49 
 0.00 , 1699.77 , 1152.39 
 0.00 , 1363.41 , 921.01 
 0.00 , 841.34 , 565.18 
 0.00 , 258.91 , 172.85 
 0.00 ,  6.31 ,  4.20 
 0.00 , 226.05 , 150.86 
 0.00 , 822.47 , 552.39 
 0.00 , 1015.97 , 683.76 
 0.00 , 1270.24 , 857.22 
 0.00 , 1079.76 , 727.19 
 0.00 , 1137.27 , 766.39 
 0.00 , 1198.06 , 807.88 
 0.00 , 1258.70 , 849.33 
2608.65 ,  0.00 , 2426.04 
 0.00 ,  0.00 ,  0.00 
 0.00 ,  0.00 ,  0.00 
 0.00 ,  0.00 ,  0.00 
 0.00 ,  0.00 ,  0.00 
 0.00 , 640.35 , 429.24 
 0.00 , 885.10 , 594.86 
 0.00 , 1012.02 , 681.07 
 0.00 , 6282.13 , 4480.00 
 0.00 , 2448.56 , 1673.53 
 0.00 , 842.58 , 566.02 
 0.00 ,  0.00 ,  0.00 
 0.00 ,  0.00 ,  0.00 
 0.00 ,  0.00 ,  0.00 
 0.00 ,  0.00 ,  0.00 
 0.00 ,  0.00 ,  0.00 
 0.00 ,  0.00 ,  0.00 
 0.00 ,  0.00 ,  0.00 
 0.00 ,  0.00 ,  0.00 
2524.59 ,  0.00 , 2347.87 
 0.00 ,  0.00 ,  0.00 
 0.00 ,  0.00 ,  0.00 
 0.00 ,  0.00 ,  0.00 
 0.00 , 514.49 , 344.42 
 0.00 ,  0.00 ,  0.00 
 0.00 ,  0.00 ,  0.00 
 0.00 ,  0.00 ,  0.00 
 0.00 ,  0.00 ,  0.00 
 0.00 ,  0.00 ,  0.00 
 0.00 ,  0.00 ,  0.00 
 0.00 ,  0.00 ,  0.00 
 0.00 , 590.53 , 395.63 
 0.00 , 6282.13 , 4480.00 
 0.00 , 2014.04 , 1370.09 
 0.00 ,  0.00 ,  0.00 
 0.00 ,  0.00 ,  0.00 
 0.00 ,  0.00 ,  0.00 
2600.49 ,  0.00 , 2418.46 
 0.00 ,  0.00 ,  0.00 
 0.00 ,  0.00 ,  0.00 
 0.00 ,  0.00 ,  0.00 
 0.00 ,  0.00 ,  0.00 
 0.00 ,  0.00 ,  0.00 
 0.00 ,  0.00 ,  0.00 
 0.00 ,  0.00 ,  0.00 
 0.00 ,  0.00 ,  0.00 
 0.00 ,  0.00 ,  0.00 
 0.00 , 486.16 , 325.35 
 0.00 ,  0.00 ,  0.00 
 0.00 ,  0.00 ,  0.00 
 0.00 ,  0.00 ,  0.00 
 0.00 ,  0.00 ,  0.00 
 0.00 ,  0.00 ,  0.00 
 0.00 ,  1.51 ,  1.01 
 0.00 , 848.84 , 570.26 
 0.00 , 1105.40 , 744.66 
 0.00 , 6282.13 , 4480.00 
2663.71 , 2673.41 , 4314.80 
 0.00 , 981.82 , 660.54 
 0.00 ,  0.00 ,  0.00 
 0.00 ,  0.00 ,  0.00 
 0.00 ,  0.00 ,  0.00 
 0.00 ,  0.00 ,  0.00 
 0.00 ,  0.00 ,  0.00 
 0.00 ,  0.00 ,  0.00 
 0.00 ,  0.00 ,  0.00 
 0.00 ,  0.00 ,  0.00 
 0.00 ,  0.00 ,  0.00 
 0.00 ,  0.00 ,  0.00 
 0.00 ,  0.00 ,  0.00 
 0.00 ,  0.00 ,  0.00 
 0.00 ,  0.00 ,  0.00 
2608.65 ,  0.00 , 2426.04 
 0.00 ,  0.00 ,  0.00 
 0.00 ,  0.00 ,  0.00 
 0.00 ,  0.00 ,  0.00 
 0.00 ,  0.00 ,  0.00 
 0.00 ,  0.00 ,  0.00 
 0.00 ,  0.00 ,  0.00 
 0.00 , 207.85 , 138.69 
 0.00 , 6282.13 , 4480.00 
 0.00 , 1986.83 , 1351.18 
 0.00 ,  0.00 ,  0.00 
 0.00 ,  0.00 ,  0.00 
 0.00 ,  0.00 ,  0.00 
 0.00 ,  0.00 ,  0.00 
 0.00 ,  0.00 ,  0.00 
 0.00 ,  0.00 ,  0.00 
 0.00 ,  0.00 ,  0.00 
 0.00 ,  0.00 ,  0.00 
 0.00 ,  0.00 ,  0.00 
2524.59 ,  0.00 , 2347.87 
 0.00 ,  0.00 ,  0.00 
 0.00 ,  0.00 ,  0.00 
 0.00 ,  0.00 ,  0.00 
 0.00 ,  0.00 ,  0.00 
 0.00 ,  0.00 ,  0.00 
 0.00 ,  0.00 ,  0.00 
 0.00 ,  0.00 ,  0.00 
 0.00 ,  0.00 ,  0.00 
 0.00 ,  0.00 ,  0.00 
 0.00 ,  0.00 ,  0.00 
 0.00 ,  0.00 ,  0.00 
 0.00 ,  0.00 ,  0.00 
 0.00 , 5833.94 , 4139.38 
 0.00 , 1843.86 , 1252.02 
 0.00 , 744.93 , 499.90 
 0.00 ,  0.00 ,  0.00 
 0.00 ,  0.00 ,  0.00 
2600.49 ,  0.00 , 2418.46 
 0.00 ,  0.00 ,  0.00 
 0.00 ,  0.00 ,  0.00 
 0.00 , 331.92 , 221.77 
 0.00 , 551.18 , 369.12 
 0.00 , 908.53 , 610.75 
 0.00 , 1032.34 , 694.90 
 0.00 , 824.27 , 553.61 
 0.00 , 887.75 , 596.65 
 0.00 , 901.15 , 605.74 
 0.00 , 966.92 , 650.41 
 0.00 ,  0.00 ,  0.00 
 0.00 ,  0.00 ,  0.00 
 0.00 ,  0.00 ,  0.00 
 0.00 ,  0.00 ,  0.00 
 0.00 ,  0.00 ,  0.00 
 0.00 ,  0.00 ,  0.00 
 0.00 , 284.47 , 189.97 
 0.00 , 674.13 , 452.05 
 0.00 , 6282.13 , 4480.00 
2663.71 , 2410.09 , 4128.55 
 0.00 , 2105.49 , 1433.71 
 0.00 , 1898.83 , 1290.10 
 0.00 , 1662.64 , 1126.76 
 0.00 , 1369.20 , 924.98 
 0.00 , 1097.79 , 739.47 
 0.00 , 635.38 , 425.89 
 0.00 , 477.02 , 319.20 
 0.00 , 712.79 , 478.17 
 0.00 , 1125.12 , 758.10 
 0.00 , 1281.61 , 864.99 
 0.00 , 1080.50 , 727.69 
 0.00 , 1079.32 , 726.89 
 0.00 , 1079.71 , 727.16 
 0.00 , 1134.42 , 764.45 
2608.65 ,  0.00 , 2426.04 
 0.00 ,  0.00 ,  0.00 
 0.00 ,  0.00 ,  0.00 
 0.00 ,  0.00 ,  0.00 
 0.00 ,  0.00 ,  0.00 
 0.00 ,  0.00 ,  0.00 
 0.00 ,  5.52 ,  3.67 
 0.00 , 407.45 , 272.45 
 0.00 , 6137.11 , 4369.41 
 0.00 , 2064.27 , 1405.01 
 0.00 , 1935.80 , 1315.75 
 0.00 , 1494.50 , 1010.99 
 0.00 , 1195.01 , 805.80 
 0.00 , 1093.09 , 736.27 
 0.00 , 1064.71 , 716.94 
 0.00 , 1145.48 , 771.99 
 0.00 , 1200.03 , 809.23 
 0.00 , 1180.92 , 796.18 
 0.00 , 1236.89 , 834.42 
2524.59 , 1291.27 , 3220.73 
 0.00 , 1087.10 , 732.19 
 0.00 , 1071.18 , 721.34 
 0.00 , 1113.61 , 750.26 
 0.00 , 1162.13 , 783.35 
 0.00 ,  0.00 ,  0.00 
 0.00 ,  0.00 ,  0.00 
 0.00 ,  0.00 ,  0.00 
 0.00 ,  0.00 ,  0.00 
 0.00 ,  0.00 ,  0.00 
 0.00 ,  0.00 ,  0.00 
 0.00 , 481.47 , 322.19 
 0.00 , 722.27 , 484.57 
 0.00 , 6282.13 , 4480.00 
 0.00 , 2268.65 , 1547.54 
 0.00 , 1694.70 , 1148.88 
 0.00 , 991.25 , 666.95 
 0.00 , 627.50 , 420.57 
2600.49 , 574.73 , 2803.69 
 0.00 , 436.38 , 291.88 
 0.00 , 339.47 , 226.83 
 0.00 , 433.19 , 289.74 
 0.00 , 722.13 , 484.48 
 0.00 , 917.18 , 616.63 
 0.00 , 1014.91 , 683.04 
 0.00 , 907.34 , 609.95 
 0.00 , 962.20 , 647.20 
 0.00 , 1019.17 , 685.94 
 0.00 , 1078.08 , 726.04 
 0.00 ,  0.00 ,  0.00 
 0.00 ,  0.00 ,  0.00 
 0.00 ,  0.00 ,  0.00 
 0.00 ,  0.00 ,  0.00 
 0.00 ,  0.00 ,  0.00 
 0.00 ,  0.00 ,  0.00 
 0.00 , 484.45 , 324.20 
 0.00 , 731.93 , 491.11 
 0.00 , 6282.13 , 4480.00 
2652.24 , 2261.44 , 4013.23 
 0.00 , 1984.27 , 1349.40 
 0.00 , 1716.92 , 1164.22 
 0.00 , 1293.26 , 872.97 
 0.00 , 1029.97 , 693.29 
 0.00 , 1010.59 , 680.10 
 0.00 , 1183.42 , 797.89 
 0.00 , 1412.95 , 954.99 
 0.00 , 1525.97 , 1032.62 
 0.00 , 1619.15 , 1096.78 
 0.00 , 1631.97 , 1105.62 
 0.00 , 1461.38 , 988.23 
 0.00 , 1437.94 , 972.14 
 0.00 , 1484.05 , 1003.80 
 0.00 , 1482.21 , 1002.54 
2568.97 ,  0.00 , 2389.15 
 0.00 ,  0.00 ,  0.00 
 0.00 ,  0.00 ,  0.00 
 0.00 ,  0.00 ,  0.00 
 0.00 , 487.25 , 326.09 
 0.00 , 1014.04 , 682.45 
 0.00 , 1151.26 , 775.93 
 0.00 , 1329.94 , 898.08 
 0.00 , 6282.13 , 4480.00 
 0.00 , 2750.57 , 1886.12 
 0.00 , 1280.51 , 864.25 
 0.00 , 409.73 , 273.98 
 0.00 ,  0.00 ,  0.00 
 0.00 ,  0.00 ,  0.00 
 0.00 ,  0.00 ,  0.00 
 0.00 ,  0.00 ,  0.00 
 0.00 ,  0.00 ,  0.00 
 0.00 ,  0.00 ,  0.00 
 0.00 ,  0.00 ,  0.00 
 0.00 ,  0.00 ,  0.00 
2705.15 , 577.24 , 2902.73 
 0.00 , 957.21 , 643.81 
 0.00 , 1124.30 , 757.55 
 0.00 , 1228.41 , 828.62 
 0.00 ,  0.00 ,  0.00 
 0.00 ,  0.00 ,  0.00 
 0.00 ,  0.00 ,  0.00 
 0.00 ,  0.00 ,  0.00 
 0.00 , 432.45 , 289.24 
 0.00 , 1095.42 , 737.86 
 0.00 , 1306.06 , 881.73 
 0.00 , 1447.24 , 978.52 
 0.00 , 6282.13 , 4480.00 
 0.00 , 2719.51 , 1864.19 
 0.00 , 1122.41 , 756.25 
 0.00 , 396.23 , 264.92 
 0.00 , 260.74 , 174.08 
 0.00 , 185.47 , 123.72 
2511.91 ,  0.00 , 2336.07 
 0.00 ,  0.00 ,  0.00 
 0.00 ,  0.00 ,  0.00 
 0.00 ,  0.00 ,  0.00 
 0.00 ,  0.00 ,  0.00 
 0.00 , 378.25 , 252.85 
 0.00 , 1118.00 , 753.25 
 0.00 , 1232.28 , 831.26 
 0.00 , 1340.30 , 905.18 
 0.00 , 1437.49 , 971.83 
 0.00 ,  0.00 ,  0.00 
 0.00 ,  0.00 ,  0.00 
 0.00 ,  0.00 ,  0.00 
 0.00 ,  0.00 ,  0.00 
 0.00 , 732.60 , 491.56 
 0.00 , 971.46 , 653.49 
 0.00 , 1053.82 , 709.52 
 0.00 , 1121.14 , 755.39 
 0.00 , 6282.13 , 4480.00 
 0.00 , 2716.95 , 1862.38 
2684.89 , 2466.43 , 4188.03 
 0.00 , 2171.49 , 1479.71 
 0.00 , 1969.54 , 1339.17 
 0.00 , 1880.87 , 1277.65 
 0.00 , 1779.66 , 1207.59 
 0.00 , 1701.14 , 1153.33 
 0.00 , 1769.31 , 1200.43 
 0.00 , 1995.58 , 1357.25 
 0.00 , 1993.22 , 1355.62 
 0.00 , 1902.81 , 1292.87 
 0.00 , 1776.60 , 1205.47 
 0.00 , 1744.74 , 1183.44 
 0.00 , 1786.63 , 1212.41 
 0.00 , 1780.40 , 1208.10 
 0.00 ,  0.00 ,  0.00 
 0.00 ,  0.00 ,  0.00 
 0.00 ,  0.00 ,  0.00 
 0.00 , 330.78 , 221.00 
 0.00 , 1087.92 , 732.75 
 0.00 , 1174.16 , 791.56 
2526.14 , 1295.40 , 3225.01 
 0.00 , 1356.63 , 916.36 
 0.00 , 6282.13 , 4480.00 
 0.00 , 2766.57 , 1897.43 
 0.00 , 2001.29 , 1361.23 
 0.00 , 1569.29 , 1062.43 
 0.00 , 1619.97 , 1097.34 
 0.00 , 1568.52 , 1061.90 
 0.00 , 1265.72 , 854.13 
 0.00 , 969.55 , 652.20 
 0.00 , 938.12 , 630.85 
 0.00 , 1200.83 , 809.78 
 0.00 , 1489.93 , 1007.85 
 0.00 , 1648.33 , 1116.89 
 0.00 , 1589.56 , 1076.39 
2675.72 , 1632.62 , 3596.63 
 0.00 , 1642.41 , 1112.81 
 0.00 , 1700.88 , 1153.15 
 0.00 ,  0.00 ,  0.00 
 0.00 ,  0.00 ,  0.00 
 0.00 ,  0.00 ,  0.00 
 0.00 , 51.95 , 34.61 
 0.00 , 910.62 , 612.17 
 0.00 , 1050.94 , 707.56 
 0.00 , 1122.51 , 756.33 
 0.00 , 1235.67 , 833.58 
 0.00 , 6282.13 , 4480.00 
 0.00 , 2722.50 , 1866.30 
 0.00 , 2482.98 , 1697.68 
 0.00 , 1685.44 , 1142.50 
 0.00 , 660.24 , 442.67 
 0.00 , 721.33 , 483.94 
 0.00 , 1086.10 , 731.51 
 0.00 , 1156.60 , 779.58 
2563.22 , 1265.40 , 3238.92 
 0.00 , 1326.61 , 895.80 
 0.00 , 1405.21 , 949.68 
 0.00 , 1540.48 , 1042.60 
 0.00 , 1490.64 , 1008.33 
 0.00 , 1533.79 , 1038.01 
 0.00 , 1591.27 , 1077.57 
 0.00 , 1649.92 , 1117.99 
 0.00 ,  0.00 ,  0.00 
 0.00 ,  0.00 ,  0.00 
 0.00 ,  0.00 ,  0.00 
 0.00 , 262.05 , 174.96 
 0.00 , 1095.78 , 738.10 
 0.00 , 1297.04 , 875.55 
 0.00 , 1430.70 , 967.16 
 0.00 , 1552.34 , 1050.77 
 0.00 , 6282.13 , 4480.00 
 0.00 , 2742.22 , 1880.22 
 0.00 , 1741.20 , 1181.00 
2636.29 , 942.65 , 3086.36 
 0.00 , 671.46 , 450.25 
 0.00 , 72.64 , 48.40 
 0.00 ,  0.00 ,  0.00 
 0.00 ,  0.00 ,  0.00 
 0.00 ,  0.00 ,  0.00 
 0.00 ,  0.00 ,  0.00 
 0.00 ,  0.00 ,  0.00 
 0.00 , 975.09 , 655.96 
 0.00 , 1195.33 , 806.02 
 0.00 , 1292.41 , 872.39 
 0.00 , 1390.54 , 939.61 
 0.00 , 1480.94 , 1001.67 
 0.00 ,  0.00 ,  0.00 
 0.00 ,  0.00 ,  0.00 
 0.00 ,  0.00 ,  0.00 
 0.00 ,  0.00 ,  0.00 
 0.00 , 979.30 , 658.82 
 0.00 , 1217.37 , 821.07 
 0.00 , 1414.90 , 956.32 
 0.00 , 1602.04 , 1084.99 
2748.61 , 6234.98 , 7036.21 
 0.00 , 2127.39 , 1448.97 
 0.00 , 813.44 , 546.27 
 0.00 , 720.35 , 483.28 
 0.00 , 990.52 , 666.46 
 0.00 , 699.02 , 468.86 
 0.00 , 561.56 , 376.11 
 0.00 , 759.47 , 509.73 
 0.00 , 906.54 , 609.40 
 0.00 , 1268.90 , 856.30 
 0.00 , 1575.37 , 1066.62 
 0.00 , 1779.29 , 1207.33 
 0.00 , 1877.58 , 1275.37 
 0.00 , 1967.58 , 1337.81 
 0.00 , 2105.14 , 1433.47 
2622.54 , 2181.68 , 3929.59 
 0.00 ,  0.00 ,  0.00 
 0.00 ,  0.00 ,  0.00 
 0.00 , 246.23 , 164.36 
 0.00 , 1401.29 , 946.99 
 0.00 , 1506.16 , 1019.00 
 0.00 , 1589.68 , 1076.47 
 0.00 , 1713.25 , 1161.70 
 0.00 , 1773.77 , 1203.51 
 0.00 , 6282.13 , 4480.00 
 0.00 , 1427.81 , 965.18 
 0.00 , 220.51 , 147.16 
 0.00 ,  0.00 ,  0.00 
 0.00 ,  0.00 ,  0.00 
 0.00 ,  0.00 ,  0.00 
 0.00 ,  0.00 ,  0.00 
 0.00 ,  0.00 ,  0.00 
 0.00 ,  0.00 ,  0.00 
 0.00 ,  0.00 ,  0.00 
 0.00 ,  0.00 ,  0.00 
2645.89 ,  0.00 , 2460.68 
 0.00 , 37.56 , 25.02 
 0.00 , 1282.13 , 865.35 
 0.00 , 1466.08 , 991.46 
 0.00 , 1662.24 , 1126.49 
 0.00 ,  0.00 ,  0.00 
 0.00 ,  0.00 ,  0.00 
 0.00 ,  0.00 ,  0.00 
 0.00 , 666.14 , 446.65 
 0.00 , 1242.49 , 838.24 
 0.00 , 1351.35 , 912.74 
 0.00 , 1440.24 , 973.72 
 0.00 , 1514.41 , 1024.67 
 0.00 , 6282.13 , 4480.00 
 0.00 , 2912.33 , 2000.57 
 0.00 , 2004.42 , 1363.40 
 0.00 , 1028.52 , 692.30 
 0.00 , 590.03 , 395.30 
2562.47 , 536.26 , 2742.39 
 0.00 , 282.48 , 188.64 
 0.00 , 383.76 , 256.54 
 0.00 , 960.89 , 646.31 
 0.00 , 1359.57 , 918.38 
 0.00 , 1520.41 , 1028.80 
 0.00 , 1692.09 , 1147.08 
 0.00 , 1588.15 , 1075.42 
 0.00 , 1610.87 , 1091.07 
 0.00 , 1622.19 , 1098.87 
 0.00 , 1630.81 , 1104.81 
 0.00 ,  0.00 ,  0.00 
 0.00 ,  0.00 ,  0.00 
 0.00 ,  0.00 ,  0.00 
 0.00 ,  0.00 ,  0.00 
 0.00 , 755.77 , 507.23 
 0.00 , 996.92 , 670.80 
 0.00 , 1071.31 , 721.43 
 0.00 , 1132.31 , 763.01 
 0.00 , 6282.13 , 4480.00 
2625.54 , 2290.70 , 4008.92 
 0.00 , 1916.63 , 1302.45 
 0.00 , 1637.51 , 1109.44 
 0.00 , 1468.41 , 993.06 
 0.00 , 1410.79 , 953.50 
 0.00 , 696.43 , 467.11 
 0.00 , 414.16 , 276.96 
 0.00 , 810.07 , 543.99 
 0.00 , 1168.90 , 787.97 
 0.00 , 1422.35 , 961.44 
 0.00 , 1468.59 , 993.18 
 0.00 , 1365.00 , 922.10 
 0.00 , 1362.19 , 920.18 
 0.00 , 1416.88 , 957.68 
 0.00 , 1474.55 , 997.28 
2568.97 ,  0.00 , 2389.15 
 0.00 ,  0.00 ,  0.00 
 0.00 ,  0.00 ,  0.00 
 0.00 ,  0.00 ,  0.00 
 0.00 , 425.31 , 284.44 
 0.00 , 928.58 , 624.36 
 0.00 , 1007.64 , 678.09 
 0.00 , 1126.77 , 759.23 
 0.00 , 6282.13 , 4480.00 
 0.00 , 2693.39 , 1845.77 
 0.00 , 2236.87 , 1525.34 
 0.00 , 1886.18 , 1281.33 
 0.00 , 1701.51 , 1153.59 
 0.00 , 1814.23 , 1231.50 
 0.00 , 2061.70 , 1403.23 
 0.00 , 1945.49 , 1322.47 
 0.00 , 1551.59 , 1050.25 
 0.00 , 1572.64 , 1064.74 
 0.00 , 1726.49 , 1170.84 
 0.00 , 1746.41 , 1184.60 
2705.15 , 1661.28 , 3643.87 
 0.00 , 1704.42 , 1155.60 
 0.00 , 1754.51 , 1190.20 
 0.00 , 1806.66 , 1226.26 
 0.00 ,  0.00 ,  0.00 
 0.00 ,  0.00 ,  0.00 
 0.00 ,  0.00 ,  0.00 
 0.00 , 376.24 , 251.50 
 0.00 , 1121.64 , 755.73 
 0.00 , 1262.74 , 852.09 
 0.00 , 1389.89 , 939.16 
 0.00 , 1506.83 , 1019.46 
 0.00 , 6282.13 , 4480.00 
 0.00 , 2651.21 , 1816.03 
 0.00 , 1260.24 , 850.38 
 0.00 , 289.79 , 193.53 
 0.00 ,  0.00 ,  0.00 
 0.00 ,  0.00 ,  0.00 
2511.91 ,  0.00 , 2336.07 
 0.00 ,  0.00 ,  0.00 
 0.00 ,  0.00 ,  0.00 
 0.00 ,  0.00 ,  0.00 
 0.00 ,  2.81 ,  1.87 
 0.00 , 763.29 , 512.32 
 0.00 , 1040.16 , 700.23 
 0.00 , 1198.76 , 808.36 
 0.00 , 1293.87 , 873.39 
 0.00 , 1433.65 , 969.19 
 0.00 ,  0.00 ,  0.00 
 0.00 ,  0.00 ,  0.00 
 0.00 ,  0.00 ,  0.00 
 0.00 ,  0.00 ,  0.00 
 0.00 , 890.33 , 598.40 
 0.00 , 1215.99 , 820.13 
 0.00 , 1415.29 , 956.59 
 0.00 , 1548.47 , 1048.10 
 0.00 , 6282.13 , 4480.00 
 0.00 , 1480.76 , 1001.55 
2684.89 , 103.68 , 2566.06 
 0.00 ,  0.00 ,  0.00 
 0.00 ,  0.00 ,  0.00 
 0.00 ,  0.00 ,  0.00 
 0.00 ,  0.00 ,  0.00 
 0.00 ,  0.00 ,  0.00 
 0.00 ,  0.00 ,  0.00 
 0.00 ,  0.00 ,  0.00 
 0.00 ,  0.00 ,  0.00 
 0.00 ,  0.00 ,  0.00 
 0.00 ,  0.00 ,  0.00 
 0.00 ,  0.00 ,  0.00 
 0.00 ,  0.00 ,  0.00 
 0.00 ,  0.00 ,  0.00 
 0.00 ,  0.00 ,  0.00 
 0.00 ,  0.00 ,  0.00 
 0.00 ,  0.00 ,  0.00 
 0.00 ,  0.00 ,  0.00 
 0.00 ,  0.00 ,  0.00 
 0.00 ,  0.00 ,  0.00 
2526.14 , 290.34 , 2543.27 
 0.00 , 847.52 , 569.37 
 0.00 , 6282.13 , 4480.00 
 0.00 , 2346.35 , 1601.89 
 0.00 , 1966.59 , 1337.12 
 0.00 , 1184.44 , 798.58 
 0.00 , 344.16 , 229.97 
 0.00 ,  0.00 ,  0.00 
 0.00 ,  0.00 ,  0.00 
 0.00 ,  0.00 ,  0.00 
 0.00 ,  0.00 ,  0.00 
 0.00 ,  0.00 ,  0.00 
 0.00 ,  0.00 ,  0.00 
 0.00 ,  0.00 ,  0.00 
 0.00 ,  0.00 ,  0.00 
2675.72 ,  0.00 , 2488.42 
 0.00 ,  0.00 ,  0.00 
 0.00 , 208.48 , 139.11 
 0.00 ,  0.00 ,  0.00 
 0.00 ,  0.00 ,  0.00 
 0.00 ,  0.00 ,  0.00 
 0.00 ,  0.00 ,  0.00 
 0.00 ,  0.00 ,  0.00 
 0.00 ,  0.00 ,  0.00 
 0.00 , 204.28 , 136.30 
 0.00 , 831.64 , 558.60 
 0.00 , 6282.13 , 4480.00 
 0.00 , 1654.72 , 1121.30 
 0.00 , 324.75 , 216.96 
 0.00 ,  0.00 ,  0.00 
 0.00 ,  0.00 ,  0.00 
 0.00 ,  0.00 ,  0.00 
 0.00 ,  0.00 ,  0.00 
 0.00 ,  0.00 ,  0.00 
2563.22 ,  0.00 , 2383.79 
 0.00 ,  0.00 ,  0.00 
 0.00 ,  0.00 ,  0.00 
 0.00 ,  0.00 ,  0.00 
 0.00 ,  0.00 ,  0.00 
 0.00 ,  0.00 ,  0.00 
 0.00 ,  0.00 ,  0.00 
 0.00 ,  0.00 ,  0.00 
 0.00 ,  0.00 ,  0.00 
 0.00 ,  0.00 ,  0.00 
 0.00 ,  0.00 ,  0.00 
 0.00 ,  0.00 ,  0.00 
 0.00 ,  0.00 ,  0.00 
 0.00 ,  0.00 ,  0.00 
 0.00 ,  0.00 ,  0.00 
 0.00 ,  0.00 ,  0.00 
 0.00 , 4057.76 , 2822.66 
 0.00 ,  0.00 ,  0.00 
 0.00 ,  0.00 ,  0.00 
2636.29 ,  0.00 , 2451.75 
 0.00 ,  0.00 ,  0.00 
 0.00 ,  0.00 ,  0.00 
 0.00 ,  0.00 ,  0.00 
 0.00 ,  0.00 ,  0.00 
 0.00 ,  0.00 ,  0.00 
 0.00 ,  0.00 ,  0.00 
 0.00 ,  0.00 ,  0.00 
 0.00 ,  0.00 ,  0.00 
 0.00 ,  0.00 ,  0.00 
 0.00 ,  0.00 ,  0.00 
 0.00 ,  0.00 ,  0.00 
 0.00 ,  0.00 ,  0.00 
 0.00 ,  0.00 ,  0.00 
 0.00 ,  0.00 ,  0.00 
 0.00 ,  0.00 ,  0.00 
 0.00 ,  0.00 ,  0.00 
 0.00 ,  0.00 ,  0.00 
 0.00 ,  0.00 ,  0.00 
 0.00 ,  0.00 ,  0.00 
 0.00 ,  0.00 ,  0.00 
2748.61 , 4620.20 , 5809.21 
 0.00 , 268.69 , 179.40 
 0.00 ,  0.00 ,  0.00 
 0.00 ,  0.00 ,  0.00 
 0.00 ,  0.00 ,  0.00 
 0.00 ,  0.00 ,  0.00 
 0.00 ,  0.00 ,  0.00 
 0.00 ,  0.00 ,  0.00 
 0.00 ,  0.00 ,  0.00 
 0.00 ,  0.00 ,  0.00 
 0.00 ,  0.00 ,  0.00 
 0.00 ,  0.00 ,  0.00 
 0.00 ,  0.00 ,  0.00 
 0.00 ,  0.00 ,  0.00 
 0.00 ,  0.00 ,  0.00 
2622.54 ,  0.00 , 2438.96 
 0.00 ,  0.00 ,  0.00 
 0.00 ,  0.00 ,  0.00 
 0.00 ,  0.00 ,  0.00 
 0.00 ,  0.00 ,  0.00 
 0.00 ,  0.00 ,  0.00 
 0.00 ,  0.00 ,  0.00 
 0.00 ,  0.00 ,  0.00 
 0.00 ,  0.00 ,  0.00 
 0.00 , 3050.01 , 2098.29 
 0.00 ,  0.00 ,  0.00 
 0.00 ,  0.00 ,  0.00 
 0.00 ,  0.00 ,  0.00 
 0.00 ,  0.00 ,  0.00 
 0.00 ,  0.00 ,  0.00 
 0.00 ,  0.00 ,  0.00 
 0.00 ,  0.00 ,  0.00 
 0.00 ,  0.00 ,  0.00 
 0.00 ,  0.00 ,  0.00 
 0.00 ,  0.00 ,  0.00 
2645.89 ,  0.00 , 2460.68 
 0.00 ,  0.00 ,  0.00 
 0.00 ,  0.00 ,  0.00 
 0.00 ,  0.00 ,  0.00 
 0.00 ,  0.00 ,  0.00 
 0.00 ,  0.00 ,  0.00 
 0.00 ,  0.00 ,  0.00 
 0.00 ,  0.00 ,  0.00 
 0.00 ,  0.00 ,  0.00 
 0.00 ,  0.00 ,  0.00 
 0.00 ,  0.00 ,  0.00 
 0.00 ,  0.00 ,  0.00 
 0.00 ,  0.00 ,  0.00 
 0.00 , 3765.25 , 2610.75 
 0.00 ,  0.00 ,  0.00 
 0.00 ,  0.00 ,  0.00 
 0.00 ,  0.00 ,  0.00 
 0.00 ,  0.00 ,  0.00 
2562.47 ,  0.00 , 2383.10 
 0.00 ,  0.00 ,  0.00 
 0.00 ,  0.00 ,  0.00 
 0.00 ,  0.00 ,  0.00 
 0.00 ,  0.00 ,  0.00 
 0.00 ,  0.00 ,  0.00 
 0.00 ,  0.00 ,  0.00 
 0.00 ,  0.00 ,  0.00 
 0.00 ,  0.00 ,  0.00 
 0.00 , 308.53 , 206.09 
 0.00 , 666.48 , 446.88 
 0.00 ,  0.00 ,  0.00 
 0.00 ,  0.00 ,  0.00 
 0.00 ,  0.00 ,  0.00 
 0.00 ,  0.00 ,  0.00 
 0.00 ,  0.00 ,  0.00 
 0.00 ,  0.00 ,  0.00 
 0.00 ,  5.19 ,  3.46 
 0.00 , 671.04 , 449.96 
 0.00 , 6211.25 , 4425.90 
2625.54 , 512.33 , 2784.91 
 0.00 ,  0.00 ,  0.00 
 0.00 ,  0.00 ,  0.00 
 0.00 ,  0.00 ,  0.00 
 0.00 ,  0.00 ,  0.00 
 0.00 ,  0.00 ,  0.00 
 0.00 ,  0.00 ,  0.00 
 0.00 ,  0.00 ,  0.00 
 0.00 ,  0.00 ,  0.00 
 0.00 ,  0.00 ,  0.00 
 0.00 ,  0.00 ,  0.00 
 0.00 ,  0.00 ,  0.00 
 0.00 ,  0.00 ,  0.00 
 0.00 ,  0.00 ,  0.00 
 0.00 ,  0.00 ,  0.00 
2568.97 ,  0.00 , 2389.15 
 0.00 ,  0.00 ,  0.00 
 0.00 ,  0.00 ,  0.00 
 0.00 ,  0.00 ,  0.00 
 0.00 ,  0.00 ,  0.00 
 0.00 ,  0.00 ,  0.00 
 0.00 ,  0.00 ,  0.00 
 0.00 ,  0.00 ,  0.00 
 0.00 , 5780.67 , 4099.12 
 0.00 , 93.44 , 62.28 
 0.00 ,  0.00 ,  0.00 
 0.00 ,  0.00 ,  0.00 
 0.00 ,  0.00 ,  0.00 
 0.00 ,  0.00 ,  0.00 
 0.00 ,  0.00 ,  0.00 
 0.00 ,  0.00 ,  0.00 
 0.00 ,  0.00 ,  0.00 
 0.00 ,  0.00 ,  0.00 
 0.00 ,  0.00 ,  0.00 
 0.00 ,  0.00 ,  0.00 
2705.15 ,  0.00 , 2515.79 
 0.00 ,  0.00 ,  0.00 
 0.00 ,  0.00 ,  0.00 
 0.00 ,  0.00 ,  0.00 
 0.00 ,  0.00 ,  0.00 
 0.00 ,  0.00 ,  0.00 
 0.00 ,  0.00 ,  0.00 
 0.00 ,  0.00 ,  0.00 
 0.00 ,  0.00 ,  0.00 
 0.00 ,  0.00 ,  0.00 
 0.00 ,  0.00 ,  0.00 
 0.00 ,  0.00 ,  0.00 
 0.00 , 4151.12 , 2890.58 
 0.00 , 958.83 , 644.91 
 0.00 , 454.69 , 304.19 
 0.00 ,  0.00 ,  0.00 
 0.00 ,  0.00 ,  0.00 
 0.00 ,  0.00 ,  0.00 
2511.91 ,  0.00 , 2336.07 
 0.00 ,  0.00 ,  0.00 
 0.00 ,  0.00 ,  0.00 
 0.00 ,  0.00 ,  0.00 
 0.00 ,  0.00 ,  0.00 
 0.00 ,  0.00 ,  0.00 
 0.00 ,  0.00 ,  0.00 
 0.00 ,  0.00 ,  0.00 
 0.00 ,  0.00 ,  0.00 
 0.00 ,  0.00 ,  0.00 
 0.00 ,  0.00 ,  0.00 
 0.00 ,  0.00 ,  0.00 
 0.00 ,  0.00 ,  0.00 
 0.00 ,  0.00 ,  0.00 
 0.00 ,  0.00 ,  0.00 
 0.00 ,  0.00 ,  0.00 
 0.00 ,  0.00 ,  0.00 
 0.00 ,  0.00 ,  0.00 
 0.00 , 5650.53 , 4000.98 
 0.00 , 1252.04 , 844.77 
2684.89 ,  0.00 , 2496.95 
 0.00 ,  0.00 ,  0.00 
 0.00 ,  0.00 ,  0.00 
 0.00 ,  0.00 ,  0.00 
 0.00 ,  0.00 ,  0.00 
 0.00 ,  0.00 ,  0.00 
 0.00 ,  0.00 ,  0.00 
 0.00 ,  0.00 ,  0.00 
 0.00 ,  0.00 ,  0.00 
 0.00 ,  0.00 ,  0.00 
 0.00 ,  0.00 ,  0.00 
 0.00 ,  0.00 ,  0.00 
 0.00 ,  0.00 ,  0.00 
 0.00 ,  0.00 ,  0.00 
 0.00 ,  0.00 ,  0.00 
 0.00 ,  0.00 ,  0.00 
 0.00 ,  0.00 ,  0.00 
 0.00 ,  0.00 ,  0.00 
 0.00 ,  0.00 ,  0.00 
 0.00 ,  0.00 ,  0.00 
2526.14 ,  0.00 , 2349.31 
 0.00 ,  0.00 ,  0.00 
 0.00 , 3874.85 , 2689.99 
 0.00 , 1206.59 , 813.71 
 0.00 , 1007.75 , 678.17 
 0.00 , 762.47 , 511.77 
 0.00 , 553.33 , 370.57 
 0.00 , 803.30 , 539.40 
 0.00 , 872.89 , 586.57 
 0.00 , 693.59 , 465.19 
 0.00 , 694.92 , 466.09 
 0.00 , 851.88 , 572.32 
 0.00 , 883.05 , 593.46 
 0.00 , 892.95 , 600.18 
 0.00 , 704.82 , 472.78 
2675.72 , 749.81 , 2992.07 
 0.00 , 751.40 , 504.28 
 0.00 , 805.93 , 541.19 
 0.00 ,  0.00 ,  0.00 
 0.00 ,  0.00 ,  0.00 
 0.00 ,  0.00 ,  0.00 
 0.00 ,  0.00 ,  0.00 
 0.00 ,  0.00 ,  0.00 
 0.00 ,  0.00 ,  0.00 
 0.00 , 668.37 , 448.16 
 0.00 , 1124.18 , 757.46 
 0.00 , 6282.13 , 4480.00 
 0.00 , 360.10 , 240.66 
 0.00 ,  0.00 ,  0.00 
 0.00 ,  0.00 ,  0.00 
 0.00 ,  0.00 ,  0.00 
 0.00 ,  0.00 ,  0.00 
 0.00 ,  0.00 ,  0.00 
 0.00 ,  0.00 ,  0.00 
2563.22 ,  0.00 , 2383.79 
 0.00 ,  0.00 ,  0.00 
 0.00 ,  0.00 ,  0.00 
 0.00 ,  0.00 ,  0.00 
 0.00 ,  0.00 ,  0.00 
 0.00 ,  0.00 ,  0.00 
 0.00 ,  0.00 ,  0.00 
 0.00 ,  0.00 ,  0.00 
 0.00 ,  0.00 ,  0.00 
 0.00 ,  0.00 ,  0.00 
 0.00 ,  0.00 ,  0.00 
 0.00 ,  0.00 ,  0.00 
 0.00 ,  0.00 ,  0.00 
 0.00 ,  0.00 ,  0.00 
 0.00 ,  0.00 ,  0.00 
 0.00 ,  0.00 ,  0.00 
 0.00 , 5833.13 , 4138.77 
 0.00 , 1126.21 , 758.85 
 0.00 , 50.64 , 33.73 
2636.29 ,  0.00 , 2451.75 
 0.00 ,  0.00 ,  0.00 
 0.00 ,  0.00 ,  0.00 
 0.00 ,  0.00 ,  0.00 
 0.00 ,  0.00 ,  0.00 
 0.00 ,  0.00 ,  0.00 
 0.00 ,  0.00 ,  0.00 
 0.00 ,  0.00 ,  0.00 
 0.00 ,  0.00 ,  0.00 
 0.00 ,  0.00 ,  0.00 
 0.00 ,  0.00 ,  0.00 
 0.00 ,  0.00 ,  0.00 
 0.00 ,  0.00 ,  0.00 
 0.00 ,  0.00 ,  0.00 
 0.00 ,  0.00 ,  0.00 
 0.00 ,  0.00 ,  0.00 
 0.00 ,  0.00 ,  0.00 
 0.00 ,  0.00 ,  0.00 
 0.00 ,  0.00 ,  0.00 
 0.00 ,  0.00 ,  0.00 
 0.00 ,  0.00 ,  0.00 
2748.61 , 3195.77 , 4767.08 
 0.00 , 697.07 , 467.54 
 0.00 ,  0.00 ,  0.00 
 0.00 ,  0.00 ,  0.00 
 0.00 ,  0.00 ,  0.00 
 0.00 ,  0.00 ,  0.00 
 0.00 ,  0.00 ,  0.00 
 0.00 ,  0.00 ,  0.00 
 0.00 ,  0.00 ,  0.00 
 0.00 ,  0.00 ,  0.00 
 0.00 ,  0.00 ,  0.00 
 0.00 ,  0.00 ,  0.00 
 0.00 ,  0.00 ,  0.00 
 0.00 , 59.81 , 39.85 
 0.00 , 369.99 , 247.30 
2622.54 , 461.23 , 2747.71 
 0.00 ,  0.00 ,  0.00 
 0.00 ,  0.00 ,  0.00 
 0.00 ,  0.00 ,  0.00 
 0.00 ,  0.00 ,  0.00 
 0.00 ,  0.00 ,  0.00 
 0.00 ,  0.00 ,  0.00 
 0.00 ,  0.00 ,  0.00 
 0.00 ,  0.00 ,  0.00 
 0.00 , 5400.95 , 3813.56 
 0.00 , 1664.01 , 1127.71 
 0.00 , 1178.93 , 794.82 
 0.00 , 997.61 , 671.28 
 0.00 , 818.32 , 549.58 
 0.00 , 569.01 , 381.13 
 0.00 , 512.27 , 342.92 
 0.00 , 45.32 , 30.19 
 0.00 ,  0.00 ,  0.00 
 0.00 ,  0.00 ,  0.00 
 0.00 , 287.45 , 191.97 
2645.89 , 614.33 , 2872.66 
 0.00 , 564.83 , 378.31 
 0.00 , 656.24 , 439.97 
 0.00 , 728.59 , 488.85 
 0.00 , 798.49 , 536.15 
 0.00 ,  0.00 ,  0.00 
 0.00 ,  0.00 ,  0.00 
 0.00 ,  0.00 ,  0.00 
 0.00 ,  0.00 ,  0.00 
 0.00 ,  0.00 ,  0.00 
 0.00 ,  0.00 ,  0.00 
 0.00 ,  0.00 ,  0.00 
 0.00 , 380.99 , 254.68 
 0.00 , 6092.29 , 4335.31 
 0.00 , 1866.97 , 1268.03 
 0.00 , 1433.01 , 968.75 
 0.00 , 951.05 , 639.63 
 0.00 , 552.88 , 370.26 
2562.47 , 353.55 , 2619.46 
 0.00 ,  0.00 ,  0.00 
 0.00 ,  0.00 ,  0.00 
 0.00 ,  0.00 ,  0.00 
 0.00 ,  0.00 ,  0.00 
 0.00 ,  0.00 ,  0.00 
 0.00 ,  0.00 ,  0.00 
 0.00 ,  0.00 ,  0.00 
 0.00 ,  0.00 ,  0.00 
 0.00 , 218.96 , 146.12 
 0.00 , 492.49 , 329.61 
 0.00 ,  0.00 ,  0.00 
 0.00 ,  0.00 ,  0.00 
 0.00 ,  0.00 ,  0.00 
 0.00 ,  0.00 ,  0.00 
 0.00 ,  0.00 ,  0.00 
 0.00 ,  0.00 ,  0.00 
 0.00 ,  0.00 ,  0.00 
 0.00 ,  0.00 ,  0.00 
 0.00 , 5037.48 , 3542.49 
2625.54 , 847.04 , 3011.35 
 0.00 ,  0.00 ,  0.00 
 0.00 ,  0.00 ,  0.00 
 0.00 ,  0.00 ,  0.00 
 0.00 ,  0.00 ,  0.00 
 0.00 ,  0.00 ,  0.00 
 0.00 ,  0.00 ,  0.00 
 0.00 ,  0.00 ,  0.00 
 0.00 ,  0.00 ,  0.00 
 0.00 ,  0.00 ,  0.00 
 0.00 ,  0.00 ,  0.00 
 0.00 , 16.37 , 10.90 
 0.00 , 361.49 , 241.60 
 0.00 , 502.55 , 336.38 
 0.00 , 587.78 , 393.78 
2568.97 ,  0.00 , 2389.15 
 0.00 ,  0.00 ,  0.00 
 0.00 ,  0.00 ,  0.00 
 0.00 ,  0.00 ,  0.00 
 0.00 ,  0.00 ,  0.00 
 0.00 ,  0.00 ,  0.00 
 0.00 , 246.42 , 164.49 
 0.00 , 925.91 , 622.55 
 0.00 , 6282.13 , 4480.00 
 0.00 , 2361.34 , 1612.39 
 0.00 , 86.51 , 57.65 
 0.00 ,  0.00 ,  0.00 
 0.00 ,  0.00 ,  0.00 
 0.00 ,  0.00 ,  0.00 
 0.00 ,  0.00 ,  0.00 
 0.00 ,  0.00 ,  0.00 
 0.00 ,  0.00 ,  0.00 
 0.00 ,  0.00 ,  0.00 
 0.00 ,  0.00 ,  0.00 
 0.00 ,  0.00 ,  0.00 
2588.17 ,  0.00 , 2407.00 
 0.00 ,  0.00 ,  0.00 
 0.00 ,  0.00 ,  0.00 
 0.00 ,  0.00 ,  0.00 
 0.00 ,  0.00 ,  0.00 
 0.00 ,  0.00 ,  0.00 
 0.00 ,  0.00 ,  0.00 
 0.00 ,  0.00 ,  0.00 
 0.00 ,  0.00 ,  0.00 
 0.00 ,  0.00 ,  0.00 
 0.00 ,  0.00 ,  0.00 
 0.00 ,  0.00 ,  0.00 
 0.00 , 5864.11 , 4162.20 
 0.00 , 1980.26 , 1346.61 
 0.00 , 1712.52 , 1161.19 
 0.00 , 1379.20 , 931.84 
 0.00 , 1268.27 , 855.87 
 0.00 , 991.47 , 667.10 
 0.00 , 767.37 , 515.08 
2528.61 , 59.05 , 2390.95 
 0.00 , 173.82 , 115.94 
 0.00 , 407.31 , 272.36 
 0.00 , 383.18 , 256.16 
 0.00 , 442.42 , 295.94 
 0.00 , 354.32 , 236.79 
 0.00 , 701.12 , 470.28 
 0.00 , 830.26 , 557.67 
 0.00 , 908.79 , 610.93 
 0.00 ,  0.00 ,  0.00 
 0.00 ,  0.00 ,  0.00 
 0.00 ,  0.00 ,  0.00 
 0.00 ,  0.00 ,  0.00 
 0.00 ,  0.00 ,  0.00 
 0.00 , 66.16 , 44.08 
 0.00 , 848.03 , 569.71 
 0.00 , 995.74 , 670.00 
 0.00 , 6282.13 , 4480.00 
 0.00 , 2626.00 , 1798.27 
 0.00 , 1024.36 , 689.47 
2622.67 , 990.23 , 3106.10 
 0.00 , 274.57 , 183.34 
 0.00 , 706.63 , 474.01 
 0.00 , 369.22 , 246.79 
 0.00 , 302.79 , 202.24 
 0.00 , 986.78 , 663.91 
 0.00 , 1166.52 , 786.35 
 0.00 , 1247.62 , 841.75 
 0.00 , 1493.00 , 1009.95 
 0.00 , 1495.33 , 1011.56 
 0.00 , 1644.85 , 1114.50 
 0.00 , 1630.57 , 1104.65 
 0.00 , 1651.72 , 1119.23 
 0.00 ,  0.00 ,  0.00 
 0.00 ,  0.00 ,  0.00 
 0.00 ,  0.00 ,  0.00 
 0.00 ,  0.00 ,  0.00 
 0.00 , 69.01 , 45.98 
 0.00 , 497.10 , 332.71 
 0.00 , 509.69 , 341.18 
 0.00 , 508.76 , 340.56 
2630.74 , 6111.41 , 6829.26 
 0.00 , 1999.59 , 1360.04 
 0.00 , 1759.68 , 1193.77 
 0.00 , 1510.47 , 1021.97 
 0.00 , 1160.73 , 782.40 
 0.00 , 1158.42 , 780.82 
 0.00 , 1169.88 , 788.64 
 0.00 , 939.25 , 631.61 
 0.00 , 853.38 , 573.34 
 0.00 , 1158.71 , 781.02 
 0.00 , 1190.92 , 803.01 
 0.00 , 1051.52 , 707.96 
 0.00 , 944.21 , 634.98 
 0.00 , 997.08 , 670.91 
 0.00 , 983.05 , 661.38 
2502.56 , 975.66 , 2984.44 
 0.00 ,  0.00 ,  0.00 
 0.00 ,  0.00 ,  0.00 
 0.00 ,  0.00 ,  0.00 
 0.00 ,  0.00 ,  0.00 
 0.00 ,  0.00 ,  0.00 
 0.00 ,  0.00 ,  0.00 
 0.00 ,  0.00 ,  0.00 
 0.00 ,  0.00 ,  0.00 
 0.00 , 5353.71 , 3778.20 
 0.00 , 1543.34 , 1044.57 
 0.00 , 1192.97 , 804.40 
 0.00 , 1091.55 , 735.22 
 0.00 , 971.08 , 653.24 
 0.00 , 415.57 , 277.90 
 0.00 ,  0.00 ,  0.00 
 0.00 ,  0.00 ,  0.00 
 0.00 ,  0.00 ,  0.00 
 0.00 ,  0.00 ,  0.00 
 0.00 ,  0.00 ,  0.00 
2532.15 ,  0.00 , 2354.90 
 0.00 ,  0.00 ,  0.00 
 0.00 , 235.53 , 157.21 
 0.00 , 392.16 , 262.18 
 0.00 , 464.58 , 310.84 
 0.00 ,  0.00 ,  0.00 
 0.00 ,  0.00 ,  0.00 
 0.00 ,  0.00 ,  0.00 
 0.00 ,  0.00 ,  0.00 
 0.00 ,  0.00 ,  0.00 
 0.00 ,  0.00 ,  0.00 
 0.00 ,  0.00 ,  0.00 
 0.00 ,  0.00 ,  0.00 
 0.00 , 5478.73 , 3871.85 
 0.00 , 1816.95 , 1233.38 
 0.00 , 421.05 , 281.58 
 0.00 ,  0.00 ,  0.00 
 0.00 ,  0.00 ,  0.00 
 0.00 ,  0.00 ,  0.00 
2602.92 ,  0.00 , 2420.71 
 0.00 ,  0.00 ,  0.00 
 0.00 ,  0.00 ,  0.00 
 0.00 ,  0.00 ,  0.00 
 0.00 ,  0.00 ,  0.00 
 0.00 ,  0.00 ,  0.00 
 0.00 ,  0.00 ,  0.00 
 0.00 ,  0.00 ,  0.00 
 0.00 ,  0.00 ,  0.00 
 0.00 ,  0.00 ,  0.00 
 0.00 ,  0.00 ,  0.00 
 0.00 ,  0.00 ,  0.00 
 0.00 ,  0.00 ,  0.00 
 0.00 ,  0.00 ,  0.00 
 0.00 ,  0.00 ,  0.00 
 0.00 ,  0.00 ,  0.00 
 0.00 ,  0.00 ,  0.00 
 0.00 ,  0.00 ,  0.00 
 0.00 , 5440.75 , 3843.38 
 0.00 , 1514.88 , 1025.00 
2569.02 ,  0.00 , 2389.19 
 0.00 ,  0.00 ,  0.00 
 0.00 ,  0.00 ,  0.00 
 0.00 ,  0.00 ,  0.00 
 0.00 ,  0.00 ,  0.00 
 0.00 ,  0.00 ,  0.00 
 0.00 ,  0.00 ,  0.00 
 0.00 ,  0.00 ,  0.00 
 0.00 ,  0.00 ,  0.00 
 0.00 ,  0.00 ,  0.00 
 0.00 ,  0.00 ,  0.00 
 0.00 ,  0.00 ,  0.00 
 0.00 ,  0.00 ,  0.00 
 0.00 ,  0.00 ,  0.00 
 0.00 ,  0.00 ,  0.00 
 0.00 ,  0.00 ,  0.00 
 0.00 ,  0.00 ,  0.00 
 0.00 ,  0.00 ,  0.00 
 0.00 ,  0.00 ,  0.00 
 0.00 ,  0.00 ,  0.00 
 0.00 ,  0.00 ,  0.00 
2518.27 ,  0.00 , 2341.99 
 0.00 , 1727.63 , 1171.62 
 0.00 , 798.68 , 536.28 
 0.00 ,  0.00 ,  0.00 
 0.00 ,  0.00 ,  0.00 
 0.00 ,  0.00 ,  0.00 
 0.00 ,  0.00 ,  0.00 
 0.00 ,  0.00 ,  0.00 
 0.00 ,  0.00 ,  0.00 
 0.00 ,  0.00 ,  0.00 
 0.00 ,  0.00 ,  0.00 
 0.00 ,  0.00 ,  0.00 
 0.00 ,  0.00 ,  0.00 
 0.00 ,  0.00 ,  0.00 
 0.00 ,  0.00 ,  0.00 
2628.87 ,  0.00 , 2444.85 
 0.00 ,  0.00 ,  0.00 
 0.00 ,  0.00 ,  0.00 
 0.00 ,  0.00 ,  0.00 
 0.00 ,  0.00 ,  0.00 
 0.00 ,  0.00 ,  0.00 
 0.00 ,  0.00 ,  0.00 
 0.00 ,  0.00 ,  0.00 
 0.00 ,  0.00 ,  0.00 
 0.00 ,  0.00 ,  0.00 
 0.00 , 1163.65 , 784.39 
 0.00 , 502.87 , 336.60 
 0.00 ,  0.00 ,  0.00 
 0.00 ,  0.00 ,  0.00 
 0.00 ,  0.00 ,  0.00 
 0.00 ,  0.00 ,  0.00 
 0.00 ,  0.00 ,  0.00 
 0.00 ,  0.00 ,  0.00 
 0.00 ,  0.00 ,  0.00 
 0.00 ,  0.00 ,  0.00 
2529.56 ,  0.00 , 2352.49 
 0.00 ,  0.00 ,  0.00 
 0.00 ,  0.00 ,  0.00 
 0.00 ,  0.00 ,  0.00 
 0.00 ,  0.00 ,  0.00 
 0.00 ,  0.00 ,  0.00 
 0.00 ,  0.00 ,  0.00 
 0.00 ,  0.00 ,  0.00 
 0.00 ,  0.00 ,  0.00 
 0.00 ,  0.00 ,  0.00 
 0.00 ,  0.00 ,  0.00 
 0.00 ,  0.00 ,  0.00 
 0.00 ,  0.00 ,  0.00 
 0.00 ,  0.00 ,  0.00 
 0.00 , 2139.06 , 1457.10 
 0.00 ,  0.00 ,  0.00 
 0.00 ,  0.00 ,  0.00 
 0.00 ,  0.00 ,  0.00 
 0.00 ,  0.00 ,  0.00 
2601.27 ,  0.00 , 2419.18 
 0.00 ,  0.00 ,  0.00 
 0.00 ,  0.00 ,  0.00 
 0.00 ,  0.00 ,  0.00 
 0.00 ,  0.00 ,  0.00 
 0.00 ,  0.00 ,  0.00 
 0.00 ,  0.00 ,  0.00 
 0.00 ,  0.00 ,  0.00 
 0.00 ,  0.00 ,  0.00 
 0.00 ,  0.00 ,  0.00 
 0.00 ,  0.00 ,  0.00 
 0.00 ,  0.00 ,  0.00 
 0.00 ,  0.00 ,  0.00 
 0.00 ,  0.00 ,  0.00 
 0.00 ,  0.00 ,  0.00 
 0.00 ,  0.00 ,  0.00 
 0.00 ,  0.00 ,  0.00 
 0.00 ,  0.00 ,  0.00 
 0.00 ,  0.00 ,  0.00 
 0.00 ,  0.00 ,  0.00 
2512.91 ,  0.00 , 2337.01 
 0.00 ,  0.00 ,  0.00 
 0.00 ,  0.00 ,  0.00 
 0.00 ,  0.00 ,  0.00 
 0.00 ,  0.00 ,  0.00 
 0.00 ,  0.00 ,  0.00 
 0.00 ,  0.00 ,  0.00 
 0.00 ,  0.00 ,  0.00 
 0.00 ,  0.00 ,  0.00 
 0.00 ,  0.00 ,  0.00 
 0.00 ,  0.00 ,  0.00 
 0.00 ,  0.00 ,  0.00 
 0.00 ,  0.00 ,  0.00 
 0.00 ,  0.00 ,  0.00 
 0.00 ,  0.00 ,  0.00 
 0.00 ,  0.00 ,  0.00 
2497.66 ,  0.00 , 2322.82 
 0.00 ,  0.00 ,  0.00 
 0.00 ,  0.00 ,  0.00 
 0.00 ,  0.00 ,  0.00 
 0.00 ,  0.00 ,  0.00 
 0.00 ,  0.00 ,  0.00 
 0.00 ,  0.00 ,  0.00 
 0.00 , 1076.04 , 724.66 
 0.00 ,  0.00 ,  0.00 
 0.00 ,  0.00 ,  0.00 
 0.00 ,  0.00 ,  0.00 
 0.00 ,  0.00 ,  0.00 
 0.00 ,  0.00 ,  0.00 
 0.00 ,  0.00 ,  0.00 
 0.00 ,  0.00 ,  0.00 
 0.00 ,  0.00 ,  0.00 
 0.00 ,  0.00 ,  0.00 
 0.00 ,  0.00 ,  0.00 
 0.00 ,  0.00 ,  0.00 
2536.32 ,  0.00 , 2358.78 
 0.00 ,  0.00 ,  0.00 
 0.00 ,  0.00 ,  0.00 
 0.00 ,  0.00 ,  0.00 
 0.00 ,  0.00 ,  0.00 
 0.00 ,  0.00 ,  0.00 
 0.00 ,  0.00 ,  0.00 
 0.00 ,  0.00 ,  0.00 
 0.00 ,  0.00 ,  0.00 
 0.00 ,  0.00 ,  0.00 
 0.00 ,  0.00 ,  0.00 
 0.00 ,  0.00 ,  0.00 
 0.00 , 2311.62 , 1577.58 
 0.00 , 848.35 , 569.93 
 0.00 , 351.45 , 234.87 
 0.00 ,  0.00 ,  0.00 
 0.00 ,  0.00 ,  0.00 
 0.00 ,  0.00 ,  0.00 
 0.00 ,  0.00 ,  0.00 
2528.61 ,  0.00 , 2351.61 
 0.00 ,  0.00 ,  0.00 
 0.00 ,  0.00 ,  0.00 
 0.00 ,  0.00 ,  0.00 
 0.00 ,  0.00 ,  0.00 
 0.00 ,  0.00 ,  0.00 
 0.00 ,  0.00 ,  0.00 
 0.00 ,  0.00 ,  0.00 
 0.00 ,  0.00 ,  0.00 
 0.00 ,  0.00 ,  0.00 
 0.00 ,  0.00 ,  0.00 
 0.00 ,  0.00 ,  0.00 
 0.00 ,  0.00 ,  0.00 
 0.00 ,  0.00 ,  0.00 
 0.00 ,  0.00 ,  0.00 
 0.00 ,  0.00 ,  0.00 
 0.00 ,  0.00 ,  0.00 
 0.00 , 4837.74 , 3394.46 
 0.00 ,  0.00 ,  0.00 
 0.00 ,  0.00 ,  0.00 
2622.67 ,  0.00 , 2439.08 
 0.00 ,  0.00 ,  0.00 
 0.00 ,  0.00 ,  0.00 
 0.00 ,  0.00 ,  0.00 
 0.00 ,  0.00 ,  0.00 
 0.00 ,  0.00 ,  0.00 
 0.00 ,  0.00 ,  0.00 
 0.00 ,  0.00 ,  0.00 
 0.00 ,  0.00 ,  0.00 
 0.00 ,  0.00 ,  0.00 
 0.00 ,  0.00 ,  0.00 
 0.00 ,  0.00 ,  0.00 
 0.00 ,  0.00 ,  0.00 
 0.00 ,  0.00 ,  0.00 
 0.00 ,  0.00 ,  0.00 
 0.00 ,  0.00 ,  0.00 
 0.00 ,  0.00 ,  0.00 
 0.00 ,  0.00 ,  0.00 
 0.00 ,  0.00 ,  0.00 
 0.00 ,  0.00 ,  0.00 
 0.00 ,  0.00 ,  0.00 
2630.74 , 1518.18 , 3475.68 
 0.00 ,  0.00 ,  0.00 
 0.00 ,  0.00 ,  0.00 
 0.00 ,  0.00 ,  0.00 
 0.00 ,  0.00 ,  0.00 
 0.00 ,  0.00 ,  0.00 
 0.00 ,  0.00 ,  0.00 
 0.00 ,  0.00 ,  0.00 
 0.00 ,  0.00 ,  0.00 
 0.00 ,  0.00 ,  0.00 
 0.00 ,  0.00 ,  0.00 
 0.00 ,  0.00 ,  0.00 
 0.00 ,  0.00 ,  0.00 
 0.00 ,  0.00 ,  0.00 
 0.00 ,  0.00 ,  0.00 
2502.56 ,  0.00 , 2327.38 
 0.00 ,  0.00 ,  0.00 
 0.00 ,  0.00 ,  0.00 
 0.00 ,  0.00 ,  0.00 
 0.00 ,  0.00 ,  0.00 
 0.00 ,  0.00 ,  0.00 
 0.00 ,  0.00 ,  0.00 
 0.00 ,  0.00 ,  0.00 
 0.00 ,  0.00 ,  0.00 
 0.00 , 5301.76 , 3739.37 
 0.00 , 1479.68 , 1000.80 
 0.00 , 1434.32 , 969.65 
 0.00 , 335.16 , 223.94 
 0.00 ,  0.00 ,  0.00 
 0.00 ,  0.00 ,  0.00 
 0.00 ,  0.00 ,  0.00 
 0.00 ,  0.00 ,  0.00 
 0.00 ,  0.00 ,  0.00 
 0.00 ,  0.00 ,  0.00 
 0.00 ,  0.00 ,  0.00 
2532.15 ,  0.00 , 2354.90 
 0.00 ,  0.00 ,  0.00 
 0.00 ,  0.00 ,  0.00 
 0.00 ,  0.00 ,  0.00 
 0.00 ,  0.00 ,  0.00 
 0.00 ,  0.00 ,  0.00 
 0.00 ,  0.00 ,  0.00 
 0.00 ,  0.00 ,  0.00 
 0.00 ,  0.00 ,  0.00 
 0.00 ,  0.00 ,  0.00 
 0.00 ,  0.00 ,  0.00 
 0.00 ,  0.00 ,  0.00 
 0.00 ,  0.00 ,  0.00 
 0.00 , 4954.17 , 3480.66 
 0.00 , 597.98 , 400.66 
 0.00 , 356.33 , 238.14 
 0.00 ,  0.00 ,  0.00 
 0.00 ,  0.00 ,  0.00 
 0.00 ,  0.00 ,  0.00 
2602.92 ,  0.00 , 2420.71 
 0.00 ,  0.00 ,  0.00 
 0.00 ,  0.00 ,  0.00 
 0.00 ,  0.00 ,  0.00 
 0.00 ,  0.00 ,  0.00 
 0.00 ,  0.00 ,  0.00 
 0.00 ,  0.00 ,  0.00 
 0.00 ,  0.00 ,  0.00 
 0.00 ,  0.00 ,  0.00 
 0.00 ,  0.00 ,  0.00 
 0.00 ,  0.00 ,  0.00 
 0.00 ,  0.00 ,  0.00 
 0.00 ,  0.00 ,  0.00 
 0.00 ,  0.00 ,  0.00 
 0.00 ,  0.00 ,  0.00 
 0.00 ,  0.00 ,  0.00 
 0.00 ,  0.00 ,  0.00 
 0.00 , 77.37 , 51.56 
 0.00 , 6282.13 , 4480.00 
 0.00 , 1688.92 , 1144.90 
2569.02 , 680.12 , 2845.63 
 0.00 ,  0.00 ,  0.00 
 0.00 ,  0.00 ,  0.00 
 0.00 ,  0.00 ,  0.00 
 0.00 ,  0.00 ,  0.00 
 0.00 ,  0.00 ,  0.00 
 0.00 ,  0.00 ,  0.00 
 0.00 ,  0.00 ,  0.00 
 0.00 ,  0.00 ,  0.00 
 0.00 ,  0.00 ,  0.00 
 0.00 ,  0.00 ,  0.00 
 0.00 ,  0.00 ,  0.00 
 0.00 ,  0.00 ,  0.00 
 0.00 ,  0.00 ,  0.00 
 0.00 ,  0.00 ,  0.00 
 0.00 ,  0.00 ,  0.00 
 0.00 ,  0.00 ,  0.00 
 0.00 ,  0.00 ,  0.00 
 0.00 ,  0.00 ,  0.00 
 0.00 ,  0.00 ,  0.00 
 0.00 ,  0.00 ,  0.00 
2518.27 , 37.08 , 2366.69 
 0.00 , 6282.13 , 4480.00 
 0.00 , 487.31 , 326.13 
 0.00 ,  0.00 ,  0.00 
 0.00 ,  0.00 ,  0.00 
 0.00 ,  0.00 ,  0.00 
 0.00 ,  0.00 ,  0.00 
 0.00 ,  0.00 ,  0.00 
 0.00 ,  0.00 ,  0.00 
 0.00 ,  0.00 ,  0.00 
 0.00 ,  0.00 ,  0.00 
 0.00 ,  0.00 ,  0.00 
 0.00 ,  0.00 ,  0.00 
 0.00 ,  0.00 ,  0.00 
 0.00 ,  0.00 ,  0.00 
2628.87 ,  0.00 , 2444.85 
 0.00 ,  0.00 ,  0.00 
 0.00 ,  0.00 ,  0.00 
 0.00 ,  0.00 ,  0.00 
 0.00 ,  0.00 ,  0.00 
 0.00 ,  0.00 ,  0.00 
 0.00 ,  0.00 ,  0.00 
 0.00 ,  0.00 ,  0.00 
 0.00 ,  0.00 ,  0.00 
 0.00 ,  0.00 ,  0.00 
 0.00 , 5651.32 , 4001.58 
 0.00 , 1774.74 , 1204.18 
 0.00 , 553.19 , 370.47 
 0.00 , 969.35 , 652.06 
 0.00 , 997.87 , 671.45 
 0.00 , 459.16 , 307.19 
 0.00 , 119.63 , 79.75 
 0.00 , 222.51 , 148.49 
 0.00 , 671.11 , 450.01 
 0.00 , 553.07 , 370.39 
2529.56 , 329.42 , 2572.65 
 0.00 , 306.97 , 205.04 
 0.00 , 222.19 , 148.28 
 0.00 , 572.66 , 383.59 
 0.00 , 763.26 , 512.30 
 0.00 , 889.61 , 597.91 
 0.00 ,  0.00 ,  0.00 
 0.00 ,  0.00 ,  0.00 
 0.00 ,  0.00 ,  0.00 
 0.00 ,  0.00 ,  0.00 
 0.00 ,  0.00 ,  0.00 
 0.00 ,  0.00 ,  0.00 
 0.00 , 710.18 , 476.40 
 0.00 , 945.10 , 635.58 
 0.00 , 6282.13 , 4480.00 
 0.00 , 2239.44 , 1527.13 
 0.00 , 1591.03 , 1077.40 
 0.00 , 964.78 , 648.95 
 0.00 , 87.21 , 58.11 
2601.27 , 332.69 , 2641.55 
 0.00 , 252.03 , 168.24 
 0.00 ,  0.00 ,  0.00 
 0.00 ,  0.00 ,  0.00 
 0.00 ,  0.00 ,  0.00 
 0.00 ,  0.00 ,  0.00 
 0.00 ,  0.00 ,  0.00 
 0.00 ,  0.00 ,  0.00 
 0.00 , 92.81 , 61.85 
 0.00 , 773.42 , 519.18 
 0.00 , 872.64 , 586.40 
 0.00 ,  0.00 ,  0.00 
 0.00 ,  0.00 ,  0.00 
 0.00 ,  0.00 ,  0.00 
 0.00 ,  0.00 ,  0.00 
 0.00 ,  0.00 ,  0.00 
 0.00 , 310.29 , 207.27 
 0.00 , 830.84 , 558.06 
 0.00 , 1030.87 , 693.90 
 0.00 , 6282.13 , 4480.00 
2512.91 , 1862.63 , 3604.66 
 0.00 , 779.11 , 523.03 
 0.00 , 376.43 , 251.62 
 0.00 ,  0.00 ,  0.00 
 0.00 ,  0.00 ,  0.00 
 0.00 ,  0.00 ,  0.00 
 0.00 ,  0.00 ,  0.00 
 0.00 ,  0.00 ,  0.00 
 0.00 ,  0.00 ,  0.00 
 0.00 ,  0.00 ,  0.00 
 0.00 ,  0.00 ,  0.00 
 0.00 ,  0.00 ,  0.00 
 0.00 ,  0.00 ,  0.00 
 0.00 ,  0.00 ,  0.00 
 0.00 ,  0.00 ,  0.00 
 0.00 ,  0.00 ,  0.00 
2497.66 ,  0.00 , 2322.82 
 0.00 ,  0.00 ,  0.00 
 0.00 ,  0.00 ,  0.00 
 0.00 ,  0.00 ,  0.00 
 0.00 ,  0.00 ,  0.00 
 0.00 ,  0.00 ,  0.00 
 0.00 , 55.36 , 36.88 
 0.00 , 6282.13 , 4480.00 
 0.00 , 1191.76 , 803.58 
 0.00 ,  0.00 ,  0.00 
 0.00 ,  0.00 ,  0.00 
 0.00 ,  0.00 ,  0.00 
 0.00 ,  0.00 ,  0.00 
 0.00 ,  0.00 ,  0.00 
 0.00 ,  0.00 ,  0.00 
 0.00 ,  0.00 ,  0.00 
 0.00 ,  0.00 ,  0.00 
 0.00 ,  0.00 ,  0.00 
 0.00 ,  0.00 ,  0.00 
2536.32 ,  0.00 , 2358.78 
 0.00 ,  0.00 ,  0.00 
 0.00 ,  0.00 ,  0.00 
 0.00 ,  0.00 ,  0.00 
 0.00 ,  0.00 ,  0.00 
 0.00 ,  0.00 ,  0.00 
 0.00 ,  0.00 ,  0.00 
 0.00 ,  0.00 ,  0.00 
 0.00 ,  0.00 ,  0.00 
 0.00 ,  0.00 ,  0.00 
 0.00 ,  0.00 ,  0.00 
 0.00 ,  0.00 ,  0.00 
 0.00 , 5418.39 , 3826.62 
 0.00 , 1842.57 , 1251.12 
 0.00 , 752.33 , 504.91 
 0.00 ,  0.00 ,  0.00 
 0.00 ,  0.00 ,  0.00 
 0.00 ,  0.00 ,  0.00 
 0.00 ,  0.00 ,  0.00 
2528.61 ,  0.00 , 2351.61 
 0.00 ,  0.00 ,  0.00 
 0.00 ,  0.00 ,  0.00 
 0.00 ,  0.00 ,  0.00 
 0.00 ,  0.00 ,  0.00 
 0.00 ,  0.00 ,  0.00 
 0.00 ,  0.00 ,  0.00 
 0.00 ,  0.00 ,  0.00 
 0.00 ,  0.00 ,  0.00 
 0.00 ,  0.00 ,  0.00 
 0.00 ,  0.00 ,  0.00 
 0.00 ,  0.00 ,  0.00 
 0.00 ,  0.00 ,  0.00 
 0.00 ,  0.00 ,  0.00 
 0.00 ,  0.00 ,  0.00 
 0.00 ,  0.00 ,  0.00 
 0.00 ,  0.00 ,  0.00 
 0.00 , 4452.98 , 3111.15 
 0.00 , 1595.97 , 1080.80 
 0.00 , 1239.80 , 836.40 
2622.67 ,  0.00 , 2439.08 
 0.00 ,  0.00 ,  0.00 
 0.00 , 125.25 , 83.50 
 0.00 ,  0.00 ,  0.00 
 0.00 ,  0.00 ,  0.00 
 0.00 ,  0.00 ,  0.00 
 0.00 ,  0.00 ,  0.00 
 0.00 ,  0.00 ,  0.00 
 0.00 ,  0.00 ,  0.00 
 0.00 ,  0.00 ,  0.00 
 0.00 ,  0.00 ,  0.00 
 0.00 ,  0.00 ,  0.00 
 0.00 ,  0.71 ,  0.47 
 0.00 ,  0.00 ,  0.00 
 0.00 ,  0.00 ,  0.00 
 0.00 ,  0.00 ,  0.00 
 0.00 ,  0.00 ,  0.00 
 0.00 ,  0.00 ,  0.00 
 0.00 ,  0.00 ,  0.00 
 0.00 ,  0.00 ,  0.00 
 0.00 ,  0.00 ,  0.00 
2630.74 , 5124.26 , 6076.14 
 0.00 , 1262.20 , 851.72 
 0.00 , 997.89 , 671.46 
 0.00 , 860.19 , 577.96 
 0.00 , 75.41 , 50.25 
 0.00 ,  0.00 ,  0.00 
 0.00 ,  0.00 ,  0.00 
 0.00 ,  0.00 ,  0.00 
 0.00 ,  0.00 ,  0.00 
 0.00 ,  0.00 ,  0.00 
 0.00 , 153.37 , 102.28 
 0.00 , 511.48 , 342.39 
 0.00 , 389.19 , 260.18 
 0.00 , 562.02 , 376.42 
 0.00 , 690.60 , 463.17 
2502.56 , 704.95 , 2800.62 
 0.00 ,  0.00 ,  0.00 
 0.00 ,  0.00 ,  0.00 
 0.00 ,  0.00 ,  0.00 
 0.00 ,  0.00 ,  0.00 
 0.00 ,  0.00 ,  0.00 
 0.00 ,  0.00 ,  0.00 
 0.00 ,  0.00 ,  0.00 
 0.00 ,  0.00 ,  0.00 
 0.00 , 5646.10 , 3997.64 
 0.00 , 1680.85 , 1139.33 
 0.00 , 347.39 , 232.14 
 0.00 , 457.22 , 305.89 
 0.00 , 477.16 , 319.29 
 0.00 , 233.02 , 155.53 
 0.00 ,  0.00 ,  0.00 
 0.00 ,  0.00 ,  0.00 
 0.00 ,  0.00 ,  0.00 
 0.00 ,  0.00 ,  0.00 
 0.00 ,  0.00 ,  0.00 
2532.15 ,  0.00 , 2354.90 
 0.00 ,  0.00 ,  0.00 
 0.00 ,  0.00 ,  0.00 
 0.00 , 261.99 , 174.92 
 0.00 , 544.51 , 364.63 
 0.00 ,  0.00 ,  0.00 
 0.00 ,  0.00 ,  0.00 
 0.00 ,  0.00 ,  0.00 
 0.00 ,  0.00 ,  0.00 
 0.00 ,  0.00 ,  0.00 
 0.00 ,  0.00 ,  0.00 
 0.00 ,  0.00 ,  0.00 
 0.00 , 467.67 , 312.91 
 0.00 , 6237.00 , 4445.55 
 0.00 , 1565.64 , 1059.92 
 0.00 , 1505.78 , 1018.74 
 0.00 , 1115.14 , 751.30 
 0.00 , 396.42 , 265.04 
 0.00 ,  0.00 ,  0.00 
2602.92 ,  0.00 , 2420.71 
 0.00 ,  0.00 ,  0.00 
 0.00 ,  0.00 ,  0.00 
 0.00 ,  0.00 ,  0.00 
 0.00 ,  0.00 ,  0.00 
 0.00 ,  0.00 ,  0.00 
 0.00 ,  0.00 ,  0.00 
 0.00 ,  0.00 ,  0.00 
 0.00 ,  0.00 ,  0.00 
 0.00 ,  0.00 ,  0.00 
 0.00 ,  0.00 ,  0.00 
 0.00 ,  0.00 ,  0.00 
 0.00 ,  0.00 ,  0.00 
 0.00 ,  0.00 ,  0.00 
 0.00 ,  0.00 ,  0.00 
 0.00 ,  0.00 ,  0.00 
 0.00 ,  0.00 ,  0.00 
 0.00 , 624.00 , 418.21 
 0.00 , 6282.13 , 4480.00 
 0.00 , 1933.13 , 1313.90 
2569.02 , 1446.63 , 3368.90 
 0.00 , 1033.71 , 695.83 
 0.00 , 514.58 , 344.48 
 0.00 , 84.80 , 56.51 
 0.00 , 113.06 , 75.37 
 0.00 , 201.70 , 134.58 
 0.00 ,  0.00 ,  0.00 
 0.00 ,  0.00 ,  0.00 
 0.00 ,  0.00 ,  0.00 
 0.00 ,  0.00 ,  0.00 
 0.00 , 533.73 , 357.37 
 0.00 , 864.84 , 581.11 
 0.00 , 1058.30 , 712.57 
 0.00 , 1207.57 , 814.38 
 0.00 ,  0.00 ,  0.00 
 0.00 ,  0.00 ,  0.00 
 0.00 ,  0.00 ,  0.00 
 0.00 ,  0.00 ,  0.00 
 0.00 , 372.04 , 248.68 
 0.00 , 912.55 , 613.48 
 0.00 , 1060.20 , 713.86 
2518.27 , 1193.31 , 3147.69 
 0.00 , 6282.13 , 4480.00 
 0.00 , 2061.28 , 1402.94 
 0.00 , 1485.68 , 1004.92 
 0.00 , 1300.62 , 878.00 
 0.00 , 997.18 , 670.98 
 0.00 , 931.06 , 626.05 
 0.00 , 540.25 , 361.76 
 0.00 ,  0.00 ,  0.00 
 0.00 , 170.10 , 113.45 
 0.00 , 263.76 , 176.10 
 0.00 , 608.15 , 407.52 
 0.00 , 725.77 , 486.94 
 0.00 , 856.19 , 575.25 
 0.00 , 1213.79 , 818.63 
2628.87 , 1388.17 , 3384.35 
 0.00 , 1467.81 , 992.65 
 0.00 ,  0.00 ,  0.00 
 0.00 ,  0.00 ,  0.00 
 0.00 ,  0.00 ,  0.00 
 0.00 ,  0.00 ,  0.00 
 0.00 , 479.60 , 320.94 
 0.00 , 840.10 , 564.34 
 0.00 , 920.75 , 619.05 
 0.00 , 987.44 , 664.36 
 0.00 , 6282.13 , 4480.00 
 0.00 , 689.35 , 462.33 
 0.00 ,  0.00 ,  0.00 
 0.00 ,  0.00 ,  0.00 
 0.00 ,  0.00 ,  0.00 
 0.00 ,  0.00 ,  0.00 
 0.00 ,  0.00 ,  0.00 
 0.00 ,  0.00 ,  0.00 
 0.00 ,  0.00 ,  0.00 
 0.00 ,  0.00 ,  0.00 
 0.00 ,  0.00 ,  0.00 
2609.54 ,  0.00 , 2426.87 
 0.00 ,  0.00 ,  0.00 
 0.00 ,  0.00 ,  0.00 
 0.00 ,  0.00 ,  0.00 
 0.00 ,  0.00 ,  0.00 
 0.00 ,  0.00 ,  0.00 
 0.00 ,  0.00 ,  0.00 
 0.00 ,  0.00 ,  0.00 
 0.00 ,  0.00 ,  0.00 
 0.00 ,  0.00 ,  0.00 
 0.00 ,  0.00 ,  0.00 
 0.00 ,  0.00 ,  0.00 
 0.00 ,  0.00 ,  0.00 
 0.00 , 5369.38 , 3789.92 
 0.00 , 731.14 , 490.58 
 0.00 ,  0.00 ,  0.00 
 0.00 ,  0.00 ,  0.00 
 0.00 ,  0.00 ,  0.00 
 0.00 ,  0.00 ,  0.00 
2521.96 ,  0.00 , 2345.42 
 0.00 ,  0.00 ,  0.00 
 0.00 ,  0.00 ,  0.00 
 0.00 ,  0.00 ,  0.00 
 0.00 ,  0.00 ,  0.00 
 0.00 ,  0.00 ,  0.00 
 0.00 ,  0.00 ,  0.00 
 0.00 ,  0.00 ,  0.00 
 0.00 ,  0.00 ,  0.00 
 0.00 ,  0.00 ,  0.00 
 0.00 ,  0.00 ,  0.00 
 0.00 ,  0.00 ,  0.00 
 0.00 ,  0.00 ,  0.00 
 0.00 ,  0.00 ,  0.00 
 0.00 ,  0.00 ,  0.00 
 0.00 ,  0.00 ,  0.00 
 0.00 ,  0.00 ,  0.00 
 0.00 ,  0.00 ,  0.00 
 0.00 , 3083.52 , 2122.12 
 0.00 , 646.22 , 433.20 
 0.00 , 108.99 , 72.65 
2663.32 ,  0.00 , 2476.89 
 0.00 ,  0.00 ,  0.00 
 0.00 ,  0.00 ,  0.00 
 0.00 ,  0.00 ,  0.00 
 0.00 ,  0.00 ,  0.00 
 0.00 ,  0.00 ,  0.00 
 0.00 ,  0.00 ,  0.00 
 0.00 ,  0.00 ,  0.00 
 0.00 ,  0.00 ,  0.00 
 0.00 ,  0.00 ,  0.00 
 0.00 ,  0.00 ,  0.00 
 0.00 ,  0.00 ,  0.00 
 0.00 ,  0.00 ,  0.00 
 0.00 ,  0.00 ,  0.00 
 0.00 ,  0.00 ,  0.00 
 0.00 ,  0.00 ,  0.00 
 0.00 ,  0.00 ,  0.00 
 0.00 ,  0.00 ,  0.00 
 0.00 ,  0.00 ,  0.00 
 0.00 ,  0.00 ,  0.00 
 0.00 ,  0.00 ,  0.00 
2550.83 , 3454.36 , 4768.80 
 0.00 ,  0.00 ,  0.00 
 0.00 ,  0.00 ,  0.00 
 0.00 ,  0.00 ,  0.00 
 0.00 ,  0.00 ,  0.00 
 0.00 ,  0.00 ,  0.00 
 0.00 ,  0.00 ,  0.00 
 0.00 ,  0.00 ,  0.00 
 0.00 ,  0.00 ,  0.00 
 0.00 ,  0.00 ,  0.00 
 0.00 ,  0.00 ,  0.00 
 0.00 ,  0.00 ,  0.00 
 0.00 ,  0.00 ,  0.00 
 0.00 ,  0.00 ,  0.00 
 0.00 ,  0.00 ,  0.00 
 0.00 ,  0.00 ,  0.00 
2568.71 ,  0.00 , 2388.90 
 0.00 ,  0.00 ,  0.00 
 0.00 ,  0.00 ,  0.00 
 0.00 ,  0.00 ,  0.00 
 0.00 ,  0.00 ,  0.00 
 0.00 ,  0.00 ,  0.00 
 0.00 ,  0.00 ,  0.00 
 0.00 ,  0.00 ,  0.00 
 0.00 , 972.65 , 654.30 
 0.00 ,  0.00 ,  0.00 
 0.00 ,  0.00 ,  0.00 
 0.00 ,  0.00 ,  0.00 
 0.00 ,  0.00 ,  0.00 
 0.00 ,  0.00 ,  0.00 
 0.00 ,  0.00 ,  0.00 
 0.00 ,  0.00 ,  0.00 
 0.00 ,  0.00 ,  0.00 
 0.00 ,  0.00 ,  0.00 
 0.00 ,  0.00 ,  0.00 
 0.00 ,  0.00 ,  0.00 
2508.87 ,  0.00 , 2333.25 
 0.00 ,  0.00 ,  0.00 
 0.00 ,  0.00 ,  0.00 
 0.00 ,  0.00 ,  0.00 
 0.00 ,  0.00 ,  0.00 
 0.00 ,  0.00 ,  0.00 
 0.00 ,  0.00 ,  0.00 
 0.00 ,  0.00 ,  0.00 
 0.00 ,  0.00 ,  0.00 
 0.00 ,  0.00 ,  0.00 
 0.00 ,  0.00 ,  0.00 
 0.00 ,  0.00 ,  0.00 
 0.00 , 766.10 , 514.22 
 0.00 ,  0.00 ,  0.00 
 0.00 ,  0.00 ,  0.00 
 0.00 ,  0.00 ,  0.00 
 0.00 ,  0.00 ,  0.00 
 0.00 ,  0.00 ,  0.00 
 0.00 ,  0.00 ,  0.00 
 0.00 ,  0.00 ,  0.00 
2546.59 ,  0.00 , 2368.33 
 0.00 ,  0.00 ,  0.00 
 0.00 ,  0.00 ,  0.00 
 0.00 ,  0.00 ,  0.00 
 0.00 ,  0.00 ,  0.00 
 0.00 ,  0.00 ,  0.00 
 0.00 ,  0.00 ,  0.00 
 0.00 ,  0.00 ,  0.00 
 0.00 ,  0.00 ,  0.00 
 0.00 ,  0.00 ,  0.00 
 0.00 ,  0.00 ,  0.00 
 0.00 ,  0.00 ,  0.00 
 0.00 ,  0.00 ,  0.00 
 0.00 ,  0.00 ,  0.00 
 0.00 ,  0.00 ,  0.00 
 0.00 ,  0.00 ,  0.00 
 0.00 , 105.00 , 69.99 
 0.00 , 430.24 , 287.76 
 0.00 ,  0.00 ,  0.00 
 0.00 ,  0.00 ,  0.00 
2616.88 ,  0.00 , 2433.70 
 0.00 ,  0.00 ,  0.00 
 0.00 ,  0.00 ,  0.00 
 0.00 ,  0.00 ,  0.00 
 0.00 ,  0.00 ,  0.00 
 0.00 ,  0.00 ,  0.00 
 0.00 ,  0.00 ,  0.00 
 0.00 ,  0.00 ,  0.00 
 0.00 ,  0.00 ,  0.00 
 0.00 ,  0.00 ,  0.00 
 0.00 ,  0.00 ,  0.00 
 0.00 ,  0.00 ,  0.00 
 0.00 ,  0.00 ,  0.00 
 0.00 ,  0.00 ,  0.00 
 0.00 ,  0.00 ,  0.00 
 0.00 ,  0.00 ,  0.00 
 0.00 ,  0.00 ,  0.00 
 0.00 ,  0.00 ,  0.00 
 0.00 ,  0.00 ,  0.00 
 0.00 ,  0.00 ,  0.00 
 0.00 , 2900.65 , 1992.29 
2581.41 ,  0.00 , 2400.71 
 0.00 ,  0.00 ,  0.00 
 0.00 ,  0.00 ,  0.00 
 0.00 ,  0.00 ,  0.00 
 0.00 ,  0.00 ,  0.00 
 0.00 ,  0.00 ,  0.00 
 0.00 ,  0.00 ,  0.00 
 0.00 ,  0.00 ,  0.00 
 0.00 ,  0.00 ,  0.00 
 0.00 ,  0.00 ,  0.00 
 0.00 ,  0.00 ,  0.00 
 0.00 ,  0.00 ,  0.00 
 0.00 ,  0.00 ,  0.00 
 0.00 ,  0.00 ,  0.00 
 0.00 ,  0.00 ,  0.00 
 0.00 ,  0.00 ,  0.00 
 0.00 ,  0.00 ,  0.00 
 0.00 ,  0.00 ,  0.00 
 0.00 ,  0.00 ,  0.00 
 0.00 ,  0.00 ,  0.00 
 0.00 ,  0.00 ,  0.00 
2538.24 ,  0.00 , 2360.56 
 0.00 ,  0.00 ,  0.00 
 0.00 , 3106.89 , 2138.75 
 0.00 ,  0.00 ,  0.00 
 0.00 ,  0.00 ,  0.00 
 0.00 ,  0.00 ,  0.00 
 0.00 ,  0.00 ,  0.00 
 0.00 ,  0.00 ,  0.00 
 0.00 ,  0.00 ,  0.00 
 0.00 ,  0.00 ,  0.00 
 0.00 ,  0.00 ,  0.00 
 0.00 ,  0.00 ,  0.00 
 0.00 ,  0.00 ,  0.00 
 0.00 ,  0.00 ,  0.00 
 0.00 ,  0.00 ,  0.00 
 0.00 ,  0.00 ,  0.00 
2642.46 ,  0.00 , 2457.49 
 0.00 ,  0.00 ,  0.00 
 0.00 ,  0.00 ,  0.00 
 0.00 ,  0.00 ,  0.00 
 0.00 ,  0.00 ,  0.00 
 0.00 ,  0.00 ,  0.00 
 0.00 ,  0.00 ,  0.00 
 0.00 ,  0.00 ,  0.00 
 0.00 ,  0.00 ,  0.00 
 0.00 ,  0.00 ,  0.00 
 0.00 , 3619.16 , 2505.42 
 0.00 , 810.54 , 544.31 
 0.00 ,  0.00 ,  0.00 
 0.00 ,  0.00 ,  0.00 
 0.00 ,  0.00 ,  0.00 
 0.00 , 243.49 , 162.53 
 0.00 , 132.38 , 88.26 
 0.00 ,  0.00 ,  0.00 
 0.00 ,  0.00 ,  0.00 
 0.00 ,  0.00 ,  0.00 
 0.00 ,  0.00 ,  0.00 
2599.90 ,  0.00 , 2417.91 
 0.00 ,  0.00 ,  0.00 
 0.00 ,  0.00 ,  0.00 
 0.00 , 53.70 , 35.77 
 0.00 , 481.90 , 322.48 
 0.00 ,  0.00 ,  0.00 
 0.00 ,  0.00 ,  0.00 
 0.00 ,  0.00 ,  0.00 
 0.00 ,  0.00 ,  0.00 
 0.00 ,  0.00 ,  0.00 
 0.00 ,  0.00 ,  0.00 
 0.00 ,  0.00 ,  0.00 
 0.00 ,  0.00 ,  0.00 
 0.00 , 5169.24 , 3640.50 
 0.00 , 1332.24 , 899.65 
 0.00 , 355.47 , 237.56 
 0.00 ,  0.00 ,  0.00 
 0.00 ,  0.00 ,  0.00 
 0.00 ,  0.00 ,  0.00 
2521.96 ,  0.00 , 2345.42 
 0.00 ,  0.00 ,  0.00 
 0.00 ,  0.00 ,  0.00 
 0.00 ,  0.00 ,  0.00 
 0.00 ,  0.00 ,  0.00 
 0.00 ,  0.00 ,  0.00 
 0.00 ,  0.00 ,  0.00 
 0.00 ,  0.00 ,  0.00 
 0.00 ,  0.00 ,  0.00 
 0.00 ,  0.00 ,  0.00 
 0.00 ,  0.00 ,  0.00 
 0.00 ,  0.00 ,  0.00 
 0.00 ,  0.00 ,  0.00 
 0.00 ,  0.00 ,  0.00 
 0.00 ,  0.00 ,  0.00 
 0.00 ,  0.00 ,  0.00 
 0.00 ,  0.00 ,  0.00 
 0.00 ,  0.00 ,  0.00 
 0.00 , 5310.81 , 3746.13 
 0.00 , 1733.89 , 1175.95 
 0.00 , 1507.17 , 1019.69 
2663.32 , 1186.58 , 3278.05 
 0.00 , 837.01 , 562.25 
 0.00 , 984.30 , 662.22 
 0.00 , 727.07 , 487.82 
 0.00 , 321.38 , 214.70 
 0.00 , 351.50 , 234.90 
 0.00 , 655.87 , 439.72 
 0.00 , 682.81 , 457.91 
 0.00 , 791.06 , 531.12 
 0.00 , 662.52 , 444.21 
 0.00 , 781.06 , 524.35 
 0.00 , 953.19 , 641.08 
 0.00 , 1036.33 , 697.62 
 0.00 ,  0.00 ,  0.00 
 0.00 ,  0.00 ,  0.00 
 0.00 ,  0.00 ,  0.00 
 0.00 ,  0.00 ,  0.00 
 0.00 ,  0.00 ,  0.00 
 0.00 ,  0.00 ,  0.00 
 0.00 , 293.93 , 196.30 
 0.00 , 546.39 , 365.89 
2550.83 , 5939.07 , 6621.07 
 0.00 , 1000.27 , 673.08 
 0.00 , 1214.53 , 819.13 
 0.00 , 927.18 , 623.42 
 0.00 ,  0.00 ,  0.00 
 0.00 ,  0.00 ,  0.00 
 0.00 ,  0.00 ,  0.00 
 0.00 ,  0.00 ,  0.00 
 0.00 ,  0.00 ,  0.00 
 0.00 ,  0.00 ,  0.00 
 0.00 ,  0.00 ,  0.00 
 0.00 ,  0.00 ,  0.00 
 0.00 ,  0.00 ,  0.00 
 0.00 ,  0.00 ,  0.00 
 0.00 ,  0.00 ,  0.00 
 0.00 , 405.61 , 271.21 
2568.71 ,  0.00 , 2388.90 
 0.00 ,  0.00 ,  0.00 
 0.00 ,  0.00 ,  0.00 
 0.00 ,  0.00 ,  0.00 
 0.00 ,  0.00 ,  0.00 
 0.00 ,  0.00 ,  0.00 
 0.00 ,  0.00 ,  0.00 
 0.00 ,  0.00 ,  0.00 
 0.00 , 6007.45 , 4270.84 
 0.00 , 1552.07 , 1050.58 
 0.00 , 669.16 , 448.69 
 0.00 , 654.58 , 438.84 
 0.00 , 509.81 , 341.26 
 0.00 , 197.85 , 132.00 
 0.00 , 32.82 , 21.86 
 0.00 , 291.60 , 194.74 
 0.00 , 458.12 , 306.49 
 0.00 , 125.26 , 83.51 
 0.00 , 690.12 , 462.85 
 0.00 , 934.37 , 628.30 
2508.87 , 708.62 , 2808.97 
 0.00 , 844.43 , 567.27 
 0.00 , 992.72 , 667.95 
 0.00 , 1056.96 , 711.66 
 0.00 ,  0.00 ,  0.00 
 0.00 ,  0.00 ,  0.00 
 0.00 ,  0.00 ,  0.00 
 0.00 ,  0.00 ,  0.00 
 0.00 ,  0.00 ,  0.00 
 0.00 ,  0.00 ,  0.00 
 0.00 , 138.27 , 92.19 
 0.00 , 522.25 , 349.64 
 0.00 , 6021.89 , 4281.80 
 0.00 ,  0.00 ,  0.00 
 0.00 ,  0.00 ,  0.00 
 0.00 ,  0.00 ,  0.00 
 0.00 ,  0.00 ,  0.00 
 0.00 ,  0.00 ,  0.00 
 0.00 ,  0.00 ,  0.00 
 0.00 ,  0.00 ,  0.00 
2546.59 ,  0.00 , 2368.33 
 0.00 ,  0.00 ,  0.00 
 0.00 ,  0.00 ,  0.00 
 0.00 ,  0.00 ,  0.00 
 0.00 ,  0.00 ,  0.00 
 0.00 ,  0.00 ,  0.00 
 0.00 ,  0.00 ,  0.00 
 0.00 ,  0.00 ,  0.00 
 0.00 ,  0.00 ,  0.00 
 0.00 ,  0.00 ,  0.00 
 0.00 ,  0.00 ,  0.00 
 0.00 ,  0.00 ,  0.00 
 0.00 ,  0.00 ,  0.00 
 0.00 ,  0.00 ,  0.00 
 0.00 ,  0.00 ,  0.00 
 0.00 ,  0.00 ,  0.00 
 0.00 , 2061.55 , 1403.12 
 0.00 , 925.64 , 622.36 
 0.00 , 762.97 , 512.11 
 0.00 , 610.66 , 409.21 
2616.88 , 436.52 , 2725.82 
 0.00 , 313.45 , 209.38 
 0.00 ,  0.00 ,  0.00 
 0.00 ,  0.00 ,  0.00 
 0.00 ,  0.00 ,  0.00 
 0.00 ,  0.00 ,  0.00 
 0.00 ,  0.00 ,  0.00 
 0.00 ,  0.00 ,  0.00 
 0.00 ,  0.00 ,  0.00 
 0.00 ,  0.00 ,  0.00 
 0.00 ,  0.00 ,  0.00 
 0.00 , 108.12 , 72.06 
 0.00 ,  0.00 ,  0.00 
 0.00 ,  0.00 ,  0.00 
 0.00 ,  0.00 ,  0.00 
 0.00 ,  0.00 ,  0.00 
 0.00 ,  0.00 ,  0.00 
 0.00 ,  0.00 ,  0.00 
 0.00 ,  0.00 ,  0.00 
 0.00 ,  0.00 ,  0.00 
 0.00 , 4321.83 , 3015.13 
2581.41 , 1066.40 , 3119.67 
 0.00 , 610.04 , 408.80 
 0.00 , 485.87 , 325.16 
 0.00 , 434.12 , 290.36 
 0.00 , 78.19 , 52.10 
 0.00 ,  0.00 ,  0.00 
 0.00 ,  0.00 ,  0.00 
 0.00 ,  0.00 ,  0.00 
 0.00 ,  0.00 ,  0.00 
 0.00 ,  0.00 ,  0.00 
 0.00 , 149.66 , 99.80 
 0.00 , 331.37 , 221.39 
 0.00 , 390.84 , 261.29 
 0.00 , 503.75 , 337.19 
 0.00 , 571.84 , 383.04 
 0.00 ,  0.00 ,  0.00 
 0.00 ,  0.00 ,  0.00 
 0.00 ,  0.00 ,  0.00 
 0.00 ,  0.00 ,  0.00 
 0.00 ,  0.00 ,  0.00 
 0.00 ,  0.00 ,  0.00 
2538.24 ,  0.00 , 2360.56 
 0.00 , 63.93 , 42.59 
 0.00 , 6159.10 , 4386.15 
 0.00 , 1570.05 , 1062.95 
 0.00 , 816.99 , 548.68 
 0.00 , 547.73 , 366.79 
 0.00 ,  0.00 ,  0.00 
 0.00 ,  0.00 ,  0.00 
 0.00 ,  0.00 ,  0.00 
 0.00 ,  0.00 ,  0.00 
 0.00 ,  0.00 ,  0.00 
 0.00 ,  0.00 ,  0.00 
 0.00 ,  0.00 ,  0.00 
 0.00 ,  0.00 ,  0.00 
 0.00 ,  0.00 ,  0.00 
 0.00 ,  0.00 ,  0.00 
2642.46 ,  0.00 , 2457.49 
 0.00 ,  0.00 ,  0.00 
 0.00 ,  0.00 ,  0.00 
 0.00 ,  0.00 ,  0.00 
 0.00 ,  0.00 ,  0.00 
 0.00 ,  0.00 ,  0.00 
 0.00 ,  0.00 ,  0.00 
 0.00 ,  0.00 ,  0.00 
 0.00 ,  0.00 ,  0.00 
 0.00 ,  0.00 ,  0.00 
 0.00 , 4469.02 , 3122.91 
 0.00 ,  0.00 ,  0.00 
 0.00 ,  0.00 ,  0.00 
 0.00 ,  0.00 ,  0.00 
 0.00 ,  0.00 ,  0.00 
 0.00 ,  0.00 ,  0.00 
 0.00 ,  0.00 ,  0.00 
 0.00 ,  0.00 ,  0.00 
 0.00 ,  0.00 ,  0.00 
 0.00 ,  0.00 ,  0.00 
 0.00 ,  0.00 ,  0.00 
2599.90 ,  0.00 , 2417.91 
 0.00 ,  0.00 ,  0.00 
 0.00 ,  0.00 ,  0.00 
 0.00 ,  0.00 ,  0.00 
 0.00 ,  0.00 ,  0.00 
 0.00 ,  0.00 ,  0.00 
 0.00 ,  0.00 ,  0.00 
 0.00 ,  0.00 ,  0.00 
 0.00 ,  0.00 ,  0.00 
 0.00 ,  0.00 ,  0.00 
 0.00 ,  0.00 ,  0.00 
 0.00 ,  0.00 ,  0.00 
 0.00 ,  0.00 ,  0.00 
 0.00 ,  0.00 ,  0.00 
 0.00 ,  0.00 ,  0.00 
 0.00 ,  0.00 ,  0.00 
 0.00 ,  0.00 ,  0.00 
 0.00 ,  0.00 ,  0.00 
 0.00 ,  0.00 ,  0.00 
2521.96 ,  0.00 , 2345.42 
 0.00 ,  0.00 ,  0.00 
 0.00 ,  0.00 ,  0.00 
 0.00 ,  0.00 ,  0.00 
 0.00 ,  0.00 ,  0.00 
 0.00 ,  0.00 ,  0.00 
 0.00 ,  0.00 ,  0.00 
 0.00 ,  0.00 ,  0.00 
 0.00 ,  0.00 ,  0.00 
 0.00 ,  0.00 ,  0.00 
 0.00 ,  0.00 ,  0.00 
 0.00 ,  0.00 ,  0.00 
 0.00 ,  0.00 ,  0.00 
 0.00 ,  0.00 ,  0.00 
 0.00 ,  0.00 ,  0.00 
 0.00 ,  0.00 ,  0.00 
 0.00 ,  0.00 ,  0.00 
 0.00 ,  0.00 ,  0.00 
 0.00 ,  0.00 ,  0.00 
 0.00 ,  0.00 ,  0.00 
 0.00 ,  0.00 ,  0.00 
2663.32 ,  0.00 , 2476.89 
 0.00 ,  0.00 ,  0.00 
 0.00 ,  0.00 ,  0.00 
 0.00 ,  0.00 ,  0.00 
 0.00 ,  0.00 ,  0.00 
 0.00 ,  0.00 ,  0.00 
 0.00 ,  0.00 ,  0.00 
 0.00 ,  0.00 ,  0.00 
 0.00 ,  0.00 ,  0.00 
 0.00 ,  0.00 ,  0.00 
 0.00 ,  0.00 ,  0.00 
 0.00 ,  0.00 ,  0.00 
 0.00 ,  0.00 ,  0.00 
 0.00 ,  0.00 ,  0.00 
 0.00 ,  0.00 ,  0.00 
 0.00 ,  0.00 ,  0.00 
 0.00 ,  0.00 ,  0.00 
 0.00 ,  0.00 ,  0.00 
 0.00 ,  0.00 ,  0.00 
 0.00 ,  0.00 ,  0.00 
 0.00 ,  0.00 ,  0.00 
2550.83 ,  0.00 , 2372.27 
 0.00 ,  0.00 ,  0.00 
 0.00 ,  0.00 ,  0.00 
 0.00 ,  0.00 ,  0.00 
 0.00 ,  0.00 ,  0.00 
 0.00 ,  0.00 ,  0.00 
 0.00 ,  0.00 ,  0.00 
 0.00 ,  0.00 ,  0.00 
 0.00 ,  0.00 ,  0.00 
 0.00 ,  0.00 ,  0.00 
 0.00 ,  0.00 ,  0.00 
 0.00 ,  0.00 ,  0.00 
 0.00 ,  0.00 ,  0.00 
 0.00 ,  0.00 ,  0.00 
 0.00 ,  0.00 ,  0.00 
 0.00 ,  0.00 ,  0.00 
2568.71 ,  0.00 , 2388.90 
 0.00 ,  0.00 ,  0.00 
 0.00 ,  0.00 ,  0.00 
 0.00 ,  0.00 ,  0.00 
 0.00 ,  0.00 ,  0.00 
 0.00 ,  0.00 ,  0.00 
 0.00 ,  0.00 ,  0.00 
 0.00 ,  0.00 ,  0.00 
 0.00 ,  0.00 ,  0.00 
 0.00 ,  0.00 ,  0.00 
 0.00 ,  0.00 ,  0.00 
 0.00 ,  0.00 ,  0.00 
 0.00 ,  0.00 ,  0.00 
 0.00 ,  0.00 ,  0.00 
 0.00 ,  0.00 ,  0.00 
 0.00 ,  0.00 ,  0.00 
 0.00 ,  0.00 ,  0.00 
 0.00 ,  0.00 ,  0.00 
 0.00 ,  0.00 ,  0.00 
 0.00 ,  0.00 ,  0.00 
2508.87 ,  0.00 , 2333.25 
 0.00 ,  0.00 ,  0.00 
 0.00 ,  0.00 ,  0.00 
 0.00 ,  0.00 ,  0.00 
 0.00 ,  0.00 ,  0.00 
 0.00 ,  0.00 ,  0.00 
 0.00 ,  0.00 ,  0.00 
 0.00 ,  0.00 ,  0.00 
 0.00 ,  0.00 ,  0.00 
 0.00 ,  0.00 ,  0.00 
 0.00 ,  0.00 ,  0.00 
 0.00 ,  0.00 ,  0.00 
 0.00 ,  0.00 ,  0.00 
 0.00 ,  0.00 ,  0.00 
 0.00 ,  0.00 ,  0.00 
 0.00 ,  0.00 ,  0.00 
 0.00 ,  0.00 ,  0.00 
 0.00 ,  0.00 ,  0.00 
 0.00 ,  0.00 ,  0.00 
 0.00 ,  0.00 ,  0.00 
2546.59 ,  0.00 , 2368.33 
 0.00 ,  0.00 ,  0.00 
 0.00 ,  0.00 ,  0.00 
 0.00 ,  0.00 ,  0.00 
 0.00 ,  0.00 ,  0.00 
 0.00 ,  0.00 ,  0.00 
 0.00 ,  0.00 ,  0.00 
 0.00 ,  0.00 ,  0.00 
 0.00 ,  0.00 ,  0.00 
 0.00 ,  0.00 ,  0.00 
 0.00 ,  0.00 ,  0.00 
 0.00 ,  0.00 ,  0.00 
 0.00 ,  0.00 ,  0.00 
 0.00 ,  0.00 ,  0.00 
 0.00 ,  0.00 ,  0.00 
 0.00 ,  0.00 ,  0.00 
 0.00 ,  0.00 ,  0.00 
 0.00 ,  0.00 ,  0.00 
 0.00 ,  0.00 ,  0.00 
 0.00 ,  0.00 ,  0.00 
2616.88 ,  0.00 , 2433.70 
 0.00 ,  0.00 ,  0.00 
 0.00 ,  0.00 ,  0.00 
 0.00 ,  0.00 ,  0.00 
 0.00 ,  0.00 ,  0.00 
 0.00 ,  0.00 ,  0.00 
 0.00 ,  0.00 ,  0.00 
 0.00 ,  0.00 ,  0.00 
 0.00 ,  0.00 ,  0.00 
 0.00 ,  0.00 ,  0.00 
 0.00 ,  0.00 ,  0.00 
 0.00 ,  0.00 ,  0.00 
 0.00 ,  0.00 ,  0.00 
 0.00 ,  0.00 ,  0.00 
 0.00 ,  0.00 ,  0.00 
 0.00 ,  0.00 ,  0.00 
 0.00 ,  0.00 ,  0.00 
 0.00 ,  0.00 ,  0.00 
 0.00 ,  0.00 ,  0.00 
 0.00 ,  0.00 ,  0.00 
 0.00 ,  0.00 ,  0.00 
2581.41 ,  0.00 , 2400.71 
 0.00 ,  0.00 ,  0.00 
 0.00 ,  0.00 ,  0.00 
 0.00 ,  0.00 ,  0.00 
 0.00 ,  0.00 ,  0.00 
 0.00 ,  0.00 ,  0.00 
 0.00 ,  0.00 ,  0.00 
 0.00 ,  0.00 ,  0.00 
 0.00 ,  0.00 ,  0.00 
 0.00 ,  0.00 ,  0.00 
 0.00 ,  0.00 ,  0.00 
 0.00 ,  0.00 ,  0.00 
 0.00 ,  0.00 ,  0.00 
 0.00 ,  0.00 ,  0.00 
 0.00 ,  0.00 ,  0.00 
 0.00 ,  0.00 ,  0.00 
 0.00 ,  0.00 ,  0.00 
 0.00 ,  0.00 ,  0.00 
 0.00 ,  0.00 ,  0.00 
 0.00 ,  0.00 ,  0.00 
 0.00 ,  0.00 ,  0.00 
2538.24 ,  0.00 , 2360.56 
 0.00 ,  0.00 ,  0.00 
 0.00 ,  0.00 ,  0.00 
 0.00 ,  0.00 ,  0.00 
 0.00 ,  0.00 ,  0.00 
 0.00 ,  0.00 ,  0.00 
 0.00 ,  0.00 ,  0.00 
 0.00 ,  0.00 ,  0.00 
 0.00 ,  0.00 ,  0.00 
 0.00 ,  0.00 ,  0.00 
 0.00 ,  0.00 ,  0.00 
 0.00 ,  0.00 ,  0.00 
 0.00 ,  0.00 ,  0.00 
 0.00 ,  0.00 ,  0.00 
 0.00 ,  0.00 ,  0.00 
 0.00 ,  0.00 ,  0.00 
2642.46 ,  0.00 , 2457.49 
 0.00 ,  0.00 ,  0.00 
 0.00 ,  0.00 ,  0.00 
 0.00 ,  0.00 ,  0.00 
 0.00 ,  0.00 ,  0.00 
 0.00 ,  0.00 ,  0.00 
 0.00 ,  0.00 ,  0.00 
 0.00 ,  0.00 ,  0.00 
 0.00 ,  0.00 ,  0.00 
 0.00 ,  0.00 ,  0.00 
 0.00 ,  0.00 ,  0.00 
 0.00 ,  0.00 ,  0.00 
 0.00 ,  0.00 ,  0.00 
 0.00 ,  0.00 ,  0.00 
 0.00 ,  0.00 ,  0.00 
 0.00 ,  0.00 ,  0.00 
 0.00 ,  0.00 ,  0.00 
 0.00 ,  0.00 ,  0.00 
 0.00 ,  0.00 ,  0.00 
 0.00 ,  0.00 ,  0.00 
 0.00 ,  0.00 ,  0.00 
2599.90 ,  0.00 , 2417.91 
 0.00 ,  0.00 ,  0.00 
 0.00 ,  0.00 ,  0.00 
 0.00 ,  0.00 ,  0.00 
 0.00 ,  0.00 ,  0.00 
 0.00 ,  0.00 ,  0.00 
 0.00 ,  0.00 ,  0.00 
 0.00 ,  0.00 ,  0.00 
 0.00 ,  0.00 ,  0.00 
 0.00 ,  0.00 ,  0.00 
 0.00 ,  0.00 ,  0.00 
 0.00 ,  0.00 ,  0.00 
 0.00 ,  0.00 ,  0.00 
 0.00 ,  0.00 ,  0.00 
 0.00 ,  0.00 ,  0.00 
 0.00 ,  0.00 ,  0.00 
 0.00 ,  0.00 ,  0.00 
 0.00 ,  0.00 ,  0.00 
 0.00 ,  0.00 ,  0.00 
2521.96 ,  0.00 , 2345.42 
 0.00 ,  0.00 ,  0.00 
 0.00 ,  0.00 ,  0.00 
 0.00 ,  0.00 ,  0.00 
 0.00 ,  0.00 ,  0.00 
 0.00 ,  0.00 ,  0.00 
 0.00 ,  0.00 ,  0.00 
 0.00 ,  0.00 ,  0.00 
 0.00 ,  0.00 ,  0.00 
 0.00 ,  0.00 ,  0.00 
 0.00 ,  0.00 ,  0.00 
 0.00 ,  0.00 ,  0.00 
 0.00 ,  0.00 ,  0.00 
 0.00 ,  0.00 ,  0.00 
 0.00 ,  0.00 ,  0.00 
 0.00 ,  0.00 ,  0.00 
 0.00 ,  0.00 ,  0.00 
 0.00 ,  0.00 ,  0.00 
 0.00 ,  0.00 ,  0.00 
 0.00 ,  0.00 ,  0.00 
 0.00 ,  0.00 ,  0.00 
2663.32 ,  0.00 , 2476.89 
 0.00 ,  0.00 ,  0.00 
 0.00 ,  0.00 ,  0.00 
 0.00 ,  0.00 ,  0.00 
 0.00 ,  0.00 ,  0.00 
 0.00 ,  0.00 ,  0.00 
 0.00 ,  0.00 ,  0.00 
 0.00 ,  0.00 ,  0.00 
 0.00 ,  0.00 ,  0.00 
 0.00 ,  0.00 ,  0.00 
 0.00 ,  0.00 ,  0.00 
 0.00 ,  0.00 ,  0.00 
 0.00 ,  0.00 ,  0.00 
 0.00 ,  0.00 ,  0.00 
 0.00 ,  0.00 ,  0.00 
 0.00 ,  0.00 ,  0.00 
 0.00 ,  0.00 ,  0.00 
 0.00 ,  0.00 ,  0.00 
 0.00 ,  0.00 ,  0.00 
 0.00 ,  0.00 ,  0.00 
 0.00 ,  0.00 ,  0.00 
2550.83 ,  0.00 , 2372.27 
 0.00 ,  0.00 ,  0.00 
 0.00 ,  0.00 ,  0.00 
 0.00 ,  0.00 ,  0.00 
 0.00 ,  0.00 ,  0.00 
 0.00 ,  0.00 ,  0.00 
 0.00 ,  0.00 ,  0.00 
 0.00 ,  0.00 ,  0.00 
 0.00 ,  0.00 ,  0.00 
 0.00 ,  0.00 ,  0.00 
 0.00 ,  0.00 ,  0.00 
 0.00 ,  0.00 ,  0.00 
 0.00 ,  0.00 ,  0.00 
 0.00 ,  0.00 ,  0.00 
 0.00 ,  0.00 ,  0.00 
 0.00 ,  0.00 ,  0.00 
2568.71 ,  0.00 , 2388.90 
 0.00 ,  0.00 ,  0.00 
 0.00 ,  0.00 ,  0.00 
 0.00 ,  0.00 ,  0.00 
 0.00 ,  0.00 ,  0.00 
 0.00 ,  0.00 ,  0.00 
 0.00 ,  0.00 ,  0.00 
 0.00 ,  0.00 ,  0.00 
 0.00 ,  0.00 ,  0.00 
 0.00 ,  0.00 ,  0.00 
 0.00 ,  0.00 ,  0.00 
 0.00 ,  0.00 ,  0.00 
 0.00 ,  0.00 ,  0.00 
 0.00 ,  0.00 ,  0.00 
 0.00 ,  0.00 ,  0.00 
 0.00 ,  0.00 ,  0.00 
 0.00 ,  0.00 ,  0.00 
 0.00 ,  0.00 ,  0.00 
 0.00 ,  0.00 ,  0.00 
 0.00 ,  0.00 ,  0.00 
 0.00 ,  0.00 ,  0.00 
2553.76 ,  0.00 , 2374.99 
 0.00 ,  0.00 ,  0.00 
 0.00 ,  0.00 ,  0.00 
 0.00 ,  0.00 ,  0.00 
 0.00 ,  0.00 ,  0.00 
 0.00 ,  0.00 ,  0.00 
 0.00 ,  0.00 ,  0.00 
 0.00 ,  0.00 ,  0.00 
 0.00 ,  0.00 ,  0.00 
 0.00 ,  0.00 ,  0.00 
 0.00 ,  0.00 ,  0.00 
 0.00 ,  0.00 ,  0.00 
 0.00 ,  0.00 ,  0.00 
 0.00 ,  0.00 ,  0.00 
 0.00 ,  0.00 ,  0.00 
 0.00 ,  0.00 ,  0.00 
 0.00 ,  0.00 ,  0.00 
 0.00 ,  0.00 ,  0.00 
 0.00 ,  0.00 ,  0.00 
 0.00 ,  0.00 ,  0.00 
 0.00 ,  0.00 ,  0.00 
 0.00 ,  0.00 ,  0.00 
2636.07 ,  0.00 , 2451.55 
 0.00 ,  0.00 ,  0.00 
 0.00 ,  0.00 ,  0.00 
 0.00 ,  0.00 ,  0.00 
 0.00 ,  0.00 ,  0.00 
 0.00 ,  0.00 ,  0.00 
 0.00 ,  0.00 ,  0.00 
 0.00 ,  0.00 ,  0.00 
 0.00 ,  0.00 ,  0.00 
 0.00 ,  0.00 ,  0.00 
 0.00 ,  0.00 ,  0.00 
 0.00 ,  0.00 ,  0.00 
 0.00 ,  0.00 ,  0.00 
 0.00 ,  0.00 ,  0.00 
 0.00 ,  0.00 ,  0.00 
 0.00 ,  0.00 ,  0.00 
 0.00 ,  0.00 ,  0.00 
 0.00 ,  0.00 ,  0.00 
 0.00 ,  0.00 ,  0.00 
 0.00 ,  0.00 ,  0.00 
2516.14 ,  0.00 , 2340.01 
 0.00 ,  0.00 ,  0.00 
 0.00 ,  0.00 ,  0.00 
 0.00 ,  0.00 ,  0.00 
 0.00 ,  0.00 ,  0.00 
 0.00 ,  0.00 ,  0.00 
 0.00 ,  0.00 ,  0.00 
 0.00 ,  0.00 ,  0.00 
 0.00 ,  0.00 ,  0.00 
 0.00 ,  0.00 ,  0.00 
 0.00 ,  0.00 ,  0.00 
 0.00 ,  0.00 ,  0.00 
 0.00 ,  0.00 ,  0.00 
 0.00 ,  0.00 ,  0.00 
 0.00 ,  0.00 ,  0.00 
 0.00 ,  0.00 ,  0.00 
 0.00 ,  0.00 ,  0.00 
 0.00 ,  0.00 ,  0.00 
 0.00 ,  0.00 ,  0.00 
 0.00 ,  0.00 ,  0.00 
 0.00 ,  0.00 ,  0.00 
2584.73 ,  0.00 , 2403.80 
 0.00 ,  0.00 ,  0.00 
 0.00 ,  0.00 ,  0.00 
 0.00 ,  0.00 ,  0.00 
 0.00 ,  0.00 ,  0.00 
 0.00 ,  0.00 ,  0.00 
 0.00 ,  0.00 ,  0.00 
 0.00 ,  0.00 ,  0.00 
 0.00 ,  0.00 ,  0.00 
 0.00 ,  0.00 ,  0.00 
 0.00 ,  0.00 ,  0.00 
 0.00 ,  0.00 ,  0.00 
 0.00 ,  0.00 ,  0.00 
 0.00 ,  0.00 ,  0.00 
 0.00 ,  0.00 ,  0.00 
 0.00 ,  0.00 ,  0.00 
 0.00 ,  0.00 ,  0.00 
 0.00 ,  0.00 ,  0.00 
 0.00 ,  0.00 ,  0.00 
 0.00 ,  0.00 ,  0.00 
 0.00 ,  0.00 ,  0.00 
 0.00 ,  0.00 ,  0.00 
2647.31 ,  0.00 , 2462.00 
 0.00 ,  0.00 ,  0.00 
 0.00 ,  0.00 ,  0.00 
 0.00 ,  0.00 ,  0.00 
 0.00 ,  0.00 ,  0.00 
 0.00 ,  0.00 ,  0.00 
 0.00 ,  0.00 ,  0.00 
 0.00 ,  0.00 ,  0.00 
 0.00 ,  0.00 ,  0.00 
 0.00 ,  0.00 ,  0.00 
 0.00 ,  0.00 ,  0.00 
 0.00 ,  0.00 ,  0.00 
 0.00 ,  0.00 ,  0.00 
 0.00 ,  0.00 ,  0.00 
 0.00 ,  0.00 ,  0.00 
 0.00 ,  0.00 ,  0.00 
 0.00 ,  0.00 ,  0.00 
 0.00 ,  0.00 ,  0.00 
 0.00 ,  0.00 ,  0.00 
 0.00 ,  0.00 ,  0.00 
 0.00 ,  0.00 ,  0.00 
 0.00 ,  0.00 ,  0.00 
2590.01 ,  0.00 , 2408.71 
 0.00 ,  0.00 ,  0.00 
 0.00 ,  0.00 ,  0.00 
 0.00 ,  0.00 ,  0.00 
 0.00 ,  0.00 ,  0.00 
 0.00 ,  0.00 ,  0.00 
 0.00 ,  0.00 ,  0.00 
 0.00 ,  0.00 ,  0.00 
 0.00 ,  0.00 ,  0.00 
 0.00 ,  0.00 ,  0.00 
 0.00 ,  0.00 ,  0.00 
 0.00 ,  0.00 ,  0.00 
 0.00 ,  0.00 ,  0.00 
 0.00 ,  0.00 ,  0.00 
 0.00 ,  0.00 ,  0.00 
 0.00 ,  0.00 ,  0.00 
 0.00 ,  0.00 ,  0.00 
 0.00 ,  0.00 ,  0.00 
2501.40 ,  0.00 , 2326.30 
 0.00 ,  0.00 ,  0.00 
 0.00 ,  0.00 ,  0.00 
 0.00 ,  0.00 ,  0.00 
 0.00 ,  0.00 ,  0.00 
 0.00 ,  0.00 ,  0.00 
 0.00 ,  0.00 ,  0.00 
 0.00 ,  0.00 ,  0.00 
 0.00 ,  0.00 ,  0.00 
 0.00 ,  0.00 ,  0.00 
 0.00 ,  0.00 ,  0.00 
 0.00 ,  0.00 ,  0.00 
 0.00 ,  0.00 ,  0.00 
 0.00 ,  0.00 ,  0.00 
 0.00 ,  0.00 ,  0.00 
 0.00 ,  0.00 ,  0.00 
 0.00 ,  0.00 ,  0.00 
 0.00 ,  0.00 ,  0.00 
 0.00 ,  0.00 ,  0.00 
 0.00 ,  0.00 ,  0.00 
2640.76 ,  0.00 , 2455.90 
 0.00 ,  0.00 ,  0.00 
 0.00 ,  0.00 ,  0.00 
 0.00 ,  0.00 ,  0.00 
 0.00 ,  0.00 ,  0.00 
 0.00 ,  0.00 ,  0.00 
 0.00 ,  0.00 ,  0.00 
 0.00 ,  0.00 ,  0.00 
 0.00 ,  0.00 ,  0.00 
 0.00 ,  0.00 ,  0.00 
 0.00 ,  0.00 ,  0.00 
 0.00 ,  0.00 ,  0.00 
 0.00 ,  0.00 ,  0.00 
 0.00 ,  0.00 ,  0.00 
 0.00 ,  0.00 ,  0.00 
 0.00 ,  0.00 ,  0.00 
 0.00 ,  0.00 ,  0.00 
 0.00 ,  0.00 ,  0.00 
 0.00 ,  0.00 ,  0.00 
 0.00 ,  0.00 ,  0.00 
 0.00 ,  0.00 ,  0.00 
 0.00 ,  0.00 ,  0.00 
2664.59 ,  0.00 , 2478.07 
 0.00 ,  0.00 ,  0.00 
 0.00 ,  0.00 ,  0.00 
 0.00 ,  0.00 ,  0.00 
 0.00 ,  0.00 ,  0.00 
 0.00 ,  0.00 ,  0.00 
 0.00 ,  0.00 ,  0.00 
 0.00 ,  0.00 ,  0.00 
 0.00 ,  0.00 ,  0.00 
 0.00 ,  0.00 ,  0.00 
 0.00 ,  0.00 ,  0.00 
 0.00 ,  0.00 ,  0.00 
 0.00 ,  0.00 ,  0.00 
 0.00 ,  0.00 ,  0.00 
 0.00 ,  0.00 ,  0.00 
 0.00 ,  0.00 ,  0.00 
 0.00 ,  0.00 ,  0.00 
 0.00 ,  0.00 ,  0.00 
 0.00 ,  0.00 ,  0.00 
 0.00 ,  0.00 ,  0.00 
 0.00 ,  0.00 ,  0.00 
2540.82 ,  0.00 , 2362.97 
 0.00 ,  0.00 ,  0.00 
 0.00 ,  0.00 ,  0.00 
 0.00 ,  0.00 ,  0.00 
 0.00 ,  0.00 ,  0.00 
 0.00 ,  0.00 ,  0.00 
 0.00 ,  0.00 ,  0.00 
 0.00 ,  0.00 ,  0.00 
 0.00 ,  0.00 ,  0.00 
 0.00 ,  0.00 ,  0.00 
 0.00 ,  0.00 ,  0.00 
 0.00 ,  0.00 ,  0.00 
 0.00 ,  0.00 ,  0.00 
 0.00 ,  0.00 ,  0.00 
 0.00 ,  0.00 ,  0.00 
 0.00 ,  0.00 ,  0.00 
 0.00 ,  0.00 ,  0.00 
 0.00 ,  0.00 ,  0.00 
 0.00 ,  0.00 ,  0.00 
 0.00 ,  0.00 ,  0.00 
2515.08 ,  0.00 , 2339.02 
 0.00 ,  0.00 ,  0.00 
 0.00 ,  0.00 ,  0.00 
 0.00 ,  0.00 ,  0.00 
 0.00 ,  0.00 ,  0.00 
 0.00 ,  0.00 ,  0.00 
 0.00 ,  0.00 ,  0.00 
 0.00 ,  0.00 ,  0.00 
 0.00 ,  0.00 ,  0.00 
 0.00 ,  0.00 ,  0.00 
 0.00 ,  0.00 ,  0.00 
 0.00 ,  0.00 ,  0.00 
 0.00 ,  0.00 ,  0.00 
 0.00 ,  0.00 ,  0.00 
 0.00 ,  0.00 ,  0.00 
 0.00 ,  0.00 ,  0.00 
 0.00 ,  0.00 ,  0.00 
 0.00 ,  0.00 ,  0.00 
 0.00 ,  0.00 ,  0.00 
 0.00 ,  0.00 ,  0.00 
 0.00 ,  0.00 ,  0.00 
2510.27 ,  0.00 , 2334.55 
 0.00 ,  0.00 ,  0.00 
 0.00 ,  0.00 ,  0.00 
 0.00 ,  0.00 ,  0.00 
 0.00 ,  0.00 ,  0.00 
 0.00 ,  0.00 ,  0.00 
 0.00 ,  0.00 ,  0.00 
 0.00 ,  0.00 ,  0.00 
 0.00 ,  0.00 ,  0.00 
 0.00 ,  0.00 ,  0.00 
 0.00 ,  0.00 ,  0.00 
 0.00 ,  0.00 ,  0.00 
 0.00 ,  0.00 ,  0.00 
 0.00 ,  0.00 ,  0.00 
 0.00 ,  0.00 ,  0.00 
 0.00 ,  0.00 ,  0.00 
 0.00 ,  0.00 ,  0.00 
 0.00 ,  0.00 ,  0.00 
 0.00 ,  0.00 ,  0.00 
 0.00 ,  0.00 ,  0.00 
 0.00 ,  0.00 ,  0.00 
 0.00 ,  0.00 ,  0.00 
2590.01 ,  0.00 , 2408.71 
 0.00 ,  0.00 ,  0.00 
 0.00 ,  0.00 ,  0.00 
 0.00 ,  0.00 ,  0.00 
 0.00 ,  0.00 ,  0.00 
 0.00 ,  0.00 ,  0.00 
 0.00 ,  0.00 ,  0.00 
 0.00 ,  0.00 ,  0.00 
 0.00 ,  0.00 ,  0.00 
 0.00 ,  0.00 ,  0.00 
 0.00 ,  0.00 ,  0.00 
 0.00 ,  0.00 ,  0.00 
 0.00 ,  0.00 ,  0.00 
 0.00 ,  0.00 ,  0.00 
 0.00 ,  0.00 ,  0.00 
 0.00 ,  0.00 ,  0.00 
 0.00 ,  0.00 ,  0.00 
 0.00 ,  0.00 ,  0.00 
2501.40 ,  0.00 , 2326.30 
 0.00 ,  0.00 ,  0.00 
 0.00 ,  0.00 ,  0.00 
 0.00 ,  0.00 ,  0.00 
 0.00 ,  0.00 ,  0.00 
 0.00 ,  0.00 ,  0.00 
 0.00 ,  0.00 ,  0.00 
 0.00 ,  0.00 ,  0.00 
 0.00 ,  0.00 ,  0.00 
 0.00 ,  0.00 ,  0.00 
 0.00 ,  0.00 ,  0.00 
 0.00 ,  0.00 ,  0.00 
 0.00 ,  0.00 ,  0.00 
 0.00 ,  0.00 ,  0.00 
 0.00 ,  0.00 ,  0.00 
 0.00 ,  0.00 ,  0.00 
 0.00 ,  0.00 ,  0.00 
 0.00 ,  0.00 ,  0.00 
 0.00 ,  0.00 ,  0.00 
 0.00 ,  0.00 ,  0.00 
2640.76 ,  0.00 , 2455.90 
 0.00 ,  0.00 ,  0.00 
 0.00 ,  0.00 ,  0.00 
 0.00 ,  0.00 ,  0.00 
 0.00 ,  0.00 ,  0.00 
 0.00 ,  0.00 ,  0.00 
 0.00 ,  0.00 ,  0.00 
 0.00 ,  0.00 ,  0.00 
 0.00 ,  0.00 ,  0.00 
 0.00 ,  0.00 ,  0.00 
 0.00 ,  0.00 ,  0.00 
 0.00 ,  0.00 ,  0.00 
 0.00 ,  0.00 ,  0.00 
 0.00 ,  0.00 ,  0.00 
 0.00 ,  0.00 ,  0.00 
 0.00 ,  0.00 ,  0.00 
 0.00 ,  0.00 ,  0.00 
 0.00 ,  0.00 ,  0.00 
 0.00 ,  0.00 ,  0.00 
 0.00 ,  0.00 ,  0.00 
 0.00 ,  0.00 ,  0.00 
 0.00 ,  0.00 ,  0.00 
2664.59 ,  0.00 , 2478.07 
 0.00 ,  0.00 ,  0.00 
 0.00 ,  0.00 ,  0.00 
 0.00 ,  0.00 ,  0.00 
 0.00 ,  0.00 ,  0.00 
 0.00 ,  0.00 ,  0.00 
 0.00 ,  0.00 ,  0.00 
 0.00 ,  0.00 ,  0.00 
 0.00 ,  0.00 ,  0.00 
 0.00 ,  0.00 ,  0.00 
 0.00 ,  0.00 ,  0.00 
 0.00 ,  0.00 ,  0.00 
 0.00 ,  0.00 ,  0.00 
 0.00 ,  0.00 ,  0.00 
 0.00 ,  0.00 ,  0.00 
 0.00 ,  0.00 ,  0.00 
 0.00 ,  0.00 ,  0.00 
 0.00 ,  0.00 ,  0.00 
 0.00 ,  0.00 ,  0.00 
 0.00 ,  0.00 ,  0.00 
 0.00 ,  0.00 ,  0.00 
2540.82 ,  0.00 , 2362.97 
 0.00 ,  0.00 ,  0.00 
 0.00 ,  0.00 ,  0.00 
 0.00 ,  0.00 ,  0.00 
 0.00 ,  0.00 ,  0.00 
 0.00 ,  0.00 ,  0.00 
 0.00 ,  0.00 ,  0.00 
 0.00 ,  0.00 ,  0.00 
 0.00 ,  0.00 ,  0.00 
 0.00 ,  0.00 ,  0.00 
 0.00 ,  0.00 ,  0.00 
 0.00 ,  0.00 ,  0.00 
 0.00 ,  0.00 ,  0.00 
 0.00 ,  0.00 ,  0.00 
 0.00 ,  0.00 ,  0.00 
 0.00 ,  0.00 ,  0.00 
 0.00 ,  0.00 ,  0.00 
 0.00 ,  0.00 ,  0.00 
 0.00 ,  0.00 ,  0.00 
 0.00 ,  0.00 ,  0.00 
2515.08 ,  0.00 , 2339.02 
 0.00 ,  0.00 ,  0.00 
 0.00 ,  0.00 ,  0.00 
 0.00 ,  0.00 ,  0.00 
 0.00 ,  0.00 ,  0.00 
 0.00 ,  0.00 ,  0.00 
 0.00 ,  0.00 ,  0.00 
 0.00 ,  0.00 ,  0.00 
 0.00 ,  0.00 ,  0.00 
 0.00 ,  0.00 ,  0.00 
 0.00 ,  0.00 ,  0.00 
 0.00 ,  0.00 ,  0.00 
 0.00 ,  0.00 ,  0.00 
 0.00 ,  0.00 ,  0.00 
 0.00 ,  0.00 ,  0.00 
 0.00 ,  0.00 ,  0.00 
 0.00 ,  0.00 ,  0.00 
 0.00 ,  0.00 ,  0.00 
 0.00 ,  0.00 ,  0.00 
 0.00 ,  0.00 ,  0.00 
 0.00 ,  0.00 ,  0.00 
2510.27 ,  0.00 , 2334.55 
 0.00 ,  0.00 ,  0.00 
 0.00 ,  0.00 ,  0.00 
 0.00 ,  0.00 ,  0.00 
 0.00 ,  0.00 ,  0.00 
 0.00 ,  0.00 ,  0.00 
 0.00 ,  0.00 ,  0.00 
 0.00 ,  0.00 ,  0.00 
 0.00 ,  0.00 ,  0.00 
 0.00 ,  0.00 ,  0.00 
 0.00 ,  0.00 ,  0.00 
 0.00 ,  0.00 ,  0.00 
 0.00 ,  0.00 ,  0.00 
 0.00 ,  0.00 ,  0.00 
 0.00 ,  0.00 ,  0.00 
 0.00 ,  0.00 ,  0.00 
 0.00 ,  0.00 ,  0.00 
 0.00 ,  0.00 ,  0.00 
 0.00 ,  0.00 ,  0.00 
 0.00 ,  0.00 ,  0.00 
 0.00 ,  0.00 ,  0.00 
 0.00 ,  0.00 ,  0.00 
2590.01 ,  0.00 , 2408.71 
 0.00 ,  0.00 ,  0.00 
 0.00 ,  0.00 ,  0.00 
 0.00 ,  0.00 ,  0.00 
 0.00 ,  0.00 ,  0.00 
 0.00 ,  0.00 ,  0.00 
 0.00 ,  0.00 ,  0.00 
 0.00 ,  0.00 ,  0.00 
 0.00 ,  0.00 ,  0.00 
 0.00 ,  0.00 ,  0.00 
 0.00 ,  0.00 ,  0.00 
 0.00 ,  0.00 ,  0.00 
 0.00 ,  0.00 ,  0.00 
 0.00 ,  0.00 ,  0.00 
 0.00 ,  0.00 ,  0.00 
 0.00 ,  0.00 ,  0.00 
 0.00 ,  0.00 ,  0.00 
 0.00 ,  0.00 ,  0.00 
2501.40 ,  0.00 , 2326.30 
 0.00 ,  0.00 ,  0.00 
 0.00 ,  0.00 ,  0.00 
 0.00 ,  0.00 ,  0.00 
 0.00 ,  0.00 ,  0.00 
 0.00 ,  0.00 ,  0.00 
 0.00 ,  0.00 ,  0.00 
 0.00 ,  0.00 ,  0.00 
 0.00 ,  0.00 ,  0.00 
 0.00 ,  0.00 ,  0.00 
 0.00 ,  0.00 ,  0.00 
 0.00 ,  0.00 ,  0.00 
 0.00 ,  0.00 ,  0.00 
 0.00 ,  0.00 ,  0.00 
 0.00 ,  0.00 ,  0.00 
 0.00 ,  0.00 ,  0.00 
 0.00 ,  0.00 ,  0.00 
 0.00 ,  0.00 ,  0.00 
 0.00 ,  0.00 ,  0.00 
 0.00 ,  0.00 ,  0.00 
2640.76 ,  0.00 , 2455.90 
 0.00 ,  0.00 ,  0.00 
 0.00 ,  0.00 ,  0.00 
 0.00 ,  0.00 ,  0.00 
 0.00 ,  0.00 ,  0.00 
 0.00 ,  0.00 ,  0.00 
 0.00 ,  0.00 ,  0.00 
 0.00 ,  0.00 ,  0.00 
 0.00 ,  0.00 ,  0.00 
 0.00 ,  0.00 ,  0.00 
 0.00 ,  0.00 ,  0.00 
 0.00 ,  0.00 ,  0.00 
 0.00 ,  0.00 ,  0.00 
 0.00 ,  0.00 ,  0.00 
 0.00 ,  0.00 ,  0.00 
 0.00 ,  0.00 ,  0.00 
 0.00 ,  0.00 ,  0.00 
 0.00 ,  0.00 ,  0.00 
 0.00 ,  0.00 ,  0.00 
 0.00 ,  0.00 ,  0.00 
 0.00 ,  0.00 ,  0.00 
 0.00 ,  0.00 ,  0.00 
2664.59 ,  0.00 , 2478.07 
 0.00 ,  0.00 ,  0.00 
 0.00 ,  0.00 ,  0.00 
 0.00 ,  0.00 ,  0.00 
 0.00 ,  0.00 ,  0.00 
 0.00 ,  0.00 ,  0.00 
 0.00 ,  0.00 ,  0.00 
 0.00 ,  0.00 ,  0.00 
 0.00 ,  0.00 ,  0.00 
 0.00 ,  0.00 ,  0.00 
 0.00 ,  0.00 ,  0.00 
 0.00 ,  0.00 ,  0.00 
 0.00 ,  0.00 ,  0.00 
 0.00 ,  0.00 ,  0.00 
 0.00 ,  0.00 ,  0.00 
 0.00 ,  0.00 ,  0.00 
 0.00 ,  0.00 ,  0.00 
 0.00 ,  0.00 ,  0.00 
 0.00 ,  0.00 ,  0.00 
 0.00 ,  0.00 ,  0.00 
 0.00 ,  0.00 ,  0.00 
2540.82 ,  0.00 , 2362.97 
 0.00 ,  0.00 ,  0.00 
 0.00 ,  0.00 ,  0.00 
 0.00 ,  0.00 ,  0.00 
 0.00 ,  0.00 ,  0.00 
 0.00 ,  0.00 ,  0.00 
 0.00 ,  0.00 ,  0.00 
 0.00 ,  0.00 ,  0.00 
 0.00 ,  0.00 ,  0.00 
 0.00 ,  0.00 ,  0.00 
 0.00 ,  0.00 ,  0.00 
 0.00 ,  0.00 ,  0.00 
 0.00 ,  0.00 ,  0.00 
 0.00 ,  0.00 ,  0.00 
 0.00 ,  0.00 ,  0.00 
 0.00 ,  0.00 ,  0.00 
 0.00 ,  0.00 ,  0.00 
 0.00 ,  0.00 ,  0.00 
 0.00 ,  0.00 ,  0.00 
 0.00 ,  0.00 ,  0.00 
2515.08 ,  0.00 , 2339.02 
 0.00 ,  0.00 ,  0.00 
 0.00 ,  0.00 ,  0.00 
 0.00 ,  0.00 ,  0.00 
 0.00 ,  0.00 ,  0.00 
 0.00 ,  0.00 ,  0.00 
 0.00 ,  0.00 ,  0.00 
 0.00 ,  0.00 ,  0.00 
 0.00 ,  0.00 ,  0.00 
 0.00 ,  0.00 ,  0.00 
 0.00 ,  0.00 ,  0.00 
 0.00 ,  0.00 ,  0.00 
 0.00 ,  0.00 ,  0.00 
 0.00 ,  0.00 ,  0.00 
 0.00 ,  0.00 ,  0.00 
 0.00 ,  0.00 ,  0.00 
 0.00 ,  0.00 ,  0.00 
 0.00 ,  0.00 ,  0.00 
 0.00 ,  0.00 ,  0.00 
 0.00 ,  0.00 ,  0.00 
 0.00 ,  0.00 ,  0.00 
2510.27 ,  0.00 , 2334.55 
 0.00 ,  0.00 ,  0.00 
 0.00 ,  0.00 ,  0.00 
 0.00 ,  0.00 ,  0.00 
 0.00 ,  0.00 ,  0.00 
 0.00 ,  0.00 ,  0.00 
 0.00 ,  0.00 ,  0.00 
 0.00 ,  0.00 ,  0.00 
 0.00 ,  0.00 ,  0.00 
 0.00 ,  0.00 ,  0.00 
 0.00 ,  0.00 ,  0.00 
 0.00 ,  0.00 ,  0.00 
 0.00 ,  0.00 ,  0.00 
 0.00 ,  0.00 ,  0.00 
 0.00 ,  0.00 ,  0.00 
 0.00 ,  0.00 ,  0.00 
 0.00 ,  0.00 ,  0.00 
 0.00 ,  0.00 ,  0.00 
 0.00 ,  0.00 ,  0.00 
 0.00 ,  0.00 ,  0.00 
 0.00 ,  0.00 ,  0.00 
 0.00 ,  0.00 ,  0.00 
2590.01 ,  0.00 , 2408.71 
 0.00 ,  0.00 ,  0.00 
 0.00 ,  0.00 ,  0.00 
 0.00 ,  0.00 ,  0.00 
 0.00 ,  0.00 ,  0.00 
 0.00 ,  0.00 ,  0.00 
 0.00 ,  0.00 ,  0.00 
 0.00 ,  0.00 ,  0.00 
 0.00 ,  0.00 ,  0.00 
 0.00 ,  0.00 ,  0.00 
 0.00 ,  0.00 ,  0.00 
 0.00 ,  0.00 ,  0.00 
 0.00 ,  0.00 ,  0.00 
 0.00 ,  0.00 ,  0.00 
 0.00 ,  0.00 ,  0.00 
 0.00 ,  0.00 ,  0.00 
 0.00 ,  0.00 ,  0.00 
 0.00 ,  0.00 ,  0.00 
2501.40 ,  0.00 , 2326.30 
 0.00 ,  0.00 ,  0.00 
 0.00 ,  0.00 ,  0.00 
 0.00 ,  0.00 ,  0.00 
 0.00 ,  0.00 ,  0.00 
 0.00 ,  0.00 ,  0.00 
 0.00 ,  0.00 ,  0.00 
 0.00 ,  0.00 ,  0.00 
 0.00 ,  0.00 ,  0.00 
 0.00 ,  0.00 ,  0.00 
 0.00 ,  0.00 ,  0.00 
 0.00 ,  0.00 ,  0.00 
 0.00 ,  0.00 ,  0.00 
 0.00 ,  0.00 ,  0.00 
 0.00 ,  0.00 ,  0.00 
 0.00 ,  0.00 ,  0.00 
 0.00 ,  0.00 ,  0.00 
 0.00 ,  0.00 ,  0.00 
 0.00 ,  0.00 ,  0.00 
 0.00 ,  0.00 ,  0.00 
2640.76 ,  0.00 , 2455.90 
 0.00 ,  0.00 ,  0.00 
 0.00 ,  0.00 ,  0.00 
 0.00 ,  0.00 ,  0.00 
 0.00 ,  0.00 ,  0.00 
 0.00 ,  0.00 ,  0.00 
 0.00 ,  0.00 ,  0.00 
 0.00 ,  0.00 ,  0.00 
 0.00 ,  0.00 ,  0.00 
 0.00 ,  0.00 ,  0.00 
 0.00 ,  0.00 ,  0.00 
 0.00 ,  0.00 ,  0.00 
 0.00 ,  0.00 ,  0.00 
 0.00 ,  0.00 ,  0.00 
 0.00 ,  0.00 ,  0.00 
 0.00 ,  0.00 ,  0.00 
 0.00 ,  0.00 ,  0.00 
 0.00 ,  0.00 ,  0.00 
 0.00 ,  0.00 ,  0.00 
 0.00 ,  0.00 ,  0.00 
 0.00 ,  0.00 ,  0.00 
 0.00 ,  0.00 ,  0.00 
2664.59 ,  0.00 , 2478.07 
 0.00 ,  0.00 ,  0.00 
 0.00 ,  0.00 ,  0.00 
 0.00 ,  0.00 ,  0.00 
 0.00 ,  0.00 ,  0.00 
 0.00 ,  0.00 ,  0.00 
 0.00 ,  0.00 ,  0.00 
 0.00 ,  0.00 ,  0.00 
 0.00 ,  0.00 ,  0.00 
 0.00 ,  0.00 ,  0.00 
 0.00 ,  0.00 ,  0.00 
 0.00 ,  0.00 ,  0.00 
 0.00 ,  0.00 ,  0.00 
 0.00 ,  0.00 ,  0.00 
 0.00 ,  0.00 ,  0.00 
 0.00 ,  0.00 ,  0.00 
 0.00 ,  0.00 ,  0.00 
 0.00 ,  0.00 ,  0.00 
 0.00 ,  0.00 ,  0.00 
 0.00 ,  0.00 ,  0.00 
 0.00 ,  0.00 ,  0.00 
2540.82 ,  0.00 , 2362.97 
 0.00 ,  0.00 ,  0.00 
 0.00 ,  0.00 ,  0.00 
 0.00 ,  0.00 ,  0.00 
 0.00 ,  0.00 ,  0.00 
 0.00 ,  0.00 ,  0.00 
 0.00 ,  0.00 ,  0.00 
 0.00 ,  0.00 ,  0.00 
 0.00 ,  0.00 ,  0.00 
 0.00 ,  0.00 ,  0.00 
 0.00 ,  0.00 ,  0.00 
 0.00 ,  0.00 ,  0.00 
 0.00 ,  0.00 ,  0.00 
 0.00 ,  0.00 ,  0.00 
 0.00 ,  0.00 ,  0.00 
 0.00 ,  0.00 ,  0.00 
 0.00 ,  0.00 ,  0.00 
 0.00 ,  0.00 ,  0.00 
 0.00 ,  0.00 ,  0.00 
 0.00 ,  0.00 ,  0.00 
2515.08 ,  0.00 , 2339.02 
 0.00 ,  0.00 ,  0.00 
 0.00 ,  0.00 ,  0.00 
 0.00 ,  0.00 ,  0.00 
 0.00 ,  0.00 ,  0.00 
 0.00 ,  0.00 ,  0.00 
 0.00 ,  0.00 ,  0.00 
 0.00 ,  0.00 ,  0.00 
 0.00 ,  0.00 ,  0.00 
 0.00 ,  0.00 ,  0.00 
 0.00 ,  0.00 ,  0.00 
 0.00 ,  0.00 ,  0.00 
 0.00 ,  0.00 ,  0.00 
 0.00 ,  0.00 ,  0.00 
 0.00 ,  0.00 ,  0.00 
 0.00 ,  0.00 ,  0.00 
 0.00 ,  0.00 ,  0.00 
 0.00 ,  0.00 ,  0.00 
 0.00 ,  0.00 ,  0.00 
 0.00 ,  0.00 ,  0.00 
 0.00 ,  0.00 ,  0.00 
2510.27 ,  0.00 , 2334.55 
 0.00 ,  0.00 ,  0.00 
 0.00 ,  0.00 ,  0.00 
 0.00 ,  0.00 ,  0.00 
 0.00 ,  0.00 ,  0.00 
 0.00 ,  0.00 ,  0.00 
 0.00 ,  0.00 ,  0.00 
 0.00 ,  0.00 ,  0.00 
 0.00 ,  0.00 ,  0.00 
 0.00 ,  0.00 ,  0.00 
 0.00 ,  0.00 ,  0.00 
 0.00 ,  0.00 ,  0.00 
 0.00 ,  0.00 ,  0.00 
 0.00 ,  0.00 ,  0.00 
 0.00 ,  0.00 ,  0.00 
 0.00 ,  0.00 ,  0.00 
 0.00 ,  0.00 ,  0.00 
 0.00 ,  0.00 ,  0.00 
 0.00 ,  0.00 ,  0.00 
 0.00 ,  0.00 ,  0.00 
 0.00 ,  0.00 ,  0.00 
 0.00 ,  0.00 ,  0.00 
2590.01 ,  0.00 , 2408.71 
 0.00 ,  0.00 ,  0.00 
 0.00 ,  0.00 ,  0.00 
 0.00 ,  0.00 ,  0.00 
 0.00 ,  0.00 ,  0.00 
 0.00 ,  0.00 ,  0.00 
 0.00 ,  0.00 ,  0.00 
 0.00 ,  0.00 ,  0.00 
 0.00 ,  0.00 ,  0.00 
 0.00 ,  0.00 ,  0.00 
 0.00 ,  0.00 ,  0.00 
 0.00 ,  0.00 ,  0.00 
 0.00 ,  0.00 ,  0.00 
 0.00 ,  0.00 ,  0.00 
 0.00 ,  0.00 ,  0.00 
 0.00 ,  0.00 ,  0.00 
 0.00 ,  0.00 ,  0.00 
 0.00 ,  0.00 ,  0.00 
2499.83 ,  0.00 , 2324.84 
 0.00 ,  0.00 ,  0.00 
 0.00 ,  0.00 ,  0.00 
 0.00 ,  0.00 ,  0.00 
 0.00 ,  0.00 ,  0.00 
 0.00 ,  0.00 ,  0.00 
 0.00 ,  0.00 ,  0.00 
 0.00 ,  0.00 ,  0.00 
 0.00 ,  0.00 ,  0.00 
 0.00 ,  0.00 ,  0.00 
 0.00 ,  0.00 ,  0.00 
 0.00 ,  0.00 ,  0.00 
 0.00 ,  0.00 ,  0.00 
 0.00 ,  0.00 ,  0.00 
 0.00 ,  0.00 ,  0.00 
 0.00 ,  0.00 ,  0.00 
 0.00 ,  0.00 ,  0.00 
 0.00 ,  0.00 ,  0.00 
 0.00 ,  0.00 ,  0.00 
 0.00 ,  0.00 ,  0.00 
2505.42 ,  0.00 , 2330.04 
 0.00 ,  0.00 ,  0.00 
 0.00 ,  0.00 ,  0.00 
 0.00 ,  0.00 ,  0.00 
 0.00 ,  0.00 ,  0.00 
 0.00 ,  0.00 ,  0.00 
 0.00 ,  0.00 ,  0.00 
 0.00 ,  0.00 ,  0.00 
 0.00 ,  0.00 ,  0.00 
 0.00 ,  0.00 ,  0.00 
 0.00 ,  0.00 ,  0.00 
 0.00 ,  0.00 ,  0.00 
 0.00 ,  0.00 ,  0.00 
 0.00 ,  0.00 ,  0.00 
 0.00 ,  0.00 ,  0.00 
 0.00 ,  0.00 ,  0.00 
 0.00 ,  0.00 ,  0.00 
 0.00 ,  0.00 ,  0.00 
 0.00 ,  0.00 ,  0.00 
 0.00 ,  0.00 ,  0.00 
 0.00 ,  0.00 ,  0.00 
 0.00 ,  0.00 ,  0.00 
2531.23 ,  0.00 , 2354.04 
 0.00 ,  0.00 ,  0.00 
 0.00 ,  0.00 ,  0.00 
 0.00 ,  0.00 ,  0.00 
 0.00 ,  0.00 ,  0.00 
 0.00 ,  0.00 ,  0.00 
 0.00 ,  0.00 ,  0.00 
 0.00 ,  0.00 ,  0.00 
 0.00 ,  0.00 ,  0.00 
 0.00 ,  0.00 ,  0.00 
 0.00 ,  0.00 ,  0.00 
 0.00 ,  0.00 ,  0.00 
 0.00 ,  0.00 ,  0.00 
 0.00 ,  0.00 ,  0.00 
 0.00 ,  0.00 ,  0.00 
 0.00 ,  0.00 ,  0.00 
 0.00 ,  0.00 ,  0.00 
 0.00 ,  0.00 ,  0.00 
 0.00 ,  0.00 ,  0.00 
 0.00 ,  0.00 ,  0.00 
 0.00 ,  0.00 ,  0.00 
 0.00 ,  0.00 ,  0.00 
2523.04 ,  0.00 , 2346.43 
 0.00 ,  0.00 ,  0.00 
 0.00 ,  0.00 ,  0.00 
 0.00 ,  0.00 ,  0.00 
 0.00 ,  0.00 ,  0.00 
 0.00 ,  0.00 ,  0.00 
 0.00 ,  0.00 ,  0.00 
 0.00 ,  0.00 ,  0.00 
 0.00 ,  0.00 ,  0.00 
 0.00 ,  0.00 ,  0.00 
 0.00 ,  0.00 ,  0.00 
 0.00 ,  0.00 ,  0.00 
 0.00 ,  0.00 ,  0.00 
 0.00 ,  0.00 ,  0.00 
 0.00 ,  0.00 ,  0.00 
 0.00 ,  0.00 ,  0.00 
 0.00 ,  0.00 ,  0.00 
 0.00 ,  0.00 ,  0.00 
 0.00 ,  0.00 ,  0.00 
 0.00 ,  0.00 ,  0.00 
 0.00 ,  0.00 ,  0.00 
2519.36 ,  0.00 , 2343.00 
 0.00 ,  0.00 ,  0.00 
 0.00 ,  0.00 ,  0.00 
 0.00 ,  0.00 ,  0.00 
 0.00 ,  0.00 ,  0.00 
 0.00 ,  0.00 ,  0.00 
 0.00 ,  0.00 ,  0.00 
 0.00 ,  0.00 ,  0.00 
 0.00 ,  0.00 ,  0.00 
 0.00 ,  0.00 ,  0.00 
 0.00 ,  0.00 ,  0.00 
 0.00 ,  0.00 ,  0.00 
 0.00 ,  0.00 ,  0.00 
 0.00 ,  0.00 ,  0.00 
 0.00 ,  0.00 ,  0.00 
 0.00 ,  0.00 ,  0.00 
 0.00 ,  0.00 ,  0.00 
 0.00 ,  0.00 ,  0.00 
 0.00 ,  0.00 ,  0.00 
 0.00 ,  0.00 ,  0.00 
 0.00 ,  0.00 ,  0.00 
 0.00 ,  0.00 ,  0.00 
2586.43 ,  0.00 , 2405.38 
 0.00 ,  0.00 ,  0.00 
 0.00 ,  0.00 ,  0.00 
 0.00 ,  0.00 ,  0.00 
 0.00 ,  0.00 ,  0.00 
 0.00 ,  0.00 ,  0.00 
 0.00 ,  0.00 ,  0.00 
 0.00 ,  0.00 ,  0.00 
 0.00 ,  0.00 ,  0.00 
 0.00 ,  0.00 ,  0.00 
 0.00 ,  0.00 ,  0.00 
 0.00 ,  0.00 ,  0.00 
 0.00 ,  0.00 ,  0.00 
 0.00 ,  0.00 ,  0.00 
 0.00 ,  0.00 ,  0.00 
 0.00 ,  0.00 ,  0.00 
 0.00 ,  0.00 ,  0.00 
 0.00 ,  0.00 ,  0.00 
 0.00 ,  0.00 ,  0.00 
 0.00 ,  0.00 ,  0.00 
 0.00 ,  0.00 ,  0.00 
 0.00 ,  0.00 ,  0.00 
2539.65 ,  0.00 , 2361.87 
 0.00 ,  0.00 ,  0.00 
 0.00 ,  0.00 ,  0.00 
 0.00 ,  0.00 ,  0.00 
 0.00 ,  0.00 ,  0.00 
 0.00 ,  0.00 ,  0.00 
 0.00 ,  0.00 ,  0.00 
 0.00 ,  0.00 ,  0.00 
 0.00 ,  0.00 ,  0.00 
 0.00 ,  0.00 ,  0.00 
 0.00 ,  0.00 ,  0.00 
 0.00 ,  0.00 ,  0.00 
 0.00 ,  0.00 ,  0.00 
 0.00 ,  0.00 ,  0.00 
 0.00 ,  0.00 ,  0.00 
 0.00 ,  0.00 ,  0.00 
 0.00 ,  0.00 ,  0.00 
 0.00 ,  0.00 ,  0.00 
 0.00 ,  0.00 ,  0.00 
 0.00 ,  0.00 ,  0.00 
 0.00 ,  0.00 ,  0.00 
 0.00 ,  0.00 ,  0.00 
 0.00 ,  0.00 ,  0.00 
2664.86 ,  0.00 , 2478.32 
 0.00 ,  0.00 ,  0.00 
 0.00 ,  0.00 ,  0.00 
 0.00 ,  0.00 ,  0.00 
 0.00 ,  0.00 ,  0.00 
 0.00 ,  0.00 ,  0.00 
 0.00 ,  0.00 ,  0.00 
 0.00 ,  0.00 ,  0.00 
 0.00 ,  0.00 ,  0.00 
 0.00 ,  0.00 ,  0.00 
 0.00 ,  0.00 ,  0.00 
 0.00 ,  0.00 ,  0.00 
 0.00 ,  0.00 ,  0.00 
 0.00 ,  0.00 ,  0.00 
 0.00 ,  0.00 ,  0.00 
 0.00 ,  0.00 ,  0.00 
 0.00 ,  0.00 ,  0.00 
 0.00 ,  0.00 ,  0.00 
 0.00 ,  0.00 ,  0.00 
 0.00 ,  0.00 ,  0.00 
 0.00 ,  0.00 ,  0.00 
 0.00 ,  0.00 ,  0.00 
 0.00 ,  0.00 ,  0.00 
2638.14 ,  0.00 , 2453.47 
 0.00 ,  0.00 ,  0.00 
 0.00 ,  0.00 ,  0.00 
 0.00 ,  0.00 ,  0.00 
 0.00 ,  0.00 ,  0.00 
 0.00 ,  0.00 ,  0.00 
 0.00 ,  0.00 ,  0.00 
 0.00 ,  0.00 ,  0.00 
 0.00 ,  0.00 ,  0.00 
 0.00 ,  0.00 ,  0.00 
 0.00 ,  0.00 ,  0.00 
 0.00 ,  0.00 ,  0.00 
 0.00 ,  0.00 ,  0.00 
 0.00 ,  0.00 ,  0.00 
 0.00 ,  0.00 ,  0.00 
 0.00 ,  0.00 ,  0.00 
 0.00 ,  0.00 ,  0.00 
 0.00 ,  0.00 ,  0.00 
 0.00 ,  0.00 ,  0.00 
 0.00 ,  0.00 ,  0.00 
 0.00 ,  0.00 ,  0.00 
 0.00 ,  0.00 ,  0.00 
 0.00 ,  0.00 ,  0.00 
2631.78 ,  0.00 , 2447.56 
 0.00 ,  0.00 ,  0.00 
 0.00 ,  0.00 ,  0.00 
 0.00 ,  0.00 ,  0.00 
 0.00 ,  0.00 ,  0.00 
 0.00 ,  0.00 ,  0.00 
 0.00 ,  0.00 ,  0.00 
 0.00 ,  0.00 ,  0.00 
 0.00 ,  0.00 ,  0.00 
 0.00 ,  0.00 ,  0.00 
 0.00 ,  0.00 ,  0.00 
 0.00 ,  0.00 ,  0.00 
 0.00 ,  0.00 ,  0.00 
 0.00 ,  0.00 ,  0.00 
 0.00 ,  0.00 ,  0.00 
 0.00 ,  0.00 ,  0.00 
 0.00 ,  0.00 ,  0.00 
 0.00 ,  0.00 ,  0.00 
 0.00 ,  0.00 ,  0.00 
 0.00 ,  0.00 ,  0.00 
 0.00 ,  0.00 ,  0.00 
 0.00 ,  0.00 ,  0.00 
 0.00 ,  0.00 ,  0.00 
2557.54 ,  0.00 , 2378.51 
 0.00 ,  0.00 ,  0.00 
 0.00 ,  0.00 ,  0.00 
 0.00 ,  0.00 ,  0.00 
 0.00 ,  0.00 ,  0.00 
 0.00 ,  0.00 ,  0.00 
 0.00 ,  0.00 ,  0.00 
 0.00 ,  0.00 ,  0.00 
 0.00 ,  0.00 ,  0.00 
 0.00 ,  0.00 ,  0.00 
 0.00 ,  0.00 ,  0.00 
 0.00 ,  0.00 ,  0.00 
 0.00 ,  0.00 ,  0.00 
 0.00 ,  0.00 ,  0.00 
 0.00 ,  0.00 ,  0.00 
 0.00 ,  0.00 ,  0.00 
 0.00 ,  0.00 ,  0.00 
2547.80 ,  0.00 , 2369.45 
 0.00 ,  0.00 ,  0.00 
 0.00 ,  0.00 ,  0.00 
 0.00 ,  0.00 ,  0.00 
 0.00 ,  0.00 ,  0.00 
 0.00 ,  0.00 ,  0.00 
 0.00 ,  0.00 ,  0.00 
 0.00 ,  0.00 ,  0.00 
 0.00 ,  0.00 ,  0.00 
 0.00 ,  0.00 ,  0.00 
 0.00 ,  0.00 ,  0.00 
 0.00 ,  0.00 ,  0.00 
 0.00 ,  0.00 ,  0.00 
 0.00 ,  0.00 ,  0.00 
 0.00 ,  0.00 ,  0.00 
 0.00 ,  0.00 ,  0.00 
 0.00 ,  0.00 ,  0.00 
 0.00 ,  0.00 ,  0.00 
 0.00 ,  0.00 ,  0.00 
 0.00 ,  0.00 ,  0.00 
 0.00 ,  0.00 ,  0.00 
 0.00 ,  0.00 ,  0.00 
2580.12 ,  0.00 , 2399.51 
 0.00 ,  0.00 ,  0.00 
 0.00 ,  0.00 ,  0.00 
 0.00 ,  0.00 ,  0.00 
 0.00 ,  0.00 ,  0.00 
 0.00 ,  0.00 ,  0.00 
 0.00 ,  0.00 ,  0.00 
 0.00 ,  0.00 ,  0.00 
 0.00 ,  0.00 ,  0.00 
 0.00 ,  0.00 ,  0.00 
 0.00 ,  0.00 ,  0.00 
 0.00 ,  0.00 ,  0.00 
 0.00 ,  0.00 ,  0.00 
 0.00 ,  0.00 ,  0.00 
 0.00 ,  0.00 ,  0.00 
 0.00 ,  0.00 ,  0.00 
 0.00 ,  0.00 ,  0.00 
 0.00 ,  0.00 ,  0.00 
 0.00 ,  0.00 ,  0.00 
 0.00 ,  0.00 ,  0.00 
 0.00 ,  0.00 ,  0.00 
 0.00 ,  0.00 ,  0.00 
2531.23 ,  0.00 , 2354.04 
 0.00 ,  0.00 ,  0.00 
 0.00 ,  0.00 ,  0.00 
 0.00 ,  0.00 ,  0.00 
 0.00 ,  0.00 ,  0.00 
 0.00 ,  0.00 ,  0.00 
 0.00 ,  0.00 ,  0.00 
 0.00 ,  0.00 ,  0.00 
 0.00 ,  0.00 ,  0.00 
 0.00 ,  0.00 ,  0.00 
 0.00 ,  0.00 ,  0.00 
 0.00 ,  0.00 ,  0.00 
 0.00 ,  0.00 ,  0.00 
 0.00 ,  0.00 ,  0.00 
 0.00 ,  0.00 ,  0.00 
 0.00 ,  0.00 ,  0.00 
 0.00 ,  0.00 ,  0.00 
 0.00 ,  0.00 ,  0.00 
 0.00 ,  0.00 ,  0.00 
 0.00 ,  0.00 ,  0.00 
 0.00 ,  0.00 ,  0.00 
 0.00 ,  0.00 ,  0.00 
2523.04 ,  0.00 , 2346.43 
 0.00 ,  0.00 ,  0.00 
 0.00 ,  0.00 ,  0.00 
 0.00 ,  0.00 ,  0.00 
 0.00 ,  0.00 ,  0.00 
 0.00 ,  0.00 ,  0.00 
 0.00 ,  0.00 ,  0.00 
 0.00 ,  0.00 ,  0.00 
 0.00 ,  0.00 ,  0.00 
 0.00 ,  0.00 ,  0.00 
 0.00 ,  0.00 ,  0.00 
 0.00 ,  0.00 ,  0.00 
 0.00 ,  0.00 ,  0.00 
 0.00 ,  0.00 ,  0.00 
 0.00 ,  0.00 ,  0.00 
 0.00 ,  0.00 ,  0.00 
 0.00 ,  0.00 ,  0.00 
 0.00 ,  0.00 ,  0.00 
 0.00 ,  0.00 ,  0.00 
 0.00 ,  0.00 ,  0.00 
 0.00 ,  0.00 ,  0.00 
2519.36 ,  0.00 , 2343.00 
 0.00 ,  0.00 ,  0.00 
 0.00 ,  0.00 ,  0.00 
 0.00 ,  0.00 ,  0.00 
 0.00 ,  0.00 ,  0.00 
 0.00 ,  0.00 ,  0.00 
 0.00 ,  0.00 ,  0.00 
 0.00 ,  0.00 ,  0.00 
 0.00 ,  0.00 ,  0.00 
 0.00 ,  0.00 ,  0.00 
 0.00 ,  0.00 ,  0.00 
 0.00 ,  0.00 ,  0.00 
 0.00 ,  0.00 ,  0.00 
 0.00 ,  0.00 ,  0.00 
 0.00 ,  0.00 ,  0.00 
 0.00 ,  0.00 ,  0.00 
 0.00 ,  0.00 ,  0.00 
 0.00 ,  0.00 ,  0.00 
 0.00 ,  0.00 ,  0.00 
 0.00 ,  0.00 ,  0.00 
 0.00 ,  0.00 ,  0.00 
 0.00 ,  0.00 ,  0.00 
2586.43 ,  0.00 , 2405.38 
 0.00 ,  0.00 ,  0.00 
 0.00 ,  0.00 ,  0.00 
 0.00 ,  0.00 ,  0.00 
 0.00 ,  0.00 ,  0.00 
 0.00 ,  0.00 ,  0.00 
 0.00 ,  0.00 ,  0.00 
 0.00 ,  0.00 ,  0.00 
 0.00 ,  0.00 ,  0.00 
 0.00 ,  0.00 ,  0.00 
 0.00 ,  0.00 ,  0.00 
 0.00 ,  0.00 ,  0.00 
 0.00 ,  0.00 ,  0.00 
 0.00 ,  0.00 ,  0.00 
 0.00 ,  0.00 ,  0.00 
 0.00 ,  0.00 ,  0.00 
 0.00 ,  0.00 ,  0.00 
 0.00 ,  0.00 ,  0.00 
 0.00 ,  0.00 ,  0.00 
 0.00 ,  0.00 ,  0.00 
 0.00 ,  0.00 ,  0.00 
 0.00 ,  0.00 ,  0.00 
2539.65 ,  0.00 , 2361.87 
 0.00 ,  0.00 ,  0.00 
 0.00 ,  0.00 ,  0.00 
 0.00 ,  0.00 ,  0.00 
 0.00 ,  0.00 ,  0.00 
 0.00 ,  0.00 ,  0.00 
 0.00 ,  0.00 ,  0.00 
 0.00 ,  0.00 ,  0.00 
 0.00 ,  0.00 ,  0.00 
 0.00 ,  0.00 ,  0.00 
 0.00 ,  0.00 ,  0.00 
 0.00 ,  0.00 ,  0.00 
 0.00 ,  0.00 ,  0.00 
 0.00 ,  0.00 ,  0.00 
 0.00 ,  0.00 ,  0.00 
 0.00 ,  0.00 ,  0.00 
 0.00 ,  0.00 ,  0.00 
 0.00 ,  0.00 ,  0.00 
 0.00 ,  0.00 ,  0.00 
 0.00 ,  0.00 ,  0.00 
 0.00 ,  0.00 ,  0.00 
 0.00 ,  0.00 ,  0.00 
 0.00 ,  0.00 ,  0.00 
2664.86 ,  0.00 , 2478.32 
 0.00 ,  0.00 ,  0.00 
 0.00 ,  0.00 ,  0.00 
 0.00 ,  0.00 ,  0.00 
 0.00 ,  0.00 ,  0.00 
 0.00 ,  0.00 ,  0.00 
 0.00 ,  0.00 ,  0.00 
 0.00 ,  0.00 ,  0.00 
 0.00 ,  0.00 ,  0.00 
 0.00 ,  0.00 ,  0.00 
 0.00 ,  0.00 ,  0.00 
 0.00 ,  0.00 ,  0.00 
 0.00 ,  0.00 ,  0.00 
 0.00 ,  0.00 ,  0.00 
 0.00 ,  0.00 ,  0.00 
 0.00 ,  0.00 ,  0.00 
 0.00 ,  0.00 ,  0.00 
 0.00 ,  0.00 ,  0.00 
 0.00 ,  0.00 ,  0.00 
 0.00 ,  0.00 ,  0.00 
 0.00 ,  0.00 ,  0.00 
 0.00 ,  0.00 ,  0.00 
 0.00 ,  0.00 ,  0.00 
2638.14 ,  0.00 , 2453.47 
 0.00 ,  0.00 ,  0.00 
 0.00 ,  0.00 ,  0.00 
 0.00 ,  0.00 ,  0.00 
 0.00 ,  0.00 ,  0.00 
 0.00 ,  0.00 ,  0.00 
 0.00 ,  0.00 ,  0.00 
 0.00 ,  0.00 ,  0.00 
 0.00 ,  0.00 ,  0.00 
 0.00 ,  0.00 ,  0.00 
 0.00 ,  0.00 ,  0.00 
 0.00 ,  0.00 ,  0.00 
 0.00 ,  0.00 ,  0.00 
 0.00 ,  0.00 ,  0.00 
 0.00 ,  0.00 ,  0.00 
 0.00 ,  0.00 ,  0.00 
 0.00 ,  0.00 ,  0.00 
 0.00 ,  0.00 ,  0.00 
 0.00 ,  0.00 ,  0.00 
 0.00 ,  0.00 ,  0.00 
 0.00 ,  0.00 ,  0.00 
 0.00 ,  0.00 ,  0.00 
 0.00 ,  0.00 ,  0.00 
2631.78 ,  0.00 , 2447.56 
 0.00 ,  0.00 ,  0.00 
 0.00 ,  0.00 ,  0.00 
 0.00 ,  0.00 ,  0.00 
 0.00 ,  0.00 ,  0.00 
 0.00 ,  0.00 ,  0.00 
 0.00 ,  0.00 ,  0.00 
 0.00 ,  0.00 ,  0.00 
 0.00 ,  0.00 ,  0.00 
 0.00 ,  0.00 ,  0.00 
 0.00 ,  0.00 ,  0.00 
 0.00 ,  0.00 ,  0.00 
 0.00 ,  0.00 ,  0.00 
 0.00 ,  0.00 ,  0.00 
 0.00 ,  0.00 ,  0.00 
 0.00 ,  0.00 ,  0.00 
 0.00 ,  0.00 ,  0.00 
 0.00 ,  0.00 ,  0.00 
 0.00 ,  0.00 ,  0.00 
 0.00 ,  0.00 ,  0.00 
 0.00 ,  0.00 ,  0.00 
 0.00 ,  0.00 ,  0.00 
 0.00 ,  0.00 ,  0.00 
2557.54 ,  0.00 , 2378.51 
 0.00 ,  0.00 ,  0.00 
 0.00 ,  0.00 ,  0.00 
 0.00 ,  0.00 ,  0.00 
 0.00 ,  0.00 ,  0.00 
 0.00 ,  0.00 ,  0.00 
 0.00 ,  0.00 ,  0.00 
 0.00 ,  0.00 ,  0.00 
 0.00 ,  0.00 ,  0.00 
 0.00 ,  0.00 ,  0.00 
 0.00 ,  0.00 ,  0.00 
 0.00 ,  0.00 ,  0.00 
 0.00 ,  0.00 ,  0.00 
 0.00 ,  0.00 ,  0.00 
 0.00 ,  0.00 ,  0.00 
 0.00 ,  0.00 ,  0.00 
 0.00 ,  0.00 ,  0.00 
2547.80 ,  0.00 , 2369.45 
 0.00 ,  0.00 ,  0.00 
 0.00 ,  0.00 ,  0.00 
 0.00 ,  0.00 ,  0.00 
 0.00 ,  0.00 ,  0.00 
 0.00 ,  0.00 ,  0.00 
 0.00 ,  0.00 ,  0.00 
 0.00 ,  0.00 ,  0.00 
 0.00 ,  0.00 ,  0.00 
 0.00 ,  0.00 ,  0.00 
 0.00 ,  0.00 ,  0.00 
 0.00 ,  0.00 ,  0.00 
 0.00 ,  0.00 ,  0.00 
 0.00 ,  0.00 ,  0.00 
 0.00 ,  0.00 ,  0.00 
 0.00 ,  0.00 ,  0.00 
 0.00 ,  0.00 ,  0.00 
 0.00 ,  0.00 ,  0.00 
 0.00 ,  0.00 ,  0.00 
 0.00 ,  0.00 ,  0.00 
 0.00 ,  0.00 ,  0.00 
 0.00 ,  0.00 ,  0.00 
2580.12 ,  0.00 , 2399.51 
 0.00 ,  0.00 ,  0.00 
 0.00 ,  0.00 ,  0.00 
 0.00 ,  0.00 ,  0.00 
 0.00 ,  0.00 ,  0.00 
 0.00 ,  0.00 ,  0.00 
 0.00 ,  0.00 ,  0.00 
 0.00 ,  0.00 ,  0.00 
 0.00 ,  0.00 ,  0.00 
 0.00 ,  0.00 ,  0.00 
 0.00 ,  0.00 ,  0.00 
 0.00 ,  0.00 ,  0.00 
 0.00 ,  0.00 ,  0.00 
 0.00 ,  0.00 ,  0.00 
 0.00 ,  0.00 ,  0.00 
 0.00 ,  0.00 ,  0.00 
 0.00 ,  0.00 ,  0.00 
 0.00 ,  0.00 ,  0.00 
 0.00 ,  0.00 ,  0.00 
 0.00 ,  0.00 ,  0.00 
 0.00 ,  0.00 ,  0.00 
 0.00 ,  0.00 ,  0.00 
2531.23 ,  0.00 , 2354.04 
 0.00 ,  0.00 ,  0.00 
 0.00 ,  0.00 ,  0.00 
 0.00 ,  0.00 ,  0.00 
 0.00 ,  0.00 ,  0.00 
 0.00 ,  0.00 ,  0.00 
 0.00 ,  0.00 ,  0.00 
 0.00 ,  0.00 ,  0.00 
 0.00 ,  0.00 ,  0.00 
 0.00 ,  0.00 ,  0.00 
 0.00 ,  0.00 ,  0.00 
 0.00 ,  0.00 ,  0.00 
 0.00 ,  0.00 ,  0.00 
 0.00 ,  0.00 ,  0.00 
 0.00 ,  0.00 ,  0.00 
 0.00 ,  0.00 ,  0.00 
 0.00 ,  0.00 ,  0.00 
 0.00 ,  0.00 ,  0.00 
 0.00 ,  0.00 ,  0.00 
 0.00 ,  0.00 ,  0.00 
 0.00 ,  0.00 ,  0.00 
 0.00 ,  0.00 ,  0.00 
2523.04 ,  0.00 , 2346.43 
 0.00 ,  0.00 ,  0.00 
 0.00 ,  0.00 ,  0.00 
 0.00 ,  0.00 ,  0.00 
 0.00 ,  0.00 ,  0.00 
 0.00 ,  0.00 ,  0.00 
 0.00 ,  0.00 ,  0.00 
 0.00 ,  0.00 ,  0.00 
 0.00 ,  0.00 ,  0.00 
 0.00 ,  0.00 ,  0.00 
 0.00 ,  0.00 ,  0.00 
 0.00 ,  0.00 ,  0.00 
 0.00 ,  0.00 ,  0.00 
 0.00 ,  0.00 ,  0.00 
 0.00 ,  0.00 ,  0.00 
 0.00 ,  0.00 ,  0.00 
 0.00 ,  0.00 ,  0.00 
 0.00 ,  0.00 ,  0.00 
 0.00 ,  0.00 ,  0.00 
 0.00 ,  0.00 ,  0.00 
 0.00 ,  0.00 ,  0.00 
2519.36 ,  0.00 , 2343.00 
 0.00 ,  0.00 ,  0.00 
 0.00 ,  0.00 ,  0.00 
 0.00 ,  0.00 ,  0.00 
 0.00 ,  0.00 ,  0.00 
 0.00 ,  0.00 ,  0.00 
 0.00 ,  0.00 ,  0.00 
 0.00 ,  0.00 ,  0.00 
 0.00 ,  0.00 ,  0.00 
 0.00 ,  0.00 ,  0.00 
 0.00 ,  0.00 ,  0.00 
 0.00 ,  0.00 ,  0.00 
 0.00 ,  0.00 ,  0.00 
 0.00 ,  0.00 ,  0.00 
 0.00 ,  0.00 ,  0.00 
 0.00 ,  0.00 ,  0.00 
 0.00 ,  0.00 ,  0.00 
 0.00 ,  0.00 ,  0.00 
 0.00 ,  0.00 ,  0.00 
 0.00 ,  0.00 ,  0.00 
 0.00 ,  0.00 ,  0.00 
 0.00 ,  0.00 ,  0.00 
2586.43 ,  0.00 , 2405.38 
 0.00 ,  0.00 ,  0.00 
 0.00 ,  0.00 ,  0.00 
 0.00 ,  0.00 ,  0.00 
 0.00 ,  0.00 ,  0.00 
 0.00 ,  0.00 ,  0.00 
 0.00 ,  0.00 ,  0.00 
 0.00 ,  0.00 ,  0.00 
 0.00 ,  0.00 ,  0.00 
 0.00 ,  0.00 ,  0.00 
 0.00 ,  0.00 ,  0.00 
 0.00 ,  0.00 ,  0.00 
 0.00 ,  0.00 ,  0.00 
 0.00 ,  0.00 ,  0.00 
 0.00 ,  0.00 ,  0.00 
 0.00 ,  0.00 ,  0.00 
 0.00 ,  0.00 ,  0.00 
 0.00 ,  0.00 ,  0.00 
 0.00 ,  0.00 ,  0.00 
 0.00 ,  0.00 ,  0.00 
 0.00 ,  0.00 ,  0.00 
 0.00 ,  0.00 ,  0.00 
2539.65 ,  0.00 , 2361.87 
 0.00 ,  0.00 ,  0.00 
 0.00 ,  0.00 ,  0.00 
 0.00 ,  0.00 ,  0.00 
 0.00 ,  0.00 ,  0.00 
 0.00 ,  0.00 ,  0.00 
 0.00 ,  0.00 ,  0.00 
 0.00 ,  0.00 ,  0.00 
 0.00 ,  0.00 ,  0.00 
 0.00 ,  0.00 ,  0.00 
 0.00 ,  0.00 ,  0.00 
 0.00 ,  0.00 ,  0.00 
 0.00 ,  0.00 ,  0.00 
 0.00 ,  0.00 ,  0.00 
 0.00 ,  0.00 ,  0.00 
 0.00 ,  0.00 ,  0.00 
 0.00 ,  0.00 ,  0.00 
 0.00 ,  0.00 ,  0.00 
 0.00 ,  0.00 ,  0.00 
 0.00 ,  0.00 ,  0.00 
 0.00 ,  0.00 ,  0.00 
 0.00 ,  0.00 ,  0.00 
 0.00 ,  0.00 ,  0.00 
2664.86 ,  0.00 , 2478.32 
 0.00 ,  0.00 ,  0.00 
 0.00 ,  0.00 ,  0.00 
 0.00 ,  0.00 ,  0.00 
 0.00 ,  0.00 ,  0.00 
 0.00 ,  0.00 ,  0.00 
 0.00 ,  0.00 ,  0.00 
 0.00 ,  0.00 ,  0.00 
 0.00 ,  0.00 ,  0.00 
 0.00 ,  0.00 ,  0.00 
 0.00 ,  0.00 ,  0.00 
 0.00 ,  0.00 ,  0.00 
 0.00 ,  0.00 ,  0.00 
 0.00 ,  0.00 ,  0.00 
 0.00 ,  0.00 ,  0.00 
 0.00 ,  0.00 ,  0.00 
 0.00 ,  0.00 ,  0.00 
 0.00 ,  0.00 ,  0.00 
 0.00 ,  0.00 ,  0.00 
 0.00 ,  0.00 ,  0.00 
 0.00 ,  0.00 ,  0.00 
 0.00 ,  0.00 ,  0.00 
 0.00 ,  0.00 ,  0.00 
2638.14 ,  0.00 , 2453.47 
 0.00 ,  0.00 ,  0.00 
 0.00 ,  0.00 ,  0.00 
 0.00 ,  0.00 ,  0.00 
 0.00 ,  0.00 ,  0.00 
 0.00 ,  0.00 ,  0.00 
 0.00 ,  0.00 ,  0.00 
 0.00 ,  0.00 ,  0.00 
 0.00 ,  0.00 ,  0.00 
 0.00 ,  0.00 ,  0.00 
 0.00 ,  0.00 ,  0.00 
 0.00 ,  0.00 ,  0.00 
 0.00 ,  0.00 ,  0.00 
 0.00 ,  0.00 ,  0.00 
 0.00 ,  0.00 ,  0.00 
 0.00 ,  0.00 ,  0.00 
 0.00 ,  0.00 ,  0.00 
 0.00 ,  0.00 ,  0.00 
 0.00 ,  0.00 ,  0.00 
 0.00 ,  0.00 ,  0.00 
 0.00 ,  0.00 ,  0.00 
 0.00 ,  0.00 ,  0.00 
 0.00 ,  0.00 ,  0.00 
2631.78 ,  0.00 , 2447.56 
 0.00 ,  0.00 ,  0.00 
 0.00 ,  0.00 ,  0.00 
 0.00 ,  0.00 ,  0.00 
 0.00 ,  0.00 ,  0.00 
 0.00 ,  0.00 ,  0.00 
 0.00 ,  0.00 ,  0.00 
 0.00 ,  0.00 ,  0.00 
 0.00 ,  0.00 ,  0.00 
 0.00 ,  0.00 ,  0.00 
 0.00 ,  0.00 ,  0.00 
 0.00 ,  0.00 ,  0.00 
 0.00 ,  0.00 ,  0.00 
 0.00 ,  0.00 ,  0.00 
 0.00 ,  0.00 ,  0.00 
 0.00 ,  0.00 ,  0.00 
 0.00 ,  0.00 ,  0.00 
 0.00 ,  0.00 ,  0.00 
 0.00 ,  0.00 ,  0.00 
 0.00 ,  0.00 ,  0.00 
 0.00 ,  0.00 ,  0.00 
 0.00 ,  0.00 ,  0.00 
 0.00 ,  0.00 ,  0.00 
2557.54 ,  0.00 , 2378.51 
 0.00 ,  0.00 ,  0.00 
 0.00 ,  0.00 ,  0.00 
 0.00 ,  0.00 ,  0.00 
 0.00 ,  0.00 ,  0.00 
 0.00 ,  0.00 ,  0.00 
 0.00 ,  0.00 ,  0.00 
 0.00 ,  0.00 ,  0.00 
 0.00 ,  0.00 ,  0.00 
 0.00 ,  0.00 ,  0.00 
 0.00 ,  0.00 ,  0.00 
 0.00 ,  0.00 ,  0.00 
 0.00 ,  0.00 ,  0.00 
 0.00 ,  0.00 ,  0.00 
 0.00 ,  0.00 ,  0.00 
 0.00 ,  0.00 ,  0.00 
 0.00 ,  0.00 ,  0.00 
2547.80 ,  0.00 , 2369.45 
 0.00 ,  0.00 ,  0.00 
 0.00 ,  0.00 ,  0.00 
 0.00 ,  0.00 ,  0.00 
 0.00 ,  0.00 ,  0.00 
 0.00 ,  0.00 ,  0.00 
 0.00 ,  0.00 ,  0.00 
 0.00 ,  0.00 ,  0.00 
 0.00 ,  0.00 ,  0.00 
 0.00 ,  0.00 ,  0.00 
 0.00 ,  0.00 ,  0.00 
 0.00 ,  0.00 ,  0.00 
 0.00 ,  0.00 ,  0.00 
 0.00 ,  0.00 ,  0.00 
 0.00 ,  0.00 ,  0.00 
 0.00 ,  0.00 ,  0.00 
 0.00 ,  0.00 ,  0.00 
 0.00 ,  0.00 ,  0.00 
 0.00 ,  0.00 ,  0.00 
 0.00 ,  0.00 ,  0.00 
 0.00 ,  0.00 ,  0.00 
 0.00 ,  0.00 ,  0.00 
2580.12 ,  0.00 , 2399.51 
 0.00 ,  0.00 ,  0.00 
 0.00 ,  0.00 ,  0.00 
 0.00 ,  0.00 ,  0.00 
 0.00 ,  0.00 ,  0.00 
 0.00 ,  0.00 ,  0.00 
 0.00 ,  0.00 ,  0.00 
 0.00 ,  0.00 ,  0.00 
 0.00 ,  0.00 ,  0.00 
 0.00 ,  0.00 ,  0.00 
 0.00 ,  0.00 ,  0.00 
 0.00 ,  0.00 ,  0.00 
 0.00 ,  0.00 ,  0.00 
 0.00 ,  0.00 ,  0.00 
 0.00 ,  0.00 ,  0.00 
 0.00 ,  0.00 ,  0.00 
 0.00 ,  0.00 ,  0.00 
 0.00 ,  0.00 ,  0.00 
 0.00 ,  0.00 ,  0.00 
 0.00 ,  0.00 ,  0.00 
 0.00 ,  0.00 ,  0.00 
 0.00 ,  0.00 ,  0.00 
2570.88 ,  0.00 , 2390.92 
 0.00 ,  0.00 ,  0.00 
 0.00 ,  0.00 ,  0.00 
 0.00 ,  0.00 ,  0.00 
 0.00 ,  0.00 ,  0.00 
 0.00 ,  0.00 ,  0.00 
 0.00 ,  0.00 ,  0.00 
 0.00 ,  0.00 ,  0.00 
 0.00 ,  0.00 ,  0.00 
 0.00 ,  0.00 ,  0.00 
 0.00 ,  0.00 ,  0.00 
 0.00 ,  0.00 ,  0.00 
 0.00 ,  0.00 ,  0.00 
 0.00 ,  0.00 ,  0.00 
 0.00 ,  0.00 ,  0.00 
 0.00 ,  0.00 ,  0.00 
 0.00 ,  0.00 ,  0.00 
 0.00 ,  0.00 ,  0.00 
 0.00 ,  0.00 ,  0.00 
 0.00 ,  0.00 ,  0.00 
 0.00 ,  0.00 ,  0.00 
 0.00 ,  0.00 ,  0.00 
2567.31 ,  0.00 , 2387.59 
 0.00 ,  0.00 ,  0.00 
 0.00 ,  0.00 ,  0.00 
 0.00 ,  0.00 ,  0.00 
 0.00 ,  0.00 ,  0.00 
 0.00 ,  0.00 ,  0.00 
 0.00 ,  0.00 ,  0.00 
 0.00 ,  0.00 ,  0.00 
 0.00 ,  0.00 ,  0.00 
 0.00 ,  0.00 ,  0.00 
 0.00 ,  0.00 ,  0.00 
 0.00 ,  0.00 ,  0.00 
 0.00 ,  0.00 ,  0.00 
 0.00 ,  0.00 ,  0.00 
 0.00 ,  0.00 ,  0.00 
 0.00 ,  0.00 ,  0.00 
 0.00 ,  0.00 ,  0.00 
 0.00 ,  0.00 ,  0.00 
 0.00 ,  0.00 ,  0.00 
 0.00 ,  0.00 ,  0.00 
 0.00 ,  0.00 ,  0.00 
2564.17 ,  0.00 , 2384.67 
 0.00 ,  0.00 ,  0.00 
 0.00 ,  0.00 ,  0.00 
 0.00 ,  0.00 ,  0.00 
 0.00 ,  0.00 ,  0.00 
 0.00 ,  0.00 ,  0.00 
 0.00 ,  0.00 ,  0.00 
 0.00 ,  0.00 ,  0.00 
 0.00 ,  0.00 ,  0.00 
 0.00 ,  0.00 ,  0.00 
 0.00 ,  0.00 ,  0.00 
 0.00 ,  0.00 ,  0.00 
 0.00 ,  0.00 ,  0.00 
 0.00 ,  0.00 ,  0.00 
 0.00 ,  0.00 ,  0.00 
 0.00 ,  0.00 ,  0.00 
 0.00 ,  0.00 ,  0.00 
 0.00 ,  0.00 ,  0.00 
 0.00 ,  0.00 ,  0.00 
 0.00 ,  0.00 ,  0.00 
 0.00 ,  0.00 ,  0.00 
2498.13 ,  0.00 , 2323.26 
 0.00 ,  0.00 ,  0.00 
 0.00 ,  0.00 ,  0.00 
 0.00 ,  0.00 ,  0.00 
 0.00 ,  0.00 ,  0.00 
 0.00 ,  0.00 ,  0.00 
 0.00 ,  0.00 ,  0.00 
 0.00 ,  0.00 ,  0.00 
 0.00 ,  0.00 ,  0.00 
 0.00 ,  0.00 ,  0.00 
 0.00 ,  0.00 ,  0.00 
 0.00 ,  0.00 ,  0.00 
 0.00 ,  0.00 ,  0.00 
 0.00 ,  0.00 ,  0.00 
 0.00 ,  0.00 ,  0.00 
 0.00 ,  0.00 ,  0.00 
 0.00 ,  0.00 ,  0.00 
 0.00 ,  0.00 ,  0.00 
 0.00 ,  0.00 ,  0.00 
 0.00 ,  0.00 ,  0.00 
 0.00 ,  0.00 ,  0.00 
 0.00 ,  0.00 ,  0.00 
2559.16 ,  0.00 , 2380.02 
 0.00 ,  0.00 ,  0.00 
 0.00 ,  0.00 ,  0.00 
 0.00 ,  0.00 ,  0.00 
 0.00 ,  0.00 ,  0.00 
 0.00 ,  0.00 ,  0.00 
 0.00 ,  0.00 ,  0.00 
 0.00 ,  0.00 ,  0.00 
 0.00 ,  0.00 ,  0.00 
 0.00 ,  0.00 ,  0.00 
 0.00 ,  0.00 ,  0.00 
 0.00 ,  0.00 ,  0.00 
 0.00 ,  0.00 ,  0.00 
 0.00 ,  0.00 ,  0.00 
 0.00 ,  0.00 ,  0.00 
 0.00 ,  0.00 ,  0.00 
 0.00 ,  0.00 ,  0.00 
 0.00 ,  0.00 ,  0.00 
 0.00 ,  0.00 ,  0.00 
 0.00 ,  0.00 ,  0.00 
 0.00 ,  0.00 ,  0.00 
 0.00 ,  0.00 ,  0.00 
2504.35 ,  0.00 , 2329.04 
 0.00 ,  0.00 ,  0.00 
 0.00 ,  0.00 ,  0.00 
 0.00 ,  0.00 ,  0.00 
 0.00 ,  0.00 ,  0.00 
 0.00 ,  0.00 ,  0.00 
 0.00 ,  0.00 ,  0.00 
 0.00 ,  0.00 ,  0.00 
 0.00 ,  0.00 ,  0.00 
 0.00 ,  0.00 ,  0.00 
 0.00 ,  0.00 ,  0.00 
 0.00 ,  0.00 ,  0.00 
 0.00 ,  0.00 ,  0.00 
 0.00 ,  0.00 ,  0.00 
 0.00 ,  0.00 ,  0.00 
 0.00 ,  0.00 ,  0.00 
 0.00 ,  0.00 ,  0.00 
 0.00 ,  0.00 ,  0.00 
 0.00 ,  0.00 ,  0.00 
 0.00 ,  0.00 ,  0.00 
 0.00 ,  0.00 ,  0.00 
 0.00 ,  0.00 ,  0.00 
2514.10 ,  0.00 , 2338.11 
 0.00 ,  0.00 ,  0.00 
 0.00 ,  0.00 ,  0.00 
 0.00 ,  0.00 ,  0.00 
 0.00 ,  0.00 ,  0.00 
 0.00 ,  0.00 ,  0.00 
 0.00 ,  0.00 ,  0.00 
 0.00 ,  0.00 ,  0.00 
 0.00 ,  0.00 ,  0.00 
 0.00 ,  0.00 ,  0.00 
 0.00 ,  0.00 ,  0.00 
 0.00 ,  0.00 ,  0.00 
 0.00 ,  0.00 ,  0.00 
 0.00 ,  0.00 ,  0.00 
 0.00 ,  0.00 ,  0.00 
 0.00 ,  0.00 ,  0.00 
 0.00 ,  0.00 ,  0.00 
2553.73 ,  0.00 , 2374.97 
 0.00 ,  0.00 ,  0.00 
 0.00 ,  0.00 ,  0.00 
 0.00 ,  0.00 ,  0.00 
 0.00 ,  0.00 ,  0.00 
 0.00 ,  0.00 ,  0.00 
 0.00 ,  0.00 ,  0.00 
 0.00 ,  0.00 ,  0.00 
 0.00 ,  0.00 ,  0.00 
 0.00 ,  0.00 ,  0.00 
 0.00 ,  0.00 ,  0.00 
 0.00 ,  0.00 ,  0.00 
 0.00 ,  0.00 ,  0.00 
 0.00 ,  0.00 ,  0.00 
 0.00 ,  0.00 ,  0.00 
 0.00 ,  0.00 ,  0.00 
 0.00 ,  0.00 ,  0.00 
 0.00 ,  0.00 ,  0.00 
 0.00 ,  0.00 ,  0.00 
 0.00 ,  0.00 ,  0.00 
 0.00 ,  0.00 ,  0.00 
 0.00 ,  0.00 ,  0.00 
2600.75 ,  0.00 , 2418.70 
 0.00 ,  0.00 ,  0.00 
 0.00 ,  0.00 ,  0.00 
 0.00 ,  0.00 ,  0.00 
 0.00 ,  0.00 ,  0.00 
 0.00 ,  0.00 ,  0.00 
 0.00 ,  0.00 ,  0.00 
 0.00 ,  0.00 ,  0.00 
 0.00 ,  0.00 ,  0.00 
 0.00 ,  0.00 ,  0.00 
 0.00 ,  0.00 ,  0.00 
 0.00 ,  0.00 ,  0.00 
 0.00 ,  0.00 ,  0.00 
 0.00 ,  0.00 ,  0.00 
 0.00 ,  0.00 ,  0.00 
 0.00 ,  0.00 ,  0.00 
 0.00 ,  0.00 ,  0.00 
 0.00 ,  0.00 ,  0.00 
 0.00 ,  0.00 ,  0.00 
 0.00 ,  0.00 ,  0.00 
 0.00 ,  0.00 ,  0.00 
 0.00 ,  0.00 ,  0.00 
2548.41 ,  0.00 , 2370.02 
 0.00 ,  0.00 ,  0.00 
 0.00 ,  0.00 ,  0.00 
 0.00 ,  0.00 ,  0.00 
 0.00 ,  0.00 ,  0.00 
 0.00 ,  0.00 ,  0.00 
 0.00 ,  0.00 ,  0.00 
 0.00 ,  0.00 ,  0.00 
 0.00 ,  0.00 ,  0.00 
 0.00 ,  0.00 ,  0.00 
 0.00 ,  0.00 ,  0.00 
 0.00 ,  0.00 ,  0.00 
 0.00 ,  0.00 ,  0.00 
 0.00 ,  0.00 ,  0.00 
 0.00 ,  0.00 ,  0.00 
 0.00 ,  0.00 ,  0.00 
 0.00 ,  0.00 ,  0.00 
 0.00 ,  0.00 ,  0.00 
 0.00 ,  0.00 ,  0.00 
 0.00 ,  0.00 ,  0.00 
 0.00 ,  0.00 ,  0.00 
2519.58 ,  0.00 , 2343.21 
 0.00 ,  0.00 ,  0.00 
 0.00 ,  0.00 ,  0.00 
 0.00 ,  0.00 ,  0.00 
 0.00 ,  0.00 ,  0.00 
 0.00 ,  0.00 ,  0.00 
 0.00 ,  0.00 ,  0.00 
 0.00 ,  0.00 ,  0.00 
 0.00 ,  0.00 ,  0.00 
 0.00 ,  0.00 ,  0.00 
 0.00 ,  0.00 ,  0.00 
 0.00 ,  0.00 ,  0.00 
 0.00 ,  0.00 ,  0.00 
 0.00 ,  0.00 ,  0.00 
 0.00 ,  0.00 ,  0.00 
 0.00 ,  0.00 ,  0.00 
 0.00 ,  0.00 ,  0.00 
 0.00 ,  0.00 ,  0.00 
 0.00 ,  0.00 ,  0.00 
 0.00 ,  0.00 ,  0.00 
 0.00 ,  0.00 ,  0.00 
2542.01 ,  0.00 , 2364.07 
 0.00 ,  0.00 ,  0.00 
 0.00 ,  0.00 ,  0.00 
 0.00 ,  0.00 ,  0.00 
 0.00 ,  0.00 ,  0.00 
 0.00 ,  0.00 ,  0.00 
 0.00 ,  0.00 ,  0.00 
 0.00 ,  0.00 ,  0.00 
 0.00 ,  0.00 ,  0.00 
 0.00 ,  0.00 ,  0.00 
 0.00 ,  0.00 ,  0.00 
 0.00 ,  0.00 ,  0.00 
 0.00 ,  0.00 ,  0.00 
 0.00 ,  0.00 ,  0.00 
 0.00 ,  0.00 ,  0.00 
 0.00 ,  0.00 ,  0.00 
 0.00 ,  0.00 ,  0.00 
 0.00 ,  0.00 ,  0.00 
 0.00 ,  0.00 ,  0.00 
 0.00 ,  0.00 ,  0.00 
 0.00 ,  0.00 ,  0.00 
 0.00 ,  0.00 ,  0.00 
2584.30 ,  0.00 , 2403.40 
 0.00 ,  0.00 ,  0.00 
 0.00 ,  0.00 ,  0.00 
 0.00 ,  0.00 ,  0.00 
 0.00 ,  0.00 ,  0.00 
 0.00 ,  0.00 ,  0.00 
 0.00 ,  0.00 ,  0.00 
 0.00 ,  0.00 ,  0.00 
 0.00 ,  0.00 ,  0.00 
 0.00 ,  0.00 ,  0.00 
 0.00 ,  0.00 ,  0.00 
 0.00 ,  0.00 ,  0.00 
 0.00 ,  0.00 ,  0.00 
 0.00 ,  0.00 ,  0.00 
 0.00 ,  0.00 ,  0.00 
 0.00 ,  0.00 ,  0.00 
 0.00 ,  0.00 ,  0.00 
 0.00 ,  0.00 ,  0.00 
 0.00 ,  0.00 ,  0.00 
 0.00 ,  0.00 ,  0.00 
 0.00 ,  0.00 ,  0.00 
 0.00 ,  0.00 ,  0.00 
2531.81 ,  0.00 , 2354.59 
 0.00 ,  0.00 ,  0.00 
 0.00 ,  0.00 ,  0.00 
 0.00 ,  0.00 ,  0.00 
 0.00 ,  0.00 ,  0.00 
 0.00 ,  0.00 ,  0.00 
 0.00 ,  0.00 ,  0.00 
 0.00 ,  0.00 ,  0.00 
 0.00 ,  0.00 ,  0.00 
 0.00 ,  0.00 ,  0.00 
 0.00 ,  0.00 ,  0.00 
 0.00 ,  0.00 ,  0.00 
 0.00 ,  0.00 ,  0.00 
 0.00 ,  0.00 ,  0.00 
 0.00 ,  0.00 ,  0.00 
 0.00 ,  0.00 ,  0.00 
 0.00 ,  0.00 ,  0.00 
 0.00 ,  0.00 ,  0.00 
 0.00 ,  0.00 ,  0.00 
 0.00 ,  0.00 ,  0.00 
 0.00 ,  0.00 ,  0.00 
 0.00 ,  0.00 ,  0.00 
 0.00 ,  0.00 ,  0.00 
2677.95 ,  0.00 , 2490.49 
 0.00 ,  0.00 ,  0.00 
 0.00 ,  0.00 ,  0.00 
 0.00 ,  0.00 ,  0.00 
 0.00 ,  0.00 ,  0.00 
 0.00 ,  0.00 ,  0.00 
 0.00 ,  0.00 ,  0.00 
 0.00 ,  0.00 ,  0.00 
 0.00 ,  0.00 ,  0.00 
 0.00 ,  0.00 ,  0.00 
 0.00 ,  0.00 ,  0.00 
 0.00 ,  0.00 ,  0.00 
 0.00 ,  0.00 ,  0.00 
 0.00 ,  0.00 ,  0.00 
 0.00 ,  0.00 ,  0.00 
 0.00 ,  0.00 ,  0.00 
 0.00 ,  0.00 ,  0.00 
 0.00 ,  0.00 ,  0.00 
 0.00 ,  0.00 ,  0.00 
 0.00 ,  0.00 ,  0.00 
 0.00 ,  0.00 ,  0.00 
 0.00 ,  0.00 ,  0.00 
2514.10 ,  0.00 , 2338.11 
 0.00 ,  0.00 ,  0.00 
 0.00 ,  0.00 ,  0.00 
 0.00 ,  0.00 ,  0.00 
 0.00 ,  0.00 ,  0.00 
 0.00 ,  0.00 ,  0.00 
 0.00 ,  0.00 ,  0.00 
 0.00 ,  0.00 ,  0.00 
 0.00 ,  0.00 ,  0.00 
 0.00 ,  0.00 ,  0.00 
 0.00 ,  0.00 ,  0.00 
 0.00 ,  0.00 ,  0.00 
 0.00 ,  0.00 ,  0.00 
 0.00 ,  0.00 ,  0.00 
 0.00 ,  0.00 ,  0.00 
 0.00 ,  0.00 ,  0.00 
 0.00 ,  0.00 ,  0.00 
2553.73 ,  0.00 , 2374.97 
 0.00 ,  0.00 ,  0.00 
 0.00 ,  0.00 ,  0.00 
 0.00 ,  0.00 ,  0.00 
 0.00 ,  0.00 ,  0.00 
 0.00 ,  0.00 ,  0.00 
 0.00 ,  0.00 ,  0.00 
 0.00 ,  0.00 ,  0.00 
 0.00 ,  0.00 ,  0.00 
 0.00 ,  0.00 ,  0.00 
 0.00 ,  0.00 ,  0.00 
 0.00 ,  0.00 ,  0.00 
 0.00 ,  0.00 ,  0.00 
 0.00 ,  0.00 ,  0.00 
 0.00 ,  0.00 ,  0.00 
 0.00 ,  0.00 ,  0.00 
 0.00 ,  0.00 ,  0.00 
 0.00 ,  0.00 ,  0.00 
 0.00 ,  0.00 ,  0.00 
 0.00 ,  0.00 ,  0.00 
 0.00 ,  0.00 ,  0.00 
 0.00 ,  0.00 ,  0.00 
2600.75 ,  0.00 , 2418.70 
 0.00 ,  0.00 ,  0.00 
 0.00 ,  0.00 ,  0.00 
 0.00 ,  0.00 ,  0.00 
 0.00 ,  0.00 ,  0.00 
 0.00 ,  0.00 ,  0.00 
 0.00 ,  0.00 ,  0.00 
 0.00 ,  0.00 ,  0.00 
 0.00 ,  0.00 ,  0.00 
 0.00 ,  0.00 ,  0.00 
 0.00 ,  0.00 ,  0.00 
 0.00 ,  0.00 ,  0.00 
 0.00 ,  0.00 ,  0.00 
 0.00 ,  0.00 ,  0.00 
 0.00 ,  0.00 ,  0.00 
 0.00 ,  0.00 ,  0.00 
 0.00 ,  0.00 ,  0.00 
 0.00 ,  0.00 ,  0.00 
 0.00 ,  0.00 ,  0.00 
 0.00 ,  0.00 ,  0.00 
 0.00 ,  0.00 ,  0.00 
 0.00 ,  0.00 ,  0.00 
2548.41 ,  0.00 , 2370.02 
 0.00 ,  0.00 ,  0.00 
 0.00 ,  0.00 ,  0.00 
 0.00 ,  0.00 ,  0.00 
 0.00 ,  0.00 ,  0.00 
 0.00 ,  0.00 ,  0.00 
 0.00 ,  0.00 ,  0.00 
 0.00 ,  0.00 ,  0.00 
 0.00 ,  0.00 ,  0.00 
 0.00 ,  0.00 ,  0.00 
 0.00 ,  0.00 ,  0.00 
 0.00 ,  0.00 ,  0.00 
 0.00 ,  0.00 ,  0.00 
 0.00 ,  0.00 ,  0.00 
 0.00 ,  0.00 ,  0.00 
 0.00 ,  0.00 ,  0.00 
 0.00 ,  0.00 ,  0.00 
 0.00 ,  0.00 ,  0.00 
 0.00 ,  0.00 ,  0.00 
 0.00 ,  0.00 ,  0.00 
 0.00 ,  0.00 ,  0.00 
2519.58 ,  0.00 , 2343.21 
 0.00 ,  0.00 ,  0.00 
 0.00 ,  0.00 ,  0.00 
 0.00 ,  0.00 ,  0.00 
 0.00 ,  0.00 ,  0.00 
 0.00 ,  0.00 ,  0.00 
 0.00 ,  0.00 ,  0.00 
 0.00 ,  0.00 ,  0.00 
 0.00 ,  0.00 ,  0.00 
 0.00 ,  0.00 ,  0.00 
 0.00 ,  0.00 ,  0.00 
 0.00 ,  0.00 ,  0.00 
 0.00 ,  0.00 ,  0.00 
 0.00 ,  0.00 ,  0.00 
 0.00 ,  0.00 ,  0.00 
 0.00 ,  0.00 ,  0.00 
 0.00 ,  0.00 ,  0.00 
 0.00 ,  0.00 ,  0.00 
 0.00 ,  0.00 ,  0.00 
 0.00 ,  0.00 ,  0.00 
 0.00 ,  0.00 ,  0.00 
2542.01 ,  0.00 , 2364.07 
 0.00 ,  0.00 ,  0.00 
 0.00 ,  0.00 ,  0.00 
 0.00 ,  0.00 ,  0.00 
 0.00 ,  0.00 ,  0.00 
 0.00 ,  0.00 ,  0.00 
 0.00 ,  0.00 ,  0.00 
 0.00 ,  0.00 ,  0.00 
 0.00 ,  0.00 ,  0.00 
 0.00 ,  0.00 ,  0.00 
 0.00 ,  0.00 ,  0.00 
 0.00 ,  0.00 ,  0.00 
 0.00 ,  0.00 ,  0.00 
 0.00 ,  0.00 ,  0.00 
 0.00 ,  0.00 ,  0.00 
 0.00 ,  0.00 ,  0.00 
 0.00 ,  0.00 ,  0.00 
 0.00 ,  0.00 ,  0.00 
 0.00 ,  0.00 ,  0.00 
 0.00 ,  0.00 ,  0.00 
 0.00 ,  0.00 ,  0.00 
 0.00 ,  0.00 ,  0.00 
2584.30 ,  0.00 , 2403.40 
 0.00 ,  0.00 ,  0.00 
 0.00 ,  0.00 ,  0.00 
 0.00 ,  0.00 ,  0.00 
 0.00 ,  0.00 ,  0.00 
 0.00 ,  0.00 ,  0.00 
 0.00 ,  0.00 ,  0.00 
 0.00 ,  0.00 ,  0.00 
 0.00 ,  0.00 ,  0.00 
 0.00 ,  0.00 ,  0.00 
 0.00 ,  0.00 ,  0.00 
 0.00 ,  0.00 ,  0.00 
 0.00 ,  0.00 ,  0.00 
 0.00 ,  0.00 ,  0.00 
 0.00 ,  0.00 ,  0.00 
 0.00 ,  0.00 ,  0.00 
 0.00 ,  0.00 ,  0.00 
 0.00 ,  0.00 ,  0.00 
 0.00 ,  0.00 ,  0.00 
 0.00 ,  0.00 ,  0.00 
 0.00 ,  0.00 ,  0.00 
 0.00 ,  0.00 ,  0.00 
2531.81 ,  0.00 , 2354.59 
 0.00 ,  0.00 ,  0.00 
 0.00 ,  0.00 ,  0.00 
 0.00 ,  0.00 ,  0.00 
 0.00 ,  0.00 ,  0.00 
 0.00 ,  0.00 ,  0.00 
 0.00 ,  0.00 ,  0.00 
 0.00 ,  0.00 ,  0.00 
 0.00 ,  0.00 ,  0.00 
 0.00 ,  0.00 ,  0.00 
 0.00 ,  0.00 ,  0.00 
 0.00 ,  0.00 ,  0.00 
 0.00 ,  0.00 ,  0.00 
 0.00 ,  0.00 ,  0.00 
 0.00 ,  0.00 ,  0.00 
 0.00 ,  0.00 ,  0.00 
 0.00 ,  0.00 ,  0.00 
 0.00 ,  0.00 ,  0.00 
 0.00 ,  0.00 ,  0.00 
 0.00 ,  0.00 ,  0.00 
 0.00 ,  0.00 ,  0.00 
 0.00 ,  0.00 ,  0.00 
 0.00 ,  0.00 ,  0.00 
2677.95 ,  0.00 , 2490.49 
 0.00 ,  0.00 ,  0.00 
 0.00 ,  0.00 ,  0.00 
 0.00 ,  0.00 ,  0.00 
 0.00 ,  0.00 ,  0.00 
 0.00 ,  0.00 ,  0.00 
 0.00 ,  0.00 ,  0.00 
 0.00 ,  0.00 ,  0.00 
 0.00 ,  0.00 ,  0.00 
 0.00 ,  0.00 ,  0.00 
 0.00 ,  0.00 ,  0.00 
 0.00 ,  0.00 ,  0.00 
 0.00 ,  0.00 ,  0.00 
 0.00 ,  0.00 ,  0.00 
 0.00 ,  0.00 ,  0.00 
 0.00 ,  0.00 ,  0.00 
 0.00 ,  0.00 ,  0.00 
 0.00 ,  0.00 ,  0.00 
 0.00 ,  0.00 ,  0.00 
 0.00 ,  0.00 ,  0.00 
 0.00 ,  0.00 ,  0.00 
 0.00 ,  0.00 ,  0.00 
2514.10 ,  0.00 , 2338.11 
 0.00 ,  0.00 ,  0.00 
 0.00 ,  0.00 ,  0.00 
 0.00 ,  0.00 ,  0.00 
 0.00 ,  0.00 ,  0.00 
 0.00 ,  0.00 ,  0.00 
 0.00 ,  0.00 ,  0.00 
 0.00 ,  0.00 ,  0.00 
 0.00 ,  0.00 ,  0.00 
 0.00 ,  0.00 ,  0.00 
 0.00 ,  0.00 ,  0.00 
 0.00 ,  0.00 ,  0.00 
 0.00 ,  0.00 ,  0.00 
 0.00 ,  0.00 ,  0.00 
 0.00 ,  0.00 ,  0.00 
 0.00 ,  0.00 ,  0.00 
 0.00 ,  0.00 ,  0.00 
2553.73 ,  0.00 , 2374.97 
 0.00 ,  0.00 ,  0.00 
 0.00 ,  0.00 ,  0.00 
 0.00 ,  0.00 ,  0.00 
 0.00 ,  0.00 ,  0.00 
 0.00 ,  0.00 ,  0.00 
 0.00 ,  0.00 ,  0.00 
 0.00 ,  0.00 ,  0.00 
 0.00 ,  0.00 ,  0.00 
 0.00 ,  0.00 ,  0.00 
 0.00 ,  0.00 ,  0.00 
 0.00 ,  0.00 ,  0.00 
 0.00 ,  0.00 ,  0.00 
 0.00 ,  0.00 ,  0.00 
 0.00 ,  0.00 ,  0.00 
 0.00 ,  0.00 ,  0.00 
 0.00 ,  0.00 ,  0.00 
 0.00 ,  0.00 ,  0.00 
 0.00 ,  0.00 ,  0.00 
 0.00 ,  0.00 ,  0.00 
 0.00 ,  0.00 ,  0.00 
 0.00 ,  0.00 ,  0.00 
2600.75 ,  0.00 , 2418.70 
 0.00 ,  0.00 ,  0.00 
 0.00 ,  0.00 ,  0.00 
 0.00 ,  0.00 ,  0.00 
 0.00 ,  0.00 ,  0.00 
 0.00 ,  0.00 ,  0.00 
 0.00 ,  0.00 ,  0.00 
 0.00 ,  0.00 ,  0.00 
 0.00 ,  0.00 ,  0.00 
 0.00 ,  0.00 ,  0.00 
 0.00 ,  0.00 ,  0.00 
 0.00 ,  0.00 ,  0.00 
 0.00 ,  0.00 ,  0.00 
 0.00 ,  0.00 ,  0.00 
 0.00 ,  0.00 ,  0.00 
 0.00 ,  0.00 ,  0.00 
 0.00 ,  0.00 ,  0.00 
 0.00 ,  0.00 ,  0.00 
 0.00 ,  0.00 ,  0.00 
 0.00 ,  0.00 ,  0.00 
 0.00 ,  0.00 ,  0.00 
 0.00 ,  0.00 ,  0.00 
2548.41 ,  0.00 , 2370.02 
 0.00 ,  0.00 ,  0.00 
 0.00 ,  0.00 ,  0.00 
 0.00 ,  0.00 ,  0.00 
 0.00 ,  0.00 ,  0.00 
 0.00 ,  0.00 ,  0.00 
 0.00 ,  0.00 ,  0.00 
 0.00 ,  0.00 ,  0.00 
 0.00 ,  0.00 ,  0.00 
 0.00 ,  0.00 ,  0.00 
 0.00 ,  0.00 ,  0.00 
 0.00 ,  0.00 ,  0.00 
 0.00 ,  0.00 ,  0.00 
 0.00 ,  0.00 ,  0.00 
 0.00 ,  0.00 ,  0.00 
 0.00 ,  0.00 ,  0.00 
 0.00 ,  0.00 ,  0.00 
 0.00 ,  0.00 ,  0.00 
 0.00 ,  0.00 ,  0.00 
 0.00 ,  0.00 ,  0.00 
 0.00 ,  0.00 ,  0.00 
2519.58 ,  0.00 , 2343.21 
 0.00 ,  0.00 ,  0.00 
 0.00 ,  0.00 ,  0.00 
 0.00 ,  0.00 ,  0.00 
 0.00 ,  0.00 ,  0.00 
 0.00 ,  0.00 ,  0.00 
 0.00 ,  0.00 ,  0.00 
 0.00 ,  0.00 ,  0.00 
 0.00 ,  0.00 ,  0.00 
 0.00 ,  0.00 ,  0.00 
 0.00 ,  0.00 ,  0.00 
 0.00 ,  0.00 ,  0.00 
 0.00 ,  0.00 ,  0.00 
 0.00 ,  0.00 ,  0.00 
 0.00 ,  0.00 ,  0.00 
 0.00 ,  0.00 ,  0.00 
 0.00 ,  0.00 ,  0.00 
 0.00 ,  0.00 ,  0.00 
 0.00 ,  0.00 ,  0.00 
 0.00 ,  0.00 ,  0.00 
 0.00 ,  0.00 ,  0.00 
2542.01 ,  0.00 , 2364.07 
 0.00 ,  0.00 ,  0.00 
 0.00 ,  0.00 ,  0.00 
 0.00 ,  0.00 ,  0.00 
 0.00 ,  0.00 ,  0.00 
 0.00 ,  0.00 ,  0.00 
 0.00 ,  0.00 ,  0.00 
 0.00 ,  0.00 ,  0.00 
 0.00 ,  0.00 ,  0.00 
 0.00 ,  0.00 ,  0.00 
 0.00 ,  0.00 ,  0.00 
 0.00 ,  0.00 ,  0.00 
 0.00 ,  0.00 ,  0.00 
 0.00 ,  0.00 ,  0.00 
 0.00 ,  0.00 ,  0.00 
 0.00 ,  0.00 ,  0.00 
 0.00 ,  0.00 ,  0.00 
 0.00 ,  0.00 ,  0.00 
 0.00 ,  0.00 ,  0.00 
 0.00 ,  0.00 ,  0.00 
 0.00 ,  0.00 ,  0.00 
 0.00 ,  0.00 ,  0.00 
2584.30 ,  0.00 , 2403.40 
 0.00 ,  0.00 ,  0.00 
 0.00 ,  0.00 ,  0.00 
 0.00 ,  0.00 ,  0.00 
 0.00 ,  0.00 ,  0.00 
 0.00 ,  0.00 ,  0.00 
 0.00 ,  0.00 ,  0.00 
 0.00 ,  0.00 ,  0.00 
 0.00 ,  0.00 ,  0.00 
 0.00 ,  0.00 ,  0.00 
 0.00 ,  0.00 ,  0.00 
 0.00 ,  0.00 ,  0.00 
 0.00 ,  0.00 ,  0.00 
 0.00 ,  0.00 ,  0.00 
 0.00 ,  0.00 ,  0.00 
 0.00 ,  0.00 ,  0.00 
 0.00 ,  0.00 ,  0.00 
 0.00 ,  0.00 ,  0.00 
 0.00 ,  0.00 ,  0.00 
 0.00 ,  0.00 ,  0.00 
 0.00 ,  0.00 ,  0.00 
 0.00 ,  0.00 ,  0.00 
2531.81 ,  0.00 , 2354.59 
 0.00 ,  0.00 ,  0.00 
 0.00 ,  0.00 ,  0.00 
 0.00 ,  0.00 ,  0.00 
 0.00 ,  0.00 ,  0.00 
 0.00 ,  0.00 ,  0.00 
 0.00 ,  0.00 ,  0.00 
 0.00 ,  0.00 ,  0.00 
 0.00 ,  0.00 ,  0.00 
 0.00 ,  0.00 ,  0.00 
 0.00 ,  0.00 ,  0.00 
 0.00 ,  0.00 ,  0.00 
 0.00 ,  0.00 ,  0.00 
 0.00 ,  0.00 ,  0.00 
 0.00 ,  0.00 ,  0.00 
 0.00 ,  0.00 ,  0.00 
 0.00 ,  0.00 ,  0.00 
 0.00 ,  0.00 ,  0.00 
 0.00 ,  0.00 ,  0.00 
 0.00 ,  0.00 ,  0.00 
 0.00 ,  0.00 ,  0.00 
 0.00 ,  0.00 ,  0.00 
 0.00 ,  0.00 ,  0.00 
2677.95 ,  0.00 , 2490.49 
 0.00 ,  0.00 ,  0.00 
 0.00 ,  0.00 ,  0.00 
 0.00 ,  0.00 ,  0.00 
 0.00 ,  0.00 ,  0.00 
 0.00 ,  0.00 ,  0.00 
 0.00 ,  0.00 ,  0.00 
 0.00 ,  0.00 ,  0.00 
 0.00 ,  0.00 ,  0.00 
 0.00 ,  0.00 ,  0.00 
 0.00 ,  0.00 ,  0.00 
 0.00 ,  0.00 ,  0.00 
 0.00 ,  0.00 ,  0.00 
 0.00 ,  0.00 ,  0.00 
 0.00 ,  0.00 ,  0.00 
 0.00 ,  0.00 ,  0.00 
 0.00 ,  0.00 ,  0.00 
 0.00 ,  0.00 ,  0.00 
 0.00 ,  0.00 ,  0.00 
 0.00 ,  0.00 ,  0.00 
 0.00 ,  0.00 ,  0.00 
 0.00 ,  0.00 ,  0.00 
2514.10 ,  0.00 , 2338.11 
 0.00 ,  0.00 ,  0.00 
 0.00 ,  0.00 ,  0.00 
 0.00 ,  0.00 ,  0.00 
 0.00 ,  0.00 ,  0.00 
 0.00 ,  0.00 ,  0.00 
 0.00 ,  0.00 ,  0.00 
 0.00 ,  0.00 ,  0.00 
 0.00 ,  0.00 ,  0.00 
 0.00 ,  0.00 ,  0.00 
 0.00 ,  0.00 ,  0.00 
 0.00 ,  0.00 ,  0.00 
 0.00 ,  0.00 ,  0.00 
 0.00 ,  0.00 ,  0.00 
 0.00 ,  0.00 ,  0.00 
 0.00 ,  0.00 ,  0.00 
 0.00 ,  0.00 ,  0.00 
2553.73 ,  0.00 , 2374.97 
 0.00 ,  0.00 ,  0.00 
 0.00 ,  0.00 ,  0.00 
 0.00 ,  0.00 ,  0.00 
 0.00 ,  0.00 ,  0.00 
 0.00 ,  0.00 ,  0.00 
 0.00 ,  0.00 ,  0.00 
 0.00 ,  0.00 ,  0.00 
 0.00 ,  0.00 ,  0.00 
 0.00 ,  0.00 ,  0.00 
 0.00 ,  0.00 ,  0.00 
 0.00 ,  0.00 ,  0.00 
 0.00 ,  0.00 ,  0.00 
 0.00 ,  0.00 ,  0.00 
 0.00 ,  0.00 ,  0.00 
 0.00 ,  0.00 ,  0.00 
 0.00 ,  0.00 ,  0.00 
 0.00 ,  0.00 ,  0.00 
 0.00 ,  0.00 ,  0.00 
 0.00 ,  0.00 ,  0.00 
 0.00 ,  0.00 ,  0.00 
2522.73 ,  0.00 , 2346.14 
 0.00 ,  0.00 ,  0.00 
 0.00 ,  0.00 ,  0.00 
 0.00 ,  0.00 ,  0.00 
 0.00 ,  0.00 ,  0.00 
 0.00 ,  0.00 ,  0.00 
 0.00 ,  0.00 ,  0.00 
 0.00 ,  0.00 ,  0.00 
 0.00 ,  0.00 ,  0.00 
 0.00 ,  0.00 ,  0.00 
 0.00 ,  0.00 ,  0.00 
 0.00 ,  0.00 ,  0.00 
 0.00 ,  0.00 ,  0.00 
 0.00 ,  0.00 ,  0.00 
 0.00 ,  0.00 ,  0.00 
 0.00 ,  0.00 ,  0.00 
 0.00 ,  0.00 ,  0.00 
 0.00 ,  0.00 ,  0.00 
 0.00 ,  0.00 ,  0.00 
 0.00 ,  0.00 ,  0.00 
 0.00 ,  0.00 ,  0.00 
2540.82 ,  0.00 , 2362.97 
 0.00 ,  0.00 ,  0.00 
 0.00 ,  0.00 ,  0.00 
 0.00 ,  0.00 ,  0.00 
 0.00 ,  0.00 ,  0.00 
 0.00 ,  0.00 ,  0.00 
 0.00 ,  0.00 ,  0.00 
 0.00 ,  0.00 ,  0.00 
 0.00 ,  0.00 ,  0.00 
 0.00 ,  0.00 ,  0.00 
 0.00 ,  0.00 ,  0.00 
 0.00 ,  0.00 ,  0.00 
 0.00 ,  0.00 ,  0.00 
 0.00 ,  0.00 ,  0.00 
 0.00 ,  0.00 ,  0.00 
 0.00 ,  0.00 ,  0.00 
 0.00 ,  0.00 ,  0.00 
 0.00 ,  0.00 ,  0.00 
 0.00 ,  0.00 ,  0.00 
 0.00 ,  0.00 ,  0.00 
2515.08 ,  0.00 , 2339.02 
 0.00 ,  0.00 ,  0.00 
 0.00 ,  0.00 ,  0.00 
 0.00 ,  0.00 ,  0.00 
 0.00 ,  0.00 ,  0.00 
 0.00 ,  0.00 ,  0.00 
 0.00 ,  0.00 ,  0.00 
 0.00 ,  0.00 ,  0.00 
 0.00 ,  0.00 ,  0.00 
 0.00 ,  0.00 ,  0.00 
 0.00 ,  0.00 ,  0.00 
 0.00 ,  0.00 ,  0.00 
 0.00 ,  0.00 ,  0.00 
 0.00 ,  0.00 ,  0.00 
 0.00 ,  0.00 ,  0.00 
 0.00 ,  0.00 ,  0.00 
 0.00 ,  0.00 ,  0.00 
 0.00 ,  0.00 ,  0.00 
 0.00 ,  0.00 ,  0.00 
 0.00 ,  0.00 ,  0.00 
 0.00 ,  0.00 ,  0.00 
2510.27 ,  0.00 , 2334.55 
 0.00 ,  0.00 ,  0.00 
 0.00 ,  0.00 ,  0.00 
 0.00 ,  0.00 ,  0.00 
 0.00 ,  0.00 ,  0.00 
 0.00 ,  0.00 ,  0.00 
 0.00 ,  0.00 ,  0.00 
 0.00 ,  0.00 ,  0.00 
 0.00 ,  0.00 ,  0.00 
 0.00 ,  0.00 ,  0.00 
 0.00 ,  0.00 ,  0.00 
 0.00 ,  0.00 ,  0.00 
 0.00 ,  0.00 ,  0.00 
 0.00 ,  0.00 ,  0.00 
 0.00 ,  0.00 ,  0.00 
 0.00 ,  0.00 ,  0.00 
 0.00 ,  0.00 ,  0.00 
 0.00 ,  0.00 ,  0.00 
 0.00 ,  0.00 ,  0.00 
 0.00 ,  0.00 ,  0.00 
 0.00 ,  0.00 ,  0.00 
 0.00 ,  0.00 ,  0.00 
2590.01 ,  0.00 , 2408.71 
 0.00 ,  0.00 ,  0.00 
 0.00 ,  0.00 ,  0.00 
 0.00 ,  0.00 ,  0.00 
 0.00 ,  0.00 ,  0.00 
 0.00 ,  0.00 ,  0.00 
 0.00 ,  0.00 ,  0.00 
 0.00 ,  0.00 ,  0.00 
 0.00 ,  0.00 ,  0.00 
 0.00 ,  0.00 ,  0.00 
 0.00 ,  0.00 ,  0.00 
 0.00 ,  0.00 ,  0.00 
 0.00 ,  0.00 ,  0.00 
 0.00 ,  0.00 ,  0.00 
 0.00 ,  0.00 ,  0.00 
 0.00 ,  0.00 ,  0.00 
 0.00 ,  0.00 ,  0.00 
 0.00 ,  0.00 ,  0.00 
2501.40 ,  0.00 , 2326.30 
 0.00 ,  0.00 ,  0.00 
 0.00 ,  0.00 ,  0.00 
 0.00 ,  0.00 ,  0.00 
 0.00 ,  0.00 ,  0.00 
 0.00 ,  0.00 ,  0.00 
 0.00 ,  0.00 ,  0.00 
 0.00 ,  0.00 ,  0.00 
 0.00 ,  0.00 ,  0.00 
 0.00 ,  0.00 ,  0.00 
 0.00 ,  0.00 ,  0.00 
 0.00 ,  0.00 ,  0.00 
 0.00 ,  0.00 ,  0.00 
 0.00 ,  0.00 ,  0.00 
 0.00 ,  0.00 ,  0.00 
 0.00 ,  0.00 ,  0.00 
 0.00 ,  0.00 ,  0.00 
 0.00 ,  0.00 ,  0.00 
 0.00 ,  0.00 ,  0.00 
 0.00 ,  0.00 ,  0.00 
2640.76 ,  0.00 , 2455.90 
 0.00 ,  0.00 ,  0.00 
 0.00 ,  0.00 ,  0.00 
 0.00 ,  0.00 ,  0.00 
 0.00 ,  0.00 ,  0.00 
 0.00 ,  0.00 ,  0.00 
 0.00 ,  0.00 ,  0.00 
 0.00 ,  0.00 ,  0.00 
 0.00 ,  0.00 ,  0.00 
 0.00 ,  0.00 ,  0.00 
 0.00 ,  0.00 ,  0.00 
 0.00 ,  0.00 ,  0.00 
 0.00 ,  0.00 ,  0.00 
 0.00 ,  0.00 ,  0.00 
 0.00 ,  0.00 ,  0.00 
 0.00 ,  0.00 ,  0.00 
 0.00 ,  0.00 ,  0.00 
 0.00 ,  0.00 ,  0.00 
 0.00 ,  0.00 ,  0.00 
 0.00 ,  0.00 ,  0.00 
 0.00 ,  0.00 ,  0.00 
 0.00 ,  0.00 ,  0.00 
2664.59 ,  0.00 , 2478.07 
 0.00 ,  0.00 ,  0.00 
 0.00 ,  0.00 ,  0.00 
 0.00 ,  0.00 ,  0.00 
 0.00 ,  0.00 ,  0.00 
 0.00 ,  0.00 ,  0.00 
 0.00 ,  0.00 ,  0.00 
 0.00 ,  0.00 ,  0.00 
 0.00 ,  0.00 ,  0.00 
 0.00 ,  0.00 ,  0.00 
 0.00 ,  0.00 ,  0.00 
 0.00 ,  0.00 ,  0.00 
 0.00 ,  0.00 ,  0.00 
 0.00 ,  0.00 ,  0.00 
 0.00 ,  0.00 ,  0.00 
 0.00 ,  0.00 ,  0.00 
 0.00 ,  0.00 ,  0.00 
 0.00 ,  0.00 ,  0.00 
 0.00 ,  0.00 ,  0.00 
 0.00 ,  0.00 ,  0.00 
 0.00 ,  0.00 ,  0.00 
2540.82 ,  0.00 , 2362.97 
 0.00 ,  0.00 ,  0.00 
 0.00 ,  0.00 ,  0.00 
 0.00 ,  0.00 ,  0.00 
 0.00 ,  0.00 ,  0.00 
 0.00 ,  0.00 ,  0.00 
 0.00 ,  0.00 ,  0.00 
 0.00 ,  0.00 ,  0.00 
 0.00 ,  0.00 ,  0.00 
 0.00 ,  0.00 ,  0.00 
 0.00 ,  0.00 ,  0.00 
 0.00 ,  0.00 ,  0.00 
 0.00 ,  0.00 ,  0.00 
 0.00 ,  0.00 ,  0.00 
 0.00 ,  0.00 ,  0.00 
 0.00 ,  0.00 ,  0.00 
 0.00 ,  0.00 ,  0.00 
 0.00 ,  0.00 ,  0.00 
 0.00 ,  0.00 ,  0.00 
 0.00 ,  0.00 ,  0.00 
2515.08 ,  0.00 , 2339.02 
 0.00 ,  0.00 ,  0.00 
 0.00 ,  0.00 ,  0.00 
 0.00 ,  0.00 ,  0.00 
 0.00 ,  0.00 ,  0.00 
 0.00 ,  0.00 ,  0.00 
 0.00 ,  0.00 ,  0.00 
 0.00 ,  0.00 ,  0.00 
 0.00 ,  0.00 ,  0.00 
 0.00 ,  0.00 ,  0.00 
 0.00 ,  0.00 ,  0.00 
 0.00 ,  0.00 ,  0.00 
 0.00 ,  0.00 ,  0.00 
 0.00 ,  0.00 ,  0.00 
 0.00 ,  0.00 ,  0.00 
 0.00 ,  0.00 ,  0.00 
 0.00 ,  0.00 ,  0.00 
 0.00 ,  0.00 ,  0.00 
 0.00 ,  0.00 ,  0.00 
 0.00 ,  0.00 ,  0.00 
 0.00 ,  0.00 ,  0.00 
2510.27 ,  0.00 , 2334.55 
 0.00 ,  0.00 ,  0.00 
 0.00 ,  0.00 ,  0.00 
 0.00 ,  0.00 ,  0.00 
 0.00 ,  0.00 ,  0.00 
 0.00 ,  0.00 ,  0.00 
 0.00 ,  0.00 ,  0.00 
 0.00 ,  0.00 ,  0.00 
 0.00 ,  0.00 ,  0.00 
 0.00 ,  0.00 ,  0.00 
 0.00 ,  0.00 ,  0.00 
 0.00 ,  0.00 ,  0.00 
 0.00 ,  0.00 ,  0.00 
 0.00 ,  0.00 ,  0.00 
 0.00 ,  0.00 ,  0.00 
 0.00 ,  0.00 ,  0.00 
 0.00 ,  0.00 ,  0.00 
 0.00 ,  0.00 ,  0.00 
 0.00 ,  0.00 ,  0.00 
 0.00 ,  0.00 ,  0.00 
 0.00 ,  0.00 ,  0.00 
 0.00 ,  0.00 ,  0.00 
2590.01 ,  0.00 , 2408.71 
 0.00 ,  0.00 ,  0.00 
 0.00 ,  0.00 ,  0.00 
 0.00 ,  0.00 ,  0.00 
 0.00 ,  0.00 ,  0.00 
 0.00 ,  0.00 ,  0.00 
 0.00 ,  0.00 ,  0.00 
 0.00 ,  0.00 ,  0.00 
 0.00 ,  0.00 ,  0.00 
 0.00 ,  0.00 ,  0.00 
 0.00 ,  0.00 ,  0.00 
 0.00 ,  0.00 ,  0.00 
 0.00 ,  0.00 ,  0.00 
 0.00 ,  0.00 ,  0.00 
 0.00 ,  0.00 ,  0.00 
 0.00 ,  0.00 ,  0.00 
 0.00 ,  0.00 ,  0.00 
 0.00 ,  0.00 ,  0.00 
2501.40 ,  0.00 , 2326.30 
 0.00 ,  0.00 ,  0.00 
 0.00 ,  0.00 ,  0.00 
 0.00 ,  0.00 ,  0.00 
 0.00 ,  0.00 ,  0.00 
 0.00 ,  0.00 ,  0.00 
 0.00 ,  0.00 ,  0.00 
 0.00 ,  0.00 ,  0.00 
 0.00 ,  0.00 ,  0.00 
 0.00 ,  0.00 ,  0.00 
 0.00 ,  0.00 ,  0.00 
 0.00 ,  0.00 ,  0.00 
 0.00 ,  0.00 ,  0.00 
 0.00 ,  0.00 ,  0.00 
 0.00 ,  0.00 ,  0.00 
 0.00 ,  0.00 ,  0.00 
 0.00 ,  0.00 ,  0.00 
 0.00 ,  0.00 ,  0.00 
 0.00 ,  0.00 ,  0.00 
 0.00 ,  0.00 ,  0.00 
2640.76 ,  0.00 , 2455.90 
 0.00 ,  0.00 ,  0.00 
 0.00 ,  0.00 ,  0.00 
 0.00 ,  0.00 ,  0.00 
 0.00 ,  0.00 ,  0.00 
 0.00 ,  0.00 ,  0.00 
 0.00 ,  0.00 ,  0.00 
 0.00 ,  0.00 ,  0.00 
 0.00 ,  0.00 ,  0.00 
 0.00 ,  0.00 ,  0.00 
 0.00 ,  0.00 ,  0.00 
 0.00 ,  0.00 ,  0.00 
 0.00 ,  0.00 ,  0.00 
 0.00 ,  0.00 ,  0.00 
 0.00 ,  0.00 ,  0.00 
 0.00 ,  0.00 ,  0.00 
 0.00 ,  0.00 ,  0.00 
 0.00 ,  0.00 ,  0.00 
 0.00 ,  0.00 ,  0.00 
 0.00 ,  0.00 ,  0.00 
 0.00 ,  0.00 ,  0.00 
 0.00 ,  0.00 ,  0.00 
2664.59 ,  0.00 , 2478.07 
 0.00 ,  0.00 ,  0.00 
 0.00 ,  0.00 ,  0.00 
 0.00 ,  0.00 ,  0.00 
 0.00 ,  0.00 ,  0.00 
 0.00 ,  0.00 ,  0.00 
 0.00 ,  0.00 ,  0.00 
 0.00 ,  0.00 ,  0.00 
 0.00 ,  0.00 ,  0.00 
 0.00 ,  0.00 ,  0.00 
 0.00 ,  0.00 ,  0.00 
 0.00 ,  0.00 ,  0.00 
 0.00 ,  0.00 ,  0.00 
 0.00 ,  0.00 ,  0.00 
 0.00 ,  0.00 ,  0.00 
 0.00 ,  0.00 ,  0.00 
 0.00 ,  0.00 ,  0.00 
 0.00 ,  0.00 ,  0.00 
 0.00 ,  0.00 ,  0.00 
 0.00 ,  0.00 ,  0.00 
 0.00 ,  0.00 ,  0.00 
2540.82 ,  0.00 , 2362.97 
 0.00 ,  0.00 ,  0.00 
 0.00 ,  0.00 ,  0.00 
 0.00 ,  0.00 ,  0.00 
 0.00 ,  0.00 ,  0.00 
 0.00 ,  0.00 ,  0.00 
 0.00 ,  0.00 ,  0.00 
 0.00 ,  0.00 ,  0.00 
 0.00 ,  0.00 ,  0.00 
 0.00 ,  0.00 ,  0.00 
 0.00 ,  0.00 ,  0.00 
 0.00 ,  0.00 ,  0.00 
 0.00 ,  0.00 ,  0.00 
 0.00 ,  0.00 ,  0.00 
 0.00 ,  0.00 ,  0.00 
 0.00 ,  0.00 ,  0.00 
 0.00 ,  0.00 ,  0.00 
 0.00 ,  0.00 ,  0.00 
 0.00 ,  0.00 ,  0.00 
 0.00 ,  0.00 ,  0.00 
2515.08 ,  0.00 , 2339.02 
 0.00 ,  0.00 ,  0.00 
 0.00 ,  0.00 ,  0.00 
 0.00 ,  0.00 ,  0.00 
 0.00 ,  0.00 ,  0.00 
 0.00 ,  0.00 ,  0.00 
 0.00 ,  0.00 ,  0.00 
 0.00 ,  0.00 ,  0.00 
 0.00 ,  0.00 ,  0.00 
 0.00 ,  0.00 ,  0.00 
 0.00 ,  0.00 ,  0.00 
 0.00 ,  0.00 ,  0.00 
 0.00 ,  0.00 ,  0.00 
 0.00 ,  0.00 ,  0.00 
 0.00 ,  0.00 ,  0.00 
 0.00 ,  0.00 ,  0.00 
 0.00 ,  0.00 ,  0.00 
 0.00 ,  0.00 ,  0.00 
 0.00 ,  0.00 ,  0.00 
 0.00 ,  0.00 ,  0.00 
 0.00 ,  0.00 ,  0.00 
2510.27 ,  0.00 , 2334.55 
 0.00 ,  0.00 ,  0.00 
 0.00 ,  0.00 ,  0.00 
 0.00 ,  0.00 ,  0.00 
 0.00 ,  0.00 ,  0.00 
 0.00 ,  0.00 ,  0.00 
 0.00 ,  0.00 ,  0.00 
 0.00 ,  0.00 ,  0.00 
 0.00 ,  0.00 ,  0.00 
 0.00 ,  0.00 ,  0.00 
 0.00 ,  0.00 ,  0.00 
 0.00 ,  0.00 ,  0.00 
 0.00 ,  0.00 ,  0.00 
 0.00 ,  0.00 ,  0.00 
 0.00 ,  0.00 ,  0.00 
 0.00 ,  0.00 ,  0.00 
 0.00 ,  0.00 ,  0.00 
 0.00 ,  0.00 ,  0.00 
 0.00 ,  0.00 ,  0.00 
 0.00 ,  0.00 ,  0.00 
 0.00 ,  0.00 ,  0.00 
 0.00 ,  0.00 ,  0.00 
2590.01 ,  0.00 , 2408.71 
 0.00 ,  0.00 ,  0.00 
 0.00 ,  0.00 ,  0.00 
 0.00 ,  0.00 ,  0.00 
 0.00 ,  0.00 ,  0.00 
 0.00 ,  0.00 ,  0.00 
 0.00 ,  0.00 ,  0.00 
 0.00 ,  0.00 ,  0.00 
 0.00 ,  0.00 ,  0.00 
 0.00 ,  0.00 ,  0.00 
 0.00 ,  0.00 ,  0.00 
 0.00 ,  0.00 ,  0.00 
 0.00 ,  0.00 ,  0.00 
 0.00 ,  0.00 ,  0.00 
 0.00 ,  0.00 ,  0.00 
 0.00 ,  0.00 ,  0.00 
 0.00 ,  0.00 ,  0.00 
 0.00 ,  0.00 ,  0.00 
2501.40 ,  0.00 , 2326.30 
 0.00 ,  0.00 ,  0.00 
 0.00 ,  0.00 ,  0.00 
 0.00 ,  0.00 ,  0.00 
 0.00 ,  0.00 ,  0.00 
 0.00 ,  0.00 ,  0.00 
 0.00 ,  0.00 ,  0.00 
 0.00 ,  0.00 ,  0.00 
 0.00 ,  0.00 ,  0.00 
 0.00 ,  0.00 ,  0.00 
 0.00 ,  0.00 ,  0.00 
 0.00 ,  0.00 ,  0.00 
 0.00 ,  0.00 ,  0.00 
 0.00 ,  0.00 ,  0.00 
 0.00 ,  0.00 ,  0.00 
 0.00 ,  0.00 ,  0.00 
 0.00 ,  0.00 ,  0.00 
 0.00 ,  0.00 ,  0.00 
 0.00 ,  0.00 ,  0.00 
 0.00 ,  0.00 ,  0.00 
2640.76 ,  0.00 , 2455.90 
 0.00 ,  0.00 ,  0.00 
 0.00 ,  0.00 ,  0.00 
 0.00 ,  0.00 ,  0.00 
 0.00 ,  0.00 ,  0.00 
 0.00 ,  0.00 ,  0.00 
 0.00 ,  0.00 ,  0.00 
 0.00 ,  0.00 ,  0.00 
 0.00 ,  0.00 ,  0.00 
 0.00 ,  0.00 ,  0.00 
 0.00 ,  0.00 ,  0.00 
 0.00 ,  0.00 ,  0.00 
 0.00 ,  0.00 ,  0.00 
 0.00 ,  0.00 ,  0.00 
 0.00 ,  0.00 ,  0.00 
 0.00 ,  0.00 ,  0.00 
 0.00 ,  0.00 ,  0.00 
 0.00 ,  0.00 ,  0.00 
 0.00 ,  0.00 ,  0.00 
 0.00 ,  0.00 ,  0.00 
 0.00 ,  0.00 ,  0.00 
 0.00 ,  0.00 ,  0.00 
2664.59 ,  0.00 , 2478.07 
 0.00 ,  0.00 ,  0.00 
 0.00 ,  0.00 ,  0.00 
 0.00 ,  0.00 ,  0.00 
 0.00 ,  0.00 ,  0.00 
 0.00 ,  0.00 ,  0.00 
 0.00 ,  0.00 ,  0.00 
 0.00 ,  0.00 ,  0.00 
 0.00 ,  0.00 ,  0.00 
 0.00 ,  0.00 ,  0.00 
 0.00 ,  0.00 ,  0.00 
 0.00 ,  0.00 ,  0.00 
 0.00 ,  0.00 ,  0.00 
 0.00 ,  0.00 ,  0.00 
 0.00 ,  0.00 ,  0.00 
 0.00 ,  0.00 ,  0.00 
 0.00 ,  0.00 ,  0.00 
 0.00 ,  0.00 ,  0.00 
 0.00 ,  0.00 ,  0.00 
 0.00 ,  0.00 ,  0.00 
 0.00 ,  0.00 ,  0.00 
2540.82 ,  0.00 , 2362.97 
 0.00 ,  0.00 ,  0.00 
 0.00 ,  0.00 ,  0.00 
 0.00 ,  0.00 ,  0.00 
 0.00 ,  0.00 ,  0.00 
 0.00 ,  0.00 ,  0.00 
 0.00 ,  0.00 ,  0.00 
 0.00 ,  0.00 ,  0.00 
 0.00 ,  0.00 ,  0.00 
 0.00 ,  0.00 ,  0.00 
 0.00 ,  0.00 ,  0.00 
 0.00 ,  0.00 ,  0.00 
 0.00 ,  0.00 ,  0.00 
 0.00 ,  0.00 ,  0.00 
 0.00 ,  0.00 ,  0.00 
 0.00 ,  0.00 ,  0.00 
 0.00 ,  0.00 ,  0.00 
 0.00 ,  0.00 ,  0.00 
 0.00 ,  0.00 ,  0.00 
 0.00 ,  0.00 ,  0.00 
2515.08 ,  0.00 , 2339.02 
 0.00 ,  0.00 ,  0.00 
 0.00 ,  0.00 ,  0.00 
 0.00 ,  0.00 ,  0.00 
 0.00 ,  0.00 ,  0.00 
 0.00 ,  0.00 ,  0.00 
 0.00 ,  0.00 ,  0.00 
 0.00 ,  0.00 ,  0.00 
 0.00 ,  0.00 ,  0.00 
 0.00 ,  0.00 ,  0.00 
 0.00 ,  0.00 ,  0.00 
 0.00 ,  0.00 ,  0.00 
 0.00 ,  0.00 ,  0.00 
 0.00 ,  0.00 ,  0.00 
 0.00 ,  0.00 ,  0.00 
 0.00 ,  0.00 ,  0.00 
 0.00 ,  0.00 ,  0.00 
 0.00 ,  0.00 ,  0.00 
 0.00 ,  0.00 ,  0.00 
 0.00 ,  0.00 ,  0.00 
 0.00 ,  0.00 ,  0.00 
2510.27 ,  0.00 , 2334.55 
 0.00 ,  0.00 ,  0.00 
 0.00 ,  0.00 ,  0.00 
 0.00 ,  0.00 ,  0.00 
 0.00 ,  0.00 ,  0.00 
 0.00 ,  0.00 ,  0.00 
 0.00 ,  0.00 ,  0.00 
 0.00 ,  0.00 ,  0.00 
 0.00 ,  0.00 ,  0.00 
 0.00 ,  0.00 ,  0.00 
 0.00 ,  0.00 ,  0.00 
 0.00 ,  0.00 ,  0.00 
 0.00 ,  0.00 ,  0.00 
 0.00 ,  0.00 ,  0.00 
 0.00 ,  0.00 ,  0.00 
 0.00 ,  0.00 ,  0.00 
 0.00 ,  0.00 ,  0.00 
 0.00 ,  0.00 ,  0.00 
 0.00 ,  0.00 ,  0.00 
 0.00 ,  0.00 ,  0.00 
 0.00 ,  0.00 ,  0.00 
 0.00 ,  0.00 ,  0.00 
2590.01 ,  0.00 , 2408.71 
 0.00 ,  0.00 ,  0.00 
 0.00 ,  0.00 ,  0.00 
 0.00 ,  0.00 ,  0.00 
 0.00 ,  0.00 ,  0.00 
 0.00 ,  0.00 ,  0.00 
 0.00 ,  0.00 ,  0.00 
 0.00 ,  0.00 ,  0.00 
 0.00 ,  0.00 ,  0.00 
 0.00 ,  0.00 ,  0.00 
 0.00 ,  0.00 ,  0.00 
 0.00 ,  0.00 ,  0.00 
 0.00 ,  0.00 ,  0.00 
 0.00 ,  0.00 ,  0.00 
 0.00 ,  0.00 ,  0.00 
 0.00 ,  0.00 ,  0.00 
 0.00 ,  0.00 ,  0.00 
 0.00 ,  0.00 ,  0.00 
2501.40 ,  0.00 , 2326.30 
 0.00 ,  0.00 ,  0.00 
 0.00 ,  0.00 ,  0.00 
 0.00 ,  0.00 ,  0.00 
 0.00 ,  0.00 ,  0.00 
 0.00 ,  0.00 ,  0.00 
 0.00 ,  0.00 ,  0.00 
 0.00 ,  0.00 ,  0.00 
 0.00 ,  0.00 ,  0.00 
 0.00 ,  0.00 ,  0.00 
 0.00 ,  0.00 ,  0.00 
 0.00 ,  0.00 ,  0.00 
 0.00 ,  0.00 ,  0.00 
 0.00 ,  0.00 ,  0.00 
 0.00 ,  0.00 ,  0.00 
 0.00 ,  0.00 ,  0.00 
 0.00 ,  0.00 ,  0.00 
 0.00 ,  0.00 ,  0.00 
 0.00 ,  0.00 ,  0.00 
 0.00 ,  0.00 ,  0.00 
2640.76 ,  0.00 , 2455.90 
 0.00 ,  0.00 ,  0.00 
 0.00 ,  0.00 ,  0.00 
 0.00 ,  0.00 ,  0.00 
 0.00 ,  0.00 ,  0.00 
 0.00 ,  0.00 ,  0.00 
 0.00 ,  0.00 ,  0.00 
 0.00 ,  0.00 ,  0.00 
 0.00 ,  0.00 ,  0.00 
 0.00 ,  0.00 ,  0.00 
 0.00 ,  0.00 ,  0.00 
 0.00 ,  0.00 ,  0.00 
 0.00 ,  0.00 ,  0.00 
 0.00 ,  0.00 ,  0.00 
 0.00 ,  0.00 ,  0.00 
 0.00 ,  0.00 ,  0.00 
 0.00 ,  0.00 ,  0.00 
 0.00 ,  0.00 ,  0.00 
 0.00 ,  0.00 ,  0.00 
 0.00 ,  0.00 ,  0.00 
 0.00 ,  0.00 ,  0.00 
 0.00 ,  0.00 ,  0.00 
2664.59 ,  0.00 , 2478.07 
 0.00 ,  0.00 ,  0.00 
 0.00 ,  0.00 ,  0.00 
 0.00 ,  0.00 ,  0.00 
 0.00 ,  0.00 ,  0.00 
 0.00 ,  0.00 ,  0.00 
 0.00 ,  0.00 ,  0.00 
 0.00 ,  0.00 ,  0.00 
 0.00 ,  0.00 ,  0.00 
 0.00 ,  0.00 ,  0.00 
 0.00 ,  0.00 ,  0.00 
 0.00 ,  0.00 ,  0.00 
 0.00 ,  0.00 ,  0.00 
 0.00 ,  0.00 ,  0.00 
 0.00 ,  0.00 ,  0.00 
 0.00 ,  0.00 ,  0.00 
 0.00 ,  0.00 ,  0.00 
 0.00 ,  0.00 ,  0.00 
 0.00 ,  0.00 ,  0.00 
 0.00 ,  0.00 ,  0.00 
 0.00 ,  0.00 ,  0.00 
2540.82 ,  0.00 , 2362.97 
 0.00 ,  0.00 ,  0.00 
 0.00 ,  0.00 ,  0.00 
 0.00 ,  0.00 ,  0.00 
 0.00 ,  0.00 ,  0.00 
 0.00 ,  0.00 ,  0.00 
 0.00 ,  0.00 ,  0.00 
 0.00 ,  0.00 ,  0.00 
 0.00 ,  0.00 ,  0.00 
 0.00 ,  0.00 ,  0.00 
 0.00 ,  0.00 ,  0.00 
 0.00 ,  0.00 ,  0.00 
 0.00 ,  0.00 ,  0.00 
 0.00 ,  0.00 ,  0.00 
 0.00 ,  0.00 ,  0.00 
 0.00 ,  0.00 ,  0.00 
 0.00 ,  0.00 ,  0.00 
 0.00 ,  0.00 ,  0.00 
 0.00 ,  0.00 ,  0.00 
 0.00 ,  0.00 ,  0.00 
2515.08 ,  0.00 , 2339.02 
 0.00 ,  0.00 ,  0.00 
 0.00 ,  0.00 ,  0.00 
 0.00 ,  0.00 ,  0.00 
 0.00 ,  0.00 ,  0.00 
 0.00 ,  0.00 ,  0.00 
 0.00 ,  0.00 ,  0.00 
 0.00 ,  0.00 ,  0.00 
 0.00 ,  0.00 ,  0.00 
 0.00 ,  0.00 ,  0.00 
 0.00 ,  0.00 ,  0.00 
 0.00 ,  0.00 ,  0.00 
 0.00 ,  0.00 ,  0.00 
 0.00 ,  0.00 ,  0.00 
 0.00 ,  0.00 ,  0.00 
 0.00 ,  0.00 ,  0.00 
 0.00 ,  0.00 ,  0.00 
 0.00 ,  0.00 ,  0.00 
 0.00 ,  0.00 ,  0.00 
 0.00 ,  0.00 ,  0.00 
 0.00 ,  0.00 ,  0.00 
2510.27 ,  0.00 , 2334.55 
 0.00 ,  0.00 ,  0.00 
 0.00 ,  0.00 ,  0.00 
 0.00 ,  0.00 ,  0.00 
 0.00 ,  0.00 ,  0.00 
 0.00 ,  0.00 ,  0.00 
 0.00 ,  0.00 ,  0.00 
 0.00 ,  0.00 ,  0.00 
 0.00 ,  0.00 ,  0.00 
 0.00 ,  0.00 ,  0.00 
 0.00 ,  0.00 ,  0.00 
 0.00 ,  0.00 ,  0.00 
 0.00 ,  0.00 ,  0.00 
 0.00 ,  0.00 ,  0.00 
 0.00 ,  0.00 ,  0.00 
 0.00 ,  0.00 ,  0.00 
 0.00 ,  0.00 ,  0.00 
 0.00 ,  0.00 ,  0.00 
 0.00 ,  0.00 ,  0.00 
 0.00 ,  0.00 ,  0.00 
 0.00 ,  0.00 ,  0.00 
 0.00 ,  0.00 ,  0.00 
2590.01 ,  0.00 , 2408.71 
 0.00 ,  0.00 ,  0.00 
 0.00 ,  0.00 ,  0.00 
 0.00 ,  0.00 ,  0.00 
 0.00 ,  0.00 ,  0.00 
 0.00 ,  0.00 ,  0.00 
 0.00 ,  0.00 ,  0.00 
 0.00 ,  0.00 ,  0.00 
 0.00 ,  0.00 ,  0.00 
 0.00 ,  0.00 ,  0.00 
 0.00 ,  0.00 ,  0.00 
 0.00 ,  0.00 ,  0.00 
 0.00 ,  0.00 ,  0.00 
 0.00 ,  0.00 ,  0.00 
 0.00 ,  0.00 ,  0.00 
 0.00 ,  0.00 ,  0.00 
 0.00 ,  0.00 ,  0.00 
 0.00 ,  0.00 ,  0.00 
2501.40 ,  0.00 , 2326.30 
 0.00 ,  0.00 ,  0.00 
 0.00 ,  0.00 ,  0.00 
 0.00 ,  0.00 ,  0.00 
 0.00 ,  0.00 ,  0.00 
 0.00 ,  0.00 ,  0.00 
 0.00 ,  0.00 ,  0.00 
 0.00 ,  0.00 ,  0.00 
 0.00 ,  0.00 ,  0.00 
 0.00 ,  0.00 ,  0.00 
 0.00 ,  0.00 ,  0.00 
 0.00 ,  0.00 ,  0.00 
 0.00 ,  0.00 ,  0.00 
 0.00 ,  0.00 ,  0.00 
 0.00 ,  0.00 ,  0.00 
 0.00 ,  0.00 ,  0.00 
 0.00 ,  0.00 ,  0.00 
 0.00 ,  0.00 ,  0.00 
 0.00 ,  0.00 ,  0.00 
 0.00 ,  0.00 ,  0.00 
2640.76 ,  0.00 , 2455.90 
 0.00 ,  0.00 ,  0.00 
 0.00 ,  0.00 ,  0.00 
 0.00 ,  0.00 ,  0.00 
 0.00 ,  0.00 ,  0.00 
 0.00 ,  0.00 ,  0.00 
 0.00 ,  0.00 ,  0.00 
 0.00 ,  0.00 ,  0.00 
 0.00 ,  0.00 ,  0.00 
 0.00 ,  0.00 ,  0.00 
 0.00 , 6213.29 , 4427.46 
 0.00 , 2246.74 , 1532.23 
 0.00 , 768.82 , 516.06 
 0.00 ,  0.00 ,  0.00 
 0.00 ,  0.00 ,  0.00 
 0.00 ,  0.00 ,  0.00 
 0.00 ,  0.00 ,  0.00 
 0.00 ,  0.00 ,  0.00 
 0.00 ,  0.00 ,  0.00 
 0.00 ,  0.00 ,  0.00 
 0.00 ,  0.00 ,  0.00 
2619.77 ,  0.00 , 2436.39 
 0.00 ,  0.00 ,  0.00 
 0.00 ,  0.00 ,  0.00 
 0.00 , 208.36 , 139.03 
 0.00 , 721.72 , 484.20 
 0.00 ,  0.00 ,  0.00 
 0.00 ,  0.00 ,  0.00 
 0.00 ,  0.00 ,  0.00 
 0.00 ,  0.00 ,  0.00 
 0.00 ,  0.00 ,  0.00 
 0.00 ,  0.00 ,  0.00 
 0.00 , 156.73 , 104.52 
 0.00 , 681.63 , 457.11 
 0.00 , 6282.13 , 4480.00 
 0.00 , 2261.72 , 1542.70 
 0.00 , 1217.50 , 821.16 
 0.00 ,  0.00 ,  0.00 
 0.00 ,  0.00 ,  0.00 
 0.00 ,  0.00 ,  0.00 
2560.42 ,  0.00 , 2381.19 
 0.00 ,  0.00 ,  0.00 
 0.00 ,  0.00 ,  0.00 
 0.00 ,  0.00 ,  0.00 
 0.00 ,  0.00 ,  0.00 
 0.00 ,  0.00 ,  0.00 
 0.00 ,  0.00 ,  0.00 
 0.00 ,  0.00 ,  0.00 
 0.00 ,  0.00 ,  0.00 
 0.00 ,  0.00 ,  0.00 
 0.00 ,  0.00 ,  0.00 
 0.00 ,  0.00 ,  0.00 
 0.00 ,  0.00 ,  0.00 
 0.00 ,  0.00 ,  0.00 
 0.00 ,  0.00 ,  0.00 
 0.00 ,  0.00 ,  0.00 
 0.00 ,  0.00 ,  0.00 
 0.00 ,  0.00 ,  0.00 
 0.00 , 5146.32 , 3623.43 
 0.00 , 1760.50 , 1194.34 
2527.78 , 700.03 , 2820.74 
 0.00 , 880.63 , 591.82 
 0.00 , 548.96 , 367.62 
 0.00 ,  0.00 ,  0.00 
 0.00 ,  0.00 ,  0.00 
 0.00 ,  0.00 ,  0.00 
 0.00 ,  0.00 ,  0.00 
 0.00 ,  0.00 ,  0.00 
 0.00 ,  0.00 ,  0.00 
 0.00 ,  0.00 ,  0.00 
 0.00 ,  0.00 ,  0.00 
 0.00 ,  0.00 ,  0.00 
 0.00 , 102.10 , 68.05 
 0.00 , 448.64 , 300.12 
 0.00 ,  0.00 ,  0.00 
 0.00 ,  0.00 ,  0.00 
 0.00 ,  0.00 ,  0.00 
 0.00 ,  0.00 ,  0.00 
 0.00 ,  0.00 ,  0.00 
 0.00 ,  0.00 ,  0.00 
 0.00 ,  0.00 ,  0.00 
 0.00 ,  0.00 ,  0.00 
2759.19 , 5658.12 , 6602.10 
 0.00 , 1992.46 , 1355.09 
 0.00 , 329.99 , 220.47 
 0.00 ,  0.00 ,  0.00 
 0.00 ,  0.00 ,  0.00 
 0.00 ,  0.00 ,  0.00 
 0.00 ,  0.00 ,  0.00 
 0.00 ,  0.00 ,  0.00 
 0.00 ,  0.00 ,  0.00 
 0.00 ,  0.00 ,  0.00 
 0.00 ,  0.00 ,  0.00 
 0.00 ,  0.00 ,  0.00 
 0.00 ,  0.00 ,  0.00 
 0.00 ,  0.00 ,  0.00 
 0.00 ,  0.00 ,  0.00 
 0.00 ,  0.00 ,  0.00 
2609.67 ,  0.00 , 2426.99 
 0.00 ,  0.00 ,  0.00 
 0.00 ,  0.00 ,  0.00 
 0.00 ,  0.00 ,  0.00 
 0.00 ,  0.00 ,  0.00 
 0.00 ,  0.00 ,  0.00 
 0.00 ,  0.00 ,  0.00 
 0.00 ,  0.00 ,  0.00 
 0.00 , 3762.56 , 2608.80 
 0.00 , 1369.98 , 925.52 
 0.00 , 721.26 , 483.89 
 0.00 ,  0.00 ,  0.00 
 0.00 ,  0.00 ,  0.00 
 0.00 ,  0.00 ,  0.00 
 0.00 ,  0.00 ,  0.00 
 0.00 ,  0.00 ,  0.00 
 0.00 ,  0.00 ,  0.00 
 0.00 ,  0.00 ,  0.00 
 0.00 ,  0.00 ,  0.00 
 0.00 ,  0.00 ,  0.00 
2546.54 ,  0.00 , 2368.28 
 0.00 ,  0.00 ,  0.00 
 0.00 ,  0.00 ,  0.00 
 0.00 ,  0.00 ,  0.00 
 0.00 ,  0.00 ,  0.00 
 0.00 ,  0.00 ,  0.00 
 0.00 ,  0.00 ,  0.00 
 0.00 ,  0.00 ,  0.00 
 0.00 ,  0.00 ,  0.00 
 0.00 ,  0.00 ,  0.00 
 0.00 ,  0.00 ,  0.00 
 0.00 ,  0.00 ,  0.00 
 0.00 , 2601.61 , 1781.09 
 0.00 , 919.45 , 618.17 
 0.00 , 746.57 , 501.01 
 0.00 ,  0.00 ,  0.00 
 0.00 , 198.90 , 132.70 
 0.00 ,  0.00 ,  0.00 
 0.00 ,  0.00 ,  0.00 
 0.00 ,  0.00 ,  0.00 
2585.00 ,  0.00 , 2404.05 
 0.00 ,  0.00 ,  0.00 
 0.00 ,  0.00 ,  0.00 
 0.00 ,  0.00 ,  0.00 
 0.00 ,  0.00 ,  0.00 
 0.00 ,  0.00 ,  0.00 
 0.00 ,  0.00 ,  0.00 
 0.00 ,  0.00 ,  0.00 
 0.00 ,  0.00 ,  0.00 
 0.00 ,  0.00 ,  0.00 
 0.00 ,  0.00 ,  0.00 
 0.00 ,  0.00 ,  0.00 
 0.00 ,  0.00 ,  0.00 
 0.00 ,  0.00 ,  0.00 
 0.00 ,  0.00 ,  0.00 
 0.00 ,  0.00 ,  0.00 
 0.00 , 3470.39 , 2398.51 
 0.00 , 1313.23 , 886.64 
 0.00 ,  0.00 ,  0.00 
 0.00 ,  0.00 ,  0.00 
2656.65 ,  0.00 , 2470.68 
 0.00 ,  0.00 ,  0.00 
 0.00 ,  0.00 ,  0.00 
 0.00 ,  0.00 ,  0.00 
 0.00 ,  0.00 ,  0.00 
 0.00 ,  0.00 ,  0.00 
 0.00 ,  0.00 ,  0.00 
 0.00 ,  0.00 ,  0.00 
 0.00 ,  0.00 ,  0.00 
 0.00 ,  0.00 ,  0.00 
 0.00 ,  0.00 ,  0.00 
 0.00 ,  0.00 ,  0.00 
 0.00 ,  0.00 ,  0.00 
 0.00 ,  0.00 ,  0.00 
 0.00 ,  0.00 ,  0.00 
 0.00 ,  0.00 ,  0.00 
 0.00 ,  0.00 ,  0.00 
 0.00 ,  0.00 ,  0.00 
 0.00 ,  0.00 ,  0.00 
 0.00 ,  0.00 ,  0.00 
 0.00 , 279.52 , 186.66 
2619.97 , 619.80 , 2852.24 
 0.00 , 571.11 , 382.55 
 0.00 , 276.72 , 184.78 
 0.00 ,  0.00 ,  0.00 
 0.00 ,  0.00 ,  0.00 
 0.00 ,  0.00 ,  0.00 
 0.00 ,  0.00 ,  0.00 
 0.00 ,  0.00 ,  0.00 
 0.00 ,  0.00 ,  0.00 
 0.00 ,  0.00 ,  0.00 
 0.00 ,  0.00 ,  0.00 
 0.00 ,  0.00 ,  0.00 
 0.00 ,  0.00 ,  0.00 
 0.00 ,  0.00 ,  0.00 
 0.00 ,  0.00 ,  0.00 
 0.00 ,  0.00 ,  0.00 
 0.00 ,  0.00 ,  0.00 
 0.00 ,  0.00 ,  0.00 
 0.00 ,  0.00 ,  0.00 
2512.37 ,  0.00 , 2336.50 
 0.00 ,  0.00 ,  0.00 
 0.00 ,  0.00 ,  0.00 
 0.00 ,  0.00 ,  0.00 
 0.00 , 2190.45 , 1492.94 
 0.00 , 882.57 , 593.14 
 0.00 , 172.54 , 115.09 
 0.00 ,  0.00 ,  0.00 
 0.00 ,  0.00 ,  0.00 
 0.00 ,  0.00 ,  0.00 
 0.00 ,  0.00 ,  0.00 
 0.00 ,  0.00 ,  0.00 
 0.00 ,  0.00 ,  0.00 
 0.00 ,  0.00 ,  0.00 
 0.00 ,  0.00 ,  0.00 
 0.00 ,  0.00 ,  0.00 
 0.00 ,  0.00 ,  0.00 
2588.93 ,  0.00 , 2407.71 
 0.00 ,  0.00 ,  0.00 
 0.00 ,  0.00 ,  0.00 
 0.00 ,  0.00 ,  0.00 
 0.00 ,  0.00 ,  0.00 
 0.00 ,  0.00 ,  0.00 
 0.00 ,  0.00 ,  0.00 
 0.00 ,  0.00 ,  0.00 
 0.00 ,  0.00 ,  0.00 
 0.00 ,  0.00 ,  0.00 
 0.00 ,  0.00 ,  0.00 
 0.00 ,  0.00 ,  0.00 
 0.00 ,  0.00 ,  0.00 
 0.00 ,  0.00 ,  0.00 
 0.00 ,  0.00 ,  0.00 
 0.00 ,  0.00 ,  0.00 
 0.00 ,  0.00 ,  0.00 
 0.00 ,  0.00 ,  0.00 
 0.00 ,  0.00 ,  0.00 
 0.00 ,  0.00 ,  0.00 
2536.96 ,  0.00 , 2359.37 
 0.00 ,  0.00 ,  0.00 
 0.00 ,  0.00 ,  0.00 
 0.00 ,  0.00 ,  0.00 
 0.00 ,  0.00 ,  0.00 
 0.00 ,  0.00 ,  0.00 
 0.00 ,  0.00 ,  0.00 
 0.00 ,  0.00 ,  0.00 
 0.00 ,  0.00 ,  0.00 
 0.00 ,  0.00 ,  0.00 
 0.00 ,  0.00 ,  0.00 
 0.00 ,  0.00 ,  0.00 
 0.00 ,  0.00 ,  0.00 
 0.00 ,  0.00 ,  0.00 
 0.00 ,  0.00 ,  0.00 
 0.00 , 558.71 , 374.19 
 0.00 , 351.96 , 235.21 
 0.00 ,  0.00 ,  0.00 
 0.00 , 125.74 , 83.82 
2532.98 ,  0.00 , 2355.67 
 0.00 ,  0.00 ,  0.00 
 0.00 ,  0.00 ,  0.00 
 0.00 ,  0.00 ,  0.00 
 0.00 ,  0.00 ,  0.00 
 0.00 ,  0.00 ,  0.00 
 0.00 ,  0.00 ,  0.00 
 0.00 ,  0.00 ,  0.00 
 0.00 ,  0.00 ,  0.00 
 0.00 ,  0.00 ,  0.00 
 0.00 ,  0.00 ,  0.00 
 0.00 ,  0.00 ,  0.00 
 0.00 ,  0.00 ,  0.00 
 0.00 ,  0.00 ,  0.00 
 0.00 ,  0.00 ,  0.00 
 0.00 ,  0.00 ,  0.00 
 0.00 ,  0.00 ,  0.00 
 0.00 ,  0.00 ,  0.00 
 0.00 ,  0.00 ,  0.00 
 0.00 ,  0.00 ,  0.00 
 0.00 ,  0.00 ,  0.00 
2619.97 ,  0.00 , 2436.57 
 0.00 ,  0.00 ,  0.00 
 0.00 ,  0.00 ,  0.00 
 0.00 ,  0.00 ,  0.00 
 0.00 ,  0.00 ,  0.00 
 0.00 ,  0.00 ,  0.00 
 0.00 ,  0.00 ,  0.00 
 0.00 ,  0.00 ,  0.00 
 0.00 ,  0.00 ,  0.00 
 0.00 ,  0.00 ,  0.00 
 0.00 ,  0.00 ,  0.00 
 0.00 ,  0.00 ,  0.00 
 0.00 ,  0.00 ,  0.00 
 0.00 ,  0.00 ,  0.00 
 0.00 ,  0.00 ,  0.00 
 0.00 ,  0.00 ,  0.00 
 0.00 ,  0.00 ,  0.00 
 0.00 ,  0.00 ,  0.00 
 0.00 ,  0.00 ,  0.00 
2512.37 ,  0.00 , 2336.50 
 0.00 ,  0.00 ,  0.00 
 0.00 ,  0.00 ,  0.00 
 0.00 ,  0.00 ,  0.00 
 0.00 ,  0.00 ,  0.00 
 0.00 , 162.48 , 108.36 
 0.00 , 115.55 , 77.03 
 0.00 ,  0.00 ,  0.00 
 0.00 ,  0.00 ,  0.00 
 0.00 ,  0.00 ,  0.00 
 0.00 ,  0.00 ,  0.00 
 0.00 ,  0.00 ,  0.00 
 0.00 ,  0.00 ,  0.00 
 0.00 ,  0.00 ,  0.00 
 0.00 ,  0.00 ,  0.00 
 0.00 ,  0.00 ,  0.00 
 0.00 ,  0.00 ,  0.00 
2588.93 ,  0.00 , 2407.71 
 0.00 ,  0.00 ,  0.00 
 0.00 ,  0.00 ,  0.00 
 0.00 ,  0.00 ,  0.00 
 0.00 ,  0.00 ,  0.00 
 0.00 ,  0.00 ,  0.00 
 0.00 ,  0.00 ,  0.00 
 0.00 ,  0.00 ,  0.00 
 0.00 ,  0.00 ,  0.00 
 0.00 ,  0.00 ,  0.00 
 0.00 ,  0.00 ,  0.00 
 0.00 ,  0.00 ,  0.00 
 0.00 ,  0.00 ,  0.00 
 0.00 ,  0.00 ,  0.00 
 0.00 ,  0.00 ,  0.00 
 0.00 ,  0.00 ,  0.00 
 0.00 ,  0.00 ,  0.00 
 0.00 ,  0.00 ,  0.00 
 0.00 ,  0.00 ,  0.00 
 0.00 ,  0.00 ,  0.00 
2536.96 ,  0.00 , 2359.37 
 0.00 ,  0.00 ,  0.00 
 0.00 ,  0.00 ,  0.00 
 0.00 ,  0.00 ,  0.00 
 0.00 ,  0.00 ,  0.00 
 0.00 ,  0.00 ,  0.00 
 0.00 ,  0.00 ,  0.00 
 0.00 ,  0.00 ,  0.00 
 0.00 ,  0.00 ,  0.00 
 0.00 ,  0.00 ,  0.00 
 0.00 ,  0.00 ,  0.00 
 0.00 ,  0.00 ,  0.00 
 0.00 ,  0.00 ,  0.00 
 0.00 ,  0.00 ,  0.00 
 0.00 ,  0.00 ,  0.00 
 0.00 ,  0.00 ,  0.00 
 0.00 ,  0.00 ,  0.00 
 0.00 ,  0.00 ,  0.00 
 0.00 ,  0.00 ,  0.00 
2532.98 ,  0.00 , 2355.67 
 0.00 ,  0.00 ,  0.00 
 0.00 ,  0.00 ,  0.00 
 0.00 ,  0.00 ,  0.00 
 0.00 ,  0.00 ,  0.00 
 0.00 ,  0.00 ,  0.00 
 0.00 ,  0.00 ,  0.00 
 0.00 ,  0.00 ,  0.00 
 0.00 ,  0.00 ,  0.00 
 0.00 ,  0.00 ,  0.00 
 0.00 ,  0.00 ,  0.00 
 0.00 ,  0.00 ,  0.00 
 0.00 ,  0.00 ,  0.00 
 0.00 ,  0.00 ,  0.00 
 0.00 ,  0.00 ,  0.00 
 0.00 ,  0.00 ,  0.00 
 0.00 ,  0.00 ,  0.00 
 0.00 ,  0.00 ,  0.00 
 0.00 ,  0.00 ,  0.00 
 0.00 ,  0.00 ,  0.00 
 0.00 , 580.41 , 388.82 
2619.97 , 539.83 , 2798.27 
 0.00 , 367.66 , 245.74 
 0.00 , 131.08 , 87.39 
 0.00 , 16.35 , 10.89 
 0.00 ,  0.00 ,  0.00 
 0.00 ,  0.00 ,  0.00 
 0.00 ,  0.00 ,  0.00 
 0.00 ,  0.00 ,  0.00 
 0.00 ,  0.00 ,  0.00 
 0.00 ,  0.00 ,  0.00 
 0.00 ,  0.00 ,  0.00 
 0.00 ,  0.00 ,  0.00 
 0.00 ,  0.00 ,  0.00 
 0.00 ,  0.00 ,  0.00 
 0.00 ,  0.00 ,  0.00 
 0.00 ,  0.00 ,  0.00 
 0.00 ,  0.00 ,  0.00 
 0.00 ,  0.00 ,  0.00 
 0.00 ,  0.00 ,  0.00 
2512.37 ,  0.00 , 2336.50 
 0.00 ,  0.00 ,  0.00 
 0.00 ,  0.00 ,  0.00 
 0.00 ,  0.00 ,  0.00 
 0.00 , 2839.92 , 1949.29 
 0.00 , 1031.61 , 694.40 
 0.00 , 733.88 , 492.43 
 0.00 , 70.00 , 46.64 
 0.00 ,  0.00 ,  0.00 
 0.00 ,  0.00 ,  0.00 
 0.00 ,  0.00 ,  0.00 
 0.00 ,  0.00 ,  0.00 
 0.00 ,  0.00 ,  0.00 
 0.00 ,  0.00 ,  0.00 
 0.00 ,  0.00 ,  0.00 
 0.00 ,  0.00 ,  0.00 
 0.00 ,  0.00 ,  0.00 
2588.93 ,  0.00 , 2407.71 
 0.00 ,  0.00 ,  0.00 
 0.00 ,  0.00 ,  0.00 
 0.00 ,  0.00 ,  0.00 
 0.00 ,  0.00 ,  0.00 
 0.00 ,  0.00 ,  0.00 
 0.00 ,  0.00 ,  0.00 
 0.00 ,  0.00 ,  0.00 
 0.00 ,  0.00 ,  0.00 
 0.00 ,  0.00 ,  0.00 
 0.00 ,  0.00 ,  0.00 
 0.00 , 1926.71 , 1309.44 
 0.00 , 960.99 , 646.38 
 0.00 , 483.10 , 323.29 
 0.00 ,  0.00 ,  0.00 
 0.00 ,  0.00 ,  0.00 
 0.00 ,  0.00 ,  0.00 
 0.00 ,  0.00 ,  0.00 
 0.00 ,  0.00 ,  0.00 
 0.00 ,  0.00 ,  0.00 
2536.96 ,  0.00 , 2359.37 
 0.00 ,  0.00 ,  0.00 
 0.00 ,  0.00 ,  0.00 
 0.00 ,  0.00 ,  0.00 
 0.00 ,  0.00 ,  0.00 
 0.00 ,  0.00 ,  0.00 
 0.00 ,  0.00 ,  0.00 
 0.00 ,  0.00 ,  0.00 
 0.00 ,  0.00 ,  0.00 
 0.00 ,  0.00 ,  0.00 
 0.00 ,  0.00 ,  0.00 
 0.00 ,  0.00 ,  0.00 
 0.00 ,  0.00 ,  0.00 
 0.00 ,  0.00 ,  0.00 
 0.00 ,  0.00 ,  0.00 
 0.00 , 2603.05 , 1782.10 
 0.00 , 1191.55 , 803.44 
 0.00 , 726.95 , 487.74 
 0.00 ,  0.00 ,  0.00 
2532.98 ,  0.00 , 2355.67 
 0.00 ,  0.00 ,  0.00 
 0.00 ,  0.00 ,  0.00 
 0.00 ,  0.00 ,  0.00 
 0.00 ,  0.00 ,  0.00 
 0.00 ,  0.00 ,  0.00 
 0.00 ,  0.00 ,  0.00 
 0.00 ,  0.00 ,  0.00 
 0.00 ,  0.00 ,  0.00 
 0.00 ,  0.00 ,  0.00 
 0.00 ,  0.00 ,  0.00 
 0.00 ,  0.00 ,  0.00 
 0.00 ,  0.00 ,  0.00 
 0.00 ,  0.00 ,  0.00 
 0.00 ,  0.00 ,  0.00 
 0.00 ,  0.00 ,  0.00 
 0.00 ,  0.00 ,  0.00 
 0.00 ,  0.00 ,  0.00 
 0.00 ,  0.00 ,  0.00 
 0.00 ,  0.00 ,  0.00 
 0.00 , 2791.87 , 1915.30 
2619.97 , 943.26 , 3071.60 
 0.00 , 211.77 , 141.31 
 0.00 ,  0.00 ,  0.00 
 0.00 ,  0.00 ,  0.00 
 0.00 ,  0.00 ,  0.00 
 0.00 ,  0.00 ,  0.00 
 0.00 ,  0.00 ,  0.00 
 0.00 ,  0.00 ,  0.00 
 0.00 ,  0.00 ,  0.00 
 0.00 ,  0.00 ,  0.00 
 0.00 ,  0.00 ,  0.00 
 0.00 ,  0.00 ,  0.00 
 0.00 ,  0.00 ,  0.00 
 0.00 ,  0.00 ,  0.00 
 0.00 ,  0.00 ,  0.00 
 0.00 ,  0.00 ,  0.00 
 0.00 ,  0.00 ,  0.00 
 0.00 ,  0.00 ,  0.00 
 0.00 ,  0.00 ,  0.00 
2512.37 ,  0.00 , 2336.50 
 0.00 ,  0.00 ,  0.00 
 0.00 ,  0.00 ,  0.00 
 0.00 ,  0.00 ,  0.00 
 0.00 , 495.83 , 331.86 
 0.00 , 436.97 , 292.28 
 0.00 ,  0.00 ,  0.00 
 0.00 ,  0.00 ,  0.00 
 0.00 ,  0.00 ,  0.00 
 0.00 ,  0.00 ,  0.00 
 0.00 ,  0.00 ,  0.00 
 0.00 ,  0.00 ,  0.00 
 0.00 ,  0.00 ,  0.00 
 0.00 ,  0.00 ,  0.00 
 0.00 ,  0.00 ,  0.00 
 0.00 ,  0.00 ,  0.00 
 0.00 ,  0.00 ,  0.00 
2588.93 ,  0.00 , 2407.71 
 0.00 ,  0.00 ,  0.00 
 0.00 ,  0.00 ,  0.00 
 0.00 ,  0.00 ,  0.00 
 0.00 ,  0.00 ,  0.00 
 0.00 ,  0.00 ,  0.00 
 0.00 ,  0.00 ,  0.00 
 0.00 ,  0.00 ,  0.00 
 0.00 ,  0.00 ,  0.00 
 0.00 ,  0.00 ,  0.00 
 0.00 ,  0.00 ,  0.00 
 0.00 , 3147.66 , 2167.78 
 0.00 , 1334.52 , 901.22 
 0.00 , 614.70 , 411.93 
 0.00 ,  0.00 ,  0.00 
 0.00 ,  0.00 ,  0.00 
 0.00 ,  0.00 ,  0.00 
 0.00 ,  0.00 ,  0.00 
 0.00 ,  0.00 ,  0.00 
 0.00 ,  0.00 ,  0.00 
2536.96 ,  0.00 , 2359.37 
 0.00 ,  0.00 ,  0.00 
 0.00 ,  0.00 ,  0.00 
 0.00 ,  0.00 ,  0.00 
 0.00 ,  0.00 ,  0.00 
 0.00 ,  0.00 ,  0.00 
 0.00 ,  0.00 ,  0.00 
 0.00 ,  0.00 ,  0.00 
 0.00 ,  0.00 ,  0.00 
 0.00 ,  0.00 ,  0.00 
 0.00 ,  0.00 ,  0.00 
 0.00 ,  0.00 ,  0.00 
 0.00 ,  0.00 ,  0.00 
 0.00 ,  0.00 ,  0.00 
 0.00 ,  0.00 ,  0.00 
 0.00 , 2689.39 , 1842.94 
 0.00 , 1316.26 , 888.71 
 0.00 , 1110.51 , 748.14 
 0.00 , 640.91 , 429.62 
2532.98 , 415.75 , 2633.82 
 0.00 ,  0.00 ,  0.00 
 0.00 ,  0.00 ,  0.00 
 0.00 ,  0.00 ,  0.00 
 0.00 ,  0.00 ,  0.00 
 0.00 ,  0.00 ,  0.00 
 0.00 ,  0.00 ,  0.00 
 0.00 ,  0.00 ,  0.00 
 0.00 ,  0.00 ,  0.00 
 0.00 ,  0.00 ,  0.00 
 0.00 ,  0.00 ,  0.00 
 0.00 ,  0.00 ,  0.00 
 0.00 ,  0.00 ,  0.00 
 0.00 ,  0.00 ,  0.00 
 0.00 ,  0.00 ,  0.00 
 0.00 ,  0.00 ,  0.00 
 0.00 ,  0.00 ,  0.00 
 0.00 ,  0.00 ,  0.00 
 0.00 ,  0.00 ,  0.00 
 0.00 ,  0.00 ,  0.00 
 0.00 , 3663.80 , 2537.57 
2619.97 , 1520.79 , 3467.45 
 0.00 ,  0.00 ,  0.00 
 0.00 ,  0.00 ,  0.00 
 0.00 ,  0.00 ,  0.00 
 0.00 ,  0.00 ,  0.00 
 0.00 ,  0.00 ,  0.00 
 0.00 ,  0.00 ,  0.00 
 0.00 ,  0.00 ,  0.00 
 0.00 ,  0.00 ,  0.00 
 0.00 ,  0.00 ,  0.00 
 0.00 ,  0.00 ,  0.00 
 0.00 ,  0.00 ,  0.00 
 0.00 ,  0.00 ,  0.00 
 0.00 ,  0.00 ,  0.00 
 0.00 ,  0.00 ,  0.00 
 0.00 ,  0.00 ,  0.00 
 0.00 ,  0.00 ,  0.00 
 0.00 ,  0.00 ,  0.00 
 0.00 ,  0.00 ,  0.00 
2512.37 ,  0.00 , 2336.50 
 0.00 ,  0.00 ,  0.00 
 0.00 ,  0.00 ,  0.00 
 0.00 ,  0.00 ,  0.00 
 0.00 , 2331.91 , 1591.78 
 0.00 , 1365.40 , 922.38 
 0.00 , 412.31 , 275.71 
 0.00 ,  0.00 ,  0.00 
 0.00 ,  0.00 ,  0.00 
 0.00 ,  0.00 ,  0.00 
 0.00 ,  0.00 ,  0.00 
 0.00 ,  0.00 ,  0.00 
 0.00 ,  0.00 ,  0.00 
 0.00 ,  0.00 ,  0.00 
 0.00 ,  0.00 ,  0.00 
 0.00 ,  0.00 ,  0.00 
 0.00 ,  0.00 ,  0.00 
2588.93 ,  0.00 , 2407.71 
 0.00 ,  0.00 ,  0.00 
 0.00 ,  0.00 ,  0.00 
 0.00 ,  0.00 ,  0.00 
 0.00 ,  0.00 ,  0.00 
 0.00 ,  0.00 ,  0.00 
 0.00 ,  0.00 ,  0.00 
 0.00 ,  0.00 ,  0.00 
 0.00 ,  0.00 ,  0.00 
 0.00 ,  0.00 ,  0.00 
 0.00 ,  0.00 ,  0.00 
 0.00 , 2883.38 , 1980.06 
 0.00 , 1463.90 , 989.96 
 0.00 , 107.54 , 71.68 
 0.00 ,  0.00 ,  0.00 
 0.00 ,  0.00 ,  0.00 
 0.00 ,  0.00 ,  0.00 
 0.00 ,  0.00 ,  0.00 
 0.00 ,  0.00 ,  0.00 
 0.00 ,  0.00 ,  0.00 
2536.96 ,  0.00 , 2359.37 
 0.00 ,  0.00 ,  0.00 
 0.00 ,  0.00 ,  0.00 
 0.00 ,  0.00 ,  0.00 
 0.00 ,  0.00 ,  0.00 
 0.00 ,  0.00 ,  0.00 
 0.00 ,  0.00 ,  0.00 
 0.00 ,  0.00 ,  0.00 
 0.00 ,  0.00 ,  0.00 
 0.00 ,  0.00 ,  0.00 
 0.00 ,  0.00 ,  0.00 
 0.00 ,  0.00 ,  0.00 
 0.00 ,  0.00 ,  0.00 
 0.00 ,  0.00 ,  0.00 
 0.00 ,  0.00 ,  0.00 
 0.00 , 3537.45 , 2446.66 
 0.00 , 1422.95 , 961.85 
 0.00 , 665.80 , 446.43 
 0.00 ,  0.00 ,  0.00 
2532.98 ,  0.00 , 2355.67 
 0.00 ,  0.00 ,  0.00 
 0.00 ,  0.00 ,  0.00 
 0.00 ,  0.00 ,  0.00 
 0.00 ,  0.00 ,  0.00 
 0.00 ,  0.00 ,  0.00 
 0.00 ,  0.00 ,  0.00 
 0.00 ,  0.00 ,  0.00 
 0.00 ,  0.00 ,  0.00 
 0.00 ,  0.00 ,  0.00 
 0.00 ,  0.00 ,  0.00 
 0.00 ,  0.00 ,  0.00 
 0.00 ,  0.00 ,  0.00 
 0.00 ,  0.00 ,  0.00 
 0.00 ,  0.00 ,  0.00 
 0.00 ,  0.00 ,  0.00 
 0.00 ,  0.00 ,  0.00 
 0.00 ,  0.00 ,  0.00 
 0.00 ,  0.00 ,  0.00 
 0.00 ,  0.00 ,  0.00 
 0.00 , 3269.61 , 2254.78 
2619.97 , 1427.59 , 3403.20 
 0.00 , 1155.56 , 778.87 
 0.00 ,  0.00 ,  0.00 
 0.00 ,  0.00 ,  0.00 
 0.00 ,  0.00 ,  0.00 
 0.00 ,  0.00 ,  0.00 
 0.00 ,  0.00 ,  0.00 
 0.00 ,  0.00 ,  0.00 
 0.00 ,  0.00 ,  0.00 
 0.00 ,  0.00 ,  0.00 
 0.00 ,  0.00 ,  0.00 
 0.00 ,  0.00 ,  0.00 
 0.00 ,  0.00 ,  0.00 
 0.00 ,  0.00 ,  0.00 
 0.00 ,  0.00 ,  0.00 
 0.00 ,  0.00 ,  0.00 
 0.00 ,  0.00 ,  0.00 
 0.00 ,  0.00 ,  0.00 
 0.00 ,  0.00 ,  0.00 
2512.37 ,  0.00 , 2336.50 
 0.00 ,  0.00 ,  0.00 
 0.00 ,  0.00 ,  0.00 
 0.00 ,  0.00 ,  0.00 
 0.00 , 3379.31 , 2333.23 
 0.00 , 1386.75 , 937.02 
 0.00 , 858.96 , 577.12 
 0.00 ,  0.00 ,  0.00 
 0.00 ,  0.00 ,  0.00 
 0.00 ,  0.00 ,  0.00 
 0.00 ,  0.00 ,  0.00 
 0.00 ,  0.00 ,  0.00 
 0.00 ,  0.00 ,  0.00 
 0.00 ,  0.00 ,  0.00 
 0.00 ,  0.00 ,  0.00 
 0.00 ,  0.00 ,  0.00 
 0.00 ,  0.00 ,  0.00 
2588.93 ,  0.00 , 2407.71 
 0.00 ,  0.00 ,  0.00 
 0.00 ,  0.00 ,  0.00 
 0.00 ,  0.00 ,  0.00 
 0.00 ,  0.00 ,  0.00 
 0.00 ,  0.00 ,  0.00 
 0.00 ,  0.00 ,  0.00 
 0.00 ,  0.00 ,  0.00 
 0.00 ,  0.00 ,  0.00 
 0.00 ,  0.00 ,  0.00 
 0.00 ,  0.00 ,  0.00 
 0.00 , 1383.55 , 934.82 
 0.00 , 981.59 , 660.38 
 0.00 , 531.20 , 355.67 
 0.00 ,  0.00 ,  0.00 
 0.00 ,  0.00 ,  0.00 
 0.00 ,  0.00 ,  0.00 
 0.00 ,  0.00 ,  0.00 
 0.00 ,  0.00 ,  0.00 
 0.00 ,  0.00 ,  0.00 
2536.96 ,  0.00 , 2359.37 
 0.00 ,  0.00 ,  0.00 
 0.00 ,  0.00 ,  0.00 
 0.00 ,  0.00 ,  0.00 
 0.00 ,  0.00 ,  0.00 
 0.00 ,  0.00 ,  0.00 
 0.00 ,  0.00 ,  0.00 
 0.00 ,  0.00 ,  0.00 
 0.00 ,  0.00 ,  0.00 
 0.00 ,  0.00 ,  0.00 
 0.00 ,  0.00 ,  0.00 
 0.00 ,  0.00 ,  0.00 
 0.00 ,  0.00 ,  0.00 
 0.00 ,  0.00 ,  0.00 
 0.00 ,  0.00 ,  0.00 
 0.00 , 2013.60 , 1369.78 
 0.00 , 1089.51 , 733.83 
 0.00 , 600.76 , 402.54 
 0.00 ,  0.00 ,  0.00 
2532.98 ,  0.00 , 2355.67 
 0.00 ,  0.00 ,  0.00 
 0.00 ,  0.00 ,  0.00 
 0.00 ,  0.00 ,  0.00 
 0.00 ,  0.00 ,  0.00 
 0.00 ,  0.00 ,  0.00 
 0.00 ,  0.00 ,  0.00 
 0.00 ,  0.00 ,  0.00 
 0.00 ,  0.00 ,  0.00 
 0.00 ,  0.00 ,  0.00 
 0.00 ,  0.00 ,  0.00 
 0.00 ,  0.00 ,  0.00 
 0.00 ,  0.00 ,  0.00 
 0.00 ,  0.00 ,  0.00 
 0.00 ,  0.00 ,  0.00 
 0.00 ,  0.00 ,  0.00 
 0.00 ,  0.00 ,  0.00 
 0.00 ,  0.00 ,  0.00 
 0.00 ,  0.00 ,  0.00 
 0.00 ,  0.00 ,  0.00 
 0.00 , 5578.21 , 3946.56 
2665.87 , 2066.91 , 3889.58 
 0.00 , 995.05 , 669.53 
 0.00 , 52.51 , 34.98 
 0.00 ,  7.13 ,  4.75 
 0.00 ,  0.00 ,  0.00 
 0.00 ,  0.00 ,  0.00 
 0.00 ,  0.00 ,  0.00 
 0.00 ,  0.00 ,  0.00 
 0.00 ,  0.00 ,  0.00 
 0.00 ,  0.00 ,  0.00 
 0.00 , 580.46 , 388.85 
 0.00 , 797.09 , 535.20 
 0.00 , 854.27 , 573.95 
 0.00 , 955.25 , 642.48 
 0.00 , 1051.87 , 708.19 
2568.97 ,  0.00 , 2389.15 
 0.00 ,  0.00 ,  0.00 
 0.00 ,  0.00 ,  0.00 
 0.00 ,  0.00 ,  0.00 
 0.00 ,  0.00 ,  0.00 
 0.00 , 103.64 , 69.08 
 0.00 , 685.55 , 459.76 
 0.00 , 773.88 , 519.49 
 0.00 , 6282.13 , 4480.00 
 0.00 , 2192.34 , 1494.25 
 0.00 , 1304.70 , 880.80 
 0.00 , 1666.77 , 1129.61 
 0.00 , 628.44 , 421.20 
 0.00 , 130.10 , 86.74 
 0.00 , 704.78 , 472.75 
 0.00 , 707.78 , 474.78 
 0.00 , 615.67 , 412.59 
 0.00 , 811.30 , 544.82 
 0.00 , 1264.36 , 853.19 
 0.00 , 1296.95 , 875.49 
2705.15 , 1126.01 , 3275.53 
 0.00 , 1185.96 , 799.62 
 0.00 , 1195.93 , 806.43 
 0.00 , 1257.99 , 848.84 
 0.00 ,  0.00 ,  0.00 
 0.00 ,  0.00 ,  0.00 
 0.00 ,  0.00 ,  0.00 
 0.00 ,  0.00 ,  0.00 
 0.00 ,  0.00 ,  0.00 
 0.00 , 335.87 , 224.41 
 0.00 , 723.35 , 485.30 
 0.00 , 799.31 , 536.71 
 0.00 , 6282.13 , 4480.00 
 0.00 , 2274.09 , 1551.35 
 0.00 , 2071.43 , 1410.00 
 0.00 , 1666.27 , 1129.27 
 0.00 , 1162.31 , 783.47 
 0.00 , 909.63 , 611.50 
2511.91 , 986.75 , 3000.69 
 0.00 , 746.62 , 501.05 
 0.00 , 579.07 , 387.91 
 0.00 , 1137.38 , 766.47 
 0.00 , 1444.34 , 976.53 
 0.00 , 1418.57 , 958.84 
 0.00 , 1235.65 , 833.56 
 0.00 , 1230.32 , 829.92 
 0.00 , 1283.19 , 866.08 
 0.00 , 1340.09 , 905.04 
 0.00 ,  0.00 ,  0.00 
 0.00 ,  0.00 ,  0.00 
 0.00 ,  0.00 ,  0.00 
 0.00 ,  0.00 ,  0.00 
 0.00 , 452.07 , 302.43 
 0.00 , 979.21 , 658.77 
 0.00 , 1119.95 , 754.58 
 0.00 , 1304.00 , 880.32 
 0.00 , 6282.13 , 4480.00 
 0.00 , 2514.35 , 1719.72 
2684.89 , 79.23 , 2549.74 
 0.00 ,  0.00 ,  0.00 
 0.00 ,  0.00 ,  0.00 
 0.00 ,  0.00 ,  0.00 
 0.00 ,  0.00 ,  0.00 
 0.00 ,  0.00 ,  0.00 
 0.00 ,  0.00 ,  0.00 
 0.00 ,  0.00 ,  0.00 
 0.00 ,  0.00 ,  0.00 
 0.00 ,  0.00 ,  0.00 
 0.00 , 295.12 , 197.10 
 0.00 , 819.59 , 550.44 
 0.00 , 942.01 , 633.48 
 0.00 , 1051.99 , 708.28 
 0.00 ,  0.00 ,  0.00 
 0.00 ,  0.00 ,  0.00 
 0.00 ,  0.00 ,  0.00 
 0.00 ,  0.00 ,  0.00 
 0.00 ,  0.00 ,  0.00 
 0.00 , 395.55 , 264.46 
2526.14 , 792.20 , 2881.67 
 0.00 , 932.47 , 627.01 
 0.00 , 6282.13 , 4480.00 
 0.00 , 2378.13 , 1624.15 
 0.00 , 1747.57 , 1185.40 
 0.00 , 1249.64 , 843.13 
 0.00 , 500.48 , 334.99 
 0.00 ,  0.00 ,  0.00 
 0.00 ,  0.00 ,  0.00 
 0.00 ,  0.00 ,  0.00 
 0.00 ,  0.00 ,  0.00 
 0.00 ,  0.00 ,  0.00 
 0.00 , 15.35 , 10.22 
 0.00 , 924.41 , 621.53 
 0.00 , 791.83 , 531.64 
2675.72 , 874.82 , 3076.91 
 0.00 , 956.42 , 643.28 
 0.00 , 1034.71 , 696.51 
 0.00 ,  0.00 ,  0.00 
 0.00 ,  0.00 ,  0.00 
 0.00 ,  0.00 ,  0.00 
 0.00 ,  0.00 ,  0.00 
 0.00 ,  0.00 ,  0.00 
 0.00 , 154.53 , 103.06 
 0.00 , 757.92 , 508.69 
 0.00 , 896.77 , 602.77 
 0.00 , 6282.13 , 4480.00 
 0.00 , 2370.31 , 1618.67 
 0.00 , 1773.21 , 1203.13 
 0.00 , 1394.75 , 942.50 
 0.00 , 1131.71 , 762.60 
 0.00 , 874.87 , 587.91 
 0.00 ,  4.23 ,  2.81 
 0.00 ,  0.00 ,  0.00 
2563.22 ,  0.00 , 2383.79 
 0.00 ,  0.00 ,  0.00 
 0.00 ,  1.81 ,  1.20 
 0.00 , 978.76 , 658.46 
 0.00 , 885.10 , 594.85 
 0.00 , 970.06 , 652.54 
 0.00 , 1052.17 , 708.40 
 0.00 , 1130.67 , 761.89 
 0.00 ,  0.00 ,  0.00 
 0.00 ,  0.00 ,  0.00 
 0.00 ,  0.00 ,  0.00 
 0.00 ,  0.00 ,  0.00 
 0.00 ,  0.00 ,  0.00 
 0.00 ,  8.50 ,  5.66 
 0.00 , 606.84 , 406.63 
 0.00 , 743.44 , 498.89 
 0.00 , 6282.13 , 4480.00 
 0.00 , 2223.27 , 1515.84 
 0.00 , 1641.23 , 1112.00 
2636.29 , 1194.58 , 3258.38 
 0.00 ,  0.00 ,  0.00 
 0.00 ,  0.00 ,  0.00 
 0.00 , 331.85 , 221.72 
 0.00 , 729.91 , 489.74 
 0.00 , 1297.20 , 875.66 
 0.00 , 1398.24 , 944.89 
 0.00 , 1489.99 , 1007.89 
 0.00 , 1466.14 , 991.50 
 0.00 , 1229.12 , 829.10 
 0.00 , 1167.69 , 787.15 
 0.00 , 1161.42 , 782.87 
 0.00 , 1156.76 , 779.69 
 0.00 ,  0.00 ,  0.00 
 0.00 ,  0.00 ,  0.00 
 0.00 ,  0.00 ,  0.00 
 0.00 ,  0.00 ,  0.00 
 0.00 ,  0.00 ,  0.00 
 0.00 ,  0.00 ,  0.00 
 0.00 ,  0.00 ,  0.00 
 0.00 , 185.44 , 123.71 
2748.61 , 6020.81 , 6870.58 
 0.00 , 1914.20 , 1300.77 
 0.00 , 1406.29 , 950.42 
 0.00 , 1097.17 , 739.05 
 0.00 , 609.44 , 408.39 
 0.00 ,  0.00 ,  0.00 
 0.00 , 586.45 , 392.89 
 0.00 , 257.95 , 172.21 
 0.00 , 583.56 , 390.94 
 0.00 , 611.39 , 409.70 
 0.00 , 898.26 , 603.78 
 0.00 , 922.92 , 620.52 
 0.00 , 733.00 , 491.83 
 0.00 , 777.25 , 521.77 
 0.00 , 828.19 , 556.27 
2622.54 , 827.34 , 2995.19 
 0.00 ,  0.00 ,  0.00 
 0.00 ,  0.00 ,  0.00 
 0.00 ,  0.00 ,  0.00 
 0.00 ,  0.00 ,  0.00 
 0.00 ,  0.00 ,  0.00 
 0.00 ,  0.00 ,  0.00 
 0.00 ,  0.00 ,  0.00 
 0.00 , 352.32 , 235.45 
 0.00 , 6282.13 , 4480.00 
 0.00 , 2096.96 , 1427.77 
 0.00 , 1171.65 , 789.85 
 0.00 ,  0.00 ,  0.00 
 0.00 ,  0.00 ,  0.00 
 0.00 ,  0.00 ,  0.00 
 0.00 ,  0.00 ,  0.00 
 0.00 ,  0.00 ,  0.00 
 0.00 ,  0.00 ,  0.00 
 0.00 ,  0.00 ,  0.00 
 0.00 ,  0.00 ,  0.00 
2645.89 ,  0.00 , 2460.68 
 0.00 ,  0.00 ,  0.00 
 0.00 ,  0.00 ,  0.00 
 0.00 ,  0.00 ,  0.00 
 0.00 ,  0.00 ,  0.00 
 0.00 ,  0.00 ,  0.00 
 0.00 ,  0.00 ,  0.00 
 0.00 ,  0.00 ,  0.00 
 0.00 ,  0.00 ,  0.00 
 0.00 ,  0.00 ,  0.00 
 0.00 ,  0.00 ,  0.00 
 0.00 ,  0.00 ,  0.00 
 0.00 ,  0.00 ,  0.00 
 0.00 , 5109.51 , 3596.03 
 0.00 , 1499.60 , 1014.49 
 0.00 ,  0.00 ,  0.00 
 0.00 ,  0.00 ,  0.00 
 0.00 ,  0.00 ,  0.00 
2562.47 ,  0.00 , 2383.10 
 0.00 ,  0.00 ,  0.00 
 0.00 ,  0.00 ,  0.00 
 0.00 ,  0.00 ,  0.00 
 0.00 ,  0.00 ,  0.00 
 0.00 ,  0.00 ,  0.00 
 0.00 ,  0.00 ,  0.00 
 0.00 ,  0.00 ,  0.00 
 0.00 ,  0.00 ,  0.00 
 0.00 ,  0.00 ,  0.00 
 0.00 ,  0.00 ,  0.00 
 0.00 ,  0.00 ,  0.00 
 0.00 ,  0.00 ,  0.00 
 0.00 ,  0.00 ,  0.00 
 0.00 ,  0.00 ,  0.00 
 0.00 ,  0.00 ,  0.00 
 0.00 ,  0.00 ,  0.00 
 0.00 ,  0.00 ,  0.00 
 0.00 ,  0.00 ,  0.00 
 0.00 , 3547.67 , 2454.00 
2625.54 , 1218.98 , 3265.08 
 0.00 ,  0.00 ,  0.00 
 0.00 ,  0.00 ,  0.00 
 0.00 ,  0.00 ,  0.00 
 0.00 ,  0.00 ,  0.00 
 0.00 ,  0.00 ,  0.00 
 0.00 ,  0.00 ,  0.00 
 0.00 ,  0.00 ,  0.00 
 0.00 ,  0.00 ,  0.00 
 0.00 ,  0.00 ,  0.00 
 0.00 ,  0.00 ,  0.00 
 0.00 ,  0.00 ,  0.00 
 0.00 ,  0.00 ,  0.00 
 0.00 ,  0.00 ,  0.00 
 0.00 ,  0.00 ,  0.00 
2568.97 ,  0.00 , 2389.15 
 0.00 ,  0.00 ,  0.00 
 0.00 ,  0.00 ,  0.00 
 0.00 ,  0.00 ,  0.00 
 0.00 ,  0.00 ,  0.00 
 0.00 ,  0.00 ,  0.00 
 0.00 ,  0.00 ,  0.00 
 0.00 ,  0.00 ,  0.00 
 0.00 , 3772.45 , 2615.94 
 0.00 , 1464.27 , 990.21 
 0.00 ,  0.00 ,  0.00 
 0.00 ,  0.00 ,  0.00 
 0.00 ,  0.00 ,  0.00 
 0.00 ,  0.00 ,  0.00 
 0.00 ,  0.00 ,  0.00 
 0.00 ,  0.00 ,  0.00 
 0.00 ,  0.00 ,  0.00 
 0.00 ,  0.00 ,  0.00 
 0.00 ,  0.00 ,  0.00 
 0.00 ,  0.00 ,  0.00 
2705.15 ,  0.00 , 2515.79 
 0.00 ,  0.00 ,  0.00 
 0.00 ,  0.00 ,  0.00 
 0.00 ,  0.00 ,  0.00 
 0.00 ,  0.00 ,  0.00 
 0.00 ,  0.00 ,  0.00 
 0.00 ,  0.00 ,  0.00 
 0.00 ,  0.00 ,  0.00 
 0.00 ,  0.00 ,  0.00 
 0.00 ,  0.00 ,  0.00 
 0.00 ,  0.00 ,  0.00 
 0.00 ,  0.00 ,  0.00 
 0.00 , 4171.50 , 2905.42 
 0.00 , 1585.07 , 1073.30 
 0.00 ,  0.00 ,  0.00 
 0.00 ,  0.00 ,  0.00 
 0.00 ,  0.00 ,  0.00 
 0.00 ,  0.00 ,  0.00 
2511.91 ,  0.00 , 2336.07 
 0.00 ,  0.00 ,  0.00 
 0.00 ,  0.00 ,  0.00 
 0.00 ,  0.00 ,  0.00 
 0.00 ,  0.00 ,  0.00 
 0.00 ,  0.00 ,  0.00 
 0.00 ,  0.00 ,  0.00 
 0.00 ,  0.00 ,  0.00 
 0.00 ,  0.00 ,  0.00 
 0.00 ,  0.00 ,  0.00 
 0.00 ,  0.00 ,  0.00 
 0.00 ,  0.00 ,  0.00 
 0.00 ,  0.00 ,  0.00 
 0.00 ,  0.00 ,  0.00 
 0.00 ,  0.00 ,  0.00 
 0.00 ,  0.00 ,  0.00 
 0.00 ,  0.00 ,  0.00 
 0.00 ,  0.00 ,  0.00 
 0.00 , 3085.80 , 2123.75 
 0.00 , 1236.18 , 833.93 
2684.89 , 1076.58 , 3222.89 
 0.00 , 974.39 , 655.49 
 0.00 , 438.23 , 293.12 
 0.00 ,  0.00 ,  0.00 
 0.00 ,  0.00 ,  0.00 
 0.00 ,  0.00 ,  0.00 
 0.00 , 76.51 , 50.98 
 0.00 , 288.59 , 192.72 
 0.00 , 630.33 , 422.48 
 0.00 , 628.48 , 421.23 
 0.00 , 452.37 , 302.63 
 0.00 , 511.03 , 342.09 
 0.00 , 574.66 , 384.94 
 0.00 , 641.06 , 429.72 
 0.00 ,  0.00 ,  0.00 
 0.00 ,  0.00 ,  0.00 
 0.00 ,  0.00 ,  0.00 
 0.00 ,  0.00 ,  0.00 
 0.00 ,  0.00 ,  0.00 
 0.00 ,  0.00 ,  0.00 
2526.14 ,  0.00 , 2349.31 
 0.00 ,  0.00 ,  0.00 
 0.00 , 6083.25 , 4328.43 
 0.00 , 2099.39 , 1429.46 
 0.00 , 1614.64 , 1093.67 
 0.00 , 1248.34 , 842.24 
 0.00 , 1225.43 , 826.58 
 0.00 , 555.42 , 371.97 
 0.00 , 1163.04 , 783.97 
 0.00 , 747.99 , 501.97 
 0.00 , 632.89 , 424.21 
 0.00 , 763.49 , 512.46 
 0.00 , 1247.68 , 841.79 
 0.00 , 1284.57 , 867.02 
 0.00 , 1108.97 , 747.09 
2675.72 , 1162.43 , 3273.06 
 0.00 , 1224.73 , 826.10 
 0.00 , 1233.13 , 831.84 
 0.00 ,  0.00 ,  0.00 
 0.00 ,  0.00 ,  0.00 
 0.00 ,  0.00 ,  0.00 
 0.00 ,  0.00 ,  0.00 
 0.00 ,  0.00 ,  0.00 
 0.00 , 619.10 , 414.90 
 0.00 , 875.37 , 588.25 
 0.00 , 1007.30 , 677.86 
 0.00 , 6282.13 , 4480.00 
 0.00 , 2501.83 , 1710.92 
 0.00 , 33.26 , 22.15 
 0.00 ,  0.00 ,  0.00 
 0.00 ,  0.00 ,  0.00 
 0.00 ,  0.00 ,  0.00 
 0.00 ,  0.00 ,  0.00 
 0.00 ,  0.00 ,  0.00 
2563.22 ,  0.00 , 2383.79 
 0.00 ,  0.00 ,  0.00 
 0.00 ,  0.00 ,  0.00 
 0.00 ,  0.00 ,  0.00 
 0.00 ,  0.00 ,  0.00 
 0.00 ,  0.00 ,  0.00 
 0.00 ,  0.00 ,  0.00 
 0.00 ,  0.00 ,  0.00 
 0.00 ,  0.00 ,  0.00 
 0.00 ,  0.00 ,  0.00 
 0.00 ,  0.00 ,  0.00 
 0.00 ,  0.00 ,  0.00 
 0.00 ,  0.00 ,  0.00 
 0.00 ,  0.00 ,  0.00 
 0.00 ,  0.00 ,  0.00 
 0.00 ,  0.00 ,  0.00 
 0.00 , 5025.15 , 3533.33 
 0.00 , 1649.26 , 1117.53 
 0.00 , 1484.86 , 1004.36 
2636.29 , 1458.15 , 3439.44 
 0.00 , 1070.46 , 720.85 
 0.00 , 321.74 , 214.94 
 0.00 , 663.65 , 444.97 
 0.00 , 669.86 , 449.16 
 0.00 , 798.17 , 535.93 
 0.00 , 959.36 , 645.27 
 0.00 , 1101.72 , 742.15 
 0.00 , 1080.51 , 727.70 
 0.00 , 833.94 , 560.17 
 0.00 , 874.72 , 587.81 
 0.00 , 870.32 , 584.83 
 0.00 , 921.64 , 619.65 
 0.00 ,  0.00 ,  0.00 
 0.00 ,  0.00 ,  0.00 
 0.00 ,  0.00 ,  0.00 
 0.00 ,  0.00 ,  0.00 
 0.00 ,  0.00 ,  0.00 
 0.00 ,  0.00 ,  0.00 
 0.00 , 169.37 , 112.97 
 0.00 , 679.50 , 455.68 
2748.61 , 6234.98 , 7036.21 
 0.00 , 2227.01 , 1518.45 
 0.00 , 540.60 , 361.99 
 0.00 ,  0.00 ,  0.00 
 0.00 , 424.50 , 283.90 
 0.00 , 804.33 , 540.10 
 0.00 , 1071.11 , 721.30 
 0.00 , 774.37 , 519.82 
 0.00 , 930.08 , 625.38 
 0.00 , 1275.96 , 861.13 
 0.00 , 1473.18 , 996.34 
 0.00 , 1437.15 , 971.59 
 0.00 , 1202.17 , 810.69 
 0.00 , 1196.13 , 806.57 
 0.00 , 1248.36 , 842.26 
2622.54 , 1249.08 , 3282.93 
 0.00 ,  0.00 ,  0.00 
 0.00 ,  0.00 ,  0.00 
 0.00 ,  0.00 ,  0.00 
 0.00 ,  0.00 ,  0.00 
 0.00 ,  0.00 ,  0.00 
 0.00 ,  0.00 ,  0.00 
 0.00 , 491.01 , 328.61 
 0.00 , 515.11 , 344.83 
 0.00 , 6217.49 , 4430.66 
 0.00 , 1959.14 , 1331.95 
 0.00 , 334.93 , 223.78 
 0.00 ,  0.00 ,  0.00 
 0.00 ,  0.00 ,  0.00 
 0.00 ,  0.00 ,  0.00 
 0.00 ,  0.00 ,  0.00 
 0.00 ,  0.00 ,  0.00 
 0.00 ,  0.00 ,  0.00 
 0.00 ,  0.00 ,  0.00 
 0.00 ,  0.00 ,  0.00 
2645.89 ,  0.00 , 2460.68 
 0.00 ,  0.00 ,  0.00 
 0.00 ,  0.00 ,  0.00 
 0.00 ,  0.00 ,  0.00 
 0.00 ,  0.00 ,  0.00 
 0.00 ,  0.00 ,  0.00 
 0.00 ,  0.00 ,  0.00 
 0.00 ,  0.00 ,  0.00 
 0.00 ,  0.00 ,  0.00 
 0.00 ,  0.00 ,  0.00 
 0.00 ,  0.00 ,  0.00 
 0.00 ,  0.00 ,  0.00 
 0.00 ,  0.00 ,  0.00 
 0.00 , 4151.83 , 2891.09 
 0.00 , 1491.13 , 1008.67 
 0.00 , 1150.00 , 775.08 
 0.00 , 165.60 , 110.44 
 0.00 ,  0.00 ,  0.00 
2562.47 , 93.60 , 2445.48 
 0.00 , 201.87 , 134.69 
 0.00 , 654.21 , 438.60 
 0.00 , 604.96 , 405.37 
 0.00 , 811.77 , 545.14 
 0.00 , 938.14 , 630.86 
 0.00 , 943.77 , 634.68 
 0.00 , 758.43 , 509.04 
 0.00 , 753.68 , 505.82 
 0.00 , 806.89 , 541.83 
 0.00 , 863.35 , 580.10 
 0.00 ,  0.00 ,  0.00 
 0.00 ,  0.00 ,  0.00 
 0.00 ,  0.00 ,  0.00 
 0.00 ,  0.00 ,  0.00 
 0.00 ,  0.00 ,  0.00 
 0.00 ,  0.00 ,  0.00 
 0.00 ,  0.00 ,  0.00 
 0.00 , 238.91 , 159.47 
 0.00 , 6201.74 , 4418.65 
2625.54 , 2066.26 , 3851.56 
 0.00 , 1869.77 , 1269.96 
 0.00 , 1676.71 , 1136.47 
 0.00 , 1303.83 , 880.20 
 0.00 , 981.75 , 660.49 
 0.00 , 921.94 , 619.85 
 0.00 , 936.37 , 629.65 
 0.00 , 789.52 , 530.08 
 0.00 , 1028.66 , 692.40 
 0.00 , 1387.83 , 937.76 
 0.00 , 1314.79 , 887.70 
 0.00 , 1125.24 , 758.19 
 0.00 , 1115.39 , 751.47 
 0.00 , 1164.22 , 784.78 
 0.00 , 1216.93 , 820.77 
2568.97 ,  0.00 , 2389.15 
 0.00 ,  0.00 ,  0.00 
 0.00 ,  0.00 ,  0.00 
 0.00 ,  0.00 ,  0.00 
 0.00 ,  0.00 ,  0.00 
 0.00 ,  0.00 ,  0.00 
 0.00 , 558.13 , 373.80 
 0.00 , 688.20 , 461.55 
 0.00 , 6282.13 , 4480.00 
 0.00 , 2192.20 , 1494.15 
 0.00 , 1594.13 , 1079.54 
 0.00 , 533.93 , 357.50 
 0.00 , 1194.36 , 805.35 
 0.00 , 1293.78 , 873.32 
 0.00 , 348.38 , 232.81 
 0.00 , 458.98 , 307.07 
 0.00 ,  0.00 ,  0.00 
 0.00 , 458.59 , 306.81 
 0.00 , 1143.71 , 770.79 
 0.00 , 1145.29 , 771.86 
2705.15 , 973.13 , 3171.18 
 0.00 , 978.26 , 658.12 
 0.00 , 1035.95 , 697.36 
 0.00 , 1042.18 , 701.60 
 0.00 ,  0.00 ,  0.00 
 0.00 ,  0.00 ,  0.00 
 0.00 ,  0.00 ,  0.00 
 0.00 ,  0.00 ,  0.00 
 0.00 ,  0.00 ,  0.00 
 0.00 ,  0.00 ,  0.00 
 0.00 ,  0.00 ,  0.00 
 0.00 , 423.11 , 282.97 
 0.00 , 6209.11 , 4424.27 
 0.00 , 2080.33 , 1416.19 
 0.00 , 1732.44 , 1174.95 
 0.00 , 1000.99 , 673.58 
 0.00 , 468.88 , 313.73 
 0.00 , 262.56 , 175.30 
2511.91 , 367.15 , 2581.57 
 0.00 , 813.47 , 546.29 
 0.00 , 1166.04 , 786.02 
 0.00 , 1289.38 , 870.31 
 0.00 , 1355.44 , 915.55 
 0.00 , 1324.28 , 894.21 
 0.00 , 1078.28 , 726.18 
 0.00 , 1118.28 , 753.44 
 0.00 , 1113.08 , 749.89 
 0.00 , 1162.98 , 783.93 
 0.00 ,  0.00 ,  0.00 
 0.00 ,  0.00 ,  0.00 
 0.00 ,  0.00 ,  0.00 
 0.00 ,  0.00 ,  0.00 
 0.00 ,  0.00 ,  0.00 
 0.00 , 140.35 , 93.58 
 0.00 , 783.74 , 526.16 
 0.00 , 918.50 , 617.52 
 0.00 , 6282.13 , 4480.00 
 0.00 , 2552.68 , 1746.67 
2684.89 , 2245.85 , 4032.70 
 0.00 , 1985.75 , 1350.43 
 0.00 , 1658.44 , 1123.86 
 0.00 , 1738.20 , 1178.93 
 0.00 , 1610.38 , 1090.73 
 0.00 , 1200.57 , 809.60 
 0.00 , 752.52 , 505.04 
 0.00 , 1346.40 , 909.36 
 0.00 , 1718.95 , 1165.63 
 0.00 , 1720.43 , 1166.66 
 0.00 , 1485.04 , 1004.48 
 0.00 , 1529.25 , 1034.88 
 0.00 , 1527.57 , 1033.72 
 0.00 , 1525.41 , 1032.24 
 0.00 ,  0.00 ,  0.00 
 0.00 ,  0.00 ,  0.00 
 0.00 ,  0.00 ,  0.00 
 0.00 ,  0.00 ,  0.00 
 0.00 , 425.43 , 284.53 
 0.00 , 789.93 , 530.35 
2526.14 , 859.85 , 2927.59 
 0.00 , 917.95 , 617.14 
 0.00 , 6282.13 , 4480.00 
 0.00 , 2411.28 , 1647.38 
 0.00 , 2194.44 , 1495.72 
 0.00 , 1975.89 , 1343.58 
 0.00 , 1762.83 , 1195.95 
 0.00 , 1447.96 , 979.01 
 0.00 , 264.99 , 176.92 
 0.00 ,  0.00 ,  0.00 
 0.00 , 82.66 , 55.08 
 0.00 , 1223.93 , 825.56 
 0.00 , 1374.03 , 928.29 
 0.00 , 1381.01 , 933.08 
 0.00 , 1150.34 , 775.30 
2675.72 , 1197.59 , 3297.13 
 0.00 , 1201.43 , 810.18 
 0.00 , 1255.59 , 847.20 
 0.00 ,  0.00 ,  0.00 
 0.00 ,  0.00 ,  0.00 
 0.00 ,  0.00 ,  0.00 
 0.00 ,  0.00 ,  0.00 
 0.00 ,  0.00 ,  0.00 
 0.00 , 638.24 , 427.82 
 0.00 , 875.01 , 588.01 
 0.00 , 1001.43 , 673.87 
 0.00 , 6282.13 , 4480.00 
 0.00 , 2675.33 , 1833.03 
 0.00 , 2136.21 , 1455.11 
 0.00 , 1447.57 , 978.75 
 0.00 , 593.83 , 397.86 
 0.00 , 1091.49 , 735.18 
 0.00 , 1106.84 , 745.64 
 0.00 , 863.86 , 580.45 
2563.22 , 932.20 , 3011.27 
 0.00 , 1301.96 , 878.92 
 0.00 , 1612.57 , 1092.24 
 0.00 , 1624.42 , 1100.41 
 0.00 , 1444.83 , 976.86 
 0.00 , 1493.58 , 1010.35 
 0.00 , 1548.69 , 1048.26 
 0.00 , 1606.07 , 1087.76 
 0.00 ,  0.00 ,  0.00 
 0.00 ,  0.00 ,  0.00 
 0.00 ,  0.00 ,  0.00 
 0.00 ,  0.00 ,  0.00 
 0.00 , 796.26 , 534.64 
 0.00 , 1059.25 , 713.22 
 0.00 , 1190.98 , 803.05 
 0.00 , 1256.71 , 847.96 
 0.00 , 6282.13 , 4480.00 
 0.00 , 2855.95 , 1960.63 
 0.00 , 1647.25 , 1116.15 
2636.29 , 832.69 , 3011.61 
 0.00 ,  0.00 ,  0.00 
 0.00 ,  0.00 ,  0.00 
 0.00 ,  0.00 ,  0.00 
 0.00 ,  0.00 ,  0.00 
 0.00 ,  0.00 ,  0.00 
 0.00 ,  0.00 ,  0.00 
 0.00 ,  0.00 ,  0.00 
 0.00 , 1113.98 , 750.51 
 0.00 , 1087.80 , 732.67 
 0.00 , 1190.59 , 802.78 
 0.00 , 1286.31 , 868.21 
 0.00 , 1374.80 , 928.82 
 0.00 ,  0.00 ,  0.00 
 0.00 ,  0.00 ,  0.00 
 0.00 ,  0.00 ,  0.00 
 0.00 ,  0.00 ,  0.00 
 0.00 , 530.33 , 355.08 
 0.00 , 1032.49 , 695.00 
 0.00 , 1232.54 , 831.44 
 0.00 , 1366.49 , 923.13 
2748.61 , 6234.98 , 7036.21 
 0.00 , 3064.16 , 2108.35 
 0.00 , 1457.36 , 985.47 
 0.00 , 958.34 , 644.58 
 0.00 , 12.10 ,  8.06 
 0.00 ,  0.00 ,  0.00 
 0.00 ,  0.00 ,  0.00 
 0.00 ,  0.00 ,  0.00 
 0.00 ,  0.00 ,  0.00 
 0.00 ,  0.00 ,  0.00 
 0.00 ,  0.00 ,  0.00 
 0.00 , 1207.82 , 814.55 
 0.00 , 1191.64 , 803.50 
 0.00 , 1359.50 , 918.33 
 0.00 , 1414.16 , 955.82 
2622.54 , 1507.31 , 3460.54 
 0.00 ,  0.00 ,  0.00 
 0.00 ,  0.00 ,  0.00 
 0.00 ,  0.00 ,  0.00 
 0.00 ,  0.00 ,  0.00 
 0.00 , 909.59 , 611.47 
 0.00 , 1153.43 , 777.42 
 0.00 , 1295.69 , 874.63 
 0.00 , 1425.78 , 963.79 
 0.00 , 6282.13 , 4480.00 
 0.00 , 3196.85 , 2202.85 
 0.00 , 2196.29 , 1497.01 
 0.00 , 342.58 , 228.91 
 0.00 , 387.67 , 259.17 
 0.00 ,  0.00 ,  0.00 
 0.00 ,  0.00 ,  0.00 
 0.00 ,  0.00 ,  0.00 
 0.00 ,  0.00 ,  0.00 
 0.00 ,  0.00 ,  0.00 
 0.00 ,  0.00 ,  0.00 
2645.89 , 792.26 , 2993.10 
 0.00 , 1288.21 , 869.51 
 0.00 , 1422.01 , 961.20 
 0.00 , 1541.79 , 1043.51 
 0.00 , 1649.35 , 1117.60 
 0.00 ,  0.00 ,  0.00 
 0.00 ,  0.00 ,  0.00 
 0.00 ,  0.00 ,  0.00 
 0.00 , 127.52 , 85.02 
 0.00 , 996.90 , 670.79 
 0.00 , 1098.28 , 739.81 
 0.00 , 1180.37 , 795.80 
 0.00 , 1248.64 , 842.45 
 0.00 , 6282.13 , 4480.00 
 0.00 , 2936.22 , 2017.51 
 0.00 , 2383.14 , 1627.66 
 0.00 , 2160.01 , 1471.70 
 0.00 , 1675.81 , 1135.85 
2562.47 , 1739.01 , 3564.92 
 0.00 , 1440.24 , 973.71 
 0.00 , 1775.19 , 1204.49 
 0.00 , 1830.20 , 1242.56 
 0.00 , 1689.96 , 1145.62 
 0.00 , 2051.84 , 1396.37 
 0.00 , 2001.56 , 1361.41 
 0.00 , 1757.70 , 1192.40 
 0.00 , 1795.10 , 1218.27 
 0.00 , 1788.46 , 1213.67 
 0.00 , 1836.16 , 1246.68 
 0.00 ,  0.00 ,  0.00 
 0.00 ,  0.00 ,  0.00 
 0.00 ,  0.00 ,  0.00 
 0.00 , 222.61 , 148.56 
 0.00 , 1021.82 , 687.74 
 0.00 , 1105.96 , 745.04 
 0.00 , 1227.90 , 828.27 
 0.00 , 1287.15 , 868.79 
 0.00 , 6282.13 , 4480.00 
2648.49 , 2774.31 , 4372.29 
 0.00 , 834.03 , 560.22 
 0.00 ,  0.00 ,  0.00 
 0.00 ,  0.00 ,  0.00 
 0.00 ,  0.00 ,  0.00 
 0.00 ,  0.00 ,  0.00 
 0.00 ,  0.00 ,  0.00 
 0.00 ,  0.00 ,  0.00 
 0.00 ,  0.00 ,  0.00 
 0.00 ,  0.00 ,  0.00 
 0.00 , 584.17 , 391.35 
 0.00 , 869.22 , 584.08 
 0.00 , 972.93 , 654.49 
 0.00 , 1122.88 , 756.58 
 0.00 , 1215.37 , 819.71 
2648.33 ,  0.00 , 2462.94 
 0.00 ,  0.00 ,  0.00 
 0.00 ,  0.00 ,  0.00 
 0.00 ,  0.00 ,  0.00 
 0.00 , 469.45 , 314.11 
 0.00 , 1123.70 , 757.14 
 0.00 , 1277.15 , 861.94 
 0.00 , 1469.88 , 994.07 
 0.00 , 6282.13 , 4480.00 
 0.00 , 3154.47 , 2172.63 
 0.00 , 1688.15 , 1144.36 
 0.00 ,  0.00 ,  0.00 
 0.00 ,  0.00 ,  0.00 
 0.00 ,  0.00 ,  0.00 
 0.00 ,  0.00 ,  0.00 
 0.00 ,  0.00 ,  0.00 
 0.00 ,  0.00 ,  0.00 
 0.00 ,  0.00 ,  0.00 
 0.00 , 74.73 , 49.79 
2560.73 , 1309.02 , 3266.55 
 0.00 , 1210.98 , 816.71 
 0.00 , 1265.01 , 853.64 
 0.00 , 1362.22 , 920.20 
 0.00 , 1400.12 , 946.19 
 0.00 ,  0.00 ,  0.00 
 0.00 ,  0.00 ,  0.00 
 0.00 ,  0.00 ,  0.00 
 0.00 ,  0.00 ,  0.00 
 0.00 , 359.43 , 240.21 
 0.00 , 839.42 , 563.88 
 0.00 , 922.49 , 620.23 
 0.00 , 990.72 , 666.59 
 0.00 , 6282.13 , 4480.00 
 0.00 , 2594.69 , 1776.22 
 0.00 , 893.26 , 600.39 
 0.00 ,  0.00 ,  0.00 
 0.00 ,  0.00 ,  0.00 
2638.51 ,  0.00 , 2453.82 
 0.00 ,  0.00 ,  0.00 
 0.00 ,  0.00 ,  0.00 
 0.00 ,  0.00 ,  0.00 
 0.00 ,  0.00 ,  0.00 
 0.00 ,  0.00 ,  0.00 
 0.00 ,  0.00 ,  0.00 
 0.00 , 475.09 , 317.91 
 0.00 , 721.93 , 484.35 
 0.00 , 821.78 , 551.92 
 0.00 , 913.08 , 613.84 
 0.00 ,  0.00 ,  0.00 
 0.00 ,  0.00 ,  0.00 
 0.00 ,  0.00 ,  0.00 
 0.00 ,  0.00 ,  0.00 
 0.00 ,  0.00 ,  0.00 
 0.00 ,  0.00 ,  0.00 
 0.00 , 614.29 , 411.66 
 0.00 , 919.30 , 618.07 
 0.00 , 6282.13 , 4480.00 
2701.89 , 2602.08 , 4299.83 
 0.00 , 1211.65 , 817.16 
 0.00 ,  0.00 ,  0.00 
 0.00 ,  0.00 ,  0.00 
 0.00 ,  0.00 ,  0.00 
 0.00 ,  0.00 ,  0.00 
 0.00 ,  0.00 ,  0.00 
 0.00 ,  0.00 ,  0.00 
 0.00 ,  0.00 ,  0.00 
 0.00 ,  0.00 ,  0.00 
 0.00 ,  0.00 ,  0.00 
 0.00 ,  0.00 ,  0.00 
 0.00 , 188.13 , 125.50 
 0.00 , 751.89 , 504.61 
 0.00 , 872.09 , 586.03 
2648.33 ,  0.00 , 2462.94 
 0.00 ,  0.00 ,  0.00 
 0.00 ,  0.00 ,  0.00 
 0.00 ,  0.00 ,  0.00 
 0.00 ,  0.00 ,  0.00 
 0.00 , 56.06 , 37.35 
 0.00 , 780.95 , 524.27 
 0.00 , 930.16 , 625.43 
 0.00 , 6282.13 , 4480.00 
 0.00 , 2698.09 , 1849.08 
 0.00 , 2630.71 , 1801.58 
 0.00 , 2295.22 , 1566.11 
 0.00 , 540.96 , 362.23 
 0.00 ,  0.00 ,  0.00 
 0.00 ,  0.00 ,  0.00 
 0.00 ,  0.00 ,  0.00 
 0.00 ,  0.00 ,  0.00 
 0.00 ,  0.00 ,  0.00 
 0.00 , 1011.48 , 680.70 
2560.73 , 1279.35 , 3246.18 
 0.00 , 1074.13 , 723.35 
 0.00 , 1149.20 , 774.53 
 0.00 , 1224.10 , 825.67 
 0.00 , 1297.99 , 876.20 
 0.00 ,  0.00 ,  0.00 
 0.00 ,  0.00 ,  0.00 
 0.00 ,  0.00 ,  0.00 
 0.00 ,  0.00 ,  0.00 
 0.00 ,  0.00 ,  0.00 
 0.00 , 643.94 , 431.66 
 0.00 , 856.33 , 575.34 
 0.00 , 984.40 , 662.29 
 0.00 , 6282.13 , 4480.00 
 0.00 , 2680.18 , 1836.45 
 0.00 , 2328.87 , 1589.66 
 0.00 , 2137.96 , 1456.33 
 0.00 , 1816.78 , 1233.27 
2638.51 , 1468.19 , 3448.43 
 0.00 , 1675.05 , 1135.32 
 0.00 , 1618.27 , 1096.17 
 0.00 , 1589.10 , 1076.08 
 0.00 , 1406.34 , 950.45 
 0.00 , 1814.21 , 1231.49 
 0.00 , 1829.51 , 1242.08 
 0.00 , 1588.00 , 1075.32 
 0.00 , 1626.91 , 1102.12 
 0.00 , 1674.89 , 1135.21 
 0.00 , 1672.63 , 1133.65 
 0.00 ,  0.00 ,  0.00 
 0.00 ,  0.00 ,  0.00 
 0.00 ,  0.00 ,  0.00 
 0.00 ,  0.00 ,  0.00 
 0.00 , 790.42 , 530.69 
 0.00 , 992.37 , 667.71 
 0.00 , 1063.22 , 715.92 
 0.00 , 1176.63 , 793.25 
 0.00 , 6282.13 , 4480.00 
2701.89 , 2803.22 , 4442.67 
 0.00 , 2572.21 , 1760.40 
 0.00 , 1854.78 , 1259.58 
 0.00 , 1643.76 , 1113.74 
 0.00 , 1363.24 , 920.89 
 0.00 , 1336.76 , 902.75 
 0.00 , 1451.15 , 981.21 
 0.00 , 885.99 , 595.45 
 0.00 , 770.52 , 517.21 
 0.00 , 1568.33 , 1061.77 
 0.00 , 1642.68 , 1112.99 
 0.00 , 1455.20 , 983.99 
 0.00 , 1451.37 , 981.36 
 0.00 , 1503.64 , 1017.27 
 0.00 , 1558.27 , 1054.85 
2648.33 ,  0.00 , 2462.94 
 0.00 ,  0.00 ,  0.00 
 0.00 ,  0.00 ,  0.00 
 0.00 ,  0.00 ,  0.00 
 0.00 , 498.27 , 333.50 
 0.00 , 881.16 , 592.18 
 0.00 , 1009.32 , 679.23 
 0.00 , 1072.94 , 722.54 
 0.00 , 6282.13 , 4480.00 
 0.00 , 2638.68 , 1807.20 
 0.00 , 2023.92 , 1376.95 
 0.00 , 344.08 , 229.92 
 0.00 , 714.55 , 479.36 
 0.00 , 676.55 , 453.68 
 0.00 , 788.88 , 529.64 
 0.00 , 831.96 , 558.82 
 0.00 , 1078.45 , 726.30 
 0.00 , 1452.81 , 982.34 
 0.00 , 1596.52 , 1081.18 
2560.73 , 1578.36 , 3452.07 
 0.00 , 1396.56 , 943.74 
 0.00 , 1442.72 , 975.42 
 0.00 , 1496.11 , 1012.09 
 0.00 , 1498.61 , 1013.81 
 0.00 ,  0.00 ,  0.00 
 0.00 ,  0.00 ,  0.00 
 0.00 ,  0.00 ,  0.00 
 0.00 ,  0.00 ,  0.00 
 0.00 , 799.07 , 536.54 
 0.00 , 1073.11 , 722.66 
 0.00 , 1205.87 , 813.22 
 0.00 , 1327.06 , 896.11 
 0.00 , 6282.13 , 4480.00 
 0.00 , 2933.51 , 2015.58 
 0.00 , 2343.41 , 1599.84 
 0.00 , 1726.78 , 1171.04 
 0.00 , 1418.95 , 959.10 
2638.51 , 1296.85 , 3330.56 
 0.00 , 336.98 , 225.16 
 0.00 , 453.93 , 303.68 
 0.00 , 888.68 , 597.28 
 0.00 , 1283.62 , 866.37 
 0.00 , 1686.86 , 1143.47 
 0.00 , 1697.88 , 1151.08 
 0.00 , 1511.07 , 1022.38 
 0.00 , 1564.72 , 1059.29 
 0.00 , 1568.87 , 1062.15 
 0.00 , 1625.88 , 1101.42 
 0.00 ,  0.00 ,  0.00 
 0.00 ,  0.00 ,  0.00 
 0.00 ,  0.00 ,  0.00 
 0.00 ,  0.00 ,  0.00 
 0.00 , 909.29 , 611.27 
 0.00 , 1042.98 , 702.14 
 0.00 , 1169.91 , 788.66 
 0.00 , 1232.96 , 831.72 
 0.00 , 6282.13 , 4480.00 
2701.89 , 2916.40 , 4523.35 
 0.00 , 2619.93 , 1793.99 
 0.00 , 2367.24 , 1616.52 
 0.00 , 2160.55 , 1472.08 
 0.00 , 2080.87 , 1416.57 
 0.00 , 1434.59 , 969.84 
 0.00 ,  0.00 ,  0.00 
 0.00 , 170.40 , 113.65 
 0.00 , 610.07 , 408.81 
 0.00 , 1510.20 , 1021.78 
 0.00 , 1616.12 , 1094.69 
 0.00 , 1391.14 , 940.03 
 0.00 , 1448.52 , 979.40 
 0.00 , 1509.71 , 1021.44 
 0.00 , 1570.74 , 1063.43 
2648.33 ,  0.00 , 2462.94 
 0.00 ,  0.00 ,  0.00 
 0.00 ,  0.00 ,  0.00 
 0.00 ,  0.00 ,  0.00 
 0.00 , 698.50 , 468.51 
 0.00 , 1086.07 , 731.49 
 0.00 , 1166.85 , 786.57 
 0.00 , 1341.26 , 905.84 
 0.00 , 6282.13 , 4480.00 
 0.00 , 3119.75 , 2147.90 
 0.00 , 2808.59 , 1927.12 
 0.00 , 2559.34 , 1751.35 
 0.00 , 2371.86 , 1619.75 
 0.00 , 2169.12 , 1478.06 
 0.00 , 2037.51 , 1386.40 
 0.00 , 2192.08 , 1494.07 
 0.00 , 2275.27 , 1552.17 
 0.00 , 2396.94 , 1637.33 
 0.00 , 2499.33 , 1709.17 
2560.73 , 2390.13 , 4018.51 
 0.00 , 2090.25 , 1423.10 
 0.00 , 2064.17 , 1404.95 
 0.00 , 2046.79 , 1392.86 
 0.00 , 2032.62 , 1383.00 
 0.00 ,  0.00 ,  0.00 
 0.00 ,  0.00 ,  0.00 
 0.00 ,  0.00 ,  0.00 
 0.00 , 488.29 , 326.78 
 0.00 , 970.06 , 652.54 
 0.00 , 1039.14 , 699.53 
 0.00 , 1095.87 , 738.17 
 0.00 , 1143.09 , 770.36 
 0.00 , 6282.13 , 4480.00 
 0.00 , 2733.97 , 1874.40 
 0.00 , 1914.49 , 1300.96 
 0.00 , 1710.05 , 1159.48 
 0.00 , 1824.43 , 1238.56 
2638.51 , 1270.14 , 3312.24 
 0.00 , 1308.05 , 883.09 
 0.00 , 1525.64 , 1032.40 
 0.00 , 1725.08 , 1169.86 
 0.00 , 1700.90 , 1153.17 
 0.00 , 1833.55 , 1244.87 
 0.00 , 1808.39 , 1227.46 
 0.00 , 1556.80 , 1053.83 
 0.00 , 1589.30 , 1076.21 
 0.00 , 1577.48 , 1068.07 
 0.00 , 1621.44 , 1098.35 
 0.00 ,  0.00 ,  0.00 
 0.00 ,  0.00 ,  0.00 
 0.00 ,  0.00 ,  0.00 
 0.00 ,  0.00 ,  0.00 
 0.00 , 935.37 , 628.98 
 0.00 , 1210.05 , 816.07 
 0.00 , 1397.51 , 944.39 
 0.00 , 1576.13 , 1067.14 
 0.00 , 6282.13 , 4480.00 
2701.89 , 3406.81 , 4875.55 
 0.00 , 1737.93 , 1178.74 
 0.00 , 230.86 , 154.08 
 0.00 ,  0.00 ,  0.00 
 0.00 ,  0.00 ,  0.00 
 0.00 ,  0.00 ,  0.00 
 0.00 ,  0.00 ,  0.00 
 0.00 ,  0.00 ,  0.00 
 0.00 ,  0.00 ,  0.00 
 0.00 , 142.01 , 94.69 
 0.00 , 1482.33 , 1002.62 
 0.00 , 1322.14 , 892.74 
 0.00 , 1429.98 , 966.67 
 0.00 , 1476.80 , 998.82 
 0.00 , 1566.27 , 1060.35 
2648.33 ,  0.00 , 2462.94 
 0.00 ,  0.00 ,  0.00 
 0.00 ,  0.00 ,  0.00 
 0.00 ,  0.00 ,  0.00 
 0.00 , 610.65 , 409.21 
 0.00 , 940.47 , 632.44 
 0.00 , 1020.29 , 686.70 
 0.00 , 1085.76 , 731.27 
 0.00 , 6282.13 , 4480.00 
 0.00 , 2755.06 , 1889.30 
 0.00 , 1955.98 , 1329.75 
 0.00 , 1664.93 , 1128.35 
 0.00 , 1300.56 , 877.97 
 0.00 , 1199.79 , 809.07 
 0.00 , 461.42 , 308.71 
 0.00 , 502.87 , 336.59 
 0.00 ,  0.00 ,  0.00 
 0.00 ,  0.00 ,  0.00 
 0.00 , 889.23 , 597.65 
2560.73 , 1265.91 , 3236.96 
 0.00 , 1065.31 , 717.34 
 0.00 , 1131.41 , 762.40 
 0.00 , 1144.78 , 771.51 
 0.00 , 1208.28 , 814.86 
 0.00 ,  0.00 ,  0.00 
 0.00 ,  0.00 ,  0.00 
 0.00 ,  0.00 ,  0.00 
 0.00 ,  0.00 ,  0.00 
 0.00 ,  0.00 ,  0.00 
 0.00 ,  0.00 ,  0.00 
 0.00 , 524.35 , 351.05 
 0.00 , 699.68 , 469.31 
 0.00 , 6282.13 , 4480.00 
 0.00 , 2244.09 , 1530.38 
 0.00 , 2086.69 , 1420.62 
 0.00 , 1891.86 , 1285.27 
 0.00 , 1641.17 , 1111.96 
2638.51 , 1611.34 , 3547.27 
 0.00 , 1634.42 , 1107.30 
 0.00 , 1485.19 , 1004.59 
 0.00 , 1497.57 , 1013.10 
 0.00 , 1599.83 , 1083.46 
 0.00 , 1734.82 , 1176.59 
 0.00 , 1627.02 , 1102.20 
 0.00 , 1367.93 , 924.11 
 0.00 , 1395.77 , 943.20 
 0.00 , 1381.04 , 933.10 
 0.00 , 1368.88 , 924.76 
 0.00 ,  0.00 ,  0.00 
 0.00 ,  0.00 ,  0.00 
 0.00 ,  0.00 ,  0.00 
 0.00 ,  0.00 ,  0.00 
 0.00 ,  0.00 ,  0.00 
 0.00 , 251.42 , 167.84 
 0.00 , 576.03 , 385.87 
 0.00 , 634.91 , 425.57 
 0.00 , 6236.43 , 4445.11 
2701.89 , 2151.55 , 3982.38 
 0.00 , 1503.48 , 1017.16 
 0.00 , 1482.55 , 1002.77 
 0.00 , 1147.11 , 773.10 
 0.00 , 527.72 , 353.32 
 0.00 ,  0.00 ,  0.00 
 0.00 ,  0.00 ,  0.00 
 0.00 ,  0.00 ,  0.00 
 0.00 ,  0.00 ,  0.00 
 0.00 ,  0.00 ,  0.00 
 0.00 , 549.39 , 367.92 
 0.00 , 586.62 , 393.00 
 0.00 , 660.66 , 442.95 
 0.00 , 733.56 , 492.21 
 0.00 , 804.27 , 540.06 
2648.33 ,  0.00 , 2462.94 
 0.00 ,  0.00 ,  0.00 
 0.00 ,  0.00 ,  0.00 
 0.00 ,  0.00 ,  0.00 
 0.00 ,  0.00 ,  0.00 
 0.00 ,  0.00 ,  0.00 
 0.00 , 596.28 , 399.51 
 0.00 , 918.48 , 617.51 
 0.00 , 6282.13 , 4480.00 
 0.00 , 2739.52 , 1878.32 
 0.00 , 1980.73 , 1346.94 
 0.00 , 560.81 , 375.61 
 0.00 , 643.63 , 431.46 
 0.00 , 642.92 , 430.97 
 0.00 ,  0.00 ,  0.00 
 0.00 ,  0.00 ,  0.00 
 0.00 ,  0.00 ,  0.00 
 0.00 ,  0.00 ,  0.00 
 0.00 , 337.65 , 225.61 
2560.73 , 1187.83 , 3183.45 
 0.00 , 1065.70 , 717.61 
 0.00 , 1102.75 , 742.86 
 0.00 , 1186.33 , 799.87 
 0.00 , 1267.09 , 855.07 
 0.00 ,  0.00 ,  0.00 
 0.00 ,  0.00 ,  0.00 
 0.00 ,  0.00 ,  0.00 
 0.00 ,  0.00 ,  0.00 
 0.00 ,  0.00 ,  0.00 
 0.00 , 279.44 , 186.60 
 0.00 , 651.80 , 436.97 
 0.00 , 777.45 , 521.91 
 0.00 , 6282.13 , 4480.00 
 0.00 , 2436.05 , 1664.75 
 0.00 , 729.65 , 489.57 
 0.00 ,  0.00 ,  0.00 
 0.00 ,  0.00 ,  0.00 
2638.51 , 110.10 , 2527.21 
 0.00 ,  0.00 ,  0.00 
 0.00 ,  0.00 ,  0.00 
 0.00 ,  0.00 ,  0.00 
 0.00 ,  0.00 ,  0.00 
 0.00 ,  0.00 ,  0.00 
 0.00 ,  0.00 ,  0.00 
 0.00 , 240.52 , 160.54 
 0.00 , 612.13 , 410.20 
 0.00 , 710.04 , 476.31 
 0.00 , 800.11 , 537.25 
 0.00 ,  0.00 ,  0.00 
 0.00 ,  0.00 ,  0.00 
 0.00 ,  0.00 ,  0.00 
 0.00 ,  0.00 ,  0.00 
 0.00 ,  0.00 ,  0.00 
 0.00 ,  0.00 ,  0.00 
 0.00 , 126.45 , 84.30 
 0.00 , 658.99 , 441.82 
 0.00 , 6282.13 , 4480.00 
2701.89 , 2393.12 , 4152.16 
 0.00 , 1883.55 , 1279.51 
 0.00 , 1359.14 , 918.09 
 0.00 ,  0.00 ,  0.00 
 0.00 ,  0.00 ,  0.00 
 0.00 ,  0.00 ,  0.00 
 0.00 ,  0.00 ,  0.00 
 0.00 ,  0.00 ,  0.00 
 0.00 ,  0.00 ,  0.00 
 0.00 ,  0.00 ,  0.00 
 0.00 ,  0.00 ,  0.00 
 0.00 , 434.09 , 290.34 
 0.00 , 699.78 , 469.37 
 0.00 , 799.30 , 536.70 
 0.00 , 891.56 , 599.24 
2648.33 ,  0.00 , 2462.94 
 0.00 ,  0.00 ,  0.00 
 0.00 ,  0.00 ,  0.00 
 0.00 ,  0.00 ,  0.00 
 0.00 ,  0.00 ,  0.00 
 0.00 ,  0.00 ,  0.00 
 0.00 , 457.86 , 306.32 
 0.00 , 831.71 , 558.65 
 0.00 , 6282.13 , 4480.00 
 0.00 , 2587.18 , 1770.94 
 0.00 , 1026.01 , 690.59 
 0.00 , 395.91 , 264.70 
 0.00 , 123.38 , 82.26 
 0.00 ,  0.00 ,  0.00 
 0.00 ,  0.00 ,  0.00 
 0.00 ,  0.00 ,  0.00 
 0.00 ,  0.00 ,  0.00 
 0.00 ,  0.00 ,  0.00 
 0.00 ,  0.00 ,  0.00 
2560.73 , 220.06 , 2528.37 
 0.00 , 767.37 , 515.08 
 0.00 , 931.43 , 626.30 
 0.00 , 1035.16 , 696.82 
 0.00 , 1184.01 , 798.29 
 0.00 ,  0.00 ,  0.00 
 0.00 ,  0.00 ,  0.00 
 0.00 ,  0.00 ,  0.00 
 0.00 ,  0.00 ,  0.00 
 0.00 , 183.75 , 122.57 
 0.00 , 1026.76 , 691.10 
 0.00 , 1239.72 , 836.35 
 0.00 , 1438.97 , 972.84 
 0.00 , 6282.13 , 4480.00 
 0.00 , 3301.16 , 2277.32 
 0.00 , 1887.80 , 1282.46 
 0.00 , 1167.68 , 787.14 
 0.00 , 421.65 , 281.98 
2638.51 ,  0.00 , 2453.82 
 0.00 ,  0.00 ,  0.00 
 0.00 ,  0.00 ,  0.00 
 0.00 ,  0.00 ,  0.00 
 0.00 ,  0.00 ,  0.00 
 0.00 , 253.77 , 169.41 
 0.00 , 1531.91 , 1036.71 
 0.00 , 1391.47 , 940.25 
 0.00 , 1453.55 , 982.86 
 0.00 , 1504.22 , 1017.67 
 0.00 , 1598.88 , 1082.81 
 0.00 ,  0.00 ,  0.00 
 0.00 ,  0.00 ,  0.00 
 0.00 ,  0.00 ,  0.00 
 0.00 ,  0.00 ,  0.00 
 0.00 , 395.71 , 264.57 
 0.00 , 759.23 , 509.57 
 0.00 , 781.92 , 524.93 
 0.00 , 843.07 , 566.35 
 0.00 , 6282.13 , 4480.00 
2701.89 , 2316.72 , 4098.36 
 0.00 , 1521.84 , 1029.79 
 0.00 , 1445.46 , 977.30 
 0.00 , 1053.54 , 709.33 
 0.00 , 997.07 , 670.91 
 0.00 , 1147.83 , 773.59 
 0.00 , 1447.97 , 979.02 
 0.00 , 1331.55 , 899.18 
 0.00 , 1475.98 , 998.26 
 0.00 , 1619.25 , 1096.85 
 0.00 , 1517.77 , 1026.98 
 0.00 , 1263.67 , 852.72 
 0.00 , 1297.03 , 875.55 
 0.00 , 1286.50 , 868.34 
 0.00 , 1331.55 , 899.18 
2648.33 ,  0.00 , 2462.94 
 0.00 ,  0.00 ,  0.00 
 0.00 ,  0.00 ,  0.00 
 0.00 ,  0.00 ,  0.00 
 0.00 ,  2.84 ,  1.89 
 0.00 , 830.88 , 558.09 
 0.00 , 989.55 , 665.79 
 0.00 , 1170.87 , 789.32 
 0.00 , 6282.13 , 4480.00 
 0.00 , 2819.32 , 1934.71 
 0.00 , 2121.22 , 1444.67 
 0.00 , 1232.04 , 831.10 
 0.00 , 1646.44 , 1115.59 
 0.00 , 1756.06 , 1191.27 
 0.00 , 1605.16 , 1087.14 
 0.00 , 1817.33 , 1233.65 
 0.00 , 2034.64 , 1384.40 
 0.00 , 2159.94 , 1471.65 
 0.00 , 2248.49 , 1533.46 
2560.73 , 2138.91 , 3842.03 
 0.00 , 1950.21 , 1325.75 
 0.00 , 1935.13 , 1315.29 
 0.00 , 1980.47 , 1346.76 
 0.00 , 1976.58 , 1344.06 
 0.00 ,  0.00 ,  0.00 
 0.00 ,  0.00 ,  0.00 
 0.00 ,  0.00 ,  0.00 
 0.00 , 1026.78 , 691.12 
 0.00 , 1374.33 , 928.50 
 0.00 , 1513.09 , 1023.77 
 0.00 , 1637.96 , 1109.74 
 0.00 , 1754.01 , 1189.85 
 0.00 , 6282.13 , 4480.00 
 0.00 , 3531.05 , 2442.06 
 0.00 , 2526.20 , 1728.05 
 0.00 , 1510.49 , 1021.98 
 0.00 , 1860.40 , 1263.47 
2638.51 , 1353.31 , 3369.35 
 0.00 , 327.83 , 219.02 
 0.00 ,  0.00 ,  0.00 
 0.00 , 24.54 , 16.34 
 0.00 , 658.46 , 441.46 
 0.00 , 1786.93 , 1212.61 
 0.00 , 1921.19 , 1305.62 
 0.00 , 1789.68 , 1214.52 
 0.00 , 1872.05 , 1271.54 
 0.00 , 1897.50 , 1289.18 
 0.00 , 1971.46 , 1340.50 
 0.00 ,  0.00 ,  0.00 
 0.00 ,  0.00 ,  0.00 
 0.00 ,  0.00 ,  0.00 
 0.00 , 1086.45 , 731.75 
 0.00 , 1375.46 , 929.27 
 0.00 , 1518.17 , 1027.26 
 0.00 , 1647.63 , 1116.41 
 0.00 , 1766.18 , 1198.26 
 0.00 , 6282.13 , 4480.00 
2701.89 , 3534.45 , 4967.91 
 0.00 , 2935.38 , 2016.91 
 0.00 , 1515.31 , 1025.29 
 0.00 , 2015.71 , 1371.25 
 0.00 , 2252.73 , 1536.41 
 0.00 , 2176.85 , 1483.44 
 0.00 , 2211.85 , 1507.87 
 0.00 , 2339.86 , 1597.35 
 0.00 , 2504.54 , 1712.83 
 0.00 , 2689.54 , 1843.05 
 0.00 , 2670.56 , 1829.67 
 0.00 , 2433.16 , 1662.72 
 0.00 , 2420.06 , 1653.54 
 0.00 , 2412.39 , 1648.16 
 0.00 , 2406.66 , 1644.14 
2648.33 ,  0.00 , 2462.94 
 0.00 ,  0.00 ,  0.00 
 0.00 , 545.74 , 365.45 
 0.00 , 1489.13 , 1007.30 
 0.00 , 1523.82 , 1031.14 
 0.00 , 1591.25 , 1077.56 
 0.00 , 1647.84 , 1116.55 
 0.00 , 1695.48 , 1149.42 
 0.00 , 6282.13 , 4480.00 
 0.00 , 3320.38 , 2291.06 
 0.00 , 3208.39 , 2211.08 
 0.00 , 3037.26 , 2089.23 
 0.00 , 2968.75 , 2040.58 
 0.00 , 2775.69 , 1903.87 
 0.00 , 2644.74 , 1811.47 
 0.00 , 2685.52 , 1840.22 
 0.00 , 2668.73 , 1828.37 
 0.00 , 2677.33 , 1834.44 
 0.00 , 2754.65 , 1889.01 
2560.73 , 2631.73 , 4189.23 
 0.00 , 2380.03 , 1625.48 
 0.00 , 2350.14 , 1604.55 
 0.00 , 2382.64 , 1627.31 
 0.00 , 2368.84 , 1617.64 
 0.00 ,  0.00 ,  0.00 
 0.00 ,  0.00 ,  0.00 
 0.00 , 341.82 , 228.40 
 0.00 , 1474.74 , 997.41 
 0.00 , 1564.86 , 1059.38 
 0.00 , 1690.72 , 1146.14 
 0.00 , 1805.63 , 1225.55 
 0.00 , 1858.81 , 1262.37 
 0.00 , 6282.13 , 4480.00 
 0.00 , 3624.57 , 2509.31 
 0.00 , 3121.09 , 2148.86 
 0.00 , 2130.41 , 1451.07 
 0.00 , 1350.28 , 912.02 
2638.51 , 1194.20 , 3260.19 
 0.00 , 1136.51 , 765.87 
 0.00 , 811.14 , 544.72 
 0.00 , 324.09 , 216.52 
 0.00 , 710.85 , 476.86 
 0.00 , 1894.33 , 1286.98 
 0.00 , 2017.25 , 1372.31 
 0.00 , 1875.57 , 1273.98 
 0.00 , 1895.38 , 1287.72 
 0.00 , 1964.02 , 1335.33 
 0.00 , 2032.43 , 1382.87 
 0.00 ,  0.00 ,  0.00 
 0.00 ,  0.00 ,  0.00 
 0.00 ,  0.00 ,  0.00 
 0.00 , 1114.47 , 750.84 
 0.00 , 1414.64 , 956.14 
 0.00 , 1553.93 , 1051.86 
 0.00 , 1680.39 , 1139.01 
 0.00 , 1742.33 , 1181.78 
 0.00 , 6282.13 , 4480.00 
2701.89 , 3497.92 , 4941.44 
 0.00 , 2915.26 , 2002.64 
 0.00 , 2408.95 , 1645.75 
 0.00 , 2009.74 , 1367.10 
 0.00 , 1356.84 , 916.51 
 0.00 , 137.60 , 91.75 
 0.00 , 632.27 , 423.79 
 0.00 , 1295.71 , 874.64 
 0.00 , 1661.46 , 1125.95 
 0.00 , 2069.49 , 1408.65 
 0.00 , 2103.62 , 1432.41 
 0.00 , 1937.43 , 1316.88 
 0.00 , 1995.31 , 1357.07 
 0.00 , 2002.33 , 1361.94 
 0.00 , 2060.62 , 1402.47 
2648.33 ,  0.00 , 2462.94 
 0.00 ,  0.00 ,  0.00 
 0.00 ,  0.00 ,  0.00 
 0.00 , 988.61 , 665.16 
 0.00 , 1355.64 , 915.69 
 0.00 , 1437.91 , 972.11 
 0.00 , 1559.46 , 1055.67 
 0.00 , 1671.64 , 1132.97 
 0.00 , 6282.13 , 4480.00 
 0.00 , 3332.76 , 2299.92 
 0.00 , 2232.89 , 1522.56 
 0.00 , 1771.14 , 1201.70 
 0.00 , 953.69 , 641.42 
 0.00 , 521.73 , 349.29 
 0.00 , 643.30 , 431.23 
 0.00 , 785.55 , 527.39 
 0.00 , 705.58 , 473.29 
 0.00 , 722.50 , 484.73 
 0.00 , 1626.44 , 1101.80 
2560.73 , 1753.07 , 3573.06 
 0.00 , 1603.79 , 1086.20 
 0.00 , 1615.94 , 1094.57 
 0.00 , 1625.86 , 1101.40 
 0.00 , 1633.03 , 1106.35 
 0.00 ,  0.00 ,  0.00 
 0.00 ,  0.00 ,  0.00 
 0.00 ,  0.00 ,  0.00 
 0.00 ,  0.00 ,  0.00 
 0.00 , 848.18 , 569.82 
 0.00 , 995.12 , 669.58 
 0.00 , 1064.96 , 717.11 
 0.00 , 1122.31 , 756.19 
 0.00 , 6282.13 , 4480.00 
 0.00 , 2638.82 , 1807.30 
 0.00 , 2425.55 , 1657.38 
 0.00 , 2131.63 , 1451.92 
 0.00 , 1918.46 , 1303.72 
2638.51 , 1730.33 , 3629.69 
 0.00 , 1609.81 , 1090.34 
 0.00 , 1625.96 , 1101.47 
 0.00 , 1799.02 , 1220.98 
 0.00 , 1819.35 , 1235.05 
 0.00 , 1921.07 , 1305.53 
 0.00 , 1859.16 , 1262.62 
 0.00 , 1642.55 , 1112.91 
 0.00 , 1618.83 , 1096.56 
 0.00 , 1655.39 , 1121.76 
 0.00 , 1645.35 , 1114.84 
 0.00 ,  0.00 ,  0.00 
 0.00 ,  0.00 ,  0.00 
 0.00 ,  0.00 ,  0.00 
 0.00 , 39.66 , 26.42 
 0.00 , 984.79 , 662.56 
 0.00 , 1071.05 , 721.26 
 0.00 , 1193.22 , 804.57 
 0.00 , 1306.64 , 882.12 
 0.00 , 6282.13 , 4480.00 
2701.89 , 3054.45 , 4622.07 
 0.00 , 2860.66 , 1963.97 
 0.00 , 2645.20 , 1811.79 
 0.00 , 2463.50 , 1684.01 
 0.00 , 2306.02 , 1573.67 
 0.00 , 2144.88 , 1461.15 
 0.00 , 2162.55 , 1473.47 
 0.00 , 2206.04 , 1503.81 
 0.00 , 2264.91 , 1544.93 
 0.00 , 2368.12 , 1617.14 
 0.00 , 2323.88 , 1586.17 
 0.00 , 2069.95 , 1408.97 
 0.00 , 2045.14 , 1391.71 
 0.00 , 2082.01 , 1417.36 
 0.00 , 2071.17 , 1409.82 
2648.33 ,  0.00 , 2462.94 
