CALDERA,CALDERA,CALDERA
SIS2_EQ1_EQ_Caldera-Biomasa-Defecto,SIS2_EQ1_EQ_Caldera-Biomasa-Defecto,SIS2_EQ1_EQ_Caldera-Biomasa-Defecto
ConsumoACS,ConsumoCAL,Energía Suministrada
Consumo horario en W asociado a ACS (prorrateando con la demanda),Consumo horario en W asociado a la calefacción (prorrateando con la demanda),Energía Suministrada en W
Biomasa no densificada,Biomasa no densificada,Biomasa no densificada
 0.00 ,  0.00 ,  0.00 
 0.00 ,  0.00 ,  0.00 
 0.00 ,  0.00 ,  0.00 
 0.00 ,  0.00 ,  0.00 
 0.00 ,  0.00 ,  0.00 
 0.00 ,  0.00 ,  0.00 
 0.00 ,  0.00 ,  0.00 
 0.00 , 5862.09 , 4160.67 
 0.00 , 1879.02 , 1276.38 
 0.00 , 1577.46 , 1068.06 
 0.00 , 1120.56 , 754.99 
 0.00 , 1225.46 , 826.60 
 0.00 , 1047.01 , 704.88 
 0.00 , 914.47 , 614.78 
 0.00 , 526.83 , 352.72 
 0.00 , 639.70 , 428.81 
 0.00 , 973.47 , 654.86 
 0.00 , 1157.61 , 780.27 
2560.73 , 1107.71 , 3128.65 
 0.00 , 916.24 , 615.99 
 0.00 , 904.41 , 607.96 
 0.00 , 950.97 , 639.57 
 0.00 , 949.16 , 638.34 
 0.00 ,  0.00 ,  0.00 
 0.00 ,  0.00 ,  0.00 
 0.00 ,  0.00 ,  0.00 
 0.00 ,  0.00 ,  0.00 
 0.00 ,  0.00 ,  0.00 
 0.00 ,  0.00 ,  0.00 
 0.00 ,  0.00 ,  0.00 
 0.00 , 101.15 , 67.41 
 0.00 , 6138.05 , 4370.12 
 0.00 , 2066.14 , 1406.32 
 0.00 , 1869.70 , 1269.92 
 0.00 , 1664.12 , 1127.78 
 0.00 , 1104.01 , 743.71 
2638.51 , 1023.23 , 3143.34 
 0.00 , 1113.20 , 749.98 
 0.00 , 1347.60 , 910.18 
 0.00 , 1422.79 , 961.74 
 0.00 , 1408.34 , 951.82 
 0.00 , 1516.90 , 1026.38 
 0.00 , 1456.74 , 985.04 
 0.00 , 1204.40 , 812.21 
 0.00 , 1238.36 , 835.42 
 0.00 , 1228.68 , 828.80 
 0.00 , 1220.98 , 823.54 
 0.00 ,  0.00 ,  0.00 
 0.00 ,  0.00 ,  0.00 
 0.00 ,  0.00 ,  0.00 
 0.00 ,  0.00 ,  0.00 
 0.00 ,  0.00 ,  0.00 
 0.00 ,  0.00 ,  0.00 
 0.00 , 144.57 , 96.40 
 0.00 , 463.23 , 309.93 
 0.00 , 6175.44 , 4398.60 
2701.89 , 2090.08 , 3939.34 
 0.00 , 1915.73 , 1301.83 
 0.00 , 1635.95 , 1108.36 
 0.00 , 786.41 , 527.97 
 0.00 , 764.58 , 513.19 
 0.00 , 967.55 , 650.84 
 0.00 , 803.37 , 539.45 
 0.00 , 848.72 , 570.18 
 0.00 , 1120.44 , 754.91 
 0.00 , 1276.78 , 861.69 
 0.00 , 1269.47 , 856.69 
 0.00 , 1023.50 , 688.89 
 0.00 , 1061.45 , 714.72 
 0.00 , 1108.73 , 746.93 
 0.00 , 1106.60 , 745.48 
2648.33 ,  0.00 , 2462.94 
 0.00 ,  0.00 ,  0.00 
 0.00 ,  0.00 ,  0.00 
 0.00 ,  0.00 ,  0.00 
 0.00 ,  0.00 ,  0.00 
 0.00 , 299.17 , 199.81 
 0.00 , 845.71 , 568.14 
 0.00 , 1035.54 , 697.08 
 0.00 , 6282.13 , 4480.00 
 0.00 , 2820.83 , 1935.78 
 0.00 , 2350.53 , 1604.82 
 0.00 , 211.77 , 141.31 
 0.00 ,  0.00 ,  0.00 
 0.00 ,  0.00 ,  0.00 
 0.00 ,  0.00 ,  0.00 
 0.00 ,  0.00 ,  0.00 
 0.00 ,  0.00 ,  0.00 
 0.00 ,  0.00 ,  0.00 
 0.00 ,  0.00 ,  0.00 
2560.73 ,  0.00 , 2381.48 
 0.00 , 515.80 , 345.30 
 0.00 , 924.22 , 621.40 
 0.00 , 1097.88 , 739.53 
 0.00 , 1208.52 , 815.03 
 0.00 ,  0.00 ,  0.00 
 0.00 ,  0.00 ,  0.00 
 0.00 ,  0.00 ,  0.00 
 0.00 ,  0.00 ,  0.00 
 0.00 , 102.05 , 68.01 
 0.00 , 908.45 , 610.70 
 0.00 , 1063.46 , 716.09 
 0.00 , 1202.13 , 810.66 
 0.00 , 6282.13 , 4480.00 
 0.00 , 2973.79 , 2044.16 
 0.00 , 1869.67 , 1269.89 
 0.00 , 976.42 , 656.87 
 0.00 , 198.25 , 132.27 
2638.51 ,  0.00 , 2453.82 
 0.00 ,  0.00 ,  0.00 
 0.00 ,  0.00 ,  0.00 
 0.00 ,  0.00 ,  0.00 
 0.00 ,  0.00 ,  0.00 
 0.00 ,  0.00 ,  0.00 
 0.00 ,  0.00 ,  0.00 
 0.00 , 718.67 , 482.15 
 0.00 , 992.12 , 667.54 
 0.00 , 1109.55 , 747.49 
 0.00 , 1214.77 , 819.30 
 0.00 ,  0.00 ,  0.00 
 0.00 ,  0.00 ,  0.00 
 0.00 ,  0.00 ,  0.00 
 0.00 ,  0.00 ,  0.00 
 0.00 , 280.68 , 187.43 
 0.00 , 975.51 , 656.25 
 0.00 , 1129.29 , 760.95 
 0.00 , 1266.48 , 854.64 
 0.00 , 6282.13 , 4480.00 
2701.89 , 2944.78 , 4543.62 
 0.00 , 1582.28 , 1071.37 
 0.00 , 472.33 , 316.05 
 0.00 ,  0.00 ,  0.00 
 0.00 ,  0.00 ,  0.00 
 0.00 ,  0.00 ,  0.00 
 0.00 ,  0.00 ,  0.00 
 0.00 ,  0.00 ,  0.00 
 0.00 ,  0.00 ,  0.00 
 0.00 ,  0.00 ,  0.00 
 0.00 ,  0.00 ,  0.00 
 0.00 , 534.22 , 357.69 
 0.00 , 934.17 , 628.16 
 0.00 , 1057.43 , 711.98 
 0.00 , 1167.67 , 787.14 
2648.33 ,  0.00 , 2462.94 
 0.00 ,  0.00 ,  0.00 
 0.00 ,  0.00 ,  0.00 
 0.00 ,  0.00 ,  0.00 
 0.00 , 33.89 , 22.57 
 0.00 , 832.99 , 559.52 
 0.00 , 985.73 , 663.20 
 0.00 , 1123.46 , 756.97 
 0.00 , 6282.13 , 4480.00 
 0.00 , 2736.27 , 1876.03 
 0.00 , 1181.68 , 796.70 
 0.00 , 274.77 , 183.47 
 0.00 , 487.30 , 326.12 
 0.00 , 710.93 , 476.91 
 0.00 , 778.52 , 522.63 
 0.00 , 327.56 , 218.84 
 0.00 ,  0.00 ,  0.00 
 0.00 , 129.88 , 86.59 
 0.00 , 1191.07 , 803.11 
2560.73 , 1373.27 , 3310.70 
 0.00 , 1217.54 , 821.19 
 0.00 , 1238.13 , 835.26 
 0.00 , 1308.99 , 883.73 
 0.00 , 1325.30 , 894.90 
 0.00 ,  0.00 ,  0.00 
 0.00 ,  0.00 ,  0.00 
 0.00 ,  0.00 ,  0.00 
 0.00 ,  0.00 ,  0.00 
 0.00 , 119.66 , 79.77 
 0.00 , 752.56 , 505.06 
 0.00 , 889.30 , 597.70 
 0.00 , 958.91 , 644.97 
 0.00 , 6282.13 , 4480.00 
 0.00 , 2624.97 , 1797.54 
 0.00 , 2532.28 , 1732.32 
 0.00 , 2418.10 , 1652.16 
 0.00 , 2351.99 , 1605.84 
2638.51 , 2287.40 , 4018.68 
 0.00 , 2144.52 , 1460.90 
 0.00 , 2111.72 , 1438.05 
 0.00 , 2097.92 , 1428.44 
 0.00 , 2113.52 , 1439.30 
 0.00 , 2152.08 , 1466.17 
 0.00 , 2081.98 , 1417.34 
 0.00 , 1859.85 , 1263.09 
 0.00 , 1835.39 , 1246.15 
 0.00 , 1819.47 , 1235.13 
 0.00 , 1860.61 , 1263.62 
 0.00 ,  0.00 ,  0.00 
 0.00 ,  0.00 ,  0.00 
 0.00 ,  0.00 ,  0.00 
 0.00 , 264.33 , 176.48 
 0.00 , 1029.45 , 692.93 
 0.00 , 1111.66 , 748.93 
 0.00 , 1177.40 , 793.77 
 0.00 , 1286.64 , 868.44 
 0.00 , 6282.13 , 4480.00 
2701.89 , 2963.26 , 4556.82 
 0.00 , 2799.77 , 1920.89 
 0.00 , 2661.12 , 1823.01 
 0.00 , 2360.18 , 1611.58 
 0.00 , 2099.58 , 1429.59 
 0.00 , 1979.05 , 1345.78 
 0.00 , 1831.78 , 1243.65 
 0.00 , 1889.14 , 1283.39 
 0.00 , 2033.09 , 1383.33 
 0.00 , 2182.25 , 1487.21 
 0.00 , 2157.79 , 1470.16 
 0.00 , 1908.60 , 1296.88 
 0.00 , 1942.10 , 1320.12 
 0.00 , 1931.10 , 1312.48 
 0.00 , 1976.40 , 1343.93 
2648.33 ,  0.00 , 2462.94 
 0.00 ,  0.00 ,  0.00 
 0.00 ,  0.00 ,  0.00 
 0.00 , 824.86 , 554.01 
 0.00 , 1289.14 , 870.15 
 0.00 , 1370.91 , 926.15 
 0.00 , 1492.11 , 1009.34 
 0.00 , 1604.94 , 1086.99 
 0.00 , 6282.13 , 4480.00 
 0.00 , 3383.31 , 2336.09 
 0.00 , 2143.05 , 1459.88 
 0.00 , 1374.92 , 928.90 
 0.00 , 654.29 , 438.65 
 0.00 , 303.62 , 202.80 
 0.00 ,  0.00 ,  0.00 
 0.00 ,  0.00 ,  0.00 
 0.00 ,  0.00 ,  0.00 
 0.00 , 541.83 , 362.82 
 0.00 , 1500.65 , 1015.21 
2560.73 , 1678.86 , 3521.60 
 0.00 , 1532.87 , 1037.37 
 0.00 , 1560.60 , 1056.45 
 0.00 , 1583.60 , 1072.28 
 0.00 , 1656.05 , 1122.21 
 0.00 ,  0.00 ,  0.00 
 0.00 ,  0.00 ,  0.00 
 0.00 ,  0.00 ,  0.00 
 0.00 ,  0.00 ,  0.00 
 0.00 , 701.46 , 470.51 
 0.00 , 980.06 , 659.34 
 0.00 , 1056.01 , 711.01 
 0.00 , 1118.02 , 753.26 
 0.00 , 6282.13 , 4480.00 
 0.00 , 2805.32 , 1924.81 
 0.00 , 2673.56 , 1831.78 
 0.00 , 2550.25 , 1744.96 
 0.00 , 2444.37 , 1670.59 
2638.51 , 2169.61 , 3936.00 
 0.00 , 1828.89 , 1241.65 
 0.00 , 1677.05 , 1136.70 
 0.00 , 1745.90 , 1184.25 
 0.00 , 1940.22 , 1318.82 
 0.00 , 2108.96 , 1436.13 
 0.00 , 2063.10 , 1404.21 
 0.00 , 1812.11 , 1230.04 
 0.00 , 1844.59 , 1252.52 
 0.00 , 1832.77 , 1244.34 
 0.00 , 1877.17 , 1275.09 
 0.00 ,  0.00 ,  0.00 
 0.00 ,  0.00 ,  0.00 
 0.00 ,  0.00 ,  0.00 
 0.00 , 472.10 , 315.90 
 0.00 , 1225.94 , 826.93 
 0.00 , 1369.16 , 924.95 
 0.00 , 1496.46 , 1012.33 
 0.00 , 1668.11 , 1130.54 
 0.00 , 6282.13 , 4480.00 
2701.89 , 3485.72 , 4932.61 
 0.00 , 2547.79 , 1743.22 
 0.00 , 2342.50 , 1599.20 
 0.00 , 2557.78 , 1750.25 
 0.00 , 2316.90 , 1581.28 
 0.00 , 2012.70 , 1369.15 
 0.00 , 1697.86 , 1151.07 
 0.00 , 1586.64 , 1074.38 
 0.00 , 2082.16 , 1417.47 
 0.00 , 2601.74 , 1781.18 
 0.00 , 2691.35 , 1844.32 
 0.00 , 2453.85 , 1677.24 
 0.00 , 2509.21 , 1716.11 
 0.00 , 2570.08 , 1758.90 
 0.00 , 2522.92 , 1725.74 
2648.33 ,  0.00 , 2462.94 
 0.00 ,  0.00 ,  0.00 
 0.00 , 583.92 , 391.18 
 0.00 , 1507.52 , 1019.94 
 0.00 , 1598.03 , 1082.22 
 0.00 , 1670.02 , 1131.85 
 0.00 , 1674.48 , 1134.94 
 0.00 , 1720.61 , 1166.77 
 0.00 , 6282.13 , 4480.00 
 0.00 , 3322.10 , 2292.29 
 0.00 , 2344.04 , 1600.27 
 0.00 , 2146.59 , 1462.34 
 0.00 , 1715.70 , 1163.39 
 0.00 , 1764.73 , 1197.27 
 0.00 , 1934.08 , 1314.55 
 0.00 , 2053.48 , 1397.51 
 0.00 , 2072.71 , 1410.89 
 0.00 , 2121.76 , 1445.04 
 0.00 , 2316.40 , 1580.93 
2560.73 , 2303.96 , 3957.85 
 0.00 , 2046.84 , 1392.89 
 0.00 , 2081.79 , 1417.21 
 0.00 , 2072.27 , 1410.58 
 0.00 , 2064.87 , 1405.43 
 0.00 ,  0.00 ,  0.00 
 0.00 ,  0.00 ,  0.00 
 0.00 ,  0.00 ,  0.00 
 0.00 , 1020.66 , 686.95 
 0.00 , 1276.60 , 861.57 
 0.00 , 1351.22 , 912.66 
 0.00 , 1466.49 , 991.74 
 0.00 , 1519.69 , 1028.31 
 0.00 , 6282.13 , 4480.00 
 0.00 , 3118.71 , 2147.17 
 0.00 , 2962.79 , 2036.35 
 0.00 , 2661.58 , 1823.34 
 0.00 , 2396.81 , 1637.24 
2638.51 , 2191.41 , 3951.29 
 0.00 , 2304.13 , 1572.35 
 0.00 , 2322.79 , 1585.41 
 0.00 , 2341.25 , 1598.32 
 0.00 , 2349.78 , 1604.29 
 0.00 , 2424.75 , 1656.83 
 0.00 , 2386.78 , 1630.21 
 0.00 , 2166.19 , 1476.01 
 0.00 , 2141.93 , 1459.10 
 0.00 , 2125.48 , 1447.64 
 0.00 , 2165.57 , 1475.58 
 0.00 ,  0.00 ,  0.00 
 0.00 ,  0.00 ,  0.00 
 0.00 , 24.02 , 16.00 
 0.00 , 1285.68 , 867.78 
 0.00 , 1432.19 , 968.19 
 0.00 , 1561.65 , 1057.17 
 0.00 , 1625.41 , 1101.09 
 0.00 , 1731.95 , 1174.61 
 0.00 , 6282.13 , 4480.00 
2701.89 , 3443.16 , 4901.82 
 0.00 , 3296.21 , 2273.79 
 0.00 , 3089.61 , 2126.46 
 0.00 , 2891.12 , 1985.54 
 0.00 , 2737.01 , 1876.55 
 0.00 , 2647.16 , 1813.17 
 0.00 , 2597.03 , 1777.87 
 0.00 , 2589.81 , 1772.78 
 0.00 , 2623.53 , 1796.53 
 0.00 , 2736.30 , 1876.04 
 0.00 , 2692.89 , 1845.41 
 0.00 , 2472.71 , 1690.48 
 0.00 , 2448.55 , 1673.52 
 0.00 , 2431.58 , 1661.61 
 0.00 , 2472.33 , 1690.21 
2648.33 ,  0.00 , 2462.94 
 0.00 ,  0.00 ,  0.00 
 0.00 , 601.33 , 402.92 
 0.00 , 1538.01 , 1040.90 
 0.00 , 1624.93 , 1100.76 
 0.00 , 1693.49 , 1148.05 
 0.00 , 1804.26 , 1224.61 
 0.00 , 1854.48 , 1259.37 
 0.00 , 6282.13 , 4480.00 
 0.00 , 3555.10 , 2459.34 
 0.00 , 2702.47 , 1852.17 
 0.00 , 1932.40 , 1313.39 
 0.00 , 1281.80 , 865.13 
 0.00 , 682.89 , 457.96 
 0.00 , 11.27 ,  7.50 
 0.00 , 31.57 , 21.03 
 0.00 , 920.85 , 619.12 
 0.00 , 1530.96 , 1036.06 
 0.00 , 1925.59 , 1308.67 
2560.73 , 2066.72 , 3791.52 
 0.00 , 1867.57 , 1268.44 
 0.00 , 1880.81 , 1277.62 
 0.00 , 1946.18 , 1322.95 
 0.00 , 1957.96 , 1331.13 
 0.00 ,  0.00 ,  0.00 
 0.00 ,  0.00 ,  0.00 
 0.00 ,  0.00 ,  0.00 
 0.00 , 624.91 , 418.82 
 0.00 , 1136.19 , 765.65 
 0.00 , 1271.98 , 858.40 
 0.00 , 1340.90 , 905.59 
 0.00 , 1396.88 , 943.96 
 0.00 , 6282.13 , 4480.00 
 0.00 , 3070.45 , 2112.82 
 0.00 , 1972.98 , 1341.56 
 0.00 , 1752.12 , 1188.55 
 0.00 , 1808.98 , 1227.87 
2638.51 , 1846.29 , 3710.24 
 0.00 , 1842.01 , 1250.74 
 0.00 , 1998.91 , 1359.57 
 0.00 , 2184.04 , 1488.46 
 0.00 , 2147.95 , 1463.30 
 0.00 , 2245.80 , 1531.58 
 0.00 , 2223.34 , 1515.89 
 0.00 , 1965.27 , 1336.21 
 0.00 , 1944.27 , 1321.63 
 0.00 , 1930.02 , 1311.74 
 0.00 , 1918.61 , 1303.82 
 0.00 ,  0.00 ,  0.00 
 0.00 ,  0.00 ,  0.00 
 0.00 ,  0.00 ,  0.00 
 0.00 , 301.34 , 201.27 
 0.00 , 966.89 , 650.39 
 0.00 , 1041.77 , 701.32 
 0.00 , 1101.77 , 742.19 
 0.00 , 1151.25 , 775.93 
 0.00 , 6282.13 , 4480.00 
2701.89 , 2808.42 , 4446.37 
 0.00 , 2673.61 , 1831.82 
 0.00 , 2544.16 , 1740.67 
 0.00 , 2347.70 , 1602.84 
 0.00 , 2116.54 , 1441.41 
 0.00 , 1811.37 , 1229.53 
 0.00 , 1657.96 , 1123.54 
 0.00 , 1848.97 , 1255.55 
 0.00 , 1968.26 , 1338.28 
 0.00 , 2051.39 , 1396.06 
 0.00 , 2001.22 , 1361.18 
 0.00 , 1783.70 , 1210.38 
 0.00 , 1760.71 , 1194.48 
 0.00 , 1797.31 , 1219.80 
 0.00 , 1786.50 , 1212.32 
2648.33 ,  0.00 , 2462.94 
 0.00 ,  0.00 ,  0.00 
 0.00 ,  0.00 ,  0.00 
 0.00 , 220.36 , 147.06 
 0.00 , 1057.73 , 712.18 
 0.00 , 1196.10 , 806.54 
 0.00 , 1319.36 , 890.83 
 0.00 , 1433.06 , 968.78 
 0.00 , 6282.13 , 4480.00 
 0.00 , 3110.83 , 2141.56 
 0.00 , 1702.53 , 1154.29 
 0.00 , 959.56 , 645.41 
 0.00 , 264.04 , 176.29 
 0.00 ,  0.00 ,  0.00 
 0.00 ,  0.00 ,  0.00 
 0.00 ,  0.00 ,  0.00 
 0.00 ,  0.00 ,  0.00 
 0.00 ,  0.00 ,  0.00 
 0.00 ,  0.00 ,  0.00 
2560.73 ,  0.00 , 2381.48 
 0.00 , 502.90 , 336.62 
 0.00 , 957.60 , 644.08 
 0.00 , 1072.98 , 722.57 
 0.00 , 1175.91 , 792.76 
 0.00 ,  0.00 ,  0.00 
 0.00 ,  0.00 ,  0.00 
 0.00 ,  0.00 ,  0.00 
 0.00 ,  0.00 ,  0.00 
 0.00 , 143.52 , 95.70 
 0.00 , 912.14 , 613.20 
 0.00 , 1117.39 , 752.83 
 0.00 , 1254.87 , 846.70 
 0.00 , 6282.13 , 4480.00 
 0.00 , 2912.25 , 2000.51 
 0.00 , 1570.58 , 1063.32 
 0.00 , 1010.39 , 679.96 
 0.00 , 187.21 , 124.89 
2638.51 ,  0.00 , 2453.82 
 0.00 ,  0.00 ,  0.00 
 0.00 ,  0.00 ,  0.00 
 0.00 ,  0.00 ,  0.00 
 0.00 ,  0.00 ,  0.00 
 0.00 ,  0.00 ,  0.00 
 0.00 ,  0.00 ,  0.00 
 0.00 , 221.70 , 147.95 
 0.00 , 847.80 , 569.56 
 0.00 , 967.48 , 650.79 
 0.00 , 1073.37 , 722.83 
 0.00 ,  0.00 ,  0.00 
 0.00 ,  0.00 ,  0.00 
 0.00 ,  0.00 ,  0.00 
 0.00 ,  0.00 ,  0.00 
 0.00 ,  0.00 ,  0.00 
 0.00 , 282.57 , 188.69 
 0.00 , 781.91 , 524.92 
 0.00 , 864.62 , 580.96 
 0.00 , 6282.13 , 4480.00 
2701.89 , 2414.43 , 4167.19 
 0.00 , 1954.48 , 1328.71 
 0.00 , 981.92 , 660.60 
 0.00 , 735.17 , 493.30 
 0.00 , 842.09 , 565.69 
 0.00 , 639.28 , 428.52 
 0.00 ,  1.93 ,  1.28 
 0.00 ,  8.96 ,  5.96 
 0.00 , 513.91 , 344.02 
 0.00 , 873.15 , 586.74 
 0.00 , 1193.40 , 804.70 
 0.00 , 989.61 , 665.83 
 0.00 , 1052.77 , 708.81 
 0.00 , 1063.36 , 716.02 
 0.00 , 1124.42 , 757.63 
2648.33 ,  0.00 , 2462.94 
 0.00 ,  0.00 ,  0.00 
 0.00 ,  0.00 ,  0.00 
 0.00 ,  0.00 ,  0.00 
 0.00 ,  0.00 ,  0.00 
 0.00 ,  0.00 ,  0.00 
 0.00 , 396.66 , 265.20 
 0.00 , 629.28 , 421.77 
 0.00 , 6282.13 , 4480.00 
 0.00 , 2284.29 , 1558.47 
 0.00 , 2114.63 , 1440.08 
 0.00 , 1916.64 , 1302.46 
 0.00 , 1640.94 , 1111.80 
 0.00 , 1381.11 , 933.14 
 0.00 , 1117.64 , 753.00 
 0.00 , 1163.17 , 784.06 
 0.00 , 1231.80 , 830.94 
 0.00 , 1314.42 , 887.45 
 0.00 , 1453.34 , 982.71 
2560.73 , 1467.72 , 3375.72 
 0.00 , 1225.19 , 826.42 
 0.00 , 1259.77 , 850.06 
 0.00 , 1304.03 , 880.34 
 0.00 , 1352.17 , 913.31 
 0.00 ,  0.00 ,  0.00 
 0.00 ,  0.00 ,  0.00 
 0.00 ,  0.00 ,  0.00 
 0.00 ,  0.00 ,  0.00 
 0.00 ,  0.00 ,  0.00 
 0.00 , 828.71 , 556.62 
 0.00 , 1052.31 , 708.49 
 0.00 , 1181.69 , 796.70 
 0.00 , 6282.13 , 4480.00 
 0.00 , 2994.92 , 2059.16 
 0.00 , 1576.50 , 1067.40 
 0.00 , 769.32 , 516.40 
 0.00 , 804.35 , 540.12 
2638.51 , 244.64 , 2617.16 
 0.00 ,  0.00 ,  0.00 
 0.00 ,  0.00 ,  0.00 
 0.00 ,  0.00 ,  0.00 
 0.00 ,  0.00 ,  0.00 
 0.00 , 357.49 , 238.91 
 0.00 , 1251.17 , 844.17 
 0.00 , 1147.31 , 773.24 
 0.00 , 1292.88 , 872.70 
 0.00 , 1382.57 , 934.15 
 0.00 , 1465.69 , 991.19 
 0.00 ,  0.00 ,  0.00 
 0.00 ,  0.00 ,  0.00 
 0.00 ,  0.00 ,  0.00 
 0.00 ,  0.00 ,  0.00 
 0.00 , 956.04 , 643.02 
 0.00 , 1181.08 , 796.29 
 0.00 , 1376.76 , 930.16 
 0.00 , 1508.29 , 1020.47 
 0.00 , 6282.13 , 4480.00 
2701.89 , 3340.23 , 4827.48 
 0.00 , 1743.51 , 1182.60 
 0.00 , 645.10 , 432.45 
 0.00 , 125.04 , 83.36 
 0.00 ,  0.00 ,  0.00 
 0.00 ,  0.00 ,  0.00 
 0.00 ,  0.00 ,  0.00 
 0.00 ,  0.00 ,  0.00 
 0.00 ,  0.00 ,  0.00 
 0.00 , 447.73 , 299.51 
 0.00 , 1559.19 , 1055.48 
 0.00 , 1484.28 , 1003.96 
 0.00 , 1597.51 , 1081.87 
 0.00 , 1701.27 , 1153.42 
 0.00 , 1796.27 , 1219.08 
2648.33 ,  0.00 , 2462.94 
 0.00 ,  0.00 ,  0.00 
 0.00 ,  0.00 ,  0.00 
 0.00 , 644.97 , 432.36 
 0.00 , 1188.17 , 801.13 
 0.00 , 1282.99 , 865.94 
 0.00 , 1415.86 , 956.98 
 0.00 , 1483.17 , 1003.20 
 0.00 , 6282.13 , 4480.00 
 0.00 , 3115.25 , 2144.71 
 0.00 , 2400.26 , 1639.66 
 0.00 , 2295.30 , 1566.17 
 0.00 , 2054.11 , 1397.95 
 0.00 , 1604.47 , 1086.66 
 0.00 , 840.65 , 564.71 
 0.00 , 667.37 , 447.48 
 0.00 , 1088.49 , 733.14 
 0.00 , 1486.30 , 1005.35 
 0.00 , 1760.14 , 1194.09 
2560.73 , 1915.43 , 3685.93 
 0.00 , 1697.27 , 1150.66 
 0.00 , 1749.90 , 1187.01 
 0.00 , 1754.29 , 1190.04 
 0.00 , 1810.49 , 1228.91 
 0.00 ,  0.00 ,  0.00 
 0.00 ,  0.00 ,  0.00 
 0.00 ,  0.00 ,  0.00 
 0.00 , 280.70 , 187.44 
 0.00 , 1077.64 , 725.75 
 0.00 , 1220.82 , 823.43 
 0.00 , 1349.25 , 911.30 
 0.00 , 1466.62 , 991.83 
 0.00 , 6282.13 , 4480.00 
 0.00 , 3085.33 , 2123.41 
 0.00 , 1387.49 , 937.52 
 0.00 , 350.69 , 234.35 
 0.00 ,  0.00 ,  0.00 
2638.51 ,  0.00 , 2453.82 
 0.00 ,  0.00 ,  0.00 
 0.00 ,  0.00 ,  0.00 
 0.00 ,  0.00 ,  0.00 
 0.00 ,  0.00 ,  0.00 
 0.00 ,  0.00 ,  0.00 
 0.00 ,  0.00 ,  0.00 
 0.00 , 144.85 , 96.59 
 0.00 , 854.08 , 573.81 
 0.00 , 1029.49 , 692.96 
 0.00 , 1140.77 , 768.78 
 0.00 ,  0.00 ,  0.00 
 0.00 ,  0.00 ,  0.00 
 0.00 ,  0.00 ,  0.00 
 0.00 ,  0.00 ,  0.00 
 0.00 ,  0.00 ,  0.00 
 0.00 , 455.02 , 304.41 
 0.00 , 803.79 , 539.74 
 0.00 , 883.30 , 593.63 
 0.00 , 6282.13 , 4480.00 
2701.89 , 2446.88 , 4190.08 
 0.00 , 2298.14 , 1568.16 
 0.00 , 2152.12 , 1466.20 
 0.00 , 1711.92 , 1160.78 
 0.00 , 1434.84 , 970.01 
 0.00 , 1355.18 , 915.37 
 0.00 , 1188.72 , 801.50 
 0.00 , 639.55 , 428.70 
 0.00 , 503.60 , 337.09 
 0.00 , 1049.65 , 706.68 
 0.00 , 1344.45 , 908.02 
 0.00 , 1196.67 , 806.93 
 0.00 , 1252.41 , 845.02 
 0.00 , 1309.75 , 884.25 
 0.00 , 1368.60 , 924.57 
2648.33 ,  0.00 , 2462.94 
 0.00 ,  0.00 ,  0.00 
 0.00 ,  0.00 ,  0.00 
 0.00 ,  0.00 ,  0.00 
 0.00 , 518.00 , 346.78 
 0.00 , 1005.49 , 676.64 
 0.00 , 1143.55 , 770.68 
 0.00 , 1323.49 , 893.66 
 0.00 , 6282.13 , 4480.00 
 0.00 , 2973.01 , 2043.60 
 0.00 , 2353.73 , 1607.06 
 0.00 , 1565.41 , 1059.76 
 0.00 , 810.83 , 544.51 
 0.00 , 436.09 , 291.69 
 0.00 , 478.05 , 319.90 
 0.00 , 753.34 , 505.59 
 0.00 , 895.72 , 602.06 
 0.00 , 993.84 , 668.71 
 0.00 , 1202.34 , 810.81 
2560.73 , 1628.60 , 3486.81 
 0.00 , 1482.19 , 1002.53 
 0.00 , 1494.76 , 1011.17 
 0.00 , 1559.11 , 1055.43 
 0.00 , 1623.31 , 1099.65 
 0.00 ,  0.00 ,  0.00 
 0.00 ,  0.00 ,  0.00 
 0.00 ,  0.00 ,  0.00 
 0.00 ,  5.98 ,  3.98 
 0.00 , 891.11 , 598.93 
 0.00 , 1061.40 , 714.69 
 0.00 , 1136.66 , 765.97 
 0.00 , 1198.31 , 808.05 
 0.00 , 6282.13 , 4480.00 
 0.00 , 2867.63 , 1968.90 
 0.00 , 1919.36 , 1304.35 
 0.00 , 1162.60 , 783.68 
 0.00 , 1293.29 , 872.99 
2638.51 , 1450.37 , 3436.15 
 0.00 , 928.51 , 624.32 
 0.00 , 821.32 , 551.61 
 0.00 , 896.22 , 602.40 
 0.00 , 1197.34 , 807.39 
 0.00 , 1599.53 , 1083.26 
 0.00 , 1702.51 , 1154.28 
 0.00 , 1515.32 , 1025.30 
 0.00 , 1567.58 , 1061.26 
 0.00 , 1624.14 , 1100.22 
 0.00 , 1682.99 , 1140.81 
 0.00 ,  0.00 ,  0.00 
 0.00 ,  0.00 ,  0.00 
 0.00 ,  0.00 ,  0.00 
 0.00 , 194.23 , 129.58 
 0.00 , 1068.61 , 719.59 
 0.00 , 1215.17 , 819.57 
 0.00 , 1346.06 , 909.12 
 0.00 , 1465.33 , 990.94 
 0.00 , 6282.13 , 4480.00 
2701.89 , 3284.73 , 4787.48 
 0.00 , 2448.38 , 1673.40 
 0.00 , 959.49 , 645.36 
 0.00 ,  0.00 ,  0.00 
 0.00 ,  0.00 ,  0.00 
 0.00 ,  0.00 ,  0.00 
 0.00 ,  0.00 ,  0.00 
 0.00 ,  0.00 ,  0.00 
 0.00 ,  0.00 ,  0.00 
 0.00 ,  0.00 ,  0.00 
 0.00 , 469.24 , 313.97 
 0.00 , 980.00 , 659.30 
 0.00 , 1095.96 , 738.23 
 0.00 , 1200.26 , 809.38 
 0.00 , 1295.59 , 874.56 
2648.33 ,  0.00 , 2462.94 
 0.00 ,  0.00 ,  0.00 
 0.00 ,  0.00 ,  0.00 
 0.00 ,  0.00 ,  0.00 
 0.00 , 197.44 , 131.72 
 0.00 , 898.11 , 603.68 
 0.00 , 1044.85 , 703.41 
 0.00 , 1176.86 , 793.40 
 0.00 , 6282.13 , 4480.00 
 0.00 , 2801.28 , 1921.96 
 0.00 , 2410.40 , 1646.76 
 0.00 , 1840.41 , 1249.63 
 0.00 , 801.05 , 537.88 
 0.00 , 166.13 , 110.80 
 0.00 ,  0.00 ,  0.00 
 0.00 ,  0.00 ,  0.00 
 0.00 ,  0.00 ,  0.00 
 0.00 ,  0.00 ,  0.00 
 0.00 ,  0.00 ,  0.00 
2560.73 , 163.94 , 2490.84 
 0.00 , 822.94 , 552.71 
 0.00 , 931.19 , 626.14 
 0.00 , 1026.17 , 690.70 
 0.00 , 1113.85 , 750.42 
 0.00 ,  0.00 ,  0.00 
 0.00 ,  0.00 ,  0.00 
 0.00 ,  0.00 ,  0.00 
 0.00 ,  0.00 ,  0.00 
 0.00 ,  0.00 ,  0.00 
 0.00 , 199.29 , 132.97 
 0.00 , 743.76 , 499.11 
 0.00 , 878.40 , 590.31 
 0.00 , 6282.13 , 4480.00 
 0.00 , 2541.80 , 1739.01 
 0.00 , 914.20 , 614.60 
 0.00 , 277.50 , 185.30 
 0.00 , 20.91 , 13.92 
2614.74 , 39.90 , 2458.28 
 0.00 , 271.88 , 181.53 
 0.00 , 614.43 , 411.75 
 0.00 , 808.90 , 543.20 
 0.00 , 914.34 , 614.70 
 0.00 , 1107.92 , 746.38 
 0.00 , 1309.45 , 884.05 
 0.00 , 1156.28 , 779.36 
 0.00 , 1216.19 , 820.26 
 0.00 , 1279.28 , 863.40 
 0.00 , 1342.28 , 906.53 
 0.00 ,  0.00 ,  0.00 
 0.00 ,  0.00 ,  0.00 
 0.00 ,  0.00 ,  0.00 
 0.00 ,  0.00 ,  0.00 
 0.00 , 153.97 , 102.68 
 0.00 , 851.78 , 572.25 
 0.00 , 1046.37 , 704.45 
 0.00 , 1174.84 , 792.03 
 0.00 , 6282.13 , 4480.00 
2663.71 , 2760.70 , 4376.81 
 0.00 , 1216.10 , 820.21 
 0.00 , 668.65 , 448.35 
 0.00 , 76.98 , 51.29 
 0.00 ,  0.00 ,  0.00 
 0.00 ,  0.00 ,  0.00 
 0.00 ,  0.00 ,  0.00 
 0.00 ,  0.00 ,  0.00 
 0.00 ,  0.00 ,  0.00 
 0.00 ,  0.00 ,  0.00 
 0.00 ,  0.00 ,  0.00 
 0.00 ,  0.00 ,  0.00 
 0.00 , 630.93 , 422.88 
 0.00 , 874.65 , 587.76 
 0.00 , 1037.67 , 698.53 
2608.65 ,  0.00 , 2426.04 
 0.00 ,  0.00 ,  0.00 
 0.00 ,  0.00 ,  0.00 
 0.00 ,  0.00 ,  0.00 
 0.00 ,  0.00 ,  0.00 
 0.00 , 270.80 , 180.81 
 0.00 , 807.04 , 541.94 
 0.00 , 947.79 , 637.41 
 0.00 , 6282.13 , 4480.00 
 0.00 , 2539.34 , 1737.29 
 0.00 , 2171.11 , 1479.45 
 0.00 , 2045.33 , 1391.84 
 0.00 , 1325.65 , 895.14 
 0.00 , 556.55 , 372.73 
 0.00 , 595.27 , 398.83 
 0.00 , 670.21 , 449.40 
 0.00 , 790.45 , 530.71 
 0.00 , 1115.22 , 751.35 
 0.00 , 1370.01 , 925.53 
2524.59 , 1456.78 , 3334.55 
 0.00 , 1301.02 , 878.28 
 0.00 , 1353.89 , 914.49 
 0.00 , 1411.66 , 954.10 
 0.00 , 1416.78 , 957.61 
 0.00 ,  0.00 ,  0.00 
 0.00 ,  0.00 ,  0.00 
 0.00 ,  0.00 ,  0.00 
 0.00 ,  0.00 ,  0.00 
 0.00 , 564.99 , 378.42 
 0.00 , 994.89 , 669.42 
 0.00 , 1131.10 , 762.18 
 0.00 , 1255.01 , 846.80 
 0.00 , 6282.13 , 4480.00 
 0.00 , 2924.57 , 2009.24 
 0.00 , 2733.66 , 1874.18 
 0.00 , 2629.89 , 1801.00 
 0.00 , 2502.84 , 1711.63 
2600.49 , 2293.98 , 3987.89 
 0.00 , 2125.10 , 1447.37 
 0.00 , 1955.64 , 1329.52 
 0.00 , 1847.73 , 1254.70 
 0.00 , 2053.66 , 1397.63 
 0.00 , 2189.64 , 1492.37 
 0.00 , 2171.96 , 1480.04 
 0.00 , 1923.23 , 1307.03 
 0.00 , 1956.47 , 1330.09 
 0.00 , 1945.61 , 1322.56 
 0.00 , 1937.37 , 1316.84 
 0.00 ,  0.00 ,  0.00 
 0.00 ,  0.00 ,  0.00 
 0.00 ,  0.00 ,  0.00 
 0.00 , 704.42 , 472.51 
 0.00 , 1140.00 , 768.25 
 0.00 , 1217.25 , 820.99 
 0.00 , 1279.97 , 863.87 
 0.00 , 1331.58 , 899.20 
 0.00 , 6282.13 , 4480.00 
2663.71 , 2932.47 , 4499.21 
 0.00 , 2759.90 , 1892.71 
 0.00 , 2672.71 , 1831.18 
 0.00 , 2122.41 , 1445.49 
 0.00 , 1642.79 , 1113.07 
 0.00 , 1232.32 , 831.29 
 0.00 , 1040.13 , 700.20 
 0.00 , 1316.72 , 889.02 
 0.00 , 1507.12 , 1019.66 
 0.00 , 1715.94 , 1163.55 
 0.00 , 1806.81 , 1226.37 
 0.00 , 1607.43 , 1088.70 
 0.00 , 1649.98 , 1118.03 
 0.00 , 1645.20 , 1114.73 
 0.00 , 1694.69 , 1148.88 
2608.65 ,  0.00 , 2426.04 
 0.00 ,  0.00 ,  0.00 
 0.00 ,  0.00 ,  0.00 
 0.00 , 181.24 , 120.90 
 0.00 , 1054.73 , 710.14 
 0.00 , 1253.01 , 845.44 
 0.00 , 1384.10 , 935.19 
 0.00 , 1502.82 , 1016.70 
 0.00 , 6282.13 , 4480.00 
 0.00 , 3163.47 , 2179.05 
 0.00 , 2023.90 , 1376.94 
 0.00 , 1478.69 , 1000.12 
 0.00 , 1455.33 , 984.07 
 0.00 , 1482.86 , 1002.99 
 0.00 , 1316.76 , 889.05 
 0.00 , 1049.01 , 706.24 
 0.00 , 1095.19 , 737.70 
 0.00 , 1385.74 , 936.32 
 0.00 , 1555.97 , 1053.27 
2524.59 , 1854.52 , 3609.89 
 0.00 , 1734.04 , 1176.05 
 0.00 , 1794.77 , 1218.04 
 0.00 , 1856.80 , 1260.98 
 0.00 , 1918.29 , 1303.60 
 0.00 ,  0.00 ,  0.00 
 0.00 ,  0.00 ,  0.00 
 0.00 ,  0.00 ,  0.00 
 0.00 , 871.83 , 585.85 
 0.00 , 1333.83 , 900.75 
 0.00 , 1476.24 , 998.44 
 0.00 , 1548.93 , 1048.42 
 0.00 , 1663.98 , 1127.69 
 0.00 , 6282.13 , 4480.00 
 0.00 , 3262.97 , 2250.04 
 0.00 , 1579.16 , 1069.23 
 0.00 , 511.87 , 342.65 
 0.00 , 47.54 , 31.67 
2600.49 ,  0.00 , 2418.46 
 0.00 ,  0.00 ,  0.00 
 0.00 ,  0.00 ,  0.00 
 0.00 ,  0.00 ,  0.00 
 0.00 ,  0.00 ,  0.00 
 0.00 ,  0.00 ,  0.00 
 0.00 ,  0.00 ,  0.00 
 0.00 , 430.71 , 288.07 
 0.00 , 1043.50 , 702.50 
 0.00 , 1220.91 , 823.49 
 0.00 , 1332.47 , 899.81 
 0.00 ,  0.00 ,  0.00 
 0.00 ,  0.00 ,  0.00 
 0.00 ,  0.00 ,  0.00 
 0.00 ,  0.00 ,  0.00 
 0.00 , 857.59 , 576.20 
 0.00 , 1238.30 , 835.37 
 0.00 , 1389.41 , 938.84 
 0.00 , 1580.00 , 1069.81 
 0.00 , 6282.13 , 4480.00 
2663.71 , 3352.98 , 4801.02 
 0.00 , 2625.42 , 1797.85 
 0.00 , 2075.09 , 1412.54 
 0.00 , 861.51 , 578.85 
 0.00 , 52.31 , 34.85 
 0.00 ,  0.00 ,  0.00 
 0.00 ,  0.00 ,  0.00 
 0.00 ,  0.00 ,  0.00 
 0.00 ,  0.00 ,  0.00 
 0.00 , 769.91 , 516.80 
 0.00 , 1506.68 , 1019.36 
 0.00 , 1427.26 , 964.80 
 0.00 , 1524.42 , 1031.56 
 0.00 , 1614.14 , 1093.32 
 0.00 , 1697.37 , 1150.73 
2608.65 ,  0.00 , 2426.04 
 0.00 ,  0.00 ,  0.00 
 0.00 ,  0.00 ,  0.00 
 0.00 , 384.32 , 256.92 
 0.00 , 1103.97 , 743.68 
 0.00 , 1252.60 , 845.15 
 0.00 , 1331.91 , 899.43 
 0.00 , 1451.36 , 981.35 
 0.00 , 6282.13 , 4480.00 
 0.00 , 3237.83 , 2232.09 
 0.00 , 3142.41 , 2164.04 
 0.00 , 2975.59 , 2045.44 
 0.00 , 2636.48 , 1805.64 
 0.00 , 2232.86 , 1522.54 
 0.00 , 1658.81 , 1124.12 
 0.00 , 1547.45 , 1047.40 
 0.00 , 1467.76 , 992.61 
 0.00 , 1203.28 , 811.45 
 0.00 , 1519.10 , 1027.90 
2524.59 , 1844.22 , 3602.73 
 0.00 , 1695.32 , 1149.31 
 0.00 , 1748.88 , 1186.31 
 0.00 , 1803.89 , 1224.35 
 0.00 , 1807.12 , 1226.58 
 0.00 ,  0.00 ,  0.00 
 0.00 ,  0.00 ,  0.00 
 0.00 ,  0.00 ,  0.00 
 0.00 , 449.48 , 300.69 
 0.00 , 1128.91 , 760.69 
 0.00 , 1269.40 , 856.64 
 0.00 , 1395.11 , 942.75 
 0.00 , 1511.39 , 1022.60 
 0.00 , 6282.13 , 4480.00 
 0.00 , 3024.90 , 2080.45 
 0.00 , 2326.96 , 1588.32 
 0.00 , 1693.06 , 1147.75 
 0.00 , 817.96 , 549.34 
2600.49 , 653.82 , 2857.11 
 0.00 , 1046.34 , 704.43 
 0.00 , 1183.42 , 797.88 
 0.00 , 1339.77 , 904.81 
 0.00 , 1481.36 , 1001.96 
 0.00 , 1761.91 , 1195.31 
 0.00 , 1871.92 , 1271.45 
 0.00 , 1688.83 , 1144.83 
 0.00 , 1686.20 , 1143.02 
 0.00 , 1738.72 , 1179.28 
 0.00 , 1794.17 , 1217.62 
 0.00 ,  0.00 ,  0.00 
 0.00 ,  0.00 ,  0.00 
 0.00 ,  0.00 ,  0.00 
 0.00 , 458.62 , 306.83 
 0.00 , 1135.56 , 765.22 
 0.00 , 1221.84 , 824.13 
 0.00 , 1346.27 , 909.27 
 0.00 , 1406.25 , 950.39 
 0.00 , 6282.13 , 4480.00 
2663.71 , 2980.19 , 4533.30 
 0.00 , 2618.40 , 1792.91 
 0.00 , 2224.79 , 1516.90 
 0.00 , 1825.65 , 1239.41 
 0.00 , 1306.17 , 881.81 
 0.00 , 595.25 , 398.82 
 0.00 , 176.44 , 117.69 
 0.00 , 603.25 , 404.21 
 0.00 , 1085.88 , 731.36 
 0.00 , 1487.71 , 1006.32 
 0.00 , 1587.01 , 1074.63 
 0.00 , 1417.83 , 958.33 
 0.00 , 1472.37 , 995.78 
 0.00 , 1529.85 , 1035.29 
 0.00 , 1589.00 , 1076.00 
2608.65 ,  0.00 , 2426.04 
 0.00 ,  0.00 ,  0.00 
 0.00 ,  0.00 ,  0.00 
 0.00 , 111.70 , 74.46 
 0.00 , 1096.90 , 738.86 
 0.00 , 1247.30 , 841.53 
 0.00 , 1380.52 , 932.74 
 0.00 , 1502.06 , 1016.18 
 0.00 , 6282.13 , 4480.00 
 0.00 , 3150.19 , 2169.59 
 0.00 , 2009.70 , 1367.07 
 0.00 , 1566.12 , 1060.25 
 0.00 , 884.55 , 594.48 
 0.00 , 629.34 , 421.81 
 0.00 , 446.88 , 298.94 
 0.00 , 557.00 , 373.04 
 0.00 , 889.28 , 597.69 
 0.00 , 881.49 , 592.40 
 0.00 , 1240.97 , 837.20 
2524.59 , 1672.54 , 3483.58 
 0.00 , 1547.26 , 1047.27 
 0.00 , 1617.99 , 1095.98 
 0.00 , 1686.87 , 1143.48 
 0.00 , 1808.53 , 1227.56 
 0.00 ,  0.00 ,  0.00 
 0.00 ,  0.00 ,  0.00 
 0.00 ,  0.00 ,  0.00 
 0.00 , 604.21 , 404.86 
 0.00 , 1239.12 , 835.93 
 0.00 , 1330.92 , 898.75 
 0.00 , 1458.69 , 986.38 
 0.00 , 1577.29 , 1067.94 
 0.00 , 6282.13 , 4480.00 
 0.00 , 3251.41 , 2241.78 
 0.00 , 1564.07 , 1058.84 
 0.00 , 65.22 , 43.45 
 0.00 ,  0.00 ,  0.00 
2600.49 ,  0.00 , 2418.46 
 0.00 ,  0.00 ,  0.00 
 0.00 ,  0.00 ,  0.00 
 0.00 ,  0.00 ,  0.00 
 0.00 ,  0.00 ,  0.00 
 0.00 ,  0.00 ,  0.00 
 0.00 ,  0.00 ,  0.00 
 0.00 ,  0.00 ,  0.00 
 0.00 ,  0.00 ,  0.00 
 0.00 , 604.97 , 405.37 
 0.00 , 1030.25 , 693.48 
 0.00 ,  0.00 ,  0.00 
 0.00 ,  0.00 ,  0.00 
 0.00 ,  0.00 ,  0.00 
 0.00 ,  0.00 ,  0.00 
 0.00 , 174.61 , 116.47 
 0.00 , 1109.42 , 747.40 
 0.00 , 1333.17 , 900.29 
 0.00 , 1540.68 , 1042.75 
 0.00 , 6282.13 , 4480.00 
2663.71 , 3285.58 , 4752.44 
 0.00 , 2757.26 , 1890.85 
 0.00 , 2364.98 , 1614.93 
 0.00 , 1604.41 , 1086.62 
 0.00 , 598.34 , 400.90 
 0.00 ,  0.00 ,  0.00 
 0.00 ,  0.00 ,  0.00 
 0.00 ,  0.00 ,  0.00 
 0.00 , 332.24 , 221.98 
 0.00 , 1486.35 , 1005.38 
 0.00 , 2014.98 , 1370.74 
 0.00 , 2047.01 , 1393.01 
 0.00 , 2161.48 , 1472.73 
 0.00 , 2264.02 , 1544.31 
 0.00 , 2412.70 , 1648.38 
2608.65 ,  0.00 , 2426.04 
 0.00 ,  0.00 ,  0.00 
 0.00 , 497.38 , 332.90 
 0.00 , 1494.99 , 1011.32 
 0.00 , 1600.39 , 1083.85 
 0.00 , 1740.01 , 1180.18 
 0.00 , 1813.59 , 1231.06 
 0.00 , 1874.38 , 1273.16 
 0.00 , 6282.13 , 4480.00 
 0.00 , 3443.22 , 2379.02 
 0.00 , 1828.50 , 1241.38 
 0.00 , 656.39 , 440.07 
 0.00 ,  0.00 ,  0.00 
 0.00 ,  0.00 ,  0.00 
 0.00 ,  0.00 ,  0.00 
 0.00 ,  0.00 ,  0.00 
 0.00 ,  0.00 ,  0.00 
 0.00 ,  0.00 ,  0.00 
 0.00 ,  0.00 ,  0.00 
2524.59 , 319.83 , 2561.61 
 0.00 , 1440.04 , 973.58 
 0.00 , 1600.86 , 1084.17 
 0.00 , 1734.66 , 1176.48 
 0.00 , 1907.20 , 1295.91 
 0.00 ,  0.00 ,  0.00 
 0.00 ,  0.00 ,  0.00 
 0.00 ,  0.00 ,  0.00 
 0.00 , 1104.34 , 743.94 
 0.00 , 1384.52 , 935.48 
 0.00 , 1482.69 , 1002.87 
 0.00 , 1508.51 , 1020.62 
 0.00 , 1572.47 , 1064.62 
 0.00 , 6282.13 , 4480.00 
 0.00 , 3124.25 , 2151.11 
 0.00 , 1854.68 , 1259.51 
 0.00 , 1013.84 , 682.31 
 0.00 , 722.45 , 484.70 
2600.49 , 36.43 , 2442.72 
 0.00 ,  0.00 ,  0.00 
 0.00 ,  0.00 ,  0.00 
 0.00 ,  0.00 ,  0.00 
 0.00 ,  0.00 ,  0.00 
 0.00 ,  0.00 ,  0.00 
 0.00 ,  0.00 ,  0.00 
 0.00 ,  0.00 ,  0.00 
 0.00 , 384.92 , 257.32 
 0.00 , 835.28 , 561.07 
 0.00 , 945.45 , 635.82 
 0.00 ,  0.00 ,  0.00 
 0.00 ,  0.00 ,  0.00 
 0.00 ,  0.00 ,  0.00 
 0.00 ,  0.00 ,  0.00 
 0.00 ,  0.00 ,  0.00 
 0.00 ,  0.00 ,  0.00 
 0.00 , 603.12 , 404.12 
 0.00 , 834.59 , 560.60 
 0.00 , 6282.13 , 4480.00 
2663.71 , 2387.61 , 4112.70 
 0.00 , 1967.78 , 1337.95 
 0.00 , 1512.87 , 1023.62 
 0.00 , 1067.25 , 718.67 
 0.00 , 859.83 , 577.71 
 0.00 , 886.00 , 595.46 
 0.00 , 598.59 , 401.07 
 0.00 , 550.02 , 368.34 
 0.00 , 897.94 , 603.57 
 0.00 , 934.54 , 628.41 
 0.00 , 1174.95 , 792.10 
 0.00 , 1107.19 , 745.88 
 0.00 , 1166.63 , 786.42 
 0.00 , 1280.29 , 864.09 
 0.00 , 1343.08 , 907.08 
2608.65 ,  0.00 , 2426.04 
 0.00 ,  0.00 ,  0.00 
 0.00 ,  0.00 ,  0.00 
 0.00 ,  0.00 ,  0.00 
 0.00 , 577.06 , 386.55 
 0.00 , 1054.60 , 710.05 
 0.00 , 1194.83 , 805.67 
 0.00 , 1376.63 , 930.07 
 0.00 , 6282.13 , 4480.00 
 0.00 , 2853.14 , 1958.64 
 0.00 , 1795.51 , 1218.55 
 0.00 , 1462.23 , 988.82 
 0.00 , 956.17 , 643.10 
 0.00 , 362.12 , 242.02 
 0.00 ,  0.00 ,  0.00 
 0.00 ,  0.00 ,  0.00 
 0.00 ,  0.00 ,  0.00 
 0.00 , 192.42 , 128.37 
 0.00 , 834.30 , 560.41 
2524.59 , 1236.75 , 3183.33 
 0.00 , 1135.74 , 765.35 
 0.00 , 1216.42 , 820.43 
 0.00 , 1293.74 , 873.30 
 0.00 , 1313.61 , 886.90 
 0.00 ,  0.00 ,  0.00 
 0.00 ,  0.00 ,  0.00 
 0.00 ,  0.00 ,  0.00 
 0.00 ,  0.00 ,  0.00 
 0.00 , 220.33 , 147.04 
 0.00 , 808.82 , 543.15 
 0.00 , 945.44 , 635.82 
 0.00 , 1015.01 , 683.11 
 0.00 , 6282.13 , 4480.00 
 0.00 , 2577.59 , 1764.18 
 0.00 , 2123.80 , 1446.46 
 0.00 , 1941.33 , 1319.59 
 0.00 , 1741.69 , 1181.34 
2600.49 , 1728.80 , 3593.23 
 0.00 , 1012.06 , 681.10 
 0.00 , 176.38 , 117.65 
 0.00 , 619.13 , 414.93 
 0.00 , 1094.78 , 737.42 
 0.00 , 1268.87 , 856.28 
 0.00 , 1434.66 , 969.88 
 0.00 , 1248.57 , 842.40 
 0.00 , 1299.52 , 877.25 
 0.00 , 1355.14 , 915.35 
 0.00 , 1358.35 , 917.55 
 0.00 ,  0.00 ,  0.00 
 0.00 ,  0.00 ,  0.00 
 0.00 ,  0.00 ,  0.00 
 0.00 ,  0.00 ,  0.00 
 0.00 , 33.52 , 22.33 
 0.00 , 775.11 , 520.32 
 0.00 , 855.66 , 574.89 
 0.00 , 975.49 , 656.23 
 0.00 , 6282.13 , 4480.00 
2663.71 , 2540.41 , 4220.58 
 0.00 , 2158.40 , 1470.58 
 0.00 , 1777.91 , 1206.38 
 0.00 , 1465.24 , 990.88 
 0.00 , 978.39 , 658.20 
 0.00 , 421.95 , 282.19 
 0.00 , 130.78 , 87.19 
 0.00 , 422.40 , 282.49 
 0.00 , 922.66 , 620.34 
 0.00 , 1095.86 , 738.16 
 0.00 , 1316.03 , 888.55 
 0.00 , 1113.56 , 750.22 
 0.00 , 1166.39 , 786.26 
 0.00 , 1223.62 , 825.35 
 0.00 , 1281.52 , 864.94 
2608.65 ,  0.00 , 2426.04 
 0.00 ,  0.00 ,  0.00 
 0.00 ,  0.00 ,  0.00 
 0.00 ,  0.00 ,  0.00 
 0.00 ,  0.00 ,  0.00 
 0.00 , 694.94 , 466.11 
 0.00 , 900.41 , 605.24 
 0.00 , 1025.94 , 690.54 
 0.00 , 6282.13 , 4480.00 
 0.00 , 2483.55 , 1698.08 
 0.00 , 987.85 , 664.63 
 0.00 ,  0.00 ,  0.00 
 0.00 ,  0.00 ,  0.00 
 0.00 ,  0.00 ,  0.00 
 0.00 ,  0.00 ,  0.00 
 0.00 ,  0.00 ,  0.00 
 0.00 ,  0.00 ,  0.00 
 0.00 ,  0.00 ,  0.00 
 0.00 ,  0.00 ,  0.00 
2524.59 ,  0.00 , 2347.87 
 0.00 ,  0.00 ,  0.00 
 0.00 ,  0.00 ,  0.00 
 0.00 , 470.32 , 314.70 
 0.00 , 725.23 , 486.58 
 0.00 ,  0.00 ,  0.00 
 0.00 ,  0.00 ,  0.00 
 0.00 ,  0.00 ,  0.00 
 0.00 ,  0.00 ,  0.00 
 0.00 ,  0.00 ,  0.00 
 0.00 ,  0.00 ,  0.00 
 0.00 , 124.71 , 83.14 
 0.00 , 707.81 , 474.80 
 0.00 , 6282.13 , 4480.00 
 0.00 , 2085.30 , 1419.65 
 0.00 ,  0.00 ,  0.00 
 0.00 ,  0.00 ,  0.00 
 0.00 ,  0.00 ,  0.00 
2600.49 ,  0.00 , 2418.46 
 0.00 ,  0.00 ,  0.00 
 0.00 ,  0.00 ,  0.00 
 0.00 ,  0.00 ,  0.00 
 0.00 ,  0.00 ,  0.00 
 0.00 ,  0.00 ,  0.00 
 0.00 ,  0.00 ,  0.00 
 0.00 ,  0.00 ,  0.00 
 0.00 ,  0.00 ,  0.00 
 0.00 , 442.22 , 295.81 
 0.00 , 764.24 , 512.96 
 0.00 ,  0.00 ,  0.00 
 0.00 ,  0.00 ,  0.00 
 0.00 ,  0.00 ,  0.00 
 0.00 ,  0.00 ,  0.00 
 0.00 ,  0.00 ,  0.00 
 0.00 , 213.53 , 142.49 
 0.00 , 954.49 , 641.96 
 0.00 , 1164.87 , 785.22 
 0.00 , 6282.13 , 4480.00 
2663.71 , 2747.44 , 4367.38 
 0.00 , 1168.36 , 787.60 
 0.00 ,  0.00 ,  0.00 
 0.00 ,  0.00 ,  0.00 
 0.00 ,  0.00 ,  0.00 
 0.00 ,  0.00 ,  0.00 
 0.00 ,  0.00 ,  0.00 
 0.00 ,  0.00 ,  0.00 
 0.00 ,  0.00 ,  0.00 
 0.00 ,  0.00 ,  0.00 
 0.00 ,  0.00 ,  0.00 
 0.00 ,  0.00 ,  0.00 
 0.00 ,  0.00 ,  0.00 
 0.00 ,  0.00 ,  0.00 
 0.00 ,  0.00 ,  0.00 
2608.65 ,  0.00 , 2426.04 
 0.00 ,  0.00 ,  0.00 
 0.00 ,  0.00 ,  0.00 
 0.00 ,  0.00 ,  0.00 
 0.00 ,  0.00 ,  0.00 
 0.00 ,  0.00 ,  0.00 
 0.00 ,  0.00 ,  0.00 
 0.00 , 754.66 , 506.48 
 0.00 , 6282.13 , 4480.00 
 0.00 , 2134.18 , 1453.70 
 0.00 ,  0.00 ,  0.00 
 0.00 ,  0.00 ,  0.00 
 0.00 ,  0.00 ,  0.00 
 0.00 ,  0.00 ,  0.00 
 0.00 ,  0.00 ,  0.00 
 0.00 ,  0.00 ,  0.00 
 0.00 ,  0.00 ,  0.00 
 0.00 ,  0.00 ,  0.00 
 0.00 ,  0.00 ,  0.00 
2524.59 ,  0.00 , 2347.87 
 0.00 ,  0.00 ,  0.00 
 0.00 ,  0.00 ,  0.00 
 0.00 ,  0.00 ,  0.00 
 0.00 , 216.63 , 144.56 
 0.00 ,  0.00 ,  0.00 
 0.00 ,  0.00 ,  0.00 
 0.00 ,  0.00 ,  0.00 
 0.00 ,  0.00 ,  0.00 
 0.00 ,  0.00 ,  0.00 
 0.00 ,  0.00 ,  0.00 
 0.00 ,  0.00 ,  0.00 
 0.00 , 170.67 , 113.84 
 0.00 , 6190.24 , 4409.88 
 0.00 , 1971.59 , 1340.59 
 0.00 , 943.79 , 634.69 
 0.00 ,  0.00 ,  0.00 
 0.00 ,  0.00 ,  0.00 
2600.49 ,  0.00 , 2418.46 
 0.00 ,  0.00 ,  0.00 
 0.00 , 573.81 , 384.37 
 0.00 , 642.87 , 430.94 
 0.00 , 731.43 , 490.77 
 0.00 , 1047.97 , 705.54 
 0.00 , 1144.36 , 771.23 
 0.00 , 923.43 , 620.87 
 0.00 , 979.00 , 658.62 
 0.00 , 986.06 , 663.42 
 0.00 , 1046.42 , 704.48 
 0.00 ,  0.00 ,  0.00 
 0.00 ,  0.00 ,  0.00 
 0.00 ,  0.00 ,  0.00 
 0.00 ,  0.00 ,  0.00 
 0.00 ,  0.00 ,  0.00 
 0.00 ,  0.00 ,  0.00 
 0.00 , 517.87 , 346.69 
 0.00 , 742.58 , 498.31 
 0.00 , 6282.13 , 4480.00 
2663.71 , 2477.35 , 4176.01 
 0.00 , 2187.45 , 1490.84 
 0.00 , 1984.97 , 1349.88 
 0.00 , 1765.79 , 1198.00 
 0.00 , 1490.53 , 1008.26 
 0.00 , 1232.87 , 831.67 
 0.00 , 804.66 , 540.33 
 0.00 , 660.12 , 442.59 
 0.00 , 861.43 , 578.80 
 0.00 , 1228.52 , 828.69 
 0.00 , 1355.99 , 915.92 
 0.00 , 1143.13 , 770.39 
 0.00 , 1137.14 , 766.30 
 0.00 , 1133.81 , 764.03 
 0.00 , 1185.37 , 799.22 
2608.65 ,  0.00 , 2426.04 
 0.00 ,  0.00 ,  0.00 
 0.00 ,  0.00 ,  0.00 
 0.00 ,  0.00 ,  0.00 
 0.00 ,  0.00 ,  0.00 
 0.00 ,  0.00 ,  0.00 
 0.00 , 148.79 , 99.22 
 0.00 , 462.25 , 309.27 
 0.00 , 6174.80 , 4398.12 
 0.00 , 2103.42 , 1432.27 
 0.00 , 1984.48 , 1349.54 
 0.00 , 1573.29 , 1065.19 
 0.00 , 1292.94 , 872.75 
 0.00 , 1191.37 , 803.31 
 0.00 , 1154.43 , 778.10 
 0.00 , 1219.83 , 822.76 
 0.00 , 1266.48 , 854.65 
 0.00 , 1246.94 , 841.28 
 0.00 , 1292.89 , 872.71 
2524.59 , 1331.31 , 3248.23 
 0.00 , 1123.45 , 756.97 
 0.00 , 1105.19 , 744.52 
 0.00 , 1145.82 , 772.22 
 0.00 , 1192.71 , 804.23 
 0.00 ,  0.00 ,  0.00 
 0.00 ,  0.00 ,  0.00 
 0.00 ,  0.00 ,  0.00 
 0.00 ,  0.00 ,  0.00 
 0.00 ,  0.00 ,  0.00 
 0.00 ,  0.00 ,  0.00 
 0.00 , 574.35 , 384.73 
 0.00 , 750.02 , 503.34 
 0.00 , 6282.13 , 4480.00 
 0.00 , 2306.33 , 1573.89 
 0.00 , 1769.25 , 1200.39 
 0.00 , 1125.39 , 758.29 
 0.00 , 785.47 , 527.33 
2600.49 , 713.51 , 2897.50 
 0.00 , 573.18 , 383.94 
 0.00 , 480.21 , 321.35 
 0.00 , 558.03 , 373.74 
 0.00 , 811.81 , 545.17 
 0.00 , 984.99 , 662.69 
 0.00 , 1068.73 , 719.67 
 0.00 , 944.76 , 635.35 
 0.00 , 995.26 , 669.67 
 0.00 , 1049.08 , 706.29 
 0.00 , 1105.38 , 744.64 
 0.00 ,  0.00 ,  0.00 
 0.00 ,  0.00 ,  0.00 
 0.00 ,  0.00 ,  0.00 
 0.00 ,  0.00 ,  0.00 
 0.00 ,  0.00 ,  0.00 
 0.00 ,  0.00 ,  0.00 
 0.00 , 556.91 , 372.98 
 0.00 , 752.65 , 505.12 
 0.00 , 6282.13 , 4480.00 
2652.24 , 2294.36 , 4036.37 
 0.00 , 2036.34 , 1385.59 
 0.00 , 1790.03 , 1214.76 
 0.00 , 1402.96 , 948.13 
 0.00 , 1159.98 , 781.88 
 0.00 , 1127.82 , 759.95 
 0.00 , 1277.33 , 862.07 
 0.00 , 1476.84 , 998.85 
 0.00 , 1572.36 , 1064.55 
 0.00 , 1658.22 , 1123.72 
 0.00 , 1661.90 , 1126.26 
 0.00 , 1486.17 , 1005.26 
 0.00 , 1459.18 , 986.72 
 0.00 , 1503.33 , 1017.06 
 0.00 , 1499.78 , 1014.62 
2568.97 ,  0.00 , 2389.15 
 0.00 ,  0.00 ,  0.00 
 0.00 ,  0.00 ,  0.00 
 0.00 ,  0.00 ,  0.00 
 0.00 , 529.87 , 354.77 
 0.00 , 1027.54 , 691.63 
 0.00 , 1163.69 , 784.42 
 0.00 , 1341.56 , 906.04 
 0.00 , 6282.13 , 4480.00 
 0.00 , 2789.13 , 1913.36 
 0.00 , 1419.93 , 959.77 
 0.00 , 660.36 , 442.75 
 0.00 ,  0.00 ,  0.00 
 0.00 ,  0.00 ,  0.00 
 0.00 ,  0.00 ,  0.00 
 0.00 ,  0.00 ,  0.00 
 0.00 ,  0.00 ,  0.00 
 0.00 ,  0.00 ,  0.00 
 0.00 ,  0.00 ,  0.00 
 0.00 , 410.62 , 274.58 
2705.15 , 941.23 , 3149.46 
 0.00 , 1049.44 , 706.54 
 0.00 , 1201.12 , 809.97 
 0.00 , 1293.70 , 873.27 
 0.00 ,  0.00 ,  0.00 
 0.00 ,  0.00 ,  0.00 
 0.00 ,  0.00 ,  0.00 
 0.00 ,  0.00 ,  0.00 
 0.00 , 563.95 , 377.72 
 0.00 , 1131.85 , 762.70 
 0.00 , 1338.27 , 903.79 
 0.00 , 1476.14 , 998.37 
 0.00 , 6282.13 , 4480.00 
 0.00 , 2784.11 , 1909.82 
 0.00 , 1294.99 , 874.15 
 0.00 , 673.70 , 451.76 
 0.00 , 549.34 , 367.88 
 0.00 , 430.31 , 287.80 
2511.91 , 31.88 , 2357.31 
 0.00 , 116.56 , 77.70 
 0.00 ,  0.00 ,  0.00 
 0.00 ,  0.00 ,  0.00 
 0.00 , 22.78 , 15.17 
 0.00 , 1066.44 , 718.11 
 0.00 , 1219.53 , 822.55 
 0.00 , 1314.70 , 887.65 
 0.00 , 1410.09 , 953.02 
 0.00 , 1497.69 , 1013.18 
 0.00 ,  0.00 ,  0.00 
 0.00 ,  0.00 ,  0.00 
 0.00 ,  0.00 ,  0.00 
 0.00 ,  0.00 ,  0.00 
 0.00 , 861.86 , 579.09 
 0.00 , 1008.10 , 678.41 
 0.00 , 1086.84 , 732.01 
 0.00 , 1151.38 , 776.02 
 0.00 , 6282.13 , 4480.00 
 0.00 , 2746.08 , 1882.95 
2684.89 , 2506.43 , 4216.29 
 0.00 , 2235.32 , 1524.25 
 0.00 , 2045.73 , 1392.12 
 0.00 , 1955.56 , 1329.46 
 0.00 , 1855.41 , 1260.02 
 0.00 , 1782.77 , 1209.74 
 0.00 , 1838.15 , 1248.06 
 0.00 , 2038.50 , 1387.09 
 0.00 , 2034.39 , 1384.23 
 0.00 , 1941.04 , 1319.39 
 0.00 , 1803.35 , 1223.98 
 0.00 , 1768.13 , 1199.61 
 0.00 , 1808.24 , 1227.36 
 0.00 , 1800.55 , 1222.04 
 0.00 ,  0.00 ,  0.00 
 0.00 ,  0.00 ,  0.00 
 0.00 ,  0.00 ,  0.00 
 0.00 , 379.22 , 253.50 
 0.00 , 1104.94 , 744.35 
 0.00 , 1190.06 , 802.42 
2526.14 , 1310.45 , 3235.34 
 0.00 , 1370.99 , 926.21 
 0.00 , 6282.13 , 4480.00 
 0.00 , 2803.33 , 1923.40 
 0.00 , 2094.71 , 1426.20 
 0.00 , 1702.69 , 1154.40 
 0.00 , 1735.15 , 1176.82 
 0.00 , 1676.11 , 1136.06 
 0.00 , 1392.90 , 941.23 
 0.00 , 1119.61 , 754.35 
 0.00 , 1095.46 , 737.89 
 0.00 , 1320.20 , 891.41 
 0.00 , 1574.63 , 1066.11 
 0.00 , 1704.22 , 1155.46 
 0.00 , 1625.18 , 1100.93 
2675.72 , 1661.96 , 3616.94 
 0.00 , 1668.08 , 1130.51 
 0.00 , 1723.54 , 1168.80 
 0.00 ,  0.00 ,  0.00 
 0.00 ,  0.00 ,  0.00 
 0.00 ,  0.00 ,  0.00 
 0.00 , 100.57 , 67.03 
 0.00 , 926.37 , 622.86 
 0.00 , 1065.32 , 717.35 
 0.00 , 1135.75 , 765.35 
 0.00 , 1247.98 , 841.99 
 0.00 , 6282.13 , 4480.00 
 0.00 , 2749.13 , 1885.11 
 0.00 , 2520.02 , 1723.70 
 0.00 , 1801.32 , 1222.57 
 0.00 , 888.40 , 597.09 
 0.00 , 892.74 , 600.04 
 0.00 , 1207.78 , 814.52 
 0.00 , 1267.81 , 855.55 
2563.22 , 1361.14 , 3304.66 
 0.00 , 1411.38 , 953.90 
 0.00 , 1483.21 , 1003.23 
 0.00 , 1592.88 , 1078.68 
 0.00 , 1521.40 , 1029.48 
 0.00 , 1558.89 , 1055.27 
 0.00 , 1612.92 , 1092.48 
 0.00 , 1668.88 , 1131.07 
 0.00 ,  0.00 ,  0.00 
 0.00 ,  0.00 ,  0.00 
 0.00 ,  0.00 ,  0.00 
 0.00 , 301.48 , 201.36 
 0.00 , 1108.46 , 746.75 
 0.00 , 1308.50 , 883.40 
 0.00 , 1441.11 , 974.31 
 0.00 , 1561.86 , 1057.32 
 0.00 , 6282.13 , 4480.00 
 0.00 , 2783.58 , 1909.44 
 0.00 , 1863.58 , 1265.68 
2636.29 , 1158.58 , 3233.74 
 0.00 , 913.65 , 614.23 
 0.00 , 322.31 , 215.32 
 0.00 ,  0.00 ,  0.00 
 0.00 ,  0.00 ,  0.00 
 0.00 ,  0.00 ,  0.00 
 0.00 ,  0.00 ,  0.00 
 0.00 , 332.44 , 222.12 
 0.00 , 1212.51 , 817.76 
 0.00 , 1257.60 , 848.57 
 0.00 , 1342.88 , 906.94 
 0.00 , 1433.03 , 968.76 
 0.00 , 1517.25 , 1026.63 
 0.00 ,  0.00 ,  0.00 
 0.00 ,  0.00 ,  0.00 
 0.00 ,  0.00 ,  0.00 
 0.00 ,  8.84 ,  5.88 
 0.00 , 1052.27 , 708.47 
 0.00 , 1237.11 , 834.56 
 0.00 , 1432.49 , 968.39 
 0.00 , 1617.89 , 1095.91 
2748.61 , 6234.98 , 7036.21 
 0.00 , 2203.71 , 1502.18 
 0.00 , 1021.63 , 687.61 
 0.00 , 978.34 , 658.17 
 0.00 , 1218.15 , 821.61 
 0.00 , 924.44 , 621.55 
 0.00 , 738.13 , 495.30 
 0.00 , 950.17 , 639.03 
 0.00 , 1097.92 , 739.57 
 0.00 , 1419.37 , 959.39 
 0.00 , 1689.16 , 1145.06 
 0.00 , 1861.46 , 1264.20 
 0.00 , 1927.15 , 1309.75 
 0.00 , 2006.25 , 1364.67 
 0.00 , 2138.21 , 1456.51 
2622.54 , 2210.28 , 3949.64 
 0.00 ,  0.00 ,  0.00 
 0.00 ,  0.00 ,  0.00 
 0.00 , 299.35 , 199.94 
 0.00 , 1420.92 , 960.46 
 0.00 , 1523.80 , 1031.13 
 0.00 , 1605.69 , 1087.50 
 0.00 , 1727.96 , 1171.85 
 0.00 , 1787.30 , 1212.87 
 0.00 , 6282.13 , 4480.00 
 0.00 , 1532.29 , 1036.97 
 0.00 , 465.58 , 311.51 
 0.00 ,  2.42 ,  1.61 
 0.00 ,  0.00 ,  0.00 
 0.00 ,  0.00 ,  0.00 
 0.00 ,  0.00 ,  0.00 
 0.00 ,  0.00 ,  0.00 
 0.00 ,  0.00 ,  0.00 
 0.00 ,  0.00 ,  0.00 
 0.00 ,  0.00 ,  0.00 
2645.89 ,  0.00 , 2460.68 
 0.00 , 921.71 , 619.70 
 0.00 , 1434.90 , 970.05 
 0.00 , 1579.47 , 1069.45 
 0.00 , 1757.97 , 1192.59 
 0.00 ,  0.00 ,  0.00 
 0.00 ,  0.00 ,  0.00 
 0.00 ,  0.00 ,  0.00 
 0.00 , 848.79 , 570.23 
 0.00 , 1298.40 , 876.49 
 0.00 , 1400.84 , 946.68 
 0.00 , 1484.60 , 1004.19 
 0.00 , 1554.53 , 1052.27 
 0.00 , 6282.13 , 4480.00 
 0.00 , 2967.76 , 2039.88 
 0.00 , 2121.35 , 1444.76 
 0.00 , 1252.63 , 845.17 
 0.00 , 860.80 , 578.37 
2562.47 , 768.40 , 2899.33 
 0.00 , 478.27 , 320.05 
 0.00 , 584.96 , 391.88 
 0.00 , 1107.77 , 746.28 
 0.00 , 1465.63 , 991.15 
 0.00 , 1610.66 , 1090.93 
 0.00 , 1759.22 , 1193.46 
 0.00 , 1642.08 , 1112.58 
 0.00 , 1654.85 , 1121.39 
 0.00 , 1661.73 , 1126.14 
 0.00 , 1666.85 , 1129.67 
 0.00 ,  0.00 ,  0.00 
 0.00 ,  0.00 ,  0.00 
 0.00 ,  0.00 ,  0.00 
 0.00 ,  6.75 ,  4.50 
 0.00 , 843.16 , 566.41 
 0.00 , 1024.33 , 689.45 
 0.00 , 1096.84 , 738.83 
 0.00 , 1156.31 , 779.38 
 0.00 , 6282.13 , 4480.00 
2625.54 , 2340.64 , 4044.05 
 0.00 , 1997.03 , 1358.26 
 0.00 , 1735.72 , 1177.21 
 0.00 , 1574.61 , 1066.10 
 0.00 , 1510.83 , 1022.21 
 0.00 , 820.75 , 551.23 
 0.00 , 582.82 , 390.44 
 0.00 , 946.21 , 636.34 
 0.00 , 1262.48 , 851.91 
 0.00 , 1487.60 , 1006.25 
 0.00 , 1520.34 , 1028.75 
 0.00 , 1402.67 , 947.94 
 0.00 , 1393.50 , 941.64 
 0.00 , 1444.98 , 976.97 
 0.00 , 1500.05 , 1014.80 
2568.97 ,  0.00 , 2389.15 
 0.00 ,  0.00 ,  0.00 
 0.00 ,  0.00 ,  0.00 
 0.00 ,  0.00 ,  0.00 
 0.00 , 487.20 , 326.05 
 0.00 , 947.95 , 637.52 
 0.00 , 1025.56 , 690.29 
 0.00 , 1143.49 , 770.63 
 0.00 , 6282.13 , 4480.00 
 0.00 , 2720.85 , 1865.14 
 0.00 , 2295.33 , 1566.20 
 0.00 , 1969.49 , 1339.13 
 0.00 , 1795.35 , 1218.44 
 0.00 , 1886.49 , 1281.55 
 0.00 , 2103.61 , 1432.40 
 0.00 , 1999.42 , 1359.93 
 0.00 , 1643.82 , 1113.78 
 0.00 , 1658.87 , 1124.17 
 0.00 , 1789.58 , 1214.45 
 0.00 , 1791.55 , 1215.81 
2705.15 , 1688.64 , 3662.83 
 0.00 , 1726.28 , 1170.69 
 0.00 , 1773.76 , 1203.51 
 0.00 , 1824.01 , 1238.27 
 0.00 ,  0.00 ,  0.00 
 0.00 ,  0.00 ,  0.00 
 0.00 ,  0.00 ,  0.00 
 0.00 , 414.16 , 276.96 
 0.00 , 1134.45 , 764.46 
 0.00 , 1274.57 , 860.18 
 0.00 , 1400.83 , 946.67 
 0.00 , 1517.01 , 1026.46 
 0.00 , 6282.13 , 4480.00 
 0.00 , 2695.26 , 1847.08 
 0.00 , 1407.50 , 951.25 
 0.00 , 558.77 , 374.23 
 0.00 ,  4.12 ,  2.75 
 0.00 ,  0.00 ,  0.00 
2511.91 , 124.11 , 2418.83 
 0.00 , 353.10 , 235.97 
 0.00 , 297.46 , 198.67 
 0.00 , 94.39 , 62.91 
 0.00 , 323.55 , 216.15 
 0.00 , 953.63 , 641.38 
 0.00 , 1108.68 , 746.90 
 0.00 , 1253.47 , 845.75 
 0.00 , 1340.09 , 905.04 
 0.00 , 1473.35 , 996.46 
 0.00 ,  0.00 ,  0.00 
 0.00 ,  0.00 ,  0.00 
 0.00 ,  0.00 ,  0.00 
 0.00 ,  0.00 ,  0.00 
 0.00 , 976.51 , 656.93 
 0.00 , 1238.68 , 835.64 
 0.00 , 1435.54 , 970.48 
 0.00 , 1566.70 , 1060.65 
 0.00 , 6282.13 , 4480.00 
 0.00 , 1579.67 , 1069.58 
2684.89 , 336.25 , 2721.70 
 0.00 ,  0.00 ,  0.00 
 0.00 ,  0.00 ,  0.00 
 0.00 ,  0.00 ,  0.00 
 0.00 ,  0.00 ,  0.00 
 0.00 ,  0.00 ,  0.00 
 0.00 ,  0.00 ,  0.00 
 0.00 ,  0.00 ,  0.00 
 0.00 ,  0.00 ,  0.00 
 0.00 ,  0.00 ,  0.00 
 0.00 ,  0.00 ,  0.00 
 0.00 ,  0.00 ,  0.00 
 0.00 ,  0.00 ,  0.00 
 0.00 , 188.56 , 125.79 
 0.00 ,  0.00 ,  0.00 
 0.00 ,  0.00 ,  0.00 
 0.00 ,  0.00 ,  0.00 
 0.00 ,  0.00 ,  0.00 
 0.00 ,  0.00 ,  0.00 
 0.00 ,  0.00 ,  0.00 
2526.14 , 680.88 , 2806.26 
 0.00 , 929.12 , 624.73 
 0.00 , 6282.13 , 4480.00 
 0.00 , 2435.82 , 1664.59 
 0.00 , 2074.97 , 1412.46 
 0.00 , 1362.45 , 920.35 
 0.00 , 609.64 , 408.52 
 0.00 ,  0.00 ,  0.00 
 0.00 ,  0.00 ,  0.00 
 0.00 ,  0.00 ,  0.00 
 0.00 ,  0.00 ,  0.00 
 0.00 ,  0.00 ,  0.00 
 0.00 ,  0.00 ,  0.00 
 0.00 ,  0.00 ,  0.00 
 0.00 ,  0.00 ,  0.00 
2675.72 ,  0.00 , 2488.42 
 0.00 , 133.61 , 89.08 
 0.00 , 693.95 , 465.44 
 0.00 ,  0.00 ,  0.00 
 0.00 ,  0.00 ,  0.00 
 0.00 ,  0.00 ,  0.00 
 0.00 ,  0.00 ,  0.00 
 0.00 ,  0.00 ,  0.00 
 0.00 ,  0.00 ,  0.00 
 0.00 , 463.18 , 309.89 
 0.00 , 897.76 , 603.44 
 0.00 , 6282.13 , 4480.00 
 0.00 , 1766.23 , 1198.30 
 0.00 , 538.63 , 360.67 
 0.00 ,  0.00 ,  0.00 
 0.00 ,  0.00 ,  0.00 
 0.00 ,  0.00 ,  0.00 
 0.00 ,  0.00 ,  0.00 
 0.00 ,  0.00 ,  0.00 
2563.22 ,  0.00 , 2383.79 
 0.00 ,  0.00 ,  0.00 
 0.00 ,  0.00 ,  0.00 
 0.00 ,  0.00 ,  0.00 
 0.00 ,  0.00 ,  0.00 
 0.00 ,  0.00 ,  0.00 
 0.00 ,  0.00 ,  0.00 
 0.00 ,  0.00 ,  0.00 
 0.00 ,  0.00 ,  0.00 
 0.00 ,  0.00 ,  0.00 
 0.00 ,  0.00 ,  0.00 
 0.00 ,  0.00 ,  0.00 
 0.00 ,  0.00 ,  0.00 
 0.00 ,  0.00 ,  0.00 
 0.00 ,  0.00 ,  0.00 
 0.00 ,  0.00 ,  0.00 
 0.00 , 4516.24 , 3157.56 
 0.00 ,  0.00 ,  0.00 
 0.00 ,  0.00 ,  0.00 
2636.29 ,  0.00 , 2451.75 
 0.00 ,  0.00 ,  0.00 
 0.00 ,  0.00 ,  0.00 
 0.00 ,  0.00 ,  0.00 
 0.00 ,  0.00 ,  0.00 
 0.00 ,  0.00 ,  0.00 
 0.00 ,  0.00 ,  0.00 
 0.00 ,  0.00 ,  0.00 
 0.00 ,  0.00 ,  0.00 
 0.00 ,  0.00 ,  0.00 
 0.00 ,  0.00 ,  0.00 
 0.00 ,  0.00 ,  0.00 
 0.00 ,  0.00 ,  0.00 
 0.00 ,  0.00 ,  0.00 
 0.00 ,  0.00 ,  0.00 
 0.00 ,  0.00 ,  0.00 
 0.00 ,  0.00 ,  0.00 
 0.00 ,  0.00 ,  0.00 
 0.00 ,  0.00 ,  0.00 
 0.00 ,  0.00 ,  0.00 
 0.00 ,  0.00 ,  0.00 
2748.61 , 5119.25 , 6183.11 
 0.00 , 470.62 , 314.90 
 0.00 ,  0.00 ,  0.00 
 0.00 ,  0.00 ,  0.00 
 0.00 ,  0.00 ,  0.00 
 0.00 ,  0.00 ,  0.00 
 0.00 ,  0.00 ,  0.00 
 0.00 ,  0.00 ,  0.00 
 0.00 ,  0.00 ,  0.00 
 0.00 ,  0.00 ,  0.00 
 0.00 ,  0.00 ,  0.00 
 0.00 ,  0.00 ,  0.00 
 0.00 ,  0.00 ,  0.00 
 0.00 ,  0.00 ,  0.00 
 0.00 ,  0.00 ,  0.00 
2622.54 ,  0.00 , 2438.96 
 0.00 ,  0.00 ,  0.00 
 0.00 ,  0.00 ,  0.00 
 0.00 ,  0.00 ,  0.00 
 0.00 ,  0.00 ,  0.00 
 0.00 ,  0.00 ,  0.00 
 0.00 ,  0.00 ,  0.00 
 0.00 ,  0.00 ,  0.00 
 0.00 ,  0.00 ,  0.00 
 0.00 , 3689.16 , 2555.84 
 0.00 ,  0.00 ,  0.00 
 0.00 ,  0.00 ,  0.00 
 0.00 ,  0.00 ,  0.00 
 0.00 ,  0.00 ,  0.00 
 0.00 ,  0.00 ,  0.00 
 0.00 ,  0.00 ,  0.00 
 0.00 ,  0.00 ,  0.00 
 0.00 ,  0.00 ,  0.00 
 0.00 ,  0.00 ,  0.00 
 0.00 ,  0.00 ,  0.00 
2645.89 ,  0.00 , 2460.68 
 0.00 ,  0.00 ,  0.00 
 0.00 ,  0.00 ,  0.00 
 0.00 ,  0.00 ,  0.00 
 0.00 ,  0.00 ,  0.00 
 0.00 ,  0.00 ,  0.00 
 0.00 ,  0.00 ,  0.00 
 0.00 ,  0.00 ,  0.00 
 0.00 ,  0.00 ,  0.00 
 0.00 ,  0.00 ,  0.00 
 0.00 ,  0.00 ,  0.00 
 0.00 ,  0.00 ,  0.00 
 0.00 ,  0.00 ,  0.00 
 0.00 , 4443.06 , 3103.88 
 0.00 ,  0.00 ,  0.00 
 0.00 ,  0.00 ,  0.00 
 0.00 ,  0.00 ,  0.00 
 0.00 ,  0.00 ,  0.00 
2562.47 ,  0.00 , 2383.10 
 0.00 ,  0.00 ,  0.00 
 0.00 ,  0.00 ,  0.00 
 0.00 ,  0.00 ,  0.00 
 0.00 ,  0.00 ,  0.00 
 0.00 ,  0.00 ,  0.00 
 0.00 ,  0.00 ,  0.00 
 0.00 , 80.93 , 53.93 
 0.00 , 570.75 , 382.30 
 0.00 , 738.17 , 495.33 
 0.00 , 843.75 , 566.81 
 0.00 ,  0.00 ,  0.00 
 0.00 ,  0.00 ,  0.00 
 0.00 ,  0.00 ,  0.00 
 0.00 ,  0.00 ,  0.00 
 0.00 ,  0.00 ,  0.00 
 0.00 ,  0.00 ,  0.00 
 0.00 , 443.12 , 296.41 
 0.00 , 805.04 , 540.59 
 0.00 , 6282.13 , 4480.00 
2625.54 , 712.53 , 2920.13 
 0.00 ,  0.00 ,  0.00 
 0.00 ,  0.00 ,  0.00 
 0.00 ,  0.00 ,  0.00 
 0.00 ,  0.00 ,  0.00 
 0.00 ,  0.00 ,  0.00 
 0.00 ,  0.00 ,  0.00 
 0.00 ,  0.00 ,  0.00 
 0.00 ,  0.00 ,  0.00 
 0.00 ,  0.00 ,  0.00 
 0.00 ,  0.00 ,  0.00 
 0.00 ,  0.00 ,  0.00 
 0.00 ,  0.00 ,  0.00 
 0.00 ,  0.00 ,  0.00 
 0.00 , 200.59 , 133.83 
2568.97 ,  0.00 , 2389.15 
 0.00 ,  0.00 ,  0.00 
 0.00 ,  0.00 ,  0.00 
 0.00 ,  0.00 ,  0.00 
 0.00 ,  0.00 ,  0.00 
 0.00 ,  0.00 ,  0.00 
 0.00 ,  0.00 ,  0.00 
 0.00 , 265.26 , 177.10 
 0.00 , 6164.75 , 4390.46 
 0.00 , 323.33 , 216.00 
 0.00 ,  0.00 ,  0.00 
 0.00 ,  0.00 ,  0.00 
 0.00 ,  0.00 ,  0.00 
 0.00 ,  0.00 ,  0.00 
 0.00 ,  0.00 ,  0.00 
 0.00 ,  0.00 ,  0.00 
 0.00 ,  0.00 ,  0.00 
 0.00 ,  0.00 ,  0.00 
 0.00 ,  0.00 ,  0.00 
 0.00 ,  0.00 ,  0.00 
2705.15 ,  0.00 , 2515.79 
 0.00 ,  0.00 ,  0.00 
 0.00 ,  0.00 ,  0.00 
 0.00 ,  0.00 ,  0.00 
 0.00 ,  0.00 ,  0.00 
 0.00 ,  0.00 ,  0.00 
 0.00 ,  0.00 ,  0.00 
 0.00 ,  0.00 ,  0.00 
 0.00 ,  0.00 ,  0.00 
 0.00 ,  0.00 ,  0.00 
 0.00 ,  0.00 ,  0.00 
 0.00 ,  0.00 ,  0.00 
 0.00 , 4795.67 , 3363.36 
 0.00 , 1165.76 , 785.83 
 0.00 , 702.26 , 471.05 
 0.00 ,  0.00 ,  0.00 
 0.00 ,  0.00 ,  0.00 
 0.00 ,  0.00 ,  0.00 
2511.91 ,  0.00 , 2336.07 
 0.00 ,  0.00 ,  0.00 
 0.00 ,  0.00 ,  0.00 
 0.00 ,  0.00 ,  0.00 
 0.00 ,  0.00 ,  0.00 
 0.00 ,  0.00 ,  0.00 
 0.00 ,  0.00 ,  0.00 
 0.00 ,  0.00 ,  0.00 
 0.00 ,  0.00 ,  0.00 
 0.00 , 516.30 , 345.63 
 0.00 ,  0.00 ,  0.00 
 0.00 ,  0.00 ,  0.00 
 0.00 ,  0.00 ,  0.00 
 0.00 ,  0.00 ,  0.00 
 0.00 ,  0.00 ,  0.00 
 0.00 ,  0.00 ,  0.00 
 0.00 ,  0.00 ,  0.00 
 0.00 ,  3.35 ,  2.23 
 0.00 , 6124.96 , 4360.16 
 0.00 , 1428.35 , 965.55 
2684.89 ,  0.00 , 2496.95 
 0.00 ,  0.00 ,  0.00 
 0.00 ,  0.00 ,  0.00 
 0.00 ,  0.00 ,  0.00 
 0.00 ,  0.00 ,  0.00 
 0.00 ,  0.00 ,  0.00 
 0.00 ,  0.00 ,  0.00 
 0.00 ,  0.00 ,  0.00 
 0.00 ,  0.00 ,  0.00 
 0.00 ,  0.00 ,  0.00 
 0.00 ,  0.00 ,  0.00 
 0.00 ,  0.00 ,  0.00 
 0.00 ,  0.00 ,  0.00 
 0.00 ,  0.00 ,  0.00 
 0.00 ,  0.00 ,  0.00 
 0.00 ,  0.00 ,  0.00 
 0.00 ,  0.00 ,  0.00 
 0.00 ,  0.00 ,  0.00 
 0.00 ,  0.00 ,  0.00 
 0.00 ,  0.00 ,  0.00 
2526.14 ,  0.00 , 2349.31 
 0.00 ,  0.00 ,  0.00 
 0.00 , 4451.44 , 3110.02 
 0.00 , 1365.77 , 922.63 
 0.00 , 1170.42 , 789.01 
 0.00 , 931.87 , 626.60 
 0.00 , 733.84 , 492.40 
 0.00 , 948.72 , 638.05 
 0.00 , 1002.63 , 674.69 
 0.00 , 842.20 , 565.76 
 0.00 , 838.86 , 563.50 
 0.00 , 970.89 , 653.11 
 0.00 , 994.65 , 669.26 
 0.00 , 994.28 , 669.01 
 0.00 , 794.78 , 533.63 
2675.72 , 833.10 , 3048.57 
 0.00 , 831.12 , 558.25 
 0.00 , 882.55 , 593.12 
 0.00 ,  0.00 ,  0.00 
 0.00 ,  0.00 ,  0.00 
 0.00 ,  0.00 ,  0.00 
 0.00 ,  0.00 ,  0.00 
 0.00 ,  0.00 ,  0.00 
 0.00 ,  0.00 ,  0.00 
 0.00 , 909.86 , 611.65 
 0.00 , 1196.40 , 806.75 
 0.00 , 6282.13 , 4480.00 
 0.00 , 542.43 , 363.22 
 0.00 ,  0.00 ,  0.00 
 0.00 ,  0.00 ,  0.00 
 0.00 ,  0.00 ,  0.00 
 0.00 ,  0.00 ,  0.00 
 0.00 ,  0.00 ,  0.00 
 0.00 ,  0.00 ,  0.00 
2563.22 ,  0.00 , 2383.79 
 0.00 ,  0.00 ,  0.00 
 0.00 ,  0.00 ,  0.00 
 0.00 ,  0.00 ,  0.00 
 0.00 ,  0.00 ,  0.00 
 0.00 ,  0.00 ,  0.00 
 0.00 ,  0.00 ,  0.00 
 0.00 ,  0.00 ,  0.00 
 0.00 ,  0.00 ,  0.00 
 0.00 ,  0.00 ,  0.00 
 0.00 ,  0.00 ,  0.00 
 0.00 ,  0.00 ,  0.00 
 0.00 ,  0.00 ,  0.00 
 0.00 ,  0.00 ,  0.00 
 0.00 ,  0.00 ,  0.00 
 0.00 , 270.71 , 180.75 
 0.00 , 6161.94 , 4388.32 
 0.00 , 1305.99 , 881.68 
 0.00 , 307.06 , 205.10 
2636.29 ,  0.00 , 2451.75 
 0.00 ,  0.00 ,  0.00 
 0.00 ,  0.00 ,  0.00 
 0.00 ,  0.00 ,  0.00 
 0.00 ,  0.00 ,  0.00 
 0.00 ,  0.00 ,  0.00 
 0.00 ,  0.00 ,  0.00 
 0.00 ,  0.00 ,  0.00 
 0.00 ,  0.00 ,  0.00 
 0.00 ,  0.00 ,  0.00 
 0.00 ,  0.00 ,  0.00 
 0.00 ,  0.00 ,  0.00 
 0.00 ,  0.00 ,  0.00 
 0.00 ,  0.00 ,  0.00 
 0.00 ,  0.00 ,  0.00 
 0.00 ,  0.00 ,  0.00 
 0.00 ,  0.00 ,  0.00 
 0.00 ,  0.00 ,  0.00 
 0.00 ,  0.00 ,  0.00 
 0.00 ,  0.00 ,  0.00 
 0.00 ,  0.00 ,  0.00 
2748.61 , 3751.47 , 5169.29 
 0.00 , 880.84 , 591.96 
 0.00 , 188.80 , 125.95 
 0.00 ,  6.78 ,  4.52 
 0.00 ,  0.00 ,  0.00 
 0.00 ,  0.00 ,  0.00 
 0.00 ,  0.00 ,  0.00 
 0.00 ,  0.00 ,  0.00 
 0.00 ,  0.00 ,  0.00 
 0.00 ,  0.00 ,  0.00 
 0.00 ,  0.00 ,  0.00 
 0.00 , 91.65 , 61.08 
 0.00 , 350.08 , 233.95 
 0.00 , 425.08 , 284.29 
 0.00 , 504.86 , 337.93 
2622.54 , 582.52 , 2829.46 
 0.00 ,  0.00 ,  0.00 
 0.00 ,  0.00 ,  0.00 
 0.00 ,  0.00 ,  0.00 
 0.00 ,  0.00 ,  0.00 
 0.00 ,  0.00 ,  0.00 
 0.00 ,  0.00 ,  0.00 
 0.00 ,  0.00 ,  0.00 
 0.00 ,  0.00 ,  0.00 
 0.00 , 5705.34 , 4042.28 
 0.00 , 1771.20 , 1201.74 
 0.00 , 1321.02 , 891.97 
 0.00 , 1143.53 , 770.66 
 0.00 , 974.13 , 655.31 
 0.00 , 744.39 , 499.53 
 0.00 , 679.46 , 455.65 
 0.00 , 254.24 , 169.73 
 0.00 , 111.98 , 74.65 
 0.00 , 179.08 , 119.46 
 0.00 , 516.56 , 345.81 
2645.89 , 727.81 , 2949.41 
 0.00 , 655.56 , 439.51 
 0.00 , 734.84 , 493.08 
 0.00 , 801.29 , 538.05 
 0.00 , 866.61 , 582.31 
 0.00 ,  0.00 ,  0.00 
 0.00 ,  0.00 ,  0.00 
 0.00 ,  0.00 ,  0.00 
 0.00 ,  0.00 ,  0.00 
 0.00 ,  0.00 ,  0.00 
 0.00 ,  0.00 ,  0.00 
 0.00 ,  1.28 ,  0.85 
 0.00 , 587.64 , 393.69 
 0.00 , 6155.71 , 4383.57 
 0.00 , 1943.26 , 1320.93 
 0.00 , 1543.16 , 1044.45 
 0.00 , 1097.76 , 739.45 
 0.00 , 733.22 , 491.98 
2562.47 , 537.22 , 2743.03 
 0.00 , 133.36 , 88.92 
 0.00 ,  0.00 ,  0.00 
 0.00 ,  0.00 ,  0.00 
 0.00 ,  0.00 ,  0.00 
 0.00 ,  0.00 ,  0.00 
 0.00 ,  0.00 ,  0.00 
 0.00 ,  0.00 ,  0.00 
 0.00 , 283.52 , 189.33 
 0.00 , 501.26 , 335.51 
 0.00 , 584.45 , 391.54 
 0.00 ,  0.00 ,  0.00 
 0.00 ,  0.00 ,  0.00 
 0.00 ,  0.00 ,  0.00 
 0.00 ,  0.00 ,  0.00 
 0.00 ,  0.00 ,  0.00 
 0.00 ,  0.00 ,  0.00 
 0.00 ,  0.00 ,  0.00 
 0.00 ,  0.00 ,  0.00 
 0.00 , 5250.59 , 3701.15 
2625.54 , 957.21 , 3086.28 
 0.00 ,  1.43 ,  0.95 
 0.00 ,  0.00 ,  0.00 
 0.00 ,  0.00 ,  0.00 
 0.00 ,  0.00 ,  0.00 
 0.00 ,  0.00 ,  0.00 
 0.00 ,  0.00 ,  0.00 
 0.00 ,  0.00 ,  0.00 
 0.00 ,  0.00 ,  0.00 
 0.00 ,  0.00 ,  0.00 
 0.00 , 269.94 , 180.24 
 0.00 , 385.76 , 257.89 
 0.00 , 462.45 , 309.40 
 0.00 , 590.55 , 395.65 
 0.00 , 666.00 , 446.56 
2568.97 ,  0.00 , 2389.15 
 0.00 ,  0.00 ,  0.00 
 0.00 ,  0.00 ,  0.00 
 0.00 ,  0.00 ,  0.00 
 0.00 ,  0.00 ,  0.00 
 0.00 ,  0.00 ,  0.00 
 0.00 , 438.15 , 293.07 
 0.00 , 978.15 , 658.04 
 0.00 , 6282.13 , 4480.00 
 0.00 , 2440.39 , 1667.79 
 0.00 , 245.72 , 164.02 
 0.00 ,  0.00 ,  0.00 
 0.00 ,  0.00 ,  0.00 
 0.00 ,  0.00 ,  0.00 
 0.00 ,  0.00 ,  0.00 
 0.00 ,  0.00 ,  0.00 
 0.00 ,  0.00 ,  0.00 
 0.00 ,  0.00 ,  0.00 
 0.00 ,  0.00 ,  0.00 
 0.00 ,  0.00 ,  0.00 
2588.17 ,  0.00 , 2407.00 
 0.00 ,  0.00 ,  0.00 
 0.00 ,  0.00 ,  0.00 
 0.00 ,  0.00 ,  0.00 
 0.00 ,  0.00 ,  0.00 
 0.00 ,  0.00 ,  0.00 
 0.00 ,  0.00 ,  0.00 
 0.00 ,  0.00 ,  0.00 
 0.00 ,  0.00 ,  0.00 
 0.00 ,  0.00 ,  0.00 
 0.00 ,  0.00 ,  0.00 
 0.00 , 159.10 , 106.10 
 0.00 , 6192.78 , 4411.82 
 0.00 , 2086.58 , 1420.55 
 0.00 , 1825.36 , 1239.21 
 0.00 , 1510.41 , 1021.93 
 0.00 , 1398.05 , 944.76 
 0.00 , 1143.85 , 770.88 
 0.00 , 934.88 , 628.64 
2528.61 , 244.47 , 2514.84 
 0.00 , 365.76 , 244.46 
 0.00 , 575.57 , 385.55 
 0.00 , 544.34 , 364.51 
 0.00 , 583.08 , 390.61 
 0.00 , 466.38 , 312.05 
 0.00 , 782.85 , 525.56 
 0.00 , 896.82 , 602.81 
 0.00 , 969.81 , 652.37 
 0.00 ,  0.00 ,  0.00 
 0.00 ,  0.00 ,  0.00 
 0.00 ,  0.00 ,  0.00 
 0.00 ,  0.00 ,  0.00 
 0.00 ,  0.00 ,  0.00 
 0.00 , 232.76 , 155.35 
 0.00 , 898.17 , 603.72 
 0.00 , 1042.64 , 701.91 
 0.00 , 6282.13 , 4480.00 
 0.00 , 2694.70 , 1846.69 
 0.00 , 1158.19 , 780.66 
2622.67 , 1160.47 , 3222.36 
 0.00 , 549.69 , 368.11 
 0.00 , 944.76 , 635.35 
 0.00 , 615.53 , 412.50 
 0.00 , 497.98 , 333.30 
 0.00 , 1147.89 , 773.63 
 0.00 , 1314.84 , 887.74 
 0.00 , 1392.16 , 940.72 
 0.00 , 1606.18 , 1087.84 
 0.00 , 1582.64 , 1071.63 
 0.00 , 1709.78 , 1159.29 
 0.00 , 1684.75 , 1142.02 
 0.00 , 1700.94 , 1153.19 
 0.00 ,  0.00 ,  0.00 
 0.00 ,  0.00 ,  0.00 
 0.00 ,  0.00 ,  0.00 
 0.00 ,  0.00 ,  0.00 
 0.00 , 192.05 , 128.13 
 0.00 , 536.04 , 358.92 
 0.00 , 546.03 , 365.65 
 0.00 , 543.04 , 363.64 
2630.74 , 6139.77 , 6851.17 
 0.00 , 2034.46 , 1384.28 
 0.00 , 1807.80 , 1227.05 
 0.00 , 1575.97 , 1067.04 
 0.00 , 1258.32 , 849.06 
 0.00 , 1243.53 , 838.96 
 0.00 , 1248.15 , 842.11 
 0.00 , 1036.99 , 698.06 
 0.00 , 954.15 , 641.73 
 0.00 , 1222.50 , 824.58 
 0.00 , 1248.13 , 842.10 
 0.00 , 1111.82 , 749.03 
 0.00 , 989.64 , 665.85 
 0.00 , 1031.08 , 694.04 
 0.00 , 1013.24 , 681.90 
2502.56 , 1003.71 , 3003.55 
 0.00 ,  0.00 ,  0.00 
 0.00 ,  0.00 ,  0.00 
 0.00 ,  0.00 ,  0.00 
 0.00 ,  0.00 ,  0.00 
 0.00 ,  0.00 ,  0.00 
 0.00 ,  0.00 ,  0.00 
 0.00 ,  0.00 ,  0.00 
 0.00 ,  0.00 ,  0.00 
 0.00 , 5429.29 , 3834.79 
 0.00 , 1579.91 , 1069.75 
 0.00 , 1250.02 , 843.39 
 0.00 , 1149.30 , 774.60 
 0.00 , 1038.80 , 699.30 
 0.00 , 539.42 , 361.20 
 0.00 , 129.87 , 86.59 
 0.00 ,  0.00 ,  0.00 
 0.00 ,  0.00 ,  0.00 
 0.00 ,  0.00 ,  0.00 
 0.00 ,  0.00 ,  0.00 
2532.15 , 79.12 , 2407.63 
 0.00 , 226.79 , 151.36 
 0.00 , 372.33 , 248.87 
 0.00 , 443.95 , 296.97 
 0.00 , 509.08 , 340.77 
 0.00 ,  0.00 ,  0.00 
 0.00 ,  0.00 ,  0.00 
 0.00 ,  0.00 ,  0.00 
 0.00 ,  0.00 ,  0.00 
 0.00 ,  0.00 ,  0.00 
 0.00 ,  0.00 ,  0.00 
 0.00 ,  0.00 ,  0.00 
 0.00 ,  0.00 ,  0.00 
 0.00 , 5566.85 , 3938.03 
 0.00 , 1854.70 , 1259.53 
 0.00 , 523.99 , 350.81 
 0.00 ,  0.00 ,  0.00 
 0.00 ,  0.00 ,  0.00 
 0.00 ,  0.00 ,  0.00 
2602.92 ,  0.00 , 2420.71 
 0.00 ,  0.00 ,  0.00 
 0.00 ,  0.00 ,  0.00 
 0.00 ,  0.00 ,  0.00 
 0.00 ,  0.00 ,  0.00 
 0.00 ,  0.00 ,  0.00 
 0.00 ,  0.00 ,  0.00 
 0.00 ,  0.00 ,  0.00 
 0.00 ,  0.00 ,  0.00 
 0.00 ,  0.00 ,  0.00 
 0.00 ,  0.00 ,  0.00 
 0.00 ,  0.00 ,  0.00 
 0.00 ,  0.00 ,  0.00 
 0.00 ,  0.00 ,  0.00 
 0.00 ,  0.00 ,  0.00 
 0.00 ,  0.00 ,  0.00 
 0.00 ,  0.00 ,  0.00 
 0.00 ,  0.00 ,  0.00 
 0.00 , 5700.70 , 4038.78 
 0.00 , 1611.17 , 1091.28 
2569.02 ,  0.00 , 2389.19 
 0.00 ,  0.00 ,  0.00 
 0.00 ,  0.00 ,  0.00 
 0.00 ,  0.00 ,  0.00 
 0.00 ,  0.00 ,  0.00 
 0.00 ,  0.00 ,  0.00 
 0.00 ,  0.00 ,  0.00 
 0.00 ,  0.00 ,  0.00 
 0.00 ,  0.00 ,  0.00 
 0.00 ,  0.00 ,  0.00 
 0.00 ,  0.00 ,  0.00 
 0.00 ,  0.00 ,  0.00 
 0.00 ,  0.00 ,  0.00 
 0.00 ,  0.00 ,  0.00 
 0.00 ,  0.00 ,  0.00 
 0.00 ,  0.00 ,  0.00 
 0.00 ,  0.00 ,  0.00 
 0.00 ,  0.00 ,  0.00 
 0.00 ,  0.00 ,  0.00 
 0.00 ,  0.00 ,  0.00 
 0.00 ,  0.00 ,  0.00 
2518.27 ,  0.00 , 2341.99 
 0.00 , 2190.29 , 1492.82 
 0.00 , 924.02 , 621.26 
 0.00 ,  0.00 ,  0.00 
 0.00 ,  0.00 ,  0.00 
 0.00 ,  0.00 ,  0.00 
 0.00 ,  0.00 ,  0.00 
 0.00 ,  0.00 ,  0.00 
 0.00 ,  0.00 ,  0.00 
 0.00 ,  0.00 ,  0.00 
 0.00 ,  0.00 ,  0.00 
 0.00 ,  0.00 ,  0.00 
 0.00 ,  0.00 ,  0.00 
 0.00 ,  0.00 ,  0.00 
 0.00 ,  0.00 ,  0.00 
2628.87 ,  0.00 , 2444.85 
 0.00 ,  0.00 ,  0.00 
 0.00 ,  0.00 ,  0.00 
 0.00 ,  0.00 ,  0.00 
 0.00 ,  0.00 ,  0.00 
 0.00 ,  0.00 ,  0.00 
 0.00 ,  0.00 ,  0.00 
 0.00 ,  0.00 ,  0.00 
 0.00 ,  0.00 ,  0.00 
 0.00 ,  0.00 ,  0.00 
 0.00 , 1690.21 , 1145.79 
 0.00 , 660.21 , 442.65 
 0.00 , 30.88 , 20.57 
 0.00 ,  0.00 ,  0.00 
 0.00 ,  0.00 ,  0.00 
 0.00 ,  0.00 ,  0.00 
 0.00 ,  0.00 ,  0.00 
 0.00 ,  0.00 ,  0.00 
 0.00 ,  0.00 ,  0.00 
 0.00 ,  0.00 ,  0.00 
2529.56 ,  0.00 , 2352.49 
 0.00 ,  0.00 ,  0.00 
 0.00 ,  0.00 ,  0.00 
 0.00 ,  0.00 ,  0.00 
 0.00 ,  0.00 ,  0.00 
 0.00 ,  0.00 ,  0.00 
 0.00 ,  0.00 ,  0.00 
 0.00 ,  0.00 ,  0.00 
 0.00 ,  0.00 ,  0.00 
 0.00 ,  0.00 ,  0.00 
 0.00 ,  0.00 ,  0.00 
 0.00 ,  0.00 ,  0.00 
 0.00 ,  0.00 ,  0.00 
 0.00 ,  0.00 ,  0.00 
 0.00 , 2650.67 , 1815.64 
 0.00 ,  0.00 ,  0.00 
 0.00 ,  0.00 ,  0.00 
 0.00 ,  0.00 ,  0.00 
 0.00 ,  0.00 ,  0.00 
2601.27 ,  0.00 , 2419.18 
 0.00 ,  0.00 ,  0.00 
 0.00 ,  0.00 ,  0.00 
 0.00 ,  0.00 ,  0.00 
 0.00 ,  0.00 ,  0.00 
 0.00 ,  0.00 ,  0.00 
 0.00 ,  0.00 ,  0.00 
 0.00 ,  0.00 ,  0.00 
 0.00 ,  0.00 ,  0.00 
 0.00 ,  0.00 ,  0.00 
 0.00 ,  0.00 ,  0.00 
 0.00 ,  0.00 ,  0.00 
 0.00 ,  0.00 ,  0.00 
 0.00 ,  0.00 ,  0.00 
 0.00 ,  0.00 ,  0.00 
 0.00 ,  0.00 ,  0.00 
 0.00 ,  0.00 ,  0.00 
 0.00 ,  0.00 ,  0.00 
 0.00 ,  0.00 ,  0.00 
 0.00 ,  0.00 ,  0.00 
2512.91 ,  0.00 , 2337.01 
 0.00 ,  0.00 ,  0.00 
 0.00 ,  0.00 ,  0.00 
 0.00 ,  0.00 ,  0.00 
 0.00 ,  0.00 ,  0.00 
 0.00 ,  0.00 ,  0.00 
 0.00 ,  0.00 ,  0.00 
 0.00 ,  0.00 ,  0.00 
 0.00 ,  0.00 ,  0.00 
 0.00 ,  0.00 ,  0.00 
 0.00 ,  0.00 ,  0.00 
 0.00 ,  0.00 ,  0.00 
 0.00 ,  0.00 ,  0.00 
 0.00 ,  0.00 ,  0.00 
 0.00 ,  0.00 ,  0.00 
 0.00 ,  0.00 ,  0.00 
2497.66 ,  0.00 , 2322.82 
 0.00 ,  0.00 ,  0.00 
 0.00 ,  0.00 ,  0.00 
 0.00 ,  0.00 ,  0.00 
 0.00 ,  0.00 ,  0.00 
 0.00 ,  0.00 ,  0.00 
 0.00 ,  0.00 ,  0.00 
 0.00 , 1617.42 , 1095.59 
 0.00 ,  0.00 ,  0.00 
 0.00 ,  0.00 ,  0.00 
 0.00 ,  0.00 ,  0.00 
 0.00 ,  0.00 ,  0.00 
 0.00 ,  0.00 ,  0.00 
 0.00 ,  0.00 ,  0.00 
 0.00 ,  0.00 ,  0.00 
 0.00 ,  0.00 ,  0.00 
 0.00 ,  0.00 ,  0.00 
 0.00 ,  0.00 ,  0.00 
 0.00 ,  0.00 ,  0.00 
2536.32 ,  0.00 , 2358.78 
 0.00 ,  0.00 ,  0.00 
 0.00 ,  0.00 ,  0.00 
 0.00 ,  0.00 ,  0.00 
 0.00 ,  0.00 ,  0.00 
 0.00 ,  0.00 ,  0.00 
 0.00 ,  0.00 ,  0.00 
 0.00 ,  0.00 ,  0.00 
 0.00 ,  0.00 ,  0.00 
 0.00 ,  0.00 ,  0.00 
 0.00 ,  0.00 ,  0.00 
 0.00 ,  0.00 ,  0.00 
 0.00 , 2898.06 , 1990.45 
 0.00 , 1005.93 , 676.93 
 0.00 , 534.64 , 357.98 
 0.00 ,  0.00 ,  0.00 
 0.00 ,  0.00 ,  0.00 
 0.00 ,  0.00 ,  0.00 
 0.00 ,  0.00 ,  0.00 
2528.61 ,  0.00 , 2351.61 
 0.00 ,  0.00 ,  0.00 
 0.00 ,  0.00 ,  0.00 
 0.00 ,  0.00 ,  0.00 
 0.00 ,  0.00 ,  0.00 
 0.00 ,  0.00 ,  0.00 
 0.00 ,  0.00 ,  0.00 
 0.00 ,  0.00 ,  0.00 
 0.00 ,  0.00 ,  0.00 
 0.00 ,  0.00 ,  0.00 
 0.00 ,  0.00 ,  0.00 
 0.00 ,  0.00 ,  0.00 
 0.00 ,  0.00 ,  0.00 
 0.00 ,  0.00 ,  0.00 
 0.00 ,  0.00 ,  0.00 
 0.00 ,  0.00 ,  0.00 
 0.00 ,  0.00 ,  0.00 
 0.00 , 5303.54 , 3740.69 
 0.00 , 115.47 , 76.97 
 0.00 ,  0.00 ,  0.00 
2622.67 ,  0.00 , 2439.08 
 0.00 ,  0.00 ,  0.00 
 0.00 ,  0.00 ,  0.00 
 0.00 ,  0.00 ,  0.00 
 0.00 ,  0.00 ,  0.00 
 0.00 ,  0.00 ,  0.00 
 0.00 ,  0.00 ,  0.00 
 0.00 ,  0.00 ,  0.00 
 0.00 ,  0.00 ,  0.00 
 0.00 ,  0.00 ,  0.00 
 0.00 ,  0.00 ,  0.00 
 0.00 ,  0.00 ,  0.00 
 0.00 ,  0.00 ,  0.00 
 0.00 ,  0.00 ,  0.00 
 0.00 ,  0.00 ,  0.00 
 0.00 ,  0.00 ,  0.00 
 0.00 ,  0.00 ,  0.00 
 0.00 ,  0.00 ,  0.00 
 0.00 ,  0.00 ,  0.00 
 0.00 ,  0.00 ,  0.00 
 0.00 ,  0.00 ,  0.00 
2630.74 , 2148.38 , 3913.88 
 0.00 ,  0.00 ,  0.00 
 0.00 ,  0.00 ,  0.00 
 0.00 ,  0.00 ,  0.00 
 0.00 ,  0.00 ,  0.00 
 0.00 ,  0.00 ,  0.00 
 0.00 , 40.10 , 26.71 
 0.00 , 329.65 , 220.24 
 0.00 ,  0.00 ,  0.00 
 0.00 ,  0.00 ,  0.00 
 0.00 ,  0.00 ,  0.00 
 0.00 ,  0.00 ,  0.00 
 0.00 ,  0.00 ,  0.00 
 0.00 ,  0.00 ,  0.00 
 0.00 ,  0.00 ,  0.00 
2502.56 ,  0.00 , 2327.38 
 0.00 ,  0.00 ,  0.00 
 0.00 ,  0.00 ,  0.00 
 0.00 ,  0.00 ,  0.00 
 0.00 ,  0.00 ,  0.00 
 0.00 ,  0.00 ,  0.00 
 0.00 ,  0.00 ,  0.00 
 0.00 ,  0.00 ,  0.00 
 0.00 ,  0.00 ,  0.00 
 0.00 , 5768.44 , 4089.89 
 0.00 , 1631.13 , 1105.04 
 0.00 , 1587.55 , 1075.01 
 0.00 , 561.16 , 375.84 
 0.00 , 26.55 , 17.68 
 0.00 ,  0.00 ,  0.00 
 0.00 ,  0.00 ,  0.00 
 0.00 ,  0.00 ,  0.00 
 0.00 ,  0.00 ,  0.00 
 0.00 ,  0.00 ,  0.00 
 0.00 ,  0.00 ,  0.00 
2532.15 ,  0.00 , 2354.90 
 0.00 ,  0.00 ,  0.00 
 0.00 ,  0.00 ,  0.00 
 0.00 ,  0.00 ,  0.00 
 0.00 ,  0.00 ,  0.00 
 0.00 ,  0.00 ,  0.00 
 0.00 ,  0.00 ,  0.00 
 0.00 ,  0.00 ,  0.00 
 0.00 ,  0.00 ,  0.00 
 0.00 ,  0.00 ,  0.00 
 0.00 ,  0.00 ,  0.00 
 0.00 ,  0.00 ,  0.00 
 0.00 ,  0.00 ,  0.00 
 0.00 , 5448.41 , 3849.12 
 0.00 , 780.24 , 523.79 
 0.00 , 554.81 , 371.57 
 0.00 ,  0.00 ,  0.00 
 0.00 ,  0.00 ,  0.00 
 0.00 ,  0.00 ,  0.00 
2602.92 ,  0.00 , 2420.71 
 0.00 ,  0.00 ,  0.00 
 0.00 ,  0.00 ,  0.00 
 0.00 ,  0.00 ,  0.00 
 0.00 ,  0.00 ,  0.00 
 0.00 ,  0.00 ,  0.00 
 0.00 ,  0.00 ,  0.00 
 0.00 ,  0.00 ,  0.00 
 0.00 ,  0.00 ,  0.00 
 0.00 ,  0.00 ,  0.00 
 0.00 ,  0.00 ,  0.00 
 0.00 ,  0.00 ,  0.00 
 0.00 ,  0.00 ,  0.00 
 0.00 ,  0.00 ,  0.00 
 0.00 ,  0.00 ,  0.00 
 0.00 ,  0.00 ,  0.00 
 0.00 ,  0.00 ,  0.00 
 0.00 , 645.25 , 432.55 
 0.00 , 6282.13 , 4480.00 
 0.00 , 1861.62 , 1264.31 
2569.02 , 895.80 , 2991.91 
 0.00 ,  0.00 ,  0.00 
 0.00 ,  0.00 ,  0.00 
 0.00 ,  0.00 ,  0.00 
 0.00 ,  0.00 ,  0.00 
 0.00 ,  0.00 ,  0.00 
 0.00 ,  0.00 ,  0.00 
 0.00 ,  0.00 ,  0.00 
 0.00 ,  0.00 ,  0.00 
 0.00 ,  0.00 ,  0.00 
 0.00 ,  0.00 ,  0.00 
 0.00 ,  0.00 ,  0.00 
 0.00 ,  0.00 ,  0.00 
 0.00 ,  0.00 ,  0.00 
 0.00 ,  0.00 ,  0.00 
 0.00 ,  0.00 ,  0.00 
 0.00 ,  0.00 ,  0.00 
 0.00 ,  0.00 ,  0.00 
 0.00 ,  0.00 ,  0.00 
 0.00 ,  0.00 ,  0.00 
 0.00 ,  0.00 ,  0.00 
2518.27 , 672.60 , 2793.34 
 0.00 , 6282.13 , 4480.00 
 0.00 , 721.67 , 484.17 
 0.00 , 83.28 , 55.50 
 0.00 ,  0.00 ,  0.00 
 0.00 ,  0.00 ,  0.00 
 0.00 ,  0.00 ,  0.00 
 0.00 ,  0.00 ,  0.00 
 0.00 ,  0.00 ,  0.00 
 0.00 ,  0.00 ,  0.00 
 0.00 ,  0.00 ,  0.00 
 0.00 ,  0.00 ,  0.00 
 0.00 ,  0.00 ,  0.00 
 0.00 ,  0.00 ,  0.00 
 0.00 ,  0.00 ,  0.00 
2628.87 ,  0.00 , 2444.85 
 0.00 ,  0.00 ,  0.00 
 0.00 ,  0.00 ,  0.00 
 0.00 ,  0.00 ,  0.00 
 0.00 ,  0.00 ,  0.00 
 0.00 ,  0.00 ,  0.00 
 0.00 ,  0.00 ,  0.00 
 0.00 ,  0.00 ,  0.00 
 0.00 ,  0.00 ,  0.00 
 0.00 , 118.07 , 78.71 
 0.00 , 6153.68 , 4382.03 
 0.00 , 1939.30 , 1318.18 
 0.00 , 770.46 , 517.17 
 0.00 , 1156.05 , 779.20 
 0.00 , 1182.40 , 797.19 
 0.00 , 695.93 , 466.77 
 0.00 , 377.26 , 252.18 
 0.00 , 448.02 , 299.71 
 0.00 , 839.34 , 563.82 
 0.00 , 732.80 , 491.70 
2529.56 , 524.72 , 2703.99 
 0.00 , 485.51 , 324.91 
 0.00 , 374.00 , 249.99 
 0.00 , 691.44 , 463.74 
 0.00 , 860.83 , 578.39 
 0.00 , 979.60 , 659.03 
 0.00 ,  0.00 ,  0.00 
 0.00 ,  0.00 ,  0.00 
 0.00 ,  0.00 ,  0.00 
 0.00 ,  0.00 ,  0.00 
 0.00 ,  0.00 ,  0.00 
 0.00 , 211.28 , 140.98 
 0.00 , 821.20 , 551.53 
 0.00 , 1019.35 , 686.06 
 0.00 , 6282.13 , 4480.00 
 0.00 , 2337.73 , 1595.86 
 0.00 , 1728.17 , 1172.00 
 0.00 , 1148.06 , 773.75 
 0.00 , 356.19 , 238.04 
2601.27 , 567.17 , 2799.32 
 0.00 , 480.76 , 321.72 
 0.00 ,  2.92 ,  1.94 
 0.00 ,  0.00 ,  0.00 
 0.00 ,  0.00 ,  0.00 
 0.00 ,  0.00 ,  0.00 
 0.00 ,  0.00 ,  0.00 
 0.00 , 57.28 , 38.16 
 0.00 , 673.72 , 451.77 
 0.00 , 892.29 , 599.73 
 0.00 , 976.01 , 656.59 
 0.00 ,  0.00 ,  0.00 
 0.00 ,  0.00 ,  0.00 
 0.00 ,  0.00 ,  0.00 
 0.00 ,  0.00 ,  0.00 
 0.00 ,  0.00 ,  0.00 
 0.00 , 556.87 , 372.95 
 0.00 , 902.43 , 606.61 
 0.00 , 1096.87 , 738.84 
 0.00 , 6282.13 , 4480.00 
2512.91 , 1969.98 , 3679.43 
 0.00 , 935.81 , 629.27 
 0.00 , 577.52 , 386.87 
 0.00 ,  0.00 ,  0.00 
 0.00 ,  0.00 ,  0.00 
 0.00 ,  0.00 ,  0.00 
 0.00 ,  0.00 ,  0.00 
 0.00 ,  0.00 ,  0.00 
 0.00 ,  0.00 ,  0.00 
 0.00 ,  0.00 ,  0.00 
 0.00 ,  0.00 ,  0.00 
 0.00 ,  0.00 ,  0.00 
 0.00 ,  0.00 ,  0.00 
 0.00 ,  0.00 ,  0.00 
 0.00 ,  0.00 ,  0.00 
 0.00 ,  0.00 ,  0.00 
2497.66 ,  0.00 , 2322.82 
 0.00 ,  0.00 ,  0.00 
 0.00 ,  0.00 ,  0.00 
 0.00 ,  0.00 ,  0.00 
 0.00 ,  0.00 ,  0.00 
 0.00 ,  0.00 ,  0.00 
 0.00 , 505.39 , 338.29 
 0.00 , 6282.13 , 4480.00 
 0.00 , 1355.29 , 915.45 
 0.00 , 149.47 , 99.67 
 0.00 ,  0.00 ,  0.00 
 0.00 ,  0.00 ,  0.00 
 0.00 ,  0.00 ,  0.00 
 0.00 ,  0.00 ,  0.00 
 0.00 ,  0.00 ,  0.00 
 0.00 ,  0.00 ,  0.00 
 0.00 ,  0.00 ,  0.00 
 0.00 ,  0.00 ,  0.00 
 0.00 ,  0.00 ,  0.00 
2536.32 ,  0.00 , 2358.78 
 0.00 ,  0.00 ,  0.00 
 0.00 ,  0.00 ,  0.00 
 0.00 ,  0.00 ,  0.00 
 0.00 ,  0.00 ,  0.00 
 0.00 ,  0.00 ,  0.00 
 0.00 ,  0.00 ,  0.00 
 0.00 ,  0.00 ,  0.00 
 0.00 ,  0.00 ,  0.00 
 0.00 ,  0.00 ,  0.00 
 0.00 ,  0.00 ,  0.00 
 0.00 ,  0.00 ,  0.00 
 0.00 , 5877.66 , 4172.46 
 0.00 , 1987.74 , 1351.81 
 0.00 , 948.76 , 638.07 
 0.00 ,  0.00 ,  0.00 
 0.00 ,  0.00 ,  0.00 
 0.00 ,  0.00 ,  0.00 
 0.00 ,  0.00 ,  0.00 
2528.61 ,  0.00 , 2351.61 
 0.00 ,  0.00 ,  0.00 
 0.00 ,  0.00 ,  0.00 
 0.00 ,  0.00 ,  0.00 
 0.00 ,  0.00 ,  0.00 
 0.00 ,  0.00 ,  0.00 
 0.00 ,  0.00 ,  0.00 
 0.00 ,  0.00 ,  0.00 
 0.00 ,  0.00 ,  0.00 
 0.00 ,  0.00 ,  0.00 
 0.00 ,  0.00 ,  0.00 
 0.00 ,  0.00 ,  0.00 
 0.00 ,  0.00 ,  0.00 
 0.00 ,  0.00 ,  0.00 
 0.00 ,  0.00 ,  0.00 
 0.00 ,  0.00 ,  0.00 
 0.00 ,  0.00 ,  0.00 
 0.00 , 4957.47 , 3483.11 
 0.00 , 1727.49 , 1171.53 
 0.00 , 1390.28 , 939.43 
2622.67 , 106.11 , 2509.82 
 0.00 , 169.41 , 112.99 
 0.00 , 463.13 , 309.86 
 0.00 ,  0.00 ,  0.00 
 0.00 ,  0.00 ,  0.00 
 0.00 ,  0.00 ,  0.00 
 0.00 ,  0.00 ,  0.00 
 0.00 ,  0.00 ,  0.00 
 0.00 ,  0.00 ,  0.00 
 0.00 ,  0.00 ,  0.00 
 0.00 ,  0.00 ,  0.00 
 0.00 , 149.20 , 99.49 
 0.00 , 468.94 , 313.77 
 0.00 ,  0.00 ,  0.00 
 0.00 ,  0.00 ,  0.00 
 0.00 ,  0.00 ,  0.00 
 0.00 ,  0.00 ,  0.00 
 0.00 ,  0.00 ,  0.00 
 0.00 ,  0.00 ,  0.00 
 0.00 ,  0.00 ,  0.00 
 0.00 ,  0.00 ,  0.00 
2630.74 , 5424.74 , 6303.42 
 0.00 , 1387.03 , 937.21 
 0.00 , 1140.91 , 768.87 
 0.00 , 1013.91 , 682.36 
 0.00 , 298.96 , 199.68 
 0.00 ,  0.00 ,  0.00 
 0.00 ,  0.00 ,  0.00 
 0.00 ,  0.00 ,  0.00 
 0.00 ,  0.00 ,  0.00 
 0.00 , 263.65 , 176.02 
 0.00 , 581.64 , 389.64 
 0.00 , 652.53 , 437.46 
 0.00 , 513.60 , 343.81 
 0.00 , 663.45 , 444.83 
 0.00 , 777.24 , 521.76 
2502.56 , 783.38 , 2853.76 
 0.00 ,  0.00 ,  0.00 
 0.00 ,  0.00 ,  0.00 
 0.00 ,  0.00 ,  0.00 
 0.00 ,  0.00 ,  0.00 
 0.00 ,  0.00 ,  0.00 
 0.00 ,  0.00 ,  0.00 
 0.00 ,  0.00 ,  0.00 
 0.00 ,  0.00 ,  0.00 
 0.00 , 5849.99 , 4151.52 
 0.00 , 1760.39 , 1194.26 
 0.00 , 500.90 , 335.27 
 0.00 , 612.36 , 410.36 
 0.00 , 631.14 , 423.02 
 0.00 , 409.34 , 273.72 
 0.00 ,  0.00 ,  0.00 
 0.00 ,  0.00 ,  0.00 
 0.00 ,  0.00 ,  0.00 
 0.00 ,  0.00 ,  0.00 
 0.00 ,  0.00 ,  0.00 
2532.15 ,  0.00 , 2354.90 
 0.00 ,  0.00 ,  0.00 
 0.00 , 328.07 , 219.19 
 0.00 , 496.72 , 332.45 
 0.00 , 632.67 , 424.06 
 0.00 ,  0.00 ,  0.00 
 0.00 ,  0.00 ,  0.00 
 0.00 ,  0.00 ,  0.00 
 0.00 ,  0.00 ,  0.00 
 0.00 ,  0.00 ,  0.00 
 0.00 ,  0.00 ,  0.00 
 0.00 ,  0.00 ,  0.00 
 0.00 , 679.15 , 455.44 
 0.00 , 6282.13 , 4480.00 
 0.00 , 1663.35 , 1127.25 
 0.00 , 1607.97 , 1089.08 
 0.00 , 1247.69 , 841.79 
 0.00 , 592.76 , 397.14 
 0.00 , 198.60 , 132.50 
2602.92 , 38.40 , 2446.29 
 0.00 ,  0.00 ,  0.00 
 0.00 ,  0.00 ,  0.00 
 0.00 ,  0.00 ,  0.00 
 0.00 ,  0.00 ,  0.00 
 0.00 ,  0.00 ,  0.00 
 0.00 ,  0.00 ,  0.00 
 0.00 ,  0.00 ,  0.00 
 0.00 ,  0.00 ,  0.00 
 0.00 ,  0.00 ,  0.00 
 0.00 ,  0.00 ,  0.00 
 0.00 ,  0.00 ,  0.00 
 0.00 ,  0.00 ,  0.00 
 0.00 ,  0.00 ,  0.00 
 0.00 ,  0.00 ,  0.00 
 0.00 ,  0.00 ,  0.00 
 0.00 , 13.11 ,  8.73 
 0.00 , 956.72 , 643.48 
 0.00 , 6282.13 , 4480.00 
 0.00 , 2048.69 , 1394.17 
2569.02 , 1590.62 , 3468.26 
 0.00 , 1210.77 , 816.56 
 0.00 , 738.73 , 495.71 
 0.00 , 356.52 , 238.26 
 0.00 , 350.17 , 234.01 
 0.00 , 419.07 , 280.25 
 0.00 , 110.79 , 73.85 
 0.00 ,  0.00 ,  0.00 
 0.00 ,  0.00 ,  0.00 
 0.00 , 434.73 , 290.77 
 0.00 , 706.78 , 474.11 
 0.00 , 964.65 , 648.87 
 0.00 , 1136.66 , 765.97 
 0.00 , 1275.15 , 860.58 
 0.00 ,  0.00 ,  0.00 
 0.00 ,  0.00 ,  0.00 
 0.00 ,  0.00 ,  0.00 
 0.00 ,  0.00 ,  0.00 
 0.00 , 529.41 , 354.46 
 0.00 , 961.15 , 646.49 
 0.00 , 1105.12 , 744.47 
2518.27 , 1235.11 , 3176.32 
 0.00 , 6282.13 , 4480.00 
 0.00 , 2156.52 , 1469.27 
 0.00 , 1616.84 , 1095.19 
 0.00 , 1454.33 , 983.39 
 0.00 , 1182.22 , 797.07 
 0.00 , 1120.09 , 754.67 
 0.00 , 752.78 , 505.21 
 0.00 , 156.82 , 104.58 
 0.00 , 420.97 , 281.53 
 0.00 , 469.95 , 314.45 
 0.00 , 778.78 , 522.80 
 0.00 , 870.47 , 584.93 
 0.00 , 963.20 , 647.88 
 0.00 , 1288.27 , 869.55 
2628.87 , 1445.18 , 3423.60 
 0.00 , 1517.78 , 1026.99 
 0.00 ,  0.00 ,  0.00 
 0.00 ,  0.00 ,  0.00 
 0.00 ,  0.00 ,  0.00 
 0.00 ,  0.00 ,  0.00 
 0.00 , 597.17 , 400.12 
 0.00 , 876.69 , 589.14 
 0.00 , 954.56 , 642.01 
 0.00 , 1019.03 , 685.84 
 0.00 , 6282.13 , 4480.00 
 0.00 , 824.70 , 553.90 
 0.00 , 55.30 , 36.84 
 0.00 ,  0.00 ,  0.00 
 0.00 ,  0.00 ,  0.00 
 0.00 ,  0.00 ,  0.00 
 0.00 ,  0.00 ,  0.00 
 0.00 ,  0.00 ,  0.00 
 0.00 ,  0.00 ,  0.00 
 0.00 ,  0.00 ,  0.00 
 0.00 ,  0.00 ,  0.00 
2609.54 ,  0.00 , 2426.87 
 0.00 ,  0.00 ,  0.00 
 0.00 ,  0.00 ,  0.00 
 0.00 ,  0.00 ,  0.00 
 0.00 ,  0.00 ,  0.00 
 0.00 ,  0.00 ,  0.00 
 0.00 ,  0.00 ,  0.00 
 0.00 ,  0.00 ,  0.00 
 0.00 ,  0.00 ,  0.00 
 0.00 ,  0.00 ,  0.00 
 0.00 ,  0.00 ,  0.00 
 0.00 ,  0.00 ,  0.00 
 0.00 ,  0.00 ,  0.00 
 0.00 , 5695.60 , 4034.94 
 0.00 , 884.03 , 594.13 
 0.00 ,  0.00 ,  0.00 
 0.00 ,  0.00 ,  0.00 
 0.00 ,  0.00 ,  0.00 
 0.00 ,  0.00 ,  0.00 
2521.96 ,  0.00 , 2345.42 
 0.00 ,  0.00 ,  0.00 
 0.00 ,  0.00 ,  0.00 
 0.00 ,  0.00 ,  0.00 
 0.00 ,  0.00 ,  0.00 
 0.00 ,  0.00 ,  0.00 
 0.00 ,  0.00 ,  0.00 
 0.00 ,  0.00 ,  0.00 
 0.00 ,  0.00 ,  0.00 
 0.00 ,  0.00 ,  0.00 
 0.00 ,  0.00 ,  0.00 
 0.00 ,  0.00 ,  0.00 
 0.00 ,  0.00 ,  0.00 
 0.00 ,  0.00 ,  0.00 
 0.00 ,  0.00 ,  0.00 
 0.00 ,  0.00 ,  0.00 
 0.00 ,  0.00 ,  0.00 
 0.00 ,  0.00 ,  0.00 
 0.00 , 3498.03 , 2418.35 
 0.00 , 794.15 , 533.21 
 0.00 , 291.92 , 194.96 
2663.32 ,  0.00 , 2476.89 
 0.00 ,  0.00 ,  0.00 
 0.00 ,  0.00 ,  0.00 
 0.00 ,  0.00 ,  0.00 
 0.00 ,  0.00 ,  0.00 
 0.00 ,  0.00 ,  0.00 
 0.00 ,  0.00 ,  0.00 
 0.00 ,  0.00 ,  0.00 
 0.00 ,  0.00 ,  0.00 
 0.00 ,  0.00 ,  0.00 
 0.00 ,  0.00 ,  0.00 
 0.00 ,  0.00 ,  0.00 
 0.00 ,  0.00 ,  0.00 
 0.00 ,  0.00 ,  0.00 
 0.00 ,  0.00 ,  0.00 
 0.00 ,  0.00 ,  0.00 
 0.00 ,  0.00 ,  0.00 
 0.00 ,  0.00 ,  0.00 
 0.00 ,  0.00 ,  0.00 
 0.00 ,  0.00 ,  0.00 
 0.00 ,  0.00 ,  0.00 
2550.83 , 3888.33 , 5084.20 
 0.00 ,  0.00 ,  0.00 
 0.00 ,  0.00 ,  0.00 
 0.00 ,  0.00 ,  0.00 
 0.00 ,  0.00 ,  0.00 
 0.00 ,  0.00 ,  0.00 
 0.00 ,  0.00 ,  0.00 
 0.00 ,  0.00 ,  0.00 
 0.00 ,  0.00 ,  0.00 
 0.00 ,  0.00 ,  0.00 
 0.00 ,  0.00 ,  0.00 
 0.00 ,  0.00 ,  0.00 
 0.00 ,  0.00 ,  0.00 
 0.00 ,  0.00 ,  0.00 
 0.00 ,  0.00 ,  0.00 
 0.00 ,  0.00 ,  0.00 
2568.71 ,  0.00 , 2388.90 
 0.00 ,  0.00 ,  0.00 
 0.00 ,  0.00 ,  0.00 
 0.00 ,  0.00 ,  0.00 
 0.00 ,  0.00 ,  0.00 
 0.00 ,  0.00 ,  0.00 
 0.00 ,  0.00 ,  0.00 
 0.00 ,  0.00 ,  0.00 
 0.00 , 1511.10 , 1022.40 
 0.00 ,  0.00 ,  0.00 
 0.00 ,  0.00 ,  0.00 
 0.00 ,  0.00 ,  0.00 
 0.00 ,  0.00 ,  0.00 
 0.00 ,  0.00 ,  0.00 
 0.00 ,  0.00 ,  0.00 
 0.00 ,  0.00 ,  0.00 
 0.00 ,  0.00 ,  0.00 
 0.00 ,  0.00 ,  0.00 
 0.00 ,  0.00 ,  0.00 
 0.00 ,  0.00 ,  0.00 
2508.87 ,  0.00 , 2333.25 
 0.00 ,  0.00 ,  0.00 
 0.00 ,  0.00 ,  0.00 
 0.00 ,  0.00 ,  0.00 
 0.00 ,  0.00 ,  0.00 
 0.00 ,  0.00 ,  0.00 
 0.00 ,  0.00 ,  0.00 
 0.00 ,  0.00 ,  0.00 
 0.00 ,  0.00 ,  0.00 
 0.00 ,  0.00 ,  0.00 
 0.00 ,  0.00 ,  0.00 
 0.00 ,  0.00 ,  0.00 
 0.00 , 1363.45 , 921.04 
 0.00 , 95.50 , 63.64 
 0.00 ,  0.00 ,  0.00 
 0.00 ,  0.00 ,  0.00 
 0.00 ,  0.00 ,  0.00 
 0.00 ,  0.00 ,  0.00 
 0.00 ,  0.00 ,  0.00 
 0.00 ,  0.00 ,  0.00 
2546.59 ,  0.00 , 2368.33 
 0.00 ,  0.00 ,  0.00 
 0.00 ,  0.00 ,  0.00 
 0.00 ,  0.00 ,  0.00 
 0.00 ,  0.00 ,  0.00 
 0.00 ,  0.00 ,  0.00 
 0.00 ,  0.00 ,  0.00 
 0.00 ,  0.00 ,  0.00 
 0.00 ,  0.00 ,  0.00 
 0.00 ,  0.00 ,  0.00 
 0.00 ,  0.00 ,  0.00 
 0.00 ,  0.00 ,  0.00 
 0.00 ,  0.00 ,  0.00 
 0.00 ,  0.00 ,  0.00 
 0.00 ,  0.00 ,  0.00 
 0.00 ,  0.00 ,  0.00 
 0.00 , 702.26 , 471.05 
 0.00 , 598.99 , 401.34 
 0.00 , 60.46 , 40.28 
 0.00 ,  0.00 ,  0.00 
2616.88 ,  0.00 , 2433.70 
 0.00 ,  0.00 ,  0.00 
 0.00 ,  0.00 ,  0.00 
 0.00 ,  0.00 ,  0.00 
 0.00 ,  0.00 ,  0.00 
 0.00 ,  0.00 ,  0.00 
 0.00 ,  0.00 ,  0.00 
 0.00 ,  0.00 ,  0.00 
 0.00 ,  0.00 ,  0.00 
 0.00 ,  0.00 ,  0.00 
 0.00 ,  0.00 ,  0.00 
 0.00 ,  0.00 ,  0.00 
 0.00 ,  0.00 ,  0.00 
 0.00 ,  0.00 ,  0.00 
 0.00 ,  0.00 ,  0.00 
 0.00 ,  0.00 ,  0.00 
 0.00 ,  0.00 ,  0.00 
 0.00 ,  0.00 ,  0.00 
 0.00 ,  0.00 ,  0.00 
 0.00 ,  0.00 ,  0.00 
 0.00 , 3492.19 , 2414.15 
2581.41 ,  0.00 , 2400.71 
 0.00 ,  0.00 ,  0.00 
 0.00 ,  0.00 ,  0.00 
 0.00 ,  0.00 ,  0.00 
 0.00 ,  0.00 ,  0.00 
 0.00 ,  0.00 ,  0.00 
 0.00 ,  0.00 ,  0.00 
 0.00 ,  0.00 ,  0.00 
 0.00 ,  0.00 ,  0.00 
 0.00 ,  0.00 ,  0.00 
 0.00 ,  0.00 ,  0.00 
 0.00 ,  0.00 ,  0.00 
 0.00 ,  0.00 ,  0.00 
 0.00 ,  0.00 ,  0.00 
 0.00 ,  0.00 ,  0.00 
 0.00 ,  0.00 ,  0.00 
 0.00 ,  0.00 ,  0.00 
 0.00 ,  0.00 ,  0.00 
 0.00 ,  0.00 ,  0.00 
 0.00 ,  0.00 ,  0.00 
 0.00 ,  0.00 ,  0.00 
2538.24 ,  0.00 , 2360.56 
 0.00 ,  0.00 ,  0.00 
 0.00 , 3716.47 , 2575.54 
 0.00 ,  0.00 ,  0.00 
 0.00 ,  0.00 ,  0.00 
 0.00 ,  0.00 ,  0.00 
 0.00 ,  0.00 ,  0.00 
 0.00 ,  0.00 ,  0.00 
 0.00 ,  0.00 ,  0.00 
 0.00 ,  0.00 ,  0.00 
 0.00 ,  0.00 ,  0.00 
 0.00 ,  0.00 ,  0.00 
 0.00 ,  0.00 ,  0.00 
 0.00 ,  0.00 ,  0.00 
 0.00 ,  0.00 ,  0.00 
 0.00 ,  0.00 ,  0.00 
2642.46 ,  0.00 , 2457.49 
 0.00 ,  0.00 ,  0.00 
 0.00 ,  0.00 ,  0.00 
 0.00 ,  0.00 ,  0.00 
 0.00 ,  0.00 ,  0.00 
 0.00 ,  0.00 ,  0.00 
 0.00 ,  0.00 ,  0.00 
 0.00 ,  0.00 ,  0.00 
 0.00 ,  0.00 ,  0.00 
 0.00 ,  0.00 ,  0.00 
 0.00 , 4232.96 , 2950.24 
 0.00 , 1013.95 , 682.39 
 0.00 ,  0.00 ,  0.00 
 0.00 ,  0.00 ,  0.00 
 0.00 , 83.79 , 55.84 
 0.00 , 789.76 , 530.24 
 0.00 , 368.64 , 246.39 
 0.00 ,  0.00 ,  0.00 
 0.00 ,  0.00 ,  0.00 
 0.00 ,  0.00 ,  0.00 
 0.00 ,  0.00 ,  0.00 
2599.90 ,  0.00 , 2417.91 
 0.00 ,  0.00 ,  0.00 
 0.00 , 204.71 , 136.59 
 0.00 , 582.16 , 390.00 
 0.00 , 625.15 , 418.99 
 0.00 ,  0.00 ,  0.00 
 0.00 ,  0.00 ,  0.00 
 0.00 ,  0.00 ,  0.00 
 0.00 ,  0.00 ,  0.00 
 0.00 ,  0.00 ,  0.00 
 0.00 ,  0.00 ,  0.00 
 0.00 ,  0.00 ,  0.00 
 0.00 ,  0.00 ,  0.00 
 0.00 , 5512.08 , 3896.89 
 0.00 , 1465.85 , 991.30 
 0.00 , 543.46 , 363.92 
 0.00 ,  0.00 ,  0.00 
 0.00 ,  0.00 ,  0.00 
 0.00 ,  0.00 ,  0.00 
2521.96 ,  0.00 , 2345.42 
 0.00 ,  0.00 ,  0.00 
 0.00 ,  0.00 ,  0.00 
 0.00 ,  0.00 ,  0.00 
 0.00 ,  0.00 ,  0.00 
 0.00 ,  0.00 ,  0.00 
 0.00 ,  0.00 ,  0.00 
 0.00 ,  0.00 ,  0.00 
 0.00 ,  0.00 ,  0.00 
 0.00 ,  0.00 ,  0.00 
 0.00 ,  0.00 ,  0.00 
 0.00 ,  0.00 ,  0.00 
 0.00 ,  0.00 ,  0.00 
 0.00 ,  0.00 ,  0.00 
 0.00 ,  0.00 ,  0.00 
 0.00 ,  0.00 ,  0.00 
 0.00 ,  0.00 ,  0.00 
 0.00 ,  0.00 ,  0.00 
 0.00 , 5782.10 , 4100.20 
 0.00 , 1869.42 , 1269.72 
 0.00 , 1650.73 , 1118.55 
2663.32 , 1353.25 , 3392.39 
 0.00 , 1027.61 , 691.68 
 0.00 , 1148.42 , 773.99 
 0.00 , 909.76 , 611.58 
 0.00 , 534.42 , 357.83 
 0.00 , 557.76 , 373.55 
 0.00 , 819.94 , 550.68 
 0.00 , 847.02 , 569.03 
 0.00 , 925.94 , 622.57 
 0.00 , 785.40 , 527.28 
 0.00 , 892.19 , 599.66 
 0.00 , 1037.89 , 698.67 
 0.00 , 1111.69 , 748.95 
 0.00 ,  0.00 ,  0.00 
 0.00 ,  0.00 ,  0.00 
 0.00 ,  0.00 ,  0.00 
 0.00 ,  0.00 ,  0.00 
 0.00 ,  0.00 ,  0.00 
 0.00 ,  0.00 ,  0.00 
 0.00 , 514.49 , 344.41 
 0.00 , 611.05 , 409.47 
2550.83 , 6007.98 , 6674.09 
 0.00 , 1130.19 , 761.56 
 0.00 , 1330.51 , 898.47 
 0.00 , 1068.81 , 719.73 
 0.00 ,  0.00 ,  0.00 
 0.00 ,  0.00 ,  0.00 
 0.00 ,  0.00 ,  0.00 
 0.00 ,  0.00 ,  0.00 
 0.00 ,  0.00 ,  0.00 
 0.00 ,  0.00 ,  0.00 
 0.00 ,  0.00 ,  0.00 
 0.00 ,  0.00 ,  0.00 
 0.00 ,  0.00 ,  0.00 
 0.00 , 23.73 , 15.80 
 0.00 , 498.84 , 333.88 
 0.00 , 603.35 , 404.28 
2568.71 ,  0.00 , 2388.90 
 0.00 ,  0.00 ,  0.00 
 0.00 ,  0.00 ,  0.00 
 0.00 ,  0.00 ,  0.00 
 0.00 ,  0.00 ,  0.00 
 0.00 ,  0.00 ,  0.00 
 0.00 ,  0.00 ,  0.00 
 0.00 , 130.18 , 86.79 
 0.00 , 6172.26 , 4396.18 
 0.00 , 1663.96 , 1127.67 
 0.00 , 829.21 , 556.96 
 0.00 , 824.46 , 553.74 
 0.00 , 695.15 , 466.25 
 0.00 , 414.67 , 277.29 
 0.00 , 249.54 , 166.58 
 0.00 , 472.67 , 316.27 
 0.00 , 614.73 , 411.96 
 0.00 , 313.35 , 209.32 
 0.00 , 813.52 , 546.33 
 0.00 , 1021.05 , 687.22 
2508.87 , 797.29 , 2869.05 
 0.00 , 918.79 , 617.72 
 0.00 , 1052.30 , 708.49 
 0.00 , 1110.78 , 748.33 
 0.00 ,  0.00 ,  0.00 
 0.00 ,  0.00 ,  0.00 
 0.00 ,  0.00 ,  0.00 
 0.00 ,  0.00 ,  0.00 
 0.00 ,  0.00 ,  0.00 
 0.00 ,  0.00 ,  0.00 
 0.00 , 291.31 , 194.55 
 0.00 , 566.29 , 379.30 
 0.00 , 6076.56 , 4323.34 
 0.00 ,  0.00 ,  0.00 
 0.00 ,  0.00 ,  0.00 
 0.00 ,  0.00 ,  0.00 
 0.00 ,  0.00 ,  0.00 
 0.00 ,  0.00 ,  0.00 
 0.00 ,  0.00 ,  0.00 
 0.00 ,  0.00 ,  0.00 
2546.59 ,  0.00 , 2368.33 
 0.00 ,  0.00 ,  0.00 
 0.00 ,  0.00 ,  0.00 
 0.00 ,  0.00 ,  0.00 
 0.00 ,  0.00 ,  0.00 
 0.00 ,  0.00 ,  0.00 
 0.00 ,  0.00 ,  0.00 
 0.00 ,  0.00 ,  0.00 
 0.00 ,  0.00 ,  0.00 
 0.00 ,  0.00 ,  0.00 
 0.00 ,  0.00 ,  0.00 
 0.00 ,  0.00 ,  0.00 
 0.00 ,  0.00 ,  0.00 
 0.00 ,  0.00 ,  0.00 
 0.00 ,  0.00 ,  0.00 
 0.00 ,  0.00 ,  0.00 
 0.00 , 2438.39 , 1666.39 
 0.00 , 1025.46 , 690.22 
 0.00 , 873.01 , 586.65 
 0.00 , 730.81 , 490.35 
2616.88 , 570.07 , 2815.79 
 0.00 , 454.03 , 303.75 
 0.00 , 135.29 , 90.20 
 0.00 ,  0.00 ,  0.00 
 0.00 ,  0.00 ,  0.00 
 0.00 ,  0.00 ,  0.00 
 0.00 , 111.55 , 74.36 
 0.00 ,  0.00 ,  0.00 
 0.00 ,  0.00 ,  0.00 
 0.00 ,  0.00 ,  0.00 
 0.00 , 216.35 , 144.37 
 0.00 , 336.95 , 225.14 
 0.00 ,  0.00 ,  0.00 
 0.00 ,  0.00 ,  0.00 
 0.00 ,  0.00 ,  0.00 
 0.00 ,  0.00 ,  0.00 
 0.00 ,  0.00 ,  0.00 
 0.00 ,  0.00 ,  0.00 
 0.00 ,  0.00 ,  0.00 
 0.00 ,  0.00 ,  0.00 
 0.00 , 4531.03 , 3168.43 
2581.41 , 1159.77 , 3183.49 
 0.00 , 735.19 , 493.31 
 0.00 , 619.29 , 415.03 
 0.00 , 571.87 , 383.06 
 0.00 , 252.38 , 168.48 
 0.00 ,  0.00 ,  0.00 
 0.00 ,  0.00 ,  0.00 
 0.00 ,  0.00 ,  0.00 
 0.00 ,  0.00 ,  0.00 
 0.00 , 123.09 , 82.06 
 0.00 , 515.68 , 345.22 
 0.00 , 416.08 , 278.24 
 0.00 , 467.80 , 313.01 
 0.00 , 568.38 , 380.71 
 0.00 , 629.12 , 421.67 
 0.00 ,  0.00 ,  0.00 
 0.00 ,  0.00 ,  0.00 
 0.00 ,  0.00 ,  0.00 
 0.00 ,  0.00 ,  0.00 
 0.00 ,  0.00 ,  0.00 
 0.00 ,  0.00 ,  0.00 
2538.24 ,  0.00 , 2360.56 
 0.00 , 216.06 , 144.18 
 0.00 , 6204.44 , 4420.71 
 0.00 , 1658.29 , 1123.77 
 0.00 , 949.46 , 638.55 
 0.00 , 708.42 , 475.22 
 0.00 ,  0.00 ,  0.00 
 0.00 ,  0.00 ,  0.00 
 0.00 ,  0.00 ,  0.00 
 0.00 ,  0.00 ,  0.00 
 0.00 ,  0.00 ,  0.00 
 0.00 ,  0.00 ,  0.00 
 0.00 ,  0.00 ,  0.00 
 0.00 ,  0.00 ,  0.00 
 0.00 ,  0.00 ,  0.00 
 0.00 ,  0.00 ,  0.00 
2642.46 ,  0.00 , 2457.49 
 0.00 ,  0.00 ,  0.00 
 0.00 ,  0.00 ,  0.00 
 0.00 ,  0.00 ,  0.00 
 0.00 ,  0.00 ,  0.00 
 0.00 ,  0.00 ,  0.00 
 0.00 ,  0.00 ,  0.00 
 0.00 ,  0.00 ,  0.00 
 0.00 ,  0.00 ,  0.00 
 0.00 ,  0.00 ,  0.00 
 0.00 , 4811.01 , 3374.70 
 0.00 ,  0.00 ,  0.00 
 0.00 ,  0.00 ,  0.00 
 0.00 ,  0.00 ,  0.00 
 0.00 ,  0.00 ,  0.00 
 0.00 ,  0.00 ,  0.00 
 0.00 ,  0.00 ,  0.00 
 0.00 ,  0.00 ,  0.00 
 0.00 ,  0.00 ,  0.00 
 0.00 ,  0.00 ,  0.00 
 0.00 ,  0.00 ,  0.00 
2599.90 ,  0.00 , 2417.91 
 0.00 ,  0.00 ,  0.00 
 0.00 ,  0.00 ,  0.00 
 0.00 ,  0.00 ,  0.00 
 0.00 ,  0.00 ,  0.00 
 0.00 ,  0.00 ,  0.00 
 0.00 ,  0.00 ,  0.00 
 0.00 ,  0.00 ,  0.00 
 0.00 ,  0.00 ,  0.00 
 0.00 ,  0.00 ,  0.00 
 0.00 ,  0.00 ,  0.00 
 0.00 ,  0.00 ,  0.00 
 0.00 ,  0.00 ,  0.00 
 0.00 ,  0.00 ,  0.00 
 0.00 ,  0.00 ,  0.00 
 0.00 ,  0.00 ,  0.00 
 0.00 ,  0.00 ,  0.00 
 0.00 ,  0.00 ,  0.00 
 0.00 ,  0.00 ,  0.00 
2521.96 ,  0.00 , 2345.42 
 0.00 ,  0.00 ,  0.00 
 0.00 ,  0.00 ,  0.00 
 0.00 ,  0.00 ,  0.00 
 0.00 ,  0.00 ,  0.00 
 0.00 ,  0.00 ,  0.00 
 0.00 ,  0.00 ,  0.00 
 0.00 ,  0.00 ,  0.00 
 0.00 ,  0.00 ,  0.00 
 0.00 ,  0.00 ,  0.00 
 0.00 ,  0.00 ,  0.00 
 0.00 ,  0.00 ,  0.00 
 0.00 ,  0.00 ,  0.00 
 0.00 ,  0.00 ,  0.00 
 0.00 ,  0.00 ,  0.00 
 0.00 ,  0.00 ,  0.00 
 0.00 ,  0.00 ,  0.00 
 0.00 ,  0.00 ,  0.00 
 0.00 ,  0.00 ,  0.00 
 0.00 ,  0.00 ,  0.00 
 0.00 ,  0.00 ,  0.00 
2663.32 ,  0.00 , 2476.89 
 0.00 ,  0.00 ,  0.00 
 0.00 ,  0.00 ,  0.00 
 0.00 ,  0.00 ,  0.00 
 0.00 ,  0.00 ,  0.00 
 0.00 ,  0.00 ,  0.00 
 0.00 ,  0.00 ,  0.00 
 0.00 ,  0.00 ,  0.00 
 0.00 ,  0.00 ,  0.00 
 0.00 ,  0.00 ,  0.00 
 0.00 ,  0.00 ,  0.00 
 0.00 ,  0.00 ,  0.00 
 0.00 ,  0.00 ,  0.00 
 0.00 ,  0.00 ,  0.00 
 0.00 ,  0.00 ,  0.00 
 0.00 ,  0.00 ,  0.00 
 0.00 ,  0.00 ,  0.00 
 0.00 ,  0.00 ,  0.00 
 0.00 ,  0.00 ,  0.00 
 0.00 ,  0.00 ,  0.00 
 0.00 ,  0.00 ,  0.00 
2550.83 ,  0.00 , 2372.27 
 0.00 ,  0.00 ,  0.00 
 0.00 ,  0.00 ,  0.00 
 0.00 ,  0.00 ,  0.00 
 0.00 ,  0.00 ,  0.00 
 0.00 ,  0.00 ,  0.00 
 0.00 ,  0.00 ,  0.00 
 0.00 ,  0.00 ,  0.00 
 0.00 ,  0.00 ,  0.00 
 0.00 ,  0.00 ,  0.00 
 0.00 ,  0.00 ,  0.00 
 0.00 ,  0.00 ,  0.00 
 0.00 ,  0.00 ,  0.00 
 0.00 ,  0.00 ,  0.00 
 0.00 ,  0.00 ,  0.00 
 0.00 ,  0.00 ,  0.00 
2568.71 ,  0.00 , 2388.90 
 0.00 ,  0.00 ,  0.00 
 0.00 ,  0.00 ,  0.00 
 0.00 ,  0.00 ,  0.00 
 0.00 ,  0.00 ,  0.00 
 0.00 ,  0.00 ,  0.00 
 0.00 ,  0.00 ,  0.00 
 0.00 ,  0.00 ,  0.00 
 0.00 ,  0.00 ,  0.00 
 0.00 ,  0.00 ,  0.00 
 0.00 ,  0.00 ,  0.00 
 0.00 ,  0.00 ,  0.00 
 0.00 ,  0.00 ,  0.00 
 0.00 ,  0.00 ,  0.00 
 0.00 ,  0.00 ,  0.00 
 0.00 ,  0.00 ,  0.00 
 0.00 ,  0.00 ,  0.00 
 0.00 ,  0.00 ,  0.00 
 0.00 ,  0.00 ,  0.00 
 0.00 ,  0.00 ,  0.00 
2508.87 ,  0.00 , 2333.25 
 0.00 ,  0.00 ,  0.00 
 0.00 ,  0.00 ,  0.00 
 0.00 ,  0.00 ,  0.00 
 0.00 ,  0.00 ,  0.00 
 0.00 ,  0.00 ,  0.00 
 0.00 ,  0.00 ,  0.00 
 0.00 ,  0.00 ,  0.00 
 0.00 ,  0.00 ,  0.00 
 0.00 ,  0.00 ,  0.00 
 0.00 ,  0.00 ,  0.00 
 0.00 ,  0.00 ,  0.00 
 0.00 ,  0.00 ,  0.00 
 0.00 ,  0.00 ,  0.00 
 0.00 ,  0.00 ,  0.00 
 0.00 ,  0.00 ,  0.00 
 0.00 ,  0.00 ,  0.00 
 0.00 ,  0.00 ,  0.00 
 0.00 ,  0.00 ,  0.00 
 0.00 ,  0.00 ,  0.00 
2546.59 ,  0.00 , 2368.33 
 0.00 ,  0.00 ,  0.00 
 0.00 ,  0.00 ,  0.00 
 0.00 ,  0.00 ,  0.00 
 0.00 ,  0.00 ,  0.00 
 0.00 ,  0.00 ,  0.00 
 0.00 ,  0.00 ,  0.00 
 0.00 ,  0.00 ,  0.00 
 0.00 ,  0.00 ,  0.00 
 0.00 ,  0.00 ,  0.00 
 0.00 ,  0.00 ,  0.00 
 0.00 ,  0.00 ,  0.00 
 0.00 ,  0.00 ,  0.00 
 0.00 ,  0.00 ,  0.00 
 0.00 ,  0.00 ,  0.00 
 0.00 ,  0.00 ,  0.00 
 0.00 ,  0.00 ,  0.00 
 0.00 ,  0.00 ,  0.00 
 0.00 ,  0.00 ,  0.00 
 0.00 ,  0.00 ,  0.00 
2616.88 ,  0.00 , 2433.70 
 0.00 ,  0.00 ,  0.00 
 0.00 ,  0.00 ,  0.00 
 0.00 ,  0.00 ,  0.00 
 0.00 ,  0.00 ,  0.00 
 0.00 ,  0.00 ,  0.00 
 0.00 ,  0.00 ,  0.00 
 0.00 ,  0.00 ,  0.00 
 0.00 ,  0.00 ,  0.00 
 0.00 ,  0.00 ,  0.00 
 0.00 ,  0.00 ,  0.00 
 0.00 ,  0.00 ,  0.00 
 0.00 ,  0.00 ,  0.00 
 0.00 ,  0.00 ,  0.00 
 0.00 ,  0.00 ,  0.00 
 0.00 ,  0.00 ,  0.00 
 0.00 ,  0.00 ,  0.00 
 0.00 ,  0.00 ,  0.00 
 0.00 ,  0.00 ,  0.00 
 0.00 ,  0.00 ,  0.00 
 0.00 ,  0.00 ,  0.00 
2581.41 ,  0.00 , 2400.71 
 0.00 ,  0.00 ,  0.00 
 0.00 ,  0.00 ,  0.00 
 0.00 ,  0.00 ,  0.00 
 0.00 ,  0.00 ,  0.00 
 0.00 ,  0.00 ,  0.00 
 0.00 ,  0.00 ,  0.00 
 0.00 ,  0.00 ,  0.00 
 0.00 ,  0.00 ,  0.00 
 0.00 ,  0.00 ,  0.00 
 0.00 ,  0.00 ,  0.00 
 0.00 ,  0.00 ,  0.00 
 0.00 ,  0.00 ,  0.00 
 0.00 ,  0.00 ,  0.00 
 0.00 ,  0.00 ,  0.00 
 0.00 ,  0.00 ,  0.00 
 0.00 ,  0.00 ,  0.00 
 0.00 ,  0.00 ,  0.00 
 0.00 ,  0.00 ,  0.00 
 0.00 ,  0.00 ,  0.00 
 0.00 ,  0.00 ,  0.00 
2538.24 ,  0.00 , 2360.56 
 0.00 ,  0.00 ,  0.00 
 0.00 ,  0.00 ,  0.00 
 0.00 ,  0.00 ,  0.00 
 0.00 ,  0.00 ,  0.00 
 0.00 ,  0.00 ,  0.00 
 0.00 ,  0.00 ,  0.00 
 0.00 ,  0.00 ,  0.00 
 0.00 ,  0.00 ,  0.00 
 0.00 ,  0.00 ,  0.00 
 0.00 ,  0.00 ,  0.00 
 0.00 ,  0.00 ,  0.00 
 0.00 ,  0.00 ,  0.00 
 0.00 ,  0.00 ,  0.00 
 0.00 ,  0.00 ,  0.00 
 0.00 ,  0.00 ,  0.00 
2642.46 ,  0.00 , 2457.49 
 0.00 ,  0.00 ,  0.00 
 0.00 ,  0.00 ,  0.00 
 0.00 ,  0.00 ,  0.00 
 0.00 ,  0.00 ,  0.00 
 0.00 ,  0.00 ,  0.00 
 0.00 ,  0.00 ,  0.00 
 0.00 ,  0.00 ,  0.00 
 0.00 ,  0.00 ,  0.00 
 0.00 ,  0.00 ,  0.00 
 0.00 ,  0.00 ,  0.00 
 0.00 ,  0.00 ,  0.00 
 0.00 ,  0.00 ,  0.00 
 0.00 ,  0.00 ,  0.00 
 0.00 ,  0.00 ,  0.00 
 0.00 ,  0.00 ,  0.00 
 0.00 ,  0.00 ,  0.00 
 0.00 ,  0.00 ,  0.00 
 0.00 ,  0.00 ,  0.00 
 0.00 ,  0.00 ,  0.00 
 0.00 ,  0.00 ,  0.00 
2599.90 ,  0.00 , 2417.91 
 0.00 ,  0.00 ,  0.00 
 0.00 ,  0.00 ,  0.00 
 0.00 ,  0.00 ,  0.00 
 0.00 ,  0.00 ,  0.00 
 0.00 ,  0.00 ,  0.00 
 0.00 ,  0.00 ,  0.00 
 0.00 ,  0.00 ,  0.00 
 0.00 ,  0.00 ,  0.00 
 0.00 ,  0.00 ,  0.00 
 0.00 ,  0.00 ,  0.00 
 0.00 ,  0.00 ,  0.00 
 0.00 ,  0.00 ,  0.00 
 0.00 ,  0.00 ,  0.00 
 0.00 ,  0.00 ,  0.00 
 0.00 ,  0.00 ,  0.00 
 0.00 ,  0.00 ,  0.00 
 0.00 ,  0.00 ,  0.00 
 0.00 ,  0.00 ,  0.00 
2521.96 ,  0.00 , 2345.42 
 0.00 ,  0.00 ,  0.00 
 0.00 ,  0.00 ,  0.00 
 0.00 ,  0.00 ,  0.00 
 0.00 ,  0.00 ,  0.00 
 0.00 ,  0.00 ,  0.00 
 0.00 ,  0.00 ,  0.00 
 0.00 ,  0.00 ,  0.00 
 0.00 ,  0.00 ,  0.00 
 0.00 ,  0.00 ,  0.00 
 0.00 ,  0.00 ,  0.00 
 0.00 ,  0.00 ,  0.00 
 0.00 ,  0.00 ,  0.00 
 0.00 ,  0.00 ,  0.00 
 0.00 ,  0.00 ,  0.00 
 0.00 ,  0.00 ,  0.00 
 0.00 ,  0.00 ,  0.00 
 0.00 ,  0.00 ,  0.00 
 0.00 ,  0.00 ,  0.00 
 0.00 ,  0.00 ,  0.00 
 0.00 ,  0.00 ,  0.00 
2663.32 ,  0.00 , 2476.89 
 0.00 ,  0.00 ,  0.00 
 0.00 ,  0.00 ,  0.00 
 0.00 ,  0.00 ,  0.00 
 0.00 ,  0.00 ,  0.00 
 0.00 ,  0.00 ,  0.00 
 0.00 ,  0.00 ,  0.00 
 0.00 ,  0.00 ,  0.00 
 0.00 ,  0.00 ,  0.00 
 0.00 ,  0.00 ,  0.00 
 0.00 ,  0.00 ,  0.00 
 0.00 ,  0.00 ,  0.00 
 0.00 ,  0.00 ,  0.00 
 0.00 ,  0.00 ,  0.00 
 0.00 ,  0.00 ,  0.00 
 0.00 ,  0.00 ,  0.00 
 0.00 ,  0.00 ,  0.00 
 0.00 ,  0.00 ,  0.00 
 0.00 ,  0.00 ,  0.00 
 0.00 ,  0.00 ,  0.00 
 0.00 ,  0.00 ,  0.00 
2550.83 ,  0.00 , 2372.27 
 0.00 ,  0.00 ,  0.00 
 0.00 ,  0.00 ,  0.00 
 0.00 ,  0.00 ,  0.00 
 0.00 ,  0.00 ,  0.00 
 0.00 ,  0.00 ,  0.00 
 0.00 ,  0.00 ,  0.00 
 0.00 ,  0.00 ,  0.00 
 0.00 ,  0.00 ,  0.00 
 0.00 ,  0.00 ,  0.00 
 0.00 ,  0.00 ,  0.00 
 0.00 ,  0.00 ,  0.00 
 0.00 ,  0.00 ,  0.00 
 0.00 ,  0.00 ,  0.00 
 0.00 ,  0.00 ,  0.00 
 0.00 ,  0.00 ,  0.00 
2568.71 ,  0.00 , 2388.90 
 0.00 ,  0.00 ,  0.00 
 0.00 ,  0.00 ,  0.00 
 0.00 ,  0.00 ,  0.00 
 0.00 ,  0.00 ,  0.00 
 0.00 ,  0.00 ,  0.00 
 0.00 ,  0.00 ,  0.00 
 0.00 ,  0.00 ,  0.00 
 0.00 ,  0.00 ,  0.00 
 0.00 ,  0.00 ,  0.00 
 0.00 ,  0.00 ,  0.00 
 0.00 ,  0.00 ,  0.00 
 0.00 ,  0.00 ,  0.00 
 0.00 ,  0.00 ,  0.00 
 0.00 ,  0.00 ,  0.00 
 0.00 ,  0.00 ,  0.00 
 0.00 ,  0.00 ,  0.00 
 0.00 ,  0.00 ,  0.00 
 0.00 ,  0.00 ,  0.00 
 0.00 ,  0.00 ,  0.00 
 0.00 ,  0.00 ,  0.00 
2553.76 ,  0.00 , 2374.99 
 0.00 ,  0.00 ,  0.00 
 0.00 ,  0.00 ,  0.00 
 0.00 ,  0.00 ,  0.00 
 0.00 ,  0.00 ,  0.00 
 0.00 ,  0.00 ,  0.00 
 0.00 ,  0.00 ,  0.00 
 0.00 ,  0.00 ,  0.00 
 0.00 ,  0.00 ,  0.00 
 0.00 ,  0.00 ,  0.00 
 0.00 ,  0.00 ,  0.00 
 0.00 ,  0.00 ,  0.00 
 0.00 ,  0.00 ,  0.00 
 0.00 ,  0.00 ,  0.00 
 0.00 ,  0.00 ,  0.00 
 0.00 ,  0.00 ,  0.00 
 0.00 ,  0.00 ,  0.00 
 0.00 ,  0.00 ,  0.00 
 0.00 ,  0.00 ,  0.00 
 0.00 ,  0.00 ,  0.00 
 0.00 ,  0.00 ,  0.00 
 0.00 ,  0.00 ,  0.00 
2636.07 ,  0.00 , 2451.55 
 0.00 ,  0.00 ,  0.00 
 0.00 ,  0.00 ,  0.00 
 0.00 ,  0.00 ,  0.00 
 0.00 ,  0.00 ,  0.00 
 0.00 ,  0.00 ,  0.00 
 0.00 ,  0.00 ,  0.00 
 0.00 ,  0.00 ,  0.00 
 0.00 ,  0.00 ,  0.00 
 0.00 ,  0.00 ,  0.00 
 0.00 ,  0.00 ,  0.00 
 0.00 ,  0.00 ,  0.00 
 0.00 ,  0.00 ,  0.00 
 0.00 ,  0.00 ,  0.00 
 0.00 ,  0.00 ,  0.00 
 0.00 ,  0.00 ,  0.00 
 0.00 ,  0.00 ,  0.00 
 0.00 ,  0.00 ,  0.00 
 0.00 ,  0.00 ,  0.00 
 0.00 ,  0.00 ,  0.00 
2516.14 ,  0.00 , 2340.01 
 0.00 ,  0.00 ,  0.00 
 0.00 ,  0.00 ,  0.00 
 0.00 ,  0.00 ,  0.00 
 0.00 ,  0.00 ,  0.00 
 0.00 ,  0.00 ,  0.00 
 0.00 ,  0.00 ,  0.00 
 0.00 ,  0.00 ,  0.00 
 0.00 ,  0.00 ,  0.00 
 0.00 ,  0.00 ,  0.00 
 0.00 ,  0.00 ,  0.00 
 0.00 ,  0.00 ,  0.00 
 0.00 ,  0.00 ,  0.00 
 0.00 ,  0.00 ,  0.00 
 0.00 ,  0.00 ,  0.00 
 0.00 ,  0.00 ,  0.00 
 0.00 ,  0.00 ,  0.00 
 0.00 ,  0.00 ,  0.00 
 0.00 ,  0.00 ,  0.00 
 0.00 ,  0.00 ,  0.00 
 0.00 ,  0.00 ,  0.00 
2584.73 ,  0.00 , 2403.80 
 0.00 ,  0.00 ,  0.00 
 0.00 ,  0.00 ,  0.00 
 0.00 ,  0.00 ,  0.00 
 0.00 ,  0.00 ,  0.00 
 0.00 ,  0.00 ,  0.00 
 0.00 ,  0.00 ,  0.00 
 0.00 ,  0.00 ,  0.00 
 0.00 ,  0.00 ,  0.00 
 0.00 ,  0.00 ,  0.00 
 0.00 ,  0.00 ,  0.00 
 0.00 ,  0.00 ,  0.00 
 0.00 ,  0.00 ,  0.00 
 0.00 ,  0.00 ,  0.00 
 0.00 ,  0.00 ,  0.00 
 0.00 ,  0.00 ,  0.00 
 0.00 ,  0.00 ,  0.00 
 0.00 ,  0.00 ,  0.00 
 0.00 ,  0.00 ,  0.00 
 0.00 ,  0.00 ,  0.00 
 0.00 ,  0.00 ,  0.00 
 0.00 ,  0.00 ,  0.00 
2647.31 ,  0.00 , 2462.00 
 0.00 ,  0.00 ,  0.00 
 0.00 ,  0.00 ,  0.00 
 0.00 ,  0.00 ,  0.00 
 0.00 ,  0.00 ,  0.00 
 0.00 ,  0.00 ,  0.00 
 0.00 ,  0.00 ,  0.00 
 0.00 ,  0.00 ,  0.00 
 0.00 ,  0.00 ,  0.00 
 0.00 ,  0.00 ,  0.00 
 0.00 ,  0.00 ,  0.00 
 0.00 ,  0.00 ,  0.00 
 0.00 ,  0.00 ,  0.00 
 0.00 ,  0.00 ,  0.00 
 0.00 ,  0.00 ,  0.00 
 0.00 ,  0.00 ,  0.00 
 0.00 ,  0.00 ,  0.00 
 0.00 ,  0.00 ,  0.00 
 0.00 ,  0.00 ,  0.00 
 0.00 ,  0.00 ,  0.00 
 0.00 ,  0.00 ,  0.00 
 0.00 ,  0.00 ,  0.00 
2590.01 ,  0.00 , 2408.71 
 0.00 ,  0.00 ,  0.00 
 0.00 ,  0.00 ,  0.00 
 0.00 ,  0.00 ,  0.00 
 0.00 ,  0.00 ,  0.00 
 0.00 ,  0.00 ,  0.00 
 0.00 ,  0.00 ,  0.00 
 0.00 ,  0.00 ,  0.00 
 0.00 ,  0.00 ,  0.00 
 0.00 ,  0.00 ,  0.00 
 0.00 ,  0.00 ,  0.00 
 0.00 ,  0.00 ,  0.00 
 0.00 ,  0.00 ,  0.00 
 0.00 ,  0.00 ,  0.00 
 0.00 ,  0.00 ,  0.00 
 0.00 ,  0.00 ,  0.00 
 0.00 ,  0.00 ,  0.00 
 0.00 ,  0.00 ,  0.00 
2501.40 ,  0.00 , 2326.30 
 0.00 ,  0.00 ,  0.00 
 0.00 ,  0.00 ,  0.00 
 0.00 ,  0.00 ,  0.00 
 0.00 ,  0.00 ,  0.00 
 0.00 ,  0.00 ,  0.00 
 0.00 ,  0.00 ,  0.00 
 0.00 ,  0.00 ,  0.00 
 0.00 ,  0.00 ,  0.00 
 0.00 ,  0.00 ,  0.00 
 0.00 ,  0.00 ,  0.00 
 0.00 ,  0.00 ,  0.00 
 0.00 ,  0.00 ,  0.00 
 0.00 ,  0.00 ,  0.00 
 0.00 ,  0.00 ,  0.00 
 0.00 ,  0.00 ,  0.00 
 0.00 ,  0.00 ,  0.00 
 0.00 ,  0.00 ,  0.00 
 0.00 ,  0.00 ,  0.00 
 0.00 ,  0.00 ,  0.00 
2640.76 ,  0.00 , 2455.90 
 0.00 ,  0.00 ,  0.00 
 0.00 ,  0.00 ,  0.00 
 0.00 ,  0.00 ,  0.00 
 0.00 ,  0.00 ,  0.00 
 0.00 ,  0.00 ,  0.00 
 0.00 ,  0.00 ,  0.00 
 0.00 ,  0.00 ,  0.00 
 0.00 ,  0.00 ,  0.00 
 0.00 ,  0.00 ,  0.00 
 0.00 ,  0.00 ,  0.00 
 0.00 ,  0.00 ,  0.00 
 0.00 ,  0.00 ,  0.00 
 0.00 ,  0.00 ,  0.00 
 0.00 ,  0.00 ,  0.00 
 0.00 ,  0.00 ,  0.00 
 0.00 ,  0.00 ,  0.00 
 0.00 ,  0.00 ,  0.00 
 0.00 ,  0.00 ,  0.00 
 0.00 ,  0.00 ,  0.00 
 0.00 ,  0.00 ,  0.00 
 0.00 ,  0.00 ,  0.00 
2664.59 ,  0.00 , 2478.07 
 0.00 ,  0.00 ,  0.00 
 0.00 ,  0.00 ,  0.00 
 0.00 ,  0.00 ,  0.00 
 0.00 ,  0.00 ,  0.00 
 0.00 ,  0.00 ,  0.00 
 0.00 ,  0.00 ,  0.00 
 0.00 ,  0.00 ,  0.00 
 0.00 ,  0.00 ,  0.00 
 0.00 ,  0.00 ,  0.00 
 0.00 ,  0.00 ,  0.00 
 0.00 ,  0.00 ,  0.00 
 0.00 ,  0.00 ,  0.00 
 0.00 ,  0.00 ,  0.00 
 0.00 ,  0.00 ,  0.00 
 0.00 ,  0.00 ,  0.00 
 0.00 ,  0.00 ,  0.00 
 0.00 ,  0.00 ,  0.00 
 0.00 ,  0.00 ,  0.00 
 0.00 ,  0.00 ,  0.00 
 0.00 ,  0.00 ,  0.00 
2540.82 ,  0.00 , 2362.97 
 0.00 ,  0.00 ,  0.00 
 0.00 ,  0.00 ,  0.00 
 0.00 ,  0.00 ,  0.00 
 0.00 ,  0.00 ,  0.00 
 0.00 ,  0.00 ,  0.00 
 0.00 ,  0.00 ,  0.00 
 0.00 ,  0.00 ,  0.00 
 0.00 ,  0.00 ,  0.00 
 0.00 ,  0.00 ,  0.00 
 0.00 ,  0.00 ,  0.00 
 0.00 ,  0.00 ,  0.00 
 0.00 ,  0.00 ,  0.00 
 0.00 ,  0.00 ,  0.00 
 0.00 ,  0.00 ,  0.00 
 0.00 ,  0.00 ,  0.00 
 0.00 ,  0.00 ,  0.00 
 0.00 ,  0.00 ,  0.00 
 0.00 ,  0.00 ,  0.00 
 0.00 ,  0.00 ,  0.00 
2515.08 ,  0.00 , 2339.02 
 0.00 ,  0.00 ,  0.00 
 0.00 ,  0.00 ,  0.00 
 0.00 ,  0.00 ,  0.00 
 0.00 ,  0.00 ,  0.00 
 0.00 ,  0.00 ,  0.00 
 0.00 ,  0.00 ,  0.00 
 0.00 ,  0.00 ,  0.00 
 0.00 ,  0.00 ,  0.00 
 0.00 ,  0.00 ,  0.00 
 0.00 ,  0.00 ,  0.00 
 0.00 ,  0.00 ,  0.00 
 0.00 ,  0.00 ,  0.00 
 0.00 ,  0.00 ,  0.00 
 0.00 ,  0.00 ,  0.00 
 0.00 ,  0.00 ,  0.00 
 0.00 ,  0.00 ,  0.00 
 0.00 ,  0.00 ,  0.00 
 0.00 ,  0.00 ,  0.00 
 0.00 ,  0.00 ,  0.00 
 0.00 ,  0.00 ,  0.00 
2510.27 ,  0.00 , 2334.55 
 0.00 ,  0.00 ,  0.00 
 0.00 ,  0.00 ,  0.00 
 0.00 ,  0.00 ,  0.00 
 0.00 ,  0.00 ,  0.00 
 0.00 ,  0.00 ,  0.00 
 0.00 ,  0.00 ,  0.00 
 0.00 ,  0.00 ,  0.00 
 0.00 ,  0.00 ,  0.00 
 0.00 ,  0.00 ,  0.00 
 0.00 ,  0.00 ,  0.00 
 0.00 ,  0.00 ,  0.00 
 0.00 ,  0.00 ,  0.00 
 0.00 ,  0.00 ,  0.00 
 0.00 ,  0.00 ,  0.00 
 0.00 ,  0.00 ,  0.00 
 0.00 ,  0.00 ,  0.00 
 0.00 ,  0.00 ,  0.00 
 0.00 ,  0.00 ,  0.00 
 0.00 ,  0.00 ,  0.00 
 0.00 ,  0.00 ,  0.00 
 0.00 ,  0.00 ,  0.00 
2590.01 ,  0.00 , 2408.71 
 0.00 ,  0.00 ,  0.00 
 0.00 ,  0.00 ,  0.00 
 0.00 ,  0.00 ,  0.00 
 0.00 ,  0.00 ,  0.00 
 0.00 ,  0.00 ,  0.00 
 0.00 ,  0.00 ,  0.00 
 0.00 ,  0.00 ,  0.00 
 0.00 ,  0.00 ,  0.00 
 0.00 ,  0.00 ,  0.00 
 0.00 ,  0.00 ,  0.00 
 0.00 ,  0.00 ,  0.00 
 0.00 ,  0.00 ,  0.00 
 0.00 ,  0.00 ,  0.00 
 0.00 ,  0.00 ,  0.00 
 0.00 ,  0.00 ,  0.00 
 0.00 ,  0.00 ,  0.00 
 0.00 ,  0.00 ,  0.00 
2501.40 ,  0.00 , 2326.30 
 0.00 ,  0.00 ,  0.00 
 0.00 ,  0.00 ,  0.00 
 0.00 ,  0.00 ,  0.00 
 0.00 ,  0.00 ,  0.00 
 0.00 ,  0.00 ,  0.00 
 0.00 ,  0.00 ,  0.00 
 0.00 ,  0.00 ,  0.00 
 0.00 ,  0.00 ,  0.00 
 0.00 ,  0.00 ,  0.00 
 0.00 ,  0.00 ,  0.00 
 0.00 ,  0.00 ,  0.00 
 0.00 ,  0.00 ,  0.00 
 0.00 ,  0.00 ,  0.00 
 0.00 ,  0.00 ,  0.00 
 0.00 ,  0.00 ,  0.00 
 0.00 ,  0.00 ,  0.00 
 0.00 ,  0.00 ,  0.00 
 0.00 ,  0.00 ,  0.00 
 0.00 ,  0.00 ,  0.00 
2640.76 ,  0.00 , 2455.90 
 0.00 ,  0.00 ,  0.00 
 0.00 ,  0.00 ,  0.00 
 0.00 ,  0.00 ,  0.00 
 0.00 ,  0.00 ,  0.00 
 0.00 ,  0.00 ,  0.00 
 0.00 ,  0.00 ,  0.00 
 0.00 ,  0.00 ,  0.00 
 0.00 ,  0.00 ,  0.00 
 0.00 ,  0.00 ,  0.00 
 0.00 ,  0.00 ,  0.00 
 0.00 ,  0.00 ,  0.00 
 0.00 ,  0.00 ,  0.00 
 0.00 ,  0.00 ,  0.00 
 0.00 ,  0.00 ,  0.00 
 0.00 ,  0.00 ,  0.00 
 0.00 ,  0.00 ,  0.00 
 0.00 ,  0.00 ,  0.00 
 0.00 ,  0.00 ,  0.00 
 0.00 ,  0.00 ,  0.00 
 0.00 ,  0.00 ,  0.00 
 0.00 ,  0.00 ,  0.00 
2664.59 ,  0.00 , 2478.07 
 0.00 ,  0.00 ,  0.00 
 0.00 ,  0.00 ,  0.00 
 0.00 ,  0.00 ,  0.00 
 0.00 ,  0.00 ,  0.00 
 0.00 ,  0.00 ,  0.00 
 0.00 ,  0.00 ,  0.00 
 0.00 ,  0.00 ,  0.00 
 0.00 ,  0.00 ,  0.00 
 0.00 ,  0.00 ,  0.00 
 0.00 ,  0.00 ,  0.00 
 0.00 ,  0.00 ,  0.00 
 0.00 ,  0.00 ,  0.00 
 0.00 ,  0.00 ,  0.00 
 0.00 ,  0.00 ,  0.00 
 0.00 ,  0.00 ,  0.00 
 0.00 ,  0.00 ,  0.00 
 0.00 ,  0.00 ,  0.00 
 0.00 ,  0.00 ,  0.00 
 0.00 ,  0.00 ,  0.00 
 0.00 ,  0.00 ,  0.00 
2540.82 ,  0.00 , 2362.97 
 0.00 ,  0.00 ,  0.00 
 0.00 ,  0.00 ,  0.00 
 0.00 ,  0.00 ,  0.00 
 0.00 ,  0.00 ,  0.00 
 0.00 ,  0.00 ,  0.00 
 0.00 ,  0.00 ,  0.00 
 0.00 ,  0.00 ,  0.00 
 0.00 ,  0.00 ,  0.00 
 0.00 ,  0.00 ,  0.00 
 0.00 ,  0.00 ,  0.00 
 0.00 ,  0.00 ,  0.00 
 0.00 ,  0.00 ,  0.00 
 0.00 ,  0.00 ,  0.00 
 0.00 ,  0.00 ,  0.00 
 0.00 ,  0.00 ,  0.00 
 0.00 ,  0.00 ,  0.00 
 0.00 ,  0.00 ,  0.00 
 0.00 ,  0.00 ,  0.00 
 0.00 ,  0.00 ,  0.00 
2515.08 ,  0.00 , 2339.02 
 0.00 ,  0.00 ,  0.00 
 0.00 ,  0.00 ,  0.00 
 0.00 ,  0.00 ,  0.00 
 0.00 ,  0.00 ,  0.00 
 0.00 ,  0.00 ,  0.00 
 0.00 ,  0.00 ,  0.00 
 0.00 ,  0.00 ,  0.00 
 0.00 ,  0.00 ,  0.00 
 0.00 ,  0.00 ,  0.00 
 0.00 ,  0.00 ,  0.00 
 0.00 ,  0.00 ,  0.00 
 0.00 ,  0.00 ,  0.00 
 0.00 ,  0.00 ,  0.00 
 0.00 ,  0.00 ,  0.00 
 0.00 ,  0.00 ,  0.00 
 0.00 ,  0.00 ,  0.00 
 0.00 ,  0.00 ,  0.00 
 0.00 ,  0.00 ,  0.00 
 0.00 ,  0.00 ,  0.00 
 0.00 ,  0.00 ,  0.00 
2510.27 ,  0.00 , 2334.55 
 0.00 ,  0.00 ,  0.00 
 0.00 ,  0.00 ,  0.00 
 0.00 ,  0.00 ,  0.00 
 0.00 ,  0.00 ,  0.00 
 0.00 ,  0.00 ,  0.00 
 0.00 ,  0.00 ,  0.00 
 0.00 ,  0.00 ,  0.00 
 0.00 ,  0.00 ,  0.00 
 0.00 ,  0.00 ,  0.00 
 0.00 ,  0.00 ,  0.00 
 0.00 ,  0.00 ,  0.00 
 0.00 ,  0.00 ,  0.00 
 0.00 ,  0.00 ,  0.00 
 0.00 ,  0.00 ,  0.00 
 0.00 ,  0.00 ,  0.00 
 0.00 ,  0.00 ,  0.00 
 0.00 ,  0.00 ,  0.00 
 0.00 ,  0.00 ,  0.00 
 0.00 ,  0.00 ,  0.00 
 0.00 ,  0.00 ,  0.00 
 0.00 ,  0.00 ,  0.00 
2590.01 ,  0.00 , 2408.71 
 0.00 ,  0.00 ,  0.00 
 0.00 ,  0.00 ,  0.00 
 0.00 ,  0.00 ,  0.00 
 0.00 ,  0.00 ,  0.00 
 0.00 ,  0.00 ,  0.00 
 0.00 ,  0.00 ,  0.00 
 0.00 ,  0.00 ,  0.00 
 0.00 ,  0.00 ,  0.00 
 0.00 ,  0.00 ,  0.00 
 0.00 ,  0.00 ,  0.00 
 0.00 ,  0.00 ,  0.00 
 0.00 ,  0.00 ,  0.00 
 0.00 ,  0.00 ,  0.00 
 0.00 ,  0.00 ,  0.00 
 0.00 ,  0.00 ,  0.00 
 0.00 ,  0.00 ,  0.00 
 0.00 ,  0.00 ,  0.00 
2501.40 ,  0.00 , 2326.30 
 0.00 ,  0.00 ,  0.00 
 0.00 ,  0.00 ,  0.00 
 0.00 ,  0.00 ,  0.00 
 0.00 ,  0.00 ,  0.00 
 0.00 ,  0.00 ,  0.00 
 0.00 ,  0.00 ,  0.00 
 0.00 ,  0.00 ,  0.00 
 0.00 ,  0.00 ,  0.00 
 0.00 ,  0.00 ,  0.00 
 0.00 ,  0.00 ,  0.00 
 0.00 ,  0.00 ,  0.00 
 0.00 ,  0.00 ,  0.00 
 0.00 ,  0.00 ,  0.00 
 0.00 ,  0.00 ,  0.00 
 0.00 ,  0.00 ,  0.00 
 0.00 ,  0.00 ,  0.00 
 0.00 ,  0.00 ,  0.00 
 0.00 ,  0.00 ,  0.00 
 0.00 ,  0.00 ,  0.00 
2640.76 ,  0.00 , 2455.90 
 0.00 ,  0.00 ,  0.00 
 0.00 ,  0.00 ,  0.00 
 0.00 ,  0.00 ,  0.00 
 0.00 ,  0.00 ,  0.00 
 0.00 ,  0.00 ,  0.00 
 0.00 ,  0.00 ,  0.00 
 0.00 ,  0.00 ,  0.00 
 0.00 ,  0.00 ,  0.00 
 0.00 ,  0.00 ,  0.00 
 0.00 ,  0.00 ,  0.00 
 0.00 ,  0.00 ,  0.00 
 0.00 ,  0.00 ,  0.00 
 0.00 ,  0.00 ,  0.00 
 0.00 ,  0.00 ,  0.00 
 0.00 ,  0.00 ,  0.00 
 0.00 ,  0.00 ,  0.00 
 0.00 ,  0.00 ,  0.00 
 0.00 ,  0.00 ,  0.00 
 0.00 ,  0.00 ,  0.00 
 0.00 ,  0.00 ,  0.00 
 0.00 ,  0.00 ,  0.00 
2664.59 ,  0.00 , 2478.07 
 0.00 ,  0.00 ,  0.00 
 0.00 ,  0.00 ,  0.00 
 0.00 ,  0.00 ,  0.00 
 0.00 ,  0.00 ,  0.00 
 0.00 ,  0.00 ,  0.00 
 0.00 ,  0.00 ,  0.00 
 0.00 ,  0.00 ,  0.00 
 0.00 ,  0.00 ,  0.00 
 0.00 ,  0.00 ,  0.00 
 0.00 ,  0.00 ,  0.00 
 0.00 ,  0.00 ,  0.00 
 0.00 ,  0.00 ,  0.00 
 0.00 ,  0.00 ,  0.00 
 0.00 ,  0.00 ,  0.00 
 0.00 ,  0.00 ,  0.00 
 0.00 ,  0.00 ,  0.00 
 0.00 ,  0.00 ,  0.00 
 0.00 ,  0.00 ,  0.00 
 0.00 ,  0.00 ,  0.00 
 0.00 ,  0.00 ,  0.00 
2540.82 ,  0.00 , 2362.97 
 0.00 ,  0.00 ,  0.00 
 0.00 ,  0.00 ,  0.00 
 0.00 ,  0.00 ,  0.00 
 0.00 ,  0.00 ,  0.00 
 0.00 ,  0.00 ,  0.00 
 0.00 ,  0.00 ,  0.00 
 0.00 ,  0.00 ,  0.00 
 0.00 ,  0.00 ,  0.00 
 0.00 ,  0.00 ,  0.00 
 0.00 ,  0.00 ,  0.00 
 0.00 ,  0.00 ,  0.00 
 0.00 ,  0.00 ,  0.00 
 0.00 ,  0.00 ,  0.00 
 0.00 ,  0.00 ,  0.00 
 0.00 ,  0.00 ,  0.00 
 0.00 ,  0.00 ,  0.00 
 0.00 ,  0.00 ,  0.00 
 0.00 ,  0.00 ,  0.00 
 0.00 ,  0.00 ,  0.00 
2515.08 ,  0.00 , 2339.02 
 0.00 ,  0.00 ,  0.00 
 0.00 ,  0.00 ,  0.00 
 0.00 ,  0.00 ,  0.00 
 0.00 ,  0.00 ,  0.00 
 0.00 ,  0.00 ,  0.00 
 0.00 ,  0.00 ,  0.00 
 0.00 ,  0.00 ,  0.00 
 0.00 ,  0.00 ,  0.00 
 0.00 ,  0.00 ,  0.00 
 0.00 ,  0.00 ,  0.00 
 0.00 ,  0.00 ,  0.00 
 0.00 ,  0.00 ,  0.00 
 0.00 ,  0.00 ,  0.00 
 0.00 ,  0.00 ,  0.00 
 0.00 ,  0.00 ,  0.00 
 0.00 ,  0.00 ,  0.00 
 0.00 ,  0.00 ,  0.00 
 0.00 ,  0.00 ,  0.00 
 0.00 ,  0.00 ,  0.00 
 0.00 ,  0.00 ,  0.00 
2510.27 ,  0.00 , 2334.55 
 0.00 ,  0.00 ,  0.00 
 0.00 ,  0.00 ,  0.00 
 0.00 ,  0.00 ,  0.00 
 0.00 ,  0.00 ,  0.00 
 0.00 ,  0.00 ,  0.00 
 0.00 ,  0.00 ,  0.00 
 0.00 ,  0.00 ,  0.00 
 0.00 ,  0.00 ,  0.00 
 0.00 ,  0.00 ,  0.00 
 0.00 ,  0.00 ,  0.00 
 0.00 ,  0.00 ,  0.00 
 0.00 ,  0.00 ,  0.00 
 0.00 ,  0.00 ,  0.00 
 0.00 ,  0.00 ,  0.00 
 0.00 ,  0.00 ,  0.00 
 0.00 ,  0.00 ,  0.00 
 0.00 ,  0.00 ,  0.00 
 0.00 ,  0.00 ,  0.00 
 0.00 ,  0.00 ,  0.00 
 0.00 ,  0.00 ,  0.00 
 0.00 ,  0.00 ,  0.00 
2590.01 ,  0.00 , 2408.71 
 0.00 ,  0.00 ,  0.00 
 0.00 ,  0.00 ,  0.00 
 0.00 ,  0.00 ,  0.00 
 0.00 ,  0.00 ,  0.00 
 0.00 ,  0.00 ,  0.00 
 0.00 ,  0.00 ,  0.00 
 0.00 ,  0.00 ,  0.00 
 0.00 ,  0.00 ,  0.00 
 0.00 ,  0.00 ,  0.00 
 0.00 ,  0.00 ,  0.00 
 0.00 ,  0.00 ,  0.00 
 0.00 ,  0.00 ,  0.00 
 0.00 ,  0.00 ,  0.00 
 0.00 ,  0.00 ,  0.00 
 0.00 ,  0.00 ,  0.00 
 0.00 ,  0.00 ,  0.00 
 0.00 ,  0.00 ,  0.00 
2501.40 ,  0.00 , 2326.30 
 0.00 ,  0.00 ,  0.00 
 0.00 ,  0.00 ,  0.00 
 0.00 ,  0.00 ,  0.00 
 0.00 ,  0.00 ,  0.00 
 0.00 ,  0.00 ,  0.00 
 0.00 ,  0.00 ,  0.00 
 0.00 ,  0.00 ,  0.00 
 0.00 ,  0.00 ,  0.00 
 0.00 ,  0.00 ,  0.00 
 0.00 ,  0.00 ,  0.00 
 0.00 ,  0.00 ,  0.00 
 0.00 ,  0.00 ,  0.00 
 0.00 ,  0.00 ,  0.00 
 0.00 ,  0.00 ,  0.00 
 0.00 ,  0.00 ,  0.00 
 0.00 ,  0.00 ,  0.00 
 0.00 ,  0.00 ,  0.00 
 0.00 ,  0.00 ,  0.00 
 0.00 ,  0.00 ,  0.00 
2640.76 ,  0.00 , 2455.90 
 0.00 ,  0.00 ,  0.00 
 0.00 ,  0.00 ,  0.00 
 0.00 ,  0.00 ,  0.00 
 0.00 ,  0.00 ,  0.00 
 0.00 ,  0.00 ,  0.00 
 0.00 ,  0.00 ,  0.00 
 0.00 ,  0.00 ,  0.00 
 0.00 ,  0.00 ,  0.00 
 0.00 ,  0.00 ,  0.00 
 0.00 ,  0.00 ,  0.00 
 0.00 ,  0.00 ,  0.00 
 0.00 ,  0.00 ,  0.00 
 0.00 ,  0.00 ,  0.00 
 0.00 ,  0.00 ,  0.00 
 0.00 ,  0.00 ,  0.00 
 0.00 ,  0.00 ,  0.00 
 0.00 ,  0.00 ,  0.00 
 0.00 ,  0.00 ,  0.00 
 0.00 ,  0.00 ,  0.00 
 0.00 ,  0.00 ,  0.00 
 0.00 ,  0.00 ,  0.00 
2664.59 ,  0.00 , 2478.07 
 0.00 ,  0.00 ,  0.00 
 0.00 ,  0.00 ,  0.00 
 0.00 ,  0.00 ,  0.00 
 0.00 ,  0.00 ,  0.00 
 0.00 ,  0.00 ,  0.00 
 0.00 ,  0.00 ,  0.00 
 0.00 ,  0.00 ,  0.00 
 0.00 ,  0.00 ,  0.00 
 0.00 ,  0.00 ,  0.00 
 0.00 ,  0.00 ,  0.00 
 0.00 ,  0.00 ,  0.00 
 0.00 ,  0.00 ,  0.00 
 0.00 ,  0.00 ,  0.00 
 0.00 ,  0.00 ,  0.00 
 0.00 ,  0.00 ,  0.00 
 0.00 ,  0.00 ,  0.00 
 0.00 ,  0.00 ,  0.00 
 0.00 ,  0.00 ,  0.00 
 0.00 ,  0.00 ,  0.00 
 0.00 ,  0.00 ,  0.00 
2540.82 ,  0.00 , 2362.97 
 0.00 ,  0.00 ,  0.00 
 0.00 ,  0.00 ,  0.00 
 0.00 ,  0.00 ,  0.00 
 0.00 ,  0.00 ,  0.00 
 0.00 ,  0.00 ,  0.00 
 0.00 ,  0.00 ,  0.00 
 0.00 ,  0.00 ,  0.00 
 0.00 ,  0.00 ,  0.00 
 0.00 ,  0.00 ,  0.00 
 0.00 ,  0.00 ,  0.00 
 0.00 ,  0.00 ,  0.00 
 0.00 ,  0.00 ,  0.00 
 0.00 ,  0.00 ,  0.00 
 0.00 ,  0.00 ,  0.00 
 0.00 ,  0.00 ,  0.00 
 0.00 ,  0.00 ,  0.00 
 0.00 ,  0.00 ,  0.00 
 0.00 ,  0.00 ,  0.00 
 0.00 ,  0.00 ,  0.00 
2515.08 ,  0.00 , 2339.02 
 0.00 ,  0.00 ,  0.00 
 0.00 ,  0.00 ,  0.00 
 0.00 ,  0.00 ,  0.00 
 0.00 ,  0.00 ,  0.00 
 0.00 ,  0.00 ,  0.00 
 0.00 ,  0.00 ,  0.00 
 0.00 ,  0.00 ,  0.00 
 0.00 ,  0.00 ,  0.00 
 0.00 ,  0.00 ,  0.00 
 0.00 ,  0.00 ,  0.00 
 0.00 ,  0.00 ,  0.00 
 0.00 ,  0.00 ,  0.00 
 0.00 ,  0.00 ,  0.00 
 0.00 ,  0.00 ,  0.00 
 0.00 ,  0.00 ,  0.00 
 0.00 ,  0.00 ,  0.00 
 0.00 ,  0.00 ,  0.00 
 0.00 ,  0.00 ,  0.00 
 0.00 ,  0.00 ,  0.00 
 0.00 ,  0.00 ,  0.00 
2510.27 ,  0.00 , 2334.55 
 0.00 ,  0.00 ,  0.00 
 0.00 ,  0.00 ,  0.00 
 0.00 ,  0.00 ,  0.00 
 0.00 ,  0.00 ,  0.00 
 0.00 ,  0.00 ,  0.00 
 0.00 ,  0.00 ,  0.00 
 0.00 ,  0.00 ,  0.00 
 0.00 ,  0.00 ,  0.00 
 0.00 ,  0.00 ,  0.00 
 0.00 ,  0.00 ,  0.00 
 0.00 ,  0.00 ,  0.00 
 0.00 ,  0.00 ,  0.00 
 0.00 ,  0.00 ,  0.00 
 0.00 ,  0.00 ,  0.00 
 0.00 ,  0.00 ,  0.00 
 0.00 ,  0.00 ,  0.00 
 0.00 ,  0.00 ,  0.00 
 0.00 ,  0.00 ,  0.00 
 0.00 ,  0.00 ,  0.00 
 0.00 ,  0.00 ,  0.00 
 0.00 ,  0.00 ,  0.00 
2590.01 ,  0.00 , 2408.71 
 0.00 ,  0.00 ,  0.00 
 0.00 ,  0.00 ,  0.00 
 0.00 ,  0.00 ,  0.00 
 0.00 ,  0.00 ,  0.00 
 0.00 ,  0.00 ,  0.00 
 0.00 ,  0.00 ,  0.00 
 0.00 ,  0.00 ,  0.00 
 0.00 ,  0.00 ,  0.00 
 0.00 ,  0.00 ,  0.00 
 0.00 ,  0.00 ,  0.00 
 0.00 ,  0.00 ,  0.00 
 0.00 ,  0.00 ,  0.00 
 0.00 ,  0.00 ,  0.00 
 0.00 ,  0.00 ,  0.00 
 0.00 ,  0.00 ,  0.00 
 0.00 ,  0.00 ,  0.00 
 0.00 ,  0.00 ,  0.00 
2499.83 ,  0.00 , 2324.84 
 0.00 ,  0.00 ,  0.00 
 0.00 ,  0.00 ,  0.00 
 0.00 ,  0.00 ,  0.00 
 0.00 ,  0.00 ,  0.00 
 0.00 ,  0.00 ,  0.00 
 0.00 ,  0.00 ,  0.00 
 0.00 ,  0.00 ,  0.00 
 0.00 ,  0.00 ,  0.00 
 0.00 ,  0.00 ,  0.00 
 0.00 ,  0.00 ,  0.00 
 0.00 ,  0.00 ,  0.00 
 0.00 ,  0.00 ,  0.00 
 0.00 ,  0.00 ,  0.00 
 0.00 ,  0.00 ,  0.00 
 0.00 ,  0.00 ,  0.00 
 0.00 ,  0.00 ,  0.00 
 0.00 ,  0.00 ,  0.00 
 0.00 ,  0.00 ,  0.00 
 0.00 ,  0.00 ,  0.00 
2505.42 ,  0.00 , 2330.04 
 0.00 ,  0.00 ,  0.00 
 0.00 ,  0.00 ,  0.00 
 0.00 ,  0.00 ,  0.00 
 0.00 ,  0.00 ,  0.00 
 0.00 ,  0.00 ,  0.00 
 0.00 ,  0.00 ,  0.00 
 0.00 ,  0.00 ,  0.00 
 0.00 ,  0.00 ,  0.00 
 0.00 ,  0.00 ,  0.00 
 0.00 ,  0.00 ,  0.00 
 0.00 ,  0.00 ,  0.00 
 0.00 ,  0.00 ,  0.00 
 0.00 ,  0.00 ,  0.00 
 0.00 ,  0.00 ,  0.00 
 0.00 ,  0.00 ,  0.00 
 0.00 ,  0.00 ,  0.00 
 0.00 ,  0.00 ,  0.00 
 0.00 ,  0.00 ,  0.00 
 0.00 ,  0.00 ,  0.00 
 0.00 ,  0.00 ,  0.00 
 0.00 ,  0.00 ,  0.00 
2531.23 ,  0.00 , 2354.04 
 0.00 ,  0.00 ,  0.00 
 0.00 ,  0.00 ,  0.00 
 0.00 ,  0.00 ,  0.00 
 0.00 ,  0.00 ,  0.00 
 0.00 ,  0.00 ,  0.00 
 0.00 ,  0.00 ,  0.00 
 0.00 ,  0.00 ,  0.00 
 0.00 ,  0.00 ,  0.00 
 0.00 ,  0.00 ,  0.00 
 0.00 ,  0.00 ,  0.00 
 0.00 ,  0.00 ,  0.00 
 0.00 ,  0.00 ,  0.00 
 0.00 ,  0.00 ,  0.00 
 0.00 ,  0.00 ,  0.00 
 0.00 ,  0.00 ,  0.00 
 0.00 ,  0.00 ,  0.00 
 0.00 ,  0.00 ,  0.00 
 0.00 ,  0.00 ,  0.00 
 0.00 ,  0.00 ,  0.00 
 0.00 ,  0.00 ,  0.00 
 0.00 ,  0.00 ,  0.00 
2523.04 ,  0.00 , 2346.43 
 0.00 ,  0.00 ,  0.00 
 0.00 ,  0.00 ,  0.00 
 0.00 ,  0.00 ,  0.00 
 0.00 ,  0.00 ,  0.00 
 0.00 ,  0.00 ,  0.00 
 0.00 ,  0.00 ,  0.00 
 0.00 ,  0.00 ,  0.00 
 0.00 ,  0.00 ,  0.00 
 0.00 ,  0.00 ,  0.00 
 0.00 ,  0.00 ,  0.00 
 0.00 ,  0.00 ,  0.00 
 0.00 ,  0.00 ,  0.00 
 0.00 ,  0.00 ,  0.00 
 0.00 ,  0.00 ,  0.00 
 0.00 ,  0.00 ,  0.00 
 0.00 ,  0.00 ,  0.00 
 0.00 ,  0.00 ,  0.00 
 0.00 ,  0.00 ,  0.00 
 0.00 ,  0.00 ,  0.00 
 0.00 ,  0.00 ,  0.00 
2519.36 ,  0.00 , 2343.00 
 0.00 ,  0.00 ,  0.00 
 0.00 ,  0.00 ,  0.00 
 0.00 ,  0.00 ,  0.00 
 0.00 ,  0.00 ,  0.00 
 0.00 ,  0.00 ,  0.00 
 0.00 ,  0.00 ,  0.00 
 0.00 ,  0.00 ,  0.00 
 0.00 ,  0.00 ,  0.00 
 0.00 ,  0.00 ,  0.00 
 0.00 ,  0.00 ,  0.00 
 0.00 ,  0.00 ,  0.00 
 0.00 ,  0.00 ,  0.00 
 0.00 ,  0.00 ,  0.00 
 0.00 ,  0.00 ,  0.00 
 0.00 ,  0.00 ,  0.00 
 0.00 ,  0.00 ,  0.00 
 0.00 ,  0.00 ,  0.00 
 0.00 ,  0.00 ,  0.00 
 0.00 ,  0.00 ,  0.00 
 0.00 ,  0.00 ,  0.00 
 0.00 ,  0.00 ,  0.00 
2586.43 ,  0.00 , 2405.38 
 0.00 ,  0.00 ,  0.00 
 0.00 ,  0.00 ,  0.00 
 0.00 ,  0.00 ,  0.00 
 0.00 ,  0.00 ,  0.00 
 0.00 ,  0.00 ,  0.00 
 0.00 ,  0.00 ,  0.00 
 0.00 ,  0.00 ,  0.00 
 0.00 ,  0.00 ,  0.00 
 0.00 ,  0.00 ,  0.00 
 0.00 ,  0.00 ,  0.00 
 0.00 ,  0.00 ,  0.00 
 0.00 ,  0.00 ,  0.00 
 0.00 ,  0.00 ,  0.00 
 0.00 ,  0.00 ,  0.00 
 0.00 ,  0.00 ,  0.00 
 0.00 ,  0.00 ,  0.00 
 0.00 ,  0.00 ,  0.00 
 0.00 ,  0.00 ,  0.00 
 0.00 ,  0.00 ,  0.00 
 0.00 ,  0.00 ,  0.00 
 0.00 ,  0.00 ,  0.00 
2539.65 ,  0.00 , 2361.87 
 0.00 ,  0.00 ,  0.00 
 0.00 ,  0.00 ,  0.00 
 0.00 ,  0.00 ,  0.00 
 0.00 ,  0.00 ,  0.00 
 0.00 ,  0.00 ,  0.00 
 0.00 ,  0.00 ,  0.00 
 0.00 ,  0.00 ,  0.00 
 0.00 ,  0.00 ,  0.00 
 0.00 ,  0.00 ,  0.00 
 0.00 ,  0.00 ,  0.00 
 0.00 ,  0.00 ,  0.00 
 0.00 ,  0.00 ,  0.00 
 0.00 ,  0.00 ,  0.00 
 0.00 ,  0.00 ,  0.00 
 0.00 ,  0.00 ,  0.00 
 0.00 ,  0.00 ,  0.00 
 0.00 ,  0.00 ,  0.00 
 0.00 ,  0.00 ,  0.00 
 0.00 ,  0.00 ,  0.00 
 0.00 ,  0.00 ,  0.00 
 0.00 ,  0.00 ,  0.00 
 0.00 ,  0.00 ,  0.00 
2664.86 ,  0.00 , 2478.32 
 0.00 ,  0.00 ,  0.00 
 0.00 ,  0.00 ,  0.00 
 0.00 ,  0.00 ,  0.00 
 0.00 ,  0.00 ,  0.00 
 0.00 ,  0.00 ,  0.00 
 0.00 ,  0.00 ,  0.00 
 0.00 ,  0.00 ,  0.00 
 0.00 ,  0.00 ,  0.00 
 0.00 ,  0.00 ,  0.00 
 0.00 ,  0.00 ,  0.00 
 0.00 ,  0.00 ,  0.00 
 0.00 ,  0.00 ,  0.00 
 0.00 ,  0.00 ,  0.00 
 0.00 ,  0.00 ,  0.00 
 0.00 ,  0.00 ,  0.00 
 0.00 ,  0.00 ,  0.00 
 0.00 ,  0.00 ,  0.00 
 0.00 ,  0.00 ,  0.00 
 0.00 ,  0.00 ,  0.00 
 0.00 ,  0.00 ,  0.00 
 0.00 ,  0.00 ,  0.00 
 0.00 ,  0.00 ,  0.00 
2638.14 ,  0.00 , 2453.47 
 0.00 ,  0.00 ,  0.00 
 0.00 ,  0.00 ,  0.00 
 0.00 ,  0.00 ,  0.00 
 0.00 ,  0.00 ,  0.00 
 0.00 ,  0.00 ,  0.00 
 0.00 ,  0.00 ,  0.00 
 0.00 ,  0.00 ,  0.00 
 0.00 ,  0.00 ,  0.00 
 0.00 ,  0.00 ,  0.00 
 0.00 ,  0.00 ,  0.00 
 0.00 ,  0.00 ,  0.00 
 0.00 ,  0.00 ,  0.00 
 0.00 ,  0.00 ,  0.00 
 0.00 ,  0.00 ,  0.00 
 0.00 ,  0.00 ,  0.00 
 0.00 ,  0.00 ,  0.00 
 0.00 ,  0.00 ,  0.00 
 0.00 ,  0.00 ,  0.00 
 0.00 ,  0.00 ,  0.00 
 0.00 ,  0.00 ,  0.00 
 0.00 ,  0.00 ,  0.00 
 0.00 ,  0.00 ,  0.00 
2631.78 ,  0.00 , 2447.56 
 0.00 ,  0.00 ,  0.00 
 0.00 ,  0.00 ,  0.00 
 0.00 ,  0.00 ,  0.00 
 0.00 ,  0.00 ,  0.00 
 0.00 ,  0.00 ,  0.00 
 0.00 ,  0.00 ,  0.00 
 0.00 ,  0.00 ,  0.00 
 0.00 ,  0.00 ,  0.00 
 0.00 ,  0.00 ,  0.00 
 0.00 ,  0.00 ,  0.00 
 0.00 ,  0.00 ,  0.00 
 0.00 ,  0.00 ,  0.00 
 0.00 ,  0.00 ,  0.00 
 0.00 ,  0.00 ,  0.00 
 0.00 ,  0.00 ,  0.00 
 0.00 ,  0.00 ,  0.00 
 0.00 ,  0.00 ,  0.00 
 0.00 ,  0.00 ,  0.00 
 0.00 ,  0.00 ,  0.00 
 0.00 ,  0.00 ,  0.00 
 0.00 ,  0.00 ,  0.00 
 0.00 ,  0.00 ,  0.00 
2557.54 ,  0.00 , 2378.51 
 0.00 ,  0.00 ,  0.00 
 0.00 ,  0.00 ,  0.00 
 0.00 ,  0.00 ,  0.00 
 0.00 ,  0.00 ,  0.00 
 0.00 ,  0.00 ,  0.00 
 0.00 ,  0.00 ,  0.00 
 0.00 ,  0.00 ,  0.00 
 0.00 ,  0.00 ,  0.00 
 0.00 ,  0.00 ,  0.00 
 0.00 ,  0.00 ,  0.00 
 0.00 ,  0.00 ,  0.00 
 0.00 ,  0.00 ,  0.00 
 0.00 ,  0.00 ,  0.00 
 0.00 ,  0.00 ,  0.00 
 0.00 ,  0.00 ,  0.00 
 0.00 ,  0.00 ,  0.00 
2547.80 ,  0.00 , 2369.45 
 0.00 ,  0.00 ,  0.00 
 0.00 ,  0.00 ,  0.00 
 0.00 ,  0.00 ,  0.00 
 0.00 ,  0.00 ,  0.00 
 0.00 ,  0.00 ,  0.00 
 0.00 ,  0.00 ,  0.00 
 0.00 ,  0.00 ,  0.00 
 0.00 ,  0.00 ,  0.00 
 0.00 ,  0.00 ,  0.00 
 0.00 ,  0.00 ,  0.00 
 0.00 ,  0.00 ,  0.00 
 0.00 ,  0.00 ,  0.00 
 0.00 ,  0.00 ,  0.00 
 0.00 ,  0.00 ,  0.00 
 0.00 ,  0.00 ,  0.00 
 0.00 ,  0.00 ,  0.00 
 0.00 ,  0.00 ,  0.00 
 0.00 ,  0.00 ,  0.00 
 0.00 ,  0.00 ,  0.00 
 0.00 ,  0.00 ,  0.00 
 0.00 ,  0.00 ,  0.00 
2580.12 ,  0.00 , 2399.51 
 0.00 ,  0.00 ,  0.00 
 0.00 ,  0.00 ,  0.00 
 0.00 ,  0.00 ,  0.00 
 0.00 ,  0.00 ,  0.00 
 0.00 ,  0.00 ,  0.00 
 0.00 ,  0.00 ,  0.00 
 0.00 ,  0.00 ,  0.00 
 0.00 ,  0.00 ,  0.00 
 0.00 ,  0.00 ,  0.00 
 0.00 ,  0.00 ,  0.00 
 0.00 ,  0.00 ,  0.00 
 0.00 ,  0.00 ,  0.00 
 0.00 ,  0.00 ,  0.00 
 0.00 ,  0.00 ,  0.00 
 0.00 ,  0.00 ,  0.00 
 0.00 ,  0.00 ,  0.00 
 0.00 ,  0.00 ,  0.00 
 0.00 ,  0.00 ,  0.00 
 0.00 ,  0.00 ,  0.00 
 0.00 ,  0.00 ,  0.00 
 0.00 ,  0.00 ,  0.00 
2531.23 ,  0.00 , 2354.04 
 0.00 ,  0.00 ,  0.00 
 0.00 ,  0.00 ,  0.00 
 0.00 ,  0.00 ,  0.00 
 0.00 ,  0.00 ,  0.00 
 0.00 ,  0.00 ,  0.00 
 0.00 ,  0.00 ,  0.00 
 0.00 ,  0.00 ,  0.00 
 0.00 ,  0.00 ,  0.00 
 0.00 ,  0.00 ,  0.00 
 0.00 ,  0.00 ,  0.00 
 0.00 ,  0.00 ,  0.00 
 0.00 ,  0.00 ,  0.00 
 0.00 ,  0.00 ,  0.00 
 0.00 ,  0.00 ,  0.00 
 0.00 ,  0.00 ,  0.00 
 0.00 ,  0.00 ,  0.00 
 0.00 ,  0.00 ,  0.00 
 0.00 ,  0.00 ,  0.00 
 0.00 ,  0.00 ,  0.00 
 0.00 ,  0.00 ,  0.00 
 0.00 ,  0.00 ,  0.00 
2523.04 ,  0.00 , 2346.43 
 0.00 ,  0.00 ,  0.00 
 0.00 ,  0.00 ,  0.00 
 0.00 ,  0.00 ,  0.00 
 0.00 ,  0.00 ,  0.00 
 0.00 ,  0.00 ,  0.00 
 0.00 ,  0.00 ,  0.00 
 0.00 ,  0.00 ,  0.00 
 0.00 ,  0.00 ,  0.00 
 0.00 ,  0.00 ,  0.00 
 0.00 ,  0.00 ,  0.00 
 0.00 ,  0.00 ,  0.00 
 0.00 ,  0.00 ,  0.00 
 0.00 ,  0.00 ,  0.00 
 0.00 ,  0.00 ,  0.00 
 0.00 ,  0.00 ,  0.00 
 0.00 ,  0.00 ,  0.00 
 0.00 ,  0.00 ,  0.00 
 0.00 ,  0.00 ,  0.00 
 0.00 ,  0.00 ,  0.00 
 0.00 ,  0.00 ,  0.00 
2519.36 ,  0.00 , 2343.00 
 0.00 ,  0.00 ,  0.00 
 0.00 ,  0.00 ,  0.00 
 0.00 ,  0.00 ,  0.00 
 0.00 ,  0.00 ,  0.00 
 0.00 ,  0.00 ,  0.00 
 0.00 ,  0.00 ,  0.00 
 0.00 ,  0.00 ,  0.00 
 0.00 ,  0.00 ,  0.00 
 0.00 ,  0.00 ,  0.00 
 0.00 ,  0.00 ,  0.00 
 0.00 ,  0.00 ,  0.00 
 0.00 ,  0.00 ,  0.00 
 0.00 ,  0.00 ,  0.00 
 0.00 ,  0.00 ,  0.00 
 0.00 ,  0.00 ,  0.00 
 0.00 ,  0.00 ,  0.00 
 0.00 ,  0.00 ,  0.00 
 0.00 ,  0.00 ,  0.00 
 0.00 ,  0.00 ,  0.00 
 0.00 ,  0.00 ,  0.00 
 0.00 ,  0.00 ,  0.00 
2586.43 ,  0.00 , 2405.38 
 0.00 ,  0.00 ,  0.00 
 0.00 ,  0.00 ,  0.00 
 0.00 ,  0.00 ,  0.00 
 0.00 ,  0.00 ,  0.00 
 0.00 ,  0.00 ,  0.00 
 0.00 ,  0.00 ,  0.00 
 0.00 ,  0.00 ,  0.00 
 0.00 ,  0.00 ,  0.00 
 0.00 ,  0.00 ,  0.00 
 0.00 ,  0.00 ,  0.00 
 0.00 ,  0.00 ,  0.00 
 0.00 ,  0.00 ,  0.00 
 0.00 ,  0.00 ,  0.00 
 0.00 ,  0.00 ,  0.00 
 0.00 ,  0.00 ,  0.00 
 0.00 ,  0.00 ,  0.00 
 0.00 ,  0.00 ,  0.00 
 0.00 ,  0.00 ,  0.00 
 0.00 ,  0.00 ,  0.00 
 0.00 ,  0.00 ,  0.00 
 0.00 ,  0.00 ,  0.00 
2539.65 ,  0.00 , 2361.87 
 0.00 ,  0.00 ,  0.00 
 0.00 ,  0.00 ,  0.00 
 0.00 ,  0.00 ,  0.00 
 0.00 ,  0.00 ,  0.00 
 0.00 ,  0.00 ,  0.00 
 0.00 ,  0.00 ,  0.00 
 0.00 ,  0.00 ,  0.00 
 0.00 ,  0.00 ,  0.00 
 0.00 ,  0.00 ,  0.00 
 0.00 ,  0.00 ,  0.00 
 0.00 ,  0.00 ,  0.00 
 0.00 ,  0.00 ,  0.00 
 0.00 ,  0.00 ,  0.00 
 0.00 ,  0.00 ,  0.00 
 0.00 ,  0.00 ,  0.00 
 0.00 ,  0.00 ,  0.00 
 0.00 ,  0.00 ,  0.00 
 0.00 ,  0.00 ,  0.00 
 0.00 ,  0.00 ,  0.00 
 0.00 ,  0.00 ,  0.00 
 0.00 ,  0.00 ,  0.00 
 0.00 ,  0.00 ,  0.00 
2664.86 ,  0.00 , 2478.32 
 0.00 ,  0.00 ,  0.00 
 0.00 ,  0.00 ,  0.00 
 0.00 ,  0.00 ,  0.00 
 0.00 ,  0.00 ,  0.00 
 0.00 ,  0.00 ,  0.00 
 0.00 ,  0.00 ,  0.00 
 0.00 ,  0.00 ,  0.00 
 0.00 ,  0.00 ,  0.00 
 0.00 ,  0.00 ,  0.00 
 0.00 ,  0.00 ,  0.00 
 0.00 ,  0.00 ,  0.00 
 0.00 ,  0.00 ,  0.00 
 0.00 ,  0.00 ,  0.00 
 0.00 ,  0.00 ,  0.00 
 0.00 ,  0.00 ,  0.00 
 0.00 ,  0.00 ,  0.00 
 0.00 ,  0.00 ,  0.00 
 0.00 ,  0.00 ,  0.00 
 0.00 ,  0.00 ,  0.00 
 0.00 ,  0.00 ,  0.00 
 0.00 ,  0.00 ,  0.00 
 0.00 ,  0.00 ,  0.00 
2638.14 ,  0.00 , 2453.47 
 0.00 ,  0.00 ,  0.00 
 0.00 ,  0.00 ,  0.00 
 0.00 ,  0.00 ,  0.00 
 0.00 ,  0.00 ,  0.00 
 0.00 ,  0.00 ,  0.00 
 0.00 ,  0.00 ,  0.00 
 0.00 ,  0.00 ,  0.00 
 0.00 ,  0.00 ,  0.00 
 0.00 ,  0.00 ,  0.00 
 0.00 ,  0.00 ,  0.00 
 0.00 ,  0.00 ,  0.00 
 0.00 ,  0.00 ,  0.00 
 0.00 ,  0.00 ,  0.00 
 0.00 ,  0.00 ,  0.00 
 0.00 ,  0.00 ,  0.00 
 0.00 ,  0.00 ,  0.00 
 0.00 ,  0.00 ,  0.00 
 0.00 ,  0.00 ,  0.00 
 0.00 ,  0.00 ,  0.00 
 0.00 ,  0.00 ,  0.00 
 0.00 ,  0.00 ,  0.00 
 0.00 ,  0.00 ,  0.00 
2631.78 ,  0.00 , 2447.56 
 0.00 ,  0.00 ,  0.00 
 0.00 ,  0.00 ,  0.00 
 0.00 ,  0.00 ,  0.00 
 0.00 ,  0.00 ,  0.00 
 0.00 ,  0.00 ,  0.00 
 0.00 ,  0.00 ,  0.00 
 0.00 ,  0.00 ,  0.00 
 0.00 ,  0.00 ,  0.00 
 0.00 ,  0.00 ,  0.00 
 0.00 ,  0.00 ,  0.00 
 0.00 ,  0.00 ,  0.00 
 0.00 ,  0.00 ,  0.00 
 0.00 ,  0.00 ,  0.00 
 0.00 ,  0.00 ,  0.00 
 0.00 ,  0.00 ,  0.00 
 0.00 ,  0.00 ,  0.00 
 0.00 ,  0.00 ,  0.00 
 0.00 ,  0.00 ,  0.00 
 0.00 ,  0.00 ,  0.00 
 0.00 ,  0.00 ,  0.00 
 0.00 ,  0.00 ,  0.00 
 0.00 ,  0.00 ,  0.00 
2557.54 ,  0.00 , 2378.51 
 0.00 ,  0.00 ,  0.00 
 0.00 ,  0.00 ,  0.00 
 0.00 ,  0.00 ,  0.00 
 0.00 ,  0.00 ,  0.00 
 0.00 ,  0.00 ,  0.00 
 0.00 ,  0.00 ,  0.00 
 0.00 ,  0.00 ,  0.00 
 0.00 ,  0.00 ,  0.00 
 0.00 ,  0.00 ,  0.00 
 0.00 ,  0.00 ,  0.00 
 0.00 ,  0.00 ,  0.00 
 0.00 ,  0.00 ,  0.00 
 0.00 ,  0.00 ,  0.00 
 0.00 ,  0.00 ,  0.00 
 0.00 ,  0.00 ,  0.00 
 0.00 ,  0.00 ,  0.00 
2547.80 ,  0.00 , 2369.45 
 0.00 ,  0.00 ,  0.00 
 0.00 ,  0.00 ,  0.00 
 0.00 ,  0.00 ,  0.00 
 0.00 ,  0.00 ,  0.00 
 0.00 ,  0.00 ,  0.00 
 0.00 ,  0.00 ,  0.00 
 0.00 ,  0.00 ,  0.00 
 0.00 ,  0.00 ,  0.00 
 0.00 ,  0.00 ,  0.00 
 0.00 ,  0.00 ,  0.00 
 0.00 ,  0.00 ,  0.00 
 0.00 ,  0.00 ,  0.00 
 0.00 ,  0.00 ,  0.00 
 0.00 ,  0.00 ,  0.00 
 0.00 ,  0.00 ,  0.00 
 0.00 ,  0.00 ,  0.00 
 0.00 ,  0.00 ,  0.00 
 0.00 ,  0.00 ,  0.00 
 0.00 ,  0.00 ,  0.00 
 0.00 ,  0.00 ,  0.00 
 0.00 ,  0.00 ,  0.00 
2580.12 ,  0.00 , 2399.51 
 0.00 ,  0.00 ,  0.00 
 0.00 ,  0.00 ,  0.00 
 0.00 ,  0.00 ,  0.00 
 0.00 ,  0.00 ,  0.00 
 0.00 ,  0.00 ,  0.00 
 0.00 ,  0.00 ,  0.00 
 0.00 ,  0.00 ,  0.00 
 0.00 ,  0.00 ,  0.00 
 0.00 ,  0.00 ,  0.00 
 0.00 ,  0.00 ,  0.00 
 0.00 ,  0.00 ,  0.00 
 0.00 ,  0.00 ,  0.00 
 0.00 ,  0.00 ,  0.00 
 0.00 ,  0.00 ,  0.00 
 0.00 ,  0.00 ,  0.00 
 0.00 ,  0.00 ,  0.00 
 0.00 ,  0.00 ,  0.00 
 0.00 ,  0.00 ,  0.00 
 0.00 ,  0.00 ,  0.00 
 0.00 ,  0.00 ,  0.00 
 0.00 ,  0.00 ,  0.00 
2531.23 ,  0.00 , 2354.04 
 0.00 ,  0.00 ,  0.00 
 0.00 ,  0.00 ,  0.00 
 0.00 ,  0.00 ,  0.00 
 0.00 ,  0.00 ,  0.00 
 0.00 ,  0.00 ,  0.00 
 0.00 ,  0.00 ,  0.00 
 0.00 ,  0.00 ,  0.00 
 0.00 ,  0.00 ,  0.00 
 0.00 ,  0.00 ,  0.00 
 0.00 ,  0.00 ,  0.00 
 0.00 ,  0.00 ,  0.00 
 0.00 ,  0.00 ,  0.00 
 0.00 ,  0.00 ,  0.00 
 0.00 ,  0.00 ,  0.00 
 0.00 ,  0.00 ,  0.00 
 0.00 ,  0.00 ,  0.00 
 0.00 ,  0.00 ,  0.00 
 0.00 ,  0.00 ,  0.00 
 0.00 ,  0.00 ,  0.00 
 0.00 ,  0.00 ,  0.00 
 0.00 ,  0.00 ,  0.00 
2523.04 ,  0.00 , 2346.43 
 0.00 ,  0.00 ,  0.00 
 0.00 ,  0.00 ,  0.00 
 0.00 ,  0.00 ,  0.00 
 0.00 ,  0.00 ,  0.00 
 0.00 ,  0.00 ,  0.00 
 0.00 ,  0.00 ,  0.00 
 0.00 ,  0.00 ,  0.00 
 0.00 ,  0.00 ,  0.00 
 0.00 ,  0.00 ,  0.00 
 0.00 ,  0.00 ,  0.00 
 0.00 ,  0.00 ,  0.00 
 0.00 ,  0.00 ,  0.00 
 0.00 ,  0.00 ,  0.00 
 0.00 ,  0.00 ,  0.00 
 0.00 ,  0.00 ,  0.00 
 0.00 ,  0.00 ,  0.00 
 0.00 ,  0.00 ,  0.00 
 0.00 ,  0.00 ,  0.00 
 0.00 ,  0.00 ,  0.00 
 0.00 ,  0.00 ,  0.00 
2519.36 ,  0.00 , 2343.00 
 0.00 ,  0.00 ,  0.00 
 0.00 ,  0.00 ,  0.00 
 0.00 ,  0.00 ,  0.00 
 0.00 ,  0.00 ,  0.00 
 0.00 ,  0.00 ,  0.00 
 0.00 ,  0.00 ,  0.00 
 0.00 ,  0.00 ,  0.00 
 0.00 ,  0.00 ,  0.00 
 0.00 ,  0.00 ,  0.00 
 0.00 ,  0.00 ,  0.00 
 0.00 ,  0.00 ,  0.00 
 0.00 ,  0.00 ,  0.00 
 0.00 ,  0.00 ,  0.00 
 0.00 ,  0.00 ,  0.00 
 0.00 ,  0.00 ,  0.00 
 0.00 ,  0.00 ,  0.00 
 0.00 ,  0.00 ,  0.00 
 0.00 ,  0.00 ,  0.00 
 0.00 ,  0.00 ,  0.00 
 0.00 ,  0.00 ,  0.00 
 0.00 ,  0.00 ,  0.00 
2586.43 ,  0.00 , 2405.38 
 0.00 ,  0.00 ,  0.00 
 0.00 ,  0.00 ,  0.00 
 0.00 ,  0.00 ,  0.00 
 0.00 ,  0.00 ,  0.00 
 0.00 ,  0.00 ,  0.00 
 0.00 ,  0.00 ,  0.00 
 0.00 ,  0.00 ,  0.00 
 0.00 ,  0.00 ,  0.00 
 0.00 ,  0.00 ,  0.00 
 0.00 ,  0.00 ,  0.00 
 0.00 ,  0.00 ,  0.00 
 0.00 ,  0.00 ,  0.00 
 0.00 ,  0.00 ,  0.00 
 0.00 ,  0.00 ,  0.00 
 0.00 ,  0.00 ,  0.00 
 0.00 ,  0.00 ,  0.00 
 0.00 ,  0.00 ,  0.00 
 0.00 ,  0.00 ,  0.00 
 0.00 ,  0.00 ,  0.00 
 0.00 ,  0.00 ,  0.00 
 0.00 ,  0.00 ,  0.00 
2539.65 ,  0.00 , 2361.87 
 0.00 ,  0.00 ,  0.00 
 0.00 ,  0.00 ,  0.00 
 0.00 ,  0.00 ,  0.00 
 0.00 ,  0.00 ,  0.00 
 0.00 ,  0.00 ,  0.00 
 0.00 ,  0.00 ,  0.00 
 0.00 ,  0.00 ,  0.00 
 0.00 ,  0.00 ,  0.00 
 0.00 ,  0.00 ,  0.00 
 0.00 ,  0.00 ,  0.00 
 0.00 ,  0.00 ,  0.00 
 0.00 ,  0.00 ,  0.00 
 0.00 ,  0.00 ,  0.00 
 0.00 ,  0.00 ,  0.00 
 0.00 ,  0.00 ,  0.00 
 0.00 ,  0.00 ,  0.00 
 0.00 ,  0.00 ,  0.00 
 0.00 ,  0.00 ,  0.00 
 0.00 ,  0.00 ,  0.00 
 0.00 ,  0.00 ,  0.00 
 0.00 ,  0.00 ,  0.00 
 0.00 ,  0.00 ,  0.00 
2664.86 ,  0.00 , 2478.32 
 0.00 ,  0.00 ,  0.00 
 0.00 ,  0.00 ,  0.00 
 0.00 ,  0.00 ,  0.00 
 0.00 ,  0.00 ,  0.00 
 0.00 ,  0.00 ,  0.00 
 0.00 ,  0.00 ,  0.00 
 0.00 ,  0.00 ,  0.00 
 0.00 ,  0.00 ,  0.00 
 0.00 ,  0.00 ,  0.00 
 0.00 ,  0.00 ,  0.00 
 0.00 ,  0.00 ,  0.00 
 0.00 ,  0.00 ,  0.00 
 0.00 ,  0.00 ,  0.00 
 0.00 ,  0.00 ,  0.00 
 0.00 ,  0.00 ,  0.00 
 0.00 ,  0.00 ,  0.00 
 0.00 ,  0.00 ,  0.00 
 0.00 ,  0.00 ,  0.00 
 0.00 ,  0.00 ,  0.00 
 0.00 ,  0.00 ,  0.00 
 0.00 ,  0.00 ,  0.00 
 0.00 ,  0.00 ,  0.00 
2638.14 ,  0.00 , 2453.47 
 0.00 ,  0.00 ,  0.00 
 0.00 ,  0.00 ,  0.00 
 0.00 ,  0.00 ,  0.00 
 0.00 ,  0.00 ,  0.00 
 0.00 ,  0.00 ,  0.00 
 0.00 ,  0.00 ,  0.00 
 0.00 ,  0.00 ,  0.00 
 0.00 ,  0.00 ,  0.00 
 0.00 ,  0.00 ,  0.00 
 0.00 ,  0.00 ,  0.00 
 0.00 ,  0.00 ,  0.00 
 0.00 ,  0.00 ,  0.00 
 0.00 ,  0.00 ,  0.00 
 0.00 ,  0.00 ,  0.00 
 0.00 ,  0.00 ,  0.00 
 0.00 ,  0.00 ,  0.00 
 0.00 ,  0.00 ,  0.00 
 0.00 ,  0.00 ,  0.00 
 0.00 ,  0.00 ,  0.00 
 0.00 ,  0.00 ,  0.00 
 0.00 ,  0.00 ,  0.00 
 0.00 ,  0.00 ,  0.00 
2631.78 ,  0.00 , 2447.56 
 0.00 ,  0.00 ,  0.00 
 0.00 ,  0.00 ,  0.00 
 0.00 ,  0.00 ,  0.00 
 0.00 ,  0.00 ,  0.00 
 0.00 ,  0.00 ,  0.00 
 0.00 ,  0.00 ,  0.00 
 0.00 ,  0.00 ,  0.00 
 0.00 ,  0.00 ,  0.00 
 0.00 ,  0.00 ,  0.00 
 0.00 ,  0.00 ,  0.00 
 0.00 ,  0.00 ,  0.00 
 0.00 ,  0.00 ,  0.00 
 0.00 ,  0.00 ,  0.00 
 0.00 ,  0.00 ,  0.00 
 0.00 ,  0.00 ,  0.00 
 0.00 ,  0.00 ,  0.00 
 0.00 ,  0.00 ,  0.00 
 0.00 ,  0.00 ,  0.00 
 0.00 ,  0.00 ,  0.00 
 0.00 ,  0.00 ,  0.00 
 0.00 ,  0.00 ,  0.00 
 0.00 ,  0.00 ,  0.00 
2557.54 ,  0.00 , 2378.51 
 0.00 ,  0.00 ,  0.00 
 0.00 ,  0.00 ,  0.00 
 0.00 ,  0.00 ,  0.00 
 0.00 ,  0.00 ,  0.00 
 0.00 ,  0.00 ,  0.00 
 0.00 ,  0.00 ,  0.00 
 0.00 ,  0.00 ,  0.00 
 0.00 ,  0.00 ,  0.00 
 0.00 ,  0.00 ,  0.00 
 0.00 ,  0.00 ,  0.00 
 0.00 ,  0.00 ,  0.00 
 0.00 ,  0.00 ,  0.00 
 0.00 ,  0.00 ,  0.00 
 0.00 ,  0.00 ,  0.00 
 0.00 ,  0.00 ,  0.00 
 0.00 ,  0.00 ,  0.00 
2547.80 ,  0.00 , 2369.45 
 0.00 ,  0.00 ,  0.00 
 0.00 ,  0.00 ,  0.00 
 0.00 ,  0.00 ,  0.00 
 0.00 ,  0.00 ,  0.00 
 0.00 ,  0.00 ,  0.00 
 0.00 ,  0.00 ,  0.00 
 0.00 ,  0.00 ,  0.00 
 0.00 ,  0.00 ,  0.00 
 0.00 ,  0.00 ,  0.00 
 0.00 ,  0.00 ,  0.00 
 0.00 ,  0.00 ,  0.00 
 0.00 ,  0.00 ,  0.00 
 0.00 ,  0.00 ,  0.00 
 0.00 ,  0.00 ,  0.00 
 0.00 ,  0.00 ,  0.00 
 0.00 ,  0.00 ,  0.00 
 0.00 ,  0.00 ,  0.00 
 0.00 ,  0.00 ,  0.00 
 0.00 ,  0.00 ,  0.00 
 0.00 ,  0.00 ,  0.00 
 0.00 ,  0.00 ,  0.00 
2580.12 ,  0.00 , 2399.51 
 0.00 ,  0.00 ,  0.00 
 0.00 ,  0.00 ,  0.00 
 0.00 ,  0.00 ,  0.00 
 0.00 ,  0.00 ,  0.00 
 0.00 ,  0.00 ,  0.00 
 0.00 ,  0.00 ,  0.00 
 0.00 ,  0.00 ,  0.00 
 0.00 ,  0.00 ,  0.00 
 0.00 ,  0.00 ,  0.00 
 0.00 ,  0.00 ,  0.00 
 0.00 ,  0.00 ,  0.00 
 0.00 ,  0.00 ,  0.00 
 0.00 ,  0.00 ,  0.00 
 0.00 ,  0.00 ,  0.00 
 0.00 ,  0.00 ,  0.00 
 0.00 ,  0.00 ,  0.00 
 0.00 ,  0.00 ,  0.00 
 0.00 ,  0.00 ,  0.00 
 0.00 ,  0.00 ,  0.00 
 0.00 ,  0.00 ,  0.00 
 0.00 ,  0.00 ,  0.00 
2570.88 ,  0.00 , 2390.92 
 0.00 ,  0.00 ,  0.00 
 0.00 ,  0.00 ,  0.00 
 0.00 ,  0.00 ,  0.00 
 0.00 ,  0.00 ,  0.00 
 0.00 ,  0.00 ,  0.00 
 0.00 ,  0.00 ,  0.00 
 0.00 ,  0.00 ,  0.00 
 0.00 ,  0.00 ,  0.00 
 0.00 ,  0.00 ,  0.00 
 0.00 ,  0.00 ,  0.00 
 0.00 ,  0.00 ,  0.00 
 0.00 ,  0.00 ,  0.00 
 0.00 ,  0.00 ,  0.00 
 0.00 ,  0.00 ,  0.00 
 0.00 ,  0.00 ,  0.00 
 0.00 ,  0.00 ,  0.00 
 0.00 ,  0.00 ,  0.00 
 0.00 ,  0.00 ,  0.00 
 0.00 ,  0.00 ,  0.00 
 0.00 ,  0.00 ,  0.00 
 0.00 ,  0.00 ,  0.00 
2567.31 ,  0.00 , 2387.59 
 0.00 ,  0.00 ,  0.00 
 0.00 ,  0.00 ,  0.00 
 0.00 ,  0.00 ,  0.00 
 0.00 ,  0.00 ,  0.00 
 0.00 ,  0.00 ,  0.00 
 0.00 ,  0.00 ,  0.00 
 0.00 ,  0.00 ,  0.00 
 0.00 ,  0.00 ,  0.00 
 0.00 ,  0.00 ,  0.00 
 0.00 ,  0.00 ,  0.00 
 0.00 ,  0.00 ,  0.00 
 0.00 ,  0.00 ,  0.00 
 0.00 ,  0.00 ,  0.00 
 0.00 ,  0.00 ,  0.00 
 0.00 ,  0.00 ,  0.00 
 0.00 ,  0.00 ,  0.00 
 0.00 ,  0.00 ,  0.00 
 0.00 ,  0.00 ,  0.00 
 0.00 ,  0.00 ,  0.00 
 0.00 ,  0.00 ,  0.00 
2564.17 ,  0.00 , 2384.67 
 0.00 ,  0.00 ,  0.00 
 0.00 ,  0.00 ,  0.00 
 0.00 ,  0.00 ,  0.00 
 0.00 ,  0.00 ,  0.00 
 0.00 ,  0.00 ,  0.00 
 0.00 ,  0.00 ,  0.00 
 0.00 ,  0.00 ,  0.00 
 0.00 ,  0.00 ,  0.00 
 0.00 ,  0.00 ,  0.00 
 0.00 ,  0.00 ,  0.00 
 0.00 ,  0.00 ,  0.00 
 0.00 ,  0.00 ,  0.00 
 0.00 ,  0.00 ,  0.00 
 0.00 ,  0.00 ,  0.00 
 0.00 ,  0.00 ,  0.00 
 0.00 ,  0.00 ,  0.00 
 0.00 ,  0.00 ,  0.00 
 0.00 ,  0.00 ,  0.00 
 0.00 ,  0.00 ,  0.00 
 0.00 ,  0.00 ,  0.00 
2498.13 ,  0.00 , 2323.26 
 0.00 ,  0.00 ,  0.00 
 0.00 ,  0.00 ,  0.00 
 0.00 ,  0.00 ,  0.00 
 0.00 ,  0.00 ,  0.00 
 0.00 ,  0.00 ,  0.00 
 0.00 ,  0.00 ,  0.00 
 0.00 ,  0.00 ,  0.00 
 0.00 ,  0.00 ,  0.00 
 0.00 ,  0.00 ,  0.00 
 0.00 ,  0.00 ,  0.00 
 0.00 ,  0.00 ,  0.00 
 0.00 ,  0.00 ,  0.00 
 0.00 ,  0.00 ,  0.00 
 0.00 ,  0.00 ,  0.00 
 0.00 ,  0.00 ,  0.00 
 0.00 ,  0.00 ,  0.00 
 0.00 ,  0.00 ,  0.00 
 0.00 ,  0.00 ,  0.00 
 0.00 ,  0.00 ,  0.00 
 0.00 ,  0.00 ,  0.00 
 0.00 ,  0.00 ,  0.00 
2559.16 ,  0.00 , 2380.02 
 0.00 ,  0.00 ,  0.00 
 0.00 ,  0.00 ,  0.00 
 0.00 ,  0.00 ,  0.00 
 0.00 ,  0.00 ,  0.00 
 0.00 ,  0.00 ,  0.00 
 0.00 ,  0.00 ,  0.00 
 0.00 ,  0.00 ,  0.00 
 0.00 ,  0.00 ,  0.00 
 0.00 ,  0.00 ,  0.00 
 0.00 ,  0.00 ,  0.00 
 0.00 ,  0.00 ,  0.00 
 0.00 ,  0.00 ,  0.00 
 0.00 ,  0.00 ,  0.00 
 0.00 ,  0.00 ,  0.00 
 0.00 ,  0.00 ,  0.00 
 0.00 ,  0.00 ,  0.00 
 0.00 ,  0.00 ,  0.00 
 0.00 ,  0.00 ,  0.00 
 0.00 ,  0.00 ,  0.00 
 0.00 ,  0.00 ,  0.00 
 0.00 ,  0.00 ,  0.00 
2504.35 ,  0.00 , 2329.04 
 0.00 ,  0.00 ,  0.00 
 0.00 ,  0.00 ,  0.00 
 0.00 ,  0.00 ,  0.00 
 0.00 ,  0.00 ,  0.00 
 0.00 ,  0.00 ,  0.00 
 0.00 ,  0.00 ,  0.00 
 0.00 ,  0.00 ,  0.00 
 0.00 ,  0.00 ,  0.00 
 0.00 ,  0.00 ,  0.00 
 0.00 ,  0.00 ,  0.00 
 0.00 ,  0.00 ,  0.00 
 0.00 ,  0.00 ,  0.00 
 0.00 ,  0.00 ,  0.00 
 0.00 ,  0.00 ,  0.00 
 0.00 ,  0.00 ,  0.00 
 0.00 ,  0.00 ,  0.00 
 0.00 ,  0.00 ,  0.00 
 0.00 ,  0.00 ,  0.00 
 0.00 ,  0.00 ,  0.00 
 0.00 ,  0.00 ,  0.00 
 0.00 ,  0.00 ,  0.00 
2514.10 ,  0.00 , 2338.11 
 0.00 ,  0.00 ,  0.00 
 0.00 ,  0.00 ,  0.00 
 0.00 ,  0.00 ,  0.00 
 0.00 ,  0.00 ,  0.00 
 0.00 ,  0.00 ,  0.00 
 0.00 ,  0.00 ,  0.00 
 0.00 ,  0.00 ,  0.00 
 0.00 ,  0.00 ,  0.00 
 0.00 ,  0.00 ,  0.00 
 0.00 ,  0.00 ,  0.00 
 0.00 ,  0.00 ,  0.00 
 0.00 ,  0.00 ,  0.00 
 0.00 ,  0.00 ,  0.00 
 0.00 ,  0.00 ,  0.00 
 0.00 ,  0.00 ,  0.00 
 0.00 ,  0.00 ,  0.00 
2553.73 ,  0.00 , 2374.97 
 0.00 ,  0.00 ,  0.00 
 0.00 ,  0.00 ,  0.00 
 0.00 ,  0.00 ,  0.00 
 0.00 ,  0.00 ,  0.00 
 0.00 ,  0.00 ,  0.00 
 0.00 ,  0.00 ,  0.00 
 0.00 ,  0.00 ,  0.00 
 0.00 ,  0.00 ,  0.00 
 0.00 ,  0.00 ,  0.00 
 0.00 ,  0.00 ,  0.00 
 0.00 ,  0.00 ,  0.00 
 0.00 ,  0.00 ,  0.00 
 0.00 ,  0.00 ,  0.00 
 0.00 ,  0.00 ,  0.00 
 0.00 ,  0.00 ,  0.00 
 0.00 ,  0.00 ,  0.00 
 0.00 ,  0.00 ,  0.00 
 0.00 ,  0.00 ,  0.00 
 0.00 ,  0.00 ,  0.00 
 0.00 ,  0.00 ,  0.00 
 0.00 ,  0.00 ,  0.00 
2600.75 ,  0.00 , 2418.70 
 0.00 ,  0.00 ,  0.00 
 0.00 ,  0.00 ,  0.00 
 0.00 ,  0.00 ,  0.00 
 0.00 ,  0.00 ,  0.00 
 0.00 ,  0.00 ,  0.00 
 0.00 ,  0.00 ,  0.00 
 0.00 ,  0.00 ,  0.00 
 0.00 ,  0.00 ,  0.00 
 0.00 ,  0.00 ,  0.00 
 0.00 ,  0.00 ,  0.00 
 0.00 ,  0.00 ,  0.00 
 0.00 ,  0.00 ,  0.00 
 0.00 ,  0.00 ,  0.00 
 0.00 ,  0.00 ,  0.00 
 0.00 ,  0.00 ,  0.00 
 0.00 ,  0.00 ,  0.00 
 0.00 ,  0.00 ,  0.00 
 0.00 ,  0.00 ,  0.00 
 0.00 ,  0.00 ,  0.00 
 0.00 ,  0.00 ,  0.00 
 0.00 ,  0.00 ,  0.00 
2548.41 ,  0.00 , 2370.02 
 0.00 ,  0.00 ,  0.00 
 0.00 ,  0.00 ,  0.00 
 0.00 ,  0.00 ,  0.00 
 0.00 ,  0.00 ,  0.00 
 0.00 ,  0.00 ,  0.00 
 0.00 ,  0.00 ,  0.00 
 0.00 ,  0.00 ,  0.00 
 0.00 ,  0.00 ,  0.00 
 0.00 ,  0.00 ,  0.00 
 0.00 ,  0.00 ,  0.00 
 0.00 ,  0.00 ,  0.00 
 0.00 ,  0.00 ,  0.00 
 0.00 ,  0.00 ,  0.00 
 0.00 ,  0.00 ,  0.00 
 0.00 ,  0.00 ,  0.00 
 0.00 ,  0.00 ,  0.00 
 0.00 ,  0.00 ,  0.00 
 0.00 ,  0.00 ,  0.00 
 0.00 ,  0.00 ,  0.00 
 0.00 ,  0.00 ,  0.00 
2519.58 ,  0.00 , 2343.21 
 0.00 ,  0.00 ,  0.00 
 0.00 ,  0.00 ,  0.00 
 0.00 ,  0.00 ,  0.00 
 0.00 ,  0.00 ,  0.00 
 0.00 ,  0.00 ,  0.00 
 0.00 ,  0.00 ,  0.00 
 0.00 ,  0.00 ,  0.00 
 0.00 ,  0.00 ,  0.00 
 0.00 ,  0.00 ,  0.00 
 0.00 ,  0.00 ,  0.00 
 0.00 ,  0.00 ,  0.00 
 0.00 ,  0.00 ,  0.00 
 0.00 ,  0.00 ,  0.00 
 0.00 ,  0.00 ,  0.00 
 0.00 ,  0.00 ,  0.00 
 0.00 ,  0.00 ,  0.00 
 0.00 ,  0.00 ,  0.00 
 0.00 ,  0.00 ,  0.00 
 0.00 ,  0.00 ,  0.00 
 0.00 ,  0.00 ,  0.00 
2542.01 ,  0.00 , 2364.07 
 0.00 ,  0.00 ,  0.00 
 0.00 ,  0.00 ,  0.00 
 0.00 ,  0.00 ,  0.00 
 0.00 ,  0.00 ,  0.00 
 0.00 ,  0.00 ,  0.00 
 0.00 ,  0.00 ,  0.00 
 0.00 ,  0.00 ,  0.00 
 0.00 ,  0.00 ,  0.00 
 0.00 ,  0.00 ,  0.00 
 0.00 ,  0.00 ,  0.00 
 0.00 ,  0.00 ,  0.00 
 0.00 ,  0.00 ,  0.00 
 0.00 ,  0.00 ,  0.00 
 0.00 ,  0.00 ,  0.00 
 0.00 ,  0.00 ,  0.00 
 0.00 ,  0.00 ,  0.00 
 0.00 ,  0.00 ,  0.00 
 0.00 ,  0.00 ,  0.00 
 0.00 ,  0.00 ,  0.00 
 0.00 ,  0.00 ,  0.00 
 0.00 ,  0.00 ,  0.00 
2584.30 ,  0.00 , 2403.40 
 0.00 ,  0.00 ,  0.00 
 0.00 ,  0.00 ,  0.00 
 0.00 ,  0.00 ,  0.00 
 0.00 ,  0.00 ,  0.00 
 0.00 ,  0.00 ,  0.00 
 0.00 ,  0.00 ,  0.00 
 0.00 ,  0.00 ,  0.00 
 0.00 ,  0.00 ,  0.00 
 0.00 ,  0.00 ,  0.00 
 0.00 ,  0.00 ,  0.00 
 0.00 ,  0.00 ,  0.00 
 0.00 ,  0.00 ,  0.00 
 0.00 ,  0.00 ,  0.00 
 0.00 ,  0.00 ,  0.00 
 0.00 ,  0.00 ,  0.00 
 0.00 ,  0.00 ,  0.00 
 0.00 ,  0.00 ,  0.00 
 0.00 ,  0.00 ,  0.00 
 0.00 ,  0.00 ,  0.00 
 0.00 ,  0.00 ,  0.00 
 0.00 ,  0.00 ,  0.00 
2531.81 ,  0.00 , 2354.59 
 0.00 ,  0.00 ,  0.00 
 0.00 ,  0.00 ,  0.00 
 0.00 ,  0.00 ,  0.00 
 0.00 ,  0.00 ,  0.00 
 0.00 ,  0.00 ,  0.00 
 0.00 ,  0.00 ,  0.00 
 0.00 ,  0.00 ,  0.00 
 0.00 ,  0.00 ,  0.00 
 0.00 ,  0.00 ,  0.00 
 0.00 ,  0.00 ,  0.00 
 0.00 ,  0.00 ,  0.00 
 0.00 ,  0.00 ,  0.00 
 0.00 ,  0.00 ,  0.00 
 0.00 ,  0.00 ,  0.00 
 0.00 ,  0.00 ,  0.00 
 0.00 ,  0.00 ,  0.00 
 0.00 ,  0.00 ,  0.00 
 0.00 ,  0.00 ,  0.00 
 0.00 ,  0.00 ,  0.00 
 0.00 ,  0.00 ,  0.00 
 0.00 ,  0.00 ,  0.00 
 0.00 ,  0.00 ,  0.00 
2677.95 ,  0.00 , 2490.49 
 0.00 ,  0.00 ,  0.00 
 0.00 ,  0.00 ,  0.00 
 0.00 ,  0.00 ,  0.00 
 0.00 ,  0.00 ,  0.00 
 0.00 ,  0.00 ,  0.00 
 0.00 ,  0.00 ,  0.00 
 0.00 ,  0.00 ,  0.00 
 0.00 ,  0.00 ,  0.00 
 0.00 ,  0.00 ,  0.00 
 0.00 ,  0.00 ,  0.00 
 0.00 ,  0.00 ,  0.00 
 0.00 ,  0.00 ,  0.00 
 0.00 ,  0.00 ,  0.00 
 0.00 ,  0.00 ,  0.00 
 0.00 ,  0.00 ,  0.00 
 0.00 ,  0.00 ,  0.00 
 0.00 ,  0.00 ,  0.00 
 0.00 ,  0.00 ,  0.00 
 0.00 ,  0.00 ,  0.00 
 0.00 ,  0.00 ,  0.00 
 0.00 ,  0.00 ,  0.00 
2514.10 ,  0.00 , 2338.11 
 0.00 ,  0.00 ,  0.00 
 0.00 ,  0.00 ,  0.00 
 0.00 ,  0.00 ,  0.00 
 0.00 ,  0.00 ,  0.00 
 0.00 ,  0.00 ,  0.00 
 0.00 ,  0.00 ,  0.00 
 0.00 ,  0.00 ,  0.00 
 0.00 ,  0.00 ,  0.00 
 0.00 ,  0.00 ,  0.00 
 0.00 ,  0.00 ,  0.00 
 0.00 ,  0.00 ,  0.00 
 0.00 ,  0.00 ,  0.00 
 0.00 ,  0.00 ,  0.00 
 0.00 ,  0.00 ,  0.00 
 0.00 ,  0.00 ,  0.00 
 0.00 ,  0.00 ,  0.00 
2553.73 ,  0.00 , 2374.97 
 0.00 ,  0.00 ,  0.00 
 0.00 ,  0.00 ,  0.00 
 0.00 ,  0.00 ,  0.00 
 0.00 ,  0.00 ,  0.00 
 0.00 ,  0.00 ,  0.00 
 0.00 ,  0.00 ,  0.00 
 0.00 ,  0.00 ,  0.00 
 0.00 ,  0.00 ,  0.00 
 0.00 ,  0.00 ,  0.00 
 0.00 ,  0.00 ,  0.00 
 0.00 ,  0.00 ,  0.00 
 0.00 ,  0.00 ,  0.00 
 0.00 ,  0.00 ,  0.00 
 0.00 ,  0.00 ,  0.00 
 0.00 ,  0.00 ,  0.00 
 0.00 ,  0.00 ,  0.00 
 0.00 ,  0.00 ,  0.00 
 0.00 ,  0.00 ,  0.00 
 0.00 ,  0.00 ,  0.00 
 0.00 ,  0.00 ,  0.00 
 0.00 ,  0.00 ,  0.00 
2600.75 ,  0.00 , 2418.70 
 0.00 ,  0.00 ,  0.00 
 0.00 ,  0.00 ,  0.00 
 0.00 ,  0.00 ,  0.00 
 0.00 ,  0.00 ,  0.00 
 0.00 ,  0.00 ,  0.00 
 0.00 ,  0.00 ,  0.00 
 0.00 ,  0.00 ,  0.00 
 0.00 ,  0.00 ,  0.00 
 0.00 ,  0.00 ,  0.00 
 0.00 ,  0.00 ,  0.00 
 0.00 ,  0.00 ,  0.00 
 0.00 ,  0.00 ,  0.00 
 0.00 ,  0.00 ,  0.00 
 0.00 ,  0.00 ,  0.00 
 0.00 ,  0.00 ,  0.00 
 0.00 ,  0.00 ,  0.00 
 0.00 ,  0.00 ,  0.00 
 0.00 ,  0.00 ,  0.00 
 0.00 ,  0.00 ,  0.00 
 0.00 ,  0.00 ,  0.00 
 0.00 ,  0.00 ,  0.00 
2548.41 ,  0.00 , 2370.02 
 0.00 ,  0.00 ,  0.00 
 0.00 ,  0.00 ,  0.00 
 0.00 ,  0.00 ,  0.00 
 0.00 ,  0.00 ,  0.00 
 0.00 ,  0.00 ,  0.00 
 0.00 ,  0.00 ,  0.00 
 0.00 ,  0.00 ,  0.00 
 0.00 ,  0.00 ,  0.00 
 0.00 ,  0.00 ,  0.00 
 0.00 ,  0.00 ,  0.00 
 0.00 ,  0.00 ,  0.00 
 0.00 ,  0.00 ,  0.00 
 0.00 ,  0.00 ,  0.00 
 0.00 ,  0.00 ,  0.00 
 0.00 ,  0.00 ,  0.00 
 0.00 ,  0.00 ,  0.00 
 0.00 ,  0.00 ,  0.00 
 0.00 ,  0.00 ,  0.00 
 0.00 ,  0.00 ,  0.00 
 0.00 ,  0.00 ,  0.00 
2519.58 ,  0.00 , 2343.21 
 0.00 ,  0.00 ,  0.00 
 0.00 ,  0.00 ,  0.00 
 0.00 ,  0.00 ,  0.00 
 0.00 ,  0.00 ,  0.00 
 0.00 ,  0.00 ,  0.00 
 0.00 ,  0.00 ,  0.00 
 0.00 ,  0.00 ,  0.00 
 0.00 ,  0.00 ,  0.00 
 0.00 ,  0.00 ,  0.00 
 0.00 ,  0.00 ,  0.00 
 0.00 ,  0.00 ,  0.00 
 0.00 ,  0.00 ,  0.00 
 0.00 ,  0.00 ,  0.00 
 0.00 ,  0.00 ,  0.00 
 0.00 ,  0.00 ,  0.00 
 0.00 ,  0.00 ,  0.00 
 0.00 ,  0.00 ,  0.00 
 0.00 ,  0.00 ,  0.00 
 0.00 ,  0.00 ,  0.00 
 0.00 ,  0.00 ,  0.00 
2542.01 ,  0.00 , 2364.07 
 0.00 ,  0.00 ,  0.00 
 0.00 ,  0.00 ,  0.00 
 0.00 ,  0.00 ,  0.00 
 0.00 ,  0.00 ,  0.00 
 0.00 ,  0.00 ,  0.00 
 0.00 ,  0.00 ,  0.00 
 0.00 ,  0.00 ,  0.00 
 0.00 ,  0.00 ,  0.00 
 0.00 ,  0.00 ,  0.00 
 0.00 ,  0.00 ,  0.00 
 0.00 ,  0.00 ,  0.00 
 0.00 ,  0.00 ,  0.00 
 0.00 ,  0.00 ,  0.00 
 0.00 ,  0.00 ,  0.00 
 0.00 ,  0.00 ,  0.00 
 0.00 ,  0.00 ,  0.00 
 0.00 ,  0.00 ,  0.00 
 0.00 ,  0.00 ,  0.00 
 0.00 ,  0.00 ,  0.00 
 0.00 ,  0.00 ,  0.00 
 0.00 ,  0.00 ,  0.00 
2584.30 ,  0.00 , 2403.40 
 0.00 ,  0.00 ,  0.00 
 0.00 ,  0.00 ,  0.00 
 0.00 ,  0.00 ,  0.00 
 0.00 ,  0.00 ,  0.00 
 0.00 ,  0.00 ,  0.00 
 0.00 ,  0.00 ,  0.00 
 0.00 ,  0.00 ,  0.00 
 0.00 ,  0.00 ,  0.00 
 0.00 ,  0.00 ,  0.00 
 0.00 ,  0.00 ,  0.00 
 0.00 ,  0.00 ,  0.00 
 0.00 ,  0.00 ,  0.00 
 0.00 ,  0.00 ,  0.00 
 0.00 ,  0.00 ,  0.00 
 0.00 ,  0.00 ,  0.00 
 0.00 ,  0.00 ,  0.00 
 0.00 ,  0.00 ,  0.00 
 0.00 ,  0.00 ,  0.00 
 0.00 ,  0.00 ,  0.00 
 0.00 ,  0.00 ,  0.00 
 0.00 ,  0.00 ,  0.00 
2531.81 ,  0.00 , 2354.59 
 0.00 ,  0.00 ,  0.00 
 0.00 ,  0.00 ,  0.00 
 0.00 ,  0.00 ,  0.00 
 0.00 ,  0.00 ,  0.00 
 0.00 ,  0.00 ,  0.00 
 0.00 ,  0.00 ,  0.00 
 0.00 ,  0.00 ,  0.00 
 0.00 ,  0.00 ,  0.00 
 0.00 ,  0.00 ,  0.00 
 0.00 ,  0.00 ,  0.00 
 0.00 ,  0.00 ,  0.00 
 0.00 ,  0.00 ,  0.00 
 0.00 ,  0.00 ,  0.00 
 0.00 ,  0.00 ,  0.00 
 0.00 ,  0.00 ,  0.00 
 0.00 ,  0.00 ,  0.00 
 0.00 ,  0.00 ,  0.00 
 0.00 ,  0.00 ,  0.00 
 0.00 ,  0.00 ,  0.00 
 0.00 ,  0.00 ,  0.00 
 0.00 ,  0.00 ,  0.00 
 0.00 ,  0.00 ,  0.00 
2677.95 ,  0.00 , 2490.49 
 0.00 ,  0.00 ,  0.00 
 0.00 ,  0.00 ,  0.00 
 0.00 ,  0.00 ,  0.00 
 0.00 ,  0.00 ,  0.00 
 0.00 ,  0.00 ,  0.00 
 0.00 ,  0.00 ,  0.00 
 0.00 ,  0.00 ,  0.00 
 0.00 ,  0.00 ,  0.00 
 0.00 ,  0.00 ,  0.00 
 0.00 ,  0.00 ,  0.00 
 0.00 ,  0.00 ,  0.00 
 0.00 ,  0.00 ,  0.00 
 0.00 ,  0.00 ,  0.00 
 0.00 ,  0.00 ,  0.00 
 0.00 ,  0.00 ,  0.00 
 0.00 ,  0.00 ,  0.00 
 0.00 ,  0.00 ,  0.00 
 0.00 ,  0.00 ,  0.00 
 0.00 ,  0.00 ,  0.00 
 0.00 ,  0.00 ,  0.00 
 0.00 ,  0.00 ,  0.00 
2514.10 ,  0.00 , 2338.11 
 0.00 ,  0.00 ,  0.00 
 0.00 ,  0.00 ,  0.00 
 0.00 ,  0.00 ,  0.00 
 0.00 ,  0.00 ,  0.00 
 0.00 ,  0.00 ,  0.00 
 0.00 ,  0.00 ,  0.00 
 0.00 ,  0.00 ,  0.00 
 0.00 ,  0.00 ,  0.00 
 0.00 ,  0.00 ,  0.00 
 0.00 ,  0.00 ,  0.00 
 0.00 ,  0.00 ,  0.00 
 0.00 ,  0.00 ,  0.00 
 0.00 ,  0.00 ,  0.00 
 0.00 ,  0.00 ,  0.00 
 0.00 ,  0.00 ,  0.00 
 0.00 ,  0.00 ,  0.00 
2553.73 ,  0.00 , 2374.97 
 0.00 ,  0.00 ,  0.00 
 0.00 ,  0.00 ,  0.00 
 0.00 ,  0.00 ,  0.00 
 0.00 ,  0.00 ,  0.00 
 0.00 ,  0.00 ,  0.00 
 0.00 ,  0.00 ,  0.00 
 0.00 ,  0.00 ,  0.00 
 0.00 ,  0.00 ,  0.00 
 0.00 ,  0.00 ,  0.00 
 0.00 ,  0.00 ,  0.00 
 0.00 ,  0.00 ,  0.00 
 0.00 ,  0.00 ,  0.00 
 0.00 ,  0.00 ,  0.00 
 0.00 ,  0.00 ,  0.00 
 0.00 ,  0.00 ,  0.00 
 0.00 ,  0.00 ,  0.00 
 0.00 ,  0.00 ,  0.00 
 0.00 ,  0.00 ,  0.00 
 0.00 ,  0.00 ,  0.00 
 0.00 ,  0.00 ,  0.00 
 0.00 ,  0.00 ,  0.00 
2600.75 ,  0.00 , 2418.70 
 0.00 ,  0.00 ,  0.00 
 0.00 ,  0.00 ,  0.00 
 0.00 ,  0.00 ,  0.00 
 0.00 ,  0.00 ,  0.00 
 0.00 ,  0.00 ,  0.00 
 0.00 ,  0.00 ,  0.00 
 0.00 ,  0.00 ,  0.00 
 0.00 ,  0.00 ,  0.00 
 0.00 ,  0.00 ,  0.00 
 0.00 ,  0.00 ,  0.00 
 0.00 ,  0.00 ,  0.00 
 0.00 ,  0.00 ,  0.00 
 0.00 ,  0.00 ,  0.00 
 0.00 ,  0.00 ,  0.00 
 0.00 ,  0.00 ,  0.00 
 0.00 ,  0.00 ,  0.00 
 0.00 ,  0.00 ,  0.00 
 0.00 ,  0.00 ,  0.00 
 0.00 ,  0.00 ,  0.00 
 0.00 ,  0.00 ,  0.00 
 0.00 ,  0.00 ,  0.00 
2548.41 ,  0.00 , 2370.02 
 0.00 ,  0.00 ,  0.00 
 0.00 ,  0.00 ,  0.00 
 0.00 ,  0.00 ,  0.00 
 0.00 ,  0.00 ,  0.00 
 0.00 ,  0.00 ,  0.00 
 0.00 ,  0.00 ,  0.00 
 0.00 ,  0.00 ,  0.00 
 0.00 ,  0.00 ,  0.00 
 0.00 ,  0.00 ,  0.00 
 0.00 ,  0.00 ,  0.00 
 0.00 ,  0.00 ,  0.00 
 0.00 ,  0.00 ,  0.00 
 0.00 ,  0.00 ,  0.00 
 0.00 ,  0.00 ,  0.00 
 0.00 ,  0.00 ,  0.00 
 0.00 ,  0.00 ,  0.00 
 0.00 ,  0.00 ,  0.00 
 0.00 ,  0.00 ,  0.00 
 0.00 ,  0.00 ,  0.00 
 0.00 ,  0.00 ,  0.00 
2519.58 ,  0.00 , 2343.21 
 0.00 ,  0.00 ,  0.00 
 0.00 ,  0.00 ,  0.00 
 0.00 ,  0.00 ,  0.00 
 0.00 ,  0.00 ,  0.00 
 0.00 ,  0.00 ,  0.00 
 0.00 ,  0.00 ,  0.00 
 0.00 ,  0.00 ,  0.00 
 0.00 ,  0.00 ,  0.00 
 0.00 ,  0.00 ,  0.00 
 0.00 ,  0.00 ,  0.00 
 0.00 ,  0.00 ,  0.00 
 0.00 ,  0.00 ,  0.00 
 0.00 ,  0.00 ,  0.00 
 0.00 ,  0.00 ,  0.00 
 0.00 ,  0.00 ,  0.00 
 0.00 ,  0.00 ,  0.00 
 0.00 ,  0.00 ,  0.00 
 0.00 ,  0.00 ,  0.00 
 0.00 ,  0.00 ,  0.00 
 0.00 ,  0.00 ,  0.00 
2542.01 ,  0.00 , 2364.07 
 0.00 ,  0.00 ,  0.00 
 0.00 ,  0.00 ,  0.00 
 0.00 ,  0.00 ,  0.00 
 0.00 ,  0.00 ,  0.00 
 0.00 ,  0.00 ,  0.00 
 0.00 ,  0.00 ,  0.00 
 0.00 ,  0.00 ,  0.00 
 0.00 ,  0.00 ,  0.00 
 0.00 ,  0.00 ,  0.00 
 0.00 ,  0.00 ,  0.00 
 0.00 ,  0.00 ,  0.00 
 0.00 ,  0.00 ,  0.00 
 0.00 ,  0.00 ,  0.00 
 0.00 ,  0.00 ,  0.00 
 0.00 ,  0.00 ,  0.00 
 0.00 ,  0.00 ,  0.00 
 0.00 ,  0.00 ,  0.00 
 0.00 ,  0.00 ,  0.00 
 0.00 ,  0.00 ,  0.00 
 0.00 ,  0.00 ,  0.00 
 0.00 ,  0.00 ,  0.00 
2584.30 ,  0.00 , 2403.40 
 0.00 ,  0.00 ,  0.00 
 0.00 ,  0.00 ,  0.00 
 0.00 ,  0.00 ,  0.00 
 0.00 ,  0.00 ,  0.00 
 0.00 ,  0.00 ,  0.00 
 0.00 ,  0.00 ,  0.00 
 0.00 ,  0.00 ,  0.00 
 0.00 ,  0.00 ,  0.00 
 0.00 ,  0.00 ,  0.00 
 0.00 ,  0.00 ,  0.00 
 0.00 ,  0.00 ,  0.00 
 0.00 ,  0.00 ,  0.00 
 0.00 ,  0.00 ,  0.00 
 0.00 ,  0.00 ,  0.00 
 0.00 ,  0.00 ,  0.00 
 0.00 ,  0.00 ,  0.00 
 0.00 ,  0.00 ,  0.00 
 0.00 ,  0.00 ,  0.00 
 0.00 ,  0.00 ,  0.00 
 0.00 ,  0.00 ,  0.00 
 0.00 ,  0.00 ,  0.00 
2531.81 ,  0.00 , 2354.59 
 0.00 ,  0.00 ,  0.00 
 0.00 ,  0.00 ,  0.00 
 0.00 ,  0.00 ,  0.00 
 0.00 ,  0.00 ,  0.00 
 0.00 ,  0.00 ,  0.00 
 0.00 ,  0.00 ,  0.00 
 0.00 ,  0.00 ,  0.00 
 0.00 ,  0.00 ,  0.00 
 0.00 ,  0.00 ,  0.00 
 0.00 ,  0.00 ,  0.00 
 0.00 ,  0.00 ,  0.00 
 0.00 ,  0.00 ,  0.00 
 0.00 ,  0.00 ,  0.00 
 0.00 ,  0.00 ,  0.00 
 0.00 ,  0.00 ,  0.00 
 0.00 ,  0.00 ,  0.00 
 0.00 ,  0.00 ,  0.00 
 0.00 ,  0.00 ,  0.00 
 0.00 ,  0.00 ,  0.00 
 0.00 ,  0.00 ,  0.00 
 0.00 ,  0.00 ,  0.00 
 0.00 ,  0.00 ,  0.00 
2677.95 ,  0.00 , 2490.49 
 0.00 ,  0.00 ,  0.00 
 0.00 ,  0.00 ,  0.00 
 0.00 ,  0.00 ,  0.00 
 0.00 ,  0.00 ,  0.00 
 0.00 ,  0.00 ,  0.00 
 0.00 ,  0.00 ,  0.00 
 0.00 ,  0.00 ,  0.00 
 0.00 ,  0.00 ,  0.00 
 0.00 ,  0.00 ,  0.00 
 0.00 ,  0.00 ,  0.00 
 0.00 ,  0.00 ,  0.00 
 0.00 ,  0.00 ,  0.00 
 0.00 ,  0.00 ,  0.00 
 0.00 ,  0.00 ,  0.00 
 0.00 ,  0.00 ,  0.00 
 0.00 ,  0.00 ,  0.00 
 0.00 ,  0.00 ,  0.00 
 0.00 ,  0.00 ,  0.00 
 0.00 ,  0.00 ,  0.00 
 0.00 ,  0.00 ,  0.00 
 0.00 ,  0.00 ,  0.00 
2514.10 ,  0.00 , 2338.11 
 0.00 ,  0.00 ,  0.00 
 0.00 ,  0.00 ,  0.00 
 0.00 ,  0.00 ,  0.00 
 0.00 ,  0.00 ,  0.00 
 0.00 ,  0.00 ,  0.00 
 0.00 ,  0.00 ,  0.00 
 0.00 ,  0.00 ,  0.00 
 0.00 ,  0.00 ,  0.00 
 0.00 ,  0.00 ,  0.00 
 0.00 ,  0.00 ,  0.00 
 0.00 ,  0.00 ,  0.00 
 0.00 ,  0.00 ,  0.00 
 0.00 ,  0.00 ,  0.00 
 0.00 ,  0.00 ,  0.00 
 0.00 ,  0.00 ,  0.00 
 0.00 ,  0.00 ,  0.00 
2553.73 ,  0.00 , 2374.97 
 0.00 ,  0.00 ,  0.00 
 0.00 ,  0.00 ,  0.00 
 0.00 ,  0.00 ,  0.00 
 0.00 ,  0.00 ,  0.00 
 0.00 ,  0.00 ,  0.00 
 0.00 ,  0.00 ,  0.00 
 0.00 ,  0.00 ,  0.00 
 0.00 ,  0.00 ,  0.00 
 0.00 ,  0.00 ,  0.00 
 0.00 ,  0.00 ,  0.00 
 0.00 ,  0.00 ,  0.00 
 0.00 ,  0.00 ,  0.00 
 0.00 ,  0.00 ,  0.00 
 0.00 ,  0.00 ,  0.00 
 0.00 ,  0.00 ,  0.00 
 0.00 ,  0.00 ,  0.00 
 0.00 ,  0.00 ,  0.00 
 0.00 ,  0.00 ,  0.00 
 0.00 ,  0.00 ,  0.00 
 0.00 ,  0.00 ,  0.00 
2522.73 ,  0.00 , 2346.14 
 0.00 ,  0.00 ,  0.00 
 0.00 ,  0.00 ,  0.00 
 0.00 ,  0.00 ,  0.00 
 0.00 ,  0.00 ,  0.00 
 0.00 ,  0.00 ,  0.00 
 0.00 ,  0.00 ,  0.00 
 0.00 ,  0.00 ,  0.00 
 0.00 ,  0.00 ,  0.00 
 0.00 ,  0.00 ,  0.00 
 0.00 ,  0.00 ,  0.00 
 0.00 ,  0.00 ,  0.00 
 0.00 ,  0.00 ,  0.00 
 0.00 ,  0.00 ,  0.00 
 0.00 ,  0.00 ,  0.00 
 0.00 ,  0.00 ,  0.00 
 0.00 ,  0.00 ,  0.00 
 0.00 ,  0.00 ,  0.00 
 0.00 ,  0.00 ,  0.00 
 0.00 ,  0.00 ,  0.00 
 0.00 ,  0.00 ,  0.00 
2540.82 ,  0.00 , 2362.97 
 0.00 ,  0.00 ,  0.00 
 0.00 ,  0.00 ,  0.00 
 0.00 ,  0.00 ,  0.00 
 0.00 ,  0.00 ,  0.00 
 0.00 ,  0.00 ,  0.00 
 0.00 ,  0.00 ,  0.00 
 0.00 ,  0.00 ,  0.00 
 0.00 ,  0.00 ,  0.00 
 0.00 ,  0.00 ,  0.00 
 0.00 ,  0.00 ,  0.00 
 0.00 ,  0.00 ,  0.00 
 0.00 ,  0.00 ,  0.00 
 0.00 ,  0.00 ,  0.00 
 0.00 ,  0.00 ,  0.00 
 0.00 ,  0.00 ,  0.00 
 0.00 ,  0.00 ,  0.00 
 0.00 ,  0.00 ,  0.00 
 0.00 ,  0.00 ,  0.00 
 0.00 ,  0.00 ,  0.00 
2515.08 ,  0.00 , 2339.02 
 0.00 ,  0.00 ,  0.00 
 0.00 ,  0.00 ,  0.00 
 0.00 ,  0.00 ,  0.00 
 0.00 ,  0.00 ,  0.00 
 0.00 ,  0.00 ,  0.00 
 0.00 ,  0.00 ,  0.00 
 0.00 ,  0.00 ,  0.00 
 0.00 ,  0.00 ,  0.00 
 0.00 ,  0.00 ,  0.00 
 0.00 ,  0.00 ,  0.00 
 0.00 ,  0.00 ,  0.00 
 0.00 ,  0.00 ,  0.00 
 0.00 ,  0.00 ,  0.00 
 0.00 ,  0.00 ,  0.00 
 0.00 ,  0.00 ,  0.00 
 0.00 ,  0.00 ,  0.00 
 0.00 ,  0.00 ,  0.00 
 0.00 ,  0.00 ,  0.00 
 0.00 ,  0.00 ,  0.00 
 0.00 ,  0.00 ,  0.00 
2510.27 ,  0.00 , 2334.55 
 0.00 ,  0.00 ,  0.00 
 0.00 ,  0.00 ,  0.00 
 0.00 ,  0.00 ,  0.00 
 0.00 ,  0.00 ,  0.00 
 0.00 ,  0.00 ,  0.00 
 0.00 ,  0.00 ,  0.00 
 0.00 ,  0.00 ,  0.00 
 0.00 ,  0.00 ,  0.00 
 0.00 ,  0.00 ,  0.00 
 0.00 ,  0.00 ,  0.00 
 0.00 ,  0.00 ,  0.00 
 0.00 ,  0.00 ,  0.00 
 0.00 ,  0.00 ,  0.00 
 0.00 ,  0.00 ,  0.00 
 0.00 ,  0.00 ,  0.00 
 0.00 ,  0.00 ,  0.00 
 0.00 ,  0.00 ,  0.00 
 0.00 ,  0.00 ,  0.00 
 0.00 ,  0.00 ,  0.00 
 0.00 ,  0.00 ,  0.00 
 0.00 ,  0.00 ,  0.00 
2590.01 ,  0.00 , 2408.71 
 0.00 ,  0.00 ,  0.00 
 0.00 ,  0.00 ,  0.00 
 0.00 ,  0.00 ,  0.00 
 0.00 ,  0.00 ,  0.00 
 0.00 ,  0.00 ,  0.00 
 0.00 ,  0.00 ,  0.00 
 0.00 ,  0.00 ,  0.00 
 0.00 ,  0.00 ,  0.00 
 0.00 ,  0.00 ,  0.00 
 0.00 ,  0.00 ,  0.00 
 0.00 ,  0.00 ,  0.00 
 0.00 ,  0.00 ,  0.00 
 0.00 ,  0.00 ,  0.00 
 0.00 ,  0.00 ,  0.00 
 0.00 ,  0.00 ,  0.00 
 0.00 ,  0.00 ,  0.00 
 0.00 ,  0.00 ,  0.00 
2501.40 ,  0.00 , 2326.30 
 0.00 ,  0.00 ,  0.00 
 0.00 ,  0.00 ,  0.00 
 0.00 ,  0.00 ,  0.00 
 0.00 ,  0.00 ,  0.00 
 0.00 ,  0.00 ,  0.00 
 0.00 ,  0.00 ,  0.00 
 0.00 ,  0.00 ,  0.00 
 0.00 ,  0.00 ,  0.00 
 0.00 ,  0.00 ,  0.00 
 0.00 ,  0.00 ,  0.00 
 0.00 ,  0.00 ,  0.00 
 0.00 ,  0.00 ,  0.00 
 0.00 ,  0.00 ,  0.00 
 0.00 ,  0.00 ,  0.00 
 0.00 ,  0.00 ,  0.00 
 0.00 ,  0.00 ,  0.00 
 0.00 ,  0.00 ,  0.00 
 0.00 ,  0.00 ,  0.00 
 0.00 ,  0.00 ,  0.00 
2640.76 ,  0.00 , 2455.90 
 0.00 ,  0.00 ,  0.00 
 0.00 ,  0.00 ,  0.00 
 0.00 ,  0.00 ,  0.00 
 0.00 ,  0.00 ,  0.00 
 0.00 ,  0.00 ,  0.00 
 0.00 ,  0.00 ,  0.00 
 0.00 ,  0.00 ,  0.00 
 0.00 ,  0.00 ,  0.00 
 0.00 ,  0.00 ,  0.00 
 0.00 ,  0.00 ,  0.00 
 0.00 ,  0.00 ,  0.00 
 0.00 ,  0.00 ,  0.00 
 0.00 ,  0.00 ,  0.00 
 0.00 ,  0.00 ,  0.00 
 0.00 ,  0.00 ,  0.00 
 0.00 ,  0.00 ,  0.00 
 0.00 ,  0.00 ,  0.00 
 0.00 ,  0.00 ,  0.00 
 0.00 ,  0.00 ,  0.00 
 0.00 ,  0.00 ,  0.00 
 0.00 ,  0.00 ,  0.00 
2664.59 ,  0.00 , 2478.07 
 0.00 ,  0.00 ,  0.00 
 0.00 ,  0.00 ,  0.00 
 0.00 ,  0.00 ,  0.00 
 0.00 ,  0.00 ,  0.00 
 0.00 ,  0.00 ,  0.00 
 0.00 ,  0.00 ,  0.00 
 0.00 ,  0.00 ,  0.00 
 0.00 ,  0.00 ,  0.00 
 0.00 ,  0.00 ,  0.00 
 0.00 ,  0.00 ,  0.00 
 0.00 ,  0.00 ,  0.00 
 0.00 ,  0.00 ,  0.00 
 0.00 ,  0.00 ,  0.00 
 0.00 ,  0.00 ,  0.00 
 0.00 ,  0.00 ,  0.00 
 0.00 ,  0.00 ,  0.00 
 0.00 ,  0.00 ,  0.00 
 0.00 ,  0.00 ,  0.00 
 0.00 ,  0.00 ,  0.00 
 0.00 ,  0.00 ,  0.00 
2540.82 ,  0.00 , 2362.97 
 0.00 ,  0.00 ,  0.00 
 0.00 ,  0.00 ,  0.00 
 0.00 ,  0.00 ,  0.00 
 0.00 ,  0.00 ,  0.00 
 0.00 ,  0.00 ,  0.00 
 0.00 ,  0.00 ,  0.00 
 0.00 ,  0.00 ,  0.00 
 0.00 ,  0.00 ,  0.00 
 0.00 ,  0.00 ,  0.00 
 0.00 ,  0.00 ,  0.00 
 0.00 ,  0.00 ,  0.00 
 0.00 ,  0.00 ,  0.00 
 0.00 ,  0.00 ,  0.00 
 0.00 ,  0.00 ,  0.00 
 0.00 ,  0.00 ,  0.00 
 0.00 ,  0.00 ,  0.00 
 0.00 ,  0.00 ,  0.00 
 0.00 ,  0.00 ,  0.00 
 0.00 ,  0.00 ,  0.00 
2515.08 ,  0.00 , 2339.02 
 0.00 ,  0.00 ,  0.00 
 0.00 ,  0.00 ,  0.00 
 0.00 ,  0.00 ,  0.00 
 0.00 ,  0.00 ,  0.00 
 0.00 ,  0.00 ,  0.00 
 0.00 ,  0.00 ,  0.00 
 0.00 ,  0.00 ,  0.00 
 0.00 ,  0.00 ,  0.00 
 0.00 ,  0.00 ,  0.00 
 0.00 ,  0.00 ,  0.00 
 0.00 ,  0.00 ,  0.00 
 0.00 ,  0.00 ,  0.00 
 0.00 ,  0.00 ,  0.00 
 0.00 ,  0.00 ,  0.00 
 0.00 ,  0.00 ,  0.00 
 0.00 ,  0.00 ,  0.00 
 0.00 ,  0.00 ,  0.00 
 0.00 ,  0.00 ,  0.00 
 0.00 ,  0.00 ,  0.00 
 0.00 ,  0.00 ,  0.00 
2510.27 ,  0.00 , 2334.55 
 0.00 ,  0.00 ,  0.00 
 0.00 ,  0.00 ,  0.00 
 0.00 ,  0.00 ,  0.00 
 0.00 ,  0.00 ,  0.00 
 0.00 ,  0.00 ,  0.00 
 0.00 ,  0.00 ,  0.00 
 0.00 ,  0.00 ,  0.00 
 0.00 ,  0.00 ,  0.00 
 0.00 ,  0.00 ,  0.00 
 0.00 ,  0.00 ,  0.00 
 0.00 ,  0.00 ,  0.00 
 0.00 ,  0.00 ,  0.00 
 0.00 ,  0.00 ,  0.00 
 0.00 ,  0.00 ,  0.00 
 0.00 ,  0.00 ,  0.00 
 0.00 ,  0.00 ,  0.00 
 0.00 ,  0.00 ,  0.00 
 0.00 ,  0.00 ,  0.00 
 0.00 ,  0.00 ,  0.00 
 0.00 ,  0.00 ,  0.00 
 0.00 ,  0.00 ,  0.00 
2590.01 ,  0.00 , 2408.71 
 0.00 ,  0.00 ,  0.00 
 0.00 ,  0.00 ,  0.00 
 0.00 ,  0.00 ,  0.00 
 0.00 ,  0.00 ,  0.00 
 0.00 ,  0.00 ,  0.00 
 0.00 ,  0.00 ,  0.00 
 0.00 ,  0.00 ,  0.00 
 0.00 ,  0.00 ,  0.00 
 0.00 ,  0.00 ,  0.00 
 0.00 ,  0.00 ,  0.00 
 0.00 ,  0.00 ,  0.00 
 0.00 ,  0.00 ,  0.00 
 0.00 ,  0.00 ,  0.00 
 0.00 ,  0.00 ,  0.00 
 0.00 ,  0.00 ,  0.00 
 0.00 ,  0.00 ,  0.00 
 0.00 ,  0.00 ,  0.00 
2501.40 ,  0.00 , 2326.30 
 0.00 ,  0.00 ,  0.00 
 0.00 ,  0.00 ,  0.00 
 0.00 ,  0.00 ,  0.00 
 0.00 ,  0.00 ,  0.00 
 0.00 ,  0.00 ,  0.00 
 0.00 ,  0.00 ,  0.00 
 0.00 ,  0.00 ,  0.00 
 0.00 ,  0.00 ,  0.00 
 0.00 ,  0.00 ,  0.00 
 0.00 ,  0.00 ,  0.00 
 0.00 ,  0.00 ,  0.00 
 0.00 ,  0.00 ,  0.00 
 0.00 ,  0.00 ,  0.00 
 0.00 ,  0.00 ,  0.00 
 0.00 ,  0.00 ,  0.00 
 0.00 ,  0.00 ,  0.00 
 0.00 ,  0.00 ,  0.00 
 0.00 ,  0.00 ,  0.00 
 0.00 ,  0.00 ,  0.00 
2640.76 ,  0.00 , 2455.90 
 0.00 ,  0.00 ,  0.00 
 0.00 ,  0.00 ,  0.00 
 0.00 ,  0.00 ,  0.00 
 0.00 ,  0.00 ,  0.00 
 0.00 ,  0.00 ,  0.00 
 0.00 ,  0.00 ,  0.00 
 0.00 ,  0.00 ,  0.00 
 0.00 ,  0.00 ,  0.00 
 0.00 ,  0.00 ,  0.00 
 0.00 ,  0.00 ,  0.00 
 0.00 ,  0.00 ,  0.00 
 0.00 ,  0.00 ,  0.00 
 0.00 ,  0.00 ,  0.00 
 0.00 ,  0.00 ,  0.00 
 0.00 ,  0.00 ,  0.00 
 0.00 ,  0.00 ,  0.00 
 0.00 ,  0.00 ,  0.00 
 0.00 ,  0.00 ,  0.00 
 0.00 ,  0.00 ,  0.00 
 0.00 ,  0.00 ,  0.00 
 0.00 ,  0.00 ,  0.00 
2664.59 ,  0.00 , 2478.07 
 0.00 ,  0.00 ,  0.00 
 0.00 ,  0.00 ,  0.00 
 0.00 ,  0.00 ,  0.00 
 0.00 ,  0.00 ,  0.00 
 0.00 ,  0.00 ,  0.00 
 0.00 ,  0.00 ,  0.00 
 0.00 ,  0.00 ,  0.00 
 0.00 ,  0.00 ,  0.00 
 0.00 ,  0.00 ,  0.00 
 0.00 ,  0.00 ,  0.00 
 0.00 ,  0.00 ,  0.00 
 0.00 ,  0.00 ,  0.00 
 0.00 ,  0.00 ,  0.00 
 0.00 ,  0.00 ,  0.00 
 0.00 ,  0.00 ,  0.00 
 0.00 ,  0.00 ,  0.00 
 0.00 ,  0.00 ,  0.00 
 0.00 ,  0.00 ,  0.00 
 0.00 ,  0.00 ,  0.00 
 0.00 ,  0.00 ,  0.00 
2540.82 ,  0.00 , 2362.97 
 0.00 ,  0.00 ,  0.00 
 0.00 ,  0.00 ,  0.00 
 0.00 ,  0.00 ,  0.00 
 0.00 ,  0.00 ,  0.00 
 0.00 ,  0.00 ,  0.00 
 0.00 ,  0.00 ,  0.00 
 0.00 ,  0.00 ,  0.00 
 0.00 ,  0.00 ,  0.00 
 0.00 ,  0.00 ,  0.00 
 0.00 ,  0.00 ,  0.00 
 0.00 ,  0.00 ,  0.00 
 0.00 ,  0.00 ,  0.00 
 0.00 ,  0.00 ,  0.00 
 0.00 ,  0.00 ,  0.00 
 0.00 ,  0.00 ,  0.00 
 0.00 ,  0.00 ,  0.00 
 0.00 ,  0.00 ,  0.00 
 0.00 ,  0.00 ,  0.00 
 0.00 ,  0.00 ,  0.00 
2515.08 ,  0.00 , 2339.02 
 0.00 ,  0.00 ,  0.00 
 0.00 ,  0.00 ,  0.00 
 0.00 ,  0.00 ,  0.00 
 0.00 ,  0.00 ,  0.00 
 0.00 ,  0.00 ,  0.00 
 0.00 ,  0.00 ,  0.00 
 0.00 ,  0.00 ,  0.00 
 0.00 ,  0.00 ,  0.00 
 0.00 ,  0.00 ,  0.00 
 0.00 ,  0.00 ,  0.00 
 0.00 ,  0.00 ,  0.00 
 0.00 ,  0.00 ,  0.00 
 0.00 ,  0.00 ,  0.00 
 0.00 ,  0.00 ,  0.00 
 0.00 ,  0.00 ,  0.00 
 0.00 ,  0.00 ,  0.00 
 0.00 ,  0.00 ,  0.00 
 0.00 ,  0.00 ,  0.00 
 0.00 ,  0.00 ,  0.00 
 0.00 ,  0.00 ,  0.00 
2510.27 ,  0.00 , 2334.55 
 0.00 ,  0.00 ,  0.00 
 0.00 ,  0.00 ,  0.00 
 0.00 ,  0.00 ,  0.00 
 0.00 ,  0.00 ,  0.00 
 0.00 ,  0.00 ,  0.00 
 0.00 ,  0.00 ,  0.00 
 0.00 ,  0.00 ,  0.00 
 0.00 ,  0.00 ,  0.00 
 0.00 ,  0.00 ,  0.00 
 0.00 ,  0.00 ,  0.00 
 0.00 ,  0.00 ,  0.00 
 0.00 ,  0.00 ,  0.00 
 0.00 ,  0.00 ,  0.00 
 0.00 ,  0.00 ,  0.00 
 0.00 ,  0.00 ,  0.00 
 0.00 ,  0.00 ,  0.00 
 0.00 ,  0.00 ,  0.00 
 0.00 ,  0.00 ,  0.00 
 0.00 ,  0.00 ,  0.00 
 0.00 ,  0.00 ,  0.00 
 0.00 ,  0.00 ,  0.00 
2590.01 ,  0.00 , 2408.71 
 0.00 ,  0.00 ,  0.00 
 0.00 ,  0.00 ,  0.00 
 0.00 ,  0.00 ,  0.00 
 0.00 ,  0.00 ,  0.00 
 0.00 ,  0.00 ,  0.00 
 0.00 ,  0.00 ,  0.00 
 0.00 ,  0.00 ,  0.00 
 0.00 ,  0.00 ,  0.00 
 0.00 ,  0.00 ,  0.00 
 0.00 ,  0.00 ,  0.00 
 0.00 ,  0.00 ,  0.00 
 0.00 ,  0.00 ,  0.00 
 0.00 ,  0.00 ,  0.00 
 0.00 ,  0.00 ,  0.00 
 0.00 ,  0.00 ,  0.00 
 0.00 ,  0.00 ,  0.00 
 0.00 ,  0.00 ,  0.00 
2501.40 ,  0.00 , 2326.30 
 0.00 ,  0.00 ,  0.00 
 0.00 ,  0.00 ,  0.00 
 0.00 ,  0.00 ,  0.00 
 0.00 ,  0.00 ,  0.00 
 0.00 ,  0.00 ,  0.00 
 0.00 ,  0.00 ,  0.00 
 0.00 ,  0.00 ,  0.00 
 0.00 ,  0.00 ,  0.00 
 0.00 ,  0.00 ,  0.00 
 0.00 ,  0.00 ,  0.00 
 0.00 ,  0.00 ,  0.00 
 0.00 ,  0.00 ,  0.00 
 0.00 ,  0.00 ,  0.00 
 0.00 ,  0.00 ,  0.00 
 0.00 ,  0.00 ,  0.00 
 0.00 ,  0.00 ,  0.00 
 0.00 ,  0.00 ,  0.00 
 0.00 ,  0.00 ,  0.00 
 0.00 ,  0.00 ,  0.00 
2640.76 ,  0.00 , 2455.90 
 0.00 ,  0.00 ,  0.00 
 0.00 ,  0.00 ,  0.00 
 0.00 ,  0.00 ,  0.00 
 0.00 ,  0.00 ,  0.00 
 0.00 ,  0.00 ,  0.00 
 0.00 ,  0.00 ,  0.00 
 0.00 ,  0.00 ,  0.00 
 0.00 ,  0.00 ,  0.00 
 0.00 ,  0.00 ,  0.00 
 0.00 ,  0.00 ,  0.00 
 0.00 ,  0.00 ,  0.00 
 0.00 ,  0.00 ,  0.00 
 0.00 ,  0.00 ,  0.00 
 0.00 ,  0.00 ,  0.00 
 0.00 ,  0.00 ,  0.00 
 0.00 ,  0.00 ,  0.00 
 0.00 ,  0.00 ,  0.00 
 0.00 ,  0.00 ,  0.00 
 0.00 ,  0.00 ,  0.00 
 0.00 ,  0.00 ,  0.00 
 0.00 ,  0.00 ,  0.00 
2664.59 ,  0.00 , 2478.07 
 0.00 ,  0.00 ,  0.00 
 0.00 ,  0.00 ,  0.00 
 0.00 ,  0.00 ,  0.00 
 0.00 ,  0.00 ,  0.00 
 0.00 ,  0.00 ,  0.00 
 0.00 ,  0.00 ,  0.00 
 0.00 ,  0.00 ,  0.00 
 0.00 ,  0.00 ,  0.00 
 0.00 ,  0.00 ,  0.00 
 0.00 ,  0.00 ,  0.00 
 0.00 ,  0.00 ,  0.00 
 0.00 ,  0.00 ,  0.00 
 0.00 ,  0.00 ,  0.00 
 0.00 ,  0.00 ,  0.00 
 0.00 ,  0.00 ,  0.00 
 0.00 ,  0.00 ,  0.00 
 0.00 ,  0.00 ,  0.00 
 0.00 ,  0.00 ,  0.00 
 0.00 ,  0.00 ,  0.00 
 0.00 ,  0.00 ,  0.00 
2540.82 ,  0.00 , 2362.97 
 0.00 ,  0.00 ,  0.00 
 0.00 ,  0.00 ,  0.00 
 0.00 ,  0.00 ,  0.00 
 0.00 ,  0.00 ,  0.00 
 0.00 ,  0.00 ,  0.00 
 0.00 ,  0.00 ,  0.00 
 0.00 ,  0.00 ,  0.00 
 0.00 ,  0.00 ,  0.00 
 0.00 ,  0.00 ,  0.00 
 0.00 ,  0.00 ,  0.00 
 0.00 ,  0.00 ,  0.00 
 0.00 ,  0.00 ,  0.00 
 0.00 ,  0.00 ,  0.00 
 0.00 ,  0.00 ,  0.00 
 0.00 ,  0.00 ,  0.00 
 0.00 ,  0.00 ,  0.00 
 0.00 ,  0.00 ,  0.00 
 0.00 ,  0.00 ,  0.00 
 0.00 ,  0.00 ,  0.00 
2515.08 ,  0.00 , 2339.02 
 0.00 ,  0.00 ,  0.00 
 0.00 ,  0.00 ,  0.00 
 0.00 ,  0.00 ,  0.00 
 0.00 ,  0.00 ,  0.00 
 0.00 ,  0.00 ,  0.00 
 0.00 ,  0.00 ,  0.00 
 0.00 ,  0.00 ,  0.00 
 0.00 ,  0.00 ,  0.00 
 0.00 ,  0.00 ,  0.00 
 0.00 ,  0.00 ,  0.00 
 0.00 ,  0.00 ,  0.00 
 0.00 ,  0.00 ,  0.00 
 0.00 ,  0.00 ,  0.00 
 0.00 ,  0.00 ,  0.00 
 0.00 ,  0.00 ,  0.00 
 0.00 ,  0.00 ,  0.00 
 0.00 ,  0.00 ,  0.00 
 0.00 ,  0.00 ,  0.00 
 0.00 ,  0.00 ,  0.00 
 0.00 ,  0.00 ,  0.00 
2510.27 ,  0.00 , 2334.55 
 0.00 ,  0.00 ,  0.00 
 0.00 ,  0.00 ,  0.00 
 0.00 ,  0.00 ,  0.00 
 0.00 ,  0.00 ,  0.00 
 0.00 ,  0.00 ,  0.00 
 0.00 ,  0.00 ,  0.00 
 0.00 ,  0.00 ,  0.00 
 0.00 ,  0.00 ,  0.00 
 0.00 ,  0.00 ,  0.00 
 0.00 ,  0.00 ,  0.00 
 0.00 ,  0.00 ,  0.00 
 0.00 ,  0.00 ,  0.00 
 0.00 ,  0.00 ,  0.00 
 0.00 ,  0.00 ,  0.00 
 0.00 ,  0.00 ,  0.00 
 0.00 ,  0.00 ,  0.00 
 0.00 ,  0.00 ,  0.00 
 0.00 ,  0.00 ,  0.00 
 0.00 ,  0.00 ,  0.00 
 0.00 ,  0.00 ,  0.00 
 0.00 ,  0.00 ,  0.00 
2590.01 ,  0.00 , 2408.71 
 0.00 ,  0.00 ,  0.00 
 0.00 ,  0.00 ,  0.00 
 0.00 ,  0.00 ,  0.00 
 0.00 ,  0.00 ,  0.00 
 0.00 ,  0.00 ,  0.00 
 0.00 ,  0.00 ,  0.00 
 0.00 ,  0.00 ,  0.00 
 0.00 ,  0.00 ,  0.00 
 0.00 ,  0.00 ,  0.00 
 0.00 ,  0.00 ,  0.00 
 0.00 ,  0.00 ,  0.00 
 0.00 ,  0.00 ,  0.00 
 0.00 ,  0.00 ,  0.00 
 0.00 ,  0.00 ,  0.00 
 0.00 ,  0.00 ,  0.00 
 0.00 ,  0.00 ,  0.00 
 0.00 ,  0.00 ,  0.00 
2501.40 ,  0.00 , 2326.30 
 0.00 ,  0.00 ,  0.00 
 0.00 ,  0.00 ,  0.00 
 0.00 ,  0.00 ,  0.00 
 0.00 ,  0.00 ,  0.00 
 0.00 ,  0.00 ,  0.00 
 0.00 ,  0.00 ,  0.00 
 0.00 ,  0.00 ,  0.00 
 0.00 ,  0.00 ,  0.00 
 0.00 ,  0.00 ,  0.00 
 0.00 ,  0.00 ,  0.00 
 0.00 ,  0.00 ,  0.00 
 0.00 ,  0.00 ,  0.00 
 0.00 ,  0.00 ,  0.00 
 0.00 ,  0.00 ,  0.00 
 0.00 ,  0.00 ,  0.00 
 0.00 ,  0.00 ,  0.00 
 0.00 ,  0.00 ,  0.00 
 0.00 ,  0.00 ,  0.00 
 0.00 ,  0.00 ,  0.00 
2640.76 ,  0.00 , 2455.90 
 0.00 ,  0.00 ,  0.00 
 0.00 ,  0.00 ,  0.00 
 0.00 ,  0.00 ,  0.00 
 0.00 ,  0.00 ,  0.00 
 0.00 ,  0.00 ,  0.00 
 0.00 ,  0.00 ,  0.00 
 0.00 ,  0.00 ,  0.00 
 0.00 ,  0.00 ,  0.00 
 0.00 ,  0.00 ,  0.00 
 0.00 ,  0.00 ,  0.00 
 0.00 ,  0.00 ,  0.00 
 0.00 ,  0.00 ,  0.00 
 0.00 ,  0.00 ,  0.00 
 0.00 ,  0.00 ,  0.00 
 0.00 ,  0.00 ,  0.00 
 0.00 ,  0.00 ,  0.00 
 0.00 ,  0.00 ,  0.00 
 0.00 ,  0.00 ,  0.00 
 0.00 ,  0.00 ,  0.00 
 0.00 ,  0.00 ,  0.00 
 0.00 ,  0.00 ,  0.00 
2664.59 ,  0.00 , 2478.07 
 0.00 ,  0.00 ,  0.00 
 0.00 ,  0.00 ,  0.00 
 0.00 ,  0.00 ,  0.00 
 0.00 ,  0.00 ,  0.00 
 0.00 ,  0.00 ,  0.00 
 0.00 ,  0.00 ,  0.00 
 0.00 ,  0.00 ,  0.00 
 0.00 ,  0.00 ,  0.00 
 0.00 ,  0.00 ,  0.00 
 0.00 ,  0.00 ,  0.00 
 0.00 ,  0.00 ,  0.00 
 0.00 ,  0.00 ,  0.00 
 0.00 ,  0.00 ,  0.00 
 0.00 ,  0.00 ,  0.00 
 0.00 ,  0.00 ,  0.00 
 0.00 ,  0.00 ,  0.00 
 0.00 ,  0.00 ,  0.00 
 0.00 ,  0.00 ,  0.00 
 0.00 ,  0.00 ,  0.00 
 0.00 ,  0.00 ,  0.00 
2540.82 ,  0.00 , 2362.97 
 0.00 ,  0.00 ,  0.00 
 0.00 ,  0.00 ,  0.00 
 0.00 ,  0.00 ,  0.00 
 0.00 ,  0.00 ,  0.00 
 0.00 ,  0.00 ,  0.00 
 0.00 ,  0.00 ,  0.00 
 0.00 ,  0.00 ,  0.00 
 0.00 ,  0.00 ,  0.00 
 0.00 ,  0.00 ,  0.00 
 0.00 ,  0.00 ,  0.00 
 0.00 ,  0.00 ,  0.00 
 0.00 ,  0.00 ,  0.00 
 0.00 ,  0.00 ,  0.00 
 0.00 ,  0.00 ,  0.00 
 0.00 ,  0.00 ,  0.00 
 0.00 ,  0.00 ,  0.00 
 0.00 ,  0.00 ,  0.00 
 0.00 ,  0.00 ,  0.00 
 0.00 ,  0.00 ,  0.00 
2515.08 ,  0.00 , 2339.02 
 0.00 ,  0.00 ,  0.00 
 0.00 ,  0.00 ,  0.00 
 0.00 ,  0.00 ,  0.00 
 0.00 ,  0.00 ,  0.00 
 0.00 ,  0.00 ,  0.00 
 0.00 ,  0.00 ,  0.00 
 0.00 ,  0.00 ,  0.00 
 0.00 ,  0.00 ,  0.00 
 0.00 ,  0.00 ,  0.00 
 0.00 ,  0.00 ,  0.00 
 0.00 ,  0.00 ,  0.00 
 0.00 ,  0.00 ,  0.00 
 0.00 ,  0.00 ,  0.00 
 0.00 ,  0.00 ,  0.00 
 0.00 ,  0.00 ,  0.00 
 0.00 ,  0.00 ,  0.00 
 0.00 ,  0.00 ,  0.00 
 0.00 ,  0.00 ,  0.00 
 0.00 ,  0.00 ,  0.00 
 0.00 ,  0.00 ,  0.00 
2510.27 ,  0.00 , 2334.55 
 0.00 ,  0.00 ,  0.00 
 0.00 ,  0.00 ,  0.00 
 0.00 ,  0.00 ,  0.00 
 0.00 ,  0.00 ,  0.00 
 0.00 ,  0.00 ,  0.00 
 0.00 ,  0.00 ,  0.00 
 0.00 ,  0.00 ,  0.00 
 0.00 ,  0.00 ,  0.00 
 0.00 ,  0.00 ,  0.00 
 0.00 ,  0.00 ,  0.00 
 0.00 ,  0.00 ,  0.00 
 0.00 ,  0.00 ,  0.00 
 0.00 ,  0.00 ,  0.00 
 0.00 ,  0.00 ,  0.00 
 0.00 ,  0.00 ,  0.00 
 0.00 ,  0.00 ,  0.00 
 0.00 ,  0.00 ,  0.00 
 0.00 ,  0.00 ,  0.00 
 0.00 ,  0.00 ,  0.00 
 0.00 ,  0.00 ,  0.00 
 0.00 ,  0.00 ,  0.00 
2590.01 ,  0.00 , 2408.71 
 0.00 ,  0.00 ,  0.00 
 0.00 ,  0.00 ,  0.00 
 0.00 ,  0.00 ,  0.00 
 0.00 ,  0.00 ,  0.00 
 0.00 ,  0.00 ,  0.00 
 0.00 ,  0.00 ,  0.00 
 0.00 ,  0.00 ,  0.00 
 0.00 ,  0.00 ,  0.00 
 0.00 ,  0.00 ,  0.00 
 0.00 ,  0.00 ,  0.00 
 0.00 ,  0.00 ,  0.00 
 0.00 ,  0.00 ,  0.00 
 0.00 ,  0.00 ,  0.00 
 0.00 ,  0.00 ,  0.00 
 0.00 ,  0.00 ,  0.00 
 0.00 ,  0.00 ,  0.00 
 0.00 ,  0.00 ,  0.00 
2501.40 ,  0.00 , 2326.30 
 0.00 ,  0.00 ,  0.00 
 0.00 ,  0.00 ,  0.00 
 0.00 ,  0.00 ,  0.00 
 0.00 ,  0.00 ,  0.00 
 0.00 ,  0.00 ,  0.00 
 0.00 ,  0.00 ,  0.00 
 0.00 ,  0.00 ,  0.00 
 0.00 ,  0.00 ,  0.00 
 0.00 ,  0.00 ,  0.00 
 0.00 ,  0.00 ,  0.00 
 0.00 ,  0.00 ,  0.00 
 0.00 ,  0.00 ,  0.00 
 0.00 ,  0.00 ,  0.00 
 0.00 ,  0.00 ,  0.00 
 0.00 ,  0.00 ,  0.00 
 0.00 ,  0.00 ,  0.00 
 0.00 ,  0.00 ,  0.00 
 0.00 ,  0.00 ,  0.00 
 0.00 ,  0.00 ,  0.00 
2640.76 ,  0.00 , 2455.90 
 0.00 ,  0.00 ,  0.00 
 0.00 ,  0.00 ,  0.00 
 0.00 ,  0.00 ,  0.00 
 0.00 ,  0.00 ,  0.00 
 0.00 ,  0.00 ,  0.00 
 0.00 ,  0.00 ,  0.00 
 0.00 ,  0.00 ,  0.00 
 0.00 ,  0.00 ,  0.00 
 0.00 , 281.60 , 188.05 
 0.00 , 6282.13 , 4480.00 
 0.00 , 2379.48 , 1625.09 
 0.00 , 961.27 , 646.57 
 0.00 , 232.47 , 155.16 
 0.00 , 50.16 , 33.41 
 0.00 ,  0.00 ,  0.00 
 0.00 ,  0.00 ,  0.00 
 0.00 ,  0.00 ,  0.00 
 0.00 ,  0.00 ,  0.00 
 0.00 ,  0.00 ,  0.00 
 0.00 ,  0.00 ,  0.00 
2619.77 ,  0.00 , 2436.39 
 0.00 ,  0.00 ,  0.00 
 0.00 , 343.24 , 229.36 
 0.00 , 714.37 , 479.23 
 0.00 , 868.23 , 583.41 
 0.00 ,  0.00 ,  0.00 
 0.00 ,  0.00 ,  0.00 
 0.00 ,  0.00 ,  0.00 
 0.00 ,  0.00 ,  0.00 
 0.00 ,  0.00 ,  0.00 
 0.00 ,  0.00 ,  0.00 
 0.00 , 491.69 , 329.07 
 0.00 , 774.43 , 519.86 
 0.00 , 6282.13 , 4480.00 
 0.00 , 2357.86 , 1609.95 
 0.00 , 1364.41 , 921.70 
 0.00 ,  0.00 ,  0.00 
 0.00 ,  0.00 ,  0.00 
 0.00 ,  0.00 ,  0.00 
2560.42 ,  0.00 , 2381.19 
 0.00 ,  0.00 ,  0.00 
 0.00 ,  0.00 ,  0.00 
 0.00 ,  0.00 ,  0.00 
 0.00 ,  0.00 ,  0.00 
 0.00 ,  0.00 ,  0.00 
 0.00 ,  0.00 ,  0.00 
 0.00 ,  0.00 ,  0.00 
 0.00 ,  0.00 ,  0.00 
 0.00 ,  0.00 ,  0.00 
 0.00 ,  0.00 ,  0.00 
 0.00 ,  0.00 ,  0.00 
 0.00 ,  0.00 ,  0.00 
 0.00 ,  0.00 ,  0.00 
 0.00 ,  0.00 ,  0.00 
 0.00 ,  0.00 ,  0.00 
 0.00 ,  0.00 ,  0.00 
 0.00 ,  0.00 ,  0.00 
 0.00 , 5672.75 , 4017.72 
 0.00 , 1897.50 , 1289.18 
2527.78 , 884.63 , 2945.95 
 0.00 , 1059.50 , 713.39 
 0.00 , 745.69 , 500.42 
 0.00 , 64.21 , 42.78 
 0.00 ,  0.00 ,  0.00 
 0.00 ,  0.00 ,  0.00 
 0.00 ,  0.00 ,  0.00 
 0.00 ,  0.00 ,  0.00 
 0.00 ,  0.00 ,  0.00 
 0.00 ,  0.00 ,  0.00 
 0.00 ,  0.00 ,  0.00 
 0.00 , 307.43 , 205.35 
 0.00 , 494.71 , 331.10 
 0.00 , 575.31 , 385.37 
 0.00 ,  0.00 ,  0.00 
 0.00 ,  0.00 ,  0.00 
 0.00 ,  0.00 ,  0.00 
 0.00 ,  0.00 ,  0.00 
 0.00 ,  0.00 ,  0.00 
 0.00 ,  0.00 ,  0.00 
 0.00 ,  0.00 ,  0.00 
 0.00 ,  0.00 ,  0.00 
2759.19 , 5937.95 , 6816.72 
 0.00 , 2080.12 , 1416.05 
 0.00 , 500.69 , 335.12 
 0.00 ,  0.00 ,  0.00 
 0.00 ,  0.00 ,  0.00 
 0.00 ,  0.00 ,  0.00 
 0.00 ,  0.00 ,  0.00 
 0.00 ,  0.00 ,  0.00 
 0.00 ,  0.00 ,  0.00 
 0.00 ,  0.00 ,  0.00 
 0.00 ,  0.00 ,  0.00 
 0.00 ,  0.00 ,  0.00 
 0.00 ,  0.00 ,  0.00 
 0.00 ,  0.00 ,  0.00 
 0.00 ,  0.00 ,  0.00 
 0.00 ,  0.00 ,  0.00 
2609.67 ,  0.00 , 2426.99 
 0.00 ,  0.00 ,  0.00 
 0.00 ,  0.00 ,  0.00 
 0.00 ,  0.00 ,  0.00 
 0.00 ,  0.00 ,  0.00 
 0.00 ,  0.00 ,  0.00 
 0.00 ,  0.00 ,  0.00 
 0.00 ,  0.00 ,  0.00 
 0.00 , 4259.82 , 2969.83 
 0.00 , 1498.43 , 1013.69 
 0.00 , 877.84 , 589.93 
 0.00 ,  0.00 ,  0.00 
 0.00 ,  0.00 ,  0.00 
 0.00 ,  0.00 ,  0.00 
 0.00 ,  0.00 ,  0.00 
 0.00 ,  0.00 ,  0.00 
 0.00 ,  0.00 ,  0.00 
 0.00 ,  0.00 ,  0.00 
 0.00 ,  0.00 ,  0.00 
 0.00 ,  0.00 ,  0.00 
2546.54 ,  0.00 , 2368.28 
 0.00 ,  0.00 ,  0.00 
 0.00 ,  0.00 ,  0.00 
 0.00 ,  0.00 ,  0.00 
 0.00 ,  0.00 ,  0.00 
 0.00 ,  0.00 ,  0.00 
 0.00 ,  0.00 ,  0.00 
 0.00 ,  0.00 ,  0.00 
 0.00 ,  0.00 ,  0.00 
 0.00 ,  0.00 ,  0.00 
 0.00 ,  0.00 ,  0.00 
 0.00 ,  0.00 ,  0.00 
 0.00 , 3095.73 , 2130.81 
 0.00 , 1045.99 , 704.19 
 0.00 , 877.48 , 589.68 
 0.00 ,  0.00 ,  0.00 
 0.00 , 489.68 , 327.72 
 0.00 ,  0.00 ,  0.00 
 0.00 ,  0.00 ,  0.00 
 0.00 ,  0.00 ,  0.00 
2585.00 ,  0.00 , 2404.05 
 0.00 ,  0.00 ,  0.00 
 0.00 ,  0.00 ,  0.00 
 0.00 ,  0.00 ,  0.00 
 0.00 ,  0.00 ,  0.00 
 0.00 ,  0.00 ,  0.00 
 0.00 ,  0.00 ,  0.00 
 0.00 ,  0.00 ,  0.00 
 0.00 ,  0.00 ,  0.00 
 0.00 ,  0.00 ,  0.00 
 0.00 ,  0.00 ,  0.00 
 0.00 ,  0.00 ,  0.00 
 0.00 ,  0.00 ,  0.00 
 0.00 ,  0.00 ,  0.00 
 0.00 ,  0.00 ,  0.00 
 0.00 ,  0.00 ,  0.00 
 0.00 , 3883.76 , 2696.43 
 0.00 , 1424.28 , 962.76 
 0.00 ,  0.00 ,  0.00 
 0.00 ,  0.00 ,  0.00 
2656.65 ,  0.00 , 2470.68 
 0.00 ,  0.00 ,  0.00 
 0.00 ,  0.00 ,  0.00 
 0.00 ,  0.00 ,  0.00 
 0.00 ,  0.00 ,  0.00 
 0.00 ,  0.00 ,  0.00 
 0.00 ,  0.00 ,  0.00 
 0.00 ,  0.00 ,  0.00 
 0.00 ,  0.00 ,  0.00 
 0.00 ,  0.00 ,  0.00 
 0.00 ,  0.00 ,  0.00 
 0.00 ,  0.00 ,  0.00 
 0.00 ,  0.00 ,  0.00 
 0.00 ,  0.00 ,  0.00 
 0.00 ,  0.00 ,  0.00 
 0.00 ,  0.00 ,  0.00 
 0.00 ,  0.00 ,  0.00 
 0.00 ,  0.00 ,  0.00 
 0.00 ,  0.00 ,  0.00 
 0.00 ,  0.00 ,  0.00 
 0.00 , 911.41 , 612.71 
2619.97 , 767.43 , 2952.15 
 0.00 , 713.32 , 478.52 
 0.00 , 439.85 , 294.21 
 0.00 , 21.06 , 14.02 
 0.00 ,  0.00 ,  0.00 
 0.00 ,  0.00 ,  0.00 
 0.00 ,  0.00 ,  0.00 
 0.00 ,  0.00 ,  0.00 
 0.00 ,  0.00 ,  0.00 
 0.00 ,  0.00 ,  0.00 
 0.00 ,  0.00 ,  0.00 
 0.00 ,  0.00 ,  0.00 
 0.00 ,  0.00 ,  0.00 
 0.00 ,  0.00 ,  0.00 
 0.00 ,  0.00 ,  0.00 
 0.00 ,  0.00 ,  0.00 
 0.00 ,  0.00 ,  0.00 
 0.00 ,  0.00 ,  0.00 
 0.00 ,  0.00 ,  0.00 
2512.37 ,  0.00 , 2336.50 
 0.00 ,  0.00 ,  0.00 
 0.00 ,  0.00 ,  0.00 
 0.00 ,  0.00 ,  0.00 
 0.00 , 2638.75 , 1807.24 
 0.00 , 1001.42 , 673.86 
 0.00 , 327.53 , 218.82 
 0.00 ,  0.00 ,  0.00 
 0.00 ,  0.00 ,  0.00 
 0.00 ,  0.00 ,  0.00 
 0.00 ,  0.00 ,  0.00 
 0.00 ,  0.00 ,  0.00 
 0.00 ,  0.00 ,  0.00 
 0.00 ,  0.00 ,  0.00 
 0.00 ,  0.00 ,  0.00 
 0.00 ,  0.00 ,  0.00 
 0.00 ,  0.00 ,  0.00 
2588.93 ,  0.00 , 2407.71 
 0.00 ,  0.00 ,  0.00 
 0.00 ,  0.00 ,  0.00 
 0.00 ,  0.00 ,  0.00 
 0.00 ,  0.00 ,  0.00 
 0.00 ,  0.00 ,  0.00 
 0.00 ,  0.00 ,  0.00 
 0.00 ,  0.00 ,  0.00 
 0.00 ,  0.00 ,  0.00 
 0.00 ,  0.00 ,  0.00 
 0.00 ,  0.00 ,  0.00 
 0.00 ,  0.00 ,  0.00 
 0.00 ,  0.00 ,  0.00 
 0.00 ,  0.00 ,  0.00 
 0.00 ,  0.00 ,  0.00 
 0.00 ,  0.00 ,  0.00 
 0.00 ,  0.00 ,  0.00 
 0.00 ,  0.00 ,  0.00 
 0.00 ,  0.00 ,  0.00 
 0.00 ,  0.00 ,  0.00 
2536.96 ,  0.00 , 2359.37 
 0.00 ,  0.00 ,  0.00 
 0.00 ,  0.00 ,  0.00 
 0.00 ,  0.00 ,  0.00 
 0.00 ,  0.00 ,  0.00 
 0.00 ,  0.00 ,  0.00 
 0.00 ,  0.00 ,  0.00 
 0.00 ,  0.00 ,  0.00 
 0.00 ,  0.00 ,  0.00 
 0.00 ,  0.00 ,  0.00 
 0.00 ,  0.00 ,  0.00 
 0.00 ,  0.00 ,  0.00 
 0.00 ,  0.00 ,  0.00 
 0.00 ,  0.00 ,  0.00 
 0.00 ,  0.00 ,  0.00 
 0.00 , 940.61 , 632.54 
 0.00 , 450.99 , 301.70 
 0.00 , 114.30 , 76.19 
 0.00 , 232.85 , 155.41 
2532.98 ,  0.00 , 2355.67 
 0.00 ,  0.00 ,  0.00 
 0.00 ,  0.00 ,  0.00 
 0.00 ,  0.00 ,  0.00 
 0.00 ,  0.00 ,  0.00 
 0.00 ,  0.00 ,  0.00 
 0.00 ,  0.00 ,  0.00 
 0.00 ,  0.00 ,  0.00 
 0.00 ,  0.00 ,  0.00 
 0.00 ,  0.00 ,  0.00 
 0.00 ,  0.00 ,  0.00 
 0.00 ,  0.00 ,  0.00 
 0.00 ,  0.00 ,  0.00 
 0.00 ,  0.00 ,  0.00 
 0.00 ,  0.00 ,  0.00 
 0.00 ,  0.00 ,  0.00 
 0.00 ,  0.00 ,  0.00 
 0.00 ,  0.00 ,  0.00 
 0.00 ,  0.00 ,  0.00 
 0.00 ,  0.00 ,  0.00 
 0.00 ,  0.00 ,  0.00 
2619.97 , 78.10 , 2488.62 
 0.00 ,  0.00 ,  0.00 
 0.00 ,  0.00 ,  0.00 
 0.00 ,  0.00 ,  0.00 
 0.00 ,  0.00 ,  0.00 
 0.00 ,  0.00 ,  0.00 
 0.00 ,  0.00 ,  0.00 
 0.00 ,  0.00 ,  0.00 
 0.00 ,  0.00 ,  0.00 
 0.00 ,  0.00 ,  0.00 
 0.00 ,  0.00 ,  0.00 
 0.00 ,  0.00 ,  0.00 
 0.00 ,  0.00 ,  0.00 
 0.00 ,  0.00 ,  0.00 
 0.00 ,  0.00 ,  0.00 
 0.00 ,  0.00 ,  0.00 
 0.00 ,  0.00 ,  0.00 
 0.00 ,  0.00 ,  0.00 
 0.00 ,  0.00 ,  0.00 
2512.37 ,  0.00 , 2336.50 
 0.00 ,  0.00 ,  0.00 
 0.00 ,  0.00 ,  0.00 
 0.00 ,  0.00 ,  0.00 
 0.00 , 316.23 , 211.25 
 0.00 , 417.87 , 279.45 
 0.00 , 244.28 , 163.06 
 0.00 ,  0.00 ,  0.00 
 0.00 ,  0.00 ,  0.00 
 0.00 ,  0.00 ,  0.00 
 0.00 ,  0.00 ,  0.00 
 0.00 ,  0.00 ,  0.00 
 0.00 ,  0.00 ,  0.00 
 0.00 ,  0.00 ,  0.00 
 0.00 ,  0.00 ,  0.00 
 0.00 ,  0.00 ,  0.00 
 0.00 ,  0.00 ,  0.00 
2588.93 ,  0.00 , 2407.71 
 0.00 ,  0.00 ,  0.00 
 0.00 ,  0.00 ,  0.00 
 0.00 ,  0.00 ,  0.00 
 0.00 ,  0.00 ,  0.00 
 0.00 ,  0.00 ,  0.00 
 0.00 ,  0.00 ,  0.00 
 0.00 ,  0.00 ,  0.00 
 0.00 ,  0.00 ,  0.00 
 0.00 ,  0.00 ,  0.00 
 0.00 ,  0.00 ,  0.00 
 0.00 ,  0.00 ,  0.00 
 0.00 , 35.95 , 23.94 
 0.00 , 152.41 , 101.64 
 0.00 , 74.60 , 49.71 
 0.00 ,  0.00 ,  0.00 
 0.00 ,  0.00 ,  0.00 
 0.00 ,  0.00 ,  0.00 
 0.00 ,  0.00 ,  0.00 
 0.00 ,  0.00 ,  0.00 
2536.96 ,  0.00 , 2359.37 
 0.00 ,  0.00 ,  0.00 
 0.00 ,  0.00 ,  0.00 
 0.00 ,  0.00 ,  0.00 
 0.00 ,  0.00 ,  0.00 
 0.00 ,  0.00 ,  0.00 
 0.00 ,  0.00 ,  0.00 
 0.00 ,  0.00 ,  0.00 
 0.00 ,  0.00 ,  0.00 
 0.00 ,  0.00 ,  0.00 
 0.00 ,  0.00 ,  0.00 
 0.00 ,  0.00 ,  0.00 
 0.00 ,  0.00 ,  0.00 
 0.00 ,  0.00 ,  0.00 
 0.00 ,  0.00 ,  0.00 
 0.00 ,  0.00 ,  0.00 
 0.00 , 113.38 , 75.58 
 0.00 ,  0.00 ,  0.00 
 0.00 ,  0.00 ,  0.00 
2532.98 ,  0.00 , 2355.67 
 0.00 ,  0.00 ,  0.00 
 0.00 ,  0.00 ,  0.00 
 0.00 ,  0.00 ,  0.00 
 0.00 ,  0.00 ,  0.00 
 0.00 ,  0.00 ,  0.00 
 0.00 ,  0.00 ,  0.00 
 0.00 ,  0.00 ,  0.00 
 0.00 ,  0.00 ,  0.00 
 0.00 ,  0.00 ,  0.00 
 0.00 ,  0.00 ,  0.00 
 0.00 ,  0.00 ,  0.00 
 0.00 ,  0.00 ,  0.00 
 0.00 ,  0.00 ,  0.00 
 0.00 ,  0.00 ,  0.00 
 0.00 ,  0.00 ,  0.00 
 0.00 ,  0.00 ,  0.00 
 0.00 ,  0.00 ,  0.00 
 0.00 ,  0.00 ,  0.00 
 0.00 ,  0.00 ,  0.00 
 0.00 , 1091.40 , 735.12 
2619.97 , 661.84 , 2880.66 
 0.00 , 495.25 , 331.47 
 0.00 , 271.63 , 181.37 
 0.00 , 161.02 , 107.39 
 0.00 ,  0.00 ,  0.00 
 0.00 ,  0.00 ,  0.00 
 0.00 ,  0.00 ,  0.00 
 0.00 ,  0.00 ,  0.00 
 0.00 ,  0.00 ,  0.00 
 0.00 ,  0.00 ,  0.00 
 0.00 ,  0.00 ,  0.00 
 0.00 ,  0.00 ,  0.00 
 0.00 ,  0.00 ,  0.00 
 0.00 ,  0.00 ,  0.00 
 0.00 ,  0.00 ,  0.00 
 0.00 ,  0.00 ,  0.00 
 0.00 ,  0.00 ,  0.00 
 0.00 ,  0.00 ,  0.00 
 0.00 ,  0.00 ,  0.00 
2512.37 ,  0.00 , 2336.50 
 0.00 ,  0.00 ,  0.00 
 0.00 ,  0.00 ,  0.00 
 0.00 ,  0.00 ,  0.00 
 0.00 , 3191.64 , 2199.13 
 0.00 , 1122.47 , 756.30 
 0.00 , 836.49 , 561.89 
 0.00 , 225.35 , 150.39 
 0.00 ,  0.00 ,  0.00 
 0.00 ,  0.00 ,  0.00 
 0.00 ,  0.00 ,  0.00 
 0.00 ,  0.00 ,  0.00 
 0.00 ,  0.00 ,  0.00 
 0.00 ,  0.00 ,  0.00 
 0.00 ,  0.00 ,  0.00 
 0.00 ,  0.00 ,  0.00 
 0.00 ,  0.00 ,  0.00 
2588.93 ,  0.00 , 2407.71 
 0.00 ,  0.00 ,  0.00 
 0.00 ,  0.00 ,  0.00 
 0.00 ,  0.00 ,  0.00 
 0.00 ,  0.00 ,  0.00 
 0.00 ,  0.00 ,  0.00 
 0.00 ,  0.00 ,  0.00 
 0.00 ,  0.00 ,  0.00 
 0.00 ,  0.00 ,  0.00 
 0.00 ,  0.00 ,  0.00 
 0.00 ,  0.00 ,  0.00 
 0.00 , 2321.71 , 1584.65 
 0.00 , 1056.54 , 711.37 
 0.00 , 600.15 , 402.12 
 0.00 ,  0.00 ,  0.00 
 0.00 ,  0.00 ,  0.00 
 0.00 ,  0.00 ,  0.00 
 0.00 ,  0.00 ,  0.00 
 0.00 ,  0.00 ,  0.00 
 0.00 ,  0.00 ,  0.00 
2536.96 ,  0.00 , 2359.37 
 0.00 ,  0.00 ,  0.00 
 0.00 ,  0.00 ,  0.00 
 0.00 ,  0.00 ,  0.00 
 0.00 ,  0.00 ,  0.00 
 0.00 ,  0.00 ,  0.00 
 0.00 ,  0.00 ,  0.00 
 0.00 ,  0.00 ,  0.00 
 0.00 ,  0.00 ,  0.00 
 0.00 ,  0.00 ,  0.00 
 0.00 ,  0.00 ,  0.00 
 0.00 ,  0.00 ,  0.00 
 0.00 ,  0.00 ,  0.00 
 0.00 ,  0.00 ,  0.00 
 0.00 ,  0.00 ,  0.00 
 0.00 , 3009.70 , 2069.65 
 0.00 , 1290.32 , 870.95 
 0.00 , 845.17 , 567.78 
 0.00 ,  0.00 ,  0.00 
2532.98 ,  0.00 , 2355.67 
 0.00 ,  0.00 ,  0.00 
 0.00 ,  0.00 ,  0.00 
 0.00 ,  0.00 ,  0.00 
 0.00 ,  0.00 ,  0.00 
 0.00 ,  0.00 ,  0.00 
 0.00 ,  0.00 ,  0.00 
 0.00 ,  0.00 ,  0.00 
 0.00 ,  0.00 ,  0.00 
 0.00 ,  0.00 ,  0.00 
 0.00 ,  0.00 ,  0.00 
 0.00 ,  0.00 ,  0.00 
 0.00 ,  0.00 ,  0.00 
 0.00 ,  0.00 ,  0.00 
 0.00 ,  0.00 ,  0.00 
 0.00 ,  0.00 ,  0.00 
 0.00 ,  0.00 ,  0.00 
 0.00 ,  0.00 ,  0.00 
 0.00 ,  0.00 ,  0.00 
 0.00 ,  0.00 ,  0.00 
 0.00 , 3192.30 , 2199.60 
2619.97 , 1041.58 , 3138.60 
 0.00 , 346.46 , 231.52 
 0.00 , 125.08 , 83.39 
 0.00 ,  0.00 ,  0.00 
 0.00 ,  0.00 ,  0.00 
 0.00 ,  0.00 ,  0.00 
 0.00 ,  0.00 ,  0.00 
 0.00 ,  0.00 ,  0.00 
 0.00 ,  0.00 ,  0.00 
 0.00 ,  0.00 ,  0.00 
 0.00 ,  0.00 ,  0.00 
 0.00 ,  0.00 ,  0.00 
 0.00 ,  0.00 ,  0.00 
 0.00 ,  0.00 ,  0.00 
 0.00 ,  0.00 ,  0.00 
 0.00 ,  0.00 ,  0.00 
 0.00 ,  0.00 ,  0.00 
 0.00 ,  0.00 ,  0.00 
 0.00 ,  0.00 ,  0.00 
2512.37 ,  0.00 , 2336.50 
 0.00 ,  0.00 ,  0.00 
 0.00 ,  0.00 ,  0.00 
 0.00 ,  0.00 ,  0.00 
 0.00 , 922.55 , 620.27 
 0.00 , 537.84 , 360.13 
 0.00 ,  0.00 ,  0.00 
 0.00 ,  0.00 ,  0.00 
 0.00 ,  0.00 ,  0.00 
 0.00 ,  0.00 ,  0.00 
 0.00 ,  0.00 ,  0.00 
 0.00 ,  0.00 ,  0.00 
 0.00 ,  0.00 ,  0.00 
 0.00 ,  0.00 ,  0.00 
 0.00 ,  0.00 ,  0.00 
 0.00 ,  0.00 ,  0.00 
 0.00 ,  0.00 ,  0.00 
2588.93 ,  0.00 , 2407.71 
 0.00 ,  0.00 ,  0.00 
 0.00 ,  0.00 ,  0.00 
 0.00 ,  0.00 ,  0.00 
 0.00 ,  0.00 ,  0.00 
 0.00 ,  0.00 ,  0.00 
 0.00 ,  0.00 ,  0.00 
 0.00 ,  0.00 ,  0.00 
 0.00 ,  0.00 ,  0.00 
 0.00 ,  0.00 ,  0.00 
 0.00 ,  0.00 ,  0.00 
 0.00 , 3508.05 , 2425.54 
 0.00 , 1424.10 , 962.64 
 0.00 , 741.75 , 497.75 
 0.00 ,  0.00 ,  0.00 
 0.00 ,  0.00 ,  0.00 
 0.00 ,  0.00 ,  0.00 
 0.00 ,  0.00 ,  0.00 
 0.00 ,  0.00 ,  0.00 
 0.00 ,  0.00 ,  0.00 
2536.96 ,  0.00 , 2359.37 
 0.00 ,  0.00 ,  0.00 
 0.00 ,  0.00 ,  0.00 
 0.00 ,  0.00 ,  0.00 
 0.00 ,  0.00 ,  0.00 
 0.00 ,  0.00 ,  0.00 
 0.00 ,  0.00 ,  0.00 
 0.00 ,  0.00 ,  0.00 
 0.00 ,  0.00 ,  0.00 
 0.00 ,  0.00 ,  0.00 
 0.00 ,  0.00 ,  0.00 
 0.00 ,  0.00 ,  0.00 
 0.00 ,  0.00 ,  0.00 
 0.00 ,  0.00 ,  0.00 
 0.00 ,  0.00 ,  0.00 
 0.00 , 3167.92 , 2182.22 
 0.00 , 1429.86 , 966.59 
 0.00 , 1225.24 , 826.45 
 0.00 , 793.98 , 533.09 
2532.98 , 582.01 , 2745.82 
 0.00 ,  0.00 ,  0.00 
 0.00 ,  0.00 ,  0.00 
 0.00 ,  0.00 ,  0.00 
 0.00 ,  0.00 ,  0.00 
 0.00 ,  0.00 ,  0.00 
 0.00 ,  0.00 ,  0.00 
 0.00 ,  0.00 ,  0.00 
 0.00 ,  0.00 ,  0.00 
 0.00 ,  0.00 ,  0.00 
 0.00 ,  0.00 ,  0.00 
 0.00 ,  0.00 ,  0.00 
 0.00 ,  0.00 ,  0.00 
 0.00 ,  0.00 ,  0.00 
 0.00 ,  0.00 ,  0.00 
 0.00 ,  0.00 ,  0.00 
 0.00 ,  0.00 ,  0.00 
 0.00 ,  0.00 ,  0.00 
 0.00 ,  0.00 ,  0.00 
 0.00 ,  0.00 ,  0.00 
 0.00 , 4083.51 , 2841.37 
2619.97 , 1624.51 , 3539.12 
 0.00 ,  0.00 ,  0.00 
 0.00 ,  0.00 ,  0.00 
 0.00 ,  0.00 ,  0.00 
 0.00 ,  0.00 ,  0.00 
 0.00 ,  0.00 ,  0.00 
 0.00 ,  0.00 ,  0.00 
 0.00 ,  0.00 ,  0.00 
 0.00 ,  0.00 ,  0.00 
 0.00 ,  0.00 ,  0.00 
 0.00 ,  0.00 ,  0.00 
 0.00 ,  0.00 ,  0.00 
 0.00 ,  0.00 ,  0.00 
 0.00 ,  0.00 ,  0.00 
 0.00 ,  0.00 ,  0.00 
 0.00 ,  0.00 ,  0.00 
 0.00 ,  0.00 ,  0.00 
 0.00 ,  0.00 ,  0.00 
 0.00 ,  0.00 ,  0.00 
2512.37 ,  0.00 , 2336.50 
 0.00 ,  0.00 ,  0.00 
 0.00 ,  0.00 ,  0.00 
 0.00 ,  0.00 ,  0.00 
 0.00 , 2923.43 , 2008.44 
 0.00 , 1504.10 , 1017.59 
 0.00 , 602.75 , 403.88 
 0.00 ,  0.00 ,  0.00 
 0.00 ,  0.00 ,  0.00 
 0.00 ,  0.00 ,  0.00 
 0.00 ,  0.00 ,  0.00 
 0.00 ,  0.00 ,  0.00 
 0.00 ,  0.00 ,  0.00 
 0.00 ,  0.00 ,  0.00 
 0.00 ,  0.00 ,  0.00 
 0.00 ,  0.00 ,  0.00 
 0.00 ,  0.00 ,  0.00 
2588.93 ,  0.00 , 2407.71 
 0.00 ,  0.00 ,  0.00 
 0.00 ,  0.00 ,  0.00 
 0.00 ,  0.00 ,  0.00 
 0.00 ,  0.00 ,  0.00 
 0.00 ,  0.00 ,  0.00 
 0.00 ,  0.00 ,  0.00 
 0.00 ,  0.00 ,  0.00 
 0.00 ,  0.00 ,  0.00 
 0.00 ,  0.00 ,  0.00 
 0.00 ,  0.00 ,  0.00 
 0.00 , 3508.16 , 2425.62 
 0.00 , 1613.89 , 1093.15 
 0.00 , 334.17 , 223.27 
 0.00 ,  0.00 ,  0.00 
 0.00 ,  0.00 ,  0.00 
 0.00 ,  0.00 ,  0.00 
 0.00 ,  0.00 ,  0.00 
 0.00 ,  0.00 ,  0.00 
 0.00 ,  0.00 ,  0.00 
2536.96 ,  0.00 , 2359.37 
 0.00 ,  0.00 ,  0.00 
 0.00 ,  0.00 ,  0.00 
 0.00 ,  0.00 ,  0.00 
 0.00 ,  0.00 ,  0.00 
 0.00 ,  0.00 ,  0.00 
 0.00 ,  0.00 ,  0.00 
 0.00 ,  0.00 ,  0.00 
 0.00 ,  0.00 ,  0.00 
 0.00 ,  0.00 ,  0.00 
 0.00 ,  0.00 ,  0.00 
 0.00 ,  0.00 ,  0.00 
 0.00 ,  0.00 ,  0.00 
 0.00 ,  0.00 ,  0.00 
 0.00 ,  0.00 ,  0.00 
 0.00 , 4190.43 , 2919.22 
 0.00 , 1582.96 , 1071.84 
 0.00 , 863.44 , 580.16 
 0.00 ,  0.00 ,  0.00 
2532.98 ,  0.00 , 2355.67 
 0.00 ,  0.00 ,  0.00 
 0.00 ,  0.00 ,  0.00 
 0.00 ,  0.00 ,  0.00 
 0.00 ,  0.00 ,  0.00 
 0.00 ,  0.00 ,  0.00 
 0.00 ,  0.00 ,  0.00 
 0.00 ,  0.00 ,  0.00 
 0.00 ,  0.00 ,  0.00 
 0.00 ,  0.00 ,  0.00 
 0.00 ,  0.00 ,  0.00 
 0.00 ,  0.00 ,  0.00 
 0.00 ,  0.00 ,  0.00 
 0.00 ,  0.00 ,  0.00 
 0.00 ,  0.00 ,  0.00 
 0.00 ,  0.00 ,  0.00 
 0.00 ,  0.00 ,  0.00 
 0.00 ,  0.00 ,  0.00 
 0.00 ,  0.00 ,  0.00 
 0.00 ,  0.00 ,  0.00 
 0.00 , 3942.30 , 2738.84 
2619.97 , 1592.14 , 3516.73 
 0.00 , 1326.61 , 895.80 
 0.00 ,  0.00 ,  0.00 
 0.00 ,  0.00 ,  0.00 
 0.00 ,  0.00 ,  0.00 
 0.00 ,  0.00 ,  0.00 
 0.00 ,  0.00 ,  0.00 
 0.00 ,  0.00 ,  0.00 
 0.00 ,  0.00 ,  0.00 
 0.00 ,  0.00 ,  0.00 
 0.00 ,  0.00 ,  0.00 
 0.00 ,  0.00 ,  0.00 
 0.00 ,  0.00 ,  0.00 
 0.00 ,  0.00 ,  0.00 
 0.00 ,  0.00 ,  0.00 
 0.00 ,  0.00 ,  0.00 
 0.00 ,  0.00 ,  0.00 
 0.00 ,  0.00 ,  0.00 
 0.00 ,  0.00 ,  0.00 
2512.37 ,  0.00 , 2336.50 
 0.00 ,  0.00 ,  0.00 
 0.00 ,  0.00 ,  0.00 
 0.00 ,  0.00 ,  0.00 
 0.00 , 4084.78 , 2842.30 
 0.00 , 1560.38 , 1056.30 
 0.00 , 1056.51 , 711.36 
 0.00 ,  0.00 ,  0.00 
 0.00 ,  0.00 ,  0.00 
 0.00 ,  0.00 ,  0.00 
 0.00 ,  0.00 ,  0.00 
 0.00 ,  0.00 ,  0.00 
 0.00 ,  0.00 ,  0.00 
 0.00 ,  0.00 ,  0.00 
 0.00 ,  0.00 ,  0.00 
 0.00 ,  0.00 ,  0.00 
 0.00 ,  0.00 ,  0.00 
2588.93 ,  0.00 , 2407.71 
 0.00 ,  0.00 ,  0.00 
 0.00 ,  0.00 ,  0.00 
 0.00 ,  0.00 ,  0.00 
 0.00 ,  0.00 ,  0.00 
 0.00 ,  0.00 ,  0.00 
 0.00 ,  0.00 ,  0.00 
 0.00 ,  0.00 ,  0.00 
 0.00 ,  0.00 ,  0.00 
 0.00 ,  0.00 ,  0.00 
 0.00 ,  0.00 ,  0.00 
 0.00 , 2156.67 , 1469.38 
 0.00 , 1165.85 , 785.89 
 0.00 , 733.42 , 492.11 
 0.00 ,  0.00 ,  0.00 
 0.00 ,  0.00 ,  0.00 
 0.00 ,  0.00 ,  0.00 
 0.00 ,  0.00 ,  0.00 
 0.00 ,  0.00 ,  0.00 
 0.00 ,  0.00 ,  0.00 
2536.96 ,  0.00 , 2359.37 
 0.00 ,  0.00 ,  0.00 
 0.00 ,  0.00 ,  0.00 
 0.00 ,  0.00 ,  0.00 
 0.00 ,  0.00 ,  0.00 
 0.00 ,  0.00 ,  0.00 
 0.00 ,  0.00 ,  0.00 
 0.00 ,  0.00 ,  0.00 
 0.00 ,  0.00 ,  0.00 
 0.00 ,  0.00 ,  0.00 
 0.00 ,  0.00 ,  0.00 
 0.00 ,  0.00 ,  0.00 
 0.00 ,  0.00 ,  0.00 
 0.00 ,  0.00 ,  0.00 
 0.00 ,  0.00 ,  0.00 
 0.00 , 2718.60 , 1863.55 
 0.00 , 1262.16 , 851.69 
 0.00 , 795.75 , 534.30 
 0.00 ,  0.00 ,  0.00 
2532.98 ,  0.00 , 2355.67 
 0.00 ,  0.00 ,  0.00 
 0.00 ,  0.00 ,  0.00 
 0.00 ,  0.00 ,  0.00 
 0.00 ,  0.00 ,  0.00 
 0.00 ,  0.00 ,  0.00 
 0.00 ,  0.00 ,  0.00 
 0.00 ,  0.00 ,  0.00 
 0.00 ,  0.00 ,  0.00 
 0.00 ,  0.00 ,  0.00 
 0.00 ,  0.00 ,  0.00 
 0.00 ,  0.00 ,  0.00 
 0.00 ,  0.00 ,  0.00 
 0.00 ,  0.00 ,  0.00 
 0.00 ,  0.00 ,  0.00 
 0.00 ,  0.00 ,  0.00 
 0.00 ,  0.00 ,  0.00 
 0.00 ,  0.00 ,  0.00 
 0.00 ,  0.00 ,  0.00 
 0.00 ,  0.00 ,  0.00 
 0.00 , 6190.79 , 4410.30 
2665.87 , 2238.30 , 4009.68 
 0.00 , 1252.35 , 844.98 
 0.00 , 404.71 , 270.61 
 0.00 , 319.35 , 213.34 
 0.00 ,  0.00 ,  0.00 
 0.00 ,  0.00 ,  0.00 
 0.00 ,  0.00 ,  0.00 
 0.00 ,  0.00 ,  0.00 
 0.00 ,  0.00 ,  0.00 
 0.00 , 443.64 , 296.76 
 0.00 , 1028.20 , 692.08 
 0.00 , 955.96 , 642.96 
 0.00 , 997.49 , 671.19 
 0.00 , 1086.50 , 731.78 
 0.00 , 1173.38 , 791.03 
2568.97 ,  0.00 , 2389.15 
 0.00 ,  0.00 ,  0.00 
 0.00 ,  0.00 ,  0.00 
 0.00 ,  0.00 ,  0.00 
 0.00 ,  0.00 ,  0.00 
 0.00 , 438.32 , 293.19 
 0.00 , 786.67 , 528.15 
 0.00 , 868.72 , 583.74 
 0.00 , 6282.13 , 4480.00 
 0.00 , 2303.57 , 1571.96 
 0.00 , 1484.62 , 1004.20 
 0.00 , 1797.88 , 1220.19 
 0.00 , 846.95 , 568.98 
 0.00 , 361.81 , 241.81 
 0.00 , 881.45 , 592.38 
 0.00 , 882.70 , 593.23 
 0.00 , 798.24 , 535.98 
 0.00 , 972.53 , 654.22 
 0.00 , 1374.90 , 928.89 
 0.00 , 1385.41 , 936.09 
2705.15 , 1208.04 , 3331.67 
 0.00 , 1263.28 , 852.45 
 0.00 , 1269.13 , 856.46 
 0.00 , 1327.74 , 896.57 
 0.00 ,  0.00 ,  0.00 
 0.00 ,  0.00 ,  0.00 
 0.00 ,  0.00 ,  0.00 
 0.00 ,  0.00 ,  0.00 
 0.00 ,  0.00 ,  0.00 
 0.00 , 541.11 , 362.34 
 0.00 , 787.64 , 528.80 
 0.00 , 859.96 , 577.80 
 0.00 , 6282.13 , 4480.00 
 0.00 , 2342.47 , 1599.17 
 0.00 , 2145.59 , 1461.65 
 0.00 , 1770.66 , 1201.36 
 0.00 , 1302.55 , 879.33 
 0.00 , 1059.84 , 713.62 
2511.91 , 1115.34 , 3088.43 
 0.00 , 897.23 , 603.09 
 0.00 , 747.91 , 501.92 
 0.00 , 1233.36 , 832.00 
 0.00 , 1511.01 , 1022.34 
 0.00 , 1478.07 , 999.69 
 0.00 , 1290.95 , 871.39 
 0.00 , 1282.18 , 865.38 
 0.00 , 1332.10 , 899.56 
 0.00 , 1386.48 , 936.83 
 0.00 ,  0.00 ,  0.00 
 0.00 ,  0.00 ,  0.00 
 0.00 ,  0.00 ,  0.00 
 0.00 ,  0.00 ,  0.00 
 0.00 , 577.70 , 386.99 
 0.00 , 1020.94 , 687.14 
 0.00 , 1159.44 , 781.52 
 0.00 , 1341.53 , 906.02 
 0.00 , 6282.13 , 4480.00 
 0.00 , 2580.14 , 1765.98 
2684.89 , 365.67 , 2741.45 
 0.00 ,  0.00 ,  0.00 
 0.00 ,  0.00 ,  0.00 
 0.00 ,  0.00 ,  0.00 
 0.00 ,  0.00 ,  0.00 
 0.00 ,  0.00 ,  0.00 
 0.00 ,  0.00 ,  0.00 
 0.00 ,  0.00 ,  0.00 
 0.00 ,  0.00 ,  0.00 
 0.00 , 275.24 , 183.78 
 0.00 , 825.74 , 554.61 
 0.00 , 940.70 , 632.59 
 0.00 , 1045.89 , 704.13 
 0.00 , 1142.84 , 770.19 
 0.00 ,  0.00 ,  0.00 
 0.00 ,  0.00 ,  0.00 
 0.00 ,  0.00 ,  0.00 
 0.00 ,  0.00 ,  0.00 
 0.00 ,  0.00 ,  0.00 
 0.00 , 602.40 , 403.64 
2526.14 , 850.02 , 2920.91 
 0.00 , 985.15 , 662.80 
 0.00 , 6282.13 , 4480.00 
 0.00 , 2441.80 , 1668.78 
 0.00 , 1853.61 , 1258.77 
 0.00 , 1393.39 , 941.57 
 0.00 , 695.34 , 466.38 
 0.00 ,  0.00 ,  0.00 
 0.00 ,  0.00 ,  0.00 
 0.00 ,  0.00 ,  0.00 
 0.00 ,  0.00 ,  0.00 
 0.00 ,  0.00 ,  0.00 
 0.00 , 570.23 , 381.95 
 0.00 , 1019.53 , 686.18 
 0.00 , 871.93 , 585.92 
2675.72 , 944.96 , 3124.62 
 0.00 , 1019.26 , 686.00 
 0.00 , 1091.49 , 735.18 
 0.00 ,  0.00 ,  0.00 
 0.00 ,  0.00 ,  0.00 
 0.00 ,  0.00 ,  0.00 
 0.00 ,  0.00 ,  0.00 
 0.00 ,  0.00 ,  0.00 
 0.00 , 297.49 , 198.69 
 0.00 , 800.02 , 537.19 
 0.00 , 935.66 , 629.17 
 0.00 , 6282.13 , 4480.00 
 0.00 , 2425.87 , 1657.61 
 0.00 , 1868.01 , 1268.75 
 0.00 , 1519.72 , 1028.32 
 0.00 , 1266.58 , 854.71 
 0.00 , 1018.10 , 685.21 
 0.00 , 126.69 , 84.46 
 0.00 ,  0.00 ,  0.00 
2563.22 ,  0.00 , 2383.79 
 0.00 ,  0.00 ,  0.00 
 0.00 , 527.98 , 353.50 
 0.00 , 1102.01 , 742.35 
 0.00 , 959.38 , 645.28 
 0.00 , 1034.41 , 696.31 
 0.00 , 1108.91 , 747.05 
 0.00 , 1181.37 , 796.48 
 0.00 ,  0.00 ,  0.00 
 0.00 ,  0.00 ,  0.00 
 0.00 ,  0.00 ,  0.00 
 0.00 ,  0.00 ,  0.00 
 0.00 ,  0.00 ,  0.00 
 0.00 , 128.44 , 85.63 
 0.00 , 647.13 , 433.81 
 0.00 , 776.36 , 521.17 
 0.00 , 6282.13 , 4480.00 
 0.00 , 2267.97 , 1547.07 
 0.00 , 1731.40 , 1174.23 
2636.29 , 1323.38 , 3346.72 
 0.00 , 24.73 , 16.47 
 0.00 , 278.62 , 186.05 
 0.00 , 540.65 , 362.02 
 0.00 , 849.09 , 570.43 
 0.00 , 1356.62 , 916.36 
 0.00 , 1457.00 , 985.22 
 0.00 , 1542.84 , 1044.23 
 0.00 , 1505.44 , 1018.51 
 0.00 , 1264.62 , 853.38 
 0.00 , 1200.10 , 809.28 
 0.00 , 1191.33 , 803.28 
 0.00 , 1184.65 , 798.73 
 0.00 ,  0.00 ,  0.00 
 0.00 ,  0.00 ,  0.00 
 0.00 ,  0.00 ,  0.00 
 0.00 ,  0.00 ,  0.00 
 0.00 ,  0.00 ,  0.00 
 0.00 ,  0.00 ,  0.00 
 0.00 ,  0.00 ,  0.00 
 0.00 , 266.67 , 178.04 
2748.61 , 6040.69 , 6885.92 
 0.00 , 1939.63 , 1318.40 
 0.00 , 1466.04 , 991.43 
 0.00 , 1176.58 , 793.21 
 0.00 , 721.39 , 483.98 
 0.00 , 70.80 , 47.17 
 0.00 , 728.29 , 488.65 
 0.00 , 372.77 , 249.17 
 0.00 , 660.73 , 443.00 
 0.00 , 689.86 , 462.68 
 0.00 , 942.76 , 633.99 
 0.00 , 954.31 , 641.84 
 0.00 , 760.73 , 510.59 
 0.00 , 802.13 , 538.61 
 0.00 , 850.79 , 571.58 
2622.54 , 848.07 , 3009.26 
 0.00 ,  0.00 ,  0.00 
 0.00 ,  0.00 ,  0.00 
 0.00 ,  0.00 ,  0.00 
 0.00 ,  0.00 ,  0.00 
 0.00 ,  0.00 ,  0.00 
 0.00 ,  0.00 ,  0.00 
 0.00 ,  0.00 ,  0.00 
 0.00 , 409.34 , 273.72 
 0.00 , 6282.13 , 4480.00 
 0.00 , 2122.42 , 1445.50 
 0.00 , 1275.77 , 861.00 
 0.00 ,  0.00 ,  0.00 
 0.00 ,  0.00 ,  0.00 
 0.00 ,  0.00 ,  0.00 
 0.00 ,  0.00 ,  0.00 
 0.00 ,  0.00 ,  0.00 
 0.00 ,  0.00 ,  0.00 
 0.00 ,  0.00 ,  0.00 
 0.00 ,  0.00 ,  0.00 
2645.89 ,  0.00 , 2460.68 
 0.00 ,  0.00 ,  0.00 
 0.00 ,  0.00 ,  0.00 
 0.00 ,  0.00 ,  0.00 
 0.00 ,  0.00 ,  0.00 
 0.00 ,  0.00 ,  0.00 
 0.00 ,  0.00 ,  0.00 
 0.00 ,  0.00 ,  0.00 
 0.00 ,  0.00 ,  0.00 
 0.00 ,  0.00 ,  0.00 
 0.00 ,  0.00 ,  0.00 
 0.00 ,  0.00 ,  0.00 
 0.00 ,  0.00 ,  0.00 
 0.00 , 5353.04 , 3777.70 
 0.00 , 1575.39 , 1066.63 
 0.00 ,  0.00 ,  0.00 
 0.00 ,  0.00 ,  0.00 
 0.00 ,  0.00 ,  0.00 
2562.47 ,  0.00 , 2383.10 
 0.00 ,  0.00 ,  0.00 
 0.00 ,  0.00 ,  0.00 
 0.00 ,  0.00 ,  0.00 
 0.00 ,  0.00 ,  0.00 
 0.00 ,  0.00 ,  0.00 
 0.00 ,  0.00 ,  0.00 
 0.00 ,  0.00 ,  0.00 
 0.00 ,  0.00 ,  0.00 
 0.00 ,  0.00 ,  0.00 
 0.00 ,  0.00 ,  0.00 
 0.00 ,  0.00 ,  0.00 
 0.00 ,  0.00 ,  0.00 
 0.00 ,  0.00 ,  0.00 
 0.00 ,  0.00 ,  0.00 
 0.00 ,  0.00 ,  0.00 
 0.00 ,  0.00 ,  0.00 
 0.00 ,  0.00 ,  0.00 
 0.00 ,  0.00 ,  0.00 
 0.00 , 3909.81 , 2715.30 
2625.54 , 1314.23 , 3330.43 
 0.00 ,  0.00 ,  0.00 
 0.00 ,  0.00 ,  0.00 
 0.00 ,  0.00 ,  0.00 
 0.00 ,  0.00 ,  0.00 
 0.00 ,  0.00 ,  0.00 
 0.00 ,  0.00 ,  0.00 
 0.00 ,  0.00 ,  0.00 
 0.00 ,  0.00 ,  0.00 
 0.00 ,  0.00 ,  0.00 
 0.00 ,  0.00 ,  0.00 
 0.00 ,  0.00 ,  0.00 
 0.00 ,  0.00 ,  0.00 
 0.00 ,  0.00 ,  0.00 
 0.00 ,  0.00 ,  0.00 
2568.97 ,  0.00 , 2389.15 
 0.00 ,  0.00 ,  0.00 
 0.00 ,  0.00 ,  0.00 
 0.00 ,  0.00 ,  0.00 
 0.00 ,  0.00 ,  0.00 
 0.00 ,  0.00 ,  0.00 
 0.00 ,  0.00 ,  0.00 
 0.00 ,  0.00 ,  0.00 
 0.00 , 4206.48 , 2930.92 
 0.00 , 1583.96 , 1072.54 
 0.00 ,  0.00 ,  0.00 
 0.00 ,  0.00 ,  0.00 
 0.00 ,  0.00 ,  0.00 
 0.00 ,  0.00 ,  0.00 
 0.00 ,  0.00 ,  0.00 
 0.00 ,  0.00 ,  0.00 
 0.00 ,  0.00 ,  0.00 
 0.00 ,  0.00 ,  0.00 
 0.00 ,  0.00 ,  0.00 
 0.00 ,  0.00 ,  0.00 
2705.15 ,  0.00 , 2515.79 
 0.00 ,  0.00 ,  0.00 
 0.00 ,  0.00 ,  0.00 
 0.00 ,  0.00 ,  0.00 
 0.00 ,  0.00 ,  0.00 
 0.00 ,  0.00 ,  0.00 
 0.00 ,  0.00 ,  0.00 
 0.00 ,  0.00 ,  0.00 
 0.00 ,  0.00 ,  0.00 
 0.00 ,  0.00 ,  0.00 
 0.00 ,  0.00 ,  0.00 
 0.00 ,  0.00 ,  0.00 
 0.00 , 4692.67 , 3287.35 
 0.00 , 1719.93 , 1166.31 
 0.00 , 164.07 , 109.43 
 0.00 ,  0.00 ,  0.00 
 0.00 ,  0.00 ,  0.00 
 0.00 ,  0.00 ,  0.00 
2511.91 ,  0.00 , 2336.07 
 0.00 ,  0.00 ,  0.00 
 0.00 ,  0.00 ,  0.00 
 0.00 ,  0.00 ,  0.00 
 0.00 ,  0.00 ,  0.00 
 0.00 ,  0.00 ,  0.00 
 0.00 ,  0.00 ,  0.00 
 0.00 ,  0.00 ,  0.00 
 0.00 ,  0.00 ,  0.00 
 0.00 ,  0.00 ,  0.00 
 0.00 ,  0.00 ,  0.00 
 0.00 ,  0.00 ,  0.00 
 0.00 ,  0.00 ,  0.00 
 0.00 ,  0.00 ,  0.00 
 0.00 ,  0.00 ,  0.00 
 0.00 ,  0.00 ,  0.00 
 0.00 ,  0.00 ,  0.00 
 0.00 ,  0.00 ,  0.00 
 0.00 , 3630.10 , 2513.29 
 0.00 , 1373.29 , 927.78 
2684.89 , 1216.27 , 3318.45 
 0.00 , 1113.01 , 749.85 
 0.00 , 617.86 , 414.07 
 0.00 , 32.94 , 21.94 
 0.00 ,  0.00 ,  0.00 
 0.00 , 189.33 , 126.31 
 0.00 , 402.86 , 269.37 
 0.00 , 439.19 , 293.77 
 0.00 , 744.22 , 499.42 
 0.00 , 724.38 , 486.00 
 0.00 , 541.78 , 362.79 
 0.00 , 594.93 , 398.60 
 0.00 , 654.07 , 438.50 
 0.00 , 716.57 , 480.72 
 0.00 ,  0.00 ,  0.00 
 0.00 ,  0.00 ,  0.00 
 0.00 ,  0.00 ,  0.00 
 0.00 ,  0.00 ,  0.00 
 0.00 ,  0.00 ,  0.00 
 0.00 ,  0.00 ,  0.00 
2526.14 ,  0.00 , 2349.31 
 0.00 , 81.99 , 54.64 
 0.00 , 6249.57 , 4455.14 
 0.00 , 2167.75 , 1477.10 
 0.00 , 1714.94 , 1162.86 
 0.00 , 1376.10 , 929.71 
 0.00 , 1343.37 , 907.28 
 0.00 , 717.09 , 481.08 
 0.00 , 1261.00 , 850.90 
 0.00 , 885.86 , 595.37 
 0.00 , 785.82 , 527.57 
 0.00 , 898.89 , 604.21 
 0.00 , 1327.38 , 896.33 
 0.00 , 1349.20 , 911.28 
 0.00 , 1168.82 , 787.92 
2675.72 , 1218.23 , 3311.27 
 0.00 , 1277.49 , 862.17 
 0.00 , 1283.25 , 866.12 
 0.00 ,  0.00 ,  0.00 
 0.00 ,  0.00 ,  0.00 
 0.00 ,  0.00 ,  0.00 
 0.00 ,  0.00 ,  0.00 
 0.00 ,  0.00 ,  0.00 
 0.00 , 765.26 , 513.65 
 0.00 , 920.64 , 618.97 
 0.00 , 1049.92 , 706.87 
 0.00 , 6282.13 , 4480.00 
 0.00 , 2559.70 , 1751.60 
 0.00 , 317.48 , 212.08 
 0.00 ,  0.00 ,  0.00 
 0.00 ,  0.00 ,  0.00 
 0.00 ,  0.00 ,  0.00 
 0.00 ,  0.00 ,  0.00 
 0.00 ,  0.00 ,  0.00 
2563.22 ,  0.00 , 2383.79 
 0.00 ,  0.00 ,  0.00 
 0.00 ,  0.00 ,  0.00 
 0.00 ,  0.00 ,  0.00 
 0.00 ,  0.00 ,  0.00 
 0.00 ,  0.00 ,  0.00 
 0.00 ,  0.00 ,  0.00 
 0.00 , 371.20 , 248.11 
 0.00 ,  0.00 ,  0.00 
 0.00 ,  0.00 ,  0.00 
 0.00 ,  0.00 ,  0.00 
 0.00 ,  0.00 ,  0.00 
 0.00 ,  0.00 ,  0.00 
 0.00 ,  0.00 ,  0.00 
 0.00 ,  0.00 ,  0.00 
 0.00 ,  0.00 ,  0.00 
 0.00 , 5341.46 , 3769.04 
 0.00 , 1729.87 , 1173.17 
 0.00 , 1569.95 , 1062.89 
2636.29 , 1536.79 , 3493.69 
 0.00 , 1179.98 , 795.53 
 0.00 , 481.46 , 322.19 
 0.00 , 782.11 , 525.06 
 0.00 , 783.80 , 526.21 
 0.00 , 890.90 , 598.79 
 0.00 , 1034.36 , 696.27 
 0.00 , 1162.47 , 783.59 
 0.00 , 1133.65 , 763.92 
 0.00 , 883.94 , 594.06 
 0.00 , 921.90 , 619.83 
 0.00 , 915.21 , 615.29 
 0.00 , 964.46 , 648.74 
 0.00 ,  0.00 ,  0.00 
 0.00 ,  0.00 ,  0.00 
 0.00 ,  0.00 ,  0.00 
 0.00 ,  0.00 ,  0.00 
 0.00 ,  0.00 ,  0.00 
 0.00 ,  0.00 ,  0.00 
 0.00 , 302.92 , 202.33 
 0.00 , 719.17 , 482.48 
2748.61 , 6234.98 , 7036.21 
 0.00 , 2272.64 , 1550.33 
 0.00 , 733.19 , 491.96 
 0.00 , 13.69 ,  9.12 
 0.00 , 778.80 , 522.82 
 0.00 , 938.06 , 630.80 
 0.00 , 1173.40 , 791.04 
 0.00 , 900.90 , 605.58 
 0.00 , 1043.80 , 702.70 
 0.00 , 1348.19 , 910.58 
 0.00 , 1531.92 , 1036.72 
 0.00 , 1483.72 , 1003.58 
 0.00 , 1244.61 , 839.69 
 0.00 , 1235.21 , 833.26 
 0.00 , 1284.70 , 867.11 
2622.54 , 1283.00 , 3306.20 
 0.00 ,  0.00 ,  0.00 
 0.00 ,  0.00 ,  0.00 
 0.00 ,  0.00 ,  0.00 
 0.00 ,  0.00 ,  0.00 
 0.00 ,  0.00 ,  0.00 
 0.00 , 83.60 , 55.71 
 0.00 , 530.61 , 355.26 
 0.00 , 542.24 , 363.10 
 0.00 , 6240.16 , 4447.96 
 0.00 , 1996.51 , 1357.90 
 0.00 , 517.24 , 346.27 
 0.00 ,  0.00 ,  0.00 
 0.00 ,  0.00 ,  0.00 
 0.00 ,  0.00 ,  0.00 
 0.00 ,  0.00 ,  0.00 
 0.00 ,  0.00 ,  0.00 
 0.00 ,  0.00 ,  0.00 
 0.00 ,  0.00 ,  0.00 
 0.00 ,  0.00 ,  0.00 
2645.89 ,  0.00 , 2460.68 
 0.00 ,  0.00 ,  0.00 
 0.00 ,  0.00 ,  0.00 
 0.00 ,  0.00 ,  0.00 
 0.00 ,  0.00 ,  0.00 
 0.00 ,  0.00 ,  0.00 
 0.00 ,  0.00 ,  0.00 
 0.00 ,  0.00 ,  0.00 
 0.00 ,  0.00 ,  0.00 
 0.00 ,  0.00 ,  0.00 
 0.00 ,  0.00 ,  0.00 
 0.00 ,  0.00 ,  0.00 
 0.00 ,  0.00 ,  0.00 
 0.00 , 4433.85 , 3097.13 
 0.00 , 1562.34 , 1057.65 
 0.00 , 1241.65 , 837.67 
 0.00 , 354.35 , 236.81 
 0.00 ,  0.00 ,  0.00 
2562.47 , 377.12 , 2635.29 
 0.00 , 339.82 , 227.06 
 0.00 , 747.25 , 501.47 
 0.00 , 697.95 , 468.14 
 0.00 , 881.59 , 592.47 
 0.00 , 996.42 , 670.47 
 0.00 , 991.57 , 667.17 
 0.00 , 802.36 , 538.77 
 0.00 , 794.46 , 533.42 
 0.00 , 844.98 , 567.64 
 0.00 , 899.25 , 604.46 
 0.00 ,  0.00 ,  0.00 
 0.00 ,  0.00 ,  0.00 
 0.00 ,  0.00 ,  0.00 
 0.00 ,  0.00 ,  0.00 
 0.00 ,  0.00 ,  0.00 
 0.00 ,  0.00 ,  0.00 
 0.00 ,  0.00 ,  0.00 
 0.00 , 349.18 , 233.34 
 0.00 , 6229.36 , 4439.71 
2625.54 , 2100.49 , 3875.50 
 0.00 , 1914.75 , 1301.15 
 0.00 , 1733.60 , 1175.75 
 0.00 , 1389.69 , 939.03 
 0.00 , 1087.93 , 732.76 
 0.00 , 1023.67 , 689.00 
 0.00 , 1034.09 , 696.09 
 0.00 , 902.30 , 606.52 
 0.00 , 1107.13 , 745.84 
 0.00 , 1429.84 , 966.57 
 0.00 , 1349.54 , 911.51 
 0.00 , 1156.59 , 779.57 
 0.00 , 1144.11 , 771.06 
 0.00 , 1190.76 , 802.90 
 0.00 , 1241.72 , 837.72 
2568.97 ,  0.00 , 2389.15 
 0.00 ,  0.00 ,  0.00 
 0.00 ,  0.00 ,  0.00 
 0.00 ,  0.00 ,  0.00 
 0.00 ,  0.00 ,  0.00 
 0.00 , 64.35 , 42.88 
 0.00 , 583.04 , 390.59 
 0.00 , 707.62 , 474.67 
 0.00 , 6282.13 , 4480.00 
 0.00 , 2219.49 , 1513.20 
 0.00 , 1668.45 , 1130.77 
 0.00 , 709.53 , 475.96 
 0.00 , 1281.61 , 864.99 
 0.00 , 1363.88 , 921.33 
 0.00 , 462.30 , 309.30 
 0.00 , 583.66 , 391.00 
 0.00 , 31.98 , 21.30 
 0.00 , 719.55 , 482.74 
 0.00 , 1203.64 , 811.69 
 0.00 , 1187.65 , 800.78 
2705.15 , 1009.17 , 3195.75 
 0.00 , 1009.70 , 679.49 
 0.00 , 1063.82 , 716.33 
 0.00 , 1067.18 , 718.62 
 0.00 ,  0.00 ,  0.00 
 0.00 ,  0.00 ,  0.00 
 0.00 ,  0.00 ,  0.00 
 0.00 ,  0.00 ,  0.00 
 0.00 ,  0.00 ,  0.00 
 0.00 ,  0.00 ,  0.00 
 0.00 , 39.45 , 26.27 
 0.00 , 458.33 , 306.64 
 0.00 , 6223.31 , 4435.10 
 0.00 , 2099.48 , 1429.52 
 0.00 , 1773.45 , 1203.29 
 0.00 , 1113.60 , 750.25 
 0.00 , 609.11 , 408.17 
 0.00 , 398.69 , 266.57 
2511.91 , 482.11 , 2658.87 
 0.00 , 891.38 , 599.11 
 0.00 , 1206.01 , 813.31 
 0.00 , 1318.78 , 890.44 
 0.00 , 1379.80 , 932.25 
 0.00 , 1345.62 , 908.82 
 0.00 , 1097.38 , 739.19 
 0.00 , 1135.43 , 765.13 
 0.00 , 1128.65 , 760.51 
 0.00 , 1177.17 , 793.62 
 0.00 ,  0.00 ,  0.00 
 0.00 ,  0.00 ,  0.00 
 0.00 ,  0.00 ,  0.00 
 0.00 ,  0.00 ,  0.00 
 0.00 ,  0.00 ,  0.00 
 0.00 , 176.85 , 117.96 
 0.00 , 794.28 , 533.30 
 0.00 , 928.16 , 624.08 
 0.00 , 6282.13 , 4480.00 
 0.00 , 2566.46 , 1756.35 
2684.89 , 2274.13 , 4052.57 
 0.00 , 2034.59 , 1384.37 
 0.00 , 1729.01 , 1172.58 
 0.00 , 1794.01 , 1217.51 
 0.00 , 1671.93 , 1133.17 
 0.00 , 1292.55 , 872.48 
 0.00 , 914.88 , 615.06 
 0.00 , 1428.06 , 965.35 
 0.00 , 1753.91 , 1189.79 
 0.00 , 1744.69 , 1183.41 
 0.00 , 1505.30 , 1018.41 
 0.00 , 1546.62 , 1046.83 
 0.00 , 1542.59 , 1044.06 
 0.00 , 1538.62 , 1041.32 
 0.00 ,  0.00 ,  0.00 
 0.00 ,  0.00 ,  0.00 
 0.00 ,  0.00 ,  0.00 
 0.00 ,  0.00 ,  0.00 
 0.00 , 454.10 , 303.79 
 0.00 , 798.28 , 536.00 
2526.14 , 867.33 , 2932.67 
 0.00 , 924.84 , 621.82 
 0.00 , 6282.13 , 4480.00 
 0.00 , 2419.80 , 1653.35 
 0.00 , 2212.56 , 1508.36 
 0.00 , 2007.39 , 1365.46 
 0.00 , 1808.73 , 1227.70 
 0.00 , 1513.92 , 1024.34 
 0.00 , 364.36 , 243.53 
 0.00 ,  0.00 ,  0.00 
 0.00 , 327.56 , 218.84 
 0.00 , 1268.94 , 856.33 
 0.00 , 1406.51 , 950.57 
 0.00 , 1403.81 , 948.71 
 0.00 , 1169.24 , 788.21 
2675.72 , 1213.58 , 3308.08 
 0.00 , 1215.08 , 819.51 
 0.00 , 1267.45 , 855.31 
 0.00 ,  0.00 ,  0.00 
 0.00 ,  0.00 ,  0.00 
 0.00 ,  0.00 ,  0.00 
 0.00 ,  0.00 ,  0.00 
 0.00 ,  0.00 ,  0.00 
 0.00 , 662.61 , 444.27 
 0.00 , 881.41 , 592.35 
 0.00 , 1007.03 , 677.68 
 0.00 , 6282.13 , 4480.00 
 0.00 , 2684.79 , 1839.70 
 0.00 , 2186.49 , 1490.17 
 0.00 , 1558.81 , 1055.22 
 0.00 , 752.63 , 505.11 
 0.00 , 1192.85 , 804.32 
 0.00 , 1202.66 , 811.02 
 0.00 , 973.34 , 654.77 
2563.22 , 1039.03 , 3084.07 
 0.00 , 1372.99 , 927.58 
 0.00 , 1646.77 , 1115.82 
 0.00 , 1647.12 , 1116.06 
 0.00 , 1463.43 , 989.64 
 0.00 , 1509.22 , 1021.10 
 0.00 , 1561.94 , 1057.37 
 0.00 , 1617.38 , 1095.56 
 0.00 ,  0.00 ,  0.00 
 0.00 ,  0.00 ,  0.00 
 0.00 ,  0.00 ,  0.00 
 0.00 ,  0.00 ,  0.00 
 0.00 , 818.38 , 549.62 
 0.00 , 1065.32 , 717.35 
 0.00 , 1196.22 , 806.63 
 0.00 , 1261.19 , 851.03 
 0.00 , 6282.13 , 4480.00 
 0.00 , 2868.13 , 1969.25 
 0.00 , 1762.96 , 1196.04 
2636.29 , 1030.64 , 3146.32 
 0.00 , 11.93 ,  7.95 
 0.00 ,  0.00 ,  0.00 
 0.00 ,  0.00 ,  0.00 
 0.00 ,  0.00 ,  0.00 
 0.00 ,  0.00 ,  0.00 
 0.00 ,  0.00 ,  0.00 
 0.00 , 516.29 , 345.63 
 0.00 , 1274.91 , 860.41 
 0.00 , 1152.39 , 776.71 
 0.00 , 1243.76 , 839.11 
 0.00 , 1330.84 , 898.70 
 0.00 , 1412.62 , 954.76 
 0.00 ,  0.00 ,  0.00 
 0.00 ,  0.00 ,  0.00 
 0.00 ,  0.00 ,  0.00 
 0.00 ,  0.00 ,  0.00 
 0.00 , 605.30 , 405.60 
 0.00 , 1052.38 , 708.54 
 0.00 , 1249.96 , 843.35 
 0.00 , 1381.89 , 933.68 
2748.61 , 6234.98 , 7036.21 
 0.00 , 3084.66 , 2122.93 
 0.00 , 1623.55 , 1099.81 
 0.00 , 1174.34 , 791.69 
 0.00 , 188.36 , 125.66 
 0.00 ,  0.00 ,  0.00 
 0.00 ,  0.00 ,  0.00 
 0.00 ,  0.00 ,  0.00 
 0.00 ,  0.00 ,  0.00 
 0.00 ,  0.00 ,  0.00 
 0.00 , 427.31 , 285.79 
 0.00 , 1435.13 , 970.21 
 0.00 , 1261.50 , 851.24 
 0.00 , 1417.77 , 958.29 
 0.00 , 1463.66 , 989.80 
2622.54 , 1549.85 , 3489.91 
 0.00 ,  0.00 ,  0.00 
 0.00 ,  0.00 ,  0.00 
 0.00 ,  0.00 ,  0.00 
 0.00 ,  8.14 ,  5.42 
 0.00 , 998.61 , 671.95 
 0.00 , 1177.66 , 793.95 
 0.00 , 1317.45 , 889.52 
 0.00 , 1445.43 , 977.28 
 0.00 , 6282.13 , 4480.00 
 0.00 , 3219.33 , 2218.88 
 0.00 , 2300.40 , 1569.74 
 0.00 , 646.55 , 433.42 
 0.00 , 624.41 , 418.48 
 0.00 ,  6.12 ,  4.08 
 0.00 ,  0.00 ,  0.00 
 0.00 ,  0.00 ,  0.00 
 0.00 ,  0.00 ,  0.00 
 0.00 ,  0.00 ,  0.00 
 0.00 , 18.77 , 12.50 
2645.89 , 1445.89 , 3439.93 
 0.00 , 1384.78 , 935.66 
 0.00 , 1501.66 , 1015.91 
 0.00 , 1609.11 , 1089.86 
 0.00 , 1707.23 , 1157.54 
 0.00 ,  0.00 ,  0.00 
 0.00 ,  0.00 ,  0.00 
 0.00 ,  0.00 ,  0.00 
 0.00 , 243.94 , 162.83 
 0.00 , 1032.65 , 695.11 
 0.00 , 1130.24 , 761.60 
 0.00 , 1209.28 , 815.55 
 0.00 , 1275.02 , 860.49 
 0.00 , 6282.13 , 4480.00 
 0.00 , 2960.35 , 2034.62 
 0.00 , 2444.29 , 1670.53 
 0.00 , 2230.12 , 1520.62 
 0.00 , 1780.53 , 1208.19 
2562.47 , 1826.51 , 3625.68 
 0.00 , 1541.83 , 1043.53 
 0.00 , 1847.38 , 1254.46 
 0.00 , 1889.34 , 1283.53 
 0.00 , 1767.84 , 1199.41 
 0.00 , 2091.01 , 1423.63 
 0.00 , 2029.66 , 1380.95 
 0.00 , 1782.71 , 1209.69 
 0.00 , 1817.80 , 1233.98 
 0.00 , 1809.20 , 1228.02 
 0.00 , 1855.39 , 1260.00 
 0.00 ,  0.00 ,  0.00 
 0.00 ,  0.00 ,  0.00 
 0.00 ,  0.00 ,  0.00 
 0.00 , 268.22 , 179.09 
 0.00 , 1037.52 , 698.42 
 0.00 , 1120.64 , 755.05 
 0.00 , 1241.78 , 837.76 
 0.00 , 1300.20 , 877.72 
 0.00 , 6282.13 , 4480.00 
2648.49 , 2794.14 , 4386.40 
 0.00 , 1029.29 , 692.83 
 0.00 ,  0.00 ,  0.00 
 0.00 ,  0.00 ,  0.00 
 0.00 ,  0.00 ,  0.00 
 0.00 ,  0.00 ,  0.00 
 0.00 ,  0.00 ,  0.00 
 0.00 ,  0.00 ,  0.00 
 0.00 ,  0.00 ,  0.00 
 0.00 , 117.21 , 78.13 
 0.00 , 1091.80 , 735.39 
 0.00 , 954.78 , 642.16 
 0.00 , 1044.13 , 702.93 
 0.00 , 1183.45 , 797.91 
 0.00 , 1267.63 , 855.44 
2648.33 ,  0.00 , 2462.94 
 0.00 ,  0.00 ,  0.00 
 0.00 ,  0.00 ,  0.00 
 0.00 ,  0.00 ,  0.00 
 0.00 , 579.88 , 388.46 
 0.00 , 1154.62 , 778.22 
 0.00 , 1304.79 , 880.86 
 0.00 , 1494.82 , 1011.21 
 0.00 , 6282.13 , 4480.00 
 0.00 , 3182.97 , 2192.95 
 0.00 , 1841.24 , 1250.20 
 0.00 , 154.96 , 103.34 
 0.00 ,  0.00 ,  0.00 
 0.00 ,  0.00 ,  0.00 
 0.00 ,  0.00 ,  0.00 
 0.00 ,  0.00 ,  0.00 
 0.00 ,  0.00 ,  0.00 
 0.00 ,  0.00 ,  0.00 
 0.00 , 817.99 , 549.35 
2560.73 , 1416.20 , 3340.23 
 0.00 , 1299.81 , 877.45 
 0.00 , 1340.39 , 905.24 
 0.00 , 1427.29 , 964.82 
 0.00 , 1456.93 , 985.17 
 0.00 ,  0.00 ,  0.00 
 0.00 ,  0.00 ,  0.00 
 0.00 ,  0.00 ,  0.00 
 0.00 ,  0.00 ,  0.00 
 0.00 , 484.98 , 324.56 
 0.00 , 875.54 , 588.37 
 0.00 , 955.19 , 642.44 
 0.00 , 1020.69 , 686.97 
 0.00 , 6282.13 , 4480.00 
 0.00 , 2627.24 , 1799.13 
 0.00 , 1070.88 , 721.14 
 0.00 ,  0.00 ,  0.00 
 0.00 , 247.15 , 164.98 
2638.51 ,  0.00 , 2453.82 
 0.00 ,  0.00 ,  0.00 
 0.00 ,  0.00 ,  0.00 
 0.00 ,  0.00 ,  0.00 
 0.00 ,  0.00 ,  0.00 
 0.00 ,  0.00 ,  0.00 
 0.00 , 386.83 , 258.60 
 0.00 , 703.79 , 472.08 
 0.00 , 798.60 , 536.22 
 0.00 , 887.72 , 596.63 
 0.00 , 970.84 , 653.07 
 0.00 ,  0.00 ,  0.00 
 0.00 ,  0.00 ,  0.00 
 0.00 ,  0.00 ,  0.00 
 0.00 ,  0.00 ,  0.00 
 0.00 ,  0.00 ,  0.00 
 0.00 , 16.46 , 10.96 
 0.00 , 747.66 , 501.74 
 0.00 , 953.26 , 641.13 
 0.00 , 6282.13 , 4480.00 
2701.89 , 2638.78 , 4325.83 
 0.00 , 1366.99 , 923.47 
 0.00 ,  8.78 ,  5.85 
 0.00 ,  0.00 ,  0.00 
 0.00 ,  0.00 ,  0.00 
 0.00 ,  0.00 ,  0.00 
 0.00 ,  0.00 ,  0.00 
 0.00 ,  0.00 ,  0.00 
 0.00 ,  0.00 ,  0.00 
 0.00 ,  0.00 ,  0.00 
 0.00 ,  0.00 ,  0.00 
 0.00 , 81.24 , 54.14 
 0.00 , 734.73 , 493.00 
 0.00 , 853.00 , 573.09 
 0.00 , 958.37 , 644.60 
2648.33 ,  0.00 , 2462.94 
 0.00 ,  0.00 ,  0.00 
 0.00 ,  0.00 ,  0.00 
 0.00 ,  0.00 ,  0.00 
 0.00 ,  0.00 ,  0.00 
 0.00 , 244.57 , 163.25 
 0.00 , 830.73 , 557.99 
 0.00 , 974.95 , 655.87 
 0.00 , 6282.13 , 4480.00 
 0.00 , 2742.19 , 1880.21 
 0.00 , 2671.26 , 1830.16 
 0.00 , 2358.27 , 1610.24 
 0.00 , 743.90 , 499.21 
 0.00 ,  0.00 ,  0.00 
 0.00 , 10.19 ,  6.79 
 0.00 ,  0.00 ,  0.00 
 0.00 ,  0.00 ,  0.00 
 0.00 , 387.55 , 259.09 
 0.00 , 1276.87 , 861.75 
2560.73 , 1356.44 , 3299.12 
 0.00 , 1139.63 , 768.00 
 0.00 , 1206.51 , 813.66 
 0.00 , 1275.14 , 860.57 
 0.00 , 1343.93 , 907.66 
 0.00 ,  0.00 ,  0.00 
 0.00 ,  0.00 ,  0.00 
 0.00 ,  0.00 ,  0.00 
 0.00 ,  0.00 ,  0.00 
 0.00 , 27.48 , 18.30 
 0.00 , 750.23 , 503.48 
 0.00 , 888.24 , 596.99 
 0.00 , 1014.02 , 682.44 
 0.00 , 6282.13 , 4480.00 
 0.00 , 2710.67 , 1857.96 
 0.00 , 2378.28 , 1624.25 
 0.00 , 2197.47 , 1497.83 
 0.00 , 1897.29 , 1289.04 
2638.51 , 1569.19 , 3518.13 
 0.00 , 1747.46 , 1185.33 
 0.00 , 1695.25 , 1149.27 
 0.00 , 1662.63 , 1126.76 
 0.00 , 1506.12 , 1018.97 
 0.00 , 1859.87 , 1263.11 
 0.00 , 1862.13 , 1264.67 
 0.00 , 1617.18 , 1095.42 
 0.00 , 1653.55 , 1120.50 
 0.00 , 1699.46 , 1152.17 
 0.00 , 1695.52 , 1149.45 
 0.00 ,  0.00 ,  0.00 
 0.00 ,  0.00 ,  0.00 
 0.00 ,  0.00 ,  0.00 
 0.00 ,  4.54 ,  3.02 
 0.00 , 849.72 , 570.86 
 0.00 , 1011.18 , 680.50 
 0.00 , 1080.90 , 727.97 
 0.00 , 1193.33 , 804.65 
 0.00 , 6282.13 , 4480.00 
2701.89 , 2820.48 , 4454.96 
 0.00 , 2600.94 , 1780.62 
 0.00 , 1944.56 , 1321.83 
 0.00 , 1732.48 , 1174.98 
 0.00 , 1464.58 , 990.43 
 0.00 , 1428.81 , 965.87 
 0.00 , 1527.56 , 1033.72 
 0.00 , 1027.24 , 691.43 
 0.00 , 940.87 , 632.71 
 0.00 , 1623.90 , 1100.05 
 0.00 , 1679.89 , 1138.66 
 0.00 , 1485.83 , 1005.03 
 0.00 , 1477.96 , 999.62 
 0.00 , 1527.09 , 1033.40 
 0.00 , 1579.30 , 1069.33 
2648.33 ,  0.00 , 2462.94 
 0.00 ,  0.00 ,  0.00 
 0.00 ,  0.00 ,  0.00 
 0.00 ,  0.00 ,  0.00 
 0.00 , 547.40 , 366.58 
 0.00 , 895.94 , 602.21 
 0.00 , 1022.91 , 688.48 
 0.00 , 1085.44 , 731.06 
 0.00 , 6282.13 , 4480.00 
 0.00 , 2653.97 , 1817.97 
 0.00 , 2085.65 , 1419.89 
 0.00 , 571.19 , 382.60 
 0.00 , 864.02 , 580.56 
 0.00 , 808.94 , 543.23 
 0.00 , 900.18 , 605.08 
 0.00 , 939.73 , 631.93 
 0.00 , 1162.82 , 783.82 
 0.00 , 1499.60 , 1014.49 
 0.00 , 1630.10 , 1104.32 
2560.73 , 1603.99 , 3469.79 
 0.00 , 1418.79 , 958.99 
 0.00 , 1462.26 , 988.84 
 0.00 , 1513.41 , 1023.98 
 0.00 , 1514.01 , 1024.40 
 0.00 ,  0.00 ,  0.00 
 0.00 ,  0.00 ,  0.00 
 0.00 ,  0.00 ,  0.00 
 0.00 ,  0.00 ,  0.00 
 0.00 , 834.41 , 560.48 
 0.00 , 1083.73 , 729.90 
 0.00 , 1215.51 , 819.80 
 0.00 , 1335.87 , 902.14 
 0.00 , 6282.13 , 4480.00 
 0.00 , 2943.92 , 2022.96 
 0.00 , 2397.60 , 1637.79 
 0.00 , 1832.03 , 1243.83 
 0.00 , 1529.01 , 1034.71 
2638.51 , 1400.99 , 3402.14 
 0.00 , 441.49 , 295.31 
 0.00 , 586.92 , 393.20 
 0.00 , 1005.89 , 676.90 
 0.00 , 1367.45 , 923.78 
 0.00 , 1729.19 , 1172.70 
 0.00 , 1725.80 , 1170.36 
 0.00 , 1533.57 , 1037.85 
 0.00 , 1583.83 , 1072.44 
 0.00 , 1585.39 , 1073.52 
 0.00 , 1640.28 , 1111.34 
 0.00 ,  0.00 ,  0.00 
 0.00 ,  0.00 ,  0.00 
 0.00 ,  0.00 ,  0.00 
 0.00 ,  4.56 ,  3.04 
 0.00 , 939.43 , 631.73 
 0.00 , 1051.49 , 707.94 
 0.00 , 1177.61 , 793.92 
 0.00 , 1239.84 , 836.43 
 0.00 , 6282.13 , 4480.00 
2701.89 , 2924.78 , 4529.33 
 0.00 , 2641.60 , 1809.25 
 0.00 , 2406.31 , 1643.90 
 0.00 , 2205.90 , 1503.72 
 0.00 , 2130.73 , 1451.29 
 0.00 , 1514.21 , 1024.54 
 0.00 , 52.06 , 34.68 
 0.00 , 471.18 , 315.28 
 0.00 , 785.51 , 527.36 
 0.00 , 1566.76 , 1060.69 
 0.00 , 1651.54 , 1119.11 
 0.00 , 1418.73 , 958.95 
 0.00 , 1471.35 , 995.08 
 0.00 , 1528.89 , 1034.63 
 0.00 , 1587.13 , 1074.72 
2648.33 ,  0.00 , 2462.94 
 0.00 ,  0.00 ,  0.00 
 0.00 ,  0.00 ,  0.00 
 0.00 ,  0.00 ,  0.00 
 0.00 , 731.19 , 490.60 
 0.00 , 1094.86 , 737.48 
 0.00 , 1174.45 , 791.76 
 0.00 , 1347.99 , 910.45 
 0.00 , 6282.13 , 4480.00 
 0.00 , 3126.63 , 2152.81 
 0.00 , 2829.58 , 1941.97 
 0.00 , 2597.64 , 1778.30 
 0.00 , 2421.36 , 1654.45 
 0.00 , 2232.43 , 1522.24 
 0.00 , 2105.94 , 1434.02 
 0.00 , 2236.93 , 1525.38 
 0.00 , 2309.15 , 1575.86 
 0.00 , 2419.39 , 1653.07 
 0.00 , 2513.74 , 1719.29 
2560.73 , 2400.30 , 4025.67 
 0.00 , 2098.86 , 1429.09 
 0.00 , 2071.56 , 1410.09 
 0.00 , 2053.18 , 1397.30 
 0.00 , 2038.30 , 1386.95 
 0.00 ,  0.00 ,  0.00 
 0.00 ,  0.00 ,  0.00 
 0.00 ,  0.00 ,  0.00 
 0.00 , 499.61 , 334.40 
 0.00 , 973.43 , 654.83 
 0.00 , 1042.16 , 701.59 
 0.00 , 1098.53 , 739.98 
 0.00 , 1145.42 , 771.95 
 0.00 , 6282.13 , 4480.00 
 0.00 , 2738.23 , 1877.41 
 0.00 , 1980.76 , 1346.96 
 0.00 , 1786.80 , 1212.53 
 0.00 , 1873.66 , 1272.66 
2638.51 , 1356.94 , 3371.85 
 0.00 , 1384.87 , 935.72 
 0.00 , 1582.52 , 1071.54 
 0.00 , 1755.51 , 1190.89 
 0.00 , 1731.92 , 1174.59 
 0.00 , 1851.79 , 1257.51 
 0.00 , 1819.46 , 1235.12 
 0.00 , 1565.77 , 1060.01 
 0.00 , 1596.64 , 1081.27 
 0.00 , 1583.56 , 1072.26 
 0.00 , 1626.46 , 1101.82 
 0.00 ,  0.00 ,  0.00 
 0.00 ,  0.00 ,  0.00 
 0.00 ,  0.00 ,  0.00 
 0.00 ,  0.00 ,  0.00 
 0.00 , 943.76 , 634.68 
 0.00 , 1211.86 , 817.31 
 0.00 , 1398.92 , 945.36 
 0.00 , 1577.10 , 1067.81 
 0.00 , 6282.13 , 4480.00 
2701.89 , 3410.71 , 4878.36 
 0.00 , 1887.11 , 1281.98 
 0.00 , 536.17 , 359.01 
 0.00 ,  0.00 ,  0.00 
 0.00 , 41.04 , 27.33 
 0.00 ,  0.00 ,  0.00 
 0.00 ,  0.00 ,  0.00 
 0.00 ,  0.00 ,  0.00 
 0.00 ,  0.00 ,  0.00 
 0.00 , 831.64 , 558.60 
 0.00 , 1572.20 , 1064.44 
 0.00 , 1393.10 , 941.37 
 0.00 , 1488.20 , 1006.66 
 0.00 , 1525.30 , 1032.16 
 0.00 , 1607.21 , 1088.55 
2648.33 ,  0.00 , 2462.94 
 0.00 ,  0.00 ,  0.00 
 0.00 ,  0.00 ,  0.00 
 0.00 ,  0.00 ,  0.00 
 0.00 , 690.51 , 463.11 
 0.00 , 961.49 , 646.72 
 0.00 , 1038.61 , 699.17 
 0.00 , 1101.90 , 742.28 
 0.00 , 6282.13 , 4480.00 
 0.00 , 2768.94 , 1899.10 
 0.00 , 2032.05 , 1382.60 
 0.00 , 1756.08 , 1191.28 
 0.00 , 1410.74 , 953.46 
 0.00 , 1302.21 , 879.09 
 0.00 , 568.28 , 380.64 
 0.00 , 626.02 , 419.57 
 0.00 ,  9.17 ,  6.10 
 0.00 , 67.95 , 45.27 
 0.00 , 1237.86 , 835.08 
2560.73 , 1319.66 , 3273.85 
 0.00 , 1108.90 , 747.05 
 0.00 , 1167.91 , 787.30 
 0.00 , 1175.95 , 792.79 
 0.00 , 1235.19 , 833.25 
 0.00 ,  0.00 ,  0.00 
 0.00 ,  0.00 ,  0.00 
 0.00 ,  0.00 ,  0.00 
 0.00 ,  0.00 ,  0.00 
 0.00 ,  0.00 ,  0.00 
 0.00 , 13.71 ,  9.13 
 0.00 , 582.50 , 390.22 
 0.00 , 713.68 , 478.77 
 0.00 , 6282.13 , 4480.00 
 0.00 , 2256.61 , 1539.13 
 0.00 , 2105.23 , 1433.53 
 0.00 , 1921.61 , 1305.90 
 0.00 , 1690.95 , 1146.29 
2638.51 , 1652.14 , 3575.50 
 0.00 , 1668.14 , 1130.56 
 0.00 , 1535.08 , 1038.89 
 0.00 , 1542.75 , 1044.17 
 0.00 , 1628.89 , 1103.49 
 0.00 , 1751.00 , 1187.77 
 0.00 , 1640.05 , 1111.18 
 0.00 , 1379.51 , 932.05 
 0.00 , 1406.23 , 950.37 
 0.00 , 1390.56 , 939.63 
 0.00 , 1377.62 , 930.75 
 0.00 ,  0.00 ,  0.00 
 0.00 ,  0.00 ,  0.00 
 0.00 ,  0.00 ,  0.00 
 0.00 ,  0.00 ,  0.00 
 0.00 ,  0.00 ,  0.00 
 0.00 , 274.20 , 183.09 
 0.00 , 582.40 , 390.16 
 0.00 , 640.83 , 429.56 
 0.00 , 6241.28 , 4448.81 
2701.89 , 2156.47 , 3985.83 
 0.00 , 1562.67 , 1057.88 
 0.00 , 1530.76 , 1035.92 
 0.00 , 1217.35 , 821.06 
 0.00 , 630.73 , 422.75 
 0.00 ,  0.00 ,  0.00 
 0.00 ,  0.00 ,  0.00 
 0.00 ,  0.00 ,  0.00 
 0.00 ,  0.00 ,  0.00 
 0.00 , 72.07 , 48.02 
 0.00 , 782.85 , 525.56 
 0.00 , 625.54 , 419.25 
 0.00 , 692.48 , 464.44 
 0.00 , 760.15 , 510.20 
 0.00 , 826.78 , 555.31 
2648.33 ,  0.00 , 2462.94 
 0.00 ,  0.00 ,  0.00 
 0.00 ,  0.00 ,  0.00 
 0.00 ,  0.00 ,  0.00 
 0.00 ,  0.00 ,  0.00 
 0.00 ,  0.00 ,  0.00 
 0.00 , 641.02 , 429.69 
 0.00 , 928.99 , 624.64 
 0.00 , 6282.13 , 4480.00 
 0.00 , 2748.33 , 1884.54 
 0.00 , 2055.19 , 1398.70 
 0.00 , 773.57 , 519.28 
 0.00 , 805.32 , 540.77 
 0.00 , 778.23 , 522.43 
 0.00 ,  0.00 ,  0.00 
 0.00 ,  0.00 ,  0.00 
 0.00 ,  0.00 ,  0.00 
 0.00 ,  0.00 ,  0.00 
 0.00 , 760.65 , 510.54 
2560.73 , 1246.62 , 3223.73 
 0.00 , 1113.33 , 750.07 
 0.00 , 1142.36 , 769.86 
 0.00 , 1219.85 , 822.77 
 0.00 , 1295.73 , 874.66 
 0.00 ,  0.00 ,  0.00 
 0.00 ,  0.00 ,  0.00 
 0.00 ,  0.00 ,  0.00 
 0.00 ,  0.00 ,  0.00 
 0.00 ,  0.00 ,  0.00 
 0.00 , 338.55 , 226.21 
 0.00 , 666.95 , 447.20 
 0.00 , 790.89 , 531.00 
 0.00 , 6282.13 , 4480.00 
 0.00 , 2447.79 , 1672.99 
 0.00 , 892.79 , 600.07 
 0.00 ,  0.78 ,  0.52 
 0.00 , 291.95 , 194.98 
2638.51 , 321.20 , 2668.48 
 0.00 ,  0.00 ,  0.00 
 0.00 ,  0.00 ,  0.00 
 0.00 ,  0.00 ,  0.00 
 0.00 ,  0.00 ,  0.00 
 0.00 ,  0.00 ,  0.00 
 0.00 , 95.40 , 63.58 
 0.00 , 580.58 , 388.93 
 0.00 , 674.26 , 452.14 
 0.00 , 761.81 , 511.32 
 0.00 , 844.10 , 567.05 
 0.00 ,  0.00 ,  0.00 
 0.00 ,  0.00 ,  0.00 
 0.00 ,  0.00 ,  0.00 
 0.00 ,  0.00 ,  0.00 
 0.00 ,  0.00 ,  0.00 
 0.00 ,  0.00 ,  0.00 
 0.00 , 218.03 , 145.49 
 0.00 , 681.49 , 457.02 
 0.00 , 6282.13 , 4480.00 
2701.89 , 2412.45 , 4165.79 
 0.00 , 1943.52 , 1321.11 
 0.00 , 1460.80 , 987.84 
 0.00 , 141.81 , 94.56 
 0.00 ,  0.00 ,  0.00 
 0.00 ,  0.00 ,  0.00 
 0.00 ,  0.00 ,  0.00 
 0.00 ,  0.00 ,  0.00 
 0.00 ,  0.00 ,  0.00 
 0.00 ,  0.00 ,  0.00 
 0.00 , 250.94 , 167.52 
 0.00 , 662.98 , 444.52 
 0.00 , 760.41 , 510.37 
 0.00 , 850.58 , 571.44 
 0.00 , 935.67 , 629.18 
2648.33 ,  0.00 , 2462.94 
 0.00 ,  0.00 ,  0.00 
 0.00 ,  0.00 ,  0.00 
 0.00 ,  0.00 ,  0.00 
 0.00 ,  0.00 ,  0.00 
 0.00 ,  0.00 ,  0.00 
 0.00 , 553.54 , 370.71 
 0.00 , 855.99 , 575.11 
 0.00 , 6282.13 , 4480.00 
 0.00 , 2608.66 , 1786.05 
 0.00 , 1185.20 , 799.10 
 0.00 , 613.08 , 410.84 
 0.00 , 324.37 , 216.71 
 0.00 ,  0.00 ,  0.00 
 0.00 ,  0.00 ,  0.00 
 0.00 ,  0.00 ,  0.00 
 0.00 ,  0.00 ,  0.00 
 0.00 ,  0.00 ,  0.00 
 0.00 ,  0.00 ,  0.00 
2560.73 , 672.89 , 2833.03 
 0.00 , 839.05 , 563.63 
 0.00 , 991.17 , 666.89 
 0.00 , 1086.19 , 731.57 
 0.00 , 1228.28 , 828.53 
 0.00 ,  0.00 ,  0.00 
 0.00 ,  0.00 ,  0.00 
 0.00 ,  0.00 ,  0.00 
 0.00 ,  0.00 ,  0.00 
 0.00 , 278.60 , 186.03 
 0.00 , 1053.85 , 709.54 
 0.00 , 1264.10 , 853.02 
 0.00 , 1461.07 , 988.02 
 0.00 , 6282.13 , 4480.00 
 0.00 , 3321.26 , 2291.69 
 0.00 , 2033.34 , 1383.50 
 0.00 , 1386.96 , 937.16 
 0.00 , 662.76 , 444.37 
2638.51 ,  0.00 , 2453.82 
 0.00 ,  0.00 ,  0.00 
 0.00 ,  0.00 ,  0.00 
 0.00 ,  0.00 ,  0.00 
 0.00 ,  0.00 ,  0.00 
 0.00 , 805.34 , 540.79 
 0.00 , 1614.03 , 1093.25 
 0.00 , 1459.51 , 986.94 
 0.00 , 1511.37 , 1022.59 
 0.00 , 1554.20 , 1052.04 
 0.00 , 1642.65 , 1112.98 
 0.00 ,  0.00 ,  0.00 
 0.00 ,  0.00 ,  0.00 
 0.00 ,  0.00 ,  0.00 
 0.00 ,  0.00 ,  0.00 
 0.00 , 491.66 , 329.05 
 0.00 , 787.36 , 528.61 
 0.00 , 807.44 , 542.21 
 0.00 , 866.54 , 582.26 
 0.00 , 6282.13 , 4480.00 
2701.89 , 2338.44 , 4113.65 
 0.00 , 1606.05 , 1087.75 
 0.00 , 1525.69 , 1032.43 
 0.00 , 1157.86 , 780.44 
 0.00 , 1096.25 , 738.43 
 0.00 , 1225.17 , 826.40 
 0.00 , 1490.56 , 1008.28 
 0.00 , 1386.67 , 936.96 
 0.00 , 1516.42 , 1026.06 
 0.00 , 1645.99 , 1115.28 
 0.00 , 1540.67 , 1042.73 
 0.00 , 1284.53 , 867.00 
 0.00 , 1316.14 , 888.63 
 0.00 , 1304.21 , 880.46 
 0.00 , 1348.10 , 910.52 
2648.33 ,  0.00 , 2462.94 
 0.00 ,  0.00 ,  0.00 
 0.00 ,  0.00 ,  0.00 
 0.00 ,  0.00 ,  0.00 
 0.00 , 27.16 , 18.09 
 0.00 , 861.84 , 579.08 
 0.00 , 1002.14 , 674.35 
 0.00 , 1182.70 , 797.40 
 0.00 , 6282.13 , 4480.00 
 0.00 , 2830.71 , 1942.77 
 0.00 , 2190.40 , 1492.90 
 0.00 , 1386.94 , 937.15 
 0.00 , 1737.61 , 1178.52 
 0.00 , 1833.89 , 1245.11 
 0.00 , 1688.51 , 1144.61 
 0.00 , 1878.50 , 1276.01 
 0.00 , 2072.37 , 1410.66 
 0.00 , 2186.63 , 1490.27 
 0.00 , 2269.55 , 1548.17 
2560.73 , 2156.39 , 3854.28 
 0.00 , 1965.78 , 1336.56 
 0.00 , 1949.09 , 1324.97 
 0.00 , 1993.04 , 1355.49 
 0.00 , 1988.02 , 1352.01 
 0.00 ,  0.00 ,  0.00 
 0.00 ,  0.00 ,  0.00 
 0.00 ,  0.00 ,  0.00 
 0.00 , 1052.07 , 708.33 
 0.00 , 1382.92 , 934.39 
 0.00 , 1520.93 , 1029.16 
 0.00 , 1645.27 , 1114.78 
 0.00 , 1760.77 , 1194.53 
 0.00 , 6282.13 , 4480.00 
 0.00 , 3537.35 , 2446.58 
 0.00 , 2613.29 , 1789.32 
 0.00 , 1693.62 , 1148.14 
 0.00 , 1976.64 , 1344.10 
2638.51 , 1486.09 , 3460.77 
 0.00 , 429.64 , 287.35 
 0.00 , 34.96 , 23.29 
 0.00 , 350.25 , 234.06 
 0.00 , 890.94 , 598.81 
 0.00 , 1855.98 , 1260.41 
 0.00 , 1964.66 , 1335.78 
 0.00 , 1824.89 , 1238.88 
 0.00 , 1901.30 , 1291.82 
 0.00 , 1922.27 , 1306.36 
 0.00 , 1992.62 , 1355.20 
 0.00 ,  0.00 ,  0.00 
 0.00 ,  0.00 ,  0.00 
 0.00 ,  0.00 ,  0.00 
 0.00 , 1127.81 , 759.94 
 0.00 , 1387.80 , 937.74 
 0.00 , 1528.98 , 1034.70 
 0.00 , 1657.19 , 1123.00 
 0.00 , 1774.79 , 1204.22 
 0.00 , 6282.13 , 4480.00 
2701.89 , 3541.89 , 4973.30 
 0.00 , 2989.30 , 2055.17 
 0.00 , 1714.75 , 1162.73 
 0.00 , 2130.66 , 1451.25 
 0.00 , 2341.31 , 1598.36 
 0.00 , 2262.86 , 1543.50 
 0.00 , 2291.18 , 1563.29 
 0.00 , 2403.59 , 1641.99 
 0.00 , 2551.20 , 1745.62 
 0.00 , 2717.24 , 1862.59 
 0.00 , 2689.87 , 1843.28 
 0.00 , 2449.50 , 1674.19 
 0.00 , 2434.12 , 1663.40 
 0.00 , 2424.64 , 1656.74 
 0.00 , 2417.43 , 1651.69 
2648.33 ,  0.00 , 2462.94 
 0.00 ,  0.00 ,  0.00 
 0.00 , 565.71 , 378.91 
 0.00 , 1496.48 , 1012.35 
 0.00 , 1530.30 , 1035.61 
 0.00 , 1597.18 , 1081.64 
 0.00 , 1653.20 , 1120.25 
 0.00 , 1700.34 , 1152.78 
 0.00 , 6282.13 , 4480.00 
 0.00 , 3324.75 , 2294.19 
 0.00 , 3215.73 , 2216.32 
 0.00 , 3050.79 , 2098.85 
 0.00 , 2984.15 , 2051.51 
 0.00 , 2803.95 , 1923.84 
 0.00 , 2678.34 , 1835.15 
 0.00 , 2709.46 , 1857.10 
 0.00 , 2687.55 , 1841.65 
 0.00 , 2691.95 , 1844.75 
 0.00 , 2763.72 , 1895.41 
2560.73 , 2637.51 , 4193.33 
 0.00 , 2384.83 , 1628.84 
 0.00 , 2354.23 , 1607.41 
 0.00 , 2386.22 , 1629.81 
 0.00 , 2371.95 , 1619.82 
 0.00 ,  0.00 ,  0.00 
 0.00 ,  0.00 ,  0.00 
 0.00 , 347.09 , 231.94 
 0.00 , 1476.53 , 998.64 
 0.00 , 1566.35 , 1060.41 
 0.00 , 1691.92 , 1146.97 
 0.00 , 1806.67 , 1226.27 
 0.00 , 1859.52 , 1262.87 
 0.00 , 6282.13 , 4480.00 
 0.00 , 3624.91 , 2509.56 
 0.00 , 3156.05 , 2173.76 
 0.00 , 2258.21 , 1540.25 
 0.00 , 1516.24 , 1025.94 
2638.51 , 1334.48 , 3356.41 
 0.00 , 1246.50 , 840.98 
 0.00 , 943.42 , 634.44 
 0.00 , 553.63 , 370.77 
 0.00 , 928.31 , 624.18 
 0.00 , 1959.48 , 1332.18 
 0.00 , 2056.55 , 1399.64 
 0.00 , 1906.58 , 1295.48 
 0.00 , 1920.44 , 1305.09 
 0.00 , 1984.69 , 1349.69 
 0.00 , 2049.58 , 1394.79 
 0.00 ,  0.00 ,  0.00 
 0.00 ,  0.00 ,  0.00 
 0.00 ,  0.00 ,  0.00 
 0.00 , 1144.48 , 771.31 
 0.00 , 1423.05 , 961.92 
 0.00 , 1561.07 , 1056.77 
 0.00 , 1686.40 , 1143.15 
 0.00 , 1747.31 , 1185.22 
 0.00 , 6282.13 , 4480.00 
2701.89 , 3501.80 , 4944.25 
 0.00 , 2964.01 , 2037.22 
 0.00 , 2495.89 , 1706.75 
 0.00 , 2112.96 , 1438.92 
 0.00 , 1484.96 , 1004.43 
 0.00 , 229.88 , 153.43 
 0.00 , 760.12 , 510.17 
 0.00 , 1403.42 , 948.45 
 0.00 , 1736.77 , 1177.94 
 0.00 , 2104.64 , 1433.12 
 0.00 , 2125.94 , 1447.96 
 0.00 , 1955.55 , 1329.46 
 0.00 , 2010.27 , 1367.46 
 0.00 , 2014.86 , 1370.66 
 0.00 , 2071.27 , 1409.89 
2648.33 ,  0.00 , 2462.94 
 0.00 ,  0.00 ,  0.00 
 0.00 ,  0.00 ,  0.00 
 0.00 , 1007.86 , 678.24 
 0.00 , 1361.20 , 919.49 
 0.00 , 1442.63 , 975.35 
 0.00 , 1563.45 , 1058.41 
 0.00 , 1675.11 , 1135.37 
 0.00 , 6282.13 , 4480.00 
 0.00 , 3335.47 , 2301.86 
 0.00 , 2326.34 , 1587.89 
 0.00 , 1896.73 , 1288.65 
 0.00 , 1128.93 , 760.70 
 0.00 , 678.80 , 455.20 
 0.00 , 755.06 , 506.75 
 0.00 , 908.91 , 611.01 
 0.00 , 858.59 , 576.87 
 0.00 , 902.48 , 606.65 
 0.00 , 1688.70 , 1144.74 
2560.73 , 1788.29 , 3597.50 
 0.00 , 1631.99 , 1105.62 
 0.00 , 1639.10 , 1110.53 
 0.00 , 1645.19 , 1114.73 
 0.00 , 1649.35 , 1117.59 
 0.00 ,  0.00 ,  0.00 
 0.00 ,  0.00 ,  0.00 
 0.00 ,  0.00 ,  0.00 
 0.00 ,  7.90 ,  5.26 
 0.00 , 878.05 , 590.07 
 0.00 , 1002.71 , 674.74 
 0.00 , 1071.54 , 721.59 
 0.00 , 1128.04 , 760.10 
 0.00 , 6282.13 , 4480.00 
 0.00 , 2644.68 , 1811.42 
 0.00 , 2439.44 , 1667.13 
 0.00 , 2168.18 , 1477.40 
 0.00 , 1962.03 , 1333.96 
2638.51 , 1784.70 , 3667.42 
 0.00 , 1668.28 , 1130.66 
 0.00 , 1677.50 , 1137.01 
 0.00 , 1830.85 , 1243.01 
 0.00 , 1845.70 , 1253.29 
 0.00 , 1938.66 , 1317.74 
 0.00 , 1870.13 , 1270.21 
 0.00 , 1650.77 , 1118.57 
 0.00 , 1625.71 , 1101.30 
 0.00 , 1661.28 , 1125.83 
 0.00 , 1650.31 , 1118.26 
 0.00 ,  0.00 ,  0.00 
 0.00 ,  0.00 ,  0.00 
 0.00 ,  0.00 ,  0.00 
 0.00 , 48.95 , 32.61 
 0.00 , 987.49 , 664.39 
 0.00 , 1073.24 , 722.75 
 0.00 , 1195.10 , 805.86 
 0.00 , 1308.18 , 883.18 
 0.00 , 6282.13 , 4480.00 
2701.89 , 3056.66 , 4623.65 
 0.00 , 2870.04 , 1970.61 
 0.00 , 2667.63 , 1827.60 
 0.00 , 2496.42 , 1707.12 
 0.00 , 2347.33 , 1602.58 
 0.00 , 2195.82 , 1496.68 
 0.00 , 2207.06 , 1504.52 
 0.00 , 2237.54 , 1525.80 
 0.00 , 2285.66 , 1559.43 
 0.00 , 2379.96 , 1625.43 
 0.00 , 2330.59 , 1590.86 
 0.00 , 2075.19 , 1412.62 
 0.00 , 2049.29 , 1394.60 
 0.00 , 2085.27 , 1419.63 
 0.00 , 2073.72 , 1411.59 
2648.33 ,  0.00 , 2462.94 
