CALDERA,CALDERA,CALDERA
SIS2_EQ1_EQ_Caldera-Biomasa-Defecto,SIS2_EQ1_EQ_Caldera-Biomasa-Defecto,SIS2_EQ1_EQ_Caldera-Biomasa-Defecto
ConsumoACS,ConsumoCAL,Energía Suministrada
Consumo horario en W asociado a ACS (prorrateando con la demanda),Consumo horario en W asociado a la calefacción (prorrateando con la demanda),Energía Suministrada en W
Biomasa no densificada,Biomasa no densificada,Biomasa no densificada
 0.00 ,  0.00 ,  0.00 
 0.00 ,  0.00 ,  0.00 
 0.00 ,  0.00 ,  0.00 
 0.00 ,  0.00 ,  0.00 
 0.00 ,  0.00 ,  0.00 
 0.00 ,  0.00 ,  0.00 
 0.00 ,  0.00 ,  0.00 
 0.00 , 5899.58 , 4189.05 
 0.00 , 1891.40 , 1284.95 
 0.00 , 1588.83 , 1075.89 
 0.00 , 1131.01 , 762.12 
 0.00 , 1235.62 , 833.54 
 0.00 , 1056.58 , 711.40 
 0.00 , 923.55 , 620.95 
 0.00 , 535.37 , 358.47 
2512.31 , 647.64 , 2770.92 
 0.00 , 982.19 , 660.79 
 0.00 , 1166.60 , 786.40 
 0.00 , 1118.08 , 753.31 
 0.00 , 925.49 , 622.27 
 0.00 , 913.66 , 614.23 
 0.00 , 960.43 , 646.00 
 0.00 , 958.64 , 644.78 
 0.00 ,  0.00 ,  0.00 
 0.00 ,  0.00 ,  0.00 
 0.00 ,  0.00 ,  0.00 
 0.00 ,  0.00 ,  0.00 
 0.00 ,  0.00 ,  0.00 
 0.00 ,  0.00 ,  0.00 
 0.00 ,  0.00 ,  0.00 
 0.00 , 141.84 , 94.58 
 0.00 , 6149.56 , 4378.89 
2683.87 , 2073.29 , 3910.81 
 0.00 , 1881.38 , 1278.01 
 0.00 , 1675.28 , 1135.48 
 0.00 , 1114.38 , 750.78 
 0.00 , 1034.31 , 696.24 
 0.00 , 1122.76 , 756.50 
 0.00 , 1357.41 , 916.90 
 0.00 , 1432.79 , 968.60 
 0.00 , 1418.28 , 958.64 
 0.00 , 1527.07 , 1033.38 
 0.00 , 1466.95 , 992.06 
 0.00 , 1214.66 , 819.22 
 0.00 , 1248.84 , 842.58 
2622.95 , 1237.42 , 3275.32 
 0.00 , 1231.48 , 830.72 
 0.00 ,  0.00 ,  0.00 
 0.00 ,  0.00 ,  0.00 
 0.00 ,  0.00 ,  0.00 
 0.00 ,  0.00 ,  0.00 
 0.00 ,  0.00 ,  0.00 
 0.00 ,  0.00 ,  0.00 
 0.00 , 184.42 , 123.03 
 0.00 , 475.99 , 318.51 
 0.00 , 6186.35 , 4406.91 
 0.00 , 2106.90 , 1434.69 
 0.00 , 1926.94 , 1309.60 
 0.00 , 1646.63 , 1115.72 
 0.00 , 796.11 , 534.54 
 0.00 , 773.55 , 519.26 
2591.50 , 975.30 , 3066.93 
 0.00 , 811.77 , 545.15 
 0.00 , 857.05 , 575.83 
 0.00 , 1129.09 , 760.81 
 0.00 , 1285.71 , 867.80 
 0.00 , 1278.64 , 862.97 
 0.00 , 1032.74 , 695.17 
 0.00 , 1070.91 , 721.16 
 0.00 , 1118.44 , 753.55 
 0.00 , 1116.35 , 752.12 
 0.00 ,  0.00 ,  0.00 
 0.00 ,  0.00 ,  0.00 
 0.00 ,  0.00 ,  0.00 
 0.00 ,  0.00 ,  0.00 
 0.00 ,  0.00 ,  0.00 
 0.00 , 338.18 , 225.96 
 0.00 , 859.85 , 577.73 
 0.00 , 1049.88 , 706.84 
2720.90 , 6235.51 , 7010.44 
 0.00 , 2836.43 , 1946.82 
 0.00 , 2364.74 , 1614.77 
 0.00 , 224.99 , 150.15 
 0.00 ,  0.00 ,  0.00 
 0.00 ,  0.00 ,  0.00 
 0.00 ,  0.00 ,  0.00 
 0.00 ,  0.00 ,  0.00 
 0.00 ,  0.00 ,  0.00 
 0.00 ,  0.00 ,  0.00 
 0.00 ,  0.00 ,  0.00 
 0.00 ,  0.00 ,  0.00 
 0.00 , 553.59 , 370.74 
2646.94 , 936.10 , 3091.82 
 0.00 , 1110.84 , 748.37 
 0.00 , 1221.50 , 823.90 
 0.00 ,  0.00 ,  0.00 
 0.00 ,  0.00 ,  0.00 
 0.00 ,  0.00 ,  0.00 
 0.00 ,  0.00 ,  0.00 
 0.00 , 145.14 , 96.78 
 0.00 , 924.40 , 621.52 
 0.00 , 1079.29 , 726.87 
 0.00 , 1217.97 , 821.48 
 0.00 , 6282.13 , 4480.00 
 0.00 , 2990.67 , 2056.14 
 0.00 , 1885.47 , 1280.85 
 0.00 , 990.96 , 666.75 
 0.00 , 211.43 , 141.08 
2612.94 ,  0.00 , 2430.04 
 0.00 ,  0.00 ,  0.00 
 0.00 ,  0.00 ,  0.00 
 0.00 ,  0.00 ,  0.00 
 0.00 ,  0.00 ,  0.00 
 0.00 ,  0.00 ,  0.00 
 0.00 ,  0.00 ,  0.00 
 0.00 , 757.14 , 508.16 
 0.00 , 1005.61 , 676.72 
 0.00 , 1122.90 , 756.59 
 0.00 , 1228.11 , 828.41 
 0.00 ,  0.00 ,  0.00 
 0.00 ,  0.00 ,  0.00 
 0.00 ,  0.00 ,  0.00 
 0.00 ,  0.00 ,  0.00 
 0.00 , 325.40 , 217.39 
 0.00 , 992.12 , 667.54 
 0.00 , 1145.76 , 772.19 
2566.78 , 1281.11 , 3253.02 
 0.00 , 6282.13 , 4480.00 
 0.00 , 2972.68 , 2043.36 
 0.00 , 1599.13 , 1082.98 
 0.00 , 487.73 , 326.41 
 0.00 ,  0.00 ,  0.00 
 0.00 ,  0.00 ,  0.00 
 0.00 ,  0.00 ,  0.00 
 0.00 ,  0.00 ,  0.00 
 0.00 ,  0.00 ,  0.00 
 0.00 ,  0.00 ,  0.00 
 0.00 ,  0.00 ,  0.00 
2507.69 ,  0.00 , 2332.15 
 0.00 , 578.69 , 387.65 
 0.00 , 948.95 , 638.20 
 0.00 , 1071.93 , 721.85 
 0.00 , 1182.07 , 796.96 
 0.00 ,  0.00 ,  0.00 
 0.00 ,  0.00 ,  0.00 
 0.00 ,  0.00 ,  0.00 
 0.00 ,  0.00 ,  0.00 
 0.00 , 79.86 , 53.21 
 0.00 , 849.64 , 570.81 
 0.00 , 1002.18 , 674.38 
 0.00 , 1139.84 , 768.15 
 0.00 , 6282.13 , 4480.00 
 0.00 , 2753.48 , 1888.18 
 0.00 , 1197.89 , 807.76 
2652.56 , 289.24 , 2660.11 
 0.00 , 500.68 , 335.12 
 0.00 , 723.32 , 485.29 
 0.00 , 790.57 , 530.78 
 0.00 , 339.07 , 226.56 
 0.00 ,  2.78 ,  1.85 
 0.00 , 146.83 , 97.91 
 0.00 , 1202.69 , 811.05 
 0.00 , 1387.39 , 937.45 
 0.00 , 1229.87 , 829.61 
 0.00 , 1250.49 , 843.71 
 0.00 , 1321.57 , 892.35 
 0.00 , 1337.90 , 903.53 
2543.40 ,  0.00 , 2365.36 
 0.00 ,  0.00 ,  0.00 
 0.00 ,  0.00 ,  0.00 
 0.00 ,  0.00 ,  0.00 
 0.00 , 161.38 , 107.63 
 0.00 , 767.64 , 515.26 
 0.00 , 904.24 , 607.84 
 0.00 , 973.64 , 654.97 
 0.00 , 6282.13 , 4480.00 
 0.00 , 2640.40 , 1808.40 
 0.00 , 2547.04 , 1742.70 
 0.00 , 2432.35 , 1662.16 
 0.00 , 2366.00 , 1615.65 
 0.00 , 2307.27 , 1574.54 
 0.00 , 2157.96 , 1470.27 
 0.00 , 2125.03 , 1447.32 
2512.31 , 2106.33 , 3774.12 
 0.00 , 2126.73 , 1448.50 
 0.00 , 2165.27 , 1475.37 
 0.00 , 2095.18 , 1426.53 
 0.00 , 1873.31 , 1272.42 
 0.00 , 1848.86 , 1255.48 
 0.00 , 1832.92 , 1244.44 
 0.00 , 1874.28 , 1273.09 
 0.00 ,  0.00 ,  0.00 
 0.00 ,  0.00 ,  0.00 
 0.00 ,  0.00 ,  0.00 
 0.00 , 303.28 , 202.57 
 0.00 , 1044.95 , 703.48 
 0.00 , 1126.90 , 759.32 
 0.00 , 1192.45 , 804.05 
 0.00 , 1301.76 , 878.79 
 0.00 , 6282.13 , 4480.00 
2683.87 , 2979.18 , 4551.39 
 0.00 , 2814.91 , 1931.59 
 0.00 , 2675.90 , 1833.43 
 0.00 , 2374.24 , 1621.42 
 0.00 , 2113.12 , 1439.02 
 0.00 , 1992.21 , 1354.91 
 0.00 , 1844.55 , 1252.49 
 0.00 , 1901.85 , 1292.20 
 0.00 , 2045.84 , 1392.19 
 0.00 , 2195.23 , 1496.27 
 0.00 , 2171.03 , 1479.39 
 0.00 , 1921.91 , 1306.11 
 0.00 , 1955.63 , 1329.51 
2622.95 , 1940.33 , 3761.23 
 0.00 , 1990.17 , 1353.50 
 0.00 ,  0.00 ,  0.00 
 0.00 ,  0.00 ,  0.00 
 0.00 ,  0.00 ,  0.00 
 0.00 , 864.86 , 581.12 
 0.00 , 1305.35 , 881.24 
 0.00 , 1386.88 , 937.10 
 0.00 , 1508.13 , 1020.35 
 0.00 , 1621.07 , 1098.10 
 0.00 , 6282.13 , 4480.00 
 0.00 , 3400.63 , 2348.50 
 0.00 , 2159.38 , 1471.26 
 0.00 , 1390.20 , 939.38 
 0.00 , 668.27 , 448.09 
 0.00 , 316.45 , 211.39 
2591.50 ,  0.00 , 2410.09 
 0.00 ,  0.00 ,  0.00 
 0.00 ,  0.00 ,  0.00 
 0.00 , 571.07 , 382.52 
 0.00 , 1513.36 , 1023.95 
 0.00 , 1694.88 , 1149.01 
 0.00 , 1545.94 , 1046.36 
 0.00 , 1573.60 , 1065.40 
 0.00 , 1596.54 , 1081.20 
 0.00 , 1669.16 , 1131.26 
 0.00 ,  0.00 ,  0.00 
 0.00 ,  0.00 ,  0.00 
 0.00 ,  0.00 ,  0.00 
 0.00 ,  0.00 ,  0.00 
 0.00 , 742.99 , 498.59 
 0.00 , 995.24 , 669.66 
 0.00 , 1070.84 , 721.11 
 0.00 , 1132.60 , 763.21 
2720.90 , 6235.51 , 7010.44 
 0.00 , 2820.57 , 1935.60 
 0.00 , 2688.13 , 1842.06 
 0.00 , 2564.30 , 1754.84 
 0.00 , 2458.15 , 1680.26 
 0.00 , 2188.29 , 1491.43 
 0.00 , 1841.42 , 1250.33 
 0.00 , 1689.15 , 1145.06 
 0.00 , 1757.95 , 1192.58 
 0.00 , 1952.35 , 1327.23 
 0.00 , 2121.33 , 1444.74 
 0.00 , 2075.70 , 1412.97 
 0.00 , 1824.77 , 1238.80 
2646.94 , 1853.48 , 3723.09 
 0.00 , 1845.66 , 1253.26 
 0.00 , 1890.27 , 1284.17 
 0.00 ,  0.00 ,  0.00 
 0.00 ,  0.00 ,  0.00 
 0.00 ,  0.00 ,  0.00 
 0.00 , 510.08 , 341.45 
 0.00 , 1241.59 , 837.62 
 0.00 , 1384.83 , 935.70 
 0.00 , 1512.23 , 1023.18 
 0.00 , 1684.24 , 1141.67 
 0.00 , 6282.13 , 4480.00 
 0.00 , 3517.72 , 2432.49 
 0.00 , 2564.55 , 1755.01 
 0.00 , 2358.58 , 1610.46 
 0.00 , 2573.55 , 1761.34 
2612.94 , 2326.04 , 4022.03 
 0.00 , 2027.82 , 1379.67 
 0.00 , 1712.63 , 1161.27 
 0.00 , 1601.07 , 1084.32 
 0.00 , 2096.65 , 1427.56 
 0.00 , 2617.05 , 1791.96 
 0.00 , 2707.01 , 1855.37 
 0.00 , 2469.67 , 1688.34 
 0.00 , 2525.27 , 1727.39 
 0.00 , 2586.41 , 1770.39 
 0.00 , 2539.10 , 1737.11 
 0.00 ,  0.00 ,  0.00 
 0.00 ,  0.00 ,  0.00 
 0.00 , 622.00 , 416.86 
 0.00 , 1524.60 , 1031.68 
 0.00 , 1614.87 , 1093.83 
 0.00 , 1686.71 , 1143.37 
 0.00 , 1690.84 , 1146.22 
2566.78 , 1733.48 , 3565.09 
 0.00 , 6282.13 , 4480.00 
 0.00 , 3339.26 , 2304.57 
 0.00 , 2360.06 , 1611.49 
 0.00 , 2161.60 , 1472.81 
 0.00 , 1729.66 , 1173.03 
 0.00 , 1778.15 , 1206.54 
 0.00 , 1947.31 , 1323.74 
 0.00 , 2066.84 , 1406.80 
 0.00 , 2085.99 , 1420.13 
 0.00 , 2135.16 , 1454.38 
 0.00 , 2330.10 , 1590.52 
2507.69 , 2317.82 , 3918.17 
 0.00 , 2060.72 , 1402.55 
 0.00 , 2095.88 , 1427.02 
 0.00 , 2086.38 , 1420.41 
 0.00 , 2079.00 , 1415.27 
 0.00 ,  0.00 ,  0.00 
 0.00 ,  0.00 ,  0.00 
 0.00 ,  0.00 ,  0.00 
 0.00 , 1060.47 , 714.05 
 0.00 , 1292.36 , 872.35 
 0.00 , 1366.69 , 923.26 
 0.00 , 1481.97 , 1002.38 
 0.00 , 1535.04 , 1038.86 
 0.00 , 6282.13 , 4480.00 
 0.00 , 3134.92 , 2158.71 
 0.00 , 2978.35 , 2047.39 
2652.56 , 2668.09 , 4300.63 
 0.00 , 2411.04 , 1647.21 
 0.00 , 2210.71 , 1507.07 
 0.00 , 2317.86 , 1581.95 
 0.00 , 2336.44 , 1594.96 
 0.00 , 2354.85 , 1607.84 
 0.00 , 2363.33 , 1613.78 
 0.00 , 2438.49 , 1666.46 
 0.00 , 2400.58 , 1639.88 
 0.00 , 2180.28 , 1485.84 
 0.00 , 2156.04 , 1468.94 
 0.00 , 2139.60 , 1457.48 
 0.00 , 2179.91 , 1485.58 
2543.40 ,  0.00 , 2365.36 
 0.00 ,  0.00 ,  0.00 
 0.00 , 58.68 , 39.09 
 0.00 , 1301.29 , 878.46 
 0.00 , 1447.82 , 978.92 
 0.00 , 1577.39 , 1068.01 
 0.00 , 1641.09 , 1111.90 
 0.00 , 1747.77 , 1185.54 
 0.00 , 6282.13 , 4480.00 
 0.00 , 3474.04 , 2401.13 
 0.00 , 3312.41 , 2285.37 
 0.00 , 3105.30 , 2137.62 
 0.00 , 2906.37 , 1996.34 
 0.00 , 2751.87 , 1887.04 
 0.00 , 2661.69 , 1823.41 
 0.00 , 2611.43 , 1788.00 
2512.31 , 2596.80 , 4119.34 
 0.00 , 2637.88 , 1806.64 
 0.00 , 2750.87 , 1886.33 
 0.00 , 2707.53 , 1855.74 
 0.00 , 2487.65 , 1700.97 
 0.00 , 2463.52 , 1684.03 
 0.00 , 2446.56 , 1672.13 
 0.00 , 2487.54 , 1700.89 
 0.00 ,  0.00 ,  0.00 
 0.00 ,  0.00 ,  0.00 
 0.00 , 637.89 , 427.58 
 0.00 , 1554.57 , 1052.30 
 0.00 , 1641.30 , 1112.05 
 0.00 , 1709.72 , 1159.26 
 0.00 , 1820.60 , 1235.91 
 0.00 , 1870.76 , 1270.65 
 0.00 , 6282.13 , 4480.00 
2683.87 , 3557.43 , 4967.72 
 0.00 , 2718.78 , 1863.68 
 0.00 , 1947.69 , 1324.00 
 0.00 , 1296.06 , 874.89 
 0.00 , 696.15 , 466.92 
 0.00 , 15.12 , 10.07 
 0.00 , 37.17 , 24.76 
 0.00 , 946.28 , 636.38 
 0.00 , 1542.88 , 1044.26 
 0.00 , 1938.21 , 1317.42 
 0.00 , 2084.47 , 1419.07 
 0.00 , 1880.67 , 1277.52 
 0.00 , 1893.94 , 1286.71 
2622.95 , 1955.15 , 3771.56 
 0.00 , 1971.34 , 1340.42 
 0.00 ,  0.00 ,  0.00 
 0.00 ,  0.00 ,  0.00 
 0.00 ,  0.00 ,  0.00 
 0.00 , 663.11 , 444.60 
 0.00 , 1151.16 , 775.87 
 0.00 , 1286.89 , 868.61 
 0.00 , 1355.65 , 915.70 
 0.00 , 1411.50 , 953.99 
 0.00 , 6282.13 , 4480.00 
 0.00 , 3085.83 , 2123.77 
 0.00 , 1987.29 , 1351.50 
 0.00 , 1765.43 , 1197.75 
 0.00 , 1821.42 , 1236.48 
 0.00 , 1862.37 , 1264.84 
2591.50 , 1850.12 , 3669.12 
 0.00 , 2010.90 , 1367.90 
 0.00 , 2196.47 , 1497.14 
 0.00 , 2160.32 , 1471.92 
 0.00 , 2258.39 , 1540.37 
 0.00 , 2236.02 , 1524.75 
 0.00 , 1978.04 , 1345.07 
 0.00 , 1957.04 , 1330.49 
 0.00 , 1942.79 , 1320.60 
 0.00 , 1931.38 , 1312.68 
 0.00 ,  0.00 ,  0.00 
 0.00 ,  0.00 ,  0.00 
 0.00 ,  0.00 ,  0.00 
 0.00 , 337.35 , 225.40 
 0.00 , 980.89 , 659.90 
 0.00 , 1055.49 , 710.66 
 0.00 , 1115.29 , 751.40 
 0.00 , 1164.62 , 785.05 
2720.90 , 6235.51 , 7010.44 
 0.00 , 2831.81 , 1943.55 
 0.00 , 2687.07 , 1841.31 
 0.00 , 2557.14 , 1749.80 
 0.00 , 2360.21 , 1611.60 
 0.00 , 2128.56 , 1449.78 
 0.00 , 1822.90 , 1237.50 
 0.00 , 1669.08 , 1131.21 
 0.00 , 1860.16 , 1263.30 
 0.00 , 1979.48 , 1346.07 
 0.00 , 2062.80 , 1403.99 
 0.00 , 2012.67 , 1369.13 
 0.00 , 1795.41 , 1218.48 
2646.94 , 1768.82 , 3664.25 
 0.00 , 1809.26 , 1228.07 
 0.00 , 1798.47 , 1220.60 
 0.00 ,  0.00 ,  0.00 
 0.00 ,  0.00 ,  0.00 
 0.00 ,  0.00 ,  0.00 
 0.00 , 255.44 , 170.53 
 0.00 , 1071.92 , 721.85 
 0.00 , 1210.30 , 816.25 
 0.00 , 1333.66 , 900.63 
 0.00 , 1447.50 , 978.70 
 0.00 , 6282.13 , 4480.00 
 0.00 , 3126.18 , 2152.49 
 0.00 , 1716.69 , 1164.07 
 0.00 , 972.36 , 654.10 
 0.00 , 275.46 , 183.93 
2612.94 ,  0.00 , 2430.04 
 0.00 ,  0.00 ,  0.00 
 0.00 ,  0.00 ,  0.00 
 0.00 ,  0.00 ,  0.00 
 0.00 ,  0.00 ,  0.00 
 0.00 ,  0.00 ,  0.00 
 0.00 ,  0.00 ,  0.00 
 0.00 , 534.43 , 357.84 
 0.00 , 969.08 , 651.88 
 0.00 , 1084.42 , 730.36 
 0.00 , 1187.40 , 800.60 
 0.00 ,  0.00 ,  0.00 
 0.00 ,  0.00 ,  0.00 
 0.00 ,  0.00 ,  0.00 
 0.00 ,  0.00 ,  0.00 
 0.00 , 183.00 , 122.07 
 0.00 , 926.89 , 623.22 
 0.00 , 1132.28 , 762.99 
2566.78 , 1268.03 , 3244.04 
 0.00 , 6282.13 , 4480.00 
 0.00 , 2928.32 , 2011.90 
 0.00 , 1585.40 , 1073.53 
 0.00 , 1024.02 , 689.24 
 0.00 , 199.51 , 133.11 
 0.00 ,  0.00 ,  0.00 
 0.00 ,  0.00 ,  0.00 
 0.00 ,  0.00 ,  0.00 
 0.00 ,  0.00 ,  0.00 
 0.00 ,  0.00 ,  0.00 
 0.00 ,  0.00 ,  0.00 
2507.69 ,  0.00 , 2332.15 
 0.00 , 256.29 , 171.10 
 0.00 , 860.06 , 577.87 
 0.00 , 979.64 , 659.06 
 0.00 , 1085.55 , 731.13 
 0.00 ,  0.00 ,  0.00 
 0.00 ,  0.00 ,  0.00 
 0.00 ,  0.00 ,  0.00 
 0.00 ,  0.00 ,  0.00 
 0.00 ,  0.00 ,  0.00 
 0.00 , 325.35 , 217.36 
 0.00 , 796.77 , 534.98 
 0.00 , 879.07 , 590.76 
 0.00 , 6282.13 , 4480.00 
 0.00 , 2436.30 , 1664.93 
 0.00 , 1968.29 , 1338.30 
2652.56 , 993.49 , 3136.13 
 0.00 , 746.65 , 501.06 
 0.00 , 852.67 , 572.86 
 0.00 , 649.29 , 435.28 
 0.00 ,  4.85 ,  3.23 
 0.00 , 13.18 ,  8.78 
 0.00 , 533.07 , 356.92 
 0.00 , 881.89 , 592.68 
 0.00 , 1203.35 , 811.50 
 0.00 , 999.68 , 672.68 
 0.00 , 1063.08 , 715.83 
 0.00 , 1073.69 , 723.05 
 0.00 , 1134.97 , 764.82 
2543.40 ,  0.00 , 2365.36 
 0.00 ,  0.00 ,  0.00 
 0.00 ,  0.00 ,  0.00 
 0.00 ,  0.00 ,  0.00 
 0.00 ,  0.00 ,  0.00 
 0.00 ,  0.00 ,  0.00 
 0.00 , 437.27 , 292.48 
 0.00 , 642.68 , 430.82 
 0.00 , 6282.13 , 4480.00 
 0.00 , 2297.90 , 1567.99 
 0.00 , 2127.32 , 1448.92 
 0.00 , 1928.66 , 1310.79 
 0.00 , 1652.13 , 1119.51 
 0.00 , 1391.69 , 940.40 
 0.00 , 1127.46 , 759.70 
 0.00 , 1172.82 , 790.65 
2512.31 , 1239.72 , 3173.94 
 0.00 , 1323.97 , 893.99 
 0.00 , 1463.09 , 989.40 
 0.00 , 1480.12 , 1001.10 
 0.00 , 1235.24 , 833.28 
 0.00 , 1270.02 , 857.07 
 0.00 , 1314.50 , 887.51 
 0.00 , 1362.88 , 920.65 
 0.00 ,  0.00 ,  0.00 
 0.00 ,  0.00 ,  0.00 
 0.00 ,  0.00 ,  0.00 
 0.00 ,  0.00 ,  0.00 
 0.00 ,  9.78 ,  6.51 
 0.00 , 867.95 , 583.22 
 0.00 , 1066.53 , 718.18 
 0.00 , 1196.03 , 806.49 
 0.00 , 6282.13 , 4480.00 
2683.87 , 3000.01 , 4566.29 
 0.00 , 1591.04 , 1077.41 
 0.00 , 782.50 , 525.32 
 0.00 , 816.25 , 548.18 
 0.00 , 255.49 , 170.56 
 0.00 ,  0.00 ,  0.00 
 0.00 ,  0.00 ,  0.00 
 0.00 ,  0.00 ,  0.00 
 0.00 ,  0.00 ,  0.00 
 0.00 , 382.79 , 255.89 
 0.00 , 1262.19 , 851.71 
 0.00 , 1158.56 , 780.92 
 0.00 , 1304.50 , 880.66 
2622.95 , 1392.19 , 3381.60 
 0.00 , 1477.74 , 999.47 
 0.00 ,  0.00 ,  0.00 
 0.00 ,  0.00 ,  0.00 
 0.00 ,  0.00 ,  0.00 
 0.00 ,  0.00 ,  0.00 
 0.00 , 997.89 , 671.46 
 0.00 , 1196.91 , 807.09 
 0.00 , 1392.73 , 941.12 
 0.00 , 1524.35 , 1031.51 
 0.00 , 6282.13 , 4480.00 
 0.00 , 3370.90 , 2327.21 
 0.00 , 1760.10 , 1194.07 
 0.00 , 660.47 , 442.82 
 0.00 , 139.02 , 92.69 
 0.00 ,  0.00 ,  0.00 
2591.50 ,  0.00 , 2410.09 
 0.00 ,  0.00 ,  0.00 
 0.00 ,  0.00 ,  0.00 
 0.00 ,  0.00 ,  0.00 
 0.00 , 483.99 , 323.89 
 0.00 , 1573.21 , 1065.13 
 0.00 , 1498.39 , 1013.66 
 0.00 , 1611.68 , 1091.63 
 0.00 , 1715.56 , 1163.29 
 0.00 , 1810.71 , 1229.06 
 0.00 ,  0.00 ,  0.00 
 0.00 ,  0.00 ,  0.00 
 0.00 ,  0.00 ,  0.00 
 0.00 , 686.85 , 460.64 
 0.00 , 1204.70 , 812.42 
 0.00 , 1299.21 , 877.04 
 0.00 , 1432.08 , 968.11 
 0.00 , 1499.25 , 1014.25 
2720.90 , 6235.51 , 7010.44 
 0.00 , 3131.95 , 2156.60 
 0.00 , 2415.91 , 1650.62 
 0.00 , 2310.00 , 1576.46 
 0.00 , 2067.96 , 1407.59 
 0.00 , 1617.49 , 1095.63 
 0.00 , 852.98 , 573.07 
 0.00 , 678.91 , 455.27 
 0.00 , 1099.85 , 740.88 
 0.00 , 1497.93 , 1013.34 
 0.00 , 1772.09 , 1202.35 
 0.00 , 1932.01 , 1313.12 
 0.00 , 1709.87 , 1159.36 
2646.94 , 1759.15 , 3657.53 
 0.00 , 1767.14 , 1198.93 
 0.00 , 1823.57 , 1237.97 
 0.00 ,  0.00 ,  0.00 
 0.00 ,  0.00 ,  0.00 
 0.00 ,  0.00 ,  0.00 
 0.00 , 318.52 , 212.79 
 0.00 , 1092.83 , 736.09 
 0.00 , 1235.99 , 833.80 
 0.00 , 1364.49 , 921.75 
 0.00 , 1482.00 , 1002.39 
 0.00 , 6282.13 , 4480.00 
 0.00 , 3101.43 , 2134.87 
 0.00 , 1402.46 , 947.79 
 0.00 , 363.86 , 243.19 
 0.00 ,  0.00 ,  0.00 
2612.94 ,  0.00 , 2430.04 
 0.00 ,  0.00 ,  0.00 
 0.00 ,  0.00 ,  0.00 
 0.00 ,  0.00 ,  0.00 
 0.00 ,  0.00 ,  0.00 
 0.00 ,  0.00 ,  0.00 
 0.00 ,  0.00 ,  0.00 
 0.00 , 178.61 , 119.14 
 0.00 , 866.07 , 581.95 
 0.00 , 1041.60 , 701.21 
 0.00 , 1152.93 , 777.07 
 0.00 ,  0.00 ,  0.00 
 0.00 ,  0.00 ,  0.00 
 0.00 ,  0.00 ,  0.00 
 0.00 ,  0.00 ,  0.00 
 0.00 ,  0.00 ,  0.00 
 0.00 , 498.47 , 333.63 
 0.00 , 818.76 , 549.88 
2566.78 , 896.95 , 2990.61 
 0.00 , 6282.13 , 4480.00 
 0.00 , 2469.04 , 1687.90 
 0.00 , 2312.27 , 1578.04 
 0.00 , 2165.80 , 1475.74 
 0.00 , 1724.53 , 1169.48 
 0.00 , 1446.64 , 978.11 
 0.00 , 1366.51 , 923.14 
 0.00 , 1199.57 , 808.92 
 0.00 , 649.64 , 435.51 
 0.00 , 512.51 , 343.08 
 0.00 , 1058.88 , 712.96 
2507.69 , 1352.88 , 3247.31 
 0.00 , 1207.43 , 814.28 
 0.00 , 1263.41 , 852.55 
 0.00 , 1321.00 , 891.96 
 0.00 , 1380.10 , 932.46 
 0.00 ,  0.00 ,  0.00 
 0.00 ,  0.00 ,  0.00 
 0.00 ,  0.00 ,  0.00 
 0.00 ,  0.00 ,  0.00 
 0.00 , 557.58 , 373.43 
 0.00 , 1020.47 , 686.83 
 0.00 , 1158.49 , 780.87 
 0.00 , 1338.70 , 904.08 
 0.00 , 6282.13 , 4480.00 
 0.00 , 2989.37 , 2055.21 
 0.00 , 2368.86 , 1617.65 
2652.56 , 1576.59 , 3536.33 
 0.00 , 823.62 , 553.17 
 0.00 , 447.73 , 299.51 
 0.00 , 489.13 , 327.35 
 0.00 , 763.92 , 512.75 
 0.00 , 906.32 , 609.25 
 0.00 , 1004.25 , 675.79 
 0.00 , 1212.26 , 817.58 
 0.00 , 1643.15 , 1113.32 
 0.00 , 1494.19 , 1010.77 
 0.00 , 1506.82 , 1019.46 
 0.00 , 1571.43 , 1063.91 
 0.00 , 1635.89 , 1108.31 
2543.40 ,  0.00 , 2365.36 
 0.00 ,  0.00 ,  0.00 
 0.00 ,  0.00 ,  0.00 
 0.00 , 16.90 , 11.26 
 0.00 , 930.17 , 625.44 
 0.00 , 1075.86 , 724.53 
 0.00 , 1150.97 , 775.74 
 0.00 , 1212.51 , 817.75 
 0.00 , 6282.13 , 4480.00 
 0.00 , 2882.64 , 1979.53 
 0.00 , 1933.22 , 1313.96 
 0.00 , 1175.08 , 792.19 
 0.00 , 1304.86 , 880.91 
 0.00 , 1464.01 , 990.03 
 0.00 , 938.93 , 631.40 
 0.00 , 831.25 , 558.34 
2512.31 , 905.08 , 2945.47 
 0.00 , 1207.21 , 814.13 
 0.00 , 1609.99 , 1090.47 
 0.00 , 1713.48 , 1161.85 
 0.00 , 1526.61 , 1033.07 
 0.00 , 1579.13 , 1069.21 
 0.00 , 1635.96 , 1108.36 
 0.00 , 1695.08 , 1149.15 
 0.00 ,  0.00 ,  0.00 
 0.00 ,  0.00 ,  0.00 
 0.00 ,  0.00 ,  0.00 
 0.00 , 230.64 , 153.93 
 0.00 , 1083.37 , 729.65 
 0.00 , 1229.95 , 829.67 
 0.00 , 1360.95 , 919.33 
 0.00 , 1480.38 , 1001.28 
 0.00 , 6282.13 , 4480.00 
2683.87 , 3301.17 , 4782.50 
 0.00 , 2463.74 , 1684.18 
 0.00 , 973.26 , 654.72 
 0.00 ,  0.00 ,  0.00 
 0.00 ,  0.00 ,  0.00 
 0.00 ,  0.00 ,  0.00 
 0.00 ,  0.00 ,  0.00 
 0.00 ,  0.00 ,  0.00 
 0.00 ,  0.00 ,  0.00 
 0.00 ,  0.00 ,  0.00 
 0.00 , 502.85 , 336.58 
 0.00 , 992.14 , 667.56 
 0.00 , 1108.01 , 746.44 
2622.95 , 1210.65 , 3256.97 
 0.00 , 1307.74 , 882.88 
 0.00 ,  0.00 ,  0.00 
 0.00 ,  0.00 ,  0.00 
 0.00 ,  0.00 ,  0.00 
 0.00 ,  0.00 ,  0.00 
 0.00 , 237.80 , 158.72 
 0.00 , 913.05 , 613.82 
 0.00 , 1059.69 , 713.52 
 0.00 , 1191.71 , 803.55 
 0.00 , 6282.13 , 4480.00 
 0.00 , 2816.69 , 1932.85 
 0.00 , 2424.66 , 1656.76 
 0.00 , 1853.55 , 1258.73 
 0.00 , 812.89 , 545.90 
 0.00 , 176.59 , 117.79 
2591.50 ,  0.00 , 2410.09 
 0.00 ,  0.00 ,  0.00 
 0.00 ,  0.00 ,  0.00 
 0.00 ,  0.00 ,  0.00 
 0.00 ,  0.00 ,  0.00 
 0.00 , 189.01 , 126.09 
 0.00 , 833.43 , 559.82 
 0.00 , 941.75 , 633.31 
 0.00 , 1036.86 , 697.98 
 0.00 , 1124.71 , 757.83 
 0.00 ,  0.00 ,  0.00 
 0.00 ,  0.00 ,  0.00 
 0.00 ,  0.00 ,  0.00 
 0.00 ,  0.00 ,  0.00 
 0.00 ,  0.00 ,  0.00 
 0.00 , 239.43 , 159.81 
 0.00 , 757.85 , 508.64 
 0.00 , 892.37 , 599.79 
2713.09 , 6235.65 , 7003.17 
 0.00 , 2556.34 , 1749.23 
 0.00 , 927.49 , 623.62 
 0.00 , 289.24 , 193.17 
 0.00 , 24.30 , 16.18 
 0.00 , 56.25 , 37.47 
 0.00 , 280.81 , 187.51 
 0.00 , 623.16 , 417.64 
 0.00 , 817.76 , 549.20 
 0.00 , 923.23 , 620.73 
 0.00 , 1116.88 , 752.49 
 0.00 , 1319.22 , 890.74 
 0.00 , 1166.40 , 786.27 
2612.66 , 1224.85 , 3257.13 
 0.00 , 1289.92 , 870.68 
 0.00 , 1353.18 , 914.00 
 0.00 ,  0.00 ,  0.00 
 0.00 ,  0.00 ,  0.00 
 0.00 ,  0.00 ,  0.00 
 0.00 ,  0.00 ,  0.00 
 0.00 , 191.66 , 127.86 
 0.00 , 865.89 , 581.83 
 0.00 , 1060.68 , 714.19 
 0.00 , 1189.24 , 801.86 
 0.00 , 6282.13 , 4480.00 
 0.00 , 2784.59 , 1910.16 
 0.00 , 1229.91 , 829.64 
 0.00 , 680.99 , 456.68 
 0.00 , 87.87 , 58.56 
2582.07 ,  0.00 , 2401.33 
 0.00 ,  0.00 ,  0.00 
 0.00 ,  0.00 ,  0.00 
 0.00 ,  0.00 ,  0.00 
 0.00 ,  0.00 ,  0.00 
 0.00 ,  0.00 ,  0.00 
 0.00 ,  0.00 ,  0.00 
 0.00 ,  0.00 ,  0.00 
 0.00 , 662.68 , 444.32 
 0.00 , 886.18 , 595.59 
 0.00 , 1049.38 , 706.50 
 0.00 ,  0.00 ,  0.00 
 0.00 ,  0.00 ,  0.00 
 0.00 ,  0.00 ,  0.00 
 0.00 ,  0.00 ,  0.00 
 0.00 ,  0.00 ,  0.00 
 0.00 , 313.32 , 209.30 
 0.00 , 821.98 , 552.06 
2538.58 , 961.54 , 3008.32 
 0.00 , 6282.13 , 4480.00 
 0.00 , 2554.74 , 1748.11 
 0.00 , 2185.34 , 1489.37 
 0.00 , 2058.92 , 1401.29 
 0.00 , 1338.42 , 903.89 
 0.00 , 567.92 , 380.40 
 0.00 , 605.87 , 405.98 
 0.00 , 680.32 , 456.23 
 0.00 , 800.34 , 537.40 
 0.00 , 1125.36 , 758.27 
 0.00 , 1380.57 , 932.77 
 0.00 , 1470.04 , 994.18 
2714.28 , 1310.24 , 3410.26 
 0.00 , 1365.38 , 922.36 
 0.00 , 1423.40 , 962.16 
 0.00 , 1428.56 , 965.69 
 0.00 ,  0.00 ,  0.00 
 0.00 ,  0.00 ,  0.00 
 0.00 ,  0.00 ,  0.00 
 0.00 ,  0.00 ,  0.00 
 0.00 , 604.88 , 405.31 
 0.00 , 1009.86 , 679.61 
 0.00 , 1146.02 , 772.36 
 0.00 , 1269.98 , 857.04 
 0.00 , 6282.13 , 4480.00 
 0.00 , 2940.63 , 2020.63 
 0.00 , 2748.89 , 1884.94 
 0.00 , 2644.80 , 1811.51 
2603.32 , 2510.19 , 4142.91 
 0.00 , 2314.02 , 1579.26 
 0.00 , 2138.75 , 1456.88 
 0.00 , 1968.88 , 1338.71 
 0.00 , 1860.61 , 1263.62 
 0.00 , 2066.78 , 1406.76 
 0.00 , 2202.84 , 1501.58 
 0.00 , 2185.40 , 1489.41 
 0.00 , 1936.74 , 1316.40 
 0.00 , 1970.19 , 1339.62 
 0.00 , 1959.35 , 1332.09 
 0.00 , 1951.12 , 1326.38 
 0.00 ,  0.00 ,  0.00 
 0.00 ,  0.00 ,  0.00 
 0.00 ,  0.00 ,  0.00 
 0.00 , 743.45 , 498.90 
 0.00 , 1155.36 , 778.73 
2522.98 , 1230.66 , 3177.66 
 0.00 , 1294.84 , 874.05 
 0.00 , 1346.29 , 909.28 
 0.00 , 6282.13 , 4480.00 
 0.00 , 2957.74 , 2032.77 
 0.00 , 2774.29 , 1902.88 
 0.00 , 2686.78 , 1841.10 
 0.00 , 2135.68 , 1454.75 
 0.00 , 1655.02 , 1121.51 
 0.00 , 1243.58 , 838.99 
 0.00 , 1050.69 , 707.39 
 0.00 , 1327.18 , 896.19 
 0.00 , 1517.74 , 1026.96 
2503.15 , 1723.56 , 3498.97 
 0.00 , 1818.02 , 1234.12 
 0.00 , 1618.92 , 1096.62 
 0.00 , 1661.70 , 1126.11 
 0.00 , 1656.94 , 1122.83 
 0.00 , 1706.67 , 1157.15 
 0.00 ,  0.00 ,  0.00 
 0.00 ,  0.00 ,  0.00 
 0.00 ,  0.00 ,  0.00 
 0.00 , 217.09 , 144.87 
 0.00 , 1069.28 , 720.05 
 0.00 , 1267.79 , 855.54 
 0.00 , 1399.00 , 945.42 
 0.00 , 1517.88 , 1027.06 
 0.00 , 6282.13 , 4480.00 
 0.00 , 3179.48 , 2190.46 
2588.24 , 2033.96 , 3794.25 
 0.00 , 1492.04 , 1009.29 
 0.00 , 1467.73 , 992.59 
 0.00 , 1494.68 , 1011.11 
 0.00 , 1328.08 , 896.81 
 0.00 , 1059.85 , 713.63 
 0.00 , 1105.79 , 744.93 
 0.00 , 1396.44 , 943.66 
 0.00 , 1566.38 , 1060.43 
 0.00 , 1870.01 , 1270.13 
 0.00 , 1746.16 , 1184.43 
 0.00 , 1807.18 , 1226.62 
 0.00 , 1869.48 , 1269.77 
2536.94 , 1927.16 , 3671.95 
 0.00 ,  0.00 ,  0.00 
 0.00 ,  0.00 ,  0.00 
 0.00 ,  0.00 ,  0.00 
 0.00 , 910.36 , 611.99 
 0.00 , 1349.58 , 911.53 
 0.00 , 1491.99 , 1009.26 
 0.00 , 1564.57 , 1059.18 
 0.00 , 1679.75 , 1138.57 
 0.00 , 6282.13 , 4480.00 
 0.00 , 3279.46 , 2261.82 
 0.00 , 1594.27 , 1079.64 
 0.00 , 525.35 , 351.72 
 0.00 , 51.38 , 34.23 
 0.00 ,  0.00 ,  0.00 
 0.00 ,  0.00 ,  0.00 
2536.42 ,  0.00 , 2358.87 
 0.00 ,  0.00 ,  0.00 
 0.00 ,  0.00 ,  0.00 
 0.00 ,  0.00 ,  0.00 
 0.00 ,  0.00 ,  0.00 
 0.00 , 463.71 , 310.26 
 0.00 , 1055.70 , 710.80 
 0.00 , 1233.29 , 831.95 
 0.00 , 1344.93 , 908.35 
 0.00 ,  0.00 ,  0.00 
 0.00 ,  0.00 ,  0.00 
 0.00 ,  0.00 ,  0.00 
 0.00 ,  0.00 ,  0.00 
 0.00 , 900.52 , 605.31 
 0.00 , 1254.68 , 846.57 
 0.00 , 1405.72 , 950.03 
 0.00 , 1596.56 , 1081.21 
2539.48 , 6238.92 , 6841.72 
 0.00 , 3383.84 , 2336.47 
 0.00 , 2641.91 , 1809.47 
 0.00 , 2090.23 , 1423.09 
 0.00 , 875.40 , 588.27 
 0.00 , 64.79 , 43.16 
 0.00 ,  0.00 ,  0.00 
 0.00 ,  0.00 ,  0.00 
 0.00 ,  0.00 ,  0.00 
 0.00 ,  0.00 ,  0.00 
 0.00 , 799.37 , 536.74 
 0.00 , 1519.38 , 1028.09 
 0.00 , 1440.16 , 973.66 
2612.66 , 1534.77 , 3470.30 
 0.00 , 1627.33 , 1102.42 
 0.00 , 1710.75 , 1159.97 
 0.00 ,  0.00 ,  0.00 
 0.00 ,  0.00 ,  0.00 
 0.00 ,  0.00 ,  0.00 
 0.00 , 423.89 , 283.49 
 0.00 , 1119.70 , 754.41 
 0.00 , 1268.27 , 855.87 
 0.00 , 1347.43 , 910.06 
 0.00 , 1466.96 , 992.06 
 0.00 , 6282.13 , 4480.00 
 0.00 , 3254.57 , 2244.04 
 0.00 , 3158.55 , 2175.54 
 0.00 , 2991.23 , 2056.53 
 0.00 , 2651.37 , 1816.14 
2582.07 , 2241.15 , 3933.61 
 0.00 , 1671.78 , 1133.07 
 0.00 , 1559.98 , 1056.02 
 0.00 , 1479.80 , 1000.88 
 0.00 , 1214.13 , 818.86 
 0.00 , 1529.67 , 1035.17 
 0.00 , 1860.06 , 1263.24 
 0.00 , 1707.62 , 1157.81 
 0.00 , 1761.42 , 1194.97 
 0.00 , 1816.67 , 1233.19 
 0.00 , 1819.92 , 1235.44 
 0.00 ,  0.00 ,  0.00 
 0.00 ,  0.00 ,  0.00 
 0.00 ,  0.00 ,  0.00 
 0.00 , 487.24 , 326.08 
 0.00 , 1144.07 , 771.03 
 0.00 , 1284.54 , 867.00 
 0.00 , 1410.33 , 953.19 
2538.58 , 1524.18 , 3394.03 
 0.00 , 6282.13 , 4480.00 
 0.00 , 3040.97 , 2091.87 
 0.00 , 2341.77 , 1598.68 
 0.00 , 1706.51 , 1157.04 
 0.00 , 830.30 , 557.70 
 0.00 , 665.53 , 446.24 
 0.00 , 1057.31 , 711.90 
 0.00 , 1194.23 , 805.27 
 0.00 , 1350.71 , 912.31 
 0.00 , 1492.46 , 1009.59 
 0.00 , 1773.50 , 1203.33 
 0.00 , 1883.92 , 1279.77 
2714.28 , 1697.74 , 3677.63 
 0.00 , 1698.59 , 1151.57 
 0.00 , 1751.34 , 1188.01 
 0.00 , 1807.05 , 1226.53 
 0.00 ,  0.00 ,  0.00 
 0.00 ,  0.00 ,  0.00 
 0.00 ,  0.00 ,  0.00 
 0.00 , 496.03 , 331.99 
 0.00 , 1150.59 , 775.48 
 0.00 , 1236.65 , 834.25 
 0.00 , 1361.14 , 919.45 
 0.00 , 1421.02 , 960.52 
 0.00 , 6282.13 , 4480.00 
 0.00 , 3006.21 , 2067.17 
 0.00 , 2632.96 , 1803.16 
 0.00 , 2238.28 , 1526.32 
2603.32 , 1834.49 , 3669.26 
 0.00 , 1317.80 , 889.76 
 0.00 , 605.84 , 405.96 
 0.00 , 186.17 , 124.19 
 0.00 , 612.71 , 410.59 
 0.00 , 1095.61 , 737.99 
 0.00 , 1498.15 , 1013.50 
 0.00 , 1597.78 , 1082.05 
 0.00 , 1428.91 , 965.94 
 0.00 , 1483.70 , 1003.56 
 0.00 , 1541.42 , 1043.26 
 0.00 , 1600.84 , 1084.16 
 0.00 ,  0.00 ,  0.00 
 0.00 ,  0.00 ,  0.00 
 0.00 ,  0.00 ,  0.00 
 0.00 , 147.29 , 98.21 
 0.00 , 1111.56 , 748.86 
2522.98 , 1260.27 , 3197.96 
 0.00 , 1395.36 , 942.92 
 0.00 , 1517.06 , 1026.50 
 0.00 , 6282.13 , 4480.00 
 0.00 , 3166.16 , 2180.97 
 0.00 , 2024.37 , 1377.27 
 0.00 , 1579.35 , 1069.36 
 0.00 , 896.63 , 602.68 
 0.00 , 640.30 , 429.21 
 0.00 , 457.04 , 305.77 
 0.00 , 566.89 , 379.70 
 0.00 , 899.02 , 604.30 
 0.00 , 890.73 , 598.67 
2503.15 , 1248.43 , 3171.39 
 0.00 , 1686.55 , 1143.26 
 0.00 , 1558.63 , 1055.10 
 0.00 , 1629.67 , 1104.03 
 0.00 , 1698.83 , 1151.74 
 0.00 , 1821.00 , 1236.19 
 0.00 ,  0.00 ,  0.00 
 0.00 ,  0.00 ,  0.00 
 0.00 ,  0.00 ,  0.00 
 0.00 , 641.65 , 430.12 
 0.00 , 1254.41 , 846.39 
 0.00 , 1346.03 , 909.10 
 0.00 , 1473.88 , 996.82 
 0.00 , 1592.63 , 1078.50 
 0.00 , 6282.13 , 4480.00 
 0.00 , 3267.68 , 2253.40 
2588.24 , 1575.91 , 3475.99 
 0.00 , 73.64 , 49.06 
 0.00 ,  0.00 ,  0.00 
 0.00 ,  0.00 ,  0.00 
 0.00 ,  0.00 ,  0.00 
 0.00 ,  0.00 ,  0.00 
 0.00 ,  0.00 ,  0.00 
 0.00 ,  0.00 ,  0.00 
 0.00 ,  0.00 ,  0.00 
 0.00 ,  0.00 ,  0.00 
 0.00 ,  0.00 ,  0.00 
 0.00 ,  0.00 ,  0.00 
 0.00 , 641.13 , 429.77 
2536.94 , 1041.83 , 3061.53 
 0.00 ,  0.00 ,  0.00 
 0.00 ,  0.00 ,  0.00 
 0.00 ,  0.00 ,  0.00 
 0.00 ,  0.00 ,  0.00 
 0.00 , 217.71 , 145.29 
 0.00 , 1125.97 , 758.68 
 0.00 , 1349.85 , 911.72 
 0.00 , 1557.63 , 1054.41 
 0.00 , 6282.13 , 4480.00 
 0.00 , 3316.27 , 2288.12 
 0.00 , 2774.52 , 1903.04 
 0.00 , 2381.58 , 1626.57 
 0.00 , 1620.26 , 1097.54 
 0.00 , 613.22 , 410.93 
 0.00 ,  0.00 ,  0.00 
2536.42 ,  0.00 , 2358.87 
 0.00 ,  0.00 ,  0.00 
 0.00 , 366.17 , 244.74 
 0.00 , 1499.74 , 1014.59 
 0.00 , 2030.29 , 1381.38 
 0.00 , 2062.91 , 1404.07 
 0.00 , 2177.63 , 1483.99 
 0.00 , 2280.40 , 1555.76 
 0.00 , 2429.53 , 1660.18 
 0.00 ,  0.00 ,  0.00 
 0.00 ,  0.00 ,  0.00 
 0.00 , 537.36 , 359.81 
 0.00 , 1512.89 , 1023.63 
 0.00 , 1618.06 , 1096.02 
 0.00 , 1757.72 , 1192.42 
 0.00 , 1831.21 , 1243.25 
 0.00 , 1891.91 , 1285.31 
2539.48 , 6238.92 , 6841.72 
 0.00 , 3461.30 , 2391.99 
 0.00 , 1845.76 , 1253.33 
 0.00 , 672.34 , 450.84 
 0.00 ,  1.15 ,  0.77 
 0.00 ,  0.00 ,  0.00 
 0.00 ,  0.00 ,  0.00 
 0.00 ,  0.00 ,  0.00 
 0.00 ,  0.00 ,  0.00 
 0.00 ,  0.00 ,  0.00 
 0.00 ,  0.00 ,  0.00 
 0.00 , 361.19 , 241.40 
 0.00 , 1455.74 , 984.35 
2612.66 , 1613.52 , 3524.71 
 0.00 , 1750.31 , 1187.29 
 0.00 , 1923.15 , 1306.97 
 0.00 ,  0.00 ,  0.00 
 0.00 ,  0.00 ,  0.00 
 0.00 ,  0.00 ,  0.00 
 0.00 , 1150.05 , 775.11 
 0.00 , 1402.58 , 947.87 
 0.00 , 1500.40 , 1015.04 
 0.00 , 1525.76 , 1032.48 
 0.00 , 1589.50 , 1076.35 
 0.00 , 6282.13 , 4480.00 
 0.00 , 3141.64 , 2163.50 
 0.00 , 1870.40 , 1270.40 
 0.00 , 1027.83 , 691.83 
 0.00 , 735.09 , 493.25 
2582.07 , 40.00 , 2427.97 
 0.00 ,  0.00 ,  0.00 
 0.00 ,  0.00 ,  0.00 
 0.00 ,  0.00 ,  0.00 
 0.00 ,  0.00 ,  0.00 
 0.00 ,  0.00 ,  0.00 
 0.00 ,  0.00 ,  0.00 
 0.00 ,  0.00 ,  0.00 
 0.00 , 418.22 , 279.68 
 0.00 , 847.14 , 569.11 
 0.00 , 957.24 , 643.83 
 0.00 ,  0.00 ,  0.00 
 0.00 ,  0.00 ,  0.00 
 0.00 ,  0.00 ,  0.00 
 0.00 ,  0.00 ,  0.00 
 0.00 ,  0.00 ,  0.00 
 0.00 ,  9.58 ,  6.38 
 0.00 , 647.82 , 434.28 
2538.58 , 848.58 , 2931.50 
 0.00 , 6282.13 , 4480.00 
 0.00 , 2409.61 , 1646.21 
 0.00 , 1981.68 , 1347.60 
 0.00 , 1525.54 , 1032.33 
 0.00 , 1078.73 , 726.49 
 0.00 , 870.43 , 584.90 
 0.00 , 896.32 , 602.46 
 0.00 , 608.37 , 407.66 
 0.00 , 559.26 , 374.56 
 0.00 , 907.42 , 610.00 
 0.00 , 943.50 , 634.50 
 0.00 , 1185.10 , 799.03 
2714.28 , 1116.28 , 3277.37 
 0.00 , 1177.46 , 793.81 
 0.00 , 1291.60 , 871.83 
 0.00 , 1354.67 , 915.02 
 0.00 ,  0.00 ,  0.00 
 0.00 ,  0.00 ,  0.00 
 0.00 ,  0.00 ,  0.00 
 0.00 ,  0.00 ,  0.00 
 0.00 , 617.61 , 413.90 
 0.00 , 1070.00 , 720.54 
 0.00 , 1210.19 , 816.17 
 0.00 , 1392.27 , 940.80 
 0.00 , 6282.13 , 4480.00 
 0.00 , 2869.50 , 1970.22 
 0.00 , 1810.24 , 1228.74 
 0.00 , 1475.66 , 998.04 
2603.32 , 967.34 , 3072.50 
 0.00 , 373.19 , 249.45 
 0.00 ,  0.00 ,  0.00 
 0.00 ,  0.00 ,  0.00 
 0.00 ,  0.00 ,  0.00 
 0.00 , 217.29 , 145.00 
 0.00 , 843.92 , 566.93 
 0.00 , 1249.65 , 843.14 
 0.00 , 1147.11 , 773.10 
 0.00 , 1227.98 , 828.32 
 0.00 , 1305.50 , 881.35 
 0.00 , 1325.37 , 894.95 
 0.00 ,  0.00 ,  0.00 
 0.00 ,  0.00 ,  0.00 
 0.00 ,  0.00 ,  0.00 
 0.00 ,  0.00 ,  0.00 
 0.00 , 259.74 , 173.41 
2522.98 , 822.43 , 2899.23 
 0.00 , 959.69 , 645.49 
 0.00 , 1029.05 , 692.66 
 0.00 , 6282.13 , 4480.00 
 0.00 , 2592.07 , 1774.37 
 0.00 , 2136.96 , 1455.63 
 0.00 , 1953.57 , 1328.08 
 0.00 , 1753.33 , 1189.39 
 0.00 , 1743.62 , 1182.67 
 0.00 , 1022.67 , 688.32 
 0.00 , 185.75 , 123.91 
 0.00 , 628.14 , 421.00 
 0.00 , 1104.20 , 743.85 
2503.15 , 1276.68 , 3190.76 
 0.00 , 1444.84 , 976.87 
 0.00 , 1258.88 , 849.44 
 0.00 , 1310.05 , 884.46 
 0.00 , 1365.91 , 922.73 
 0.00 , 1369.15 , 924.94 
 0.00 ,  0.00 ,  0.00 
 0.00 ,  0.00 ,  0.00 
 0.00 ,  0.00 ,  0.00 
 0.00 ,  0.00 ,  0.00 
 0.00 , 70.21 , 46.78 
 0.00 , 788.71 , 529.52 
 0.00 , 868.99 , 583.92 
 0.00 , 988.85 , 665.32 
 0.00 , 6282.13 , 4480.00 
 0.00 , 2561.77 , 1753.05 
2588.24 , 2165.62 , 3886.37 
 0.00 , 1789.51 , 1214.40 
 0.00 , 1475.99 , 998.27 
 0.00 , 988.29 , 664.94 
 0.00 , 430.77 , 288.11 
 0.00 , 138.77 , 92.53 
 0.00 , 430.20 , 287.73 
 0.00 , 931.06 , 626.05 
 0.00 , 1104.38 , 743.96 
 0.00 , 1325.32 , 894.91 
 0.00 , 1122.97 , 756.64 
 0.00 , 1176.04 , 792.85 
 0.00 , 1233.52 , 832.11 
2536.94 , 1289.85 , 3231.24 
 0.00 ,  0.00 ,  0.00 
 0.00 ,  0.00 ,  0.00 
 0.00 ,  0.00 ,  0.00 
 0.00 ,  0.00 ,  0.00 
 0.00 ,  0.00 ,  0.00 
 0.00 , 733.80 , 492.37 
 0.00 , 914.31 , 614.67 
 0.00 , 1039.76 , 699.95 
 0.00 , 6282.13 , 4480.00 
 0.00 , 2497.49 , 1707.88 
 0.00 , 1000.20 , 673.03 
 0.00 ,  0.00 ,  0.00 
 0.00 ,  0.00 ,  0.00 
 0.00 ,  0.00 ,  0.00 
 0.00 ,  0.00 ,  0.00 
2536.42 ,  0.00 , 2358.87 
 0.00 ,  0.00 ,  0.00 
 0.00 ,  0.00 ,  0.00 
 0.00 ,  0.00 ,  0.00 
 0.00 ,  0.00 ,  0.00 
 0.00 ,  0.00 ,  0.00 
 0.00 ,  0.00 ,  0.00 
 0.00 , 500.81 , 335.21 
 0.00 , 735.90 , 493.79 
 0.00 ,  0.00 ,  0.00 
 0.00 ,  0.00 ,  0.00 
 0.00 ,  0.00 ,  0.00 
 0.00 ,  0.00 ,  0.00 
 0.00 ,  0.00 ,  0.00 
 0.00 ,  0.00 ,  0.00 
 0.00 , 166.94 , 111.34 
 0.00 , 722.21 , 484.54 
2539.48 , 6238.92 , 6841.72 
 0.00 , 2099.25 , 1429.36 
 0.00 ,  0.00 ,  0.00 
 0.00 ,  0.00 ,  0.00 
 0.00 ,  0.00 ,  0.00 
 0.00 ,  0.00 ,  0.00 
 0.00 ,  0.00 ,  0.00 
 0.00 ,  0.00 ,  0.00 
 0.00 ,  0.00 ,  0.00 
 0.00 ,  0.00 ,  0.00 
 0.00 ,  0.00 ,  0.00 
 0.00 ,  0.00 ,  0.00 
 0.00 ,  0.00 ,  0.00 
2612.66 ,  0.00 , 2429.77 
 0.00 , 475.74 , 318.34 
 0.00 , 776.07 , 520.97 
 0.00 ,  0.00 ,  0.00 
 0.00 ,  0.00 ,  0.00 
 0.00 ,  0.00 ,  0.00 
 0.00 ,  0.00 ,  0.00 
 0.00 ,  0.00 ,  0.00 
 0.00 , 258.44 , 172.54 
 0.00 , 970.89 , 653.11 
 0.00 , 1181.35 , 796.47 
 0.00 , 6282.13 , 4480.00 
 0.00 , 2773.25 , 1902.14 
 0.00 , 1183.53 , 797.96 
 0.00 ,  0.00 ,  0.00 
 0.00 ,  0.00 ,  0.00 
2582.07 ,  0.00 , 2401.33 
 0.00 ,  0.00 ,  0.00 
 0.00 ,  0.00 ,  0.00 
 0.00 ,  0.00 ,  0.00 
 0.00 ,  0.00 ,  0.00 
 0.00 ,  0.00 ,  0.00 
 0.00 ,  0.00 ,  0.00 
 0.00 ,  0.00 ,  0.00 
 0.00 ,  0.00 ,  0.00 
 0.00 ,  0.00 ,  0.00 
 0.00 ,  0.00 ,  0.00 
 0.00 ,  0.00 ,  0.00 
 0.00 ,  0.00 ,  0.00 
 0.00 ,  0.00 ,  0.00 
 0.00 ,  0.00 ,  0.00 
 0.00 ,  0.00 ,  0.00 
 0.00 ,  0.00 ,  0.00 
 0.00 , 12.45 ,  8.29 
2538.58 , 813.80 , 2907.89 
 0.00 , 6282.13 , 4480.00 
 0.00 , 2152.40 , 1466.40 
 0.00 ,  0.00 ,  0.00 
 0.00 ,  0.00 ,  0.00 
 0.00 ,  0.00 ,  0.00 
 0.00 ,  0.00 ,  0.00 
 0.00 ,  0.00 ,  0.00 
 0.00 ,  0.00 ,  0.00 
 0.00 ,  0.00 ,  0.00 
 0.00 ,  0.00 ,  0.00 
 0.00 ,  0.00 ,  0.00 
 0.00 ,  0.00 ,  0.00 
2714.28 ,  0.00 , 2524.28 
 0.00 ,  0.00 ,  0.00 
 0.00 ,  0.00 ,  0.00 
 0.00 , 263.33 , 175.81 
 0.00 ,  0.00 ,  0.00 
 0.00 ,  0.00 ,  0.00 
 0.00 ,  0.00 ,  0.00 
 0.00 ,  0.00 ,  0.00 
 0.00 ,  0.00 ,  0.00 
 0.00 ,  0.00 ,  0.00 
 0.00 ,  0.00 ,  0.00 
 0.00 , 226.03 , 150.85 
 0.00 , 6205.75 , 4421.71 
 0.00 , 1987.40 , 1351.58 
 0.00 , 958.26 , 644.53 
 0.00 ,  2.14 ,  1.42 
2603.32 ,  0.00 , 2421.09 
 0.00 ,  0.00 ,  0.00 
 0.00 ,  5.34 ,  3.56 
 0.00 , 605.99 , 406.06 
 0.00 , 654.24 , 438.62 
 0.00 , 742.71 , 498.40 
 0.00 , 1059.66 , 713.50 
 0.00 , 1156.27 , 779.35 
 0.00 , 935.36 , 628.97 
 0.00 , 991.07 , 666.82 
 0.00 , 998.08 , 671.60 
 0.00 , 1058.62 , 712.79 
 0.00 ,  0.00 ,  0.00 
 0.00 ,  0.00 ,  0.00 
 0.00 ,  0.00 ,  0.00 
 0.00 ,  0.00 ,  0.00 
 0.00 ,  0.00 ,  0.00 
2522.98 ,  0.00 , 2346.37 
 0.00 , 565.51 , 378.77 
 0.00 , 758.51 , 509.09 
 0.00 , 6282.13 , 4480.00 
 0.00 , 2500.96 , 1710.32 
 0.00 , 2202.60 , 1501.41 
 0.00 , 1999.19 , 1359.77 
 0.00 , 1779.35 , 1207.37 
 0.00 , 1503.26 , 1017.01 
 0.00 , 1245.00 , 839.96 
 0.00 , 815.91 , 547.95 
 0.00 , 670.59 , 449.66 
 0.00 , 871.74 , 585.79 
2503.15 , 1237.72 , 3164.05 
 0.00 , 1367.22 , 923.62 
 0.00 , 1154.43 , 778.09 
 0.00 , 1148.39 , 773.98 
 0.00 , 1145.02 , 771.68 
 0.00 , 1196.76 , 806.99 
 0.00 ,  0.00 ,  0.00 
 0.00 ,  0.00 ,  0.00 
 0.00 ,  0.00 ,  0.00 
 0.00 ,  0.00 ,  0.00 
 0.00 ,  0.00 ,  0.00 
 0.00 ,  0.00 ,  0.00 
 0.00 , 191.45 , 127.72 
 0.00 , 475.94 , 318.48 
 0.00 , 6186.47 , 4407.01 
 0.00 , 2115.87 , 1440.94 
2588.24 , 1992.15 , 3765.05 
 0.00 , 1584.45 , 1072.87 
 0.00 , 1303.33 , 879.86 
 0.00 , 1201.30 , 810.10 
 0.00 , 1163.99 , 784.62 
 0.00 , 1229.31 , 829.23 
 0.00 , 1276.08 , 861.21 
 0.00 , 1256.44 , 847.78 
 0.00 , 1302.37 , 879.20 
 0.00 , 1342.99 , 907.02 
 0.00 , 1133.45 , 763.78 
 0.00 , 1115.19 , 751.33 
 0.00 , 1156.03 , 779.19 
2536.94 , 1201.56 , 3170.71 
 0.00 ,  0.00 ,  0.00 
 0.00 ,  0.00 ,  0.00 
 0.00 ,  0.00 ,  0.00 
 0.00 ,  0.00 ,  0.00 
 0.00 ,  0.00 ,  0.00 
 0.00 ,  0.00 ,  0.00 
 0.00 , 615.82 , 412.69 
 0.00 , 764.10 , 512.87 
 0.00 , 6282.13 , 4480.00 
 0.00 , 2320.45 , 1583.77 
 0.00 , 1781.90 , 1209.13 
 0.00 , 1136.51 , 765.87 
 0.00 , 795.37 , 534.04 
 0.00 , 723.15 , 485.17 
 0.00 , 581.65 , 389.65 
2536.42 , 487.89 , 2685.56 
 0.00 , 565.83 , 378.99 
 0.00 , 819.84 , 550.61 
 0.00 , 993.18 , 668.26 
 0.00 , 1077.44 , 725.61 
 0.00 , 953.82 , 641.51 
 0.00 , 1004.55 , 675.99 
 0.00 , 1058.61 , 712.78 
 0.00 , 1115.17 , 751.32 
 0.00 ,  0.00 ,  0.00 
 0.00 ,  0.00 ,  0.00 
 0.00 ,  0.00 ,  0.00 
 0.00 ,  0.00 ,  0.00 
 0.00 ,  0.00 ,  0.00 
 0.00 ,  0.00 ,  0.00 
 0.00 , 597.10 , 400.06 
 0.00 , 766.39 , 514.42 
2531.67 , 6239.06 , 6834.45 
 0.00 , 2314.26 , 1579.43 
 0.00 , 2049.13 , 1394.49 
 0.00 , 1802.11 , 1223.12 
 0.00 , 1414.15 , 955.81 
 0.00 , 1170.56 , 789.11 
 0.00 , 1138.02 , 766.90 
 0.00 , 1287.48 , 869.01 
 0.00 , 1487.23 , 1005.99 
 0.00 , 1582.75 , 1071.70 
 0.00 , 1668.79 , 1131.01 
 0.00 , 1672.72 , 1133.72 
 0.00 , 1497.27 , 1012.89 
2578.37 , 1467.90 , 3392.25 
 0.00 , 1514.69 , 1024.87 
 0.00 , 1511.17 , 1022.44 
 0.00 ,  0.00 ,  0.00 
 0.00 ,  0.00 ,  0.00 
 0.00 ,  0.00 ,  0.00 
 0.00 ,  0.00 ,  0.00 
 0.00 , 568.47 , 380.77 
 0.00 , 1042.26 , 701.65 
 0.00 , 1178.39 , 794.45 
 0.00 , 1356.55 , 916.31 
 0.00 , 6282.13 , 4480.00 
 0.00 , 2804.45 , 1924.19 
 0.00 , 1433.88 , 969.35 
 0.00 , 672.81 , 451.16 
 0.00 ,  0.00 ,  0.00 
2551.21 ,  0.00 , 2372.62 
 0.00 ,  0.00 ,  0.00 
 0.00 ,  0.00 ,  0.00 
 0.00 ,  0.00 ,  0.00 
 0.00 ,  0.00 ,  0.00 
 0.00 ,  0.00 ,  0.00 
 0.00 , 440.50 , 294.65 
 0.00 , 953.71 , 641.43 
 0.00 , 1060.88 , 714.33 
 0.00 , 1212.85 , 817.98 
 0.00 , 1305.58 , 881.40 
 0.00 ,  0.00 ,  0.00 
 0.00 ,  0.00 ,  0.00 
 0.00 ,  0.00 ,  0.00 
 0.00 ,  0.00 ,  0.00 
 0.00 , 605.20 , 405.53 
 0.00 , 1147.72 , 773.52 
 0.00 , 1354.32 , 914.78 
2510.37 , 1489.85 , 3344.10 
 0.00 , 6282.13 , 4480.00 
 0.00 , 2800.65 , 1921.51 
 0.00 , 1310.18 , 884.55 
 0.00 , 687.58 , 461.13 
 0.00 , 561.94 , 376.37 
 0.00 , 441.94 , 295.62 
 0.00 , 42.98 , 28.63 
 0.00 , 127.05 , 84.70 
 0.00 ,  0.00 ,  0.00 
 0.00 ,  0.00 ,  0.00 
 0.00 , 34.43 , 22.93 
 0.00 , 1080.77 , 727.88 
2678.14 , 1229.29 , 3321.10 
 0.00 , 1326.58 , 895.78 
 0.00 , 1422.27 , 961.38 
 0.00 , 1510.16 , 1021.75 
 0.00 ,  0.00 ,  0.00 
 0.00 ,  0.00 ,  0.00 
 0.00 ,  0.00 ,  0.00 
 0.00 ,  6.30 ,  4.19 
 0.00 , 902.89 , 606.93 
 0.00 , 1022.88 , 688.46 
 0.00 , 1101.39 , 741.92 
 0.00 , 1165.76 , 785.83 
 0.00 , 6282.13 , 4480.00 
 0.00 , 2761.23 , 1893.65 
 0.00 , 2528.10 , 1729.38 
 0.00 , 2248.97 , 1533.79 
2572.06 , 2054.16 , 3793.29 
 0.00 , 1968.34 , 1338.34 
 0.00 , 1867.82 , 1268.61 
 0.00 , 1795.00 , 1218.20 
 0.00 , 1850.34 , 1256.51 
 0.00 , 2050.96 , 1395.76 
 0.00 , 2046.81 , 1392.87 
 0.00 , 1953.47 , 1328.01 
 0.00 , 1816.09 , 1232.79 
 0.00 , 1780.89 , 1208.44 
 0.00 , 1821.23 , 1236.35 
 0.00 , 1813.56 , 1231.04 
 0.00 ,  0.00 ,  0.00 
 0.00 ,  0.00 ,  0.00 
 0.00 ,  0.00 ,  0.00 
 0.00 , 416.71 , 278.66 
 0.00 , 1119.99 , 754.61 
 0.00 , 1204.88 , 812.54 
2560.05 , 1325.25 , 3277.05 
 0.00 , 1385.76 , 936.33 
 0.00 , 6282.13 , 4480.00 
 0.00 , 2818.66 , 1934.25 
 0.00 , 2108.67 , 1435.93 
 0.00 , 1715.45 , 1163.21 
 0.00 , 1747.36 , 1185.26 
 0.00 , 1687.88 , 1144.18 
 0.00 , 1404.12 , 948.93 
 0.00 , 1130.30 , 761.64 
 0.00 , 1105.94 , 745.03 
 0.00 , 1330.73 , 898.62 
 0.00 , 1585.46 , 1073.57 
2571.93 , 1712.19 , 3555.13 
 0.00 , 1636.81 , 1108.95 
 0.00 , 1677.08 , 1136.73 
 0.00 , 1680.01 , 1138.74 
 0.00 , 1735.71 , 1177.21 
 0.00 ,  0.00 ,  0.00 
 0.00 ,  0.00 ,  0.00 
 0.00 ,  0.00 ,  0.00 
 0.00 , 136.34 , 90.90 
 0.00 , 940.42 , 632.40 
 0.00 , 1079.35 , 726.91 
 0.00 , 1149.63 , 774.82 
 0.00 , 1261.96 , 851.55 
 0.00 , 6282.13 , 4480.00 
 0.00 , 2763.43 , 1895.21 
 0.00 , 2533.45 , 1733.14 
2589.41 , 1810.14 , 3639.39 
 0.00 , 899.47 , 604.60 
 0.00 , 902.85 , 606.90 
 0.00 , 1217.79 , 821.36 
 0.00 , 1277.68 , 862.31 
 0.00 , 1373.23 , 927.75 
 0.00 , 1421.37 , 960.76 
 0.00 , 1493.24 , 1010.12 
 0.00 , 1603.38 , 1085.91 
 0.00 , 1532.29 , 1036.97 
 0.00 , 1570.04 , 1062.95 
 0.00 , 1624.33 , 1100.35 
 0.00 , 1680.57 , 1139.13 
 0.00 ,  0.00 ,  0.00 
2544.58 ,  0.00 , 2366.46 
 0.00 ,  0.00 ,  0.00 
 0.00 , 337.36 , 225.42 
 0.00 , 1123.07 , 756.71 
 0.00 , 1323.36 , 893.58 
 0.00 , 1456.12 , 984.62 
 0.00 , 1577.04 , 1067.77 
 0.00 , 6282.13 , 4480.00 
 0.00 , 2799.32 , 1920.57 
 0.00 , 1877.98 , 1275.65 
 0.00 , 1173.09 , 790.83 
 0.00 , 925.40 , 622.20 
 0.00 , 332.88 , 222.41 
 0.00 ,  0.00 ,  0.00 
 0.00 ,  0.00 ,  0.00 
 0.00 ,  0.00 ,  0.00 
2529.13 ,  0.00 , 2352.09 
 0.00 , 357.61 , 239.00 
 0.00 , 1223.38 , 825.18 
 0.00 , 1268.93 , 856.32 
 0.00 , 1354.41 , 914.84 
 0.00 , 1444.76 , 976.81 
 0.00 , 1529.20 , 1034.85 
 0.00 ,  0.00 ,  0.00 
 0.00 ,  0.00 ,  0.00 
 0.00 ,  0.00 ,  0.00 
 0.00 , 18.95 , 12.62 
 0.00 , 1092.33 , 735.75 
 0.00 , 1252.14 , 844.84 
 0.00 , 1447.85 , 978.94 
 0.00 , 1633.64 , 1106.77 
 0.00 , 6282.13 , 4480.00 
 0.00 , 2220.57 , 1513.96 
2707.20 , 1035.62 , 3215.70 
 0.00 , 992.21 , 667.60 
 0.00 , 1231.28 , 830.58 
 0.00 , 936.73 , 629.90 
 0.00 , 750.20 , 503.47 
 0.00 , 961.82 , 646.94 
 0.00 , 1109.60 , 747.53 
 0.00 , 1431.27 , 967.56 
 0.00 , 1701.14 , 1153.33 
 0.00 , 1873.41 , 1272.49 
 0.00 , 1940.55 , 1319.04 
 0.00 , 2020.02 , 1374.24 
 0.00 , 2152.50 , 1466.47 
2504.03 , 2225.11 , 3849.64 
 0.00 ,  0.00 ,  0.00 
 0.00 ,  0.00 ,  0.00 
 0.00 , 335.80 , 224.37 
 0.00 , 1437.38 , 971.75 
 0.00 , 1540.10 , 1042.34 
 0.00 , 1621.89 , 1098.66 
 0.00 , 1744.29 , 1183.13 
 0.00 , 1803.58 , 1224.14 
 0.00 , 6282.13 , 4480.00 
 0.00 , 1549.44 , 1048.77 
 0.00 , 481.05 , 321.91 
 0.00 ,  6.91 ,  4.60 
 0.00 ,  0.00 ,  0.00 
 0.00 ,  0.00 ,  0.00 
 0.00 ,  0.00 ,  0.00 
2506.38 ,  0.00 , 2330.94 
 0.00 ,  0.00 ,  0.00 
 0.00 ,  0.00 ,  0.00 
 0.00 ,  0.00 ,  0.00 
 0.00 ,  0.00 ,  0.00 
 0.00 , 960.69 , 646.17 
 0.00 , 1449.78 , 980.27 
 0.00 , 1594.32 , 1079.67 
 0.00 , 1773.08 , 1203.04 
 0.00 ,  0.00 ,  0.00 
 0.00 ,  0.00 ,  0.00 
 0.00 ,  0.00 ,  0.00 
 0.00 , 892.92 , 600.16 
 0.00 , 1315.77 , 888.38 
 0.00 , 1417.87 , 958.36 
 0.00 , 1501.40 , 1015.73 
 0.00 , 1571.15 , 1063.71 
2510.33 , 6239.46 , 6814.60 
 0.00 , 2984.76 , 2051.94 
 0.00 , 2136.91 , 1455.60 
 0.00 , 1266.93 , 854.95 
 0.00 , 873.85 , 587.22 
 0.00 , 781.18 , 524.43 
 0.00 , 489.64 , 327.69 
 0.00 , 595.83 , 399.21 
 0.00 , 1118.93 , 753.88 
 0.00 , 1477.33 , 999.19 
 0.00 , 1622.58 , 1099.14 
 0.00 , 1771.65 , 1202.05 
 0.00 , 1654.89 , 1121.42 
2578.37 , 1664.62 , 3528.16 
 0.00 , 1674.64 , 1135.04 
 0.00 , 1679.78 , 1138.59 
 0.00 ,  0.00 ,  0.00 
 0.00 ,  0.00 ,  0.00 
 0.00 ,  0.00 ,  0.00 
 0.00 , 17.00 , 11.32 
 0.00 , 883.29 , 593.62 
 0.00 , 1038.74 , 699.25 
 0.00 , 1111.08 , 748.54 
 0.00 , 1170.42 , 789.01 
 0.00 , 6282.13 , 4480.00 
 0.00 , 2361.35 , 1612.39 
 0.00 , 2010.22 , 1367.43 
 0.00 , 1748.00 , 1185.70 
 0.00 , 1586.35 , 1074.18 
2551.21 , 1519.60 , 3402.63 
 0.00 , 831.43 , 558.47 
 0.00 , 592.67 , 397.08 
 0.00 , 956.10 , 643.05 
 0.00 , 1272.70 , 858.90 
 0.00 , 1498.14 , 1013.49 
 0.00 , 1531.15 , 1036.18 
 0.00 , 1413.82 , 955.58 
 0.00 , 1404.69 , 949.32 
 0.00 , 1456.40 , 984.81 
 0.00 , 1511.71 , 1022.82 
 0.00 ,  0.00 ,  0.00 
 0.00 ,  0.00 ,  0.00 
 0.00 ,  0.00 ,  0.00 
 0.00 ,  0.00 ,  0.00 
 0.00 , 525.67 , 351.94 
 0.00 , 962.24 , 647.23 
 0.00 , 1039.58 , 699.83 
2510.37 , 1156.07 , 3114.86 
 0.00 , 6282.13 , 4480.00 
 0.00 , 2735.34 , 1875.37 
 0.00 , 2308.65 , 1575.51 
 0.00 , 1981.91 , 1347.76 
 0.00 , 1807.24 , 1226.66 
 0.00 , 1898.28 , 1289.72 
 0.00 , 2115.62 , 1440.77 
 0.00 , 2011.27 , 1368.16 
 0.00 , 1655.15 , 1121.59 
 0.00 , 1670.11 , 1131.92 
 0.00 , 1800.91 , 1222.29 
 0.00 , 1802.96 , 1223.70 
2678.14 , 1700.37 , 3645.81 
 0.00 , 1738.26 , 1178.97 
 0.00 , 1785.99 , 1211.97 
 0.00 , 1836.49 , 1246.91 
 0.00 ,  0.00 ,  0.00 
 0.00 ,  0.00 ,  0.00 
 0.00 ,  0.00 ,  0.00 
 0.00 , 450.94 , 301.67 
 0.00 , 1149.31 , 774.60 
 0.00 , 1289.44 , 870.35 
 0.00 , 1415.80 , 956.94 
 0.00 , 1532.11 , 1036.85 
 0.00 , 6282.13 , 4480.00 
 0.00 , 2710.57 , 1857.89 
 0.00 , 1421.29 , 960.71 
 0.00 , 570.80 , 382.34 
2572.06 ,  7.41 , 2396.95 
 0.00 ,  0.00 ,  0.00 
 0.00 , 144.27 , 96.20 
 0.00 , 361.85 , 241.84 
 0.00 , 305.71 , 204.20 
 0.00 , 100.87 , 67.23 
 0.00 , 328.62 , 219.55 
 0.00 , 961.20 , 646.52 
 0.00 , 1118.17 , 753.36 
 0.00 , 1263.59 , 852.67 
 0.00 , 1350.58 , 912.22 
 0.00 , 1484.39 , 1004.04 
 0.00 ,  0.00 ,  0.00 
 0.00 ,  0.00 ,  0.00 
 0.00 ,  0.00 ,  0.00 
 0.00 ,  7.81 ,  5.20 
 0.00 , 1015.26 , 683.28 
 0.00 , 1253.48 , 845.75 
2560.05 , 1448.35 , 3361.74 
 0.00 , 1582.06 , 1071.23 
 0.00 , 6282.13 , 4480.00 
 0.00 , 1595.24 , 1080.30 
 0.00 , 350.04 , 233.92 
 0.00 ,  0.00 ,  0.00 
 0.00 ,  0.00 ,  0.00 
 0.00 ,  0.00 ,  0.00 
 0.00 ,  0.00 ,  0.00 
 0.00 ,  0.00 ,  0.00 
 0.00 ,  0.00 ,  0.00 
 0.00 ,  0.00 ,  0.00 
 0.00 ,  0.00 ,  0.00 
2571.93 ,  0.00 , 2391.89 
 0.00 ,  0.00 ,  0.00 
 0.00 ,  0.00 ,  0.00 
 0.00 ,  0.00 ,  0.00 
 0.00 , 221.38 , 147.74 
 0.00 ,  0.00 ,  0.00 
 0.00 ,  0.00 ,  0.00 
 0.00 ,  0.00 ,  0.00 
 0.00 ,  0.00 ,  0.00 
 0.00 ,  0.00 ,  0.00 
 0.00 ,  5.59 ,  3.73 
 0.00 , 728.02 , 488.47 
 0.00 , 944.76 , 635.35 
 0.00 , 6282.13 , 4480.00 
 0.00 , 2451.37 , 1675.50 
 0.00 , 2089.18 , 1422.35 
2589.41 , 1373.21 , 3337.34 
 0.00 , 620.98 , 416.17 
 0.00 ,  0.00 ,  0.00 
 0.00 ,  0.00 ,  0.00 
 0.00 ,  0.00 ,  0.00 
 0.00 ,  0.00 ,  0.00 
 0.00 ,  0.00 ,  0.00 
 0.00 ,  0.00 ,  0.00 
 0.00 ,  0.00 ,  0.00 
 0.00 ,  0.00 ,  0.00 
 0.00 ,  0.00 ,  0.00 
 0.00 , 162.55 , 108.41 
 0.00 , 704.80 , 472.77 
 0.00 ,  0.00 ,  0.00 
2544.58 ,  0.00 , 2366.46 
 0.00 ,  0.00 ,  0.00 
 0.00 ,  0.00 ,  0.00 
 0.00 ,  0.00 ,  0.00 
 0.00 ,  0.00 ,  0.00 
 0.00 , 508.55 , 340.42 
 0.00 , 913.56 , 614.16 
 0.00 , 6282.13 , 4480.00 
 0.00 , 1781.82 , 1209.08 
 0.00 , 552.21 , 369.82 
 0.00 ,  0.00 ,  0.00 
 0.00 ,  0.00 ,  0.00 
 0.00 ,  0.00 ,  0.00 
 0.00 ,  0.00 ,  0.00 
 0.00 ,  0.00 ,  0.00 
 0.00 ,  0.00 ,  0.00 
2529.13 ,  0.00 , 2352.09 
 0.00 ,  0.00 ,  0.00 
 0.00 ,  0.00 ,  0.00 
 0.00 ,  0.00 ,  0.00 
 0.00 ,  0.00 ,  0.00 
 0.00 ,  0.00 ,  0.00 
 0.00 ,  0.00 ,  0.00 
 0.00 ,  0.00 ,  0.00 
 0.00 ,  0.00 ,  0.00 
 0.00 ,  0.00 ,  0.00 
 0.00 ,  0.00 ,  0.00 
 0.00 ,  0.00 ,  0.00 
 0.00 ,  0.00 ,  0.00 
 0.00 ,  0.00 ,  0.00 
 0.00 ,  0.00 ,  0.00 
 0.00 , 4561.27 , 3190.64 
 0.00 ,  0.00 ,  0.00 
2707.20 ,  0.00 , 2517.70 
 0.00 ,  0.00 ,  0.00 
 0.00 ,  0.00 ,  0.00 
 0.00 ,  0.00 ,  0.00 
 0.00 ,  0.00 ,  0.00 
 0.00 ,  0.00 ,  0.00 
 0.00 ,  0.00 ,  0.00 
 0.00 ,  0.00 ,  0.00 
 0.00 ,  0.00 ,  0.00 
 0.00 ,  0.00 ,  0.00 
 0.00 ,  0.00 ,  0.00 
 0.00 ,  0.00 ,  0.00 
 0.00 ,  0.00 ,  0.00 
2504.03 ,  0.00 , 2328.75 
 0.00 ,  0.00 ,  0.00 
 0.00 ,  0.00 ,  0.00 
 0.00 ,  0.00 ,  0.00 
 0.00 ,  0.00 ,  0.00 
 0.00 ,  0.00 ,  0.00 
 0.00 ,  0.00 ,  0.00 
 0.00 ,  0.00 ,  0.00 
 0.00 ,  0.00 ,  0.00 
 0.00 , 5203.29 , 3665.88 
 0.00 , 487.23 , 326.07 
 0.00 ,  0.00 ,  0.00 
 0.00 ,  0.00 ,  0.00 
 0.00 ,  0.00 ,  0.00 
 0.00 ,  0.00 ,  0.00 
 0.00 ,  0.00 ,  0.00 
2506.38 ,  0.00 , 2330.94 
 0.00 ,  0.00 ,  0.00 
 0.00 ,  0.00 ,  0.00 
 0.00 ,  0.00 ,  0.00 
 0.00 ,  0.00 ,  0.00 
 0.00 ,  0.00 ,  0.00 
 0.00 ,  0.00 ,  0.00 
 0.00 ,  0.00 ,  0.00 
 0.00 ,  0.00 ,  0.00 
 0.00 ,  0.00 ,  0.00 
 0.00 ,  0.00 ,  0.00 
 0.00 ,  0.00 ,  0.00 
 0.00 ,  0.00 ,  0.00 
 0.00 ,  0.00 ,  0.00 
 0.00 ,  0.00 ,  0.00 
 0.00 ,  0.00 ,  0.00 
 0.00 ,  0.00 ,  0.00 
2510.33 , 3729.36 , 4930.41 
 0.00 ,  0.00 ,  0.00 
 0.00 ,  0.00 ,  0.00 
 0.00 ,  0.00 ,  0.00 
 0.00 ,  0.00 ,  0.00 
 0.00 ,  0.00 ,  0.00 
 0.00 ,  0.00 ,  0.00 
 0.00 ,  0.00 ,  0.00 
 0.00 ,  0.00 ,  0.00 
 0.00 ,  0.00 ,  0.00 
 0.00 ,  0.00 ,  0.00 
 0.00 ,  0.00 ,  0.00 
 0.00 ,  0.00 ,  0.00 
2578.37 ,  0.00 , 2397.88 
 0.00 ,  0.00 ,  0.00 
 0.00 ,  0.00 ,  0.00 
 0.00 ,  0.00 ,  0.00 
 0.00 ,  0.00 ,  0.00 
 0.00 ,  0.00 ,  0.00 
 0.00 ,  0.00 ,  0.00 
 0.00 ,  0.00 ,  0.00 
 0.00 ,  0.00 ,  0.00 
 0.00 ,  0.00 ,  0.00 
 0.00 ,  0.00 ,  0.00 
 0.00 , 4506.01 , 3150.05 
 0.00 ,  0.00 ,  0.00 
 0.00 ,  0.00 ,  0.00 
 0.00 ,  0.00 ,  0.00 
 0.00 ,  0.00 ,  0.00 
2551.21 ,  0.00 , 2372.62 
 0.00 ,  0.00 ,  0.00 
 0.00 ,  0.00 ,  0.00 
 0.00 ,  0.00 ,  0.00 
 0.00 ,  0.00 ,  0.00 
 0.00 ,  0.00 ,  0.00 
 0.00 ,  0.00 ,  0.00 
 0.00 , 136.32 , 90.89 
 0.00 , 587.79 , 393.79 
 0.00 , 754.91 , 506.65 
 0.00 , 860.22 , 577.98 
 0.00 ,  0.00 ,  0.00 
 0.00 ,  0.00 ,  0.00 
 0.00 ,  0.00 ,  0.00 
 0.00 ,  0.00 ,  0.00 
 0.00 ,  0.00 ,  0.00 
 0.00 ,  0.00 ,  0.00 
 0.00 , 504.62 , 337.77 
2510.37 , 824.49 , 2888.91 
 0.00 , 6282.13 , 4480.00 
 0.00 , 732.46 , 491.47 
 0.00 ,  0.00 ,  0.00 
 0.00 ,  0.00 ,  0.00 
 0.00 ,  0.00 ,  0.00 
 0.00 ,  0.00 ,  0.00 
 0.00 ,  0.00 ,  0.00 
 0.00 ,  0.00 ,  0.00 
 0.00 ,  0.00 ,  0.00 
 0.00 ,  0.00 ,  0.00 
 0.00 ,  0.00 ,  0.00 
 0.00 ,  0.00 ,  0.00 
2678.14 ,  0.00 , 2490.67 
 0.00 ,  0.00 ,  0.00 
 0.00 ,  0.00 ,  0.00 
 0.00 , 252.85 , 168.79 
 0.00 ,  0.00 ,  0.00 
 0.00 ,  0.00 ,  0.00 
 0.00 ,  0.00 ,  0.00 
 0.00 ,  0.00 ,  0.00 
 0.00 ,  0.00 ,  0.00 
 0.00 ,  0.00 ,  0.00 
 0.00 ,  0.00 ,  0.00 
 0.00 , 327.93 , 219.09 
 0.00 , 6181.81 , 4403.45 
 0.00 , 340.53 , 227.54 
 0.00 ,  0.00 ,  0.00 
 0.00 ,  0.00 ,  0.00 
2572.06 ,  0.00 , 2392.02 
 0.00 ,  0.00 ,  0.00 
 0.00 ,  0.00 ,  0.00 
 0.00 ,  0.00 ,  0.00 
 0.00 ,  0.00 ,  0.00 
 0.00 ,  0.00 ,  0.00 
 0.00 ,  0.00 ,  0.00 
 0.00 ,  0.00 ,  0.00 
 0.00 ,  0.00 ,  0.00 
 0.00 ,  0.00 ,  0.00 
 0.00 ,  0.00 ,  0.00 
 0.00 ,  0.00 ,  0.00 
 0.00 ,  0.00 ,  0.00 
 0.00 ,  0.00 ,  0.00 
 0.00 ,  0.00 ,  0.00 
 0.00 ,  0.00 ,  0.00 
 0.00 ,  0.00 ,  0.00 
 0.00 ,  0.00 ,  0.00 
2560.05 ,  0.00 , 2380.85 
 0.00 ,  0.00 ,  0.00 
 0.00 , 4855.03 , 3407.24 
 0.00 , 1183.75 , 798.11 
 0.00 , 718.69 , 482.16 
 0.00 ,  0.00 ,  0.00 
 0.00 ,  0.00 ,  0.00 
 0.00 ,  0.00 ,  0.00 
 0.00 ,  0.00 ,  0.00 
 0.00 ,  0.00 ,  0.00 
 0.00 ,  0.00 ,  0.00 
 0.00 ,  0.00 ,  0.00 
 0.00 ,  0.00 ,  0.00 
2571.93 ,  0.00 , 2391.89 
 0.00 ,  0.00 ,  0.00 
 0.00 ,  0.00 ,  0.00 
 0.00 , 24.08 , 16.03 
 0.00 , 553.58 , 370.73 
 0.00 ,  0.00 ,  0.00 
 0.00 ,  0.00 ,  0.00 
 0.00 ,  0.00 ,  0.00 
 0.00 ,  0.00 ,  0.00 
 0.00 ,  0.00 ,  0.00 
 0.00 ,  0.00 ,  0.00 
 0.00 ,  0.00 ,  0.00 
 0.00 , 59.71 , 39.78 
 0.00 , 6144.97 , 4375.39 
 0.00 , 1445.16 , 977.09 
 0.00 ,  0.00 ,  0.00 
2589.41 ,  0.00 , 2408.15 
 0.00 ,  0.00 ,  0.00 
 0.00 ,  0.00 ,  0.00 
 0.00 ,  0.00 ,  0.00 
 0.00 ,  0.00 ,  0.00 
 0.00 ,  0.00 ,  0.00 
 0.00 ,  0.00 ,  0.00 
 0.00 ,  0.00 ,  0.00 
 0.00 ,  0.00 ,  0.00 
 0.00 ,  0.00 ,  0.00 
 0.00 ,  0.00 ,  0.00 
 0.00 ,  0.00 ,  0.00 
 0.00 ,  0.00 ,  0.00 
 0.00 ,  0.00 ,  0.00 
2544.58 ,  0.00 , 2366.46 
 0.00 ,  0.00 ,  0.00 
 0.00 ,  0.00 ,  0.00 
 0.00 ,  0.00 ,  0.00 
 0.00 ,  0.00 ,  0.00 
 0.00 ,  0.00 ,  0.00 
 0.00 ,  0.00 ,  0.00 
 0.00 , 4508.11 , 3151.60 
 0.00 , 1382.51 , 934.11 
 0.00 , 1185.94 , 799.61 
 0.00 , 946.18 , 636.32 
 0.00 , 747.25 , 501.47 
 0.00 , 962.00 , 647.07 
 0.00 , 1015.59 , 683.50 
 0.00 , 854.71 , 574.25 
 0.00 , 851.11 , 571.80 
2529.13 , 981.97 , 3013.45 
 0.00 , 1006.62 , 677.40 
 0.00 , 1006.36 , 677.23 
 0.00 , 806.86 , 541.82 
 0.00 , 846.14 , 568.43 
 0.00 , 843.28 , 566.50 
 0.00 , 894.86 , 601.48 
 0.00 ,  0.00 ,  0.00 
 0.00 ,  0.00 ,  0.00 
 0.00 ,  0.00 ,  0.00 
 0.00 ,  0.00 ,  0.00 
 0.00 ,  0.00 ,  0.00 
 0.00 , 19.36 , 12.89 
 0.00 , 949.49 , 638.56 
 0.00 , 1214.78 , 819.30 
 0.00 , 6282.13 , 4480.00 
 0.00 , 560.50 , 375.40 
2707.20 ,  0.00 , 2517.70 
 0.00 ,  0.00 ,  0.00 
 0.00 ,  0.00 ,  0.00 
 0.00 ,  0.00 ,  0.00 
 0.00 ,  0.00 ,  0.00 
 0.00 ,  0.00 ,  0.00 
 0.00 ,  0.00 ,  0.00 
 0.00 ,  0.00 ,  0.00 
 0.00 ,  0.00 ,  0.00 
 0.00 ,  0.00 ,  0.00 
 0.00 ,  0.00 ,  0.00 
 0.00 ,  0.00 ,  0.00 
 0.00 ,  0.00 ,  0.00 
2504.03 ,  0.00 , 2328.75 
 0.00 ,  0.00 ,  0.00 
 0.00 ,  0.00 ,  0.00 
 0.00 ,  0.00 ,  0.00 
 0.00 ,  0.00 ,  0.00 
 0.00 ,  0.00 ,  0.00 
 0.00 ,  0.00 ,  0.00 
 0.00 ,  0.00 ,  0.00 
 0.00 , 337.34 , 225.40 
 0.00 , 6178.86 , 4401.21 
 0.00 , 1322.72 , 893.13 
 0.00 , 322.06 , 215.15 
 0.00 ,  0.00 ,  0.00 
 0.00 ,  0.00 ,  0.00 
 0.00 ,  0.00 ,  0.00 
 0.00 ,  0.00 ,  0.00 
2506.38 ,  0.00 , 2330.94 
 0.00 ,  0.00 ,  0.00 
 0.00 ,  0.00 ,  0.00 
 0.00 ,  0.00 ,  0.00 
 0.00 ,  0.00 ,  0.00 
 0.00 ,  0.00 ,  0.00 
 0.00 ,  0.00 ,  0.00 
 0.00 ,  0.00 ,  0.00 
 0.00 ,  0.00 ,  0.00 
 0.00 ,  0.00 ,  0.00 
 0.00 ,  0.00 ,  0.00 
 0.00 ,  0.00 ,  0.00 
 0.00 ,  0.00 ,  0.00 
 0.00 ,  0.00 ,  0.00 
 0.00 ,  0.00 ,  0.00 
 0.00 ,  0.00 ,  0.00 
 0.00 ,  0.00 ,  0.00 
2510.33 , 3804.16 , 4984.89 
 0.00 , 896.11 , 602.32 
 0.00 , 202.17 , 134.89 
 0.00 , 18.80 , 12.52 
 0.00 ,  0.00 ,  0.00 
 0.00 ,  0.00 ,  0.00 
 0.00 ,  0.00 ,  0.00 
 0.00 ,  0.00 ,  0.00 
 0.00 ,  0.00 ,  0.00 
 0.00 ,  0.00 ,  0.00 
 0.00 ,  0.00 ,  0.00 
 0.00 , 127.57 , 85.05 
 0.00 , 362.06 , 241.98 
2578.37 , 436.68 , 2690.11 
 0.00 , 516.61 , 345.84 
 0.00 , 594.68 , 398.44 
 0.00 ,  0.00 ,  0.00 
 0.00 ,  0.00 ,  0.00 
 0.00 ,  0.00 ,  0.00 
 0.00 ,  0.00 ,  0.00 
 0.00 ,  0.00 ,  0.00 
 0.00 ,  0.00 ,  0.00 
 0.00 ,  0.00 ,  0.00 
 0.00 ,  0.00 ,  0.00 
 0.00 , 5751.67 , 4077.22 
 0.00 , 1786.34 , 1212.21 
 0.00 , 1334.94 , 901.51 
 0.00 , 1156.48 , 779.50 
 0.00 , 986.36 , 663.63 
2551.21 , 755.30 , 2879.97 
 0.00 , 690.50 , 463.11 
 0.00 , 264.49 , 176.58 
 0.00 , 121.59 , 81.06 
 0.00 , 188.18 , 125.54 
 0.00 , 525.91 , 352.10 
 0.00 , 738.39 , 495.48 
 0.00 , 665.85 , 446.46 
 0.00 , 745.37 , 500.20 
 0.00 , 812.03 , 545.32 
 0.00 , 877.56 , 589.74 
 0.00 ,  0.00 ,  0.00 
 0.00 ,  0.00 ,  0.00 
 0.00 ,  0.00 ,  0.00 
 0.00 ,  0.00 ,  0.00 
 0.00 ,  0.00 ,  0.00 
 0.00 ,  0.00 ,  0.00 
 0.00 , 43.25 , 28.81 
2510.37 , 606.10 , 2741.06 
 0.00 , 6168.38 , 4393.22 
 0.00 , 1956.55 , 1330.15 
 0.00 , 1555.59 , 1053.00 
 0.00 , 1109.09 , 747.17 
 0.00 , 743.67 , 499.05 
 0.00 , 547.24 , 366.46 
 0.00 , 142.21 , 94.83 
 0.00 ,  0.00 ,  0.00 
 0.00 ,  0.00 ,  0.00 
 0.00 ,  0.00 ,  0.00 
 0.00 ,  0.00 ,  0.00 
 0.00 ,  0.00 ,  0.00 
2678.14 ,  0.00 , 2490.67 
 0.00 , 308.25 , 205.90 
 0.00 , 510.81 , 341.94 
 0.00 , 594.08 , 398.03 
 0.00 ,  0.00 ,  0.00 
 0.00 ,  0.00 ,  0.00 
 0.00 ,  0.00 ,  0.00 
 0.00 ,  0.00 ,  0.00 
 0.00 ,  0.00 ,  0.00 
 0.00 ,  0.00 ,  0.00 
 0.00 ,  0.00 ,  0.00 
 0.00 ,  0.00 ,  0.00 
 0.00 , 5289.19 , 3729.97 
 0.00 , 969.94 , 652.46 
 0.00 , 10.74 ,  7.15 
 0.00 ,  0.00 ,  0.00 
2572.06 ,  0.00 , 2392.02 
 0.00 ,  0.00 ,  0.00 
 0.00 ,  0.00 ,  0.00 
 0.00 ,  0.00 ,  0.00 
 0.00 ,  0.00 ,  0.00 
 0.00 ,  0.00 ,  0.00 
 0.00 ,  0.00 ,  0.00 
 0.00 , 298.90 , 199.64 
 0.00 , 395.57 , 264.47 
 0.00 , 472.21 , 315.97 
 0.00 , 600.57 , 402.41 
 0.00 , 676.15 , 453.41 
 0.00 ,  0.00 ,  0.00 
 0.00 ,  0.00 ,  0.00 
 0.00 ,  0.00 ,  0.00 
 0.00 ,  0.00 ,  0.00 
 0.00 ,  0.00 ,  0.00 
 0.00 ,  0.00 ,  0.00 
2557.02 , 483.10 , 2701.49 
 0.00 , 994.31 , 669.03 
 0.00 , 6282.13 , 4480.00 
 0.00 , 2457.10 , 1679.52 
 0.00 , 261.27 , 174.43 
 0.00 ,  0.00 ,  0.00 
 0.00 ,  0.00 ,  0.00 
 0.00 ,  0.00 ,  0.00 
 0.00 ,  0.00 ,  0.00 
 0.00 ,  0.00 ,  0.00 
 0.00 ,  0.00 ,  0.00 
 0.00 ,  0.00 ,  0.00 
 0.00 ,  0.00 ,  0.00 
 0.00 ,  0.00 ,  0.00 
2696.01 ,  0.00 , 2507.29 
 0.00 ,  0.00 ,  0.00 
 0.00 ,  0.00 ,  0.00 
 0.00 ,  0.00 ,  0.00 
 0.00 ,  0.00 ,  0.00 
 0.00 ,  0.00 ,  0.00 
 0.00 ,  0.00 ,  0.00 
 0.00 ,  0.00 ,  0.00 
 0.00 ,  0.00 ,  0.00 
 0.00 ,  0.00 ,  0.00 
 0.00 ,  0.00 ,  0.00 
 0.00 , 220.42 , 147.09 
 0.00 , 6208.40 , 4423.73 
 0.00 , 2102.59 , 1431.69 
 0.00 , 1840.27 , 1249.53 
 0.00 , 1524.26 , 1031.45 
 0.00 , 1411.21 , 953.79 
2651.23 , 1154.74 , 3245.01 
 0.00 , 946.66 , 636.65 
 0.00 , 255.31 , 170.44 
 0.00 , 376.05 , 251.37 
 0.00 , 585.77 , 392.43 
 0.00 , 554.08 , 371.07 
 0.00 , 592.73 , 397.12 
 0.00 , 475.71 , 318.32 
 0.00 , 793.33 , 532.66 
 0.00 , 907.60 , 610.12 
 0.00 , 980.82 , 659.86 
 0.00 ,  0.00 ,  0.00 
 0.00 ,  0.00 ,  0.00 
 0.00 ,  0.00 ,  0.00 
 0.00 ,  0.00 ,  0.00 
 0.00 ,  0.00 ,  0.00 
 0.00 , 276.88 , 184.88 
 0.00 , 914.23 , 614.62 
 0.00 , 1058.64 , 712.80 
2732.57 , 6235.29 , 7021.29 
 0.00 , 2711.65 , 1858.64 
 0.00 , 1174.02 , 791.47 
 0.00 , 1176.65 , 793.27 
 0.00 , 563.30 , 377.28 
 0.00 , 958.04 , 644.38 
 0.00 , 628.11 , 420.98 
 0.00 , 510.20 , 341.53 
 0.00 , 1160.48 , 782.22 
 0.00 , 1327.60 , 896.48 
 0.00 , 1405.03 , 949.55 
 0.00 , 1619.65 , 1097.12 
 0.00 , 1596.59 , 1081.23 
 0.00 , 1723.86 , 1169.02 
2675.33 , 1695.33 , 3639.70 
 0.00 , 1714.87 , 1162.82 
 0.00 ,  0.00 ,  0.00 
 0.00 ,  0.00 ,  0.00 
 0.00 ,  0.00 ,  0.00 
 0.00 ,  0.00 ,  0.00 
 0.00 , 234.12 , 156.26 
 0.00 , 550.17 , 368.44 
 0.00 , 559.46 , 374.70 
 0.00 , 555.89 , 372.29 
 0.00 , 6194.18 , 4412.89 
 0.00 , 2045.88 , 1392.22 
 0.00 , 1818.73 , 1234.62 
 0.00 , 1586.41 , 1074.22 
 0.00 , 1268.18 , 855.81 
 0.00 , 1253.09 , 845.49 
 0.00 , 1257.59 , 848.56 
2585.60 , 1044.74 , 3108.78 
 0.00 , 962.99 , 647.74 
 0.00 , 1231.68 , 830.85 
 0.00 , 1257.29 , 848.36 
 0.00 , 1120.93 , 755.25 
 0.00 , 999.06 , 672.26 
 0.00 , 1040.55 , 700.49 
 0.00 , 1022.72 , 688.35 
 0.00 , 1014.27 , 682.61 
 0.00 ,  0.00 ,  0.00 
 0.00 ,  0.00 ,  0.00 
 0.00 ,  0.00 ,  0.00 
 0.00 ,  0.00 ,  0.00 
 0.00 ,  0.00 ,  0.00 
 0.00 ,  0.00 ,  0.00 
 0.00 ,  0.00 ,  0.00 
 0.00 ,  0.00 ,  0.00 
 0.00 , 5462.89 , 3859.98 
2649.61 , 1587.61 , 3541.19 
 0.00 , 1259.59 , 849.94 
 0.00 , 1158.25 , 780.71 
 0.00 , 1047.38 , 705.14 
 0.00 , 547.00 , 366.30 
 0.00 , 136.49 , 91.01 
 0.00 ,  0.00 ,  0.00 
 0.00 ,  0.00 ,  0.00 
 0.00 ,  0.00 ,  0.00 
 0.00 ,  0.00 ,  0.00 
 0.00 , 95.87 , 63.89 
 0.00 , 233.58 , 155.90 
 0.00 , 379.30 , 253.55 
 0.00 , 451.09 , 301.77 
2626.93 , 516.11 , 2788.75 
 0.00 ,  0.00 ,  0.00 
 0.00 ,  0.00 ,  0.00 
 0.00 ,  0.00 ,  0.00 
 0.00 ,  0.00 ,  0.00 
 0.00 ,  0.00 ,  0.00 
 0.00 ,  0.00 ,  0.00 
 0.00 ,  0.00 ,  0.00 
 0.00 ,  0.00 ,  0.00 
 0.00 , 5600.59 , 3963.40 
 0.00 , 1866.40 , 1267.63 
 0.00 , 534.39 , 357.81 
 0.00 ,  0.00 ,  0.00 
 0.00 ,  0.00 ,  0.00 
 0.00 ,  0.00 ,  0.00 
 0.00 ,  0.00 ,  0.00 
 0.00 ,  0.00 ,  0.00 
2536.25 ,  0.00 , 2358.71 
 0.00 ,  0.00 ,  0.00 
 0.00 ,  0.00 ,  0.00 
 0.00 ,  0.00 ,  0.00 
 0.00 ,  0.00 ,  0.00 
 0.00 ,  0.00 ,  0.00 
 0.00 ,  0.00 ,  0.00 
 0.00 ,  0.00 ,  0.00 
 0.00 ,  0.00 ,  0.00 
 0.00 ,  0.00 ,  0.00 
 0.00 ,  0.00 ,  0.00 
 0.00 ,  0.00 ,  0.00 
 0.00 ,  0.00 ,  0.00 
 0.00 ,  0.00 ,  0.00 
 0.00 ,  0.00 ,  0.00 
 0.00 ,  0.00 ,  0.00 
 0.00 , 5744.35 , 4071.71 
2529.36 , 1621.88 , 3452.96 
 0.00 ,  0.00 ,  0.00 
 0.00 ,  0.00 ,  0.00 
 0.00 ,  0.00 ,  0.00 
 0.00 ,  0.00 ,  0.00 
 0.00 ,  0.00 ,  0.00 
 0.00 ,  0.00 ,  0.00 
 0.00 ,  0.00 ,  0.00 
 0.00 ,  0.00 ,  0.00 
 0.00 ,  0.00 ,  0.00 
 0.00 ,  0.00 ,  0.00 
 0.00 ,  0.00 ,  0.00 
 0.00 ,  0.00 ,  0.00 
 0.00 ,  0.00 ,  0.00 
2626.93 ,  0.00 , 2443.05 
 0.00 ,  0.00 ,  0.00 
 0.00 ,  0.00 ,  0.00 
 0.00 ,  0.00 ,  0.00 
 0.00 ,  0.00 ,  0.00 
 0.00 ,  0.00 ,  0.00 
 0.00 ,  0.00 ,  0.00 
 0.00 ,  0.00 ,  0.00 
 0.00 ,  0.00 ,  0.00 
 0.00 , 2232.30 , 1522.15 
 0.00 , 937.28 , 630.27 
 0.00 ,  0.00 ,  0.00 
 0.00 ,  0.00 ,  0.00 
 0.00 ,  0.00 ,  0.00 
 0.00 ,  0.00 ,  0.00 
 0.00 ,  0.00 ,  0.00 
 0.00 ,  0.00 ,  0.00 
2536.25 ,  0.00 , 2358.71 
 0.00 ,  0.00 ,  0.00 
 0.00 ,  0.00 ,  0.00 
 0.00 ,  0.00 ,  0.00 
 0.00 ,  0.00 ,  0.00 
 0.00 ,  0.00 ,  0.00 
 0.00 ,  0.00 ,  0.00 
 0.00 ,  0.00 ,  0.00 
 0.00 ,  0.00 ,  0.00 
 0.00 ,  0.00 ,  0.00 
 0.00 ,  0.00 ,  0.00 
 0.00 ,  0.00 ,  0.00 
 0.00 ,  0.00 ,  0.00 
 0.00 ,  0.00 ,  0.00 
 0.00 ,  0.00 ,  0.00 
 0.00 ,  0.00 ,  0.00 
 0.00 , 1734.73 , 1176.53 
2529.36 , 673.09 , 2803.99 
 0.00 , 43.02 , 28.66 
 0.00 ,  0.00 ,  0.00 
 0.00 ,  0.00 ,  0.00 
 0.00 ,  0.00 ,  0.00 
 0.00 ,  0.00 ,  0.00 
 0.00 ,  0.00 ,  0.00 
 0.00 ,  0.00 ,  0.00 
 0.00 ,  0.00 ,  0.00 
 0.00 ,  0.00 ,  0.00 
 0.00 ,  0.00 ,  0.00 
 0.00 ,  0.00 ,  0.00 
 0.00 ,  0.00 ,  0.00 
 0.00 ,  0.00 ,  0.00 
2626.93 ,  0.00 , 2443.05 
 0.00 ,  0.00 ,  0.00 
 0.00 ,  0.00 ,  0.00 
 0.00 ,  0.00 ,  0.00 
 0.00 ,  0.00 ,  0.00 
 0.00 ,  0.00 ,  0.00 
 0.00 ,  0.00 ,  0.00 
 0.00 ,  0.00 ,  0.00 
 0.00 ,  0.00 ,  0.00 
 0.00 , 2699.99 , 1850.42 
 0.00 ,  0.00 ,  0.00 
 0.00 ,  0.00 ,  0.00 
 0.00 ,  0.00 ,  0.00 
 0.00 ,  0.00 ,  0.00 
 0.00 ,  0.00 ,  0.00 
 0.00 ,  0.00 ,  0.00 
 0.00 ,  0.00 ,  0.00 
2536.25 ,  0.00 , 2358.71 
 0.00 ,  0.00 ,  0.00 
 0.00 ,  0.00 ,  0.00 
 0.00 ,  0.00 ,  0.00 
 0.00 ,  0.00 ,  0.00 
 0.00 ,  0.00 ,  0.00 
 0.00 ,  0.00 ,  0.00 
 0.00 ,  0.00 ,  0.00 
 0.00 ,  0.00 ,  0.00 
 0.00 ,  0.00 ,  0.00 
 0.00 ,  0.00 ,  0.00 
 0.00 ,  0.00 ,  0.00 
 0.00 ,  0.00 ,  0.00 
 0.00 ,  0.00 ,  0.00 
 0.00 ,  0.00 ,  0.00 
 0.00 ,  0.00 ,  0.00 
 0.00 ,  0.00 ,  0.00 
2529.36 ,  0.00 , 2352.31 
 0.00 ,  0.00 ,  0.00 
 0.00 ,  0.00 ,  0.00 
 0.00 ,  0.00 ,  0.00 
 0.00 ,  0.00 ,  0.00 
 0.00 ,  0.00 ,  0.00 
 0.00 ,  0.00 ,  0.00 
 0.00 ,  0.00 ,  0.00 
 0.00 ,  0.00 ,  0.00 
 0.00 ,  0.00 ,  0.00 
 0.00 ,  0.00 ,  0.00 
 0.00 ,  0.00 ,  0.00 
 0.00 ,  0.00 ,  0.00 
 0.00 ,  0.00 ,  0.00 
2626.93 ,  0.00 , 2443.05 
 0.00 ,  0.00 ,  0.00 
 0.00 ,  0.00 ,  0.00 
 0.00 ,  0.00 ,  0.00 
 0.00 ,  0.00 ,  0.00 
 0.00 ,  0.00 ,  0.00 
 0.00 ,  0.00 ,  0.00 
 0.00 ,  0.00 ,  0.00 
 0.00 ,  0.00 ,  0.00 
 0.00 , 1668.36 , 1130.71 
 0.00 ,  0.00 ,  0.00 
 0.00 ,  0.00 ,  0.00 
 0.00 ,  0.00 ,  0.00 
 0.00 ,  0.00 ,  0.00 
 0.00 ,  0.00 ,  0.00 
 0.00 ,  0.00 ,  0.00 
 0.00 ,  0.00 ,  0.00 
2536.25 ,  0.00 , 2358.71 
 0.00 ,  0.00 ,  0.00 
 0.00 ,  0.00 ,  0.00 
 0.00 ,  0.00 ,  0.00 
 0.00 ,  0.00 ,  0.00 
 0.00 ,  0.00 ,  0.00 
 0.00 ,  0.00 ,  0.00 
 0.00 ,  0.00 ,  0.00 
 0.00 ,  0.00 ,  0.00 
 0.00 ,  0.00 ,  0.00 
 0.00 ,  0.00 ,  0.00 
 0.00 ,  0.00 ,  0.00 
 0.00 ,  0.00 ,  0.00 
 0.00 ,  0.00 ,  0.00 
 0.00 ,  0.00 ,  0.00 
 0.00 ,  0.00 ,  0.00 
 0.00 , 2957.47 , 2032.57 
2529.36 , 1021.86 , 3040.86 
 0.00 , 550.23 , 368.48 
 0.00 ,  0.00 ,  0.00 
 0.00 ,  0.00 ,  0.00 
 0.00 ,  0.00 ,  0.00 
 0.00 ,  0.00 ,  0.00 
 0.00 ,  0.00 ,  0.00 
 0.00 ,  0.00 ,  0.00 
 0.00 ,  0.00 ,  0.00 
 0.00 ,  0.00 ,  0.00 
 0.00 ,  0.00 ,  0.00 
 0.00 ,  0.00 ,  0.00 
 0.00 ,  0.00 ,  0.00 
 0.00 ,  0.00 ,  0.00 
2626.93 ,  0.00 , 2443.05 
 0.00 ,  0.00 ,  0.00 
 0.00 ,  0.00 ,  0.00 
 0.00 ,  0.00 ,  0.00 
 0.00 ,  0.00 ,  0.00 
 0.00 ,  0.00 ,  0.00 
 0.00 ,  0.00 ,  0.00 
 0.00 ,  0.00 ,  0.00 
 0.00 ,  0.00 ,  0.00 
 0.00 , 5366.42 , 3787.71 
 0.00 , 135.44 , 90.30 
 0.00 ,  0.00 ,  0.00 
 0.00 ,  0.00 ,  0.00 
 0.00 ,  0.00 ,  0.00 
 0.00 ,  0.00 ,  0.00 
 0.00 ,  0.00 ,  0.00 
 0.00 ,  0.00 ,  0.00 
2536.25 ,  0.00 , 2358.71 
 0.00 ,  0.00 ,  0.00 
 0.00 ,  0.00 ,  0.00 
 0.00 ,  0.00 ,  0.00 
 0.00 ,  0.00 ,  0.00 
 0.00 ,  0.00 ,  0.00 
 0.00 ,  0.00 ,  0.00 
 0.00 ,  0.00 ,  0.00 
 0.00 ,  0.00 ,  0.00 
 0.00 ,  0.00 ,  0.00 
 0.00 ,  0.00 ,  0.00 
 0.00 ,  0.00 ,  0.00 
 0.00 ,  0.00 ,  0.00 
 0.00 ,  0.00 ,  0.00 
 0.00 ,  0.00 ,  0.00 
 0.00 ,  0.00 ,  0.00 
 0.00 , 2212.56 , 1508.37 
2529.36 ,  0.00 , 2352.31 
 0.00 ,  0.00 ,  0.00 
 0.00 ,  0.00 ,  0.00 
 0.00 ,  0.00 ,  0.00 
 0.00 ,  0.00 ,  0.00 
 0.00 , 86.99 , 57.97 
 0.00 , 344.41 , 230.14 
 0.00 ,  0.00 ,  0.00 
 0.00 ,  0.00 ,  0.00 
 0.00 ,  0.00 ,  0.00 
 0.00 ,  0.00 ,  0.00 
 0.00 ,  0.00 ,  0.00 
 0.00 ,  0.00 ,  0.00 
 0.00 ,  0.00 ,  0.00 
2626.93 ,  0.00 , 2443.05 
 0.00 ,  0.00 ,  0.00 
 0.00 ,  0.00 ,  0.00 
 0.00 ,  0.00 ,  0.00 
 0.00 ,  0.00 ,  0.00 
 0.00 ,  0.00 ,  0.00 
 0.00 ,  0.00 ,  0.00 
 0.00 ,  0.00 ,  0.00 
 0.00 ,  0.00 ,  0.00 
 0.00 , 5830.97 , 4137.14 
 0.00 , 1650.72 , 1118.54 
 0.00 , 1605.83 , 1087.60 
 0.00 , 577.71 , 386.99 
 0.00 , 41.48 , 27.63 
 0.00 ,  0.00 ,  0.00 
 0.00 ,  0.00 ,  0.00 
 0.00 ,  0.00 ,  0.00 
2536.25 ,  0.00 , 2358.71 
 0.00 ,  0.00 ,  0.00 
 0.00 ,  0.00 ,  0.00 
 0.00 ,  0.00 ,  0.00 
 0.00 ,  0.00 ,  0.00 
 0.00 ,  0.00 ,  0.00 
 0.00 ,  0.00 ,  0.00 
 0.00 ,  0.00 ,  0.00 
 0.00 ,  0.00 ,  0.00 
 0.00 ,  0.00 ,  0.00 
 0.00 ,  0.00 ,  0.00 
 0.00 ,  0.00 ,  0.00 
 0.00 ,  0.00 ,  0.00 
 0.00 ,  0.00 ,  0.00 
 0.00 ,  0.00 ,  0.00 
 0.00 ,  0.00 ,  0.00 
 0.00 , 5508.97 , 3894.55 
2529.36 , 797.93 , 2888.55 
 0.00 , 571.25 , 382.64 
 0.00 ,  0.00 ,  0.00 
 0.00 ,  0.00 ,  0.00 
 0.00 ,  0.00 ,  0.00 
 0.00 ,  0.00 ,  0.00 
 0.00 ,  0.00 ,  0.00 
 0.00 ,  0.00 ,  0.00 
 0.00 ,  0.00 ,  0.00 
 0.00 ,  0.00 ,  0.00 
 0.00 ,  0.00 ,  0.00 
 0.00 ,  0.00 ,  0.00 
 0.00 ,  0.00 ,  0.00 
 0.00 ,  0.00 ,  0.00 
2626.93 ,  0.00 , 2443.05 
 0.00 ,  0.00 ,  0.00 
 0.00 ,  0.00 ,  0.00 
 0.00 ,  0.00 ,  0.00 
 0.00 ,  0.00 ,  0.00 
 0.00 ,  0.00 ,  0.00 
 0.00 ,  0.00 ,  0.00 
 0.00 ,  0.00 ,  0.00 
 0.00 , 717.14 , 481.11 
 0.00 , 6282.13 , 4480.00 
 0.00 , 1883.81 , 1279.69 
 0.00 , 916.76 , 616.34 
 0.00 ,  0.00 ,  0.00 
 0.00 ,  0.00 ,  0.00 
 0.00 ,  0.00 ,  0.00 
 0.00 ,  0.00 ,  0.00 
 0.00 ,  0.00 ,  0.00 
2536.25 ,  0.00 , 2358.71 
 0.00 ,  0.00 ,  0.00 
 0.00 ,  0.00 ,  0.00 
 0.00 ,  0.00 ,  0.00 
 0.00 ,  0.00 ,  0.00 
 0.00 ,  0.00 ,  0.00 
 0.00 ,  0.00 ,  0.00 
 0.00 ,  0.00 ,  0.00 
 0.00 ,  0.00 ,  0.00 
 0.00 ,  0.00 ,  0.00 
 0.00 ,  0.00 ,  0.00 
 0.00 ,  0.00 ,  0.00 
 0.00 ,  0.00 ,  0.00 
 0.00 ,  0.00 ,  0.00 
 0.00 ,  0.00 ,  0.00 
 0.00 , 747.49 , 501.63 
 0.00 , 6282.13 , 4480.00 
2529.36 , 744.40 , 2852.26 
 0.00 , 104.40 , 69.59 
 0.00 ,  0.00 ,  0.00 
 0.00 ,  0.00 ,  0.00 
 0.00 ,  0.00 ,  0.00 
 0.00 ,  0.00 ,  0.00 
 0.00 ,  0.00 ,  0.00 
 0.00 ,  0.00 ,  0.00 
 0.00 ,  0.00 ,  0.00 
 0.00 ,  0.00 ,  0.00 
 0.00 ,  0.00 ,  0.00 
 0.00 ,  0.00 ,  0.00 
 0.00 ,  0.00 ,  0.00 
 0.00 ,  0.00 ,  0.00 
2626.93 ,  0.00 , 2443.05 
 0.00 ,  0.00 ,  0.00 
 0.00 ,  0.00 ,  0.00 
 0.00 ,  0.00 ,  0.00 
 0.00 ,  0.00 ,  0.00 
 0.00 ,  0.00 ,  0.00 
 0.00 ,  0.00 ,  0.00 
 0.00 ,  0.00 ,  0.00 
 0.00 , 193.96 , 129.40 
 0.00 , 6172.62 , 4396.46 
 0.00 , 1958.63 , 1331.59 
 0.00 , 788.15 , 529.15 
 0.00 , 1172.68 , 790.55 
 0.00 , 1198.35 , 808.08 
 0.00 , 710.70 , 476.75 
 0.00 , 390.97 , 261.38 
 0.00 , 461.22 , 308.58 
2536.25 , 851.90 , 2931.59 
 0.00 , 745.79 , 500.48 
 0.00 , 537.26 , 359.74 
 0.00 , 497.41 , 332.92 
 0.00 , 385.36 , 257.62 
 0.00 , 704.07 , 472.28 
 0.00 , 873.74 , 587.15 
 0.00 , 992.94 , 668.10 
 0.00 ,  0.00 ,  0.00 
 0.00 ,  0.00 ,  0.00 
 0.00 ,  0.00 ,  0.00 
 0.00 ,  0.00 ,  0.00 
 0.00 ,  0.00 ,  0.00 
 0.00 , 262.42 , 175.20 
 0.00 , 839.29 , 563.79 
 0.00 , 1037.45 , 698.38 
 0.00 , 6282.13 , 4480.00 
2529.36 , 2350.07 , 3961.06 
 0.00 , 1745.19 , 1183.75 
 0.00 , 1163.76 , 784.47 
 0.00 , 370.32 , 247.52 
 0.00 , 580.82 , 389.09 
 0.00 , 493.42 , 330.24 
 0.00 ,  6.58 ,  4.38 
 0.00 ,  0.00 ,  0.00 
 0.00 ,  0.00 ,  0.00 
 0.00 ,  0.00 ,  0.00 
 0.00 ,  0.00 ,  0.00 
 0.00 , 90.39 , 60.24 
 0.00 , 686.69 , 460.53 
 0.00 , 905.53 , 608.71 
2626.93 , 988.24 , 3108.71 
 0.00 ,  0.00 ,  0.00 
 0.00 ,  0.00 ,  0.00 
 0.00 ,  0.00 ,  0.00 
 0.00 ,  0.00 ,  0.00 
 0.00 ,  0.00 ,  0.00 
 0.00 , 606.89 , 406.67 
 0.00 , 919.97 , 618.52 
 0.00 , 1114.38 , 750.78 
 0.00 , 6282.13 , 4480.00 
 0.00 , 1991.83 , 1354.65 
 0.00 , 951.64 , 640.03 
 0.00 , 591.85 , 396.52 
 0.00 ,  0.00 ,  0.00 
 0.00 ,  0.00 ,  0.00 
 0.00 ,  0.00 ,  0.00 
 0.00 ,  0.00 ,  0.00 
2536.25 ,  0.00 , 2358.71 
 0.00 ,  0.00 ,  0.00 
 0.00 ,  0.00 ,  0.00 
 0.00 ,  0.00 ,  0.00 
 0.00 ,  0.00 ,  0.00 
 0.00 ,  0.00 ,  0.00 
 0.00 ,  0.00 ,  0.00 
 0.00 ,  0.00 ,  0.00 
 0.00 ,  0.00 ,  0.00 
 0.00 ,  0.00 ,  0.00 
 0.00 ,  0.00 ,  0.00 
 0.00 ,  0.00 ,  0.00 
 0.00 ,  0.00 ,  0.00 
 0.00 ,  0.00 ,  0.00 
 0.00 ,  0.00 ,  0.00 
 0.00 , 566.13 , 379.19 
 0.00 , 6282.13 , 4480.00 
2529.36 , 1372.60 , 3281.04 
 0.00 , 166.43 , 111.00 
 0.00 ,  0.00 ,  0.00 
 0.00 ,  0.00 ,  0.00 
 0.00 ,  0.00 ,  0.00 
 0.00 ,  0.00 ,  0.00 
 0.00 ,  0.00 ,  0.00 
 0.00 ,  0.00 ,  0.00 
 0.00 ,  0.00 ,  0.00 
 0.00 ,  0.00 ,  0.00 
 0.00 ,  0.00 ,  0.00 
 0.00 ,  0.00 ,  0.00 
 0.00 ,  0.00 ,  0.00 
 0.00 ,  0.00 ,  0.00 
2626.93 ,  0.00 , 2443.05 
 0.00 ,  0.00 ,  0.00 
 0.00 ,  0.00 ,  0.00 
 0.00 ,  0.00 ,  0.00 
 0.00 ,  0.00 ,  0.00 
 0.00 ,  0.00 ,  0.00 
 0.00 ,  0.00 ,  0.00 
 0.00 ,  0.00 ,  0.00 
 0.00 ,  0.00 ,  0.00 
 0.00 , 5935.37 , 4216.17 
 0.00 , 2007.10 , 1365.26 
 0.00 , 966.47 , 650.10 
 0.00 ,  0.00 ,  0.00 
 0.00 ,  0.00 ,  0.00 
 0.00 ,  0.00 ,  0.00 
 0.00 ,  0.00 ,  0.00 
 0.00 ,  0.00 ,  0.00 
2536.25 ,  0.00 , 2358.71 
 0.00 ,  0.00 ,  0.00 
 0.00 ,  0.00 ,  0.00 
 0.00 ,  0.00 ,  0.00 
 0.00 ,  0.00 ,  0.00 
 0.00 ,  0.00 ,  0.00 
 0.00 ,  0.00 ,  0.00 
 0.00 ,  0.00 ,  0.00 
 0.00 ,  0.00 ,  0.00 
 0.00 ,  0.00 ,  0.00 
 0.00 ,  0.00 ,  0.00 
 0.00 ,  0.00 ,  0.00 
 0.00 ,  0.00 ,  0.00 
 0.00 ,  0.00 ,  0.00 
 0.00 ,  0.00 ,  0.00 
 0.00 ,  0.00 ,  0.00 
 0.00 , 5014.81 , 3525.65 
2529.36 , 1741.85 , 3536.06 
 0.00 , 1406.51 , 950.57 
 0.00 , 120.53 , 80.35 
 0.00 , 182.55 , 121.77 
 0.00 , 475.64 , 318.27 
 0.00 ,  0.00 ,  0.00 
 0.00 ,  0.00 ,  0.00 
 0.00 ,  0.00 ,  0.00 
 0.00 ,  0.00 ,  0.00 
 0.00 ,  0.00 ,  0.00 
 0.00 ,  0.00 ,  0.00 
 0.00 ,  0.00 ,  0.00 
 0.00 ,  0.00 ,  0.00 
 0.00 , 187.46 , 125.06 
2626.93 , 481.52 , 2765.45 
 0.00 ,  0.00 ,  0.00 
 0.00 ,  0.00 ,  0.00 
 0.00 ,  0.00 ,  0.00 
 0.00 ,  0.00 ,  0.00 
 0.00 ,  0.00 ,  0.00 
 0.00 ,  0.00 ,  0.00 
 0.00 ,  0.00 ,  0.00 
 0.00 ,  0.00 ,  0.00 
 0.00 , 5505.79 , 3892.16 
 0.00 , 1402.40 , 947.75 
 0.00 , 1154.99 , 778.48 
 0.00 , 1027.14 , 691.36 
 0.00 , 310.80 , 207.61 
 0.00 ,  0.00 ,  0.00 
 0.00 ,  0.00 ,  0.00 
 0.00 ,  0.00 ,  0.00 
2536.25 ,  0.00 , 2358.71 
 0.00 , 293.21 , 195.82 
 0.00 , 592.45 , 396.93 
 0.00 , 663.49 , 444.86 
 0.00 , 524.67 , 351.27 
 0.00 , 674.68 , 452.42 
 0.00 , 788.64 , 529.48 
 0.00 , 795.39 , 534.05 
 0.00 ,  0.00 ,  0.00 
 0.00 ,  0.00 ,  0.00 
 0.00 ,  0.00 ,  0.00 
 0.00 ,  0.00 ,  0.00 
 0.00 ,  0.00 ,  0.00 
 0.00 ,  0.00 ,  0.00 
 0.00 ,  0.00 ,  0.00 
 0.00 ,  0.00 ,  0.00 
 0.00 , 5893.42 , 4184.39 
2529.36 , 1771.06 , 3556.33 
 0.00 , 513.38 , 343.67 
 0.00 , 623.72 , 418.02 
 0.00 , 641.78 , 430.20 
 0.00 , 419.25 , 280.38 
 0.00 ,  0.00 ,  0.00 
 0.00 ,  0.00 ,  0.00 
 0.00 ,  0.00 ,  0.00 
 0.00 ,  0.00 ,  0.00 
 0.00 ,  0.00 ,  0.00 
 0.00 ,  0.00 ,  0.00 
 0.00 , 15.96 , 10.63 
 0.00 , 349.33 , 233.44 
 0.00 , 506.90 , 339.30 
2626.93 , 642.66 , 2874.17 
 0.00 ,  0.00 ,  0.00 
 0.00 ,  0.00 ,  0.00 
 0.00 ,  0.00 ,  0.00 
 0.00 ,  0.00 ,  0.00 
 0.00 ,  0.00 ,  0.00 
 0.00 ,  0.00 ,  0.00 
 0.00 ,  0.00 ,  0.00 
 0.00 , 728.06 , 488.49 
 0.00 , 6282.13 , 4480.00 
 0.00 , 1679.67 , 1138.51 
 0.00 , 1622.74 , 1099.25 
 0.00 , 1261.28 , 851.09 
 0.00 , 604.96 , 405.37 
 0.00 , 209.50 , 139.79 
 0.00 , 48.39 , 32.24 
 0.00 ,  0.00 ,  0.00 
2536.25 ,  0.00 , 2358.71 
 0.00 ,  0.00 ,  0.00 
 0.00 ,  0.00 ,  0.00 
 0.00 ,  0.00 ,  0.00 
 0.00 ,  0.00 ,  0.00 
 0.00 ,  0.00 ,  0.00 
 0.00 ,  0.00 ,  0.00 
 0.00 ,  0.00 ,  0.00 
 0.00 ,  0.00 ,  0.00 
 0.00 ,  0.00 ,  0.00 
 0.00 ,  0.00 ,  0.00 
 0.00 ,  0.00 ,  0.00 
 0.00 ,  0.00 ,  0.00 
 0.00 ,  0.00 ,  0.00 
 0.00 , 65.78 , 43.83 
 0.00 , 974.54 , 655.59 
 0.00 , 6282.13 , 4480.00 
2529.36 , 2061.59 , 3758.71 
 0.00 , 1609.50 , 1090.13 
 0.00 , 1225.67 , 826.74 
 0.00 , 752.33 , 504.90 
 0.00 , 369.03 , 246.66 
 0.00 , 361.91 , 241.88 
 0.00 , 430.60 , 288.00 
 0.00 , 121.49 , 80.99 
 0.00 ,  0.00 ,  0.00 
 0.00 ,  0.00 ,  0.00 
 0.00 , 455.20 , 304.53 
 0.00 , 718.39 , 481.96 
 0.00 , 976.78 , 657.11 
 0.00 , 1149.09 , 774.45 
2626.93 , 1286.17 , 3312.46 
 0.00 ,  0.00 ,  0.00 
 0.00 ,  0.00 ,  0.00 
 0.00 ,  0.00 ,  0.00 
 0.00 ,  0.00 ,  0.00 
 0.00 , 573.81 , 384.36 
 0.00 , 977.55 , 657.63 
 0.00 , 1121.41 , 755.57 
 0.00 , 1253.08 , 845.48 
 0.00 , 6282.13 , 4480.00 
 0.00 , 2172.97 , 1480.74 
 0.00 , 1631.93 , 1105.58 
 0.00 , 1468.38 , 993.04 
 0.00 , 1195.34 , 806.02 
 0.00 , 1132.64 , 763.24 
 0.00 , 764.63 , 513.23 
 0.00 , 167.79 , 111.91 
2536.25 , 431.40 , 2647.39 
 0.00 , 480.21 , 321.35 
 0.00 , 789.28 , 529.91 
 0.00 , 880.98 , 592.06 
 0.00 , 974.47 , 655.54 
 0.00 , 1300.45 , 877.89 
 0.00 , 1460.11 , 987.36 
 0.00 , 1530.63 , 1035.83 
 0.00 ,  0.00 ,  0.00 
 0.00 ,  0.00 ,  0.00 
 0.00 ,  0.00 ,  0.00 
 0.00 ,  0.00 ,  0.00 
 0.00 , 639.78 , 428.86 
 0.00 , 892.04 , 599.56 
 0.00 , 969.56 , 652.20 
 0.00 , 1033.78 , 695.88 
 0.00 , 6282.13 , 4480.00 
2506.53 , 838.69 , 2894.97 
 0.00 , 68.16 , 45.41 
 0.00 ,  0.00 ,  0.00 
 0.00 ,  0.00 ,  0.00 
 0.00 ,  0.00 ,  0.00 
 0.00 ,  0.00 ,  0.00 
 0.00 ,  0.00 ,  0.00 
 0.00 ,  0.00 ,  0.00 
 0.00 ,  0.00 ,  0.00 
 0.00 ,  0.00 ,  0.00 
 0.00 ,  0.00 ,  0.00 
 0.00 ,  0.00 ,  0.00 
 0.00 ,  0.00 ,  0.00 
 0.00 ,  0.00 ,  0.00 
2554.55 ,  0.00 , 2375.74 
 0.00 ,  0.00 ,  0.00 
 0.00 ,  0.00 ,  0.00 
 0.00 ,  0.00 ,  0.00 
 0.00 ,  0.00 ,  0.00 
 0.00 ,  0.00 ,  0.00 
 0.00 ,  0.00 ,  0.00 
 0.00 ,  0.00 ,  0.00 
 0.00 ,  0.00 ,  0.00 
 0.00 , 5741.99 , 4069.93 
 0.00 , 898.88 , 604.20 
 0.00 ,  0.00 ,  0.00 
 0.00 ,  0.00 ,  0.00 
 0.00 ,  0.00 ,  0.00 
 0.00 ,  0.00 ,  0.00 
 0.00 ,  0.00 ,  0.00 
 0.00 ,  0.00 ,  0.00 
 0.00 ,  0.00 ,  0.00 
2614.06 ,  0.00 , 2431.08 
 0.00 ,  0.00 ,  0.00 
 0.00 ,  0.00 ,  0.00 
 0.00 ,  0.00 ,  0.00 
 0.00 ,  0.00 ,  0.00 
 0.00 ,  0.00 ,  0.00 
 0.00 ,  0.00 ,  0.00 
 0.00 ,  0.00 ,  0.00 
 0.00 ,  0.00 ,  0.00 
 0.00 ,  0.00 ,  0.00 
 0.00 ,  0.00 ,  0.00 
 0.00 ,  0.00 ,  0.00 
 0.00 ,  0.00 ,  0.00 
 0.00 ,  0.00 ,  0.00 
 0.00 ,  0.00 ,  0.00 
 0.00 , 3543.35 , 2450.90 
 0.00 , 808.12 , 542.67 
2544.82 , 304.47 , 2570.11 
 0.00 ,  0.00 ,  0.00 
 0.00 ,  0.00 ,  0.00 
 0.00 ,  0.00 ,  0.00 
 0.00 ,  0.00 ,  0.00 
 0.00 ,  0.00 ,  0.00 
 0.00 ,  0.00 ,  0.00 
 0.00 ,  0.00 ,  0.00 
 0.00 ,  0.00 ,  0.00 
 0.00 ,  0.00 ,  0.00 
 0.00 ,  0.00 ,  0.00 
 0.00 ,  0.00 ,  0.00 
 0.00 ,  0.00 ,  0.00 
 0.00 ,  0.00 ,  0.00 
2508.45 ,  0.00 , 2332.86 
 0.00 ,  0.00 ,  0.00 
 0.00 ,  0.00 ,  0.00 
 0.00 ,  0.00 ,  0.00 
 0.00 ,  0.00 ,  0.00 
 0.00 ,  0.00 ,  0.00 
 0.00 ,  0.00 ,  0.00 
 0.00 ,  0.00 ,  0.00 
 0.00 , 3953.87 , 2747.23 
 0.00 ,  0.00 ,  0.00 
 0.00 ,  0.00 ,  0.00 
 0.00 ,  0.00 ,  0.00 
 0.00 ,  0.00 ,  0.00 
 0.00 ,  0.00 ,  0.00 
 0.00 ,  0.00 ,  0.00 
 0.00 ,  0.00 ,  0.00 
 0.00 ,  0.00 ,  0.00 
 0.00 ,  0.00 ,  0.00 
2592.91 ,  0.00 , 2411.40 
 0.00 ,  0.00 ,  0.00 
 0.00 ,  0.00 ,  0.00 
 0.00 ,  0.00 ,  0.00 
 0.00 ,  0.00 ,  0.00 
 0.00 ,  0.00 ,  0.00 
 0.00 ,  0.00 ,  0.00 
 0.00 ,  0.00 ,  0.00 
 0.00 ,  0.00 ,  0.00 
 0.00 ,  0.00 ,  0.00 
 0.00 ,  0.00 ,  0.00 
 0.00 ,  0.00 ,  0.00 
 0.00 ,  0.00 ,  0.00 
 0.00 ,  0.00 ,  0.00 
 0.00 , 1560.26 , 1056.22 
 0.00 ,  0.00 ,  0.00 
 0.00 ,  0.00 ,  0.00 
2596.36 ,  0.00 , 2414.62 
 0.00 ,  0.00 ,  0.00 
 0.00 ,  0.00 ,  0.00 
 0.00 ,  0.00 ,  0.00 
 0.00 ,  0.00 ,  0.00 
 0.00 ,  0.00 ,  0.00 
 0.00 ,  0.00 ,  0.00 
 0.00 ,  0.00 ,  0.00 
 0.00 ,  0.00 ,  0.00 
 0.00 ,  0.00 ,  0.00 
 0.00 ,  0.00 ,  0.00 
 0.00 ,  0.00 ,  0.00 
 0.00 ,  0.00 ,  0.00 
 0.00 ,  0.00 ,  0.00 
 0.00 ,  0.00 ,  0.00 
 0.00 ,  0.00 ,  0.00 
 0.00 ,  0.00 ,  0.00 
2497.68 ,  0.00 , 2322.84 
 0.00 ,  0.00 ,  0.00 
 0.00 ,  0.00 ,  0.00 
 0.00 ,  0.00 ,  0.00 
 0.00 , 1415.46 , 956.71 
 0.00 , 111.01 , 74.00 
 0.00 ,  0.00 ,  0.00 
 0.00 ,  0.00 ,  0.00 
 0.00 ,  0.00 ,  0.00 
 0.00 ,  0.00 ,  0.00 
 0.00 ,  0.00 ,  0.00 
 0.00 ,  0.00 ,  0.00 
 0.00 ,  0.00 ,  0.00 
 0.00 ,  0.00 ,  0.00 
 0.00 ,  0.00 ,  0.00 
2530.99 ,  0.00 , 2353.82 
 0.00 ,  0.00 ,  0.00 
 0.00 ,  0.00 ,  0.00 
 0.00 ,  0.00 ,  0.00 
 0.00 ,  0.00 ,  0.00 
 0.00 ,  0.00 ,  0.00 
 0.00 ,  0.00 ,  0.00 
 0.00 ,  0.00 ,  0.00 
 0.00 ,  0.00 ,  0.00 
 0.00 ,  0.00 ,  0.00 
 0.00 ,  0.00 ,  0.00 
 0.00 ,  0.00 ,  0.00 
 0.00 ,  0.00 ,  0.00 
 0.00 , 756.94 , 508.03 
 0.00 , 615.65 , 412.57 
 0.00 , 75.87 , 50.55 
 0.00 ,  0.00 ,  0.00 
2625.31 ,  0.00 , 2441.53 
 0.00 ,  0.00 ,  0.00 
 0.00 ,  0.00 ,  0.00 
 0.00 ,  0.00 ,  0.00 
 0.00 ,  0.00 ,  0.00 
 0.00 ,  0.00 ,  0.00 
 0.00 ,  0.00 ,  0.00 
 0.00 ,  0.00 ,  0.00 
 0.00 ,  0.00 ,  0.00 
 0.00 ,  0.00 ,  0.00 
 0.00 ,  0.00 ,  0.00 
 0.00 ,  0.00 ,  0.00 
 0.00 ,  0.00 ,  0.00 
 0.00 ,  0.00 ,  0.00 
 0.00 ,  0.00 ,  0.00 
 0.00 ,  0.00 ,  0.00 
 0.00 ,  0.00 ,  0.00 
 0.00 ,  0.00 ,  0.00 
 0.00 ,  0.00 ,  0.00 
2531.20 ,  0.00 , 2354.02 
 0.00 , 3555.31 , 2459.49 
 0.00 ,  0.00 ,  0.00 
 0.00 ,  0.00 ,  0.00 
 0.00 ,  0.00 ,  0.00 
 0.00 ,  0.00 ,  0.00 
 0.00 ,  0.00 ,  0.00 
 0.00 ,  0.00 ,  0.00 
 0.00 ,  0.00 ,  0.00 
 0.00 ,  0.00 ,  0.00 
 0.00 ,  0.00 ,  0.00 
 0.00 ,  0.00 ,  0.00 
 0.00 ,  0.00 ,  0.00 
2499.26 ,  0.00 , 2324.31 
 0.00 ,  0.00 ,  0.00 
 0.00 ,  0.00 ,  0.00 
 0.00 ,  0.00 ,  0.00 
 0.00 ,  0.00 ,  0.00 
 0.00 ,  0.00 ,  0.00 
 0.00 ,  0.00 ,  0.00 
 0.00 ,  0.00 ,  0.00 
 0.00 ,  0.00 ,  0.00 
 0.00 ,  0.00 ,  0.00 
 0.00 ,  0.00 ,  0.00 
 0.00 ,  0.00 ,  0.00 
 0.00 , 3786.34 , 2625.97 
 0.00 ,  0.00 ,  0.00 
 0.00 ,  0.00 ,  0.00 
 0.00 ,  0.00 ,  0.00 
 0.00 ,  0.00 ,  0.00 
2584.02 ,  0.00 , 2403.14 
 0.00 ,  0.00 ,  0.00 
 0.00 ,  0.00 ,  0.00 
 0.00 ,  0.00 ,  0.00 
 0.00 ,  0.00 ,  0.00 
 0.00 ,  0.00 ,  0.00 
 0.00 ,  0.00 ,  0.00 
 0.00 ,  0.00 ,  0.00 
 0.00 ,  0.00 ,  0.00 
 0.00 ,  0.00 ,  0.00 
 0.00 ,  0.00 ,  0.00 
 0.00 ,  0.00 ,  0.00 
 0.00 ,  0.00 ,  0.00 
 0.00 ,  0.00 ,  0.00 
 0.00 ,  0.00 ,  0.00 
 0.00 ,  0.00 ,  0.00 
 0.00 ,  0.00 ,  0.00 
 0.00 ,  0.00 ,  0.00 
 0.00 ,  0.00 ,  0.00 
2666.16 , 4284.26 , 5482.89 
 0.00 , 1035.40 , 696.98 
 0.00 ,  0.00 ,  0.00 
 0.00 ,  0.00 ,  0.00 
 0.00 , 124.58 , 83.05 
 0.00 , 807.31 , 542.12 
 0.00 , 384.99 , 257.37 
 0.00 ,  0.00 ,  0.00 
 0.00 ,  0.00 ,  0.00 
 0.00 ,  0.00 ,  0.00 
 0.00 ,  0.00 ,  0.00 
 0.00 ,  0.00 ,  0.00 
 0.00 ,  0.00 ,  0.00 
 0.00 , 254.47 , 169.88 
2601.05 , 598.47 , 2820.24 
 0.00 , 641.34 , 429.91 
 0.00 ,  0.00 ,  0.00 
 0.00 ,  0.00 ,  0.00 
 0.00 ,  0.00 ,  0.00 
 0.00 ,  0.00 ,  0.00 
 0.00 ,  0.00 ,  0.00 
 0.00 ,  0.00 ,  0.00 
 0.00 ,  0.00 ,  0.00 
 0.00 ,  0.00 ,  0.00 
 0.00 , 5568.94 , 3939.59 
 0.00 , 1483.61 , 1003.50 
 0.00 , 559.58 , 374.78 
 0.00 ,  0.00 ,  0.00 
 0.00 ,  0.00 ,  0.00 
 0.00 ,  0.00 ,  0.00 
 0.00 ,  0.00 ,  0.00 
2520.96 ,  0.00 , 2344.49 
 0.00 ,  0.00 ,  0.00 
 0.00 ,  0.00 ,  0.00 
 0.00 ,  0.00 ,  0.00 
 0.00 ,  0.00 ,  0.00 
 0.00 ,  0.00 ,  0.00 
 0.00 ,  0.00 ,  0.00 
 0.00 ,  0.00 ,  0.00 
 0.00 ,  0.00 ,  0.00 
 0.00 ,  0.00 ,  0.00 
 0.00 ,  0.00 ,  0.00 
 0.00 ,  0.00 ,  0.00 
 0.00 ,  0.00 ,  0.00 
 0.00 ,  0.00 ,  0.00 
 0.00 ,  0.00 ,  0.00 
 0.00 ,  0.00 ,  0.00 
 0.00 ,  0.00 ,  0.00 
 0.00 , 5846.70 , 4149.03 
2584.46 , 1885.46 , 3687.16 
 0.00 , 1669.49 , 1131.49 
 0.00 , 1373.04 , 927.62 
 0.00 , 1044.11 , 702.91 
 0.00 , 1164.48 , 784.96 
 0.00 , 925.05 , 621.97 
 0.00 , 548.89 , 367.58 
 0.00 , 571.71 , 382.95 
 0.00 , 833.81 , 560.08 
 0.00 , 860.82 , 578.38 
 0.00 , 939.75 , 631.95 
 0.00 , 799.36 , 536.74 
 0.00 , 905.98 , 609.02 
 0.00 , 1052.06 , 708.32 
2554.55 , 1124.65 , 3134.48 
 0.00 ,  0.00 ,  0.00 
 0.00 ,  0.00 ,  0.00 
 0.00 ,  0.00 ,  0.00 
 0.00 ,  0.00 ,  0.00 
 0.00 ,  0.00 ,  0.00 
 0.00 , 22.37 , 14.90 
 0.00 , 552.73 , 370.16 
 0.00 , 627.93 , 420.86 
 0.00 , 6062.27 , 4312.48 
 0.00 , 1144.76 , 771.50 
 0.00 , 1344.34 , 907.94 
 0.00 , 1081.98 , 728.70 
 0.00 ,  0.00 ,  0.00 
 0.00 ,  0.00 ,  0.00 
 0.00 ,  0.00 ,  0.00 
 0.00 ,  0.00 ,  0.00 
 0.00 ,  0.00 ,  0.00 
2614.06 ,  0.00 , 2431.08 
 0.00 ,  0.00 ,  0.00 
 0.00 ,  0.00 ,  0.00 
 0.00 ,  0.00 ,  0.00 
 0.00 , 63.65 , 42.40 
 0.00 , 511.80 , 342.60 
 0.00 , 616.14 , 412.90 
 0.00 ,  0.00 ,  0.00 
 0.00 ,  0.00 ,  0.00 
 0.00 ,  0.00 ,  0.00 
 0.00 ,  0.00 ,  0.00 
 0.00 ,  0.00 ,  0.00 
 0.00 ,  0.00 ,  0.00 
 0.00 ,  0.00 ,  0.00 
 0.00 , 182.42 , 121.69 
 0.00 , 6186.73 , 4407.21 
 0.00 , 1678.71 , 1137.85 
2544.82 , 841.91 , 2932.78 
 0.00 , 836.92 , 562.18 
 0.00 , 706.90 , 474.19 
 0.00 , 425.69 , 284.70 
 0.00 , 259.97 , 173.56 
 0.00 , 483.07 , 323.28 
 0.00 , 625.11 , 418.96 
 0.00 , 323.10 , 215.85 
 0.00 , 823.82 , 553.30 
 0.00 , 1031.84 , 694.56 
 0.00 , 808.99 , 543.26 
 0.00 , 930.07 , 625.38 
 0.00 , 1063.86 , 716.36 
 0.00 , 1122.60 , 756.38 
2508.45 ,  0.00 , 2332.86 
 0.00 ,  0.00 ,  0.00 
 0.00 ,  0.00 ,  0.00 
 0.00 ,  0.00 ,  0.00 
 0.00 ,  0.00 ,  0.00 
 0.00 ,  0.00 ,  0.00 
 0.00 , 337.46 , 225.48 
 0.00 , 581.22 , 389.36 
 0.00 , 6088.82 , 4332.66 
 0.00 ,  0.00 ,  0.00 
 0.00 ,  0.00 ,  0.00 
 0.00 ,  0.00 ,  0.00 
 0.00 ,  0.00 ,  0.00 
 0.00 ,  0.00 ,  0.00 
 0.00 ,  0.00 ,  0.00 
 0.00 ,  0.00 ,  0.00 
 0.00 ,  0.00 ,  0.00 
 0.00 ,  0.00 ,  0.00 
2592.91 ,  0.00 , 2411.40 
 0.00 ,  0.00 ,  0.00 
 0.00 ,  0.00 ,  0.00 
 0.00 ,  0.00 ,  0.00 
 0.00 ,  0.00 ,  0.00 
 0.00 ,  0.00 ,  0.00 
 0.00 ,  0.00 ,  0.00 
 0.00 ,  0.00 ,  0.00 
 0.00 ,  0.00 ,  0.00 
 0.00 ,  0.00 ,  0.00 
 0.00 ,  0.00 ,  0.00 
 0.00 ,  0.00 ,  0.00 
 0.00 ,  0.00 ,  0.00 
 0.00 ,  0.00 ,  0.00 
 0.00 , 2479.81 , 1695.46 
 0.00 , 1038.25 , 698.92 
 0.00 , 884.96 , 594.76 
2596.36 , 741.44 , 2912.58 
 0.00 , 581.05 , 389.24 
 0.00 , 464.08 , 310.50 
 0.00 , 144.62 , 96.43 
 0.00 ,  0.00 ,  0.00 
 0.00 ,  0.00 ,  0.00 
 0.00 ,  0.00 ,  0.00 
 0.00 , 134.38 , 89.59 
 0.00 ,  0.00 ,  0.00 
 0.00 ,  0.00 ,  0.00 
 0.00 ,  0.00 ,  0.00 
 0.00 , 239.30 , 159.72 
 0.00 , 346.52 , 231.56 
 0.00 ,  0.00 ,  0.00 
 0.00 ,  0.00 ,  0.00 
 0.00 ,  0.00 ,  0.00 
 0.00 ,  0.00 ,  0.00 
2497.68 ,  0.00 , 2322.84 
 0.00 ,  0.00 ,  0.00 
 0.00 ,  0.00 ,  0.00 
 0.00 ,  0.00 ,  0.00 
 0.00 , 4569.66 , 3196.81 
 0.00 , 1173.28 , 790.97 
 0.00 , 746.03 , 500.64 
 0.00 , 629.40 , 421.85 
 0.00 , 581.59 , 389.61 
 0.00 , 261.38 , 174.51 
 0.00 ,  0.00 ,  0.00 
 0.00 ,  0.00 ,  0.00 
 0.00 ,  0.00 ,  0.00 
 0.00 ,  0.00 ,  0.00 
 0.00 , 146.70 , 97.82 
2530.99 , 524.37 , 2705.09 
 0.00 , 425.20 , 284.37 
 0.00 , 477.02 , 319.20 
 0.00 , 577.77 , 387.03 
 0.00 , 638.70 , 428.13 
 0.00 ,  0.00 ,  0.00 
 0.00 ,  0.00 ,  0.00 
 0.00 ,  0.00 ,  0.00 
 0.00 ,  0.00 ,  0.00 
 0.00 ,  0.00 ,  0.00 
 0.00 ,  0.00 ,  0.00 
 0.00 ,  0.00 ,  0.00 
 0.00 , 261.64 , 174.68 
 0.00 , 6217.51 , 4430.68 
 0.00 , 1671.65 , 1132.98 
 0.00 , 961.64 , 646.82 
 0.00 , 719.63 , 482.79 
2625.31 ,  0.00 , 2441.53 
 0.00 ,  0.00 ,  0.00 
 0.00 ,  0.00 ,  0.00 
 0.00 ,  0.00 ,  0.00 
 0.00 ,  0.00 ,  0.00 
 0.00 ,  0.00 ,  0.00 
 0.00 ,  0.00 ,  0.00 
 0.00 ,  0.00 ,  0.00 
 0.00 ,  0.00 ,  0.00 
 0.00 ,  0.00 ,  0.00 
 0.00 ,  0.00 ,  0.00 
 0.00 ,  0.00 ,  0.00 
 0.00 ,  0.00 ,  0.00 
 0.00 ,  0.00 ,  0.00 
 0.00 ,  0.00 ,  0.00 
 0.00 ,  0.00 ,  0.00 
 0.00 ,  0.00 ,  0.00 
 0.00 ,  0.00 ,  0.00 
 0.00 ,  0.00 ,  0.00 
2531.20 ,  0.00 , 2354.02 
 0.00 , 4856.96 , 3408.67 
 0.00 ,  1.40 ,  0.93 
 0.00 ,  0.00 ,  0.00 
 0.00 ,  0.00 ,  0.00 
 0.00 ,  0.00 ,  0.00 
 0.00 ,  0.00 ,  0.00 
 0.00 ,  0.00 ,  0.00 
 0.00 ,  0.00 ,  0.00 
 0.00 ,  0.00 ,  0.00 
 0.00 ,  0.00 ,  0.00 
 0.00 ,  0.00 ,  0.00 
 0.00 ,  0.00 ,  0.00 
2499.26 ,  0.00 , 2324.31 
 0.00 ,  0.00 ,  0.00 
 0.00 ,  0.00 ,  0.00 
 0.00 ,  0.00 ,  0.00 
 0.00 ,  0.00 ,  0.00 
 0.00 ,  0.00 ,  0.00 
 0.00 ,  0.00 ,  0.00 
 0.00 ,  0.00 ,  0.00 
 0.00 ,  0.00 ,  0.00 
 0.00 ,  0.00 ,  0.00 
 0.00 ,  0.00 ,  0.00 
 0.00 ,  0.00 ,  0.00 
 0.00 ,  0.00 ,  0.00 
 0.00 ,  0.00 ,  0.00 
 0.00 ,  0.00 ,  0.00 
 0.00 ,  0.00 ,  0.00 
 0.00 ,  0.00 ,  0.00 
2584.02 ,  0.00 , 2403.14 
 0.00 ,  0.00 ,  0.00 
 0.00 ,  0.00 ,  0.00 
 0.00 ,  0.00 ,  0.00 
 0.00 ,  0.00 ,  0.00 
 0.00 ,  0.00 ,  0.00 
 0.00 ,  0.00 ,  0.00 
 0.00 ,  0.00 ,  0.00 
 0.00 ,  0.00 ,  0.00 
 0.00 ,  0.00 ,  0.00 
 0.00 ,  0.00 ,  0.00 
 0.00 ,  0.00 ,  0.00 
 0.00 ,  0.00 ,  0.00 
 0.00 ,  0.00 ,  0.00 
 0.00 ,  0.00 ,  0.00 
 0.00 ,  0.00 ,  0.00 
 0.00 ,  0.00 ,  0.00 
 0.00 ,  0.00 ,  0.00 
 0.00 ,  0.00 ,  0.00 
2666.16 ,  0.00 , 2479.52 
 0.00 ,  0.00 ,  0.00 
 0.00 ,  0.00 ,  0.00 
 0.00 ,  0.00 ,  0.00 
 0.00 ,  0.00 ,  0.00 
 0.00 ,  0.00 ,  0.00 
 0.00 ,  0.00 ,  0.00 
 0.00 ,  0.00 ,  0.00 
 0.00 ,  0.00 ,  0.00 
 0.00 ,  0.00 ,  0.00 
 0.00 ,  0.00 ,  0.00 
 0.00 ,  0.00 ,  0.00 
 0.00 ,  0.00 ,  0.00 
 0.00 ,  0.00 ,  0.00 
2601.05 ,  0.00 , 2418.98 
 0.00 ,  0.00 ,  0.00 
 0.00 ,  0.00 ,  0.00 
 0.00 ,  0.00 ,  0.00 
 0.00 ,  0.00 ,  0.00 
 0.00 ,  0.00 ,  0.00 
 0.00 ,  0.00 ,  0.00 
 0.00 ,  0.00 ,  0.00 
 0.00 ,  0.00 ,  0.00 
 0.00 ,  0.00 ,  0.00 
 0.00 ,  0.00 ,  0.00 
 0.00 ,  0.00 ,  0.00 
 0.00 ,  0.00 ,  0.00 
 0.00 ,  0.00 ,  0.00 
 0.00 ,  0.00 ,  0.00 
 0.00 ,  0.00 ,  0.00 
 0.00 ,  0.00 ,  0.00 
2520.96 ,  0.00 , 2344.49 
 0.00 ,  0.00 ,  0.00 
 0.00 ,  0.00 ,  0.00 
 0.00 ,  0.00 ,  0.00 
 0.00 ,  0.00 ,  0.00 
 0.00 ,  0.00 ,  0.00 
 0.00 ,  0.00 ,  0.00 
 0.00 ,  0.00 ,  0.00 
 0.00 ,  0.00 ,  0.00 
 0.00 ,  0.00 ,  0.00 
 0.00 ,  0.00 ,  0.00 
 0.00 ,  0.00 ,  0.00 
 0.00 ,  0.00 ,  0.00 
 0.00 ,  0.00 ,  0.00 
 0.00 ,  0.00 ,  0.00 
 0.00 ,  0.00 ,  0.00 
 0.00 ,  0.00 ,  0.00 
 0.00 ,  0.00 ,  0.00 
2584.46 ,  0.00 , 2403.55 
 0.00 ,  0.00 ,  0.00 
 0.00 ,  0.00 ,  0.00 
 0.00 ,  0.00 ,  0.00 
 0.00 ,  0.00 ,  0.00 
 0.00 ,  0.00 ,  0.00 
 0.00 ,  0.00 ,  0.00 
 0.00 ,  0.00 ,  0.00 
 0.00 ,  0.00 ,  0.00 
 0.00 ,  0.00 ,  0.00 
 0.00 ,  0.00 ,  0.00 
 0.00 ,  0.00 ,  0.00 
 0.00 ,  0.00 ,  0.00 
 0.00 ,  0.00 ,  0.00 
2554.55 ,  0.00 , 2375.74 
 0.00 ,  0.00 ,  0.00 
 0.00 ,  0.00 ,  0.00 
 0.00 ,  0.00 ,  0.00 
 0.00 ,  0.00 ,  0.00 
 0.00 ,  0.00 ,  0.00 
 0.00 ,  0.00 ,  0.00 
 0.00 ,  0.00 ,  0.00 
 0.00 ,  0.00 ,  0.00 
 0.00 ,  0.00 ,  0.00 
 0.00 ,  0.00 ,  0.00 
 0.00 ,  0.00 ,  0.00 
 0.00 ,  0.00 ,  0.00 
 0.00 ,  0.00 ,  0.00 
 0.00 ,  0.00 ,  0.00 
 0.00 ,  0.00 ,  0.00 
 0.00 ,  0.00 ,  0.00 
 0.00 ,  0.00 ,  0.00 
2614.06 ,  0.00 , 2431.08 
 0.00 ,  0.00 ,  0.00 
 0.00 ,  0.00 ,  0.00 
 0.00 ,  0.00 ,  0.00 
 0.00 ,  0.00 ,  0.00 
 0.00 ,  0.00 ,  0.00 
 0.00 ,  0.00 ,  0.00 
 0.00 ,  0.00 ,  0.00 
 0.00 ,  0.00 ,  0.00 
 0.00 ,  0.00 ,  0.00 
 0.00 ,  0.00 ,  0.00 
 0.00 ,  0.00 ,  0.00 
 0.00 ,  0.00 ,  0.00 
 0.00 ,  0.00 ,  0.00 
 0.00 ,  0.00 ,  0.00 
 0.00 ,  0.00 ,  0.00 
 0.00 ,  0.00 ,  0.00 
2544.82 ,  0.00 , 2366.68 
 0.00 ,  0.00 ,  0.00 
 0.00 ,  0.00 ,  0.00 
 0.00 ,  0.00 ,  0.00 
 0.00 ,  0.00 ,  0.00 
 0.00 ,  0.00 ,  0.00 
 0.00 ,  0.00 ,  0.00 
 0.00 ,  0.00 ,  0.00 
 0.00 ,  0.00 ,  0.00 
 0.00 ,  0.00 ,  0.00 
 0.00 ,  0.00 ,  0.00 
 0.00 ,  0.00 ,  0.00 
 0.00 ,  0.00 ,  0.00 
 0.00 ,  0.00 ,  0.00 
2508.45 ,  0.00 , 2332.86 
 0.00 ,  0.00 ,  0.00 
 0.00 ,  0.00 ,  0.00 
 0.00 ,  0.00 ,  0.00 
 0.00 ,  0.00 ,  0.00 
 0.00 ,  0.00 ,  0.00 
 0.00 ,  0.00 ,  0.00 
 0.00 ,  0.00 ,  0.00 
 0.00 ,  0.00 ,  0.00 
 0.00 ,  0.00 ,  0.00 
 0.00 ,  0.00 ,  0.00 
 0.00 ,  0.00 ,  0.00 
 0.00 ,  0.00 ,  0.00 
 0.00 ,  0.00 ,  0.00 
 0.00 ,  0.00 ,  0.00 
 0.00 ,  0.00 ,  0.00 
 0.00 ,  0.00 ,  0.00 
 0.00 ,  0.00 ,  0.00 
2592.91 ,  0.00 , 2411.40 
 0.00 ,  0.00 ,  0.00 
 0.00 ,  0.00 ,  0.00 
 0.00 ,  0.00 ,  0.00 
 0.00 ,  0.00 ,  0.00 
 0.00 ,  0.00 ,  0.00 
 0.00 ,  0.00 ,  0.00 
 0.00 ,  0.00 ,  0.00 
 0.00 ,  0.00 ,  0.00 
 0.00 ,  0.00 ,  0.00 
 0.00 ,  0.00 ,  0.00 
 0.00 ,  0.00 ,  0.00 
 0.00 ,  0.00 ,  0.00 
 0.00 ,  0.00 ,  0.00 
 0.00 ,  0.00 ,  0.00 
 0.00 ,  0.00 ,  0.00 
 0.00 ,  0.00 ,  0.00 
2596.36 ,  0.00 , 2414.62 
 0.00 ,  0.00 ,  0.00 
 0.00 ,  0.00 ,  0.00 
 0.00 ,  0.00 ,  0.00 
 0.00 ,  0.00 ,  0.00 
 0.00 ,  0.00 ,  0.00 
 0.00 ,  0.00 ,  0.00 
 0.00 ,  0.00 ,  0.00 
 0.00 ,  0.00 ,  0.00 
 0.00 ,  0.00 ,  0.00 
 0.00 ,  0.00 ,  0.00 
 0.00 ,  0.00 ,  0.00 
 0.00 ,  0.00 ,  0.00 
 0.00 ,  0.00 ,  0.00 
 0.00 ,  0.00 ,  0.00 
 0.00 ,  0.00 ,  0.00 
 0.00 ,  0.00 ,  0.00 
2497.68 ,  0.00 , 2322.84 
 0.00 ,  0.00 ,  0.00 
 0.00 ,  0.00 ,  0.00 
 0.00 ,  0.00 ,  0.00 
 0.00 ,  0.00 ,  0.00 
 0.00 ,  0.00 ,  0.00 
 0.00 ,  0.00 ,  0.00 
 0.00 ,  0.00 ,  0.00 
 0.00 ,  0.00 ,  0.00 
 0.00 ,  0.00 ,  0.00 
 0.00 ,  0.00 ,  0.00 
 0.00 ,  0.00 ,  0.00 
 0.00 ,  0.00 ,  0.00 
 0.00 ,  0.00 ,  0.00 
 0.00 ,  0.00 ,  0.00 
2530.99 ,  0.00 , 2353.82 
 0.00 ,  0.00 ,  0.00 
 0.00 ,  0.00 ,  0.00 
 0.00 ,  0.00 ,  0.00 
 0.00 ,  0.00 ,  0.00 
 0.00 ,  0.00 ,  0.00 
 0.00 ,  0.00 ,  0.00 
 0.00 ,  0.00 ,  0.00 
 0.00 ,  0.00 ,  0.00 
 0.00 ,  0.00 ,  0.00 
 0.00 ,  0.00 ,  0.00 
 0.00 ,  0.00 ,  0.00 
 0.00 ,  0.00 ,  0.00 
 0.00 ,  0.00 ,  0.00 
 0.00 ,  0.00 ,  0.00 
 0.00 ,  0.00 ,  0.00 
 0.00 ,  0.00 ,  0.00 
2625.31 ,  0.00 , 2441.53 
 0.00 ,  0.00 ,  0.00 
 0.00 ,  0.00 ,  0.00 
 0.00 ,  0.00 ,  0.00 
 0.00 ,  0.00 ,  0.00 
 0.00 ,  0.00 ,  0.00 
 0.00 ,  0.00 ,  0.00 
 0.00 ,  0.00 ,  0.00 
 0.00 ,  0.00 ,  0.00 
 0.00 ,  0.00 ,  0.00 
 0.00 ,  0.00 ,  0.00 
 0.00 ,  0.00 ,  0.00 
 0.00 ,  0.00 ,  0.00 
 0.00 ,  0.00 ,  0.00 
 0.00 ,  0.00 ,  0.00 
 0.00 ,  0.00 ,  0.00 
 0.00 ,  0.00 ,  0.00 
 0.00 ,  0.00 ,  0.00 
 0.00 ,  0.00 ,  0.00 
2531.20 ,  0.00 , 2354.02 
 0.00 ,  0.00 ,  0.00 
 0.00 ,  0.00 ,  0.00 
 0.00 ,  0.00 ,  0.00 
 0.00 ,  0.00 ,  0.00 
 0.00 ,  0.00 ,  0.00 
 0.00 ,  0.00 ,  0.00 
 0.00 ,  0.00 ,  0.00 
 0.00 ,  0.00 ,  0.00 
 0.00 ,  0.00 ,  0.00 
 0.00 ,  0.00 ,  0.00 
 0.00 ,  0.00 ,  0.00 
 0.00 ,  0.00 ,  0.00 
2499.26 ,  0.00 , 2324.31 
 0.00 ,  0.00 ,  0.00 
 0.00 ,  0.00 ,  0.00 
 0.00 ,  0.00 ,  0.00 
 0.00 ,  0.00 ,  0.00 
 0.00 ,  0.00 ,  0.00 
 0.00 ,  0.00 ,  0.00 
 0.00 ,  0.00 ,  0.00 
 0.00 ,  0.00 ,  0.00 
 0.00 ,  0.00 ,  0.00 
 0.00 ,  0.00 ,  0.00 
 0.00 ,  0.00 ,  0.00 
 0.00 ,  0.00 ,  0.00 
 0.00 ,  0.00 ,  0.00 
 0.00 ,  0.00 ,  0.00 
 0.00 ,  0.00 ,  0.00 
 0.00 ,  0.00 ,  0.00 
2584.02 ,  0.00 , 2403.14 
 0.00 ,  0.00 ,  0.00 
 0.00 ,  0.00 ,  0.00 
 0.00 ,  0.00 ,  0.00 
 0.00 ,  0.00 ,  0.00 
 0.00 ,  0.00 ,  0.00 
 0.00 ,  0.00 ,  0.00 
 0.00 ,  0.00 ,  0.00 
 0.00 ,  0.00 ,  0.00 
 0.00 ,  0.00 ,  0.00 
 0.00 ,  0.00 ,  0.00 
 0.00 ,  0.00 ,  0.00 
 0.00 ,  0.00 ,  0.00 
 0.00 ,  0.00 ,  0.00 
 0.00 ,  0.00 ,  0.00 
 0.00 ,  0.00 ,  0.00 
 0.00 ,  0.00 ,  0.00 
 0.00 ,  0.00 ,  0.00 
 0.00 ,  0.00 ,  0.00 
2642.72 ,  0.00 , 2457.73 
 0.00 ,  0.00 ,  0.00 
 0.00 ,  0.00 ,  0.00 
 0.00 ,  0.00 ,  0.00 
 0.00 ,  0.00 ,  0.00 
 0.00 ,  0.00 ,  0.00 
 0.00 ,  0.00 ,  0.00 
 0.00 ,  0.00 ,  0.00 
 0.00 ,  0.00 ,  0.00 
 0.00 ,  0.00 ,  0.00 
 0.00 ,  0.00 ,  0.00 
 0.00 ,  0.00 ,  0.00 
 0.00 ,  0.00 ,  0.00 
 0.00 ,  0.00 ,  0.00 
 0.00 ,  0.00 ,  0.00 
2647.81 ,  0.00 , 2462.47 
 0.00 ,  0.00 ,  0.00 
 0.00 ,  0.00 ,  0.00 
 0.00 ,  0.00 ,  0.00 
 0.00 ,  0.00 ,  0.00 
 0.00 ,  0.00 ,  0.00 
 0.00 ,  0.00 ,  0.00 
 0.00 ,  0.00 ,  0.00 
 0.00 ,  0.00 ,  0.00 
 0.00 ,  0.00 ,  0.00 
 0.00 ,  0.00 ,  0.00 
 0.00 ,  0.00 ,  0.00 
 0.00 ,  0.00 ,  0.00 
 0.00 ,  0.00 ,  0.00 
 0.00 ,  0.00 ,  0.00 
 0.00 ,  0.00 ,  0.00 
 0.00 ,  0.00 ,  0.00 
 0.00 ,  0.00 ,  0.00 
2514.53 ,  0.00 , 2338.51 
 0.00 ,  0.00 ,  0.00 
 0.00 ,  0.00 ,  0.00 
 0.00 ,  0.00 ,  0.00 
 0.00 ,  0.00 ,  0.00 
 0.00 ,  0.00 ,  0.00 
 0.00 ,  0.00 ,  0.00 
 0.00 ,  0.00 ,  0.00 
 0.00 ,  0.00 ,  0.00 
 0.00 ,  0.00 ,  0.00 
 0.00 ,  0.00 ,  0.00 
 0.00 ,  0.00 ,  0.00 
 0.00 ,  0.00 ,  0.00 
 0.00 ,  0.00 ,  0.00 
 0.00 ,  0.00 ,  0.00 
 0.00 ,  0.00 ,  0.00 
 0.00 ,  0.00 ,  0.00 
 0.00 ,  0.00 ,  0.00 
2629.04 ,  0.00 , 2445.01 
 0.00 ,  0.00 ,  0.00 
 0.00 ,  0.00 ,  0.00 
 0.00 ,  0.00 ,  0.00 
 0.00 ,  0.00 ,  0.00 
 0.00 ,  0.00 ,  0.00 
 0.00 ,  0.00 ,  0.00 
 0.00 ,  0.00 ,  0.00 
 0.00 ,  0.00 ,  0.00 
 0.00 ,  0.00 ,  0.00 
 0.00 ,  0.00 ,  0.00 
 0.00 ,  0.00 ,  0.00 
 0.00 ,  0.00 ,  0.00 
 0.00 ,  0.00 ,  0.00 
 0.00 ,  0.00 ,  0.00 
 0.00 ,  0.00 ,  0.00 
 0.00 ,  0.00 ,  0.00 
 0.00 ,  0.00 ,  0.00 
 0.00 ,  0.00 ,  0.00 
2502.82 ,  0.00 , 2327.62 
 0.00 ,  0.00 ,  0.00 
 0.00 ,  0.00 ,  0.00 
 0.00 ,  0.00 ,  0.00 
 0.00 ,  0.00 ,  0.00 
 0.00 ,  0.00 ,  0.00 
 0.00 ,  0.00 ,  0.00 
 0.00 ,  0.00 ,  0.00 
 0.00 ,  0.00 ,  0.00 
 0.00 ,  0.00 ,  0.00 
 0.00 ,  0.00 ,  0.00 
 0.00 ,  0.00 ,  0.00 
 0.00 ,  0.00 ,  0.00 
 0.00 ,  0.00 ,  0.00 
2508.29 ,  0.00 , 2332.71 
 0.00 ,  0.00 ,  0.00 
 0.00 ,  0.00 ,  0.00 
 0.00 ,  0.00 ,  0.00 
 0.00 ,  0.00 ,  0.00 
 0.00 ,  0.00 ,  0.00 
 0.00 ,  0.00 ,  0.00 
 0.00 ,  0.00 ,  0.00 
 0.00 ,  0.00 ,  0.00 
 0.00 ,  0.00 ,  0.00 
 0.00 ,  0.00 ,  0.00 
 0.00 ,  0.00 ,  0.00 
 0.00 ,  0.00 ,  0.00 
 0.00 ,  0.00 ,  0.00 
 0.00 ,  0.00 ,  0.00 
 0.00 ,  0.00 ,  0.00 
 0.00 ,  0.00 ,  0.00 
 0.00 ,  0.00 ,  0.00 
2641.43 ,  0.00 , 2456.53 
 0.00 ,  0.00 ,  0.00 
 0.00 ,  0.00 ,  0.00 
 0.00 ,  0.00 ,  0.00 
 0.00 ,  0.00 ,  0.00 
 0.00 ,  0.00 ,  0.00 
 0.00 ,  0.00 ,  0.00 
 0.00 ,  0.00 ,  0.00 
 0.00 ,  0.00 ,  0.00 
 0.00 ,  0.00 ,  0.00 
 0.00 ,  0.00 ,  0.00 
 0.00 ,  0.00 ,  0.00 
 0.00 ,  0.00 ,  0.00 
 0.00 ,  0.00 ,  0.00 
 0.00 ,  0.00 ,  0.00 
 0.00 ,  0.00 ,  0.00 
 0.00 ,  0.00 ,  0.00 
 0.00 ,  0.00 ,  0.00 
 0.00 ,  0.00 ,  0.00 
2619.84 ,  0.00 , 2436.45 
 0.00 ,  0.00 ,  0.00 
 0.00 ,  0.00 ,  0.00 
 0.00 ,  0.00 ,  0.00 
 0.00 ,  0.00 ,  0.00 
 0.00 ,  0.00 ,  0.00 
 0.00 ,  0.00 ,  0.00 
 0.00 ,  0.00 ,  0.00 
 0.00 ,  0.00 ,  0.00 
 0.00 ,  0.00 ,  0.00 
 0.00 ,  0.00 ,  0.00 
 0.00 ,  0.00 ,  0.00 
 0.00 ,  0.00 ,  0.00 
 0.00 ,  0.00 ,  0.00 
 0.00 ,  0.00 ,  0.00 
2604.54 ,  0.00 , 2422.22 
 0.00 ,  0.00 ,  0.00 
 0.00 ,  0.00 ,  0.00 
 0.00 ,  0.00 ,  0.00 
 0.00 ,  0.00 ,  0.00 
 0.00 ,  0.00 ,  0.00 
 0.00 ,  0.00 ,  0.00 
 0.00 ,  0.00 ,  0.00 
 0.00 ,  0.00 ,  0.00 
 0.00 ,  0.00 ,  0.00 
 0.00 ,  0.00 ,  0.00 
 0.00 ,  0.00 ,  0.00 
 0.00 ,  0.00 ,  0.00 
 0.00 ,  0.00 ,  0.00 
 0.00 ,  0.00 ,  0.00 
 0.00 ,  0.00 ,  0.00 
 0.00 ,  0.00 ,  0.00 
 0.00 ,  0.00 ,  0.00 
 0.00 ,  0.00 ,  0.00 
2652.80 ,  0.00 , 2467.11 
 0.00 ,  0.00 ,  0.00 
 0.00 ,  0.00 ,  0.00 
 0.00 ,  0.00 ,  0.00 
 0.00 ,  0.00 ,  0.00 
 0.00 ,  0.00 ,  0.00 
 0.00 ,  0.00 ,  0.00 
 0.00 ,  0.00 ,  0.00 
 0.00 ,  0.00 ,  0.00 
 0.00 ,  0.00 ,  0.00 
 0.00 ,  0.00 ,  0.00 
 0.00 ,  0.00 ,  0.00 
 0.00 ,  0.00 ,  0.00 
 0.00 ,  0.00 ,  0.00 
 0.00 ,  0.00 ,  0.00 
 0.00 ,  0.00 ,  0.00 
 0.00 ,  0.00 ,  0.00 
2521.96 ,  0.00 , 2345.42 
 0.00 ,  0.00 ,  0.00 
 0.00 ,  0.00 ,  0.00 
 0.00 ,  0.00 ,  0.00 
 0.00 ,  0.00 ,  0.00 
 0.00 ,  0.00 ,  0.00 
 0.00 ,  0.00 ,  0.00 
 0.00 ,  0.00 ,  0.00 
 0.00 ,  0.00 ,  0.00 
 0.00 ,  0.00 ,  0.00 
 0.00 ,  0.00 ,  0.00 
 0.00 ,  0.00 ,  0.00 
 0.00 ,  0.00 ,  0.00 
 0.00 ,  0.00 ,  0.00 
 0.00 ,  0.00 ,  0.00 
 0.00 ,  0.00 ,  0.00 
 0.00 ,  0.00 ,  0.00 
 0.00 ,  0.00 ,  0.00 
 0.00 ,  0.00 ,  0.00 
 0.00 ,  0.00 ,  0.00 
2718.93 ,  0.00 , 2528.60 
 0.00 ,  0.00 ,  0.00 
 0.00 ,  0.00 ,  0.00 
 0.00 ,  0.00 ,  0.00 
 0.00 ,  0.00 ,  0.00 
 0.00 ,  0.00 ,  0.00 
 0.00 ,  0.00 ,  0.00 
 0.00 ,  0.00 ,  0.00 
 0.00 ,  0.00 ,  0.00 
 0.00 ,  0.00 ,  0.00 
 0.00 ,  0.00 ,  0.00 
 0.00 ,  0.00 ,  0.00 
 0.00 ,  0.00 ,  0.00 
 0.00 ,  0.00 ,  0.00 
 0.00 ,  0.00 ,  0.00 
2647.81 ,  0.00 , 2462.47 
 0.00 ,  0.00 ,  0.00 
 0.00 ,  0.00 ,  0.00 
 0.00 ,  0.00 ,  0.00 
 0.00 ,  0.00 ,  0.00 
 0.00 ,  0.00 ,  0.00 
 0.00 ,  0.00 ,  0.00 
 0.00 ,  0.00 ,  0.00 
 0.00 ,  0.00 ,  0.00 
 0.00 ,  0.00 ,  0.00 
 0.00 ,  0.00 ,  0.00 
 0.00 ,  0.00 ,  0.00 
 0.00 ,  0.00 ,  0.00 
 0.00 ,  0.00 ,  0.00 
 0.00 ,  0.00 ,  0.00 
 0.00 ,  0.00 ,  0.00 
 0.00 ,  0.00 ,  0.00 
 0.00 ,  0.00 ,  0.00 
2514.53 ,  0.00 , 2338.51 
 0.00 ,  0.00 ,  0.00 
 0.00 ,  0.00 ,  0.00 
 0.00 ,  0.00 ,  0.00 
 0.00 ,  0.00 ,  0.00 
 0.00 ,  0.00 ,  0.00 
 0.00 ,  0.00 ,  0.00 
 0.00 ,  0.00 ,  0.00 
 0.00 ,  0.00 ,  0.00 
 0.00 ,  0.00 ,  0.00 
 0.00 ,  0.00 ,  0.00 
 0.00 ,  0.00 ,  0.00 
 0.00 ,  0.00 ,  0.00 
 0.00 ,  0.00 ,  0.00 
 0.00 ,  0.00 ,  0.00 
 0.00 ,  0.00 ,  0.00 
 0.00 ,  0.00 ,  0.00 
 0.00 ,  0.00 ,  0.00 
2629.04 ,  0.00 , 2445.01 
 0.00 ,  0.00 ,  0.00 
 0.00 ,  0.00 ,  0.00 
 0.00 ,  0.00 ,  0.00 
 0.00 ,  0.00 ,  0.00 
 0.00 ,  0.00 ,  0.00 
 0.00 ,  0.00 ,  0.00 
 0.00 ,  0.00 ,  0.00 
 0.00 ,  0.00 ,  0.00 
 0.00 ,  0.00 ,  0.00 
 0.00 ,  0.00 ,  0.00 
 0.00 ,  0.00 ,  0.00 
 0.00 ,  0.00 ,  0.00 
 0.00 ,  0.00 ,  0.00 
 0.00 ,  0.00 ,  0.00 
 0.00 ,  0.00 ,  0.00 
 0.00 ,  0.00 ,  0.00 
 0.00 ,  0.00 ,  0.00 
 0.00 ,  0.00 ,  0.00 
2502.82 ,  0.00 , 2327.62 
 0.00 ,  0.00 ,  0.00 
 0.00 ,  0.00 ,  0.00 
 0.00 ,  0.00 ,  0.00 
 0.00 ,  0.00 ,  0.00 
 0.00 ,  0.00 ,  0.00 
 0.00 ,  0.00 ,  0.00 
 0.00 ,  0.00 ,  0.00 
 0.00 ,  0.00 ,  0.00 
 0.00 ,  0.00 ,  0.00 
 0.00 ,  0.00 ,  0.00 
 0.00 ,  0.00 ,  0.00 
 0.00 ,  0.00 ,  0.00 
 0.00 ,  0.00 ,  0.00 
2508.29 ,  0.00 , 2332.71 
 0.00 ,  0.00 ,  0.00 
 0.00 ,  0.00 ,  0.00 
 0.00 ,  0.00 ,  0.00 
 0.00 ,  0.00 ,  0.00 
 0.00 ,  0.00 ,  0.00 
 0.00 ,  0.00 ,  0.00 
 0.00 ,  0.00 ,  0.00 
 0.00 ,  0.00 ,  0.00 
 0.00 ,  0.00 ,  0.00 
 0.00 ,  0.00 ,  0.00 
 0.00 ,  0.00 ,  0.00 
 0.00 ,  0.00 ,  0.00 
 0.00 ,  0.00 ,  0.00 
 0.00 ,  0.00 ,  0.00 
 0.00 ,  0.00 ,  0.00 
 0.00 ,  0.00 ,  0.00 
 0.00 ,  0.00 ,  0.00 
2641.43 ,  0.00 , 2456.53 
 0.00 ,  0.00 ,  0.00 
 0.00 ,  0.00 ,  0.00 
 0.00 ,  0.00 ,  0.00 
 0.00 ,  0.00 ,  0.00 
 0.00 ,  0.00 ,  0.00 
 0.00 ,  0.00 ,  0.00 
 0.00 ,  0.00 ,  0.00 
 0.00 ,  0.00 ,  0.00 
 0.00 ,  0.00 ,  0.00 
 0.00 ,  0.00 ,  0.00 
 0.00 ,  0.00 ,  0.00 
 0.00 ,  0.00 ,  0.00 
 0.00 ,  0.00 ,  0.00 
 0.00 ,  0.00 ,  0.00 
 0.00 ,  0.00 ,  0.00 
 0.00 ,  0.00 ,  0.00 
 0.00 ,  0.00 ,  0.00 
 0.00 ,  0.00 ,  0.00 
2619.84 ,  0.00 , 2436.45 
 0.00 ,  0.00 ,  0.00 
 0.00 ,  0.00 ,  0.00 
 0.00 ,  0.00 ,  0.00 
 0.00 ,  0.00 ,  0.00 
 0.00 ,  0.00 ,  0.00 
 0.00 ,  0.00 ,  0.00 
 0.00 ,  0.00 ,  0.00 
 0.00 ,  0.00 ,  0.00 
 0.00 ,  0.00 ,  0.00 
 0.00 ,  0.00 ,  0.00 
 0.00 ,  0.00 ,  0.00 
 0.00 ,  0.00 ,  0.00 
 0.00 ,  0.00 ,  0.00 
 0.00 ,  0.00 ,  0.00 
2604.54 ,  0.00 , 2422.22 
 0.00 ,  0.00 ,  0.00 
 0.00 ,  0.00 ,  0.00 
 0.00 ,  0.00 ,  0.00 
 0.00 ,  0.00 ,  0.00 
 0.00 ,  0.00 ,  0.00 
 0.00 ,  0.00 ,  0.00 
 0.00 ,  0.00 ,  0.00 
 0.00 ,  0.00 ,  0.00 
 0.00 ,  0.00 ,  0.00 
 0.00 ,  0.00 ,  0.00 
 0.00 ,  0.00 ,  0.00 
 0.00 ,  0.00 ,  0.00 
 0.00 ,  0.00 ,  0.00 
 0.00 ,  0.00 ,  0.00 
 0.00 ,  0.00 ,  0.00 
 0.00 ,  0.00 ,  0.00 
 0.00 ,  0.00 ,  0.00 
 0.00 ,  0.00 ,  0.00 
2652.80 ,  0.00 , 2467.11 
 0.00 ,  0.00 ,  0.00 
 0.00 ,  0.00 ,  0.00 
 0.00 ,  0.00 ,  0.00 
 0.00 ,  0.00 ,  0.00 
 0.00 ,  0.00 ,  0.00 
 0.00 ,  0.00 ,  0.00 
 0.00 ,  0.00 ,  0.00 
 0.00 ,  0.00 ,  0.00 
 0.00 ,  0.00 ,  0.00 
 0.00 ,  0.00 ,  0.00 
 0.00 ,  0.00 ,  0.00 
 0.00 ,  0.00 ,  0.00 
 0.00 ,  0.00 ,  0.00 
 0.00 ,  0.00 ,  0.00 
 0.00 ,  0.00 ,  0.00 
 0.00 ,  0.00 ,  0.00 
2521.96 ,  0.00 , 2345.42 
 0.00 ,  0.00 ,  0.00 
 0.00 ,  0.00 ,  0.00 
 0.00 ,  0.00 ,  0.00 
 0.00 ,  0.00 ,  0.00 
 0.00 ,  0.00 ,  0.00 
 0.00 ,  0.00 ,  0.00 
 0.00 ,  0.00 ,  0.00 
 0.00 ,  0.00 ,  0.00 
 0.00 ,  0.00 ,  0.00 
 0.00 ,  0.00 ,  0.00 
 0.00 ,  0.00 ,  0.00 
 0.00 ,  0.00 ,  0.00 
 0.00 ,  0.00 ,  0.00 
 0.00 ,  0.00 ,  0.00 
 0.00 ,  0.00 ,  0.00 
 0.00 ,  0.00 ,  0.00 
 0.00 ,  0.00 ,  0.00 
 0.00 ,  0.00 ,  0.00 
 0.00 ,  0.00 ,  0.00 
2718.93 ,  0.00 , 2528.60 
 0.00 ,  0.00 ,  0.00 
 0.00 ,  0.00 ,  0.00 
 0.00 ,  0.00 ,  0.00 
 0.00 ,  0.00 ,  0.00 
 0.00 ,  0.00 ,  0.00 
 0.00 ,  0.00 ,  0.00 
 0.00 ,  0.00 ,  0.00 
 0.00 ,  0.00 ,  0.00 
 0.00 ,  0.00 ,  0.00 
 0.00 ,  0.00 ,  0.00 
 0.00 ,  0.00 ,  0.00 
 0.00 ,  0.00 ,  0.00 
 0.00 ,  0.00 ,  0.00 
 0.00 ,  0.00 ,  0.00 
2647.81 ,  0.00 , 2462.47 
 0.00 ,  0.00 ,  0.00 
 0.00 ,  0.00 ,  0.00 
 0.00 ,  0.00 ,  0.00 
 0.00 ,  0.00 ,  0.00 
 0.00 ,  0.00 ,  0.00 
 0.00 ,  0.00 ,  0.00 
 0.00 ,  0.00 ,  0.00 
 0.00 ,  0.00 ,  0.00 
 0.00 ,  0.00 ,  0.00 
 0.00 ,  0.00 ,  0.00 
 0.00 ,  0.00 ,  0.00 
 0.00 ,  0.00 ,  0.00 
 0.00 ,  0.00 ,  0.00 
 0.00 ,  0.00 ,  0.00 
 0.00 ,  0.00 ,  0.00 
 0.00 ,  0.00 ,  0.00 
 0.00 ,  0.00 ,  0.00 
2514.53 ,  0.00 , 2338.51 
 0.00 ,  0.00 ,  0.00 
 0.00 ,  0.00 ,  0.00 
 0.00 ,  0.00 ,  0.00 
 0.00 ,  0.00 ,  0.00 
 0.00 ,  0.00 ,  0.00 
 0.00 ,  0.00 ,  0.00 
 0.00 ,  0.00 ,  0.00 
 0.00 ,  0.00 ,  0.00 
 0.00 ,  0.00 ,  0.00 
 0.00 ,  0.00 ,  0.00 
 0.00 ,  0.00 ,  0.00 
 0.00 ,  0.00 ,  0.00 
 0.00 ,  0.00 ,  0.00 
 0.00 ,  0.00 ,  0.00 
 0.00 ,  0.00 ,  0.00 
 0.00 ,  0.00 ,  0.00 
 0.00 ,  0.00 ,  0.00 
2629.04 ,  0.00 , 2445.01 
 0.00 ,  0.00 ,  0.00 
 0.00 ,  0.00 ,  0.00 
 0.00 ,  0.00 ,  0.00 
 0.00 ,  0.00 ,  0.00 
 0.00 ,  0.00 ,  0.00 
 0.00 ,  0.00 ,  0.00 
 0.00 ,  0.00 ,  0.00 
 0.00 ,  0.00 ,  0.00 
 0.00 ,  0.00 ,  0.00 
 0.00 ,  0.00 ,  0.00 
 0.00 ,  0.00 ,  0.00 
 0.00 ,  0.00 ,  0.00 
 0.00 ,  0.00 ,  0.00 
 0.00 ,  0.00 ,  0.00 
 0.00 ,  0.00 ,  0.00 
 0.00 ,  0.00 ,  0.00 
 0.00 ,  0.00 ,  0.00 
 0.00 ,  0.00 ,  0.00 
2502.82 ,  0.00 , 2327.62 
 0.00 ,  0.00 ,  0.00 
 0.00 ,  0.00 ,  0.00 
 0.00 ,  0.00 ,  0.00 
 0.00 ,  0.00 ,  0.00 
 0.00 ,  0.00 ,  0.00 
 0.00 ,  0.00 ,  0.00 
 0.00 ,  0.00 ,  0.00 
 0.00 ,  0.00 ,  0.00 
 0.00 ,  0.00 ,  0.00 
 0.00 ,  0.00 ,  0.00 
 0.00 ,  0.00 ,  0.00 
 0.00 ,  0.00 ,  0.00 
 0.00 ,  0.00 ,  0.00 
2508.29 ,  0.00 , 2332.71 
 0.00 ,  0.00 ,  0.00 
 0.00 ,  0.00 ,  0.00 
 0.00 ,  0.00 ,  0.00 
 0.00 ,  0.00 ,  0.00 
 0.00 ,  0.00 ,  0.00 
 0.00 ,  0.00 ,  0.00 
 0.00 ,  0.00 ,  0.00 
 0.00 ,  0.00 ,  0.00 
 0.00 ,  0.00 ,  0.00 
 0.00 ,  0.00 ,  0.00 
 0.00 ,  0.00 ,  0.00 
 0.00 ,  0.00 ,  0.00 
 0.00 ,  0.00 ,  0.00 
 0.00 ,  0.00 ,  0.00 
 0.00 ,  0.00 ,  0.00 
 0.00 ,  0.00 ,  0.00 
 0.00 ,  0.00 ,  0.00 
2641.43 ,  0.00 , 2456.53 
 0.00 ,  0.00 ,  0.00 
 0.00 ,  0.00 ,  0.00 
 0.00 ,  0.00 ,  0.00 
 0.00 ,  0.00 ,  0.00 
 0.00 ,  0.00 ,  0.00 
 0.00 ,  0.00 ,  0.00 
 0.00 ,  0.00 ,  0.00 
 0.00 ,  0.00 ,  0.00 
 0.00 ,  0.00 ,  0.00 
 0.00 ,  0.00 ,  0.00 
 0.00 ,  0.00 ,  0.00 
 0.00 ,  0.00 ,  0.00 
 0.00 ,  0.00 ,  0.00 
 0.00 ,  0.00 ,  0.00 
 0.00 ,  0.00 ,  0.00 
 0.00 ,  0.00 ,  0.00 
 0.00 ,  0.00 ,  0.00 
 0.00 ,  0.00 ,  0.00 
2619.84 ,  0.00 , 2436.45 
 0.00 ,  0.00 ,  0.00 
 0.00 ,  0.00 ,  0.00 
 0.00 ,  0.00 ,  0.00 
 0.00 ,  0.00 ,  0.00 
 0.00 ,  0.00 ,  0.00 
 0.00 ,  0.00 ,  0.00 
 0.00 ,  0.00 ,  0.00 
 0.00 ,  0.00 ,  0.00 
 0.00 ,  0.00 ,  0.00 
 0.00 ,  0.00 ,  0.00 
 0.00 ,  0.00 ,  0.00 
 0.00 ,  0.00 ,  0.00 
 0.00 ,  0.00 ,  0.00 
 0.00 ,  0.00 ,  0.00 
2604.54 ,  0.00 , 2422.22 
 0.00 ,  0.00 ,  0.00 
 0.00 ,  0.00 ,  0.00 
 0.00 ,  0.00 ,  0.00 
 0.00 ,  0.00 ,  0.00 
 0.00 ,  0.00 ,  0.00 
 0.00 ,  0.00 ,  0.00 
 0.00 ,  0.00 ,  0.00 
 0.00 ,  0.00 ,  0.00 
 0.00 ,  0.00 ,  0.00 
 0.00 ,  0.00 ,  0.00 
 0.00 ,  0.00 ,  0.00 
 0.00 ,  0.00 ,  0.00 
 0.00 ,  0.00 ,  0.00 
 0.00 ,  0.00 ,  0.00 
 0.00 ,  0.00 ,  0.00 
 0.00 ,  0.00 ,  0.00 
 0.00 ,  0.00 ,  0.00 
 0.00 ,  0.00 ,  0.00 
2652.80 ,  0.00 , 2467.11 
 0.00 ,  0.00 ,  0.00 
 0.00 ,  0.00 ,  0.00 
 0.00 ,  0.00 ,  0.00 
 0.00 ,  0.00 ,  0.00 
 0.00 ,  0.00 ,  0.00 
 0.00 ,  0.00 ,  0.00 
 0.00 ,  0.00 ,  0.00 
 0.00 ,  0.00 ,  0.00 
 0.00 ,  0.00 ,  0.00 
 0.00 ,  0.00 ,  0.00 
 0.00 ,  0.00 ,  0.00 
 0.00 ,  0.00 ,  0.00 
 0.00 ,  0.00 ,  0.00 
 0.00 ,  0.00 ,  0.00 
 0.00 ,  0.00 ,  0.00 
 0.00 ,  0.00 ,  0.00 
2521.96 ,  0.00 , 2345.42 
 0.00 ,  0.00 ,  0.00 
 0.00 ,  0.00 ,  0.00 
 0.00 ,  0.00 ,  0.00 
 0.00 ,  0.00 ,  0.00 
 0.00 ,  0.00 ,  0.00 
 0.00 ,  0.00 ,  0.00 
 0.00 ,  0.00 ,  0.00 
 0.00 ,  0.00 ,  0.00 
 0.00 ,  0.00 ,  0.00 
 0.00 ,  0.00 ,  0.00 
 0.00 ,  0.00 ,  0.00 
 0.00 ,  0.00 ,  0.00 
 0.00 ,  0.00 ,  0.00 
 0.00 ,  0.00 ,  0.00 
 0.00 ,  0.00 ,  0.00 
 0.00 ,  0.00 ,  0.00 
 0.00 ,  0.00 ,  0.00 
 0.00 ,  0.00 ,  0.00 
 0.00 ,  0.00 ,  0.00 
2718.93 ,  0.00 , 2528.60 
 0.00 ,  0.00 ,  0.00 
 0.00 ,  0.00 ,  0.00 
 0.00 ,  0.00 ,  0.00 
 0.00 ,  0.00 ,  0.00 
 0.00 ,  0.00 ,  0.00 
 0.00 ,  0.00 ,  0.00 
 0.00 ,  0.00 ,  0.00 
 0.00 ,  0.00 ,  0.00 
 0.00 ,  0.00 ,  0.00 
 0.00 ,  0.00 ,  0.00 
 0.00 ,  0.00 ,  0.00 
 0.00 ,  0.00 ,  0.00 
 0.00 ,  0.00 ,  0.00 
 0.00 ,  0.00 ,  0.00 
2647.81 ,  0.00 , 2462.47 
 0.00 ,  0.00 ,  0.00 
 0.00 ,  0.00 ,  0.00 
 0.00 ,  0.00 ,  0.00 
 0.00 ,  0.00 ,  0.00 
 0.00 ,  0.00 ,  0.00 
 0.00 ,  0.00 ,  0.00 
 0.00 ,  0.00 ,  0.00 
 0.00 ,  0.00 ,  0.00 
 0.00 ,  0.00 ,  0.00 
 0.00 ,  0.00 ,  0.00 
 0.00 ,  0.00 ,  0.00 
 0.00 ,  0.00 ,  0.00 
 0.00 ,  0.00 ,  0.00 
 0.00 ,  0.00 ,  0.00 
 0.00 ,  0.00 ,  0.00 
 0.00 ,  0.00 ,  0.00 
 0.00 ,  0.00 ,  0.00 
2514.53 ,  0.00 , 2338.51 
 0.00 ,  0.00 ,  0.00 
 0.00 ,  0.00 ,  0.00 
 0.00 ,  0.00 ,  0.00 
 0.00 ,  0.00 ,  0.00 
 0.00 ,  0.00 ,  0.00 
 0.00 ,  0.00 ,  0.00 
 0.00 ,  0.00 ,  0.00 
 0.00 ,  0.00 ,  0.00 
 0.00 ,  0.00 ,  0.00 
 0.00 ,  0.00 ,  0.00 
 0.00 ,  0.00 ,  0.00 
 0.00 ,  0.00 ,  0.00 
 0.00 ,  0.00 ,  0.00 
 0.00 ,  0.00 ,  0.00 
 0.00 ,  0.00 ,  0.00 
 0.00 ,  0.00 ,  0.00 
 0.00 ,  0.00 ,  0.00 
2629.04 ,  0.00 , 2445.01 
 0.00 ,  0.00 ,  0.00 
 0.00 ,  0.00 ,  0.00 
 0.00 ,  0.00 ,  0.00 
 0.00 ,  0.00 ,  0.00 
 0.00 ,  0.00 ,  0.00 
 0.00 ,  0.00 ,  0.00 
 0.00 ,  0.00 ,  0.00 
 0.00 ,  0.00 ,  0.00 
 0.00 ,  0.00 ,  0.00 
 0.00 ,  0.00 ,  0.00 
 0.00 ,  0.00 ,  0.00 
 0.00 ,  0.00 ,  0.00 
 0.00 ,  0.00 ,  0.00 
 0.00 ,  0.00 ,  0.00 
 0.00 ,  0.00 ,  0.00 
 0.00 ,  0.00 ,  0.00 
 0.00 ,  0.00 ,  0.00 
 0.00 ,  0.00 ,  0.00 
2502.82 ,  0.00 , 2327.62 
 0.00 ,  0.00 ,  0.00 
 0.00 ,  0.00 ,  0.00 
 0.00 ,  0.00 ,  0.00 
 0.00 ,  0.00 ,  0.00 
 0.00 ,  0.00 ,  0.00 
 0.00 ,  0.00 ,  0.00 
 0.00 ,  0.00 ,  0.00 
 0.00 ,  0.00 ,  0.00 
 0.00 ,  0.00 ,  0.00 
 0.00 ,  0.00 ,  0.00 
 0.00 ,  0.00 ,  0.00 
 0.00 ,  0.00 ,  0.00 
 0.00 ,  0.00 ,  0.00 
2508.29 ,  0.00 , 2332.71 
 0.00 ,  0.00 ,  0.00 
 0.00 ,  0.00 ,  0.00 
 0.00 ,  0.00 ,  0.00 
 0.00 ,  0.00 ,  0.00 
 0.00 ,  0.00 ,  0.00 
 0.00 ,  0.00 ,  0.00 
 0.00 ,  0.00 ,  0.00 
 0.00 ,  0.00 ,  0.00 
 0.00 ,  0.00 ,  0.00 
 0.00 ,  0.00 ,  0.00 
 0.00 ,  0.00 ,  0.00 
 0.00 ,  0.00 ,  0.00 
 0.00 ,  0.00 ,  0.00 
 0.00 ,  0.00 ,  0.00 
 0.00 ,  0.00 ,  0.00 
 0.00 ,  0.00 ,  0.00 
 0.00 ,  0.00 ,  0.00 
2641.43 ,  0.00 , 2456.53 
 0.00 ,  0.00 ,  0.00 
 0.00 ,  0.00 ,  0.00 
 0.00 ,  0.00 ,  0.00 
 0.00 ,  0.00 ,  0.00 
 0.00 ,  0.00 ,  0.00 
 0.00 ,  0.00 ,  0.00 
 0.00 ,  0.00 ,  0.00 
 0.00 ,  0.00 ,  0.00 
 0.00 ,  0.00 ,  0.00 
 0.00 ,  0.00 ,  0.00 
 0.00 ,  0.00 ,  0.00 
 0.00 ,  0.00 ,  0.00 
 0.00 ,  0.00 ,  0.00 
 0.00 ,  0.00 ,  0.00 
 0.00 ,  0.00 ,  0.00 
 0.00 ,  0.00 ,  0.00 
 0.00 ,  0.00 ,  0.00 
 0.00 ,  0.00 ,  0.00 
2619.84 ,  0.00 , 2436.45 
 0.00 ,  0.00 ,  0.00 
 0.00 ,  0.00 ,  0.00 
 0.00 ,  0.00 ,  0.00 
 0.00 ,  0.00 ,  0.00 
 0.00 ,  0.00 ,  0.00 
 0.00 ,  0.00 ,  0.00 
 0.00 ,  0.00 ,  0.00 
 0.00 ,  0.00 ,  0.00 
 0.00 ,  0.00 ,  0.00 
 0.00 ,  0.00 ,  0.00 
 0.00 ,  0.00 ,  0.00 
 0.00 ,  0.00 ,  0.00 
 0.00 ,  0.00 ,  0.00 
 0.00 ,  0.00 ,  0.00 
2604.54 ,  0.00 , 2422.22 
 0.00 ,  0.00 ,  0.00 
 0.00 ,  0.00 ,  0.00 
 0.00 ,  0.00 ,  0.00 
 0.00 ,  0.00 ,  0.00 
 0.00 ,  0.00 ,  0.00 
 0.00 ,  0.00 ,  0.00 
 0.00 ,  0.00 ,  0.00 
 0.00 ,  0.00 ,  0.00 
 0.00 ,  0.00 ,  0.00 
 0.00 ,  0.00 ,  0.00 
 0.00 ,  0.00 ,  0.00 
 0.00 ,  0.00 ,  0.00 
 0.00 ,  0.00 ,  0.00 
 0.00 ,  0.00 ,  0.00 
 0.00 ,  0.00 ,  0.00 
 0.00 ,  0.00 ,  0.00 
 0.00 ,  0.00 ,  0.00 
 0.00 ,  0.00 ,  0.00 
2547.55 ,  0.00 , 2369.22 
 0.00 ,  0.00 ,  0.00 
 0.00 ,  0.00 ,  0.00 
 0.00 ,  0.00 ,  0.00 
 0.00 ,  0.00 ,  0.00 
 0.00 ,  0.00 ,  0.00 
 0.00 ,  0.00 ,  0.00 
 0.00 ,  0.00 ,  0.00 
 0.00 ,  0.00 ,  0.00 
 0.00 ,  0.00 ,  0.00 
 0.00 ,  0.00 ,  0.00 
 0.00 ,  0.00 ,  0.00 
 0.00 ,  0.00 ,  0.00 
 0.00 ,  0.00 ,  0.00 
 0.00 ,  0.00 ,  0.00 
 0.00 ,  0.00 ,  0.00 
 0.00 ,  0.00 ,  0.00 
 0.00 ,  0.00 ,  0.00 
2569.53 ,  0.00 , 2389.66 
 0.00 ,  0.00 ,  0.00 
 0.00 ,  0.00 ,  0.00 
 0.00 ,  0.00 ,  0.00 
 0.00 ,  0.00 ,  0.00 
 0.00 ,  0.00 ,  0.00 
 0.00 ,  0.00 ,  0.00 
 0.00 ,  0.00 ,  0.00 
 0.00 ,  0.00 ,  0.00 
 0.00 ,  0.00 ,  0.00 
 0.00 ,  0.00 ,  0.00 
 0.00 ,  0.00 ,  0.00 
 0.00 ,  0.00 ,  0.00 
 0.00 ,  0.00 ,  0.00 
 0.00 ,  0.00 ,  0.00 
 0.00 ,  0.00 ,  0.00 
 0.00 ,  0.00 ,  0.00 
 0.00 ,  0.00 ,  0.00 
 0.00 ,  0.00 ,  0.00 
 0.00 ,  0.00 ,  0.00 
2662.46 ,  0.00 , 2476.09 
 0.00 ,  0.00 ,  0.00 
 0.00 ,  0.00 ,  0.00 
 0.00 ,  0.00 ,  0.00 
 0.00 ,  0.00 ,  0.00 
 0.00 ,  0.00 ,  0.00 
 0.00 ,  0.00 ,  0.00 
 0.00 ,  0.00 ,  0.00 
 0.00 ,  0.00 ,  0.00 
 0.00 ,  0.00 ,  0.00 
 0.00 ,  0.00 ,  0.00 
 0.00 ,  0.00 ,  0.00 
 0.00 ,  0.00 ,  0.00 
 0.00 ,  0.00 ,  0.00 
 0.00 ,  0.00 ,  0.00 
 0.00 ,  0.00 ,  0.00 
2549.27 ,  0.00 , 2370.82 
 0.00 ,  0.00 ,  0.00 
 0.00 ,  0.00 ,  0.00 
 0.00 ,  0.00 ,  0.00 
 0.00 ,  0.00 ,  0.00 
 0.00 ,  0.00 ,  0.00 
 0.00 ,  0.00 ,  0.00 
 0.00 ,  0.00 ,  0.00 
 0.00 ,  0.00 ,  0.00 
 0.00 ,  0.00 ,  0.00 
 0.00 ,  0.00 ,  0.00 
 0.00 ,  0.00 ,  0.00 
 0.00 ,  0.00 ,  0.00 
 0.00 ,  0.00 ,  0.00 
 0.00 ,  0.00 ,  0.00 
 0.00 ,  0.00 ,  0.00 
 0.00 ,  0.00 ,  0.00 
 0.00 ,  0.00 ,  0.00 
 0.00 ,  0.00 ,  0.00 
2673.11 ,  0.00 , 2486.00 
 0.00 ,  0.00 ,  0.00 
 0.00 ,  0.00 ,  0.00 
 0.00 ,  0.00 ,  0.00 
 0.00 ,  0.00 ,  0.00 
 0.00 ,  0.00 ,  0.00 
 0.00 ,  0.00 ,  0.00 
 0.00 ,  0.00 ,  0.00 
 0.00 ,  0.00 ,  0.00 
 0.00 ,  0.00 ,  0.00 
 0.00 ,  0.00 ,  0.00 
 0.00 ,  0.00 ,  0.00 
 0.00 ,  0.00 ,  0.00 
 0.00 ,  0.00 ,  0.00 
 0.00 ,  0.00 ,  0.00 
 0.00 ,  0.00 ,  0.00 
 0.00 ,  0.00 ,  0.00 
 0.00 ,  0.00 ,  0.00 
2533.61 ,  0.00 , 2356.26 
 0.00 ,  0.00 ,  0.00 
 0.00 ,  0.00 ,  0.00 
 0.00 ,  0.00 ,  0.00 
 0.00 ,  0.00 ,  0.00 
 0.00 ,  0.00 ,  0.00 
 0.00 ,  0.00 ,  0.00 
 0.00 ,  0.00 ,  0.00 
 0.00 ,  0.00 ,  0.00 
 0.00 ,  0.00 ,  0.00 
 0.00 ,  0.00 ,  0.00 
 0.00 ,  0.00 ,  0.00 
 0.00 ,  0.00 ,  0.00 
 0.00 ,  0.00 ,  0.00 
 0.00 ,  0.00 ,  0.00 
 0.00 ,  0.00 ,  0.00 
 0.00 ,  0.00 ,  0.00 
 0.00 ,  0.00 ,  0.00 
 0.00 ,  0.00 ,  0.00 
2516.74 ,  0.00 , 2340.57 
 0.00 ,  0.00 ,  0.00 
 0.00 ,  0.00 ,  0.00 
 0.00 ,  0.00 ,  0.00 
 0.00 ,  0.00 ,  0.00 
 0.00 ,  0.00 ,  0.00 
 0.00 ,  0.00 ,  0.00 
 0.00 ,  0.00 ,  0.00 
 0.00 ,  0.00 ,  0.00 
 0.00 ,  0.00 ,  0.00 
 0.00 ,  0.00 ,  0.00 
 0.00 ,  0.00 ,  0.00 
 0.00 ,  0.00 ,  0.00 
 0.00 ,  0.00 ,  0.00 
 0.00 ,  0.00 ,  0.00 
 0.00 ,  0.00 ,  0.00 
2549.27 ,  0.00 , 2370.82 
 0.00 ,  0.00 ,  0.00 
 0.00 ,  0.00 ,  0.00 
 0.00 ,  0.00 ,  0.00 
 0.00 ,  0.00 ,  0.00 
 0.00 ,  0.00 ,  0.00 
 0.00 ,  0.00 ,  0.00 
 0.00 ,  0.00 ,  0.00 
 0.00 ,  0.00 ,  0.00 
 0.00 ,  0.00 ,  0.00 
 0.00 ,  0.00 ,  0.00 
 0.00 ,  0.00 ,  0.00 
 0.00 ,  0.00 ,  0.00 
 0.00 ,  0.00 ,  0.00 
 0.00 ,  0.00 ,  0.00 
 0.00 ,  0.00 ,  0.00 
 0.00 ,  0.00 ,  0.00 
 0.00 ,  0.00 ,  0.00 
 0.00 ,  0.00 ,  0.00 
2673.11 ,  0.00 , 2486.00 
 0.00 ,  0.00 ,  0.00 
 0.00 ,  0.00 ,  0.00 
 0.00 ,  0.00 ,  0.00 
 0.00 ,  0.00 ,  0.00 
 0.00 ,  0.00 ,  0.00 
 0.00 ,  0.00 ,  0.00 
 0.00 ,  0.00 ,  0.00 
 0.00 ,  0.00 ,  0.00 
 0.00 ,  0.00 ,  0.00 
 0.00 ,  0.00 ,  0.00 
 0.00 ,  0.00 ,  0.00 
 0.00 ,  0.00 ,  0.00 
 0.00 ,  0.00 ,  0.00 
 0.00 ,  0.00 ,  0.00 
 0.00 ,  0.00 ,  0.00 
 0.00 ,  0.00 ,  0.00 
 0.00 ,  0.00 ,  0.00 
2533.61 ,  0.00 , 2356.26 
 0.00 ,  0.00 ,  0.00 
 0.00 ,  0.00 ,  0.00 
 0.00 ,  0.00 ,  0.00 
 0.00 ,  0.00 ,  0.00 
 0.00 ,  0.00 ,  0.00 
 0.00 ,  0.00 ,  0.00 
 0.00 ,  0.00 ,  0.00 
 0.00 ,  0.00 ,  0.00 
 0.00 ,  0.00 ,  0.00 
 0.00 ,  0.00 ,  0.00 
 0.00 ,  0.00 ,  0.00 
 0.00 ,  0.00 ,  0.00 
 0.00 ,  0.00 ,  0.00 
 0.00 ,  0.00 ,  0.00 
 0.00 ,  0.00 ,  0.00 
 0.00 ,  0.00 ,  0.00 
 0.00 ,  0.00 ,  0.00 
 0.00 ,  0.00 ,  0.00 
2516.74 ,  0.00 , 2340.57 
 0.00 ,  0.00 ,  0.00 
 0.00 ,  0.00 ,  0.00 
 0.00 ,  0.00 ,  0.00 
 0.00 ,  0.00 ,  0.00 
 0.00 ,  0.00 ,  0.00 
 0.00 ,  0.00 ,  0.00 
 0.00 ,  0.00 ,  0.00 
 0.00 ,  0.00 ,  0.00 
 0.00 ,  0.00 ,  0.00 
 0.00 ,  0.00 ,  0.00 
 0.00 ,  0.00 ,  0.00 
 0.00 ,  0.00 ,  0.00 
 0.00 ,  0.00 ,  0.00 
 0.00 ,  0.00 ,  0.00 
 0.00 ,  0.00 ,  0.00 
2549.27 ,  0.00 , 2370.82 
 0.00 ,  0.00 ,  0.00 
 0.00 ,  0.00 ,  0.00 
 0.00 ,  0.00 ,  0.00 
 0.00 ,  0.00 ,  0.00 
 0.00 ,  0.00 ,  0.00 
 0.00 ,  0.00 ,  0.00 
 0.00 ,  0.00 ,  0.00 
 0.00 ,  0.00 ,  0.00 
 0.00 ,  0.00 ,  0.00 
 0.00 ,  0.00 ,  0.00 
 0.00 ,  0.00 ,  0.00 
 0.00 ,  0.00 ,  0.00 
 0.00 ,  0.00 ,  0.00 
 0.00 ,  0.00 ,  0.00 
 0.00 ,  0.00 ,  0.00 
 0.00 ,  0.00 ,  0.00 
 0.00 ,  0.00 ,  0.00 
 0.00 ,  0.00 ,  0.00 
2673.11 ,  0.00 , 2486.00 
 0.00 ,  0.00 ,  0.00 
 0.00 ,  0.00 ,  0.00 
 0.00 ,  0.00 ,  0.00 
 0.00 ,  0.00 ,  0.00 
 0.00 ,  0.00 ,  0.00 
 0.00 ,  0.00 ,  0.00 
 0.00 ,  0.00 ,  0.00 
 0.00 ,  0.00 ,  0.00 
 0.00 ,  0.00 ,  0.00 
 0.00 ,  0.00 ,  0.00 
 0.00 ,  0.00 ,  0.00 
 0.00 ,  0.00 ,  0.00 
 0.00 ,  0.00 ,  0.00 
 0.00 ,  0.00 ,  0.00 
 0.00 ,  0.00 ,  0.00 
 0.00 ,  0.00 ,  0.00 
 0.00 ,  0.00 ,  0.00 
2533.61 ,  0.00 , 2356.26 
 0.00 ,  0.00 ,  0.00 
 0.00 ,  0.00 ,  0.00 
 0.00 ,  0.00 ,  0.00 
 0.00 ,  0.00 ,  0.00 
 0.00 ,  0.00 ,  0.00 
 0.00 ,  0.00 ,  0.00 
 0.00 ,  0.00 ,  0.00 
 0.00 ,  0.00 ,  0.00 
 0.00 ,  0.00 ,  0.00 
 0.00 ,  0.00 ,  0.00 
 0.00 ,  0.00 ,  0.00 
 0.00 ,  0.00 ,  0.00 
 0.00 ,  0.00 ,  0.00 
 0.00 ,  0.00 ,  0.00 
 0.00 ,  0.00 ,  0.00 
 0.00 ,  0.00 ,  0.00 
 0.00 ,  0.00 ,  0.00 
 0.00 ,  0.00 ,  0.00 
2516.74 ,  0.00 , 2340.57 
 0.00 ,  0.00 ,  0.00 
 0.00 ,  0.00 ,  0.00 
 0.00 ,  0.00 ,  0.00 
 0.00 ,  0.00 ,  0.00 
 0.00 ,  0.00 ,  0.00 
 0.00 ,  0.00 ,  0.00 
 0.00 ,  0.00 ,  0.00 
 0.00 ,  0.00 ,  0.00 
 0.00 ,  0.00 ,  0.00 
 0.00 ,  0.00 ,  0.00 
 0.00 ,  0.00 ,  0.00 
 0.00 ,  0.00 ,  0.00 
 0.00 ,  0.00 ,  0.00 
 0.00 ,  0.00 ,  0.00 
 0.00 ,  0.00 ,  0.00 
2549.27 ,  0.00 , 2370.82 
 0.00 ,  0.00 ,  0.00 
 0.00 ,  0.00 ,  0.00 
 0.00 ,  0.00 ,  0.00 
 0.00 ,  0.00 ,  0.00 
 0.00 ,  0.00 ,  0.00 
 0.00 ,  0.00 ,  0.00 
 0.00 ,  0.00 ,  0.00 
 0.00 ,  0.00 ,  0.00 
 0.00 ,  0.00 ,  0.00 
 0.00 ,  0.00 ,  0.00 
 0.00 ,  0.00 ,  0.00 
 0.00 ,  0.00 ,  0.00 
 0.00 ,  0.00 ,  0.00 
 0.00 ,  0.00 ,  0.00 
 0.00 ,  0.00 ,  0.00 
 0.00 ,  0.00 ,  0.00 
 0.00 ,  0.00 ,  0.00 
 0.00 ,  0.00 ,  0.00 
2673.11 ,  0.00 , 2486.00 
 0.00 ,  0.00 ,  0.00 
 0.00 ,  0.00 ,  0.00 
 0.00 ,  0.00 ,  0.00 
 0.00 ,  0.00 ,  0.00 
 0.00 ,  0.00 ,  0.00 
 0.00 ,  0.00 ,  0.00 
 0.00 ,  0.00 ,  0.00 
 0.00 ,  0.00 ,  0.00 
 0.00 ,  0.00 ,  0.00 
 0.00 ,  0.00 ,  0.00 
 0.00 ,  0.00 ,  0.00 
 0.00 ,  0.00 ,  0.00 
 0.00 ,  0.00 ,  0.00 
 0.00 ,  0.00 ,  0.00 
 0.00 ,  0.00 ,  0.00 
 0.00 ,  0.00 ,  0.00 
 0.00 ,  0.00 ,  0.00 
2533.61 ,  0.00 , 2356.26 
 0.00 ,  0.00 ,  0.00 
 0.00 ,  0.00 ,  0.00 
 0.00 ,  0.00 ,  0.00 
 0.00 ,  0.00 ,  0.00 
 0.00 ,  0.00 ,  0.00 
 0.00 ,  0.00 ,  0.00 
 0.00 ,  0.00 ,  0.00 
 0.00 ,  0.00 ,  0.00 
 0.00 ,  0.00 ,  0.00 
 0.00 ,  0.00 ,  0.00 
 0.00 ,  0.00 ,  0.00 
 0.00 ,  0.00 ,  0.00 
 0.00 ,  0.00 ,  0.00 
 0.00 ,  0.00 ,  0.00 
 0.00 ,  0.00 ,  0.00 
 0.00 ,  0.00 ,  0.00 
 0.00 ,  0.00 ,  0.00 
 0.00 ,  0.00 ,  0.00 
2516.74 ,  0.00 , 2340.57 
 0.00 ,  0.00 ,  0.00 
 0.00 ,  0.00 ,  0.00 
 0.00 ,  0.00 ,  0.00 
 0.00 ,  0.00 ,  0.00 
 0.00 ,  0.00 ,  0.00 
 0.00 ,  0.00 ,  0.00 
 0.00 ,  0.00 ,  0.00 
 0.00 ,  0.00 ,  0.00 
 0.00 ,  0.00 ,  0.00 
 0.00 ,  0.00 ,  0.00 
 0.00 ,  0.00 ,  0.00 
 0.00 ,  0.00 ,  0.00 
 0.00 ,  0.00 ,  0.00 
 0.00 ,  0.00 ,  0.00 
 0.00 ,  0.00 ,  0.00 
2549.27 ,  0.00 , 2370.82 
 0.00 ,  0.00 ,  0.00 
 0.00 ,  0.00 ,  0.00 
 0.00 ,  0.00 ,  0.00 
 0.00 ,  0.00 ,  0.00 
 0.00 ,  0.00 ,  0.00 
 0.00 ,  0.00 ,  0.00 
 0.00 ,  0.00 ,  0.00 
 0.00 ,  0.00 ,  0.00 
 0.00 ,  0.00 ,  0.00 
 0.00 ,  0.00 ,  0.00 
 0.00 ,  0.00 ,  0.00 
 0.00 ,  0.00 ,  0.00 
 0.00 ,  0.00 ,  0.00 
 0.00 ,  0.00 ,  0.00 
 0.00 ,  0.00 ,  0.00 
 0.00 ,  0.00 ,  0.00 
 0.00 ,  0.00 ,  0.00 
 0.00 ,  0.00 ,  0.00 
2673.11 ,  0.00 , 2486.00 
 0.00 ,  0.00 ,  0.00 
 0.00 ,  0.00 ,  0.00 
 0.00 ,  0.00 ,  0.00 
 0.00 ,  0.00 ,  0.00 
 0.00 ,  0.00 ,  0.00 
 0.00 ,  0.00 ,  0.00 
 0.00 ,  0.00 ,  0.00 
 0.00 ,  0.00 ,  0.00 
 0.00 ,  0.00 ,  0.00 
 0.00 ,  0.00 ,  0.00 
 0.00 ,  0.00 ,  0.00 
 0.00 ,  0.00 ,  0.00 
 0.00 ,  0.00 ,  0.00 
 0.00 ,  0.00 ,  0.00 
 0.00 ,  0.00 ,  0.00 
 0.00 ,  0.00 ,  0.00 
 0.00 ,  0.00 ,  0.00 
2533.61 ,  0.00 , 2356.26 
 0.00 ,  0.00 ,  0.00 
 0.00 ,  0.00 ,  0.00 
 0.00 ,  0.00 ,  0.00 
 0.00 ,  0.00 ,  0.00 
 0.00 ,  0.00 ,  0.00 
 0.00 ,  0.00 ,  0.00 
 0.00 ,  0.00 ,  0.00 
 0.00 ,  0.00 ,  0.00 
 0.00 ,  0.00 ,  0.00 
 0.00 ,  0.00 ,  0.00 
 0.00 ,  0.00 ,  0.00 
 0.00 ,  0.00 ,  0.00 
 0.00 ,  0.00 ,  0.00 
 0.00 ,  0.00 ,  0.00 
 0.00 ,  0.00 ,  0.00 
 0.00 ,  0.00 ,  0.00 
 0.00 ,  0.00 ,  0.00 
 0.00 ,  0.00 ,  0.00 
2516.74 ,  0.00 , 2340.57 
 0.00 ,  0.00 ,  0.00 
 0.00 ,  0.00 ,  0.00 
 0.00 ,  0.00 ,  0.00 
 0.00 ,  0.00 ,  0.00 
 0.00 ,  0.00 ,  0.00 
 0.00 ,  0.00 ,  0.00 
 0.00 ,  0.00 ,  0.00 
 0.00 ,  0.00 ,  0.00 
 0.00 ,  0.00 ,  0.00 
 0.00 ,  0.00 ,  0.00 
 0.00 ,  0.00 ,  0.00 
 0.00 ,  0.00 ,  0.00 
 0.00 ,  0.00 ,  0.00 
 0.00 ,  0.00 ,  0.00 
 0.00 ,  0.00 ,  0.00 
2549.27 ,  0.00 , 2370.82 
 0.00 ,  0.00 ,  0.00 
 0.00 ,  0.00 ,  0.00 
 0.00 ,  0.00 ,  0.00 
 0.00 ,  0.00 ,  0.00 
 0.00 ,  0.00 ,  0.00 
 0.00 ,  0.00 ,  0.00 
 0.00 ,  0.00 ,  0.00 
 0.00 ,  0.00 ,  0.00 
 0.00 ,  0.00 ,  0.00 
 0.00 ,  0.00 ,  0.00 
 0.00 ,  0.00 ,  0.00 
 0.00 ,  0.00 ,  0.00 
 0.00 ,  0.00 ,  0.00 
 0.00 ,  0.00 ,  0.00 
 0.00 ,  0.00 ,  0.00 
 0.00 ,  0.00 ,  0.00 
 0.00 ,  0.00 ,  0.00 
 0.00 ,  0.00 ,  0.00 
2673.11 ,  0.00 , 2486.00 
 0.00 ,  0.00 ,  0.00 
 0.00 ,  0.00 ,  0.00 
 0.00 ,  0.00 ,  0.00 
 0.00 ,  0.00 ,  0.00 
 0.00 ,  0.00 ,  0.00 
 0.00 ,  0.00 ,  0.00 
 0.00 ,  0.00 ,  0.00 
 0.00 ,  0.00 ,  0.00 
 0.00 ,  0.00 ,  0.00 
 0.00 ,  0.00 ,  0.00 
 0.00 ,  0.00 ,  0.00 
 0.00 ,  0.00 ,  0.00 
 0.00 ,  0.00 ,  0.00 
 0.00 ,  0.00 ,  0.00 
 0.00 ,  0.00 ,  0.00 
 0.00 ,  0.00 ,  0.00 
 0.00 ,  0.00 ,  0.00 
2533.61 ,  0.00 , 2356.26 
 0.00 ,  0.00 ,  0.00 
 0.00 ,  0.00 ,  0.00 
 0.00 ,  0.00 ,  0.00 
 0.00 ,  0.00 ,  0.00 
 0.00 ,  0.00 ,  0.00 
 0.00 ,  0.00 ,  0.00 
 0.00 ,  0.00 ,  0.00 
 0.00 ,  0.00 ,  0.00 
 0.00 ,  0.00 ,  0.00 
 0.00 ,  0.00 ,  0.00 
 0.00 ,  0.00 ,  0.00 
 0.00 ,  0.00 ,  0.00 
 0.00 ,  0.00 ,  0.00 
 0.00 ,  0.00 ,  0.00 
 0.00 ,  0.00 ,  0.00 
 0.00 ,  0.00 ,  0.00 
 0.00 ,  0.00 ,  0.00 
 0.00 ,  0.00 ,  0.00 
2516.74 ,  0.00 , 2340.57 
 0.00 ,  0.00 ,  0.00 
 0.00 ,  0.00 ,  0.00 
 0.00 ,  0.00 ,  0.00 
 0.00 ,  0.00 ,  0.00 
 0.00 ,  0.00 ,  0.00 
 0.00 ,  0.00 ,  0.00 
 0.00 ,  0.00 ,  0.00 
 0.00 ,  0.00 ,  0.00 
 0.00 ,  0.00 ,  0.00 
 0.00 ,  0.00 ,  0.00 
 0.00 ,  0.00 ,  0.00 
 0.00 ,  0.00 ,  0.00 
 0.00 ,  0.00 ,  0.00 
 0.00 ,  0.00 ,  0.00 
 0.00 ,  0.00 ,  0.00 
2549.27 ,  0.00 , 2370.82 
 0.00 ,  0.00 ,  0.00 
 0.00 ,  0.00 ,  0.00 
 0.00 ,  0.00 ,  0.00 
 0.00 ,  0.00 ,  0.00 
 0.00 ,  0.00 ,  0.00 
 0.00 ,  0.00 ,  0.00 
 0.00 ,  0.00 ,  0.00 
 0.00 ,  0.00 ,  0.00 
 0.00 ,  0.00 ,  0.00 
 0.00 ,  0.00 ,  0.00 
 0.00 ,  0.00 ,  0.00 
 0.00 ,  0.00 ,  0.00 
 0.00 ,  0.00 ,  0.00 
 0.00 ,  0.00 ,  0.00 
 0.00 ,  0.00 ,  0.00 
 0.00 ,  0.00 ,  0.00 
 0.00 ,  0.00 ,  0.00 
 0.00 ,  0.00 ,  0.00 
2673.11 ,  0.00 , 2486.00 
 0.00 ,  0.00 ,  0.00 
 0.00 ,  0.00 ,  0.00 
 0.00 ,  0.00 ,  0.00 
 0.00 ,  0.00 ,  0.00 
 0.00 ,  0.00 ,  0.00 
 0.00 ,  0.00 ,  0.00 
 0.00 ,  0.00 ,  0.00 
 0.00 ,  0.00 ,  0.00 
 0.00 ,  0.00 ,  0.00 
 0.00 ,  0.00 ,  0.00 
 0.00 ,  0.00 ,  0.00 
 0.00 ,  0.00 ,  0.00 
 0.00 ,  0.00 ,  0.00 
 0.00 ,  0.00 ,  0.00 
 0.00 ,  0.00 ,  0.00 
 0.00 ,  0.00 ,  0.00 
 0.00 ,  0.00 ,  0.00 
2533.61 ,  0.00 , 2356.26 
 0.00 ,  0.00 ,  0.00 
 0.00 ,  0.00 ,  0.00 
 0.00 ,  0.00 ,  0.00 
 0.00 ,  0.00 ,  0.00 
 0.00 ,  0.00 ,  0.00 
 0.00 ,  0.00 ,  0.00 
 0.00 ,  0.00 ,  0.00 
 0.00 ,  0.00 ,  0.00 
 0.00 ,  0.00 ,  0.00 
 0.00 ,  0.00 ,  0.00 
 0.00 ,  0.00 ,  0.00 
 0.00 ,  0.00 ,  0.00 
 0.00 ,  0.00 ,  0.00 
 0.00 ,  0.00 ,  0.00 
 0.00 ,  0.00 ,  0.00 
 0.00 ,  0.00 ,  0.00 
 0.00 ,  0.00 ,  0.00 
 0.00 ,  0.00 ,  0.00 
2516.74 ,  0.00 , 2340.57 
 0.00 ,  0.00 ,  0.00 
 0.00 ,  0.00 ,  0.00 
 0.00 ,  0.00 ,  0.00 
 0.00 ,  0.00 ,  0.00 
 0.00 ,  0.00 ,  0.00 
 0.00 ,  0.00 ,  0.00 
 0.00 ,  0.00 ,  0.00 
 0.00 ,  0.00 ,  0.00 
 0.00 ,  0.00 ,  0.00 
 0.00 ,  0.00 ,  0.00 
 0.00 ,  0.00 ,  0.00 
 0.00 ,  0.00 ,  0.00 
 0.00 ,  0.00 ,  0.00 
 0.00 ,  0.00 ,  0.00 
 0.00 ,  0.00 ,  0.00 
2549.27 ,  0.00 , 2370.82 
 0.00 ,  0.00 ,  0.00 
 0.00 ,  0.00 ,  0.00 
 0.00 ,  0.00 ,  0.00 
 0.00 ,  0.00 ,  0.00 
 0.00 ,  0.00 ,  0.00 
 0.00 ,  0.00 ,  0.00 
 0.00 ,  0.00 ,  0.00 
 0.00 ,  0.00 ,  0.00 
 0.00 ,  0.00 ,  0.00 
 0.00 ,  0.00 ,  0.00 
 0.00 ,  0.00 ,  0.00 
 0.00 ,  0.00 ,  0.00 
 0.00 ,  0.00 ,  0.00 
 0.00 ,  0.00 ,  0.00 
 0.00 ,  0.00 ,  0.00 
 0.00 ,  0.00 ,  0.00 
 0.00 ,  0.00 ,  0.00 
 0.00 ,  0.00 ,  0.00 
2673.11 ,  0.00 , 2486.00 
 0.00 ,  0.00 ,  0.00 
 0.00 ,  0.00 ,  0.00 
 0.00 ,  0.00 ,  0.00 
 0.00 ,  0.00 ,  0.00 
 0.00 ,  0.00 ,  0.00 
 0.00 ,  0.00 ,  0.00 
 0.00 ,  0.00 ,  0.00 
 0.00 ,  0.00 ,  0.00 
 0.00 ,  0.00 ,  0.00 
 0.00 ,  0.00 ,  0.00 
 0.00 ,  0.00 ,  0.00 
 0.00 ,  0.00 ,  0.00 
 0.00 ,  0.00 ,  0.00 
 0.00 ,  0.00 ,  0.00 
 0.00 ,  0.00 ,  0.00 
 0.00 ,  0.00 ,  0.00 
 0.00 ,  0.00 ,  0.00 
2533.61 ,  0.00 , 2356.26 
 0.00 ,  0.00 ,  0.00 
 0.00 ,  0.00 ,  0.00 
 0.00 ,  0.00 ,  0.00 
 0.00 ,  0.00 ,  0.00 
 0.00 ,  0.00 ,  0.00 
 0.00 ,  0.00 ,  0.00 
 0.00 ,  0.00 ,  0.00 
 0.00 ,  0.00 ,  0.00 
 0.00 ,  0.00 ,  0.00 
 0.00 ,  0.00 ,  0.00 
 0.00 ,  0.00 ,  0.00 
 0.00 ,  0.00 ,  0.00 
 0.00 ,  0.00 ,  0.00 
 0.00 ,  0.00 ,  0.00 
 0.00 ,  0.00 ,  0.00 
 0.00 ,  0.00 ,  0.00 
 0.00 ,  0.00 ,  0.00 
 0.00 ,  0.00 ,  0.00 
2516.74 ,  0.00 , 2340.57 
 0.00 ,  0.00 ,  0.00 
 0.00 ,  0.00 ,  0.00 
 0.00 ,  0.00 ,  0.00 
 0.00 ,  0.00 ,  0.00 
 0.00 ,  0.00 ,  0.00 
 0.00 ,  0.00 ,  0.00 
 0.00 ,  0.00 ,  0.00 
 0.00 ,  0.00 ,  0.00 
 0.00 ,  0.00 ,  0.00 
 0.00 ,  0.00 ,  0.00 
 0.00 ,  0.00 ,  0.00 
 0.00 ,  0.00 ,  0.00 
 0.00 ,  0.00 ,  0.00 
 0.00 ,  0.00 ,  0.00 
 0.00 ,  0.00 ,  0.00 
2549.27 ,  0.00 , 2370.82 
 0.00 ,  0.00 ,  0.00 
 0.00 ,  0.00 ,  0.00 
 0.00 ,  0.00 ,  0.00 
 0.00 ,  0.00 ,  0.00 
 0.00 ,  0.00 ,  0.00 
 0.00 ,  0.00 ,  0.00 
 0.00 ,  0.00 ,  0.00 
 0.00 ,  0.00 ,  0.00 
 0.00 ,  0.00 ,  0.00 
 0.00 ,  0.00 ,  0.00 
 0.00 ,  0.00 ,  0.00 
 0.00 ,  0.00 ,  0.00 
 0.00 ,  0.00 ,  0.00 
 0.00 ,  0.00 ,  0.00 
 0.00 ,  0.00 ,  0.00 
 0.00 ,  0.00 ,  0.00 
 0.00 ,  0.00 ,  0.00 
 0.00 ,  0.00 ,  0.00 
2673.11 ,  0.00 , 2486.00 
 0.00 ,  0.00 ,  0.00 
 0.00 ,  0.00 ,  0.00 
 0.00 ,  0.00 ,  0.00 
 0.00 ,  0.00 ,  0.00 
 0.00 ,  0.00 ,  0.00 
 0.00 ,  0.00 ,  0.00 
 0.00 ,  0.00 ,  0.00 
 0.00 ,  0.00 ,  0.00 
 0.00 ,  0.00 ,  0.00 
 0.00 ,  0.00 ,  0.00 
 0.00 ,  0.00 ,  0.00 
 0.00 ,  0.00 ,  0.00 
 0.00 ,  0.00 ,  0.00 
 0.00 ,  0.00 ,  0.00 
 0.00 ,  0.00 ,  0.00 
 0.00 ,  0.00 ,  0.00 
 0.00 ,  0.00 ,  0.00 
2533.61 ,  0.00 , 2356.26 
 0.00 ,  0.00 ,  0.00 
 0.00 ,  0.00 ,  0.00 
 0.00 ,  0.00 ,  0.00 
 0.00 ,  0.00 ,  0.00 
 0.00 ,  0.00 ,  0.00 
 0.00 ,  0.00 ,  0.00 
 0.00 ,  0.00 ,  0.00 
 0.00 ,  0.00 ,  0.00 
 0.00 ,  0.00 ,  0.00 
 0.00 ,  0.00 ,  0.00 
 0.00 ,  0.00 ,  0.00 
 0.00 ,  0.00 ,  0.00 
 0.00 ,  0.00 ,  0.00 
 0.00 ,  0.00 ,  0.00 
 0.00 ,  0.00 ,  0.00 
 0.00 ,  0.00 ,  0.00 
 0.00 ,  0.00 ,  0.00 
 0.00 ,  0.00 ,  0.00 
2516.74 ,  0.00 , 2340.57 
 0.00 ,  0.00 ,  0.00 
 0.00 ,  0.00 ,  0.00 
 0.00 ,  0.00 ,  0.00 
 0.00 ,  0.00 ,  0.00 
 0.00 ,  0.00 ,  0.00 
 0.00 ,  0.00 ,  0.00 
 0.00 ,  0.00 ,  0.00 
 0.00 ,  0.00 ,  0.00 
 0.00 ,  0.00 ,  0.00 
 0.00 ,  0.00 ,  0.00 
 0.00 ,  0.00 ,  0.00 
 0.00 ,  0.00 ,  0.00 
 0.00 ,  0.00 ,  0.00 
 0.00 ,  0.00 ,  0.00 
 0.00 ,  0.00 ,  0.00 
2549.27 ,  0.00 , 2370.82 
 0.00 ,  0.00 ,  0.00 
 0.00 ,  0.00 ,  0.00 
 0.00 ,  0.00 ,  0.00 
 0.00 ,  0.00 ,  0.00 
 0.00 ,  0.00 ,  0.00 
 0.00 ,  0.00 ,  0.00 
 0.00 ,  0.00 ,  0.00 
 0.00 ,  0.00 ,  0.00 
 0.00 ,  0.00 ,  0.00 
 0.00 ,  0.00 ,  0.00 
 0.00 ,  0.00 ,  0.00 
 0.00 ,  0.00 ,  0.00 
 0.00 ,  0.00 ,  0.00 
 0.00 ,  0.00 ,  0.00 
 0.00 ,  0.00 ,  0.00 
 0.00 ,  0.00 ,  0.00 
 0.00 ,  0.00 ,  0.00 
 0.00 ,  0.00 ,  0.00 
2673.11 ,  0.00 , 2486.00 
 0.00 ,  0.00 ,  0.00 
 0.00 ,  0.00 ,  0.00 
 0.00 ,  0.00 ,  0.00 
 0.00 ,  0.00 ,  0.00 
 0.00 ,  0.00 ,  0.00 
 0.00 ,  0.00 ,  0.00 
 0.00 ,  0.00 ,  0.00 
 0.00 ,  0.00 ,  0.00 
 0.00 ,  0.00 ,  0.00 
 0.00 ,  0.00 ,  0.00 
 0.00 ,  0.00 ,  0.00 
 0.00 ,  0.00 ,  0.00 
 0.00 ,  0.00 ,  0.00 
 0.00 ,  0.00 ,  0.00 
 0.00 ,  0.00 ,  0.00 
 0.00 ,  0.00 ,  0.00 
 0.00 ,  0.00 ,  0.00 
2559.47 ,  0.00 , 2380.31 
 0.00 ,  0.00 ,  0.00 
 0.00 ,  0.00 ,  0.00 
 0.00 ,  0.00 ,  0.00 
 0.00 ,  0.00 ,  0.00 
 0.00 ,  0.00 ,  0.00 
 0.00 ,  0.00 ,  0.00 
 0.00 ,  0.00 ,  0.00 
 0.00 ,  0.00 ,  0.00 
 0.00 ,  0.00 ,  0.00 
 0.00 ,  0.00 ,  0.00 
 0.00 ,  0.00 ,  0.00 
 0.00 ,  0.00 ,  0.00 
 0.00 ,  0.00 ,  0.00 
 0.00 ,  0.00 ,  0.00 
 0.00 ,  0.00 ,  0.00 
 0.00 ,  0.00 ,  0.00 
 0.00 ,  0.00 ,  0.00 
 0.00 ,  0.00 ,  0.00 
2551.10 ,  0.00 , 2372.53 
 0.00 ,  0.00 ,  0.00 
 0.00 ,  0.00 ,  0.00 
 0.00 ,  0.00 ,  0.00 
 0.00 ,  0.00 ,  0.00 
 0.00 ,  0.00 ,  0.00 
 0.00 ,  0.00 ,  0.00 
 0.00 ,  0.00 ,  0.00 
 0.00 ,  0.00 ,  0.00 
 0.00 ,  0.00 ,  0.00 
 0.00 ,  0.00 ,  0.00 
 0.00 ,  0.00 ,  0.00 
 0.00 ,  0.00 ,  0.00 
 0.00 ,  0.00 ,  0.00 
 0.00 ,  0.00 ,  0.00 
2527.54 ,  0.00 , 2350.62 
 0.00 ,  0.00 ,  0.00 
 0.00 ,  0.00 ,  0.00 
 0.00 ,  0.00 ,  0.00 
 0.00 ,  0.00 ,  0.00 
 0.00 ,  0.00 ,  0.00 
 0.00 ,  0.00 ,  0.00 
 0.00 ,  0.00 ,  0.00 
 0.00 ,  0.00 ,  0.00 
 0.00 ,  0.00 ,  0.00 
 0.00 ,  0.00 ,  0.00 
 0.00 ,  0.00 ,  0.00 
 0.00 ,  0.00 ,  0.00 
 0.00 ,  0.00 ,  0.00 
 0.00 ,  0.00 ,  0.00 
 0.00 ,  0.00 ,  0.00 
 0.00 ,  0.00 ,  0.00 
 0.00 ,  0.00 ,  0.00 
 0.00 ,  0.00 ,  0.00 
2582.63 ,  0.00 , 2401.85 
 0.00 ,  0.00 ,  0.00 
 0.00 ,  0.00 ,  0.00 
 0.00 ,  0.00 ,  0.00 
 0.00 ,  0.00 ,  0.00 
 0.00 ,  0.00 ,  0.00 
 0.00 ,  0.00 ,  0.00 
 0.00 ,  0.00 ,  0.00 
 0.00 ,  0.00 ,  0.00 
 0.00 ,  0.00 ,  0.00 
 0.00 ,  0.00 ,  0.00 
 0.00 ,  0.00 ,  0.00 
 0.00 ,  0.00 ,  0.00 
 0.00 ,  0.00 ,  0.00 
 0.00 ,  0.00 ,  0.00 
 0.00 ,  0.00 ,  0.00 
 0.00 ,  0.00 ,  0.00 
 0.00 ,  0.00 ,  0.00 
2606.31 ,  0.00 , 2423.86 
 0.00 ,  0.00 ,  0.00 
 0.00 ,  0.00 ,  0.00 
 0.00 ,  0.00 ,  0.00 
 0.00 ,  0.00 ,  0.00 
 0.00 ,  0.00 ,  0.00 
 0.00 ,  0.00 ,  0.00 
 0.00 ,  0.00 ,  0.00 
 0.00 ,  0.00 ,  0.00 
 0.00 ,  0.00 ,  0.00 
 0.00 ,  0.00 ,  0.00 
 0.00 ,  0.00 ,  0.00 
 0.00 ,  0.00 ,  0.00 
 0.00 ,  0.00 ,  0.00 
 0.00 ,  0.00 ,  0.00 
 0.00 ,  0.00 ,  0.00 
 0.00 ,  0.00 ,  0.00 
 0.00 ,  0.00 ,  0.00 
 0.00 ,  0.00 ,  0.00 
2500.12 ,  0.00 , 2325.11 
 0.00 ,  0.00 ,  0.00 
 0.00 ,  0.00 ,  0.00 
 0.00 ,  0.00 ,  0.00 
 0.00 ,  0.00 ,  0.00 
 0.00 ,  0.00 ,  0.00 
 0.00 ,  0.00 ,  0.00 
 0.00 ,  0.00 ,  0.00 
 0.00 ,  0.00 ,  0.00 
 0.00 ,  0.00 ,  0.00 
 0.00 ,  0.00 ,  0.00 
 0.00 ,  0.00 ,  0.00 
 0.00 ,  0.00 ,  0.00 
 0.00 ,  0.00 ,  0.00 
 0.00 ,  0.00 ,  0.00 
2568.94 ,  0.00 , 2389.11 
 0.00 ,  0.00 ,  0.00 
 0.00 ,  0.00 ,  0.00 
 0.00 ,  0.00 ,  0.00 
 0.00 ,  0.00 ,  0.00 
 0.00 ,  0.00 ,  0.00 
 0.00 ,  0.00 ,  0.00 
 0.00 ,  0.00 ,  0.00 
 0.00 ,  0.00 ,  0.00 
 0.00 ,  0.00 ,  0.00 
 0.00 ,  0.00 ,  0.00 
 0.00 ,  0.00 ,  0.00 
 0.00 ,  0.00 ,  0.00 
 0.00 ,  0.00 ,  0.00 
 0.00 ,  0.00 ,  0.00 
 0.00 ,  0.00 ,  0.00 
 0.00 ,  0.00 ,  0.00 
 0.00 ,  0.00 ,  0.00 
 0.00 ,  0.00 ,  0.00 
2578.41 ,  0.00 , 2397.93 
 0.00 ,  0.00 ,  0.00 
 0.00 ,  0.00 ,  0.00 
 0.00 ,  0.00 ,  0.00 
 0.00 ,  0.00 ,  0.00 
 0.00 ,  0.00 ,  0.00 
 0.00 ,  0.00 ,  0.00 
 0.00 ,  0.00 ,  0.00 
 0.00 ,  0.00 ,  0.00 
 0.00 ,  0.00 ,  0.00 
 0.00 ,  0.00 ,  0.00 
 0.00 ,  0.00 ,  0.00 
 0.00 ,  0.00 ,  0.00 
 0.00 ,  0.00 ,  0.00 
 0.00 ,  0.00 ,  0.00 
 0.00 ,  0.00 ,  0.00 
 0.00 ,  0.00 ,  0.00 
 0.00 ,  0.00 ,  0.00 
2603.59 ,  0.00 , 2421.34 
 0.00 ,  0.00 ,  0.00 
 0.00 ,  0.00 ,  0.00 
 0.00 ,  0.00 ,  0.00 
 0.00 ,  0.00 ,  0.00 
 0.00 ,  0.00 ,  0.00 
 0.00 ,  0.00 ,  0.00 
 0.00 ,  0.00 ,  0.00 
 0.00 ,  0.00 ,  0.00 
 0.00 ,  0.00 ,  0.00 
 0.00 ,  0.00 ,  0.00 
 0.00 ,  0.00 ,  0.00 
 0.00 ,  0.00 ,  0.00 
 0.00 ,  0.00 ,  0.00 
 0.00 ,  0.00 ,  0.00 
 0.00 ,  0.00 ,  0.00 
 0.00 ,  0.00 ,  0.00 
 0.00 ,  0.00 ,  0.00 
 0.00 ,  0.00 ,  0.00 
 0.00 ,  0.00 ,  0.00 
2648.06 ,  0.00 , 2462.70 
 0.00 ,  0.00 ,  0.00 
 0.00 ,  0.00 ,  0.00 
 0.00 ,  0.00 ,  0.00 
 0.00 ,  0.00 ,  0.00 
 0.00 ,  0.00 ,  0.00 
 0.00 ,  0.00 ,  0.00 
 0.00 ,  0.00 ,  0.00 
 0.00 ,  0.00 ,  0.00 
 0.00 ,  0.00 ,  0.00 
 0.00 ,  0.00 ,  0.00 
 0.00 ,  0.00 ,  0.00 
 0.00 ,  0.00 ,  0.00 
 0.00 ,  0.00 ,  0.00 
 0.00 ,  0.00 ,  0.00 
2568.94 ,  0.00 , 2389.11 
 0.00 ,  0.00 ,  0.00 
 0.00 ,  0.00 ,  0.00 
 0.00 ,  0.00 ,  0.00 
 0.00 ,  0.00 ,  0.00 
 0.00 ,  0.00 ,  0.00 
 0.00 ,  0.00 ,  0.00 
 0.00 ,  0.00 ,  0.00 
 0.00 ,  0.00 ,  0.00 
 0.00 ,  0.00 ,  0.00 
 0.00 ,  0.00 ,  0.00 
 0.00 ,  0.00 ,  0.00 
 0.00 ,  0.00 ,  0.00 
 0.00 ,  0.00 ,  0.00 
 0.00 ,  0.00 ,  0.00 
 0.00 ,  0.00 ,  0.00 
 0.00 ,  0.00 ,  0.00 
 0.00 ,  0.00 ,  0.00 
 0.00 ,  0.00 ,  0.00 
2578.41 ,  0.00 , 2397.93 
 0.00 ,  0.00 ,  0.00 
 0.00 ,  0.00 ,  0.00 
 0.00 ,  0.00 ,  0.00 
 0.00 ,  0.00 ,  0.00 
 0.00 ,  0.00 ,  0.00 
 0.00 ,  0.00 ,  0.00 
 0.00 ,  0.00 ,  0.00 
 0.00 ,  0.00 ,  0.00 
 0.00 ,  0.00 ,  0.00 
 0.00 ,  0.00 ,  0.00 
 0.00 ,  0.00 ,  0.00 
 0.00 ,  0.00 ,  0.00 
 0.00 ,  0.00 ,  0.00 
 0.00 ,  0.00 ,  0.00 
 0.00 ,  0.00 ,  0.00 
 0.00 ,  0.00 ,  0.00 
 0.00 ,  0.00 ,  0.00 
2603.59 ,  0.00 , 2421.34 
 0.00 ,  0.00 ,  0.00 
 0.00 ,  0.00 ,  0.00 
 0.00 ,  0.00 ,  0.00 
 0.00 ,  0.00 ,  0.00 
 0.00 ,  0.00 ,  0.00 
 0.00 ,  0.00 ,  0.00 
 0.00 ,  0.00 ,  0.00 
 0.00 ,  0.00 ,  0.00 
 0.00 ,  0.00 ,  0.00 
 0.00 ,  0.00 ,  0.00 
 0.00 ,  0.00 ,  0.00 
 0.00 ,  0.00 ,  0.00 
 0.00 ,  0.00 ,  0.00 
 0.00 ,  0.00 ,  0.00 
 0.00 ,  0.00 ,  0.00 
 0.00 ,  0.00 ,  0.00 
 0.00 ,  0.00 ,  0.00 
 0.00 ,  0.00 ,  0.00 
 0.00 ,  0.00 ,  0.00 
2648.06 ,  0.00 , 2462.70 
 0.00 ,  0.00 ,  0.00 
 0.00 ,  0.00 ,  0.00 
 0.00 ,  0.00 ,  0.00 
 0.00 ,  0.00 ,  0.00 
 0.00 ,  0.00 ,  0.00 
 0.00 ,  0.00 ,  0.00 
 0.00 ,  0.00 ,  0.00 
 0.00 ,  0.00 ,  0.00 
 0.00 ,  0.00 ,  0.00 
 0.00 ,  0.00 ,  0.00 
 0.00 ,  0.00 ,  0.00 
 0.00 ,  0.00 ,  0.00 
 0.00 ,  0.00 ,  0.00 
 0.00 ,  0.00 ,  0.00 
2568.94 ,  0.00 , 2389.11 
 0.00 ,  0.00 ,  0.00 
 0.00 ,  0.00 ,  0.00 
 0.00 ,  0.00 ,  0.00 
 0.00 ,  0.00 ,  0.00 
 0.00 ,  0.00 ,  0.00 
 0.00 ,  0.00 ,  0.00 
 0.00 ,  0.00 ,  0.00 
 0.00 ,  0.00 ,  0.00 
 0.00 ,  0.00 ,  0.00 
 0.00 ,  0.00 ,  0.00 
 0.00 ,  0.00 ,  0.00 
 0.00 ,  0.00 ,  0.00 
 0.00 ,  0.00 ,  0.00 
 0.00 ,  0.00 ,  0.00 
 0.00 ,  0.00 ,  0.00 
 0.00 ,  0.00 ,  0.00 
 0.00 ,  0.00 ,  0.00 
 0.00 ,  0.00 ,  0.00 
2578.41 ,  0.00 , 2397.93 
 0.00 ,  0.00 ,  0.00 
 0.00 ,  0.00 ,  0.00 
 0.00 ,  0.00 ,  0.00 
 0.00 ,  0.00 ,  0.00 
 0.00 ,  0.00 ,  0.00 
 0.00 ,  0.00 ,  0.00 
 0.00 ,  0.00 ,  0.00 
 0.00 ,  0.00 ,  0.00 
 0.00 ,  0.00 ,  0.00 
 0.00 ,  0.00 ,  0.00 
 0.00 ,  0.00 ,  0.00 
 0.00 ,  0.00 ,  0.00 
 0.00 ,  0.00 ,  0.00 
 0.00 ,  0.00 ,  0.00 
 0.00 ,  0.00 ,  0.00 
 0.00 ,  0.00 ,  0.00 
 0.00 ,  0.00 ,  0.00 
2603.59 ,  0.00 , 2421.34 
 0.00 ,  0.00 ,  0.00 
 0.00 ,  0.00 ,  0.00 
 0.00 ,  0.00 ,  0.00 
 0.00 ,  0.00 ,  0.00 
 0.00 ,  0.00 ,  0.00 
 0.00 ,  0.00 ,  0.00 
 0.00 ,  0.00 ,  0.00 
 0.00 ,  0.00 ,  0.00 
 0.00 ,  0.00 ,  0.00 
 0.00 ,  0.00 ,  0.00 
 0.00 ,  0.00 ,  0.00 
 0.00 ,  0.00 ,  0.00 
 0.00 ,  0.00 ,  0.00 
 0.00 ,  0.00 ,  0.00 
 0.00 ,  0.00 ,  0.00 
 0.00 ,  0.00 ,  0.00 
 0.00 ,  0.00 ,  0.00 
 0.00 ,  0.00 ,  0.00 
 0.00 ,  0.00 ,  0.00 
2648.06 ,  0.00 , 2462.70 
 0.00 ,  0.00 ,  0.00 
 0.00 ,  0.00 ,  0.00 
 0.00 ,  0.00 ,  0.00 
 0.00 ,  0.00 ,  0.00 
 0.00 ,  0.00 ,  0.00 
 0.00 ,  0.00 ,  0.00 
 0.00 ,  0.00 ,  0.00 
 0.00 ,  0.00 ,  0.00 
 0.00 ,  0.00 ,  0.00 
 0.00 ,  0.00 ,  0.00 
 0.00 ,  0.00 ,  0.00 
 0.00 ,  0.00 ,  0.00 
 0.00 ,  0.00 ,  0.00 
 0.00 ,  0.00 ,  0.00 
2568.94 ,  0.00 , 2389.11 
 0.00 ,  0.00 ,  0.00 
 0.00 ,  0.00 ,  0.00 
 0.00 ,  0.00 ,  0.00 
 0.00 ,  0.00 ,  0.00 
 0.00 ,  0.00 ,  0.00 
 0.00 ,  0.00 ,  0.00 
 0.00 ,  0.00 ,  0.00 
 0.00 ,  0.00 ,  0.00 
 0.00 ,  0.00 ,  0.00 
 0.00 ,  0.00 ,  0.00 
 0.00 ,  0.00 ,  0.00 
 0.00 ,  0.00 ,  0.00 
 0.00 ,  0.00 ,  0.00 
 0.00 ,  0.00 ,  0.00 
 0.00 ,  0.00 ,  0.00 
 0.00 ,  0.00 ,  0.00 
 0.00 ,  0.00 ,  0.00 
 0.00 ,  0.00 ,  0.00 
2578.41 ,  0.00 , 2397.93 
 0.00 ,  0.00 ,  0.00 
 0.00 ,  0.00 ,  0.00 
 0.00 ,  0.00 ,  0.00 
 0.00 ,  0.00 ,  0.00 
 0.00 ,  0.00 ,  0.00 
 0.00 ,  0.00 ,  0.00 
 0.00 ,  0.00 ,  0.00 
 0.00 ,  0.00 ,  0.00 
 0.00 ,  0.00 ,  0.00 
 0.00 ,  0.00 ,  0.00 
 0.00 ,  0.00 ,  0.00 
 0.00 ,  0.00 ,  0.00 
 0.00 ,  0.00 ,  0.00 
 0.00 ,  0.00 ,  0.00 
 0.00 ,  0.00 ,  0.00 
 0.00 ,  0.00 ,  0.00 
 0.00 ,  0.00 ,  0.00 
2603.59 ,  0.00 , 2421.34 
 0.00 ,  0.00 ,  0.00 
 0.00 ,  0.00 ,  0.00 
 0.00 ,  0.00 ,  0.00 
 0.00 ,  0.00 ,  0.00 
 0.00 ,  0.00 ,  0.00 
 0.00 ,  0.00 ,  0.00 
 0.00 ,  0.00 ,  0.00 
 0.00 ,  0.00 ,  0.00 
 0.00 ,  0.00 ,  0.00 
 0.00 ,  0.00 ,  0.00 
 0.00 ,  0.00 ,  0.00 
 0.00 ,  0.00 ,  0.00 
 0.00 ,  0.00 ,  0.00 
 0.00 ,  0.00 ,  0.00 
 0.00 ,  0.00 ,  0.00 
 0.00 ,  0.00 ,  0.00 
 0.00 ,  0.00 ,  0.00 
 0.00 ,  0.00 ,  0.00 
 0.00 ,  0.00 ,  0.00 
2648.06 ,  0.00 , 2462.70 
 0.00 ,  0.00 ,  0.00 
 0.00 ,  0.00 ,  0.00 
 0.00 ,  0.00 ,  0.00 
 0.00 ,  0.00 ,  0.00 
 0.00 ,  0.00 ,  0.00 
 0.00 ,  0.00 ,  0.00 
 0.00 ,  0.00 ,  0.00 
 0.00 ,  0.00 ,  0.00 
 0.00 ,  0.00 ,  0.00 
 0.00 ,  0.00 ,  0.00 
 0.00 ,  0.00 ,  0.00 
 0.00 ,  0.00 ,  0.00 
 0.00 ,  0.00 ,  0.00 
 0.00 ,  0.00 ,  0.00 
2568.94 ,  0.00 , 2389.11 
 0.00 ,  0.00 ,  0.00 
 0.00 ,  0.00 ,  0.00 
 0.00 ,  0.00 ,  0.00 
 0.00 ,  0.00 ,  0.00 
 0.00 ,  0.00 ,  0.00 
 0.00 ,  0.00 ,  0.00 
 0.00 ,  0.00 ,  0.00 
 0.00 ,  0.00 ,  0.00 
 0.00 ,  0.00 ,  0.00 
 0.00 ,  0.00 ,  0.00 
 0.00 ,  0.00 ,  0.00 
 0.00 ,  0.00 ,  0.00 
 0.00 ,  0.00 ,  0.00 
 0.00 ,  0.00 ,  0.00 
 0.00 ,  0.00 ,  0.00 
 0.00 ,  0.00 ,  0.00 
 0.00 ,  0.00 ,  0.00 
 0.00 ,  0.00 ,  0.00 
2578.41 ,  0.00 , 2397.93 
 0.00 ,  0.00 ,  0.00 
 0.00 ,  0.00 ,  0.00 
 0.00 ,  0.00 ,  0.00 
 0.00 ,  0.00 ,  0.00 
 0.00 ,  0.00 ,  0.00 
 0.00 ,  0.00 ,  0.00 
 0.00 ,  0.00 ,  0.00 
 0.00 ,  0.00 ,  0.00 
 0.00 ,  0.00 ,  0.00 
 0.00 ,  0.00 ,  0.00 
 0.00 ,  0.00 ,  0.00 
 0.00 ,  0.00 ,  0.00 
 0.00 ,  0.00 ,  0.00 
 0.00 ,  0.00 ,  0.00 
 0.00 ,  0.00 ,  0.00 
 0.00 ,  0.00 ,  0.00 
 0.00 ,  0.00 ,  0.00 
2603.59 ,  0.00 , 2421.34 
 0.00 ,  0.00 ,  0.00 
 0.00 ,  0.00 ,  0.00 
 0.00 ,  0.00 ,  0.00 
 0.00 ,  0.00 ,  0.00 
 0.00 ,  0.00 ,  0.00 
 0.00 ,  0.00 ,  0.00 
 0.00 ,  0.00 ,  0.00 
 0.00 ,  0.00 ,  0.00 
 0.00 ,  0.00 ,  0.00 
 0.00 ,  0.00 ,  0.00 
 0.00 ,  0.00 ,  0.00 
 0.00 ,  0.00 ,  0.00 
 0.00 ,  0.00 ,  0.00 
 0.00 ,  0.00 ,  0.00 
 0.00 ,  0.00 ,  0.00 
 0.00 ,  0.00 ,  0.00 
 0.00 ,  0.00 ,  0.00 
 0.00 ,  0.00 ,  0.00 
 0.00 ,  0.00 ,  0.00 
2648.06 ,  0.00 , 2462.70 
 0.00 ,  0.00 ,  0.00 
 0.00 ,  0.00 ,  0.00 
 0.00 ,  0.00 ,  0.00 
 0.00 ,  0.00 ,  0.00 
 0.00 ,  0.00 ,  0.00 
 0.00 ,  0.00 ,  0.00 
 0.00 ,  0.00 ,  0.00 
 0.00 ,  0.00 ,  0.00 
 0.00 ,  0.00 ,  0.00 
 0.00 ,  0.00 ,  0.00 
 0.00 ,  0.00 ,  0.00 
 0.00 ,  0.00 ,  0.00 
 0.00 ,  0.00 ,  0.00 
 0.00 ,  0.00 ,  0.00 
2568.94 ,  0.00 , 2389.11 
 0.00 ,  0.00 ,  0.00 
 0.00 ,  0.00 ,  0.00 
 0.00 ,  0.00 ,  0.00 
 0.00 ,  0.00 ,  0.00 
 0.00 ,  0.00 ,  0.00 
 0.00 ,  0.00 ,  0.00 
 0.00 ,  0.00 ,  0.00 
 0.00 ,  0.00 ,  0.00 
 0.00 ,  0.00 ,  0.00 
 0.00 ,  0.00 ,  0.00 
 0.00 ,  0.00 ,  0.00 
 0.00 ,  0.00 ,  0.00 
 0.00 ,  0.00 ,  0.00 
 0.00 ,  0.00 ,  0.00 
 0.00 ,  0.00 ,  0.00 
 0.00 ,  0.00 ,  0.00 
 0.00 ,  0.00 ,  0.00 
 0.00 ,  0.00 ,  0.00 
2578.41 ,  0.00 , 2397.93 
 0.00 ,  0.00 ,  0.00 
 0.00 ,  0.00 ,  0.00 
 0.00 ,  0.00 ,  0.00 
 0.00 ,  0.00 ,  0.00 
 0.00 ,  0.00 ,  0.00 
 0.00 ,  0.00 ,  0.00 
 0.00 ,  0.00 ,  0.00 
 0.00 ,  0.00 ,  0.00 
 0.00 ,  0.00 ,  0.00 
 0.00 ,  0.00 ,  0.00 
 0.00 ,  0.00 ,  0.00 
 0.00 ,  0.00 ,  0.00 
 0.00 ,  0.00 ,  0.00 
 0.00 ,  0.00 ,  0.00 
 0.00 ,  0.00 ,  0.00 
 0.00 ,  0.00 ,  0.00 
 0.00 ,  0.00 ,  0.00 
2603.59 ,  0.00 , 2421.34 
 0.00 ,  0.00 ,  0.00 
 0.00 ,  0.00 ,  0.00 
 0.00 ,  0.00 ,  0.00 
 0.00 ,  0.00 ,  0.00 
 0.00 ,  0.00 ,  0.00 
 0.00 ,  0.00 ,  0.00 
 0.00 ,  0.00 ,  0.00 
 0.00 ,  0.00 ,  0.00 
 0.00 ,  0.00 ,  0.00 
 0.00 ,  0.00 ,  0.00 
 0.00 ,  0.00 ,  0.00 
 0.00 ,  0.00 ,  0.00 
 0.00 ,  0.00 ,  0.00 
 0.00 ,  0.00 ,  0.00 
 0.00 ,  0.00 ,  0.00 
 0.00 ,  0.00 ,  0.00 
 0.00 ,  0.00 ,  0.00 
 0.00 ,  0.00 ,  0.00 
 0.00 ,  0.00 ,  0.00 
2648.06 ,  0.00 , 2462.70 
 0.00 ,  0.00 ,  0.00 
 0.00 ,  0.00 ,  0.00 
 0.00 ,  0.00 ,  0.00 
 0.00 ,  0.00 ,  0.00 
 0.00 ,  0.00 ,  0.00 
 0.00 ,  0.00 ,  0.00 
 0.00 ,  0.00 ,  0.00 
 0.00 ,  0.00 ,  0.00 
 0.00 ,  0.00 ,  0.00 
 0.00 ,  0.00 ,  0.00 
 0.00 ,  0.00 ,  0.00 
 0.00 ,  0.00 ,  0.00 
 0.00 ,  0.00 ,  0.00 
 0.00 ,  0.00 ,  0.00 
2568.94 ,  0.00 , 2389.11 
 0.00 ,  0.00 ,  0.00 
 0.00 ,  0.00 ,  0.00 
 0.00 ,  0.00 ,  0.00 
 0.00 ,  0.00 ,  0.00 
 0.00 ,  0.00 ,  0.00 
 0.00 ,  0.00 ,  0.00 
 0.00 ,  0.00 ,  0.00 
 0.00 ,  0.00 ,  0.00 
 0.00 ,  0.00 ,  0.00 
 0.00 ,  0.00 ,  0.00 
 0.00 ,  0.00 ,  0.00 
 0.00 ,  0.00 ,  0.00 
 0.00 ,  0.00 ,  0.00 
 0.00 ,  0.00 ,  0.00 
 0.00 ,  0.00 ,  0.00 
 0.00 ,  0.00 ,  0.00 
 0.00 ,  0.00 ,  0.00 
 0.00 ,  0.00 ,  0.00 
2578.41 ,  0.00 , 2397.93 
 0.00 ,  0.00 ,  0.00 
 0.00 ,  0.00 ,  0.00 
 0.00 ,  0.00 ,  0.00 
 0.00 ,  0.00 ,  0.00 
 0.00 ,  0.00 ,  0.00 
 0.00 ,  0.00 ,  0.00 
 0.00 ,  0.00 ,  0.00 
 0.00 ,  0.00 ,  0.00 
 0.00 ,  0.00 ,  0.00 
 0.00 ,  0.00 ,  0.00 
 0.00 ,  0.00 ,  0.00 
 0.00 ,  0.00 ,  0.00 
 0.00 ,  0.00 ,  0.00 
 0.00 ,  0.00 ,  0.00 
 0.00 ,  0.00 ,  0.00 
 0.00 ,  0.00 ,  0.00 
 0.00 ,  0.00 ,  0.00 
2603.59 ,  0.00 , 2421.34 
 0.00 ,  0.00 ,  0.00 
 0.00 ,  0.00 ,  0.00 
 0.00 ,  0.00 ,  0.00 
 0.00 ,  0.00 ,  0.00 
 0.00 ,  0.00 ,  0.00 
 0.00 ,  0.00 ,  0.00 
 0.00 ,  0.00 ,  0.00 
 0.00 ,  0.00 ,  0.00 
 0.00 ,  0.00 ,  0.00 
 0.00 ,  0.00 ,  0.00 
 0.00 ,  0.00 ,  0.00 
 0.00 ,  0.00 ,  0.00 
 0.00 ,  0.00 ,  0.00 
 0.00 ,  0.00 ,  0.00 
 0.00 ,  0.00 ,  0.00 
 0.00 ,  0.00 ,  0.00 
 0.00 ,  0.00 ,  0.00 
 0.00 ,  0.00 ,  0.00 
 0.00 ,  0.00 ,  0.00 
2648.06 ,  0.00 , 2462.70 
 0.00 ,  0.00 ,  0.00 
 0.00 ,  0.00 ,  0.00 
 0.00 ,  0.00 ,  0.00 
 0.00 ,  0.00 ,  0.00 
 0.00 ,  0.00 ,  0.00 
 0.00 ,  0.00 ,  0.00 
 0.00 ,  0.00 ,  0.00 
 0.00 ,  0.00 ,  0.00 
 0.00 ,  0.00 ,  0.00 
 0.00 ,  0.00 ,  0.00 
 0.00 ,  0.00 ,  0.00 
 0.00 ,  0.00 ,  0.00 
 0.00 ,  0.00 ,  0.00 
 0.00 ,  0.00 ,  0.00 
2568.94 ,  0.00 , 2389.11 
 0.00 ,  0.00 ,  0.00 
 0.00 ,  0.00 ,  0.00 
 0.00 ,  0.00 ,  0.00 
 0.00 ,  0.00 ,  0.00 
 0.00 ,  0.00 ,  0.00 
 0.00 ,  0.00 ,  0.00 
 0.00 ,  0.00 ,  0.00 
 0.00 ,  0.00 ,  0.00 
 0.00 ,  0.00 ,  0.00 
 0.00 ,  0.00 ,  0.00 
 0.00 ,  0.00 ,  0.00 
 0.00 ,  0.00 ,  0.00 
 0.00 ,  0.00 ,  0.00 
 0.00 ,  0.00 ,  0.00 
 0.00 ,  0.00 ,  0.00 
 0.00 ,  0.00 ,  0.00 
 0.00 ,  0.00 ,  0.00 
 0.00 ,  0.00 ,  0.00 
2578.41 ,  0.00 , 2397.93 
 0.00 ,  0.00 ,  0.00 
 0.00 ,  0.00 ,  0.00 
 0.00 ,  0.00 ,  0.00 
 0.00 ,  0.00 ,  0.00 
 0.00 ,  0.00 ,  0.00 
 0.00 ,  0.00 ,  0.00 
 0.00 ,  0.00 ,  0.00 
 0.00 ,  0.00 ,  0.00 
 0.00 ,  0.00 ,  0.00 
 0.00 ,  0.00 ,  0.00 
 0.00 ,  0.00 ,  0.00 
 0.00 ,  0.00 ,  0.00 
 0.00 ,  0.00 ,  0.00 
 0.00 ,  0.00 ,  0.00 
 0.00 ,  0.00 ,  0.00 
 0.00 ,  0.00 ,  0.00 
 0.00 ,  0.00 ,  0.00 
2603.59 ,  0.00 , 2421.34 
 0.00 ,  0.00 ,  0.00 
 0.00 ,  0.00 ,  0.00 
 0.00 ,  0.00 ,  0.00 
 0.00 ,  0.00 ,  0.00 
 0.00 ,  0.00 ,  0.00 
 0.00 ,  0.00 ,  0.00 
 0.00 ,  0.00 ,  0.00 
 0.00 ,  0.00 ,  0.00 
 0.00 ,  0.00 ,  0.00 
 0.00 ,  0.00 ,  0.00 
 0.00 ,  0.00 ,  0.00 
 0.00 ,  0.00 ,  0.00 
 0.00 ,  0.00 ,  0.00 
 0.00 ,  0.00 ,  0.00 
 0.00 ,  0.00 ,  0.00 
 0.00 ,  0.00 ,  0.00 
 0.00 ,  0.00 ,  0.00 
 0.00 ,  0.00 ,  0.00 
 0.00 ,  0.00 ,  0.00 
2648.06 ,  0.00 , 2462.70 
 0.00 ,  0.00 ,  0.00 
 0.00 ,  0.00 ,  0.00 
 0.00 ,  0.00 ,  0.00 
 0.00 ,  0.00 ,  0.00 
 0.00 ,  0.00 ,  0.00 
 0.00 ,  0.00 ,  0.00 
 0.00 ,  0.00 ,  0.00 
 0.00 ,  0.00 ,  0.00 
 0.00 ,  0.00 ,  0.00 
 0.00 ,  0.00 ,  0.00 
 0.00 ,  0.00 ,  0.00 
 0.00 ,  0.00 ,  0.00 
 0.00 ,  0.00 ,  0.00 
 0.00 ,  0.00 ,  0.00 
2568.94 ,  0.00 , 2389.11 
 0.00 ,  0.00 ,  0.00 
 0.00 ,  0.00 ,  0.00 
 0.00 ,  0.00 ,  0.00 
 0.00 ,  0.00 ,  0.00 
 0.00 ,  0.00 ,  0.00 
 0.00 ,  0.00 ,  0.00 
 0.00 ,  0.00 ,  0.00 
 0.00 ,  0.00 ,  0.00 
 0.00 ,  0.00 ,  0.00 
 0.00 ,  0.00 ,  0.00 
 0.00 ,  0.00 ,  0.00 
 0.00 ,  0.00 ,  0.00 
 0.00 ,  0.00 ,  0.00 
 0.00 ,  0.00 ,  0.00 
 0.00 ,  0.00 ,  0.00 
 0.00 ,  0.00 ,  0.00 
 0.00 ,  0.00 ,  0.00 
 0.00 ,  0.00 ,  0.00 
2578.41 ,  0.00 , 2397.93 
 0.00 ,  0.00 ,  0.00 
 0.00 ,  0.00 ,  0.00 
 0.00 ,  0.00 ,  0.00 
 0.00 ,  0.00 ,  0.00 
 0.00 ,  0.00 ,  0.00 
 0.00 ,  0.00 ,  0.00 
 0.00 ,  0.00 ,  0.00 
 0.00 ,  0.00 ,  0.00 
 0.00 ,  0.00 ,  0.00 
 0.00 ,  0.00 ,  0.00 
 0.00 ,  0.00 ,  0.00 
 0.00 ,  0.00 ,  0.00 
 0.00 ,  0.00 ,  0.00 
 0.00 ,  0.00 ,  0.00 
 0.00 ,  0.00 ,  0.00 
 0.00 ,  0.00 ,  0.00 
 0.00 ,  0.00 ,  0.00 
2603.59 ,  0.00 , 2421.34 
 0.00 ,  0.00 ,  0.00 
 0.00 ,  0.00 ,  0.00 
 0.00 ,  0.00 ,  0.00 
 0.00 ,  0.00 ,  0.00 
 0.00 ,  0.00 ,  0.00 
 0.00 ,  0.00 ,  0.00 
 0.00 ,  0.00 ,  0.00 
 0.00 ,  0.00 ,  0.00 
 0.00 ,  0.00 ,  0.00 
 0.00 ,  0.00 ,  0.00 
 0.00 ,  0.00 ,  0.00 
 0.00 ,  0.00 ,  0.00 
 0.00 ,  0.00 ,  0.00 
 0.00 ,  0.00 ,  0.00 
 0.00 ,  0.00 ,  0.00 
 0.00 ,  0.00 ,  0.00 
 0.00 ,  0.00 ,  0.00 
 0.00 ,  0.00 ,  0.00 
 0.00 ,  0.00 ,  0.00 
2663.69 ,  0.00 , 2477.23 
 0.00 ,  0.00 ,  0.00 
 0.00 ,  0.00 ,  0.00 
 0.00 ,  0.00 ,  0.00 
 0.00 ,  0.00 ,  0.00 
 0.00 ,  0.00 ,  0.00 
 0.00 ,  0.00 ,  0.00 
 0.00 ,  0.00 ,  0.00 
 0.00 ,  0.00 ,  0.00 
 0.00 ,  0.00 ,  0.00 
 0.00 ,  0.00 ,  0.00 
 0.00 ,  0.00 ,  0.00 
 0.00 ,  0.00 ,  0.00 
 0.00 ,  0.00 ,  0.00 
 0.00 ,  0.00 ,  0.00 
2647.81 ,  0.00 , 2462.47 
 0.00 ,  0.00 ,  0.00 
 0.00 ,  0.00 ,  0.00 
 0.00 ,  0.00 ,  0.00 
 0.00 ,  0.00 ,  0.00 
 0.00 ,  0.00 ,  0.00 
 0.00 ,  0.00 ,  0.00 
 0.00 ,  0.00 ,  0.00 
 0.00 ,  0.00 ,  0.00 
 0.00 ,  0.00 ,  0.00 
 0.00 ,  0.00 ,  0.00 
 0.00 ,  0.00 ,  0.00 
 0.00 ,  0.00 ,  0.00 
 0.00 ,  0.00 ,  0.00 
 0.00 ,  0.00 ,  0.00 
 0.00 ,  0.00 ,  0.00 
 0.00 ,  0.00 ,  0.00 
 0.00 ,  0.00 ,  0.00 
2514.53 ,  0.00 , 2338.51 
 0.00 ,  0.00 ,  0.00 
 0.00 ,  0.00 ,  0.00 
 0.00 ,  0.00 ,  0.00 
 0.00 ,  0.00 ,  0.00 
 0.00 ,  0.00 ,  0.00 
 0.00 ,  0.00 ,  0.00 
 0.00 ,  0.00 ,  0.00 
 0.00 ,  0.00 ,  0.00 
 0.00 ,  0.00 ,  0.00 
 0.00 ,  0.00 ,  0.00 
 0.00 ,  0.00 ,  0.00 
 0.00 ,  0.00 ,  0.00 
 0.00 ,  0.00 ,  0.00 
 0.00 ,  0.00 ,  0.00 
 0.00 ,  0.00 ,  0.00 
 0.00 ,  0.00 ,  0.00 
 0.00 ,  0.00 ,  0.00 
2629.04 ,  0.00 , 2445.01 
 0.00 ,  0.00 ,  0.00 
 0.00 ,  0.00 ,  0.00 
 0.00 ,  0.00 ,  0.00 
 0.00 ,  0.00 ,  0.00 
 0.00 ,  0.00 ,  0.00 
 0.00 ,  0.00 ,  0.00 
 0.00 ,  0.00 ,  0.00 
 0.00 ,  0.00 ,  0.00 
 0.00 ,  0.00 ,  0.00 
 0.00 ,  0.00 ,  0.00 
 0.00 ,  0.00 ,  0.00 
 0.00 ,  0.00 ,  0.00 
 0.00 ,  0.00 ,  0.00 
 0.00 ,  0.00 ,  0.00 
 0.00 ,  0.00 ,  0.00 
 0.00 ,  0.00 ,  0.00 
 0.00 ,  0.00 ,  0.00 
 0.00 ,  0.00 ,  0.00 
2502.82 ,  0.00 , 2327.62 
 0.00 ,  0.00 ,  0.00 
 0.00 ,  0.00 ,  0.00 
 0.00 ,  0.00 ,  0.00 
 0.00 ,  0.00 ,  0.00 
 0.00 ,  0.00 ,  0.00 
 0.00 ,  0.00 ,  0.00 
 0.00 ,  0.00 ,  0.00 
 0.00 ,  0.00 ,  0.00 
 0.00 ,  0.00 ,  0.00 
 0.00 ,  0.00 ,  0.00 
 0.00 ,  0.00 ,  0.00 
 0.00 ,  0.00 ,  0.00 
 0.00 ,  0.00 ,  0.00 
2508.29 ,  0.00 , 2332.71 
 0.00 ,  0.00 ,  0.00 
 0.00 ,  0.00 ,  0.00 
 0.00 ,  0.00 ,  0.00 
 0.00 ,  0.00 ,  0.00 
 0.00 ,  0.00 ,  0.00 
 0.00 ,  0.00 ,  0.00 
 0.00 ,  0.00 ,  0.00 
 0.00 ,  0.00 ,  0.00 
 0.00 ,  0.00 ,  0.00 
 0.00 ,  0.00 ,  0.00 
 0.00 ,  0.00 ,  0.00 
 0.00 ,  0.00 ,  0.00 
 0.00 ,  0.00 ,  0.00 
 0.00 ,  0.00 ,  0.00 
 0.00 ,  0.00 ,  0.00 
 0.00 ,  0.00 ,  0.00 
 0.00 ,  0.00 ,  0.00 
2641.43 ,  0.00 , 2456.53 
 0.00 ,  0.00 ,  0.00 
 0.00 ,  0.00 ,  0.00 
 0.00 ,  0.00 ,  0.00 
 0.00 ,  0.00 ,  0.00 
 0.00 ,  0.00 ,  0.00 
 0.00 ,  0.00 ,  0.00 
 0.00 ,  0.00 ,  0.00 
 0.00 ,  0.00 ,  0.00 
 0.00 ,  0.00 ,  0.00 
 0.00 ,  0.00 ,  0.00 
 0.00 ,  0.00 ,  0.00 
 0.00 ,  0.00 ,  0.00 
 0.00 ,  0.00 ,  0.00 
 0.00 ,  0.00 ,  0.00 
 0.00 ,  0.00 ,  0.00 
 0.00 ,  0.00 ,  0.00 
 0.00 ,  0.00 ,  0.00 
 0.00 ,  0.00 ,  0.00 
2619.84 ,  0.00 , 2436.45 
 0.00 ,  0.00 ,  0.00 
 0.00 ,  0.00 ,  0.00 
 0.00 ,  0.00 ,  0.00 
 0.00 ,  0.00 ,  0.00 
 0.00 ,  0.00 ,  0.00 
 0.00 ,  0.00 ,  0.00 
 0.00 ,  0.00 ,  0.00 
 0.00 ,  0.00 ,  0.00 
 0.00 ,  0.00 ,  0.00 
 0.00 ,  0.00 ,  0.00 
 0.00 ,  0.00 ,  0.00 
 0.00 ,  0.00 ,  0.00 
 0.00 ,  0.00 ,  0.00 
 0.00 ,  0.00 ,  0.00 
2604.54 ,  0.00 , 2422.22 
 0.00 ,  0.00 ,  0.00 
 0.00 ,  0.00 ,  0.00 
 0.00 ,  0.00 ,  0.00 
 0.00 ,  0.00 ,  0.00 
 0.00 ,  0.00 ,  0.00 
 0.00 ,  0.00 ,  0.00 
 0.00 ,  0.00 ,  0.00 
 0.00 ,  0.00 ,  0.00 
 0.00 ,  0.00 ,  0.00 
 0.00 ,  0.00 ,  0.00 
 0.00 ,  0.00 ,  0.00 
 0.00 ,  0.00 ,  0.00 
 0.00 ,  0.00 ,  0.00 
 0.00 ,  0.00 ,  0.00 
 0.00 ,  0.00 ,  0.00 
 0.00 ,  0.00 ,  0.00 
 0.00 ,  0.00 ,  0.00 
 0.00 ,  0.00 ,  0.00 
2652.80 ,  0.00 , 2467.11 
 0.00 ,  0.00 ,  0.00 
 0.00 ,  0.00 ,  0.00 
 0.00 ,  0.00 ,  0.00 
 0.00 ,  0.00 ,  0.00 
 0.00 ,  0.00 ,  0.00 
 0.00 ,  0.00 ,  0.00 
 0.00 ,  0.00 ,  0.00 
 0.00 ,  0.00 ,  0.00 
 0.00 ,  0.00 ,  0.00 
 0.00 ,  0.00 ,  0.00 
 0.00 ,  0.00 ,  0.00 
 0.00 ,  0.00 ,  0.00 
 0.00 ,  0.00 ,  0.00 
 0.00 ,  0.00 ,  0.00 
 0.00 ,  0.00 ,  0.00 
 0.00 ,  0.00 ,  0.00 
2521.96 ,  0.00 , 2345.42 
 0.00 ,  0.00 ,  0.00 
 0.00 ,  0.00 ,  0.00 
 0.00 ,  0.00 ,  0.00 
 0.00 ,  0.00 ,  0.00 
 0.00 ,  0.00 ,  0.00 
 0.00 ,  0.00 ,  0.00 
 0.00 ,  0.00 ,  0.00 
 0.00 ,  0.00 ,  0.00 
 0.00 ,  0.00 ,  0.00 
 0.00 ,  0.00 ,  0.00 
 0.00 ,  0.00 ,  0.00 
 0.00 ,  0.00 ,  0.00 
 0.00 ,  0.00 ,  0.00 
 0.00 ,  0.00 ,  0.00 
 0.00 ,  0.00 ,  0.00 
 0.00 ,  0.00 ,  0.00 
 0.00 ,  0.00 ,  0.00 
 0.00 ,  0.00 ,  0.00 
 0.00 ,  0.00 ,  0.00 
2718.93 ,  0.00 , 2528.60 
 0.00 ,  0.00 ,  0.00 
 0.00 ,  0.00 ,  0.00 
 0.00 ,  0.00 ,  0.00 
 0.00 ,  0.00 ,  0.00 
 0.00 ,  0.00 ,  0.00 
 0.00 ,  0.00 ,  0.00 
 0.00 ,  0.00 ,  0.00 
 0.00 ,  0.00 ,  0.00 
 0.00 ,  0.00 ,  0.00 
 0.00 ,  0.00 ,  0.00 
 0.00 ,  0.00 ,  0.00 
 0.00 ,  0.00 ,  0.00 
 0.00 ,  0.00 ,  0.00 
 0.00 ,  0.00 ,  0.00 
2647.81 ,  0.00 , 2462.47 
 0.00 ,  0.00 ,  0.00 
 0.00 ,  0.00 ,  0.00 
 0.00 ,  0.00 ,  0.00 
 0.00 ,  0.00 ,  0.00 
 0.00 ,  0.00 ,  0.00 
 0.00 ,  0.00 ,  0.00 
 0.00 ,  0.00 ,  0.00 
 0.00 ,  0.00 ,  0.00 
 0.00 ,  0.00 ,  0.00 
 0.00 ,  0.00 ,  0.00 
 0.00 ,  0.00 ,  0.00 
 0.00 ,  0.00 ,  0.00 
 0.00 ,  0.00 ,  0.00 
 0.00 ,  0.00 ,  0.00 
 0.00 ,  0.00 ,  0.00 
 0.00 ,  0.00 ,  0.00 
 0.00 ,  0.00 ,  0.00 
2514.53 ,  0.00 , 2338.51 
 0.00 ,  0.00 ,  0.00 
 0.00 ,  0.00 ,  0.00 
 0.00 ,  0.00 ,  0.00 
 0.00 ,  0.00 ,  0.00 
 0.00 ,  0.00 ,  0.00 
 0.00 ,  0.00 ,  0.00 
 0.00 ,  0.00 ,  0.00 
 0.00 ,  0.00 ,  0.00 
 0.00 ,  0.00 ,  0.00 
 0.00 ,  0.00 ,  0.00 
 0.00 ,  0.00 ,  0.00 
 0.00 ,  0.00 ,  0.00 
 0.00 ,  0.00 ,  0.00 
 0.00 ,  0.00 ,  0.00 
 0.00 ,  0.00 ,  0.00 
 0.00 ,  0.00 ,  0.00 
 0.00 ,  0.00 ,  0.00 
2629.04 ,  0.00 , 2445.01 
 0.00 ,  0.00 ,  0.00 
 0.00 ,  0.00 ,  0.00 
 0.00 ,  0.00 ,  0.00 
 0.00 ,  0.00 ,  0.00 
 0.00 ,  0.00 ,  0.00 
 0.00 ,  0.00 ,  0.00 
 0.00 ,  0.00 ,  0.00 
 0.00 ,  0.00 ,  0.00 
 0.00 ,  0.00 ,  0.00 
 0.00 ,  0.00 ,  0.00 
 0.00 ,  0.00 ,  0.00 
 0.00 ,  0.00 ,  0.00 
 0.00 ,  0.00 ,  0.00 
 0.00 ,  0.00 ,  0.00 
 0.00 ,  0.00 ,  0.00 
 0.00 ,  0.00 ,  0.00 
 0.00 ,  0.00 ,  0.00 
 0.00 ,  0.00 ,  0.00 
2502.82 ,  0.00 , 2327.62 
 0.00 ,  0.00 ,  0.00 
 0.00 ,  0.00 ,  0.00 
 0.00 ,  0.00 ,  0.00 
 0.00 ,  0.00 ,  0.00 
 0.00 ,  0.00 ,  0.00 
 0.00 ,  0.00 ,  0.00 
 0.00 ,  0.00 ,  0.00 
 0.00 ,  0.00 ,  0.00 
 0.00 ,  0.00 ,  0.00 
 0.00 ,  0.00 ,  0.00 
 0.00 ,  0.00 ,  0.00 
 0.00 ,  0.00 ,  0.00 
 0.00 ,  0.00 ,  0.00 
2508.29 ,  0.00 , 2332.71 
 0.00 ,  0.00 ,  0.00 
 0.00 ,  0.00 ,  0.00 
 0.00 ,  0.00 ,  0.00 
 0.00 ,  0.00 ,  0.00 
 0.00 ,  0.00 ,  0.00 
 0.00 ,  0.00 ,  0.00 
 0.00 ,  0.00 ,  0.00 
 0.00 ,  0.00 ,  0.00 
 0.00 ,  0.00 ,  0.00 
 0.00 ,  0.00 ,  0.00 
 0.00 ,  0.00 ,  0.00 
 0.00 ,  0.00 ,  0.00 
 0.00 ,  0.00 ,  0.00 
 0.00 ,  0.00 ,  0.00 
 0.00 ,  0.00 ,  0.00 
 0.00 ,  0.00 ,  0.00 
 0.00 ,  0.00 ,  0.00 
2641.43 ,  0.00 , 2456.53 
 0.00 ,  0.00 ,  0.00 
 0.00 ,  0.00 ,  0.00 
 0.00 ,  0.00 ,  0.00 
 0.00 ,  0.00 ,  0.00 
 0.00 ,  0.00 ,  0.00 
 0.00 ,  0.00 ,  0.00 
 0.00 ,  0.00 ,  0.00 
 0.00 ,  0.00 ,  0.00 
 0.00 ,  0.00 ,  0.00 
 0.00 ,  0.00 ,  0.00 
 0.00 ,  0.00 ,  0.00 
 0.00 ,  0.00 ,  0.00 
 0.00 ,  0.00 ,  0.00 
 0.00 ,  0.00 ,  0.00 
 0.00 ,  0.00 ,  0.00 
 0.00 ,  0.00 ,  0.00 
 0.00 ,  0.00 ,  0.00 
 0.00 ,  0.00 ,  0.00 
2619.84 ,  0.00 , 2436.45 
 0.00 ,  0.00 ,  0.00 
 0.00 ,  0.00 ,  0.00 
 0.00 ,  0.00 ,  0.00 
 0.00 ,  0.00 ,  0.00 
 0.00 ,  0.00 ,  0.00 
 0.00 ,  0.00 ,  0.00 
 0.00 ,  0.00 ,  0.00 
 0.00 ,  0.00 ,  0.00 
 0.00 ,  0.00 ,  0.00 
 0.00 ,  0.00 ,  0.00 
 0.00 ,  0.00 ,  0.00 
 0.00 ,  0.00 ,  0.00 
 0.00 ,  0.00 ,  0.00 
 0.00 ,  0.00 ,  0.00 
2604.54 ,  0.00 , 2422.22 
 0.00 ,  0.00 ,  0.00 
 0.00 ,  0.00 ,  0.00 
 0.00 ,  0.00 ,  0.00 
 0.00 ,  0.00 ,  0.00 
 0.00 ,  0.00 ,  0.00 
 0.00 ,  0.00 ,  0.00 
 0.00 ,  0.00 ,  0.00 
 0.00 ,  0.00 ,  0.00 
 0.00 ,  0.00 ,  0.00 
 0.00 ,  0.00 ,  0.00 
 0.00 ,  0.00 ,  0.00 
 0.00 ,  0.00 ,  0.00 
 0.00 ,  0.00 ,  0.00 
 0.00 ,  0.00 ,  0.00 
 0.00 ,  0.00 ,  0.00 
 0.00 ,  0.00 ,  0.00 
 0.00 ,  0.00 ,  0.00 
 0.00 ,  0.00 ,  0.00 
2652.80 ,  0.00 , 2467.11 
 0.00 ,  0.00 ,  0.00 
 0.00 ,  0.00 ,  0.00 
 0.00 ,  0.00 ,  0.00 
 0.00 ,  0.00 ,  0.00 
 0.00 ,  0.00 ,  0.00 
 0.00 ,  0.00 ,  0.00 
 0.00 ,  0.00 ,  0.00 
 0.00 ,  0.00 ,  0.00 
 0.00 ,  0.00 ,  0.00 
 0.00 ,  0.00 ,  0.00 
 0.00 ,  0.00 ,  0.00 
 0.00 ,  0.00 ,  0.00 
 0.00 ,  0.00 ,  0.00 
 0.00 ,  0.00 ,  0.00 
 0.00 ,  0.00 ,  0.00 
 0.00 ,  0.00 ,  0.00 
2521.96 ,  0.00 , 2345.42 
 0.00 ,  0.00 ,  0.00 
 0.00 ,  0.00 ,  0.00 
 0.00 ,  0.00 ,  0.00 
 0.00 ,  0.00 ,  0.00 
 0.00 ,  0.00 ,  0.00 
 0.00 ,  0.00 ,  0.00 
 0.00 ,  0.00 ,  0.00 
 0.00 ,  0.00 ,  0.00 
 0.00 ,  0.00 ,  0.00 
 0.00 ,  0.00 ,  0.00 
 0.00 ,  0.00 ,  0.00 
 0.00 ,  0.00 ,  0.00 
 0.00 ,  0.00 ,  0.00 
 0.00 ,  0.00 ,  0.00 
 0.00 ,  0.00 ,  0.00 
 0.00 ,  0.00 ,  0.00 
 0.00 ,  0.00 ,  0.00 
 0.00 ,  0.00 ,  0.00 
 0.00 ,  0.00 ,  0.00 
2718.93 ,  0.00 , 2528.60 
 0.00 ,  0.00 ,  0.00 
 0.00 ,  0.00 ,  0.00 
 0.00 ,  0.00 ,  0.00 
 0.00 ,  0.00 ,  0.00 
 0.00 ,  0.00 ,  0.00 
 0.00 ,  0.00 ,  0.00 
 0.00 ,  0.00 ,  0.00 
 0.00 ,  0.00 ,  0.00 
 0.00 ,  0.00 ,  0.00 
 0.00 ,  0.00 ,  0.00 
 0.00 ,  0.00 ,  0.00 
 0.00 ,  0.00 ,  0.00 
 0.00 ,  0.00 ,  0.00 
 0.00 ,  0.00 ,  0.00 
2647.81 ,  0.00 , 2462.47 
 0.00 ,  0.00 ,  0.00 
 0.00 ,  0.00 ,  0.00 
 0.00 ,  0.00 ,  0.00 
 0.00 ,  0.00 ,  0.00 
 0.00 ,  0.00 ,  0.00 
 0.00 ,  0.00 ,  0.00 
 0.00 ,  0.00 ,  0.00 
 0.00 ,  0.00 ,  0.00 
 0.00 ,  0.00 ,  0.00 
 0.00 ,  0.00 ,  0.00 
 0.00 ,  0.00 ,  0.00 
 0.00 ,  0.00 ,  0.00 
 0.00 ,  0.00 ,  0.00 
 0.00 ,  0.00 ,  0.00 
 0.00 ,  0.00 ,  0.00 
 0.00 ,  0.00 ,  0.00 
 0.00 ,  0.00 ,  0.00 
2514.53 ,  0.00 , 2338.51 
 0.00 ,  0.00 ,  0.00 
 0.00 ,  0.00 ,  0.00 
 0.00 ,  0.00 ,  0.00 
 0.00 ,  0.00 ,  0.00 
 0.00 ,  0.00 ,  0.00 
 0.00 ,  0.00 ,  0.00 
 0.00 ,  0.00 ,  0.00 
 0.00 ,  0.00 ,  0.00 
 0.00 ,  0.00 ,  0.00 
 0.00 ,  0.00 ,  0.00 
 0.00 ,  0.00 ,  0.00 
 0.00 ,  0.00 ,  0.00 
 0.00 ,  0.00 ,  0.00 
 0.00 ,  0.00 ,  0.00 
 0.00 ,  0.00 ,  0.00 
 0.00 ,  0.00 ,  0.00 
 0.00 ,  0.00 ,  0.00 
2629.04 ,  0.00 , 2445.01 
 0.00 ,  0.00 ,  0.00 
 0.00 ,  0.00 ,  0.00 
 0.00 ,  0.00 ,  0.00 
 0.00 ,  0.00 ,  0.00 
 0.00 ,  0.00 ,  0.00 
 0.00 ,  0.00 ,  0.00 
 0.00 ,  0.00 ,  0.00 
 0.00 ,  0.00 ,  0.00 
 0.00 ,  0.00 ,  0.00 
 0.00 ,  0.00 ,  0.00 
 0.00 ,  0.00 ,  0.00 
 0.00 ,  0.00 ,  0.00 
 0.00 ,  0.00 ,  0.00 
 0.00 ,  0.00 ,  0.00 
 0.00 ,  0.00 ,  0.00 
 0.00 ,  0.00 ,  0.00 
 0.00 ,  0.00 ,  0.00 
 0.00 ,  0.00 ,  0.00 
2502.82 ,  0.00 , 2327.62 
 0.00 ,  0.00 ,  0.00 
 0.00 ,  0.00 ,  0.00 
 0.00 ,  0.00 ,  0.00 
 0.00 ,  0.00 ,  0.00 
 0.00 ,  0.00 ,  0.00 
 0.00 ,  0.00 ,  0.00 
 0.00 ,  0.00 ,  0.00 
 0.00 ,  0.00 ,  0.00 
 0.00 ,  0.00 ,  0.00 
 0.00 ,  0.00 ,  0.00 
 0.00 ,  0.00 ,  0.00 
 0.00 ,  0.00 ,  0.00 
 0.00 ,  0.00 ,  0.00 
2508.29 ,  0.00 , 2332.71 
 0.00 ,  0.00 ,  0.00 
 0.00 ,  0.00 ,  0.00 
 0.00 ,  0.00 ,  0.00 
 0.00 ,  0.00 ,  0.00 
 0.00 ,  0.00 ,  0.00 
 0.00 ,  0.00 ,  0.00 
 0.00 ,  0.00 ,  0.00 
 0.00 ,  0.00 ,  0.00 
 0.00 ,  0.00 ,  0.00 
 0.00 ,  0.00 ,  0.00 
 0.00 ,  0.00 ,  0.00 
 0.00 ,  0.00 ,  0.00 
 0.00 ,  0.00 ,  0.00 
 0.00 ,  0.00 ,  0.00 
 0.00 ,  0.00 ,  0.00 
 0.00 ,  0.00 ,  0.00 
 0.00 ,  0.00 ,  0.00 
2641.43 ,  0.00 , 2456.53 
 0.00 ,  0.00 ,  0.00 
 0.00 ,  0.00 ,  0.00 
 0.00 ,  0.00 ,  0.00 
 0.00 ,  0.00 ,  0.00 
 0.00 ,  0.00 ,  0.00 
 0.00 ,  0.00 ,  0.00 
 0.00 ,  0.00 ,  0.00 
 0.00 ,  0.00 ,  0.00 
 0.00 ,  0.00 ,  0.00 
 0.00 ,  0.00 ,  0.00 
 0.00 ,  0.00 ,  0.00 
 0.00 ,  0.00 ,  0.00 
 0.00 ,  0.00 ,  0.00 
 0.00 ,  0.00 ,  0.00 
 0.00 ,  0.00 ,  0.00 
 0.00 ,  0.00 ,  0.00 
 0.00 ,  0.00 ,  0.00 
 0.00 ,  0.00 ,  0.00 
2619.84 ,  0.00 , 2436.45 
 0.00 ,  0.00 ,  0.00 
 0.00 ,  0.00 ,  0.00 
 0.00 ,  0.00 ,  0.00 
 0.00 ,  0.00 ,  0.00 
 0.00 ,  0.00 ,  0.00 
 0.00 ,  0.00 ,  0.00 
 0.00 ,  0.00 ,  0.00 
 0.00 ,  0.00 ,  0.00 
 0.00 ,  0.00 ,  0.00 
 0.00 ,  0.00 ,  0.00 
 0.00 ,  0.00 ,  0.00 
 0.00 ,  0.00 ,  0.00 
 0.00 ,  0.00 ,  0.00 
 0.00 ,  0.00 ,  0.00 
2604.54 ,  0.00 , 2422.22 
 0.00 ,  0.00 ,  0.00 
 0.00 ,  0.00 ,  0.00 
 0.00 ,  0.00 ,  0.00 
 0.00 ,  0.00 ,  0.00 
 0.00 ,  0.00 ,  0.00 
 0.00 ,  0.00 ,  0.00 
 0.00 ,  0.00 ,  0.00 
 0.00 ,  0.00 ,  0.00 
 0.00 ,  0.00 ,  0.00 
 0.00 ,  0.00 ,  0.00 
 0.00 ,  0.00 ,  0.00 
 0.00 ,  0.00 ,  0.00 
 0.00 ,  0.00 ,  0.00 
 0.00 ,  0.00 ,  0.00 
 0.00 ,  0.00 ,  0.00 
 0.00 ,  0.00 ,  0.00 
 0.00 ,  0.00 ,  0.00 
 0.00 ,  0.00 ,  0.00 
2652.80 ,  0.00 , 2467.11 
 0.00 ,  0.00 ,  0.00 
 0.00 ,  0.00 ,  0.00 
 0.00 ,  0.00 ,  0.00 
 0.00 ,  0.00 ,  0.00 
 0.00 ,  0.00 ,  0.00 
 0.00 ,  0.00 ,  0.00 
 0.00 ,  0.00 ,  0.00 
 0.00 ,  0.00 ,  0.00 
 0.00 ,  0.00 ,  0.00 
 0.00 ,  0.00 ,  0.00 
 0.00 ,  0.00 ,  0.00 
 0.00 ,  0.00 ,  0.00 
 0.00 ,  0.00 ,  0.00 
 0.00 ,  0.00 ,  0.00 
 0.00 ,  0.00 ,  0.00 
 0.00 ,  0.00 ,  0.00 
2521.96 ,  0.00 , 2345.42 
 0.00 ,  0.00 ,  0.00 
 0.00 ,  0.00 ,  0.00 
 0.00 ,  0.00 ,  0.00 
 0.00 ,  0.00 ,  0.00 
 0.00 ,  0.00 ,  0.00 
 0.00 ,  0.00 ,  0.00 
 0.00 ,  0.00 ,  0.00 
 0.00 ,  0.00 ,  0.00 
 0.00 ,  0.00 ,  0.00 
 0.00 ,  0.00 ,  0.00 
 0.00 ,  0.00 ,  0.00 
 0.00 ,  0.00 ,  0.00 
 0.00 ,  0.00 ,  0.00 
 0.00 ,  0.00 ,  0.00 
 0.00 ,  0.00 ,  0.00 
 0.00 ,  0.00 ,  0.00 
 0.00 ,  0.00 ,  0.00 
 0.00 ,  0.00 ,  0.00 
 0.00 ,  0.00 ,  0.00 
2718.93 ,  0.00 , 2528.60 
 0.00 ,  0.00 ,  0.00 
 0.00 ,  0.00 ,  0.00 
 0.00 ,  0.00 ,  0.00 
 0.00 ,  0.00 ,  0.00 
 0.00 ,  0.00 ,  0.00 
 0.00 ,  0.00 ,  0.00 
 0.00 ,  0.00 ,  0.00 
 0.00 ,  0.00 ,  0.00 
 0.00 ,  0.00 ,  0.00 
 0.00 ,  0.00 ,  0.00 
 0.00 ,  0.00 ,  0.00 
 0.00 ,  0.00 ,  0.00 
 0.00 ,  0.00 ,  0.00 
 0.00 ,  0.00 ,  0.00 
2647.81 ,  0.00 , 2462.47 
 0.00 ,  0.00 ,  0.00 
 0.00 ,  0.00 ,  0.00 
 0.00 ,  0.00 ,  0.00 
 0.00 ,  0.00 ,  0.00 
 0.00 ,  0.00 ,  0.00 
 0.00 ,  0.00 ,  0.00 
 0.00 ,  0.00 ,  0.00 
 0.00 ,  0.00 ,  0.00 
 0.00 ,  0.00 ,  0.00 
 0.00 ,  0.00 ,  0.00 
 0.00 ,  0.00 ,  0.00 
 0.00 ,  0.00 ,  0.00 
 0.00 ,  0.00 ,  0.00 
 0.00 ,  0.00 ,  0.00 
 0.00 ,  0.00 ,  0.00 
 0.00 ,  0.00 ,  0.00 
 0.00 ,  0.00 ,  0.00 
2514.53 ,  0.00 , 2338.51 
 0.00 ,  0.00 ,  0.00 
 0.00 ,  0.00 ,  0.00 
 0.00 ,  0.00 ,  0.00 
 0.00 ,  0.00 ,  0.00 
 0.00 ,  0.00 ,  0.00 
 0.00 ,  0.00 ,  0.00 
 0.00 ,  0.00 ,  0.00 
 0.00 ,  0.00 ,  0.00 
 0.00 ,  0.00 ,  0.00 
 0.00 ,  0.00 ,  0.00 
 0.00 ,  0.00 ,  0.00 
 0.00 ,  0.00 ,  0.00 
 0.00 ,  0.00 ,  0.00 
 0.00 ,  0.00 ,  0.00 
 0.00 ,  0.00 ,  0.00 
 0.00 ,  0.00 ,  0.00 
 0.00 ,  0.00 ,  0.00 
2629.04 ,  0.00 , 2445.01 
 0.00 ,  0.00 ,  0.00 
 0.00 ,  0.00 ,  0.00 
 0.00 ,  0.00 ,  0.00 
 0.00 ,  0.00 ,  0.00 
 0.00 ,  0.00 ,  0.00 
 0.00 ,  0.00 ,  0.00 
 0.00 ,  0.00 ,  0.00 
 0.00 ,  0.00 ,  0.00 
 0.00 ,  0.00 ,  0.00 
 0.00 ,  0.00 ,  0.00 
 0.00 ,  0.00 ,  0.00 
 0.00 ,  0.00 ,  0.00 
 0.00 ,  0.00 ,  0.00 
 0.00 ,  0.00 ,  0.00 
 0.00 ,  0.00 ,  0.00 
 0.00 ,  0.00 ,  0.00 
 0.00 ,  0.00 ,  0.00 
 0.00 ,  0.00 ,  0.00 
2502.82 ,  0.00 , 2327.62 
 0.00 ,  0.00 ,  0.00 
 0.00 ,  0.00 ,  0.00 
 0.00 ,  0.00 ,  0.00 
 0.00 ,  0.00 ,  0.00 
 0.00 ,  0.00 ,  0.00 
 0.00 ,  0.00 ,  0.00 
 0.00 ,  0.00 ,  0.00 
 0.00 ,  0.00 ,  0.00 
 0.00 ,  0.00 ,  0.00 
 0.00 ,  0.00 ,  0.00 
 0.00 ,  0.00 ,  0.00 
 0.00 ,  0.00 ,  0.00 
 0.00 ,  0.00 ,  0.00 
2508.29 ,  0.00 , 2332.71 
 0.00 ,  0.00 ,  0.00 
 0.00 ,  0.00 ,  0.00 
 0.00 ,  0.00 ,  0.00 
 0.00 ,  0.00 ,  0.00 
 0.00 ,  0.00 ,  0.00 
 0.00 ,  0.00 ,  0.00 
 0.00 ,  0.00 ,  0.00 
 0.00 ,  0.00 ,  0.00 
 0.00 ,  0.00 ,  0.00 
 0.00 ,  0.00 ,  0.00 
 0.00 ,  0.00 ,  0.00 
 0.00 ,  0.00 ,  0.00 
 0.00 ,  0.00 ,  0.00 
 0.00 ,  0.00 ,  0.00 
 0.00 ,  0.00 ,  0.00 
 0.00 ,  0.00 ,  0.00 
 0.00 ,  0.00 ,  0.00 
2641.43 ,  0.00 , 2456.53 
 0.00 ,  0.00 ,  0.00 
 0.00 ,  0.00 ,  0.00 
 0.00 ,  0.00 ,  0.00 
 0.00 ,  0.00 ,  0.00 
 0.00 ,  0.00 ,  0.00 
 0.00 ,  0.00 ,  0.00 
 0.00 ,  0.00 ,  0.00 
 0.00 ,  0.00 ,  0.00 
 0.00 ,  0.00 ,  0.00 
 0.00 ,  0.00 ,  0.00 
 0.00 ,  0.00 ,  0.00 
 0.00 ,  0.00 ,  0.00 
 0.00 ,  0.00 ,  0.00 
 0.00 ,  0.00 ,  0.00 
 0.00 ,  0.00 ,  0.00 
 0.00 ,  0.00 ,  0.00 
 0.00 ,  0.00 ,  0.00 
 0.00 ,  0.00 ,  0.00 
2619.84 ,  0.00 , 2436.45 
 0.00 ,  0.00 ,  0.00 
 0.00 ,  0.00 ,  0.00 
 0.00 ,  0.00 ,  0.00 
 0.00 ,  0.00 ,  0.00 
 0.00 ,  0.00 ,  0.00 
 0.00 ,  0.00 ,  0.00 
 0.00 ,  0.00 ,  0.00 
 0.00 ,  0.00 ,  0.00 
 0.00 ,  0.00 ,  0.00 
 0.00 ,  0.00 ,  0.00 
 0.00 ,  0.00 ,  0.00 
 0.00 ,  0.00 ,  0.00 
 0.00 ,  0.00 ,  0.00 
 0.00 ,  0.00 ,  0.00 
2604.54 ,  0.00 , 2422.22 
 0.00 ,  0.00 ,  0.00 
 0.00 ,  0.00 ,  0.00 
 0.00 ,  0.00 ,  0.00 
 0.00 ,  0.00 ,  0.00 
 0.00 ,  0.00 ,  0.00 
 0.00 ,  0.00 ,  0.00 
 0.00 , 323.41 , 216.06 
 0.00 , 6282.13 , 4480.00 
 0.00 , 2393.83 , 1635.15 
 0.00 , 974.07 , 655.27 
 0.00 , 243.63 , 162.63 
 0.00 , 59.88 , 39.89 
 0.00 ,  0.00 ,  0.00 
 0.00 ,  0.00 ,  0.00 
 0.00 ,  0.00 ,  0.00 
 0.00 ,  0.00 ,  0.00 
 0.00 ,  0.00 ,  0.00 
2624.02 ,  0.00 , 2440.33 
 0.00 ,  0.00 ,  0.00 
 0.00 ,  0.00 ,  0.00 
 0.00 , 369.55 , 247.01 
 0.00 , 724.28 , 485.94 
 0.00 , 878.39 , 590.30 
 0.00 ,  0.00 ,  0.00 
 0.00 ,  0.00 ,  0.00 
 0.00 ,  0.00 ,  0.00 
 0.00 ,  0.00 ,  0.00 
 0.00 ,  0.00 ,  0.00 
 0.00 ,  0.00 ,  0.00 
 0.00 , 533.70 , 357.35 
 0.00 , 788.74 , 529.55 
 0.00 , 6282.13 , 4480.00 
 0.00 , 2372.24 , 1620.02 
 0.00 , 1377.68 , 930.79 
2628.53 ,  0.00 , 2444.53 
 0.00 ,  0.00 ,  0.00 
 0.00 ,  0.00 ,  0.00 
 0.00 ,  0.00 ,  0.00 
 0.00 ,  0.00 ,  0.00 
 0.00 ,  0.00 ,  0.00 
 0.00 ,  0.00 ,  0.00 
 0.00 ,  0.00 ,  0.00 
 0.00 ,  0.00 ,  0.00 
 0.00 ,  0.00 ,  0.00 
 0.00 ,  0.00 ,  0.00 
 0.00 ,  0.00 ,  0.00 
 0.00 ,  0.00 ,  0.00 
 0.00 ,  0.00 ,  0.00 
 0.00 ,  0.00 ,  0.00 
 0.00 ,  0.00 ,  0.00 
 0.00 ,  0.00 ,  0.00 
2527.93 ,  0.00 , 2350.98 
 0.00 ,  0.00 ,  0.00 
 0.00 ,  0.00 ,  0.00 
 0.00 ,  0.00 ,  0.00 
 0.00 , 5721.01 , 4054.09 
 0.00 , 1912.56 , 1299.62 
 0.00 , 899.17 , 604.40 
 0.00 , 1071.89 , 721.83 
 0.00 , 756.75 , 507.90 
 0.00 , 73.86 , 49.21 
 0.00 ,  0.00 ,  0.00 
 0.00 ,  0.00 ,  0.00 
 0.00 ,  0.00 ,  0.00 
 0.00 ,  0.00 ,  0.00 
 0.00 ,  0.00 ,  0.00 
2563.89 ,  0.00 , 2384.42 
 0.00 ,  0.00 ,  0.00 
 0.00 , 335.46 , 224.14 
 0.00 , 504.79 , 337.89 
 0.00 , 585.36 , 392.15 
 0.00 ,  0.00 ,  0.00 
 0.00 ,  0.00 ,  0.00 
 0.00 ,  0.00 ,  0.00 
 0.00 ,  0.00 ,  0.00 
 0.00 ,  0.00 ,  0.00 
 0.00 ,  0.00 ,  0.00 
 0.00 ,  0.00 ,  0.00 
 0.00 ,  0.00 ,  0.00 
 0.00 , 6022.04 , 4281.92 
 0.00 , 2094.39 , 1425.98 
 0.00 , 513.74 , 343.91 
 0.00 ,  0.00 ,  0.00 
2658.03 ,  0.00 , 2471.97 
 0.00 ,  0.00 ,  0.00 
 0.00 ,  0.00 ,  0.00 
 0.00 ,  0.00 ,  0.00 
 0.00 ,  0.00 ,  0.00 
 0.00 ,  0.00 ,  0.00 
 0.00 ,  0.00 ,  0.00 
 0.00 ,  0.00 ,  0.00 
 0.00 ,  0.00 ,  0.00 
 0.00 ,  0.00 ,  0.00 
 0.00 ,  0.00 ,  0.00 
 0.00 ,  0.00 ,  0.00 
 0.00 ,  0.00 ,  0.00 
 0.00 ,  0.00 ,  0.00 
 0.00 ,  0.00 ,  0.00 
 0.00 ,  0.00 ,  0.00 
 0.00 ,  0.00 ,  0.00 
 0.00 ,  0.00 ,  0.00 
 0.00 ,  0.00 ,  0.00 
2560.13 ,  0.00 , 2380.92 
 0.00 , 4305.41 , 3003.14 
 0.00 , 1512.49 , 1023.35 
 0.00 , 890.52 , 598.53 
 0.00 ,  0.00 ,  0.00 
 0.00 ,  0.00 ,  0.00 
 0.00 ,  0.00 ,  0.00 
 0.00 ,  0.00 ,  0.00 
 0.00 ,  0.00 ,  0.00 
 0.00 ,  0.00 ,  0.00 
 0.00 ,  0.00 ,  0.00 
 0.00 ,  0.00 ,  0.00 
 0.00 ,  0.00 ,  0.00 
2533.59 ,  0.00 , 2356.24 
 0.00 ,  0.00 ,  0.00 
 0.00 ,  0.00 ,  0.00 
 0.00 ,  0.00 ,  0.00 
 0.00 ,  0.00 ,  0.00 
 0.00 ,  0.00 ,  0.00 
 0.00 ,  0.00 ,  0.00 
 0.00 ,  0.00 ,  0.00 
 0.00 ,  0.00 ,  0.00 
 0.00 ,  0.00 ,  0.00 
 0.00 ,  0.00 ,  0.00 
 0.00 ,  0.00 ,  0.00 
 0.00 , 3138.58 , 2161.32 
 0.00 , 1058.89 , 712.97 
 0.00 , 889.44 , 597.80 
 0.00 ,  0.00 ,  0.00 
 0.00 , 507.53 , 339.73 
2615.94 ,  0.00 , 2432.83 
 0.00 ,  0.00 ,  0.00 
 0.00 ,  0.00 ,  0.00 
 0.00 ,  0.00 ,  0.00 
 0.00 ,  0.00 ,  0.00 
 0.00 ,  0.00 ,  0.00 
 0.00 ,  0.00 ,  0.00 
 0.00 ,  0.00 ,  0.00 
 0.00 ,  0.00 ,  0.00 
 0.00 ,  0.00 ,  0.00 
 0.00 ,  0.00 ,  0.00 
 0.00 ,  0.00 ,  0.00 
 0.00 ,  0.00 ,  0.00 
 0.00 ,  0.00 ,  0.00 
 0.00 ,  0.00 ,  0.00 
 0.00 ,  0.00 ,  0.00 
 0.00 ,  0.00 ,  0.00 
 0.00 ,  0.00 ,  0.00 
 0.00 ,  0.00 ,  0.00 
2697.70 , 3911.25 , 5238.33 
 0.00 , 1438.89 , 972.78 
 0.00 ,  0.00 ,  0.00 
 0.00 ,  0.00 ,  0.00 
 0.00 ,  0.00 ,  0.00 
 0.00 ,  0.00 ,  0.00 
 0.00 ,  0.00 ,  0.00 
 0.00 ,  0.00 ,  0.00 
 0.00 ,  0.00 ,  0.00 
 0.00 ,  0.00 ,  0.00 
 0.00 ,  0.00 ,  0.00 
 0.00 ,  0.00 ,  0.00 
 0.00 ,  0.00 ,  0.00 
 0.00 ,  0.00 ,  0.00 
2636.33 ,  0.00 , 2451.79 
 0.00 ,  0.00 ,  0.00 
 0.00 ,  0.00 ,  0.00 
 0.00 ,  0.00 ,  0.00 
 0.00 ,  0.00 ,  0.00 
 0.00 ,  0.00 ,  0.00 
 0.00 ,  0.00 ,  0.00 
 0.00 ,  0.00 ,  0.00 
 0.00 ,  0.00 ,  0.00 
 0.00 ,  0.00 ,  0.00 
 0.00 , 955.03 , 642.33 
 0.00 , 781.53 , 524.67 
 0.00 , 725.95 , 487.07 
 0.00 , 451.48 , 302.03 
 0.00 , 31.46 , 20.95 
 0.00 ,  0.00 ,  0.00 
 0.00 ,  0.00 ,  0.00 
2551.66 ,  0.00 , 2373.05 
 0.00 ,  0.00 ,  0.00 
 0.00 ,  0.00 ,  0.00 
 0.00 ,  0.00 ,  0.00 
 0.00 ,  0.00 ,  0.00 
 0.00 ,  0.00 ,  0.00 
 0.00 ,  0.00 ,  0.00 
 0.00 ,  0.00 ,  0.00 
 0.00 ,  0.00 ,  0.00 
 0.00 ,  0.00 ,  0.00 
 0.00 ,  0.00 ,  0.00 
 0.00 ,  0.00 ,  0.00 
 0.00 ,  0.00 ,  0.00 
 0.00 ,  0.00 ,  0.00 
 0.00 ,  0.00 ,  0.00 
 0.00 ,  0.00 ,  0.00 
 0.00 ,  0.00 ,  0.00 
 0.00 , 2684.71 , 1839.65 
2615.40 , 1013.99 , 3115.54 
 0.00 , 339.89 , 227.11 
 0.00 ,  0.00 ,  0.00 
 0.00 ,  0.00 ,  0.00 
 0.00 ,  0.00 ,  0.00 
 0.00 ,  0.00 ,  0.00 
 0.00 ,  0.00 ,  0.00 
 0.00 ,  0.00 ,  0.00 
 0.00 ,  0.00 ,  0.00 
 0.00 ,  0.00 ,  0.00 
 0.00 ,  0.00 ,  0.00 
 0.00 ,  0.00 ,  0.00 
 0.00 ,  0.00 ,  0.00 
 0.00 ,  0.00 ,  0.00 
2588.93 ,  0.00 , 2407.71 
 0.00 ,  0.00 ,  0.00 
 0.00 ,  0.00 ,  0.00 
 0.00 ,  0.00 ,  0.00 
 0.00 ,  0.00 ,  0.00 
 0.00 ,  0.00 ,  0.00 
 0.00 ,  0.00 ,  0.00 
 0.00 ,  0.00 ,  0.00 
 0.00 ,  0.00 ,  0.00 
 0.00 ,  0.00 ,  0.00 
 0.00 ,  0.00 ,  0.00 
 0.00 ,  0.00 ,  0.00 
 0.00 ,  0.00 ,  0.00 
 0.00 ,  0.00 ,  0.00 
 0.00 ,  0.00 ,  0.00 
 0.00 ,  0.00 ,  0.00 
 0.00 ,  0.00 ,  0.00 
2503.33 ,  0.00 , 2328.10 
 0.00 ,  0.00 ,  0.00 
 0.00 ,  0.00 ,  0.00 
 0.00 ,  0.00 ,  0.00 
 0.00 ,  0.00 ,  0.00 
 0.00 ,  0.00 ,  0.00 
 0.00 ,  0.00 ,  0.00 
 0.00 ,  0.00 ,  0.00 
 0.00 ,  0.00 ,  0.00 
 0.00 ,  0.00 ,  0.00 
 0.00 ,  0.00 ,  0.00 
 0.00 ,  0.00 ,  0.00 
 0.00 ,  0.00 ,  0.00 
 0.00 ,  0.00 ,  0.00 
 0.00 ,  0.00 ,  0.00 
 0.00 ,  0.00 ,  0.00 
 0.00 , 978.97 , 658.60 
 0.00 , 461.88 , 309.02 
2717.39 , 124.01 , 2609.86 
 0.00 , 242.09 , 161.59 
 0.00 ,  0.00 ,  0.00 
 0.00 ,  0.00 ,  0.00 
 0.00 ,  0.00 ,  0.00 
 0.00 ,  0.00 ,  0.00 
 0.00 ,  0.00 ,  0.00 
 0.00 ,  0.00 ,  0.00 
 0.00 ,  0.00 ,  0.00 
 0.00 ,  0.00 ,  0.00 
 0.00 ,  0.00 ,  0.00 
 0.00 ,  0.00 ,  0.00 
 0.00 ,  0.00 ,  0.00 
 0.00 ,  0.00 ,  0.00 
2541.94 ,  0.00 , 2364.00 
 0.00 ,  0.00 ,  0.00 
 0.00 ,  0.00 ,  0.00 
 0.00 ,  0.00 ,  0.00 
 0.00 ,  0.00 ,  0.00 
 0.00 ,  0.00 ,  0.00 
 0.00 ,  0.00 ,  0.00 
 0.00 ,  0.00 ,  0.00 
 0.00 ,  0.00 ,  0.00 
 0.00 , 114.72 , 76.47 
 0.00 ,  0.00 ,  0.00 
 0.00 ,  0.00 ,  0.00 
 0.00 ,  0.00 ,  0.00 
 0.00 ,  0.00 ,  0.00 
 0.00 ,  0.00 ,  0.00 
 0.00 ,  0.00 ,  0.00 
 0.00 ,  0.00 ,  0.00 
 0.00 ,  0.00 ,  0.00 
2624.02 ,  0.00 , 2440.33 
 0.00 ,  0.00 ,  0.00 
 0.00 ,  0.00 ,  0.00 
 0.00 ,  0.00 ,  0.00 
 0.00 ,  0.00 ,  0.00 
 0.00 ,  0.00 ,  0.00 
 0.00 ,  0.00 ,  0.00 
 0.00 ,  0.00 ,  0.00 
 0.00 ,  0.00 ,  0.00 
 0.00 ,  0.00 ,  0.00 
 0.00 ,  0.00 ,  0.00 
 0.00 ,  0.00 ,  0.00 
 0.00 ,  0.00 ,  0.00 
 0.00 ,  0.00 ,  0.00 
 0.00 , 358.82 , 239.81 
 0.00 , 430.57 , 287.98 
 0.00 , 255.87 , 170.82 
2628.53 ,  0.00 , 2444.53 
 0.00 ,  0.00 ,  0.00 
 0.00 ,  0.00 ,  0.00 
 0.00 ,  0.00 ,  0.00 
 0.00 ,  0.00 ,  0.00 
 0.00 ,  0.00 ,  0.00 
 0.00 ,  0.00 ,  0.00 
 0.00 ,  0.00 ,  0.00 
 0.00 ,  0.00 ,  0.00 
 0.00 ,  0.00 ,  0.00 
 0.00 ,  0.00 ,  0.00 
 0.00 ,  0.00 ,  0.00 
 0.00 ,  0.00 ,  0.00 
 0.00 ,  0.00 ,  0.00 
 0.00 ,  0.00 ,  0.00 
 0.00 ,  0.00 ,  0.00 
 0.00 ,  0.00 ,  0.00 
2527.93 ,  0.00 , 2350.98 
 0.00 ,  0.00 ,  0.00 
 0.00 ,  0.00 ,  0.00 
 0.00 ,  0.00 ,  0.00 
 0.00 ,  0.00 ,  0.00 
 0.00 , 78.36 , 52.22 
 0.00 , 164.53 , 109.74 
 0.00 , 85.85 , 57.21 
 0.00 ,  0.00 ,  0.00 
 0.00 ,  0.00 ,  0.00 
 0.00 ,  0.00 ,  0.00 
 0.00 ,  0.00 ,  0.00 
 0.00 ,  0.00 ,  0.00 
 0.00 ,  0.00 ,  0.00 
 0.00 ,  0.00 ,  0.00 
2563.89 ,  0.00 , 2384.42 
 0.00 ,  0.00 ,  0.00 
 0.00 ,  0.00 ,  0.00 
 0.00 ,  0.00 ,  0.00 
 0.00 ,  0.00 ,  0.00 
 0.00 ,  0.00 ,  0.00 
 0.00 ,  0.00 ,  0.00 
 0.00 ,  0.00 ,  0.00 
 0.00 ,  0.00 ,  0.00 
 0.00 ,  0.00 ,  0.00 
 0.00 ,  0.00 ,  0.00 
 0.00 ,  0.00 ,  0.00 
 0.00 ,  0.00 ,  0.00 
 0.00 ,  0.00 ,  0.00 
 0.00 , 155.87 , 103.95 
 0.00 ,  0.00 ,  0.00 
 0.00 ,  0.00 ,  0.00 
2658.03 ,  0.00 , 2471.97 
 0.00 ,  0.00 ,  0.00 
 0.00 ,  0.00 ,  0.00 
 0.00 ,  0.00 ,  0.00 
 0.00 ,  0.00 ,  0.00 
 0.00 ,  0.00 ,  0.00 
 0.00 ,  0.00 ,  0.00 
 0.00 ,  0.00 ,  0.00 
 0.00 ,  0.00 ,  0.00 
 0.00 ,  0.00 ,  0.00 
 0.00 ,  0.00 ,  0.00 
 0.00 ,  0.00 ,  0.00 
 0.00 ,  0.00 ,  0.00 
 0.00 ,  0.00 ,  0.00 
 0.00 ,  0.00 ,  0.00 
 0.00 ,  0.00 ,  0.00 
 0.00 ,  0.00 ,  0.00 
 0.00 ,  0.00 ,  0.00 
 0.00 ,  0.00 ,  0.00 
2560.13 ,  0.00 , 2380.92 
 0.00 , 1138.14 , 766.99 
 0.00 , 676.14 , 453.41 
 0.00 , 507.86 , 339.95 
 0.00 , 283.14 , 189.08 
 0.00 , 171.79 , 114.58 
 0.00 ,  0.00 ,  0.00 
 0.00 ,  0.00 ,  0.00 
 0.00 ,  0.00 ,  0.00 
 0.00 ,  0.00 ,  0.00 
 0.00 ,  0.00 ,  0.00 
 0.00 ,  0.00 ,  0.00 
 0.00 ,  0.00 ,  0.00 
2533.59 ,  0.00 , 2356.24 
 0.00 ,  0.00 ,  0.00 
 0.00 ,  0.00 ,  0.00 
 0.00 ,  0.00 ,  0.00 
 0.00 ,  0.00 ,  0.00 
 0.00 ,  0.00 ,  0.00 
 0.00 ,  0.00 ,  0.00 
 0.00 ,  0.00 ,  0.00 
 0.00 ,  0.00 ,  0.00 
 0.00 ,  0.00 ,  0.00 
 0.00 ,  0.00 ,  0.00 
 0.00 ,  0.00 ,  0.00 
 0.00 , 3240.25 , 2233.81 
 0.00 , 1136.87 , 766.12 
 0.00 , 849.37 , 570.62 
 0.00 , 236.80 , 158.06 
 0.00 ,  0.00 ,  0.00 
2615.94 ,  0.00 , 2432.83 
 0.00 ,  0.00 ,  0.00 
 0.00 ,  0.00 ,  0.00 
 0.00 ,  0.00 ,  0.00 
 0.00 ,  0.00 ,  0.00 
 0.00 ,  0.00 ,  0.00 
 0.00 ,  0.00 ,  0.00 
 0.00 ,  0.00 ,  0.00 
 0.00 ,  0.00 ,  0.00 
 0.00 ,  0.00 ,  0.00 
 0.00 ,  0.00 ,  0.00 
 0.00 ,  0.00 ,  0.00 
 0.00 ,  0.00 ,  0.00 
 0.00 ,  0.00 ,  0.00 
 0.00 ,  0.00 ,  0.00 
 0.00 ,  0.00 ,  0.00 
 0.00 ,  0.00 ,  0.00 
 0.00 ,  0.00 ,  0.00 
 0.00 ,  0.00 ,  0.00 
2697.70 , 2360.57 , 4125.32 
 0.00 , 1070.53 , 720.90 
 0.00 , 612.57 , 410.50 
 0.00 ,  0.00 ,  0.00 
 0.00 ,  0.00 ,  0.00 
 0.00 ,  0.00 ,  0.00 
 0.00 ,  0.00 ,  0.00 
 0.00 ,  0.00 ,  0.00 
 0.00 ,  0.00 ,  0.00 
 0.00 ,  0.00 ,  0.00 
 0.00 ,  0.00 ,  0.00 
 0.00 ,  0.00 ,  0.00 
 0.00 ,  0.00 ,  0.00 
 0.00 ,  0.00 ,  0.00 
2636.33 ,  0.00 , 2451.79 
 0.00 ,  0.00 ,  0.00 
 0.00 ,  0.00 ,  0.00 
 0.00 ,  0.00 ,  0.00 
 0.00 ,  0.00 ,  0.00 
 0.00 ,  0.00 ,  0.00 
 0.00 ,  0.00 ,  0.00 
 0.00 ,  0.00 ,  0.00 
 0.00 ,  0.00 ,  0.00 
 0.00 ,  0.00 ,  0.00 
 0.00 , 3058.28 , 2104.17 
 0.00 , 1305.49 , 881.33 
 0.00 , 858.75 , 576.98 
 0.00 ,  0.00 ,  0.00 
 0.00 ,  0.00 ,  0.00 
 0.00 ,  0.00 ,  0.00 
 0.00 ,  0.00 ,  0.00 
2551.66 ,  0.00 , 2373.05 
 0.00 ,  0.00 ,  0.00 
 0.00 ,  0.00 ,  0.00 
 0.00 ,  0.00 ,  0.00 
 0.00 ,  0.00 ,  0.00 
 0.00 ,  0.00 ,  0.00 
 0.00 ,  0.00 ,  0.00 
 0.00 ,  0.00 ,  0.00 
 0.00 ,  0.00 ,  0.00 
 0.00 ,  0.00 ,  0.00 
 0.00 ,  0.00 ,  0.00 
 0.00 ,  0.00 ,  0.00 
 0.00 ,  0.00 ,  0.00 
 0.00 ,  0.00 ,  0.00 
 0.00 ,  0.00 ,  0.00 
 0.00 ,  0.00 ,  0.00 
 0.00 ,  0.00 ,  0.00 
 0.00 , 3241.16 , 2234.46 
2615.40 , 1055.84 , 3144.09 
 0.00 , 359.06 , 239.96 
 0.00 , 136.37 , 90.92 
 0.00 ,  0.00 ,  0.00 
 0.00 ,  0.00 ,  0.00 
 0.00 ,  0.00 ,  0.00 
 0.00 ,  0.00 ,  0.00 
 0.00 ,  0.00 ,  0.00 
 0.00 ,  0.00 ,  0.00 
 0.00 ,  0.00 ,  0.00 
 0.00 ,  0.00 ,  0.00 
 0.00 ,  0.00 ,  0.00 
 0.00 ,  0.00 ,  0.00 
 0.00 ,  0.00 ,  0.00 
2588.93 ,  0.00 , 2407.71 
 0.00 ,  0.00 ,  0.00 
 0.00 ,  0.00 ,  0.00 
 0.00 ,  0.00 ,  0.00 
 0.00 ,  0.00 ,  0.00 
 0.00 ,  0.00 ,  0.00 
 0.00 ,  0.00 ,  0.00 
 0.00 ,  0.00 ,  0.00 
 0.00 ,  0.00 ,  0.00 
 0.00 , 964.17 , 648.54 
 0.00 , 550.18 , 368.45 
 0.00 ,  0.00 ,  0.00 
 0.00 ,  0.00 ,  0.00 
 0.00 ,  0.00 ,  0.00 
 0.00 ,  0.00 ,  0.00 
 0.00 ,  0.00 ,  0.00 
 0.00 ,  0.00 ,  0.00 
2503.33 ,  0.00 , 2328.10 
 0.00 ,  0.00 ,  0.00 
 0.00 ,  0.00 ,  0.00 
 0.00 ,  0.00 ,  0.00 
 0.00 ,  0.00 ,  0.00 
 0.00 ,  0.00 ,  0.00 
 0.00 ,  0.00 ,  0.00 
 0.00 ,  0.00 ,  0.00 
 0.00 ,  0.00 ,  0.00 
 0.00 ,  0.00 ,  0.00 
 0.00 ,  0.00 ,  0.00 
 0.00 ,  0.00 ,  0.00 
 0.00 ,  0.00 ,  0.00 
 0.00 ,  0.00 ,  0.00 
 0.00 ,  0.00 ,  0.00 
 0.00 ,  0.00 ,  0.00 
 0.00 , 3557.56 , 2461.11 
 0.00 , 1439.65 , 973.31 
2717.39 , 755.08 , 3034.40 
 0.00 ,  0.00 ,  0.00 
 0.00 ,  0.00 ,  0.00 
 0.00 ,  0.00 ,  0.00 
 0.00 ,  0.00 ,  0.00 
 0.00 ,  0.00 ,  0.00 
 0.00 ,  0.00 ,  0.00 
 0.00 ,  0.00 ,  0.00 
 0.00 ,  0.00 ,  0.00 
 0.00 ,  0.00 ,  0.00 
 0.00 ,  0.00 ,  0.00 
 0.00 ,  0.00 ,  0.00 
 0.00 ,  0.00 ,  0.00 
 0.00 ,  0.00 ,  0.00 
2541.94 ,  0.00 , 2364.00 
 0.00 ,  0.00 ,  0.00 
 0.00 ,  0.00 ,  0.00 
 0.00 ,  0.00 ,  0.00 
 0.00 ,  0.00 ,  0.00 
 0.00 ,  0.00 ,  0.00 
 0.00 ,  0.00 ,  0.00 
 0.00 ,  0.00 ,  0.00 
 0.00 , 3220.55 , 2219.75 
 0.00 , 1446.42 , 977.96 
 0.00 , 1240.40 , 836.81 
 0.00 , 807.99 , 542.58 
 0.00 , 595.35 , 398.89 
 0.00 ,  0.00 ,  0.00 
 0.00 ,  0.00 ,  0.00 
 0.00 ,  0.00 ,  0.00 
 0.00 ,  0.00 ,  0.00 
 0.00 ,  0.00 ,  0.00 
2624.02 ,  0.00 , 2440.33 
 0.00 ,  0.00 ,  0.00 
 0.00 ,  0.00 ,  0.00 
 0.00 ,  0.00 ,  0.00 
 0.00 ,  0.00 ,  0.00 
 0.00 ,  0.00 ,  0.00 
 0.00 ,  0.00 ,  0.00 
 0.00 ,  0.00 ,  0.00 
 0.00 ,  0.00 ,  0.00 
 0.00 ,  0.00 ,  0.00 
 0.00 ,  0.00 ,  0.00 
 0.00 ,  0.00 ,  0.00 
 0.00 ,  0.00 ,  0.00 
 0.00 ,  0.00 ,  0.00 
 0.00 , 4137.64 , 2880.76 
 0.00 , 1644.61 , 1114.33 
 0.00 ,  0.00 ,  0.00 
2628.53 ,  0.00 , 2444.53 
 0.00 ,  0.00 ,  0.00 
 0.00 ,  0.00 ,  0.00 
 0.00 ,  0.00 ,  0.00 
 0.00 ,  0.00 ,  0.00 
 0.00 ,  0.00 ,  0.00 
 0.00 ,  0.00 ,  0.00 
 0.00 ,  0.00 ,  0.00 
 0.00 ,  0.00 ,  0.00 
 0.00 ,  0.00 ,  0.00 
 0.00 ,  0.00 ,  0.00 
 0.00 ,  0.00 ,  0.00 
 0.00 ,  0.00 ,  0.00 
 0.00 ,  0.00 ,  0.00 
 0.00 ,  0.00 ,  0.00 
 0.00 ,  0.00 ,  0.00 
 0.00 ,  0.00 ,  0.00 
2527.93 ,  0.00 , 2350.98 
 0.00 ,  0.00 ,  0.00 
 0.00 ,  0.00 ,  0.00 
 0.00 ,  0.00 ,  0.00 
 0.00 , 2982.72 , 2050.50 
 0.00 , 1522.81 , 1030.45 
 0.00 , 619.98 , 415.50 
 0.00 ,  0.00 ,  0.00 
 0.00 ,  0.00 ,  0.00 
 0.00 ,  0.00 ,  0.00 
 0.00 ,  0.00 ,  0.00 
 0.00 ,  0.00 ,  0.00 
 0.00 ,  0.00 ,  0.00 
 0.00 ,  0.00 ,  0.00 
 0.00 ,  0.00 ,  0.00 
2563.89 ,  0.00 , 2384.42 
 0.00 ,  0.00 ,  0.00 
 0.00 ,  0.00 ,  0.00 
 0.00 ,  0.00 ,  0.00 
 0.00 ,  0.00 ,  0.00 
 0.00 ,  0.00 ,  0.00 
 0.00 ,  0.00 ,  0.00 
 0.00 ,  0.00 ,  0.00 
 0.00 ,  0.00 ,  0.00 
 0.00 ,  0.00 ,  0.00 
 0.00 ,  0.00 ,  0.00 
 0.00 ,  0.00 ,  0.00 
 0.00 ,  0.00 ,  0.00 
 0.00 , 3572.01 , 2471.50 
 0.00 , 1633.82 , 1106.89 
 0.00 , 352.42 , 235.51 
 0.00 ,  0.00 ,  0.00 
2658.03 ,  0.00 , 2471.97 
 0.00 ,  0.00 ,  0.00 
 0.00 ,  0.00 ,  0.00 
 0.00 ,  0.00 ,  0.00 
 0.00 ,  0.00 ,  0.00 
 0.00 ,  0.00 ,  0.00 
 0.00 ,  0.00 ,  0.00 
 0.00 ,  0.00 ,  0.00 
 0.00 ,  0.00 ,  0.00 
 0.00 ,  0.00 ,  0.00 
 0.00 ,  0.00 ,  0.00 
 0.00 ,  0.00 ,  0.00 
 0.00 ,  0.00 ,  0.00 
 0.00 ,  0.00 ,  0.00 
 0.00 ,  0.00 ,  0.00 
 0.00 ,  0.00 ,  0.00 
 0.00 ,  0.00 ,  0.00 
 0.00 ,  0.00 ,  0.00 
 0.00 ,  0.00 ,  0.00 
2560.13 ,  0.00 , 2380.92 
 0.00 , 4258.95 , 2969.20 
 0.00 , 1603.77 , 1086.18 
 0.00 , 882.69 , 593.22 
 0.00 ,  0.00 ,  0.00 
 0.00 ,  0.00 ,  0.00 
 0.00 ,  0.00 ,  0.00 
 0.00 ,  0.00 ,  0.00 
 0.00 ,  0.00 ,  0.00 
 0.00 ,  0.00 ,  0.00 
 0.00 ,  0.00 ,  0.00 
 0.00 ,  0.00 ,  0.00 
 0.00 ,  0.00 ,  0.00 
2533.59 ,  0.00 , 2356.24 
 0.00 ,  0.00 ,  0.00 
 0.00 ,  0.00 ,  0.00 
 0.00 ,  0.00 ,  0.00 
 0.00 ,  0.00 ,  0.00 
 0.00 ,  0.00 ,  0.00 
 0.00 ,  0.00 ,  0.00 
 0.00 ,  0.00 ,  0.00 
 0.00 ,  0.00 ,  0.00 
 0.00 ,  0.00 ,  0.00 
 0.00 ,  0.00 ,  0.00 
 0.00 ,  0.00 ,  0.00 
 0.00 , 4012.39 , 2789.69 
 0.00 , 1616.49 , 1094.94 
 0.00 , 1346.29 , 909.28 
 0.00 ,  0.00 ,  0.00 
 0.00 ,  0.00 ,  0.00 
2615.94 ,  0.00 , 2432.83 
 0.00 ,  0.00 ,  0.00 
 0.00 ,  0.00 ,  0.00 
 0.00 ,  0.00 ,  0.00 
 0.00 ,  0.00 ,  0.00 
 0.00 ,  0.00 ,  0.00 
 0.00 ,  0.00 ,  0.00 
 0.00 ,  0.00 ,  0.00 
 0.00 ,  0.00 ,  0.00 
 0.00 ,  0.00 ,  0.00 
 0.00 ,  0.00 ,  0.00 
 0.00 ,  0.00 ,  0.00 
 0.00 ,  0.00 ,  0.00 
 0.00 ,  0.00 ,  0.00 
 0.00 ,  0.00 ,  0.00 
 0.00 ,  0.00 ,  0.00 
 0.00 ,  0.00 ,  0.00 
 0.00 ,  0.00 ,  0.00 
 0.00 ,  0.00 ,  0.00 
2697.70 , 4136.76 , 5403.74 
 0.00 , 1581.77 , 1071.03 
 0.00 , 1075.50 , 724.29 
 0.00 ,  0.00 ,  0.00 
 0.00 ,  0.00 ,  0.00 
 0.00 ,  0.00 ,  0.00 
 0.00 ,  0.00 ,  0.00 
 0.00 ,  0.00 ,  0.00 
 0.00 ,  0.00 ,  0.00 
 0.00 ,  0.00 ,  0.00 
 0.00 ,  0.00 ,  0.00 
 0.00 ,  0.00 ,  0.00 
 0.00 ,  0.00 ,  0.00 
 0.00 ,  0.00 ,  0.00 
2636.33 ,  0.00 , 2451.79 
 0.00 ,  0.00 ,  0.00 
 0.00 ,  0.00 ,  0.00 
 0.00 ,  0.00 ,  0.00 
 0.00 ,  0.00 ,  0.00 
 0.00 ,  0.00 ,  0.00 
 0.00 ,  0.00 ,  0.00 
 0.00 ,  0.00 ,  0.00 
 0.00 ,  0.00 ,  0.00 
 0.00 ,  0.00 ,  0.00 
 0.00 , 2223.91 , 1516.29 
 0.00 , 1185.89 , 799.57 
 0.00 , 751.24 , 504.17 
 0.00 ,  0.00 ,  0.00 
 0.00 ,  0.00 ,  0.00 
 0.00 ,  0.00 ,  0.00 
 0.00 ,  0.00 ,  0.00 
2551.66 ,  0.00 , 2373.05 
 0.00 ,  0.00 ,  0.00 
 0.00 ,  0.00 ,  0.00 
 0.00 ,  0.00 ,  0.00 
 0.00 ,  0.00 ,  0.00 
 0.00 ,  0.00 ,  0.00 
 0.00 ,  0.00 ,  0.00 
 0.00 ,  0.00 ,  0.00 
 0.00 ,  0.00 ,  0.00 
 0.00 ,  0.00 ,  0.00 
 0.00 ,  0.00 ,  0.00 
 0.00 ,  0.00 ,  0.00 
 0.00 ,  0.00 ,  0.00 
 0.00 ,  0.00 ,  0.00 
 0.00 ,  0.00 ,  0.00 
 0.00 ,  0.00 ,  0.00 
 0.00 ,  0.00 ,  0.00 
 0.00 , 2785.67 , 1910.92 
2615.40 , 1280.34 , 3297.73 
 0.00 , 813.56 , 546.35 
 0.00 ,  0.00 ,  0.00 
 0.00 ,  0.00 ,  0.00 
 0.00 ,  0.00 ,  0.00 
 0.00 ,  0.00 ,  0.00 
 0.00 ,  0.00 ,  0.00 
 0.00 ,  0.00 ,  0.00 
 0.00 ,  0.00 ,  0.00 
 0.00 ,  0.00 ,  0.00 
 0.00 ,  0.00 ,  0.00 
 0.00 ,  0.00 ,  0.00 
 0.00 ,  0.00 ,  0.00 
 0.00 ,  0.00 ,  0.00 
2588.93 ,  0.00 , 2407.71 
 0.00 ,  0.00 ,  0.00 
 0.00 ,  0.00 ,  0.00 
 0.00 ,  0.00 ,  0.00 
 0.00 ,  0.00 ,  0.00 
 0.00 ,  0.00 ,  0.00 
 0.00 ,  0.00 ,  0.00 
 0.00 ,  0.00 ,  0.00 
 0.00 ,  0.00 ,  0.00 
 0.00 , 6265.36 , 4467.20 
 0.00 , 2267.81 , 1546.95 
 0.00 , 1274.16 , 859.90 
 0.00 , 424.74 , 284.06 
 0.00 , 337.63 , 225.59 
 0.00 ,  0.00 ,  0.00 
 0.00 ,  0.00 ,  0.00 
2497.17 ,  0.00 , 2322.37 
 0.00 ,  0.00 ,  0.00 
 0.00 ,  0.00 ,  0.00 
 0.00 , 494.88 , 331.22 
 0.00 , 1045.89 , 704.13 
 0.00 , 973.60 , 654.95 
 0.00 , 1014.77 , 682.94 
 0.00 , 1103.68 , 743.49 
 0.00 , 1190.54 , 802.75 
 0.00 ,  0.00 ,  0.00 
 0.00 ,  0.00 ,  0.00 
 0.00 ,  0.00 ,  0.00 
 0.00 ,  0.00 ,  0.00 
 0.00 ,  0.00 ,  0.00 
 0.00 , 498.62 , 333.73 
 0.00 , 806.95 , 541.88 
 0.00 , 888.39 , 597.08 
2510.33 , 6239.46 , 6814.60 
 0.00 , 2323.12 , 1585.63 
 0.00 , 1502.49 , 1016.48 
 0.00 , 1815.01 , 1232.04 
 0.00 , 862.56 , 579.56 
 0.00 , 376.17 , 251.45 
 0.00 , 895.52 , 601.92 
 0.00 , 896.43 , 602.54 
 0.00 , 811.60 , 545.03 
 0.00 , 985.75 , 663.21 
 0.00 , 1388.89 , 938.48 
 0.00 , 1399.45 , 945.72 
 0.00 , 1224.02 , 825.62 
2578.37 , 1275.87 , 3260.20 
 0.00 , 1283.52 , 866.30 
 0.00 , 1342.30 , 906.55 
 0.00 ,  0.00 ,  0.00 
 0.00 ,  0.00 ,  0.00 
 0.00 ,  0.00 ,  0.00 
 0.00 ,  0.00 ,  0.00 
 0.00 ,  0.00 ,  0.00 
 0.00 , 592.95 , 397.27 
 0.00 , 805.36 , 540.80 
 0.00 , 877.18 , 589.48 
 0.00 , 6282.13 , 4480.00 
 0.00 , 2360.06 , 1611.49 
 0.00 , 2162.07 , 1473.14 
 0.00 , 1786.09 , 1212.03 
 0.00 , 1316.80 , 889.08 
2551.21 , 1071.94 , 3095.35 
 0.00 , 1129.62 , 761.18 
 0.00 , 909.76 , 611.59 
 0.00 , 759.81 , 509.96 
 0.00 , 1245.73 , 840.45 
 0.00 , 1523.82 , 1031.15 
 0.00 , 1491.08 , 1008.64 
 0.00 , 1304.22 , 880.47 
 0.00 , 1295.43 , 874.45 
 0.00 , 1345.54 , 908.77 
 0.00 , 1400.13 , 946.19 
 0.00 ,  0.00 ,  0.00 
 0.00 ,  0.00 ,  0.00 
 0.00 ,  0.00 ,  0.00 
 0.00 ,  0.00 ,  0.00 
 0.00 , 623.73 , 418.03 
 0.00 , 1038.11 , 698.83 
 0.00 , 1176.49 , 793.16 
2510.37 , 1356.79 , 3252.50 
 0.00 , 6282.13 , 4480.00 
 0.00 , 2597.47 , 1778.18 
 0.00 , 381.71 , 255.17 
 0.00 ,  0.00 ,  0.00 
 0.00 ,  0.00 ,  0.00 
 0.00 ,  0.00 ,  0.00 
 0.00 ,  0.00 ,  0.00 
 0.00 ,  0.00 ,  0.00 
 0.00 ,  0.00 ,  0.00 
 0.00 ,  0.00 ,  0.00 
 0.00 ,  0.00 ,  0.00 
 0.00 , 316.86 , 211.67 
2678.14 , 839.26 , 3055.00 
 0.00 , 954.81 , 642.18 
 0.00 , 1059.92 , 713.67 
 0.00 , 1156.87 , 779.76 
 0.00 ,  0.00 ,  0.00 
 0.00 ,  0.00 ,  0.00 
 0.00 ,  0.00 ,  0.00 
 0.00 ,  0.00 ,  0.00 
 0.00 ,  0.00 ,  0.00 
 0.00 , 651.46 , 436.74 
 0.00 , 867.67 , 583.03 
 0.00 , 1001.73 , 674.07 
 0.00 , 6282.13 , 4480.00 
 0.00 , 2458.22 , 1680.30 
 0.00 , 1868.46 , 1269.05 
 0.00 , 1406.90 , 950.84 
2572.06 , 707.04 , 2866.68 
 0.00 ,  0.00 ,  0.00 
 0.00 ,  0.00 ,  0.00 
 0.00 ,  0.00 ,  0.00 
 0.00 ,  0.00 ,  0.00 
 0.00 ,  0.00 ,  0.00 
 0.00 , 600.48 , 402.35 
 0.00 , 1031.17 , 694.10 
 0.00 , 883.57 , 593.81 
 0.00 , 957.68 , 644.13 
 0.00 , 1031.02 , 694.00 
 0.00 , 1103.38 , 743.29 
 0.00 ,  0.00 ,  0.00 
 0.00 ,  0.00 ,  0.00 
 0.00 ,  0.00 ,  0.00 
 0.00 ,  0.00 ,  0.00 
 0.00 ,  0.00 ,  0.00 
 0.00 , 341.81 , 228.40 
2560.05 , 814.96 , 2928.65 
 0.00 , 951.17 , 639.71 
 0.00 , 6282.13 , 4480.00 
 0.00 , 2441.52 , 1668.59 
 0.00 , 1882.21 , 1278.58 
 0.00 , 1532.86 , 1037.36 
 0.00 , 1278.81 , 863.08 
 0.00 , 1029.49 , 692.96 
 0.00 , 137.21 , 91.49 
 0.00 ,  0.00 ,  0.00 
 0.00 ,  0.00 ,  0.00 
 0.00 ,  0.00 ,  0.00 
 0.00 , 550.94 , 368.96 
2571.93 , 1111.48 , 3141.65 
 0.00 , 970.39 , 652.77 
 0.00 , 1045.57 , 703.90 
 0.00 , 1120.25 , 754.78 
 0.00 , 1192.91 , 804.36 
 0.00 ,  0.00 ,  0.00 
 0.00 ,  0.00 ,  0.00 
 0.00 ,  0.00 ,  0.00 
 0.00 ,  0.00 ,  0.00 
 0.00 ,  0.00 ,  0.00 
 0.00 , 170.18 , 113.51 
 0.00 , 661.54 , 443.55 
 0.00 , 790.61 , 530.81 
 0.00 , 6282.13 , 4480.00 
 0.00 , 2282.25 , 1557.05 
 0.00 , 1744.45 , 1183.25 
2589.41 , 1335.45 , 3311.38 
 0.00 , 35.39 , 23.57 
 0.00 , 288.37 , 192.58 
 0.00 , 550.14 , 368.42 
 0.00 , 858.52 , 576.82 
 0.00 , 1366.86 , 923.38 
 0.00 , 1467.60 , 992.51 
 0.00 , 1553.65 , 1051.67 
 0.00 , 1516.34 , 1026.00 
 0.00 , 1275.57 , 860.87 
 0.00 , 1210.82 , 816.60 
 0.00 , 1202.01 , 810.58 
 0.00 , 1195.30 , 806.00 
 0.00 ,  0.00 ,  0.00 
2544.58 ,  0.00 , 2366.46 
 0.00 ,  0.00 ,  0.00 
 0.00 ,  0.00 ,  0.00 
 0.00 ,  0.00 ,  0.00 
 0.00 ,  0.00 ,  0.00 
 0.00 ,  0.00 ,  0.00 
 0.00 , 307.58 , 205.45 
 0.00 , 6096.22 , 4338.29 
 0.00 , 1951.24 , 1326.46 
 0.00 , 1476.51 , 998.62 
 0.00 , 1186.14 , 799.74 
 0.00 , 729.82 , 489.68 
 0.00 , 78.26 , 52.15 
 0.00 , 735.82 , 493.74 
 0.00 , 379.63 , 253.77 
 0.00 , 667.84 , 447.80 
2529.13 , 696.44 , 2819.57 
 0.00 , 950.27 , 639.10 
 0.00 , 962.09 , 647.13 
 0.00 , 768.76 , 516.02 
 0.00 , 810.39 , 544.21 
 0.00 , 859.29 , 577.35 
 0.00 , 857.42 , 576.08 
 0.00 ,  0.00 ,  0.00 
 0.00 ,  0.00 ,  0.00 
 0.00 ,  0.00 ,  0.00 
 0.00 ,  0.00 ,  0.00 
 0.00 ,  0.00 ,  0.00 
 0.00 ,  0.00 ,  0.00 
 0.00 ,  0.00 ,  0.00 
 0.00 , 449.08 , 300.42 
 0.00 , 6282.13 , 4480.00 
 0.00 , 2135.92 , 1454.91 
2707.20 , 1285.83 , 3386.92 
 0.00 ,  0.00 ,  0.00 
 0.00 ,  0.00 ,  0.00 
 0.00 ,  0.00 ,  0.00 
 0.00 ,  0.00 ,  0.00 
 0.00 ,  0.00 ,  0.00 
 0.00 ,  0.00 ,  0.00 
 0.00 ,  0.00 ,  0.00 
 0.00 ,  0.00 ,  0.00 
 0.00 ,  0.00 ,  0.00 
 0.00 ,  0.00 ,  0.00 
 0.00 ,  0.00 ,  0.00 
 0.00 ,  0.00 ,  0.00 
2504.03 ,  0.00 , 2328.75 
 0.00 ,  0.00 ,  0.00 
 0.00 ,  0.00 ,  0.00 
 0.00 ,  0.00 ,  0.00 
 0.00 ,  0.00 ,  0.00 
 0.00 ,  0.00 ,  0.00 
 0.00 ,  0.00 ,  0.00 
 0.00 ,  0.00 ,  0.00 
 0.00 ,  0.00 ,  0.00 
 0.00 , 5397.30 , 3810.83 
 0.00 , 1589.07 , 1076.05 
 0.00 ,  0.00 ,  0.00 
 0.00 ,  0.00 ,  0.00 
 0.00 ,  0.00 ,  0.00 
 0.00 ,  0.00 ,  0.00 
 0.00 ,  0.00 ,  0.00 
2506.38 ,  0.00 , 2330.94 
 0.00 ,  0.00 ,  0.00 
 0.00 ,  0.00 ,  0.00 
 0.00 ,  0.00 ,  0.00 
 0.00 ,  0.00 ,  0.00 
 0.00 ,  0.00 ,  0.00 
 0.00 ,  0.00 ,  0.00 
 0.00 ,  0.00 ,  0.00 
 0.00 ,  0.00 ,  0.00 
 0.00 ,  0.00 ,  0.00 
 0.00 ,  0.00 ,  0.00 
 0.00 ,  0.00 ,  0.00 
 0.00 ,  0.00 ,  0.00 
 0.00 ,  0.00 ,  0.00 
 0.00 ,  0.00 ,  0.00 
 0.00 ,  0.00 ,  0.00 
 0.00 ,  0.00 ,  0.00 
2510.33 , 3940.33 , 5084.33 
 0.00 , 1330.75 , 898.63 
 0.00 ,  0.00 ,  0.00 
 0.00 ,  0.00 ,  0.00 
 0.00 ,  0.00 ,  0.00 
 0.00 ,  0.00 ,  0.00 
 0.00 ,  0.00 ,  0.00 
 0.00 ,  0.00 ,  0.00 
 0.00 ,  0.00 ,  0.00 
 0.00 ,  0.00 ,  0.00 
 0.00 ,  0.00 ,  0.00 
 0.00 ,  0.00 ,  0.00 
 0.00 ,  0.00 ,  0.00 
2578.37 ,  0.00 , 2397.88 
 0.00 ,  0.00 ,  0.00 
 0.00 ,  0.00 ,  0.00 
 0.00 ,  0.00 ,  0.00 
 0.00 ,  0.00 ,  0.00 
 0.00 ,  0.00 ,  0.00 
 0.00 ,  0.00 ,  0.00 
 0.00 ,  0.00 ,  0.00 
 0.00 ,  0.00 ,  0.00 
 0.00 ,  0.00 ,  0.00 
 0.00 ,  0.00 ,  0.00 
 0.00 , 4260.36 , 2970.23 
 0.00 , 1600.93 , 1084.22 
 0.00 ,  0.00 ,  0.00 
 0.00 ,  0.00 ,  0.00 
 0.00 ,  0.00 ,  0.00 
2551.21 ,  0.00 , 2372.62 
 0.00 ,  0.00 ,  0.00 
 0.00 ,  0.00 ,  0.00 
 0.00 ,  0.00 ,  0.00 
 0.00 ,  0.00 ,  0.00 
 0.00 ,  0.00 ,  0.00 
 0.00 ,  0.00 ,  0.00 
 0.00 ,  0.00 ,  0.00 
 0.00 ,  0.00 ,  0.00 
 0.00 ,  0.00 ,  0.00 
 0.00 ,  0.00 ,  0.00 
 0.00 ,  0.00 ,  0.00 
 0.00 ,  0.00 ,  0.00 
 0.00 ,  0.00 ,  0.00 
 0.00 ,  0.00 ,  0.00 
 0.00 ,  0.00 ,  0.00 
 0.00 ,  0.00 ,  0.00 
 0.00 ,  0.00 ,  0.00 
2510.37 ,  0.00 , 2334.65 
 0.00 , 4754.56 , 3333.00 
 0.00 , 1738.91 , 1179.42 
 0.00 , 181.51 , 121.08 
 0.00 ,  0.00 ,  0.00 
 0.00 ,  0.00 ,  0.00 
 0.00 ,  0.00 ,  0.00 
 0.00 ,  0.00 ,  0.00 
 0.00 ,  0.00 ,  0.00 
 0.00 ,  0.00 ,  0.00 
 0.00 ,  0.00 ,  0.00 
 0.00 ,  0.00 ,  0.00 
 0.00 ,  0.00 ,  0.00 
2678.14 ,  0.00 , 2490.67 
 0.00 ,  0.00 ,  0.00 
 0.00 ,  0.00 ,  0.00 
 0.00 ,  0.00 ,  0.00 
 0.00 ,  0.00 ,  0.00 
 0.00 ,  0.00 ,  0.00 
 0.00 ,  0.00 ,  0.00 
 0.00 ,  0.00 ,  0.00 
 0.00 ,  0.00 ,  0.00 
 0.00 ,  0.00 ,  0.00 
 0.00 ,  0.00 ,  0.00 
 0.00 ,  0.00 ,  0.00 
 0.00 , 3690.56 , 2556.85 
 0.00 , 1391.25 , 940.10 
 0.00 , 1234.72 , 832.93 
 0.00 , 1128.75 , 760.58 
2572.06 , 631.72 , 2815.73 
 0.00 , 45.87 , 30.56 
 0.00 ,  0.00 ,  0.00 
 0.00 , 209.69 , 139.92 
 0.00 , 414.66 , 277.29 
 0.00 , 450.58 , 301.43 
 0.00 , 756.03 , 507.41 
 0.00 , 736.11 , 493.94 
 0.00 , 553.66 , 370.79 
 0.00 , 606.92 , 406.69 
 0.00 , 666.20 , 446.69 
 0.00 , 728.87 , 489.04 
 0.00 ,  0.00 ,  0.00 
 0.00 ,  0.00 ,  0.00 
 0.00 ,  0.00 ,  0.00 
 0.00 ,  0.00 ,  0.00 
 0.00 ,  0.00 ,  0.00 
 0.00 ,  0.00 ,  0.00 
2560.05 ,  0.00 , 2380.85 
 0.00 , 135.79 , 90.53 
 0.00 , 6265.02 , 4466.94 
 0.00 , 2183.92 , 1488.38 
 0.00 , 1729.99 , 1173.26 
 0.00 , 1390.24 , 939.41 
 0.00 , 1356.96 , 916.59 
 0.00 , 729.58 , 489.52 
 0.00 , 1273.68 , 859.57 
 0.00 , 897.90 , 603.54 
 0.00 , 797.55 , 535.51 
 0.00 , 910.28 , 611.94 
 0.00 , 1339.63 , 904.72 
2571.93 , 1359.65 , 3311.75 
 0.00 , 1181.60 , 796.64 
 0.00 , 1232.96 , 831.73 
 0.00 , 1290.70 , 871.22 
 0.00 , 1296.48 , 875.17 
 0.00 ,  0.00 ,  0.00 
 0.00 ,  0.00 ,  0.00 
 0.00 ,  0.00 ,  0.00 
 0.00 ,  0.00 ,  0.00 
 0.00 , 28.23 , 18.80 
 0.00 , 794.50 , 533.45 
 0.00 , 937.25 , 630.25 
 0.00 , 1066.47 , 718.14 
 0.00 , 6282.13 , 4480.00 
 0.00 , 2576.59 , 1763.48 
 0.00 , 332.96 , 222.47 
2589.41 ,  0.00 , 2408.15 
 0.00 ,  0.00 ,  0.00 
 0.00 ,  0.00 ,  0.00 
 0.00 ,  0.00 ,  0.00 
 0.00 ,  0.00 ,  0.00 
 0.00 ,  0.00 ,  0.00 
 0.00 ,  0.00 ,  0.00 
 0.00 ,  0.00 ,  0.00 
 0.00 ,  0.00 ,  0.00 
 0.00 ,  0.00 ,  0.00 
 0.00 ,  0.00 ,  0.00 
 0.00 ,  0.00 ,  0.00 
 0.00 , 418.02 , 279.55 
 0.00 ,  0.00 ,  0.00 
2544.58 ,  0.00 , 2366.46 
 0.00 ,  0.00 ,  0.00 
 0.00 ,  0.00 ,  0.00 
 0.00 ,  0.00 ,  0.00 
 0.00 ,  0.00 ,  0.00 
 0.00 ,  0.00 ,  0.00 
 0.00 ,  0.00 ,  0.00 
 0.00 , 5389.21 , 3804.77 
 0.00 , 1745.27 , 1183.81 
 0.00 , 1584.37 , 1072.82 
 0.00 , 1553.41 , 1051.50 
 0.00 , 1192.85 , 804.33 
 0.00 , 493.08 , 330.01 
 0.00 , 793.27 , 532.62 
 0.00 , 794.66 , 533.55 
 0.00 , 901.61 , 606.05 
2529.13 , 1043.97 , 3055.72 
 0.00 , 1173.42 , 791.06 
 0.00 , 1144.76 , 771.50 
 0.00 , 895.06 , 601.61 
 0.00 , 933.18 , 627.49 
 0.00 , 926.46 , 622.92 
 0.00 , 975.89 , 656.51 
 0.00 ,  0.00 ,  0.00 
 0.00 ,  0.00 ,  0.00 
 0.00 ,  0.00 ,  0.00 
 0.00 ,  0.00 ,  0.00 
 0.00 ,  0.00 ,  0.00 
 0.00 ,  0.00 ,  0.00 
 0.00 , 348.90 , 233.15 
 0.00 , 734.78 , 493.03 
 0.00 , 6282.13 , 4480.00 
 0.00 , 2288.64 , 1561.52 
2707.20 , 746.83 , 3019.33 
 0.00 , 26.63 , 17.73 
 0.00 , 790.84 , 530.97 
 0.00 , 949.74 , 638.73 
 0.00 , 1185.16 , 799.07 
 0.00 , 912.09 , 613.17 
 0.00 , 1055.07 , 710.37 
 0.00 , 1359.77 , 918.52 
 0.00 , 1543.91 , 1044.97 
 0.00 , 1495.78 , 1011.86 
 0.00 , 1256.70 , 847.96 
 0.00 , 1247.28 , 841.51 
 0.00 , 1296.96 , 875.50 
2504.03 , 1295.32 , 3204.37 
 0.00 ,  0.00 ,  0.00 
 0.00 ,  0.00 ,  0.00 
 0.00 ,  0.00 ,  0.00 
 0.00 ,  0.00 ,  0.00 
 0.00 ,  0.00 ,  0.00 
 0.00 , 125.82 , 83.88 
 0.00 , 544.68 , 364.74 
 0.00 , 555.66 , 372.13 
 0.00 , 6251.72 , 4456.78 
 0.00 , 2008.40 , 1366.16 
 0.00 , 528.15 , 353.61 
 0.00 ,  0.00 ,  0.00 
 0.00 ,  0.00 ,  0.00 
 0.00 ,  0.00 ,  0.00 
 0.00 ,  0.00 ,  0.00 
2506.38 ,  0.00 , 2330.94 
 0.00 ,  0.00 ,  0.00 
 0.00 ,  0.00 ,  0.00 
 0.00 ,  0.00 ,  0.00 
 0.00 ,  0.00 ,  0.00 
 0.00 ,  0.00 ,  0.00 
 0.00 ,  0.00 ,  0.00 
 0.00 ,  0.00 ,  0.00 
 0.00 ,  0.00 ,  0.00 
 0.00 ,  0.00 ,  0.00 
 0.00 ,  0.00 ,  0.00 
 0.00 ,  0.00 ,  0.00 
 0.00 ,  0.00 ,  0.00 
 0.00 ,  0.00 ,  0.00 
 0.00 ,  0.00 ,  0.00 
 0.00 ,  0.00 ,  0.00 
 0.00 ,  0.00 ,  0.00 
2510.33 , 4455.26 , 5463.35 
 0.00 , 1575.75 , 1066.88 
 0.00 , 1253.89 , 846.04 
 0.00 , 365.30 , 244.16 
 0.00 ,  0.00 ,  0.00 
 0.00 , 393.49 , 263.07 
 0.00 , 348.65 , 232.98 
 0.00 , 756.42 , 507.68 
 0.00 , 706.90 , 474.18 
 0.00 , 890.70 , 598.65 
 0.00 , 1005.68 , 676.76 
 0.00 , 1001.03 , 673.60 
 0.00 , 812.05 , 545.33 
2578.37 , 803.40 , 2937.85 
 0.00 , 854.84 , 574.33 
 0.00 , 909.33 , 611.30 
 0.00 ,  0.00 ,  0.00 
 0.00 ,  0.00 ,  0.00 
 0.00 ,  0.00 ,  0.00 
 0.00 ,  0.00 ,  0.00 
 0.00 ,  0.00 ,  0.00 
 0.00 ,  0.00 ,  0.00 
 0.00 ,  0.00 ,  0.00 
 0.00 , 393.46 , 263.05 
 0.00 , 6242.01 , 4449.37 
 0.00 , 2118.71 , 1442.92 
 0.00 , 1927.34 , 1309.88 
 0.00 , 1745.66 , 1184.08 
 0.00 , 1400.95 , 946.75 
2551.21 , 1097.09 , 3112.53 
 0.00 , 1033.72 , 695.84 
 0.00 , 1043.97 , 702.82 
 0.00 , 911.94 , 613.06 
 0.00 , 1116.80 , 752.43 
 0.00 , 1440.11 , 973.62 
 0.00 , 1359.84 , 918.56 
 0.00 , 1167.15 , 786.78 
 0.00 , 1154.67 , 778.26 
 0.00 , 1201.53 , 810.25 
 0.00 , 1252.73 , 845.24 
 0.00 ,  0.00 ,  0.00 
 0.00 ,  0.00 ,  0.00 
 0.00 ,  0.00 ,  0.00 
 0.00 ,  0.00 ,  0.00 
 0.00 ,  0.00 ,  0.00 
 0.00 , 104.53 , 69.67 
 0.00 , 596.70 , 399.79 
2510.37 , 720.56 , 2818.45 
 0.00 , 6282.13 , 4480.00 
 0.00 , 2233.04 , 1522.66 
 0.00 , 1680.84 , 1139.32 
 0.00 , 720.54 , 483.41 
 0.00 , 1292.20 , 872.24 
 0.00 , 1374.27 , 928.46 
 0.00 , 471.77 , 315.67 
 0.00 , 592.64 , 397.06 
 0.00 , 39.92 , 26.59 
 0.00 , 727.82 , 488.33 
 0.00 , 1212.94 , 818.05 
 0.00 , 1197.05 , 807.19 
2678.14 , 1018.81 , 3177.19 
 0.00 , 1019.36 , 686.07 
 0.00 , 1073.70 , 723.06 
 0.00 , 1077.07 , 725.36 
 0.00 ,  0.00 ,  0.00 
 0.00 ,  0.00 ,  0.00 
 0.00 ,  0.00 ,  0.00 
 0.00 ,  0.00 ,  0.00 
 0.00 ,  0.00 ,  0.00 
 0.00 ,  0.00 ,  0.00 
 0.00 , 78.53 , 52.33 
 0.00 , 471.01 , 315.16 
 0.00 , 6234.35 , 4443.52 
 0.00 , 2111.07 , 1437.59 
 0.00 , 1784.31 , 1210.80 
 0.00 , 1123.68 , 757.12 
2572.06 , 617.71 , 2806.27 
 0.00 , 406.93 , 272.10 
 0.00 , 490.18 , 328.06 
 0.00 , 899.45 , 604.59 
 0.00 , 1214.64 , 819.21 
 0.00 , 1327.64 , 896.50 
 0.00 , 1388.87 , 938.47 
 0.00 , 1354.95 , 915.21 
 0.00 , 1106.77 , 745.59 
 0.00 , 1145.05 , 771.70 
 0.00 , 1138.30 , 767.09 
 0.00 , 1187.06 , 800.37 
 0.00 ,  0.00 ,  0.00 
 0.00 ,  0.00 ,  0.00 
 0.00 ,  0.00 ,  0.00 
 0.00 ,  0.00 ,  0.00 
 0.00 ,  0.00 ,  0.00 
 0.00 , 214.73 , 143.29 
2560.05 , 807.27 , 2923.43 
 0.00 , 941.84 , 633.37 
 0.00 , 6282.13 , 4480.00 
 0.00 , 2581.11 , 1766.66 
 0.00 , 2293.78 , 1565.11 
 0.00 , 2047.52 , 1393.36 
 0.00 , 1741.18 , 1180.99 
 0.00 , 1806.04 , 1225.84 
 0.00 , 1683.56 , 1141.20 
 0.00 , 1303.66 , 880.09 
 0.00 , 925.42 , 622.22 
 0.00 , 1438.81 , 972.73 
 0.00 , 1765.22 , 1197.61 
2571.93 , 1752.84 , 3583.32 
 0.00 , 1516.97 , 1026.43 
 0.00 , 1558.52 , 1055.02 
 0.00 , 1554.51 , 1052.26 
 0.00 , 1550.55 , 1049.53 
 0.00 ,  0.00 ,  0.00 
 0.00 ,  0.00 ,  0.00 
 0.00 ,  0.00 ,  0.00 
 0.00 ,  0.00 ,  0.00 
 0.00 , 492.71 , 329.76 
 0.00 , 812.06 , 545.34 
 0.00 , 881.60 , 592.48 
 0.00 , 938.05 , 630.79 
 0.00 , 6282.13 , 4480.00 
 0.00 , 2433.40 , 1662.89 
 0.00 , 2225.29 , 1517.25 
2589.41 , 2014.93 , 3782.04 
 0.00 , 1820.34 , 1235.73 
 0.00 , 1524.79 , 1031.81 
 0.00 , 374.40 , 250.26 
 0.00 ,  0.00 ,  0.00 
 0.00 , 342.61 , 228.93 
 0.00 , 1278.69 , 862.99 
 0.00 , 1416.43 , 957.37 
 0.00 , 1413.96 , 955.68 
 0.00 , 1179.42 , 795.16 
 0.00 , 1225.68 , 826.75 
 0.00 , 1225.47 , 826.61 
 0.00 , 1278.05 , 862.56 
 0.00 ,  0.00 ,  0.00 
2544.58 ,  0.00 , 2366.46 
 0.00 ,  0.00 ,  0.00 
 0.00 ,  0.00 ,  0.00 
 0.00 ,  0.00 ,  0.00 
 0.00 , 701.88 , 470.79 
 0.00 , 895.37 , 601.82 
 0.00 , 1020.90 , 687.11 
 0.00 , 6282.13 , 4480.00 
 0.00 , 2699.28 , 1849.92 
 0.00 , 2199.87 , 1499.51 
 0.00 , 1571.07 , 1063.66 
 0.00 , 763.59 , 512.52 
 0.00 , 1203.23 , 811.42 
 0.00 , 1212.78 , 817.94 
 0.00 , 982.97 , 661.32 
 0.00 , 1049.69 , 706.71 
2529.13 , 1380.77 , 3286.44 
 0.00 , 1657.10 , 1122.94 
 0.00 , 1657.73 , 1123.38 
 0.00 , 1474.33 , 997.13 
 0.00 , 1520.37 , 1028.77 
 0.00 , 1573.35 , 1065.23 
 0.00 , 1629.06 , 1103.60 
 0.00 ,  0.00 ,  0.00 
 0.00 ,  0.00 ,  0.00 
 0.00 ,  0.00 ,  0.00 
 0.00 ,  0.00 ,  0.00 
 0.00 , 857.49 , 576.13 
 0.00 , 1080.01 , 727.36 
 0.00 , 1210.86 , 816.63 
 0.00 , 1275.68 , 860.94 
 0.00 , 6282.13 , 4480.00 
 0.00 , 2883.17 , 1979.90 
2707.20 , 1773.11 , 3723.34 
 0.00 , 1044.59 , 703.24 
 0.00 , 15.57 , 10.37 
 0.00 ,  0.00 ,  0.00 
 0.00 ,  0.00 ,  0.00 
 0.00 ,  0.00 ,  0.00 
 0.00 ,  0.00 ,  0.00 
 0.00 ,  0.00 ,  0.00 
 0.00 , 547.55 , 366.67 
 0.00 , 1286.54 , 868.37 
 0.00 , 1164.06 , 784.67 
 0.00 , 1255.50 , 847.13 
 0.00 , 1342.69 , 906.82 
2504.03 , 1422.43 , 3291.75 
 0.00 ,  0.00 ,  0.00 
 0.00 ,  0.00 ,  0.00 
 0.00 ,  0.00 ,  0.00 
 0.00 ,  0.00 ,  0.00 
 0.00 , 645.96 , 433.03 
 0.00 , 1067.65 , 718.94 
 0.00 , 1265.38 , 853.89 
 0.00 , 1397.38 , 944.30 
 0.00 , 6282.13 , 4480.00 
 0.00 , 3101.02 , 2134.58 
 0.00 , 1638.89 , 1110.39 
 0.00 , 1188.48 , 801.34 
 0.00 , 201.19 , 134.23 
 0.00 ,  0.00 ,  0.00 
 0.00 ,  0.00 ,  0.00 
2506.38 ,  0.00 , 2330.94 
 0.00 ,  0.00 ,  0.00 
 0.00 ,  0.00 ,  0.00 
 0.00 , 461.32 , 308.65 
 0.00 , 1448.20 , 979.18 
 0.00 , 1274.39 , 860.06 
 0.00 , 1430.92 , 967.32 
 0.00 , 1476.72 , 998.77 
 0.00 , 1565.80 , 1060.03 
 0.00 ,  0.00 ,  0.00 
 0.00 ,  0.00 ,  0.00 
 0.00 ,  0.00 ,  0.00 
 0.00 , 25.40 , 16.92 
 0.00 , 1034.92 , 696.66 
 0.00 , 1193.25 , 804.60 
 0.00 , 1333.10 , 900.25 
 0.00 , 1461.20 , 988.11 
2510.33 , 6239.46 , 6814.60 
 0.00 , 3236.28 , 2230.98 
 0.00 , 2316.18 , 1580.78 
 0.00 , 661.22 , 443.33 
 0.00 , 638.09 , 427.71 
 0.00 ,  9.97 ,  6.64 
 0.00 ,  0.00 ,  0.00 
 0.00 ,  0.00 ,  0.00 
 0.00 ,  0.00 ,  0.00 
 0.00 ,  0.00 ,  0.00 
 0.00 , 28.76 , 19.15 
 0.00 , 1486.61 , 1005.56 
 0.00 , 1398.55 , 945.11 
2578.37 , 1512.94 , 3423.31 
 0.00 , 1623.09 , 1099.49 
 0.00 , 1721.38 , 1167.31 
 0.00 ,  0.00 ,  0.00 
 0.00 ,  0.00 ,  0.00 
 0.00 ,  0.00 ,  0.00 
 0.00 , 285.07 , 190.37 
 0.00 , 1048.58 , 705.95 
 0.00 , 1145.87 , 772.26 
 0.00 , 1224.71 , 826.09 
 0.00 , 1290.28 , 870.93 
 0.00 , 6282.13 , 4480.00 
 0.00 , 2976.42 , 2046.02 
 0.00 , 2459.03 , 1680.88 
 0.00 , 2243.95 , 1530.28 
 0.00 , 1793.53 , 1217.18 
2551.21 , 1839.02 , 3623.89 
 0.00 , 1553.86 , 1051.81 
 0.00 , 1859.60 , 1262.92 
 0.00 , 1901.53 , 1291.98 
 0.00 , 1779.65 , 1207.58 
 0.00 , 2103.54 , 1432.35 
 0.00 , 2042.27 , 1389.71 
 0.00 , 1795.38 , 1218.46 
 0.00 , 1830.69 , 1242.89 
 0.00 , 1822.11 , 1236.95 
 0.00 , 1868.51 , 1269.09 
 0.00 ,  0.00 ,  0.00 
 0.00 ,  0.00 ,  0.00 
 0.00 ,  0.00 ,  0.00 
 0.00 , 305.89 , 204.32 
 0.00 , 1052.48 , 708.61 
 0.00 , 1135.35 , 765.08 
 0.00 , 1256.54 , 847.85 
2515.56 , 1312.96 , 3227.21 
 0.00 , 6282.13 , 4480.00 
 0.00 , 2818.49 , 1934.12 
 0.00 , 1043.41 , 702.44 
 0.00 ,  0.00 ,  0.00 
 0.00 ,  0.00 ,  0.00 
 0.00 ,  0.00 ,  0.00 
 0.00 ,  0.00 ,  0.00 
 0.00 ,  0.00 ,  0.00 
 0.00 ,  0.00 ,  0.00 
 0.00 ,  0.00 ,  0.00 
 0.00 , 150.55 , 100.39 
2507.69 , 1102.21 , 3075.54 
 0.00 , 966.48 , 650.11 
 0.00 , 1055.83 , 710.89 
 0.00 , 1195.43 , 806.09 
 0.00 , 1279.76 , 863.73 
 0.00 ,  0.00 ,  0.00 
 0.00 ,  0.00 ,  0.00 
 0.00 ,  0.00 ,  0.00 
 0.00 ,  0.00 ,  0.00 
 0.00 , 621.55 , 416.56 
 0.00 , 1170.65 , 789.17 
 0.00 , 1320.78 , 891.81 
 0.00 , 1511.09 , 1022.39 
 0.00 , 6282.13 , 4480.00 
 0.00 , 3200.48 , 2205.44 
 0.00 , 1857.47 , 1261.44 
2652.56 , 169.84 , 2580.18 
 0.00 ,  0.00 ,  0.00 
 0.00 ,  0.00 ,  0.00 
 0.00 ,  0.00 ,  0.00 
 0.00 ,  0.00 ,  0.00 
 0.00 ,  0.00 ,  0.00 
 0.00 ,  0.00 ,  0.00 
 0.00 , 855.65 , 574.88 
 0.00 , 1432.22 , 968.21 
 0.00 , 1313.54 , 886.85 
 0.00 , 1353.89 , 914.49 
 0.00 , 1440.83 , 974.12 
 0.00 , 1470.36 , 994.40 
2543.40 ,  0.00 , 2365.36 
 0.00 ,  0.00 ,  0.00 
 0.00 ,  0.00 ,  0.00 
 0.00 ,  0.00 ,  0.00 
 0.00 , 527.57 , 353.22 
 0.00 , 890.82 , 598.73 
 0.00 , 970.07 , 652.55 
 0.00 , 1035.28 , 696.90 
 0.00 , 6282.13 , 4480.00 
 0.00 , 2642.19 , 1809.67 
 0.00 , 1084.25 , 730.25 
 0.00 ,  0.00 ,  0.00 
 0.00 , 265.41 , 177.21 
 0.00 ,  0.00 ,  0.00 
 0.00 ,  0.00 ,  0.00 
 0.00 ,  0.00 ,  0.00 
2512.31 ,  0.00 , 2336.45 
 0.00 ,  0.00 ,  0.00 
 0.00 ,  0.00 ,  0.00 
 0.00 , 415.11 , 277.59 
 0.00 , 714.36 , 479.23 
 0.00 , 809.13 , 543.36 
 0.00 , 898.31 , 603.82 
 0.00 , 981.54 , 660.34 
 0.00 ,  0.00 ,  0.00 
 0.00 ,  0.00 ,  0.00 
 0.00 ,  0.00 ,  0.00 
 0.00 ,  0.00 ,  0.00 
 0.00 ,  0.00 ,  0.00 
 0.00 , 47.76 , 31.81 
 0.00 , 771.10 , 517.61 
 0.00 , 967.92 , 651.09 
 0.00 , 6282.13 , 4480.00 
2683.87 , 2654.09 , 4319.89 
 0.00 , 1380.99 , 933.06 
 0.00 , 12.82 ,  8.54 
 0.00 ,  0.00 ,  0.00 
 0.00 ,  0.00 ,  0.00 
 0.00 ,  0.00 ,  0.00 
 0.00 ,  0.00 ,  0.00 
 0.00 ,  0.00 ,  0.00 
 0.00 ,  0.00 ,  0.00 
 0.00 ,  0.00 ,  0.00 
 0.00 ,  0.00 ,  0.00 
 0.00 , 117.07 , 78.04 
 0.00 , 746.87 , 501.21 
2622.95 , 864.13 , 3020.55 
 0.00 , 970.34 , 652.73 
 0.00 ,  0.00 ,  0.00 
 0.00 ,  0.00 ,  0.00 
 0.00 ,  0.00 ,  0.00 
 0.00 ,  0.00 ,  0.00 
 0.00 ,  0.00 ,  0.00 
 0.00 , 288.95 , 192.97 
 0.00 , 846.37 , 568.59 
 0.00 , 990.42 , 666.38 
 0.00 , 6282.13 , 4480.00 
 0.00 , 2758.50 , 1891.72 
 0.00 , 2686.88 , 1841.17 
 0.00 , 2373.01 , 1620.56 
 0.00 , 757.23 , 508.22 
 0.00 ,  0.00 ,  0.00 
2591.50 , 15.90 , 2420.68 
 0.00 ,  0.00 ,  0.00 
 0.00 ,  0.00 ,  0.00 
 0.00 , 416.89 , 278.79 
 0.00 , 1288.42 , 869.66 
 0.00 , 1370.13 , 925.62 
 0.00 , 1151.22 , 775.91 
 0.00 , 1218.21 , 821.65 
 0.00 , 1286.99 , 868.68 
 0.00 , 1355.96 , 915.90 
 0.00 ,  0.00 ,  0.00 
 0.00 ,  0.00 ,  0.00 
 0.00 ,  0.00 ,  0.00 
 0.00 ,  0.00 ,  0.00 
 0.00 , 67.56 , 45.01 
 0.00 , 764.80 , 513.34 
 0.00 , 902.71 , 606.80 
 0.00 , 1028.50 , 692.29 
2720.90 , 6235.51 , 7010.44 
 0.00 , 2725.92 , 1868.72 
 0.00 , 2392.39 , 1634.14 
 0.00 , 2210.96 , 1507.25 
 0.00 , 1910.00 , 1297.85 
 0.00 , 1583.98 , 1072.55 
 0.00 , 1759.34 , 1193.54 
 0.00 , 1706.94 , 1157.34 
 0.00 , 1674.21 , 1134.75 
 0.00 , 1517.19 , 1026.59 
 0.00 , 1871.61 , 1271.24 
 0.00 , 1874.16 , 1273.00 
 0.00 , 1629.27 , 1103.75 
2646.94 , 1662.66 , 3590.64 
 0.00 , 1712.00 , 1160.83 
 0.00 , 1708.09 , 1158.13 
 0.00 ,  0.00 ,  0.00 
 0.00 ,  0.00 ,  0.00 
 0.00 ,  0.00 ,  0.00 
 0.00 , 16.95 , 11.29 
 0.00 , 887.45 , 596.45 
 0.00 , 1025.54 , 690.27 
 0.00 , 1095.11 , 737.65 
 0.00 , 1207.63 , 814.42 
 0.00 , 6282.13 , 4480.00 
 0.00 , 2844.81 , 1952.75 
 0.00 , 2614.98 , 1790.50 
 0.00 , 1957.55 , 1330.84 
 0.00 , 1744.44 , 1183.24 
2612.94 , 1473.28 , 3428.14 
 0.00 , 1439.55 , 973.24 
 0.00 , 1538.18 , 1041.03 
 0.00 , 1037.35 , 698.31 
 0.00 , 949.99 , 638.90 
 0.00 , 1634.41 , 1107.30 
 0.00 , 1690.72 , 1146.14 
 0.00 , 1496.97 , 1012.68 
 0.00 , 1489.12 , 1007.29 
 0.00 , 1538.49 , 1041.24 
 0.00 , 1590.95 , 1077.35 
 0.00 ,  0.00 ,  0.00 
 0.00 ,  0.00 ,  0.00 
 0.00 ,  0.00 ,  0.00 
 0.00 ,  0.00 ,  0.00 
 0.00 , 585.96 , 392.55 
 0.00 , 910.03 , 611.77 
 0.00 , 1036.91 , 698.01 
2566.78 , 1097.91 , 3127.59 
 0.00 , 6282.13 , 4480.00 
 0.00 , 2668.53 , 1828.23 
 0.00 , 2099.15 , 1429.30 
 0.00 , 583.30 , 390.76 
 0.00 , 875.08 , 588.06 
 0.00 , 819.14 , 550.14 
 0.00 , 909.91 , 611.69 
 0.00 , 949.24 , 638.40 
 0.00 , 1172.51 , 790.44 
 0.00 , 1509.82 , 1021.52 
 0.00 , 1640.57 , 1111.54 
2507.69 , 1614.75 , 3427.85 
 0.00 , 1429.81 , 966.55 
 0.00 , 1473.53 , 996.58 
 0.00 , 1524.93 , 1031.91 
 0.00 , 1525.59 , 1032.36 
 0.00 ,  0.00 ,  0.00 
 0.00 ,  0.00 ,  0.00 
 0.00 ,  0.00 ,  0.00 
 0.00 ,  0.00 ,  0.00 
 0.00 , 873.68 , 587.11 
 0.00 , 1098.51 , 739.96 
 0.00 , 1230.23 , 829.86 
 0.00 , 1350.65 , 912.27 
 0.00 , 6282.13 , 4480.00 
 0.00 , 2959.59 , 2034.08 
 0.00 , 2412.20 , 1648.03 
2652.56 , 1841.63 , 3720.07 
 0.00 , 1541.46 , 1043.28 
 0.00 , 1414.92 , 956.34 
 0.00 , 452.46 , 302.69 
 0.00 , 597.29 , 400.20 
 0.00 , 1016.11 , 683.86 
 0.00 , 1378.02 , 931.03 
 0.00 , 1740.48 , 1180.50 
 0.00 , 1737.17 , 1178.22 
 0.00 , 1545.24 , 1045.88 
 0.00 , 1595.73 , 1080.64 
 0.00 , 1597.33 , 1081.74 
 0.00 , 1652.46 , 1119.74 
2543.40 ,  0.00 , 2365.36 
 0.00 ,  0.00 ,  0.00 
 0.00 ,  0.00 ,  0.00 
 0.00 , 16.93 , 11.28 
 0.00 , 975.68 , 656.36 
 0.00 , 1065.49 , 717.47 
 0.00 , 1191.68 , 803.52 
 0.00 , 1253.82 , 845.99 
 0.00 , 6282.13 , 4480.00 
 0.00 , 2949.73 , 2027.09 
 0.00 , 2655.37 , 1818.95 
 0.00 , 2419.47 , 1653.12 
 0.00 , 2218.40 , 1512.44 
 0.00 , 2143.01 , 1459.85 
 0.00 , 1525.76 , 1032.48 
 0.00 , 62.17 , 41.42 
2512.31 , 480.35 , 2658.06 
 0.00 , 794.26 , 533.28 
 0.00 , 1577.07 , 1067.79 
 0.00 , 1662.17 , 1126.44 
 0.00 , 1429.45 , 966.31 
 0.00 , 1482.29 , 1002.60 
 0.00 , 1540.07 , 1042.33 
 0.00 , 1598.57 , 1082.60 
 0.00 ,  0.00 ,  0.00 
 0.00 ,  0.00 ,  0.00 
 0.00 ,  0.00 ,  0.00 
 0.00 ,  0.00 ,  0.00 
 0.00 , 769.55 , 516.56 
 0.00 , 1109.45 , 747.42 
 0.00 , 1188.80 , 801.56 
 0.00 , 1362.61 , 920.46 
 0.00 , 6282.13 , 4480.00 
2683.87 , 3130.80 , 4659.99 
 0.00 , 2844.22 , 1952.33 
 0.00 , 2611.69 , 1788.19 
 0.00 , 2434.95 , 1663.98 
 0.00 , 2245.56 , 1531.41 
 0.00 , 2118.69 , 1442.90 
 0.00 , 2249.68 , 1534.29 
 0.00 , 2322.08 , 1584.90 
 0.00 , 2432.55 , 1662.29 
 0.00 , 2527.13 , 1728.70 
 0.00 , 2420.18 , 1653.62 
 0.00 , 2112.17 , 1438.37 
 0.00 , 2084.86 , 1419.35 
2622.95 , 2061.61 , 3845.89 
 0.00 , 2051.58 , 1396.19 
 0.00 ,  0.00 ,  0.00 
 0.00 ,  0.00 ,  0.00 
 0.00 ,  0.00 ,  0.00 
 0.00 , 536.38 , 359.15 
 0.00 , 987.49 , 664.39 
 0.00 , 1055.90 , 710.94 
 0.00 , 1112.04 , 749.19 
 0.00 , 1158.77 , 781.06 
 0.00 , 6282.13 , 4480.00 
 0.00 , 2751.96 , 1887.10 
 0.00 , 1993.28 , 1355.66 
 0.00 , 1798.38 , 1220.53 
 0.00 , 1884.74 , 1280.34 
 0.00 , 1369.31 , 925.05 
2591.50 , 1392.49 , 3352.54 
 0.00 , 1592.47 , 1078.40 
 0.00 , 1765.73 , 1197.95 
 0.00 , 1742.06 , 1181.59 
 0.00 , 1862.15 , 1264.69 
 0.00 , 1830.08 , 1242.47 
 0.00 , 1576.45 , 1067.36 
 0.00 , 1607.54 , 1088.78 
 0.00 , 1594.49 , 1079.79 
 0.00 , 1637.62 , 1109.51 
 0.00 ,  0.00 ,  0.00 
 0.00 ,  0.00 ,  0.00 
 0.00 ,  0.00 ,  0.00 
 0.00 ,  0.00 ,  0.00 
 0.00 , 981.79 , 660.52 
 0.00 , 1226.62 , 827.39 
 0.00 , 1413.90 , 955.63 
 0.00 , 1592.41 , 1078.36 
2720.90 , 6235.51 , 7010.44 
 0.00 , 3441.25 , 2377.61 
 0.00 , 1902.77 , 1292.83 
 0.00 , 550.45 , 368.62 
 0.00 ,  0.00 ,  0.00 
 0.00 , 47.11 , 31.38 
 0.00 ,  0.00 ,  0.00 
 0.00 ,  0.00 ,  0.00 
 0.00 ,  0.00 ,  0.00 
 0.00 ,  0.00 ,  0.00 
 0.00 , 866.91 , 582.52 
 0.00 , 1585.14 , 1073.35 
 0.00 , 1405.86 , 950.12 
2646.94 , 1498.39 , 3477.10 
 0.00 , 1537.97 , 1040.88 
 0.00 , 1620.00 , 1097.37 
 0.00 ,  0.00 ,  0.00 
 0.00 ,  0.00 ,  0.00 
 0.00 ,  0.00 ,  0.00 
 0.00 ,  0.00 ,  0.00 
 0.00 , 731.26 , 490.65 
 0.00 , 976.19 , 656.71 
 0.00 , 1052.94 , 708.93 
 0.00 , 1115.98 , 751.88 
 0.00 , 6282.13 , 4480.00 
 0.00 , 2783.64 , 1909.48 
 0.00 , 2045.50 , 1391.96 
 0.00 , 1768.32 , 1199.75 
 0.00 , 1422.07 , 961.24 
2612.94 , 1310.81 , 3316.36 
 0.00 , 578.07 , 387.23 
 0.00 , 635.27 , 425.81 
 0.00 , 11.66 ,  7.76 
 0.00 , 80.24 , 53.47 
 0.00 , 1246.96 , 841.30 
 0.00 , 1331.07 , 898.85 
 0.00 , 1118.44 , 753.55 
 0.00 , 1177.68 , 793.96 
 0.00 , 1185.74 , 799.47 
 0.00 , 1245.20 , 840.10 
 0.00 ,  0.00 ,  0.00 
 0.00 ,  0.00 ,  0.00 
 0.00 ,  0.00 ,  0.00 
 0.00 ,  0.00 ,  0.00 
 0.00 ,  0.00 ,  0.00 
 0.00 , 43.16 , 28.75 
 0.00 , 601.59 , 403.10 
2566.78 , 725.47 , 2874.25 
 0.00 , 6282.13 , 4480.00 
 0.00 , 2269.52 , 1548.15 
 0.00 , 2117.32 , 1441.95 
 0.00 , 1933.12 , 1313.89 
 0.00 , 1701.90 , 1153.86 
 0.00 , 1665.89 , 1129.01 
 0.00 , 1678.62 , 1137.79 
 0.00 , 1545.34 , 1045.95 
 0.00 , 1552.94 , 1051.18 
 0.00 , 1639.09 , 1110.52 
 0.00 , 1761.42 , 1194.98 
2507.69 , 1647.53 , 3450.53 
 0.00 , 1389.99 , 939.23 
 0.00 , 1416.91 , 957.70 
 0.00 , 1401.25 , 946.96 
 0.00 , 1388.30 , 938.08 
 0.00 ,  0.00 ,  0.00 
 0.00 ,  0.00 ,  0.00 
 0.00 ,  0.00 ,  0.00 
 0.00 ,  0.00 ,  0.00 
 0.00 ,  0.00 ,  0.00 
 0.00 , 311.01 , 207.75 
 0.00 , 594.73 , 398.47 
 0.00 , 652.78 , 437.63 
 0.00 , 6251.62 , 4456.71 
 0.00 , 2173.10 , 1480.83 
 0.00 , 1573.19 , 1065.12 
2652.56 , 1537.81 , 3509.54 
 0.00 , 1226.39 , 827.24 
 0.00 , 638.78 , 428.18 
 0.00 ,  0.00 ,  0.00 
 0.00 ,  0.00 ,  0.00 
 0.00 ,  0.00 ,  0.00 
 0.00 ,  0.00 ,  0.00 
 0.00 , 91.13 , 60.73 
 0.00 , 790.73 , 530.90 
 0.00 , 633.58 , 424.67 
 0.00 , 700.68 , 469.98 
 0.00 , 768.55 , 515.88 
 0.00 , 835.40 , 561.15 
2543.40 ,  0.00 , 2365.36 
 0.00 ,  0.00 ,  0.00 
 0.00 ,  0.00 ,  0.00 
 0.00 ,  0.00 ,  0.00 
 0.00 ,  0.00 ,  0.00 
 0.00 ,  0.00 ,  0.00 
 0.00 , 680.06 , 456.05 
 0.00 , 942.95 , 634.12 
 0.00 , 6282.13 , 4480.00 
 0.00 , 2763.31 , 1895.12 
 0.00 , 2069.15 , 1408.41 
 0.00 , 786.08 , 527.75 
 0.00 , 816.58 , 548.40 
 0.00 , 788.61 , 529.46 
 0.00 ,  0.00 ,  0.00 
 0.00 ,  0.00 ,  0.00 
2512.31 ,  0.00 , 2336.45 
 0.00 ,  0.00 ,  0.00 
 0.00 , 787.24 , 528.53 
 0.00 , 1259.21 , 849.67 
 0.00 , 1124.28 , 757.53 
 0.00 , 1153.20 , 777.26 
 0.00 , 1230.83 , 830.27 
 0.00 , 1306.89 , 882.29 
 0.00 ,  0.00 ,  0.00 
 0.00 ,  0.00 ,  0.00 
 0.00 ,  0.00 ,  0.00 
 0.00 ,  0.00 ,  0.00 
 0.00 ,  0.00 ,  0.00 
 0.00 , 377.99 , 252.67 
 0.00 , 680.33 , 456.23 
 0.00 , 804.10 , 539.95 
 0.00 , 6282.13 , 4480.00 
2683.87 , 2454.40 , 4178.59 
 0.00 , 905.23 , 608.51 
 0.00 ,  4.29 ,  2.85 
 0.00 , 308.34 , 205.96 
 0.00 , 329.73 , 220.30 
 0.00 ,  0.00 ,  0.00 
 0.00 ,  0.00 ,  0.00 
 0.00 ,  0.00 ,  0.00 
 0.00 ,  0.00 ,  0.00 
 0.00 ,  0.00 ,  0.00 
 0.00 , 117.61 , 78.40 
 0.00 , 589.47 , 394.92 
 0.00 , 683.21 , 458.18 
2622.95 , 770.22 , 2956.81 
 0.00 , 853.37 , 573.33 
 0.00 ,  0.00 ,  0.00 
 0.00 ,  0.00 ,  0.00 
 0.00 ,  0.00 ,  0.00 
 0.00 ,  0.00 ,  0.00 
 0.00 ,  0.00 ,  0.00 
 0.00 ,  0.00 ,  0.00 
 0.00 , 257.58 , 171.96 
 0.00 , 695.02 , 466.16 
 0.00 , 6282.13 , 4480.00 
 0.00 , 2433.48 , 1662.95 
 0.00 , 1956.54 , 1330.14 
 0.00 , 1472.67 , 995.99 
 0.00 , 152.18 , 101.48 
 0.00 ,  0.00 ,  0.00 
2591.50 ,  0.00 , 2410.09 
 0.00 ,  0.00 ,  0.00 
 0.00 ,  0.00 ,  0.00 
 0.00 ,  0.00 ,  0.00 
 0.00 ,  0.00 ,  0.00 
 0.00 , 278.01 , 185.64 
 0.00 , 673.05 , 451.32 
 0.00 , 770.45 , 517.17 
 0.00 , 860.70 , 578.30 
 0.00 , 945.91 , 636.14 
 0.00 ,  0.00 ,  0.00 
 0.00 ,  0.00 ,  0.00 
 0.00 ,  0.00 ,  0.00 
 0.00 ,  0.00 ,  0.00 
 0.00 ,  0.00 ,  0.00 
 0.00 ,  0.00 ,  0.00 
 0.00 , 595.69 , 399.12 
 0.00 , 870.67 , 585.06 
2720.90 , 6235.51 , 7010.44 
 0.00 , 2623.99 , 1796.85 
 0.00 , 1199.17 , 808.64 
 0.00 , 625.57 , 419.27 
 0.00 , 335.59 , 224.22 
 0.00 ,  0.00 ,  0.00 
 0.00 ,  0.00 ,  0.00 
 0.00 ,  0.00 ,  0.00 
 0.00 ,  0.00 ,  0.00 
 0.00 ,  0.00 ,  0.00 
 0.00 ,  0.00 ,  0.00 
 0.00 , 703.27 , 471.74 
 0.00 , 850.30 , 571.25 
2646.94 , 1001.44 , 3136.33 
 0.00 , 1097.71 , 739.42 
 0.00 , 1240.15 , 836.64 
 0.00 ,  0.00 ,  0.00 
 0.00 ,  0.00 ,  0.00 
 0.00 ,  0.00 ,  0.00 
 0.00 ,  0.00 ,  0.00 
 0.00 , 319.67 , 213.56 
 0.00 , 1069.72 , 720.35 
 0.00 , 1280.17 , 864.01 
 0.00 , 1477.45 , 999.27 
 0.00 , 6282.13 , 4480.00 
 0.00 , 3339.14 , 2304.48 
 0.00 , 2050.23 , 1395.25 
 0.00 , 1402.79 , 948.01 
 0.00 , 677.30 , 454.19 
2612.94 ,  0.00 , 2430.04 
 0.00 ,  0.00 ,  0.00 
 0.00 ,  0.00 ,  0.00 
 0.00 ,  0.00 ,  0.00 
 0.00 ,  0.00 ,  0.00 
 0.00 , 844.85 , 567.56 
 0.00 , 1628.85 , 1103.46 
 0.00 , 1474.08 , 996.95 
 0.00 , 1525.72 , 1032.45 
 0.00 , 1568.37 , 1061.80 
 0.00 , 1656.90 , 1122.81 
 0.00 ,  0.00 ,  0.00 
 0.00 ,  0.00 ,  0.00 
 0.00 ,  0.00 ,  0.00 
 0.00 ,  0.00 ,  0.00 
 0.00 , 535.08 , 358.28 
 0.00 , 802.55 , 538.90 
 0.00 , 821.95 , 552.04 
2566.78 , 879.84 , 2978.98 
 0.00 , 6282.13 , 4480.00 
 0.00 , 2359.36 , 1611.00 
 0.00 , 1619.17 , 1096.79 
 0.00 , 1537.77 , 1040.74 
 0.00 , 1169.05 , 788.07 
 0.00 , 1106.86 , 745.65 
 0.00 , 1235.62 , 833.54 
 0.00 , 1501.22 , 1015.61 
 0.00 , 1397.13 , 944.13 
 0.00 , 1527.07 , 1033.38 
 0.00 , 1656.86 , 1122.78 
2507.69 , 1548.94 , 3382.38 
 0.00 , 1295.45 , 874.47 
 0.00 , 1327.26 , 896.24 
 0.00 , 1315.32 , 888.07 
 0.00 , 1359.43 , 918.29 
 0.00 ,  0.00 ,  0.00 
 0.00 ,  0.00 ,  0.00 
 0.00 ,  0.00 ,  0.00 
 0.00 ,  0.00 ,  0.00 
 0.00 , 64.70 , 43.10 
 0.00 , 876.15 , 588.78 
 0.00 , 1016.43 , 684.07 
 0.00 , 1197.29 , 807.35 
 0.00 , 6282.13 , 4480.00 
 0.00 , 2846.44 , 1953.90 
 0.00 , 2205.16 , 1503.20 
2652.56 , 1398.43 , 3413.46 
 0.00 , 1750.73 , 1187.59 
 0.00 , 1846.77 , 1254.03 
 0.00 , 1700.97 , 1153.22 
 0.00 , 1891.15 , 1284.78 
 0.00 , 2085.28 , 1419.64 
 0.00 , 2199.76 , 1499.43 
 0.00 , 2282.90 , 1557.50 
 0.00 , 2174.98 , 1482.15 
 0.00 , 1979.48 , 1346.07 
 0.00 , 1962.82 , 1334.50 
 0.00 , 2007.00 , 1365.19 
 0.00 , 2002.03 , 1361.74 
2543.40 ,  0.00 , 2365.36 
 0.00 ,  0.00 ,  0.00 
 0.00 ,  0.00 ,  0.00 
 0.00 , 1092.49 , 735.86 
 0.00 , 1399.36 , 945.66 
 0.00 , 1537.34 , 1040.44 
 0.00 , 1661.75 , 1126.15 
 0.00 , 1777.37 , 1206.01 
 0.00 , 6282.13 , 4480.00 
 0.00 , 3555.21 , 2459.42 
 0.00 , 2630.05 , 1801.12 
 0.00 , 1709.16 , 1158.87 
 0.00 , 1991.19 , 1354.21 
 0.00 , 1502.39 , 1016.41 
 0.00 , 442.79 , 296.19 
 0.00 , 44.96 , 29.95 
2512.31 , 363.51 , 2579.50 
 0.00 , 901.72 , 606.13 
 0.00 , 1868.61 , 1269.16 
 0.00 , 1977.67 , 1344.81 
 0.00 , 1838.22 , 1248.11 
 0.00 , 1914.90 , 1301.25 
 0.00 , 1935.90 , 1315.82 
 0.00 , 2006.50 , 1364.85 
 0.00 ,  0.00 ,  0.00 
 0.00 ,  0.00 ,  0.00 
 0.00 ,  0.00 ,  0.00 
 0.00 , 1168.62 , 787.78 
 0.00 , 1404.25 , 949.02 
 0.00 , 1545.39 , 1045.99 
 0.00 , 1673.66 , 1134.37 
 0.00 , 1791.38 , 1215.70 
 0.00 , 6282.13 , 4480.00 
2683.87 , 3559.71 , 4969.38 
 0.00 , 3006.14 , 2067.13 
 0.00 , 1730.75 , 1173.78 
 0.00 , 2145.70 , 1461.73 
 0.00 , 2356.03 , 1608.67 
 0.00 , 2277.19 , 1553.51 
 0.00 , 2305.38 , 1573.22 
 0.00 , 2417.97 , 1652.07 
 0.00 , 2565.81 , 1755.90 
 0.00 , 2732.12 , 1873.10 
 0.00 , 2705.03 , 1853.98 
 0.00 , 2464.78 , 1684.91 
 0.00 , 2449.42 , 1674.13 
2622.95 , 2433.16 , 4106.83 
 0.00 , 2432.75 , 1662.43 
 0.00 ,  0.00 ,  0.00 
 0.00 ,  0.00 ,  0.00 
 0.00 , 602.80 , 403.91 
 0.00 , 1513.15 , 1023.81 
 0.00 , 1546.55 , 1046.78 
 0.00 , 1613.25 , 1092.71 
 0.00 , 1669.14 , 1131.25 
 0.00 , 1716.17 , 1163.71 
 0.00 , 6282.13 , 4480.00 
 0.00 , 3341.25 , 2305.99 
 0.00 , 3231.59 , 2227.63 
 0.00 , 3066.13 , 2109.75 
 0.00 , 2999.28 , 2062.25 
 0.00 , 2818.67 , 1934.25 
2591.50 , 2684.56 , 4255.38 
 0.00 , 2723.76 , 1867.19 
 0.00 , 2701.80 , 1851.70 
 0.00 , 2706.15 , 1854.76 
 0.00 , 2778.10 , 1905.57 
 0.00 , 2659.70 , 1822.01 
 0.00 , 2399.32 , 1639.00 
 0.00 , 2368.72 , 1617.56 
 0.00 , 2400.91 , 1640.11 
 0.00 , 2386.66 , 1630.12 
 0.00 ,  0.00 ,  0.00 
 0.00 ,  0.00 ,  0.00 
 0.00 , 382.49 , 255.69 
 0.00 , 1492.73 , 1009.77 
 0.00 , 1582.37 , 1071.44 
 0.00 , 1708.03 , 1158.09 
 0.00 , 1822.92 , 1237.52 
 0.00 , 1875.73 , 1274.10 
2720.90 , 6235.51 , 7010.44 
 0.00 , 3642.38 , 2522.14 
 0.00 , 3172.48 , 2185.47 
 0.00 , 2273.72 , 1551.09 
 0.00 , 1530.56 , 1035.78 
 0.00 , 1349.74 , 911.64 
 0.00 , 1259.17 , 849.64 
 0.00 , 955.34 , 642.54 
 0.00 , 564.78 , 378.28 
 0.00 , 938.58 , 631.15 
 0.00 , 1971.77 , 1340.71 
 0.00 , 2069.22 , 1408.46 
 0.00 , 1919.58 , 1304.49 
2646.94 , 1929.18 , 3775.80 
 0.00 , 1997.98 , 1358.92 
 0.00 , 2063.12 , 1404.21 
 0.00 ,  0.00 ,  0.00 
 0.00 ,  0.00 ,  0.00 
 0.00 ,  0.00 ,  0.00 
 0.00 , 1183.94 , 798.24 
 0.00 , 1439.09 , 972.92 
 0.00 , 1577.08 , 1067.80 
 0.00 , 1702.49 , 1154.27 
 0.00 , 1763.32 , 1196.29 
 0.00 , 6282.13 , 4480.00 
 0.00 , 3533.56 , 2443.86 
 0.00 , 2980.19 , 2048.70 
 0.00 , 2511.01 , 1717.38 
 0.00 , 2127.07 , 1448.75 
2612.94 , 1495.77 , 3443.65 
 0.00 , 242.41 , 161.81 
 0.00 , 771.76 , 518.05 
 0.00 , 1415.11 , 956.47 
 0.00 , 1748.62 , 1186.13 
 0.00 , 2117.11 , 1441.80 
 0.00 , 2138.70 , 1456.85 
 0.00 , 1968.60 , 1338.52 
 0.00 , 2023.56 , 1376.70 
 0.00 , 2028.19 , 1379.92 
 0.00 , 2084.83 , 1419.33 
 0.00 ,  0.00 ,  0.00 
 0.00 ,  0.00 ,  0.00 
 0.00 ,  0.00 ,  0.00 
 0.00 , 1046.71 , 704.68 
 0.00 , 1376.93 , 930.28 
 0.00 , 1458.12 , 985.99 
 0.00 , 1579.00 , 1069.12 
2566.78 , 1687.59 , 3533.29 
 0.00 , 6282.13 , 4480.00 
 0.00 , 3352.36 , 2313.94 
 0.00 , 2342.12 , 1598.93 
 0.00 , 1911.16 , 1298.66 
 0.00 , 1142.33 , 769.84 
 0.00 , 690.90 , 463.38 
 0.00 , 766.57 , 514.54 
 0.00 , 919.88 , 618.46 
 0.00 , 869.15 , 584.03 
 0.00 , 912.41 , 613.39 
 0.00 , 1700.07 , 1152.60 
2507.69 , 1800.07 , 3556.30 
 0.00 , 1644.04 , 1113.94 
 0.00 , 1651.19 , 1118.86 
 0.00 , 1657.30 , 1123.08 
 0.00 , 1661.46 , 1125.95 
 0.00 ,  0.00 ,  0.00 
 0.00 ,  0.00 ,  0.00 
 0.00 ,  0.00 ,  0.00 
 0.00 , 17.61 , 11.72 
 0.00 , 916.02 , 615.84 
 0.00 , 1016.28 , 683.97 
 0.00 , 1084.94 , 730.71 
 0.00 , 1141.31 , 769.14 
 0.00 , 6282.13 , 4480.00 
 0.00 , 2658.46 , 1821.14 
 0.00 , 2452.41 , 1676.22 
2652.56 , 2175.04 , 3952.89 
 0.00 , 1973.70 , 1342.06 
 0.00 , 1799.56 , 1221.35 
 0.00 , 1679.07 , 1138.10 
 0.00 , 1688.17 , 1144.38 
 0.00 , 1841.74 , 1250.55 
 0.00 , 1856.56 , 1260.81 
 0.00 , 1949.72 , 1325.41 
 0.00 , 1881.22 , 1277.90 
 0.00 , 1662.14 , 1126.42 
 0.00 , 1637.10 , 1109.15 
 0.00 , 1672.89 , 1133.83 
 0.00 , 1661.95 , 1126.28 
2543.40 ,  0.00 , 2365.36 
 0.00 ,  0.00 ,  0.00 
 0.00 ,  0.00 ,  0.00 
 0.00 , 83.28 , 55.50 
 0.00 , 1001.31 , 673.79 
 0.00 , 1086.87 , 732.03 
 0.00 , 1208.80 , 815.22 
 0.00 , 1322.02 , 892.65 
 0.00 , 6282.13 , 4480.00 
 0.00 , 3082.65 , 2121.50 
 0.00 , 2884.20 , 1980.63 
 0.00 , 2681.26 , 1837.21 
 0.00 , 2509.61 , 1716.39 
 0.00 , 2360.13 , 1611.54 
 0.00 , 2208.23 , 1505.34 
 0.00 , 2219.39 , 1513.13 
2512.31 , 2244.36 , 3870.86 
 0.00 , 2297.98 , 1568.04 
 0.00 , 2392.49 , 1634.21 
 0.00 , 2343.38 , 1599.81 
 0.00 , 2088.06 , 1421.58 
 0.00 , 2062.17 , 1403.56 
 0.00 , 2098.37 , 1428.75 
 0.00 , 2086.86 , 1420.74 
 0.00 ,  0.00 ,  0.00 
